시각,경과초,시각ms,IMU시각ms,위험,GPS유효,위도,경도,속도,방향,GPS원시속도,GPS원시방향유효,GPS원시방향,가속도,자이로,자력계,송신,GPS위성,GPS_HDOP,원시위도,원시경도,GPS채택,GPS이상치거부,GPS품질거부,GPS재기준,RSSI원시,RSSI평활,RSSI샘플,RSSI경과ms,차량수신
18:14:29,0.094,1643401,1643401,0,1,37.496498,126.957878,0.058,356.8,0.005,1,356.3,"5.578,4.946,4.879","0.092,-3.595,-1.015","-42.300,48.000,14.250",16104,7,1.22,37.496498,126.957875,3177,0,1,0,-61,-61.9,29591,74,14639
18:14:29,0.094,1643428,1643428,0,1,37.496498,126.957878,0.058,356.8,0.005,1,356.3,"5.473,5.205,6.393","-2.786,2.672,-1.863","-40.800,50.250,16.350",16105,7,1.22,37.496498,126.957875,3177,0,1,0,-61,-61.9,29591,101,14639
18:14:29,0.094,1643450,1643450,0,1,37.496498,126.957878,0.058,356.8,0.005,1,356.3,"5.890,5.272,6.321","-5.916,-6.221,1.656","-40.200,50.100,14.400",16105,7,1.22,37.496498,126.957875,3177,0,1,0,-63,-62.3,29593,18,14640
18:14:29,0.094,1643472,1643472,0,1,37.496498,126.957878,0.058,356.8,0.005,1,356.3,"5.832,5.234,6.005","-5.298,-2.962,-0.618","-41.550,49.950,11.700",16105,7,1.22,37.496498,126.957875,3177,0,1,0,-63,-62.3,29593,40,14640
18:14:29,0.178,1643494,1643494,0,1,37.496498,126.957878,0.058,356.8,0.005,1,356.3,"5.358,5.186,5.320","-3.061,-7.664,-0.802","-42.750,49.200,13.800",16105,7,1.22,37.496498,126.957875,3177,0,1,0,-63,-62.3,29593,62,14640
18:14:29,0.210,1643527,1643527,0,1,37.496498,126.957878,0.058,356.8,0.005,1,356.3,"5.636,5.377,6.053","-3.748,-2.618,-1.122","-42.450,49.350,13.650",16106,7,1.22,37.496498,126.957875,3177,0,1,0,-63,-62.3,29593,95,14640
18:14:29,0.210,1643549,1643549,0,1,37.496498,126.957878,0.058,356.8,0.005,1,356.3,"5.626,5.215,5.684","-1.565,0.260,-1.420","-41.400,50.100,13.950",16106,7,1.22,37.496498,126.957875,3177,0,1,0,-63,-62.5,29595,14,14641
18:14:29,0.210,1643571,1643571,0,1,37.496498,126.957878,0.058,356.8,0.005,1,356.3,"5.669,5.195,5.713","-2.397,-0.359,1.344","-41.400,49.650,14.700",16106,7,1.22,37.496498,126.957875,3177,0,1,0,-63,-62.5,29595,36,14641
18:14:29,0.298,1643593,1643593,0,1,37.496498,126.957878,0.058,356.8,0.005,1,356.3,"5.578,4.985,5.607","-0.160,0.076,-1.855","-39.900,48.600,14.700",16106,7,1.22,37.496498,126.957875,3177,0,1,0,-63,-62.5,29595,58,14641
18:14:30,0.329,1643627,1643615,0,1,37.496498,126.957878,0.058,356.8,0.005,1,356.3,"5.622,5.119,6.029","2.252,-1.969,-1.130","-40.650,47.400,14.700",16107,7,1.22,37.496498,126.957875,3177,0,1,0,-63,-62.6,29596,6,14641
18:14:30,0.329,1643636,1643636,0,1,37.496498,126.957878,0.058,356.8,0.005,1,356.3,"5.526,5.037,5.425","2.748,-0.366,-1.634","-40.650,50.100,14.250",16107,7,1.22,37.496498,126.957875,3177,0,1,0,-63,-62.6,29596,15,14641
18:14:30,0.329,1643658,1643658,0,1,37.496498,126.957878,0.058,356.8,0.005,1,356.3,"5.636,5.157,5.722","1.702,2.191,0.061","-42.450,48.150,15.450",16107,7,1.22,37.496498,126.957875,3177,0,1,0,-63,-62.7,29597,12,14642
18:14:30,0.329,1643680,1643680,0,1,37.496498,126.957878,0.058,356.8,0.057,1,356.3,"5.617,5.253,5.942","-2.053,-1.893,3.504","-41.250,48.300,13.800",16107,7,1.22,37.496500,126.957878,3178,0,1,0,-63,-62.7,29597,34,14642
18:14:30,0.415,1643702,1643702,0,1,37.496498,126.957878,0.058,356.8,0.057,1,356.3,"5.631,5.042,5.885","-2.908,-1.527,0.756","-40.050,49.950,14.550",16107,7,1.22,37.496500,126.957878,3178,0,1,0,-63,-62.7,29597,56,14642
18:14:30,0.537,1643737,1643737,0,1,37.496498,126.957878,0.058,356.8,0.057,1,356.3,"5.722,5.200,5.962","-3.595,-0.534,-3.328","-41.400,48.150,13.950",16108,7,1.22,37.496500,126.957878,3178,0,1,0,-63,-62.8,29598,7,14642
18:14:30,0.573,1643781,1643781,0,1,37.496498,126.957878,0.057,356.8,0.057,1,356.3,"5.866,4.990,5.382","-0.481,-0.634,0.260","-41.550,49.500,14.850",16108,7,1.22,37.496500,126.957878,3179,0,1,0,-63,-62.8,29599,44,14643
18:14:30,0.573,1643803,1643803,0,1,37.496498,126.957878,0.057,356.8,0.057,1,356.3,"5.756,4.899,5.468","-1.649,0.366,0.198","-40.650,49.350,13.650",16108,7,1.22,37.496500,126.957878,3179,0,1,0,-63,-62.8,29599,66,14643
18:14:30,0.573,1643838,1643838,0,1,37.496498,126.957878,0.057,356.8,0.057,1,356.3,"5.875,4.879,5.555","0.763,-0.534,-1.344","-42.000,48.000,13.500",16109,7,1.22,37.496500,126.957878,3179,0,1,0,-63,-62.8,29600,15,14643
18:14:30,0.573,1643860,1643860,0,1,37.496498,126.957878,0.057,356.8,0.057,1,356.3,"5.612,5.133,5.502","-1.069,-0.649,-0.160","-39.300,49.500,15.600",16109,7,1.22,37.496500,126.957878,3179,0,1,0,-64,-63.1,29601,21,14644
18:14:30,0.627,1643882,1643882,0,1,37.496498,126.957878,0.057,356.8,0.057,1,356.3,"5.622,5.171,6.000","-1.550,-1.511,-0.588","-42.750,49.200,14.250",16109,7,1.22,37.496500,126.957878,3179,0,1,0,-64,-63.1,29601,43,14644
18:14:30,0.781,1643961,1643961,0,1,37.496498,126.957878,0.057,356.8,0.057,1,356.3,"5.679,5.148,6.053","-1.344,-2.855,0.992","-41.550,49.500,14.550",16110,7,1.22,37.496500,126.957878,3179,0,1,0,-63,-63.0,29603,22,14645
18:14:30,0.831,1643983,1643983,0,1,37.496498,126.957878,0.057,356.8,0.057,1,356.3,"5.693,5.262,6.086","1.038,-1.397,-1.206","-42.150,49.650,13.950",16110,7,1.22,37.496500,126.957878,3179,0,1,0,-63,-63.0,29603,44,14645
18:14:30,0.832,1644005,1644005,0,1,37.496498,126.957878,0.057,356.8,0.057,1,356.3,"5.717,5.234,5.794","-2.214,1.519,-2.832","-40.050,48.000,14.250",16110,7,1.22,37.496500,126.957878,3179,0,1,0,-63,-63.0,29603,66,14645
18:14:30,0.832,1644040,1644040,0,1,37.496498,126.957878,0.057,356.8,0.057,1,356.3,"5.488,5.315,6.048","-1.176,-2.160,-0.031","-44.400,48.600,13.650",16111,7,1.22,37.496500,126.957878,3179,0,1,0,-64,-63.4,29605,2,14646
18:14:30,0.832,1644061,1644061,0,1,37.496498,126.957878,0.057,356.8,0.057,1,356.3,"5.727,5.042,5.885","-3.176,-3.153,1.985","-41.550,49.200,12.300",16111,7,1.22,37.496500,126.957878,3179,0,1,0,-64,-63.4,29605,23,14646
18:14:30,0.832,1644083,1644083,0,1,37.496498,126.957878,0.057,356.8,0.057,1,356.3,"5.679,5.066,5.765","-1.954,0.031,0.763","-41.400,48.150,13.200",16111,7,1.22,37.496500,126.957878,3179,0,1,0,-64,-63.4,29605,45,14646
18:14:30,0.832,1644105,1644105,0,1,37.496498,126.957878,0.057,356.8,0.057,1,356.3,"5.531,4.980,5.598","1.588,0.908,0.534","-43.050,48.750,15.300",16111,7,1.22,37.496500,126.957878,3179,0,1,0,-64,-63.4,29605,67,14646
18:14:30,0.939,1644140,1644140,0,1,37.496498,126.957878,0.057,356.8,0.057,1,356.3,"5.660,5.138,5.636","-2.084,1.008,-0.725","-41.550,49.500,12.750",16112,7,1.22,37.496500,126.957878,3179,0,1,0,-64,-63.5,29606,8,14646
18:14:30,0.980,1644184,1644184,0,1,37.496498,126.957878,0.057,356.8,0.057,1,356.3,"5.717,4.932,5.473","-0.466,1.550,-0.496","-40.500,49.500,15.300",16112,7,1.22,37.496500,126.957878,3179,0,1,0,-63,-63.4,29607,44,14647
18:14:30,0.980,1644261,1644261,0,1,37.496498,126.957878,0.057,356.8,0.057,1,356.3,"5.631,5.037,5.842","3.412,-0.038,-0.824","-42.150,49.350,14.400",16113,7,1.22,37.496500,126.957878,3179,0,1,0,-64,-63.5,29608,31,14647
18:14:30,1.072,1644283,1644283,0,1,37.496498,126.957878,0.057,356.8,0.057,1,356.3,"5.617,5.090,5.794","1.069,-2.366,-0.344","-41.250,47.550,15.300",16113,7,1.22,37.496500,126.957878,3179,0,1,0,-64,-63.5,29608,53,14647
18:14:30,1.108,1644305,1644305,0,1,37.496498,126.957878,0.057,356.8,0.057,1,356.3,"5.617,5.215,5.928","-0.908,-1.038,-0.214","-40.950,49.350,14.400",16113,7,1.22,37.496500,126.957878,3179,0,1,0,-64,-63.5,29608,75,14647
18:14:30,1.108,1644347,1644347,0,1,37.496498,126.957878,0.057,356.8,0.057,1,356.3,"5.646,5.114,5.818","-0.878,0.443,0.786","-42.300,49.500,15.600",16114,7,1.22,37.496500,126.957878,3179,0,1,0,-64,-63.6,29609,5,14647
18:14:30,1.108,1644369,1644369,0,1,37.496498,126.957878,0.057,356.8,0.057,1,356.3,"5.583,5.205,5.741","-0.168,-2.824,1.672","-41.700,49.350,14.400",16114,7,1.22,37.496500,126.957878,3179,0,1,0,-64,-63.7,29610,20,14648
18:14:30,1.108,1644391,1644391,0,1,37.496498,126.957878,0.057,356.8,0.057,1,356.3,"5.598,5.157,5.827","1.962,0.794,-0.405","-40.200,49.350,12.900",16114,7,1.22,37.496500,126.957878,3179,0,1,0,-64,-63.7,29610,42,14648
18:14:30,1.108,1644446,1644446,0,1,37.496498,126.957878,0.057,356.8,0.057,1,356.3,"5.569,5.076,5.703","0.908,-1.450,1.924","-40.200,50.850,13.200",16115,7,1.22,37.496500,126.957878,3179,0,1,0,-64,-63.8,29612,1,14649
18:14:31,1.355,1644468,1644468,0,1,37.496498,126.957878,0.057,356.8,0.057,1,356.3,"5.598,5.047,5.535","-0.679,0.557,-1.366","-41.700,49.650,15.450",16115,7,1.22,37.496500,126.957878,3179,0,1,0,-64,-63.8,29612,23,14649
18:14:31,1.465,1644598,1644598,0,1,37.496498,126.957878,0.057,356.8,0.057,1,356.3,"5.770,5.004,5.760","-4.351,-0.298,-1.573","-43.650,51.300,12.150",16116,7,1.22,37.496500,126.957878,3179,0,1,0,-64,-63.7,29614,48,14650
18:14:31,1.465,1644620,1644620,0,1,37.496498,126.957878,0.057,356.8,0.057,1,356.3,"5.617,5.157,5.732","-0.351,-1.290,-1.344","-41.400,49.350,13.200",16116,7,1.22,37.496500,126.957878,3179,0,1,0,-64,-63.7,29614,70,14650
18:14:31,1.465,1644655,1644655,0,1,37.496498,126.957878,0.057,356.8,0.057,1,356.3,"5.727,5.052,5.713","-0.076,-0.908,1.290","-40.800,50.700,14.550",16117,7,1.22,37.496500,126.957878,3179,0,1,0,-62,-63.1,29616,2,14651
18:14:31,1.580,1644699,1644699,0,1,37.496502,126.957878,0.057,356.8,0.057,1,356.3,"5.521,5.104,5.722","-0.366,-1.618,-2.015","-42.300,49.500,14.550",16117,7,1.22,37.496502,126.957881,3180,0,1,0,-62,-63.1,29616,46,14651
18:14:31,1.627,1644721,1644721,0,1,37.496502,126.957878,0.057,356.8,0.057,1,356.3,"5.583,5.004,5.827","-3.328,-0.656,0.191","-42.150,50.400,13.950",16117,7,1.22,37.496502,126.957881,3180,0,1,0,-62,-63.1,29616,68,14651
18:14:31,1.628,1644778,1644778,0,1,37.496502,126.957878,0.057,356.8,0.057,1,356.3,"5.578,5.100,5.861","-2.344,1.076,-1.626","-40.650,50.400,14.700",16118,7,1.22,37.496502,126.957881,3180,0,1,0,-61,-62.5,29618,26,14652
18:14:31,1.628,1644901,1644901,0,1,37.496502,126.957878,0.057,356.8,0.057,1,356.3,"5.602,5.057,5.794","1.756,-1.573,0.916","-42.300,49.500,14.550",16119,7,1.22,37.496502,126.957881,3181,0,1,0,-64,-63.0,29620,47,14653
18:14:31,1.628,1644923,1644923,0,1,37.496502,126.957878,0.057,356.8,0.057,1,356.3,"5.540,5.028,5.741","0.931,-2.565,2.573","-40.950,48.900,15.450",16119,7,1.22,37.496502,126.957881,3181,0,1,0,-64,-63.0,29620,69,14653
18:14:31,1.723,1644958,1644958,0,1,37.496502,126.957878,0.057,356.8,0.057,1,356.3,"5.511,5.143,5.708","0.000,0.008,-0.298","-42.300,50.250,14.250",16120,7,1.22,37.496502,126.957881,3181,0,1,0,-61,-62.6,29621,11,14653
18:14:31,1.759,1644980,1644980,0,1,37.496502,126.957878,0.057,356.8,0.057,1,356.3,"5.679,4.956,5.612","-2.237,-0.817,0.092","-42.150,49.350,14.700",16120,7,1.22,37.496502,126.957881,3181,0,1,0,-62,-62.5,29622,21,14654
18:14:31,1.759,1645002,1645002,0,1,37.496502,126.957878,0.057,356.8,0.057,1,356.3,"5.665,5.052,5.559","-1.183,-1.962,-2.221","-40.650,48.900,13.950",16120,7,1.22,37.496502,126.957881,3181,0,1,0,-62,-62.5,29622,43,14654
18:14:31,1.759,1645024,1645024,0,1,37.496502,126.957878,0.057,356.8,0.057,1,356.3,"5.583,5.013,5.880","-2.489,-1.221,-1.992","-40.650,48.900,12.900",16120,7,1.22,37.496502,126.957881,3181,0,1,0,-62,-62.5,29622,65,14654
18:14:31,1.760,1645059,1645059,0,1,37.496502,126.957878,0.057,356.8,0.057,1,356.3,"5.713,4.961,5.502","-0.389,-0.863,-0.634","-40.500,49.200,13.500",16121,7,1.22,37.496502,126.957881,3181,0,1,0,-60,-61.6,29624,1,14655
18:14:31,1.760,1645081,1645081,0,1,37.496502,126.957878,0.057,356.8,0.057,1,356.3,"5.593,5.080,5.717","1.298,-3.527,-0.504","-40.950,48.900,15.900",16121,7,1.22,37.496502,126.957881,3181,0,1,0,-60,-61.6,29624,23,14655
18:14:31,1.760,1645103,1645103,0,1,37.496502,126.957878,0.057,356.8,0.057,1,356.3,"5.612,5.114,5.737","0.099,-0.198,-0.076","-40.950,48.900,14.700",16121,7,1.22,37.496502,126.957881,3181,0,1,0,-60,-61.6,29624,45,14655
18:14:31,1.847,1645125,1645125,0,1,37.496502,126.957878,0.057,356.8,0.057,1,356.3,"5.478,5.157,5.784","-2.153,-1.397,-0.977","-41.550,50.250,13.500",16121,7,1.22,37.496502,126.957881,3181,0,1,0,-60,-61.6,29624,67,14655
18:14:31,1.878,1645182,1645182,0,1,37.496502,126.957878,0.057,356.8,0.057,1,356.3,"5.650,5.205,5.756","-0.786,-0.145,0.435","-40.800,50.700,13.800",16122,7,1.22,37.496502,126.957881,3181,0,1,0,-61,-61.4,29626,24,14656
18:14:31,1.879,1645204,1645204,0,1,37.496502,126.957878,0.057,356.8,0.057,1,356.3,"5.612,5.186,5.813","-1.802,-0.855,-0.359","-41.700,50.850,11.850",16122,7,1.22,37.496502,126.957881,3181,0,1,0,-61,-61.4,29626,46,14656
18:14:31,1.879,1645226,1645226,0,1,37.496502,126.957878,0.057,356.8,0.057,1,356.3,"5.698,5.052,5.646","-3.405,1.817,-0.672","-40.050,48.750,14.850",16122,7,1.22,37.496502,126.957881,3181,0,1,0,-61,-61.4,29626,68,14656
18:14:31,1.879,1645259,1645259,0,1,37.496502,126.957878,0.057,356.8,0.057,1,356.3,"5.555,5.267,5.909","0.405,1.092,2.275","-42.000,48.750,12.750",16123,7,1.22,37.496502,126.957881,3181,0,1,0,-63,-61.7,29627,11,14656
18:14:31,1.965,1645281,1645281,0,1,37.496502,126.957878,0.057,356.8,0.057,1,356.3,"5.593,5.219,5.818","-1.214,0.046,-1.260","-41.250,49.500,14.250",16123,7,1.22,37.496502,126.957881,3181,0,1,0,-63,-62.0,29628,17,14657
18:14:31,1.997,1645303,1645303,0,1,37.496502,126.957878,0.057,356.8,0.057,1,356.3,"5.507,5.152,5.837","-0.328,-1.115,-1.031","-41.550,49.200,14.850",16123,7,1.22,37.496502,126.957881,3181,0,1,0,-63,-62.0,29628,39,14657
18:14:31,1.998,1645359,1645347,0,1,37.496502,126.957878,0.057,356.8,0.057,1,356.3,"5.564,5.138,5.669","-1.649,-4.061,-3.198","-39.900,47.400,14.700",16124,7,1.22,37.496502,126.957881,3181,0,1,0,-63,-62.0,29628,95,14657
18:14:31,2.089,1645367,1645367,0,1,37.496502,126.957878,0.057,356.8,0.057,1,356.3,"5.531,5.138,5.708","0.718,-0.863,0.969","-40.950,49.350,14.700",16124,7,1.22,37.496502,126.957881,3181,0,1,0,-63,-62.0,29628,103,14657
18:14:31,2.126,1645389,1645389,0,1,37.496502,126.957878,0.057,356.8,0.057,1,356.3,"5.483,5.171,5.765","-0.290,-0.969,0.885","-41.550,48.000,15.600",16124,7,1.22,37.496502,126.957881,3181,0,1,0,-64,-62.7,29630,19,14658
18:14:31,2.213,1645466,1645466,0,1,37.496502,126.957878,0.057,356.8,0.057,1,356.3,"5.569,5.195,5.799","-0.756,-1.679,1.290","-42.000,48.750,13.050",16125,7,1.22,37.496502,126.957881,3181,0,1,0,-64,-63.0,29631,5,14658
18:14:31,2.244,1645488,1645488,0,1,37.496502,126.957878,0.057,356.8,0.057,1,356.3,"5.698,4.999,5.784","-2.076,-0.489,1.588","-40.800,50.700,14.550",16125,7,1.22,37.496502,126.957881,3181,0,1,0,-64,-63.2,29632,20,14659
18:14:31,2.245,1645510,1645510,0,1,37.496502,126.957878,0.057,356.8,0.057,1,356.3,"5.631,5.071,5.674","-0.191,2.878,0.053","-40.800,48.750,14.550",16125,7,1.22,37.496502,126.957881,3181,0,1,0,-64,-63.2,29632,42,14659
18:14:31,2.245,1645566,1645554,0,1,37.496502,126.957878,0.057,356.8,0.057,1,356.3,"5.593,5.282,5.722","-0.420,-3.305,-1.023","-40.950,47.400,13.950",16126,7,1.22,37.496502,126.957881,3181,0,1,0,-65,-63.5,29633,3,14659
18:14:31,2.245,1645574,1645574,0,1,37.496502,126.957878,0.057,356.8,0.057,1,356.3,"5.564,5.167,5.617","-0.542,0.305,1.160","-40.950,50.100,14.400",16126,7,1.22,37.496502,126.957881,3181,0,1,0,-65,-63.8,29634,4,14660
18:14:32,2.330,1645596,1645596,0,1,37.496502,126.957878,0.057,356.8,0.057,1,356.3,"5.559,5.167,5.703","-1.443,-2.244,-0.130","-41.550,49.200,15.300",16126,7,1.22,37.496502,126.957881,3181,0,1,0,-65,-63.8,29634,26,14660
18:14:32,2.362,1645618,1645618,0,1,37.496502,126.957878,0.057,356.8,0.057,1,356.3,"5.478,5.071,5.727","-1.573,-0.702,-0.511","-42.300,48.000,13.500",16126,7,1.22,37.496502,126.957881,3181,0,1,0,-65,-63.8,29634,48,14660
18:14:32,2.362,1645675,1645675,0,1,37.496502,126.957878,0.050,356.8,0.036,1,356.3,"5.646,5.210,5.928","-2.374,1.344,-0.061","-40.800,49.950,14.250",16127,7,1.22,37.496502,126.957885,3182,0,1,0,-64,-63.9,29636,5,14661
18:14:32,2.363,1645697,1645697,0,1,37.496502,126.957878,0.050,356.8,0.036,1,356.3,"5.689,5.138,5.866","1.336,-3.260,1.588","-40.800,48.750,15.300",16127,7,1.22,37.496502,126.957885,3182,0,1,0,-64,-63.9,29636,27,14661
18:14:32,2.448,1645719,1645719,0,1,37.496502,126.957878,0.050,356.8,0.036,1,356.3,"5.636,5.090,5.775","0.244,-2.260,-0.038","-43.050,49.500,14.250",16127,7,1.22,37.496502,126.957885,3182,0,1,0,-64,-63.9,29636,49,14661
18:14:32,2.572,1645741,1645741,0,1,37.496502,126.957878,0.050,356.8,0.036,1,356.3,"5.679,5.037,5.756","3.336,-3.061,1.901","-42.150,49.650,16.200",16127,7,1.22,37.496502,126.957885,3182,0,1,0,-64,-63.9,29636,71,14661
18:14:32,2.609,1645820,1645820,0,1,37.496502,126.957886,0.045,356.8,0.036,1,356.3,"5.464,5.143,5.780","-3.229,-2.427,-2.160","-40.050,49.950,14.850",16128,7,1.22,37.496502,126.957885,3183,0,1,0,-64,-63.9,29638,48,14662
18:14:32,2.609,1645842,1645842,0,1,37.496502,126.957886,0.045,356.8,0.036,1,356.3,"5.650,5.195,5.765","-3.000,-3.427,-0.168","-40.650,48.600,14.700",16128,7,1.22,37.496502,126.957885,3183,0,1,0,-64,-63.9,29638,70,14662
18:14:32,2.609,1645877,1645877,0,1,37.496502,126.957886,0.045,356.8,0.036,1,356.3,"5.583,5.224,5.775","1.695,-3.107,1.076","-41.550,49.500,14.850",16129,7,1.22,37.496502,126.957885,3183,0,1,0,-64,-64.0,29640,3,14663
18:14:32,2.714,1645899,1645899,0,1,37.496502,126.957886,0.045,356.8,0.036,1,356.3,"5.602,5.124,5.789","-0.130,-1.893,-1.221","-40.950,50.850,14.700",16129,7,1.22,37.496502,126.957885,3183,0,1,0,-64,-64.0,29640,25,14663
18:14:32,2.750,1645921,1645921,0,1,37.496502,126.957886,0.045,356.8,0.036,1,356.3,"5.674,5.195,5.885","0.489,-1.405,-2.557","-41.700,48.600,14.700",16129,7,1.22,37.496502,126.957885,3183,0,1,0,-64,-64.0,29640,47,14663
18:14:32,2.750,1645943,1645943,0,1,37.496502,126.957886,0.045,356.8,0.036,1,356.3,"5.622,5.138,5.646","-0.748,-3.931,-0.420","-42.300,48.750,14.550",16129,7,1.22,37.496502,126.957885,3183,0,1,0,-64,-64.0,29640,69,14663
18:14:32,2.750,1645978,1645978,0,1,37.496502,126.957886,0.045,356.8,0.036,1,356.3,"5.598,5.042,5.832","0.344,-2.863,0.466","-40.950,49.650,13.950",16130,7,1.22,37.496502,126.957885,3183,0,1,0,-65,-64.3,29642,5,14664
18:14:32,2.750,1646000,1646000,0,1,37.496502,126.957886,0.045,356.8,0.036,1,356.3,"5.674,5.148,5.808","-1.351,3.053,-0.466","-42.750,48.300,13.500",16130,7,1.22,37.496502,126.957885,3183,0,1,0,-65,-64.3,29642,27,14664
18:14:32,2.750,1646022,1646022,0,1,37.496502,126.957886,0.045,356.8,0.036,1,356.3,"5.722,5.152,5.890","-1.443,-0.489,0.359","-42.300,49.500,15.600",16130,7,1.22,37.496502,126.957885,3183,0,1,0,-65,-64.3,29642,49,14664
18:14:32,2.750,1646044,1646044,0,1,37.496502,126.957886,0.045,356.8,0.036,1,356.3,"5.641,5.200,5.722","-1.855,-0.908,1.252","-41.250,49.500,13.800",16130,7,1.22,37.496502,126.957885,3183,0,1,0,-65,-64.3,29642,71,14664
18:14:32,2.751,1646079,1646079,0,1,37.496502,126.957886,0.045,356.8,0.036,1,356.3,"5.612,5.195,5.808","-0.595,3.771,-1.145","-40.800,50.250,14.550",16131,7,1.22,37.496502,126.957885,3183,0,1,0,-64,-64.2,29644,4,14665
18:14:32,2.751,1646101,1646101,0,1,37.496502,126.957886,0.045,356.8,0.036,1,356.3,"5.578,5.138,5.622","3.748,3.053,-0.496","-42.000,48.900,14.400",16131,7,1.22,37.496502,126.957885,3183,0,1,0,-64,-64.2,29644,26,14665
18:14:32,2.751,1646123,1646123,0,1,37.496502,126.957886,0.045,356.8,0.036,1,356.3,"5.468,5.066,5.655","1.489,1.641,0.969","-41.250,47.550,14.250",16131,7,1.22,37.496502,126.957885,3183,0,1,0,-64,-64.2,29644,48,14665
18:14:32,2.847,1646145,1646145,0,1,37.496502,126.957886,0.045,356.8,0.036,1,356.3,"5.569,5.205,5.952","5.359,-1.153,0.504","-40.950,48.900,14.400",16131,7,1.22,37.496502,126.957885,3183,0,1,0,-64,-64.2,29644,70,14665
18:14:32,2.883,1646179,1646179,0,1,37.496502,126.957886,0.045,356.8,0.036,1,356.3,"5.602,5.128,6.110","-1.534,-1.908,1.893","-41.400,49.650,14.400",16132,7,1.22,37.496502,126.957885,3183,0,1,0,-64,-64.1,29646,1,14666
18:14:32,2.883,1646201,1646201,0,1,37.496502,126.957886,0.045,356.8,0.036,1,356.3,"5.655,5.124,5.918","-1.420,-6.679,2.328","-41.400,49.350,14.700",16132,7,1.22,37.496502,126.957885,3183,0,1,0,-64,-64.1,29646,23,14666
18:14:32,2.883,1646223,1646223,0,1,37.496502,126.957886,0.045,356.8,0.036,1,356.3,"5.660,5.028,5.799","-4.069,-5.313,-0.519","-40.950,49.350,14.400",16132,7,1.22,37.496502,126.957885,3183,0,1,0,-64,-64.1,29646,45,14666
18:14:32,2.978,1646245,1646245,0,1,37.496502,126.957886,0.045,356.8,0.036,1,356.3,"5.756,4.999,5.727","-5.641,-7.290,1.015","-42.300,47.550,13.800",16132,7,1.22,37.496502,126.957885,3183,0,1,0,-64,-64.1,29646,67,14666
18:14:32,3.014,1646278,1646278,0,1,37.496502,126.957886,0.045,356.8,0.036,1,356.3,"5.703,4.961,5.550","-5.366,-6.244,-0.870","-41.700,49.650,15.150",16133,7,1.22,37.496502,126.957885,3183,0,1,0,-65,-64.3,29647,9,14666
18:14:32,3.106,1646322,1646322,0,1,37.496502,126.957886,0.045,356.8,0.036,1,356.3,"5.578,5.282,5.641","0.466,4.336,-1.305","-41.250,48.000,14.550",16133,7,1.22,37.496502,126.957885,3183,0,1,0,-64,-64.2,29648,39,14667
18:14:32,3.142,1646344,1646344,0,1,37.496502,126.957886,0.045,356.8,0.036,1,356.3,"5.713,5.176,5.607","2.672,0.336,-0.740","-41.550,50.250,14.850",16133,7,1.22,37.496502,126.957885,3183,0,1,0,-64,-64.2,29648,61,14667
18:14:32,3.142,1646378,1646366,0,1,37.496502,126.957886,0.045,356.8,0.036,1,356.3,"5.703,5.248,5.607","2.626,0.214,0.611","-40.500,49.950,15.600",16134,7,1.22,37.496502,126.957885,3183,0,1,0,-63,-64.0,29649,2,14667
18:14:32,3.142,1646386,1646386,0,1,37.496502,126.957886,0.045,356.8,0.036,1,356.3,"5.564,5.042,5.665","2.763,4.870,0.092","-42.150,49.350,13.950",16134,7,1.22,37.496502,126.957885,3183,0,1,0,-64,-64.0,29650,4,14668
18:14:32,3.142,1646408,1646408,0,1,37.496502,126.957886,0.045,356.8,0.036,1,356.3,"5.344,5.219,5.665","3.840,3.092,-0.015","-40.950,50.400,13.950",16134,7,1.22,37.496502,126.957885,3183,0,1,0,-64,-64.0,29650,26,14668
18:14:32,3.143,1646430,1646430,0,1,37.496502,126.957886,0.045,356.8,0.036,1,356.3,"5.449,5.224,5.990","3.939,5.115,-0.550","-40.050,49.200,14.250",16134,7,1.22,37.496502,126.957885,3183,0,1,0,-64,-64.0,29650,48,14668
18:14:32,3.143,1646452,1646452,0,1,37.496502,126.957886,0.045,356.8,0.036,1,356.3,"5.368,5.306,5.942","2.260,3.656,-0.107","-39.300,49.950,14.850",16134,7,1.22,37.496502,126.957885,3183,0,1,0,-64,-64.0,29650,70,14668
18:14:32,3.143,1646485,1646485,0,1,37.496502,126.957886,0.045,356.8,0.036,1,356.3,"5.488,5.234,5.866","5.656,2.962,-0.611","-41.250,48.750,15.300",16135,7,1.22,37.496502,126.957885,3183,0,1,0,-64,-64.0,29652,1,14669
18:14:32,3.229,1646507,1646507,0,1,37.496502,126.957886,0.045,356.8,0.036,1,356.3,"5.488,5.377,5.957","3.466,-0.023,3.267","-40.950,50.400,13.950",16135,7,1.22,37.496502,126.957885,3183,0,1,0,-64,-64.0,29652,23,14669
18:14:32,3.260,1646529,1646529,0,1,37.496502,126.957886,0.045,356.8,0.036,1,356.3,"5.464,5.449,6.014","5.275,1.534,3.351","-39.900,50.100,14.700",16135,7,1.22,37.496502,126.957885,3183,0,1,0,-64,-64.0,29652,45,14669
18:14:32,3.260,1646551,1646551,0,1,37.496502,126.957886,0.045,356.8,0.036,1,356.3,"5.430,5.358,6.258","2.985,-0.573,2.725","-40.650,50.850,14.400",16135,7,1.22,37.496502,126.957885,3183,0,1,0,-64,-64.0,29652,67,14669
18:14:32,3.261,1646585,1646573,0,1,37.496502,126.957886,0.045,356.8,0.036,1,356.3,"5.473,5.205,6.086","-2.588,-1.366,-1.466","-41.250,50.700,14.250",16136,7,1.22,37.496502,126.957885,3183,0,1,0,-64,-64.0,29652,101,14669
18:14:32,3.261,1646593,1646593,0,1,37.496502,126.957886,0.045,356.8,0.036,1,356.3,"5.612,5.085,5.890","-5.618,-6.794,0.412","-40.200,51.600,14.400",16136,7,1.22,37.496502,126.957885,3183,0,1,0,-64,-64.0,29653,6,14669
18:14:32,3.261,1646615,1646615,0,1,37.496502,126.957886,0.045,356.8,0.036,1,356.3,"5.655,5.143,5.650","-6.053,-6.069,1.305","-40.950,49.350,15.450",16136,7,1.22,37.496502,126.957885,3183,0,1,0,-64,-64.0,29653,28,14669
18:14:32,3.261,1646637,1646637,0,1,37.496502,126.957886,0.045,356.8,0.036,1,356.3,"5.741,5.061,5.636","-2.351,-8.344,0.443","-42.300,49.950,14.850",16136,7,1.22,37.496502,126.957885,3183,0,1,0,-64,-64.0,29653,50,14669
18:14:33,3.358,1646659,1646659,0,1,37.496502,126.957886,0.045,356.8,0.036,1,356.3,"5.775,5.028,5.425","-1.794,-3.344,1.832","-41.700,50.100,14.400",16136,7,1.22,37.496502,126.957885,3183,0,1,0,-64,-64.0,29653,72,14669
18:14:33,3.407,1646694,1646694,0,1,37.496502,126.957886,0.060,356.8,0.087,1,356.3,"5.665,4.994,5.689","-0.275,-1.672,2.656","-41.700,50.850,14.700",16137,7,1.22,37.496504,126.957888,3184,0,1,0,-63,-64.0,29655,7,14670
18:14:33,3.407,1646715,1646715,0,1,37.496502,126.957886,0.060,356.8,0.087,1,356.3,"5.631,5.181,5.588","-2.069,-3.336,-1.771","-42.150,49.650,14.700",16137,7,1.22,37.496504,126.957888,3184,0,1,0,-63,-64.0,29655,28,14670
18:14:33,3.407,1646737,1646737,0,1,37.496502,126.957886,0.060,356.8,0.087,1,356.3,"5.641,4.908,5.827","-0.824,-5.794,-0.656","-41.700,49.350,15.150",16137,7,1.22,37.496504,126.957888,3184,0,1,0,-63,-64.0,29655,50,14670
18:14:33,3.505,1646759,1646759,0,1,37.496502,126.957886,0.060,356.8,0.087,1,356.3,"5.765,5.234,5.938","-4.458,-6.901,0.908","-42.000,49.500,14.850",16137,7,1.22,37.496504,126.957888,3184,0,1,0,-63,-64.0,29655,72,14670
18:14:33,3.546,1646816,1646816,0,1,37.496502,126.957886,0.069,356.8,0.087,1,356.3,"5.765,5.037,5.880","-5.191,-7.977,0.763","-41.250,49.200,13.800",16138,7,1.22,37.496504,126.957888,3185,0,1,0,-62,-63.4,29657,28,14671
18:14:33,3.631,1646838,1646838,0,1,37.496502,126.957886,0.069,356.8,0.087,1,356.3,"5.473,5.157,5.827","-6.015,-5.145,1.473","-41.250,49.500,13.800",16138,7,1.22,37.496504,126.957888,3185,0,1,0,-62,-63.4,29657,50,14671
18:14:33,3.667,1646860,1646860,0,1,37.496502,126.957886,0.069,356.8,0.087,1,356.3,"5.636,5.162,5.717","-7.038,-4.649,1.641","-41.400,50.400,12.600",16138,7,1.22,37.496504,126.957888,3185,0,1,0,-62,-63.4,29657,72,14671
18:14:33,3.667,1646895,1646895,0,1,37.496502,126.957886,0.069,356.8,0.087,1,356.3,"5.622,5.291,5.928","-0.282,-1.298,0.725","-40.950,49.350,14.400",16139,7,1.22,37.496504,126.957888,3185,0,1,0,-62,-63.1,29659,8,14672
18:14:33,3.667,1646916,1646916,0,1,37.496502,126.957886,0.069,356.8,0.087,1,356.3,"5.583,5.401,6.024","1.885,3.916,-0.206","-41.250,48.300,13.500",16139,7,1.22,37.496504,126.957888,3185,0,1,0,-62,-63.1,29659,29,14672
18:14:33,3.667,1646938,1646938,0,1,37.496502,126.957886,0.069,356.8,0.087,1,356.3,"5.947,5.693,6.340","6.947,9.412,1.763","-42.000,48.750,13.800",16139,7,1.22,37.496504,126.957888,3185,0,1,0,-62,-63.1,29659,51,14672
18:14:33,3.667,1646960,1646960,0,1,37.496502,126.957886,0.069,356.8,0.087,1,356.3,"5.875,6.230,7.403","-1.771,9.847,-4.618","-41.550,49.500,15.300",16139,7,1.22,37.496504,126.957888,3185,0,1,0,-62,-63.1,29659,73,14672
18:14:33,3.760,1647017,1647017,0,1,37.496502,126.957886,0.069,356.8,0.087,1,356.3,"7.925,6.144,13.293","0.237,34.061,-1.038","-40.200,50.100,14.700",16140,7,1.22,37.496504,126.957888,3185,0,1,0,-62,-62.7,29661,21,14673
18:14:33,3.797,1647039,1647039,0,1,37.496502,126.957886,0.069,356.8,0.087,1,356.3,"5.760,4.731,7.192","15.290,-11.786,3.290","-40.800,47.550,16.350",16140,7,1.22,37.496504,126.957888,3185,0,1,0,-62,-62.7,29661,43,14673
18:14:33,3.797,1647061,1647061,0,1,37.496502,126.957886,0.069,356.8,0.087,1,356.3,"4.831,4.367,4.017","-2.229,-2.000,7.527","-39.300,49.200,14.550",16140,7,1.22,37.496504,126.957888,3185,0,1,0,-62,-62.7,29661,65,14673
18:14:33,3.797,1647096,1647096,0,1,37.496502,126.957886,0.069,356.8,0.087,1,356.3,"4.420,4.827,6.191","2.466,2.626,5.061","-41.700,50.850,15.150",16141,7,1.22,37.496504,126.957888,3185,0,1,0,-62,-62.7,29661,100,14673
18:14:33,3.798,1647117,1647117,0,1,37.496502,126.957886,0.069,356.8,0.087,1,356.3,"4.970,4.243,5.990","-4.427,5.656,7.412","-39.150,49.350,15.450",16141,7,1.22,37.496504,126.957888,3185,0,1,0,-61,-62.2,29663,16,14674
18:14:33,3.798,1647139,1647139,0,1,37.496502,126.957886,0.069,356.8,0.087,1,356.3,"4.587,4.472,6.469","-3.870,12.542,7.000","-39.000,51.000,14.550",16141,7,1.22,37.496504,126.957888,3185,0,1,0,-61,-62.2,29663,38,14674
18:14:33,3.798,1647161,1647161,0,1,37.496502,126.957886,0.069,356.8,0.087,1,356.3,"5.186,4.697,6.761","-3.466,19.588,5.450","-40.050,49.200,14.850",16141,7,1.22,37.496504,126.957888,3185,0,1,0,-61,-62.2,29663,60,14674
18:14:33,3.883,1647194,1647194,0,1,37.496502,126.957886,0.069,356.8,0.087,1,356.3,"5.148,4.731,6.302","-5.779,28.214,-0.008","-37.650,49.350,15.450",16142,7,1.22,37.496504,126.957888,3185,0,1,0,-61,-62.0,29664,9,14674
18:14:33,3.914,1647216,1647216,0,1,37.496502,126.957886,0.069,356.8,0.087,1,356.3,"5.124,4.745,7.226","-5.863,36.473,-2.229","-39.450,47.400,15.150",16142,7,1.22,37.496504,126.957888,3185,0,1,0,-61,-61.8,29665,15,14675
18:14:33,3.914,1647238,1647238,0,1,37.496502,126.957886,0.069,356.8,0.087,1,356.3,"4.961,4.405,6.574","-5.328,46.710,-4.023","-36.450,48.900,17.250",16142,7,1.22,37.496504,126.957888,3185,0,1,0,-61,-61.8,29665,37,14675
18:14:33,3.914,1647260,1647260,0,1,37.496502,126.957886,0.069,356.8,0.087,1,356.3,"4.223,4.956,7.609","-17.023,32.611,-5.084","-36.900,47.850,14.400",16142,7,1.22,37.496504,126.957888,3185,0,1,0,-61,-61.8,29665,59,14675
18:14:33,3.914,1647294,1647282,0,1,37.496502,126.957886,0.069,356.8,0.087,1,356.3,"3.864,4.266,6.728","-12.130,33.740,-2.237","-35.550,46.800,14.550",16143,7,1.22,37.496504,126.957888,3185,0,1,0,-56,-60.6,29666,1,14675
18:14:33,3.966,1647302,1647302,0,1,37.496502,126.957886,0.069,356.8,0.087,1,356.3,"1.068,3.347,8.030","-6.458,36.832,0.664","-36.150,46.950,15.450",16143,7,1.22,37.496504,126.957888,3185,0,1,0,-56,-59.7,29667,0,14676
18:14:33,3.990,1647324,1647324,0,1,37.496502,126.957886,0.069,356.8,0.087,1,356.3,"2.907,3.998,7.039","-4.321,31.527,-5.351","-33.900,46.950,16.500",16143,7,1.22,37.496504,126.957888,3185,0,1,0,-56,-59.7,29667,22,14676
18:14:33,4.113,1647346,1647346,0,1,37.496502,126.957886,0.069,356.8,0.087,1,356.3,"2.485,3.903,7.192","-4.389,27.878,-4.847","-33.450,45.900,15.900",16143,7,1.22,37.496504,126.957888,3185,0,1,0,-56,-59.7,29667,44,14676
18:14:33,4.158,1647368,1647368,0,1,37.496502,126.957886,0.069,356.8,0.087,1,356.3,"2.337,3.539,6.397","-0.519,25.137,-0.641","-35.250,48.750,16.350",16143,7,1.22,37.496504,126.957888,3185,0,1,0,-56,-59.7,29667,66,14676
18:14:33,4.158,1647423,1647423,0,1,37.496502,126.957886,0.069,356.8,0.087,1,356.3,"2.514,3.017,5.899","-13.725,1.450,5.756","-33.750,45.600,16.800",16144,7,1.22,37.496504,126.957888,3185,0,1,0,-53,-57.3,29669,22,14677
18:14:33,4.255,1647445,1647445,0,1,37.496502,126.957886,0.069,356.8,0.087,1,356.3,"3.184,3.050,5.282","-14.832,-5.511,8.168","-33.000,46.800,18.150",16144,7,1.22,37.496504,126.957888,3185,0,1,0,-53,-57.3,29669,44,14677
18:14:33,4.291,1647467,1647467,0,1,37.496502,126.957886,0.069,356.8,0.087,1,356.3,"4.027,3.486,5.286","-9.969,-1.206,12.298","-33.150,45.450,16.200",16144,7,1.22,37.496504,126.957888,3185,0,1,0,-53,-57.3,29669,66,14677
18:14:33,4.291,1647501,1647489,0,1,37.496502,126.957886,0.069,356.8,0.087,1,356.3,"4.812,4.195,5.272","2.756,6.649,13.496","-31.500,45.600,17.100",16145,7,1.22,37.496504,126.957888,3185,0,1,0,-53,-57.3,29669,100,14677
18:14:33,4.291,1647509,1647509,0,1,37.496502,126.957886,0.069,356.8,0.087,1,356.3,"5.588,5.119,5.377","6.107,6.534,12.672","-33.150,45.900,16.500",16145,7,1.22,37.496504,126.957888,3185,0,1,0,-53,-55.9,29671,6,14678
18:14:33,4.291,1647553,1647553,0,1,37.496502,126.957886,0.069,356.8,0.087,1,356.3,"7.163,6.598,5.741","-0.725,1.679,5.069","-32.700,43.950,15.450",16145,7,1.22,37.496504,126.957888,3185,0,1,0,-53,-55.9,29671,50,14678
18:14:33,4.291,1647608,1647608,0,1,37.496502,126.957886,0.069,356.8,0.087,1,356.3,"6.402,7.015,6.009","41.679,24.183,4.092","-33.000,46.500,16.350",16146,7,1.22,37.496504,126.957888,3185,0,1,0,-53,-55.9,29671,105,14678
18:14:33,4.291,1647630,1647630,0,1,37.496502,126.957886,0.069,356.8,0.087,1,356.3,"6.187,6.977,6.120","57.527,22.023,6.664","-31.950,45.900,15.150",16146,7,1.22,37.496504,126.957888,3185,0,1,0,-53,-54.7,29673,13,14679
18:14:33,4.292,1647652,1647652,0,1,37.496502,126.957886,0.069,356.8,0.087,1,356.3,"7.025,6.871,6.268","73.985,7.939,16.061","-31.500,46.800,16.350",16146,7,1.22,37.496504,126.957888,3185,0,1,0,-53,-54.7,29673,35,14679
18:14:34,4.379,1647674,1647674,0,1,37.496506,126.957886,0.061,356.8,0.046,1,356.3,"7.695,10.300,12.498","88.344,-26.176,27.924","-30.900,48.150,16.500",16146,7,1.22,37.496506,126.957892,3186,0,1,0,-53,-54.7,29673,57,14679
18:14:34,4.410,1647708,1647696,0,1,37.496506,126.957886,0.061,356.8,0.046,1,356.3,"5.191,11.741,19.575","41.649,9.550,-0.702","-31.200,50.100,15.150",16147,7,1.22,37.496506,126.957892,3186,0,1,0,-52,-54.2,29674,9,14679
18:14:34,4.410,1647717,1647717,0,1,37.496506,126.957886,0.061,356.8,0.046,1,356.3,"19.613,19.613,19.613","71.427,2.321,96.359","-31.050,52.200,15.600",16147,7,1.22,37.496506,126.957892,3186,0,1,0,-52,-53.7,29675,8,14680
18:14:34,4.411,1647739,1647739,0,1,37.496506,126.957886,0.061,356.8,0.046,1,356.3,"-4.223,2.868,-19.613","-52.649,-34.573,5.626","-32.550,50.700,17.100",16147,7,1.22,37.496506,126.957892,3186,0,1,0,-52,-53.7,29675,30,14680
18:14:34,4.411,1647761,1647761,0,1,37.496506,126.957886,0.061,356.8,0.046,1,356.3,"-0.646,4.587,1.585","-38.313,-23.840,-1.595","-34.050,52.200,16.350",16147,7,1.22,37.496506,126.957892,3186,0,1,0,-52,-53.7,29675,52,14680
18:14:34,4.496,1647783,1647783,0,1,37.496506,126.957893,0.056,356.8,0.046,1,356.3,"1.930,0.354,7.671","-27.229,-22.840,2.420","-34.500,49.950,15.300",16147,6,1.31,37.496506,126.957892,3187,0,1,0,-52,-53.7,29675,74,14680
18:14:34,4.528,1647818,1647818,0,1,37.496506,126.957893,0.056,356.8,0.046,1,356.3,"-0.618,1.030,7.259","5.718,33.504,-12.962","-35.250,49.950,17.100",16148,6,1.31,37.496506,126.957892,3187,0,1,0,-50,-52.4,29677,2,14681
18:14:34,4.528,1647839,1647839,0,1,37.496506,126.957893,0.056,356.8,0.046,1,356.3,"1.092,-0.354,8.969","16.824,51.412,-18.779","-33.150,48.900,16.200",16148,6,1.31,37.496506,126.957892,3187,0,1,0,-50,-52.4,29677,23,14681
18:14:34,4.715,1647861,1647861,0,1,37.496506,126.957893,0.056,356.8,0.046,1,356.3,"-0.354,0.019,7.321","16.321,55.137,-27.008","-31.950,48.150,16.200",16148,6,1.31,37.496506,126.957892,3187,0,1,0,-50,-52.4,29677,45,14681
18:14:34,4.783,1647983,1647983,0,1,37.496506,126.957893,0.056,356.8,0.046,1,356.3,"3.428,5.535,6.637","-2.878,-6.290,-3.038","-30.300,48.300,17.100",16149,6,1.31,37.496506,126.957892,3187,0,1,0,-50,-51.7,29679,70,14682
18:14:34,4.783,1648018,1648018,0,1,37.496506,126.957893,0.056,356.8,0.046,1,356.3,"6.282,8.753,3.740","-29.947,-28.847,1.015","-30.750,49.950,17.100",16150,6,1.31,37.496506,126.957892,3187,0,1,0,-52,-51.3,29681,3,14683
18:14:34,4.896,1648040,1648040,0,1,37.496506,126.957893,0.056,356.8,0.046,1,356.3,"8.394,10.285,3.151","-11.183,-14.145,9.802","-31.050,48.300,15.600",16150,6,1.31,37.496506,126.957892,3187,0,1,0,-52,-51.3,29681,25,14683
18:14:34,4.941,1648084,1648084,0,1,37.496506,126.957893,0.056,356.8,0.046,1,356.3,"10.870,10.855,5.464","30.679,5.031,13.504","-29.700,49.350,15.900",16150,6,1.31,37.496506,126.957892,3187,0,1,0,-52,-51.3,29681,69,14683
18:14:34,4.942,1648119,1648119,0,1,37.496506,126.957893,0.056,356.8,0.046,1,356.3,"10.817,9.127,7.417","69.427,-0.924,14.802","-31.800,48.300,16.800",16151,6,1.31,37.496506,126.957892,3187,0,1,0,-50,-50.8,29683,1,14684
18:14:34,4.942,1648141,1648141,0,1,37.496506,126.957893,0.056,356.8,0.046,1,356.3,"9.017,9.261,8.916","78.489,11.977,15.344","-30.300,51.750,17.550",16151,6,1.31,37.496506,126.957892,3187,0,1,0,-50,-50.8,29683,23,14684
18:14:34,4.942,1648163,1648163,0,1,37.496506,126.957893,0.056,356.8,0.046,1,356.3,"12.282,15.419,8.121","83.313,-4.595,10.160","-30.750,52.950,15.300",16151,6,1.31,37.496506,126.957892,3187,0,1,0,-50,-50.8,29683,45,14684
18:14:34,4.942,1648185,1648185,0,1,37.496506,126.957893,0.056,356.8,0.046,1,356.3,"1.571,6.565,4.003","30.321,46.809,-3.458","-31.200,54.300,16.500",16151,6,1.31,37.496506,126.957892,3187,0,1,0,-50,-50.8,29683,67,14684
18:14:34,5.041,1648218,1648218,0,1,37.496506,126.957893,0.056,356.8,0.046,1,356.3,"-0.934,5.650,12.115","20.573,19.321,-0.809","-28.200,55.500,15.900",16152,6,1.31,37.496506,126.957892,3187,0,1,0,-49,-50.5,29684,1,14684
18:14:34,5.077,1648284,1648284,0,1,37.496506,126.957893,0.056,356.8,0.046,1,356.3,"-2.710,1.188,5.837","-41.244,10.420,-20.908","-28.950,55.800,16.500",16152,6,1.31,37.496506,126.957892,3187,0,1,0,-50,-50.4,29685,65,14685
18:14:34,5.077,1648318,1648306,0,1,37.496506,126.957893,0.056,356.8,0.046,1,356.3,"-1.978,1.365,6.522","-31.870,28.282,-23.252","-29.250,54.900,16.050",16153,6,1.31,37.496506,126.957892,3187,0,1,0,-49,-50.1,29686,2,14685
18:14:34,5.078,1648326,1648326,0,1,37.496506,126.957893,0.056,356.8,0.046,1,356.3,"-2.145,1.369,6.254","-22.519,33.702,-22.153","-28.650,55.500,17.700",16153,6,1.31,37.496506,126.957892,3187,0,1,0,-51,-50.3,29687,7,14686
18:14:34,5.078,1648348,1648348,0,1,37.496506,126.957893,0.056,356.8,0.046,1,356.3,"-1.642,1.642,4.731","-20.321,37.771,-19.336","-27.750,53.400,15.600",16153,6,1.31,37.496506,126.957892,3187,0,1,0,-51,-50.3,29687,29,14686
18:14:34,5.078,1648370,1648370,0,1,37.496506,126.957893,0.056,356.8,0.046,1,356.3,"-0.761,2.586,4.855","-9.550,40.359,-6.702","-25.950,53.550,15.450",16153,6,1.31,37.496506,126.957892,3187,0,1,0,-51,-50.3,29687,51,14686
18:14:34,5.164,1648392,1648392,0,1,37.496506,126.957893,0.056,356.8,0.046,1,356.3,"1.403,3.903,4.827","-7.099,27.924,0.282","-26.550,53.700,15.600",16153,6,1.31,37.496506,126.957892,3187,0,1,0,-51,-50.3,29687,73,14686
18:14:34,5.197,1648425,1648425,0,1,37.496506,126.957893,0.056,356.8,0.046,1,356.3,"4.688,7.106,5.133","-24.710,-25.702,19.046","-25.050,54.150,16.800",16154,6,1.31,37.496506,126.957892,3187,0,1,0,-50,-50.2,29688,0,14686
18:14:34,5.197,1648447,1648447,0,1,37.496506,126.957893,0.056,356.8,0.046,1,356.3,"5.602,8.739,12.234","-38.473,-21.885,16.969","-25.950,52.350,14.700",16154,6,1.31,37.496506,126.957892,3187,0,1,0,-51,-50.4,29689,21,14687
18:14:34,5.197,1648469,1648469,0,1,37.496506,126.957893,0.056,356.8,0.046,1,356.3,"6.651,8.969,4.262","-30.771,-31.771,20.344","-28.050,51.450,16.800",16154,6,1.31,37.496506,126.957892,3187,0,1,0,-51,-50.4,29689,43,14687
18:14:34,5.249,1648525,1648513,0,1,37.496506,126.957893,0.056,356.8,0.046,1,356.3,"10.353,10.166,6.091","2.450,-37.695,13.389","-28.200,50.400,16.500",16155,6,1.31,37.496506,126.957892,3187,0,1,0,-55,-51.3,29690,3,14687
18:14:34,5.274,1648577,1648577,0,1,37.496506,126.957893,0.056,356.8,0.046,1,356.3,"11.023,10.080,9.572","62.771,-32.634,15.466","-27.750,53.400,17.550",16155,6,1.31,37.496506,126.957892,3187,0,1,0,-54,-51.8,29691,49,14688
18:14:35,5.330,1648599,1648599,0,1,37.496506,126.957893,0.056,356.8,0.046,1,356.3,"8.011,9.424,10.329","81.214,-33.679,17.282","-30.750,52.650,15.600",16155,6,1.31,37.496506,126.957892,3187,0,1,0,-54,-51.8,29691,71,14688
18:14:35,5.359,1648656,1648656,0,1,37.496506,126.957893,0.056,356.8,0.046,1,356.3,"4.659,-10.903,-19.613","-36.382,-8.099,24.740","-32.400,57.000,14.700",16156,6,1.31,37.496506,126.957892,3187,0,1,0,-53,-52.3,29693,25,14689
18:14:35,5.514,1648678,1648678,0,1,37.496506,126.957893,0.119,356.8,0.237,1,356.3,"2.796,13.628,19.613","-97.313,-52.023,-9.489","-33.300,57.600,14.250",16156,6,1.31,37.496502,126.957894,3188,0,1,0,-53,-52.3,29693,47,14689
18:14:35,5.583,1648700,1648700,0,1,37.496506,126.957893,0.119,356.8,0.237,1,356.3,"2.093,2.471,5.784","16.412,-34.870,16.237","-31.200,57.450,15.900",16156,6,1.31,37.496502,126.957894,3188,0,1,0,-53,-52.3,29693,69,14689
18:14:35,5.583,1648735,1648735,0,1,37.496506,126.957893,0.119,356.8,0.237,1,356.3,"2.049,1.681,9.716","-2.985,0.641,4.183","-30.450,55.800,15.900",16157,6,1.31,37.496502,126.957894,3188,0,1,0,-54,-52.9,29695,4,14690
18:14:35,5.583,1648757,1648757,0,1,37.496506,126.957893,0.119,356.8,0.237,1,356.3,"1.858,0.919,6.608","21.969,32.321,-4.115","-30.150,57.450,15.150",16157,6,1.31,37.496502,126.957894,3188,0,1,0,-54,-52.9,29695,26,14690
18:14:35,5.682,1648779,1648779,0,1,37.496506,126.957893,0.119,356.8,0.237,1,356.3,"0.824,1.585,8.203","24.817,52.237,-8.542","-31.500,57.900,15.300",16157,6,1.31,37.496502,126.957894,3188,0,1,0,-54,-52.9,29695,48,14690
18:14:35,5.729,1648902,1648902,0,1,37.496502,126.957893,0.160,356.8,0.237,1,356.3,"2.792,3.098,7.676","-69.000,-22.076,0.863","-27.450,57.750,16.950",16158,7,1.22,37.496502,126.957894,3189,0,1,0,-54,-53.4,29697,58,14691
18:14:35,5.729,1648937,1648937,0,1,37.496502,126.957893,0.160,356.8,0.237,1,356.3,"2.878,2.643,6.115","-38.298,2.000,-0.718","-28.200,55.050,15.900",16159,7,1.22,37.496502,126.957894,3189,0,1,0,-54,-53.4,29697,93,14691
18:14:35,5.729,1648959,1648959,0,1,37.496502,126.957893,0.160,356.8,0.237,1,356.3,"3.089,3.189,6.790","-17.817,22.160,0.588","-28.050,55.350,17.100",16159,7,1.22,37.496502,126.957894,3189,0,1,0,-56,-54.2,29699,17,14692
18:14:35,5.729,1648981,1648981,0,1,37.496502,126.957893,0.160,356.8,0.237,1,356.3,"2.658,3.759,6.560","-19.160,27.985,-3.779","-26.700,52.050,16.500",16159,7,1.22,37.496502,126.957894,3189,0,1,0,-56,-54.2,29699,39,14692
18:14:35,5.729,1649003,1649003,0,1,37.496502,126.957893,0.160,356.8,0.237,1,356.3,"2.835,3.898,8.025","-40.733,16.649,-7.137","-28.650,51.300,16.200",16159,7,1.22,37.496502,126.957894,3189,0,1,0,-56,-54.2,29699,61,14692
18:14:35,5.730,1649038,1649038,0,1,37.496502,126.957893,0.160,356.8,0.237,1,356.3,"3.500,3.950,7.470","-45.771,17.374,-14.260","-26.700,51.600,18.000",16160,7,1.22,37.496502,126.957894,3189,0,1,0,-56,-54.6,29700,2,14692
18:14:35,5.825,1649060,1649060,0,1,37.496502,126.957893,0.160,356.8,0.237,1,356.3,"3.625,4.123,8.088","-24.008,26.893,-12.947","-26.250,51.000,17.100",16160,7,1.22,37.496502,126.957894,3189,0,1,0,-56,-54.9,29701,13,14693
18:14:35,5.947,1649082,1649082,0,1,37.496502,126.957893,0.160,356.8,0.237,1,356.3,"3.701,4.401,8.131","-14.405,35.504,-15.534","-25.800,49.500,16.050",16160,7,1.22,37.496502,126.957894,3189,0,1,0,-56,-54.9,29701,35,14693
18:14:35,5.979,1649205,1649205,0,1,37.496502,126.957893,0.160,356.8,0.237,1,356.3,"4.568,7.743,5.215","-21.420,-8.863,-6.313","-25.050,47.550,17.100",16161,7,1.22,37.496502,126.957894,3189,0,1,0,-61,-56.7,29703,59,14694
18:14:35,5.979,1649238,1649238,0,1,37.496502,126.957893,0.160,356.8,0.237,1,356.3,"7.681,8.078,5.636","-40.198,-37.496,1.809","-24.900,47.400,16.950",16162,7,1.22,37.496502,126.957894,3189,0,1,0,-63,-58.0,29704,8,14694
18:14:35,5.980,1649260,1649260,0,1,37.496502,126.957893,0.160,356.8,0.237,1,356.3,"7.968,6.867,4.808","-29.863,-50.160,-5.634","-26.250,45.300,17.550",16162,7,1.22,37.496502,126.957894,3189,0,1,0,-63,-59.0,29705,7,14695
18:14:35,5.980,1649282,1649282,0,1,37.496502,126.957893,0.160,356.8,0.237,1,356.3,"9.002,7.829,4.937","-2.061,-35.267,-0.389","-25.950,45.450,14.700",16162,7,1.22,37.496502,126.957894,3189,0,1,0,-63,-59.0,29705,29,14695
18:14:35,6.066,1649304,1649304,0,1,37.496502,126.957893,0.160,356.8,0.237,1,356.3,"9.232,10.008,4.630","41.679,-7.282,0.649","-26.250,45.300,15.300",16162,7,1.22,37.496502,126.957894,3189,0,1,0,-63,-59.0,29705,51,14695
18:14:35,6.098,1649338,1649326,0,1,37.496502,126.957893,0.160,356.8,0.237,1,356.3,"10.041,10.745,5.344","55.954,-6.389,5.695","-26.550,47.550,16.050",16163,7,1.22,37.496502,126.957894,3189,0,1,0,-63,-59.0,29705,85,14695
18:14:35,6.098,1649346,1649346,0,1,37.496502,126.957893,0.160,356.8,0.237,1,356.3,"9.692,11.028,5.880","42.824,-21.176,8.176","-27.150,49.650,15.150",16163,7,1.22,37.496502,126.957894,3189,0,1,0,-66,-60.4,29706,7,14695
18:14:35,6.190,1649368,1649368,0,1,37.496502,126.957893,0.160,356.8,0.237,1,356.3,"9.404,10.669,4.726","12.634,-57.176,12.840","-27.450,48.150,15.150",16163,7,1.22,37.496502,126.957894,3189,0,1,0,-66,-61.5,29707,16,14696
18:14:35,6.226,1649467,1649467,0,1,37.496502,126.957893,0.160,356.8,0.237,1,356.3,"8.495,12.790,19.613","143.992,163.863,-36.779","-29.550,53.400,14.850",16164,7,1.22,37.496502,126.957894,3189,0,1,0,-65,-62.8,29709,16,14697
18:14:35,6.226,1649489,1649489,0,1,37.496502,126.957893,0.160,356.8,0.237,1,356.3,"5.401,7.685,2.629","104.107,60.260,14.099","-26.700,58.500,14.400",16164,7,1.22,37.496502,126.957894,3189,0,1,0,-65,-62.8,29709,38,14697
18:14:35,6.226,1649511,1649511,0,1,37.496502,126.957893,0.160,356.8,0.237,1,356.3,"3.036,8.322,19.613","45.359,13.397,18.779","-27.750,57.600,15.300",16164,7,1.22,37.496502,126.957894,3189,0,1,0,-65,-62.8,29709,60,14697
18:14:35,6.226,1649545,1649533,0,1,37.496502,126.957893,0.160,356.8,0.237,1,356.3,"-1.494,2.935,6.474","-62.534,-80.053,6.779","-27.450,57.750,15.150",16165,7,1.22,37.496502,126.957894,3189,0,1,0,-66,-63.4,29710,3,14697
18:14:35,6.226,1649553,1649553,0,1,37.496502,126.957893,0.160,356.8,0.237,1,356.3,"-5.042,1.120,4.286","-81.466,-64.206,-2.519","-26.400,58.200,16.200",16165,7,1.22,37.496502,126.957894,3189,0,1,0,-66,-63.9,29711,1,14698
18:14:35,6.312,1649575,1649575,0,1,37.496502,126.957893,0.160,356.8,0.237,1,356.3,"-5.468,-0.077,6.536","-42.244,-8.298,-2.290","-28.800,59.100,15.600",16165,7,1.22,37.496502,126.957894,3189,0,1,0,-66,-63.9,29711,23,14698
18:14:36,6.344,1649597,1649597,0,1,37.496502,126.957893,0.160,356.8,0.237,1,356.3,"-5.574,-0.522,9.912","-17.626,28.351,-3.656","-27.750,54.900,16.350",16165,7,1.22,37.496502,126.957894,3189,0,1,0,-66,-63.9,29711,45,14698
18:14:36,6.345,1649654,1649654,0,1,37.496502,126.957893,0.160,356.8,0.237,1,356.3,"-3.764,0.527,10.549","-8.687,46.267,-11.359","-25.800,55.650,17.550",16166,7,1.22,37.496502,126.957894,3189,0,1,0,-66,-63.9,29711,102,14698
18:14:36,6.345,1649676,1649676,0,1,37.496502,126.957893,0.423,356.7,0.911,1,356.3,"-2.409,1.269,10.046","-28.916,30.015,-13.053","-28.050,56.400,16.050",16166,7,1.22,37.496496,126.957899,3190,0,1,0,-64,-64.1,29713,19,14699
18:14:36,6.345,1649698,1649698,0,1,37.496502,126.957893,0.423,356.7,0.911,1,356.3,"-1.302,1.523,8.322","-40.519,13.084,-13.664","-25.200,54.000,16.500",16166,7,1.22,37.496496,126.957899,3190,0,1,0,-64,-64.1,29713,41,14699
18:14:36,6.431,1649720,1649720,0,1,37.496502,126.957893,0.423,356.7,0.911,1,356.3,"-0.230,2.002,7.647","-50.756,3.695,-10.237","-25.950,54.000,15.150",16166,7,1.22,37.496496,126.957899,3190,0,1,0,-64,-64.1,29713,63,14699
18:14:36,6.463,1649755,1649755,0,1,37.496502,126.957893,0.423,356.7,0.911,1,356.3,"1.762,2.993,5.071","-43.366,3.786,-5.275","-24.300,51.450,13.500",16167,7,1.22,37.496496,126.957899,3190,0,1,0,-67,-65.2,29715,6,14700
18:14:36,6.463,1649776,1649776,0,1,37.496502,126.957893,0.423,356.7,0.911,1,356.3,"3.021,3.974,4.621","-17.870,17.145,-1.893","-24.300,51.750,15.600",16167,7,1.22,37.496496,126.957899,3190,0,1,0,-67,-65.2,29715,27,14700
18:14:36,6.612,1649877,1649877,0,1,37.496498,126.957901,0.594,356.5,0.911,1,356.3,"10.281,10.965,4.535","-25.122,-1.351,-12.603","-24.750,50.250,17.550",16168,7,1.57,37.496496,126.957899,3191,0,1,0,-70,-66.7,29717,22,14701
18:14:36,6.814,1649921,1649921,0,1,37.496498,126.957901,0.594,356.5,0.911,1,356.3,"12.206,11.736,4.913","4.771,7.008,-15.023","-22.800,50.250,16.050",16168,7,1.57,37.496496,126.957899,3191,0,1,0,-70,-66.7,29717,66,14701
18:14:36,6.864,1650021,1650021,0,1,37.496498,126.957901,0.594,356.5,0.911,1,356.3,"9.452,7.915,-3.141","88.450,12.740,4.634","-28.500,50.250,14.850",16169,7,1.57,37.496496,126.957899,3191,0,1,0,-73,-68.8,29719,72,14702
18:14:36,6.864,1650056,1650056,0,1,37.496498,126.957901,0.594,356.5,0.911,1,356.3,"6.991,8.657,9.290","113.031,-11.672,38.763","-25.950,52.800,16.200",16170,7,1.57,37.496496,126.957899,3191,0,1,0,-77,-71.8,29721,3,14703
18:14:36,6.865,1650078,1650078,0,1,37.496498,126.957901,0.594,356.5,0.911,1,356.3,"8.030,8.973,12.493","124.496,-17.718,40.847","-26.550,56.400,13.050",16170,7,1.57,37.496496,126.957899,3191,0,1,0,-77,-71.8,29721,25,14703
18:14:36,6.865,1650100,1650100,0,1,37.496498,126.957901,0.594,356.5,0.911,1,356.3,"5.420,1.800,-13.039","68.305,60.389,-13.450","-28.050,57.150,16.050",16170,7,1.57,37.496496,126.957899,3191,0,1,0,-77,-71.8,29721,47,14703
18:14:36,6.865,1650122,1650122,0,1,37.496498,126.957901,0.594,356.5,0.911,1,356.3,"19.613,-6.407,-4.721","62.031,92.534,-31.473","-27.000,61.050,15.300",16170,7,1.57,37.496496,126.957899,3191,0,1,0,-77,-71.8,29721,69,14703
18:14:36,6.865,1650157,1650157,0,1,37.496498,126.957901,0.594,356.5,0.911,1,356.3,"1.829,9.515,9.261","-75.748,-27.176,1.313","-25.500,60.300,13.800",16171,7,1.57,37.496496,126.957899,3191,0,1,0,-74,-72.6,29723,2,14704
18:14:36,6.966,1650179,1650179,0,1,37.496498,126.957901,0.594,356.5,0.911,1,356.3,"-3.974,-2.035,12.512","-45.473,-21.344,27.321","-26.250,59.850,14.250",16171,7,1.57,37.496496,126.957899,3191,0,1,0,-74,-72.6,29723,24,14704
18:14:36,7.007,1650223,1650223,0,1,37.496498,126.957901,0.594,356.5,0.911,1,356.3,"-4.712,-1.178,6.718","-31.595,54.710,-16.198","-28.500,59.100,14.550",16171,7,1.57,37.496496,126.957899,3191,0,1,0,-74,-72.6,29723,68,14704
18:14:36,7.007,1650256,1650256,0,1,37.496498,126.957901,0.594,356.5,0.911,1,356.3,"-3.788,0.383,8.404","-15.786,73.214,-17.832","-25.950,59.700,15.450",16172,7,1.57,37.496496,126.957899,3191,0,1,0,-74,-72.6,29723,101,14704
18:14:36,7.007,1650278,1650278,0,1,37.496498,126.957901,0.594,356.5,0.911,1,356.3,"-2.964,1.417,7.432","-21.840,69.840,-21.145","-23.550,56.850,14.850",16172,7,1.57,37.496496,126.957899,3191,0,1,0,-74,-72.6,29723,123,14704
18:14:36,7.105,1650300,1650300,0,1,37.496498,126.957901,0.594,356.5,0.911,1,356.3,"-1.235,2.107,7.858","-36.305,52.015,-18.611","-24.450,57.750,15.150",16172,7,1.57,37.496496,126.957899,3191,0,1,0,-76,-74.0,29725,11,14705
18:14:36,7.141,1650436,1650436,0,1,37.496498,126.957901,0.594,356.5,0.911,1,356.3,"6.287,6.460,3.974","-12.824,-8.519,-8.542","-19.200,54.300,15.150",16173,7,1.57,37.496496,126.957899,3191,0,1,0,-85,-77.6,29727,67,14706
18:14:36,7.142,1650463,1650463,0,1,37.496498,126.957901,0.594,356.5,0.911,1,356.3,"8.294,7.910,3.381","-10.626,-11.901,-11.008","-19.200,54.300,14.700",16174,7,1.57,37.496496,126.957899,3191,0,1,0,-77,-77.5,29728,5,14706
18:14:36,7.230,1650485,1650485,0,1,37.496498,126.957901,0.594,356.5,0.911,1,356.3,"9.878,9.615,4.185","-26.687,-39.046,-10.122","-21.300,51.750,16.050",16174,7,1.57,37.496496,126.957899,3191,0,1,0,-77,-77.4,29729,20,14707
18:14:36,7.263,1650507,1650507,0,1,37.496498,126.957901,0.594,356.5,0.911,1,356.3,"10.908,9.141,3.299","-14.122,-38.557,-7.603","-22.050,51.000,16.350",16174,7,1.57,37.496496,126.957899,3191,0,1,0,-77,-77.4,29729,42,14707
18:14:36,7.263,1650529,1650529,0,1,37.496498,126.957901,0.594,356.5,0.911,1,356.3,"10.721,10.961,3.515","43.771,-14.687,-8.832","-21.150,53.550,15.150",16174,7,1.57,37.496496,126.957899,3191,0,1,0,-77,-77.4,29729,64,14707
18:14:36,7.263,1650562,1650562,0,1,37.496498,126.957901,0.594,356.5,0.911,1,356.3,"9.974,12.723,6.273","108.710,2.473,14.580","-22.650,53.100,14.700",16175,7,1.57,37.496496,126.957899,3191,0,1,0,-74,-76.7,29730,1,14708
18:14:37,7.359,1650584,1650584,0,1,37.496498,126.957901,0.594,356.5,0.911,1,356.3,"8.073,12.713,6.996","79.389,-35.053,26.466","-21.300,57.600,14.250",16175,7,1.57,37.496496,126.957899,3191,0,1,0,-76,-76.6,29731,7,14708
18:14:37,7.408,1650606,1650606,0,1,37.496498,126.957901,0.594,356.5,0.911,1,356.3,"7.178,12.062,6.393","36.603,-69.733,29.389","-21.900,57.750,15.450",16175,7,1.57,37.496496,126.957899,3191,0,1,0,-76,-76.6,29731,29,14708
18:14:37,7.408,1650628,1650628,0,1,37.496498,126.957901,0.594,356.5,0.911,1,356.3,"5.535,10.242,6.881","23.145,-93.298,35.855","-22.050,55.350,13.050",16175,7,1.57,37.496496,126.957899,3191,0,1,0,-76,-76.6,29731,51,14708
18:14:37,7.408,1650662,1650650,0,1,37.496498,126.957901,0.594,356.5,0.911,1,356.3,"4.693,9.500,6.728","29.229,-98.099,42.382","-25.500,59.550,15.600",16176,7,1.57,37.496496,126.957899,3191,0,1,0,-75,-76.3,29732,0,14708
18:14:37,7.409,1650671,1650671,0,1,37.496494,126.957901,0.625,356.5,0.684,1,356.3,"4.750,10.329,9.898","64.817,-75.008,41.824","-27.300,58.350,15.600",16176,7,1.57,37.496490,126.957904,3192,0,1,0,-75,-76.3,29732,9,14708
18:14:37,7.516,1650715,1650715,0,1,37.496494,126.957901,0.625,356.5,0.684,1,356.3,"5.837,3.017,2.040","121.870,-29.527,-21.740","-27.900,61.200,13.650",16176,7,1.57,37.496490,126.957904,3192,0,1,0,-75,-76.3,29732,53,14708
18:14:37,7.577,1650737,1650737,0,1,37.496494,126.957901,0.625,356.5,0.684,1,356.3,"-9.084,8.734,19.613","42.954,-102.435,13.038","-27.150,62.400,14.400",16176,7,1.57,37.496490,126.957904,3192,0,1,0,-75,-76.3,29732,75,14708
18:14:37,7.577,1650772,1650772,0,1,37.496494,126.957901,0.625,356.5,0.684,1,356.3,"-3.840,5.602,11.133","-51.267,-57.977,-3.359","-28.500,61.800,14.250",16177,7,1.57,37.496490,126.957904,3192,0,1,0,-75,-76.0,29733,2,14709
18:14:37,7.577,1650794,1650794,0,1,37.496494,126.957901,0.646,356.4,0.684,1,356.3,"-3.539,2.207,3.869","-36.969,-23.252,-1.916","-29.400,59.700,13.200",16177,7,1.22,37.496490,126.957904,3193,0,1,0,-74,-75.6,29734,13,14709
18:14:37,7.689,1650816,1650816,0,1,37.496494,126.957901,0.646,356.4,0.684,1,356.3,"-2.006,0.086,3.677","-44.275,11.275,-11.878","-30.450,59.250,14.700",16177,7,1.22,37.496490,126.957904,3193,0,1,0,-74,-75.6,29734,35,14709
18:14:37,7.747,1650895,1650895,0,1,37.496494,126.957901,0.646,356.4,0.684,1,356.3,"-1.350,1.729,9.017","-35.443,42.031,-28.519","-27.450,59.250,14.700",16178,7,1.22,37.496490,126.957904,3193,0,1,0,-76,-75.9,29736,24,14710
18:14:37,7.748,1650939,1650939,0,1,37.496494,126.957901,0.646,356.4,0.684,1,356.3,"0.460,2.375,6.187","-52.183,20.031,-21.931","-27.450,55.800,15.450",16178,7,1.22,37.496490,126.957904,3193,0,1,0,-76,-75.9,29736,68,14710
18:14:37,7.748,1650974,1650974,0,1,37.496494,126.957901,0.646,356.4,0.684,1,356.3,"2.241,3.309,5.823","-40.802,23.611,-16.328","-26.250,54.450,14.850",16179,7,1.22,37.496490,126.957904,3193,0,1,0,-76,-75.9,29736,103,14710
18:14:37,7.748,1650995,1650995,0,1,37.496494,126.957901,0.646,356.4,0.684,1,356.3,"3.060,3.582,6.254","-44.710,13.779,-12.443","-24.900,54.750,15.900",16179,7,1.22,37.496490,126.957904,3193,0,1,0,-83,-77.3,29737,8,14710
18:14:37,7.748,1651017,1651017,0,1,37.496494,126.957901,0.646,356.4,0.684,1,356.3,"3.644,4.175,5.727","-63.053,1.145,-13.817","-24.900,52.350,15.150",16179,7,1.22,37.496490,126.957904,3193,0,1,0,-83,-77.3,29737,30,14710
18:14:37,7.748,1651039,1651039,0,1,37.496494,126.957901,0.646,356.4,0.684,1,356.3,"4.113,5.277,5.200","-68.977,-8.160,-8.771","-23.550,52.200,15.300",16179,7,1.22,37.496490,126.957904,3193,0,1,0,-83,-77.3,29737,52,14710
18:14:37,7.748,1651074,1651074,0,1,37.496494,126.957901,0.646,356.4,0.684,1,356.3,"6.407,7.767,4.611","-44.656,1.687,2.710","-23.700,50.400,16.200",16180,7,1.22,37.496490,126.957904,3193,0,1,0,-83,-77.3,29737,87,14710
18:14:37,7.748,1651095,1651095,0,1,37.496494,126.957901,0.646,356.4,0.684,1,356.3,"7.135,8.815,5.057","-13.046,21.954,5.130","-25.200,49.350,15.450",16180,7,1.22,37.496490,126.957904,3193,0,1,0,-74,-76.3,29739,18,14711
18:14:37,7.848,1651117,1651117,0,1,37.496494,126.957901,0.646,356.4,0.684,1,356.3,"8.768,9.601,5.325","17.756,32.397,10.725","-23.700,49.650,15.900",16180,7,1.22,37.496490,126.957904,3193,0,1,0,-74,-76.3,29739,40,14711
18:14:37,7.899,1651139,1651139,0,1,37.496494,126.957901,0.646,356.4,0.684,1,356.3,"9.390,10.333,5.971","15.099,20.756,11.023","-22.050,49.500,17.100",16180,7,1.22,37.496490,126.957904,3193,0,1,0,-74,-76.3,29739,62,14711
18:14:37,7.899,1651173,1651173,0,1,37.496494,126.957901,0.646,356.4,0.684,1,356.3,"10.084,9.955,7.235","-21.168,-30.351,5.046","-24.150,50.100,16.950",16181,7,1.22,37.496490,126.957904,3193,0,1,0,-75,-76.0,29740,11,14711
18:14:37,7.899,1651195,1651195,0,1,37.496494,126.957901,0.646,356.4,0.684,1,356.3,"8.638,8.887,6.407","-32.275,-48.870,2.947","-25.500,49.500,15.600",16181,7,1.22,37.496490,126.957904,3193,0,1,0,-74,-75.6,29741,19,14712
18:14:37,7.899,1651217,1651217,0,1,37.496494,126.957901,0.646,356.4,0.684,1,356.3,"7.259,7.839,4.841","-15.298,-49.672,1.748","-25.050,48.750,15.300",16181,7,1.22,37.496490,126.957904,3193,0,1,0,-74,-75.6,29741,41,14712
18:14:37,7.899,1651239,1651239,0,1,37.496494,126.957901,0.646,356.4,0.684,1,356.3,"6.005,6.972,3.970","10.595,-36.214,4.198","-25.800,47.550,16.350",16181,7,1.22,37.496490,126.957904,3193,0,1,0,-74,-75.6,29741,63,14712
18:14:37,7.998,1651272,1651272,0,1,37.496494,126.957901,0.646,356.4,0.684,1,356.3,"4.784,6.115,3.156","59.115,-2.298,19.061","-27.900,48.600,16.500",16182,7,1.22,37.496490,126.957904,3193,0,1,0,-74,-75.3,29742,14,14712
18:14:37,8.140,1651338,1651338,0,1,37.496494,126.957901,0.646,356.4,0.684,1,356.3,"5.655,7.274,6.981","50.191,-21.344,35.504","-27.000,51.450,14.250",16182,7,1.22,37.496490,126.957904,3193,0,1,0,-76,-75.4,29743,57,14713
18:14:37,8.179,1651372,1651360,0,1,37.496494,126.957901,0.646,356.4,0.684,1,356.3,"6.517,7.527,7.412","42.595,-30.954,38.336","-28.200,52.350,14.400",16183,7,1.22,37.496490,126.957904,3193,0,1,0,-76,-75.4,29743,91,14713
18:14:37,8.179,1651380,1651380,0,1,37.496494,126.957901,0.646,356.4,0.684,1,356.3,"7.475,7.580,9.347","63.870,-28.878,42.786","-25.950,55.500,16.950",16183,7,1.22,37.496490,126.957904,3193,0,1,0,-74,-75.2,29744,0,14714
18:14:37,8.179,1651402,1651402,0,1,37.496494,126.957901,0.646,356.4,0.684,1,356.3,"8.337,7.647,11.430","79.015,-26.756,41.183","-27.900,56.250,15.450",16183,7,1.22,37.496490,126.957904,3193,0,1,0,-74,-75.2,29744,22,14714
18:14:37,8.179,1651424,1651424,0,1,37.496494,126.957901,0.646,356.4,0.684,1,356.3,"8.270,7.408,11.779","51.458,-48.977,25.931","-28.650,58.200,15.150",16183,7,1.22,37.496490,126.957904,3193,0,1,0,-74,-75.2,29744,44,14714
18:14:37,8.179,1651446,1651446,0,1,37.496494,126.957901,0.646,356.4,0.684,1,356.3,"-4.918,0.680,11.875","28.618,-31.565,28.977","-30.300,58.800,14.250",16183,7,1.22,37.496490,126.957904,3193,0,1,0,-74,-75.2,29744,66,14714
18:14:37,8.179,1651479,1651479,0,1,37.496494,126.957901,0.646,356.4,0.684,1,356.3,"-14.461,1.302,16.668","24.725,-76.847,17.832","-30.300,57.900,15.300",16184,7,1.22,37.496490,126.957904,3193,0,1,0,-74,-75.2,29744,99,14714
18:14:37,8.266,1651501,1651501,0,1,37.496494,126.957901,0.646,356.4,0.684,1,356.3,"1.480,4.621,2.346","19.137,-13.687,6.115","-30.750,57.900,14.250",16184,7,1.22,37.496490,126.957904,3193,0,1,0,-81,-77.3,29746,19,14715
18:14:37,8.299,1651523,1651523,0,1,37.496494,126.957901,0.646,356.4,0.684,1,356.3,"2.188,1.867,6.709","24.397,39.305,-14.298","-30.450,60.150,14.700",16184,7,1.22,37.496490,126.957904,3193,0,1,0,-81,-77.3,29746,41,14715
18:14:37,8.300,1651545,1651545,0,1,37.496494,126.957901,0.646,356.4,0.684,1,356.3,"1.149,3.376,11.607","13.214,61.321,-22.710","-30.750,59.100,14.850",16184,7,1.22,37.496490,126.957904,3193,0,1,0,-81,-77.3,29746,63,14715
18:14:37,8.300,1651579,1651567,0,1,37.496494,126.957901,0.646,356.4,0.684,1,356.3,"-0.354,3.084,10.793","20.908,60.450,-27.298","-27.000,59.100,15.600",16185,7,1.22,37.496490,126.957904,3193,0,1,0,-85,-78.8,29747,2,14715
18:14:37,8.300,1651587,1651587,0,1,37.496494,126.957901,0.646,356.4,0.684,1,356.3,"-2.883,2.538,8.083","2.076,41.267,-27.763","-27.300,60.600,14.550",16185,7,1.22,37.496490,126.957904,3193,0,1,0,-88,-80.6,29748,3,14716
18:14:38,8.393,1651609,1651609,0,1,37.496494,126.957901,0.646,356.4,0.684,1,356.3,"-4.966,2.380,5.545","-32.893,21.237,-30.504","-27.000,62.250,15.300",16185,7,1.22,37.496490,126.957904,3193,0,1,0,-88,-80.6,29748,25,14716
18:14:38,8.431,1651631,1651631,0,1,37.496494,126.957901,0.646,356.4,0.684,1,356.3,"-4.017,1.686,5.818","-71.069,-0.840,-29.076","-27.150,60.450,15.900",16185,7,1.22,37.496490,126.957904,3193,0,1,0,-88,-80.6,29748,47,14716
18:14:38,8.431,1651688,1651688,0,1,37.496490,126.957909,0.580,356.4,0.458,1,356.3,"3.615,5.200,5.990","-101.412,-22.130,-14.298","-24.750,55.350,14.850",16186,7,1.22,37.496484,126.957906,3194,0,1,0,-80,-80.5,29749,1,14717
18:14:38,8.431,1651710,1651710,0,1,37.496490,126.957909,0.580,356.4,0.458,1,356.3,"3.304,5.392,4.506","-110.359,-36.267,-15.237","-26.550,53.400,16.350",16186,7,1.22,37.496484,126.957906,3194,0,1,0,-80,-80.5,29749,23,14717
18:14:38,8.431,1651732,1651732,0,1,37.496490,126.957909,0.580,356.4,0.458,1,356.3,"2.859,4.592,2.792","-82.550,-22.908,-6.183","-26.550,51.000,15.300",16186,7,1.22,37.496484,126.957906,3194,0,1,0,-80,-80.5,29749,45,14717
18:14:38,8.523,1651754,1651754,0,1,37.496490,126.957909,0.580,356.4,0.458,1,356.3,"3.347,5.789,2.116","-38.145,-9.038,1.718","-27.000,50.250,15.300",16186,7,1.22,37.496484,126.957906,3194,0,1,0,-80,-80.5,29749,67,14717
18:14:38,8.561,1651789,1651789,0,1,37.496487,126.957909,0.537,356.4,0.458,1,356.3,"6.115,7.705,4.037","-23.076,-5.168,9.038","-27.900,48.600,15.450",16187,7,1.22,37.496484,126.957906,3195,0,1,0,-81,-80.6,29750,2,14718
18:14:38,8.562,1651811,1651811,0,1,37.496487,126.957909,0.537,356.4,0.458,1,356.3,"7.321,8.911,4.946","-33.954,-22.832,6.237","-27.750,50.700,16.800",16187,7,1.22,37.496484,126.957906,3195,0,1,0,-81,-80.6,29750,24,14718
18:14:38,8.655,1651833,1651833,0,1,37.496487,126.957909,0.537,356.4,0.458,1,356.3,"11.985,7.657,6.862","-34.519,-32.840,2.588","-28.500,46.500,17.100",16187,7,1.22,37.496484,126.957906,3195,0,1,0,-81,-80.6,29750,46,14718
18:14:38,8.693,1651855,1651855,0,1,37.496487,126.957909,0.537,356.4,0.458,1,356.3,"9.457,7.503,4.736","1.618,-14.466,3.863","-28.800,47.550,15.600",16187,7,1.22,37.496484,126.957906,3195,0,1,0,-81,-80.6,29750,68,14718
18:14:38,8.693,1651890,1651890,0,1,37.496487,126.957909,0.537,356.4,0.458,1,356.3,"8.289,7.527,6.378","39.321,-5.084,-3.374","-29.250,46.050,15.300",16188,7,1.22,37.496484,126.957906,3195,0,1,0,-81,-80.6,29750,103,14718
18:14:38,8.693,1651912,1651912,0,1,37.496487,126.957909,0.537,356.4,0.458,1,356.3,"8.092,7.776,6.306","26.115,-22.206,-4.573","-28.950,50.400,18.000",16188,7,1.22,37.496484,126.957906,3195,0,1,0,-80,-80.7,29752,14,14719
18:14:38,8.693,1651934,1651934,0,1,37.496487,126.957909,0.537,356.4,0.458,1,356.3,"7.250,8.054,5.962","18.695,-29.008,-2.153","-30.750,48.750,15.300",16188,7,1.22,37.496484,126.957906,3195,0,1,0,-80,-80.7,29752,36,14719
18:14:38,8.797,1651956,1651956,0,1,37.496487,126.957909,0.537,356.4,0.458,1,356.3,"6.900,7.781,5.262","18.832,-34.756,-6.008","-28.500,48.300,14.850",16188,7,1.22,37.496484,126.957906,3195,0,1,0,-80,-80.7,29752,58,14719
18:14:38,8.839,1652035,1652035,0,1,37.496487,126.957909,0.537,356.4,0.458,1,356.3,"7.116,8.241,8.337","68.977,-7.511,10.115","-31.800,51.450,15.300",16189,7,1.22,37.496484,126.957906,3195,0,1,0,-84,-81.4,29753,53,14720
18:14:38,8.840,1652057,1652057,0,1,37.496487,126.957909,0.537,356.4,0.458,1,356.3,"5.646,8.490,9.285","66.053,-23.206,17.328","-32.400,53.100,15.150",16189,7,1.22,37.496484,126.957906,3195,0,1,0,-84,-81.4,29753,75,14720
18:14:38,8.840,1652092,1652092,0,1,37.496487,126.957909,0.537,356.4,0.458,1,356.3,"4.104,8.203,8.432","14.145,-76.687,23.756","-33.750,53.700,14.550",16190,7,1.22,37.496484,126.957906,3195,0,1,0,-84,-81.4,29753,110,14720
18:14:38,8.840,1652114,1652114,0,1,37.496487,126.957909,0.537,356.4,0.458,1,356.3,"0.651,5.138,6.527","-68.076,-71.901,99.641","-33.750,55.350,17.100",16190,7,1.22,37.496484,126.957906,3195,0,1,0,-86,-82.3,29754,11,14720
18:14:38,8.840,1652136,1652136,0,1,37.496487,126.957909,0.537,356.4,0.458,1,356.3,"2.394,5.449,7.532","-3.679,-7.137,25.244","-37.500,54.450,15.600",16190,7,1.22,37.496484,126.957906,3195,0,1,0,-86,-82.3,29754,33,14720
18:14:38,8.840,1652158,1652158,0,1,37.496487,126.957909,0.537,356.4,0.458,1,356.3,"6.570,4.319,6.412","8.733,-32.412,12.031","-36.150,53.550,15.900",16190,7,1.22,37.496484,126.957906,3195,0,1,0,-86,-82.3,29754,55,14720
18:14:38,8.840,1652191,1652191,0,1,37.496487,126.957909,0.537,356.4,0.458,1,356.3,"8.217,5.028,10.625","45.954,4.824,0.061","-36.000,53.100,13.950",16191,7,1.22,37.496484,126.957906,3195,0,1,0,-77,-80.4,29756,3,14721
18:14:38,8.840,1652213,1652213,0,1,37.496487,126.957909,0.537,356.4,0.458,1,356.3,"3.644,3.136,9.218","24.076,-6.191,2.580","-36.900,54.750,13.950",16191,7,1.22,37.496484,126.957906,3195,0,1,0,-77,-80.4,29756,25,14721
18:14:38,8.942,1652235,1652235,0,1,37.496487,126.957909,0.537,356.4,0.458,1,356.3,"2.567,2.897,6.862","16.481,12.466,-4.656","-35.400,54.300,13.950",16191,7,1.22,37.496484,126.957906,3195,0,1,0,-77,-80.4,29756,47,14721
18:14:38,8.979,1652257,1652257,0,1,37.496487,126.957909,0.537,356.4,0.458,1,356.3,"0.445,2.093,3.510","24.695,53.771,-7.481","-37.200,55.500,13.200",16191,7,1.22,37.496484,126.957906,3195,0,1,0,-77,-80.4,29756,69,14721
18:14:38,8.979,1652291,1652279,0,1,37.496487,126.957909,0.537,356.4,0.458,1,356.3,"0.431,1.561,5.416","17.519,76.832,-14.779","-34.050,54.900,15.600",16192,7,1.22,37.496484,126.957906,3195,0,1,0,-81,-80.5,29757,9,14722
18:14:38,9.074,1652299,1652299,0,1,37.496487,126.957909,0.537,356.4,0.458,1,356.3,"0.263,1.393,6.167","0.382,77.504,-20.504","-33.450,55.050,15.450",16192,7,1.22,37.496484,126.957906,3195,0,1,0,-81,-80.6,29758,8,14722
18:14:38,9.111,1652321,1652321,0,1,37.496487,126.957909,0.537,356.4,0.458,1,356.3,"0.781,1.796,7.274","-19.519,71.702,-23.908","-30.150,56.550,16.200",16192,7,1.22,37.496484,126.957906,3195,0,1,0,-81,-80.6,29758,30,14722
18:14:38,9.111,1652343,1652343,0,1,37.496487,126.957909,0.537,356.4,0.458,1,356.3,"1.259,2.476,7.618","-29.214,66.824,-27.962","-31.050,55.650,14.850",16192,7,1.22,37.496484,126.957906,3195,0,1,0,-81,-80.6,29758,52,14722
18:14:38,9.111,1652365,1652365,0,1,37.496487,126.957909,0.537,356.4,0.458,1,356.3,"2.088,3.256,9.864","-22.824,65.802,-27.870","-30.300,56.400,16.050",16192,7,1.22,37.496484,126.957906,3195,0,1,0,-81,-80.6,29758,74,14722
18:14:38,9.111,1652398,1652398,0,1,37.496487,126.957909,0.537,356.4,0.458,1,356.3,"1.930,3.658,10.017","-16.840,53.954,-25.702","-27.150,56.250,14.400",16193,7,1.22,37.496484,126.957906,3195,0,1,0,-83,-81.9,29760,6,14723
18:14:38,9.199,1652464,1652464,0,1,37.496487,126.957909,0.537,356.4,0.458,1,356.3,"2.179,3.261,7.025","-60.679,7.527,-21.664","-23.400,53.550,15.900",16193,7,1.22,37.496484,126.957906,3195,0,1,0,-83,-81.9,29760,72,14723
18:14:38,9.231,1652506,1652506,0,1,37.496487,126.957909,0.537,356.4,0.458,1,356.3,"3.199,3.146,7.044","-64.962,11.382,-19.824","-25.800,50.700,15.600",16194,7,1.22,37.496484,126.957906,3195,0,1,0,-86,-82.8,29761,20,14724
18:14:38,9.231,1652528,1652528,0,1,37.496487,126.957909,0.537,356.4,0.458,1,356.3,"3.084,2.897,6.713","-53.374,24.641,-20.679","-24.750,49.200,17.100",16194,7,1.22,37.496484,126.957906,3195,0,1,0,-79,-82.0,29762,17,14724
18:14:38,9.323,1652550,1652550,0,1,37.496487,126.957909,0.537,356.4,0.458,1,356.3,"3.960,3.112,7.317","-47.473,31.427,-20.840","-24.900,49.350,15.450",16194,7,1.22,37.496484,126.957906,3195,0,1,0,-79,-82.0,29762,39,14724
18:14:39,9.359,1652605,1652605,0,1,37.496487,126.957909,0.537,356.4,0.458,1,356.3,"2.528,2.931,6.709","-31.924,38.534,-24.405","-23.400,48.150,15.900",16195,7,1.22,37.496484,126.957906,3195,0,1,0,-84,-82.4,29763,17,14725
18:14:39,9.359,1652627,1652627,0,1,37.496487,126.957909,0.537,356.4,0.458,1,356.3,"1.681,2.887,6.000","-32.504,34.710,-19.145","-21.300,48.300,14.850",16195,7,1.22,37.496484,126.957906,3195,0,1,0,-81,-82.1,29764,7,14725
18:14:39,9.447,1652671,1652671,0,1,37.496483,126.957909,0.560,356.4,0.602,1,356.3,"2.394,3.831,6.076","-37.908,20.679,-14.649","-19.800,46.800,17.100",16195,7,1.22,37.496477,126.957905,3196,0,1,0,-81,-82.1,29764,51,14725
18:14:39,9.479,1652705,1652693,0,1,37.496483,126.957909,0.560,356.4,0.602,1,356.3,"3.261,4.932,6.354","-26.573,19.542,-9.267","-19.950,46.200,15.150",16196,7,1.22,37.496477,126.957905,3196,0,1,0,-89,-83.5,29765,22,14726
18:14:39,9.480,1652736,1652736,0,1,37.496483,126.957909,0.560,356.4,0.602,1,356.3,"3.347,5.464,6.483","25.664,34.992,-2.458","-18.450,45.450,15.150",16196,7,1.22,37.496477,126.957905,3196,0,1,0,-80,-82.8,29766,22,14726
18:14:39,9.537,1652758,1652758,0,1,37.496483,126.957909,0.560,356.4,0.602,1,356.3,"3.405,6.215,6.431","26.977,28.084,2.290","-18.150,45.450,15.450",16196,7,1.22,37.496477,126.957905,3196,0,1,0,-80,-82.8,29766,44,14726
18:14:39,9.567,1652780,1652780,0,1,37.496479,126.957909,0.575,356.4,0.602,1,356.3,"3.548,6.838,6.871","16.122,7.817,2.221","-18.750,47.250,16.050",16196,7,1.22,37.496477,126.957905,3197,0,1,0,-80,-82.8,29766,66,14726
18:14:39,9.567,1652815,1652815,0,1,37.496479,126.957909,0.575,356.4,0.602,1,356.3,"4.037,7.805,6.120","-1.939,-14.756,8.878","-17.250,46.500,14.850",16197,7,1.22,37.496477,126.957905,3197,0,1,0,-80,-82.8,29766,101,14726
18:14:39,9.567,1652837,1652837,0,1,37.496479,126.957909,0.575,356.4,0.602,1,356.3,"5.468,9.668,5.617","0.130,-22.595,14.573","-15.300,46.050,15.600",16197,7,1.22,37.496477,126.957905,3197,0,1,0,-83,-82.8,29767,4,14726
18:14:39,9.692,1652859,1652859,0,1,37.496479,126.957909,0.575,356.4,0.602,1,356.3,"6.838,8.926,6.378","-17.351,-42.122,17.649","-17.400,46.950,15.900",16197,7,1.22,37.496477,126.957905,3197,0,1,0,-83,-82.8,29767,26,14726
18:14:39,9.750,1652982,1652982,0,1,37.496479,126.957909,0.575,356.4,0.602,1,356.3,"8.040,10.075,6.354","46.260,-46.252,23.382","-22.800,48.300,14.550",16198,7,1.22,37.496477,126.957905,3197,0,1,0,-81,-82.7,29769,27,14727
18:14:39,9.750,1653017,1653017,0,1,37.496479,126.957909,0.575,356.4,0.602,1,356.3,"7.690,9.261,6.742","24.702,-73.427,26.290","-24.300,48.000,16.350",16199,7,1.22,37.496477,126.957905,3197,0,1,0,-80,-82.1,29770,34,14728
18:14:39,9.750,1653038,1653038,0,1,37.496479,126.957909,0.575,356.4,0.602,1,356.3,"7.034,8.926,6.613","49.656,-66.542,26.550","-24.000,49.950,16.350",16199,7,1.22,37.496477,126.957905,3197,0,1,0,-80,-82.1,29770,55,14728
18:14:39,9.750,1653060,1653060,0,1,37.496479,126.957909,0.575,356.4,0.602,1,356.3,"6.158,8.341,8.260","86.748,-56.473,35.405","-29.250,51.450,14.550",16199,7,1.22,37.496477,126.957905,3197,0,1,0,-80,-82.1,29770,77,14728
18:14:39,9.848,1653082,1653082,0,1,37.496479,126.957909,0.575,356.4,0.602,1,356.3,"5.612,8.183,9.797","100.527,-59.840,35.511","-27.750,53.700,16.050",16199,7,1.22,37.496477,126.957905,3197,0,1,0,-80,-82.1,29770,99,14728
18:14:39,9.894,1653117,1653117,0,1,37.496479,126.957909,0.575,356.4,0.602,1,356.3,"-6.139,5.722,19.613","70.435,123.107,-29.511","-30.450,55.800,16.200",16200,7,1.22,37.496477,126.957905,3197,0,1,0,-80,-82.1,29770,134,14728
18:14:39,9.894,1653139,1653139,0,1,37.496479,126.957909,0.575,356.4,0.602,1,356.3,"10.836,0.848,6.958","50.939,-67.969,38.893","-28.650,55.800,15.450",16200,7,1.22,37.496477,126.957905,3197,0,1,0,-87,-83.1,29771,21,14728
18:14:39,9.894,1653161,1653161,0,1,37.496479,126.957909,0.575,356.4,0.602,1,356.3,"-5.569,6.469,10.089","20.237,-2.382,-4.885","-26.700,57.750,16.500",16200,7,1.22,37.496477,126.957905,3197,0,1,0,-87,-83.1,29771,43,14728
18:14:39,9.894,1653183,1653183,0,1,37.496479,126.957909,0.575,356.4,0.602,1,356.3,"-3.783,3.371,10.348","-25.046,-51.496,5.122","-28.500,57.900,13.500",16200,7,1.22,37.496477,126.957905,3197,0,1,0,-87,-83.1,29771,65,14728
18:14:39,9.895,1653216,1653216,0,1,37.496479,126.957909,0.575,356.4,0.602,1,356.3,"-6.000,0.421,8.284","-23.916,14.107,-20.260","-30.450,56.550,15.900",16201,7,1.22,37.496477,126.957905,3197,0,1,0,-79,-81.8,29773,4,14729
18:14:39,9.895,1653238,1653238,0,1,37.496479,126.957909,0.575,356.4,0.602,1,356.3,"-5.449,0.292,7.614","-26.084,22.069,-18.344","-28.950,55.800,15.450",16201,7,1.22,37.496477,126.957905,3197,0,1,0,-79,-81.8,29773,26,14729
18:14:39,9.989,1653282,1653282,0,1,37.496479,126.957909,0.575,356.4,0.602,1,356.3,"-4.152,0.943,8.030","-28.099,44.824,-22.962","-28.950,56.550,16.500",16201,7,1.22,37.496477,126.957905,3197,0,1,0,-79,-81.8,29773,70,14729
18:14:39,10.026,1653316,1653304,0,1,37.496479,126.957909,0.575,356.4,0.602,1,356.3,"-3.208,1.757,9.021","-33.198,42.534,-24.130","-25.050,53.700,15.600",16202,7,1.22,37.496477,126.957905,3197,0,1,0,-82,-81.8,29774,29,14730
18:14:39,10.026,1653324,1653324,0,1,37.496479,126.957909,0.575,356.4,0.602,1,356.3,"-1.686,2.054,8.322","-38.809,46.137,-25.298","-25.650,54.750,15.900",16202,7,1.22,37.496477,126.957905,3197,0,1,0,-80,-81.5,29775,6,14730
18:14:39,10.026,1653346,1653346,0,1,37.496479,126.957909,0.575,356.4,0.602,1,356.3,"0.421,1.992,7.657","-33.046,54.641,-25.885","-22.950,53.100,16.500",16202,7,1.22,37.496477,126.957905,3197,0,1,0,-80,-81.5,29775,28,14730
18:14:39,10.027,1653368,1653368,0,1,37.496479,126.957909,0.575,356.4,0.602,1,356.3,"1.159,2.504,7.053","-27.023,57.863,-25.191","-22.950,53.100,16.500",16202,7,1.22,37.496477,126.957905,3197,0,1,0,-80,-81.5,29775,50,14730
18:14:39,10.180,1653390,1653390,0,1,37.496479,126.957909,0.575,356.4,0.602,1,356.3,"1.662,3.290,6.282","-25.992,51.122,-19.038","-22.650,53.100,16.500",16202,7,1.22,37.496477,126.957905,3197,0,1,0,-80,-81.2,29776,3,14731
18:14:39,10.258,1653523,1653511,0,1,37.496479,126.957909,0.575,356.4,0.602,1,356.3,"8.677,10.060,6.541","8.389,18.359,-22.191","-20.550,49.200,16.800",16204,7,1.22,37.496477,126.957905,3197,0,1,0,-76,-79.5,29778,35,14732
18:14:40,10.439,1653531,1653531,0,1,37.496479,126.957909,0.575,356.4,0.602,1,356.3,"10.008,9.064,7.288","20.374,-13.687,-2.244","-19.950,48.600,16.950",16204,7,1.22,37.496477,126.957905,3197,0,1,0,-76,-79.5,29778,43,14732
18:14:40,10.507,1653553,1653553,0,1,37.496479,126.957909,0.575,356.4,0.602,1,356.3,"8.284,9.567,6.689","18.992,-22.328,-4.298","-19.800,49.950,14.850",16204,7,1.22,37.496477,126.957905,3197,0,1,0,-71,-77.8,29779,21,14732
18:14:40,10.508,1653632,1653632,0,1,37.496479,126.957909,0.575,356.4,0.602,1,356.3,"6.642,8.370,3.242","-3.947,-78.092,23.550","-23.700,52.050,17.250",16205,7,1.22,37.496477,126.957905,3197,0,1,0,-68,-75.8,29780,42,14733
18:14:40,10.508,1653799,1653799,0,1,37.496471,126.957901,0.804,356.3,0.972,1,356.3,"-0.622,5.468,8.317","-22.756,-36.252,-2.084","-22.200,58.950,13.650",16206,7,1.22,37.496468,126.957901,3199,0,1,0,-80,-75.3,29784,11,14735
18:14:40,10.508,1653834,1653834,0,1,37.496471,126.957901,0.804,356.3,0.972,1,356.3,"-3.558,0.043,6.474","-60.786,-39.771,-5.000","-24.000,60.300,16.050",16207,7,1.22,37.496468,126.957901,3199,0,1,0,-84,-77.0,29785,9,14735
18:14:40,10.609,1653856,1653856,0,1,37.496471,126.957901,0.804,356.3,0.972,1,356.3,"-4.918,-0.412,4.472","-29.458,17.786,-9.557","-25.500,57.600,15.300",16207,7,1.22,37.496468,126.957901,3199,0,1,0,-84,-77.0,29785,31,14735
18:14:40,10.646,1653878,1653878,0,1,37.496471,126.957901,0.804,356.3,0.972,1,356.3,"-4.611,0.412,7.427","-6.947,53.802,-10.374","-24.750,56.100,16.050",16207,7,1.22,37.496468,126.957901,3199,0,1,0,-84,-77.0,29785,53,14735
18:14:40,10.646,1653900,1653900,0,1,37.496471,126.957901,0.804,356.3,0.972,1,356.3,"-3.132,1.274,9.304","-16.206,55.267,-10.557","-23.400,56.550,14.700",16207,7,1.22,37.496468,126.957901,3199,0,1,0,-85,-78.6,29786,8,14736
18:14:40,10.646,1653935,1653935,0,1,37.496471,126.957901,0.804,356.3,0.972,1,356.3,"-1.887,2.035,8.590","-51.718,29.618,-8.267","-21.900,58.200,15.450",16208,7,1.22,37.496468,126.957901,3199,0,1,0,-85,-78.6,29786,43,14736
18:14:40,10.646,1653957,1653957,0,1,37.496471,126.957901,0.804,356.3,0.972,1,356.3,"-0.211,2.581,7.968","-55.847,14.954,-7.664","-22.800,55.350,14.850",16208,7,1.22,37.496468,126.957901,3199,0,1,0,-85,-79.9,29787,20,14736
18:14:40,10.646,1653979,1653979,0,1,37.496471,126.957901,0.804,356.3,0.972,1,356.3,"0.555,3.385,7.154","-54.107,6.542,-5.366","-21.150,54.300,14.700",16208,7,1.22,37.496468,126.957901,3199,0,1,0,-85,-79.9,29787,42,14736
18:14:40,10.736,1654036,1654036,0,1,37.496471,126.957901,0.804,356.3,0.972,1,356.3,"4.118,5.334,5.349","-6.672,12.710,-2.924","-22.800,52.200,17.550",16209,7,1.22,37.496468,126.957901,3199,0,1,0,-79,-79.6,29789,5,14737
18:14:40,10.772,1654080,1654080,0,1,37.496471,126.957901,0.804,356.3,0.972,1,356.3,"5.646,8.155,5.119","-11.954,-3.137,-4.565","-20.550,52.950,14.550",16209,7,1.22,37.496468,126.957901,3199,0,1,0,-79,-79.6,29789,49,14737
18:14:40,10.880,1654102,1654102,0,1,37.496471,126.957901,0.804,356.3,0.972,1,356.3,"6.996,8.562,5.507","-29.008,-35.000,-2.802","-21.450,52.350,16.950",16209,7,1.22,37.496468,126.957901,3199,0,1,0,-83,-80.3,29790,13,14738
18:14:40,10.917,1654181,1654181,0,1,37.496471,126.957901,0.804,356.3,0.972,1,356.3,"7.317,10.104,6.785","27.855,-24.634,-1.634","-22.200,51.600,14.700",16210,7,1.22,37.496468,126.957901,3199,0,1,0,-83,-80.8,29791,50,14738
18:14:40,10.917,1654203,1654203,0,1,37.496471,126.957901,0.804,356.3,0.972,1,356.3,"6.378,9.821,5.329","26.656,-32.168,7.008","-24.300,53.400,16.800",16210,7,1.22,37.496468,126.957901,3199,0,1,0,-83,-81.2,29792,14,14739
18:14:40,10.917,1654237,1654237,0,1,37.496471,126.957901,0.804,356.3,0.972,1,356.3,"6.177,7.551,4.324","42.954,-67.740,42.893","-23.550,53.400,16.800",16211,7,1.22,37.496468,126.957901,3199,0,1,0,-84,-81.8,29793,4,14739
18:14:40,11.013,1654281,1654281,0,1,37.496471,126.957901,0.804,356.3,0.972,1,356.3,"5.162,10.290,14.485","87.832,-14.115,13.412","-25.200,54.300,16.500",16211,7,1.22,37.496468,126.957901,3199,0,1,0,-84,-81.8,29793,48,14739
18:14:40,11.049,1654336,1654336,0,1,37.496471,126.957901,0.804,356.3,0.972,1,356.3,"4.827,6.263,-10.755","-14.557,-61.931,7.511","-28.050,57.600,14.250",16212,7,1.22,37.496468,126.957901,3199,0,1,0,-80,-81.3,29795,3,14740
18:14:40,11.050,1654358,1654358,0,1,37.496471,126.957901,0.804,356.3,0.972,1,356.3,"-5.612,1.264,2.289","-6.779,-21.550,-26.359","-27.750,58.350,14.850",16212,7,1.22,37.496468,126.957901,3199,0,1,0,-80,-81.3,29795,25,14740
18:14:40,11.050,1654380,1654380,0,1,37.496471,126.957901,0.804,356.3,0.972,1,356.3,"-3.357,1.101,6.254","-41.786,3.351,-2.038","-27.450,58.200,16.200",16212,7,1.22,37.496468,126.957901,3199,0,1,0,-80,-81.3,29795,47,14740
18:14:40,11.146,1654436,1654424,0,1,37.496471,126.957901,0.804,356.3,0.972,1,356.3,"-0.977,1.714,11.109","10.000,54.504,-6.412","-27.300,55.650,15.600",16213,7,1.22,37.496468,126.957901,3199,0,1,0,-87,-82.9,29797,6,14741
18:14:40,11.182,1654444,1654444,0,1,37.496471,126.957901,0.804,356.3,0.972,1,356.3,"-1.460,2.207,10.238","0.435,64.076,-15.496","-27.150,54.300,15.150",16213,7,1.22,37.496468,126.957901,3199,0,1,0,-87,-82.9,29797,14,14741
18:14:40,11.182,1654488,1654488,0,1,37.496471,126.957901,0.804,356.3,0.972,1,356.3,"-3.347,3.050,7.690","-30.504,38.710,-19.145","-23.550,56.400,14.850",16213,7,1.22,37.496468,126.957901,3199,0,1,0,-87,-82.9,29797,58,14741
18:14:40,11.182,1654510,1654510,0,1,37.496471,126.957901,0.804,356.3,0.972,1,356.3,"-2.375,3.218,7.034","-66.824,15.252,-16.679","-23.550,54.900,15.300",16213,7,1.22,37.496468,126.957901,3199,0,1,0,-84,-83.1,29798,16,14742
18:14:40,11.183,1654543,1654543,0,1,37.496471,126.957901,0.804,356.3,0.972,1,356.3,"-0.637,3.472,4.372","-87.137,-11.076,-4.053","-23.400,53.550,16.500",16214,7,1.22,37.496468,126.957901,3199,0,1,0,-80,-82.5,29799,1,14742
18:14:40,11.275,1654565,1654565,0,1,37.496471,126.957901,0.804,356.3,0.972,1,356.3,"1.695,3.290,4.745","-59.023,4.725,-6.817","-23.400,52.350,16.200",16214,7,1.22,37.496468,126.957901,3199,0,1,0,-80,-82.5,29799,23,14742
18:14:40,11.310,1654587,1654587,0,1,37.496471,126.957901,0.804,356.3,0.972,1,356.3,"2.184,3.768,4.348","-16.679,25.557,-5.573","-23.250,51.000,14.550",16214,7,1.22,37.496468,126.957901,3199,0,1,0,-80,-82.5,29799,45,14742
18:14:41,11.396,1654609,1654609,0,1,37.496471,126.957901,0.804,356.3,0.972,1,356.3,"3.792,4.602,4.927","9.183,38.153,-0.008","-23.250,51.750,15.300",16214,7,1.22,37.496468,126.957901,3199,0,1,0,-85,-83.0,29800,16,14743
18:14:41,11.427,1654643,1654631,0,1,37.496471,126.957901,0.804,356.3,0.972,1,356.3,"4.137,5.492,4.970","19.206,34.489,3.038","-20.550,49.950,14.550",16215,7,1.22,37.496468,126.957901,3199,0,1,0,-85,-83.0,29800,50,14743
18:14:41,11.428,1654652,1654652,0,1,37.496471,126.957901,0.804,356.3,0.972,1,356.3,"4.635,6.843,5.349","15.328,18.702,2.756","-19.950,51.300,16.950",16215,7,1.22,37.496468,126.957901,3199,0,1,0,-81,-82.6,29801,4,14743
18:14:41,11.428,1654674,1654674,0,1,37.496464,126.957901,1.065,331.0,1.548,1,271.9,"6.527,8.212,5.990","3.534,2.366,5.824","-20.400,50.400,15.150",16215,7,1.22,37.496452,126.957900,3200,0,1,0,-81,-82.6,29801,26,14743
18:14:41,11.428,1654696,1654696,0,1,37.496464,126.957901,1.065,331.0,1.548,1,271.9,"8.308,9.179,6.914","4.878,-13.725,7.817","-19.650,52.350,17.250",16215,7,1.22,37.496452,126.957900,3200,0,1,0,-81,-82.3,29802,4,14744
18:14:41,11.428,1654718,1654718,0,1,37.496464,126.957901,1.065,331.0,1.548,1,271.9,"9.529,10.137,6.919","11.084,-35.466,14.252","-20.400,51.600,16.200",16215,7,1.22,37.496452,126.957900,3200,0,1,0,-81,-82.3,29802,26,14744
18:14:41,11.515,1654753,1654753,0,1,37.496464,126.957901,1.065,331.0,1.548,1,271.9,"9.807,10.113,6.847","12.504,-66.466,20.458","-21.300,50.700,16.050",16216,7,1.22,37.496452,126.957900,3200,0,1,0,-82,-82.2,29803,7,14744
18:14:41,11.546,1654775,1654775,0,1,37.496464,126.957901,1.065,331.0,1.548,1,271.9,"10.625,10.233,7.479","33.695,-49.954,9.595","-22.800,52.950,16.800",16216,7,1.22,37.496452,126.957900,3200,0,1,0,-82,-82.2,29803,29,14744
18:14:41,11.547,1654797,1654797,0,1,37.496460,126.957901,1.234,313.3,1.548,1,271.9,"10.199,10.898,9.553","65.916,-21.748,3.366","-24.300,53.700,14.250",16216,7,1.22,37.496452,126.957900,3201,0,1,0,-83,-82.4,29804,4,14745
18:14:41,11.643,1654819,1654819,0,1,37.496460,126.957901,1.234,313.3,1.548,1,271.9,"6.972,11.593,11.095","103.427,-33.771,9.885","-24.900,53.100,15.900",16216,7,1.22,37.496452,126.957900,3201,0,1,0,-83,-82.4,29804,26,14745
18:14:41,11.693,1654854,1654854,0,1,37.496460,126.957901,1.234,313.3,1.548,1,271.9,"10.305,12.996,6.881","72.893,-54.130,-1.298","-24.300,57.600,15.300",16217,7,1.22,37.496452,126.957900,3201,0,1,0,-83,-82.4,29804,61,14745
18:14:41,11.693,1654876,1654876,0,1,37.496460,126.957901,1.234,313.3,1.548,1,271.9,"3.874,0.292,12.627","7.916,0.290,26.382","-27.750,60.300,16.050",16217,7,1.22,37.496452,126.957900,3201,0,1,0,-83,-82.4,29804,83,14745
18:14:41,11.693,1654898,1654898,0,1,37.496456,126.957901,1.234,313.3,1.548,1,271.9,"-3.797,5.981,4.875","0.908,-37.198,32.473","-25.950,57.750,15.900",16217,7,1.22,37.496452,126.957900,3201,0,1,0,-88,-84.1,29806,0,14746
18:14:41,11.693,1654920,1654920,0,1,37.496456,126.957901,1.234,313.3,1.548,1,271.9,"0.455,1.307,7.436","-2.687,2.267,9.038","-26.550,57.600,13.800",16217,7,1.22,37.496452,126.957900,3201,0,1,0,-88,-84.1,29806,22,14746
18:14:41,11.693,1654955,1654955,0,1,37.496456,126.957901,1.234,313.3,1.548,1,271.9,"-3.165,1.288,7.566","-15.763,15.718,0.947","-25.950,57.000,15.450",16218,7,1.22,37.496452,126.957900,3201,0,1,0,-82,-83.7,29807,11,14746
18:14:41,11.693,1654977,1654977,0,1,37.496456,126.957901,1.234,313.3,1.548,1,271.9,"-3.462,0.321,6.761","-21.969,30.786,-7.412","-25.950,58.500,15.150",16218,7,1.22,37.496452,126.957900,3201,0,1,0,-82,-83.7,29807,33,14746
18:14:41,11.788,1654999,1654999,0,1,37.496456,126.957901,1.234,313.3,1.548,1,271.9,"-3.759,-0.005,7.250","-27.153,35.832,-10.855","-25.650,57.450,15.150",16218,7,1.22,37.496452,126.957900,3201,0,1,0,-82,-83.3,29808,0,14747
18:14:41,11.830,1655056,1655056,0,1,37.496456,126.957901,1.234,313.3,1.548,1,271.9,"0.053,1.264,7.824","-25.069,37.565,-18.328","-26.250,57.150,16.050",16219,7,1.22,37.496452,126.957900,3201,0,1,0,-82,-83.3,29808,57,14747
18:14:41,11.830,1655077,1655077,0,1,37.496456,126.957901,1.234,313.3,1.548,1,271.9,"1.140,2.241,8.207","-17.191,42.160,-18.924","-23.400,55.050,16.200",16219,7,1.22,37.496452,126.957900,3201,0,1,0,-87,-84.1,29809,18,14747
18:14:41,11.830,1655099,1655099,0,1,37.496456,126.957901,1.234,313.3,1.548,1,271.9,"1.709,3.275,8.581","6.893,51.634,-19.550","-21.150,55.800,13.950",16219,7,1.22,37.496452,126.957900,3201,0,1,0,-82,-83.7,29810,5,14748
18:14:41,11.830,1655121,1655121,0,1,37.496456,126.957901,1.234,313.3,1.548,1,271.9,"1.714,4.592,9.620","18.099,51.275,-20.649","-22.950,57.000,15.450",16219,7,1.22,37.496452,126.957900,3201,0,1,0,-82,-83.7,29810,27,14748
18:14:41,11.830,1655156,1655156,0,1,37.496456,126.957893,1.234,313.3,1.548,1,271.9,"1.657,5.871,9.591","-19.275,11.954,-20.015","-21.450,56.250,16.200",16220,7,1.22,37.496452,126.957900,3201,0,1,0,-86,-84.1,29811,10,14748
18:14:41,11.830,1655177,1655177,0,1,37.496456,126.957893,1.234,313.3,1.548,1,271.9,"2.337,5.957,9.955","-40.504,-5.786,-20.252","-19.050,55.650,15.300",16220,7,1.22,37.496452,126.957900,3201,0,1,0,-86,-84.1,29811,31,14748
18:14:41,11.831,1655199,1655199,0,1,37.496456,126.957893,1.234,313.3,1.548,1,271.9,"2.835,5.784,8.389","-54.153,-22.183,-21.565","-19.800,55.650,16.350",16220,7,1.22,37.496452,126.957900,3201,0,1,0,-85,-84.3,29812,3,14749
18:14:41,11.916,1655221,1655221,0,1,37.496456,126.957893,1.234,313.3,1.548,1,271.9,"3.036,5.100,6.507","-38.863,-6.863,-19.244","-19.650,54.300,15.450",16220,7,1.22,37.496452,126.957900,3201,0,1,0,-85,-84.3,29812,25,14749
18:14:41,11.957,1655254,1655254,0,1,37.496456,126.957893,1.234,313.3,1.548,1,271.9,"3.601,5.564,6.579","-16.534,17.489,-20.244","-21.000,52.200,16.800",16221,7,1.22,37.496452,126.957900,3201,0,1,0,-85,-84.3,29812,58,14749
18:14:41,11.957,1655276,1655276,0,1,37.496456,126.957893,1.234,313.3,1.548,1,271.9,"3.663,5.574,5.746","-26.763,10.489,-21.015","-20.550,53.700,15.300",16221,7,1.22,37.496452,126.957900,3201,0,1,0,-85,-84.3,29812,80,14749
18:14:41,12.056,1655298,1655298,0,1,37.496456,126.957893,1.234,313.3,1.548,1,271.9,"3.658,5.382,5.430","-29.733,7.878,-20.214","-20.400,51.600,14.400",16221,7,1.22,37.496452,126.957900,3201,0,1,0,-85,-84.3,29812,102,14749
18:14:41,12.093,1655384,1655384,0,1,37.496456,126.957893,1.234,313.3,1.548,1,271.9,"6.723,7.829,5.780","-56.542,-40.878,3.031","-20.250,49.950,15.300",16222,7,1.22,37.496452,126.957900,3201,0,1,0,-82,-83.8,29813,82,14750
18:14:41,12.093,1655406,1655406,0,1,37.496456,126.957893,1.234,313.3,1.548,1,271.9,"6.953,9.400,4.448","-49.542,-46.870,11.939","-21.450,49.350,16.500",16222,7,1.22,37.496452,126.957900,3201,0,1,0,-89,-84.9,29814,6,14751
18:14:41,12.179,1655428,1655428,0,1,37.496456,126.957893,1.234,313.3,1.548,1,271.9,"8.049,9.495,3.721","-33.176,-50.878,17.397","-22.650,49.350,16.950",16222,7,1.22,37.496452,126.957900,3201,0,1,0,-89,-84.9,29814,28,14751
18:14:41,12.211,1655461,1655461,0,1,37.496452,126.957893,1.234,313.3,1.548,1,271.9,"8.356,10.290,4.343","-10.046,-59.786,27.405","-22.050,47.550,16.050",16223,7,1.22,37.496452,126.957900,3201,0,1,0,-89,-84.9,29814,61,14751
18:14:41,12.211,1655505,1655505,0,1,37.496452,126.957893,1.234,313.3,1.548,1,271.9,"9.586,7.499,6.819","24.130,-57.237,22.718","-25.050,46.800,16.350",16223,7,1.22,37.496452,126.957900,3201,0,1,0,-85,-84.9,29815,3,14752
18:14:41,12.295,1655527,1655527,0,1,37.496452,126.957893,1.234,313.3,1.548,1,271.9,"7.901,8.629,5.080","22.710,-68.351,34.229","-25.050,46.050,16.350",16223,7,1.22,37.496452,126.957900,3201,0,1,0,-85,-84.9,29815,25,14752
18:14:42,12.413,1655561,1655549,0,1,37.496452,126.957893,1.234,313.3,1.548,1,271.9,"7.719,8.107,6.139","43.084,-66.626,36.176","-25.950,46.950,16.500",16224,7,1.22,37.496452,126.957900,3201,0,1,0,-85,-84.9,29815,59,14752
18:14:42,12.444,1655691,1655691,0,1,37.496445,126.957893,1.431,285.5,1.795,1,220.8,"-2.959,-3.041,5.406","-22.534,27.344,-22.076","-25.950,54.000,17.250",16225,7,1.22,37.496434,126.957900,3202,0,1,0,-87,-86.3,29817,91,14753
18:14:42,12.444,1655713,1655713,0,1,37.496445,126.957893,1.431,285.5,1.795,1,220.8,"-3.448,-2.428,8.753","10.687,80.076,-17.099","-25.500,53.700,17.100",16225,7,1.22,37.496434,126.957900,3202,0,1,0,-92,-87.4,29818,7,14754
18:14:42,12.607,1655735,1655735,0,1,37.496445,126.957893,1.431,285.5,1.795,1,220.8,"-4.223,-1.791,10.640","17.595,85.527,4.305","-23.400,51.600,15.450",16225,7,1.22,37.496434,126.957900,3202,0,1,0,-92,-87.4,29818,29,14754
18:14:42,12.667,1655937,1655937,0,1,37.496437,126.957893,1.558,266.1,1.795,1,220.8,"6.804,7.920,6.110","-9.664,-13.237,-1.229","-22.800,44.850,16.050",16227,7,1.22,37.496434,126.957900,3203,0,1,0,-85,-86.5,29822,21,14756
18:14:42,12.667,1655972,1655972,0,1,37.496437,126.957893,1.558,266.1,1.795,1,220.8,"7.786,9.428,6.282","-1.580,-12.542,-1.489","-23.400,46.650,16.500",16228,7,1.22,37.496434,126.957900,3203,0,1,0,-85,-86.5,29822,56,14756
18:14:42,12.767,1655993,1655993,0,1,37.496437,126.957893,1.558,266.1,1.795,1,220.8,"8.590,9.165,7.475","-4.214,-25.053,-0.389","-22.500,43.800,17.850",16228,7,1.22,37.496434,126.957900,3203,0,1,0,-88,-86.8,29823,18,14756
18:14:42,12.809,1656037,1656037,0,1,37.496437,126.957893,1.558,266.1,1.795,1,220.8,"8.844,8.016,6.953","-23.756,-63.229,3.901","-24.000,45.600,16.350",16228,7,1.22,37.496434,126.957900,3203,0,1,0,-88,-86.8,29823,62,14756
18:14:42,12.809,1656072,1656072,0,1,37.496437,126.957893,1.558,266.1,1.795,1,220.8,"8.035,6.800,5.195","-11.321,-69.977,10.000","-27.150,44.700,16.500",16229,7,1.22,37.496434,126.957900,3203,0,1,0,-83,-86.0,29824,12,14756
18:14:42,12.809,1656094,1656094,0,1,37.496437,126.957893,1.558,266.1,1.795,1,220.8,"7.915,6.096,4.549","14.534,-60.298,3.534","-29.400,44.700,15.900",16229,7,1.22,37.496434,126.957900,3203,0,1,0,-83,-86.0,29824,34,14756
18:14:42,12.809,1656116,1656116,0,1,37.496437,126.957893,1.558,266.1,1.795,1,220.8,"7.896,5.751,5.066","52.008,-41.015,9.305","-30.300,43.350,16.350",16229,7,1.22,37.496434,126.957900,3203,0,1,0,-87,-86.2,29825,15,14757
18:14:42,12.809,1656138,1656138,0,1,37.496437,126.957893,1.558,266.1,1.795,1,220.8,"8.447,5.904,7.269","73.931,-25.687,9.794","-29.550,44.550,16.350",16229,7,1.22,37.496434,126.957900,3203,0,1,0,-87,-86.2,29825,37,14757
18:14:42,12.810,1656173,1656173,0,1,37.496433,126.957893,1.558,266.1,1.795,1,220.8,"-15.907,-11.899,19.613","85.626,-36.168,-18.115","-31.650,46.650,15.150",16230,7,1.22,37.496434,126.957900,3203,0,1,0,-87,-86.2,29825,72,14757
18:14:42,12.913,1656195,1656195,0,1,37.496433,126.957893,1.558,266.1,1.795,1,220.8,"6.416,7.594,12.110","24.122,9.000,-6.328","-31.200,48.600,16.500",16230,7,1.22,37.496434,126.957900,3203,0,1,0,-87,-86.2,29825,94,14757
18:14:42,12.950,1656217,1656217,0,1,37.496433,126.957893,1.558,266.1,1.795,1,220.8,"3.452,5.737,5.593","24.550,-31.229,11.351","-32.400,49.650,15.900",16230,7,1.22,37.496434,126.957900,3203,0,1,0,-86,-86.2,29826,14,14758
18:14:42,13.047,1656239,1656239,0,1,37.496433,126.957893,1.558,266.1,1.795,1,220.8,"3.773,3.496,10.750","-15.802,-5.069,-8.718","-33.150,48.900,15.900",16230,7,1.22,37.496434,126.957900,3203,0,1,0,-86,-86.2,29826,36,14758
18:14:42,13.084,1656272,1656272,0,1,37.496433,126.957893,1.558,266.1,1.795,1,220.8,"1.111,1.753,7.465","-57.649,-22.580,-19.450","-32.700,46.950,16.200",16231,7,1.22,37.496434,126.957900,3203,0,1,0,-86,-86.2,29826,69,14758
18:14:42,13.084,1656294,1656294,0,1,37.496433,126.957893,1.558,266.1,1.795,1,220.8,"-1.681,-0.474,5.444","-41.244,15.786,-29.389","-32.550,46.050,17.100",16231,7,1.22,37.496434,126.957900,3203,0,1,0,-86,-86.1,29827,21,14758
18:14:42,13.084,1656338,1656338,0,1,37.496433,126.957893,1.558,266.1,1.795,1,220.8,"-3.017,0.086,7.049","-21.092,78.672,-35.779","-31.500,46.050,18.150",16231,7,1.22,37.496434,126.957900,3203,0,1,0,-86,-86.1,29827,65,14758
18:14:42,13.084,1656372,1656360,0,1,37.496433,126.957893,1.558,266.1,1.795,1,220.8,"-3.002,0.431,7.652","-34.809,71.725,-32.908","-30.150,46.650,16.500",16232,7,1.22,37.496434,126.957900,3203,0,1,0,-86,-86.1,29828,1,14758
18:14:42,13.089,1656380,1656380,0,1,37.496433,126.957893,1.558,266.1,1.795,1,220.8,"-1.973,0.115,8.226","-57.626,45.565,-30.153","-29.250,45.300,16.050",16232,7,1.22,37.496434,126.957900,3203,0,1,0,-86,-86.1,29828,9,14758
18:14:42,13.195,1656402,1656402,0,1,37.496429,126.957893,1.558,266.1,1.795,1,220.8,"-1.135,0.297,7.298","-73.550,21.618,-28.504","-27.000,44.850,16.350",16232,7,1.22,37.496434,126.957900,3203,0,1,0,-86,-86.1,29828,31,14758
18:14:42,13.234,1656424,1656424,0,1,37.496429,126.957893,1.558,266.1,1.795,1,220.8,"0.565,0.369,6.182","-72.176,2.733,-15.092","-27.300,42.600,17.100",16232,7,1.22,37.496434,126.957900,3203,0,1,0,-85,-85.9,29829,17,14759
18:14:42,13.234,1656446,1656446,0,1,37.496429,126.957893,1.558,266.1,1.795,1,220.8,"1.657,1.824,4.630","-61.145,-23.038,-2.863","-28.050,42.150,15.300",16232,7,1.22,37.496434,126.957900,3203,0,1,0,-85,-85.9,29829,39,14759
18:14:42,13.234,1656479,1656479,0,1,37.496429,126.957893,1.558,266.1,1.795,1,220.8,"3.127,3.788,4.990","-20.656,13.298,-10.588","-26.400,40.800,17.700",16233,7,1.22,37.496434,126.957900,3203,0,1,0,-85,-85.7,29830,8,14759
18:14:42,13.234,1656501,1656501,0,1,37.496429,126.957893,1.558,266.1,1.795,1,220.8,"5.109,4.640,5.957","3.229,28.641,-15.802","-27.900,42.000,14.400",16233,7,1.22,37.496434,126.957900,3203,0,1,0,-85,-85.7,29830,30,14759
18:14:42,13.239,1656523,1656523,0,1,37.496429,126.957893,1.558,266.1,1.795,1,220.8,"5.243,5.727,7.005","4.206,24.626,-22.618","-27.900,40.800,15.150",16233,7,1.22,37.496434,126.957900,3203,0,1,0,-88,-86.2,29831,16,14760
18:14:43,13.341,1656545,1656545,0,1,37.496429,126.957893,1.558,266.1,1.795,1,220.8,"6.507,5.430,7.116","-3.725,18.481,-34.710","-27.450,41.700,13.950",16233,7,1.22,37.496434,126.957900,3203,0,1,0,-88,-86.2,29831,38,14760
18:14:43,13.379,1656579,1656567,0,1,37.496429,126.957893,1.558,266.1,1.795,1,220.8,"8.145,5.890,8.926","-7.412,-23.649,-27.527","-26.250,41.100,17.100",16234,7,1.22,37.496434,126.957900,3203,0,1,0,-88,-86.2,29831,72,14760
18:14:43,13.380,1656593,1656593,0,1,37.496429,126.957893,1.558,266.1,1.795,1,220.8,"7.930,7.345,6.445","-11.504,-47.504,-18.481","-25.800,39.900,16.050",16234,7,1.22,37.496434,126.957900,3203,0,1,0,-87,-86.3,29832,13,14760
18:14:43,13.380,1656615,1656615,0,1,37.496429,126.957893,1.558,266.1,1.795,1,220.8,"9.299,7.120,6.790","-18.267,-67.344,-18.023","-28.050,41.100,15.600",16234,7,1.22,37.496434,126.957900,3203,0,1,0,-85,-86.1,29833,5,14761
18:14:43,13.380,1656637,1656637,0,1,37.496429,126.957893,1.558,266.1,1.795,1,220.8,"9.347,7.240,4.769","14.229,-55.481,-19.107","-28.050,39.450,14.250",16234,7,1.22,37.496434,126.957900,3203,0,1,0,-85,-86.1,29833,27,14761
18:14:43,13.380,1656659,1656659,0,1,37.496426,126.957893,1.558,266.1,1.795,1,220.8,"8.624,7.618,5.057","53.282,-30.809,-12.687","-30.300,39.150,15.300",16234,7,1.22,37.496434,126.957900,3203,0,1,0,-85,-86.1,29833,49,14761
18:14:43,13.472,1656687,1656687,0,1,37.496426,126.957893,1.348,252.5,0.957,1,220.8,"8.140,8.619,7.039","68.053,-30.985,-4.290","-31.050,42.600,15.600",16235,7,1.22,37.496421,126.957897,3204,0,1,0,-86,-86.1,29834,2,14761
18:14:43,13.510,1656709,1656709,0,1,37.496426,126.957893,1.348,252.5,0.957,1,220.8,"7.767,8.820,7.101","43.450,-58.863,0.527","-31.950,43.200,16.200",16235,7,1.22,37.496421,126.957897,3204,0,1,0,-84,-85.6,29835,1,14762
18:14:43,13.510,1656731,1656731,0,1,37.496426,126.957893,1.348,252.5,0.957,1,220.8,"8.131,8.710,7.044","14.359,-88.725,-1.092","-30.150,42.450,16.500",16235,7,1.22,37.496421,126.957897,3204,0,1,0,-84,-85.6,29835,23,14762
18:14:43,13.510,1656753,1656753,0,1,37.496426,126.957893,1.348,252.5,0.957,1,220.8,"8.351,8.408,5.751","-0.267,-97.603,1.641","-32.700,42.450,14.700",16235,7,1.22,37.496421,126.957897,3204,0,1,0,-84,-85.6,29835,45,14762
18:14:43,13.511,1656788,1656788,0,1,37.496422,126.957893,1.211,243.0,0.957,1,220.8,"10.764,10.625,6.206","34.550,23.962,-2.489","-38.250,43.050,13.800",16236,7,1.22,37.496421,126.957897,3205,0,1,0,-85,-85.5,29836,7,14762
18:14:43,13.511,1656832,1656832,0,1,37.496422,126.957893,1.211,243.0,0.957,1,220.8,"11.487,9.313,15.711","64.824,18.389,-0.389","-36.450,44.250,14.400",16236,7,1.22,37.496421,126.957897,3205,0,1,0,-85,-85.5,29836,51,14762
18:14:43,13.598,1656854,1656854,0,1,37.496422,126.957893,1.211,243.0,0.957,1,220.8,"7.949,8.054,12.086","50.969,19.786,-20.267","-34.500,44.850,16.350",16236,7,1.22,37.496421,126.957897,3205,0,1,0,-85,-85.5,29836,73,14762
18:14:43,13.631,1656889,1656889,0,1,37.496422,126.957893,1.211,243.0,0.957,1,220.8,"-0.067,1.867,15.122","-42.229,-75.718,-8.763","-36.300,47.250,16.800",16237,7,1.22,37.496421,126.957897,3205,0,1,0,-85,-85.4,29837,7,14762
18:14:43,13.631,1656911,1656911,0,1,37.496422,126.957893,1.211,243.0,0.957,1,220.8,"-1.551,-0.680,4.022","-42.763,-59.718,-9.847","-34.800,46.500,15.300",16237,7,1.22,37.496421,126.957897,3205,0,1,0,-85,-85.4,29837,29,14762
18:14:43,13.631,1656933,1656933,0,1,37.496422,126.957893,1.211,243.0,0.957,1,220.8,"-3.251,-1.460,6.785","-11.137,-1.374,-15.145","-37.800,45.600,15.600",16237,7,1.22,37.496421,126.957897,3205,0,1,0,-85,-85.4,29837,51,14762
18:14:43,13.742,1656955,1656955,0,1,37.496422,126.957893,1.211,243.0,0.957,1,220.8,"-1.867,-0.871,9.242","-9.832,16.565,-14.282","-34.650,45.150,15.450",16237,7,1.22,37.496421,126.957897,3205,0,1,0,-85,-85.4,29837,73,14762
18:14:43,13.808,1657056,1657056,0,1,37.496418,126.957893,1.211,243.0,0.957,1,220.8,"1.504,1.073,6.330","-20.931,38.611,-14.771","-36.750,42.600,16.350",16238,7,1.22,37.496421,126.957897,3205,0,1,0,-88,-86.2,29839,31,14763
18:14:43,13.808,1657091,1657091,0,1,37.496418,126.957893,1.211,243.0,0.957,1,220.8,"3.069,2.763,7.695","3.206,48.595,-10.321","-35.400,44.250,15.150",16239,7,1.22,37.496421,126.957897,3205,0,1,0,-88,-86.2,29839,66,14763
18:14:43,13.911,1657113,1657113,0,1,37.496418,126.957893,1.211,243.0,0.957,1,220.8,"3.395,3.941,7.786","-1.878,40.160,-13.000","-34.650,42.450,16.200",16239,7,1.22,37.496421,126.957897,3205,0,1,0,-79,-84.7,29840,11,14763
18:14:43,13.963,1657135,1657135,0,1,37.496418,126.957893,1.211,243.0,0.957,1,220.8,"3.338,4.482,7.743","-18.878,17.916,-3.099","-32.550,43.350,16.800",16239,7,1.22,37.496421,126.957897,3205,0,1,0,-79,-83.6,29841,17,14764
18:14:43,13.963,1657157,1657157,0,1,37.496418,126.957893,1.211,243.0,0.957,1,220.8,"3.879,5.444,7.709","-21.672,10.588,4.206","-34.200,44.250,16.500",16239,7,1.22,37.496421,126.957897,3205,0,1,0,-79,-83.6,29841,39,14764
18:14:43,13.963,1657190,1657190,0,1,37.496418,126.957893,1.211,243.0,0.957,1,220.8,"5.186,5.531,7.317","-23.763,-0.305,7.779","-32.550,43.050,16.350",16240,7,1.22,37.496421,126.957897,3205,0,1,0,-79,-83.6,29841,72,14764
18:14:43,13.964,1657212,1657212,0,1,37.496418,126.957893,1.211,243.0,0.957,1,220.8,"5.492,5.047,7.288","-24.397,-6.885,14.809","-33.000,42.150,16.350",16240,7,1.22,37.496421,126.957897,3205,0,1,0,-79,-83.6,29841,94,14764
18:14:43,13.964,1657234,1657234,0,1,37.496418,126.957893,1.211,243.0,0.957,1,220.8,"5.416,5.210,6.747","-23.046,-10.809,14.260","-31.050,41.100,15.600",16240,7,1.22,37.496421,126.957897,3205,0,1,0,-86,-84.1,29842,21,14765
18:14:43,13.964,1657256,1657256,0,1,37.496418,126.957893,1.211,243.0,0.957,1,220.8,"6.187,6.393,5.569","-22.229,-16.557,18.389","-32.250,41.400,15.300",16240,7,1.22,37.496421,126.957897,3205,0,1,0,-86,-84.1,29842,43,14765
18:14:43,14.062,1657290,1657278,0,1,37.496418,126.957893,1.211,243.0,0.957,1,220.8,"7.202,6.756,6.019","-13.000,-16.802,21.115","-32.400,43.200,15.900",16241,7,1.22,37.496421,126.957897,3205,0,1,0,-86,-84.1,29842,77,14765
18:14:43,14.112,1657298,1657298,0,1,37.496418,126.957893,1.211,243.0,0.957,1,220.8,"7.159,6.656,6.201","1.626,-15.374,22.580","-34.500,40.350,15.600",16241,7,1.22,37.496421,126.957897,3205,0,1,0,-86,-84.1,29842,85,14765
18:14:43,14.112,1657320,1657320,0,1,37.496414,126.957893,1.211,243.0,0.957,1,220.8,"7.278,6.991,5.756","20.160,-16.298,22.656","-32.700,39.750,15.150",16241,7,1.22,37.496421,126.957897,3205,0,1,0,-87,-85.5,29844,4,14766
18:14:43,14.112,1657342,1657342,0,1,37.496414,126.957893,1.211,243.0,0.957,1,220.8,"7.867,7.412,5.502","31.634,-12.305,24.679","-31.950,42.000,13.950",16241,7,1.22,37.496421,126.957897,3205,0,1,0,-87,-85.5,29844,26,14766
18:14:43,14.113,1657364,1657364,0,1,37.496414,126.957893,1.211,243.0,0.957,1,220.8,"8.720,7.796,5.224","43.733,-14.153,25.725","-33.450,43.200,16.200",16241,7,1.22,37.496421,126.957897,3205,0,1,0,-87,-85.5,29844,48,14766
18:14:43,14.210,1657397,1657397,0,1,37.496414,126.957893,1.211,243.0,0.957,1,220.8,"9.543,8.284,6.225","46.168,-26.328,25.191","-33.450,41.700,15.150",16242,7,1.22,37.496421,126.957897,3205,0,1,0,-87,-85.5,29844,81,14766
18:14:43,14.249,1657419,1657419,0,1,37.496414,126.957893,1.211,243.0,0.957,1,220.8,"19.613,19.613,-12.325","94.931,-73.939,40.947","-34.050,42.150,14.550",16242,7,1.22,37.496421,126.957897,3205,0,1,0,-89,-86.2,29845,6,14766
18:14:43,14.250,1657441,1657441,0,1,37.496414,126.957893,1.211,243.0,0.957,1,220.8,"19.613,8.509,19.613","-20.832,-142.427,140.641","-33.450,43.200,15.450",16242,7,1.22,37.496421,126.957897,3205,0,1,0,-88,-86.5,29846,20,14767
18:14:43,14.250,1657497,1657485,0,1,37.496414,126.957893,1.211,243.0,0.957,1,220.8,"13.446,0.460,-1.676","81.733,12.985,4.855","-36.300,44.850,15.600",16243,7,1.22,37.496421,126.957897,3205,0,1,0,-88,-86.8,29847,4,14767
18:14:43,14.250,1657505,1657505,0,1,37.496414,126.957893,1.211,243.0,0.957,1,220.8,"10.410,2.188,11.732","44.000,-17.534,8.748","-35.550,47.550,16.350",16243,7,1.22,37.496421,126.957897,3205,0,1,0,-88,-86.8,29847,12,14767
18:14:43,14.250,1657549,1657549,0,1,37.496414,126.957893,1.211,243.0,0.957,1,220.8,"0.441,1.226,5.717","-40.969,-64.237,-5.168","-35.550,47.550,15.300",16243,7,1.22,37.496421,126.957897,3205,0,1,0,-88,-86.8,29847,56,14767
18:14:44,14.342,1657571,1657571,0,1,37.496414,126.957893,1.211,243.0,0.957,1,220.8,"-0.560,-1.231,5.191","-15.618,-11.183,-4.366","-36.900,45.150,14.400",16243,7,1.22,37.496421,126.957897,3205,0,1,0,-88,-86.8,29847,78,14767
18:14:44,14.380,1657604,1657604,0,1,37.496414,126.957893,1.211,243.0,0.957,1,220.8,"-2.658,-1.470,6.474","21.710,34.366,3.366","-35.400,43.950,13.950",16244,7,1.22,37.496421,126.957897,3205,0,1,0,-86,-86.7,29848,11,14767
18:14:44,14.380,1657626,1657626,0,1,37.496410,126.957893,1.211,243.0,0.957,1,220.8,"-1.398,-0.752,8.361","9.374,40.954,7.046","-34.650,46.200,15.150",16244,7,1.22,37.496421,126.957897,3205,0,1,0,-92,-87.7,29849,2,14768
18:14:44,14.466,1657670,1657670,0,1,37.496410,126.957893,1.211,243.0,0.957,1,220.8,"0.613,0.101,7.843","-30.702,16.084,15.511","-34.800,46.500,16.050",16244,7,1.22,37.496421,126.957897,3205,0,1,0,-92,-87.7,29849,46,14768
18:14:44,14.499,1657704,1657692,0,1,37.496410,126.957893,1.189,231.7,1.147,1,205.4,"2.313,-0.196,6.766","-25.611,19.336,13.779","-31.650,45.150,16.500",16245,7,1.22,37.496410,126.957899,3206,0,1,0,-82,-86.6,29850,2,14768
18:14:44,14.499,1657757,1657757,0,1,37.496410,126.957893,1.189,231.7,1.147,1,205.4,"3.859,2.883,7.503","-2.504,19.595,15.282","-32.400,43.200,16.200",16245,7,1.22,37.496410,126.957899,3206,0,1,0,-85,-86.3,29851,25,14769
18:14:44,14.499,1657779,1657779,0,1,37.496410,126.957893,1.189,231.7,1.147,1,205.4,"4.549,3.946,6.737","-6.038,14.244,13.611","-31.050,43.350,16.350",16245,7,1.22,37.496410,126.957899,3206,0,1,0,-85,-86.3,29851,47,14769
18:14:44,14.591,1657814,1657814,0,1,37.496410,126.957893,1.174,223.8,1.147,1,205.4,"5.258,5.507,6.689","-5.328,10.244,9.153","-32.550,43.800,16.050",16246,7,1.22,37.496410,126.957899,3207,0,1,0,-85,-86.3,29851,82,14769
18:14:44,14.629,1657835,1657835,0,1,37.496410,126.957893,1.174,223.8,1.147,1,205.4,"5.976,6.043,5.856","-3.626,5.809,4.939","-31.500,44.850,16.050",16246,7,1.22,37.496410,126.957899,3207,0,1,0,-87,-86.8,29853,6,14770
18:14:44,14.629,1657857,1657857,0,1,37.496410,126.957893,1.174,223.8,1.147,1,205.4,"6.517,6.416,5.492","6.626,12.115,-1.275","-31.950,43.500,14.400",16246,7,1.22,37.496410,126.957899,3207,0,1,0,-87,-86.8,29853,28,14770
18:14:44,14.629,1657879,1657879,0,1,37.496410,126.957893,1.174,223.8,1.147,1,205.4,"7.326,7.317,5.507","24.336,22.412,-6.664","-28.800,43.800,16.050",16246,7,1.22,37.496410,126.957899,3207,0,1,0,-87,-86.8,29853,50,14770
18:14:44,14.629,1657914,1657914,0,1,37.496407,126.957893,1.174,223.8,1.147,1,205.4,"7.580,8.016,5.880","38.122,26.756,-9.611","-31.800,43.800,15.600",16247,7,1.22,37.496410,126.957899,3207,0,1,0,-82,-85.9,29854,13,14770
18:14:44,14.630,1657935,1657935,0,1,37.496407,126.957893,1.174,223.8,1.147,1,205.4,"6.886,7.614,5.837","38.092,18.099,-8.626","-30.900,46.950,15.150",16247,7,1.22,37.496410,126.957899,3207,0,1,0,-81,-84.9,29855,12,14771
18:14:44,14.721,1657957,1657957,0,1,37.496407,126.957893,1.174,223.8,1.147,1,205.4,"5.454,7.355,5.942","46.260,15.817,-4.672","-30.000,47.250,17.100",16247,7,1.22,37.496410,126.957899,3207,0,1,0,-81,-84.9,29855,34,14771
18:14:44,14.759,1657979,1657979,0,1,37.496407,126.957893,1.174,223.8,1.147,1,205.4,"5.152,7.609,6.613","36.855,-4.817,2.145","-29.250,48.000,15.300",16247,7,1.22,37.496410,126.957899,3207,0,1,0,-81,-84.9,29855,56,14771
18:14:44,14.759,1658036,1658036,0,1,37.496407,126.957893,1.174,223.8,1.147,1,205.4,"6.603,7.834,5.387","-7.450,-63.649,17.603","-28.950,46.950,16.950",16248,7,1.22,37.496410,126.957899,3207,0,1,0,-85,-84.8,29857,13,14772
18:14:44,14.759,1658058,1658058,0,1,37.496407,126.957893,1.174,223.8,1.147,1,205.4,"7.714,7.901,5.588","6.435,-55.168,20.221","-31.650,48.150,15.150",16248,7,1.22,37.496410,126.957899,3207,0,1,0,-85,-84.8,29857,35,14772
18:14:44,14.759,1658080,1658080,0,1,37.496407,126.957893,1.174,223.8,1.147,1,205.4,"19.613,19.613,-9.366","66.985,-66.672,16.718","-33.150,47.400,14.400",16248,7,1.22,37.496410,126.957899,3207,0,1,0,-85,-84.8,29857,57,14772
18:14:44,14.852,1658115,1658115,0,1,37.496407,126.957893,1.174,223.8,1.147,1,205.4,"2.217,9.950,8.801","16.267,16.321,-6.351","-36.000,49.200,14.250",16249,7,1.22,37.496410,126.957899,3207,0,1,0,-82,-84.2,29858,1,14772
18:14:44,14.893,1658137,1658137,0,1,37.496407,126.957893,1.174,223.8,1.147,1,205.4,"11.559,11.133,14.566","41.504,58.611,-39.405","-34.050,49.200,14.850",16249,7,1.22,37.496410,126.957899,3207,0,1,0,-85,-84.4,29859,6,14773
18:14:44,14.893,1658159,1658159,0,1,37.496407,126.957893,1.174,223.8,1.147,1,205.4,"5.990,5.646,-0.852","12.511,-45.878,17.748","-32.700,50.100,13.950",16249,7,1.22,37.496410,126.957899,3207,0,1,0,-85,-84.4,29859,28,14773
18:14:44,14.893,1658181,1658181,0,1,37.496407,126.957893,1.174,223.8,1.147,1,205.4,"4.343,2.404,5.306","-31.214,-30.771,-10.672","-32.550,49.950,14.550",16249,7,1.22,37.496410,126.957899,3207,0,1,0,-85,-84.4,29859,50,14773
18:14:44,14.893,1658236,1658236,0,1,37.496407,126.957893,1.174,223.8,1.147,1,205.4,"-1.666,0.230,5.804","5.344,41.282,-20.405","-33.900,48.900,15.450",16250,7,1.22,37.496410,126.957899,3207,0,1,0,-89,-85.7,29861,3,14774
18:14:44,14.893,1658258,1658258,0,1,37.496407,126.957893,1.174,223.8,1.147,1,205.4,"-1.786,0.924,8.083","3.947,51.786,-24.786","-33.300,49.500,15.300",16250,7,1.22,37.496410,126.957899,3207,0,1,0,-89,-85.7,29861,25,14774
18:14:44,15.063,1658280,1658280,0,1,37.496403,126.957893,1.174,223.8,1.147,1,205.4,"-1.528,1.437,9.017","-19.374,35.435,-21.832","-33.750,50.250,12.300",16250,7,1.22,37.496410,126.957899,3207,0,1,0,-89,-85.7,29861,47,14774
18:14:44,15.308,1658394,1658394,0,1,37.496403,126.957893,1.174,223.8,1.147,1,205.4,"3.323,4.492,6.373","-22.931,-1.557,-12.771","-32.700,47.850,15.900",16251,7,1.22,37.496410,126.957899,3207,0,1,0,-89,-85.7,29861,161,14774
18:14:45,15.391,1658465,1658465,0,1,37.496403,126.957893,1.174,223.8,1.147,1,205.4,"4.673,5.842,6.325","0.725,6.756,-13.786","-29.400,45.900,14.700",16252,7,1.22,37.496410,126.957899,3207,0,1,0,-87,-86.0,29862,30,14775
18:14:45,15.391,1658487,1658487,0,1,37.496403,126.957893,1.174,223.8,1.147,1,205.4,"4.827,5.986,6.598","0.229,3.031,-13.718","-31.200,44.700,15.150",16252,7,1.22,37.496410,126.957899,3207,0,1,0,-87,-86.0,29862,52,14775
18:14:45,15.391,1658695,1658695,0,1,37.496399,126.957893,1.156,218.4,1.121,1,205.9,"19.613,3.917,19.613","14.985,-1.656,33.466","-30.750,48.750,16.350",16254,7,1.22,37.496398,126.957893,3208,0,1,0,-81,-84.2,29865,71,14776
18:14:45,15.523,1658730,1658730,0,1,37.496399,126.957893,1.156,218.4,1.121,1,205.9,"19.613,1.633,-5.033","-22.863,-93.595,84.771","-31.200,50.850,15.450",16255,7,1.22,37.496398,126.957893,3208,0,1,0,-88,-85.4,29867,5,14777
18:14:45,15.590,1658874,1658874,0,1,37.496399,126.957893,1.144,214.7,1.121,1,205.9,"9.419,18.857,16.486","-34.038,-34.901,18.092","-34.650,59.700,12.900",16256,7,1.22,37.496398,126.957893,3209,0,1,0,-90,-87.1,29869,46,14778
18:14:45,15.590,1658896,1658896,0,1,37.496399,126.957893,1.144,214.7,1.121,1,205.9,"10.812,18.440,10.520","-143.527,-114.252,15.550","-34.050,57.600,12.750",16256,7,1.22,37.496398,126.957893,3209,0,1,0,-90,-87.1,29869,68,14778
18:14:45,15.590,1658931,1658931,0,1,37.496395,126.957893,1.144,214.7,1.121,1,205.9,"4.367,7.839,-0.235","-133.656,-91.947,28.542","-37.950,54.000,13.200",16257,7,1.22,37.496398,126.957893,3209,0,1,0,-87,-87.1,29870,1,14778
18:14:45,15.647,1658953,1658953,0,1,37.496395,126.957893,1.144,214.7,1.121,1,205.9,"1.891,4.405,0.196","-82.031,-38.908,38.122","-40.500,50.700,13.500",16257,7,1.22,37.496398,126.957893,3209,0,1,0,-87,-87.0,29871,15,14779
18:14:45,15.674,1658975,1658975,0,1,37.496395,126.957893,1.144,214.7,1.121,1,205.9,"-0.622,1.671,2.442","-22.458,17.779,43.969","-38.400,50.100,12.900",16257,7,1.22,37.496398,126.957893,3209,0,1,0,-87,-87.0,29871,37,14779
18:14:45,15.829,1658997,1658997,0,1,37.496395,126.957893,1.144,214.7,1.121,1,205.9,"-3.366,-1.451,6.244","39.718,68.435,45.649","-40.500,47.550,14.550",16257,7,1.22,37.496398,126.957893,3209,0,1,0,-87,-87.0,29871,59,14779
18:14:45,15.916,1659053,1659053,0,1,37.496395,126.957893,1.144,214.7,1.121,1,205.9,"0.024,-4.118,8.375","-39.282,30.580,34.221","-39.000,46.050,12.750",16258,7,1.22,37.496398,126.957893,3209,0,1,0,-84,-86.4,29872,27,14779
18:14:45,15.916,1659075,1659075,0,1,37.496395,126.957893,1.144,214.7,1.121,1,205.9,"1.264,-3.864,8.763","-50.176,21.382,25.389","-36.750,45.300,13.500",16258,7,1.22,37.496398,126.957893,3209,0,1,0,-84,-86.4,29872,49,14779
18:14:45,15.916,1659132,1659132,0,1,37.496395,126.957893,1.144,214.7,1.121,1,205.9,"2.983,-1.872,5.080","-51.718,21.947,-5.748","-38.400,43.200,15.150",16259,7,1.22,37.496398,126.957893,3209,0,1,0,-84,-86.4,29872,106,14779
18:14:45,15.916,1659175,1659175,0,1,37.496395,126.957893,1.144,214.7,1.121,1,205.9,"-0.244,1.020,3.754","-28.168,35.924,-7.824","-35.700,42.000,12.900",16259,7,1.22,37.496398,126.957893,3209,0,1,0,-90,-87.1,29873,40,14779
18:14:45,16.039,1659197,1659197,0,1,37.496395,126.957893,1.144,214.7,1.121,1,205.9,"1.676,1.053,3.658","-45.885,14.420,-11.344","-36.750,41.100,14.550",16259,7,1.22,37.496398,126.957893,3209,0,1,0,-90,-87.1,29873,62,14779
18:14:45,16.111,1659230,1659230,0,1,37.496395,126.957893,1.144,214.7,1.121,1,205.9,"6.383,3.845,4.717","-49.061,5.702,-6.191","-34.650,39.000,13.950",16260,7,1.22,37.496398,126.957893,3209,0,1,0,-85,-86.7,29874,8,14779
18:14:45,16.111,1659252,1659252,0,1,37.496395,126.957893,1.144,214.7,1.121,1,205.9,"7.642,4.717,4.367","-16.847,24.534,-8.695","-36.300,38.400,13.500",16260,7,1.22,37.496398,126.957893,3209,0,1,0,-85,-86.7,29874,30,14779
18:14:45,16.111,1659274,1659274,0,1,37.496395,126.957893,1.144,214.7,1.121,1,205.9,"8.499,5.507,2.466","-7.237,15.397,-20.557","-34.950,37.800,15.150",16260,7,1.22,37.496398,126.957893,3209,0,1,0,-85,-86.7,29874,52,14779
18:14:45,16.111,1659330,1659318,0,1,37.496391,126.957893,1.144,214.7,1.121,1,205.9,"9.567,8.801,5.531","52.023,51.725,-14.008","-34.200,38.100,12.600",16261,7,1.22,37.496398,126.957893,3209,0,1,0,-85,-86.4,29875,6,14779
18:14:45,16.112,1659338,1659338,0,1,37.496391,126.957893,1.144,214.7,1.121,1,205.9,"10.937,9.491,6.847","50.458,41.832,-17.427","-33.150,39.300,14.700",16261,7,1.22,37.496398,126.957893,3209,0,1,0,-85,-86.4,29875,14,14779
18:14:45,16.112,1659360,1659360,0,1,37.496391,126.957893,1.144,214.7,1.121,1,205.9,"10.779,10.324,7.235","45.893,30.153,-20.672","-31.650,40.500,13.650",16261,7,1.22,37.496398,126.957893,3209,0,1,0,-85,-86.1,29876,19,14780
18:14:45,16.112,1659382,1659382,0,1,37.496391,126.957893,1.144,214.7,1.121,1,205.9,"9.720,10.362,7.484","39.313,13.122,-14.679","-31.650,42.450,13.950",16261,7,1.22,37.496398,126.957893,3209,0,1,0,-85,-86.1,29876,41,14780
18:14:45,16.226,1659404,1659404,0,1,37.496391,126.957893,1.144,214.7,1.121,1,205.9,"8.011,9.275,6.756","27.664,-12.244,-9.870","-30.900,42.450,15.450",16261,7,1.22,37.496398,126.957893,3209,0,1,0,-85,-86.1,29876,63,14780
18:14:45,16.278,1659437,1659437,0,1,37.496391,126.957893,1.144,214.7,1.121,1,205.9,"5.947,7.096,4.348","16.412,-35.092,9.557","-31.050,44.100,15.300",16262,7,1.22,37.496398,126.957893,3209,0,1,0,-85,-86.1,29876,96,14780
18:14:45,16.278,1659481,1659481,0,1,37.496391,126.957893,1.144,214.7,1.121,1,205.9,"4.937,7.230,4.741","50.405,-25.740,18.573","-34.200,43.500,14.400",16262,7,1.22,37.496398,126.957893,3209,0,1,0,-88,-86.5,29877,37,14781
18:14:45,16.278,1659503,1659503,0,1,37.496391,126.957893,1.144,214.7,1.121,1,205.9,"5.804,7.015,6.158","63.824,-12.924,21.137","-32.250,45.600,14.850",16262,7,1.22,37.496398,126.957893,3209,0,1,0,-88,-86.5,29877,59,14781
18:14:46,16.378,1659551,1659551,0,1,37.496391,126.957893,1.144,214.7,1.121,1,205.9,"6.876,6.833,-10.410","83.397,-115.374,70.038","-32.700,48.150,14.400",16263,7,1.22,37.496398,126.957893,3209,0,1,0,-90,-87.2,29878,12,14782
18:14:46,16.425,1659573,1659573,0,1,37.496391,126.957893,1.144,214.7,1.121,1,205.9,"2.998,11.272,4.468","39.489,128.595,-30.992","-38.250,48.750,13.800",16263,7,1.22,37.496398,126.957893,3209,0,1,0,-90,-87.2,29878,34,14782
18:14:46,16.425,1659595,1659595,0,1,37.496391,126.957893,1.144,214.7,1.121,1,205.9,"-19.613,8.485,-2.399","124.031,-19.489,-30.374","-33.150,49.650,13.950",16263,7,1.22,37.496398,126.957893,3209,0,1,0,-90,-87.2,29878,56,14782
18:14:46,16.425,1659617,1659617,0,1,37.496391,126.957893,1.144,214.7,1.121,1,205.9,"11.396,3.031,10.123","6.557,8.710,-16.511","-31.800,51.450,14.550",16263,7,1.22,37.496398,126.957893,3209,0,1,0,-90,-87.2,29878,78,14782
18:14:46,16.425,1659645,1659645,0,1,37.496391,126.957893,1.144,214.7,1.121,1,205.9,"1.748,3.055,8.107","-59.290,-19.481,-21.305","-33.300,52.650,14.250",16264,7,1.22,37.496398,126.957893,3209,0,1,0,-88,-87.3,29879,9,14782
18:14:46,16.425,1659667,1659667,0,1,37.496387,126.957893,1.144,214.7,1.121,1,205.9,"-2.744,-0.828,5.329","-9.603,28.580,-18.397","-33.150,49.650,15.450",16264,7,1.22,37.496398,126.957893,3209,0,1,0,-88,-87.3,29879,31,14782
18:14:46,16.425,1659689,1659689,0,1,37.496387,126.957893,1.275,208.6,1.518,1,194.5,"0.105,1.025,6.742","2.710,51.015,-44.939","-34.800,49.500,14.850",16264,7,1.22,37.496381,126.957890,3210,0,1,0,-88,-87.3,29879,53,14782
18:14:46,16.524,1659711,1659711,0,1,37.496384,126.957893,1.275,208.6,1.518,1,194.5,"-4.870,-2.370,7.733","5.702,75.122,-9.290","-31.650,48.900,15.450",16264,7,1.22,37.496381,126.957890,3210,0,1,0,-88,-87.3,29879,75,14782
18:14:46,16.563,1659768,1659768,0,1,37.496384,126.957893,1.275,208.6,1.518,1,194.5,"-3.496,-0.522,7.877","-40.855,7.573,25.099","-28.950,48.900,15.450",16265,7,1.22,37.496381,126.957890,3210,0,1,0,-90,-87.9,29880,28,14782
18:14:46,16.563,1659790,1659790,0,1,37.496384,126.957893,1.275,208.6,1.518,1,194.5,"-0.139,0.781,9.658","-38.099,8.366,26.000","-27.900,48.600,15.900",16265,7,1.22,37.496381,126.957890,3210,0,1,0,-90,-87.9,29880,50,14782
18:14:46,16.563,1659812,1659812,0,1,37.496384,126.957893,1.360,204.4,1.518,1,194.5,"2.796,0.541,8.911","-49.809,-14.595,24.420","-29.700,46.950,15.900",16265,7,1.22,37.496381,126.957890,3211,0,1,0,-90,-87.9,29880,72,14782
18:14:46,16.655,1659847,1659847,0,1,37.496384,126.957886,1.360,204.4,1.518,1,194.5,"4.884,2.820,7.216","-24.046,-11.130,26.840","-29.400,45.150,15.450",16266,7,1.22,37.496381,126.957890,3211,0,1,0,-90,-87.9,29880,107,14782
18:14:46,16.694,1659869,1659869,0,1,37.496384,126.957886,1.360,204.4,1.518,1,194.5,"7.029,4.195,6.613","-2.908,1.321,26.557","-29.250,44.850,14.850",16266,7,1.22,37.496381,126.957890,3211,0,1,0,-90,-88.3,29881,22,14782
18:14:46,16.694,1659891,1659891,0,1,37.496380,126.957886,1.360,204.4,1.518,1,194.5,"8.423,5.449,4.573","11.069,-11.969,32.023","-30.150,46.650,14.700",16266,7,1.22,37.496381,126.957890,3211,0,1,0,-90,-88.3,29881,44,14782
18:14:46,16.694,1659913,1659913,0,1,37.496380,126.957886,1.360,204.4,1.518,1,194.5,"8.586,7.776,5.052","22.420,2.901,23.504","-30.450,46.650,16.500",16266,7,1.22,37.496381,126.957890,3211,0,1,0,-90,-88.3,29881,66,14782
18:14:46,16.695,1659948,1659948,0,1,37.496380,126.957886,1.360,204.4,1.518,1,194.5,"10.175,8.686,4.726","14.626,-3.534,16.198","-30.300,48.000,13.800",16267,7,1.22,37.496381,126.957890,3211,0,1,0,-83,-87.2,29882,13,14782
18:14:46,16.695,1659970,1659970,0,1,37.496380,126.957886,1.360,204.4,1.518,1,194.5,"9.155,8.945,3.232","21.985,-9.008,7.405","-30.900,45.450,16.500",16267,7,1.22,37.496381,126.957890,3211,0,1,0,-83,-87.2,29882,35,14782
18:14:46,16.695,1659992,1659992,0,1,37.496380,126.957886,1.360,204.4,1.518,1,194.5,"10.472,8.456,3.931","48.191,-2.527,3.626","-29.700,46.950,15.150",16267,7,1.22,37.496381,126.957890,3211,0,1,0,-83,-87.2,29882,57,14782
18:14:46,16.782,1660014,1660014,0,1,37.496380,126.957886,1.360,204.4,1.518,1,194.5,"11.985,8.557,5.674","64.450,-8.366,5.695","-31.950,47.400,15.900",16267,7,1.22,37.496381,126.957890,3211,0,1,0,-83,-87.2,29882,79,14782
18:14:46,16.816,1660049,1660049,0,1,37.496380,126.957886,1.360,204.4,1.518,1,194.5,"11.186,9.711,7.638","78.198,-11.069,7.092","-29.700,48.600,16.200",16268,7,1.22,37.496381,126.957890,3211,0,1,0,-86,-87.0,29883,12,14782
18:14:46,16.816,1660071,1660071,0,1,37.496380,126.957886,1.360,204.4,1.518,1,194.5,"10.874,8.882,10.214","69.626,8.992,4.954","-30.450,50.100,14.700",16268,7,1.22,37.496381,126.957890,3211,0,1,0,-84,-86.4,29884,19,14783
18:14:46,16.914,1660115,1660115,0,1,37.496380,126.957886,1.360,204.4,1.518,1,194.5,"13.489,6.215,19.613","47.992,3.534,11.641","-30.300,54.450,12.750",16268,7,1.22,37.496381,126.957890,3211,0,1,0,-84,-86.4,29884,63,14783
18:14:46,16.957,1660150,1660150,0,1,37.496380,126.957886,1.360,204.4,1.518,1,194.5,"-3.381,5.382,5.813","-6.794,-17.023,13.344","-31.050,54.900,14.550",16269,7,1.22,37.496381,126.957890,3211,0,1,0,-87,-86.5,29885,12,14783
18:14:46,16.957,1660172,1660172,0,1,37.496376,126.957886,1.360,204.4,1.518,1,194.5,"-1.044,2.576,7.714","-20.374,-15.443,15.122","-30.000,55.650,14.850",16269,7,1.22,37.496381,126.957890,3211,0,1,0,-87,-86.5,29885,34,14783
18:14:46,16.957,1660194,1660194,0,1,37.496376,126.957886,1.360,204.4,1.518,1,194.5,"-0.551,1.197,8.025","-24.092,0.504,5.557","-31.500,55.650,13.800",16269,7,1.22,37.496381,126.957890,3211,0,1,0,-87,-86.5,29885,56,14783
18:14:46,17.072,1660216,1660216,0,1,37.496376,126.957886,1.360,204.4,1.518,1,194.5,"-0.656,1.781,9.117","-20.756,12.450,-0.115","-30.300,55.650,14.850",16269,7,1.22,37.496381,126.957890,3211,0,1,0,-87,-86.5,29885,78,14783
18:14:46,17.117,1660294,1660294,0,1,37.496376,126.957886,1.360,204.4,1.518,1,194.5,"0.220,1.590,6.622","-35.702,30.328,-23.519","-28.950,53.100,13.950",16270,7,1.22,37.496381,126.957890,3211,0,1,0,-86,-86.3,29887,42,14784
18:14:46,17.216,1660349,1660349,0,1,37.496376,126.957886,1.360,204.4,1.518,1,194.5,"1.662,2.931,6.024","-22.076,43.710,-30.885","-27.000,51.000,15.600",16271,7,1.22,37.496381,126.957890,3211,0,1,0,-86,-86.3,29887,97,14784
18:14:46,17.263,1660449,1660437,0,1,37.496372,126.957886,1.360,204.4,1.518,1,194.5,"5.262,5.516,7.566","-19.229,-13.443,-25.580","-25.500,50.700,13.800",16272,7,1.22,37.496381,126.957890,3211,0,1,0,-91,-87.1,29889,1,14784
18:14:46,17.263,1660457,1660457,0,1,37.496372,126.957886,1.360,204.4,1.518,1,194.5,"5.397,6.038,6.144","-32.504,-19.504,-23.641","-24.150,52.050,16.200",16272,7,1.22,37.496381,126.957890,3211,0,1,0,-91,-87.1,29889,9,14784
18:14:46,17.263,1660479,1660479,0,1,37.496372,126.957886,1.360,204.4,1.518,1,194.5,"10.036,4.659,3.462","-21.878,-13.756,-26.344","-24.450,50.400,16.500",16272,7,1.22,37.496381,126.957890,3211,0,1,0,-91,-87.1,29889,31,14784
18:14:47,17.392,1660501,1660501,0,1,37.496372,126.957886,1.360,204.4,1.518,1,194.5,"7.719,7.523,4.022","-3.985,-16.534,-24.099","-24.900,48.900,15.150",16272,7,1.22,37.496381,126.957890,3211,0,1,0,-91,-87.1,29889,53,14784
18:14:47,17.461,1660523,1660523,0,1,37.496372,126.957886,1.360,204.4,1.518,1,194.5,"8.863,8.322,5.646","-17.420,-48.313,-16.275","-27.150,50.100,14.700",16272,7,1.22,37.496381,126.957890,3211,0,1,0,-91,-87.1,29889,75,14784
18:14:47,17.462,1660556,1660556,0,1,37.496372,126.957886,1.360,204.4,1.518,1,194.5,"10.118,8.025,3.304","11.885,-31.939,-21.191","-25.500,48.750,15.600",16273,7,1.22,37.496381,126.957890,3211,0,1,0,-85,-86.6,29890,5,14784
18:14:47,17.462,1660578,1660578,0,1,37.496372,126.957886,1.360,204.4,1.518,1,194.5,"9.720,8.633,5.224","52.221,-5.802,-14.489","-27.900,50.100,14.400",16273,7,1.22,37.496381,126.957890,3211,0,1,0,-82,-85.7,29891,13,14785
18:14:47,17.462,1660622,1660622,0,1,37.496372,126.957886,1.360,204.4,1.518,1,194.5,"8.030,8.193,5.320","23.901,-43.611,10.794","-26.550,51.450,15.600",16273,7,1.22,37.496381,126.957890,3211,0,1,0,-82,-85.7,29891,57,14785
18:14:47,17.462,1660656,1660644,0,1,37.496372,126.957886,1.360,204.4,1.518,1,194.5,"6.474,8.322,5.804","17.366,-63.626,15.679","-29.700,53.550,15.150",16274,7,1.22,37.496381,126.957890,3211,0,1,0,-82,-85.7,29891,91,14785
18:14:47,17.462,1660665,1660665,0,1,37.496372,126.957886,1.360,204.4,1.518,1,194.5,"19.613,19.613,19.613","-250.137,-87.412,-1.687","-28.950,53.100,15.450",16274,7,1.22,37.496381,126.957890,3211,0,1,0,-85,-85.6,29892,1,14785
18:14:47,17.462,1660687,1660687,0,1,37.496368,126.957886,1.273,199.2,1.111,1,187.1,"1.930,7.096,13.039","-58.000,25.237,5.634","-31.650,55.050,14.400",16274,7,1.22,37.496365,126.957890,3212,0,1,0,-81,-84.7,29893,22,14786
18:14:47,17.579,1660731,1660731,0,1,37.496368,126.957886,1.273,199.2,1.111,1,187.1,"4.784,10.080,10.022","99.214,58.664,-3.718","-29.700,52.800,13.200",16274,7,1.22,37.496365,126.957890,3212,0,1,0,-81,-84.7,29893,66,14786
18:14:47,17.644,1660788,1660788,0,1,37.496368,126.957886,1.273,199.2,1.111,1,187.1,"-0.508,6.795,19.613","-119.802,-100.344,-9.962","-29.250,56.850,13.500",16275,7,1.22,37.496365,126.957890,3212,0,1,0,-90,-85.7,29894,27,14786
18:14:47,17.645,1660810,1660810,0,1,37.496365,126.957886,1.216,195.6,1.111,1,187.1,"-3.026,1.997,2.308","-93.458,-93.695,1.519","-30.300,56.100,13.800",16275,7,1.22,37.496365,126.957890,3213,0,1,0,-90,-85.7,29894,49,14786
18:14:47,17.645,1660832,1660832,0,1,37.496365,126.957886,1.216,195.6,1.111,1,187.1,"-3.409,-1.489,4.630","-48.481,-26.107,1.450","-33.750,52.950,14.250",16275,7,1.22,37.496365,126.957890,3213,0,1,0,-90,-85.7,29894,71,14786
18:14:47,17.766,1660889,1660889,0,1,37.496365,126.957886,1.216,195.6,1.111,1,187.1,"-3.089,0.656,7.695","-27.351,35.901,5.519","-32.700,52.800,13.650",16276,7,1.22,37.496365,126.957890,3213,0,1,0,-88,-86.2,29895,34,14786
18:14:47,17.827,1660933,1660933,0,1,37.496365,126.957886,1.216,195.6,1.111,1,187.1,"0.824,1.791,8.025","-48.214,19.450,-5.511","-32.700,50.400,15.150",16276,7,1.22,37.496365,126.957890,3213,0,1,0,-88,-86.2,29895,78,14786
18:14:47,17.827,1660968,1660968,0,1,37.496365,126.957886,1.216,195.6,1.111,1,187.1,"3.065,2.533,7.910","-33.489,25.748,-9.191","-30.000,48.000,16.800",16277,7,1.22,37.496365,126.957890,3213,0,1,0,-90,-86.9,29896,5,14786
18:14:47,17.828,1660990,1660990,0,1,37.496365,126.957886,1.216,195.6,1.111,1,187.1,"2.662,3.017,6.828","-19.534,27.260,-13.405","-29.250,48.300,13.500",16277,7,1.22,37.496365,126.957890,3213,0,1,0,-86,-86.8,29897,21,14787
18:14:47,17.828,1661012,1661012,0,1,37.496365,126.957886,1.216,195.6,1.111,1,187.1,"2.495,3.481,6.124","-12.794,26.779,-9.962","-28.800,47.550,14.850",16277,7,1.22,37.496365,126.957890,3213,0,1,0,-86,-86.8,29897,43,14787
18:14:47,17.828,1661034,1661034,0,1,37.496365,126.957886,1.216,195.6,1.111,1,187.1,"2.926,4.104,6.158","-12.840,19.405,-6.992","-29.550,48.000,16.050",16277,7,1.22,37.496365,126.957890,3213,0,1,0,-86,-86.8,29897,65,14787
18:14:47,17.828,1661090,1661090,0,1,37.496361,126.957886,1.216,195.6,1.111,1,187.1,"5.090,5.511,5.722","-34.069,-6.748,-2.626","-27.450,47.850,15.450",16278,7,1.22,37.496365,126.957890,3213,0,1,0,-83,-86.0,29898,34,14787
18:14:47,17.961,1661112,1661112,0,1,37.496361,126.957886,1.216,195.6,1.111,1,187.1,"5.947,5.239,5.918","-32.427,-16.725,-1.519","-30.150,45.450,16.950",16278,7,1.22,37.496365,126.957890,3213,0,1,0,-83,-86.0,29898,56,14787
18:14:47,18.042,1661134,1661134,0,1,37.496361,126.957886,1.216,195.6,1.111,1,187.1,"6.325,5.023,5.124","-24.733,-23.641,-3.298","-30.000,46.800,16.800",16278,7,1.22,37.496365,126.957890,3213,0,1,0,-83,-86.0,29898,78,14787
18:14:47,18.043,1661169,1661169,0,1,37.496361,126.957886,1.216,195.6,1.111,1,187.1,"8.887,6.852,4.678","-24.015,-33.802,-3.542","-29.700,46.200,14.400",16279,7,1.22,37.496365,126.957890,3213,0,1,0,-85,-85.8,29899,5,14787
18:14:47,18.043,1661212,1661212,0,1,37.496361,126.957886,1.216,195.6,1.111,1,187.1,"11.535,5.665,4.846","20.733,-35.099,2.832","-31.500,43.350,15.600",16279,7,1.22,37.496365,126.957890,3213,0,1,0,-85,-85.6,29900,42,14788
18:14:47,18.043,1661267,1661267,0,1,37.496361,126.957886,1.216,195.6,1.111,1,187.1,"10.659,9.002,6.062","57.435,-24.557,3.115","-30.750,48.000,15.600",16280,7,1.22,37.496365,126.957890,3213,0,1,0,-85,-85.6,29900,97,14788
18:14:47,18.043,1661289,1661289,0,1,37.496361,126.957886,1.216,195.6,1.111,1,187.1,"-15.936,-3.376,-8.284","41.809,32.359,-130.496","-31.950,47.850,15.450",16280,7,1.22,37.496365,126.957890,3213,0,1,0,-89,-86.3,29901,11,14789
18:14:47,18.043,1661311,1661311,0,1,37.496361,126.957886,1.216,195.6,1.111,1,187.1,"13.882,11.521,-3.299","16.947,27.153,0.458","-32.550,49.950,14.250",16280,7,1.22,37.496365,126.957890,3213,0,1,0,-89,-86.3,29901,33,14789
18:14:47,18.161,1661333,1661333,0,1,37.496357,126.957886,1.216,195.6,1.111,1,187.1,"4.166,11.866,6.507","39.603,18.641,25.855","-33.000,49.500,15.300",16280,7,1.22,37.496365,126.957890,3213,0,1,0,-89,-86.3,29901,55,14789
18:14:47,18.226,1661367,1661355,0,1,37.496357,126.957886,1.216,195.6,1.111,1,187.1,"12.378,5.875,10.329","68.985,4.053,9.260","-31.950,48.150,15.150",16281,7,1.22,37.496365,126.957890,3213,0,1,0,-89,-86.3,29901,89,14789
18:14:47,18.226,1661381,1661381,0,1,37.496357,126.957886,1.216,195.6,1.111,1,187.1,"7.293,8.222,16.319","52.595,32.450,-10.466","-33.450,52.050,12.900",16281,7,1.22,37.496365,126.957890,3213,0,1,0,-88,-86.9,29903,4,14790
18:14:47,18.226,1661403,1661403,0,1,37.496357,126.957886,1.216,195.6,1.111,1,187.1,"-0.057,6.895,19.613","46.198,81.947,-54.977","-33.000,50.700,14.550",16281,7,1.22,37.496365,126.957890,3213,0,1,0,-88,-86.9,29903,26,14790
18:14:47,18.226,1661425,1661425,0,1,37.496357,126.957886,1.216,195.6,1.111,1,187.1,"0.335,-0.819,-4.171","15.634,-98.672,35.374","-32.250,52.650,14.550",16281,7,1.22,37.496365,126.957890,3213,0,1,0,-88,-86.9,29903,48,14790
18:14:47,18.226,1661447,1661447,0,1,37.496357,126.957886,1.216,195.6,1.111,1,187.1,"0.101,-0.876,5.382","-43.695,-36.336,8.634","-31.200,54.000,13.650",16281,7,1.22,37.496365,126.957890,3213,0,1,0,-88,-86.9,29903,70,14790
18:14:47,18.226,1661474,1661474,0,1,37.496357,126.957886,1.216,195.6,1.111,1,187.1,"0.498,-1.441,7.800","-6.649,9.969,17.008","-32.550,51.750,14.250",16282,7,1.22,37.496365,126.957890,3213,0,1,0,-89,-87.3,29904,4,14790
18:14:47,18.226,1661496,1661496,0,1,37.496357,126.957886,1.216,195.6,1.111,1,187.1,"0.177,-0.986,7.963","8.130,44.565,18.168","-32.700,50.100,13.950",16282,7,1.22,37.496365,126.957890,3213,0,1,0,-89,-87.7,29905,14,14791
18:14:48,18.342,1661518,1661518,0,1,37.496357,126.957886,1.216,195.6,1.111,1,187.1,"-0.694,0.254,9.519","0.740,46.450,19.473","-32.700,50.400,13.950",16282,7,1.22,37.496365,126.957890,3213,0,1,0,-89,-87.7,29905,36,14791
18:14:48,18.393,1661540,1661540,0,1,37.496357,126.957886,1.216,195.6,1.111,1,187.1,"0.690,0.761,8.825","-14.374,32.672,27.870","-32.550,50.700,14.250",16282,7,1.22,37.496365,126.957890,3213,0,1,0,-89,-87.7,29905,58,14791
18:14:48,18.393,1661573,1661573,0,1,37.496357,126.957886,1.216,195.6,1.111,1,187.1,"2.136,1.192,8.313","-33.092,21.290,26.908","-28.950,51.300,14.400",16283,7,1.22,37.496365,126.957890,3213,0,1,0,-89,-87.7,29905,91,14791
18:14:48,18.393,1661595,1661595,0,1,37.496357,126.957886,1.216,195.6,1.111,1,187.1,"3.649,1.379,7.518","-39.298,13.771,24.969","-31.050,49.950,14.250",16283,7,1.22,37.496365,126.957890,3213,0,1,0,-89,-87.7,29905,113,14791
18:14:48,18.393,1661617,1661617,0,1,37.496353,126.957886,1.216,195.6,1.111,1,187.1,"4.209,1.829,6.536","-30.847,23.221,21.252","-29.400,49.350,13.950",16283,7,1.22,37.496365,126.957890,3213,0,1,0,-85,-87.1,29906,17,14791
18:14:48,18.393,1661639,1661639,0,1,37.496353,126.957886,1.216,195.6,1.111,1,187.1,"3.883,2.480,5.521","-18.229,26.969,15.496","-28.200,48.900,15.150",16283,7,1.22,37.496365,126.957890,3213,0,1,0,-85,-87.1,29906,39,14791
18:14:48,18.393,1661673,1661661,0,1,37.496353,126.957886,1.216,195.6,1.111,1,187.1,"3.553,3.496,4.798","-10.595,29.298,14.977","-30.150,47.850,16.200",16284,7,1.22,37.496365,126.957890,3213,0,1,0,-85,-87.1,29906,73,14791
18:14:48,18.393,1661682,1661682,0,1,37.496353,126.957886,1.061,193.1,0.772,1,187.1,"3.481,4.429,5.186","3.748,32.702,13.206","-29.250,47.250,14.850",16284,7,1.22,37.496355,126.957887,3214,0,1,0,-85,-87.1,29906,82,14791
18:14:48,18.394,1661704,1661704,0,1,37.496353,126.957886,1.061,193.1,0.772,1,187.1,"3.634,5.416,5.272","10.298,38.221,3.931","-28.200,47.850,13.200",16284,7,1.22,37.496355,126.957887,3214,0,1,0,-87,-86.6,29908,19,14792
18:14:48,18.490,1661726,1661726,0,1,37.496353,126.957886,1.061,193.1,0.772,1,187.1,"4.492,5.885,5.928","13.336,29.740,-6.527","-27.450,50.400,14.700",16284,7,1.22,37.496355,126.957887,3214,0,1,0,-87,-86.6,29908,41,14792
18:14:48,18.529,1661748,1661748,0,1,37.496353,126.957886,1.061,193.1,0.772,1,187.1,"5.066,5.986,5.540","4.122,17.214,-5.893","-25.950,49.350,13.650",16284,7,1.22,37.496355,126.957887,3214,0,1,0,-87,-86.6,29908,63,14792
18:14:48,18.529,1661783,1661783,0,1,37.496353,126.957886,1.061,193.1,0.772,1,187.1,"5.598,6.771,4.731","15.099,17.405,-5.924","-24.150,48.150,15.900",16285,7,1.22,37.496355,126.957887,3214,0,1,0,-87,-86.6,29908,98,14792
18:14:48,18.529,1661805,1661805,0,1,37.496353,126.957886,0.959,191.3,0.772,1,187.1,"6.273,7.178,4.482","30.328,13.496,-5.015","-24.300,49.500,14.850",16285,7,1.22,37.496355,126.957887,3215,0,1,0,-89,-87.1,29909,17,14793
18:14:48,18.529,1661827,1661827,0,1,37.496353,126.957886,0.959,191.3,0.772,1,187.1,"6.972,8.088,4.702","48.641,13.786,-2.908","-25.650,50.100,15.450",16285,7,1.22,37.496355,126.957887,3215,0,1,0,-89,-87.1,29909,39,14793
18:14:48,18.529,1661849,1661849,0,1,37.496353,126.957886,0.959,191.3,0.772,1,187.1,"7.638,8.241,5.684","52.779,8.191,-1.183","-26.400,51.300,13.650",16285,7,1.22,37.496355,126.957887,3215,0,1,0,-89,-87.1,29909,61,14793
18:14:48,18.529,1661884,1661884,0,1,37.496353,126.957886,0.959,191.3,0.772,1,187.1,"7.336,7.896,5.353","48.947,-15.122,6.847","-22.950,50.850,13.950",16286,7,1.22,37.496355,126.957887,3215,0,1,0,-89,-87.1,29909,96,14793
18:14:48,18.622,1661906,1661906,0,1,37.496353,126.957886,0.959,191.3,0.772,1,187.1,"6.981,8.006,5.875","65.908,-10.595,9.221","-25.650,55.800,13.950",16286,7,1.22,37.496355,126.957887,3215,0,1,0,-86,-86.7,29911,14,14794
18:14:48,18.660,1661950,1661950,0,1,37.496353,126.957886,0.959,191.3,0.772,1,187.1,"7.034,9.218,9.117","43.908,-45.282,23.435","-24.750,56.100,13.800",16286,7,1.22,37.496355,126.957887,3215,0,1,0,-86,-86.7,29911,58,14794
18:14:48,18.660,1661985,1661985,0,1,37.496353,126.957886,0.959,191.3,0.772,1,187.1,"-19.613,-19.613,-6.579","108.718,-250.137,-131.015","-26.550,56.550,12.900",16287,7,1.22,37.496355,126.957887,3215,0,1,0,-86,-86.7,29911,93,14794
18:14:48,18.660,1662007,1662007,0,1,37.496353,126.957886,0.959,191.3,0.772,1,187.1,"9.946,8.538,19.613","-92.947,-27.229,-2.649","-29.700,57.750,14.400",16287,7,1.22,37.496355,126.957887,3215,0,1,0,-88,-87.2,29913,16,14795
18:14:48,18.660,1662029,1662029,0,1,37.496353,126.957886,0.959,191.3,0.772,1,187.1,"-5.277,6.943,-3.333","56.580,-4.656,14.473","-31.950,56.550,13.950",16287,7,1.22,37.496355,126.957887,3215,0,1,0,-88,-87.2,29913,38,14795
18:14:48,18.747,1662051,1662051,0,1,37.496349,126.957886,0.959,191.3,0.772,1,187.1,"-5.650,9.064,13.020","-52.015,28.061,-30.130","-31.650,56.250,12.900",16287,7,1.22,37.496355,126.957887,3215,0,1,0,-88,-87.2,29913,60,14795
18:14:48,18.875,1662086,1662086,0,1,37.496349,126.957886,0.959,191.3,0.772,1,187.1,"2.021,1.551,7.537","-40.817,-12.687,-7.305","-31.950,54.750,13.950",16288,7,1.22,37.496355,126.957887,3215,0,1,0,-90,-87.7,29914,17,14795
18:14:48,18.913,1662107,1662107,0,1,37.496349,126.957886,0.959,191.3,0.772,1,187.1,"0.345,2.634,8.394","-16.664,22.763,-18.481","-32.250,53.700,13.800",16288,7,1.22,37.496355,126.957887,3215,0,1,0,-88,-87.8,29915,15,14796
18:14:48,18.913,1662129,1662129,0,1,37.496349,126.957886,0.959,191.3,0.772,1,187.1,"-0.584,3.093,9.222","-15.466,28.000,-23.168","-32.250,54.450,14.250",16288,7,1.22,37.496355,126.957887,3215,0,1,0,-88,-87.8,29915,37,14796
18:14:48,18.913,1662151,1662151,0,1,37.496349,126.957886,0.959,191.3,0.772,1,187.1,"0.426,2.533,7.336","-11.351,35.985,-29.863","-30.300,52.950,14.850",16288,7,1.22,37.496355,126.957887,3215,0,1,0,-88,-87.8,29915,59,14796
18:14:48,18.913,1662185,1662185,0,1,37.496349,126.957886,0.959,191.3,0.772,1,187.1,"-0.752,3.352,7.819","-23.557,45.214,-39.939","-28.950,54.000,15.150",16289,7,1.22,37.496355,126.957887,3215,0,1,0,-90,-88.2,29916,16,14796
18:14:48,19.011,1662207,1662207,0,1,37.496349,126.957886,0.959,191.3,0.772,1,187.1,"0.924,3.227,6.493","-31.840,36.603,-36.878","-28.500,52.650,14.550",16289,7,1.22,37.496355,126.957887,3215,0,1,0,-90,-88.2,29916,38,14796
18:14:48,19.049,1662251,1662251,0,1,37.496349,126.957886,0.959,191.3,0.772,1,187.1,"2.361,3.874,6.057","-22.435,46.115,-35.679","-25.950,52.050,14.700",16289,7,1.22,37.496355,126.957887,3215,0,1,0,-90,-88.2,29916,82,14796
18:14:48,19.050,1662284,1662284,0,1,37.496349,126.957886,0.959,191.3,0.772,1,187.1,"2.174,3.955,5.708","-17.336,36.298,-30.130","-25.200,52.050,16.200",16290,7,1.22,37.496355,126.957887,3215,0,1,0,-90,-88.2,29916,115,14796
18:14:48,19.149,1662328,1662328,0,1,37.496349,126.957886,0.959,191.3,0.772,1,187.1,"2.998,4.736,6.091","-12.489,21.916,-20.061","-25.200,51.600,14.400",16290,7,1.22,37.496355,126.957887,3215,0,1,0,-89,-88.4,29917,39,14796
18:14:48,19.192,1662350,1662350,0,1,37.496349,126.957886,0.959,191.3,0.772,1,187.1,"3.069,4.827,6.273","-8.076,15.321,-12.176","-23.700,50.400,15.450",16290,7,1.22,37.496355,126.957887,3215,0,1,0,-89,-88.4,29917,61,14796
18:14:48,19.192,1662384,1662372,0,1,37.496349,126.957886,0.959,191.3,0.772,1,187.1,"3.117,4.870,6.029","-9.489,4.321,-8.183","-23.700,50.100,15.900",16291,7,1.22,37.496355,126.957887,3215,0,1,0,-89,-88.4,29917,95,14796
18:14:48,19.192,1662398,1662398,0,1,37.496349,126.957886,0.959,191.3,0.772,1,187.1,"3.122,4.831,5.708","-9.214,-7.122,-4.534","-25.500,51.450,13.800",16291,7,1.22,37.496355,126.957887,3215,0,1,0,-89,-88.5,29918,2,14796
18:14:48,19.192,1662420,1662420,0,1,37.496349,126.957886,0.959,191.3,0.772,1,187.1,"3.582,4.884,5.100","-0.695,-11.168,1.466","-24.750,50.700,15.600",16291,7,1.22,37.496355,126.957887,3215,0,1,0,-89,-88.5,29918,24,14796
18:14:48,19.192,1662442,1662442,0,1,37.496346,126.957886,0.959,191.3,0.772,1,187.1,"4.597,5.229,5.186","4.756,-15.198,1.771","-24.300,50.250,14.850",16291,7,1.22,37.496355,126.957887,3215,0,1,0,-89,-88.5,29918,46,14796
18:14:48,19.294,1662491,1662491,0,1,37.496346,126.957886,0.959,191.3,0.772,1,187.1,"7.408,7.029,4.669","24.076,-19.725,3.328","-24.750,50.700,13.800",16292,7,1.22,37.496355,126.957887,3215,0,1,0,-88,-88.4,29919,12,14796
18:14:49,19.332,1662513,1662513,0,1,37.496346,126.957886,0.959,191.3,0.772,1,187.1,"8.566,8.035,5.033","40.221,-18.962,10.221","-26.400,51.300,15.900",16292,7,1.22,37.496355,126.957887,3215,0,1,0,-87,-88.1,29920,11,14797
18:14:49,19.332,1662535,1662535,0,1,37.496346,126.957886,0.959,191.3,0.772,1,187.1,"8.341,8.830,5.799","55.595,-19.725,16.351","-27.450,52.800,13.950",16292,7,1.22,37.496355,126.957887,3215,0,1,0,-87,-88.1,29920,33,14797
18:14:49,19.332,1662557,1662557,0,1,37.496346,126.957886,0.959,191.3,0.772,1,187.1,"7.585,9.409,6.565","58.893,-26.565,20.122","-24.900,52.050,14.400",16292,7,1.22,37.496355,126.957887,3215,0,1,0,-87,-88.1,29920,55,14797
18:14:49,19.332,1662590,1662590,0,1,37.496346,126.957886,0.959,191.3,0.772,1,187.1,"8.523,9.778,7.886","40.969,-61.176,23.901","-27.900,54.000,14.400",16293,7,1.22,37.496355,126.957887,3215,0,1,0,-90,-88.5,29921,1,14797
18:14:49,19.332,1662612,1662612,0,1,37.496346,126.957886,0.959,191.3,0.772,1,187.1,"9.673,9.380,8.677","15.229,-83.901,25.748","-28.200,54.300,13.950",16293,7,1.22,37.496355,126.957887,3215,0,1,0,-88,-88.4,29922,11,14798
18:14:49,19.430,1662634,1662634,0,1,37.496346,126.957886,0.959,191.3,0.772,1,187.1,"10.032,9.064,7.982","5.282,-101.832,24.847","-31.050,55.350,13.050",16293,7,1.22,37.496355,126.957887,3215,0,1,0,-88,-88.4,29922,33,14798
18:14:49,19.468,1662656,1662656,0,1,37.496346,126.957886,0.959,191.3,0.772,1,187.1,"3.926,9.515,19.613","-152.382,-97.198,41.221","-34.050,55.650,13.800",16293,7,1.22,37.496355,126.957887,3215,0,1,0,-88,-88.4,29922,55,14798
18:14:49,19.472,1662690,1662678,0,1,37.496346,126.957886,0.928,190.0,0.869,1,187.1,"-0.168,8.413,3.457","43.985,10.435,-3.550","-32.700,58.200,13.650",16294,7,1.22,37.496346,126.957887,3216,0,1,0,-88,-88.4,29922,89,14798
18:14:49,19.473,1662699,1662699,0,1,37.496346,126.957886,0.928,190.0,0.869,1,187.1,"11.545,6.914,-4.970","40.901,-38.527,53.908","-30.750,56.400,13.500",16294,7,1.22,37.496346,126.957887,3216,0,1,0,-88,-88.4,29922,98,14798
18:14:49,19.473,1662721,1662721,0,1,37.496346,126.957886,0.928,190.0,0.869,1,187.1,"0.517,6.560,8.792","-4.252,-2.450,9.351","-31.500,56.850,15.300",16294,7,1.22,37.496346,126.957887,3216,0,1,0,-88,-88.4,29922,120,14798
18:14:49,19.473,1662743,1662743,0,1,37.496346,126.957886,0.928,190.0,0.869,1,187.1,"4.037,2.035,2.921","-14.038,2.489,4.336","-33.300,56.400,13.050",16294,7,1.22,37.496346,126.957887,3216,0,1,0,-88,-88.4,29922,142,14798
18:14:49,19.572,1662765,1662765,0,1,37.496346,126.957886,0.928,190.0,0.869,1,187.1,"-0.287,2.931,9.395","-9.588,10.298,7.702","-33.750,56.400,14.550",16294,7,1.22,37.496346,126.957887,3216,0,1,0,-88,-88.4,29922,164,14798
18:14:49,19.610,1662822,1662822,0,1,37.496346,126.957886,0.907,189.2,0.869,1,187.1,"-2.701,1.700,7.216","-17.672,37.947,2.328","-32.400,56.250,13.950",16295,7,1.22,37.496346,126.957887,3217,0,1,0,-87,-87.9,29924,13,14799
18:14:49,19.610,1662844,1662844,0,1,37.496346,126.957886,0.907,189.2,0.869,1,187.1,"-2.164,1.231,7.968","-29.298,30.786,3.557","-31.650,53.550,14.400",16295,7,1.22,37.496346,126.957887,3217,0,1,0,-87,-87.9,29924,35,14799
18:14:49,19.610,1662866,1662866,0,1,37.496346,126.957886,0.907,189.2,0.869,1,187.1,"-1.077,1.374,6.891","-46.511,21.962,-0.947","-30.900,54.750,14.400",16295,7,1.22,37.496346,126.957887,3217,0,1,0,-87,-87.9,29924,57,14799
18:14:49,19.698,1662901,1662901,0,1,37.496346,126.957886,0.907,189.2,0.869,1,187.1,"0.019,1.480,5.229","-57.893,5.916,-6.122","-28.950,53.550,13.200",16296,7,1.22,37.496346,126.957887,3217,0,1,0,-86,-87.5,29925,4,14799
18:14:49,19.732,1662945,1662945,0,1,37.496346,126.957886,0.907,189.2,0.869,1,187.1,"3.515,1.753,5.267","-6.336,20.916,-11.000","-28.800,50.250,15.600",16296,7,1.22,37.496346,126.957887,3217,0,1,0,-86,-87.5,29925,48,14799
18:14:49,19.732,1662967,1662967,0,1,37.496346,126.957886,0.907,189.2,0.869,1,187.1,"3.481,2.998,3.907","20.947,30.481,-10.336","-28.650,51.300,13.650",16296,7,1.22,37.496346,126.957887,3217,0,1,0,-86,-87.5,29925,70,14799
18:14:49,19.732,1663002,1663002,0,1,37.496342,126.957886,0.907,189.2,0.869,1,187.1,"3.912,4.233,3.682","31.305,26.603,-8.931","-28.950,50.850,13.650",16297,7,1.22,37.496346,126.957887,3217,0,1,0,-86,-87.2,29926,10,14799
18:14:49,19.732,1663024,1663024,0,1,37.496342,126.957886,0.907,189.2,0.869,1,187.1,"4.731,5.804,4.860","26.229,14.176,-6.504","-26.400,54.000,14.700",16297,7,1.22,37.496346,126.957887,3217,0,1,0,-87,-87.2,29927,22,14800
18:14:49,19.732,1663046,1663046,0,1,37.496342,126.957886,0.907,189.2,0.869,1,187.1,"5.789,6.665,5.248","15.191,-5.511,-3.954","-27.000,52.950,14.850",16297,7,1.22,37.496346,126.957887,3217,0,1,0,-87,-87.2,29927,44,14800
18:14:49,19.824,1663068,1663068,0,1,37.496342,126.957886,0.907,189.2,0.869,1,187.1,"6.316,7.058,6.220","12.542,-19.214,-2.763","-26.700,53.100,16.200",16297,7,1.22,37.496346,126.957887,3217,0,1,0,-87,-87.2,29927,66,14800
18:14:49,19.862,1663103,1663103,0,1,37.496342,126.957886,0.907,189.2,0.869,1,187.1,"6.991,6.804,5.674","26.412,-24.344,-0.855","-26.400,52.800,14.700",16298,7,1.22,37.496346,126.957887,3217,0,1,0,-87,-87.2,29927,101,14800
18:14:49,19.959,1663125,1663125,0,1,37.496342,126.957886,0.907,189.2,0.869,1,187.1,"7.484,7.776,5.612","34.458,-31.053,-2.786","-28.500,55.650,14.250",16298,7,1.22,37.496346,126.957887,3217,0,1,0,-85,-86.7,29928,18,14801
18:14:49,20.106,1663246,1663246,0,1,37.496342,126.957886,0.907,189.2,0.869,1,187.1,"-2.638,8.054,1.317","25.176,25.366,23.435","-29.250,63.300,12.000",16299,7,1.22,37.496346,126.957887,3217,0,1,0,-91,-87.2,29930,14,14801
18:14:49,20.150,1663310,1663310,0,1,37.496342,126.957886,0.907,189.2,0.869,1,187.1,"0.685,5.511,5.349","-75.718,-36.519,-1.267","-30.300,63.000,14.250",16300,7,1.22,37.496346,126.957887,3217,0,1,0,-91,-87.2,29930,78,14801
18:14:49,20.150,1663332,1663332,0,1,37.496342,126.957886,0.907,189.2,0.869,1,187.1,"-0.134,4.199,5.622","-57.298,-12.672,4.168","-31.500,60.300,13.800",16300,7,1.22,37.496346,126.957887,3217,0,1,0,-88,-87.3,29931,7,14801
18:14:49,20.150,1663354,1663354,0,1,37.496342,126.957886,0.907,189.2,0.869,1,187.1,"0.393,3.338,6.689","-44.573,7.351,0.237","-30.450,60.900,13.650",16300,7,1.22,37.496346,126.957887,3217,0,1,0,-88,-87.3,29931,29,14801
18:14:49,20.242,1663376,1663376,0,1,37.496342,126.957886,0.907,189.2,0.869,1,187.1,"0.943,2.217,6.067","-30.748,34.321,-3.656","-30.450,59.250,12.900",16300,7,1.22,37.496346,126.957887,3217,0,1,0,-88,-87.3,29931,51,14801
18:14:49,20.292,1663509,1663497,0,1,37.496338,126.957886,0.907,189.2,0.869,1,187.1,"1.518,3.443,6.258","-30.099,27.489,-16.282","-26.400,57.000,13.950",16302,7,1.22,37.496346,126.957887,3217,0,1,0,-86,-87.9,29934,4,14802
18:14:49,20.292,1663517,1663517,0,1,37.496338,126.957886,0.907,189.2,0.869,1,187.1,"1.858,3.457,5.746","-31.641,26.221,-21.405","-24.300,56.850,14.250",16302,7,1.22,37.496346,126.957887,3217,0,1,0,-88,-87.9,29935,3,14803
18:14:50,20.389,1663539,1663539,0,1,37.496338,126.957886,0.907,189.2,0.869,1,187.1,"1.848,3.553,5.253","-26.008,27.504,-18.603","-24.900,55.800,15.150",16302,7,1.22,37.496346,126.957887,3217,0,1,0,-88,-87.9,29935,25,14803
18:14:50,20.429,1663561,1663561,0,1,37.496338,126.957886,0.907,189.2,0.869,1,187.1,"1.662,4.037,5.272","-17.000,27.496,-18.206","-24.150,55.050,15.900",16302,7,1.22,37.496346,126.957887,3217,0,1,0,-88,-87.9,29935,47,14803
18:14:50,20.429,1663583,1663583,0,1,37.496338,126.957886,0.907,189.2,0.869,1,187.1,"1.480,4.650,5.617","-23.595,25.183,-19.565","-23.700,55.800,15.450",16302,7,1.22,37.496346,126.957887,3217,0,1,0,-88,-87.9,29935,69,14803
18:14:50,20.429,1663617,1663617,0,1,37.496338,126.957886,0.907,189.2,0.869,1,187.1,"2.054,5.085,5.871","-31.366,12.221,-11.702","-22.500,55.350,14.250",16303,7,1.22,37.496346,126.957887,3217,0,1,0,-88,-88.0,29936,4,14803
18:14:50,20.429,1663639,1663639,0,1,37.496338,126.957886,0.907,189.2,0.869,1,187.1,"2.255,4.889,5.550","-19.298,16.244,-6.076","-22.200,54.750,14.700",16303,7,1.22,37.496346,126.957887,3217,0,1,0,-88,-88.0,29937,22,14804
18:14:50,20.430,1663661,1663661,0,1,37.496338,126.957886,0.907,189.2,0.869,1,187.1,"2.629,5.037,5.205","-4.092,19.687,-3.824","-21.000,55.350,17.100",16303,7,1.22,37.496346,126.957887,3217,0,1,0,-88,-88.0,29937,44,14804
18:14:50,20.430,1663683,1663683,0,1,37.496338,126.957886,0.928,188.6,0.967,1,187.1,"2.954,5.090,5.449","7.588,20.176,0.176","-21.900,53.550,13.950",16303,7,1.22,37.496336,126.957889,3218,0,1,0,-88,-88.0,29937,66,14804
18:14:50,20.521,1663718,1663718,0,1,37.496338,126.957886,0.928,188.6,0.967,1,187.1,"2.940,5.210,5.880","6.031,3.305,6.130","-20.400,52.050,13.950",16304,7,1.22,37.496336,126.957889,3218,0,1,0,-88,-88.0,29937,101,14804
18:14:50,20.559,1663740,1663740,0,1,37.496338,126.957886,0.928,188.6,0.967,1,187.1,"3.687,5.617,5.301","-5.351,-13.023,3.427","-22.200,54.750,14.400",16304,7,1.22,37.496336,126.957889,3218,0,1,0,-90,-88.4,29938,19,14805
18:14:50,20.560,1663784,1663784,0,1,37.496338,126.957886,0.942,188.1,0.967,1,187.1,"7.484,8.480,5.516","-0.275,-27.412,11.229","-22.500,53.700,15.600",16304,7,1.22,37.496336,126.957889,3219,0,1,0,-90,-88.4,29938,63,14805
18:14:50,20.647,1663863,1663863,0,1,37.496334,126.957886,0.942,188.1,0.967,1,187.1,"9.457,10.123,5.468","23.840,-45.107,28.840","-22.650,55.050,14.700",16305,7,1.22,37.496336,126.957889,3219,0,1,0,-89,-88.4,29940,23,14806
18:14:50,20.680,1663920,1663920,0,1,37.496334,126.957886,0.942,188.1,0.967,1,187.1,"9.625,8.878,5.851","52.695,-49.855,38.756","-25.800,56.400,14.250",16306,7,1.22,37.496336,126.957889,3219,0,1,0,-89,-88.4,29940,80,14806
18:14:50,20.680,1663942,1663942,0,1,37.496334,126.957886,0.942,188.1,0.967,1,187.1,"9.859,8.672,7.408","68.695,-39.221,40.382","-27.000,57.900,14.850",16306,7,1.22,37.496336,126.957889,3219,0,1,0,-90,-88.7,29941,10,14806
18:14:50,20.680,1663964,1663964,0,1,37.496334,126.957886,0.942,188.1,0.967,1,187.1,"9.979,9.165,9.395","66.847,-53.160,39.908","-27.900,57.450,13.650",16306,7,1.22,37.496336,126.957889,3219,0,1,0,-90,-88.7,29941,32,14806
18:14:50,20.772,1663986,1663986,0,1,37.496334,126.957886,0.942,188.1,0.967,1,187.1,"-19.613,-19.613,19.613","134.725,250.130,-28.740","-29.400,58.950,15.150",16306,7,1.22,37.496336,126.957889,3219,0,1,0,-90,-88.7,29941,54,14806
18:14:50,20.810,1664021,1664021,0,1,37.496334,126.957886,0.942,188.1,0.967,1,187.1,"-7.523,-3.323,19.613","83.061,14.947,-23.527","-31.500,60.300,14.850",16307,7,1.22,37.496336,126.957889,3219,0,1,0,-88,-88.6,29942,2,14806
18:14:50,20.810,1664043,1664043,0,1,37.496334,126.957886,0.942,188.1,0.967,1,187.1,"12.584,5.310,19.613","35.221,-53.969,19.336","-30.450,59.250,13.200",16307,7,1.22,37.496336,126.957889,3219,0,1,0,-88,-88.6,29942,24,14806
18:14:50,20.810,1664065,1664065,0,1,37.496334,126.957886,0.942,188.1,0.967,1,187.1,"11.401,-3.098,14.365","-31.260,39.038,2.206","-31.050,60.600,13.500",16307,7,1.22,37.496336,126.957889,3219,0,1,0,-88,-88.6,29942,46,14806
18:14:50,20.810,1664087,1664087,0,1,37.496334,126.957886,0.942,188.1,0.967,1,187.1,"1.322,3.017,7.877","-30.962,6.290,-4.855","-31.200,60.900,15.900",16307,7,1.22,37.496336,126.957889,3219,0,1,0,-88,-88.6,29942,68,14806
18:14:50,21.055,1664122,1664122,0,1,37.496334,126.957886,0.942,188.1,0.967,1,187.1,"0.819,1.542,7.987","-32.435,18.634,-1.084","-31.650,60.450,15.150",16308,7,1.22,37.496336,126.957889,3219,0,1,0,-88,-88.6,29942,103,14806
18:14:50,21.282,1664428,1664428,0,1,37.496330,126.957886,0.942,188.1,0.967,1,187.1,"6.187,6.005,4.554","11.641,3.023,-3.977","-22.950,54.000,14.700",16311,7,1.22,37.496336,126.957889,3219,0,1,0,-91,-88.9,29945,100,14807
18:14:51,21.333,1664450,1664450,0,1,37.496330,126.957886,0.942,188.1,0.967,1,187.1,"7.594,8.475,4.195","34.053,14.969,-8.550","-22.800,55.350,14.850",16311,7,1.22,37.496336,126.957889,3219,0,1,0,-91,-88.9,29945,122,14807
18:14:51,21.333,1664472,1664472,0,1,37.496330,126.957886,0.942,188.1,0.967,1,187.1,"9.270,9.060,5.363","30.023,3.840,-17.260","-24.000,57.150,14.250",16311,7,1.22,37.496336,126.957889,3219,0,1,0,-91,-88.9,29945,144,14807
18:14:51,21.333,1664494,1664494,0,1,37.496330,126.957886,0.942,188.1,0.967,1,187.1,"8.854,8.811,5.698","37.870,2.267,-16.008","-22.800,54.450,14.850",16311,7,1.22,37.496336,126.957889,3219,0,1,0,-91,-88.9,29945,166,14807
18:14:51,21.334,1664528,1664516,0,1,37.496330,126.957886,0.942,188.1,0.967,1,187.1,"7.465,9.989,5.521","67.954,11.527,-13.489","-22.500,57.600,15.300",16312,7,1.22,37.496336,126.957889,3219,0,1,0,-91,-88.9,29945,200,14807
18:14:51,21.334,1664536,1664536,0,1,37.496330,126.957886,0.942,188.1,0.967,1,187.1,"7.096,11.478,6.076","80.824,9.168,-4.290","-23.250,58.350,14.850",16312,7,1.22,37.496336,126.957889,3219,0,1,0,-87,-88.5,29946,0,14807
18:14:51,21.334,1664558,1664558,0,1,37.496330,126.957886,0.942,188.1,0.967,1,187.1,"7.465,11.981,6.699","49.611,-18.481,7.740","-22.800,58.350,13.500",16312,7,1.22,37.496336,126.957889,3219,0,1,0,-88,-88.4,29947,21,14808
18:14:51,21.334,1664580,1664580,0,1,37.496330,126.957886,0.942,188.1,0.967,1,187.1,"7.925,11.349,6.871","11.153,-60.351,9.008","-24.000,63.000,13.800",16312,7,1.22,37.496336,126.957889,3219,0,1,0,-88,-88.4,29947,43,14808
18:14:51,21.334,1664602,1664602,0,1,37.496330,126.957886,0.942,188.1,0.967,1,187.1,"8.126,10.534,6.804","9.939,-80.221,21.550","-25.650,60.450,13.650",16312,7,1.22,37.496336,126.957889,3219,0,1,0,-88,-88.4,29947,65,14808
18:14:51,21.444,1664637,1664637,0,1,37.496330,126.957886,0.942,188.1,0.967,1,187.1,"4.937,8.236,8.701","12.527,-91.939,22.046","-27.300,62.250,14.250",16313,7,1.22,37.496336,126.957889,3219,0,1,0,-86,-87.9,29948,13,14808
18:14:51,21.490,1664659,1664659,0,1,37.496330,126.957886,0.942,188.1,0.967,1,187.1,"15.117,-0.244,19.613","33.313,-162.298,112.160","-27.900,62.400,13.200",16313,7,1.22,37.496336,126.957889,3219,0,1,0,-87,-87.7,29949,20,14809
18:14:51,21.491,1664738,1664738,0,1,37.496326,126.957886,0.911,187.8,0.854,1,187.1,"-0.876,6.120,9.965","-10.916,-35.511,5.351","-31.050,59.550,11.700",16314,7,1.22,37.496328,126.957883,3220,0,1,0,-87,-87.7,29949,99,14809
18:14:51,21.491,1664839,1664839,0,1,37.496326,126.957886,0.891,187.6,0.854,1,187.1,"-0.943,2.150,6.962","-2.763,75.221,-20.962","-30.450,58.950,14.400",16315,7,1.22,37.496328,126.957883,3221,0,1,0,-87,-87.7,29949,200,14809
18:14:51,21.591,1664861,1664861,0,1,37.496326,126.957886,0.891,187.6,0.854,1,187.1,"-0.651,2.495,7.997","-14.756,79.458,-26.985","-28.500,59.550,14.550",16315,7,1.22,37.496328,126.957883,3221,0,1,0,-87,-87.7,29949,222,14809
18:14:51,21.629,1664883,1664883,0,1,37.496326,126.957886,0.891,187.6,0.854,1,187.1,"-1.283,2.629,7.063","-35.198,69.672,-30.824","-25.500,59.550,15.300",16315,7,1.22,37.496328,126.957883,3221,0,1,0,-87,-87.7,29949,244,14809
18:14:51,21.629,1664905,1664905,0,1,37.496326,126.957886,0.891,187.6,0.854,1,187.1,"-1.422,2.557,6.867","-50.733,56.542,-31.252","-25.500,58.350,13.800",16315,7,1.22,37.496328,126.957883,3221,0,1,0,-87,-87.7,29949,266,14809
18:14:51,21.721,1664940,1664940,0,1,37.496326,126.957886,0.891,187.6,0.854,1,187.1,"-0.680,2.768,5.143","-52.267,49.977,-30.809","-24.150,57.750,13.950",16316,7,1.22,37.496328,126.957883,3221,0,1,0,-87,-87.6,29950,1,14810
18:14:51,21.760,1664962,1664962,0,1,37.496326,126.957886,0.891,187.6,0.854,1,187.1,"0.153,3.084,5.301","-44.069,43.214,-27.565","-20.700,56.250,16.500",16316,7,1.22,37.496328,126.957883,3221,0,1,0,-87,-87.6,29950,23,14810
18:14:51,21.760,1664984,1664984,0,1,37.496326,126.957886,0.891,187.6,0.854,1,187.1,"0.986,4.123,6.105","-43.313,29.931,-24.115","-19.500,56.100,14.850",16316,7,1.22,37.496328,126.957883,3221,0,1,0,-87,-87.6,29950,45,14810
18:14:51,21.760,1665006,1665006,0,1,37.496326,126.957886,0.891,187.6,0.854,1,187.1,"3.481,4.899,7.168","-50.023,15.450,-20.344","-21.000,54.450,14.850",16316,7,1.22,37.496328,126.957883,3221,0,1,0,-87,-87.6,29950,67,14810
18:14:51,21.760,1665041,1665041,0,1,37.496326,126.957886,0.891,187.6,0.854,1,187.1,"3.122,6.043,6.732","-15.183,23.115,-14.496","-18.900,52.350,15.450",16317,7,1.22,37.496328,126.957883,3221,0,1,0,-88,-87.4,29952,2,14811
18:14:51,21.760,1665063,1665063,0,1,37.496326,126.957886,0.891,187.6,0.854,1,187.1,"4.056,5.851,6.005","-12.611,13.466,-2.947","-19.800,53.400,13.800",16317,7,1.22,37.496328,126.957883,3221,0,1,0,-88,-87.4,29952,24,14811
18:14:51,21.760,1665085,1665085,0,1,37.496326,126.957886,0.891,187.6,0.854,1,187.1,"6.014,6.914,5.540","-26.511,-11.282,-6.450","-20.700,52.050,14.700",16317,7,1.22,37.496328,126.957883,3221,0,1,0,-88,-87.4,29952,46,14811
18:14:51,21.847,1665142,1665142,0,1,37.496326,126.957886,0.891,187.6,0.854,1,187.1,"8.897,8.294,5.430","-0.176,-17.282,-0.985","-19.800,50.250,16.050",16318,7,1.22,37.496328,126.957883,3221,0,1,0,-88,-87.4,29952,103,14811
18:14:51,21.880,1665186,1665186,0,1,37.496326,126.957886,0.891,187.6,0.854,1,187.1,"8.428,8.092,6.163","25.863,-16.443,-0.847","-21.750,51.000,14.250",16318,7,1.22,37.496328,126.957883,3221,0,1,0,-88,-87.4,29952,147,14811
18:14:51,22.225,1665208,1665208,0,1,37.496326,126.957886,0.891,187.6,0.854,1,187.1,"7.757,8.222,5.885","20.664,-22.496,-1.924","-21.150,53.100,16.500",16318,7,1.22,37.496328,126.957883,3221,0,1,0,-88,-87.4,29952,169,14811
18:14:52,22.369,1665514,1665514,0,1,37.496323,126.957886,0.891,187.6,0.854,1,187.1,"-5.746,0.833,7.441","-17.420,15.771,2.046","-27.150,58.200,14.700",16321,7,1.22,37.496328,126.957883,3221,0,1,0,-90,-88.0,29956,69,14813
18:14:52,22.378,1665548,1665536,0,1,37.496323,126.957886,0.891,187.6,0.854,1,187.1,"-5.128,2.217,8.112","-11.496,29.725,5.580","-27.450,58.200,14.700",16322,7,1.22,37.496328,126.957883,3221,0,1,0,-90,-88.0,29956,103,14813
18:14:52,22.378,1665556,1665556,0,1,37.496323,126.957886,0.891,187.6,0.854,1,187.1,"-2.552,3.831,9.917","-20.863,30.130,7.466","-25.800,59.550,14.250",16322,7,1.22,37.496328,126.957883,3221,0,1,0,-90,-88.0,29956,111,14813
18:14:52,22.513,1665578,1665578,0,1,37.496323,126.957886,0.891,187.6,0.854,1,187.1,"0.024,4.319,10.851","-51.740,15.183,2.374","-24.750,58.350,15.300",16322,7,1.22,37.496328,126.957883,3221,0,1,0,-90,-88.0,29956,133,14813
18:14:52,22.562,1665600,1665600,0,1,37.496323,126.957886,0.891,187.6,0.854,1,187.1,"2.093,4.128,10.333","-87.099,-15.786,-3.298","-25.500,56.400,15.600",16322,7,1.22,37.496328,126.957883,3221,0,1,0,-90,-88.0,29956,155,14813
18:14:52,22.562,1665622,1665622,0,1,37.496323,126.957886,0.891,187.6,0.854,1,187.1,"3.591,3.725,9.088","-82.595,-10.763,-12.618","-24.300,54.900,14.850",16322,7,1.22,37.496328,126.957883,3221,0,1,0,-90,-88.0,29956,177,14813
18:14:52,22.562,1665657,1665657,0,1,37.496323,126.957886,0.891,187.6,0.854,1,187.1,"4.822,3.730,6.464","-51.588,10.137,-25.168","-24.750,51.750,14.550",16323,7,1.22,37.496328,126.957883,3221,0,1,0,-90,-88.4,29958,5,14814
18:14:52,22.562,1665679,1665679,0,1,37.496315,126.957878,1.328,192.4,2.140,1,203.6,"4.851,3.864,4.951","-23.168,38.641,-32.641","-26.400,52.350,14.700",16323,7,1.22,37.496310,126.957870,3222,0,1,0,-90,-88.4,29958,27,14814
18:14:52,22.562,1665701,1665701,0,1,37.496315,126.957878,1.328,192.4,2.140,1,203.6,"4.851,4.592,5.727","1.374,57.893,-38.580","-23.700,52.800,14.700",16323,7,1.22,37.496310,126.957870,3222,0,1,0,-90,-88.4,29958,49,14814
18:14:52,22.563,1665723,1665723,0,1,37.496315,126.957878,1.328,192.4,2.140,1,203.6,"5.114,5.861,5.057","1.336,56.977,-41.382","-22.800,51.000,15.600",16323,7,1.22,37.496310,126.957870,3222,0,1,0,-90,-88.4,29958,71,14814
18:14:52,22.563,1665758,1665758,0,1,37.496315,126.957878,1.328,192.4,2.140,1,203.6,"6.129,6.364,7.728","-30.382,30.939,-42.595","-20.550,51.750,15.600",16324,7,1.22,37.496310,126.957870,3222,0,1,0,-90,-88.4,29958,106,14814
18:14:52,22.563,1665780,1665780,0,1,37.496315,126.957878,1.328,192.4,2.140,1,203.6,"4.913,5.239,5.741","-21.481,28.573,-37.939","-19.200,49.350,16.950",16324,7,1.22,37.496310,126.957870,3222,0,1,0,-90,-88.4,29958,128,14814
18:14:52,22.563,1665802,1665802,0,1,37.496311,126.957878,1.612,195.8,2.140,1,203.6,"3.816,5.157,5.468","-4.198,27.710,-26.389","-22.500,51.000,15.300",16324,7,1.22,37.496310,126.957870,3223,0,1,0,-90,-88.4,29958,150,14814
18:14:52,22.563,1665824,1665824,0,1,37.496311,126.957878,1.612,195.8,2.140,1,203.6,"3.256,6.479,6.608","2.053,23.626,-29.176","-18.450,50.100,15.150",16324,7,1.22,37.496310,126.957870,3223,0,1,0,-90,-88.4,29958,172,14814
18:14:52,22.660,1665859,1665859,0,1,37.496311,126.957870,1.612,195.8,2.140,1,203.6,"3.314,5.804,6.646","-26.840,-11.679,-19.763","-20.400,50.850,15.150",16325,7,1.22,37.496310,126.957870,3223,0,1,0,-90,-88.4,29958,207,14814
18:14:52,22.696,1665903,1665903,0,1,37.496311,126.957870,1.612,195.8,2.140,1,203.6,"3.012,4.338,5.401","-42.939,-35.893,-10.038","-20.700,48.150,15.900",16325,7,1.22,37.496310,126.957870,3223,0,1,0,-90,-88.4,29958,251,14814
18:14:52,22.697,1665925,1665925,0,1,37.496311,126.957870,1.612,195.8,2.140,1,203.6,"2.787,3.740,5.095","-27.076,-29.290,-6.695","-20.250,47.250,15.300",16325,7,1.22,37.496310,126.957870,3223,0,1,0,-90,-88.4,29958,273,14814
18:14:52,22.697,1665960,1665960,0,1,37.496311,126.957870,1.612,195.8,2.140,1,203.6,"1.867,2.840,4.913","-10.130,-17.366,-5.084","-22.800,47.550,15.600",16326,7,1.22,37.496310,126.957870,3223,0,1,0,-85,-87.7,29959,10,14815
18:14:52,22.697,1665981,1665981,0,1,37.496311,126.957870,1.612,195.8,2.140,1,203.6,"1.628,2.634,5.028","-5.977,-16.702,-5.740","-20.700,46.650,15.150",16326,7,1.22,37.496310,126.957870,3223,0,1,0,-88,-87.8,29960,15,14815
18:14:52,22.783,1666003,1666003,0,1,37.496311,126.957870,1.612,195.8,2.140,1,203.6,"1.915,2.954,4.865","-4.855,-17.305,-2.405","-22.200,46.950,15.150",16326,7,1.22,37.496310,126.957870,3223,0,1,0,-88,-87.8,29960,37,14815
18:14:52,22.814,1666025,1666025,0,1,37.496311,126.957870,1.612,195.8,2.140,1,203.6,"2.251,3.634,4.602","-5.031,-20.008,-4.817","-21.300,45.300,15.300",16326,7,1.22,37.496310,126.957870,3223,0,1,0,-88,-87.8,29960,59,14815
18:14:52,22.814,1666060,1666060,0,1,37.496307,126.957870,1.612,195.8,2.140,1,203.6,"3.572,4.401,4.865","0.206,-10.786,-4.321","-22.950,44.250,16.950",16327,7,1.22,37.496310,126.957870,3223,0,1,0,-88,-87.8,29960,94,14815
18:14:52,22.814,1666082,1666082,0,1,37.496307,126.957870,1.612,195.8,2.140,1,203.6,"4.243,5.464,4.338","10.305,-2.511,-8.267","-22.050,46.500,17.550",16327,7,1.22,37.496310,126.957870,3223,0,1,0,-86,-87.4,29961,21,14815
18:14:52,22.814,1666104,1666104,0,1,37.496307,126.957870,1.612,195.8,2.140,1,203.6,"5.124,6.483,5.353","28.565,8.076,-4.176","-22.500,46.050,15.300",16327,7,1.22,37.496310,126.957870,3223,0,1,0,-86,-87.4,29961,43,14815
18:14:52,22.815,1666126,1666126,0,1,37.496307,126.957870,1.612,195.8,2.140,1,203.6,"6.000,7.226,6.752","42.550,14.275,-4.115","-21.750,47.550,16.350",16327,7,1.22,37.496310,126.957870,3223,0,1,0,-86,-87.4,29961,65,14815
18:14:52,22.815,1666161,1666161,0,1,37.496307,126.957870,1.612,195.8,2.140,1,203.6,"6.378,8.533,7.293","27.244,-8.840,1.122","-24.000,47.250,16.050",16328,7,1.22,37.496310,126.957870,3223,0,1,0,-86,-87.4,29961,100,14815
18:14:52,22.906,1666182,1666182,0,1,37.496307,126.957870,1.612,195.8,2.140,1,203.6,"7.288,8.978,7.240","22.145,-27.863,1.771","-22.500,48.750,15.300",16328,7,1.22,37.496310,126.957870,3223,0,1,0,-86,-87.4,29961,121,14815
18:14:52,22.942,1666204,1666204,0,1,37.496307,126.957870,1.612,195.8,2.140,1,203.6,"9.170,8.107,4.817","40.328,-66.878,29.183","-23.400,48.600,16.200",16328,7,1.22,37.496310,126.957870,3223,0,1,0,-86,-87.4,29961,143,14815
18:14:52,22.942,1666226,1666226,0,1,37.496307,126.957870,1.612,195.8,2.140,1,203.6,"9.730,6.263,-8.255","58.588,-79.366,28.748","-25.650,50.100,13.950",16328,7,1.22,37.496310,126.957870,3223,0,1,0,-86,-87.4,29961,165,14815
18:14:52,22.942,1666259,1666259,0,1,37.496307,126.957870,1.612,195.8,2.140,1,203.6,"11.837,4.233,-0.771","30.710,-100.511,43.214","-27.150,50.400,15.900",16329,7,1.22,37.496310,126.957870,3223,0,1,0,-86,-87.4,29961,198,14815
18:14:52,23.028,1666281,1666281,0,1,37.496307,126.957870,1.612,195.8,2.140,1,203.6,"-19.613,13.704,-19.613","65.214,104.901,-47.863","-27.750,52.650,16.350",16329,7,1.22,37.496310,126.957870,3223,0,1,0,-86,-87.4,29961,220,14815
18:14:52,23.233,1666303,1666303,0,1,37.496304,126.957870,1.612,195.8,2.140,1,203.6,"5.837,7.484,9.404","80.595,105.679,32.405","-26.400,52.050,14.700",16329,7,1.22,37.496310,126.957870,3223,0,1,0,-88,-87.5,29962,18,14815
18:14:52,23.296,1666439,1666439,0,1,37.496304,126.957870,1.612,195.8,2.140,1,203.6,"-1.245,0.761,6.560","-21.023,21.817,21.252","-25.950,50.850,16.200",16330,7,1.22,37.496310,126.957870,3223,0,1,0,-88,-87.5,29962,154,14815
18:14:52,23.296,1666466,1666466,0,1,37.496304,126.957870,1.612,195.8,2.140,1,203.6,"-0.905,1.575,6.862","-0.252,31.336,17.053","-26.250,51.000,15.300",16331,7,1.22,37.496310,126.957870,3223,0,1,0,-88,-87.5,29962,181,14815
18:14:52,23.296,1666488,1666488,0,1,37.496304,126.957870,1.612,195.8,2.140,1,203.6,"-0.024,2.303,7.642","1.122,30.321,16.053","-25.500,51.450,15.600",16331,7,1.22,37.496310,126.957870,3223,0,1,0,-88,-87.5,29962,203,14815
18:14:52,23.296,1666510,1666510,0,1,37.496304,126.957870,1.612,195.8,2.140,1,203.6,"1.714,3.270,7.685","-1.748,21.115,16.702","-25.500,49.500,16.050",16331,7,1.22,37.496310,126.957870,3223,0,1,0,-88,-87.5,29962,225,14815
18:14:52,23.296,1666532,1666532,0,1,37.496304,126.957870,1.612,195.8,2.140,1,203.6,"2.318,3.112,6.273","-7.008,9.260,16.389","-23.550,51.450,15.300",16331,7,1.22,37.496310,126.957870,3223,0,1,0,-88,-87.5,29962,247,14815
18:14:52,23.296,1666565,1666565,0,1,37.496300,126.957870,1.612,195.8,2.140,1,203.6,"3.381,3.701,5.957","-35.252,-27.321,13.954","-27.450,49.350,13.950",16332,7,1.22,37.496310,126.957870,3223,0,1,0,-87,-87.0,29964,5,14816
18:14:53,23.409,1666587,1666587,0,1,37.496300,126.957870,1.612,195.8,2.140,1,203.6,"4.199,3.390,4.942","-34.679,-29.939,11.893","-25.050,49.500,16.350",16332,7,1.22,37.496310,126.957870,3223,0,1,0,-87,-87.0,29964,27,14816
18:14:53,23.449,1666631,1666631,0,1,37.496300,126.957863,1.612,195.8,2.140,1,203.6,"5.033,4.142,4.094","13.511,-3.664,11.092","-25.950,48.600,16.200",16332,7,1.22,37.496310,126.957870,3223,0,1,0,-87,-87.0,29964,71,14816
18:14:53,23.450,1666665,1666653,0,1,37.496300,126.957863,1.612,195.8,2.140,1,203.6,"6.311,5.071,5.751","21.366,-0.931,7.817","-26.400,46.950,15.450",16333,7,1.22,37.496310,126.957870,3223,0,1,0,-87,-87.0,29964,105,14816
18:14:53,23.450,1666674,1666674,0,1,37.496300,126.957870,1.349,198.1,0.859,1,203.6,"5.545,5.622,5.660","19.237,-4.450,7.252","-24.750,49.500,15.600",16333,7,1.22,37.496298,126.957868,3224,0,1,0,-87,-87.0,29964,114,14816
18:14:53,23.546,1666696,1666696,0,1,37.496300,126.957870,1.349,198.1,0.859,1,203.6,"6.354,5.875,5.033","13.382,-15.580,5.649","-27.150,49.650,15.150",16333,7,1.22,37.496298,126.957868,3224,0,1,0,-92,-88.0,29965,3,14816
18:14:53,23.677,1666876,1666876,0,1,37.496296,126.957863,1.177,199.8,0.859,1,203.6,"15.696,8.337,2.758","40.573,35.336,-0.847","-30.450,50.850,15.900",16335,7,1.22,37.496298,126.957868,3225,0,1,0,-92,-88.0,29965,183,14816
18:14:53,23.713,1666898,1666898,0,1,37.496296,126.957863,1.177,199.8,0.859,1,203.6,"4.918,2.021,3.467","60.550,40.649,9.107","-28.950,51.600,15.150",16335,7,1.22,37.496298,126.957868,3225,0,1,0,-92,-88.0,29965,205,14816
18:14:53,23.713,1666920,1666920,0,1,37.496296,126.957863,1.177,199.8,0.859,1,203.6,"3.725,5.234,4.195","93.427,84.267,7.000","-28.950,53.550,13.950",16335,7,1.22,37.496298,126.957868,3225,0,1,0,-92,-88.0,29965,227,14816
18:14:53,23.713,1666942,1666942,0,1,37.496296,126.957863,1.177,199.8,0.859,1,203.6,"4.252,6.105,9.036","68.985,66.634,3.382","-26.550,55.650,14.850",16335,7,1.22,37.496298,126.957868,3225,0,1,0,-92,-88.0,29965,249,14816
18:14:53,23.713,1666977,1666977,0,1,37.496296,126.957863,1.177,199.8,0.859,1,203.6,"3.452,5.602,8.226","40.687,32.626,6.397","-25.500,55.350,12.750",16336,7,1.22,37.496298,126.957868,3225,0,1,0,-89,-88.4,29967,9,14817
18:14:53,23.713,1666998,1666998,0,1,37.496296,126.957863,1.177,199.8,0.859,1,203.6,"3.697,6.211,10.927","9.427,8.557,2.244","-23.250,59.100,14.550",16336,7,1.22,37.496298,126.957868,3225,0,1,0,-89,-88.4,29967,30,14817
18:14:53,23.713,1667042,1667042,0,1,37.496296,126.957863,1.177,199.8,0.859,1,203.6,"3.405,6.081,9.179","-51.481,-40.023,4.481","-25.200,57.000,15.150",16336,7,1.22,37.496298,126.957868,3225,0,1,0,-89,-88.4,29967,74,14817
18:14:53,23.800,1667077,1667077,0,1,37.496296,126.957863,1.177,199.8,0.859,1,203.6,"4.094,5.502,8.193","-53.534,-44.847,4.534","-26.400,54.300,16.200",16337,7,1.22,37.496298,126.957868,3225,0,1,0,-87,-87.9,29969,1,14818
18:14:53,23.831,1667099,1667099,0,1,37.496292,126.957863,1.177,199.8,0.859,1,203.6,"5.162,4.549,7.116","-37.908,-33.397,3.389","-26.400,55.050,12.900",16337,7,1.22,37.496298,126.957868,3225,0,1,0,-87,-87.9,29969,23,14818
18:14:53,23.831,1667121,1667121,0,1,37.496292,126.957863,1.177,199.8,0.859,1,203.6,"4.602,4.324,6.235","-17.473,-31.038,6.122","-26.550,54.900,15.600",16337,7,1.22,37.496298,126.957868,3225,0,1,0,-87,-87.9,29969,45,14818
18:14:53,23.831,1667143,1667143,0,1,37.496292,126.957863,1.177,199.8,0.859,1,203.6,"4.472,4.673,7.398","-11.878,-24.534,5.809","-28.200,54.000,14.400",16337,7,1.22,37.496298,126.957868,3225,0,1,0,-87,-87.9,29969,67,14818
18:14:53,23.832,1667177,1667177,0,1,37.496292,126.957863,1.177,199.8,0.859,1,203.6,"4.434,4.688,5.775","-3.466,-13.099,4.359","-28.950,52.350,15.450",16338,7,1.22,37.496298,126.957868,3225,0,1,0,-84,-86.6,29971,3,14819
18:14:53,23.832,1667199,1667199,0,1,37.496292,126.957863,1.177,199.8,0.859,1,203.6,"4.650,4.855,6.800","-1.809,-14.328,1.183","-28.050,51.750,15.300",16338,7,1.22,37.496298,126.957868,3225,0,1,0,-84,-86.6,29971,25,14819
18:14:53,23.923,1667221,1667221,0,1,37.496292,126.957863,1.177,199.8,0.859,1,203.6,"4.357,5.023,6.397","-14.885,-26.504,4.466","-30.750,53.700,16.800",16338,7,1.22,37.496298,126.957868,3225,0,1,0,-84,-86.6,29971,47,14819
18:14:53,23.959,1667243,1667243,0,1,37.496292,126.957863,1.177,199.8,0.859,1,203.6,"4.731,5.100,5.727","-37.740,-39.947,2.710","-30.300,52.650,14.850",16338,7,1.22,37.496298,126.957868,3225,0,1,0,-84,-86.6,29971,69,14819
18:14:53,23.959,1667277,1667277,0,1,37.496292,126.957863,1.177,199.8,0.859,1,203.6,"4.918,4.492,4.640","-43.641,-36.725,3.282","-30.300,50.250,16.050",16339,7,1.22,37.496298,126.957868,3225,0,1,0,-87,-86.3,29973,11,14820
18:14:53,24.049,1667299,1667299,0,1,37.496292,126.957863,1.177,199.8,0.859,1,203.6,"5.511,3.946,4.233","-27.466,-24.420,1.557","-30.900,51.300,14.400",16339,7,1.22,37.496298,126.957868,3225,0,1,0,-87,-86.3,29973,33,14820
18:14:53,24.183,1667321,1667321,0,1,37.496292,126.957863,1.177,199.8,0.859,1,203.6,"5.727,4.017,4.535","-4.206,-6.359,1.817","-32.400,49.650,15.150",16339,7,1.22,37.496298,126.957868,3225,0,1,0,-87,-86.3,29973,55,14820
18:14:53,24.224,1667442,1667442,0,1,37.496288,126.957863,1.177,199.8,0.859,1,203.6,"4.357,5.559,7.618","-9.412,-8.427,-0.641","-29.250,53.700,14.850",16340,7,1.22,37.496298,126.957868,3225,0,1,0,-85,-85.8,29975,41,14821
18:14:53,24.224,1667476,1667464,0,1,37.496288,126.957863,1.177,199.8,0.859,1,203.6,"4.693,4.961,7.259","-34.435,-29.611,1.603","-30.000,53.400,14.850",16341,7,1.22,37.496298,126.957868,3225,0,1,0,-87,-86.1,29977,6,14822
18:14:53,24.224,1667484,1667484,0,1,37.496288,126.957863,1.177,199.8,0.859,1,203.6,"4.511,4.827,6.014","-38.122,-28.687,0.832","-29.700,53.550,14.400",16341,7,1.22,37.496298,126.957868,3225,0,1,0,-87,-86.1,29977,14,14822
18:14:53,24.224,1667506,1667506,0,1,37.496288,126.957863,1.177,199.8,0.859,1,203.6,"4.860,4.855,4.942","-15.076,-16.221,2.641","-30.300,49.950,13.800",16341,7,1.22,37.496298,126.957868,3225,0,1,0,-87,-86.1,29977,36,14822
18:14:53,24.224,1667528,1667528,0,1,37.496288,126.957863,1.177,199.8,0.859,1,203.6,"4.860,4.918,5.004","14.305,8.718,2.679","-31.950,52.050,14.400",16341,7,1.22,37.496298,126.957868,3225,0,1,0,-87,-86.1,29977,58,14822
18:14:53,24.225,1667550,1667550,0,1,37.496288,126.957863,1.177,199.8,0.859,1,203.6,"5.842,4.089,5.430","21.542,15.328,3.282","-31.500,52.950,13.800",16341,7,1.22,37.496298,126.957868,3225,0,1,0,-87,-86.1,29977,80,14822
18:14:53,24.315,1667605,1667605,0,1,37.496288,126.957863,1.177,199.8,0.859,1,203.6,"4.927,4.453,8.001","-7.817,-7.725,3.618","-30.000,52.200,16.050",16342,7,1.22,37.496298,126.957868,3225,0,1,0,-89,-86.7,29979,28,14823
18:14:54,24.351,1667649,1667649,0,1,37.496288,126.957863,1.177,199.8,0.859,1,203.6,"6.239,4.970,6.134","-24.695,-22.267,6.573","-30.300,51.000,15.300",16342,7,1.22,37.496298,126.957868,3225,0,1,0,-89,-86.7,29979,72,14823
18:14:54,24.351,1667714,1667714,0,1,37.496288,126.957863,0.828,199.8,0.180,1,203.6,"4.750,4.712,5.890","20.985,15.527,6.443","-34.200,51.300,14.400",16343,7,1.22,37.496293,126.957868,3226,0,1,0,-87,-86.8,29981,36,14824
18:14:54,24.440,1667736,1667736,0,1,37.496288,126.957863,0.828,199.8,0.180,1,203.6,"5.497,4.444,6.761","32.198,20.565,5.221","-32.550,51.000,16.800",16343,7,1.22,37.496293,126.957868,3226,0,1,0,-87,-86.8,29981,58,14824
18:14:54,24.479,1667758,1667758,0,1,37.496288,126.957863,0.828,199.8,0.180,1,203.6,"5.310,4.836,7.930","19.931,10.076,3.656","-28.650,51.300,16.200",16343,7,1.22,37.496293,126.957868,3226,0,1,0,-87,-86.8,29981,80,14824
18:14:54,24.479,1667793,1667793,0,1,37.496292,126.957863,0.601,199.8,0.180,1,203.6,"5.157,4.745,7.661","-10.588,-7.931,4.397","-30.450,51.600,13.950",16344,7,1.22,37.496293,126.957868,3227,0,1,0,-84,-85.8,29983,8,14825
18:14:54,24.479,1667815,1667815,0,1,37.496292,126.957863,0.601,199.8,0.180,1,203.6,"5.473,4.463,6.867","-17.336,-13.725,1.588","-30.150,53.100,15.150",16344,7,1.22,37.496293,126.957868,3227,0,1,0,-84,-85.8,29983,30,14825
18:14:54,24.479,1667837,1667837,0,1,37.496292,126.957863,0.601,199.8,0.180,1,203.6,"5.171,4.180,5.990","-14.710,-12.443,3.550","-30.150,53.100,16.500",16344,7,1.22,37.496293,126.957868,3227,0,1,0,-84,-85.8,29983,52,14825
18:14:54,24.566,1667859,1667859,0,1,37.496292,126.957863,0.601,199.8,0.180,1,203.6,"5.531,4.128,6.148","-2.481,-4.931,0.603","-30.900,51.600,15.450",16344,7,1.22,37.496293,126.957868,3227,0,1,0,-84,-85.8,29983,74,14825
18:14:54,24.598,1667894,1667894,0,1,37.496292,126.957863,0.601,199.8,0.180,1,203.6,"5.243,4.319,5.741","11.618,7.450,0.847","-30.750,50.250,14.850",16345,7,1.22,37.496293,126.957868,3227,0,1,0,-85,-85.3,29985,3,14826
18:14:54,24.598,1667916,1667916,0,1,37.496292,126.957863,0.601,199.8,0.180,1,203.6,"5.205,4.453,6.369","11.794,5.786,1.634","-31.650,52.050,14.700",16345,7,1.22,37.496293,126.957868,3227,0,1,0,-85,-85.3,29985,25,14826
18:14:54,24.598,1667938,1667938,0,1,37.496292,126.957863,0.601,199.8,0.180,1,203.6,"5.028,4.697,6.632","6.954,6.160,-0.420","-32.250,52.200,14.550",16345,7,1.22,37.496293,126.957868,3227,0,1,0,-85,-85.3,29985,47,14826
18:14:54,24.689,1667960,1667960,0,1,37.496292,126.957863,0.601,199.8,0.180,1,203.6,"5.037,4.865,6.685","0.427,-1.137,1.489","-28.650,53.100,16.200",16345,7,1.22,37.496293,126.957868,3227,0,1,0,-85,-85.3,29985,69,14826
18:14:54,24.725,1668016,1668016,0,1,37.496292,126.957863,0.601,199.8,0.180,1,203.6,"5.157,4.755,6.565","-6.267,-4.740,1.389","-30.150,53.550,15.450",16346,7,1.22,37.496293,126.957868,3227,0,1,0,-85,-84.7,29987,32,14827
18:14:54,24.725,1668038,1668038,0,1,37.496292,126.957863,0.601,199.8,0.180,1,203.6,"5.210,4.606,6.766","-6.740,-4.427,1.725","-28.950,50.400,15.150",16346,7,1.22,37.496293,126.957868,3227,0,1,0,-85,-84.7,29987,54,14827
18:14:54,24.725,1668060,1668060,0,1,37.496292,126.957863,0.601,199.8,0.180,1,203.6,"5.459,4.367,6.541","-7.053,-1.092,4.244","-33.300,50.250,14.850",16346,7,1.22,37.496293,126.957868,3227,0,1,0,-83,-84.4,29988,0,14828
18:14:54,24.813,1668095,1668095,0,1,37.496292,126.957863,0.601,199.8,0.180,1,203.6,"5.334,4.214,7.120","-4.863,-1.015,2.679","-32.400,53.100,15.450",16347,7,1.22,37.496293,126.957868,3227,0,1,0,-83,-84.4,29988,35,14828
18:14:54,24.846,1668116,1668116,0,1,37.496292,126.957863,0.601,199.8,0.180,1,203.6,"5.488,4.334,6.833","-4.763,-5.489,1.366","-31.650,51.300,16.200",16347,7,1.22,37.496293,126.957868,3227,0,1,0,-83,-84.4,29988,56,14828
18:14:54,24.846,1668138,1668138,0,1,37.496292,126.957863,0.601,199.8,0.180,1,203.6,"5.387,4.195,6.823","-2.305,0.740,0.290","-30.900,53.100,16.200",16347,7,1.22,37.496293,126.957868,3227,0,1,0,-83,-84.4,29988,78,14828
18:14:54,24.932,1668160,1668160,0,1,37.496292,126.957863,0.601,199.8,0.180,1,203.6,"5.373,4.353,6.814","3.092,1.458,-0.672","-30.000,51.450,15.600",16347,7,1.22,37.496293,126.957868,3227,0,1,0,-82,-83.9,29989,0,14829
18:14:54,24.965,1668193,1668193,0,1,37.496292,126.957863,0.601,199.8,0.180,1,203.6,"5.152,4.621,6.349","2.962,-3.565,-0.130","-31.800,52.650,14.250",16348,7,1.22,37.496293,126.957868,3227,0,1,0,-85,-84.1,29990,9,14829
18:14:54,24.965,1668215,1668215,0,1,37.496292,126.957863,0.601,199.8,0.180,1,203.6,"5.013,4.817,5.981","2.389,1.557,-0.076","-31.050,52.950,15.600",16348,7,1.22,37.496293,126.957868,3227,0,1,0,-85,-84.1,29990,31,14829
18:14:54,24.965,1668237,1668237,0,1,37.496292,126.957863,0.601,199.8,0.180,1,203.6,"5.052,4.994,5.976","2.282,0.275,0.809","-32.250,50.250,15.300",16348,7,1.22,37.496293,126.957868,3227,0,1,0,-85,-84.1,29990,53,14829
18:14:54,25.057,1668259,1668259,0,1,37.496292,126.957863,0.601,199.8,0.180,1,203.6,"4.769,4.774,5.847","-2.481,-2.435,0.725","-30.750,52.650,15.300",16348,7,1.22,37.496293,126.957868,3227,0,1,0,-85,-84.1,29990,75,14829
18:14:54,25.095,1668293,1668281,0,1,37.496292,126.957863,0.601,199.8,0.180,1,203.6,"5.148,4.779,6.100","-5.229,-1.000,0.008","-31.650,51.300,14.700",16349,7,1.22,37.496293,126.957868,3227,0,1,0,-84,-84.1,29991,30,14830
18:14:54,25.095,1668323,1668323,0,1,37.496292,126.957863,0.601,199.8,0.180,1,203.6,"5.329,4.405,6.704","-17.405,-9.656,1.038","-31.800,50.250,14.850",16349,7,1.22,37.496293,126.957868,3227,0,1,0,-84,-84.1,29991,60,14830
18:14:54,25.095,1668345,1668345,0,1,37.496292,126.957863,0.601,199.8,0.180,1,203.6,"5.373,4.405,6.986","-16.916,-11.084,-1.031","-31.650,51.600,15.900",16349,7,1.22,37.496293,126.957868,3227,0,1,0,-84,-84.1,29991,82,14830
18:14:54,25.095,1668367,1668367,0,1,37.496292,126.957863,0.601,199.8,0.180,1,203.6,"5.315,4.338,7.321","-11.206,-5.023,-1.290","-32.550,50.700,18.600",16349,7,1.22,37.496293,126.957868,3227,0,1,0,-84,-84.1,29991,104,14830
18:14:54,25.095,1668400,1668400,0,1,37.496292,126.957863,0.601,199.8,0.180,1,203.6,"5.401,4.123,7.278","-3.542,-4.084,-3.084","-31.050,50.700,15.300",16350,7,1.22,37.496293,126.957868,3227,0,1,0,-86,-84.5,29992,25,14831
18:14:54,25.187,1668422,1668422,0,1,37.496292,126.957863,0.601,199.8,0.180,1,203.6,"5.301,4.362,7.096","-5.252,-4.557,-0.969","-31.650,51.300,15.150",16350,7,1.22,37.496293,126.957868,3227,0,1,0,-86,-84.5,29992,47,14831
18:14:54,25.224,1668508,1668508,0,1,37.496292,126.957863,0.601,199.8,0.180,1,203.6,"5.128,4.568,6.416","-3.794,-3.473,0.969","-32.250,49.500,16.050",16351,7,1.22,37.496293,126.957868,3227,0,1,0,-83,-84.4,29994,40,14832
18:14:55,25.341,1668530,1668530,0,1,37.496292,126.957863,0.601,199.8,0.180,1,203.6,"5.248,4.559,6.608","-3.534,-3.321,2.336","-32.250,51.000,14.850",16351,7,1.22,37.496293,126.957868,3227,0,1,0,-87,-84.9,29995,20,14832
18:14:55,25.391,1668552,1668552,0,1,37.496292,126.957863,0.601,199.8,0.180,1,203.6,"5.306,4.563,6.766","-5.878,-6.435,3.237","-32.400,47.400,13.650",16351,7,1.22,37.496293,126.957868,3227,0,1,0,-87,-84.9,29995,42,14832
18:14:55,25.392,1668574,1668574,0,1,37.496292,126.957863,0.601,199.8,0.180,1,203.6,"5.349,4.439,6.594","-4.282,-2.634,2.046","-32.700,50.400,15.150",16351,7,1.22,37.496293,126.957868,3227,0,1,0,-84,-84.8,29996,8,14833
18:14:55,25.392,1668607,1668607,0,1,37.496292,126.957863,0.601,199.8,0.180,1,203.6,"5.401,4.367,6.847","0.679,1.130,2.450","-31.200,49.350,15.150",16352,7,1.22,37.496293,126.957868,3227,0,1,0,-84,-84.6,29997,1,14833
18:14:55,25.392,1668629,1668629,0,1,37.496288,126.957863,0.601,199.8,0.180,1,203.6,"5.215,4.396,6.938","-0.695,1.954,2.588","-33.300,48.300,14.550",16352,7,1.22,37.496293,126.957868,3227,0,1,0,-84,-84.6,29997,23,14833
18:14:55,25.392,1668651,1668651,0,1,37.496288,126.957863,0.601,199.8,0.180,1,203.6,"5.483,4.262,6.713","1.893,0.718,-1.588","-32.400,48.900,14.700",16352,7,1.22,37.496293,126.957868,3227,0,1,0,-84,-84.6,29997,45,14833
18:14:55,25.392,1668673,1668673,0,1,37.496288,126.957870,0.427,199.8,0.103,1,203.6,"5.454,4.262,6.627","0.840,-0.573,-0.214","-31.500,49.950,14.850",16352,7,1.22,37.496286,126.957869,3228,0,1,0,-83,-84.3,29998,6,14834
18:14:55,25.508,1668716,1668716,0,1,37.496288,126.957870,0.427,199.8,0.103,1,203.6,"5.368,4.377,6.723","3.977,5.534,-1.176","-32.550,49.950,15.300",16353,7,1.22,37.496286,126.957869,3228,0,1,0,-83,-84.3,29998,49,14834
18:14:55,25.559,1668738,1668738,0,1,37.496288,126.957870,0.427,199.8,0.103,1,203.6,"5.191,4.463,6.637","0.809,-0.405,-0.679","-31.800,48.300,14.850",16353,7,1.22,37.496286,126.957869,3228,0,1,0,-85,-84.4,29999,14,14834
18:14:55,25.560,1668760,1668760,0,1,37.496288,126.957870,0.427,199.8,0.103,1,203.6,"5.339,4.621,6.771","4.290,-0.664,-1.733","-31.800,49.950,16.350",16353,7,1.22,37.496286,126.957869,3228,0,1,0,-85,-84.4,29999,36,14834
18:14:55,25.560,1668782,1668782,0,1,37.496288,126.957870,0.314,199.8,0.103,1,203.6,"5.205,4.492,6.742","1.191,-1.031,-2.885","-32.400,50.850,14.700",16353,7,1.22,37.496286,126.957869,3229,0,1,0,-84,-84.3,30000,12,14835
18:14:55,25.560,1668817,1668817,0,1,37.496288,126.957870,0.314,199.8,0.103,1,203.6,"5.191,4.520,6.838","-1.794,-2.359,-2.603","-30.900,50.400,15.900",16354,7,1.22,37.496286,126.957869,3229,0,1,0,-86,-84.7,30001,1,14835
18:14:55,25.560,1668839,1668839,0,1,37.496288,126.957870,0.314,199.8,0.103,1,203.6,"5.267,4.563,6.565","-3.534,-2.267,-1.328","-30.450,52.050,15.150",16354,7,1.22,37.496286,126.957869,3229,0,1,0,-86,-84.7,30001,23,14835
18:14:55,25.560,1668861,1668861,0,1,37.496288,126.957870,0.314,199.8,0.103,1,203.6,"5.248,4.602,6.517","-4.557,-6.038,-1.168","-31.800,49.950,15.300",16354,7,1.22,37.496286,126.957869,3229,0,1,0,-86,-84.7,30001,45,14835
18:14:55,25.672,1668883,1668883,0,1,37.496288,126.957870,0.314,199.8,0.103,1,203.6,"5.181,4.506,6.503","-4.786,-4.626,0.779","-32.250,51.000,14.550",16354,7,1.22,37.496286,126.957869,3229,0,1,0,-86,-84.7,30001,67,14835
18:14:55,25.724,1668939,1668939,0,1,37.496288,126.957870,0.314,199.8,0.103,1,203.6,"5.171,4.501,6.689","2.855,2.519,-1.176","-32.250,50.250,15.300",16355,7,1.22,37.496286,126.957869,3229,0,1,0,-86,-84.7,30001,123,14835
18:14:55,25.724,1668961,1668961,0,1,37.496288,126.957870,0.314,199.8,0.103,1,203.6,"5.186,4.501,6.795","6.298,0.954,-3.000","-31.650,50.400,17.250",16355,7,1.22,37.496286,126.957869,3229,0,1,0,-86,-84.7,30001,145,14835
18:14:55,25.724,1668983,1668983,0,1,37.496288,126.957870,0.314,199.8,0.103,1,203.6,"5.258,4.606,6.785","0.962,-1.252,-0.252","-32.250,51.000,14.250",16355,7,1.22,37.496286,126.957869,3229,0,1,0,-86,-84.9,30002,4,14836
18:14:55,25.724,1669018,1669018,0,1,37.496288,126.957870,0.314,199.8,0.103,1,203.6,"5.052,4.525,6.244","-3.099,-3.947,-1.977","-33.000,49.500,15.300",16356,7,1.22,37.496286,126.957869,3229,0,1,0,-85,-85.0,30003,1,14836
18:14:55,25.724,1669040,1669040,0,1,37.496288,126.957870,0.314,199.8,0.103,1,203.6,"5.320,4.664,6.460","1.435,-0.931,-0.176","-32.400,51.300,15.900",16356,7,1.22,37.496286,126.957869,3229,0,1,0,-85,-85.0,30003,23,14836
18:14:55,25.724,1669062,1669062,0,1,37.496288,126.957870,0.314,199.8,0.103,1,203.6,"5.239,4.539,6.680","0.405,-2.229,-0.145","-30.300,52.200,15.600",16356,7,1.22,37.496286,126.957869,3229,0,1,0,-85,-85.0,30003,45,14836
18:14:55,25.827,1669084,1669084,0,1,37.496288,126.957870,0.314,199.8,0.103,1,203.6,"5.138,4.544,6.948","3.153,-1.107,0.916","-32.250,49.950,15.300",16356,7,1.22,37.496286,126.957869,3229,0,1,0,-85,-85.0,30004,21,14837
18:14:55,25.873,1669119,1669119,0,1,37.496288,126.957870,0.314,199.8,0.103,1,203.6,"5.234,4.712,7.211","-0.420,-5.206,1.618","-31.200,50.400,13.950",16357,7,1.22,37.496286,126.957869,3229,0,1,0,-87,-85.4,30005,2,14837
18:14:55,25.873,1669141,1669141,0,1,37.496288,126.957870,0.314,199.8,0.103,1,203.6,"5.162,4.549,7.053","0.664,1.053,-1.099","-32.400,53.100,15.450",16357,7,1.22,37.496286,126.957869,3229,0,1,0,-87,-85.4,30005,24,14837
18:14:55,25.873,1669163,1669163,0,1,37.496288,126.957870,0.314,199.8,0.103,1,203.6,"5.186,4.693,6.838","7.260,-2.458,-0.267","-31.650,51.600,17.250",16357,7,1.22,37.496286,126.957869,3229,0,1,0,-87,-85.4,30005,46,14837
18:14:55,25.873,1669185,1669185,0,1,37.496288,126.957870,0.314,199.8,0.103,1,203.6,"5.205,4.319,6.814","4.321,-2.038,-0.290","-32.700,50.400,13.200",16357,7,1.22,37.496286,126.957869,3229,0,1,0,-84,-85.1,30006,21,14838
18:14:55,25.873,1669218,1669218,0,1,37.496288,126.957870,0.314,199.8,0.103,1,203.6,"5.138,4.611,6.167","-2.160,-6.443,0.695","-34.200,50.850,16.200",16358,7,1.22,37.496286,126.957869,3229,0,1,0,-85,-85.1,30007,12,14838
18:14:55,25.873,1669240,1669240,0,1,37.496288,126.957870,0.314,199.8,0.103,1,203.6,"5.339,4.707,5.995","-2.779,-7.405,-0.122","-30.900,49.350,15.450",16358,7,1.22,37.496286,126.957869,3229,0,1,0,-85,-85.1,30007,34,14838
18:14:55,25.966,1669262,1669262,0,1,37.496288,126.957870,0.314,199.8,0.103,1,203.6,"5.152,4.578,5.871","2.832,-2.924,1.145","-31.050,51.000,14.250",16358,7,1.22,37.496286,126.957869,3229,0,1,0,-85,-85.1,30007,56,14838
18:14:55,25.999,1669284,1669284,0,1,37.496288,126.957870,0.314,199.8,0.103,1,203.6,"5.224,4.463,6.306","5.725,-1.679,-1.824","-31.650,52.800,15.150",16358,7,1.22,37.496286,126.957869,3229,0,1,0,-86,-85.3,30008,20,14839
18:14:55,25.999,1669318,1669306,0,1,37.496288,126.957870,0.314,199.8,0.103,1,203.6,"5.406,4.415,6.464","4.160,0.992,-0.985","-30.450,51.600,15.450",16359,7,1.22,37.496286,126.957869,3229,0,1,0,-83,-84.8,30009,8,14839
18:14:55,26.000,1669326,1669326,0,1,37.496288,126.957870,0.314,199.8,0.103,1,203.6,"5.440,4.501,6.709","0.870,-3.687,-2.740","-31.650,51.600,14.400",16359,7,1.22,37.496286,126.957869,3229,0,1,0,-83,-84.8,30009,16,14839
18:14:55,26.000,1669348,1669348,0,1,37.496288,126.957870,0.314,199.8,0.103,1,203.6,"5.306,4.501,6.838","-4.489,-7.405,-3.656","-31.950,52.050,15.150",16359,7,1.22,37.496286,126.957869,3229,0,1,0,-83,-84.8,30009,38,14839
18:14:55,26.000,1669370,1669370,0,1,37.496288,126.957870,0.314,199.8,0.103,1,203.6,"5.598,4.448,7.044","-8.053,-11.977,-2.076","-31.650,50.850,14.700",16359,7,1.22,37.496286,126.957869,3229,0,1,0,-83,-84.8,30009,60,14839
18:14:55,26.105,1669392,1669392,0,1,37.496288,126.957870,0.314,199.8,0.103,1,203.6,"5.473,4.199,7.025","-9.527,-12.634,-1.550","-31.950,51.300,14.400",16359,7,1.22,37.496286,126.957869,3229,0,1,0,-83,-84.4,30010,14,14840
18:14:55,26.162,1669425,1669425,0,1,37.496288,126.957870,0.314,199.8,0.103,1,203.6,"5.392,4.305,6.407","-6.550,-7.756,-3.710","-31.950,51.300,15.450",16360,7,1.22,37.496286,126.957869,3229,0,1,0,-86,-84.8,30011,6,14840
18:14:55,26.258,1669447,1669447,0,1,37.496288,126.957870,0.314,199.8,0.103,1,203.6,"5.339,4.448,6.067","3.389,2.000,-5.412","-34.650,52.800,14.700",16360,7,1.22,37.496286,126.957869,3229,0,1,0,-86,-84.8,30011,28,14840
18:14:55,26.307,1669469,1669469,0,1,37.496288,126.957870,0.314,199.8,0.103,1,203.6,"5.306,4.587,6.177","13.122,9.863,-3.160","-31.650,52.050,15.150",16360,7,1.22,37.496286,126.957869,3229,0,1,0,-86,-84.8,30011,50,14840
18:14:55,26.307,1669491,1669491,0,1,37.496288,126.957870,0.314,199.8,0.103,1,203.6,"5.148,4.875,6.182","16.863,10.031,-1.412","-32.400,51.300,15.900",16360,7,1.22,37.496286,126.957869,3229,0,1,0,-81,-84.0,30012,20,14841
18:14:55,26.307,1669525,1669513,0,1,37.496288,126.957870,0.314,199.8,0.103,1,203.6,"5.085,5.080,5.947","16.977,11.450,-1.649","-33.150,50.850,13.650",16361,7,1.22,37.496286,126.957869,3229,0,1,0,-81,-84.0,30012,54,14841
18:14:55,26.307,1669539,1669539,0,1,37.496288,126.957870,0.314,199.8,0.103,1,203.6,"5.033,4.942,5.990","10.771,6.733,-0.527","-31.200,52.800,15.150",16361,7,1.22,37.496286,126.957869,3229,0,1,0,-81,-84.0,30012,68,14841
18:14:55,26.307,1669561,1669561,0,1,37.496288,126.957870,0.314,199.8,0.103,1,203.6,"4.961,4.942,5.938","5.237,-0.107,-0.168","-29.700,51.750,15.600",16361,7,1.22,37.496286,126.957869,3229,0,1,0,-81,-84.0,30012,90,14841
18:14:55,26.307,1669583,1669583,0,1,37.496288,126.957870,0.314,199.8,0.103,1,203.6,"5.191,5.037,5.866","2.504,-0.908,-0.557","-32.550,53.400,12.750",16361,7,1.22,37.496286,126.957869,3229,0,1,0,-84,-84.0,30013,14,14842
18:14:56,26.405,1669605,1669605,0,1,37.496288,126.957870,0.314,199.8,0.103,1,203.6,"5.080,5.013,6.129","3.260,-4.504,-0.069","-31.050,52.950,16.050",16361,7,1.22,37.496286,126.957869,3229,0,1,0,-84,-84.0,30013,36,14842
18:14:56,26.448,1669633,1669633,0,1,37.496288,126.957870,0.314,199.8,0.103,1,203.6,"5.234,5.047,6.263","1.290,-1.366,-2.389","-30.450,50.850,14.700",16362,7,1.22,37.496286,126.957869,3229,0,1,0,-84,-84.0,30013,64,14842
18:14:56,26.448,1669655,1669655,0,1,37.496288,126.957870,0.314,199.8,0.103,1,203.6,"5.114,4.870,6.383","3.206,-0.137,0.244","-31.650,52.800,14.700",16362,7,1.22,37.496286,126.957869,3229,0,1,0,-81,-83.4,30014,22,14842
18:14:56,26.448,1669677,1669677,0,1,37.496284,126.957870,0.243,199.8,0.113,1,203.6,"4.946,4.942,6.431","1.824,-3.000,-0.053","-32.400,53.550,15.150",16362,7,1.22,37.496277,126.957872,3230,0,1,0,-81,-83.4,30014,44,14842
18:14:56,26.448,1669699,1669699,0,1,37.496284,126.957870,0.243,199.8,0.113,1,203.6,"5.152,4.975,6.507","0.122,0.557,-2.885","-32.250,52.650,16.050",16362,7,1.22,37.496277,126.957872,3230,0,1,0,-81,-83.4,30014,66,14842
18:14:56,26.540,1669756,1669756,0,1,37.496284,126.957870,0.243,199.8,0.113,1,203.6,"5.157,4.846,6.436","-3.275,1.107,-0.008","-32.550,52.650,14.850",16363,7,1.22,37.496277,126.957872,3230,0,1,0,-84,-83.5,30015,23,14842
18:14:56,26.578,1669778,1669778,0,1,37.496284,126.957870,0.243,199.8,0.113,1,203.6,"5.191,5.033,6.244","-0.504,-0.031,0.489","-30.300,53.700,14.850",16363,7,1.22,37.496277,126.957872,3230,0,1,0,-83,-83.4,30016,9,14843
18:14:56,26.578,1669800,1669800,0,1,37.496281,126.957870,0.198,199.8,0.113,1,203.6,"5.119,4.942,6.594","2.382,1.901,1.702","-31.950,52.800,12.900",16363,7,1.22,37.496277,126.957872,3231,0,1,0,-83,-83.4,30016,31,14843
18:14:56,26.578,1669835,1669835,0,1,37.496281,126.957870,0.198,199.8,0.113,1,203.6,"5.095,4.961,6.512","0.122,-3.924,0.374","-31.050,54.900,15.600",16364,7,1.22,37.496277,126.957872,3231,0,1,0,-82,-83.1,30017,1,14843
18:14:56,26.578,1669857,1669857,0,1,37.496281,126.957870,0.198,199.8,0.113,1,203.6,"5.210,4.760,6.522","-1.695,-1.290,1.931","-31.500,52.200,15.300",16364,7,1.22,37.496277,126.957872,3231,0,1,0,-82,-83.1,30017,23,14843
18:14:56,26.665,1669879,1669879,0,1,37.496281,126.957870,0.198,199.8,0.113,1,203.6,"5.181,4.798,6.426","-2.618,-1.679,1.145","-31.050,53.400,13.800",16364,7,1.22,37.496277,126.957872,3231,0,1,0,-84,-83.3,30018,9,14844
18:14:56,26.698,1669901,1669901,0,1,37.496281,126.957870,0.198,199.8,0.113,1,203.6,"5.052,4.922,6.393","-3.954,-0.504,0.931","-32.700,52.800,13.650",16364,7,1.22,37.496277,126.957872,3231,0,1,0,-84,-83.3,30018,31,14844
18:14:56,26.698,1669936,1669936,0,1,37.496281,126.957870,0.198,199.8,0.113,1,203.6,"5.104,5.037,6.359","0.863,-0.504,-1.885","-30.900,52.800,15.150",16365,7,1.22,37.496277,126.957872,3231,0,1,0,-84,-83.3,30018,66,14844
18:14:56,26.698,1669957,1669957,0,1,37.496281,126.957870,0.198,199.8,0.113,1,203.6,"5.143,5.181,6.622","-0.969,-0.985,0.649","-30.150,53.550,13.200",16365,7,1.22,37.496277,126.957872,3231,0,1,0,-84,-83.4,30019,6,14844
18:14:56,26.791,1669979,1669979,0,1,37.496281,126.957870,0.198,199.8,0.113,1,203.6,"5.109,4.942,6.450","-1.863,-3.267,1.244","-33.000,51.750,15.300",16365,7,1.22,37.496277,126.957872,3231,0,1,0,-82,-83.2,30020,10,14845
18:14:56,26.829,1670001,1670001,0,1,37.496281,126.957870,0.198,199.8,0.113,1,203.6,"5.143,4.803,6.579","-6.656,-6.634,-1.588","-32.550,51.750,14.550",16365,7,1.22,37.496277,126.957872,3231,0,1,0,-82,-83.2,30020,32,14845
18:14:56,26.829,1670036,1670036,0,1,37.496281,126.957870,0.198,199.8,0.113,1,203.6,"5.152,4.673,6.570","-6.244,-6.076,1.519","-31.050,51.450,14.850",16366,7,1.22,37.496277,126.957872,3231,0,1,0,-84,-83.3,30021,10,14845
18:14:56,26.829,1670079,1670079,0,1,37.496281,126.957870,0.198,199.8,0.113,1,203.6,"5.310,4.535,6.134","2.305,1.496,-0.466","-31.650,52.350,13.950",16366,7,1.22,37.496277,126.957872,3231,0,1,0,-83,-83.3,30022,8,14846
18:14:56,26.830,1670101,1670101,0,1,37.496281,126.957870,0.198,199.8,0.113,1,203.6,"5.334,4.468,6.479","2.595,0.168,-0.221","-30.300,53.700,15.600",16366,7,1.22,37.496277,126.957872,3231,0,1,0,-83,-83.3,30022,30,14846
18:14:56,26.830,1670157,1670157,0,1,37.496281,126.957870,0.198,199.8,0.113,1,203.6,"5.473,4.583,6.455","3.588,3.328,-1.145","-30.750,52.650,15.300",16367,7,1.22,37.496277,126.957872,3231,0,1,0,-83,-83.3,30022,86,14846
18:14:56,26.922,1670179,1670179,0,1,37.496281,126.957870,0.198,199.8,0.113,1,203.6,"5.526,4.391,6.517","2.130,-0.840,-2.046","-31.650,52.800,15.150",16367,7,1.22,37.496277,126.957872,3231,0,1,0,-83,-83.3,30022,108,14846
18:14:56,26.960,1670201,1670201,0,1,37.496281,126.957870,0.198,199.8,0.113,1,203.6,"5.382,4.458,6.431","-4.588,-3.649,-0.107","-31.200,51.600,17.250",16367,7,1.22,37.496277,126.957872,3231,0,1,0,-83,-83.3,30022,130,14846
18:14:56,26.960,1670234,1670234,0,1,37.496281,126.957870,0.198,199.8,0.113,1,203.6,"5.387,4.549,6.053","-6.244,0.550,-4.832","-30.450,50.400,15.450",16368,7,1.22,37.496277,126.957872,3231,0,1,0,-83,-83.3,30022,163,14846
18:14:56,26.960,1670256,1670256,0,1,37.496281,126.957870,0.198,199.8,0.113,1,203.6,"5.387,4.678,5.895","-1.931,1.153,-3.115","-31.200,52.050,16.200",16368,7,1.22,37.496277,126.957872,3231,0,1,0,-86,-83.8,30023,8,14846
18:14:56,26.960,1670278,1670278,0,1,37.496281,126.957870,0.198,199.8,0.113,1,203.6,"5.248,4.855,5.693","9.748,5.771,-3.947","-32.400,53.550,14.400",16368,7,1.22,37.496277,126.957872,3231,0,1,0,-86,-84.2,30024,6,14847
18:14:56,26.960,1670300,1670300,0,1,37.496281,126.957870,0.198,199.8,0.113,1,203.6,"5.061,4.822,5.737","24.351,15.481,-1.260","-31.050,51.000,14.850",16368,7,1.22,37.496277,126.957872,3231,0,1,0,-86,-84.2,30024,28,14847
18:14:56,26.960,1670334,1670322,0,1,37.496281,126.957870,0.198,199.8,0.113,1,203.6,"4.927,4.961,6.091","30.718,23.542,-2.336","-33.300,53.400,13.800",16369,7,1.22,37.496277,126.957872,3231,0,1,0,-86,-84.2,30024,62,14847
18:14:56,27.124,1670342,1670342,0,1,37.496281,126.957870,0.198,199.8,0.113,1,203.6,"4.654,5.478,6.407","30.084,25.374,-1.420","-29.550,52.200,14.850",16369,7,1.22,37.496277,126.957872,3231,0,1,0,-86,-84.2,30024,70,14847
18:14:56,27.184,1670386,1670386,0,1,37.496281,126.957870,0.198,199.8,0.113,1,203.6,"4.243,5.804,7.106","4.863,3.603,-0.603","-29.700,55.050,15.900",16369,7,1.22,37.496277,126.957872,3231,0,1,0,-86,-84.2,30024,114,14847
18:14:56,27.184,1670408,1670408,0,1,37.496281,126.957870,0.198,199.8,0.113,1,203.6,"4.300,5.866,6.924","-24.977,-17.534,0.389","-30.150,54.750,13.950",16369,7,1.22,37.496277,126.957872,3231,0,1,0,-86,-84.2,30024,136,14847
18:14:56,27.184,1670463,1670463,0,1,37.496281,126.957870,0.198,199.8,0.113,1,203.6,"5.200,4.544,6.096","-47.450,-32.466,2.626","-32.700,55.500,13.200",16370,7,1.22,37.496277,126.957872,3231,0,1,0,-85,-84.4,30025,30,14847
18:14:56,27.298,1670485,1670485,0,1,37.496281,126.957870,0.198,199.8,0.113,1,203.6,"5.368,4.396,5.425","-33.023,-19.084,-2.229","-31.950,52.350,15.900",16370,7,1.22,37.496277,126.957872,3231,0,1,0,-85,-84.4,30025,52,14847
18:14:57,27.340,1670541,1670529,0,1,37.496281,126.957870,0.198,199.8,0.113,1,203.6,"5.646,4.099,5.885","23.092,20.305,0.748","-33.000,50.250,15.600",16371,7,1.22,37.496277,126.957872,3231,0,1,0,-85,-84.4,30025,108,14847
18:14:57,27.340,1670549,1670549,0,1,37.496281,126.957870,0.198,199.8,0.113,1,203.6,"5.382,4.424,6.330","28.198,22.779,0.412","-32.400,53.100,13.650",16371,7,1.22,37.496277,126.957872,3231,0,1,0,-85,-84.4,30025,116,14847
18:14:57,27.341,1670571,1670571,0,1,37.496281,126.957870,0.198,199.8,0.113,1,203.6,"5.133,4.889,7.053","16.817,14.817,-2.092","-32.250,52.200,15.300",16371,7,1.22,37.496277,126.957872,3231,0,1,0,-84,-84.3,30026,14,14847
18:14:57,27.341,1670593,1670593,0,1,37.496281,126.957870,0.198,199.8,0.113,1,203.6,"4.654,5.104,7.317","-10.115,-6.473,-1.931","-28.950,53.100,13.950",16371,7,1.22,37.496277,126.957872,3231,0,1,0,-84,-84.3,30027,20,14848
18:14:57,27.341,1670615,1670615,0,1,37.496281,126.957870,0.198,199.8,0.113,1,203.6,"4.793,5.210,6.967","-31.901,-19.908,-3.344","-29.550,52.650,16.050",16371,7,1.22,37.496277,126.957872,3231,0,1,0,-84,-84.3,30027,42,14848
18:14:57,27.341,1670650,1670650,0,1,37.496281,126.957870,0.198,199.8,0.113,1,203.6,"5.128,4.865,7.183","-35.748,-25.534,-0.237","-30.750,51.750,16.800",16372,7,1.22,37.496277,126.957872,3231,0,1,0,-83,-84.0,30028,9,14848
18:14:57,27.448,1670694,1670694,0,1,37.496277,126.957870,0.139,199.8,0.031,1,203.6,"5.425,4.228,6.871","-19.786,-14.626,1.107","-31.950,49.650,15.900",16372,7,1.22,37.496274,126.957873,3232,0,1,0,-84,-84.0,30029,21,14849
18:14:57,27.491,1670751,1670751,0,1,37.496277,126.957870,0.139,199.8,0.031,1,203.6,"4.985,4.726,6.632","8.656,5.275,-0.489","-33.750,50.250,15.300",16373,7,1.22,37.496274,126.957873,3232,0,1,0,-84,-84.0,30030,2,14849
18:14:57,27.610,1670773,1670773,0,1,37.496277,126.957870,0.139,199.8,0.031,1,203.6,"4.956,5.071,6.235","8.092,1.046,2.450","-31.650,51.600,15.450",16373,7,1.22,37.496274,126.957873,3232,0,1,0,-84,-84.0,30030,24,14849
18:14:57,27.667,1670852,1670852,0,1,37.496277,126.957870,0.101,199.8,0.031,1,203.6,"5.243,4.669,6.642","-9.489,-3.771,1.336","-32.700,50.100,13.950",16374,7,1.22,37.496274,126.957873,3233,0,1,0,-84,-84.0,30031,79,14850
18:14:57,27.667,1670896,1670896,0,1,37.496277,126.957870,0.101,199.8,0.031,1,203.6,"5.990,4.583,7.638","-14.015,-6.344,-1.702","-31.800,50.250,14.850",16374,7,1.22,37.496274,126.957873,3233,0,1,0,-85,-84.2,30032,23,14851
18:14:57,27.667,1670918,1670918,0,1,37.496277,126.957870,0.101,199.8,0.031,1,203.6,"5.780,5.200,8.533","-14.336,0.382,-6.221","-33.000,50.250,16.800",16374,7,1.22,37.496274,126.957873,3233,0,1,0,-85,-84.2,30032,45,14851
18:14:57,27.667,1670953,1670953,0,1,37.496277,126.957870,0.101,199.8,0.031,1,203.6,"4.918,6.991,10.195","-11.145,-23.931,-7.145","-31.500,49.950,15.600",16375,7,1.22,37.496274,126.957873,3233,0,1,0,-85,-84.2,30032,80,14851
18:14:57,27.667,1670974,1670974,0,1,37.496277,126.957870,0.101,199.8,0.031,1,203.6,"6.278,1.695,14.087","-21.702,-29.321,3.931","-30.900,48.600,12.900",16375,7,1.22,37.496274,126.957873,3233,0,1,0,-85,-84.2,30032,101,14851
18:14:57,27.816,1670996,1670996,0,1,37.496277,126.957870,0.101,199.8,0.031,1,203.6,"9.778,0.402,-1.714","9.924,22.519,-7.969","-31.950,49.350,15.900",16375,7,1.22,37.496274,126.957873,3233,0,1,0,-86,-84.8,30034,11,14852
18:14:57,27.893,1671018,1671018,0,1,37.496277,126.957870,0.101,199.8,0.031,1,203.6,"7.556,6.431,6.340","40.023,61.626,-1.000","-33.450,47.400,13.200",16375,7,1.22,37.496274,126.957873,3233,0,1,0,-86,-84.8,30034,33,14852
18:14:57,27.893,1671074,1671074,0,1,37.496277,126.957870,0.101,199.8,0.031,1,203.6,"4.353,5.899,6.981","-45.908,10.359,-2.557","-27.750,49.950,17.100",16376,7,1.22,37.496274,126.957873,3233,0,1,0,-88,-85.5,30035,30,14852
18:14:57,27.893,1671153,1671153,0,1,37.496277,126.957870,0.101,199.8,0.031,1,203.6,"5.320,3.994,7.594","-15.763,30.069,10.786","-28.200,44.700,18.000",16377,7,1.22,37.496274,126.957873,3233,0,1,0,-89,-86.2,30036,63,14853
18:14:57,28.016,1671196,1671196,0,1,37.496277,126.957870,0.101,199.8,0.031,1,203.6,"4.367,3.524,8.064","-11.115,14.053,9.328","-25.800,45.300,16.800",16377,7,1.22,37.496274,126.957873,3233,0,1,0,-88,-86.5,30037,23,14854
18:14:57,28.074,1671251,1671251,0,1,37.496277,126.957870,0.101,199.8,0.031,1,203.6,"3.620,2.945,6.507","2.435,-0.336,11.863","-26.550,45.300,14.550",16378,7,1.22,37.496274,126.957873,3233,0,1,0,-86,-86.4,30038,8,14854
18:14:57,28.075,1671273,1671273,0,1,37.496277,126.957870,0.101,199.8,0.031,1,203.6,"3.103,3.170,6.345","15.954,6.344,10.802","-26.250,46.800,15.300",16378,7,1.22,37.496274,126.957873,3233,0,1,0,-86,-86.4,30038,30,14854
18:14:57,28.075,1671295,1671295,0,1,37.496277,126.957870,0.101,199.8,0.031,1,203.6,"3.045,3.261,6.718","23.290,13.282,13.855","-26.400,46.200,13.950",16378,7,1.22,37.496274,126.957873,3233,0,1,0,-89,-86.9,30039,22,14855
18:14:57,28.075,1671317,1671317,0,1,37.496277,126.957870,0.101,199.8,0.031,1,203.6,"2.892,3.563,7.384","24.275,12.214,15.733","-26.700,45.900,16.200",16378,7,1.22,37.496274,126.957873,3233,0,1,0,-89,-86.9,30039,44,14855
18:14:57,28.075,1671351,1671339,0,1,37.496277,126.957870,0.101,199.8,0.031,1,203.6,"2.705,3.802,7.901","24.191,10.130,19.802","-24.750,46.800,16.350",16379,7,1.22,37.496274,126.957873,3233,0,1,0,-89,-86.9,30039,78,14855
18:14:57,28.075,1671381,1671381,0,1,37.496277,126.957870,0.101,199.8,0.031,1,203.6,"3.649,3.606,7.743","19.672,8.389,20.344","-25.650,46.950,15.150",16379,7,1.22,37.496274,126.957873,3233,0,1,0,-89,-87.4,30040,29,14855
18:14:57,28.112,1671403,1671403,0,1,37.496277,126.957870,0.101,199.8,0.031,1,203.6,"4.300,3.850,7.058","30.427,18.687,19.076","-26.250,48.300,14.850",16379,7,1.22,37.496274,126.957873,3233,0,1,0,-92,-88.3,30041,19,14856
