20:19:27  시각ms:89078
20:19:27  IMU시각ms:89066
20:19:27  위험:0
20:19:27  GPS유효:1
20:19:27  위도:37.496506
20:19:27  경도:126.957588
20:19:27  속도:0.069
20:19:27  방향:0.0
20:19:27  GPS원시속도:0.082
20:19:27  GPS원시방향유효:1
20:19:27  GPS원시방향:193.1
20:19:27  가속도:-2.452,2.811,8.859
20:19:27  자이로:1.313,0.008,1.214
20:19:27  자력계:-42.150,55.500,13.650
20:19:27  IMU방향유효:0
20:19:27  IMU방향:0.0
20:19:27  방향가속도크기:9.61
20:19:27  방향자이로크기:1.79
20:19:27  방향자세cos:0.5851
20:19:27  자기모델잔차:999.00
20:19:27  자기모델반경:0.000
20:19:27  방향채택:0
20:19:27  방향거부:10226
20:19:27  송신:807
20:19:27  GPS위성:7
20:19:27  GPS_HDOP:1.23
20:19:27  원시위도:37.496506
20:19:27  원시경도:126.957588
20:19:27  GPS채택:293
20:19:27  GPS이상치거부:0
20:19:27  GPS품질거부:1
20:19:27  GPS재기준:0
20:19:27  RSSI원시:-63
20:19:27  RSSI평활:-63.0
20:19:27  RSSI샘플:1599
20:19:27  RSSI경과ms:19
20:19:27  차량수신:796
20:19:27  시각ms:89183
20:19:27  IMU시각ms:89171
20:19:27  위험:0
20:19:27  GPS유효:1
20:19:27  위도:37.496506
20:19:27  경도:126.957588
20:19:27  속도:0.057
20:19:27  방향:0.0
20:19:27  GPS원시속도:0.036
20:19:27  GPS원시방향유효:1
20:19:27  GPS원시방향:193.1
20:19:27  가속도:-2.523,2.686,9.017
20:19:27  자이로:-3.015,-1.336,1.588
20:19:27  자력계:-42.150,52.350,14.700
20:19:27  IMU방향유효:0
20:19:27  IMU방향:0.0
20:19:27  방향가속도크기:9.74
20:19:27  방향자이로크기:3.66
20:19:27  방향자세cos:0.5768
20:19:27  자기모델잔차:999.00
20:19:27  자기모델반경:0.000
20:19:27  방향채택:0
20:19:27  방향거부:10239
20:19:27  송신:808
20:19:27  GPS위성:7
20:19:27  GPS_HDOP:1.23
20:19:27  원시위도:37.496505
20:19:27  원시경도:126.957589
20:19:27  GPS채택:294
20:19:27  GPS이상치거부:0
20:19:27  GPS품질거부:1
20:19:27  GPS재기준:0
20:19:27  RSSI원시:-63
20:19:27  RSSI평활:-63.0
20:19:27  RSSI샘플:1602
20:19:27  RSSI경과ms:0
20:19:27  차량수신:797
20:19:27  시각ms:89489
20:19:27  IMU시각ms:89477
20:19:27  위험:0
20:19:27  GPS유효:1
20:19:27  위도:37.496506
20:19:27  경도:126.957588
20:19:27  속도:0.043
20:19:27  방향:0.0
20:19:27  GPS원시속도:0.015
20:19:27  GPS원시방향유효:1
20:19:27  GPS원시방향:193.1
20:19:27  가속도:-2.533,2.811,9.050
20:19:27  자이로:-2.153,-2.527,-0.183
20:19:27  자력계:-42.300,53.400,14.550
20:19:27  IMU방향유효:0
20:19:27  IMU방향:0.0
20:19:27  방향가속도크기:9.81
20:19:27  방향자이로크기:3.32
20:19:27  방향자세cos:0.5808
20:19:27  자기모델잔차:999.00
20:19:27  자기모델반경:0.000
20:19:27  방향채택:0
20:19:27  방향거부:10274
20:19:27  송신:811
20:19:27  GPS위성:7
20:19:27  GPS_HDOP:1.23
20:19:27  원시위도:37.496504
20:19:27  원시경도:126.957590
20:19:27  GPS채택:295
20:19:27  GPS이상치거부:0
20:19:27  GPS품질거부:1
20:19:27  GPS재기준:0
20:19:27  RSSI원시:-62
20:19:27  RSSI평활:-62.8
20:19:27  RSSI샘플:1607
20:19:27  RSSI경과ms:8
20:19:27  차량수신:800
20:19:27  시각ms:89591
20:19:27  IMU시각ms:89579
20:19:27  위험:0
20:19:27  GPS유효:1
20:19:27  위도:37.496506
20:19:27  경도:126.957588
20:19:27  속도:0.062
20:19:27  방향:0.0
20:19:27  GPS원시속도:0.098
20:19:27  GPS원시방향유효:1
20:19:27  GPS원시방향:193.1
20:19:27  가속도:-2.495,2.796,8.849
20:19:27  자이로:-0.756,-2.252,-1.260
20:19:27  자력계:-42.000,54.150,13.050
20:19:27  IMU방향유효:0
20:19:27  IMU방향:0.0
20:19:27  방향가속도크기:9.61
20:19:27  방향자이로크기:2.69
20:19:27  방향자세cos:0.5812
20:19:27  자기모델잔차:999.00
20:19:27  자기모델반경:0.000
20:19:27  방향채택:0
20:19:27  방향거부:10285
20:19:27  송신:812
20:19:27  GPS위성:7
20:19:27  GPS_HDOP:1.23
20:19:27  원시위도:37.496503
20:19:27  원시경도:126.957591
20:19:27  GPS채택:296
20:19:27  GPS이상치거부:0
20:19:27  GPS품질거부:1
20:19:27  GPS재기준:0
20:19:27  RSSI원시:-64
20:19:27  RSSI평활:-63.2
20:19:27  RSSI샘플:1609
20:19:27  RSSI경과ms:4
20:19:27  차량수신:801
20:19:27  시각ms:89693
20:19:27  IMU시각ms:89681
20:19:27  위험:0
20:19:27  GPS유효:1
20:19:27  위도:37.496506
20:19:27  경도:126.957588
20:19:27  속도:0.062
20:19:27  방향:0.0
20:19:27  GPS원시속도:0.098
20:19:27  GPS원시방향유효:1
20:19:27  GPS원시방향:193.1
20:19:27  가속도:-2.658,2.844,9.074
20:19:27  자이로:-2.321,2.321,-2.725
20:19:27  자력계:-41.250,53.400,15.300
20:19:27  IMU방향유효:0
20:19:27  IMU방향:0.0
20:19:27  방향가속도크기:9.87
20:19:27  방향자이로크기:4.27
20:19:27  방향자세cos:0.5730
20:19:27  자기모델잔차:999.00
20:19:27  자기모델반경:0.000
20:19:27  방향채택:0
20:19:27  방향거부:10297
20:19:27  송신:813
20:19:27  GPS위성:7
20:19:27  GPS_HDOP:1.23
20:19:27  원시위도:37.496503
20:19:27  원시경도:126.957591
20:19:27  GPS채택:296
20:19:27  GPS이상치거부:0
20:19:27  GPS품질거부:1
20:19:27  GPS재기준:0
20:19:27  RSSI원시:-63
20:19:27  RSSI평활:-63.2
20:19:27  RSSI샘플:1610
20:19:27  RSSI경과ms:96
20:19:27  차량수신:801
20:19:27  시각ms:89798
20:19:27  IMU시각ms:89786
20:19:27  위험:0
20:19:27  GPS유효:1
20:19:27  위도:37.496502
20:19:27  경도:126.957588
20:19:27  속도:0.101
20:19:27  방향:0.0
20:19:27  GPS원시속도:0.175
20:19:27  GPS원시방향유효:1
20:19:27  GPS원시방향:193.1
20:19:27  가속도:-2.591,2.753,8.940
20:19:27  자이로:0.382,-2.137,0.061
20:19:27  자력계:-40.800,54.150,13.800
20:19:27  IMU방향유효:0
20:19:27  IMU방향:0.0
20:19:27  방향가속도크기:9.71
20:19:27  방향자이로크기:2.17
20:19:27  방향자세cos:0.5733
20:19:27  자기모델잔차:999.00
20:19:27  자기모델반경:0.000
20:19:27  방향채택:0
20:19:27  방향거부:10310
20:19:27  송신:814
20:19:27  GPS위성:7
20:19:27  GPS_HDOP:1.23
20:19:27  원시위도:37.496502
20:19:27  원시경도:126.957592
20:19:27  GPS채택:297
20:19:27  GPS이상치거부:0
20:19:27  GPS품질거부:1
20:19:27  GPS재기준:0
20:19:27  RSSI원시:-63
20:19:27  RSSI평활:-63.3
20:19:27  RSSI샘플:1613
20:19:27  RSSI경과ms:3
20:19:27  차량수신:802
20:19:28  시각ms:90008
20:19:28  IMU시각ms:89996
20:19:28  위험:0
20:19:28  GPS유효:1
20:19:28  위도:37.496502
20:19:28  경도:126.957588
20:19:28  속도:0.120
20:19:28  방향:0.0
20:19:28  GPS원시속도:0.154
20:19:28  GPS원시방향유효:1
20:19:28  GPS원시방향:193.1
20:19:28  가속도:-2.543,2.801,8.863
20:19:28  자이로:-0.939,-2.634,1.389
20:19:28  자력계:-42.300,54.450,14.850
20:19:28  IMU방향유효:0
20:19:28  IMU방향:0.0
20:19:28  방향가속도크기:9.64
20:19:28  방향자이로크기:3.12
20:19:28  방향자세cos:0.5778
20:19:28  자기모델잔차:999.00
20:19:28  자기모델반경:0.000
20:19:28  방향채택:0
20:19:28  방향거부:10336
20:19:28  송신:816
20:19:28  GPS위성:7
20:19:28  GPS_HDOP:1.23
20:19:28  원시위도:37.496501
20:19:28  원시경도:126.957593
20:19:28  GPS채택:298
20:19:28  GPS이상치거부:0
20:19:28  GPS품질거부:1
20:19:28  GPS재기준:0
20:19:28  RSSI원시:-63
20:19:28  RSSI평활:-63.1
20:19:28  RSSI샘플:1617
20:19:28  RSSI경과ms:7
20:19:28  차량수신:804
20:19:28  시각ms:90214
20:19:28  IMU시각ms:90202
20:19:28  위험:0
20:19:28  GPS유효:1
20:19:28  위도:37.496502
20:19:28  경도:126.957596
20:19:28  속도:0.121
20:19:28  방향:0.0
20:19:28  GPS원시속도:0.123
20:19:28  GPS원시방향유효:1
20:19:28  GPS원시방향:193.1
20:19:28  가속도:-2.533,2.840,9.041
20:19:28  자이로:-0.405,-0.702,0.145
20:19:28  자력계:-42.750,54.450,12.300
20:19:28  IMU방향유효:0
20:19:28  IMU방향:0.0
20:19:28  방향가속도크기:9.81
20:19:28  방향자이로크기:0.82
20:19:28  방향자세cos:0.5817
20:19:28  자기모델잔차:999.00
20:19:28  자기모델반경:0.000
20:19:28  방향채택:0
20:19:28  방향거부:10360
20:19:28  송신:818
20:19:28  GPS위성:7
20:19:28  GPS_HDOP:1.23
20:19:28  원시위도:37.496500
20:19:28  원시경도:126.957593
20:19:28  GPS채택:299
20:19:28  GPS이상치거부:0
20:19:28  GPS품질거부:1
20:19:28  GPS재기준:0
20:19:28  RSSI원시:-65
20:19:28  RSSI평활:-63.2
20:19:28  RSSI샘플:1621
20:19:28  RSSI경과ms:8
20:19:28  차량수신:806
20:19:28  시각ms:90314
20:19:28  IMU시각ms:90302
20:19:28  위험:0
20:19:28  GPS유효:1
20:19:28  위도:37.496502
20:19:28  경도:126.957596
20:19:28  속도:0.121
20:19:28  방향:0.0
20:19:28  GPS원시속도:0.123
20:19:28  GPS원시방향유효:1
20:19:28  GPS원시방향:193.1
20:19:28  가속도:-2.586,2.825,8.997
20:19:28  자이로:-1.267,0.321,1.115
20:19:28  자력계:-41.550,54.450,13.500
20:19:28  IMU방향유효:0
20:19:28  IMU방향:0.0
20:19:28  방향가속도크기:9.78
20:19:28  방향자이로크기:1.72
20:19:28  방향자세cos:0.5768
20:19:28  자기모델잔차:999.00
20:19:28  자기모델반경:0.000
20:19:28  방향채택:0
20:19:28  방향거부:10371
20:19:28  송신:819
20:19:28  GPS위성:7
20:19:28  GPS_HDOP:1.23
20:19:28  원시위도:37.496500
20:19:28  원시경도:126.957593
20:19:28  GPS채택:299
20:19:28  GPS이상치거부:0
20:19:28  GPS품질거부:1
20:19:28  GPS재기준:0
20:19:28  RSSI원시:-69
20:19:28  RSSI평활:-64.7
20:19:28  RSSI샘플:1623
20:19:28  RSSI경과ms:6
20:19:28  차량수신:807
20:19:28  시각ms:90416
20:19:28  IMU시각ms:90404
20:19:28  위험:0
20:19:28  GPS유효:1
20:19:28  위도:37.496498
20:19:28  경도:126.957596
20:19:28  속도:0.106
20:19:28  방향:0.0
20:19:28  GPS원시속도:0.077
20:19:28  GPS원시방향유효:1
20:19:28  GPS원시방향:193.1
20:19:28  가속도:-2.490,2.705,8.878
20:19:28  자이로:-0.427,0.580,-1.443
20:19:28  자력계:-42.150,54.000,13.200
20:19:28  IMU방향유효:0
20:19:28  IMU방향:0.0
20:19:28  방향가속도크기:9.61
20:19:28  방향자이로크기:1.61
20:19:28  방향자세cos:0.5786
20:19:28  자기모델잔차:999.00
20:19:28  자기모델반경:0.000
20:19:28  방향채택:0
20:19:28  방향거부:10383
20:19:28  송신:820
20:19:28  GPS위성:7
20:19:28  GPS_HDOP:1.23
20:19:28  원시위도:37.496499
20:19:28  원시경도:126.957594
20:19:28  GPS채택:300
20:19:28  GPS이상치거부:0
20:19:28  GPS품질거부:1
20:19:28  GPS재기준:0
20:19:28  RSSI원시:-73
20:19:28  RSSI평활:-67.2
20:19:28  RSSI샘플:1625
20:19:28  RSSI경과ms:5
20:19:28  차량수신:808
20:19:28  시각ms:90518
20:19:28  IMU시각ms:90506
20:19:28  위험:0
20:19:28  GPS유효:1
20:19:28  위도:37.496498
20:19:28  경도:126.957596
20:19:28  속도:0.106
20:19:28  방향:0.0
20:19:28  GPS원시속도:0.077
20:19:28  GPS원시방향유효:1
20:19:28  GPS원시방향:193.1
20:19:28  가속도:-2.581,2.849,8.882
20:19:28  자이로:1.061,-0.656,0.107
20:19:28  자력계:-42.000,52.950,13.800
20:19:28  IMU방향유효:0
20:19:28  IMU방향:0.0
20:19:28  방향가속도크기:9.68
20:19:28  방향자이로크기:1.25
20:19:28  방향자세cos:0.5768
20:19:28  자기모델잔차:999.00
20:19:28  자기모델반경:0.000
20:19:28  방향채택:0
20:19:28  방향거부:10395
20:19:28  송신:821
20:19:28  GPS위성:7
20:19:28  GPS_HDOP:1.23
20:19:28  원시위도:37.496499
20:19:28  원시경도:126.957594
20:19:28  GPS채택:300
20:19:28  GPS이상치거부:0
20:19:28  GPS품질거부:1
20:19:28  GPS재기준:0
20:19:28  RSSI원시:-62
20:19:28  RSSI평활:-66.9
20:19:28  RSSI샘플:1627
20:19:28  RSSI경과ms:5
20:19:28  차량수신:809
20:19:28  시각ms:90623
20:19:28  IMU시각ms:90611
20:19:28  위험:0
20:19:28  GPS유효:1
20:19:28  위도:37.496498
20:19:28  경도:126.957596
20:19:28  속도:0.101
20:19:28  방향:0.0
20:19:28  GPS원시속도:0.093
20:19:28  GPS원시방향유효:1
20:19:28  GPS원시방향:193.1
20:19:28  가속도:-2.547,2.830,8.782
20:19:28  자이로:-1.664,2.511,-1.160
20:19:28  자력계:-41.700,53.100,14.400
20:19:28  IMU방향유효:0
20:19:28  IMU방향:0.0
20:19:28  방향가속도크기:9.57
20:19:28  방향자이로크기:3.23
20:19:28  방향자세cos:0.5776
20:19:28  자기모델잔차:999.00
20:19:28  자기모델반경:0.000
20:19:28  방향채택:0
20:19:28  방향거부:10408
20:19:28  송신:822
20:19:28  GPS위성:7
20:19:28  GPS_HDOP:1.23
20:19:28  원시위도:37.496497
20:19:28  원시경도:126.957595
20:19:28  GPS채택:301
20:19:28  GPS이상치거부:0
20:19:28  GPS품질거부:1
20:19:28  GPS재기준:0
20:19:28  RSSI원시:-64
20:19:28  RSSI평활:-65.5
20:19:28  RSSI샘플:1629
20:19:28  RSSI경과ms:1
20:19:28  차량수신:810
20:19:28  시각ms:90727
20:19:28  IMU시각ms:90715
20:19:28  위험:0
20:19:28  GPS유효:1
20:19:28  위도:37.496498
20:19:28  경도:126.957596
20:19:28  속도:0.101
20:19:28  방향:0.0
20:19:28  GPS원시속도:0.093
20:19:28  GPS원시방향유효:1
20:19:28  GPS원시방향:193.1
20:19:28  가속도:-2.619,2.806,8.993
20:19:28  자이로:-0.771,1.405,0.794
20:19:28  자력계:-41.400,54.000,13.200
20:19:28  IMU방향유효:0
20:19:28  IMU방향:0.0
20:19:28  방향가속도크기:9.78
20:19:28  방향자이로크기:1.79
20:19:28  방향자세cos:0.5736
20:19:28  자기모델잔차:999.00
20:19:28  자기모델반경:0.000
20:19:28  방향채택:0
20:19:28  방향거부:10421
20:19:28  송신:823
20:19:28  GPS위성:7
20:19:28  GPS_HDOP:1.23
20:19:28  원시위도:37.496497
20:19:28  원시경도:126.957595
20:19:28  GPS채택:301
20:19:28  GPS이상치거부:0
20:19:28  GPS품질거부:1
20:19:28  GPS재기준:0
20:19:28  RSSI원시:-65
20:19:28  RSSI평활:-65.5
20:19:28  RSSI샘플:1631
20:19:28  RSSI경과ms:4
20:19:28  차량수신:811
20:19:28  시각ms:90832
20:19:28  IMU시각ms:90820
20:19:28  위험:0
20:19:28  GPS유효:1
20:19:28  위도:37.496498
20:19:28  경도:126.957596
20:19:28  속도:0.111
20:19:28  방향:0.0
20:19:28  GPS원시속도:0.129
20:19:28  GPS원시방향유효:1
20:19:28  GPS원시방향:193.1
20:19:28  가속도:-2.576,2.777,8.940
20:19:28  자이로:-0.260,0.817,-1.038
20:19:28  자력계:-41.400,52.800,13.200
20:19:28  IMU방향유효:0
20:19:28  IMU방향:0.0
20:19:28  방향가속도크기:9.71
20:19:28  방향자이로크기:1.35
20:19:28  방향자세cos:0.5753
20:19:28  자기모델잔차:999.00
20:19:28  자기모델반경:0.000
20:19:28  방향채택:0
20:19:28  방향거부:10434
20:19:28  송신:824
20:19:28  GPS위성:7
20:19:28  GPS_HDOP:1.23
20:19:28  원시위도:37.496496
20:19:28  원시경도:126.957596
20:19:28  GPS채택:302
20:19:28  GPS이상치거부:0
20:19:28  GPS품질거부:1
20:19:28  GPS재기준:0
20:19:28  RSSI원시:-64
20:19:28  RSSI평활:-65.2
20:19:28  RSSI샘플:1632
20:19:28  RSSI경과ms:90
20:19:28  차량수신:812
20:19:28  시각ms:90936
20:19:28  IMU시각ms:90924
20:19:28  위험:0
20:19:28  GPS유효:1
20:19:28  위도:37.496498
20:19:28  경도:126.957596
20:19:28  속도:0.111
20:19:28  방향:0.0
20:19:28  GPS원시속도:0.129
20:19:28  GPS원시방향유효:1
20:19:28  GPS원시방향:193.1
20:19:28  가속도:-2.480,2.768,9.026
20:19:28  자이로:0.656,-1.756,-0.427
20:19:28  자력계:-42.900,55.800,13.950
20:19:28  IMU방향유효:0
20:19:28  IMU방향:0.0
20:19:28  방향가속도크기:9.76
20:19:28  방향자이로크기:1.92
20:19:28  방향자세cos:0.5830
20:19:28  자기모델잔차:999.00
20:19:28  자기모델반경:0.000
20:19:28  방향채택:0
20:19:28  방향거부:10447
20:19:28  송신:825
20:19:28  GPS위성:7
20:19:28  GPS_HDOP:1.23
20:19:28  원시위도:37.496496
20:19:28  원시경도:126.957596
20:19:28  GPS채택:302
20:19:28  GPS이상치거부:0
20:19:28  GPS품질거부:1
20:19:28  GPS재기준:0
20:19:28  RSSI원시:-74
20:19:28  RSSI평활:-66.7
20:19:28  RSSI샘플:1635
20:19:28  RSSI경과ms:8
20:19:28  차량수신:813
20:19:29  시각ms:91041
20:19:29  IMU시각ms:91029
20:19:29  위험:0
20:19:29  GPS유효:1
20:19:29  위도:37.496498
20:19:29  경도:126.957596
20:19:29  속도:0.110
20:19:29  방향:0.0
20:19:29  GPS원시속도:0.108
20:19:29  GPS원시방향유효:1
20:19:29  GPS원시방향:193.1
20:19:29  가속도:-2.471,2.840,9.041
20:19:29  자이로:-1.076,-0.702,-0.542
20:19:29  자력계:-41.400,54.000,14.400
20:19:29  IMU방향유효:0
20:19:29  IMU방향:0.0
20:19:29  방향가속도크기:9.79
20:19:29  방향자이로크기:1.39
20:19:29  방향자세cos:0.5864
20:19:29  자기모델잔차:999.00
20:19:29  자기모델반경:0.000
20:19:29  방향채택:0
20:19:29  방향거부:10460
20:19:29  송신:826
20:19:29  GPS위성:7
20:19:29  GPS_HDOP:1.23
20:19:29  원시위도:37.496496
20:19:29  원시경도:126.957596
20:19:29  GPS채택:303
20:19:29  GPS이상치거부:0
20:19:29  GPS품질거부:1
20:19:29  GPS재기준:0
20:19:29  RSSI원시:-61
20:19:29  RSSI평활:-65.9
20:19:29  RSSI샘플:1637
20:19:29  RSSI경과ms:8
20:19:29  차량수신:814
20:19:29  시각ms:91145
20:19:29  IMU시각ms:91133
20:19:29  위험:0
20:19:29  GPS유효:1
20:19:29  위도:37.496494
20:19:29  경도:126.957596
20:19:29  속도:0.095
20:19:29  방향:0.0
20:19:29  GPS원시속도:0.067
20:19:29  GPS원시방향유효:1
20:19:29  GPS원시방향:193.1
20:19:29  가속도:-2.629,2.796,9.050
20:19:29  자이로:-0.954,-0.580,0.885
20:19:29  자력계:-42.150,53.550,14.400
20:19:29  IMU방향유효:0
20:19:29  IMU방향:0.0
20:19:29  방향가속도크기:9.83
20:19:29  방향자이로크기:1.43
20:19:29  방향자세cos:0.5732
20:19:29  자기모델잔차:999.00
20:19:29  자기모델반경:0.000
20:19:29  방향채택:0
20:19:29  방향거부:10473
20:19:29  송신:827
20:19:29  GPS위성:7
20:19:29  GPS_HDOP:1.23
20:19:29  원시위도:37.496494
20:19:29  원시경도:126.957597
20:19:29  GPS채택:304
20:19:29  GPS이상치거부:0
20:19:29  GPS품질거부:1
20:19:29  GPS재기준:0
20:19:29  RSSI원시:-65
20:19:29  RSSI평활:-64.9
20:19:29  RSSI샘플:1639
20:19:29  RSSI경과ms:1
20:19:29  차량수신:815
20:19:29  시각ms:91250
20:19:29  IMU시각ms:91238
20:19:29  위험:0
20:19:29  GPS유효:1
20:19:29  위도:37.496494
20:19:29  경도:126.957596
20:19:29  속도:0.095
20:19:29  방향:0.0
20:19:29  GPS원시속도:0.067
20:19:29  GPS원시방향유효:1
20:19:29  GPS원시방향:193.1
20:19:29  가속도:-2.591,2.844,9.041
20:19:29  자이로:-0.321,1.527,1.099
20:19:29  자력계:-41.550,53.400,12.750
20:19:29  IMU방향유효:0
20:19:29  IMU방향:0.0
20:19:29  방향가속도크기:9.83
20:19:29  방향자이로크기:1.91
20:19:29  방향자세cos:0.5776
20:19:29  자기모델잔차:999.00
20:19:29  자기모델반경:0.000
20:19:29  방향채택:0
20:19:29  방향거부:10486
20:19:29  송신:828
20:19:29  GPS위성:7
20:19:29  GPS_HDOP:1.23
20:19:29  원시위도:37.496494
20:19:29  원시경도:126.957597
20:19:29  GPS채택:304
20:19:29  GPS이상치거부:0
20:19:29  GPS품질거부:1
20:19:29  GPS재기준:0
20:19:29  RSSI원시:-65
20:19:29  RSSI평활:-65.4
20:19:29  RSSI샘플:1641
20:19:29  RSSI경과ms:5
20:19:29  차량수신:816
20:19:29  시각ms:91354
20:19:29  IMU시각ms:91342
20:19:29  위험:0
20:19:29  GPS유효:1
20:19:29  위도:37.496494
20:19:29  경도:126.957596
20:19:29  속도:0.063
20:19:29  방향:0.0
20:19:29  GPS원시속도:0.005
20:19:29  GPS원시방향유효:1
20:19:29  GPS원시방향:193.1
20:19:29  가속도:-2.624,2.720,8.902
20:19:29  자이로:-0.687,-0.618,0.595
20:19:29  자력계:-42.150,54.300,13.200
20:19:29  IMU방향유효:0
20:19:29  IMU방향:0.0
20:19:29  방향가속도크기:9.67
20:19:29  방향자이로크기:1.10
20:19:29  방향자세cos:0.5692
20:19:29  자기모델잔차:999.00
20:19:29  자기모델반경:0.000
20:19:29  방향채택:0
20:19:29  방향거부:10499
20:19:29  송신:829
20:19:29  GPS위성:7
20:19:29  GPS_HDOP:1.23
20:19:29  원시위도:37.496493
20:19:29  원시경도:126.957598
20:19:29  GPS채택:305
20:19:29  GPS이상치거부:0
20:19:29  GPS품질거부:1
20:19:29  GPS재기준:0
20:19:29  RSSI원시:-70
20:19:29  RSSI평활:-66.8
20:19:29  RSSI샘플:1643
20:19:29  RSSI경과ms:4
20:19:29  차량수신:817
20:19:29  시각ms:91459
20:19:29  IMU시각ms:91447
20:19:29  위험:0
20:19:29  GPS유효:1
20:19:29  위도:37.496494
20:19:29  경도:126.957596
20:19:29  속도:0.063
20:19:29  방향:0.0
20:19:29  GPS원시속도:0.005
20:19:29  GPS원시방향유효:1
20:19:29  GPS원시방향:193.1
20:19:29  가속도:-2.672,2.902,9.026
20:19:29  자이로:0.168,-0.237,0.137
20:19:29  자력계:-43.650,53.550,13.950
20:19:29  IMU방향유효:0
20:19:29  IMU방향:0.0
20:19:29  방향가속도크기:9.85
20:19:29  방향자이로크기:0.32
20:19:29  방향자세cos:0.5734
20:19:29  자기모델잔차:999.00
20:19:29  자기모델반경:0.000
20:19:29  방향채택:0
20:19:29  방향거부:10512
20:19:29  송신:830
20:19:29  GPS위성:7
20:19:29  GPS_HDOP:1.23
20:19:29  원시위도:37.496493
20:19:29  원시경도:126.957598
20:19:29  GPS채택:305
20:19:29  GPS이상치거부:0
20:19:29  GPS품질거부:1
20:19:29  GPS재기준:0
20:19:29  RSSI원시:-62
20:19:29  RSSI평활:-66.0
20:19:29  RSSI샘플:1645
20:19:29  RSSI경과ms:3
20:19:29  차량수신:818
20:19:29  시각ms:91563
20:19:29  IMU시각ms:91551
20:19:29  위험:0
20:19:29  GPS유효:1
20:19:29  위도:37.496494
20:19:29  경도:126.957596
20:19:29  속도:0.061
20:19:29  방향:0.0
20:19:29  GPS원시속도:0.057
20:19:29  GPS원시방향유효:1
20:19:29  GPS원시방향:193.1
20:19:29  가속도:-2.528,2.782,9.084
20:19:29  자이로:0.847,-0.420,3.076
20:19:29  자력계:-43.050,53.700,14.850
20:19:29  IMU방향유효:0
20:19:29  IMU방향:0.0
20:19:29  방향가속도크기:9.83
20:19:29  방향자이로크기:3.22
20:19:29  방향자세cos:0.5805
20:19:29  자기모델잔차:999.00
20:19:29  자기모델반경:0.000
20:19:29  방향채택:0
20:19:29  방향거부:10525
20:19:29  송신:831
20:19:29  GPS위성:7
20:19:29  GPS_HDOP:1.23
20:19:29  원시위도:37.496492
20:19:29  원시경도:126.957598
20:19:29  GPS채택:306
20:19:29  GPS이상치거부:0
20:19:29  GPS품질거부:1
20:19:29  GPS재기준:0
20:19:29  RSSI원시:-70
20:19:29  RSSI평활:-66.2
20:19:29  RSSI샘플:1647
20:19:29  RSSI경과ms:8
20:19:29  차량수신:819
20:19:29  시각ms:91668
20:19:29  IMU시각ms:91656
20:19:29  위험:0
20:19:29  GPS유효:1
20:19:29  위도:37.496494
20:19:29  경도:126.957596
20:19:29  속도:0.061
20:19:29  방향:0.0
20:19:29  GPS원시속도:0.057
20:19:29  GPS원시방향유효:1
20:19:29  GPS원시방향:193.1
20:19:29  가속도:-2.437,2.825,9.026
20:19:29  자이로:-0.389,1.389,0.626
20:19:29  자력계:-41.700,53.100,13.650
20:19:29  IMU방향유효:0
20:19:29  IMU방향:0.0
20:19:29  방향가속도크기:9.77
20:19:29  방향자이로크기:1.57
20:19:29  방향자세cos:0.5882
20:19:29  자기모델잔차:999.00
20:19:29  자기모델반경:0.000
20:19:29  방향채택:0
20:19:29  방향거부:10538
20:19:29  송신:832
20:19:29  GPS위성:7
20:19:29  GPS_HDOP:1.23
20:19:29  원시위도:37.496492
20:19:29  원시경도:126.957598
20:19:29  GPS채택:306
20:19:29  GPS이상치거부:0
20:19:29  GPS품질거부:1
20:19:29  GPS재기준:0
20:19:29  RSSI원시:-63
20:19:29  RSSI평활:-65.7
20:19:29  RSSI샘플:1649
20:19:29  RSSI경과ms:2
20:19:29  차량수신:820
20:19:29  시각ms:91772
20:19:29  IMU시각ms:91760
20:19:29  위험:0
20:19:29  GPS유효:1
20:19:29  위도:37.496490
20:19:29  경도:126.957596
20:19:29  속도:0.059
20:19:29  방향:0.0
20:19:29  GPS원시속도:0.057
20:19:29  GPS원시방향유효:1
20:19:29  GPS원시방향:193.1
20:19:29  가속도:-2.514,2.844,9.021
20:19:29  자이로:0.420,-3.359,-0.702
20:19:29  자력계:-41.250,53.700,13.500
20:19:29  IMU방향유효:0
20:19:29  IMU방향:0.0
20:19:29  방향가속도크기:9.79
20:19:29  방향자이로크기:3.46
20:19:29  방향자세cos:0.5831
20:19:29  자기모델잔차:999.00
20:19:29  자기모델반경:0.000
20:19:29  방향채택:0
20:19:29  방향거부:10551
20:19:29  송신:833
20:19:29  GPS위성:7
20:19:29  GPS_HDOP:1.23
20:19:29  원시위도:37.496490
20:19:29  원시경도:126.957599
20:19:29  GPS채택:307
20:19:29  GPS이상치거부:0
20:19:29  GPS품질거부:1
20:19:29  GPS재기준:0
20:19:29  RSSI원시:-62
20:19:29  RSSI평활:-64.9
20:19:29  RSSI샘플:1650
20:19:29  RSSI경과ms:70
20:19:29  차량수신:821
20:19:29  시각ms:91877
20:19:29  IMU시각ms:91865
20:19:29  위험:0
20:19:29  GPS유효:1
20:19:29  위도:37.496490
20:19:29  경도:126.957596
20:19:29  속도:0.059
20:19:29  방향:0.0
20:19:29  GPS원시속도:0.057
20:19:29  GPS원시방향유효:1
20:19:29  GPS원시방향:193.1
20:19:29  가속도:-2.456,2.691,8.906
20:19:29  자이로:-0.634,-0.748,1.649
20:19:29  자력계:-42.750,53.400,14.850
20:19:29  IMU방향유효:0
20:19:29  IMU방향:0.0
20:19:29  방향가속도크기:9.62
20:19:29  방향자이로크기:1.92
20:19:29  방향자세cos:0.5809
20:19:29  자기모델잔차:999.00
20:19:29  자기모델반경:0.000
20:19:29  방향채택:0
20:19:29  방향거부:10564
20:19:29  송신:834
20:19:29  GPS위성:7
20:19:29  GPS_HDOP:1.23
20:19:29  원시위도:37.496490
20:19:29  원시경도:126.957599
20:19:29  GPS채택:307
20:19:29  GPS이상치거부:0
20:19:29  GPS품질거부:1
20:19:29  GPS재기준:0
20:19:29  RSSI원시:-69
20:19:29  RSSI평활:-66.4
20:19:29  RSSI샘플:1652
20:19:29  RSSI경과ms:87
20:19:29  차량수신:822
20:19:30  시각ms:92087
20:19:30  IMU시각ms:92075
20:19:30  위험:0
20:19:30  GPS유효:1
20:19:30  위도:37.496490
20:19:30  경도:126.957596
20:19:30  속도:0.069
20:19:30  방향:0.0
20:19:30  GPS원시속도:0.087
20:19:30  GPS원시방향유효:1
20:19:30  GPS원시방향:193.1
20:19:30  가속도:-2.643,2.796,8.930
20:19:30  자이로:-0.595,-1.496,1.947
20:19:30  자력계:-42.150,54.300,14.400
20:19:30  IMU방향유효:0
20:19:30  IMU방향:0.0
20:19:30  방향가속도크기:9.72
20:19:30  방향자이로크기:2.53
20:19:30  방향자세cos:0.5708
20:19:30  자기모델잔차:999.00
20:19:30  자기모델반경:0.000
20:19:30  방향채택:0
20:19:30  방향거부:10590
20:19:30  송신:836
20:19:30  GPS위성:7
20:19:30  GPS_HDOP:1.23
20:19:30  원시위도:37.496489
20:19:30  원시경도:126.957599
20:19:30  GPS채택:308
20:19:30  GPS이상치거부:0
20:19:30  GPS품질거부:1
20:19:30  GPS재기준:0
20:19:30  RSSI원시:-62
20:19:30  RSSI평활:-63.4
20:19:30  RSSI샘플:1657
20:19:30  RSSI경과ms:2
20:19:30  차량수신:824
20:19:30  시각ms:92192
20:19:30  IMU시각ms:92180
20:19:30  위험:0
20:19:30  GPS유효:1
20:19:30  위도:37.496490
20:19:30  경도:126.957596
20:19:30  속도:0.072
20:19:30  방향:0.0
20:19:30  GPS원시속도:0.077
20:19:30  GPS원시방향유효:1
20:19:30  GPS원시방향:193.1
20:19:30  가속도:-2.442,2.753,9.079
20:19:30  자이로:1.168,-1.565,1.351
20:19:30  자력계:-41.400,52.800,13.950
20:19:30  IMU방향유효:0
20:19:30  IMU방향:0.0
20:19:30  방향가속도크기:9.80
20:19:30  방향자이로크기:2.37
20:19:30  방향자세cos:0.5859
20:19:30  자기모델잔차:999.00
20:19:30  자기모델반경:0.000
20:19:30  방향채택:0
20:19:30  방향거부:10603
20:19:30  송신:837
20:19:30  GPS위성:7
20:19:30  GPS_HDOP:1.23
20:19:30  원시위도:37.496488
20:19:30  원시경도:126.957600
20:19:30  GPS채택:309
20:19:30  GPS이상치거부:0
20:19:30  GPS품질거부:1
20:19:30  GPS재기준:0
20:19:30  RSSI원시:-63
20:19:30  RSSI평활:-63.1
20:19:30  RSSI샘플:1659
20:19:30  RSSI경과ms:8
20:19:30  차량수신:825
20:19:30  시각ms:92297
20:19:30  IMU시각ms:92285
20:19:30  위험:0
20:19:30  GPS유효:1
20:19:30  위도:37.496490
20:19:30  경도:126.957596
20:19:30  속도:0.072
20:19:30  방향:0.0
20:19:30  GPS원시속도:0.077
20:19:30  GPS원시방향유효:1
20:19:30  GPS원시방향:193.1
20:19:30  가속도:-2.557,2.753,8.969
20:19:30  자이로:-0.550,-1.740,-0.405
20:19:30  자력계:-42.750,53.700,14.550
20:19:30  IMU방향유효:0
20:19:30  IMU방향:0.0
20:19:30  방향가속도크기:9.72
20:19:30  방향자이로크기:1.87
20:19:30  방향자세cos:0.5762
20:19:30  자기모델잔차:999.00
20:19:30  자기모델반경:0.000
20:19:30  방향채택:0
20:19:30  방향거부:10616
20:19:30  송신:838
20:19:30  GPS위성:7
20:19:30  GPS_HDOP:1.23
20:19:30  원시위도:37.496488
20:19:30  원시경도:126.957600
20:19:30  GPS채택:309
20:19:30  GPS이상치거부:0
20:19:30  GPS품질거부:1
20:19:30  GPS재기준:0
20:19:30  RSSI원시:-67
20:19:30  RSSI평활:-64.2
20:19:30  RSSI샘플:1661
20:19:30  RSSI경과ms:6
20:19:30  차량수신:826
20:19:30  시각ms:92402
20:19:30  IMU시각ms:92390
20:19:30  위험:0
20:19:30  GPS유효:1
20:19:30  위도:37.496487
20:19:30  경도:126.957596
20:19:30  속도:0.083
20:19:30  방향:0.0
20:19:30  GPS원시속도:0.103
20:19:30  GPS원시방향유효:1
20:19:30  GPS원시방향:193.1
20:19:30  가속도:-2.476,2.792,9.060
20:19:30  자이로:-1.748,1.458,-0.168
20:19:30  자력계:-42.150,54.300,13.650
20:19:30  IMU방향유효:0
20:19:30  IMU방향:0.0
20:19:30  방향가속도크기:9.80
20:19:30  방향자이로크기:2.28
20:19:30  방향자세cos:0.5845
20:19:30  자기모델잔차:999.00
20:19:30  자기모델반경:0.000
20:19:30  방향채택:0
20:19:30  방향거부:10629
20:19:30  송신:839
20:19:30  GPS위성:7
20:19:30  GPS_HDOP:1.23
20:19:30  원시위도:37.496486
20:19:30  원시경도:126.957600
20:19:30  GPS채택:310
20:19:30  GPS이상치거부:0
20:19:30  GPS품질거부:1
20:19:30  GPS재기준:0
20:19:30  RSSI원시:-71
20:19:30  RSSI평활:-66.3
20:19:30  RSSI샘플:1663
20:19:30  RSSI경과ms:5
20:19:30  차량수신:827
20:19:30  시각ms:92507
20:19:30  IMU시각ms:92495
20:19:30  위험:0
20:19:30  GPS유효:1
20:19:30  위도:37.496487
20:19:30  경도:126.957596
20:19:30  속도:0.083
20:19:30  방향:0.0
20:19:30  GPS원시속도:0.103
20:19:30  GPS원시방향유효:1
20:19:30  GPS원시방향:193.1
20:19:30  가속도:-2.629,2.739,8.973
20:19:30  자이로:-1.550,-0.336,-1.977
20:19:30  자력계:-41.250,53.400,13.500
20:19:30  IMU방향유효:0
20:19:30  IMU방향:0.0
20:19:30  방향가속도크기:9.74
20:19:30  방향자이로크기:2.53
20:19:30  방향자세cos:0.5703
20:19:30  자기모델잔차:999.00
20:19:30  자기모델반경:0.000
20:19:30  방향채택:0
20:19:30  방향거부:10642
20:19:30  송신:840
20:19:30  GPS위성:7
20:19:30  GPS_HDOP:1.23
20:19:30  원시위도:37.496486
20:19:30  원시경도:126.957600
20:19:30  GPS채택:310
20:19:30  GPS이상치거부:0
20:19:30  GPS품질거부:1
20:19:30  GPS재기준:0
20:19:30  RSSI원시:-64
20:19:30  RSSI평활:-66.3
20:19:30  RSSI샘플:1665
20:19:30  RSSI경과ms:6
20:19:30  차량수신:828
20:19:30  시각ms:92612
20:19:30  IMU시각ms:92600
20:19:30  위험:0
20:19:30  GPS유효:1
20:19:30  위도:37.496487
20:19:30  경도:126.957603
20:19:30  속도:0.072
20:19:30  방향:0.0
20:19:30  GPS원시속도:0.051
20:19:30  GPS원시방향유효:1
20:19:30  GPS원시방향:193.1
20:19:30  가속도:-2.552,2.825,8.993
20:19:30  자이로:-0.053,-2.565,-1.038
20:19:30  자력계:-41.700,53.100,13.950
20:19:30  IMU방향유효:0
20:19:30  IMU방향:0.0
20:19:30  방향가속도크기:9.77
20:19:30  방향자이로크기:2.77
20:19:30  방향자세cos:0.5793
20:19:30  자기모델잔차:999.00
20:19:30  자기모델반경:0.000
20:19:30  방향채택:0
20:19:30  방향거부:10655
20:19:30  송신:841
20:19:30  GPS위성:7
20:19:30  GPS_HDOP:1.23
20:19:30  원시위도:37.496485
20:19:30  원시경도:126.957601
20:19:30  GPS채택:311
20:19:30  GPS이상치거부:0
20:19:30  GPS품질거부:1
20:19:30  GPS재기준:0
20:19:30  RSSI원시:-64
20:19:30  RSSI평활:-65.8
20:19:30  RSSI샘플:1666
20:19:30  RSSI경과ms:86
20:19:30  차량수신:829
20:19:30  시각ms:92716
20:19:30  IMU시각ms:92704
20:19:30  위험:0
20:19:30  GPS유효:1
20:19:30  위도:37.496487
20:19:30  경도:126.957603
20:19:30  속도:0.072
20:19:30  방향:0.0
20:19:30  GPS원시속도:0.051
20:19:30  GPS원시방향유효:1
20:19:30  GPS원시방향:193.1
20:19:30  가속도:-2.480,2.653,9.031
20:19:30  자이로:-1.023,0.145,-2.107
20:19:30  자력계:-42.900,53.550,14.700
20:19:30  IMU방향유효:0
20:19:30  IMU방향:0.0
20:19:30  방향가속도크기:9.73
20:19:30  방향자이로크기:2.35
20:19:30  방향자세cos:0.5790
20:19:30  자기모델잔차:999.00
20:19:30  자기모델반경:0.000
20:19:30  방향채택:0
20:19:30  방향거부:10668
20:19:30  송신:842
20:19:30  GPS위성:7
20:19:30  GPS_HDOP:1.23
20:19:30  원시위도:37.496485
20:19:30  원시경도:126.957601
20:19:30  GPS채택:311
20:19:30  GPS이상치거부:0
20:19:30  GPS품질거부:1
20:19:30  GPS재기준:0
20:19:30  RSSI원시:-72
20:19:30  RSSI평활:-68.4
20:19:30  RSSI샘플:1668
20:19:30  RSSI경과ms:81
20:19:30  차량수신:830
20:19:30  시각ms:92821
20:19:30  IMU시각ms:92809
20:19:30  위험:0
20:19:30  GPS유효:1
20:19:30  위도:37.496487
20:19:30  경도:126.957603
20:19:30  속도:0.058
20:19:30  방향:0.0
20:19:30  GPS원시속도:0.031
20:19:30  GPS원시방향유효:1
20:19:30  GPS원시방향:193.1
20:19:30  가속도:-2.514,2.935,8.926
20:19:30  자이로:-2.351,-1.863,1.908
20:19:30  자력계:-41.700,54.300,13.200
20:19:30  IMU방향유효:0
20:19:30  IMU방향:0.0
20:19:30  방향가속도크기:9.73
20:19:30  방향자이로크기:3.56
20:19:30  방향자세cos:0.5853
20:19:30  자기모델잔차:999.00
20:19:30  자기모델반경:0.000
20:19:30  방향채택:0
20:19:30  방향거부:10681
20:19:30  송신:843
20:19:30  GPS위성:7
20:19:30  GPS_HDOP:1.23
20:19:30  원시위도:37.496484
20:19:30  원시경도:126.957601
20:19:30  GPS채택:312
20:19:30  GPS이상치거부:0
20:19:30  GPS품질거부:1
20:19:30  GPS재기준:0
20:19:30  RSSI원시:-73
20:19:30  RSSI평활:-67.5
20:19:30  RSSI샘플:1671
20:19:30  RSSI경과ms:5
20:19:30  차량수신:831
20:19:30  시각ms:92925
20:19:30  IMU시각ms:92913
20:19:30  위험:0
20:19:30  GPS유효:1
20:19:30  위도:37.496487
20:19:30  경도:126.957603
20:19:30  속도:0.058
20:19:30  방향:0.0
20:19:30  GPS원시속도:0.031
20:19:30  GPS원시방향유효:1
20:19:30  GPS원시방향:193.1
20:19:30  가속도:-2.495,2.715,9.045
20:19:30  자이로:-1.634,2.626,-0.626
20:19:30  자력계:-43.950,54.000,13.200
20:19:30  IMU방향유효:0
20:19:30  IMU방향:0.0
20:19:30  방향가속도크기:9.77
20:19:30  방향자이로크기:3.16
20:19:30  방향자세cos:0.5803
20:19:30  자기모델잔차:999.00
20:19:30  자기모델반경:0.000
20:19:30  방향채택:0
20:19:30  방향거부:10694
20:19:30  송신:844
20:19:30  GPS위성:7
20:19:30  GPS_HDOP:1.23
20:19:30  원시위도:37.496484
20:19:30  원시경도:126.957601
20:19:30  GPS채택:312
20:19:30  GPS이상치거부:0
20:19:30  GPS품질거부:1
20:19:30  GPS재기준:0
20:19:30  RSSI원시:-69
20:19:30  RSSI평활:-67.8
20:19:30  RSSI샘플:1672
20:19:30  RSSI경과ms:4
20:19:30  차량수신:831
20:19:31  시각ms:93030
20:19:31  IMU시각ms:93018
20:19:31  위험:0
20:19:31  GPS유효:1
20:19:31  위도:37.496483
20:19:31  경도:126.957603
20:19:31  속도:0.054
20:19:31  방향:0.0
20:19:31  GPS원시속도:0.046
20:19:31  GPS원시방향유효:1
20:19:31  GPS원시방향:193.1
20:19:31  가속도:-2.581,2.863,8.921
20:19:31  자이로:-0.405,-1.214,-0.107
20:19:31  자력계:-41.400,52.050,13.650
20:19:31  IMU방향유효:0
20:19:31  IMU방향:0.0
20:19:31  방향가속도크기:9.72
20:19:31  방향자이로크기:1.28
20:19:31  방향자세cos:0.5777
20:19:31  자기모델잔차:999.00
20:19:31  자기모델반경:0.000
20:19:31  방향채택:0
20:19:31  방향거부:10707
20:19:31  송신:845
20:19:31  GPS위성:7
20:19:31  GPS_HDOP:1.23
20:19:31  원시위도:37.496483
20:19:31  원시경도:126.957602
20:19:31  GPS채택:313
20:19:31  GPS이상치거부:0
20:19:31  GPS품질거부:1
20:19:31  GPS재기준:0
20:19:31  RSSI원시:-73
20:19:31  RSSI평활:-69.0
20:19:31  RSSI샘플:1674
20:19:31  RSSI경과ms:3
20:19:31  차량수신:832
20:19:31  시각ms:93134
20:19:31  IMU시각ms:93122
20:19:31  위험:0
20:19:31  GPS유효:1
20:19:31  위도:37.496483
20:19:31  경도:126.957603
20:19:31  속도:0.054
20:19:31  방향:0.0
20:19:31  GPS원시속도:0.046
20:19:31  GPS원시방향유효:1
20:19:31  GPS원시방향:193.1
20:19:31  가속도:-2.567,2.796,9.002
20:19:31  자이로:-2.679,1.901,-1.542
20:19:31  자력계:-39.450,53.100,14.700
20:19:31  IMU방향유효:0
20:19:31  IMU방향:0.0
20:19:31  방향가속도크기:9.77
20:19:31  방향자이로크기:3.63
20:19:31  방향자세cos:0.5773
20:19:31  자기모델잔차:999.00
20:19:31  자기모델반경:0.000
20:19:31  방향채택:0
20:19:31  방향거부:10720
20:19:31  송신:846
20:19:31  GPS위성:7
20:19:31  GPS_HDOP:1.23
20:19:31  원시위도:37.496483
20:19:31  원시경도:126.957602
20:19:31  GPS채택:313
20:19:31  GPS이상치거부:0
20:19:31  GPS품질거부:1
20:19:31  GPS재기준:0
20:19:31  RSSI원시:-78
20:19:31  RSSI평활:-71.5
20:19:31  RSSI샘플:1676
20:19:31  RSSI경과ms:1
20:19:31  차량수신:833
20:19:31  시각ms:93239
20:19:31  IMU시각ms:93227
20:19:31  위험:0
20:19:31  GPS유효:1
20:19:31  위도:37.496483
20:19:31  경도:126.957603
20:19:31  속도:0.065
20:19:31  방향:0.0
20:19:31  GPS원시속도:0.087
20:19:31  GPS원시방향유효:1
20:19:31  GPS원시방향:193.1
20:19:31  가속도:-2.586,2.739,9.131
20:19:31  자이로:-0.160,-1.557,2.580
20:19:31  자력계:-42.150,55.800,14.400
20:19:31  IMU방향유효:0
20:19:31  IMU방향:0.0
20:19:31  방향가속도크기:9.88
20:19:31  방향자이로크기:3.02
20:19:31  방향자세cos:0.5752
20:19:31  자기모델잔차:999.00
20:19:31  자기모델반경:0.000
20:19:31  방향채택:0
20:19:31  방향거부:10733
20:19:31  송신:847
20:19:31  GPS위성:7
20:19:31  GPS_HDOP:1.23
20:19:31  원시위도:37.496481
20:19:31  원시경도:126.957602
20:19:31  GPS채택:314
20:19:31  GPS이상치거부:0
20:19:31  GPS품질거부:1
20:19:31  GPS재기준:0
20:19:31  RSSI원시:-75
20:19:31  RSSI평활:-72.2
20:19:31  RSSI샘플:1677
20:19:31  RSSI경과ms:79
20:19:31  차량수신:834
20:19:31  시각ms:93343
20:19:31  IMU시각ms:93331
20:19:31  위험:0
20:19:31  GPS유효:1
20:19:31  위도:37.496483
20:19:31  경도:126.957603
20:19:31  속도:0.065
20:19:31  방향:0.0
20:19:31  GPS원시속도:0.087
20:19:31  GPS원시방향유효:1
20:19:31  GPS원시방향:193.1
20:19:31  가속도:-2.677,2.830,8.921
20:19:31  자이로:-1.092,1.260,-3.466
20:19:31  자력계:-41.400,54.000,13.950
20:19:31  IMU방향유효:0
20:19:31  IMU방향:0.0
20:19:31  방향가속도크기:9.73
20:19:31  방향자이로크기:3.85
20:19:31  방향자세cos:0.5693
20:19:31  자기모델잔차:999.00
20:19:31  자기모델반경:0.000
20:19:31  방향채택:0
20:19:31  방향거부:10746
20:19:31  송신:848
20:19:31  GPS위성:7
20:19:31  GPS_HDOP:1.23
20:19:31  원시위도:37.496481
20:19:31  원시경도:126.957602
20:19:31  GPS채택:314
20:19:31  GPS이상치거부:0
20:19:31  GPS품질거부:1
20:19:31  GPS재기준:0
20:19:31  RSSI원시:-65
20:19:31  RSSI평활:-69.7
20:19:31  RSSI샘플:1680
20:19:31  RSSI경과ms:5
20:19:31  차량수신:835
20:19:31  시각ms:93552
20:19:31  IMU시각ms:93540
20:19:31  위험:0
20:19:31  GPS유효:1
20:19:31  위도:37.496479
20:19:31  경도:126.957603
20:19:31  속도:0.071
20:19:31  방향:0.0
20:19:31  GPS원시속도:0.087
20:19:31  GPS원시방향유효:1
20:19:31  GPS원시방향:193.1
20:19:31  가속도:-2.476,2.753,9.007
20:19:31  자이로:-0.382,0.137,-1.924
20:19:31  자력계:-42.300,54.450,15.300
20:19:31  IMU방향유효:0
20:19:31  IMU방향:0.0
20:19:31  방향가속도크기:9.74
20:19:31  방향자이로크기:1.97
20:19:31  방향자세cos:0.5827
20:19:31  자기모델잔차:999.00
20:19:31  자기모델반경:0.000
20:19:31  방향채택:0
20:19:31  방향거부:10772
20:19:31  송신:850
20:19:31  GPS위성:7
20:19:31  GPS_HDOP:1.23
20:19:31  원시위도:37.496479
20:19:31  원시경도:126.957603
20:19:31  GPS채택:316
20:19:31  GPS이상치거부:0
20:19:31  GPS품질거부:1
20:19:31  GPS재기준:0
20:19:31  RSSI원시:-64
20:19:31  RSSI평활:-66.7
20:19:31  RSSI샘플:1684
20:19:31  RSSI경과ms:4
20:19:31  차량수신:837
20:19:31  시각ms:93866
20:19:31  IMU시각ms:93854
20:19:31  위험:0
20:19:31  GPS유효:1
20:19:31  위도:37.496479
20:19:31  경도:126.957603
20:19:31  속도:0.111
20:19:31  방향:0.0
20:19:31  GPS원시속도:0.185
20:19:31  GPS원시방향유효:1
20:19:31  GPS원시방향:193.1
20:19:31  가속도:-2.619,2.878,8.983
20:19:31  자이로:0.405,0.244,-0.702
20:19:31  자력계:-42.150,54.000,13.200
20:19:31  IMU방향유효:0
20:19:31  IMU방향:0.0
20:19:31  방향가속도크기:9.79
20:19:31  방향자이로크기:0.85
20:19:31  방향자세cos:0.5760
20:19:31  자기모델잔차:999.00
20:19:31  자기모델반경:0.000
20:19:31  방향채택:0
20:19:31  방향거부:10811
20:19:31  송신:853
20:19:31  GPS위성:7
20:19:31  GPS_HDOP:1.23
20:19:31  원시위도:37.496478
20:19:31  원시경도:126.957604
20:19:31  GPS채택:317
20:19:31  GPS이상치거부:0
20:19:31  GPS품질거부:1
20:19:31  GPS재기준:0
20:19:31  RSSI원시:-71
20:19:31  RSSI평활:-67.9
20:19:31  RSSI샘플:1689
20:19:31  RSSI경과ms:78
20:19:31  차량수신:840
20:19:32  시각ms:94075
20:19:32  IMU시각ms:94063
20:19:32  위험:0
20:19:32  GPS유효:1
20:19:32  위도:37.496479
20:19:32  경도:126.957603
20:19:32  속도:0.146
20:19:32  방향:0.0
20:19:32  GPS원시속도:0.211
20:19:32  GPS원시방향유효:1
20:19:32  GPS원시방향:193.1
20:19:32  가속도:-2.495,2.840,8.954
20:19:32  자이로:-2.328,2.237,-0.992
20:19:32  자력계:-42.450,54.300,14.400
20:19:32  IMU방향유효:0
20:19:32  IMU방향:0.0
20:19:32  방향가속도크기:9.72
20:19:32  방향자이로크기:3.38
20:19:32  방향자세cos:0.5837
20:19:32  자기모델잔차:999.00
20:19:32  자기모델반경:0.000
20:19:32  방향채택:0
20:19:32  방향거부:10837
20:19:32  송신:855
20:19:32  GPS위성:7
20:19:32  GPS_HDOP:1.23
20:19:32  원시위도:37.496476
20:19:32  원시경도:126.957605
20:19:32  GPS채택:318
20:19:32  GPS이상치거부:0
20:19:32  GPS품질거부:1
20:19:32  GPS재기준:0
20:19:32  RSSI원시:-66
20:19:32  RSSI평활:-67.5
20:19:32  RSSI샘플:1693
20:19:32  RSSI경과ms:76
20:19:32  차량수신:842
20:19:32  시각ms:94180
20:19:32  IMU시각ms:94168
20:19:32  위험:0
20:19:32  GPS유효:1
20:19:32  위도:37.496475
20:19:32  경도:126.957603
20:19:32  속도:0.160
20:19:32  방향:0.0
20:19:32  GPS원시속도:0.185
20:19:32  GPS원시방향유효:1
20:19:32  GPS원시방향:193.1
20:19:32  가속도:-2.567,2.753,9.012
20:19:32  자이로:-2.160,-1.710,-0.046
20:19:32  자력계:-41.700,55.050,13.200
20:19:32  IMU방향유효:0
20:19:32  IMU방향:0.0
20:19:32  방향가속도크기:9.77
20:19:32  방향자이로크기:2.76
20:19:32  방향자세cos:0.5759
20:19:32  자기모델잔차:999.00
20:19:32  자기모델반경:0.000
20:19:32  방향채택:0
20:19:32  방향거부:10850
20:19:32  송신:856
20:19:32  GPS위성:7
20:19:32  GPS_HDOP:1.23
20:19:32  원시위도:37.496475
20:19:32  원시경도:126.957606
20:19:32  GPS채택:319
20:19:32  GPS이상치거부:0
20:19:32  GPS품질거부:1
20:19:32  GPS재기준:0
20:19:32  RSSI원시:-69
20:19:32  RSSI평활:-67.7
20:19:32  RSSI샘플:1696
20:19:32  RSSI경과ms:4
20:19:32  차량수신:843
20:19:32  시각ms:94285
20:19:32  IMU시각ms:94273
20:19:32  위험:0
20:19:32  GPS유효:1
20:19:32  위도:37.496475
20:19:32  경도:126.957603
20:19:32  속도:0.160
20:19:32  방향:0.0
20:19:32  GPS원시속도:0.185
20:19:32  GPS원시방향유효:1
20:19:32  GPS원시방향:193.1
20:19:32  가속도:-2.547,2.806,9.041
20:19:32  자이로:0.168,-1.924,2.176
20:19:32  자력계:-42.150,55.050,13.650
20:19:32  IMU방향유효:0
20:19:32  IMU방향:0.0
20:19:32  방향가속도크기:9.80
20:19:32  방향자이로크기:2.91
20:19:32  방향자세cos:0.5795
20:19:32  자기모델잔차:999.00
20:19:32  자기모델반경:0.000
20:19:32  방향채택:0
20:19:32  방향거부:10863
20:19:32  송신:857
20:19:32  GPS위성:7
20:19:32  GPS_HDOP:1.23
20:19:32  원시위도:37.496475
20:19:32  원시경도:126.957606
20:19:32  GPS채택:319
20:19:32  GPS이상치거부:0
20:19:32  GPS품질거부:1
20:19:32  GPS재기준:0
20:19:32  RSSI원시:-69
20:19:32  RSSI평활:-67.9
20:19:32  RSSI샘플:1697
20:19:32  RSSI경과ms:76
20:19:32  차량수신:844
20:19:32  시각ms:94390
20:19:32  IMU시각ms:94378
20:19:32  위험:0
20:19:32  GPS유효:1
20:19:32  위도:37.496475
20:19:32  경도:126.957603
20:19:32  속도:0.133
20:19:32  방향:0.0
20:19:32  GPS원시속도:0.082
20:19:32  GPS원시방향유효:1
20:19:32  GPS원시방향:193.1
20:19:32  가속도:-2.734,2.863,9.017
20:19:32  자이로:0.260,-1.053,-0.664
20:19:32  자력계:-41.550,53.400,13.800
20:19:32  IMU방향유효:0
20:19:32  IMU방향:0.0
20:19:32  방향가속도크기:9.85
20:19:32  방향자이로크기:1.27
20:19:32  방향자세cos:0.5672
20:19:32  자기모델잔차:999.00
20:19:32  자기모델반경:0.000
20:19:32  방향채택:0
20:19:32  방향거부:10876
20:19:32  송신:858
20:19:32  GPS위성:7
20:19:32  GPS_HDOP:1.23
20:19:32  원시위도:37.496474
20:19:32  원시경도:126.957607
20:19:32  GPS채택:320
20:19:32  GPS이상치거부:0
20:19:32  GPS품질거부:1
20:19:32  GPS재기준:0
20:19:32  RSSI원시:-68
20:19:32  RSSI평활:-68.6
20:19:32  RSSI샘플:1700
20:19:32  RSSI경과ms:3
20:19:32  차량수신:845
20:19:32  시각ms:94495
20:19:32  IMU시각ms:94483
20:19:32  위험:0
20:19:32  GPS유효:1
20:19:32  위도:37.496475
20:19:32  경도:126.957603
20:19:32  속도:0.133
20:19:32  방향:0.0
20:19:32  GPS원시속도:0.082
20:19:32  GPS원시방향유효:1
20:19:32  GPS원시방향:193.1
20:19:32  가속도:-2.562,2.806,8.950
20:19:32  자이로:-1.069,1.573,-3.176
20:19:32  자력계:-42.150,54.750,15.900
20:19:32  IMU방향유효:0
20:19:32  IMU방향:0.0
20:19:32  방향가속도크기:9.72
20:19:32  방향자이로크기:3.70
20:19:32  방향자세cos:0.5775
20:19:32  자기모델잔차:999.00
20:19:32  자기모델반경:0.000
20:19:32  방향채택:0
20:19:32  방향거부:10889
20:19:32  송신:859
20:19:32  GPS위성:7
20:19:32  GPS_HDOP:1.23
20:19:32  원시위도:37.496474
20:19:32  원시경도:126.957607
20:19:32  GPS채택:320
20:19:32  GPS이상치거부:0
20:19:32  GPS품질거부:1
20:19:32  GPS재기준:0
20:19:32  RSSI원시:-69
20:19:32  RSSI평활:-68.3
20:19:32  RSSI샘플:1702
20:19:32  RSSI경과ms:4
20:19:32  차량수신:846
20:19:32  시각ms:94600
20:19:32  IMU시각ms:94588
20:19:32  위험:0
20:19:32  GPS유효:1
20:19:32  위도:37.496475
20:19:32  경도:126.957603
20:19:32  속도:0.106
20:19:32  방향:0.0
20:19:32  GPS원시속도:0.057
20:19:32  GPS원시방향유효:1
20:19:32  GPS원시방향:193.1
20:19:32  가속도:-2.638,2.782,8.935
20:19:32  자이로:-0.725,-2.992,0.901
20:19:32  자력계:-42.150,53.100,14.400
20:19:32  IMU방향유효:0
20:19:32  IMU방향:0.0
20:19:32  방향가속도크기:9.72
20:19:32  방향자이로크기:3.21
20:19:32  방향자세cos:0.5707
20:19:32  자기모델잔차:999.00
20:19:32  자기모델반경:0.000
20:19:32  방향채택:0
20:19:32  방향거부:10902
20:19:32  송신:860
20:19:32  GPS위성:7
20:19:32  GPS_HDOP:1.23
20:19:32  원시위도:37.496473
20:19:32  원시경도:126.957607
20:19:32  GPS채택:321
20:19:32  GPS이상치거부:0
20:19:32  GPS품질거부:1
20:19:32  GPS재기준:0
20:19:32  RSSI원시:-71
20:19:32  RSSI평활:-69.1
20:19:32  RSSI샘플:1704
20:19:32  RSSI경과ms:4
20:19:32  차량수신:847
20:19:32  시각ms:94705
20:19:32  IMU시각ms:94693
20:19:32  위험:0
20:19:32  GPS유효:1
20:19:32  위도:37.496475
20:19:32  경도:126.957603
20:19:32  속도:0.106
20:19:32  방향:0.0
20:19:32  GPS원시속도:0.057
20:19:32  GPS원시방향유효:1
20:19:32  GPS원시방향:193.1
20:19:32  가속도:-2.653,2.696,8.897
20:19:32  자이로:-0.580,-2.282,-0.763
20:19:32  자력계:-42.450,52.350,13.950
20:19:32  IMU방향유효:0
20:19:32  IMU방향:0.0
20:19:32  방향가속도크기:9.67
20:19:32  방향자이로크기:2.48
20:19:32  방향자세cos:0.5660
20:19:32  자기모델잔차:999.00
20:19:32  자기모델반경:0.000
20:19:32  방향채택:0
20:19:32  방향거부:10915
20:19:32  송신:861
20:19:32  GPS위성:7
20:19:32  GPS_HDOP:1.23
20:19:32  원시위도:37.496473
20:19:32  원시경도:126.957607
20:19:32  GPS채택:321
20:19:32  GPS이상치거부:0
20:19:32  GPS품질거부:1
20:19:32  GPS재기준:0
20:19:32  RSSI원시:-64
20:19:32  RSSI평활:-68.4
20:19:32  RSSI샘플:1706
20:19:32  RSSI경과ms:4
20:19:32  차량수신:848
20:19:32  시각ms:94914
20:19:32  IMU시각ms:94902
20:19:32  위험:0
20:19:32  GPS유효:1
20:19:32  위도:37.496471
20:19:32  경도:126.957603
20:19:32  속도:0.112
20:19:32  방향:0.0
20:19:32  GPS원시속도:0.123
20:19:32  GPS원시방향유효:1
20:19:32  GPS원시방향:193.1
20:19:32  가속도:-2.643,2.686,8.945
20:19:32  자이로:-0.038,-2.015,1.870
20:19:32  자력계:-42.000,52.950,13.800
20:19:32  IMU방향유효:0
20:19:32  IMU방향:0.0
20:19:32  방향가속도크기:9.71
20:19:32  방향자이로크기:2.75
20:19:32  방향자세cos:0.5670
20:19:32  자기모델잔차:999.00
20:19:32  자기모델반경:0.000
20:19:32  방향채택:0
20:19:32  방향거부:10941
20:19:32  송신:863
20:19:32  GPS위성:7
20:19:32  GPS_HDOP:1.23
20:19:32  원시위도:37.496472
20:19:32  원시경도:126.957608
20:19:32  GPS채택:322
20:19:32  GPS이상치거부:0
20:19:32  GPS품질거부:1
20:19:32  GPS재기준:0
20:19:32  RSSI원시:-68
20:19:32  RSSI평활:-68.1
20:19:32  RSSI샘플:1709
20:19:32  RSSI경과ms:77
20:19:32  차량수신:850
20:19:33  시각ms:95123
20:19:33  IMU시각ms:95111
20:19:33  위험:0
20:19:33  GPS유효:1
20:19:33  위도:37.496471
20:19:33  경도:126.957611
20:19:33  속도:0.118
20:19:33  방향:0.0
20:19:33  GPS원시속도:0.129
20:19:33  GPS원시방향유효:1
20:19:33  GPS원시방향:193.1
20:19:33  가속도:-2.705,2.729,8.878
20:19:33  자이로:-0.275,-0.420,0.466
20:19:33  자력계:-42.150,54.300,14.700
20:19:33  IMU방향유효:0
20:19:33  IMU방향:0.0
20:19:33  방향가속도크기:9.67
20:19:33  방향자이로크기:0.68
20:19:33  방향자세cos:0.5630
20:19:33  자기모델잔차:999.00
20:19:33  자기모델반경:0.000
20:19:33  방향채택:0
20:19:33  방향거부:10967
20:19:33  송신:865
20:19:33  GPS위성:7
20:19:33  GPS_HDOP:1.23
20:19:33  원시위도:37.496471
20:19:33  원시경도:126.957609
20:19:33  GPS채택:323
20:19:33  GPS이상치거부:0
20:19:33  GPS품질거부:1
20:19:33  GPS재기준:0
20:19:33  RSSI원시:-72
20:19:33  RSSI평활:-68.9
20:19:33  RSSI샘플:1714
20:19:33  RSSI경과ms:2
20:19:33  차량수신:852
20:19:33  시각ms:95228
20:19:33  IMU시각ms:95216
20:19:33  위험:0
20:19:33  GPS유효:1
20:19:33  위도:37.496471
20:19:33  경도:126.957611
20:19:33  속도:0.102
20:19:33  방향:0.0
20:19:33  GPS원시속도:0.072
20:19:33  GPS원시방향유효:1
20:19:33  GPS원시방향:193.1
20:19:33  가속도:-2.552,2.777,9.079
20:19:33  자이로:-0.076,-1.298,1.527
20:19:33  자력계:-41.550,54.150,14.550
20:19:33  IMU방향유효:0
20:19:33  IMU방향:0.0
20:19:33  방향가속도크기:9.83
20:19:33  방향자이로크기:2.01
20:19:33  방향자세cos:0.5785
20:19:33  자기모델잔차:999.00
20:19:33  자기모델반경:0.000
20:19:33  방향채택:0
20:19:33  방향거부:10980
20:19:33  송신:866
20:19:33  GPS위성:7
20:19:33  GPS_HDOP:1.23
20:19:33  원시위도:37.496469
20:19:33  원시경도:126.957609
20:19:33  GPS채택:324
20:19:33  GPS이상치거부:0
20:19:33  GPS품질거부:1
20:19:33  GPS재기준:0
20:19:33  RSSI원시:-68
20:19:33  RSSI평활:-68.7
20:19:33  RSSI샘플:1716
20:19:33  RSSI경과ms:2
20:19:33  차량수신:853
20:19:33  시각ms:95332
20:19:33  IMU시각ms:95320
20:19:33  위험:0
20:19:33  GPS유효:1
20:19:33  위도:37.496471
20:19:33  경도:126.957611
20:19:33  속도:0.102
20:19:33  방향:0.0
20:19:33  GPS원시속도:0.072
20:19:33  GPS원시방향유효:1
20:19:33  GPS원시방향:193.1
20:19:33  가속도:-2.533,2.796,9.036
20:19:33  자이로:-0.740,0.992,1.359
20:19:33  자력계:-42.000,52.950,14.250
20:19:33  IMU방향유효:0
20:19:33  IMU방향:0.0
20:19:33  방향가속도크기:9.79
20:19:33  방향자이로크기:1.84
20:19:33  방향자세cos:0.5802
20:19:33  자기모델잔차:999.00
20:19:33  자기모델반경:0.000
20:19:33  방향채택:0
20:19:33  방향거부:10993
20:19:33  송신:867
20:19:33  GPS위성:7
20:19:33  GPS_HDOP:1.23
20:19:33  원시위도:37.496469
20:19:33  원시경도:126.957609
20:19:33  GPS채택:324
20:19:33  GPS이상치거부:0
20:19:33  GPS품질거부:1
20:19:33  GPS재기준:0
20:19:33  RSSI원시:-74
20:19:33  RSSI평활:-70.1
20:19:33  RSSI샘플:1718
20:19:33  RSSI경과ms:7
20:19:33  차량수신:854
20:19:33  시각ms:95437
20:19:33  IMU시각ms:95425
20:19:33  위험:0
20:19:33  GPS유효:1
20:19:33  위도:37.496471
20:19:33  경도:126.957611
20:19:33  속도:0.075
20:19:33  방향:0.0
20:19:33  GPS원시속도:0.026
20:19:33  GPS원시방향유효:1
20:19:33  GPS원시방향:193.1
20:19:33  가속도:-2.567,2.777,8.988
20:19:33  자이로:-0.557,-1.481,0.290
20:19:33  자력계:-41.700,54.300,14.400
20:19:33  IMU방향유효:0
20:19:33  IMU방향:0.0
20:19:33  방향가속도크기:9.75
20:19:33  방향자이로크기:1.61
20:19:33  방향자세cos:0.5765
20:19:33  자기모델잔차:999.00
20:19:33  자기모델반경:0.000
20:19:33  방향채택:0
20:19:33  방향거부:11006
20:19:33  송신:868
20:19:33  GPS위성:7
20:19:33  GPS_HDOP:1.23
20:19:33  원시위도:37.496468
20:19:33  원시경도:126.957610
20:19:33  GPS채택:325
20:19:33  GPS이상치거부:0
20:19:33  GPS품질거부:1
20:19:33  GPS재기준:0
20:19:33  RSSI원시:-68
20:19:33  RSSI평활:-69.9
20:19:33  RSSI샘플:1720
20:19:33  RSSI경과ms:7
20:19:33  차량수신:855
20:19:33  시각ms:95646
20:19:33  IMU시각ms:95634
20:19:33  위험:0
20:19:33  GPS유효:1
20:19:33  위도:37.496468
20:19:33  경도:126.957611
20:19:33  속도:0.090
20:19:33  방향:0.0
20:19:33  GPS원시속도:0.118
20:19:33  GPS원시방향유효:1
20:19:33  GPS원시방향:193.1
20:19:33  가속도:-2.581,2.744,8.935
20:19:33  자이로:-0.092,-2.389,0.313
20:19:33  자력계:-41.250,54.450,13.500
20:19:33  IMU방향유효:0
20:19:33  IMU방향:0.0
20:19:33  방향가속도크기:9.70
20:19:33  방향자이로크기:2.41
20:19:33  방향자세cos:0.5737
20:19:33  자기모델잔차:999.00
20:19:33  자기모델반경:0.000
20:19:33  방향채택:0
20:19:33  방향거부:11032
20:19:33  송신:870
20:19:33  GPS위성:7
20:19:33  GPS_HDOP:1.23
20:19:33  원시위도:37.496467
20:19:33  원시경도:126.957610
20:19:33  GPS채택:326
20:19:33  GPS이상치거부:0
20:19:33  GPS품질거부:1
20:19:33  GPS재기준:0
20:19:33  RSSI원시:-66
20:19:33  RSSI평활:-68.0
20:19:33  RSSI샘플:1724
20:19:33  RSSI경과ms:2
20:19:33  차량수신:857
20:19:33  시각ms:95750
20:19:33  IMU시각ms:95738
20:19:33  위험:0
20:19:33  GPS유효:1
20:19:33  위도:37.496468
20:19:33  경도:126.957611
20:19:33  속도:0.071
20:19:33  방향:0.0
20:19:33  GPS원시속도:0.036
20:19:33  GPS원시방향유효:1
20:19:33  GPS원시방향:193.1
20:19:33  가속도:-2.682,2.734,8.926
20:19:33  자이로:1.550,-0.847,0.305
20:19:33  자력계:-42.750,53.400,13.050
20:19:33  IMU방향유효:0
20:19:33  IMU방향:0.0
20:19:33  방향가속도크기:9.71
20:19:33  방향자이로크기:1.79
20:19:33  방향자세cos:0.5656
20:19:33  자기모델잔차:999.00
20:19:33  자기모델반경:0.000
20:19:33  방향채택:0
20:19:33  방향거부:11045
20:19:33  송신:871
20:19:33  GPS위성:7
20:19:33  GPS_HDOP:1.23
20:19:33  원시위도:37.496465
20:19:33  원시경도:126.957610
20:19:33  GPS채택:327
20:19:33  GPS이상치거부:0
20:19:33  GPS품질거부:1
20:19:33  GPS재기준:0
20:19:33  RSSI원시:-68
20:19:33  RSSI평활:-67.8
20:19:33  RSSI샘플:1726
20:19:33  RSSI경과ms:1
20:19:33  차량수신:858
20:19:33  시각ms:95959
20:19:33  IMU시각ms:95947
20:19:33  위험:0
20:19:33  GPS유효:1
20:19:33  위도:37.496468
20:19:33  경도:126.957611
20:19:33  속도:0.059
20:19:33  방향:0.0
20:19:33  GPS원시속도:0.036
20:19:33  GPS원시방향유효:1
20:19:33  GPS원시방향:193.1
20:19:33  가속도:-2.600,2.744,9.026
20:19:33  자이로:-0.038,1.481,-2.847
20:19:33  자력계:-43.500,54.150,13.500
20:19:33  IMU방향유효:0
20:19:33  IMU방향:0.0
20:19:33  방향가속도크기:9.79
20:19:33  방향자이로크기:3.21
20:19:33  방향자세cos:0.5732
20:19:33  자기모델잔차:999.00
20:19:33  자기모델반경:0.000
20:19:33  방향채택:0
20:19:33  방향거부:11071
20:19:33  송신:873
20:19:33  GPS위성:7
20:19:33  GPS_HDOP:1.23
20:19:33  원시위도:37.496464
20:19:33  원시경도:126.957610
20:19:33  GPS채택:328
20:19:33  GPS이상치거부:0
20:19:33  GPS품질거부:1
20:19:33  GPS재기준:0
20:19:33  RSSI원시:-68
20:19:33  RSSI평활:-68.2
20:19:33  RSSI샘플:1730
20:19:33  RSSI경과ms:7
20:19:33  차량수신:860
20:19:34  시각ms:96064
20:19:34  IMU시각ms:96052
20:19:34  위험:0
20:19:34  GPS유효:1
20:19:34  위도:37.496468
20:19:34  경도:126.957611
20:19:34  속도:0.059
20:19:34  방향:0.0
20:19:34  GPS원시속도:0.036
20:19:34  GPS원시방향유효:1
20:19:34  GPS원시방향:193.1
20:19:34  가속도:-2.667,2.710,8.887
20:19:34  자이로:0.260,-2.702,-1.458
20:19:34  자력계:-42.150,53.100,13.950
20:19:34  IMU방향유효:0
20:19:34  IMU방향:0.0
20:19:34  방향가속도크기:9.67
20:19:34  방향자이로크기:3.08
20:19:34  방향자세cos:0.5654
20:19:34  자기모델잔차:999.00
20:19:34  자기모델반경:0.000
20:19:34  방향채택:0
20:19:34  방향거부:11084
20:19:34  송신:874
20:19:34  GPS위성:7
20:19:34  GPS_HDOP:1.23
20:19:34  원시위도:37.496464
20:19:34  원시경도:126.957610
20:19:34  GPS채택:328
20:19:34  GPS이상치거부:0
20:19:34  GPS품질거부:1
20:19:34  GPS재기준:0
20:19:34  RSSI원시:-69
20:19:34  RSSI평활:-68.6
20:19:34  RSSI샘플:1732
20:19:34  RSSI경과ms:7
20:19:34  차량수신:861
20:19:34  시각ms:96273
20:19:34  IMU시각ms:96261
20:19:34  위험:0
20:19:34  GPS유효:1
20:19:34  위도:37.496464
20:19:34  경도:126.957611
20:19:34  속도:0.074
20:19:34  방향:0.0
20:19:34  GPS원시속도:0.103
20:19:34  GPS원시방향유효:1
20:19:34  GPS원시방향:193.1
20:19:34  가속도:-2.528,2.744,9.055
20:19:34  자이로:-3.237,-0.366,0.168
20:19:34  자력계:-41.400,53.550,13.650
20:19:34  IMU방향유효:0
20:19:34  IMU방향:0.0
20:19:34  방향가속도크기:9.79
20:19:34  방향자이로크기:3.26
20:19:34  방향자세cos:0.5789
20:19:34  자기모델잔차:999.00
20:19:34  자기모델반경:0.000
20:19:34  방향채택:0
20:19:34  방향거부:11110
20:19:34  송신:876
20:19:34  GPS위성:7
20:19:34  GPS_HDOP:1.23
20:19:34  원시위도:37.496463
20:19:34  원시경도:126.957611
20:19:34  GPS채택:329
20:19:34  GPS이상치거부:0
20:19:34  GPS품질거부:1
20:19:34  GPS재기준:0
20:19:34  RSSI원시:-67
20:19:34  RSSI평활:-67.5
20:19:34  RSSI샘플:1735
20:19:34  RSSI경과ms:67
20:19:34  차량수신:863
20:19:34  시각ms:96377
20:19:34  IMU시각ms:96365
20:19:34  위험:0
20:19:34  GPS유효:1
20:19:34  위도:37.496464
20:19:34  경도:126.957611
20:19:34  속도:0.061
20:19:34  방향:0.0
20:19:34  GPS원시속도:0.036
20:19:34  GPS원시방향유효:1
20:19:34  GPS원시방향:193.1
20:19:34  가속도:-2.586,2.768,8.926
20:19:34  자이로:-0.321,-0.389,-1.565
20:19:34  자력계:-41.550,52.950,13.500
20:19:34  IMU방향유효:0
20:19:34  IMU방향:0.0
20:19:34  방향가속도크기:9.70
20:19:34  방향자이로크기:1.64
20:19:34  방향자세cos:0.5740
20:19:34  자기모델잔차:999.00
20:19:34  자기모델반경:0.000
20:19:34  방향채택:0
20:19:34  방향거부:11123
20:19:34  송신:877
20:19:34  GPS위성:7
20:19:34  GPS_HDOP:1.23
20:19:34  원시위도:37.496462
20:19:34  원시경도:126.957611
20:19:34  GPS채택:330
20:19:34  GPS이상치거부:0
20:19:34  GPS품질거부:1
20:19:34  GPS재기준:0
20:19:34  RSSI원시:-69
20:19:34  RSSI평활:-67.9
20:19:34  RSSI샘플:1737
20:19:34  RSSI경과ms:66
20:19:34  차량수신:864
20:19:34  시각ms:96482
20:19:34  IMU시각ms:96470
20:19:34  위험:0
20:19:34  GPS유효:1
20:19:34  위도:37.496464
20:19:34  경도:126.957611
20:19:34  속도:0.061
20:19:34  방향:0.0
20:19:34  GPS원시속도:0.036
20:19:34  GPS원시방향유효:1
20:19:34  GPS원시방향:193.1
20:19:34  가속도:-2.567,2.854,9.055
20:19:34  자이로:-1.588,-1.122,-0.168
20:19:34  자력계:-42.900,53.550,13.650
20:19:34  IMU방향유효:0
20:19:34  IMU방향:0.0
20:19:34  방향가속도크기:9.83
20:19:34  방향자이로크기:1.95
20:19:34  방향자세cos:0.5799
20:19:34  자기모델잔차:999.00
20:19:34  자기모델반경:0.000
20:19:34  방향채택:0
20:19:34  방향거부:11136
20:19:34  송신:878
20:19:34  GPS위성:7
20:19:34  GPS_HDOP:1.23
20:19:34  원시위도:37.496462
20:19:34  원시경도:126.957611
20:19:34  GPS채택:330
20:19:34  GPS이상치거부:0
20:19:34  GPS품질거부:1
20:19:34  GPS재기준:0
20:19:34  RSSI원시:-68
20:19:34  RSSI평활:-68.1
20:19:34  RSSI샘플:1739
20:19:34  RSSI경과ms:71
20:19:34  차량수신:865
20:19:34  시각ms:96587
20:19:34  IMU시각ms:96575
20:19:34  위험:0
20:19:34  GPS유효:1
20:19:34  위도:37.496464
20:19:34  경도:126.957611
20:19:34  속도:0.059
20:19:34  방향:0.0
20:19:34  GPS원시속도:0.057
20:19:34  GPS원시방향유효:1
20:19:34  GPS원시방향:193.1
20:19:34  가속도:-2.619,2.782,8.997
20:19:34  자이로:-0.115,-2.305,1.786
20:19:34  자력계:-42.450,55.500,14.400
20:19:34  IMU방향유효:0
20:19:34  IMU방향:0.0
20:19:34  방향가속도크기:9.78
20:19:34  방향자이로크기:2.92
20:19:34  방향자세cos:0.5728
20:19:34  자기모델잔차:999.00
20:19:34  자기모델반경:0.000
20:19:34  방향채택:0
20:19:34  방향거부:11149
20:19:34  송신:879
20:19:34  GPS위성:7
20:19:34  GPS_HDOP:1.23
20:19:34  원시위도:37.496462
20:19:34  원시경도:126.957611
20:19:34  GPS채택:331
20:19:34  GPS이상치거부:0
20:19:34  GPS품질거부:1
20:19:34  GPS재기준:0
20:19:34  RSSI원시:-70
20:19:34  RSSI평활:-68.5
20:19:34  RSSI샘플:1740
20:19:34  RSSI경과ms:101
20:19:34  차량수신:865
20:19:34  시각ms:96692
20:19:34  IMU시각ms:96680
20:19:34  위험:0
20:19:34  GPS유효:1
20:19:34  위도:37.496464
20:19:34  경도:126.957611
20:19:34  속도:0.059
20:19:34  방향:0.0
20:19:34  GPS원시속도:0.057
20:19:34  GPS원시방향유효:1
20:19:34  GPS원시방향:193.1
20:19:34  가속도:-2.576,2.811,9.060
20:19:34  자이로:-0.405,-0.198,-0.069
20:19:34  자력계:-42.150,54.750,14.400
20:19:34  IMU방향유효:0
20:19:34  IMU방향:0.0
20:19:34  방향가속도크기:9.83
20:19:34  방향자이로크기:0.46
20:19:34  방향자세cos:0.5777
20:19:34  자기모델잔차:999.00
20:19:34  자기모델반경:0.000
20:19:34  방향채택:0
20:19:34  방향거부:11162
20:19:34  송신:880
20:19:34  GPS위성:7
20:19:34  GPS_HDOP:1.23
20:19:34  원시위도:37.496462
20:19:34  원시경도:126.957611
20:19:34  GPS채택:331
20:19:34  GPS이상치거부:0
20:19:34  GPS품질거부:1
20:19:34  GPS재기준:0
20:19:34  RSSI원시:-66
20:19:34  RSSI평활:-68.3
20:19:34  RSSI샘플:1743
20:19:34  RSSI경과ms:0
20:19:34  차량수신:866
20:19:34  시각ms:96796
20:19:34  IMU시각ms:96784
20:19:34  위험:0
20:19:34  GPS유효:1
20:19:34  위도:37.496464
20:19:34  경도:126.957611
20:19:34  속도:0.051
20:19:34  방향:0.0
20:19:34  GPS원시속도:0.036
20:19:34  GPS원시방향유효:1
20:19:34  GPS원시방향:193.1
20:19:34  가속도:-2.629,2.830,9.036
20:19:34  자이로:0.099,0.130,-1.290
20:19:34  자력계:-42.750,54.150,14.550
20:19:34  IMU방향유효:0
20:19:34  IMU방향:0.0
20:19:34  방향가속도크기:9.83
20:19:34  방향자이로크기:1.30
20:19:34  방향자세cos:0.5742
20:19:34  자기모델잔차:999.00
20:19:34  자기모델반경:0.000
20:19:34  방향채택:0
20:19:34  방향거부:11175
20:19:34  송신:881
20:19:34  GPS위성:7
20:19:34  GPS_HDOP:1.23
20:19:34  원시위도:37.496461
20:19:34  원시경도:126.957611
20:19:34  GPS채택:332
20:19:34  GPS이상치거부:0
20:19:34  GPS품질거부:1
20:19:34  GPS재기준:0
20:19:34  RSSI원시:-68
20:19:34  RSSI평활:-68.0
20:19:34  RSSI샘플:1745
20:19:34  RSSI경과ms:2
20:19:34  차량수신:867
20:19:34  시각ms:96901
20:19:34  IMU시각ms:96889
20:19:34  위험:0
20:19:34  GPS유효:1
20:19:34  위도:37.496464
20:19:34  경도:126.957611
20:19:34  속도:0.051
20:19:34  방향:0.0
20:19:34  GPS원시속도:0.036
20:19:34  GPS원시방향유효:1
20:19:34  GPS원시방향:193.1
20:19:34  가속도:-2.538,2.734,9.002
20:19:34  자이로:0.939,-0.046,1.168
20:19:34  자력계:-42.300,54.450,13.500
20:19:34  IMU방향유효:0
20:19:34  IMU방향:0.0
20:19:34  방향가속도크기:9.74
20:19:34  방향자이로크기:1.50
20:19:34  방향자세cos:0.5773
20:19:34  자기모델잔차:999.00
20:19:34  자기모델반경:0.000
20:19:34  방향채택:0
20:19:34  방향거부:11188
20:19:34  송신:882
20:19:34  GPS위성:7
20:19:34  GPS_HDOP:1.23
20:19:34  원시위도:37.496461
20:19:34  원시경도:126.957611
20:19:34  GPS채택:332
20:19:34  GPS이상치거부:0
20:19:34  GPS품질거부:1
20:19:34  GPS재기준:0
20:19:34  RSSI원시:-69
20:19:34  RSSI평활:-68.0
20:19:34  RSSI샘플:1747
20:19:34  RSSI경과ms:3
20:19:34  차량수신:868
20:19:35  시각ms:97006
20:19:35  IMU시각ms:96994
20:19:35  위험:0
20:19:35  GPS유효:1
20:19:35  위도:37.496460
20:19:35  경도:126.957611
20:19:35  속도:0.042
20:19:35  방향:0.0
20:19:35  GPS원시속도:0.026
20:19:35  GPS원시방향유효:1
20:19:35  GPS원시방향:193.1
20:19:35  가속도:-2.653,2.782,9.017
20:19:35  자이로:-2.031,-1.000,1.275
20:19:35  자력계:-41.400,54.000,13.200
20:19:35  IMU방향유효:0
20:19:35  IMU방향:0.0
20:19:35  방향가속도크기:9.80
20:19:35  방향자이로크기:2.60
20:19:35  방향자세cos:0.5705
20:19:35  자기모델잔차:999.00
20:19:35  자기모델반경:0.000
20:19:35  방향채택:0
20:19:35  방향거부:11201
20:19:35  송신:883
20:19:35  GPS위성:7
20:19:35  GPS_HDOP:1.23
20:19:35  원시위도:37.496460
20:19:35  원시경도:126.957612
20:19:35  GPS채택:333
20:19:35  GPS이상치거부:0
20:19:35  GPS품질거부:1
20:19:35  GPS재기준:0
20:19:35  RSSI원시:-65
20:19:35  RSSI평활:-67.7
20:19:35  RSSI샘플:1749
20:19:35  RSSI경과ms:2
20:19:35  차량수신:869
20:19:35  시각ms:97319
20:19:35  IMU시각ms:97307
20:19:35  위험:0
20:19:35  GPS유효:1
20:19:35  위도:37.496460
20:19:35  경도:126.957611
20:19:35  속도:0.031
20:19:35  방향:0.0
20:19:35  GPS원시속도:0.010
20:19:35  GPS원시방향유효:1
20:19:35  GPS원시방향:193.1
20:19:35  가속도:-2.519,2.863,8.868
20:19:35  자이로:1.809,-1.038,-0.031
20:19:35  자력계:-42.900,53.100,13.950
20:19:35  IMU방향유효:0
20:19:35  IMU방향:0.0
20:19:35  방향가속도크기:9.65
20:19:35  방향자이로크기:2.09
20:19:35  방향자세cos:0.5819
20:19:35  자기모델잔차:999.00
20:19:35  자기모델반경:0.000
20:19:35  방향채택:0
20:19:35  방향거부:11240
20:19:35  송신:886
20:19:35  GPS위성:7
20:19:35  GPS_HDOP:1.23
20:19:35  원시위도:37.496459
20:19:35  원시경도:126.957612
20:19:35  GPS채택:334
20:19:35  GPS이상치거부:0
20:19:35  GPS품질거부:1
20:19:35  GPS재기준:0
20:19:35  RSSI원시:-64
20:19:35  RSSI평활:-67.3
20:19:35  RSSI샘플:1755
20:19:35  RSSI경과ms:5
20:19:35  차량수신:872
20:19:35  시각ms:97528
20:19:35  IMU시각ms:97516
20:19:35  위험:0
20:19:35  GPS유효:1
20:19:35  위도:37.496460
20:19:35  경도:126.957611
20:19:35  속도:0.040
20:19:35  방향:0.0
20:19:35  GPS원시속도:0.057
20:19:35  GPS원시방향유효:1
20:19:35  GPS원시방향:193.1
20:19:35  가속도:-2.538,2.873,8.993
20:19:35  자이로:0.656,-2.496,-1.450
20:19:35  자력계:-41.550,54.450,14.250
20:19:35  IMU방향유효:0
20:19:35  IMU방향:0.0
20:19:35  방향가속도크기:9.78
20:19:35  방향자이로크기:2.96
20:19:35  방향자세cos:0.5821
20:19:35  자기모델잔차:999.00
20:19:35  자기모델반경:0.000
20:19:35  방향채택:0
20:19:35  방향거부:11266
20:19:35  송신:888
20:19:35  GPS위성:7
20:19:35  GPS_HDOP:1.23
20:19:35  원시위도:37.496458
20:19:35  원시경도:126.957612
20:19:35  GPS채택:335
20:19:35  GPS이상치거부:0
20:19:35  GPS품질거부:1
20:19:35  GPS재기준:0
20:19:35  RSSI원시:-70
20:19:35  RSSI평활:-68.4
20:19:35  RSSI샘플:1759
20:19:35  RSSI경과ms:4
20:19:35  차량수신:874
20:19:35  시각ms:97633
20:19:35  IMU시각ms:97621
20:19:35  위험:0
20:19:35  GPS유효:1
20:19:35  위도:37.496460
20:19:35  경도:126.957611
20:19:35  속도:0.033
20:19:35  방향:0.0
20:19:35  GPS원시속도:0.021
20:19:35  GPS원시방향유효:1
20:19:35  GPS원시방향:193.1
20:19:35  가속도:-2.509,2.849,8.878
20:19:35  자이로:0.252,-0.786,0.298
20:19:35  자력계:-41.700,55.050,13.650
20:19:35  IMU방향유효:0
20:19:35  IMU방향:0.0
20:19:35  방향가속도크기:9.66
20:19:35  방향자이로크기:0.88
20:19:35  방향자세cos:0.5822
20:19:35  자기모델잔차:999.00
20:19:35  자기모델반경:0.000
20:19:35  방향채택:0
20:19:35  방향거부:11279
20:19:35  송신:889
20:19:35  GPS위성:7
20:19:35  GPS_HDOP:1.23
20:19:35  원시위도:37.496457
20:19:35  원시경도:126.957613
20:19:35  GPS채택:336
20:19:35  GPS이상치거부:0
20:19:35  GPS품질거부:1
20:19:35  GPS재기준:0
20:19:35  RSSI원시:-68
20:19:35  RSSI평활:-69.2
20:19:35  RSSI샘플:1761
20:19:35  RSSI경과ms:4
20:19:35  차량수신:875
20:19:35  시각ms:97842
20:19:35  IMU시각ms:97830
20:19:35  위험:0
20:19:35  GPS유효:1
20:19:35  위도:37.496456
20:19:35  경도:126.957611
20:19:35  속도:0.056
20:19:35  방향:0.0
20:19:35  GPS원시속도:0.098
20:19:35  GPS원시방향유효:1
20:19:35  GPS원시방향:193.1
20:19:35  가속도:-2.562,2.816,8.926
20:19:35  자이로:0.321,-0.504,-3.069
20:19:35  자력계:-40.500,54.900,14.850
20:19:35  IMU방향유효:0
20:19:35  IMU방향:0.0
20:19:35  방향가속도크기:9.70
20:19:35  방향자이로크기:3.13
20:19:35  방향자세cos:0.5776
20:19:35  자기모델잔차:999.00
20:19:35  자기모델반경:0.000
20:19:35  방향채택:0
20:19:35  방향거부:11305
20:19:35  송신:891
20:19:35  GPS위성:7
20:19:35  GPS_HDOP:1.23
20:19:35  원시위도:37.496457
20:19:35  원시경도:126.957613
20:19:35  GPS채택:337
20:19:35  GPS이상치거부:0
20:19:35  GPS품질거부:1
20:19:35  GPS재기준:0
20:19:35  RSSI원시:-69
20:19:35  RSSI평활:-68.6
20:19:35  RSSI샘플:1765
20:19:35  RSSI경과ms:2
20:19:35  차량수신:877
20:19:35  시각ms:97946
20:19:35  IMU시각ms:97934
20:19:35  위험:0
20:19:35  GPS유효:1
20:19:35  위도:37.496456
20:19:35  경도:126.957611
20:19:35  속도:0.096
20:19:35  방향:0.0
20:19:35  GPS원시속도:0.170
20:19:35  GPS원시방향유효:1
20:19:35  GPS원시방향:193.1
20:19:35  가속도:-2.677,2.753,9.041
20:19:35  자이로:0.405,-2.511,-1.313
20:19:35  자력계:-40.800,53.700,12.750
20:19:35  IMU방향유효:0
20:19:35  IMU방향:0.0
20:19:35  방향가속도크기:9.82
20:19:35  방향자이로크기:2.86
20:19:35  방향자세cos:0.5680
20:19:35  자기모델잔차:999.00
20:19:35  자기모델반경:0.000
20:19:35  방향채택:0
20:19:35  방향거부:11318
20:19:35  송신:892
20:19:35  GPS위성:7
20:19:35  GPS_HDOP:1.23
20:19:35  원시위도:37.496456
20:19:35  원시경도:126.957614
20:19:35  GPS채택:338
20:19:35  GPS이상치거부:0
20:19:35  GPS품질거부:1
20:19:35  GPS재기준:0
20:19:35  RSSI원시:-68
20:19:35  RSSI평활:-68.6
20:19:35  RSSI샘플:1767
20:19:35  RSSI경과ms:1
20:19:35  차량수신:878
20:19:36  시각ms:98155
20:19:36  IMU시각ms:98143
20:19:36  위험:0
20:19:36  GPS유효:1
20:19:36  위도:37.496456
20:19:36  경도:126.957611
20:19:36  속도:0.141
20:19:36  방향:0.0
20:19:36  GPS원시속도:0.226
20:19:36  GPS원시방향유효:1
20:19:36  GPS원시방향:193.1
20:19:36  가속도:-2.672,2.801,8.993
20:19:36  자이로:0.351,-2.191,-1.870
20:19:36  자력계:-42.750,55.650,13.500
20:19:36  IMU방향유효:0
20:19:36  IMU방향:0.0
20:19:36  방향가속도크기:9.79
20:19:36  방향자이로크기:2.90
20:19:36  방향자세cos:0.5695
20:19:36  자기모델잔차:999.00
20:19:36  자기모델반경:0.000
20:19:36  방향채택:0
20:19:36  방향거부:11344
20:19:36  송신:894
20:19:36  GPS위성:7
20:19:36  GPS_HDOP:1.23
20:19:36  원시위도:37.496456
20:19:36  원시경도:126.957615
20:19:36  GPS채택:339
20:19:36  GPS이상치거부:0
20:19:36  GPS품질거부:1
20:19:36  GPS재기준:0
20:19:36  RSSI원시:-66
20:19:36  RSSI평활:-67.6
20:19:36  RSSI샘플:1771
20:19:36  RSSI경과ms:3
20:19:36  차량수신:880
20:19:36  시각ms:98469
20:19:36  IMU시각ms:98457
20:19:36  위험:0
20:19:36  GPS유효:1
20:19:36  위도:37.496456
20:19:36  경도:126.957611
20:19:36  속도:0.164
20:19:36  방향:0.0
20:19:36  GPS원시속도:0.206
20:19:36  GPS원시방향유효:1
20:19:36  GPS원시방향:193.1
20:19:36  가속도:-2.461,2.758,9.031
20:19:36  자이로:-0.855,-3.252,2.000
20:19:36  자력계:-41.250,52.950,14.250
20:19:36  IMU방향유효:0
20:19:36  IMU방향:0.0
20:19:36  방향가속도크기:9.76
20:19:36  방향자이로크기:3.91
20:19:36  방향자세cos:0.5842
20:19:36  자기모델잔차:999.00
20:19:36  자기모델반경:0.000
20:19:36  방향채택:0
20:19:36  방향거부:11383
20:19:36  송신:897
20:19:36  GPS위성:7
20:19:36  GPS_HDOP:1.23
20:19:36  원시위도:37.496455
20:19:36  원시경도:126.957616
20:19:36  GPS채택:340
20:19:36  GPS이상치거부:0
20:19:36  GPS품질거부:1
20:19:36  GPS재기준:0
20:19:36  RSSI원시:-67
20:19:36  RSSI평활:-67.0
20:19:36  RSSI샘플:1777
20:19:36  RSSI경과ms:3
20:19:36  차량수신:883
20:19:36  시각ms:98678
20:19:36  IMU시각ms:98666
20:19:36  위험:0
20:19:36  GPS유효:1
20:19:36  위도:37.496456
20:19:36  경도:126.957619
20:19:36  속도:0.152
20:19:36  방향:0.0
20:19:36  GPS원시속도:0.129
20:19:36  GPS원시방향유효:1
20:19:36  GPS원시방향:193.1
20:19:36  가속도:-2.480,2.796,9.031
20:19:36  자이로:-2.511,-0.504,-0.466
20:19:36  자력계:-42.000,53.700,14.250
20:19:36  IMU방향유효:0
20:19:36  IMU방향:0.0
20:19:36  방향가속도크기:9.77
20:19:36  방향자이로크기:2.60
20:19:36  방향자세cos:0.5841
20:19:36  자기모델잔차:999.00
20:19:36  자기모델반경:0.000
20:19:36  방향채택:0
20:19:36  방향거부:11409
20:19:36  송신:899
20:19:36  GPS위성:7
20:19:36  GPS_HDOP:1.23
20:19:36  원시위도:37.496454
20:19:36  원시경도:126.957616
20:19:36  GPS채택:341
20:19:36  GPS이상치거부:0
20:19:36  GPS품질거부:1
20:19:36  GPS재기준:0
20:19:36  RSSI원시:-66
20:19:36  RSSI평활:-66.6
20:19:36  RSSI샘플:1780
20:19:36  RSSI경과ms:54
20:19:36  차량수신:885
20:19:36  시각ms:98783
20:19:36  IMU시각ms:98771
20:19:36  위험:0
20:19:36  GPS유효:1
20:19:36  위도:37.496456
20:19:36  경도:126.957619
20:19:36  속도:0.136
20:19:36  방향:0.0
20:19:36  GPS원시속도:0.108
20:19:36  GPS원시방향유효:1
20:19:36  GPS원시방향:193.1
20:19:36  가속도:-2.653,2.662,8.954
20:19:36  자이로:-0.122,0.840,0.664
20:19:36  자력계:-41.550,53.400,14.550
20:19:36  IMU방향유효:0
20:19:36  IMU방향:0.0
20:19:36  방향가속도크기:9.71
20:19:36  방향자이로크기:1.08
20:19:36  방향자세cos:0.5655
20:19:36  자기모델잔차:999.00
20:19:36  자기모델반경:0.000
20:19:36  방향채택:0
20:19:36  방향거부:11422
20:19:36  송신:900
20:19:36  GPS위성:7
20:19:36  GPS_HDOP:1.23
20:19:36  원시위도:37.496454
20:19:36  원시경도:126.957616
20:19:36  GPS채택:342
20:19:36  GPS이상치거부:0
20:19:36  GPS품질거부:1
20:19:36  GPS재기준:0
20:19:36  RSSI원시:-67
20:19:36  RSSI평활:-66.7
20:19:36  RSSI샘플:1783
20:19:36  RSSI경과ms:1
20:19:36  차량수신:886
20:19:36  시각ms:98888
20:19:36  IMU시각ms:98876
20:19:36  위험:0
20:19:36  GPS유효:1
20:19:36  위도:37.496456
20:19:36  경도:126.957619
20:19:36  속도:0.136
20:19:36  방향:0.0
20:19:36  GPS원시속도:0.108
20:19:36  GPS원시방향유효:1
20:19:36  GPS원시방향:193.1
20:19:36  가속도:-2.610,2.926,9.055
20:19:36  자이로:-3.443,-0.344,-0.145
20:19:36  자력계:-40.200,52.800,14.700
20:19:36  IMU방향유효:0
20:19:36  IMU방향:0.0
20:19:36  방향가속도크기:9.87
20:19:36  방향자이로크기:3.46
20:19:36  방향자세cos:0.5791
20:19:36  자기모델잔차:999.00
20:19:36  자기모델반경:0.000
20:19:36  방향채택:0
20:19:36  방향거부:11435
20:19:36  송신:901
20:19:36  GPS위성:7
20:19:36  GPS_HDOP:1.23
20:19:36  원시위도:37.496454
20:19:36  원시경도:126.957616
20:19:36  GPS채택:342
20:19:36  GPS이상치거부:0
20:19:36  GPS품질거부:1
20:19:36  GPS재기준:0
20:19:36  RSSI원시:-67
20:19:36  RSSI평활:-66.7
20:19:36  RSSI샘플:1784
20:19:36  RSSI경과ms:52
20:19:36  차량수신:887
20:19:37  시각ms:98993
20:19:37  IMU시각ms:98981
20:19:37  위험:0
20:19:37  GPS유효:1
20:19:37  위도:37.496452
20:19:37  경도:126.957619
20:19:37  속도:0.134
20:19:37  방향:0.0
20:19:37  GPS원시속도:0.129
20:19:37  GPS원시방향유효:1
20:19:37  GPS원시방향:193.1
20:19:37  가속도:-2.634,2.873,8.930
20:19:37  자이로:-1.588,-0.740,-0.092
20:19:37  자력계:-43.050,54.900,13.800
20:19:37  IMU방향유효:0
20:19:37  IMU방향:0.0
20:19:37  방향가속도크기:9.74
20:19:37  방향자이로크기:1.75
20:19:37  방향자세cos:0.5742
20:19:37  자기모델잔차:999.00
20:19:37  자기모델반경:0.000
20:19:37  방향채택:0
20:19:37  방향거부:11448
20:19:37  송신:902
20:19:37  GPS위성:7
20:19:37  GPS_HDOP:1.23
20:19:37  원시위도:37.496454
20:19:37  원시경도:126.957617
20:19:37  GPS채택:343
20:19:37  GPS이상치거부:0
20:19:37  GPS품질거부:1
20:19:37  GPS재기준:0
20:19:37  RSSI원시:-68
20:19:37  RSSI평활:-67.2
20:19:37  RSSI샘플:1786
20:19:37  RSSI경과ms:52
20:19:37  차량수신:888
20:19:37  시각ms:99098
20:19:37  IMU시각ms:99086
20:19:37  위험:0
20:19:37  GPS유효:1
20:19:37  위도:37.496452
20:19:37  경도:126.957619
20:19:37  속도:0.134
20:19:37  방향:0.0
20:19:37  GPS원시속도:0.129
20:19:37  GPS원시방향유효:1
20:19:37  GPS원시방향:193.1
20:19:37  가속도:-2.428,2.854,9.007
20:19:37  자이로:0.153,0.137,-1.481
20:19:37  자력계:-40.950,54.000,14.400
20:19:37  IMU방향유효:0
20:19:37  IMU방향:0.0
20:19:37  방향가속도크기:9.76
20:19:37  방향자이로크기:1.50
20:19:37  방향자세cos:0.5898
20:19:37  자기모델잔차:999.00
20:19:37  자기모델반경:0.000
20:19:37  방향채택:0
20:19:37  방향거부:11461
20:19:37  송신:903
20:19:37  GPS위성:7
20:19:37  GPS_HDOP:1.23
20:19:37  원시위도:37.496454
20:19:37  원시경도:126.957617
20:19:37  GPS채택:343
20:19:37  GPS이상치거부:0
20:19:37  GPS품질거부:1
20:19:37  GPS재기준:0
20:19:37  RSSI원시:-67
20:19:37  RSSI평활:-67.1
20:19:37  RSSI샘플:1788
20:19:37  RSSI경과ms:51
20:19:37  차량수신:889
20:19:37  시각ms:99413
20:19:37  IMU시각ms:99401
20:19:37  위험:0
20:19:37  GPS유효:1
20:19:37  위도:37.496452
20:19:37  경도:126.957619
20:19:37  속도:0.164
20:19:37  방향:0.0
20:19:37  GPS원시속도:0.206
20:19:37  GPS원시방향유효:1
20:19:37  GPS원시방향:193.1
20:19:37  가속도:-2.528,2.772,8.844
20:19:37  자이로:0.008,-1.252,0.664
20:19:37  자력계:-40.650,54.000,13.950
20:19:37  IMU방향유효:0
20:19:37  IMU방향:0.0
20:19:37  방향가속도크기:9.61
20:19:37  방향자이로크기:1.42
20:19:37  방향자세cos:0.5777
20:19:37  자기모델잔차:999.00
20:19:37  자기모델반경:0.000
20:19:37  방향채택:0
20:19:37  방향거부:11500
20:19:37  송신:906
20:19:37  GPS위성:7
20:19:37  GPS_HDOP:1.23
20:19:37  원시위도:37.496453
20:19:37  원시경도:126.957618
20:19:37  GPS채택:345
20:19:37  GPS이상치거부:0
20:19:37  GPS품질거부:1
20:19:37  GPS재기준:0
20:19:37  RSSI원시:-67
20:19:37  RSSI평활:-67.6
20:19:37  RSSI샘플:1794
20:19:37  RSSI경과ms:51
20:19:37  차량수신:892
20:19:37  시각ms:99622
20:19:37  IMU시각ms:99610
20:19:37  위험:0
20:19:37  GPS유효:1
20:19:37  위도:37.496452
20:19:37  경도:126.957619
20:19:37  속도:0.195
20:19:37  방향:0.0
20:19:37  GPS원시속도:0.252
20:19:37  GPS원시방향유효:1
20:19:37  GPS원시방향:193.1
20:19:37  가속도:-2.557,2.849,8.954
20:19:37  자이로:-1.298,-1.267,0.420
20:19:37  자력계:-41.400,52.350,14.400
20:19:37  IMU방향유효:0
20:19:37  IMU방향:0.0
20:19:37  방향가속도크기:9.74
20:19:37  방향자이로크기:1.86
20:19:37  방향자세cos:0.5794
20:19:37  자기모델잔차:999.00
20:19:37  자기모델반경:0.000
20:19:37  방향채택:0
20:19:37  방향거부:11526
20:19:37  송신:908
20:19:37  GPS위성:7
20:19:37  GPS_HDOP:1.23
20:19:37  원시위도:37.496452
20:19:37  원시경도:126.957619
20:19:37  GPS채택:346
20:19:37  GPS이상치거부:0
20:19:37  GPS품질거부:1
20:19:37  GPS재기준:0
20:19:37  RSSI원시:-67
20:19:37  RSSI평활:-67.1
20:19:37  RSSI샘플:1799
20:19:37  RSSI경과ms:4
20:19:37  차량수신:894
20:19:37  시각ms:99726
20:19:37  IMU시각ms:99714
20:19:37  위험:0
20:19:37  GPS유효:1
20:19:37  위도:37.496452
20:19:37  경도:126.957619
20:19:37  속도:0.195
20:19:37  방향:0.0
20:19:37  GPS원시속도:0.252
20:19:37  GPS원시방향유효:1
20:19:37  GPS원시방향:193.1
20:19:37  가속도:-2.485,2.883,8.868
20:19:37  자이로:0.275,-1.725,-0.664
20:19:37  자력계:-42.300,55.350,13.800
20:19:37  IMU방향유효:0
20:19:37  IMU방향:0.0
20:19:37  방향가속도크기:9.65
20:19:37  방향자이로크기:1.87
20:19:37  방향자세cos:0.5851
20:19:37  자기모델잔차:999.00
20:19:37  자기모델반경:0.000
20:19:37  방향채택:0
20:19:37  방향거부:11539
20:19:37  송신:909
20:19:37  GPS위성:7
20:19:37  GPS_HDOP:1.23
20:19:37  원시위도:37.496452
20:19:37  원시경도:126.957619
20:19:37  GPS채택:346
20:19:37  GPS이상치거부:0
20:19:37  GPS품질거부:1
20:19:37  GPS재기준:0
20:19:37  RSSI원시:-69
20:19:37  RSSI평활:-67.8
20:19:37  RSSI샘플:1801
20:19:37  RSSI경과ms:5
20:19:37  차량수신:895
20:19:37  시각ms:99831
20:19:37  IMU시각ms:99819
20:19:37  위험:0
20:19:37  GPS유효:1
20:19:37  위도:37.496452
20:19:37  경도:126.957619
20:19:37  속도:0.224
20:19:37  방향:0.0
20:19:37  GPS원시속도:0.278
20:19:37  GPS원시방향유효:1
20:19:37  GPS원시방향:193.1
20:19:37  가속도:-2.643,2.753,8.988
20:19:37  자이로:0.099,-2.557,0.427
20:19:37  자력계:-40.050,55.350,13.500
20:19:37  IMU방향유효:0
20:19:37  IMU방향:0.0
20:19:37  방향가속도크기:9.76
20:19:37  방향자이로크기:2.59
20:19:37  방향자세cos:0.5699
20:19:37  자기모델잔차:999.00
20:19:37  자기모델반경:0.000
20:19:37  방향채택:0
20:19:37  방향거부:11552
20:19:37  송신:910
20:19:37  GPS위성:7
20:19:37  GPS_HDOP:1.23
20:19:37  원시위도:37.496452
20:19:37  원시경도:126.957620
20:19:37  GPS채택:347
20:19:37  GPS이상치거부:0
20:19:37  GPS품질거부:1
20:19:37  GPS재기준:0
20:19:37  RSSI원시:-63
20:19:37  RSSI평활:-66.6
20:19:37  RSSI샘플:1803
20:19:37  RSSI경과ms:5
20:19:37  차량수신:896
20:19:37  시각ms:99935
20:19:37  IMU시각ms:99923
20:19:37  위험:0
20:19:37  GPS유효:1
20:19:37  위도:37.496452
20:19:37  경도:126.957619
20:19:37  속도:0.224
20:19:37  방향:0.0
20:19:37  GPS원시속도:0.278
20:19:37  GPS원시방향유효:1
20:19:37  GPS원시방향:193.1
20:19:37  가속도:-2.634,2.849,9.117
20:19:37  자이로:-1.519,-3.061,1.061
20:19:37  자력계:-42.150,53.550,13.500
20:19:37  IMU방향유효:0
20:19:37  IMU방향:0.0
20:19:37  방향가속도크기:9.91
20:19:37  방향자이로크기:3.58
20:19:37  방향자세cos:0.5754
20:19:37  자기모델잔차:999.00
20:19:37  자기모델반경:0.000
20:19:37  방향채택:0
20:19:37  방향거부:11565
20:19:37  송신:911
20:19:37  GPS위성:7
20:19:37  GPS_HDOP:1.23
20:19:37  원시위도:37.496452
20:19:37  원시경도:126.957620
20:19:37  GPS채택:347
20:19:37  GPS이상치거부:0
20:19:37  GPS품질거부:1
20:19:37  GPS재기준:0
20:19:37  RSSI원시:-64
20:19:37  RSSI평활:-66.0
20:19:37  RSSI샘플:1805
20:19:37  RSSI경과ms:3
20:19:37  차량수신:897
20:19:38  시각ms:100040
20:19:38  IMU시각ms:100028
20:19:38  위험:0
20:19:38  GPS유효:1
20:19:38  위도:37.496452
20:19:38  경도:126.957619
20:19:38  속도:0.225
20:19:38  방향:0.0
20:19:38  GPS원시속도:0.226
20:19:38  GPS원시방향유효:1
20:19:38  GPS원시방향:193.1
20:19:38  가속도:-2.466,2.816,8.882
20:19:38  자이로:-2.298,-0.847,1.183
20:19:38  자력계:-41.700,54.750,13.200
20:19:38  IMU방향유효:0
20:19:38  IMU방향:0.0
20:19:38  방향가속도크기:9.64
20:19:38  방향자이로크기:2.72
20:19:38  방향자세cos:0.5844
20:19:38  자기모델잔차:999.00
20:19:38  자기모델반경:0.000
20:19:38  방향채택:0
20:19:38  방향거부:11578
20:19:38  송신:912
20:19:38  GPS위성:7
20:19:38  GPS_HDOP:1.23
20:19:38  원시위도:37.496452
20:19:38  원시경도:126.957620
20:19:38  GPS채택:348
20:19:38  GPS이상치거부:0
20:19:38  GPS품질거부:1
20:19:38  GPS재기준:0
20:19:38  RSSI원시:-66
20:19:38  RSSI평활:-66.9
20:19:38  RSSI샘플:1807
20:19:38  RSSI경과ms:2
20:19:38  차량수신:898
20:19:38  시각ms:100562
20:19:38  IMU시각ms:100550
20:19:38  위험:0
20:19:38  GPS유효:1
20:19:38  위도:37.496452
20:19:38  경도:126.957619
20:19:38  속도:0.198
20:19:38  방향:0.0
20:19:38  GPS원시속도:0.185
20:19:38  GPS원시방향유효:1
20:19:38  GPS원시방향:193.1
20:19:38  가속도:-2.591,2.782,9.103
20:19:38  자이로:-2.000,-1.771,0.160
20:19:38  자력계:-42.900,53.550,15.150
20:19:38  IMU방향유효:0
20:19:38  IMU방향:0.0
20:19:38  방향가속도크기:9.86
20:19:38  방향자이로크기:2.68
20:19:38  방향자세cos:0.5761
20:19:38  자기모델잔차:999.00
20:19:38  자기모델반경:0.000
20:19:38  방향채택:0
20:19:38  방향거부:11643
20:19:38  송신:917
20:19:38  GPS위성:7
20:19:38  GPS_HDOP:1.23
20:19:38  원시위도:37.496453
20:19:38  원시경도:126.957622
20:19:38  GPS채택:351
20:19:38  GPS이상치거부:0
20:19:38  GPS품질거부:1
20:19:38  GPS재기준:0
20:19:38  RSSI원시:-67
20:19:38  RSSI평활:-67.1
20:19:38  RSSI샘플:1817
20:19:38  RSSI경과ms:6
20:19:38  차량수신:903
20:19:38  시각ms:100667
20:19:38  IMU시각ms:100655
20:19:38  위험:0
20:19:38  GPS유효:1
20:19:38  위도:37.496452
20:19:38  경도:126.957619
20:19:38  속도:0.198
20:19:38  방향:0.0
20:19:38  GPS원시속도:0.185
20:19:38  GPS원시방향유효:1
20:19:38  GPS원시방향:193.1
20:19:38  가속도:-2.653,2.710,8.921
20:19:38  자이로:1.191,-1.626,1.137
20:19:38  자력계:-40.500,54.150,13.500
20:19:38  IMU방향유효:0
20:19:38  IMU방향:0.0
20:19:38  방향가속도크기:9.69
20:19:38  방향자이로크기:2.31
20:19:38  방향자세cos:0.5668
20:19:38  자기모델잔차:999.00
20:19:38  자기모델반경:0.000
20:19:38  방향채택:0
20:19:38  방향거부:11656
20:19:38  송신:918
20:19:38  GPS위성:7
20:19:38  GPS_HDOP:1.23
20:19:38  원시위도:37.496453
20:19:38  원시경도:126.957622
20:19:38  GPS채택:351
20:19:38  GPS이상치거부:0
20:19:38  GPS품질거부:1
20:19:38  GPS재기준:0
20:19:38  RSSI원시:-68
20:19:38  RSSI평활:-67.3
20:19:38  RSSI샘플:1818
20:19:38  RSSI경과ms:43
20:19:38  차량수신:904
20:19:38  시각ms:100771
20:19:38  IMU시각ms:100759
20:19:38  위험:0
20:19:38  GPS유효:1
20:19:38  위도:37.496452
20:19:38  경도:126.957619
20:19:38  속도:0.205
20:19:38  방향:0.0
20:19:38  GPS원시속도:0.216
20:19:38  GPS원시방향유효:1
20:19:38  GPS원시방향:193.1
20:19:38  가속도:-2.629,2.868,8.973
20:19:38  자이로:-1.771,-1.924,2.107
20:19:38  자력계:-42.000,53.400,14.850
20:19:38  IMU방향유효:0
20:19:38  IMU방향:0.0
20:19:38  방향가속도크기:9.78
20:19:38  방향자이로크기:3.36
20:19:38  방향자세cos:0.5749
20:19:38  자기모델잔차:999.00
20:19:38  자기모델반경:0.000
20:19:38  방향채택:0
20:19:38  방향거부:11669
20:19:38  송신:919
20:19:38  GPS위성:7
20:19:38  GPS_HDOP:1.23
20:19:38  원시위도:37.496453
20:19:38  원시경도:126.957622
20:19:38  GPS채택:352
20:19:38  GPS이상치거부:0
20:19:38  GPS품질거부:1
20:19:38  GPS재기준:0
20:19:38  RSSI원시:-69
20:19:38  RSSI평활:-68.1
20:19:38  RSSI샘플:1820
20:19:38  RSSI경과ms:42
20:19:38  차량수신:905
20:19:38  시각ms:100876
20:19:38  IMU시각ms:100864
20:19:38  위험:0
20:19:38  GPS유효:1
20:19:38  위도:37.496452
20:19:38  경도:126.957619
20:19:38  속도:0.205
20:19:38  방향:0.0
20:19:38  GPS원시속도:0.216
20:19:38  GPS원시방향유효:1
20:19:38  GPS원시방향:193.1
20:19:38  가속도:-2.490,2.816,9.002
20:19:38  자이로:-0.458,-1.527,-0.397
20:19:38  자력계:-40.950,55.050,13.200
20:19:38  IMU방향유효:0
20:19:38  IMU방향:0.0
20:19:38  방향가속도크기:9.76
20:19:38  방향자이로크기:1.64
20:19:38  방향자세cos:0.5837
20:19:38  자기모델잔차:999.00
20:19:38  자기모델반경:0.000
20:19:38  방향채택:0
20:19:38  방향거부:11682
20:19:38  송신:920
20:19:38  GPS위성:7
20:19:38  GPS_HDOP:1.23
20:19:38  원시위도:37.496453
20:19:38  원시경도:126.957622
20:19:38  GPS채택:352
20:19:38  GPS이상치거부:0
20:19:38  GPS품질거부:1
20:19:38  GPS재기준:0
20:19:38  RSSI원시:-69
20:19:38  RSSI평활:-67.9
20:19:38  RSSI샘플:1823
20:19:38  RSSI경과ms:2
20:19:38  차량수신:906
20:19:39  시각ms:100981
20:19:39  IMU시각ms:100969
20:19:39  위험:0
20:19:39  GPS유효:1
20:19:39  위도:37.496452
20:19:39  경도:126.957619
20:19:39  속도:0.180
20:19:39  방향:0.0
20:19:39  GPS원시속도:0.134
20:19:39  GPS원시방향유효:1
20:19:39  GPS원시방향:193.1
20:19:39  가속도:-2.495,2.849,8.964
20:19:39  자이로:-1.267,-1.473,1.458
20:19:39  자력계:-44.550,53.700,15.300
20:19:39  IMU방향유효:0
20:19:39  IMU방향:0.0
20:19:39  방향가속도크기:9.73
20:19:39  방향자이로크기:2.43
20:19:39  방향자세cos:0.5842
20:19:39  자기모델잔차:999.00
20:19:39  자기모델반경:0.000
20:19:39  방향채택:0
20:19:39  방향거부:11695
20:19:39  송신:921
20:19:39  GPS위성:7
20:19:39  GPS_HDOP:1.23
20:19:39  원시위도:37.496454
20:19:39  원시경도:126.957622
20:19:39  GPS채택:353
20:19:39  GPS이상치거부:0
20:19:39  GPS품질거부:1
20:19:39  GPS재기준:0
20:19:39  RSSI원시:-68
20:19:39  RSSI평활:-68.0
20:19:39  RSSI샘플:1824
20:19:39  RSSI경과ms:42
20:19:39  차량수신:907
20:19:39  시각ms:101086
20:19:39  IMU시각ms:101074
20:19:39  위험:0
20:19:39  GPS유효:1
20:19:39  위도:37.496452
20:19:39  경도:126.957619
20:19:39  속도:0.180
20:19:39  방향:0.0
20:19:39  GPS원시속도:0.134
20:19:39  GPS원시방향유효:1
20:19:39  GPS원시방향:193.1
20:19:39  가속도:-2.519,2.705,8.959
20:19:39  자이로:-1.924,1.214,-0.015
20:19:39  자력계:-41.700,54.300,14.700
20:19:39  IMU방향유효:0
20:19:39  IMU방향:0.0
20:19:39  방향가속도크기:9.69
20:19:39  방향자이로크기:2.27
20:19:39  방향자세cos:0.5773
20:19:39  자기모델잔차:999.00
20:19:39  자기모델반경:0.000
20:19:39  방향채택:0
20:19:39  방향거부:11708
20:19:39  송신:922
20:19:39  GPS위성:7
20:19:39  GPS_HDOP:1.23
20:19:39  원시위도:37.496454
20:19:39  원시경도:126.957622
20:19:39  GPS채택:353
20:19:39  GPS이상치거부:0
20:19:39  GPS품질거부:1
20:19:39  GPS재기준:0
20:19:39  RSSI원시:-67
20:19:39  RSSI평활:-67.5
20:19:39  RSSI샘플:1826
20:19:39  RSSI경과ms:37
20:19:39  차량수신:908
20:19:39  시각ms:101296
20:19:39  IMU시각ms:101284
20:19:39  위험:0
20:19:39  GPS유효:1
20:19:39  위도:37.496452
20:19:39  경도:126.957619
20:19:39  속도:0.162
20:19:39  방향:0.0
20:19:39  GPS원시속도:0.129
20:19:39  GPS원시방향유효:1
20:19:39  GPS원시방향:193.1
20:19:39  가속도:-2.634,2.782,9.041
20:19:39  자이로:-1.336,-2.389,0.695
20:19:39  자력계:-42.750,54.450,14.250
20:19:39  IMU방향유효:0
20:19:39  IMU방향:0.0
20:19:39  방향가속도크기:9.82
20:19:39  방향자이로크기:2.82
20:19:39  방향자세cos:0.5722
20:19:39  자기모델잔차:999.00
20:19:39  자기모델반경:0.000
20:19:39  방향채택:0
20:19:39  방향거부:11734
20:19:39  송신:924
20:19:39  GPS위성:7
20:19:39  GPS_HDOP:1.23
20:19:39  원시위도:37.496455
20:19:39  원시경도:126.957622
20:19:39  GPS채택:354
20:19:39  GPS이상치거부:0
20:19:39  GPS품질거부:1
20:19:39  GPS재기준:0
20:19:39  RSSI원시:-69
20:19:39  RSSI평활:-67.8
20:19:39  RSSI샘플:1831
20:19:39  RSSI경과ms:4
20:19:39  차량수신:910
20:19:39  시각ms:101401
20:19:39  IMU시각ms:101389
20:19:39  위험:0
20:19:39  GPS유효:1
20:19:39  위도:37.496456
20:19:39  경도:126.957619
20:19:39  속도:0.161
20:19:39  방향:0.0
20:19:39  GPS원시속도:0.159
20:19:39  GPS원시방향유효:1
20:19:39  GPS원시방향:193.1
20:19:39  가속도:-2.643,2.796,8.950
20:19:39  자이로:-2.244,-1.298,1.427
20:19:39  자력계:-41.400,55.050,14.700
20:19:39  IMU방향유효:0
20:19:39  IMU방향:0.0
20:19:39  방향가속도크기:9.74
20:19:39  방향자이로크기:2.96
20:19:39  방향자세cos:0.5710
20:19:39  자기모델잔차:999.00
20:19:39  자기모델반경:0.000
20:19:39  방향채택:0
20:19:39  방향거부:11747
20:19:39  송신:925
20:19:39  GPS위성:7
20:19:39  GPS_HDOP:1.23
20:19:39  원시위도:37.496456
20:19:39  원시경도:126.957622
20:19:39  GPS채택:355
20:19:39  GPS이상치거부:0
20:19:39  GPS품질거부:1
20:19:39  GPS재기준:0
20:19:39  RSSI원시:-67
20:19:39  RSSI평활:-67.7
20:19:39  RSSI샘플:1832
20:19:39  RSSI경과ms:41
20:19:39  차량수신:911
20:19:39  시각ms:101506
20:19:39  IMU시각ms:101494
20:19:39  위험:0
20:19:39  GPS유효:1
20:19:39  위도:37.496456
20:19:39  경도:126.957619
20:19:39  속도:0.161
20:19:39  방향:0.0
20:19:39  GPS원시속도:0.159
20:19:39  GPS원시방향유효:1
20:19:39  GPS원시방향:193.1
20:19:39  가속도:-2.705,2.811,8.988
20:19:39  자이로:-0.626,0.832,0.573
20:19:39  자력계:-41.550,54.150,12.750
20:19:39  IMU방향유효:0
20:19:39  IMU방향:0.0
20:19:39  방향가속도크기:9.80
20:19:39  방향자이로크기:1.19
20:19:39  방향자세cos:0.5672
20:19:39  자기모델잔차:999.00
20:19:39  자기모델반경:0.000
20:19:39  방향채택:0
20:19:39  방향거부:11760
20:19:39  송신:926
20:19:39  GPS위성:7
20:19:39  GPS_HDOP:1.23
20:19:39  원시위도:37.496456
20:19:39  원시경도:126.957622
20:19:39  GPS채택:355
20:19:39  GPS이상치거부:0
20:19:39  GPS품질거부:1
20:19:39  GPS재기준:0
20:19:39  RSSI원시:-66
20:19:39  RSSI평활:-67.2
20:19:39  RSSI샘플:1834
20:19:39  RSSI경과ms:41
20:19:39  차량수신:912
20:19:39  시각ms:101715
20:19:39  IMU시각ms:101703
20:19:39  위험:0
20:19:39  GPS유효:1
20:19:39  위도:37.496456
20:19:39  경도:126.957619
20:19:39  속도:0.168
20:19:39  방향:0.0
20:19:39  GPS원시속도:0.180
20:19:39  GPS원시방향유효:1
20:19:39  GPS원시방향:193.1
20:19:39  가속도:-2.567,2.926,9.002
20:19:39  자이로:-0.198,0.107,-0.565
20:19:39  자력계:-40.950,53.100,12.900
20:19:39  IMU방향유효:0
20:19:39  IMU방향:0.0
20:19:39  방향가속도크기:9.81
20:19:39  방향자이로크기:0.61
20:19:39  방향자세cos:0.5818
20:19:39  자기모델잔차:999.00
20:19:39  자기모델반경:0.000
20:19:39  방향채택:0
20:19:39  방향거부:11786
20:19:39  송신:928
20:19:39  GPS위성:7
20:19:39  GPS_HDOP:1.23
20:19:39  원시위도:37.496456
20:19:39  원시경도:126.957623
20:19:39  GPS채택:356
20:19:39  GPS이상치거부:0
20:19:39  GPS품질거부:1
20:19:39  GPS재기준:0
20:19:39  RSSI원시:-67
20:19:39  RSSI평활:-67.2
20:19:39  RSSI샘플:1838
20:19:39  RSSI경과ms:40
20:19:39  차량수신:914
20:19:39  시각ms:101820
20:19:39  IMU시각ms:101808
20:19:39  위험:0
20:19:39  GPS유효:1
20:19:39  위도:37.496456
20:19:39  경도:126.957626
20:19:39  속도:0.165
20:19:39  방향:0.0
20:19:39  GPS원시속도:0.159
20:19:39  GPS원시방향유효:1
20:19:39  GPS원시방향:193.1
20:19:39  가속도:-2.495,2.825,8.969
20:19:39  자이로:-1.863,0.893,-1.244
20:19:39  자력계:-41.700,54.300,13.650
20:19:39  IMU방향유효:0
20:19:39  IMU방향:0.0
20:19:39  방향가속도크기:9.73
20:19:39  방향자이로크기:2.41
20:19:39  방향자세cos:0.5834
20:19:39  자기모델잔차:999.00
20:19:39  자기모델반경:0.000
20:19:39  방향채택:0
20:19:39  방향거부:11799
20:19:39  송신:929
20:19:39  GPS위성:7
20:19:39  GPS_HDOP:1.23
20:19:39  원시위도:37.496457
20:19:39  원시경도:126.957623
20:19:39  GPS채택:357
20:19:39  GPS이상치거부:0
20:19:39  GPS품질거부:1
20:19:39  GPS재기준:0
20:19:39  RSSI원시:-67
20:19:39  RSSI평활:-67.1
20:19:39  RSSI샘플:1840
20:19:39  RSSI경과ms:42
20:19:39  차량수신:915
20:19:40  시각ms:102029
20:19:40  IMU시각ms:102017
20:19:40  위험:0
20:19:40  GPS유효:1
20:19:40  위도:37.496456
20:19:40  경도:126.957626
20:19:40  속도:0.158
20:19:40  방향:0.0
20:19:40  GPS원시속도:0.144
20:19:40  GPS원시방향유효:1
20:19:40  GPS원시방향:193.1
20:19:40  가속도:-2.629,2.859,9.069
20:19:40  자이로:-0.809,0.015,0.634
20:19:40  자력계:-42.900,53.100,13.650
20:19:40  IMU방향유효:0
20:19:40  IMU방향:0.0
20:19:40  방향가속도크기:9.87
20:19:40  방향자이로크기:1.03
20:19:40  방향자세cos:0.5756
20:19:40  자기모델잔차:999.00
20:19:40  자기모델반경:0.000
20:19:40  방향채택:0
20:19:40  방향거부:11825
20:19:40  송신:931
20:19:40  GPS위성:7
20:19:40  GPS_HDOP:1.23
20:19:40  원시위도:37.496458
20:19:40  원시경도:126.957623
20:19:40  GPS채택:358
20:19:40  GPS이상치거부:0
20:19:40  GPS품질거부:1
20:19:40  GPS재기준:0
20:19:40  RSSI원시:-67
20:19:40  RSSI평활:-67.0
20:19:40  RSSI샘플:1845
20:19:40  RSSI경과ms:8
20:19:40  차량수신:917
20:19:40  시각ms:102133
20:19:40  IMU시각ms:102121
20:19:40  위험:0
20:19:40  GPS유효:1
20:19:40  위도:37.496456
20:19:40  경도:126.957626
20:19:40  속도:0.158
20:19:40  방향:0.0
20:19:40  GPS원시속도:0.144
20:19:40  GPS원시방향유효:1
20:19:40  GPS원시방향:193.1
20:19:40  가속도:-2.519,2.753,9.026
20:19:40  자이로:-0.595,-2.603,2.191
20:19:40  자력계:-41.550,54.900,13.500
20:19:40  IMU방향유효:0
20:19:40  IMU방향:0.0
20:19:40  방향가속도크기:9.77
20:19:40  방향자이로크기:3.45
20:19:40  방향자세cos:0.5796
20:19:40  자기모델잔차:999.00
20:19:40  자기모델반경:0.000
20:19:40  방향채택:0
20:19:40  방향거부:11838
20:19:40  송신:932
20:19:40  GPS위성:7
20:19:40  GPS_HDOP:1.23
20:19:40  원시위도:37.496458
20:19:40  원시경도:126.957623
20:19:40  GPS채택:358
20:19:40  GPS이상치거부:0
20:19:40  GPS품질거부:1
20:19:40  GPS재기준:0
20:19:40  RSSI원시:-67
20:19:40  RSSI평활:-67.0
20:19:40  RSSI샘플:1846
20:19:40  RSSI경과ms:35
20:19:40  차량수신:918
20:19:40  시각ms:102447
20:19:40  IMU시각ms:102435
20:19:40  위험:0
20:19:40  GPS유효:1
20:19:40  위도:37.496460
20:19:40  경도:126.957626
20:19:40  속도:0.112
20:19:40  방향:0.0
20:19:40  GPS원시속도:0.062
20:19:40  GPS원시방향유효:1
20:19:40  GPS원시방향:193.1
20:19:40  가속도:-2.605,2.902,8.983
20:19:40  자이로:-1.573,0.855,1.412
20:19:40  자력계:-43.800,54.150,14.250
20:19:40  IMU방향유효:0
20:19:40  IMU방향:0.0
20:19:40  방향가속도크기:9.79
20:19:40  방향자이로크기:2.28
20:19:40  방향자세cos:0.5779
20:19:40  자기모델잔차:999.00
20:19:40  자기모델반경:0.000
20:19:40  방향채택:0
20:19:40  방향거부:11877
20:19:40  송신:935
20:19:40  GPS위성:7
20:19:40  GPS_HDOP:1.23
20:19:40  원시위도:37.496459
20:19:40  원시경도:126.957622
20:19:40  GPS채택:360
20:19:40  GPS이상치거부:0
20:19:40  GPS품질거부:1
20:19:40  GPS재기준:0
20:19:40  RSSI원시:-68
20:19:40  RSSI평활:-67.6
20:19:40  RSSI샘플:1853
20:19:40  RSSI경과ms:3
20:19:40  차량수신:921
20:19:40  시각ms:102551
20:19:40  IMU시각ms:102539
20:19:40  위험:0
20:19:40  GPS유효:1
20:19:40  위도:37.496460
20:19:40  경도:126.957619
20:19:40  속도:0.092
20:19:40  방향:0.0
20:19:40  GPS원시속도:0.057
20:19:40  GPS원시방향유효:1
20:19:40  GPS원시방향:193.1
20:19:40  가속도:-2.739,2.710,9.203
20:19:40  자이로:1.115,0.092,-1.908
20:19:40  자력계:-43.200,56.550,14.400
20:19:40  IMU방향유효:0
20:19:40  IMU방향:0.0
20:19:40  방향가속도크기:9.98
20:19:40  방향자이로크기:2.21
20:19:40  방향자세cos:0.5637
20:19:40  자기모델잔차:999.00
20:19:40  자기모델반경:0.000
20:19:40  방향채택:0
20:19:40  방향거부:11890
20:19:40  송신:936
20:19:40  GPS위성:7
20:19:40  GPS_HDOP:1.23
20:19:40  원시위도:37.496460
20:19:40  원시경도:126.957622
20:19:40  GPS채택:361
20:19:40  GPS이상치거부:0
20:19:40  GPS품질거부:1
20:19:40  GPS재기준:0
20:19:40  RSSI원시:-69
20:19:40  RSSI평활:-67.9
20:19:40  RSSI샘플:1855
20:19:40  RSSI경과ms:3
20:19:40  차량수신:922
20:19:40  시각ms:102656
20:19:40  IMU시각ms:102644
20:19:40  위험:0
20:19:40  GPS유효:1
20:19:40  위도:37.496460
20:19:40  경도:126.957619
20:19:40  속도:0.092
20:19:40  방향:0.0
20:19:40  GPS원시속도:0.057
20:19:40  GPS원시방향유효:1
20:19:40  GPS원시방향:193.1
20:19:40  가속도:-2.428,2.825,9.017
20:19:40  자이로:0.015,-0.382,0.718
20:19:40  자력계:-41.400,54.300,14.400
20:19:40  IMU방향유효:0
20:19:40  IMU방향:0.0
20:19:40  방향가속도크기:9.76
20:19:40  방향자이로크기:0.81
20:19:40  방향자세cos:0.5889
20:19:40  자기모델잔차:999.00
20:19:40  자기모델반경:0.000
20:19:40  방향채택:0
20:19:40  방향거부:11903
20:19:40  송신:937
20:19:40  GPS위성:7
20:19:40  GPS_HDOP:1.23
20:19:40  원시위도:37.496460
20:19:40  원시경도:126.957622
20:19:40  GPS채택:361
20:19:40  GPS이상치거부:0
20:19:40  GPS품질거부:1
20:19:40  GPS재기준:0
20:19:40  RSSI원시:-69
20:19:40  RSSI평활:-68.1
20:19:40  RSSI샘플:1856
20:19:40  RSSI경과ms:26
20:19:40  차량수신:923
20:19:40  시각ms:102760
20:19:40  IMU시각ms:102748
20:19:40  위험:0
20:19:40  GPS유효:1
20:19:40  위도:37.496460
20:19:40  경도:126.957619
20:19:40  속도:0.080
20:19:40  방향:0.0
20:19:40  GPS원시속도:0.057
20:19:40  GPS원시방향유효:1
20:19:40  GPS원시방향:193.1
20:19:40  가속도:-2.509,2.720,9.002
20:19:40  자이로:0.573,-1.473,0.298
20:19:40  자력계:-42.750,53.700,12.750
20:19:40  IMU방향유효:0
20:19:40  IMU방향:0.0
20:19:40  방향가속도크기:9.73
20:19:40  방향자이로크기:1.61
20:19:40  방향자세cos:0.5789
20:19:40  자기모델잔차:999.00
20:19:40  자기모델반경:0.000
20:19:40  방향채택:0
20:19:40  방향거부:11916
20:19:40  송신:938
20:19:40  GPS위성:7
20:19:40  GPS_HDOP:1.23
20:19:40  원시위도:37.496461
20:19:40  원시경도:126.957622
20:19:40  GPS채택:362
20:19:40  GPS이상치거부:0
20:19:40  GPS품질거부:1
20:19:40  GPS재기준:0
20:19:40  RSSI원시:-66
20:19:40  RSSI평활:-67.5
20:19:40  RSSI샘플:1858
20:19:40  RSSI경과ms:24
20:19:40  차량수신:924
20:19:40  시각ms:102865
20:19:40  IMU시각ms:102853
20:19:40  위험:0
20:19:40  GPS유효:1
20:19:40  위도:37.496460
20:19:40  경도:126.957619
20:19:40  속도:0.080
20:19:40  방향:0.0
20:19:40  GPS원시속도:0.057
20:19:40  GPS원시방향유효:1
20:19:40  GPS원시방향:193.1
20:19:40  가속도:-2.442,2.897,8.983
20:19:40  자이로:-0.550,-2.275,0.702
20:19:40  자력계:-41.550,53.700,13.500
20:19:40  IMU방향유효:0
20:19:40  IMU방향:0.0
20:19:40  방향가속도크기:9.75
20:19:40  방향자이로크기:2.44
20:19:40  방향자세cos:0.5900
20:19:40  자기모델잔차:999.00
20:19:40  자기모델반경:0.000
20:19:40  방향채택:0
20:19:40  방향거부:11929
20:19:40  송신:939
20:19:40  GPS위성:7
20:19:40  GPS_HDOP:1.23
20:19:40  원시위도:37.496461
20:19:40  원시경도:126.957622
20:19:40  GPS채택:362
20:19:40  GPS이상치거부:0
20:19:40  GPS품질거부:1
20:19:40  GPS재기준:0
20:19:40  RSSI원시:-69
20:19:40  RSSI평활:-67.9
20:19:40  RSSI샘플:1860
20:19:40  RSSI경과ms:29
20:19:40  차량수신:925
20:19:41  시각ms:102969
20:19:41  IMU시각ms:102957
20:19:41  위험:0
20:19:41  GPS유효:1
20:19:41  위도:37.496460
20:19:41  경도:126.957619
20:19:41  속도:0.070
20:19:41  방향:0.0
20:19:41  GPS원시속도:0.051
20:19:41  GPS원시방향유효:1
20:19:41  GPS원시방향:193.1
20:19:41  가속도:-2.614,2.753,9.112
20:19:41  자이로:-0.076,-3.351,-1.656
20:19:41  자력계:-41.700,54.000,14.400
20:19:41  IMU방향유효:0
20:19:41  IMU방향:0.0
20:19:41  방향가속도크기:9.87
20:19:41  방향자이로크기:3.74
20:19:41  방향자세cos:0.5734
20:19:41  자기모델잔차:999.00
20:19:41  자기모델반경:0.000
20:19:41  방향채택:0
20:19:41  방향거부:11942
20:19:41  송신:940
20:19:41  GPS위성:7
20:19:41  GPS_HDOP:1.23
20:19:41  원시위도:37.496462
20:19:41  원시경도:126.957622
20:19:41  GPS채택:363
20:19:41  GPS이상치거부:0
20:19:41  GPS품질거부:1
20:19:41  GPS재기준:0
20:19:41  RSSI원시:-68
20:19:41  RSSI평활:-68.1
20:19:41  RSSI샘플:1863
20:19:41  RSSI경과ms:0
20:19:41  차량수신:926
20:19:41  시각ms:103074
20:19:41  IMU시각ms:103062
20:19:41  위험:0
20:19:41  GPS유효:1
20:19:41  위도:37.496460
20:19:41  경도:126.957619
20:19:41  속도:0.070
20:19:41  방향:0.0
20:19:41  GPS원시속도:0.051
20:19:41  GPS원시방향유효:1
20:19:41  GPS원시방향:193.1
20:19:41  가속도:-2.543,2.749,8.921
20:19:41  자이로:-0.969,-1.939,-1.122
20:19:41  자력계:-40.800,54.900,13.500
20:19:41  IMU방향유효:0
20:19:41  IMU방향:0.0
20:19:41  방향가속도크기:9.67
20:19:41  방향자이로크기:2.44
20:19:41  방향자세cos:0.5766
20:19:41  자기모델잔차:999.00
20:19:41  자기모델반경:0.000
20:19:41  방향채택:0
20:19:41  방향거부:11955
20:19:41  송신:941
20:19:41  GPS위성:7
20:19:41  GPS_HDOP:1.23
20:19:41  원시위도:37.496462
20:19:41  원시경도:126.957622
20:19:41  GPS채택:363
20:19:41  GPS이상치거부:0
20:19:41  GPS품질거부:1
20:19:41  GPS재기준:0
20:19:41  RSSI원시:-68
20:19:41  RSSI평활:-68.1
20:19:41  RSSI샘플:1864
20:19:41  RSSI경과ms:1
20:19:41  차량수신:926
20:19:41  시각ms:103179
20:19:41  IMU시각ms:103167
20:19:41  위험:0
20:19:41  GPS유효:1
20:19:41  위도:37.496460
20:19:41  경도:126.957619
20:19:41  속도:0.060
20:19:41  방향:0.0
20:19:41  GPS원시속도:0.041
20:19:41  GPS원시방향유효:1
20:19:41  GPS원시방향:193.1
20:19:41  가속도:-2.610,2.868,9.041
20:19:41  자이로:-1.626,1.130,-0.519
20:19:41  자력계:-41.700,53.550,15.450
20:19:41  IMU방향유효:0
20:19:41  IMU방향:0.0
20:19:41  방향가속도크기:9.84
20:19:41  방향자이로크기:2.05
20:19:41  방향자세cos:0.5770
20:19:41  자기모델잔차:999.00
20:19:41  자기모델반경:0.000
20:19:41  방향채택:0
20:19:41  방향거부:11968
20:19:41  송신:942
20:19:41  GPS위성:7
20:19:41  GPS_HDOP:1.23
20:19:41  원시위도:37.496463
20:19:41  원시경도:126.957622
20:19:41  GPS채택:364
20:19:41  GPS이상치거부:0
20:19:41  GPS품질거부:1
20:19:41  GPS재기준:0
20:19:41  RSSI원시:-67
20:19:41  RSSI평활:-67.7
20:19:41  RSSI샘플:1866
20:19:41  RSSI경과ms:6
20:19:41  차량수신:927
20:19:41  시각ms:103389
20:19:41  IMU시각ms:103377
20:19:41  위험:0
20:19:41  GPS유효:1
20:19:41  위도:37.496464
20:19:41  경도:126.957619
20:19:41  속도:0.051
20:19:41  방향:0.0
20:19:41  GPS원시속도:0.036
20:19:41  GPS원시방향유효:1
20:19:41  GPS원시방향:193.1
20:19:41  가속도:-2.514,2.758,9.045
20:19:41  자이로:-1.603,0.908,-0.634
20:19:41  자력계:-41.550,51.750,14.550
20:19:41  IMU방향유효:0
20:19:41  IMU방향:0.0
20:19:41  방향가속도크기:9.78
20:19:41  방향자이로크기:1.95
20:19:41  방향자세cos:0.5804
20:19:41  자기모델잔차:999.00
20:19:41  자기모델반경:0.000
20:19:41  방향채택:0
20:19:41  방향거부:11994
20:19:41  송신:944
20:19:41  GPS위성:7
20:19:41  GPS_HDOP:1.23
20:19:41  원시위도:37.496464
20:19:41  원시경도:126.957622
20:19:41  GPS채택:365
20:19:41  GPS이상치거부:0
20:19:41  GPS품질거부:1
20:19:41  GPS재기준:0
20:19:41  RSSI원시:-66
20:19:41  RSSI평활:-66.8
20:19:41  RSSI샘플:1870
20:19:41  RSSI경과ms:1
20:19:41  차량수신:929
20:19:41  시각ms:103494
20:19:41  IMU시각ms:103482
20:19:41  위험:0
20:19:41  GPS유효:1
20:19:41  위도:37.496464
20:19:41  경도:126.957619
20:19:41  속도:0.051
20:19:41  방향:0.0
20:19:41  GPS원시속도:0.036
20:19:41  GPS원시방향유효:1
20:19:41  GPS원시방향:193.1
20:19:41  가속도:-2.571,2.849,9.041
20:19:41  자이로:-1.840,-2.183,-1.458
20:19:41  자력계:-41.550,54.150,13.050
20:19:41  IMU방향유효:0
20:19:41  IMU방향:0.0
20:19:41  방향가속도크기:9.82
20:19:41  방향자이로크기:3.21
20:19:41  방향자세cos:0.5792
20:19:41  자기모델잔차:999.00
20:19:41  자기모델반경:0.000
20:19:41  방향채택:0
20:19:41  방향거부:12007
20:19:41  송신:945
20:19:41  GPS위성:7
20:19:41  GPS_HDOP:1.23
20:19:41  원시위도:37.496464
20:19:41  원시경도:126.957622
20:19:41  GPS채택:365
20:19:41  GPS이상치거부:0
20:19:41  GPS품질거부:1
20:19:41  GPS재기준:0
20:19:41  RSSI원시:-69
20:19:41  RSSI평활:-67.6
20:19:41  RSSI샘플:1872
20:19:41  RSSI경과ms:0
20:19:41  차량수신:930
20:19:41  시각ms:103599
20:19:41  IMU시각ms:103587
20:19:41  위험:0
20:19:41  GPS유효:1
20:19:41  위도:37.496464
20:19:41  경도:126.957619
20:19:41  속도:0.042
20:19:41  방향:0.0
20:19:41  GPS원시속도:0.026
20:19:41  GPS원시방향유효:1
20:19:41  GPS원시방향:193.1
20:19:41  가속도:-2.528,2.682,8.940
20:19:41  자이로:0.031,-1.779,1.687
20:19:41  자력계:-42.000,52.650,14.250
20:19:41  IMU방향유효:0
20:19:41  IMU방향:0.0
20:19:41  방향가속도크기:9.67
20:19:41  방향자이로크기:2.45
20:19:41  방향자세cos:0.5755
20:19:41  자기모델잔차:999.00
20:19:41  자기모델반경:0.000
20:19:41  방향채택:0
20:19:41  방향거부:12020
20:19:41  송신:946
20:19:41  GPS위성:7
20:19:41  GPS_HDOP:1.23
20:19:41  원시위도:37.496465
20:19:41  원시경도:126.957622
20:19:41  GPS채택:366
20:19:41  GPS이상치거부:0
20:19:41  GPS품질거부:1
20:19:41  GPS재기준:0
20:19:41  RSSI원시:-68
20:19:41  RSSI평활:-67.7
20:19:41  RSSI샘플:1873
20:19:41  RSSI경과ms:31
20:19:41  차량수신:931
20:19:41  시각ms:103704
20:19:41  IMU시각ms:103692
20:19:41  위험:0
20:19:41  GPS유효:1
20:19:41  위도:37.496464
20:19:41  경도:126.957619
20:19:41  속도:0.042
20:19:41  방향:0.0
20:19:41  GPS원시속도:0.026
20:19:41  GPS원시방향유효:1
20:19:41  GPS원시방향:193.1
20:19:41  가속도:-2.471,2.887,9.002
20:19:41  자이로:-0.557,-1.595,-2.931
20:19:41  자력계:-42.300,54.450,13.050
20:19:41  IMU방향유효:0
20:19:41  IMU방향:0.0
20:19:41  방향가속도크기:9.77
20:19:41  방향자이로크기:3.38
20:19:41  방향자세cos:0.5877
20:19:41  자기모델잔차:999.00
20:19:41  자기모델반경:0.000
20:19:41  방향채택:0
20:19:41  방향거부:12033
20:19:41  송신:947
20:19:41  GPS위성:7
20:19:41  GPS_HDOP:1.23
20:19:41  원시위도:37.496465
20:19:41  원시경도:126.957622
20:19:41  GPS채택:366
20:19:41  GPS이상치거부:0
20:19:41  GPS품질거부:1
20:19:41  GPS재기준:0
20:19:41  RSSI원시:-68
20:19:41  RSSI평활:-67.8
20:19:41  RSSI샘플:1875
20:19:41  RSSI경과ms:30
20:19:41  차량수신:932
20:19:42  시각ms:103913
20:19:42  IMU시각ms:103901
20:19:42  위험:0
20:19:42  GPS유효:1
20:19:42  위도:37.496464
20:19:42  경도:126.957619
20:19:42  속도:0.031
20:19:42  방향:0.0
20:19:42  GPS원시속도:0.010
20:19:42  GPS원시방향유효:1
20:19:42  GPS원시방향:193.1
20:19:42  가속도:-2.485,2.758,9.021
20:19:42  자이로:-2.221,1.473,-0.901
20:19:42  자력계:-40.800,53.700,13.500
20:19:42  IMU방향유효:0
20:19:42  IMU방향:0.0
20:19:42  방향가속도크기:9.76
20:19:42  방향자이로크기:2.81
20:19:42  방향자세cos:0.5823
20:19:42  자기모델잔차:999.00
20:19:42  자기모델반경:0.000
20:19:42  방향채택:0
20:19:42  방향거부:12059
20:19:42  송신:949
20:19:42  GPS위성:7
20:19:42  GPS_HDOP:1.23
20:19:42  원시위도:37.496466
20:19:42  원시경도:126.957622
20:19:42  GPS채택:367
20:19:42  GPS이상치거부:0
20:19:42  GPS품질거부:1
20:19:42  GPS재기준:0
20:19:42  RSSI원시:-67
20:19:42  RSSI평활:-67.3
20:19:42  RSSI샘플:1880
20:19:42  RSSI경과ms:1
20:19:42  차량수신:934
20:19:42  시각ms:104018
20:19:42  IMU시각ms:104006
20:19:42  위험:0
20:19:42  GPS유효:1
20:19:42  위도:37.496468
20:19:42  경도:126.957619
20:19:42  속도:0.020
20:19:42  방향:0.0
20:19:42  GPS원시속도:0.000
20:19:42  GPS원시방향유효:1
20:19:42  GPS원시방향:193.1
20:19:42  가속도:-2.476,2.768,8.892
20:19:42  자이로:-2.641,-3.779,-2.221
20:19:42  자력계:-41.550,54.150,13.800
20:19:42  IMU방향유효:0
20:19:42  IMU방향:0.0
20:19:42  방향가속도크기:9.64
20:19:42  방향자이로크기:5.12
20:19:42  방향자세cos:0.5821
20:19:42  자기모델잔차:999.00
20:19:42  자기모델반경:0.000
20:19:42  방향채택:0
20:19:42  방향거부:12072
20:19:42  송신:950
20:19:42  GPS위성:7
20:19:42  GPS_HDOP:1.23
20:19:42  원시위도:37.496467
20:19:42  원시경도:126.957622
20:19:42  GPS채택:368
20:19:42  GPS이상치거부:0
20:19:42  GPS품질거부:1
20:19:42  GPS재기준:0
20:19:42  RSSI원시:-67
20:19:42  RSSI평활:-67.2
20:19:42  RSSI샘플:1881
20:19:42  RSSI경과ms:31
20:19:42  차량수신:935
20:19:42  시각ms:104122
20:19:42  IMU시각ms:104110
20:19:42  위험:0
20:19:42  GPS유효:1
20:19:42  위도:37.496468
20:19:42  경도:126.957619
20:19:42  속도:0.020
20:19:42  방향:0.0
20:19:42  GPS원시속도:0.000
20:19:42  GPS원시방향유효:1
20:19:42  GPS원시방향:193.1
20:19:42  가속도:-2.552,2.806,8.950
20:19:42  자이로:-1.107,-2.733,-2.611
20:19:42  자력계:-41.700,54.300,13.950
20:19:42  IMU방향유효:0
20:19:42  IMU방향:0.0
20:19:42  방향가속도크기:9.72
20:19:42  방향자이로크기:3.94
20:19:42  방향자세cos:0.5782
20:19:42  자기모델잔차:999.00
20:19:42  자기모델반경:0.000
20:19:42  방향채택:0
20:19:42  방향거부:12085
20:19:42  송신:951
20:19:42  GPS위성:7
20:19:42  GPS_HDOP:1.23
20:19:42  원시위도:37.496467
20:19:42  원시경도:126.957622
20:19:42  GPS채택:368
20:19:42  GPS이상치거부:0
20:19:42  GPS품질거부:1
20:19:42  GPS재기준:0
20:19:42  RSSI원시:-67
20:19:42  RSSI평활:-67.2
20:19:42  RSSI샘플:1884
20:19:42  RSSI경과ms:7
20:19:42  차량수신:936
20:19:42  시각ms:104227
20:19:42  IMU시각ms:104215
20:19:42  위험:0
20:19:42  GPS유효:1
20:19:42  위도:37.496468
20:19:42  경도:126.957619
20:19:42  속도:0.017
20:19:42  방향:0.0
20:19:42  GPS원시속도:0.010
20:19:42  GPS원시방향유효:1
20:19:42  GPS원시방향:193.1
20:19:42  가속도:-2.500,2.729,8.950
20:19:42  자이로:0.237,-2.885,3.382
20:19:42  자력계:-40.800,54.450,14.850
20:19:42  IMU방향유효:0
20:19:42  IMU방향:0.0
20:19:42  방향가속도크기:9.68
20:19:42  방향자이로크기:4.45
20:19:42  방향자세cos:0.5795
20:19:42  자기모델잔차:999.00
20:19:42  자기모델반경:0.000
20:19:42  방향채택:0
20:19:42  방향거부:12098
20:19:42  송신:952
20:19:42  GPS위성:7
20:19:42  GPS_HDOP:1.23
20:19:42  원시위도:37.496468
20:19:42  원시경도:126.957622
20:19:42  GPS채택:369
20:19:42  GPS이상치거부:0
20:19:42  GPS품질거부:1
20:19:42  GPS재기준:0
20:19:42  RSSI원시:-67
20:19:42  RSSI평활:-67.0
20:19:42  RSSI샘플:1886
20:19:42  RSSI경과ms:5
20:19:42  차량수신:937
20:19:42  시각ms:104331
20:19:42  IMU시각ms:104319
20:19:42  위험:0
20:19:42  GPS유효:1
20:19:42  위도:37.496468
20:19:42  경도:126.957619
20:19:42  속도:0.017
20:19:42  방향:0.0
20:19:42  GPS원시속도:0.010
20:19:42  GPS원시방향유효:1
20:19:42  GPS원시방향:193.1
20:19:42  가속도:-2.509,2.686,9.026
20:19:42  자이로:-1.122,0.023,1.710
20:19:42  자력계:-41.400,53.100,13.650
20:19:42  IMU방향유효:0
20:19:42  IMU방향:0.0
20:19:42  방향가속도크기:9.75
20:19:42  방향자이로크기:2.05
20:19:42  방향자세cos:0.5780
20:19:42  자기모델잔차:999.00
20:19:42  자기모델반경:0.000
20:19:42  방향채택:0
20:19:42  방향거부:12111
20:19:42  송신:953
20:19:42  GPS위성:7
20:19:42  GPS_HDOP:1.23
20:19:42  원시위도:37.496468
20:19:42  원시경도:126.957622
20:19:42  GPS채택:369
20:19:42  GPS이상치거부:0
20:19:42  GPS품질거부:1
20:19:42  GPS재기준:0
20:19:42  RSSI원시:-66
20:19:42  RSSI평활:-66.8
20:19:42  RSSI샘플:1887
20:19:42  RSSI경과ms:28
20:19:42  차량수신:938
20:19:42  시각ms:104436
20:19:42  IMU시각ms:104424
20:19:42  위험:0
20:19:42  GPS유효:1
20:19:42  위도:37.496468
20:19:42  경도:126.957619
20:19:42  속도:0.020
20:19:42  방향:0.0
20:19:42  GPS원시속도:0.026
20:19:42  GPS원시방향유효:1
20:19:42  GPS원시방향:193.1
20:19:42  가속도:-2.753,2.696,9.036
20:19:42  자이로:-0.481,-1.305,-1.771
20:19:42  자력계:-41.550,55.650,13.800
20:19:42  IMU방향유효:0
20:19:42  IMU방향:0.0
20:19:42  방향가속도크기:9.82
20:19:42  방향자이로크기:2.25
20:19:42  방향자세cos:0.5601
20:19:42  자기모델잔차:999.00
20:19:42  자기모델반경:0.000
20:19:42  방향채택:0
20:19:42  방향거부:12124
20:19:42  송신:954
20:19:42  GPS위성:7
20:19:42  GPS_HDOP:1.23
20:19:42  원시위도:37.496469
20:19:42  원시경도:126.957622
20:19:42  GPS채택:370
20:19:42  GPS이상치거부:0
20:19:42  GPS품질거부:1
20:19:42  GPS재기준:0
20:19:42  RSSI원시:-66
20:19:42  RSSI평활:-67.1
20:19:42  RSSI샘플:1890
20:19:42  RSSI경과ms:4
20:19:42  차량수신:939
20:19:42  시각ms:104540
20:19:42  IMU시각ms:104528
20:19:42  위험:0
20:19:42  GPS유효:1
20:19:42  위도:37.496468
20:19:42  경도:126.957619
20:19:42  속도:0.020
20:19:42  방향:0.0
20:19:42  GPS원시속도:0.026
20:19:42  GPS원시방향유효:1
20:19:42  GPS원시방향:193.1
20:19:42  가속도:-2.519,2.902,8.969
20:19:42  자이로:-2.466,-0.076,-0.779
20:19:42  자력계:-39.900,53.550,13.950
20:19:42  IMU방향유효:0
20:19:42  IMU방향:0.0
20:19:42  방향가속도크기:9.76
20:19:42  방향자이로크기:2.59
20:19:42  방향자세cos:0.5842
20:19:42  자기모델잔차:999.00
20:19:42  자기모델반경:0.000
20:19:42  방향채택:0
20:19:42  방향거부:12137
20:19:42  송신:955
20:19:42  GPS위성:7
20:19:42  GPS_HDOP:1.23
20:19:42  원시위도:37.496469
20:19:42  원시경도:126.957622
20:19:42  GPS채택:370
20:19:42  GPS이상치거부:0
20:19:42  GPS품질거부:1
20:19:42  GPS재기준:0
20:19:42  RSSI원시:-67
20:19:42  RSSI평활:-67.1
20:19:42  RSSI샘플:1891
20:19:42  RSSI경과ms:26
20:19:42  차량수신:940
20:19:42  시각ms:104645
20:19:42  IMU시각ms:104633
20:19:42  위험:0
20:19:42  GPS유효:1
20:19:42  위도:37.496468
20:19:42  경도:126.957619
20:19:42  속도:0.017
20:19:42  방향:0.0
20:19:42  GPS원시속도:0.010
20:19:42  GPS원시방향유효:1
20:19:42  GPS원시방향:193.1
20:19:42  가속도:-2.433,2.725,8.959
20:19:42  자이로:-0.985,0.809,-0.183
20:19:42  자력계:-42.750,54.900,14.550
20:19:42  IMU방향유효:0
20:19:42  IMU방향:0.0
20:19:42  방향가속도크기:9.68
20:19:42  방향자이로크기:1.29
20:19:42  방향자세cos:0.5844
20:19:42  자기모델잔차:999.00
20:19:42  자기모델반경:0.000
20:19:42  방향채택:0
20:19:42  방향거부:12150
20:19:42  송신:956
20:19:42  GPS위성:7
20:19:42  GPS_HDOP:1.23
20:19:42  원시위도:37.496470
20:19:42  원시경도:126.957621
20:19:42  GPS채택:371
20:19:42  GPS이상치거부:0
20:19:42  GPS품질거부:1
20:19:42  GPS재기준:0
20:19:42  RSSI원시:-67
20:19:42  RSSI평활:-67.1
20:19:42  RSSI샘플:1893
20:19:42  RSSI경과ms:25
20:19:42  차량수신:941
20:19:42  시각ms:104854
20:19:43  IMU시각ms:104842
20:19:43  위험:0
20:19:43  GPS유효:1
20:19:43  위도:37.496471
20:19:43  경도:126.957619
20:19:43  속도:0.014
20:19:43  방향:0.0
20:19:43  GPS원시속도:0.010
20:19:43  GPS원시방향유효:1
20:19:43  GPS원시방향:193.1
20:19:43  가속도:-2.581,2.777,8.983
20:19:43  자이로:-1.885,0.427,-0.336
20:19:43  자력계:-41.250,53.400,14.250
20:19:43  IMU방향유효:0
20:19:43  IMU방향:0.0
20:19:43  방향가속도크기:9.75
20:19:43  방향자이로크기:1.96
20:19:43  방향자세cos:0.5754
20:19:43  자기모델잔차:999.00
20:19:43  자기모델반경:0.000
20:19:43  방향채택:0
20:19:43  방향거부:12176
20:19:43  송신:958
20:19:43  GPS위성:7
20:19:43  GPS_HDOP:1.23
20:19:43  원시위도:37.496471
20:19:43  원시경도:126.957621
20:19:43  GPS채택:372
20:19:43  GPS이상치거부:0
20:19:43  GPS품질거부:1
20:19:43  GPS재기준:0
20:19:43  RSSI원시:-70
20:19:43  RSSI평활:-68.4
20:19:43  RSSI샘플:1898
20:19:43  RSSI경과ms:2
20:19:43  차량수신:943
20:19:43  시각ms:105270
20:19:43  IMU시각ms:105258
20:19:43  위험:0
20:19:43  GPS유효:1
20:19:43  위도:37.496471
20:19:43  경도:126.957619
20:19:43  속도:0.023
20:19:43  방향:0.0
20:19:43  GPS원시속도:0.041
20:19:43  GPS원시방향유효:1
20:19:43  GPS원시방향:193.1
20:19:43  가속도:-2.624,2.954,8.969
20:19:43  자이로:-1.092,1.298,-0.687
20:19:43  자력계:-41.550,53.700,14.550
20:19:43  IMU방향유효:0
20:19:43  IMU방향:0.0
20:19:43  방향가속도크기:9.80
20:19:43  방향자이로크기:1.83
20:19:43  방향자세cos:0.5781
20:19:43  자기모델잔차:999.00
20:19:43  자기모델반경:0.000
20:19:43  방향채택:0
20:19:43  방향거부:12227
20:19:43  송신:962
20:19:43  GPS위성:7
20:19:43  GPS_HDOP:1.23
20:19:43  원시위도:37.496473
20:19:43  원시경도:126.957620
20:19:43  GPS채택:374
20:19:43  GPS이상치거부:0
20:19:43  GPS품질거부:1
20:19:43  GPS재기준:0
20:19:43  RSSI원시:-73
20:19:43  RSSI평활:-68.7
20:19:43  RSSI샘플:1905
20:19:43  RSSI경과ms:19
20:19:43  차량수신:947
20:19:43  시각ms:105375
20:19:43  IMU시각ms:105363
20:19:43  위험:0
20:19:43  GPS유효:1
20:19:43  위도:37.496471
20:19:43  경도:126.957619
20:19:43  속도:0.038
20:19:43  방향:0.0
20:19:43  GPS원시속도:0.067
20:19:43  GPS원시방향유효:1
20:19:43  GPS원시방향:193.1
20:19:43  가속도:-2.442,2.710,9.031
20:19:43  자이로:-1.718,1.489,-2.420
20:19:43  자력계:-41.700,53.550,13.950
20:19:43  IMU방향유효:0
20:19:43  IMU방향:0.0
20:19:43  방향가속도크기:9.74
20:19:43  방향자이로크기:3.32
20:19:43  방향자세cos:0.5839
20:19:43  자기모델잔차:999.00
20:19:43  자기모델반경:0.000
20:19:43  방향채택:0
20:19:43  방향거부:12240
20:19:43  송신:963
20:19:43  GPS위성:7
20:19:43  GPS_HDOP:1.23
20:19:43  원시위도:37.496474
20:19:43  원시경도:126.957620
20:19:43  GPS채택:375
20:19:43  GPS이상치거부:0
20:19:43  GPS품질거부:1
20:19:43  GPS재기준:0
20:19:43  RSSI원시:-69
20:19:43  RSSI평활:-69.2
20:19:43  RSSI샘플:1908
20:19:43  RSSI경과ms:8
20:19:43  차량수신:948
20:19:43  시각ms:105688
20:19:43  IMU시각ms:105676
20:19:43  위험:0
20:19:43  GPS유효:1
20:19:43  위도:37.496475
20:19:43  경도:126.957619
20:19:43  속도:0.082
20:19:43  방향:0.0
20:19:43  GPS원시속도:0.165
20:19:43  GPS원시방향유효:1
20:19:43  GPS원시방향:193.1
20:19:43  가속도:-2.495,2.667,9.064
20:19:43  자이로:-1.481,0.840,-1.137
20:19:43  자력계:-41.550,54.150,13.500
20:19:43  IMU방향유효:0
20:19:43  IMU방향:0.0
20:19:43  방향가속도크기:9.77
20:19:43  방향자이로크기:2.05
20:19:43  방향자세cos:0.5788
20:19:43  자기모델잔차:999.00
20:19:43  자기모델반경:0.000
20:19:43  방향채택:0
20:19:43  방향거부:12278
20:19:43  송신:966
20:19:43  GPS위성:7
20:19:43  GPS_HDOP:1.23
20:19:43  원시위도:37.496475
20:19:43  원시경도:126.957619
20:19:43  GPS채택:376
20:19:43  GPS이상치거부:0
20:19:43  GPS품질거부:1
20:19:43  GPS재기준:0
20:19:43  RSSI원시:-71
20:19:43  RSSI평활:-68.2
20:19:43  RSSI샘플:1914
20:19:43  RSSI경과ms:1
20:19:43  차량수신:951
20:19:43  시각ms:105793
20:19:43  IMU시각ms:105781
20:19:43  위험:0
20:19:43  GPS유효:1
20:19:43  위도:37.496475
20:19:43  경도:126.957619
20:19:43  속도:0.127
20:19:43  방향:0.0
20:19:43  GPS원시속도:0.211
20:19:43  GPS원시방향유효:1
20:19:43  GPS원시방향:193.1
20:19:43  가속도:-2.605,2.811,8.906
20:19:43  자이로:-2.214,-1.565,-0.962
20:19:43  자력계:-42.900,52.800,15.450
20:19:43  IMU방향유효:0
20:19:43  IMU방향:0.0
20:19:43  방향가속도크기:9.70
20:19:43  방향자이로크기:2.88
20:19:43  방향자세cos:0.5739
20:19:43  자기모델잔차:999.00
20:19:43  자기모델반경:0.000
20:19:43  방향채택:0
20:19:43  방향거부:12291
20:19:43  송신:967
20:19:43  GPS위성:7
20:19:43  GPS_HDOP:1.23
20:19:43  원시위도:37.496476
20:19:43  원시경도:126.957618
20:19:43  GPS채택:377
20:19:43  GPS이상치거부:0
20:19:43  GPS품질거부:1
20:19:43  GPS재기준:0
20:19:43  RSSI원시:-72
20:19:43  RSSI평활:-68.9
20:19:43  RSSI샘플:1915
20:19:43  RSSI경과ms:17
20:19:43  차량수신:952
20:19:44  시각ms:105898
20:19:44  IMU시각ms:105886
20:19:44  위험:0
20:19:44  GPS유효:1
20:19:44  위도:37.496475
20:19:44  경도:126.957619
20:19:44  속도:0.127
20:19:44  방향:0.0
20:19:44  GPS원시속도:0.211
20:19:44  GPS원시방향유효:1
20:19:44  GPS원시방향:193.1
20:19:44  가속도:-2.610,2.744,8.978
20:19:44  자이로:-0.695,0.069,-2.084
20:19:44  자력계:-41.250,53.700,14.550
20:19:44  IMU방향유효:0
20:19:44  IMU방향:0.0
20:19:44  방향가속도크기:9.74
20:19:44  방향자이로크기:2.20
20:19:44  방향자세cos:0.5720
20:19:44  자기모델잔차:999.00
20:19:44  자기모델반경:0.000
20:19:44  방향채택:0
20:19:44  방향거부:12304
20:19:44  송신:968
20:19:44  GPS위성:7
20:19:44  GPS_HDOP:1.23
20:19:44  원시위도:37.496476
20:19:44  원시경도:126.957618
20:19:44  GPS채택:377
20:19:44  GPS이상치거부:0
20:19:44  GPS품질거부:1
20:19:44  GPS재기준:0
20:19:44  RSSI원시:-68
20:19:44  RSSI평활:-68.6
20:19:44  RSSI샘플:1917
20:19:44  RSSI경과ms:19
20:19:44  차량수신:953
20:19:44  시각ms:106003
20:19:44  IMU시각ms:105991
20:19:44  위험:0
20:19:44  GPS유효:1
20:19:44  위도:37.496475
20:19:44  경도:126.957619
20:19:44  속도:0.178
20:19:44  방향:0.0
20:19:44  GPS원시속도:0.273
20:19:44  GPS원시방향유효:1
20:19:44  GPS원시방향:193.1
20:19:44  가속도:-2.586,2.715,8.873
20:19:44  자이로:-0.221,-1.740,0.176
20:19:44  자력계:-41.700,52.800,14.700
20:19:44  IMU방향유효:0
20:19:44  IMU방향:0.0
20:19:44  방향가속도크기:9.63
20:19:44  방향자이로크기:1.76
20:19:44  방향자세cos:0.5716
20:19:44  자기모델잔차:999.00
20:19:44  자기모델반경:0.000
20:19:44  방향채택:0
20:19:44  방향거부:12317
20:19:44  송신:969
20:19:44  GPS위성:7
20:19:44  GPS_HDOP:1.23
20:19:44  원시위도:37.496478
20:19:44  원시경도:126.957617
20:19:44  GPS채택:378
20:19:44  GPS이상치거부:0
20:19:44  GPS품질거부:1
20:19:44  GPS재기준:0
20:19:44  RSSI원시:-67
20:19:44  RSSI평활:-68.2
20:19:44  RSSI샘플:1919
20:19:44  RSSI경과ms:19
20:19:44  차량수신:954
20:19:44  시각ms:106108
20:19:44  IMU시각ms:106096
20:19:44  위험:0
20:19:44  GPS유효:1
20:19:44  위도:37.496475
20:19:44  경도:126.957619
20:19:44  속도:0.178
20:19:44  방향:0.0
20:19:44  GPS원시속도:0.273
20:19:44  GPS원시방향유효:1
20:19:44  GPS원시방향:193.1
20:19:44  가속도:-2.495,2.820,8.973
20:19:44  자이로:-0.107,-0.160,0.695
20:19:44  자력계:-41.550,52.950,14.550
20:19:44  IMU방향유효:0
20:19:44  IMU방향:0.0
20:19:44  방향가속도크기:9.73
20:19:44  방향자이로크기:0.72
20:19:44  방향자세cos:0.5833
20:19:44  자기모델잔차:999.00
20:19:44  자기모델반경:0.000
20:19:44  방향채택:0
20:19:44  방향거부:12330
20:19:44  송신:970
20:19:44  GPS위성:7
20:19:44  GPS_HDOP:1.23
20:19:44  원시위도:37.496478
20:19:44  원시경도:126.957617
20:19:44  GPS채택:378
20:19:44  GPS이상치거부:0
20:19:44  GPS품질거부:1
20:19:44  GPS재기준:0
20:19:44  RSSI원시:-68
20:19:44  RSSI평활:-68.2
20:19:44  RSSI샘플:1922
20:19:44  RSSI경과ms:2
20:19:44  차량수신:955
20:19:44  시각ms:106315
20:19:44  IMU시각ms:106303
20:19:44  위험:0
20:19:44  GPS유효:1
20:19:44  위도:37.496479
20:19:44  경도:126.957619
20:19:44  속도:0.193
20:19:44  방향:0.0
20:19:44  GPS원시속도:0.221
20:19:44  GPS원시방향유효:1
20:19:44  GPS원시방향:193.1
20:19:44  가속도:-2.581,2.801,8.945
20:19:44  자이로:-1.656,-1.237,-2.305
20:19:44  자력계:-41.250,53.400,14.850
20:19:44  IMU방향유효:0
20:19:44  IMU방향:0.0
20:19:44  방향가속도크기:9.72
20:19:44  방향자이로크기:3.10
20:19:44  방향자세cos:0.5758
20:19:44  자기모델잔차:999.00
20:19:44  자기모델반경:0.000
20:19:44  방향채택:0
20:19:44  방향거부:12355
20:19:44  송신:972
20:19:44  GPS위성:7
20:19:44  GPS_HDOP:1.23
20:19:44  원시위도:37.496479
20:19:44  원시경도:126.957616
20:19:44  GPS채택:379
20:19:44  GPS이상치거부:0
20:19:44  GPS품질거부:1
20:19:44  GPS재기준:0
20:19:44  RSSI원시:-70
20:19:44  RSSI평활:-68.4
20:19:44  RSSI샘플:1925
20:19:44  RSSI경과ms:14
20:19:44  차량수신:957
20:19:44  시각ms:106420
20:19:44  IMU시각ms:106408
20:19:44  위험:0
20:19:44  GPS유효:1
20:19:44  위도:37.496479
20:19:44  경도:126.957619
20:19:44  속도:0.198
20:19:44  방향:0.0
20:19:44  GPS원시속도:0.206
20:19:44  GPS원시방향유효:1
20:19:44  GPS원시방향:193.1
20:19:44  가속도:-2.567,2.710,9.026
20:19:44  자이로:-1.618,0.740,-0.779
20:19:44  자력계:-41.700,53.550,12.150
20:19:44  IMU방향유효:0
20:19:44  IMU방향:0.0
20:19:44  방향가속도크기:9.77
20:19:44  방향자이로크기:1.94
20:19:44  방향자세cos:0.5745
20:19:44  자기모델잔차:999.00
20:19:44  자기모델반경:0.000
20:19:44  방향채택:0
20:19:44  방향거부:12368
20:19:44  송신:973
20:19:44  GPS위성:7
20:19:44  GPS_HDOP:1.23
20:19:44  원시위도:37.496480
20:19:44  원시경도:126.957615
20:19:44  GPS채택:380
20:19:44  GPS이상치거부:0
20:19:44  GPS품질거부:1
20:19:44  GPS재기준:0
20:19:44  RSSI원시:-71
20:19:44  RSSI평활:-69.4
20:19:44  RSSI샘플:1928
20:19:44  RSSI경과ms:3
20:19:44  차량수신:958
20:19:44  시각ms:106626
20:19:44  IMU시각ms:106614
20:19:44  위험:0
20:19:44  GPS유효:1
20:19:44  위도:37.496479
20:19:44  경도:126.957619
20:19:44  속도:0.159
20:19:44  방향:0.0
20:19:44  GPS원시속도:0.087
20:19:44  GPS원시방향유효:1
20:19:44  GPS원시방향:193.1
20:19:44  가속도:-2.653,2.796,9.088
20:19:44  자이로:-0.870,3.061,-0.389
20:19:44  자력계:-43.050,52.950,14.850
20:19:44  IMU방향유효:0
20:19:44  IMU방향:0.0
20:19:44  방향가속도크기:9.87
20:19:44  방향자이로크기:3.21
20:19:44  방향자세cos:0.5718
20:19:44  자기모델잔차:999.00
20:19:44  자기모델반경:0.000
20:19:44  방향채택:0
20:19:44  방향거부:12392
20:19:44  송신:975
20:19:44  GPS위성:7
20:19:44  GPS_HDOP:1.81
20:19:44  원시위도:37.496480
20:19:44  원시경도:126.957615
20:19:44  GPS채택:381
20:19:44  GPS이상치거부:0
20:19:44  GPS품질거부:1
20:19:44  GPS재기준:0
20:19:44  RSSI원시:-69
20:19:44  RSSI평활:-69.5
20:19:44  RSSI샘플:1931
20:19:44  RSSI경과ms:8
20:19:44  차량수신:959
20:19:44  시각ms:106726
20:19:44  IMU시각ms:106714
20:19:44  위험:0
20:19:44  GPS유효:1
20:19:44  위도:37.496479
20:19:44  경도:126.957619
20:19:44  속도:0.159
20:19:44  방향:0.0
20:19:44  GPS원시속도:0.087
20:19:44  GPS원시방향유효:1
20:19:44  GPS원시방향:193.1
20:19:44  가속도:-2.514,2.820,9.074
20:19:44  자이로:-1.092,-3.641,0.908
20:19:44  자력계:-40.950,54.750,13.950
20:19:44  IMU방향유효:0
20:19:44  IMU방향:0.0
20:19:44  방향가속도크기:9.83
20:19:44  방향자이로크기:3.91
20:19:44  방향자세cos:0.5828
20:19:44  자기모델잔차:999.00
20:19:44  자기모델반경:0.000
20:19:44  방향채택:0
20:19:44  방향거부:12403
20:19:44  송신:976
20:19:44  GPS위성:7
20:19:44  GPS_HDOP:1.81
20:19:44  원시위도:37.496480
20:19:44  원시경도:126.957615
20:19:44  GPS채택:381
20:19:44  GPS이상치거부:0
20:19:44  GPS품질거부:1
20:19:44  GPS재기준:0
20:19:44  RSSI원시:-69
20:19:44  RSSI평활:-69.4
20:19:44  RSSI샘플:1932
20:19:44  RSSI경과ms:96
20:19:44  차량수신:960
20:19:44  시각ms:106831
20:19:44  IMU시각ms:106819
20:19:44  위험:0
20:19:44  GPS유효:1
20:19:44  위도:37.496479
20:19:44  경도:126.957619
20:19:44  속도:0.112
20:19:44  방향:0.0
20:19:44  GPS원시속도:0.026
20:19:44  GPS원시방향유효:1
20:19:44  GPS원시방향:193.1
20:19:44  가속도:-2.519,2.835,8.954
20:19:44  자이로:-0.176,-3.061,0.924
20:19:44  자력계:-42.150,55.050,15.150
20:19:44  IMU방향유효:0
20:19:44  IMU방향:0.0
20:19:44  방향가속도크기:9.72
20:19:44  방향자이로크기:3.20
20:19:44  방향자세cos:0.5818
20:19:44  자기모델잔차:999.00
20:19:44  자기모델반경:0.000
20:19:44  방향채택:0
20:19:44  방향거부:12416
20:19:44  송신:977
20:19:44  GPS위성:7
20:19:44  GPS_HDOP:1.81
20:19:44  원시위도:37.496482
20:19:44  원시경도:126.957615
20:19:44  GPS채택:382
20:19:44  GPS이상치거부:0
20:19:44  GPS품질거부:1
20:19:44  GPS재기준:0
20:19:44  RSSI원시:-69
20:19:44  RSSI평활:-68.9
20:19:44  RSSI샘플:1935
20:19:44  RSSI경과ms:3
20:19:44  차량수신:961
20:19:44  시각ms:106935
20:19:44  IMU시각ms:106923
20:19:44  위험:0
20:19:44  GPS유효:1
20:19:44  위도:37.496479
20:19:44  경도:126.957619
20:19:44  속도:0.112
20:19:44  방향:0.0
20:19:44  GPS원시속도:0.026
20:19:44  GPS원시방향유효:1
20:19:44  GPS원시방향:193.1
20:19:44  가속도:-2.576,2.763,8.993
20:19:44  자이로:0.244,-4.176,2.053
20:19:44  자력계:-41.550,52.950,13.050
20:19:44  IMU방향유효:0
20:19:44  IMU방향:0.0
20:19:44  방향가속도크기:9.75
20:19:44  방향자이로크기:4.66
20:19:44  방향자세cos:0.5753
20:19:44  자기모델잔차:999.00
20:19:44  자기모델반경:0.000
20:19:44  방향채택:0
20:19:44  방향거부:12429
20:19:44  송신:978
20:19:44  GPS위성:7
20:19:44  GPS_HDOP:1.81
20:19:44  원시위도:37.496482
20:19:44  원시경도:126.957615
20:19:44  GPS채택:382
20:19:44  GPS이상치거부:0
20:19:44  GPS품질거부:1
20:19:44  GPS재기준:0
20:19:44  RSSI원시:-69
20:19:44  RSSI평활:-68.9
20:19:44  RSSI샘플:1936
20:19:44  RSSI경과ms:88
20:19:44  차량수신:962
20:19:45  시각ms:107040
20:19:45  IMU시각ms:107028
20:19:45  위험:0
20:19:45  GPS유효:1
20:19:45  위도:37.496483
20:19:45  경도:126.957611
20:19:45  속도:0.084
20:19:45  방향:0.0
20:19:45  GPS원시속도:0.031
20:19:45  GPS원시방향유효:1
20:19:45  GPS원시방향:193.1
20:19:45  가속도:-2.519,2.825,8.916
20:19:45  자이로:1.313,-0.733,2.084
20:19:45  자력계:-42.750,54.900,13.500
20:19:45  IMU방향유효:0
20:19:45  IMU방향:0.0
20:19:45  방향가속도크기:9.69
20:19:45  방향자이로크기:2.57
20:19:45  방향자세cos:0.5811
20:19:45  자기모델잔차:999.00
20:19:45  자기모델반경:0.000
20:19:45  방향채택:0
20:19:45  방향거부:12442
20:19:45  송신:979
20:19:45  GPS위성:7
20:19:45  GPS_HDOP:1.81
20:19:45  원시위도:37.496482
20:19:45  원시경도:126.957614
20:19:45  GPS채택:383
20:19:45  GPS이상치거부:0
20:19:45  GPS품질거부:1
20:19:45  GPS재기준:0
20:19:45  RSSI원시:-70
20:19:45  RSSI평활:-69.3
20:19:45  RSSI샘플:1938
20:19:45  RSSI경과ms:87
20:19:45  차량수신:963
20:19:45  시각ms:107249
20:19:45  IMU시각ms:107237
20:19:45  위험:0
20:19:45  GPS유효:1
20:19:45  위도:37.496483
20:19:45  경도:126.957611
20:19:45  속도:0.074
20:19:45  방향:0.0
20:19:45  GPS원시속도:0.057
20:19:45  GPS원시방향유효:1
20:19:45  GPS원시방향:193.1
20:19:45  가속도:-2.624,2.859,8.892
20:19:45  자이로:-0.298,1.084,3.573
20:19:45  자력계:-39.750,54.900,14.850
20:19:45  IMU방향유효:0
20:19:45  IMU방향:0.0
20:19:45  방향가속도크기:9.70
20:19:45  방향자이로크기:3.75
20:19:45  방향자세cos:0.5740
20:19:45  자기모델잔차:999.00
20:19:45  자기모델반경:0.000
20:19:45  방향채택:0
20:19:45  방향거부:12468
20:19:45  송신:981
20:19:45  GPS위성:7
20:19:45  GPS_HDOP:1.81
20:19:45  원시위도:37.496483
20:19:45  원시경도:126.957614
20:19:45  GPS채택:384
20:19:45  GPS이상치거부:0
20:19:45  GPS품질거부:1
20:19:45  GPS재기준:0
20:19:45  RSSI원시:-75
20:19:45  RSSI평활:-69.3
20:19:45  RSSI샘플:1943
20:19:45  RSSI경과ms:5
20:19:45  차량수신:965
20:19:45  시각ms:107353
20:19:45  IMU시각ms:107341
20:19:45  위험:0
20:19:45  GPS유효:1
20:19:45  위도:37.496483
20:19:45  경도:126.957611
20:19:45  속도:0.074
20:19:45  방향:0.0
20:19:45  GPS원시속도:0.072
20:19:45  GPS원시방향유효:1
20:19:45  GPS원시방향:193.1
20:19:45  가속도:-2.758,2.835,9.007
20:19:45  자이로:-0.366,-0.672,-0.267
20:19:45  자력계:-42.450,53.550,13.950
20:19:45  IMU방향유효:0
20:19:45  IMU방향:0.0
20:19:45  방향가속도크기:9.84
20:19:45  방향자이로크기:0.81
20:19:45  방향자세cos:0.5643
20:19:45  자기모델잔차:999.00
20:19:45  자기모델반경:0.000
20:19:45  방향채택:0
20:19:45  방향거부:12481
20:19:45  송신:982
20:19:45  GPS위성:7
20:19:45  GPS_HDOP:1.81
20:19:45  원시위도:37.496484
20:19:45  원시경도:126.957613
20:19:45  GPS채택:385
20:19:45  GPS이상치거부:0
20:19:45  GPS품질거부:1
20:19:45  GPS재기준:0
20:19:45  RSSI원시:-69
20:19:45  RSSI평활:-70.0
20:19:45  RSSI샘플:1945
20:19:45  RSSI경과ms:5
20:19:45  차량수신:966
20:19:45  시각ms:107458
20:19:45  IMU시각ms:107446
20:19:45  위험:0
20:19:45  GPS유효:1
20:19:45  위도:37.496483
20:19:45  경도:126.957611
20:19:45  속도:0.074
20:19:45  방향:0.0
20:19:45  GPS원시속도:0.072
20:19:45  GPS원시방향유효:1
20:19:45  GPS원시방향:193.1
20:19:45  가속도:-2.547,2.682,9.060
20:19:45  자이로:-1.893,0.145,-2.725
20:19:45  자력계:-42.450,54.000,15.150
20:19:45  IMU방향유효:0
20:19:45  IMU방향:0.0
20:19:45  방향가속도크기:9.79
20:19:45  방향자이로크기:3.32
20:19:45  방향자세cos:0.5753
20:19:45  자기모델잔차:999.00
20:19:45  자기모델반경:0.000
20:19:45  방향채택:0
20:19:45  방향거부:12494
20:19:45  송신:983
20:19:45  GPS위성:7
20:19:45  GPS_HDOP:1.81
20:19:45  원시위도:37.496484
20:19:45  원시경도:126.957613
20:19:45  GPS채택:385
20:19:45  GPS이상치거부:0
20:19:45  GPS품질거부:1
20:19:45  GPS재기준:0
20:19:45  RSSI원시:-69
20:19:45  RSSI평활:-70.8
20:19:45  RSSI샘플:1947
20:19:45  RSSI경과ms:5
20:19:45  차량수신:967
20:19:45  시각ms:107562
20:19:45  IMU시각ms:107550
20:19:45  위험:0
20:19:45  GPS유효:1
20:19:45  위도:37.496483
20:19:45  경도:126.957611
20:19:45  속도:0.053
20:19:45  방향:0.0
20:19:45  GPS원시속도:0.015
20:19:45  GPS원시방향유효:1
20:19:45  GPS원시방향:193.1
20:19:45  가속도:-2.567,2.777,8.911
20:19:45  자이로:-1.901,0.710,-1.031
20:19:45  자력계:-41.550,54.150,13.050
20:19:45  IMU방향유효:0
20:19:45  IMU방향:0.0
20:19:45  방향가속도크기:9.68
20:19:45  방향자이로크기:2.28
20:19:45  방향자세cos:0.5757
20:19:45  자기모델잔차:999.00
20:19:45  자기모델반경:0.000
20:19:45  방향채택:0
20:19:45  방향거부:12507
20:19:45  송신:984
20:19:45  GPS위성:7
20:19:45  GPS_HDOP:1.81
20:19:45  원시위도:37.496485
20:19:45  원시경도:126.957614
20:19:45  GPS채택:386
20:19:45  GPS이상치거부:0
20:19:45  GPS품질거부:1
20:19:45  GPS재기준:0
20:19:45  RSSI원시:-68
20:19:45  RSSI평활:-69.6
20:19:45  RSSI샘플:1949
20:19:45  RSSI경과ms:4
20:19:45  차량수신:968
20:19:45  시각ms:107771
20:19:45  IMU시각ms:107759
20:19:45  위험:0
20:19:45  GPS유효:1
20:19:45  위도:37.496483
20:19:45  경도:126.957611
20:19:45  속도:0.038
20:19:45  방향:0.0
20:19:45  GPS원시속도:0.010
20:19:45  GPS원시방향유효:1
20:19:45  GPS원시방향:193.1
20:19:45  가속도:-2.600,2.820,8.978
20:19:45  자이로:-1.779,0.168,-2.603
20:19:45  자력계:-41.250,54.900,13.050
20:19:45  IMU방향유효:0
20:19:45  IMU방향:0.0
20:19:45  방향가속도크기:9.76
20:19:45  방향자이로크기:3.16
20:19:45  방향자세cos:0.5754
20:19:45  자기모델잔차:999.00
20:19:45  자기모델반경:0.000
20:19:45  방향채택:0
20:19:45  방향거부:12533
20:19:45  송신:986
20:19:45  GPS위성:7
20:19:45  GPS_HDOP:1.23
20:19:45  원시위도:37.496486
20:19:45  원시경도:126.957613
20:19:45  GPS채택:387
20:19:45  GPS이상치거부:0
20:19:45  GPS품질거부:1
20:19:45  GPS재기준:0
20:19:45  RSSI원시:-65
20:19:45  RSSI평활:-67.7
20:19:45  RSSI샘플:1953
20:19:45  RSSI경과ms:1
20:19:45  차량수신:970
20:19:45  시각ms:107876
20:19:45  IMU시각ms:107864
20:19:45  위험:0
20:19:45  GPS유효:1
20:19:45  위도:37.496483
20:19:45  경도:126.957611
20:19:45  속도:0.038
20:19:45  방향:0.0
20:19:45  GPS원시속도:0.010
20:19:45  GPS원시방향유효:1
20:19:45  GPS원시방향:193.1
20:19:45  가속도:-2.705,2.686,9.041
20:19:45  자이로:-0.565,-0.901,0.260
20:19:45  자력계:-42.000,54.450,15.300
20:19:45  IMU방향유효:0
20:19:45  IMU방향:0.0
20:19:45  방향가속도크기:9.81
20:19:45  방향자이로크기:1.09
20:19:45  방향자세cos:0.5634
20:19:45  자기모델잔차:999.00
20:19:45  자기모델반경:0.000
20:19:45  방향채택:0
20:19:45  방향거부:12546
20:19:45  송신:987
20:19:45  GPS위성:7
20:19:45  GPS_HDOP:1.23
20:19:45  원시위도:37.496486
20:19:45  원시경도:126.957613
20:19:45  GPS채택:387
20:19:45  GPS이상치거부:0
20:19:45  GPS품질거부:1
20:19:45  GPS재기준:0
20:19:45  RSSI원시:-78
20:19:45  RSSI평활:-69.8
20:19:45  RSSI샘플:1955
20:19:45  RSSI경과ms:5
20:19:45  차량수신:971
20:19:46  시각ms:107981
20:19:46  IMU시각ms:107969
20:19:46  위험:0
20:19:46  GPS유효:1
20:19:46  위도:37.496487
20:19:46  경도:126.957611
20:19:46  속도:0.030
20:19:46  방향:0.0
20:19:46  GPS원시속도:0.015
20:19:46  GPS원시방향유효:1
20:19:46  GPS원시방향:193.1
20:19:46  가속도:-2.638,2.744,9.007
20:19:46  자이로:-1.229,-1.702,-0.924
20:19:46  자력계:-41.700,54.150,13.800
20:19:46  IMU방향유효:0
20:19:46  IMU방향:0.0
20:19:46  방향가속도크기:9.78
20:19:46  방향자이로크기:2.29
20:19:46  방향자세cos:0.5701
20:19:46  자기모델잔차:999.00
20:19:46  자기모델반경:0.000
20:19:46  방향채택:0
20:19:46  방향거부:12559
20:19:46  송신:988
20:19:46  GPS위성:7
20:19:46  GPS_HDOP:1.23
20:19:46  원시위도:37.496486
20:19:46  원시경도:126.957613
20:19:46  GPS채택:388
20:19:46  GPS이상치거부:0
20:19:46  GPS품질거부:1
20:19:46  GPS재기준:0
20:19:46  RSSI원시:-65
20:19:46  RSSI평활:-69.5
20:19:46  RSSI샘플:1957
20:19:46  RSSI경과ms:5
20:19:46  차량수신:972
20:19:46  시각ms:108086
20:19:46  IMU시각ms:108074
20:19:46  위험:0
20:19:46  GPS유효:1
20:19:46  위도:37.496487
20:19:46  경도:126.957611
20:19:46  속도:0.030
20:19:46  방향:0.0
20:19:46  GPS원시속도:0.015
20:19:46  GPS원시방향유효:1
20:19:46  GPS원시방향:193.1
20:19:46  가속도:-2.614,2.691,8.959
20:19:46  자이로:-1.382,0.046,0.969
20:19:46  자력계:-42.300,54.150,14.250
20:19:46  IMU방향유효:0
20:19:46  IMU방향:0.0
20:19:46  방향가속도크기:9.71
20:19:46  방향자이로크기:1.69
20:19:46  방향자세cos:0.5695
20:19:46  자기모델잔차:999.00
20:19:46  자기모델반경:0.000
20:19:46  방향채택:0
20:19:46  방향거부:12572
20:19:46  송신:989
20:19:46  GPS위성:7
20:19:46  GPS_HDOP:1.23
20:19:46  원시위도:37.496486
20:19:46  원시경도:126.957613
20:19:46  GPS채택:388
20:19:46  GPS이상치거부:0
20:19:46  GPS품질거부:1
20:19:46  GPS재기준:0
20:19:46  RSSI원시:-64
20:19:46  RSSI평활:-67.4
20:19:46  RSSI샘플:1959
20:19:46  RSSI경과ms:3
20:19:46  차량수신:973
20:19:46  시각ms:108296
20:19:46  IMU시각ms:108284
20:19:46  위험:0
20:19:46  GPS유효:1
20:19:46  위도:37.496487
20:19:46  경도:126.957611
20:19:46  속도:0.034
20:19:46  방향:0.0
20:19:46  GPS원시속도:0.041
20:19:46  GPS원시방향유효:1
20:19:46  GPS원시방향:193.1
20:19:46  가속도:-2.605,2.825,8.959
20:19:46  자이로:-0.427,0.901,-2.366
20:19:46  자력계:-42.150,52.800,14.700
20:19:46  IMU방향유효:0
20:19:46  IMU방향:0.0
20:19:46  방향가속도크기:9.75
20:19:46  방향자이로크기:2.57
20:19:46  방향자세cos:0.5750
20:19:46  자기모델잔차:999.00
20:19:46  자기모델반경:0.000
20:19:46  방향채택:0
20:19:46  방향거부:12598
20:19:46  송신:991
20:19:46  GPS위성:7
20:19:46  GPS_HDOP:1.23
20:19:46  원시위도:37.496487
20:19:46  원시경도:126.957613
20:19:46  GPS채택:389
20:19:46  GPS이상치거부:0
20:19:46  GPS품질거부:1
20:19:46  GPS재기준:0
20:19:46  RSSI원시:-68
20:19:46  RSSI평활:-67.5
20:19:46  RSSI샘플:1963
20:19:46  RSSI경과ms:1
20:19:46  차량수신:975
20:19:46  시각ms:108611
20:19:46  IMU시각ms:108599
20:19:46  위험:0
20:19:46  GPS유효:1
20:19:46  위도:37.496487
20:19:46  경도:126.957611
20:19:46  속도:0.046
20:19:46  방향:0.0
20:19:46  GPS원시속도:0.077
20:19:46  GPS원시방향유효:1
20:19:46  GPS원시방향:193.1
20:19:46  가속도:-2.562,2.710,9.017
20:19:46  자이로:-0.878,0.588,2.237
20:19:46  자력계:-42.150,54.750,12.900
20:19:46  IMU방향유효:0
20:19:46  IMU방향:0.0
20:19:46  방향가속도크기:9.76
20:19:46  방향자이로크기:2.47
20:19:46  방향자세cos:0.5748
20:19:46  자기모델잔차:999.00
20:19:46  자기모델반경:0.000
20:19:46  방향채택:0
20:19:46  방향거부:12637
20:19:46  송신:994
20:19:46  GPS위성:7
20:19:46  GPS_HDOP:1.23
20:19:46  원시위도:37.496488
20:19:46  원시경도:126.957615
20:19:46  GPS채택:391
20:19:46  GPS이상치거부:0
20:19:46  GPS품질거부:1
20:19:46  GPS재기준:0
20:19:46  RSSI원시:-67
20:19:46  RSSI평활:-67.5
20:19:46  RSSI샘플:1969
20:19:46  RSSI경과ms:1
20:19:46  차량수신:978
20:19:46  시각ms:108715
20:19:46  IMU시각ms:108703
20:19:46  위험:0
20:19:46  GPS유효:1
20:19:46  위도:37.496487
20:19:46  경도:126.957611
20:19:46  속도:0.046
20:19:46  방향:0.0
20:19:46  GPS원시속도:0.077
20:19:46  GPS원시방향유효:1
20:19:46  GPS원시방향:193.1
20:19:46  가속도:-2.600,2.744,8.945
20:19:46  자이로:-0.176,-2.351,0.771
20:19:46  자력계:-41.700,52.800,13.950
20:19:46  IMU방향유효:0
20:19:46  IMU방향:0.0
20:19:46  방향가속도크기:9.71
20:19:46  방향자이로크기:2.48
20:19:46  방향자세cos:0.5723
20:19:46  자기모델잔차:999.00
20:19:46  자기모델반경:0.000
20:19:46  방향채택:0
20:19:46  방향거부:12650
20:19:46  송신:995
20:19:46  GPS위성:7
20:19:46  GPS_HDOP:1.23
20:19:46  원시위도:37.496488
20:19:46  원시경도:126.957615
20:19:46  GPS채택:391
20:19:46  GPS이상치거부:0
20:19:46  GPS품질거부:1
20:19:46  GPS재기준:0
20:19:46  RSSI원시:-67
20:19:46  RSSI평활:-67.4
20:19:46  RSSI샘플:1970
20:19:46  RSSI경과ms:81
20:19:46  차량수신:979
20:19:46  시각ms:108820
20:19:46  IMU시각ms:108808
20:19:46  위험:0
20:19:46  GPS유효:1
20:19:46  위도:37.496487
20:19:46  경도:126.957611
20:19:46  속도:0.052
20:19:46  방향:0.0
20:19:46  GPS원시속도:0.062
20:19:46  GPS원시방향유효:1
20:19:46  GPS원시방향:193.1
20:19:46  가속도:-2.504,2.763,8.983
20:19:46  자이로:-0.504,2.061,1.183
20:19:46  자력계:-40.650,53.550,12.900
20:19:46  IMU방향유효:0
20:19:46  IMU방향:0.0
20:19:46  방향가속도크기:9.73
20:19:46  방향자이로크기:2.43
20:19:46  방향자세cos:0.5806
20:19:46  자기모델잔차:999.00
20:19:46  자기모델반경:0.000
20:19:46  방향채택:0
20:19:46  방향거부:12663
20:19:46  송신:996
20:19:46  GPS위성:7
20:19:46  GPS_HDOP:1.23
20:19:46  원시위도:37.496488
20:19:46  원시경도:126.957615
20:19:46  GPS채택:392
20:19:46  GPS이상치거부:0
20:19:46  GPS품질거부:1
20:19:46  GPS재기준:0
20:19:46  RSSI원시:-79
20:19:46  RSSI평활:-69.7
20:19:46  RSSI샘플:1971
20:19:46  RSSI경과ms:86
20:19:46  차량수신:980
20:19:46  시각ms:108924
20:19:46  IMU시각ms:108912
20:19:46  위험:0
20:19:46  GPS유효:1
20:19:46  위도:37.496487
20:19:46  경도:126.957611
20:19:46  속도:0.052
20:19:46  방향:0.0
20:19:46  GPS원시속도:0.062
20:19:46  GPS원시방향유효:1
20:19:46  GPS원시방향:193.1
20:19:46  가속도:-2.571,2.801,8.997
20:19:46  자이로:-1.504,-2.710,0.511
20:19:46  자력계:-42.000,53.700,13.800
20:19:46  IMU방향유효:0
20:19:46  IMU방향:0.0
20:19:46  방향가속도크기:9.77
20:19:46  방향자이로크기:3.14
20:19:46  방향자세cos:0.5771
20:19:46  자기모델잔차:999.00
20:19:46  자기모델반경:0.000
20:19:46  방향채택:0
20:19:46  방향거부:12676
20:19:46  송신:997
20:19:46  GPS위성:7
20:19:46  GPS_HDOP:1.23
20:19:46  원시위도:37.496488
20:19:46  원시경도:126.957615
20:19:46  GPS채택:392
20:19:46  GPS이상치거부:0
20:19:46  GPS품질거부:1
20:19:46  GPS재기준:0
20:19:46  RSSI원시:-70
20:19:46  RSSI평활:-70.0
20:19:46  RSSI샘플:1973
20:19:46  RSSI경과ms:83
20:19:46  차량수신:981
20:19:47  시각ms:109029
20:19:47  IMU시각ms:109017
20:19:47  위험:0
20:19:47  GPS유효:1
20:19:47  위도:37.496487
20:19:47  경도:126.957611
20:19:47  속도:0.041
20:19:47  방향:0.0
20:19:47  GPS원시속도:0.021
20:19:47  GPS원시방향유효:1
20:19:47  GPS원시방향:193.1
20:19:47  가속도:-2.480,2.739,8.978
20:19:47  자이로:0.992,0.672,1.435
20:19:47  자력계:-40.800,52.950,15.300
20:19:47  IMU방향유효:0
20:19:47  IMU방향:0.0
20:19:47  방향가속도크기:9.71
20:19:47  방향자이로크기:1.87
20:19:47  방향자세cos:0.5815
20:19:47  자기모델잔차:999.00
20:19:47  자기모델반경:0.000
20:19:47  방향채택:0
20:19:47  방향거부:12689
20:19:47  송신:998
20:19:47  GPS위성:7
20:19:47  GPS_HDOP:1.23
20:19:47  원시위도:37.496489
20:19:47  원시경도:126.957615
20:19:47  GPS채택:393
20:19:47  GPS이상치거부:0
20:19:47  GPS품질거부:1
20:19:47  GPS재기준:0
20:19:47  RSSI원시:-73
20:19:47  RSSI평활:-70.6
20:19:47  RSSI샘플:1975
20:19:47  RSSI경과ms:79
20:19:47  차량수신:982
20:19:47  시각ms:109133
20:19:47  IMU시각ms:109121
20:19:47  위험:0
20:19:47  GPS유효:1
20:19:47  위도:37.496487
20:19:47  경도:126.957611
20:19:47  속도:0.041
20:19:47  방향:0.0
20:19:47  GPS원시속도:0.021
20:19:47  GPS원시방향유효:1
20:19:47  GPS원시방향:193.1
20:19:47  가속도:-2.672,2.758,8.887
20:19:47  자이로:-0.214,-2.015,1.679
20:19:47  자력계:-42.300,54.450,12.750
20:19:47  IMU방향유효:0
20:19:47  IMU방향:0.0
20:19:47  방향가속도크기:9.68
20:19:47  방향자이로크기:2.63
20:19:47  방향자세cos:0.5667
20:19:47  자기모델잔차:999.00
20:19:47  자기모델반경:0.000
20:19:47  방향채택:0
20:19:47  방향거부:12702
20:19:47  송신:999
20:19:47  GPS위성:7
20:19:47  GPS_HDOP:1.23
20:19:47  원시위도:37.496489
20:19:47  원시경도:126.957615
20:19:47  GPS채택:393
20:19:47  GPS이상치거부:0
20:19:47  GPS품질거부:1
20:19:47  GPS재기준:0
20:19:47  RSSI원시:-72
20:19:47  RSSI평활:-69.8
20:19:47  RSSI샘플:1978
20:19:47  RSSI경과ms:5
20:19:47  차량수신:983
20:19:47  시각ms:109238
20:19:47  IMU시각ms:109226
20:19:47  위험:0
20:19:47  GPS유효:1
20:19:47  위도:37.496490
20:19:47  경도:126.957611
20:19:47  속도:0.041
20:19:47  방향:0.0
20:19:47  GPS원시속도:0.041
20:19:47  GPS원시방향유효:1
20:19:47  GPS원시방향:193.1
20:19:47  가속도:-2.528,2.758,8.973
20:19:47  자이로:-1.183,-1.664,0.565
20:19:47  자력계:-42.150,55.050,13.950
20:19:47  IMU방향유효:0
20:19:47  IMU방향:0.0
20:19:47  방향가속도크기:9.72
20:19:47  방향자이로크기:2.12
20:19:47  방향자세cos:0.5786
20:19:47  자기모델잔차:999.00
20:19:47  자기모델반경:0.000
20:19:47  방향채택:0
20:19:47  방향거부:12715
20:19:47  송신:1000
20:19:47  GPS위성:7
20:19:47  GPS_HDOP:1.23
20:19:47  원시위도:37.496489
20:19:47  원시경도:126.957615
20:19:47  GPS채택:394
20:19:47  GPS이상치거부:0
20:19:47  GPS품질거부:1
20:19:47  GPS재기준:0
20:19:47  RSSI원시:-69
20:19:47  RSSI평활:-71.1
20:19:47  RSSI샘플:1980
20:19:47  RSSI경과ms:4
20:19:47  차량수신:984
20:19:47  시각ms:109448
20:19:47  IMU시각ms:109436
20:19:47  위험:2
20:19:47  GPS유효:1
20:19:47  위도:37.496490
20:19:47  경도:126.957611
20:19:47  속도:0.048
20:19:47  방향:0.0
20:19:47  GPS원시속도:0.062
20:19:47  GPS원시방향유효:1
20:19:47  GPS원시방향:193.1
20:19:47  가속도:-2.840,2.667,9.189
20:19:47  자이로:-0.466,1.405,-2.885
20:19:47  자력계:-39.750,55.650,14.850
20:19:47  IMU방향유효:0
20:19:47  IMU방향:0.0
20:19:47  방향가속도크기:9.98
20:19:47  방향자이로크기:3.24
20:19:47  방향자세cos:0.5545
20:19:47  자기모델잔차:999.00
20:19:47  자기모델반경:0.000
20:19:47  방향채택:0
20:19:47  방향거부:12740
20:19:47  송신:1002
20:19:47  GPS위성:7
20:19:47  GPS_HDOP:1.23
20:19:47  원시위도:37.496490
20:19:47  원시경도:126.957615
20:19:47  GPS채택:395
20:19:47  GPS이상치거부:0
20:19:47  GPS품질거부:1
20:19:47  GPS재기준:0
20:19:47  RSSI원시:-71
20:19:47  RSSI평활:-70.0
20:19:47  RSSI샘플:1984
20:19:47  RSSI경과ms:2
20:19:47  차량수신:986
20:19:47  시각ms:109552
20:19:47  IMU시각ms:109540
20:19:47  위험:2
20:19:47  GPS유효:1
20:19:47  위도:37.496490
20:19:47  경도:126.957611
20:19:47  속도:0.046
20:19:47  방향:0.0
20:19:47  GPS원시속도:0.041
20:19:47  GPS원시방향유효:1
20:19:47  GPS원시방향:193.1
20:19:47  가속도:-0.081,0.828,5.646
20:19:47  자이로:-3.786,8.595,-3.580
20:19:47  자력계:-41.700,54.750,14.700
20:19:47  IMU방향유효:0
20:19:47  IMU방향:0.0
20:19:47  방향가속도크기:5.71
20:19:47  방향자이로크기:10.05
20:19:47  방향자세cos:0.5858
20:19:47  자기모델잔차:999.00
20:19:47  자기모델반경:0.000
20:19:47  방향채택:0
20:19:47  방향거부:12753
20:19:47  송신:1003
20:19:47  GPS위성:7
20:19:47  GPS_HDOP:1.81
20:19:47  원시위도:37.496490
20:19:47  원시경도:126.957615
20:19:47  GPS채택:396
20:19:47  GPS이상치거부:0
20:19:47  GPS품질거부:1
20:19:47  GPS재기준:0
20:19:47  RSSI원시:-70
20:19:47  RSSI평활:-70.2
20:19:47  RSSI샘플:1986
20:19:47  RSSI경과ms:7
20:19:47  차량수신:987
20:19:47  시각ms:109863
20:19:47  IMU시각ms:109851
20:19:47  위험:2
20:19:47  GPS유효:1
20:19:47  위도:37.496490
20:19:47  경도:126.957611
20:19:47  속도:0.042
20:19:47  방향:0.0
20:19:47  GPS원시속도:0.036
20:19:47  GPS원시방향유효:1
20:19:47  GPS원시방향:193.1
20:19:47  가속도:-3.524,3.093,10.381
20:19:47  자이로:0.130,-5.603,-0.405
20:19:47  자력계:-41.250,54.150,14.250
20:19:47  IMU방향유효:0
20:19:47  IMU방향:0.0
20:19:47  방향가속도크기:11.39
20:19:47  방향자이로크기:5.62
20:19:47  방향자세cos:0.5363
20:19:47  자기모델잔차:999.00
20:19:47  자기모델반경:0.000
20:19:47  방향채택:0
20:19:47  방향거부:12790
20:19:47  송신:1006
20:19:47  GPS위성:7
20:19:47  GPS_HDOP:1.81
20:19:47  원시위도:37.496491
20:19:47  원시경도:126.957614
20:19:47  GPS채택:397
20:19:47  GPS이상치거부:0
20:19:47  GPS품질거부:1
20:19:47  GPS재기준:0
20:19:47  RSSI원시:-71
20:19:47  RSSI평활:-71.1
20:19:47  RSSI샘플:1992
20:19:47  RSSI경과ms:8
20:19:47  차량수신:990
20:19:48  시각ms:109966
20:19:48  IMU시각ms:109954
20:19:48  위험:2
20:19:48  GPS유효:1
20:19:48  위도:37.496490
20:19:48  경도:126.957611
20:19:48  속도:0.044
20:19:48  방향:0.0
20:19:48  GPS원시속도:0.046
20:19:48  GPS원시방향유효:1
20:19:48  GPS원시방향:193.1
20:19:48  가속도:-2.720,2.753,9.218
20:19:48  자이로:-1.298,1.023,2.847
20:19:48  자력계:-43.050,53.700,13.500
20:19:48  IMU방향유효:0
20:19:48  IMU방향:0.0
20:19:48  방향가속도크기:10.00
20:19:48  방향자이로크기:3.29
20:19:48  방향자세cos:0.5668
20:19:48  자기모델잔차:999.00
20:19:48  자기모델반경:0.000
20:19:48  방향채택:0
20:19:48  방향거부:12802
20:19:48  송신:1007
20:19:48  GPS위성:7
20:19:48  GPS_HDOP:1.81
20:19:48  원시위도:37.496491
20:19:48  원시경도:126.957614
20:19:48  GPS채택:398
20:19:48  GPS이상치거부:0
20:19:48  GPS품질거부:1
20:19:48  GPS재기준:0
20:19:48  RSSI원시:-71
20:19:48  RSSI평활:-70.7
20:19:48  RSSI샘플:1994
20:19:48  RSSI경과ms:4
20:19:48  차량수신:991
20:19:48  시각ms:110277
20:19:48  IMU시각ms:110265
20:19:48  위험:2
20:19:48  GPS유효:1
20:19:48  위도:37.496490
20:19:48  경도:126.957611
20:19:48  속도:0.043
20:19:48  방향:0.0
20:19:48  GPS원시속도:0.041
20:19:48  GPS원시방향유효:1
20:19:48  GPS원시방향:193.1
20:19:48  가속도:-3.103,2.863,9.146
20:19:48  자이로:-6.321,0.176,2.145
20:19:48  자력계:-41.700,54.750,13.950
20:19:48  IMU방향유효:0
20:19:48  IMU방향:0.0
20:19:48  방향가속도크기:10.07
20:19:48  방향자이로크기:6.68
20:19:48  방향자세cos:0.5414
20:19:48  자기모델잔차:999.00
20:19:48  자기모델반경:0.000
20:19:48  방향채택:0
20:19:48  방향거부:12839
20:19:48  송신:1010
20:19:48  GPS위성:7
20:19:48  GPS_HDOP:1.81
20:19:48  원시위도:37.496492
20:19:48  원시경도:126.957614
20:19:48  GPS채택:399
20:19:48  GPS이상치거부:0
20:19:48  GPS품질거부:1
20:19:48  GPS재기준:0
20:19:48  RSSI원시:-66
20:19:48  RSSI평활:-67.8
20:19:48  RSSI샘플:2000
20:19:48  RSSI경과ms:2
20:19:48  차량수신:994
20:19:48  시각ms:110380
20:19:48  IMU시각ms:110368
20:19:48  위험:2
20:19:48  GPS유효:1
20:19:48  위도:37.496490
20:19:48  경도:126.957611
20:19:48  속도:0.039
20:19:48  방향:0.0
20:19:48  GPS원시속도:0.031
20:19:48  GPS원시방향유효:1
20:19:48  GPS원시방향:193.1
20:19:48  가속도:-0.594,0.843,7.053
20:19:48  자이로:5.008,-17.008,12.649
20:19:48  자력계:-40.650,55.500,13.200
20:19:48  IMU방향유효:0
20:19:48  IMU방향:0.0
20:19:48  방향가속도크기:7.13
20:19:48  방향자이로크기:21.78
20:19:48  방향자세cos:0.6395
20:19:48  자기모델잔차:999.00
20:19:48  자기모델반경:0.000
20:19:48  방향채택:0
20:19:48  방향거부:12851
20:19:48  송신:1011
20:19:48  GPS위성:7
20:19:48  GPS_HDOP:1.81
20:19:48  원시위도:37.496492
20:19:48  원시경도:126.957614
20:19:48  GPS채택:400
20:19:48  GPS이상치거부:0
20:19:48  GPS품질거부:1
20:19:48  GPS재기준:0
20:19:48  RSSI원시:-67
20:19:48  RSSI평활:-67.6
20:19:48  RSSI샘플:2001
20:19:48  RSSI경과ms:55
20:19:48  차량수신:995
20:19:48  시각ms:110588
20:19:48  IMU시각ms:110576
20:19:48  위험:2
20:19:48  GPS유효:1
20:19:48  위도:37.496490
20:19:48  경도:126.957611
20:19:48  속도:0.040
20:19:48  방향:0.0
20:19:48  GPS원시속도:0.041
20:19:48  GPS원시방향유효:1
20:19:48  GPS원시방향:193.1
20:19:48  가속도:-0.038,-3.021,4.822
20:19:48  자이로:3.198,-10.145,5.855
20:19:48  자력계:-40.050,54.450,14.250
20:19:48  IMU방향유효:0
20:19:48  IMU방향:0.0
20:19:48  방향가속도크기:5.69
20:19:48  방향자이로크기:12.14
20:19:48  방향자세cos:0.4364
20:19:48  자기모델잔차:999.00
20:19:48  자기모델반경:0.000
20:19:48  방향채택:0
20:19:48  방향거부:12876
20:19:48  송신:1013
20:19:48  GPS위성:7
20:19:48  GPS_HDOP:1.81
20:19:48  원시위도:37.496493
20:19:48  원시경도:126.957614
20:19:48  GPS채택:401
20:19:48  GPS이상치거부:0
20:19:48  GPS품질거부:1
20:19:48  GPS재기준:0
20:19:48  RSSI원시:-63
20:19:48  RSSI평활:-65.4
20:19:48  RSSI샘플:2006
20:19:48  RSSI경과ms:5
20:19:48  차량수신:997
20:19:48  시각ms:110795
20:19:48  IMU시각ms:110783
20:19:48  위험:2
20:19:48  GPS유효:1
20:19:48  위도:37.496494
20:19:48  경도:126.957611
20:19:48  속도:0.051
20:19:48  방향:0.0
20:19:48  GPS원시속도:0.072
20:19:48  GPS원시방향유효:1
20:19:48  GPS원시방향:193.1
20:19:48  가속도:-2.686,2.792,9.414
20:19:48  자이로:0.542,-0.496,-0.656
20:19:48  자력계:-41.700,50.850,12.600
20:19:48  IMU방향유효:0
20:19:48  IMU방향:0.0
20:19:48  방향가속도크기:10.18
20:19:48  방향자이로크기:0.99
20:19:48  방향자세cos:0.5726
20:19:48  자기모델잔차:999.00
20:19:48  자기모델반경:0.000
20:19:48  방향채택:0
20:19:48  방향거부:12901
20:19:48  송신:1015
20:19:48  GPS위성:7
20:19:48  GPS_HDOP:1.81
20:19:48  원시위도:37.496493
20:19:48  원시경도:126.957614
20:19:48  GPS채택:402
20:19:48  GPS이상치거부:0
20:19:48  GPS품질거부:1
20:19:48  GPS재기준:0
20:19:48  RSSI원시:-67
20:19:48  RSSI평활:-66.4
20:19:48  RSSI샘플:2010
20:19:48  RSSI경과ms:2
20:19:48  차량수신:999
20:19:48  시각ms:110898
20:19:48  IMU시각ms:110886
20:19:48  위험:2
20:19:48  GPS유효:1
20:19:48  위도:37.496494
20:19:48  경도:126.957611
20:19:48  속도:0.051
20:19:48  방향:0.0
20:19:48  GPS원시속도:0.072
20:19:48  GPS원시방향유효:1
20:19:48  GPS원시방향:193.1
20:19:48  가속도:-2.552,2.758,8.710
20:19:48  자이로:-2.511,0.160,2.244
20:19:48  자력계:-42.300,54.450,13.050
20:19:48  IMU방향유효:0
20:19:48  IMU방향:0.0
20:19:48  방향가속도크기:9.49
20:19:48  방향자이로크기:3.37
20:19:48  방향자세cos:0.5739
20:19:48  자기모델잔차:999.00
20:19:48  자기모델반경:0.000
20:19:48  방향채택:0
20:19:48  방향거부:12913
20:19:48  송신:1016
20:19:48  GPS위성:7
20:19:48  GPS_HDOP:1.81
20:19:48  원시위도:37.496493
20:19:48  원시경도:126.957614
20:19:48  GPS채택:402
20:19:48  GPS이상치거부:0
20:19:48  GPS품질거부:1
20:19:48  GPS재기준:0
20:19:48  RSSI원시:-65
20:19:48  RSSI평활:-66.1
20:19:48  RSSI샘플:2011
20:19:48  RSSI경과ms:53
20:19:48  차량수신:1000
20:19:49  시각ms:111003
20:19:49  IMU시각ms:110991
20:19:49  위험:2
20:19:49  GPS유효:1
20:19:49  위도:37.496494
20:19:49  경도:126.957611
20:19:49  속도:0.058
20:19:49  방향:0.0
20:19:49  GPS원시속도:0.072
20:19:49  GPS원시방향유효:1
20:19:49  GPS원시방향:193.1
20:19:49  가속도:-2.658,3.007,8.997
20:19:49  자이로:-3.206,0.840,1.321
20:19:49  자력계:-40.200,54.000,14.400
20:19:49  IMU방향유효:0
20:19:49  IMU방향:0.0
20:19:49  방향가속도크기:9.85
20:19:49  방향자이로크기:3.57
20:19:49  방향자세cos:0.5777
20:19:49  자기모델잔차:999.00
20:19:49  자기모델반경:0.000
20:19:49  방향채택:0
20:19:49  방향거부:12926
20:19:49  송신:1017
20:19:49  GPS위성:7
20:19:49  GPS_HDOP:1.81
20:19:49  원시위도:37.496494
20:19:49  원시경도:126.957613
20:19:49  GPS채택:403
20:19:49  GPS이상치거부:0
20:19:49  GPS품질거부:1
20:19:49  GPS재기준:0
20:19:49  RSSI원시:-70
20:19:49  RSSI평활:-66.7
20:19:49  RSSI샘플:2014
20:19:49  RSSI경과ms:2
20:19:49  차량수신:1001
20:19:49  시각ms:111106
20:19:49  IMU시각ms:111094
20:19:49  위험:2
20:19:49  GPS유효:1
20:19:49  위도:37.496494
20:19:49  경도:126.957611
20:19:49  속도:0.058
20:19:49  방향:0.0
20:19:49  GPS원시속도:0.072
20:19:49  GPS원시방향유효:1
20:19:49  GPS원시방향:193.1
20:19:49  가속도:-4.482,3.716,9.706
20:19:49  자이로:-1.573,0.977,-0.397
20:19:49  자력계:-40.950,54.750,12.600
20:19:49  IMU방향유효:0
20:19:49  IMU방향:0.0
20:19:49  방향가속도크기:11.32
20:19:49  방향자이로크기:1.89
20:19:49  방향자세cos:0.4806
20:19:49  자기모델잔차:999.00
20:19:49  자기모델반경:0.000
20:19:49  방향채택:0
20:19:49  방향거부:12938
20:19:49  송신:1018
20:19:49  GPS위성:7
20:19:49  GPS_HDOP:1.81
20:19:49  원시위도:37.496494
20:19:49  원시경도:126.957613
20:19:49  GPS채택:403
20:19:49  GPS이상치거부:0
20:19:49  GPS품질거부:1
20:19:49  GPS재기준:0
20:19:49  RSSI원시:-68
20:19:49  RSSI평활:-67.7
20:19:49  RSSI샘플:2016
20:19:49  RSSI경과ms:7
20:19:49  차량수신:1002
20:19:49  시각ms:111209
20:19:49  IMU시각ms:111197
20:19:49  위험:2
20:19:49  GPS유효:1
20:19:49  위도:37.496494
20:19:49  경도:126.957611
20:19:49  속도:0.090
20:19:49  방향:0.0
20:19:49  GPS원시속도:0.149
20:19:49  GPS원시방향유효:1
20:19:49  GPS원시방향:193.1
20:19:49  가속도:0.709,-2.030,5.272
20:19:49  자이로:-2.092,4.313,-4.374
20:19:49  자력계:-42.150,55.800,14.700
20:19:49  IMU방향유효:0
20:19:49  IMU방향:0.0
20:19:49  방향가속도크기:5.69
20:19:49  방향자이로크기:6.49
20:19:49  방향자세cos:0.6829
20:19:49  자기모델잔차:999.00
20:19:49  자기모델반경:0.000
20:19:49  방향채택:0
20:19:49  방향거부:12950
20:19:49  송신:1019
20:19:49  GPS위성:7
20:19:49  GPS_HDOP:1.81
20:19:49  원시위도:37.496494
20:19:49  원시경도:126.957614
20:19:49  GPS채택:404
20:19:49  GPS이상치거부:0
20:19:49  GPS품질거부:1
20:19:49  GPS재기준:0
20:19:49  RSSI원시:-69
20:19:49  RSSI평활:-68.2
20:19:49  RSSI샘플:2018
20:19:49  RSSI경과ms:4
20:19:49  차량수신:1003
20:19:49  시각ms:111415
20:19:49  IMU시각ms:111403
20:19:49  위험:1
20:19:49  GPS유효:1
20:19:49  위도:37.496494
20:19:49  경도:126.957611
20:19:49  속도:0.152
20:19:49  방향:0.0
20:19:49  GPS원시속도:0.268
20:19:49  GPS원시방향유효:1
20:19:49  GPS원시방향:193.1
20:19:49  가속도:-1.010,-0.656,6.091
20:19:49  자이로:0.198,-16.313,4.069
20:19:49  자력계:-41.250,54.900,14.250
20:19:49  IMU방향유효:0
20:19:49  IMU방향:0.0
20:19:49  방향가속도크기:6.21
20:19:49  방향자이로크기:16.81
20:19:49  방향자세cos:0.7412
20:19:49  자기모델잔차:999.00
20:19:49  자기모델반경:0.000
20:19:49  방향채택:0
20:19:49  방향거부:12974
20:19:49  송신:1021
20:19:49  GPS위성:7
20:19:49  GPS_HDOP:1.81
20:19:49  원시위도:37.496495
20:19:49  원시경도:126.957615
20:19:49  GPS채택:405
20:19:49  GPS이상치거부:0
20:19:49  GPS품질거부:1
20:19:49  GPS재기준:0
20:19:49  RSSI원시:-66
20:19:49  RSSI평활:-68.5
20:19:49  RSSI샘플:2022
20:19:49  RSSI경과ms:5
20:19:49  차량수신:1005
20:19:49  시각ms:111518
20:19:49  IMU시각ms:111506
20:19:49  위험:1
20:19:49  GPS유효:1
20:19:49  위도:37.496494
20:19:49  경도:126.957611
20:19:49  속도:0.152
20:19:49  방향:0.0
20:19:49  GPS원시속도:0.268
20:19:49  GPS원시방향유효:1
20:19:49  GPS원시방향:193.1
20:19:49  가속도:-4.281,2.835,6.297
20:19:49  자이로:14.885,-11.168,4.672
20:19:49  자력계:-41.700,55.500,13.200
20:19:49  IMU방향유효:0
20:19:49  IMU방향:0.0
20:19:49  방향가속도크기:8.12
20:19:49  방향자이로크기:19.19
20:19:49  방향자세cos:0.3625
20:19:49  자기모델잔차:999.00
20:19:49  자기모델반경:0.000
20:19:49  방향채택:0
20:19:49  방향거부:12986
20:19:49  송신:1022
20:19:49  GPS위성:7
20:19:49  GPS_HDOP:1.81
20:19:49  원시위도:37.496495
20:19:49  원시경도:126.957615
20:19:49  GPS채택:405
20:19:49  GPS이상치거부:0
20:19:49  GPS품질거부:1
20:19:49  GPS재기준:0
20:19:49  RSSI원시:-65
20:19:49  RSSI평활:-67.6
20:19:49  RSSI샘플:2024
20:19:49  RSSI경과ms:4
20:19:49  차량수신:1006
20:19:49  시각ms:111621
20:19:49  IMU시각ms:111609
20:19:49  위험:1
20:19:49  GPS유효:1
20:19:49  위도:37.496494
20:19:49  경도:126.957611
20:19:49  속도:0.193
20:19:49  방향:0.0
20:19:49  GPS원시속도:0.268
20:19:49  GPS원시방향유효:1
20:19:49  GPS원시방향:193.1
20:19:49  가속도:-6.230,10.448,14.811
20:19:49  자이로:-1.183,13.198,0.420
20:19:49  자력계:-40.650,53.550,15.150
20:19:49  IMU방향유효:0
20:19:49  IMU방향:0.0
20:19:49  방향가속도크기:19.17
20:19:49  방향자이로크기:13.26
20:19:49  방향자세cos:0.5585
20:19:49  자기모델잔차:999.00
20:19:49  자기모델반경:0.000
20:19:49  방향채택:0
20:19:49  방향거부:12998
20:19:49  송신:1023
20:19:49  GPS위성:7
20:19:49  GPS_HDOP:1.81
20:19:49  원시위도:37.496495
20:19:49  원시경도:126.957615
20:19:49  GPS채택:406
20:19:49  GPS이상치거부:0
20:19:49  GPS품질거부:1
20:19:49  GPS재기준:0
20:19:49  RSSI원시:-65
20:19:49  RSSI평활:-66.8
20:19:49  RSSI샘플:2026
20:19:49  RSSI경과ms:2
20:19:49  차량수신:1007
20:19:49  시각ms:111724
20:19:49  IMU시각ms:111712
20:19:49  위험:1
20:19:49  GPS유효:1
20:19:49  위도:37.496494
20:19:49  경도:126.957611
20:19:49  속도:0.193
20:19:49  방향:0.0
20:19:49  GPS원시속도:0.268
20:19:49  GPS원시방향유효:1
20:19:49  GPS원시방향:193.1
20:19:49  가속도:-2.586,1.432,9.653
20:19:49  자이로:-7.298,3.687,-1.000
20:19:49  자력계:-42.900,54.300,13.950
20:19:49  IMU방향유효:0
20:19:49  IMU방향:0.0
20:19:49  방향가속도크기:10.10
20:19:49  방향자이로크기:8.24
20:19:49  방향자세cos:0.5298
20:19:49  자기모델잔차:999.00
20:19:49  자기모델반경:0.000
20:19:49  방향채택:0
20:19:49  방향거부:13010
20:19:49  송신:1024
20:19:49  GPS위성:7
20:19:49  GPS_HDOP:1.81
20:19:49  원시위도:37.496495
20:19:49  원시경도:126.957615
20:19:49  GPS채택:406
20:19:49  GPS이상치거부:0
20:19:49  GPS품질거부:1
20:19:49  GPS재기준:0
20:19:49  RSSI원시:-67
20:19:49  RSSI평활:-66.9
20:19:49  RSSI샘플:2027
20:19:49  RSSI경과ms:37
20:19:49  차량수신:1008
20:19:49  시각ms:111829
20:19:49  IMU시각ms:111817
20:19:49  위험:1
20:19:49  GPS유효:1
20:19:49  위도:37.496494
20:19:49  경도:126.957611
20:19:49  속도:0.212
20:19:49  방향:0.0
20:19:49  GPS원시속도:0.247
20:19:49  GPS원시방향유효:1
20:19:49  GPS원시방향:193.1
20:19:49  가속도:-6.800,8.303,14.705
20:19:49  자이로:-6.290,9.473,-5.504
20:19:49  자력계:-41.700,54.750,14.400
20:19:49  IMU방향유효:0
20:19:49  IMU방향:0.0
20:19:49  방향가속도크기:18.20
20:19:49  방향자이로크기:12.63
20:19:49  방향자세cos:0.4491
20:19:49  자기모델잔차:999.00
20:19:49  자기모델반경:0.000
20:19:49  방향채택:0
20:19:49  방향거부:13023
20:19:49  송신:1025
20:19:49  GPS위성:7
20:19:49  GPS_HDOP:1.81
20:19:49  원시위도:37.496496
20:19:49  원시경도:126.957616
20:19:49  GPS채택:407
20:19:49  GPS이상치거부:0
20:19:49  GPS품질거부:1
20:19:49  GPS재기준:0
20:19:49  RSSI원시:-66
20:19:49  RSSI평활:-68.1
20:19:49  RSSI샘플:2029
20:19:49  RSSI경과ms:34
20:19:49  차량수신:1009
20:19:49  시각ms:111933
20:19:49  IMU시각ms:111921
20:19:49  위험:1
20:19:49  GPS유효:1
20:19:49  위도:37.496494
20:19:49  경도:126.957611
20:19:49  속도:0.212
20:19:49  방향:0.0
20:19:49  GPS원시속도:0.247
20:19:49  GPS원시방향유효:1
20:19:49  GPS원시방향:193.1
20:19:49  가속도:-2.696,2.715,8.801
20:19:49  자이로:-3.237,1.328,-0.550
20:19:49  자력계:-41.250,53.400,13.500
20:19:49  IMU방향유효:0
20:19:49  IMU방향:0.0
20:19:49  방향가속도크기:9.60
20:19:49  방향자이로크기:3.54
20:19:49  방향자세cos:0.5623
20:19:49  자기모델잔차:999.00
20:19:49  자기모델반경:0.000
20:19:49  방향채택:0
20:19:49  방향거부:13036
20:19:49  송신:1026
20:19:49  GPS위성:7
20:19:49  GPS_HDOP:1.81
20:19:49  원시위도:37.496496
20:19:49  원시경도:126.957616
20:19:49  GPS채택:407
20:19:49  GPS이상치거부:0
20:19:49  GPS품질거부:1
20:19:49  GPS재기준:0
20:19:49  RSSI원시:-67
20:19:49  RSSI평활:-67.9
20:19:49  RSSI샘플:2031
20:19:49  RSSI경과ms:36
20:19:49  차량수신:1010
20:19:50  시각ms:112038
20:19:50  IMU시각ms:112026
20:19:50  위험:1
20:19:50  GPS유효:1
20:19:50  위도:37.496494
20:19:50  경도:126.957619
20:19:50  속도:0.251
20:19:50  방향:0.0
20:19:50  GPS원시속도:0.324
20:19:50  GPS원시방향유효:1
20:19:50  GPS원시방향:193.1
20:19:50  가속도:-2.591,2.629,9.160
20:19:50  자이로:0.130,0.855,-0.763
20:19:50  자력계:-42.300,55.350,13.050
20:19:50  IMU방향유효:0
20:19:50  IMU방향:0.0
20:19:50  방향가속도크기:9.88
20:19:50  방향자이로크기:1.15
20:19:50  방향자세cos:0.5712
20:19:50  자기모델잔차:999.00
20:19:50  자기모델반경:0.000
20:19:50  방향채택:0
20:19:50  방향거부:13049
20:19:50  송신:1027
20:19:50  GPS위성:7
20:19:50  GPS_HDOP:1.81
20:19:50  원시위도:37.496496
20:19:50  원시경도:126.957617
20:19:50  GPS채택:408
20:19:50  GPS이상치거부:0
20:19:50  GPS품질거부:1
20:19:50  GPS재기준:0
20:19:50  RSSI원시:-76
20:19:50  RSSI평활:-70.6
20:19:50  RSSI샘플:2034
20:19:50  RSSI경과ms:4
20:19:50  차량수신:1011
20:19:50  시각ms:112247
20:19:50  IMU시각ms:112235
20:19:50  위험:1
20:19:50  GPS유효:1
20:19:50  위도:37.496494
20:19:50  경도:126.957619
20:19:50  속도:0.271
20:19:50  방향:0.0
20:19:50  GPS원시속도:0.309
20:19:50  GPS원시방향유효:1
20:19:50  GPS원시방향:193.1
20:19:50  가속도:-2.490,2.739,9.012
20:19:50  자이로:-1.588,-1.412,-2.656
20:19:50  자력계:-42.300,54.900,13.050
20:19:50  IMU방향유효:0
20:19:50  IMU방향:0.0
20:19:50  방향가속도크기:9.74
20:19:50  방향자이로크기:3.40
20:19:50  방향자세cos:0.5811
20:19:50  자기모델잔차:999.00
20:19:50  자기모델반경:0.000
20:19:50  방향채택:0
20:19:50  방향거부:13075
20:19:50  송신:1029
20:19:50  GPS위성:7
20:19:50  GPS_HDOP:1.81
20:19:50  원시위도:37.496496
20:19:50  원시경도:126.957617
20:19:50  GPS채택:409
20:19:50  GPS이상치거부:0
20:19:50  GPS품질거부:1
20:19:50  GPS재기준:0
20:19:50  RSSI원시:-65
20:19:50  RSSI평활:-68.3
20:19:50  RSSI샘플:2037
20:19:50  RSSI경과ms:33
20:19:50  차량수신:1013
20:19:50  시각ms:112351
20:19:50  IMU시각ms:112339
20:19:50  위험:1
20:19:50  GPS유효:1
20:19:50  위도:37.496494
20:19:50  경도:126.957619
20:19:50  속도:0.264
20:19:50  방향:0.0
20:19:50  GPS원시속도:0.252
20:19:50  GPS원시방향유효:1
20:19:50  GPS원시방향:193.1
20:19:50  가속도:-2.538,2.696,8.993
20:19:50  자이로:-1.427,1.824,-1.160
20:19:50  자력계:-42.450,52.800,12.600
20:19:50  IMU방향유효:0
20:19:50  IMU방향:0.0
20:19:50  방향가속도크기:9.73
20:19:50  방향자이로크기:2.59
20:19:50  방향자세cos:0.5758
20:19:50  자기모델잔차:999.00
20:19:50  자기모델반경:0.000
20:19:50  방향채택:0
20:19:50  방향거부:13088
20:19:50  송신:1030
20:19:50  GPS위성:7
20:19:50  GPS_HDOP:1.81
20:19:50  원시위도:37.496496
20:19:50  원시경도:126.957618
20:19:50  GPS채택:410
20:19:50  GPS이상치거부:0
20:19:50  GPS품질거부:1
20:19:50  GPS재기준:0
20:19:50  RSSI원시:-68
20:19:50  RSSI평활:-68.5
20:19:50  RSSI샘플:2039
20:19:50  RSSI경과ms:33
20:19:50  차량수신:1014
20:19:50  시각ms:112456
20:19:50  IMU시각ms:112444
20:19:50  위험:1
20:19:50  GPS유효:1
20:19:50  위도:37.496494
20:19:50  경도:126.957619
20:19:50  속도:0.264
20:19:50  방향:0.0
20:19:50  GPS원시속도:0.252
20:19:50  GPS원시방향유효:1
20:19:50  GPS원시방향:193.1
20:19:50  가속도:-2.485,2.873,8.983
20:19:50  자이로:-1.313,-1.603,0.687
20:19:50  자력계:-41.700,53.550,13.950
20:19:50  IMU방향유효:0
20:19:50  IMU방향:0.0
20:19:50  방향가속도크기:9.75
20:19:50  방향자이로크기:2.18
20:19:50  방향자세cos:0.5859
20:19:50  자기모델잔차:999.00
20:19:50  자기모델반경:0.000
20:19:50  방향채택:0
20:19:50  방향거부:13101
20:19:50  송신:1031
20:19:50  GPS위성:7
20:19:50  GPS_HDOP:1.81
20:19:50  원시위도:37.496496
20:19:50  원시경도:126.957618
20:19:50  GPS채택:410
20:19:50  GPS이상치거부:0
20:19:50  GPS품질거부:1
20:19:50  GPS재기준:0
20:19:50  RSSI원시:-65
20:19:50  RSSI평활:-67.6
20:19:50  RSSI샘플:2041
20:19:50  RSSI경과ms:31
20:19:50  차량수신:1015
20:19:50  시각ms:112560
20:19:50  IMU시각ms:112548
20:19:50  위험:1
20:19:50  GPS유효:1
20:19:50  위도:37.496494
20:19:50  경도:126.957619
20:19:50  속도:0.222
20:19:50  방향:0.0
20:19:50  GPS원시속도:0.144
20:19:50  GPS원시방향유효:1
20:19:50  GPS원시방향:193.1
20:19:50  가속도:-2.624,2.705,8.993
20:19:50  자이로:-0.702,0.046,-1.840
20:19:50  자력계:-40.650,54.750,13.650
20:19:50  IMU방향유효:0
20:19:50  IMU방향:0.0
20:19:50  방향가속도크기:9.75
20:19:50  방향자이로크기:1.97
20:19:50  방향자세cos:0.5697
20:19:50  자기모델잔차:999.00
20:19:50  자기모델반경:0.000
20:19:50  방향채택:0
20:19:50  방향거부:13114
20:19:50  송신:1032
20:19:50  GPS위성:7
20:19:50  GPS_HDOP:1.81
20:19:50  원시위도:37.496497
20:19:50  원시경도:126.957618
20:19:50  GPS채택:411
20:19:50  GPS이상치거부:0
20:19:50  GPS품질거부:1
20:19:50  GPS재기준:0
20:19:50  RSSI원시:-76
20:19:50  RSSI평활:-69.2
20:19:50  RSSI샘플:2043
20:19:50  RSSI경과ms:26
20:19:50  차량수신:1016
20:19:50  시각ms:112665
20:19:50  IMU시각ms:112653
20:19:50  위험:1
20:19:50  GPS유효:1
20:19:50  위도:37.496494
20:19:50  경도:126.957619
20:19:50  속도:0.222
20:19:50  방향:0.0
20:19:50  GPS원시속도:0.144
20:19:50  GPS원시방향유효:1
20:19:50  GPS원시방향:193.1
20:19:50  가속도:-2.509,2.796,8.978
20:19:50  자이로:0.305,0.786,-0.046
20:19:50  자력계:-42.000,52.950,14.550
20:19:50  IMU방향유효:0
20:19:50  IMU방향:0.0
20:19:50  방향가속도크기:9.73
20:19:50  방향자이로크기:0.84
20:19:50  방향자세cos:0.5814
20:19:50  자기모델잔차:999.00
20:19:50  자기모델반경:0.000
20:19:50  방향채택:0
20:19:50  방향거부:13127
20:19:50  송신:1033
20:19:50  GPS위성:7
20:19:50  GPS_HDOP:1.81
20:19:50  원시위도:37.496497
20:19:50  원시경도:126.957618
20:19:50  GPS채택:411
20:19:50  GPS이상치거부:0
20:19:50  GPS품질거부:1
20:19:50  GPS재기준:0
20:19:50  RSSI원시:-76
20:19:50  RSSI평활:-71.8
20:19:50  RSSI샘플:2045
20:19:50  RSSI경과ms:31
20:19:50  차량수신:1017
20:19:50  시각ms:112769
20:19:50  IMU시각ms:112757
20:19:50  위험:1
20:19:50  GPS유효:1
20:19:50  위도:37.496498
20:19:50  경도:126.957619
20:19:50  속도:0.181
20:19:50  방향:0.0
20:19:50  GPS원시속도:0.103
20:19:50  GPS원시방향유효:1
20:19:50  GPS원시방향:193.1
20:19:50  가속도:-2.485,2.772,9.084
20:19:50  자이로:-0.840,-0.481,1.611
20:19:50  자력계:-41.700,54.000,13.650
20:19:50  IMU방향유효:0
20:19:50  IMU방향:0.0
20:19:50  방향가속도크기:9.82
20:19:50  방향자이로크기:1.88
20:19:50  방향자세cos:0.5834
20:19:50  자기모델잔차:999.00
20:19:50  자기모델반경:0.000
20:19:50  방향채택:0
20:19:50  방향거부:13140
20:19:50  송신:1034
20:19:50  GPS위성:7
20:19:50  GPS_HDOP:1.81
20:19:50  원시위도:37.496497
20:19:50  원시경도:126.957618
20:19:50  GPS채택:412
20:19:50  GPS이상치거부:0
20:19:50  GPS품질거부:1
20:19:50  GPS재기준:0
20:19:50  RSSI원시:-74
20:19:50  RSSI평활:-72.6
20:19:50  RSSI샘플:2048
20:19:50  RSSI경과ms:1
20:19:50  차량수신:1018
20:19:50  시각ms:112872
20:19:50  IMU시각ms:112860
20:19:50  위험:1
20:19:50  GPS유효:1
20:19:50  위도:37.496498
20:19:50  경도:126.957619
20:19:50  속도:0.181
20:19:50  방향:0.0
20:19:50  GPS원시속도:0.103
20:19:50  GPS원시방향유효:1
20:19:50  GPS원시방향:193.1
20:19:50  가속도:-2.595,2.720,8.978
20:19:50  자이로:-0.611,-2.969,-1.092
20:19:50  자력계:-40.800,52.950,14.550
20:19:50  IMU방향유효:0
20:19:50  IMU방향:0.0
20:19:50  방향가속도크기:9.73
20:19:50  방향자이로크기:3.22
20:19:50  방향자세cos:0.5722
20:19:50  자기모델잔차:999.00
20:19:50  자기모델반경:0.000
20:19:50  방향채택:0
20:19:50  방향거부:13152
20:19:50  송신:1035
20:19:50  GPS위성:7
20:19:50  GPS_HDOP:1.81
20:19:50  원시위도:37.496497
20:19:50  원시경도:126.957618
20:19:50  GPS채택:412
20:19:50  GPS이상치거부:0
20:19:50  GPS품질거부:1
20:19:50  GPS재기준:0
20:19:50  RSSI원시:-76
20:19:50  RSSI평활:-73.3
20:19:50  RSSI샘플:2049
20:19:50  RSSI경과ms:36
20:19:50  차량수신:1019
20:19:51  시각ms:112977
20:19:51  IMU시각ms:112965
20:19:51  위험:1
20:19:51  GPS유효:1
20:19:51  위도:37.496498
20:19:51  경도:126.957619
20:19:51  속도:0.134
20:19:51  방향:0.0
20:19:51  GPS원시속도:0.046
20:19:51  GPS원시방향유효:1
20:19:51  GPS원시방향:193.1
20:19:51  가속도:-2.710,2.868,8.993
20:19:51  자이로:-1.336,-0.763,-1.053
20:19:51  자력계:-41.400,54.300,12.150
20:19:51  IMU방향유효:0
20:19:51  IMU방향:0.0
20:19:51  방향가속도크기:9.82
20:19:51  방향자이로크기:1.86
20:19:51  방향자세cos:0.5689
20:19:51  자기모델잔차:999.00
20:19:51  자기모델반경:0.000
20:19:51  방향채택:0
20:19:51  방향거부:13165
20:19:51  송신:1036
20:19:51  GPS위성:7
20:19:51  GPS_HDOP:1.81
20:19:51  원시위도:37.496497
20:19:51  원시경도:126.957619
20:19:51  GPS채택:413
20:19:51  GPS이상치거부:0
20:19:51  GPS품질거부:1
20:19:51  GPS재기준:0
20:19:51  RSSI원시:-70
20:19:51  RSSI평활:-72.7
20:19:51  RSSI샘플:2052
20:19:51  RSSI경과ms:3
20:19:51  차량수신:1020
20:19:51  시각ms:113080
20:19:51  IMU시각ms:113068
20:19:51  위험:1
20:19:51  GPS유효:1
20:19:51  위도:37.496498
20:19:51  경도:126.957619
20:19:51  속도:0.134
20:19:51  방향:0.0
20:19:51  GPS원시속도:0.046
20:19:51  GPS원시방향유효:1
20:19:51  GPS원시방향:193.1
20:19:51  가속도:-2.571,2.739,8.964
20:19:51  자이로:-0.542,-2.321,-0.305
20:19:51  자력계:-41.550,53.700,14.850
20:19:51  IMU방향유효:0
20:19:51  IMU방향:0.0
20:19:51  방향가속도크기:9.72
20:19:51  방향자이로크기:2.40
20:19:51  방향자세cos:0.5745
20:19:51  자기모델잔차:999.00
20:19:51  자기모델반경:0.000
20:19:51  방향채택:0
20:19:51  방향거부:13177
20:19:51  송신:1037
20:19:51  GPS위성:7
20:19:51  GPS_HDOP:1.81
20:19:51  원시위도:37.496497
20:19:51  원시경도:126.957619
20:19:51  GPS채택:413
20:19:51  GPS이상치거부:0
20:19:51  GPS품질거부:1
20:19:51  GPS재기준:0
20:19:51  RSSI원시:-72
20:19:51  RSSI평활:-72.3
20:19:51  RSSI샘플:2054
20:19:51  RSSI경과ms:4
20:19:51  차량수신:1021
20:19:51  시각ms:113700
20:19:51  IMU시각ms:113688
20:19:51  위험:1
20:19:51  GPS유효:1
20:19:51  위도:37.496498
20:19:51  경도:126.957619
20:19:51  속도:0.059
20:19:51  방향:0.0
20:19:51  GPS원시속도:0.036
20:19:51  GPS원시방향유효:1
20:19:51  GPS원시방향:193.1
20:19:51  가속도:-1.144,-4.401,5.296
20:19:51  자이로:-3.290,-8.130,-3.977
20:19:51  자력계:-42.150,55.050,13.950
20:19:51  IMU방향유효:0
20:19:51  IMU방향:0.0
20:19:51  방향가속도크기:6.98
20:19:51  방향자이로크기:9.63
20:19:51  방향자세cos:0.5958
20:19:51  자기모델잔차:999.00
20:19:51  자기모델반경:0.000
20:19:51  방향채택:0
20:19:51  방향거부:13250
20:19:51  송신:1043
20:19:51  GPS위성:7
20:19:51  GPS_HDOP:1.81
20:19:51  원시위도:37.496499
20:19:51  원시경도:126.957620
20:19:51  GPS채택:416
20:19:51  GPS이상치거부:0
20:19:51  GPS품질거부:1
20:19:51  GPS재기준:0
20:19:51  RSSI원시:-63
20:19:51  RSSI평활:-67.9
20:19:51  RSSI샘플:2066
20:19:51  RSSI경과ms:5
20:19:51  차량수신:1027
20:19:51  시각ms:113907
20:19:52  IMU시각ms:113895
20:19:52  위험:1
20:19:52  GPS유효:1
20:19:52  위도:37.496498
20:19:52  경도:126.957619
20:19:52  속도:0.048
20:19:52  방향:0.0
20:19:52  GPS원시속도:0.026
20:19:52  GPS원시방향유효:1
20:19:52  GPS원시방향:193.1
20:19:52  가속도:-3.213,2.998,10.338
20:19:52  자이로:1.763,-3.084,-3.008
20:19:52  자력계:-42.000,52.950,14.850
20:19:52  IMU방향유효:0
20:19:52  IMU방향:0.0
20:19:52  방향가속도크기:11.23
20:19:52  방향자이로크기:4.65
20:19:52  방향자세cos:0.5532
20:19:52  자기모델잔차:999.00
20:19:52  자기모델반경:0.000
20:19:52  방향채택:0
20:19:52  방향거부:13275
20:19:52  송신:1045
20:19:52  GPS위성:7
20:19:52  GPS_HDOP:1.81
20:19:52  원시위도:37.496499
20:19:52  원시경도:126.957620
20:19:52  GPS채택:417
20:19:52  GPS이상치거부:0
20:19:52  GPS품질거부:1
20:19:52  GPS재기준:0
20:19:52  RSSI원시:-63
20:19:52  RSSI평활:-65.0
20:19:52  RSSI샘플:2070
20:19:52  RSSI경과ms:5
20:19:52  차량수신:1029
20:19:52  시각ms:114010
20:19:52  IMU시각ms:113998
20:19:52  위험:1
20:19:52  GPS유효:1
20:19:52  위도:37.496498
20:19:52  경도:126.957619
20:19:52  속도:0.044
20:19:52  방향:0.0
20:19:52  GPS원시속도:0.036
20:19:52  GPS원시방향유효:1
20:19:52  GPS원시방향:193.1
20:19:52  가속도:-2.284,2.749,9.069
20:19:52  자이로:0.214,-1.107,-0.611
20:19:52  자력계:-42.900,53.100,12.900
20:19:52  IMU방향유효:0
20:19:52  IMU방향:0.0
20:19:52  방향가속도크기:9.75
20:19:52  방향자이로크기:1.28
20:19:52  방향자세cos:0.5974
20:19:52  자기모델잔차:999.00
20:19:52  자기모델반경:0.000
20:19:52  방향채택:0
20:19:52  방향거부:13287
20:19:52  송신:1046
20:19:52  GPS위성:7
20:19:52  GPS_HDOP:1.81
20:19:52  원시위도:37.496499
20:19:52  원시경도:126.957620
20:19:52  GPS채택:418
20:19:52  GPS이상치거부:0
20:19:52  GPS품질거부:1
20:19:52  GPS재기준:0
20:19:52  RSSI원시:-63
20:19:52  RSSI평활:-64.6
20:19:52  RSSI샘플:2071
20:19:52  RSSI경과ms:54
20:19:52  차량수신:1030
20:19:52  시각ms:114114
20:19:52  IMU시각ms:114102
20:19:52  위험:1
20:19:52  GPS유효:1
20:19:52  위도:37.496498
20:19:52  경도:126.957619
20:19:52  속도:0.044
20:19:52  방향:0.0
20:19:52  GPS원시속도:0.036
20:19:52  GPS원시방향유효:1
20:19:52  GPS원시방향:193.1
20:19:52  가속도:-2.658,2.729,9.012
20:19:52  자이로:0.405,-0.863,1.534
20:19:52  자력계:-42.900,54.300,14.700
20:19:52  IMU방향유효:0
20:19:52  IMU방향:0.0
20:19:52  방향가속도크기:9.78
20:19:52  방향자이로크기:1.81
20:19:52  방향자세cos:0.5682
20:19:52  자기모델잔차:999.00
20:19:52  자기모델반경:0.000
20:19:52  방향채택:0
20:19:52  방향거부:13300
20:19:52  송신:1047
20:19:52  GPS위성:7
20:19:52  GPS_HDOP:1.81
20:19:52  원시위도:37.496499
20:19:52  원시경도:126.957620
20:19:52  GPS채택:418
20:19:52  GPS이상치거부:0
20:19:52  GPS품질거부:1
20:19:52  GPS재기준:0
20:19:52  RSSI원시:-63
20:19:52  RSSI평활:-63.8
20:19:52  RSSI샘플:2074
20:19:52  RSSI경과ms:4
20:19:52  차량수신:1031
20:19:52  시각ms:114217
20:19:52  IMU시각ms:114205
20:19:52  위험:1
20:19:52  GPS유효:1
20:19:52  위도:37.496498
20:19:52  경도:126.957619
20:19:52  속도:0.044
20:19:52  방향:0.0
20:19:52  GPS원시속도:0.046
20:19:52  GPS원시방향유효:1
20:19:52  GPS원시방향:193.1
20:19:52  가속도:-2.528,2.801,8.973
20:19:52  자이로:-1.145,-0.023,-0.542
20:19:52  자력계:-42.150,53.550,13.650
20:19:52  IMU방향유효:0
20:19:52  IMU방향:0.0
20:19:52  방향가속도크기:9.73
20:19:52  방향자이로크기:1.27
20:19:52  방향자세cos:0.5801
20:19:52  자기모델잔차:999.00
20:19:52  자기모델반경:0.000
20:19:52  방향채택:0
20:19:52  방향거부:13312
20:19:52  송신:1048
20:19:52  GPS위성:7
20:19:52  GPS_HDOP:1.81
20:19:52  원시위도:37.496500
20:19:52  원시경도:126.957620
20:19:52  GPS채택:419
20:19:52  GPS이상치거부:0
20:19:52  GPS품질거부:1
20:19:52  GPS재기준:0
20:19:52  RSSI원시:-64
20:19:52  RSSI평활:-63.7
20:19:52  RSSI샘플:2076
20:19:52  RSSI경과ms:6
20:19:52  차량수신:1032
20:19:52  시각ms:114320
20:19:52  IMU시각ms:114308
20:19:52  위험:1
20:19:52  GPS유효:1
20:19:52  위도:37.496498
20:19:52  경도:126.957619
20:19:52  속도:0.044
20:19:52  방향:0.0
20:19:52  GPS원시속도:0.046
20:19:52  GPS원시방향유효:1
20:19:52  GPS원시방향:193.1
20:19:52  가속도:-2.567,2.820,8.930
20:19:52  자이로:-1.534,-2.511,-1.664
20:19:52  자력계:-41.550,55.650,14.550
20:19:52  IMU방향유효:0
20:19:52  IMU방향:0.0
20:19:52  방향가속도크기:9.71
20:19:52  방향자이로크기:3.38
20:19:52  방향자세cos:0.5774
20:19:52  자기모델잔차:999.00
20:19:52  자기모델반경:0.000
20:19:52  방향채택:0
20:19:52  방향거부:13324
20:19:52  송신:1049
20:19:52  GPS위성:7
20:19:52  GPS_HDOP:1.81
20:19:52  원시위도:37.496500
20:19:52  원시경도:126.957620
20:19:52  GPS채택:419
20:19:52  GPS이상치거부:0
20:19:52  GPS품질거부:1
20:19:52  GPS재기준:0
20:19:52  RSSI원시:-65
20:19:52  RSSI평활:-63.9
20:19:52  RSSI샘플:2078
20:19:52  RSSI경과ms:1
20:19:52  차량수신:1033
20:19:52  시각ms:114423
20:19:52  IMU시각ms:114411
20:19:52  위험:1
20:19:52  GPS유효:1
20:19:52  위도:37.496498
20:19:52  경도:126.957619
20:19:52  속도:0.038
20:19:52  방향:0.0
20:19:52  GPS원시속도:0.026
20:19:52  GPS원시방향유효:1
20:19:52  GPS원시방향:193.1
20:19:52  가속도:-2.749,2.705,8.997
20:19:52  자이로:-0.359,1.351,1.015
20:19:52  자력계:-40.200,55.050,14.700
20:19:52  IMU방향유효:0
20:19:52  IMU방향:0.0
20:19:52  방향가속도크기:9.79
20:19:52  방향자이로크기:1.73
20:19:52  방향자세cos:0.5603
20:19:52  자기모델잔차:999.00
20:19:52  자기모델반경:0.000
20:19:52  방향채택:0
20:19:52  방향거부:13336
20:19:52  송신:1050
20:19:52  GPS위성:7
20:19:52  GPS_HDOP:1.81
20:19:52  원시위도:37.496501
20:19:52  원시경도:126.957621
20:19:52  GPS채택:420
20:19:52  GPS이상치거부:0
20:19:52  GPS품질거부:1
20:19:52  GPS재기준:0
20:19:52  RSSI원시:-66
20:19:52  RSSI평활:-64.8
20:19:52  RSSI샘플:2080
20:19:52  RSSI경과ms:3
20:19:52  차량수신:1034
20:19:52  시각ms:114527
20:19:52  IMU시각ms:114515
20:19:52  위험:1
20:19:52  GPS유효:1
20:19:52  위도:37.496498
20:19:52  경도:126.957619
20:19:52  속도:0.038
20:19:52  방향:0.0
20:19:52  GPS원시속도:0.026
20:19:52  GPS원시방향유효:1
20:19:52  GPS원시방향:193.1
20:19:52  가속도:-2.547,2.753,9.098
20:19:52  자이로:-1.321,-0.573,0.809
20:19:52  자력계:-42.450,54.300,13.650
20:19:52  IMU방향유효:0
20:19:52  IMU방향:0.0
20:19:52  방향가속도크기:9.84
20:19:52  방향자이로크기:1.65
20:19:52  방향자세cos:0.5782
20:19:52  자기모델잔차:999.00
20:19:52  자기모델반경:0.000
20:19:52  방향채택:0
20:19:52  방향거부:13349
20:19:52  송신:1051
20:19:52  GPS위성:7
20:19:52  GPS_HDOP:1.81
20:19:52  원시위도:37.496501
20:19:52  원시경도:126.957621
20:19:52  GPS채택:420
20:19:52  GPS이상치거부:0
20:19:52  GPS품질거부:1
20:19:52  GPS재기준:0
20:19:52  RSSI원시:-68
20:19:52  RSSI평활:-65.4
20:19:52  RSSI샘플:2081
20:19:52  RSSI경과ms:71
20:19:52  차량수신:1035
20:19:52  시각ms:114632
20:19:52  IMU시각ms:114620
20:19:52  위험:1
20:19:52  GPS유효:1
20:19:52  위도:37.496502
20:19:52  경도:126.957619
20:19:52  속도:0.032
20:19:52  방향:0.0
20:19:52  GPS원시속도:0.021
20:19:52  GPS원시방향유효:1
20:19:52  GPS원시방향:193.1
20:19:52  가속도:-2.619,2.907,8.993
20:19:52  자이로:-1.893,-0.504,-0.588
20:19:52  자력계:-42.300,54.450,13.500
20:19:52  IMU방향유효:0
20:19:52  IMU방향:0.0
20:19:52  방향가속도크기:9.81
20:19:52  방향자이로크기:2.05
20:19:52  방향자세cos:0.5771
20:19:52  자기모델잔차:999.00
20:19:52  자기모델반경:0.000
20:19:52  방향채택:0
20:19:52  방향거부:13362
20:19:52  송신:1052
20:19:52  GPS위성:7
20:19:52  GPS_HDOP:1.81
20:19:52  원시위도:37.496501
20:19:52  원시경도:126.957621
20:19:52  GPS채택:421
20:19:52  GPS이상치거부:0
20:19:52  GPS품질거부:1
20:19:52  GPS재기준:0
20:19:52  RSSI원시:-66
20:19:52  RSSI평활:-69.1
20:19:52  RSSI샘플:2084
20:19:52  RSSI경과ms:2
20:19:52  차량수신:1036
20:19:52  시각ms:114736
20:19:52  IMU시각ms:114724
20:19:52  위험:1
20:19:52  GPS유효:1
20:19:52  위도:37.496502
20:19:52  경도:126.957619
20:19:52  속도:0.032
20:19:52  방향:0.0
20:19:52  GPS원시속도:0.021
20:19:52  GPS원시방향유효:1
20:19:52  GPS원시방향:193.1
20:19:52  가속도:-2.672,2.849,8.988
20:19:52  자이로:-1.183,-3.679,-2.756
20:19:52  자력계:-40.650,53.550,13.950
20:19:52  IMU방향유효:0
20:19:52  IMU방향:0.0
20:19:52  방향가속도크기:9.80
20:19:52  방향자이로크기:4.75
20:19:52  방향자세cos:0.5711
20:19:52  자기모델잔차:999.00
20:19:52  자기모델반경:0.000
20:19:52  방향채택:0
20:19:52  방향거부:13375
20:19:52  송신:1053
20:19:52  GPS위성:7
20:19:52  GPS_HDOP:1.81
20:19:52  원시위도:37.496501
20:19:52  원시경도:126.957621
20:19:52  GPS채택:421
20:19:52  GPS이상치거부:0
20:19:52  GPS품질거부:1
20:19:52  GPS재기준:0
20:19:52  RSSI원시:-67
20:19:52  RSSI평활:-68.0
20:19:52  RSSI샘플:2086
20:19:52  RSSI경과ms:2
20:19:52  차량수신:1037
20:19:52  시각ms:114839
20:19:52  IMU시각ms:114827
20:19:52  위험:1
20:19:52  GPS유효:1
20:19:52  위도:37.496502
20:19:52  경도:126.957619
20:19:52  속도:0.041
20:19:52  방향:0.0
20:19:52  GPS원시속도:0.057
20:19:52  GPS원시방향유효:1
20:19:52  GPS원시방향:193.1
20:19:52  가속도:-2.442,2.806,9.012
20:19:52  자이로:-2.038,-3.595,-1.099
20:19:52  자력계:-43.200,55.050,12.900
20:19:52  IMU방향유효:0
20:19:52  IMU방향:0.0
20:19:52  방향가속도크기:9.75
20:19:52  방향자이로크기:4.28
20:19:52  방향자세cos:0.5871
20:19:52  자기모델잔차:999.00
20:19:52  자기모델반경:0.000
20:19:52  방향채택:0
20:19:52  방향거부:13387
20:19:52  송신:1054
20:19:52  GPS위성:7
20:19:52  GPS_HDOP:1.81
20:19:52  원시위도:37.496502
20:19:52  원시경도:126.957622
20:19:52  GPS채택:422
20:19:52  GPS이상치거부:0
20:19:52  GPS품질거부:1
20:19:52  GPS재기준:0
20:19:52  RSSI원시:-66
20:19:52  RSSI평활:-67.3
20:19:52  RSSI샘플:2088
20:19:52  RSSI경과ms:1
20:19:52  차량수신:1038
20:19:53  시각ms:114943
20:19:53  IMU시각ms:114931
20:19:53  위험:1
20:19:53  GPS유효:1
20:19:53  위도:37.496502
20:19:53  경도:126.957619
20:19:53  속도:0.041
20:19:53  방향:0.0
20:19:53  GPS원시속도:0.057
20:19:53  GPS원시방향유효:1
20:19:53  GPS원시방향:193.1
20:19:53  가속도:-2.634,2.768,9.021
20:19:53  자이로:-3.069,0.168,0.344
20:19:53  자력계:-41.550,54.450,13.050
20:19:53  IMU방향유효:0
20:19:53  IMU방향:0.0
20:19:53  방향가속도크기:9.80
20:19:53  방향자이로크기:3.09
20:19:53  방향자세cos:0.5715
20:19:53  자기모델잔차:999.00
20:19:53  자기모델반경:0.000
20:19:53  방향채택:0
20:19:53  방향거부:13400
20:19:53  송신:1055
20:19:53  GPS위성:7
20:19:53  GPS_HDOP:1.81
20:19:53  원시위도:37.496502
20:19:53  원시경도:126.957622
20:19:53  GPS채택:422
20:19:53  GPS이상치거부:0
20:19:53  GPS품질거부:1
20:19:53  GPS재기준:0
20:19:53  RSSI원시:-65
20:19:53  RSSI평활:-67.1
20:19:53  RSSI샘플:2090
20:19:53  RSSI경과ms:6
20:19:53  차량수신:1039
20:19:53  시각ms:115046
20:19:53  IMU시각ms:115034
20:19:53  위험:1
20:19:53  GPS유효:1
20:19:53  위도:37.496502
20:19:53  경도:126.957619
20:19:53  속도:0.088
20:19:53  방향:0.0
20:19:53  GPS원시속도:0.175
20:19:53  GPS원시방향유효:1
20:19:53  GPS원시방향:193.1
20:19:53  가속도:-2.605,2.691,9.060
20:19:53  자이로:-0.023,-1.580,0.687
20:19:53  자력계:-42.750,55.350,15.300
20:19:53  IMU방향유효:0
20:19:53  IMU방향:0.0
20:19:53  방향가속도크기:9.80
20:19:53  방향자이로크기:1.72
20:19:53  방향자세cos:0.5713
20:19:53  자기모델잔차:999.00
20:19:53  자기모델반경:0.000
20:19:53  방향채택:0
20:19:53  방향거부:13412
20:19:53  송신:1056
20:19:53  GPS위성:7
20:19:53  GPS_HDOP:1.81
20:19:53  원시위도:37.496502
20:19:53  원시경도:126.957622
20:19:53  GPS채택:423
20:19:53  GPS이상치거부:0
20:19:53  GPS품질거부:1
20:19:53  GPS재기준:0
20:19:53  RSSI원시:-68
20:19:53  RSSI평활:-67.3
20:19:53  RSSI샘플:2091
20:19:53  RSSI경과ms:80
20:19:53  차량수신:1040
20:19:53  시각ms:115150
20:19:53  IMU시각ms:115138
20:19:53  위험:1
20:19:53  GPS유효:1
20:19:53  위도:37.496502
20:19:53  경도:126.957619
20:19:53  속도:0.149
20:19:53  방향:0.0
20:19:53  GPS원시속도:0.262
20:19:53  GPS원시방향유효:1
20:19:53  GPS원시방향:193.1
20:19:53  가속도:-2.433,2.806,8.882
20:19:53  자이로:-1.145,0.046,-0.511
20:19:53  자력계:-41.250,52.200,13.500
20:19:53  IMU방향유효:0
20:19:53  IMU방향:0.0
20:19:53  방향가속도크기:9.63
20:19:53  방향자이로크기:1.25
20:19:53  방향자세cos:0.5866
20:19:53  자기모델잔차:999.00
20:19:53  자기모델반경:0.000
20:19:53  방향채택:0
20:19:53  방향거부:13425
20:19:53  송신:1057
20:19:53  GPS위성:7
20:19:53  GPS_HDOP:1.81
20:19:53  원시위도:37.496502
20:19:53  원시경도:126.957623
20:19:53  GPS채택:424
20:19:53  GPS이상치거부:0
20:19:53  GPS품질거부:1
20:19:53  GPS재기준:0
20:19:53  RSSI원시:-73
20:19:53  RSSI평활:-68.7
20:19:53  RSSI샘플:2093
20:19:53  RSSI경과ms:81
20:19:53  차량수신:1041
20:19:53  시각ms:115359
20:19:53  IMU시각ms:115347
20:19:53  위험:1
20:19:53  GPS유효:1
20:19:53  위도:37.496502
20:19:53  경도:126.957626
20:19:53  속도:0.196
20:19:53  방향:0.0
20:19:53  GPS원시속도:0.283
20:19:53  GPS원시방향유효:1
20:19:53  GPS원시방향:193.1
20:19:53  가속도:-2.490,2.916,8.997
20:19:53  자이로:0.069,-1.481,-2.771
20:19:53  자력계:-40.950,55.500,15.150
20:19:53  IMU방향유효:0
20:19:53  IMU방향:0.0
20:19:53  방향가속도크기:9.78
20:19:53  방향자이로크기:3.14
20:19:53  방향자세cos:0.5872
20:19:53  자기모델잔차:999.00
20:19:53  자기모델반경:0.000
20:19:53  방향채택:0
20:19:53  방향거부:13451
20:19:53  송신:1059
20:19:53  GPS위성:7
20:19:53  GPS_HDOP:1.81
20:19:53  원시위도:37.496502
20:19:53  원시경도:126.957624
20:19:53  GPS채택:425
20:19:53  GPS이상치거부:0
20:19:53  GPS품질거부:1
20:19:53  GPS재기준:0
20:19:53  RSSI원시:-72
20:19:53  RSSI평활:-68.3
20:19:53  RSSI샘플:2098
20:19:53  RSSI경과ms:3
20:19:53  차량수신:1043
20:19:53  시각ms:115462
20:19:53  IMU시각ms:115450
20:19:53  위험:1
20:19:53  GPS유효:1
20:19:53  위도:37.496502
20:19:53  경도:126.957626
20:19:53  속도:0.196
20:19:53  방향:0.0
20:19:53  GPS원시속도:0.283
20:19:53  GPS원시방향유효:1
20:19:53  GPS원시방향:193.1
20:19:53  가속도:-3.433,2.423,7.743
20:19:53  자이로:-0.069,-10.519,4.145
20:19:53  자력계:-40.650,55.800,13.950
20:19:53  IMU방향유효:0
20:19:53  IMU방향:0.0
20:19:53  방향가속도크기:8.81
20:19:53  방향자이로크기:11.31
20:19:53  방향자세cos:0.4707
20:19:53  자기모델잔차:999.00
20:19:53  자기모델반경:0.000
20:19:53  방향채택:0
20:19:53  방향거부:13463
20:19:53  송신:1060
20:19:53  GPS위성:7
20:19:53  GPS_HDOP:1.81
20:19:53  원시위도:37.496502
20:19:53  원시경도:126.957624
20:19:53  GPS채택:425
20:19:53  GPS이상치거부:0
20:19:53  GPS품질거부:1
20:19:53  GPS재기준:0
20:19:53  RSSI원시:-64
20:19:53  RSSI평활:-67.9
20:19:53  RSSI샘플:2100
20:19:53  RSSI경과ms:6
20:19:53  차량수신:1044
20:19:53  시각ms:115565
20:19:53  IMU시각ms:115553
20:19:53  위험:0
20:19:53  GPS유효:1
20:19:53  위도:37.496502
20:19:53  경도:126.957626
20:19:53  속도:0.208
20:19:53  방향:0.0
20:19:53  GPS원시속도:0.231
20:19:53  GPS원시방향유효:1
20:19:53  GPS원시방향:193.1
20:19:53  가속도:-2.365,3.117,8.413
20:19:53  자이로:3.427,-3.176,0.924
20:19:53  자력계:-42.300,54.150,14.250
20:19:53  IMU방향유효:0
20:19:53  IMU방향:0.0
20:19:53  방향가속도크기:9.28
20:19:53  방향자이로크기:4.76
20:19:53  방향자세cos:0.5978
20:19:53  자기모델잔차:999.00
20:19:53  자기모델반경:0.000
20:19:53  방향채택:0
20:19:53  방향거부:13475
20:19:53  송신:1061
20:19:53  GPS위성:7
20:19:53  GPS_HDOP:1.81
20:19:53  원시위도:37.496502
20:19:53  원시경도:126.957626
20:19:53  GPS채택:426
20:19:53  GPS이상치거부:0
20:19:53  GPS품질거부:1
20:19:53  GPS재기준:0
20:19:53  RSSI원시:-64
20:19:53  RSSI평활:-66.5
20:19:53  RSSI샘플:2102
20:19:53  RSSI경과ms:6
20:19:53  차량수신:1045
20:19:53  시각ms:115668
20:19:53  IMU시각ms:115656
20:19:53  위험:0
20:19:53  GPS유효:1
20:19:53  위도:37.496502
20:19:53  경도:126.957626
20:19:53  속도:0.208
20:19:53  방향:0.0
20:19:53  GPS원시속도:0.231
20:19:53  GPS원시방향유효:1
20:19:53  GPS원시방향:193.1
20:19:53  가속도:-2.461,2.844,8.686
20:19:53  자이로:-0.947,2.244,1.015
20:19:53  자력계:-42.750,53.400,14.250
20:19:53  IMU방향유효:0
20:19:53  IMU방향:0.0
20:19:53  방향가속도크기:9.47
20:19:53  방향자이로크기:2.64
20:19:53  방향자세cos:0.5837
20:19:53  자기모델잔차:999.00
20:19:53  자기모델반경:0.000
20:19:53  방향채택:0
20:19:53  방향거부:13487
20:19:53  송신:1062
20:19:53  GPS위성:7
20:19:53  GPS_HDOP:1.81
20:19:53  원시위도:37.496502
20:19:53  원시경도:126.957626
20:19:53  GPS채택:426
20:19:53  GPS이상치거부:0
20:19:53  GPS품질거부:1
20:19:53  GPS재기준:0
20:19:53  RSSI원시:-73
20:19:53  RSSI평활:-67.7
20:19:53  RSSI샘플:2104
20:19:53  RSSI경과ms:1
20:19:53  차량수신:1046
20:19:53  시각ms:115771
20:19:53  IMU시각ms:115759
20:19:53  위험:0
20:19:53  GPS유효:1
20:19:53  위도:37.496502
20:19:53  경도:126.957626
20:19:53  속도:0.171
20:19:53  방향:0.0
20:19:53  GPS원시속도:0.103
20:19:53  GPS원시방향유효:1
20:19:53  GPS원시방향:193.1
20:19:53  가속도:-2.562,2.854,9.007
20:19:53  자이로:-1.252,-1.893,-1.931
20:19:53  자력계:-42.900,53.550,12.900
20:19:53  IMU방향유효:0
20:19:53  IMU방향:0.0
20:19:53  방향가속도크기:9.79
20:19:53  방향자이로크기:2.98
20:19:53  방향자세cos:0.5797
20:19:53  자기모델잔차:999.00
20:19:53  자기모델반경:0.000
20:19:53  방향채택:0
20:19:53  방향거부:13499
20:19:53  송신:1063
20:19:53  GPS위성:7
20:19:53  GPS_HDOP:1.23
20:19:53  원시위도:37.496502
20:19:53  원시경도:126.957626
20:19:53  GPS채택:427
20:19:53  GPS이상치거부:0
20:19:53  GPS품질거부:1
20:19:53  GPS재기준:0
20:19:53  RSSI원시:-75
20:19:53  RSSI평활:-69.2
20:19:53  RSSI샘플:2105
20:19:53  RSSI경과ms:91
20:19:53  차량수신:1047
20:19:53  시각ms:115876
20:19:53  IMU시각ms:115864
20:19:53  위험:0
20:19:53  GPS유효:1
20:19:53  위도:37.496502
20:19:53  경도:126.957626
20:19:53  속도:0.171
20:19:53  방향:0.0
20:19:53  GPS원시속도:0.103
20:19:53  GPS원시방향유효:1
20:19:53  GPS원시방향:193.1
20:19:53  가속도:-2.658,2.816,8.954
20:19:53  자이로:0.321,0.084,-0.443
20:19:53  자력계:-43.500,53.700,13.050
20:19:53  IMU방향유효:0
20:19:53  IMU방향:0.0
20:19:53  방향가속도크기:9.76
20:19:53  방향자이로크기:0.55
20:19:53  방향자세cos:0.5706
20:19:53  자기모델잔차:999.00
20:19:53  자기모델반경:0.000
20:19:53  방향채택:0
20:19:53  방향거부:13512
20:19:53  송신:1064
20:19:53  GPS위성:7
20:19:53  GPS_HDOP:1.23
20:19:53  원시위도:37.496502
20:19:53  원시경도:126.957626
20:19:53  GPS채택:427
20:19:53  GPS이상치거부:0
20:19:53  GPS품질거부:1
20:19:53  GPS재기준:0
20:19:53  RSSI원시:-69
20:19:53  RSSI평활:-68.9
20:19:53  RSSI샘플:2108
20:19:53  RSSI경과ms:0
20:19:53  차량수신:1048
20:19:54  시각ms:115978
20:19:54  IMU시각ms:115966
20:19:54  위험:0
20:19:54  GPS유효:1
20:19:54  위도:37.496502
20:19:54  경도:126.957626
20:19:54  속도:0.120
20:19:54  방향:0.0
20:19:54  GPS원시속도:0.026
20:19:54  GPS원시방향유효:1
20:19:54  GPS원시방향:193.1
20:19:54  가속도:-2.629,2.734,9.050
20:19:54  자이로:-0.725,-1.748,-0.290
20:19:54  자력계:-40.050,54.900,12.300
20:19:54  IMU방향유효:0
20:19:54  IMU방향:0.0
20:19:54  방향가속도크기:9.81
20:19:54  방향자이로크기:1.91
20:19:54  방향자세cos:0.5710
20:19:54  자기모델잔차:999.00
20:19:54  자기모델반경:0.000
20:19:54  방향채택:0
20:19:54  방향거부:13524
20:19:54  송신:1065
20:19:54  GPS위성:7
20:19:54  GPS_HDOP:1.23
20:19:54  원시위도:37.496503
20:19:54  원시경도:126.957626
20:19:54  GPS채택:428
20:19:54  GPS이상치거부:0
20:19:54  GPS품질거부:1
20:19:54  GPS재기준:0
20:19:54  RSSI원시:-68
20:19:54  RSSI평활:-68.8
20:19:54  RSSI샘플:2110
20:19:54  RSSI경과ms:5
20:19:54  차량수신:1049
20:19:54  시각ms:116081
20:19:54  IMU시각ms:116069
20:19:54  위험:0
20:19:54  GPS유효:1
20:19:54  위도:37.496502
20:19:54  경도:126.957626
20:19:54  속도:0.120
20:19:54  방향:0.0
20:19:54  GPS원시속도:0.026
20:19:54  GPS원시방향유효:1
20:19:54  GPS원시방향:193.1
20:19:54  가속도:-2.605,2.782,8.926
20:19:54  자이로:-1.206,-4.321,-1.321
20:19:54  자력계:-42.150,54.000,13.650
20:19:54  IMU방향유효:0
20:19:54  IMU방향:0.0
20:19:54  방향가속도크기:9.71
20:19:54  방향자이로크기:4.68
20:19:54  방향자세cos:0.5731
20:19:54  자기모델잔차:999.00
20:19:54  자기모델반경:0.000
20:19:54  방향채택:0
20:19:54  방향거부:13536
20:19:54  송신:1066
20:19:54  GPS위성:7
20:19:54  GPS_HDOP:1.23
20:19:54  원시위도:37.496503
20:19:54  원시경도:126.957626
20:19:54  GPS채택:428
20:19:54  GPS이상치거부:0
20:19:54  GPS품질거부:1
20:19:54  GPS재기준:0
20:19:54  RSSI원시:-66
20:19:54  RSSI평활:-67.9
20:19:54  RSSI샘플:2112
20:19:54  RSSI경과ms:7
20:19:54  차량수신:1050
20:19:54  시각ms:116495
20:19:54  IMU시각ms:116483
20:19:54  위험:1
20:19:54  GPS유효:1
20:19:54  위도:37.496502
20:19:54  경도:126.957626
20:19:54  속도:0.112
20:19:54  방향:0.0
20:19:54  GPS원시속도:0.118
20:19:54  GPS원시방향유효:1
20:19:54  GPS원시방향:193.1
20:19:54  가속도:0.340,-2.509,4.970
20:19:54  자이로:0.366,-9.969,0.481
20:19:54  자력계:-40.800,54.450,14.250
20:19:54  IMU방향유효:0
20:19:54  IMU방향:0.0
20:19:54  방향가속도크기:5.58
20:19:54  방향자이로크기:9.99
20:19:54  방향자세cos:0.5649
20:19:54  자기모델잔차:999.00
20:19:54  자기모델반경:0.000
20:19:54  방향채택:0
20:19:54  방향거부:13584
20:19:54  송신:1070
20:19:54  GPS위성:7
20:19:54  GPS_HDOP:1.23
20:19:54  원시위도:37.496503
20:19:54  원시경도:126.957629
20:19:54  GPS채택:430
20:19:54  GPS이상치거부:0
20:19:54  GPS품질거부:1
20:19:54  GPS재기준:0
20:19:54  RSSI원시:-66
20:19:54  RSSI평활:-66.6
20:19:54  RSSI샘플:2119
20:19:54  RSSI경과ms:92
20:19:54  차량수신:1054
20:19:54  시각ms:116596
20:19:54  IMU시각ms:116584
20:19:54  위험:1
20:19:54  GPS유효:1
20:19:54  위도:37.496502
20:19:54  경도:126.957626
20:19:54  속도:0.116
20:19:54  방향:0.0
20:19:54  GPS원시속도:0.123
20:19:54  GPS원시방향유효:1
20:19:54  GPS원시방향:193.1
20:19:54  가속도:-4.659,6.364,12.225
20:19:54  자이로:-5.092,11.702,-6.046
20:19:54  자력계:-40.950,54.750,13.650
20:19:54  IMU방향유효:0
20:19:54  IMU방향:0.0
20:19:54  방향가속도크기:14.55
20:19:54  방향자이로크기:14.12
20:19:54  방향자세cos:0.4606
20:19:54  자기모델잔차:999.00
20:19:54  자기모델반경:0.000
20:19:54  방향채택:0
20:19:54  방향거부:13595
20:19:54  송신:1071
20:19:54  GPS위성:7
20:19:54  GPS_HDOP:1.23
20:19:54  원시위도:37.496503
20:19:54  원시경도:126.957629
20:19:54  GPS채택:431
20:19:54  GPS이상치거부:0
20:19:54  GPS품질거부:1
20:19:54  GPS재기준:0
20:19:54  RSSI원시:-66
20:19:54  RSSI평활:-66.5
20:19:54  RSSI샘플:2122
20:19:54  RSSI경과ms:2
20:19:54  차량수신:1055
20:19:54  시각ms:116802
20:19:54  IMU시각ms:116790
20:19:54  위험:1
20:19:54  GPS유효:1
20:19:54  위도:37.496502
20:19:54  경도:126.957626
20:19:54  속도:0.084
20:19:54  방향:0.0
20:19:54  GPS원시속도:0.026
20:19:54  GPS원시방향유효:1
20:19:54  GPS원시방향:193.1
20:19:54  가속도:-4.085,3.984,12.163
20:19:54  자이로:-1.473,4.359,-1.160
20:19:54  자력계:-42.150,53.550,13.650
20:19:54  IMU방향유효:0
20:19:54  IMU방향:0.0
20:19:54  방향가속도크기:13.43
20:19:54  방향자이로크기:4.75
20:19:54  방향자세cos:0.4407
20:19:54  자기모델잔차:999.00
20:19:54  자기모델반경:0.000
20:19:54  방향채택:0
20:19:54  방향거부:13619
20:19:54  송신:1073
20:19:54  GPS위성:7
20:19:54  GPS_HDOP:1.23
20:19:54  원시위도:37.496503
20:19:54  원시경도:126.957630
20:19:54  GPS채택:432
20:19:54  GPS이상치거부:0
20:19:54  GPS품질거부:1
20:19:54  GPS재기준:0
20:19:54  RSSI원시:-69
20:19:54  RSSI평활:-67.4
20:19:54  RSSI샘플:2126
20:19:54  RSSI경과ms:8
20:19:54  차량수신:1057
20:19:54  시각ms:116905
20:19:54  IMU시각ms:116893
20:19:54  위험:1
20:19:54  GPS유효:1
20:19:54  위도:37.496502
20:19:54  경도:126.957626
20:19:54  속도:0.084
20:19:54  방향:0.0
20:19:54  GPS원시속도:0.026
20:19:54  GPS원시방향유효:1
20:19:54  GPS원시방향:193.1
20:19:54  가속도:-2.749,2.691,8.164
20:19:54  자이로:-1.481,-1.351,-0.008
20:19:54  자력계:-41.400,55.050,15.150
20:19:54  IMU방향유효:0
20:19:54  IMU방향:0.0
20:19:54  방향가속도크기:9.03
20:19:54  방향자이로크기:2.00
20:19:54  방향자세cos:0.5484
20:19:54  자기모델잔차:999.00
20:19:54  자기모델반경:0.000
20:19:54  방향채택:0
20:19:54  방향거부:13631
20:19:54  송신:1074
20:19:54  GPS위성:7
20:19:54  GPS_HDOP:1.23
20:19:54  원시위도:37.496503
20:19:54  원시경도:126.957630
20:19:54  GPS채택:432
20:19:54  GPS이상치거부:0
20:19:54  GPS품질거부:1
20:19:54  GPS재기준:0
20:19:54  RSSI원시:-69
20:19:54  RSSI평활:-67.7
20:19:54  RSSI샘플:2127
20:19:54  RSSI경과ms:69
20:19:54  차량수신:1058
20:19:55  시각ms:117010
20:19:55  IMU시각ms:116998
20:19:55  위험:1
20:19:55  GPS유효:1
20:19:55  위도:37.496502
20:19:55  경도:126.957626
20:19:55  속도:0.069
20:19:55  방향:0.0
20:19:55  GPS원시속도:0.041
20:19:55  GPS원시방향유효:1
20:19:55  GPS원시방향:193.1
20:19:55  가속도:-2.547,2.658,9.098
20:19:55  자이로:-1.847,0.550,-2.405
20:19:55  자력계:-41.550,52.950,13.800
20:19:55  IMU방향유효:0
20:19:55  IMU방향:0.0
20:19:55  방향가속도크기:9.81
20:19:55  방향자이로크기:3.08
20:19:55  방향자세cos:0.5748
20:19:55  자기모델잔차:999.00
20:19:55  자기모델반경:0.000
20:19:55  방향채택:0
20:19:55  방향거부:13644
20:19:55  송신:1075
20:19:55  GPS위성:7
20:19:55  GPS_HDOP:1.23
20:19:55  원시위도:37.496503
20:19:55  원시경도:126.957630
20:19:55  GPS채택:433
20:19:55  GPS이상치거부:0
20:19:55  GPS품질거부:1
20:19:55  GPS재기준:0
20:19:55  RSSI원시:-71
20:19:55  RSSI평활:-68.7
20:19:55  RSSI샘플:2130
20:19:55  RSSI경과ms:3
20:19:55  차량수신:1059
20:19:55  시각ms:117216
20:19:55  IMU시각ms:117204
20:19:55  위험:1
20:19:55  GPS유효:1
20:19:55  위도:37.496502
20:19:55  경도:126.957626
20:19:55  속도:0.067
20:19:55  방향:0.0
20:19:55  GPS원시속도:0.062
20:19:55  GPS원시방향유효:1
20:19:55  GPS원시방향:193.1
20:19:55  가속도:-2.619,2.811,8.796
20:19:55  자이로:-1.794,-1.382,0.206
20:19:55  자력계:-42.150,55.050,13.650
20:19:55  IMU방향유효:0
20:19:55  IMU방향:0.0
20:19:55  방향가속도크기:9.60
20:19:55  방향자이로크기:2.27
20:19:55  방향자세cos:0.5716
20:19:55  자기모델잔차:999.00
20:19:55  자기모델반경:0.000
20:19:55  방향채택:0
20:19:55  방향거부:13668
20:19:55  송신:1077
20:19:55  GPS위성:7
20:19:55  GPS_HDOP:1.23
20:19:55  원시위도:37.496503
20:19:55  원시경도:126.957631
20:19:55  GPS채택:434
20:19:55  GPS이상치거부:0
20:19:55  GPS품질거부:1
20:19:55  GPS재기준:0
20:19:55  RSSI원시:-72
20:19:55  RSSI평활:-70.3
20:19:55  RSSI샘플:2134
20:19:55  RSSI경과ms:6
20:19:55  차량수신:1061
20:19:55  시각ms:117528
20:19:55  IMU시각ms:117516
20:19:55  위험:1
20:19:55  GPS유효:1
20:19:55  위도:37.496502
20:19:55  경도:126.957634
20:19:55  속도:0.087
20:19:55  방향:0.0
20:19:55  GPS원시속도:0.123
20:19:55  GPS원시방향유효:1
20:19:55  GPS원시방향:193.1
20:19:55  가속도:-2.567,2.768,8.954
20:19:55  자이로:0.550,-3.145,-1.931
20:19:55  자력계:-43.050,53.700,14.250
20:19:55  IMU방향유효:0
20:19:55  IMU방향:0.0
20:19:55  방향가속도크기:9.72
20:19:55  방향자이로크기:3.73
20:19:55  방향자세cos:0.5758
20:19:55  자기모델잔차:999.00
20:19:55  자기모델반경:0.000
20:19:55  방향채택:0
20:19:55  방향거부:13706
20:19:55  송신:1080
20:19:55  GPS위성:7
20:19:55  GPS_HDOP:1.23
20:19:55  원시위도:37.496504
20:19:55  원시경도:126.957631
20:19:55  GPS채택:435
20:19:55  GPS이상치거부:0
20:19:55  GPS품질거부:1
20:19:55  GPS재기준:0
20:19:55  RSSI원시:-77
20:19:55  RSSI평활:-74.0
20:19:55  RSSI샘플:2140
20:19:55  RSSI경과ms:1
20:19:55  차량수신:1064
20:19:55  시각ms:117735
20:19:55  IMU시각ms:117723
20:19:55  위험:1
20:19:55  GPS유효:1
20:19:55  위도:37.496502
20:19:55  경도:126.957634
20:19:55  속도:0.074
20:19:55  방향:0.0
20:19:55  GPS원시속도:0.051
20:19:55  GPS원시방향유효:1
20:19:55  GPS원시방향:193.1
20:19:55  가속도:-2.629,2.796,9.093
20:19:55  자이로:-0.496,0.550,-1.756
20:19:55  자력계:-40.050,53.700,13.800
20:19:55  IMU방향유효:0
20:19:55  IMU방향:0.0
20:19:55  방향가속도크기:9.87
20:19:55  방향자이로크기:1.91
20:19:55  방향자세cos:0.5736
20:19:55  자기모델잔차:999.00
20:19:55  자기모델반경:0.000
20:19:55  방향채택:0
20:19:55  방향거부:13731
20:19:55  송신:1082
20:19:55  GPS위성:7
20:19:55  GPS_HDOP:1.23
20:19:55  원시위도:37.496504
20:19:55  원시경도:126.957632
20:19:55  GPS채택:436
20:19:55  GPS이상치거부:0
20:19:55  GPS품질거부:1
20:19:55  GPS재기준:0
20:19:55  RSSI원시:-80
20:19:55  RSSI평활:-77.1
20:19:55  RSSI샘플:2144
20:19:55  RSSI경과ms:7
20:19:55  차량수신:1066
20:19:55  시각ms:117942
20:19:55  IMU시각ms:117930
20:19:55  위험:1
20:19:55  GPS유효:1
20:19:55  위도:37.496502
20:19:55  경도:126.957634
20:19:55  속도:0.052
20:19:55  방향:0.0
20:19:55  GPS원시속도:0.010
20:19:55  GPS원시방향유효:1
20:19:55  GPS원시방향:193.1
20:19:55  가속도:-2.586,2.744,8.911
20:19:55  자이로:-2.977,1.519,0.191
20:19:55  자력계:-40.650,54.000,13.950
20:19:55  IMU방향유효:0
20:19:55  IMU방향:0.0
20:19:55  방향가속도크기:9.68
20:19:55  방향자이로크기:3.35
20:19:55  방향자세cos:0.5730
20:19:55  자기모델잔차:999.00
20:19:55  자기모델반경:0.000
20:19:55  방향채택:0
20:19:55  방향거부:13756
20:19:55  송신:1084
20:19:55  GPS위성:7
20:19:55  GPS_HDOP:1.23
20:19:55  원시위도:37.496504
20:19:55  원시경도:126.957632
20:19:55  GPS채택:437
20:19:55  GPS이상치거부:0
20:19:55  GPS품질거부:1
20:19:55  GPS재기준:0
20:19:55  RSSI원시:-82
20:19:55  RSSI평활:-79.3
20:19:55  RSSI샘플:2148
20:19:55  RSSI경과ms:2
20:19:55  차량수신:1068
20:19:56  시각ms:118147
20:19:56  IMU시각ms:118135
20:19:56  위험:1
20:19:56  GPS유효:1
20:19:56  위도:37.496506
20:19:56  경도:126.957634
20:19:56  속도:0.037
20:19:56  방향:0.0
20:19:56  GPS원시속도:0.026
20:19:56  GPS원시방향유효:1
20:19:56  GPS원시방향:193.1
20:19:56  가속도:-2.600,2.710,8.892
20:19:56  자이로:-1.893,-1.008,1.290
20:19:56  자력계:-43.050,53.700,14.250
20:19:56  IMU방향유효:0
20:19:56  IMU방향:0.0
20:19:56  방향가속도크기:9.65
20:19:56  방향자이로크기:2.50
20:19:56  방향자세cos:0.5705
20:19:56  자기모델잔차:999.00
20:19:56  자기모델반경:0.000
20:19:56  방향채택:0
20:19:56  방향거부:13780
20:19:56  송신:1086
20:19:56  GPS위성:7
20:19:56  GPS_HDOP:1.23
20:19:56  원시위도:37.496505
20:19:56  원시경도:126.957633
20:19:56  GPS채택:439
20:19:56  GPS이상치거부:0
20:19:56  GPS품질거부:1
20:19:56  GPS재기준:0
20:19:56  RSSI원시:-80
20:19:56  RSSI평활:-79.6
20:19:56  RSSI샘플:2152
20:19:56  RSSI경과ms:7
20:19:56  차량수신:1070
20:19:56  시각ms:118250
20:19:56  IMU시각ms:118238
20:19:56  위험:1
20:19:56  GPS유효:1
20:19:56  위도:37.496506
20:19:56  경도:126.957634
20:19:56  속도:0.037
20:19:56  방향:0.0
20:19:56  GPS원시속도:0.026
20:19:56  GPS원시방향유효:1
20:19:56  GPS원시방향:193.1
20:19:56  가속도:-2.504,2.825,9.041
20:19:56  자이로:1.351,0.924,0.893
20:19:56  자력계:-41.700,54.000,13.650
20:19:56  IMU방향유효:0
20:19:56  IMU방향:0.0
20:19:56  방향가속도크기:9.80
20:19:56  방향자이로크기:1.86
20:19:56  방향자세cos:0.5834
20:19:56  자기모델잔차:999.00
20:19:56  자기모델반경:0.000
20:19:56  방향채택:0
20:19:56  방향거부:13792
20:19:56  송신:1087
20:19:56  GPS위성:7
20:19:56  GPS_HDOP:1.23
20:19:56  원시위도:37.496505
20:19:56  원시경도:126.957633
20:19:56  GPS채택:439
20:19:56  GPS이상치거부:0
20:19:56  GPS품질거부:1
20:19:56  GPS재기준:0
20:19:56  RSSI원시:-78
20:19:56  RSSI평활:-79.3
20:19:56  RSSI샘플:2154
20:19:56  RSSI경과ms:5
20:19:56  차량수신:1071
20:19:56  시각ms:118352
20:19:56  IMU시각ms:118340
20:19:56  위험:1
20:19:56  GPS유효:1
20:19:56  위도:37.496506
20:19:56  경도:126.957634
20:19:56  속도:0.033
20:19:56  방향:0.0
20:19:56  GPS원시속도:0.026
20:19:56  GPS원시방향유효:1
20:19:56  GPS원시방향:193.1
20:19:56  가속도:-3.634,3.658,11.516
20:19:56  자이로:0.824,-5.870,2.160
20:19:56  자력계:-40.950,54.000,15.150
20:19:56  IMU방향유효:0
20:19:56  IMU방향:0.0
20:19:56  방향가속도크기:12.62
20:19:56  방향자이로크기:6.31
20:19:56  방향자세cos:0.5589
20:19:56  자기모델잔차:999.00
20:19:56  자기모델반경:0.000
20:19:56  방향채택:0
20:19:56  방향거부:13804
20:19:56  송신:1088
20:19:56  GPS위성:7
20:19:56  GPS_HDOP:1.23
20:19:56  원시위도:37.496505
20:19:56  원시경도:126.957633
20:19:56  GPS채택:440
20:19:56  GPS이상치거부:0
20:19:56  GPS품질거부:1
20:19:56  GPS재기준:0
20:19:56  RSSI원시:-78
20:19:56  RSSI평활:-79.0
20:19:56  RSSI샘플:2156
20:19:56  RSSI경과ms:2
20:19:56  차량수신:1072
20:19:56  시각ms:118455
20:19:56  IMU시각ms:118443
20:19:56  위험:1
20:19:56  GPS유효:1
20:19:56  위도:37.496506
20:19:56  경도:126.957634
20:19:56  속도:0.033
20:19:56  방향:0.0
20:19:56  GPS원시속도:0.026
20:19:56  GPS원시방향유효:1
20:19:56  GPS원시방향:193.1
20:19:56  가속도:-7.154,7.355,12.747
20:19:56  자이로:2.008,5.641,-2.115
20:19:56  자력계:-42.000,54.900,13.800
20:19:56  IMU방향유효:0
20:19:56  IMU방향:0.0
20:19:56  방향가속도크기:16.36
20:19:56  방향자이로크기:6.35
20:19:56  방향자세cos:0.6916
20:19:56  자기모델잔차:999.00
20:19:56  자기모델반경:0.000
20:19:56  방향채택:0
20:19:56  방향거부:13816
20:19:56  송신:1089
20:19:56  GPS위성:7
20:19:56  GPS_HDOP:1.23
20:19:56  원시위도:37.496505
20:19:56  원시경도:126.957633
20:19:56  GPS채택:440
20:19:56  GPS이상치거부:0
20:19:56  GPS품질거부:1
20:19:56  GPS재기준:0
20:19:56  RSSI원시:-80
20:19:56  RSSI평활:-79.2
20:19:56  RSSI샘플:2157
20:19:56  RSSI경과ms:6
20:19:56  차량수신:1072
20:19:56  시각ms:118762
20:19:56  IMU시각ms:118750
20:19:56  위험:1
20:19:56  GPS유효:1
20:19:56  위도:37.496506
20:19:56  경도:126.957634
20:19:56  속도:0.030
20:19:56  방향:0.0
20:19:56  GPS원시속도:0.036
20:19:56  GPS원시방향유효:1
20:19:56  GPS원시방향:193.1
20:19:56  가속도:1.638,-1.528,4.367
20:19:56  자이로:-0.656,3.817,-0.817
20:19:56  자력계:-41.700,53.100,13.650
20:19:56  IMU방향유효:0
20:19:56  IMU방향:0.0
20:19:56  방향가속도크기:4.91
20:19:56  방향자이로크기:3.96
20:19:56  방향자세cos:0.8040
20:19:56  자기모델잔차:999.00
20:19:56  자기모델반경:0.000
20:19:56  방향채택:0
20:19:56  방향거부:13852
20:19:56  송신:1092
20:19:56  GPS위성:7
20:19:56  GPS_HDOP:1.23
20:19:56  원시위도:37.496505
20:19:56  원시경도:126.957634
20:19:56  GPS채택:442
20:19:56  GPS이상치거부:0
20:19:56  GPS품질거부:1
20:19:56  GPS재기준:0
20:19:56  RSSI원시:-81
20:19:56  RSSI평활:-79.8
20:19:56  RSSI샘플:2162
20:19:56  RSSI경과ms:40
20:19:56  차량수신:1075
20:19:56  시각ms:118867
20:19:56  IMU시각ms:118855
20:19:56  위험:1
20:19:56  GPS유효:1
20:19:56  위도:37.496506
20:19:56  경도:126.957634
20:19:56  속도:0.030
20:19:56  방향:0.0
20:19:56  GPS원시속도:0.036
20:19:56  GPS원시방향유효:1
20:19:56  GPS원시방향:193.1
20:19:56  가속도:-3.007,2.648,8.279
20:19:56  자이로:0.389,-2.183,-0.855
20:19:56  자력계:-41.400,54.000,13.950
20:19:56  IMU방향유효:0
20:19:56  IMU방향:0.0
20:19:56  방향가속도크기:9.20
20:19:56  방향자이로크기:2.38
20:19:56  방향자세cos:0.5273
20:19:56  자기모델잔차:999.00
20:19:56  자기모델반경:0.000
20:19:56  방향채택:0
20:19:56  방향거부:13865
20:19:56  송신:1093
20:19:56  GPS위성:7
20:19:56  GPS_HDOP:1.23
20:19:56  원시위도:37.496505
20:19:56  원시경도:126.957634
20:19:56  GPS채택:442
20:19:56  GPS이상치거부:0
20:19:56  GPS품질거부:1
20:19:56  GPS재기준:0
20:19:56  RSSI원시:-77
20:19:56  RSSI평활:-78.9
20:19:56  RSSI샘플:2164
20:19:56  RSSI경과ms:6
20:19:56  차량수신:1076
20:19:57  시각ms:119072
20:19:57  IMU시각ms:119060
20:19:57  위험:1
20:19:57  GPS유효:1
20:19:57  위도:37.496506
20:19:57  경도:126.957634
20:19:57  속도:0.029
20:19:57  방향:0.0
20:19:57  GPS원시속도:0.026
20:19:57  GPS원시방향유효:1
20:19:57  GPS원시방향:193.1
20:19:57  가속도:-2.591,2.768,8.950
20:19:57  자이로:-0.519,-0.382,0.969
20:19:57  자력계:-42.150,53.100,14.700
20:19:57  IMU방향유효:0
20:19:57  IMU방향:0.0
20:19:57  방향가속도크기:9.72
20:19:57  방향자이로크기:1.16
20:19:57  방향자세cos:0.5739
20:19:57  자기모델잔차:999.00
20:19:57  자기모델반경:0.000
20:19:57  방향채택:0
20:19:57  방향거부:13889
20:19:57  송신:1095
20:19:57  GPS위성:7
20:19:57  GPS_HDOP:1.23
20:19:57  원시위도:37.496505
20:19:57  원시경도:126.957635
20:19:57  GPS채택:443
20:19:57  GPS이상치거부:0
20:19:57  GPS품질거부:1
20:19:57  GPS재기준:0
20:19:57  RSSI원시:-77
20:19:57  RSSI평활:-78.6
20:19:57  RSSI샘플:2167
20:19:57  RSSI경과ms:44
20:19:57  차량수신:1078
20:19:57  시각ms:119177
20:19:57  IMU시각ms:119165
20:19:57  위험:1
20:19:57  GPS유효:1
20:19:57  위도:37.496506
20:19:57  경도:126.957634
20:19:57  속도:0.026
20:19:57  방향:0.0
20:19:57  GPS원시속도:0.021
20:19:57  GPS원시방향유효:1
20:19:57  GPS원시방향:193.1
20:19:57  가속도:-2.571,2.772,9.012
20:19:57  자이로:-0.985,-0.611,-1.901
20:19:57  자력계:-40.950,52.800,14.400
20:19:57  IMU방향유효:0
20:19:57  IMU방향:0.0
20:19:57  방향가속도크기:9.77
20:19:57  방향자이로크기:2.23
20:19:57  방향자세cos:0.5762
20:19:57  자기모델잔차:999.00
20:19:57  자기모델반경:0.000
20:19:57  방향채택:0
20:19:57  방향거부:13902
20:19:57  송신:1096
20:19:57  GPS위성:7
20:19:57  GPS_HDOP:1.23
20:19:57  원시위도:37.496505
20:19:57  원시경도:126.957635
20:19:57  GPS채택:444
20:19:57  GPS이상치거부:0
20:19:57  GPS품질거부:1
20:19:57  GPS재기준:0
20:19:57  RSSI원시:-79
20:19:57  RSSI평활:-78.6
20:19:57  RSSI샘플:2169
20:19:57  RSSI경과ms:5
20:19:57  차량수신:1079
20:19:57  시각ms:119280
20:19:57  IMU시각ms:119268
20:19:57  위험:1
20:19:57  GPS유효:1
20:19:57  위도:37.496506
20:19:57  경도:126.957634
20:19:57  속도:0.026
20:19:57  방향:0.0
20:19:57  GPS원시속도:0.021
20:19:57  GPS원시방향유효:1
20:19:57  GPS원시방향:193.1
20:19:57  가속도:-2.614,2.734,8.916
20:19:57  자이로:0.489,1.153,1.527
20:19:57  자력계:-40.800,54.150,12.750
20:19:57  IMU방향유효:0
20:19:57  IMU방향:0.0
20:19:57  방향가속도크기:9.69
20:19:57  방향자이로크기:1.97
20:19:57  방향자세cos:0.5706
20:19:57  자기모델잔차:999.00
20:19:57  자기모델반경:0.000
20:19:57  방향채택:0
20:19:57  방향거부:13914
20:19:57  송신:1097
20:19:57  GPS위성:7
20:19:57  GPS_HDOP:1.23
20:19:57  원시위도:37.496505
20:19:57  원시경도:126.957635
20:19:57  GPS채택:444
20:19:57  GPS이상치거부:0
20:19:57  GPS품질거부:1
20:19:57  GPS재기준:0
20:19:57  RSSI원시:-77
20:19:57  RSSI평활:-78.2
20:19:57  RSSI샘플:2170
20:19:57  RSSI경과ms:51
20:19:57  차량수신:1080
20:19:57  시각ms:119385
20:19:57  IMU시각ms:119373
20:19:57  위험:1
20:19:57  GPS유효:1
20:19:57  위도:37.496506
20:19:57  경도:126.957634
20:19:57  속도:0.033
20:19:57  방향:0.0
20:19:57  GPS원시속도:0.046
20:19:57  GPS원시방향유효:1
20:19:57  GPS원시방향:193.1
20:19:57  가속도:-2.576,2.701,8.997
20:19:57  자이로:-0.076,-2.962,-0.290
20:19:57  자력계:-43.500,52.650,12.750
20:19:57  IMU방향유효:0
20:19:57  IMU방향:0.0
20:19:57  방향가속도크기:9.74
20:19:57  방향자이로크기:2.98
20:19:57  방향자세cos:0.5732
20:19:57  자기모델잔차:999.00
20:19:57  자기모델반경:0.000
20:19:57  방향채택:0
20:19:57  방향거부:13927
20:19:57  송신:1098
20:19:57  GPS위성:7
20:19:57  GPS_HDOP:1.23
20:19:57  원시위도:37.496505
20:19:57  원시경도:126.957635
20:19:57  GPS채택:445
20:19:57  GPS이상치거부:0
20:19:57  GPS품질거부:1
20:19:57  GPS재기준:0
20:19:57  RSSI원시:-78
20:19:57  RSSI평활:-78.2
20:19:57  RSSI샘플:2171
20:19:57  RSSI경과ms:56
20:19:57  차량수신:1081
20:19:57  시각ms:119593
20:19:57  IMU시각ms:119581
20:19:57  위험:1
20:19:57  GPS유효:1
20:19:57  위도:37.496506
20:19:57  경도:126.957634
20:19:57  속도:0.030
20:19:57  방향:0.0
20:19:57  GPS원시속도:0.026
20:19:57  GPS원시방향유효:1
20:19:57  GPS원시방향:193.1
20:19:57  가속도:-2.557,2.792,9.017
20:19:57  자이로:-1.649,-0.122,0.038
20:19:57  자력계:-42.000,55.350,13.500
20:19:57  IMU방향유효:0
20:19:57  IMU방향:0.0
20:19:57  방향가속도크기:9.78
20:19:57  방향자이로크기:1.65
20:19:57  방향자세cos:0.5780
20:19:57  자기모델잔차:999.00
20:19:57  자기모델반경:0.000
20:19:57  방향채택:0
20:19:57  방향거부:13952
20:19:57  송신:1100
20:19:57  GPS위성:7
20:19:57  GPS_HDOP:1.23
20:19:57  원시위도:37.496505
20:19:57  원시경도:126.957636
20:19:57  GPS채택:446
20:19:57  GPS이상치거부:0
20:19:57  GPS품질거부:1
20:19:57  GPS재기준:0
20:19:57  RSSI원시:-76
20:19:57  RSSI평활:-76.6
20:19:57  RSSI샘플:2175
20:19:57  RSSI경과ms:5
20:19:57  차량수신:1083
20:19:57  시각ms:119696
20:19:57  IMU시각ms:119684
20:19:57  위험:1
20:19:57  GPS유효:1
20:19:57  위도:37.496506
20:19:57  경도:126.957634
20:19:57  속도:0.030
20:19:57  방향:0.0
20:19:57  GPS원시속도:0.026
20:19:57  GPS원시방향유효:1
20:19:57  GPS원시방향:193.1
20:19:57  가속도:-2.610,2.768,9.026
20:19:57  자이로:-1.359,0.496,-2.519
20:19:57  자력계:-40.650,54.750,15.450
20:19:57  IMU방향유효:0
20:19:57  IMU방향:0.0
20:19:57  방향가속도크기:9.79
20:19:57  방향자이로크기:2.90
20:19:57  방향자세cos:0.5733
20:19:57  자기모델잔차:999.00
20:19:57  자기모델반경:0.000
20:19:57  방향채택:0
20:19:57  방향거부:13964
20:19:57  송신:1101
20:19:57  GPS위성:7
20:19:57  GPS_HDOP:1.23
20:19:57  원시위도:37.496505
20:19:57  원시경도:126.957636
20:19:57  GPS채택:446
20:19:57  GPS이상치거부:0
20:19:57  GPS품질거부:1
20:19:57  GPS재기준:0
20:19:57  RSSI원시:-74
20:19:57  RSSI평활:-75.8
20:19:57  RSSI샘플:2177
20:19:57  RSSI경과ms:5
20:19:57  차량수신:1084
20:19:57  시각ms:119799
20:19:57  IMU시각ms:119787
20:19:57  위험:1
20:19:57  GPS유효:1
20:19:57  위도:37.496506
20:19:57  경도:126.957634
20:19:57  속도:0.031
20:19:57  방향:0.0
20:19:57  GPS원시속도:0.031
20:19:57  GPS원시방향유효:1
20:19:57  GPS원시방향:193.1
20:19:57  가속도:-2.490,2.725,8.906
20:19:57  자이로:-1.557,-2.099,-3.634
20:19:57  자력계:-42.450,54.000,14.400
20:19:57  IMU방향유효:0
20:19:57  IMU방향:0.0
20:19:57  방향가속도크기:9.64
20:19:57  방향자이로크기:4.48
20:19:57  방향자세cos:0.5796
20:19:57  자기모델잔차:999.00
20:19:57  자기모델반경:0.000
20:19:57  방향채택:0
20:19:57  방향거부:13976
20:19:57  송신:1102
20:19:57  GPS위성:7
20:19:57  GPS_HDOP:1.23
20:19:57  원시위도:37.496505
20:19:57  원시경도:126.957636
20:19:57  GPS채택:447
20:19:57  GPS이상치거부:0
20:19:57  GPS품질거부:1
20:19:57  GPS재기준:0
20:19:57  RSSI원시:-76
20:19:57  RSSI평활:-75.7
20:19:57  RSSI샘플:2179
20:19:57  RSSI경과ms:0
20:19:57  차량수신:1085
20:19:58  시각ms:119904
20:19:58  IMU시각ms:119892
20:19:58  위험:1
20:19:58  GPS유효:1
20:19:58  위도:37.496506
20:19:58  경도:126.957634
20:19:58  속도:0.031
20:19:58  방향:0.0
20:19:58  GPS원시속도:0.031
20:19:58  GPS원시방향유효:1
20:19:58  GPS원시방향:193.1
20:19:58  가속도:-2.528,2.686,8.854
20:19:58  자이로:0.107,-0.374,0.527
20:19:58  자력계:-40.650,53.550,12.900
20:19:58  IMU방향유효:0
20:19:58  IMU방향:0.0
20:19:58  방향가속도크기:9.59
20:19:58  방향자이로크기:0.65
20:19:58  방향자세cos:0.5747
20:19:58  자기모델잔차:999.00
20:19:58  자기모델반경:0.000
20:19:58  방향채택:0
20:19:58  방향거부:13989
20:19:58  송신:1103
20:19:58  GPS위성:7
20:19:58  GPS_HDOP:1.23
20:19:58  원시위도:37.496505
20:19:58  원시경도:126.957636
20:19:58  GPS채택:447
20:19:58  GPS이상치거부:0
20:19:58  GPS품질거부:1
20:19:58  GPS재기준:0
20:19:58  RSSI원시:-75
20:19:58  RSSI평활:-75.5
20:19:58  RSSI샘플:2181
20:19:58  RSSI경과ms:2
20:19:58  차량수신:1086
20:19:58  시각ms:120007
20:19:58  IMU시각ms:119995
20:19:58  위험:1
20:19:58  GPS유효:1
20:19:58  위도:37.496506
20:19:58  경도:126.957634
20:19:58  속도:0.029
20:19:58  방향:0.0
20:19:58  GPS원시속도:0.026
20:19:58  GPS원시방향유효:1
20:19:58  GPS원시방향:193.1
20:19:58  가속도:-2.509,2.868,8.902
20:19:58  자이로:-3.023,-0.076,-0.687
20:19:58  자력계:-41.250,53.400,14.550
20:19:58  IMU방향유효:0
20:19:58  IMU방향:0.0
20:19:58  방향가속도크기:9.68
20:19:58  방향자이로크기:3.10
20:19:58  방향자세cos:0.5831
20:19:58  자기모델잔차:999.00
20:19:58  자기모델반경:0.000
20:19:58  방향채택:0
20:19:58  방향거부:14001
20:19:58  송신:1104
20:19:58  GPS위성:7
20:19:58  GPS_HDOP:1.23
20:19:58  원시위도:37.496506
20:19:58  원시경도:126.957637
20:19:58  GPS채택:448
20:19:58  GPS이상치거부:0
20:19:58  GPS품질거부:1
20:19:58  GPS재기준:0
20:19:58  RSSI원시:-73
20:19:58  RSSI평활:-75.0
20:19:58  RSSI샘플:2182
20:19:58  RSSI경과ms:57
20:19:58  차량수신:1087
20:19:58  시각ms:120112
20:19:58  IMU시각ms:120100
20:19:58  위험:1
20:19:58  GPS유효:1
20:19:58  위도:37.496506
20:19:58  경도:126.957634
20:19:58  속도:0.029
20:19:58  방향:0.0
20:19:58  GPS원시속도:0.026
20:19:58  GPS원시방향유효:1
20:19:58  GPS원시방향:193.1
20:19:58  가속도:-2.634,2.878,8.911
20:19:58  자이로:-1.573,-0.870,-2.405
20:19:58  자력계:-40.950,55.050,14.400
20:19:58  IMU방향유효:0
20:19:58  IMU방향:0.0
20:19:58  방향가속도크기:9.73
20:19:58  방향자이로크기:3.00
20:19:58  방향자세cos:0.5741
20:19:58  자기모델잔차:999.00
20:19:58  자기모델반경:0.000
20:19:58  방향채택:0
20:19:58  방향거부:14014
20:19:58  송신:1105
20:19:58  GPS위성:7
20:19:58  GPS_HDOP:1.23
20:19:58  원시위도:37.496506
20:19:58  원시경도:126.957637
20:19:58  GPS채택:448
20:19:58  GPS이상치거부:0
20:19:58  GPS품질거부:1
20:19:58  GPS재기준:0
20:19:58  RSSI원시:-75
20:19:58  RSSI평활:-74.5
20:19:58  RSSI샘플:2185
20:19:58  RSSI경과ms:2
20:19:58  차량수신:1088
20:19:58  시각ms:120215
20:19:58  IMU시각ms:120203
20:19:58  위험:1
20:19:58  GPS유효:1
20:19:58  위도:37.496506
20:19:58  경도:126.957634
20:19:58  속도:0.033
20:19:58  방향:0.0
20:19:58  GPS원시속도:0.041
20:19:58  GPS원시방향유효:1
20:19:58  GPS원시방향:193.1
20:19:58  가속도:-2.614,2.715,8.993
20:19:58  자이로:-0.023,1.237,-0.962
20:19:58  자력계:-42.300,54.150,12.300
20:19:58  IMU방향유효:0
20:19:58  IMU방향:0.0
20:19:58  방향가속도크기:9.75
20:19:58  방향자이로크기:1.57
20:19:58  방향자세cos:0.5707
20:19:58  자기모델잔차:999.00
20:19:58  자기모델반경:0.000
20:19:58  방향채택:0
20:19:58  방향거부:14026
20:19:58  송신:1106
20:19:58  GPS위성:7
20:19:58  GPS_HDOP:1.23
20:19:58  원시위도:37.496506
20:19:58  원시경도:126.957637
20:19:58  GPS채택:449
20:19:58  GPS이상치거부:0
20:19:58  GPS품질거부:1
20:19:58  GPS재기준:0
20:19:58  RSSI원시:-75
20:19:58  RSSI평활:-74.6
20:19:58  RSSI샘플:2186
20:19:58  RSSI경과ms:64
20:19:58  차량수신:1089
20:19:58  시각ms:120319
20:19:58  IMU시각ms:120307
20:19:58  위험:1
20:19:58  GPS유효:1
20:19:58  위도:37.496506
20:19:58  경도:126.957634
20:19:58  속도:0.033
20:19:58  방향:0.0
20:19:58  GPS원시속도:0.041
20:19:58  GPS원시방향유효:1
20:19:58  GPS원시방향:193.1
20:19:58  가속도:-2.892,2.820,9.237
20:19:58  자이로:-3.313,-1.969,-0.687
20:19:58  자력계:-40.800,55.350,13.050
20:19:58  IMU방향유효:0
20:19:58  IMU방향:0.0
20:19:58  방향가속도크기:10.08
20:19:58  방향자이로크기:3.91
20:19:58  방향자세cos:0.5566
20:19:58  자기모델잔차:999.00
20:19:58  자기모델반경:0.000
20:19:58  방향채택:0
20:19:58  방향거부:14039
20:19:58  송신:1107
20:19:58  GPS위성:7
20:19:58  GPS_HDOP:1.23
20:19:58  원시위도:37.496506
20:19:58  원시경도:126.957637
20:19:58  GPS채택:449
20:19:58  GPS이상치거부:0
20:19:58  GPS품질거부:1
20:19:58  GPS재기준:0
20:19:58  RSSI원시:-73
20:19:58  RSSI평활:-74.3
20:19:58  RSSI샘플:2187
20:19:58  RSSI경과ms:94
20:19:58  차량수신:1089
20:19:58  시각ms:120424
20:19:58  IMU시각ms:120412
20:19:58  위험:1
20:19:58  GPS유효:1
20:19:58  위도:37.496506
20:19:58  경도:126.957634
20:19:58  속도:0.027
20:19:58  방향:0.0
20:19:58  GPS원시속도:0.015
20:19:58  GPS원시방향유효:1
20:19:58  GPS원시방향:193.1
20:19:58  가속도:-5.066,6.091,12.790
20:19:58  자이로:-5.534,15.260,-6.878
20:19:58  자력계:-40.800,54.450,14.550
20:19:58  IMU방향유효:0
20:19:58  IMU방향:0.0
20:19:58  방향가속도크기:15.04
20:19:58  방향자이로크기:17.63
20:19:58  방향자세cos:0.5304
20:19:58  자기모델잔차:999.00
20:19:58  자기모델반경:0.000
20:19:58  방향채택:0
20:19:58  방향거부:14052
20:19:58  송신:1108
20:19:58  GPS위성:7
20:19:58  GPS_HDOP:1.23
20:19:58  원시위도:37.496506
20:19:58  원시경도:126.957638
20:19:58  GPS채택:450
20:19:58  GPS이상치거부:0
20:19:58  GPS품질거부:1
20:19:58  GPS재기준:0
20:19:58  RSSI원시:-73
20:19:58  RSSI평활:-74.1
20:19:58  RSSI샘플:2190
20:19:58  RSSI경과ms:5
20:19:58  차량수신:1090
20:19:58  시각ms:120527
20:19:58  IMU시각ms:120515
20:19:58  위험:1
20:19:58  GPS유효:1
20:19:58  위도:37.496506
20:19:58  경도:126.957634
20:19:58  속도:0.027
20:19:58  방향:0.0
20:19:58  GPS원시속도:0.015
20:19:58  GPS원시방향유효:1
20:19:58  GPS원시방향:193.1
20:19:58  가속도:-5.885,7.384,12.373
20:19:58  자이로:4.214,-3.076,1.221
20:19:58  자력계:-41.250,55.350,14.250
20:19:58  IMU방향유효:0
20:19:58  IMU방향:0.0
20:19:58  방향가속도크기:15.56
20:19:58  방향자이로크기:5.36
20:19:58  방향자세cos:0.5566
20:19:58  자기모델잔차:999.00
20:19:58  자기모델반경:0.000
20:19:58  방향채택:0
20:19:58  방향거부:14064
20:19:58  송신:1109
20:19:58  GPS위성:7
20:19:58  GPS_HDOP:1.23
20:19:58  원시위도:37.496506
20:19:58  원시경도:126.957638
20:19:58  GPS채택:450
20:19:58  GPS이상치거부:0
20:19:58  GPS품질거부:1
20:19:58  GPS재기준:0
20:19:58  RSSI원시:-72
20:19:58  RSSI평활:-73.7
20:19:58  RSSI샘플:2191
20:19:58  RSSI경과ms:71
20:19:58  차량수신:1091
20:19:58  시각ms:120632
20:19:58  IMU시각ms:120620
20:19:58  위험:1
20:19:58  GPS유효:1
20:19:58  위도:37.496506
20:19:58  경도:126.957634
20:19:58  속도:0.037
20:19:58  방향:0.0
20:19:58  GPS원시속도:0.057
20:19:58  GPS원시방향유효:1
20:19:58  GPS원시방향:193.1
20:19:58  가속도:-7.671,6.522,13.762
20:19:58  자이로:-6.802,12.687,-2.550
20:19:58  자력계:-42.450,55.500,13.950
20:19:58  IMU방향유효:0
20:19:58  IMU방향:0.0
20:19:58  방향가속도크기:17.05
20:19:58  방향자이로크기:14.62
20:19:58  방향자세cos:0.6062
20:19:58  자기모델잔차:999.00
20:19:58  자기모델반경:0.000
20:19:58  방향채택:0
20:19:58  방향거부:14077
20:19:58  송신:1110
20:19:58  GPS위성:7
20:19:58  GPS_HDOP:1.23
20:19:58  원시위도:37.496506
20:19:58  원시경도:126.957638
20:19:58  GPS채택:451
20:19:58  GPS이상치거부:0
20:19:58  GPS품질거부:1
20:19:58  GPS재기준:0
20:19:58  RSSI원시:-74
20:19:58  RSSI평활:-73.7
20:19:58  RSSI샘플:2194
20:19:58  RSSI경과ms:5
20:19:58  차량수신:1092
20:19:58  시각ms:120734
20:19:58  IMU시각ms:120722
20:19:58  위험:1
20:19:58  GPS유효:1
20:19:58  위도:37.496506
20:19:58  경도:126.957634
20:19:58  속도:0.037
20:19:58  방향:0.0
20:19:58  GPS원시속도:0.057
20:19:58  GPS원시방향유효:1
20:19:58  GPS원시방향:193.1
20:19:58  가속도:-6.847,9.069,14.111
20:19:58  자이로:-2.214,15.840,0.221
20:19:58  자력계:-40.800,54.150,14.850
20:19:58  IMU방향유효:0
20:19:58  IMU방향:0.0
20:19:58  방향가속도크기:18.12
20:19:58  방향자이로크기:16.00
20:19:58  방향자세cos:0.7087
20:19:58  자기모델잔차:999.00
20:19:58  자기모델반경:0.000
20:19:58  방향채택:0
20:19:58  방향거부:14089
20:19:58  송신:1111
20:19:58  GPS위성:7
20:19:58  GPS_HDOP:1.23
20:19:58  원시위도:37.496506
20:19:58  원시경도:126.957638
20:19:58  GPS채택:451
20:19:58  GPS이상치거부:0
20:19:58  GPS품질거부:1
20:19:58  GPS재기준:0
20:19:58  RSSI원시:-75
20:19:58  RSSI평활:-74.0
20:19:58  RSSI샘플:2196
20:19:58  RSSI경과ms:5
20:19:58  차량수신:1093
20:19:58  시각ms:120837
20:19:58  IMU시각ms:120825
20:19:58  위험:1
20:19:58  GPS유효:1
20:19:58  위도:37.496506
20:19:58  경도:126.957642
20:19:58  속도:0.028
20:19:58  방향:0.0
20:19:58  GPS원시속도:0.010
20:19:58  GPS원시방향유효:1
20:19:58  GPS원시방향:193.1
20:19:58  가속도:-2.073,2.720,10.381
20:19:58  자이로:-3.298,1.145,-1.679
20:19:58  자력계:-40.200,54.750,13.200
20:19:58  IMU방향유효:0
20:19:58  IMU방향:0.0
20:19:58  방향가속도크기:10.93
20:19:58  방향자이로크기:3.87
20:19:58  방향자세cos:0.6188
20:19:58  자기모델잔차:999.00
20:19:58  자기모델반경:0.000
20:19:58  방향채택:0
20:19:58  방향거부:14101
20:19:58  송신:1112
20:19:58  GPS위성:7
20:19:58  GPS_HDOP:1.23
20:19:58  원시위도:37.496506
20:19:58  원시경도:126.957639
20:19:58  GPS채택:452
20:19:58  GPS이상치거부:0
20:19:58  GPS품질거부:1
20:19:58  GPS재기준:0
20:19:58  RSSI원시:-73
20:19:58  RSSI평활:-73.8
20:19:58  RSSI샘플:2197
20:19:58  RSSI경과ms:80
20:19:58  차량수신:1094
20:19:59  시각ms:120941
20:19:59  IMU시각ms:120929
20:19:59  위험:1
20:19:59  GPS유효:1
20:19:59  위도:37.496506
20:19:59  경도:126.957642
20:19:59  속도:0.028
20:19:59  방향:0.0
20:19:59  GPS원시속도:0.010
20:19:59  GPS원시방향유효:1
20:19:59  GPS원시방향:193.1
20:19:59  가속도:-2.830,2.859,9.333
20:19:59  자이로:0.878,-1.427,0.198
20:19:59  자력계:-42.150,54.000,13.650
20:19:59  IMU방향유효:0
20:19:59  IMU방향:0.0
20:19:59  방향가속도크기:10.16
20:19:59  방향자이로크기:1.69
20:19:59  방향자세cos:0.5637
20:19:59  자기모델잔차:999.00
20:19:59  자기모델반경:0.000
20:19:59  방향채택:0
20:19:59  방향거부:14114
20:19:59  송신:1113
20:19:59  GPS위성:7
20:19:59  GPS_HDOP:1.23
20:19:59  원시위도:37.496506
20:19:59  원시경도:126.957639
20:19:59  GPS채택:452
20:19:59  GPS이상치거부:0
20:19:59  GPS품질거부:1
20:19:59  GPS재기준:0
20:19:59  RSSI원시:-74
20:19:59  RSSI평활:-73.9
20:19:59  RSSI샘플:2200
20:19:59  RSSI경과ms:2
20:19:59  차량수신:1095
20:19:59  시각ms:121044
20:19:59  IMU시각ms:121032
20:19:59  위험:1
20:19:59  GPS유효:1
20:19:59  위도:37.496506
20:19:59  경도:126.957642
20:19:59  속도:0.034
20:19:59  방향:0.0
20:19:59  GPS원시속도:0.046
20:19:59  GPS원시방향유효:1
20:19:59  GPS원시방향:193.1
20:19:59  가속도:-2.576,2.816,9.136
20:19:59  자이로:-2.756,1.031,-2.115
20:19:59  자력계:-42.000,52.200,14.250
20:19:59  IMU방향유효:0
20:19:59  IMU방향:0.0
20:19:59  방향가속도크기:9.90
20:19:59  방향자이로크기:3.62
20:19:59  방향자세cos:0.5787
20:19:59  자기모델잔차:999.00
20:19:59  자기모델반경:0.000
20:19:59  방향채택:0
20:19:59  방향거부:14126
20:19:59  송신:1114
20:19:59  GPS위성:7
20:19:59  GPS_HDOP:1.23
20:19:59  원시위도:37.496506
20:19:59  원시경도:126.957639
20:19:59  GPS채택:453
20:19:59  GPS이상치거부:0
20:19:59  GPS품질거부:1
20:19:59  GPS재기준:0
20:19:59  RSSI원시:-74
20:19:59  RSSI평활:-73.9
20:19:59  RSSI샘플:2201
20:19:59  RSSI경과ms:7
20:19:59  차량수신:1095
20:19:59  시각ms:121148
20:19:59  IMU시각ms:121136
20:19:59  위험:1
20:19:59  GPS유효:1
20:19:59  위도:37.496506
20:19:59  경도:126.957642
20:19:59  속도:0.024
20:19:59  방향:0.0
20:19:59  GPS원시속도:0.005
20:19:59  GPS원시방향유효:1
20:19:59  GPS원시방향:193.1
20:19:59  가속도:-2.543,2.744,8.868
20:19:59  자이로:0.397,-4.702,-1.046
20:19:59  자력계:-41.550,55.350,14.550
20:19:59  IMU방향유효:0
20:19:59  IMU방향:0.0
20:19:59  방향가속도크기:9.62
20:19:59  방향자이로크기:4.83
20:19:59  방향자세cos:0.5758
20:19:59  자기모델잔차:999.00
20:19:59  자기모델반경:0.000
20:19:59  방향채택:0
20:19:59  방향거부:14139
20:19:59  송신:1115
20:19:59  GPS위성:7
20:19:59  GPS_HDOP:1.23
20:19:59  원시위도:37.496506
20:19:59  원시경도:126.957639
20:19:59  GPS채택:454
20:19:59  GPS이상치거부:0
20:19:59  GPS품질거부:1
20:19:59  GPS재기준:0
20:19:59  RSSI원시:-82
20:19:59  RSSI평활:-75.5
20:19:59  RSSI샘플:2202
20:19:59  RSSI경과ms:81
20:19:59  차량수신:1096
20:19:59  시각ms:121253
20:19:59  IMU시각ms:121241
20:19:59  위험:1
20:19:59  GPS유효:1
20:19:59  위도:37.496506
20:19:59  경도:126.957642
20:19:59  속도:0.024
20:19:59  방향:0.0
20:19:59  GPS원시속도:0.005
20:19:59  GPS원시방향유효:1
20:19:59  GPS원시방향:193.1
20:19:59  가속도:-2.595,2.897,8.978
20:19:59  자이로:-1.863,1.519,0.122
20:19:59  자력계:-41.400,52.350,13.950
20:19:59  IMU방향유효:0
20:19:59  IMU방향:0.0
20:19:59  방향가속도크기:9.78
20:19:59  방향자이로크기:2.41
20:19:59  방향자세cos:0.5784
20:19:59  자기모델잔차:999.00
20:19:59  자기모델반경:0.000
20:19:59  방향채택:0
20:19:59  방향거부:14152
20:19:59  송신:1116
20:19:59  GPS위성:7
20:19:59  GPS_HDOP:1.23
20:19:59  원시위도:37.496506
20:19:59  원시경도:126.957639
20:19:59  GPS채택:454
20:19:59  GPS이상치거부:0
20:19:59  GPS품질거부:1
20:19:59  GPS재기준:0
20:19:59  RSSI원시:-74
20:19:59  RSSI평활:-74.9
20:19:59  RSSI샘플:2205
20:19:59  RSSI경과ms:7
20:19:59  차량수신:1097
20:19:59  시각ms:121355
20:19:59  IMU시각ms:121343
20:19:59  위험:1
20:19:59  GPS유효:1
20:19:59  위도:37.496506
20:19:59  경도:126.957642
20:19:59  속도:0.025
20:19:59  방향:0.0
20:19:59  GPS원시속도:0.026
20:19:59  GPS원시방향유효:1
20:19:59  GPS원시방향:193.1
20:19:59  가속도:-2.648,2.725,8.997
20:19:59  자이로:-1.832,-0.649,-1.237
20:19:59  자력계:-42.300,55.350,13.500
20:19:59  IMU방향유효:0
20:19:59  IMU방향:0.0
20:19:59  방향가속도크기:9.77
20:19:59  방향자이로크기:2.30
20:19:59  방향자세cos:0.5686
20:19:59  자기모델잔차:999.00
20:19:59  자기모델반경:0.000
20:19:59  방향채택:0
20:19:59  방향거부:14164
20:19:59  송신:1117
20:19:59  GPS위성:7
20:19:59  GPS_HDOP:1.23
20:19:59  원시위도:37.496506
20:19:59  원시경도:126.957640
20:19:59  GPS채택:455
20:19:59  GPS이상치거부:0
20:19:59  GPS품질거부:1
20:19:59  GPS재기준:0
20:19:59  RSSI원시:-73
20:19:59  RSSI평활:-74.6
20:19:59  RSSI샘플:2206
20:19:59  RSSI경과ms:88
20:19:59  차량수신:1098
20:19:59  시각ms:121460
20:19:59  IMU시각ms:121448
20:19:59  위험:0
20:19:59  GPS유효:1
20:19:59  위도:37.496506
20:19:59  경도:126.957642
20:19:59  속도:0.025
20:19:59  방향:0.0
20:19:59  GPS원시속도:0.026
20:19:59  GPS원시방향유효:1
20:19:59  GPS원시방향:193.1
20:19:59  가속도:-2.495,2.787,9.017
20:19:59  자이로:0.000,0.565,-0.275
20:19:59  자력계:-42.450,50.850,14.400
20:19:59  IMU방향유효:0
20:19:59  IMU방향:0.0
20:19:59  방향가속도크기:9.76
20:19:59  방향자이로크기:0.63
20:19:59  방향자세cos:0.5825
20:19:59  자기모델잔차:999.00
20:19:59  자기모델반경:0.000
20:19:59  방향채택:0
20:19:59  방향거부:14177
20:19:59  송신:1118
20:19:59  GPS위성:7
20:19:59  GPS_HDOP:1.23
20:19:59  원시위도:37.496506
20:19:59  원시경도:126.957640
20:19:59  GPS채택:455
20:19:59  GPS이상치거부:0
20:19:59  GPS품질거부:1
20:19:59  GPS재기준:0
20:19:59  RSSI원시:-73
20:19:59  RSSI평활:-74.2
20:19:59  RSSI샘플:2208
20:19:59  RSSI경과ms:92
20:19:59  차량수신:1099
20:19:59  시각ms:121564
20:19:59  IMU시각ms:121552
20:19:59  위험:0
20:19:59  GPS유효:1
20:19:59  위도:37.496506
20:19:59  경도:126.957642
20:19:59  속도:0.020
20:19:59  방향:0.0
20:19:59  GPS원시속도:0.010
20:19:59  GPS원시방향유효:1
20:19:59  GPS원시방향:193.1
20:19:59  가속도:-2.619,2.825,8.897
20:19:59  자이로:-2.679,0.344,-0.191
20:19:59  자력계:-41.550,54.900,14.250
20:19:59  IMU방향유효:0
20:19:59  IMU방향:0.0
20:19:59  방향가속도크기:9.70
20:19:59  방향자이로크기:2.71
20:19:59  방향자세cos:0.5732
20:19:59  자기모델잔차:999.00
20:19:59  자기모델반경:0.000
20:19:59  방향채택:0
20:19:59  방향거부:14190
20:19:59  송신:1119
20:19:59  GPS위성:7
20:19:59  GPS_HDOP:1.23
20:19:59  원시위도:37.496506
20:19:59  원시경도:126.957640
20:19:59  GPS채택:456
20:19:59  GPS이상치거부:0
20:19:59  GPS품질거부:1
20:19:59  GPS재기준:0
20:19:59  RSSI원시:-74
20:19:59  RSSI평활:-74.3
20:19:59  RSSI샘플:2210
20:19:59  RSSI경과ms:95
20:19:59  차량수신:1100
20:19:59  시각ms:121670
20:19:59  IMU시각ms:121658
20:19:59  위험:0
20:19:59  GPS유효:1
20:19:59  위도:37.496506
20:19:59  경도:126.957642
20:19:59  속도:0.020
20:19:59  방향:0.0
20:19:59  GPS원시속도:0.010
20:19:59  GPS원시방향유효:1
20:19:59  GPS원시방향:193.1
20:19:59  가속도:-2.509,2.806,8.921
20:19:59  자이로:-0.573,-2.626,0.969
20:19:59  자력계:-41.400,54.000,13.950
20:19:59  IMU방향유효:0
20:19:59  IMU방향:0.0
20:19:59  방향가속도크기:9.68
20:19:59  방향자이로크기:2.86
20:19:59  방향자세cos:0.5812
20:19:59  자기모델잔차:999.00
20:19:59  자기모델반경:0.000
20:19:59  방향채택:0
20:19:59  방향거부:14202
20:19:59  송신:1120
20:19:59  GPS위성:7
20:19:59  GPS_HDOP:1.23
20:19:59  원시위도:37.496506
20:19:59  원시경도:126.957640
20:19:59  GPS채택:456
20:19:59  GPS이상치거부:0
20:19:59  GPS품질거부:1
20:19:59  GPS재기준:0
20:19:59  RSSI원시:-75
20:19:59  RSSI평활:-74.2
20:19:59  RSSI샘플:2212
20:19:59  RSSI경과ms:96
20:19:59  차량수신:1101
20:19:59  시각ms:121774
20:19:59  IMU시각ms:121762
20:19:59  위험:0
20:19:59  GPS유효:1
20:19:59  위도:37.496506
20:19:59  경도:126.957642
20:19:59  속도:0.016
20:19:59  방향:0.0
20:19:59  GPS원시속도:0.010
20:19:59  GPS원시방향유효:1
20:19:59  GPS원시방향:193.1
20:19:59  가속도:-2.586,2.749,9.026
20:19:59  자이로:-1.053,-1.069,3.031
20:19:59  자력계:-41.250,54.450,15.300
20:19:59  IMU방향유효:0
20:19:59  IMU방향:0.0
20:19:59  방향가속도크기:9.78
20:19:59  방향자이로크기:3.38
20:19:59  방향자세cos:0.5745
20:19:59  자기모델잔차:999.00
20:19:59  자기모델반경:0.000
20:19:59  방향채택:0
20:19:59  방향거부:14214
20:19:59  송신:1121
20:19:59  GPS위성:7
20:19:59  GPS_HDOP:1.23
20:19:59  원시위도:37.496506
20:19:59  원시경도:126.957641
20:19:59  GPS채택:457
20:19:59  GPS이상치거부:0
20:19:59  GPS품질거부:1
20:19:59  GPS재기준:0
20:19:59  RSSI원시:-74
20:19:59  RSSI평활:-74.0
20:19:59  RSSI샘플:2215
20:19:59  RSSI경과ms:3
20:19:59  차량수신:1102
20:19:59  시각ms:121877
20:19:59  IMU시각ms:121865
20:19:59  위험:0
20:19:59  GPS유효:1
20:19:59  위도:37.496506
20:19:59  경도:126.957642
20:19:59  속도:0.016
20:19:59  방향:0.0
20:19:59  GPS원시속도:0.010
20:19:59  GPS원시방향유효:1
20:19:59  GPS원시방향:193.1
20:19:59  가속도:-2.538,2.792,8.973
20:19:59  자이로:-0.405,-3.977,-2.282
20:19:59  자력계:-41.700,54.000,13.650
20:19:59  IMU방향유효:0
20:19:59  IMU방향:0.0
20:19:59  방향가속도크기:9.73
20:19:59  방향자이로크기:4.60
20:19:59  방향자세cos:0.5790
20:19:59  자기모델잔차:999.00
20:19:59  자기모델반경:0.000
20:19:59  방향채택:0
20:19:59  방향거부:14226
20:19:59  송신:1122
20:19:59  GPS위성:7
20:19:59  GPS_HDOP:1.23
20:19:59  원시위도:37.496506
20:19:59  원시경도:126.957641
20:19:59  GPS채택:457
20:19:59  GPS이상치거부:0
20:19:59  GPS품질거부:1
20:19:59  GPS재기준:0
20:19:59  RSSI원시:-74
20:19:59  RSSI평활:-74.0
20:19:59  RSSI샘플:2216
20:19:59  RSSI경과ms:91
20:19:59  차량수신:1103
20:20:00  시각ms:121982
20:20:00  IMU시각ms:121970
20:20:00  위험:0
20:20:00  GPS유효:1
20:20:00  위도:37.496506
20:20:00  경도:126.957642
20:20:00  속도:0.025
20:20:00  방향:0.0
20:20:00  GPS원시속도:0.041
20:20:00  GPS원시방향유효:1
20:20:00  GPS원시방향:193.1
20:20:00  가속도:-2.557,2.816,8.911
20:20:00  자이로:-0.076,-3.275,3.015
20:20:00  자력계:-39.750,54.150,13.500
20:20:00  IMU방향유효:0
20:20:00  IMU방향:0.0
20:20:00  방향가속도크기:9.69
20:20:00  방향자이로크기:4.45
20:20:00  방향자세cos:0.5778
20:20:00  자기모델잔차:999.00
20:20:00  자기모델반경:0.000
20:20:00  방향채택:0
20:20:00  방향거부:14239
20:20:00  송신:1123
20:20:00  GPS위성:7
20:20:00  GPS_HDOP:1.23
20:20:00  원시위도:37.496506
20:20:00  원시경도:126.957641
20:20:00  GPS채택:458
20:20:00  GPS이상치거부:0
20:20:00  GPS품질거부:1
20:20:00  GPS재기준:0
20:20:00  RSSI원시:-74
20:20:00  RSSI평활:-74.0
20:20:00  RSSI샘플:2217
20:20:00  RSSI경과ms:95
20:20:00  차량수신:1104
20:20:00  시각ms:122085
20:20:00  IMU시각ms:122073
20:20:00  위험:0
20:20:00  GPS유효:1
20:20:00  위도:37.496506
20:20:00  경도:126.957642
20:20:00  속도:0.025
20:20:00  방향:0.0
20:20:00  GPS원시속도:0.041
20:20:00  GPS원시방향유효:1
20:20:00  GPS원시방향:193.1
20:20:00  가속도:-2.567,2.777,8.945
20:20:00  자이로:-1.298,2.634,-1.527
20:20:00  자력계:-40.050,53.700,12.750
20:20:00  IMU방향유효:0
20:20:00  IMU방향:0.0
20:20:00  방향가속도크기:9.71
20:20:00  방향자이로크기:3.31
20:20:00  방향자세cos:0.5760
20:20:00  자기모델잔차:999.00
20:20:00  자기모델반경:0.000
20:20:00  방향채택:0
20:20:00  방향거부:14251
20:20:00  송신:1124
20:20:00  GPS위성:7
20:20:00  GPS_HDOP:1.23
20:20:00  원시위도:37.496506
20:20:00  원시경도:126.957641
20:20:00  GPS채택:458
20:20:00  GPS이상치거부:0
20:20:00  GPS품질거부:1
20:20:00  GPS재기준:0
20:20:00  RSSI원시:-68
20:20:00  RSSI평활:-72.5
20:20:00  RSSI샘플:2220
20:20:00  RSSI경과ms:3
20:20:00  차량수신:1105
20:20:00  시각ms:122188
20:20:00  IMU시각ms:122176
20:20:00  위험:0
20:20:00  GPS유효:1
20:20:00  위도:37.496506
20:20:00  경도:126.957642
20:20:00  속도:0.022
20:20:00  방향:0.0
20:20:00  GPS원시속도:0.015
20:20:00  GPS원시방향유효:1
20:20:00  GPS원시방향:193.1
20:20:00  가속도:-2.605,2.796,9.031
20:20:00  자이로:1.748,-1.053,-0.870
20:20:00  자력계:-42.300,52.950,13.500
20:20:00  IMU방향유효:0
20:20:00  IMU방향:0.0
20:20:00  방향가속도크기:9.81
20:20:00  방향자이로크기:2.22
20:20:00  방향자세cos:0.5748
20:20:00  자기모델잔차:999.00
20:20:00  자기모델반경:0.000
20:20:00  방향채택:0
20:20:00  방향거부:14263
20:20:00  송신:1125
20:20:00  GPS위성:7
20:20:00  GPS_HDOP:1.23
20:20:00  원시위도:37.496506
20:20:00  원시경도:126.957641
20:20:00  GPS채택:459
20:20:00  GPS이상치거부:0
20:20:00  GPS품질거부:1
20:20:00  GPS재기준:0
20:20:00  RSSI원시:-67
20:20:00  RSSI평활:-71.4
20:20:00  RSSI샘플:2221
20:20:00  RSSI경과ms:91
20:20:00  차량수신:1106
20:20:00  시각ms:122290
20:20:00  IMU시각ms:122278
20:20:00  위험:0
20:20:00  GPS유효:1
20:20:00  위도:37.496506
20:20:00  경도:126.957642
20:20:00  속도:0.022
20:20:00  방향:0.0
20:20:00  GPS원시속도:0.015
20:20:00  GPS원시방향유효:1
20:20:00  GPS원시방향:193.1
20:20:00  가속도:-2.528,2.720,8.978
20:20:00  자이로:0.061,0.840,-1.092
20:20:00  자력계:-41.550,54.900,13.500
20:20:00  IMU방향유효:0
20:20:00  IMU방향:0.0
20:20:00  방향가속도크기:9.72
20:20:00  방향자이로크기:1.38
20:20:00  방향자세cos:0.5772
20:20:00  자기모델잔차:999.00
20:20:00  자기모델반경:0.000
20:20:00  방향채택:0
20:20:00  방향거부:14275
20:20:00  송신:1126
20:20:00  GPS위성:7
20:20:00  GPS_HDOP:1.23
20:20:00  원시위도:37.496506
20:20:00  원시경도:126.957641
20:20:00  GPS채택:459
20:20:00  GPS이상치거부:0
20:20:00  GPS품질거부:1
20:20:00  GPS재기준:0
20:20:00  RSSI원시:-65
20:20:00  RSSI평활:-68.7
20:20:00  RSSI샘플:2224
20:20:00  RSSI경과ms:2
20:20:00  차량수신:1107
20:20:00  시각ms:122393
20:20:00  IMU시각ms:122381
20:20:00  위험:0
20:20:00  GPS유효:1
20:20:00  위도:37.496506
20:20:00  경도:126.957642
20:20:00  속도:0.025
20:20:00  방향:0.0
20:20:00  GPS원시속도:0.031
20:20:00  GPS원시방향유효:1
20:20:00  GPS원시방향:193.1
20:20:00  가속도:-2.533,2.734,8.868
20:20:00  자이로:0.641,-3.237,-0.634
20:20:00  자력계:-43.050,52.950,14.850
20:20:00  IMU방향유효:0
20:20:00  IMU방향:0.0
20:20:00  방향가속도크기:9.62
20:20:00  방향자이로크기:3.36
20:20:00  방향자세cos:0.5762
20:20:00  자기모델잔차:999.00
20:20:00  자기모델반경:0.000
20:20:00  방향채택:0
20:20:00  방향거부:14287
20:20:00  송신:1127
20:20:00  GPS위성:7
20:20:00  GPS_HDOP:1.23
20:20:00  원시위도:37.496506
20:20:00  원시경도:126.957642
20:20:00  GPS채택:460
20:20:00  GPS이상치거부:0
20:20:00  GPS품질거부:1
20:20:00  GPS재기준:0
20:20:00  RSSI원시:-67
20:20:00  RSSI평활:-68.4
20:20:00  RSSI샘플:2225
20:20:00  RSSI경과ms:91
20:20:00  차량수신:1108
20:20:00  시각ms:122494
20:20:00  IMU시각ms:122482
20:20:00  위험:0
20:20:00  GPS유효:1
20:20:00  위도:37.496506
20:20:00  경도:126.957642
20:20:00  속도:0.025
20:20:00  방향:0.0
20:20:00  GPS원시속도:0.031
20:20:00  GPS원시방향유효:1
20:20:00  GPS원시방향:193.1
20:20:00  가속도:-2.490,2.787,9.026
20:20:00  자이로:0.939,-1.481,0.061
20:20:00  자력계:-42.000,53.700,14.850
20:20:00  IMU방향유효:0
20:20:00  IMU방향:0.0
20:20:00  방향가속도크기:9.77
20:20:00  방향자이로크기:1.75
20:20:00  방향자세cos:0.5830
20:20:00  자기모델잔차:999.00
20:20:00  자기모델반경:0.000
20:20:00  방향채택:0
20:20:00  방향거부:14298
20:20:00  송신:1128
20:20:00  GPS위성:7
20:20:00  GPS_HDOP:1.23
20:20:00  원시위도:37.496506
20:20:00  원시경도:126.957642
20:20:00  GPS채택:460
20:20:00  GPS이상치거부:0
20:20:00  GPS품질거부:1
20:20:00  GPS재기준:0
20:20:00  RSSI원시:-66
20:20:00  RSSI평활:-67.5
20:20:00  RSSI샘플:2227
20:20:00  RSSI경과ms:89
20:20:00  차량수신:1109
20:20:00  시각ms:122599
20:20:00  IMU시각ms:122587
20:20:00  위험:0
20:20:00  GPS유효:1
20:20:00  위도:37.496506
20:20:00  경도:126.957642
20:20:00  속도:0.023
20:20:00  방향:0.0
20:20:00  GPS원시속도:0.021
20:20:00  GPS원시방향유효:1
20:20:00  GPS원시방향:193.1
20:20:00  가속도:-2.500,2.873,9.060
20:20:00  자이로:-1.733,1.786,2.565
20:20:00  자력계:-42.900,52.350,13.200
20:20:00  IMU방향유효:0
20:20:00  IMU방향:0.0
20:20:00  방향가속도크기:9.83
20:20:00  방향자이로크기:3.57
20:20:00  방향자세cos:0.5856
20:20:00  자기모델잔차:999.00
20:20:00  자기모델반경:0.000
20:20:00  방향채택:0
20:20:00  방향거부:14311
20:20:00  송신:1129
20:20:00  GPS위성:7
20:20:00  GPS_HDOP:1.23
20:20:00  원시위도:37.496506
20:20:00  원시경도:126.957642
20:20:00  GPS채택:461
20:20:00  GPS이상치거부:0
20:20:00  GPS품질거부:1
20:20:00  GPS재기준:0
20:20:00  RSSI원시:-71
20:20:00  RSSI평활:-68.8
20:20:00  RSSI샘플:2230
20:20:00  RSSI경과ms:0
20:20:00  차량수신:1110
20:20:00  시각ms:122702
20:20:00  IMU시각ms:122690
20:20:00  위험:0
20:20:00  GPS유효:1
20:20:00  위도:37.496506
20:20:00  경도:126.957642
20:20:00  속도:0.023
20:20:00  방향:0.0
20:20:00  GPS원시속도:0.021
20:20:00  GPS원시방향유효:1
20:20:00  GPS원시방향:193.1
20:20:00  가속도:-2.634,2.705,9.012
20:20:00  자이로:-1.115,0.382,0.901
20:20:00  자력계:-41.400,54.000,13.950
20:20:00  IMU방향유효:0
20:20:00  IMU방향:0.0
20:20:00  방향가속도크기:9.77
20:20:00  방향자이로크기:1.48
20:20:00  방향자세cos:0.5692
20:20:00  자기모델잔차:999.00
20:20:00  자기모델반경:0.000
20:20:00  방향채택:0
20:20:00  방향거부:14323
20:20:00  송신:1130
20:20:00  GPS위성:7
20:20:00  GPS_HDOP:1.23
20:20:00  원시위도:37.496506
20:20:00  원시경도:126.957642
20:20:00  GPS채택:461
20:20:00  GPS이상치거부:0
20:20:00  GPS품질거부:1
20:20:00  GPS재기준:0
20:20:00  RSSI원시:-73
20:20:00  RSSI평활:-70.1
20:20:00  RSSI샘플:2232
20:20:00  RSSI경과ms:1
20:20:00  차량수신:1111
20:20:00  시각ms:122805
20:20:00  IMU시각ms:122793
20:20:00  위험:0
20:20:00  GPS유효:1
20:20:00  위도:37.496506
20:20:00  경도:126.957642
20:20:00  속도:0.022
20:20:00  방향:0.0
20:20:00  GPS원시속도:0.021
20:20:00  GPS원시방향유효:1
20:20:00  GPS원시방향:193.1
20:20:00  가속도:-2.600,2.782,9.021
20:20:00  자이로:-0.214,-1.855,-0.939
20:20:00  자력계:-39.900,53.550,14.700
20:20:00  IMU방향유효:0
20:20:00  IMU방향:0.0
20:20:00  방향가속도크기:9.79
20:20:00  방향자이로크기:2.09
20:20:00  방향자세cos:0.5745
20:20:00  자기모델잔차:999.00
20:20:00  자기모델반경:0.000
20:20:00  방향채택:0
20:20:00  방향거부:14335
20:20:00  송신:1131
20:20:00  GPS위성:7
20:20:00  GPS_HDOP:1.23
20:20:00  원시위도:37.496506
20:20:00  원시경도:126.957643
20:20:00  GPS채택:462
20:20:00  GPS이상치거부:0
20:20:00  GPS품질거부:1
20:20:00  GPS재기준:0
20:20:00  RSSI원시:-66
20:20:00  RSSI평활:-69.8
20:20:00  RSSI샘플:2234
20:20:00  RSSI경과ms:2
20:20:00  차량수신:1112
20:20:01  시각ms:122908
20:20:01  IMU시각ms:122896
20:20:01  위험:0
20:20:01  GPS유효:1
20:20:01  위도:37.496506
20:20:01  경도:126.957642
20:20:01  속도:0.022
20:20:01  방향:0.0
20:20:01  GPS원시속도:0.021
20:20:01  GPS원시방향유효:1
20:20:01  GPS원시방향:193.1
20:20:01  가속도:-2.614,2.772,9.007
20:20:01  자이로:-1.565,-1.916,0.427
20:20:01  자력계:-42.000,53.700,13.800
20:20:01  IMU방향유효:0
20:20:01  IMU방향:0.0
20:20:01  방향가속도크기:9.78
20:20:01  방향자이로크기:2.51
20:20:01  방향자세cos:0.5729
20:20:01  자기모델잔차:999.00
20:20:01  자기모델반경:0.000
20:20:01  방향채택:0
20:20:01  방향거부:14347
20:20:01  송신:1132
20:20:01  GPS위성:7
20:20:01  GPS_HDOP:1.23
20:20:01  원시위도:37.496506
20:20:01  원시경도:126.957643
20:20:01  GPS채택:462
20:20:01  GPS이상치거부:0
20:20:01  GPS품질거부:1
20:20:01  GPS재기준:0
20:20:01  RSSI원시:-63
20:20:01  RSSI평활:-67.8
20:20:01  RSSI샘플:2236
20:20:01  RSSI경과ms:4
20:20:01  차량수신:1113
20:20:01  시각ms:123011
20:20:01  IMU시각ms:122999
20:20:01  위험:0
20:20:01  GPS유효:1
20:20:01  위도:37.496506
20:20:01  경도:126.957642
20:20:01  속도:0.025
20:20:01  방향:0.0
20:20:01  GPS원시속도:0.031
20:20:01  GPS원시방향유효:1
20:20:01  GPS원시방향:193.1
20:20:01  가속도:-2.638,2.739,8.902
20:20:01  자이로:-1.901,1.626,-1.168
20:20:01  자력계:-41.700,55.050,14.400
20:20:01  IMU방향유효:0
20:20:01  IMU방향:0.0
20:20:01  방향가속도크기:9.68
20:20:01  방향자이로크기:2.76
20:20:01  방향자세cos:0.5688
20:20:01  자기모델잔차:999.00
20:20:01  자기모델반경:0.000
20:20:01  방향채택:0
20:20:01  방향거부:14359
20:20:01  송신:1133
20:20:01  GPS위성:7
20:20:01  GPS_HDOP:1.23
20:20:01  원시위도:37.496506
20:20:01  원시경도:126.957643
20:20:01  GPS채택:463
20:20:01  GPS이상치거부:0
20:20:01  GPS품질거부:1
20:20:01  GPS재기준:0
20:20:01  RSSI원시:-68
20:20:01  RSSI평활:-67.2
20:20:01  RSSI샘플:2238
20:20:01  RSSI경과ms:0
20:20:01  차량수신:1114
20:20:01  시각ms:123218
20:20:01  IMU시각ms:123206
20:20:01  위험:0
20:20:01  GPS유효:1
20:20:01  위도:37.496506
20:20:01  경도:126.957642
20:20:01  속도:0.027
20:20:01  방향:0.0
20:20:01  GPS원시속도:0.031
20:20:01  GPS원시방향유효:1
20:20:01  GPS원시방향:193.1
20:20:01  가속도:-2.672,2.725,8.926
20:20:01  자이로:-2.168,-2.290,1.687
20:20:01  자력계:-41.700,54.000,14.400
20:20:01  IMU방향유효:0
20:20:01  IMU방향:0.0
20:20:01  방향가속도크기:9.71
20:20:01  방향자이로크기:3.58
20:20:01  방향자세cos:0.5660
20:20:01  자기모델잔차:999.00
20:20:01  자기모델반경:0.000
20:20:01  방향채택:0
20:20:01  방향거부:14383
20:20:01  송신:1135
20:20:01  GPS위성:7
20:20:01  GPS_HDOP:1.23
20:20:01  원시위도:37.496506
20:20:01  원시경도:126.957643
20:20:01  GPS채택:464
20:20:01  GPS이상치거부:0
20:20:01  GPS품질거부:1
20:20:01  GPS재기준:0
20:20:01  RSSI원시:-69
20:20:01  RSSI평활:-67.5
20:20:01  RSSI샘플:2241
20:20:01  RSSI경과ms:91
20:20:01  차량수신:1116
20:20:01  시각ms:123322
20:20:01  IMU시각ms:123310
20:20:01  위험:2
20:20:01  GPS유효:1
20:20:01  위도:37.496506
20:20:01  경도:126.957642
20:20:01  속도:0.027
20:20:01  방향:0.0
20:20:01  GPS원시속도:0.031
20:20:01  GPS원시방향유효:1
20:20:01  GPS원시방향:193.1
20:20:01  가속도:-2.485,2.705,8.839
20:20:01  자이로:-2.863,1.008,0.107
20:20:01  자력계:-40.200,55.800,15.450
20:20:01  IMU방향유효:0
20:20:01  IMU방향:0.0
20:20:01  방향가속도크기:9.57
20:20:01  방향자이로크기:3.04
20:20:01  방향자세cos:0.5786
20:20:01  자기모델잔차:999.00
20:20:01  자기모델반경:0.000
20:20:01  방향채택:0
20:20:01  방향거부:14396
20:20:01  송신:1136
20:20:01  GPS위성:7
20:20:01  GPS_HDOP:1.23
20:20:01  원시위도:37.496506
20:20:01  원시경도:126.957643
20:20:01  GPS채택:464
20:20:01  GPS이상치거부:0
20:20:01  GPS품질거부:1
20:20:01  GPS재기준:0
20:20:01  RSSI원시:-70
20:20:01  RSSI평활:-69.7
20:20:01  RSSI샘플:2244
20:20:01  RSSI경과ms:6
20:20:01  차량수신:1117
20:20:01  시각ms:123425
20:20:01  IMU시각ms:123413
20:20:01  위험:2
20:20:01  GPS유효:1
20:20:01  위도:37.496506
20:20:01  경도:126.957642
20:20:01  속도:0.025
20:20:01  방향:0.0
20:20:01  GPS원시속도:0.021
20:20:01  GPS원시방향유효:1
20:20:01  GPS원시방향:193.1
20:20:01  가속도:-0.426,1.753,6.086
20:20:01  자이로:-0.969,-3.985,0.076
20:20:01  자력계:-41.400,55.800,15.900
20:20:01  IMU방향유효:0
20:20:01  IMU방향:0.0
20:20:01  방향가속도크기:6.35
20:20:01  방향자이로크기:4.10
20:20:01  방향자세cos:0.7154
20:20:01  자기모델잔차:999.00
20:20:01  자기모델반경:0.000
20:20:01  방향채택:0
20:20:01  방향거부:14408
20:20:01  송신:1137
20:20:01  GPS위성:7
20:20:01  GPS_HDOP:1.23
20:20:01  원시위도:37.496505
20:20:01  원시경도:126.957643
20:20:01  GPS채택:465
20:20:01  GPS이상치거부:0
20:20:01  GPS품질거부:1
20:20:01  GPS재기준:0
20:20:01  RSSI원시:-67
20:20:01  RSSI평활:-69.1
20:20:01  RSSI샘플:2246
20:20:01  RSSI경과ms:3
20:20:01  차량수신:1118
20:20:01  시각ms:123529
20:20:01  IMU시각ms:123517
20:20:01  위험:2
20:20:01  GPS유효:1
20:20:01  위도:37.496506
20:20:01  경도:126.957642
20:20:01  속도:0.025
20:20:01  방향:0.0
20:20:01  GPS원시속도:0.021
20:20:01  GPS원시방향유효:1
20:20:01  GPS원시방향:193.1
20:20:01  가속도:-1.542,3.405,9.385
20:20:01  자이로:7.840,-9.298,5.443
20:20:01  자력계:-41.250,55.350,14.550
20:20:01  IMU방향유효:0
20:20:01  IMU방향:0.0
20:20:01  방향가속도크기:10.10
20:20:01  방향자이로크기:13.32
20:20:01  방향자세cos:0.6720
20:20:01  자기모델잔차:999.00
20:20:01  자기모델반경:0.000
20:20:01  방향채택:0
20:20:01  방향거부:14421
20:20:01  송신:1138
20:20:01  GPS위성:7
20:20:01  GPS_HDOP:1.23
20:20:01  원시위도:37.496505
20:20:01  원시경도:126.957643
20:20:01  GPS채택:465
20:20:01  GPS이상치거부:0
20:20:01  GPS품질거부:1
20:20:01  GPS재기준:0
20:20:01  RSSI원시:-66
20:20:01  RSSI평활:-68.3
20:20:01  RSSI샘플:2248
20:20:01  RSSI경과ms:2
20:20:01  차량수신:1119
20:20:01  시각ms:123634
20:20:01  IMU시각ms:123622
20:20:01  위험:2
20:20:01  GPS유효:1
20:20:01  위도:37.496506
20:20:01  경도:126.957642
20:20:01  속도:0.023
20:20:01  방향:0.0
20:20:01  GPS원시속도:0.021
20:20:01  GPS원시방향유효:1
20:20:01  GPS원시방향:193.1
20:20:01  가속도:-5.411,6.541,11.267
20:20:01  자이로:3.130,1.847,1.779
20:20:01  자력계:-40.950,55.500,14.700
20:20:01  IMU방향유효:0
20:20:01  IMU방향:0.0
20:20:01  방향가속도크기:14.11
20:20:01  방향자이로크기:4.05
20:20:01  방향자세cos:0.5377
20:20:01  자기모델잔차:999.00
20:20:01  자기모델반경:0.000
20:20:01  방향채택:0
20:20:01  방향거부:14434
20:20:01  송신:1139
20:20:01  GPS위성:7
20:20:01  GPS_HDOP:1.23
20:20:01  원시위도:37.496505
20:20:01  원시경도:126.957644
20:20:01  GPS채택:466
20:20:01  GPS이상치거부:0
20:20:01  GPS품질거부:1
20:20:01  GPS재기준:0
20:20:01  RSSI원시:-67
20:20:01  RSSI평활:-67.8
20:20:01  RSSI샘플:2250
20:20:01  RSSI경과ms:8
20:20:01  차량수신:1120
20:20:02  시각ms:124152
20:20:02  IMU시각ms:124140
20:20:02  위험:2
20:20:02  GPS유효:1
20:20:02  위도:37.496506
20:20:02  경도:126.957642
20:20:02  속도:0.012
20:20:02  방향:0.0
20:20:02  GPS원시속도:0.000
20:20:02  GPS원시방향유효:1
20:20:02  GPS원시방향:193.1
20:20:02  가속도:-2.969,2.701,9.098
20:20:02  자이로:-0.878,2.191,3.588
20:20:02  자력계:-41.400,54.000,13.950
20:20:02  IMU방향유효:0
20:20:02  IMU방향:0.0
20:20:02  방향가속도크기:9.94
20:20:02  방향자이로크기:4.29
20:20:02  방향자세cos:0.5449
20:20:02  자기모델잔차:999.00
20:20:02  자기모델반경:0.000
20:20:02  방향채택:0
20:20:02  방향거부:14497
20:20:02  송신:1144
20:20:02  GPS위성:7
20:20:02  GPS_HDOP:1.23
20:20:02  원시위도:37.496505
20:20:02  원시경도:126.957644
20:20:02  GPS채택:469
20:20:02  GPS이상치거부:0
20:20:02  GPS품질거부:1
20:20:02  GPS재기준:0
20:20:02  RSSI원시:-70
20:20:02  RSSI평활:-68.4
20:20:02  RSSI샘플:2260
20:20:02  RSSI경과ms:6
20:20:02  차량수신:1125
20:20:02  시각ms:124255
20:20:02  IMU시각ms:124243
20:20:02  위험:2
20:20:02  GPS유효:1
20:20:02  위도:37.496506
20:20:02  경도:126.957642
20:20:02  속도:0.012
20:20:02  방향:0.0
20:20:02  GPS원시속도:0.000
20:20:02  GPS원시방향유효:1
20:20:02  GPS원시방향:193.1
20:20:02  가속도:-4.774,4.606,13.053
20:20:02  자이로:-3.427,8.878,-5.725
20:20:02  자력계:-42.450,57.000,14.700
20:20:02  IMU방향유효:0
20:20:02  IMU방향:0.0
20:20:02  방향가속도크기:14.64
20:20:02  방향자이로크기:11.11
20:20:02  방향자세cos:0.4697
20:20:02  자기모델잔차:999.00
20:20:02  자기모델반경:0.000
20:20:02  방향채택:0
20:20:02  방향거부:14509
20:20:02  송신:1145
20:20:02  GPS위성:7
20:20:02  GPS_HDOP:1.23
20:20:02  원시위도:37.496505
20:20:02  원시경도:126.957644
20:20:02  GPS채택:469
20:20:02  GPS이상치거부:0
20:20:02  GPS품질거부:1
20:20:02  GPS재기준:0
20:20:02  RSSI원시:-70
20:20:02  RSSI평활:-69.3
20:20:02  RSSI샘플:2262
20:20:02  RSSI경과ms:3
20:20:02  차량수신:1126
20:20:02  시각ms:124357
20:20:02  IMU시각ms:124345
20:20:02  위험:2
20:20:02  GPS유효:1
20:20:02  위도:37.496506
20:20:02  경도:126.957642
20:20:02  속도:0.018
20:20:02  방향:0.0
20:20:02  GPS원시속도:0.031
20:20:02  GPS원시방향유효:1
20:20:02  GPS원시방향:193.1
20:20:02  가속도:-0.244,-2.811,5.148
20:20:02  자이로:-3.053,-3.405,0.237
20:20:02  자력계:-42.150,55.050,13.650
20:20:02  IMU방향유효:0
20:20:02  IMU방향:0.0
20:20:02  방향가속도크기:5.87
20:20:02  방향자이로크기:4.58
20:20:02  방향자세cos:0.4728
20:20:02  자기모델잔차:999.00
20:20:02  자기모델반경:0.000
20:20:02  방향채택:0
20:20:02  방향거부:14521
20:20:02  송신:1146
20:20:02  GPS위성:7
20:20:02  GPS_HDOP:1.23
20:20:02  원시위도:37.496505
20:20:02  원시경도:126.957645
20:20:02  GPS채택:470
20:20:02  GPS이상치거부:0
20:20:02  GPS품질거부:1
20:20:02  GPS재기준:0
20:20:02  RSSI원시:-68
20:20:02  RSSI평활:-69.0
20:20:02  RSSI샘플:2264
20:20:02  RSSI경과ms:7
20:20:02  차량수신:1127
20:20:02  시각ms:124460
20:20:02  IMU시각ms:124448
20:20:02  위험:2
20:20:02  GPS유효:1
20:20:02  위도:37.496506
20:20:02  경도:126.957642
20:20:02  속도:0.018
20:20:02  방향:0.0
20:20:02  GPS원시속도:0.031
20:20:02  GPS원시방향유효:1
20:20:02  GPS원시방향:193.1
20:20:02  가속도:-3.994,6.172,11.645
20:20:02  자이로:-7.687,13.893,-3.710
20:20:02  자력계:-39.450,55.050,14.700
20:20:02  IMU방향유효:0
20:20:02  IMU방향:0.0
20:20:02  방향가속도크기:13.77
20:20:02  방향자이로크기:16.31
20:20:02  방향자세cos:0.4984
20:20:02  자기모델잔차:999.00
20:20:02  자기모델반경:0.000
20:20:02  방향채택:0
20:20:02  방향거부:14533
20:20:02  송신:1147
20:20:02  GPS위성:7
20:20:02  GPS_HDOP:1.23
20:20:02  원시위도:37.496505
20:20:02  원시경도:126.957645
20:20:02  GPS채택:470
20:20:02  GPS이상치거부:0
20:20:02  GPS품질거부:1
20:20:02  GPS재기준:0
20:20:02  RSSI원시:-70
20:20:02  RSSI평활:-69.3
20:20:02  RSSI샘플:2266
20:20:02  RSSI경과ms:0
20:20:02  차량수신:1128
20:20:02  시각ms:124564
20:20:02  IMU시각ms:124552
20:20:02  위험:2
20:20:02  GPS유효:1
20:20:02  위도:37.496506
20:20:02  경도:126.957642
20:20:02  속도:0.026
20:20:02  방향:0.0
20:20:02  GPS원시속도:0.041
20:20:02  GPS원시방향유효:1
20:20:02  GPS원시방향:193.1
20:20:02  가속도:-2.212,2.385,7.915
20:20:02  자이로:-2.076,1.115,1.160
20:20:02  자력계:-42.300,54.900,14.550
20:20:02  IMU방향유효:0
20:20:02  IMU방향:0.0
20:20:02  방향가속도크기:8.56
20:20:02  방향자이로크기:2.63
20:20:02  방향자세cos:0.5781
20:20:02  자기모델잔차:999.00
20:20:02  자기모델반경:0.000
20:20:02  방향채택:0
20:20:02  방향거부:14546
20:20:02  송신:1148
20:20:02  GPS위성:7
20:20:02  GPS_HDOP:1.23
20:20:02  원시위도:37.496505
20:20:02  원시경도:126.957645
20:20:02  GPS채택:471
20:20:02  GPS이상치거부:0
20:20:02  GPS품질거부:1
20:20:02  GPS재기준:0
20:20:02  RSSI원시:-68
20:20:02  RSSI평활:-69.1
20:20:02  RSSI샘플:2267
20:20:02  RSSI경과ms:70
20:20:02  차량수신:1129
20:20:02  시각ms:124669
20:20:02  IMU시각ms:124657
20:20:02  위험:2
20:20:02  GPS유효:1
20:20:02  위도:37.496506
20:20:02  경도:126.957642
20:20:02  속도:0.026
20:20:02  방향:0.0
20:20:02  GPS원시속도:0.041
20:20:02  GPS원시방향유효:1
20:20:02  GPS원시방향:193.1
20:20:02  가속도:-2.619,2.600,8.681
20:20:02  자이로:-0.649,-2.511,-0.321
20:20:02  자력계:-39.900,54.300,14.700
20:20:02  IMU방향유효:0
20:20:02  IMU방향:0.0
20:20:02  방향가속도크기:9.43
20:20:02  방향자이로크기:2.61
20:20:02  방향자세cos:0.5625
20:20:02  자기모델잔차:999.00
20:20:02  자기모델반경:0.000
20:20:02  방향채택:0
20:20:02  방향거부:14559
20:20:02  송신:1149
20:20:02  GPS위성:7
20:20:02  GPS_HDOP:1.23
20:20:02  원시위도:37.496505
20:20:02  원시경도:126.957645
20:20:02  GPS채택:471
20:20:02  GPS이상치거부:0
20:20:02  GPS품질거부:1
20:20:02  GPS재기준:0
20:20:02  RSSI원시:-68
20:20:02  RSSI평활:-68.4
20:20:02  RSSI샘플:2270
20:20:02  RSSI경과ms:4
20:20:02  차량수신:1130
20:20:02  시각ms:124772
20:20:02  IMU시각ms:124760
20:20:02  위험:2
20:20:02  GPS유효:1
20:20:02  위도:37.496506
20:20:02  경도:126.957642
20:20:02  속도:0.026
20:20:02  방향:0.0
20:20:02  GPS원시속도:0.026
20:20:02  GPS원시방향유효:1
20:20:02  GPS원시방향:193.1
20:20:02  가속도:-2.504,2.725,8.873
20:20:02  자이로:-1.351,-0.412,-1.656
20:20:02  자력계:-42.000,54.150,13.500
20:20:02  IMU방향유효:0
20:20:02  IMU방향:0.0
20:20:02  방향가속도크기:9.61
20:20:02  방향자이로크기:2.18
20:20:02  방향자세cos:0.5781
20:20:02  자기모델잔차:999.00
20:20:02  자기모델반경:0.000
20:20:02  방향채택:0
20:20:02  방향거부:14571
20:20:02  송신:1150
20:20:02  GPS위성:7
20:20:02  GPS_HDOP:1.23
20:20:02  원시위도:37.496505
20:20:02  원시경도:126.957645
20:20:02  GPS채택:472
20:20:02  GPS이상치거부:0
20:20:02  GPS품질거부:1
20:20:02  GPS재기준:0
20:20:02  RSSI원시:-69
20:20:02  RSSI평활:-68.5
20:20:02  RSSI샘플:2271
20:20:02  RSSI경과ms:74
20:20:02  차량수신:1131
20:20:02  시각ms:124877
20:20:02  IMU시각ms:124865
20:20:02  위험:2
20:20:02  GPS유효:1
20:20:02  위도:37.496506
20:20:02  경도:126.957642
20:20:02  속도:0.026
20:20:02  방향:0.0
20:20:02  GPS원시속도:0.026
20:20:02  GPS원시방향유효:1
20:20:02  GPS원시방향:193.1
20:20:02  가속도:-2.605,2.768,9.064
20:20:02  자이로:-1.435,-2.748,0.435
20:20:02  자력계:-41.550,54.150,12.750
20:20:02  IMU방향유효:0
20:20:02  IMU방향:0.0
20:20:02  방향가속도크기:9.83
20:20:02  방향자이로크기:3.13
20:20:02  방향자세cos:0.5741
20:20:02  자기모델잔차:999.00
20:20:02  자기모델반경:0.000
20:20:02  방향채택:0
20:20:02  방향거부:14584
20:20:02  송신:1151
20:20:02  GPS위성:7
20:20:02  GPS_HDOP:1.23
20:20:02  원시위도:37.496505
20:20:02  원시경도:126.957645
20:20:02  GPS채택:472
20:20:02  GPS이상치거부:0
20:20:02  GPS품질거부:1
20:20:02  GPS재기준:0
20:20:02  RSSI원시:-74
20:20:02  RSSI평활:-70.4
20:20:02  RSSI샘플:2274
20:20:02  RSSI경과ms:3
20:20:02  차량수신:1132
20:20:03  시각ms:124980
20:20:03  IMU시각ms:124968
20:20:03  위험:2
20:20:03  GPS유효:1
20:20:03  위도:37.496506
20:20:03  경도:126.957642
20:20:03  속도:0.026
20:20:03  방향:0.0
20:20:03  GPS원시속도:0.026
20:20:03  GPS원시방향유효:1
20:20:03  GPS원시방향:193.1
20:20:03  가속도:-2.327,2.849,8.408
20:20:03  자이로:-0.282,-0.908,1.817
20:20:03  자력계:-42.150,55.500,13.950
20:20:03  IMU방향유효:0
20:20:03  IMU방향:0.0
20:20:03  방향가속도크기:9.18
20:20:03  방향자이로크기:2.05
20:20:03  방향자세cos:0.5916
20:20:03  자기모델잔차:999.00
20:20:03  자기모델반경:0.000
20:20:03  방향채택:0
20:20:03  방향거부:14596
20:20:03  송신:1152
20:20:03  GPS위성:7
20:20:03  GPS_HDOP:1.23
20:20:03  원시위도:37.496505
20:20:03  원시경도:126.957645
20:20:03  GPS채택:473
20:20:03  GPS이상치거부:0
20:20:03  GPS품질거부:1
20:20:03  GPS재기준:0
20:20:03  RSSI원시:-72
20:20:03  RSSI평활:-71.3
20:20:03  RSSI샘플:2276
20:20:03  RSSI경과ms:2
20:20:03  차량수신:1133
20:20:03  시각ms:125083
20:20:03  IMU시각ms:125071
20:20:03  위험:2
20:20:03  GPS유효:1
20:20:03  위도:37.496506
20:20:03  경도:126.957642
20:20:03  속도:0.026
20:20:03  방향:0.0
20:20:03  GPS원시속도:0.026
20:20:03  GPS원시방향유효:1
20:20:03  GPS원시방향:193.1
20:20:03  가속도:0.517,-1.681,4.482
20:20:03  자이로:2.458,-9.824,4.687
20:20:03  자력계:-39.900,54.000,12.900
20:20:03  IMU방향유효:0
20:20:03  IMU방향:0.0
20:20:03  방향가속도크기:4.81
20:20:03  방향자이로크기:11.16
20:20:03  방향자세cos:0.7022
20:20:03  자기모델잔차:999.00
20:20:03  자기모델반경:0.000
20:20:03  방향채택:0
20:20:03  방향거부:14608
20:20:03  송신:1153
20:20:03  GPS위성:7
20:20:03  GPS_HDOP:1.23
20:20:03  원시위도:37.496505
20:20:03  원시경도:126.957645
20:20:03  GPS채택:473
20:20:03  GPS이상치거부:0
20:20:03  GPS품질거부:1
20:20:03  GPS재기준:0
20:20:03  RSSI원시:-72
20:20:03  RSSI평활:-71.7
20:20:03  RSSI샘플:2278
20:20:03  RSSI경과ms:7
20:20:03  차량수신:1134
20:20:03  시각ms:125186
20:20:03  IMU시각ms:125174
20:20:03  위험:2
20:20:03  GPS유효:1
20:20:03  위도:37.496506
20:20:03  경도:126.957642
20:20:03  속도:0.026
20:20:03  방향:0.0
20:20:03  GPS원시속도:0.026
20:20:03  GPS원시방향유효:1
20:20:03  GPS원시방향:193.1
20:20:03  가속도:0.206,-1.422,5.334
20:20:03  자이로:-3.405,-2.588,2.748
20:20:03  자력계:-40.950,54.000,13.650
20:20:03  IMU방향유효:0
20:20:03  IMU방향:0.0
20:20:03  방향가속도크기:5.52
20:20:03  방향자이로크기:5.08
20:20:03  방향자세cos:0.6991
20:20:03  자기모델잔차:999.00
20:20:03  자기모델반경:0.000
20:20:03  방향채택:0
20:20:03  방향거부:14620
20:20:03  송신:1154
20:20:03  GPS위성:7
20:20:03  GPS_HDOP:1.23
20:20:03  원시위도:37.496505
20:20:03  원시경도:126.957645
20:20:03  GPS채택:474
20:20:03  GPS이상치거부:0
20:20:03  GPS품질거부:1
20:20:03  GPS재기준:0
20:20:03  RSSI원시:-71
20:20:03  RSSI평활:-71.6
20:20:03  RSSI샘플:2280
20:20:03  RSSI경과ms:5
20:20:03  차량수신:1135
20:20:03  시각ms:125289
20:20:03  IMU시각ms:125277
20:20:03  위험:2
20:20:03  GPS유효:1
20:20:03  위도:37.496506
20:20:03  경도:126.957642
20:20:03  속도:0.026
20:20:03  방향:0.0
20:20:03  GPS원시속도:0.026
20:20:03  GPS원시방향유효:1
20:20:03  GPS원시방향:193.1
20:20:03  가속도:-0.278,2.251,8.250
20:20:03  자이로:-10.931,4.740,-2.496
20:20:03  자력계:-40.500,53.700,13.500
20:20:03  IMU방향유효:0
20:20:03  IMU방향:0.0
20:20:03  방향가속도크기:8.56
20:20:03  방향자이로크기:12.17
20:20:03  방향자세cos:0.7267
20:20:03  자기모델잔차:999.00
20:20:03  자기모델반경:0.000
20:20:03  방향채택:0
20:20:03  방향거부:14632
20:20:03  송신:1155
20:20:03  GPS위성:7
20:20:03  GPS_HDOP:1.23
20:20:03  원시위도:37.496505
20:20:03  원시경도:126.957645
20:20:03  GPS채택:474
20:20:03  GPS이상치거부:0
20:20:03  GPS품질거부:1
20:20:03  GPS재기준:0
20:20:03  RSSI원시:-72
20:20:03  RSSI평활:-71.7
20:20:03  RSSI샘플:2281
20:20:03  RSSI경과ms:64
20:20:03  차량수신:1136
20:20:03  시각ms:125394
20:20:03  IMU시각ms:125382
20:20:03  위험:2
20:20:03  GPS유효:1
20:20:03  위도:37.496506
20:20:03  경도:126.957642
20:20:03  속도:0.029
20:20:03  방향:0.0
20:20:03  GPS원시속도:0.036
20:20:03  GPS원시방향유효:1
20:20:03  GPS원시방향:193.1
20:20:03  가속도:-2.437,2.667,7.604
20:20:03  자이로:-0.588,-0.542,-1.260
20:20:03  자력계:-41.700,54.000,15.150
20:20:03  IMU방향유효:0
20:20:03  IMU방향:0.0
20:20:03  방향가속도크기:8.42
20:20:03  방향자이로크기:1.49
20:20:03  방향자세cos:0.5657
20:20:03  자기모델잔차:999.00
20:20:03  자기모델반경:0.000
20:20:03  방향채택:0
20:20:03  방향거부:14645
20:20:03  송신:1156
20:20:03  GPS위성:7
20:20:03  GPS_HDOP:1.23
20:20:03  원시위도:37.496505
20:20:03  원시경도:126.957645
20:20:03  GPS채택:475
20:20:03  GPS이상치거부:0
20:20:03  GPS품질거부:1
20:20:03  GPS재기준:0
20:20:03  RSSI원시:-71
20:20:03  RSSI평활:-71.5
20:20:03  RSSI샘플:2284
20:20:03  RSSI경과ms:8
20:20:03  차량수신:1137
20:20:03  시각ms:125602
20:20:03  IMU시각ms:125590
20:20:03  위험:2
20:20:03  GPS유효:1
20:20:03  위도:37.496506
20:20:03  경도:126.957642
20:20:03  속도:0.021
20:20:03  방향:0.0
20:20:03  GPS원시속도:0.005
20:20:03  GPS원시방향유효:1
20:20:03  GPS원시방향:193.1
20:20:03  가속도:-2.614,2.749,9.012
20:20:03  자이로:-0.656,-3.656,0.580
20:20:03  자력계:-40.950,54.000,13.650
20:20:03  IMU방향유효:0
20:20:03  IMU방향:0.0
20:20:03  방향가속도크기:9.78
20:20:03  방향자이로크기:3.76
20:20:03  방향자세cos:0.5721
20:20:03  자기모델잔차:999.00
20:20:03  자기모델반경:0.000
20:20:03  방향채택:0
20:20:03  방향거부:14670
20:20:03  송신:1158
20:20:03  GPS위성:7
20:20:03  GPS_HDOP:1.23
20:20:03  원시위도:37.496504
20:20:03  원시경도:126.957645
20:20:03  GPS채택:476
20:20:03  GPS이상치거부:0
20:20:03  GPS품질거부:1
20:20:03  GPS재기준:0
20:20:03  RSSI원시:-72
20:20:03  RSSI평활:-71.6
20:20:03  RSSI샘플:2287
20:20:03  RSSI경과ms:71
20:20:03  차량수신:1139
20:20:03  시각ms:125707
20:20:03  IMU시각ms:125695
20:20:03  위험:2
20:20:03  GPS유효:1
20:20:03  위도:37.496506
20:20:03  경도:126.957642
20:20:03  속도:0.021
20:20:03  방향:0.0
20:20:03  GPS원시속도:0.005
20:20:03  GPS원시방향유효:1
20:20:03  GPS원시방향:193.1
20:20:03  가속도:-2.763,2.624,8.959
20:20:03  자이로:-1.290,0.168,1.695
20:20:03  자력계:-40.800,55.650,13.500
20:20:03  IMU방향유효:0
20:20:03  IMU방향:0.0
20:20:03  방향가속도크기:9.74
20:20:03  방향자이로크기:2.14
20:20:03  방향자세cos:0.5558
20:20:03  자기모델잔차:999.00
20:20:03  자기모델반경:0.000
20:20:03  방향채택:0
20:20:03  방향거부:14683
20:20:03  송신:1159
20:20:03  GPS위성:7
20:20:03  GPS_HDOP:1.23
20:20:03  원시위도:37.496504
20:20:03  원시경도:126.957645
20:20:03  GPS채택:476
20:20:03  GPS이상치거부:0
20:20:03  GPS품질거부:1
20:20:03  GPS재기준:0
20:20:03  RSSI원시:-71
20:20:03  RSSI평활:-71.6
20:20:03  RSSI샘플:2290
20:20:03  RSSI경과ms:2
20:20:03  차량수신:1140
20:20:03  시각ms:125810
20:20:03  IMU시각ms:125798
20:20:03  위험:2
20:20:03  GPS유효:1
20:20:03  위도:37.496506
20:20:03  경도:126.957649
20:20:03  속도:0.015
20:20:03  방향:0.0
20:20:03  GPS원시속도:0.005
20:20:03  GPS원시방향유효:1
20:20:03  GPS원시방향:193.1
20:20:03  가속도:-0.350,1.882,8.547
20:20:03  자이로:-3.756,1.802,0.458
20:20:03  자력계:-41.400,54.300,15.150
20:20:03  IMU방향유효:0
20:20:03  IMU방향:0.0
20:20:03  방향가속도크기:8.76
20:20:03  방향자이로크기:4.19
20:20:03  방향자세cos:0.7052
20:20:03  자기모델잔차:999.00
20:20:03  자기모델반경:0.000
20:20:03  방향채택:0
20:20:03  방향거부:14695
20:20:03  송신:1160
20:20:03  GPS위성:7
20:20:03  GPS_HDOP:1.23
20:20:03  원시위도:37.496504
20:20:03  원시경도:126.957646
20:20:03  GPS채택:477
20:20:03  GPS이상치거부:0
20:20:03  GPS품질거부:1
20:20:03  GPS재기준:0
20:20:03  RSSI원시:-71
20:20:03  RSSI평활:-71.4
20:20:03  RSSI샘플:2292
20:20:03  RSSI경과ms:4
20:20:03  차량수신:1141
20:20:03  시각ms:125913
20:20:03  IMU시각ms:125901
20:20:03  위험:2
20:20:03  GPS유효:1
20:20:03  위도:37.496506
20:20:03  경도:126.957649
20:20:03  속도:0.015
20:20:03  방향:0.0
20:20:03  GPS원시속도:0.005
20:20:03  GPS원시방향유효:1
20:20:03  GPS원시방향:193.1
20:20:03  가속도:-5.550,6.321,12.081
20:20:03  자이로:-2.023,-4.313,4.000
20:20:03  자력계:-41.700,54.000,13.200
20:20:03  IMU방향유효:0
20:20:03  IMU방향:0.0
20:20:03  방향가속도크기:14.72
20:20:03  방향자이로크기:6.22
20:20:03  방향자세cos:0.5232
20:20:03  자기모델잔차:999.00
20:20:03  자기모델반경:0.000
20:20:03  방향채택:0
20:20:03  방향거부:14707
20:20:03  송신:1161
20:20:03  GPS위성:7
20:20:03  GPS_HDOP:1.23
20:20:03  원시위도:37.496504
20:20:03  원시경도:126.957646
20:20:03  GPS채택:477
20:20:03  GPS이상치거부:0
20:20:03  GPS품질거부:1
20:20:03  GPS재기준:0
20:20:03  RSSI원시:-71
20:20:03  RSSI평활:-71.4
20:20:03  RSSI샘플:2294
20:20:03  RSSI경과ms:2
20:20:03  차량수신:1142
20:20:04  시각ms:126016
20:20:04  IMU시각ms:126004
20:20:04  위험:2
20:20:04  GPS유효:1
20:20:04  위도:37.496506
20:20:04  경도:126.957649
20:20:04  속도:0.012
20:20:04  방향:0.0
20:20:04  GPS원시속도:0.005
20:20:04  GPS원시방향유효:1
20:20:04  GPS원시방향:193.1
20:20:04  가속도:-1.188,2.298,8.552
20:20:04  자이로:-7.824,7.344,-3.176
20:20:04  자력계:-42.000,54.450,13.500
20:20:04  IMU방향유효:0
20:20:04  IMU방향:0.0
20:20:04  방향가속도크기:8.93
20:20:04  방향자이로크기:11.19
20:20:04  방향자세cos:0.6608
20:20:04  자기모델잔차:999.00
20:20:04  자기모델반경:0.000
20:20:04  방향채택:0
20:20:04  방향거부:14719
20:20:04  송신:1162
20:20:04  GPS위성:7
20:20:04  GPS_HDOP:1.23
20:20:04  원시위도:37.496504
20:20:04  원시경도:126.957646
20:20:04  GPS채택:478
20:20:04  GPS이상치거부:0
20:20:04  GPS품질거부:1
20:20:04  GPS재기준:0
20:20:04  RSSI원시:-70
20:20:04  RSSI평활:-71.1
20:20:04  RSSI샘플:2296
20:20:04  RSSI경과ms:2
20:20:04  차량수신:1143
20:20:04  시각ms:126119
20:20:04  IMU시각ms:126107
20:20:04  위험:2
20:20:04  GPS유효:1
20:20:04  위도:37.496506
20:20:04  경도:126.957649
20:20:04  속도:0.012
20:20:04  방향:0.0
20:20:04  GPS원시속도:0.005
20:20:04  GPS원시방향유효:1
20:20:04  GPS원시방향:193.1
20:20:04  가속도:-2.586,3.323,8.911
20:20:04  자이로:-0.656,-12.626,1.947
20:20:04  자력계:-41.400,54.300,16.200
20:20:04  IMU방향유효:0
20:20:04  IMU방향:0.0
20:20:04  방향가속도크기:9.86
20:20:04  방향자이로크기:12.79
20:20:04  방향자세cos:0.5925
20:20:04  자기모델잔차:999.00
20:20:04  자기모델반경:0.000
20:20:04  방향채택:0
20:20:04  방향거부:14731
20:20:04  송신:1163
20:20:04  GPS위성:7
20:20:04  GPS_HDOP:1.23
20:20:04  원시위도:37.496504
20:20:04  원시경도:126.957646
20:20:04  GPS채택:478
20:20:04  GPS이상치거부:0
20:20:04  GPS품질거부:1
20:20:04  GPS재기준:0
20:20:04  RSSI원시:-70
20:20:04  RSSI평활:-70.7
20:20:04  RSSI샘플:2298
20:20:04  RSSI경과ms:4
20:20:04  차량수신:1144
20:20:04  시각ms:126222
20:20:04  IMU시각ms:126210
20:20:04  위험:2
20:20:04  GPS유효:1
20:20:04  위도:37.496506
20:20:04  경도:126.957649
20:20:04  속도:0.018
20:20:04  방향:0.0
20:20:04  GPS원시속도:0.031
20:20:04  GPS원시방향유효:1
20:20:04  GPS원시방향:193.1
20:20:04  가속도:-2.576,2.696,8.265
20:20:04  자이로:-0.015,-0.603,-1.198
20:20:04  자력계:-40.200,52.800,13.650
20:20:04  IMU방향유효:0
20:20:04  IMU방향:0.0
20:20:04  방향가속도크기:9.07
20:20:04  방향자이로크기:1.34
20:20:04  방향자세cos:0.5642
20:20:04  자기모델잔차:999.00
20:20:04  자기모델반경:0.000
20:20:04  방향채택:0
20:20:04  방향거부:14743
20:20:04  송신:1164
20:20:04  GPS위성:7
20:20:04  GPS_HDOP:1.23
20:20:04  원시위도:37.496504
20:20:04  원시경도:126.957646
20:20:04  GPS채택:479
20:20:04  GPS이상치거부:0
20:20:04  GPS품질거부:1
20:20:04  GPS재기준:0
20:20:04  RSSI원시:-71
20:20:04  RSSI평활:-70.7
20:20:04  RSSI샘플:2299
20:20:04  RSSI경과ms:63
20:20:04  차량수신:1145
20:20:04  시각ms:126326
20:20:04  IMU시각ms:126314
20:20:04  위험:1
20:20:04  GPS유효:1
20:20:04  위도:37.496506
20:20:04  경도:126.957649
20:20:04  속도:0.018
20:20:04  방향:0.0
20:20:04  GPS원시속도:0.031
20:20:04  GPS원시방향유효:1
20:20:04  GPS원시방향:193.1
20:20:04  가속도:-2.605,2.552,9.783
20:20:04  자이로:-5.137,2.550,-4.153
20:20:04  자력계:-41.250,54.450,14.850
20:20:04  IMU방향유효:0
20:20:04  IMU방향:0.0
20:20:04  방향가속도크기:10.44
20:20:04  방향자이로크기:7.08
20:20:04  방향자세cos:0.5736
20:20:04  자기모델잔차:999.00
20:20:04  자기모델반경:0.000
20:20:04  방향채택:0
20:20:04  방향거부:14756
20:20:04  송신:1165
20:20:04  GPS위성:7
20:20:04  GPS_HDOP:1.23
20:20:04  원시위도:37.496504
20:20:04  원시경도:126.957646
20:20:04  GPS채택:479
20:20:04  GPS이상치거부:0
20:20:04  GPS품질거부:1
20:20:04  GPS재기준:0
20:20:04  RSSI원시:-71
20:20:04  RSSI평활:-70.8
20:20:04  RSSI샘플:2301
20:20:04  RSSI경과ms:53
20:20:04  차량수신:1146
20:20:04  시각ms:126847
20:20:04  IMU시각ms:126835
20:20:04  위험:1
20:20:04  GPS유효:1
20:20:04  위도:37.496502
20:20:04  경도:126.957649
20:20:04  속도:0.022
20:20:04  방향:0.0
20:20:04  GPS원시속도:0.026
20:20:04  GPS원시방향유효:1
20:20:04  GPS원시방향:193.1
20:20:04  가속도:-3.270,3.194,9.960
20:20:04  자이로:2.397,-1.763,1.092
20:20:04  자력계:-39.900,55.500,14.400
20:20:04  IMU방향유효:0
20:20:04  IMU방향:0.0
20:20:04  방향가속도크기:10.96
20:20:04  방향자이로크기:3.17
20:20:04  방향자세cos:0.5512
20:20:04  자기모델잔차:999.00
20:20:04  자기모델반경:0.000
20:20:04  방향채택:0
20:20:04  방향거부:14820
20:20:04  송신:1170
20:20:04  GPS위성:7
20:20:04  GPS_HDOP:1.23
20:20:04  원시위도:37.496504
20:20:04  원시경도:126.957646
20:20:04  GPS채택:482
20:20:04  GPS이상치거부:0
20:20:04  GPS품질거부:1
20:20:04  GPS재기준:0
20:20:04  RSSI원시:-72
20:20:04  RSSI평활:-71.1
20:20:04  RSSI샘플:2312
20:20:04  RSSI경과ms:7
20:20:04  차량수신:1151
20:20:05  시각ms:127052
20:20:05  IMU시각ms:127040
20:20:05  위험:1
20:20:05  GPS유효:1
20:20:05  위도:37.496502
20:20:05  경도:126.957649
20:20:05  속도:0.021
20:20:05  방향:0.0
20:20:05  GPS원시속도:0.021
20:20:05  GPS원시방향유효:1
20:20:05  GPS원시방향:193.1
20:20:05  가속도:-2.567,2.734,8.830
20:20:05  자이로:1.305,-1.305,-0.779
20:20:05  자력계:-42.450,53.100,15.150
20:20:05  IMU방향유효:0
20:20:05  IMU방향:0.0
20:20:05  방향가속도크기:9.59
20:20:05  방향자이로크기:2.00
20:20:05  방향자세cos:0.5733
20:20:05  자기모델잔차:999.00
20:20:05  자기모델반경:0.000
20:20:05  방향채택:0
20:20:05  방향거부:14844
20:20:05  송신:1172
20:20:05  GPS위성:7
20:20:05  GPS_HDOP:1.23
20:20:05  원시위도:37.496504
20:20:05  원시경도:126.957646
20:20:05  GPS채택:483
20:20:05  GPS이상치거부:0
20:20:05  GPS품질거부:1
20:20:05  GPS재기준:0
20:20:05  RSSI원시:-70
20:20:05  RSSI평활:-71.0
20:20:05  RSSI샘플:2315
20:20:05  RSSI경과ms:50
20:20:05  차량수신:1153
20:20:05  시각ms:127156
20:20:05  IMU시각ms:127144
20:20:05  위험:1
20:20:05  GPS유효:1
20:20:05  위도:37.496502
20:20:05  경도:126.957649
20:20:05  속도:0.036
20:20:05  방향:0.0
20:20:05  GPS원시속도:0.062
20:20:05  GPS원시방향유효:1
20:20:05  GPS원시방향:193.1
20:20:05  가속도:-2.547,2.753,9.036
20:20:05  자이로:-2.031,-0.649,1.405
20:20:05  자력계:-41.700,54.300,13.200
20:20:05  IMU방향유효:0
20:20:05  IMU방향:0.0
20:20:05  방향가속도크기:9.78
20:20:05  방향자이로크기:2.55
20:20:05  방향자세cos:0.5776
20:20:05  자기모델잔차:999.00
20:20:05  자기모델반경:0.000
20:20:05  방향채택:0
20:20:05  방향거부:14857
20:20:05  송신:1173
20:20:05  GPS위성:7
20:20:05  GPS_HDOP:1.23
20:20:05  원시위도:37.496504
20:20:05  원시경도:126.957646
20:20:05  GPS채택:484
20:20:05  GPS이상치거부:0
20:20:05  GPS품질거부:1
20:20:05  GPS재기준:0
20:20:05  RSSI원시:-71
20:20:05  RSSI평활:-71.2
20:20:05  RSSI샘플:2317
20:20:05  RSSI경과ms:0
20:20:05  차량수신:1153
20:20:05  시각ms:127259
20:20:05  IMU시각ms:127247
20:20:05  위험:1
20:20:05  GPS유효:1
20:20:05  위도:37.496502
20:20:05  경도:126.957649
20:20:05  속도:0.036
20:20:05  방향:0.0
20:20:05  GPS원시속도:0.062
20:20:05  GPS원시방향유효:1
20:20:05  GPS원시방향:193.1
20:20:05  가속도:-2.662,2.749,8.945
20:20:05  자이로:-0.779,-0.267,2.473
20:20:05  자력계:-43.200,54.750,14.700
20:20:05  IMU방향유효:0
20:20:05  IMU방향:0.0
20:20:05  방향가속도크기:9.73
20:20:05  방향자이로크기:2.61
20:20:05  방향자세cos:0.5678
20:20:05  자기모델잔차:999.00
20:20:05  자기모델반경:0.000
20:20:05  방향채택:0
20:20:05  방향거부:14869
20:20:05  송신:1174
20:20:05  GPS위성:7
20:20:05  GPS_HDOP:1.23
20:20:05  원시위도:37.496504
20:20:05  원시경도:126.957646
20:20:05  GPS채택:484
20:20:05  GPS이상치거부:0
20:20:05  GPS품질거부:1
20:20:05  GPS재기준:0
20:20:05  RSSI원시:-72
20:20:05  RSSI평활:-71.3
20:20:05  RSSI샘플:2319
20:20:05  RSSI경과ms:8
20:20:05  차량수신:1154
20:20:05  시각ms:127361
20:20:05  IMU시각ms:127349
20:20:05  위험:1
20:20:05  GPS유효:1
20:20:05  위도:37.496502
20:20:05  경도:126.957649
20:20:05  속도:0.041
20:20:05  방향:0.0
20:20:05  GPS원시속도:0.051
20:20:05  GPS원시방향유효:1
20:20:05  GPS원시방향:193.1
20:20:05  가속도:-2.476,2.983,8.849
20:20:05  자이로:-1.351,0.473,-1.634
20:20:05  자력계:-42.450,53.550,12.600
20:20:05  IMU방향유효:0
20:20:05  IMU방향:0.0
20:20:05  방향가속도크기:9.66
20:20:05  방향자이로크기:2.17
20:20:05  방향자세cos:0.5891
20:20:05  자기모델잔차:999.00
20:20:05  자기모델반경:0.000
20:20:05  방향채택:0
20:20:05  방향거부:14881
20:20:05  송신:1175
20:20:05  GPS위성:7
20:20:05  GPS_HDOP:1.23
20:20:05  원시위도:37.496503
20:20:05  원시경도:126.957646
20:20:05  GPS채택:485
20:20:05  GPS이상치거부:0
20:20:05  GPS품질거부:1
20:20:05  GPS재기준:0
20:20:05  RSSI원시:-71
20:20:05  RSSI평활:-71.4
20:20:05  RSSI샘플:2321
20:20:05  RSSI경과ms:2
20:20:05  차량수신:1155
20:20:05  시각ms:127464
20:20:05  IMU시각ms:127452
20:20:05  위험:1
20:20:05  GPS유효:1
20:20:05  위도:37.496502
20:20:05  경도:126.957649
20:20:05  속도:0.041
20:20:05  방향:0.0
20:20:05  GPS원시속도:0.051
20:20:05  GPS원시방향유효:1
20:20:05  GPS원시방향:193.1
20:20:05  가속도:-2.629,2.792,8.945
20:20:05  자이로:1.786,-1.649,3.031
20:20:05  자력계:-41.400,53.550,12.900
20:20:05  IMU방향유효:0
20:20:05  IMU방향:0.0
20:20:05  방향가속도크기:9.73
20:20:05  방향자이로크기:3.89
20:20:05  방향자세cos:0.5718
20:20:05  자기모델잔차:999.00
20:20:05  자기모델반경:0.000
20:20:05  방향채택:0
20:20:05  방향거부:14893
20:20:05  송신:1176
20:20:05  GPS위성:7
20:20:05  GPS_HDOP:1.23
20:20:05  원시위도:37.496503
20:20:05  원시경도:126.957646
20:20:05  GPS채택:485
20:20:05  GPS이상치거부:0
20:20:05  GPS품질거부:1
20:20:05  GPS재기준:0
20:20:05  RSSI원시:-72
20:20:05  RSSI평활:-71.4
20:20:05  RSSI샘플:2323
20:20:05  RSSI경과ms:4
20:20:05  차량수신:1156
20:20:05  시각ms:127566
20:20:05  IMU시각ms:127554
20:20:05  위험:1
20:20:05  GPS유효:1
20:20:05  위도:37.496502
20:20:05  경도:126.957649
20:20:05  속도:0.039
20:20:05  방향:0.0
20:20:05  GPS원시속도:0.036
20:20:05  GPS원시방향유효:1
20:20:05  GPS원시방향:193.1
20:20:05  가속도:-2.567,2.763,8.959
20:20:05  자이로:0.458,-3.046,0.321
20:20:05  자력계:-42.450,52.800,13.650
20:20:05  IMU방향유효:0
20:20:05  IMU방향:0.0
20:20:05  방향가속도크기:9.72
20:20:05  방향자이로크기:3.10
20:20:05  방향자세cos:0.5757
20:20:05  자기모델잔차:999.00
20:20:05  자기모델반경:0.000
20:20:05  방향채택:0
20:20:05  방향거부:14905
20:20:05  송신:1177
20:20:05  GPS위성:7
20:20:05  GPS_HDOP:1.23
20:20:05  원시위도:37.496503
20:20:05  원시경도:126.957646
20:20:05  GPS채택:486
20:20:05  GPS이상치거부:0
20:20:05  GPS품질거부:1
20:20:05  GPS재기준:0
20:20:05  RSSI원시:-70
20:20:05  RSSI평활:-71.1
20:20:05  RSSI샘플:2324
20:20:05  RSSI경과ms:53
20:20:05  차량수신:1157
20:20:05  시각ms:127671
20:20:05  IMU시각ms:127659
20:20:05  위험:1
20:20:05  GPS유효:1
20:20:05  위도:37.496502
20:20:05  경도:126.957649
20:20:05  속도:0.039
20:20:05  방향:0.0
20:20:05  GPS원시속도:0.036
20:20:05  GPS원시방향유효:1
20:20:05  GPS원시방향:193.1
20:20:05  가속도:-2.538,2.729,9.031
20:20:05  자이로:-1.206,-0.748,0.763
20:20:05  자력계:-41.400,54.000,12.900
20:20:05  IMU방향유효:0
20:20:05  IMU방향:0.0
20:20:05  방향가속도크기:9.77
20:20:05  방향자이로크기:1.61
20:20:05  방향자세cos:0.5774
20:20:05  자기모델잔차:999.00
20:20:05  자기모델반경:0.000
20:20:05  방향채택:0
20:20:05  방향거부:14918
20:20:05  송신:1178
20:20:05  GPS위성:7
20:20:05  GPS_HDOP:1.23
20:20:05  원시위도:37.496503
20:20:05  원시경도:126.957646
20:20:05  GPS채택:486
20:20:05  GPS이상치거부:0
20:20:05  GPS품질거부:1
20:20:05  GPS재기준:0
20:20:05  RSSI원시:-71
20:20:05  RSSI평활:-71.2
20:20:05  RSSI샘플:2327
20:20:05  RSSI경과ms:2
20:20:05  차량수신:1158
20:20:05  시각ms:127774
20:20:05  IMU시각ms:127762
20:20:05  위험:1
20:20:05  GPS유효:1
20:20:05  위도:37.496502
20:20:05  경도:126.957649
20:20:05  속도:0.038
20:20:05  방향:0.0
20:20:05  GPS원시속도:0.036
20:20:05  GPS원시방향유효:1
20:20:05  GPS원시방향:193.1
20:20:05  가속도:-2.567,2.873,8.964
20:20:05  자이로:-1.115,0.221,-0.924
20:20:05  자력계:-40.950,53.100,14.700
20:20:05  IMU방향유효:0
20:20:05  IMU방향:0.0
20:20:05  방향가속도크기:9.76
20:20:05  방향자이로크기:1.46
20:20:05  방향자세cos:0.5796
20:20:05  자기모델잔차:999.00
20:20:05  자기모델반경:0.000
20:20:05  방향채택:0
20:20:05  방향거부:14930
20:20:05  송신:1179
20:20:05  GPS위성:7
20:20:05  GPS_HDOP:1.23
20:20:05  원시위도:37.496503
20:20:05  원시경도:126.957647
20:20:05  GPS채택:487
20:20:05  GPS이상치거부:0
20:20:05  GPS품질거부:1
20:20:05  GPS재기준:0
20:20:05  RSSI원시:-71
20:20:05  RSSI평활:-71.3
20:20:05  RSSI샘플:2329
20:20:05  RSSI경과ms:4
20:20:05  차량수신:1159
20:20:05  시각ms:127877
20:20:05  IMU시각ms:127865
20:20:05  위험:1
20:20:05  GPS유효:1
20:20:05  위도:37.496502
20:20:05  경도:126.957649
20:20:05  속도:0.038
20:20:05  방향:0.0
20:20:05  GPS원시속도:0.036
20:20:05  GPS원시방향유효:1
20:20:05  GPS원시방향:193.1
20:20:05  가속도:-2.543,2.825,8.993
20:20:05  자이로:-0.962,-0.611,-3.550
20:20:05  자력계:-40.800,53.700,13.500
20:20:05  IMU방향유효:0
20:20:05  IMU방향:0.0
20:20:05  방향가속도크기:9.76
20:20:05  방향자이로크기:3.73
20:20:05  방향자세cos:0.5800
20:20:05  자기모델잔차:999.00
20:20:05  자기모델반경:0.000
20:20:05  방향채택:0
20:20:05  방향거부:14942
20:20:05  송신:1180
20:20:05  GPS위성:7
20:20:05  GPS_HDOP:1.23
20:20:05  원시위도:37.496503
20:20:05  원시경도:126.957647
20:20:05  GPS채택:487
20:20:05  GPS이상치거부:0
20:20:05  GPS품질거부:1
20:20:05  GPS재기준:0
20:20:05  RSSI원시:-72
20:20:05  RSSI평활:-71.4
20:20:05  RSSI샘플:2330
20:20:05  RSSI경과ms:62
20:20:05  차량수신:1160
20:20:06  시각ms:127982
20:20:06  IMU시각ms:127970
20:20:06  위험:1
20:20:06  GPS유효:1
20:20:06  위도:37.496502
20:20:06  경도:126.957649
20:20:06  속도:0.039
20:20:06  방향:0.0
20:20:06  GPS원시속도:0.041
20:20:06  GPS원시방향유효:1
20:20:06  GPS원시방향:193.1
20:20:06  가속도:-2.605,2.758,9.002
20:20:06  자이로:-0.893,-1.611,-3.023
20:20:06  자력계:-41.250,54.450,14.250
20:20:06  IMU방향유효:0
20:20:06  IMU방향:0.0
20:20:06  방향가속도크기:9.77
20:20:06  방향자이로크기:3.54
20:20:06  방향자세cos:0.5731
20:20:06  자기모델잔차:999.00
20:20:06  자기모델반경:0.000
20:20:06  방향채택:0
20:20:06  방향거부:14955
20:20:06  송신:1181
20:20:06  GPS위성:7
20:20:06  GPS_HDOP:1.23
20:20:06  원시위도:37.496503
20:20:06  원시경도:126.957647
20:20:06  GPS채택:488
20:20:06  GPS이상치거부:0
20:20:06  GPS품질거부:1
20:20:06  GPS재기준:0
20:20:06  RSSI원시:-71
20:20:06  RSSI평활:-71.5
20:20:06  RSSI샘플:2333
20:20:06  RSSI경과ms:3
20:20:06  차량수신:1161
20:20:06  시각ms:128085
20:20:06  IMU시각ms:128073
20:20:06  위험:1
20:20:06  GPS유효:1
20:20:06  위도:37.496502
20:20:06  경도:126.957649
20:20:06  속도:0.039
20:20:06  방향:0.0
20:20:06  GPS원시속도:0.041
20:20:06  GPS원시방향유효:1
20:20:06  GPS원시방향:193.1
20:20:06  가속도:-2.519,2.863,8.849
20:20:06  자이로:-0.198,0.779,0.092
20:20:06  자력계:-41.550,52.650,13.500
20:20:06  IMU방향유효:0
20:20:06  IMU방향:0.0
20:20:06  방향가속도크기:9.64
20:20:06  방향자이로크기:0.81
20:20:06  방향자세cos:0.5817
20:20:06  자기모델잔차:999.00
20:20:06  자기모델반경:0.000
20:20:06  방향채택:0
20:20:06  방향거부:14967
20:20:06  송신:1182
20:20:06  GPS위성:7
20:20:06  GPS_HDOP:1.23
20:20:06  원시위도:37.496503
20:20:06  원시경도:126.957647
20:20:06  GPS채택:488
20:20:06  GPS이상치거부:0
20:20:06  GPS품질거부:1
20:20:06  GPS재기준:0
20:20:06  RSSI원시:-70
20:20:06  RSSI평활:-71.2
20:20:06  RSSI샘플:2334
20:20:06  RSSI경과ms:62
20:20:06  차량수신:1162
20:20:06  시각ms:128190
20:20:06  IMU시각ms:128178
20:20:06  위험:1
20:20:06  GPS유효:1
20:20:06  위도:37.496502
20:20:06  경도:126.957649
20:20:06  속도:0.031
20:20:06  방향:0.0
20:20:06  GPS원시속도:0.015
20:20:06  GPS원시방향유효:1
20:20:06  GPS원시방향:193.1
20:20:06  가속도:-2.504,2.935,8.926
20:20:06  자이로:-1.947,0.977,0.534
20:20:06  자력계:-42.000,54.450,14.250
20:20:06  IMU방향유효:0
20:20:06  IMU방향:0.0
20:20:06  방향가속도크기:9.72
20:20:06  방향자이로크기:2.24
20:20:06  방향자세cos:0.5860
20:20:06  자기모델잔차:999.00
20:20:06  자기모델반경:0.000
20:20:06  방향채택:0
20:20:06  방향거부:14980
20:20:06  송신:1183
20:20:06  GPS위성:7
20:20:06  GPS_HDOP:1.23
20:20:06  원시위도:37.496502
20:20:06  원시경도:126.957647
20:20:06  GPS채택:489
20:20:06  GPS이상치거부:0
20:20:06  GPS품질거부:1
20:20:06  GPS재기준:0
20:20:06  RSSI원시:-71
20:20:06  RSSI평활:-71.2
20:20:06  RSSI샘플:2337
20:20:06  RSSI경과ms:4
20:20:06  차량수신:1163
20:20:06  시각ms:128293
20:20:06  IMU시각ms:128281
20:20:06  위험:1
20:20:06  GPS유효:1
20:20:06  위도:37.496502
20:20:06  경도:126.957649
20:20:06  속도:0.031
20:20:06  방향:0.0
20:20:06  GPS원시속도:0.015
20:20:06  GPS원시방향유효:1
20:20:06  GPS원시방향:193.1
20:20:06  가속도:-2.504,2.878,8.930
20:20:06  자이로:-1.389,-1.931,-0.794
20:20:06  자력계:-41.250,54.900,13.800
20:20:06  IMU방향유효:0
20:20:06  IMU방향:0.0
20:20:06  방향가속도크기:9.71
20:20:06  방향자이로크기:2.51
20:20:06  방향자세cos:0.5841
20:20:06  자기모델잔차:999.00
20:20:06  자기모델반경:0.000
20:20:06  방향채택:0
20:20:06  방향거부:14992
20:20:06  송신:1184
20:20:06  GPS위성:7
20:20:06  GPS_HDOP:1.23
20:20:06  원시위도:37.496502
20:20:06  원시경도:126.957647
20:20:06  GPS채택:489
20:20:06  GPS이상치거부:0
20:20:06  GPS품질거부:1
20:20:06  GPS재기준:0
20:20:06  RSSI원시:-72
20:20:06  RSSI평활:-71.4
20:20:06  RSSI샘플:2339
20:20:06  RSSI경과ms:5
20:20:06  차량수신:1164
20:20:06  시각ms:128396
20:20:06  IMU시각ms:128384
20:20:06  위험:1
20:20:06  GPS유효:1
20:20:06  위도:37.496502
20:20:06  경도:126.957649
20:20:06  속도:0.020
20:20:06  방향:0.0
20:20:06  GPS원시속도:0.000
20:20:06  GPS원시방향유효:1
20:20:06  GPS원시방향:193.1
20:20:06  가속도:-3.903,2.801,10.113
20:20:06  자이로:-0.550,-5.786,1.954
20:20:06  자력계:-39.900,55.050,13.650
20:20:06  IMU방향유효:0
20:20:06  IMU방향:0.0
20:20:06  방향가속도크기:11.20
20:20:06  방향자이로크기:6.13
20:20:06  방향자세cos:0.4975
20:20:06  자기모델잔차:999.00
20:20:06  자기모델반경:0.000
20:20:06  방향채택:0
20:20:06  방향거부:15004
20:20:06  송신:1185
20:20:06  GPS위성:7
20:20:06  GPS_HDOP:1.23
20:20:06  원시위도:37.496502
20:20:06  원시경도:126.957647
20:20:06  GPS채택:490
20:20:06  GPS이상치거부:0
20:20:06  GPS품질거부:1
20:20:06  GPS재기준:0
20:20:06  RSSI원시:-71
20:20:06  RSSI평활:-71.1
20:20:06  RSSI샘플:2341
20:20:06  RSSI경과ms:0
20:20:06  차량수신:1165
20:20:06  시각ms:128499
20:20:06  IMU시각ms:128487
20:20:06  위험:1
20:20:06  GPS유효:1
20:20:06  위도:37.496502
20:20:06  경도:126.957649
20:20:06  속도:0.020
20:20:06  방향:0.0
20:20:06  GPS원시속도:0.000
20:20:06  GPS원시방향유효:1
20:20:06  GPS원시방향:193.1
20:20:06  가속도:-0.249,-1.465,4.966
20:20:06  자이로:5.397,8.053,-0.336
20:20:06  자력계:-42.150,55.050,14.400
20:20:06  IMU방향유효:0
20:20:06  IMU방향:0.0
20:20:06  방향가속도크기:5.18
20:20:06  방향자이로크기:9.70
20:20:06  방향자세cos:0.5752
20:20:06  자기모델잔차:999.00
20:20:06  자기모델반경:0.000
20:20:06  방향채택:0
20:20:06  방향거부:15016
20:20:06  송신:1186
20:20:06  GPS위성:7
20:20:06  GPS_HDOP:1.23
20:20:06  원시위도:37.496502
20:20:06  원시경도:126.957647
20:20:06  GPS채택:490
20:20:06  GPS이상치거부:0
20:20:06  GPS품질거부:1
20:20:06  GPS재기준:0
20:20:06  RSSI원시:-71
20:20:06  RSSI평활:-71.0
20:20:06  RSSI샘플:2343
20:20:06  RSSI경과ms:1
20:20:06  차량수신:1166
20:20:06  시각ms:128602
20:20:06  IMU시각ms:128590
20:20:06  위험:1
20:20:06  GPS유효:1
20:20:06  위도:37.496502
20:20:06  경도:126.957649
20:20:06  속도:0.020
20:20:06  방향:0.0
20:20:06  GPS원시속도:0.021
20:20:06  GPS원시방향유효:1
20:20:06  GPS원시방향:193.1
20:20:06  가속도:-0.297,0.522,6.795
20:20:06  자이로:11.084,-15.466,4.618
20:20:06  자력계:-40.800,56.100,15.300
20:20:06  IMU방향유효:0
20:20:06  IMU방향:0.0
20:20:06  방향가속도크기:6.82
20:20:06  방향자이로크기:19.58
20:20:06  방향자세cos:0.7176
20:20:06  자기모델잔차:999.00
20:20:06  자기모델반경:0.000
20:20:06  방향채택:0
20:20:06  방향거부:15028
20:20:06  송신:1187
20:20:06  GPS위성:7
20:20:06  GPS_HDOP:1.23
20:20:06  원시위도:37.496502
20:20:06  원시경도:126.957647
20:20:06  GPS채택:491
20:20:06  GPS이상치거부:0
20:20:06  GPS품질거부:1
20:20:06  GPS재기준:0
20:20:06  RSSI원시:-71
20:20:06  RSSI평활:-71.0
20:20:06  RSSI샘플:2345
20:20:06  RSSI경과ms:4
20:20:06  차량수신:1167
20:20:06  시각ms:128705
20:20:06  IMU시각ms:128693
20:20:06  위험:1
20:20:06  GPS유효:1
20:20:06  위도:37.496502
20:20:06  경도:126.957649
20:20:06  속도:0.020
20:20:06  방향:0.0
20:20:06  GPS원시속도:0.021
20:20:06  GPS원시방향유효:1
20:20:06  GPS원시방향:193.1
20:20:06  가속도:2.107,-1.293,4.650
20:20:06  자이로:6.473,-15.382,8.160
20:20:06  자력계:-40.950,55.500,13.650
20:20:06  IMU방향유효:0
20:20:06  IMU방향:0.0
20:20:06  방향가속도크기:5.27
20:20:06  방향자이로크기:18.58
20:20:06  방향자세cos:0.6106
20:20:06  자기모델잔차:999.00
20:20:06  자기모델반경:0.000
20:20:06  방향채택:0
20:20:06  방향거부:15040
20:20:06  송신:1188
20:20:06  GPS위성:7
20:20:06  GPS_HDOP:1.23
20:20:06  원시위도:37.496502
20:20:06  원시경도:126.957647
20:20:06  GPS채택:491
20:20:06  GPS이상치거부:0
20:20:06  GPS품질거부:1
20:20:06  GPS재기준:0
20:20:06  RSSI원시:-71
20:20:06  RSSI평활:-71.0
20:20:06  RSSI샘플:2346
20:20:06  RSSI경과ms:72
20:20:06  차량수신:1168
20:20:06  시각ms:128810
20:20:06  IMU시각ms:128798
20:20:06  위험:1
20:20:06  GPS유효:1
20:20:06  위도:37.496502
20:20:06  경도:126.957649
20:20:06  속도:0.031
20:20:06  방향:0.0
20:20:06  GPS원시속도:0.051
20:20:06  GPS원시방향유효:1
20:20:06  GPS원시방향:193.1
20:20:06  가속도:-0.986,2.145,10.099
20:20:06  자이로:-1.519,5.534,-2.947
20:20:06  자력계:-41.550,55.350,13.800
20:20:06  IMU방향유효:0
20:20:06  IMU방향:0.0
20:20:06  방향가속도크기:10.37
20:20:06  방향자이로크기:6.45
20:20:06  방향자세cos:0.6677
20:20:06  자기모델잔차:999.00
20:20:06  자기모델반경:0.000
20:20:06  방향채택:0
20:20:06  방향거부:15053
20:20:06  송신:1189
20:20:06  GPS위성:7
20:20:06  GPS_HDOP:1.23
20:20:06  원시위도:37.496502
20:20:06  원시경도:126.957647
20:20:06  GPS채택:492
20:20:06  GPS이상치거부:0
20:20:06  GPS품질거부:1
20:20:06  GPS재기준:0
20:20:06  RSSI원시:-72
20:20:06  RSSI평활:-71.4
20:20:06  RSSI샘플:2348
20:20:06  RSSI경과ms:77
20:20:06  차량수신:1169
20:20:07  시각ms:128915
20:20:07  IMU시각ms:128903
20:20:07  위험:1
20:20:07  GPS유효:1
20:20:07  위도:37.496502
20:20:07  경도:126.957649
20:20:07  속도:0.031
20:20:07  방향:0.0
20:20:07  GPS원시속도:0.051
20:20:07  GPS원시방향유효:1
20:20:07  GPS원시방향:193.1
20:20:07  가속도:-2.284,2.835,9.582
20:20:07  자이로:-1.542,0.573,-0.191
20:20:07  자력계:-43.500,52.650,13.800
20:20:07  IMU방향유효:0
20:20:07  IMU방향:0.0
20:20:07  방향가속도크기:10.25
20:20:07  방향자이로크기:1.66
20:20:07  방향자세cos:0.6041
20:20:07  자기모델잔차:999.00
20:20:07  자기모델반경:0.000
20:20:07  방향채택:0
20:20:07  방향거부:15066
20:20:07  송신:1190
20:20:07  GPS위성:7
20:20:07  GPS_HDOP:1.23
20:20:07  원시위도:37.496502
20:20:07  원시경도:126.957647
20:20:07  GPS채택:492
20:20:07  GPS이상치거부:0
20:20:07  GPS품질거부:1
20:20:07  GPS재기준:0
20:20:07  RSSI원시:-72
20:20:07  RSSI평활:-72.0
20:20:07  RSSI샘플:2351
20:20:07  RSSI경과ms:4
20:20:07  차량수신:1170
20:20:07  시각ms:129018
20:20:07  IMU시각ms:129006
20:20:07  위험:1
20:20:07  GPS유효:1
20:20:07  위도:37.496502
20:20:07  경도:126.957649
20:20:07  속도:0.026
20:20:07  방향:0.0
20:20:07  GPS원시속도:0.015
20:20:07  GPS원시방향유효:1
20:20:07  GPS원시방향:193.1
20:20:07  가속도:-2.581,2.811,8.954
20:20:07  자이로:-0.656,-1.878,0.618
20:20:07  자력계:-42.000,54.450,14.550
20:20:07  IMU방향유효:0
20:20:07  IMU방향:0.0
20:20:07  방향가속도크기:9.73
20:20:07  방향자이로크기:2.08
20:20:07  방향자세cos:0.5762
20:20:07  자기모델잔차:999.00
20:20:07  자기모델반경:0.000
20:20:07  방향채택:0
20:20:07  방향거부:15078
20:20:07  송신:1191
20:20:07  GPS위성:7
20:20:07  GPS_HDOP:1.23
20:20:07  원시위도:37.496502
20:20:07  원시경도:126.957647
20:20:07  GPS채택:493
20:20:07  GPS이상치거부:0
20:20:07  GPS품질거부:1
20:20:07  GPS재기준:0
20:20:07  RSSI원시:-72
20:20:07  RSSI평활:-72.0
20:20:07  RSSI샘플:2353
20:20:07  RSSI경과ms:6
20:20:07  차량수신:1171
20:20:07  시각ms:129121
20:20:07  IMU시각ms:129109
20:20:07  위험:1
20:20:07  GPS유효:1
20:20:07  위도:37.496502
20:20:07  경도:126.957649
20:20:07  속도:0.026
20:20:07  방향:0.0
20:20:07  GPS원시속도:0.015
20:20:07  GPS원시방향유효:1
20:20:07  GPS원시방향:193.1
20:20:07  가속도:-2.528,2.854,8.959
20:20:07  자이로:1.435,0.458,1.649
20:20:07  자력계:-40.200,53.550,13.200
20:20:07  IMU방향유효:0
20:20:07  IMU방향:0.0
20:20:07  방향가속도크기:9.74
20:20:07  방향자이로크기:2.23
20:20:07  방향자세cos:0.5818
20:20:07  자기모델잔차:999.00
20:20:07  자기모델반경:0.000
20:20:07  방향채택:0
20:20:07  방향거부:15090
20:20:07  송신:1192
20:20:07  GPS위성:7
20:20:07  GPS_HDOP:1.23
20:20:07  원시위도:37.496502
20:20:07  원시경도:126.957647
20:20:07  GPS채택:493
20:20:07  GPS이상치거부:0
20:20:07  GPS품질거부:1
20:20:07  GPS재기준:0
20:20:07  RSSI원시:-72
20:20:07  RSSI평활:-72.0
20:20:07  RSSI샘플:2354
20:20:07  RSSI경과ms:71
20:20:07  차량수신:1172
20:20:07  시각ms:129226
20:20:07  IMU시각ms:129214
20:20:07  위험:1
20:20:07  GPS유효:1
20:20:07  위도:37.496502
20:20:07  경도:126.957649
20:20:07  속도:0.022
20:20:07  방향:0.0
20:20:07  GPS원시속도:0.015
20:20:07  GPS원시방향유효:1
20:20:07  GPS원시방향:193.1
20:20:07  가속도:-2.490,2.667,8.959
20:20:07  자이로:-0.382,-0.931,1.214
20:20:07  자력계:-40.500,53.700,14.250
20:20:07  IMU방향유효:0
20:20:07  IMU방향:0.0
20:20:07  방향가속도크기:9.67
20:20:07  방향자이로크기:1.58
20:20:07  방향자세cos:0.5780
20:20:07  자기모델잔차:999.00
20:20:07  자기모델반경:0.000
20:20:07  방향채택:0
20:20:07  방향거부:15103
20:20:07  송신:1193
20:20:07  GPS위성:7
20:20:07  GPS_HDOP:1.23
20:20:07  원시위도:37.496502
20:20:07  원시경도:126.957647
20:20:07  GPS채택:494
20:20:07  GPS이상치거부:0
20:20:07  GPS품질거부:1
20:20:07  GPS재기준:0
20:20:07  RSSI원시:-72
20:20:07  RSSI평활:-71.9
20:20:07  RSSI샘플:2357
20:20:07  RSSI경과ms:3
20:20:07  차량수신:1173
20:20:07  시각ms:129328
20:20:07  IMU시각ms:129316
20:20:07  위험:1
20:20:07  GPS유효:1
20:20:07  위도:37.496502
20:20:07  경도:126.957649
20:20:07  속도:0.022
20:20:07  방향:0.0
20:20:07  GPS원시속도:0.015
20:20:07  GPS원시방향유효:1
20:20:07  GPS원시방향:193.1
20:20:07  가속도:-2.452,2.758,8.993
20:20:07  자이로:0.725,-1.160,-1.229
20:20:07  자력계:-42.900,54.300,13.950
20:20:07  IMU방향유효:0
20:20:07  IMU방향:0.0
20:20:07  방향가속도크기:9.72
20:20:07  방향자이로크기:1.84
20:20:07  방향자세cos:0.5845
20:20:07  자기모델잔차:999.00
20:20:07  자기모델반경:0.000
20:20:07  방향채택:0
20:20:07  방향거부:15115
20:20:07  송신:1194
20:20:07  GPS위성:7
20:20:07  GPS_HDOP:1.23
20:20:07  원시위도:37.496502
20:20:07  원시경도:126.957647
20:20:07  GPS채택:494
20:20:07  GPS이상치거부:0
20:20:07  GPS품질거부:1
20:20:07  GPS재기준:0
20:20:07  RSSI원시:-74
20:20:07  RSSI평활:-72.3
20:20:07  RSSI샘플:2359
20:20:07  RSSI경과ms:1
20:20:07  차량수신:1174
20:20:07  시각ms:129536
20:20:07  IMU시각ms:129524
20:20:07  위험:0
20:20:07  GPS유효:1
20:20:07  위도:37.496502
20:20:07  경도:126.957649
20:20:07  속도:0.022
20:20:07  방향:0.0
20:20:07  GPS원시속도:0.021
20:20:07  GPS원시방향유효:1
20:20:07  GPS원시방향:193.1
20:20:07  가속도:-2.495,2.739,8.978
20:20:07  자이로:-1.084,-0.649,-1.824
20:20:07  자력계:-40.500,54.450,14.250
20:20:07  IMU방향유효:0
20:20:07  IMU방향:0.0
20:20:07  방향가속도크기:9.71
20:20:07  방향자이로크기:2.22
20:20:07  방향자세cos:0.5805
20:20:07  자기모델잔차:999.00
20:20:07  자기모델반경:0.000
20:20:07  방향채택:0
20:20:07  방향거부:15139
20:20:07  송신:1196
20:20:07  GPS위성:7
20:20:07  GPS_HDOP:1.23
20:20:07  원시위도:37.496502
20:20:07  원시경도:126.957647
20:20:07  GPS채택:495
20:20:07  GPS이상치거부:0
20:20:07  GPS품질거부:1
20:20:07  GPS재기준:0
20:20:07  RSSI원시:-71
20:20:07  RSSI평활:-72.3
20:20:07  RSSI샘플:2363
20:20:07  RSSI경과ms:6
20:20:07  차량수신:1176
20:20:07  시각ms:129639
20:20:07  IMU시각ms:129627
20:20:07  위험:0
20:20:07  GPS유효:1
20:20:07  위도:37.496502
20:20:07  경도:126.957649
20:20:07  속도:0.027
20:20:07  방향:0.0
20:20:07  GPS원시속도:0.036
20:20:07  GPS원시방향유효:1
20:20:07  GPS원시방향:193.1
20:20:07  가속도:-2.591,2.873,9.031
20:20:07  자이로:-1.740,1.183,-1.069
20:20:07  자력계:-42.450,53.100,13.950
20:20:07  IMU방향유효:0
20:20:07  IMU방향:0.0
20:20:07  방향가속도크기:9.82
20:20:07  방향자이로크기:2.36
20:20:07  방향자세cos:0.5785
20:20:07  자기모델잔차:999.00
20:20:07  자기모델반경:0.000
20:20:07  방향채택:0
20:20:07  방향거부:15151
20:20:07  송신:1197
20:20:07  GPS위성:7
20:20:07  GPS_HDOP:1.23
20:20:07  원시위도:37.496501
20:20:07  원시경도:126.957647
20:20:07  GPS채택:496
20:20:07  GPS이상치거부:0
20:20:07  GPS품질거부:1
20:20:07  GPS재기준:0
20:20:07  RSSI원시:-71
20:20:07  RSSI평활:-72.0
20:20:07  RSSI샘플:2364
20:20:07  RSSI경과ms:91
20:20:07  차량수신:1177
20:20:07  시각ms:129740
20:20:07  IMU시각ms:129728
20:20:07  위험:0
20:20:07  GPS유효:1
20:20:07  위도:37.496502
20:20:07  경도:126.957649
20:20:07  속도:0.027
20:20:07  방향:0.0
20:20:07  GPS원시속도:0.036
20:20:07  GPS원시방향유효:1
20:20:07  GPS원시방향:193.1
20:20:07  가속도:-2.538,2.820,8.849
20:20:07  자이로:-1.771,-1.992,0.611
20:20:07  자력계:-40.650,55.500,13.200
20:20:07  IMU방향유효:0
20:20:07  IMU방향:0.0
20:20:07  방향가속도크기:9.63
20:20:07  방향자이로크기:2.73
20:20:07  방향자세cos:0.5787
20:20:07  자기모델잔차:999.00
20:20:07  자기모델반경:0.000
20:20:07  방향채택:0
20:20:07  방향거부:15163
20:20:07  송신:1198
20:20:07  GPS위성:7
20:20:07  GPS_HDOP:1.23
20:20:07  원시위도:37.496501
20:20:07  원시경도:126.957647
20:20:07  GPS채택:496
20:20:07  GPS이상치거부:0
20:20:07  GPS품질거부:1
20:20:07  GPS재기준:0
20:20:07  RSSI원시:-72
20:20:07  RSSI평활:-71.8
20:20:07  RSSI샘플:2367
20:20:07  RSSI경과ms:4
20:20:07  차량수신:1178
20:20:07  시각ms:129945
20:20:07  IMU시각ms:129933
20:20:07  위험:0
20:20:07  GPS유효:1
20:20:07  위도:37.496502
20:20:07  경도:126.957649
20:20:07  속도:0.030
20:20:07  방향:0.0
20:20:07  GPS원시속도:0.036
20:20:07  GPS원시방향유효:1
20:20:07  GPS원시방향:193.1
20:20:07  가속도:-2.557,2.873,8.945
20:20:07  자이로:0.511,-2.595,1.267
20:20:07  자력계:-40.800,54.900,12.750
20:20:07  IMU방향유효:0
20:20:07  IMU방향:0.0
20:20:07  방향가속도크기:9.74
20:20:07  방향자이로크기:2.93
20:20:07  방향자세cos:0.5801
20:20:07  자기모델잔차:999.00
20:20:07  자기모델반경:0.000
20:20:07  방향채택:0
20:20:07  방향거부:15187
20:20:07  송신:1200
20:20:07  GPS위성:7
20:20:07  GPS_HDOP:1.23
20:20:07  원시위도:37.496501
20:20:07  원시경도:126.957647
20:20:07  GPS채택:497
20:20:07  GPS이상치거부:0
20:20:07  GPS품질거부:1
20:20:07  GPS재기준:0
20:20:07  RSSI원시:-71
20:20:07  RSSI평활:-71.6
20:20:07  RSSI샘플:2370
20:20:07  RSSI경과ms:90
20:20:07  차량수신:1180
20:20:08  시각ms:130050
20:20:08  IMU시각ms:130038
20:20:08  위험:0
20:20:08  GPS유효:1
20:20:08  위도:37.496502
20:20:08  경도:126.957649
20:20:08  속도:0.028
20:20:08  방향:0.0
20:20:08  GPS원시속도:0.026
20:20:08  GPS원시방향유효:1
20:20:08  GPS원시방향:193.1
20:20:08  가속도:-2.389,2.677,9.122
20:20:08  자이로:-2.176,0.275,-1.092
20:20:08  자력계:-42.150,54.000,13.200
20:20:08  IMU방향유효:0
20:20:08  IMU방향:0.0
20:20:08  방향가속도크기:9.80
20:20:08  방향자이로크기:2.45
20:20:08  방향자세cos:0.5875
20:20:08  자기모델잔차:999.00
20:20:08  자기모델반경:0.000
20:20:08  방향채택:0
20:20:08  방향거부:15200
20:20:08  송신:1201
20:20:08  GPS위성:7
20:20:08  GPS_HDOP:1.23
20:20:08  원시위도:37.496501
20:20:08  원시경도:126.957647
20:20:08  GPS채택:498
20:20:08  GPS이상치거부:0
20:20:08  GPS품질거부:1
20:20:08  GPS재기준:0
20:20:08  RSSI원시:-71
20:20:08  RSSI평활:-71.0
20:20:08  RSSI샘플:2373
20:20:08  RSSI경과ms:2
20:20:08  차량수신:1181
20:20:08  시각ms:130152
20:20:08  IMU시각ms:130140
20:20:08  위험:0
20:20:08  GPS유효:1
20:20:08  위도:37.496502
20:20:08  경도:126.957649
20:20:08  속도:0.036
20:20:08  방향:0.0
20:20:08  GPS원시속도:0.051
20:20:08  GPS원시방향유효:1
20:20:08  GPS원시방향:193.1
20:20:08  가속도:-2.600,2.739,9.155
20:20:08  자이로:-1.389,-0.176,1.015
20:20:08  자력계:-42.000,53.700,15.300
20:20:08  IMU방향유효:0
20:20:08  IMU방향:0.0
20:20:08  방향가속도크기:9.90
20:20:08  방향자이로크기:1.73
20:20:08  방향자세cos:0.5744
20:20:08  자기모델잔차:999.00
20:20:08  자기모델반경:0.000
20:20:08  방향채택:0
20:20:08  방향거부:15212
20:20:08  송신:1202
20:20:08  GPS위성:7
20:20:08  GPS_HDOP:1.23
20:20:08  원시위도:37.496501
20:20:08  원시경도:126.957647
20:20:08  GPS채택:499
20:20:08  GPS이상치거부:0
20:20:08  GPS품질거부:1
20:20:08  GPS재기준:0
20:20:08  RSSI원시:-72
20:20:08  RSSI평활:-71.2
20:20:08  RSSI샘플:2375
20:20:08  RSSI경과ms:3
20:20:08  차량수신:1182
20:20:08  시각ms:130357
20:20:08  IMU시각ms:130345
20:20:08  위험:0
20:20:08  GPS유효:1
20:20:08  위도:37.496502
20:20:08  경도:126.957649
20:20:08  속도:0.042
20:20:08  방향:0.0
20:20:08  GPS원시속도:0.051
20:20:08  GPS원시방향유효:1
20:20:08  GPS원시방향:193.1
20:20:08  가속도:-2.610,2.863,9.050
20:20:08  자이로:-1.649,0.229,1.107
20:20:08  자력계:-41.700,54.300,14.700
20:20:08  IMU방향유효:0
20:20:08  IMU방향:0.0
20:20:08  방향가속도크기:9.84
20:20:08  방향자이로크기:2.00
20:20:08  방향자세cos:0.5769
20:20:08  자기모델잔차:999.00
20:20:08  자기모델반경:0.000
20:20:08  방향채택:0
20:20:08  방향거부:15236
20:20:08  송신:1204
20:20:08  GPS위성:7
20:20:08  GPS_HDOP:1.23
20:20:08  원시위도:37.496501
20:20:08  원시경도:126.957647
20:20:08  GPS채택:500
20:20:08  GPS이상치거부:0
20:20:08  GPS품질거부:1
20:20:08  GPS재기준:0
20:20:08  RSSI원시:-72
20:20:08  RSSI평활:-71.6
20:20:08  RSSI샘플:2378
20:20:08  RSSI경과ms:90
20:20:08  차량수신:1184
20:20:08  시각ms:130462
20:20:08  IMU시각ms:130450
20:20:08  위험:0
20:20:08  GPS유효:1
20:20:08  위도:37.496502
20:20:08  경도:126.957649
20:20:08  속도:0.042
20:20:08  방향:0.0
20:20:08  GPS원시속도:0.051
20:20:08  GPS원시방향유효:1
20:20:08  GPS원시방향:193.1
20:20:08  가속도:-2.428,2.897,9.007
20:20:08  자이로:-4.084,0.573,-0.206
20:20:08  자력계:-41.400,54.300,14.400
20:20:08  IMU방향유효:0
20:20:08  IMU방향:0.0
20:20:08  방향가속도크기:9.77
20:20:08  방향자이로크기:4.13
20:20:08  방향자세cos:0.5913
20:20:08  자기모델잔차:999.00
20:20:08  자기모델반경:0.000
20:20:08  방향채택:0
20:20:08  방향거부:15249
20:20:08  송신:1205
20:20:08  GPS위성:7
20:20:08  GPS_HDOP:1.23
20:20:08  원시위도:37.496501
20:20:08  원시경도:126.957647
20:20:08  GPS채택:500
20:20:08  GPS이상치거부:0
20:20:08  GPS품질거부:1
20:20:08  GPS재기준:0
20:20:08  RSSI원시:-70
20:20:08  RSSI평활:-71.0
20:20:08  RSSI샘플:2380
20:20:08  RSSI경과ms:91
20:20:08  차량수신:1185
20:20:08  시각ms:130669
20:20:08  IMU시각ms:130657
20:20:08  위험:0
20:20:08  GPS유효:1
20:20:08  위도:37.496502
20:20:08  경도:126.957649
20:20:08  속도:0.031
20:20:08  방향:0.0
20:20:08  GPS원시속도:0.010
20:20:08  GPS원시방향유효:1
20:20:08  GPS원시방향:193.1
20:20:08  가속도:-2.557,2.777,9.021
20:20:08  자이로:-1.038,-1.580,-1.221
20:20:08  자력계:-42.150,54.750,13.650
20:20:08  IMU방향유효:0
20:20:08  IMU방향:0.0
20:20:08  방향가속도크기:9.78
20:20:08  방향자이로크기:2.25
20:20:08  방향자세cos:0.5776
20:20:08  자기모델잔차:999.00
20:20:08  자기모델반경:0.000
20:20:08  방향채택:0
20:20:08  방향거부:15274
20:20:08  송신:1207
20:20:08  GPS위성:7
20:20:08  GPS_HDOP:1.23
20:20:08  원시위도:37.496500
20:20:08  원시경도:126.957647
20:20:08  GPS채택:501
20:20:08  GPS이상치거부:0
20:20:08  GPS품질거부:1
20:20:08  GPS재기준:0
20:20:08  RSSI원시:-72
20:20:08  RSSI평활:-71.4
20:20:08  RSSI샘플:2385
20:20:08  RSSI경과ms:3
20:20:08  차량수신:1187
20:20:09  시각ms:130877
20:20:09  IMU시각ms:130865
20:20:09  위험:0
20:20:09  GPS유효:1
20:20:09  위도:37.496502
20:20:09  경도:126.957649
20:20:09  속도:0.029
20:20:09  방향:0.0
20:20:09  GPS원시속도:0.026
20:20:09  GPS원시방향유효:1
20:20:09  GPS원시방향:193.1
20:20:09  가속도:-2.638,2.734,8.849
20:20:09  자이로:-2.328,-0.496,0.954
20:20:09  자력계:-41.700,53.550,13.650
20:20:09  IMU방향유효:0
20:20:09  IMU방향:0.0
20:20:09  방향가속도크기:9.63
20:20:09  방향자이로크기:2.56
20:20:09  방향자세cos:0.5680
20:20:09  자기모델잔차:999.00
20:20:09  자기모델반경:0.000
20:20:09  방향채택:0
20:20:09  방향거부:15299
20:20:09  송신:1209
20:20:09  GPS위성:7
20:20:09  GPS_HDOP:1.23
20:20:09  원시위도:37.496500
20:20:09  원시경도:126.957647
20:20:09  GPS채택:502
20:20:09  GPS이상치거부:0
20:20:09  GPS품질거부:1
20:20:09  GPS재기준:0
20:20:09  RSSI원시:-71
20:20:09  RSSI평활:-71.2
20:20:09  RSSI샘플:2388
20:20:09  RSSI경과ms:86
20:20:09  차량수신:1189
20:20:09  시각ms:131085
20:20:09  IMU시각ms:131073
20:20:09  위험:0
20:20:09  GPS유효:1
20:20:09  위도:37.496502
20:20:09  경도:126.957649
20:20:09  속도:0.026
20:20:09  방향:0.0
20:20:09  GPS원시속도:0.021
20:20:09  GPS원시방향유효:1
20:20:09  GPS원시방향:193.1
20:20:09  가속도:-2.456,2.710,8.993
20:20:09  자이로:-0.603,1.420,1.145
20:20:09  자력계:-41.400,54.750,14.400
20:20:09  IMU방향유효:0
20:20:09  IMU방향:0.0
20:20:09  방향가속도크기:9.71
20:20:09  방향자이로크기:1.92
20:20:09  방향자세cos:0.5825
20:20:09  자기모델잔차:999.00
20:20:09  자기모델반경:0.000
20:20:09  방향채택:0
20:20:09  방향거부:15324
20:20:09  송신:1211
20:20:09  GPS위성:7
20:20:09  GPS_HDOP:1.23
20:20:09  원시위도:37.496500
20:20:09  원시경도:126.957647
20:20:09  GPS채택:503
20:20:09  GPS이상치거부:0
20:20:09  GPS품질거부:1
20:20:09  GPS재기준:0
20:20:09  RSSI원시:-71
20:20:09  RSSI평활:-71.2
20:20:09  RSSI샘플:2392
20:20:09  RSSI경과ms:84
20:20:09  차량수신:1191
20:20:09  시각ms:131190
20:20:09  IMU시각ms:131178
20:20:09  위험:0
20:20:09  GPS유효:1
20:20:09  위도:37.496498
20:20:09  경도:126.957649
20:20:09  속도:0.021
20:20:09  방향:0.0
20:20:09  GPS원시속도:0.010
20:20:09  GPS원시방향유효:1
20:20:09  GPS원시방향:193.1
20:20:09  가속도:-2.605,2.772,8.969
20:20:09  자이로:-1.611,2.321,0.290
20:20:09  자력계:-40.950,52.800,13.650
20:20:09  IMU방향유효:0
20:20:09  IMU방향:0.0
20:20:09  방향가속도크기:9.74
20:20:09  방향자이로크기:2.84
20:20:09  방향자세cos:0.5732
20:20:09  자기모델잔차:999.00
20:20:09  자기모델반경:0.000
20:20:09  방향채택:0
20:20:09  방향거부:15337
20:20:09  송신:1212
20:20:09  GPS위성:7
20:20:09  GPS_HDOP:1.23
20:20:09  원시위도:37.496500
20:20:09  원시경도:126.957647
20:20:09  GPS채택:504
20:20:09  GPS이상치거부:0
20:20:09  GPS품질거부:1
20:20:09  GPS재기준:0
20:20:09  RSSI원시:-71
20:20:09  RSSI평활:-71.0
20:20:09  RSSI샘플:2394
20:20:09  RSSI경과ms:94
20:20:09  차량수신:1192
20:20:09  시각ms:131295
20:20:09  IMU시각ms:131283
20:20:09  위험:0
20:20:09  GPS유효:1
20:20:09  위도:37.496498
20:20:09  경도:126.957649
20:20:09  속도:0.021
20:20:09  방향:0.0
20:20:09  GPS원시속도:0.010
20:20:09  GPS원시방향유효:1
20:20:09  GPS원시방향:193.1
20:20:09  가속도:-2.586,2.705,9.031
20:20:09  자이로:-0.412,-1.901,-0.504
20:20:09  자력계:-40.200,53.550,15.150
20:20:09  IMU방향유효:0
20:20:09  IMU방향:0.0
20:20:09  방향가속도크기:9.78
20:20:09  방향자이로크기:2.01
20:20:09  방향자세cos:0.5730
20:20:09  자기모델잔차:999.00
20:20:09  자기모델반경:0.000
20:20:09  방향채택:0
20:20:09  방향거부:15350
20:20:09  송신:1213
20:20:09  GPS위성:7
20:20:09  GPS_HDOP:1.23
20:20:09  원시위도:37.496500
20:20:09  원시경도:126.957647
20:20:09  GPS채택:504
20:20:09  GPS이상치거부:0
20:20:09  GPS품질거부:1
20:20:09  GPS재기준:0
20:20:09  RSSI원시:-71
20:20:09  RSSI평활:-71.0
20:20:09  RSSI샘플:2394
20:20:09  RSSI경과ms:199
20:20:09  차량수신:1192
20:20:09  시각ms:131400
20:20:09  IMU시각ms:131388
20:20:09  위험:0
20:20:09  GPS유효:1
20:20:09  위도:37.496498
20:20:09  경도:126.957649
20:20:09  속도:0.015
20:20:09  방향:0.0
20:20:09  GPS원시속도:0.005
20:20:09  GPS원시방향유효:1
20:20:09  GPS원시방향:193.1
20:20:09  가속도:-2.600,2.734,8.911
20:20:09  자이로:0.695,-1.779,-0.756
20:20:09  자력계:-42.150,54.300,13.200
20:20:09  IMU방향유효:0
20:20:09  IMU방향:0.0
20:20:09  방향가속도크기:9.68
20:20:09  방향자이로크기:2.05
20:20:09  방향자세cos:0.5716
20:20:09  자기모델잔차:999.00
20:20:09  자기모델반경:0.000
20:20:09  방향채택:0
20:20:09  방향거부:15363
20:20:09  송신:1214
20:20:09  GPS위성:7
20:20:09  GPS_HDOP:1.23
20:20:09  원시위도:37.496499
20:20:09  원시경도:126.957647
20:20:09  GPS채택:505
20:20:09  GPS이상치거부:0
20:20:09  GPS품질거부:1
20:20:09  GPS재기준:0
20:20:09  RSSI원시:-71
20:20:09  RSSI평활:-71.0
20:20:09  RSSI샘플:2394
20:20:09  RSSI경과ms:304
20:20:09  차량수신:1192
20:20:09  시각ms:131610
20:20:09  IMU시각ms:131598
20:20:09  위험:0
20:20:09  GPS유효:1
20:20:09  위도:37.496498
20:20:09  경도:126.957649
20:20:09  속도:0.022
20:20:09  방향:0.0
20:20:09  GPS원시속도:0.036
20:20:09  GPS원시방향유효:1
20:20:09  GPS원시방향:193.1
20:20:09  가속도:-2.413,2.739,8.969
20:20:09  자이로:-1.137,-1.084,0.015
20:20:09  자력계:-40.500,54.900,13.500
20:20:09  IMU방향유효:0
20:20:09  IMU방향:0.0
20:20:09  방향가속도크기:9.68
20:20:09  방향자이로크기:1.57
20:20:09  방향자세cos:0.5865
20:20:09  자기모델잔차:999.00
20:20:09  자기모델반경:0.000
20:20:09  방향채택:0
20:20:09  방향거부:15389
20:20:09  송신:1216
20:20:09  GPS위성:7
20:20:09  GPS_HDOP:1.23
20:20:09  원시위도:37.496499
20:20:09  원시경도:126.957647
20:20:09  GPS채택:506
20:20:09  GPS이상치거부:0
20:20:09  GPS품질거부:1
20:20:09  GPS재기준:0
20:20:09  RSSI원시:-71
20:20:09  RSSI평활:-71.0
20:20:09  RSSI샘플:2394
20:20:09  RSSI경과ms:514
20:20:09  차량수신:1192
20:20:09  시각ms:131819
20:20:09  IMU시각ms:131807
20:20:09  위험:0
20:20:09  GPS유효:1
20:20:09  위도:37.496498
20:20:09  경도:126.957649
20:20:09  속도:0.029
20:20:09  방향:0.0
20:20:09  GPS원시속도:0.041
20:20:09  GPS원시방향유효:1
20:20:09  GPS원시방향:193.1
20:20:09  가속도:-2.653,2.715,8.878
20:20:09  자이로:-1.290,0.130,-0.634
20:20:09  자력계:-41.400,54.750,14.700
20:20:09  IMU방향유효:0
20:20:09  IMU방향:0.0
20:20:09  방향가속도크기:9.66
20:20:09  방향자이로크기:1.44
20:20:09  방향자세cos:0.5665
20:20:09  자기모델잔차:999.00
20:20:09  자기모델반경:0.000
20:20:09  방향채택:0
20:20:09  방향거부:15415
20:20:09  송신:1218
20:20:09  GPS위성:7
20:20:09  GPS_HDOP:1.23
20:20:09  원시위도:37.496499
20:20:09  원시경도:126.957647
20:20:09  GPS채택:507
20:20:09  GPS이상치거부:0
20:20:09  GPS품질거부:1
20:20:09  GPS재기준:0
20:20:09  RSSI원시:-71
20:20:09  RSSI평활:-71.0
20:20:09  RSSI샘플:2394
20:20:09  RSSI경과ms:723
20:20:09  차량수신:1192
20:20:10  시각ms:132028
20:20:10  IMU시각ms:132016
20:20:10  위험:0
20:20:10  GPS유효:1
20:20:10  위도:37.496498
20:20:10  경도:126.957649
20:20:10  속도:0.022
20:20:10  방향:0.0
20:20:10  GPS원시속도:0.010
20:20:10  GPS원시방향유효:1
20:20:10  GPS원시방향:193.1
20:20:10  가속도:-2.557,2.720,9.012
20:20:10  자이로:-0.137,-2.122,1.015
20:20:10  자력계:-43.500,55.350,14.550
20:20:10  IMU방향유효:0
20:20:10  IMU방향:0.0
20:20:10  방향가속도크기:9.75
20:20:10  방향자이로크기:2.36
20:20:10  방향자세cos:0.5754
20:20:10  자기모델잔차:999.00
20:20:10  자기모델반경:0.000
20:20:10  방향채택:0
20:20:10  방향거부:15441
20:20:10  송신:1220
20:20:10  GPS위성:7
20:20:10  GPS_HDOP:1.23
20:20:10  원시위도:37.496499
20:20:10  원시경도:126.957647
20:20:10  GPS채택:508
20:20:10  GPS이상치거부:0
20:20:10  GPS품질거부:1
20:20:10  GPS재기준:0
20:20:10  RSSI원시:-71
20:20:10  RSSI평활:-70.9
20:20:10  RSSI샘플:2397
20:20:10  RSSI경과ms:3
20:20:10  차량수신:1193
20:20:10  시각ms:132339
20:20:10  IMU시각ms:132327
20:20:10  위험:1
20:20:10  GPS유효:1
20:20:10  위도:37.496498
20:20:10  경도:126.957649
20:20:10  속도:0.022
20:20:10  방향:0.0
20:20:10  GPS원시속도:0.021
20:20:10  GPS원시방향유효:1
20:20:10  GPS원시방향:193.1
20:20:10  가속도:0.943,-0.943,6.072
20:20:10  자이로:18.107,-18.466,7.443
20:20:10  자력계:-42.900,53.550,14.700
20:20:10  IMU방향유효:0
20:20:10  IMU방향:0.0
20:20:10  방향가속도크기:6.22
20:20:10  방향자이로크기:26.91
20:20:10  방향자세cos:0.6518
20:20:10  자기모델잔차:999.00
20:20:10  자기모델반경:0.000
20:20:10  방향채택:0
20:20:10  방향거부:15479
20:20:10  송신:1223
20:20:10  GPS위성:7
20:20:10  GPS_HDOP:1.23
20:20:10  원시위도:37.496499
20:20:10  원시경도:126.957647
20:20:10  GPS채택:509
20:20:10  GPS이상치거부:0
20:20:10  GPS품질거부:1
20:20:10  GPS재기준:0
20:20:10  RSSI원시:-71
20:20:10  RSSI평활:-70.6
20:20:10  RSSI샘플:2403
20:20:10  RSSI경과ms:5
20:20:10  차량수신:1196
20:20:10  시각ms:132442
20:20:10  IMU시각ms:132430
20:20:10  위험:1
20:20:10  GPS유효:1
20:20:10  위도:37.496498
20:20:10  경도:126.957649
20:20:10  속도:0.021
20:20:10  방향:0.0
20:20:10  GPS원시속도:0.021
20:20:10  GPS원시방향유효:1
20:20:10  GPS원시방향:193.1
20:20:10  가속도:-6.297,7.408,10.195
20:20:10  자이로:13.550,-3.397,0.145
20:20:10  자력계:-40.950,55.800,14.400
20:20:10  IMU방향유효:0
20:20:10  IMU방향:0.0
20:20:10  방향가속도크기:14.09
20:20:10  방향자이로크기:13.97
20:20:10  방향자세cos:0.6945
20:20:10  자기모델잔차:999.00
20:20:10  자기모델반경:0.000
20:20:10  방향채택:0
20:20:10  방향거부:15491
20:20:10  송신:1224
20:20:10  GPS위성:7
20:20:10  GPS_HDOP:1.23
20:20:10  원시위도:37.496498
20:20:10  원시경도:126.957647
20:20:10  GPS채택:510
20:20:10  GPS이상치거부:0
20:20:10  GPS품질거부:1
20:20:10  GPS재기준:0
20:20:10  RSSI원시:-73
20:20:10  RSSI평활:-71.2
20:20:10  RSSI샘플:2405
20:20:10  RSSI경과ms:3
20:20:10  차량수신:1197
20:20:10  시각ms:132544
20:20:10  IMU시각ms:132532
20:20:10  위험:1
20:20:10  GPS유효:1
20:20:10  위도:37.496498
20:20:10  경도:126.957649
20:20:10  속도:0.021
20:20:10  방향:0.0
20:20:10  GPS원시속도:0.021
20:20:10  GPS원시방향유효:1
20:20:10  GPS원시방향:193.1
20:20:10  가속도:-4.865,8.543,13.216
20:20:10  자이로:-10.115,12.588,-6.084
20:20:10  자력계:-42.150,54.750,14.700
20:20:10  IMU방향유효:0
20:20:10  IMU방향:0.0
20:20:10  방향가속도크기:16.47
20:20:10  방향자이로크기:17.26
20:20:10  방향자세cos:0.5504
20:20:10  자기모델잔차:999.00
20:20:10  자기모델반경:0.000
20:20:10  방향채택:0
20:20:10  방향거부:15503
20:20:10  송신:1225
20:20:10  GPS위성:7
20:20:10  GPS_HDOP:1.23
20:20:10  원시위도:37.496498
20:20:10  원시경도:126.957647
20:20:10  GPS채택:510
20:20:10  GPS이상치거부:0
20:20:10  GPS품질거부:1
20:20:10  GPS재기준:0
20:20:10  RSSI원시:-71
20:20:10  RSSI평활:-71.1
20:20:10  RSSI샘플:2407
20:20:10  RSSI경과ms:6
20:20:10  차량수신:1198
20:20:10  시각ms:132647
20:20:10  IMU시각ms:132635
20:20:10  위험:1
20:20:10  GPS유효:1
20:20:10  위도:37.496498
20:20:10  경도:126.957649
20:20:10  속도:0.026
20:20:10  방향:0.0
20:20:10  GPS원시속도:0.036
20:20:10  GPS원시방향유효:1
20:20:10  GPS원시방향:193.1
20:20:10  가속도:-1.800,2.418,7.412
20:20:10  자이로:-1.893,-1.634,-0.840
20:20:10  자력계:-40.800,55.350,13.500
20:20:10  IMU방향유효:0
20:20:10  IMU방향:0.0
20:20:10  방향가속도크기:8.00
20:20:10  방향자이로크기:2.64
20:20:10  방향자세cos:0.6105
20:20:10  자기모델잔차:999.00
20:20:10  자기모델반경:0.000
20:20:10  방향채택:0
20:20:10  방향거부:15515
20:20:10  송신:1226
20:20:10  GPS위성:7
20:20:10  GPS_HDOP:1.23
20:20:10  원시위도:37.496498
20:20:10  원시경도:126.957646
20:20:10  GPS채택:511
20:20:10  GPS이상치거부:0
20:20:10  GPS품질거부:1
20:20:10  GPS재기준:0
20:20:10  RSSI원시:-71
20:20:10  RSSI평활:-71.1
20:20:10  RSSI샘플:2409
20:20:10  RSSI경과ms:5
20:20:10  차량수신:1199
20:20:10  시각ms:132749
20:20:10  IMU시각ms:132737
20:20:10  위험:1
20:20:10  GPS유효:1
20:20:10  위도:37.496498
20:20:10  경도:126.957649
20:20:10  속도:0.039
20:20:10  방향:0.0
20:20:10  GPS원시속도:0.062
20:20:10  GPS원시방향유효:1
20:20:10  GPS원시방향:193.1
20:20:10  가속도:-2.385,2.768,8.825
20:20:10  자이로:-1.565,-1.710,-1.305
20:20:10  자력계:-40.800,54.150,14.850
20:20:10  IMU방향유효:0
20:20:10  IMU방향:0.0
20:20:10  방향가속도크기:9.55
20:20:10  방향자이로크기:2.66
20:20:10  방향자세cos:0.5883
20:20:10  자기모델잔차:999.00
20:20:10  자기모델반경:0.000
20:20:10  방향채택:0
20:20:10  방향거부:15527
20:20:10  송신:1227
20:20:10  GPS위성:7
20:20:10  GPS_HDOP:1.23
20:20:10  원시위도:37.496498
20:20:10  원시경도:126.957646
20:20:10  GPS채택:512
20:20:10  GPS이상치거부:0
20:20:10  GPS품질거부:1
20:20:10  GPS재기준:0
20:20:10  RSSI원시:-70
20:20:10  RSSI평활:-70.7
20:20:10  RSSI샘플:2411
20:20:10  RSSI경과ms:1
20:20:10  차량수신:1200
20:20:11  시각ms:132954
20:20:11  IMU시각ms:132942
20:20:11  위험:1
20:20:11  GPS유효:1
20:20:11  위도:37.496498
20:20:11  경도:126.957649
20:20:11  속도:0.043
20:20:11  방향:0.0
20:20:11  GPS원시속도:0.051
20:20:11  GPS원시방향유효:1
20:20:11  GPS원시방향:193.1
20:20:11  가속도:-2.658,2.772,9.012
20:20:11  자이로:-3.206,-0.344,1.298
20:20:11  자력계:-42.150,55.050,14.400
20:20:11  IMU방향유효:0
20:20:11  IMU방향:0.0
20:20:11  방향가속도크기:9.80
20:20:11  방향자이로크기:3.48
20:20:11  방향자세cos:0.5698
20:20:11  자기모델잔차:999.00
20:20:11  자기모델반경:0.000
20:20:11  방향채택:0
20:20:11  방향거부:15551
20:20:11  송신:1229
20:20:11  GPS위성:7
20:20:11  GPS_HDOP:1.23
20:20:11  원시위도:37.496498
20:20:11  원시경도:126.957646
20:20:11  GPS채택:513
20:20:11  GPS이상치거부:0
20:20:11  GPS품질거부:1
20:20:11  GPS재기준:0
20:20:11  RSSI원시:-69
20:20:11  RSSI평활:-70.2
20:20:11  RSSI샘플:2414
20:20:11  RSSI경과ms:11
20:20:11  차량수신:1202
20:20:11  시각ms:133058
20:20:11  IMU시각ms:133046
20:20:11  위험:1
20:20:11  GPS유효:1
20:20:11  위도:37.496498
20:20:11  경도:126.957649
20:20:11  속도:0.043
20:20:11  방향:0.0
20:20:11  GPS원시속도:0.051
20:20:11  GPS원시방향유효:1
20:20:11  GPS원시방향:193.1
20:20:11  가속도:-2.562,2.840,9.069
20:20:11  자이로:-0.687,0.366,-0.252
20:20:11  자력계:-41.550,52.950,14.250
20:20:11  IMU방향유효:0
20:20:11  IMU방향:0.0
20:20:11  방향가속도크기:9.84
20:20:11  방향자이로크기:0.82
20:20:11  방향자세cos:0.5799
20:20:11  자기모델잔차:999.00
20:20:11  자기모델반경:0.000
20:20:11  방향채택:0
20:20:11  방향거부:15563
20:20:11  송신:1230
20:20:11  GPS위성:7
20:20:11  GPS_HDOP:1.23
20:20:11  원시위도:37.496498
20:20:11  원시경도:126.957646
20:20:11  GPS채택:513
20:20:11  GPS이상치거부:0
20:20:11  GPS품질거부:1
20:20:11  GPS재기준:0
20:20:11  RSSI원시:-70
20:20:11  RSSI평활:-70.1
20:20:11  RSSI샘플:2417
20:20:11  RSSI경과ms:2
20:20:11  차량수신:1203
20:20:11  시각ms:133161
20:20:11  IMU시각ms:133149
20:20:11  위험:1
20:20:11  GPS유효:1
20:20:11  위도:37.496498
20:20:11  경도:126.957649
20:20:11  속도:0.035
20:20:11  방향:0.0
20:20:11  GPS원시속도:0.021
20:20:11  GPS원시방향유효:1
20:20:11  GPS원시방향:193.1
20:20:11  가속도:-2.495,2.753,8.868
20:20:11  자이로:-1.954,1.412,-2.115
20:20:11  자력계:-39.900,53.550,13.950
20:20:11  IMU방향유효:0
20:20:11  IMU방향:0.0
20:20:11  방향가속도크기:9.62
20:20:11  방향자이로크기:3.21
20:20:11  방향자세cos:0.5798
20:20:11  자기모델잔차:999.00
20:20:11  자기모델반경:0.000
20:20:11  방향채택:0
20:20:11  방향거부:15575
20:20:11  송신:1231
20:20:11  GPS위성:7
20:20:11  GPS_HDOP:1.23
20:20:11  원시위도:37.496497
20:20:11  원시경도:126.957646
20:20:11  GPS채택:514
20:20:11  GPS이상치거부:0
20:20:11  GPS품질거부:1
20:20:11  GPS재기준:0
20:20:11  RSSI원시:-71
20:20:11  RSSI평활:-70.2
20:20:11  RSSI샘플:2419
20:20:11  RSSI경과ms:7
20:20:11  차량수신:1204
20:20:11  시각ms:133680
20:20:11  IMU시각ms:133668
20:20:11  위험:1
20:20:11  GPS유효:1
20:20:11  위도:37.496498
20:20:11  경도:126.957649
20:20:11  속도:0.034
20:20:11  방향:0.0
20:20:11  GPS원시속도:0.031
20:20:11  GPS원시방향유효:1
20:20:11  GPS원시방향:193.1
20:20:11  가속도:-2.571,2.811,8.973
20:20:11  자이로:-1.771,-1.969,-0.435
20:20:11  자력계:-42.150,53.100,16.200
20:20:11  IMU방향유효:0
20:20:11  IMU방향:0.0
20:20:11  방향가속도크기:9.75
20:20:11  방향자이로크기:2.68
20:20:11  방향자세cos:0.5772
20:20:11  자기모델잔차:999.00
20:20:11  자기모델반경:0.000
20:20:11  방향채택:0
20:20:11  방향거부:15635
20:20:11  송신:1236
20:20:11  GPS위성:7
20:20:11  GPS_HDOP:1.23
20:20:11  원시위도:37.496497
20:20:11  원시경도:126.957646
20:20:11  GPS채택:516
20:20:11  GPS이상치거부:0
20:20:11  GPS품질거부:1
20:20:11  GPS재기준:0
20:20:11  RSSI원시:-72
20:20:11  RSSI평활:-71.2
20:20:11  RSSI샘플:2428
20:20:11  RSSI경과ms:10
20:20:11  차량수신:1209
20:20:11  시각ms:133885
20:20:11  IMU시각ms:133873
20:20:11  위험:1
20:20:11  GPS유효:1
20:20:11  위도:37.496498
20:20:11  경도:126.957649
20:20:11  속도:0.035
20:20:11  방향:0.0
20:20:11  GPS원시속도:0.036
20:20:11  GPS원시방향유효:1
20:20:11  GPS원시방향:193.1
20:20:11  가속도:-2.552,2.811,8.911
20:20:11  자이로:-0.061,-1.183,-0.756
20:20:11  자력계:-40.500,53.400,13.800
20:20:11  IMU방향유효:0
20:20:11  IMU방향:0.0
20:20:11  방향가속도크기:9.69
20:20:11  방향자이로크기:1.41
20:20:11  방향자세cos:0.5780
20:20:11  자기모델잔차:999.00
20:20:11  자기모델반경:0.000
20:20:11  방향채택:0
20:20:11  방향거부:15658
20:20:11  송신:1238
20:20:11  GPS위성:7
20:20:11  GPS_HDOP:1.23
20:20:11  원시위도:37.496497
20:20:11  원시경도:126.957646
20:20:11  GPS채택:517
20:20:11  GPS이상치거부:0
20:20:11  GPS품질거부:1
20:20:11  GPS재기준:0
20:20:11  RSSI원시:-71
20:20:11  RSSI평활:-71.2
20:20:11  RSSI샘플:2432
20:20:11  RSSI경과ms:4
20:20:11  차량수신:1210
20:20:12  시각ms:134091
20:20:12  IMU시각ms:134079
20:20:12  위험:1
20:20:12  GPS유효:1
20:20:12  위도:37.496498
20:20:12  경도:126.957649
20:20:12  속도:0.026
20:20:12  방향:0.0
20:20:12  GPS원시속도:0.010
20:20:12  GPS원시방향유효:1
20:20:12  GPS원시방향:193.1
20:20:12  가속도:-2.413,2.945,8.825
20:20:12  자이로:-0.420,0.435,0.962
20:20:12  자력계:-39.450,55.500,15.450
20:20:12  IMU방향유효:0
20:20:12  IMU방향:0.0
20:20:12  방향가속도크기:9.61
20:20:12  방향자이로크기:1.14
20:20:12  방향자세cos:0.5923
20:20:12  자기모델잔차:999.00
20:20:12  자기모델반경:0.000
20:20:12  방향채택:0
20:20:12  방향거부:15682
20:20:12  송신:1240
20:20:12  GPS위성:7
20:20:12  GPS_HDOP:1.23
20:20:12  원시위도:37.496496
20:20:12  원시경도:126.957646
20:20:12  GPS채택:518
20:20:12  GPS이상치거부:0
20:20:12  GPS품질거부:1
20:20:12  GPS재기준:0
20:20:12  RSSI원시:-71
20:20:12  RSSI평활:-71.1
20:20:12  RSSI샘플:2436
20:20:12  RSSI경과ms:6
20:20:12  차량수신:1212
20:20:12  시각ms:134194
20:20:12  IMU시각ms:134182
20:20:12  위험:1
20:20:12  GPS유효:1
20:20:12  위도:37.496498
20:20:12  경도:126.957649
20:20:12  속도:0.024
20:20:12  방향:0.0
20:20:12  GPS원시속도:0.021
20:20:12  GPS원시방향유효:1
20:20:12  GPS원시방향:193.1
20:20:12  가속도:-1.164,2.045,8.514
20:20:12  자이로:1.397,-4.580,1.176
20:20:12  자력계:-41.400,54.300,15.150
20:20:12  IMU방향유효:0
20:20:12  IMU방향:0.0
20:20:12  방향가속도크기:8.83
20:20:12  방향자이로크기:4.93
20:20:12  방향자세cos:0.6526
20:20:12  자기모델잔차:999.00
20:20:12  자기모델반경:0.000
20:20:12  방향채택:0
20:20:12  방향거부:15694
20:20:12  송신:1241
20:20:12  GPS위성:7
20:20:12  GPS_HDOP:1.23
20:20:12  원시위도:37.496496
20:20:12  원시경도:126.957646
20:20:12  GPS채택:519
20:20:12  GPS이상치거부:0
20:20:12  GPS품질거부:1
20:20:12  GPS재기준:0
20:20:12  RSSI원시:-71
20:20:12  RSSI평활:-70.9
20:20:12  RSSI샘플:2438
20:20:12  RSSI경과ms:4
20:20:12  차량수신:1213
20:20:12  시각ms:134297
20:20:12  IMU시각ms:134285
20:20:12  위험:1
20:20:12  GPS유효:1
20:20:12  위도:37.496498
20:20:12  경도:126.957649
20:20:12  속도:0.024
20:20:12  방향:0.0
20:20:12  GPS원시속도:0.021
20:20:12  GPS원시방향유효:1
20:20:12  GPS원시방향:193.1
20:20:12  가속도:-5.598,7.527,11.444
20:20:12  자이로:-4.962,15.504,-4.931
20:20:12  자력계:-39.900,54.000,13.650
20:20:12  IMU방향유효:0
20:20:12  IMU방향:0.0
20:20:12  방향가속도크기:14.80
20:20:12  방향자이로크기:17.01
20:20:12  방향자세cos:0.5619
20:20:12  자기모델잔차:999.00
20:20:12  자기모델반경:0.000
20:20:12  방향채택:0
20:20:12  방향거부:15706
20:20:12  송신:1242
20:20:12  GPS위성:7
20:20:12  GPS_HDOP:1.23
20:20:12  원시위도:37.496496
20:20:12  원시경도:126.957646
20:20:12  GPS채택:519
20:20:12  GPS이상치거부:0
20:20:12  GPS품질거부:1
20:20:12  GPS재기준:0
20:20:12  RSSI원시:-71
20:20:12  RSSI평활:-70.9
20:20:12  RSSI샘플:2439
20:20:12  RSSI경과ms:81
20:20:12  차량수신:1214
20:20:12  시각ms:134505
20:20:12  IMU시각ms:134493
20:20:12  위험:1
20:20:12  GPS유효:1
20:20:12  위도:37.496494
20:20:12  경도:126.957649
20:20:12  속도:0.034
20:20:12  방향:0.0
20:20:12  GPS원시속도:0.051
20:20:12  GPS원시방향유효:1
20:20:12  GPS원시방향:193.1
20:20:12  가속도:-2.327,4.626,10.750
20:20:12  자이로:-8.931,8.137,-7.130
20:20:12  자력계:-40.800,54.900,13.500
20:20:12  IMU방향유효:0
20:20:12  IMU방향:0.0
20:20:12  방향가속도크기:11.93
20:20:12  방향자이로크기:14.03
20:20:12  방향자세cos:0.6553
20:20:12  자기모델잔차:999.00
20:20:12  자기모델반경:0.000
20:20:12  방향채택:0
20:20:12  방향거부:15731
20:20:12  송신:1244
20:20:12  GPS위성:7
20:20:12  GPS_HDOP:1.23
20:20:12  원시위도:37.496496
20:20:12  원시경도:126.957645
20:20:12  GPS채택:520
20:20:12  GPS이상치거부:0
20:20:12  GPS품질거부:1
20:20:12  GPS재기준:0
20:20:12  RSSI원시:-72
20:20:12  RSSI평활:-71.0
20:20:12  RSSI샘플:2444
20:20:12  RSSI경과ms:5
20:20:12  차량수신:1216
20:20:12  시각ms:134608
20:20:12  IMU시각ms:134596
20:20:12  위험:1
20:20:12  GPS유효:1
20:20:12  위도:37.496494
20:20:12  경도:126.957649
20:20:12  속도:0.042
20:20:12  방향:0.0
20:20:12  GPS원시속도:0.057
20:20:12  GPS원시방향유효:1
20:20:12  GPS원시방향:193.1
20:20:12  가속도:-3.462,2.624,7.360
20:20:12  자이로:0.702,-10.176,2.756
20:20:12  자력계:-41.550,52.950,12.750
20:20:12  IMU방향유효:0
20:20:12  IMU방향:0.0
20:20:12  방향가속도크기:8.55
20:20:12  방향자이로크기:10.57
20:20:12  방향자세cos:0.4668
20:20:12  자기모델잔차:999.00
20:20:12  자기모델반경:0.000
20:20:12  방향채택:0
20:20:12  방향거부:15743
20:20:12  송신:1245
20:20:12  GPS위성:7
20:20:12  GPS_HDOP:1.23
20:20:12  원시위도:37.496495
20:20:12  원시경도:126.957645
20:20:12  GPS채택:521
20:20:12  GPS이상치거부:0
20:20:12  GPS품질거부:1
20:20:12  GPS재기준:0
20:20:12  RSSI원시:-70
20:20:12  RSSI평활:-70.8
20:20:12  RSSI샘플:2446
20:20:12  RSSI경과ms:3
20:20:12  차량수신:1217
20:20:12  시각ms:134814
20:20:12  IMU시각ms:134802
20:20:12  위험:1
20:20:12  GPS유효:1
20:20:12  위도:37.496494
20:20:12  경도:126.957642
20:20:12  속도:0.049
20:20:12  방향:0.0
20:20:12  GPS원시속도:0.062
20:20:12  GPS원시방향유효:1
20:20:12  GPS원시방향:193.1
20:20:12  가속도:-2.437,2.796,8.806
20:20:12  자이로:-0.756,1.099,-0.634
20:20:12  자력계:-42.000,54.900,14.250
20:20:12  IMU방향유효:0
20:20:12  IMU방향:0.0
20:20:12  방향가속도크기:9.56
20:20:12  방향자이로크기:1.48
20:20:12  방향자세cos:0.5851
20:20:12  자기모델잔차:999.00
20:20:12  자기모델반경:0.000
20:20:12  방향채택:0
20:20:12  방향거부:15767
20:20:12  송신:1247
20:20:12  GPS위성:7
20:20:12  GPS_HDOP:1.23
20:20:12  원시위도:37.496495
20:20:12  원시경도:126.957645
20:20:12  GPS채택:522
20:20:12  GPS이상치거부:0
20:20:12  GPS품질거부:1
20:20:12  GPS재기준:0
20:20:12  RSSI원시:-77
20:20:12  RSSI평활:-72.6
20:20:12  RSSI샘플:2450
20:20:12  RSSI경과ms:8
20:20:12  차량수신:1219
20:20:12  시각ms:134917
20:20:12  IMU시각ms:134905
20:20:12  위험:1
20:20:12  GPS유효:1
20:20:12  위도:37.496494
20:20:12  경도:126.957642
20:20:12  속도:0.049
20:20:12  방향:0.0
20:20:12  GPS원시속도:0.062
20:20:12  GPS원시방향유효:1
20:20:12  GPS원시방향:193.1
20:20:12  가속도:-2.624,2.725,9.136
20:20:12  자이로:-0.580,-1.947,-0.542
20:20:12  자력계:-42.000,53.700,13.050
20:20:12  IMU방향유효:0
20:20:12  IMU방향:0.0
20:20:12  방향가속도크기:9.89
20:20:12  방향자이로크기:2.10
20:20:12  방향자세cos:0.5719
20:20:12  자기모델잔차:999.00
20:20:12  자기모델반경:0.000
20:20:12  방향채택:0
20:20:12  방향거부:15779
20:20:12  송신:1248
20:20:12  GPS위성:7
20:20:12  GPS_HDOP:1.23
20:20:12  원시위도:37.496495
20:20:12  원시경도:126.957645
20:20:12  GPS채택:522
20:20:12  GPS이상치거부:0
20:20:12  GPS품질거부:1
20:20:12  GPS재기준:0
20:20:12  RSSI원시:-72
20:20:12  RSSI평활:-71.4
20:20:12  RSSI샘플:2452
20:20:12  RSSI경과ms:0
20:20:12  차량수신:1220
20:20:13  시각ms:135022
20:20:13  IMU시각ms:135010
20:20:13  위험:1
20:20:13  GPS유효:1
20:20:13  위도:37.496494
20:20:13  경도:126.957642
20:20:13  속도:0.037
20:20:13  방향:0.0
20:20:13  GPS원시속도:0.015
20:20:13  GPS원시방향유효:1
20:20:13  GPS원시방향:193.1
20:20:13  가속도:-2.581,2.796,9.084
20:20:13  자이로:0.473,-1.733,1.321
20:20:13  자력계:-40.950,53.100,13.200
20:20:13  IMU방향유효:0
20:20:13  IMU방향:0.0
20:20:13  방향가속도크기:9.85
20:20:13  방향자이로크기:2.23
20:20:13  방향자세cos:0.5771
20:20:13  자기모델잔차:999.00
20:20:13  자기모델반경:0.000
20:20:13  방향채택:0
20:20:13  방향거부:15792
20:20:13  송신:1249
20:20:13  GPS위성:7
20:20:13  GPS_HDOP:1.23
20:20:13  원시위도:37.496495
20:20:13  원시경도:126.957645
20:20:13  GPS채택:523
20:20:13  GPS이상치거부:0
20:20:13  GPS품질거부:1
20:20:13  GPS재기준:0
20:20:13  RSSI원시:-71
20:20:13  RSSI평활:-72.5
20:20:13  RSSI샘플:2454
20:20:13  RSSI경과ms:5
20:20:13  차량수신:1221
20:20:13  시각ms:135125
20:20:13  IMU시각ms:135113
20:20:13  위험:1
20:20:13  GPS유효:1
20:20:13  위도:37.496494
20:20:13  경도:126.957642
20:20:13  속도:0.037
20:20:13  방향:0.0
20:20:13  GPS원시속도:0.015
20:20:13  GPS원시방향유효:1
20:20:13  GPS원시방향:193.1
20:20:13  가속도:-2.447,2.801,9.002
20:20:13  자이로:-2.160,0.351,0.588
20:20:13  자력계:-42.000,54.150,14.850
20:20:13  IMU방향유효:0
20:20:13  IMU방향:0.0
20:20:13  방향가속도크기:9.74
20:20:13  방향자이로크기:2.27
20:20:13  방향자세cos:0.5865
20:20:13  자기모델잔차:999.00
20:20:13  자기모델반경:0.000
20:20:13  방향채택:0
20:20:13  방향거부:15804
20:20:13  송신:1250
20:20:13  GPS위성:7
20:20:13  GPS_HDOP:1.23
20:20:13  원시위도:37.496495
20:20:13  원시경도:126.957645
20:20:13  GPS채택:523
20:20:13  GPS이상치거부:0
20:20:13  GPS품질거부:1
20:20:13  GPS재기준:0
20:20:13  RSSI원시:-65
20:20:13  RSSI평활:-70.1
20:20:13  RSSI샘플:2456
20:20:13  RSSI경과ms:2
20:20:13  차량수신:1222
20:20:13  시각ms:135228
20:20:13  IMU시각ms:135216
20:20:13  위험:1
20:20:13  GPS유효:1
20:20:13  위도:37.496494
20:20:13  경도:126.957642
20:20:13  속도:0.028
20:20:13  방향:0.0
20:20:13  GPS원시속도:0.010
20:20:13  GPS원시방향유효:1
20:20:13  GPS원시방향:193.1
20:20:13  가속도:-2.619,2.883,8.815
20:20:13  자이로:-1.519,-2.504,1.511
20:20:13  자력계:-42.150,54.750,15.450
20:20:13  IMU방향유효:0
20:20:13  IMU방향:0.0
20:20:13  방향가속도크기:9.64
20:20:13  방향자이로크기:3.30
20:20:13  방향자세cos:0.5743
20:20:13  자기모델잔차:999.00
20:20:13  자기모델반경:0.000
20:20:13  방향채택:0
20:20:13  방향거부:15816
20:20:13  송신:1251
20:20:13  GPS위성:7
20:20:13  GPS_HDOP:1.23
20:20:13  원시위도:37.496494
20:20:13  원시경도:126.957645
20:20:13  GPS채택:524
20:20:13  GPS이상치거부:0
20:20:13  GPS품질거부:1
20:20:13  GPS재기준:0
20:20:13  RSSI원시:-64
20:20:13  RSSI평활:-68.9
20:20:13  RSSI샘플:2457
20:20:13  RSSI경과ms:68
20:20:13  차량수신:1223
20:20:13  시각ms:135332
20:20:13  IMU시각ms:135320
20:20:13  위험:1
20:20:13  GPS유효:1
20:20:13  위도:37.496494
20:20:13  경도:126.957642
20:20:13  속도:0.028
20:20:13  방향:0.0
20:20:13  GPS원시속도:0.010
20:20:13  GPS원시방향유효:1
20:20:13  GPS원시방향:193.1
20:20:13  가속도:-2.485,2.820,8.911
20:20:13  자이로:-0.176,2.618,1.969
20:20:13  자력계:-41.700,54.300,13.950
20:20:13  IMU방향유효:0
20:20:13  IMU방향:0.0
20:20:13  방향가속도크기:9.67
20:20:13  방향자이로크기:3.28
20:20:13  방향자세cos:0.5834
20:20:13  자기모델잔차:999.00
20:20:13  자기모델반경:0.000
20:20:13  방향채택:0
20:20:13  방향거부:15829
20:20:13  송신:1252
20:20:13  GPS위성:7
20:20:13  GPS_HDOP:1.23
20:20:13  원시위도:37.496494
20:20:13  원시경도:126.957645
20:20:13  GPS채택:524
20:20:13  GPS이상치거부:0
20:20:13  GPS품질거부:1
20:20:13  GPS재기준:0
20:20:13  RSSI원시:-73
20:20:13  RSSI평활:-69.4
20:20:13  RSSI샘플:2460
20:20:13  RSSI경과ms:5
20:20:13  차량수신:1224
20:20:13  시각ms:135435
20:20:13  IMU시각ms:135423
20:20:13  위험:1
20:20:13  GPS유효:1
20:20:13  위도:37.496494
20:20:13  경도:126.957642
20:20:13  속도:0.029
20:20:13  방향:0.0
20:20:13  GPS원시속도:0.031
20:20:13  GPS원시방향유효:1
20:20:13  GPS원시방향:193.1
20:20:13  가속도:-2.562,2.816,8.993
20:20:13  자이로:-0.977,0.901,-2.069
20:20:13  자력계:-40.500,53.700,13.050
20:20:13  IMU방향유효:0
20:20:13  IMU방향:0.0
20:20:13  방향가속도크기:9.77
20:20:13  방향자이로크기:2.46
20:20:13  방향자세cos:0.5783
20:20:13  자기모델잔차:999.00
20:20:13  자기모델반경:0.000
20:20:13  방향채택:0
20:20:13  방향거부:15841
20:20:13  송신:1253
20:20:13  GPS위성:7
20:20:13  GPS_HDOP:1.23
20:20:13  원시위도:37.496494
20:20:13  원시경도:126.957645
20:20:13  GPS채택:525
20:20:13  GPS이상치거부:0
20:20:13  GPS품질거부:1
20:20:13  GPS재기준:0
20:20:13  RSSI원시:-70
20:20:13  RSSI평활:-70.6
20:20:13  RSSI샘플:2462
20:20:13  RSSI경과ms:3
20:20:13  차량수신:1225
20:20:13  시각ms:135539
20:20:13  IMU시각ms:135527
20:20:13  위험:1
20:20:13  GPS유효:1
20:20:13  위도:37.496494
20:20:13  경도:126.957642
20:20:13  속도:0.029
20:20:13  방향:0.0
20:20:13  GPS원시속도:0.031
20:20:13  GPS원시방향유효:1
20:20:13  GPS원시방향:193.1
20:20:13  가속도:-2.682,2.935,9.117
20:20:13  자이로:0.656,-0.809,0.382
20:20:13  자력계:-41.700,54.000,13.950
20:20:13  IMU방향유효:0
20:20:13  IMU방향:0.0
20:20:13  방향가속도크기:9.95
20:20:13  방향자이로크기:1.11
20:20:13  방향자세cos:0.5748
20:20:13  자기모델잔차:999.00
20:20:13  자기모델반경:0.000
20:20:13  방향채택:0
20:20:13  방향거부:15854
20:20:13  송신:1254
20:20:13  GPS위성:7
20:20:13  GPS_HDOP:1.23
20:20:13  원시위도:37.496494
20:20:13  원시경도:126.957645
20:20:13  GPS채택:525
20:20:13  GPS이상치거부:0
20:20:13  GPS품질거부:1
20:20:13  GPS재기준:0
20:20:13  RSSI원시:-66
20:20:13  RSSI평활:-68.9
20:20:13  RSSI샘플:2464
20:20:13  RSSI경과ms:3
20:20:13  차량수신:1226
20:20:13  시각ms:135642
20:20:13  IMU시각ms:135630
20:20:13  위험:1
20:20:13  GPS유효:1
20:20:13  위도:37.496494
20:20:13  경도:126.957642
20:20:13  속도:0.031
20:20:13  방향:0.0
20:20:13  GPS원시속도:0.036
20:20:13  GPS원시방향유효:1
20:20:13  GPS원시방향:193.1
20:20:13  가속도:-2.528,2.744,9.021
20:20:13  자이로:-0.008,0.221,1.107
20:20:13  자력계:-42.300,54.900,14.550
20:20:13  IMU방향유효:0
20:20:13  IMU방향:0.0
20:20:13  방향가속도크기:9.76
20:20:13  방향자이로크기:1.13
20:20:13  방향자세cos:0.5785
20:20:13  자기모델잔차:999.00
20:20:13  자기모델반경:0.000
20:20:13  방향채택:0
20:20:13  방향거부:15866
20:20:13  송신:1255
20:20:13  GPS위성:7
20:20:13  GPS_HDOP:1.23
20:20:13  원시위도:37.496494
20:20:13  원시경도:126.957645
20:20:13  GPS채택:526
20:20:13  GPS이상치거부:0
20:20:13  GPS품질거부:1
20:20:13  GPS재기준:0
20:20:13  RSSI원시:-71
20:20:13  RSSI평활:-69.3
20:20:13  RSSI샘플:2466
20:20:13  RSSI경과ms:5
20:20:13  차량수신:1227
20:20:13  시각ms:135746
20:20:13  IMU시각ms:135734
20:20:13  위험:1
20:20:13  GPS유효:1
20:20:13  위도:37.496494
20:20:13  경도:126.957642
20:20:13  속도:0.035
20:20:13  방향:0.0
20:20:13  GPS원시속도:0.041
20:20:13  GPS원시방향유효:1
20:20:13  GPS원시방향:193.1
20:20:13  가속도:-2.576,2.753,8.892
20:20:13  자이로:0.115,-2.115,2.153
20:20:13  자력계:-43.200,52.800,12.900
20:20:13  IMU방향유효:0
20:20:13  IMU방향:0.0
20:20:13  방향가속도크기:9.66
20:20:13  방향자이로크기:3.02
20:20:13  방향자세cos:0.5739
20:20:13  자기모델잔차:999.00
20:20:13  자기모델반경:0.000
20:20:13  방향채택:0
20:20:13  방향거부:15879
20:20:13  송신:1256
20:20:13  GPS위성:7
20:20:13  GPS_HDOP:1.23
20:20:13  원시위도:37.496493
20:20:13  원시경도:126.957645
20:20:13  GPS채택:527
20:20:13  GPS이상치거부:0
20:20:13  GPS품질거부:1
20:20:13  GPS재기준:0
20:20:13  RSSI원시:-72
20:20:13  RSSI평활:-69.7
20:20:13  RSSI샘플:2468
20:20:13  RSSI경과ms:8
20:20:13  차량수신:1228
20:20:13  시각ms:135849
20:20:13  IMU시각ms:135837
20:20:13  위험:1
20:20:13  GPS유효:1
20:20:13  위도:37.496494
20:20:13  경도:126.957642
20:20:13  속도:0.035
20:20:13  방향:0.0
20:20:13  GPS원시속도:0.041
20:20:13  GPS원시방향유효:1
20:20:13  GPS원시방향:193.1
20:20:13  가속도:-2.552,2.816,9.017
20:20:13  자이로:1.130,-0.634,1.573
20:20:13  자력계:-41.550,54.900,14.550
20:20:13  IMU방향유효:0
20:20:13  IMU방향:0.0
20:20:13  방향가속도크기:9.78
20:20:13  방향자이로크기:2.04
20:20:13  방향자세cos:0.5792
20:20:13  자기모델잔차:999.00
20:20:13  자기모델반경:0.000
20:20:13  방향채택:0
20:20:13  방향거부:15891
20:20:13  송신:1257
20:20:13  GPS위성:7
20:20:13  GPS_HDOP:1.23
20:20:13  원시위도:37.496493
20:20:13  원시경도:126.957645
20:20:13  GPS채택:527
20:20:13  GPS이상치거부:0
20:20:13  GPS품질거부:1
20:20:13  GPS재기준:0
20:20:13  RSSI원시:-72
20:20:13  RSSI평활:-70.1
20:20:13  RSSI샘플:2469
20:20:13  RSSI경과ms:82
20:20:13  차량수신:1229
20:20:13  시각ms:135953
20:20:13  IMU시각ms:135941
20:20:13  위험:1
20:20:13  GPS유효:1
20:20:13  위도:37.496494
20:20:13  경도:126.957642
20:20:13  속도:0.042
20:20:13  방향:0.0
20:20:13  GPS원시속도:0.057
20:20:13  GPS원시방향유효:1
20:20:13  GPS원시방향:193.1
20:20:13  가속도:-2.638,2.806,9.069
20:20:13  자이로:-1.397,-0.031,-1.588
20:20:13  자력계:-40.800,53.400,13.800
20:20:13  IMU방향유효:0
20:20:13  IMU방향:0.0
20:20:13  방향가속도크기:9.85
20:20:13  방향자이로크기:2.12
20:20:13  방향자세cos:0.5730
20:20:13  자기모델잔차:999.00
20:20:13  자기모델반경:0.000
20:20:13  방향채택:0
20:20:13  방향거부:15904
20:20:13  송신:1258
20:20:13  GPS위성:7
20:20:13  GPS_HDOP:1.23
20:20:13  원시위도:37.496493
20:20:13  원시경도:126.957645
20:20:13  GPS채택:528
20:20:13  GPS이상치거부:0
20:20:13  GPS품질거부:1
20:20:13  GPS재기준:0
20:20:13  RSSI원시:-69
20:20:13  RSSI평활:-69.9
20:20:13  RSSI샘플:2471
20:20:13  RSSI경과ms:84
20:20:13  차량수신:1230
20:20:14  시각ms:136058
20:20:14  IMU시각ms:136046
20:20:14  위험:1
20:20:14  GPS유효:1
20:20:14  위도:37.496494
20:20:14  경도:126.957642
20:20:14  속도:0.042
20:20:14  방향:0.0
20:20:14  GPS원시속도:0.057
20:20:14  GPS원시방향유효:1
20:20:14  GPS원시방향:193.1
20:20:14  가속도:-2.629,2.672,9.108
20:20:14  자이로:-3.420,-1.672,0.947
20:20:14  자력계:-42.000,54.150,13.500
20:20:14  IMU방향유효:0
20:20:14  IMU방향:0.0
20:20:14  방향가속도크기:9.85
20:20:14  방향자이로크기:3.92
20:20:14  방향자세cos:0.5694
20:20:14  자기모델잔차:999.00
20:20:14  자기모델반경:0.000
20:20:14  방향채택:0
20:20:14  방향거부:15916
20:20:14  송신:1259
20:20:14  GPS위성:7
20:20:14  GPS_HDOP:1.23
20:20:14  원시위도:37.496493
20:20:14  원시경도:126.957645
20:20:14  GPS채택:528
20:20:14  GPS이상치거부:0
20:20:14  GPS품질거부:1
20:20:14  GPS재기준:0
20:20:14  RSSI원시:-67
20:20:14  RSSI평활:-68.2
20:20:14  RSSI샘플:2474
20:20:14  RSSI경과ms:7
20:20:14  차량수신:1231
20:20:14  시각ms:136162
20:20:14  IMU시각ms:136150
20:20:14  위험:1
20:20:14  GPS유효:1
20:20:14  위도:37.496494
20:20:14  경도:126.957642
20:20:14  속도:0.035
20:20:14  방향:0.0
20:20:14  GPS원시속도:0.021
20:20:14  GPS원시방향유효:1
20:20:14  GPS원시방향:193.1
20:20:14  가속도:-2.686,2.418,8.404
20:20:14  자이로:-2.076,0.649,-1.832
20:20:14  자력계:-40.500,55.350,15.600
20:20:14  IMU방향유효:0
20:20:14  IMU방향:0.0
20:20:14  방향가속도크기:9.15
20:20:14  방향자이로크기:2.84
20:20:14  방향자세cos:0.5464
20:20:14  자기모델잔차:999.00
20:20:14  자기모델반경:0.000
20:20:14  방향채택:0
20:20:14  방향거부:15929
20:20:14  송신:1260
20:20:14  GPS위성:7
20:20:14  GPS_HDOP:1.23
20:20:14  원시위도:37.496493
20:20:14  원시경도:126.957645
20:20:14  GPS채택:529
20:20:14  GPS이상치거부:0
20:20:14  GPS품질거부:1
20:20:14  GPS재기준:0
20:20:14  RSSI원시:-66
20:20:14  RSSI평활:-67.4
20:20:14  RSSI샘플:2476
20:20:14  RSSI경과ms:2
20:20:14  차량수신:1232
20:20:14  시각ms:136265
20:20:14  IMU시각ms:136253
20:20:14  위험:1
20:20:14  GPS유효:1
20:20:14  위도:37.496494
20:20:14  경도:126.957642
20:20:14  속도:0.035
20:20:14  방향:0.0
20:20:14  GPS원시속도:0.021
20:20:14  GPS원시방향유효:1
20:20:14  GPS원시방향:193.1
20:20:14  가속도:-6.713,6.445,11.976
20:20:14  자이로:-1.122,6.282,-3.802
20:20:14  자력계:-41.400,55.500,15.150
20:20:14  IMU방향유효:0
20:20:14  IMU방향:0.0
20:20:14  방향가속도크기:15.17
20:20:14  방향자이로크기:7.43
20:20:14  방향자세cos:0.5998
20:20:14  자기모델잔차:999.00
20:20:14  자기모델반경:0.000
20:20:14  방향채택:0
20:20:14  방향거부:15941
20:20:14  송신:1261
20:20:14  GPS위성:7
20:20:14  GPS_HDOP:1.23
20:20:14  원시위도:37.496493
20:20:14  원시경도:126.957645
20:20:14  GPS채택:529
20:20:14  GPS이상치거부:0
20:20:14  GPS품질거부:1
20:20:14  GPS재기준:0
20:20:14  RSSI원시:-66
20:20:14  RSSI평활:-67.1
20:20:14  RSSI샘플:2477
20:20:14  RSSI경과ms:89
20:20:14  차량수신:1233
20:20:14  시각ms:136369
20:20:14  IMU시각ms:136357
20:20:14  위험:1
20:20:14  GPS유효:1
20:20:14  위도:37.496494
20:20:14  경도:126.957642
20:20:14  속도:0.033
20:20:14  방향:0.0
20:20:14  GPS원시속도:0.031
20:20:14  GPS원시방향유효:1
20:20:14  GPS원시방향:193.1
20:20:14  가속도:-0.728,-1.796,4.372
20:20:14  자이로:1.626,-4.771,1.046
20:20:14  자력계:-41.250,54.150,15.600
20:20:14  IMU방향유효:0
20:20:14  IMU방향:0.0
20:20:14  방향가속도크기:4.78
20:20:14  방향자이로크기:5.15
20:20:14  방향자세cos:0.7521
20:20:14  자기모델잔차:999.00
20:20:14  자기모델반경:0.000
20:20:14  방향채택:0
20:20:14  방향거부:15954
20:20:14  송신:1262
20:20:14  GPS위성:7
20:20:14  GPS_HDOP:1.23
20:20:14  원시위도:37.496493
20:20:14  원시경도:126.957645
20:20:14  GPS채택:530
20:20:14  GPS이상치거부:0
20:20:14  GPS품질거부:1
20:20:14  GPS재기준:0
20:20:14  RSSI원시:-73
20:20:14  RSSI평활:-68.8
20:20:14  RSSI샘플:2480
20:20:14  RSSI경과ms:4
20:20:14  차량수신:1234
20:20:14  시각ms:136472
20:20:14  IMU시각ms:136460
20:20:14  위험:1
20:20:14  GPS유효:1
20:20:14  위도:37.496494
20:20:14  경도:126.957642
20:20:14  속도:0.033
20:20:14  방향:0.0
20:20:14  GPS원시속도:0.031
20:20:14  GPS원시방향유효:1
20:20:14  GPS원시방향:193.1
20:20:14  가속도:0.977,-2.624,4.353
20:20:14  자이로:0.031,-15.855,4.534
20:20:14  자력계:-42.150,54.000,13.650
20:20:14  IMU방향유효:0
20:20:14  IMU방향:0.0
20:20:14  방향가속도크기:5.18
20:20:14  방향자이로크기:16.49
20:20:14  방향자세cos:0.5430
20:20:14  자기모델잔차:999.00
20:20:14  자기모델반경:0.000
20:20:14  방향채택:0
20:20:14  방향거부:15966
20:20:14  송신:1263
20:20:14  GPS위성:7
20:20:14  GPS_HDOP:1.23
20:20:14  원시위도:37.496493
20:20:14  원시경도:126.957645
20:20:14  GPS채택:530
20:20:14  GPS이상치거부:0
20:20:14  GPS품질거부:1
20:20:14  GPS재기준:0
20:20:14  RSSI원시:-74
20:20:14  RSSI평활:-69.9
20:20:14  RSSI샘플:2481
20:20:14  RSSI경과ms:91
20:20:14  차량수신:1235
20:20:14  시각ms:136577
20:20:14  IMU시각ms:136565
20:20:14  위험:1
20:20:14  GPS유효:1
20:20:14  위도:37.496494
20:20:14  경도:126.957642
20:20:14  속도:0.025
20:20:14  방향:0.0
20:20:14  GPS원시속도:0.010
20:20:14  GPS원시방향유효:1
20:20:14  GPS원시방향:193.1
20:20:14  가속도:-0.728,0.192,6.306
20:20:14  자이로:-6.947,7.740,-2.511
20:20:14  자력계:-43.200,53.550,15.150
20:20:14  IMU방향유효:0
20:20:14  IMU방향:0.0
20:20:14  방향가속도크기:6.35
20:20:14  방향자이로크기:10.70
20:20:14  방향자세cos:0.6507
20:20:14  자기모델잔차:999.00
20:20:14  자기모델반경:0.000
20:20:14  방향채택:0
20:20:14  방향거부:15978
20:20:14  송신:1264
20:20:14  GPS위성:7
20:20:14  GPS_HDOP:1.23
20:20:14  원시위도:37.496492
20:20:14  원시경도:126.957645
20:20:14  GPS채택:531
20:20:14  GPS이상치거부:0
20:20:14  GPS품질거부:1
20:20:14  GPS재기준:0
20:20:14  RSSI원시:-69
20:20:14  RSSI평활:-69.7
20:20:14  RSSI샘플:2484
20:20:14  RSSI경과ms:5
20:20:14  차량수신:1236
20:20:14  시각ms:136680
20:20:14  IMU시각ms:136668
20:20:14  위험:1
20:20:14  GPS유효:1
20:20:14  위도:37.496494
20:20:14  경도:126.957642
20:20:14  속도:0.025
20:20:14  방향:0.0
20:20:14  GPS원시속도:0.010
20:20:14  GPS원시방향유효:1
20:20:14  GPS원시방향:193.1
20:20:14  가속도:-3.146,2.538,8.308
20:20:14  자이로:-3.183,-0.221,1.542
20:20:14  자력계:-41.250,54.900,13.500
20:20:14  IMU방향유효:0
20:20:14  IMU방향:0.0
20:20:14  방향가속도크기:9.24
20:20:14  방향자이로크기:3.54
20:20:14  방향자세cos:0.5121
20:20:14  자기모델잔차:999.00
20:20:14  자기모델반경:0.000
20:20:14  방향채택:0
20:20:14  방향거부:15990
20:20:14  송신:1265
20:20:14  GPS위성:7
20:20:14  GPS_HDOP:1.23
20:20:14  원시위도:37.496492
20:20:14  원시경도:126.957645
20:20:14  GPS채택:531
20:20:14  GPS이상치거부:0
20:20:14  GPS품질거부:1
20:20:14  GPS재기준:0
20:20:14  RSSI원시:-68
20:20:14  RSSI평활:-69.3
20:20:14  RSSI샘플:2486
20:20:14  RSSI경과ms:5
20:20:14  차량수신:1237
20:20:14  시각ms:136783
20:20:14  IMU시각ms:136771
20:20:14  위험:1
20:20:14  GPS유효:1
20:20:14  위도:37.496494
20:20:14  경도:126.957642
20:20:14  속도:0.025
20:20:14  방향:0.0
20:20:14  GPS원시속도:0.026
20:20:14  GPS원시방향유효:1
20:20:14  GPS원시방향:193.1
20:20:14  가속도:-2.825,2.715,9.184
20:20:14  자이로:-1.450,-0.191,0.924
20:20:14  자력계:-40.950,52.800,13.950
20:20:14  IMU방향유효:0
20:20:14  IMU방향:0.0
20:20:14  방향가속도크기:9.99
20:20:14  방향자이로크기:1.73
20:20:14  방향자세cos:0.5572
20:20:14  자기모델잔차:999.00
20:20:14  자기모델반경:0.000
20:20:14  방향채택:0
20:20:14  방향거부:16002
20:20:14  송신:1266
20:20:14  GPS위성:7
20:20:14  GPS_HDOP:1.23
20:20:14  원시위도:37.496492
20:20:14  원시경도:126.957645
20:20:14  GPS채택:532
20:20:14  GPS이상치거부:0
20:20:14  GPS품질거부:1
20:20:14  GPS재기준:0
20:20:14  RSSI원시:-69
20:20:14  RSSI평활:-69.2
20:20:14  RSSI샘플:2488
20:20:14  RSSI경과ms:2
20:20:14  차량수신:1238
20:20:14  시각ms:136990
20:20:14  IMU시각ms:136978
20:20:14  위험:1
20:20:14  GPS유효:1
20:20:14  위도:37.496490
20:20:14  경도:126.957642
20:20:14  속도:0.020
20:20:14  방향:0.0
20:20:14  GPS원시속도:0.010
20:20:14  GPS원시방향유효:1
20:20:15  GPS원시방향:193.1
20:20:15  가속도:-2.653,2.921,9.131
20:20:15  자이로:-0.992,-0.473,-0.832
20:20:15  자력계:-41.250,54.450,13.500
20:20:15  IMU방향유효:0
20:20:15  IMU방향:0.0
20:20:15  방향가속도크기:9.95
20:20:15  방향자이로크기:1.38
20:20:15  방향자세cos:0.5766
20:20:15  자기모델잔차:999.00
20:20:15  자기모델반경:0.000
20:20:15  방향채택:0
20:20:15  방향거부:16026
20:20:15  송신:1268
20:20:15  GPS위성:7
20:20:15  GPS_HDOP:1.23
20:20:15  원시위도:37.496492
20:20:15  원시경도:126.957645
20:20:15  GPS채택:533
20:20:15  GPS이상치거부:0
20:20:15  GPS품질거부:1
20:20:15  GPS재기준:0
20:20:15  RSSI원시:-69
20:20:15  RSSI평활:-69.0
20:20:15  RSSI샘플:2491
20:20:15  RSSI경과ms:96
20:20:15  차량수신:1240
20:20:15  시각ms:137095
20:20:15  IMU시각ms:137083
20:20:15  위험:1
20:20:15  GPS유효:1
20:20:15  위도:37.496490
20:20:15  경도:126.957642
20:20:15  속도:0.020
20:20:15  방향:0.0
20:20:15  GPS원시속도:0.010
20:20:15  GPS원시방향유효:1
20:20:15  GPS원시방향:193.1
20:20:15  가속도:-2.595,2.729,8.973
20:20:15  자이로:-1.153,-0.031,0.160
20:20:15  자력계:-42.450,52.800,13.950
20:20:15  IMU방향유효:0
20:20:15  IMU방향:0.0
20:20:15  방향가속도크기:9.73
20:20:15  방향자이로크기:1.16
20:20:15  방향자세cos:0.5725
20:20:15  자기모델잔차:999.00
20:20:15  자기모델반경:0.000
20:20:15  방향채택:0
20:20:15  방향거부:16039
20:20:15  송신:1269
20:20:15  GPS위성:7
20:20:15  GPS_HDOP:1.23
20:20:15  원시위도:37.496492
20:20:15  원시경도:126.957645
20:20:15  GPS채택:533
20:20:15  GPS이상치거부:0
20:20:15  GPS품질거부:1
20:20:15  GPS재기준:0
20:20:15  RSSI원시:-69
20:20:15  RSSI평활:-69.3
20:20:15  RSSI샘플:2494
20:20:15  RSSI경과ms:1
20:20:15  차량수신:1241
20:20:15  시각ms:137198
20:20:15  IMU시각ms:137186
20:20:15  위험:1
20:20:15  GPS유효:1
20:20:15  위도:37.496490
20:20:15  경도:126.957642
20:20:15  속도:0.018
20:20:15  방향:0.0
20:20:15  GPS원시속도:0.015
20:20:15  GPS원시방향유효:1
20:20:15  GPS원시방향:193.1
20:20:15  가속도:-2.624,2.883,8.997
20:20:15  자이로:1.008,-0.534,0.557
20:20:15  자력계:-40.650,54.300,13.650
20:20:15  IMU방향유효:0
20:20:15  IMU방향:0.0
20:20:15  방향가속도크기:9.81
20:20:15  방향자이로크기:1.27
20:20:15  방향자세cos:0.5760
20:20:15  자기모델잔차:999.00
20:20:15  자기모델반경:0.000
20:20:15  방향채택:0
20:20:15  방향거부:16051
20:20:15  송신:1270
20:20:15  GPS위성:7
20:20:15  GPS_HDOP:1.23
20:20:15  원시위도:37.496491
20:20:15  원시경도:126.957645
20:20:15  GPS채택:534
20:20:15  GPS이상치거부:0
20:20:15  GPS품질거부:1
20:20:15  GPS재기준:0
20:20:15  RSSI원시:-70
20:20:15  RSSI평활:-69.5
20:20:15  RSSI샘플:2496
20:20:15  RSSI경과ms:3
20:20:15  차량수신:1242
20:20:15  시각ms:137301
20:20:15  IMU시각ms:137289
20:20:15  위험:1
20:20:15  GPS유효:1
20:20:15  위도:37.496490
20:20:15  경도:126.957642
20:20:15  속도:0.018
20:20:15  방향:0.0
20:20:15  GPS원시속도:0.015
20:20:15  GPS원시방향유효:1
20:20:15  GPS원시방향:193.1
20:20:15  가속도:-2.567,2.796,8.978
20:20:15  자이로:-1.275,-0.183,-1.603
20:20:15  자력계:-40.500,54.150,12.300
20:20:15  IMU방향유효:0
20:20:15  IMU방향:0.0
20:20:15  방향가속도크기:9.75
20:20:15  방향자이로크기:2.06
20:20:15  방향자세cos:0.5771
20:20:15  자기모델잔차:999.00
20:20:15  자기모델반경:0.000
20:20:15  방향채택:0
20:20:15  방향거부:16063
20:20:15  송신:1271
20:20:15  GPS위성:7
20:20:15  GPS_HDOP:1.23
20:20:15  원시위도:37.496491
20:20:15  원시경도:126.957645
20:20:15  GPS채택:534
20:20:15  GPS이상치거부:0
20:20:15  GPS품질거부:1
20:20:15  GPS재기준:0
20:20:15  RSSI원시:-71
20:20:15  RSSI평활:-69.9
20:20:15  RSSI샘플:2498
20:20:15  RSSI경과ms:5
20:20:15  차량수신:1243
20:20:15  시각ms:137404
20:20:15  IMU시각ms:137392
20:20:15  위험:1
20:20:15  GPS유효:1
20:20:15  위도:37.496490
20:20:15  경도:126.957642
20:20:15  속도:0.014
20:20:15  방향:0.0
20:20:15  GPS원시속도:0.005
20:20:15  GPS원시방향유효:1
20:20:15  GPS원시방향:193.1
20:20:15  가속도:-2.614,2.840,8.839
20:20:15  자이로:-0.977,0.458,-0.695
20:20:15  자력계:-42.300,54.150,11.700
20:20:15  IMU방향유효:0
20:20:15  IMU방향:0.0
20:20:15  방향가속도크기:9.65
20:20:15  방향자이로크기:1.28
20:20:15  방향자세cos:0.5734
20:20:15  자기모델잔차:999.00
20:20:15  자기모델반경:0.000
20:20:15  방향채택:0
20:20:15  방향거부:16075
20:20:15  송신:1272
20:20:15  GPS위성:7
20:20:15  GPS_HDOP:1.23
20:20:15  원시위도:37.496491
20:20:15  원시경도:126.957645
20:20:15  GPS채택:535
20:20:15  GPS이상치거부:0
20:20:15  GPS품질거부:1
20:20:15  GPS재기준:0
20:20:15  RSSI원시:-71
20:20:15  RSSI평활:-70.1
20:20:15  RSSI샘플:2499
20:20:15  RSSI경과ms:82
20:20:15  차량수신:1244
20:20:15  시각ms:137509
20:20:15  IMU시각ms:137497
20:20:15  위험:1
20:20:15  GPS유효:1
20:20:15  위도:37.496490
20:20:15  경도:126.957642
20:20:15  속도:0.014
20:20:15  방향:0.0
20:20:15  GPS원시속도:0.005
20:20:15  GPS원시방향유효:1
20:20:15  GPS원시방향:193.1
20:20:15  가속도:-2.514,2.916,8.964
20:20:15  자이로:-0.168,0.924,-1.603
20:20:15  자력계:-40.800,52.650,12.750
20:20:15  IMU방향유효:0
20:20:15  IMU방향:0.0
20:20:15  방향가속도크기:9.76
20:20:15  방향자이로크기:1.86
20:20:15  방향자세cos:0.5850
20:20:15  자기모델잔차:999.00
20:20:15  자기모델반경:0.000
20:20:15  방향채택:0
20:20:15  방향거부:16088
20:20:15  송신:1273
20:20:15  GPS위성:7
20:20:15  GPS_HDOP:1.23
20:20:15  원시위도:37.496491
20:20:15  원시경도:126.957645
20:20:15  GPS채택:535
20:20:15  GPS이상치거부:0
20:20:15  GPS품질거부:1
20:20:15  GPS재기준:0
20:20:15  RSSI원시:-71
20:20:15  RSSI평활:-70.3
20:20:15  RSSI샘플:2502
20:20:15  RSSI경과ms:4
20:20:15  차량수신:1245
20:20:15  시각ms:137612
20:20:15  IMU시각ms:137600
20:20:15  위험:1
20:20:15  GPS유효:1
20:20:15  위도:37.496490
20:20:15  경도:126.957642
20:20:15  속도:0.018
20:20:15  방향:0.0
20:20:15  GPS원시속도:0.026
20:20:15  GPS원시방향유효:1
20:20:15  GPS원시방향:193.1
20:20:15  가속도:-2.547,2.840,8.983
20:20:15  자이로:0.046,2.595,1.275
20:20:15  자력계:-42.150,54.300,13.950
20:20:15  IMU방향유효:0
20:20:15  IMU방향:0.0
20:20:15  방향가속도크기:9.76
20:20:15  방향자이로크기:2.89
20:20:15  방향자세cos:0.5801
20:20:15  자기모델잔차:999.00
20:20:15  자기모델반경:0.000
20:20:15  방향채택:0
20:20:15  방향거부:16100
20:20:15  송신:1274
20:20:15  GPS위성:7
20:20:15  GPS_HDOP:1.23
20:20:15  원시위도:37.496491
20:20:15  원시경도:126.957645
20:20:15  GPS채택:536
20:20:15  GPS이상치거부:0
20:20:15  GPS품질거부:1
20:20:15  GPS재기준:0
20:20:15  RSSI원시:-71
20:20:15  RSSI평활:-70.4
20:20:15  RSSI샘플:2503
20:20:15  RSSI경과ms:90
20:20:15  차량수신:1246
20:20:15  시각ms:137716
20:20:15  IMU시각ms:137704
20:20:15  위험:1
20:20:15  GPS유효:1
20:20:15  위도:37.496490
20:20:15  경도:126.957642
20:20:15  속도:0.018
20:20:15  방향:0.0
20:20:15  GPS원시속도:0.026
20:20:15  GPS원시방향유효:1
20:20:15  GPS원시방향:193.1
20:20:15  가속도:-2.576,2.634,9.093
20:20:15  자이로:-0.435,-0.710,1.099
20:20:15  자력계:-40.800,54.900,13.500
20:20:15  IMU방향유효:0
20:20:15  IMU방향:0.0
20:20:15  방향가속도크기:9.81
20:20:15  방향자이로크기:1.38
20:20:15  방향자세cos:0.5718
20:20:15  자기모델잔차:999.00
20:20:15  자기모델반경:0.000
20:20:15  방향채택:0
20:20:15  방향거부:16113
20:20:15  송신:1275
20:20:15  GPS위성:7
20:20:15  GPS_HDOP:1.23
20:20:15  원시위도:37.496491
20:20:15  원시경도:126.957645
20:20:15  GPS채택:536
20:20:15  GPS이상치거부:0
20:20:15  GPS품질거부:1
20:20:15  GPS재기준:0
20:20:15  RSSI원시:-70
20:20:15  RSSI평활:-70.4
20:20:15  RSSI샘플:2505
20:20:15  RSSI경과ms:95
20:20:15  차량수신:1247
20:20:15  시각ms:137821
20:20:15  IMU시각ms:137809
20:20:15  위험:1
20:20:15  GPS유효:1
20:20:15  위도:37.496490
20:20:15  경도:126.957642
20:20:15  속도:0.019
20:20:15  방향:0.0
20:20:15  GPS원시속도:0.021
20:20:15  GPS원시방향유효:1
20:20:15  GPS원시방향:193.1
20:20:15  가속도:-2.562,2.859,8.954
20:20:15  자이로:0.137,-1.786,1.725
20:20:15  자력계:-42.900,55.050,14.400
20:20:15  IMU방향유효:0
20:20:15  IMU방향:0.0
20:20:15  방향가속도크기:9.74
20:20:15  방향자이로크기:2.49
20:20:15  방향자세cos:0.5794
20:20:15  자기모델잔차:999.00
20:20:15  자기모델반경:0.000
20:20:15  방향채택:0
20:20:15  방향거부:16126
20:20:15  송신:1276
20:20:15  GPS위성:7
20:20:15  GPS_HDOP:1.23
20:20:15  원시위도:37.496490
20:20:15  원시경도:126.957645
20:20:15  GPS채택:537
20:20:15  GPS이상치거부:0
20:20:15  GPS품질거부:1
20:20:15  GPS재기준:0
20:20:15  RSSI원시:-70
20:20:15  RSSI평활:-70.2
20:20:15  RSSI샘플:2508
20:20:15  RSSI경과ms:2
20:20:15  차량수신:1248
20:20:15  시각ms:137924
20:20:15  IMU시각ms:137912
20:20:15  위험:1
20:20:15  GPS유효:1
20:20:15  위도:37.496490
20:20:15  경도:126.957642
20:20:15  속도:0.019
20:20:15  방향:0.0
20:20:15  GPS원시속도:0.021
20:20:15  GPS원시방향유효:1
20:20:15  GPS원시방향:193.1
20:20:15  가속도:-2.480,2.820,8.959
20:20:15  자이로:-2.855,0.832,-1.328
20:20:15  자력계:-42.450,53.550,14.700
20:20:15  IMU방향유효:0
20:20:15  IMU방향:0.0
20:20:15  방향가속도크기:9.71
20:20:15  방향자이로크기:3.26
20:20:15  방향자세cos:0.5842
20:20:15  자기모델잔차:999.00
20:20:15  자기모델반경:0.000
20:20:15  방향채택:0
20:20:15  방향거부:16138
20:20:15  송신:1277
20:20:15  GPS위성:7
20:20:15  GPS_HDOP:1.23
20:20:15  원시위도:37.496490
20:20:15  원시경도:126.957645
20:20:15  GPS채택:537
20:20:15  GPS이상치거부:0
20:20:15  GPS품질거부:1
20:20:15  GPS재기준:0
20:20:15  RSSI원시:-69
20:20:15  RSSI평활:-70.0
20:20:15  RSSI샘플:2509
20:20:15  RSSI경과ms:91
20:20:15  차량수신:1249
20:20:16  시각ms:138030
20:20:16  IMU시각ms:138018
20:20:16  위험:1
20:20:16  GPS유효:1
20:20:16  위도:37.496490
20:20:16  경도:126.957642
20:20:16  속도:0.019
20:20:16  방향:0.0
20:20:16  GPS원시속도:0.021
20:20:16  GPS원시방향유효:1
20:20:16  GPS원시방향:193.1
20:20:16  가속도:-2.571,2.854,8.950
20:20:16  자이로:-2.305,-0.038,0.198
20:20:16  자력계:-41.550,54.450,14.550
20:20:16  IMU방향유효:0
20:20:16  IMU방향:0.0
20:20:16  방향가속도크기:9.74
20:20:16  방향자이로크기:2.31
20:20:16  방향자세cos:0.5784
20:20:16  자기모델잔차:999.00
20:20:16  자기모델반경:0.000
20:20:16  방향채택:0
20:20:16  방향거부:16150
20:20:16  송신:1278
20:20:16  GPS위성:7
20:20:16  GPS_HDOP:1.23
20:20:16  원시위도:37.496490
20:20:16  원시경도:126.957645
20:20:16  GPS채택:538
20:20:16  GPS이상치거부:0
20:20:16  GPS품질거부:1
20:20:16  GPS재기준:0
20:20:16  RSSI원시:-70
20:20:16  RSSI평활:-70.0
20:20:16  RSSI샘플:2512
20:20:16  RSSI경과ms:6
20:20:16  차량수신:1250
20:20:16  시각ms:138134
20:20:16  IMU시각ms:138122
20:20:16  위험:1
20:20:16  GPS유효:1
20:20:16  위도:37.496490
20:20:16  경도:126.957642
20:20:16  속도:0.019
20:20:16  방향:0.0
20:20:16  GPS원시속도:0.021
20:20:16  GPS원시방향유효:1
20:20:16  GPS원시방향:193.1
20:20:16  가속도:-2.811,2.796,9.093
20:20:16  자이로:-0.641,-0.420,-3.626
20:20:16  자력계:-40.200,56.250,12.900
20:20:16  IMU방향유효:0
20:20:16  IMU방향:0.0
20:20:16  방향가속도크기:9.92
20:20:16  방향자이로크기:3.71
20:20:16  방향자세cos:0.5601
20:20:16  자기모델잔차:999.00
20:20:16  자기모델반경:0.000
20:20:16  방향채택:0
20:20:16  방향거부:16163
20:20:16  송신:1279
20:20:16  GPS위성:7
20:20:16  GPS_HDOP:1.23
20:20:16  원시위도:37.496490
20:20:16  원시경도:126.957645
20:20:16  GPS채택:538
20:20:16  GPS이상치거부:0
20:20:16  GPS품질거부:1
20:20:16  GPS재기준:0
20:20:16  RSSI원시:-70
20:20:16  RSSI평활:-70.0
20:20:16  RSSI샘플:2514
20:20:16  RSSI경과ms:2
20:20:16  차량수신:1251
20:20:16  시각ms:138237
20:20:16  IMU시각ms:138225
20:20:16  위험:1
20:20:16  GPS유효:1
20:20:16  위도:37.496490
20:20:16  경도:126.957642
20:20:16  속도:0.020
20:20:16  방향:0.0
20:20:16  GPS원시속도:0.021
20:20:16  GPS원시방향유효:1
20:20:16  GPS원시방향:193.1
20:20:16  가속도:1.097,0.057,4.827
20:20:16  자이로:0.771,-2.344,0.260
20:20:16  자력계:-40.500,55.350,13.800
20:20:16  IMU방향유효:0
20:20:16  IMU방향:0.0
20:20:16  방향가속도크기:4.95
20:20:16  방향자이로크기:2.48
20:20:16  방향자세cos:0.5773
20:20:16  자기모델잔차:999.00
20:20:16  자기모델반경:0.000
20:20:16  방향채택:0
20:20:16  방향거부:16175
20:20:16  송신:1280
20:20:16  GPS위성:7
20:20:16  GPS_HDOP:1.23
20:20:16  원시위도:37.496490
20:20:16  원시경도:126.957645
20:20:16  GPS채택:539
20:20:16  GPS이상치거부:0
20:20:16  GPS품질거부:1
20:20:16  GPS재기준:0
20:20:16  RSSI원시:-70
20:20:16  RSSI평활:-70.0
20:20:16  RSSI샘플:2516
20:20:16  RSSI경과ms:3
20:20:16  차량수신:1252
20:20:16  시각ms:138339
20:20:16  IMU시각ms:138327
20:20:16  위험:0
20:20:16  GPS유효:1
20:20:16  위도:37.496490
20:20:16  경도:126.957642
20:20:16  속도:0.020
20:20:16  방향:0.0
20:20:16  GPS원시속도:0.021
20:20:16  GPS원시방향유효:1
20:20:16  GPS원시방향:193.1
20:20:16  가속도:-2.801,3.002,9.433
20:20:16  자이로:1.229,-3.336,0.130
20:20:16  자력계:-41.400,54.300,13.650
20:20:16  IMU방향유효:0
20:20:16  IMU방향:0.0
20:20:16  방향가속도크기:10.29
20:20:16  방향자이로크기:3.56
20:20:16  방향자세cos:0.5717
20:20:16  자기모델잔차:999.00
20:20:16  자기모델반경:0.000
20:20:16  방향채택:0
20:20:16  방향거부:16187
20:20:16  송신:1281
20:20:16  GPS위성:7
20:20:16  GPS_HDOP:1.23
20:20:16  원시위도:37.496490
20:20:16  원시경도:126.957645
20:20:16  GPS채택:539
20:20:16  GPS이상치거부:0
20:20:16  GPS품질거부:1
20:20:16  GPS재기준:0
20:20:16  RSSI원시:-70
20:20:16  RSSI평활:-70.0
20:20:16  RSSI샘플:2518
20:20:16  RSSI경과ms:3
20:20:16  차량수신:1253
20:20:16  시각ms:138442
20:20:16  IMU시각ms:138430
20:20:16  위험:0
20:20:16  GPS유효:1
20:20:16  위도:37.496490
20:20:16  경도:126.957642
20:20:16  속도:0.015
20:20:16  방향:0.0
20:20:16  GPS원시속도:0.005
20:20:16  GPS원시방향유효:1
20:20:16  GPS원시방향:193.1
20:20:16  가속도:-2.825,2.840,9.266
20:20:16  자이로:-0.840,-1.282,-0.389
20:20:16  자력계:-40.500,53.700,14.250
20:20:16  IMU방향유효:0
20:20:16  IMU방향:0.0
20:20:16  방향가속도크기:10.09
20:20:16  방향자이로크기:1.58
20:20:16  방향자세cos:0.5626
20:20:16  자기모델잔차:999.00
20:20:16  자기모델반경:0.000
20:20:16  방향채택:0
20:20:16  방향거부:16199
20:20:16  송신:1282
20:20:16  GPS위성:7
20:20:16  GPS_HDOP:1.23
20:20:16  원시위도:37.496490
20:20:16  원시경도:126.957645
20:20:16  GPS채택:540
20:20:16  GPS이상치거부:0
20:20:16  GPS품질거부:1
20:20:16  GPS재기준:0
20:20:16  RSSI원시:-70
20:20:16  RSSI평활:-70.0
20:20:16  RSSI샘플:2520
20:20:16  RSSI경과ms:2
20:20:16  차량수신:1254
20:20:16  시각ms:138544
20:20:16  IMU시각ms:138532
20:20:16  위험:0
20:20:16  GPS유효:1
20:20:16  위도:37.496490
20:20:16  경도:126.957642
20:20:16  속도:0.015
20:20:16  방향:0.0
20:20:16  GPS원시속도:0.005
20:20:16  GPS원시방향유효:1
20:20:16  GPS원시방향:193.1
20:20:16  가속도:-2.509,2.710,8.892
20:20:16  자이로:-1.229,-3.069,-1.145
20:20:16  자력계:-43.200,54.300,14.700
20:20:16  IMU방향유효:0
20:20:16  IMU방향:0.0
20:20:16  방향가속도크기:9.63
20:20:16  방향자이로크기:3.50
20:20:16  방향자세cos:0.5775
20:20:16  자기모델잔차:999.00
20:20:16  자기모델반경:0.000
20:20:16  방향채택:0
20:20:16  방향거부:16211
20:20:16  송신:1283
20:20:16  GPS위성:7
20:20:16  GPS_HDOP:1.23
20:20:16  원시위도:37.496490
20:20:16  원시경도:126.957645
20:20:16  GPS채택:540
20:20:16  GPS이상치거부:0
20:20:16  GPS품질거부:1
20:20:16  GPS재기준:0
20:20:16  RSSI원시:-70
20:20:16  RSSI평활:-70.0
20:20:16  RSSI샘플:2521
20:20:16  RSSI경과ms:90
20:20:16  차량수신:1255
20:20:16  시각ms:138649
20:20:16  IMU시각ms:138637
20:20:16  위험:0
20:20:16  GPS유효:1
20:20:16  위도:37.496490
20:20:16  경도:126.957642
20:20:16  속도:0.015
20:20:16  방향:0.0
20:20:16  GPS원시속도:0.015
20:20:16  GPS원시방향유효:1
20:20:16  GPS원시방향:193.1
20:20:16  가속도:-2.591,2.859,9.146
20:20:16  자이로:-2.321,-0.618,-1.046
20:20:16  자력계:-42.750,54.150,13.800
20:20:16  IMU방향유효:0
20:20:16  IMU방향:0.0
20:20:16  방향가속도크기:9.93
20:20:16  방향자이로크기:2.62
20:20:16  방향자세cos:0.5792
20:20:16  자기모델잔차:999.00
20:20:16  자기모델반경:0.000
20:20:16  방향채택:0
20:20:16  방향거부:16224
20:20:16  송신:1284
20:20:16  GPS위성:7
20:20:16  GPS_HDOP:1.23
20:20:16  원시위도:37.496489
20:20:16  원시경도:126.957645
20:20:16  GPS채택:541
20:20:16  GPS이상치거부:0
20:20:16  GPS품질거부:1
20:20:16  GPS재기준:0
20:20:16  RSSI원시:-68
20:20:16  RSSI평활:-69.2
20:20:16  RSSI샘플:2524
20:20:16  RSSI경과ms:2
20:20:16  차량수신:1256
20:20:16  시각ms:138751
20:20:16  IMU시각ms:138739
20:20:16  위험:0
20:20:16  GPS유효:1
20:20:16  위도:37.496490
20:20:16  경도:126.957642
20:20:16  속도:0.024
20:20:16  방향:0.0
20:20:16  GPS원시속도:0.041
20:20:16  GPS원시방향유효:1
20:20:16  GPS원시방향:193.1
20:20:16  가속도:-2.763,2.744,9.060
20:20:16  자이로:0.557,0.023,-1.397
20:20:16  자력계:-43.650,54.000,14.400
20:20:16  IMU방향유효:0
20:20:16  IMU방향:0.0
20:20:16  방향가속도크기:9.86
20:20:16  방향자이로크기:1.50
20:20:16  방향자세cos:0.5614
20:20:16  자기모델잔차:999.00
20:20:16  자기모델반경:0.000
20:20:16  방향채택:0
20:20:16  방향거부:16236
20:20:16  송신:1285
20:20:16  GPS위성:7
20:20:16  GPS_HDOP:1.23
20:20:16  원시위도:37.496489
20:20:16  원시경도:126.957645
20:20:16  GPS채택:542
20:20:16  GPS이상치거부:0
20:20:16  GPS품질거부:1
20:20:16  GPS재기준:0
20:20:16  RSSI원시:-67
20:20:16  RSSI평활:-68.5
20:20:16  RSSI샘플:2526
20:20:16  RSSI경과ms:5
20:20:16  차량수신:1257
20:20:16  시각ms:138854
20:20:16  IMU시각ms:138842
20:20:16  위험:0
20:20:16  GPS유효:1
20:20:16  위도:37.496490
20:20:16  경도:126.957642
20:20:16  속도:0.024
20:20:16  방향:0.0
20:20:16  GPS원시속도:0.041
20:20:16  GPS원시방향유효:1
20:20:16  GPS원시방향:193.1
20:20:16  가속도:-2.519,2.591,8.825
20:20:16  자이로:-1.244,-0.802,0.427
20:20:16  자력계:-42.000,52.950,13.050
20:20:16  IMU방향유효:0
20:20:16  IMU방향:0.0
20:20:16  방향가속도크기:9.54
20:20:16  방향자이로크기:1.54
20:20:16  방향자세cos:0.5716
20:20:16  자기모델잔차:999.00
20:20:16  자기모델반경:0.000
20:20:16  방향채택:0
20:20:16  방향거부:16248
20:20:16  송신:1286
20:20:16  GPS위성:7
20:20:16  GPS_HDOP:1.23
20:20:16  원시위도:37.496489
20:20:16  원시경도:126.957645
20:20:16  GPS채택:542
20:20:16  GPS이상치거부:0
20:20:16  GPS품질거부:1
20:20:16  GPS재기준:0
20:20:16  RSSI원시:-67
20:20:16  RSSI평활:-68.2
20:20:16  RSSI샘플:2527
20:20:16  RSSI경과ms:88
20:20:16  차량수신:1258
20:20:16  시각ms:138958
20:20:16  IMU시각ms:138946
20:20:16  위험:0
20:20:16  GPS유효:1
20:20:16  위도:37.496490
20:20:16  경도:126.957642
20:20:16  속도:0.021
20:20:16  방향:0.0
20:20:16  GPS원시속도:0.015
20:20:16  GPS원시방향유효:1
20:20:16  GPS원시방향:193.1
20:20:16  가속도:-2.634,2.787,9.045
20:20:16  자이로:-0.206,-0.786,1.588
20:20:16  자력계:-42.300,53.700,12.750
20:20:16  IMU방향유효:0
20:20:16  IMU방향:0.0
20:20:16  방향가속도크기:9.82
20:20:16  방향자이로크기:1.78
20:20:16  방향자세cos:0.5724
20:20:16  자기모델잔차:999.00
20:20:16  자기모델반경:0.000
20:20:16  방향채택:0
20:20:16  방향거부:16261
20:20:16  송신:1287
20:20:16  GPS위성:7
20:20:16  GPS_HDOP:1.23
20:20:16  원시위도:37.496489
20:20:16  원시경도:126.957645
20:20:16  GPS채택:543
20:20:16  GPS이상치거부:0
20:20:16  GPS품질거부:1
20:20:16  GPS재기준:0
20:20:16  RSSI원시:-67
20:20:16  RSSI평활:-67.8
20:20:16  RSSI샘플:2529
20:20:16  RSSI경과ms:91
20:20:16  차량수신:1259
20:20:17  시각ms:139058
20:20:17  IMU시각ms:139046
20:20:17  위험:0
20:20:17  GPS유효:1
20:20:17  위도:37.496490
20:20:17  경도:126.957642
20:20:17  속도:0.021
20:20:17  방향:0.0
20:20:17  GPS원시속도:0.015
20:20:17  GPS원시방향유효:1
20:20:17  GPS원시방향:193.1
20:20:17  가속도:-2.519,2.768,8.988
20:20:17  자이로:-0.221,1.198,0.176
20:20:17  자력계:-41.400,54.300,12.900
20:20:17  IMU방향유효:0
20:20:17  IMU방향:0.0
20:20:17  방향가속도크기:9.74
20:20:17  방향자이로크기:1.23
20:20:17  방향자세cos:0.5798
20:20:17  자기모델잔차:999.00
20:20:17  자기모델반경:0.000
20:20:17  방향채택:0
20:20:17  방향거부:16272
20:20:17  송신:1288
20:20:17  GPS위성:7
20:20:17  GPS_HDOP:1.23
20:20:17  원시위도:37.496489
20:20:17  원시경도:126.957645
20:20:17  GPS채택:543
20:20:17  GPS이상치거부:0
20:20:17  GPS품질거부:1
20:20:17  GPS재기준:0
20:20:17  RSSI원시:-67
20:20:17  RSSI평활:-67.5
20:20:17  RSSI샘플:2531
20:20:17  RSSI경과ms:88
20:20:17  차량수신:1260
20:20:17  시각ms:139162
20:20:17  IMU시각ms:139150
20:20:17  위험:0
20:20:17  GPS유효:1
20:20:17  위도:37.496490
20:20:17  경도:126.957642
20:20:17  속도:0.030
20:20:17  방향:0.0
20:20:17  GPS원시속도:0.046
20:20:17  GPS원시방향유효:1
20:20:17  GPS원시방향:193.1
20:20:17  가속도:-2.452,2.729,8.892
20:20:17  자이로:-0.015,-0.382,-0.511
20:20:17  자력계:-41.250,53.400,11.700
20:20:17  IMU방향유효:0
20:20:17  IMU방향:0.0
20:20:17  방향가속도크기:9.62
20:20:17  방향자이로크기:0.64
20:20:17  방향자세cos:0.5825
20:20:17  자기모델잔차:999.00
20:20:17  자기모델반경:0.000
20:20:17  방향채택:0
20:20:17  방향거부:16285
20:20:17  송신:1289
20:20:17  GPS위성:7
20:20:17  GPS_HDOP:1.23
20:20:17  원시위도:37.496488
20:20:17  원시경도:126.957645
20:20:17  GPS채택:544
20:20:17  GPS이상치거부:0
20:20:17  GPS품질거부:1
20:20:17  GPS재기준:0
20:20:17  RSSI원시:-67
20:20:17  RSSI평활:-67.1
20:20:17  RSSI샘플:2534
20:20:17  RSSI경과ms:4
20:20:17  차량수신:1261
20:20:17  시각ms:139265
20:20:17  IMU시각ms:139253
20:20:17  위험:1
20:20:17  GPS유효:1
20:20:17  위도:37.496490
20:20:17  경도:126.957642
20:20:17  속도:0.030
20:20:17  방향:0.0
20:20:17  GPS원시속도:0.046
20:20:17  GPS원시방향유효:1
20:20:17  GPS원시방향:193.1
20:20:17  가속도:-2.581,2.820,9.108
20:20:17  자이로:-0.908,-2.115,-0.779
20:20:17  자력계:-41.250,55.350,14.850
20:20:17  IMU방향유효:0
20:20:17  IMU방향:0.0
20:20:17  방향가속도크기:9.88
20:20:17  방향자이로크기:2.43
20:20:17  방향자세cos:0.5782
20:20:17  자기모델잔차:999.00
20:20:17  자기모델반경:0.000
20:20:17  방향채택:0
20:20:17  방향거부:16297
20:20:17  송신:1290
20:20:17  GPS위성:7
20:20:17  GPS_HDOP:1.23
20:20:17  원시위도:37.496488
20:20:17  원시경도:126.957645
20:20:17  GPS채택:544
20:20:17  GPS이상치거부:0
20:20:17  GPS품질거부:1
20:20:17  GPS재기준:0
20:20:17  RSSI원시:-67
20:20:17  RSSI평활:-67.1
20:20:17  RSSI샘플:2536
20:20:17  RSSI경과ms:2
20:20:17  차량수신:1262
20:20:17  시각ms:139368
20:20:17  IMU시각ms:139356
20:20:17  위험:1
20:20:17  GPS유효:1
20:20:17  위도:37.496490
20:20:17  경도:126.957642
20:20:17  속도:0.027
20:20:17  방향:0.0
20:20:17  GPS원시속도:0.021
20:20:17  GPS원시방향유효:1
20:20:17  GPS원시방향:193.1
20:20:17  가속도:0.139,1.595,6.541
20:20:17  자이로:-3.183,-0.374,-0.641
20:20:17  자력계:-40.050,54.450,14.250
20:20:17  IMU방향유효:0
20:20:17  IMU방향:0.0
20:20:17  방향가속도크기:6.73
20:20:17  방향자이로크기:3.27
20:20:17  방향자세cos:0.7219
20:20:17  자기모델잔차:999.00
20:20:17  자기모델반경:0.000
20:20:17  방향채택:0
20:20:17  방향거부:16309
20:20:17  송신:1291
20:20:17  GPS위성:7
20:20:17  GPS_HDOP:1.23
20:20:17  원시위도:37.496488
20:20:17  원시경도:126.957645
20:20:17  GPS채택:545
20:20:17  GPS이상치거부:0
20:20:17  GPS품질거부:1
20:20:17  GPS재기준:0
20:20:17  RSSI원시:-67
20:20:17  RSSI평활:-66.9
20:20:17  RSSI샘플:2538
20:20:17  RSSI경과ms:1
20:20:17  차량수신:1263
20:20:17  시각ms:139473
20:20:17  IMU시각ms:139461
20:20:17  위험:1
20:20:17  GPS유효:1
20:20:17  위도:37.496487
20:20:17  경도:126.957642
20:20:17  속도:0.027
20:20:17  방향:0.0
20:20:17  GPS원시속도:0.021
20:20:17  GPS원시방향유효:1
20:20:17  GPS원시방향:193.1
20:20:17  가속도:0.814,-1.528,7.010
20:20:17  자이로:0.435,-15.672,2.076
20:20:17  자력계:-40.950,55.800,14.700
20:20:17  IMU방향유효:0
20:20:17  IMU방향:0.0
20:20:17  방향가속도크기:7.22
20:20:17  방향자이로크기:15.81
20:20:17  방향자세cos:0.5740
20:20:17  자기모델잔차:999.00
20:20:17  자기모델반경:0.000
20:20:17  방향채택:0
20:20:17  방향거부:16322
20:20:17  송신:1292
20:20:17  GPS위성:7
20:20:17  GPS_HDOP:1.23
20:20:17  원시위도:37.496488
20:20:17  원시경도:126.957645
20:20:17  GPS채택:545
20:20:17  GPS이상치거부:0
20:20:17  GPS품질거부:1
20:20:17  GPS재기준:0
20:20:17  RSSI원시:-68
20:20:17  RSSI평활:-67.3
20:20:17  RSSI샘플:2540
20:20:17  RSSI경과ms:5
20:20:17  차량수신:1264
20:20:17  시각ms:139576
20:20:17  IMU시각ms:139564
20:20:17  위험:1
20:20:17  GPS유효:1
20:20:17  위도:37.496487
20:20:17  경도:126.957649
20:20:17  속도:0.017
20:20:17  방향:0.0
20:20:17  GPS원시속도:0.000
20:20:17  GPS원시방향유효:1
20:20:17  GPS원시방향:193.1
20:20:17  가속도:-6.565,8.571,13.695
20:20:17  자이로:-1.550,11.763,-4.756
20:20:17  자력계:-40.500,54.900,14.850
20:20:17  IMU방향유효:0
20:20:17  IMU방향:0.0
20:20:17  방향가속도크기:17.44
20:20:17  방향자이로크기:12.78
20:20:17  방향자세cos:0.6681
20:20:17  자기모델잔차:999.00
20:20:17  자기모델반경:0.000
20:20:17  방향채택:0
20:20:17  방향거부:16334
20:20:17  송신:1293
20:20:17  GPS위성:7
20:20:17  GPS_HDOP:1.23
20:20:17  원시위도:37.496488
20:20:17  원시경도:126.957646
20:20:17  GPS채택:546
20:20:17  GPS이상치거부:0
20:20:17  GPS품질거부:1
20:20:17  GPS재기준:0
20:20:17  RSSI원시:-67
20:20:17  RSSI평활:-67.2
20:20:17  RSSI샘플:2541
20:20:17  RSSI경과ms:80
20:20:17  차량수신:1265
20:20:17  시각ms:139681
20:20:17  IMU시각ms:139669
20:20:17  위험:1
20:20:17  GPS유효:1
20:20:17  위도:37.496487
20:20:17  경도:126.957649
20:20:17  속도:0.017
20:20:17  방향:0.0
20:20:17  GPS원시속도:0.000
20:20:17  GPS원시방향유효:1
20:20:17  GPS원시방향:193.1
20:20:17  가속도:-0.508,0.091,7.326
20:20:17  자이로:-6.649,3.122,-3.985
20:20:17  자력계:-39.300,52.950,14.850
20:20:17  IMU방향유효:0
20:20:17  IMU방향:0.0
20:20:17  방향가속도크기:7.34
20:20:17  방향자이로크기:8.36
20:20:17  방향자세cos:0.5990
20:20:17  자기모델잔차:999.00
20:20:17  자기모델반경:0.000
20:20:17  방향채택:0
20:20:17  방향거부:16347
20:20:17  송신:1294
20:20:17  GPS위성:7
20:20:17  GPS_HDOP:1.23
20:20:17  원시위도:37.496488
20:20:17  원시경도:126.957646
20:20:17  GPS채택:546
20:20:17  GPS이상치거부:0
20:20:17  GPS품질거부:1
20:20:17  GPS재기준:0
20:20:17  RSSI원시:-68
20:20:17  RSSI평활:-67.3
20:20:17  RSSI샘플:2543
20:20:17  RSSI경과ms:82
20:20:17  차량수신:1266
20:20:17  시각ms:139786
20:20:17  IMU시각ms:139774
20:20:17  위험:1
20:20:17  GPS유효:1
20:20:17  위도:37.496487
20:20:17  경도:126.957649
20:20:17  속도:0.017
20:20:17  방향:0.0
20:20:17  GPS원시속도:0.015
20:20:17  GPS원시방향유효:1
20:20:17  GPS원시방향:193.1
20:20:17  가속도:-3.792,3.304,8.796
20:20:17  자이로:0.748,-5.924,1.779
20:20:17  자력계:-40.650,54.300,12.900
20:20:17  IMU방향유효:0
20:20:17  IMU방향:0.0
20:20:17  방향가속도크기:10.13
20:20:17  방향자이로크기:6.23
20:20:17  방향자세cos:0.4988
20:20:17  자기모델잔차:999.00
20:20:17  자기모델반경:0.000
20:20:17  방향채택:0
20:20:17  방향거부:16360
20:20:17  송신:1295
20:20:17  GPS위성:7
20:20:17  GPS_HDOP:1.23
20:20:17  원시위도:37.496488
20:20:17  원시경도:126.957646
20:20:17  GPS채택:547
20:20:17  GPS이상치거부:0
20:20:17  GPS품질거부:1
20:20:17  GPS재기준:0
20:20:17  RSSI원시:-67
20:20:17  RSSI평활:-67.4
20:20:17  RSSI샘플:2545
20:20:17  RSSI경과ms:79
20:20:17  차량수신:1267
20:20:17  시각ms:139891
20:20:18  IMU시각ms:139879
20:20:18  위험:1
20:20:18  GPS유효:1
20:20:18  위도:37.496487
20:20:18  경도:126.957649
20:20:18  속도:0.017
20:20:18  방향:0.0
20:20:18  GPS원시속도:0.015
20:20:18  GPS원시방향유효:1
20:20:18  GPS원시방향:193.1
20:20:18  가속도:-2.634,2.974,8.911
20:20:18  자이로:-0.695,0.221,0.061
20:20:18  자력계:-43.050,52.200,13.500
20:20:18  IMU방향유효:0
20:20:18  IMU방향:0.0
20:20:18  방향가속도크기:9.76
20:20:18  방향자이로크기:0.73
20:20:18  방향자세cos:0.5774
20:20:18  자기모델잔차:999.00
20:20:18  자기모델반경:0.000
20:20:18  방향채택:0
20:20:18  방향거부:16373
20:20:18  송신:1296
20:20:18  GPS위성:7
20:20:18  GPS_HDOP:1.23
20:20:18  원시위도:37.496488
20:20:18  원시경도:126.957646
20:20:18  GPS채택:547
20:20:18  GPS이상치거부:0
20:20:18  GPS품질거부:1
20:20:18  GPS재기준:0
20:20:18  RSSI원시:-67
20:20:18  RSSI평활:-67.2
20:20:18  RSSI샘플:2547
20:20:18  RSSI경과ms:82
20:20:18  차량수신:1268
20:20:18  시각ms:139996
20:20:18  IMU시각ms:139984
20:20:18  위험:1
20:20:18  GPS유효:1
20:20:18  위도:37.496487
20:20:18  경도:126.957649
20:20:18  속도:0.022
20:20:18  방향:0.0
20:20:18  GPS원시속도:0.031
20:20:18  GPS원시방향유효:1
20:20:18  GPS원시방향:193.1
20:20:18  가속도:-2.514,2.725,8.940
20:20:18  자이로:-2.420,1.664,2.779
20:20:18  자력계:-42.000,53.700,14.250
20:20:18  IMU방향유효:0
20:20:18  IMU방향:0.0
20:20:18  방향가속도크기:9.68
20:20:18  방향자이로크기:4.04
20:20:18  방향자세cos:0.5781
20:20:18  자기모델잔차:999.00
20:20:18  자기모델반경:0.000
20:20:18  방향채택:0
20:20:18  방향거부:16386
20:20:18  송신:1297
20:20:18  GPS위성:7
20:20:18  GPS_HDOP:1.23
20:20:18  원시위도:37.496487
20:20:18  원시경도:126.957646
20:20:18  GPS채택:548
20:20:18  GPS이상치거부:0
20:20:18  GPS품질거부:1
20:20:18  GPS재기준:0
20:20:18  RSSI원시:-67
20:20:18  RSSI평활:-67.3
20:20:18  RSSI샘플:2549
20:20:18  RSSI경과ms:82
20:20:18  차량수신:1269
20:20:18  시각ms:140206
20:20:18  IMU시각ms:140194
20:20:18  위험:1
20:20:18  GPS유효:1
20:20:18  위도:37.496487
20:20:18  경도:126.957649
20:20:18  속도:0.018
20:20:18  방향:0.0
20:20:18  GPS원시속도:0.010
20:20:18  GPS원시방향유효:1
20:20:18  GPS원시방향:193.1
20:20:18  가속도:-2.624,2.806,9.036
20:20:18  자이로:-0.519,2.969,-1.405
20:20:18  자력계:-42.900,53.100,13.650
20:20:18  IMU방향유효:0
20:20:18  IMU방향:0.0
20:20:18  방향가속도크기:9.82
20:20:18  방향자이로크기:3.33
20:20:18  방향자세cos:0.5737
20:20:18  자기모델잔차:999.00
20:20:18  자기모델반경:0.000
20:20:18  방향채택:0
20:20:18  방향거부:16412
20:20:18  송신:1299
20:20:18  GPS위성:7
20:20:18  GPS_HDOP:1.23
20:20:18  원시위도:37.496487
20:20:18  원시경도:126.957646
20:20:18  GPS채택:549
20:20:18  GPS이상치거부:0
20:20:18  GPS품질거부:1
20:20:18  GPS재기준:0
20:20:18  RSSI원시:-69
20:20:18  RSSI평활:-67.1
20:20:18  RSSI샘플:2553
20:20:18  RSSI경과ms:80
20:20:18  차량수신:1271
20:20:18  시각ms:140416
20:20:18  IMU시각ms:140404
20:20:18  위험:1
20:20:18  GPS유효:1
20:20:18  위도:37.496487
20:20:18  경도:126.957649
20:20:18  속도:0.013
20:20:18  방향:0.0
20:20:18  GPS원시속도:0.005
20:20:18  GPS원시방향유효:1
20:20:18  GPS원시방향:193.1
20:20:18  가속도:-2.423,2.734,8.839
20:20:18  자이로:-0.504,-1.298,-0.740
20:20:18  자력계:-42.750,53.400,13.800
20:20:18  IMU방향유효:0
20:20:18  IMU방향:0.0
20:20:18  방향가속도크기:9.56
20:20:18  방향자이로크기:1.58
20:20:18  방향자세cos:0.5843
20:20:18  자기모델잔차:999.00
20:20:18  자기모델반경:0.000
20:20:18  방향채택:0
20:20:18  방향거부:16438
20:20:18  송신:1301
20:20:18  GPS위성:7
20:20:18  GPS_HDOP:1.23
20:20:18  원시위도:37.496487
20:20:18  원시경도:126.957647
20:20:18  GPS채택:550
20:20:18  GPS이상치거부:0
20:20:18  GPS품질거부:1
20:20:18  GPS재기준:0
20:20:18  RSSI원시:-70
20:20:18  RSSI평활:-68.8
20:20:18  RSSI샘플:2557
20:20:18  RSSI경과ms:82
20:20:18  차량수신:1273
20:20:18  시각ms:140520
20:20:18  IMU시각ms:140508
20:20:18  위험:1
20:20:18  GPS유효:1
20:20:18  위도:37.496487
20:20:18  경도:126.957649
20:20:18  속도:0.013
20:20:18  방향:0.0
20:20:18  GPS원시속도:0.005
20:20:18  GPS원시방향유효:1
20:20:18  GPS원시방향:193.1
20:20:18  가속도:-2.591,2.835,9.055
20:20:18  자이로:-2.191,0.977,-2.947
20:20:18  자력계:-42.450,53.100,13.200
20:20:18  IMU방향유효:0
20:20:18  IMU방향:0.0
20:20:18  방향가속도크기:9.84
20:20:18  방향자이로크기:3.80
20:20:18  방향자세cos:0.5774
20:20:18  자기모델잔차:999.00
20:20:18  자기모델반경:0.000
20:20:18  방향채택:0
20:20:18  방향거부:16451
20:20:18  송신:1302
20:20:18  GPS위성:7
20:20:18  GPS_HDOP:1.23
20:20:18  원시위도:37.496487
20:20:18  원시경도:126.957647
20:20:18  GPS채택:550
20:20:18  GPS이상치거부:0
20:20:18  GPS품질거부:1
20:20:18  GPS재기준:0
20:20:18  RSSI원시:-68
20:20:18  RSSI평활:-68.7
20:20:18  RSSI샘플:2560
20:20:18  RSSI경과ms:0
20:20:18  차량수신:1274
20:20:18  시각ms:140625
20:20:18  IMU시각ms:140613
20:20:18  위험:1
20:20:18  GPS유효:1
20:20:18  위도:37.496487
20:20:18  경도:126.957649
20:20:18  속도:0.010
20:20:18  방향:0.0
20:20:18  GPS원시속도:0.005
20:20:18  GPS원시방향유효:1
20:20:18  GPS원시방향:193.1
20:20:18  가속도:-2.629,2.806,8.993
20:20:18  자이로:-0.137,-1.183,0.863
20:20:18  자력계:-43.200,52.050,13.950
20:20:18  IMU방향유효:0
20:20:18  IMU방향:0.0
20:20:18  방향가속도크기:9.78
20:20:18  방향자이로크기:1.47
20:20:18  방향자세cos:0.5729
20:20:18  자기모델잔차:999.00
20:20:18  자기모델반경:0.000
20:20:18  방향채택:0
20:20:18  방향거부:16464
20:20:18  송신:1303
20:20:18  GPS위성:7
20:20:18  GPS_HDOP:1.23
20:20:18  원시위도:37.496486
20:20:18  원시경도:126.957647
20:20:18  GPS채택:551
20:20:18  GPS이상치거부:0
20:20:18  GPS품질거부:1
20:20:18  GPS재기준:0
20:20:18  RSSI원시:-70
20:20:18  RSSI평활:-69.2
20:20:18  RSSI샘플:2562
20:20:18  RSSI경과ms:7
20:20:18  차량수신:1275
20:20:18  시각ms:140729
20:20:18  IMU시각ms:140717
20:20:18  위험:1
20:20:18  GPS유효:1
20:20:18  위도:37.496487
20:20:18  경도:126.957649
20:20:18  속도:0.010
20:20:18  방향:0.0
20:20:18  GPS원시속도:0.005
20:20:18  GPS원시방향유효:1
20:20:18  GPS원시방향:193.1
20:20:18  가속도:-2.543,2.753,8.978
20:20:18  자이로:-1.344,-0.084,-1.763
20:20:18  자력계:-42.450,52.050,13.650
20:20:18  IMU방향유효:0
20:20:18  IMU방향:0.0
20:20:18  방향가속도크기:9.73
20:20:18  방향자이로크기:2.22
20:20:18  방향자세cos:0.5774
20:20:18  자기모델잔차:999.00
20:20:18  자기모델반경:0.000
20:20:18  방향채택:0
20:20:18  방향거부:16477
20:20:18  송신:1304
20:20:18  GPS위성:7
20:20:18  GPS_HDOP:1.23
20:20:18  원시위도:37.496486
20:20:18  원시경도:126.957647
20:20:18  GPS채택:551
20:20:18  GPS이상치거부:0
20:20:18  GPS품질거부:1
20:20:18  GPS재기준:0
20:20:18  RSSI원시:-68
20:20:18  RSSI평활:-68.8
20:20:18  RSSI샘플:2564
20:20:18  RSSI경과ms:7
20:20:18  차량수신:1276
20:20:18  시각ms:140832
20:20:18  IMU시각ms:140820
20:20:18  위험:1
20:20:18  GPS유효:1
20:20:18  위도:37.496487
20:20:18  경도:126.957649
20:20:18  속도:0.009
20:20:18  방향:0.0
20:20:18  GPS원시속도:0.005
20:20:18  GPS원시방향유효:1
20:20:18  GPS원시방향:193.1
20:20:18  가속도:-2.638,2.792,8.806
20:20:18  자이로:-0.710,1.374,0.885
20:20:18  자력계:-43.500,54.450,14.550
20:20:18  IMU방향유효:0
20:20:18  IMU방향:0.0
20:20:18  방향가속도크기:9.61
20:20:18  방향자이로크기:1.78
20:20:18  방향자세cos:0.5695
20:20:18  자기모델잔차:999.00
20:20:18  자기모델반경:0.000
20:20:18  방향채택:0
20:20:18  방향거부:16489
20:20:18  송신:1305
20:20:18  GPS위성:7
20:20:18  GPS_HDOP:1.23
20:20:18  원시위도:37.496486
20:20:18  원시경도:126.957647
20:20:18  GPS채택:552
20:20:18  GPS이상치거부:0
20:20:18  GPS품질거부:1
20:20:18  GPS재기준:0
20:20:18  RSSI원시:-73
20:20:18  RSSI평활:-69.5
20:20:18  RSSI샘플:2566
20:20:18  RSSI경과ms:5
20:20:18  차량수신:1277
20:20:18  시각ms:140936
20:20:18  IMU시각ms:140924
20:20:18  위험:1
20:20:18  GPS유효:1
20:20:18  위도:37.496487
20:20:18  경도:126.957649
20:20:18  속도:0.009
20:20:18  방향:0.0
20:20:18  GPS원시속도:0.005
20:20:18  GPS원시방향유효:1
20:20:18  GPS원시방향:193.1
20:20:18  가속도:-2.658,2.940,8.916
20:20:18  자이로:-2.221,1.160,-0.855
20:20:18  자력계:-42.300,53.400,14.250
20:20:18  IMU방향유효:0
20:20:18  IMU방향:0.0
20:20:18  방향가속도크기:9.76
20:20:18  방향자이로크기:2.65
20:20:18  방향자세cos:0.5745
20:20:18  자기모델잔차:999.00
20:20:18  자기모델반경:0.000
20:20:18  방향채택:0
20:20:18  방향거부:16502
20:20:18  송신:1306
20:20:18  GPS위성:7
20:20:18  GPS_HDOP:1.23
20:20:18  원시위도:37.496486
20:20:18  원시경도:126.957647
20:20:18  GPS채택:552
20:20:18  GPS이상치거부:0
20:20:18  GPS품질거부:1
20:20:18  GPS재기준:0
20:20:18  RSSI원시:-70
20:20:18  RSSI평활:-70.5
20:20:18  RSSI샘플:2568
20:20:18  RSSI경과ms:4
20:20:18  차량수신:1278
20:20:19  시각ms:141039
20:20:19  IMU시각ms:141027
20:20:19  위험:1
20:20:19  GPS유효:1
20:20:19  위도:37.496487
20:20:19  경도:126.957649
20:20:19  속도:0.007
20:20:19  방향:0.0
20:20:19  GPS원시속도:0.005
20:20:19  GPS원시방향유효:1
20:20:19  GPS원시방향:193.1
20:20:19  가속도:-2.634,2.854,9.055
20:20:19  자이로:-1.000,0.489,1.183
20:20:19  자력계:-40.650,53.550,13.200
20:20:19  IMU방향유효:0
20:20:19  IMU방향:0.0
20:20:19  방향가속도크기:9.85
20:20:19  방향자이로크기:1.62
20:20:19  방향자세cos:0.5749
20:20:19  자기모델잔차:999.00
20:20:19  자기모델반경:0.000
20:20:19  방향채택:0
20:20:19  방향거부:16514
20:20:19  송신:1307
20:20:19  GPS위성:7
20:20:19  GPS_HDOP:1.23
20:20:19  원시위도:37.496485
20:20:19  원시경도:126.957647
20:20:19  GPS채택:553
20:20:19  GPS이상치거부:0
20:20:19  GPS품질거부:1
20:20:19  GPS재기준:0
20:20:19  RSSI원시:-85
20:20:19  RSSI평활:-74.3
20:20:19  RSSI샘플:2570
20:20:19  RSSI경과ms:1
20:20:19  차량수신:1279
20:20:19  시각ms:141141
20:20:19  IMU시각ms:141129
20:20:19  위험:1
20:20:19  GPS유효:1
20:20:19  위도:37.496487
20:20:19  경도:126.957649
20:20:19  속도:0.007
20:20:19  방향:0.0
20:20:19  GPS원시속도:0.005
20:20:19  GPS원시방향유효:1
20:20:19  GPS원시방향:193.1
20:20:19  가속도:-2.495,2.854,8.902
20:20:19  자이로:-1.664,0.389,0.420
20:20:19  자력계:-41.700,53.550,14.400
20:20:19  IMU방향유효:0
20:20:19  IMU방향:0.0
20:20:19  방향가속도크기:9.68
20:20:19  방향자이로크기:1.76
20:20:19  방향자세cos:0.5837
20:20:19  자기모델잔차:999.00
20:20:19  자기모델반경:0.000
20:20:19  방향채택:0
20:20:19  방향거부:16526
20:20:19  송신:1308
20:20:19  GPS위성:7
20:20:19  GPS_HDOP:1.23
20:20:19  원시위도:37.496485
20:20:19  원시경도:126.957647
20:20:19  GPS채택:553
20:20:19  GPS이상치거부:0
20:20:19  GPS품질거부:1
20:20:19  GPS재기준:0
20:20:19  RSSI원시:-72
20:20:19  RSSI평활:-73.8
20:20:19  RSSI샘플:2571
20:20:19  RSSI경과ms:70
20:20:19  차량수신:1280
20:20:19  시각ms:141246
20:20:19  IMU시각ms:141234
20:20:19  위험:1
20:20:19  GPS유효:1
20:20:19  위도:37.496487
20:20:19  경도:126.957649
20:20:19  속도:0.007
20:20:19  방향:0.0
20:20:19  GPS원시속도:0.005
20:20:19  GPS원시방향유효:1
20:20:19  GPS원시방향:193.1
20:20:19  가속도:-2.600,2.533,8.950
20:20:19  자이로:-0.351,0.489,-0.328
20:20:19  자력계:-41.400,55.500,13.950
20:20:19  IMU방향유효:0
20:20:19  IMU방향:0.0
20:20:19  방향가속도크기:9.66
20:20:19  방향자이로크기:0.69
20:20:19  방향자세cos:0.5647
20:20:19  자기모델잔차:999.00
20:20:19  자기모델반경:0.000
20:20:19  방향채택:0
20:20:19  방향거부:16539
20:20:19  송신:1309
20:20:19  GPS위성:7
20:20:19  GPS_HDOP:1.23
20:20:19  원시위도:37.496485
20:20:19  원시경도:126.957647
20:20:19  GPS채택:554
20:20:19  GPS이상치거부:0
20:20:19  GPS품질거부:1
20:20:19  GPS재기준:0
20:20:19  RSSI원시:-69
20:20:19  RSSI평활:-70.6
20:20:19  RSSI샘플:2574
20:20:19  RSSI경과ms:5
20:20:19  차량수신:1281
20:20:19  시각ms:141350
20:20:19  IMU시각ms:141338
20:20:19  위험:1
20:20:19  GPS유효:1
20:20:19  위도:37.496487
20:20:19  경도:126.957649
20:20:19  속도:0.010
20:20:19  방향:0.0
20:20:19  GPS원시속도:0.015
20:20:19  GPS원시방향유효:1
20:20:19  GPS원시방향:193.1
20:20:19  가속도:-1.393,2.184,7.762
20:20:19  자이로:1.885,-3.260,1.565
20:20:19  자력계:-41.250,54.150,14.250
20:20:19  IMU방향유효:0
20:20:19  IMU방향:0.0
20:20:19  방향가속도크기:8.18
20:20:19  방향자이로크기:4.08
20:20:19  방향자세cos:0.6385
20:20:19  자기모델잔차:999.00
20:20:19  자기모델반경:0.000
20:20:19  방향채택:0
20:20:19  방향거부:16552
20:20:19  송신:1310
20:20:19  GPS위성:7
20:20:19  GPS_HDOP:1.23
20:20:19  원시위도:37.496485
20:20:19  원시경도:126.957648
20:20:19  GPS채택:555
20:20:19  GPS이상치거부:0
20:20:19  GPS품질거부:1
20:20:19  GPS재기준:0
20:20:19  RSSI원시:-71
20:20:19  RSSI평활:-70.6
20:20:19  RSSI샘플:2576
20:20:19  RSSI경과ms:4
20:20:19  차량수신:1282
20:20:19  시각ms:141453
20:20:19  IMU시각ms:141441
20:20:19  위험:1
20:20:19  GPS유효:1
20:20:19  위도:37.496487
20:20:19  경도:126.957649
20:20:19  속도:0.010
20:20:19  방향:0.0
20:20:19  GPS원시속도:0.015
20:20:19  GPS원시방향유효:1
20:20:19  GPS원시방향:193.1
20:20:19  가속도:-5.617,6.986,12.134
20:20:19  자이로:-2.137,11.550,-1.328
20:20:19  자력계:-41.400,55.500,13.650
20:20:19  IMU방향유효:0
20:20:19  IMU방향:0.0
20:20:19  방향가속도크기:15.09
20:20:19  방향자이로크기:11.82
20:20:19  방향자세cos:0.7159
20:20:19  자기모델잔차:999.00
20:20:19  자기모델반경:0.000
20:20:19  방향채택:0
20:20:19  방향거부:16564
20:20:19  송신:1311
20:20:19  GPS위성:7
20:20:19  GPS_HDOP:1.23
20:20:19  원시위도:37.496485
20:20:19  원시경도:126.957648
20:20:19  GPS채택:555
20:20:19  GPS이상치거부:0
20:20:19  GPS품질거부:1
20:20:19  GPS재기준:0
20:20:19  RSSI원시:-65
20:20:19  RSSI평활:-69.9
20:20:19  RSSI샘플:2578
20:20:19  RSSI경과ms:8
20:20:19  차량수신:1283
20:20:19  시각ms:141555
20:20:19  IMU시각ms:141543
20:20:19  위험:1
20:20:19  GPS유효:1
20:20:19  위도:37.496487
20:20:19  경도:126.957649
20:20:19  속도:0.012
20:20:19  방향:0.0
20:20:19  GPS원시속도:0.015
20:20:19  GPS원시방향유효:1
20:20:19  GPS원시방향:193.1
20:20:19  가속도:0.345,-2.911,4.697
20:20:19  자이로:-5.130,-6.840,0.198
20:20:19  자력계:-41.250,54.450,15.300
20:20:19  IMU방향유효:0
20:20:19  IMU방향:0.0
20:20:19  방향가속도크기:5.54
20:20:19  방향자이로크기:8.55
20:20:19  방향자세cos:0.5785
20:20:19  자기모델잔차:999.00
20:20:19  자기모델반경:0.000
20:20:19  방향채택:0
20:20:19  방향거부:16576
20:20:19  송신:1312
20:20:19  GPS위성:7
20:20:19  GPS_HDOP:1.23
20:20:19  원시위도:37.496485
20:20:19  원시경도:126.957648
20:20:19  GPS채택:556
20:20:19  GPS이상치거부:0
20:20:19  GPS품질거부:1
20:20:19  GPS재기준:0
20:20:19  RSSI원시:-66
20:20:19  RSSI평활:-69.6
20:20:19  RSSI샘플:2580
20:20:19  RSSI경과ms:4
20:20:19  차량수신:1284
20:20:19  시각ms:141658
20:20:19  IMU시각ms:141646
20:20:19  위험:1
20:20:19  GPS유효:1
20:20:19  위도:37.496487
20:20:19  경도:126.957649
20:20:19  속도:0.012
20:20:19  방향:0.0
20:20:19  GPS원시속도:0.015
20:20:19  GPS원시방향유효:1
20:20:19  GPS원시방향:193.1
20:20:19  가속도:-0.158,-1.255,5.928
20:20:19  자이로:5.160,-9.359,5.198
20:20:19  자력계:-40.200,55.800,14.700
20:20:19  IMU방향유효:0
20:20:19  IMU방향:0.0
20:20:19  방향가속도크기:6.06
20:20:19  방향자이로크기:11.88
20:20:19  방향자세cos:0.6748
20:20:19  자기모델잔차:999.00
20:20:19  자기모델반경:0.000
20:20:19  방향채택:0
20:20:19  방향거부:16588
20:20:19  송신:1313
20:20:19  GPS위성:7
20:20:19  GPS_HDOP:1.23
20:20:19  원시위도:37.496485
20:20:19  원시경도:126.957648
20:20:19  GPS채택:556
20:20:19  GPS이상치거부:0
20:20:19  GPS품질거부:1
20:20:19  GPS재기준:0
20:20:19  RSSI원시:-71
20:20:19  RSSI평활:-70.1
20:20:19  RSSI샘플:2582
20:20:19  RSSI경과ms:2
20:20:19  차량수신:1285
20:20:19  시각ms:141761
20:20:19  IMU시각ms:141749
20:20:19  위험:1
20:20:19  GPS유효:1
20:20:19  위도:37.496483
20:20:19  경도:126.957649
20:20:19  속도:0.024
20:20:19  방향:0.0
20:20:19  GPS원시속도:0.046
20:20:19  GPS원시방향유효:1
20:20:19  GPS원시방향:193.1
20:20:19  가속도:1.480,0.479,6.397
20:20:19  자이로:1.450,-5.977,5.481
20:20:19  자력계:-42.150,53.550,14.400
20:20:19  IMU방향유효:0
20:20:19  IMU방향:0.0
20:20:19  방향가속도크기:6.58
20:20:19  방향자이로크기:8.24
20:20:19  방향자세cos:0.6200
20:20:19  자기모델잔차:999.00
20:20:19  자기모델반경:0.000
20:20:19  방향채택:0
20:20:19  방향거부:16600
20:20:19  송신:1314
20:20:19  GPS위성:7
20:20:19  GPS_HDOP:1.23
20:20:19  원시위도:37.496484
20:20:19  원시경도:126.957648
20:20:19  GPS채택:557
20:20:19  GPS이상치거부:0
20:20:19  GPS품질거부:1
20:20:19  GPS재기준:0
20:20:19  RSSI원시:-77
20:20:19  RSSI평활:-71.5
20:20:19  RSSI샘플:2584
20:20:19  RSSI경과ms:1
20:20:19  차량수신:1286
20:20:19  시각ms:141866
20:20:19  IMU시각ms:141854
20:20:19  위험:1
20:20:19  GPS유효:1
20:20:19  위도:37.496483
20:20:19  경도:126.957649
20:20:19  속도:0.024
20:20:19  방향:0.0
20:20:19  GPS원시속도:0.046
20:20:19  GPS원시방향유효:1
20:20:19  GPS원시방향:193.1
20:20:19  가속도:-2.389,2.763,8.705
20:20:19  자이로:-0.069,-2.565,-2.435
20:20:19  자력계:-41.550,52.950,14.550
20:20:19  IMU방향유효:0
20:20:19  IMU방향:0.0
20:20:19  방향가속도크기:9.44
20:20:19  방향자이로크기:3.54
20:20:19  방향자세cos:0.5866
20:20:19  자기모델잔차:999.00
20:20:19  자기모델반경:0.000
20:20:19  방향채택:0
20:20:19  방향거부:16613
20:20:19  송신:1315
20:20:19  GPS위성:7
20:20:19  GPS_HDOP:1.23
20:20:19  원시위도:37.496484
20:20:19  원시경도:126.957648
20:20:19  GPS채택:557
20:20:19  GPS이상치거부:0
20:20:19  GPS품질거부:1
20:20:19  GPS재기준:0
20:20:19  RSSI원시:-76
20:20:19  RSSI평활:-72.6
20:20:19  RSSI샘플:2586
20:20:19  RSSI경과ms:8
20:20:19  차량수신:1287
20:20:20  시각ms:141970
20:20:20  IMU시각ms:141958
20:20:20  위험:1
20:20:20  GPS유효:1
20:20:20  위도:37.496483
20:20:20  경도:126.957649
20:20:20  속도:0.028
20:20:20  방향:0.0
20:20:20  GPS원시속도:0.036
20:20:20  GPS원시방향유효:1
20:20:20  GPS원시방향:193.1
20:20:20  가속도:-2.466,2.753,9.045
20:20:20  자이로:0.168,-0.435,0.641
20:20:20  자력계:-42.300,53.400,13.500
20:20:20  IMU방향유효:0
20:20:20  IMU방향:0.0
20:20:20  방향가속도크기:9.77
20:20:20  방향자이로크기:0.79
20:20:20  방향자세cos:0.5838
20:20:20  자기모델잔차:999.00
20:20:20  자기모델반경:0.000
20:20:20  방향채택:0
20:20:20  방향거부:16626
20:20:20  송신:1316
20:20:20  GPS위성:7
20:20:20  GPS_HDOP:1.23
20:20:20  원시위도:37.496484
20:20:20  원시경도:126.957648
20:20:20  GPS채택:558
20:20:20  GPS이상치거부:0
20:20:20  GPS품질거부:1
20:20:20  GPS재기준:0
20:20:20  RSSI원시:-73
20:20:20  RSSI평활:-72.9
20:20:20  RSSI샘플:2588
20:20:20  RSSI경과ms:4
20:20:20  차량수신:1288
20:20:20  시각ms:142073
20:20:20  IMU시각ms:142061
20:20:20  위험:1
20:20:20  GPS유효:1
20:20:20  위도:37.496483
20:20:20  경도:126.957649
20:20:20  속도:0.028
20:20:20  방향:0.0
20:20:20  GPS원시속도:0.036
20:20:20  GPS원시방향유효:1
20:20:20  GPS원시방향:193.1
20:20:20  가속도:-2.667,2.662,9.045
20:20:20  자이로:0.740,1.580,1.550
20:20:20  자력계:-43.050,53.700,13.500
20:20:20  IMU방향유효:0
20:20:20  IMU방향:0.0
20:20:20  방향가속도크기:9.80
20:20:20  방향자이로크기:2.33
20:20:20  방향자세cos:0.5655
20:20:20  자기모델잔차:999.00
20:20:20  자기모델반경:0.000
20:20:20  방향채택:0
20:20:20  방향거부:16638
20:20:20  송신:1317
20:20:20  GPS위성:7
20:20:20  GPS_HDOP:1.23
20:20:20  원시위도:37.496484
20:20:20  원시경도:126.957648
20:20:20  GPS채택:558
20:20:20  GPS이상치거부:0
20:20:20  GPS품질거부:1
20:20:20  GPS재기준:0
20:20:20  RSSI원시:-74
20:20:20  RSSI평활:-73.1
20:20:20  RSSI샘플:2590
20:20:20  RSSI경과ms:2
20:20:20  차량수신:1289
20:20:20  시각ms:142176
20:20:20  IMU시각ms:142164
20:20:20  위험:1
20:20:20  GPS유효:1
20:20:20  위도:37.496483
20:20:20  경도:126.957649
20:20:20  속도:0.031
20:20:20  방향:0.0
20:20:20  GPS원시속도:0.036
20:20:20  GPS원시방향유효:1
20:20:20  GPS원시방향:193.1
20:20:20  가속도:-2.571,2.734,8.878
20:20:20  자이로:-2.863,2.985,-3.427
20:20:20  자력계:-42.450,54.000,12.150
20:20:20  IMU방향유효:0
20:20:20  IMU방향:0.0
20:20:20  방향가속도크기:9.64
20:20:20  방향자이로크기:5.37
20:20:20  방향자세cos:0.5734
20:20:20  자기모델잔차:999.00
20:20:20  자기모델반경:0.000
20:20:20  방향채택:0
20:20:20  방향거부:16650
20:20:20  송신:1318
20:20:20  GPS위성:7
20:20:20  GPS_HDOP:1.23
20:20:20  원시위도:37.496484
20:20:20  원시경도:126.957649
20:20:20  GPS채택:559
20:20:20  GPS이상치거부:0
20:20:20  GPS품질거부:1
20:20:20  GPS재기준:0
20:20:20  RSSI원시:-71
20:20:20  RSSI평활:-72.9
20:20:20  RSSI샘플:2592
20:20:20  RSSI경과ms:7
20:20:20  차량수신:1290
20:20:20  시각ms:142279
20:20:20  IMU시각ms:142267
20:20:20  위험:1
20:20:20  GPS유효:1
20:20:20  위도:37.496483
20:20:20  경도:126.957649
20:20:20  속도:0.031
20:20:20  방향:0.0
20:20:20  GPS원시속도:0.036
20:20:20  GPS원시방향유효:1
20:20:20  GPS원시방향:193.1
20:20:20  가속도:-2.519,2.887,9.079
20:20:20  자이로:-0.664,-1.321,0.382
20:20:20  자력계:-42.450,53.550,13.200
20:20:20  IMU방향유효:0
20:20:20  IMU방향:0.0
20:20:20  방향가속도크기:9.85
20:20:20  방향자이로크기:1.53
20:20:20  방향자세cos:0.5848
20:20:20  자기모델잔차:999.00
20:20:20  자기모델반경:0.000
20:20:20  방향채택:0
20:20:20  방향거부:16662
20:20:20  송신:1319
20:20:20  GPS위성:7
20:20:20  GPS_HDOP:1.23
20:20:20  원시위도:37.496484
20:20:20  원시경도:126.957649
20:20:20  GPS채택:559
20:20:20  GPS이상치거부:0
20:20:20  GPS품질거부:1
20:20:20  GPS재기준:0
20:20:20  RSSI원시:-72
20:20:20  RSSI평활:-72.5
20:20:20  RSSI샘플:2594
20:20:20  RSSI경과ms:2
20:20:20  차량수신:1291
20:20:20  시각ms:142382
20:20:20  IMU시각ms:142370
20:20:20  위험:1
20:20:20  GPS유효:1
20:20:20  위도:37.496483
20:20:20  경도:126.957649
20:20:20  속도:0.024
20:20:20  방향:0.0
20:20:20  GPS원시속도:0.010
20:20:20  GPS원시방향유효:1
20:20:20  GPS원시방향:193.1
20:20:20  가속도:-2.562,2.816,8.911
20:20:20  자이로:-1.389,-1.740,-1.527
20:20:20  자력계:-42.450,53.100,13.200
20:20:20  IMU방향유효:0
20:20:20  IMU방향:0.0
20:20:20  방향가속도크기:9.69
20:20:20  방향자이로크기:2.70
20:20:20  방향자세cos:0.5774
20:20:20  자기모델잔차:999.00
20:20:20  자기모델반경:0.000
20:20:20  방향채택:0
20:20:20  방향거부:16674
20:20:20  송신:1320
20:20:20  GPS위성:7
20:20:20  GPS_HDOP:1.23
20:20:20  원시위도:37.496483
20:20:20  원시경도:126.957649
20:20:20  GPS채택:560
20:20:20  GPS이상치거부:0
20:20:20  GPS품질거부:1
20:20:20  GPS재기준:0
20:20:20  RSSI원시:-68
20:20:20  RSSI평활:-71.6
20:20:20  RSSI샘플:2595
20:20:20  RSSI경과ms:48
20:20:20  차량수신:1292
20:20:20  시각ms:142487
20:20:20  IMU시각ms:142475
20:20:20  위험:1
20:20:20  GPS유효:1
20:20:20  위도:37.496483
20:20:20  경도:126.957649
20:20:20  속도:0.024
20:20:20  방향:0.0
20:20:20  GPS원시속도:0.010
20:20:20  GPS원시방향유효:1
20:20:20  GPS원시방향:193.1
20:20:20  가속도:-2.658,2.787,8.940
20:20:20  자이로:-2.718,-1.473,1.466
20:20:20  자력계:-41.700,54.750,13.950
20:20:20  IMU방향유효:0
20:20:20  IMU방향:0.0
20:20:20  방향가속도크기:9.73
20:20:20  방향자이로크기:3.42
20:20:20  방향자세cos:0.5694
20:20:20  자기모델잔차:999.00
20:20:20  자기모델반경:0.000
20:20:20  방향채택:0
20:20:20  방향거부:16687
20:20:20  송신:1321
20:20:20  GPS위성:7
20:20:20  GPS_HDOP:1.23
20:20:20  원시위도:37.496483
20:20:20  원시경도:126.957649
20:20:20  GPS채택:560
20:20:20  GPS이상치거부:0
20:20:20  GPS품질거부:1
20:20:20  GPS재기준:0
20:20:20  RSSI원시:-66
20:20:20  RSSI평활:-69.2
20:20:20  RSSI샘플:2598
20:20:20  RSSI경과ms:1
20:20:20  차량수신:1293
20:20:20  시각ms:142590
20:20:20  IMU시각ms:142578
20:20:20  위험:1
20:20:20  GPS유효:1
20:20:20  위도:37.496483
20:20:20  경도:126.957649
20:20:20  속도:0.024
20:20:20  방향:0.0
20:20:20  GPS원시속도:0.026
20:20:20  GPS원시방향유효:1
20:20:20  GPS원시방향:193.1
20:20:20  가속도:-2.523,2.796,8.892
20:20:20  자이로:-2.885,-2.084,-0.870
20:20:20  자력계:-41.700,54.300,13.650
20:20:20  IMU방향유효:0
20:20:20  IMU방향:0.0
20:20:20  방향가속도크기:9.66
20:20:20  방향자이로크기:3.66
20:20:20  방향자세cos:0.5794
20:20:20  자기모델잔차:999.00
20:20:20  자기모델반경:0.000
20:20:20  방향채택:0
20:20:20  방향거부:16699
20:20:20  송신:1322
20:20:20  GPS위성:7
20:20:20  GPS_HDOP:1.23
20:20:20  원시위도:37.496483
20:20:20  원시경도:126.957649
20:20:20  GPS채택:561
20:20:20  GPS이상치거부:0
20:20:20  GPS품질거부:1
20:20:20  GPS재기준:0
20:20:20  RSSI원시:-70
20:20:20  RSSI평활:-69.3
20:20:20  RSSI샘플:2600
20:20:20  RSSI경과ms:1
20:20:20  차량수신:1294
20:20:20  시각ms:142693
20:20:20  IMU시각ms:142681
20:20:20  위험:1
20:20:20  GPS유효:1
20:20:20  위도:37.496483
20:20:20  경도:126.957649
20:20:20  속도:0.024
20:20:20  방향:0.0
20:20:20  GPS원시속도:0.026
20:20:20  GPS원시방향유효:1
20:20:20  GPS원시방향:193.1
20:20:20  가속도:-2.476,2.696,8.983
20:20:20  자이로:0.534,-1.214,0.573
20:20:20  자력계:-42.300,54.450,14.250
20:20:20  IMU방향유효:0
20:20:20  IMU방향:0.0
20:20:20  방향가속도크기:9.70
20:20:20  방향자이로크기:1.44
20:20:20  방향자세cos:0.5804
20:20:20  자기모델잔차:999.00
20:20:20  자기모델반경:0.000
20:20:20  방향채택:0
20:20:20  방향거부:16711
20:20:20  송신:1323
20:20:20  GPS위성:7
20:20:20  GPS_HDOP:1.23
20:20:20  원시위도:37.496483
20:20:20  원시경도:126.957649
20:20:20  GPS채택:561
20:20:20  GPS이상치거부:0
20:20:20  GPS품질거부:1
20:20:20  GPS재기준:0
20:20:20  RSSI원시:-71
20:20:20  RSSI평활:-69.9
20:20:20  RSSI샘플:2602
20:20:20  RSSI경과ms:5
20:20:20  차량수신:1295
20:20:21  시각ms:143004
20:20:21  IMU시각ms:142992
20:20:21  위험:1
20:20:21  GPS유효:1
20:20:21  위도:37.496483
20:20:21  경도:126.957649
20:20:21  속도:0.023
20:20:21  방향:0.0
20:20:21  GPS원시속도:0.031
20:20:21  GPS원시방향유효:1
20:20:21  GPS원시방향:193.1
20:20:21  가속도:-2.509,2.744,8.868
20:20:21  자이로:-1.115,0.382,-2.412
20:20:21  자력계:-42.900,52.800,13.650
20:20:21  IMU방향유효:0
20:20:21  IMU방향:0.0
20:20:21  방향가속도크기:9.62
20:20:21  방향자이로크기:2.68
20:20:21  방향자세cos:0.5784
20:20:21  자기모델잔차:999.00
20:20:21  자기모델반경:0.000
20:20:21  방향채택:0
20:20:21  방향거부:16748
20:20:21  송신:1326
20:20:21  GPS위성:7
20:20:21  GPS_HDOP:1.23
20:20:21  원시위도:37.496483
20:20:21  원시경도:126.957649
20:20:21  GPS채택:563
20:20:21  GPS이상치거부:0
20:20:21  GPS품질거부:1
20:20:21  GPS재기준:0
20:20:21  RSSI원시:-74
20:20:21  RSSI평활:-71.1
20:20:21  RSSI샘플:2608
20:20:21  RSSI경과ms:3
20:20:21  차량수신:1298
20:20:21  시각ms:143210
20:20:21  IMU시각ms:143198
20:20:21  위험:1
20:20:21  GPS유효:1
20:20:21  위도:37.496483
20:20:21  경도:126.957649
20:20:21  속도:0.030
20:20:21  방향:0.0
20:20:21  GPS원시속도:0.041
20:20:21  GPS원시방향유효:1
20:20:21  GPS원시방향:193.1
20:20:21  가속도:-2.562,2.758,8.983
20:20:21  자이로:-0.321,-1.313,-1.389
20:20:21  자력계:-42.150,52.800,16.200
20:20:21  IMU방향유효:0
20:20:21  IMU방향:0.0
20:20:21  방향가속도크기:9.74
20:20:21  방향자이로크기:1.94
20:20:21  방향자세cos:0.5761
20:20:21  자기모델잔차:999.00
20:20:21  자기모델반경:0.000
20:20:21  방향채택:0
20:20:21  방향거부:16772
20:20:21  송신:1328
20:20:21  GPS위성:7
20:20:21  GPS_HDOP:1.23
20:20:21  원시위도:37.496482
20:20:21  원시경도:126.957650
20:20:21  GPS채택:564
20:20:21  GPS이상치거부:0
20:20:21  GPS품질거부:1
20:20:21  GPS재기준:0
20:20:21  RSSI원시:-70
20:20:21  RSSI평활:-71.9
20:20:21  RSSI샘플:2612
20:20:21  RSSI경과ms:5
20:20:21  차량수신:1300
20:20:21  시각ms:143313
20:20:21  IMU시각ms:143301
20:20:21  위험:1
20:20:21  GPS유효:1
20:20:21  위도:37.496483
20:20:21  경도:126.957649
20:20:21  속도:0.030
20:20:21  방향:0.0
20:20:21  GPS원시속도:0.041
20:20:21  GPS원시방향유효:1
20:20:21  GPS원시방향:193.1
20:20:21  가속도:-2.155,2.648,8.370
20:20:21  자이로:-0.656,-0.420,-2.366
20:20:21  자력계:-39.900,55.500,13.950
20:20:21  IMU방향유효:0
20:20:21  IMU방향:0.0
20:20:21  방향가속도크기:9.04
20:20:21  방향자이로크기:2.49
20:20:21  방향자세cos:0.5978
20:20:21  자기모델잔차:999.00
20:20:21  자기모델반경:0.000
20:20:21  방향채택:0
20:20:21  방향거부:16784
20:20:21  송신:1329
20:20:21  GPS위성:7
20:20:21  GPS_HDOP:1.23
20:20:21  원시위도:37.496482
20:20:21  원시경도:126.957650
20:20:21  GPS채택:564
20:20:21  GPS이상치거부:0
20:20:21  GPS품질거부:1
20:20:21  GPS재기준:0
20:20:21  RSSI원시:-71
20:20:21  RSSI평활:-72.2
20:20:21  RSSI샘플:2614
20:20:21  RSSI경과ms:8
20:20:21  차량수신:1301
20:20:21  시각ms:143416
20:20:21  IMU시각ms:143404
20:20:21  위험:1
20:20:21  GPS유효:1
20:20:21  위도:37.496483
20:20:21  경도:126.957649
20:20:21  속도:0.055
20:20:21  방향:0.0
20:20:21  GPS원시속도:0.103
20:20:21  GPS원시방향유효:1
20:20:21  GPS원시방향:193.1
20:20:21  가속도:-4.535,4.185,10.113
20:20:21  자이로:0.450,-16.550,3.656
20:20:21  자력계:-40.500,54.150,14.850
20:20:21  IMU방향유효:0
20:20:21  IMU방향:0.0
20:20:21  방향가속도크기:11.85
20:20:21  방향자이로크기:16.95
20:20:21  방향자세cos:0.4985
20:20:21  자기모델잔차:999.00
20:20:21  자기모델반경:0.000
20:20:21  방향채택:0
20:20:21  방향거부:16796
20:20:21  송신:1330
20:20:21  GPS위성:7
20:20:21  GPS_HDOP:1.23
20:20:21  원시위도:37.496482
20:20:21  원시경도:126.957650
20:20:21  GPS채택:565
20:20:21  GPS이상치거부:0
20:20:21  GPS품질거부:1
20:20:21  GPS재기준:0
20:20:21  RSSI원시:-75
20:20:21  RSSI평활:-71.9
20:20:21  RSSI샘플:2616
20:20:21  RSSI경과ms:2
20:20:21  차량수신:1302
20:20:21  시각ms:143624
20:20:21  IMU시각ms:143612
20:20:21  위험:1
20:20:21  GPS유효:1
20:20:21  위도:37.496483
20:20:21  경도:126.957649
20:20:21  속도:0.061
20:20:21  방향:0.0
20:20:21  GPS원시속도:0.072
20:20:21  GPS원시방향유효:1
20:20:21  GPS원시방향:193.1
20:20:21  가속도:-6.919,7.345,13.795
20:20:21  자이로:2.351,6.328,-0.542
20:20:21  자력계:-41.250,55.650,14.850
20:20:21  IMU방향유효:0
20:20:21  IMU방향:0.0
20:20:21  방향가속도크기:17.09
20:20:21  방향자이로크기:6.77
20:20:21  방향자세cos:0.5998
20:20:21  자기모델잔차:999.00
20:20:21  자기모델반경:0.000
20:20:21  방향채택:0
20:20:21  방향거부:16821
20:20:21  송신:1332
20:20:21  GPS위성:7
20:20:21  GPS_HDOP:1.23
20:20:21  원시위도:37.496482
20:20:21  원시경도:126.957650
20:20:21  GPS채택:566
20:20:21  GPS이상치거부:0
20:20:21  GPS품질거부:1
20:20:21  GPS재기준:0
20:20:21  RSSI원시:-75
20:20:21  RSSI평활:-72.3
20:20:21  RSSI샘플:2620
20:20:21  RSSI경과ms:1
20:20:21  차량수신:1304
20:20:21  시각ms:143727
20:20:21  IMU시각ms:143715
20:20:21  위험:1
20:20:21  GPS유효:1
20:20:21  위도:37.496483
20:20:21  경도:126.957649
20:20:21  속도:0.061
20:20:21  방향:0.0
20:20:21  GPS원시속도:0.072
20:20:21  GPS원시방향유효:1
20:20:21  GPS원시방향:193.1
20:20:21  가속도:-6.340,8.140,14.356
20:20:21  자이로:-1.092,13.748,-2.847
20:20:21  자력계:-42.000,55.350,15.300
20:20:21  IMU방향유효:0
20:20:21  IMU방향:0.0
20:20:21  방향가속도크기:17.68
20:20:21  방향자이로크기:14.08
20:20:21  방향자세cos:0.6298
20:20:21  자기모델잔차:999.00
20:20:21  자기모델반경:0.000
20:20:21  방향채택:0
20:20:21  방향거부:16833
20:20:21  송신:1333
20:20:21  GPS위성:7
20:20:21  GPS_HDOP:1.23
20:20:21  원시위도:37.496482
20:20:21  원시경도:126.957650
20:20:21  GPS채택:566
20:20:21  GPS이상치거부:0
20:20:21  GPS품질거부:1
20:20:21  GPS재기준:0
20:20:21  RSSI원시:-76
20:20:21  RSSI평활:-73.0
20:20:21  RSSI샘플:2621
20:20:21  RSSI경과ms:71
20:20:21  차량수신:1305
20:20:21  시각ms:143832
20:20:21  IMU시각ms:143820
20:20:21  위험:1
20:20:21  GPS유효:1
20:20:21  위도:37.496483
20:20:21  경도:126.957649
20:20:21  속도:0.060
20:20:21  방향:0.0
20:20:21  GPS원시속도:0.057
20:20:21  GPS원시방향유효:1
20:20:21  GPS원시방향:193.1
20:20:21  가속도:-3.117,2.595,9.256
20:20:21  자이로:-3.824,-0.626,-0.893
20:20:21  자력계:-41.700,54.000,13.950
20:20:21  IMU방향유효:0
20:20:21  IMU방향:0.0
20:20:21  방향가속도크기:10.11
20:20:21  방향자이로크기:3.98
20:20:21  방향자세cos:0.5322
20:20:21  자기모델잔차:999.00
20:20:21  자기모델반경:0.000
20:20:21  방향채택:0
20:20:21  방향거부:16846
20:20:21  송신:1334
20:20:21  GPS위성:7
20:20:21  GPS_HDOP:1.23
20:20:21  원시위도:37.496482
20:20:21  원시경도:126.957650
20:20:21  GPS채택:567
20:20:21  GPS이상치거부:0
20:20:21  GPS품질거부:1
20:20:21  GPS재기준:0
20:20:21  RSSI원시:-76
20:20:21  RSSI평활:-73.6
20:20:21  RSSI샘플:2623
20:20:21  RSSI경과ms:2
20:20:21  차량수신:1306
20:20:22  시각ms:143936
20:20:22  IMU시각ms:143924
20:20:22  위험:1
20:20:22  GPS유효:1
20:20:22  위도:37.496483
20:20:22  경도:126.957649
20:20:22  속도:0.060
20:20:22  방향:0.0
20:20:22  GPS원시속도:0.057
20:20:22  GPS원시방향유효:1
20:20:22  GPS원시방향:193.1
20:20:22  가속도:-2.413,2.887,8.485
20:20:22  자이로:1.038,-0.221,0.603
20:20:22  자력계:-40.950,54.750,13.950
20:20:22  IMU방향유효:0
20:20:22  IMU방향:0.0
20:20:22  방향가속도크기:9.28
20:20:22  방향자이로크기:1.22
20:20:22  방향자세cos:0.5869
20:20:22  자기모델잔차:999.00
20:20:22  자기모델반경:0.000
20:20:22  방향채택:0
20:20:22  방향거부:16859
20:20:22  송신:1335
20:20:22  GPS위성:7
20:20:22  GPS_HDOP:1.23
20:20:22  원시위도:37.496482
20:20:22  원시경도:126.957650
20:20:22  GPS채택:567
20:20:22  GPS이상치거부:0
20:20:22  GPS품질거부:1
20:20:22  GPS재기준:0
20:20:22  RSSI원시:-81
20:20:22  RSSI평활:-75.5
20:20:22  RSSI샘플:2625
20:20:22  RSSI경과ms:3
20:20:22  차량수신:1307
20:20:22  시각ms:144039
20:20:22  IMU시각ms:144027
20:20:22  위험:1
20:20:22  GPS유효:1
20:20:22  위도:37.496483
20:20:22  경도:126.957649
20:20:22  속도:0.044
20:20:22  방향:0.0
20:20:22  GPS원시속도:0.015
20:20:22  GPS원시방향유효:1
20:20:22  GPS원시방향:193.1
20:20:22  가속도:-2.605,2.801,8.926
20:20:22  자이로:-0.634,0.550,2.359
20:20:22  자력계:-41.550,53.400,14.250
20:20:22  IMU방향유효:0
20:20:22  IMU방향:0.0
20:20:22  방향가속도크기:9.71
20:20:22  방향자이로크기:2.50
20:20:22  방향자세cos:0.5738
20:20:22  자기모델잔차:999.00
20:20:22  자기모델반경:0.000
20:20:22  방향채택:0
20:20:22  방향거부:16871
20:20:22  송신:1336
20:20:22  GPS위성:7
20:20:22  GPS_HDOP:1.23
20:20:22  원시위도:37.496482
20:20:22  원시경도:126.957650
20:20:22  GPS채택:568
20:20:22  GPS이상치거부:0
20:20:22  GPS품질거부:1
20:20:22  GPS재기준:0
20:20:22  RSSI원시:-80
20:20:22  RSSI평활:-76.4
20:20:22  RSSI샘플:2626
20:20:22  RSSI경과ms:86
20:20:22  차량수신:1308
20:20:22  시각ms:144143
20:20:22  IMU시각ms:144131
20:20:22  위험:1
20:20:22  GPS유효:1
20:20:22  위도:37.496483
20:20:22  경도:126.957649
20:20:22  속도:0.044
20:20:22  방향:0.0
20:20:22  GPS원시속도:0.015
20:20:22  GPS원시방향유효:1
20:20:22  GPS원시방향:193.1
20:20:22  가속도:-2.528,2.916,8.978
20:20:22  자이로:-2.481,-1.374,-0.076
20:20:22  자력계:-41.700,54.300,14.400
20:20:22  IMU방향유효:0
20:20:22  IMU방향:0.0
20:20:22  방향가속도크기:9.77
20:20:22  방향자이로크기:2.84
20:20:22  방향자세cos:0.5841
20:20:22  자기모델잔차:999.00
20:20:22  자기모델반경:0.000
20:20:22  방향채택:0
20:20:22  방향거부:16884
20:20:22  송신:1337
20:20:22  GPS위성:7
20:20:22  GPS_HDOP:1.23
20:20:22  원시위도:37.496482
20:20:22  원시경도:126.957650
20:20:22  GPS채택:568
20:20:22  GPS이상치거부:0
20:20:22  GPS품질거부:1
20:20:22  GPS재기준:0
20:20:22  RSSI원시:-67
20:20:22  RSSI평활:-73.2
20:20:22  RSSI샘플:2628
20:20:22  RSSI경과ms:84
20:20:22  차량수신:1309
20:20:22  시각ms:144248
20:20:22  IMU시각ms:144236
20:20:22  위험:1
20:20:22  GPS유효:1
20:20:22  위도:37.496483
20:20:22  경도:126.957649
20:20:22  속도:0.034
20:20:22  방향:0.0
20:20:22  GPS원시속도:0.015
20:20:22  GPS원시방향유효:1
20:20:22  GPS원시방향:193.1
20:20:22  가속도:-2.749,2.811,8.940
20:20:22  자이로:0.626,-1.511,0.718
20:20:22  자력계:-41.250,53.400,13.500
20:20:22  IMU방향유효:0
20:20:22  IMU방향:0.0
20:20:22  방향가속도크기:9.77
20:20:22  방향자이로크기:1.79
20:20:22  방향자세cos:0.5634
20:20:22  자기모델잔차:999.00
20:20:22  자기모델반경:0.000
20:20:22  방향채택:0
20:20:22  방향거부:16897
20:20:22  송신:1338
20:20:22  GPS위성:7
20:20:22  GPS_HDOP:1.23
20:20:22  원시위도:37.496481
20:20:22  원시경도:126.957650
20:20:22  GPS채택:569
20:20:22  GPS이상치거부:0
20:20:22  GPS품질거부:1
20:20:22  GPS재기준:0
20:20:22  RSSI원시:-69
20:20:22  RSSI평활:-71.8
20:20:22  RSSI샘플:2630
20:20:22  RSSI경과ms:88
20:20:22  차량수신:1310
20:20:22  시각ms:144352
20:20:22  IMU시각ms:144340
20:20:22  위험:1
20:20:22  GPS유효:1
20:20:22  위도:37.496483
20:20:22  경도:126.957649
20:20:22  속도:0.038
20:20:22  방향:0.0
20:20:22  GPS원시속도:0.046
20:20:22  GPS원시방향유효:1
20:20:22  GPS원시방향:193.1
20:20:22  가속도:-2.629,2.820,8.873
20:20:22  자이로:-1.824,-0.359,-3.115
20:20:22  자력계:-40.650,54.300,13.650
20:20:22  IMU방향유효:0
20:20:22  IMU방향:0.0
20:20:22  방향가속도크기:9.67
20:20:22  방향자이로크기:3.63
20:20:22  방향자세cos:0.5721
20:20:22  자기모델잔차:999.00
20:20:22  자기모델반경:0.000
20:20:22  방향채택:0
20:20:22  방향거부:16910
20:20:22  송신:1339
20:20:22  GPS위성:7
20:20:22  GPS_HDOP:1.23
20:20:22  원시위도:37.496481
20:20:22  원시경도:126.957650
20:20:22  GPS채택:570
20:20:22  GPS이상치거부:0
20:20:22  GPS품질거부:1
20:20:22  GPS재기준:0
20:20:22  RSSI원시:-67
20:20:22  RSSI평활:-69.1
20:20:22  RSSI샘플:2633
20:20:22  RSSI경과ms:8
20:20:22  차량수신:1311
20:20:22  시각ms:144455
20:20:22  IMU시각ms:144443
20:20:22  위험:0
20:20:22  GPS유효:1
20:20:22  위도:37.496483
20:20:22  경도:126.957649
20:20:22  속도:0.038
20:20:22  방향:0.0
20:20:22  GPS원시속도:0.046
20:20:22  GPS원시방향유효:1
20:20:22  GPS원시방향:193.1
20:20:22  가속도:-2.538,2.931,9.026
20:20:22  자이로:-0.519,0.015,0.710
20:20:22  자력계:-43.650,52.350,14.400
20:20:22  IMU방향유효:0
20:20:22  IMU방향:0.0
20:20:22  방향가속도크기:9.82
20:20:22  방향자이로크기:0.88
20:20:22  방향자세cos:0.5844
20:20:22  자기모델잔차:999.00
20:20:22  자기모델반경:0.000
20:20:22  방향채택:0
20:20:22  방향거부:16922
20:20:22  송신:1340
20:20:22  GPS위성:7
20:20:22  GPS_HDOP:1.23
20:20:22  원시위도:37.496481
20:20:22  원시경도:126.957650
20:20:22  GPS채택:570
20:20:22  GPS이상치거부:0
20:20:22  GPS품질거부:1
20:20:22  GPS재기준:0
20:20:22  RSSI원시:-64
20:20:22  RSSI평활:-68.0
20:20:22  RSSI샘플:2634
20:20:22  RSSI경과ms:88
20:20:22  차량수신:1312
20:20:22  시각ms:144556
20:20:22  IMU시각ms:144544
20:20:22  위험:0
20:20:22  GPS유효:1
20:20:22  위도:37.496483
20:20:22  경도:126.957649
20:20:22  속도:0.030
20:20:22  방향:0.0
20:20:22  GPS원시속도:0.015
20:20:22  GPS원시방향유효:1
20:20:22  GPS원시방향:193.1
20:20:22  가속도:-2.576,2.887,8.950
20:20:22  자이로:-0.420,0.076,0.695
20:20:22  자력계:-41.550,52.950,14.250
20:20:22  IMU방향유효:0
20:20:22  IMU방향:0.0
20:20:22  방향가속도크기:9.75
20:20:22  방향자이로크기:0.82
20:20:22  방향자세cos:0.5792
20:20:22  자기모델잔차:999.00
20:20:22  자기모델반경:0.000
20:20:22  방향채택:0
20:20:22  방향거부:16933
20:20:22  송신:1341
20:20:22  GPS위성:7
20:20:22  GPS_HDOP:1.23
20:20:22  원시위도:37.496481
20:20:22  원시경도:126.957650
20:20:22  GPS채택:571
20:20:22  GPS이상치거부:0
20:20:22  GPS품질거부:1
20:20:22  GPS재기준:0
20:20:22  RSSI원시:-69
20:20:22  RSSI평활:-71.4
20:20:22  RSSI샘플:2637
20:20:22  RSSI경과ms:1
20:20:22  차량수신:1313
20:20:22  시각ms:144659
20:20:22  IMU시각ms:144647
20:20:22  위험:0
20:20:22  GPS유효:1
20:20:22  위도:37.496483
20:20:22  경도:126.957649
20:20:22  속도:0.030
20:20:22  방향:0.0
20:20:22  GPS원시속도:0.015
20:20:22  GPS원시방향유효:1
20:20:22  GPS원시방향:193.1
20:20:22  가속도:-2.504,2.744,9.098
20:20:22  자이로:-2.351,0.832,-1.580
20:20:22  자력계:-41.550,52.950,13.800
20:20:22  IMU방향유효:0
20:20:22  IMU방향:0.0
20:20:22  방향가속도크기:9.83
20:20:22  방향자이로크기:2.95
20:20:22  방향자세cos:0.5811
20:20:22  자기모델잔차:999.00
20:20:22  자기모델반경:0.000
20:20:22  방향채택:0
20:20:22  방향거부:16945
20:20:22  송신:1342
20:20:22  GPS위성:7
20:20:22  GPS_HDOP:1.23
20:20:22  원시위도:37.496481
20:20:22  원시경도:126.957650
20:20:22  GPS채택:571
20:20:22  GPS이상치거부:0
20:20:22  GPS품질거부:1
20:20:22  GPS재기준:0
20:20:22  RSSI원시:-67
20:20:22  RSSI평활:-69.9
20:20:22  RSSI샘플:2639
20:20:22  RSSI경과ms:3
20:20:22  차량수신:1314
20:20:22  시각ms:144866
20:20:22  IMU시각ms:144854
20:20:22  위험:0
20:20:22  GPS유효:1
20:20:22  위도:37.496483
20:20:22  경도:126.957649
20:20:22  속도:0.029
20:20:22  방향:0.0
20:20:22  GPS원시속도:0.026
20:20:22  GPS원시방향유효:1
20:20:22  GPS원시방향:193.1
20:20:22  가속도:-2.643,2.787,9.117
20:20:22  자이로:0.328,-0.710,-0.130
20:20:22  자력계:-41.250,55.650,13.500
20:20:22  IMU방향유효:0
20:20:22  IMU방향:0.0
20:20:22  방향가속도크기:9.89
20:20:22  방향자이로크기:0.79
20:20:22  방향자세cos:0.5725
20:20:22  자기모델잔차:999.00
20:20:22  자기모델반경:0.000
20:20:22  방향채택:0
20:20:22  방향거부:16970
20:20:22  송신:1344
20:20:22  GPS위성:7
20:20:22  GPS_HDOP:1.23
20:20:22  원시위도:37.496481
20:20:22  원시경도:126.957651
20:20:22  GPS채택:572
20:20:22  GPS이상치거부:0
20:20:22  GPS품질거부:1
20:20:22  GPS재기준:0
20:20:22  RSSI원시:-77
20:20:22  RSSI평활:-72.0
20:20:22  RSSI샘플:2642
20:20:22  RSSI경과ms:90
20:20:22  차량수신:1316
20:20:23  시각ms:144970
20:20:23  IMU시각ms:144958
20:20:23  위험:0
20:20:23  GPS유효:1
20:20:23  위도:37.496483
20:20:23  경도:126.957649
20:20:23  속도:0.029
20:20:23  방향:0.0
20:20:23  GPS원시속도:0.031
20:20:23  GPS원시방향유효:1
20:20:23  GPS원시방향:193.1
20:20:23  가속도:-2.758,2.820,8.978
20:20:23  자이로:0.595,-3.779,0.824
20:20:23  자력계:-40.500,53.700,13.500
20:20:23  IMU방향유효:0
20:20:23  IMU방향:0.0
20:20:23  방향가속도크기:9.81
20:20:23  방향자이로크기:3.91
20:20:23  방향자세cos:0.5635
20:20:23  자기모델잔차:999.00
20:20:23  자기모델반경:0.000
20:20:23  방향채택:0
20:20:23  방향거부:16983
20:20:23  송신:1345
20:20:23  GPS위성:7
20:20:23  GPS_HDOP:1.23
20:20:23  원시위도:37.496481
20:20:23  원시경도:126.957651
20:20:23  GPS채택:573
20:20:23  GPS이상치거부:0
20:20:23  GPS품질거부:1
20:20:23  GPS재기준:0
20:20:23  RSSI원시:-68
20:20:23  RSSI평활:-69.4
20:20:23  RSSI샘플:2645
20:20:23  RSSI경과ms:4
20:20:23  차량수신:1317
20:20:23  시각ms:145073
20:20:23  IMU시각ms:145061
20:20:23  위험:0
20:20:23  GPS유효:1
20:20:23  위도:37.496483
20:20:23  경도:126.957649
20:20:23  속도:0.029
20:20:23  방향:0.0
20:20:23  GPS원시속도:0.031
20:20:23  GPS원시방향유효:1
20:20:23  GPS원시방향:193.1
20:20:23  가속도:-2.677,2.782,8.916
20:20:23  자이로:0.023,0.855,-0.389
20:20:23  자력계:-41.250,54.450,13.800
20:20:23  IMU방향유효:0
20:20:23  IMU방향:0.0
20:20:23  방향가속도크기:9.72
20:20:23  방향자이로크기:0.94
20:20:23  방향자세cos:0.5675
20:20:23  자기모델잔차:999.00
20:20:23  자기모델반경:0.000
20:20:23  방향채택:0
20:20:23  방향거부:16995
20:20:23  송신:1346
20:20:23  GPS위성:7
20:20:23  GPS_HDOP:1.23
20:20:23  원시위도:37.496481
20:20:23  원시경도:126.957651
20:20:23  GPS채택:573
20:20:23  GPS이상치거부:0
20:20:23  GPS품질거부:1
20:20:23  GPS재기준:0
20:20:23  RSSI원시:-77
20:20:23  RSSI평활:-70.9
20:20:23  RSSI샘플:2647
20:20:23  RSSI경과ms:0
20:20:23  차량수신:1318
20:20:23  시각ms:145177
20:20:23  IMU시각ms:145165
20:20:23  위험:0
20:20:23  GPS유효:1
20:20:23  위도:37.496479
20:20:23  경도:126.957649
20:20:23  속도:0.039
20:20:23  방향:0.0
20:20:23  GPS원시속도:0.057
20:20:23  GPS원시방향유효:1
20:20:23  GPS원시방향:193.1
20:20:23  가속도:-2.624,2.763,8.954
20:20:23  자이로:-1.756,-0.832,-2.511
20:20:23  자력계:-43.500,54.450,13.050
20:20:23  IMU방향유효:0
20:20:23  IMU방향:0.0
20:20:23  방향가속도크기:9.73
20:20:23  방향자이로크기:3.18
20:20:23  방향자세cos:0.5713
20:20:23  자기모델잔차:999.00
20:20:23  자기모델반경:0.000
20:20:23  방향채택:0
20:20:23  방향거부:17008
20:20:23  송신:1347
20:20:23  GPS위성:7
20:20:23  GPS_HDOP:1.23
20:20:23  원시위도:37.496481
20:20:23  원시경도:126.957651
20:20:23  GPS채택:574
20:20:23  GPS이상치거부:0
20:20:23  GPS품질거부:1
20:20:23  GPS재기준:0
20:20:23  RSSI원시:-62
20:20:23  RSSI평활:-70.4
20:20:23  RSSI샘플:2649
20:20:23  RSSI경과ms:0
20:20:23  차량수신:1319
20:20:23  시각ms:145282
20:20:23  IMU시각ms:145270
20:20:23  위험:0
20:20:23  GPS유효:1
20:20:23  위도:37.496479
20:20:23  경도:126.957649
20:20:23  속도:0.039
20:20:23  방향:0.0
20:20:23  GPS원시속도:0.057
20:20:23  GPS원시방향유효:1
20:20:23  GPS원시방향:193.1
20:20:23  가속도:-2.662,2.729,8.964
20:20:23  자이로:-1.511,-0.695,-0.588
20:20:23  자력계:-43.050,55.350,13.050
20:20:23  IMU방향유효:0
20:20:23  IMU방향:0.0
20:20:23  방향가속도크기:9.74
20:20:23  방향자이로크기:1.76
20:20:23  방향자세cos:0.5673
20:20:23  자기모델잔차:999.00
20:20:23  자기모델반경:0.000
20:20:23  방향채택:0
20:20:23  방향거부:17021
20:20:23  송신:1348
20:20:23  GPS위성:7
20:20:23  GPS_HDOP:1.23
20:20:23  원시위도:37.496481
20:20:23  원시경도:126.957651
20:20:23  GPS채택:574
20:20:23  GPS이상치거부:0
20:20:23  GPS품질거부:1
20:20:23  GPS재기준:0
20:20:23  RSSI원시:-66
20:20:23  RSSI평활:-68.3
20:20:23  RSSI샘플:2651
20:20:23  RSSI경과ms:1
20:20:23  차량수신:1320
20:20:23  시각ms:145385
20:20:23  IMU시각ms:145373
20:20:23  위험:0
20:20:23  GPS유효:1
20:20:23  위도:37.496479
20:20:23  경도:126.957649
20:20:23  속도:0.040
20:20:23  방향:0.0
20:20:23  GPS원시속도:0.041
20:20:23  GPS원시방향유효:1
20:20:23  GPS원시방향:193.1
20:20:23  가속도:-2.504,2.868,9.093
20:20:23  자이로:-0.588,-1.061,1.313
20:20:23  자력계:-41.700,54.000,13.200
20:20:23  IMU방향유효:0
20:20:23  IMU방향:0.0
20:20:23  방향가속도크기:9.86
20:20:23  방향자이로크기:1.79
20:20:23  방향자세cos:0.5854
20:20:23  자기모델잔차:999.00
20:20:23  자기모델반경:0.000
20:20:23  방향채택:0
20:20:23  방향거부:17033
20:20:23  송신:1349
20:20:23  GPS위성:7
20:20:23  GPS_HDOP:1.23
20:20:23  원시위도:37.496481
20:20:23  원시경도:126.957652
20:20:23  GPS채택:575
20:20:23  GPS이상치거부:0
20:20:23  GPS품질거부:1
20:20:23  GPS재기준:0
20:20:23  RSSI원시:-70
20:20:23  RSSI평활:-68.3
20:20:23  RSSI샘플:2653
20:20:23  RSSI경과ms:7
20:20:23  차량수신:1321
20:20:23  시각ms:145591
20:20:23  IMU시각ms:145579
20:20:23  위험:0
20:20:23  GPS유효:1
20:20:23  위도:37.496479
20:20:23  경도:126.957649
20:20:23  속도:0.037
20:20:23  방향:0.0
20:20:23  GPS원시속도:0.031
20:20:23  GPS원시방향유효:1
20:20:23  GPS원시방향:193.1
20:20:23  가속도:-2.667,2.806,8.988
20:20:23  자이로:-1.115,-1.718,0.275
20:20:23  자력계:-42.750,53.400,13.800
20:20:23  IMU방향유효:0
20:20:23  IMU방향:0.0
20:20:23  방향가속도크기:9.79
20:20:23  방향자이로크기:2.07
20:20:23  방향자세cos:0.5699
20:20:23  자기모델잔차:999.00
20:20:23  자기모델반경:0.000
20:20:23  방향채택:0
20:20:23  방향거부:17057
20:20:23  송신:1351
20:20:23  GPS위성:7
20:20:23  GPS_HDOP:1.23
20:20:23  원시위도:37.496481
20:20:23  원시경도:126.957652
20:20:23  GPS채택:576
20:20:23  GPS이상치거부:0
20:20:23  GPS품질거부:1
20:20:23  GPS재기준:0
20:20:23  RSSI원시:-72
20:20:23  RSSI평활:-67.9
20:20:23  RSSI샘플:2657
20:20:23  RSSI경과ms:6
20:20:23  차량수신:1323
20:20:23  시각ms:145902
20:20:23  IMU시각ms:145890
20:20:23  위험:0
20:20:23  GPS유효:1
20:20:23  위도:37.496479
20:20:23  경도:126.957649
20:20:23  속도:0.054
20:20:23  방향:0.0
20:20:23  GPS원시속도:0.087
20:20:23  GPS원시방향유효:1
20:20:23  GPS원시방향:193.1
20:20:23  가속도:-2.514,2.883,9.031
20:20:23  자이로:0.069,-0.832,0.000
20:20:23  자력계:-41.400,55.050,11.850
20:20:23  IMU방향유효:0
20:20:23  IMU방향:0.0
20:20:23  방향가속도크기:9.81
20:20:23  방향자이로크기:0.83
20:20:23  방향자세cos:0.5846
20:20:23  자기모델잔차:999.00
20:20:23  자기모델반경:0.000
20:20:23  방향채택:0
20:20:23  방향거부:17093
20:20:23  송신:1354
20:20:23  GPS위성:7
20:20:23  GPS_HDOP:1.23
20:20:23  원시위도:37.496481
20:20:23  원시경도:126.957653
20:20:23  GPS채택:577
20:20:23  GPS이상치거부:0
20:20:23  GPS품질거부:1
20:20:23  GPS재기준:0
20:20:23  RSSI원시:-66
20:20:23  RSSI평활:-70.4
20:20:23  RSSI샘플:2662
20:20:23  RSSI경과ms:91
20:20:23  차량수신:1326
20:20:24  시각ms:146007
20:20:24  IMU시각ms:145995
20:20:24  위험:0
20:20:24  GPS유효:1
20:20:24  위도:37.496479
20:20:24  경도:126.957649
20:20:24  속도:0.071
20:20:24  방향:0.0
20:20:24  GPS원시속도:0.103
20:20:24  GPS원시방향유효:1
20:20:24  GPS원시방향:193.1
20:20:24  가속도:-2.610,2.720,8.997
20:20:24  자이로:0.122,-1.824,0.336
20:20:24  자력계:-40.950,52.800,13.950
20:20:24  IMU방향유효:0
20:20:24  IMU방향:0.0
20:20:24  방향가속도크기:9.76
20:20:24  방향자이로크기:1.86
20:20:24  방향자세cos:0.5713
20:20:24  자기모델잔차:999.00
20:20:24  자기모델반경:0.000
20:20:24  방향채택:0
20:20:24  방향거부:17105
20:20:24  송신:1355
20:20:24  GPS위성:7
20:20:24  GPS_HDOP:1.23
20:20:24  원시위도:37.496481
20:20:24  원시경도:126.957653
20:20:24  GPS채택:578
20:20:24  GPS이상치거부:0
20:20:24  GPS품질거부:1
20:20:24  GPS재기준:0
20:20:24  RSSI원시:-65
20:20:24  RSSI평활:-66.6
20:20:24  RSSI샘플:2665
20:20:24  RSSI경과ms:6
20:20:24  차량수신:1327
20:20:24  시각ms:146110
20:20:24  IMU시각ms:146098
20:20:24  위험:0
20:20:24  GPS유효:1
20:20:24  위도:37.496479
20:20:24  경도:126.957649
20:20:24  속도:0.071
20:20:24  방향:0.0
20:20:24  GPS원시속도:0.103
20:20:24  GPS원시방향유효:1
20:20:24  GPS원시방향:193.1
20:20:24  가속도:-2.557,2.806,8.921
20:20:24  자이로:-1.275,0.565,-0.672
20:20:24  자력계:-42.450,53.550,13.650
20:20:24  IMU방향유효:0
20:20:24  IMU방향:0.0
20:20:24  방향가속도크기:9.69
20:20:24  방향자이로크기:1.55
20:20:24  방향자세cos:0.5775
20:20:24  자기모델잔차:999.00
20:20:24  자기모델반경:0.000
20:20:24  방향채택:0
20:20:24  방향거부:17117
20:20:24  송신:1356
20:20:24  GPS위성:7
20:20:24  GPS_HDOP:1.23
20:20:24  원시위도:37.496481
20:20:24  원시경도:126.957653
20:20:24  GPS채택:578
20:20:24  GPS이상치거부:0
20:20:24  GPS품질거부:1
20:20:24  GPS재기준:0
20:20:24  RSSI원시:-66
20:20:24  RSSI평활:-66.6
20:20:24  RSSI샘플:2667
20:20:24  RSSI경과ms:0
20:20:24  차량수신:1328
20:20:24  시각ms:146215
20:20:24  IMU시각ms:146203
20:20:24  위험:0
20:20:24  GPS유효:1
20:20:24  위도:37.496479
20:20:24  경도:126.957649
20:20:24  속도:0.068
20:20:24  방향:0.0
20:20:24  GPS원시속도:0.062
20:20:24  GPS원시방향유효:1
20:20:24  GPS원시방향:193.1
20:20:24  가속도:-2.571,2.787,8.973
20:20:24  자이로:0.405,-3.450,-0.466
20:20:24  자력계:-41.700,54.000,13.200
20:20:24  IMU방향유효:0
20:20:24  IMU방향:0.0
20:20:24  방향가속도크기:9.74
20:20:24  방향자이로크기:3.51
20:20:24  방향자세cos:0.5763
20:20:24  자기모델잔차:999.00
20:20:24  자기모델반경:0.000
20:20:24  방향채택:0
20:20:24  방향거부:17130
20:20:24  송신:1357
20:20:24  GPS위성:7
20:20:24  GPS_HDOP:1.23
20:20:24  원시위도:37.496481
20:20:24  원시경도:126.957653
20:20:24  GPS채택:579
20:20:24  GPS이상치거부:0
20:20:24  GPS품질거부:1
20:20:24  GPS재기준:0
20:20:24  RSSI원시:-71
20:20:24  RSSI평활:-67.5
20:20:24  RSSI샘플:2669
20:20:24  RSSI경과ms:6
20:20:24  차량수신:1329
20:20:24  시각ms:146318
20:20:24  IMU시각ms:146306
20:20:24  위험:1
20:20:24  GPS유효:1
20:20:24  위도:37.496479
20:20:24  경도:126.957649
20:20:24  속도:0.068
20:20:24  방향:0.0
20:20:24  GPS원시속도:0.062
20:20:24  GPS원시방향유효:1
20:20:24  GPS원시방향:193.1
20:20:24  가속도:-2.279,2.820,8.753
20:20:24  자이로:-0.771,1.550,-0.595
20:20:24  자력계:-42.150,55.500,13.950
20:20:24  IMU방향유효:0
20:20:24  IMU방향:0.0
20:20:24  방향가속도크기:9.47
20:20:24  방향자이로크기:1.83
20:20:24  방향자세cos:0.5976
20:20:24  자기모델잔차:999.00
20:20:24  자기모델반경:0.000
20:20:24  방향채택:0
20:20:24  방향거부:17142
20:20:24  송신:1358
20:20:24  GPS위성:7
20:20:24  GPS_HDOP:1.23
20:20:24  원시위도:37.496481
20:20:24  원시경도:126.957653
20:20:24  GPS채택:579
20:20:24  GPS이상치거부:0
20:20:24  GPS품질거부:1
20:20:24  GPS재기준:0
20:20:24  RSSI원시:-75
20:20:24  RSSI평활:-70.0
20:20:24  RSSI샘플:2671
20:20:24  RSSI경과ms:2
20:20:24  차량수신:1330
20:20:24  시각ms:146629
20:20:24  IMU시각ms:146617
20:20:24  위험:1
20:20:24  GPS유효:1
20:20:24  위도:37.496479
20:20:24  경도:126.957657
20:20:24  속도:0.045
20:20:24  방향:0.0
20:20:24  GPS원시속도:0.015
20:20:24  GPS원시방향유효:1
20:20:24  GPS원시방향:193.1
20:20:24  가속도:-1.829,2.164,7.015
20:20:24  자이로:12.000,-12.198,3.580
20:20:24  자력계:-42.900,54.300,13.950
20:20:24  IMU방향유효:0
20:20:24  IMU방향:0.0
20:20:24  방향가속도크기:7.57
20:20:24  방향자이로크기:17.48
20:20:24  방향자세cos:0.5931
20:20:24  자기모델잔차:999.00
20:20:24  자기모델반경:0.000
20:20:24  방향채택:0
20:20:24  방향거부:17179
20:20:24  송신:1361
20:20:24  GPS위성:7
20:20:24  GPS_HDOP:1.23
20:20:24  원시위도:37.496480
20:20:24  원시경도:126.957654
20:20:24  GPS채택:581
20:20:24  GPS이상치거부:0
20:20:24  GPS품질거부:1
20:20:24  GPS재기준:0
20:20:24  RSSI원시:-67
20:20:24  RSSI평활:-69.5
20:20:24  RSSI샘플:2676
20:20:24  RSSI경과ms:83
20:20:24  차량수신:1333
20:20:24  시각ms:146733
20:20:24  IMU시각ms:146721
20:20:24  위험:1
20:20:24  GPS유효:1
20:20:24  위도:37.496479
20:20:24  경도:126.957657
20:20:24  속도:0.045
20:20:24  방향:0.0
20:20:24  GPS원시속도:0.015
20:20:24  GPS원시방향유효:1
20:20:24  GPS원시방향:193.1
20:20:24  가속도:-3.318,3.563,10.472
20:20:24  자이로:-8.832,11.359,-6.550
20:20:24  자력계:-40.950,56.250,14.400
20:20:24  IMU방향유효:0
20:20:24  IMU방향:0.0
20:20:24  방향가속도크기:11.55
20:20:24  방향자이로크기:15.81
20:20:24  방향자세cos:0.5650
20:20:24  자기모델잔차:999.00
20:20:24  자기모델반경:0.000
20:20:24  방향채택:0
20:20:24  방향거부:17192
20:20:24  송신:1362
20:20:24  GPS위성:7
20:20:24  GPS_HDOP:1.23
20:20:24  원시위도:37.496480
20:20:24  원시경도:126.957654
20:20:24  GPS채택:581
20:20:24  GPS이상치거부:0
20:20:24  GPS품질거부:1
20:20:24  GPS재기준:0
20:20:24  RSSI원시:-69
20:20:24  RSSI평활:-69.3
20:20:24  RSSI샘플:2678
20:20:24  RSSI경과ms:76
20:20:24  차량수신:1334
20:20:25  시각ms:146942
20:20:25  IMU시각ms:146930
20:20:25  위험:1
20:20:25  GPS유효:1
20:20:25  위도:37.496479
20:20:25  경도:126.957657
20:20:25  속도:0.043
20:20:25  방향:0.0
20:20:25  GPS원시속도:0.041
20:20:25  GPS원시방향유효:1
20:20:25  GPS원시방향:193.1
20:20:25  가속도:-2.523,2.701,8.543
20:20:25  자이로:-3.145,-0.107,-2.893
20:20:25  자력계:-41.550,53.700,13.800
20:20:25  IMU방향유효:0
20:20:25  IMU방향:0.0
20:20:25  방향가속도크기:9.31
20:20:25  방향자이로크기:4.27
20:20:25  방향자세cos:0.5721
20:20:25  자기모델잔차:999.00
20:20:25  자기모델반경:0.000
20:20:25  방향채택:0
20:20:25  방향거부:17218
20:20:25  송신:1364
20:20:25  GPS위성:7
20:20:25  GPS_HDOP:1.23
20:20:25  원시위도:37.496480
20:20:25  원시경도:126.957654
20:20:25  GPS채택:582
20:20:25  GPS이상치거부:0
20:20:25  GPS품질거부:1
20:20:25  GPS재기준:0
20:20:25  RSSI원시:-65
20:20:25  RSSI평활:-69.4
20:20:25  RSSI샘플:2682
20:20:25  RSSI경과ms:7
20:20:25  차량수신:1335
20:20:25  시각ms:147149
20:20:25  IMU시각ms:147137
20:20:25  위험:1
20:20:25  GPS유효:1
20:20:25  위도:37.496479
20:20:25  경도:126.957657
20:20:25  속도:0.033
20:20:25  방향:0.0
20:20:25  GPS원시속도:0.036
20:20:25  GPS원시방향유효:1
20:20:25  GPS원시방향:193.1
20:20:25  가속도:-2.533,2.749,8.954
20:20:25  자이로:-1.321,-1.550,0.321
20:20:25  자력계:-40.650,54.300,14.700
20:20:25  IMU방향유효:0
20:20:25  IMU방향:0.0
20:20:25  방향가속도크기:9.70
20:20:25  방향자이로크기:2.06
20:20:25  방향자세cos:0.5777
20:20:25  자기모델잔차:999.00
20:20:25  자기모델반경:0.000
20:20:25  방향채택:0
20:20:25  방향거부:17243
20:20:25  송신:1366
20:20:25  GPS위성:7
20:20:25  GPS_HDOP:1.23
20:20:25  원시위도:37.496480
20:20:25  원시경도:126.957654
20:20:25  GPS채택:584
20:20:25  GPS이상치거부:0
20:20:25  GPS품질거부:1
20:20:25  GPS재기준:0
20:20:25  RSSI원시:-64
20:20:25  RSSI평활:-65.9
20:20:25  RSSI샘플:2686
20:20:25  RSSI경과ms:1
20:20:25  차량수신:1337
20:20:25  시각ms:147252
20:20:25  IMU시각ms:147240
20:20:25  위험:1
20:20:25  GPS유효:1
20:20:25  위도:37.496479
20:20:25  경도:126.957657
20:20:25  속도:0.033
20:20:25  방향:0.0
20:20:25  GPS원시속도:0.036
20:20:25  GPS원시방향유효:1
20:20:25  GPS원시방향:193.1
20:20:25  가속도:-2.658,2.777,8.940
20:20:25  자이로:-1.389,-1.656,0.832
20:20:25  자력계:-40.950,53.550,12.150
20:20:25  IMU방향유효:0
20:20:25  IMU방향:0.0
20:20:25  방향가속도크기:9.73
20:20:25  방향자이로크기:2.32
20:20:25  방향자세cos:0.5691
20:20:25  자기모델잔차:999.00
20:20:25  자기모델반경:0.000
20:20:25  방향채택:0
20:20:25  방향거부:17255
20:20:25  송신:1367
20:20:25  GPS위성:7
20:20:25  GPS_HDOP:1.23
20:20:25  원시위도:37.496480
20:20:25  원시경도:126.957654
20:20:25  GPS채택:584
20:20:25  GPS이상치거부:0
20:20:25  GPS품질거부:1
20:20:25  GPS재기준:0
20:20:25  RSSI원시:-66
20:20:25  RSSI평활:-66.0
20:20:25  RSSI샘플:2687
20:20:25  RSSI경과ms:88
20:20:25  차량수신:1338
20:20:25  시각ms:147356
20:20:25  IMU시각ms:147344
20:20:25  위험:1
20:20:25  GPS유효:1
20:20:25  위도:37.496479
20:20:25  경도:126.957657
20:20:25  속도:0.049
20:20:25  방향:0.0
20:20:25  GPS원시속도:0.077
20:20:25  GPS원시방향유효:1
20:20:25  GPS원시방향:193.1
20:20:25  가속도:-2.509,2.768,8.930
20:20:25  자이로:0.725,-0.542,-1.313
20:20:25  자력계:-42.000,53.400,14.250
20:20:25  IMU방향유효:0
20:20:25  IMU방향:0.0
20:20:25  방향가속도크기:9.68
20:20:25  방향자이로크기:1.59
20:20:25  방향자세cos:0.5799
20:20:25  자기모델잔차:999.00
20:20:25  자기모델반경:0.000
20:20:25  방향채택:0
20:20:25  방향거부:17268
20:20:25  송신:1368
20:20:25  GPS위성:7
20:20:25  GPS_HDOP:1.23
20:20:25  원시위도:37.496479
20:20:25  원시경도:126.957653
20:20:25  GPS채택:585
20:20:25  GPS이상치거부:0
20:20:25  GPS품질거부:1
20:20:25  GPS재기준:0
20:20:25  RSSI원시:-59
20:20:25  RSSI평활:-63.7
20:20:25  RSSI샘플:2690
20:20:25  RSSI경과ms:1
20:20:25  차량수신:1339
20:20:25  시각ms:147459
20:20:25  IMU시각ms:147447
20:20:25  위험:1
20:20:25  GPS유효:1
20:20:25  위도:37.496479
20:20:25  경도:126.957657
20:20:25  속도:0.049
20:20:25  방향:0.0
20:20:25  GPS원시속도:0.077
20:20:25  GPS원시방향유효:1
20:20:25  GPS원시방향:193.1
20:20:25  가속도:-2.677,2.729,8.959
20:20:25  자이로:-1.511,-0.450,-2.359
20:20:25  자력계:-43.200,53.100,14.400
20:20:25  IMU방향유효:0
20:20:25  IMU방향:0.0
20:20:25  방향가속도크기:9.74
20:20:25  방향자이로크기:2.84
20:20:25  방향자세cos:0.5662
20:20:25  자기모델잔차:999.00
20:20:25  자기모델반경:0.000
20:20:25  방향채택:0
20:20:25  방향거부:17280
20:20:25  송신:1369
20:20:25  GPS위성:7
20:20:25  GPS_HDOP:1.23
20:20:25  원시위도:37.496479
20:20:25  원시경도:126.957653
20:20:25  GPS채택:585
20:20:25  GPS이상치거부:0
20:20:25  GPS품질거부:1
20:20:25  GPS재기준:0
20:20:25  RSSI원시:-64
20:20:25  RSSI평활:-63.2
20:20:25  RSSI샘플:2692
20:20:25  RSSI경과ms:2
20:20:25  차량수신:1340
20:20:25  시각ms:147561
20:20:25  IMU시각ms:147549
20:20:25  위험:1
20:20:25  GPS유효:1
20:20:25  위도:37.496479
20:20:25  경도:126.957657
20:20:25  속도:0.062
20:20:25  방향:0.0
20:20:25  GPS원시속도:0.087
20:20:25  GPS원시방향유효:1
20:20:25  GPS원시방향:193.1
20:20:25  가속도:-2.547,2.907,8.945
20:20:25  자이로:-0.985,-0.550,1.954
20:20:25  자력계:-42.450,52.350,13.050
20:20:25  IMU방향유효:0
20:20:25  IMU방향:0.0
20:20:25  방향가속도크기:9.74
20:20:25  방향자이로크기:2.26
20:20:25  방향자세cos:0.5820
20:20:25  자기모델잔차:999.00
20:20:25  자기모델반경:0.000
20:20:25  방향채택:0
20:20:25  방향거부:17292
20:20:25  송신:1370
20:20:25  GPS위성:7
20:20:25  GPS_HDOP:1.23
20:20:25  원시위도:37.496479
20:20:25  원시경도:126.957653
20:20:25  GPS채택:586
20:20:25  GPS이상치거부:0
20:20:25  GPS품질거부:1
20:20:25  GPS재기준:0
20:20:25  RSSI원시:-64
20:20:25  RSSI평활:-63.5
20:20:25  RSSI샘플:2694
20:20:25  RSSI경과ms:2
20:20:25  차량수신:1341
20:20:25  시각ms:147766
20:20:25  IMU시각ms:147754
20:20:25  위험:1
20:20:25  GPS유효:1
20:20:25  위도:37.496479
20:20:25  경도:126.957657
20:20:25  속도:0.078
20:20:25  방향:0.0
20:20:25  GPS원시속도:0.108
20:20:25  GPS원시방향유효:1
20:20:25  GPS원시방향:193.1
20:20:25  가속도:-2.562,2.763,8.921
20:20:25  자이로:-0.061,-1.885,-0.901
20:20:25  자력계:-41.700,55.500,12.150
20:20:25  IMU방향유효:0
20:20:25  IMU방향:0.0
20:20:25  방향가속도크기:9.68
20:20:25  방향자이로크기:2.09
20:20:25  방향자세cos:0.5756
20:20:25  자기모델잔차:999.00
20:20:25  자기모델반경:0.000
20:20:25  방향채택:0
20:20:25  방향거부:17316
20:20:25  송신:1372
20:20:25  GPS위성:7
20:20:25  GPS_HDOP:1.23
20:20:25  원시위도:37.496479
20:20:25  원시경도:126.957653
20:20:25  GPS채택:587
20:20:25  GPS이상치거부:0
20:20:25  GPS품질거부:1
20:20:25  GPS재기준:0
20:20:25  RSSI원시:-70
20:20:25  RSSI평활:-66.0
20:20:25  RSSI샘플:2697
20:20:25  RSSI경과ms:82
20:20:25  차량수신:1343
20:20:25  시각ms:147871
20:20:25  IMU시각ms:147859
20:20:25  위험:1
20:20:25  GPS유효:1
20:20:26  위도:37.496479
20:20:26  경도:126.957657
20:20:26  속도:0.078
20:20:26  방향:0.0
20:20:26  GPS원시속도:0.108
20:20:26  GPS원시방향유효:1
20:20:26  GPS원시방향:193.1
20:20:26  가속도:-2.648,2.859,8.926
20:20:26  자이로:1.107,-1.824,-0.389
20:20:26  자력계:-41.550,53.700,14.550
20:20:26  IMU방향유효:0
20:20:26  IMU방향:0.0
20:20:26  방향가속도크기:9.74
20:20:26  방향자이로크기:2.17
20:20:26  방향자세cos:0.5725
20:20:26  자기모델잔차:999.00
20:20:26  자기모델반경:0.000
20:20:26  방향채택:0
20:20:26  방향거부:17329
20:20:26  송신:1373
20:20:26  GPS위성:7
20:20:26  GPS_HDOP:1.23
20:20:26  원시위도:37.496479
20:20:26  원시경도:126.957653
20:20:26  GPS채택:587
20:20:26  GPS이상치거부:0
20:20:26  GPS품질거부:1
20:20:26  GPS재기준:0
20:20:26  RSSI원시:-70
20:20:26  RSSI평활:-69.2
20:20:26  RSSI샘플:2700
20:20:26  RSSI경과ms:1
20:20:26  차량수신:1344
20:20:26  시각ms:148077
20:20:26  IMU시각ms:148065
20:20:26  위험:1
20:20:26  GPS유효:1
20:20:26  위도:37.496479
20:20:26  경도:126.957657
20:20:26  속도:0.067
20:20:26  방향:0.0
20:20:26  GPS원시속도:0.046
20:20:26  GPS원시방향유효:1
20:20:26  GPS원시방향:193.1
20:20:26  가속도:-2.571,2.653,9.012
20:20:26  자이로:0.099,-2.191,1.290
20:20:26  자력계:-41.400,53.550,15.450
20:20:26  IMU방향유효:0
20:20:26  IMU방향:0.0
20:20:26  방향가속도크기:9.74
20:20:26  방향자이로크기:2.54
20:20:26  방향자세cos:0.5719
20:20:26  자기모델잔차:999.00
20:20:26  자기모델반경:0.000
20:20:26  방향채택:0
20:20:26  방향거부:17353
20:20:26  송신:1375
20:20:26  GPS위성:7
20:20:26  GPS_HDOP:1.23
20:20:26  원시위도:37.496479
20:20:26  원시경도:126.957653
20:20:26  GPS채택:588
20:20:26  GPS이상치거부:0
20:20:26  GPS품질거부:1
20:20:26  GPS재기준:0
20:20:26  RSSI원시:-68
20:20:26  RSSI평활:-69.0
20:20:26  RSSI샘플:2703
20:20:26  RSSI경과ms:85
20:20:26  차량수신:1346
20:20:26  시각ms:148287
20:20:26  IMU시각ms:148275
20:20:26  위험:1
20:20:26  GPS유효:1
20:20:26  위도:37.496479
20:20:26  경도:126.957649
20:20:26  속도:0.049
20:20:26  방향:0.0
20:20:26  GPS원시속도:0.015
20:20:26  GPS원시방향유효:1
20:20:26  GPS원시방향:193.1
20:20:26  가속도:-2.461,2.840,9.017
20:20:26  자이로:-1.397,-0.519,0.321
20:20:26  자력계:-40.650,55.050,14.400
20:20:26  IMU방향유효:0
20:20:26  IMU방향:0.0
20:20:26  방향가속도크기:9.77
20:20:26  방향자이로크기:1.52
20:20:26  방향자세cos:0.5869
20:20:26  자기모델잔차:999.00
20:20:26  자기모델반경:0.000
20:20:26  방향채택:0
20:20:26  방향거부:17379
20:20:26  송신:1377
20:20:26  GPS위성:7
20:20:26  GPS_HDOP:1.23
20:20:26  원시위도:37.496479
20:20:26  원시경도:126.957653
20:20:26  GPS채택:589
20:20:26  GPS이상치거부:0
20:20:26  GPS품질거부:1
20:20:26  GPS재기준:0
20:20:26  RSSI원시:-66
20:20:26  RSSI평활:-68.7
20:20:26  RSSI샘플:2707
20:20:26  RSSI경과ms:75
20:20:26  차량수신:1348
20:20:26  시각ms:148392
20:20:26  IMU시각ms:148380
20:20:26  위험:1
20:20:26  GPS유효:1
20:20:26  위도:37.496479
20:20:26  경도:126.957649
20:20:26  속도:0.035
20:20:26  방향:0.0
20:20:26  GPS원시속도:0.010
20:20:26  GPS원시방향유효:1
20:20:26  GPS원시방향:193.1
20:20:26  가속도:-3.572,3.419,10.348
20:20:26  자이로:3.061,-1.076,-1.779
20:20:26  자력계:-41.550,56.400,14.250
20:20:26  IMU방향유효:0
20:20:26  IMU방향:0.0
20:20:26  방향가속도크기:11.47
20:20:26  방향자이로크기:3.70
20:20:26  방향자세cos:0.5428
20:20:26  자기모델잔차:999.00
20:20:26  자기모델반경:0.000
20:20:26  방향채택:0
20:20:26  방향거부:17392
20:20:26  송신:1378
20:20:26  GPS위성:7
20:20:26  GPS_HDOP:1.23
20:20:26  원시위도:37.496479
20:20:26  원시경도:126.957653
20:20:26  GPS채택:590
20:20:26  GPS이상치거부:0
20:20:26  GPS품질거부:1
20:20:26  GPS재기준:0
20:20:26  RSSI원시:-69
20:20:26  RSSI평활:-68.8
20:20:26  RSSI샘플:2708
20:20:26  RSSI경과ms:89
20:20:26  차량수신:1349
20:20:26  시각ms:148497
20:20:26  IMU시각ms:148485
20:20:26  위험:1
20:20:26  GPS유효:1
20:20:26  위도:37.496479
20:20:26  경도:126.957649
20:20:26  속도:0.035
20:20:26  방향:0.0
20:20:26  GPS원시속도:0.010
20:20:26  GPS원시방향유효:1
20:20:26  GPS원시방향:193.1
20:20:26  가속도:0.335,-1.044,5.344
20:20:26  자이로:1.863,1.718,-1.656
20:20:26  자력계:-41.700,55.050,14.400
20:20:26  IMU방향유효:0
20:20:26  IMU방향:0.0
20:20:26  방향가속도크기:5.46
20:20:26  방향자이로크기:3.03
20:20:26  방향자세cos:0.5310
20:20:26  자기모델잔차:999.00
20:20:26  자기모델반경:0.000
20:20:26  방향채택:0
20:20:26  방향거부:17405
20:20:26  송신:1379
20:20:26  GPS위성:7
20:20:26  GPS_HDOP:1.23
20:20:26  원시위도:37.496479
20:20:26  원시경도:126.957653
20:20:26  GPS채택:590
20:20:26  GPS이상치거부:0
20:20:26  GPS품질거부:1
20:20:26  GPS재기준:0
20:20:26  RSSI원시:-73
20:20:26  RSSI평활:-70.3
20:20:26  RSSI샘플:2710
20:20:26  RSSI경과ms:83
20:20:26  차량수신:1350
20:20:26  시각ms:148602
20:20:26  IMU시각ms:148590
20:20:26  위험:1
20:20:26  GPS유효:1
20:20:26  위도:37.496479
20:20:26  경도:126.957649
20:20:26  속도:0.028
20:20:26  방향:0.0
20:20:26  GPS원시속도:0.015
20:20:26  GPS원시방향유효:1
20:20:26  GPS원시방향:193.1
20:20:26  가속도:0.474,0.067,6.771
20:20:26  자이로:-9.672,0.885,-1.847
20:20:26  자력계:-42.150,55.050,14.400
20:20:26  IMU방향유효:0
20:20:26  IMU방향:0.0
20:20:26  방향가속도크기:6.79
20:20:26  방향자이로크기:9.89
20:20:26  방향자세cos:0.5488
20:20:26  자기모델잔차:999.00
20:20:26  자기모델반경:0.000
20:20:26  방향채택:0
20:20:26  방향거부:17418
20:20:26  송신:1380
20:20:26  GPS위성:7
20:20:26  GPS_HDOP:1.23
20:20:26  원시위도:37.496479
20:20:26  원시경도:126.957653
20:20:26  GPS채택:591
20:20:26  GPS이상치거부:0
20:20:26  GPS품질거부:1
20:20:26  GPS재기준:0
20:20:26  RSSI원시:-71
20:20:26  RSSI평활:-70.9
20:20:26  RSSI샘플:2712
20:20:26  RSSI경과ms:86
20:20:26  차량수신:1351
20:20:26  시각ms:148812
20:20:26  IMU시각ms:148800
20:20:26  위험:1
20:20:26  GPS유효:1
20:20:26  위도:37.496479
20:20:26  경도:126.957649
20:20:26  속도:0.035
20:20:26  방향:0.0
20:20:26  GPS원시속도:0.046
20:20:26  GPS원시방향유효:1
20:20:26  GPS원시방향:193.1
20:20:26  가속도:0.172,0.273,5.928
20:20:26  자이로:0.656,-0.168,3.992
20:20:26  자력계:-42.000,54.900,13.500
20:20:26  IMU방향유효:0
20:20:26  IMU방향:0.0
20:20:26  방향가속도크기:5.94
20:20:26  방향자이로크기:4.05
20:20:26  방향자세cos:0.6233
20:20:26  자기모델잔차:999.00
20:20:26  자기모델반경:0.000
20:20:26  방향채택:0
20:20:26  방향거부:17444
20:20:26  송신:1382
20:20:26  GPS위성:7
20:20:26  GPS_HDOP:1.23
20:20:26  원시위도:37.496479
20:20:26  원시경도:126.957653
20:20:26  GPS채택:592
20:20:26  GPS이상치거부:0
20:20:26  GPS품질거부:1
20:20:26  GPS재기준:0
20:20:26  RSSI원시:-66
20:20:26  RSSI평활:-68.0
20:20:26  RSSI샘플:2716
20:20:26  RSSI경과ms:86
20:20:26  차량수신:1353
20:20:26  시각ms:148916
20:20:26  IMU시각ms:148904
20:20:27  위험:1
20:20:27  GPS유효:1
20:20:27  위도:37.496479
20:20:27  경도:126.957649
20:20:27  속도:0.035
20:20:27  방향:0.0
20:20:27  GPS원시속도:0.046
20:20:27  GPS원시방향유효:1
20:20:27  GPS원시방향:193.1
20:20:27  가속도:-2.634,2.998,9.290
20:20:27  자이로:1.802,-0.374,1.870
20:20:27  자력계:-42.450,54.750,13.950
20:20:27  IMU방향유효:0
20:20:27  IMU방향:0.0
20:20:27  방향가속도크기:10.11
20:20:27  방향자이로크기:2.62
20:20:27  방향자세cos:0.5822
20:20:27  자기모델잔차:999.00
20:20:27  자기모델반경:0.000
20:20:27  방향채택:0
20:20:27  방향거부:17457
20:20:27  송신:1383
20:20:27  GPS위성:7
20:20:27  GPS_HDOP:1.23
20:20:27  원시위도:37.496479
20:20:27  원시경도:126.957653
20:20:27  GPS채택:592
20:20:27  GPS이상치거부:0
20:20:27  GPS품질거부:1
20:20:27  GPS재기준:0
20:20:27  RSSI원시:-66
20:20:27  RSSI평활:-67.3
20:20:27  RSSI샘플:2718
20:20:27  RSSI경과ms:85
20:20:27  차량수신:1354
20:20:27  시각ms:149021
20:20:27  IMU시각ms:149009
20:20:27  위험:1
20:20:27  GPS유효:1
20:20:27  위도:37.496479
20:20:27  경도:126.957649
20:20:27  속도:0.033
20:20:27  방향:0.0
20:20:27  GPS원시속도:0.031
20:20:27  GPS원시방향유효:1
20:20:27  GPS원시방향:193.1
20:20:27  가속도:-2.514,2.969,8.835
20:20:27  자이로:-1.496,-2.145,1.321
20:20:27  자력계:-40.950,55.050,13.950
20:20:27  IMU방향유효:0
20:20:27  IMU방향:0.0
20:20:27  방향가속도크기:9.65
20:20:27  방향자이로크기:2.93
20:20:27  방향자세cos:0.5855
20:20:27  자기모델잔차:999.00
20:20:27  자기모델반경:0.000
20:20:27  방향채택:0
20:20:27  방향거부:17470
20:20:27  송신:1384
20:20:27  GPS위성:7
20:20:27  GPS_HDOP:1.23
20:20:27  원시위도:37.496478
20:20:27  원시경도:126.957653
20:20:27  GPS채택:593
20:20:27  GPS이상치거부:0
20:20:27  GPS품질거부:1
20:20:27  GPS재기준:0
20:20:27  RSSI원시:-64
20:20:27  RSSI평활:-65.8
20:20:27  RSSI샘플:2721
20:20:27  RSSI경과ms:3
20:20:27  차량수신:1355
20:20:27  시각ms:149331
20:20:27  IMU시각ms:149319
20:20:27  위험:1
20:20:27  GPS유효:1
20:20:27  위도:37.496479
20:20:27  경도:126.957649
20:20:27  속도:0.036
20:20:27  방향:0.0
20:20:27  GPS원시속도:0.041
20:20:27  GPS원시방향유효:1
20:20:27  GPS원시방향:193.1
20:20:27  가속도:-2.576,2.763,8.983
20:20:27  자이로:-1.603,2.290,-0.008
20:20:27  자력계:-41.700,55.050,14.700
20:20:27  IMU방향유효:0
20:20:27  IMU방향:0.0
20:20:27  방향가속도크기:9.75
20:20:27  방향자이로크기:2.80
20:20:27  방향자세cos:0.5752
20:20:27  자기모델잔차:999.00
20:20:27  자기모델반경:0.000
20:20:27  방향채택:0
20:20:27  방향거부:17507
20:20:27  송신:1387
20:20:27  GPS위성:7
20:20:27  GPS_HDOP:1.23
20:20:27  원시위도:37.496479
20:20:27  원시경도:126.957653
20:20:27  GPS채택:594
20:20:27  GPS이상치거부:0
20:20:27  GPS품질거부:1
20:20:27  GPS재기준:0
20:20:27  RSSI원시:-64
20:20:27  RSSI평활:-64.6
20:20:27  RSSI샘플:2726
20:20:27  RSSI경과ms:79
20:20:27  차량수신:1358
20:20:27  시각ms:149436
20:20:27  IMU시각ms:149424
20:20:27  위험:1
20:20:27  GPS유효:1
20:20:27  위도:37.496479
20:20:27  경도:126.957649
20:20:27  속도:0.034
20:20:27  방향:0.0
20:20:27  GPS원시속도:0.031
20:20:27  GPS원시방향유효:1
20:20:27  GPS원시방향:193.1
20:20:27  가속도:-2.480,2.763,8.973
20:20:27  자이로:-1.763,-0.679,-1.992
20:20:27  자력계:-41.700,53.550,14.400
20:20:27  IMU방향유효:0
20:20:27  IMU방향:0.0
20:20:27  방향가속도크기:9.71
20:20:27  방향자이로크기:2.75
20:20:27  방향자세cos:0.5823
20:20:27  자기모델잔차:999.00
20:20:27  자기모델반경:0.000
20:20:27  방향채택:0
20:20:27  방향거부:17520
20:20:27  송신:1388
20:20:27  GPS위성:7
20:20:27  GPS_HDOP:1.23
20:20:27  원시위도:37.496479
20:20:27  원시경도:126.957653
20:20:27  GPS채택:595
20:20:27  GPS이상치거부:0
20:20:27  GPS품질거부:1
20:20:27  GPS재기준:0
20:20:27  RSSI원시:-68
20:20:27  RSSI평활:-65.3
20:20:27  RSSI샘플:2729
20:20:27  RSSI경과ms:2
20:20:27  차량수신:1359
20:20:27  시각ms:149645
20:20:27  IMU시각ms:149633
20:20:27  위험:1
20:20:27  GPS유효:1
20:20:27  위도:37.496479
20:20:27  경도:126.957649
20:20:27  속도:0.028
20:20:27  방향:0.0
20:20:27  GPS원시속도:0.015
20:20:27  GPS원시방향유효:1
20:20:27  GPS원시방향:193.1
20:20:27  가속도:-2.648,2.792,8.959
20:20:27  자이로:-0.214,1.405,-0.328
20:20:27  자력계:-39.900,54.300,12.600
20:20:27  IMU방향유효:0
20:20:27  IMU방향:0.0
20:20:27  방향가속도크기:9.75
20:20:27  방향자이로크기:1.46
20:20:27  방향자세cos:0.5706
20:20:27  자기모델잔차:999.00
20:20:27  자기모델반경:0.000
20:20:27  방향채택:0
20:20:27  방향거부:17546
20:20:27  송신:1390
20:20:27  GPS위성:7
20:20:27  GPS_HDOP:1.23
20:20:27  원시위도:37.496478
20:20:27  원시경도:126.957653
20:20:27  GPS채택:596
20:20:27  GPS이상치거부:0
20:20:27  GPS품질거부:1
20:20:27  GPS재기준:0
20:20:27  RSSI원시:-69
20:20:27  RSSI평활:-66.4
20:20:27  RSSI샘플:2732
20:20:27  RSSI경과ms:4
20:20:27  차량수신:1361
20:20:27  시각ms:149751
20:20:27  IMU시각ms:149739
20:20:27  위험:1
20:20:27  GPS유효:1
20:20:27  위도:37.496479
20:20:27  경도:126.957649
20:20:27  속도:0.031
20:20:27  방향:0.0
20:20:27  GPS원시속도:0.036
20:20:27  GPS원시방향유효:1
20:20:27  GPS원시방향:193.1
20:20:27  가속도:-2.586,2.777,8.945
20:20:27  자이로:-2.221,-1.176,-0.405
20:20:27  자력계:-42.300,54.450,14.550
20:20:27  IMU방향유효:0
20:20:27  IMU방향:0.0
20:20:27  방향가속도크기:9.72
20:20:27  방향자이로크기:2.55
20:20:27  방향자세cos:0.5746
20:20:27  자기모델잔차:999.00
20:20:27  자기모델반경:0.000
20:20:27  방향채택:0
20:20:27  방향거부:17558
20:20:27  송신:1391
20:20:27  GPS위성:7
20:20:27  GPS_HDOP:1.23
20:20:27  원시위도:37.496478
20:20:27  원시경도:126.957653
20:20:27  GPS채택:597
20:20:27  GPS이상치거부:0
20:20:27  GPS품질거부:1
20:20:27  GPS재기준:0
20:20:27  RSSI원시:-70
20:20:27  RSSI평활:-67.7
20:20:27  RSSI샘플:2734
20:20:27  RSSI경과ms:3
20:20:27  차량수신:1362
20:20:27  시각ms:149854
20:20:27  IMU시각ms:149842
20:20:27  위험:1
20:20:27  GPS유효:1
20:20:27  위도:37.496479
20:20:27  경도:126.957649
20:20:27  속도:0.031
20:20:27  방향:0.0
20:20:27  GPS원시속도:0.036
20:20:27  GPS원시방향유효:1
20:20:27  GPS원시방향:193.1
20:20:27  가속도:-2.490,2.720,8.964
20:20:27  자이로:-2.420,-0.603,-0.153
20:20:27  자력계:-40.650,54.300,12.900
20:20:27  IMU방향유효:0
20:20:27  IMU방향:0.0
20:20:27  방향가속도크기:9.69
20:20:27  방향자이로크기:2.50
20:20:27  방향자세cos:0.5800
20:20:27  자기모델잔차:999.00
20:20:27  자기모델반경:0.000
20:20:27  방향채택:0
20:20:27  방향거부:17570
20:20:27  송신:1392
20:20:27  GPS위성:7
20:20:27  GPS_HDOP:1.23
20:20:27  원시위도:37.496478
20:20:27  원시경도:126.957653
20:20:27  GPS채택:597
20:20:27  GPS이상치거부:0
20:20:27  GPS품질거부:1
20:20:27  GPS재기준:0
20:20:27  RSSI원시:-70
20:20:27  RSSI평활:-68.1
20:20:27  RSSI샘플:2735
20:20:27  RSSI경과ms:91
20:20:27  차량수신:1363
20:20:28  시각ms:149958
20:20:28  IMU시각ms:149946
20:20:28  위험:1
20:20:28  GPS유효:1
20:20:28  위도:37.496479
20:20:28  경도:126.957649
20:20:28  속도:0.050
20:20:28  방향:0.0
20:20:28  GPS원시속도:0.087
20:20:28  GPS원시방향유효:1
20:20:28  GPS원시방향:193.1
20:20:28  가속도:-2.480,2.849,8.997
20:20:28  자이로:-1.466,-1.130,-0.145
20:20:28  자력계:-42.450,54.000,13.950
20:20:28  IMU방향유효:0
20:20:28  IMU방향:0.0
20:20:28  방향가속도크기:9.76
20:20:28  방향자이로크기:1.86
20:20:28  방향자세cos:0.5856
20:20:28  자기모델잔차:999.00
20:20:28  자기모델반경:0.000
20:20:28  방향채택:0
20:20:28  방향거부:17582
20:20:28  송신:1393
20:20:28  GPS위성:7
20:20:28  GPS_HDOP:1.23
20:20:28  원시위도:37.496478
20:20:28  원시경도:126.957653
20:20:28  GPS채택:598
20:20:28  GPS이상치거부:0
20:20:28  GPS품질거부:1
20:20:28  GPS재기준:0
20:20:28  RSSI원시:-72
20:20:28  RSSI평활:-70.9
20:20:28  RSSI샘플:2738
20:20:28  RSSI경과ms:0
20:20:28  차량수신:1364
20:20:28  시각ms:150060
20:20:28  IMU시각ms:150048
20:20:28  위험:1
20:20:28  GPS유효:1
20:20:28  위도:37.496479
20:20:28  경도:126.957649
20:20:28  속도:0.050
20:20:28  방향:0.0
20:20:28  GPS원시속도:0.087
20:20:28  GPS원시방향유효:1
20:20:28  GPS원시방향:193.1
20:20:28  가속도:-2.677,2.686,9.021
20:20:28  자이로:-1.389,-1.427,0.298
20:20:28  자력계:-41.400,55.800,12.150
20:20:28  IMU방향유효:0
20:20:28  IMU방향:0.0
20:20:28  방향가속도크기:9.79
20:20:28  방향자이로크기:2.01
20:20:28  방향자세cos:0.5653
20:20:28  자기모델잔차:999.00
20:20:28  자기모델반경:0.000
20:20:28  방향채택:0
20:20:28  방향거부:17593
20:20:28  송신:1394
20:20:28  GPS위성:7
20:20:28  GPS_HDOP:1.23
20:20:28  원시위도:37.496478
20:20:28  원시경도:126.957653
20:20:28  GPS채택:598
20:20:28  GPS이상치거부:0
20:20:28  GPS품질거부:1
20:20:28  GPS재기준:0
20:20:28  RSSI원시:-72
20:20:28  RSSI평활:-71.1
20:20:28  RSSI샘플:2739
20:20:28  RSSI경과ms:96
20:20:28  차량수신:1365
20:20:28  시각ms:150164
20:20:28  IMU시각ms:150152
20:20:28  위험:1
20:20:28  GPS유효:1
20:20:28  위도:37.496479
20:20:28  경도:126.957649
20:20:28  속도:0.045
20:20:28  방향:0.0
20:20:28  GPS원시속도:0.036
20:20:28  GPS원시방향유효:1
20:20:28  GPS원시방향:193.1
20:20:28  가속도:-2.571,2.715,9.079
20:20:28  자이로:-1.145,-0.840,-0.885
20:20:28  자력계:-42.150,54.300,13.200
20:20:28  IMU방향유효:0
20:20:28  IMU방향:0.0
20:20:28  방향가속도크기:9.82
20:20:28  방향자이로크기:1.67
20:20:28  방향자세cos:0.5749
20:20:28  자기모델잔차:999.00
20:20:28  자기모델반경:0.000
20:20:28  방향채택:0
20:20:28  방향거부:17606
20:20:28  송신:1395
20:20:28  GPS위성:7
20:20:28  GPS_HDOP:1.23
20:20:28  원시위도:37.496478
20:20:28  원시경도:126.957653
20:20:28  GPS채택:599
20:20:28  GPS이상치거부:0
20:20:28  GPS품질거부:1
20:20:28  GPS재기준:0
20:20:28  RSSI원시:-67
20:20:28  RSSI평활:-70.3
20:20:28  RSSI샘플:2740
20:20:28  RSSI경과ms:4
20:20:28  차량수신:1365
20:20:28  시각ms:150267
20:20:28  IMU시각ms:150255
20:20:28  위험:1
20:20:28  GPS유효:1
20:20:28  위도:37.496479
20:20:28  경도:126.957649
20:20:28  속도:0.045
20:20:28  방향:0.0
20:20:28  GPS원시속도:0.036
20:20:28  GPS원시방향유효:1
20:20:28  GPS원시방향:193.1
20:20:28  가속도:-2.490,2.758,8.921
20:20:28  자이로:-0.069,0.282,0.580
20:20:28  자력계:-42.150,54.000,13.200
20:20:28  IMU방향유효:0
20:20:28  IMU방향:0.0
20:20:28  방향가속도크기:9.66
20:20:28  방향자이로크기:0.65
20:20:28  방향자세cos:0.5809
20:20:28  자기모델잔차:999.00
20:20:28  자기모델반경:0.000
20:20:28  방향채택:0
20:20:28  방향거부:17618
20:20:28  송신:1396
20:20:28  GPS위성:7
20:20:28  GPS_HDOP:1.23
20:20:28  원시위도:37.496478
20:20:28  원시경도:126.957653
20:20:28  GPS채택:599
20:20:28  GPS이상치거부:0
20:20:28  GPS품질거부:1
20:20:28  GPS재기준:0
20:20:28  RSSI원시:-69
20:20:28  RSSI평활:-69.7
20:20:28  RSSI샘플:2742
20:20:28  RSSI경과ms:2
20:20:28  차량수신:1366
20:20:28  시각ms:150369
20:20:28  IMU시각ms:150357
20:20:28  위험:1
20:20:28  GPS유효:1
20:20:28  위도:37.496479
20:20:28  경도:126.957649
20:20:28  속도:0.044
20:20:28  방향:0.0
20:20:28  GPS원시속도:0.041
20:20:28  GPS원시방향유효:1
20:20:28  GPS원시방향:193.1
20:20:28  가속도:-2.772,2.950,9.510
20:20:28  자이로:3.756,-0.496,3.244
20:20:28  자력계:-40.800,55.350,13.050
20:20:28  IMU방향유효:0
20:20:28  IMU방향:0.0
20:20:28  방향가속도크기:10.34
20:20:28  방향자이로크기:4.99
20:20:28  방향자세cos:0.5728
20:20:28  자기모델잔차:999.00
20:20:28  자기모델반경:0.000
20:20:28  방향채택:0
20:20:28  방향거부:17630
20:20:28  송신:1397
20:20:28  GPS위성:7
20:20:28  GPS_HDOP:1.23
20:20:28  원시위도:37.496478
20:20:28  원시경도:126.957653
20:20:28  GPS채택:600
20:20:28  GPS이상치거부:0
20:20:28  GPS품질거부:1
20:20:28  GPS재기준:0
20:20:28  RSSI원시:-68
20:20:28  RSSI평활:-69.1
20:20:28  RSSI샘플:2744
20:20:28  RSSI경과ms:6
20:20:28  차량수신:1367
20:20:28  시각ms:150678
20:20:28  IMU시각ms:150666
20:20:28  위험:1
20:20:28  GPS유효:1
20:20:28  위도:37.496479
20:20:28  경도:126.957649
20:20:28  속도:0.050
20:20:28  방향:0.0
20:20:28  GPS원시속도:0.062
20:20:28  GPS원시방향유효:1
20:20:28  GPS원시방향:193.1
20:20:28  가속도:-0.532,-1.053,6.790
20:20:28  자이로:5.321,-12.748,4.198
20:20:28  자력계:-41.250,55.350,14.850
20:20:28  IMU방향유효:0
20:20:28  IMU방향:0.0
20:20:28  방향가속도크기:6.89
20:20:28  방향자이로크기:14.44
20:20:28  방향자세cos:0.4865
20:20:28  자기모델잔차:999.00
20:20:28  자기모델반경:0.000
20:20:28  방향채택:0
20:20:28  방향거부:17666
20:20:28  송신:1400
20:20:28  GPS위성:7
20:20:28  GPS_HDOP:1.23
20:20:28  원시위도:37.496478
20:20:28  원시경도:126.957653
20:20:28  GPS채택:601
20:20:28  GPS이상치거부:0
20:20:28  GPS품질거부:1
20:20:28  GPS재기준:0
20:20:28  RSSI원시:-67
20:20:28  RSSI평활:-67.4
20:20:28  RSSI샘플:2750
20:20:28  RSSI경과ms:8
20:20:28  차량수신:1370
20:20:28  시각ms:150781
20:20:28  IMU시각ms:150769
20:20:28  위험:1
20:20:28  GPS유효:1
20:20:28  위도:37.496479
20:20:28  경도:126.957657
20:20:28  속도:0.099
20:20:28  방향:0.0
20:20:28  GPS원시속도:0.190
20:20:28  GPS원시방향유효:1
20:20:28  GPS원시방향:193.1
20:20:28  가속도:-2.088,1.432,7.168
20:20:28  자이로:13.252,-11.328,3.649
20:20:28  자력계:-41.550,55.350,14.550
20:20:28  IMU방향유효:0
20:20:28  IMU방향:0.0
20:20:28  방향가속도크기:7.60
20:20:28  방향자이로크기:17.81
20:20:28  방향자세cos:0.5342
20:20:28  자기모델잔차:999.00
20:20:28  자기모델반경:0.000
20:20:28  방향채택:0
20:20:28  방향거부:17678
20:20:28  송신:1401
20:20:28  GPS위성:7
20:20:28  GPS_HDOP:1.23
20:20:28  원시위도:37.496479
20:20:28  원시경도:126.957654
20:20:28  GPS채택:602
20:20:28  GPS이상치거부:0
20:20:28  GPS품질거부:1
20:20:28  GPS재기준:0
20:20:28  RSSI원시:-67
20:20:28  RSSI평활:-67.1
20:20:28  RSSI샘플:2752
20:20:28  RSSI경과ms:2
20:20:28  차량수신:1371
20:20:28  시각ms:150884
20:20:28  IMU시각ms:150872
20:20:28  위험:1
20:20:28  GPS유효:1
20:20:28  위도:37.496479
20:20:28  경도:126.957657
20:20:28  속도:0.099
20:20:28  방향:0.0
20:20:28  GPS원시속도:0.190
20:20:28  GPS원시방향유효:1
20:20:28  GPS원시방향:193.1
20:20:28  가속도:-2.140,3.127,8.677
20:20:28  자이로:2.115,2.260,-1.382
20:20:28  자력계:-42.900,54.300,13.650
20:20:28  IMU방향유효:0
20:20:28  IMU방향:0.0
20:20:28  방향가속도크기:9.47
20:20:28  방향자이로크기:3.39
20:20:28  방향자세cos:0.6179
20:20:28  자기모델잔차:999.00
20:20:28  자기모델반경:0.000
20:20:28  방향채택:0
20:20:28  방향거부:17690
20:20:28  송신:1402
20:20:28  GPS위성:7
20:20:28  GPS_HDOP:1.23
20:20:28  원시위도:37.496479
20:20:28  원시경도:126.957654
20:20:28  GPS채택:602
20:20:28  GPS이상치거부:0
20:20:28  GPS품질거부:1
20:20:28  GPS재기준:0
20:20:28  RSSI원시:-67
20:20:28  RSSI평활:-67.1
20:20:28  RSSI샘플:2753
20:20:28  RSSI경과ms:89
20:20:28  차량수신:1372
20:20:29  시각ms:150988
20:20:29  IMU시각ms:150976
20:20:29  위험:1
20:20:29  GPS유효:1
20:20:29  위도:37.496479
20:20:29  경도:126.957657
20:20:29  속도:0.144
20:20:29  방향:0.0
20:20:29  GPS원시속도:0.226
20:20:29  GPS원시방향유효:1
20:20:29  GPS원시방향:193.1
20:20:29  가속도:-2.600,2.921,9.553
20:20:29  자이로:-2.237,-0.992,-1.374
20:20:29  자력계:-41.550,54.450,13.050
20:20:29  IMU방향유효:0
20:20:29  IMU방향:0.0
20:20:29  방향가속도크기:10.32
20:20:29  방향자이로크기:2.81
20:20:29  방향자세cos:0.5845
20:20:29  자기모델잔차:999.00
20:20:29  자기모델반경:0.000
20:20:29  방향채택:0
20:20:29  방향거부:17702
20:20:29  송신:1403
20:20:29  GPS위성:7
20:20:29  GPS_HDOP:1.23
20:20:29  원시위도:37.496479
20:20:29  원시경도:126.957654
20:20:29  GPS채택:603
20:20:29  GPS이상치거부:0
20:20:29  GPS품질거부:1
20:20:29  GPS재기준:0
20:20:29  RSSI원시:-70
20:20:29  RSSI평활:-68.1
20:20:29  RSSI샘플:2755
20:20:29  RSSI경과ms:96
20:20:29  차량수신:1373
20:20:29  시각ms:151093
20:20:29  IMU시각ms:151081
20:20:29  위험:1
20:20:29  GPS유효:1
20:20:29  위도:37.496479
20:20:29  경도:126.957657
20:20:29  속도:0.144
20:20:29  방향:0.0
20:20:29  GPS원시속도:0.226
20:20:29  GPS원시방향유효:1
20:20:29  GPS원시방향:193.1
20:20:29  가속도:-2.552,2.715,8.777
20:20:29  자이로:-0.885,-1.351,-1.298
20:20:29  자력계:-43.050,54.150,13.800
20:20:29  IMU방향유효:0
20:20:29  IMU방향:0.0
20:20:29  방향가속도크기:9.54
20:20:29  방향자이로크기:2.07
20:20:29  방향자세cos:0.5731
20:20:29  자기모델잔차:999.00
20:20:29  자기모델반경:0.000
20:20:29  방향채택:0
20:20:29  방향거부:17715
20:20:29  송신:1404
20:20:29  GPS위성:7
20:20:29  GPS_HDOP:1.23
20:20:29  원시위도:37.496479
20:20:29  원시경도:126.957654
20:20:29  GPS채택:603
20:20:29  GPS이상치거부:0
20:20:29  GPS품질거부:1
20:20:29  GPS재기준:0
20:20:29  RSSI원시:-71
20:20:29  RSSI평활:-68.7
20:20:29  RSSI샘플:2756
20:20:29  RSSI경과ms:94
20:20:29  차량수신:1374
20:20:29  시각ms:151198
20:20:29  IMU시각ms:151186
20:20:29  위험:1
20:20:29  GPS유효:1
20:20:29  위도:37.496479
20:20:29  경도:126.957657
20:20:29  속도:0.133
20:20:29  방향:0.0
20:20:29  GPS원시속도:0.113
20:20:29  GPS원시방향유효:1
20:20:29  GPS원시방향:193.1
20:20:29  가속도:-2.643,2.806,8.964
20:20:29  자이로:-0.802,-1.519,0.000
20:20:29  자력계:-42.750,54.450,13.800
20:20:29  IMU방향유효:0
20:20:29  IMU방향:0.0
20:20:29  방향가속도크기:9.76
20:20:29  방향자이로크기:1.72
20:20:29  방향자세cos:0.5715
20:20:29  자기모델잔차:999.00
20:20:29  자기모델반경:0.000
20:20:29  방향채택:0
20:20:29  방향거부:17728
20:20:29  송신:1405
20:20:29  GPS위성:7
20:20:29  GPS_HDOP:1.23
20:20:29  원시위도:37.496479
20:20:29  원시경도:126.957654
20:20:29  GPS채택:604
20:20:29  GPS이상치거부:0
20:20:29  GPS품질거부:1
20:20:29  GPS재기준:0
20:20:29  RSSI원시:-70
20:20:29  RSSI평활:-69.0
20:20:29  RSSI샘플:2758
20:20:29  RSSI경과ms:3
20:20:29  차량수신:1374
20:20:29  시각ms:151301
20:20:29  IMU시각ms:151289
20:20:29  위험:1
20:20:29  GPS유효:1
20:20:29  위도:37.496479
20:20:29  경도:126.957657
20:20:29  속도:0.133
20:20:29  방향:0.0
20:20:29  GPS원시속도:0.113
20:20:29  GPS원시방향유효:1
20:20:29  GPS원시방향:193.1
20:20:29  가속도:-2.423,2.787,8.959
20:20:29  자이로:-0.382,-1.069,2.115
20:20:29  자력계:-40.800,54.900,13.800
20:20:29  IMU방향유효:0
20:20:29  IMU방향:0.0
20:20:29  방향가속도크기:9.69
20:20:29  방향자이로크기:2.40
20:20:29  방향자세cos:0.5874
20:20:29  자기모델잔차:999.00
20:20:29  자기모델반경:0.000
20:20:29  방향채택:0
20:20:29  방향거부:17740
20:20:29  송신:1406
20:20:29  GPS위성:7
20:20:29  GPS_HDOP:1.23
20:20:29  원시위도:37.496479
20:20:29  원시경도:126.957654
20:20:29  GPS채택:604
20:20:29  GPS이상치거부:0
20:20:29  GPS품질거부:1
20:20:29  GPS재기준:0
20:20:29  RSSI원시:-70
20:20:29  RSSI평활:-69.4
20:20:29  RSSI샘플:2760
20:20:29  RSSI경과ms:4
20:20:29  차량수신:1375
20:20:29  시각ms:151404
20:20:29  IMU시각ms:151392
20:20:29  위험:1
20:20:29  GPS유효:1
20:20:29  위도:37.496479
20:20:29  경도:126.957657
20:20:29  속도:0.099
20:20:29  방향:0.0
20:20:29  GPS원시속도:0.036
20:20:29  GPS원시방향유효:1
20:20:29  GPS원시방향:193.1
20:20:29  가속도:-2.461,2.926,8.878
20:20:29  자이로:-0.305,-0.947,3.962
20:20:29  자력계:-42.000,52.950,14.250
20:20:29  IMU방향유효:0
20:20:29  IMU방향:0.0
20:20:29  방향가속도크기:9.67
20:20:29  방향자이로크기:4.08
20:20:29  방향자세cos:0.5885
20:20:29  자기모델잔차:999.00
20:20:29  자기모델반경:0.000
20:20:29  방향채택:0
20:20:29  방향거부:17752
20:20:29  송신:1407
20:20:29  GPS위성:7
20:20:29  GPS_HDOP:1.23
20:20:29  원시위도:37.496479
20:20:29  원시경도:126.957654
20:20:29  GPS채택:605
20:20:29  GPS이상치거부:0
20:20:29  GPS품질거부:1
20:20:29  GPS재기준:0
20:20:29  RSSI원시:-70
20:20:29  RSSI평활:-69.8
20:20:29  RSSI샘플:2762
20:20:29  RSSI경과ms:2
20:20:29  차량수신:1376
20:20:29  시각ms:151610
20:20:29  IMU시각ms:151598
20:20:29  위험:0
20:20:29  GPS유효:1
20:20:29  위도:37.496479
20:20:29  경도:126.957657
20:20:29  속도:0.081
20:20:29  방향:0.0
20:20:29  GPS원시속도:0.046
20:20:29  GPS원시방향유효:1
20:20:29  GPS원시방향:193.1
20:20:29  가속도:-2.605,2.768,8.964
20:20:29  자이로:-1.527,0.076,-0.443
20:20:29  자력계:-40.950,54.300,13.950
20:20:29  IMU방향유효:0
20:20:29  IMU방향:0.0
20:20:29  방향가속도크기:9.74
20:20:29  방향자이로크기:1.59
20:20:29  방향자세cos:0.5730
20:20:29  자기모델잔차:999.00
20:20:29  자기모델반경:0.000
20:20:29  방향채택:0
20:20:29  방향거부:17776
20:20:29  송신:1409
20:20:29  GPS위성:7
20:20:29  GPS_HDOP:1.23
20:20:29  원시위도:37.496479
20:20:29  원시경도:126.957654
20:20:29  GPS채택:606
20:20:29  GPS이상치거부:0
20:20:29  GPS품질거부:1
20:20:29  GPS재기준:0
20:20:29  RSSI원시:-70
20:20:29  RSSI평활:-70.1
20:20:29  RSSI샘플:2765
20:20:29  RSSI경과ms:90
20:20:29  차량수신:1378
20:20:29  시각ms:151716
20:20:29  IMU시각ms:151704
20:20:29  위험:0
20:20:29  GPS유효:1
20:20:29  위도:37.496479
20:20:29  경도:126.957657
20:20:29  속도:0.081
20:20:29  방향:0.0
20:20:29  GPS원시속도:0.046
20:20:29  GPS원시방향유효:1
20:20:29  GPS원시방향:193.1
20:20:29  가속도:-2.528,2.758,8.950
20:20:29  자이로:-1.008,-0.893,1.137
20:20:29  자력계:-41.700,52.800,13.950
20:20:29  IMU방향유효:0
20:20:29  IMU방향:0.0
20:20:29  방향가속도크기:9.70
20:20:29  방향자이로크기:1.76
20:20:29  방향자세cos:0.5783
20:20:29  자기모델잔차:999.00
20:20:29  자기모델반경:0.000
20:20:29  방향채택:0
20:20:29  방향거부:17788
20:20:29  송신:1410
20:20:29  GPS위성:7
20:20:29  GPS_HDOP:1.23
20:20:29  원시위도:37.496479
20:20:29  원시경도:126.957654
20:20:29  GPS채택:606
20:20:29  GPS이상치거부:0
20:20:29  GPS품질거부:1
20:20:29  GPS재기준:0
20:20:29  RSSI원시:-70
20:20:29  RSSI평활:-70.2
20:20:29  RSSI샘플:2767
20:20:29  RSSI경과ms:95
20:20:29  차량수신:1379
20:20:29  시각ms:151819
20:20:29  IMU시각ms:151807
20:20:29  위험:0
20:20:29  GPS유효:1
20:20:29  위도:37.496479
20:20:29  경도:126.957657
20:20:29  속도:0.067
20:20:29  방향:0.0
20:20:29  GPS원시속도:0.041
20:20:29  GPS원시방향유효:1
20:20:29  GPS원시방향:193.1
20:20:29  가속도:-2.595,2.844,8.863
20:20:29  자이로:-1.802,-0.084,0.015
20:20:29  자력계:-43.800,54.450,15.300
20:20:29  IMU방향유효:0
20:20:29  IMU방향:0.0
20:20:29  방향가속도크기:9.66
20:20:29  방향자이로크기:1.80
20:20:29  방향자세cos:0.5753
20:20:29  자기모델잔차:999.00
20:20:29  자기모델반경:0.000
20:20:29  방향채택:0
20:20:29  방향거부:17800
20:20:29  송신:1411
20:20:29  GPS위성:7
20:20:29  GPS_HDOP:1.23
20:20:29  원시위도:37.496479
20:20:29  원시경도:126.957654
20:20:29  GPS채택:607
20:20:29  GPS이상치거부:0
20:20:29  GPS품질거부:1
20:20:29  GPS재기준:0
20:20:29  RSSI원시:-77
20:20:29  RSSI평활:-72.6
20:20:29  RSSI샘플:2770
20:20:29  RSSI경과ms:7
20:20:29  차량수신:1380
20:20:29  시각ms:151922
20:20:29  IMU시각ms:151910
20:20:29  위험:0
20:20:29  GPS유효:1
20:20:29  위도:37.496479
20:20:29  경도:126.957657
20:20:29  속도:0.067
20:20:29  방향:0.0
20:20:29  GPS원시속도:0.041
20:20:29  GPS원시방향유효:1
20:20:29  GPS원시방향:193.1
20:20:29  가속도:-2.547,2.705,8.954
20:20:29  자이로:-0.565,0.679,-0.458
20:20:29  자력계:-42.000,52.650,13.050
20:20:29  IMU방향유효:0
20:20:29  IMU방향:0.0
20:20:29  방향가속도크기:9.69
20:20:29  방향자이로크기:1.00
20:20:29  방향자세cos:0.5750
20:20:29  자기모델잔차:999.00
20:20:29  자기모델반경:0.000
20:20:29  방향채택:0
20:20:29  방향거부:17812
20:20:29  송신:1412
20:20:29  GPS위성:7
20:20:29  GPS_HDOP:1.23
20:20:29  원시위도:37.496479
20:20:29  원시경도:126.957654
20:20:29  GPS채택:607
20:20:29  GPS이상치거부:0
20:20:29  GPS품질거부:1
20:20:29  GPS재기준:0
20:20:29  RSSI원시:-76
20:20:29  RSSI평활:-73.3
20:20:29  RSSI샘플:2771
20:20:29  RSSI경과ms:91
20:20:29  차량수신:1381
20:20:30  시각ms:152027
20:20:30  IMU시각ms:152015
20:20:30  위험:0
20:20:30  GPS유효:1
20:20:30  위도:37.496479
20:20:30  경도:126.957657
20:20:30  속도:0.063
20:20:30  방향:0.0
20:20:30  GPS원시속도:0.057
20:20:30  GPS원시방향유효:1
20:20:30  GPS원시방향:193.1
20:20:30  가속도:-2.624,2.734,8.978
20:20:30  자이로:-1.176,2.229,-0.725
20:20:30  자력계:-42.750,53.400,13.500
20:20:30  IMU방향유효:0
20:20:30  IMU방향:0.0
20:20:30  방향가속도크기:9.75
20:20:30  방향자이로크기:2.62
20:20:30  방향자세cos:0.5705
20:20:30  자기모델잔차:999.00
20:20:30  자기모델반경:0.000
20:20:30  방향채택:0
20:20:30  방향거부:17825
20:20:30  송신:1413
20:20:30  GPS위성:7
20:20:30  GPS_HDOP:1.23
20:20:30  원시위도:37.496479
20:20:30  원시경도:126.957654
20:20:30  GPS채택:608
20:20:30  GPS이상치거부:0
20:20:30  GPS품질거부:1
20:20:30  GPS재기준:0
20:20:30  RSSI원시:-78
20:20:30  RSSI평활:-74.3
20:20:30  RSSI샘플:2772
20:20:30  RSSI경과ms:99
20:20:30  차량수신:1382
20:20:30  시각ms:152132
20:20:30  IMU시각ms:152120
20:20:30  위험:0
20:20:30  GPS유효:1
20:20:30  위도:37.496479
20:20:30  경도:126.957657
20:20:30  속도:0.063
20:20:30  방향:0.0
20:20:30  GPS원시속도:0.057
20:20:30  GPS원시방향유효:1
20:20:30  GPS원시방향:193.1
20:20:30  가속도:-2.500,2.854,8.892
20:20:30  자이로:-1.435,-1.000,-0.595
20:20:30  자력계:-42.300,53.400,13.800
20:20:30  IMU방향유효:0
20:20:30  IMU방향:0.0
20:20:30  방향가속도크기:9.67
20:20:30  방향자이로크기:1.85
20:20:30  방향자세cos:0.5833
20:20:30  자기모델잔차:999.00
20:20:30  자기모델반경:0.000
20:20:30  방향채택:0
20:20:30  방향거부:17837
20:20:30  송신:1414
20:20:30  GPS위성:7
20:20:30  GPS_HDOP:1.23
20:20:30  원시위도:37.496479
20:20:30  원시경도:126.957654
20:20:30  GPS채택:608
20:20:30  GPS이상치거부:0
20:20:30  GPS품질거부:1
20:20:30  GPS재기준:0
20:20:30  RSSI원시:-73
20:20:30  RSSI평활:-73.6
20:20:30  RSSI샘플:2775
20:20:30  RSSI경과ms:1
20:20:30  차량수신:1383
20:20:30  시각ms:152235
20:20:30  IMU시각ms:152223
20:20:30  위험:0
20:20:30  GPS유효:1
20:20:30  위도:37.496479
20:20:30  경도:126.957657
20:20:30  속도:0.050
20:20:30  방향:0.0
20:20:30  GPS원시속도:0.026
20:20:30  GPS원시방향유효:1
20:20:30  GPS원시방향:193.1
20:20:30  가속도:-2.591,2.648,9.007
20:20:30  자이로:-2.260,0.962,-1.221
20:20:30  자력계:-42.300,54.450,13.500
20:20:30  IMU방향유효:0
20:20:30  IMU방향:0.0
20:20:30  방향가속도크기:9.74
20:20:30  방향자이로크기:2.74
20:20:30  방향자세cos:0.5703
20:20:30  자기모델잔차:999.00
20:20:30  자기모델반경:0.000
20:20:30  방향채택:0
20:20:30  방향거부:17849
20:20:30  송신:1415
20:20:30  GPS위성:7
20:20:30  GPS_HDOP:1.23
20:20:30  원시위도:37.496479
20:20:30  원시경도:126.957654
20:20:30  GPS채택:609
20:20:30  GPS이상치거부:0
20:20:30  GPS품질거부:1
20:20:30  GPS재기준:0
20:20:30  RSSI원시:-73
20:20:30  RSSI평활:-73.5
20:20:30  RSSI샘플:2776
20:20:30  RSSI경과ms:91
20:20:30  차량수신:1384
20:20:30  시각ms:152339
20:20:30  IMU시각ms:152327
20:20:30  위험:0
20:20:30  GPS유효:1
20:20:30  위도:37.496479
20:20:30  경도:126.957657
20:20:30  속도:0.050
20:20:30  방향:0.0
20:20:30  GPS원시속도:0.026
20:20:30  GPS원시방향유효:1
20:20:30  GPS원시방향:193.1
20:20:30  가속도:-2.591,2.720,8.940
20:20:30  자이로:-0.748,-0.901,-0.008
20:20:30  자력계:-42.450,54.000,13.950
20:20:30  IMU방향유효:0
20:20:30  IMU방향:0.0
20:20:30  방향가속도크기:9.70
20:20:30  방향자이로크기:1.17
20:20:30  방향자세cos:0.5721
20:20:30  자기모델잔차:999.00
20:20:30  자기모델반경:0.000
20:20:30  방향채택:0
20:20:30  방향거부:17862
20:20:30  송신:1416
20:20:30  GPS위성:7
20:20:30  GPS_HDOP:1.23
20:20:30  원시위도:37.496479
20:20:30  원시경도:126.957654
20:20:30  GPS채택:609
20:20:30  GPS이상치거부:0
20:20:30  GPS품질거부:1
20:20:30  GPS재기준:0
20:20:30  RSSI원시:-74
20:20:30  RSSI평활:-73.8
20:20:30  RSSI샘플:2778
20:20:30  RSSI경과ms:1
20:20:30  차량수신:1385
20:20:30  시각ms:152442
20:20:30  IMU시각ms:152430
20:20:30  위험:0
20:20:30  GPS유효:1
20:20:30  위도:37.496479
20:20:30  경도:126.957657
20:20:30  속도:0.072
20:20:30  방향:0.0
20:20:30  GPS원시속도:0.113
20:20:30  GPS원시방향유효:1
20:20:30  GPS원시방향:193.1
20:20:30  가속도:-2.667,2.643,8.935
20:20:30  자이로:-1.473,-2.779,3.031
20:20:30  자력계:-40.650,55.500,12.900
20:20:30  IMU방향유효:0
20:20:30  IMU방향:0.0
20:20:30  방향가속도크기:9.69
20:20:30  방향자이로크기:4.37
20:20:30  방향자세cos:0.5635
20:20:30  자기모델잔차:999.00
20:20:30  자기모델반경:0.000
20:20:30  방향채택:0
20:20:30  방향거부:17874
20:20:30  송신:1417
20:20:30  GPS위성:7
20:20:30  GPS_HDOP:1.23
20:20:30  원시위도:37.496479
20:20:30  원시경도:126.957655
20:20:30  GPS채택:610
20:20:30  GPS이상치거부:0
20:20:30  GPS품질거부:1
20:20:30  GPS재기준:0
20:20:30  RSSI원시:-75
20:20:30  RSSI평활:-73.9
20:20:30  RSSI샘플:2780
20:20:30  RSSI경과ms:1
20:20:30  차량수신:1386
20:20:30  시각ms:152648
20:20:30  IMU시각ms:152636
20:20:30  위험:0
20:20:30  GPS유효:1
20:20:30  위도:37.496479
20:20:30  경도:126.957657
20:20:30  속도:0.130
20:20:30  방향:0.0
20:20:30  GPS원시속도:0.237
20:20:30  GPS원시방향유효:1
20:20:30  GPS원시방향:193.1
20:20:30  가속도:-2.691,2.801,9.021
20:20:30  자이로:-1.176,-1.023,-2.420
20:20:30  자력계:-41.550,54.150,12.750
20:20:30  IMU방향유효:0
20:20:30  IMU방향:0.0
20:20:30  방향가속도크기:9.82
20:20:30  방향자이로크기:2.88
20:20:30  방향자세cos:0.5684
20:20:30  자기모델잔차:999.00
20:20:30  자기모델반경:0.000
20:20:30  방향채택:0
20:20:30  방향거부:17898
20:20:30  송신:1419
20:20:30  GPS위성:7
20:20:30  GPS_HDOP:1.23
20:20:30  원시위도:37.496480
20:20:30  원시경도:126.957655
20:20:30  GPS채택:611
20:20:30  GPS이상치거부:0
20:20:30  GPS품질거부:1
20:20:30  GPS재기준:0
20:20:30  RSSI원시:-73
20:20:30  RSSI평활:-73.8
20:20:30  RSSI샘플:2783
20:20:30  RSSI경과ms:91
20:20:30  차량수신:1388
20:20:30  시각ms:152752
20:20:30  IMU시각ms:152740
20:20:30  위험:0
20:20:30  GPS유효:1
20:20:30  위도:37.496479
20:20:30  경도:126.957657
20:20:30  속도:0.191
20:20:30  방향:0.0
20:20:30  GPS원시속도:0.304
20:20:30  GPS원시방향유효:1
20:20:30  GPS원시방향:193.1
20:20:30  가속도:-2.500,2.739,8.940
20:20:30  자이로:-2.954,-0.481,0.847
20:20:30  자력계:-40.500,56.100,14.850
20:20:30  IMU방향유효:0
20:20:30  IMU방향:0.0
20:20:30  방향가속도크기:9.68
20:20:30  방향자이로크기:3.11
20:20:30  방향자세cos:0.5797
20:20:30  자기모델잔차:999.00
20:20:30  자기모델반경:0.000
20:20:30  방향채택:0
20:20:30  방향거부:17911
20:20:30  송신:1420
20:20:30  GPS위성:7
20:20:30  GPS_HDOP:1.23
20:20:30  원시위도:37.496481
20:20:30  원시경도:126.957656
20:20:30  GPS채택:612
20:20:30  GPS이상치거부:0
20:20:30  GPS품질거부:1
20:20:30  GPS재기준:0
20:20:30  RSSI원시:-75
20:20:30  RSSI평활:-74.1
20:20:30  RSSI샘플:2785
20:20:30  RSSI경과ms:1
20:20:30  차량수신:1388
20:20:30  시각ms:152855
20:20:30  IMU시각ms:152843
20:20:30  위험:0
20:20:30  GPS유효:1
20:20:30  위도:37.496479
20:20:30  경도:126.957657
20:20:30  속도:0.191
20:20:30  방향:0.0
20:20:30  GPS원시속도:0.304
20:20:30  GPS원시방향유효:1
20:20:30  GPS원시방향:193.1
20:20:30  가속도:-2.504,2.931,8.902
20:20:30  자이로:-2.053,-0.527,-0.107
20:20:30  자력계:-42.000,54.150,14.250
20:20:30  IMU방향유효:0
20:20:30  IMU방향:0.0
20:20:30  방향가속도크기:9.70
20:20:30  방향자이로크기:2.12
20:20:30  방향자세cos:0.5856
20:20:30  자기모델잔차:999.00
20:20:30  자기모델반경:0.000
20:20:30  방향채택:0
20:20:30  방향거부:17923
20:20:30  송신:1421
20:20:30  GPS위성:7
20:20:30  GPS_HDOP:1.23
20:20:30  원시위도:37.496481
20:20:30  원시경도:126.957656
20:20:30  GPS채택:612
20:20:30  GPS이상치거부:0
20:20:30  GPS품질거부:1
20:20:30  GPS재기준:0
20:20:30  RSSI원시:-76
20:20:30  RSSI평활:-74.4
20:20:30  RSSI샘플:2786
20:20:30  RSSI경과ms:91
20:20:30  차량수신:1389
20:20:31  시각ms:152959
20:20:31  IMU시각ms:152947
20:20:31  위험:0
20:20:31  GPS유효:1
20:20:31  위도:37.496479
20:20:31  경도:126.957657
20:20:31  속도:0.239
20:20:31  방향:0.0
20:20:31  GPS원시속도:0.329
20:20:31  GPS원시방향유효:1
20:20:31  GPS원시방향:193.1
20:20:31  가속도:-2.418,2.945,8.954
20:20:31  자이로:-0.595,0.000,3.321
20:20:31  자력계:-42.450,53.100,12.900
20:20:31  IMU방향유효:0
20:20:31  IMU방향:0.0
20:20:31  방향가속도크기:9.73
20:20:31  방향자이로크기:3.37
20:20:31  방향자세cos:0.5931
20:20:31  자기모델잔차:999.00
20:20:31  자기모델반경:0.000
20:20:31  방향채택:0
20:20:31  방향거부:17936
20:20:31  송신:1422
20:20:31  GPS위성:7
20:20:31  GPS_HDOP:1.23
20:20:31  원시위도:37.496481
20:20:31  원시경도:126.957656
20:20:31  GPS채택:613
20:20:31  GPS이상치거부:0
20:20:31  GPS품질거부:1
20:20:31  GPS재기준:0
20:20:31  RSSI원시:-77
20:20:31  RSSI평활:-75.7
20:20:31  RSSI샘플:2789
20:20:31  RSSI경과ms:5
20:20:31  차량수신:1390
20:20:31  시각ms:153062
20:20:31  IMU시각ms:153050
20:20:31  위험:0
20:20:31  GPS유효:1
20:20:31  위도:37.496479
20:20:31  경도:126.957657
20:20:31  속도:0.239
20:20:31  방향:0.0
20:20:31  GPS원시속도:0.329
20:20:31  GPS원시방향유효:1
20:20:31  GPS원시방향:193.1
20:20:31  가속도:-2.533,2.806,8.873
20:20:31  자이로:-0.031,-2.718,-0.885
20:20:31  자력계:-42.300,53.700,14.250
20:20:31  IMU방향유효:0
20:20:31  IMU방향:0.0
20:20:31  방향가속도크기:9.64
20:20:31  방향자이로크기:2.86
20:20:31  방향자세cos:0.5788
20:20:31  자기모델잔차:999.00
20:20:31  자기모델반경:0.000
20:20:31  방향채택:0
20:20:31  방향거부:17948
20:20:31  송신:1423
20:20:31  GPS위성:7
20:20:31  GPS_HDOP:1.23
20:20:31  원시위도:37.496481
20:20:31  원시경도:126.957656
20:20:31  GPS채택:613
20:20:31  GPS이상치거부:0
20:20:31  GPS품질거부:1
20:20:31  GPS재기준:0
20:20:31  RSSI원시:-76
20:20:31  RSSI평활:-75.8
20:20:31  RSSI샘플:2790
20:20:31  RSSI경과ms:91
20:20:31  차량수신:1391
20:20:31  시각ms:153167
20:20:31  IMU시각ms:153155
20:20:31  위험:0
20:20:31  GPS유효:1
20:20:31  위도:37.496479
20:20:31  경도:126.957657
20:20:31  속도:0.190
20:20:31  방향:0.0
20:20:31  GPS원시속도:0.098
20:20:31  GPS원시방향유효:1
20:20:31  GPS원시방향:193.1
20:20:31  가속도:-2.528,2.734,8.959
20:20:31  자이로:-0.863,0.160,-2.000
20:20:31  자력계:-40.500,52.650,13.050
20:20:31  IMU방향유효:0
20:20:31  IMU방향:0.0
20:20:31  방향가속도크기:9.70
20:20:31  방향자이로크기:2.18
20:20:31  방향자세cos:0.5776
20:20:31  자기모델잔차:999.00
20:20:31  자기모델반경:0.000
20:20:31  방향채택:0
20:20:31  방향거부:17960
20:20:31  송신:1424
20:20:31  GPS위성:7
20:20:31  GPS_HDOP:1.23
20:20:31  원시위도:37.496481
20:20:31  원시경도:126.957656
20:20:31  GPS채택:614
20:20:31  GPS이상치거부:0
20:20:31  GPS품질거부:1
20:20:31  GPS재기준:0
20:20:31  RSSI원시:-73
20:20:31  RSSI평활:-74.2
20:20:31  RSSI샘플:2793
20:20:31  RSSI경과ms:7
20:20:31  차량수신:1392
20:20:31  시각ms:153270
20:20:31  IMU시각ms:153258
20:20:31  위험:0
20:20:31  GPS유효:1
20:20:31  위도:37.496479
20:20:31  경도:126.957657
20:20:31  속도:0.190
20:20:31  방향:0.0
20:20:31  GPS원시속도:0.098
20:20:31  GPS원시방향유효:1
20:20:31  GPS원시방향:193.1
20:20:31  가속도:-2.500,2.720,8.959
20:20:31  자이로:0.145,0.855,0.618
20:20:31  자력계:-41.550,53.700,13.050
20:20:31  IMU방향유효:0
20:20:31  IMU방향:0.0
20:20:31  방향가속도크기:9.69
20:20:31  방향자이로크기:1.07
20:20:31  방향자세cos:0.5792
20:20:31  자기모델잔차:999.00
20:20:31  자기모델반경:0.000
20:20:31  방향채택:0
20:20:31  방향거부:17972
20:20:31  송신:1425
20:20:31  GPS위성:7
20:20:31  GPS_HDOP:1.23
20:20:31  원시위도:37.496481
20:20:31  원시경도:126.957656
20:20:31  GPS채택:614
20:20:31  GPS이상치거부:0
20:20:31  GPS품질거부:1
20:20:31  GPS재기준:0
20:20:31  RSSI원시:-72
20:20:31  RSSI평활:-73.8
20:20:31  RSSI샘플:2794
20:20:31  RSSI경과ms:91
20:20:31  차량수신:1393
20:20:31  시각ms:153373
20:20:31  IMU시각ms:153361
20:20:31  위험:0
20:20:31  GPS유효:1
20:20:31  위도:37.496479
20:20:31  경도:126.957657
20:20:31  속도:0.156
20:20:31  방향:0.0
20:20:31  GPS원시속도:0.093
20:20:31  GPS원시방향유효:1
20:20:31  GPS원시방향:193.1
20:20:31  가속도:-2.571,2.763,9.045
20:20:31  자이로:-1.405,1.015,-0.420
20:20:31  자력계:-39.900,53.550,14.400
20:20:31  IMU방향유효:0
20:20:31  IMU방향:0.0
20:20:31  방향가속도크기:9.80
20:20:31  방향자이로크기:1.78
20:20:31  방향자세cos:0.5762
20:20:31  자기모델잔차:999.00
20:20:31  자기모델반경:0.000
20:20:31  방향채택:0
20:20:31  방향거부:17984
20:20:31  송신:1426
20:20:31  GPS위성:7
20:20:31  GPS_HDOP:1.23
20:20:31  원시위도:37.496481
20:20:31  원시경도:126.957656
20:20:31  GPS채택:615
20:20:31  GPS이상치거부:0
20:20:31  GPS품질거부:1
20:20:31  GPS재기준:0
20:20:31  RSSI원시:-73
20:20:31  RSSI평활:-73.1
20:20:31  RSSI샘플:2797
20:20:31  RSSI경과ms:2
20:20:31  차량수신:1394
20:20:31  시각ms:153476
20:20:31  IMU시각ms:153464
20:20:31  위험:0
20:20:31  GPS유효:1
20:20:31  위도:37.496479
20:20:31  경도:126.957657
20:20:31  속도:0.156
20:20:31  방향:0.0
20:20:31  GPS원시속도:0.093
20:20:31  GPS원시방향유효:1
20:20:31  GPS원시방향:193.1
20:20:31  가속도:-2.614,2.725,8.969
20:20:31  자이로:-1.565,-1.000,1.168
20:20:31  자력계:-41.400,54.300,13.650
20:20:31  IMU방향유효:0
20:20:31  IMU방향:0.0
20:20:31  방향가속도크기:9.73
20:20:31  방향자이로크기:2.19
20:20:31  방향자세cos:0.5708
20:20:31  자기모델잔차:999.00
20:20:31  자기모델반경:0.000
20:20:31  방향채택:0
20:20:31  방향거부:17996
20:20:31  송신:1427
20:20:31  GPS위성:7
20:20:31  GPS_HDOP:1.23
20:20:31  원시위도:37.496481
20:20:31  원시경도:126.957656
20:20:31  GPS채택:615
20:20:31  GPS이상치거부:0
20:20:31  GPS품질거부:1
20:20:31  GPS재기준:0
20:20:31  RSSI원시:-74
20:20:31  RSSI평활:-73.4
20:20:31  RSSI샘플:2799
20:20:31  RSSI경과ms:8
20:20:31  차량수신:1395
20:20:31  시각ms:153682
20:20:31  IMU시각ms:153670
20:20:31  위험:0
20:20:31  GPS유효:1
20:20:31  위도:37.496479
20:20:31  경도:126.957657
20:20:31  속도:0.126
20:20:31  방향:0.0
20:20:31  GPS원시속도:0.072
20:20:31  GPS원시방향유효:1
20:20:31  GPS원시방향:193.1
20:20:31  가속도:-2.710,2.820,8.988
20:20:31  자이로:-1.672,0.023,-1.458
20:20:31  자력계:-41.250,53.700,13.800
20:20:31  IMU방향유효:0
20:20:31  IMU방향:0.0
20:20:31  방향가속도크기:9.80
20:20:31  방향자이로크기:2.22
20:20:31  방향자세cos:0.5672
20:20:31  자기모델잔차:999.00
20:20:31  자기모델반경:0.000
20:20:31  방향채택:0
20:20:31  방향거부:18020
20:20:31  송신:1429
20:20:31  GPS위성:7
20:20:31  GPS_HDOP:1.23
20:20:31  원시위도:37.496480
20:20:31  원시경도:126.957656
20:20:31  GPS채택:616
20:20:31  GPS이상치거부:0
20:20:31  GPS품질거부:1
20:20:31  GPS재기준:0
20:20:31  RSSI원시:-71
20:20:31  RSSI평활:-72.7
20:20:31  RSSI샘플:2803
20:20:31  RSSI경과ms:1
20:20:31  차량수신:1397
20:20:31  시각ms:153785
20:20:31  IMU시각ms:153773
20:20:31  위험:0
20:20:31  GPS유효:1
20:20:31  위도:37.496479
20:20:31  경도:126.957657
20:20:31  속도:0.120
20:20:31  방향:0.0
20:20:31  GPS원시속도:0.108
20:20:31  GPS원시방향유효:1
20:20:31  GPS원시방향:193.1
20:20:31  가속도:-2.595,2.768,8.911
20:20:31  자이로:-1.550,-0.244,-0.542
20:20:31  자력계:-42.000,54.450,13.800
20:20:31  IMU방향유효:0
20:20:31  IMU방향:0.0
20:20:31  방향가속도크기:9.69
20:20:31  방향자이로크기:1.66
20:20:31  방향자세cos:0.5732
20:20:31  자기모델잔차:999.00
20:20:31  자기모델반경:0.000
20:20:31  방향채택:0
20:20:31  방향거부:18032
20:20:31  송신:1430
20:20:31  GPS위성:7
20:20:31  GPS_HDOP:1.23
20:20:31  원시위도:37.496480
20:20:31  원시경도:126.957656
20:20:31  GPS채택:617
20:20:31  GPS이상치거부:0
20:20:31  GPS품질거부:1
20:20:31  GPS재기준:0
20:20:31  RSSI원시:-73
20:20:31  RSSI평활:-72.5
20:20:31  RSSI샘플:2805
20:20:31  RSSI경과ms:6
20:20:31  차량수신:1398
20:20:31  시각ms:153888
20:20:31  IMU시각ms:153876
20:20:31  위험:0
20:20:31  GPS유효:1
20:20:31  위도:37.496479
20:20:31  경도:126.957657
20:20:31  속도:0.120
20:20:31  방향:0.0
20:20:31  GPS원시속도:0.108
20:20:31  GPS원시방향유효:1
20:20:31  GPS원시방향:193.1
20:20:31  가속도:-2.557,2.940,9.017
20:20:31  자이로:0.496,1.679,1.672
20:20:31  자력계:-42.300,53.400,13.050
20:20:31  IMU방향유효:0
20:20:31  IMU방향:0.0
20:20:31  방향가속도크기:9.82
20:20:31  방향자이로크기:2.42
20:20:31  방향자세cos:0.5832
20:20:31  자기모델잔차:999.00
20:20:31  자기모델반경:0.000
20:20:31  방향채택:0
20:20:31  방향거부:18044
20:20:31  송신:1431
20:20:31  GPS위성:7
20:20:31  GPS_HDOP:1.23
20:20:31  원시위도:37.496480
20:20:31  원시경도:126.957656
20:20:31  GPS채택:617
20:20:31  GPS이상치거부:0
20:20:31  GPS품질거부:1
20:20:31  GPS재기준:0
20:20:31  RSSI원시:-72
20:20:31  RSSI평활:-72.5
20:20:31  RSSI샘플:2807
20:20:31  RSSI경과ms:1
20:20:31  차량수신:1399
20:20:32  시각ms:153991
20:20:32  IMU시각ms:153979
20:20:32  위험:0
20:20:32  GPS유효:1
20:20:32  위도:37.496479
20:20:32  경도:126.957657
20:20:32  속도:0.118
20:20:32  방향:0.0
20:20:32  GPS원시속도:0.113
20:20:32  GPS원시방향유효:1
20:20:32  GPS원시방향:193.1
20:20:32  가속도:-2.638,2.787,8.940
20:20:32  자이로:-0.817,-2.328,-0.458
20:20:32  자력계:-40.500,53.700,14.250
20:20:32  IMU방향유효:0
20:20:32  IMU방향:0.0
20:20:32  방향가속도크기:9.73
20:20:32  방향자이로크기:2.51
20:20:32  방향자세cos:0.5709
20:20:32  자기모델잔차:999.00
20:20:32  자기모델반경:0.000
20:20:32  방향채택:0
20:20:32  방향거부:18056
20:20:32  송신:1432
20:20:32  GPS위성:7
20:20:32  GPS_HDOP:1.23
20:20:32  원시위도:37.496480
20:20:32  원시경도:126.957656
20:20:32  GPS채택:618
20:20:32  GPS이상치거부:0
20:20:32  GPS품질거부:1
20:20:32  GPS재기준:0
20:20:32  RSSI원시:-72
20:20:32  RSSI평활:-72.5
20:20:32  RSSI샘플:2809
20:20:32  RSSI경과ms:6
20:20:32  차량수신:1400
20:20:32  시각ms:154094
20:20:32  IMU시각ms:154082
20:20:32  위험:0
20:20:32  GPS유효:1
20:20:32  위도:37.496479
20:20:32  경도:126.957657
20:20:32  속도:0.118
20:20:32  방향:0.0
20:20:32  GPS원시속도:0.113
20:20:32  GPS원시방향유효:1
20:20:32  GPS원시방향:193.1
20:20:32  가속도:-2.552,2.792,8.835
20:20:32  자이로:-0.916,-2.649,-0.855
20:20:32  자력계:-41.250,53.700,13.050
20:20:32  IMU방향유효:0
20:20:32  IMU방향:0.0
20:20:32  방향가속도크기:9.61
20:20:32  방향자이로크기:2.93
20:20:32  방향자세cos:0.5765
20:20:32  자기모델잔차:999.00
20:20:32  자기모델반경:0.000
20:20:32  방향채택:0
20:20:32  방향거부:18068
20:20:32  송신:1433
20:20:32  GPS위성:7
20:20:32  GPS_HDOP:1.23
20:20:32  원시위도:37.496480
20:20:32  원시경도:126.957656
20:20:32  GPS채택:618
20:20:32  GPS이상치거부:0
20:20:32  GPS품질거부:1
20:20:32  GPS재기준:0
20:20:32  RSSI원시:-72
20:20:32  RSSI평활:-72.5
20:20:32  RSSI샘플:2809
20:20:32  RSSI경과ms:109
20:20:32  차량수신:1400
20:20:32  시각ms:154199
20:20:32  IMU시각ms:154187
20:20:32  위험:0
20:20:32  GPS유효:1
20:20:32  위도:37.496479
20:20:32  경도:126.957657
20:20:32  속도:0.103
20:20:32  방향:0.0
20:20:32  GPS원시속도:0.077
20:20:32  GPS원시방향유효:1
20:20:32  GPS원시방향:193.1
20:20:32  가속도:-2.643,2.701,8.964
20:20:32  자이로:-0.786,2.802,-1.557
20:20:32  자력계:-41.700,54.000,12.600
20:20:32  IMU방향유효:0
20:20:32  IMU방향:0.0
20:20:32  방향가속도크기:9.73
20:20:32  방향자이로크기:3.30
20:20:32  방향자세cos:0.5677
20:20:32  자기모델잔차:999.00
20:20:32  자기모델반경:0.000
20:20:32  방향채택:0
20:20:32  방향거부:18081
20:20:32  송신:1434
20:20:32  GPS위성:7
20:20:32  GPS_HDOP:1.23
20:20:32  원시위도:37.496480
20:20:32  원시경도:126.957656
20:20:32  GPS채택:619
20:20:32  GPS이상치거부:0
20:20:32  GPS품질거부:1
20:20:32  GPS재기준:0
20:20:32  RSSI원시:-74
20:20:32  RSSI평활:-73.8
20:20:32  RSSI샘플:2812
20:20:32  RSSI경과ms:0
20:20:32  차량수신:1401
20:20:32  시각ms:154304
20:20:32  IMU시각ms:154292
20:20:32  위험:0
20:20:32  GPS유효:1
20:20:32  위도:37.496479
20:20:32  경도:126.957657
20:20:32  속도:0.103
20:20:32  방향:0.0
20:20:32  GPS원시속도:0.077
20:20:32  GPS원시방향유효:1
20:20:32  GPS원시방향:193.1
20:20:32  가속도:-2.610,2.887,8.902
20:20:32  자이로:-1.191,0.275,1.252
20:20:32  자력계:-42.150,53.550,13.950
20:20:32  IMU방향유효:0
20:20:32  IMU방향:0.0
20:20:32  방향가속도크기:9.72
20:20:32  방향자이로크기:1.75
20:20:32  방향자세cos:0.5762
20:20:32  자기모델잔차:999.00
20:20:32  자기모델반경:0.000
20:20:32  방향채택:0
20:20:32  방향거부:18094
20:20:32  송신:1435
20:20:32  GPS위성:7
20:20:32  GPS_HDOP:1.23
20:20:32  원시위도:37.496480
20:20:32  원시경도:126.957656
20:20:32  GPS채택:619
20:20:32  GPS이상치거부:0
20:20:32  GPS품질거부:1
20:20:32  GPS재기준:0
20:20:32  RSSI원시:-75
20:20:32  RSSI평활:-74.1
20:20:32  RSSI샘플:2813
20:20:32  RSSI경과ms:91
20:20:32  차량수신:1402
20:20:32  시각ms:154717
20:20:32  IMU시각ms:154705
20:20:32  위험:0
20:20:32  GPS유효:1
20:20:32  위도:37.496479
20:20:32  경도:126.957657
20:20:32  속도:0.070
20:20:32  방향:0.0
20:20:32  GPS원시속도:0.031
20:20:32  GPS원시방향유효:1
20:20:32  GPS원시방향:193.1
20:20:32  가속도:-2.634,2.777,9.045
20:20:32  자이로:-0.611,-2.748,0.718
20:20:32  자력계:-42.750,54.150,13.500
20:20:32  IMU방향유효:0
20:20:32  IMU방향:0.0
20:20:32  방향가속도크기:9.82
20:20:32  방향자이로크기:2.91
20:20:32  방향자세cos:0.5721
20:20:32  자기모델잔차:999.00
20:20:32  자기모델반경:0.000
20:20:32  방향채택:0
20:20:32  방향거부:18143
20:20:32  송신:1439
20:20:32  GPS위성:7
20:20:32  GPS_HDOP:1.23
20:20:32  원시위도:37.496479
20:20:32  원시경도:126.957656
20:20:32  GPS채택:621
20:20:32  GPS이상치거부:0
20:20:32  GPS품질거부:1
20:20:32  GPS재기준:0
20:20:32  RSSI원시:-72
20:20:32  RSSI평활:-74.8
20:20:32  RSSI샘플:2820
20:20:32  RSSI경과ms:4
20:20:32  차량수신:1405
20:20:32  시각ms:154924
20:20:32  IMU시각ms:154912
20:20:32  위험:0
20:20:32  GPS유효:1
20:20:32  위도:37.496479
20:20:32  경도:126.957657
20:20:32  속도:0.054
20:20:32  방향:0.0
20:20:32  GPS원시속도:0.026
20:20:32  GPS원시방향유효:1
20:20:32  GPS원시방향:193.1
20:20:32  가속도:-2.581,2.772,8.954
20:20:32  자이로:-3.374,-0.947,0.313
20:20:32  자력계:-42.900,53.550,13.200
20:20:32  IMU방향유효:0
20:20:32  IMU방향:0.0
20:20:32  방향가속도크기:9.72
20:20:32  방향자이로크기:3.52
20:20:32  방향자세cos:0.5749
20:20:32  자기모델잔차:999.00
20:20:32  자기모델반경:0.000
20:20:32  방향채택:0
20:20:32  방향거부:18168
20:20:32  송신:1441
20:20:32  GPS위성:7
20:20:32  GPS_HDOP:1.23
20:20:32  원시위도:37.496479
20:20:32  원시경도:126.957656
20:20:32  GPS채택:622
20:20:32  GPS이상치거부:0
20:20:32  GPS품질거부:1
20:20:32  GPS재기준:0
20:20:32  RSSI원시:-75
20:20:32  RSSI평활:-74.5
20:20:32  RSSI샘플:2823
20:20:32  RSSI경과ms:95
20:20:32  차량수신:1407
20:20:33  시각ms:155029
20:20:33  IMU시각ms:155017
20:20:33  위험:0
20:20:33  GPS유효:1
20:20:33  위도:37.496479
20:20:33  경도:126.957657
20:20:33  속도:0.037
20:20:33  방향:0.0
20:20:33  GPS원시속도:0.005
20:20:33  GPS원시방향유효:1
20:20:33  GPS원시방향:193.1
20:20:33  가속도:-2.619,2.801,9.069
20:20:33  자이로:-0.336,-2.863,-2.214
20:20:33  자력계:-43.200,54.000,13.950
20:20:33  IMU방향유효:0
20:20:33  IMU방향:0.0
20:20:33  방향가속도크기:9.85
20:20:33  방향자이로크기:3.63
20:20:33  방향자세cos:0.5743
20:20:33  자기모델잔차:999.00
20:20:33  자기모델반경:0.000
20:20:33  방향채택:0
20:20:33  방향거부:18181
20:20:33  송신:1442
20:20:33  GPS위성:7
20:20:33  GPS_HDOP:1.23
20:20:33  원시위도:37.496479
20:20:33  원시경도:126.957656
20:20:33  GPS채택:623
20:20:33  GPS이상치거부:0
20:20:33  GPS품질거부:1
20:20:33  GPS재기준:0
20:20:33  RSSI원시:-74
20:20:33  RSSI평활:-74.3
20:20:33  RSSI샘플:2825
20:20:33  RSSI경과ms:1
20:20:33  차량수신:1408
20:20:33  시각ms:155135
20:20:33  IMU시각ms:155123
20:20:33  위험:0
20:20:33  GPS유효:1
20:20:33  위도:37.496479
20:20:33  경도:126.957657
20:20:33  속도:0.037
20:20:33  방향:0.0
20:20:33  GPS원시속도:0.005
20:20:33  GPS원시방향유효:1
20:20:33  GPS원시방향:193.1
20:20:33  가속도:-2.619,2.811,8.935
20:20:33  자이로:-0.573,0.321,0.939
20:20:33  자력계:-42.900,54.750,13.200
20:20:33  IMU방향유효:0
20:20:33  IMU방향:0.0
20:20:33  방향가속도크기:9.73
20:20:33  방향자이로크기:1.15
20:20:33  방향자세cos:0.5731
20:20:33  자기모델잔차:999.00
20:20:33  자기모델반경:0.000
20:20:33  방향채택:0
20:20:33  방향거부:18193
20:20:33  송신:1443
20:20:33  GPS위성:7
20:20:33  GPS_HDOP:1.23
20:20:33  원시위도:37.496479
20:20:33  원시경도:126.957656
20:20:33  GPS채택:623
20:20:33  GPS이상치거부:0
20:20:33  GPS품질거부:1
20:20:33  GPS재기준:0
20:20:33  RSSI원시:-74
20:20:33  RSSI평활:-74.2
20:20:33  RSSI샘플:2826
20:20:33  RSSI경과ms:102
20:20:33  차량수신:1409
20:20:33  시각ms:155241
20:20:33  IMU시각ms:155229
20:20:33  위험:0
20:20:33  GPS유효:1
20:20:33  위도:37.496479
20:20:33  경도:126.957657
20:20:33  속도:0.030
20:20:33  방향:0.0
20:20:33  GPS원시속도:0.015
20:20:33  GPS원시방향유효:1
20:20:33  GPS원시방향:193.1
20:20:33  가속도:-2.543,2.835,9.084
20:20:33  자이로:-1.405,0.038,-1.275
20:20:33  자력계:-40.950,53.550,13.200
20:20:33  IMU방향유효:0
20:20:33  IMU방향:0.0
20:20:33  방향가속도크기:9.85
20:20:33  방향자이로크기:1.90
20:20:33  방향자세cos:0.5813
20:20:33  자기모델잔차:999.00
20:20:33  자기모델반경:0.000
20:20:33  방향채택:0
20:20:33  방향거부:18205
20:20:33  송신:1444
20:20:33  GPS위성:7
20:20:33  GPS_HDOP:1.23
20:20:33  원시위도:37.496478
20:20:33  원시경도:126.957655
20:20:33  GPS채택:624
20:20:33  GPS이상치거부:0
20:20:33  GPS품질거부:1
20:20:33  GPS재기준:0
20:20:33  RSSI원시:-74
20:20:33  RSSI평활:-74.3
20:20:33  RSSI샘플:2828
20:20:33  RSSI경과ms:103
20:20:33  차량수신:1410
20:20:33  시각ms:155345
20:20:33  IMU시각ms:155333
20:20:33  위험:3
20:20:33  GPS유효:1
20:20:33  위도:37.496479
20:20:33  경도:126.957657
20:20:33  속도:0.030
20:20:33  방향:0.0
20:20:33  GPS원시속도:0.015
20:20:33  GPS원시방향유효:1
20:20:33  GPS원시방향:193.1
20:20:33  가속도:-2.562,2.772,9.031
20:20:33  자이로:-8.756,-3.557,-1.565
20:20:33  자력계:-41.400,56.250,13.200
20:20:33  IMU방향유효:0
20:20:33  IMU방향:0.0
20:20:33  방향가속도크기:9.79
20:20:33  방향자이로크기:9.58
20:20:33  방향자세cos:0.5771
20:20:33  자기모델잔차:999.00
20:20:33  자기모델반경:0.000
20:20:33  방향채택:0
20:20:33  방향거부:18218
20:20:33  송신:1445
20:20:33  GPS위성:7
20:20:33  GPS_HDOP:1.23
20:20:33  원시위도:37.496478
20:20:33  원시경도:126.957655
20:20:33  GPS채택:624
20:20:33  GPS이상치거부:0
20:20:33  GPS품질거부:1
20:20:33  GPS재기준:0
20:20:33  RSSI원시:-77
20:20:33  RSSI평활:-74.8
20:20:33  RSSI샘플:2829
20:20:33  RSSI경과ms:104
20:20:33  차량수신:1411
20:20:33  시각ms:155450
20:20:33  IMU시각ms:155438
20:20:33  위험:3
20:20:33  GPS유효:1
20:20:33  위도:37.496479
20:20:33  경도:126.957657
20:20:33  속도:0.025
20:20:33  방향:0.0
20:20:33  GPS원시속도:0.015
20:20:33  GPS원시방향유효:1
20:20:33  GPS원시방향:193.1
20:20:33  가속도:-3.836,2.638,8.739
20:20:33  자이로:5.015,-7.466,2.733
20:20:33  자력계:-41.700,54.000,15.900
20:20:33  IMU방향유효:0
20:20:33  IMU방향:0.0
20:20:33  방향가속도크기:9.90
20:20:33  방향자이로크기:9.40
20:20:33  방향자세cos:0.4701
20:20:33  자기모델잔차:999.00
20:20:33  자기모델반경:0.000
20:20:33  방향채택:0
20:20:33  방향거부:18231
20:20:33  송신:1446
20:20:33  GPS위성:7
20:20:33  GPS_HDOP:1.23
20:20:33  원시위도:37.496477
20:20:33  원시경도:126.957655
20:20:33  GPS채택:625
20:20:33  GPS이상치거부:0
20:20:33  GPS품질거부:1
20:20:33  GPS재기준:0
20:20:33  RSSI원시:-83
20:20:33  RSSI평활:-76.8
20:20:33  RSSI샘플:2831
20:20:33  RSSI경과ms:8
20:20:33  차량수신:1412
20:20:33  시각ms:155657
20:20:33  IMU시각ms:155645
20:20:33  위험:3
20:20:33  GPS유효:1
20:20:33  위도:37.496479
20:20:33  경도:126.957657
20:20:33  속도:0.030
20:20:33  방향:0.0
20:20:33  GPS원시속도:0.041
20:20:33  GPS원시방향유효:1
20:20:33  GPS원시방향:193.1
20:20:33  가속도:-1.930,2.571,8.025
20:20:33  자이로:-4.130,-2.802,-0.573
20:20:33  자력계:-41.700,56.250,14.400
20:20:33  IMU방향유효:0
20:20:33  IMU방향:0.0
20:20:33  방향가속도크기:8.65
20:20:33  방향자이로크기:5.02
20:20:33  방향자세cos:0.6104
20:20:33  자기모델잔차:999.00
20:20:33  자기모델반경:0.000
20:20:33  방향채택:0
20:20:33  방향거부:18256
20:20:33  송신:1448
20:20:33  GPS위성:7
20:20:33  GPS_HDOP:1.23
20:20:33  원시위도:37.496477
20:20:33  원시경도:126.957655
20:20:33  GPS채택:626
20:20:33  GPS이상치거부:0
20:20:33  GPS품질거부:1
20:20:33  GPS재기준:0
20:20:33  RSSI원시:-82
20:20:33  RSSI평활:-78.0
20:20:33  RSSI샘플:2833
20:20:33  RSSI경과ms:97
20:20:33  차량수신:1414
20:20:33  시각ms:155761
20:20:33  IMU시각ms:155749
20:20:33  위험:3
20:20:33  GPS유효:1
20:20:33  위도:37.496479
20:20:33  경도:126.957657
20:20:33  속도:0.029
20:20:33  방향:0.0
20:20:33  GPS원시속도:0.026
20:20:33  GPS원시방향유효:1
20:20:33  GPS원시방향:193.1
20:20:33  가속도:0.010,0.297,5.526
20:20:33  자이로:-3.626,-0.511,0.260
20:20:33  자력계:-40.950,56.250,12.150
20:20:33  IMU방향유효:0
20:20:33  IMU방향:0.0
20:20:33  방향가속도크기:5.53
20:20:33  방향자이로크기:3.67
20:20:33  방향자세cos:0.6803
20:20:33  자기모델잔차:999.00
20:20:33  자기모델반경:0.000
20:20:33  방향채택:0
20:20:33  방향거부:18269
20:20:33  송신:1449
20:20:33  GPS위성:7
20:20:33  GPS_HDOP:1.23
20:20:33  원시위도:37.496477
20:20:33  원시경도:126.957654
20:20:33  GPS채택:627
20:20:33  GPS이상치거부:0
20:20:33  GPS품질거부:1
20:20:33  GPS재기준:0
20:20:33  RSSI원시:-78
20:20:33  RSSI평활:-78.8
20:20:33  RSSI샘플:2835
20:20:33  RSSI경과ms:79
20:20:33  차량수신:1415
20:20:33  시각ms:155866
20:20:33  IMU시각ms:155854
20:20:33  위험:3
20:20:33  GPS유효:1
20:20:33  위도:37.496479
20:20:33  경도:126.957657
20:20:33  속도:0.029
20:20:33  방향:0.0
20:20:33  GPS원시속도:0.026
20:20:33  GPS원시방향유효:1
20:20:33  GPS원시방향:193.1
20:20:33  가속도:-2.121,2.878,9.151
20:20:33  자이로:-2.252,1.145,-0.786
20:20:33  자력계:-40.050,53.400,14.250
20:20:33  IMU방향유효:0
20:20:33  IMU방향:0.0
20:20:33  방향가속도크기:9.82
20:20:33  방향자이로크기:2.65
20:20:33  방향자세cos:0.6143
20:20:33  자기모델잔차:999.00
20:20:33  자기모델반경:0.000
20:20:33  방향채택:0
20:20:33  방향거부:18282
20:20:33  송신:1450
20:20:33  GPS위성:7
20:20:33  GPS_HDOP:1.23
20:20:33  원시위도:37.496477
20:20:33  원시경도:126.957654
20:20:33  GPS채택:627
20:20:33  GPS이상치거부:0
20:20:33  GPS품질거부:1
20:20:33  GPS재기준:0
20:20:33  RSSI원시:-75
20:20:33  RSSI평활:-77.5
20:20:33  RSSI샘플:2838
20:20:33  RSSI경과ms:2
20:20:33  차량수신:1416
20:20:34  시각ms:155969
20:20:34  IMU시각ms:155957
20:20:34  위험:3
20:20:34  GPS유효:1
20:20:34  위도:37.496475
20:20:34  경도:126.957657
20:20:34  속도:0.024
20:20:34  방향:0.0
20:20:34  GPS원시속도:0.015
20:20:34  GPS원시방향유효:1
20:20:34  GPS원시방향:193.1
20:20:34  가속도:-3.218,3.419,9.596
20:20:34  자이로:8.916,-0.397,4.664
20:20:34  자력계:-42.000,54.900,14.250
20:20:34  IMU방향유효:0
20:20:34  IMU방향:0.0
20:20:34  방향가속도크기:10.68
20:20:34  방향자이로크기:10.07
20:20:34  방향자세cos:0.5574
20:20:34  자기모델잔차:999.00
20:20:34  자기모델반경:0.000
20:20:34  방향채택:0
20:20:34  방향거부:18294
20:20:34  송신:1451
20:20:34  GPS위성:7
20:20:34  GPS_HDOP:1.23
20:20:34  원시위도:37.496476
20:20:34  원시경도:126.957654
20:20:34  GPS채택:628
20:20:34  GPS이상치거부:0
20:20:34  GPS품질거부:1
20:20:34  GPS재기준:0
20:20:34  RSSI원시:-73
20:20:34  RSSI평활:-76.6
20:20:34  RSSI샘플:2839
20:20:34  RSSI경과ms:91
20:20:34  차량수신:1417
20:20:34  시각ms:156074
20:20:34  IMU시각ms:156062
20:20:34  위험:3
20:20:34  GPS유효:1
20:20:34  위도:37.496475
20:20:34  경도:126.957657
20:20:34  속도:0.024
20:20:34  방향:0.0
20:20:34  GPS원시속도:0.015
20:20:34  GPS원시방향유효:1
20:20:34  GPS원시방향:193.1
20:20:34  가속도:-3.141,2.236,9.687
20:20:34  자이로:-5.107,7.893,-5.397
20:20:34  자력계:-41.400,54.300,15.150
20:20:34  IMU방향유효:0
20:20:34  IMU방향:0.0
20:20:34  방향가속도크기:10.43
20:20:34  방향자이로크기:10.84
20:20:34  방향자세cos:0.5232
20:20:34  자기모델잔차:999.00
20:20:34  자기모델반경:0.000
20:20:34  방향채택:0
20:20:34  방향거부:18307
20:20:34  송신:1452
20:20:34  GPS위성:7
20:20:34  GPS_HDOP:1.23
20:20:34  원시위도:37.496476
20:20:34  원시경도:126.957654
20:20:34  GPS채택:628
20:20:34  GPS이상치거부:0
20:20:34  GPS품질거부:1
20:20:34  GPS재기준:0
20:20:34  RSSI원시:-76
20:20:34  RSSI평활:-76.1
20:20:34  RSSI샘플:2841
20:20:34  RSSI경과ms:95
20:20:34  차량수신:1418
20:20:34  시각ms:156179
20:20:34  IMU시각ms:156167
20:20:34  위험:3
20:20:34  GPS유효:1
20:20:34  위도:37.496475
20:20:34  경도:126.957657
20:20:34  속도:0.021
20:20:34  방향:0.0
20:20:34  GPS원시속도:0.015
20:20:34  GPS원시방향유효:1
20:20:34  GPS원시방향:193.1
20:20:34  가속도:-2.471,2.816,8.418
20:20:34  자이로:1.076,0.504,-1.473
20:20:34  자력계:-42.300,52.950,13.800
20:20:34  IMU방향유효:0
20:20:34  IMU방향:0.0
20:20:34  방향가속도크기:9.21
20:20:34  방향자이로크기:1.89
20:20:34  방향자세cos:0.5790
20:20:34  자기모델잔차:999.00
20:20:34  자기모델반경:0.000
20:20:34  방향채택:0
20:20:34  방향거부:18320
20:20:34  송신:1453
20:20:34  GPS위성:7
20:20:34  GPS_HDOP:1.23
20:20:34  원시위도:37.496476
20:20:34  원시경도:126.957654
20:20:34  GPS채택:629
20:20:34  GPS이상치거부:0
20:20:34  GPS품질거부:1
20:20:34  GPS재기준:0
20:20:34  RSSI원시:-75
20:20:34  RSSI평활:-76.0
20:20:34  RSSI샘플:2844
20:20:34  RSSI경과ms:2
20:20:34  차량수신:1419
20:20:34  시각ms:156282
20:20:34  IMU시각ms:156270
20:20:34  위험:3
20:20:34  GPS유효:1
20:20:34  위도:37.496475
20:20:34  경도:126.957657
20:20:34  속도:0.021
20:20:34  방향:0.0
20:20:34  GPS원시속도:0.015
20:20:34  GPS원시방향유효:1
20:20:34  GPS원시방향:193.1
20:20:34  가속도:-3.012,3.103,11.530
20:20:34  자이로:4.786,1.397,3.069
20:20:34  자력계:-40.500,54.450,14.550
20:20:34  IMU방향유효:0
20:20:34  IMU방향:0.0
20:20:34  방향가속도크기:12.31
20:20:34  방향자이로크기:5.85
20:20:34  방향자세cos:0.5799
20:20:34  자기모델잔차:999.00
20:20:34  자기모델반경:0.000
20:20:34  방향채택:0
20:20:34  방향거부:18332
20:20:34  송신:1454
20:20:34  GPS위성:7
20:20:34  GPS_HDOP:1.23
20:20:34  원시위도:37.496476
20:20:34  원시경도:126.957654
20:20:34  GPS채택:629
20:20:34  GPS이상치거부:0
20:20:34  GPS품질거부:1
20:20:34  GPS재기준:0
20:20:34  RSSI원시:-74
20:20:34  RSSI평활:-75.3
20:20:34  RSSI샘플:2846
20:20:34  RSSI경과ms:1
20:20:34  차량수신:1420
20:20:34  시각ms:156385
20:20:34  IMU시각ms:156373
20:20:34  위험:3
20:20:34  GPS유효:1
20:20:34  위도:37.496475
20:20:34  경도:126.957657
20:20:34  속도:0.023
20:20:34  방향:0.0
20:20:34  GPS원시속도:0.026
20:20:34  GPS원시방향유효:1
20:20:34  GPS원시방향:193.1
20:20:34  가속도:-5.526,4.621,10.913
20:20:34  자이로:2.015,0.237,-1.573
20:20:34  자력계:-41.550,53.700,14.850
20:20:34  IMU방향유효:0
20:20:34  IMU방향:0.0
20:20:34  방향가속도크기:13.08
20:20:34  방향자이로크기:2.57
20:20:34  방향자세cos:0.4192
20:20:34  자기모델잔차:999.00
20:20:34  자기모델반경:0.000
20:20:34  방향채택:0
20:20:34  방향거부:18344
20:20:34  송신:1455
20:20:34  GPS위성:7
20:20:34  GPS_HDOP:1.23
20:20:34  원시위도:37.496476
20:20:34  원시경도:126.957654
20:20:34  GPS채택:630
20:20:34  GPS이상치거부:0
20:20:34  GPS품질거부:1
20:20:34  GPS재기준:0
20:20:34  RSSI원시:-72
20:20:34  RSSI평활:-74.3
20:20:34  RSSI샘플:2848
20:20:34  RSSI경과ms:3
20:20:34  차량수신:1421
20:20:34  시각ms:156488
20:20:34  IMU시각ms:156476
20:20:34  위험:3
20:20:34  GPS유효:1
20:20:34  위도:37.496475
20:20:34  경도:126.957657
20:20:34  속도:0.023
20:20:34  방향:0.0
20:20:34  GPS원시속도:0.026
20:20:34  GPS원시방향유효:1
20:20:34  GPS원시방향:193.1
20:20:34  가속도:-2.768,2.715,8.681
20:20:34  자이로:-0.038,-3.641,-1.206
20:20:34  자력계:-42.450,54.000,13.650
20:20:34  IMU방향유효:0
20:20:34  IMU방향:0.0
20:20:34  방향가속도크기:9.51
20:20:34  방향자이로크기:3.84
20:20:34  방향자세cos:0.5552
20:20:34  자기모델잔차:999.00
20:20:34  자기모델반경:0.000
20:20:34  방향채택:0
20:20:34  방향거부:18356
20:20:34  송신:1456
20:20:34  GPS위성:7
20:20:34  GPS_HDOP:1.23
20:20:34  원시위도:37.496476
20:20:34  원시경도:126.957654
20:20:34  GPS채택:630
20:20:34  GPS이상치거부:0
20:20:34  GPS품질거부:1
20:20:34  GPS재기준:0
20:20:34  RSSI원시:-73
20:20:34  RSSI평활:-74.0
20:20:34  RSSI샘플:2849
20:20:34  RSSI경과ms:89
20:20:34  차량수신:1422
20:20:34  시각ms:156593
20:20:34  IMU시각ms:156581
20:20:34  위험:3
20:20:34  GPS유효:1
20:20:34  위도:37.496475
20:20:34  경도:126.957657
20:20:34  속도:0.029
20:20:34  방향:0.0
20:20:34  GPS원시속도:0.041
20:20:34  GPS원시방향유효:1
20:20:34  GPS원시방향:193.1
20:20:34  가속도:-2.959,3.414,10.362
20:20:34  자이로:-8.145,-0.496,-7.489
20:20:34  자력계:-40.950,55.800,14.400
20:20:34  IMU방향유효:0
20:20:34  IMU방향:0.0
20:20:34  방향가속도크기:11.30
20:20:34  방향자이로크기:11.08
20:20:34  방향자세cos:0.5829
20:20:34  자기모델잔차:999.00
20:20:34  자기모델반경:0.000
20:20:34  방향채택:0
20:20:34  방향거부:18369
20:20:34  송신:1457
20:20:34  GPS위성:7
20:20:34  GPS_HDOP:1.23
20:20:34  원시위도:37.496475
20:20:34  원시경도:126.957653
20:20:34  GPS채택:631
20:20:34  GPS이상치거부:0
20:20:34  GPS품질거부:1
20:20:34  GPS재기준:0
20:20:34  RSSI원시:-76
20:20:34  RSSI평활:-74.7
20:20:34  RSSI샘플:2851
20:20:34  RSSI경과ms:86
20:20:34  차량수신:1423
20:20:34  시각ms:156698
20:20:34  IMU시각ms:156686
20:20:34  위험:3
20:20:34  GPS유효:1
20:20:34  위도:37.496475
20:20:34  경도:126.957657
20:20:34  속도:0.029
20:20:34  방향:0.0
20:20:34  GPS원시속도:0.041
20:20:34  GPS원시방향유효:1
20:20:34  GPS원시방향:193.1
20:20:34  가속도:-3.812,3.175,9.917
20:20:34  자이로:0.565,-1.450,-1.656
20:20:34  자력계:-42.150,54.000,12.600
20:20:34  IMU방향유효:0
20:20:34  IMU방향:0.0
20:20:34  방향가속도크기:11.09
20:20:34  방향자이로크기:2.27
20:20:34  방향자세cos:0.5130
20:20:34  자기모델잔차:999.00
20:20:34  자기모델반경:0.000
20:20:34  방향채택:0
20:20:34  방향거부:18382
20:20:34  송신:1458
20:20:34  GPS위성:7
20:20:34  GPS_HDOP:1.23
20:20:34  원시위도:37.496475
20:20:34  원시경도:126.957653
20:20:34  GPS채택:631
20:20:34  GPS이상치거부:0
20:20:34  GPS품질거부:1
20:20:34  GPS재기준:0
20:20:34  RSSI원시:-79
20:20:34  RSSI평활:-76.3
20:20:34  RSSI샘플:2853
20:20:34  RSSI경과ms:81
20:20:34  차량수신:1424
20:20:34  시각ms:156803
20:20:34  IMU시각ms:156791
20:20:34  위험:3
20:20:34  GPS유효:1
20:20:34  위도:37.496475
20:20:34  경도:126.957657
20:20:34  속도:0.039
20:20:34  방향:0.0
20:20:34  GPS원시속도:0.057
20:20:34  GPS원시방향유효:1
20:20:34  GPS원시방향:193.1
20:20:34  가속도:-2.595,2.854,9.476
20:20:34  자이로:-1.374,-1.008,2.298
20:20:34  자력계:-41.400,54.750,13.200
20:20:34  IMU방향유효:0
20:20:34  IMU방향:0.0
20:20:34  방향가속도크기:10.23
20:20:34  방향자이로크기:2.86
20:20:34  방향자세cos:0.5819
20:20:34  자기모델잔차:999.00
20:20:34  자기모델반경:0.000
20:20:34  방향채택:0
20:20:34  방향거부:18395
20:20:34  송신:1459
20:20:34  GPS위성:7
20:20:34  GPS_HDOP:1.23
20:20:34  원시위도:37.496474
20:20:34  원시경도:126.957653
20:20:34  GPS채택:632
20:20:34  GPS이상치거부:0
20:20:34  GPS품질거부:1
20:20:34  GPS재기준:0
20:20:34  RSSI원시:-78
20:20:34  RSSI평활:-77.0
20:20:34  RSSI샘플:2855
20:20:34  RSSI경과ms:89
20:20:34  차량수신:1425
20:20:35  시각ms:156908
20:20:35  IMU시각ms:156896
20:20:35  위험:3
20:20:35  GPS유효:1
20:20:35  위도:37.496475
20:20:35  경도:126.957657
20:20:35  속도:0.039
20:20:35  방향:0.0
20:20:35  GPS원시속도:0.057
20:20:35  GPS원시방향유효:1
20:20:35  GPS원시방향:193.1
20:20:35  가속도:-2.538,2.921,11.133
20:20:35  자이로:-15.198,-2.649,-4.099
20:20:35  자력계:-40.050,57.150,14.550
20:20:35  IMU방향유효:0
20:20:35  IMU방향:0.0
20:20:35  방향가속도크기:11.79
20:20:35  방향자이로크기:15.96
20:20:35  방향자세cos:0.6001
20:20:35  자기모델잔차:999.00
20:20:35  자기모델반경:0.000
20:20:35  방향채택:0
20:20:35  방향거부:18408
20:20:35  송신:1460
20:20:35  GPS위성:7
20:20:35  GPS_HDOP:1.23
20:20:35  원시위도:37.496474
20:20:35  원시경도:126.957653
20:20:35  GPS채택:632
20:20:35  GPS이상치거부:0
20:20:35  GPS품질거부:1
20:20:35  GPS재기준:0
20:20:35  RSSI원시:-80
20:20:35  RSSI평활:-77.6
20:20:35  RSSI샘플:2856
20:20:35  RSSI경과ms:96
20:20:35  차량수신:1425
20:20:35  시각ms:157013
20:20:35  IMU시각ms:157001
20:20:35  위험:3
20:20:35  GPS유효:1
20:20:35  위도:37.496475
20:20:35  경도:126.957649
20:20:35  속도:0.029
20:20:35  방향:0.0
20:20:35  GPS원시속도:0.010
20:20:35  GPS원시방향유효:1
20:20:35  GPS원시방향:193.1
20:20:35  가속도:-3.247,3.223,8.868
20:20:35  자이로:1.122,-1.336,-0.160
20:20:35  자력계:-40.950,54.750,13.650
20:20:35  IMU방향유효:0
20:20:35  IMU방향:0.0
20:20:35  방향가속도크기:9.98
20:20:35  방향자이로크기:1.75
20:20:35  방향자세cos:0.5388
20:20:35  자기모델잔차:999.00
20:20:35  자기모델반경:0.000
20:20:35  방향채택:0
20:20:35  방향거부:18421
20:20:35  송신:1461
20:20:35  GPS위성:7
20:20:35  GPS_HDOP:1.23
20:20:35  원시위도:37.496474
20:20:35  원시경도:126.957652
20:20:35  GPS채택:633
20:20:35  GPS이상치거부:0
20:20:35  GPS품질거부:1
20:20:35  GPS재기준:0
20:20:35  RSSI원시:-79
20:20:35  RSSI평활:-78.6
20:20:35  RSSI샘플:2859
20:20:35  RSSI경과ms:0
20:20:35  차량수신:1426
20:20:35  시각ms:157116
20:20:35  IMU시각ms:157104
20:20:35  위험:3
20:20:35  GPS유효:1
20:20:35  위도:37.496475
20:20:35  경도:126.957649
20:20:35  속도:0.029
20:20:35  방향:0.0
20:20:35  GPS원시속도:0.010
20:20:35  GPS원시방향유효:1
20:20:35  GPS원시방향:193.1
20:20:35  가속도:-2.404,3.136,8.854
20:20:35  자이로:-3.618,0.809,-1.252
20:20:35  자력계:-41.250,56.400,14.250
20:20:35  IMU방향유효:0
20:20:35  IMU방향:0.0
20:20:35  방향가속도크기:9.70
20:20:35  방향자이로크기:3.91
20:20:35  방향자세cos:0.5996
20:20:35  자기모델잔차:999.00
20:20:35  자기모델반경:0.000
20:20:35  방향채택:0
20:20:35  방향거부:18433
20:20:35  송신:1462
20:20:35  GPS위성:7
20:20:35  GPS_HDOP:1.23
20:20:35  원시위도:37.496474
20:20:35  원시경도:126.957652
20:20:35  GPS채택:633
20:20:35  GPS이상치거부:0
20:20:35  GPS품질거부:1
20:20:35  GPS재기준:0
20:20:35  RSSI원시:-78
20:20:35  RSSI평활:-78.9
20:20:35  RSSI샘플:2861
20:20:35  RSSI경과ms:2
20:20:35  차량수신:1427
20:20:35  시각ms:157219
20:20:35  IMU시각ms:157207
20:20:35  위험:3
20:20:35  GPS유효:1
20:20:35  위도:37.496475
20:20:35  경도:126.957649
20:20:35  속도:0.030
20:20:35  방향:0.0
20:20:35  GPS원시속도:0.031
20:20:35  GPS원시방향유효:1
20:20:35  GPS원시방향:193.1
20:20:35  가속도:-1.810,3.409,9.716
20:20:35  자이로:-5.107,4.702,-1.160
20:20:35  자력계:-40.800,56.400,14.850
20:20:35  IMU방향유효:0
20:20:35  IMU방향:0.0
20:20:35  방향가속도크기:10.45
20:20:35  방향자이로크기:7.04
20:20:35  방향자세cos:0.6548
20:20:35  자기모델잔차:999.00
20:20:35  자기모델반경:0.000
20:20:35  방향채택:0
20:20:35  방향거부:18445
20:20:35  송신:1463
20:20:35  GPS위성:7
20:20:35  GPS_HDOP:1.23
20:20:35  원시위도:37.496473
20:20:35  원시경도:126.957652
20:20:35  GPS채택:634
20:20:35  GPS이상치거부:0
20:20:35  GPS품질거부:1
20:20:35  GPS재기준:0
20:20:35  RSSI원시:-78
20:20:35  RSSI평활:-78.7
20:20:35  RSSI샘플:2862
20:20:35  RSSI경과ms:88
20:20:35  차량수신:1428
20:20:35  시각ms:157323
20:20:35  IMU시각ms:157311
20:20:35  위험:3
20:20:35  GPS유효:1
20:20:35  위도:37.496475
20:20:35  경도:126.957649
20:20:35  속도:0.030
20:20:35  방향:0.0
20:20:35  GPS원시속도:0.031
20:20:35  GPS원시방향유효:1
20:20:35  GPS원시방향:193.1
20:20:35  가속도:-2.327,2.389,10.022
20:20:35  자이로:-3.298,-0.702,-1.595
20:20:35  자력계:-41.250,56.100,12.300
20:20:35  IMU방향유효:0
20:20:35  IMU방향:0.0
20:20:35  방향가속도크기:10.56
20:20:35  방향자이로크기:3.73
20:20:35  방향자세cos:0.5889
20:20:35  자기모델잔차:999.00
20:20:35  자기모델반경:0.000
20:20:35  방향채택:0
20:20:35  방향거부:18458
20:20:35  송신:1464
20:20:35  GPS위성:7
20:20:35  GPS_HDOP:1.23
20:20:35  원시위도:37.496473
20:20:35  원시경도:126.957652
20:20:35  GPS채택:634
20:20:35  GPS이상치거부:0
20:20:35  GPS품질거부:1
20:20:35  GPS재기준:0
20:20:35  RSSI원시:-78
20:20:35  RSSI평활:-79.1
20:20:35  RSSI샘플:2865
20:20:35  RSSI경과ms:6
20:20:35  차량수신:1429
20:20:35  시각ms:157426
20:20:35  IMU시각ms:157414
20:20:35  위험:3
20:20:35  GPS유효:1
20:20:35  위도:37.496471
20:20:35  경도:126.957649
20:20:35  속도:0.023
20:20:35  방향:0.0
20:20:35  GPS원시속도:0.010
20:20:35  GPS원시방향유효:1
20:20:35  GPS원시방향:193.1
20:20:35  가속도:-2.433,2.423,8.935
20:20:35  자이로:-9.969,-2.435,-5.023
20:20:35  자력계:-40.800,54.150,15.600
20:20:35  IMU방향유효:0
20:20:35  IMU방향:0.0
20:20:35  방향가속도크기:9.57
20:20:35  방향자이로크기:11.43
20:20:35  방향자세cos:0.5731
20:20:35  자기모델잔차:999.00
20:20:35  자기모델반경:0.000
20:20:35  방향채택:0
20:20:35  방향거부:18470
20:20:35  송신:1465
20:20:35  GPS위성:7
20:20:35  GPS_HDOP:1.23
20:20:35  원시위도:37.496473
20:20:35  원시경도:126.957652
20:20:35  GPS채택:635
20:20:35  GPS이상치거부:0
20:20:35  GPS품질거부:1
20:20:35  GPS재기준:0
20:20:35  RSSI원시:-77
20:20:35  RSSI평활:-78.7
20:20:35  RSSI샘플:2866
20:20:35  RSSI경과ms:4
20:20:35  차량수신:1429
20:20:35  시각ms:157529
20:20:35  IMU시각ms:157517
20:20:35  위험:3
20:20:35  GPS유효:1
20:20:35  위도:37.496471
20:20:35  경도:126.957649
20:20:35  속도:0.023
20:20:35  방향:0.0
20:20:35  GPS원시속도:0.010
20:20:35  GPS원시방향유효:1
20:20:35  GPS원시방향:193.1
20:20:35  가속도:-0.603,0.881,5.425
20:20:35  자이로:-5.084,5.878,-2.198
20:20:35  자력계:-41.400,55.800,14.400
20:20:35  IMU방향유효:0
20:20:35  IMU방향:0.0
20:20:35  방향가속도크기:5.53
20:20:35  방향자이로크기:8.08
20:20:35  방향자세cos:0.6361
20:20:35  자기모델잔차:999.00
20:20:35  자기모델반경:0.000
20:20:35  방향채택:0
20:20:35  방향거부:18482
20:20:35  송신:1466
20:20:35  GPS위성:7
20:20:35  GPS_HDOP:1.23
20:20:35  원시위도:37.496473
20:20:35  원시경도:126.957652
20:20:35  GPS채택:635
20:20:35  GPS이상치거부:0
20:20:35  GPS품질거부:1
20:20:35  GPS재기준:0
20:20:35  RSSI원시:-80
20:20:35  RSSI평활:-78.9
20:20:35  RSSI샘플:2867
20:20:35  RSSI경과ms:81
20:20:35  차량수신:1430
20:20:35  시각ms:157634
20:20:35  IMU시각ms:157622
20:20:35  위험:3
20:20:35  GPS유효:1
20:20:35  위도:37.496471
20:20:35  경도:126.957649
20:20:35  속도:0.020
20:20:35  방향:0.0
20:20:35  GPS원시속도:0.015
20:20:35  GPS원시방향유효:1
20:20:35  GPS원시방향:193.1
20:20:35  가속도:-2.562,2.519,9.519
20:20:35  자이로:-3.748,1.084,-0.794
20:20:35  자력계:-43.950,53.550,13.200
20:20:35  IMU방향유효:0
20:20:35  IMU방향:0.0
20:20:35  방향가속도크기:10.17
20:20:35  방향자이로크기:3.98
20:20:35  방향자세cos:0.5730
20:20:35  자기모델잔차:999.00
20:20:35  자기모델반경:0.000
20:20:35  방향채택:0
20:20:35  방향거부:18495
20:20:35  송신:1467
20:20:35  GPS위성:7
20:20:35  GPS_HDOP:1.23
20:20:35  원시위도:37.496472
20:20:35  원시경도:126.957652
20:20:35  GPS채택:636
20:20:35  GPS이상치거부:0
20:20:35  GPS품질거부:1
20:20:35  GPS재기준:0
20:20:35  RSSI원시:-79
20:20:35  RSSI평활:-78.8
20:20:35  RSSI샘플:2869
20:20:35  RSSI경과ms:5
20:20:35  차량수신:1431
20:20:35  시각ms:157839
20:20:35  IMU시각ms:157827
20:20:35  위험:3
20:20:35  GPS유효:1
20:20:35  위도:37.496471
20:20:35  경도:126.957649
20:20:35  속도:0.024
20:20:35  방향:0.0
20:20:35  GPS원시속도:0.031
20:20:35  GPS원시방향유효:1
20:20:35  GPS원시방향:193.1
20:20:35  가속도:-2.777,4.175,11.507
20:20:35  자이로:-9.450,10.038,-7.305
20:20:35  자력계:-41.400,55.500,14.400
20:20:35  IMU방향유효:0
20:20:35  IMU방향:0.0
20:20:35  방향가속도크기:12.55
20:20:35  방향자이로크기:15.60
20:20:35  방향자세cos:0.6221
20:20:35  자기모델잔차:999.00
20:20:35  자기모델반경:0.000
20:20:35  방향채택:0
20:20:35  방향거부:18519
20:20:35  송신:1469
20:20:35  GPS위성:7
20:20:35  GPS_HDOP:1.23
20:20:35  원시위도:37.496472
20:20:35  원시경도:126.957652
20:20:35  GPS채택:637
20:20:35  GPS이상치거부:0
20:20:35  GPS품질거부:1
20:20:35  GPS재기준:0
20:20:35  RSSI원시:-81
20:20:35  RSSI평활:-79.4
20:20:35  RSSI샘플:2871
20:20:35  RSSI경과ms:80
20:20:35  차량수신:1432
20:20:35  시각ms:157943
20:20:35  IMU시각ms:157931
20:20:35  위험:3
20:20:35  GPS유효:1
20:20:35  위도:37.496471
20:20:35  경도:126.957649
20:20:35  속도:0.024
20:20:35  방향:0.0
20:20:35  GPS원시속도:0.031
20:20:35  GPS원시방향유효:1
20:20:35  GPS원시방향:193.1
20:20:35  가속도:-2.667,2.552,7.585
20:20:35  자이로:1.817,-1.634,0.443
20:20:35  자력계:-41.400,53.550,12.900
20:20:35  IMU방향유효:0
20:20:35  IMU방향:0.0
20:20:35  방향가속도크기:8.44
20:20:35  방향자이로크기:2.48
20:20:35  방향자세cos:0.5404
20:20:35  자기모델잔차:999.00
20:20:35  자기모델반경:0.000
20:20:35  방향채택:0
20:20:35  방향거부:18532
20:20:35  송신:1470
20:20:35  GPS위성:7
20:20:35  GPS_HDOP:1.23
20:20:35  원시위도:37.496472
20:20:35  원시경도:126.957652
20:20:35  GPS채택:637
20:20:35  GPS이상치거부:0
20:20:35  GPS품질거부:1
20:20:35  GPS재기준:0
20:20:35  RSSI원시:-81
20:20:35  RSSI평활:-79.6
20:20:35  RSSI샘플:2874
20:20:35  RSSI경과ms:2
20:20:35  차량수신:1433
20:20:36  시각ms:158046
20:20:36  IMU시각ms:158034
20:20:36  위험:3
20:20:36  GPS유효:1
20:20:36  위도:37.496471
20:20:36  경도:126.957649
20:20:36  속도:0.032
20:20:36  방향:0.0
20:20:36  GPS원시속도:0.046
20:20:36  GPS원시방향유효:1
20:20:36  GPS원시방향:193.1
20:20:36  가속도:-1.958,2.787,7.939
20:20:36  자이로:-7.099,-1.420,-0.611
20:20:36  자력계:-40.800,55.650,14.250
20:20:36  IMU방향유효:0
20:20:36  IMU방향:0.0
20:20:36  방향가속도크기:8.64
20:20:36  방향자이로크기:7.27
20:20:36  방향자세cos:0.6152
20:20:36  자기모델잔차:999.00
20:20:36  자기모델반경:0.000
20:20:36  방향채택:0
20:20:36  방향거부:18544
20:20:36  송신:1471
20:20:36  GPS위성:7
20:20:36  GPS_HDOP:1.23
20:20:36  원시위도:37.496471
20:20:36  원시경도:126.957651
20:20:36  GPS채택:638
20:20:36  GPS이상치거부:0
20:20:36  GPS품질거부:1
20:20:36  GPS재기준:0
20:20:36  RSSI원시:-80
20:20:36  RSSI평활:-79.9
20:20:36  RSSI샘플:2876
20:20:36  RSSI경과ms:5
20:20:36  차량수신:1434
20:20:36  시각ms:158148
20:20:36  IMU시각ms:158136
20:20:36  위험:3
20:20:36  GPS유효:1
20:20:36  위도:37.496471
20:20:36  경도:126.957649
20:20:36  속도:0.032
20:20:36  방향:0.0
20:20:36  GPS원시속도:0.046
20:20:36  GPS원시방향유효:1
20:20:36  GPS원시방향:193.1
20:20:36  가속도:-0.373,2.792,9.069
20:20:36  자이로:3.496,-15.847,7.977
20:20:36  자력계:-41.700,54.300,14.400
20:20:36  IMU방향유효:0
20:20:36  IMU방향:0.0
20:20:36  방향가속도크기:9.50
20:20:36  방향자이로크기:18.08
20:20:36  방향자세cos:0.7326
20:20:36  자기모델잔차:999.00
20:20:36  자기모델반경:0.000
20:20:36  방향채택:0
20:20:36  방향거부:18556
20:20:36  송신:1472
20:20:36  GPS위성:7
20:20:36  GPS_HDOP:1.23
20:20:36  원시위도:37.496471
20:20:36  원시경도:126.957651
20:20:36  GPS채택:638
20:20:36  GPS이상치거부:0
20:20:36  GPS품질거부:1
20:20:36  GPS재기준:0
20:20:36  RSSI원시:-81
20:20:36  RSSI평활:-80.1
20:20:36  RSSI샘플:2878
20:20:36  RSSI경과ms:4
20:20:36  차량수신:1435
20:20:36  시각ms:158251
20:20:36  IMU시각ms:158239
20:20:36  위험:3
20:20:36  GPS유효:1
20:20:36  위도:37.496471
20:20:36  경도:126.957649
20:20:36  속도:0.022
20:20:36  방향:0.0
20:20:36  GPS원시속도:0.005
20:20:36  GPS원시방향유효:1
20:20:36  GPS원시방향:193.1
20:20:36  가속도:-2.581,2.835,7.389
20:20:36  자이로:2.405,-2.786,0.771
20:20:36  자력계:-42.000,54.150,14.250
20:20:36  IMU방향유효:0
20:20:36  IMU방향:0.0
20:20:36  방향가속도크기:8.32
20:20:36  방향자이로크기:3.76
20:20:36  방향자세cos:0.5559
20:20:36  자기모델잔차:999.00
20:20:36  자기모델반경:0.000
20:20:36  방향채택:0
20:20:36  방향거부:18568
20:20:36  송신:1473
20:20:36  GPS위성:7
20:20:36  GPS_HDOP:1.23
20:20:36  원시위도:37.496471
20:20:36  원시경도:126.957651
20:20:36  GPS채택:639
20:20:36  GPS이상치거부:0
20:20:36  GPS품질거부:1
20:20:36  GPS재기준:0
20:20:36  RSSI원시:-78
20:20:36  RSSI평활:-80.0
20:20:36  RSSI샘플:2880
20:20:36  RSSI경과ms:4
20:20:36  차량수신:1436
20:20:36  시각ms:158353
20:20:36  IMU시각ms:158341
20:20:36  위험:1
20:20:36  GPS유효:1
20:20:36  위도:37.496471
20:20:36  경도:126.957649
20:20:36  속도:0.016
20:20:36  방향:0.0
20:20:36  GPS원시속도:0.005
20:20:36  GPS원시방향유효:1
20:20:36  GPS원시방향:193.1
20:20:36  가속도:-4.875,3.788,9.855
20:20:36  자이로:5.099,-4.168,-0.237
20:20:36  자력계:-41.250,53.700,13.800
20:20:36  IMU방향유효:0
20:20:36  IMU방향:0.0
20:20:36  방향가속도크기:11.63
20:20:36  방향자이로크기:6.59
20:20:36  방향자세cos:0.4594
20:20:36  자기모델잔차:999.00
20:20:36  자기모델반경:0.000
20:20:36  방향채택:0
20:20:36  방향거부:18580
20:20:36  송신:1474
20:20:36  GPS위성:7
20:20:36  GPS_HDOP:1.23
20:20:36  원시위도:37.496470
20:20:36  원시경도:126.957651
20:20:36  GPS채택:640
20:20:36  GPS이상치거부:0
20:20:36  GPS품질거부:1
20:20:36  GPS재기준:0
20:20:36  RSSI원시:-80
20:20:36  RSSI평활:-79.7
20:20:36  RSSI샘플:2882
20:20:36  RSSI경과ms:1
20:20:36  차량수신:1437
20:20:36  시각ms:158456
20:20:36  IMU시각ms:158444
20:20:36  위험:1
20:20:36  GPS유효:1
20:20:36  위도:37.496471
20:20:36  경도:126.957649
20:20:36  속도:0.016
20:20:36  방향:0.0
20:20:36  GPS원시속도:0.005
20:20:36  GPS원시방향유효:1
20:20:36  GPS원시방향:193.1
20:20:36  가속도:-0.153,-0.311,5.780
20:20:36  자이로:0.809,9.160,-3.260
20:20:36  자력계:-40.800,56.850,15.450
20:20:36  IMU방향유효:0
20:20:36  IMU방향:0.0
20:20:36  방향가속도크기:5.79
20:20:36  방향자이로크기:9.76
20:20:36  방향자세cos:0.7320
20:20:36  자기모델잔차:999.00
20:20:36  자기모델반경:0.000
20:20:36  방향채택:0
20:20:36  방향거부:18592
20:20:36  송신:1475
20:20:36  GPS위성:7
20:20:36  GPS_HDOP:1.23
20:20:36  원시위도:37.496470
20:20:36  원시경도:126.957651
20:20:36  GPS채택:640
20:20:36  GPS이상치거부:0
20:20:36  GPS품질거부:1
20:20:36  GPS재기준:0
20:20:36  RSSI원시:-77
20:20:36  RSSI평활:-79.1
20:20:36  RSSI샘플:2883
20:20:36  RSSI경과ms:72
20:20:36  차량수신:1438
20:20:36  시각ms:158560
20:20:36  IMU시각ms:158548
20:20:36  위험:1
20:20:36  GPS유효:1
20:20:36  위도:37.496471
20:20:36  경도:126.957649
20:20:36  속도:0.020
20:20:36  방향:0.0
20:20:36  GPS원시속도:0.026
20:20:36  GPS원시방향유효:1
20:20:36  GPS원시방향:193.1
20:20:36  가속도:-4.295,6.570,11.617
20:20:36  자이로:-11.885,13.198,-1.229
20:20:36  자력계:-41.550,54.450,13.800
20:20:36  IMU방향유효:0
20:20:36  IMU방향:0.0
20:20:36  방향가속도크기:14.02
20:20:36  방향자이로크기:17.80
20:20:36  방향자세cos:0.5783
20:20:36  자기모델잔차:999.00
20:20:36  자기모델반경:0.000
20:20:36  방향채택:0
20:20:36  방향거부:18605
20:20:36  송신:1476
20:20:36  GPS위성:7
20:20:36  GPS_HDOP:1.23
20:20:36  원시위도:37.496470
20:20:36  원시경도:126.957651
20:20:36  GPS채택:641
20:20:36  GPS이상치거부:0
20:20:36  GPS품질거부:1
20:20:36  GPS재기준:0
20:20:36  RSSI원시:-78
20:20:36  RSSI평활:-78.9
20:20:36  RSSI샘플:2886
20:20:36  RSSI경과ms:6
20:20:36  차량수신:1439
20:20:36  시각ms:158765
20:20:36  IMU시각ms:158753
20:20:36  위험:1
20:20:36  GPS유효:1
20:20:36  위도:37.496471
20:20:36  경도:126.957649
20:20:36  속도:0.020
20:20:36  방향:0.0
20:20:36  GPS원시속도:0.021
20:20:36  GPS원시방향유효:1
20:20:36  GPS원시방향:193.1
20:20:36  가속도:0.187,-1.398,5.468
20:20:36  자이로:-5.885,-2.672,-0.901
20:20:36  자력계:-41.400,55.500,14.400
20:20:36  IMU방향유효:0
20:20:36  IMU방향:0.0
20:20:36  방향가속도크기:5.65
20:20:36  방향자이로크기:6.53
20:20:36  방향자세cos:0.5742
20:20:36  자기모델잔차:999.00
20:20:36  자기모델반경:0.000
20:20:36  방향채택:0
20:20:36  방향거부:18629
20:20:36  송신:1478
20:20:36  GPS위성:7
20:20:36  GPS_HDOP:1.23
20:20:36  원시위도:37.496469
20:20:36  원시경도:126.957651
20:20:36  GPS채택:642
20:20:36  GPS이상치거부:0
20:20:36  GPS품질거부:1
20:20:36  GPS재기준:0
20:20:36  RSSI원시:-73
20:20:36  RSSI평활:-76.3
20:20:36  RSSI샘플:2890
20:20:36  RSSI경과ms:1
20:20:36  차량수신:1441
20:20:37  시각ms:158970
20:20:37  IMU시각ms:158958
20:20:37  위험:1
20:20:37  GPS유효:1
20:20:37  위도:37.496468
20:20:37  경도:126.957649
20:20:37  속도:0.026
20:20:37  방향:0.0
20:20:37  GPS원시속도:0.036
20:20:37  GPS원시방향유효:1
20:20:37  GPS원시방향:193.1
20:20:37  가속도:-2.734,2.696,9.093
20:20:37  자이로:-3.664,-1.672,1.053
20:20:37  자력계:-40.500,53.700,13.800
20:20:37  IMU방향유효:0
20:20:37  IMU방향:0.0
20:20:37  방향가속도크기:9.87
20:20:37  방향자이로크기:4.16
20:20:37  방향자세cos:0.5622
20:20:37  자기모델잔차:999.00
20:20:37  자기모델반경:0.000
20:20:37  방향채택:0
20:20:37  방향거부:18653
20:20:37  송신:1480
20:20:37  GPS위성:7
20:20:37  GPS_HDOP:1.23
20:20:37  원시위도:37.496469
20:20:37  원시경도:126.957651
20:20:37  GPS채택:643
20:20:37  GPS이상치거부:0
20:20:37  GPS품질거부:1
20:20:37  GPS재기준:0
20:20:37  RSSI원시:-71
20:20:37  RSSI평활:-73.3
20:20:37  RSSI샘플:2894
20:20:37  RSSI경과ms:2
20:20:37  차량수신:1443
20:20:37  시각ms:159177
20:20:37  IMU시각ms:159165
20:20:37  위험:1
20:20:37  GPS유효:1
20:20:37  위도:37.496468
20:20:37  경도:126.957649
20:20:37  속도:0.027
20:20:37  방향:0.0
20:20:37  GPS원시속도:0.031
20:20:37  GPS원시방향유효:1
20:20:37  GPS원시방향:193.1
20:20:37  가속도:-2.691,2.729,8.983
20:20:37  자이로:-1.313,0.344,0.099
20:20:37  자력계:-40.800,54.150,12.750
20:20:37  IMU방향유효:0
20:20:37  IMU방향:0.0
20:20:37  방향가속도크기:9.77
20:20:37  방향자이로크기:1.36
20:20:37  방향자세cos:0.5654
20:20:37  자기모델잔차:999.00
20:20:37  자기모델반경:0.000
20:20:37  방향채택:0
20:20:37  방향거부:18678
20:20:37  송신:1482
20:20:37  GPS위성:7
20:20:37  GPS_HDOP:1.23
20:20:37  원시위도:37.496468
20:20:37  원시경도:126.957650
20:20:37  GPS채택:644
20:20:37  GPS이상치거부:0
20:20:37  GPS품질거부:1
20:20:37  GPS재기준:0
20:20:37  RSSI원시:-72
20:20:37  RSSI평활:-72.5
20:20:37  RSSI샘플:2898
20:20:37  RSSI경과ms:7
20:20:37  차량수신:1445
20:20:37  시각ms:159280
20:20:37  IMU시각ms:159268
20:20:37  위험:1
20:20:37  GPS유효:1
20:20:37  위도:37.496468
20:20:37  경도:126.957649
20:20:37  속도:0.027
20:20:37  방향:0.0
20:20:37  GPS원시속도:0.031
20:20:37  GPS원시방향유효:1
20:20:37  GPS원시방향:193.1
20:20:37  가속도:-2.500,2.830,8.926
20:20:37  자이로:-0.817,0.168,-0.015
20:20:37  자력계:-42.300,54.900,13.500
20:20:37  IMU방향유효:0
20:20:37  IMU방향:0.0
20:20:37  방향가속도크기:9.69
20:20:37  방향자이로크기:0.83
20:20:37  방향자세cos:0.5828
20:20:37  자기모델잔차:999.00
20:20:37  자기모델반경:0.000
20:20:37  방향채택:0
20:20:37  방향거부:18690
20:20:37  송신:1483
20:20:37  GPS위성:7
20:20:37  GPS_HDOP:1.23
20:20:37  원시위도:37.496468
20:20:37  원시경도:126.957650
20:20:37  GPS채택:644
20:20:37  GPS이상치거부:0
20:20:37  GPS품질거부:1
20:20:37  GPS재기준:0
20:20:37  RSSI원시:-70
20:20:37  RSSI평활:-71.6
20:20:37  RSSI샘플:2900
20:20:37  RSSI경과ms:6
20:20:37  차량수신:1446
20:20:37  시각ms:159383
20:20:37  IMU시각ms:159371
20:20:37  위험:1
20:20:37  GPS유효:1
20:20:37  위도:37.496468
20:20:37  경도:126.957649
20:20:37  속도:0.036
20:20:37  방향:0.0
20:20:37  GPS원시속도:0.051
20:20:37  GPS원시방향유효:1
20:20:37  GPS원시방향:193.1
20:20:37  가속도:-2.514,2.887,8.983
20:20:37  자이로:-2.466,0.511,1.359
20:20:37  자력계:-42.750,54.450,14.250
20:20:37  IMU방향유효:0
20:20:37  IMU방향:0.0
20:20:37  방향가속도크기:9.76
20:20:37  방향자이로크기:2.86
20:20:37  방향자세cos:0.5843
20:20:37  자기모델잔차:999.00
20:20:37  자기모델반경:0.000
20:20:37  방향채택:0
20:20:37  방향거부:18702
20:20:37  송신:1484
20:20:37  GPS위성:7
20:20:37  GPS_HDOP:1.23
20:20:37  원시위도:37.496468
20:20:37  원시경도:126.957650
20:20:37  GPS채택:645
20:20:37  GPS이상치거부:0
20:20:37  GPS품질거부:1
20:20:37  GPS재기준:0
20:20:37  RSSI원시:-71
20:20:37  RSSI평활:-71.6
20:20:37  RSSI샘플:2902
20:20:37  RSSI경과ms:4
20:20:37  차량수신:1447
20:20:37  시각ms:159486
20:20:37  IMU시각ms:159474
20:20:37  위험:1
20:20:37  GPS유효:1
20:20:37  위도:37.496468
20:20:37  경도:126.957649
20:20:37  속도:0.036
20:20:37  방향:0.0
20:20:37  GPS원시속도:0.051
20:20:37  GPS원시방향유효:1
20:20:37  GPS원시방향:193.1
20:20:37  가속도:-2.480,2.830,8.954
20:20:37  자이로:-1.145,-1.015,-0.916
20:20:37  자력계:-41.700,52.350,14.400
20:20:37  IMU방향유효:0
20:20:37  IMU방향:0.0
20:20:37  방향가속도크기:9.71
20:20:37  방향자이로크기:1.78
20:20:37  방향자세cos:0.5845
20:20:37  자기모델잔차:999.00
20:20:37  자기모델반경:0.000
20:20:37  방향채택:0
20:20:37  방향거부:18714
20:20:37  송신:1485
20:20:37  GPS위성:7
20:20:37  GPS_HDOP:1.23
20:20:37  원시위도:37.496468
20:20:37  원시경도:126.957650
20:20:37  GPS채택:645
20:20:37  GPS이상치거부:0
20:20:37  GPS품질거부:1
20:20:37  GPS재기준:0
20:20:37  RSSI원시:-71
20:20:37  RSSI평활:-71.4
20:20:37  RSSI샘플:2903
20:20:37  RSSI경과ms:52
20:20:37  차량수신:1448
20:20:37  시각ms:159591
20:20:37  IMU시각ms:159579
20:20:37  위험:1
20:20:37  GPS유효:1
20:20:37  위도:37.496468
20:20:37  경도:126.957649
20:20:37  속도:0.025
20:20:37  방향:0.0
20:20:37  GPS원시속도:0.005
20:20:37  GPS원시방향유효:1
20:20:37  GPS원시방향:193.1
20:20:37  가속도:-2.662,2.782,9.017
20:20:37  자이로:0.550,0.718,0.893
20:20:37  자력계:-42.000,53.400,14.250
20:20:37  IMU방향유효:0
20:20:37  IMU방향:0.0
20:20:37  방향가속도크기:9.80
20:20:37  방향자이로크기:1.27
20:20:37  방향자세cos:0.5698
20:20:37  자기모델잔차:999.00
20:20:37  자기모델반경:0.000
20:20:37  방향채택:0
20:20:37  방향거부:18727
20:20:37  송신:1486
20:20:37  GPS위성:7
20:20:37  GPS_HDOP:1.23
20:20:37  원시위도:37.496467
20:20:37  원시경도:126.957650
20:20:37  GPS채택:646
20:20:37  GPS이상치거부:0
20:20:37  GPS품질거부:1
20:20:37  GPS재기준:0
20:20:37  RSSI원시:-72
20:20:37  RSSI평활:-71.4
20:20:37  RSSI샘플:2906
20:20:37  RSSI경과ms:0
20:20:37  차량수신:1449
20:20:37  시각ms:159696
20:20:37  IMU시각ms:159684
20:20:37  위험:1
20:20:37  GPS유효:1
20:20:37  위도:37.496468
20:20:37  경도:126.957649
20:20:37  속도:0.025
20:20:37  방향:0.0
20:20:37  GPS원시속도:0.005
20:20:37  GPS원시방향유효:1
20:20:37  GPS원시방향:193.1
20:20:37  가속도:-2.557,2.629,8.906
20:20:37  자이로:0.260,-2.069,0.313
20:20:37  자력계:-43.200,53.550,13.650
20:20:37  IMU방향유효:0
20:20:37  IMU방향:0.0
20:20:37  방향가속도크기:9.63
20:20:37  방향자이로크기:2.11
20:20:37  방향자세cos:0.5710
20:20:37  자기모델잔차:999.00
20:20:37  자기모델반경:0.000
20:20:37  방향채택:0
20:20:37  방향거부:18740
20:20:37  송신:1487
20:20:37  GPS위성:7
20:20:37  GPS_HDOP:1.23
20:20:37  원시위도:37.496467
20:20:37  원시경도:126.957650
20:20:37  GPS채택:646
20:20:37  GPS이상치거부:0
20:20:37  GPS품질거부:1
20:20:37  GPS재기준:0
20:20:37  RSSI원시:-72
20:20:37  RSSI평활:-71.6
20:20:37  RSSI샘플:2908
20:20:37  RSSI경과ms:1
20:20:37  차량수신:1450
20:20:37  시각ms:159799
20:20:37  IMU시각ms:159787
20:20:37  위험:1
20:20:37  GPS유효:1
20:20:37  위도:37.496468
20:20:37  경도:126.957649
20:20:37  속도:0.018
20:20:37  방향:0.0
20:20:37  GPS원시속도:0.005
20:20:37  GPS원시방향유효:1
20:20:37  GPS원시방향:193.1
20:20:37  가속도:-2.595,2.806,8.911
20:20:37  자이로:-1.412,-1.450,-1.191
20:20:37  자력계:-43.650,52.800,12.150
20:20:37  IMU방향유효:0
20:20:37  IMU방향:0.0
20:20:37  방향가속도크기:9.70
20:20:37  방향자이로크기:2.35
20:20:37  방향자세cos:0.5745
20:20:37  자기모델잔차:999.00
20:20:37  자기모델반경:0.000
20:20:37  방향채택:0
20:20:37  방향거부:18752
20:20:37  송신:1488
20:20:37  GPS위성:7
20:20:37  GPS_HDOP:1.23
20:20:37  원시위도:37.496467
20:20:37  원시경도:126.957650
20:20:37  GPS채택:647
20:20:37  GPS이상치거부:0
20:20:37  GPS품질거부:1
20:20:37  GPS재기준:0
20:20:37  RSSI원시:-72
20:20:37  RSSI평활:-71.8
20:20:37  RSSI샘플:2910
20:20:37  RSSI경과ms:6
20:20:37  차량수신:1451
20:20:37  시각ms:159902
20:20:37  IMU시각ms:159890
20:20:37  위험:1
20:20:37  GPS유효:1
20:20:37  위도:37.496468
20:20:37  경도:126.957649
20:20:37  속도:0.018
20:20:37  방향:0.0
20:20:37  GPS원시속도:0.005
20:20:37  GPS원시방향유효:1
20:20:37  GPS원시방향:193.1
20:20:37  가속도:-2.576,2.725,8.954
20:20:37  자이로:-1.053,1.725,-1.557
20:20:37  자력계:-41.550,52.950,14.550
20:20:37  IMU방향유효:0
20:20:37  IMU방향:0.0
20:20:37  방향가속도크기:9.71
20:20:37  방향자이로크기:2.55
20:20:37  방향자세cos:0.5735
20:20:37  자기모델잔차:999.00
20:20:37  자기모델반경:0.000
20:20:37  방향채택:0
20:20:37  방향거부:18764
20:20:37  송신:1489
20:20:37  GPS위성:7
20:20:37  GPS_HDOP:1.23
20:20:37  원시위도:37.496467
20:20:37  원시경도:126.957650
20:20:37  GPS채택:647
20:20:37  GPS이상치거부:0
20:20:37  GPS품질거부:1
20:20:37  GPS재기준:0
20:20:37  RSSI원시:-72
20:20:37  RSSI평활:-71.7
20:20:37  RSSI샘플:2912
20:20:37  RSSI경과ms:4
20:20:37  차량수신:1452
20:20:38  시각ms:160005
20:20:38  IMU시각ms:159993
20:20:38  위험:1
20:20:38  GPS유효:1
20:20:38  위도:37.496468
20:20:38  경도:126.957649
20:20:38  속도:0.026
20:20:38  방향:0.0
20:20:38  GPS원시속도:0.041
20:20:38  GPS원시방향유효:1
20:20:38  GPS원시방향:193.1
20:20:38  가속도:-2.581,2.835,8.973
20:20:38  자이로:1.076,-1.313,0.969
20:20:38  자력계:-41.550,53.700,13.500
20:20:38  IMU방향유효:0
20:20:38  IMU방향:0.0
20:20:38  방향가속도크기:9.76
20:20:38  방향자이로크기:1.96
20:20:38  방향자세cos:0.5773
20:20:38  자기모델잔차:999.00
20:20:38  자기모델반경:0.000
20:20:38  방향채택:0
20:20:38  방향거부:18776
20:20:38  송신:1490
20:20:38  GPS위성:7
20:20:38  GPS_HDOP:1.23
20:20:38  원시위도:37.496467
20:20:38  원시경도:126.957650
20:20:38  GPS채택:648
20:20:38  GPS이상치거부:0
20:20:38  GPS품질거부:1
20:20:38  GPS재기준:0
20:20:38  RSSI원시:-70
20:20:38  RSSI평활:-71.4
20:20:38  RSSI샘플:2913
20:20:38  RSSI경과ms:40
20:20:38  차량수신:1453
20:20:38  시각ms:160110
20:20:38  IMU시각ms:160098
20:20:38  위험:1
20:20:38  GPS유효:1
20:20:38  위도:37.496468
20:20:38  경도:126.957649
20:20:38  속도:0.026
20:20:38  방향:0.0
20:20:38  GPS원시속도:0.041
20:20:38  GPS원시방향유효:1
20:20:38  GPS원시방향:193.1
20:20:38  가속도:-2.576,2.753,9.031
20:20:38  자이로:1.382,-2.153,0.229
20:20:38  자력계:-43.200,53.550,12.600
20:20:38  IMU방향유효:0
20:20:38  IMU방향:0.0
20:20:38  방향가속도크기:9.79
20:20:38  방향자이로크기:2.57
20:20:38  방향자세cos:0.5754
20:20:38  자기모델잔차:999.00
20:20:38  자기모델반경:0.000
20:20:38  방향채택:0
20:20:38  방향거부:18789
20:20:38  송신:1491
20:20:38  GPS위성:7
20:20:38  GPS_HDOP:1.23
20:20:38  원시위도:37.496467
20:20:38  원시경도:126.957650
20:20:38  GPS채택:648
20:20:38  GPS이상치거부:0
20:20:38  GPS품질거부:1
20:20:38  GPS재기준:0
20:20:38  RSSI원시:-71
20:20:38  RSSI평활:-71.2
20:20:38  RSSI샘플:2916
20:20:38  RSSI경과ms:1
20:20:38  차량수신:1454
20:20:38  시각ms:160213
20:20:38  IMU시각ms:160201
20:20:38  위험:1
20:20:38  GPS유효:1
20:20:38  위도:37.496468
20:20:38  경도:126.957649
20:20:38  속도:0.021
20:20:38  방향:0.0
20:20:38  GPS원시속도:0.010
20:20:38  GPS원시방향유효:1
20:20:38  GPS원시방향:193.1
20:20:38  가속도:-2.509,2.672,8.930
20:20:38  자이로:-0.046,-0.351,-1.252
20:20:38  자력계:-42.300,53.700,12.750
20:20:38  IMU방향유효:0
20:20:38  IMU방향:0.0
20:20:38  방향가속도크기:9.65
20:20:38  방향자이로크기:1.30
20:20:38  방향자세cos:0.5765
20:20:38  자기모델잔차:999.00
20:20:38  자기모델반경:0.000
20:20:38  방향채택:0
20:20:38  방향거부:18801
20:20:38  송신:1492
20:20:38  GPS위성:7
20:20:38  GPS_HDOP:1.23
20:20:38  원시위도:37.496466
20:20:38  원시경도:126.957650
20:20:38  GPS채택:649
20:20:38  GPS이상치거부:0
20:20:38  GPS품질거부:1
20:20:38  GPS재기준:0
20:20:38  RSSI원시:-71
20:20:38  RSSI평활:-71.1
20:20:38  RSSI샘플:2918
20:20:38  RSSI경과ms:2
20:20:38  차량수신:1455
20:20:38  시각ms:160316
20:20:38  IMU시각ms:160304
20:20:38  위험:1
20:20:38  GPS유효:1
20:20:38  위도:37.496468
20:20:38  경도:126.957649
20:20:38  속도:0.021
20:20:38  방향:0.0
20:20:38  GPS원시속도:0.010
20:20:38  GPS원시방향유효:1
20:20:38  GPS원시방향:193.1
20:20:38  가속도:-2.480,2.763,9.045
20:20:38  자이로:-0.550,0.611,0.824
20:20:38  자력계:-40.800,55.650,14.250
20:20:38  IMU방향유효:0
20:20:38  IMU방향:0.0
20:20:38  방향가속도크기:9.78
20:20:38  방향자이로크기:1.16
20:20:38  방향자세cos:0.5830
20:20:38  자기모델잔차:999.00
20:20:38  자기모델반경:0.000
20:20:38  방향채택:0
20:20:38  방향거부:18813
20:20:38  송신:1493
20:20:38  GPS위성:7
20:20:38  GPS_HDOP:1.23
20:20:38  원시위도:37.496466
20:20:38  원시경도:126.957650
20:20:38  GPS채택:649
20:20:38  GPS이상치거부:0
20:20:38  GPS품질거부:1
20:20:38  GPS재기준:0
20:20:38  RSSI원시:-71
20:20:38  RSSI평활:-71.1
20:20:38  RSSI샘플:2919
20:20:38  RSSI경과ms:46
20:20:38  차량수신:1456
20:20:38  시각ms:160421
20:20:38  IMU시각ms:160409
20:20:38  위험:1
20:20:38  GPS유효:1
20:20:38  위도:37.496468
20:20:38  경도:126.957649
20:20:38  속도:0.022
20:20:38  방향:0.0
20:20:38  GPS원시속도:0.026
20:20:38  GPS원시방향유효:1
20:20:38  GPS원시방향:193.1
20:20:38  가속도:-1.705,2.504,9.261
20:20:38  자이로:0.061,-1.779,6.802
20:20:38  자력계:-41.550,55.650,14.250
20:20:38  IMU방향유효:0
20:20:38  IMU방향:0.0
20:20:38  방향가속도크기:9.74
20:20:38  방향자이로크기:7.03
20:20:38  방향자세cos:0.6319
20:20:38  자기모델잔차:999.00
20:20:38  자기모델반경:0.000
20:20:38  방향채택:0
20:20:38  방향거부:18826
20:20:38  송신:1494
20:20:38  GPS위성:7
20:20:38  GPS_HDOP:1.23
20:20:38  원시위도:37.496466
20:20:38  원시경도:126.957650
20:20:38  GPS채택:650
20:20:38  GPS이상치거부:0
20:20:38  GPS품질거부:1
20:20:38  GPS재기준:0
20:20:38  RSSI원시:-71
20:20:38  RSSI평활:-71.0
20:20:38  RSSI샘플:2922
20:20:38  RSSI경과ms:0
20:20:38  차량수신:1457
20:20:38  시각ms:160524
20:20:38  IMU시각ms:160512
20:20:38  위험:1
20:20:38  GPS유효:1
20:20:38  위도:37.496468
20:20:38  경도:126.957649
20:20:38  속도:0.022
20:20:38  방향:0.0
20:20:38  GPS원시속도:0.026
20:20:38  GPS원시방향유효:1
20:20:38  GPS원시방향:193.1
20:20:38  가속도:-2.715,2.643,6.565
20:20:38  자이로:-3.153,15.603,-4.275
20:20:38  자력계:-41.550,56.100,13.500
20:20:38  IMU방향유효:0
20:20:38  IMU방향:0.0
20:20:38  방향가속도크기:7.58
20:20:38  방향자이로크기:16.48
20:20:38  방향자세cos:0.5184
20:20:38  자기모델잔차:999.00
20:20:38  자기모델반경:0.000
20:20:38  방향채택:0
20:20:38  방향거부:18838
20:20:38  송신:1495
20:20:38  GPS위성:7
20:20:38  GPS_HDOP:1.23
20:20:38  원시위도:37.496466
20:20:38  원시경도:126.957650
20:20:38  GPS채택:650
20:20:38  GPS이상치거부:0
20:20:38  GPS품질거부:1
20:20:38  GPS재기준:0
20:20:38  RSSI원시:-71
20:20:38  RSSI평활:-71.0
20:20:38  RSSI샘플:2924
20:20:38  RSSI경과ms:3
20:20:38  차량수신:1458
20:20:38  시각ms:160627
20:20:38  IMU시각ms:160615
20:20:38  위험:1
20:20:38  GPS유효:1
20:20:38  위도:37.496468
20:20:38  경도:126.957649
20:20:38  속도:0.045
20:20:38  방향:0.0
20:20:38  GPS원시속도:0.087
20:20:38  GPS원시방향유효:1
20:20:38  GPS원시방향:193.1
20:20:38  가속도:-1.484,1.369,8.284
20:20:38  자이로:8.198,-8.565,6.748
20:20:38  자력계:-42.300,56.850,13.050
20:20:38  IMU방향유효:0
20:20:38  IMU방향:0.0
20:20:38  방향가속도크기:8.53
20:20:38  방향자이로크기:13.64
20:20:38  방향자세cos:0.5968
20:20:38  자기모델잔차:999.00
20:20:38  자기모델반경:0.000
20:20:38  방향채택:0
20:20:38  방향거부:18850
20:20:38  송신:1496
20:20:38  GPS위성:7
20:20:38  GPS_HDOP:1.23
20:20:38  원시위도:37.496466
20:20:38  원시경도:126.957650
20:20:38  GPS채택:651
20:20:38  GPS이상치거부:0
20:20:38  GPS품질거부:1
20:20:38  GPS재기준:0
20:20:38  RSSI원시:-70
20:20:38  RSSI평활:-70.8
20:20:38  RSSI샘플:2926
20:20:38  RSSI경과ms:0
20:20:38  차량수신:1459
20:20:38  시각ms:160834
20:20:38  IMU시각ms:160822
20:20:38  위험:1
20:20:38  GPS유효:1
20:20:38  위도:37.496468
20:20:38  경도:126.957649
20:20:38  속도:0.082
20:20:38  방향:0.0
20:20:38  GPS원시속도:0.149
20:20:38  GPS원시방향유효:1
20:20:38  GPS원시방향:193.1
20:20:38  가속도:-1.336,2.064,6.627
20:20:38  자이로:-0.534,-8.947,5.977
20:20:38  자력계:-41.550,54.450,14.550
20:20:38  IMU방향유효:0
20:20:38  IMU방향:0.0
20:20:38  방향가속도크기:7.07
20:20:38  방향자이로크기:10.77
20:20:38  방향자세cos:0.6334
20:20:38  자기모델잔차:999.00
20:20:38  자기모델반경:0.000
20:20:38  방향채택:0
20:20:38  방향거부:18875
20:20:38  송신:1498
20:20:38  GPS위성:7
20:20:38  GPS_HDOP:1.23
20:20:38  원시위도:37.496466
20:20:38  원시경도:126.957650
20:20:38  GPS채택:652
20:20:38  GPS이상치거부:0
20:20:38  GPS품질거부:1
20:20:38  GPS재기준:0
20:20:38  RSSI원시:-67
20:20:38  RSSI평활:-69.0
20:20:38  RSSI샘플:2930
20:20:38  RSSI경과ms:3
20:20:38  차량수신:1461
20:20:38  시각ms:160936
20:20:38  IMU시각ms:160924
20:20:38  위험:1
20:20:38  GPS유효:1
20:20:38  위도:37.496468
20:20:38  경도:126.957649
20:20:38  속도:0.082
20:20:38  방향:0.0
20:20:38  GPS원시속도:0.149
20:20:38  GPS원시방향유효:1
20:20:38  GPS원시방향:193.1
20:20:38  가속도:-2.509,2.772,8.945
20:20:38  자이로:-3.847,3.130,0.267
20:20:38  자력계:-42.150,54.300,13.650
20:20:38  IMU방향유효:0
20:20:38  IMU방향:0.0
20:20:38  방향가속도크기:9.69
20:20:38  방향자이로크기:4.97
20:20:38  방향자세cos:0.5802
20:20:38  자기모델잔차:999.00
20:20:38  자기모델반경:0.000
20:20:38  방향채택:0
20:20:38  방향거부:18887
20:20:38  송신:1499
20:20:38  GPS위성:7
20:20:38  GPS_HDOP:1.23
20:20:38  원시위도:37.496466
20:20:38  원시경도:126.957650
20:20:38  GPS채택:652
20:20:38  GPS이상치거부:0
20:20:38  GPS품질거부:1
20:20:38  GPS재기준:0
20:20:38  RSSI원시:-70
20:20:38  RSSI평활:-69.4
20:20:38  RSSI샘플:2932
20:20:38  RSSI경과ms:4
20:20:38  차량수신:1462
20:20:39  시각ms:161143
20:20:39  IMU시각ms:161131
20:20:39  위험:1
20:20:39  GPS유효:1
20:20:39  위도:37.496464
20:20:39  경도:126.957649
20:20:39  속도:0.098
20:20:39  방향:0.0
20:20:39  GPS원시속도:0.129
20:20:39  GPS원시방향유효:1
20:20:39  GPS원시방향:193.1
20:20:39  가속도:-2.619,2.753,9.136
20:20:39  자이로:-1.626,0.740,-0.580
20:20:39  자력계:-41.250,54.450,13.500
20:20:39  IMU방향유효:0
20:20:39  IMU방향:0.0
20:20:39  방향가속도크기:9.90
20:20:39  방향자이로크기:1.88
20:20:39  방향자세cos:0.5733
20:20:39  자기모델잔차:999.00
20:20:39  자기모델반경:0.000
20:20:39  방향채택:0
20:20:39  방향거부:18912
20:20:39  송신:1501
20:20:39  GPS위성:7
20:20:39  GPS_HDOP:1.23
20:20:39  원시위도:37.496465
20:20:39  원시경도:126.957650
20:20:39  GPS채택:653
20:20:39  GPS이상치거부:0
20:20:39  GPS품질거부:1
20:20:39  GPS재기준:0
20:20:39  RSSI원시:-67
20:20:39  RSSI평활:-68.3
20:20:39  RSSI샘플:2936
20:20:39  RSSI경과ms:2
20:20:39  차량수신:1464
20:20:39  시각ms:161348
20:20:39  IMU시각ms:161336
20:20:39  위험:1
20:20:39  GPS유효:1
20:20:39  위도:37.496464
20:20:39  경도:126.957649
20:20:39  속도:0.067
20:20:39  방향:0.0
20:20:39  GPS원시속도:0.046
20:20:39  GPS원시방향유효:1
20:20:39  GPS원시방향:193.1
20:20:39  가속도:-2.619,2.739,8.973
20:20:39  자이로:-0.664,-0.191,-0.168
20:20:39  자력계:-43.050,54.150,14.250
20:20:39  IMU방향유효:0
20:20:39  IMU방향:0.0
20:20:39  방향가속도크기:9.74
20:20:39  방향자이로크기:0.71
20:20:39  방향자세cos:0.5710
20:20:39  자기모델잔차:999.00
20:20:39  자기모델반경:0.000
20:20:39  방향채택:0
20:20:39  방향거부:18936
20:20:39  송신:1503
20:20:39  GPS위성:7
20:20:39  GPS_HDOP:1.23
20:20:39  원시위도:37.496465
20:20:39  원시경도:126.957650
20:20:39  GPS채택:655
20:20:39  GPS이상치거부:0
20:20:39  GPS품질거부:1
20:20:39  GPS재기준:0
20:20:39  RSSI원시:-65
20:20:39  RSSI평활:-66.8
20:20:39  RSSI샘플:2940
20:20:39  RSSI경과ms:2
20:20:39  차량수신:1466
20:20:39  시각ms:161451
20:20:39  IMU시각ms:161439
20:20:39  위험:1
20:20:39  GPS유효:1
20:20:39  위도:37.496464
20:20:39  경도:126.957649
20:20:39  속도:0.067
20:20:39  방향:0.0
20:20:39  GPS원시속도:0.046
20:20:39  GPS원시방향유효:1
20:20:39  GPS원시방향:193.1
20:20:39  가속도:-2.638,2.705,8.954
20:20:39  자이로:-1.321,-1.725,1.321
20:20:39  자력계:-42.750,54.900,13.500
20:20:39  IMU방향유효:0
20:20:39  IMU방향:0.0
20:20:39  방향가속도크기:9.72
20:20:39  방향자이로크기:2.54
20:20:39  방향자세cos:0.5681
20:20:39  자기모델잔차:999.00
20:20:39  자기모델반경:0.000
20:20:39  방향채택:0
20:20:39  방향거부:18948
20:20:39  송신:1504
20:20:39  GPS위성:7
20:20:39  GPS_HDOP:1.23
20:20:39  원시위도:37.496465
20:20:39  원시경도:126.957650
20:20:39  GPS채택:655
20:20:39  GPS이상치거부:0
20:20:39  GPS품질거부:1
20:20:39  GPS재기준:0
20:20:39  RSSI원시:-66
20:20:39  RSSI평활:-66.6
20:20:39  RSSI샘플:2941
20:20:39  RSSI경과ms:58
20:20:39  차량수신:1467
20:20:39  시각ms:161764
20:20:39  IMU시각ms:161752
20:20:39  위험:1
20:20:39  GPS유효:1
20:20:39  위도:37.496464
20:20:39  경도:126.957649
20:20:39  속도:0.043
20:20:39  방향:0.0
20:20:39  GPS원시속도:0.021
20:20:39  GPS원시방향유효:1
20:20:39  GPS원시방향:193.1
20:20:39  가속도:-2.605,2.806,8.921
20:20:39  자이로:-2.542,-2.244,0.053
20:20:39  자력계:-42.300,53.700,14.250
20:20:39  IMU방향유효:0
20:20:39  IMU방향:0.0
20:20:39  방향가속도크기:9.71
20:20:39  방향자이로크기:3.39
20:20:39  방향자세cos:0.5739
20:20:39  자기모델잔차:999.00
20:20:39  자기모델반경:0.000
20:20:39  방향채택:0
20:20:39  방향거부:18987
20:20:39  송신:1507
20:20:39  GPS위성:7
20:20:39  GPS_HDOP:1.23
20:20:39  원시위도:37.496464
20:20:39  원시경도:126.957650
20:20:39  GPS채택:657
20:20:39  GPS이상치거부:0
20:20:39  GPS품질거부:1
20:20:39  GPS재기준:0
20:20:39  RSSI원시:-67
20:20:39  RSSI평활:-66.9
20:20:39  RSSI샘플:2948
20:20:39  RSSI경과ms:4
20:20:39  차량수신:1470
20:20:40  시각ms:162074
20:20:40  IMU시각ms:162062
20:20:40  위험:1
20:20:40  GPS유효:1
20:20:40  위도:37.496464
20:20:40  경도:126.957649
20:20:40  속도:0.037
20:20:40  방향:0.0
20:20:40  GPS원시속도:0.026
20:20:40  GPS원시방향유효:1
20:20:40  GPS원시방향:193.1
20:20:40  가속도:-2.638,2.734,9.002
20:20:40  자이로:-0.939,-1.290,2.427
20:20:40  자력계:-40.950,55.800,13.200
20:20:40  IMU방향유효:0
20:20:40  IMU방향:0.0
20:20:40  방향가속도크기:9.77
20:20:40  방향자이로크기:2.90
20:20:40  방향자세cos:0.5697
20:20:40  자기모델잔차:999.00
20:20:40  자기모델반경:0.000
20:20:40  방향채택:0
20:20:40  방향거부:19024
20:20:40  송신:1510
20:20:40  GPS위성:7
20:20:40  GPS_HDOP:1.23
20:20:40  원시위도:37.496463
20:20:40  원시경도:126.957650
20:20:40  GPS채택:658
20:20:40  GPS이상치거부:0
20:20:40  GPS품질거부:1
20:20:40  GPS재기준:0
20:20:40  RSSI원시:-65
20:20:40  RSSI평활:-66.2
20:20:40  RSSI샘플:2953
20:20:40  RSSI경과ms:83
20:20:40  차량수신:1473
20:20:40  시각ms:162281
20:20:40  IMU시각ms:162269
20:20:40  위험:1
20:20:40  GPS유효:1
20:20:40  위도:37.496464
20:20:40  경도:126.957649
20:20:40  속도:0.045
20:20:40  방향:0.0
20:20:40  GPS원시속도:0.062
20:20:40  GPS원시방향유효:1
20:20:40  GPS원시방향:193.1
20:20:40  가속도:-2.605,2.801,8.997
20:20:40  자이로:0.061,-1.771,1.153
20:20:40  자력계:-40.500,56.100,12.750
20:20:40  IMU방향유효:0
20:20:40  IMU방향:0.0
20:20:40  방향가속도크기:9.78
20:20:40  방향자이로크기:2.11
20:20:40  방향자세cos:0.5746
20:20:40  자기모델잔차:999.00
20:20:40  자기모델반경:0.000
20:20:40  방향채택:0
20:20:40  방향거부:19049
20:20:40  송신:1512
20:20:40  GPS위성:7
20:20:40  GPS_HDOP:1.23
20:20:40  원시위도:37.496463
20:20:40  원시경도:126.957650
20:20:40  GPS채택:659
20:20:40  GPS이상치거부:0
20:20:40  GPS품질거부:1
20:20:40  GPS재기준:0
20:20:40  RSSI원시:-61
20:20:40  RSSI평활:-63.6
20:20:40  RSSI샘플:2958
20:20:40  RSSI경과ms:7
20:20:40  차량수신:1475
20:20:40  시각ms:162384
20:20:40  IMU시각ms:162372
20:20:40  위험:1
20:20:40  GPS유효:1
20:20:40  위도:37.496464
20:20:40  경도:126.957649
20:20:40  속도:0.039
20:20:40  방향:0.0
20:20:40  GPS원시속도:0.026
20:20:40  GPS원시방향유효:1
20:20:40  GPS원시방향:193.1
20:20:40  가속도:-1.657,2.777,8.710
20:20:40  자이로:1.244,-4.382,1.115
20:20:40  자력계:-41.400,56.250,13.950
20:20:40  IMU방향유효:0
20:20:40  IMU방향:0.0
20:20:40  방향가속도크기:9.29
20:20:40  방향자이로크기:4.69
20:20:40  방향자세cos:0.6431
20:20:40  자기모델잔차:999.00
20:20:40  자기모델반경:0.000
20:20:40  방향채택:0
20:20:40  방향거부:19061
20:20:40  송신:1513
20:20:40  GPS위성:7
20:20:40  GPS_HDOP:1.23
20:20:40  원시위도:37.496463
20:20:40  원시경도:126.957650
20:20:40  GPS채택:660
20:20:40  GPS이상치거부:0
20:20:40  GPS품질거부:1
20:20:40  GPS재기준:0
20:20:40  RSSI원시:-60
20:20:40  RSSI평활:-62.5
20:20:40  RSSI샘플:2960
20:20:40  RSSI경과ms:2
20:20:40  차량수신:1476
20:20:40  시각ms:162487
20:20:40  IMU시각ms:162475
20:20:40  위험:0
20:20:40  GPS유효:1
20:20:40  위도:37.496464
20:20:40  경도:126.957649
20:20:40  속도:0.039
20:20:40  방향:0.0
20:20:40  GPS원시속도:0.026
20:20:40  GPS원시방향유효:1
20:20:40  GPS원시방향:193.1
20:20:40  가속도:-2.294,2.978,9.816
20:20:40  자이로:-2.206,0.748,-0.183
20:20:40  자력계:-42.750,55.650,14.250
20:20:40  IMU방향유효:0
20:20:40  IMU방향:0.0
20:20:40  방향가속도크기:10.51
20:20:40  방향자이로크기:2.34
20:20:40  방향자세cos:0.6096
20:20:40  자기모델잔차:999.00
20:20:40  자기모델반경:0.000
20:20:40  방향채택:0
20:20:40  방향거부:19073
20:20:40  송신:1514
20:20:40  GPS위성:7
20:20:40  GPS_HDOP:1.23
20:20:40  원시위도:37.496463
20:20:40  원시경도:126.957650
20:20:40  GPS채택:660
20:20:40  GPS이상치거부:0
20:20:40  GPS품질거부:1
20:20:40  GPS재기준:0
20:20:40  RSSI원시:-60
20:20:40  RSSI평활:-62.0
20:20:40  RSSI샘플:2961
20:20:40  RSSI경과ms:83
20:20:40  차량수신:1477
20:20:40  시각ms:162697
20:20:40  IMU시각ms:162685
20:20:40  위험:0
20:20:40  GPS유효:1
20:20:40  위도:37.496464
20:20:40  경도:126.957649
20:20:40  속도:0.034
20:20:40  방향:0.0
20:20:40  GPS원시속도:0.026
20:20:40  GPS원시방향유효:1
20:20:40  GPS원시방향:193.1
20:20:40  가속도:-2.533,2.772,8.849
20:20:40  자이로:1.168,-1.885,1.924
20:20:40  자력계:-43.500,53.700,14.250
20:20:40  IMU방향유효:0
20:20:40  IMU방향:0.0
20:20:40  방향가속도크기:9.61
20:20:40  방향자이로크기:2.94
20:20:40  방향자세cos:0.5774
20:20:40  자기모델잔차:999.00
20:20:40  자기모델반경:0.000
20:20:40  방향채택:0
20:20:40  방향거부:19099
20:20:40  송신:1516
20:20:40  GPS위성:7
20:20:40  GPS_HDOP:1.23
20:20:40  원시위도:37.496463
20:20:40  원시경도:126.957650
20:20:40  GPS채택:661
20:20:40  GPS이상치거부:0
20:20:40  GPS품질거부:1
20:20:40  GPS재기준:0
20:20:40  RSSI원시:-61
20:20:40  RSSI평활:-61.6
20:20:40  RSSI샘플:2966
20:20:40  RSSI경과ms:3
20:20:40  차량수신:1479
20:20:40  시각ms:162800
20:20:40  IMU시각ms:162788
20:20:40  위험:0
20:20:40  GPS유효:1
20:20:40  위도:37.496464
20:20:40  경도:126.957649
20:20:40  속도:0.024
20:20:40  방향:0.0
20:20:40  GPS원시속도:0.005
20:20:40  GPS원시방향유효:1
20:20:40  GPS원시방향:193.1
20:20:40  가속도:-2.576,2.887,9.050
20:20:40  자이로:0.611,0.397,0.519
20:20:40  자력계:-41.400,54.300,12.900
20:20:40  IMU방향유효:0
20:20:40  IMU방향:0.0
20:20:40  방향가속도크기:9.84
20:20:40  방향자이로크기:0.89
20:20:40  방향자세cos:0.5803
20:20:40  자기모델잔차:999.00
20:20:40  자기모델반경:0.000
20:20:40  방향채택:0
20:20:40  방향거부:19111
20:20:40  송신:1517
20:20:40  GPS위성:7
20:20:40  GPS_HDOP:1.23
20:20:40  원시위도:37.496463
20:20:40  원시경도:126.957650
20:20:40  GPS채택:662
20:20:40  GPS이상치거부:0
20:20:40  GPS품질거부:1
20:20:40  GPS재기준:0
20:20:40  RSSI원시:-62
20:20:40  RSSI평활:-61.7
20:20:40  RSSI샘플:2967
20:20:40  RSSI경과ms:91
20:20:40  차량수신:1480
20:20:40  시각ms:162904
20:20:40  IMU시각ms:162892
20:20:40  위험:0
20:20:40  GPS유효:1
20:20:40  위도:37.496464
20:20:40  경도:126.957649
20:20:40  속도:0.024
20:20:40  방향:0.0
20:20:40  GPS원시속도:0.005
20:20:40  GPS원시방향유효:1
20:20:40  GPS원시방향:193.1
20:20:40  가속도:-2.581,2.863,8.926
20:20:40  자이로:-0.725,-0.809,0.061
20:20:40  자력계:-42.150,54.000,13.650
20:20:40  IMU방향유효:0
20:20:40  IMU방향:0.0
20:20:40  방향가속도크기:9.72
20:20:40  방향자이로크기:1.09
20:20:40  방향자세cos:0.5778
20:20:40  자기모델잔차:999.00
20:20:40  자기모델반경:0.000
20:20:40  방향채택:0
20:20:40  방향거부:19123
20:20:40  송신:1518
20:20:40  GPS위성:7
20:20:40  GPS_HDOP:1.23
20:20:40  원시위도:37.496463
20:20:40  원시경도:126.957650
20:20:40  GPS채택:662
20:20:40  GPS이상치거부:0
20:20:40  GPS품질거부:1
20:20:40  GPS재기준:0
20:20:40  RSSI원시:-61
20:20:40  RSSI평활:-61.4
20:20:40  RSSI샘플:2970
20:20:40  RSSI경과ms:4
20:20:40  차량수신:1481
20:20:41  시각ms:163007
20:20:41  IMU시각ms:162995
20:20:41  위험:0
20:20:41  GPS유효:1
20:20:41  위도:37.496464
20:20:41  경도:126.957649
20:20:41  속도:0.026
20:20:41  방향:0.0
20:20:41  GPS원시속도:0.031
20:20:41  GPS원시방향유효:1
20:20:41  GPS원시방향:193.1
20:20:41  가속도:-2.557,2.859,8.911
20:20:41  자이로:0.817,-0.626,1.229
20:20:41  자력계:-41.700,54.750,12.150
20:20:41  IMU방향유효:0
20:20:41  IMU방향:0.0
20:20:41  방향가속도크기:9.70
20:20:41  방향자이로크기:1.60
20:20:41  방향자세cos:0.5793
20:20:41  자기모델잔차:999.00
20:20:41  자기모델반경:0.000
20:20:41  방향채택:0
20:20:41  방향거부:19135
20:20:41  송신:1519
20:20:41  GPS위성:7
20:20:41  GPS_HDOP:1.23
20:20:41  원시위도:37.496463
20:20:41  원시경도:126.957650
20:20:41  GPS채택:663
20:20:41  GPS이상치거부:0
20:20:41  GPS품질거부:1
20:20:41  GPS재기준:0
20:20:41  RSSI원시:-61
20:20:41  RSSI평활:-61.3
20:20:41  RSSI샘플:2971
20:20:41  RSSI경과ms:91
20:20:41  차량수신:1482
20:20:41  시각ms:163110
20:20:41  IMU시각ms:163098
20:20:41  위험:0
20:20:41  GPS유효:1
20:20:41  위도:37.496464
20:20:41  경도:126.957649
20:20:41  속도:0.026
20:20:41  방향:0.0
20:20:41  GPS원시속도:0.031
20:20:41  GPS원시방향유효:1
20:20:41  GPS원시방향:193.1
20:20:41  가속도:-2.629,2.796,8.911
20:20:41  자이로:0.008,0.817,-1.099
20:20:41  자력계:-42.000,54.450,14.250
20:20:41  IMU방향유효:0
20:20:41  IMU방향:0.0
20:20:41  방향가속도크기:9.70
20:20:41  방향자이로크기:1.37
20:20:41  방향자세cos:0.5716
20:20:41  자기모델잔차:999.00
20:20:41  자기모델반경:0.000
20:20:41  방향채택:0
20:20:41  방향거부:19147
20:20:41  송신:1520
20:20:41  GPS위성:7
20:20:41  GPS_HDOP:1.23
20:20:41  원시위도:37.496463
20:20:41  원시경도:126.957650
20:20:41  GPS채택:663
20:20:41  GPS이상치거부:0
20:20:41  GPS품질거부:1
20:20:41  GPS재기준:0
20:20:41  RSSI원시:-62
20:20:41  RSSI평활:-61.5
20:20:41  RSSI샘플:2973
20:20:41  RSSI경과ms:88
20:20:41  차량수신:1483
20:20:41  시각ms:163216
20:20:41  IMU시각ms:163204
20:20:41  위험:0
20:20:41  GPS유효:1
20:20:41  위도:37.496464
20:20:41  경도:126.957649
20:20:41  속도:0.024
20:20:41  방향:0.0
20:20:41  GPS원시속도:0.021
20:20:41  GPS원시방향유효:1
20:20:41  GPS원시방향:193.1
20:20:41  가속도:-2.543,2.739,8.969
20:20:41  자이로:1.664,-3.557,-0.382
20:20:41  자력계:-40.950,55.050,12.150
20:20:41  IMU방향유효:0
20:20:41  IMU방향:0.0
20:20:41  방향가속도크기:9.72
20:20:41  방향자이로크기:3.95
20:20:41  방향자세cos:0.5767
20:20:41  자기모델잔차:999.00
20:20:41  자기모델반경:0.000
20:20:41  방향채택:0
20:20:41  방향거부:19159
20:20:41  송신:1521
20:20:41  GPS위성:7
20:20:41  GPS_HDOP:1.23
20:20:41  원시위도:37.496463
20:20:41  원시경도:126.957650
20:20:41  GPS채택:664
20:20:41  GPS이상치거부:0
20:20:41  GPS품질거부:1
20:20:41  GPS재기준:0
20:20:41  RSSI원시:-61
20:20:41  RSSI평활:-61.6
20:20:41  RSSI샘플:2976
20:20:41  RSSI경과ms:5
20:20:41  차량수신:1484
20:20:41  시각ms:163319
20:20:41  IMU시각ms:163307
20:20:41  위험:0
20:20:41  GPS유효:1
20:20:41  위도:37.496464
20:20:41  경도:126.957649
20:20:41  속도:0.024
20:20:41  방향:0.0
20:20:41  GPS원시속도:0.021
20:20:41  GPS원시방향유효:1
20:20:41  GPS원시방향:193.1
20:20:41  가속도:-2.624,2.753,8.969
20:20:41  자이로:0.687,-0.107,-0.443
20:20:41  자력계:-42.000,53.400,13.500
20:20:41  IMU방향유효:0
20:20:41  IMU방향:0.0
20:20:41  방향가속도크기:9.74
20:20:41  방향자이로크기:0.82
20:20:41  방향자세cos:0.5711
20:20:41  자기모델잔차:999.00
20:20:41  자기모델반경:0.000
20:20:41  방향채택:0
20:20:41  방향거부:19171
20:20:41  송신:1522
20:20:41  GPS위성:7
20:20:41  GPS_HDOP:1.23
20:20:41  원시위도:37.496463
20:20:41  원시경도:126.957650
20:20:41  GPS채택:664
20:20:41  GPS이상치거부:0
20:20:41  GPS품질거부:1
20:20:41  GPS재기준:0
20:20:41  RSSI원시:-60
20:20:41  RSSI평활:-61.2
20:20:41  RSSI샘플:2978
20:20:41  RSSI경과ms:0
20:20:41  차량수신:1485
20:20:41  시각ms:163422
20:20:41  IMU시각ms:163410
20:20:41  위험:0
20:20:41  GPS유효:1
20:20:41  위도:37.496464
20:20:41  경도:126.957649
20:20:41  속도:0.027
20:20:41  방향:0.0
20:20:41  GPS원시속도:0.031
20:20:41  GPS원시방향유효:1
20:20:41  GPS원시방향:193.1
20:20:41  가속도:-2.500,2.849,8.969
20:20:41  자이로:-0.382,-1.115,0.466
20:20:41  자력계:-41.700,55.050,14.400
20:20:41  IMU방향유효:0
20:20:41  IMU방향:0.0
20:20:41  방향가속도크기:9.74
20:20:41  방향자이로크기:1.27
20:20:41  방향자세cos:0.5839
20:20:41  자기모델잔차:999.00
20:20:41  자기모델반경:0.000
20:20:41  방향채택:0
20:20:41  방향거부:19183
20:20:41  송신:1523
20:20:41  GPS위성:7
20:20:41  GPS_HDOP:1.23
20:20:41  원시위도:37.496463
20:20:41  원시경도:126.957650
20:20:41  GPS채택:665
20:20:41  GPS이상치거부:0
20:20:41  GPS품질거부:1
20:20:41  GPS재기준:0
20:20:41  RSSI원시:-61
20:20:41  RSSI평활:-61.1
20:20:41  RSSI샘플:2979
20:20:41  RSSI경과ms:91
20:20:41  차량수신:1486
20:20:41  시각ms:163629
20:20:41  IMU시각ms:163617
20:20:41  위험:0
20:20:41  GPS유효:1
20:20:41  위도:37.496464
20:20:41  경도:126.957649
20:20:41  속도:0.028
20:20:41  방향:0.0
20:20:41  GPS원시속도:0.031
20:20:41  GPS원시방향유효:1
20:20:41  GPS원시방향:193.1
20:20:41  가속도:-2.519,2.897,8.969
20:20:41  자이로:-0.611,-2.374,-2.206
20:20:41  자력계:-42.150,53.100,14.400
20:20:41  IMU방향유효:0
20:20:41  IMU방향:0.0
20:20:41  방향가속도크기:9.76
20:20:41  방향자이로크기:3.30
20:20:41  방향자세cos:0.5841
20:20:41  자기모델잔차:999.00
20:20:41  자기모델반경:0.000
20:20:41  방향채택:0
20:20:41  방향거부:19208
20:20:41  송신:1525
20:20:41  GPS위성:7
20:20:41  GPS_HDOP:1.23
20:20:41  원시위도:37.496463
20:20:41  원시경도:126.957650
20:20:41  GPS채택:666
20:20:41  GPS이상치거부:0
20:20:41  GPS품질거부:1
20:20:41  GPS재기준:0
20:20:41  RSSI원시:-62
20:20:41  RSSI평활:-60.8
20:20:41  RSSI샘플:2984
20:20:41  RSSI경과ms:7
20:20:41  차량수신:1488
20:20:41  시각ms:163731
20:20:41  IMU시각ms:163719
20:20:41  위험:0
20:20:41  GPS유효:1
20:20:41  위도:37.496464
20:20:41  경도:126.957649
20:20:41  속도:0.028
20:20:41  방향:0.0
20:20:41  GPS원시속도:0.031
20:20:41  GPS원시방향유효:1
20:20:41  GPS원시방향:193.1
20:20:41  가속도:-2.547,2.931,8.892
20:20:41  자이로:-1.534,-1.985,-0.656
20:20:41  자력계:-42.150,53.100,12.600
20:20:41  IMU방향유효:0
20:20:41  IMU방향:0.0
20:20:41  방향가속도크기:9.70
20:20:41  방향자이로크기:2.59
20:20:41  방향자세cos:0.5823
20:20:41  자기모델잔차:999.00
20:20:41  자기모델반경:0.000
20:20:41  방향채택:0
20:20:41  방향거부:19220
20:20:41  송신:1526
20:20:41  GPS위성:7
20:20:41  GPS_HDOP:1.23
20:20:41  원시위도:37.496463
20:20:41  원시경도:126.957650
20:20:41  GPS채택:666
20:20:41  GPS이상치거부:0
20:20:41  GPS품질거부:1
20:20:41  GPS재기준:0
20:20:41  RSSI원시:-62
20:20:41  RSSI평활:-61.2
20:20:41  RSSI샘플:2986
20:20:41  RSSI경과ms:1
20:20:41  차량수신:1489
20:20:41  시각ms:163834
20:20:41  IMU시각ms:163822
20:20:41  위험:0
20:20:41  GPS유효:1
20:20:41  위도:37.496464
20:20:41  경도:126.957649
20:20:41  속도:0.024
20:20:41  방향:0.0
20:20:41  GPS원시속도:0.015
20:20:41  GPS원시방향유효:1
20:20:41  GPS원시방향:193.1
20:20:41  가속도:-2.533,2.734,8.930
20:20:41  자이로:1.092,-0.420,0.763
20:20:41  자력계:-39.000,54.150,14.250
20:20:41  IMU방향유효:0
20:20:41  IMU방향:0.0
20:20:41  방향가속도크기:9.68
20:20:41  방향자이로크기:1.40
20:20:41  방향자세cos:0.5769
20:20:41  자기모델잔차:999.00
20:20:41  자기모델반경:0.000
20:20:41  방향채택:0
20:20:41  방향거부:19232
20:20:41  송신:1527
20:20:41  GPS위성:7
20:20:41  GPS_HDOP:1.23
20:20:41  원시위도:37.496463
20:20:41  원시경도:126.957650
20:20:41  GPS채택:667
20:20:41  GPS이상치거부:0
20:20:41  GPS품질거부:1
20:20:41  GPS재기준:0
20:20:41  RSSI원시:-62
20:20:41  RSSI평활:-61.4
20:20:41  RSSI샘플:2987
20:20:41  RSSI경과ms:91
20:20:41  차량수신:1490
20:20:41  시각ms:163938
20:20:41  IMU시각ms:163926
20:20:41  위험:0
20:20:41  GPS유효:1
20:20:41  위도:37.496464
20:20:41  경도:126.957649
20:20:41  속도:0.024
20:20:41  방향:0.0
20:20:41  GPS원시속도:0.015
20:20:41  GPS원시방향유효:1
20:20:41  GPS원시방향:193.1
20:20:41  가속도:-2.557,2.648,8.969
20:20:41  자이로:-1.908,-1.435,-1.969
20:20:41  자력계:-40.500,54.450,13.050
20:20:41  IMU방향유효:0
20:20:41  IMU방향:0.0
20:20:41  방향가속도크기:9.69
20:20:41  방향자이로크기:3.10
20:20:41  방향자세cos:0.5724
20:20:41  자기모델잔차:999.00
20:20:41  자기모델반경:0.000
20:20:41  방향채택:0
20:20:41  방향거부:19245
20:20:41  송신:1528
20:20:41  GPS위성:7
20:20:41  GPS_HDOP:1.23
20:20:41  원시위도:37.496463
20:20:41  원시경도:126.957650
20:20:41  GPS채택:667
20:20:41  GPS이상치거부:0
20:20:41  GPS품질거부:1
20:20:41  GPS재기준:0
20:20:41  RSSI원시:-63
20:20:41  RSSI평활:-62.0
20:20:41  RSSI샘플:2989
20:20:41  RSSI경과ms:95
20:20:41  차량수신:1491
20:20:42  시각ms:164043
20:20:42  IMU시각ms:164031
20:20:42  위험:0
20:20:42  GPS유효:1
20:20:42  위도:37.496464
20:20:42  경도:126.957649
20:20:42  속도:0.032
20:20:42  방향:0.0
20:20:42  GPS원시속도:0.046
20:20:42  GPS원시방향유효:1
20:20:42  GPS원시방향:193.1
20:20:42  가속도:-2.399,2.840,8.978
20:20:42  자이로:0.321,-0.489,0.985
20:20:42  자력계:-40.950,53.100,14.700
20:20:42  IMU방향유효:0
20:20:42  IMU방향:0.0
20:20:42  방향가속도크기:9.72
20:20:42  방향자이로크기:1.15
20:20:42  방향자세cos:0.5912
20:20:42  자기모델잔차:999.00
20:20:42  자기모델반경:0.000
20:20:42  방향채택:0
20:20:42  방향거부:19258
20:20:42  송신:1529
20:20:42  GPS위성:7
20:20:42  GPS_HDOP:1.23
20:20:42  원시위도:37.496463
20:20:42  원시경도:126.957650
20:20:42  GPS채택:668
20:20:42  GPS이상치거부:0
20:20:42  GPS품질거부:1
20:20:42  GPS재기준:0
20:20:42  RSSI원시:-62
20:20:42  RSSI평활:-62.0
20:20:42  RSSI샘플:2992
20:20:42  RSSI경과ms:2
20:20:42  차량수신:1492
20:20:42  시각ms:164248
20:20:42  IMU시각ms:164236
20:20:42  위험:2
20:20:42  GPS유효:1
20:20:42  위도:37.496464
20:20:42  경도:126.957649
20:20:42  속도:0.022
20:20:42  방향:0.0
20:20:42  GPS원시속도:0.005
20:20:42  GPS원시방향유효:1
20:20:42  GPS원시방향:193.1
20:20:42  가속도:-2.428,2.830,9.079
20:20:42  자이로:0.855,-3.153,1.298
20:20:42  자력계:-40.200,55.050,14.700
20:20:42  IMU방향유효:0
20:20:42  IMU방향:0.0
20:20:42  방향가속도크기:9.81
20:20:42  방향자이로크기:3.51
20:20:42  방향자세cos:0.5896
20:20:42  자기모델잔차:999.00
20:20:42  자기모델반경:0.000
20:20:42  방향채택:0
20:20:42  방향거부:19282
20:20:42  송신:1531
20:20:42  GPS위성:7
20:20:42  GPS_HDOP:1.23
20:20:42  원시위도:37.496463
20:20:42  원시경도:126.957650
20:20:42  GPS채택:669
20:20:42  GPS이상치거부:0
20:20:42  GPS품질거부:1
20:20:42  GPS재기준:0
20:20:42  RSSI원시:-63
20:20:42  RSSI평활:-62.5
20:20:42  RSSI샘플:2996
20:20:42  RSSI경과ms:7
20:20:42  차량수신:1494
20:20:42  시각ms:164350
20:20:42  IMU시각ms:164338
20:20:42  위험:2
20:20:42  GPS유효:1
20:20:42  위도:37.496464
20:20:42  경도:126.957649
20:20:42  속도:0.040
20:20:42  방향:0.0
20:20:42  GPS원시속도:0.072
20:20:42  GPS원시방향유효:1
20:20:42  GPS원시방향:193.1
20:20:42  가속도:-0.124,1.829,6.723
20:20:42  자이로:-4.687,2.687,-1.321
20:20:42  자력계:-40.650,54.750,13.200
20:20:42  IMU방향유효:0
20:20:42  IMU방향:0.0
20:20:42  방향가속도크기:6.97
20:20:42  방향자이로크기:5.56
20:20:42  방향자세cos:0.6955
20:20:42  자기모델잔차:999.00
20:20:42  자기모델반경:0.000
20:20:42  방향채택:0
20:20:42  방향거부:19294
20:20:42  송신:1532
20:20:42  GPS위성:7
20:20:42  GPS_HDOP:1.23
20:20:42  원시위도:37.496463
20:20:42  원시경도:126.957650
20:20:42  GPS채택:670
20:20:42  GPS이상치거부:0
20:20:42  GPS품질거부:1
20:20:42  GPS재기준:0
20:20:42  RSSI원시:-65
20:20:42  RSSI평활:-63.1
20:20:42  RSSI샘플:2998
20:20:42  RSSI경과ms:3
20:20:42  차량수신:1495
20:20:42  시각ms:164453
20:20:42  IMU시각ms:164441
20:20:42  위험:2
20:20:42  GPS유효:1
20:20:42  위도:37.496464
20:20:42  경도:126.957649
20:20:42  속도:0.040
20:20:42  방향:0.0
20:20:42  GPS원시속도:0.072
20:20:42  GPS원시방향유효:1
20:20:42  GPS원시방향:193.1
20:20:42  가속도:-5.938,7.570,11.607
20:20:42  자이로:0.496,8.076,2.153
20:20:42  자력계:-40.800,55.650,16.050
20:20:42  IMU방향유효:0
20:20:42  IMU방향:0.0
20:20:42  방향가속도크기:15.08
20:20:42  방향자이로크기:8.37
20:20:42  방향자세cos:0.7771
20:20:42  자기모델잔차:999.00
20:20:42  자기모델반경:0.000
20:20:42  방향채택:0
20:20:42  방향거부:19306
20:20:42  송신:1533
20:20:42  GPS위성:7
20:20:42  GPS_HDOP:1.23
20:20:42  원시위도:37.496463
20:20:42  원시경도:126.957650
20:20:42  GPS채택:670
20:20:42  GPS이상치거부:0
20:20:42  GPS품질거부:1
20:20:42  GPS재기준:0
20:20:42  RSSI원시:-66
20:20:42  RSSI평활:-63.7
20:20:42  RSSI샘플:2999
20:20:42  RSSI경과ms:83
20:20:42  차량수신:1496
20:20:42  시각ms:164557
20:20:42  IMU시각ms:164545
20:20:42  위험:2
20:20:42  GPS유효:1
20:20:42  위도:37.496464
20:20:42  경도:126.957649
20:20:42  속도:0.055
20:20:42  방향:0.0
20:20:42  GPS원시속도:0.082
20:20:42  GPS원시방향유효:1
20:20:42  GPS원시방향:193.1
20:20:42  가속도:0.522,-2.749,5.215
20:20:42  자이로:6.229,-16.115,3.992
20:20:42  자력계:-41.400,56.250,14.400
20:20:42  IMU방향유효:0
20:20:42  IMU방향:0.0
20:20:42  방향가속도크기:5.92
20:20:42  방향자이로크기:17.73
20:20:42  방향자세cos:0.4275
20:20:42  자기모델잔차:999.00
20:20:42  자기모델반경:0.000
20:20:42  방향채택:0
20:20:42  방향거부:19319
20:20:42  송신:1534
20:20:42  GPS위성:7
20:20:42  GPS_HDOP:1.23
20:20:42  원시위도:37.496463
20:20:42  원시경도:126.957650
20:20:42  GPS채택:671
20:20:42  GPS이상치거부:0
20:20:42  GPS품질거부:1
20:20:42  GPS재기준:0
20:20:42  RSSI원시:-83
20:20:42  RSSI평활:-69.2
20:20:42  RSSI샘플:3001
20:20:42  RSSI경과ms:2
20:20:42  차량수신:1497
20:20:42  시각ms:164660
20:20:42  IMU시각ms:164648
20:20:42  위험:2
20:20:42  GPS유효:1
20:20:42  위도:37.496464
20:20:42  경도:126.957649
20:20:42  속도:0.055
20:20:42  방향:0.0
20:20:42  GPS원시속도:0.082
20:20:42  GPS원시방향유효:1
20:20:42  GPS원시방향:193.1
20:20:42  가속도:-2.279,2.294,6.752
20:20:42  자이로:3.603,-5.115,6.542
20:20:42  자력계:-41.700,54.300,12.900
20:20:42  IMU방향유효:0
20:20:42  IMU방향:0.0
20:20:42  방향가속도크기:7.49
20:20:42  방향자이로크기:9.05
20:20:42  방향자세cos:0.5509
20:20:42  자기모델잔차:999.00
20:20:42  자기모델반경:0.000
20:20:42  방향채택:0
20:20:42  방향거부:19331
20:20:42  송신:1535
20:20:42  GPS위성:7
20:20:42  GPS_HDOP:1.23
20:20:42  원시위도:37.496463
20:20:42  원시경도:126.957650
20:20:42  GPS채택:671
20:20:42  GPS이상치거부:0
20:20:42  GPS품질거부:1
20:20:42  GPS재기준:0
20:20:42  RSSI원시:-71
20:20:42  RSSI평활:-69.5
20:20:42  RSSI샘플:3002
20:20:42  RSSI경과ms:8
20:20:42  차량수신:1497
20:20:42  시각ms:164762
20:20:42  IMU시각ms:164750
20:20:42  위험:2
20:20:42  GPS유효:1
20:20:42  위도:37.496464
20:20:42  경도:126.957649
20:20:42  속도:0.050
20:20:42  방향:0.0
20:20:42  GPS원시속도:0.041
20:20:42  GPS원시방향유효:1
20:20:42  GPS원시방향:193.1
20:20:42  가속도:-2.289,2.816,9.352
20:20:42  자이로:-0.473,1.840,0.809
20:20:42  자력계:-41.550,53.400,13.800
20:20:42  IMU방향유효:0
20:20:42  IMU방향:0.0
20:20:42  방향가속도크기:10.03
20:20:42  방향자이로크기:2.06
20:20:42  방향자세cos:0.6015
20:20:42  자기모델잔차:999.00
20:20:42  자기모델반경:0.000
20:20:42  방향채택:0
20:20:42  방향거부:19343
20:20:42  송신:1536
20:20:42  GPS위성:7
20:20:42  GPS_HDOP:1.23
20:20:42  원시위도:37.496463
20:20:42  원시경도:126.957650
20:20:42  GPS채택:672
20:20:42  GPS이상치거부:0
20:20:42  GPS품질거부:1
20:20:42  GPS재기준:0
20:20:42  RSSI원시:-69
20:20:42  RSSI평활:-69.3
20:20:42  RSSI샘플:3004
20:20:42  RSSI경과ms:5
20:20:42  차량수신:1498
20:20:43  시각ms:164968
20:20:43  IMU시각ms:164956
20:20:43  위험:2
20:20:43  GPS유효:1
20:20:43  위도:37.496464
20:20:43  경도:126.957649
20:20:43  속도:0.047
20:20:43  방향:0.0
20:20:43  GPS원시속도:0.041
20:20:43  GPS원시방향유효:1
20:20:43  GPS원시방향:193.1
20:20:43  가속도:-2.705,2.801,9.055
20:20:43  자이로:-2.740,-2.389,-0.229
20:20:43  자력계:-42.450,53.550,12.150
20:20:43  IMU방향유효:0
20:20:43  IMU방향:0.0
20:20:43  방향가속도크기:9.86
20:20:43  방향자이로크기:3.64
20:20:43  방향자세cos:0.5677
20:20:43  자기모델잔차:999.00
20:20:43  자기모델반경:0.000
20:20:43  방향채택:0
20:20:43  방향거부:19367
20:20:43  송신:1538
20:20:43  GPS위성:7
20:20:43  GPS_HDOP:1.23
20:20:43  원시위도:37.496462
20:20:43  원시경도:126.957650
20:20:43  GPS채택:673
20:20:43  GPS이상치거부:0
20:20:43  GPS품질거부:1
20:20:43  GPS재기준:0
20:20:43  RSSI원시:-63
20:20:43  RSSI평활:-67.2
20:20:43  RSSI샘플:3008
20:20:43  RSSI경과ms:7
20:20:43  차량수신:1500
20:20:43  시각ms:165071
20:20:43  IMU시각ms:165059
20:20:43  위험:2
20:20:43  GPS유효:1
20:20:43  위도:37.496464
20:20:43  경도:126.957649
20:20:43  속도:0.047
20:20:43  방향:0.0
20:20:43  GPS원시속도:0.041
20:20:43  GPS원시방향유효:1
20:20:43  GPS원시방향:193.1
20:20:43  가속도:-2.251,2.873,8.499
20:20:43  자이로:-0.023,-0.275,0.267
20:20:43  자력계:-40.950,55.050,15.150
20:20:43  IMU방향유효:0
20:20:43  IMU방향:0.0
20:20:43  방향가속도크기:9.25
20:20:43  방향자이로크기:0.38
20:20:43  방향자세cos:0.5994
20:20:43  자기모델잔차:999.00
20:20:43  자기모델반경:0.000
20:20:43  방향채택:0
20:20:43  방향거부:19379
20:20:43  송신:1539
20:20:43  GPS위성:7
20:20:43  GPS_HDOP:1.23
20:20:43  원시위도:37.496462
20:20:43  원시경도:126.957650
20:20:43  GPS채택:673
20:20:43  GPS이상치거부:0
20:20:43  GPS품질거부:1
20:20:43  GPS재기준:0
20:20:43  RSSI원시:-63
20:20:43  RSSI평활:-65.5
20:20:43  RSSI샘플:3010
20:20:43  RSSI경과ms:3
20:20:43  차량수신:1501
20:20:43  시각ms:165279
20:20:43  IMU시각ms:165267
20:20:43  위험:2
20:20:43  GPS유효:1
20:20:43  위도:37.496464
20:20:43  경도:126.957649
20:20:43  속도:0.052
20:20:43  방향:0.0
20:20:43  GPS원시속도:0.062
20:20:43  GPS원시방향유효:1
20:20:43  GPS원시방향:193.1
20:20:43  가속도:0.321,-1.494,4.061
20:20:43  자이로:-1.466,-4.214,5.145
20:20:43  자력계:-41.250,54.150,14.250
20:20:43  IMU방향유효:0
20:20:43  IMU방향:0.0
20:20:43  방향가속도크기:4.34
20:20:43  방향자이로크기:6.81
20:20:43  방향자세cos:0.7151
20:20:43  자기모델잔차:999.00
20:20:43  자기모델반경:0.000
20:20:43  방향채택:0
20:20:43  방향거부:19404
20:20:43  송신:1541
20:20:43  GPS위성:7
20:20:43  GPS_HDOP:1.23
20:20:43  원시위도:37.496462
20:20:43  원시경도:126.957650
20:20:43  GPS채택:674
20:20:43  GPS이상치거부:0
20:20:43  GPS품질거부:1
20:20:43  GPS재기준:0
20:20:43  RSSI원시:-68
20:20:43  RSSI평활:-65.5
20:20:43  RSSI샘플:3014
20:20:43  RSSI경과ms:7
20:20:43  차량수신:1503
20:20:43  시각ms:165382
20:20:43  IMU시각ms:165370
20:20:43  위험:2
20:20:43  GPS유효:1
20:20:43  위도:37.496464
20:20:43  경도:126.957649
20:20:43  속도:0.061
20:20:43  방향:0.0
20:20:43  GPS원시속도:0.077
20:20:43  GPS원시방향유효:1
20:20:43  GPS원시방향:193.1
20:20:43  가속도:-3.476,5.100,9.582
20:20:43  자이로:-10.992,11.206,-5.092
20:20:43  자력계:-40.800,56.400,14.550
20:20:43  IMU방향유효:0
20:20:43  IMU방향:0.0
20:20:43  방향가속도크기:11.40
20:20:43  방향자이로크기:16.50
20:20:43  방향자세cos:0.5834
20:20:43  자기모델잔차:999.00
20:20:43  자기모델반경:0.000
20:20:43  방향채택:0
20:20:43  방향거부:19416
20:20:43  송신:1542
20:20:43  GPS위성:7
20:20:43  GPS_HDOP:1.23
20:20:43  원시위도:37.496463
20:20:43  원시경도:126.957650
20:20:43  GPS채택:675
20:20:43  GPS이상치거부:0
20:20:43  GPS품질거부:1
20:20:43  GPS재기준:0
20:20:43  RSSI원시:-74
20:20:43  RSSI평활:-68.1
20:20:43  RSSI샘플:3016
20:20:43  RSSI경과ms:1
20:20:43  차량수신:1504
20:20:43  시각ms:165485
20:20:43  IMU시각ms:165473
20:20:43  위험:2
20:20:43  GPS유효:1
20:20:43  위도:37.496464
20:20:43  경도:126.957649
20:20:43  속도:0.061
20:20:43  방향:0.0
20:20:43  GPS원시속도:0.077
20:20:43  GPS원시방향유효:1
20:20:43  GPS원시방향:193.1
20:20:43  가속도:-2.954,3.026,7.987
20:20:43  자이로:2.168,-1.214,3.458
20:20:43  자력계:-43.200,54.300,13.950
20:20:43  IMU방향유효:0
20:20:43  IMU방향:0.0
20:20:43  방향가속도크기:9.04
20:20:43  방향자이로크기:4.26
20:20:43  방향자세cos:0.5408
20:20:43  자기모델잔차:999.00
20:20:43  자기모델반경:0.000
20:20:43  방향채택:0
20:20:43  방향거부:19428
20:20:43  송신:1543
20:20:43  GPS위성:7
20:20:43  GPS_HDOP:1.23
20:20:43  원시위도:37.496463
20:20:43  원시경도:126.957650
20:20:43  GPS채택:675
20:20:43  GPS이상치거부:0
20:20:43  GPS품질거부:1
20:20:43  GPS재기준:0
20:20:43  RSSI원시:-74
20:20:43  RSSI평활:-69.3
20:20:43  RSSI샘플:3017
20:20:43  RSSI경과ms:2
20:20:43  차량수신:1504
20:20:43  시각ms:165588
20:20:43  IMU시각ms:165576
20:20:43  위험:2
20:20:43  GPS유효:1
20:20:43  위도:37.496464
20:20:43  경도:126.957649
20:20:43  속도:0.054
20:20:43  방향:0.0
20:20:43  GPS원시속도:0.041
20:20:43  GPS원시방향유효:1
20:20:43  GPS원시방향:193.1
20:20:43  가속도:-2.471,2.744,8.945
20:20:43  자이로:-0.595,0.656,-0.573
20:20:43  자력계:-42.000,53.400,13.500
20:20:43  IMU방향유효:0
20:20:43  IMU방향:0.0
20:20:43  방향가속도크기:9.68
20:20:43  방향자이로크기:1.06
20:20:43  방향자세cos:0.5821
20:20:43  자기모델잔차:999.00
20:20:43  자기모델반경:0.000
20:20:43  방향채택:0
20:20:43  방향거부:19440
20:20:43  송신:1544
20:20:43  GPS위성:7
20:20:43  GPS_HDOP:1.23
20:20:43  원시위도:37.496462
20:20:43  원시경도:126.957650
20:20:43  GPS채택:676
20:20:43  GPS이상치거부:0
20:20:43  GPS품질거부:1
20:20:43  GPS재기준:0
20:20:43  RSSI원시:-66
20:20:43  RSSI평활:-68.3
20:20:43  RSSI샘플:3019
20:20:43  RSSI경과ms:7
20:20:43  차량수신:1505
20:20:43  시각ms:165691
20:20:43  IMU시각ms:165679
20:20:43  위험:2
20:20:43  GPS유효:1
20:20:43  위도:37.496464
20:20:43  경도:126.957649
20:20:43  속도:0.054
20:20:43  방향:0.0
20:20:43  GPS원시속도:0.041
20:20:43  GPS원시방향유효:1
20:20:43  GPS원시방향:193.1
20:20:43  가속도:-2.686,2.796,8.854
20:20:43  자이로:-1.198,-0.557,-1.695
20:20:43  자력계:-40.800,55.650,14.250
20:20:43  IMU방향유효:0
20:20:43  IMU방향:0.0
20:20:43  방향가속도크기:9.67
20:20:43  방향자이로크기:2.15
20:20:43  방향자세cos:0.5666
20:20:43  자기모델잔차:999.00
20:20:43  자기모델반경:0.000
20:20:43  방향채택:0
20:20:43  방향거부:19452
20:20:43  송신:1545
20:20:43  GPS위성:7
20:20:43  GPS_HDOP:1.23
20:20:43  원시위도:37.496462
20:20:43  원시경도:126.957650
20:20:43  GPS채택:676
20:20:43  GPS이상치거부:0
20:20:43  GPS품질거부:1
20:20:43  GPS재기준:0
20:20:43  RSSI원시:-65
20:20:43  RSSI평활:-67.6
20:20:43  RSSI샘플:3020
20:20:43  RSSI경과ms:57
20:20:43  차량수신:1506
20:20:43  시각ms:165796
20:20:43  IMU시각ms:165784
20:20:43  위험:2
20:20:43  GPS유효:1
20:20:43  위도:37.496464
20:20:43  경도:126.957649
20:20:43  속도:0.042
20:20:43  방향:0.0
20:20:43  GPS원시속도:0.021
20:20:43  GPS원시방향유효:1
20:20:43  GPS원시방향:193.1
20:20:43  가속도:-2.653,2.782,8.983
20:20:43  자이로:-0.519,2.504,0.756
20:20:43  자력계:-41.250,53.400,14.850
20:20:43  IMU방향유효:0
20:20:43  IMU방향:0.0
20:20:43  방향가속도크기:9.77
20:20:43  방향자이로크기:2.67
20:20:43  방향자세cos:0.5701
20:20:43  자기모델잔차:999.00
20:20:43  자기모델반경:0.000
20:20:43  방향채택:0
20:20:43  방향거부:19465
20:20:43  송신:1546
20:20:43  GPS위성:7
20:20:43  GPS_HDOP:1.23
20:20:43  원시위도:37.496462
20:20:43  원시경도:126.957650
20:20:43  GPS채택:677
20:20:43  GPS이상치거부:0
20:20:43  GPS품질거부:1
20:20:43  GPS재기준:0
20:20:43  RSSI원시:-64
20:20:43  RSSI평활:-66.0
20:20:43  RSSI샘플:3023
20:20:43  RSSI경과ms:4
20:20:43  차량수신:1507
20:20:44  시각ms:166004
20:20:44  IMU시각ms:165992
20:20:44  위험:2
20:20:44  GPS유효:1
20:20:44  위도:37.496464
20:20:44  경도:126.957649
20:20:44  속도:0.029
20:20:44  방향:0.0
20:20:44  GPS원시속도:0.005
20:20:44  GPS원시방향유효:1
20:20:44  GPS원시방향:193.1
20:20:44  가속도:1.810,-2.078,5.464
20:20:44  자이로:6.008,-9.290,3.870
20:20:44  자력계:-40.200,55.500,14.700
20:20:44  IMU방향유효:0
20:20:44  IMU방향:0.0
20:20:44  방향가속도크기:6.12
20:20:44  방향자이로크기:11.72
20:20:44  방향자세cos:0.4735
20:20:44  자기모델잔차:999.00
20:20:44  자기모델반경:0.000
20:20:44  방향채택:0
20:20:44  방향거부:19490
20:20:44  송신:1548
20:20:44  GPS위성:7
20:20:44  GPS_HDOP:1.23
20:20:44  원시위도:37.496462
20:20:44  원시경도:126.957649
20:20:44  GPS채택:678
20:20:44  GPS이상치거부:0
20:20:44  GPS품질거부:1
20:20:44  GPS재기준:0
20:20:44  RSSI원시:-64
20:20:44  RSSI평활:-64.7
20:20:44  RSSI샘플:3027
20:20:44  RSSI경과ms:2
20:20:44  차량수신:1509
20:20:44  시각ms:166107
20:20:44  IMU시각ms:166095
20:20:44  위험:2
20:20:44  GPS유효:1
20:20:44  위도:37.496464
20:20:44  경도:126.957649
20:20:44  속도:0.029
20:20:44  방향:0.0
20:20:44  GPS원시속도:0.005
20:20:44  GPS원시방향유효:1
20:20:44  GPS원시방향:193.1
20:20:44  가속도:1.853,-1.604,6.536
20:20:44  자이로:7.099,-14.107,4.191
20:20:44  자력계:-42.750,54.450,14.250
20:20:44  IMU방향유효:0
20:20:44  IMU방향:0.0
20:20:44  방향가속도크기:6.98
20:20:44  방향자이로크기:16.34
20:20:44  방향자세cos:0.6178
20:20:44  자기모델잔차:999.00
20:20:44  자기모델반경:0.000
20:20:44  방향채택:0
20:20:44  방향거부:19502
20:20:44  송신:1549
20:20:44  GPS위성:7
20:20:44  GPS_HDOP:1.23
20:20:44  원시위도:37.496462
20:20:44  원시경도:126.957649
20:20:44  GPS채택:678
20:20:44  GPS이상치거부:0
20:20:44  GPS품질거부:1
20:20:44  GPS재기준:0
20:20:44  RSSI원시:-67
20:20:44  RSSI평활:-65.4
20:20:44  RSSI샘플:3029
20:20:44  RSSI경과ms:5
20:20:44  차량수신:1510
20:20:44  시각ms:166210
20:20:44  IMU시각ms:166198
20:20:44  위험:2
20:20:44  GPS유효:1
20:20:44  위도:37.496460
20:20:44  경도:126.957649
20:20:44  속도:0.041
20:20:44  방향:0.0
20:20:44  GPS원시속도:0.062
20:20:44  GPS원시방향유효:1
20:20:44  GPS원시방향:193.1
20:20:44  가속도:-2.954,1.800,7.695
20:20:44  자이로:8.336,-7.718,7.275
20:20:44  자력계:-41.250,54.900,14.250
20:20:44  IMU방향유효:0
20:20:44  IMU방향:0.0
20:20:44  방향가속도크기:8.44
20:20:44  방향자이로크기:13.49
20:20:44  방향자세cos:0.4834
20:20:44  자기모델잔차:999.00
20:20:44  자기모델반경:0.000
20:20:44  방향채택:0
20:20:44  방향거부:19514
20:20:44  송신:1550
20:20:44  GPS위성:7
20:20:44  GPS_HDOP:1.23
20:20:44  원시위도:37.496462
20:20:44  원시경도:126.957649
20:20:44  GPS채택:679
20:20:44  GPS이상치거부:0
20:20:44  GPS품질거부:1
20:20:44  GPS재기준:0
20:20:44  RSSI원시:-70
20:20:44  RSSI평활:-66.9
20:20:44  RSSI샘플:3031
20:20:44  RSSI경과ms:5
20:20:44  차량수신:1511
20:20:44  시각ms:166313
20:20:44  IMU시각ms:166301
20:20:44  위험:1
20:20:44  GPS유효:1
20:20:44  위도:37.496460
20:20:44  경도:126.957649
20:20:44  속도:0.041
20:20:44  방향:0.0
20:20:44  GPS원시속도:0.062
20:20:44  GPS원시방향유효:1
20:20:44  GPS원시방향:193.1
20:20:44  가속도:-3.644,3.395,10.094
20:20:44  자이로:1.031,-5.229,-0.137
20:20:44  자력계:-39.750,53.700,14.550
20:20:44  IMU방향유효:0
20:20:44  IMU방향:0.0
20:20:44  방향가속도크기:11.26
20:20:44  방향자이로크기:5.33
20:20:44  방향자세cos:0.5340
20:20:44  자기모델잔차:999.00
20:20:44  자기모델반경:0.000
20:20:44  방향채택:0
20:20:44  방향거부:19526
20:20:44  송신:1551
20:20:44  GPS위성:7
20:20:44  GPS_HDOP:1.23
20:20:44  원시위도:37.496462
20:20:44  원시경도:126.957649
20:20:44  GPS채택:679
20:20:44  GPS이상치거부:0
20:20:44  GPS품질거부:1
20:20:44  GPS재기준:0
20:20:44  RSSI원시:-74
20:20:44  RSSI평활:-68.3
20:20:44  RSSI샘플:3032
20:20:44  RSSI경과ms:53
20:20:44  차량수신:1512
20:20:44  시각ms:166418
20:20:44  IMU시각ms:166406
20:20:44  위험:1
20:20:44  GPS유효:1
20:20:44  위도:37.496460
20:20:44  경도:126.957649
20:20:44  속도:0.044
20:20:44  방향:0.0
20:20:44  GPS원시속도:0.051
20:20:44  GPS원시방향유효:1
20:20:44  GPS원시방향:193.1
20:20:44  가속도:-0.239,0.077,6.776
20:20:44  자이로:-1.336,7.267,-2.298
20:20:44  자력계:-40.950,55.500,14.400
20:20:44  IMU방향유효:0
20:20:44  IMU방향:0.0
20:20:44  방향가속도크기:6.78
20:20:44  방향자이로크기:7.74
20:20:44  방향자세cos:0.6474
20:20:44  자기모델잔차:999.00
20:20:44  자기모델반경:0.000
20:20:44  방향채택:0
20:20:44  방향거부:19539
20:20:44  송신:1552
20:20:44  GPS위성:7
20:20:44  GPS_HDOP:1.23
20:20:44  원시위도:37.496461
20:20:44  원시경도:126.957649
20:20:44  GPS채택:680
20:20:44  GPS이상치거부:0
20:20:44  GPS품질거부:1
20:20:44  GPS재기준:0
20:20:44  RSSI원시:-71
20:20:44  RSSI평활:-69.4
20:20:44  RSSI샘플:3034
20:20:44  RSSI경과ms:57
20:20:44  차량수신:1513
20:20:44  시각ms:166627
20:20:44  IMU시각ms:166615
20:20:44  위험:1
20:20:44  GPS유효:1
20:20:44  위도:37.496460
20:20:44  경도:126.957649
20:20:44  속도:0.050
20:20:44  방향:0.0
20:20:44  GPS원시속도:0.062
20:20:44  GPS원시방향유효:1
20:20:44  GPS원시방향:193.1
20:20:44  가속도:-2.093,4.324,9.366
20:20:44  자이로:-11.198,11.870,-1.969
20:20:44  자력계:-40.050,54.900,13.800
20:20:44  IMU방향유효:0
20:20:44  IMU방향:0.0
20:20:44  방향가속도크기:10.53
20:20:44  방향자이로크기:16.44
20:20:44  방향자세cos:0.6578
20:20:44  자기모델잔차:999.00
20:20:44  자기모델반경:0.000
20:20:44  방향채택:0
20:20:44  방향거부:19565
20:20:44  송신:1554
20:20:44  GPS위성:7
20:20:44  GPS_HDOP:1.23
20:20:44  원시위도:37.496461
20:20:44  원시경도:126.957649
20:20:44  GPS채택:681
20:20:44  GPS이상치거부:0
20:20:44  GPS품질거부:1
20:20:44  GPS재기준:0
20:20:44  RSSI원시:-71
20:20:44  RSSI평활:-69.9
20:20:44  RSSI샘플:3039
20:20:44  RSSI경과ms:6
20:20:44  차량수신:1515
20:20:44  시각ms:166731
20:20:44  IMU시각ms:166719
20:20:44  위험:1
20:20:44  GPS유효:1
20:20:44  위도:37.496460
20:20:44  경도:126.957649
20:20:44  속도:0.050
20:20:44  방향:0.0
20:20:44  GPS원시속도:0.062
20:20:44  GPS원시방향유효:1
20:20:44  GPS원시방향:193.1
20:20:44  가속도:-4.496,6.225,11.435
20:20:44  자이로:-7.191,14.809,-4.519
20:20:44  자력계:-41.250,55.650,12.000
20:20:44  IMU방향유효:0
20:20:44  IMU방향:0.0
20:20:44  방향가속도크기:13.77
20:20:44  방향자이로크기:17.07
20:20:44  방향자세cos:0.5925
20:20:44  자기모델잔차:999.00
20:20:44  자기모델반경:0.000
20:20:44  방향채택:0
20:20:44  방향거부:19578
20:20:44  송신:1555
20:20:44  GPS위성:7
20:20:44  GPS_HDOP:1.23
20:20:44  원시위도:37.496461
20:20:44  원시경도:126.957649
20:20:44  GPS채택:681
20:20:44  GPS이상치거부:0
20:20:44  GPS품질거부:1
20:20:44  GPS재기준:0
20:20:44  RSSI원시:-73
20:20:44  RSSI평활:-70.8
20:20:44  RSSI샘플:3041
20:20:44  RSSI경과ms:4
20:20:44  차량수신:1516
20:20:44  시각ms:166834
20:20:44  IMU시각ms:166822
20:20:44  위험:1
20:20:44  GPS유효:1
20:20:44  위도:37.496460
20:20:44  경도:126.957649
20:20:44  속도:0.036
20:20:44  방향:0.0
20:20:44  GPS원시속도:0.010
20:20:44  GPS원시방향유효:1
20:20:44  GPS원시방향:193.1
20:20:44  가속도:-4.420,5.995,11.344
20:20:44  자이로:0.863,-13.916,4.771
20:20:44  자력계:-41.550,54.900,13.800
20:20:44  IMU방향유효:0
20:20:44  IMU방향:0.0
20:20:44  방향가속도크기:13.57
20:20:44  방향자이로크기:14.74
20:20:44  방향자세cos:0.5793
20:20:44  자기모델잔차:999.00
20:20:44  자기모델반경:0.000
20:20:44  방향채택:0
20:20:44  방향거부:19590
20:20:44  송신:1556
20:20:44  GPS위성:7
20:20:44  GPS_HDOP:1.23
20:20:44  원시위도:37.496460
20:20:44  원시경도:126.957649
20:20:44  GPS채택:682
20:20:44  GPS이상치거부:0
20:20:44  GPS품질거부:1
20:20:44  GPS재기준:0
20:20:44  RSSI원시:-73
20:20:44  RSSI평활:-71.8
20:20:44  RSSI샘플:3043
20:20:44  RSSI경과ms:3
20:20:44  차량수신:1517
20:20:44  시각ms:166936
20:20:44  IMU시각ms:166924
20:20:44  위험:1
20:20:44  GPS유효:1
20:20:44  위도:37.496460
20:20:44  경도:126.957649
20:20:44  속도:0.036
20:20:44  방향:0.0
20:20:44  GPS원시속도:0.010
20:20:44  GPS원시방향유효:1
20:20:44  GPS원시방향:193.1
20:20:44  가속도:-2.332,2.950,9.266
20:20:44  자이로:-1.573,1.763,-0.611
20:20:44  자력계:-41.400,53.100,13.950
20:20:44  IMU방향유효:0
20:20:44  IMU방향:0.0
20:20:44  방향가속도크기:10.00
20:20:44  방향자이로크기:2.44
20:20:44  방향자세cos:0.6022
20:20:44  자기모델잔차:999.00
20:20:44  자기모델반경:0.000
20:20:44  방향채택:0
20:20:44  방향거부:19602
20:20:44  송신:1557
20:20:44  GPS위성:7
20:20:44  GPS_HDOP:1.23
20:20:44  원시위도:37.496460
20:20:44  원시경도:126.957649
20:20:44  GPS채택:682
20:20:44  GPS이상치거부:0
20:20:44  GPS품질거부:1
20:20:44  GPS재기준:0
20:20:44  RSSI원시:-70
20:20:44  RSSI평활:-71.5
20:20:44  RSSI샘플:3045
20:20:44  RSSI경과ms:7
20:20:44  차량수신:1518
20:20:45  시각ms:167039
20:20:45  IMU시각ms:167027
20:20:45  위험:1
20:20:45  GPS유효:1
20:20:45  위도:37.496460
20:20:45  경도:126.957649
20:20:45  속도:0.034
20:20:45  방향:0.0
20:20:45  GPS원시속도:0.031
20:20:45  GPS원시방향유효:1
20:20:45  GPS원시방향:193.1
20:20:45  가속도:-2.801,2.686,9.194
20:20:45  자이로:-1.794,-2.748,-1.168
20:20:45  자력계:-40.950,54.300,13.650
20:20:45  IMU방향유효:0
20:20:45  IMU방향:0.0
20:20:45  방향가속도크기:9.98
20:20:45  방향자이로크기:3.48
20:20:45  방향자세cos:0.5581
20:20:45  자기모델잔차:999.00
20:20:45  자기모델반경:0.000
20:20:45  방향채택:0
20:20:45  방향거부:19614
20:20:45  송신:1558
20:20:45  GPS위성:7
20:20:45  GPS_HDOP:1.23
20:20:45  원시위도:37.496460
20:20:45  원시경도:126.957648
20:20:45  GPS채택:683
20:20:45  GPS이상치거부:0
20:20:45  GPS품질거부:1
20:20:45  GPS재기준:0
20:20:45  RSSI원시:-73
20:20:45  RSSI평활:-71.4
20:20:45  RSSI샘플:3047
20:20:45  RSSI경과ms:3
20:20:45  차량수신:1519
20:20:45  시각ms:167143
20:20:45  IMU시각ms:167131
20:20:45  위험:1
20:20:45  GPS유효:1
20:20:45  위도:37.496460
20:20:45  경도:126.957649
20:20:45  속도:0.034
20:20:45  방향:0.0
20:20:45  GPS원시속도:0.031
20:20:45  GPS원시방향유효:1
20:20:45  GPS원시방향:193.1
20:20:45  가속도:-2.523,2.595,8.825
20:20:45  자이로:-1.397,-0.992,1.000
20:20:45  자력계:-42.300,53.700,14.250
20:20:45  IMU방향유효:0
20:20:45  IMU방향:0.0
20:20:45  방향가속도크기:9.54
20:20:45  방향자이로크기:1.98
20:20:45  방향자세cos:0.5714
20:20:45  자기모델잔차:999.00
20:20:45  자기모델반경:0.000
20:20:45  방향채택:0
20:20:45  방향거부:19627
20:20:45  송신:1559
20:20:45  GPS위성:7
20:20:45  GPS_HDOP:1.23
20:20:45  원시위도:37.496460
20:20:45  원시경도:126.957648
20:20:45  GPS채택:683
20:20:45  GPS이상치거부:0
20:20:45  GPS품질거부:1
20:20:45  GPS재기준:0
20:20:45  RSSI원시:-76
20:20:45  RSSI평활:-73.5
20:20:45  RSSI샘플:3049
20:20:45  RSSI경과ms:2
20:20:45  차량수신:1520
20:20:45  시각ms:167246
20:20:45  IMU시각ms:167234
20:20:45  위험:1
20:20:45  GPS유효:1
20:20:45  위도:37.496460
20:20:45  경도:126.957649
20:20:45  속도:0.024
20:20:45  방향:0.0
20:20:45  GPS원시속도:0.005
20:20:45  GPS원시방향유효:1
20:20:45  GPS원시방향:193.1
20:20:45  가속도:-2.547,2.677,8.921
20:20:45  자이로:-2.221,0.046,-0.382
20:20:45  자력계:-42.000,56.100,14.250
20:20:45  IMU방향유효:0
20:20:45  IMU방향:0.0
20:20:45  방향가속도크기:9.66
20:20:45  방향자이로크기:2.25
20:20:45  방향자세cos:0.5736
20:20:45  자기모델잔차:999.00
20:20:45  자기모델반경:0.000
20:20:45  방향채택:0
20:20:45  방향거부:19639
20:20:45  송신:1560
20:20:45  GPS위성:7
20:20:45  GPS_HDOP:1.23
20:20:45  원시위도:37.496460
20:20:45  원시경도:126.957648
20:20:45  GPS채택:684
20:20:45  GPS이상치거부:0
20:20:45  GPS품질거부:1
20:20:45  GPS재기준:0
20:20:45  RSSI원시:-72
20:20:45  RSSI평활:-73.5
20:20:45  RSSI샘플:3051
20:20:45  RSSI경과ms:3
20:20:45  차량수신:1521
20:20:45  시각ms:167350
20:20:45  IMU시각ms:167338
20:20:45  위험:1
20:20:45  GPS유효:1
20:20:45  위도:37.496460
20:20:45  경도:126.957649
20:20:45  속도:0.075
20:20:45  방향:0.0
20:20:45  GPS원시속도:0.170
20:20:45  GPS원시방향유효:1
20:20:45  GPS원시방향:193.1
20:20:45  가속도:-2.638,2.729,8.906
20:20:45  자이로:-1.366,0.176,0.901
20:20:45  자력계:-42.000,54.900,14.550
20:20:45  IMU방향유효:0
20:20:45  IMU방향:0.0
20:20:45  방향가속도크기:9.68
20:20:45  방향자이로크기:1.65
20:20:45  방향자세cos:0.5685
20:20:45  자기모델잔차:999.00
20:20:45  자기모델반경:0.000
20:20:45  방향채택:0
20:20:45  방향거부:19652
20:20:45  송신:1561
20:20:45  GPS위성:7
20:20:45  GPS_HDOP:1.23
20:20:45  원시위도:37.496459
20:20:45  원시경도:126.957648
20:20:45  GPS채택:685
20:20:45  GPS이상치거부:0
20:20:45  GPS품질거부:1
20:20:45  GPS재기준:0
20:20:45  RSSI원시:-68
20:20:45  RSSI평활:-71.8
20:20:45  RSSI샘플:3053
20:20:45  RSSI경과ms:6
20:20:45  차량수신:1522
20:20:45  시각ms:167557
20:20:45  IMU시각ms:167545
20:20:45  위험:1
20:20:45  GPS유효:1
20:20:45  위도:37.496460
20:20:45  경도:126.957649
20:20:45  속도:0.081
20:20:45  방향:0.0
20:20:45  GPS원시속도:0.093
20:20:45  GPS원시방향유효:1
20:20:45  GPS원시방향:193.1
20:20:45  가속도:-2.485,2.887,9.026
20:20:45  자이로:0.244,-0.191,-1.374
20:20:45  자력계:-42.000,53.700,14.550
20:20:45  IMU방향유효:0
20:20:45  IMU방향:0.0
20:20:45  방향가속도크기:9.80
20:20:45  방향자이로크기:1.41
20:20:45  방향자세cos:0.5868
20:20:45  자기모델잔차:999.00
20:20:45  자기모델반경:0.000
20:20:45  방향채택:0
20:20:45  방향거부:19677
20:20:45  송신:1563
20:20:45  GPS위성:7
20:20:45  GPS_HDOP:1.23
20:20:45  원시위도:37.496459
20:20:45  원시경도:126.957648
20:20:45  GPS채택:686
20:20:45  GPS이상치거부:0
20:20:45  GPS품질거부:1
20:20:45  GPS재기준:0
20:20:45  RSSI원시:-70
20:20:45  RSSI평활:-69.5
20:20:45  RSSI샘플:3057
20:20:45  RSSI경과ms:4
20:20:45  차량수신:1524
20:20:45  시각ms:167660
20:20:45  IMU시각ms:167648
20:20:45  위험:1
20:20:45  GPS유효:1
20:20:45  위도:37.496460
20:20:45  경도:126.957649
20:20:45  속도:0.081
20:20:45  방향:0.0
20:20:45  GPS원시속도:0.093
20:20:45  GPS원시방향유효:1
20:20:45  GPS원시방향:193.1
20:20:45  가속도:-2.528,2.744,8.906
20:20:45  자이로:-1.878,0.412,-0.939
20:20:45  자력계:-42.750,53.400,13.500
20:20:45  IMU방향유효:0
20:20:45  IMU방향:0.0
20:20:45  방향가속도크기:9.66
20:20:45  방향자이로크기:2.14
20:20:45  방향자세cos:0.5773
20:20:45  자기모델잔차:999.00
20:20:45  자기모델반경:0.000
20:20:45  방향채택:0
20:20:45  방향거부:19689
20:20:45  송신:1564
20:20:45  GPS위성:7
20:20:45  GPS_HDOP:1.23
20:20:45  원시위도:37.496459
20:20:45  원시경도:126.957648
20:20:45  GPS채택:686
20:20:45  GPS이상치거부:0
20:20:45  GPS품질거부:1
20:20:45  GPS재기준:0
20:20:45  RSSI원시:-70
20:20:45  RSSI평활:-69.6
20:20:45  RSSI샘플:3058
20:20:45  RSSI경과ms:57
20:20:45  차량수신:1525
20:20:45  시각ms:167764
20:20:45  IMU시각ms:167752
20:20:45  위험:1
20:20:45  GPS유효:1
20:20:45  위도:37.496460
20:20:45  경도:126.957649
20:20:45  속도:0.096
20:20:45  방향:0.0
20:20:45  GPS원시속도:0.123
20:20:45  GPS원시방향유효:1
20:20:45  GPS원시방향:193.1
20:20:45  가속도:-2.624,2.744,9.160
20:20:45  자이로:-0.634,-0.023,0.641
20:20:45  자력계:-40.800,54.150,14.250
20:20:45  IMU방향유효:0
20:20:45  IMU방향:0.0
20:20:45  방향가속도크기:9.92
20:20:45  방향자이로크기:0.90
20:20:45  방향자세cos:0.5729
20:20:45  자기모델잔차:999.00
20:20:45  자기모델반경:0.000
20:20:45  방향채택:0
20:20:45  방향거부:19702
20:20:45  송신:1565
20:20:45  GPS위성:7
20:20:45  GPS_HDOP:1.23
20:20:45  원시위도:37.496459
20:20:45  원시경도:126.957647
20:20:45  GPS채택:687
20:20:45  GPS이상치거부:0
20:20:45  GPS품질거부:1
20:20:45  GPS재기준:0
20:20:45  RSSI원시:-65
20:20:45  RSSI평활:-69.1
20:20:45  RSSI샘플:3061
20:20:45  RSSI경과ms:2
20:20:45  차량수신:1526
20:20:45  시각ms:167867
20:20:45  IMU시각ms:167855
20:20:45  위험:1
20:20:45  GPS유효:1
20:20:45  위도:37.496460
20:20:45  경도:126.957649
20:20:45  속도:0.096
20:20:45  방향:0.0
20:20:45  GPS원시속도:0.123
20:20:45  GPS원시방향유효:1
20:20:45  GPS원시방향:193.1
20:20:45  가속도:-2.605,2.950,8.935
20:20:45  자이로:-2.397,-1.191,-1.267
20:20:45  자력계:-42.150,54.000,13.950
20:20:45  IMU방향유효:0
20:20:45  IMU방향:0.0
20:20:45  방향가속도크기:9.76
20:20:45  방향자이로크기:2.96
20:20:45  방향자세cos:0.5790
20:20:45  자기모델잔차:999.00
20:20:45  자기모델반경:0.000
20:20:45  방향채택:0
20:20:45  방향거부:19714
20:20:45  송신:1566
20:20:45  GPS위성:7
20:20:45  GPS_HDOP:1.23
20:20:45  원시위도:37.496459
20:20:45  원시경도:126.957647
20:20:45  GPS채택:687
20:20:45  GPS이상치거부:0
20:20:45  GPS품질거부:1
20:20:45  GPS재기준:0
20:20:45  RSSI원시:-63
20:20:45  RSSI평활:-67.1
20:20:45  RSSI샘플:3063
20:20:45  RSSI경과ms:3
20:20:45  차량수신:1527
20:20:46  시각ms:167970
20:20:46  IMU시각ms:167958
20:20:46  위험:1
20:20:46  GPS유효:1
20:20:46  위도:37.496460
20:20:46  경도:126.957649
20:20:46  속도:0.100
20:20:46  방향:0.0
20:20:46  GPS원시속도:0.108
20:20:46  GPS원시방향유효:1
20:20:46  GPS원시방향:193.1
20:20:46  가속도:-2.485,2.739,8.973
20:20:46  자이로:-2.817,0.198,-1.435
20:20:46  자력계:-41.400,53.550,14.400
20:20:46  IMU방향유효:0
20:20:46  IMU방향:0.0
20:20:46  방향가속도크기:9.71
20:20:46  방향자이로크기:3.17
20:20:46  방향자세cos:0.5811
20:20:46  자기모델잔차:999.00
20:20:46  자기모델반경:0.000
20:20:46  방향채택:0
20:20:46  방향거부:19726
20:20:46  송신:1567
20:20:46  GPS위성:7
20:20:46  GPS_HDOP:1.23
20:20:46  원시위도:37.496459
20:20:46  원시경도:126.957647
20:20:46  GPS채택:688
20:20:46  GPS이상치거부:0
20:20:46  GPS품질거부:1
20:20:46  GPS재기준:0
20:20:46  RSSI원시:-60
20:20:46  RSSI평활:-64.7
20:20:46  RSSI샘플:3065
20:20:46  RSSI경과ms:6
20:20:46  차량수신:1528
20:20:46  시각ms:168073
20:20:46  IMU시각ms:168061
20:20:46  위험:1
20:20:46  GPS유효:1
20:20:46  위도:37.496460
20:20:46  경도:126.957649
20:20:46  속도:0.100
20:20:46  방향:0.0
20:20:46  GPS원시속도:0.108
20:20:46  GPS원시방향유효:1
20:20:46  GPS원시방향:193.1
20:20:46  가속도:-2.571,2.720,8.935
20:20:46  자이로:0.389,-2.221,-0.786
20:20:46  자력계:-42.150,55.050,12.600
20:20:46  IMU방향유효:0
20:20:46  IMU방향:0.0
20:20:46  방향가속도크기:9.69
20:20:46  방향자이로크기:2.39
20:20:46  방향자세cos:0.5735
20:20:46  자기모델잔차:999.00
20:20:46  자기모델반경:0.000
20:20:46  방향채택:0
20:20:46  방향거부:19738
20:20:46  송신:1568
20:20:46  GPS위성:7
20:20:46  GPS_HDOP:1.23
20:20:46  원시위도:37.496459
20:20:46  원시경도:126.957647
20:20:46  GPS채택:688
20:20:46  GPS이상치거부:0
20:20:46  GPS품질거부:1
20:20:46  GPS재기준:0
20:20:46  RSSI원시:-60
20:20:46  RSSI평활:-63.3
20:20:46  RSSI샘플:3067
20:20:46  RSSI경과ms:1
20:20:46  차량수신:1529
20:20:46  시각ms:168176
20:20:46  IMU시각ms:168164
20:20:46  위험:1
20:20:46  GPS유효:1
20:20:46  위도:37.496460
20:20:46  경도:126.957649
20:20:46  속도:0.089
20:20:46  방향:0.0
20:20:46  GPS원시속도:0.067
20:20:46  GPS원시방향유효:1
20:20:46  GPS원시방향:193.1
20:20:46  가속도:-2.586,2.811,9.041
20:20:46  자이로:0.298,-0.061,1.397
20:20:46  자력계:-41.400,55.050,12.900
20:20:46  IMU방향유효:0
20:20:46  IMU방향:0.0
20:20:46  방향가속도크기:9.81
20:20:46  방향자이로크기:1.43
20:20:46  방향자세cos:0.5768
20:20:46  자기모델잔차:999.00
20:20:46  자기모델반경:0.000
20:20:46  방향채택:0
20:20:46  방향거부:19750
20:20:46  송신:1569
20:20:46  GPS위성:7
20:20:46  GPS_HDOP:1.23
20:20:46  원시위도:37.496458
20:20:46  원시경도:126.957647
20:20:46  GPS채택:689
20:20:46  GPS이상치거부:0
20:20:46  GPS품질거부:1
20:20:46  GPS재기준:0
20:20:46  RSSI원시:-60
20:20:46  RSSI평활:-62.0
20:20:46  RSSI샘플:3069
20:20:46  RSSI경과ms:6
20:20:46  차량수신:1530
20:20:46  시각ms:168279
20:20:46  IMU시각ms:168267
20:20:46  위험:1
20:20:46  GPS유효:1
20:20:46  위도:37.496460
20:20:46  경도:126.957649
20:20:46  속도:0.089
20:20:46  방향:0.0
20:20:46  GPS원시속도:0.067
20:20:46  GPS원시방향유효:1
20:20:46  GPS원시방향:193.1
20:20:46  가속도:-2.567,2.854,9.069
20:20:46  자이로:-0.733,-0.702,0.336
20:20:46  자력계:-42.300,54.150,14.250
20:20:46  IMU방향유효:0
20:20:46  IMU방향:0.0
20:20:46  방향가속도크기:9.85
20:20:46  방향자이로크기:1.07
20:20:46  방향자세cos:0.5800
20:20:46  자기모델잔차:999.00
20:20:46  자기모델반경:0.000
20:20:46  방향채택:0
20:20:46  방향거부:19762
20:20:46  송신:1570
20:20:46  GPS위성:7
20:20:46  GPS_HDOP:1.23
20:20:46  원시위도:37.496458
20:20:46  원시경도:126.957647
20:20:46  GPS채택:689
20:20:46  GPS이상치거부:0
20:20:46  GPS품질거부:1
20:20:46  GPS재기준:0
20:20:46  RSSI원시:-61
20:20:46  RSSI평활:-61.5
20:20:46  RSSI샘플:3071
20:20:46  RSSI경과ms:8
20:20:46  차량수신:1531
20:20:46  시각ms:168382
20:20:46  IMU시각ms:168370
20:20:46  위험:1
20:20:46  GPS유효:1
20:20:46  위도:37.496460
20:20:46  경도:126.957649
20:20:46  속도:0.072
20:20:46  방향:0.0
20:20:46  GPS원시속도:0.041
20:20:46  GPS원시방향유효:1
20:20:46  GPS원시방향:193.1
20:20:46  가속도:-2.212,2.710,8.724
20:20:46  자이로:0.290,-0.015,-0.542
20:20:46  자력계:-40.950,56.250,13.950
20:20:46  IMU방향유효:0
20:20:46  IMU방향:0.0
20:20:46  방향가속도크기:9.40
20:20:46  방향자이로크기:0.61
20:20:46  방향자세cos:0.5986
20:20:46  자기모델잔차:999.00
20:20:46  자기모델반경:0.000
20:20:46  방향채택:0
20:20:46  방향거부:19774
20:20:46  송신:1571
20:20:46  GPS위성:7
20:20:46  GPS_HDOP:1.23
20:20:46  원시위도:37.496458
20:20:46  원시경도:126.957647
20:20:46  GPS채택:690
20:20:46  GPS이상치거부:0
20:20:46  GPS품질거부:1
20:20:46  GPS재기준:0
20:20:46  RSSI원시:-61
20:20:46  RSSI평활:-61.3
20:20:46  RSSI샘플:3073
20:20:46  RSSI경과ms:3
20:20:46  차량수신:1532
20:20:46  시각ms:168588
20:20:46  IMU시각ms:168576
20:20:46  위험:1
20:20:46  GPS유효:1
20:20:46  위도:37.496460
20:20:46  경도:126.957649
20:20:46  속도:0.068
20:20:46  방향:0.0
20:20:46  GPS원시속도:0.062
20:20:46  GPS원시방향유효:1
20:20:46  GPS원시방향:193.1
20:20:46  가속도:-0.742,-0.814,4.544
20:20:46  자이로:3.038,-5.794,-0.962
20:20:46  자력계:-42.150,55.500,13.950
20:20:46  IMU방향유효:0
20:20:46  IMU방향:0.0
20:20:46  방향가속도크기:4.68
20:20:46  방향자이로크기:6.61
20:20:46  방향자세cos:0.4517
20:20:46  자기모델잔차:999.00
20:20:46  자기모델반경:0.000
20:20:46  방향채택:0
20:20:46  방향거부:19798
20:20:46  송신:1573
20:20:46  GPS위성:7
20:20:46  GPS_HDOP:1.23
20:20:46  원시위도:37.496458
20:20:46  원시경도:126.957647
20:20:46  GPS채택:691
20:20:46  GPS이상치거부:0
20:20:46  GPS품질거부:1
20:20:46  GPS재기준:0
20:20:46  RSSI원시:-61
20:20:46  RSSI평활:-60.8
20:20:46  RSSI샘플:3077
20:20:46  RSSI경과ms:7
20:20:46  차량수신:1534
20:20:46  시각ms:168691
20:20:46  IMU시각ms:168679
20:20:46  위험:1
20:20:46  GPS유효:1
20:20:46  위도:37.496460
20:20:46  경도:126.957649
20:20:46  속도:0.068
20:20:46  방향:0.0
20:20:46  GPS원시속도:0.062
20:20:46  GPS원시방향유효:1
20:20:46  GPS원시방향:193.1
20:20:46  가속도:-6.201,6.311,11.971
20:20:46  자이로:-10.282,12.069,-5.885
20:20:46  자력계:-41.250,55.350,13.800
20:20:46  IMU방향유효:0
20:20:46  IMU방향:0.0
20:20:46  방향가속도크기:14.89
20:20:46  방향자이로크기:16.91
20:20:46  방향자세cos:0.6505
20:20:46  자기모델잔차:999.00
20:20:46  자기모델반경:0.000
20:20:46  방향채택:0
20:20:46  방향거부:19810
20:20:46  송신:1574
20:20:46  GPS위성:7
20:20:46  GPS_HDOP:1.23
20:20:46  원시위도:37.496458
20:20:46  원시경도:126.957647
20:20:46  GPS채택:691
20:20:46  GPS이상치거부:0
20:20:46  GPS품질거부:1
20:20:46  GPS재기준:0
20:20:46  RSSI원시:-65
20:20:46  RSSI평활:-62.0
20:20:46  RSSI샘플:3079
20:20:46  RSSI경과ms:2
20:20:46  차량수신:1535
20:20:46  시각ms:168794
20:20:46  IMU시각ms:168782
20:20:46  위험:1
20:20:46  GPS유효:1
20:20:46  위도:37.496456
20:20:46  경도:126.957649
20:20:46  속도:0.066
20:20:46  방향:0.0
20:20:46  GPS원시속도:0.062
20:20:46  GPS원시방향유효:1
20:20:46  GPS원시방향:193.1
20:20:46  가속도:-1.379,1.609,9.007
20:20:46  자이로:-13.435,5.053,-5.595
20:20:46  자력계:-40.500,54.900,14.250
20:20:46  IMU방향유효:0
20:20:46  IMU방향:0.0
20:20:46  방향가속도크기:9.25
20:20:46  방향자이로크기:15.41
20:20:46  방향자세cos:0.6193
20:20:46  자기모델잔차:999.00
20:20:46  자기모델반경:0.000
20:20:46  방향채택:0
20:20:46  방향거부:19822
20:20:46  송신:1575
20:20:46  GPS위성:7
20:20:46  GPS_HDOP:1.23
20:20:46  원시위도:37.496457
20:20:46  원시경도:126.957647
20:20:46  GPS채택:692
20:20:46  GPS이상치거부:0
20:20:46  GPS품질거부:1
20:20:46  GPS재기준:0
20:20:46  RSSI원시:-64
20:20:46  RSSI평활:-62.7
20:20:46  RSSI샘플:3081
20:20:46  RSSI경과ms:4
20:20:46  차량수신:1536
20:20:46  시각ms:168897
20:20:46  IMU시각ms:168885
20:20:46  위험:1
20:20:46  GPS유효:1
20:20:46  위도:37.496456
20:20:46  경도:126.957649
20:20:46  속도:0.066
20:20:46  방향:0.0
20:20:46  GPS원시속도:0.062
20:20:46  GPS원시방향유효:1
20:20:46  GPS원시방향:193.1
20:20:46  가속도:-2.049,2.437,7.561
20:20:46  자이로:0.382,-0.405,-1.069
20:20:46  자력계:-42.150,54.300,14.400
20:20:46  IMU방향유효:0
20:20:46  IMU방향:0.0
20:20:46  방향가속도크기:8.20
20:20:46  방향자이로크기:1.20
20:20:46  방향자세cos:0.5905
20:20:46  자기모델잔차:999.00
20:20:46  자기모델반경:0.000
20:20:46  방향채택:0
20:20:46  방향거부:19834
20:20:46  송신:1576
20:20:46  GPS위성:7
20:20:46  GPS_HDOP:1.23
20:20:46  원시위도:37.496457
20:20:46  원시경도:126.957647
20:20:46  GPS채택:692
20:20:46  GPS이상치거부:0
20:20:46  GPS품질거부:1
20:20:46  GPS재기준:0
20:20:46  RSSI원시:-62
20:20:46  RSSI평활:-62.6
20:20:46  RSSI샘플:3082
20:20:46  RSSI경과ms:78
20:20:46  차량수신:1537
20:20:47  시각ms:169002
20:20:47  IMU시각ms:168990
20:20:47  위험:1
20:20:47  GPS유효:1
20:20:47  위도:37.496456
20:20:47  경도:126.957649
20:20:47  속도:0.063
20:20:47  방향:0.0
20:20:47  GPS원시속도:0.057
20:20:47  GPS원시방향유효:1
20:20:47  GPS원시방향:193.1
20:20:47  가속도:-2.294,2.887,8.653
20:20:47  자이로:0.412,-0.870,-1.542
20:20:47  자력계:-41.400,54.750,13.950
20:20:47  IMU방향유효:0
20:20:47  IMU방향:0.0
20:20:47  방향가속도크기:9.41
20:20:47  방향자이로크기:1.82
20:20:47  방향자세cos:0.5979
20:20:47  자기모델잔차:999.00
20:20:47  자기모델반경:0.000
20:20:47  방향채택:0
20:20:47  방향거부:19847
20:20:47  송신:1577
20:20:47  GPS위성:7
20:20:47  GPS_HDOP:1.23
20:20:47  원시위도:37.496457
20:20:47  원시경도:126.957646
20:20:47  GPS채택:693
20:20:47  GPS이상치거부:0
20:20:47  GPS품질거부:1
20:20:47  GPS재기준:0
20:20:47  RSSI원시:-64
20:20:47  RSSI평활:-62.9
20:20:47  RSSI샘플:3084
20:20:47  RSSI경과ms:82
20:20:47  차량수신:1538
20:20:47  시각ms:169107
20:20:47  IMU시각ms:169095
20:20:47  위험:1
20:20:47  GPS유효:1
20:20:47  위도:37.496456
20:20:47  경도:126.957649
20:20:47  속도:0.063
20:20:47  방향:0.0
20:20:47  GPS원시속도:0.057
20:20:47  GPS원시방향유효:1
20:20:47  GPS원시방향:193.1
20:20:47  가속도:-2.605,2.772,8.835
20:20:47  자이로:0.916,-0.435,2.611
20:20:47  자력계:-42.150,53.100,13.950
20:20:47  IMU방향유효:0
20:20:47  IMU방향:0.0
20:20:47  방향가속도크기:9.62
20:20:47  방향자이로크기:2.80
20:20:47  방향자세cos:0.5717
20:20:47  자기모델잔차:999.00
20:20:47  자기모델반경:0.000
20:20:47  방향채택:0
20:20:47  방향거부:19860
20:20:47  송신:1578
20:20:47  GPS위성:7
20:20:47  GPS_HDOP:1.23
20:20:47  원시위도:37.496457
20:20:47  원시경도:126.957646
20:20:47  GPS채택:693
20:20:47  GPS이상치거부:0
20:20:47  GPS품질거부:1
20:20:47  GPS재기준:0
20:20:47  RSSI원시:-64
20:20:47  RSSI평활:-63.3
20:20:47  RSSI샘플:3087
20:20:47  RSSI경과ms:2
20:20:47  차량수신:1539
20:20:47  시각ms:169210
20:20:47  IMU시각ms:169198
20:20:47  위험:1
20:20:47  GPS유효:1
20:20:47  위도:37.496456
20:20:47  경도:126.957649
20:20:47  속도:0.044
20:20:47  방향:0.0
20:20:47  GPS원시속도:0.010
20:20:47  GPS원시방향유효:1
20:20:47  GPS원시방향:193.1
20:20:47  가속도:-2.567,2.844,8.892
20:20:47  자이로:-0.588,-1.305,0.084
20:20:47  자력계:-41.550,55.350,13.500
20:20:47  IMU방향유효:0
20:20:47  IMU방향:0.0
20:20:47  방향가속도크기:9.68
20:20:47  방향자이로크기:1.43
20:20:47  방향자세cos:0.5778
20:20:47  자기모델잔차:999.00
20:20:47  자기모델반경:0.000
20:20:47  방향채택:0
20:20:47  방향거부:19872
20:20:47  송신:1579
20:20:47  GPS위성:7
20:20:47  GPS_HDOP:1.23
20:20:47  원시위도:37.496457
20:20:47  원시경도:126.957646
20:20:47  GPS채택:694
20:20:47  GPS이상치거부:0
20:20:47  GPS품질거부:1
20:20:47  GPS재기준:0
20:20:47  RSSI원시:-64
20:20:47  RSSI평활:-63.5
20:20:47  RSSI샘플:3089
20:20:47  RSSI경과ms:2
20:20:47  차량수신:1540
20:20:47  시각ms:169313
20:20:47  IMU시각ms:169301
20:20:47  위험:1
20:20:47  GPS유효:1
20:20:47  위도:37.496456
20:20:47  경도:126.957649
20:20:47  속도:0.044
20:20:47  방향:0.0
20:20:47  GPS원시속도:0.010
20:20:47  GPS원시방향유효:1
20:20:47  GPS원시방향:193.1
20:20:47  가속도:-2.605,2.763,8.916
20:20:47  자이로:-1.122,0.718,-1.496
20:20:47  자력계:-40.650,54.000,13.200
20:20:47  IMU방향유효:0
20:20:47  IMU방향:0.0
20:20:47  방향가속도크기:9.69
20:20:47  방향자이로크기:2.00
20:20:47  방향자세cos:0.5723
20:20:47  자기모델잔차:999.00
20:20:47  자기모델반경:0.000
20:20:47  방향채택:0
20:20:47  방향거부:19884
20:20:47  송신:1580
20:20:47  GPS위성:7
20:20:47  GPS_HDOP:1.23
20:20:47  원시위도:37.496457
20:20:47  원시경도:126.957646
20:20:47  GPS채택:694
20:20:47  GPS이상치거부:0
20:20:47  GPS품질거부:1
20:20:47  GPS재기준:0
20:20:47  RSSI원시:-64
20:20:47  RSSI평활:-63.7
20:20:47  RSSI샘플:3091
20:20:47  RSSI경과ms:3
20:20:47  차량수신:1541
20:20:47  시각ms:169416
20:20:47  IMU시각ms:169404
20:20:47  위험:0
20:20:47  GPS유효:1
20:20:47  위도:37.496456
20:20:47  경도:126.957649
20:20:47  속도:0.040
20:20:47  방향:0.0
20:20:47  GPS원시속도:0.031
20:20:47  GPS원시방향유효:1
20:20:47  GPS원시방향:193.1
20:20:47  가속도:-2.528,2.835,8.940
20:20:47  자이로:1.992,-0.840,3.313
20:20:47  자력계:-41.700,54.000,15.450
20:20:47  IMU방향유효:0
20:20:47  IMU방향:0.0
20:20:47  방향가속도크기:9.71
20:20:47  방향자이로크기:3.96
20:20:47  방향자세cos:0.5809
20:20:47  자기모델잔차:999.00
20:20:47  자기모델반경:0.000
20:20:47  방향채택:0
20:20:47  방향거부:19896
20:20:47  송신:1581
20:20:47  GPS위성:7
20:20:47  GPS_HDOP:1.23
20:20:47  원시위도:37.496457
20:20:47  원시경도:126.957646
20:20:47  GPS채택:695
20:20:47  GPS이상치거부:0
20:20:47  GPS품질거부:1
20:20:47  GPS재기준:0
20:20:47  RSSI원시:-65
20:20:47  RSSI평활:-64.0
20:20:47  RSSI샘플:3092
20:20:47  RSSI경과ms:87
20:20:47  차량수신:1542
20:20:47  시각ms:169520
20:20:47  IMU시각ms:169508
20:20:47  위험:0
20:20:47  GPS유효:1
20:20:47  위도:37.496456
20:20:47  경도:126.957649
20:20:47  속도:0.040
20:20:47  방향:0.0
20:20:47  GPS원시속도:0.031
20:20:47  GPS원시방향유효:1
20:20:47  GPS원시방향:193.1
20:20:47  가속도:-2.591,2.653,9.093
20:20:47  자이로:-0.725,0.443,-0.260
20:20:47  자력계:-41.700,54.000,14.700
20:20:47  IMU방향유효:0
20:20:47  IMU방향:0.0
20:20:47  방향가속도크기:9.82
20:20:47  방향자이로크기:0.89
20:20:47  방향자세cos:0.5714
20:20:47  자기모델잔차:999.00
20:20:47  자기모델반경:0.000
20:20:47  방향채택:0
20:20:47  방향거부:19909
20:20:47  송신:1582
20:20:47  GPS위성:7
20:20:47  GPS_HDOP:1.23
20:20:47  원시위도:37.496457
20:20:47  원시경도:126.957646
20:20:47  GPS채택:695
20:20:47  GPS이상치거부:0
20:20:47  GPS품질거부:1
20:20:47  GPS재기준:0
20:20:47  RSSI원시:-64
20:20:47  RSSI평활:-64.3
20:20:47  RSSI샘플:3095
20:20:47  RSSI경과ms:3
20:20:47  차량수신:1543
20:20:47  시각ms:169623
20:20:47  IMU시각ms:169611
20:20:47  위험:0
20:20:47  GPS유효:1
20:20:47  위도:37.496456
20:20:47  경도:126.957649
20:20:47  속도:0.026
20:20:47  방향:0.0
20:20:47  GPS원시속도:0.000
20:20:47  GPS원시방향유효:1
20:20:47  GPS원시방향:193.1
20:20:47  가속도:-2.581,2.734,8.835
20:20:47  자이로:-0.962,-0.076,-1.107
20:20:47  자력계:-43.500,54.900,13.500
20:20:47  IMU방향유효:0
20:20:47  IMU방향:0.0
20:20:47  방향가속도크기:9.60
20:20:47  방향자이로크기:1.47
20:20:47  방향자세cos:0.5722
20:20:47  자기모델잔차:999.00
20:20:47  자기모델반경:0.000
20:20:47  방향채택:0
20:20:47  방향거부:19921
20:20:47  송신:1583
20:20:47  GPS위성:7
20:20:47  GPS_HDOP:1.23
20:20:47  원시위도:37.496456
20:20:47  원시경도:126.957646
20:20:47  GPS채택:696
20:20:47  GPS이상치거부:0
20:20:47  GPS품질거부:1
20:20:47  GPS재기준:0
20:20:47  RSSI원시:-64
20:20:47  RSSI평활:-64.3
20:20:47  RSSI샘플:3097
20:20:47  RSSI경과ms:3
20:20:47  차량수신:1544
20:20:47  시각ms:169726
20:20:47  IMU시각ms:169714
20:20:47  위험:0
20:20:47  GPS유효:1
20:20:47  위도:37.496456
20:20:47  경도:126.957649
20:20:47  속도:0.026
20:20:47  방향:0.0
20:20:47  GPS원시속도:0.000
20:20:47  GPS원시방향유효:1
20:20:47  GPS원시방향:193.1
20:20:47  가속도:-2.509,2.897,8.964
20:20:47  자이로:1.099,-3.611,0.069
20:20:47  자력계:-41.250,56.100,13.800
20:20:47  IMU방향유효:0
20:20:47  IMU방향:0.0
20:20:47  방향가속도크기:9.75
20:20:47  방향자이로크기:3.77
20:20:47  방향자세cos:0.5847
20:20:47  자기모델잔차:999.00
20:20:47  자기모델반경:0.000
20:20:47  방향채택:0
20:20:47  방향거부:19933
20:20:47  송신:1584
20:20:47  GPS위성:7
20:20:47  GPS_HDOP:1.23
20:20:47  원시위도:37.496456
20:20:47  원시경도:126.957646
20:20:47  GPS채택:696
20:20:47  GPS이상치거부:0
20:20:47  GPS품질거부:1
20:20:47  GPS재기준:0
20:20:47  RSSI원시:-65
20:20:47  RSSI평활:-64.5
20:20:47  RSSI샘플:3098
20:20:47  RSSI경과ms:91
20:20:47  차량수신:1545
20:20:47  시각ms:169932
20:20:47  IMU시각ms:169920
20:20:47  위험:0
20:20:47  GPS유효:1
20:20:47  위도:37.496456
20:20:47  경도:126.957649
20:20:47  속도:0.029
20:20:47  방향:0.0
20:20:47  GPS원시속도:0.036
20:20:47  GPS원시방향유효:1
20:20:47  GPS원시방향:193.1
20:20:47  가속도:-2.595,2.792,8.969
20:20:47  자이로:0.435,0.763,-0.733
20:20:47  자력계:-40.950,55.500,13.950
20:20:47  IMU방향유효:0
20:20:47  IMU방향:0.0
20:20:47  방향가속도크기:9.75
20:20:47  방향자이로크기:1.14
20:20:47  방향자세cos:0.5746
20:20:47  자기모델잔차:999.00
20:20:47  자기모델반경:0.000
20:20:47  방향채택:0
20:20:47  방향거부:19957
20:20:47  송신:1586
20:20:47  GPS위성:7
20:20:47  GPS_HDOP:1.23
20:20:47  원시위도:37.496456
20:20:47  원시경도:126.957646
20:20:47  GPS채택:697
20:20:47  GPS이상치거부:0
20:20:47  GPS품질거부:1
20:20:47  GPS재기준:0
20:20:47  RSSI원시:-63
20:20:47  RSSI평활:-63.8
20:20:47  RSSI샘플:3103
20:20:47  RSSI경과ms:0
20:20:47  차량수신:1547
20:20:48  시각ms:170037
20:20:48  IMU시각ms:170025
20:20:48  위험:0
20:20:48  GPS유효:1
20:20:48  위도:37.496456
20:20:48  경도:126.957649
20:20:48  속도:0.024
20:20:48  방향:0.0
20:20:48  GPS원시속도:0.015
20:20:48  GPS원시방향유효:1
20:20:48  GPS원시방향:193.1
20:20:48  가속도:-2.504,2.696,8.921
20:20:48  자이로:0.328,-2.756,-0.718
20:20:48  자력계:-41.250,54.900,14.850
20:20:48  IMU방향유효:0
20:20:48  IMU방향:0.0
20:20:48  방향가속도크기:9.65
20:20:48  방향자이로크기:2.87
20:20:48  방향자세cos:0.5776
20:20:48  자기모델잔차:999.00
20:20:48  자기모델반경:0.000
20:20:48  방향채택:0
20:20:48  방향거부:19970
20:20:48  송신:1587
20:20:48  GPS위성:7
20:20:48  GPS_HDOP:1.23
20:20:48  원시위도:37.496456
20:20:48  원시경도:126.957645
20:20:48  GPS채택:698
20:20:48  GPS이상치거부:0
20:20:48  GPS품질거부:1
20:20:48  GPS재기준:0
20:20:48  RSSI원시:-63
20:20:48  RSSI평활:-63.5
20:20:48  RSSI샘플:3105
20:20:48  RSSI경과ms:6
20:20:48  차량수신:1548
20:20:48  시각ms:170141
20:20:48  IMU시각ms:170129
20:20:48  위험:0
20:20:48  GPS유효:1
20:20:48  위도:37.496456
20:20:48  경도:126.957649
20:20:48  속도:0.024
20:20:48  방향:0.0
20:20:48  GPS원시속도:0.015
20:20:48  GPS원시방향유효:1
20:20:48  GPS원시방향:193.1
20:20:48  가속도:-2.571,2.796,8.825
20:20:48  자이로:-0.924,-0.275,-1.550
20:20:48  자력계:-40.950,56.250,13.650
20:20:48  IMU방향유효:0
20:20:48  IMU방향:0.0
20:20:48  방향가속도크기:9.61
20:20:48  방향자이로크기:1.82
20:20:48  방향자세cos:0.5751
20:20:48  자기모델잔차:999.00
20:20:48  자기모델반경:0.000
20:20:48  방향채택:0
20:20:48  방향거부:19983
20:20:48  송신:1588
20:20:48  GPS위성:7
20:20:48  GPS_HDOP:1.23
20:20:48  원시위도:37.496456
20:20:48  원시경도:126.957645
20:20:48  GPS채택:698
20:20:48  GPS이상치거부:0
20:20:48  GPS품질거부:1
20:20:48  GPS재기준:0
20:20:48  RSSI원시:-63
20:20:48  RSSI평활:-63.4
20:20:48  RSSI샘플:3106
20:20:48  RSSI경과ms:94
20:20:48  차량수신:1549
20:20:48  시각ms:170244
20:20:48  IMU시각ms:170232
20:20:48  위험:0
20:20:48  GPS유효:1
20:20:48  위도:37.496456
20:20:48  경도:126.957649
20:20:48  속도:0.020
20:20:48  방향:0.0
20:20:48  GPS원시속도:0.010
20:20:48  GPS원시방향유효:1
20:20:48  GPS원시방향:193.1
20:20:48  가속도:-2.581,2.696,9.045
20:20:48  자이로:-0.679,0.649,1.000
20:20:48  자력계:-42.000,56.100,15.300
20:20:48  IMU방향유효:0
20:20:48  IMU방향:0.0
20:20:48  방향가속도크기:9.79
20:20:48  방향자이로크기:1.37
20:20:48  방향자세cos:0.5731
20:20:48  자기모델잔차:999.00
20:20:48  자기모델반경:0.000
20:20:48  방향채택:0
20:20:48  방향거부:19995
20:20:48  송신:1589
20:20:48  GPS위성:7
20:20:48  GPS_HDOP:1.23
20:20:48  원시위도:37.496456
20:20:48  원시경도:126.957645
20:20:48  GPS채택:699
20:20:48  GPS이상치거부:0
20:20:48  GPS품질거부:1
20:20:48  GPS재기준:0
20:20:48  RSSI원시:-62
20:20:48  RSSI평활:-62.7
20:20:48  RSSI샘플:3109
20:20:48  RSSI경과ms:2
20:20:48  차량수신:1550
20:20:48  시각ms:170348
20:20:48  IMU시각ms:170336
20:20:48  위험:0
20:20:48  GPS유효:1
20:20:48  위도:37.496456
20:20:48  경도:126.957642
20:20:48  속도:0.016
20:20:48  방향:0.0
20:20:48  GPS원시속도:0.010
20:20:48  GPS원시방향유효:1
20:20:48  GPS원시방향:193.1
20:20:48  가속도:-2.591,2.749,8.997
20:20:48  자이로:-1.092,-2.916,0.618
20:20:48  자력계:-40.800,54.450,14.250
20:20:48  IMU방향유효:0
20:20:48  IMU방향:0.0
20:20:48  방향가속도크기:9.76
20:20:48  방향자이로크기:3.17
20:20:48  방향자세cos:0.5738
20:20:48  자기모델잔차:999.00
20:20:48  자기모델반경:0.000
20:20:48  방향채택:0
20:20:48  방향거부:20008
20:20:48  송신:1590
20:20:48  GPS위성:7
20:20:48  GPS_HDOP:1.23
20:20:48  원시위도:37.496456
20:20:48  원시경도:126.957645
20:20:48  GPS채택:700
20:20:48  GPS이상치거부:0
20:20:48  GPS품질거부:1
20:20:48  GPS재기준:0
20:20:48  RSSI원시:-60
20:20:48  RSSI평활:-61.9
20:20:48  RSSI샘플:3111
20:20:48  RSSI경과ms:5
20:20:48  차량수신:1551
20:20:48  시각ms:170451
20:20:48  IMU시각ms:170439
20:20:48  위험:0
20:20:48  GPS유효:1
20:20:48  위도:37.496456
20:20:48  경도:126.957642
20:20:48  속도:0.016
20:20:48  방향:0.0
20:20:48  GPS원시속도:0.010
20:20:48  GPS원시방향유효:1
20:20:48  GPS원시방향:193.1
20:20:48  가속도:-2.557,2.820,8.988
20:20:48  자이로:-1.878,1.427,-2.122
20:20:48  자력계:-40.650,54.300,15.150
20:20:48  IMU방향유효:0
20:20:48  IMU방향:0.0
20:20:48  방향가속도크기:9.76
20:20:48  방향자이로크기:3.17
20:20:48  방향자세cos:0.5787
20:20:48  자기모델잔차:999.00
20:20:48  자기모델반경:0.000
20:20:48  방향채택:0
20:20:48  방향거부:20020
20:20:48  송신:1591
20:20:48  GPS위성:7
20:20:48  GPS_HDOP:1.23
20:20:48  원시위도:37.496456
20:20:48  원시경도:126.957645
20:20:48  GPS채택:700
20:20:48  GPS이상치거부:0
20:20:48  GPS품질거부:1
20:20:48  GPS재기준:0
20:20:48  RSSI원시:-61
20:20:48  RSSI평활:-61.7
20:20:48  RSSI샘플:3112
20:20:48  RSSI경과ms:91
20:20:48  차량수신:1552
20:20:48  시각ms:170555
20:20:48  IMU시각ms:170543
20:20:48  위험:0
20:20:48  GPS유효:1
20:20:48  위도:37.496456
20:20:48  경도:126.957642
20:20:48  속도:0.014
20:20:48  방향:0.0
20:20:48  GPS원시속도:0.010
20:20:48  GPS원시방향유효:1
20:20:48  GPS원시방향:193.1
20:20:48  가속도:-2.619,2.868,8.945
20:20:48  자이로:-1.496,0.649,1.405
20:20:48  자력계:-43.500,54.900,14.250
20:20:48  IMU방향유효:0
20:20:48  IMU방향:0.0
20:20:48  방향가속도크기:9.75
20:20:48  방향자이로크기:2.15
20:20:48  방향자세cos:0.5753
20:20:48  자기모델잔차:999.00
20:20:48  자기모델반경:0.000
20:20:48  방향채택:0
20:20:48  방향거부:20032
20:20:48  송신:1592
20:20:48  GPS위성:7
20:20:48  GPS_HDOP:1.23
20:20:48  원시위도:37.496455
20:20:48  원시경도:126.957645
20:20:48  GPS채택:701
20:20:48  GPS이상치거부:0
20:20:48  GPS품질거부:1
20:20:48  GPS재기준:0
20:20:48  RSSI원시:-62
20:20:48  RSSI평활:-61.6
20:20:48  RSSI샘플:3115
20:20:48  RSSI경과ms:5
20:20:48  차량수신:1553
20:20:48  시각ms:170658
20:20:48  IMU시각ms:170646
20:20:48  위험:0
20:20:48  GPS유효:1
20:20:48  위도:37.496456
20:20:48  경도:126.957642
20:20:48  속도:0.014
20:20:48  방향:0.0
20:20:48  GPS원시속도:0.010
20:20:48  GPS원시방향유효:1
20:20:48  GPS원시방향:193.1
20:20:48  가속도:-2.389,2.806,8.868
20:20:48  자이로:0.282,-3.489,-1.137
20:20:48  자력계:-42.150,55.050,13.650
20:20:48  IMU방향유효:0
20:20:48  IMU방향:0.0
20:20:48  방향가속도크기:9.60
20:20:48  방향자이로크기:3.68
20:20:48  방향자세cos:0.5897
20:20:48  자기모델잔차:999.00
20:20:48  자기모델반경:0.000
20:20:48  방향채택:0
20:20:48  방향거부:20044
20:20:48  송신:1593
20:20:48  GPS위성:7
20:20:48  GPS_HDOP:1.23
20:20:48  원시위도:37.496455
20:20:48  원시경도:126.957645
20:20:48  GPS채택:701
20:20:48  GPS이상치거부:0
20:20:48  GPS품질거부:1
20:20:48  GPS재기준:0
20:20:48  RSSI원시:-62
20:20:48  RSSI평활:-61.7
20:20:48  RSSI샘플:3116
20:20:48  RSSI경과ms:91
20:20:48  차량수신:1554
20:20:48  시각ms:170762
20:20:48  IMU시각ms:170750
20:20:48  위험:0
20:20:48  GPS유효:1
20:20:48  위도:37.496456
20:20:48  경도:126.957642
20:20:48  속도:0.013
20:20:48  방향:0.0
20:20:48  GPS원시속도:0.010
20:20:48  GPS원시방향유효:1
20:20:48  GPS원시방향:193.1
20:20:48  가속도:-2.447,2.806,9.012
20:20:48  자이로:-2.031,1.954,0.450
20:20:48  자력계:-39.900,52.800,14.400
20:20:48  IMU방향유효:0
20:20:48  IMU방향:0.0
20:20:48  방향가속도크기:9.75
20:20:48  방향자이로크기:2.85
20:20:48  방향자세cos:0.5867
20:20:48  자기모델잔차:999.00
20:20:48  자기모델반경:0.000
20:20:48  방향채택:0
20:20:48  방향거부:20057
20:20:48  송신:1594
20:20:48  GPS위성:7
20:20:48  GPS_HDOP:1.23
20:20:48  원시위도:37.496455
20:20:48  원시경도:126.957645
20:20:48  GPS채택:702
20:20:48  GPS이상치거부:0
20:20:48  GPS품질거부:1
20:20:48  GPS재기준:0
20:20:48  RSSI원시:-62
20:20:48  RSSI평활:-61.2
20:20:48  RSSI샘플:3119
20:20:48  RSSI경과ms:1
20:20:48  차량수신:1555
20:20:48  시각ms:170865
20:20:48  IMU시각ms:170853
20:20:48  위험:0
20:20:48  GPS유효:1
20:20:48  위도:37.496456
20:20:48  경도:126.957642
20:20:48  속도:0.013
20:20:48  방향:0.0
20:20:48  GPS원시속도:0.010
20:20:48  GPS원시방향유효:1
20:20:48  GPS원시방향:193.1
20:20:48  가속도:-2.643,2.897,8.983
20:20:48  자이로:0.313,-0.962,-0.977
20:20:48  자력계:-40.650,55.500,13.950
20:20:48  IMU방향유효:0
20:20:48  IMU방향:0.0
20:20:48  방향가속도크기:9.80
20:20:48  방향자이로크기:1.41
20:20:48  방향자세cos:0.5749
20:20:48  자기모델잔차:999.00
20:20:48  자기모델반경:0.000
20:20:48  방향채택:0
20:20:48  방향거부:20069
20:20:48  송신:1595
20:20:48  GPS위성:7
20:20:48  GPS_HDOP:1.23
20:20:48  원시위도:37.496455
20:20:48  원시경도:126.957645
20:20:48  GPS채택:702
20:20:48  GPS이상치거부:0
20:20:48  GPS품질거부:1
20:20:48  GPS재기준:0
20:20:48  RSSI원시:-60
20:20:48  RSSI평활:-61.0
20:20:48  RSSI샘플:3121
20:20:48  RSSI경과ms:2
20:20:48  차량수신:1556
20:20:49  시각ms:171071
20:20:49  IMU시각ms:171059
20:20:49  위험:0
20:20:49  GPS유효:1
20:20:49  위도:37.496456
20:20:49  경도:126.957642
20:20:49  속도:0.017
20:20:49  방향:0.0
20:20:49  GPS원시속도:0.026
20:20:49  GPS원시방향유효:1
20:20:49  GPS원시방향:193.1
20:20:49  가속도:-2.538,2.710,8.969
20:20:49  자이로:-0.435,-1.023,-1.031
20:20:49  자력계:-41.550,56.100,13.800
20:20:49  IMU방향유효:0
20:20:49  IMU방향:0.0
20:20:49  방향가속도크기:9.71
20:20:49  방향자이로크기:1.52
20:20:49  방향자세cos:0.5761
20:20:49  자기모델잔차:999.00
20:20:49  자기모델반경:0.000
20:20:49  방향채택:0
20:20:49  방향거부:20093
20:20:49  송신:1597
20:20:49  GPS위성:7
20:20:49  GPS_HDOP:1.23
20:20:49  원시위도:37.496455
20:20:49  원시경도:126.957644
20:20:49  GPS채택:703
20:20:49  GPS이상치거부:0
20:20:49  GPS품질거부:1
20:20:49  GPS재기준:0
20:20:49  RSSI원시:-61
20:20:49  RSSI평활:-61.1
20:20:49  RSSI샘플:3125
20:20:49  RSSI경과ms:2
20:20:49  차량수신:1558
20:20:49  시각ms:171174
20:20:49  IMU시각ms:171162
20:20:49  위험:0
20:20:49  GPS유효:1
20:20:49  위도:37.496456
20:20:49  경도:126.957642
20:20:49  속도:0.018
20:20:49  방향:0.0
20:20:49  GPS원시속도:0.021
20:20:49  GPS원시방향유효:1
20:20:49  GPS원시방향:193.1
20:20:49  가속도:-2.595,2.753,8.926
20:20:49  자이로:-3.153,-0.458,0.168
20:20:49  자력계:-43.200,54.750,15.150
20:20:49  IMU방향유효:0
20:20:49  IMU방향:0.0
20:20:49  방향가속도크기:9.69
20:20:49  방향자이로크기:3.19
20:20:49  방향자세cos:0.5728
20:20:49  자기모델잔차:999.00
20:20:49  자기모델반경:0.000
20:20:49  방향채택:0
20:20:49  방향거부:20105
20:20:49  송신:1598
20:20:49  GPS위성:7
20:20:49  GPS_HDOP:1.23
20:20:49  원시위도:37.496454
20:20:49  원시경도:126.957644
20:20:49  GPS채택:704
20:20:49  GPS이상치거부:0
20:20:49  GPS품질거부:1
20:20:49  GPS재기준:0
20:20:49  RSSI원시:-61
20:20:49  RSSI평활:-60.9
20:20:49  RSSI샘플:3127
20:20:49  RSSI경과ms:1
20:20:49  차량수신:1559
20:20:49  시각ms:171277
20:20:49  IMU시각ms:171265
20:20:49  위험:1
20:20:49  GPS유효:1
20:20:49  위도:37.496456
20:20:49  경도:126.957642
20:20:49  속도:0.018
20:20:49  방향:0.0
20:20:49  GPS원시속도:0.021
20:20:49  GPS원시방향유효:1
20:20:49  GPS원시방향:193.1
20:20:49  가속도:-2.830,2.806,9.012
20:20:49  자이로:1.336,-3.130,1.443
20:20:49  자력계:-40.950,56.250,12.600
20:20:49  IMU방향유효:0
20:20:49  IMU방향:0.0
20:20:49  방향가속도크기:9.85
20:20:49  방향자이로크기:3.70
20:20:49  방향자세cos:0.5580
20:20:49  자기모델잔차:999.00
20:20:49  자기모델반경:0.000
20:20:49  방향채택:0
20:20:49  방향거부:20117
20:20:49  송신:1599
20:20:49  GPS위성:7
20:20:49  GPS_HDOP:1.23
20:20:49  원시위도:37.496454
20:20:49  원시경도:126.957644
20:20:49  GPS채택:704
20:20:49  GPS이상치거부:0
20:20:49  GPS품질거부:1
20:20:49  GPS재기준:0
20:20:49  RSSI원시:-61
20:20:49  RSSI평활:-61.1
20:20:49  RSSI샘플:3129
20:20:49  RSSI경과ms:2
20:20:49  차량수신:1560
20:20:49  시각ms:171380
20:20:49  IMU시각ms:171368
20:20:49  위험:1
20:20:49  GPS유효:1
20:20:49  위도:37.496456
20:20:49  경도:126.957642
20:20:49  속도:0.021
20:20:49  방향:0.0
20:20:49  GPS원시속도:0.026
20:20:49  GPS원시방향유효:1
20:20:49  GPS원시방향:193.1
20:20:49  가속도:-0.982,2.217,8.811
20:20:49  자이로:3.229,-3.107,0.290
20:20:49  자력계:-41.400,56.250,13.950
20:20:49  IMU방향유효:0
20:20:49  IMU방향:0.0
20:20:49  방향가속도크기:9.14
20:20:49  방향자이로크기:4.49
20:20:49  방향자세cos:0.6726
20:20:49  자기모델잔차:999.00
20:20:49  자기모델반경:0.000
20:20:49  방향채택:0
20:20:49  방향거부:20129
20:20:49  송신:1600
20:20:49  GPS위성:7
20:20:49  GPS_HDOP:1.23
20:20:49  원시위도:37.496454
20:20:49  원시경도:126.957644
20:20:49  GPS채택:705
20:20:49  GPS이상치거부:0
20:20:49  GPS품질거부:1
20:20:49  GPS재기준:0
20:20:49  RSSI원시:-61
20:20:49  RSSI평활:-61.1
20:20:49  RSSI샘플:3130
20:20:49  RSSI경과ms:91
20:20:49  차량수신:1561
20:20:49  시각ms:171485
20:20:49  IMU시각ms:171473
20:20:49  위험:1
20:20:49  GPS유효:1
20:20:49  위도:37.496456
20:20:49  경도:126.957642
20:20:49  속도:0.021
20:20:49  방향:0.0
20:20:49  GPS원시속도:0.026
20:20:49  GPS원시방향유효:1
20:20:49  GPS원시방향:193.1
20:20:49  가속도:0.919,-0.776,5.037
20:20:49  자이로:2.450,-4.840,-1.832
20:20:49  자력계:-39.900,55.050,12.150
20:20:49  IMU방향유효:0
20:20:49  IMU방향:0.0
20:20:49  방향가속도크기:5.18
20:20:49  방향자이로크기:5.73
20:20:49  방향자세cos:0.4152
20:20:49  자기모델잔차:999.00
20:20:49  자기모델반경:0.000
20:20:49  방향채택:0
20:20:49  방향거부:20142
20:20:49  송신:1601
20:20:49  GPS위성:7
20:20:49  GPS_HDOP:1.23
20:20:49  원시위도:37.496454
20:20:49  원시경도:126.957644
20:20:49  GPS채택:705
20:20:49  GPS이상치거부:0
20:20:49  GPS품질거부:1
20:20:49  GPS재기준:0
20:20:49  RSSI원시:-61
20:20:49  RSSI평활:-60.7
20:20:49  RSSI샘플:3133
20:20:49  RSSI경과ms:4
20:20:49  차량수신:1562
20:20:49  시각ms:171588
20:20:49  IMU시각ms:171576
20:20:49  위험:1
20:20:49  GPS유효:1
20:20:49  위도:37.496456
20:20:49  경도:126.957642
20:20:49  속도:0.026
20:20:49  방향:0.0
20:20:49  GPS원시속도:0.036
20:20:49  GPS원시방향유효:1
20:20:49  GPS원시방향:193.1
20:20:49  가속도:-5.808,6.488,13.163
20:20:49  자이로:-0.359,1.336,3.702
20:20:49  자력계:-40.650,55.800,15.450
20:20:49  IMU방향유효:0
20:20:49  IMU방향:0.0
20:20:49  방향가속도크기:15.78
20:20:49  방향자이로크기:3.95
20:20:49  방향자세cos:0.5499
20:20:49  자기모델잔차:999.00
20:20:49  자기모델반경:0.000
20:20:49  방향채택:0
20:20:49  방향거부:20154
20:20:49  송신:1602
20:20:49  GPS위성:7
20:20:49  GPS_HDOP:1.23
20:20:49  원시위도:37.496454
20:20:49  원시경도:126.957644
20:20:49  GPS채택:706
20:20:49  GPS이상치거부:0
20:20:49  GPS품질거부:1
20:20:49  GPS재기준:0
20:20:49  RSSI원시:-61
20:20:49  RSSI평활:-60.7
20:20:49  RSSI샘플:3135
20:20:49  RSSI경과ms:3
20:20:49  차량수신:1563
20:20:49  시각ms:171691
20:20:49  IMU시각ms:171679
20:20:49  위험:1
20:20:49  GPS유효:1
20:20:49  위도:37.496456
20:20:49  경도:126.957642
20:20:49  속도:0.026
20:20:49  방향:0.0
20:20:49  GPS원시속도:0.036
20:20:49  GPS원시방향유효:1
20:20:49  GPS원시방향:193.1
20:20:49  가속도:-6.843,7.609,13.058
20:20:49  자이로:6.763,1.626,0.908
20:20:49  자력계:-40.500,56.400,12.300
20:20:49  IMU방향유효:0
20:20:49  IMU방향:0.0
20:20:49  방향가속도크기:16.59
20:20:49  방향자이로크기:7.02
20:20:49  방향자세cos:0.6370
20:20:49  자기모델잔차:999.00
20:20:49  자기모델반경:0.000
20:20:49  방향채택:0
20:20:49  방향거부:20166
20:20:49  송신:1603
20:20:49  GPS위성:7
20:20:49  GPS_HDOP:1.23
20:20:49  원시위도:37.496454
20:20:49  원시경도:126.957644
20:20:49  GPS채택:706
20:20:49  GPS이상치거부:0
20:20:49  GPS품질거부:1
20:20:49  GPS재기준:0
20:20:49  RSSI원시:-61
20:20:49  RSSI평활:-61.0
20:20:49  RSSI샘플:3137
20:20:49  RSSI경과ms:4
20:20:49  차량수신:1564
20:20:49  시각ms:171794
20:20:49  IMU시각ms:171782
20:20:49  위험:1
20:20:49  GPS유효:1
20:20:49  위도:37.496456
20:20:49  경도:126.957642
20:20:49  속도:0.019
20:20:49  방향:0.0
20:20:49  GPS원시속도:0.005
20:20:49  GPS원시방향유효:1
20:20:49  GPS원시방향:193.1
20:20:49  가속도:-2.926,3.251,11.971
20:20:49  자이로:-4.817,4.473,-4.336
20:20:49  자력계:-41.550,53.400,13.800
20:20:49  IMU방향유효:0
20:20:49  IMU방향:0.0
20:20:49  방향가속도크기:12.75
20:20:49  방향자이로크기:7.87
20:20:49  방향자세cos:0.5921
20:20:49  자기모델잔차:999.00
20:20:49  자기모델반경:0.000
20:20:49  방향채택:0
20:20:49  방향거부:20178
20:20:49  송신:1604
20:20:49  GPS위성:7
20:20:49  GPS_HDOP:1.23
20:20:49  원시위도:37.496454
20:20:49  원시경도:126.957643
20:20:49  GPS채택:707
20:20:49  GPS이상치거부:0
20:20:49  GPS품질거부:1
20:20:49  GPS재기준:0
20:20:49  RSSI원시:-62
20:20:49  RSSI평활:-61.2
20:20:49  RSSI샘플:3139
20:20:49  RSSI경과ms:4
20:20:49  차량수신:1565
20:20:49  시각ms:171897
20:20:49  IMU시각ms:171885
20:20:49  위험:1
20:20:49  GPS유효:1
20:20:49  위도:37.496456
20:20:49  경도:126.957642
20:20:49  속도:0.019
20:20:49  방향:0.0
20:20:49  GPS원시속도:0.005
20:20:49  GPS원시방향유효:1
20:20:49  GPS원시방향:193.1
20:20:49  가속도:-2.437,2.696,9.371
20:20:49  자이로:-0.756,-1.954,-3.344
20:20:49  자력계:-40.800,52.950,14.550
20:20:49  IMU방향유효:0
20:20:49  IMU방향:0.0
20:20:49  방향가속도크기:10.05
20:20:49  방향자이로크기:3.95
20:20:49  방향자세cos:0.5868
20:20:49  자기모델잔차:999.00
20:20:49  자기모델반경:0.000
20:20:49  방향채택:0
20:20:49  방향거부:20190
20:20:49  송신:1605
20:20:49  GPS위성:7
20:20:49  GPS_HDOP:1.23
20:20:49  원시위도:37.496454
20:20:49  원시경도:126.957643
20:20:49  GPS채택:707
20:20:49  GPS이상치거부:0
20:20:49  GPS품질거부:1
20:20:49  GPS재기준:0
20:20:49  RSSI원시:-60
20:20:49  RSSI평활:-61.1
20:20:49  RSSI샘플:3141
20:20:49  RSSI경과ms:6
20:20:49  차량수신:1566
20:20:50  시각ms:172000
20:20:50  IMU시각ms:171988
20:20:50  위험:1
20:20:50  GPS유효:1
20:20:50  위도:37.496452
20:20:50  경도:126.957642
20:20:50  속도:0.034
20:20:50  방향:0.0
20:20:50  GPS원시속도:0.062
20:20:50  GPS원시방향유효:1
20:20:50  GPS원시방향:193.1
20:20:50  가속도:-2.696,2.820,8.964
20:20:50  자이로:-1.122,-1.023,-0.550
20:20:50  자력계:-41.400,54.000,14.700
20:20:50  IMU방향유효:0
20:20:50  IMU방향:0.0
20:20:50  방향가속도크기:9.78
20:20:50  방향자이로크기:1.61
20:20:50  방향자세cos:0.5680
20:20:50  자기모델잔차:999.00
20:20:50  자기모델반경:0.000
20:20:50  방향채택:0
20:20:50  방향거부:20202
20:20:50  송신:1606
20:20:50  GPS위성:7
20:20:50  GPS_HDOP:1.23
20:20:50  원시위도:37.496454
20:20:50  원시경도:126.957643
20:20:50  GPS채택:708
20:20:50  GPS이상치거부:0
20:20:50  GPS품질거부:1
20:20:50  GPS재기준:0
20:20:50  RSSI원시:-61
20:20:50  RSSI평활:-61.1
20:20:50  RSSI샘플:3142
20:20:50  RSSI경과ms:91
20:20:50  차량수신:1567
20:20:50  시각ms:172104
20:20:50  IMU시각ms:172092
20:20:50  위험:1
20:20:50  GPS유효:1
20:20:50  위도:37.496452
20:20:50  경도:126.957642
20:20:50  속도:0.034
20:20:50  방향:0.0
20:20:50  GPS원시속도:0.062
20:20:50  GPS원시방향유효:1
20:20:50  GPS원시방향:193.1
20:20:50  가속도:-2.624,2.753,8.973
20:20:50  자이로:-0.947,1.641,-0.359
20:20:50  자력계:-42.150,53.550,13.650
20:20:50  IMU방향유효:0
20:20:50  IMU방향:0.0
20:20:50  방향가속도크기:9.75
20:20:50  방향자이로크기:1.93
20:20:50  방향자세cos:0.5712
20:20:50  자기모델잔차:999.00
20:20:50  자기모델반경:0.000
20:20:50  방향채택:0
20:20:50  방향거부:20215
20:20:50  송신:1607
20:20:50  GPS위성:7
20:20:50  GPS_HDOP:1.23
20:20:50  원시위도:37.496454
20:20:50  원시경도:126.957643
20:20:50  GPS채택:708
20:20:50  GPS이상치거부:0
20:20:50  GPS품질거부:1
20:20:50  GPS재기준:0
20:20:50  RSSI원시:-61
20:20:50  RSSI평활:-61.2
20:20:50  RSSI샘플:3144
20:20:50  RSSI경과ms:87
20:20:50  차량수신:1568
20:20:50  시각ms:172209
20:20:50  IMU시각ms:172197
20:20:50  위험:1
20:20:50  GPS유효:1
20:20:50  위도:37.496452
20:20:50  경도:126.957642
20:20:50  속도:0.031
20:20:50  방향:0.0
20:20:50  GPS원시속도:0.026
20:20:50  GPS원시방향유효:1
20:20:50  GPS원시방향:193.1
20:20:50  가속도:-2.567,2.710,8.916
20:20:50  자이로:0.122,-1.061,2.817
20:20:50  자력계:-42.150,53.550,12.900
20:20:50  IMU방향유효:0
20:20:50  IMU방향:0.0
20:20:50  방향가속도크기:9.67
20:20:50  방향자이로크기:3.01
20:20:50  방향자세cos:0.5733
20:20:50  자기모델잔차:999.00
20:20:50  자기모델반경:0.000
20:20:50  방향채택:0
20:20:50  방향거부:20228
20:20:50  송신:1608
20:20:50  GPS위성:7
20:20:50  GPS_HDOP:1.23
20:20:50  원시위도:37.496454
20:20:50  원시경도:126.957643
20:20:50  GPS채택:709
20:20:50  GPS이상치거부:0
20:20:50  GPS품질거부:1
20:20:50  GPS재기준:0
20:20:50  RSSI원시:-60
20:20:50  RSSI평활:-60.8
20:20:50  RSSI샘플:3146
20:20:50  RSSI경과ms:93
20:20:50  차량수신:1569
20:20:50  시각ms:172314
20:20:50  IMU시각ms:172302
20:20:50  위험:1
20:20:50  GPS유효:1
20:20:50  위도:37.496452
20:20:50  경도:126.957642
20:20:50  속도:0.031
20:20:50  방향:0.0
20:20:50  GPS원시속도:0.026
20:20:50  GPS원시방향유효:1
20:20:50  GPS원시방향:193.1
20:20:50  가속도:-2.576,2.883,9.007
20:20:50  자이로:1.634,-0.130,-0.855
20:20:50  자력계:-43.050,54.150,14.550
20:20:50  IMU방향유효:0
20:20:50  IMU방향:0.0
20:20:50  방향가속도크기:9.80
20:20:50  방향자이로크기:1.85
20:20:50  방향자세cos:0.5797
20:20:50  자기모델잔차:999.00
20:20:50  자기모델반경:0.000
20:20:50  방향채택:0
20:20:50  방향거부:20241
20:20:50  송신:1609
20:20:50  GPS위성:7
20:20:50  GPS_HDOP:1.23
20:20:50  원시위도:37.496454
20:20:50  원시경도:126.957643
20:20:50  GPS채택:709
20:20:50  GPS이상치거부:0
20:20:50  GPS품질거부:1
20:20:50  GPS재기준:0
20:20:50  RSSI원시:-63
20:20:50  RSSI평활:-61.4
20:20:50  RSSI샘플:3149
20:20:50  RSSI경과ms:3
20:20:50  차량수신:1570
20:20:50  시각ms:172417
20:20:50  IMU시각ms:172405
20:20:50  위험:1
20:20:50  GPS유효:1
20:20:50  위도:37.496452
20:20:50  경도:126.957642
20:20:50  속도:0.031
20:20:50  방향:0.0
20:20:50  GPS원시속도:0.031
20:20:50  GPS원시방향유효:1
20:20:50  GPS원시방향:193.1
20:20:50  가속도:-2.610,2.854,8.926
20:20:50  자이로:-0.420,-1.718,-0.992
20:20:50  자력계:-43.050,53.700,13.500
20:20:50  IMU방향유효:0
20:20:50  IMU방향:0.0
20:20:50  방향가속도크기:9.73
20:20:50  방향자이로크기:2.03
20:20:50  방향자세cos:0.5753
20:20:50  자기모델잔차:999.00
20:20:50  자기모델반경:0.000
20:20:50  방향채택:0
20:20:50  방향거부:20253
20:20:50  송신:1610
20:20:50  GPS위성:7
20:20:50  GPS_HDOP:1.23
20:20:50  원시위도:37.496453
20:20:50  원시경도:126.957643
20:20:50  GPS채택:710
20:20:50  GPS이상치거부:0
20:20:50  GPS품질거부:1
20:20:50  GPS재기준:0
20:20:50  RSSI원시:-63
20:20:50  RSSI평활:-61.8
20:20:50  RSSI샘플:3151
20:20:50  RSSI경과ms:1
20:20:50  차량수신:1571
20:20:50  시각ms:172520
20:20:50  IMU시각ms:172508
20:20:50  위험:1
20:20:50  GPS유효:1
20:20:50  위도:37.496452
20:20:50  경도:126.957642
20:20:50  속도:0.031
20:20:50  방향:0.0
20:20:50  GPS원시속도:0.031
20:20:50  GPS원시방향유효:1
20:20:50  GPS원시방향:193.1
20:20:50  가속도:-2.586,2.868,8.988
20:20:50  자이로:-1.328,-1.389,-2.527
20:20:50  자력계:-40.950,55.050,12.150
20:20:50  IMU방향유효:0
20:20:50  IMU방향:0.0
20:20:50  방향가속도크기:9.78
20:20:50  방향자이로크기:3.17
20:20:50  방향자세cos:0.5782
20:20:50  자기모델잔차:999.00
20:20:50  자기모델반경:0.000
20:20:50  방향채택:0
20:20:50  방향거부:20265
20:20:50  송신:1611
20:20:50  GPS위성:7
20:20:50  GPS_HDOP:1.23
20:20:50  원시위도:37.496453
20:20:50  원시경도:126.957643
20:20:50  GPS채택:710
20:20:50  GPS이상치거부:0
20:20:50  GPS품질거부:1
20:20:50  GPS재기준:0
20:20:50  RSSI원시:-62
20:20:50  RSSI평활:-61.9
20:20:50  RSSI샘플:3152
20:20:50  RSSI경과ms:85
20:20:50  차량수신:1572
20:20:50  시각ms:172625
20:20:50  IMU시각ms:172613
20:20:50  위험:1
20:20:50  GPS유효:1
20:20:50  위도:37.496452
20:20:50  경도:126.957642
20:20:50  속도:0.031
20:20:50  방향:0.0
20:20:50  GPS원시속도:0.031
20:20:50  GPS원시방향유효:1
20:20:50  GPS원시방향:193.1
20:20:50  가속도:-2.485,2.648,9.084
20:20:50  자이로:-1.099,-1.244,-0.496
20:20:50  자력계:-40.950,54.000,15.150
20:20:50  IMU방향유효:0
20:20:50  IMU방향:0.0
20:20:50  방향가속도크기:9.78
20:20:50  방향자이로크기:1.73
20:20:50  방향자세cos:0.5790
20:20:50  자기모델잔차:999.00
20:20:50  자기모델반경:0.000
20:20:50  방향채택:0
20:20:50  방향거부:20278
20:20:50  송신:1612
20:20:50  GPS위성:7
20:20:50  GPS_HDOP:1.23
20:20:50  원시위도:37.496453
20:20:50  원시경도:126.957642
20:20:50  GPS채택:711
20:20:50  GPS이상치거부:0
20:20:50  GPS품질거부:1
20:20:50  GPS재기준:0
20:20:50  RSSI원시:-62
20:20:50  RSSI평활:-61.8
20:20:50  RSSI샘플:3155
20:20:50  RSSI경과ms:5
20:20:50  차량수신:1573
20:20:50  시각ms:172728
20:20:50  IMU시각ms:172716
20:20:50  위험:1
20:20:50  GPS유효:1
20:20:50  위도:37.496452
20:20:50  경도:126.957642
20:20:50  속도:0.031
20:20:50  방향:0.0
20:20:50  GPS원시속도:0.031
20:20:50  GPS원시방향유효:1
20:20:50  GPS원시방향:193.1
20:20:50  가속도:-2.538,2.744,8.954
20:20:50  자이로:-0.153,-1.550,1.130
20:20:50  자력계:-41.250,55.650,14.250
20:20:50  IMU방향유효:0
20:20:50  IMU방향:0.0
20:20:50  방향가속도크기:9.70
20:20:50  방향자이로크기:1.92
20:20:50  방향자세cos:0.5771
20:20:50  자기모델잔차:999.00
20:20:50  자기모델반경:0.000
20:20:50  방향채택:0
20:20:50  방향거부:20290
20:20:50  송신:1613
20:20:50  GPS위성:7
20:20:50  GPS_HDOP:1.23
20:20:50  원시위도:37.496453
20:20:50  원시경도:126.957642
20:20:50  GPS채택:711
20:20:50  GPS이상치거부:0
20:20:50  GPS품질거부:1
20:20:50  GPS재기준:0
20:20:50  RSSI원시:-63
20:20:50  RSSI평활:-62.2
20:20:50  RSSI샘플:3157
20:20:50  RSSI경과ms:3
20:20:50  차량수신:1574
20:20:50  시각ms:172831
20:20:50  IMU시각ms:172819
20:20:50  위험:1
20:20:50  GPS유효:1
20:20:50  위도:37.496452
20:20:50  경도:126.957642
20:20:50  속도:0.033
20:20:50  방향:0.0
20:20:50  GPS원시속도:0.036
20:20:50  GPS원시방향유효:1
20:20:50  GPS원시방향:193.1
20:20:50  가속도:-2.744,2.787,9.007
20:20:50  자이로:-2.076,0.282,0.466
20:20:50  자력계:-42.300,54.150,13.050
20:20:50  IMU방향유효:0
20:20:50  IMU방향:0.0
20:20:50  방향가속도크기:9.82
20:20:50  방향자이로크기:2.15
20:20:50  방향자세cos:0.5637
20:20:50  자기모델잔차:999.00
20:20:50  자기모델반경:0.000
20:20:50  방향채택:0
20:20:50  방향거부:20302
20:20:50  송신:1614
20:20:50  GPS위성:7
20:20:50  GPS_HDOP:1.23
20:20:50  원시위도:37.496453
20:20:50  원시경도:126.957642
20:20:50  GPS채택:712
20:20:50  GPS이상치거부:0
20:20:50  GPS품질거부:1
20:20:50  GPS재기준:0
20:20:50  RSSI원시:-63
20:20:50  RSSI평활:-62.7
20:20:50  RSSI샘플:3159
20:20:50  RSSI경과ms:8
20:20:50  차량수신:1575
20:20:50  시각ms:172934
20:20:50  IMU시각ms:172922
20:20:50  위험:1
20:20:50  GPS유효:1
20:20:50  위도:37.496452
20:20:50  경도:126.957642
20:20:50  속도:0.033
20:20:50  방향:0.0
20:20:50  GPS원시속도:0.036
20:20:50  GPS원시방향유효:1
20:20:50  GPS원시방향:193.1
20:20:50  가속도:-2.610,2.801,9.002
20:20:50  자이로:0.076,-1.214,0.771
20:20:50  자력계:-43.500,52.950,13.800
20:20:50  IMU방향유효:0
20:20:50  IMU방향:0.0
20:20:50  방향가속도크기:9.78
20:20:50  방향자이로크기:1.44
20:20:50  방향자세cos:0.5743
20:20:50  자기모델잔차:999.00
20:20:50  자기모델반경:0.000
20:20:50  방향채택:0
20:20:50  방향거부:20314
20:20:50  송신:1615
20:20:50  GPS위성:7
20:20:50  GPS_HDOP:1.23
20:20:50  원시위도:37.496453
20:20:50  원시경도:126.957642
20:20:50  GPS채택:712
20:20:50  GPS이상치거부:0
20:20:50  GPS품질거부:1
20:20:50  GPS재기준:0
20:20:50  RSSI원시:-61
20:20:50  RSSI평활:-62.2
20:20:50  RSSI샘플:3161
20:20:50  RSSI경과ms:5
20:20:50  차량수신:1576
20:20:51  시각ms:173139
20:20:51  IMU시각ms:173127
20:20:51  위험:1
20:20:51  GPS유효:1
20:20:51  위도:37.496452
20:20:51  경도:126.957642
20:20:51  속도:0.030
20:20:51  방향:0.0
20:20:51  GPS원시속도:0.026
20:20:51  GPS원시방향유효:1
20:20:51  GPS원시방향:193.1
20:20:51  가속도:-2.595,2.772,9.055
20:20:51  자이로:-0.763,-2.519,-0.649
20:20:51  자력계:-40.500,52.950,14.550
20:20:51  IMU방향유효:0
20:20:51  IMU방향:0.0
20:20:51  방향가속도크기:9.82
20:20:51  방향자이로크기:2.71
20:20:51  방향자세cos:0.5749
20:20:51  자기모델잔차:999.00
20:20:51  자기모델반경:0.000
20:20:51  방향채택:0
20:20:51  방향거부:20338
20:20:51  송신:1617
20:20:51  GPS위성:7
20:20:51  GPS_HDOP:1.23
20:20:51  원시위도:37.496453
20:20:51  원시경도:126.957642
20:20:51  GPS채택:713
20:20:51  GPS이상치거부:0
20:20:51  GPS품질거부:1
20:20:51  GPS재기준:0
20:20:51  RSSI원시:-65
20:20:51  RSSI평활:-62.9
20:20:51  RSSI샘플:3165
20:20:51  RSSI경과ms:6
20:20:51  차량수신:1578
20:20:51  시각ms:173242
20:20:51  IMU시각ms:173230
20:20:51  위험:1
20:20:51  GPS유효:1
20:20:51  위도:37.496452
20:20:51  경도:126.957642
20:20:51  속도:0.041
20:20:51  방향:0.0
20:20:51  GPS원시속도:0.062
20:20:51  GPS원시방향유효:1
20:20:51  GPS원시방향:193.1
20:20:51  가속도:-2.595,2.763,8.959
20:20:51  자이로:0.595,0.718,1.687
20:20:51  자력계:-42.000,54.450,13.500
20:20:51  IMU방향유효:0
20:20:51  IMU방향:0.0
20:20:51  방향가속도크기:9.73
20:20:51  방향자이로크기:1.93
20:20:51  방향자세cos:0.5735
20:20:51  자기모델잔차:999.00
20:20:51  자기모델반경:0.000
20:20:51  방향채택:0
20:20:51  방향거부:20350
20:20:51  송신:1618
20:20:51  GPS위성:7
20:20:51  GPS_HDOP:1.23
20:20:51  원시위도:37.496452
20:20:51  원시경도:126.957642
20:20:51  GPS채택:714
20:20:51  GPS이상치거부:0
20:20:51  GPS품질거부:1
20:20:51  GPS재기준:0
20:20:51  RSSI원시:-62
20:20:51  RSSI평활:-62.5
20:20:51  RSSI샘플:3167
20:20:51  RSSI경과ms:3
20:20:51  차량수신:1579
20:20:51  시각ms:173447
20:20:51  IMU시각ms:173435
20:20:51  위험:1
20:20:51  GPS유효:1
20:20:51  위도:37.496452
20:20:51  경도:126.957642
20:20:51  속도:0.039
20:20:51  방향:0.0
20:20:51  GPS원시속도:0.036
20:20:51  GPS원시방향유효:1
20:20:51  GPS원시방향:193.1
20:20:51  가속도:-0.579,-0.316,4.654
20:20:51  자이로:-4.015,1.023,-1.191
20:20:51  자력계:-41.550,55.650,15.300
20:20:51  IMU방향유효:0
20:20:51  IMU방향:0.0
20:20:51  방향가속도크기:4.70
20:20:51  방향자이로크기:4.31
20:20:51  방향자세cos:0.7347
20:20:51  자기모델잔차:999.00
20:20:51  자기모델반경:0.000
20:20:51  방향채택:0
20:20:51  방향거부:20374
20:20:51  송신:1620
20:20:51  GPS위성:7
20:20:51  GPS_HDOP:1.23
20:20:51  원시위도:37.496452
20:20:51  원시경도:126.957642
20:20:51  GPS채택:715
20:20:51  GPS이상치거부:0
20:20:51  GPS품질거부:1
20:20:51  GPS재기준:0
20:20:51  RSSI원시:-66
20:20:51  RSSI평활:-65.9
20:20:51  RSSI샘플:3171
20:20:51  RSSI경과ms:8
20:20:51  차량수신:1581
20:20:51  시각ms:173549
20:20:51  IMU시각ms:173537
20:20:51  위험:1
20:20:51  GPS유효:1
20:20:51  위도:37.496452
20:20:51  경도:126.957642
20:20:51  속도:0.040
20:20:51  방향:0.0
20:20:51  GPS원시속도:0.041
20:20:51  GPS원시방향유효:1
20:20:51  GPS원시방향:193.1
20:20:51  가속도:-6.551,6.924,12.862
20:20:51  자이로:-1.099,12.878,-2.183
20:20:51  자력계:-41.700,52.350,13.950
20:20:51  IMU방향유효:0
20:20:51  IMU방향:0.0
20:20:51  방향가속도크기:16.01
20:20:51  방향자이로크기:13.11
20:20:51  방향자세cos:0.6206
20:20:51  자기모델잔차:999.00
20:20:51  자기모델반경:0.000
20:20:51  방향채택:0
20:20:51  방향거부:20386
20:20:51  송신:1621
20:20:51  GPS위성:7
20:20:51  GPS_HDOP:1.23
20:20:51  원시위도:37.496452
20:20:51  원시경도:126.957641
20:20:51  GPS채택:716
20:20:51  GPS이상치거부:0
20:20:51  GPS품질거부:1
20:20:51  GPS재기준:0
20:20:51  RSSI원시:-77
20:20:51  RSSI평활:-68.8
20:20:51  RSSI샘플:3173
20:20:51  RSSI경과ms:4
20:20:51  차량수신:1582
20:20:51  시각ms:173859
20:20:51  IMU시각ms:173847
20:20:51  위험:1
20:20:51  GPS유효:1
20:20:51  위도:37.496452
20:20:51  경도:126.957642
20:20:51  속도:0.053
20:20:51  방향:0.0
20:20:51  GPS원시속도:0.077
20:20:51  GPS원시방향유효:1
20:20:51  GPS원시방향:193.1
20:20:51  가속도:-3.342,2.591,8.902
20:20:51  자이로:-1.939,0.702,1.885
20:20:51  자력계:-40.800,55.650,14.250
20:20:51  IMU방향유효:0
20:20:51  IMU방향:0.0
20:20:51  방향가속도크기:9.86
20:20:51  방향자이로크기:2.79
20:20:51  방향자세cos:0.5094
20:20:51  자기모델잔차:999.00
20:20:51  자기모델반경:0.000
20:20:51  방향채택:0
20:20:51  방향거부:20423
20:20:51  송신:1624
20:20:51  GPS위성:7
20:20:51  GPS_HDOP:1.23
20:20:51  원시위도:37.496453
20:20:51  원시경도:126.957642
20:20:51  GPS채택:717
20:20:51  GPS이상치거부:0
20:20:51  GPS품질거부:1
20:20:51  GPS재기준:0
20:20:51  RSSI원시:-70
20:20:51  RSSI평활:-71.8
20:20:51  RSSI샘플:3177
20:20:51  RSSI경과ms:4
20:20:51  차량수신:1583
20:20:52  시각ms:173961
20:20:52  IMU시각ms:173949
20:20:52  위험:1
20:20:52  GPS유효:1
20:20:52  위도:37.496452
20:20:52  경도:126.957642
20:20:52  속도:0.043
20:20:52  방향:0.0
20:20:52  GPS원시속도:0.026
20:20:52  GPS원시방향유효:1
20:20:52  GPS원시방향:193.1
20:20:52  가속도:-2.911,2.744,9.400
20:20:52  자이로:-2.336,0.573,-0.954
20:20:52  자력계:-41.700,52.800,13.650
20:20:52  IMU방향유효:0
20:20:52  IMU방향:0.0
20:20:52  방향가속도크기:10.22
20:20:52  방향자이로크기:2.59
20:20:52  방향자세cos:0.5546
20:20:52  자기모델잔차:999.00
20:20:52  자기모델반경:0.000
20:20:52  방향채택:0
20:20:52  방향거부:20435
20:20:52  송신:1625
20:20:52  GPS위성:7
20:20:52  GPS_HDOP:1.23
20:20:52  원시위도:37.496452
20:20:52  원시경도:126.957642
20:20:52  GPS채택:718
20:20:52  GPS이상치거부:0
20:20:52  GPS품질거부:1
20:20:52  GPS재기준:0
20:20:52  RSSI원시:-70
20:20:52  RSSI평활:-70.8
20:20:52  RSSI샘플:3179
20:20:52  RSSI경과ms:1
20:20:52  차량수신:1584
20:20:52  시각ms:174166
20:20:52  IMU시각ms:174154
20:20:52  위험:1
20:20:52  GPS유효:1
20:20:52  위도:37.496452
20:20:52  경도:126.957642
20:20:52  속도:0.041
20:20:52  방향:0.0
20:20:52  GPS원시속도:0.036
20:20:52  GPS원시방향유효:1
20:20:52  GPS원시방향:193.1
20:20:52  가속도:-2.643,2.739,9.026
20:20:52  자이로:-2.504,-0.817,-0.046
20:20:52  자력계:-42.750,53.700,14.550
20:20:52  IMU방향유효:0
20:20:52  IMU방향:0.0
20:20:52  방향가속도크기:9.80
20:20:52  방향자이로크기:2.63
20:20:52  방향자세cos:0.5698
20:20:52  자기모델잔차:999.00
20:20:52  자기모델반경:0.000
20:20:52  방향채택:0
20:20:52  방향거부:20459
20:20:52  송신:1627
20:20:52  GPS위성:7
20:20:52  GPS_HDOP:1.23
20:20:52  원시위도:37.496452
20:20:52  원시경도:126.957642
20:20:52  GPS채택:719
20:20:52  GPS이상치거부:0
20:20:52  GPS품질거부:1
20:20:52  GPS재기준:0
20:20:52  RSSI원시:-70
20:20:52  RSSI평활:-70.7
20:20:52  RSSI샘플:3182
20:20:52  RSSI경과ms:48
20:20:52  차량수신:1586
20:20:52  시각ms:174271
20:20:52  IMU시각ms:174259
20:20:52  위험:1
20:20:52  GPS유효:1
20:20:52  위도:37.496452
20:20:52  경도:126.957642
20:20:52  속도:0.041
20:20:52  방향:0.0
20:20:52  GPS원시속도:0.036
20:20:52  GPS원시방향유효:1
20:20:52  GPS원시방향:193.1
20:20:52  가속도:-2.538,2.878,8.969
20:20:52  자이로:-1.382,1.786,-2.458
20:20:52  자력계:-42.150,54.300,15.150
20:20:52  IMU방향유효:0
20:20:52  IMU방향:0.0
20:20:52  방향가속도크기:9.75
20:20:52  방향자이로크기:3.34
20:20:52  방향자세cos:0.5820
20:20:52  자기모델잔차:999.00
20:20:52  자기모델반경:0.000
20:20:52  방향채택:0
20:20:52  방향거부:20472
20:20:52  송신:1628
20:20:52  GPS위성:7
20:20:52  GPS_HDOP:1.23
20:20:52  원시위도:37.496452
20:20:52  원시경도:126.957642
20:20:52  GPS채택:719
20:20:52  GPS이상치거부:0
20:20:52  GPS품질거부:1
20:20:52  GPS재기준:0
20:20:52  RSSI원시:-72
20:20:52  RSSI평활:-71.3
20:20:52  RSSI샘플:3185
20:20:52  RSSI경과ms:3
20:20:52  차량수신:1587
20:20:52  시각ms:174582
20:20:52  IMU시각ms:174570
20:20:52  위험:1
20:20:52  GPS유효:1
20:20:52  위도:37.496452
20:20:52  경도:126.957642
20:20:52  속도:0.027
20:20:52  방향:0.0
20:20:52  GPS원시속도:0.015
20:20:52  GPS원시방향유효:1
20:20:52  GPS원시방향:193.1
20:20:52  가속도:-2.600,2.701,8.978
20:20:52  자이로:-2.420,0.313,-1.000
20:20:52  자력계:-42.000,54.150,13.500
20:20:52  IMU방향유효:0
20:20:52  IMU방향:0.0
20:20:52  방향가속도크기:9.73
20:20:52  방향자이로크기:2.64
20:20:52  방향자세cos:0.5711
20:20:52  자기모델잔차:999.00
20:20:52  자기모델반경:0.000
20:20:52  방향채택:0
20:20:52  방향거부:20509
20:20:52  송신:1631
20:20:52  GPS위성:7
20:20:52  GPS_HDOP:1.23
20:20:52  원시위도:37.496453
20:20:52  원시경도:126.957642
20:20:52  GPS채택:721
20:20:52  GPS이상치거부:0
20:20:52  GPS품질거부:1
20:20:52  GPS재기준:0
20:20:52  RSSI원시:-81
20:20:52  RSSI평활:-75.5
20:20:52  RSSI샘플:3189
20:20:52  RSSI경과ms:105
20:20:52  차량수신:1589
20:20:53  시각ms:175103
20:20:53  IMU시각ms:175091
20:20:53  위험:1
20:20:53  GPS유효:1
20:20:53  위도:37.496452
20:20:53  경도:126.957642
20:20:53  속도:0.023
20:20:53  방향:0.0
20:20:53  GPS원시속도:0.015
20:20:53  GPS원시방향유효:1
20:20:53  GPS원시방향:193.1
20:20:53  가속도:-2.643,2.816,9.131
20:20:53  자이로:-2.053,0.511,-0.901
20:20:53  자력계:-40.950,55.500,14.400
20:20:53  IMU방향유효:0
20:20:53  IMU방향:0.0
20:20:53  방향가속도크기:9.91
20:20:53  방향자이로크기:2.30
20:20:53  방향자세cos:0.5737
20:20:53  자기모델잔차:999.00
20:20:53  자기모델반경:0.000
20:20:53  방향채택:0
20:20:53  방향거부:20572
20:20:53  송신:1636
20:20:53  GPS위성:7
20:20:53  GPS_HDOP:1.23
20:20:53  원시위도:37.496453
20:20:53  원시경도:126.957642
20:20:53  GPS채택:723
20:20:53  GPS이상치거부:0
20:20:53  GPS품질거부:1
20:20:53  GPS재기준:0
20:20:53  RSSI원시:-81
20:20:53  RSSI평활:-78.6
20:20:53  RSSI샘플:3194
20:20:53  RSSI경과ms:108
20:20:53  차량수신:1590
20:20:53  시각ms:175208
20:20:53  IMU시각ms:175196
20:20:53  위험:1
20:20:53  GPS유효:1
20:20:53  위도:37.496452
20:20:53  경도:126.957642
20:20:53  속도:0.020
20:20:53  방향:0.0
20:20:53  GPS원시속도:0.015
20:20:53  GPS원시방향유효:1
20:20:53  GPS원시방향:193.1
20:20:53  가속도:-2.543,2.772,8.873
20:20:53  자이로:-3.290,-1.550,-0.725
20:20:53  자력계:-41.400,54.000,12.900
20:20:53  IMU방향유효:0
20:20:53  IMU방향:0.0
20:20:53  방향가속도크기:9.64
20:20:53  방향자이로크기:3.71
20:20:53  방향자세cos:0.5769
20:20:53  자기모델잔차:999.00
20:20:53  자기모델반경:0.000
20:20:53  방향채택:0
20:20:53  방향거부:20585
20:20:53  송신:1637
20:20:53  GPS위성:7
20:20:53  GPS_HDOP:1.23
20:20:53  원시위도:37.496453
20:20:53  원시경도:126.957642
20:20:53  GPS채택:724
20:20:53  GPS이상치거부:0
20:20:53  GPS품질거부:1
20:20:53  GPS재기준:0
20:20:53  RSSI원시:-82
20:20:53  RSSI평활:-80.0
20:20:53  RSSI샘플:3196
20:20:53  RSSI경과ms:77
20:20:53  차량수신:1591
20:20:53  시각ms:175313
20:20:53  IMU시각ms:175301
20:20:53  위험:1
20:20:53  GPS유효:1
20:20:53  위도:37.496452
20:20:53  경도:126.957642
20:20:53  속도:0.020
20:20:53  방향:0.0
20:20:53  GPS원시속도:0.015
20:20:53  GPS원시방향유효:1
20:20:53  GPS원시방향:193.1
20:20:53  가속도:-2.274,2.806,8.796
20:20:53  자이로:0.626,-1.359,-0.573
20:20:53  자력계:-41.700,56.250,13.200
20:20:53  IMU방향유효:0
20:20:53  IMU방향:0.0
20:20:53  방향가속도크기:9.51
20:20:53  방향자이로크기:1.60
20:20:53  방향자세cos:0.5978
20:20:53  자기모델잔차:999.00
20:20:53  자기모델반경:0.000
20:20:53  방향채택:0
20:20:53  방향거부:20598
20:20:53  송신:1638
20:20:53  GPS위성:7
20:20:53  GPS_HDOP:1.23
20:20:53  원시위도:37.496453
20:20:53  원시경도:126.957642
20:20:53  GPS채택:724
20:20:53  GPS이상치거부:0
20:20:53  GPS품질거부:1
20:20:53  GPS재기준:0
20:20:53  RSSI원시:-72
20:20:53  RSSI평활:-78.4
20:20:53  RSSI샘플:3197
20:20:53  RSSI경과ms:4
20:20:53  차량수신:1591
20:20:53  시각ms:175416
20:20:53  IMU시각ms:175404
20:20:53  위험:1
20:20:53  GPS유효:1
20:20:53  위도:37.496452
20:20:53  경도:126.957642
20:20:53  속도:0.020
20:20:53  방향:0.0
20:20:53  GPS원시속도:0.021
20:20:53  GPS원시방향유효:1
20:20:53  GPS원시방향:193.1
20:20:53  가속도:-0.168,1.906,8.155
20:20:53  자이로:-5.824,9.099,-1.160
20:20:53  자력계:-39.450,54.750,15.150
20:20:53  IMU방향유효:0
20:20:53  IMU방향:0.0
20:20:53  방향가속도크기:8.38
20:20:53  방향자이로크기:10.87
20:20:53  방향자세cos:0.7218
20:20:53  자기모델잔차:999.00
20:20:53  자기모델반경:0.000
20:20:53  방향채택:0
20:20:53  방향거부:20610
20:20:53  송신:1639
20:20:53  GPS위성:7
20:20:53  GPS_HDOP:1.23
20:20:53  원시위도:37.496453
20:20:53  원시경도:126.957642
20:20:53  GPS채택:725
20:20:53  GPS이상치거부:0
20:20:53  GPS품질거부:1
20:20:53  GPS재기준:0
20:20:53  RSSI원시:-78
20:20:53  RSSI평활:-77.4
20:20:53  RSSI샘플:3199
20:20:53  RSSI경과ms:3
20:20:53  차량수신:1592
20:20:53  시각ms:175519
20:20:53  IMU시각ms:175507
20:20:53  위험:1
20:20:53  GPS유효:1
20:20:53  위도:37.496452
20:20:53  경도:126.957642
20:20:53  속도:0.020
20:20:53  방향:0.0
20:20:53  GPS원시속도:0.021
20:20:53  GPS원시방향유효:1
20:20:53  GPS원시방향:193.1
20:20:53  가속도:-3.759,5.358,9.931
20:20:53  자이로:-11.863,14.985,-7.153
20:20:53  자력계:-40.800,55.350,12.300
20:20:53  IMU방향유효:0
20:20:53  IMU방향:0.0
20:20:53  방향가속도크기:11.89
20:20:53  방향자이로크기:20.41
20:20:53  방향자세cos:0.5750
20:20:53  자기모델잔차:999.00
20:20:53  자기모델반경:0.000
20:20:53  방향채택:0
20:20:53  방향거부:20622
20:20:53  송신:1640
20:20:53  GPS위성:7
20:20:53  GPS_HDOP:1.23
20:20:53  원시위도:37.496453
20:20:53  원시경도:126.957642
20:20:53  GPS채택:725
20:20:53  GPS이상치거부:0
20:20:53  GPS품질거부:1
20:20:53  GPS재기준:0
20:20:53  RSSI원시:-76
20:20:53  RSSI평활:-77.1
20:20:53  RSSI샘플:3200
20:20:53  RSSI경과ms:76
20:20:53  차량수신:1593
20:20:53  시각ms:175624
20:20:53  IMU시각ms:175612
20:20:53  위험:1
20:20:53  GPS유효:1
20:20:53  위도:37.496452
20:20:53  경도:126.957642
20:20:53  속도:0.022
20:20:53  방향:0.0
20:20:53  GPS원시속도:0.026
20:20:53  GPS원시방향유효:1
20:20:53  GPS원시방향:193.1
20:20:53  가속도:-2.073,3.577,8.265
20:20:53  자이로:7.710,-10.870,9.725
20:20:53  자력계:-41.550,54.150,13.500
20:20:53  IMU방향유효:0
20:20:53  IMU방향:0.0
20:20:53  방향가속도크기:9.24
20:20:53  방향자이로크기:16.50
20:20:53  방향자세cos:0.6337
20:20:53  자기모델잔차:999.00
20:20:53  자기모델반경:0.000
20:20:53  방향채택:0
20:20:53  방향거부:20635
20:20:53  송신:1641
20:20:53  GPS위성:7
20:20:53  GPS_HDOP:1.23
20:20:53  원시위도:37.496453
20:20:53  원시경도:126.957642
20:20:53  GPS채택:726
20:20:53  GPS이상치거부:0
20:20:53  GPS품질거부:1
20:20:53  GPS재기준:0
20:20:53  RSSI원시:-69
20:20:53  RSSI평활:-76.3
20:20:53  RSSI샘플:3202
20:20:53  RSSI경과ms:4
20:20:53  차량수신:1593
20:20:53  시각ms:175727
20:20:53  IMU시각ms:175715
20:20:53  위험:1
20:20:53  GPS유효:1
20:20:53  위도:37.496452
20:20:53  경도:126.957642
20:20:53  속도:0.022
20:20:53  방향:0.0
20:20:53  GPS원시속도:0.026
20:20:53  GPS원시방향유효:1
20:20:53  GPS원시방향:193.1
20:20:53  가속도:-2.069,2.662,9.462
20:20:53  자이로:-6.794,7.053,-0.672
20:20:53  자력계:-41.250,56.100,13.500
20:20:53  IMU방향유효:0
20:20:53  IMU방향:0.0
20:20:53  방향가속도크기:10.04
20:20:53  방향자이로크기:9.82
20:20:53  방향자세cos:0.6126
20:20:53  자기모델잔차:999.00
20:20:53  자기모델반경:0.000
20:20:53  방향채택:0
20:20:53  방향거부:20647
20:20:53  송신:1642
20:20:53  GPS위성:7
20:20:53  GPS_HDOP:1.23
20:20:53  원시위도:37.496453
20:20:53  원시경도:126.957642
20:20:53  GPS채택:726
20:20:53  GPS이상치거부:0
20:20:53  GPS품질거부:1
20:20:53  GPS재기준:0
20:20:53  RSSI원시:-68
20:20:53  RSSI평활:-74.6
20:20:53  RSSI샘플:3203
20:20:53  RSSI경과ms:86
20:20:53  차량수신:1594
20:20:53  시각ms:175832
20:20:53  IMU시각ms:175820
20:20:53  위험:1
20:20:53  GPS유효:1
20:20:53  위도:37.496452
20:20:53  경도:126.957642
20:20:53  속도:0.040
20:20:53  방향:0.0
20:20:53  GPS원시속도:0.072
20:20:53  GPS원시방향유효:1
20:20:53  GPS원시방향:193.1
20:20:53  가속도:-1.820,2.543,7.738
20:20:53  자이로:-1.023,1.267,0.061
20:20:53  자력계:-39.900,55.050,13.950
20:20:53  IMU방향유효:0
20:20:53  IMU방향:0.0
20:20:53  방향가속도크기:8.35
20:20:53  방향자이로크기:1.63
20:20:53  방향자세cos:0.6163
20:20:53  자기모델잔차:999.00
20:20:53  자기모델반경:0.000
20:20:53  방향채택:0
20:20:53  방향거부:20660
20:20:53  송신:1643
20:20:53  GPS위성:7
20:20:53  GPS_HDOP:1.23
20:20:53  원시위도:37.496453
20:20:53  원시경도:126.957642
20:20:53  GPS채택:727
20:20:53  GPS이상치거부:0
20:20:53  GPS품질거부:1
20:20:53  GPS재기준:0
20:20:53  RSSI원시:-70
20:20:53  RSSI평활:-72.4
20:20:53  RSSI샘플:3206
20:20:53  RSSI경과ms:1
20:20:53  차량수신:1595
20:20:54  시각ms:175935
20:20:54  IMU시각ms:175923
20:20:54  위험:1
20:20:54  GPS유효:1
20:20:54  위도:37.496452
20:20:54  경도:126.957642
20:20:54  속도:0.040
20:20:54  방향:0.0
20:20:54  GPS원시속도:0.072
20:20:54  GPS원시방향유효:1
20:20:54  GPS원시방향:193.1
20:20:54  가속도:-2.758,2.634,8.950
20:20:54  자이로:0.901,-0.527,-0.977
20:20:54  자력계:-41.550,55.350,11.700
20:20:54  IMU방향유효:0
20:20:54  IMU방향:0.0
20:20:54  방향가속도크기:9.73
20:20:54  방향자이로크기:1.43
20:20:54  방향자세cos:0.5564
20:20:54  자기모델잔차:999.00
20:20:54  자기모델반경:0.000
20:20:54  방향채택:0
20:20:54  방향거부:20672
20:20:54  송신:1644
20:20:54  GPS위성:7
20:20:54  GPS_HDOP:1.23
20:20:54  원시위도:37.496453
20:20:54  원시경도:126.957642
20:20:54  GPS채택:727
20:20:54  GPS이상치거부:0
20:20:54  GPS품질거부:1
20:20:54  GPS재기준:0
20:20:54  RSSI원시:-71
20:20:54  RSSI평활:-72.1
20:20:54  RSSI샘플:3207
20:20:54  RSSI경과ms:91
20:20:54  차량수신:1596
20:20:54  시각ms:176040
20:20:54  IMU시각ms:176028
20:20:54  위험:1
20:20:54  GPS유효:1
20:20:54  위도:37.496452
20:20:54  경도:126.957642
20:20:54  속도:0.091
20:20:54  방향:0.0
20:20:54  GPS원시속도:0.185
20:20:54  GPS원시방향유효:1
20:20:54  GPS원시방향:193.1
20:20:54  가속도:-2.605,2.811,8.940
20:20:54  자이로:-2.908,0.443,-3.069
20:20:54  자력계:-42.000,55.350,13.800
20:20:54  IMU방향유효:0
20:20:54  IMU방향:0.0
20:20:54  방향가속도크기:9.73
20:20:54  방향자이로크기:4.25
20:20:54  방향자세cos:0.5743
20:20:54  자기모델잔차:999.00
20:20:54  자기모델반경:0.000
20:20:54  방향채택:0
20:20:54  방향거부:20685
20:20:54  송신:1645
20:20:54  GPS위성:7
20:20:54  GPS_HDOP:1.23
20:20:54  원시위도:37.496452
20:20:54  원시경도:126.957642
20:20:54  GPS채택:728
20:20:54  GPS이상치거부:0
20:20:54  GPS품질거부:1
20:20:54  GPS재기준:0
20:20:54  RSSI원시:-75
20:20:54  RSSI평활:-73.6
20:20:54  RSSI샘플:3209
20:20:54  RSSI경과ms:95
20:20:54  차량수신:1597
20:20:54  시각ms:176143
20:20:54  IMU시각ms:176131
20:20:54  위험:1
20:20:54  GPS유효:1
20:20:54  위도:37.496452
20:20:54  경도:126.957642
20:20:54  속도:0.091
20:20:54  방향:0.0
20:20:54  GPS원시속도:0.185
20:20:54  GPS원시방향유효:1
20:20:54  GPS원시방향:193.1
20:20:54  가속도:-2.471,2.787,8.935
20:20:54  자이로:0.321,1.130,1.817
20:20:54  자력계:-42.150,54.750,14.250
20:20:54  IMU방향유효:0
20:20:54  IMU방향:0.0
20:20:54  방향가속도크기:9.68
20:20:54  방향자이로크기:2.16
20:20:54  방향자세cos:0.5835
20:20:54  자기모델잔차:999.00
20:20:54  자기모델반경:0.000
20:20:54  방향채택:0
20:20:54  방향거부:20697
20:20:54  송신:1646
20:20:54  GPS위성:7
20:20:54  GPS_HDOP:1.23
20:20:54  원시위도:37.496452
20:20:54  원시경도:126.957642
20:20:54  GPS채택:728
20:20:54  GPS이상치거부:0
20:20:54  GPS품질거부:1
20:20:54  GPS재기준:0
20:20:54  RSSI원시:-66
20:20:54  RSSI평활:-71.0
20:20:54  RSSI샘플:3211
20:20:54  RSSI경과ms:95
20:20:54  차량수신:1598
20:20:54  시각ms:176248
20:20:54  IMU시각ms:176236
20:20:54  위험:1
20:20:54  GPS유효:1
20:20:54  위도:37.496452
20:20:54  경도:126.957642
20:20:54  속도:0.133
20:20:54  방향:0.0
20:20:54  GPS원시속도:0.211
20:20:54  GPS원시방향유효:1
20:20:54  GPS원시방향:193.1
20:20:54  가속도:-2.691,2.777,8.964
20:20:54  자이로:-0.802,-1.656,-0.519
20:20:54  자력계:-41.400,53.100,13.950
20:20:54  IMU방향유효:0
20:20:54  IMU방향:0.0
20:20:54  방향가속도크기:9.76
20:20:54  방향자이로크기:1.91
20:20:54  방향자세cos:0.5668
20:20:54  자기모델잔차:999.00
20:20:54  자기모델반경:0.000
20:20:54  방향채택:0
20:20:54  방향거부:20710
20:20:54  송신:1647
20:20:54  GPS위성:7
20:20:54  GPS_HDOP:1.23
20:20:54  원시위도:37.496453
20:20:54  원시경도:126.957642
20:20:54  GPS채택:729
20:20:54  GPS이상치거부:0
20:20:54  GPS품질거부:1
20:20:54  GPS재기준:0
20:20:54  RSSI원시:-76
20:20:54  RSSI평활:-72.5
20:20:54  RSSI샘플:3213
20:20:54  RSSI경과ms:67
20:20:54  차량수신:1599
20:20:54  시각ms:176352
20:20:54  IMU시각ms:176340
20:20:54  위험:1
20:20:54  GPS유효:1
20:20:54  위도:37.496452
20:20:54  경도:126.957642
20:20:54  속도:0.122
20:20:54  방향:0.0
20:20:54  GPS원시속도:0.103
20:20:54  GPS원시방향유효:1
20:20:54  GPS원시방향:193.1
20:20:54  가속도:-2.533,2.696,9.007
20:20:54  자이로:-1.557,0.679,0.756
20:20:54  자력계:-41.250,54.150,14.250
20:20:54  IMU방향유효:0
20:20:54  IMU방향:0.0
20:20:54  방향가속도크기:9.74
20:20:54  방향자이로크기:1.86
20:20:54  방향자세cos:0.5763
20:20:54  자기모델잔차:999.00
20:20:54  자기모델반경:0.000
20:20:54  방향채택:0
20:20:54  방향거부:20723
20:20:54  송신:1648
20:20:54  GPS위성:7
20:20:54  GPS_HDOP:1.23
20:20:54  원시위도:37.496453
20:20:54  원시경도:126.957642
20:20:54  GPS채택:730
20:20:54  GPS이상치거부:0
20:20:54  GPS품질거부:1
20:20:54  GPS재기준:0
20:20:54  RSSI원시:-70
20:20:54  RSSI평활:-72.0
20:20:54  RSSI샘플:3216
20:20:54  RSSI경과ms:5
20:20:54  차량수신:1600
20:20:54  시각ms:176455
20:20:54  IMU시각ms:176443
20:20:54  위험:0
20:20:54  GPS유효:1
20:20:54  위도:37.496452
20:20:54  경도:126.957642
20:20:54  속도:0.122
20:20:54  방향:0.0
20:20:54  GPS원시속도:0.103
20:20:54  GPS원시방향유효:1
20:20:54  GPS원시방향:193.1
20:20:54  가속도:-2.586,2.830,8.959
20:20:54  자이로:0.725,-2.168,-0.809
20:20:54  자력계:-40.650,54.300,14.400
20:20:54  IMU방향유효:0
20:20:54  IMU방향:0.0
20:20:54  방향가속도크기:9.74
20:20:54  방향자이로크기:2.42
20:20:54  방향자세cos:0.5766
20:20:54  자기모델잔차:999.00
20:20:54  자기모델반경:0.000
20:20:54  방향채택:0
20:20:54  방향거부:20735
20:20:54  송신:1649
20:20:54  GPS위성:7
20:20:54  GPS_HDOP:1.23
20:20:54  원시위도:37.496453
20:20:54  원시경도:126.957642
20:20:54  GPS채택:730
20:20:54  GPS이상치거부:0
20:20:54  GPS품질거부:1
20:20:54  GPS재기준:0
20:20:54  RSSI원시:-72
20:20:54  RSSI평활:-72.0
20:20:54  RSSI샘플:3217
20:20:54  RSSI경과ms:7
20:20:54  차량수신:1600
20:20:54  시각ms:176559
20:20:54  IMU시각ms:176547
20:20:54  위험:0
20:20:54  GPS유효:1
20:20:54  위도:37.496452
20:20:54  경도:126.957642
20:20:54  속도:0.108
20:20:54  방향:0.0
20:20:54  GPS원시속도:0.082
20:20:54  GPS원시방향유효:1
20:20:54  GPS원시방향:193.1
20:20:54  가속도:-2.638,2.749,8.940
20:20:54  자이로:-0.985,-5.023,0.832
20:20:54  자력계:-42.000,54.150,14.250
20:20:54  IMU방향유효:0
20:20:54  IMU방향:0.0
20:20:54  방향가속도크기:9.72
20:20:54  방향자이로크기:5.19
20:20:54  방향자세cos:0.5695
20:20:54  자기모델잔차:999.00
20:20:54  자기모델반경:0.000
20:20:54  방향채택:0
20:20:54  방향거부:20748
20:20:54  송신:1650
20:20:54  GPS위성:7
20:20:54  GPS_HDOP:1.23
20:20:54  원시위도:37.496454
20:20:54  원시경도:126.957642
20:20:54  GPS채택:731
20:20:54  GPS이상치거부:0
20:20:54  GPS품질거부:1
20:20:54  GPS재기준:0
20:20:54  RSSI원시:-70
20:20:54  RSSI평활:-71.3
20:20:54  RSSI샘플:3219
20:20:54  RSSI경과ms:2
20:20:54  차량수신:1601
20:20:54  시각ms:176662
20:20:54  IMU시각ms:176650
20:20:54  위험:0
20:20:54  GPS유효:1
20:20:54  위도:37.496452
20:20:54  경도:126.957642
20:20:54  속도:0.108
20:20:54  방향:0.0
20:20:54  GPS원시속도:0.082
20:20:54  GPS원시방향유효:1
20:20:54  GPS원시방향:193.1
20:20:54  가속도:-2.552,2.787,8.906
20:20:54  자이로:-1.557,-2.679,-1.733
20:20:54  자력계:-41.250,54.150,14.250
20:20:54  IMU방향유효:0
20:20:54  IMU방향:0.0
20:20:54  방향가속도크기:9.67
20:20:54  방향자이로크기:3.55
20:20:54  방향자세cos:0.5771
20:20:54  자기모델잔차:999.00
20:20:54  자기모델반경:0.000
20:20:54  방향채택:0
20:20:54  방향거부:20760
20:20:54  송신:1651
20:20:54  GPS위성:7
20:20:54  GPS_HDOP:1.23
20:20:54  원시위도:37.496454
20:20:54  원시경도:126.957642
20:20:54  GPS채택:731
20:20:54  GPS이상치거부:0
20:20:54  GPS품질거부:1
20:20:54  GPS재기준:0
20:20:54  RSSI원시:-70
20:20:54  RSSI평활:-71.0
20:20:54  RSSI샘플:3220
20:20:54  RSSI경과ms:91
20:20:54  차량수신:1602
20:20:54  시각ms:176766
20:20:54  IMU시각ms:176754
20:20:54  위험:0
20:20:54  GPS유효:1
20:20:54  위도:37.496452
20:20:54  경도:126.957642
20:20:54  속도:0.076
20:20:54  방향:0.0
20:20:54  GPS원시속도:0.015
20:20:54  GPS원시방향유효:1
20:20:54  GPS원시방향:193.1
20:20:54  가속도:-2.523,2.796,9.050
20:20:54  자이로:-1.008,-1.435,2.626
20:20:54  자력계:-42.150,54.300,13.950
20:20:54  IMU방향유효:0
20:20:54  IMU방향:0.0
20:20:54  방향가속도크기:9.80
20:20:54  방향자이로크기:3.16
20:20:54  방향자세cos:0.5810
20:20:54  자기모델잔차:999.00
20:20:54  자기모델반경:0.000
20:20:54  방향채택:0
20:20:54  방향거부:20773
20:20:54  송신:1652
20:20:54  GPS위성:7
20:20:54  GPS_HDOP:1.23
20:20:54  원시위도:37.496454
20:20:54  원시경도:126.957642
20:20:54  GPS채택:732
20:20:54  GPS이상치거부:0
20:20:54  GPS품질거부:1
20:20:54  GPS재기준:0
20:20:54  RSSI원시:-67
20:20:54  RSSI평활:-69.6
20:20:54  RSSI샘플:3222
20:20:54  RSSI경과ms:80
20:20:54  차량수신:1603
20:20:54  시각ms:176867
20:20:54  IMU시각ms:176855
20:20:54  위험:0
20:20:54  GPS유효:1
20:20:54  위도:37.496452
20:20:54  경도:126.957642
20:20:54  속도:0.076
20:20:54  방향:0.0
20:20:54  GPS원시속도:0.015
20:20:54  GPS원시방향유효:1
20:20:54  GPS원시방향:193.1
20:20:54  가속도:-2.586,2.782,8.973
20:20:54  자이로:-1.931,-0.511,1.443
20:20:54  자력계:-42.300,53.400,14.250
20:20:54  IMU방향유효:0
20:20:54  IMU방향:0.0
20:20:54  방향가속도크기:9.74
20:20:54  방향자이로크기:2.46
20:20:54  방향자세cos:0.5751
20:20:54  자기모델잔차:999.00
20:20:54  자기모델반경:0.000
20:20:54  방향채택:0
20:20:54  방향거부:20784
20:20:54  송신:1653
20:20:54  GPS위성:7
20:20:54  GPS_HDOP:1.23
20:20:54  원시위도:37.496454
20:20:54  원시경도:126.957642
20:20:54  GPS채택:732
20:20:54  GPS이상치거부:0
20:20:54  GPS품질거부:1
20:20:54  GPS재기준:0
20:20:54  RSSI원시:-67
20:20:54  RSSI평활:-68.2
20:20:54  RSSI샘플:3225
20:20:54  RSSI경과ms:7
20:20:54  차량수신:1604
20:20:55  시각ms:176971
20:20:55  IMU시각ms:176959
20:20:55  위험:0
20:20:55  GPS유효:1
20:20:55  위도:37.496452
20:20:55  경도:126.957642
20:20:55  속도:0.056
20:20:55  방향:0.0
20:20:55  GPS원시속도:0.021
20:20:55  GPS원시방향유효:1
20:20:55  GPS원시방향:193.1
20:20:55  가속도:-2.595,2.758,8.906
20:20:55  자이로:-0.863,-5.061,-0.954
20:20:55  자력계:-42.300,54.150,13.050
20:20:55  IMU방향유효:0
20:20:55  IMU방향:0.0
20:20:55  방향가속도크기:9.68
20:20:55  방향자이로크기:5.22
20:20:55  방향자세cos:0.5728
20:20:55  자기모델잔차:999.00
20:20:55  자기모델반경:0.000
20:20:55  방향채택:0
20:20:55  방향거부:20797
20:20:55  송신:1654
20:20:55  GPS위성:7
20:20:55  GPS_HDOP:1.23
20:20:55  원시위도:37.496455
20:20:55  원시경도:126.957642
20:20:55  GPS채택:733
20:20:55  GPS이상치거부:0
20:20:55  GPS품질거부:1
20:20:55  GPS재기준:0
20:20:55  RSSI원시:-66
20:20:55  RSSI평활:-67.2
20:20:55  RSSI샘플:3227
20:20:55  RSSI경과ms:2
20:20:55  차량수신:1605
20:20:55  시각ms:177074
20:20:55  IMU시각ms:177062
20:20:55  위험:0
20:20:55  GPS유효:1
20:20:55  위도:37.496452
20:20:55  경도:126.957642
20:20:55  속도:0.056
20:20:55  방향:0.0
20:20:55  GPS원시속도:0.021
20:20:55  GPS원시방향유효:1
20:20:55  GPS원시방향:193.1
20:20:55  가속도:-2.586,2.897,8.882
20:20:55  자이로:-1.450,-0.740,-4.672
20:20:55  자력계:-42.900,54.000,13.650
20:20:55  IMU방향유효:0
20:20:55  IMU방향:0.0
20:20:55  방향가속도크기:9.69
20:20:55  방향자이로크기:4.95
20:20:55  방향자세cos:0.5781
20:20:55  자기모델잔차:999.00
20:20:55  자기모델반경:0.000
20:20:55  방향채택:0
20:20:55  방향거부:20809
20:20:55  송신:1655
20:20:55  GPS위성:7
20:20:55  GPS_HDOP:1.23
20:20:55  원시위도:37.496455
20:20:55  원시경도:126.957642
20:20:55  GPS채택:733
20:20:55  GPS이상치거부:0
20:20:55  GPS품질거부:1
20:20:55  GPS재기준:0
20:20:55  RSSI원시:-68
20:20:55  RSSI평활:-67.3
20:20:55  RSSI샘플:3229
20:20:55  RSSI경과ms:2
20:20:55  차량수신:1606
20:20:55  시각ms:177280
20:20:55  IMU시각ms:177268
20:20:55  위험:0
20:20:55  GPS유효:1
20:20:55  위도:37.496456
20:20:55  경도:126.957642
20:20:55  속도:0.040
20:20:55  방향:0.0
20:20:55  GPS원시속도:0.010
20:20:55  GPS원시방향유효:1
20:20:55  GPS원시방향:193.1
20:20:55  가속도:-2.557,2.873,8.787
20:20:55  자이로:0.313,-3.389,0.985
20:20:55  자력계:-42.300,55.650,13.500
20:20:55  IMU방향유효:0
20:20:55  IMU방향:0.0
20:20:55  방향가속도크기:9.59
20:20:55  방향자이로크기:3.54
20:20:55  방향자세cos:0.5784
20:20:55  자기모델잔차:999.00
20:20:55  자기모델반경:0.000
20:20:55  방향채택:0
20:20:55  방향거부:20833
20:20:55  송신:1657
20:20:55  GPS위성:7
20:20:55  GPS_HDOP:1.23
20:20:55  원시위도:37.496455
20:20:55  원시경도:126.957642
20:20:55  GPS채택:734
20:20:55  GPS이상치거부:0
20:20:55  GPS품질거부:1
20:20:55  GPS재기준:0
20:20:55  RSSI원시:-67
20:20:55  RSSI평활:-67.3
20:20:55  RSSI샘플:3232
20:20:55  RSSI경과ms:95
20:20:55  차량수신:1608
20:20:55  시각ms:177592
20:20:55  IMU시각ms:177580
20:20:55  위험:0
20:20:55  GPS유효:1
20:20:55  위도:37.496456
20:20:55  경도:126.957642
20:20:55  속도:0.030
20:20:55  방향:0.0
20:20:55  GPS원시속도:0.026
20:20:55  GPS원시방향유효:1
20:20:55  GPS원시방향:193.1
20:20:55  가속도:-2.658,2.725,8.983
20:20:55  자이로:-1.252,-1.733,1.282
20:20:55  자력계:-42.000,55.350,13.050
20:20:55  IMU방향유효:0
20:20:55  IMU방향:0.0
20:20:55  방향가속도크기:9.76
20:20:55  방향자이로크기:2.49
20:20:55  방향자세cos:0.5677
20:20:55  자기모델잔차:999.00
20:20:55  자기모델반경:0.000
20:20:55  방향채택:0
20:20:55  방향거부:20871
20:20:55  송신:1660
20:20:55  GPS위성:7
20:20:55  GPS_HDOP:1.23
20:20:55  원시위도:37.496456
20:20:55  원시경도:126.957641
20:20:55  GPS채택:736
20:20:55  GPS이상치거부:0
20:20:55  GPS품질거부:1
20:20:55  GPS재기준:0
20:20:55  RSSI원시:-65
20:20:55  RSSI평활:-65.7
20:20:55  RSSI샘플:3238
20:20:55  RSSI경과ms:96
20:20:55  차량수신:1611
20:20:55  시각ms:177697
20:20:55  IMU시각ms:177685
20:20:55  위험:0
20:20:55  GPS유효:1
20:20:55  위도:37.496456
20:20:55  경도:126.957642
20:20:55  속도:0.030
20:20:55  방향:0.0
20:20:55  GPS원시속도:0.026
20:20:55  GPS원시방향유효:1
20:20:55  GPS원시방향:193.1
20:20:55  가속도:-2.543,2.725,9.036
20:20:55  자이로:-2.237,-0.809,-1.389
20:20:55  자력계:-41.700,56.250,13.950
20:20:55  IMU방향유효:0
20:20:55  IMU방향:0.0
20:20:55  방향가속도크기:9.77
20:20:55  방향자이로크기:2.75
20:20:55  방향자세cos:0.5769
20:20:55  자기모델잔차:999.00
20:20:55  자기모델반경:0.000
20:20:55  방향채택:0
20:20:55  방향거부:20884
20:20:55  송신:1661
20:20:55  GPS위성:7
20:20:55  GPS_HDOP:1.23
20:20:55  원시위도:37.496456
20:20:55  원시경도:126.957641
20:20:55  GPS채택:736
20:20:55  GPS이상치거부:0
20:20:55  GPS품질거부:1
20:20:55  GPS재기준:0
20:20:55  RSSI원시:-64
20:20:55  RSSI평활:-65.3
20:20:55  RSSI샘플:3239
20:20:55  RSSI경과ms:94
20:20:55  차량수신:1612
20:20:55  시각ms:177799
20:20:55  IMU시각ms:177787
20:20:55  위험:0
20:20:55  GPS유효:1
20:20:55  위도:37.496456
20:20:55  경도:126.957642
20:20:55  속도:0.026
20:20:55  방향:0.0
20:20:55  GPS원시속도:0.021
20:20:55  GPS원시방향유효:1
20:20:55  GPS원시방향:193.1
20:20:55  가속도:-2.562,2.849,8.863
20:20:55  자이로:0.794,-4.290,0.863
20:20:55  자력계:-42.000,52.950,13.050
20:20:55  IMU방향유효:0
20:20:55  IMU방향:0.0
20:20:55  방향가속도크기:9.66
20:20:55  방향자이로크기:4.45
20:20:55  방향자세cos:0.5781
20:20:55  자기모델잔차:999.00
20:20:55  자기모델반경:0.000
20:20:55  방향채택:0
20:20:55  방향거부:20896
20:20:55  송신:1662
20:20:55  GPS위성:7
20:20:55  GPS_HDOP:1.23
20:20:55  원시위도:37.496456
20:20:55  원시경도:126.957641
20:20:55  GPS채택:737
20:20:55  GPS이상치거부:0
20:20:55  GPS품질거부:1
20:20:55  GPS재기준:0
20:20:55  RSSI원시:-62
20:20:55  RSSI평활:-64.0
20:20:55  RSSI샘플:3242
20:20:55  RSSI경과ms:4
20:20:55  차량수신:1613
20:20:55  시각ms:177902
20:20:55  IMU시각ms:177890
20:20:55  위험:0
20:20:55  GPS유효:1
20:20:55  위도:37.496456
20:20:55  경도:126.957642
20:20:55  속도:0.026
20:20:55  방향:0.0
20:20:55  GPS원시속도:0.021
20:20:55  GPS원시방향유효:1
20:20:55  GPS원시방향:193.1
20:20:55  가속도:-2.528,2.792,8.978
20:20:55  자이로:0.130,-0.069,0.137
20:20:55  자력계:-40.800,53.700,13.800
20:20:55  IMU방향유효:0
20:20:55  IMU방향:0.0
20:20:55  방향가속도크기:9.74
20:20:55  방향자이로크기:0.20
20:20:55  방향자세cos:0.5798
20:20:55  자기모델잔차:999.00
20:20:55  자기모델반경:0.000
20:20:55  방향채택:0
20:20:55  방향거부:20908
20:20:55  송신:1663
20:20:55  GPS위성:7
20:20:55  GPS_HDOP:1.23
20:20:55  원시위도:37.496456
20:20:55  원시경도:126.957641
20:20:55  GPS채택:737
20:20:55  GPS이상치거부:0
20:20:55  GPS품질거부:1
20:20:55  GPS재기준:0
20:20:55  RSSI원시:-62
20:20:55  RSSI평활:-63.3
20:20:55  RSSI샘플:3244
20:20:55  RSSI경과ms:0
20:20:55  차량수신:1614
20:20:56  시각ms:178106
20:20:56  IMU시각ms:178094
20:20:56  위험:0
20:20:56  GPS유효:1
20:20:56  위도:37.496456
20:20:56  경도:126.957642
20:20:56  속도:0.024
20:20:56  방향:0.0
20:20:56  GPS원시속도:0.021
20:20:56  GPS원시방향유효:1
20:20:56  GPS원시방향:193.1
20:20:56  가속도:-2.638,2.863,9.036
20:20:56  자이로:0.489,0.603,0.725
20:20:56  자력계:-42.450,53.100,13.200
20:20:56  IMU방향유효:0
20:20:56  IMU방향:0.0
20:20:56  방향가속도크기:9.84
20:20:56  방향자이로크기:1.06
20:20:56  방향자세cos:0.5746
20:20:56  자기모델잔차:999.00
20:20:56  자기모델반경:0.000
20:20:56  방향채택:0
20:20:56  방향거부:20931
20:20:56  송신:1665
20:20:56  GPS위성:7
20:20:56  GPS_HDOP:1.23
20:20:56  원시위도:37.496457
20:20:56  원시경도:126.957641
20:20:56  GPS채택:738
20:20:56  GPS이상치거부:0
20:20:56  GPS품질거부:1
20:20:56  GPS재기준:0
20:20:56  RSSI원시:-62
20:20:56  RSSI평활:-62.8
20:20:56  RSSI샘플:3248
20:20:56  RSSI경과ms:5
20:20:56  차량수신:1616
20:20:56  시각ms:178312
20:20:56  IMU시각ms:178300
20:20:56  위험:3
20:20:56  GPS유효:1
20:20:56  위도:37.496456
20:20:56  경도:126.957642
20:20:56  속도:0.032
20:20:56  방향:0.0
20:20:56  GPS원시속도:0.046
20:20:56  GPS원시방향유효:1
20:20:56  GPS원시방향:193.1
20:20:56  가속도:-2.418,3.021,8.839
20:20:56  자이로:11.511,3.427,3.893
20:20:56  자력계:-41.400,56.550,14.400
20:20:56  IMU방향유효:0
20:20:56  IMU방향:0.0
20:20:56  방향가속도크기:9.65
20:20:56  방향자이로크기:12.63
20:20:56  방향자세cos:0.5946
20:20:56  자기모델잔차:999.00
20:20:56  자기모델반경:0.000
20:20:56  방향채택:0
20:20:56  방향거부:20955
20:20:56  송신:1667
20:20:56  GPS위성:7
20:20:56  GPS_HDOP:1.23
20:20:56  원시위도:37.496457
20:20:56  원시경도:126.957641
20:20:56  GPS채택:739
20:20:56  GPS이상치거부:0
20:20:56  GPS품질거부:1
20:20:56  GPS재기준:0
20:20:56  RSSI원시:-62
20:20:56  RSSI평활:-62.9
20:20:56  RSSI샘플:3252
20:20:56  RSSI경과ms:2
20:20:56  차량수신:1618
20:20:56  시각ms:178415
20:20:56  IMU시각ms:178403
20:20:56  위험:3
20:20:56  GPS유효:1
20:20:56  위도:37.496456
20:20:56  경도:126.957642
20:20:56  속도:0.033
20:20:56  방향:0.0
20:20:56  GPS원시속도:0.036
20:20:56  GPS원시방향유효:1
20:20:56  GPS원시방향:193.1
20:20:56  가속도:-0.148,1.767,6.325
20:20:56  자이로:-0.237,1.695,-0.534
20:20:56  자력계:-40.800,55.650,14.250
20:20:56  IMU방향유효:0
20:20:56  IMU방향:0.0
20:20:56  방향가속도크기:6.57
20:20:56  방향자이로크기:1.79
20:20:56  방향자세cos:0.6919
20:20:56  자기모델잔차:999.00
20:20:56  자기모델반경:0.000
20:20:56  방향채택:0
20:20:56  방향거부:20967
20:20:56  송신:1668
20:20:56  GPS위성:7
20:20:56  GPS_HDOP:1.23
20:20:56  원시위도:37.496457
20:20:56  원시경도:126.957640
20:20:56  GPS채택:740
20:20:56  GPS이상치거부:0
20:20:56  GPS품질거부:1
20:20:56  GPS재기준:0
20:20:56  RSSI원시:-62
20:20:56  RSSI평활:-62.5
20:20:56  RSSI샘플:3254
20:20:56  RSSI경과ms:2
20:20:56  차량수신:1619
20:20:56  시각ms:178518
20:20:56  IMU시각ms:178506
20:20:56  위험:3
20:20:56  GPS유효:1
20:20:56  위도:37.496456
20:20:56  경도:126.957642
20:20:56  속도:0.033
20:20:56  방향:0.0
20:20:56  GPS원시속도:0.036
20:20:56  GPS원시방향유효:1
20:20:56  GPS원시방향:193.1
20:20:56  가속도:-2.878,2.801,9.759
20:20:56  자이로:-3.672,-0.496,-1.611
20:20:56  자력계:-41.550,53.700,13.500
20:20:56  IMU방향유효:0
20:20:56  IMU방향:0.0
20:20:56  방향가속도크기:10.55
20:20:56  방향자이로크기:4.04
20:20:56  방향자세cos:0.5630
20:20:56  자기모델잔차:999.00
20:20:56  자기모델반경:0.000
20:20:56  방향채택:0
20:20:56  방향거부:20979
20:20:56  송신:1669
20:20:56  GPS위성:7
20:20:56  GPS_HDOP:1.23
20:20:56  원시위도:37.496457
20:20:56  원시경도:126.957640
20:20:56  GPS채택:740
20:20:56  GPS이상치거부:0
20:20:56  GPS품질거부:1
20:20:56  GPS재기준:0
20:20:56  RSSI원시:-66
20:20:56  RSSI평활:-63.3
20:20:56  RSSI샘플:3256
20:20:56  RSSI경과ms:2
20:20:56  차량수신:1620
20:20:56  시각ms:178724
20:20:56  IMU시각ms:178712
20:20:56  위험:3
20:20:56  GPS유효:1
20:20:56  위도:37.496456
20:20:56  경도:126.957642
20:20:56  속도:0.042
20:20:56  방향:0.0
20:20:56  GPS원시속도:0.057
20:20:56  GPS원시방향유효:1
20:20:56  GPS원시방향:193.1
20:20:56  가속도:-0.752,-1.192,6.000
20:20:56  자이로:-2.305,-3.443,2.962
20:20:56  자력계:-40.950,55.500,13.950
20:20:56  IMU방향유효:0
20:20:56  IMU방향:0.0
20:20:56  방향가속도크기:6.16
20:20:56  방향자이로크기:5.09
20:20:56  방향자세cos:0.7058
20:20:56  자기모델잔차:999.00
20:20:56  자기모델반경:0.000
20:20:56  방향채택:0
20:20:56  방향거부:21003
20:20:56  송신:1671
20:20:56  GPS위성:7
20:20:56  GPS_HDOP:1.23
20:20:56  원시위도:37.496457
20:20:56  원시경도:126.957640
20:20:56  GPS채택:741
20:20:56  GPS이상치거부:0
20:20:56  GPS품질거부:1
20:20:56  GPS재기준:0
20:20:56  RSSI원시:-62
20:20:56  RSSI평활:-63.1
20:20:56  RSSI샘플:3260
20:20:56  RSSI경과ms:4
20:20:56  차량수신:1622
20:20:56  시각ms:178827
20:20:56  IMU시각ms:178815
20:20:56  위험:3
20:20:56  GPS유효:1
20:20:56  위도:37.496456
20:20:56  경도:126.957642
20:20:56  속도:0.049
20:20:56  방향:0.0
20:20:56  GPS원시속도:0.062
20:20:56  GPS원시방향유효:1
20:20:56  GPS원시방향:193.1
20:20:56  가속도:-3.026,2.461,7.987
20:20:56  자이로:-2.817,0.244,-0.527
20:20:56  자력계:-40.950,55.050,13.200
20:20:56  IMU방향유효:0
20:20:56  IMU방향:0.0
20:20:56  방향가속도크기:8.89
20:20:56  방향자이로크기:2.88
20:20:56  방향자세cos:0.5128
20:20:56  자기모델잔차:999.00
20:20:56  자기모델반경:0.000
20:20:56  방향채택:0
20:20:56  방향거부:21015
20:20:56  송신:1672
20:20:56  GPS위성:7
20:20:56  GPS_HDOP:1.23
20:20:56  원시위도:37.496457
20:20:56  원시경도:126.957640
20:20:56  GPS채택:742
20:20:56  GPS이상치거부:0
20:20:56  GPS품질거부:1
20:20:56  GPS재기준:0
20:20:56  RSSI원시:-63
20:20:56  RSSI평활:-62.9
20:20:56  RSSI샘플:3262
20:20:56  RSSI경과ms:5
20:20:56  차량수신:1623
20:20:57  시각ms:178930
20:20:57  IMU시각ms:178918
20:20:57  위험:3
20:20:57  GPS유효:1
20:20:57  위도:37.496456
20:20:57  경도:126.957642
20:20:57  속도:0.049
20:20:57  방향:0.0
20:20:57  GPS원시속도:0.062
20:20:57  GPS원시방향유효:1
20:20:57  GPS원시방향:193.1
20:20:57  가속도:-2.126,2.179,7.930
20:20:57  자이로:-8.420,0.137,0.824
20:20:57  자력계:-41.700,55.500,14.400
20:20:57  IMU방향유효:0
20:20:57  IMU방향:0.0
20:20:57  방향가속도크기:8.49
20:20:57  방향자이로크기:8.46
20:20:57  방향자세cos:0.5771
20:20:57  자기모델잔차:999.00
20:20:57  자기모델반경:0.000
20:20:57  방향채택:0
20:20:57  방향거부:21027
20:20:57  송신:1673
20:20:57  GPS위성:7
20:20:57  GPS_HDOP:1.23
20:20:57  원시위도:37.496457
20:20:57  원시경도:126.957640
20:20:57  GPS채택:742
20:20:57  GPS이상치거부:0
20:20:57  GPS품질거부:1
20:20:57  GPS재기준:0
20:20:57  RSSI원시:-64
20:20:57  RSSI평활:-63.1
20:20:57  RSSI샘플:3264
20:20:57  RSSI경과ms:6
20:20:57  차량수신:1624
20:20:57  시각ms:179136
20:20:57  IMU시각ms:179124
20:20:57  위험:3
20:20:57  GPS유효:1
20:20:57  위도:37.496456
20:20:57  경도:126.957642
20:20:57  속도:0.037
20:20:57  방향:0.0
20:20:57  GPS원시속도:0.015
20:20:57  GPS원시방향유효:1
20:20:57  GPS원시방향:193.1
20:20:57  가속도:-2.040,2.830,8.954
20:20:57  자이로:-1.969,2.405,-1.092
20:20:57  자력계:-41.700,53.550,12.150
20:20:57  IMU방향유효:0
20:20:57  IMU방향:0.0
20:20:57  방향가속도크기:9.61
20:20:57  방향자이로크기:3.29
20:20:57  방향자세cos:0.6174
20:20:57  자기모델잔차:999.00
20:20:57  자기모델반경:0.000
20:20:57  방향채택:0
20:20:57  방향거부:21051
20:20:57  송신:1675
20:20:57  GPS위성:7
20:20:57  GPS_HDOP:1.23
20:20:57  원시위도:37.496457
20:20:57  원시경도:126.957640
20:20:57  GPS채택:743
20:20:57  GPS이상치거부:0
20:20:57  GPS품질거부:1
20:20:57  GPS재기준:0
20:20:57  RSSI원시:-65
20:20:57  RSSI평활:-63.7
20:20:57  RSSI샘플:3268
20:20:57  RSSI경과ms:6
20:20:57  차량수신:1626
20:20:57  시각ms:179239
20:20:57  IMU시각ms:179227
20:20:57  위험:3
20:20:57  GPS유효:1
20:20:57  위도:37.496456
20:20:57  경도:126.957642
20:20:57  속도:0.033
20:20:57  방향:0.0
20:20:57  GPS원시속도:0.026
20:20:57  GPS원시방향유효:1
20:20:57  GPS원시방향:193.1
20:20:57  가속도:-1.824,2.188,8.993
20:20:57  자이로:5.305,5.489,2.534
20:20:57  자력계:-39.450,55.050,14.700
20:20:57  IMU방향유효:0
20:20:57  IMU방향:0.0
20:20:57  방향가속도크기:9.43
20:20:57  방향자이로크기:8.04
20:20:57  방향자세cos:0.6103
20:20:57  자기모델잔차:999.00
20:20:57  자기모델반경:0.000
20:20:57  방향채택:0
20:20:57  방향거부:21063
20:20:57  송신:1676
20:20:57  GPS위성:7
20:20:57  GPS_HDOP:1.23
20:20:57  원시위도:37.496457
20:20:57  원시경도:126.957640
20:20:57  GPS채택:744
20:20:57  GPS이상치거부:0
20:20:57  GPS품질거부:1
20:20:57  GPS재기준:0
20:20:57  RSSI원시:-65
20:20:57  RSSI평활:-64.2
20:20:57  RSSI샘플:3270
20:20:57  RSSI경과ms:2
20:20:57  차량수신:1627
20:20:57  시각ms:179550
20:20:57  IMU시각ms:179538
20:20:57  위험:3
20:20:57  GPS유효:1
20:20:57  위도:37.496456
20:20:57  경도:126.957642
20:20:57  속도:0.023
20:20:57  방향:0.0
20:20:57  GPS원시속도:0.010
20:20:57  GPS원시방향유효:1
20:20:57  GPS원시방향:193.1
20:20:57  가속도:-4.175,3.615,10.175
20:20:57  자이로:-3.198,-5.046,-2.168
20:20:57  자력계:-40.200,55.050,14.400
20:20:57  IMU방향유효:0
20:20:57  IMU방향:0.0
20:20:57  방향가속도크기:11.58
20:20:57  방향자이로크기:6.36
20:20:57  방향자세cos:0.5066
20:20:57  자기모델잔차:999.00
20:20:57  자기모델반경:0.000
20:20:57  방향채택:0
20:20:57  방향거부:21101
20:20:57  송신:1679
20:20:57  GPS위성:7
20:20:57  GPS_HDOP:1.23
20:20:57  원시위도:37.496458
20:20:57  원시경도:126.957640
20:20:57  GPS채택:746
20:20:57  GPS이상치거부:0
20:20:57  GPS품질거부:1
20:20:57  GPS재기준:0
20:20:57  RSSI원시:-64
20:20:57  RSSI평활:-64.1
20:20:57  RSSI샘플:3275
20:20:57  RSSI경과ms:88
20:20:57  차량수신:1630
20:20:57  시각ms:179655
20:20:57  IMU시각ms:179643
20:20:57  위험:3
20:20:57  GPS유효:1
20:20:57  위도:37.496456
20:20:57  경도:126.957642
20:20:57  속도:0.023
20:20:57  방향:0.0
20:20:57  GPS원시속도:0.010
20:20:57  GPS원시방향유효:1
20:20:57  GPS원시방향:193.1
20:20:57  가속도:-5.765,4.731,11.598
20:20:57  자이로:-1.595,3.420,-2.038
20:20:57  자력계:-40.950,54.750,13.950
20:20:57  IMU방향유효:0
20:20:57  IMU방향:0.0
20:20:57  방향가속도크기:13.79
20:20:57  방향자이로크기:4.29
20:20:57  방향자세cos:0.3745
20:20:57  자기모델잔차:999.00
20:20:57  자기모델반경:0.000
20:20:57  방향채택:0
20:20:57  방향거부:21114
20:20:57  송신:1680
20:20:57  GPS위성:7
20:20:57  GPS_HDOP:1.23
20:20:57  원시위도:37.496458
20:20:57  원시경도:126.957640
20:20:57  GPS채택:746
20:20:57  GPS이상치거부:0
20:20:57  GPS품질거부:1
20:20:57  GPS재기준:0
20:20:57  RSSI원시:-64
20:20:57  RSSI평활:-64.1
20:20:57  RSSI샘플:3278
20:20:57  RSSI경과ms:4
20:20:57  차량수신:1631
20:20:57  시각ms:179757
20:20:57  IMU시각ms:179745
20:20:57  위험:3
20:20:57  GPS유효:1
20:20:57  위도:37.496456
20:20:57  경도:126.957642
20:20:57  속도:0.022
20:20:57  방향:0.0
20:20:57  GPS원시속도:0.021
20:20:57  GPS원시방향유효:1
20:20:57  GPS원시방향:193.1
20:20:57  가속도:-2.576,2.811,8.681
20:20:57  자이로:2.038,-5.137,-1.527
20:20:57  자력계:-40.650,55.050,14.400
20:20:57  IMU방향유효:0
20:20:57  IMU방향:0.0
20:20:57  방향가속도크기:9.48
20:20:57  방향자이로크기:5.73
20:20:57  방향자세cos:0.5736
20:20:57  자기모델잔차:999.00
20:20:57  자기모델반경:0.000
20:20:57  방향채택:0
20:20:57  방향거부:21126
20:20:57  송신:1681
20:20:57  GPS위성:7
20:20:57  GPS_HDOP:1.23
20:20:57  원시위도:37.496458
20:20:57  원시경도:126.957640
20:20:57  GPS채택:747
20:20:57  GPS이상치거부:0
20:20:57  GPS품질거부:1
20:20:57  GPS재기준:0
20:20:57  RSSI원시:-64
20:20:57  RSSI평활:-64.0
20:20:57  RSSI샘플:3280
20:20:57  RSSI경과ms:5
20:20:57  차량수신:1632
20:20:58  시각ms:179964
20:20:58  IMU시각ms:179952
20:20:58  위험:3
20:20:58  GPS유효:1
20:20:58  위도:37.496456
20:20:58  경도:126.957642
20:20:58  속도:0.025
20:20:58  방향:0.0
20:20:58  GPS원시속도:0.031
20:20:58  GPS원시방향유효:1
20:20:58  GPS원시방향:193.1
20:20:58  가속도:-4.080,3.266,9.821
20:20:58  자이로:3.412,0.130,2.855
20:20:58  자력계:-41.400,54.300,13.200
20:20:58  IMU방향유효:0
20:20:58  IMU방향:0.0
20:20:58  방향가속도크기:11.12
20:20:58  방향자이로크기:4.45
20:20:58  방향자세cos:0.4960
20:20:58  자기모델잔차:999.00
20:20:58  자기모델반경:0.000
20:20:58  방향채택:0
20:20:58  방향거부:21151
20:20:58  송신:1683
20:20:58  GPS위성:7
20:20:58  GPS_HDOP:1.23
20:20:58  원시위도:37.496458
20:20:58  원시경도:126.957640
20:20:58  GPS채택:748
20:20:58  GPS이상치거부:0
20:20:58  GPS품질거부:1
20:20:58  GPS재기준:0
20:20:58  RSSI원시:-64
20:20:58  RSSI평활:-63.7
20:20:58  RSSI샘플:3283
20:20:58  RSSI경과ms:83
20:20:58  차량수신:1634
20:20:58  시각ms:180172
20:20:58  IMU시각ms:180160
20:20:58  위험:3
20:20:58  GPS유효:1
20:20:58  위도:37.496456
20:20:58  경도:126.957642
20:20:58  속도:0.025
20:20:58  방향:0.0
20:20:58  GPS원시속도:0.026
20:20:58  GPS원시방향유효:1
20:20:58  GPS원시방향:193.1
20:20:58  가속도:-2.868,2.840,7.479
20:20:58  자이로:7.267,-1.542,2.061
20:20:58  자력계:-41.700,55.800,12.600
20:20:58  IMU방향유효:0
20:20:58  IMU방향:0.0
20:20:58  방향가속도크기:8.50
20:20:58  방향자이로크기:7.71
20:20:58  방향자세cos:0.5319
20:20:58  자기모델잔차:999.00
20:20:58  자기모델반경:0.000
20:20:58  방향채택:0
20:20:58  방향거부:21176
20:20:58  송신:1685
20:20:58  GPS위성:7
20:20:58  GPS_HDOP:1.23
20:20:58  원시위도:37.496458
20:20:58  원시경도:126.957640
20:20:58  GPS채택:749
20:20:58  GPS이상치거부:0
20:20:58  GPS품질거부:1
20:20:58  GPS재기준:0
20:20:58  RSSI원시:-63
20:20:58  RSSI평활:-63.0
20:20:58  RSSI샘플:3288
20:20:58  RSSI경과ms:8
20:20:58  차량수신:1636
20:20:58  시각ms:180275
20:20:58  IMU시각ms:180263
20:20:58  위험:3
20:20:58  GPS유효:1
20:20:58  위도:37.496456
20:20:58  경도:126.957642
20:20:58  속도:0.025
20:20:58  방향:0.0
20:20:58  GPS원시속도:0.026
20:20:58  GPS원시방향유효:1
20:20:58  GPS원시방향:193.1
20:20:58  가속도:-1.647,2.495,8.696
20:20:58  자이로:-2.962,0.038,-0.802
20:20:58  자력계:-40.050,55.350,13.800
20:20:58  IMU방향유효:0
20:20:58  IMU방향:0.0
20:20:58  방향가속도크기:9.20
20:20:58  방향자이로크기:3.07
20:20:58  방향자세cos:0.6338
20:20:58  자기모델잔차:999.00
20:20:58  자기모델반경:0.000
20:20:58  방향채택:0
20:20:58  방향거부:21188
20:20:58  송신:1686
20:20:58  GPS위성:7
20:20:58  GPS_HDOP:1.23
20:20:58  원시위도:37.496458
20:20:58  원시경도:126.957640
20:20:58  GPS채택:749
20:20:58  GPS이상치거부:0
20:20:58  GPS품질거부:1
20:20:58  GPS재기준:0
20:20:58  RSSI원시:-63
20:20:58  RSSI평활:-63.0
20:20:58  RSSI샘플:3290
20:20:58  RSSI경과ms:8
20:20:58  차량수신:1637
20:20:58  시각ms:180379
20:20:58  IMU시각ms:180367
20:20:58  위험:3
20:20:58  GPS유효:1
20:20:58  위도:37.496460
20:20:58  경도:126.957642
20:20:58  속도:0.022
20:20:58  방향:0.0
20:20:58  GPS원시속도:0.015
20:20:58  GPS원시방향유효:1
20:20:58  GPS원시방향:193.1
20:20:58  가속도:-2.840,3.122,9.256
20:20:58  자이로:12.893,0.794,3.145
20:20:58  자력계:-41.400,54.000,14.400
20:20:58  IMU방향유효:0
20:20:58  IMU방향:0.0
20:20:58  방향가속도크기:10.17
20:20:58  방향자이로크기:13.29
20:20:58  방향자세cos:0.5710
20:20:58  자기모델잔차:999.00
20:20:58  자기모델반경:0.000
20:20:58  방향채택:0
20:20:58  방향거부:21201
20:20:58  송신:1687
20:20:58  GPS위성:7
20:20:58  GPS_HDOP:1.23
20:20:58  원시위도:37.496459
20:20:58  원시경도:126.957640
20:20:58  GPS채택:750
20:20:58  GPS이상치거부:0
20:20:58  GPS품질거부:1
20:20:58  GPS재기준:0
20:20:58  RSSI원시:-63
20:20:58  RSSI평활:-63.0
20:20:58  RSSI샘플:3292
20:20:58  RSSI경과ms:2
20:20:58  차량수신:1638
20:20:58  시각ms:180482
20:20:58  IMU시각ms:180470
20:20:58  위험:3
20:20:58  GPS유효:1
20:20:58  위도:37.496460
20:20:58  경도:126.957642
20:20:58  속도:0.022
20:20:58  방향:0.0
20:20:58  GPS원시속도:0.015
20:20:58  GPS원시방향유효:1
20:20:58  GPS원시방향:193.1
20:20:58  가속도:-2.078,2.136,7.570
20:20:58  자이로:-4.046,-6.550,0.832
20:20:58  자력계:-40.200,56.250,13.950
20:20:58  IMU방향유효:0
20:20:58  IMU방향:0.0
20:20:58  방향가속도크기:8.14
20:20:58  방향자이로크기:7.74
20:20:58  방향자세cos:0.5752
20:20:58  자기모델잔차:999.00
20:20:58  자기모델반경:0.000
20:20:58  방향채택:0
20:20:58  방향거부:21213
20:20:58  송신:1688
20:20:58  GPS위성:7
20:20:58  GPS_HDOP:1.23
20:20:58  원시위도:37.496459
20:20:58  원시경도:126.957640
20:20:58  GPS채택:750
20:20:58  GPS이상치거부:0
20:20:58  GPS품질거부:1
20:20:58  GPS재기준:0
20:20:58  RSSI원시:-63
20:20:58  RSSI평활:-63.0
20:20:58  RSSI샘플:3293
20:20:58  RSSI경과ms:76
20:20:58  차량수신:1639
20:20:58  시각ms:180690
20:20:58  IMU시각ms:180678
20:20:58  위험:3
20:20:58  GPS유효:1
20:20:58  위도:37.496460
20:20:58  경도:126.957642
20:20:58  속도:0.021
20:20:58  방향:0.0
20:20:58  GPS원시속도:0.021
20:20:58  GPS원시방향유효:1
20:20:58  GPS원시방향:193.1
20:20:58  가속도:-2.940,3.127,9.155
20:20:58  자이로:-9.221,-1.740,-5.099
20:20:58  자력계:-40.200,54.300,15.150
20:20:58  IMU방향유효:0
20:20:58  IMU방향:0.0
20:20:58  방향가속도크기:10.11
20:20:58  방향자이로크기:10.68
20:20:58  방향자세cos:0.5625
20:20:58  자기모델잔차:999.00
20:20:58  자기모델반경:0.000
20:20:58  방향채택:0
20:20:58  방향거부:21238
20:20:58  송신:1690
20:20:58  GPS위성:7
20:20:58  GPS_HDOP:1.23
20:20:58  원시위도:37.496459
20:20:58  원시경도:126.957640
20:20:58  GPS채택:751
20:20:58  GPS이상치거부:0
20:20:58  GPS품질거부:1
20:20:58  GPS재기준:0
20:20:58  RSSI원시:-63
20:20:58  RSSI평활:-62.9
20:20:58  RSSI샘플:3298
20:20:58  RSSI경과ms:1
20:20:58  차량수신:1641
20:20:58  시각ms:180793
20:20:58  IMU시각ms:180781
20:20:58  위험:3
20:20:58  GPS유효:1
20:20:58  위도:37.496460
20:20:58  경도:126.957642
20:20:58  속도:0.021
20:20:58  방향:0.0
20:20:58  GPS원시속도:0.021
20:20:58  GPS원시방향유효:1
20:20:58  GPS원시방향:193.1
20:20:58  가속도:-1.188,2.844,8.303
20:20:58  자이로:-5.740,10.076,-2.374
20:20:58  자력계:-42.450,54.750,12.900
20:20:58  IMU방향유효:0
20:20:58  IMU방향:0.0
20:20:58  방향가속도크기:8.86
20:20:58  방향자이로크기:11.84
20:20:58  방향자세cos:0.6801
20:20:58  자기모델잔차:999.00
20:20:58  자기모델반경:0.000
20:20:58  방향채택:0
20:20:58  방향거부:21250
20:20:58  송신:1691
20:20:58  GPS위성:7
20:20:58  GPS_HDOP:1.23
20:20:58  원시위도:37.496459
20:20:58  원시경도:126.957640
20:20:58  GPS채택:752
20:20:58  GPS이상치거부:0
20:20:58  GPS품질거부:1
20:20:58  GPS재기준:0
20:20:58  RSSI원시:-64
20:20:58  RSSI평활:-63.2
20:20:58  RSSI샘플:3300
20:20:58  RSSI경과ms:2
20:20:58  차량수신:1642
20:20:58  시각ms:180896
20:20:58  IMU시각ms:180884
20:20:58  위험:3
20:20:58  GPS유효:1
20:20:58  위도:37.496460
20:20:58  경도:126.957642
20:20:58  속도:0.021
20:20:58  방향:0.0
20:20:58  GPS원시속도:0.021
20:20:58  GPS원시방향유효:1
20:20:58  GPS원시방향:193.1
20:20:58  가속도:-3.127,3.151,10.587
20:20:58  자이로:1.725,-1.092,-1.092
20:20:58  자력계:-41.400,53.550,12.150
20:20:58  IMU방향유효:0
20:20:58  IMU방향:0.0
20:20:58  방향가속도크기:11.48
20:20:58  방향자이로크기:2.32
20:20:58  방향자세cos:0.5662
20:20:58  자기모델잔차:999.00
20:20:58  자기모델반경:0.000
20:20:58  방향채택:0
20:20:58  방향거부:21262
20:20:58  송신:1692
20:20:58  GPS위성:7
20:20:58  GPS_HDOP:1.23
20:20:58  원시위도:37.496459
20:20:58  원시경도:126.957640
20:20:58  GPS채택:752
20:20:58  GPS이상치거부:0
20:20:58  GPS품질거부:1
20:20:58  GPS재기준:0
20:20:58  RSSI원시:-63
20:20:58  RSSI평활:-63.1
20:20:58  RSSI샘플:3302
20:20:58  RSSI경과ms:7
20:20:58  차량수신:1643
20:20:59  시각ms:180999
20:20:59  IMU시각ms:180987
20:20:59  위험:3
20:20:59  GPS유효:1
20:20:59  위도:37.496460
20:20:59  경도:126.957642
20:20:59  속도:0.019
20:20:59  방향:0.0
20:20:59  GPS원시속도:0.015
20:20:59  GPS원시방향유효:1
20:20:59  GPS원시방향:193.1
20:20:59  가속도:-2.452,2.409,9.261
20:20:59  자이로:-1.420,-0.794,-0.275
20:20:59  자력계:-41.400,56.250,13.650
20:20:59  IMU방향유효:0
20:20:59  IMU방향:0.0
20:20:59  방향가속도크기:9.88
20:20:59  방향자이로크기:1.65
20:20:59  방향자세cos:0.5744
20:20:59  자기모델잔차:999.00
20:20:59  자기모델반경:0.000
20:20:59  방향채택:0
20:20:59  방향거부:21274
20:20:59  송신:1693
20:20:59  GPS위성:7
20:20:59  GPS_HDOP:1.23
20:20:59  원시위도:37.496459
20:20:59  원시경도:126.957640
20:20:59  GPS채택:753
20:20:59  GPS이상치거부:0
20:20:59  GPS품질거부:1
20:20:59  GPS재기준:0
20:20:59  RSSI원시:-64
20:20:59  RSSI평활:-63.3
20:20:59  RSSI샘플:3304
20:20:59  RSSI경과ms:4
20:20:59  차량수신:1644
20:20:59  시각ms:181102
20:20:59  IMU시각ms:181090
20:20:59  위험:3
20:20:59  GPS유효:1
20:20:59  위도:37.496460
20:20:59  경도:126.957642
20:20:59  속도:0.019
20:20:59  방향:0.0
20:20:59  GPS원시속도:0.015
20:20:59  GPS원시방향유효:1
20:20:59  GPS원시방향:193.1
20:20:59  가속도:-3.031,3.165,9.567
20:20:59  자이로:-0.069,-13.168,6.458
20:20:59  자력계:-41.700,54.750,12.900
20:20:59  IMU방향유효:0
20:20:59  IMU방향:0.0
20:20:59  방향가속도크기:10.52
20:20:59  방향자이로크기:14.67
20:20:59  방향자세cos:0.5622
20:20:59  자기모델잔차:999.00
20:20:59  자기모델반경:0.000
20:20:59  방향채택:0
20:20:59  방향거부:21286
20:20:59  송신:1694
20:20:59  GPS위성:7
20:20:59  GPS_HDOP:1.23
20:20:59  원시위도:37.496459
20:20:59  원시경도:126.957640
20:20:59  GPS채택:753
20:20:59  GPS이상치거부:0
20:20:59  GPS품질거부:1
20:20:59  GPS재기준:0
20:20:59  RSSI원시:-64
20:20:59  RSSI평활:-63.5
20:20:59  RSSI샘플:3306
20:20:59  RSSI경과ms:2
20:20:59  차량수신:1645
20:20:59  시각ms:181205
20:20:59  IMU시각ms:181193
20:20:59  위험:3
20:20:59  GPS유효:1
20:20:59  위도:37.496460
20:20:59  경도:126.957642
20:20:59  속도:0.023
20:20:59  방향:0.0
20:20:59  GPS원시속도:0.031
20:20:59  GPS원시방향유효:1
20:20:59  GPS원시방향:193.1
20:20:59  가속도:-2.385,2.480,8.859
20:20:59  자이로:-2.374,1.473,0.702
20:20:59  자력계:-41.550,53.700,13.500
20:20:59  IMU방향유효:0
20:20:59  IMU방향:0.0
20:20:59  방향가속도크기:9.50
20:20:59  방향자이로크기:2.88
20:20:59  방향자세cos:0.5782
20:20:59  자기모델잔차:999.00
20:20:59  자기모델반경:0.000
20:20:59  방향채택:0
20:20:59  방향거부:21298
20:20:59  송신:1695
20:20:59  GPS위성:7
20:20:59  GPS_HDOP:1.23
20:20:59  원시위도:37.496459
20:20:59  원시경도:126.957639
20:20:59  GPS채택:754
20:20:59  GPS이상치거부:0
20:20:59  GPS품질거부:1
20:20:59  GPS재기준:0
20:20:59  RSSI원시:-64
20:20:59  RSSI평활:-63.6
20:20:59  RSSI샘플:3307
20:20:59  RSSI경과ms:60
20:20:59  차량수신:1646
20:20:59  시각ms:181310
20:20:59  IMU시각ms:181298
20:20:59  위험:3
20:20:59  GPS유효:1
20:20:59  위도:37.496460
20:20:59  경도:126.957642
20:20:59  속도:0.023
20:20:59  방향:0.0
20:20:59  GPS원시속도:0.031
20:20:59  GPS원시방향유효:1
20:20:59  GPS원시방향:193.1
20:20:59  가속도:-2.112,3.060,8.648
20:20:59  자이로:6.221,1.023,1.985
20:20:59  자력계:-41.400,55.500,13.200
20:20:59  IMU방향유효:0
20:20:59  IMU방향:0.0
20:20:59  방향가속도크기:9.41
20:20:59  방향자이로크기:6.61
20:20:59  방향자세cos:0.6177
20:20:59  자기모델잔차:999.00
20:20:59  자기모델반경:0.000
20:20:59  방향채택:0
20:20:59  방향거부:21311
20:20:59  송신:1696
20:20:59  GPS위성:7
20:20:59  GPS_HDOP:1.23
20:20:59  원시위도:37.496459
20:20:59  원시경도:126.957639
20:20:59  GPS채택:754
20:20:59  GPS이상치거부:0
20:20:59  GPS품질거부:1
20:20:59  GPS재기준:0
20:20:59  RSSI원시:-63
20:20:59  RSSI평활:-63.6
20:20:59  RSSI샘플:3310
20:20:59  RSSI경과ms:5
20:20:59  차량수신:1647
20:20:59  시각ms:181413
20:20:59  IMU시각ms:181401
20:20:59  위험:3
20:20:59  GPS유효:1
20:20:59  위도:37.496460
20:20:59  경도:126.957642
20:20:59  속도:0.024
20:20:59  방향:0.0
20:20:59  GPS원시속도:0.026
20:20:59  GPS원시방향유효:1
20:20:59  GPS원시방향:193.1
20:20:59  가속도:1.068,-1.690,4.908
20:20:59  자이로:4.282,-8.412,-0.412
20:20:59  자력계:-40.950,53.100,12.900
20:20:59  IMU방향유효:0
20:20:59  IMU방향:0.0
20:20:59  방향가속도크기:5.30
20:20:59  방향자이로크기:9.45
20:20:59  방향자세cos:0.6383
20:20:59  자기모델잔차:999.00
20:20:59  자기모델반경:0.000
20:20:59  방향채택:0
20:20:59  방향거부:21323
20:20:59  송신:1697
20:20:59  GPS위성:7
20:20:59  GPS_HDOP:1.23
20:20:59  원시위도:37.496460
20:20:59  원시경도:126.957639
20:20:59  GPS채택:755
20:20:59  GPS이상치거부:0
20:20:59  GPS품질거부:1
20:20:59  GPS재기준:0
20:20:59  RSSI원시:-65
20:20:59  RSSI평활:-63.9
20:20:59  RSSI샘플:3312
20:20:59  RSSI경과ms:3
20:20:59  차량수신:1648
20:20:59  시각ms:181516
20:20:59  IMU시각ms:181504
20:20:59  위험:3
20:20:59  GPS유효:1
20:20:59  위도:37.496460
20:20:59  경도:126.957642
20:20:59  속도:0.024
20:20:59  방향:0.0
20:20:59  GPS원시속도:0.026
20:20:59  GPS원시방향유효:1
20:20:59  GPS원시방향:193.1
20:20:59  가속도:-2.236,2.308,8.677
20:20:59  자이로:-3.168,-0.260,1.130
20:20:59  자력계:-42.000,54.150,13.050
20:20:59  IMU방향유효:0
20:20:59  IMU방향:0.0
20:20:59  방향가속도크기:9.25
20:20:59  방향자이로크기:3.37
20:20:59  방향자세cos:0.5812
20:20:59  자기모델잔차:999.00
20:20:59  자기모델반경:0.000
20:20:59  방향채택:0
20:20:59  방향거부:21335
20:20:59  송신:1698
20:20:59  GPS위성:7
20:20:59  GPS_HDOP:1.23
20:20:59  원시위도:37.496460
20:20:59  원시경도:126.957639
20:20:59  GPS채택:755
20:20:59  GPS이상치거부:0
20:20:59  GPS품질거부:1
20:20:59  GPS재기준:0
20:20:59  RSSI원시:-64
20:20:59  RSSI평활:-64.1
20:20:59  RSSI샘플:3314
20:20:59  RSSI경과ms:1
20:20:59  차량수신:1649
20:20:59  시각ms:181621
20:20:59  IMU시각ms:181609
20:20:59  위험:3
20:20:59  GPS유효:1
20:20:59  위도:37.496460
20:20:59  경도:126.957642
20:20:59  속도:0.019
20:20:59  방향:0.0
20:20:59  GPS원시속도:0.010
20:20:59  GPS원시방향유효:1
20:20:59  GPS원시방향:193.1
20:20:59  가속도:-2.332,2.145,7.072
20:20:59  자이로:-7.420,-2.260,-2.519
20:20:59  자력계:-40.500,55.350,12.750
20:20:59  IMU방향유효:0
20:20:59  IMU방향:0.0
20:20:59  방향가속도크기:7.75
20:20:59  방향자이로크기:8.16
20:20:59  방향자세cos:0.5447
20:20:59  자기모델잔차:999.00
20:20:59  자기모델반경:0.000
20:20:59  방향채택:0
20:20:59  방향거부:21348
20:20:59  송신:1699
20:20:59  GPS위성:7
20:20:59  GPS_HDOP:1.23
20:20:59  원시위도:37.496460
20:20:59  원시경도:126.957639
20:20:59  GPS채택:756
20:20:59  GPS이상치거부:0
20:20:59  GPS품질거부:1
20:20:59  GPS재기준:0
20:20:59  RSSI원시:-64
20:20:59  RSSI평활:-64.1
20:20:59  RSSI샘플:3316
20:20:59  RSSI경과ms:7
20:20:59  차량수신:1650
20:20:59  시각ms:181724
20:20:59  IMU시각ms:181712
20:20:59  위험:3
20:20:59  GPS유효:1
20:20:59  위도:37.496460
20:20:59  경도:126.957642
20:20:59  속도:0.019
20:20:59  방향:0.0
20:20:59  GPS원시속도:0.010
20:20:59  GPS원시방향유효:1
20:20:59  GPS원시방향:193.1
20:20:59  가속도:-4.046,3.390,10.271
20:20:59  자이로:-9.611,16.901,-7.191
20:20:59  자력계:-40.800,55.350,13.800
20:20:59  IMU방향유효:0
20:20:59  IMU방향:0.0
20:20:59  방향가속도크기:11.55
20:20:59  방향자이로크기:20.73
20:20:59  방향자세cos:0.5097
20:20:59  자기모델잔차:999.00
20:20:59  자기모델반경:0.000
20:20:59  방향채택:0
20:20:59  방향거부:21360
20:20:59  송신:1700
20:20:59  GPS위성:7
20:20:59  GPS_HDOP:1.23
20:20:59  원시위도:37.496460
20:20:59  원시경도:126.957639
20:20:59  GPS채택:756
20:20:59  GPS이상치거부:0
20:20:59  GPS품질거부:1
20:20:59  GPS재기준:0
20:20:59  RSSI원시:-64
20:20:59  RSSI평활:-64.1
20:20:59  RSSI샘플:3318
20:20:59  RSSI경과ms:2
20:20:59  차량수신:1651
20:20:59  시각ms:181827
20:20:59  IMU시각ms:181815
20:20:59  위험:3
20:20:59  GPS유효:1
20:20:59  위도:37.496460
20:20:59  경도:126.957642
20:20:59  속도:0.027
20:20:59  방향:0.0
20:20:59  GPS원시속도:0.041
20:20:59  GPS원시방향유효:1
20:20:59  GPS원시방향:193.1
20:20:59  가속도:-2.069,2.978,9.735
20:20:59  자이로:-3.275,1.412,0.008
20:20:59  자력계:-41.550,53.700,13.500
20:20:59  IMU방향유효:0
20:20:59  IMU방향:0.0
20:20:59  방향가속도크기:10.39
20:20:59  방향자이로크기:3.57
20:20:59  방향자세cos:0.6245
20:20:59  자기모델잔차:999.00
20:20:59  자기모델반경:0.000
20:20:59  방향채택:0
20:20:59  방향거부:21372
20:20:59  송신:1701
20:20:59  GPS위성:7
20:20:59  GPS_HDOP:1.23
20:20:59  원시위도:37.496461
20:20:59  원시경도:126.957639
20:20:59  GPS채택:757
20:20:59  GPS이상치거부:0
20:20:59  GPS품질거부:1
20:20:59  GPS재기준:0
20:20:59  RSSI원시:-64
20:20:59  RSSI평활:-64.0
20:20:59  RSSI샘플:3320
20:20:59  RSSI경과ms:1
20:20:59  차량수신:1652
20:20:59  시각ms:181930
20:20:59  IMU시각ms:181918
20:20:59  위험:3
20:20:59  GPS유효:1
20:20:59  위도:37.496460
20:20:59  경도:126.957642
20:20:59  속도:0.027
20:20:59  방향:0.0
20:20:59  GPS원시속도:0.041
20:20:59  GPS원시방향유효:1
20:20:59  GPS원시방향:193.1
20:20:59  가속도:-2.691,2.897,9.711
20:20:59  자이로:-6.695,-3.771,-0.756
20:20:59  자력계:-40.650,54.300,15.150
20:20:59  IMU방향유효:0
20:20:59  IMU방향:0.0
20:20:59  방향가속도크기:10.49
20:20:59  방향자이로크기:7.72
20:20:59  방향자세cos:0.5788
20:20:59  자기모델잔차:999.00
20:20:59  자기모델반경:0.000
20:20:59  방향채택:0
20:20:59  방향거부:21384
20:20:59  송신:1702
20:20:59  GPS위성:7
20:20:59  GPS_HDOP:1.23
20:20:59  원시위도:37.496461
20:20:59  원시경도:126.957639
20:20:59  GPS채택:757
20:20:59  GPS이상치거부:0
20:20:59  GPS품질거부:1
20:20:59  GPS재기준:0
20:20:59  RSSI원시:-64
20:20:59  RSSI평활:-64.0
20:20:59  RSSI샘플:3322
20:20:59  RSSI경과ms:0
20:20:59  차량수신:1653
20:21:00  시각ms:182033
20:21:00  IMU시각ms:182021
20:21:00  위험:3
20:21:00  GPS유효:1
20:21:00  위도:37.496460
20:21:00  경도:126.957642
20:21:00  속도:0.019
20:21:00  방향:0.0
20:21:00  GPS원시속도:0.005
20:21:00  GPS원시방향유효:1
20:21:00  GPS원시방향:193.1
20:21:00  가속도:1.221,-1.776,5.521
20:21:00  자이로:7.885,-15.466,2.611
20:21:00  자력계:-42.000,52.950,14.850
20:21:00  IMU방향유효:0
20:21:00  IMU방향:0.0
20:21:00  방향가속도크기:5.93
20:21:00  방향자이로크기:17.56
20:21:00  방향자세cos:0.4286
20:21:00  자기모델잔차:999.00
20:21:00  자기모델반경:0.000
20:21:00  방향채택:0
20:21:00  방향거부:21396
20:21:00  송신:1703
20:21:00  GPS위성:7
20:21:00  GPS_HDOP:1.23
20:21:00  원시위도:37.496461
20:21:00  원시경도:126.957639
20:21:00  GPS채택:758
20:21:00  GPS이상치거부:0
20:21:00  GPS품질거부:1
20:21:00  GPS재기준:0
20:21:00  RSSI원시:-64
20:21:00  RSSI평활:-64.0
20:21:00  RSSI샘플:3323
20:21:00  RSSI경과ms:80
20:21:00  차량수신:1654
