17:07:45  시각ms:227671
17:07:45  IMU시각ms:227671
17:07:45  부팅횟수:378
17:07:45  리셋원인:POWER_ON
17:07:45  GPS복구횟수:0
17:07:45  마지막GPS복구ms:0
17:07:45  위험:0
17:07:45  차량위험:0
17:07:45  차량위험경과ms:-1
17:07:45  RSU위험:0
17:07:45  RSU위험경과ms:-1
17:07:45  GPS유효:1
17:07:45  위도:37.496323
17:07:45  경도:126.955856
17:07:45  속도:0.197
17:07:45  방향:0.0
17:07:45  GPS원시속도:0.190
17:07:45  GPS원시방향유효:1
17:07:45  GPS원시방향:308.3
17:07:45  가속도:6.713,7.029,-0.546
17:07:45  자이로:-0.817,-2.008,-1.557
17:07:45  자력계:-49.650,43.950,-51.000
17:07:45  IMU방향유효:0
17:07:45  IMU방향:0.0
17:07:45  방향가속도크기:9.74
17:07:45  방향자이로크기:2.67
17:07:45  방향자세cos:0.7330
17:07:45  자기모델잔차:23.48
17:07:45  자기모델반경:1.528
17:07:45  방향채택:0
17:07:45  방향거부:25284
17:07:45  송신:2123
17:07:45  GPS위성:6
17:07:45  GPS_HDOP:1.23
17:07:45  원시위도:37.496323
17:07:45  원시경도:126.955859
17:07:45  GPS채택:819
17:07:45  GPS이상치거부:0
17:07:45  GPS품질거부:4
17:07:45  GPS재기준:0
17:07:45  RSSI원시:-65
17:07:45  RSSI평활:-63.6
17:07:45  RSSI샘플:3066
17:07:45  RSSI경과ms:21
17:07:45  차량수신:2014
17:07:45  UWB유효:1
17:07:45  UWB보정:1
17:07:45  UWB원시거리:5.010
17:07:45  UWB보정거리:5.250
17:07:45  UWB접근속도:-0.008
17:07:45  UWB오프셋:0.234
17:07:45  UWB경과ms:21
17:07:45  UWB수신:1052
17:07:45  시각ms:227694
17:07:45  IMU시각ms:227694
17:07:45  부팅횟수:378
17:07:45  리셋원인:POWER_ON
17:07:45  GPS복구횟수:0
17:07:45  마지막GPS복구ms:0
17:07:45  위험:0
17:07:45  차량위험:0
17:07:45  차량위험경과ms:-1
17:07:45  RSU위험:0
17:07:45  RSU위험경과ms:-1
17:07:45  GPS유효:1
17:07:45  위도:37.496323
17:07:45  경도:126.955856
17:07:45  속도:0.197
17:07:45  방향:0.0
17:07:45  GPS원시속도:0.190
17:07:45  GPS원시방향유효:1
17:07:45  GPS원시방향:308.3
17:07:45  가속도:6.632,7.020,-0.503
17:07:45  자이로:-1.794,-1.328,-1.885
17:07:45  자력계:-49.650,43.950,-51.300
17:07:45  IMU방향유효:0
17:07:45  IMU방향:0.0
17:07:45  방향가속도크기:9.67
17:07:45  방향자이로크기:2.92
17:07:45  방향자세cos:0.7353
17:07:45  자기모델잔차:23.48
17:07:45  자기모델반경:1.528
17:07:45  방향채택:0
17:07:45  방향거부:25287
17:07:45  송신:2123
17:07:45  GPS위성:6
17:07:45  GPS_HDOP:1.23
17:07:45  원시위도:37.496323
17:07:45  원시경도:126.955859
17:07:45  GPS채택:819
17:07:45  GPS이상치거부:0
17:07:45  GPS품질거부:4
17:07:45  GPS재기준:0
17:07:45  RSSI원시:-65
17:07:45  RSSI평활:-63.6
17:07:45  RSSI샘플:3066
17:07:45  RSSI경과ms:44
17:07:45  차량수신:2014
17:07:45  UWB유효:1
17:07:45  UWB보정:1
17:07:45  UWB원시거리:5.010
17:07:45  UWB보정거리:5.250
17:07:45  UWB접근속도:-0.008
17:07:45  UWB오프셋:0.234
17:07:45  UWB경과ms:44
17:07:45  UWB수신:1052
17:07:45  시각ms:227717
17:07:45  IMU시각ms:227717
17:07:45  부팅횟수:378
17:07:45  리셋원인:POWER_ON
17:07:45  GPS복구횟수:0
17:07:45  마지막GPS복구ms:0
17:07:45  위험:0
17:07:45  차량위험:0
17:07:45  차량위험경과ms:-1
17:07:45  RSU위험:0
17:07:45  RSU위험경과ms:-1
17:07:45  GPS유효:1
17:07:45  위도:37.496323
17:07:45  경도:126.955856
17:07:45  속도:0.197
17:07:45  방향:0.0
17:07:45  GPS원시속도:0.190
17:07:45  GPS원시방향유효:1
17:07:45  GPS원시방향:308.3
17:07:45  가속도:6.756,7.053,-0.436
17:07:45  자이로:0.382,0.275,-1.992
17:07:45  자력계:-48.450,45.150,-51.600
17:07:45  IMU방향유효:0
17:07:45  IMU방향:0.0
17:07:45  방향가속도크기:9.78
17:07:45  방향자이로크기:2.05
17:07:45  방향자세cos:0.7408
17:07:45  자기모델잔차:23.48
17:07:45  자기모델반경:1.528
17:07:45  방향채택:0
17:07:45  방향거부:25290
17:07:45  송신:2123
17:07:45  GPS위성:6
17:07:45  GPS_HDOP:1.23
17:07:45  원시위도:37.496323
17:07:45  원시경도:126.955859
17:07:45  GPS채택:819
17:07:45  GPS이상치거부:0
17:07:45  GPS품질거부:4
17:07:45  GPS재기준:0
17:07:45  RSSI원시:-65
17:07:45  RSSI평활:-63.6
17:07:45  RSSI샘플:3066
17:07:45  RSSI경과ms:67
17:07:45  차량수신:2014
17:07:45  UWB유효:1
17:07:45  UWB보정:1
17:07:45  UWB원시거리:5.010
17:07:45  UWB보정거리:5.250
17:07:45  UWB접근속도:-0.008
17:07:45  UWB오프셋:0.234
17:07:45  UWB경과ms:67
17:07:45  UWB수신:1052
17:07:45  시각ms:227753
17:07:45  IMU시각ms:227753
17:07:45  부팅횟수:378
17:07:45  리셋원인:POWER_ON
17:07:45  GPS복구횟수:0
17:07:45  마지막GPS복구ms:0
17:07:45  위험:0
17:07:45  차량위험:0
17:07:45  차량위험경과ms:-1
17:07:45  RSU위험:0
17:07:45  RSU위험경과ms:-1
17:07:45  GPS유효:1
17:07:45  위도:37.496323
17:07:45  경도:126.955856
17:07:45  속도:0.197
17:07:45  방향:0.0
17:07:45  GPS원시속도:0.190
17:07:45  GPS원시방향유효:1
17:07:45  GPS원시방향:308.3
17:07:45  가속도:6.780,7.072,-0.412
17:07:45  자이로:-3.412,-1.053,-1.260
17:07:45  자력계:-48.150,44.250,-52.050
17:07:45  IMU방향유효:0
17:07:45  IMU방향:0.0
17:07:45  방향가속도크기:9.81
17:07:45  방향자이로크기:3.79
17:07:45  방향자세cos:0.7426
17:07:45  자기모델잔차:23.48
17:07:45  자기모델반경:1.528
17:07:45  방향채택:0
17:07:45  방향거부:25293
17:07:45  송신:2124
17:07:45  GPS위성:6
17:07:45  GPS_HDOP:1.23
17:07:45  원시위도:37.496323
17:07:45  원시경도:126.955859
17:07:45  GPS채택:819
17:07:45  GPS이상치거부:0
17:07:45  GPS품질거부:4
17:07:45  GPS재기준:0
17:07:45  RSSI원시:-64
17:07:45  RSSI평활:-63.7
17:07:45  RSSI샘플:3067
17:07:45  RSSI경과ms:16
17:07:45  차량수신:2015
17:07:45  UWB유효:1
17:07:45  UWB보정:1
17:07:45  UWB원시거리:5.010
17:07:45  UWB보정거리:5.250
17:07:45  UWB접근속도:-0.008
17:07:45  UWB오프셋:0.234
17:07:45  UWB경과ms:103
17:07:45  UWB수신:1052
17:07:45  시각ms:227776
17:07:45  IMU시각ms:227776
17:07:45  부팅횟수:378
17:07:45  리셋원인:POWER_ON
17:07:45  GPS복구횟수:0
17:07:45  마지막GPS복구ms:0
17:07:45  위험:0
17:07:45  차량위험:0
17:07:45  차량위험경과ms:-1
17:07:45  RSU위험:0
17:07:45  RSU위험경과ms:-1
17:07:45  GPS유효:1
17:07:45  위도:37.496323
17:07:45  경도:126.955856
17:07:45  속도:0.213
17:07:45  방향:0.0
17:07:45  GPS원시속도:0.242
17:07:45  GPS원시방향유효:1
17:07:45  GPS원시방향:308.3
17:07:45  가속도:6.608,7.020,-0.359
17:07:45  자이로:-0.893,-3.053,-0.023
17:07:45  자력계:-49.800,44.100,-51.150
17:07:45  IMU방향유효:0
17:07:45  IMU방향:0.0
17:07:45  방향가속도크기:9.65
17:07:45  방향자이로크기:3.18
17:07:45  방향자세cos:0.7451
17:07:45  자기모델잔차:23.48
17:07:45  자기모델반경:1.528
17:07:45  방향채택:0
17:07:45  방향거부:25296
17:07:45  송신:2124
17:07:45  GPS위성:6
17:07:45  GPS_HDOP:1.23
17:07:45  원시위도:37.496324
17:07:45  원시경도:126.955859
17:07:45  GPS채택:820
17:07:45  GPS이상치거부:0
17:07:45  GPS품질거부:4
17:07:45  GPS재기준:0
17:07:45  RSSI원시:-64
17:07:45  RSSI평활:-63.7
17:07:45  RSSI샘플:3067
17:07:45  RSSI경과ms:39
17:07:45  차량수신:2015
17:07:45  UWB유효:1
17:07:45  UWB보정:1
17:07:45  UWB원시거리:5.010
17:07:45  UWB보정거리:5.250
17:07:45  UWB접근속도:-0.008
17:07:45  UWB오프셋:0.234
17:07:45  UWB경과ms:126
17:07:45  UWB수신:1052
17:07:45  시각ms:227799
17:07:45  IMU시각ms:227799
17:07:45  부팅횟수:378
17:07:45  리셋원인:POWER_ON
17:07:45  GPS복구횟수:0
17:07:45  마지막GPS복구ms:0
17:07:45  위험:0
17:07:45  차량위험:0
17:07:45  차량위험경과ms:-1
17:07:45  RSU위험:0
17:07:45  RSU위험경과ms:-1
17:07:45  GPS유효:1
17:07:45  위도:37.496323
17:07:45  경도:126.955856
17:07:45  속도:0.213
17:07:45  방향:0.0
17:07:45  GPS원시속도:0.242
17:07:45  GPS원시방향유효:1
17:07:45  GPS원시방향:308.3
17:07:45  가속도:6.627,7.082,-0.441
17:07:45  자이로:-3.069,0.382,0.481
17:07:45  자력계:-48.750,44.850,-51.900
17:07:45  IMU방향유효:0
17:07:45  IMU방향:0.0
17:07:45  방향가속도크기:9.71
17:07:45  방향자이로크기:3.13
17:07:45  방향자세cos:0.7394
17:07:45  자기모델잔차:23.48
17:07:45  자기모델반경:1.528
17:07:45  방향채택:0
17:07:45  방향거부:25299
17:07:45  송신:2124
17:07:45  GPS위성:6
17:07:45  GPS_HDOP:1.23
17:07:45  원시위도:37.496324
17:07:45  원시경도:126.955859
17:07:45  GPS채택:820
17:07:45  GPS이상치거부:0
17:07:45  GPS품질거부:4
17:07:45  GPS재기준:0
17:07:45  RSSI원시:-64
17:07:45  RSSI평활:-63.7
17:07:45  RSSI샘플:3067
17:07:45  RSSI경과ms:62
17:07:45  차량수신:2015
17:07:45  UWB유효:1
17:07:45  UWB보정:1
17:07:45  UWB원시거리:5.010
17:07:45  UWB보정거리:5.250
17:07:45  UWB접근속도:-0.008
17:07:45  UWB오프셋:0.234
17:07:45  UWB경과ms:149
17:07:45  UWB수신:1052
17:07:45  시각ms:227822
17:07:45  IMU시각ms:227822
17:07:45  부팅횟수:378
17:07:45  리셋원인:POWER_ON
17:07:45  GPS복구횟수:0
17:07:45  마지막GPS복구ms:0
17:07:45  위험:0
17:07:45  차량위험:0
17:07:45  차량위험경과ms:-1
17:07:45  RSU위험:0
17:07:45  RSU위험경과ms:-1
17:07:45  GPS유효:1
17:07:45  위도:37.496323
17:07:45  경도:126.955856
17:07:45  속도:0.213
17:07:45  방향:0.0
17:07:45  GPS원시속도:0.242
17:07:45  GPS원시방향유효:1
17:07:45  GPS원시방향:308.3
17:07:45  가속도:6.680,7.044,-0.450
17:07:45  자이로:-2.160,0.840,0.221
17:07:45  자력계:-48.450,42.450,-51.300
17:07:45  IMU방향유효:0
17:07:45  IMU방향:0.0
17:07:45  방향가속도크기:9.72
17:07:45  방향자이로크기:2.33
17:07:45  방향자세cos:0.7393
17:07:45  자기모델잔차:23.48
17:07:45  자기모델반경:1.528
17:07:45  방향채택:0
17:07:45  방향거부:25302
17:07:45  송신:2124
17:07:45  GPS위성:6
17:07:45  GPS_HDOP:1.23
17:07:45  원시위도:37.496324
17:07:45  원시경도:126.955859
17:07:45  GPS채택:820
17:07:45  GPS이상치거부:0
17:07:45  GPS품질거부:4
17:07:45  GPS재기준:0
17:07:45  RSSI원시:-64
17:07:45  RSSI평활:-63.7
17:07:45  RSSI샘플:3067
17:07:45  RSSI경과ms:85
17:07:45  차량수신:2015
17:07:45  UWB유효:1
17:07:45  UWB보정:1
17:07:45  UWB원시거리:5.010
17:07:45  UWB보정거리:5.250
17:07:45  UWB접근속도:-0.008
17:07:45  UWB오프셋:0.234
17:07:45  UWB경과ms:172
17:07:45  UWB수신:1052
17:07:45  시각ms:227857
17:07:45  IMU시각ms:227857
17:07:45  부팅횟수:378
17:07:45  리셋원인:POWER_ON
17:07:45  GPS복구횟수:0
17:07:45  마지막GPS복구ms:0
17:07:45  위험:0
17:07:45  차량위험:0
17:07:45  차량위험경과ms:-1
17:07:45  RSU위험:0
17:07:45  RSU위험경과ms:-1
17:07:45  GPS유효:1
17:07:45  위도:37.496323
17:07:45  경도:126.955856
17:07:45  속도:0.213
17:07:45  방향:0.0
17:07:45  GPS원시속도:0.242
17:07:45  GPS원시방향유효:1
17:07:45  GPS원시방향:308.3
17:07:45  가속도:6.646,6.962,-0.407
17:07:45  자이로:0.153,-0.885,-2.656
17:07:45  자력계:-48.750,46.050,-50.700
17:07:45  IMU방향유효:0
17:07:45  IMU방향:0.0
17:07:45  방향가속도크기:9.63
17:07:45  방향자이로크기:2.80
17:07:45  방향자세cos:0.7423
17:07:45  자기모델잔차:23.48
17:07:45  자기모델반경:1.528
17:07:45  방향채택:0
17:07:45  방향거부:25305
17:07:45  송신:2125
17:07:45  GPS위성:6
17:07:45  GPS_HDOP:1.23
17:07:45  원시위도:37.496324
17:07:45  원시경도:126.955859
17:07:45  GPS채택:820
17:07:45  GPS이상치거부:0
17:07:45  GPS품질거부:4
17:07:45  GPS재기준:0
17:07:45  RSSI원시:-65
17:07:45  RSSI평활:-64.0
17:07:45  RSSI샘플:3068
17:07:45  RSSI경과ms:13
17:07:45  차량수신:2016
17:07:45  UWB유효:1
17:07:45  UWB보정:1
17:07:45  UWB원시거리:5.010
17:07:45  UWB보정거리:5.250
17:07:45  UWB접근속도:-0.008
17:07:45  UWB오프셋:0.234
17:07:45  UWB경과ms:207
17:07:45  UWB수신:1052
17:07:45  시각ms:227880
17:07:45  IMU시각ms:227880
17:07:45  부팅횟수:378
17:07:45  리셋원인:POWER_ON
17:07:45  GPS복구횟수:0
17:07:45  마지막GPS복구ms:0
17:07:45  위험:0
17:07:45  차량위험:0
17:07:45  차량위험경과ms:-1
17:07:45  RSU위험:0
17:07:45  RSU위험경과ms:-1
17:07:45  GPS유효:1
17:07:45  위도:37.496323
17:07:45  경도:126.955856
17:07:45  속도:0.213
17:07:45  방향:0.0
17:07:45  GPS원시속도:0.242
17:07:45  GPS원시방향유효:1
17:07:45  GPS원시방향:308.3
17:07:45  가속도:6.632,7.092,-0.393
17:07:45  자이로:-1.359,-1.298,0.008
17:07:45  자력계:-49.500,44.850,-52.650
17:07:45  IMU방향유효:0
17:07:45  IMU방향:0.0
17:07:45  방향가속도크기:9.72
17:07:45  방향자이로크기:1.88
17:07:45  방향자세cos:0.7427
17:07:45  자기모델잔차:23.48
17:07:45  자기모델반경:1.528
17:07:45  방향채택:0
17:07:45  방향거부:25308
17:07:45  송신:2125
17:07:45  GPS위성:6
17:07:45  GPS_HDOP:1.23
17:07:45  원시위도:37.496324
17:07:45  원시경도:126.955859
17:07:45  GPS채택:820
17:07:45  GPS이상치거부:0
17:07:45  GPS품질거부:4
17:07:45  GPS재기준:0
17:07:45  RSSI원시:-64
17:07:45  RSSI평활:-64.0
17:07:45  RSSI샘플:3069
17:07:45  RSSI경과ms:16
17:07:45  차량수신:2016
17:07:45  UWB유효:1
17:07:45  UWB보정:1
17:07:45  UWB원시거리:5.010
17:07:45  UWB보정거리:5.248
17:07:45  UWB접근속도:-0.003
17:07:45  UWB오프셋:0.234
17:07:45  UWB경과ms:16
17:07:45  UWB수신:1053
17:07:46  시각ms:227903
17:07:46  IMU시각ms:227903
17:07:46  부팅횟수:378
17:07:46  리셋원인:POWER_ON
17:07:46  GPS복구횟수:0
17:07:46  마지막GPS복구ms:0
17:07:46  위험:0
17:07:46  차량위험:0
17:07:46  차량위험경과ms:-1
17:07:46  RSU위험:0
17:07:46  RSU위험경과ms:-1
17:07:46  GPS유효:1
17:07:46  위도:37.496323
17:07:46  경도:126.955856
17:07:46  속도:0.213
17:07:46  방향:0.0
17:07:46  GPS원시속도:0.242
17:07:46  GPS원시방향유효:1
17:07:46  GPS원시방향:308.3
17:07:46  가속도:6.589,7.020,-0.450
17:07:46  자이로:-2.427,0.183,-0.672
17:07:46  자력계:-48.450,45.150,-51.300
17:07:46  IMU방향유효:0
17:07:46  IMU방향:0.0
17:07:46  방향가속도크기:9.64
17:07:46  방향자이로크기:2.53
17:07:46  방향자세cos:0.7387
17:07:46  자기모델잔차:23.48
17:07:46  자기모델반경:1.528
17:07:46  방향채택:0
17:07:46  방향거부:25311
17:07:46  송신:2125
17:07:46  GPS위성:6
17:07:46  GPS_HDOP:1.23
17:07:46  원시위도:37.496324
17:07:46  원시경도:126.955859
17:07:46  GPS채택:820
17:07:46  GPS이상치거부:0
17:07:46  GPS품질거부:4
17:07:46  GPS재기준:0
17:07:46  RSSI원시:-64
17:07:46  RSSI평활:-64.0
17:07:46  RSSI샘플:3069
17:07:46  RSSI경과ms:39
17:07:46  차량수신:2016
17:07:46  UWB유효:1
17:07:46  UWB보정:1
17:07:46  UWB원시거리:5.010
17:07:46  UWB보정거리:5.248
17:07:46  UWB접근속도:-0.003
17:07:46  UWB오프셋:0.234
17:07:46  UWB경과ms:39
17:07:46  UWB수신:1053
17:07:46  시각ms:227962
17:07:46  IMU시각ms:227962
17:07:46  부팅횟수:378
17:07:46  리셋원인:POWER_ON
17:07:46  GPS복구횟수:0
17:07:46  마지막GPS복구ms:0
17:07:46  위험:0
17:07:46  차량위험:0
17:07:46  차량위험경과ms:-1
17:07:46  RSU위험:0
17:07:46  RSU위험경과ms:-1
17:07:46  GPS유효:1
17:07:46  위도:37.496323
17:07:46  경도:126.955856
17:07:46  속도:0.213
17:07:46  방향:0.0
17:07:46  GPS원시속도:0.242
17:07:46  GPS원시방향유효:1
17:07:46  GPS원시방향:308.3
17:07:46  가속도:6.661,7.120,-0.311
17:07:46  자이로:-0.298,-0.756,1.901
17:07:46  자력계:-49.200,43.950,-52.050
17:07:46  IMU방향유효:0
17:07:46  IMU방향:0.0
17:07:46  방향가속도크기:9.76
17:07:46  방향자이로크기:2.07
17:07:46  방향자세cos:0.7484
17:07:46  자기모델잔차:23.48
17:07:46  자기모델반경:1.528
17:07:46  방향채택:0
17:07:46  방향거부:25317
17:07:46  송신:2126
17:07:46  GPS위성:6
17:07:46  GPS_HDOP:1.23
17:07:46  원시위도:37.496324
17:07:46  원시경도:126.955859
17:07:46  GPS채택:820
17:07:46  GPS이상치거부:0
17:07:46  GPS품질거부:4
17:07:46  GPS재기준:0
17:07:46  RSSI원시:-64
17:07:46  RSSI평활:-64.0
17:07:46  RSSI샘플:3070
17:07:46  RSSI경과ms:20
17:07:46  차량수신:2017
17:07:46  UWB유효:1
17:07:46  UWB보정:1
17:07:46  UWB원시거리:5.010
17:07:46  UWB보정거리:5.248
17:07:46  UWB접근속도:-0.003
17:07:46  UWB오프셋:0.234
17:07:46  UWB경과ms:98
17:07:46  UWB수신:1053
17:07:46  시각ms:227985
17:07:46  IMU시각ms:227985
17:07:46  부팅횟수:378
17:07:46  리셋원인:POWER_ON
17:07:46  GPS복구횟수:0
17:07:46  마지막GPS복구ms:0
17:07:46  위험:0
17:07:46  차량위험:0
17:07:46  차량위험경과ms:-1
17:07:46  RSU위험:0
17:07:46  RSU위험경과ms:-1
17:07:46  GPS유효:1
17:07:46  위도:37.496323
17:07:46  경도:126.955856
17:07:46  속도:0.223
17:07:46  방향:0.0
17:07:46  GPS원시속도:0.242
17:07:46  GPS원시방향유효:1
17:07:46  GPS원시방향:308.3
17:07:46  가속도:6.589,7.106,-0.426
17:07:46  자이로:2.107,-0.947,-0.504
17:07:46  자력계:-50.700,45.150,-52.350
17:07:46  IMU방향유효:0
17:07:46  IMU방향:0.0
17:07:46  방향가속도크기:9.70
17:07:46  방향자이로크기:2.36
17:07:46  방향자세cos:0.7400
17:07:46  자기모델잔차:23.48
17:07:46  자기모델반경:1.528
17:07:46  방향채택:0
17:07:46  방향거부:25320
17:07:46  송신:2126
17:07:46  GPS위성:6
17:07:46  GPS_HDOP:1.23
17:07:46  원시위도:37.496324
17:07:46  원시경도:126.955859
17:07:46  GPS채택:821
17:07:46  GPS이상치거부:0
17:07:46  GPS품질거부:4
17:07:46  GPS재기준:0
17:07:46  RSSI원시:-64
17:07:46  RSSI평활:-64.0
17:07:46  RSSI샘플:3070
17:07:46  RSSI경과ms:43
17:07:46  차량수신:2017
17:07:46  UWB유효:1
17:07:46  UWB보정:1
17:07:46  UWB원시거리:5.010
17:07:46  UWB보정거리:5.248
17:07:46  UWB접근속도:-0.003
17:07:46  UWB오프셋:0.234
17:07:46  UWB경과ms:121
17:07:46  UWB수신:1053
17:07:46  시각ms:228135
17:07:46  IMU시각ms:228135
17:07:46  부팅횟수:378
17:07:46  리셋원인:POWER_ON
17:07:46  GPS복구횟수:0
17:07:46  마지막GPS복구ms:0
17:07:46  위험:0
17:07:46  차량위험:0
17:07:46  차량위험경과ms:-1
17:07:46  RSU위험:0
17:07:46  RSU위험경과ms:-1
17:07:46  GPS유효:1
17:07:46  위도:37.496323
17:07:46  경도:126.955856
17:07:46  속도:0.223
17:07:46  방향:0.0
17:07:46  GPS원시속도:0.242
17:07:46  GPS원시방향유효:1
17:07:46  GPS원시방향:308.3
17:07:46  가속도:6.464,7.044,-0.460
17:07:46  자이로:-1.672,-1.855,-0.122
17:07:46  자력계:-49.800,44.100,-49.350
17:07:46  IMU방향유효:0
17:07:46  IMU방향:0.0
17:07:46  방향가속도크기:9.57
17:07:46  방향자이로크기:2.50
17:07:46  방향자세cos:0.7369
17:07:46  자기모델잔차:23.48
17:07:46  자기모델반경:1.528
17:07:46  방향채택:0
17:07:46  방향거부:25338
17:07:46  송신:2127
17:07:46  GPS위성:6
17:07:46  GPS_HDOP:1.23
17:07:46  원시위도:37.496324
17:07:46  원시경도:126.955859
17:07:46  GPS채택:821
17:07:46  GPS이상치거부:0
17:07:46  GPS품질거부:4
17:07:46  GPS재기준:0
17:07:46  RSSI원시:-65
17:07:46  RSSI평활:-64.2
17:07:46  RSSI샘플:3071
17:07:46  RSSI경과ms:73
17:07:46  차량수신:2018
17:07:46  UWB유효:1
17:07:46  UWB보정:1
17:07:46  UWB원시거리:5.010
17:07:46  UWB보정거리:5.248
17:07:46  UWB접근속도:-0.003
17:07:46  UWB오프셋:0.234
17:07:46  UWB경과ms:271
17:07:46  UWB수신:1053
17:07:46  시각ms:228194
17:07:46  IMU시각ms:228194
17:07:46  부팅횟수:378
17:07:46  리셋원인:POWER_ON
17:07:46  GPS복구횟수:0
17:07:46  마지막GPS복구ms:0
17:07:46  위험:0
17:07:46  차량위험:0
17:07:46  차량위험경과ms:-1
17:07:46  RSU위험:0
17:07:46  RSU위험경과ms:-1
17:07:46  GPS유효:1
17:07:46  위도:37.496323
17:07:46  경도:126.955856
17:07:46  속도:0.219
17:07:46  방향:0.0
17:07:46  GPS원시속도:0.211
17:07:46  GPS원시방향유효:1
17:07:46  GPS원시방향:308.3
17:07:46  가속도:6.541,6.924,-0.508
17:07:46  자이로:-1.992,-0.916,1.992
17:07:46  자력계:-49.050,45.600,-52.200
17:07:46  IMU방향유효:0
17:07:46  IMU방향:0.0
17:07:46  방향가속도크기:9.54
17:07:46  방향자이로크기:2.96
17:07:46  방향자세cos:0.7345
17:07:46  자기모델잔차:23.48
17:07:46  자기모델반경:1.528
17:07:46  방향채택:0
17:07:46  방향거부:25344
17:07:46  송신:2128
17:07:46  GPS위성:6
17:07:46  GPS_HDOP:1.23
17:07:46  원시위도:37.496324
17:07:46  원시경도:126.955860
17:07:46  GPS채택:822
17:07:46  GPS이상치거부:0
17:07:46  GPS품질거부:4
17:07:46  GPS재기준:0
17:07:46  RSSI원시:-68
17:07:46  RSSI평활:-64.9
17:07:46  RSSI샘플:3072
17:07:46  RSSI경과ms:33
17:07:46  차량수신:2019
17:07:46  UWB유효:1
17:07:46  UWB보정:1
17:07:46  UWB원시거리:5.010
17:07:46  UWB보정거리:5.248
17:07:46  UWB접근속도:-0.003
17:07:46  UWB오프셋:0.234
17:07:46  UWB경과ms:330
17:07:46  UWB수신:1053
17:07:46  시각ms:228217
17:07:46  IMU시각ms:228217
17:07:46  부팅횟수:378
17:07:46  리셋원인:POWER_ON
17:07:46  GPS복구횟수:0
17:07:46  마지막GPS복구ms:0
17:07:46  위험:0
17:07:46  차량위험:0
17:07:46  차량위험경과ms:-1
17:07:46  RSU위험:0
17:07:46  RSU위험경과ms:-1
17:07:46  GPS유효:1
17:07:46  위도:37.496323
17:07:46  경도:126.955856
17:07:46  속도:0.219
17:07:46  방향:0.0
17:07:46  GPS원시속도:0.211
17:07:46  GPS원시방향유효:1
17:07:46  GPS원시방향:308.3
17:07:46  가속도:6.661,7.072,-0.417
17:07:46  자이로:-1.107,0.679,1.023
17:07:46  자력계:-50.550,44.100,-50.700
17:07:46  IMU방향유효:0
17:07:46  IMU방향:0.0
17:07:46  방향가속도크기:9.72
17:07:46  방향자이로크기:1.65
17:07:46  방향자세cos:0.7414
17:07:46  자기모델잔차:23.48
17:07:46  자기모델반경:1.528
17:07:46  방향채택:0
17:07:46  방향거부:25347
17:07:46  송신:2128
17:07:46  GPS위성:6
17:07:46  GPS_HDOP:1.23
17:07:46  원시위도:37.496324
17:07:46  원시경도:126.955860
17:07:46  GPS채택:822
17:07:46  GPS이상치거부:0
17:07:46  GPS품질거부:4
17:07:46  GPS재기준:0
17:07:46  RSSI원시:-68
17:07:46  RSSI평활:-64.9
17:07:46  RSSI샘플:3072
17:07:46  RSSI경과ms:56
17:07:46  차량수신:2019
17:07:46  UWB유효:1
17:07:46  UWB보정:1
17:07:46  UWB원시거리:5.010
17:07:46  UWB보정거리:5.248
17:07:46  UWB접근속도:-0.003
17:07:46  UWB오프셋:0.234
17:07:46  UWB경과ms:353
17:07:46  UWB수신:1053
17:07:46  시각ms:228275
17:07:46  IMU시각ms:228275
17:07:46  부팅횟수:378
17:07:46  리셋원인:POWER_ON
17:07:46  GPS복구횟수:0
17:07:46  마지막GPS복구ms:0
17:07:46  위험:0
17:07:46  차량위험:0
17:07:46  차량위험경과ms:-1
17:07:46  RSU위험:0
17:07:46  RSU위험경과ms:-1
17:07:46  GPS유효:1
17:07:46  위도:37.496323
17:07:46  경도:126.955856
17:07:46  속도:0.219
17:07:46  방향:0.0
17:07:46  GPS원시속도:0.211
17:07:46  GPS원시방향유효:1
17:07:46  GPS원시방향:308.3
17:07:46  가속도:6.589,6.924,-0.388
17:07:46  자이로:-1.687,3.031,0.046
17:07:46  자력계:-48.750,45.600,-50.400
17:07:46  IMU방향유효:0
17:07:46  IMU방향:0.0
17:07:46  방향가속도크기:9.57
17:07:46  방향자이로크기:3.47
17:07:46  방향자세cos:0.7433
17:07:46  자기모델잔차:23.48
17:07:46  자기모델반경:1.528
17:07:46  방향채택:0
17:07:46  방향거부:25353
17:07:46  송신:2129
17:07:46  GPS위성:6
17:07:46  GPS_HDOP:1.23
17:07:46  원시위도:37.496324
17:07:46  원시경도:126.955860
17:07:46  GPS채택:822
17:07:46  GPS이상치거부:0
17:07:46  GPS품질거부:4
17:07:46  GPS재기준:0
17:07:46  RSSI원시:-68
17:07:46  RSSI평활:-64.9
17:07:46  RSSI샘플:3072
17:07:46  RSSI경과ms:114
17:07:46  차량수신:2019
17:07:46  UWB유효:1
17:07:46  UWB보정:1
17:07:46  UWB원시거리:5.010
17:07:46  UWB보정거리:5.248
17:07:46  UWB접근속도:-0.003
17:07:46  UWB오프셋:0.234
17:07:46  UWB경과ms:411
17:07:46  UWB수신:1053
17:07:46  시각ms:228344
17:07:46  IMU시각ms:228344
17:07:46  부팅횟수:378
17:07:46  리셋원인:POWER_ON
17:07:46  GPS복구횟수:0
17:07:46  마지막GPS복구ms:0
17:07:46  위험:0
17:07:46  차량위험:0
17:07:46  차량위험경과ms:-1
17:07:46  RSU위험:0
17:07:46  RSU위험경과ms:-1
17:07:46  GPS유효:1
17:07:46  위도:37.496323
17:07:46  경도:126.955856
17:07:46  속도:0.219
17:07:46  방향:0.0
17:07:46  GPS원시속도:0.211
17:07:46  GPS원시방향유효:1
17:07:46  GPS원시방향:308.3
17:07:46  가속도:6.507,7.015,-0.306
17:07:46  자이로:-0.809,-1.649,0.618
17:07:46  자력계:-48.450,44.250,-52.050
17:07:46  IMU방향유효:0
17:07:46  IMU방향:0.0
17:07:46  방향가속도크기:9.57
17:07:46  방향자이로크기:1.94
17:07:46  방향자세cos:0.7480
17:07:46  자기모델잔차:23.48
17:07:46  자기모델반경:1.528
17:07:46  방향채택:0
17:07:46  방향거부:25362
17:07:46  송신:2129
17:07:46  GPS위성:6
17:07:46  GPS_HDOP:1.23
17:07:46  원시위도:37.496324
17:07:46  원시경도:126.955860
17:07:46  GPS채택:822
17:07:46  GPS이상치거부:0
17:07:46  GPS품질거부:4
17:07:46  GPS재기준:0
17:07:46  RSSI원시:-68
17:07:46  RSSI평활:-64.9
17:07:46  RSSI샘플:3072
17:07:46  RSSI경과ms:183
17:07:46  차량수신:2019
17:07:46  UWB유효:1
17:07:46  UWB보정:1
17:07:46  UWB원시거리:5.010
17:07:46  UWB보정거리:5.248
17:07:46  UWB접근속도:-0.003
17:07:46  UWB오프셋:0.234
17:07:46  UWB경과ms:480
17:07:46  UWB수신:1053
17:07:46  시각ms:228426
17:07:46  IMU시각ms:228426
17:07:46  부팅횟수:378
17:07:46  리셋원인:POWER_ON
17:07:46  GPS복구횟수:0
17:07:46  마지막GPS복구ms:0
17:07:46  위험:0
17:07:46  차량위험:0
17:07:46  차량위험경과ms:-1
17:07:46  RSU위험:0
17:07:46  RSU위험경과ms:-1
17:07:46  GPS유효:1
17:07:46  위도:37.496323
17:07:46  경도:126.955856
17:07:46  속도:0.238
17:07:46  방향:0.0
17:07:46  GPS원시속도:0.273
17:07:46  GPS원시방향유효:1
17:07:46  GPS원시방향:308.3
17:07:46  가속도:6.718,7.039,-0.321
17:07:46  자이로:-2.069,-0.740,-1.046
17:07:46  자력계:-49.050,43.050,-50.700
17:07:46  IMU방향유효:0
17:07:46  IMU방향:0.0
17:07:46  방향가속도크기:9.74
17:07:46  방향자이로크기:2.43
17:07:46  방향자세cos:0.7484
17:07:46  자기모델잔차:23.48
17:07:46  자기모델반경:1.528
17:07:46  방향채택:0
17:07:46  방향거부:25371
17:07:46  송신:2130
17:07:46  GPS위성:6
17:07:46  GPS_HDOP:1.23
17:07:46  원시위도:37.496325
17:07:46  원시경도:126.955860
17:07:46  GPS채택:823
17:07:46  GPS이상치거부:0
17:07:46  GPS품질거부:4
17:07:46  GPS재기준:0
17:07:46  RSSI원시:-61
17:07:46  RSSI평활:-64.2
17:07:46  RSSI샘플:3073
17:07:46  RSSI경과ms:67
17:07:46  차량수신:2020
17:07:46  UWB유효:1
17:07:46  UWB보정:1
17:07:46  UWB원시거리:5.010
17:07:46  UWB보정거리:5.248
17:07:46  UWB접근속도:-0.003
17:07:46  UWB오프셋:0.234
17:07:46  UWB경과ms:562
17:07:46  UWB수신:1053
17:07:46  시각ms:228484
17:07:46  IMU시각ms:228484
17:07:46  부팅횟수:378
17:07:46  리셋원인:POWER_ON
17:07:46  GPS복구횟수:0
17:07:46  마지막GPS복구ms:0
17:07:46  위험:0
17:07:46  차량위험:0
17:07:46  차량위험경과ms:-1
17:07:46  RSU위험:0
17:07:46  RSU위험경과ms:-1
17:07:46  GPS유효:1
17:07:46  위도:37.496323
17:07:46  경도:126.955856
17:07:46  속도:0.238
17:07:46  방향:0.0
17:07:46  GPS원시속도:0.273
17:07:46  GPS원시방향유효:1
17:07:46  GPS원시방향:308.3
17:07:46  가속도:6.589,6.924,-0.393
17:07:46  자이로:-0.122,0.084,-0.214
17:07:46  자력계:-48.450,46.650,-51.000
17:07:46  IMU방향유효:0
17:07:46  IMU방향:0.0
17:07:46  방향가속도크기:9.57
17:07:46  방향자이로크기:0.26
17:07:46  방향자세cos:0.7429
17:07:46  자기모델잔차:23.48
17:07:46  자기모델반경:1.528
17:07:46  방향채택:0
17:07:46  방향거부:25377
17:07:46  송신:2131
17:07:46  GPS위성:6
17:07:46  GPS_HDOP:1.23
17:07:46  원시위도:37.496325
17:07:46  원시경도:126.955860
17:07:46  GPS채택:823
17:07:46  GPS이상치거부:0
17:07:46  GPS품질거부:4
17:07:46  GPS재기준:0
17:07:46  RSSI원시:-61
17:07:46  RSSI평활:-63.5
17:07:46  RSSI샘플:3074
17:07:46  RSSI경과ms:27
17:07:46  차량수신:2021
17:07:46  UWB유효:1
17:07:46  UWB보정:1
17:07:46  UWB원시거리:5.010
17:07:46  UWB보정거리:5.248
17:07:46  UWB접근속도:-0.003
17:07:46  UWB오프셋:0.234
17:07:46  UWB경과ms:620
17:07:46  UWB수신:1053
17:07:46  시각ms:228507
17:07:46  IMU시각ms:228507
17:07:46  부팅횟수:378
17:07:46  리셋원인:POWER_ON
17:07:46  GPS복구횟수:0
17:07:46  마지막GPS복구ms:0
17:07:46  위험:0
17:07:46  차량위험:0
17:07:46  차량위험경과ms:-1
17:07:46  RSU위험:0
17:07:46  RSU위험경과ms:-1
17:07:46  GPS유효:1
17:07:46  위도:37.496323
17:07:46  경도:126.955856
17:07:46  속도:0.238
17:07:46  방향:0.0
17:07:46  GPS원시속도:0.273
17:07:46  GPS원시방향유효:1
17:07:46  GPS원시방향:308.3
17:07:46  가속도:6.594,7.015,-0.426
17:07:46  자이로:0.023,-2.885,-0.183
17:07:46  자력계:-49.650,44.700,-51.300
17:07:46  IMU방향유효:0
17:07:46  IMU방향:0.0
17:07:46  방향가속도크기:9.64
17:07:46  방향자이로크기:2.89
17:07:46  방향자세cos:0.7404
17:07:46  자기모델잔차:23.48
17:07:46  자기모델반경:1.528
17:07:46  방향채택:0
17:07:46  방향거부:25380
17:07:46  송신:2131
17:07:46  GPS위성:6
17:07:46  GPS_HDOP:1.23
17:07:46  원시위도:37.496325
17:07:46  원시경도:126.955860
17:07:46  GPS채택:823
17:07:46  GPS이상치거부:0
17:07:46  GPS품질거부:4
17:07:46  GPS재기준:0
17:07:46  RSSI원시:-61
17:07:46  RSSI평활:-63.5
17:07:46  RSSI샘플:3074
17:07:46  RSSI경과ms:50
17:07:46  차량수신:2021
17:07:46  UWB유효:1
17:07:46  UWB보정:1
17:07:46  UWB원시거리:5.010
17:07:46  UWB보정거리:5.248
17:07:46  UWB접근속도:-0.003
17:07:46  UWB오프셋:0.234
17:07:46  UWB경과ms:643
17:07:46  UWB수신:1053
17:07:46  시각ms:228589
17:07:46  IMU시각ms:228589
17:07:46  부팅횟수:378
17:07:46  리셋원인:POWER_ON
17:07:46  GPS복구횟수:0
17:07:46  마지막GPS복구ms:0
17:07:46  위험:0
17:07:46  차량위험:0
17:07:46  차량위험경과ms:-1
17:07:46  RSU위험:0
17:07:46  RSU위험경과ms:-1
17:07:46  GPS유효:1
17:07:46  위도:37.496326
17:07:46  경도:126.955856
17:07:46  속도:0.235
17:07:46  방향:0.0
17:07:46  GPS원시속도:0.231
17:07:46  GPS원시방향유효:1
17:07:46  GPS원시방향:308.3
17:07:46  가속도:6.546,7.039,-0.441
17:07:46  자이로:-1.405,-2.008,1.183
17:07:46  자력계:-49.650,43.950,-51.000
17:07:46  IMU방향유효:0
17:07:46  IMU방향:0.0
17:07:46  방향가속도크기:9.62
17:07:46  방향자이로크기:2.72
17:07:46  방향자세cos:0.7389
17:07:46  자기모델잔차:23.48
17:07:46  자기모델반경:1.528
17:07:46  방향채택:0
17:07:46  방향거부:25389
17:07:46  송신:2132
17:07:46  GPS위성:6
17:07:46  GPS_HDOP:1.23
17:07:46  원시위도:37.496325
17:07:46  원시경도:126.955860
17:07:46  GPS채택:824
17:07:46  GPS이상치거부:0
17:07:46  GPS품질거부:4
17:07:46  GPS재기준:0
17:07:46  RSSI원시:-61
17:07:46  RSSI평활:-63.0
17:07:46  RSSI샘플:3075
17:07:46  RSSI경과ms:26
17:07:46  차량수신:2022
17:07:46  UWB유효:1
17:07:46  UWB보정:1
17:07:46  UWB원시거리:5.010
17:07:46  UWB보정거리:5.248
17:07:46  UWB접근속도:-0.003
17:07:46  UWB오프셋:0.234
17:07:46  UWB경과ms:725
17:07:46  UWB수신:1053
17:07:46  시각ms:228658
17:07:46  IMU시각ms:228658
17:07:46  부팅횟수:378
17:07:46  리셋원인:POWER_ON
17:07:46  GPS복구횟수:0
17:07:46  마지막GPS복구ms:0
17:07:46  위험:0
17:07:46  차량위험:0
17:07:46  차량위험경과ms:-1
17:07:46  RSU위험:0
17:07:46  RSU위험경과ms:-1
17:07:46  GPS유효:1
17:07:46  위도:37.496326
17:07:46  경도:126.955856
17:07:46  속도:0.235
17:07:46  방향:0.0
17:07:46  GPS원시속도:0.231
17:07:46  GPS원시방향유효:1
17:07:46  GPS원시방향:308.3
17:07:46  가속도:6.646,7.039,-0.469
17:07:46  자이로:-0.015,-2.489,-0.031
17:07:46  자력계:-49.500,44.850,-50.400
17:07:46  IMU방향유효:0
17:07:46  IMU방향:0.0
17:07:46  방향가속도크기:9.69
17:07:46  방향자이로크기:2.49
17:07:46  방향자세cos:0.7377
17:07:46  자기모델잔차:23.48
17:07:46  자기모델반경:1.528
17:07:46  방향채택:0
17:07:46  방향거부:25398
17:07:46  송신:2132
17:07:46  GPS위성:6
17:07:46  GPS_HDOP:1.23
17:07:46  원시위도:37.496325
17:07:46  원시경도:126.955860
17:07:46  GPS채택:824
17:07:46  GPS이상치거부:0
17:07:46  GPS품질거부:4
17:07:46  GPS재기준:0
17:07:46  RSSI원시:-63
17:07:46  RSSI평활:-63.0
17:07:46  RSSI샘플:3076
17:07:46  RSSI경과ms:11
17:07:46  차량수신:2022
17:07:46  UWB유효:1
17:07:46  UWB보정:1
17:07:46  UWB원시거리:4.990
17:07:46  UWB보정거리:5.245
17:07:46  UWB접근속도:0.002
17:07:46  UWB오프셋:0.234
17:07:46  UWB경과ms:11
17:07:46  UWB수신:1054
17:07:46  시각ms:228716
17:07:46  IMU시각ms:228716
17:07:46  부팅횟수:378
17:07:46  리셋원인:POWER_ON
17:07:46  GPS복구횟수:0
17:07:46  마지막GPS복구ms:0
17:07:46  위험:0
17:07:46  차량위험:0
17:07:46  차량위험경과ms:-1
17:07:46  RSU위험:0
17:07:46  RSU위험경과ms:-1
17:07:46  GPS유효:1
17:07:46  위도:37.496326
17:07:46  경도:126.955856
17:07:46  속도:0.235
17:07:46  방향:0.0
17:07:46  GPS원시속도:0.231
17:07:46  GPS원시방향유효:1
17:07:46  GPS원시방향:308.3
17:07:46  가속도:6.780,7.020,-0.364
17:07:46  자이로:-0.405,0.893,-0.893
17:07:46  자력계:-49.200,43.950,-51.300
17:07:46  IMU방향유효:0
17:07:46  IMU방향:0.0
17:07:46  방향가속도크기:9.77
17:07:46  방향자이로크기:1.33
17:07:46  방향자세cos:0.7460
17:07:46  자기모델잔차:23.48
17:07:46  자기모델반경:1.528
17:07:46  방향채택:0
17:07:46  방향거부:25404
17:07:46  송신:2133
17:07:46  GPS위성:6
17:07:46  GPS_HDOP:1.23
17:07:46  원시위도:37.496325
17:07:46  원시경도:126.955860
17:07:46  GPS채택:824
17:07:46  GPS이상치거부:0
17:07:46  GPS품질거부:4
17:07:46  GPS재기준:0
17:07:46  RSSI원시:-64
17:07:46  RSSI평활:-63.2
17:07:46  RSSI샘플:3077
17:07:46  RSSI경과ms:43
17:07:46  차량수신:2023
17:07:46  UWB유효:1
17:07:46  UWB보정:1
17:07:46  UWB원시거리:4.990
17:07:46  UWB보정거리:5.245
17:07:46  UWB접근속도:0.002
17:07:46  UWB오프셋:0.234
17:07:46  UWB경과ms:69
17:07:46  UWB수신:1054
17:07:46  시각ms:228762
17:07:46  IMU시각ms:228762
17:07:46  부팅횟수:378
17:07:46  리셋원인:POWER_ON
17:07:46  GPS복구횟수:0
17:07:46  마지막GPS복구ms:0
17:07:46  위험:0
17:07:46  차량위험:0
17:07:46  차량위험경과ms:-1
17:07:46  RSU위험:0
17:07:46  RSU위험경과ms:-1
17:07:46  GPS유효:1
17:07:46  위도:37.496326
17:07:46  경도:126.955856
17:07:46  속도:0.235
17:07:46  방향:0.0
17:07:46  GPS원시속도:0.231
17:07:46  GPS원시방향유효:1
17:07:46  GPS원시방향:308.3
17:07:46  가속도:6.632,6.981,-0.354
17:07:46  자이로:-1.084,0.656,-0.672
17:07:46  자력계:-48.450,43.200,-51.600
17:07:46  IMU방향유효:0
17:07:46  IMU방향:0.0
17:07:46  방향가속도크기:9.64
17:07:46  방향자이로크기:1.43
17:07:46  방향자세cos:0.7457
17:07:46  자기모델잔차:23.48
17:07:46  자기모델반경:1.528
17:07:46  방향채택:0
17:07:46  방향거부:25410
17:07:46  송신:2133
17:07:46  GPS위성:6
17:07:46  GPS_HDOP:1.23
17:07:46  원시위도:37.496325
17:07:46  원시경도:126.955860
17:07:46  GPS채택:824
17:07:46  GPS이상치거부:0
17:07:46  GPS품질거부:4
17:07:46  GPS재기준:0
17:07:46  RSSI원시:-64
17:07:46  RSSI평활:-63.2
17:07:46  RSSI샘플:3077
17:07:46  RSSI경과ms:89
17:07:46  차량수신:2023
17:07:46  UWB유효:1
17:07:46  UWB보정:1
17:07:46  UWB원시거리:4.990
17:07:46  UWB보정거리:5.245
17:07:46  UWB접근속도:0.002
17:07:46  UWB오프셋:0.234
17:07:46  UWB경과ms:115
17:07:46  UWB수신:1054
17:07:46  시각ms:228821
17:07:46  IMU시각ms:228821
17:07:46  부팅횟수:378
17:07:46  리셋원인:POWER_ON
17:07:46  GPS복구횟수:0
17:07:46  마지막GPS복구ms:0
17:07:46  위험:0
17:07:46  차량위험:0
17:07:46  차량위험경과ms:-1
17:07:46  RSU위험:0
17:07:46  RSU위험경과ms:-1
17:07:46  GPS유효:1
17:07:46  위도:37.496326
17:07:46  경도:126.955856
17:07:46  속도:0.243
17:07:46  방향:0.0
17:07:46  GPS원시속도:0.257
17:07:46  GPS원시방향유효:1
17:07:46  GPS원시방향:308.3
17:07:46  가속도:6.574,6.943,-0.378
17:07:46  자이로:-3.191,-1.992,-1.214
17:07:46  자력계:-48.000,43.800,-50.400
17:07:46  IMU방향유효:0
17:07:46  IMU방향:0.0
17:07:46  방향가속도크기:9.57
17:07:46  방향자이로크기:3.95
17:07:46  방향자세cos:0.7438
17:07:46  자기모델잔차:23.48
17:07:46  자기모델반경:1.528
17:07:46  방향채택:0
17:07:46  방향거부:25416
17:07:46  송신:2134
17:07:46  GPS위성:6
17:07:46  GPS_HDOP:1.23
17:07:46  원시위도:37.496325
17:07:46  원시경도:126.955861
17:07:46  GPS채택:825
17:07:46  GPS이상치거부:0
17:07:46  GPS품질거부:4
17:07:46  GPS재기준:0
17:07:46  RSSI원시:-64
17:07:46  RSSI평활:-63.4
17:07:46  RSSI샘플:3078
17:07:46  RSSI경과ms:42
17:07:46  차량수신:2024
17:07:46  UWB유효:1
17:07:46  UWB보정:1
17:07:46  UWB원시거리:4.990
17:07:46  UWB보정거리:5.245
17:07:46  UWB접근속도:0.002
17:07:46  UWB오프셋:0.234
17:07:46  UWB경과ms:174
17:07:46  UWB수신:1054
17:07:46  시각ms:228844
17:07:46  IMU시각ms:228844
17:07:46  부팅횟수:378
17:07:46  리셋원인:POWER_ON
17:07:46  GPS복구횟수:0
17:07:46  마지막GPS복구ms:0
17:07:46  위험:0
17:07:46  차량위험:0
17:07:46  차량위험경과ms:-1
17:07:46  RSU위험:0
17:07:46  RSU위험경과ms:-1
17:07:46  GPS유효:1
17:07:46  위도:37.496326
17:07:46  경도:126.955856
17:07:46  속도:0.243
17:07:46  방향:0.0
17:07:46  GPS원시속도:0.257
17:07:46  GPS원시방향유효:1
17:07:46  GPS원시방향:308.3
17:07:46  가속도:6.594,7.020,-0.546
17:07:46  자이로:0.649,2.084,-0.504
17:07:46  자력계:-49.050,44.550,-53.250
17:07:46  IMU방향유효:0
17:07:46  IMU방향:0.0
17:07:46  방향가속도크기:9.65
17:07:46  방향자이로크기:2.24
17:07:46  방향자세cos:0.7320
17:07:46  자기모델잔차:23.48
17:07:46  자기모델반경:1.528
17:07:46  방향채택:0
17:07:46  방향거부:25419
17:07:46  송신:2134
17:07:46  GPS위성:6
17:07:46  GPS_HDOP:1.23
17:07:46  원시위도:37.496325
17:07:46  원시경도:126.955861
17:07:46  GPS채택:825
17:07:46  GPS이상치거부:0
17:07:46  GPS품질거부:4
17:07:46  GPS재기준:0
17:07:46  RSSI원시:-64
17:07:46  RSSI평활:-63.4
17:07:46  RSSI샘플:3078
17:07:46  RSSI경과ms:65
17:07:46  차량수신:2024
17:07:46  UWB유효:1
17:07:46  UWB보정:1
17:07:46  UWB원시거리:4.990
17:07:46  UWB보정거리:5.245
17:07:46  UWB접근속도:0.002
17:07:46  UWB오프셋:0.234
17:07:46  UWB경과ms:197
17:07:46  UWB수신:1054
17:07:46  시각ms:229007
17:07:46  IMU시각ms:229007
17:07:46  부팅횟수:378
17:07:47  리셋원인:POWER_ON
17:07:47  GPS복구횟수:0
17:07:47  마지막GPS복구ms:0
17:07:47  위험:0
17:07:47  차량위험:0
17:07:47  차량위험경과ms:-1
17:07:47  RSU위험:0
17:07:47  RSU위험경과ms:-1
17:07:47  GPS유효:1
17:07:47  위도:37.496326
17:07:47  경도:126.955864
17:07:47  속도:0.246
17:07:47  방향:0.0
17:07:47  GPS원시속도:0.252
17:07:47  GPS원시방향유효:1
17:07:47  GPS원시방향:308.3
17:07:47  가속도:6.527,6.977,-0.412
17:07:47  자이로:0.885,-1.756,-1.198
17:07:47  자력계:-48.750,45.600,-50.400
17:07:47  IMU방향유효:0
17:07:47  IMU방향:0.0
17:07:47  방향가속도크기:9.56
17:07:47  방향자이로크기:2.30
17:07:47  방향자세cos:0.7410
17:07:47  자기모델잔차:23.48
17:07:47  자기모델반경:1.528
17:07:47  방향채택:0
17:07:47  방향거부:25437
17:07:47  송신:2136
17:07:47  GPS위성:6
17:07:47  GPS_HDOP:1.23
17:07:47  원시위도:37.496325
17:07:47  원시경도:126.955861
17:07:47  GPS채택:826
17:07:47  GPS이상치거부:0
17:07:47  GPS품질거부:4
17:07:47  GPS재기준:0
17:07:47  RSSI원시:-63
17:07:47  RSSI평활:-62.9
17:07:47  RSSI샘플:3081
17:07:47  RSSI경과ms:27
17:07:47  차량수신:2026
17:07:47  UWB유효:1
17:07:47  UWB보정:1
17:07:47  UWB원시거리:5.010
17:07:47  UWB보정거리:5.245
17:07:47  UWB접근속도:0.001
17:07:47  UWB오프셋:0.234
17:07:47  UWB경과ms:144
17:07:47  UWB수신:1055
17:07:47  시각ms:229112
17:07:47  IMU시각ms:229111
17:07:47  부팅횟수:378
17:07:47  리셋원인:POWER_ON
17:07:47  GPS복구횟수:0
17:07:47  마지막GPS복구ms:0
17:07:47  위험:0
17:07:47  차량위험:0
17:07:47  차량위험경과ms:-1
17:07:47  RSU위험:0
17:07:47  RSU위험경과ms:-1
17:07:47  GPS유효:1
17:07:47  위도:37.496326
17:07:47  경도:126.955864
17:07:47  속도:0.246
17:07:47  방향:0.0
17:07:47  GPS원시속도:0.252
17:07:47  GPS원시방향유효:1
17:07:47  GPS원시방향:308.3
17:07:47  가속도:6.541,7.020,-0.421
17:07:47  자이로:0.939,-1.809,0.489
17:07:47  자력계:-49.050,43.350,-49.950
17:07:47  IMU방향유효:0
17:07:47  IMU방향:0.0
17:07:47  방향가속도크기:9.60
17:07:47  방향자이로크기:2.10
17:07:47  방향자세cos:0.7403
17:07:47  자기모델잔차:23.48
17:07:47  자기모델반경:1.528
17:07:47  방향채택:0
17:07:47  방향거부:25449
17:07:47  송신:2137
17:07:47  GPS위성:6
17:07:47  GPS_HDOP:1.23
17:07:47  원시위도:37.496325
17:07:47  원시경도:126.955861
17:07:47  GPS채택:826
17:07:47  GPS이상치거부:0
17:07:47  GPS품질거부:4
17:07:47  GPS재기준:0
17:07:47  RSSI원시:-64
17:07:47  RSSI평활:-63.0
17:07:47  RSSI샘플:3083
17:07:47  RSSI경과ms:18
17:07:47  차량수신:2027
17:07:47  UWB유효:1
17:07:47  UWB보정:1
17:07:47  UWB원시거리:5.010
17:07:47  UWB보정거리:5.245
17:07:47  UWB접근속도:0.001
17:07:47  UWB오프셋:0.234
17:07:47  UWB경과ms:60
17:07:47  UWB수신:1056
17:07:47  시각ms:229263
17:07:47  IMU시각ms:229263
17:07:47  부팅횟수:378
17:07:47  리셋원인:POWER_ON
17:07:47  GPS복구횟수:0
17:07:47  마지막GPS복구ms:0
17:07:47  위험:0
17:07:47  차량위험:0
17:07:47  차량위험경과ms:-1
17:07:47  RSU위험:0
17:07:47  RSU위험경과ms:-1
17:07:47  GPS유효:1
17:07:47  위도:37.496326
17:07:47  경도:126.955864
17:07:47  속도:0.248
17:07:47  방향:0.0
17:07:47  GPS원시속도:0.252
17:07:47  GPS원시방향유효:1
17:07:47  GPS원시방향:308.3
17:07:47  가속도:6.642,7.063,-0.441
17:07:47  자이로:-0.328,-2.496,1.985
17:07:47  자력계:-48.450,45.450,-51.300
17:07:47  IMU방향유효:0
17:07:47  IMU방향:0.0
17:07:47  방향가속도크기:9.71
17:07:47  방향자이로크기:3.21
17:07:47  방향자세cos:0.7396
17:07:47  자기모델잔차:23.48
17:07:47  자기모델반경:1.528
17:07:47  방향채택:0
17:07:47  방향거부:25467
17:07:47  송신:2138
17:07:47  GPS위성:6
17:07:47  GPS_HDOP:1.23
17:07:47  원시위도:37.496325
17:07:47  원시경도:126.955861
17:07:47  GPS채택:827
17:07:47  GPS이상치거부:0
17:07:47  GPS품질거부:4
17:07:47  GPS재기준:0
17:07:47  RSSI원시:-67
17:07:47  RSSI평활:-64.4
17:07:47  RSSI샘플:3085
17:07:47  RSSI경과ms:19
17:07:47  차량수신:2028
17:07:47  UWB유효:1
17:07:47  UWB보정:1
17:07:47  UWB원시거리:5.000
17:07:47  UWB보정거리:5.244
17:07:47  UWB접근속도:0.001
17:07:47  UWB오프셋:0.234
17:07:47  UWB경과ms:19
17:07:47  UWB수신:1057
17:07:47  시각ms:229345
17:07:47  IMU시각ms:229345
17:07:47  부팅횟수:378
17:07:47  리셋원인:POWER_ON
17:07:47  GPS복구횟수:0
17:07:47  마지막GPS복구ms:0
17:07:47  위험:0
17:07:47  차량위험:0
17:07:47  차량위험경과ms:-1
17:07:47  RSU위험:0
17:07:47  RSU위험경과ms:-1
17:07:47  GPS유효:1
17:07:47  위도:37.496326
17:07:47  경도:126.955864
17:07:47  속도:0.248
17:07:47  방향:0.0
17:07:47  GPS원시속도:0.252
17:07:47  GPS원시방향유효:1
17:07:47  GPS원시방향:308.3
17:07:47  가속도:6.570,6.910,-0.426
17:07:47  자이로:-0.847,1.183,-1.061
17:07:47  자력계:-48.150,43.950,-51.300
17:07:47  IMU방향유효:0
17:07:47  IMU방향:0.0
17:07:47  방향가속도크기:9.54
17:07:47  방향자이로크기:1.80
17:07:47  방향자세cos:0.7405
17:07:47  자기모델잔차:23.48
17:07:47  자기모델반경:1.528
17:07:47  방향채택:0
17:07:47  방향거부:25476
17:07:47  송신:2139
17:07:47  GPS위성:6
17:07:47  GPS_HDOP:1.23
17:07:47  원시위도:37.496325
17:07:47  원시경도:126.955861
17:07:47  GPS채택:827
17:07:47  GPS이상치거부:0
17:07:47  GPS품질거부:4
17:07:47  GPS재기준:0
17:07:47  RSSI원시:-67
17:07:47  RSSI평활:-64.4
17:07:47  RSSI샘플:3085
17:07:47  RSSI경과ms:101
17:07:47  차량수신:2028
17:07:47  UWB유효:1
17:07:47  UWB보정:1
17:07:47  UWB원시거리:5.000
17:07:47  UWB보정거리:5.244
17:07:47  UWB접근속도:0.001
17:07:47  UWB오프셋:0.234
17:07:47  UWB경과ms:101
17:07:47  UWB수신:1057
17:07:47  시각ms:229368
17:07:47  IMU시각ms:229368
17:07:47  부팅횟수:378
17:07:47  리셋원인:POWER_ON
17:07:47  GPS복구횟수:0
17:07:47  마지막GPS복구ms:0
17:07:47  위험:0
17:07:47  차량위험:0
17:07:47  차량위험경과ms:-1
17:07:47  RSU위험:0
17:07:47  RSU위험경과ms:-1
17:07:47  GPS유효:1
17:07:47  위도:37.496326
17:07:47  경도:126.955864
17:07:47  속도:0.248
17:07:47  방향:0.0
17:07:47  GPS원시속도:0.252
17:07:47  GPS원시방향유효:1
17:07:47  GPS원시방향:308.3
17:07:47  가속도:6.670,6.886,-0.340
17:07:47  자이로:-3.046,-0.534,-3.412
17:07:47  자력계:-48.450,45.450,-52.050
17:07:47  IMU방향유효:0
17:07:47  IMU방향:0.0
17:07:47  방향가속도크기:9.59
17:07:47  방향자이로크기:4.60
17:07:47  방향자세cos:0.7473
17:07:47  자기모델잔차:23.48
17:07:47  자기모델반경:1.528
17:07:47  방향채택:0
17:07:47  방향거부:25479
17:07:47  송신:2139
17:07:47  GPS위성:6
17:07:47  GPS_HDOP:1.23
17:07:47  원시위도:37.496325
17:07:47  원시경도:126.955861
17:07:47  GPS채택:827
17:07:47  GPS이상치거부:0
17:07:47  GPS품질거부:4
17:07:47  GPS재기준:0
17:07:47  RSSI원시:-67
17:07:47  RSSI평활:-64.4
17:07:47  RSSI샘플:3085
17:07:47  RSSI경과ms:124
17:07:47  차량수신:2028
17:07:47  UWB유효:1
17:07:47  UWB보정:1
17:07:47  UWB원시거리:5.000
17:07:47  UWB보정거리:5.244
17:07:47  UWB접근속도:0.001
17:07:47  UWB오프셋:0.234
17:07:47  UWB경과ms:124
17:07:47  UWB수신:1057
17:07:47  시각ms:229450
17:07:47  IMU시각ms:229450
17:07:47  부팅횟수:378
17:07:47  리셋원인:POWER_ON
17:07:47  GPS복구횟수:0
17:07:47  마지막GPS복구ms:0
17:07:47  위험:0
17:07:47  차량위험:0
17:07:47  차량위험경과ms:-1
17:07:47  RSU위험:0
17:07:47  RSU위험경과ms:-1
17:07:47  GPS유효:1
17:07:47  위도:37.496326
17:07:47  경도:126.955864
17:07:47  속도:0.244
17:07:47  방향:0.0
17:07:47  GPS원시속도:0.237
17:07:47  GPS원시방향유효:1
17:07:47  GPS원시방향:308.3
17:07:47  가속도:6.555,6.953,-0.551
17:07:47  자이로:-1.130,2.122,-1.618
17:07:47  자력계:-49.200,44.250,-51.300
17:07:47  IMU방향유효:0
17:07:47  IMU방향:0.0
17:07:47  방향가속도크기:9.57
17:07:47  방향자이로크기:2.90
17:07:47  방향자세cos:0.7315
17:07:47  자기모델잔차:23.48
17:07:47  자기모델반경:1.528
17:07:47  방향채택:0
17:07:47  방향거부:25488
17:07:47  송신:2140
17:07:47  GPS위성:6
17:07:47  GPS_HDOP:1.23
17:07:47  원시위도:37.496325
17:07:47  원시경도:126.955862
17:07:47  GPS채택:828
17:07:47  GPS이상치거부:0
17:07:47  GPS품질거부:4
17:07:47  GPS재기준:0
17:07:47  RSSI원시:-67
17:07:47  RSSI평활:-64.9
17:07:47  RSSI샘플:3086
17:07:47  RSSI경과ms:54
17:07:47  차량수신:2029
17:07:47  UWB유효:1
17:07:47  UWB보정:1
17:07:47  UWB원시거리:5.000
17:07:47  UWB보정거리:5.244
17:07:47  UWB접근속도:0.001
17:07:47  UWB오프셋:0.234
17:07:47  UWB경과ms:206
17:07:47  UWB수신:1057
17:07:47  시각ms:229473
17:07:47  IMU시각ms:229473
17:07:47  부팅횟수:378
17:07:47  리셋원인:POWER_ON
17:07:47  GPS복구횟수:0
17:07:47  마지막GPS복구ms:0
17:07:47  위험:0
17:07:47  차량위험:0
17:07:47  차량위험경과ms:-1
17:07:47  RSU위험:0
17:07:47  RSU위험경과ms:-1
17:07:47  GPS유효:1
17:07:47  위도:37.496326
17:07:47  경도:126.955864
17:07:47  속도:0.244
17:07:47  방향:0.0
17:07:47  GPS원시속도:0.237
17:07:47  GPS원시방향유효:1
17:07:47  GPS원시방향:308.3
17:07:47  가속도:6.618,7.005,-0.364
17:07:47  자이로:-2.290,-1.015,0.649
17:07:47  자력계:-49.050,44.850,-51.900
17:07:47  IMU방향유효:0
17:07:47  IMU방향:0.0
17:07:47  방향가속도크기:9.64
17:07:47  방향자이로크기:2.59
17:07:47  방향자세cos:0.7449
17:07:47  자기모델잔차:23.48
17:07:47  자기모델반경:1.528
17:07:47  방향채택:0
17:07:47  방향거부:25491
17:07:47  송신:2140
17:07:47  GPS위성:6
17:07:47  GPS_HDOP:1.23
17:07:47  원시위도:37.496325
17:07:47  원시경도:126.955862
17:07:47  GPS채택:828
17:07:47  GPS이상치거부:0
17:07:47  GPS품질거부:4
17:07:47  GPS재기준:0
17:07:47  RSSI원시:-68
17:07:47  RSSI평활:-65.6
17:07:47  RSSI샘플:3087
17:07:47  RSSI경과ms:12
17:07:47  차량수신:2029
17:07:47  UWB유효:1
17:07:47  UWB보정:1
17:07:47  UWB원시거리:4.990
17:07:47  UWB보정거리:5.241
17:07:47  UWB접근속도:0.006
17:07:47  UWB오프셋:0.234
17:07:47  UWB경과ms:12
17:07:47  UWB수신:1058
17:07:47  시각ms:229637
17:07:47  IMU시각ms:229637
17:07:47  부팅횟수:378
17:07:47  리셋원인:POWER_ON
17:07:47  GPS복구횟수:0
17:07:47  마지막GPS복구ms:0
17:07:47  위험:0
17:07:47  차량위험:0
17:07:47  차량위험경과ms:-1
17:07:47  RSU위험:0
17:07:47  RSU위험경과ms:-1
17:07:47  GPS유효:1
17:07:47  위도:37.496326
17:07:47  경도:126.955864
17:07:47  속도:0.236
17:07:47  방향:0.0
17:07:47  GPS원시속도:0.221
17:07:47  GPS원시방향유효:1
17:07:47  GPS원시방향:308.3
17:07:47  가속도:6.488,7.025,-0.402
17:07:47  자이로:-1.214,-0.603,0.855
17:07:47  자력계:-49.200,45.150,-51.600
17:07:47  IMU방향유효:0
17:07:47  IMU방향:0.0
17:07:47  방향가속도크기:9.57
17:07:47  방향자이로크기:1.60
17:07:47  방향자세cos:0.7412
17:07:47  자기모델잔차:23.48
17:07:47  자기모델반경:1.528
17:07:47  방향채택:0
17:07:47  방향거부:25509
17:07:47  송신:2142
17:07:47  GPS위성:6
17:07:47  GPS_HDOP:1.23
17:07:47  원시위도:37.496325
17:07:47  원시경도:126.955862
17:07:47  GPS채택:829
17:07:47  GPS이상치거부:0
17:07:47  GPS품질거부:4
17:07:47  GPS재기준:0
17:07:47  RSSI원시:-68
17:07:47  RSSI평활:-66.0
17:07:47  RSSI샘플:3088
17:07:47  RSSI경과ms:131
17:07:47  차량수신:2030
17:07:47  UWB유효:1
17:07:47  UWB보정:1
17:07:47  UWB원시거리:4.990
17:07:47  UWB보정거리:5.241
17:07:47  UWB접근속도:0.006
17:07:47  UWB오프셋:0.234
17:07:47  UWB경과ms:176
17:07:47  UWB수신:1058
17:07:47  시각ms:229660
17:07:47  IMU시각ms:229660
17:07:47  부팅횟수:378
17:07:47  리셋원인:POWER_ON
17:07:47  GPS복구횟수:0
17:07:47  마지막GPS복구ms:0
17:07:47  위험:0
17:07:47  차량위험:0
17:07:47  차량위험경과ms:-1
17:07:47  RSU위험:0
17:07:47  RSU위험경과ms:-1
17:07:47  GPS유효:1
17:07:47  위도:37.496326
17:07:47  경도:126.955864
17:07:47  속도:0.236
17:07:47  방향:0.0
17:07:47  GPS원시속도:0.221
17:07:47  GPS원시방향유효:1
17:07:47  GPS원시방향:308.3
17:07:47  가속도:6.646,7.187,-0.326
17:07:47  자이로:-1.588,-4.076,0.275
17:07:47  자력계:-49.650,44.250,-50.550
17:07:47  IMU방향유효:0
17:07:47  IMU방향:0.0
17:07:47  방향가속도크기:9.79
17:07:47  방향자이로크기:4.38
17:07:47  방향자세cos:0.7470
17:07:47  자기모델잔차:23.48
17:07:47  자기모델반경:1.528
17:07:47  방향채택:0
17:07:47  방향거부:25512
17:07:47  송신:2142
17:07:47  GPS위성:6
17:07:47  GPS_HDOP:1.23
17:07:47  원시위도:37.496325
17:07:47  원시경도:126.955862
17:07:47  GPS채택:829
17:07:47  GPS이상치거부:0
17:07:47  GPS품질거부:4
17:07:47  GPS재기준:0
17:07:47  RSSI원시:-68
17:07:47  RSSI평활:-66.0
17:07:47  RSSI샘플:3088
17:07:47  RSSI경과ms:154
17:07:47  차량수신:2030
17:07:47  UWB유효:1
17:07:47  UWB보정:1
17:07:47  UWB원시거리:4.990
17:07:47  UWB보정거리:5.241
17:07:47  UWB접근속도:0.006
17:07:47  UWB오프셋:0.234
17:07:47  UWB경과ms:199
17:07:47  UWB수신:1058
17:07:47  시각ms:229706
17:07:47  IMU시각ms:229706
17:07:47  부팅횟수:378
17:07:47  리셋원인:POWER_ON
17:07:47  GPS복구횟수:0
17:07:47  마지막GPS복구ms:0
17:07:47  위험:0
17:07:47  차량위험:0
17:07:47  차량위험경과ms:-1
17:07:47  RSU위험:0
17:07:47  RSU위험경과ms:-1
17:07:47  GPS유효:1
17:07:47  위도:37.496326
17:07:47  경도:126.955864
17:07:47  속도:0.236
17:07:47  방향:0.0
17:07:47  GPS원시속도:0.221
17:07:47  GPS원시방향유효:1
17:07:47  GPS원시방향:308.3
17:07:47  가속도:6.675,7.053,-0.201
17:07:47  자이로:-1.939,-0.191,-0.313
17:07:47  자력계:-49.800,45.300,-50.400
17:07:47  IMU방향유효:0
17:07:47  IMU방향:0.0
17:07:47  방향가속도크기:9.71
17:07:47  방향자이로크기:1.97
17:07:47  방향자세cos:0.7561
17:07:47  자기모델잔차:23.48
17:07:47  자기모델반경:1.528
17:07:47  방향채택:0
17:07:47  방향거부:25518
17:07:47  송신:2142
17:07:47  GPS위성:6
17:07:47  GPS_HDOP:1.23
17:07:47  원시위도:37.496325
17:07:47  원시경도:126.955862
17:07:47  GPS채택:829
17:07:47  GPS이상치거부:0
17:07:47  GPS품질거부:4
17:07:47  GPS재기준:0
17:07:47  RSSI원시:-64
17:07:47  RSSI평활:-65.6
17:07:47  RSSI샘플:3089
17:07:47  RSSI경과ms:3
17:07:47  차량수신:2031
17:07:47  UWB유효:1
17:07:47  UWB보정:1
17:07:47  UWB원시거리:4.990
17:07:47  UWB보정거리:5.241
17:07:47  UWB접근속도:0.006
17:07:47  UWB오프셋:0.234
17:07:47  UWB경과ms:245
17:07:47  UWB수신:1058
17:07:47  시각ms:229788
17:07:47  IMU시각ms:229788
17:07:47  부팅횟수:378
17:07:47  리셋원인:POWER_ON
17:07:47  GPS복구횟수:0
17:07:47  마지막GPS복구ms:0
17:07:47  위험:0
17:07:47  차량위험:0
17:07:47  차량위험경과ms:-1
17:07:47  RSU위험:0
17:07:47  RSU위험경과ms:-1
17:07:47  GPS유효:1
17:07:47  위도:37.496326
17:07:47  경도:126.955864
17:07:47  속도:0.253
17:07:47  방향:0.0
17:07:47  GPS원시속도:0.283
17:07:47  GPS원시방향유효:1
17:07:47  GPS원시방향:308.3
17:07:47  가속도:6.594,7.001,-0.417
17:07:47  자이로:1.481,0.435,2.061
17:07:47  자력계:-49.950,44.700,-50.250
17:07:47  IMU방향유효:0
17:07:47  IMU방향:0.0
17:07:47  방향가속도크기:9.63
17:07:47  방향자이로크기:2.57
17:07:47  방향자세cos:0.7411
17:07:47  자기모델잔차:23.48
17:07:47  자기모델반경:1.528
17:07:47  방향채택:0
17:07:47  방향거부:25527
17:07:47  송신:2143
17:07:47  GPS위성:6
17:07:47  GPS_HDOP:1.23
17:07:47  원시위도:37.496326
17:07:47  원시경도:126.955862
17:07:47  GPS채택:830
17:07:47  GPS이상치거부:0
17:07:47  GPS품질거부:4
17:07:47  GPS재기준:0
17:07:47  RSSI원시:-64
17:07:47  RSSI평활:-65.6
17:07:47  RSSI샘플:3089
17:07:47  RSSI경과ms:85
17:07:47  차량수신:2031
17:07:47  UWB유효:1
17:07:47  UWB보정:1
17:07:47  UWB원시거리:4.990
17:07:47  UWB보정거리:5.241
17:07:47  UWB접근속도:0.006
17:07:47  UWB오프셋:0.234
17:07:47  UWB경과ms:327
17:07:47  UWB수신:1058
17:07:47  시각ms:229916
17:07:47  IMU시각ms:229916
17:07:47  부팅횟수:378
17:07:47  리셋원인:POWER_ON
17:07:47  GPS복구횟수:0
17:07:47  마지막GPS복구ms:0
17:07:47  위험:0
17:07:47  차량위험:0
17:07:47  차량위험경과ms:-1
17:07:47  RSU위험:0
17:07:47  RSU위험경과ms:-1
17:07:47  GPS유효:1
17:07:47  위도:37.496326
17:07:47  경도:126.955864
17:07:47  속도:0.253
17:07:47  방향:0.0
17:07:47  GPS원시속도:0.283
17:07:47  GPS원시방향유효:1
17:07:47  GPS원시방향:308.3
17:07:47  가속도:6.608,7.096,-0.417
17:07:47  자이로:-2.527,-1.191,-1.450
17:07:47  자력계:-49.650,43.950,-51.600
17:07:47  IMU방향유효:0
17:07:47  IMU방향:0.0
17:07:47  방향가속도크기:9.71
17:07:47  방향자이로크기:3.15
17:07:47  방향자세cos:0.7409
17:07:47  자기모델잔차:23.48
17:07:47  자기모델반경:1.528
17:07:47  방향채택:0
17:07:47  방향거부:25542
17:07:47  송신:2144
17:07:47  GPS위성:6
17:07:47  GPS_HDOP:1.23
17:07:47  원시위도:37.496326
17:07:47  원시경도:126.955862
17:07:47  GPS채택:830
17:07:47  GPS이상치거부:0
17:07:47  GPS품질거부:4
17:07:47  GPS재기준:0
17:07:47  RSSI원시:-63
17:07:47  RSSI평활:-64.7
17:07:47  RSSI샘플:3091
17:07:47  RSSI경과ms:68
17:07:47  차량수신:2032
17:07:47  UWB유효:1
17:07:47  UWB보정:1
17:07:47  UWB원시거리:5.040
17:07:47  UWB보정거리:5.237
17:07:47  UWB접근속도:0.008
17:07:47  UWB오프셋:0.234
17:07:47  UWB경과ms:68
17:07:47  UWB수신:1059
17:07:47  시각ms:229952
17:07:47  IMU시각ms:229952
17:07:47  부팅횟수:378
17:07:47  리셋원인:POWER_ON
17:07:47  GPS복구횟수:0
17:07:47  마지막GPS복구ms:0
17:07:47  위험:0
17:07:47  차량위험:0
17:07:47  차량위험경과ms:-1
17:07:47  RSU위험:0
17:07:47  RSU위험경과ms:-1
17:07:47  GPS유효:1
17:07:47  위도:37.496326
17:07:47  경도:126.955864
17:07:47  속도:0.253
17:07:47  방향:0.0
17:07:47  GPS원시속도:0.283
17:07:47  GPS원시방향유효:1
17:07:47  GPS원시방향:308.3
17:07:47  가속도:6.527,7.058,-0.311
17:07:47  자이로:0.702,-0.298,-0.397
17:07:47  자력계:-49.200,43.950,-51.600
17:07:47  IMU방향유효:0
17:07:47  IMU방향:0.0
17:07:47  방향가속도크기:9.62
17:07:47  방향자이로크기:0.86
17:07:47  방향자세cos:0.7476
17:07:47  자기모델잔차:23.48
17:07:47  자기모델반경:1.528
17:07:47  방향채택:0
17:07:47  방향거부:25545
17:07:47  송신:2145
17:07:47  GPS위성:6
17:07:47  GPS_HDOP:1.23
17:07:47  원시위도:37.496326
17:07:47  원시경도:126.955862
17:07:47  GPS채택:830
17:07:47  GPS이상치거부:0
17:07:47  GPS품질거부:4
17:07:47  GPS재기준:0
17:07:47  RSSI원시:-64
17:07:47  RSSI평활:-64.5
17:07:47  RSSI샘플:3092
17:07:47  RSSI경과ms:32
17:07:47  차량수신:2033
17:07:47  UWB유효:1
17:07:47  UWB보정:1
17:07:47  UWB원시거리:5.040
17:07:47  UWB보정거리:5.237
17:07:47  UWB접근속도:0.008
17:07:47  UWB오프셋:0.234
17:07:47  UWB경과ms:104
17:07:47  UWB수신:1059
17:07:48  시각ms:230163
17:07:48  IMU시각ms:230163
17:07:48  부팅횟수:378
17:07:48  리셋원인:POWER_ON
17:07:48  GPS복구횟수:0
17:07:48  마지막GPS복구ms:0
17:07:48  위험:0
17:07:48  차량위험:0
17:07:48  차량위험경과ms:-1
17:07:48  RSU위험:0
17:07:48  RSU위험경과ms:-1
17:07:48  GPS유효:1
17:07:48  위도:37.496326
17:07:48  경도:126.955864
17:07:48  속도:0.245
17:07:48  방향:0.0
17:07:48  GPS원시속도:0.231
17:07:48  GPS원시방향유효:1
17:07:48  GPS원시방향:308.3
17:07:48  가속도:6.766,6.986,-0.354
17:07:48  자이로:-1.313,0.992,-0.038
17:07:48  자력계:-49.800,47.550,-49.650
17:07:48  IMU방향유효:0
17:07:48  IMU방향:0.0
17:07:48  방향가속도크기:9.73
17:07:48  방향자이로크기:1.65
17:07:48  방향자세cos:0.7466
17:07:48  자기모델잔차:23.48
17:07:48  자기모델반경:1.528
17:07:48  방향채택:0
17:07:48  방향거부:25569
17:07:48  송신:2147
17:07:48  GPS위성:6
17:07:48  GPS_HDOP:1.23
17:07:48  원시위도:37.496325
17:07:48  원시경도:126.955862
17:07:48  GPS채택:831
17:07:48  GPS이상치거부:0
17:07:48  GPS품질거부:4
17:07:48  GPS재기준:0
17:07:48  RSSI원시:-62
17:07:48  RSSI평활:-63.4
17:07:48  RSSI샘플:3095
17:07:48  RSSI경과ms:39
17:07:48  차량수신:2035
17:07:48  UWB유효:1
17:07:48  UWB보정:1
17:07:48  UWB원시거리:5.010
17:07:48  UWB보정거리:5.236
17:07:48  UWB접근속도:0.007
17:07:48  UWB오프셋:0.234
17:07:48  UWB경과ms:119
17:07:48  UWB수신:1060
17:07:48  시각ms:230389
17:07:48  IMU시각ms:230389
17:07:48  부팅횟수:378
17:07:48  리셋원인:POWER_ON
17:07:48  GPS복구횟수:0
17:07:48  마지막GPS복구ms:0
17:07:48  위험:0
17:07:48  차량위험:0
17:07:48  차량위험경과ms:-1
17:07:48  RSU위험:0
17:07:48  RSU위험경과ms:-1
17:07:48  GPS유효:1
17:07:48  위도:37.496323
17:07:48  경도:126.955864
17:07:48  속도:0.232
17:07:48  방향:0.0
17:07:48  GPS원시속도:0.226
17:07:48  GPS원시방향유효:1
17:07:48  GPS원시방향:308.3
17:07:48  가속도:6.507,7.087,-0.254
17:07:48  자이로:-2.733,1.389,-3.176
17:07:48  자력계:-47.400,45.150,-51.600
17:07:48  IMU방향유효:0
17:07:48  IMU방향:0.0
17:07:48  방향가속도크기:9.62
17:07:48  방향자이로크기:4.41
17:07:48  방향자세cos:0.7513
17:07:48  자기모델잔차:23.48
17:07:48  자기모델반경:1.528
17:07:48  방향채택:0
17:07:48  방향거부:25595
17:07:48  송신:2149
17:07:48  GPS위성:6
17:07:48  GPS_HDOP:1.23
17:07:48  원시위도:37.496324
17:07:48  원시경도:126.955863
17:07:48  GPS채택:833
17:07:48  GPS이상치거부:0
17:07:48  GPS품질거부:4
17:07:48  GPS재기준:0
17:07:48  RSSI원시:-62
17:07:48  RSSI평활:-62.6
17:07:48  RSSI샘플:3098
17:07:48  RSSI경과ms:68
17:07:48  차량수신:2037
17:07:48  UWB유효:1
17:07:48  UWB보정:1
17:07:48  UWB원시거리:5.010
17:07:48  UWB보정거리:5.239
17:07:48  UWB접근속도:0.001
17:07:48  UWB오프셋:0.234
17:07:48  UWB경과ms:140
17:07:48  UWB수신:1061
17:07:48  시각ms:230435
17:07:48  IMU시각ms:230435
17:07:48  부팅횟수:378
17:07:48  리셋원인:POWER_ON
17:07:48  GPS복구횟수:0
17:07:48  마지막GPS복구ms:0
17:07:48  위험:0
17:07:48  차량위험:0
17:07:48  차량위험경과ms:-1
17:07:48  RSU위험:0
17:07:48  RSU위험경과ms:-1
17:07:48  GPS유효:1
17:07:48  위도:37.496323
17:07:48  경도:126.955864
17:07:48  속도:0.232
17:07:48  방향:0.0
17:07:48  GPS원시속도:0.226
17:07:48  GPS원시방향유효:1
17:07:48  GPS원시방향:308.3
17:07:48  가속도:6.622,6.938,-0.215
17:07:48  자이로:-1.489,1.550,-1.916
17:07:48  자력계:-48.450,44.250,-51.000
17:07:48  IMU방향유효:0
17:07:48  IMU방향:0.0
17:07:48  방향가속도크기:9.59
17:07:48  방향자이로크기:2.88
17:07:48  방향자세cos:0.7553
17:07:48  자기모델잔차:23.48
17:07:48  자기모델반경:1.528
17:07:48  방향채택:0
17:07:48  방향거부:25601
17:07:48  송신:2149
17:07:48  GPS위성:6
17:07:48  GPS_HDOP:1.23
17:07:48  원시위도:37.496324
17:07:48  원시경도:126.955863
17:07:48  GPS채택:833
17:07:48  GPS이상치거부:0
17:07:48  GPS품질거부:4
17:07:48  GPS재기준:0
17:07:48  RSSI원시:-61
17:07:48  RSSI평활:-62.3
17:07:48  RSSI샘플:3099
17:07:48  RSSI경과ms:11
17:07:48  차량수신:2038
17:07:48  UWB유효:1
17:07:48  UWB보정:1
17:07:48  UWB원시거리:5.010
17:07:48  UWB보정거리:5.239
17:07:48  UWB접근속도:0.001
17:07:48  UWB오프셋:0.234
17:07:48  UWB경과ms:186
17:07:48  UWB수신:1061
17:07:48  시각ms:230516
17:07:48  IMU시각ms:230516
17:07:48  부팅횟수:378
17:07:48  리셋원인:POWER_ON
17:07:48  GPS복구횟수:0
17:07:48  마지막GPS복구ms:0
17:07:48  위험:0
17:07:48  차량위험:0
17:07:48  차량위험경과ms:-1
17:07:48  RSU위험:0
17:07:48  RSU위험경과ms:-1
17:07:48  GPS유효:1
17:07:48  위도:37.496323
17:07:48  경도:126.955864
17:07:48  속도:0.232
17:07:48  방향:0.0
17:07:48  GPS원시속도:0.226
17:07:48  GPS원시방향유효:1
17:07:48  GPS원시방향:308.3
17:07:48  가속도:6.551,7.216,-0.388
17:07:48  자이로:0.420,-0.252,0.992
17:07:48  자력계:-48.750,45.300,-50.400
17:07:48  IMU방향유효:0
17:07:48  IMU방향:0.0
17:07:48  방향가속도크기:9.75
17:07:48  방향자이로크기:1.11
17:07:48  방향자세cos:0.7419
17:07:48  자기모델잔차:23.48
17:07:48  자기모델반경:1.528
17:07:48  방향채택:0
17:07:48  방향거부:25610
17:07:48  송신:2150
17:07:48  GPS위성:6
17:07:48  GPS_HDOP:1.23
17:07:48  원시위도:37.496324
17:07:48  원시경도:126.955863
17:07:48  GPS채택:833
17:07:48  GPS이상치거부:0
17:07:48  GPS품질거부:4
17:07:48  GPS재기준:0
17:07:48  RSSI원시:-61
17:07:48  RSSI평활:-62.0
17:07:48  RSSI샘플:3100
17:07:48  RSSI경과ms:66
17:07:48  차량수신:2038
17:07:48  UWB유효:1
17:07:48  UWB보정:1
17:07:48  UWB원시거리:5.020
17:07:48  UWB보정거리:5.241
17:07:48  UWB접근속도:-0.002
17:07:48  UWB오프셋:0.234
17:07:48  UWB경과ms:66
17:07:48  UWB수신:1062
17:07:48  시각ms:230644
17:07:48  IMU시각ms:230644
17:07:48  부팅횟수:378
17:07:48  리셋원인:POWER_ON
17:07:48  GPS복구횟수:0
17:07:48  마지막GPS복구ms:0
17:07:48  위험:0
17:07:48  차량위험:0
17:07:48  차량위험경과ms:-1
17:07:48  RSU위험:0
17:07:48  RSU위험경과ms:-1
17:07:48  GPS유효:1
17:07:48  위도:37.496323
17:07:48  경도:126.955864
17:07:48  속도:0.237
17:07:48  방향:0.0
17:07:48  GPS원시속도:0.247
17:07:48  GPS원시방향유효:1
17:07:48  GPS원시방향:308.3
17:07:48  가속도:6.613,7.135,-0.244
17:07:48  자이로:-2.092,-0.519,-0.962
17:07:48  자력계:-49.200,43.950,-51.000
17:07:48  IMU방향유효:0
17:07:48  IMU방향:0.0
17:07:48  방향가속도크기:9.73
17:07:48  방향자이로크기:2.36
17:07:48  방향자세cos:0.7525
17:07:48  자기모델잔차:23.48
17:07:48  자기모델반경:1.528
17:07:48  방향채택:0
17:07:48  방향거부:25625
17:07:48  송신:2151
17:07:48  GPS위성:6
17:07:48  GPS_HDOP:1.23
17:07:48  원시위도:37.496324
17:07:48  원시경도:126.955863
17:07:48  GPS채택:834
17:07:48  GPS이상치거부:0
17:07:48  GPS품질거부:4
17:07:48  GPS재기준:0
17:07:48  RSSI원시:-61
17:07:48  RSSI평활:-61.6
17:07:48  RSSI샘플:3102
17:07:48  RSSI경과ms:20
17:07:48  차량수신:2040
17:07:48  UWB유효:1
17:07:48  UWB보정:1
17:07:48  UWB원시거리:5.020
17:07:48  UWB보정거리:5.241
17:07:48  UWB접근속도:-0.002
17:07:48  UWB오프셋:0.234
17:07:48  UWB경과ms:194
17:07:48  UWB수신:1062
17:07:48  시각ms:230679
17:07:48  IMU시각ms:230679
17:07:48  부팅횟수:378
17:07:48  리셋원인:POWER_ON
17:07:48  GPS복구횟수:0
17:07:48  마지막GPS복구ms:0
17:07:48  위험:0
17:07:48  차량위험:0
17:07:48  차량위험경과ms:-1
17:07:48  RSU위험:0
17:07:48  RSU위험경과ms:-1
17:07:48  GPS유효:1
17:07:48  위도:37.496323
17:07:48  경도:126.955864
17:07:48  속도:0.237
17:07:48  방향:0.0
17:07:48  GPS원시속도:0.247
17:07:48  GPS원시방향유효:1
17:07:48  GPS원시방향:308.3
17:07:48  가속도:6.579,7.025,-0.316
17:07:48  자이로:0.130,-0.435,1.855
17:07:48  자력계:-49.050,42.600,-50.400
17:07:48  IMU방향유효:0
17:07:48  IMU방향:0.0
17:07:48  방향가속도크기:9.63
17:07:48  방향자이로크기:1.91
17:07:48  방향자세cos:0.7478
17:07:48  자기모델잔차:23.48
17:07:48  자기모델반경:1.528
17:07:48  방향채택:0
17:07:48  방향거부:25628
17:07:48  송신:2152
17:07:48  GPS위성:6
17:07:48  GPS_HDOP:1.23
17:07:48  원시위도:37.496324
17:07:48  원시경도:126.955863
17:07:48  GPS채택:834
17:07:48  GPS이상치거부:0
17:07:48  GPS품질거부:4
17:07:48  GPS재기준:0
17:07:48  RSSI원시:-61
17:07:48  RSSI평활:-61.5
17:07:48  RSSI샘플:3103
17:07:48  RSSI경과ms:27
17:07:48  차량수신:2040
17:07:48  UWB유효:1
17:07:48  UWB보정:1
17:07:48  UWB원시거리:5.050
17:07:48  UWB보정거리:5.246
17:07:48  UWB접근속도:-0.009
17:07:48  UWB오프셋:0.234
17:07:48  UWB경과ms:27
17:07:48  UWB수신:1063
17:07:48  시각ms:230748
17:07:48  IMU시각ms:230748
17:07:48  부팅횟수:378
17:07:48  리셋원인:POWER_ON
17:07:48  GPS복구횟수:0
17:07:48  마지막GPS복구ms:0
17:07:48  위험:0
17:07:48  차량위험:0
17:07:48  차량위험경과ms:-1
17:07:48  RSU위험:0
17:07:48  RSU위험경과ms:-1
17:07:48  GPS유효:1
17:07:48  위도:37.496323
17:07:48  경도:126.955864
17:07:48  속도:0.237
17:07:48  방향:0.0
17:07:48  GPS원시속도:0.247
17:07:48  GPS원시방향유효:1
17:07:48  GPS원시방향:308.3
17:07:48  가속도:6.541,7.034,-0.345
17:07:48  자이로:1.069,-1.779,1.145
17:07:48  자력계:-49.500,43.800,-51.150
17:07:48  IMU방향유효:0
17:07:48  IMU방향:0.0
17:07:48  방향가속도크기:9.61
17:07:48  방향자이로크기:2.37
17:07:48  방향자세cos:0.7455
17:07:48  자기모델잔차:23.48
17:07:48  자기모델반경:1.528
17:07:48  방향채택:0
17:07:48  방향거부:25637
17:07:48  송신:2152
17:07:48  GPS위성:6
17:07:48  GPS_HDOP:1.23
17:07:48  원시위도:37.496324
17:07:48  원시경도:126.955863
17:07:48  GPS채택:834
17:07:48  GPS이상치거부:0
17:07:48  GPS품질거부:4
17:07:48  GPS재기준:0
17:07:48  RSSI원시:-62
17:07:48  RSSI평활:-61.6
17:07:48  RSSI샘플:3104
17:07:48  RSSI경과ms:11
17:07:48  차량수신:2041
17:07:48  UWB유효:1
17:07:48  UWB보정:1
17:07:48  UWB원시거리:5.050
17:07:48  UWB보정거리:5.246
17:07:48  UWB접근속도:-0.009
17:07:48  UWB오프셋:0.234
17:07:48  UWB경과ms:96
17:07:48  UWB수신:1063
17:07:48  시각ms:230784
17:07:48  IMU시각ms:230784
17:07:48  부팅횟수:378
17:07:48  리셋원인:POWER_ON
17:07:48  GPS복구횟수:0
17:07:48  마지막GPS복구ms:0
17:07:48  위험:0
17:07:48  차량위험:0
17:07:48  차량위험경과ms:-1
17:07:48  RSU위험:0
17:07:48  RSU위험경과ms:-1
17:07:48  GPS유효:1
17:07:48  위도:37.496323
17:07:48  경도:126.955864
17:07:48  속도:0.233
17:07:48  방향:0.0
17:07:48  GPS원시속도:0.226
17:07:48  GPS원시방향유효:1
17:07:48  GPS원시방향:308.3
17:07:48  가속도:6.574,7.130,-0.330
17:07:48  자이로:-0.954,0.534,0.328
17:07:48  자력계:-49.800,44.550,-50.400
17:07:48  IMU방향유효:0
17:07:48  IMU방향:0.0
17:07:48  방향가속도크기:9.70
17:07:48  방향자이로크기:1.14
17:07:48  방향자세cos:0.7464
17:07:48  자기모델잔차:23.48
17:07:48  자기모델반경:1.528
17:07:48  방향채택:0
17:07:48  방향거부:25640
17:07:48  송신:2153
17:07:48  GPS위성:6
17:07:48  GPS_HDOP:1.23
17:07:48  원시위도:37.496323
17:07:48  원시경도:126.955863
17:07:48  GPS채택:835
17:07:48  GPS이상치거부:0
17:07:48  GPS품질거부:4
17:07:48  GPS재기준:0
17:07:48  RSSI원시:-62
17:07:48  RSSI평활:-61.6
17:07:48  RSSI샘플:3104
17:07:48  RSSI경과ms:47
17:07:48  차량수신:2041
17:07:48  UWB유효:1
17:07:48  UWB보정:1
17:07:48  UWB원시거리:5.050
17:07:48  UWB보정거리:5.246
17:07:48  UWB접근속도:-0.009
17:07:48  UWB오프셋:0.234
17:07:48  UWB경과ms:132
17:07:48  UWB수신:1063
17:07:48  시각ms:230807
17:07:48  IMU시각ms:230807
17:07:48  부팅횟수:378
17:07:48  리셋원인:POWER_ON
17:07:48  GPS복구횟수:0
17:07:48  마지막GPS복구ms:0
17:07:48  위험:0
17:07:48  차량위험:0
17:07:48  차량위험경과ms:-1
17:07:48  RSU위험:0
17:07:48  RSU위험경과ms:-1
17:07:48  GPS유효:1
17:07:48  위도:37.496323
17:07:48  경도:126.955864
17:07:48  속도:0.233
17:07:48  방향:0.0
17:07:48  GPS원시속도:0.226
17:07:48  GPS원시방향유효:1
17:07:48  GPS원시방향:308.3
17:07:48  가속도:6.584,7.168,-0.249
17:07:48  자이로:-1.901,-0.489,1.443
17:07:48  자력계:-49.200,45.150,-51.300
17:07:48  IMU방향유효:0
17:07:48  IMU방향:0.0
17:07:48  방향가속도크기:9.74
17:07:48  방향자이로크기:2.44
17:07:48  방향자세cos:0.7518
17:07:48  자기모델잔차:23.48
17:07:48  자기모델반경:1.528
17:07:48  방향채택:0
17:07:48  방향거부:25643
17:07:48  송신:2153
17:07:48  GPS위성:6
17:07:48  GPS_HDOP:1.23
17:07:48  원시위도:37.496323
17:07:48  원시경도:126.955863
17:07:48  GPS채택:835
17:07:48  GPS이상치거부:0
17:07:48  GPS품질거부:4
17:07:48  GPS재기준:0
17:07:48  RSSI원시:-62
17:07:48  RSSI평활:-61.6
17:07:48  RSSI샘플:3104
17:07:48  RSSI경과ms:70
17:07:48  차량수신:2041
17:07:48  UWB유효:1
17:07:48  UWB보정:1
17:07:48  UWB원시거리:5.050
17:07:48  UWB보정거리:5.246
17:07:48  UWB접근속도:-0.009
17:07:48  UWB오프셋:0.234
17:07:48  UWB경과ms:155
17:07:48  UWB수신:1063
17:07:48  시각ms:230911
17:07:48  IMU시각ms:230911
17:07:48  부팅횟수:378
17:07:48  리셋원인:POWER_ON
17:07:48  GPS복구횟수:0
17:07:48  마지막GPS복구ms:0
17:07:48  위험:0
17:07:48  차량위험:0
17:07:48  차량위험경과ms:-1
17:07:48  RSU위험:0
17:07:48  RSU위험경과ms:-1
17:07:48  GPS유효:1
17:07:48  위도:37.496323
17:07:48  경도:126.955864
17:07:48  속도:0.233
17:07:48  방향:0.0
17:07:48  GPS원시속도:0.226
17:07:48  GPS원시방향유효:1
17:07:48  GPS원시방향:308.3
17:07:48  가속도:6.680,7.140,-0.254
17:07:48  자이로:-13.198,-13.878,1.565
17:07:48  자력계:-49.200,44.250,-50.550
17:07:48  IMU방향유효:0
17:07:48  IMU방향:0.0
17:07:48  방향가속도크기:9.78
17:07:48  방향자이로크기:19.22
17:07:48  방향자세cos:0.7523
17:07:48  자기모델잔차:23.48
17:07:48  자기모델반경:1.528
17:07:48  방향채택:0
17:07:48  방향거부:25655
17:07:48  송신:2154
17:07:48  GPS위성:6
17:07:48  GPS_HDOP:1.23
17:07:48  원시위도:37.496323
17:07:48  원시경도:126.955863
17:07:48  GPS채택:835
17:07:48  GPS이상치거부:0
17:07:48  GPS품질거부:4
17:07:48  GPS재기준:0
17:07:48  RSSI원시:-62
17:07:48  RSSI평활:-61.7
17:07:48  RSSI샘플:3105
17:07:48  RSSI경과ms:56
17:07:48  차량수신:2041
17:07:48  UWB유효:1
17:07:48  UWB보정:1
17:07:48  UWB원시거리:5.020
17:07:48  UWB보정거리:5.249
17:07:48  UWB접근속도:-0.011
17:07:48  UWB오프셋:0.234
17:07:48  UWB경과ms:56
17:07:48  UWB수신:1064
17:07:48  시각ms:231016
17:07:48  IMU시각ms:231016
17:07:48  부팅횟수:378
17:07:49  리셋원인:POWER_ON
17:07:49  GPS복구횟수:0
17:07:49  마지막GPS복구ms:0
17:07:49  위험:0
17:07:49  차량위험:0
17:07:49  차량위험경과ms:-1
17:07:49  RSU위험:0
17:07:49  RSU위험경과ms:-1
17:07:49  GPS유효:1
17:07:49  위도:37.496323
17:07:49  경도:126.955864
17:07:49  속도:0.227
17:07:49  방향:0.0
17:07:49  GPS원시속도:0.216
17:07:49  GPS원시방향유효:1
17:07:49  GPS원시방향:308.3
17:07:49  가속도:6.656,6.876,-0.302
17:07:49  자이로:-12.290,-12.069,-0.580
17:07:49  자력계:-48.000,45.300,-51.150
17:07:49  IMU방향유효:0
17:07:49  IMU방향:0.0
17:07:49  방향가속도크기:9.57
17:07:49  방향자이로크기:17.23
17:07:49  방향자세cos:0.7498
17:07:49  자기모델잔차:23.48
17:07:49  자기모델반경:1.528
17:07:49  방향채택:0
17:07:49  방향거부:25667
17:07:49  송신:2155
17:07:49  GPS위성:6
17:07:49  GPS_HDOP:1.23
17:07:49  원시위도:37.496322
17:07:49  원시경도:126.955863
17:07:49  GPS채택:836
17:07:49  GPS이상치거부:0
17:07:49  GPS품질거부:4
17:07:49  GPS재기준:0
17:07:49  RSSI원시:-63
17:07:49  RSSI평활:-62.0
17:07:49  RSSI샘플:3106
17:07:49  RSSI경과ms:71
17:07:49  차량수신:2042
17:07:49  UWB유효:1
17:07:49  UWB보정:1
17:07:49  UWB원시거리:5.020
17:07:49  UWB보정거리:5.249
17:07:49  UWB접근속도:-0.011
17:07:49  UWB오프셋:0.234
17:07:49  UWB경과ms:161
17:07:49  UWB수신:1064
17:07:49  시각ms:231039
17:07:49  IMU시각ms:231039
17:07:49  부팅횟수:378
17:07:49  리셋원인:POWER_ON
17:07:49  GPS복구횟수:0
17:07:49  마지막GPS복구ms:0
17:07:49  위험:0
17:07:49  차량위험:0
17:07:49  차량위험경과ms:-1
17:07:49  RSU위험:0
17:07:49  RSU위험경과ms:-1
17:07:49  GPS유효:1
17:07:49  위도:37.496323
17:07:49  경도:126.955864
17:07:49  속도:0.227
17:07:49  방향:0.0
17:07:49  GPS원시속도:0.216
17:07:49  GPS원시방향유효:1
17:07:49  GPS원시방향:308.3
17:07:49  가속도:6.780,6.934,-0.369
17:07:49  자이로:-6.679,-5.962,0.069
17:07:49  자력계:-49.050,45.600,-50.400
17:07:49  IMU방향유효:0
17:07:49  IMU방향:0.0
17:07:49  방향가속도크기:9.70
17:07:49  방향자이로크기:8.95
17:07:49  방향자세cos:0.7459
17:07:49  자기모델잔차:23.48
17:07:49  자기모델반경:1.528
17:07:49  방향채택:0
17:07:49  방향거부:25670
17:07:49  송신:2155
17:07:49  GPS위성:6
17:07:49  GPS_HDOP:1.23
17:07:49  원시위도:37.496322
17:07:49  원시경도:126.955863
17:07:49  GPS채택:836
17:07:49  GPS이상치거부:0
17:07:49  GPS품질거부:4
17:07:49  GPS재기준:0
17:07:49  RSSI원시:-63
17:07:49  RSSI평활:-62.0
17:07:49  RSSI샘플:3106
17:07:49  RSSI경과ms:94
17:07:49  차량수신:2042
17:07:49  UWB유효:1
17:07:49  UWB보정:1
17:07:49  UWB원시거리:5.020
17:07:49  UWB보정거리:5.249
17:07:49  UWB접근속도:-0.011
17:07:49  UWB오프셋:0.234
17:07:49  UWB경과ms:184
17:07:49  UWB수신:1064
17:07:49  시각ms:231062
17:07:49  IMU시각ms:231062
17:07:49  부팅횟수:378
17:07:49  리셋원인:POWER_ON
17:07:49  GPS복구횟수:0
17:07:49  마지막GPS복구ms:0
17:07:49  위험:0
17:07:49  차량위험:0
17:07:49  차량위험경과ms:-1
17:07:49  RSU위험:0
17:07:49  RSU위험경과ms:-1
17:07:49  GPS유효:1
17:07:49  위도:37.496323
17:07:49  경도:126.955864
17:07:49  속도:0.227
17:07:49  방향:0.0
17:07:49  GPS원시속도:0.216
17:07:49  GPS원시방향유효:1
17:07:49  GPS원시방향:308.3
17:07:49  가속도:6.574,7.173,-0.177
17:07:49  자이로:-7.870,-8.015,-0.069
17:07:49  자력계:-49.200,44.700,-51.000
17:07:49  IMU방향유효:0
17:07:49  IMU방향:0.0
17:07:49  방향가속도크기:9.73
17:07:49  방향자이로크기:11.23
17:07:49  방향자세cos:0.7565
17:07:49  자기모델잔차:23.48
17:07:49  자기모델반경:1.528
17:07:49  방향채택:0
17:07:49  방향거부:25673
17:07:49  송신:2155
17:07:49  GPS위성:6
17:07:49  GPS_HDOP:1.23
17:07:49  원시위도:37.496322
17:07:49  원시경도:126.955863
17:07:49  GPS채택:836
17:07:49  GPS이상치거부:0
17:07:49  GPS품질거부:4
17:07:49  GPS재기준:0
17:07:49  RSSI원시:-63
17:07:49  RSSI평활:-62.3
17:07:49  RSSI샘플:3108
17:07:49  RSSI경과ms:9
17:07:49  차량수신:2043
17:07:49  UWB유효:1
17:07:49  UWB보정:1
17:07:49  UWB원시거리:5.020
17:07:49  UWB보정거리:5.251
17:07:49  UWB접근속도:-0.010
17:07:49  UWB오프셋:0.234
17:07:49  UWB경과ms:10
17:07:49  UWB수신:1065
17:07:49  시각ms:231143
17:07:49  IMU시각ms:231143
17:07:49  부팅횟수:378
17:07:49  리셋원인:POWER_ON
17:07:49  GPS복구횟수:0
17:07:49  마지막GPS복구ms:0
17:07:49  위험:0
17:07:49  차량위험:0
17:07:49  차량위험경과ms:-1
17:07:49  RSU위험:0
17:07:49  RSU위험경과ms:-1
17:07:49  GPS유효:1
17:07:49  위도:37.496323
17:07:49  경도:126.955864
17:07:49  속도:0.227
17:07:49  방향:0.0
17:07:49  GPS원시속도:0.216
17:07:49  GPS원시방향유효:1
17:07:49  GPS원시방향:308.3
17:07:49  가속도:6.713,6.891,-0.297
17:07:49  자이로:-1.771,-1.679,-2.427
17:07:49  자력계:-48.000,44.850,-51.450
17:07:49  IMU방향유효:0
17:07:49  IMU방향:0.0
17:07:49  방향가속도크기:9.62
17:07:49  방향자이로크기:3.44
17:07:49  방향자세cos:0.7505
17:07:49  자기모델잔차:23.48
17:07:49  자기모델반경:1.528
17:07:49  방향채택:0
17:07:49  방향거부:25682
17:07:49  송신:2156
17:07:49  GPS위성:6
17:07:49  GPS_HDOP:1.23
17:07:49  원시위도:37.496322
17:07:49  원시경도:126.955863
17:07:49  GPS채택:836
17:07:49  GPS이상치거부:0
17:07:49  GPS품질거부:4
17:07:49  GPS재기준:0
17:07:49  RSSI원시:-63
17:07:49  RSSI평활:-62.3
17:07:49  RSSI샘플:3108
17:07:49  RSSI경과ms:90
17:07:49  차량수신:2043
17:07:49  UWB유효:1
17:07:49  UWB보정:1
17:07:49  UWB원시거리:5.020
17:07:49  UWB보정거리:5.251
17:07:49  UWB접근속도:-0.010
17:07:49  UWB오프셋:0.234
17:07:49  UWB경과ms:91
17:07:49  UWB수신:1065
17:07:49  시각ms:231203
17:07:49  IMU시각ms:231203
17:07:49  부팅횟수:378
17:07:49  리셋원인:POWER_ON
17:07:49  GPS복구횟수:0
17:07:49  마지막GPS복구ms:0
17:07:49  위험:0
17:07:49  차량위험:0
17:07:49  차량위험경과ms:-1
17:07:49  RSU위험:0
17:07:49  RSU위험경과ms:-1
17:07:49  GPS유효:1
17:07:49  위도:37.496323
17:07:49  경도:126.955864
17:07:49  속도:0.216
17:07:49  방향:0.0
17:07:49  GPS원시속도:0.195
17:07:49  GPS원시방향유효:1
17:07:49  GPS원시방향:308.3
17:07:49  가속도:6.531,7.072,-0.177
17:07:49  자이로:0.954,-0.573,-0.786
17:07:49  자력계:-48.150,46.200,-51.300
17:07:49  IMU방향유효:0
17:07:49  IMU방향:0.0
17:07:49  방향가속도크기:9.63
17:07:49  방향자이로크기:1.36
17:07:49  방향자세cos:0.7567
17:07:49  자기모델잔차:23.48
17:07:49  자기모델반경:1.528
17:07:49  방향채택:0
17:07:49  방향거부:25688
17:07:49  송신:2157
17:07:49  GPS위성:6
17:07:49  GPS_HDOP:1.23
17:07:49  원시위도:37.496322
17:07:49  원시경도:126.955863
17:07:49  GPS채택:837
17:07:49  GPS이상치거부:0
17:07:49  GPS품질거부:4
17:07:49  GPS재기준:0
17:07:49  RSSI원시:-64
17:07:49  RSSI평활:-62.7
17:07:49  RSSI샘플:3109
17:07:49  RSSI경과ms:39
17:07:49  차량수신:2044
17:07:49  UWB유효:1
17:07:49  UWB보정:1
17:07:49  UWB원시거리:5.020
17:07:49  UWB보정거리:5.251
17:07:49  UWB접근속도:-0.010
17:07:49  UWB오프셋:0.234
17:07:49  UWB경과ms:151
17:07:49  UWB수신:1065
17:07:49  시각ms:231226
17:07:49  IMU시각ms:231226
17:07:49  부팅횟수:378
17:07:49  리셋원인:POWER_ON
17:07:49  GPS복구횟수:0
17:07:49  마지막GPS복구ms:0
17:07:49  위험:0
17:07:49  차량위험:0
17:07:49  차량위험경과ms:-1
17:07:49  RSU위험:0
17:07:49  RSU위험경과ms:-1
17:07:49  GPS유효:1
17:07:49  위도:37.496323
17:07:49  경도:126.955864
17:07:49  속도:0.216
17:07:49  방향:0.0
17:07:49  GPS원시속도:0.195
17:07:49  GPS원시방향유효:1
17:07:49  GPS원시방향:308.3
17:07:49  가속도:6.560,7.068,-0.297
17:07:49  자이로:1.290,1.137,0.267
17:07:49  자력계:-49.050,44.850,-50.400
17:07:49  IMU방향유효:0
17:07:49  IMU방향:0.0
17:07:49  방향가속도크기:9.65
17:07:49  방향자이로크기:1.74
17:07:49  방향자세cos:0.7488
17:07:49  자기모델잔차:23.48
17:07:49  자기모델반경:1.528
17:07:49  방향채택:0
17:07:49  방향거부:25691
17:07:49  송신:2157
17:07:49  GPS위성:6
17:07:49  GPS_HDOP:1.23
17:07:49  원시위도:37.496322
17:07:49  원시경도:126.955863
17:07:49  GPS채택:837
17:07:49  GPS이상치거부:0
17:07:49  GPS품질거부:4
17:07:49  GPS재기준:0
17:07:49  RSSI원시:-64
17:07:49  RSSI평활:-62.7
17:07:49  RSSI샘플:3109
17:07:49  RSSI경과ms:62
17:07:49  차량수신:2044
17:07:49  UWB유효:1
17:07:49  UWB보정:1
17:07:49  UWB원시거리:5.020
17:07:49  UWB보정거리:5.251
17:07:49  UWB접근속도:-0.010
17:07:49  UWB오프셋:0.234
17:07:49  UWB경과ms:174
17:07:49  UWB수신:1065
17:07:49  시각ms:231249
17:07:49  IMU시각ms:231249
17:07:49  부팅횟수:378
17:07:49  리셋원인:POWER_ON
17:07:49  GPS복구횟수:0
17:07:49  마지막GPS복구ms:0
17:07:49  위험:0
17:07:49  차량위험:0
17:07:49  차량위험경과ms:-1
17:07:49  RSU위험:0
17:07:49  RSU위험경과ms:-1
17:07:49  GPS유효:1
17:07:49  위도:37.496323
17:07:49  경도:126.955864
17:07:49  속도:0.216
17:07:49  방향:0.0
17:07:49  GPS원시속도:0.195
17:07:49  GPS원시방향유효:1
17:07:49  GPS원시방향:308.3
17:07:49  가속도:6.488,6.996,-0.292
17:07:49  자이로:-0.641,-1.061,-0.908
17:07:49  자력계:-49.050,45.600,-50.400
17:07:49  IMU방향유효:0
17:07:49  IMU방향:0.0
17:07:49  방향가속도크기:9.55
17:07:49  방향자이로크기:1.54
17:07:49  방향자세cos:0.7489
17:07:49  자기모델잔차:23.48
17:07:49  자기모델반경:1.528
17:07:49  방향채택:0
17:07:49  방향거부:25694
17:07:49  송신:2157
17:07:49  GPS위성:6
17:07:49  GPS_HDOP:1.23
17:07:49  원시위도:37.496322
17:07:49  원시경도:126.955863
17:07:49  GPS채택:837
17:07:49  GPS이상치거부:0
17:07:49  GPS품질거부:4
17:07:49  GPS재기준:0
17:07:49  RSSI원시:-65
17:07:49  RSSI평활:-63.1
17:07:49  RSSI샘플:3110
17:07:49  RSSI경과ms:2
17:07:49  차량수신:2044
17:07:49  UWB유효:1
17:07:49  UWB보정:1
17:07:49  UWB원시거리:5.010
17:07:49  UWB보정거리:5.252
17:07:49  UWB접근속도:-0.009
17:07:49  UWB오프셋:0.234
17:07:49  UWB경과ms:2
17:07:49  UWB수신:1066
17:07:49  시각ms:231307
17:07:49  IMU시각ms:231307
17:07:49  부팅횟수:378
17:07:49  리셋원인:POWER_ON
17:07:49  GPS복구횟수:0
17:07:49  마지막GPS복구ms:0
17:07:49  위험:0
17:07:49  차량위험:0
17:07:49  차량위험경과ms:-1
17:07:49  RSU위험:0
17:07:49  RSU위험경과ms:-1
17:07:49  GPS유효:1
17:07:49  위도:37.496323
17:07:49  경도:126.955864
17:07:49  속도:0.216
17:07:49  방향:0.0
17:07:49  GPS원시속도:0.195
17:07:49  GPS원시방향유효:1
17:07:49  GPS원시방향:308.3
17:07:49  가속도:6.541,7.087,-0.254
17:07:49  자이로:0.611,-0.977,0.489
17:07:49  자력계:-46.950,45.150,-50.550
17:07:49  IMU방향유효:0
17:07:49  IMU방향:0.0
17:07:49  방향가속도크기:9.65
17:07:49  방향자이로크기:1.25
17:07:49  방향자세cos:0.7515
17:07:49  자기모델잔차:23.48
17:07:49  자기모델반경:1.528
17:07:49  방향채택:0
17:07:49  방향거부:25700
17:07:49  송신:2158
17:07:49  GPS위성:6
17:07:49  GPS_HDOP:1.23
17:07:49  원시위도:37.496322
17:07:49  원시경도:126.955863
17:07:49  GPS채택:837
17:07:49  GPS이상치거부:0
17:07:49  GPS품질거부:4
17:07:49  GPS재기준:0
17:07:49  RSSI원시:-65
17:07:49  RSSI평활:-63.5
17:07:49  RSSI샘플:3111
17:07:49  RSSI경과ms:47
17:07:49  차량수신:2045
17:07:49  UWB유효:1
17:07:49  UWB보정:1
17:07:49  UWB원시거리:5.010
17:07:49  UWB보정거리:5.252
17:07:49  UWB접근속도:-0.009
17:07:49  UWB오프셋:0.234
17:07:49  UWB경과ms:60
17:07:49  UWB수신:1066
17:07:49  시각ms:231331
17:07:49  IMU시각ms:231331
17:07:49  부팅횟수:378
17:07:49  리셋원인:POWER_ON
17:07:49  GPS복구횟수:0
17:07:49  마지막GPS복구ms:0
17:07:49  위험:0
17:07:49  차량위험:0
17:07:49  차량위험경과ms:-1
17:07:49  RSU위험:0
17:07:49  RSU위험경과ms:-1
17:07:49  GPS유효:1
17:07:49  위도:37.496323
17:07:49  경도:126.955864
17:07:49  속도:0.216
17:07:49  방향:0.0
17:07:49  GPS원시속도:0.195
17:07:49  GPS원시방향유효:1
17:07:49  GPS원시방향:308.3
17:07:49  가속도:6.632,7.111,-0.211
17:07:49  자이로:-2.321,-3.008,-1.084
17:07:49  자력계:-49.650,44.250,-51.300
17:07:49  IMU방향유효:0
17:07:49  IMU방향:0.0
17:07:49  방향가속도크기:9.73
17:07:49  방향자이로크기:3.95
17:07:49  방향자세cos:0.7550
17:07:49  자기모델잔차:23.48
17:07:49  자기모델반경:1.528
17:07:49  방향채택:0
17:07:49  방향거부:25703
17:07:49  송신:2158
17:07:49  GPS위성:6
17:07:49  GPS_HDOP:1.23
17:07:49  원시위도:37.496322
17:07:49  원시경도:126.955863
17:07:49  GPS채택:837
17:07:49  GPS이상치거부:0
17:07:49  GPS품질거부:4
17:07:49  GPS재기준:0
17:07:49  RSSI원시:-65
17:07:49  RSSI평활:-63.5
17:07:49  RSSI샘플:3111
17:07:49  RSSI경과ms:71
17:07:49  차량수신:2045
17:07:49  UWB유효:1
17:07:49  UWB보정:1
17:07:49  UWB원시거리:5.010
17:07:49  UWB보정거리:5.252
17:07:49  UWB접근속도:-0.009
17:07:49  UWB오프셋:0.234
17:07:49  UWB경과ms:84
17:07:49  UWB수신:1066
17:07:49  시각ms:231436
17:07:49  IMU시각ms:231436
17:07:49  부팅횟수:378
17:07:49  리셋원인:POWER_ON
17:07:49  GPS복구횟수:0
17:07:49  마지막GPS복구ms:0
17:07:49  위험:0
17:07:49  차량위험:0
17:07:49  차량위험경과ms:-1
17:07:49  RSU위험:0
17:07:49  RSU위험경과ms:-1
17:07:49  GPS유효:1
17:07:49  위도:37.496323
17:07:49  경도:126.955864
17:07:49  속도:0.211
17:07:49  방향:0.0
17:07:49  GPS원시속도:0.201
17:07:49  GPS원시방향유효:1
17:07:49  GPS원시방향:308.3
17:07:49  가속도:6.483,6.981,-0.369
17:07:49  자이로:1.351,-3.969,0.359
17:07:49  자력계:-48.450,45.450,-50.550
17:07:49  IMU방향유효:0
17:07:49  IMU방향:0.0
17:07:49  방향가속도크기:9.53
17:07:49  방향자이로크기:4.21
17:07:49  방향자세cos:0.7436
17:07:49  자기모델잔차:23.48
17:07:49  자기모델반경:1.528
17:07:49  방향채택:0
17:07:49  방향거부:25715
17:07:49  송신:2159
17:07:49  GPS위성:6
17:07:49  GPS_HDOP:1.23
17:07:49  원시위도:37.496321
17:07:49  원시경도:126.955863
17:07:49  GPS채택:838
17:07:49  GPS이상치거부:0
17:07:49  GPS품질거부:4
17:07:49  GPS재기준:0
17:07:49  RSSI원시:-65
17:07:49  RSSI평활:-63.8
17:07:49  RSSI샘플:3112
17:07:49  RSSI경과ms:67
17:07:49  차량수신:2046
17:07:49  UWB유효:1
17:07:49  UWB보정:1
17:07:49  UWB원시거리:5.010
17:07:49  UWB보정거리:5.252
17:07:49  UWB접근속도:-0.009
17:07:49  UWB오프셋:0.234
17:07:49  UWB경과ms:189
17:07:49  UWB수신:1066
17:07:49  시각ms:231459
17:07:49  IMU시각ms:231459
17:07:49  부팅횟수:378
17:07:49  리셋원인:POWER_ON
17:07:49  GPS복구횟수:0
17:07:49  마지막GPS복구ms:0
17:07:49  위험:0
17:07:49  차량위험:0
17:07:49  차량위험경과ms:-1
17:07:49  RSU위험:0
17:07:49  RSU위험경과ms:-1
17:07:49  GPS유효:1
17:07:49  위도:37.496323
17:07:49  경도:126.955864
17:07:49  속도:0.211
17:07:49  방향:0.0
17:07:49  GPS원시속도:0.201
17:07:49  GPS원시방향유효:1
17:07:49  GPS원시방향:308.3
17:07:49  가속도:6.656,7.211,-0.393
17:07:49  자이로:-1.969,-3.321,-0.878
17:07:49  자력계:-48.450,46.650,-50.550
17:07:49  IMU방향유효:0
17:07:49  IMU방향:0.0
17:07:49  방향가속도크기:9.82
17:07:49  방향자이로크기:3.96
17:07:49  방향자세cos:0.7425
17:07:49  자기모델잔차:23.48
17:07:49  자기모델반경:1.528
17:07:49  방향채택:0
17:07:49  방향거부:25718
17:07:49  송신:2159
17:07:49  GPS위성:6
17:07:49  GPS_HDOP:1.23
17:07:49  원시위도:37.496321
17:07:49  원시경도:126.955863
17:07:49  GPS채택:838
17:07:49  GPS이상치거부:0
17:07:49  GPS품질거부:4
17:07:49  GPS재기준:0
17:07:49  RSSI원시:-66
17:07:49  RSSI평활:-64.2
17:07:49  RSSI샘플:3113
17:07:49  RSSI경과ms:7
17:07:49  차량수신:2046
17:07:49  UWB유효:1
17:07:49  UWB보정:1
17:07:49  UWB원시거리:5.030
17:07:49  UWB보정거리:5.253
17:07:49  UWB접근속도:-0.008
17:07:49  UWB오프셋:0.234
17:07:49  UWB경과ms:7
17:07:49  UWB수신:1067
17:07:49  시각ms:231482
17:07:49  IMU시각ms:231482
17:07:49  부팅횟수:378
17:07:49  리셋원인:POWER_ON
17:07:49  GPS복구횟수:0
17:07:49  마지막GPS복구ms:0
17:07:49  위험:0
17:07:49  차량위험:0
17:07:49  차량위험경과ms:-1
17:07:49  RSU위험:0
17:07:49  RSU위험경과ms:-1
17:07:49  GPS유효:1
17:07:49  위도:37.496323
17:07:49  경도:126.955864
17:07:49  속도:0.211
17:07:49  방향:0.0
17:07:49  GPS원시속도:0.201
17:07:49  GPS원시방향유효:1
17:07:49  GPS원시방향:308.3
17:07:49  가속도:6.536,7.068,-0.311
17:07:49  자이로:0.939,0.214,-0.962
17:07:49  자력계:-48.750,46.500,-51.150
17:07:49  IMU방향유효:0
17:07:49  IMU방향:0.0
17:07:49  방향가속도크기:9.63
17:07:49  방향자이로크기:1.36
17:07:49  방향자세cos:0.7476
17:07:49  자기모델잔차:23.48
17:07:49  자기모델반경:1.528
17:07:49  방향채택:0
17:07:49  방향거부:25721
17:07:49  송신:2159
17:07:49  GPS위성:6
17:07:49  GPS_HDOP:1.23
17:07:49  원시위도:37.496321
17:07:49  원시경도:126.955863
17:07:49  GPS채택:838
17:07:49  GPS이상치거부:0
17:07:49  GPS품질거부:4
17:07:49  GPS재기준:0
17:07:49  RSSI원시:-66
17:07:49  RSSI평활:-64.6
17:07:49  RSSI샘플:3114
17:07:49  RSSI경과ms:14
17:07:49  차량수신:2047
17:07:49  UWB유효:1
17:07:49  UWB보정:1
17:07:49  UWB원시거리:5.030
17:07:49  UWB보정거리:5.253
17:07:49  UWB접근속도:-0.008
17:07:49  UWB오프셋:0.234
17:07:49  UWB경과ms:30
17:07:49  UWB수신:1067
17:07:49  시각ms:231518
17:07:49  IMU시각ms:231518
17:07:49  부팅횟수:378
17:07:49  리셋원인:POWER_ON
17:07:49  GPS복구횟수:0
17:07:49  마지막GPS복구ms:0
17:07:49  위험:0
17:07:49  차량위험:0
17:07:49  차량위험경과ms:-1
17:07:49  RSU위험:0
17:07:49  RSU위험경과ms:-1
17:07:49  GPS유효:1
17:07:49  위도:37.496323
17:07:49  경도:126.955864
17:07:49  속도:0.211
17:07:49  방향:0.0
17:07:49  GPS원시속도:0.201
17:07:49  GPS원시방향유효:1
17:07:49  GPS원시방향:308.3
17:07:49  가속도:6.713,7.020,-0.297
17:07:49  자이로:-1.870,-1.275,-0.275
17:07:49  자력계:-48.000,46.500,-51.150
17:07:49  IMU방향유효:0
17:07:49  IMU방향:0.0
17:07:49  방향가속도크기:9.72
17:07:49  방향자이로크기:2.28
17:07:49  방향자세cos:0.7501
17:07:49  자기모델잔차:23.48
17:07:49  자기모델반경:1.528
17:07:49  방향채택:0
17:07:49  방향거부:25724
17:07:49  송신:2160
17:07:49  GPS위성:6
17:07:49  GPS_HDOP:1.23
17:07:49  원시위도:37.496321
17:07:49  원시경도:126.955863
17:07:49  GPS채택:838
17:07:49  GPS이상치거부:0
17:07:49  GPS품질거부:4
17:07:49  GPS재기준:0
17:07:49  RSSI원시:-66
17:07:49  RSSI평활:-64.6
17:07:49  RSSI샘플:3114
17:07:49  RSSI경과ms:50
17:07:49  차량수신:2047
17:07:49  UWB유효:1
17:07:49  UWB보정:1
17:07:49  UWB원시거리:5.030
17:07:49  UWB보정거리:5.253
17:07:49  UWB접근속도:-0.008
17:07:49  UWB오프셋:0.234
17:07:49  UWB경과ms:66
17:07:49  UWB수신:1067
17:07:49  시각ms:231541
17:07:49  IMU시각ms:231541
17:07:49  부팅횟수:378
17:07:49  리셋원인:POWER_ON
17:07:49  GPS복구횟수:0
17:07:49  마지막GPS복구ms:0
17:07:49  위험:0
17:07:49  차량위험:0
17:07:49  차량위험경과ms:-1
17:07:49  RSU위험:0
17:07:49  RSU위험경과ms:-1
17:07:49  GPS유효:1
17:07:49  위도:37.496323
17:07:49  경도:126.955864
17:07:49  속도:0.211
17:07:49  방향:0.0
17:07:49  GPS원시속도:0.201
17:07:49  GPS원시방향유효:1
17:07:49  GPS원시방향:308.3
17:07:49  가속도:6.632,6.967,-0.249
17:07:49  자이로:-1.656,2.450,-0.725
17:07:49  자력계:-47.700,46.200,-51.600
17:07:49  IMU방향유효:0
17:07:49  IMU방향:0.0
17:07:49  방향가속도크기:9.62
17:07:49  방향자이로크기:3.05
17:07:49  방향자세cos:0.7530
17:07:49  자기모델잔차:23.48
17:07:49  자기모델반경:1.528
17:07:49  방향채택:0
17:07:49  방향거부:25727
17:07:49  송신:2160
17:07:49  GPS위성:6
17:07:49  GPS_HDOP:1.23
17:07:49  원시위도:37.496321
17:07:49  원시경도:126.955863
17:07:49  GPS채택:838
17:07:49  GPS이상치거부:0
17:07:49  GPS품질거부:4
17:07:49  GPS재기준:0
17:07:49  RSSI원시:-66
17:07:49  RSSI평활:-64.6
17:07:49  RSSI샘플:3114
17:07:49  RSSI경과ms:73
17:07:49  차량수신:2047
17:07:49  UWB유효:1
17:07:49  UWB보정:1
17:07:49  UWB원시거리:5.030
17:07:49  UWB보정거리:5.253
17:07:49  UWB접근속도:-0.008
17:07:49  UWB오프셋:0.234
17:07:49  UWB경과ms:89
17:07:49  UWB수신:1067
17:07:49  시각ms:231564
17:07:49  IMU시각ms:231564
17:07:49  부팅횟수:378
17:07:49  리셋원인:POWER_ON
17:07:49  GPS복구횟수:0
17:07:49  마지막GPS복구ms:0
17:07:49  위험:0
17:07:49  차량위험:0
17:07:49  차량위험경과ms:-1
17:07:49  RSU위험:0
17:07:49  RSU위험경과ms:-1
17:07:49  GPS유효:1
17:07:49  위도:37.496323
17:07:49  경도:126.955864
17:07:49  속도:0.211
17:07:49  방향:0.0
17:07:49  GPS원시속도:0.201
17:07:49  GPS원시방향유효:1
17:07:49  GPS원시방향:308.3
17:07:49  가속도:6.637,7.034,-0.283
17:07:49  자이로:-0.847,0.649,0.969
17:07:49  자력계:-47.550,46.800,-50.400
17:07:49  IMU방향유효:0
17:07:49  IMU방향:0.0
17:07:49  방향가속도크기:9.67
17:07:49  방향자이로크기:1.44
17:07:49  방향자세cos:0.7505
17:07:49  자기모델잔차:23.48
17:07:49  자기모델반경:1.528
17:07:49  방향채택:0
17:07:49  방향거부:25730
17:07:49  송신:2160
17:07:49  GPS위성:6
17:07:49  GPS_HDOP:1.23
17:07:49  원시위도:37.496321
17:07:49  원시경도:126.955863
17:07:49  GPS채택:838
17:07:49  GPS이상치거부:0
17:07:49  GPS품질거부:4
17:07:49  GPS재기준:0
17:07:49  RSSI원시:-66
17:07:49  RSSI평활:-64.6
17:07:49  RSSI샘플:3114
17:07:49  RSSI경과ms:96
17:07:49  차량수신:2047
17:07:49  UWB유효:1
17:07:49  UWB보정:1
17:07:49  UWB원시거리:5.030
17:07:49  UWB보정거리:5.253
17:07:49  UWB접근속도:-0.008
17:07:49  UWB오프셋:0.234
17:07:49  UWB경과ms:112
17:07:49  UWB수신:1067
17:07:49  시각ms:231623
17:07:49  IMU시각ms:231623
17:07:49  부팅횟수:378
17:07:49  리셋원인:POWER_ON
17:07:49  GPS복구횟수:0
17:07:49  마지막GPS복구ms:0
17:07:49  위험:0
17:07:49  차량위험:0
17:07:49  차량위험경과ms:-1
17:07:49  RSU위험:0
17:07:49  RSU위험경과ms:-1
17:07:49  GPS유효:1
17:07:49  위도:37.496323
17:07:49  경도:126.955864
17:07:49  속도:0.205
17:07:49  방향:0.0
17:07:49  GPS원시속도:0.195
17:07:49  GPS원시방향유효:1
17:07:49  GPS원시방향:308.3
17:07:49  가속도:6.598,7.096,-0.378
17:07:49  자이로:0.221,-0.702,1.183
17:07:49  자력계:-48.150,45.900,-50.550
17:07:49  IMU방향유효:0
17:07:49  IMU방향:0.0
17:07:49  방향가속도크기:9.70
17:07:49  방향자이로크기:1.39
17:07:49  방향자세cos:0.7434
17:07:49  자기모델잔차:23.48
17:07:49  자기모델반경:1.528
17:07:49  방향채택:0
17:07:49  방향거부:25736
17:07:49  송신:2161
17:07:49  GPS위성:6
17:07:49  GPS_HDOP:1.23
17:07:49  원시위도:37.496320
17:07:49  원시경도:126.955863
17:07:49  GPS채택:839
17:07:49  GPS이상치거부:0
17:07:49  GPS품질거부:4
17:07:49  GPS재기준:0
17:07:49  RSSI원시:-66
17:07:49  RSSI평활:-64.9
17:07:49  RSSI샘플:3115
17:07:49  RSSI경과ms:55
17:07:49  차량수신:2048
17:07:49  UWB유효:1
17:07:49  UWB보정:1
17:07:49  UWB원시거리:5.030
17:07:49  UWB보정거리:5.253
17:07:49  UWB접근속도:-0.008
17:07:49  UWB오프셋:0.234
17:07:49  UWB경과ms:171
17:07:49  UWB수신:1067
17:07:49  시각ms:231646
17:07:49  IMU시각ms:231646
17:07:49  부팅횟수:378
17:07:49  리셋원인:POWER_ON
17:07:49  GPS복구횟수:0
17:07:49  마지막GPS복구ms:0
17:07:49  위험:0
17:07:49  차량위험:0
17:07:49  차량위험경과ms:-1
17:07:49  RSU위험:0
17:07:49  RSU위험경과ms:-1
17:07:49  GPS유효:1
17:07:49  위도:37.496323
17:07:49  경도:126.955864
17:07:49  속도:0.205
17:07:49  방향:0.0
17:07:49  GPS원시속도:0.195
17:07:49  GPS원시방향유효:1
17:07:49  GPS원시방향:308.3
17:07:49  가속도:6.589,7.053,-0.321
17:07:49  자이로:-1.733,-0.542,-0.634
17:07:49  자력계:-48.900,45.150,-50.550
17:07:49  IMU방향유효:0
17:07:49  IMU방향:0.0
17:07:49  방향가속도크기:9.66
17:07:49  방향자이로크기:1.92
17:07:49  방향자세cos:0.7474
17:07:49  자기모델잔차:23.48
17:07:49  자기모델반경:1.528
17:07:49  방향채택:0
17:07:49  방향거부:25739
17:07:49  송신:2161
17:07:49  GPS위성:6
17:07:49  GPS_HDOP:1.23
17:07:49  원시위도:37.496320
17:07:49  원시경도:126.955863
17:07:49  GPS채택:839
17:07:49  GPS이상치거부:0
17:07:49  GPS품질거부:4
17:07:49  GPS재기준:0
17:07:49  RSSI원시:-66
17:07:49  RSSI평활:-64.9
17:07:49  RSSI샘플:3115
17:07:49  RSSI경과ms:78
17:07:49  차량수신:2048
17:07:49  UWB유효:1
17:07:49  UWB보정:1
17:07:49  UWB원시거리:5.030
17:07:49  UWB보정거리:5.253
17:07:49  UWB접근속도:-0.008
17:07:49  UWB오프셋:0.234
17:07:49  UWB경과ms:194
17:07:49  UWB수신:1067
17:07:49  시각ms:231669
17:07:49  IMU시각ms:231669
17:07:49  부팅횟수:378
17:07:49  리셋원인:POWER_ON
17:07:49  GPS복구횟수:0
17:07:49  마지막GPS복구ms:0
17:07:49  위험:0
17:07:49  차량위험:0
17:07:49  차량위험경과ms:-1
17:07:49  RSU위험:0
17:07:49  RSU위험경과ms:-1
17:07:49  GPS유효:1
17:07:49  위도:37.496323
17:07:49  경도:126.955864
17:07:49  속도:0.205
17:07:49  방향:0.0
17:07:49  GPS원시속도:0.195
17:07:49  GPS원시방향유효:1
17:07:49  GPS원시방향:308.3
17:07:49  가속도:6.574,6.981,-0.316
17:07:49  자이로:-1.809,-5.328,2.595
17:07:49  자력계:-49.650,45.450,-51.300
17:07:49  IMU방향유효:0
17:07:49  IMU방향:0.0
17:07:49  방향가속도크기:9.60
17:07:49  방향자이로크기:6.20
17:07:49  방향자세cos:0.7479
17:07:49  자기모델잔차:23.48
17:07:49  자기모델반경:1.528
17:07:49  방향채택:0
17:07:49  방향거부:25742
17:07:49  송신:2161
17:07:49  GPS위성:6
17:07:49  GPS_HDOP:1.23
17:07:49  원시위도:37.496320
17:07:49  원시경도:126.955863
17:07:49  GPS채택:839
17:07:49  GPS이상치거부:0
17:07:49  GPS품질거부:4
17:07:49  GPS재기준:0
17:07:49  RSSI원시:-68
17:07:49  RSSI평활:-65.5
17:07:49  RSSI샘플:3116
17:07:49  RSSI경과ms:16
17:07:49  차량수신:2048
17:07:49  UWB유효:1
17:07:49  UWB보정:1
17:07:49  UWB원시거리:5.010
17:07:49  UWB보정거리:5.253
17:07:49  UWB접근속도:-0.006
17:07:49  UWB오프셋:0.234
17:07:49  UWB경과ms:16
17:07:49  UWB수신:1068
17:07:49  시각ms:231728
17:07:49  IMU시각ms:231728
17:07:49  부팅횟수:378
17:07:49  리셋원인:POWER_ON
17:07:49  GPS복구횟수:0
17:07:49  마지막GPS복구ms:0
17:07:49  위험:0
17:07:49  차량위험:0
17:07:49  차량위험경과ms:-1
17:07:49  RSU위험:0
17:07:49  RSU위험경과ms:-1
17:07:49  GPS유효:1
17:07:49  위도:37.496323
17:07:49  경도:126.955864
17:07:49  속도:0.205
17:07:49  방향:0.0
17:07:49  GPS원시속도:0.195
17:07:49  GPS원시방향유효:1
17:07:49  GPS원시방향:308.3
17:07:49  가속도:6.637,7.072,-0.464
17:07:49  자이로:0.832,-4.710,-1.992
17:07:49  자력계:-48.150,46.650,-50.250
17:07:49  IMU방향유효:0
17:07:49  IMU방향:0.0
17:07:49  방향가속도크기:9.71
17:07:49  방향자이로크기:5.18
17:07:49  방향자세cos:0.7379
17:07:49  자기모델잔차:23.48
17:07:49  자기모델반경:1.528
17:07:49  방향채택:0
17:07:49  방향거부:25748
17:07:49  송신:2162
17:07:49  GPS위성:6
17:07:49  GPS_HDOP:1.23
17:07:49  원시위도:37.496320
17:07:49  원시경도:126.955863
17:07:49  GPS채택:839
17:07:49  GPS이상치거부:0
17:07:49  GPS품질거부:4
17:07:49  GPS재기준:0
17:07:49  RSSI원시:-68
17:07:49  RSSI평활:-66.0
17:07:49  RSSI샘플:3117
17:07:49  RSSI경과ms:51
17:07:49  차량수신:2049
17:07:49  UWB유효:1
17:07:49  UWB보정:1
17:07:49  UWB원시거리:5.010
17:07:49  UWB보정거리:5.253
17:07:49  UWB접근속도:-0.006
17:07:49  UWB오프셋:0.234
17:07:49  UWB경과ms:75
17:07:49  UWB수신:1068
17:07:49  시각ms:231751
17:07:49  IMU시각ms:231751
17:07:49  부팅횟수:378
17:07:49  리셋원인:POWER_ON
17:07:49  GPS복구횟수:0
17:07:49  마지막GPS복구ms:0
17:07:49  위험:0
17:07:49  차량위험:0
17:07:49  차량위험경과ms:-1
17:07:49  RSU위험:0
17:07:49  RSU위험경과ms:-1
17:07:49  GPS유효:1
17:07:49  위도:37.496323
17:07:49  경도:126.955864
17:07:49  속도:0.205
17:07:49  방향:0.0
17:07:49  GPS원시속도:0.195
17:07:49  GPS원시방향유효:1
17:07:49  GPS원시방향:308.3
17:07:49  가속도:6.469,7.020,-0.364
17:07:49  자이로:1.244,-2.153,-0.420
17:07:49  자력계:-48.150,45.150,-51.000
17:07:49  IMU방향유효:0
17:07:49  IMU방향:0.0
17:07:49  방향가속도크기:9.55
17:07:49  방향자이로크기:2.52
17:07:49  방향자세cos:0.7437
17:07:49  자기모델잔차:23.48
17:07:49  자기모델반경:1.528
17:07:49  방향채택:0
17:07:49  방향거부:25751
17:07:49  송신:2162
17:07:49  GPS위성:6
17:07:49  GPS_HDOP:1.23
17:07:49  원시위도:37.496320
17:07:49  원시경도:126.955863
17:07:49  GPS채택:839
17:07:49  GPS이상치거부:0
17:07:49  GPS품질거부:4
17:07:49  GPS재기준:0
17:07:49  RSSI원시:-68
17:07:49  RSSI평활:-66.0
17:07:49  RSSI샘플:3117
17:07:49  RSSI경과ms:74
17:07:49  차량수신:2049
17:07:49  UWB유효:1
17:07:49  UWB보정:1
17:07:49  UWB원시거리:5.010
17:07:49  UWB보정거리:5.253
17:07:49  UWB접근속도:-0.006
17:07:49  UWB오프셋:0.234
17:07:49  UWB경과ms:98
17:07:49  UWB수신:1068
17:07:49  시각ms:231774
17:07:49  IMU시각ms:231774
17:07:49  부팅횟수:378
17:07:49  리셋원인:POWER_ON
17:07:49  GPS복구횟수:0
17:07:49  마지막GPS복구ms:0
17:07:49  위험:0
17:07:49  차량위험:0
17:07:49  차량위험경과ms:-1
17:07:49  RSU위험:0
17:07:49  RSU위험경과ms:-1
17:07:49  GPS유효:1
17:07:49  위도:37.496323
17:07:49  경도:126.955864
17:07:49  속도:0.222
17:07:49  방향:0.0
17:07:49  GPS원시속도:0.252
17:07:49  GPS원시방향유효:1
17:07:49  GPS원시방향:308.3
17:07:49  가속도:6.675,7.120,-0.321
17:07:49  자이로:-1.954,0.557,0.626
17:07:49  자력계:-47.400,44.250,-51.300
17:07:49  IMU방향유효:0
17:07:49  IMU방향:0.0
17:07:49  방향가속도크기:9.77
17:07:49  방향자이로크기:2.13
17:07:49  방향자세cos:0.7478
17:07:49  자기모델잔차:23.48
17:07:49  자기모델반경:1.528
17:07:49  방향채택:0
17:07:49  방향거부:25754
17:07:49  송신:2162
17:07:49  GPS위성:6
17:07:49  GPS_HDOP:1.23
17:07:49  원시위도:37.496320
17:07:49  원시경도:126.955863
17:07:49  GPS채택:840
17:07:49  GPS이상치거부:0
17:07:49  GPS품질거부:4
17:07:49  GPS재기준:0
17:07:49  RSSI원시:-68
17:07:49  RSSI평활:-66.0
17:07:49  RSSI샘플:3117
17:07:49  RSSI경과ms:97
17:07:49  차량수신:2049
17:07:49  UWB유효:1
17:07:49  UWB보정:1
17:07:49  UWB원시거리:5.010
17:07:49  UWB보정거리:5.253
17:07:49  UWB접근속도:-0.006
17:07:49  UWB오프셋:0.234
17:07:49  UWB경과ms:121
17:07:49  UWB수신:1068
17:07:49  시각ms:231827
17:07:49  IMU시각ms:231827
17:07:49  부팅횟수:378
17:07:49  리셋원인:POWER_ON
17:07:49  GPS복구횟수:0
17:07:49  마지막GPS복구ms:0
17:07:49  위험:0
17:07:49  차량위험:0
17:07:49  차량위험경과ms:-1
17:07:49  RSU위험:0
17:07:49  RSU위험경과ms:-1
17:07:49  GPS유효:1
17:07:49  위도:37.496323
17:07:49  경도:126.955864
17:07:49  속도:0.222
17:07:49  방향:0.0
17:07:49  GPS원시속도:0.252
17:07:49  GPS원시방향유효:1
17:07:49  GPS원시방향:308.3
17:07:49  가속도:6.732,7.058,-0.354
17:07:49  자이로:-2.550,-3.260,3.069
17:07:49  자력계:-48.300,45.300,-50.400
17:07:49  IMU방향유효:0
17:07:49  IMU방향:0.0
17:07:49  방향가속도크기:9.76
17:07:49  방향자이로크기:5.15
17:07:49  방향자세cos:0.7462
17:07:49  자기모델잔차:23.48
17:07:49  자기모델반경:1.528
17:07:49  방향채택:0
17:07:49  방향거부:25759
17:07:49  송신:2163
17:07:49  GPS위성:6
17:07:49  GPS_HDOP:1.23
17:07:49  원시위도:37.496320
17:07:49  원시경도:126.955863
17:07:49  GPS채택:840
17:07:49  GPS이상치거부:0
17:07:49  GPS품질거부:4
17:07:49  GPS재기준:0
17:07:49  RSSI원시:-68
17:07:49  RSSI평활:-66.0
17:07:49  RSSI샘플:3117
17:07:49  RSSI경과ms:150
17:07:49  차량수신:2049
17:07:49  UWB유효:1
17:07:49  UWB보정:1
17:07:49  UWB원시거리:5.010
17:07:49  UWB보정거리:5.253
17:07:49  UWB접근속도:-0.006
17:07:49  UWB오프셋:0.234
17:07:49  UWB경과ms:174
17:07:49  UWB수신:1068
17:07:50  시각ms:231850
17:07:50  IMU시각ms:231850
17:07:50  부팅횟수:378
17:07:50  리셋원인:POWER_ON
17:07:50  GPS복구횟수:0
17:07:50  마지막GPS복구ms:0
17:07:50  위험:0
17:07:50  차량위험:0
17:07:50  차량위험경과ms:-1
17:07:50  RSU위험:0
17:07:50  RSU위험경과ms:-1
17:07:50  GPS유효:1
17:07:50  위도:37.496323
17:07:50  경도:126.955864
17:07:50  속도:0.222
17:07:50  방향:0.0
17:07:50  GPS원시속도:0.252
17:07:50  GPS원시방향유효:1
17:07:50  GPS원시방향:308.3
17:07:50  가속도:6.752,6.943,-0.417
17:07:50  자이로:-2.061,1.763,-3.672
17:07:50  자력계:-48.750,46.500,-50.400
17:07:50  IMU방향유효:0
17:07:50  IMU방향:0.0
17:07:50  방향가속도크기:9.69
17:07:50  방향자이로크기:4.57
17:07:50  방향자세cos:0.7424
17:07:50  자기모델잔차:23.48
17:07:50  자기모델반경:1.528
17:07:50  방향채택:0
17:07:50  방향거부:25762
17:07:50  송신:2163
17:07:50  GPS위성:6
17:07:50  GPS_HDOP:1.23
17:07:50  원시위도:37.496320
17:07:50  원시경도:126.955863
17:07:50  GPS채택:840
17:07:50  GPS이상치거부:0
17:07:50  GPS품질거부:4
17:07:50  GPS재기준:0
17:07:50  RSSI원시:-68
17:07:50  RSSI평활:-66.0
17:07:50  RSSI샘플:3117
17:07:50  RSSI경과ms:173
17:07:50  차량수신:2049
17:07:50  UWB유효:1
17:07:50  UWB보정:1
17:07:50  UWB원시거리:5.010
17:07:50  UWB보정거리:5.253
17:07:50  UWB접근속도:-0.006
17:07:50  UWB오프셋:0.234
17:07:50  UWB경과ms:197
17:07:50  UWB수신:1068
17:07:50  시각ms:231873
17:07:50  IMU시각ms:231873
17:07:50  부팅횟수:378
17:07:50  리셋원인:POWER_ON
17:07:50  GPS복구횟수:0
17:07:50  마지막GPS복구ms:0
17:07:50  위험:0
17:07:50  차량위험:0
17:07:50  차량위험경과ms:-1
17:07:50  RSU위험:0
17:07:50  RSU위험경과ms:-1
17:07:50  GPS유효:1
17:07:50  위도:37.496323
17:07:50  경도:126.955864
17:07:50  속도:0.222
17:07:50  방향:0.0
17:07:50  GPS원시속도:0.252
17:07:50  GPS원시방향유효:1
17:07:50  GPS원시방향:308.3
17:07:50  가속도:6.694,6.895,-0.268
17:07:50  자이로:0.649,-3.229,-0.870
17:07:50  자력계:-47.400,45.450,-49.500
17:07:50  IMU방향유효:0
17:07:50  IMU방향:0.0
17:07:50  방향가속도크기:9.61
17:07:50  방향자이로크기:3.41
17:07:50  방향자세cos:0.7523
17:07:50  자기모델잔차:23.48
17:07:50  자기모델반경:1.528
17:07:50  방향채택:0
17:07:50  방향거부:25765
17:07:50  송신:2163
17:07:50  GPS위성:6
17:07:50  GPS_HDOP:1.23
17:07:50  원시위도:37.496320
17:07:50  원시경도:126.955863
17:07:50  GPS채택:840
17:07:50  GPS이상치거부:0
17:07:50  GPS품질거부:4
17:07:50  GPS재기준:0
17:07:50  RSSI원시:-68
17:07:50  RSSI평활:-66.0
17:07:50  RSSI샘플:3117
17:07:50  RSSI경과ms:196
17:07:50  차량수신:2049
17:07:50  UWB유효:1
17:07:50  UWB보정:1
17:07:50  UWB원시거리:5.010
17:07:50  UWB보정거리:5.253
17:07:50  UWB접근속도:-0.006
17:07:50  UWB오프셋:0.234
17:07:50  UWB경과ms:220
17:07:50  UWB수신:1068
17:07:50  시각ms:231896
17:07:50  IMU시각ms:231896
17:07:50  부팅횟수:378
17:07:50  리셋원인:POWER_ON
17:07:50  GPS복구횟수:0
17:07:50  마지막GPS복구ms:0
17:07:50  위험:0
17:07:50  차량위험:0
17:07:50  차량위험경과ms:-1
17:07:50  RSU위험:0
17:07:50  RSU위험경과ms:-1
17:07:50  GPS유효:1
17:07:50  위도:37.496323
17:07:50  경도:126.955864
17:07:50  속도:0.222
17:07:50  방향:0.0
17:07:50  GPS원시속도:0.252
17:07:50  GPS원시방향유효:1
17:07:50  GPS원시방향:308.3
17:07:50  가속도:6.594,6.977,-0.283
17:07:50  자이로:-0.756,1.573,0.443
17:07:50  자력계:-48.300,46.500,-50.400
17:07:50  IMU방향유효:0
17:07:50  IMU방향:0.0
17:07:50  방향가속도크기:9.60
17:07:50  방향자이로크기:1.80
17:07:50  방향자세cos:0.7504
17:07:50  자기모델잔차:23.48
17:07:50  자기모델반경:1.528
17:07:50  방향채택:0
17:07:50  방향거부:25768
17:07:50  송신:2163
17:07:50  GPS위성:6
17:07:50  GPS_HDOP:1.23
17:07:50  원시위도:37.496320
17:07:50  원시경도:126.955863
17:07:50  GPS채택:840
17:07:50  GPS이상치거부:0
17:07:50  GPS품질거부:4
17:07:50  GPS재기준:0
17:07:50  RSSI원시:-67
17:07:50  RSSI평활:-66.2
17:07:50  RSSI샘플:3118
17:07:50  RSSI경과ms:11
17:07:50  차량수신:2050
17:07:50  UWB유효:1
17:07:50  UWB보정:1
17:07:50  UWB원시거리:5.010
17:07:50  UWB보정거리:5.253
17:07:50  UWB접근속도:-0.006
17:07:50  UWB오프셋:0.234
17:07:50  UWB경과ms:243
17:07:50  UWB수신:1068
17:07:50  시각ms:231932
17:07:50  IMU시각ms:231932
17:07:50  부팅횟수:378
17:07:50  리셋원인:POWER_ON
17:07:50  GPS복구횟수:0
17:07:50  마지막GPS복구ms:0
17:07:50  위험:0
17:07:50  차량위험:0
17:07:50  차량위험경과ms:-1
17:07:50  RSU위험:0
17:07:50  RSU위험경과ms:-1
17:07:50  GPS유효:1
17:07:50  위도:37.496323
17:07:50  경도:126.955864
17:07:50  속도:0.222
17:07:50  방향:0.0
17:07:50  GPS원시속도:0.252
17:07:50  GPS원시방향유효:1
17:07:50  GPS원시방향:308.3
17:07:50  가속도:6.603,7.144,-0.335
17:07:50  자이로:-0.573,1.122,-0.649
17:07:50  자력계:-47.700,45.150,-51.600
17:07:50  IMU방향유효:0
17:07:50  IMU방향:0.0
17:07:50  방향가속도크기:9.73
17:07:50  방향자이로크기:1.42
17:07:50  방향자세cos:0.7462
17:07:50  자기모델잔차:23.48
17:07:50  자기모델반경:1.528
17:07:50  방향채택:0
17:07:50  방향거부:25771
17:07:50  송신:2164
17:07:50  GPS위성:6
17:07:50  GPS_HDOP:1.23
17:07:50  원시위도:37.496320
17:07:50  원시경도:126.955863
17:07:50  GPS채택:840
17:07:50  GPS이상치거부:0
17:07:50  GPS품질거부:4
17:07:50  GPS재기준:0
17:07:50  RSSI원시:-67
17:07:50  RSSI평활:-66.2
17:07:50  RSSI샘플:3118
17:07:50  RSSI경과ms:47
17:07:50  차량수신:2050
17:07:50  UWB유효:1
17:07:50  UWB보정:1
17:07:50  UWB원시거리:5.010
17:07:50  UWB보정거리:5.253
17:07:50  UWB접근속도:-0.006
17:07:50  UWB오프셋:0.234
17:07:50  UWB경과ms:279
17:07:50  UWB수신:1068
17:07:50  시각ms:231955
17:07:50  IMU시각ms:231955
17:07:50  부팅횟수:378
17:07:50  리셋원인:POWER_ON
17:07:50  GPS복구횟수:0
17:07:50  마지막GPS복구ms:0
17:07:50  위험:0
17:07:50  차량위험:0
17:07:50  차량위험경과ms:-1
17:07:50  RSU위험:0
17:07:50  RSU위험경과ms:-1
17:07:50  GPS유효:1
17:07:50  위도:37.496323
17:07:50  경도:126.955864
17:07:50  속도:0.222
17:07:50  방향:0.0
17:07:50  GPS원시속도:0.252
17:07:50  GPS원시방향유효:1
17:07:50  GPS원시방향:308.3
17:07:50  가속도:6.661,7.015,-0.215
17:07:50  자이로:-0.038,1.603,0.366
17:07:50  자력계:-48.750,46.500,-49.350
17:07:50  IMU방향유효:0
17:07:50  IMU방향:0.0
17:07:50  방향가속도크기:9.68
17:07:50  방향자이로크기:1.64
17:07:50  방향자세cos:0.7552
17:07:50  자기모델잔차:23.48
17:07:50  자기모델반경:1.528
17:07:50  방향채택:0
17:07:50  방향거부:25774
17:07:50  송신:2164
17:07:50  GPS위성:6
17:07:50  GPS_HDOP:1.23
17:07:50  원시위도:37.496320
17:07:50  원시경도:126.955863
17:07:50  GPS채택:840
17:07:50  GPS이상치거부:0
17:07:50  GPS품질거부:4
17:07:50  GPS재기준:0
17:07:50  RSSI원시:-67
17:07:50  RSSI평활:-66.2
17:07:50  RSSI샘플:3118
17:07:50  RSSI경과ms:70
17:07:50  차량수신:2050
17:07:50  UWB유효:1
17:07:50  UWB보정:1
17:07:50  UWB원시거리:5.010
17:07:50  UWB보정거리:5.253
17:07:50  UWB접근속도:-0.006
17:07:50  UWB오프셋:0.234
17:07:50  UWB경과ms:302
17:07:50  UWB수신:1068
17:07:50  시각ms:231978
17:07:50  IMU시각ms:231978
17:07:50  부팅횟수:378
17:07:50  리셋원인:POWER_ON
17:07:50  GPS복구횟수:0
17:07:50  마지막GPS복구ms:0
17:07:50  위험:0
17:07:50  차량위험:0
17:07:50  차량위험경과ms:-1
17:07:50  RSU위험:0
17:07:50  RSU위험경과ms:-1
17:07:50  GPS유효:1
17:07:50  위도:37.496319
17:07:50  경도:126.955864
17:07:50  속도:0.216
17:07:50  방향:0.0
17:07:50  GPS원시속도:0.206
17:07:50  GPS원시방향유효:1
17:07:50  GPS원시방향:308.3
17:07:50  가속도:6.522,7.068,-0.235
17:07:50  자이로:-1.160,-0.893,0.282
17:07:50  자력계:-48.000,46.500,-49.350
17:07:50  IMU방향유효:0
17:07:50  IMU방향:0.0
17:07:50  방향가속도크기:9.62
17:07:50  방향자이로크기:1.49
17:07:50  방향자세cos:0.7528
17:07:50  자기모델잔차:23.48
17:07:50  자기모델반경:1.528
17:07:50  방향채택:0
17:07:50  방향거부:25777
17:07:50  송신:2164
17:07:50  GPS위성:6
17:07:50  GPS_HDOP:1.23
17:07:50  원시위도:37.496319
17:07:50  원시경도:126.955863
17:07:50  GPS채택:841
17:07:50  GPS이상치거부:0
17:07:50  GPS품질거부:4
17:07:50  GPS재기준:0
17:07:50  RSSI원시:-67
17:07:50  RSSI평활:-66.2
17:07:50  RSSI샘플:3118
17:07:50  RSSI경과ms:93
17:07:50  차량수신:2050
17:07:50  UWB유효:1
17:07:50  UWB보정:1
17:07:50  UWB원시거리:5.010
17:07:50  UWB보정거리:5.253
17:07:50  UWB접근속도:-0.006
17:07:50  UWB오프셋:0.234
17:07:50  UWB경과ms:325
17:07:50  UWB수신:1068
17:07:50  시각ms:232001
17:07:50  IMU시각ms:232001
17:07:50  부팅횟수:378
17:07:50  리셋원인:POWER_ON
17:07:50  GPS복구횟수:0
17:07:50  마지막GPS복구ms:0
17:07:50  위험:0
17:07:50  차량위험:0
17:07:50  차량위험경과ms:-1
17:07:50  RSU위험:0
17:07:50  RSU위험경과ms:-1
17:07:50  GPS유효:1
17:07:50  위도:37.496319
17:07:50  경도:126.955864
17:07:50  속도:0.216
17:07:50  방향:0.0
17:07:50  GPS원시속도:0.206
17:07:50  GPS원시방향유효:1
17:07:50  GPS원시방향:308.3
17:07:50  가속도:6.479,7.274,-0.254
17:07:50  자이로:-3.198,-0.282,-2.137
17:07:50  자력계:-46.650,45.450,-50.250
17:07:50  IMU방향유효:0
17:07:50  IMU방향:0.0
17:07:50  방향가속도크기:9.74
17:07:50  방향자이로크기:3.86
17:07:50  방향자세cos:0.7501
17:07:50  자기모델잔차:23.48
17:07:50  자기모델반경:1.528
17:07:50  방향채택:0
17:07:50  방향거부:25780
17:07:50  송신:2164
17:07:50  GPS위성:6
17:07:50  GPS_HDOP:1.23
17:07:50  원시위도:37.496319
17:07:50  원시경도:126.955863
17:07:50  GPS채택:841
17:07:50  GPS이상치거부:0
17:07:50  GPS품질거부:4
17:07:50  GPS재기준:0
17:07:50  RSSI원시:-66
17:07:50  RSSI평활:-66.2
17:07:50  RSSI샘플:3119
17:07:50  RSSI경과ms:3
17:07:50  차량수신:2051
17:07:50  UWB유효:1
17:07:50  UWB보정:1
17:07:50  UWB원시거리:5.010
17:07:50  UWB보정거리:5.253
17:07:50  UWB접근속도:-0.006
17:07:50  UWB오프셋:0.234
17:07:50  UWB경과ms:348
17:07:50  UWB수신:1068
17:07:50  시각ms:232037
17:07:50  IMU시각ms:232037
17:07:50  부팅횟수:378
17:07:50  리셋원인:POWER_ON
17:07:50  GPS복구횟수:0
17:07:50  마지막GPS복구ms:0
17:07:50  위험:0
17:07:50  차량위험:0
17:07:50  차량위험경과ms:-1
17:07:50  RSU위험:0
17:07:50  RSU위험경과ms:-1
17:07:50  GPS유효:1
17:07:50  위도:37.496319
17:07:50  경도:126.955864
17:07:50  속도:0.216
17:07:50  방향:0.0
17:07:50  GPS원시속도:0.206
17:07:50  GPS원시방향유효:1
17:07:50  GPS원시방향:308.3
17:07:50  가속도:6.565,7.187,-0.302
17:07:50  자이로:-0.015,-0.931,-1.099
17:07:50  자력계:-46.650,48.150,-52.350
17:07:50  IMU방향유효:0
17:07:50  IMU방향:0.0
17:07:50  방향가속도크기:9.74
17:07:50  방향자이로크기:1.44
17:07:50  방향자세cos:0.7480
17:07:50  자기모델잔차:23.48
17:07:50  자기모델반경:1.528
17:07:50  방향채택:0
17:07:50  방향거부:25783
17:07:50  송신:2165
17:07:50  GPS위성:6
17:07:50  GPS_HDOP:1.23
17:07:50  원시위도:37.496319
17:07:50  원시경도:126.955863
17:07:50  GPS채택:841
17:07:50  GPS이상치거부:0
17:07:50  GPS품질거부:4
17:07:50  GPS재기준:0
17:07:50  RSSI원시:-66
17:07:50  RSSI평활:-66.2
17:07:50  RSSI샘플:3119
17:07:50  RSSI경과ms:39
17:07:50  차량수신:2051
17:07:50  UWB유효:1
17:07:50  UWB보정:1
17:07:50  UWB원시거리:5.010
17:07:50  UWB보정거리:5.253
17:07:50  UWB접근속도:-0.006
17:07:50  UWB오프셋:0.234
17:07:50  UWB경과ms:384
17:07:50  UWB수신:1068
17:07:50  시각ms:232060
17:07:50  IMU시각ms:232060
17:07:50  부팅횟수:378
17:07:50  리셋원인:POWER_ON
17:07:50  GPS복구횟수:0
17:07:50  마지막GPS복구ms:0
17:07:50  위험:0
17:07:50  차량위험:0
17:07:50  차량위험경과ms:-1
17:07:50  RSU위험:0
17:07:50  RSU위험경과ms:-1
17:07:50  GPS유효:1
17:07:50  위도:37.496319
17:07:50  경도:126.955864
17:07:50  속도:0.216
17:07:50  방향:0.0
17:07:50  GPS원시속도:0.206
17:07:50  GPS원시방향유효:1
17:07:50  GPS원시방향:308.3
17:07:50  가속도:6.416,7.163,-0.283
17:07:50  자이로:-0.748,0.221,1.214
17:07:50  자력계:-47.700,46.950,-50.550
17:07:50  IMU방향유효:0
17:07:50  IMU방향:0.0
17:07:50  방향가속도크기:9.62
17:07:50  방향자이로크기:1.44
17:07:50  방향자세cos:0.7482
17:07:50  자기모델잔차:23.48
17:07:50  자기모델반경:1.528
17:07:50  방향채택:0
17:07:50  방향거부:25786
17:07:50  송신:2165
17:07:50  GPS위성:6
17:07:50  GPS_HDOP:1.23
17:07:50  원시위도:37.496319
17:07:50  원시경도:126.955863
17:07:50  GPS채택:841
17:07:50  GPS이상치거부:0
17:07:50  GPS품질거부:4
17:07:50  GPS재기준:0
17:07:50  RSSI원시:-66
17:07:50  RSSI평활:-66.1
17:07:50  RSSI샘플:3120
17:07:50  RSSI경과ms:13
17:07:50  차량수신:2051
17:07:50  UWB유효:1
17:07:50  UWB보정:1
17:07:50  UWB원시거리:5.010
17:07:50  UWB보정거리:5.250
17:07:50  UWB접근속도:0.001
17:07:50  UWB오프셋:0.234
17:07:50  UWB경과ms:13
17:07:50  UWB수신:1069
17:07:50  시각ms:232106
17:07:50  IMU시각ms:232106
17:07:50  부팅횟수:378
17:07:50  리셋원인:POWER_ON
17:07:50  GPS복구횟수:0
17:07:50  마지막GPS복구ms:0
17:07:50  위험:0
17:07:50  차량위험:0
17:07:50  차량위험경과ms:-1
17:07:50  RSU위험:0
17:07:50  RSU위험경과ms:-1
17:07:50  GPS유효:1
17:07:50  위도:37.496319
17:07:50  경도:126.955864
17:07:50  속도:0.216
17:07:50  방향:0.0
17:07:50  GPS원시속도:0.206
17:07:50  GPS원시방향유효:1
17:07:50  GPS원시방향:308.3
17:07:50  가속도:6.718,7.116,-0.273
17:07:50  자이로:-0.115,0.267,0.435
17:07:50  자력계:-46.800,46.050,-51.450
17:07:50  IMU방향유효:0
17:07:50  IMU방향:0.0
17:07:50  방향가속도크기:9.79
17:07:50  방향자이로크기:0.52
17:07:50  방향자세cos:0.7514
17:07:50  자기모델잔차:23.48
17:07:50  자기모델반경:1.528
17:07:50  방향채택:0
17:07:50  방향거부:25792
17:07:50  송신:2165
17:07:50  GPS위성:6
17:07:50  GPS_HDOP:1.23
17:07:50  원시위도:37.496319
17:07:50  원시경도:126.955863
17:07:50  GPS채택:841
17:07:50  GPS이상치거부:0
17:07:50  GPS품질거부:4
17:07:50  GPS재기준:0
17:07:50  RSSI원시:-66
17:07:50  RSSI평활:-66.1
17:07:50  RSSI샘플:3121
17:07:50  RSSI경과ms:10
17:07:50  차량수신:2052
17:07:50  UWB유효:1
17:07:50  UWB보정:1
17:07:50  UWB원시거리:5.010
17:07:50  UWB보정거리:5.250
17:07:50  UWB접근속도:0.001
17:07:50  UWB오프셋:0.234
17:07:50  UWB경과ms:59
17:07:50  UWB수신:1069
17:07:50  시각ms:232188
17:07:50  IMU시각ms:232188
17:07:50  부팅횟수:378
17:07:50  리셋원인:POWER_ON
17:07:50  GPS복구횟수:0
17:07:50  마지막GPS복구ms:0
17:07:50  위험:0
17:07:50  차량위험:0
17:07:50  차량위험경과ms:-1
17:07:50  RSU위험:0
17:07:50  RSU위험경과ms:-1
17:07:50  GPS유효:1
17:07:50  위도:37.496319
17:07:50  경도:126.955864
17:07:50  속도:0.187
17:07:50  방향:0.0
17:07:50  GPS원시속도:0.134
17:07:50  GPS원시방향유효:1
17:07:50  GPS원시방향:308.3
17:07:50  가속도:6.565,6.967,-0.445
17:07:50  자이로:-1.427,1.282,1.389
17:07:50  자력계:-48.450,46.200,-51.000
17:07:50  IMU방향유효:0
17:07:50  IMU방향:0.0
17:07:50  방향가속도크기:9.58
17:07:50  방향자이로크기:2.37
17:07:50  방향자세cos:0.7390
17:07:50  자기모델잔차:23.48
17:07:50  자기모델반경:1.528
17:07:50  방향채택:0
17:07:50  방향거부:25801
17:07:50  송신:2166
17:07:50  GPS위성:6
17:07:50  GPS_HDOP:1.23
17:07:50  원시위도:37.496318
17:07:50  원시경도:126.955863
17:07:50  GPS채택:842
17:07:50  GPS이상치거부:0
17:07:50  GPS품질거부:4
17:07:50  GPS재기준:0
17:07:50  RSSI원시:-66
17:07:50  RSSI평활:-66.1
17:07:50  RSSI샘플:3121
17:07:50  RSSI경과ms:92
17:07:50  차량수신:2052
17:07:50  UWB유효:1
17:07:50  UWB보정:1
17:07:50  UWB원시거리:5.010
17:07:50  UWB보정거리:5.250
17:07:50  UWB접근속도:0.001
17:07:50  UWB오프셋:0.234
17:07:50  UWB경과ms:141
17:07:50  UWB수신:1069
17:07:50  시각ms:232212
17:07:50  IMU시각ms:232212
17:07:50  부팅횟수:378
17:07:50  리셋원인:POWER_ON
17:07:50  GPS복구횟수:0
17:07:50  마지막GPS복구ms:0
17:07:50  위험:0
17:07:50  차량위험:0
17:07:50  차량위험경과ms:-1
17:07:50  RSU위험:0
17:07:50  RSU위험경과ms:-1
17:07:50  GPS유효:1
17:07:50  위도:37.496319
17:07:50  경도:126.955864
17:07:50  속도:0.187
17:07:50  방향:0.0
17:07:50  GPS원시속도:0.134
17:07:50  GPS원시방향유효:1
17:07:50  GPS원시방향:308.3
17:07:50  가속도:6.613,6.962,-0.417
17:07:50  자이로:-1.053,-0.115,1.542
17:07:50  자력계:-47.400,45.900,-49.800
17:07:50  IMU방향유효:0
17:07:50  IMU방향:0.0
17:07:50  방향가속도크기:9.61
17:07:50  방향자이로크기:1.87
17:07:50  방향자세cos:0.7413
17:07:50  자기모델잔차:23.48
17:07:50  자기모델반경:1.528
17:07:50  방향채택:0
17:07:50  방향거부:25804
17:07:50  송신:2166
17:07:50  GPS위성:6
17:07:50  GPS_HDOP:1.23
17:07:50  원시위도:37.496318
17:07:50  원시경도:126.955863
17:07:50  GPS채택:842
17:07:50  GPS이상치거부:0
17:07:50  GPS품질거부:4
17:07:50  GPS재기준:0
17:07:50  RSSI원시:-65
17:07:50  RSSI평활:-65.9
17:07:50  RSSI샘플:3122
17:07:50  RSSI경과ms:11
17:07:50  차량수신:2053
17:07:50  UWB유효:1
17:07:50  UWB보정:1
17:07:50  UWB원시거리:5.010
17:07:50  UWB보정거리:5.250
17:07:50  UWB접근속도:0.001
17:07:50  UWB오프셋:0.234
17:07:50  UWB경과ms:165
17:07:50  UWB수신:1069
17:07:50  시각ms:232241
17:07:50  IMU시각ms:232241
17:07:50  부팅횟수:378
17:07:50  리셋원인:POWER_ON
17:07:50  GPS복구횟수:0
17:07:50  마지막GPS복구ms:0
17:07:50  위험:0
17:07:50  차량위험:0
17:07:50  차량위험경과ms:-1
17:07:50  RSU위험:0
17:07:50  RSU위험경과ms:-1
17:07:50  GPS유효:1
17:07:50  위도:37.496319
17:07:50  경도:126.955864
17:07:50  속도:0.187
17:07:50  방향:0.0
17:07:50  GPS원시속도:0.134
17:07:50  GPS원시방향유효:1
17:07:50  GPS원시방향:308.3
17:07:50  가속도:6.579,6.938,-0.397
17:07:50  자이로:-1.977,1.687,1.443
17:07:50  자력계:-47.700,45.150,-51.000
17:07:50  IMU방향유효:0
17:07:50  IMU방향:0.0
17:07:50  방향가속도크기:9.57
17:07:50  방향자이로크기:2.97
17:07:50  방향자세cos:0.7425
17:07:50  자기모델잔차:23.48
17:07:50  자기모델반경:1.528
17:07:50  방향채택:0
17:07:50  방향거부:25806
17:07:50  송신:2167
17:07:50  GPS위성:6
17:07:50  GPS_HDOP:1.23
17:07:50  원시위도:37.496318
17:07:50  원시경도:126.955863
17:07:50  GPS채택:842
17:07:50  GPS이상치거부:0
17:07:50  GPS품질거부:4
17:07:50  GPS재기준:0
17:07:50  RSSI원시:-65
17:07:50  RSSI평활:-65.9
17:07:50  RSSI샘플:3122
17:07:50  RSSI경과ms:40
17:07:50  차량수신:2053
17:07:50  UWB유효:1
17:07:50  UWB보정:1
17:07:50  UWB원시거리:5.010
17:07:50  UWB보정거리:5.250
17:07:50  UWB접근속도:0.001
17:07:50  UWB오프셋:0.234
17:07:50  UWB경과ms:194
17:07:50  UWB수신:1069
17:07:50  시각ms:232596
17:07:50  IMU시각ms:232596
17:07:50  부팅횟수:378
17:07:50  리셋원인:POWER_ON
17:07:50  GPS복구횟수:0
17:07:50  마지막GPS복구ms:0
17:07:50  위험:0
17:07:50  차량위험:0
17:07:50  차량위험경과ms:-1
17:07:50  RSU위험:0
17:07:50  RSU위험경과ms:-1
17:07:50  GPS유효:1
17:07:50  위도:37.496319
17:07:50  경도:126.955864
17:07:50  속도:0.149
17:07:50  방향:0.0
17:07:50  GPS원시속도:0.134
17:07:50  GPS원시방향유효:1
17:07:50  GPS원시방향:308.3
17:07:50  가속도:6.627,7.001,-0.182
17:07:50  자이로:1.069,-0.588,-1.389
17:07:50  자력계:-46.950,46.950,-50.550
17:07:50  IMU방향유효:0
17:07:50  IMU방향:0.0
17:07:50  방향가속도크기:9.64
17:07:50  방향자이로크기:1.85
17:07:50  방향자세cos:0.7573
17:07:50  자기모델잔차:23.48
17:07:50  자기모델반경:1.528
17:07:50  방향채택:0
17:07:50  방향거부:25847
17:07:50  송신:2170
17:07:50  GPS위성:6
17:07:50  GPS_HDOP:1.23
17:07:50  원시위도:37.496316
17:07:50  원시경도:126.955864
17:07:50  GPS채택:844
17:07:50  GPS이상치거부:0
17:07:50  GPS품질거부:4
17:07:50  GPS재기준:0
17:07:50  RSSI원시:-67
17:07:50  RSSI평활:-66.2
17:07:50  RSSI샘플:3126
17:07:50  RSSI경과ms:96
17:07:50  차량수신:2056
17:07:50  UWB유효:1
17:07:50  UWB보정:1
17:07:50  UWB원시거리:5.000
17:07:50  UWB보정거리:5.248
17:07:50  UWB접근속도:0.004
17:07:50  UWB오프셋:0.234
17:07:50  UWB경과ms:334
17:07:50  UWB수신:1070
17:07:51  시각ms:233536
17:07:51  IMU시각ms:233536
17:07:51  부팅횟수:378
17:07:51  리셋원인:POWER_ON
17:07:51  GPS복구횟수:0
17:07:51  마지막GPS복구ms:0
17:07:51  위험:0
17:07:51  차량위험:0
17:07:51  차량위험경과ms:-1
17:07:51  RSU위험:0
17:07:51  RSU위험경과ms:-1
17:07:51  GPS유효:1
17:07:51  위도:37.496315
17:07:51  경도:126.955864
17:07:51  속도:0.156
17:07:51  방향:0.0
17:07:51  GPS원시속도:0.170
17:07:51  GPS원시방향유효:1
17:07:51  GPS원시방향:308.3
17:07:51  가속도:6.531,7.044,-0.670
17:07:51  자이로:0.534,-2.107,-1.847
17:07:51  자력계:-48.150,43.950,-50.250
17:07:51  IMU방향유효:0
17:07:51  IMU방향:0.0
17:07:51  방향가속도크기:9.63
17:07:51  방향자이로크기:2.85
17:07:51  방향자세cos:0.7226
17:07:51  자기모델잔차:23.48
17:07:51  자기모델반경:1.528
17:07:51  방향채택:0
17:07:51  방향거부:25955
17:07:51  송신:2179
17:07:51  GPS위성:6
17:07:51  GPS_HDOP:1.23
17:07:51  원시위도:37.496312
17:07:51  원시경도:126.955864
17:07:51  GPS채택:848
17:07:51  GPS이상치거부:0
17:07:51  GPS품질거부:4
17:07:51  GPS재기준:0
17:07:51  RSSI원시:-66
17:07:51  RSSI평활:-66.1
17:07:51  RSSI샘플:3139
17:07:51  RSSI경과ms:84
17:07:51  차량수신:2064
17:07:51  UWB유효:1
17:07:51  UWB보정:1
17:07:51  UWB원시거리:4.990
17:07:51  UWB보정거리:5.230
17:07:51  UWB접근속도:0.015
17:07:51  UWB오프셋:0.234
17:07:51  UWB경과ms:89
17:07:51  UWB수신:1075
17:07:52  시각ms:233618
17:07:52  IMU시각ms:233618
17:07:52  부팅횟수:378
17:07:52  리셋원인:POWER_ON
17:07:52  GPS복구횟수:0
17:07:52  마지막GPS복구ms:0
17:07:52  위험:0
17:07:52  차량위험:0
17:07:52  차량위험경과ms:-1
17:07:52  RSU위험:0
17:07:52  RSU위험경과ms:-1
17:07:52  GPS유효:1
17:07:52  위도:37.496311
17:07:52  경도:126.955864
17:07:52  속도:0.150
17:07:52  방향:0.0
17:07:52  GPS원시속도:0.139
17:07:52  GPS원시방향유효:1
17:07:52  GPS원시방향:308.3
17:07:52  가속도:6.436,7.101,-0.790
17:07:52  자이로:1.061,-1.634,0.679
17:07:52  자력계:-47.550,46.800,-49.950
17:07:52  IMU방향유효:0
17:07:52  IMU방향:0.0
17:07:52  방향가속도크기:9.62
17:07:52  방향자이로크기:2.06
17:07:52  방향자세cos:0.7130
17:07:52  자기모델잔차:23.48
17:07:52  자기모델반경:1.528
17:07:52  방향채택:0
17:07:52  방향거부:25964
17:07:52  송신:2180
17:07:52  GPS위성:6
17:07:52  GPS_HDOP:1.23
17:07:52  원시위도:37.496312
17:07:52  원시경도:126.955864
17:07:52  GPS채택:849
17:07:52  GPS이상치거부:0
17:07:52  GPS품질거부:4
17:07:52  GPS재기준:0
17:07:52  RSSI원시:-65
17:07:52  RSSI평활:-65.8
17:07:52  RSSI샘플:3140
17:07:52  RSSI경과ms:56
17:07:52  차량수신:2065
17:07:52  UWB유효:1
17:07:52  UWB보정:1
17:07:52  UWB원시거리:4.990
17:07:52  UWB보정거리:5.230
17:07:52  UWB접근속도:0.015
17:07:52  UWB오프셋:0.234
17:07:52  UWB경과ms:171
17:07:52  UWB수신:1075
17:07:52  시각ms:233664
17:07:52  IMU시각ms:233664
17:07:52  부팅횟수:378
17:07:52  리셋원인:POWER_ON
17:07:52  GPS복구횟수:0
17:07:52  마지막GPS복구ms:0
17:07:52  위험:0
17:07:52  차량위험:0
17:07:52  차량위험경과ms:-1
17:07:52  RSU위험:0
17:07:52  RSU위험경과ms:-1
17:07:52  GPS유효:1
17:07:52  위도:37.496311
17:07:52  경도:126.955864
17:07:52  속도:0.150
17:07:52  방향:0.0
17:07:52  GPS원시속도:0.139
17:07:52  GPS원시방향유효:1
17:07:52  GPS원시방향:308.3
17:07:52  가속도:6.555,7.140,-0.843
17:07:52  자이로:-1.076,-1.221,0.321
17:07:52  자력계:-48.150,45.900,-51.600
17:07:52  IMU방향유효:0
17:07:52  IMU방향:0.0
17:07:52  방향가속도크기:9.73
17:07:52  방향자이로크기:1.66
17:07:52  방향자세cos:0.7104
17:07:52  자기모델잔차:23.48
17:07:52  자기모델반경:1.528
17:07:52  방향채택:0
17:07:52  방향거부:25970
17:07:52  송신:2180
17:07:52  GPS위성:6
17:07:52  GPS_HDOP:1.23
17:07:52  원시위도:37.496312
17:07:52  원시경도:126.955864
17:07:52  GPS채택:849
17:07:52  GPS이상치거부:0
17:07:52  GPS품질거부:4
17:07:52  GPS재기준:0
17:07:52  RSSI원시:-66
17:07:52  RSSI평활:-66.1
17:07:52  RSSI샘플:3142
17:07:52  RSSI경과ms:3
17:07:52  차량수신:2066
17:07:52  UWB유효:1
17:07:52  UWB보정:1
17:07:52  UWB원시거리:4.980
17:07:52  UWB보정거리:5.228
17:07:52  UWB접근속도:0.013
17:07:52  UWB오프셋:0.234
17:07:52  UWB경과ms:7
17:07:52  UWB수신:1076
17:07:52  시각ms:233744
17:07:52  IMU시각ms:233744
17:07:52  부팅횟수:378
17:07:52  리셋원인:POWER_ON
17:07:52  GPS복구횟수:0
17:07:52  마지막GPS복구ms:0
17:07:52  위험:0
17:07:52  차량위험:0
17:07:52  차량위험경과ms:-1
17:07:52  RSU위험:0
17:07:52  RSU위험경과ms:-1
17:07:52  GPS유효:1
17:07:52  위도:37.496311
17:07:52  경도:126.955864
17:07:52  속도:0.150
17:07:52  방향:0.0
17:07:52  GPS원시속도:0.139
17:07:52  GPS원시방향유효:1
17:07:52  GPS원시방향:308.3
17:07:52  가속도:6.618,7.010,-0.694
17:07:52  자이로:-1.901,0.649,-0.534
17:07:52  자력계:-46.200,45.150,-50.550
17:07:52  IMU방향유효:0
17:07:52  IMU방향:0.0
17:07:52  방향가속도크기:9.67
17:07:52  방향자이로크기:2.08
17:07:52  방향자세cos:0.7218
17:07:52  자기모델잔차:23.48
17:07:52  자기모델반경:1.528
17:07:52  방향채택:0
17:07:52  방향거부:25979
17:07:52  송신:2181
17:07:52  GPS위성:6
17:07:52  GPS_HDOP:1.23
17:07:52  원시위도:37.496312
17:07:52  원시경도:126.955864
17:07:52  GPS채택:849
17:07:52  GPS이상치거부:0
17:07:52  GPS품질거부:4
17:07:52  GPS재기준:0
17:07:52  RSSI원시:-66
17:07:52  RSSI평활:-66.1
17:07:52  RSSI샘플:3142
17:07:52  RSSI경과ms:83
17:07:52  차량수신:2066
17:07:52  UWB유효:1
17:07:52  UWB보정:1
17:07:52  UWB원시거리:4.980
17:07:52  UWB보정거리:5.228
17:07:52  UWB접근속도:0.013
17:07:52  UWB오프셋:0.234
17:07:52  UWB경과ms:87
17:07:52  UWB수신:1076
17:07:52  시각ms:233767
17:07:52  IMU시각ms:233767
17:07:52  부팅횟수:378
17:07:52  리셋원인:POWER_ON
17:07:52  GPS복구횟수:0
17:07:52  마지막GPS복구ms:0
17:07:52  위험:0
17:07:52  차량위험:0
17:07:52  차량위험경과ms:-1
17:07:52  RSU위험:0
17:07:52  RSU위험경과ms:-1
17:07:52  GPS유효:1
17:07:52  위도:37.496311
17:07:52  경도:126.955864
17:07:52  속도:0.150
17:07:52  방향:0.0
17:07:52  GPS원시속도:0.139
17:07:52  GPS원시방향유효:1
17:07:52  GPS원시방향:308.3
17:07:52  가속도:6.536,7.068,-0.570
17:07:52  자이로:-0.603,-3.366,0.176
17:07:52  자력계:-46.950,45.900,-51.600
17:07:52  IMU방향유효:0
17:07:52  IMU방향:0.0
17:07:52  방향가속도크기:9.64
17:07:52  방향자이로크기:3.42
17:07:52  방향자세cos:0.7297
17:07:52  자기모델잔차:23.48
17:07:52  자기모델반경:1.528
17:07:52  방향채택:0
17:07:52  방향거부:25982
17:07:52  송신:2181
17:07:52  GPS위성:6
17:07:52  GPS_HDOP:1.23
17:07:52  원시위도:37.496312
17:07:52  원시경도:126.955864
17:07:52  GPS채택:849
17:07:52  GPS이상치거부:0
17:07:52  GPS품질거부:4
17:07:52  GPS재기준:0
17:07:52  RSSI원시:-66
17:07:52  RSSI평활:-66.1
17:07:52  RSSI샘플:3142
17:07:52  RSSI경과ms:106
17:07:52  차량수신:2066
17:07:52  UWB유효:1
17:07:52  UWB보정:1
17:07:52  UWB원시거리:4.980
17:07:52  UWB보정거리:5.228
17:07:52  UWB접근속도:0.013
17:07:52  UWB오프셋:0.234
17:07:52  UWB경과ms:110
17:07:52  UWB수신:1076
17:07:52  시각ms:233803
17:07:52  IMU시각ms:233803
17:07:52  부팅횟수:378
17:07:52  리셋원인:POWER_ON
17:07:52  GPS복구횟수:0
17:07:52  마지막GPS복구ms:0
17:07:52  위험:0
17:07:52  차량위험:0
17:07:52  차량위험경과ms:-1
17:07:52  RSU위험:0
17:07:52  RSU위험경과ms:-1
17:07:52  GPS유효:1
17:07:52  위도:37.496311
17:07:52  경도:126.955864
17:07:52  속도:0.132
17:07:52  방향:0.0
17:07:52  GPS원시속도:0.098
17:07:52  GPS원시방향유효:1
17:07:52  GPS원시방향:308.3
17:07:52  가속도:6.527,6.991,-0.646
17:07:52  자이로:-1.924,-4.313,-1.420
17:07:52  자력계:-45.000,43.350,-51.450
17:07:52  IMU방향유효:0
17:07:52  IMU방향:0.0
17:07:52  방향가속도크기:9.59
17:07:52  방향자이로크기:4.93
17:07:52  방향자세cos:0.7244
17:07:52  자기모델잔차:23.48
17:07:52  자기모델반경:1.528
17:07:52  방향채택:0
17:07:52  방향거부:25985
17:07:52  송신:2182
17:07:52  GPS위성:6
17:07:52  GPS_HDOP:1.23
17:07:52  원시위도:37.496312
17:07:52  원시경도:126.955864
17:07:52  GPS채택:850
17:07:52  GPS이상치거부:0
17:07:52  GPS품질거부:4
17:07:52  GPS재기준:0
17:07:52  RSSI원시:-65
17:07:52  RSSI평활:-65.8
17:07:52  RSSI샘플:3143
17:07:52  RSSI경과ms:30
17:07:52  차량수신:2067
17:07:52  UWB유효:1
17:07:52  UWB보정:1
17:07:52  UWB원시거리:4.980
17:07:52  UWB보정거리:5.228
17:07:52  UWB접근속도:0.013
17:07:52  UWB오프셋:0.234
17:07:52  UWB경과ms:146
17:07:52  UWB수신:1076
17:07:52  시각ms:233826
17:07:52  IMU시각ms:233826
17:07:52  부팅횟수:378
17:07:52  리셋원인:POWER_ON
17:07:52  GPS복구횟수:0
17:07:52  마지막GPS복구ms:0
17:07:52  위험:0
17:07:52  차량위험:0
17:07:52  차량위험경과ms:-1
17:07:52  RSU위험:0
17:07:52  RSU위험경과ms:-1
17:07:52  GPS유효:1
17:07:52  위도:37.496311
17:07:52  경도:126.955864
17:07:52  속도:0.132
17:07:52  방향:0.0
17:07:52  GPS원시속도:0.098
17:07:52  GPS원시방향유효:1
17:07:52  GPS원시방향:308.3
17:07:52  가속도:6.579,6.886,-0.618
17:07:52  자이로:-0.397,-3.939,1.389
17:07:52  자력계:-47.700,44.250,-51.000
17:07:52  IMU방향유효:0
17:07:52  IMU방향:0.0
17:07:52  방향가속도크기:9.54
17:07:52  방향자이로크기:4.20
17:07:52  방향자세cos:0.7271
17:07:52  자기모델잔차:23.48
17:07:52  자기모델반경:1.528
17:07:52  방향채택:0
17:07:52  방향거부:25988
17:07:52  송신:2182
17:07:52  GPS위성:6
17:07:52  GPS_HDOP:1.23
17:07:52  원시위도:37.496312
17:07:52  원시경도:126.955864
17:07:52  GPS채택:850
17:07:52  GPS이상치거부:0
17:07:52  GPS품질거부:4
17:07:52  GPS재기준:0
17:07:52  RSSI원시:-65
17:07:52  RSSI평활:-65.8
17:07:52  RSSI샘플:3143
17:07:52  RSSI경과ms:53
17:07:52  차량수신:2067
17:07:52  UWB유효:1
17:07:52  UWB보정:1
17:07:52  UWB원시거리:4.980
17:07:52  UWB보정거리:5.228
17:07:52  UWB접근속도:0.013
17:07:52  UWB오프셋:0.234
17:07:52  UWB경과ms:169
17:07:52  UWB수신:1076
17:07:52  시각ms:233872
17:07:52  IMU시각ms:233872
17:07:52  부팅횟수:378
17:07:52  리셋원인:POWER_ON
17:07:52  GPS복구횟수:0
17:07:52  마지막GPS복구ms:0
17:07:52  위험:0
17:07:52  차량위험:0
17:07:52  차량위험경과ms:-1
17:07:52  RSU위험:0
17:07:52  RSU위험경과ms:-1
17:07:52  GPS유효:1
17:07:52  위도:37.496311
17:07:52  경도:126.955864
17:07:52  속도:0.132
17:07:52  방향:0.0
17:07:52  GPS원시속도:0.098
17:07:52  GPS원시방향유효:1
17:07:52  GPS원시방향:308.3
17:07:52  가속도:6.522,7.049,-0.469
17:07:52  자이로:-0.084,-1.328,2.115
17:07:52  자력계:-45.750,46.050,-51.150
17:07:52  IMU방향유효:0
17:07:52  IMU방향:0.0
17:07:52  방향가속도크기:9.61
17:07:52  방향자이로크기:2.50
17:07:52  방향자세cos:0.7367
17:07:52  자기모델잔차:23.48
17:07:52  자기모델반경:1.528
17:07:52  방향채택:0
17:07:52  방향거부:25994
17:07:52  송신:2182
17:07:52  GPS위성:6
17:07:52  GPS_HDOP:1.23
17:07:52  원시위도:37.496312
17:07:52  원시경도:126.955864
17:07:52  GPS채택:850
17:07:52  GPS이상치거부:0
17:07:52  GPS품질거부:4
17:07:52  GPS재기준:0
17:07:52  RSSI원시:-65
17:07:52  RSSI평활:-65.8
17:07:52  RSSI샘플:3143
17:07:52  RSSI경과ms:99
17:07:52  차량수신:2067
17:07:52  UWB유효:1
17:07:52  UWB보정:1
17:07:52  UWB원시거리:4.980
17:07:52  UWB보정거리:5.228
17:07:52  UWB접근속도:0.013
17:07:52  UWB오프셋:0.234
17:07:52  UWB경과ms:215
17:07:52  UWB수신:1076
17:07:52  시각ms:233906
17:07:52  IMU시각ms:233906
17:07:52  부팅횟수:378
17:07:52  리셋원인:POWER_ON
17:07:52  GPS복구횟수:0
17:07:52  마지막GPS복구ms:0
17:07:52  위험:0
17:07:52  차량위험:0
17:07:52  차량위험경과ms:-1
17:07:52  RSU위험:0
17:07:52  RSU위험경과ms:-1
17:07:52  GPS유효:1
17:07:52  위도:37.496311
17:07:52  경도:126.955864
17:07:52  속도:0.132
17:07:52  방향:0.0
17:07:52  GPS원시속도:0.098
17:07:52  GPS원시방향유효:1
17:07:52  GPS원시방향:308.3
17:07:52  가속도:6.589,7.020,-0.474
17:07:52  자이로:-2.550,-3.855,1.519
17:07:52  자력계:-46.650,45.450,-52.050
17:07:52  IMU방향유효:0
17:07:52  IMU방향:0.0
17:07:52  방향가속도크기:9.64
17:07:52  방향자이로크기:4.87
17:07:52  방향자세cos:0.7370
17:07:52  자기모델잔차:23.48
17:07:52  자기모델반경:1.528
17:07:52  방향채택:0
17:07:52  방향거부:25997
17:07:52  송신:2183
17:07:52  GPS위성:6
17:07:52  GPS_HDOP:1.23
17:07:52  원시위도:37.496312
17:07:52  원시경도:126.955864
17:07:52  GPS채택:850
17:07:52  GPS이상치거부:0
17:07:52  GPS품질거부:4
17:07:52  GPS재기준:0
17:07:52  RSSI원시:-65
17:07:52  RSSI평활:-65.7
17:07:52  RSSI샘플:3144
17:07:52  RSSI경과ms:27
17:07:52  차량수신:2068
17:07:52  UWB유효:1
17:07:52  UWB보정:1
17:07:52  UWB원시거리:4.980
17:07:52  UWB보정거리:5.228
17:07:52  UWB접근속도:0.013
17:07:52  UWB오프셋:0.234
17:07:52  UWB경과ms:249
17:07:52  UWB수신:1076
17:07:52  시각ms:233976
17:07:52  IMU시각ms:233976
17:07:52  부팅횟수:378
17:07:52  리셋원인:POWER_ON
17:07:52  GPS복구횟수:0
17:07:52  마지막GPS복구ms:0
17:07:52  위험:0
17:07:52  차량위험:0
17:07:52  차량위험경과ms:-1
17:07:52  RSU위험:0
17:07:52  RSU위험경과ms:-1
17:07:52  GPS유효:1
17:07:52  위도:37.496311
17:07:52  경도:126.955864
17:07:52  속도:0.102
17:07:52  방향:0.0
17:07:52  GPS원시속도:0.046
17:07:52  GPS원시방향유효:1
17:07:52  GPS원시방향:308.3
17:07:52  가속도:6.627,7.020,-0.685
17:07:52  자이로:-0.389,-1.023,0.504
17:07:52  자력계:-46.200,44.700,-51.300
17:07:52  IMU방향유효:0
17:07:52  IMU방향:0.0
17:07:52  방향가속도크기:9.68
17:07:52  방향자이로크기:1.20
17:07:52  방향자세cos:0.7225
17:07:52  자기모델잔차:23.48
17:07:52  자기모델반경:1.528
17:07:52  방향채택:0
17:07:52  방향거부:26006
17:07:52  송신:2183
17:07:52  GPS위성:6
17:07:52  GPS_HDOP:1.23
17:07:52  원시위도:37.496311
17:07:52  원시경도:126.955863
17:07:52  GPS채택:851
17:07:52  GPS이상치거부:0
17:07:52  GPS품질거부:4
17:07:52  GPS재기준:0
17:07:52  RSSI원시:-64
17:07:52  RSSI평활:-65.3
17:07:52  RSSI샘플:3145
17:07:52  RSSI경과ms:2
17:07:52  차량수신:2069
17:07:52  UWB유효:1
17:07:52  UWB보정:1
17:07:52  UWB원시거리:4.980
17:07:52  UWB보정거리:5.228
17:07:52  UWB접근속도:0.013
17:07:52  UWB오프셋:0.234
17:07:52  UWB경과ms:319
17:07:52  UWB수신:1076
17:07:52  시각ms:234059
17:07:52  IMU시각ms:234059
17:07:52  부팅횟수:378
17:07:52  리셋원인:POWER_ON
17:07:52  GPS복구횟수:0
17:07:52  마지막GPS복구ms:0
17:07:52  위험:0
17:07:52  차량위험:0
17:07:52  차량위험경과ms:-1
17:07:52  RSU위험:0
17:07:52  RSU위험경과ms:-1
17:07:52  GPS유효:1
17:07:52  위도:37.496311
17:07:52  경도:126.955864
17:07:52  속도:0.102
17:07:52  방향:0.0
17:07:52  GPS원시속도:0.046
17:07:52  GPS원시방향유효:1
17:07:52  GPS원시방향:308.3
17:07:52  가속도:6.665,7.068,-0.771
17:07:52  자이로:3.786,-3.389,0.153
17:07:52  자력계:-48.000,46.500,-49.950
17:07:52  IMU방향유효:0
17:07:52  IMU방향:0.0
17:07:52  방향가속도크기:9.75
17:07:52  방향자이로크기:5.08
17:07:52  방향자세cos:0.7167
17:07:52  자기모델잔차:23.48
17:07:52  자기모델반경:1.528
17:07:52  방향채택:0
17:07:52  방향거부:26015
17:07:52  송신:2184
17:07:52  GPS위성:6
17:07:52  GPS_HDOP:1.23
17:07:52  원시위도:37.496311
17:07:52  원시경도:126.955863
17:07:52  GPS채택:851
17:07:52  GPS이상치거부:0
17:07:52  GPS품질거부:4
17:07:52  GPS재기준:0
17:07:52  RSSI원시:-63
17:07:52  RSSI평활:-64.9
17:07:52  RSSI샘플:3146
17:07:52  RSSI경과ms:4
17:07:52  차량수신:2069
17:07:52  UWB유효:1
17:07:52  UWB보정:1
17:07:52  UWB원시거리:4.980
17:07:52  UWB보정거리:5.220
17:07:52  UWB접근속도:0.016
17:07:52  UWB오프셋:0.234
17:07:52  UWB경과ms:4
17:07:52  UWB수신:1077
17:07:52  시각ms:234082
17:07:52  IMU시각ms:234082
17:07:52  부팅횟수:378
17:07:52  리셋원인:POWER_ON
17:07:52  GPS복구횟수:0
17:07:52  마지막GPS복구ms:0
17:07:52  위험:0
17:07:52  차량위험:0
17:07:52  차량위험경과ms:-1
17:07:52  RSU위험:0
17:07:52  RSU위험경과ms:-1
17:07:52  GPS유효:1
17:07:52  위도:37.496311
17:07:52  경도:126.955864
17:07:52  속도:0.102
17:07:52  방향:0.0
17:07:52  GPS원시속도:0.046
17:07:52  GPS원시방향유효:1
17:07:52  GPS원시방향:308.3
17:07:52  가속도:6.728,7.015,-0.709
17:07:52  자이로:0.275,-0.824,0.000
17:07:52  자력계:-46.500,44.100,-51.450
17:07:52  IMU방향유효:0
17:07:52  IMU방향:0.0
17:07:52  방향가속도크기:9.75
17:07:52  방향자이로크기:0.87
17:07:52  방향자세cos:0.7217
17:07:52  자기모델잔차:23.48
17:07:52  자기모델반경:1.528
17:07:52  방향채택:0
17:07:52  방향거부:26018
17:07:52  송신:2184
17:07:52  GPS위성:6
17:07:52  GPS_HDOP:1.23
17:07:52  원시위도:37.496311
17:07:52  원시경도:126.955863
17:07:52  GPS채택:851
17:07:52  GPS이상치거부:0
17:07:52  GPS품질거부:4
17:07:52  GPS재기준:0
17:07:52  RSSI원시:-64
17:07:52  RSSI평활:-64.7
17:07:52  RSSI샘플:3147
17:07:52  RSSI경과ms:14
17:07:52  차량수신:2070
17:07:52  UWB유효:1
17:07:52  UWB보정:1
17:07:52  UWB원시거리:4.980
17:07:52  UWB보정거리:5.220
17:07:52  UWB접근속도:0.016
17:07:52  UWB오프셋:0.234
17:07:52  UWB경과ms:27
17:07:52  UWB수신:1077
17:07:52  시각ms:234118
17:07:52  IMU시각ms:234118
17:07:52  부팅횟수:378
17:07:52  리셋원인:POWER_ON
17:07:52  GPS복구횟수:0
17:07:52  마지막GPS복구ms:0
17:07:52  위험:0
17:07:52  차량위험:0
17:07:52  차량위험경과ms:-1
17:07:52  RSU위험:0
17:07:52  RSU위험경과ms:-1
17:07:52  GPS유효:1
17:07:52  위도:37.496311
17:07:52  경도:126.955864
17:07:52  속도:0.102
17:07:52  방향:0.0
17:07:52  GPS원시속도:0.046
17:07:52  GPS원시방향유효:1
17:07:52  GPS원시방향:308.3
17:07:52  가속도:6.608,6.991,-0.824
17:07:52  자이로:-1.145,-4.328,2.527
17:07:52  자력계:-46.500,44.100,-51.150
17:07:52  IMU방향유효:0
17:07:52  IMU방향:0.0
17:07:52  방향가속도크기:9.65
17:07:52  방향자이로크기:5.14
17:07:52  방향자세cos:0.7125
17:07:52  자기모델잔차:23.48
17:07:52  자기모델반경:1.528
17:07:52  방향채택:0
17:07:52  방향거부:26021
17:07:52  송신:2185
17:07:52  GPS위성:6
17:07:52  GPS_HDOP:1.23
17:07:52  원시위도:37.496311
17:07:52  원시경도:126.955863
17:07:52  GPS채택:851
17:07:52  GPS이상치거부:0
17:07:52  GPS품질거부:4
17:07:52  GPS재기준:0
17:07:52  RSSI원시:-64
17:07:52  RSSI평활:-64.7
17:07:52  RSSI샘플:3147
17:07:52  RSSI경과ms:50
17:07:52  차량수신:2070
17:07:52  UWB유효:1
17:07:52  UWB보정:1
17:07:52  UWB원시거리:4.980
17:07:52  UWB보정거리:5.220
17:07:52  UWB접근속도:0.016
17:07:52  UWB오프셋:0.234
17:07:52  UWB경과ms:63
17:07:52  UWB수신:1077
17:07:52  시각ms:234246
17:07:52  IMU시각ms:234246
17:07:52  부팅횟수:378
17:07:52  리셋원인:POWER_ON
17:07:52  GPS복구횟수:0
17:07:52  마지막GPS복구ms:0
17:07:52  위험:0
17:07:52  차량위험:0
17:07:52  차량위험경과ms:-1
17:07:52  RSU위험:0
17:07:52  RSU위험경과ms:-1
17:07:52  GPS유효:1
17:07:52  위도:37.496311
17:07:52  경도:126.955864
17:07:52  속도:0.109
17:07:52  방향:0.0
17:07:52  GPS원시속도:0.123
17:07:52  GPS원시방향유효:1
17:07:52  GPS원시방향:308.3
17:07:52  가속도:6.704,6.905,-0.757
17:07:52  자이로:-0.412,-1.260,1.962
17:07:52  자력계:-46.200,44.700,-52.350
17:07:52  IMU방향유효:0
17:07:52  IMU방향:0.0
17:07:52  방향가속도크기:9.65
17:07:52  방향자이로크기:2.37
17:07:52  방향자세cos:0.7182
17:07:52  자기모델잔차:23.48
17:07:52  자기모델반경:1.528
17:07:52  방향채택:0
17:07:52  방향거부:26036
17:07:52  송신:2186
17:07:52  GPS위성:6
17:07:52  GPS_HDOP:1.23
17:07:52  원시위도:37.496311
17:07:52  원시경도:126.955863
17:07:52  GPS채택:852
17:07:52  GPS이상치거부:0
17:07:52  GPS품질거부:4
17:07:52  GPS재기준:0
17:07:52  RSSI원시:-64
17:07:52  RSSI평활:-64.6
17:07:52  RSSI샘플:3148
17:07:52  RSSI경과ms:65
17:07:52  차량수신:2071
17:07:52  UWB유효:1
17:07:52  UWB보정:1
17:07:52  UWB원시거리:4.980
17:07:52  UWB보정거리:5.220
17:07:52  UWB접근속도:0.016
17:07:52  UWB오프셋:0.234
17:07:52  UWB경과ms:191
17:07:52  UWB수신:1077
17:07:52  시각ms:234269
17:07:52  IMU시각ms:234269
17:07:52  부팅횟수:378
17:07:52  리셋원인:POWER_ON
17:07:52  GPS복구횟수:0
17:07:52  마지막GPS복구ms:0
17:07:52  위험:0
17:07:52  차량위험:0
17:07:52  차량위험경과ms:-1
17:07:52  RSU위험:0
17:07:52  RSU위험경과ms:-1
17:07:52  GPS유효:1
17:07:52  위도:37.496311
17:07:52  경도:126.955864
17:07:52  속도:0.109
17:07:52  방향:0.0
17:07:52  GPS원시속도:0.123
17:07:52  GPS원시방향유효:1
17:07:52  GPS원시방향:308.3
17:07:52  가속도:6.819,6.958,-0.766
17:07:52  자이로:-2.977,-1.802,0.137
17:07:52  자력계:-46.650,44.250,-52.050
17:07:52  IMU방향유효:0
17:07:52  IMU방향:0.0
17:07:52  방향가속도크기:9.77
17:07:52  방향자이로크기:3.48
17:07:52  방향자세cos:0.7185
17:07:52  자기모델잔차:23.48
17:07:52  자기모델반경:1.528
17:07:52  방향채택:0
17:07:52  방향거부:26039
17:07:52  송신:2186
17:07:52  GPS위성:6
17:07:52  GPS_HDOP:1.23
17:07:52  원시위도:37.496311
17:07:52  원시경도:126.955863
17:07:52  GPS채택:852
17:07:52  GPS이상치거부:0
17:07:52  GPS품질거부:4
17:07:52  GPS재기준:0
17:07:52  RSSI원시:-64
17:07:52  RSSI평활:-64.4
17:07:52  RSSI샘플:3149
17:07:52  RSSI경과ms:23
17:07:52  차량수신:2071
17:07:52  UWB유효:1
17:07:52  UWB보정:1
17:07:52  UWB원시거리:4.960
17:07:52  UWB보정거리:5.218
17:07:52  UWB접근속도:0.014
17:07:52  UWB오프셋:0.234
17:07:52  UWB경과ms:23
17:07:52  UWB수신:1078
17:07:52  시각ms:234292
17:07:52  IMU시각ms:234292
17:07:52  부팅횟수:378
17:07:52  리셋원인:POWER_ON
17:07:52  GPS복구횟수:0
17:07:52  마지막GPS복구ms:0
17:07:52  위험:0
17:07:52  차량위험:0
17:07:52  차량위험경과ms:-1
17:07:52  RSU위험:0
17:07:52  RSU위험경과ms:-1
17:07:52  GPS유효:1
17:07:52  위도:37.496311
17:07:52  경도:126.955864
17:07:52  속도:0.109
17:07:52  방향:0.0
17:07:52  GPS원시속도:0.123
17:07:52  GPS원시방향유효:1
17:07:52  GPS원시방향:308.3
17:07:52  가속도:6.646,6.943,-0.824
17:07:52  자이로:-0.023,-1.618,1.046
17:07:52  자력계:-47.400,44.250,-50.550
17:07:52  IMU방향유효:0
17:07:52  IMU방향:0.0
17:07:52  방향가속도크기:9.65
17:07:52  방향자이로크기:1.93
17:07:52  방향자세cos:0.7129
17:07:52  자기모델잔차:23.48
17:07:52  자기모델반경:1.528
17:07:52  방향채택:0
17:07:52  방향거부:26042
17:07:52  송신:2186
17:07:52  GPS위성:6
17:07:52  GPS_HDOP:1.23
17:07:52  원시위도:37.496311
17:07:52  원시경도:126.955863
17:07:52  GPS채택:852
17:07:52  GPS이상치거부:0
17:07:52  GPS품질거부:4
17:07:52  GPS재기준:0
17:07:52  RSSI원시:-64
17:07:52  RSSI평활:-64.4
17:07:52  RSSI샘플:3150
17:07:52  RSSI경과ms:11
17:07:52  차량수신:2072
17:07:52  UWB유효:1
17:07:52  UWB보정:1
17:07:52  UWB원시거리:4.960
17:07:52  UWB보정거리:5.218
17:07:52  UWB접근속도:0.014
17:07:52  UWB오프셋:0.234
17:07:52  UWB경과ms:46
17:07:52  UWB수신:1078
17:07:52  시각ms:234480
17:07:52  IMU시각ms:234480
17:07:52  부팅횟수:378
17:07:52  리셋원인:POWER_ON
17:07:52  GPS복구횟수:0
17:07:52  마지막GPS복구ms:0
17:07:52  위험:0
17:07:52  차량위험:0
17:07:52  차량위험경과ms:-1
17:07:52  RSU위험:0
17:07:52  RSU위험경과ms:-1
17:07:52  GPS유효:1
17:07:52  위도:37.496311
17:07:52  경도:126.955864
17:07:52  속도:0.138
17:07:52  방향:0.0
17:07:52  GPS원시속도:0.190
17:07:52  GPS원시방향유효:1
17:07:52  GPS원시방향:308.3
17:07:52  가속도:6.670,6.838,-0.517
17:07:52  자이로:-2.305,-0.458,4.206
17:07:52  자력계:-47.400,45.900,-50.550
17:07:52  IMU방향유효:0
17:07:52  IMU방향:0.0
17:07:52  방향가속도크기:9.57
17:07:52  방향자이로크기:4.82
17:07:52  방향자세cos:0.7350
17:07:52  자기모델잔차:23.48
17:07:52  자기모델반경:1.528
17:07:52  방향채택:0
17:07:52  방향거부:26063
17:07:52  송신:2188
17:07:52  GPS위성:6
17:07:52  GPS_HDOP:1.23
17:07:52  원시위도:37.496311
17:07:52  원시경도:126.955863
17:07:52  GPS채택:853
17:07:52  GPS이상치거부:0
17:07:52  GPS품질거부:4
17:07:52  GPS재기준:0
17:07:52  RSSI원시:-65
17:07:52  RSSI평활:-64.4
17:07:52  RSSI샘플:3152
17:07:52  RSSI경과ms:33
17:07:52  차량수신:2073
17:07:52  UWB유효:1
17:07:52  UWB보정:1
17:07:52  UWB원시거리:4.990
17:07:52  UWB보정거리:5.217
17:07:52  UWB접근속도:0.012
17:07:52  UWB오프셋:0.234
17:07:52  UWB경과ms:33
17:07:52  UWB수신:1079
17:07:52  시각ms:234503
17:07:52  IMU시각ms:234503
17:07:52  부팅횟수:378
17:07:52  리셋원인:POWER_ON
17:07:52  GPS복구횟수:0
17:07:52  마지막GPS복구ms:0
17:07:52  위험:0
17:07:52  차량위험:0
17:07:52  차량위험경과ms:-1
17:07:52  RSU위험:0
17:07:52  RSU위험경과ms:-1
17:07:52  GPS유효:1
17:07:52  위도:37.496311
17:07:52  경도:126.955864
17:07:52  속도:0.138
17:07:52  방향:0.0
17:07:52  GPS원시속도:0.190
17:07:52  GPS원시방향유효:1
17:07:52  GPS원시방향:308.3
17:07:52  가속도:6.723,6.967,-0.498
17:07:52  자이로:-1.756,-1.359,1.076
17:07:52  자력계:-45.450,45.150,-51.000
17:07:52  IMU방향유효:0
17:07:52  IMU방향:0.0
17:07:52  방향가속도크기:9.69
17:07:52  방향자이로크기:2.47
17:07:52  방향자세cos:0.7365
17:07:52  자기모델잔차:23.48
17:07:52  자기모델반경:1.528
17:07:52  방향채택:0
17:07:52  방향거부:26066
17:07:52  송신:2188
17:07:52  GPS위성:6
17:07:52  GPS_HDOP:1.23
17:07:52  원시위도:37.496311
17:07:52  원시경도:126.955863
17:07:52  GPS채택:853
17:07:52  GPS이상치거부:0
17:07:52  GPS품질거부:4
17:07:52  GPS재기준:0
17:07:52  RSSI원시:-64
17:07:52  RSSI평활:-64.3
17:07:52  RSSI샘플:3153
17:07:52  RSSI경과ms:13
17:07:52  차량수신:2074
17:07:52  UWB유효:1
17:07:52  UWB보정:1
17:07:52  UWB원시거리:4.990
17:07:52  UWB보정거리:5.217
17:07:52  UWB접근속도:0.012
17:07:52  UWB오프셋:0.234
17:07:52  UWB경과ms:56
17:07:52  UWB수신:1079
17:07:52  시각ms:234562
17:07:52  IMU시각ms:234562
17:07:52  부팅횟수:378
17:07:52  리셋원인:POWER_ON
17:07:52  GPS복구횟수:0
17:07:52  마지막GPS복구ms:0
17:07:52  위험:0
17:07:52  차량위험:0
17:07:52  차량위험경과ms:-1
17:07:52  RSU위험:0
17:07:52  RSU위험경과ms:-1
17:07:52  GPS유효:1
17:07:52  위도:37.496311
17:07:52  경도:126.955864
17:07:52  속도:0.138
17:07:52  방향:0.0
17:07:52  GPS원시속도:0.190
17:07:52  GPS원시방향유효:1
17:07:52  GPS원시방향:308.3
17:07:52  가속도:6.637,7.034,-0.493
17:07:52  자이로:-0.290,-1.573,-0.824
17:07:52  자력계:-45.900,45.450,-51.600
17:07:52  IMU방향유효:0
17:07:52  IMU방향:0.0
17:07:52  방향가속도크기:9.68
17:07:52  방향자이로크기:1.80
17:07:52  방향자세cos:0.7360
17:07:52  자기모델잔차:23.48
17:07:52  자기모델반경:1.528
17:07:52  방향채택:0
17:07:52  방향거부:26072
17:07:52  송신:2189
17:07:52  GPS위성:6
17:07:52  GPS_HDOP:1.23
17:07:52  원시위도:37.496311
17:07:52  원시경도:126.955863
17:07:52  GPS채택:853
17:07:52  GPS이상치거부:0
17:07:52  GPS품질거부:4
17:07:52  GPS재기준:0
17:07:52  RSSI원시:-64
17:07:52  RSSI평활:-64.3
17:07:52  RSSI샘플:3153
17:07:52  RSSI경과ms:72
17:07:52  차량수신:2074
17:07:52  UWB유효:1
17:07:52  UWB보정:1
17:07:52  UWB원시거리:4.990
17:07:52  UWB보정거리:5.217
17:07:52  UWB접근속도:0.012
17:07:52  UWB오프셋:0.234
17:07:52  UWB경과ms:115
17:07:52  UWB수신:1079
17:07:52  시각ms:234585
17:07:52  IMU시각ms:234585
17:07:52  부팅횟수:378
17:07:52  리셋원인:POWER_ON
17:07:52  GPS복구횟수:0
17:07:52  마지막GPS복구ms:0
17:07:52  위험:0
17:07:52  차량위험:0
17:07:52  차량위험경과ms:-1
17:07:52  RSU위험:0
17:07:52  RSU위험경과ms:-1
17:07:52  GPS유효:1
17:07:52  위도:37.496311
17:07:52  경도:126.955864
17:07:52  속도:0.133
17:07:52  방향:0.0
17:07:52  GPS원시속도:0.123
17:07:52  GPS원시방향유효:1
17:07:52  GPS원시방향:308.3
17:07:52  가속도:6.728,6.823,-0.742
17:07:52  자이로:-1.099,-1.756,-2.137
17:07:52  자력계:-48.000,46.500,-51.900
17:07:52  IMU방향유효:0
17:07:52  IMU방향:0.0
17:07:52  방향가속도크기:9.61
17:07:52  방향자이로크기:2.98
17:07:52  방향자세cos:0.7195
17:07:52  자기모델잔차:23.48
17:07:52  자기모델반경:1.528
17:07:52  방향채택:0
17:07:52  방향거부:26075
17:07:52  송신:2189
17:07:52  GPS위성:6
17:07:52  GPS_HDOP:1.23
17:07:52  원시위도:37.496311
17:07:52  원시경도:126.955863
17:07:52  GPS채택:854
17:07:52  GPS이상치거부:0
17:07:52  GPS품질거부:4
17:07:52  GPS재기준:0
17:07:52  RSSI원시:-64
17:07:52  RSSI평활:-64.3
17:07:52  RSSI샘플:3153
17:07:52  RSSI경과ms:95
17:07:52  차량수신:2074
17:07:52  UWB유효:1
17:07:52  UWB보정:1
17:07:52  UWB원시거리:4.990
17:07:52  UWB보정거리:5.217
17:07:52  UWB접근속도:0.012
17:07:52  UWB오프셋:0.234
17:07:52  UWB경과ms:138
17:07:52  UWB수신:1079
17:07:52  시각ms:234608
17:07:52  IMU시각ms:234608
17:07:52  부팅횟수:378
17:07:52  리셋원인:POWER_ON
17:07:52  GPS복구횟수:0
17:07:52  마지막GPS복구ms:0
17:07:52  위험:0
17:07:52  차량위험:0
17:07:52  차량위험경과ms:-1
17:07:52  RSU위험:0
17:07:52  RSU위험경과ms:-1
17:07:52  GPS유효:1
17:07:52  위도:37.496311
17:07:52  경도:126.955864
17:07:52  속도:0.133
17:07:52  방향:0.0
17:07:52  GPS원시속도:0.123
17:07:52  GPS원시방향유효:1
17:07:52  GPS원시방향:308.3
17:07:52  가속도:6.718,6.953,-0.704
17:07:52  자이로:0.328,0.221,1.511
17:07:52  자력계:-46.050,45.300,-50.400
17:07:52  IMU방향유효:0
17:07:52  IMU방향:0.0
17:07:52  방향가속도크기:9.69
17:07:52  방향자이로크기:1.56
17:07:52  방향자세cos:0.7221
17:07:52  자기모델잔차:23.48
17:07:52  자기모델반경:1.528
17:07:52  방향채택:0
17:07:52  방향거부:26078
17:07:52  송신:2189
17:07:52  GPS위성:6
17:07:52  GPS_HDOP:1.23
17:07:52  원시위도:37.496311
17:07:52  원시경도:126.955863
17:07:52  GPS채택:854
17:07:52  GPS이상치거부:0
17:07:52  GPS품질거부:4
17:07:52  GPS재기준:0
17:07:52  RSSI원시:-64
17:07:52  RSSI평활:-64.3
17:07:52  RSSI샘플:3154
17:07:52  RSSI경과ms:16
17:07:52  차량수신:2075
17:07:52  UWB유효:1
17:07:52  UWB보정:1
17:07:52  UWB원시거리:4.990
17:07:52  UWB보정거리:5.217
17:07:52  UWB접근속도:0.012
17:07:52  UWB오프셋:0.234
17:07:52  UWB경과ms:161
17:07:52  UWB수신:1079
17:07:52  시각ms:234644
17:07:52  IMU시각ms:234644
17:07:52  부팅횟수:378
17:07:52  리셋원인:POWER_ON
17:07:52  GPS복구횟수:0
17:07:52  마지막GPS복구ms:0
17:07:52  위험:0
17:07:52  차량위험:0
17:07:52  차량위험경과ms:-1
17:07:52  RSU위험:0
17:07:52  RSU위험경과ms:-1
17:07:52  GPS유효:1
17:07:52  위도:37.496311
17:07:52  경도:126.955864
17:07:52  속도:0.133
17:07:52  방향:0.0
17:07:52  GPS원시속도:0.123
17:07:52  GPS원시방향유효:1
17:07:52  GPS원시방향:308.3
17:07:52  가속도:6.771,6.809,-0.709
17:07:52  자이로:-2.023,3.145,-0.634
17:07:52  자력계:-46.200,45.150,-51.000
17:07:52  IMU방향유효:0
17:07:52  IMU방향:0.0
17:07:52  방향가속도크기:9.63
17:07:52  방향자이로크기:3.79
17:07:52  방향자세cos:0.7222
17:07:52  자기모델잔차:23.48
17:07:52  자기모델반경:1.528
17:07:52  방향채택:0
17:07:52  방향거부:26081
17:07:52  송신:2190
17:07:52  GPS위성:6
17:07:52  GPS_HDOP:1.23
17:07:52  원시위도:37.496311
17:07:52  원시경도:126.955863
17:07:52  GPS채택:854
17:07:52  GPS이상치거부:0
17:07:52  GPS품질거부:4
17:07:52  GPS재기준:0
17:07:52  RSSI원시:-64
17:07:52  RSSI평활:-64.3
17:07:52  RSSI샘플:3154
17:07:52  RSSI경과ms:52
17:07:52  차량수신:2075
17:07:52  UWB유효:1
17:07:52  UWB보정:1
17:07:52  UWB원시거리:4.990
17:07:52  UWB보정거리:5.217
17:07:52  UWB접근속도:0.012
17:07:52  UWB오프셋:0.234
17:07:52  UWB경과ms:197
17:07:52  UWB수신:1079
17:07:52  시각ms:234667
17:07:52  IMU시각ms:234667
17:07:52  부팅횟수:378
17:07:52  리셋원인:POWER_ON
17:07:52  GPS복구횟수:0
17:07:52  마지막GPS복구ms:0
17:07:52  위험:0
17:07:52  차량위험:0
17:07:52  차량위험경과ms:-1
17:07:52  RSU위험:0
17:07:52  RSU위험경과ms:-1
17:07:52  GPS유효:1
17:07:52  위도:37.496311
17:07:52  경도:126.955864
17:07:52  속도:0.133
17:07:52  방향:0.0
17:07:52  GPS원시속도:0.123
17:07:52  GPS원시방향유효:1
17:07:52  GPS원시방향:308.3
17:07:52  가속도:6.685,6.981,-0.690
17:07:52  자이로:1.031,-3.725,0.275
17:07:52  자력계:-46.800,44.550,-50.700
17:07:52  IMU방향유효:0
17:07:52  IMU방향:0.0
17:07:52  방향가속도크기:9.69
17:07:52  방향자이로크기:3.87
17:07:52  방향자세cos:0.7228
17:07:52  자기모델잔차:23.48
17:07:52  자기모델반경:1.528
17:07:52  방향채택:0
17:07:52  방향거부:26084
17:07:52  송신:2190
17:07:52  GPS위성:6
17:07:52  GPS_HDOP:1.23
17:07:52  원시위도:37.496311
17:07:52  원시경도:126.955863
17:07:52  GPS채택:854
17:07:52  GPS이상치거부:0
17:07:52  GPS품질거부:4
17:07:52  GPS재기준:0
17:07:52  RSSI원시:-65
17:07:52  RSSI평활:-64.4
17:07:52  RSSI샘플:3155
17:07:52  RSSI경과ms:13
17:07:52  차량수신:2075
17:07:52  UWB유효:1
17:07:52  UWB보정:1
17:07:52  UWB원시거리:4.970
17:07:52  UWB보정거리:5.216
17:07:52  UWB접근속도:0.010
17:07:52  UWB오프셋:0.234
17:07:52  UWB경과ms:13
17:07:52  UWB수신:1080
17:07:52  시각ms:234690
17:07:52  IMU시각ms:234690
17:07:52  부팅횟수:378
17:07:52  리셋원인:POWER_ON
17:07:52  GPS복구횟수:0
17:07:52  마지막GPS복구ms:0
17:07:52  위험:0
17:07:52  차량위험:0
17:07:52  차량위험경과ms:-1
17:07:52  RSU위험:0
17:07:52  RSU위험경과ms:-1
17:07:52  GPS유효:1
17:07:52  위도:37.496311
17:07:52  경도:126.955864
17:07:52  속도:0.133
17:07:52  방향:0.0
17:07:52  GPS원시속도:0.123
17:07:52  GPS원시방향유효:1
17:07:52  GPS원시방향:308.3
17:07:52  가속도:6.555,6.943,-0.752
17:07:52  자이로:0.008,-2.023,-0.458
17:07:52  자력계:-46.650,44.250,-51.000
17:07:52  IMU방향유효:0
17:07:52  IMU방향:0.0
17:07:52  방향가속도크기:9.58
17:07:52  방향자이로크기:2.07
17:07:52  방향자세cos:0.7172
17:07:52  자기모델잔차:23.48
17:07:52  자기모델반경:1.528
17:07:52  방향채택:0
17:07:52  방향거부:26087
17:07:52  송신:2190
17:07:52  GPS위성:6
17:07:52  GPS_HDOP:1.23
17:07:52  원시위도:37.496311
17:07:52  원시경도:126.955863
17:07:52  GPS채택:854
17:07:52  GPS이상치거부:0
17:07:52  GPS품질거부:4
17:07:52  GPS재기준:0
17:07:52  RSSI원시:-65
17:07:52  RSSI평활:-64.4
17:07:52  RSSI샘플:3155
17:07:52  RSSI경과ms:36
17:07:52  차량수신:2075
17:07:52  UWB유효:1
17:07:52  UWB보정:1
17:07:52  UWB원시거리:4.970
17:07:52  UWB보정거리:5.216
17:07:52  UWB접근속도:0.010
17:07:52  UWB오프셋:0.234
17:07:52  UWB경과ms:36
17:07:52  UWB수신:1080
17:07:52  시각ms:234772
17:07:52  IMU시각ms:234772
17:07:52  부팅횟수:378
17:07:52  리셋원인:POWER_ON
17:07:52  GPS복구횟수:0
17:07:52  마지막GPS복구ms:0
17:07:52  위험:0
17:07:52  차량위험:0
17:07:52  차량위험경과ms:-1
17:07:52  RSU위험:0
17:07:52  RSU위험경과ms:-1
17:07:52  GPS유효:1
17:07:52  위도:37.496311
17:07:52  경도:126.955864
17:07:52  속도:0.138
17:07:52  방향:0.0
17:07:52  GPS원시속도:0.149
17:07:52  GPS원시방향유효:1
17:07:52  GPS원시방향:308.3
17:07:52  가속도:6.522,6.914,-0.919
17:07:52  자이로:-0.473,-0.076,0.679
17:07:52  자력계:-47.250,44.850,-51.900
17:07:52  IMU방향유효:0
17:07:52  IMU방향:0.0
17:07:52  방향가속도크기:9.55
17:07:52  방향자이로크기:0.83
17:07:52  방향자세cos:0.7047
17:07:52  자기모델잔차:23.48
17:07:52  자기모델반경:1.528
17:07:52  방향채택:0
17:07:52  방향거부:26096
17:07:52  송신:2191
17:07:52  GPS위성:6
17:07:52  GPS_HDOP:1.23
17:07:52  원시위도:37.496310
17:07:52  원시경도:126.955864
17:07:52  GPS채택:855
17:07:52  GPS이상치거부:0
17:07:52  GPS품질거부:4
17:07:52  GPS재기준:0
17:07:52  RSSI원시:-66
17:07:52  RSSI평활:-64.7
17:07:52  RSSI샘플:3156
17:07:52  RSSI경과ms:68
17:07:52  차량수신:2076
17:07:52  UWB유효:1
17:07:52  UWB보정:1
17:07:52  UWB원시거리:4.970
17:07:52  UWB보정거리:5.216
17:07:52  UWB접근속도:0.010
17:07:52  UWB오프셋:0.234
17:07:52  UWB경과ms:118
17:07:52  UWB수신:1080
17:07:52  시각ms:234796
17:07:52  IMU시각ms:234796
17:07:52  부팅횟수:378
17:07:52  리셋원인:POWER_ON
17:07:52  GPS복구횟수:0
17:07:52  마지막GPS복구ms:0
17:07:52  위험:0
17:07:52  차량위험:0
17:07:52  차량위험경과ms:-1
17:07:52  RSU위험:0
17:07:52  RSU위험경과ms:-1
17:07:52  GPS유효:1
17:07:52  위도:37.496311
17:07:52  경도:126.955864
17:07:52  속도:0.138
17:07:52  방향:0.0
17:07:52  GPS원시속도:0.149
17:07:52  GPS원시방향유효:1
17:07:52  GPS원시방향:308.3
17:07:52  가속도:6.613,7.068,-0.881
17:07:52  자이로:-1.870,1.450,-0.122
17:07:52  자력계:-47.550,44.850,-49.950
17:07:52  IMU방향유효:0
17:07:52  IMU방향:0.0
17:07:52  방향가속도크기:9.72
17:07:52  방향자이로크기:2.37
17:07:52  방향자세cos:0.7083
17:07:52  자기모델잔차:23.48
17:07:52  자기모델반경:1.528
17:07:52  방향채택:0
17:07:52  방향거부:26099
17:07:52  송신:2191
17:07:52  GPS위성:6
17:07:52  GPS_HDOP:1.23
17:07:52  원시위도:37.496310
17:07:52  원시경도:126.955864
17:07:52  GPS채택:855
17:07:52  GPS이상치거부:0
17:07:52  GPS품질거부:4
17:07:52  GPS재기준:0
17:07:52  RSSI원시:-66
17:07:52  RSSI평활:-64.7
17:07:52  RSSI샘플:3156
17:07:52  RSSI경과ms:92
17:07:52  차량수신:2076
17:07:52  UWB유효:1
17:07:52  UWB보정:1
17:07:52  UWB원시거리:4.970
17:07:52  UWB보정거리:5.216
17:07:52  UWB접근속도:0.010
17:07:52  UWB오프셋:0.234
17:07:52  UWB경과ms:142
17:07:52  UWB수신:1080
17:07:52  시각ms:234960
17:07:52  IMU시각ms:234960
17:07:52  부팅횟수:378
17:07:52  리셋원인:POWER_ON
17:07:52  GPS복구횟수:0
17:07:52  마지막GPS복구ms:0
17:07:52  위험:0
17:07:52  차량위험:0
17:07:52  차량위험경과ms:-1
17:07:52  RSU위험:0
17:07:52  RSU위험경과ms:-1
17:07:52  GPS유효:1
17:07:52  위도:37.496311
17:07:52  경도:126.955864
17:07:52  속도:0.138
17:07:52  방향:0.0
17:07:52  GPS원시속도:0.149
17:07:52  GPS원시방향유효:1
17:07:52  GPS원시방향:308.3
17:07:52  가속도:6.699,6.924,-0.498
17:07:52  자이로:-1.977,1.832,-1.168
17:07:52  자력계:-47.400,45.150,-51.300
17:07:52  IMU방향유효:0
17:07:52  IMU방향:0.0
17:07:52  방향가속도크기:9.65
17:07:52  방향자이로크기:2.94
17:07:52  방향자세cos:0.7364
17:07:52  자기모델잔차:23.48
17:07:52  자기모델반경:1.528
17:07:52  방향채택:0
17:07:52  방향거부:26117
17:07:52  송신:2193
17:07:52  GPS위성:6
17:07:52  GPS_HDOP:1.23
17:07:52  원시위도:37.496310
17:07:52  원시경도:126.955864
17:07:52  GPS채택:855
17:07:52  GPS이상치거부:0
17:07:52  GPS품질거부:4
17:07:52  GPS재기준:0
17:07:52  RSSI원시:-66
17:07:52  RSSI평활:-65.4
17:07:52  RSSI샘플:3159
17:07:52  RSSI경과ms:40
17:07:52  차량수신:2078
17:07:52  UWB유효:1
17:07:52  UWB보정:1
17:07:52  UWB원시거리:4.980
17:07:52  UWB보정거리:5.215
17:07:52  UWB접근속도:0.008
17:07:52  UWB오프셋:0.234
17:07:52  UWB경과ms:104
17:07:52  UWB수신:1081
17:07:53  시각ms:235007
17:07:53  IMU시각ms:235007
17:07:53  부팅횟수:378
17:07:53  리셋원인:POWER_ON
17:07:53  GPS복구횟수:0
17:07:53  마지막GPS복구ms:0
17:07:53  위험:0
17:07:53  차량위험:0
17:07:53  차량위험경과ms:-1
17:07:53  RSU위험:0
17:07:53  RSU위험경과ms:-1
17:07:53  GPS유효:1
17:07:53  위도:37.496311
17:07:53  경도:126.955864
17:07:53  속도:0.135
17:07:53  방향:0.0
17:07:53  GPS원시속도:0.129
17:07:53  GPS원시방향유효:1
17:07:53  GPS원시방향:308.3
17:07:53  가속도:6.699,6.910,-0.407
17:07:53  자이로:-3.847,-0.282,-2.695
17:07:53  자력계:-45.150,45.450,-51.300
17:07:53  IMU방향유효:0
17:07:53  IMU방향:0.0
17:07:53  방향가속도크기:9.63
17:07:53  방향자이로크기:4.71
17:07:53  방향자세cos:0.7428
17:07:53  자기모델잔차:23.48
17:07:53  자기모델반경:1.528
17:07:53  방향채택:0
17:07:53  방향거부:26123
17:07:53  송신:2193
17:07:53  GPS위성:6
17:07:53  GPS_HDOP:1.23
17:07:53  원시위도:37.496309
17:07:53  원시경도:126.955864
17:07:53  GPS채택:856
17:07:53  GPS이상치거부:0
17:07:53  GPS품질거부:4
17:07:53  GPS재기준:0
17:07:53  RSSI원시:-66
17:07:53  RSSI평활:-65.4
17:07:53  RSSI샘플:3159
17:07:53  RSSI경과ms:87
17:07:53  차량수신:2078
17:07:53  UWB유효:1
17:07:53  UWB보정:1
17:07:53  UWB원시거리:4.980
17:07:53  UWB보정거리:5.215
17:07:53  UWB접근속도:0.008
17:07:53  UWB오프셋:0.234
17:07:53  UWB경과ms:151
17:07:53  UWB수신:1081
17:07:53  시각ms:235030
17:07:53  IMU시각ms:235030
17:07:53  부팅횟수:378
17:07:53  리셋원인:POWER_ON
17:07:53  GPS복구횟수:0
17:07:53  마지막GPS복구ms:0
17:07:53  위험:0
17:07:53  차량위험:0
17:07:53  차량위험경과ms:-1
17:07:53  RSU위험:0
17:07:53  RSU위험경과ms:-1
17:07:53  GPS유효:1
17:07:53  위도:37.496311
17:07:53  경도:126.955864
17:07:53  속도:0.135
17:07:53  방향:0.0
17:07:53  GPS원시속도:0.129
17:07:53  GPS원시방향유효:1
17:07:53  GPS원시방향:308.3
17:07:53  가속도:6.728,7.005,-0.393
17:07:53  자이로:-2.443,-0.565,-2.687
17:07:53  자력계:-46.500,46.500,-51.900
17:07:53  IMU방향유효:0
17:07:53  IMU방향:0.0
17:07:53  방향가속도크기:9.72
17:07:53  방향자이로크기:3.68
17:07:53  방향자세cos:0.7437
17:07:53  자기모델잔차:23.48
17:07:53  자기모델반경:1.528
17:07:53  방향채택:0
17:07:53  방향거부:26126
17:07:53  송신:2193
17:07:53  GPS위성:6
17:07:53  GPS_HDOP:1.23
17:07:53  원시위도:37.496309
17:07:53  원시경도:126.955864
17:07:53  GPS채택:856
17:07:53  GPS이상치거부:0
17:07:53  GPS품질거부:4
17:07:53  GPS재기준:0
17:07:53  RSSI원시:-66
17:07:53  RSSI평활:-65.5
17:07:53  RSSI샘플:3160
17:07:53  RSSI경과ms:7
17:07:53  차량수신:2079
17:07:53  UWB유효:1
17:07:53  UWB보정:1
17:07:53  UWB원시거리:4.980
17:07:53  UWB보정거리:5.215
17:07:53  UWB접근속도:0.008
17:07:53  UWB오프셋:0.234
17:07:53  UWB경과ms:174
17:07:53  UWB수신:1081
17:07:53  시각ms:235058
17:07:53  IMU시각ms:235058
17:07:53  부팅횟수:378
17:07:53  리셋원인:POWER_ON
17:07:53  GPS복구횟수:0
17:07:53  마지막GPS복구ms:0
17:07:53  위험:0
17:07:53  차량위험:0
17:07:53  차량위험경과ms:-1
17:07:53  RSU위험:0
17:07:53  RSU위험경과ms:-1
17:07:53  GPS유효:1
17:07:53  위도:37.496311
17:07:53  경도:126.955864
17:07:53  속도:0.135
17:07:53  방향:0.0
17:07:53  GPS원시속도:0.129
17:07:53  GPS원시방향유효:1
17:07:53  GPS원시방향:308.3
17:07:53  가속도:6.594,7.068,-0.388
17:07:53  자이로:-1.084,-0.893,1.954
17:07:53  자력계:-47.250,46.500,-52.200
17:07:53  IMU방향유효:0
17:07:53  IMU방향:0.0
17:07:53  방향가속도크기:9.67
17:07:53  방향자이로크기:2.41
17:07:53  방향자세cos:0.7428
17:07:53  자기모델잔차:23.48
17:07:53  자기모델반경:1.528
17:07:53  방향채택:0
17:07:53  방향거부:26128
17:07:53  송신:2194
17:07:53  GPS위성:6
17:07:53  GPS_HDOP:1.23
17:07:53  원시위도:37.496309
17:07:53  원시경도:126.955864
17:07:53  GPS채택:856
17:07:53  GPS이상치거부:0
17:07:53  GPS품질거부:4
17:07:53  GPS재기준:0
17:07:53  RSSI원시:-66
17:07:53  RSSI평활:-65.6
17:07:53  RSSI샘플:3161
17:07:53  RSSI경과ms:9
17:07:53  차량수신:2079
17:07:53  UWB유효:1
17:07:53  UWB보정:1
17:07:53  UWB원시거리:5.010
17:07:53  UWB보정거리:5.215
17:07:53  UWB접근속도:0.006
17:07:53  UWB오프셋:0.234
17:07:53  UWB경과ms:9
17:07:53  UWB수신:1082
17:07:53  시각ms:235081
17:07:53  IMU시각ms:235081
17:07:53  부팅횟수:378
17:07:53  리셋원인:POWER_ON
17:07:53  GPS복구횟수:0
17:07:53  마지막GPS복구ms:0
17:07:53  위험:0
17:07:53  차량위험:0
17:07:53  차량위험경과ms:-1
17:07:53  RSU위험:0
17:07:53  RSU위험경과ms:-1
17:07:53  GPS유효:1
17:07:53  위도:37.496311
17:07:53  경도:126.955864
17:07:53  속도:0.135
17:07:53  방향:0.0
17:07:53  GPS원시속도:0.129
17:07:53  GPS원시방향유효:1
17:07:53  GPS원시방향:308.3
17:07:53  가속도:6.512,7.163,-0.441
17:07:53  자이로:-2.656,-0.115,-2.099
17:07:53  자력계:-45.900,46.200,-52.050
17:07:53  IMU방향유효:0
17:07:53  IMU방향:0.0
17:07:53  방향가속도크기:9.69
17:07:53  방향자이로크기:3.39
17:07:53  방향자세cos:0.7382
17:07:53  자기모델잔차:23.48
17:07:53  자기모델반경:1.528
17:07:53  방향채택:0
17:07:53  방향거부:26131
17:07:53  송신:2194
17:07:53  GPS위성:6
17:07:53  GPS_HDOP:1.23
17:07:53  원시위도:37.496309
17:07:53  원시경도:126.955864
17:07:53  GPS채택:856
17:07:53  GPS이상치거부:0
17:07:53  GPS품질거부:4
17:07:53  GPS재기준:0
17:07:53  RSSI원시:-66
17:07:53  RSSI평활:-65.6
17:07:53  RSSI샘플:3161
17:07:53  RSSI경과ms:32
17:07:53  차량수신:2079
17:07:53  UWB유효:1
17:07:53  UWB보정:1
17:07:53  UWB원시거리:5.010
17:07:53  UWB보정거리:5.215
17:07:53  UWB접근속도:0.006
17:07:53  UWB오프셋:0.234
17:07:53  UWB경과ms:32
17:07:53  UWB수신:1082
17:07:53  시각ms:235104
17:07:53  IMU시각ms:235104
17:07:53  부팅횟수:378
17:07:53  리셋원인:POWER_ON
17:07:53  GPS복구횟수:0
17:07:53  마지막GPS복구ms:0
17:07:53  위험:0
17:07:53  차량위험:0
17:07:53  차량위험경과ms:-1
17:07:53  RSU위험:0
17:07:53  RSU위험경과ms:-1
17:07:53  GPS유효:1
17:07:53  위도:37.496311
17:07:53  경도:126.955864
17:07:53  속도:0.135
17:07:53  방향:0.0
17:07:53  GPS원시속도:0.129
17:07:53  GPS원시방향유효:1
17:07:53  GPS원시방향:308.3
17:07:53  가속도:6.632,7.087,-0.469
17:07:53  자이로:-0.931,0.916,-0.786
17:07:53  자력계:-45.900,44.700,-50.250
17:07:53  IMU방향유효:0
17:07:53  IMU방향:0.0
17:07:53  방향가속도크기:9.72
17:07:53  방향자이로크기:1.52
17:07:53  방향자세cos:0.7375
17:07:53  자기모델잔차:23.48
17:07:53  자기모델반경:1.528
17:07:53  방향채택:0
17:07:53  방향거부:26134
17:07:53  송신:2194
17:07:53  GPS위성:6
17:07:53  GPS_HDOP:1.23
17:07:53  원시위도:37.496309
17:07:53  원시경도:126.955864
17:07:53  GPS채택:856
17:07:53  GPS이상치거부:0
17:07:53  GPS품질거부:4
17:07:53  GPS재기준:0
17:07:53  RSSI원시:-66
17:07:53  RSSI평활:-65.6
17:07:53  RSSI샘플:3161
17:07:53  RSSI경과ms:55
17:07:53  차량수신:2079
17:07:53  UWB유효:1
17:07:53  UWB보정:1
17:07:53  UWB원시거리:5.010
17:07:53  UWB보정거리:5.215
17:07:53  UWB접근속도:0.006
17:07:53  UWB오프셋:0.234
17:07:53  UWB경과ms:55
17:07:53  UWB수신:1082
17:07:53  시각ms:235127
17:07:53  IMU시각ms:235127
17:07:53  부팅횟수:378
17:07:53  리셋원인:POWER_ON
17:07:53  GPS복구횟수:0
17:07:53  마지막GPS복구ms:0
17:07:53  위험:0
17:07:53  차량위험:0
17:07:53  차량위험경과ms:-1
17:07:53  RSU위험:0
17:07:53  RSU위험경과ms:-1
17:07:53  GPS유효:1
17:07:53  위도:37.496311
17:07:53  경도:126.955864
17:07:53  속도:0.135
17:07:53  방향:0.0
17:07:53  GPS원시속도:0.129
17:07:53  GPS원시방향유효:1
17:07:53  GPS원시방향:308.3
17:07:53  가속도:6.426,7.159,-0.575
17:07:53  자이로:-3.641,0.374,-1.382
17:07:53  자력계:-47.400,45.150,-52.350
17:07:53  IMU방향유효:0
17:07:53  IMU방향:0.0
17:07:53  방향가속도크기:9.64
17:07:53  방향자이로크기:3.91
17:07:53  방향자세cos:0.7280
17:07:53  자기모델잔차:23.48
17:07:53  자기모델반경:1.528
17:07:53  방향채택:0
17:07:53  방향거부:26137
17:07:53  송신:2194
17:07:53  GPS위성:6
17:07:53  GPS_HDOP:1.23
17:07:53  원시위도:37.496309
17:07:53  원시경도:126.955864
17:07:53  GPS채택:856
17:07:53  GPS이상치거부:0
17:07:53  GPS품질거부:4
17:07:53  GPS재기준:0
17:07:53  RSSI원시:-66
17:07:53  RSSI평활:-65.6
17:07:53  RSSI샘플:3161
17:07:53  RSSI경과ms:78
17:07:53  차량수신:2079
17:07:53  UWB유효:1
17:07:53  UWB보정:1
17:07:53  UWB원시거리:5.010
17:07:53  UWB보정거리:5.215
17:07:53  UWB접근속도:0.006
17:07:53  UWB오프셋:0.234
17:07:53  UWB경과ms:78
17:07:53  UWB수신:1082
17:07:53  시각ms:235209
17:07:53  IMU시각ms:235209
17:07:53  부팅횟수:378
17:07:53  리셋원인:POWER_ON
17:07:53  GPS복구횟수:0
17:07:53  마지막GPS복구ms:0
17:07:53  위험:0
17:07:53  차량위험:0
17:07:53  차량위험경과ms:-1
17:07:53  RSU위험:0
17:07:53  RSU위험경과ms:-1
17:07:53  GPS유효:1
17:07:53  위도:37.496311
17:07:53  경도:126.955864
17:07:53  속도:0.124
17:07:53  방향:0.0
17:07:53  GPS원시속도:0.103
17:07:53  GPS원시방향유효:1
17:07:53  GPS원시방향:308.3
17:07:53  가속도:6.570,6.981,-0.402
17:07:53  자이로:-0.695,-0.511,2.023
17:07:53  자력계:-45.300,45.300,-51.900
17:07:53  IMU방향유효:0
17:07:53  IMU방향:0.0
17:07:53  방향가속도크기:9.59
17:07:53  방향자이로크기:2.20
17:07:53  방향자세cos:0.7420
17:07:53  자기모델잔차:23.48
17:07:53  자기모델반경:1.528
17:07:53  방향채택:0
17:07:53  방향거부:26146
17:07:53  송신:2195
17:07:53  GPS위성:6
17:07:53  GPS_HDOP:1.23
17:07:53  원시위도:37.496309
17:07:53  원시경도:126.955864
17:07:53  GPS채택:857
17:07:53  GPS이상치거부:0
17:07:53  GPS품질거부:4
17:07:53  GPS재기준:0
17:07:53  RSSI원시:-66
17:07:53  RSSI평활:-65.6
17:07:53  RSSI샘플:3161
17:07:53  RSSI경과ms:160
17:07:53  차량수신:2079
17:07:53  UWB유효:1
17:07:53  UWB보정:1
17:07:53  UWB원시거리:5.010
17:07:53  UWB보정거리:5.215
17:07:53  UWB접근속도:0.006
17:07:53  UWB오프셋:0.234
17:07:53  UWB경과ms:160
17:07:53  UWB수신:1082
17:07:53  시각ms:235232
17:07:53  IMU시각ms:235232
17:07:53  부팅횟수:378
17:07:53  리셋원인:POWER_ON
17:07:53  GPS복구횟수:0
17:07:53  마지막GPS복구ms:0
17:07:53  위험:0
17:07:53  차량위험:0
17:07:53  차량위험경과ms:-1
17:07:53  RSU위험:0
17:07:53  RSU위험경과ms:-1
17:07:53  GPS유효:1
17:07:53  위도:37.496311
17:07:53  경도:126.955864
17:07:53  속도:0.124
17:07:53  방향:0.0
17:07:53  GPS원시속도:0.103
17:07:53  GPS원시방향유효:1
17:07:53  GPS원시방향:308.3
17:07:53  가속도:6.627,6.790,-0.225
17:07:53  자이로:-1.443,-2.427,-2.725
17:07:53  자력계:-45.300,45.600,-51.450
17:07:53  IMU방향유효:0
17:07:53  IMU방향:0.0
17:07:53  방향가속도크기:9.49
17:07:53  방향자이로크기:3.92
17:07:53  방향자세cos:0.7552
17:07:53  자기모델잔차:23.48
17:07:53  자기모델반경:1.528
17:07:53  방향채택:0
17:07:53  방향거부:26149
17:07:53  송신:2195
17:07:53  GPS위성:6
17:07:53  GPS_HDOP:1.23
17:07:53  원시위도:37.496309
17:07:53  원시경도:126.955864
17:07:53  GPS채택:857
17:07:53  GPS이상치거부:0
17:07:53  GPS품질거부:4
17:07:53  GPS재기준:0
17:07:53  RSSI원시:-66
17:07:53  RSSI평활:-65.6
17:07:53  RSSI샘플:3161
17:07:53  RSSI경과ms:183
17:07:53  차량수신:2079
17:07:53  UWB유효:1
17:07:53  UWB보정:1
17:07:53  UWB원시거리:5.010
17:07:53  UWB보정거리:5.215
17:07:53  UWB접근속도:0.006
17:07:53  UWB오프셋:0.234
17:07:53  UWB경과ms:183
17:07:53  UWB수신:1082
17:07:53  시각ms:235418
17:07:53  IMU시각ms:235418
17:07:53  부팅횟수:378
17:07:53  리셋원인:POWER_ON
17:07:53  GPS복구횟수:0
17:07:53  마지막GPS복구ms:0
17:07:53  위험:0
17:07:53  차량위험:0
17:07:53  차량위험경과ms:-1
17:07:53  RSU위험:0
17:07:53  RSU위험경과ms:-1
17:07:53  GPS유효:1
17:07:53  위도:37.496311
17:07:53  경도:126.955864
17:07:53  속도:0.106
17:07:53  방향:0.0
17:07:53  GPS원시속도:0.072
17:07:53  GPS원시방향유효:1
17:07:53  GPS원시방향:308.3
17:07:53  가속도:6.603,7.034,-0.579
17:07:53  자이로:-4.267,0.458,1.328
17:07:53  자력계:-45.750,44.850,-49.950
17:07:53  IMU방향유효:0
17:07:53  IMU방향:0.0
17:07:53  방향가속도크기:9.67
17:07:53  방향자이로크기:4.49
17:07:53  방향자세cos:0.7297
17:07:53  자기모델잔차:23.48
17:07:53  자기모델반경:1.528
17:07:53  방향채택:0
17:07:53  방향거부:26170
17:07:53  송신:2197
17:07:53  GPS위성:6
17:07:53  GPS_HDOP:1.23
17:07:53  원시위도:37.496309
17:07:53  원시경도:126.955864
17:07:53  GPS채택:858
17:07:53  GPS이상치거부:0
17:07:53  GPS품질거부:4
17:07:53  GPS재기준:0
17:07:53  RSSI원시:-65
17:07:53  RSSI평활:-65.5
17:07:53  RSSI샘플:3163
17:07:53  RSSI경과ms:149
17:07:53  차량수신:2080
17:07:53  UWB유효:1
17:07:53  UWB보정:1
17:07:53  UWB원시거리:4.990
17:07:53  UWB보정거리:5.218
17:07:53  UWB접근속도:-0.001
17:07:53  UWB오프셋:0.234
17:07:53  UWB경과ms:149
17:07:53  UWB수신:1083
17:07:53  시각ms:235441
17:07:53  IMU시각ms:235441
17:07:53  부팅횟수:378
17:07:53  리셋원인:POWER_ON
17:07:53  GPS복구횟수:0
17:07:53  마지막GPS복구ms:0
17:07:53  위험:0
17:07:53  차량위험:0
17:07:53  차량위험경과ms:-1
17:07:53  RSU위험:0
17:07:53  RSU위험경과ms:-1
17:07:53  GPS유효:1
17:07:53  위도:37.496311
17:07:53  경도:126.955864
17:07:53  속도:0.106
17:07:53  방향:0.0
17:07:53  GPS원시속도:0.072
17:07:53  GPS원시방향유효:1
17:07:53  GPS원시방향:308.3
17:07:53  가속도:6.718,6.996,-0.498
17:07:53  자이로:-2.504,0.977,-0.687
17:07:53  자력계:-46.500,46.500,-50.700
17:07:53  IMU방향유효:0
17:07:53  IMU방향:0.0
17:07:53  방향가속도크기:9.71
17:07:53  방향자이로크기:2.77
17:07:53  방향자세cos:0.7364
17:07:53  자기모델잔차:23.48
17:07:53  자기모델반경:1.528
17:07:53  방향채택:0
17:07:53  방향거부:26173
17:07:53  송신:2197
17:07:53  GPS위성:6
17:07:53  GPS_HDOP:1.23
17:07:53  원시위도:37.496309
17:07:53  원시경도:126.955864
17:07:53  GPS채택:858
17:07:53  GPS이상치거부:0
17:07:53  GPS품질거부:4
17:07:53  GPS재기준:0
17:07:53  RSSI원시:-66
17:07:53  RSSI평활:-65.6
17:07:53  RSSI샘플:3164
17:07:53  RSSI경과ms:3
17:07:53  차량수신:2081
17:07:53  UWB유효:1
17:07:53  UWB보정:1
17:07:53  UWB원시거리:4.990
17:07:53  UWB보정거리:5.218
17:07:53  UWB접근속도:-0.001
17:07:53  UWB오프셋:0.234
17:07:53  UWB경과ms:172
17:07:53  UWB수신:1083
17:07:53  시각ms:235476
17:07:53  IMU시각ms:235476
17:07:53  부팅횟수:378
17:07:53  리셋원인:POWER_ON
17:07:53  GPS복구횟수:0
17:07:53  마지막GPS복구ms:0
17:07:53  위험:0
17:07:53  차량위험:0
17:07:53  차량위험경과ms:-1
17:07:53  RSU위험:0
17:07:53  RSU위험경과ms:-1
17:07:53  GPS유효:1
17:07:53  위도:37.496311
17:07:53  경도:126.955864
17:07:53  속도:0.106
17:07:53  방향:0.0
17:07:53  GPS원시속도:0.072
17:07:53  GPS원시방향유효:1
17:07:53  GPS원시방향:308.3
17:07:53  가속도:6.685,7.092,-0.426
17:07:53  자이로:-2.740,-0.328,-0.405
17:07:53  자력계:-46.200,45.150,-50.250
17:07:53  IMU방향유효:0
17:07:53  IMU방향:0.0
17:07:53  방향가속도크기:9.75
17:07:53  방향자이로크기:2.79
17:07:53  방향자세cos:0.7408
17:07:53  자기모델잔차:23.48
17:07:53  자기모델반경:1.528
17:07:53  방향채택:0
17:07:53  방향거부:26176
17:07:53  송신:2198
17:07:53  GPS위성:6
17:07:53  GPS_HDOP:1.23
17:07:53  원시위도:37.496309
17:07:53  원시경도:126.955864
17:07:53  GPS채택:858
17:07:53  GPS이상치거부:0
17:07:53  GPS품질거부:4
17:07:53  GPS재기준:0
17:07:53  RSSI원시:-66
17:07:53  RSSI평활:-65.7
17:07:53  RSSI샘플:3165
17:07:53  RSSI경과ms:23
17:07:53  차량수신:2081
17:07:53  UWB유효:1
17:07:53  UWB보정:1
17:07:53  UWB원시거리:5.010
17:07:53  UWB보정거리:5.220
17:07:53  UWB접근속도:-0.004
17:07:53  UWB오프셋:0.234
17:07:53  UWB경과ms:23
17:07:53  UWB수신:1084
17:07:53  시각ms:235522
17:07:53  IMU시각ms:235522
17:07:53  부팅횟수:378
17:07:53  리셋원인:POWER_ON
17:07:53  GPS복구횟수:0
17:07:53  마지막GPS복구ms:0
17:07:53  위험:0
17:07:53  차량위험:0
17:07:53  차량위험경과ms:-1
17:07:53  RSU위험:0
17:07:53  RSU위험경과ms:-1
17:07:53  GPS유효:1
17:07:53  위도:37.496307
17:07:53  경도:126.955864
17:07:53  속도:0.106
17:07:53  방향:0.0
17:07:53  GPS원시속도:0.072
17:07:53  GPS원시방향유효:1
17:07:53  GPS원시방향:308.3
17:07:53  가속도:6.158,7.360,-0.642
17:07:53  자이로:-2.183,0.786,1.702
17:07:53  자력계:-48.300,45.300,-51.150
17:07:53  IMU방향유효:0
17:07:53  IMU방향:0.0
17:07:53  방향가속도크기:9.62
17:07:53  방향자이로크기:2.88
17:07:53  방향자세cos:0.7195
17:07:53  자기모델잔차:23.48
17:07:53  자기모델반경:1.528
17:07:53  방향채택:0
17:07:53  방향거부:26182
17:07:53  송신:2198
17:07:53  GPS위성:6
17:07:53  GPS_HDOP:1.23
17:07:53  원시위도:37.496309
17:07:53  원시경도:126.955864
17:07:53  GPS채택:858
17:07:53  GPS이상치거부:0
17:07:53  GPS품질거부:4
17:07:53  GPS재기준:0
17:07:53  RSSI원시:-66
17:07:53  RSSI평활:-65.7
17:07:53  RSSI샘플:3165
17:07:53  RSSI경과ms:69
17:07:53  차량수신:2081
17:07:53  UWB유효:1
17:07:53  UWB보정:1
17:07:53  UWB원시거리:5.010
17:07:53  UWB보정거리:5.220
17:07:53  UWB접근속도:-0.004
17:07:53  UWB오프셋:0.234
17:07:53  UWB경과ms:69
17:07:53  UWB수신:1084
17:07:53  시각ms:235545
17:07:53  IMU시각ms:235545
17:07:53  부팅횟수:378
17:07:53  리셋원인:POWER_ON
17:07:53  GPS복구횟수:0
17:07:53  마지막GPS복구ms:0
17:07:53  위험:0
17:07:53  차량위험:0
17:07:53  차량위험경과ms:-1
17:07:53  RSU위험:0
17:07:53  RSU위험경과ms:-1
17:07:53  GPS유효:1
17:07:53  위도:37.496307
17:07:53  경도:126.955864
17:07:53  속도:0.106
17:07:53  방향:0.0
17:07:53  GPS원시속도:0.072
17:07:53  GPS원시방향유효:1
17:07:53  GPS원시방향:308.3
17:07:53  가속도:6.187,7.513,-0.584
17:07:53  자이로:-3.702,0.450,-0.267
17:07:53  자력계:-46.950,46.200,-52.350
17:07:53  IMU방향유효:0
17:07:53  IMU방향:0.0
17:07:53  방향가속도크기:9.75
17:07:53  방향자이로크기:3.74
17:07:53  방향자세cos:0.7232
17:07:53  자기모델잔차:23.48
17:07:53  자기모델반경:1.528
17:07:53  방향채택:0
17:07:53  방향거부:26185
17:07:53  송신:2198
17:07:53  GPS위성:6
17:07:53  GPS_HDOP:1.23
17:07:53  원시위도:37.496309
17:07:53  원시경도:126.955864
17:07:53  GPS채택:858
17:07:53  GPS이상치거부:0
17:07:53  GPS품질거부:4
17:07:53  GPS재기준:0
17:07:53  RSSI원시:-66
17:07:53  RSSI평활:-65.7
17:07:53  RSSI샘플:3165
17:07:53  RSSI경과ms:92
17:07:53  차량수신:2081
17:07:53  UWB유효:1
17:07:53  UWB보정:1
17:07:53  UWB원시거리:5.010
17:07:53  UWB보정거리:5.220
17:07:53  UWB접근속도:-0.004
17:07:53  UWB오프셋:0.234
17:07:53  UWB경과ms:92
17:07:53  UWB수신:1084
17:07:53  시각ms:235604
17:07:53  IMU시각ms:235604
17:07:53  부팅횟수:378
17:07:53  리셋원인:POWER_ON
17:07:53  GPS복구횟수:0
17:07:53  마지막GPS복구ms:0
17:07:53  위험:0
17:07:53  차량위험:0
17:07:53  차량위험경과ms:-1
17:07:53  RSU위험:0
17:07:53  RSU위험경과ms:-1
17:07:53  GPS유효:1
17:07:53  위도:37.496307
17:07:53  경도:126.955864
17:07:53  속도:0.105
17:07:53  방향:0.0
17:07:53  GPS원시속도:0.103
17:07:53  GPS원시방향유효:1
17:07:53  GPS원시방향:308.3
17:07:53  가속도:6.670,6.981,-0.369
17:07:53  자이로:-2.481,-4.382,1.649
17:07:53  자력계:-46.650,45.150,-50.550
17:07:53  IMU방향유효:0
17:07:53  IMU방향:0.0
17:07:53  방향가속도크기:9.66
17:07:53  방향자이로크기:5.30
17:07:53  방향자세cos:0.7450
17:07:53  자기모델잔차:23.48
17:07:53  자기모델반경:1.528
17:07:53  방향채택:0
17:07:53  방향거부:26191
17:07:53  송신:2199
17:07:53  GPS위성:6
17:07:53  GPS_HDOP:1.23
17:07:53  원시위도:37.496308
17:07:53  원시경도:126.955864
17:07:53  GPS채택:859
17:07:53  GPS이상치거부:0
17:07:53  GPS품질거부:4
17:07:53  GPS재기준:0
17:07:53  RSSI원시:-66
17:07:53  RSSI평활:-65.8
17:07:53  RSSI샘플:3166
17:07:53  RSSI경과ms:57
17:07:53  차량수신:2082
17:07:53  UWB유효:1
17:07:53  UWB보정:1
17:07:53  UWB원시거리:5.010
17:07:53  UWB보정거리:5.220
17:07:53  UWB접근속도:-0.004
17:07:53  UWB오프셋:0.234
17:07:53  UWB경과ms:151
17:07:53  UWB수신:1084
17:07:53  시각ms:235628
17:07:53  IMU시각ms:235628
17:07:53  부팅횟수:378
17:07:53  리셋원인:POWER_ON
17:07:53  GPS복구횟수:0
17:07:53  마지막GPS복구ms:0
17:07:53  위험:0
17:07:53  차량위험:0
17:07:53  차량위험경과ms:-1
17:07:53  RSU위험:0
17:07:53  RSU위험경과ms:-1
17:07:53  GPS유효:1
17:07:53  위도:37.496307
17:07:53  경도:126.955864
17:07:53  속도:0.105
17:07:53  방향:0.0
17:07:53  GPS원시속도:0.103
17:07:53  GPS원시방향유효:1
17:07:53  GPS원시방향:308.3
17:07:53  가속도:6.833,6.756,-0.110
17:07:53  자이로:-5.641,-3.145,1.786
17:07:53  자력계:-47.700,44.700,-50.250
17:07:53  IMU방향유효:0
17:07:53  IMU방향:0.0
17:07:53  방향가속도크기:9.61
17:07:53  방향자이로크기:6.70
17:07:53  방향자세cos:0.7641
17:07:53  자기모델잔차:23.48
17:07:53  자기모델반경:1.528
17:07:53  방향채택:0
17:07:53  방향거부:26194
17:07:53  송신:2199
17:07:53  GPS위성:6
17:07:53  GPS_HDOP:1.23
17:07:53  원시위도:37.496308
17:07:53  원시경도:126.955864
17:07:53  GPS채택:859
17:07:53  GPS이상치거부:0
17:07:53  GPS품질거부:4
17:07:53  GPS재기준:0
17:07:53  RSSI원시:-66
17:07:53  RSSI평활:-65.8
17:07:53  RSSI샘플:3166
17:07:53  RSSI경과ms:81
17:07:53  차량수신:2082
17:07:53  UWB유효:1
17:07:53  UWB보정:1
17:07:53  UWB원시거리:5.010
17:07:53  UWB보정거리:5.220
17:07:53  UWB접근속도:-0.004
17:07:53  UWB오프셋:0.234
17:07:53  UWB경과ms:175
17:07:53  UWB수신:1084
17:07:53  시각ms:235651
17:07:53  IMU시각ms:235651
17:07:53  부팅횟수:378
17:07:53  리셋원인:POWER_ON
17:07:53  GPS복구횟수:0
17:07:53  마지막GPS복구ms:0
17:07:53  위험:0
17:07:53  차량위험:0
17:07:53  차량위험경과ms:-1
17:07:53  RSU위험:0
17:07:53  RSU위험경과ms:-1
17:07:53  GPS유효:1
17:07:53  위도:37.496307
17:07:53  경도:126.955864
17:07:53  속도:0.105
17:07:53  방향:0.0
17:07:53  GPS원시속도:0.103
17:07:53  GPS원시방향유효:1
17:07:53  GPS원시방향:308.3
17:07:53  가속도:6.929,6.622,0.043
17:07:53  자이로:-6.634,-3.359,1.977
17:07:53  자력계:-46.050,44.550,-50.400
17:07:53  IMU방향유효:0
17:07:53  IMU방향:0.0
17:07:53  방향가속도크기:9.58
17:07:53  방향자이로크기:7.69
17:07:53  방향자세cos:0.7750
17:07:53  자기모델잔차:23.48
17:07:53  자기모델반경:1.528
17:07:53  방향채택:0
17:07:53  방향거부:26197
17:07:53  송신:2199
17:07:53  GPS위성:6
17:07:53  GPS_HDOP:1.23
17:07:53  원시위도:37.496308
17:07:53  원시경도:126.955864
17:07:53  GPS채택:859
17:07:53  GPS이상치거부:0
17:07:53  GPS품질거부:4
17:07:53  GPS재기준:0
17:07:53  RSSI원시:-64
17:07:53  RSSI평활:-65.3
17:07:53  RSSI샘플:3168
17:07:53  RSSI경과ms:4
17:07:53  차량수신:2083
17:07:53  UWB유효:1
17:07:53  UWB보정:1
17:07:53  UWB원시거리:5.030
17:07:53  UWB보정거리:5.229
17:07:53  UWB접근속도:-0.015
17:07:53  UWB오프셋:0.234
17:07:53  UWB경과ms:5
17:07:53  UWB수신:1085
17:07:53  시각ms:235731
17:07:53  IMU시각ms:235731
17:07:53  부팅횟수:378
17:07:53  리셋원인:POWER_ON
17:07:53  GPS복구횟수:0
17:07:53  마지막GPS복구ms:0
17:07:53  위험:0
17:07:53  차량위험:0
17:07:53  차량위험경과ms:-1
17:07:53  RSU위험:0
17:07:53  RSU위험경과ms:-1
17:07:53  GPS유효:1
17:07:53  위도:37.496307
17:07:53  경도:126.955864
17:07:53  속도:0.105
17:07:53  방향:0.0
17:07:53  GPS원시속도:0.103
17:07:53  GPS원시방향유효:1
17:07:53  GPS원시방향:308.3
17:07:53  가속도:6.685,7.025,-0.603
17:07:53  자이로:-2.832,-1.389,-0.718
17:07:53  자력계:-46.950,44.250,-49.050
17:07:53  IMU방향유효:0
17:07:53  IMU방향:0.0
17:07:53  방향가속도크기:9.72
17:07:53  방향자이로크기:3.24
17:07:53  방향자세cos:0.7287
17:07:53  자기모델잔차:23.48
17:07:53  자기모델반경:1.528
17:07:53  방향채택:0
17:07:53  방향거부:26206
17:07:53  송신:2200
17:07:53  GPS위성:6
17:07:53  GPS_HDOP:1.23
17:07:53  원시위도:37.496308
17:07:53  원시경도:126.955864
17:07:53  GPS채택:859
17:07:53  GPS이상치거부:0
17:07:53  GPS품질거부:4
17:07:53  GPS재기준:0
17:07:53  RSSI원시:-64
17:07:53  RSSI평활:-65.3
17:07:53  RSSI샘플:3168
17:07:53  RSSI경과ms:84
17:07:53  차량수신:2083
17:07:53  UWB유효:1
17:07:53  UWB보정:1
17:07:53  UWB원시거리:5.030
17:07:53  UWB보정거리:5.229
17:07:53  UWB접근속도:-0.015
17:07:53  UWB오프셋:0.234
17:07:53  UWB경과ms:85
17:07:53  UWB수신:1085
17:07:53  시각ms:235837
17:07:53  IMU시각ms:235837
17:07:53  부팅횟수:378
17:07:53  리셋원인:POWER_ON
17:07:53  GPS복구횟수:0
17:07:53  마지막GPS복구ms:0
17:07:53  위험:0
17:07:53  차량위험:0
17:07:53  차량위험경과ms:-1
17:07:53  RSU위험:0
17:07:53  RSU위험경과ms:-1
17:07:53  GPS유효:1
17:07:53  위도:37.496307
17:07:53  경도:126.955864
17:07:53  속도:0.091
17:07:53  방향:0.0
17:07:53  GPS원시속도:0.067
17:07:53  GPS원시방향유효:1
17:07:53  GPS원시방향:308.3
17:07:53  가속도:6.412,7.264,-0.737
17:07:53  자이로:-0.824,-1.931,1.321
17:07:53  자력계:-46.950,44.700,-51.000
17:07:53  IMU방향유효:0
17:07:53  IMU방향:0.0
17:07:53  방향가속도크기:9.72
17:07:53  방향자이로크기:2.48
17:07:53  방향자세cos:0.7161
17:07:53  자기모델잔차:23.48
17:07:53  자기모델반경:1.528
17:07:53  방향채택:0
17:07:53  방향거부:26218
17:07:53  송신:2201
17:07:53  GPS위성:6
17:07:53  GPS_HDOP:1.23
17:07:53  원시위도:37.496308
17:07:53  원시경도:126.955863
17:07:53  GPS채택:860
17:07:53  GPS이상치거부:0
17:07:53  GPS품질거부:4
17:07:53  GPS재기준:0
17:07:53  RSSI원시:-64
17:07:53  RSSI평활:-65.0
17:07:53  RSSI샘플:3169
17:07:53  RSSI경과ms:90
17:07:53  차량수신:2084
17:07:53  UWB유효:1
17:07:53  UWB보정:1
17:07:53  UWB원시거리:5.030
17:07:53  UWB보정거리:5.229
17:07:53  UWB접근속도:-0.015
17:07:53  UWB오프셋:0.234
17:07:53  UWB경과ms:191
17:07:53  UWB수신:1085
17:07:53  시각ms:235860
17:07:53  IMU시각ms:235860
17:07:53  부팅횟수:378
17:07:53  리셋원인:POWER_ON
17:07:53  GPS복구횟수:0
17:07:53  마지막GPS복구ms:0
17:07:53  위험:0
17:07:53  차량위험:0
17:07:53  차량위험경과ms:-1
17:07:53  RSU위험:0
17:07:53  RSU위험경과ms:-1
17:07:53  GPS유효:1
17:07:53  위도:37.496307
17:07:53  경도:126.955864
17:07:53  속도:0.091
17:07:53  방향:0.0
17:07:53  GPS원시속도:0.067
17:07:53  GPS원시방향유효:1
17:07:53  GPS원시방향:308.3
17:07:53  가속도:6.594,7.096,-0.493
17:07:53  자이로:-2.695,-0.878,0.298
17:07:53  자력계:-45.750,46.050,-51.900
17:07:53  IMU방향유효:0
17:07:53  IMU방향:0.0
17:07:53  방향가속도크기:9.70
17:07:53  방향자이로크기:2.85
17:07:53  방향자세cos:0.7355
17:07:53  자기모델잔차:23.48
17:07:53  자기모델반경:1.528
17:07:53  방향채택:0
17:07:53  방향거부:26221
17:07:53  송신:2201
17:07:53  GPS위성:6
17:07:53  GPS_HDOP:1.23
17:07:53  원시위도:37.496308
17:07:53  원시경도:126.955863
17:07:53  GPS채택:860
17:07:53  GPS이상치거부:0
17:07:53  GPS품질거부:4
17:07:53  GPS재기준:0
17:07:53  RSSI원시:-64
17:07:53  RSSI평활:-64.8
17:07:53  RSSI샘플:3171
17:07:53  RSSI경과ms:11
17:07:53  차량수신:2085
17:07:53  UWB유효:1
17:07:53  UWB보정:1
17:07:53  UWB원시거리:5.010
17:07:53  UWB보정거리:5.234
17:07:53  UWB접근속도:-0.019
17:07:53  UWB오프셋:0.234
17:07:53  UWB경과ms:13
17:07:53  UWB수신:1086
17:07:53  시각ms:235895
17:07:53  IMU시각ms:235895
17:07:53  부팅횟수:378
17:07:53  리셋원인:POWER_ON
17:07:53  GPS복구횟수:0
17:07:53  마지막GPS복구ms:0
17:07:53  위험:0
17:07:53  차량위험:0
17:07:53  차량위험경과ms:-1
17:07:53  RSU위험:0
17:07:53  RSU위험경과ms:-1
17:07:53  GPS유효:1
17:07:53  위도:37.496307
17:07:53  경도:126.955864
17:07:53  속도:0.091
17:07:53  방향:0.0
17:07:53  GPS원시속도:0.067
17:07:53  GPS원시방향유효:1
17:07:53  GPS원시방향:308.3
17:07:53  가속도:6.479,6.977,-0.646
17:07:53  자이로:-0.412,-2.427,-2.405
17:07:53  자력계:-46.500,46.500,-49.950
17:07:53  IMU방향유효:0
17:07:53  IMU방향:0.0
17:07:53  방향가속도크기:9.54
17:07:53  방향자이로크기:3.44
17:07:53  방향자세cos:0.7240
17:07:53  자기모델잔차:23.48
17:07:53  자기모델반경:1.528
17:07:53  방향채택:0
17:07:53  방향거부:26224
17:07:53  송신:2202
17:07:53  GPS위성:6
17:07:53  GPS_HDOP:1.23
17:07:53  원시위도:37.496308
17:07:53  원시경도:126.955863
17:07:53  GPS채택:860
17:07:53  GPS이상치거부:0
17:07:53  GPS품질거부:4
17:07:53  GPS재기준:0
17:07:53  RSSI원시:-64
17:07:53  RSSI평활:-64.8
17:07:53  RSSI샘플:3171
17:07:53  RSSI경과ms:46
17:07:53  차량수신:2085
17:07:53  UWB유효:1
17:07:53  UWB보정:1
17:07:53  UWB원시거리:5.010
17:07:53  UWB보정거리:5.234
17:07:53  UWB접근속도:-0.019
17:07:53  UWB오프셋:0.234
17:07:53  UWB경과ms:48
17:07:53  UWB수신:1086
17:07:53  시각ms:235918
17:07:53  IMU시각ms:235918
17:07:53  부팅횟수:378
17:07:53  리셋원인:POWER_ON
17:07:53  GPS복구횟수:0
17:07:53  마지막GPS복구ms:0
17:07:53  위험:0
17:07:53  차량위험:0
17:07:53  차량위험경과ms:-1
17:07:53  RSU위험:0
17:07:53  RSU위험경과ms:-1
17:07:53  GPS유효:1
17:07:53  위도:37.496307
17:07:53  경도:126.955864
17:07:53  속도:0.091
17:07:53  방향:0.0
17:07:53  GPS원시속도:0.067
17:07:53  GPS원시방향유효:1
17:07:53  GPS원시방향:308.3
17:07:53  가속도:6.598,6.924,-0.445
17:07:53  자이로:-2.511,1.237,-0.710
17:07:53  자력계:-45.750,46.050,-49.950
17:07:53  IMU방향유효:0
17:07:53  IMU방향:0.0
17:07:53  방향가속도크기:9.57
17:07:53  방향자이로크기:2.89
17:07:53  방향자세cos:0.7393
17:07:53  자기모델잔차:23.48
17:07:53  자기모델반경:1.528
17:07:53  방향채택:0
17:07:53  방향거부:26227
17:07:53  송신:2202
17:07:53  GPS위성:6
17:07:53  GPS_HDOP:1.23
17:07:53  원시위도:37.496308
17:07:53  원시경도:126.955863
17:07:53  GPS채택:860
17:07:53  GPS이상치거부:0
17:07:53  GPS품질거부:4
17:07:53  GPS재기준:0
17:07:53  RSSI원시:-64
17:07:53  RSSI평활:-64.8
17:07:53  RSSI샘플:3171
17:07:53  RSSI경과ms:69
17:07:53  차량수신:2085
17:07:53  UWB유효:1
17:07:53  UWB보정:1
17:07:53  UWB원시거리:5.010
17:07:53  UWB보정거리:5.234
17:07:53  UWB접근속도:-0.019
17:07:53  UWB오프셋:0.234
17:07:53  UWB경과ms:71
17:07:53  UWB수신:1086
17:07:54  시각ms:235964
17:07:54  IMU시각ms:235964
17:07:54  부팅횟수:378
17:07:54  리셋원인:POWER_ON
17:07:54  GPS복구횟수:0
17:07:54  마지막GPS복구ms:0
17:07:54  위험:0
17:07:54  차량위험:0
17:07:54  차량위험경과ms:-1
17:07:54  RSU위험:0
17:07:54  RSU위험경과ms:-1
17:07:54  GPS유효:1
17:07:54  위도:37.496307
17:07:54  경도:126.955864
17:07:54  속도:0.091
17:07:54  방향:0.0
17:07:54  GPS원시속도:0.067
17:07:54  GPS원시방향유효:1
17:07:54  GPS원시방향:308.3
17:07:54  가속도:6.646,6.958,-0.345
17:07:54  자이로:-0.534,0.664,-1.336
17:07:54  자력계:-47.550,45.600,-51.450
17:07:54  IMU방향유효:0
17:07:54  IMU방향:0.0
17:07:54  방향가속도크기:9.63
17:07:54  방향자이로크기:1.58
17:07:54  방향자세cos:0.7466
17:07:54  자기모델잔차:23.48
17:07:54  자기모델반경:1.528
17:07:54  방향채택:0
17:07:54  방향거부:26233
17:07:54  송신:2202
17:07:54  GPS위성:6
17:07:54  GPS_HDOP:1.23
17:07:54  원시위도:37.496308
17:07:54  원시경도:126.955863
17:07:54  GPS채택:860
17:07:54  GPS이상치거부:0
17:07:54  GPS품질거부:4
17:07:54  GPS재기준:0
17:07:54  RSSI원시:-66
17:07:54  RSSI평활:-65.1
17:07:54  RSSI샘플:3172
17:07:54  RSSI경과ms:11
17:07:54  차량수신:2086
17:07:54  UWB유효:1
17:07:54  UWB보정:1
17:07:54  UWB원시거리:5.010
17:07:54  UWB보정거리:5.234
17:07:54  UWB접근속도:-0.019
17:07:54  UWB오프셋:0.234
17:07:54  UWB경과ms:117
17:07:54  UWB수신:1086
17:07:54  시각ms:236023
17:07:54  IMU시각ms:236023
17:07:54  부팅횟수:378
17:07:54  리셋원인:POWER_ON
17:07:54  GPS복구횟수:0
17:07:54  마지막GPS복구ms:0
17:07:54  위험:0
17:07:54  차량위험:0
17:07:54  차량위험경과ms:-1
17:07:54  RSU위험:0
17:07:54  RSU위험경과ms:-1
17:07:54  GPS유효:1
17:07:54  위도:37.496307
17:07:54  경도:126.955864
17:07:54  속도:0.081
17:07:54  방향:0.0
17:07:54  GPS원시속도:0.062
17:07:54  GPS원시방향유효:1
17:07:54  GPS원시방향:308.3
17:07:54  가속도:6.531,7.068,-0.302
17:07:54  자이로:-2.427,-1.496,-0.924
17:07:54  자력계:-46.950,45.150,-48.300
17:07:54  IMU방향유효:0
17:07:54  IMU방향:0.0
17:07:54  방향가속도크기:9.63
17:07:54  방향자이로크기:3.00
17:07:54  방향자세cos:0.7483
17:07:54  자기모델잔차:23.48
17:07:54  자기모델반경:1.528
17:07:54  방향채택:0
17:07:54  방향거부:26239
17:07:54  송신:2203
17:07:54  GPS위성:6
17:07:54  GPS_HDOP:1.23
17:07:54  원시위도:37.496307
17:07:54  원시경도:126.955863
17:07:54  GPS채택:861
17:07:54  GPS이상치거부:0
17:07:54  GPS품질거부:4
17:07:54  GPS재기준:0
17:07:54  RSSI원시:-66
17:07:54  RSSI평활:-65.1
17:07:54  RSSI샘플:3172
17:07:54  RSSI경과ms:70
17:07:54  차량수신:2086
17:07:54  UWB유효:1
17:07:54  UWB보정:1
17:07:54  UWB원시거리:5.010
17:07:54  UWB보정거리:5.234
17:07:54  UWB접근속도:-0.019
17:07:54  UWB오프셋:0.234
17:07:54  UWB경과ms:176
17:07:54  UWB수신:1086
17:07:54  시각ms:236104
17:07:54  IMU시각ms:236104
17:07:54  부팅횟수:378
17:07:54  리셋원인:POWER_ON
17:07:54  GPS복구횟수:0
17:07:54  마지막GPS복구ms:0
17:07:54  위험:0
17:07:54  차량위험:0
17:07:54  차량위험경과ms:-1
17:07:54  RSU위험:0
17:07:54  RSU위험경과ms:-1
17:07:54  GPS유효:1
17:07:54  위도:37.496307
17:07:54  경도:126.955864
17:07:54  속도:0.081
17:07:54  방향:0.0
17:07:54  GPS원시속도:0.062
17:07:54  GPS원시방향유효:1
17:07:54  GPS원시방향:308.3
17:07:54  가속도:6.689,6.986,-0.105
17:07:54  자이로:-1.901,1.282,-0.252
17:07:54  자력계:-47.250,46.500,-49.950
17:07:54  IMU방향유효:0
17:07:54  IMU방향:0.0
17:07:54  방향가속도크기:9.67
17:07:54  방향자이로크기:2.31
17:07:54  방향자세cos:0.7629
17:07:54  자기모델잔차:23.48
17:07:54  자기모델반경:1.528
17:07:54  방향채택:0
17:07:54  방향거부:26248
17:07:54  송신:2204
17:07:54  GPS위성:6
17:07:54  GPS_HDOP:1.23
17:07:54  원시위도:37.496307
17:07:54  원시경도:126.955863
17:07:54  GPS채택:861
17:07:54  GPS이상치거부:0
17:07:54  GPS품질거부:4
17:07:54  GPS재기준:0
17:07:54  RSSI원시:-69
17:07:54  RSSI평활:-66.5
17:07:54  RSSI샘플:3174
17:07:54  RSSI경과ms:42
17:07:54  차량수신:2087
17:07:54  UWB유효:1
17:07:54  UWB보정:1
17:07:54  UWB원시거리:4.990
17:07:54  UWB보정거리:5.238
17:07:54  UWB접근속도:-0.018
17:07:54  UWB오프셋:0.234
17:07:54  UWB경과ms:44
17:07:54  UWB수신:1087
17:07:54  시각ms:236128
17:07:54  IMU시각ms:236128
17:07:54  부팅횟수:378
17:07:54  리셋원인:POWER_ON
17:07:54  GPS복구횟수:0
17:07:54  마지막GPS복구ms:0
17:07:54  위험:0
17:07:54  차량위험:0
17:07:54  차량위험경과ms:-1
17:07:54  RSU위험:0
17:07:54  RSU위험경과ms:-1
17:07:54  GPS유효:1
17:07:54  위도:37.496307
17:07:54  경도:126.955864
17:07:54  속도:0.081
17:07:54  방향:0.0
17:07:54  GPS원시속도:0.062
17:07:54  GPS원시방향유효:1
17:07:54  GPS원시방향:308.3
17:07:54  가속도:6.785,6.838,-0.053
17:07:54  자이로:-0.962,-2.313,-1.588
17:07:54  자력계:-46.950,45.900,-49.800
17:07:54  IMU방향유효:0
17:07:54  IMU방향:0.0
17:07:54  방향가속도크기:9.63
17:07:54  방향자이로크기:2.97
17:07:54  방향자세cos:0.7675
17:07:54  자기모델잔차:23.48
17:07:54  자기모델반경:1.528
17:07:54  방향채택:0
17:07:54  방향거부:26251
17:07:54  송신:2204
17:07:54  GPS위성:6
17:07:54  GPS_HDOP:1.23
17:07:54  원시위도:37.496307
17:07:54  원시경도:126.955863
17:07:54  GPS채택:861
17:07:54  GPS이상치거부:0
17:07:54  GPS품질거부:4
17:07:54  GPS재기준:0
17:07:54  RSSI원시:-69
17:07:54  RSSI평활:-66.5
17:07:54  RSSI샘플:3174
17:07:54  RSSI경과ms:66
17:07:54  차량수신:2087
17:07:54  UWB유효:1
17:07:54  UWB보정:1
17:07:54  UWB원시거리:4.990
17:07:54  UWB보정거리:5.238
17:07:54  UWB접근속도:-0.018
17:07:54  UWB오프셋:0.234
17:07:54  UWB경과ms:68
17:07:54  UWB수신:1087
17:07:54  시각ms:236279
17:07:54  IMU시각ms:236279
17:07:54  부팅횟수:378
17:07:54  리셋원인:POWER_ON
17:07:54  GPS복구횟수:0
17:07:54  마지막GPS복구ms:0
17:07:54  위험:0
17:07:54  차량위험:0
17:07:54  차량위험경과ms:-1
17:07:54  RSU위험:0
17:07:54  RSU위험경과ms:-1
17:07:54  GPS유효:1
17:07:54  위도:37.496307
17:07:54  경도:126.955864
17:07:54  속도:0.072
17:07:54  방향:0.0
17:07:54  GPS원시속도:0.057
17:07:54  GPS원시방향유효:1
17:07:54  GPS원시방향:308.3
17:07:54  가속도:6.541,6.886,-0.632
17:07:54  자이로:0.565,-1.382,1.725
17:07:54  자력계:-47.700,47.400,-50.550
17:07:54  IMU방향유효:0
17:07:54  IMU방향:0.0
17:07:54  방향가속도크기:9.52
17:07:54  방향자이로크기:2.28
17:07:54  방향자세cos:0.7257
17:07:54  자기모델잔차:23.48
17:07:54  자기모델반경:1.528
17:07:54  방향채택:0
17:07:54  방향거부:26269
17:07:54  송신:2205
17:07:54  GPS위성:6
17:07:54  GPS_HDOP:1.23
17:07:54  원시위도:37.496306
17:07:54  원시경도:126.955863
17:07:54  GPS채택:862
17:07:54  GPS이상치거부:0
17:07:54  GPS품질거부:4
17:07:54  GPS재기준:0
17:07:54  RSSI원시:-70
17:07:54  RSSI평활:-67.7
17:07:54  RSSI샘플:3176
17:07:54  RSSI경과ms:28
17:07:54  차량수신:2088
17:07:54  UWB유효:1
17:07:54  UWB보정:1
17:07:54  UWB원시거리:4.980
17:07:54  UWB보정거리:5.240
17:07:54  UWB접근속도:-0.016
17:07:54  UWB오프셋:0.234
17:07:54  UWB경과ms:28
17:07:54  UWB수신:1088
17:07:55  시각ms:237091
17:07:55  IMU시각ms:237091
17:07:55  부팅횟수:378
17:07:55  리셋원인:POWER_ON
17:07:55  GPS복구횟수:0
17:07:55  마지막GPS복구ms:0
17:07:55  위험:0
17:07:55  차량위험:0
17:07:55  차량위험경과ms:-1
17:07:55  RSU위험:0
17:07:55  RSU위험경과ms:-1
17:07:55  GPS유효:1
17:07:55  위도:37.496304
17:07:55  경도:126.955864
17:07:55  속도:0.081
17:07:55  방향:0.0
17:07:55  GPS원시속도:0.098
17:07:55  GPS원시방향유효:1
17:07:55  GPS원시방향:308.3
17:07:55  가속도:6.699,7.053,-0.187
17:07:55  자이로:-0.802,-1.405,-0.924
17:07:55  자력계:-43.050,48.000,-50.400
17:07:55  IMU방향유효:0
17:07:55  IMU방향:0.0
17:07:55  방향가속도크기:9.73
17:07:55  방향자이로크기:1.86
17:07:55  방향자세cos:0.7572
17:07:55  자기모델잔차:23.48
17:07:55  자기모델반경:1.528
17:07:55  방향채택:0
17:07:55  방향거부:26361
17:07:55  송신:2213
17:07:55  GPS위성:6
17:07:55  GPS_HDOP:1.26
17:07:55  원시위도:37.496304
17:07:55  원시경도:126.955863
17:07:55  GPS채택:866
17:07:55  GPS이상치거부:0
17:07:55  GPS품질거부:4
17:07:55  GPS재기준:0
17:07:55  RSSI원시:-65
17:07:55  RSSI평활:-66.5
17:07:55  RSSI샘플:3188
17:07:55  RSSI경과ms:44
17:07:55  차량수신:2096
17:07:55  UWB유효:1
17:07:55  UWB보정:1
17:07:55  UWB원시거리:5.000
17:07:55  UWB보정거리:5.233
17:07:55  UWB접근속도:0.002
17:07:55  UWB오프셋:0.234
17:07:55  UWB경과ms:44
17:07:55  UWB수신:1092
17:07:55  시각ms:237167
17:07:55  IMU시각ms:237167
17:07:55  부팅횟수:378
17:07:55  리셋원인:POWER_ON
17:07:55  GPS복구횟수:0
17:07:55  마지막GPS복구ms:0
17:07:55  위험:0
17:07:55  차량위험:0
17:07:55  차량위험경과ms:-1
17:07:55  RSU위험:0
17:07:55  RSU위험경과ms:-1
17:07:55  GPS유효:1
17:07:55  위도:37.496304
17:07:55  경도:126.955864
17:07:55  속도:0.087
17:07:55  방향:0.0
17:07:55  GPS원시속도:0.098
17:07:55  GPS원시방향유효:1
17:07:55  GPS원시방향:308.3
17:07:55  가속도:6.622,7.039,-0.206
17:07:55  자이로:0.321,-2.840,-0.458
17:07:55  자력계:-45.900,46.650,-50.250
17:07:55  IMU방향유효:0
17:07:55  IMU방향:0.0
17:07:55  방향가속도크기:9.67
17:07:55  방향자이로크기:2.89
17:07:55  방향자세cos:0.7555
17:07:55  자기모델잔차:23.48
17:07:55  자기모델반경:1.528
17:07:55  방향채택:0
17:07:55  방향거부:26369
17:07:55  송신:2214
17:07:55  GPS위성:6
17:07:55  GPS_HDOP:1.26
17:07:55  원시위도:37.496302
17:07:55  원시경도:126.955863
17:07:55  GPS채택:867
17:07:55  GPS이상치거부:0
17:07:55  GPS품질거부:4
17:07:55  GPS재기준:0
17:07:55  RSSI원시:-65
17:07:55  RSSI평활:-66.2
17:07:55  RSSI샘플:3189
17:07:55  RSSI경과ms:63
17:07:55  차량수신:2097
17:07:55  UWB유효:1
17:07:55  UWB보정:1
17:07:55  UWB원시거리:5.000
17:07:55  UWB보정거리:5.233
17:07:55  UWB접근속도:0.002
17:07:55  UWB오프셋:0.234
17:07:55  UWB경과ms:120
17:07:55  UWB수신:1092
17:07:55  시각ms:237425
17:07:55  IMU시각ms:237425
17:07:55  부팅횟수:378
17:07:55  리셋원인:POWER_ON
17:07:55  GPS복구횟수:0
17:07:55  마지막GPS복구ms:0
17:07:55  위험:0
17:07:55  차량위험:0
17:07:55  차량위험경과ms:-1
17:07:55  RSU위험:0
17:07:55  RSU위험경과ms:-1
17:07:55  GPS유효:1
17:07:55  위도:37.496304
17:07:55  경도:126.955864
17:07:55  속도:0.075
17:07:55  방향:0.0
17:07:55  GPS원시속도:0.051
17:07:55  GPS원시방향유효:1
17:07:55  GPS원시방향:308.3
17:07:55  가속도:6.670,6.891,-0.713
17:07:55  자이로:-1.374,-2.588,3.595
17:07:55  자력계:-43.650,46.950,-52.050
17:07:55  IMU방향유효:0
17:07:55  IMU방향:0.0
17:07:55  방향가속도크기:9.62
17:07:55  방향자이로크기:4.64
17:07:55  방향자세cos:0.7210
17:07:55  자기모델잔차:23.48
17:07:55  자기모델반경:1.528
17:07:55  방향채택:0
17:07:55  방향거부:26399
17:07:55  송신:2216
17:07:55  GPS위성:6
17:07:55  GPS_HDOP:1.26
17:07:55  원시위도:37.496301
17:07:55  원시경도:126.955863
17:07:55  GPS채택:868
17:07:55  GPS이상치거부:0
17:07:55  GPS품질거부:4
17:07:55  GPS재기준:0
17:07:55  RSSI원시:-62
17:07:55  RSSI평활:-64.3
17:07:55  RSSI샘플:3192
17:07:55  RSSI경과ms:111
17:07:55  차량수신:2099
17:07:55  UWB유효:1
17:07:55  UWB보정:1
17:07:55  UWB원시거리:5.000
17:07:55  UWB보정거리:5.233
17:07:55  UWB접근속도:0.001
17:07:55  UWB오프셋:0.234
17:07:55  UWB경과ms:175
17:07:55  UWB수신:1093
17:07:55  시각ms:237500
17:07:55  IMU시각ms:237500
17:07:55  부팅횟수:378
17:07:55  리셋원인:POWER_ON
17:07:55  GPS복구횟수:0
17:07:55  마지막GPS복구ms:0
17:07:55  위험:0
17:07:55  차량위험:0
17:07:55  차량위험경과ms:-1
17:07:55  RSU위험:0
17:07:55  RSU위험경과ms:-1
17:07:55  GPS유효:1
17:07:55  위도:37.496304
17:07:55  경도:126.955864
17:07:55  속도:0.075
17:07:55  방향:0.0
17:07:55  GPS원시속도:0.051
17:07:55  GPS원시방향유효:1
17:07:55  GPS원시방향:308.3
17:07:55  가속도:6.594,6.780,-0.397
17:07:55  자이로:-1.183,-1.405,1.000
17:07:55  자력계:-43.800,46.800,-51.900
17:07:55  IMU방향유효:0
17:07:55  IMU방향:0.0
17:07:55  방향가속도크기:9.47
17:07:55  방향자이로크기:2.09
17:07:55  방향자세cos:0.7430
17:07:55  자기모델잔차:23.48
17:07:55  자기모델반경:1.528
17:07:55  방향채택:0
17:07:55  방향거부:26407
17:07:55  송신:2217
17:07:55  GPS위성:6
17:07:55  GPS_HDOP:1.26
17:07:55  원시위도:37.496301
17:07:55  원시경도:126.955863
17:07:55  GPS채택:868
17:07:55  GPS이상치거부:0
17:07:55  GPS품질거부:4
17:07:55  GPS재기준:0
17:07:55  RSSI원시:-64
17:07:55  RSSI평활:-64.2
17:07:55  RSSI샘플:3193
17:07:55  RSSI경과ms:53
17:07:55  차량수신:2099
17:07:55  UWB유효:1
17:07:55  UWB보정:1
17:07:55  UWB원시거리:4.970
17:07:55  UWB보정거리:5.234
17:07:55  UWB접근속도:-0.000
17:07:55  UWB오프셋:0.234
17:07:55  UWB경과ms:53
17:07:55  UWB수신:1094
17:07:55  시각ms:237523
17:07:55  IMU시각ms:237523
17:07:55  부팅횟수:378
17:07:55  리셋원인:POWER_ON
17:07:55  GPS복구횟수:0
17:07:55  마지막GPS복구ms:0
17:07:55  위험:0
17:07:55  차량위험:0
17:07:55  차량위험경과ms:-1
17:07:55  RSU위험:0
17:07:55  RSU위험경과ms:-1
17:07:55  GPS유효:1
17:07:55  위도:37.496304
17:07:55  경도:126.955864
17:07:55  속도:0.075
17:07:55  방향:0.0
17:07:55  GPS원시속도:0.051
17:07:55  GPS원시방향유효:1
17:07:55  GPS원시방향:308.3
17:07:55  가속도:6.699,6.953,-0.354
17:07:55  자이로:-0.855,-2.061,1.954
17:07:55  자력계:-45.300,46.800,-48.900
17:07:55  IMU방향유효:0
17:07:55  IMU방향:0.0
17:07:55  방향가속도크기:9.66
17:07:55  방향자이로크기:2.97
17:07:55  방향자세cos:0.7463
17:07:55  자기모델잔차:23.48
17:07:55  자기모델반경:1.528
17:07:55  방향채택:0
17:07:55  방향거부:26410
17:07:55  송신:2217
17:07:55  GPS위성:6
17:07:55  GPS_HDOP:1.26
17:07:55  원시위도:37.496301
17:07:55  원시경도:126.955863
17:07:55  GPS채택:868
17:07:55  GPS이상치거부:0
17:07:55  GPS품질거부:4
17:07:55  GPS재기준:0
17:07:55  RSSI원시:-64
17:07:55  RSSI평활:-64.2
17:07:55  RSSI샘플:3193
17:07:55  RSSI경과ms:76
17:07:55  차량수신:2099
17:07:55  UWB유효:1
17:07:55  UWB보정:1
17:07:55  UWB원시거리:4.970
17:07:55  UWB보정거리:5.234
17:07:55  UWB접근속도:-0.000
17:07:55  UWB오프셋:0.234
17:07:55  UWB경과ms:76
17:07:55  UWB수신:1094
17:07:55  시각ms:237559
17:07:55  IMU시각ms:237559
17:07:55  부팅횟수:378
17:07:55  리셋원인:POWER_ON
17:07:55  GPS복구횟수:0
17:07:55  마지막GPS복구ms:0
17:07:55  위험:0
17:07:55  차량위험:0
17:07:55  차량위험경과ms:-1
17:07:55  RSU위험:0
17:07:55  RSU위험경과ms:-1
17:07:55  GPS유효:1
17:07:55  위도:37.496304
17:07:55  경도:126.955864
17:07:55  속도:0.075
17:07:55  방향:0.0
17:07:55  GPS원시속도:0.051
17:07:55  GPS원시방향유효:1
17:07:55  GPS원시방향:308.3
17:07:55  가속도:6.670,6.972,-0.254
17:07:55  자이로:-1.542,-0.656,1.031
17:07:55  자력계:-44.550,45.600,-50.700
17:07:55  IMU방향유효:0
17:07:55  IMU방향:0.0
17:07:55  방향가속도크기:9.65
17:07:55  방향자이로크기:1.97
17:07:55  방향자세cos:0.7529
17:07:55  자기모델잔차:23.48
17:07:55  자기모델반경:1.528
17:07:55  방향채택:0
17:07:55  방향거부:26413
17:07:55  송신:2218
17:07:55  GPS위성:6
17:07:55  GPS_HDOP:1.26
17:07:55  원시위도:37.496301
17:07:55  원시경도:126.955863
17:07:55  GPS채택:868
17:07:55  GPS이상치거부:0
17:07:55  GPS품질거부:4
17:07:55  GPS재기준:0
17:07:55  RSSI원시:-63
17:07:55  RSSI평활:-64.0
17:07:55  RSSI샘플:3194
17:07:55  RSSI경과ms:34
17:07:55  차량수신:2100
17:07:55  UWB유효:1
17:07:55  UWB보정:1
17:07:55  UWB원시거리:4.970
17:07:55  UWB보정거리:5.234
17:07:55  UWB접근속도:-0.000
17:07:55  UWB오프셋:0.234
17:07:55  UWB경과ms:112
17:07:55  UWB수신:1094
17:07:55  시각ms:237582
17:07:55  IMU시각ms:237582
17:07:55  부팅횟수:378
17:07:55  리셋원인:POWER_ON
17:07:55  GPS복구횟수:0
17:07:55  마지막GPS복구ms:0
17:07:55  위험:0
17:07:55  차량위험:0
17:07:55  차량위험경과ms:-1
17:07:55  RSU위험:0
17:07:55  RSU위험경과ms:-1
17:07:55  GPS유효:1
17:07:55  위도:37.496304
17:07:55  경도:126.955864
17:07:55  속도:0.066
17:07:55  방향:0.0
17:07:55  GPS원시속도:0.051
17:07:55  GPS원시방향유효:1
17:07:55  GPS원시방향:308.3
17:07:55  가속도:6.551,6.895,-0.431
17:07:55  자이로:0.176,-2.153,0.115
17:07:55  자력계:-44.250,47.250,-51.450
17:07:55  IMU방향유효:0
17:07:55  IMU방향:0.0
17:07:55  방향가속도크기:9.52
17:07:55  방향자이로크기:2.16
17:07:55  방향자세cos:0.7401
17:07:55  자기모델잔차:23.48
17:07:55  자기모델반경:1.528
17:07:55  방향채택:0
17:07:55  방향거부:26416
17:07:55  송신:2218
17:07:55  GPS위성:6
17:07:55  GPS_HDOP:1.26
17:07:55  원시위도:37.496300
17:07:55  원시경도:126.955863
17:07:55  GPS채택:869
17:07:55  GPS이상치거부:0
17:07:55  GPS품질거부:4
17:07:55  GPS재기준:0
17:07:55  RSSI원시:-63
17:07:55  RSSI평활:-64.0
17:07:55  RSSI샘플:3194
17:07:55  RSSI경과ms:57
17:07:55  차량수신:2100
17:07:55  UWB유효:1
17:07:55  UWB보정:1
17:07:55  UWB원시거리:4.970
17:07:55  UWB보정거리:5.234
17:07:55  UWB접근속도:-0.000
17:07:55  UWB오프셋:0.234
17:07:55  UWB경과ms:135
17:07:55  UWB수신:1094
17:07:55  시각ms:237606
17:07:55  IMU시각ms:237606
17:07:55  부팅횟수:378
17:07:55  리셋원인:POWER_ON
17:07:55  GPS복구횟수:0
17:07:55  마지막GPS복구ms:0
17:07:55  위험:0
17:07:55  차량위험:0
17:07:55  차량위험경과ms:-1
17:07:55  RSU위험:0
17:07:55  RSU위험경과ms:-1
17:07:55  GPS유효:1
17:07:55  위도:37.496304
17:07:55  경도:126.955864
17:07:55  속도:0.066
17:07:55  방향:0.0
17:07:55  GPS원시속도:0.051
17:07:55  GPS원시방향유효:1
17:07:55  GPS원시방향:308.3
17:07:55  가속도:6.627,7.101,-0.579
17:07:55  자이로:-1.023,1.557,0.397
17:07:55  자력계:-44.250,48.000,-49.950
17:07:55  IMU방향유효:0
17:07:55  IMU방향:0.0
17:07:55  방향가속도크기:9.73
17:07:55  방향자이로크기:1.90
17:07:55  방향자세cos:0.7298
17:07:55  자기모델잔차:23.48
17:07:55  자기모델반경:1.528
17:07:55  방향채택:0
17:07:55  방향거부:26419
17:07:55  송신:2218
17:07:55  GPS위성:6
17:07:55  GPS_HDOP:1.26
17:07:55  원시위도:37.496300
17:07:55  원시경도:126.955863
17:07:55  GPS채택:869
17:07:55  GPS이상치거부:0
17:07:55  GPS품질거부:4
17:07:55  GPS재기준:0
17:07:55  RSSI원시:-63
17:07:55  RSSI평활:-64.0
17:07:55  RSSI샘플:3194
17:07:55  RSSI경과ms:81
17:07:55  차량수신:2100
17:07:55  UWB유효:1
17:07:55  UWB보정:1
17:07:55  UWB원시거리:4.970
17:07:55  UWB보정거리:5.234
17:07:55  UWB접근속도:-0.000
17:07:55  UWB오프셋:0.234
17:07:55  UWB경과ms:159
17:07:55  UWB수신:1094
17:07:55  시각ms:237629
17:07:55  IMU시각ms:237629
17:07:55  부팅횟수:378
17:07:55  리셋원인:POWER_ON
17:07:55  GPS복구횟수:0
17:07:55  마지막GPS복구ms:0
17:07:55  위험:0
17:07:55  차량위험:0
17:07:55  차량위험경과ms:-1
17:07:55  RSU위험:0
17:07:55  RSU위험경과ms:-1
17:07:55  GPS유효:1
17:07:55  위도:37.496304
17:07:55  경도:126.955864
17:07:55  속도:0.066
17:07:55  방향:0.0
17:07:55  GPS원시속도:0.051
17:07:55  GPS원시방향유효:1
17:07:55  GPS원시방향:308.3
17:07:55  가속도:6.570,7.058,-0.627
17:07:55  자이로:-1.794,0.641,0.084
17:07:55  자력계:-45.900,48.150,-51.000
17:07:55  IMU방향유효:0
17:07:55  IMU방향:0.0
17:07:55  방향가속도크기:9.66
17:07:55  방향자이로크기:1.91
17:07:55  방향자세cos:0.7260
17:07:55  자기모델잔차:23.48
17:07:55  자기모델반경:1.528
17:07:55  방향채택:0
17:07:55  방향거부:26422
17:07:55  송신:2218
17:07:55  GPS위성:6
17:07:55  GPS_HDOP:1.26
17:07:55  원시위도:37.496300
17:07:55  원시경도:126.955863
17:07:55  GPS채택:869
17:07:55  GPS이상치거부:0
17:07:55  GPS품질거부:4
17:07:55  GPS재기준:0
17:07:55  RSSI원시:-63
17:07:55  RSSI평활:-64.0
17:07:55  RSSI샘플:3194
17:07:55  RSSI경과ms:104
17:07:55  차량수신:2100
17:07:55  UWB유효:1
17:07:55  UWB보정:1
17:07:55  UWB원시거리:4.970
17:07:55  UWB보정거리:5.234
17:07:55  UWB접근속도:-0.000
17:07:55  UWB오프셋:0.234
17:07:55  UWB경과ms:182
17:07:55  UWB수신:1094
17:07:55  시각ms:237658
17:07:55  IMU시각ms:237658
17:07:55  부팅횟수:378
17:07:55  리셋원인:POWER_ON
17:07:55  GPS복구횟수:0
17:07:55  마지막GPS복구ms:0
17:07:55  위험:0
17:07:55  차량위험:0
17:07:55  차량위험경과ms:-1
17:07:55  RSU위험:0
17:07:55  RSU위험경과ms:-1
17:07:55  GPS유효:1
17:07:55  위도:37.496304
17:07:55  경도:126.955864
17:07:55  속도:0.066
17:07:55  방향:0.0
17:07:55  GPS원시속도:0.051
17:07:55  GPS원시방향유효:1
17:07:55  GPS원시방향:308.3
17:07:55  가속도:6.407,7.264,-0.728
17:07:55  자이로:-0.840,0.870,-1.420
17:07:55  자력계:-45.900,46.650,-49.800
17:07:55  IMU방향유효:0
17:07:55  IMU방향:0.0
17:07:55  방향가속도크기:9.71
17:07:55  방향자이로크기:1.87
17:07:55  방향자세cos:0.7167
17:07:55  자기모델잔차:23.48
17:07:55  자기모델반경:1.528
17:07:55  방향채택:0
17:07:55  방향거부:26424
17:07:55  송신:2219
17:07:55  GPS위성:6
17:07:55  GPS_HDOP:1.26
17:07:55  원시위도:37.496300
17:07:55  원시경도:126.955863
17:07:55  GPS채택:869
17:07:55  GPS이상치거부:0
17:07:55  GPS품질거부:4
17:07:55  GPS재기준:0
17:07:55  RSSI원시:-62
17:07:55  RSSI평활:-63.3
17:07:55  RSSI샘플:3196
17:07:55  RSSI경과ms:1
17:07:55  차량수신:2101
17:07:55  UWB유효:1
17:07:55  UWB보정:1
17:07:55  UWB원시거리:5.000
17:07:55  UWB보정거리:5.234
17:07:55  UWB접근속도:-0.000
17:07:55  UWB오프셋:0.234
17:07:55  UWB경과ms:1
17:07:55  UWB수신:1095
17:07:55  시각ms:237704
17:07:55  IMU시각ms:237704
17:07:55  부팅횟수:378
17:07:55  리셋원인:POWER_ON
17:07:55  GPS복구횟수:0
17:07:55  마지막GPS복구ms:0
17:07:55  위험:0
17:07:55  차량위험:0
17:07:55  차량위험경과ms:-1
17:07:55  RSU위험:0
17:07:55  RSU위험경과ms:-1
17:07:55  GPS유효:1
17:07:55  위도:37.496304
17:07:55  경도:126.955864
17:07:55  속도:0.066
17:07:55  방향:0.0
17:07:55  GPS원시속도:0.051
17:07:55  GPS원시방향유효:1
17:07:55  GPS원시방향:308.3
17:07:55  가속도:6.383,7.197,-0.747
17:07:55  자이로:-3.496,-0.115,2.359
17:07:55  자력계:-45.300,48.000,-50.400
17:07:55  IMU방향유효:0
17:07:55  IMU방향:0.0
17:07:55  방향가속도크기:9.65
17:07:55  방향자이로크기:4.22
17:07:55  방향자세cos:0.7152
17:07:55  자기모델잔차:23.48
17:07:55  자기모델반경:1.528
17:07:55  방향채택:0
17:07:55  방향거부:26430
17:07:55  송신:2219
17:07:55  GPS위성:6
17:07:55  GPS_HDOP:1.26
17:07:55  원시위도:37.496300
17:07:55  원시경도:126.955863
17:07:55  GPS채택:869
17:07:55  GPS이상치거부:0
17:07:55  GPS품질거부:4
17:07:55  GPS재기준:0
17:07:55  RSSI원시:-62
17:07:55  RSSI평활:-63.3
17:07:55  RSSI샘플:3196
17:07:55  RSSI경과ms:47
17:07:55  차량수신:2101
17:07:55  UWB유효:1
17:07:55  UWB보정:1
17:07:55  UWB원시거리:5.000
17:07:55  UWB보정거리:5.234
17:07:55  UWB접근속도:-0.000
17:07:55  UWB오프셋:0.234
17:07:55  UWB경과ms:47
17:07:55  UWB수신:1095
17:07:55  시각ms:237763
17:07:55  IMU시각ms:237763
17:07:55  부팅횟수:378
17:07:55  리셋원인:POWER_ON
17:07:55  GPS복구횟수:0
17:07:55  마지막GPS복구ms:0
17:07:55  위험:0
17:07:55  차량위험:0
17:07:55  차량위험경과ms:-1
17:07:55  RSU위험:0
17:07:55  RSU위험경과ms:-1
17:07:55  GPS유효:1
17:07:55  위도:37.496304
17:07:55  경도:126.955864
17:07:55  속도:0.066
17:07:55  방향:0.0
17:07:55  GPS원시속도:0.051
17:07:55  GPS원시방향유효:1
17:07:55  GPS원시방향:308.3
17:07:55  가속도:6.699,7.025,-0.407
17:07:55  자이로:-3.496,-3.405,0.252
17:07:55  자력계:-44.550,47.250,-50.700
17:07:55  IMU방향유효:0
17:07:55  IMU방향:0.0
17:07:55  방향가속도크기:9.72
17:07:55  방향자이로크기:4.89
17:07:55  방향자세cos:0.7425
17:07:55  자기모델잔차:23.48
17:07:55  자기모델반경:1.528
17:07:55  방향채택:0
17:07:55  방향거부:26436
17:07:55  송신:2220
17:07:55  GPS위성:6
17:07:55  GPS_HDOP:1.26
17:07:55  원시위도:37.496300
17:07:55  원시경도:126.955863
17:07:55  GPS채택:869
17:07:55  GPS이상치거부:0
17:07:55  GPS품질거부:4
17:07:55  GPS재기준:0
17:07:55  RSSI원시:-62
17:07:55  RSSI평활:-63.0
17:07:55  RSSI샘플:3197
17:07:55  RSSI경과ms:30
17:07:55  차량수신:2102
17:07:55  UWB유효:1
17:07:55  UWB보정:1
17:07:55  UWB원시거리:5.000
17:07:55  UWB보정거리:5.234
17:07:55  UWB접근속도:-0.000
17:07:55  UWB오프셋:0.234
17:07:55  UWB경과ms:106
17:07:55  UWB수신:1095
17:07:55  시각ms:237786
17:07:55  IMU시각ms:237786
17:07:55  부팅횟수:378
17:07:55  리셋원인:POWER_ON
17:07:55  GPS복구횟수:0
17:07:55  마지막GPS복구ms:0
17:07:55  위험:0
17:07:55  차량위험:0
17:07:55  차량위험경과ms:-1
17:07:55  RSU위험:0
17:07:55  RSU위험경과ms:-1
17:07:55  GPS유효:1
17:07:55  위도:37.496300
17:07:55  경도:126.955864
17:07:55  속도:0.043
17:07:55  방향:0.0
17:07:55  GPS원시속도:0.000
17:07:55  GPS원시방향유효:1
17:07:55  GPS원시방향:308.3
17:07:55  가속도:6.680,6.924,-0.350
17:07:55  자이로:-4.580,0.580,1.550
17:07:55  자력계:-46.500,46.800,-51.150
17:07:55  IMU방향유효:0
17:07:55  IMU방향:0.0
17:07:55  방향가속도크기:9.63
17:07:55  방향자이로크기:4.87
17:07:55  방향자세cos:0.7466
17:07:55  자기모델잔차:23.48
17:07:55  자기모델반경:1.528
17:07:55  방향채택:0
17:07:55  방향거부:26439
17:07:55  송신:2220
17:07:55  GPS위성:6
17:07:55  GPS_HDOP:1.26
17:07:55  원시위도:37.496300
17:07:55  원시경도:126.955862
17:07:55  GPS채택:870
17:07:55  GPS이상치거부:0
17:07:55  GPS품질거부:4
17:07:55  GPS재기준:0
17:07:55  RSSI원시:-62
17:07:55  RSSI평활:-63.0
17:07:55  RSSI샘플:3197
17:07:55  RSSI경과ms:53
17:07:55  차량수신:2102
17:07:55  UWB유효:1
17:07:55  UWB보정:1
17:07:55  UWB원시거리:5.000
17:07:55  UWB보정거리:5.234
17:07:55  UWB접근속도:-0.000
17:07:55  UWB오프셋:0.234
17:07:55  UWB경과ms:129
17:07:55  UWB수신:1095
17:07:55  시각ms:237867
17:07:55  IMU시각ms:237867
17:07:55  부팅횟수:378
17:07:55  리셋원인:POWER_ON
17:07:55  GPS복구횟수:0
17:07:55  마지막GPS복구ms:0
17:07:55  위험:0
17:07:55  차량위험:0
17:07:55  차량위험경과ms:-1
17:07:55  RSU위험:0
17:07:55  RSU위험경과ms:-1
17:07:55  GPS유효:1
17:07:55  위도:37.496300
17:07:55  경도:126.955864
17:07:55  속도:0.043
17:07:55  방향:0.0
17:07:55  GPS원시속도:0.000
17:07:55  GPS원시방향유효:1
17:07:55  GPS원시방향:308.3
17:07:55  가속도:6.665,7.063,-0.225
17:07:55  자이로:-1.947,-0.076,0.740
17:07:55  자력계:-45.150,46.650,-49.500
17:07:55  IMU방향유효:0
17:07:55  IMU방향:0.0
17:07:55  방향가속도크기:9.71
17:07:55  방향자이로크기:2.08
17:07:55  방향자세cos:0.7544
17:07:55  자기모델잔차:23.48
17:07:55  자기모델반경:1.528
17:07:55  방향채택:0
17:07:55  방향거부:26448
17:07:55  송신:2221
17:07:55  GPS위성:6
17:07:55  GPS_HDOP:1.26
17:07:55  원시위도:37.496300
17:07:55  원시경도:126.955862
17:07:55  GPS채택:870
17:07:55  GPS이상치거부:0
17:07:55  GPS품질거부:4
17:07:55  GPS재기준:0
17:07:55  RSSI원시:-63
17:07:55  RSSI평활:-63.0
17:07:55  RSSI샘플:3199
17:07:55  RSSI경과ms:19
17:07:55  차량수신:2103
17:07:55  UWB유효:1
17:07:55  UWB보정:1
17:07:55  UWB원시거리:5.010
17:07:55  UWB보정거리:5.234
17:07:55  UWB접근속도:-0.001
17:07:55  UWB오프셋:0.234
17:07:55  UWB경과ms:19
17:07:55  UWB수신:1096
17:07:55  시각ms:237890
17:07:55  IMU시각ms:237890
17:07:55  부팅횟수:378
17:07:55  리셋원인:POWER_ON
17:07:55  GPS복구횟수:0
17:07:55  마지막GPS복구ms:0
17:07:55  위험:0
17:07:55  차량위험:0
17:07:55  차량위험경과ms:-1
17:07:55  RSU위험:0
17:07:55  RSU위험경과ms:-1
17:07:55  GPS유효:1
17:07:55  위도:37.496300
17:07:55  경도:126.955864
17:07:55  속도:0.043
17:07:55  방향:0.0
17:07:55  GPS원시속도:0.000
17:07:55  GPS원시방향유효:1
17:07:55  GPS원시방향:308.3
17:07:55  가속도:6.651,7.034,-0.421
17:07:55  자이로:0.191,-0.160,0.634
17:07:55  자력계:-43.800,46.500,-49.650
17:07:55  IMU방향유효:0
17:07:55  IMU방향:0.0
17:07:55  방향가속도크기:9.69
17:07:55  방향자이로크기:0.68
17:07:55  방향자세cos:0.7411
17:07:55  자기모델잔차:23.48
17:07:55  자기모델반경:1.528
17:07:55  방향채택:0
17:07:55  방향거부:26451
17:07:55  송신:2221
17:07:55  GPS위성:6
17:07:55  GPS_HDOP:1.26
17:07:55  원시위도:37.496300
17:07:55  원시경도:126.955862
17:07:55  GPS채택:870
17:07:55  GPS이상치거부:0
17:07:55  GPS품질거부:4
17:07:55  GPS재기준:0
17:07:55  RSSI원시:-63
17:07:55  RSSI평활:-63.0
17:07:55  RSSI샘플:3199
17:07:55  RSSI경과ms:42
17:07:55  차량수신:2103
17:07:55  UWB유효:1
17:07:55  UWB보정:1
17:07:55  UWB원시거리:5.010
17:07:55  UWB보정거리:5.234
17:07:55  UWB접근속도:-0.001
17:07:55  UWB오프셋:0.234
17:07:55  UWB경과ms:42
17:07:55  UWB수신:1096
17:07:55  시각ms:237913
17:07:55  IMU시각ms:237913
17:07:55  부팅횟수:378
17:07:55  리셋원인:POWER_ON
17:07:55  GPS복구횟수:0
17:07:55  마지막GPS복구ms:0
17:07:55  위험:0
17:07:55  차량위험:0
17:07:55  차량위험경과ms:-1
17:07:55  RSU위험:0
17:07:55  RSU위험경과ms:-1
17:07:55  GPS유효:1
17:07:55  위도:37.496300
17:07:55  경도:126.955864
17:07:55  속도:0.043
17:07:55  방향:0.0
17:07:55  GPS원시속도:0.000
17:07:55  GPS원시방향유효:1
17:07:55  GPS원시방향:308.3
17:07:55  가속도:6.876,6.895,-0.450
17:07:55  자이로:0.427,-0.206,1.634
17:07:55  자력계:-45.750,47.250,-50.700
17:07:55  IMU방향유효:0
17:07:55  IMU방향:0.0
17:07:55  방향가속도크기:9.75
17:07:55  방향자이로크기:1.70
17:07:55  방향자세cos:0.7410
17:07:55  자기모델잔차:23.48
17:07:55  자기모델반경:1.528
17:07:55  방향채택:0
17:07:55  방향거부:26454
17:07:55  송신:2221
17:07:55  GPS위성:6
17:07:55  GPS_HDOP:1.26
17:07:55  원시위도:37.496300
17:07:55  원시경도:126.955862
17:07:55  GPS채택:870
17:07:55  GPS이상치거부:0
17:07:55  GPS품질거부:4
17:07:55  GPS재기준:0
17:07:55  RSSI원시:-63
17:07:55  RSSI평활:-63.0
17:07:55  RSSI샘플:3199
17:07:55  RSSI경과ms:65
17:07:55  차량수신:2103
17:07:55  UWB유효:1
17:07:55  UWB보정:1
17:07:55  UWB원시거리:5.010
17:07:55  UWB보정거리:5.234
17:07:55  UWB접근속도:-0.001
17:07:55  UWB오프셋:0.234
17:07:55  UWB경과ms:65
17:07:55  UWB수신:1096
17:07:56  시각ms:237972
17:07:56  IMU시각ms:237972
17:07:56  부팅횟수:378
17:07:56  리셋원인:POWER_ON
17:07:56  GPS복구횟수:0
17:07:56  마지막GPS복구ms:0
17:07:56  위험:0
17:07:56  차량위험:0
17:07:56  차량위험경과ms:-1
17:07:56  RSU위험:0
17:07:56  RSU위험경과ms:-1
17:07:56  GPS유효:1
17:07:56  위도:37.496300
17:07:56  경도:126.955864
17:07:56  속도:0.039
17:07:56  방향:0.0
17:07:56  GPS원시속도:0.031
17:07:56  GPS원시방향유효:1
17:07:56  GPS원시방향:308.3
17:07:56  가속도:6.804,6.852,-0.479
17:07:56  자이로:-0.794,1.015,-1.763
17:07:56  자력계:-44.700,46.650,-51.300
17:07:56  IMU방향유효:0
17:07:56  IMU방향:0.0
17:07:56  방향가속도크기:9.67
17:07:56  방향자이로크기:2.18
17:07:56  방향자세cos:0.7386
17:07:56  자기모델잔차:23.48
17:07:56  자기모델반경:1.528
17:07:56  방향채택:0
17:07:56  방향거부:26460
17:07:56  송신:2222
17:07:56  GPS위성:6
17:07:56  GPS_HDOP:1.26
17:07:56  원시위도:37.496300
17:07:56  원시경도:126.955862
17:07:56  GPS채택:871
17:07:56  GPS이상치거부:0
17:07:56  GPS품질거부:4
17:07:56  GPS재기준:0
17:07:56  RSSI원시:-63
17:07:56  RSSI평활:-63.0
17:07:56  RSSI샘플:3200
17:07:56  RSSI경과ms:35
17:07:56  차량수신:2104
17:07:56  UWB유효:1
17:07:56  UWB보정:1
17:07:56  UWB원시거리:5.010
17:07:56  UWB보정거리:5.234
17:07:56  UWB접근속도:-0.001
17:07:56  UWB오프셋:0.234
17:07:56  UWB경과ms:124
17:07:56  UWB수신:1096
17:07:56  시각ms:238042
17:07:56  IMU시각ms:238042
17:07:56  부팅횟수:378
17:07:56  리셋원인:POWER_ON
17:07:56  GPS복구횟수:0
17:07:56  마지막GPS복구ms:0
17:07:56  위험:0
17:07:56  차량위험:0
17:07:56  차량위험경과ms:-1
17:07:56  RSU위험:0
17:07:56  RSU위험경과ms:-1
17:07:56  GPS유효:1
17:07:56  위도:37.496300
17:07:56  경도:126.955864
17:07:56  속도:0.039
17:07:56  방향:0.0
17:07:56  GPS원시속도:0.031
17:07:56  GPS원시방향유효:1
17:07:56  GPS원시방향:308.3
17:07:56  가속도:6.594,6.900,-0.503
17:07:56  자이로:-1.893,1.008,-2.458
17:07:56  자력계:-44.700,48.150,-49.800
17:07:56  IMU방향유효:0
17:07:56  IMU방향:0.0
17:07:56  방향가속도크기:9.56
17:07:56  방향자이로크기:3.26
17:07:56  방향자세cos:0.7353
17:07:56  자기모델잔차:23.48
17:07:56  자기모델반경:1.528
17:07:56  방향채택:0
17:07:56  방향거부:26469
17:07:56  송신:2222
17:07:56  GPS위성:6
17:07:56  GPS_HDOP:1.26
17:07:56  원시위도:37.496300
17:07:56  원시경도:126.955862
17:07:56  GPS채택:871
17:07:56  GPS이상치거부:0
17:07:56  GPS품질거부:4
17:07:56  GPS재기준:0
17:07:56  RSSI원시:-63
17:07:56  RSSI평활:-63.0
17:07:56  RSSI샘플:3200
17:07:56  RSSI경과ms:105
17:07:56  차량수신:2104
17:07:56  UWB유효:1
17:07:56  UWB보정:1
17:07:56  UWB원시거리:5.010
17:07:56  UWB보정거리:5.234
17:07:56  UWB접근속도:-0.001
17:07:56  UWB오프셋:0.234
17:07:56  UWB경과ms:194
17:07:56  UWB수신:1096
17:07:56  시각ms:238077
17:07:56  IMU시각ms:238077
17:07:56  부팅횟수:378
17:07:56  리셋원인:POWER_ON
17:07:56  GPS복구횟수:0
17:07:56  마지막GPS복구ms:0
17:07:56  위험:0
17:07:56  차량위험:0
17:07:56  차량위험경과ms:-1
17:07:56  RSU위험:0
17:07:56  RSU위험경과ms:-1
17:07:56  GPS유효:1
17:07:56  위도:37.496300
17:07:56  경도:126.955864
17:07:56  속도:0.039
17:07:56  방향:0.0
17:07:56  GPS원시속도:0.031
17:07:56  GPS원시방향유효:1
17:07:56  GPS원시방향:308.3
17:07:56  가속도:6.694,6.972,-0.417
17:07:56  자이로:-0.756,-0.603,-1.389
17:07:56  자력계:-46.050,48.000,-50.700
17:07:56  IMU방향유효:0
17:07:56  IMU방향:0.0
17:07:56  방향가속도크기:9.67
17:07:56  방향자이로크기:1.69
17:07:56  방향자세cos:0.7419
17:07:56  자기모델잔차:23.48
17:07:56  자기모델반경:1.528
17:07:56  방향채택:0
17:07:56  방향거부:26472
17:07:56  송신:2223
17:07:56  GPS위성:6
17:07:56  GPS_HDOP:1.26
17:07:56  원시위도:37.496300
17:07:56  원시경도:126.955862
17:07:56  GPS채택:871
17:07:56  GPS이상치거부:0
17:07:56  GPS품질거부:4
17:07:56  GPS재기준:0
17:07:56  RSSI원시:-63
17:07:56  RSSI평활:-62.8
17:07:56  RSSI샘플:3202
17:07:56  RSSI경과ms:17
17:07:56  차량수신:2105
17:07:56  UWB유효:1
17:07:56  UWB보정:1
17:07:56  UWB원시거리:4.980
17:07:56  UWB보정거리:5.234
17:07:56  UWB접근속도:-0.001
17:07:56  UWB오프셋:0.234
17:07:56  UWB경과ms:18
17:07:56  UWB수신:1097
17:07:56  시각ms:238205
17:07:56  IMU시각ms:238205
17:07:56  부팅횟수:378
17:07:56  리셋원인:POWER_ON
17:07:56  GPS복구횟수:0
17:07:56  마지막GPS복구ms:0
17:07:56  위험:0
17:07:56  차량위험:0
17:07:56  차량위험경과ms:-1
17:07:56  RSU위험:0
17:07:56  RSU위험경과ms:-1
17:07:56  GPS유효:1
17:07:56  위도:37.496300
17:07:56  경도:126.955864
17:07:56  속도:0.043
17:07:56  방향:0.0
17:07:56  GPS원시속도:0.051
17:07:56  GPS원시방향유효:1
17:07:56  GPS원시방향:308.3
17:07:56  가속도:6.450,7.120,-0.436
17:07:56  자이로:-0.718,-2.305,0.595
17:07:56  자력계:-45.900,46.950,-51.600
17:07:56  IMU방향유효:0
17:07:56  IMU방향:0.0
17:07:56  방향가속도크기:9.62
17:07:56  방향자이로크기:2.49
17:07:56  방향자세cos:0.7381
17:07:56  자기모델잔차:23.48
17:07:56  자기모델반경:1.528
17:07:56  방향채택:0
17:07:56  방향거부:26487
17:07:56  송신:2224
17:07:56  GPS위성:6
17:07:56  GPS_HDOP:1.23
17:07:56  원시위도:37.496300
17:07:56  원시경도:126.955861
17:07:56  GPS채택:872
17:07:56  GPS이상치거부:0
17:07:56  GPS품질거부:4
17:07:56  GPS재기준:0
17:07:56  RSSI원시:-63
17:07:56  RSSI평활:-62.9
17:07:56  RSSI샘플:3203
17:07:56  RSSI경과ms:44
17:07:56  차량수신:2106
17:07:56  UWB유효:1
17:07:56  UWB보정:1
17:07:56  UWB원시거리:4.980
17:07:56  UWB보정거리:5.234
17:07:56  UWB접근속도:-0.001
17:07:56  UWB오프셋:0.234
17:07:56  UWB경과ms:146
17:07:56  UWB수신:1097
17:07:56  시각ms:238228
17:07:56  IMU시각ms:238228
17:07:56  부팅횟수:378
17:07:56  리셋원인:POWER_ON
17:07:56  GPS복구횟수:0
17:07:56  마지막GPS복구ms:0
17:07:56  위험:0
17:07:56  차량위험:0
17:07:56  차량위험경과ms:-1
17:07:56  RSU위험:0
17:07:56  RSU위험경과ms:-1
17:07:56  GPS유효:1
17:07:56  위도:37.496300
17:07:56  경도:126.955864
17:07:56  속도:0.043
17:07:56  방향:0.0
17:07:56  GPS원시속도:0.051
17:07:56  GPS원시방향유효:1
17:07:56  GPS원시방향:308.3
17:07:56  가속도:6.551,7.039,-0.584
17:07:56  자이로:-0.962,-0.427,0.076
17:07:56  자력계:-46.650,45.450,-50.250
17:07:56  IMU방향유효:0
17:07:56  IMU방향:0.0
17:07:56  방향가속도크기:9.63
17:07:56  방향자이로크기:1.06
17:07:56  방향자세cos:0.7289
17:07:56  자기모델잔차:23.48
17:07:56  자기모델반경:1.528
17:07:56  방향채택:0
17:07:56  방향거부:26490
17:07:56  송신:2224
17:07:56  GPS위성:6
17:07:56  GPS_HDOP:1.23
17:07:56  원시위도:37.496300
17:07:56  원시경도:126.955861
17:07:56  GPS채택:872
17:07:56  GPS이상치거부:0
17:07:56  GPS품질거부:4
17:07:56  GPS재기준:0
17:07:56  RSSI원시:-63
17:07:56  RSSI평활:-62.9
17:07:56  RSSI샘플:3203
17:07:56  RSSI경과ms:67
17:07:56  차량수신:2106
17:07:56  UWB유효:1
17:07:56  UWB보정:1
17:07:56  UWB원시거리:4.980
17:07:56  UWB보정거리:5.234
17:07:56  UWB접근속도:-0.001
17:07:56  UWB오프셋:0.234
17:07:56  UWB경과ms:169
17:07:56  UWB수신:1097
17:07:56  시각ms:238251
17:07:56  IMU시각ms:238251
17:07:56  부팅횟수:378
17:07:56  리셋원인:POWER_ON
17:07:56  GPS복구횟수:0
17:07:56  마지막GPS복구ms:0
17:07:56  위험:0
17:07:56  차량위험:0
17:07:56  차량위험경과ms:-1
17:07:56  RSU위험:0
17:07:56  RSU위험경과ms:-1
17:07:56  GPS유효:1
17:07:56  위도:37.496300
17:07:56  경도:126.955864
17:07:56  속도:0.043
17:07:56  방향:0.0
17:07:56  GPS원시속도:0.051
17:07:56  GPS원시방향유효:1
17:07:56  GPS원시방향:308.3
17:07:56  가속도:6.512,7.197,-0.431
17:07:56  자이로:0.221,-1.443,-0.252
17:07:56  자력계:-45.450,46.200,-50.250
17:07:56  IMU방향유효:0
17:07:56  IMU방향:0.0
17:07:56  방향가속도크기:9.72
17:07:56  방향자이로크기:1.48
17:07:56  방향자세cos:0.7387
17:07:56  자기모델잔차:23.48
17:07:56  자기모델반경:1.528
17:07:56  방향채택:0
17:07:56  방향거부:26493
17:07:56  송신:2224
17:07:56  GPS위성:6
17:07:56  GPS_HDOP:1.23
17:07:56  원시위도:37.496300
17:07:56  원시경도:126.955861
17:07:56  GPS채택:872
17:07:56  GPS이상치거부:0
17:07:56  GPS품질거부:4
17:07:56  GPS재기준:0
17:07:56  RSSI원시:-63
17:07:56  RSSI평활:-62.9
17:07:56  RSSI샘플:3204
17:07:56  RSSI경과ms:2
17:07:56  차량수신:2106
17:07:56  UWB유효:1
17:07:56  UWB보정:1
17:07:56  UWB원시거리:4.970
17:07:56  UWB보정거리:5.227
17:07:56  UWB접근속도:0.010
17:07:56  UWB오프셋:0.234
17:07:56  UWB경과ms:2
17:07:56  UWB수신:1098
17:07:56  시각ms:238355
17:07:56  IMU시각ms:238355
17:07:56  부팅횟수:378
17:07:56  리셋원인:POWER_ON
17:07:56  GPS복구횟수:0
17:07:56  마지막GPS복구ms:0
17:07:56  위험:0
17:07:56  차량위험:0
17:07:56  차량위험경과ms:-1
17:07:56  RSU위험:0
17:07:56  RSU위험경과ms:-1
17:07:56  GPS유효:1
17:07:56  위도:37.496300
17:07:56  경도:126.955864
17:07:56  속도:0.043
17:07:56  방향:0.0
17:07:56  GPS원시속도:0.051
17:07:56  GPS원시방향유효:1
17:07:56  GPS원시방향:308.3
17:07:56  가속도:6.541,7.025,-0.469
17:07:56  자이로:-0.992,-1.252,2.076
17:07:56  자력계:-44.550,46.500,-51.150
17:07:56  IMU방향유효:0
17:07:56  IMU방향:0.0
17:07:56  방향가속도크기:9.61
17:07:56  방향자이로크기:2.62
17:07:56  방향자세cos:0.7369
17:07:56  자기모델잔차:23.48
17:07:56  자기모델반경:1.528
17:07:56  방향채택:0
17:07:56  방향거부:26505
17:07:56  송신:2225
17:07:56  GPS위성:6
17:07:56  GPS_HDOP:1.23
17:07:56  원시위도:37.496300
17:07:56  원시경도:126.955861
17:07:56  GPS채택:872
17:07:56  GPS이상치거부:0
17:07:56  GPS품질거부:4
17:07:56  GPS재기준:0
17:07:56  RSSI원시:-62
17:07:56  RSSI평활:-62.7
17:07:56  RSSI샘플:3205
17:07:56  RSSI경과ms:96
17:07:56  차량수신:2107
17:07:56  UWB유효:1
17:07:56  UWB보정:1
17:07:56  UWB원시거리:4.970
17:07:56  UWB보정거리:5.227
17:07:56  UWB접근속도:0.010
17:07:56  UWB오프셋:0.234
17:07:56  UWB경과ms:106
17:07:56  UWB수신:1098
17:07:56  시각ms:238391
17:07:56  IMU시각ms:238391
17:07:56  부팅횟수:378
17:07:56  리셋원인:POWER_ON
17:07:56  GPS복구횟수:0
17:07:56  마지막GPS복구ms:0
17:07:56  위험:0
17:07:56  차량위험:0
17:07:56  차량위험경과ms:-1
17:07:56  RSU위험:0
17:07:56  RSU위험경과ms:-1
17:07:56  GPS유효:1
17:07:56  위도:37.496300
17:07:56  경도:126.955864
17:07:56  속도:0.050
17:07:56  방향:0.0
17:07:56  GPS원시속도:0.062
17:07:56  GPS원시방향유효:1
17:07:56  GPS원시방향:308.3
17:07:56  가속도:6.493,7.029,-0.460
17:07:56  자이로:0.328,-2.450,-0.763
17:07:56  자력계:-45.150,46.650,-49.500
17:07:56  IMU방향유효:0
17:07:56  IMU방향:0.0
17:07:56  방향가속도크기:9.58
17:07:56  방향자이로크기:2.59
17:07:56  방향자세cos:0.7372
17:07:56  자기모델잔차:23.48
17:07:56  자기모델반경:1.528
17:07:56  방향채택:0
17:07:56  방향거부:26508
17:07:56  송신:2226
17:07:56  GPS위성:6
17:07:56  GPS_HDOP:1.23
17:07:56  원시위도:37.496300
17:07:56  원시경도:126.955861
17:07:56  GPS채택:873
17:07:56  GPS이상치거부:0
17:07:56  GPS품질거부:4
17:07:56  GPS재기준:0
17:07:56  RSSI원시:-64
17:07:56  RSSI평활:-63.0
17:07:56  RSSI샘플:3206
17:07:56  RSSI경과ms:32
17:07:56  차량수신:2108
17:07:56  UWB유효:1
17:07:56  UWB보정:1
17:07:56  UWB원시거리:4.970
17:07:56  UWB보정거리:5.227
17:07:56  UWB접근속도:0.010
17:07:56  UWB오프셋:0.234
17:07:56  UWB경과ms:142
17:07:56  UWB수신:1098
17:07:56  시각ms:238414
17:07:56  IMU시각ms:238414
17:07:56  부팅횟수:378
17:07:56  리셋원인:POWER_ON
17:07:56  GPS복구횟수:0
17:07:56  마지막GPS복구ms:0
17:07:56  위험:0
17:07:56  차량위험:0
17:07:56  차량위험경과ms:-1
17:07:56  RSU위험:0
17:07:56  RSU위험경과ms:-1
17:07:56  GPS유효:1
17:07:56  위도:37.496300
17:07:56  경도:126.955864
17:07:56  속도:0.050
17:07:56  방향:0.0
17:07:56  GPS원시속도:0.062
17:07:56  GPS원시방향유효:1
17:07:56  GPS원시방향:308.3
17:07:56  가속도:6.574,6.943,-0.436
17:07:56  자이로:-0.237,-2.656,-0.290
17:07:56  자력계:-45.150,47.400,-49.800
17:07:56  IMU방향유효:0
17:07:56  IMU방향:0.0
17:07:56  방향가속도크기:9.57
17:07:56  방향자이로크기:2.68
17:07:56  방향자세cos:0.7398
17:07:56  자기모델잔차:23.48
17:07:56  자기모델반경:1.528
17:07:56  방향채택:0
17:07:56  방향거부:26511
17:07:56  송신:2226
17:07:56  GPS위성:6
17:07:56  GPS_HDOP:1.23
17:07:56  원시위도:37.496300
17:07:56  원시경도:126.955861
17:07:56  GPS채택:873
17:07:56  GPS이상치거부:0
17:07:56  GPS품질거부:4
17:07:56  GPS재기준:0
17:07:56  RSSI원시:-64
17:07:56  RSSI평활:-63.0
17:07:56  RSSI샘플:3206
17:07:56  RSSI경과ms:55
17:07:56  차량수신:2108
17:07:56  UWB유효:1
17:07:56  UWB보정:1
17:07:56  UWB원시거리:4.970
17:07:56  UWB보정거리:5.227
17:07:56  UWB접근속도:0.010
17:07:56  UWB오프셋:0.234
17:07:56  UWB경과ms:165
17:07:56  UWB수신:1098
17:07:56  시각ms:238437
17:07:56  IMU시각ms:238437
17:07:56  부팅횟수:378
17:07:56  리셋원인:POWER_ON
17:07:56  GPS복구횟수:0
17:07:56  마지막GPS복구ms:0
17:07:56  위험:0
17:07:56  차량위험:0
17:07:56  차량위험경과ms:-1
17:07:56  RSU위험:0
17:07:56  RSU위험경과ms:-1
17:07:56  GPS유효:1
17:07:56  위도:37.496300
17:07:56  경도:126.955864
17:07:56  속도:0.050
17:07:56  방향:0.0
17:07:56  GPS원시속도:0.062
17:07:56  GPS원시방향유효:1
17:07:56  GPS원시방향:308.3
17:07:56  가속도:6.570,7.020,-0.546
17:07:56  자이로:-1.885,1.412,-1.321
17:07:56  자력계:-45.450,46.650,-51.600
17:07:56  IMU방향유효:0
17:07:56  IMU방향:0.0
17:07:56  방향가속도크기:9.63
17:07:56  방향자이로크기:2.70
17:07:56  방향자세cos:0.7318
17:07:56  자기모델잔차:23.48
17:07:56  자기모델반경:1.528
17:07:56  방향채택:0
17:07:56  방향거부:26514
17:07:56  송신:2226
17:07:56  GPS위성:6
17:07:56  GPS_HDOP:1.23
17:07:56  원시위도:37.496300
17:07:56  원시경도:126.955861
17:07:56  GPS채택:873
17:07:56  GPS이상치거부:0
17:07:56  GPS품질거부:4
17:07:56  GPS재기준:0
17:07:56  RSSI원시:-64
17:07:56  RSSI평활:-63.0
17:07:56  RSSI샘플:3206
17:07:56  RSSI경과ms:78
17:07:56  차량수신:2108
17:07:56  UWB유효:1
17:07:56  UWB보정:1
17:07:56  UWB원시거리:4.970
17:07:56  UWB보정거리:5.227
17:07:56  UWB접근속도:0.010
17:07:56  UWB오프셋:0.234
17:07:56  UWB경과ms:188
17:07:56  UWB수신:1098
17:07:56  시각ms:238460
17:07:56  IMU시각ms:238460
17:07:56  부팅횟수:378
17:07:56  리셋원인:POWER_ON
17:07:56  GPS복구횟수:0
17:07:56  마지막GPS복구ms:0
17:07:56  위험:0
17:07:56  차량위험:0
17:07:56  차량위험경과ms:-1
17:07:56  RSU위험:0
17:07:56  RSU위험경과ms:-1
17:07:56  GPS유효:1
17:07:56  위도:37.496300
17:07:56  경도:126.955864
17:07:56  속도:0.050
17:07:56  방향:0.0
17:07:56  GPS원시속도:0.062
17:07:56  GPS원시방향유효:1
17:07:56  GPS원시방향:308.3
17:07:56  가속도:6.479,7.087,-0.632
17:07:56  자이로:-1.351,-1.481,0.260
17:07:56  자력계:-45.150,46.200,-49.500
17:07:56  IMU방향유효:0
17:07:56  IMU방향:0.0
17:07:56  방향가속도크기:9.62
17:07:56  방향자이로크기:2.02
17:07:56  방향자세cos:0.7247
17:07:56  자기모델잔차:23.48
17:07:56  자기모델반경:1.528
17:07:56  방향채택:0
17:07:56  방향거부:26517
17:07:56  송신:2226
17:07:56  GPS위성:6
17:07:56  GPS_HDOP:1.23
17:07:56  원시위도:37.496300
17:07:56  원시경도:126.955861
17:07:56  GPS채택:873
17:07:56  GPS이상치거부:0
17:07:56  GPS품질거부:4
17:07:56  GPS재기준:0
17:07:56  RSSI원시:-64
17:07:56  RSSI평활:-63.2
17:07:56  RSSI샘플:3207
17:07:56  RSSI경과ms:6
17:07:56  차량수신:2108
17:07:56  UWB유효:1
17:07:56  UWB보정:1
17:07:56  UWB원시거리:4.980
17:07:56  UWB보정거리:5.223
17:07:56  UWB접근속도:0.014
17:07:56  UWB오프셋:0.234
17:07:56  UWB경과ms:6
17:07:56  UWB수신:1099
17:07:56  시각ms:238495
17:07:56  IMU시각ms:238495
17:07:56  부팅횟수:378
17:07:56  리셋원인:POWER_ON
17:07:56  GPS복구횟수:0
17:07:56  마지막GPS복구ms:0
17:07:56  위험:0
17:07:56  차량위험:0
17:07:56  차량위험경과ms:-1
17:07:56  RSU위험:0
17:07:56  RSU위험경과ms:-1
17:07:56  GPS유효:1
17:07:56  위도:37.496300
17:07:56  경도:126.955864
17:07:56  속도:0.050
17:07:56  방향:0.0
17:07:56  GPS원시속도:0.062
17:07:56  GPS원시방향유효:1
17:07:56  GPS원시방향:308.3
17:07:56  가속도:6.656,6.981,-0.426
17:07:56  자이로:0.756,-1.733,1.260
17:07:56  자력계:-45.450,45.900,-49.800
17:07:56  IMU방향유효:0
17:07:56  IMU방향:0.0
17:07:56  방향가속도크기:9.66
17:07:56  방향자이로크기:2.27
17:07:56  방향자세cos:0.7409
17:07:56  자기모델잔차:23.48
17:07:56  자기모델반경:1.528
17:07:56  방향채택:0
17:07:56  방향거부:26520
17:07:56  송신:2227
17:07:56  GPS위성:6
17:07:56  GPS_HDOP:1.23
17:07:56  원시위도:37.496300
17:07:56  원시경도:126.955861
17:07:56  GPS채택:873
17:07:56  GPS이상치거부:0
17:07:56  GPS품질거부:4
17:07:56  GPS재기준:0
17:07:56  RSSI원시:-64
17:07:56  RSSI평활:-63.3
17:07:56  RSSI샘플:3208
17:07:56  RSSI경과ms:19
17:07:56  차량수신:2109
17:07:56  UWB유효:1
17:07:56  UWB보정:1
17:07:56  UWB원시거리:4.980
17:07:56  UWB보정거리:5.223
17:07:56  UWB접근속도:0.014
17:07:56  UWB오프셋:0.234
17:07:56  UWB경과ms:41
17:07:56  UWB수신:1099
17:07:56  시각ms:238518
17:07:56  IMU시각ms:238518
17:07:56  부팅횟수:378
17:07:56  리셋원인:POWER_ON
17:07:56  GPS복구횟수:0
17:07:56  마지막GPS복구ms:0
17:07:56  위험:0
17:07:56  차량위험:0
17:07:56  차량위험경과ms:-1
17:07:56  RSU위험:0
17:07:56  RSU위험경과ms:-1
17:07:56  GPS유효:1
17:07:56  위도:37.496300
17:07:56  경도:126.955864
17:07:56  속도:0.050
17:07:56  방향:0.0
17:07:56  GPS원시속도:0.062
17:07:56  GPS원시방향유효:1
17:07:56  GPS원시방향:308.3
17:07:56  가속도:6.689,6.972,-0.570
17:07:56  자이로:-1.466,-2.473,-0.206
17:07:56  자력계:-47.550,46.050,-50.700
17:07:56  IMU방향유효:0
17:07:56  IMU방향:0.0
17:07:56  방향가속도크기:9.68
17:07:56  방향자이로크기:2.88
17:07:56  방향자세cos:0.7312
17:07:56  자기모델잔차:23.48
17:07:56  자기모델반경:1.528
17:07:56  방향채택:0
17:07:56  방향거부:26523
17:07:56  송신:2227
17:07:56  GPS위성:6
17:07:56  GPS_HDOP:1.23
17:07:56  원시위도:37.496300
17:07:56  원시경도:126.955861
17:07:56  GPS채택:873
17:07:56  GPS이상치거부:0
17:07:56  GPS품질거부:4
17:07:56  GPS재기준:0
17:07:56  RSSI원시:-64
17:07:56  RSSI평활:-63.3
17:07:56  RSSI샘플:3208
17:07:56  RSSI경과ms:42
17:07:56  차량수신:2109
17:07:56  UWB유효:1
17:07:56  UWB보정:1
17:07:56  UWB원시거리:4.980
17:07:56  UWB보정거리:5.223
17:07:56  UWB접근속도:0.014
17:07:56  UWB오프셋:0.234
17:07:56  UWB경과ms:64
17:07:56  UWB수신:1099
17:07:56  시각ms:238542
17:07:56  IMU시각ms:238542
17:07:56  부팅횟수:378
17:07:56  리셋원인:POWER_ON
17:07:56  GPS복구횟수:0
17:07:56  마지막GPS복구ms:0
17:07:56  위험:0
17:07:56  차량위험:0
17:07:56  차량위험경과ms:-1
17:07:56  RSU위험:0
17:07:56  RSU위험경과ms:-1
17:07:56  GPS유효:1
17:07:56  위도:37.496300
17:07:56  경도:126.955864
17:07:56  속도:0.050
17:07:56  방향:0.0
17:07:56  GPS원시속도:0.062
17:07:56  GPS원시방향유효:1
17:07:56  GPS원시방향:308.3
17:07:56  가속도:6.780,6.943,-0.412
17:07:56  자이로:-0.305,0.405,0.992
17:07:56  자력계:-45.300,46.500,-49.650
17:07:56  IMU방향유효:0
17:07:56  IMU방향:0.0
17:07:56  방향가속도크기:9.71
17:07:56  방향자이로크기:1.11
17:07:56  방향자세cos:0.7429
17:07:56  자기모델잔차:23.48
17:07:56  자기모델반경:1.528
17:07:56  방향채택:0
17:07:56  방향거부:26526
17:07:56  송신:2227
17:07:56  GPS위성:6
17:07:56  GPS_HDOP:1.23
17:07:56  원시위도:37.496300
17:07:56  원시경도:126.955861
17:07:56  GPS채택:873
17:07:56  GPS이상치거부:0
17:07:56  GPS품질거부:4
17:07:56  GPS재기준:0
17:07:56  RSSI원시:-64
17:07:56  RSSI평활:-63.3
17:07:56  RSSI샘플:3208
17:07:56  RSSI경과ms:66
17:07:56  차량수신:2109
17:07:56  UWB유효:1
17:07:56  UWB보정:1
17:07:56  UWB원시거리:4.980
17:07:56  UWB보정거리:5.223
17:07:56  UWB접근속도:0.014
17:07:56  UWB오프셋:0.234
17:07:56  UWB경과ms:88
17:07:56  UWB수신:1099
17:07:56  시각ms:238565
17:07:56  IMU시각ms:238565
17:07:56  부팅횟수:378
17:07:56  리셋원인:POWER_ON
17:07:56  GPS복구횟수:0
17:07:56  마지막GPS복구ms:0
17:07:56  위험:0
17:07:56  차량위험:0
17:07:56  차량위험경과ms:-1
17:07:56  RSU위험:0
17:07:56  RSU위험경과ms:-1
17:07:56  GPS유효:1
17:07:56  위도:37.496300
17:07:56  경도:126.955864
17:07:56  속도:0.061
17:07:56  방향:0.0
17:07:56  GPS원시속도:0.082
17:07:56  GPS원시방향유효:1
17:07:56  GPS원시방향:308.3
17:07:56  가속도:6.661,6.924,-0.608
17:07:56  자이로:0.435,-2.519,1.626
17:07:56  자력계:-45.450,46.650,-51.300
17:07:56  IMU방향유효:0
17:07:56  IMU방향:0.0
17:07:56  방향가속도크기:9.63
17:07:56  방향자이로크기:3.03
17:07:56  방향자세cos:0.7284
17:07:56  자기모델잔차:23.48
17:07:56  자기모델반경:1.528
17:07:56  방향채택:0
17:07:56  방향거부:26529
17:07:56  송신:2227
17:07:56  GPS위성:6
17:07:56  GPS_HDOP:1.23
17:07:56  원시위도:37.496301
17:07:56  원시경도:126.955860
17:07:56  GPS채택:874
17:07:56  GPS이상치거부:0
17:07:56  GPS품질거부:4
17:07:56  GPS재기준:0
17:07:56  RSSI원시:-64
17:07:56  RSSI평활:-63.3
17:07:56  RSSI샘플:3208
17:07:56  RSSI경과ms:89
17:07:56  차량수신:2109
17:07:56  UWB유효:1
17:07:56  UWB보정:1
17:07:56  UWB원시거리:4.980
17:07:56  UWB보정거리:5.223
17:07:56  UWB접근속도:0.014
17:07:56  UWB오프셋:0.234
17:07:56  UWB경과ms:111
17:07:56  UWB수신:1099
17:07:56  시각ms:238595
17:07:56  IMU시각ms:238595
17:07:56  부팅횟수:378
17:07:56  리셋원인:POWER_ON
17:07:56  GPS복구횟수:0
17:07:56  마지막GPS복구ms:0
17:07:56  위험:0
17:07:56  차량위험:0
17:07:56  차량위험경과ms:-1
17:07:56  RSU위험:0
17:07:56  RSU위험경과ms:-1
17:07:56  GPS유효:1
17:07:56  위도:37.496300
17:07:56  경도:126.955864
17:07:56  속도:0.061
17:07:56  방향:0.0
17:07:56  GPS원시속도:0.082
17:07:56  GPS원시방향유효:1
17:07:56  GPS원시방향:308.3
17:07:56  가속도:6.651,6.996,-0.670
17:07:56  자이로:-1.634,-0.244,-0.641
17:07:56  자력계:-44.700,48.150,-51.000
17:07:56  IMU방향유효:0
17:07:56  IMU방향:0.0
17:07:56  방향가속도크기:9.68
17:07:56  방향자이로크기:1.77
17:07:56  방향자세cos:0.7238
17:07:56  자기모델잔차:23.48
17:07:56  자기모델반경:1.528
17:07:56  방향채택:0
17:07:56  방향거부:26531
17:07:56  송신:2228
17:07:56  GPS위성:6
17:07:56  GPS_HDOP:1.23
17:07:56  원시위도:37.496301
17:07:56  원시경도:126.955860
17:07:56  GPS채택:874
17:07:56  GPS이상치거부:0
17:07:56  GPS품질거부:4
17:07:56  GPS재기준:0
17:07:56  RSSI원시:-63
17:07:56  RSSI평활:-63.3
17:07:56  RSSI샘플:3209
17:07:56  RSSI경과ms:15
17:07:56  차량수신:2110
17:07:56  UWB유효:1
17:07:56  UWB보정:1
17:07:56  UWB원시거리:4.980
17:07:56  UWB보정거리:5.223
17:07:56  UWB접근속도:0.014
17:07:56  UWB오프셋:0.234
17:07:56  UWB경과ms:141
17:07:56  UWB수신:1099
17:07:56  시각ms:238618
17:07:56  IMU시각ms:238618
17:07:56  부팅횟수:378
17:07:56  리셋원인:POWER_ON
17:07:56  GPS복구횟수:0
17:07:56  마지막GPS복구ms:0
17:07:56  위험:0
17:07:56  차량위험:0
17:07:56  차량위험경과ms:-1
17:07:56  RSU위험:0
17:07:56  RSU위험경과ms:-1
17:07:56  GPS유효:1
17:07:56  위도:37.496300
17:07:56  경도:126.955864
17:07:56  속도:0.061
17:07:56  방향:0.0
17:07:56  GPS원시속도:0.082
17:07:56  GPS원시방향유효:1
17:07:56  GPS원시방향:308.3
17:07:56  가속도:6.637,6.905,-0.546
17:07:56  자이로:-2.366,-4.198,-0.824
17:07:56  자력계:-45.750,45.600,-51.900
17:07:56  IMU방향유효:0
17:07:56  IMU방향:0.0
17:07:56  방향가속도크기:9.59
17:07:56  방향자이로크기:4.89
17:07:56  방향자세cos:0.7326
17:07:56  자기모델잔차:23.48
17:07:56  자기모델반경:1.528
17:07:56  방향채택:0
17:07:56  방향거부:26534
17:07:56  송신:2228
17:07:56  GPS위성:6
17:07:56  GPS_HDOP:1.23
17:07:56  원시위도:37.496301
17:07:56  원시경도:126.955860
17:07:56  GPS채택:874
17:07:56  GPS이상치거부:0
17:07:56  GPS품질거부:4
17:07:56  GPS재기준:0
17:07:56  RSSI원시:-63
17:07:56  RSSI평활:-63.3
17:07:56  RSSI샘플:3209
17:07:56  RSSI경과ms:38
17:07:56  차량수신:2110
17:07:56  UWB유효:1
17:07:56  UWB보정:1
17:07:56  UWB원시거리:4.980
17:07:56  UWB보정거리:5.223
17:07:56  UWB접근속도:0.014
17:07:56  UWB오프셋:0.234
17:07:56  UWB경과ms:164
17:07:56  UWB수신:1099
17:07:56  시각ms:238664
17:07:56  IMU시각ms:238664
17:07:56  부팅횟수:378
17:07:56  리셋원인:POWER_ON
17:07:56  GPS복구횟수:0
17:07:56  마지막GPS복구ms:0
17:07:56  위험:0
17:07:56  차량위험:0
17:07:56  차량위험경과ms:-1
17:07:56  RSU위험:0
17:07:56  RSU위험경과ms:-1
17:07:56  GPS유효:1
17:07:56  위도:37.496300
17:07:56  경도:126.955864
17:07:56  속도:0.061
17:07:56  방향:0.0
17:07:56  GPS원시속도:0.082
17:07:56  GPS원시방향유효:1
17:07:56  GPS원시방향:308.3
17:07:56  가속도:6.574,6.929,-0.642
17:07:56  자이로:0.023,0.389,0.809
17:07:56  자력계:-46.050,48.750,-49.950
17:07:56  IMU방향유효:0
17:07:56  IMU방향:0.0
17:07:56  방향가속도크기:9.57
17:07:56  방향자이로크기:0.90
17:07:56  방향자세cos:0.7253
17:07:56  자기모델잔차:23.48
17:07:56  자기모델반경:1.528
17:07:56  방향채택:0
17:07:56  방향거부:26540
17:07:56  송신:2228
17:07:56  GPS위성:6
17:07:56  GPS_HDOP:1.23
17:07:56  원시위도:37.496301
17:07:56  원시경도:126.955860
17:07:56  GPS채택:874
17:07:56  GPS이상치거부:0
17:07:56  GPS품질거부:4
17:07:56  GPS재기준:0
17:07:56  RSSI원시:-63
17:07:56  RSSI평활:-63.2
17:07:56  RSSI샘플:3210
17:07:56  RSSI경과ms:16
17:07:56  차량수신:2110
17:07:56  UWB유효:1
17:07:56  UWB보정:1
17:07:56  UWB원시거리:4.960
17:07:56  UWB보정거리:5.220
17:07:56  UWB접근속도:0.014
17:07:56  UWB오프셋:0.234
17:07:56  UWB경과ms:16
17:07:56  UWB수신:1100
17:07:56  시각ms:238699
17:07:56  IMU시각ms:238699
17:07:56  부팅횟수:378
17:07:56  리셋원인:POWER_ON
17:07:56  GPS복구횟수:0
17:07:56  마지막GPS복구ms:0
17:07:56  위험:0
17:07:56  차량위험:0
17:07:56  차량위험경과ms:-1
17:07:56  RSU위험:0
17:07:56  RSU위험경과ms:-1
17:07:56  GPS유효:1
17:07:56  위도:37.496300
17:07:56  경도:126.955864
17:07:56  속도:0.061
17:07:56  방향:0.0
17:07:56  GPS원시속도:0.082
17:07:56  GPS원시방향유효:1
17:07:56  GPS원시방향:308.3
17:07:56  가속도:6.594,6.996,-0.512
17:07:56  자이로:-1.328,-1.634,-0.794
17:07:56  자력계:-45.000,46.500,-52.200
17:07:56  IMU방향유효:0
17:07:56  IMU방향:0.0
17:07:56  방향가속도크기:9.63
17:07:56  방향자이로크기:2.25
17:07:56  방향자세cos:0.7344
17:07:56  자기모델잔차:23.48
17:07:56  자기모델반경:1.528
17:07:56  방향채택:0
17:07:56  방향거부:26543
17:07:56  송신:2229
17:07:56  GPS위성:6
17:07:56  GPS_HDOP:1.23
17:07:56  원시위도:37.496301
17:07:56  원시경도:126.955860
17:07:56  GPS채택:874
17:07:56  GPS이상치거부:0
17:07:56  GPS품질거부:4
17:07:56  GPS재기준:0
17:07:56  RSSI원시:-64
17:07:56  RSSI평활:-63.4
17:07:56  RSSI샘플:3211
17:07:56  RSSI경과ms:18
17:07:56  차량수신:2111
17:07:56  UWB유효:1
17:07:56  UWB보정:1
17:07:56  UWB원시거리:4.960
17:07:56  UWB보정거리:5.220
17:07:56  UWB접근속도:0.014
17:07:56  UWB오프셋:0.234
17:07:56  UWB경과ms:51
17:07:56  UWB수신:1100
17:07:56  시각ms:238722
17:07:56  IMU시각ms:238722
17:07:56  부팅횟수:378
17:07:56  리셋원인:POWER_ON
17:07:56  GPS복구횟수:0
17:07:56  마지막GPS복구ms:0
17:07:56  위험:0
17:07:56  차량위험:0
17:07:56  차량위험경과ms:-1
17:07:56  RSU위험:0
17:07:56  RSU위험경과ms:-1
17:07:56  GPS유효:1
17:07:56  위도:37.496300
17:07:56  경도:126.955864
17:07:56  속도:0.061
17:07:56  방향:0.0
17:07:56  GPS원시속도:0.082
17:07:56  GPS원시방향유효:1
17:07:56  GPS원시방향:308.3
17:07:56  가속도:6.632,7.005,-0.412
17:07:56  자이로:-0.176,-1.580,-3.038
17:07:56  자력계:-43.650,47.400,-51.000
17:07:56  IMU방향유효:0
17:07:56  IMU방향:0.0
17:07:56  방향가속도크기:9.66
17:07:56  방향자이로크기:3.43
17:07:56  방향자세cos:0.7417
17:07:56  자기모델잔차:23.48
17:07:56  자기모델반경:1.528
17:07:56  방향채택:0
17:07:56  방향거부:26546
17:07:56  송신:2229
17:07:56  GPS위성:6
17:07:56  GPS_HDOP:1.23
17:07:56  원시위도:37.496301
17:07:56  원시경도:126.955860
17:07:56  GPS채택:874
17:07:56  GPS이상치거부:0
17:07:56  GPS품질거부:4
17:07:56  GPS재기준:0
17:07:56  RSSI원시:-64
17:07:56  RSSI평활:-63.4
17:07:56  RSSI샘플:3211
17:07:56  RSSI경과ms:41
17:07:56  차량수신:2111
17:07:56  UWB유효:1
17:07:56  UWB보정:1
17:07:56  UWB원시거리:4.960
17:07:56  UWB보정거리:5.220
17:07:56  UWB접근속도:0.014
17:07:56  UWB오프셋:0.234
17:07:56  UWB경과ms:74
17:07:56  UWB수신:1100
17:07:56  시각ms:238770
17:07:56  IMU시각ms:238769
17:07:56  부팅횟수:378
17:07:56  리셋원인:POWER_ON
17:07:56  GPS복구횟수:0
17:07:56  마지막GPS복구ms:0
17:07:56  위험:0
17:07:56  차량위험:0
17:07:56  차량위험경과ms:-1
17:07:56  RSU위험:0
17:07:56  RSU위험경과ms:-1
17:07:56  GPS유효:1
17:07:56  위도:37.496300
17:07:56  경도:126.955864
17:07:56  속도:0.069
17:07:56  방향:0.0
17:07:56  GPS원시속도:0.082
17:07:56  GPS원시방향유효:1
17:07:56  GPS원시방향:308.3
17:07:56  가속도:6.637,7.034,-0.397
17:07:56  자이로:0.519,-2.473,-0.275
17:07:56  자력계:-44.550,47.250,-51.150
17:07:56  IMU방향유효:0
17:07:56  IMU방향:0.0
17:07:56  방향가속도크기:9.68
17:07:56  방향자이로크기:2.54
17:07:56  방향자세cos:0.7426
17:07:56  자기모델잔차:23.48
17:07:56  자기모델반경:1.528
17:07:56  방향채택:0
17:07:56  방향거부:26552
17:07:56  송신:2229
17:07:56  GPS위성:6
17:07:56  GPS_HDOP:1.23
17:07:56  원시위도:37.496301
17:07:56  원시경도:126.955860
17:07:56  GPS채택:875
17:07:56  GPS이상치거부:0
17:07:56  GPS품질거부:4
17:07:56  GPS재기준:0
17:07:56  RSSI원시:-64
17:07:56  RSSI평활:-63.4
17:07:56  RSSI샘플:3211
17:07:56  RSSI경과ms:89
17:07:56  차량수신:2111
17:07:56  UWB유효:1
17:07:56  UWB보정:1
17:07:56  UWB원시거리:4.960
17:07:56  UWB보정거리:5.220
17:07:56  UWB접근속도:0.014
17:07:56  UWB오프셋:0.234
17:07:56  UWB경과ms:122
17:07:56  UWB수신:1100
17:07:56  시각ms:238806
17:07:56  IMU시각ms:238806
17:07:56  부팅횟수:378
17:07:56  리셋원인:POWER_ON
17:07:56  GPS복구횟수:0
17:07:56  마지막GPS복구ms:0
17:07:56  위험:0
17:07:56  차량위험:0
17:07:56  차량위험경과ms:-1
17:07:56  RSU위험:0
17:07:56  RSU위험경과ms:-1
17:07:56  GPS유효:1
17:07:56  위도:37.496300
17:07:56  경도:126.955864
17:07:56  속도:0.069
17:07:56  방향:0.0
17:07:56  GPS원시속도:0.082
17:07:56  GPS원시방향유효:1
17:07:56  GPS원시방향:308.3
17:07:56  가속도:6.555,7.029,-0.383
17:07:56  자이로:-1.740,-1.832,0.374
17:07:56  자력계:-46.200,48.600,-51.000
17:07:56  IMU방향유효:0
17:07:56  IMU방향:0.0
17:07:56  방향가속도크기:9.62
17:07:56  방향자이로크기:2.55
17:07:56  방향자세cos:0.7430
17:07:56  자기모델잔차:23.48
17:07:56  자기모델반경:1.528
17:07:56  방향채택:0
17:07:56  방향거부:26555
17:07:56  송신:2230
17:07:56  GPS위성:6
17:07:56  GPS_HDOP:1.23
17:07:56  원시위도:37.496301
17:07:56  원시경도:126.955860
17:07:56  GPS채택:875
17:07:56  GPS이상치거부:0
17:07:56  GPS품질거부:4
17:07:56  GPS재기준:0
17:07:56  RSSI원시:-64
17:07:56  RSSI평활:-63.5
17:07:56  RSSI샘플:3212
17:07:56  RSSI경과ms:24
17:07:56  차량수신:2112
17:07:56  UWB유효:1
17:07:56  UWB보정:1
17:07:56  UWB원시거리:4.960
17:07:56  UWB보정거리:5.220
17:07:56  UWB접근속도:0.014
17:07:56  UWB오프셋:0.234
17:07:56  UWB경과ms:158
17:07:56  UWB수신:1100
17:07:56  시각ms:238829
17:07:56  IMU시각ms:238829
17:07:56  부팅횟수:378
17:07:56  리셋원인:POWER_ON
17:07:56  GPS복구횟수:0
17:07:56  마지막GPS복구ms:0
17:07:56  위험:0
17:07:56  차량위험:0
17:07:56  차량위험경과ms:-1
17:07:56  RSU위험:0
17:07:56  RSU위험경과ms:-1
17:07:56  GPS유효:1
17:07:56  위도:37.496300
17:07:56  경도:126.955864
17:07:56  속도:0.069
17:07:56  방향:0.0
17:07:56  GPS원시속도:0.082
17:07:56  GPS원시방향유효:1
17:07:56  GPS원시방향:308.3
17:07:56  가속도:6.522,6.948,-0.474
17:07:56  자이로:-0.878,2.687,-0.267
17:07:56  자력계:-45.450,45.900,-48.750
17:07:56  IMU방향유효:0
17:07:56  IMU방향:0.0
17:07:56  방향가속도크기:9.54
17:07:56  방향자이로크기:2.84
17:07:56  방향자세cos:0.7367
17:07:56  자기모델잔차:23.48
17:07:56  자기모델반경:1.528
17:07:56  방향채택:0
17:07:56  방향거부:26558
17:07:56  송신:2230
17:07:56  GPS위성:6
17:07:56  GPS_HDOP:1.23
17:07:56  원시위도:37.496301
17:07:56  원시경도:126.955860
17:07:56  GPS채택:875
17:07:56  GPS이상치거부:0
17:07:56  GPS품질거부:4
17:07:56  GPS재기준:0
17:07:56  RSSI원시:-64
17:07:56  RSSI평활:-63.5
17:07:56  RSSI샘플:3212
17:07:56  RSSI경과ms:47
17:07:56  차량수신:2112
17:07:56  UWB유효:1
17:07:56  UWB보정:1
17:07:56  UWB원시거리:4.960
17:07:56  UWB보정거리:5.220
17:07:56  UWB접근속도:0.014
17:07:56  UWB오프셋:0.234
17:07:56  UWB경과ms:181
17:07:56  UWB수신:1100
17:07:56  시각ms:238852
17:07:56  IMU시각ms:238852
17:07:56  부팅횟수:378
17:07:56  리셋원인:POWER_ON
17:07:56  GPS복구횟수:0
17:07:56  마지막GPS복구ms:0
17:07:56  위험:0
17:07:56  차량위험:0
17:07:56  차량위험경과ms:-1
17:07:56  RSU위험:0
17:07:56  RSU위험경과ms:-1
17:07:56  GPS유효:1
17:07:56  위도:37.496300
17:07:56  경도:126.955864
17:07:56  속도:0.069
17:07:56  방향:0.0
17:07:56  GPS원시속도:0.082
17:07:56  GPS원시방향유효:1
17:07:56  GPS원시방향:308.3
17:07:56  가속도:6.570,7.072,-0.484
17:07:56  자이로:-0.733,1.061,-0.954
17:07:56  자력계:-47.250,46.800,-49.950
17:07:56  IMU방향유효:0
17:07:56  IMU방향:0.0
17:07:56  방향가속도크기:9.67
17:07:56  방향자이로크기:1.60
17:07:56  방향자세cos:0.7360
17:07:56  자기모델잔차:23.48
17:07:56  자기모델반경:1.528
17:07:56  방향채택:0
17:07:56  방향거부:26561
17:07:56  송신:2230
17:07:56  GPS위성:6
17:07:56  GPS_HDOP:1.23
17:07:56  원시위도:37.496301
17:07:56  원시경도:126.955860
17:07:56  GPS채택:875
17:07:56  GPS이상치거부:0
17:07:56  GPS품질거부:4
17:07:56  GPS재기준:0
17:07:56  RSSI원시:-64
17:07:56  RSSI평활:-63.5
17:07:56  RSSI샘플:3212
17:07:56  RSSI경과ms:70
17:07:56  차량수신:2112
17:07:56  UWB유효:1
17:07:56  UWB보정:1
17:07:56  UWB원시거리:4.960
17:07:56  UWB보정거리:5.220
17:07:56  UWB접근속도:0.014
17:07:56  UWB오프셋:0.234
17:07:56  UWB경과ms:204
17:07:56  UWB수신:1100
17:07:56  시각ms:238875
17:07:56  IMU시각ms:238875
17:07:56  부팅횟수:378
17:07:56  리셋원인:POWER_ON
17:07:56  GPS복구횟수:0
17:07:56  마지막GPS복구ms:0
17:07:56  위험:0
17:07:56  차량위험:0
17:07:56  차량위험경과ms:-1
17:07:56  RSU위험:0
17:07:56  RSU위험경과ms:-1
17:07:56  GPS유효:1
17:07:56  위도:37.496300
17:07:56  경도:126.955864
17:07:56  속도:0.069
17:07:56  방향:0.0
17:07:56  GPS원시속도:0.082
17:07:56  GPS원시방향유효:1
17:07:56  GPS원시방향:308.3
17:07:56  가속도:6.646,7.044,-0.522
17:07:56  자이로:-0.985,0.328,0.099
17:07:56  자력계:-45.900,46.950,-51.000
17:07:56  IMU방향유효:0
17:07:56  IMU방향:0.0
17:07:56  방향가속도크기:9.70
17:07:56  방향자이로크기:1.04
17:07:56  방향자세cos:0.7341
17:07:56  자기모델잔차:23.48
17:07:56  자기모델반경:1.528
17:07:56  방향채택:0
17:07:56  방향거부:26564
17:07:56  송신:2230
17:07:56  GPS위성:6
17:07:56  GPS_HDOP:1.23
17:07:56  원시위도:37.496301
17:07:56  원시경도:126.955860
17:07:56  GPS채택:875
17:07:56  GPS이상치거부:0
17:07:56  GPS품질거부:4
17:07:56  GPS재기준:0
17:07:56  RSSI원시:-64
17:07:56  RSSI평활:-63.6
17:07:56  RSSI샘플:3213
17:07:56  RSSI경과ms:23
17:07:56  차량수신:2112
17:07:56  UWB유효:1
17:07:56  UWB보정:1
17:07:56  UWB원시거리:4.960
17:07:56  UWB보정거리:5.214
17:07:56  UWB접근속도:0.018
17:07:56  UWB오프셋:0.234
17:07:56  UWB경과ms:23
17:07:56  UWB수신:1101
17:07:56  시각ms:238910
17:07:56  IMU시각ms:238910
17:07:56  부팅횟수:378
17:07:56  리셋원인:POWER_ON
17:07:56  GPS복구횟수:0
17:07:56  마지막GPS복구ms:0
17:07:56  위험:0
17:07:56  차량위험:0
17:07:56  차량위험경과ms:-1
17:07:56  RSU위험:0
17:07:56  RSU위험경과ms:-1
17:07:56  GPS유효:1
17:07:56  위도:37.496300
17:07:56  경도:126.955864
17:07:56  속도:0.069
17:07:56  방향:0.0
17:07:56  GPS원시속도:0.082
17:07:56  GPS원시방향유효:1
17:07:56  GPS원시방향:308.3
17:07:56  가속도:6.656,7.029,-0.618
17:07:56  자이로:1.649,-5.076,-2.198
17:07:56  자력계:-45.750,46.800,-49.950
17:07:56  IMU방향유효:0
17:07:56  IMU방향:0.0
17:07:56  방향가속도크기:9.70
17:07:56  방향자이로크기:5.77
17:07:56  방향자세cos:0.7275
17:07:56  자기모델잔차:23.48
17:07:56  자기모델반경:1.528
17:07:56  방향채택:0
17:07:56  방향거부:26567
17:07:56  송신:2231
17:07:56  GPS위성:6
17:07:56  GPS_HDOP:1.23
17:07:56  원시위도:37.496301
17:07:56  원시경도:126.955860
17:07:56  GPS채택:875
17:07:56  GPS이상치거부:0
17:07:56  GPS품질거부:4
17:07:56  GPS재기준:0
17:07:56  RSSI원시:-64
17:07:56  RSSI평활:-63.7
17:07:56  RSSI샘플:3214
17:07:56  RSSI경과ms:21
17:07:56  차량수신:2113
17:07:56  UWB유효:1
17:07:56  UWB보정:1
17:07:56  UWB원시거리:4.960
17:07:56  UWB보정거리:5.214
17:07:56  UWB접근속도:0.018
17:07:56  UWB오프셋:0.234
17:07:56  UWB경과ms:58
17:07:56  UWB수신:1101
17:07:56  시각ms:238934
17:07:56  IMU시각ms:238934
17:07:56  부팅횟수:378
17:07:56  리셋원인:POWER_ON
17:07:56  GPS복구횟수:0
17:07:56  마지막GPS복구ms:0
17:07:56  위험:0
17:07:56  차량위험:0
17:07:56  차량위험경과ms:-1
17:07:56  RSU위험:0
17:07:56  RSU위험경과ms:-1
17:07:56  GPS유효:1
17:07:56  위도:37.496300
17:07:56  경도:126.955864
17:07:56  속도:0.069
17:07:56  방향:0.0
17:07:56  GPS원시속도:0.082
17:07:56  GPS원시방향유효:1
17:07:56  GPS원시방향:308.3
17:07:56  가속도:6.536,7.053,-0.555
17:07:56  자이로:1.580,-0.427,-2.191
17:07:56  자력계:-44.400,46.950,-51.000
17:07:56  IMU방향유효:0
17:07:56  IMU방향:0.0
17:07:56  방향가속도크기:9.63
17:07:56  방향자이로크기:2.73
17:07:56  방향자세cos:0.7308
17:07:56  자기모델잔차:23.48
17:07:56  자기모델반경:1.528
17:07:56  방향채택:0
17:07:56  방향거부:26570
17:07:56  송신:2231
17:07:56  GPS위성:6
17:07:56  GPS_HDOP:1.23
17:07:56  원시위도:37.496301
17:07:56  원시경도:126.955860
17:07:56  GPS채택:875
17:07:56  GPS이상치거부:0
17:07:56  GPS품질거부:4
17:07:56  GPS재기준:0
17:07:56  RSSI원시:-64
17:07:56  RSSI평활:-63.7
17:07:56  RSSI샘플:3214
17:07:56  RSSI경과ms:45
17:07:56  차량수신:2113
17:07:56  UWB유효:1
17:07:56  UWB보정:1
17:07:56  UWB원시거리:4.960
17:07:56  UWB보정거리:5.214
17:07:56  UWB접근속도:0.018
17:07:56  UWB오프셋:0.234
17:07:56  UWB경과ms:82
17:07:56  UWB수신:1101
17:07:56  시각ms:239016
17:07:56  IMU시각ms:239016
17:07:56  부팅횟수:378
17:07:56  리셋원인:POWER_ON
17:07:56  GPS복구횟수:0
17:07:56  마지막GPS복구ms:0
17:07:56  위험:0
17:07:56  차량위험:0
17:07:56  차량위험경과ms:-1
17:07:56  RSU위험:0
17:07:56  RSU위험경과ms:-1
17:07:56  GPS유효:1
17:07:56  위도:37.496300
17:07:56  경도:126.955864
17:07:56  속도:0.077
17:07:56  방향:0.0
17:07:56  GPS원시속도:0.093
17:07:56  GPS원시방향유효:1
17:07:56  GPS원시방향:308.3
17:07:56  가속도:6.565,7.058,-0.426
17:07:56  자이로:0.725,-3.412,0.565
17:07:56  자력계:-46.650,46.650,-51.000
17:07:56  IMU방향유효:0
17:07:56  IMU방향:0.0
17:07:56  방향가속도크기:9.65
17:07:56  방향자이로크기:3.53
17:07:56  방향자세cos:0.7400
17:07:56  자기모델잔차:23.48
17:07:56  자기모델반경:1.528
17:07:56  방향채택:0
17:07:56  방향거부:26579
17:07:56  송신:2232
17:07:56  GPS위성:6
17:07:56  GPS_HDOP:1.23
17:07:56  원시위도:37.496301
17:07:56  원시경도:126.955860
17:07:56  GPS채택:876
17:07:56  GPS이상치거부:0
17:07:56  GPS품질거부:4
17:07:56  GPS재기준:0
17:07:56  RSSI원시:-65
17:07:56  RSSI평활:-63.9
17:07:56  RSSI샘플:3215
17:07:56  RSSI경과ms:21
17:07:56  차량수신:2114
17:07:56  UWB유효:1
17:07:56  UWB보정:1
17:07:56  UWB원시거리:4.960
17:07:56  UWB보정거리:5.214
17:07:56  UWB접근속도:0.018
17:07:56  UWB오프셋:0.234
17:07:56  UWB경과ms:164
17:07:56  UWB수신:1101
17:07:56  시각ms:239039
17:07:56  IMU시각ms:239039
17:07:56  부팅횟수:378
17:07:56  리셋원인:POWER_ON
17:07:56  GPS복구횟수:0
17:07:56  마지막GPS복구ms:0
17:07:56  위험:0
17:07:56  차량위험:0
17:07:56  차량위험경과ms:-1
17:07:56  RSU위험:0
17:07:56  RSU위험경과ms:-1
17:07:56  GPS유효:1
17:07:56  위도:37.496300
17:07:56  경도:126.955856
17:07:56  속도:0.077
17:07:56  방향:0.0
17:07:56  GPS원시속도:0.093
17:07:56  GPS원시방향유효:1
17:07:56  GPS원시방향:308.3
17:07:56  가속도:6.546,7.053,-0.421
17:07:56  자이로:-1.611,-1.092,0.313
17:07:56  자력계:-45.000,46.500,-49.950
17:07:56  IMU방향유효:0
17:07:56  IMU방향:0.0
17:07:56  방향가속도크기:9.63
17:07:56  방향자이로크기:1.97
17:07:56  방향자세cos:0.7402
17:07:56  자기모델잔차:23.48
17:07:56  자기모델반경:1.528
17:07:56  방향채택:0
17:07:56  방향거부:26582
17:07:56  송신:2232
17:07:56  GPS위성:6
17:07:56  GPS_HDOP:1.23
17:07:56  원시위도:37.496301
17:07:56  원시경도:126.955860
17:07:56  GPS채택:876
17:07:56  GPS이상치거부:0
17:07:56  GPS품질거부:4
17:07:56  GPS재기준:0
17:07:56  RSSI원시:-65
17:07:56  RSSI평활:-63.9
17:07:56  RSSI샘플:3215
17:07:56  RSSI경과ms:44
17:07:56  차량수신:2114
17:07:56  UWB유효:1
17:07:56  UWB보정:1
17:07:56  UWB원시거리:4.960
17:07:56  UWB보정거리:5.214
17:07:56  UWB접근속도:0.018
17:07:56  UWB오프셋:0.234
17:07:56  UWB경과ms:187
17:07:56  UWB수신:1101
17:07:56  시각ms:239062
17:07:56  IMU시각ms:239062
17:07:56  부팅횟수:378
17:07:56  리셋원인:POWER_ON
17:07:56  GPS복구횟수:0
17:07:56  마지막GPS복구ms:0
17:07:56  위험:0
17:07:56  차량위험:0
17:07:56  차량위험경과ms:-1
17:07:56  RSU위험:0
17:07:56  RSU위험경과ms:-1
17:07:56  GPS유효:1
17:07:56  위도:37.496300
17:07:56  경도:126.955856
17:07:56  속도:0.077
17:07:56  방향:0.0
17:07:56  GPS원시속도:0.093
17:07:56  GPS원시방향유효:1
17:07:56  GPS원시방향:308.3
17:07:56  가속도:6.507,7.159,-0.546
17:07:56  자이로:-0.023,0.130,-1.313
17:07:56  자력계:-46.950,46.650,-50.550
17:07:56  IMU방향유효:0
17:07:56  IMU방향:0.0
17:07:56  방향가속도크기:9.69
17:07:56  방향자이로크기:1.32
17:07:56  방향자세cos:0.7309
17:07:56  자기모델잔차:23.48
17:07:56  자기모델반경:1.528
17:07:56  방향채택:0
17:07:56  방향거부:26585
17:07:56  송신:2232
17:07:56  GPS위성:6
17:07:56  GPS_HDOP:1.23
17:07:56  원시위도:37.496301
17:07:56  원시경도:126.955860
17:07:56  GPS채택:876
17:07:56  GPS이상치거부:0
17:07:56  GPS품질거부:4
17:07:56  GPS재기준:0
17:07:56  RSSI원시:-65
17:07:56  RSSI평활:-64.2
17:07:56  RSSI샘플:3216
17:07:56  RSSI경과ms:16
17:07:56  차량수신:2114
17:07:56  UWB유효:1
17:07:56  UWB보정:1
17:07:56  UWB원시거리:4.990
17:07:56  UWB보정거리:5.211
17:07:56  UWB접근속도:0.018
17:07:56  UWB오프셋:0.234
17:07:56  UWB경과ms:16
17:07:56  UWB수신:1102
17:07:57  시각ms:239085
17:07:57  IMU시각ms:239085
17:07:57  부팅횟수:378
17:07:57  리셋원인:POWER_ON
17:07:57  GPS복구횟수:0
17:07:57  마지막GPS복구ms:0
17:07:57  위험:0
17:07:57  차량위험:0
17:07:57  차량위험경과ms:-1
17:07:57  RSU위험:0
17:07:57  RSU위험경과ms:-1
17:07:57  GPS유효:1
17:07:57  위도:37.496300
17:07:57  경도:126.955856
17:07:57  속도:0.077
17:07:57  방향:0.0
17:07:57  GPS원시속도:0.093
17:07:57  GPS원시방향유효:1
17:07:57  GPS원시방향:308.3
17:07:57  가속도:6.546,7.101,-0.517
17:07:57  자이로:1.130,-0.084,0.260
17:07:57  자력계:-44.550,46.800,-51.150
17:07:57  IMU방향유효:0
17:07:57  IMU방향:0.0
17:07:57  방향가속도크기:9.67
17:07:57  방향자이로크기:1.16
17:07:57  방향자세cos:0.7334
17:07:57  자기모델잔차:23.48
17:07:57  자기모델반경:1.528
17:07:57  방향채택:0
17:07:57  방향거부:26588
17:07:57  송신:2232
17:07:57  GPS위성:6
17:07:57  GPS_HDOP:1.23
17:07:57  원시위도:37.496301
17:07:57  원시경도:126.955860
17:07:57  GPS채택:876
17:07:57  GPS이상치거부:0
17:07:57  GPS품질거부:4
17:07:57  GPS재기준:0
17:07:57  RSSI원시:-65
17:07:57  RSSI평활:-64.2
17:07:57  RSSI샘플:3216
17:07:57  RSSI경과ms:39
17:07:57  차량수신:2114
17:07:57  UWB유효:1
17:07:57  UWB보정:1
17:07:57  UWB원시거리:4.990
17:07:57  UWB보정거리:5.211
17:07:57  UWB접근속도:0.018
17:07:57  UWB오프셋:0.234
17:07:57  UWB경과ms:39
17:07:57  UWB수신:1102
17:07:57  시각ms:239121
17:07:57  IMU시각ms:239121
17:07:57  부팅횟수:378
17:07:57  리셋원인:POWER_ON
17:07:57  GPS복구횟수:0
17:07:57  마지막GPS복구ms:0
17:07:57  위험:0
17:07:57  차량위험:0
17:07:57  차량위험경과ms:-1
17:07:57  RSU위험:0
17:07:57  RSU위험경과ms:-1
17:07:57  GPS유효:1
17:07:57  위도:37.496300
17:07:57  경도:126.955856
17:07:57  속도:0.077
17:07:57  방향:0.0
17:07:57  GPS원시속도:0.093
17:07:57  GPS원시방향유효:1
17:07:57  GPS원시방향:308.3
17:07:57  가속도:6.656,7.020,-0.479
17:07:57  자이로:0.107,-1.504,-0.099
17:07:57  자력계:-46.500,47.250,-50.400
17:07:57  IMU방향유효:0
17:07:57  IMU방향:0.0
17:07:57  방향가속도크기:9.69
17:07:57  방향자이로크기:1.51
17:07:57  방향자세cos:0.7372
17:07:57  자기모델잔차:23.48
17:07:57  자기모델반경:1.528
17:07:57  방향채택:0
17:07:57  방향거부:26591
17:07:57  송신:2233
17:07:57  GPS위성:6
17:07:57  GPS_HDOP:1.23
17:07:57  원시위도:37.496301
17:07:57  원시경도:126.955860
17:07:57  GPS채택:876
17:07:57  GPS이상치거부:0
17:07:57  GPS품질거부:4
17:07:57  GPS재기준:0
17:07:57  RSSI원시:-65
17:07:57  RSSI평활:-64.3
17:07:57  RSSI샘플:3217
17:07:57  RSSI경과ms:26
17:07:57  차량수신:2115
17:07:57  UWB유효:1
17:07:57  UWB보정:1
17:07:57  UWB원시거리:4.990
17:07:57  UWB보정거리:5.211
17:07:57  UWB접근속도:0.018
17:07:57  UWB오프셋:0.234
17:07:57  UWB경과ms:75
17:07:57  UWB수신:1102
17:07:57  시각ms:239190
17:07:57  IMU시각ms:239190
17:07:57  부팅횟수:378
17:07:57  리셋원인:POWER_ON
17:07:57  GPS복구횟수:0
17:07:57  마지막GPS복구ms:0
17:07:57  위험:0
17:07:57  차량위험:0
17:07:57  차량위험경과ms:-1
17:07:57  RSU위험:0
17:07:57  RSU위험경과ms:-1
17:07:57  GPS유효:1
17:07:57  위도:37.496300
17:07:57  경도:126.955856
17:07:57  속도:0.059
17:07:57  방향:0.0
17:07:57  GPS원시속도:0.026
17:07:57  GPS원시방향유효:1
17:07:57  GPS원시방향:308.3
17:07:57  가속도:6.603,7.087,-0.431
17:07:57  자이로:-1.176,-0.634,0.038
17:07:57  자력계:-45.300,46.500,-51.150
17:07:57  IMU방향유효:0
17:07:57  IMU방향:0.0
17:07:57  방향가속도크기:9.70
17:07:57  방향자이로크기:1.34
17:07:57  방향자세cos:0.7399
17:07:57  자기모델잔차:23.48
17:07:57  자기모델반경:1.528
17:07:57  방향채택:0
17:07:57  방향거부:26600
17:07:57  송신:2233
17:07:57  GPS위성:6
17:07:57  GPS_HDOP:1.23
17:07:57  원시위도:37.496302
17:07:57  원시경도:126.955860
17:07:57  GPS채택:877
17:07:57  GPS이상치거부:0
17:07:57  GPS품질거부:4
17:07:57  GPS재기준:0
17:07:57  RSSI원시:-65
17:07:57  RSSI평활:-64.3
17:07:57  RSSI샘플:3217
17:07:57  RSSI경과ms:95
17:07:57  차량수신:2115
17:07:57  UWB유효:1
17:07:57  UWB보정:1
17:07:57  UWB원시거리:4.990
17:07:57  UWB보정거리:5.211
17:07:57  UWB접근속도:0.018
17:07:57  UWB오프셋:0.234
17:07:57  UWB경과ms:144
17:07:57  UWB수신:1102
17:07:57  시각ms:239295
17:07:57  IMU시각ms:239295
17:07:57  부팅횟수:378
17:07:57  리셋원인:POWER_ON
17:07:57  GPS복구횟수:0
17:07:57  마지막GPS복구ms:0
17:07:57  위험:0
17:07:57  차량위험:0
17:07:57  차량위험경과ms:-1
17:07:57  RSU위험:0
17:07:57  RSU위험경과ms:-1
17:07:57  GPS유효:1
17:07:57  위도:37.496300
17:07:57  경도:126.955856
17:07:57  속도:0.059
17:07:57  방향:0.0
17:07:57  GPS원시속도:0.026
17:07:57  GPS원시방향유효:1
17:07:57  GPS원시방향:308.3
17:07:57  가속도:6.565,7.077,-0.632
17:07:57  자이로:-0.489,-0.168,-0.267
17:07:57  자력계:-45.450,46.950,-49.800
17:07:57  IMU방향유효:0
17:07:57  IMU방향:0.0
17:07:57  방향가속도크기:9.67
17:07:57  방향자이로크기:0.58
17:07:57  방향자세cos:0.7256
17:07:57  자기모델잔차:23.48
17:07:57  자기모델반경:1.528
17:07:57  방향채택:0
17:07:57  방향거부:26612
17:07:57  송신:2234
17:07:57  GPS위성:6
17:07:57  GPS_HDOP:1.23
17:07:57  원시위도:37.496302
17:07:57  원시경도:126.955860
17:07:57  GPS채택:877
17:07:57  GPS이상치거부:0
17:07:57  GPS품질거부:4
17:07:57  GPS재기준:0
17:07:57  RSSI원시:-65
17:07:57  RSSI평활:-64.5
17:07:57  RSSI샘플:3218
17:07:57  RSSI경과ms:94
17:07:57  차량수신:2116
17:07:57  UWB유효:1
17:07:57  UWB보정:1
17:07:57  UWB원시거리:4.990
17:07:57  UWB보정거리:5.211
17:07:57  UWB접근속도:0.018
17:07:57  UWB오프셋:0.234
17:07:57  UWB경과ms:249
17:07:57  UWB수신:1102
17:07:57  시각ms:239331
17:07:57  IMU시각ms:239331
17:07:57  부팅횟수:378
17:07:57  리셋원인:POWER_ON
17:07:57  GPS복구횟수:0
17:07:57  마지막GPS복구ms:0
17:07:57  위험:0
17:07:57  차량위험:0
17:07:57  차량위험경과ms:-1
17:07:57  RSU위험:0
17:07:57  RSU위험경과ms:-1
17:07:57  GPS유효:1
17:07:57  위도:37.496300
17:07:57  경도:126.955856
17:07:57  속도:0.059
17:07:57  방향:0.0
17:07:57  GPS원시속도:0.026
17:07:57  GPS원시방향유효:1
17:07:57  GPS원시방향:308.3
17:07:57  가속도:6.689,7.010,-0.464
17:07:57  자이로:-1.420,0.397,-1.832
17:07:57  자력계:-45.000,46.050,-50.700
17:07:57  IMU방향유효:0
17:07:57  IMU방향:0.0
17:07:57  방향가속도크기:9.70
17:07:57  방향자이로크기:2.35
17:07:57  방향자세cos:0.7385
17:07:57  자기모델잔차:23.48
17:07:57  자기모델반경:1.528
17:07:57  방향채택:0
17:07:57  방향거부:26615
17:07:57  송신:2235
17:07:57  GPS위성:6
17:07:57  GPS_HDOP:1.23
17:07:57  원시위도:37.496302
17:07:57  원시경도:126.955860
17:07:57  GPS채택:877
17:07:57  GPS이상치거부:0
17:07:57  GPS품질거부:4
17:07:57  GPS재기준:0
17:07:57  RSSI원시:-65
17:07:57  RSSI평활:-64.5
17:07:57  RSSI샘플:3218
17:07:57  RSSI경과ms:130
17:07:57  차량수신:2116
17:07:57  UWB유효:1
17:07:57  UWB보정:1
17:07:57  UWB원시거리:4.990
17:07:57  UWB보정거리:5.211
17:07:57  UWB접근속도:0.018
17:07:57  UWB오프셋:0.234
17:07:57  UWB경과ms:285
17:07:57  UWB수신:1102
17:07:57  시각ms:239400
17:07:57  IMU시각ms:239400
17:07:57  부팅횟수:378
17:07:57  리셋원인:POWER_ON
17:07:57  GPS복구횟수:0
17:07:57  마지막GPS복구ms:0
17:07:57  위험:0
17:07:57  차량위험:0
17:07:57  차량위험경과ms:-1
17:07:57  RSU위험:0
17:07:57  RSU위험경과ms:-1
17:07:57  GPS유효:1
17:07:57  위도:37.496300
17:07:57  경도:126.955856
17:07:57  속도:0.060
17:07:57  방향:0.0
17:07:57  GPS원시속도:0.062
17:07:57  GPS원시방향유효:1
17:07:57  GPS원시방향:308.3
17:07:57  가속도:6.555,7.072,-0.484
17:07:57  자이로:-0.649,0.656,-3.641
17:07:57  자력계:-44.550,47.250,-49.950
17:07:57  IMU방향유효:0
17:07:57  IMU방향:0.0
17:07:57  방향가속도크기:9.66
17:07:57  방향자이로크기:3.76
17:07:57  방향자세cos:0.7359
17:07:57  자기모델잔차:23.48
17:07:57  자기모델반경:1.528
17:07:57  방향채택:0
17:07:57  방향거부:26624
17:07:57  송신:2235
17:07:57  GPS위성:6
17:07:57  GPS_HDOP:1.23
17:07:57  원시위도:37.496302
17:07:57  원시경도:126.955859
17:07:57  GPS채택:878
17:07:57  GPS이상치거부:0
17:07:57  GPS품질거부:4
17:07:57  GPS재기준:0
17:07:57  RSSI원시:-65
17:07:57  RSSI평활:-64.5
17:07:57  RSSI샘플:3218
17:07:57  RSSI경과ms:199
17:07:57  차량수신:2116
17:07:57  UWB유효:1
17:07:57  UWB보정:1
17:07:57  UWB원시거리:4.990
17:07:57  UWB보정거리:5.211
17:07:57  UWB접근속도:0.018
17:07:57  UWB오프셋:0.234
17:07:57  UWB경과ms:354
17:07:57  UWB수신:1102
17:07:57  시각ms:239436
17:07:57  IMU시각ms:239436
17:07:57  부팅횟수:378
17:07:57  리셋원인:POWER_ON
17:07:57  GPS복구횟수:0
17:07:57  마지막GPS복구ms:0
17:07:57  위험:0
17:07:57  차량위험:0
17:07:57  차량위험경과ms:-1
17:07:57  RSU위험:0
17:07:57  RSU위험경과ms:-1
17:07:57  GPS유효:1
17:07:57  위도:37.496300
17:07:57  경도:126.955856
17:07:57  속도:0.060
17:07:57  방향:0.0
17:07:57  GPS원시속도:0.062
17:07:57  GPS원시방향유효:1
17:07:57  GPS원시방향:308.3
17:07:57  가속도:6.574,7.116,-0.503
17:07:57  자이로:0.115,-0.031,2.565
17:07:57  자력계:-45.300,46.800,-49.950
17:07:57  IMU방향유효:0
17:07:57  IMU방향:0.0
17:07:57  방향가속도크기:9.70
17:07:57  방향자이로크기:2.57
17:07:57  방향자세cos:0.7346
17:07:57  자기모델잔차:23.48
17:07:57  자기모델반경:1.528
17:07:57  방향채택:0
17:07:57  방향거부:26627
17:07:57  송신:2236
17:07:57  GPS위성:6
17:07:57  GPS_HDOP:1.23
17:07:57  원시위도:37.496302
17:07:57  원시경도:126.955859
17:07:57  GPS채택:878
17:07:57  GPS이상치거부:0
17:07:57  GPS품질거부:4
17:07:57  GPS재기준:0
17:07:57  RSSI원시:-66
17:07:57  RSSI평활:-64.8
17:07:57  RSSI샘플:3219
17:07:57  RSSI경과ms:25
17:07:57  차량수신:2117
17:07:57  UWB유효:1
17:07:57  UWB보정:1
17:07:57  UWB원시거리:4.990
17:07:57  UWB보정거리:5.211
17:07:57  UWB접근속도:0.018
17:07:57  UWB오프셋:0.234
17:07:57  UWB경과ms:390
17:07:57  UWB수신:1102
17:07:57  시각ms:239482
17:07:57  IMU시각ms:239482
17:07:57  부팅횟수:378
17:07:57  리셋원인:POWER_ON
17:07:57  GPS복구횟수:0
17:07:57  마지막GPS복구ms:0
17:07:57  위험:0
17:07:57  차량위험:0
17:07:57  차량위험경과ms:-1
17:07:57  RSU위험:0
17:07:57  RSU위험경과ms:-1
17:07:57  GPS유효:1
17:07:57  위도:37.496300
17:07:57  경도:126.955856
17:07:57  속도:0.060
17:07:57  방향:0.0
17:07:57  GPS원시속도:0.062
17:07:57  GPS원시방향유효:1
17:07:57  GPS원시방향:308.3
17:07:57  가속도:6.651,7.058,-0.637
17:07:57  자이로:-1.779,0.176,0.069
17:07:57  자력계:-46.050,45.300,-51.450
17:07:57  IMU방향유효:0
17:07:57  IMU방향:0.0
17:07:57  방향가속도크기:9.72
17:07:57  방향자이로크기:1.79
17:07:57  방향자세cos:0.7260
17:07:57  자기모델잔차:23.48
17:07:57  자기모델반경:1.528
17:07:57  방향채택:0
17:07:57  방향거부:26633
17:07:57  송신:2236
17:07:57  GPS위성:6
17:07:57  GPS_HDOP:1.23
17:07:57  원시위도:37.496302
17:07:57  원시경도:126.955859
17:07:57  GPS채택:878
17:07:57  GPS이상치거부:0
17:07:57  GPS품질거부:4
17:07:57  GPS재기준:0
17:07:57  RSSI원시:-66
17:07:57  RSSI평활:-65.0
17:07:57  RSSI샘플:3220
17:07:57  RSSI경과ms:24
17:07:57  차량수신:2117
17:07:57  UWB유효:1
17:07:57  UWB보정:1
17:07:57  UWB원시거리:4.970
17:07:57  UWB보정거리:5.209
17:07:57  UWB접근속도:0.011
17:07:57  UWB오프셋:0.234
17:07:57  UWB경과ms:24
17:07:57  UWB수신:1103
17:07:57  시각ms:239564
17:07:57  IMU시각ms:239564
17:07:57  부팅횟수:378
17:07:57  리셋원인:POWER_ON
17:07:57  GPS복구횟수:0
17:07:57  마지막GPS복구ms:0
17:07:57  위험:0
17:07:57  차량위험:0
17:07:57  차량위험경과ms:-1
17:07:57  RSU위험:0
17:07:57  RSU위험경과ms:-1
17:07:57  GPS유효:1
17:07:57  위도:37.496300
17:07:57  경도:126.955856
17:07:57  속도:0.060
17:07:57  방향:0.0
17:07:57  GPS원시속도:0.062
17:07:57  GPS원시방향유효:1
17:07:57  GPS원시방향:308.3
17:07:57  가속도:6.498,7.015,-0.469
17:07:57  자이로:-1.244,0.145,0.397
17:07:57  자력계:-45.750,46.800,-50.400
17:07:57  IMU방향유효:0
17:07:57  IMU방향:0.0
17:07:57  방향가속도크기:9.57
17:07:57  방향자이로크기:1.31
17:07:57  방향자세cos:0.7366
17:07:57  자기모델잔차:23.48
17:07:57  자기모델반경:1.528
17:07:57  방향채택:0
17:07:57  방향거부:26642
17:07:57  송신:2237
17:07:57  GPS위성:6
17:07:57  GPS_HDOP:1.23
17:07:57  원시위도:37.496302
17:07:57  원시경도:126.955859
17:07:57  GPS채택:878
17:07:57  GPS이상치거부:0
17:07:57  GPS품질거부:4
17:07:57  GPS재기준:0
17:07:57  RSSI원시:-67
17:07:57  RSSI평활:-65.4
17:07:57  RSSI샘플:3221
17:07:57  RSSI경과ms:47
17:07:57  차량수신:2118
17:07:57  UWB유효:1
17:07:57  UWB보정:1
17:07:57  UWB원시거리:4.970
17:07:57  UWB보정거리:5.209
17:07:57  UWB접근속도:0.011
17:07:57  UWB오프셋:0.234
17:07:57  UWB경과ms:106
17:07:57  UWB수신:1103
17:07:57  시각ms:239646
17:07:57  IMU시각ms:239646
17:07:57  부팅횟수:378
17:07:57  리셋원인:POWER_ON
17:07:57  GPS복구횟수:0
17:07:57  마지막GPS복구ms:0
17:07:57  위험:0
17:07:57  차량위험:0
17:07:57  차량위험경과ms:-1
17:07:57  RSU위험:0
17:07:57  RSU위험경과ms:-1
17:07:57  GPS유효:1
17:07:57  위도:37.496304
17:07:57  경도:126.955856
17:07:57  속도:0.070
17:07:57  방향:0.0
17:07:57  GPS원시속도:0.087
17:07:57  GPS원시방향유효:1
17:07:57  GPS원시방향:308.3
17:07:57  가속도:6.546,7.005,-0.302
17:07:57  자이로:-0.985,-1.779,-1.099
17:07:57  자력계:-45.900,46.950,-49.800
17:07:57  IMU방향유효:0
17:07:57  IMU방향:0.0
17:07:57  방향가속도크기:9.59
17:07:57  방향자이로크기:2.31
17:07:57  방향자세cos:0.7486
17:07:57  자기모델잔차:23.48
17:07:57  자기모델반경:1.528
17:07:57  방향채택:0
17:07:57  방향거부:26651
17:07:57  송신:2238
17:07:57  GPS위성:6
17:07:57  GPS_HDOP:1.23
17:07:57  원시위도:37.496303
17:07:57  원시경도:126.955859
17:07:57  GPS채택:879
17:07:57  GPS이상치거부:0
17:07:57  GPS품질거부:4
17:07:57  GPS재기준:0
17:07:57  RSSI원시:-67
17:07:57  RSSI평활:-65.4
17:07:57  RSSI샘플:3221
17:07:57  RSSI경과ms:129
17:07:57  차량수신:2118
17:07:57  UWB유효:1
17:07:57  UWB보정:1
17:07:57  UWB원시거리:4.970
17:07:57  UWB보정거리:5.209
17:07:57  UWB접근속도:0.011
17:07:57  UWB오프셋:0.234
17:07:57  UWB경과ms:188
17:07:57  UWB수신:1103
17:07:57  시각ms:239669
17:07:57  IMU시각ms:239669
17:07:57  부팅횟수:378
17:07:57  리셋원인:POWER_ON
17:07:57  GPS복구횟수:0
17:07:57  마지막GPS복구ms:0
17:07:57  위험:0
17:07:57  차량위험:0
17:07:57  차량위험경과ms:-1
17:07:57  RSU위험:0
17:07:57  RSU위험경과ms:-1
17:07:57  GPS유효:1
17:07:57  위도:37.496304
17:07:57  경도:126.955856
17:07:57  속도:0.070
17:07:57  방향:0.0
17:07:57  GPS원시속도:0.087
17:07:57  GPS원시방향유효:1
17:07:57  GPS원시방향:308.3
17:07:57  가속도:6.531,7.082,-0.541
17:07:57  자이로:-1.374,-0.229,3.176
17:07:57  자력계:-44.550,46.800,-50.700
17:07:57  IMU방향유효:0
17:07:57  IMU방향:0.0
17:07:57  방향가속도크기:9.65
17:07:57  방향자이로크기:3.47
17:07:57  방향자세cos:0.7316
17:07:57  자기모델잔차:23.48
17:07:57  자기모델반경:1.528
17:07:57  방향채택:0
17:07:57  방향거부:26654
17:07:57  송신:2238
17:07:57  GPS위성:6
17:07:57  GPS_HDOP:1.23
17:07:57  원시위도:37.496303
17:07:57  원시경도:126.955859
17:07:57  GPS채택:879
17:07:57  GPS이상치거부:0
17:07:57  GPS품질거부:4
17:07:57  GPS재기준:0
17:07:57  RSSI원시:-67
17:07:57  RSSI평활:-65.7
17:07:57  RSSI샘플:3222
17:07:57  RSSI경과ms:9
17:07:57  차량수신:2118
17:07:57  UWB유효:1
17:07:57  UWB보정:1
17:07:57  UWB원시거리:4.980
17:07:57  UWB보정거리:5.211
17:07:57  UWB접근속도:0.005
17:07:57  UWB오프셋:0.234
17:07:57  UWB경과ms:9
17:07:57  UWB수신:1104
17:07:57  시각ms:239851
17:07:57  IMU시각ms:239851
17:07:57  부팅횟수:378
17:07:57  리셋원인:POWER_ON
17:07:57  GPS복구횟수:0
17:07:57  마지막GPS복구ms:0
17:07:57  위험:0
17:07:57  차량위험:0
17:07:57  차량위험경과ms:-1
17:07:57  RSU위험:0
17:07:57  RSU위험경과ms:-1
17:07:57  GPS유효:1
17:07:57  위도:37.496304
17:07:57  경도:126.955856
17:07:57  속도:0.054
17:07:57  방향:0.0
17:07:57  GPS원시속도:0.026
17:07:57  GPS원시방향유효:1
17:07:57  GPS원시방향:308.3
17:07:57  가속도:6.493,7.010,-0.536
17:07:57  자이로:0.023,-4.260,0.641
17:07:57  자력계:-44.700,45.450,-50.550
17:07:57  IMU방향유효:0
17:07:57  IMU방향:0.0
17:07:57  방향가속도크기:9.57
17:07:57  방향자이로크기:4.31
17:07:57  방향자세cos:0.7318
17:07:57  자기모델잔차:23.48
17:07:57  자기모델반경:1.528
17:07:57  방향채택:0
17:07:57  방향거부:26674
17:07:57  송신:2240
17:07:57  GPS위성:6
17:07:57  GPS_HDOP:1.23
17:07:57  원시위도:37.496304
17:07:57  원시경도:126.955859
17:07:57  GPS채택:880
17:07:57  GPS이상치거부:0
17:07:57  GPS품질거부:4
17:07:57  GPS재기준:0
17:07:57  RSSI원시:-68
17:07:57  RSSI평활:-66.7
17:07:57  RSSI샘플:3225
17:07:57  RSSI경과ms:2
17:07:57  차량수신:2120
17:07:57  UWB유효:1
17:07:57  UWB보정:1
17:07:57  UWB원시거리:4.980
17:07:57  UWB보정거리:5.212
17:07:57  UWB접근속도:0.002
17:07:57  UWB오프셋:0.234
17:07:57  UWB경과ms:2
17:07:57  UWB수신:1105
17:07:58  시각ms:240060
17:07:58  IMU시각ms:240060
17:07:58  부팅횟수:378
17:07:58  리셋원인:POWER_ON
17:07:58  GPS복구횟수:0
17:07:58  마지막GPS복구ms:0
17:07:58  위험:0
17:07:58  차량위험:0
17:07:58  차량위험경과ms:-1
17:07:58  RSU위험:0
17:07:58  RSU위험경과ms:-1
17:07:58  GPS유효:1
17:07:58  위도:37.496304
17:07:58  경도:126.955856
17:07:58  속도:0.041
17:07:58  방향:0.0
17:07:58  GPS원시속도:0.015
17:07:58  GPS원시방향유효:1
17:07:58  GPS원시방향:308.3
17:07:58  가속도:6.560,7.044,-0.469
17:07:58  자이로:-0.160,-0.282,2.046
17:07:58  자력계:-46.200,46.200,-51.300
17:07:58  IMU방향유효:0
17:07:58  IMU방향:0.0
17:07:58  방향가속도크기:9.64
17:07:58  방향자이로크기:2.07
17:07:58  방향자세cos:0.7370
17:07:58  자기모델잔차:23.48
17:07:58  자기모델반경:1.528
17:07:58  방향채택:0
17:07:58  방향거부:26698
17:07:58  송신:2242
17:07:58  GPS위성:6
17:07:58  GPS_HDOP:1.23
17:07:58  원시위도:37.496304
17:07:58  원시경도:126.955858
17:07:58  GPS채택:881
17:07:58  GPS이상치거부:0
17:07:58  GPS품질거부:4
17:07:58  GPS재기준:0
17:07:58  RSSI원시:-62
17:07:58  RSSI평활:-65.1
17:07:58  RSSI샘플:3228
17:07:58  RSSI경과ms:3
17:07:58  차량수신:2122
17:07:58  UWB유효:1
17:07:58  UWB보정:1
17:07:58  UWB원시거리:4.990
17:07:58  UWB보정거리:5.213
17:07:58  UWB접근속도:0.000
17:07:58  UWB오프셋:0.234
17:07:58  UWB경과ms:3
17:07:58  UWB수신:1106
17:07:58  시각ms:240129
17:07:58  IMU시각ms:240129
17:07:58  부팅횟수:378
17:07:58  리셋원인:POWER_ON
17:07:58  GPS복구횟수:0
17:07:58  마지막GPS복구ms:0
17:07:58  위험:0
17:07:58  차량위험:0
17:07:58  차량위험경과ms:-1
17:07:58  RSU위험:0
17:07:58  RSU위험경과ms:-1
17:07:58  GPS유효:1
17:07:58  위도:37.496304
17:07:58  경도:126.955856
17:07:58  속도:0.041
17:07:58  방향:0.0
17:07:58  GPS원시속도:0.015
17:07:58  GPS원시방향유효:1
17:07:58  GPS원시방향:308.3
17:07:58  가속도:6.565,6.958,-0.402
17:07:58  자이로:-0.649,-2.252,-3.130
17:07:58  자력계:-46.500,47.550,-50.700
17:07:58  IMU방향유효:0
17:07:58  IMU방향:0.0
17:07:58  방향가속도크기:9.57
17:07:58  방향자이로크기:3.91
17:07:58  방향자세cos:0.7420
17:07:58  자기모델잔차:23.48
17:07:58  자기모델반경:1.528
17:07:58  방향채택:0
17:07:58  방향거부:26707
17:07:58  송신:2242
17:07:58  GPS위성:6
17:07:58  GPS_HDOP:1.23
17:07:58  원시위도:37.496304
17:07:58  원시경도:126.955858
17:07:58  GPS채택:881
17:07:58  GPS이상치거부:0
17:07:58  GPS품질거부:4
17:07:58  GPS재기준:0
17:07:58  RSSI원시:-62
17:07:58  RSSI평활:-65.1
17:07:58  RSSI샘플:3228
17:07:58  RSSI경과ms:72
17:07:58  차량수신:2122
17:07:58  UWB유효:1
17:07:58  UWB보정:1
17:07:58  UWB원시거리:4.990
17:07:58  UWB보정거리:5.213
17:07:58  UWB접근속도:0.000
17:07:58  UWB오프셋:0.234
17:07:58  UWB경과ms:72
17:07:58  UWB수신:1106
17:07:58  시각ms:240397
17:07:58  IMU시각ms:240397
17:07:58  부팅횟수:378
17:07:58  리셋원인:POWER_ON
17:07:58  GPS복구횟수:0
17:07:58  마지막GPS복구ms:0
17:07:58  위험:0
17:07:58  차량위험:0
17:07:58  차량위험경과ms:-1
17:07:58  RSU위험:0
17:07:58  RSU위험경과ms:-1
17:07:58  GPS유효:1
17:07:58  위도:37.496304
17:07:58  경도:126.955856
17:07:58  속도:0.070
17:07:58  방향:0.0
17:07:58  GPS원시속도:0.144
17:07:58  GPS원시방향유효:1
17:07:58  GPS원시방향:308.3
17:07:58  가속도:6.589,7.072,-0.373
17:07:58  자이로:0.794,0.595,2.863
17:07:58  자력계:-45.450,47.850,-52.050
17:07:58  IMU방향유효:0
17:07:58  IMU방향:0.0
17:07:58  방향가속도크기:9.67
17:07:58  방향자이로크기:3.03
17:07:58  방향자세cos:0.7438
17:07:58  자기모델잔차:23.48
17:07:58  자기모델반경:1.528
17:07:58  방향채택:0
17:07:58  방향거부:26737
17:07:58  송신:2245
17:07:58  GPS위성:6
17:07:58  GPS_HDOP:1.23
17:07:58  원시위도:37.496303
17:07:58  원시경도:126.955858
17:07:58  GPS채택:883
17:07:58  GPS이상치거부:0
17:07:58  GPS품질거부:4
17:07:58  GPS재기준:0
17:07:58  RSSI원시:-63
17:07:58  RSSI평활:-65.2
17:07:58  RSSI샘플:3231
17:07:58  RSSI경과ms:40
17:07:58  차량수신:2124
17:07:58  UWB유효:1
17:07:58  UWB보정:1
17:07:58  UWB원시거리:4.990
17:07:58  UWB보정거리:5.213
17:07:58  UWB접근속도:-0.001
17:07:58  UWB오프셋:0.234
17:07:58  UWB경과ms:140
17:07:58  UWB수신:1107
17:07:58  시각ms:240420
17:07:58  IMU시각ms:240420
17:07:58  부팅횟수:378
17:07:58  리셋원인:POWER_ON
17:07:58  GPS복구횟수:0
17:07:58  마지막GPS복구ms:0
17:07:58  위험:0
17:07:58  차량위험:0
17:07:58  차량위험경과ms:-1
17:07:58  RSU위험:0
17:07:58  RSU위험경과ms:-1
17:07:58  GPS유효:1
17:07:58  위도:37.496304
17:07:58  경도:126.955856
17:07:58  속도:0.070
17:07:58  방향:0.0
17:07:58  GPS원시속도:0.144
17:07:58  GPS원시방향유효:1
17:07:58  GPS원시방향:308.3
17:07:58  가속도:6.632,7.068,-0.378
17:07:58  자이로:-1.260,1.145,-2.733
17:07:58  자력계:-46.650,45.450,-49.500
17:07:58  IMU방향유효:0
17:07:58  IMU방향:0.0
17:07:58  방향가속도크기:9.70
17:07:58  방향자이로크기:3.22
17:07:58  방향자세cos:0.7438
17:07:58  자기모델잔차:23.48
17:07:58  자기모델반경:1.528
17:07:58  방향채택:0
17:07:58  방향거부:26740
17:07:58  송신:2245
17:07:58  GPS위성:6
17:07:58  GPS_HDOP:1.23
17:07:58  원시위도:37.496303
17:07:58  원시경도:126.955858
17:07:58  GPS채택:883
17:07:58  GPS이상치거부:0
17:07:58  GPS품질거부:4
17:07:58  GPS재기준:0
17:07:58  RSSI원시:-63
17:07:58  RSSI평활:-65.2
17:07:58  RSSI샘플:3231
17:07:58  RSSI경과ms:63
17:07:58  차량수신:2124
17:07:58  UWB유효:1
17:07:58  UWB보정:1
17:07:58  UWB원시거리:4.990
17:07:58  UWB보정거리:5.213
17:07:58  UWB접근속도:-0.001
17:07:58  UWB오프셋:0.234
17:07:58  UWB경과ms:163
17:07:58  UWB수신:1107
17:07:58  시각ms:240444
17:07:58  IMU시각ms:240444
17:07:58  부팅횟수:378
17:07:58  리셋원인:POWER_ON
17:07:58  GPS복구횟수:0
17:07:58  마지막GPS복구ms:0
17:07:58  위험:0
17:07:58  차량위험:0
17:07:58  차량위험경과ms:-1
17:07:58  RSU위험:0
17:07:58  RSU위험경과ms:-1
17:07:58  GPS유효:1
17:07:58  위도:37.496304
17:07:58  경도:126.955856
17:07:58  속도:0.070
17:07:58  방향:0.0
17:07:58  GPS원시속도:0.144
17:07:58  GPS원시방향유효:1
17:07:58  GPS원시방향:308.3
17:07:58  가속도:6.618,6.977,-0.311
17:07:58  자이로:1.198,-1.198,0.817
17:07:58  자력계:-44.700,46.200,-51.300
17:07:58  IMU방향유효:0
17:07:58  IMU방향:0.0
17:07:58  방향가속도크기:9.62
17:07:58  방향자이로크기:1.88
17:07:58  방향자세cos:0.7486
17:07:58  자기모델잔차:23.48
17:07:58  자기모델반경:1.528
17:07:58  방향채택:0
17:07:58  방향거부:26743
17:07:58  송신:2245
17:07:58  GPS위성:6
17:07:58  GPS_HDOP:1.23
17:07:58  원시위도:37.496303
17:07:58  원시경도:126.955858
17:07:58  GPS채택:883
17:07:58  GPS이상치거부:0
17:07:58  GPS품질거부:4
17:07:58  GPS재기준:0
17:07:58  RSSI원시:-63
17:07:58  RSSI평활:-65.2
17:07:58  RSSI샘플:3231
17:07:58  RSSI경과ms:87
17:07:58  차량수신:2124
17:07:58  UWB유효:1
17:07:58  UWB보정:1
17:07:58  UWB원시거리:4.990
17:07:58  UWB보정거리:5.213
17:07:58  UWB접근속도:-0.001
17:07:58  UWB오프셋:0.234
17:07:58  UWB경과ms:187
17:07:58  UWB수신:1107
17:07:58  시각ms:240479
17:07:58  IMU시각ms:240479
17:07:58  부팅횟수:378
17:07:58  리셋원인:POWER_ON
17:07:58  GPS복구횟수:0
17:07:58  마지막GPS복구ms:0
17:07:58  위험:0
17:07:58  차량위험:0
17:07:58  차량위험경과ms:-1
17:07:58  RSU위험:0
17:07:58  RSU위험경과ms:-1
17:07:58  GPS유효:1
17:07:58  위도:37.496304
17:07:58  경도:126.955856
17:07:58  속도:0.070
17:07:58  방향:0.0
17:07:58  GPS원시속도:0.144
17:07:58  GPS원시방향유효:1
17:07:58  GPS원시방향:308.3
17:07:58  가속도:6.565,7.053,-0.421
17:07:58  자이로:-2.473,-2.115,-2.260
17:07:58  자력계:-46.050,48.300,-50.400
17:07:58  IMU방향유효:0
17:07:58  IMU방향:0.0
17:07:58  방향가속도크기:9.64
17:07:58  방향자이로크기:3.96
17:07:58  방향자세cos:0.7403
17:07:58  자기모델잔차:23.48
17:07:58  자기모델반경:1.528
17:07:58  방향채택:0
17:07:58  방향거부:26746
17:07:58  송신:2246
17:07:58  GPS위성:6
17:07:58  GPS_HDOP:1.23
17:07:58  원시위도:37.496303
17:07:58  원시경도:126.955858
17:07:58  GPS채택:883
17:07:58  GPS이상치거부:0
17:07:58  GPS품질거부:4
17:07:58  GPS재기준:0
17:07:58  RSSI원시:-61
17:07:58  RSSI평활:-64.4
17:07:58  RSSI샘플:3232
17:07:58  RSSI경과ms:30
17:07:58  차량수신:2124
17:07:58  UWB유효:1
17:07:58  UWB보정:1
17:07:58  UWB원시거리:5.010
17:07:58  UWB보정거리:5.217
17:07:58  UWB접근속도:-0.006
17:07:58  UWB오프셋:0.234
17:07:58  UWB경과ms:30
17:07:58  UWB수신:1108
17:07:58  시각ms:240584
17:07:58  IMU시각ms:240584
17:07:58  부팅횟수:378
17:07:58  리셋원인:POWER_ON
17:07:58  GPS복구횟수:0
17:07:58  마지막GPS복구ms:0
17:07:58  위험:0
17:07:58  차량위험:0
17:07:58  차량위험경과ms:-1
17:07:58  RSU위험:0
17:07:58  RSU위험경과ms:-1
17:07:58  GPS유효:1
17:07:58  위도:37.496304
17:07:58  경도:126.955856
17:07:58  속도:0.146
17:07:58  방향:0.0
17:07:58  GPS원시속도:0.288
17:07:58  GPS원시방향유효:1
17:07:58  GPS원시방향:308.3
17:07:58  가속도:6.642,7.053,-0.508
17:07:58  자이로:-0.893,0.412,-2.137
17:07:58  자력계:-45.300,46.050,-49.950
17:07:58  IMU방향유효:0
17:07:58  IMU방향:0.0
17:07:58  방향가속도크기:9.70
17:07:58  방향자이로크기:2.35
17:07:58  방향자세cos:0.7350
17:07:58  자기모델잔차:23.48
17:07:58  자기모델반경:1.528
17:07:58  방향채택:0
17:07:58  방향거부:26758
17:07:58  송신:2247
17:07:58  GPS위성:6
17:07:58  GPS_HDOP:1.23
17:07:58  원시위도:37.496302
17:07:58  원시경도:126.955857
17:07:58  GPS채택:884
17:07:58  GPS이상치거부:0
17:07:58  GPS품질거부:4
17:07:58  GPS재기준:0
17:07:58  RSSI원시:-60
17:07:58  RSSI평활:-63.5
17:07:58  RSSI샘플:3233
17:07:58  RSSI경과ms:26
17:07:58  차량수신:2125
17:07:58  UWB유효:1
17:07:58  UWB보정:1
17:07:58  UWB원시거리:5.010
17:07:58  UWB보정거리:5.217
17:07:58  UWB접근속도:-0.006
17:07:58  UWB오프셋:0.234
17:07:58  UWB경과ms:135
17:07:58  UWB수신:1108
17:07:58  시각ms:240794
17:07:58  IMU시각ms:240794
17:07:58  부팅횟수:378
17:07:58  리셋원인:POWER_ON
17:07:58  GPS복구횟수:0
17:07:58  마지막GPS복구ms:0
17:07:58  위험:0
17:07:58  차량위험:0
17:07:58  차량위험경과ms:-1
17:07:58  RSU위험:0
17:07:58  RSU위험경과ms:-1
17:07:58  GPS유효:1
17:07:58  위도:37.496300
17:07:58  경도:126.955856
17:07:58  속도:0.218
17:07:58  방향:0.0
17:07:58  GPS원시속도:0.350
17:07:58  GPS원시방향유효:1
17:07:58  GPS원시방향:248.8
17:07:58  가속도:6.493,6.986,-0.397
17:07:58  자이로:-0.603,1.031,-0.679
17:07:58  자력계:-45.150,45.900,-50.250
17:07:58  IMU방향유효:0
17:07:58  IMU방향:0.0
17:07:58  방향가속도크기:9.55
17:07:58  방향자이로크기:1.37
17:07:58  방향자세cos:0.7417
17:07:58  자기모델잔차:23.48
17:07:58  자기모델반경:1.528
17:07:58  방향채택:0
17:07:58  방향거부:26782
17:07:58  송신:2249
17:07:58  GPS위성:6
17:07:58  GPS_HDOP:1.23
17:07:58  원시위도:37.496300
17:07:58  원시경도:126.955857
17:07:58  GPS채택:885
17:07:58  GPS이상치거부:0
17:07:58  GPS품질거부:4
17:07:58  GPS재기준:0
17:07:58  RSSI원시:-62
17:07:58  RSSI평활:-63.1
17:07:58  RSSI샘플:3235
17:07:58  RSSI경과ms:20
17:07:58  차량수신:2127
17:07:58  UWB유효:1
17:07:58  UWB보정:1
17:07:58  UWB원시거리:5.010
17:07:58  UWB보정거리:5.217
17:07:58  UWB접근속도:-0.006
17:07:58  UWB오프셋:0.234
17:07:58  UWB경과ms:345
17:07:58  UWB수신:1108
17:07:58  시각ms:240840
17:07:58  IMU시각ms:240840
17:07:58  부팅횟수:378
17:07:58  리셋원인:POWER_ON
17:07:58  GPS복구횟수:0
17:07:58  마지막GPS복구ms:0
17:07:58  위험:0
17:07:58  차량위험:0
17:07:58  차량위험경과ms:-1
17:07:58  RSU위험:0
17:07:58  RSU위험경과ms:-1
17:07:58  GPS유효:1
17:07:58  위도:37.496300
17:07:58  경도:126.955856
17:07:58  속도:0.218
17:07:58  방향:0.0
17:07:58  GPS원시속도:0.350
17:07:58  GPS원시방향유효:1
17:07:58  GPS원시방향:248.8
17:07:58  가속도:6.546,7.087,-0.460
17:07:58  자이로:-1.237,-0.282,-1.458
17:07:58  자력계:-43.800,47.550,-51.900
17:07:58  IMU방향유효:0
17:07:58  IMU방향:0.0
17:07:58  방향가속도크기:9.66
17:07:58  방향자이로크기:1.93
17:07:58  방향자세cos:0.7374
17:07:58  자기모델잔차:23.48
17:07:58  자기모델반경:1.528
17:07:58  방향채택:0
17:07:58  방향거부:26788
17:07:58  송신:2249
17:07:58  GPS위성:6
17:07:58  GPS_HDOP:1.23
17:07:58  원시위도:37.496300
17:07:58  원시경도:126.955857
17:07:58  GPS채택:885
17:07:58  GPS이상치거부:0
17:07:58  GPS품질거부:4
17:07:58  GPS재기준:0
17:07:58  RSSI원시:-62
17:07:58  RSSI평활:-63.1
17:07:58  RSSI샘플:3235
17:07:58  RSSI경과ms:66
17:07:58  차량수신:2127
17:07:58  UWB유효:1
17:07:58  UWB보정:1
17:07:58  UWB원시거리:5.010
17:07:58  UWB보정거리:5.217
17:07:58  UWB접근속도:-0.006
17:07:58  UWB오프셋:0.234
17:07:58  UWB경과ms:391
17:07:58  UWB수신:1108
17:07:59  시각ms:241282
17:07:59  IMU시각ms:241282
17:07:59  부팅횟수:378
17:07:59  리셋원인:POWER_ON
17:07:59  GPS복구횟수:0
17:07:59  마지막GPS복구ms:0
17:07:59  위험:0
17:07:59  차량위험:0
17:07:59  차량위험경과ms:-1
17:07:59  RSU위험:0
17:07:59  RSU위험경과ms:-1
17:07:59  GPS유효:1
17:07:59  위도:37.496300
17:07:59  경도:126.955856
17:07:59  속도:0.196
17:07:59  방향:0.0
17:07:59  GPS원시속도:0.134
17:07:59  GPS원시방향유효:1
17:07:59  GPS원시방향:248.8
17:07:59  가속도:6.560,7.053,-0.421
17:07:59  자이로:-1.221,0.992,-3.069
17:07:59  자력계:-45.750,47.550,-51.150
17:07:59  IMU방향유효:0
17:07:59  IMU방향:0.0
17:07:59  방향가속도크기:9.64
17:07:59  방향자이로크기:3.45
17:07:59  방향자세cos:0.7403
17:07:59  자기모델잔차:23.48
17:07:59  자기모델반경:1.528
17:07:59  방향채택:0
17:07:59  방향거부:26839
17:07:59  송신:2253
17:07:59  GPS위성:6
17:07:59  GPS_HDOP:1.23
17:07:59  원시위도:37.496301
17:07:59  원시경도:126.955857
17:07:59  GPS채택:887
17:07:59  GPS이상치거부:0
17:07:59  GPS품질거부:4
17:07:59  GPS재기준:0
17:07:59  RSSI원시:-60
17:07:59  RSSI평활:-61.1
17:07:59  RSSI샘플:3242
17:07:59  RSSI경과ms:32
17:07:59  차량수신:2131
17:07:59  UWB유효:1
17:07:59  UWB보정:1
17:07:59  UWB원시거리:4.990
17:07:59  UWB보정거리:5.223
17:07:59  UWB접근속도:-0.006
17:07:59  UWB오프셋:0.234
17:07:59  UWB경과ms:32
17:07:59  UWB수신:1111
17:07:59  시각ms:241341
17:07:59  IMU시각ms:241341
17:07:59  부팅횟수:378
17:07:59  리셋원인:POWER_ON
17:07:59  GPS복구횟수:0
17:07:59  마지막GPS복구ms:0
17:07:59  위험:0
17:07:59  차량위험:0
17:07:59  차량위험경과ms:-1
17:07:59  RSU위험:0
17:07:59  RSU위험경과ms:-1
17:07:59  GPS유효:1
17:07:59  위도:37.496300
17:07:59  경도:126.955856
17:07:59  속도:0.196
17:07:59  방향:0.0
17:07:59  GPS원시속도:0.134
17:07:59  GPS원시방향유효:1
17:07:59  GPS원시방향:248.8
17:07:59  가속도:6.512,7.025,-0.441
17:07:59  자이로:-2.863,1.038,-1.191
17:07:59  자력계:-45.450,46.950,-51.000
17:07:59  IMU방향유효:0
17:07:59  IMU방향:0.0
17:07:59  방향가속도크기:9.59
17:07:59  방향자이로크기:3.27
17:07:59  방향자세cos:0.7387
17:07:59  자기모델잔차:23.48
17:07:59  자기모델반경:1.528
17:07:59  방향채택:0
17:07:59  방향거부:26845
17:07:59  송신:2254
17:07:59  GPS위성:6
17:07:59  GPS_HDOP:1.23
17:07:59  원시위도:37.496301
17:07:59  원시경도:126.955857
17:07:59  GPS채택:887
17:07:59  GPS이상치거부:0
17:07:59  GPS품질거부:4
17:07:59  GPS재기준:0
17:07:59  RSSI원시:-60
17:07:59  RSSI평활:-60.9
17:07:59  RSSI샘플:3243
17:07:59  RSSI경과ms:47
17:07:59  차량수신:2132
17:07:59  UWB유효:1
17:07:59  UWB보정:1
17:07:59  UWB원시거리:4.990
17:07:59  UWB보정거리:5.223
17:07:59  UWB접근속도:-0.006
17:07:59  UWB오프셋:0.234
17:07:59  UWB경과ms:91
17:07:59  UWB수신:1111
17:07:59  시각ms:241487
17:07:59  IMU시각ms:241487
17:07:59  부팅횟수:378
17:07:59  리셋원인:POWER_ON
17:07:59  GPS복구횟수:0
17:07:59  마지막GPS복구ms:0
17:07:59  위험:0
17:07:59  차량위험:0
17:07:59  차량위험경과ms:-1
17:07:59  RSU위험:0
17:07:59  RSU위험경과ms:-1
17:07:59  GPS유효:1
17:07:59  위도:37.496300
17:07:59  경도:126.955856
17:07:59  속도:0.174
17:07:59  방향:0.0
17:07:59  GPS원시속도:0.134
17:07:59  GPS원시방향유효:1
17:07:59  GPS원시방향:248.8
17:07:59  가속도:6.493,7.058,-0.431
17:07:59  자이로:-0.626,1.519,-0.412
17:07:59  자력계:-46.650,46.650,-51.600
17:07:59  IMU방향유효:0
17:07:59  IMU방향:0.0
17:07:59  방향가속도크기:9.60
17:07:59  방향자이로크기:1.69
17:07:59  방향자세cos:0.7391
17:07:59  자기모델잔차:23.48
17:07:59  자기모델반경:1.528
17:07:59  방향채택:0
17:07:59  방향거부:26862
17:07:59  송신:2255
17:07:59  GPS위성:6
17:07:59  GPS_HDOP:1.23
17:07:59  원시위도:37.496302
17:07:59  원시경도:126.955856
17:07:59  GPS채택:888
17:07:59  GPS이상치거부:0
17:07:59  GPS품질거부:4
17:07:59  GPS재기준:0
17:07:59  RSSI원시:-60
17:07:59  RSSI평활:-60.7
17:07:59  RSSI샘플:3245
17:07:59  RSSI경과ms:25
17:07:59  차량수신:2133
17:07:59  UWB유효:1
17:07:59  UWB보정:1
17:07:59  UWB원시거리:4.990
17:07:59  UWB보정거리:5.223
17:07:59  UWB접근속도:-0.005
17:07:59  UWB오프셋:0.234
17:07:59  UWB경과ms:25
17:07:59  UWB수신:1112
17:07:59  시각ms:242013
17:07:59  IMU시각ms:242013
17:07:59  부팅횟수:378
17:07:59  리셋원인:POWER_ON
17:08:00  GPS복구횟수:0
17:08:00  마지막GPS복구ms:0
17:08:00  위험:0
17:08:00  차량위험:0
17:08:00  차량위험경과ms:-1
17:08:00  RSU위험:0
17:08:00  RSU위험경과ms:-1
17:08:00  GPS유효:1
17:08:00  위도:37.496304
17:08:00  경도:126.955856
17:08:00  속도:0.073
17:08:00  방향:0.0
17:08:00  GPS원시속도:0.005
17:08:00  GPS원시방향유효:1
17:08:00  GPS원시방향:248.8
17:08:00  가속도:6.608,7.034,-0.512
17:08:00  자이로:-0.076,-1.008,-0.053
17:08:00  자력계:-46.650,48.600,-50.550
17:08:00  IMU방향유효:0
17:08:00  IMU방향:0.0
17:08:00  방향가속도크기:9.66
17:08:00  방향자이로크기:1.01
17:08:00  방향자세cos:0.7344
17:08:00  자기모델잔차:23.48
17:08:00  자기모델반경:1.528
17:08:00  방향채택:0
17:08:00  방향거부:26922
17:08:00  송신:2260
17:08:00  GPS위성:6
17:08:00  GPS_HDOP:1.23
17:08:00  원시위도:37.496304
17:08:00  원시경도:126.955855
17:08:00  GPS채택:891
17:08:00  GPS이상치거부:0
17:08:00  GPS품질거부:4
17:08:00  GPS재기준:0
17:08:00  RSSI원시:-61
17:08:00  RSSI평활:-60.5
17:08:00  RSSI샘플:3251
17:08:00  RSSI경과ms:99
17:08:00  차량수신:2137
17:08:00  UWB유효:1
17:08:00  UWB보정:1
17:08:00  UWB원시거리:5.000
17:08:00  UWB보정거리:5.224
17:08:00  UWB접근속도:-0.003
17:08:00  UWB오프셋:0.234
17:08:00  UWB경과ms:162
17:08:00  UWB수신:1114
17:08:00  시각ms:242118
17:08:00  IMU시각ms:242118
17:08:00  부팅횟수:378
17:08:00  리셋원인:POWER_ON
17:08:00  GPS복구횟수:0
17:08:00  마지막GPS복구ms:0
17:08:00  위험:0
17:08:00  차량위험:0
17:08:00  차량위험경과ms:-1
17:08:00  RSU위험:0
17:08:00  RSU위험경과ms:-1
17:08:00  GPS유효:1
17:08:00  위도:37.496304
17:08:00  경도:126.955856
17:08:00  속도:0.073
17:08:00  방향:0.0
17:08:00  GPS원시속도:0.005
17:08:00  GPS원시방향유효:1
17:08:00  GPS원시방향:248.8
17:08:00  가속도:6.627,7.001,-0.426
17:08:00  자이로:-1.519,-0.809,-2.038
17:08:00  자력계:-45.750,47.250,-51.900
17:08:00  IMU방향유효:0
17:08:00  IMU방향:0.0
17:08:00  방향가속도크기:9.65
17:08:00  방향자이로크기:2.67
17:08:00  방향자세cos:0.7407
17:08:00  자기모델잔차:23.48
17:08:00  자기모델반경:1.528
17:08:00  방향채택:0
17:08:00  방향거부:26934
17:08:00  송신:2261
17:08:00  GPS위성:6
17:08:00  GPS_HDOP:1.23
17:08:00  원시위도:37.496304
17:08:00  원시경도:126.955855
17:08:00  GPS채택:891
17:08:00  GPS이상치거부:0
17:08:00  GPS품질거부:4
17:08:00  GPS재기준:0
17:08:00  RSSI원시:-60
17:08:00  RSSI평활:-60.3
17:08:00  RSSI샘플:3253
17:08:00  RSSI경과ms:64
17:08:00  차량수신:2138
17:08:00  UWB유효:1
17:08:00  UWB보정:1
17:08:00  UWB원시거리:5.000
17:08:00  UWB보정거리:5.224
17:08:00  UWB접근속도:-0.002
17:08:00  UWB오프셋:0.234
17:08:00  UWB경과ms:64
17:08:00  UWB수신:1115
17:08:00  시각ms:242225
17:08:00  IMU시각ms:242225
17:08:00  부팅횟수:378
17:08:00  리셋원인:POWER_ON
17:08:00  GPS복구횟수:0
17:08:00  마지막GPS복구ms:0
17:08:00  위험:0
17:08:00  차량위험:0
17:08:00  차량위험경과ms:-1
17:08:00  RSU위험:0
17:08:00  RSU위험경과ms:-1
17:08:00  GPS유효:1
17:08:00  위도:37.496304
17:08:00  경도:126.955856
17:08:00  속도:0.053
17:08:00  방향:0.0
17:08:00  GPS원시속도:0.015
17:08:00  GPS원시방향유효:1
17:08:00  GPS원시방향:248.8
17:08:00  가속도:6.546,7.044,-0.220
17:08:00  자이로:-0.221,-2.061,-0.496
17:08:00  자력계:-46.950,47.400,-50.550
17:08:00  IMU방향유효:0
17:08:00  IMU방향:0.0
17:08:00  방향가속도크기:9.62
17:08:00  방향자이로크기:2.13
17:08:00  방향자세cos:0.7540
17:08:00  자기모델잔차:23.48
17:08:00  자기모델반경:1.528
17:08:00  방향채택:0
17:08:00  방향거부:26946
17:08:00  송신:2262
17:08:00  GPS위성:6
17:08:00  GPS_HDOP:1.23
17:08:00  원시위도:37.496304
17:08:00  원시경도:126.955855
17:08:00  GPS채택:892
17:08:00  GPS이상치거부:0
17:08:00  GPS품질거부:4
17:08:00  GPS재기준:0
17:08:00  RSSI원시:-60
17:08:00  RSSI평활:-60.2
17:08:00  RSSI샘플:3254
17:08:00  RSSI경과ms:97
17:08:00  차량수신:2139
17:08:00  UWB유효:1
17:08:00  UWB보정:1
17:08:00  UWB원시거리:5.000
17:08:00  UWB보정거리:5.224
17:08:00  UWB접근속도:-0.002
17:08:00  UWB오프셋:0.234
17:08:00  UWB경과ms:171
17:08:00  UWB수신:1115
17:08:00  시각ms:242383
17:08:00  IMU시각ms:242383
17:08:00  부팅횟수:378
17:08:00  리셋원인:POWER_ON
17:08:00  GPS복구횟수:0
17:08:00  마지막GPS복구ms:0
17:08:00  위험:0
17:08:00  차량위험:0
17:08:00  차량위험경과ms:-1
17:08:00  RSU위험:0
17:08:00  RSU위험경과ms:-1
17:08:00  GPS유효:1
17:08:00  위도:37.496304
17:08:00  경도:126.955856
17:08:00  속도:0.052
17:08:00  방향:0.0
17:08:00  GPS원시속도:0.051
17:08:00  GPS원시방향유효:1
17:08:00  GPS원시방향:248.8
17:08:00  가속도:6.718,7.025,-0.426
17:08:00  자이로:-0.534,0.748,-3.496
17:08:00  자력계:-45.000,46.800,-50.700
17:08:00  IMU방향유효:0
17:08:00  IMU방향:0.0
17:08:00  방향가속도크기:9.73
17:08:00  방향자이로크기:3.62
17:08:00  방향자세cos:0.7413
17:08:00  자기모델잔차:23.48
17:08:00  자기모델반경:1.528
17:08:00  방향채택:0
17:08:00  방향거부:26963
17:08:00  송신:2264
17:08:00  GPS위성:6
17:08:00  GPS_HDOP:1.23
17:08:00  원시위도:37.496304
17:08:00  원시경도:126.955854
17:08:00  GPS채택:893
17:08:00  GPS이상치거부:0
17:08:00  GPS품질거부:4
17:08:00  GPS재기준:0
17:08:00  RSSI원시:-61
17:08:00  RSSI평활:-60.5
17:08:00  RSSI샘플:3257
17:08:00  RSSI경과ms:52
17:08:00  차량수신:2141
17:08:00  UWB유효:1
17:08:00  UWB보정:1
17:08:00  UWB원시거리:5.020
17:08:00  UWB보정거리:5.228
17:08:00  UWB접근속도:-0.007
17:08:00  UWB오프셋:0.234
17:08:00  UWB경과ms:134
17:08:00  UWB수신:1116
17:08:00  시각ms:242406
17:08:00  IMU시각ms:242406
17:08:00  부팅횟수:378
17:08:00  리셋원인:POWER_ON
17:08:00  GPS복구횟수:0
17:08:00  마지막GPS복구ms:0
17:08:00  위험:0
17:08:00  차량위험:0
17:08:00  차량위험경과ms:-1
17:08:00  RSU위험:0
17:08:00  RSU위험경과ms:-1
17:08:00  GPS유효:1
17:08:00  위도:37.496304
17:08:00  경도:126.955856
17:08:00  속도:0.052
17:08:00  방향:0.0
17:08:00  GPS원시속도:0.051
17:08:00  GPS원시방향유효:1
17:08:00  GPS원시방향:248.8
17:08:00  가속도:6.622,7.125,-0.397
17:08:00  자이로:0.519,-2.038,0.328
17:08:00  자력계:-45.300,48.750,-51.150
17:08:00  IMU방향유효:0
17:08:00  IMU방향:0.0
17:08:00  방향가속도크기:9.74
17:08:00  방향자이로크기:2.13
17:08:00  방향자세cos:0.7422
17:08:00  자기모델잔차:23.48
17:08:00  자기모델반경:1.528
17:08:00  방향채택:0
17:08:00  방향거부:26966
17:08:00  송신:2264
17:08:00  GPS위성:6
17:08:00  GPS_HDOP:1.23
17:08:00  원시위도:37.496304
17:08:00  원시경도:126.955854
17:08:00  GPS채택:893
17:08:00  GPS이상치거부:0
17:08:00  GPS품질거부:4
17:08:00  GPS재기준:0
17:08:00  RSSI원시:-61
17:08:00  RSSI평활:-60.5
17:08:00  RSSI샘플:3257
17:08:00  RSSI경과ms:75
17:08:00  차량수신:2141
17:08:00  UWB유효:1
17:08:00  UWB보정:1
17:08:00  UWB원시거리:5.020
17:08:00  UWB보정거리:5.228
17:08:00  UWB접근속도:-0.007
17:08:00  UWB오프셋:0.234
17:08:00  UWB경과ms:157
17:08:00  UWB수신:1116
17:08:00  시각ms:242429
17:08:00  IMU시각ms:242429
17:08:00  부팅횟수:378
17:08:00  리셋원인:POWER_ON
17:08:00  GPS복구횟수:0
17:08:00  마지막GPS복구ms:0
17:08:00  위험:0
17:08:00  차량위험:0
17:08:00  차량위험경과ms:-1
17:08:00  RSU위험:0
17:08:00  RSU위험경과ms:-1
17:08:00  GPS유효:1
17:08:00  위도:37.496304
17:08:00  경도:126.955856
17:08:00  속도:0.052
17:08:00  방향:0.0
17:08:00  GPS원시속도:0.051
17:08:00  GPS원시방향유효:1
17:08:00  GPS원시방향:248.8
17:08:00  가속도:6.656,6.986,-0.464
17:08:00  자이로:-0.145,-0.473,1.122
17:08:00  자력계:-44.550,47.250,-49.350
17:08:00  IMU방향유효:0
17:08:00  IMU방향:0.0
17:08:00  방향가속도크기:9.66
17:08:00  방향자이로크기:1.23
17:08:00  방향자세cos:0.7383
17:08:00  자기모델잔차:23.48
17:08:00  자기모델반경:1.528
17:08:00  방향채택:0
17:08:00  방향거부:26969
17:08:00  송신:2264
17:08:00  GPS위성:6
17:08:00  GPS_HDOP:1.23
17:08:00  원시위도:37.496304
17:08:00  원시경도:126.955854
17:08:00  GPS채택:893
17:08:00  GPS이상치거부:0
17:08:00  GPS품질거부:4
17:08:00  GPS재기준:0
17:08:00  RSSI원시:-61
17:08:00  RSSI평활:-60.5
17:08:00  RSSI샘플:3257
17:08:00  RSSI경과ms:98
17:08:00  차량수신:2141
17:08:00  UWB유효:1
17:08:00  UWB보정:1
17:08:00  UWB원시거리:5.020
17:08:00  UWB보정거리:5.228
17:08:00  UWB접근속도:-0.007
17:08:00  UWB오프셋:0.234
17:08:00  UWB경과ms:180
17:08:00  UWB수신:1116
17:08:00  시각ms:242487
17:08:00  IMU시각ms:242487
17:08:00  부팅횟수:378
17:08:00  리셋원인:POWER_ON
17:08:00  GPS복구횟수:0
17:08:00  마지막GPS복구ms:0
17:08:00  위험:0
17:08:00  차량위험:0
17:08:00  차량위험경과ms:-1
17:08:00  RSU위험:0
17:08:00  RSU위험경과ms:-1
17:08:00  GPS유효:1
17:08:00  위도:37.496304
17:08:00  경도:126.955856
17:08:00  속도:0.052
17:08:00  방향:0.0
17:08:00  GPS원시속도:0.051
17:08:00  GPS원시방향유효:1
17:08:00  GPS원시방향:248.8
17:08:00  가속도:6.570,7.005,-0.512
17:08:00  자이로:-0.870,-0.710,-0.603
17:08:00  자력계:-45.750,47.550,-51.150
17:08:00  IMU방향유효:0
17:08:00  IMU방향:0.0
17:08:00  방향가속도크기:9.62
17:08:00  방향자이로크기:1.27
17:08:00  방향자세cos:0.7342
17:08:00  자기모델잔차:23.48
17:08:00  자기모델반경:1.528
17:08:00  방향채택:0
17:08:00  방향거부:26975
17:08:00  송신:2265
17:08:00  GPS위성:6
17:08:00  GPS_HDOP:1.23
17:08:00  원시위도:37.496304
17:08:00  원시경도:126.955854
17:08:00  GPS채택:893
17:08:00  GPS이상치거부:0
17:08:00  GPS품질거부:4
17:08:00  GPS재기준:0
17:08:00  RSSI원시:-61
17:08:00  RSSI평활:-60.5
17:08:00  RSSI샘플:3259
17:08:00  RSSI경과ms:13
17:08:00  차량수신:2142
17:08:00  UWB유효:1
17:08:00  UWB보정:1
17:08:00  UWB원시거리:5.020
17:08:00  UWB보정거리:5.230
17:08:00  UWB접근속도:-0.008
17:08:00  UWB오프셋:0.234
17:08:00  UWB경과ms:13
17:08:00  UWB수신:1117
17:08:00  시각ms:242592
17:08:00  IMU시각ms:242592
17:08:00  부팅횟수:378
17:08:00  리셋원인:POWER_ON
17:08:00  GPS복구횟수:0
17:08:00  마지막GPS복구ms:0
17:08:00  위험:0
17:08:00  차량위험:0
17:08:00  차량위험경과ms:-1
17:08:00  RSU위험:0
17:08:00  RSU위험경과ms:-1
17:08:00  GPS유효:1
17:08:00  위도:37.496304
17:08:00  경도:126.955856
17:08:00  속도:0.056
17:08:00  방향:0.0
17:08:00  GPS원시속도:0.062
17:08:00  GPS원시방향유효:1
17:08:00  GPS원시방향:248.8
17:08:00  가속도:6.565,7.120,-0.297
17:08:00  자이로:-0.718,-0.344,0.611
17:08:00  자력계:-44.700,45.900,-51.600
17:08:00  IMU방향유효:0
17:08:00  IMU방향:0.0
17:08:00  방향가속도크기:9.69
17:08:00  방향자이로크기:1.00
17:08:00  방향자세cos:0.7486
17:08:00  자기모델잔차:23.48
17:08:00  자기모델반경:1.528
17:08:00  방향채택:0
17:08:00  방향거부:26987
17:08:00  송신:2266
17:08:00  GPS위성:6
17:08:00  GPS_HDOP:1.23
17:08:00  원시위도:37.496304
17:08:00  원시경도:126.955854
17:08:00  GPS채택:894
17:08:00  GPS이상치거부:0
17:08:00  GPS품질거부:4
17:08:00  GPS재기준:0
17:08:00  RSSI원시:-61
17:08:00  RSSI평활:-60.6
17:08:00  RSSI샘플:3260
17:08:00  RSSI경과ms:52
17:08:00  차량수신:2143
17:08:00  UWB유효:1
17:08:00  UWB보정:1
17:08:00  UWB원시거리:5.020
17:08:00  UWB보정거리:5.230
17:08:00  UWB접근속도:-0.008
17:08:00  UWB오프셋:0.234
17:08:00  UWB경과ms:118
17:08:00  UWB수신:1117
17:08:00  시각ms:242615
17:08:00  IMU시각ms:242615
17:08:00  부팅횟수:378
17:08:00  리셋원인:POWER_ON
17:08:00  GPS복구횟수:0
17:08:00  마지막GPS복구ms:0
17:08:00  위험:0
17:08:00  차량위험:0
17:08:00  차량위험경과ms:-1
17:08:00  RSU위험:0
17:08:00  RSU위험경과ms:-1
17:08:00  GPS유효:1
17:08:00  위도:37.496304
17:08:00  경도:126.955856
17:08:00  속도:0.056
17:08:00  방향:0.0
17:08:00  GPS원시속도:0.062
17:08:00  GPS원시방향유효:1
17:08:00  GPS원시방향:248.8
17:08:00  가속도:6.618,7.125,-0.287
17:08:00  자이로:-1.565,1.237,-0.618
17:08:00  자력계:-46.200,47.850,-52.050
17:08:00  IMU방향유효:0
17:08:00  IMU방향:0.0
17:08:00  방향가속도크기:9.73
17:08:00  방향자이로크기:2.09
17:08:00  방향자세cos:0.7496
17:08:00  자기모델잔차:23.48
17:08:00  자기모델반경:1.528
17:08:00  방향채택:0
17:08:00  방향거부:26990
17:08:00  송신:2266
17:08:00  GPS위성:6
17:08:00  GPS_HDOP:1.23
17:08:00  원시위도:37.496304
17:08:00  원시경도:126.955854
17:08:00  GPS채택:894
17:08:00  GPS이상치거부:0
17:08:00  GPS품질거부:4
17:08:00  GPS재기준:0
17:08:00  RSSI원시:-61
17:08:00  RSSI평활:-60.6
17:08:00  RSSI샘플:3260
17:08:00  RSSI경과ms:75
17:08:00  차량수신:2143
17:08:00  UWB유효:1
17:08:00  UWB보정:1
17:08:00  UWB원시거리:5.020
17:08:00  UWB보정거리:5.230
17:08:00  UWB접근속도:-0.008
17:08:00  UWB오프셋:0.234
17:08:00  UWB경과ms:141
17:08:00  UWB수신:1117
17:08:00  시각ms:242638
17:08:00  IMU시각ms:242638
17:08:00  부팅횟수:378
17:08:00  리셋원인:POWER_ON
17:08:00  GPS복구횟수:0
17:08:00  마지막GPS복구ms:0
17:08:00  위험:0
17:08:00  차량위험:0
17:08:00  차량위험경과ms:-1
17:08:00  RSU위험:0
17:08:00  RSU위험경과ms:-1
17:08:00  GPS유효:1
17:08:00  위도:37.496304
17:08:00  경도:126.955856
17:08:00  속도:0.056
17:08:00  방향:0.0
17:08:00  GPS원시속도:0.062
17:08:00  GPS원시방향유효:1
17:08:00  GPS원시방향:248.8
17:08:00  가속도:6.488,7.173,-0.292
17:08:00  자이로:-0.947,-2.710,1.985
17:08:00  자력계:-45.300,47.250,-50.700
17:08:00  IMU방향유효:0
17:08:00  IMU방향:0.0
17:08:00  방향가속도크기:9.68
17:08:00  방향자이로크기:3.49
17:08:00  방향자세cos:0.7481
17:08:00  자기모델잔차:23.48
17:08:00  자기모델반경:1.528
17:08:00  방향채택:0
17:08:00  방향거부:26993
17:08:00  송신:2266
17:08:00  GPS위성:6
17:08:00  GPS_HDOP:1.23
17:08:00  원시위도:37.496304
17:08:00  원시경도:126.955854
17:08:00  GPS채택:894
17:08:00  GPS이상치거부:0
17:08:00  GPS품질거부:4
17:08:00  GPS재기준:0
17:08:00  RSSI원시:-60
17:08:00  RSSI평활:-60.5
17:08:00  RSSI샘플:3261
17:08:00  RSSI경과ms:6
17:08:00  차량수신:2144
17:08:00  UWB유효:1
17:08:00  UWB보정:1
17:08:00  UWB원시거리:5.020
17:08:00  UWB보정거리:5.230
17:08:00  UWB접근속도:-0.008
17:08:00  UWB오프셋:0.234
17:08:00  UWB경과ms:164
17:08:00  UWB수신:1117
17:08:00  시각ms:242673
17:08:00  IMU시각ms:242673
17:08:00  부팅횟수:378
17:08:00  리셋원인:POWER_ON
17:08:00  GPS복구횟수:0
17:08:00  마지막GPS복구ms:0
17:08:00  위험:0
17:08:00  차량위험:0
17:08:00  차량위험경과ms:-1
17:08:00  RSU위험:0
17:08:00  RSU위험경과ms:-1
17:08:00  GPS유효:1
17:08:00  위도:37.496304
17:08:00  경도:126.955856
17:08:00  속도:0.056
17:08:00  방향:0.0
17:08:00  GPS원시속도:0.062
17:08:00  GPS원시방향유효:1
17:08:00  GPS원시방향:248.8
17:08:00  가속도:6.522,7.135,-0.302
17:08:00  자이로:-1.275,2.573,0.336
17:08:00  자력계:-46.200,46.950,-50.250
17:08:00  IMU방향유효:0
17:08:00  IMU방향:0.0
17:08:00  방향가속도크기:9.67
17:08:00  방향자이로크기:2.89
17:08:00  방향자세cos:0.7479
17:08:00  자기모델잔차:23.48
17:08:00  자기모델반경:1.528
17:08:00  방향채택:0
17:08:00  방향거부:26996
17:08:00  송신:2267
17:08:00  GPS위성:6
17:08:00  GPS_HDOP:1.23
17:08:00  원시위도:37.496304
17:08:00  원시경도:126.955854
17:08:00  GPS채택:894
17:08:00  GPS이상치거부:0
17:08:00  GPS품질거부:4
17:08:00  GPS재기준:0
17:08:00  RSSI원시:-61
17:08:00  RSSI평활:-60.6
17:08:00  RSSI샘플:3262
17:08:00  RSSI경과ms:27
17:08:00  차량수신:2144
17:08:00  UWB유효:1
17:08:00  UWB보정:1
17:08:00  UWB원시거리:5.050
17:08:00  UWB보정거리:5.238
17:08:00  UWB접근속도:-0.019
17:08:00  UWB오프셋:0.234
17:08:00  UWB경과ms:27
17:08:00  UWB수신:1118
17:08:00  시각ms:242742
17:08:00  IMU시각ms:242742
17:08:00  부팅횟수:378
17:08:00  리셋원인:POWER_ON
17:08:00  GPS복구횟수:0
17:08:00  마지막GPS복구ms:0
17:08:00  위험:0
17:08:00  차량위험:0
17:08:00  차량위험경과ms:-1
17:08:00  RSU위험:0
17:08:00  RSU위험경과ms:-1
17:08:00  GPS유효:1
17:08:00  위도:37.496304
17:08:00  경도:126.955856
17:08:00  속도:0.056
17:08:00  방향:0.0
17:08:00  GPS원시속도:0.062
17:08:00  GPS원시방향유효:1
17:08:00  GPS원시방향:248.8
17:08:00  가속도:6.579,7.068,-0.450
17:08:00  자이로:-1.931,-1.542,-1.634
17:08:00  자력계:-45.300,46.050,-51.900
17:08:00  IMU방향유효:0
17:08:00  IMU방향:0.0
17:08:00  방향가속도크기:9.67
17:08:00  방향자이로크기:2.96
17:08:00  방향자세cos:0.7384
17:08:00  자기모델잔차:23.48
17:08:00  자기모델반경:1.528
17:08:00  방향채택:0
17:08:00  방향거부:27005
17:08:00  송신:2267
17:08:00  GPS위성:6
17:08:00  GPS_HDOP:1.23
17:08:00  원시위도:37.496304
17:08:00  원시경도:126.955854
17:08:00  GPS채택:894
17:08:00  GPS이상치거부:0
17:08:00  GPS품질거부:4
17:08:00  GPS재기준:0
17:08:00  RSSI원시:-61
17:08:00  RSSI평활:-60.7
17:08:00  RSSI샘플:3263
17:08:00  RSSI경과ms:2
17:08:00  차량수신:2145
17:08:00  UWB유효:1
17:08:00  UWB보정:1
17:08:00  UWB원시거리:5.050
17:08:00  UWB보정거리:5.238
17:08:00  UWB접근속도:-0.019
17:08:00  UWB오프셋:0.234
17:08:00  UWB경과ms:96
17:08:00  UWB수신:1118
17:08:00  시각ms:242801
17:08:00  IMU시각ms:242801
17:08:00  부팅횟수:378
17:08:00  리셋원인:POWER_ON
17:08:00  GPS복구횟수:0
17:08:00  마지막GPS복구ms:0
17:08:00  위험:0
17:08:00  차량위험:0
17:08:00  차량위험경과ms:-1
17:08:00  RSU위험:0
17:08:00  RSU위험경과ms:-1
17:08:00  GPS유효:1
17:08:00  위도:37.496304
17:08:00  경도:126.955856
17:08:00  속도:0.065
17:08:00  방향:0.0
17:08:00  GPS원시속도:0.082
17:08:00  GPS원시방향유효:1
17:08:00  GPS원시방향:248.8
17:08:00  가속도:6.632,6.953,-0.455
17:08:00  자이로:-0.305,-0.008,-0.321
17:08:00  자력계:-45.450,47.400,-51.300
17:08:00  IMU방향유효:0
17:08:00  IMU방향:0.0
17:08:00  방향가속도크기:9.62
17:08:00  방향자이로크기:0.44
17:08:00  방향자세cos:0.7389
17:08:00  자기모델잔차:23.48
17:08:00  자기모델반경:1.528
17:08:00  방향채택:0
17:08:00  방향거부:27011
17:08:00  송신:2268
17:08:00  GPS위성:6
17:08:00  GPS_HDOP:1.27
17:08:00  원시위도:37.496304
17:08:00  원시경도:126.955854
17:08:00  GPS채택:895
17:08:00  GPS이상치거부:0
17:08:00  GPS품질거부:4
17:08:00  GPS재기준:0
17:08:00  RSSI원시:-61
17:08:00  RSSI평활:-60.7
17:08:00  RSSI샘플:3263
17:08:00  RSSI경과ms:61
17:08:00  차량수신:2145
17:08:00  UWB유효:1
17:08:00  UWB보정:1
17:08:00  UWB원시거리:5.050
17:08:00  UWB보정거리:5.238
17:08:00  UWB접근속도:-0.019
17:08:00  UWB오프셋:0.234
17:08:00  UWB경과ms:155
17:08:00  UWB수신:1118
17:08:00  시각ms:242847
17:08:00  IMU시각ms:242847
17:08:00  부팅횟수:378
17:08:00  리셋원인:POWER_ON
17:08:00  GPS복구횟수:0
17:08:00  마지막GPS복구ms:0
17:08:00  위험:0
17:08:00  차량위험:0
17:08:00  차량위험경과ms:-1
17:08:00  RSU위험:0
17:08:00  RSU위험경과ms:-1
17:08:00  GPS유효:1
17:08:00  위도:37.496304
17:08:00  경도:126.955856
17:08:00  속도:0.065
17:08:00  방향:0.0
17:08:00  GPS원시속도:0.082
17:08:00  GPS원시방향유효:1
17:08:00  GPS원시방향:248.8
17:08:00  가속도:6.603,7.020,-0.464
17:08:00  자이로:-0.427,0.672,1.069
17:08:00  자력계:-45.750,46.500,-51.150
17:08:00  IMU방향유효:0
17:08:00  IMU방향:0.0
17:08:00  방향가속도크기:9.65
17:08:00  방향자이로크기:1.33
17:08:00  방향자세cos:0.7378
17:08:00  자기모델잔차:23.48
17:08:00  자기모델반경:1.528
17:08:00  방향채택:0
17:08:00  방향거부:27017
17:08:00  송신:2268
17:08:00  GPS위성:6
17:08:00  GPS_HDOP:1.27
17:08:00  원시위도:37.496304
17:08:00  원시경도:126.955854
17:08:00  GPS채택:895
17:08:00  GPS이상치거부:0
17:08:00  GPS품질거부:4
17:08:00  GPS재기준:0
17:08:00  RSSI원시:-61
17:08:00  RSSI평활:-60.7
17:08:00  RSSI샘플:3264
17:08:00  RSSI경과ms:4
17:08:00  차량수신:2146
17:08:00  UWB유효:1
17:08:00  UWB보정:1
17:08:00  UWB원시거리:5.050
17:08:00  UWB보정거리:5.238
17:08:00  UWB접근속도:-0.019
17:08:00  UWB오프셋:0.234
17:08:00  UWB경과ms:201
17:08:00  UWB수신:1118
17:08:00  시각ms:242882
17:08:00  IMU시각ms:242882
17:08:00  부팅횟수:378
17:08:00  리셋원인:POWER_ON
17:08:00  GPS복구횟수:0
17:08:00  마지막GPS복구ms:0
17:08:00  위험:0
17:08:00  차량위험:0
17:08:00  차량위험경과ms:-1
17:08:00  RSU위험:0
17:08:00  RSU위험경과ms:-1
17:08:00  GPS유효:1
17:08:00  위도:37.496304
17:08:00  경도:126.955856
17:08:00  속도:0.065
17:08:00  방향:0.0
17:08:00  GPS원시속도:0.082
17:08:00  GPS원시방향유효:1
17:08:00  GPS원시방향:248.8
17:08:00  가속도:6.584,6.981,-0.359
17:08:00  자이로:-0.153,2.641,-2.641
17:08:00  자력계:-46.050,46.050,-50.700
17:08:00  IMU방향유효:0
17:08:00  IMU방향:0.0
17:08:00  방향가속도크기:9.60
17:08:00  방향자이로크기:3.74
17:08:00  방향자세cos:0.7450
17:08:00  자기모델잔차:23.48
17:08:00  자기모델반경:1.528
17:08:00  방향채택:0
17:08:00  방향거부:27020
17:08:00  송신:2269
17:08:00  GPS위성:6
17:08:00  GPS_HDOP:1.27
17:08:00  원시위도:37.496304
17:08:00  원시경도:126.955854
17:08:00  GPS채택:895
17:08:00  GPS이상치거부:0
17:08:00  GPS품질거부:4
17:08:00  GPS재기준:0
17:08:00  RSSI원시:-61
17:08:00  RSSI평활:-60.8
17:08:00  RSSI샘플:3265
17:08:00  RSSI경과ms:21
17:08:00  차량수신:2146
17:08:00  UWB유효:1
17:08:00  UWB보정:1
17:08:00  UWB원시거리:4.980
17:08:00  UWB보정거리:5.244
17:08:00  UWB접근속도:-0.021
17:08:00  UWB오프셋:0.234
17:08:00  UWB경과ms:21
17:08:00  UWB수신:1119
17:08:00  시각ms:242905
17:08:00  IMU시각ms:242905
17:08:00  부팅횟수:378
17:08:00  리셋원인:POWER_ON
17:08:00  GPS복구횟수:0
17:08:00  마지막GPS복구ms:0
17:08:00  위험:0
17:08:00  차량위험:0
17:08:00  차량위험경과ms:-1
17:08:00  RSU위험:0
17:08:00  RSU위험경과ms:-1
17:08:00  GPS유효:1
17:08:00  위도:37.496304
17:08:00  경도:126.955856
17:08:00  속도:0.065
17:08:00  방향:0.0
17:08:00  GPS원시속도:0.082
17:08:00  GPS원시방향유효:1
17:08:00  GPS원시방향:248.8
17:08:00  가속도:6.579,7.015,-0.321
17:08:00  자이로:-3.679,0.191,-0.534
17:08:00  자력계:-44.550,46.800,-49.650
17:08:00  IMU방향유효:0
17:08:00  IMU방향:0.0
17:08:00  방향가속도크기:9.62
17:08:00  방향자이로크기:3.72
17:08:00  방향자세cos:0.7475
17:08:00  자기모델잔차:23.48
17:08:00  자기모델반경:1.528
17:08:00  방향채택:0
17:08:00  방향거부:27023
17:08:00  송신:2269
17:08:00  GPS위성:6
17:08:00  GPS_HDOP:1.27
17:08:00  원시위도:37.496304
17:08:00  원시경도:126.955854
17:08:00  GPS채택:895
17:08:00  GPS이상치거부:0
17:08:00  GPS품질거부:4
17:08:00  GPS재기준:0
17:08:00  RSSI원시:-61
17:08:00  RSSI평활:-60.8
17:08:00  RSSI샘플:3265
17:08:00  RSSI경과ms:44
17:08:00  차량수신:2146
17:08:00  UWB유효:1
17:08:00  UWB보정:1
17:08:00  UWB원시거리:4.980
17:08:00  UWB보정거리:5.244
17:08:00  UWB접근속도:-0.021
17:08:00  UWB오프셋:0.234
17:08:00  UWB경과ms:44
17:08:00  UWB수신:1119
17:08:00  시각ms:242928
17:08:00  IMU시각ms:242928
17:08:00  부팅횟수:378
17:08:00  리셋원인:POWER_ON
17:08:00  GPS복구횟수:0
17:08:00  마지막GPS복구ms:0
17:08:00  위험:0
17:08:00  차량위험:0
17:08:00  차량위험경과ms:-1
17:08:00  RSU위험:0
17:08:00  RSU위험경과ms:-1
17:08:00  GPS유효:1
17:08:00  위도:37.496304
17:08:00  경도:126.955856
17:08:00  속도:0.065
17:08:00  방향:0.0
17:08:00  GPS원시속도:0.082
17:08:00  GPS원시방향유효:1
17:08:00  GPS원시방향:248.8
17:08:00  가속도:6.603,7.020,-0.393
17:08:00  자이로:0.786,1.008,0.534
17:08:00  자력계:-46.200,48.600,-51.000
17:08:00  IMU방향유효:0
17:08:00  IMU방향:0.0
17:08:00  방향가속도크기:9.65
17:08:00  방향자이로크기:1.39
17:08:00  방향자세cos:0.7427
17:08:00  자기모델잔차:23.48
17:08:00  자기모델반경:1.528
17:08:00  방향채택:0
17:08:00  방향거부:27026
17:08:00  송신:2269
17:08:00  GPS위성:6
17:08:00  GPS_HDOP:1.27
17:08:00  원시위도:37.496304
17:08:00  원시경도:126.955854
17:08:00  GPS채택:895
17:08:00  GPS이상치거부:0
17:08:00  GPS품질거부:4
17:08:00  GPS재기준:0
17:08:00  RSSI원시:-61
17:08:00  RSSI평활:-60.8
17:08:00  RSSI샘플:3265
17:08:00  RSSI경과ms:67
17:08:00  차량수신:2146
17:08:00  UWB유효:1
17:08:00  UWB보정:1
17:08:00  UWB원시거리:4.980
17:08:00  UWB보정거리:5.244
17:08:00  UWB접근속도:-0.021
17:08:00  UWB오프셋:0.234
17:08:00  UWB경과ms:67
17:08:00  UWB수신:1119
17:08:01  시각ms:242951
17:08:01  IMU시각ms:242951
17:08:01  부팅횟수:378
17:08:01  리셋원인:POWER_ON
17:08:01  GPS복구횟수:0
17:08:01  마지막GPS복구ms:0
17:08:01  위험:0
17:08:01  차량위험:0
17:08:01  차량위험경과ms:-1
17:08:01  RSU위험:0
17:08:01  RSU위험경과ms:-1
17:08:01  GPS유효:1
17:08:01  위도:37.496304
17:08:01  경도:126.955856
17:08:01  속도:0.065
17:08:01  방향:0.0
17:08:01  GPS원시속도:0.082
17:08:01  GPS원시방향유효:1
17:08:01  GPS원시방향:248.8
17:08:01  가속도:6.493,7.029,-0.302
17:08:01  자이로:-0.237,0.389,2.427
17:08:01  자력계:-45.150,48.150,-49.800
17:08:01  IMU방향유효:0
17:08:01  IMU방향:0.0
17:08:01  방향가속도크기:9.57
17:08:01  방향자이로크기:2.47
17:08:01  방향자세cos:0.7481
17:08:01  자기모델잔차:23.48
17:08:01  자기모델반경:1.528
17:08:01  방향채택:0
17:08:01  방향거부:27029
17:08:01  송신:2269
17:08:01  GPS위성:6
17:08:01  GPS_HDOP:1.27
17:08:01  원시위도:37.496304
17:08:01  원시경도:126.955854
17:08:01  GPS채택:895
17:08:01  GPS이상치거부:0
17:08:01  GPS품질거부:4
17:08:01  GPS재기준:0
17:08:01  RSSI원시:-61
17:08:01  RSSI평활:-60.8
17:08:01  RSSI샘플:3266
17:08:01  RSSI경과ms:8
17:08:01  차량수신:2147
17:08:01  UWB유효:1
17:08:01  UWB보정:1
17:08:01  UWB원시거리:4.980
17:08:01  UWB보정거리:5.244
17:08:01  UWB접근속도:-0.021
17:08:01  UWB오프셋:0.234
17:08:01  UWB경과ms:90
17:08:01  UWB수신:1119
17:08:01  시각ms:242987
17:08:01  IMU시각ms:242987
17:08:01  부팅횟수:378
17:08:01  리셋원인:POWER_ON
17:08:01  GPS복구횟수:0
17:08:01  마지막GPS복구ms:0
17:08:01  위험:0
17:08:01  차량위험:0
17:08:01  차량위험경과ms:-1
17:08:01  RSU위험:0
17:08:01  RSU위험경과ms:-1
17:08:01  GPS유효:1
17:08:01  위도:37.496304
17:08:01  경도:126.955856
17:08:01  속도:0.075
17:08:01  방향:0.0
17:08:01  GPS원시속도:0.093
17:08:01  GPS원시방향유효:1
17:08:01  GPS원시방향:248.8
17:08:01  가속도:6.685,7.068,-0.397
17:08:01  자이로:1.985,-1.275,-0.076
17:08:01  자력계:-45.750,47.550,-51.450
17:08:01  IMU방향유효:0
17:08:01  IMU방향:0.0
17:08:01  방향가속도크기:9.74
17:08:01  방향자이로크기:2.36
17:08:01  방향자세cos:0.7429
17:08:01  자기모델잔차:23.48
17:08:01  자기모델반경:1.528
17:08:01  방향채택:0
17:08:01  방향거부:27032
17:08:01  송신:2270
17:08:01  GPS위성:6
17:08:01  GPS_HDOP:1.27
17:08:01  원시위도:37.496305
17:08:01  원시경도:126.955853
17:08:01  GPS채택:896
17:08:01  GPS이상치거부:0
17:08:01  GPS품질거부:4
17:08:01  GPS재기준:0
17:08:01  RSSI원시:-61
17:08:01  RSSI평활:-60.8
17:08:01  RSSI샘플:3266
17:08:01  RSSI경과ms:44
17:08:01  차량수신:2147
17:08:01  UWB유효:1
17:08:01  UWB보정:1
17:08:01  UWB원시거리:4.980
17:08:01  UWB보정거리:5.244
17:08:01  UWB접근속도:-0.021
17:08:01  UWB오프셋:0.234
17:08:01  UWB경과ms:126
17:08:01  UWB수신:1119
17:08:01  시각ms:243010
17:08:01  IMU시각ms:243010
17:08:01  부팅횟수:378
17:08:01  리셋원인:POWER_ON
17:08:01  GPS복구횟수:0
17:08:01  마지막GPS복구ms:0
17:08:01  위험:0
17:08:01  차량위험:0
17:08:01  차량위험경과ms:-1
17:08:01  RSU위험:0
17:08:01  RSU위험경과ms:-1
17:08:01  GPS유효:1
17:08:01  위도:37.496304
17:08:01  경도:126.955856
17:08:01  속도:0.075
17:08:01  방향:0.0
17:08:01  GPS원시속도:0.093
17:08:01  GPS원시방향유효:1
17:08:01  GPS원시방향:248.8
17:08:01  가속도:6.551,7.010,-0.273
17:08:01  자이로:-2.237,1.260,-0.084
17:08:01  자력계:-45.450,47.400,-51.000
17:08:01  IMU방향유효:0
17:08:01  IMU방향:0.0
17:08:01  방향가속도크기:9.60
17:08:01  방향자이로크기:2.57
17:08:01  방향자세cos:0.7506
17:08:01  자기모델잔차:23.48
17:08:01  자기모델반경:1.528
17:08:01  방향채택:0
17:08:01  방향거부:27035
17:08:01  송신:2270
17:08:01  GPS위성:6
17:08:01  GPS_HDOP:1.27
17:08:01  원시위도:37.496305
17:08:01  원시경도:126.955853
17:08:01  GPS채택:896
17:08:01  GPS이상치거부:0
17:08:01  GPS품질거부:4
17:08:01  GPS재기준:0
17:08:01  RSSI원시:-61
17:08:01  RSSI평활:-60.8
17:08:01  RSSI샘플:3266
17:08:01  RSSI경과ms:67
17:08:01  차량수신:2147
17:08:01  UWB유효:1
17:08:01  UWB보정:1
17:08:01  UWB원시거리:4.980
17:08:01  UWB보정거리:5.244
17:08:01  UWB접근속도:-0.021
17:08:01  UWB오프셋:0.234
17:08:01  UWB경과ms:149
17:08:01  UWB수신:1119
17:08:01  시각ms:243056
17:08:01  IMU시각ms:243056
17:08:01  부팅횟수:378
17:08:01  리셋원인:POWER_ON
17:08:01  GPS복구횟수:0
17:08:01  마지막GPS복구ms:0
17:08:01  위험:0
17:08:01  차량위험:0
17:08:01  차량위험경과ms:-1
17:08:01  RSU위험:0
17:08:01  RSU위험경과ms:-1
17:08:01  GPS유효:1
17:08:01  위도:37.496304
17:08:01  경도:126.955856
17:08:01  속도:0.075
17:08:01  방향:0.0
17:08:01  GPS원시속도:0.093
17:08:01  GPS원시방향유효:1
17:08:01  GPS원시방향:248.8
17:08:01  가속도:6.598,7.005,-0.345
17:08:01  자이로:1.122,-3.015,1.015
17:08:01  자력계:-46.800,48.000,-49.350
17:08:01  IMU방향유효:0
17:08:01  IMU방향:0.0
17:08:01  방향가속도크기:9.63
17:08:01  방향자이로크기:3.37
17:08:01  방향자세cos:0.7461
17:08:01  자기모델잔차:23.48
17:08:01  자기모델반경:1.528
17:08:01  방향채택:0
17:08:01  방향거부:27041
17:08:01  송신:2270
17:08:01  GPS위성:6
17:08:01  GPS_HDOP:1.27
17:08:01  원시위도:37.496305
17:08:01  원시경도:126.955853
17:08:01  GPS채택:896
17:08:01  GPS이상치거부:0
17:08:01  GPS품질거부:4
17:08:01  GPS재기준:0
17:08:01  RSSI원시:-61
17:08:01  RSSI평활:-60.8
17:08:01  RSSI샘플:3266
17:08:01  RSSI경과ms:113
17:08:01  차량수신:2147
17:08:01  UWB유효:1
17:08:01  UWB보정:1
17:08:01  UWB원시거리:4.980
17:08:01  UWB보정거리:5.244
17:08:01  UWB접근속도:-0.021
17:08:01  UWB오프셋:0.234
17:08:01  UWB경과ms:195
17:08:01  UWB수신:1119
17:08:01  시각ms:243091
17:08:01  IMU시각ms:243091
17:08:01  부팅횟수:378
17:08:01  리셋원인:POWER_ON
17:08:01  GPS복구횟수:0
17:08:01  마지막GPS복구ms:0
17:08:01  위험:0
17:08:01  차량위험:0
17:08:01  차량위험경과ms:-1
17:08:01  RSU위험:0
17:08:01  RSU위험경과ms:-1
17:08:01  GPS유효:1
17:08:01  위도:37.496304
17:08:01  경도:126.955856
17:08:01  속도:0.075
17:08:01  방향:0.0
17:08:01  GPS원시속도:0.093
17:08:01  GPS원시방향유효:1
17:08:01  GPS원시방향:248.8
17:08:01  가속도:6.474,7.240,-0.498
17:08:01  자이로:-0.130,1.542,-0.939
17:08:01  자력계:-47.400,47.400,-50.550
17:08:01  IMU방향유효:0
17:08:01  IMU방향:0.0
17:08:01  방향가속도크기:9.73
17:08:01  방향자이로크기:1.81
17:08:01  방향자세cos:0.7336
17:08:01  자기모델잔차:23.48
17:08:01  자기모델반경:1.528
17:08:01  방향채택:0
17:08:01  방향거부:27044
17:08:01  송신:2271
17:08:01  GPS위성:6
17:08:01  GPS_HDOP:1.27
17:08:01  원시위도:37.496305
17:08:01  원시경도:126.955853
17:08:01  GPS채택:896
17:08:01  GPS이상치거부:0
17:08:01  GPS품질거부:4
17:08:01  GPS재기준:0
17:08:01  RSSI원시:-61
17:08:01  RSSI평활:-60.9
17:08:01  RSSI샘플:3268
17:08:01  RSSI경과ms:28
17:08:01  차량수신:2148
17:08:01  UWB유효:1
17:08:01  UWB보정:1
17:08:01  UWB원시거리:5.010
17:08:01  UWB보정거리:5.248
17:08:01  UWB접근속도:-0.020
17:08:01  UWB오프셋:0.234
17:08:01  UWB경과ms:29
17:08:01  UWB수신:1120
17:08:01  시각ms:243300
17:08:01  IMU시각ms:243300
17:08:01  부팅횟수:378
17:08:01  리셋원인:POWER_ON
17:08:01  GPS복구횟수:0
17:08:01  마지막GPS복구ms:0
17:08:01  위험:0
17:08:01  차량위험:0
17:08:01  차량위험경과ms:-1
17:08:01  RSU위험:0
17:08:01  RSU위험경과ms:-1
17:08:01  GPS유효:1
17:08:01  위도:37.496304
17:08:01  경도:126.955856
17:08:01  속도:0.077
17:08:01  방향:0.0
17:08:01  GPS원시속도:0.082
17:08:01  GPS원시방향유효:1
17:08:01  GPS원시방향:248.8
17:08:01  가속도:6.488,7.111,-0.364
17:08:01  자이로:-0.687,-0.313,2.237
17:08:01  자력계:-45.300,47.550,-49.350
17:08:01  IMU방향유효:0
17:08:01  IMU방향:0.0
17:08:01  방향가속도크기:9.63
17:08:01  방향자이로크기:2.36
17:08:01  방향자세cos:0.7435
17:08:01  자기모델잔차:23.48
17:08:01  자기모델반경:1.528
17:08:01  방향채택:0
17:08:01  방향거부:27068
17:08:01  송신:2273
17:08:01  GPS위성:6
17:08:01  GPS_HDOP:1.27
17:08:01  원시위도:37.496305
17:08:01  원시경도:126.955853
17:08:01  GPS채택:897
17:08:01  GPS이상치거부:0
17:08:01  GPS품질거부:4
17:08:01  GPS재기준:0
17:08:01  RSSI원시:-61
17:08:01  RSSI평활:-60.8
17:08:01  RSSI샘플:3270
17:08:01  RSSI경과ms:37
17:08:01  차량수신:2150
17:08:01  UWB유효:1
17:08:01  UWB보정:1
17:08:01  UWB원시거리:5.010
17:08:01  UWB보정거리:5.248
17:08:01  UWB접근속도:-0.020
17:08:01  UWB오프셋:0.234
17:08:01  UWB경과ms:238
17:08:01  UWB수신:1120
17:08:01  시각ms:243324
17:08:01  IMU시각ms:243324
17:08:01  부팅횟수:378
17:08:01  리셋원인:POWER_ON
17:08:01  GPS복구횟수:0
17:08:01  마지막GPS복구ms:0
17:08:01  위험:0
17:08:01  차량위험:0
17:08:01  차량위험경과ms:-1
17:08:01  RSU위험:0
17:08:01  RSU위험경과ms:-1
17:08:01  GPS유효:1
17:08:01  위도:37.496304
17:08:01  경도:126.955856
17:08:01  속도:0.077
17:08:01  방향:0.0
17:08:01  GPS원시속도:0.082
17:08:01  GPS원시방향유효:1
17:08:01  GPS원시방향:248.8
17:08:01  가속도:6.594,6.852,-0.335
17:08:01  자이로:-2.656,-2.092,-0.786
17:08:01  자력계:-45.900,47.850,-51.600
17:08:01  IMU방향유효:0
17:08:01  IMU방향:0.0
17:08:01  방향가속도크기:9.52
17:08:01  방향자이로크기:3.47
17:08:01  방향자세cos:0.7472
17:08:01  자기모델잔차:23.48
17:08:01  자기모델반경:1.528
17:08:01  방향채택:0
17:08:01  방향거부:27071
17:08:01  송신:2273
17:08:01  GPS위성:6
17:08:01  GPS_HDOP:1.27
17:08:01  원시위도:37.496305
17:08:01  원시경도:126.955853
17:08:01  GPS채택:897
17:08:01  GPS이상치거부:0
17:08:01  GPS품질거부:4
17:08:01  GPS재기준:0
17:08:01  RSSI원시:-61
17:08:01  RSSI평활:-60.8
17:08:01  RSSI샘플:3270
17:08:01  RSSI경과ms:61
17:08:01  차량수신:2150
17:08:01  UWB유효:1
17:08:01  UWB보정:1
17:08:01  UWB원시거리:5.010
17:08:01  UWB보정거리:5.248
17:08:01  UWB접근속도:-0.020
17:08:01  UWB오프셋:0.234
17:08:01  UWB경과ms:262
17:08:01  UWB수신:1120
17:08:01  시각ms:243557
17:08:01  IMU시각ms:243557
17:08:01  부팅횟수:378
17:08:01  리셋원인:POWER_ON
17:08:01  GPS복구횟수:0
17:08:01  마지막GPS복구ms:0
17:08:01  위험:0
17:08:01  차량위험:0
17:08:01  차량위험경과ms:-1
17:08:01  RSU위험:0
17:08:01  RSU위험경과ms:-1
17:08:01  GPS유효:1
17:08:01  위도:37.496307
17:08:01  경도:126.955856
17:08:01  속도:0.061
17:08:01  방향:0.0
17:08:01  GPS원시속도:0.031
17:08:01  GPS원시방향유효:1
17:08:01  GPS원시방향:248.8
17:08:01  가속도:6.594,6.981,-0.187
17:08:01  자이로:-0.191,-0.313,0.832
17:08:01  자력계:-45.900,46.950,-51.000
17:08:01  IMU방향유효:0
17:08:01  IMU방향:0.0
17:08:01  방향가속도크기:9.60
17:08:01  방향자이로크기:0.91
17:08:01  방향자세cos:0.7569
17:08:01  자기모델잔차:23.48
17:08:01  자기모델반경:1.528
17:08:01  방향채택:0
17:08:01  방향거부:27098
17:08:01  송신:2275
17:08:01  GPS위성:6
17:08:01  GPS_HDOP:1.27
17:08:01  원시위도:37.496307
17:08:01  원시경도:126.955853
17:08:01  GPS채택:898
17:08:01  GPS이상치거부:0
17:08:01  GPS품질거부:4
17:08:01  GPS재기준:0
17:08:01  RSSI원시:-61
17:08:01  RSSI평활:-60.9
17:08:01  RSSI샘플:3273
17:08:01  RSSI경과ms:81
17:08:01  차량수신:2152
17:08:01  UWB유효:1
17:08:01  UWB보정:1
17:08:01  UWB원시거리:5.010
17:08:01  UWB보정거리:5.248
17:08:01  UWB접근속도:-0.009
17:08:01  UWB오프셋:0.234
17:08:01  UWB경과ms:103
17:08:01  UWB수신:1121
17:08:01  시각ms:243722
17:08:01  IMU시각ms:243722
17:08:01  부팅횟수:378
17:08:01  리셋원인:POWER_ON
17:08:01  GPS복구횟수:0
17:08:01  마지막GPS복구ms:0
17:08:01  위험:0
17:08:01  차량위험:0
17:08:01  차량위험경과ms:-1
17:08:01  RSU위험:0
17:08:01  RSU위험경과ms:-1
17:08:01  GPS유효:1
17:08:01  위도:37.496307
17:08:01  경도:126.955856
17:08:01  속도:0.043
17:08:01  방향:0.0
17:08:01  GPS원시속도:0.010
17:08:01  GPS원시방향유효:1
17:08:01  GPS원시방향:248.8
17:08:01  가속도:6.479,7.020,-0.378
17:08:01  자이로:-0.916,-3.023,-1.198
17:08:01  자력계:-45.750,48.750,-50.400
17:08:01  IMU방향유효:0
17:08:01  IMU방향:0.0
17:08:01  방향가속도크기:9.56
17:08:01  방향자이로크기:3.38
17:08:01  방향자세cos:0.7428
17:08:01  자기모델잔차:23.48
17:08:01  자기모델반경:1.528
17:08:01  방향채택:0
17:08:01  방향거부:27116
17:08:01  송신:2277
17:08:01  GPS위성:6
17:08:01  GPS_HDOP:1.27
17:08:01  원시위도:37.496308
17:08:01  원시경도:126.955853
17:08:01  GPS채택:899
17:08:01  GPS이상치거부:0
17:08:01  GPS품질거부:4
17:08:01  GPS재기준:0
17:08:01  RSSI원시:-61
17:08:01  RSSI평활:-61.1
17:08:01  RSSI샘플:3276
17:08:01  RSSI경과ms:39
17:08:01  차량수신:2154
17:08:01  UWB유효:1
17:08:01  UWB보정:1
17:08:01  UWB원시거리:5.000
17:08:01  UWB보정거리:5.247
17:08:01  UWB접근속도:-0.005
17:08:01  UWB오프셋:0.234
17:08:01  UWB경과ms:70
17:08:01  UWB수신:1122
17:08:01  시각ms:243745
17:08:01  IMU시각ms:243745
17:08:01  부팅횟수:378
17:08:01  리셋원인:POWER_ON
17:08:01  GPS복구횟수:0
17:08:01  마지막GPS복구ms:0
17:08:01  위험:0
17:08:01  차량위험:0
17:08:01  차량위험경과ms:-1
17:08:01  RSU위험:0
17:08:01  RSU위험경과ms:-1
17:08:01  GPS유효:1
17:08:01  위도:37.496307
17:08:01  경도:126.955856
17:08:01  속도:0.043
17:08:01  방향:0.0
17:08:01  GPS원시속도:0.010
17:08:01  GPS원시방향유효:1
17:08:01  GPS원시방향:248.8
17:08:01  가속도:6.359,7.274,-0.464
17:08:01  자이로:-0.031,-0.382,0.542
17:08:01  자력계:-46.500,46.800,-50.400
17:08:01  IMU방향유효:0
17:08:01  IMU방향:0.0
17:08:01  방향가속도크기:9.67
17:08:01  방향자이로크기:0.66
17:08:01  방향자세cos:0.7346
17:08:01  자기모델잔차:23.48
17:08:01  자기모델반경:1.528
17:08:01  방향채택:0
17:08:01  방향거부:27119
17:08:01  송신:2277
17:08:01  GPS위성:6
17:08:01  GPS_HDOP:1.27
17:08:01  원시위도:37.496308
17:08:01  원시경도:126.955853
17:08:01  GPS채택:899
17:08:01  GPS이상치거부:0
17:08:01  GPS품질거부:4
17:08:01  GPS재기준:0
17:08:01  RSSI원시:-61
17:08:01  RSSI평활:-61.1
17:08:01  RSSI샘플:3276
17:08:01  RSSI경과ms:62
17:08:01  차량수신:2154
17:08:01  UWB유효:1
17:08:01  UWB보정:1
17:08:01  UWB원시거리:5.000
17:08:01  UWB보정거리:5.247
17:08:01  UWB접근속도:-0.005
17:08:01  UWB오프셋:0.234
17:08:01  UWB경과ms:93
17:08:01  UWB수신:1122
17:08:01  시각ms:243768
17:08:01  IMU시각ms:243768
17:08:01  부팅횟수:378
17:08:01  리셋원인:POWER_ON
17:08:01  GPS복구횟수:0
17:08:01  마지막GPS복구ms:0
17:08:01  위험:0
17:08:01  차량위험:0
17:08:01  차량위험경과ms:-1
17:08:01  RSU위험:0
17:08:01  RSU위험경과ms:-1
17:08:01  GPS유효:1
17:08:01  위도:37.496307
17:08:01  경도:126.955856
17:08:01  속도:0.032
17:08:01  방향:0.0
17:08:01  GPS원시속도:0.010
17:08:01  GPS원시방향유효:1
17:08:01  GPS원시방향:248.8
17:08:01  가속도:6.445,7.106,-0.373
17:08:01  자이로:-0.351,-0.626,-0.053
17:08:01  자력계:-45.300,48.750,-50.400
17:08:01  IMU방향유효:0
17:08:01  IMU방향:0.0
17:08:01  방향가속도크기:9.60
17:08:01  방향자이로크기:0.72
17:08:01  방향자세cos:0.7425
17:08:01  자기모델잔차:23.48
17:08:01  자기모델반경:1.528
17:08:01  방향채택:0
17:08:01  방향거부:27122
17:08:01  송신:2277
17:08:01  GPS위성:6
17:08:01  GPS_HDOP:1.27
17:08:01  원시위도:37.496309
17:08:01  원시경도:126.955853
17:08:01  GPS채택:900
17:08:01  GPS이상치거부:0
17:08:01  GPS품질거부:4
17:08:01  GPS재기준:0
17:08:01  RSSI원시:-61
17:08:01  RSSI평활:-61.1
17:08:01  RSSI샘플:3276
17:08:01  RSSI경과ms:85
17:08:01  차량수신:2154
17:08:01  UWB유효:1
17:08:01  UWB보정:1
17:08:01  UWB원시거리:5.000
17:08:01  UWB보정거리:5.247
17:08:01  UWB접근속도:-0.005
17:08:01  UWB오프셋:0.234
17:08:01  UWB경과ms:116
17:08:01  UWB수신:1122
17:08:01  시각ms:243828
17:08:01  IMU시각ms:243828
17:08:01  부팅횟수:378
17:08:01  리셋원인:POWER_ON
17:08:01  GPS복구횟수:0
17:08:01  마지막GPS복구ms:0
17:08:01  위험:0
17:08:01  차량위험:0
17:08:01  차량위험경과ms:-1
17:08:01  RSU위험:0
17:08:01  RSU위험경과ms:-1
17:08:01  GPS유효:1
17:08:01  위도:37.496307
17:08:01  경도:126.955856
17:08:01  속도:0.032
17:08:01  방향:0.0
17:08:01  GPS원시속도:0.010
17:08:01  GPS원시방향유효:1
17:08:01  GPS원시방향:248.8
17:08:01  가속도:6.354,7.072,-0.493
17:08:01  자이로:-1.580,-0.534,-2.183
17:08:01  자력계:-47.400,46.650,-49.800
17:08:01  IMU방향유효:0
17:08:01  IMU방향:0.0
17:08:01  방향가속도크기:9.52
17:08:01  방향자이로크기:2.75
17:08:01  방향자세cos:0.7334
17:08:01  자기모델잔차:23.48
17:08:01  자기모델반경:1.528
17:08:01  방향채택:0
17:08:01  방향거부:27128
17:08:01  송신:2278
17:08:01  GPS위성:6
17:08:01  GPS_HDOP:1.27
17:08:01  원시위도:37.496309
17:08:01  원시경도:126.955853
17:08:01  GPS채택:900
17:08:01  GPS이상치거부:0
17:08:01  GPS품질거부:4
17:08:01  GPS재기준:0
17:08:01  RSSI원시:-61
17:08:01  RSSI평활:-61.1
17:08:01  RSSI샘플:3277
17:08:01  RSSI경과ms:38
17:08:01  차량수신:2155
17:08:01  UWB유효:1
17:08:01  UWB보정:1
17:08:01  UWB원시거리:5.000
17:08:01  UWB보정거리:5.247
17:08:01  UWB접근속도:-0.005
17:08:01  UWB오프셋:0.234
17:08:01  UWB경과ms:176
17:08:01  UWB수신:1122
17:08:01  시각ms:243851
17:08:01  IMU시각ms:243851
17:08:01  부팅횟수:378
17:08:01  리셋원인:POWER_ON
17:08:01  GPS복구횟수:0
17:08:01  마지막GPS복구ms:0
17:08:01  위험:0
17:08:01  차량위험:0
17:08:01  차량위험경과ms:-1
17:08:01  RSU위험:0
17:08:01  RSU위험경과ms:-1
17:08:01  GPS유효:1
17:08:01  위도:37.496307
17:08:01  경도:126.955856
17:08:01  속도:0.032
17:08:01  방향:0.0
17:08:01  GPS원시속도:0.010
17:08:01  GPS원시방향유효:1
17:08:01  GPS원시방향:248.8
17:08:01  가속도:6.421,7.226,-0.393
17:08:01  자이로:-0.809,-3.061,0.771
17:08:01  자력계:-45.300,48.750,-49.950
17:08:01  IMU방향유효:0
17:08:01  IMU방향:0.0
17:08:01  방향가속도크기:9.67
17:08:01  방향자이로크기:3.26
17:08:01  방향자세cos:0.7404
17:08:01  자기모델잔차:23.48
17:08:01  자기모델반경:1.528
17:08:01  방향채택:0
17:08:01  방향거부:27131
17:08:01  송신:2278
17:08:01  GPS위성:6
17:08:01  GPS_HDOP:1.27
17:08:01  원시위도:37.496309
17:08:01  원시경도:126.955853
17:08:01  GPS채택:900
17:08:01  GPS이상치거부:0
17:08:01  GPS품질거부:4
17:08:01  GPS재기준:0
17:08:01  RSSI원시:-61
17:08:01  RSSI평활:-61.1
17:08:01  RSSI샘플:3277
17:08:01  RSSI경과ms:61
17:08:01  차량수신:2155
17:08:01  UWB유효:1
17:08:01  UWB보정:1
17:08:01  UWB원시거리:5.000
17:08:01  UWB보정거리:5.247
17:08:01  UWB접근속도:-0.005
17:08:01  UWB오프셋:0.234
17:08:01  UWB경과ms:199
17:08:01  UWB수신:1122
17:08:01  시각ms:243874
17:08:01  IMU시각ms:243874
17:08:01  부팅횟수:378
17:08:01  리셋원인:POWER_ON
17:08:01  GPS복구횟수:0
17:08:01  마지막GPS복구ms:0
17:08:01  위험:0
17:08:01  차량위험:0
17:08:01  차량위험경과ms:-1
17:08:01  RSU위험:0
17:08:01  RSU위험경과ms:-1
17:08:01  GPS유효:1
17:08:01  위도:37.496307
17:08:01  경도:126.955856
17:08:01  속도:0.032
17:08:01  방향:0.0
17:08:01  GPS원시속도:0.010
17:08:01  GPS원시방향유효:1
17:08:01  GPS원시방향:248.8
17:08:01  가속도:6.436,7.197,-0.445
17:08:01  자이로:-1.779,1.069,-1.183
17:08:01  자력계:-45.000,47.250,-52.200
17:08:01  IMU방향유효:0
17:08:01  IMU방향:0.0
17:08:01  방향가속도크기:9.66
17:08:01  방향자이로크기:2.39
17:08:01  방향자세cos:0.7370
17:08:01  자기모델잔차:23.48
17:08:01  자기모델반경:1.528
17:08:01  방향채택:0
17:08:01  방향거부:27134
17:08:01  송신:2278
17:08:01  GPS위성:6
17:08:01  GPS_HDOP:1.27
17:08:01  원시위도:37.496309
17:08:01  원시경도:126.955853
17:08:01  GPS채택:900
17:08:01  GPS이상치거부:0
17:08:01  GPS품질거부:4
17:08:01  GPS재기준:0
17:08:01  RSSI원시:-62
17:08:01  RSSI평활:-61.2
17:08:01  RSSI샘플:3278
17:08:01  RSSI경과ms:20
17:08:01  차량수신:2155
17:08:01  UWB유효:1
17:08:01  UWB보정:1
17:08:01  UWB원시거리:5.010
17:08:01  UWB보정거리:5.246
17:08:01  UWB접근속도:-0.002
17:08:01  UWB오프셋:0.234
17:08:01  UWB경과ms:20
17:08:01  UWB수신:1123
17:08:01  시각ms:243897
17:08:01  IMU시각ms:243897
17:08:01  부팅횟수:378
17:08:01  리셋원인:POWER_ON
17:08:01  GPS복구횟수:0
17:08:01  마지막GPS복구ms:0
17:08:01  위험:0
17:08:01  차량위험:0
17:08:01  차량위험경과ms:-1
17:08:01  RSU위험:0
17:08:01  RSU위험경과ms:-1
17:08:01  GPS유효:1
17:08:01  위도:37.496307
17:08:01  경도:126.955856
17:08:01  속도:0.032
17:08:01  방향:0.0
17:08:01  GPS원시속도:0.010
17:08:01  GPS원시방향유효:1
17:08:01  GPS원시방향:248.8
17:08:01  가속도:6.498,7.144,-0.474
17:08:01  자이로:-0.832,-2.176,-1.069
17:08:01  자력계:-47.400,48.150,-50.550
17:08:01  IMU방향유효:0
17:08:01  IMU방향:0.0
17:08:01  방향가속도크기:9.67
17:08:01  방향자이로크기:2.56
17:08:01  방향자세cos:0.7358
17:08:01  자기모델잔차:23.48
17:08:01  자기모델반경:1.528
17:08:01  방향채택:0
17:08:01  방향거부:27137
17:08:01  송신:2278
17:08:01  GPS위성:6
17:08:01  GPS_HDOP:1.27
17:08:01  원시위도:37.496309
17:08:01  원시경도:126.955853
17:08:01  GPS채택:900
17:08:01  GPS이상치거부:0
17:08:01  GPS품질거부:4
17:08:01  GPS재기준:0
17:08:01  RSSI원시:-62
17:08:01  RSSI평활:-61.4
17:08:01  RSSI샘플:3279
17:08:01  RSSI경과ms:3
17:08:01  차량수신:2156
17:08:01  UWB유효:1
17:08:01  UWB보정:1
17:08:01  UWB원시거리:5.010
17:08:01  UWB보정거리:5.246
17:08:01  UWB접근속도:-0.002
17:08:01  UWB오프셋:0.234
17:08:01  UWB경과ms:43
17:08:01  UWB수신:1123
17:08:01  시각ms:243933
17:08:01  IMU시각ms:243933
17:08:01  부팅횟수:378
17:08:01  리셋원인:POWER_ON
17:08:01  GPS복구횟수:0
17:08:01  마지막GPS복구ms:0
17:08:01  위험:0
17:08:01  차량위험:0
17:08:01  차량위험경과ms:-1
17:08:01  RSU위험:0
17:08:01  RSU위험경과ms:-1
17:08:01  GPS유효:1
17:08:01  위도:37.496307
17:08:01  경도:126.955856
17:08:01  속도:0.032
17:08:01  방향:0.0
17:08:01  GPS원시속도:0.010
17:08:01  GPS원시방향유효:1
17:08:01  GPS원시방향:248.8
17:08:01  가속도:6.474,7.082,-0.302
17:08:01  자이로:-1.122,-1.351,1.031
17:08:01  자력계:-46.200,45.450,-50.550
17:08:01  IMU방향유효:0
17:08:01  IMU방향:0.0
17:08:01  방향가속도크기:9.60
17:08:01  방향자이로크기:2.04
17:08:01  방향자세cos:0.7477
17:08:01  자기모델잔차:23.48
17:08:01  자기모델반경:1.528
17:08:01  방향채택:0
17:08:01  방향거부:27140
17:08:01  송신:2279
17:08:01  GPS위성:6
17:08:01  GPS_HDOP:1.27
17:08:01  원시위도:37.496309
17:08:01  원시경도:126.955853
17:08:01  GPS채택:900
17:08:01  GPS이상치거부:0
17:08:01  GPS품질거부:4
17:08:01  GPS재기준:0
17:08:01  RSSI원시:-62
17:08:01  RSSI평활:-61.4
17:08:01  RSSI샘플:3279
17:08:01  RSSI경과ms:39
17:08:01  차량수신:2156
17:08:01  UWB유효:1
17:08:01  UWB보정:1
17:08:01  UWB원시거리:5.010
17:08:01  UWB보정거리:5.246
17:08:01  UWB접근속도:-0.002
17:08:01  UWB오프셋:0.234
17:08:01  UWB경과ms:79
17:08:01  UWB수신:1123
17:08:01  시각ms:243956
17:08:01  IMU시각ms:243956
17:08:01  부팅횟수:378
17:08:01  리셋원인:POWER_ON
17:08:01  GPS복구횟수:0
17:08:01  마지막GPS복구ms:0
17:08:01  위험:0
17:08:01  차량위험:0
17:08:01  차량위험경과ms:-1
17:08:01  RSU위험:0
17:08:01  RSU위험경과ms:-1
17:08:01  GPS유효:1
17:08:01  위도:37.496307
17:08:01  경도:126.955856
17:08:01  속도:0.032
17:08:01  방향:0.0
17:08:01  GPS원시속도:0.010
17:08:01  GPS원시방향유효:1
17:08:01  GPS원시방향:248.8
17:08:01  가속도:6.498,7.039,-0.335
17:08:01  자이로:-0.672,-0.305,-1.954
17:08:01  자력계:-47.250,48.000,-49.950
17:08:01  IMU방향유효:0
17:08:01  IMU방향:0.0
17:08:01  방향가속도크기:9.59
17:08:01  방향자이로크기:2.09
17:08:01  방향자세cos:0.7458
17:08:01  자기모델잔차:23.48
17:08:01  자기모델반경:1.528
17:08:01  방향채택:0
17:08:01  방향거부:27143
17:08:01  송신:2279
17:08:01  GPS위성:6
17:08:01  GPS_HDOP:1.27
17:08:01  원시위도:37.496309
17:08:01  원시경도:126.955853
17:08:01  GPS채택:900
17:08:01  GPS이상치거부:0
17:08:01  GPS품질거부:4
17:08:01  GPS재기준:0
17:08:01  RSSI원시:-62
17:08:01  RSSI평활:-61.4
17:08:01  RSSI샘플:3279
17:08:01  RSSI경과ms:62
17:08:01  차량수신:2156
17:08:01  UWB유효:1
17:08:01  UWB보정:1
17:08:01  UWB원시거리:5.010
17:08:01  UWB보정거리:5.246
17:08:01  UWB접근속도:-0.002
17:08:01  UWB오프셋:0.234
17:08:01  UWB경과ms:102
17:08:01  UWB수신:1123
17:08:01  시각ms:243979
17:08:01  IMU시각ms:243979
17:08:01  부팅횟수:378
17:08:01  리셋원인:POWER_ON
17:08:01  GPS복구횟수:0
17:08:01  마지막GPS복구ms:0
17:08:01  위험:0
17:08:01  차량위험:0
17:08:01  차량위험경과ms:-1
17:08:01  RSU위험:0
17:08:01  RSU위험경과ms:-1
17:08:01  GPS유효:1
17:08:01  위도:37.496307
17:08:01  경도:126.955856
17:08:01  속도:0.024
17:08:01  방향:0.0
17:08:01  GPS원시속도:0.010
17:08:01  GPS원시방향유효:1
17:08:01  GPS원시방향:248.8
17:08:01  가속도:6.479,7.120,-0.283
17:08:01  자이로:-0.893,0.641,-0.931
17:08:01  자력계:-47.250,48.000,-50.700
17:08:01  IMU방향유효:0
17:08:01  IMU방향:0.0
17:08:01  방향가속도크기:9.63
17:08:01  방향자이로크기:1.44
17:08:01  방향자세cos:0.7489
17:08:01  자기모델잔차:23.48
17:08:01  자기모델반경:1.528
17:08:01  방향채택:0
17:08:01  방향거부:27146
17:08:01  송신:2279
17:08:01  GPS위성:6
17:08:01  GPS_HDOP:1.27
17:08:01  원시위도:37.496309
17:08:01  원시경도:126.955853
17:08:01  GPS채택:901
17:08:01  GPS이상치거부:0
17:08:01  GPS품질거부:4
17:08:01  GPS재기준:0
17:08:01  RSSI원시:-62
17:08:01  RSSI평활:-61.4
17:08:01  RSSI샘플:3279
17:08:01  RSSI경과ms:85
17:08:01  차량수신:2156
17:08:01  UWB유효:1
17:08:01  UWB보정:1
17:08:01  UWB원시거리:5.010
17:08:01  UWB보정거리:5.246
17:08:01  UWB접근속도:-0.002
17:08:01  UWB오프셋:0.234
17:08:01  UWB경과ms:125
17:08:01  UWB수신:1123
17:08:01  시각ms:244002
17:08:01  IMU시각ms:244002
17:08:01  부팅횟수:378
17:08:01  리셋원인:POWER_ON
17:08:01  GPS복구횟수:0
17:08:01  마지막GPS복구ms:0
17:08:01  위험:0
17:08:01  차량위험:0
17:08:01  차량위험경과ms:-1
17:08:01  RSU위험:0
17:08:01  RSU위험경과ms:-1
17:08:01  GPS유효:1
17:08:01  위도:37.496307
17:08:01  경도:126.955856
17:08:01  속도:0.024
17:08:01  방향:0.0
17:08:01  GPS원시속도:0.010
17:08:01  GPS원시방향유효:1
17:08:01  GPS원시방향:248.8
17:08:01  가속도:6.594,7.135,-0.369
17:08:01  자이로:0.145,-0.740,1.084
17:08:01  자력계:-45.450,47.850,-50.550
17:08:01  IMU방향유효:0
17:08:01  IMU방향:0.0
17:08:01  방향가속도크기:9.72
17:08:01  방향자이로크기:1.32
17:08:01  방향자세cos:0.7439
17:08:01  자기모델잔차:23.48
17:08:01  자기모델반경:1.528
17:08:01  방향채택:0
17:08:01  방향거부:27149
17:08:01  송신:2279
17:08:01  GPS위성:6
17:08:01  GPS_HDOP:1.27
17:08:01  원시위도:37.496309
17:08:01  원시경도:126.955853
17:08:01  GPS채택:901
17:08:01  GPS이상치거부:0
17:08:01  GPS품질거부:4
17:08:01  GPS재기준:0
17:08:01  RSSI원시:-62
17:08:01  RSSI평활:-61.5
17:08:01  RSSI샘플:3280
17:08:01  RSSI경과ms:0
17:08:01  차량수신:2157
17:08:01  UWB유효:1
17:08:01  UWB보정:1
17:08:01  UWB원시거리:5.010
17:08:01  UWB보정거리:5.246
17:08:01  UWB접근속도:-0.002
17:08:01  UWB오프셋:0.234
17:08:01  UWB경과ms:148
17:08:01  UWB수신:1123
17:08:01  시각ms:244038
17:08:01  IMU시각ms:244038
17:08:01  부팅횟수:378
17:08:01  리셋원인:POWER_ON
17:08:01  GPS복구횟수:0
17:08:01  마지막GPS복구ms:0
17:08:01  위험:0
17:08:01  차량위험:0
17:08:01  차량위험경과ms:-1
17:08:01  RSU위험:0
17:08:01  RSU위험경과ms:-1
17:08:01  GPS유효:1
17:08:01  위도:37.496307
17:08:01  경도:126.955856
17:08:01  속도:0.024
17:08:01  방향:0.0
17:08:01  GPS원시속도:0.010
17:08:01  GPS원시방향유효:1
17:08:01  GPS원시방향:248.8
17:08:01  가속도:6.536,7.029,-0.321
17:08:01  자이로:-1.481,-0.237,1.107
17:08:01  자력계:-45.750,46.800,-49.950
17:08:01  IMU방향유효:0
17:08:01  IMU방향:0.0
17:08:01  방향가속도크기:9.60
17:08:01  방향자이로크기:1.86
17:08:01  방향자세cos:0.7471
17:08:01  자기모델잔차:23.48
17:08:01  자기모델반경:1.528
17:08:01  방향채택:0
17:08:01  방향거부:27152
17:08:01  송신:2280
17:08:01  GPS위성:6
17:08:01  GPS_HDOP:1.27
17:08:01  원시위도:37.496309
17:08:01  원시경도:126.955853
17:08:01  GPS채택:901
17:08:01  GPS이상치거부:0
17:08:01  GPS품질거부:4
17:08:01  GPS재기준:0
17:08:01  RSSI원시:-62
17:08:01  RSSI평활:-61.5
17:08:01  RSSI샘플:3280
17:08:01  RSSI경과ms:36
17:08:01  차량수신:2157
17:08:01  UWB유효:1
17:08:01  UWB보정:1
17:08:01  UWB원시거리:5.010
17:08:01  UWB보정거리:5.246
17:08:01  UWB접근속도:-0.002
17:08:01  UWB오프셋:0.234
17:08:01  UWB경과ms:184
17:08:01  UWB수신:1123
17:08:02  시각ms:244084
17:08:02  IMU시각ms:244084
17:08:02  부팅횟수:378
17:08:02  리셋원인:POWER_ON
17:08:02  GPS복구횟수:0
17:08:02  마지막GPS복구ms:0
17:08:02  위험:0
17:08:02  차량위험:0
17:08:02  차량위험경과ms:-1
17:08:02  RSU위험:0
17:08:02  RSU위험경과ms:-1
17:08:02  GPS유효:1
17:08:02  위도:37.496307
17:08:02  경도:126.955856
17:08:02  속도:0.024
17:08:02  방향:0.0
17:08:02  GPS원시속도:0.010
17:08:02  GPS원시방향유효:1
17:08:02  GPS원시방향:248.8
17:08:02  가속도:6.651,7.077,-0.287
17:08:02  자이로:-3.725,-1.092,-1.374
17:08:02  자력계:-46.500,48.750,-51.450
17:08:02  IMU방향유효:0
17:08:02  IMU방향:0.0
17:08:02  방향가속도크기:9.72
17:08:02  방향자이로크기:4.12
17:08:02  방향자세cos:0.7501
17:08:02  자기모델잔차:23.48
17:08:02  자기모델반경:1.528
17:08:02  방향채택:0
17:08:02  방향거부:27158
17:08:02  송신:2280
17:08:02  GPS위성:6
17:08:02  GPS_HDOP:1.27
17:08:02  원시위도:37.496309
17:08:02  원시경도:126.955853
17:08:02  GPS채택:901
17:08:02  GPS이상치거부:0
17:08:02  GPS품질거부:4
17:08:02  GPS재기준:0
17:08:02  RSSI원시:-62
17:08:02  RSSI평활:-61.6
17:08:02  RSSI샘플:3281
17:08:02  RSSI경과ms:28
17:08:02  차량수신:2157
17:08:02  UWB유효:1
17:08:02  UWB보정:1
17:08:02  UWB원시거리:5.010
17:08:02  UWB보정거리:5.245
17:08:02  UWB접근속도:-0.001
17:08:02  UWB오프셋:0.234
17:08:02  UWB경과ms:28
17:08:02  UWB수신:1124
17:08:02  시각ms:244213
17:08:02  IMU시각ms:244213
17:08:02  부팅횟수:378
17:08:02  리셋원인:POWER_ON
17:08:02  GPS복구횟수:0
17:08:02  마지막GPS복구ms:0
17:08:02  위험:0
17:08:02  차량위험:0
17:08:02  차량위험경과ms:-1
17:08:02  RSU위험:0
17:08:02  RSU위험경과ms:-1
17:08:02  GPS유효:1
17:08:02  위도:37.496307
17:08:02  경도:126.955856
17:08:02  속도:0.018
17:08:02  방향:0.0
17:08:02  GPS원시속도:0.005
17:08:02  GPS원시방향유효:1
17:08:02  GPS원시방향:248.8
17:08:02  가속도:6.603,7.101,-0.445
17:08:02  자이로:-0.031,-1.084,-1.046
17:08:02  자력계:-45.150,46.950,-50.400
17:08:02  IMU방향유효:0
17:08:02  IMU방향:0.0
17:08:02  방향가속도크기:9.71
17:08:02  방향자이로크기:1.51
17:08:02  방향자세cos:0.7388
17:08:02  자기모델잔차:23.48
17:08:02  자기모델반경:1.528
17:08:02  방향채택:0
17:08:02  방향거부:27173
17:08:02  송신:2281
17:08:02  GPS위성:6
17:08:02  GPS_HDOP:1.27
17:08:02  원시위도:37.496310
17:08:02  원시경도:126.955853
17:08:02  GPS채택:902
17:08:02  GPS이상치거부:0
17:08:02  GPS품질거부:4
17:08:02  GPS재기준:0
17:08:02  RSSI원시:-62
17:08:02  RSSI평활:-61.8
17:08:02  RSSI샘플:3283
17:08:02  RSSI경과ms:14
17:08:02  차량수신:2159
17:08:02  UWB유효:1
17:08:02  UWB보정:1
17:08:02  UWB원시거리:5.010
17:08:02  UWB보정거리:5.245
17:08:02  UWB접근속도:-0.001
17:08:02  UWB오프셋:0.234
17:08:02  UWB경과ms:157
17:08:02  UWB수신:1124
17:08:02  시각ms:244243
17:08:02  IMU시각ms:244243
17:08:02  부팅횟수:378
17:08:02  리셋원인:POWER_ON
17:08:02  GPS복구횟수:0
17:08:02  마지막GPS복구ms:0
17:08:02  위험:0
17:08:02  차량위험:0
17:08:02  차량위험경과ms:-1
17:08:02  RSU위험:0
17:08:02  RSU위험경과ms:-1
17:08:02  GPS유효:1
17:08:02  위도:37.496307
17:08:02  경도:126.955856
17:08:02  속도:0.018
17:08:02  방향:0.0
17:08:02  GPS원시속도:0.005
17:08:02  GPS원시방향유효:1
17:08:02  GPS원시방향:248.8
17:08:02  가속도:6.656,6.958,-0.541
17:08:02  자이로:-2.099,-2.015,-0.611
17:08:02  자력계:-46.950,48.150,-51.000
17:08:02  IMU방향유효:0
17:08:02  IMU방향:0.0
17:08:02  방향가속도크기:9.64
17:08:02  방향자이로크기:2.97
17:08:02  방향자세cos:0.7330
17:08:02  자기모델잔차:23.48
17:08:02  자기모델반경:1.528
17:08:02  방향채택:0
17:08:02  방향거부:27175
17:08:02  송신:2282
17:08:02  GPS위성:6
17:08:02  GPS_HDOP:1.27
17:08:02  원시위도:37.496310
17:08:02  원시경도:126.955853
17:08:02  GPS채택:902
17:08:02  GPS이상치거부:0
17:08:02  GPS품질거부:4
17:08:02  GPS재기준:0
17:08:02  RSSI원시:-62
17:08:02  RSSI평활:-61.8
17:08:02  RSSI샘플:3283
17:08:02  RSSI경과ms:44
17:08:02  차량수신:2159
17:08:02  UWB유효:1
17:08:02  UWB보정:1
17:08:02  UWB원시거리:5.010
17:08:02  UWB보정거리:5.245
17:08:02  UWB접근속도:-0.001
17:08:02  UWB오프셋:0.234
17:08:02  UWB경과ms:187
17:08:02  UWB수신:1124
17:08:02  시각ms:244266
17:08:02  IMU시각ms:244266
17:08:02  부팅횟수:378
17:08:02  리셋원인:POWER_ON
17:08:02  GPS복구횟수:0
17:08:02  마지막GPS복구ms:0
17:08:02  위험:0
17:08:02  차량위험:0
17:08:02  차량위험경과ms:-1
17:08:02  RSU위험:0
17:08:02  RSU위험경과ms:-1
17:08:02  GPS유효:1
17:08:02  위도:37.496307
17:08:02  경도:126.955856
17:08:02  속도:0.018
17:08:02  방향:0.0
17:08:02  GPS원시속도:0.005
17:08:02  GPS원시방향유효:1
17:08:02  GPS원시방향:248.8
17:08:02  가속도:6.656,6.905,-0.498
17:08:02  자이로:-2.656,-4.008,-0.359
17:08:02  자력계:-46.200,46.950,-50.250
17:08:02  IMU방향유효:0
17:08:02  IMU방향:0.0
17:08:02  방향가속도크기:9.60
17:08:02  방향자이로크기:4.82
17:08:02  방향자세cos:0.7361
17:08:02  자기모델잔차:23.48
17:08:02  자기모델반경:1.528
17:08:02  방향채택:0
17:08:02  방향거부:27178
17:08:02  송신:2282
17:08:02  GPS위성:6
17:08:02  GPS_HDOP:1.27
17:08:02  원시위도:37.496310
17:08:02  원시경도:126.955853
17:08:02  GPS채택:902
17:08:02  GPS이상치거부:0
17:08:02  GPS품질거부:4
17:08:02  GPS재기준:0
17:08:02  RSSI원시:-62
17:08:02  RSSI평활:-61.8
17:08:02  RSSI샘플:3284
17:08:02  RSSI경과ms:13
17:08:02  차량수신:2159
17:08:02  UWB유효:1
17:08:02  UWB보정:1
17:08:02  UWB원시거리:5.070
17:08:02  UWB보정거리:5.245
17:08:02  UWB접근속도:0.000
17:08:02  UWB오프셋:0.234
17:08:02  UWB경과ms:13
17:08:02  UWB수신:1125
17:08:02  시각ms:244289
17:08:02  IMU시각ms:244289
17:08:02  부팅횟수:378
17:08:02  리셋원인:POWER_ON
17:08:02  GPS복구횟수:0
17:08:02  마지막GPS복구ms:0
17:08:02  위험:0
17:08:02  차량위험:0
17:08:02  차량위험경과ms:-1
17:08:02  RSU위험:0
17:08:02  RSU위험경과ms:-1
17:08:02  GPS유효:1
17:08:02  위도:37.496307
17:08:02  경도:126.955856
17:08:02  속도:0.018
17:08:02  방향:0.0
17:08:02  GPS원시속도:0.005
17:08:02  GPS원시방향유효:1
17:08:02  GPS원시방향:248.8
17:08:02  가속도:6.536,7.039,-0.283
17:08:02  자이로:-3.939,-3.893,-0.550
17:08:02  자력계:-46.950,47.400,-49.800
17:08:02  IMU방향유효:0
17:08:02  IMU방향:0.0
17:08:02  방향가속도크기:9.61
17:08:02  방향자이로크기:5.57
17:08:02  방향자세cos:0.7497
17:08:02  자기모델잔차:23.48
17:08:02  자기모델반경:1.528
17:08:02  방향채택:0
17:08:02  방향거부:27181
17:08:02  송신:2282
17:08:02  GPS위성:6
17:08:02  GPS_HDOP:1.27
17:08:02  원시위도:37.496310
17:08:02  원시경도:126.955853
17:08:02  GPS채택:902
17:08:02  GPS이상치거부:0
17:08:02  GPS품질거부:4
17:08:02  GPS재기준:0
17:08:02  RSSI원시:-62
17:08:02  RSSI평활:-61.8
17:08:02  RSSI샘플:3284
17:08:02  RSSI경과ms:36
17:08:02  차량수신:2159
17:08:02  UWB유효:1
17:08:02  UWB보정:1
17:08:02  UWB원시거리:5.070
17:08:02  UWB보정거리:5.245
17:08:02  UWB접근속도:0.000
17:08:02  UWB오프셋:0.234
17:08:02  UWB경과ms:36
17:08:02  UWB수신:1125
17:08:02  시각ms:244312
17:08:02  IMU시각ms:244312
17:08:02  부팅횟수:378
17:08:02  리셋원인:POWER_ON
17:08:02  GPS복구횟수:0
17:08:02  마지막GPS복구ms:0
17:08:02  위험:0
17:08:02  차량위험:0
17:08:02  차량위험경과ms:-1
17:08:02  RSU위험:0
17:08:02  RSU위험경과ms:-1
17:08:02  GPS유효:1
17:08:02  위도:37.496307
17:08:02  경도:126.955856
17:08:02  속도:0.018
17:08:02  방향:0.0
17:08:02  GPS원시속도:0.005
17:08:02  GPS원시방향유효:1
17:08:02  GPS원시방향:248.8
17:08:02  가속도:6.579,7.072,-0.397
17:08:02  자이로:-8.099,-3.901,-1.542
17:08:02  자력계:-45.300,46.800,-50.700
17:08:02  IMU방향유효:0
17:08:02  IMU방향:0.0
17:08:02  방향가속도크기:9.67
17:08:02  방향자이로크기:9.12
17:08:02  방향자세cos:0.7420
17:08:02  자기모델잔차:23.48
17:08:02  자기모델반경:1.528
17:08:02  방향채택:0
17:08:02  방향거부:27184
17:08:02  송신:2282
17:08:02  GPS위성:6
17:08:02  GPS_HDOP:1.27
17:08:02  원시위도:37.496310
17:08:02  원시경도:126.955853
17:08:02  GPS채택:902
17:08:02  GPS이상치거부:0
17:08:02  GPS품질거부:4
17:08:02  GPS재기준:0
17:08:02  RSSI원시:-62
17:08:02  RSSI평활:-61.8
17:08:02  RSSI샘플:3284
17:08:02  RSSI경과ms:59
17:08:02  차량수신:2159
17:08:02  UWB유효:1
17:08:02  UWB보정:1
17:08:02  UWB원시거리:5.070
17:08:02  UWB보정거리:5.245
17:08:02  UWB접근속도:0.000
17:08:02  UWB오프셋:0.234
17:08:02  UWB경과ms:59
17:08:02  UWB수신:1125
17:08:02  시각ms:244371
17:08:02  IMU시각ms:244371
17:08:02  부팅횟수:378
17:08:02  리셋원인:POWER_ON
17:08:02  GPS복구횟수:0
17:08:02  마지막GPS복구ms:0
17:08:02  위험:0
17:08:02  차량위험:0
17:08:02  차량위험경과ms:-1
17:08:02  RSU위험:0
17:08:02  RSU위험경과ms:-1
17:08:02  GPS유효:1
17:08:02  위도:37.496311
17:08:02  경도:126.955856
17:08:02  속도:0.019
17:08:02  방향:0.0
17:08:02  GPS원시속도:0.021
17:08:02  GPS원시방향유효:1
17:08:02  GPS원시방향:248.8
17:08:02  가속도:6.479,6.943,-0.235
17:08:02  자이로:-8.664,-4.015,-2.382
17:08:02  자력계:-46.050,47.550,-50.700
17:08:02  IMU방향유효:0
17:08:02  IMU방향:0.0
17:08:02  방향가속도크기:9.50
17:08:02  방향자이로크기:9.84
17:08:02  방향자세cos:0.7530
17:08:02  자기모델잔차:23.48
17:08:02  자기모델반경:1.528
17:08:02  방향채택:0
17:08:02  방향거부:27190
17:08:02  송신:2283
17:08:02  GPS위성:6
17:08:02  GPS_HDOP:1.27
17:08:02  원시위도:37.496310
17:08:02  원시경도:126.955852
17:08:02  GPS채택:903
17:08:02  GPS이상치거부:0
17:08:02  GPS품질거부:4
17:08:02  GPS재기준:0
17:08:02  RSSI원시:-62
17:08:02  RSSI평활:-61.8
17:08:02  RSSI샘플:3285
17:08:02  RSSI경과ms:54
17:08:02  차량수신:2160
17:08:02  UWB유효:1
17:08:02  UWB보정:1
17:08:02  UWB원시거리:5.070
17:08:02  UWB보정거리:5.245
17:08:02  UWB접근속도:0.000
17:08:02  UWB오프셋:0.234
17:08:02  UWB경과ms:118
17:08:02  UWB수신:1125
17:08:02  시각ms:244394
17:08:02  IMU시각ms:244394
17:08:02  부팅횟수:378
17:08:02  리셋원인:POWER_ON
17:08:02  GPS복구횟수:0
17:08:02  마지막GPS복구ms:0
17:08:02  위험:0
17:08:02  차량위험:0
17:08:02  차량위험경과ms:-1
17:08:02  RSU위험:0
17:08:02  RSU위험경과ms:-1
17:08:02  GPS유효:1
17:08:02  위도:37.496311
17:08:02  경도:126.955856
17:08:02  속도:0.019
17:08:02  방향:0.0
17:08:02  GPS원시속도:0.021
17:08:02  GPS원시방향유효:1
17:08:02  GPS원시방향:248.8
17:08:02  가속도:6.503,7.020,-0.158
17:08:02  자이로:-8.168,-7.244,-0.809
17:08:02  자력계:-45.750,47.250,-50.400
17:08:02  IMU방향유효:0
17:08:02  IMU방향:0.0
17:08:02  방향가속도크기:9.57
17:08:02  방향자이로크기:10.95
17:08:02  방향자세cos:0.7580
17:08:02  자기모델잔차:23.48
17:08:02  자기모델반경:1.528
17:08:02  방향채택:0
17:08:02  방향거부:27193
17:08:02  송신:2283
17:08:02  GPS위성:6
17:08:02  GPS_HDOP:1.27
17:08:02  원시위도:37.496310
17:08:02  원시경도:126.955852
17:08:02  GPS채택:903
17:08:02  GPS이상치거부:0
17:08:02  GPS품질거부:4
17:08:02  GPS재기준:0
17:08:02  RSSI원시:-62
17:08:02  RSSI평활:-61.8
17:08:02  RSSI샘플:3285
17:08:02  RSSI경과ms:77
17:08:02  차량수신:2160
17:08:02  UWB유효:1
17:08:02  UWB보정:1
17:08:02  UWB원시거리:5.070
17:08:02  UWB보정거리:5.245
17:08:02  UWB접근속도:0.000
17:08:02  UWB오프셋:0.234
17:08:02  UWB경과ms:141
17:08:02  UWB수신:1125
17:08:02  시각ms:244417
17:08:02  IMU시각ms:244417
17:08:02  부팅횟수:378
17:08:02  리셋원인:POWER_ON
17:08:02  GPS복구횟수:0
17:08:02  마지막GPS복구ms:0
17:08:02  위험:0
17:08:02  차량위험:0
17:08:02  차량위험경과ms:-1
17:08:02  RSU위험:0
17:08:02  RSU위험경과ms:-1
17:08:02  GPS유효:1
17:08:02  위도:37.496311
17:08:02  경도:126.955856
17:08:02  속도:0.019
17:08:02  방향:0.0
17:08:02  GPS원시속도:0.021
17:08:02  GPS원시방향유효:1
17:08:02  GPS원시방향:248.8
17:08:02  가속도:6.412,7.101,-0.330
17:08:02  자이로:-8.695,-6.206,-1.221
17:08:02  자력계:-46.050,48.000,-49.650
17:08:02  IMU방향유효:0
17:08:02  IMU방향:0.0
17:08:02  방향가속도크기:9.57
17:08:02  방향자이로크기:10.75
17:08:02  방향자세cos:0.7452
17:08:02  자기모델잔차:23.48
17:08:02  자기모델반경:1.528
17:08:02  방향채택:0
17:08:02  방향거부:27196
17:08:02  송신:2283
17:08:02  GPS위성:6
17:08:02  GPS_HDOP:1.27
17:08:02  원시위도:37.496310
17:08:02  원시경도:126.955852
17:08:02  GPS채택:903
17:08:02  GPS이상치거부:0
17:08:02  GPS품질거부:4
17:08:02  GPS재기준:0
17:08:02  RSSI원시:-63
17:08:02  RSSI평활:-62.1
17:08:02  RSSI샘플:3286
17:08:02  RSSI경과ms:5
17:08:02  차량수신:2161
17:08:02  UWB유효:1
17:08:02  UWB보정:1
17:08:02  UWB원시거리:5.070
17:08:02  UWB보정거리:5.245
17:08:02  UWB접근속도:0.000
17:08:02  UWB오프셋:0.234
17:08:02  UWB경과ms:164
17:08:02  UWB수신:1125
17:08:02  시각ms:244453
17:08:02  IMU시각ms:244452
17:08:02  부팅횟수:378
17:08:02  리셋원인:POWER_ON
17:08:02  GPS복구횟수:0
17:08:02  마지막GPS복구ms:0
17:08:02  위험:0
17:08:02  차량위험:0
17:08:02  차량위험경과ms:-1
17:08:02  RSU위험:0
17:08:02  RSU위험경과ms:-1
17:08:02  GPS유효:1
17:08:02  위도:37.496311
17:08:02  경도:126.955856
17:08:02  속도:0.019
17:08:02  방향:0.0
17:08:02  GPS원시속도:0.021
17:08:02  GPS원시방향유효:1
17:08:02  GPS원시방향:248.8
17:08:02  가속도:6.493,7.077,-0.225
17:08:02  자이로:-5.366,-4.580,-4.275
17:08:02  자력계:-45.300,48.300,-50.400
17:08:02  IMU방향유효:0
17:08:02  IMU방향:0.0
17:08:02  방향가속도크기:9.61
17:08:02  방향자이로크기:8.25
17:08:02  방향자세cos:0.7531
17:08:02  자기모델잔차:23.48
17:08:02  자기모델반경:1.528
17:08:02  방향채택:0
17:08:02  방향거부:27199
17:08:02  송신:2284
17:08:02  GPS위성:6
17:08:02  GPS_HDOP:1.27
17:08:02  원시위도:37.496310
17:08:02  원시경도:126.955852
17:08:02  GPS채택:903
17:08:02  GPS이상치거부:0
17:08:02  GPS품질거부:4
17:08:02  GPS재기준:0
17:08:02  RSSI원시:-63
17:08:02  RSSI평활:-62.3
17:08:02  RSSI샘플:3287
17:08:02  RSSI경과ms:4
17:08:02  차량수신:2161
17:08:02  UWB유효:1
17:08:02  UWB보정:1
17:08:02  UWB원시거리:5.050
17:08:02  UWB보정거리:5.245
17:08:02  UWB접근속도:0.000
17:08:02  UWB오프셋:0.234
17:08:02  UWB경과ms:4
17:08:02  UWB수신:1126
17:08:02  시각ms:244476
17:08:02  IMU시각ms:244476
17:08:02  부팅횟수:378
17:08:02  리셋원인:POWER_ON
17:08:02  GPS복구횟수:0
17:08:02  마지막GPS복구ms:0
17:08:02  위험:0
17:08:02  차량위험:0
17:08:02  차량위험경과ms:-1
17:08:02  RSU위험:0
17:08:02  RSU위험경과ms:-1
17:08:02  GPS유효:1
17:08:02  위도:37.496311
17:08:02  경도:126.955856
17:08:02  속도:0.019
17:08:02  방향:0.0
17:08:02  GPS원시속도:0.021
17:08:02  GPS원시방향유효:1
17:08:02  GPS원시방향:248.8
17:08:02  가속도:6.488,7.068,-0.172
17:08:02  자이로:-2.160,-2.458,-2.328
17:08:02  자력계:-45.150,47.850,-49.050
17:08:02  IMU방향유효:0
17:08:02  IMU방향:0.0
17:08:02  방향가속도크기:9.60
17:08:02  방향자이로크기:4.02
17:08:02  방향자세cos:0.7567
17:08:02  자기모델잔차:23.48
17:08:02  자기모델반경:1.528
17:08:02  방향채택:0
17:08:02  방향거부:27202
17:08:02  송신:2284
17:08:02  GPS위성:6
17:08:02  GPS_HDOP:1.27
17:08:02  원시위도:37.496310
17:08:02  원시경도:126.955852
17:08:02  GPS채택:903
17:08:02  GPS이상치거부:0
17:08:02  GPS품질거부:4
17:08:02  GPS재기준:0
17:08:02  RSSI원시:-63
17:08:02  RSSI평활:-62.3
17:08:02  RSSI샘플:3287
17:08:02  RSSI경과ms:27
17:08:02  차량수신:2161
17:08:02  UWB유효:1
17:08:02  UWB보정:1
17:08:02  UWB원시거리:5.050
17:08:02  UWB보정거리:5.245
17:08:02  UWB접근속도:0.000
17:08:02  UWB오프셋:0.234
17:08:02  UWB경과ms:27
17:08:02  UWB수신:1126
17:08:02  시각ms:244499
17:08:02  IMU시각ms:244499
17:08:02  부팅횟수:378
17:08:02  리셋원인:POWER_ON
17:08:02  GPS복구횟수:0
17:08:02  마지막GPS복구ms:0
17:08:02  위험:0
17:08:02  차량위험:0
17:08:02  차량위험경과ms:-1
17:08:02  RSU위험:0
17:08:02  RSU위험경과ms:-1
17:08:02  GPS유효:1
17:08:02  위도:37.496311
17:08:02  경도:126.955856
17:08:02  속도:0.019
17:08:02  방향:0.0
17:08:02  GPS원시속도:0.021
17:08:02  GPS원시방향유효:1
17:08:02  GPS원시방향:248.8
17:08:02  가속도:6.416,7.053,-0.072
17:08:02  자이로:-1.702,1.084,-1.580
17:08:02  자력계:-44.400,48.600,-49.500
17:08:02  IMU방향유효:0
17:08:02  IMU방향:0.0
17:08:02  방향가속도크기:9.54
17:08:02  방향자이로크기:2.56
17:08:02  방향자세cos:0.7630
17:08:02  자기모델잔차:23.48
17:08:02  자기모델반경:1.528
17:08:02  방향채택:0
17:08:02  방향거부:27205
17:08:02  송신:2284
17:08:02  GPS위성:6
17:08:02  GPS_HDOP:1.27
17:08:02  원시위도:37.496310
17:08:02  원시경도:126.955852
17:08:02  GPS채택:903
17:08:02  GPS이상치거부:0
17:08:02  GPS품질거부:4
17:08:02  GPS재기준:0
17:08:02  RSSI원시:-63
17:08:02  RSSI평활:-62.3
17:08:02  RSSI샘플:3287
17:08:02  RSSI경과ms:50
17:08:02  차량수신:2161
17:08:02  UWB유효:1
17:08:02  UWB보정:1
17:08:02  UWB원시거리:5.050
17:08:02  UWB보정거리:5.245
17:08:02  UWB접근속도:0.000
17:08:02  UWB오프셋:0.234
17:08:02  UWB경과ms:50
17:08:02  UWB수신:1126
17:08:02  시각ms:244522
17:08:02  IMU시각ms:244522
17:08:02  부팅횟수:378
17:08:02  리셋원인:POWER_ON
17:08:02  GPS복구횟수:0
17:08:02  마지막GPS복구ms:0
17:08:02  위험:0
17:08:02  차량위험:0
17:08:02  차량위험경과ms:-1
17:08:02  RSU위험:0
17:08:02  RSU위험경과ms:-1
17:08:02  GPS유효:1
17:08:02  위도:37.496311
17:08:02  경도:126.955856
17:08:02  속도:0.019
17:08:02  방향:0.0
17:08:02  GPS원시속도:0.021
17:08:02  GPS원시방향유효:1
17:08:02  GPS원시방향:248.8
17:08:02  가속도:6.239,7.163,-0.192
17:08:02  자이로:1.275,-2.397,-1.893
17:08:02  자력계:-46.200,48.150,-49.050
17:08:02  IMU방향유효:0
17:08:02  IMU방향:0.0
17:08:02  방향가속도크기:9.50
17:08:02  방향자이로크기:3.31
17:08:02  방향자세cos:0.7528
17:08:02  자기모델잔차:23.48
17:08:02  자기모델반경:1.528
17:08:02  방향채택:0
17:08:02  방향거부:27208
17:08:02  송신:2284
17:08:02  GPS위성:6
17:08:02  GPS_HDOP:1.27
17:08:02  원시위도:37.496310
17:08:02  원시경도:126.955852
17:08:02  GPS채택:903
17:08:02  GPS이상치거부:0
17:08:02  GPS품질거부:4
17:08:02  GPS재기준:0
17:08:02  RSSI원시:-63
17:08:02  RSSI평활:-62.3
17:08:02  RSSI샘플:3287
17:08:02  RSSI경과ms:73
17:08:02  차량수신:2161
17:08:02  UWB유효:1
17:08:02  UWB보정:1
17:08:02  UWB원시거리:5.050
17:08:02  UWB보정거리:5.245
17:08:02  UWB접근속도:0.000
17:08:02  UWB오프셋:0.234
17:08:02  UWB경과ms:73
17:08:02  UWB수신:1126
17:08:02  시각ms:244552
17:08:02  IMU시각ms:244552
17:08:02  부팅횟수:378
17:08:02  리셋원인:POWER_ON
17:08:02  GPS복구횟수:0
17:08:02  마지막GPS복구ms:0
17:08:02  위험:0
17:08:02  차량위험:0
17:08:02  차량위험경과ms:-1
17:08:02  RSU위험:0
17:08:02  RSU위험경과ms:-1
17:08:02  GPS유효:1
17:08:02  위도:37.496311
17:08:02  경도:126.955856
17:08:02  속도:0.019
17:08:02  방향:0.0
17:08:02  GPS원시속도:0.021
17:08:02  GPS원시방향유효:1
17:08:02  GPS원시방향:248.8
17:08:02  가속도:6.436,7.312,-0.043
17:08:02  자이로:-0.863,1.718,-1.466
17:08:02  자력계:-46.050,49.200,-50.700
17:08:02  IMU방향유효:0
17:08:02  IMU방향:0.0
17:08:02  방향가속도크기:9.74
17:08:02  방향자이로크기:2.42
17:08:02  방향자세cos:0.7635
17:08:02  자기모델잔차:23.48
17:08:02  자기모델반경:1.528
17:08:02  방향채택:0
17:08:02  방향거부:27210
17:08:02  송신:2285
17:08:02  GPS위성:6
17:08:02  GPS_HDOP:1.27
17:08:02  원시위도:37.496310
17:08:02  원시경도:126.955852
17:08:02  GPS채택:903
17:08:02  GPS이상치거부:0
17:08:02  GPS품질거부:4
17:08:02  GPS재기준:0
17:08:02  RSSI원시:-62
17:08:02  RSSI평활:-62.2
17:08:02  RSSI샘플:3288
17:08:02  RSSI경과ms:29
17:08:02  차량수신:2162
17:08:02  UWB유효:1
17:08:02  UWB보정:1
17:08:02  UWB원시거리:5.050
17:08:02  UWB보정거리:5.245
17:08:02  UWB접근속도:0.000
17:08:02  UWB오프셋:0.234
17:08:02  UWB경과ms:103
17:08:02  UWB수신:1126
17:08:02  시각ms:244575
17:08:02  IMU시각ms:244575
17:08:02  부팅횟수:378
17:08:02  리셋원인:POWER_ON
17:08:02  GPS복구횟수:0
17:08:02  마지막GPS복구ms:0
17:08:02  위험:0
17:08:02  차량위험:0
17:08:02  차량위험경과ms:-1
17:08:02  RSU위험:0
17:08:02  RSU위험경과ms:-1
17:08:02  GPS유효:1
17:08:02  위도:37.496311
17:08:02  경도:126.955856
17:08:02  속도:0.021
17:08:02  방향:0.0
17:08:02  GPS원시속도:0.026
17:08:02  GPS원시방향유효:1
17:08:02  GPS원시방향:248.8
17:08:02  가속도:6.345,7.240,-0.177
17:08:02  자이로:1.298,-2.885,-2.084
17:08:02  자력계:-46.800,48.000,-48.600
17:08:02  IMU방향유효:0
17:08:02  IMU방향:0.0
17:08:02  방향가속도크기:9.63
17:08:02  방향자이로크기:3.79
17:08:02  방향자세cos:0.7543
17:08:02  자기모델잔차:23.48
17:08:02  자기모델반경:1.528
17:08:02  방향채택:0
17:08:02  방향거부:27213
17:08:02  송신:2285
17:08:02  GPS위성:6
17:08:02  GPS_HDOP:1.27
17:08:02  원시위도:37.496311
17:08:02  원시경도:126.955853
17:08:02  GPS채택:904
17:08:02  GPS이상치거부:0
17:08:02  GPS품질거부:4
17:08:02  GPS재기준:0
17:08:02  RSSI원시:-62
17:08:02  RSSI평활:-62.2
17:08:02  RSSI샘플:3288
17:08:02  RSSI경과ms:52
17:08:02  차량수신:2162
17:08:02  UWB유효:1
17:08:02  UWB보정:1
17:08:02  UWB원시거리:5.050
17:08:02  UWB보정거리:5.245
17:08:02  UWB접근속도:0.000
17:08:02  UWB오프셋:0.234
17:08:02  UWB경과ms:126
17:08:02  UWB수신:1126
17:08:02  시각ms:244599
17:08:02  IMU시각ms:244599
17:08:02  부팅횟수:378
17:08:02  리셋원인:POWER_ON
17:08:02  GPS복구횟수:0
17:08:02  마지막GPS복구ms:0
17:08:02  위험:0
17:08:02  차량위험:0
17:08:02  차량위험경과ms:-1
17:08:02  RSU위험:0
17:08:02  RSU위험경과ms:-1
17:08:02  GPS유효:1
17:08:02  위도:37.496311
17:08:02  경도:126.955856
17:08:02  속도:0.021
17:08:02  방향:0.0
17:08:02  GPS원시속도:0.026
17:08:02  GPS원시방향유효:1
17:08:02  GPS원시방향:248.8
17:08:02  가속도:6.522,7.101,-0.081
17:08:02  자이로:-0.840,-0.977,-0.427
17:08:02  자력계:-45.900,48.900,-49.500
17:08:02  IMU방향유효:0
17:08:02  IMU방향:0.0
17:08:02  방향가속도크기:9.64
17:08:02  방향자이로크기:1.36
17:08:02  방향자세cos:0.7629
17:08:02  자기모델잔차:23.48
17:08:02  자기모델반경:1.528
17:08:02  방향채택:0
17:08:02  방향거부:27216
17:08:02  송신:2285
17:08:02  GPS위성:6
17:08:02  GPS_HDOP:1.27
17:08:02  원시위도:37.496311
17:08:02  원시경도:126.955853
17:08:02  GPS채택:904
17:08:02  GPS이상치거부:0
17:08:02  GPS품질거부:4
17:08:02  GPS재기준:0
17:08:02  RSSI원시:-62
17:08:02  RSSI평활:-62.2
17:08:02  RSSI샘플:3288
17:08:02  RSSI경과ms:76
17:08:02  차량수신:2162
17:08:02  UWB유효:1
17:08:02  UWB보정:1
17:08:02  UWB원시거리:5.050
17:08:02  UWB보정거리:5.245
17:08:02  UWB접근속도:0.000
17:08:02  UWB오프셋:0.234
17:08:02  UWB경과ms:150
17:08:02  UWB수신:1126
17:08:02  시각ms:244622
17:08:02  IMU시각ms:244622
17:08:02  부팅횟수:378
17:08:02  리셋원인:POWER_ON
17:08:02  GPS복구횟수:0
17:08:02  마지막GPS복구ms:0
17:08:02  위험:0
17:08:02  차량위험:0
17:08:02  차량위험경과ms:-1
17:08:02  RSU위험:0
17:08:02  RSU위험경과ms:-1
17:08:02  GPS유효:1
17:08:02  위도:37.496311
17:08:02  경도:126.955856
17:08:02  속도:0.021
17:08:02  방향:0.0
17:08:02  GPS원시속도:0.026
17:08:02  GPS원시방향유효:1
17:08:02  GPS원시방향:248.8
17:08:02  가속도:6.393,7.130,-0.177
17:08:02  자이로:1.725,-0.802,0.511
17:08:02  자력계:-45.900,48.600,-48.750
17:08:02  IMU방향유효:0
17:08:02  IMU방향:0.0
17:08:02  방향가속도크기:9.58
17:08:02  방향자이로크기:1.97
17:08:02  방향자세cos:0.7553
17:08:02  자기모델잔차:23.48
17:08:02  자기모델반경:1.528
17:08:02  방향채택:0
17:08:02  방향거부:27219
17:08:02  송신:2285
17:08:02  GPS위성:6
17:08:02  GPS_HDOP:1.27
17:08:02  원시위도:37.496311
17:08:02  원시경도:126.955853
17:08:02  GPS채택:904
17:08:02  GPS이상치거부:0
17:08:02  GPS품질거부:4
17:08:02  GPS재기준:0
17:08:02  RSSI원시:-61
17:08:02  RSSI평활:-62.0
17:08:02  RSSI샘플:3289
17:08:02  RSSI경과ms:1
17:08:02  차량수신:2163
17:08:02  UWB유효:1
17:08:02  UWB보정:1
17:08:02  UWB원시거리:5.050
17:08:02  UWB보정거리:5.245
17:08:02  UWB접근속도:0.000
17:08:02  UWB오프셋:0.234
17:08:02  UWB경과ms:173
17:08:02  UWB수신:1126
17:08:02  시각ms:244652
17:08:02  IMU시각ms:244651
17:08:02  부팅횟수:378
17:08:02  리셋원인:POWER_ON
17:08:02  GPS복구횟수:0
17:08:02  마지막GPS복구ms:0
17:08:02  위험:0
17:08:02  차량위험:0
17:08:02  차량위험경과ms:-1
17:08:02  RSU위험:0
17:08:02  RSU위험경과ms:-1
17:08:02  GPS유효:1
17:08:02  위도:37.496311
17:08:02  경도:126.955856
17:08:02  속도:0.021
17:08:02  방향:0.0
17:08:02  GPS원시속도:0.026
17:08:02  GPS원시방향유효:1
17:08:02  GPS원시방향:248.8
17:08:02  가속도:6.397,7.178,-0.445
17:08:02  자이로:-2.244,-1.534,-1.771
17:08:02  자력계:-44.400,48.150,-51.000
17:08:02  IMU방향유효:0
17:08:02  IMU방향:0.0
17:08:02  방향가속도크기:9.63
17:08:02  방향자이로크기:3.24
17:08:02  방향자세cos:0.7367
17:08:02  자기모델잔차:23.48
17:08:02  자기모델반경:1.528
17:08:02  방향채택:0
17:08:02  방향거부:27221
17:08:02  송신:2286
17:08:02  GPS위성:6
17:08:02  GPS_HDOP:1.27
17:08:02  원시위도:37.496311
17:08:02  원시경도:126.955853
17:08:02  GPS채택:904
17:08:02  GPS이상치거부:0
17:08:02  GPS품질거부:4
17:08:02  GPS재기준:0
17:08:02  RSSI원시:-61
17:08:02  RSSI평활:-61.8
17:08:02  RSSI샘플:3290
17:08:02  RSSI경과ms:3
17:08:02  차량수신:2163
17:08:02  UWB유효:1
17:08:02  UWB보정:1
17:08:02  UWB원시거리:5.050
17:08:02  UWB보정거리:5.259
17:08:02  UWB접근속도:-0.020
17:08:02  UWB오프셋:0.234
17:08:02  UWB경과ms:3
17:08:02  UWB수신:1127
17:08:02  시각ms:244675
17:08:02  IMU시각ms:244675
17:08:02  부팅횟수:378
17:08:02  리셋원인:POWER_ON
17:08:02  GPS복구횟수:0
17:08:02  마지막GPS복구ms:0
17:08:02  위험:0
17:08:02  차량위험:0
17:08:02  차량위험경과ms:-1
17:08:02  RSU위험:0
17:08:02  RSU위험경과ms:-1
17:08:02  GPS유효:1
17:08:02  위도:37.496311
17:08:02  경도:126.955856
17:08:02  속도:0.021
17:08:02  방향:0.0
17:08:02  GPS원시속도:0.026
17:08:02  GPS원시방향유효:1
17:08:02  GPS원시방향:248.8
17:08:02  가속도:6.373,7.168,-0.642
17:08:02  자이로:-1.725,-1.832,-0.473
17:08:02  자력계:-47.700,47.400,-49.800
17:08:02  IMU방향유효:0
17:08:02  IMU방향:0.0
17:08:02  방향가속도크기:9.61
17:08:02  방향자이로크기:2.56
17:08:02  방향자세cos:0.7227
17:08:02  자기모델잔차:23.48
17:08:02  자기모델반경:1.528
17:08:02  방향채택:0
17:08:02  방향거부:27224
17:08:02  송신:2286
17:08:02  GPS위성:6
17:08:02  GPS_HDOP:1.27
17:08:02  원시위도:37.496311
17:08:02  원시경도:126.955853
17:08:02  GPS채택:904
17:08:02  GPS이상치거부:0
17:08:02  GPS품질거부:4
17:08:02  GPS재기준:0
17:08:02  RSSI원시:-61
17:08:02  RSSI평활:-61.8
17:08:02  RSSI샘플:3290
17:08:02  RSSI경과ms:26
17:08:02  차량수신:2163
17:08:02  UWB유효:1
17:08:02  UWB보정:1
17:08:02  UWB원시거리:5.050
17:08:02  UWB보정거리:5.259
17:08:02  UWB접근속도:-0.020
17:08:02  UWB오프셋:0.234
17:08:02  UWB경과ms:26
17:08:02  UWB수신:1127
17:08:02  시각ms:244698
17:08:02  IMU시각ms:244698
17:08:02  부팅횟수:378
17:08:02  리셋원인:POWER_ON
17:08:02  GPS복구횟수:0
17:08:02  마지막GPS복구ms:0
17:08:02  위험:0
17:08:02  차량위험:0
17:08:02  차량위험경과ms:-1
17:08:02  RSU위험:0
17:08:02  RSU위험경과ms:-1
17:08:02  GPS유효:1
17:08:02  위도:37.496311
17:08:02  경도:126.955856
17:08:02  속도:0.021
17:08:02  방향:0.0
17:08:02  GPS원시속도:0.026
17:08:02  GPS원시방향유효:1
17:08:02  GPS원시방향:248.8
17:08:02  가속도:6.436,7.111,-0.589
17:08:02  자이로:-4.641,-0.649,-2.244
17:08:02  자력계:-46.200,49.350,-49.500
17:08:02  IMU방향유효:0
17:08:02  IMU방향:0.0
17:08:02  방향가속도크기:9.61
17:08:02  방향자이로크기:5.20
17:08:02  방향자세cos:0.7273
17:08:02  자기모델잔차:23.48
17:08:02  자기모델반경:1.528
17:08:02  방향채택:0
17:08:02  방향거부:27227
17:08:02  송신:2286
17:08:02  GPS위성:6
17:08:02  GPS_HDOP:1.27
17:08:02  원시위도:37.496311
17:08:02  원시경도:126.955853
17:08:02  GPS채택:904
17:08:02  GPS이상치거부:0
17:08:02  GPS품질거부:4
17:08:02  GPS재기준:0
17:08:02  RSSI원시:-61
17:08:02  RSSI평활:-61.8
17:08:02  RSSI샘플:3290
17:08:02  RSSI경과ms:49
17:08:02  차량수신:2163
17:08:02  UWB유효:1
17:08:02  UWB보정:1
17:08:02  UWB원시거리:5.050
17:08:02  UWB보정거리:5.259
17:08:02  UWB접근속도:-0.020
17:08:02  UWB오프셋:0.234
17:08:02  UWB경과ms:49
17:08:02  UWB수신:1127
17:08:02  시각ms:244721
17:08:02  IMU시각ms:244721
17:08:02  부팅횟수:378
17:08:02  리셋원인:POWER_ON
17:08:02  GPS복구횟수:0
17:08:02  마지막GPS복구ms:0
17:08:02  위험:0
17:08:02  차량위험:0
17:08:02  차량위험경과ms:-1
17:08:02  RSU위험:0
17:08:02  RSU위험경과ms:-1
17:08:02  GPS유효:1
17:08:02  위도:37.496311
17:08:02  경도:126.955856
17:08:02  속도:0.021
17:08:02  방향:0.0
17:08:02  GPS원시속도:0.026
17:08:02  GPS원시방향유효:1
17:08:02  GPS원시방향:248.8
17:08:02  가속도:6.507,7.178,-0.536
17:08:02  자이로:-2.489,-1.153,-2.198
17:08:02  자력계:-46.500,48.000,-51.450
17:08:02  IMU방향유효:0
17:08:02  IMU방향:0.0
17:08:02  방향가속도크기:9.70
17:08:02  방향자이로크기:3.51
17:08:02  방향자세cos:0.7315
17:08:02  자기모델잔차:23.48
17:08:02  자기모델반경:1.528
17:08:02  방향채택:0
17:08:02  방향거부:27230
17:08:02  송신:2286
17:08:02  GPS위성:6
17:08:02  GPS_HDOP:1.27
17:08:02  원시위도:37.496311
17:08:02  원시경도:126.955853
17:08:02  GPS채택:904
17:08:02  GPS이상치거부:0
17:08:02  GPS품질거부:4
17:08:02  GPS재기준:0
17:08:02  RSSI원시:-61
17:08:02  RSSI평활:-61.8
17:08:02  RSSI샘플:3290
17:08:02  RSSI경과ms:72
17:08:02  차량수신:2163
17:08:02  UWB유효:1
17:08:02  UWB보정:1
17:08:02  UWB원시거리:5.050
17:08:02  UWB보정거리:5.259
17:08:02  UWB접근속도:-0.020
17:08:02  UWB오프셋:0.234
17:08:02  UWB경과ms:72
17:08:02  UWB수신:1127
17:08:02  시각ms:244757
17:08:02  IMU시각ms:244757
17:08:02  부팅횟수:378
17:08:02  리셋원인:POWER_ON
17:08:02  GPS복구횟수:0
17:08:02  마지막GPS복구ms:0
17:08:02  위험:0
17:08:02  차량위험:0
17:08:02  차량위험경과ms:-1
17:08:02  RSU위험:0
17:08:02  RSU위험경과ms:-1
17:08:02  GPS유효:1
17:08:02  위도:37.496311
17:08:02  경도:126.955849
17:08:02  속도:0.021
17:08:02  방향:0.0
17:08:02  GPS원시속도:0.026
17:08:02  GPS원시방향유효:1
17:08:02  GPS원시방향:248.8
17:08:02  가속도:6.383,7.226,-0.599
17:08:02  자이로:-6.374,-0.863,-2.573
17:08:02  자력계:-45.150,47.850,-50.550
17:08:02  IMU방향유효:0
17:08:02  IMU방향:0.0
17:08:02  방향가속도크기:9.66
17:08:02  방향자이로크기:6.93
17:08:02  방향자세cos:0.7257
17:08:02  자기모델잔차:23.48
17:08:02  자기모델반경:1.528
17:08:02  방향채택:0
17:08:02  방향거부:27233
17:08:02  송신:2287
17:08:02  GPS위성:6
17:08:02  GPS_HDOP:1.27
17:08:02  원시위도:37.496311
17:08:02  원시경도:126.955853
17:08:02  GPS채택:904
17:08:02  GPS이상치거부:0
17:08:02  GPS품질거부:4
17:08:02  GPS재기준:0
17:08:02  RSSI원시:-59
17:08:02  RSSI평활:-61.2
17:08:02  RSSI샘플:3291
17:08:02  RSSI경과ms:25
17:08:02  차량수신:2164
17:08:02  UWB유효:1
17:08:02  UWB보정:1
17:08:02  UWB원시거리:5.050
17:08:02  UWB보정거리:5.259
17:08:02  UWB접근속도:-0.020
17:08:02  UWB오프셋:0.234
17:08:02  UWB경과ms:108
17:08:02  UWB수신:1127
17:08:02  시각ms:244803
17:08:02  IMU시각ms:244803
17:08:02  부팅횟수:378
17:08:02  리셋원인:POWER_ON
17:08:02  GPS복구횟수:0
17:08:02  마지막GPS복구ms:0
17:08:02  위험:0
17:08:02  차량위험:0
17:08:02  차량위험경과ms:-1
17:08:02  RSU위험:0
17:08:02  RSU위험경과ms:-1
17:08:02  GPS유효:1
17:08:02  위도:37.496311
17:08:02  경도:126.955849
17:08:02  속도:0.026
17:08:02  방향:0.0
17:08:02  GPS원시속도:0.036
17:08:02  GPS원시방향유효:1
17:08:02  GPS원시방향:248.8
17:08:02  가속도:6.421,7.230,-0.622
17:08:02  자이로:-11.794,-7.374,-1.924
17:08:02  자력계:-45.000,48.750,-50.400
17:08:02  IMU방향유효:0
17:08:02  IMU방향:0.0
17:08:02  방향가속도크기:9.69
17:08:02  방향자이로크기:14.04
17:08:02  방향자세cos:0.7244
17:08:02  자기모델잔차:23.48
17:08:02  자기모델반경:1.528
17:08:02  방향채택:0
17:08:02  방향거부:27239
17:08:02  송신:2287
17:08:02  GPS위성:6
17:08:02  GPS_HDOP:1.27
17:08:02  원시위도:37.496311
17:08:02  원시경도:126.955852
17:08:02  GPS채택:905
17:08:02  GPS이상치거부:0
17:08:02  GPS품질거부:4
17:08:02  GPS재기준:0
17:08:02  RSSI원시:-59
17:08:02  RSSI평활:-61.2
17:08:02  RSSI샘플:3291
17:08:02  RSSI경과ms:71
17:08:02  차량수신:2164
17:08:02  UWB유효:1
17:08:02  UWB보정:1
17:08:02  UWB원시거리:5.050
17:08:02  UWB보정거리:5.259
17:08:02  UWB접근속도:-0.020
17:08:02  UWB오프셋:0.234
17:08:02  UWB경과ms:154
17:08:02  UWB수신:1127
17:08:02  시각ms:244826
17:08:02  IMU시각ms:244826
17:08:02  부팅횟수:378
17:08:02  리셋원인:POWER_ON
17:08:02  GPS복구횟수:0
17:08:02  마지막GPS복구ms:0
17:08:02  위험:0
17:08:02  차량위험:0
17:08:02  차량위험경과ms:-1
17:08:02  RSU위험:0
17:08:02  RSU위험경과ms:-1
17:08:02  GPS유효:1
17:08:02  위도:37.496311
17:08:02  경도:126.955849
17:08:02  속도:0.026
17:08:02  방향:0.0
17:08:02  GPS원시속도:0.036
17:08:02  GPS원시방향유효:1
17:08:02  GPS원시방향:248.8
17:08:02  가속도:6.421,7.230,-0.522
17:08:02  자이로:-11.107,-9.328,-0.435
17:08:02  자력계:-45.300,46.800,-50.400
17:08:02  IMU방향유효:0
17:08:02  IMU방향:0.0
17:08:02  방향가속도크기:9.68
17:08:02  방향자이로크기:14.51
17:08:02  방향자세cos:0.7314
17:08:02  자기모델잔차:23.48
17:08:02  자기모델반경:1.528
17:08:02  방향채택:0
17:08:02  방향거부:27242
17:08:02  송신:2287
17:08:02  GPS위성:6
17:08:02  GPS_HDOP:1.27
17:08:02  원시위도:37.496311
17:08:02  원시경도:126.955852
17:08:02  GPS채택:905
17:08:02  GPS이상치거부:0
17:08:02  GPS품질거부:4
17:08:02  GPS재기준:0
17:08:02  RSSI원시:-59
17:08:02  RSSI평활:-61.2
17:08:02  RSSI샘플:3291
17:08:02  RSSI경과ms:94
17:08:02  차량수신:2164
17:08:02  UWB유효:1
17:08:02  UWB보정:1
17:08:02  UWB원시거리:5.050
17:08:02  UWB보정거리:5.259
17:08:02  UWB접근속도:-0.020
17:08:02  UWB오프셋:0.234
17:08:02  UWB경과ms:177
17:08:02  UWB수신:1127
17:08:02  시각ms:244855
17:08:02  IMU시각ms:244855
17:08:02  부팅횟수:378
17:08:02  리셋원인:POWER_ON
17:08:02  GPS복구횟수:0
17:08:02  마지막GPS복구ms:0
17:08:02  위험:0
17:08:02  차량위험:0
17:08:02  차량위험경과ms:-1
17:08:02  RSU위험:0
17:08:02  RSU위험경과ms:-1
17:08:02  GPS유효:1
17:08:02  위도:37.496311
17:08:02  경도:126.955849
17:08:02  속도:0.026
17:08:02  방향:0.0
17:08:02  GPS원시속도:0.036
17:08:02  GPS원시방향유효:1
17:08:02  GPS원시방향:248.8
17:08:02  가속도:6.235,7.235,-0.177
17:08:02  자이로:-11.779,-11.427,1.137
17:08:02  자력계:-45.300,49.950,-49.650
17:08:02  IMU방향유효:0
17:08:02  IMU방향:0.0
17:08:02  방향가속도크기:9.55
17:08:02  방향자이로크기:16.45
17:08:02  방향자세cos:0.7533
17:08:02  자기모델잔차:23.48
17:08:02  자기모델반경:1.528
17:08:02  방향채택:0
17:08:02  방향거부:27244
17:08:02  송신:2288
17:08:02  GPS위성:6
17:08:02  GPS_HDOP:1.27
17:08:02  원시위도:37.496311
17:08:02  원시경도:126.955852
17:08:02  GPS채택:905
17:08:02  GPS이상치거부:0
17:08:02  GPS품질거부:4
17:08:02  GPS재기준:0
17:08:02  RSSI원시:-59
17:08:02  RSSI평활:-60.8
17:08:02  RSSI샘플:3292
17:08:02  RSSI경과ms:17
17:08:02  차량수신:2165
17:08:02  UWB유효:1
17:08:02  UWB보정:1
17:08:02  UWB원시거리:5.050
17:08:02  UWB보정거리:5.259
17:08:02  UWB접근속도:-0.020
17:08:02  UWB오프셋:0.234
17:08:02  UWB경과ms:206
17:08:02  UWB수신:1127
17:08:02  시각ms:244879
17:08:02  IMU시각ms:244879
17:08:02  부팅횟수:378
17:08:02  리셋원인:POWER_ON
17:08:02  GPS복구횟수:0
17:08:02  마지막GPS복구ms:0
17:08:02  위험:0
17:08:02  차량위험:0
17:08:02  차량위험경과ms:-1
17:08:02  RSU위험:0
17:08:02  RSU위험경과ms:-1
17:08:02  GPS유효:1
17:08:02  위도:37.496311
17:08:02  경도:126.955849
17:08:02  속도:0.026
17:08:02  방향:0.0
17:08:02  GPS원시속도:0.036
17:08:02  GPS원시방향유효:1
17:08:02  GPS원시방향:248.8
17:08:02  가속도:6.258,7.254,-0.163
17:08:02  자이로:-16.786,-10.206,-0.618
17:08:02  자력계:-44.550,49.200,-50.700
17:08:02  IMU방향유효:0
17:08:02  IMU방향:0.0
17:08:02  방향가속도크기:9.58
17:08:02  방향자이로크기:19.66
17:08:02  방향자세cos:0.7544
17:08:02  자기모델잔차:23.48
17:08:02  자기모델반경:1.528
17:08:02  방향채택:0
17:08:02  방향거부:27247
17:08:02  송신:2288
17:08:02  GPS위성:6
17:08:02  GPS_HDOP:1.27
17:08:02  원시위도:37.496311
17:08:02  원시경도:126.955852
17:08:02  GPS채택:905
17:08:02  GPS이상치거부:0
17:08:02  GPS품질거부:4
17:08:02  GPS재기준:0
17:08:02  RSSI원시:-58
17:08:02  RSSI평활:-60.2
17:08:02  RSSI샘플:3293
17:08:02  RSSI경과ms:23
17:08:02  차량수신:2165
17:08:02  UWB유효:1
17:08:02  UWB보정:1
17:08:02  UWB원시거리:5.070
17:08:02  UWB보정거리:5.268
17:08:02  UWB접근속도:-0.028
17:08:02  UWB오프셋:0.234
17:08:02  UWB경과ms:23
17:08:02  UWB수신:1128
17:08:02  시각ms:244902
17:08:02  IMU시각ms:244902
17:08:02  부팅횟수:378
17:08:02  리셋원인:POWER_ON
17:08:02  GPS복구횟수:0
17:08:02  마지막GPS복구ms:0
17:08:02  위험:0
17:08:02  차량위험:0
17:08:02  차량위험경과ms:-1
17:08:02  RSU위험:0
17:08:02  RSU위험경과ms:-1
17:08:02  GPS유효:1
17:08:02  위도:37.496311
17:08:02  경도:126.955849
17:08:02  속도:0.026
17:08:02  방향:0.0
17:08:02  GPS원시속도:0.036
17:08:02  GPS원시방향유효:1
17:08:02  GPS원시방향:248.8
17:08:02  가속도:6.182,7.269,-0.019
17:08:02  자이로:-16.275,-14.611,-0.298
17:08:02  자력계:-45.300,49.200,-49.950
17:08:02  IMU방향유효:0
17:08:02  IMU방향:0.0
17:08:02  방향가속도크기:9.54
17:08:02  방향자이로크기:21.87
17:08:02  방향자세cos:0.7632
17:08:02  자기모델잔차:23.48
17:08:02  자기모델반경:1.528
17:08:02  방향채택:0
17:08:02  방향거부:27250
17:08:02  송신:2288
17:08:02  GPS위성:6
17:08:02  GPS_HDOP:1.27
17:08:02  원시위도:37.496311
17:08:02  원시경도:126.955852
17:08:02  GPS채택:905
17:08:02  GPS이상치거부:0
17:08:02  GPS품질거부:4
17:08:02  GPS재기준:0
17:08:02  RSSI원시:-58
17:08:02  RSSI평활:-60.2
17:08:02  RSSI샘플:3293
17:08:02  RSSI경과ms:46
17:08:02  차량수신:2165
17:08:02  UWB유효:1
17:08:02  UWB보정:1
17:08:02  UWB원시거리:5.070
17:08:02  UWB보정거리:5.268
17:08:02  UWB접근속도:-0.028
17:08:02  UWB오프셋:0.234
17:08:02  UWB경과ms:46
17:08:02  UWB수신:1128
17:08:02  시각ms:244925
17:08:02  IMU시각ms:244925
17:08:02  부팅횟수:378
17:08:02  리셋원인:POWER_ON
17:08:02  GPS복구횟수:0
17:08:02  마지막GPS복구ms:0
17:08:02  위험:0
17:08:02  차량위험:0
17:08:02  차량위험경과ms:-1
17:08:02  RSU위험:0
17:08:02  RSU위험경과ms:-1
17:08:02  GPS유효:1
17:08:02  위도:37.496311
17:08:02  경도:126.955849
17:08:02  속도:0.026
17:08:02  방향:0.0
17:08:02  GPS원시속도:0.036
17:08:02  GPS원시방향유효:1
17:08:02  GPS원시방향:248.8
17:08:02  가속도:6.182,7.336,-0.120
17:08:02  자이로:-15.076,-8.359,0.427
17:08:02  자력계:-45.450,48.150,-50.550
17:08:02  IMU방향유효:0
17:08:02  IMU방향:0.0
17:08:02  방향가속도크기:9.59
17:08:02  방향자이로크기:17.24
17:08:02  방향자세cos:0.7560
17:08:02  자기모델잔차:23.48
17:08:02  자기모델반경:1.528
17:08:02  방향채택:0
17:08:02  방향거부:27253
17:08:02  송신:2288
17:08:02  GPS위성:6
17:08:02  GPS_HDOP:1.27
17:08:02  원시위도:37.496311
17:08:02  원시경도:126.955852
17:08:02  GPS채택:905
17:08:02  GPS이상치거부:0
17:08:02  GPS품질거부:4
17:08:02  GPS재기준:0
17:08:02  RSSI원시:-58
17:08:02  RSSI평활:-60.2
17:08:02  RSSI샘플:3293
17:08:02  RSSI경과ms:69
17:08:02  차량수신:2165
17:08:02  UWB유효:1
17:08:02  UWB보정:1
17:08:02  UWB원시거리:5.070
17:08:02  UWB보정거리:5.268
17:08:02  UWB접근속도:-0.028
17:08:02  UWB오프셋:0.234
17:08:02  UWB경과ms:69
17:08:02  UWB수신:1128
17:08:02  시각ms:244961
17:08:02  IMU시각ms:244961
17:08:02  부팅횟수:378
17:08:02  리셋원인:POWER_ON
17:08:02  GPS복구횟수:0
17:08:02  마지막GPS복구ms:0
17:08:02  위험:0
17:08:02  차량위험:0
17:08:02  차량위험경과ms:-1
17:08:02  RSU위험:0
17:08:02  RSU위험경과ms:-1
17:08:02  GPS유효:1
17:08:02  위도:37.496311
17:08:02  경도:126.955849
17:08:02  속도:0.026
17:08:02  방향:0.0
17:08:02  GPS원시속도:0.036
17:08:02  GPS원시방향유효:1
17:08:02  GPS원시방향:248.8
17:08:02  가속도:6.522,7.230,0.129
17:08:02  자이로:-11.863,-9.443,0.382
17:08:02  자력계:-45.900,48.900,-48.750
17:08:02  IMU방향유효:0
17:08:02  IMU방향:0.0
17:08:02  방향가속도크기:9.74
17:08:02  방향자이로크기:15.17
17:08:02  방향자세cos:0.7758
17:08:02  자기모델잔차:23.48
17:08:02  자기모델반경:1.528
17:08:02  방향채택:0
17:08:02  방향거부:27256
17:08:02  송신:2289
17:08:02  GPS위성:6
17:08:02  GPS_HDOP:1.27
17:08:02  원시위도:37.496311
17:08:02  원시경도:126.955852
17:08:02  GPS채택:905
17:08:02  GPS이상치거부:0
17:08:02  GPS품질거부:4
17:08:02  GPS재기준:0
17:08:02  RSSI원시:-60
17:08:02  RSSI평활:-60.2
17:08:02  RSSI샘플:3294
17:08:02  RSSI경과ms:13
17:08:02  차량수신:2166
17:08:02  UWB유효:1
17:08:02  UWB보정:1
17:08:02  UWB원시거리:5.070
17:08:02  UWB보정거리:5.268
17:08:02  UWB접근속도:-0.028
17:08:02  UWB오프셋:0.234
17:08:02  UWB경과ms:105
17:08:02  UWB수신:1128
17:08:02  시각ms:244984
17:08:02  IMU시각ms:244984
17:08:02  부팅횟수:378
17:08:02  리셋원인:POWER_ON
17:08:02  GPS복구횟수:0
17:08:02  마지막GPS복구ms:0
17:08:02  위험:0
17:08:02  차량위험:0
17:08:02  차량위험경과ms:-1
17:08:02  RSU위험:0
17:08:02  RSU위험경과ms:-1
17:08:02  GPS유효:1
17:08:02  위도:37.496311
17:08:02  경도:126.955849
17:08:02  속도:0.041
17:08:02  방향:0.0
17:08:02  GPS원시속도:0.067
17:08:02  GPS원시방향유효:1
17:08:02  GPS원시방향:248.8
17:08:02  가속도:6.570,6.857,0.306
17:08:02  자이로:-11.908,-11.015,1.397
17:08:02  자력계:-45.300,51.000,-50.400
17:08:02  IMU방향유효:0
17:08:02  IMU방향:0.0
17:08:02  방향가속도크기:9.50
17:08:02  방향자이로크기:16.28
17:08:02  방향자세cos:0.7899
17:08:02  자기모델잔차:23.48
17:08:02  자기모델반경:1.528
17:08:02  방향채택:0
17:08:02  방향거부:27259
17:08:02  송신:2289
17:08:02  GPS위성:6
17:08:02  GPS_HDOP:1.27
17:08:02  원시위도:37.496313
17:08:02  원시경도:126.955852
17:08:02  GPS채택:906
17:08:02  GPS이상치거부:0
17:08:02  GPS품질거부:4
17:08:02  GPS재기준:0
17:08:02  RSSI원시:-60
17:08:02  RSSI평활:-60.2
17:08:02  RSSI샘플:3294
17:08:02  RSSI경과ms:36
17:08:02  차량수신:2166
17:08:02  UWB유효:1
17:08:02  UWB보정:1
17:08:02  UWB원시거리:5.070
17:08:02  UWB보정거리:5.268
17:08:02  UWB접근속도:-0.028
17:08:02  UWB오프셋:0.234
17:08:02  UWB경과ms:128
17:08:02  UWB수신:1128
17:08:03  시각ms:245008
17:08:03  IMU시각ms:245008
17:08:03  부팅횟수:378
17:08:03  리셋원인:POWER_ON
17:08:03  GPS복구횟수:0
17:08:03  마지막GPS복구ms:0
17:08:03  위험:0
17:08:03  차량위험:0
17:08:03  차량위험경과ms:-1
17:08:03  RSU위험:0
17:08:03  RSU위험경과ms:-1
17:08:03  GPS유효:1
17:08:03  위도:37.496311
17:08:03  경도:126.955849
17:08:03  속도:0.041
17:08:03  방향:0.0
17:08:03  GPS원시속도:0.067
17:08:03  GPS원시방향유효:1
17:08:03  GPS원시방향:248.8
17:08:03  가속도:6.709,6.972,0.278
17:08:03  자이로:-12.786,-11.405,2.206
17:08:03  자력계:-44.700,49.650,-50.250
17:08:03  IMU방향유효:0
17:08:03  IMU방향:0.0
17:08:03  방향가속도크기:9.68
17:08:03  방향자이로크기:17.27
17:08:03  방향자세cos:0.7879
17:08:03  자기모델잔차:23.48
17:08:03  자기모델반경:1.528
17:08:03  방향채택:0
17:08:03  방향거부:27262
17:08:03  송신:2289
17:08:03  GPS위성:6
17:08:03  GPS_HDOP:1.27
17:08:03  원시위도:37.496313
17:08:03  원시경도:126.955852
17:08:03  GPS채택:906
17:08:03  GPS이상치거부:0
17:08:03  GPS품질거부:4
17:08:03  GPS재기준:0
17:08:03  RSSI원시:-60
17:08:03  RSSI평활:-60.2
17:08:03  RSSI샘플:3294
17:08:03  RSSI경과ms:60
17:08:03  차량수신:2166
17:08:03  UWB유효:1
17:08:03  UWB보정:1
17:08:03  UWB원시거리:5.070
17:08:03  UWB보정거리:5.268
17:08:03  UWB접근속도:-0.028
17:08:03  UWB오프셋:0.234
17:08:03  UWB경과ms:152
17:08:03  UWB수신:1128
17:08:03  시각ms:245031
17:08:03  IMU시각ms:245031
17:08:03  부팅횟수:378
17:08:03  리셋원인:POWER_ON
17:08:03  GPS복구횟수:0
17:08:03  마지막GPS복구ms:0
17:08:03  위험:0
17:08:03  차량위험:0
17:08:03  차량위험경과ms:-1
17:08:03  RSU위험:0
17:08:03  RSU위험경과ms:-1
17:08:03  GPS유효:1
17:08:03  위도:37.496311
17:08:03  경도:126.955849
17:08:03  속도:0.041
17:08:03  방향:0.0
17:08:03  GPS원시속도:0.067
17:08:03  GPS원시방향유효:1
17:08:03  GPS원시방향:248.8
17:08:03  가속도:6.704,6.914,0.378
17:08:03  자이로:-13.924,-9.153,-0.344
17:08:03  자력계:-43.950,50.100,-50.250
17:08:03  IMU방향유효:0
17:08:03  IMU방향:0.0
17:08:03  방향가속도크기:9.64
17:08:03  방향자이로크기:16.67
17:08:03  방향자세cos:0.7946
17:08:03  자기모델잔차:23.48
17:08:03  자기모델반경:1.528
17:08:03  방향채택:0
17:08:03  방향거부:27265
17:08:03  송신:2289
17:08:03  GPS위성:6
17:08:03  GPS_HDOP:1.27
17:08:03  원시위도:37.496313
17:08:03  원시경도:126.955852
17:08:03  GPS채택:906
17:08:03  GPS이상치거부:0
17:08:03  GPS품질거부:4
17:08:03  GPS재기준:0
17:08:03  RSSI원시:-60
17:08:03  RSSI평활:-60.2
17:08:03  RSSI샘플:3294
17:08:03  RSSI경과ms:83
17:08:03  차량수신:2166
17:08:03  UWB유효:1
17:08:03  UWB보정:1
17:08:03  UWB원시거리:5.070
17:08:03  UWB보정거리:5.268
17:08:03  UWB접근속도:-0.028
17:08:03  UWB오프셋:0.234
17:08:03  UWB경과ms:175
17:08:03  UWB수신:1128
17:08:03  시각ms:245060
17:08:03  IMU시각ms:245060
17:08:03  부팅횟수:378
17:08:03  리셋원인:POWER_ON
17:08:03  GPS복구횟수:0
17:08:03  마지막GPS복구ms:0
17:08:03  위험:0
17:08:03  차량위험:0
17:08:03  차량위험경과ms:-1
17:08:03  RSU위험:0
17:08:03  RSU위험경과ms:-1
17:08:03  GPS유효:1
17:08:03  위도:37.496311
17:08:03  경도:126.955849
17:08:03  속도:0.041
17:08:03  방향:0.0
17:08:03  GPS원시속도:0.067
17:08:03  GPS원시방향유효:1
17:08:03  GPS원시방향:248.8
17:08:03  가속도:6.809,6.833,0.474
17:08:03  자이로:-10.481,-11.382,-1.206
17:08:03  자력계:-45.150,49.650,-48.750
17:08:03  IMU방향유효:0
17:08:03  IMU방향:0.0
17:08:03  방향가속도크기:9.66
17:08:03  방향자이로크기:15.52
17:08:03  방향자세cos:0.8013
17:08:03  자기모델잔차:23.48
17:08:03  자기모델반경:1.528
17:08:03  방향채택:0
17:08:03  방향거부:27267
17:08:03  송신:2290
17:08:03  GPS위성:6
17:08:03  GPS_HDOP:1.27
17:08:03  원시위도:37.496313
17:08:03  원시경도:126.955852
17:08:03  GPS채택:906
17:08:03  GPS이상치거부:0
17:08:03  GPS품질거부:4
17:08:03  GPS재기준:0
17:08:03  RSSI원시:-61
17:08:03  RSSI평활:-60.3
17:08:03  RSSI샘플:3295
17:08:03  RSSI경과ms:5
17:08:03  차량수신:2166
17:08:03  UWB유효:1
17:08:03  UWB보정:1
17:08:03  UWB원시거리:5.070
17:08:03  UWB보정거리:5.280
17:08:03  UWB접근속도:-0.039
17:08:03  UWB오프셋:0.234
17:08:03  UWB경과ms:4
17:08:03  UWB수신:1129
17:08:03  시각ms:245188
17:08:03  IMU시각ms:245188
17:08:03  부팅횟수:378
17:08:03  리셋원인:POWER_ON
17:08:03  GPS복구횟수:0
17:08:03  마지막GPS복구ms:0
17:08:03  위험:0
17:08:03  차량위험:0
17:08:03  차량위험경과ms:-1
17:08:03  RSU위험:0
17:08:03  RSU위험경과ms:-1
17:08:03  GPS유효:1
17:08:03  위도:37.496311
17:08:03  경도:126.955849
17:08:03  속도:0.064
17:08:03  방향:0.0
17:08:03  GPS원시속도:0.108
17:08:03  GPS원시방향유효:1
17:08:03  GPS원시방향:248.8
17:08:03  가속도:5.895,7.805,-0.479
17:08:03  자이로:1.176,2.763,-2.267
17:08:03  자력계:-44.700,52.050,-49.500
17:08:03  IMU방향유효:0
17:08:03  IMU방향:0.0
17:08:03  방향가속도크기:9.79
17:08:03  방향자이로크기:3.76
17:08:03  방향자세cos:0.7247
17:08:03  자기모델잔차:23.48
17:08:03  자기모델반경:1.528
17:08:03  방향채택:0
17:08:03  방향거부:27282
17:08:03  송신:2291
17:08:03  GPS위성:6
17:08:03  GPS_HDOP:1.27
17:08:03  원시위도:37.496313
17:08:03  원시경도:126.955852
17:08:03  GPS채택:907
17:08:03  GPS이상치거부:0
17:08:03  GPS품질거부:4
17:08:03  GPS재기준:0
17:08:03  RSSI원시:-61
17:08:03  RSSI평활:-60.5
17:08:03  RSSI샘플:3296
17:08:03  RSSI경과ms:49
17:08:03  차량수신:2167
17:08:03  UWB유효:1
17:08:03  UWB보정:1
17:08:03  UWB원시거리:5.070
17:08:03  UWB보정거리:5.280
17:08:03  UWB접근속도:-0.039
17:08:03  UWB오프셋:0.234
17:08:03  UWB경과ms:132
17:08:03  UWB수신:1129
17:08:03  시각ms:245334
17:08:03  IMU시각ms:245334
17:08:03  부팅횟수:378
17:08:03  리셋원인:POWER_ON
17:08:03  GPS복구횟수:0
17:08:03  마지막GPS복구ms:0
17:08:03  위험:0
17:08:03  차량위험:0
17:08:03  차량위험경과ms:-1
17:08:03  RSU위험:0
17:08:03  RSU위험경과ms:-1
17:08:03  GPS유효:1
17:08:03  위도:37.496311
17:08:03  경도:126.955849
17:08:03  속도:0.064
17:08:03  방향:0.0
17:08:03  GPS원시속도:0.108
17:08:03  GPS원시방향유효:1
17:08:03  GPS원시방향:248.8
17:08:03  가속도:6.292,7.163,0.081
17:08:03  자이로:-18.863,-15.382,6.779
17:08:03  자력계:-44.400,50.100,-48.750
17:08:03  IMU방향유효:0
17:08:03  IMU방향:0.0
17:08:03  방향가속도크기:9.53
17:08:03  방향자이로크기:25.27
17:08:03  방향자세cos:0.7716
17:08:03  자기모델잔차:23.48
17:08:03  자기모델반경:1.528
17:08:03  방향채택:0
17:08:03  방향거부:27299
17:08:03  송신:2292
17:08:03  GPS위성:6
17:08:03  GPS_HDOP:1.27
17:08:03  원시위도:37.496313
17:08:03  원시경도:126.955852
17:08:03  GPS채택:907
17:08:03  GPS이상치거부:0
17:08:03  GPS품질거부:4
17:08:03  GPS재기준:0
17:08:03  RSSI원시:-61
17:08:03  RSSI평활:-60.7
17:08:03  RSSI샘플:3298
17:08:03  RSSI경과ms:79
17:08:03  차량수신:2168
17:08:03  UWB유효:1
17:08:03  UWB보정:1
17:08:03  UWB원시거리:5.050
17:08:03  UWB보정거리:5.282
17:08:03  UWB접근속도:-0.029
17:08:03  UWB오프셋:0.234
17:08:03  UWB경과ms:79
17:08:03  UWB수신:1130
17:08:03  시각ms:245625
17:08:03  IMU시각ms:245625
17:08:03  부팅횟수:378
17:08:03  리셋원인:POWER_ON
17:08:03  GPS복구횟수:0
17:08:03  마지막GPS복구ms:0
17:08:03  위험:0
17:08:03  차량위험:0
17:08:03  차량위험경과ms:-1
17:08:03  RSU위험:0
17:08:03  RSU위험경과ms:-1
17:08:03  GPS유효:1
17:08:03  위도:37.496315
17:08:03  경도:126.955849
17:08:03  속도:0.110
17:08:03  방향:0.0
17:08:03  GPS원시속도:0.139
17:08:03  GPS원시방향유효:1
17:08:03  GPS원시방향:248.8
17:08:03  가속도:6.402,7.202,-0.555
17:08:03  자이로:2.160,1.397,5.779
17:08:03  자력계:-43.950,50.100,-48.300
17:08:03  IMU방향유효:0
17:08:03  IMU방향:0.0
17:08:03  방향가속도크기:9.65
17:08:03  방향자이로크기:6.33
17:08:03  방향자세cos:0.7290
17:08:03  자기모델잔차:23.48
17:08:03  자기모델반경:1.528
17:08:03  방향채택:0
17:08:03  방향거부:27332
17:08:03  송신:2295
17:08:03  GPS위성:6
17:08:03  GPS_HDOP:1.27
17:08:03  원시위도:37.496314
17:08:03  원시경도:126.955852
17:08:03  GPS채택:909
17:08:03  GPS이상치거부:0
17:08:03  GPS품질거부:4
17:08:03  GPS재기준:0
17:08:03  RSSI원시:-67
17:08:03  RSSI평활:-64.0
17:08:03  RSSI샘플:3302
17:08:03  RSSI경과ms:61
17:08:03  차량수신:2171
17:08:03  UWB유효:1
17:08:03  UWB보정:1
17:08:03  UWB원시거리:5.050
17:08:03  UWB보정거리:5.283
17:08:03  UWB접근속도:-0.022
17:08:03  UWB오프셋:0.234
17:08:03  UWB경과ms:157
17:08:03  UWB수신:1131
17:08:04  시각ms:245787
17:08:04  IMU시각ms:245787
17:08:04  부팅횟수:378
17:08:04  리셋원인:POWER_ON
17:08:04  GPS복구횟수:0
17:08:04  마지막GPS복구ms:0
17:08:04  위험:0
17:08:04  차량위험:0
17:08:04  차량위험경과ms:-1
17:08:04  RSU위험:0
17:08:04  RSU위험경과ms:-1
17:08:04  GPS유효:1
17:08:04  위도:37.496315
17:08:04  경도:126.955849
17:08:04  속도:0.113
17:08:04  방향:0.0
17:08:04  GPS원시속도:0.118
17:08:04  GPS원시방향유효:1
17:08:04  GPS원시방향:248.8
17:08:04  가속도:6.642,7.149,0.120
17:08:04  자이로:-79.160,-83.313,10.908
17:08:04  자력계:-43.950,53.100,-45.750
17:08:04  IMU방향유효:0
17:08:04  IMU방향:0.0
17:08:04  방향가속도크기:9.76
17:08:04  방향자이로크기:115.44
17:08:04  방향자세cos:0.7769
17:08:04  자기모델잔차:23.48
17:08:04  자기모델반경:1.528
17:08:04  방향채택:0
17:08:04  방향거부:27350
17:08:04  송신:2297
17:08:04  GPS위성:6
17:08:04  GPS_HDOP:1.27
17:08:04  원시위도:37.496313
17:08:04  원시경도:126.955852
17:08:04  GPS채택:910
17:08:04  GPS이상치거부:0
17:08:04  GPS품질거부:4
17:08:04  GPS재기준:0
17:08:04  RSSI원시:-62
17:08:04  RSSI평활:-64.3
17:08:04  RSSI샘플:3305
17:08:04  RSSI경과ms:23
17:08:04  차량수신:2173
17:08:04  UWB유효:1
17:08:04  UWB보정:1
17:08:04  UWB원시거리:5.060
17:08:04  UWB보정거리:5.287
17:08:04  UWB접근속도:-0.022
17:08:04  UWB오프셋:0.234
17:08:04  UWB경과ms:142
17:08:04  UWB수신:1132
17:08:04  시각ms:245915
17:08:04  IMU시각ms:245915
17:08:04  부팅횟수:378
17:08:04  리셋원인:POWER_ON
17:08:04  GPS복구횟수:0
17:08:04  마지막GPS복구ms:0
17:08:04  위험:0
17:08:04  차량위험:0
17:08:04  차량위험경과ms:-1
17:08:04  RSU위험:0
17:08:04  RSU위험경과ms:-1
17:08:04  GPS유효:1
17:08:04  위도:37.496315
17:08:04  경도:126.955849
17:08:04  속도:0.113
17:08:04  방향:0.0
17:08:04  GPS원시속도:0.118
17:08:04  GPS원시방향유효:1
17:08:04  GPS원시방향:248.8
17:08:04  가속도:7.005,6.541,0.220
17:08:04  자이로:10.771,7.542,5.710
17:08:04  자력계:-43.500,52.950,-47.100
17:08:04  IMU방향유효:0
17:08:04  IMU방향:0.0
17:08:04  방향가속도크기:9.59
17:08:04  방향자이로크기:14.34
17:08:04  방향자세cos:0.7869
17:08:04  자기모델잔차:23.48
17:08:04  자기모델반경:1.528
17:08:04  방향채택:0
17:08:04  방향거부:27365
17:08:04  송신:2298
17:08:04  GPS위성:6
17:08:04  GPS_HDOP:1.27
17:08:04  원시위도:37.496313
17:08:04  원시경도:126.955852
17:08:04  GPS채택:910
17:08:04  GPS이상치거부:0
17:08:04  GPS품질거부:4
17:08:04  GPS재기준:0
17:08:04  RSSI원시:-58
17:08:04  RSSI평활:-62.0
17:08:04  RSSI샘플:3307
17:08:04  RSSI경과ms:49
17:08:04  차량수신:2174
17:08:04  UWB유효:1
17:08:04  UWB보정:1
17:08:04  UWB원시거리:5.090
17:08:04  UWB보정거리:5.289
17:08:04  UWB접근속도:-0.019
17:08:04  UWB오프셋:0.234
17:08:04  UWB경과ms:66
17:08:04  UWB수신:1133
17:08:04  시각ms:245938
17:08:04  IMU시각ms:245938
17:08:04  부팅횟수:378
17:08:04  리셋원인:POWER_ON
17:08:04  GPS복구횟수:0
17:08:04  마지막GPS복구ms:0
17:08:04  위험:0
17:08:04  차량위험:0
17:08:04  차량위험경과ms:-1
17:08:04  RSU위험:0
17:08:04  RSU위험경과ms:-1
17:08:04  GPS유효:1
17:08:04  위도:37.496315
17:08:04  경도:126.955849
17:08:04  속도:0.113
17:08:04  방향:0.0
17:08:04  GPS원시속도:0.118
17:08:04  GPS원시방향유효:1
17:08:04  GPS원시방향:248.8
17:08:04  가속도:7.116,6.570,-0.034
17:08:04  자이로:17.504,19.084,2.344
17:08:04  자력계:-42.450,52.050,-46.500
17:08:04  IMU방향유효:0
17:08:04  IMU방향:0.0
17:08:04  방향가속도크기:9.68
17:08:04  방향자이로크기:26.00
17:08:04  방향자세cos:0.7704
17:08:04  자기모델잔차:23.48
17:08:04  자기모델반경:1.528
17:08:04  방향채택:0
17:08:04  방향거부:27368
17:08:04  송신:2298
17:08:04  GPS위성:6
17:08:04  GPS_HDOP:1.27
17:08:04  원시위도:37.496313
17:08:04  원시경도:126.955852
17:08:04  GPS채택:910
17:08:04  GPS이상치거부:0
17:08:04  GPS품질거부:4
17:08:04  GPS재기준:0
17:08:04  RSSI원시:-58
17:08:04  RSSI평활:-62.0
17:08:04  RSSI샘플:3307
17:08:04  RSSI경과ms:72
17:08:04  차량수신:2174
17:08:04  UWB유효:1
17:08:04  UWB보정:1
17:08:04  UWB원시거리:5.090
17:08:04  UWB보정거리:5.289
17:08:04  UWB접근속도:-0.019
17:08:04  UWB오프셋:0.234
17:08:04  UWB경과ms:89
17:08:04  UWB수신:1133
17:08:04  시각ms:245961
17:08:04  IMU시각ms:245961
17:08:04  부팅횟수:378
17:08:04  리셋원인:POWER_ON
17:08:04  GPS복구횟수:0
17:08:04  마지막GPS복구ms:0
17:08:04  위험:0
17:08:04  차량위험:0
17:08:04  차량위험경과ms:-1
17:08:04  RSU위험:0
17:08:04  RSU위험경과ms:-1
17:08:04  GPS유효:1
17:08:04  위도:37.496315
17:08:04  경도:126.955849
17:08:04  속도:0.113
17:08:04  방향:0.0
17:08:04  GPS원시속도:0.118
17:08:04  GPS원시방향유효:1
17:08:04  GPS원시방향:248.8
17:08:04  가속도:7.068,6.541,-0.029
17:08:04  자이로:27.015,29.206,1.832
17:08:04  자력계:-43.200,53.100,-47.700
17:08:04  IMU방향유효:0
17:08:04  IMU방향:0.0
17:08:04  방향가속도크기:9.63
17:08:04  방향자이로크기:39.83
17:08:04  방향자세cos:0.7707
17:08:04  자기모델잔차:23.48
17:08:04  자기모델반경:1.528
17:08:04  방향채택:0
17:08:04  방향거부:27371
17:08:04  송신:2298
17:08:04  GPS위성:6
17:08:04  GPS_HDOP:1.27
17:08:04  원시위도:37.496313
17:08:04  원시경도:126.955852
17:08:04  GPS채택:910
17:08:04  GPS이상치거부:0
17:08:04  GPS품질거부:4
17:08:04  GPS재기준:0
17:08:04  RSSI원시:-58
17:08:04  RSSI평활:-62.0
17:08:04  RSSI샘플:3307
17:08:04  RSSI경과ms:95
17:08:04  차량수신:2174
17:08:04  UWB유효:1
17:08:04  UWB보정:1
17:08:04  UWB원시거리:5.090
17:08:04  UWB보정거리:5.289
17:08:04  UWB접근속도:-0.019
17:08:04  UWB오프셋:0.234
17:08:04  UWB경과ms:112
17:08:04  UWB수신:1133
17:08:04  시각ms:246043
17:08:04  IMU시각ms:246043
17:08:04  부팅횟수:378
17:08:04  리셋원인:POWER_ON
17:08:04  GPS복구횟수:0
17:08:04  마지막GPS복구ms:0
17:08:04  위험:0
17:08:04  차량위험:0
17:08:04  차량위험경과ms:-1
17:08:04  RSU위험:0
17:08:04  RSU위험경과ms:-1
17:08:04  GPS유효:1
17:08:04  위도:37.496315
17:08:04  경도:126.955849
17:08:04  속도:0.115
17:08:04  방향:0.0
17:08:04  GPS원시속도:0.118
17:08:04  GPS원시방향유효:1
17:08:04  GPS원시방향:248.8
17:08:04  가속도:6.981,6.713,-0.062
17:08:04  자이로:21.817,20.137,4.092
17:08:04  자력계:-42.150,52.800,-47.250
17:08:04  IMU방향유효:0
17:08:04  IMU방향:0.0
17:08:04  방향가속도크기:9.69
17:08:04  방향자이로크기:29.97
17:08:04  방향자세cos:0.7679
17:08:04  자기모델잔차:23.48
17:08:04  자기모델반경:1.528
17:08:04  방향채택:0
17:08:04  방향거부:27380
17:08:04  송신:2299
17:08:04  GPS위성:6
17:08:04  GPS_HDOP:1.27
17:08:04  원시위도:37.496313
17:08:04  원시경도:126.955852
17:08:04  GPS채택:911
17:08:04  GPS이상치거부:0
17:08:04  GPS품질거부:4
17:08:04  GPS재기준:0
17:08:04  RSSI원시:-58
17:08:04  RSSI평활:-61.2
17:08:04  RSSI샘플:3308
17:08:04  RSSI경과ms:68
17:08:04  차량수신:2175
17:08:04  UWB유효:1
17:08:04  UWB보정:1
17:08:04  UWB원시거리:5.090
17:08:04  UWB보정거리:5.289
17:08:04  UWB접근속도:-0.019
17:08:04  UWB오프셋:0.234
17:08:04  UWB경과ms:194
17:08:04  UWB수신:1133
17:08:04  시각ms:246101
17:08:04  IMU시각ms:246101
17:08:04  부팅횟수:378
17:08:04  리셋원인:POWER_ON
17:08:04  GPS복구횟수:0
17:08:04  마지막GPS복구ms:0
17:08:04  위험:0
17:08:04  차량위험:0
17:08:04  차량위험경과ms:-1
17:08:04  RSU위험:0
17:08:04  RSU위험경과ms:-1
17:08:04  GPS유효:1
17:08:04  위도:37.496315
17:08:04  경도:126.955849
17:08:04  속도:0.115
17:08:04  방향:0.0
17:08:04  GPS원시속도:0.118
17:08:04  GPS원시방향유효:1
17:08:04  GPS원시방향:248.8
17:08:04  가속도:6.934,6.761,-0.263
17:08:04  자이로:20.924,22.336,5.275
17:08:04  자력계:-43.950,51.300,-48.300
17:08:04  IMU방향유효:0
17:08:04  IMU방향:0.0
17:08:04  방향가속도크기:9.69
17:08:04  방향자이로크기:31.06
17:08:04  방향자세cos:0.7542
17:08:04  자기모델잔차:23.48
17:08:04  자기모델반경:1.528
17:08:04  방향채택:0
17:08:04  방향거부:27386
17:08:04  송신:2300
17:08:04  GPS위성:6
17:08:04  GPS_HDOP:1.27
17:08:04  원시위도:37.496313
17:08:04  원시경도:126.955852
17:08:04  GPS채택:911
17:08:04  GPS이상치거부:0
17:08:04  GPS품질거부:4
17:08:04  GPS재기준:0
17:08:04  RSSI원시:-57
17:08:04  RSSI평활:-59.7
17:08:04  RSSI샘플:3310
17:08:04  RSSI경과ms:22
17:08:04  차량수신:2176
17:08:04  UWB유효:1
17:08:04  UWB보정:1
17:08:04  UWB원시거리:5.090
17:08:04  UWB보정거리:5.291
17:08:04  UWB접근속도:-0.016
17:08:04  UWB오프셋:0.234
17:08:04  UWB경과ms:50
17:08:04  UWB수신:1134
17:08:04  시각ms:246147
17:08:04  IMU시각ms:246147
17:08:04  부팅횟수:378
17:08:04  리셋원인:POWER_ON
17:08:04  GPS복구횟수:0
17:08:04  마지막GPS복구ms:0
17:08:04  위험:0
17:08:04  차량위험:0
17:08:04  차량위험경과ms:-1
17:08:04  RSU위험:0
17:08:04  RSU위험경과ms:-1
17:08:04  GPS유효:1
17:08:04  위도:37.496315
17:08:04  경도:126.955849
17:08:04  속도:0.115
17:08:04  방향:0.0
17:08:04  GPS원시속도:0.118
17:08:04  GPS원시방향유효:1
17:08:04  GPS원시방향:248.8
17:08:04  가속도:6.962,6.718,-0.034
17:08:04  자이로:15.634,17.305,3.695
17:08:04  자력계:-44.550,52.200,-46.050
17:08:04  IMU방향유효:0
17:08:04  IMU방향:0.0
17:08:04  방향가속도크기:9.68
17:08:04  방향자이로크기:23.61
17:08:04  방향자세cos:0.7698
17:08:04  자기모델잔차:23.48
17:08:04  자기모델반경:1.528
17:08:04  방향채택:0
17:08:04  방향거부:27392
17:08:04  송신:2300
17:08:04  GPS위성:6
17:08:04  GPS_HDOP:1.27
17:08:04  원시위도:37.496313
17:08:04  원시경도:126.955852
17:08:04  GPS채택:911
17:08:04  GPS이상치거부:0
17:08:04  GPS품질거부:4
17:08:04  GPS재기준:0
17:08:04  RSSI원시:-57
17:08:04  RSSI평활:-59.7
17:08:04  RSSI샘플:3310
17:08:04  RSSI경과ms:68
17:08:04  차량수신:2176
17:08:04  UWB유효:1
17:08:04  UWB보정:1
17:08:04  UWB원시거리:5.090
17:08:04  UWB보정거리:5.291
17:08:04  UWB접근속도:-0.016
17:08:04  UWB오프셋:0.234
17:08:04  UWB경과ms:96
17:08:04  UWB수신:1134
17:08:04  시각ms:246170
17:08:04  IMU시각ms:246170
17:08:04  부팅횟수:378
17:08:04  리셋원인:POWER_ON
17:08:04  GPS복구횟수:0
17:08:04  마지막GPS복구ms:0
17:08:04  위험:0
17:08:04  차량위험:0
17:08:04  차량위험경과ms:-1
17:08:04  RSU위험:0
17:08:04  RSU위험경과ms:-1
17:08:04  GPS유효:1
17:08:04  위도:37.496311
17:08:04  경도:126.955849
17:08:04  속도:0.100
17:08:04  방향:0.0
17:08:04  GPS원시속도:0.072
17:08:04  GPS원시방향유효:1
17:08:04  GPS원시방향:248.8
17:08:04  가속도:7.082,6.522,-0.091
17:08:04  자이로:14.618,20.550,3.916
17:08:04  자력계:-45.150,50.100,-47.250
17:08:04  IMU방향유효:0
17:08:04  IMU방향:0.0
17:08:04  방향가속도크기:9.63
17:08:04  방향자이로크기:25.52
17:08:04  방향자세cos:0.7666
17:08:04  자기모델잔차:23.48
17:08:04  자기모델반경:1.528
17:08:04  방향채택:0
17:08:04  방향거부:27395
17:08:04  송신:2300
17:08:04  GPS위성:6
17:08:04  GPS_HDOP:1.27
17:08:04  원시위도:37.496312
17:08:04  원시경도:126.955851
17:08:04  GPS채택:912
17:08:04  GPS이상치거부:0
17:08:04  GPS품질거부:4
17:08:04  GPS재기준:0
17:08:04  RSSI원시:-57
17:08:04  RSSI평활:-59.7
17:08:04  RSSI샘플:3310
17:08:04  RSSI경과ms:91
17:08:04  차량수신:2176
17:08:04  UWB유효:1
17:08:04  UWB보정:1
17:08:04  UWB원시거리:5.090
17:08:04  UWB보정거리:5.291
17:08:04  UWB접근속도:-0.016
17:08:04  UWB오프셋:0.234
17:08:04  UWB경과ms:119
17:08:04  UWB수신:1134
17:08:04  시각ms:246207
17:08:04  IMU시각ms:246207
17:08:04  부팅횟수:378
17:08:04  리셋원인:POWER_ON
17:08:04  GPS복구횟수:0
17:08:04  마지막GPS복구ms:0
17:08:04  위험:0
17:08:04  차량위험:0
17:08:04  차량위험경과ms:-1
17:08:04  RSU위험:0
17:08:04  RSU위험경과ms:-1
17:08:04  GPS유효:1
17:08:04  위도:37.496311
17:08:04  경도:126.955849
17:08:04  속도:0.100
17:08:04  방향:0.0
17:08:04  GPS원시속도:0.072
17:08:04  GPS원시방향유효:1
17:08:04  GPS원시방향:248.8
17:08:04  가속도:7.192,6.330,0.129
17:08:04  자이로:14.947,18.405,4.046
17:08:04  자력계:-45.450,51.600,-47.700
17:08:04  IMU방향유효:0
17:08:04  IMU방향:0.0
17:08:04  방향가속도크기:9.58
17:08:04  방향자이로크기:24.05
17:08:04  방향자세cos:0.7814
17:08:04  자기모델잔차:23.48
17:08:04  자기모델반경:1.528
17:08:04  방향채택:0
17:08:04  방향거부:27398
17:08:04  송신:2301
17:08:04  GPS위성:6
17:08:04  GPS_HDOP:1.27
17:08:04  원시위도:37.496312
17:08:04  원시경도:126.955851
17:08:04  GPS채택:912
17:08:04  GPS이상치거부:0
17:08:04  GPS품질거부:4
17:08:04  GPS재기준:0
17:08:04  RSSI원시:-57
17:08:04  RSSI평활:-59.2
17:08:04  RSSI샘플:3311
17:08:04  RSSI경과ms:22
17:08:04  차량수신:2177
17:08:04  UWB유효:1
17:08:04  UWB보정:1
17:08:04  UWB원시거리:5.090
17:08:04  UWB보정거리:5.291
17:08:04  UWB접근속도:-0.016
17:08:04  UWB오프셋:0.234
17:08:04  UWB경과ms:156
17:08:04  UWB수신:1134
17:08:04  시각ms:246253
17:08:04  IMU시각ms:246253
17:08:04  부팅횟수:378
17:08:04  리셋원인:POWER_ON
17:08:04  GPS복구횟수:0
17:08:04  마지막GPS복구ms:0
17:08:04  위험:0
17:08:04  차량위험:0
17:08:04  차량위험경과ms:-1
17:08:04  RSU위험:0
17:08:04  RSU위험경과ms:-1
17:08:04  GPS유효:1
17:08:04  위도:37.496311
17:08:04  경도:126.955849
17:08:04  속도:0.100
17:08:04  방향:0.0
17:08:04  GPS원시속도:0.072
17:08:04  GPS원시방향유효:1
17:08:04  GPS원시방향:248.8
17:08:04  가속도:7.317,6.369,0.124
17:08:04  자이로:11.069,13.527,3.863
17:08:04  자력계:-45.450,50.400,-48.300
17:08:04  IMU방향유효:0
17:08:04  IMU방향:0.0
17:08:04  방향가속도크기:9.70
17:08:04  방향자이로크기:17.90
17:08:04  방향자세cos:0.7810
17:08:04  자기모델잔차:23.48
17:08:04  자기모델반경:1.528
17:08:04  방향채택:0
17:08:04  방향거부:27404
17:08:04  송신:2301
17:08:04  GPS위성:6
17:08:04  GPS_HDOP:1.27
17:08:04  원시위도:37.496312
17:08:04  원시경도:126.955851
17:08:04  GPS채택:912
17:08:04  GPS이상치거부:0
17:08:04  GPS품질거부:4
17:08:04  GPS재기준:0
17:08:04  RSSI원시:-58
17:08:04  RSSI평활:-58.9
17:08:04  RSSI샘플:3312
17:08:04  RSSI경과ms:1
17:08:04  차량수신:2177
17:08:04  UWB유효:1
17:08:04  UWB보정:1
17:08:04  UWB원시거리:5.060
17:08:04  UWB보정거리:5.292
17:08:04  UWB접근속도:-0.013
17:08:04  UWB오프셋:0.234
17:08:04  UWB경과ms:1
17:08:04  UWB수신:1135
17:08:04  시각ms:246334
17:08:04  IMU시각ms:246334
17:08:04  부팅횟수:378
17:08:04  리셋원인:POWER_ON
17:08:04  GPS복구횟수:0
17:08:04  마지막GPS복구ms:0
17:08:04  위험:0
17:08:04  차량위험:0
17:08:04  차량위험경과ms:-1
17:08:04  RSU위험:0
17:08:04  RSU위험경과ms:-1
17:08:04  GPS유효:1
17:08:04  위도:37.496311
17:08:04  경도:126.955849
17:08:04  속도:0.100
17:08:04  방향:0.0
17:08:04  GPS원시속도:0.072
17:08:04  GPS원시방향유효:1
17:08:04  GPS원시방향:248.8
17:08:04  가속도:7.499,6.278,0.340
17:08:04  자이로:14.176,15.603,0.023
17:08:04  자력계:-46.200,49.650,-48.300
17:08:04  IMU방향유효:0
17:08:04  IMU방향:0.0
17:08:04  방향가속도크기:9.79
17:08:04  방향자이로크기:21.08
17:08:04  방향자세cos:0.7943
17:08:04  자기모델잔차:23.48
17:08:04  자기모델반경:1.528
17:08:04  방향채택:0
17:08:04  방향거부:27413
17:08:04  송신:2302
17:08:04  GPS위성:6
17:08:04  GPS_HDOP:1.27
17:08:04  원시위도:37.496312
17:08:04  원시경도:126.955851
17:08:04  GPS채택:912
17:08:04  GPS이상치거부:0
17:08:04  GPS품질거부:4
17:08:04  GPS재기준:0
17:08:04  RSSI원시:-59
17:08:04  RSSI평활:-58.9
17:08:04  RSSI샘플:3313
17:08:04  RSSI경과ms:51
17:08:04  차량수신:2178
17:08:04  UWB유효:1
17:08:04  UWB보정:1
17:08:04  UWB원시거리:5.060
17:08:04  UWB보정거리:5.292
17:08:04  UWB접근속도:-0.013
17:08:04  UWB오프셋:0.234
17:08:04  UWB경과ms:82
17:08:04  UWB수신:1135
17:08:04  시각ms:246357
17:08:04  IMU시각ms:246357
17:08:04  부팅횟수:378
17:08:04  리셋원인:POWER_ON
17:08:04  GPS복구횟수:0
17:08:04  마지막GPS복구ms:0
17:08:04  위험:0
17:08:04  차량위험:0
17:08:04  차량위험경과ms:-1
17:08:04  RSU위험:0
17:08:04  RSU위험경과ms:-1
17:08:04  GPS유효:1
17:08:04  위도:37.496311
17:08:04  경도:126.955849
17:08:04  속도:0.100
17:08:04  방향:0.0
17:08:04  GPS원시속도:0.072
17:08:04  GPS원시방향유효:1
17:08:04  GPS원시방향:248.8
17:08:04  가속도:7.451,6.220,0.393
17:08:04  자이로:22.260,16.260,1.160
17:08:04  자력계:-45.150,48.600,-48.750
17:08:04  IMU방향유효:0
17:08:04  IMU방향:0.0
17:08:04  방향가속도크기:9.71
17:08:04  방향자이로크기:27.59
17:08:04  방향자세cos:0.7977
17:08:04  자기모델잔차:23.48
17:08:04  자기모델반경:1.528
17:08:04  방향채택:0
17:08:04  방향거부:27416
17:08:04  송신:2302
17:08:04  GPS위성:6
17:08:04  GPS_HDOP:1.27
17:08:04  원시위도:37.496312
17:08:04  원시경도:126.955851
17:08:04  GPS채택:912
17:08:04  GPS이상치거부:0
17:08:04  GPS품질거부:4
17:08:04  GPS재기준:0
17:08:04  RSSI원시:-59
17:08:04  RSSI평활:-58.9
17:08:04  RSSI샘플:3313
17:08:04  RSSI경과ms:74
17:08:04  차량수신:2178
17:08:04  UWB유효:1
17:08:04  UWB보정:1
17:08:04  UWB원시거리:5.060
17:08:04  UWB보정거리:5.292
17:08:04  UWB접근속도:-0.013
17:08:04  UWB오프셋:0.234
17:08:04  UWB경과ms:105
17:08:04  UWB수신:1135
17:08:04  시각ms:246416
17:08:04  IMU시각ms:246416
17:08:04  부팅횟수:378
17:08:04  리셋원인:POWER_ON
17:08:04  GPS복구횟수:0
17:08:04  마지막GPS복구ms:0
17:08:04  위험:0
17:08:04  차량위험:0
17:08:04  차량위험경과ms:-1
17:08:04  RSU위험:0
17:08:04  RSU위험경과ms:-1
17:08:04  GPS유효:1
17:08:04  위도:37.496311
17:08:04  경도:126.955849
17:08:04  속도:0.103
17:08:04  방향:0.0
17:08:04  GPS원시속도:0.108
17:08:04  GPS원시방향유효:1
17:08:04  GPS원시방향:248.8
17:08:04  가속도:7.250,6.364,0.124
17:08:04  자이로:20.237,18.786,-0.802
17:08:04  자력계:-46.200,49.650,-49.800
17:08:04  IMU방향유효:0
17:08:04  IMU방향:0.0
17:08:04  방향가속도크기:9.65
17:08:04  방향자이로크기:27.62
17:08:04  방향자세cos:0.7810
17:08:04  자기모델잔차:23.48
17:08:04  자기모델반경:1.528
17:08:04  방향채택:0
17:08:04  방향거부:27422
17:08:04  송신:2303
17:08:04  GPS위성:6
17:08:04  GPS_HDOP:1.27
17:08:04  원시위도:37.496312
17:08:04  원시경도:126.955851
17:08:04  GPS채택:913
17:08:04  GPS이상치거부:0
17:08:04  GPS품질거부:4
17:08:04  GPS재기준:0
17:08:04  RSSI원시:-59
17:08:04  RSSI평활:-58.9
17:08:04  RSSI샘플:3313
17:08:04  RSSI경과ms:133
17:08:04  차량수신:2178
17:08:04  UWB유효:1
17:08:04  UWB보정:1
17:08:04  UWB원시거리:5.060
17:08:04  UWB보정거리:5.292
17:08:04  UWB접근속도:-0.013
17:08:04  UWB오프셋:0.234
17:08:04  UWB경과ms:164
17:08:04  UWB수신:1135
17:08:04  시각ms:246439
17:08:04  IMU시각ms:246439
17:08:04  부팅횟수:378
17:08:04  리셋원인:POWER_ON
17:08:04  GPS복구횟수:0
17:08:04  마지막GPS복구ms:0
17:08:04  위험:0
17:08:04  차량위험:0
17:08:04  차량위험경과ms:-1
17:08:04  RSU위험:0
17:08:04  RSU위험경과ms:-1
17:08:04  GPS유효:1
17:08:04  위도:37.496311
17:08:04  경도:126.955849
17:08:04  속도:0.103
17:08:04  방향:0.0
17:08:04  GPS원시속도:0.108
17:08:04  GPS원시방향유효:1
17:08:04  GPS원시방향:248.8
17:08:04  가속도:7.532,6.287,-0.053
17:08:04  자이로:16.809,20.069,-1.832
17:08:04  자력계:-46.800,49.200,-49.350
17:08:04  IMU방향유효:0
17:08:04  IMU방향:0.0
17:08:04  방향가속도크기:9.81
17:08:04  방향자이로크기:26.24
17:08:04  방향자세cos:0.7693
17:08:04  자기모델잔차:23.48
17:08:04  자기모델반경:1.528
17:08:04  방향채택:0
17:08:04  방향거부:27425
17:08:04  송신:2303
17:08:04  GPS위성:6
17:08:04  GPS_HDOP:1.27
17:08:04  원시위도:37.496312
17:08:04  원시경도:126.955851
17:08:04  GPS채택:913
17:08:04  GPS이상치거부:0
17:08:04  GPS품질거부:4
17:08:04  GPS재기준:0
17:08:04  RSSI원시:-59
17:08:04  RSSI평활:-58.9
17:08:04  RSSI샘플:3313
17:08:04  RSSI경과ms:156
17:08:04  차량수신:2178
17:08:04  UWB유효:1
17:08:04  UWB보정:1
17:08:04  UWB원시거리:5.060
17:08:04  UWB보정거리:5.292
17:08:04  UWB접근속도:-0.013
17:08:04  UWB오프셋:0.234
17:08:04  UWB경과ms:187
17:08:04  UWB수신:1135
17:08:04  시각ms:246462
17:08:04  IMU시각ms:246462
17:08:04  부팅횟수:378
17:08:04  리셋원인:POWER_ON
17:08:04  GPS복구횟수:0
17:08:04  마지막GPS복구ms:0
17:08:04  위험:0
17:08:04  차량위험:0
17:08:04  차량위험경과ms:-1
17:08:04  RSU위험:0
17:08:04  RSU위험경과ms:-1
17:08:04  GPS유효:1
17:08:04  위도:37.496311
17:08:04  경도:126.955849
17:08:04  속도:0.103
17:08:04  방향:0.0
17:08:04  GPS원시속도:0.108
17:08:04  GPS원시방향유효:1
17:08:04  GPS원시방향:248.8
17:08:04  가속도:7.274,6.349,0.187
17:08:04  자이로:16.008,18.573,-0.611
17:08:04  자력계:-45.900,49.350,-48.300
17:08:04  IMU방향유효:0
17:08:04  IMU방향:0.0
17:08:04  방향가속도크기:9.66
17:08:04  방향자이로크기:24.53
17:08:04  방향자세cos:0.7850
17:08:04  자기모델잔차:23.48
17:08:04  자기모델반경:1.528
17:08:04  방향채택:0
17:08:04  방향거부:27428
17:08:04  송신:2303
17:08:04  GPS위성:6
17:08:04  GPS_HDOP:1.27
17:08:04  원시위도:37.496312
17:08:04  원시경도:126.955851
17:08:04  GPS채택:913
17:08:04  GPS이상치거부:0
17:08:04  GPS품질거부:4
17:08:04  GPS재기준:0
17:08:04  RSSI원시:-58
17:08:04  RSSI평활:-58.8
17:08:04  RSSI샘플:3314
17:08:04  RSSI경과ms:7
17:08:04  차량수신:2178
17:08:04  UWB유효:1
17:08:04  UWB보정:1
17:08:04  UWB원시거리:5.090
17:08:04  UWB보정거리:5.303
17:08:04  UWB접근속도:-0.026
17:08:04  UWB오프셋:0.234
17:08:04  UWB경과ms:7
17:08:04  UWB수신:1136
17:08:04  시각ms:246627
17:08:04  IMU시각ms:246627
17:08:04  부팅횟수:378
17:08:04  리셋원인:POWER_ON
17:08:04  GPS복구횟수:0
17:08:04  마지막GPS복구ms:0
17:08:04  위험:0
17:08:04  차량위험:0
17:08:04  차량위험경과ms:-1
17:08:04  RSU위험:0
17:08:04  RSU위험경과ms:-1
17:08:04  GPS유효:1
17:08:04  위도:37.496311
17:08:04  경도:126.955849
17:08:04  속도:0.099
17:08:04  방향:0.0
17:08:04  GPS원시속도:0.093
17:08:04  GPS원시방향유효:1
17:08:04  GPS원시방향:248.8
17:08:04  가속도:7.072,6.527,0.067
17:08:04  자이로:4.947,5.679,-4.351
17:08:04  자력계:-48.000,48.750,-49.350
17:08:04  IMU방향유효:0
17:08:04  IMU방향:0.0
17:08:04  방향가속도크기:9.62
17:08:04  방향자이로크기:8.70
17:08:04  방향자세cos:0.7770
17:08:04  자기모델잔차:23.48
17:08:04  자기모델반경:1.528
17:08:04  방향채택:0
17:08:04  방향거부:27446
17:08:04  송신:2305
17:08:04  GPS위성:6
17:08:04  GPS_HDOP:1.27
17:08:04  원시위도:37.496311
17:08:04  원시경도:126.955851
17:08:04  GPS채택:914
17:08:04  GPS이상치거부:0
17:08:04  GPS품질거부:4
17:08:04  GPS재기준:0
17:08:04  RSSI원시:-56
17:08:04  RSSI평활:-57.9
17:08:04  RSSI샘플:3316
17:08:04  RSSI경과ms:17
17:08:04  차량수신:2180
17:08:04  UWB유효:1
17:08:04  UWB보정:1
17:08:04  UWB원시거리:5.090
17:08:04  UWB보정거리:5.303
17:08:04  UWB접근속도:-0.026
17:08:04  UWB오프셋:0.234
17:08:04  UWB경과ms:172
17:08:04  UWB수신:1136
17:08:04  시각ms:246755
17:08:04  IMU시각ms:246755
17:08:04  부팅횟수:378
17:08:04  리셋원인:POWER_ON
17:08:04  GPS복구횟수:0
17:08:04  마지막GPS복구ms:0
17:08:04  위험:0
17:08:04  차량위험:0
17:08:04  차량위험경과ms:-1
17:08:04  RSU위험:0
17:08:04  RSU위험경과ms:-1
17:08:04  GPS유효:1
17:08:04  위도:37.496311
17:08:04  경도:126.955849
17:08:04  속도:0.099
17:08:04  방향:0.0
17:08:04  GPS원시속도:0.093
17:08:04  GPS원시방향유효:1
17:08:04  GPS원시방향:248.8
17:08:04  가속도:7.240,6.560,0.086
17:08:04  자이로:8.718,6.893,-5.664
17:08:04  자력계:-47.400,48.600,-49.800
17:08:04  IMU방향유효:0
17:08:04  IMU방향:0.0
17:08:04  방향가속도크기:9.77
17:08:04  방향자이로크기:12.47
17:08:04  방향자세cos:0.7784
17:08:04  자기모델잔차:23.48
17:08:04  자기모델반경:1.528
17:08:04  방향채택:0
17:08:04  방향거부:27461
17:08:04  송신:2306
17:08:04  GPS위성:6
17:08:04  GPS_HDOP:1.27
17:08:04  원시위도:37.496311
17:08:04  원시경도:126.955851
17:08:04  GPS채택:914
17:08:04  GPS이상치거부:0
17:08:04  GPS품질거부:4
17:08:04  GPS재기준:0
17:08:04  RSSI원시:-57
17:08:04  RSSI평활:-57.6
17:08:04  RSSI샘플:3318
17:08:04  RSSI경과ms:59
17:08:04  차량수신:2181
17:08:04  UWB유효:1
17:08:04  UWB보정:1
17:08:04  UWB원시거리:5.120
17:08:04  UWB보정거리:5.311
17:08:04  UWB접근속도:-0.029
17:08:04  UWB오프셋:0.234
17:08:04  UWB경과ms:91
17:08:04  UWB수신:1137
17:08:04  시각ms:246778
17:08:04  IMU시각ms:246778
17:08:04  부팅횟수:378
17:08:04  리셋원인:POWER_ON
17:08:04  GPS복구횟수:0
17:08:04  마지막GPS복구ms:0
17:08:04  위험:0
17:08:04  차량위험:0
17:08:04  차량위험경과ms:-1
17:08:04  RSU위험:0
17:08:04  RSU위험경과ms:-1
17:08:04  GPS유효:1
17:08:04  위도:37.496311
17:08:04  경도:126.955849
17:08:04  속도:0.100
17:08:04  방향:0.0
17:08:04  GPS원시속도:0.103
17:08:04  GPS원시방향유효:1
17:08:04  GPS원시방향:248.8
17:08:04  가속도:7.049,6.512,0.077
17:08:04  자이로:8.565,3.489,-5.458
17:08:04  자력계:-48.750,48.300,-49.350
17:08:04  IMU방향유효:0
17:08:04  IMU방향:0.0
17:08:04  방향가속도크기:9.60
17:08:04  방향자이로크기:10.74
17:08:04  방향자세cos:0.7777
17:08:04  자기모델잔차:23.48
17:08:04  자기모델반경:1.528
17:08:04  방향채택:0
17:08:04  방향거부:27464
17:08:04  송신:2306
17:08:04  GPS위성:6
17:08:04  GPS_HDOP:1.27
17:08:04  원시위도:37.496311
17:08:04  원시경도:126.955851
17:08:04  GPS채택:915
17:08:04  GPS이상치거부:0
17:08:04  GPS품질거부:4
17:08:04  GPS재기준:0
17:08:04  RSSI원시:-57
17:08:04  RSSI평활:-57.6
17:08:04  RSSI샘플:3318
17:08:04  RSSI경과ms:82
17:08:04  차량수신:2181
17:08:04  UWB유효:1
17:08:04  UWB보정:1
17:08:04  UWB원시거리:5.120
17:08:04  UWB보정거리:5.311
17:08:04  UWB접근속도:-0.029
17:08:04  UWB오프셋:0.234
17:08:04  UWB경과ms:114
17:08:04  UWB수신:1137
17:08:04  시각ms:246802
17:08:04  IMU시각ms:246802
17:08:04  부팅횟수:378
17:08:04  리셋원인:POWER_ON
17:08:04  GPS복구횟수:0
17:08:04  마지막GPS복구ms:0
17:08:04  위험:0
17:08:04  차량위험:0
17:08:04  차량위험경과ms:-1
17:08:04  RSU위험:0
17:08:04  RSU위험경과ms:-1
17:08:04  GPS유효:1
17:08:04  위도:37.496311
17:08:04  경도:126.955849
17:08:04  속도:0.100
17:08:04  방향:0.0
17:08:04  GPS원시속도:0.103
17:08:04  GPS원시방향유효:1
17:08:04  GPS원시방향:248.8
17:08:04  가속도:7.254,6.622,0.120
17:08:04  자이로:5.908,1.298,-7.298
17:08:04  자력계:-46.800,48.300,-48.900
17:08:04  IMU방향유효:0
17:08:04  IMU방향:0.0
17:08:04  방향가속도크기:9.82
17:08:04  방향자이로크기:9.48
17:08:04  방향자세cos:0.7804
17:08:04  자기모델잔차:23.48
17:08:04  자기모델반경:1.528
17:08:04  방향채택:0
17:08:04  방향거부:27467
17:08:04  송신:2306
17:08:04  GPS위성:6
17:08:04  GPS_HDOP:1.27
17:08:04  원시위도:37.496311
17:08:04  원시경도:126.955851
17:08:04  GPS채택:915
17:08:04  GPS이상치거부:0
17:08:04  GPS품질거부:4
17:08:04  GPS재기준:0
17:08:04  RSSI원시:-57
17:08:04  RSSI평활:-57.6
17:08:04  RSSI샘플:3318
17:08:04  RSSI경과ms:106
17:08:04  차량수신:2181
17:08:04  UWB유효:1
17:08:04  UWB보정:1
17:08:04  UWB원시거리:5.120
17:08:04  UWB보정거리:5.311
17:08:04  UWB접근속도:-0.029
17:08:04  UWB오프셋:0.234
17:08:04  UWB경과ms:138
17:08:04  UWB수신:1137
17:08:04  시각ms:246838
17:08:04  IMU시각ms:246838
17:08:04  부팅횟수:378
17:08:04  리셋원인:POWER_ON
17:08:04  GPS복구횟수:0
17:08:04  마지막GPS복구ms:0
17:08:04  위험:0
17:08:04  차량위험:0
17:08:04  차량위험경과ms:-1
17:08:04  RSU위험:0
17:08:04  RSU위험경과ms:-1
17:08:04  GPS유효:1
17:08:04  위도:37.496311
17:08:04  경도:126.955849
17:08:04  속도:0.100
17:08:04  방향:0.0
17:08:04  GPS원시속도:0.103
17:08:04  GPS원시방향유효:1
17:08:04  GPS원시방향:248.8
17:08:04  가속도:7.302,6.503,-0.081
17:08:04  자이로:5.870,5.847,-8.649
17:08:04  자력계:-48.750,46.800,-49.950
17:08:04  IMU방향유효:0
17:08:04  IMU방향:0.0
17:08:04  방향가속도크기:9.78
17:08:04  방향자이로크기:11.98
17:08:04  방향자세cos:0.7676
17:08:04  자기모델잔차:23.48
17:08:04  자기모델반경:1.528
17:08:04  방향채택:0
17:08:04  방향거부:27470
17:08:04  송신:2307
17:08:04  GPS위성:6
17:08:04  GPS_HDOP:1.27
17:08:04  원시위도:37.496311
17:08:04  원시경도:126.955851
17:08:04  GPS채택:915
17:08:04  GPS이상치거부:0
17:08:04  GPS품질거부:4
17:08:04  GPS재기준:0
17:08:04  RSSI원시:-57
17:08:04  RSSI평활:-57.5
17:08:04  RSSI샘플:3319
17:08:04  RSSI경과ms:34
17:08:04  차량수신:2182
17:08:04  UWB유효:1
17:08:04  UWB보정:1
17:08:04  UWB원시거리:5.120
17:08:04  UWB보정거리:5.311
17:08:04  UWB접근속도:-0.029
17:08:04  UWB오프셋:0.234
17:08:04  UWB경과ms:174
17:08:04  UWB수신:1137
17:08:04  시각ms:246861
17:08:04  IMU시각ms:246861
17:08:04  부팅횟수:378
17:08:04  리셋원인:POWER_ON
17:08:04  GPS복구횟수:0
17:08:04  마지막GPS복구ms:0
17:08:04  위험:0
17:08:04  차량위험:0
17:08:04  차량위험경과ms:-1
17:08:04  RSU위험:0
17:08:04  RSU위험경과ms:-1
17:08:04  GPS유효:1
17:08:04  위도:37.496311
17:08:04  경도:126.955849
17:08:04  속도:0.100
17:08:04  방향:0.0
17:08:04  GPS원시속도:0.103
17:08:04  GPS원시방향유효:1
17:08:04  GPS원시방향:248.8
17:08:04  가속도:7.140,6.637,0.000
17:08:04  자이로:9.969,11.099,-7.046
17:08:04  자력계:-48.000,46.500,-49.950
17:08:04  IMU방향유효:0
17:08:04  IMU방향:0.0
17:08:04  방향가속도크기:9.75
17:08:04  방향자이로크기:16.50
17:08:04  방향자세cos:0.7725
17:08:04  자기모델잔차:23.48
17:08:04  자기모델반경:1.528
17:08:04  방향채택:0
17:08:04  방향거부:27473
17:08:04  송신:2307
17:08:04  GPS위성:6
17:08:04  GPS_HDOP:1.27
17:08:04  원시위도:37.496311
17:08:04  원시경도:126.955851
17:08:04  GPS채택:915
17:08:04  GPS이상치거부:0
17:08:04  GPS품질거부:4
17:08:04  GPS재기준:0
17:08:04  RSSI원시:-58
17:08:04  RSSI평활:-57.6
17:08:04  RSSI샘플:3320
17:08:04  RSSI경과ms:10
17:08:04  차량수신:2182
17:08:04  UWB유효:1
17:08:04  UWB보정:1
17:08:04  UWB원시거리:5.080
17:08:04  UWB보정거리:5.315
17:08:04  UWB접근속도:-0.028
17:08:04  UWB오프셋:0.234
17:08:04  UWB경과ms:10
17:08:04  UWB수신:1138
17:08:04  시각ms:246884
17:08:04  IMU시각ms:246884
17:08:04  부팅횟수:378
17:08:04  리셋원인:POWER_ON
17:08:04  GPS복구횟수:0
17:08:04  마지막GPS복구ms:0
17:08:04  위험:0
17:08:04  차량위험:0
17:08:04  차량위험경과ms:-1
17:08:04  RSU위험:0
17:08:04  RSU위험경과ms:-1
17:08:04  GPS유효:1
17:08:04  위도:37.496311
17:08:04  경도:126.955849
17:08:04  속도:0.100
17:08:04  방향:0.0
17:08:04  GPS원시속도:0.103
17:08:04  GPS원시방향유효:1
17:08:04  GPS원시방향:248.8
17:08:04  가속도:6.953,6.685,0.014
17:08:04  자이로:13.977,10.313,-8.557
17:08:04  자력계:-47.250,48.300,-50.400
17:08:04  IMU방향유효:0
17:08:04  IMU방향:0.0
17:08:04  방향가속도크기:9.64
17:08:04  방향자이로크기:19.36
17:08:04  방향자세cos:0.7730
17:08:04  자기모델잔차:23.48
17:08:04  자기모델반경:1.528
17:08:04  방향채택:0
17:08:04  방향거부:27476
17:08:04  송신:2307
17:08:04  GPS위성:6
17:08:04  GPS_HDOP:1.27
17:08:04  원시위도:37.496311
17:08:04  원시경도:126.955851
17:08:04  GPS채택:915
17:08:04  GPS이상치거부:0
17:08:04  GPS품질거부:4
17:08:04  GPS재기준:0
17:08:04  RSSI원시:-58
17:08:04  RSSI평활:-57.6
17:08:04  RSSI샘플:3320
17:08:04  RSSI경과ms:33
17:08:04  차량수신:2182
17:08:04  UWB유효:1
17:08:04  UWB보정:1
17:08:04  UWB원시거리:5.080
17:08:04  UWB보정거리:5.315
17:08:04  UWB접근속도:-0.028
17:08:04  UWB오프셋:0.234
17:08:04  UWB경과ms:33
17:08:04  UWB수신:1138
17:08:04  시각ms:246907
17:08:04  IMU시각ms:246907
17:08:04  부팅횟수:378
17:08:04  리셋원인:POWER_ON
17:08:04  GPS복구횟수:0
17:08:04  마지막GPS복구ms:0
17:08:04  위험:0
17:08:04  차량위험:0
17:08:04  차량위험경과ms:-1
17:08:04  RSU위험:0
17:08:04  RSU위험경과ms:-1
17:08:04  GPS유효:1
17:08:04  위도:37.496311
17:08:04  경도:126.955849
17:08:04  속도:0.100
17:08:04  방향:0.0
17:08:04  GPS원시속도:0.103
17:08:04  GPS원시방향유효:1
17:08:04  GPS원시방향:248.8
17:08:04  가속도:7.001,6.809,-0.019
17:08:04  자이로:12.992,11.901,-10.695
17:08:04  자력계:-46.950,47.850,-49.500
17:08:04  IMU방향유효:0
17:08:04  IMU방향:0.0
17:08:04  방향가속도크기:9.77
17:08:04  방향자이로크기:20.61
17:08:04  방향자세cos:0.7706
17:08:04  자기모델잔차:23.48
17:08:04  자기모델반경:1.528
17:08:04  방향채택:0
17:08:04  방향거부:27479
17:08:04  송신:2307
17:08:04  GPS위성:6
17:08:04  GPS_HDOP:1.27
17:08:04  원시위도:37.496311
17:08:04  원시경도:126.955851
17:08:04  GPS채택:915
17:08:04  GPS이상치거부:0
17:08:04  GPS품질거부:4
17:08:04  GPS재기준:0
17:08:04  RSSI원시:-58
17:08:04  RSSI평활:-57.6
17:08:04  RSSI샘플:3320
17:08:04  RSSI경과ms:56
17:08:04  차량수신:2182
17:08:04  UWB유효:1
17:08:04  UWB보정:1
17:08:04  UWB원시거리:5.080
17:08:04  UWB보정거리:5.315
17:08:04  UWB접근속도:-0.028
17:08:04  UWB오프셋:0.234
17:08:04  UWB경과ms:56
17:08:04  UWB수신:1138
17:08:04  시각ms:246943
17:08:04  IMU시각ms:246943
17:08:04  부팅횟수:378
17:08:04  리셋원인:POWER_ON
17:08:04  GPS복구횟수:0
17:08:04  마지막GPS복구ms:0
17:08:04  위험:0
17:08:04  차량위험:0
17:08:04  차량위험경과ms:-1
17:08:04  RSU위험:0
17:08:04  RSU위험경과ms:-1
17:08:04  GPS유효:1
17:08:04  위도:37.496311
17:08:04  경도:126.955849
17:08:04  속도:0.100
17:08:04  방향:0.0
17:08:04  GPS원시속도:0.103
17:08:04  GPS원시방향유효:1
17:08:04  GPS원시방향:248.8
17:08:04  가속도:6.670,6.972,0.153
17:08:04  자이로:10.183,8.511,-9.412
17:08:04  자력계:-47.400,47.850,-49.500
17:08:04  IMU방향유효:0
17:08:04  IMU방향:0.0
17:08:04  방향가속도크기:9.65
17:08:04  방향자이로크기:16.27
17:08:04  방향자세cos:0.7798
17:08:04  자기모델잔차:23.48
17:08:04  자기모델반경:1.528
17:08:04  방향채택:0
17:08:04  방향거부:27482
17:08:04  송신:2308
17:08:04  GPS위성:6
17:08:04  GPS_HDOP:1.27
17:08:04  원시위도:37.496311
17:08:04  원시경도:126.955851
17:08:04  GPS채택:915
17:08:04  GPS이상치거부:0
17:08:04  GPS품질거부:4
17:08:04  GPS재기준:0
17:08:04  RSSI원시:-61
17:08:04  RSSI평활:-58.3
17:08:04  RSSI샘플:3321
17:08:04  RSSI경과ms:26
17:08:04  차량수신:2183
17:08:04  UWB유효:1
17:08:04  UWB보정:1
17:08:04  UWB원시거리:5.080
17:08:04  UWB보정거리:5.315
17:08:04  UWB접근속도:-0.028
17:08:04  UWB오프셋:0.234
17:08:04  UWB경과ms:92
17:08:04  UWB수신:1138
17:08:04  시각ms:246966
17:08:04  IMU시각ms:246966
17:08:04  부팅횟수:378
17:08:04  리셋원인:POWER_ON
17:08:04  GPS복구횟수:0
17:08:04  마지막GPS복구ms:0
17:08:04  위험:0
17:08:04  차량위험:0
17:08:04  차량위험경과ms:-1
17:08:04  RSU위험:0
17:08:04  RSU위험경과ms:-1
17:08:04  GPS유효:1
17:08:04  위도:37.496311
17:08:04  경도:126.955849
17:08:04  속도:0.100
17:08:04  방향:0.0
17:08:04  GPS원시속도:0.103
17:08:04  GPS원시방향유효:1
17:08:04  GPS원시방향:248.8
17:08:04  가속도:6.469,7.005,0.172
17:08:04  자이로:8.519,5.237,-7.840
17:08:04  자력계:-47.250,48.300,-49.650
17:08:04  IMU방향유효:0
17:08:04  IMU방향:0.0
17:08:04  방향가속도크기:9.54
17:08:04  방향자이로크기:12.71
17:08:04  방향자세cos:0.7798
17:08:04  자기모델잔차:23.48
17:08:04  자기모델반경:1.528
17:08:04  방향채택:0
17:08:04  방향거부:27485
17:08:04  송신:2308
17:08:04  GPS위성:6
17:08:04  GPS_HDOP:1.27
17:08:04  원시위도:37.496311
17:08:04  원시경도:126.955851
17:08:04  GPS채택:915
17:08:04  GPS이상치거부:0
17:08:04  GPS품질거부:4
17:08:04  GPS재기준:0
17:08:04  RSSI원시:-61
17:08:04  RSSI평활:-58.3
17:08:04  RSSI샘플:3321
17:08:04  RSSI경과ms:49
17:08:04  차량수신:2183
17:08:04  UWB유효:1
17:08:04  UWB보정:1
17:08:04  UWB원시거리:5.080
17:08:04  UWB보정거리:5.315
17:08:04  UWB접근속도:-0.028
17:08:04  UWB오프셋:0.234
17:08:04  UWB경과ms:115
17:08:04  UWB수신:1138
17:08:04  시각ms:246989
17:08:04  IMU시각ms:246989
17:08:04  부팅횟수:378
17:08:04  리셋원인:POWER_ON
17:08:04  GPS복구횟수:0
17:08:04  마지막GPS복구ms:0
17:08:04  위험:0
17:08:04  차량위험:0
17:08:04  차량위험경과ms:-1
17:08:04  RSU위험:0
17:08:04  RSU위험경과ms:-1
17:08:04  GPS유효:1
17:08:04  위도:37.496311
17:08:04  경도:126.955849
17:08:04  속도:0.101
17:08:04  방향:0.0
17:08:04  GPS원시속도:0.103
17:08:04  GPS원시방향유효:1
17:08:04  GPS원시방향:248.8
17:08:04  가속도:6.699,6.800,0.019
17:08:04  자이로:4.748,0.221,-11.794
17:08:04  자력계:-46.650,49.350,-49.500
17:08:04  IMU방향유효:0
17:08:04  IMU방향:0.0
17:08:04  방향가속도크기:9.55
17:08:04  방향자이로크기:12.72
17:08:04  방향자세cos:0.7720
17:08:04  자기모델잔차:23.48
17:08:04  자기모델반경:1.528
17:08:04  방향채택:0
17:08:04  방향거부:27488
17:08:04  송신:2308
17:08:04  GPS위성:6
17:08:04  GPS_HDOP:1.23
17:08:04  원시위도:37.496311
17:08:04  원시경도:126.955850
17:08:04  GPS채택:916
17:08:04  GPS이상치거부:0
17:08:04  GPS품질거부:4
17:08:04  GPS재기준:0
17:08:04  RSSI원시:-61
17:08:04  RSSI평활:-58.3
17:08:04  RSSI샘플:3321
17:08:04  RSSI경과ms:72
17:08:04  차량수신:2183
17:08:04  UWB유효:1
17:08:04  UWB보정:1
17:08:04  UWB원시거리:5.080
17:08:04  UWB보정거리:5.315
17:08:04  UWB접근속도:-0.028
17:08:04  UWB오프셋:0.234
17:08:04  UWB경과ms:138
17:08:04  UWB수신:1138
17:08:04  시각ms:247012
17:08:04  IMU시각ms:247012
17:08:04  부팅횟수:378
17:08:04  리셋원인:POWER_ON
17:08:04  GPS복구횟수:0
17:08:04  마지막GPS복구ms:0
17:08:04  위험:0
17:08:04  차량위험:0
17:08:04  차량위험경과ms:-1
17:08:04  RSU위험:0
17:08:04  RSU위험경과ms:-1
17:08:04  GPS유효:1
17:08:04  위도:37.496311
17:08:04  경도:126.955849
17:08:04  속도:0.101
17:08:04  방향:0.0
17:08:04  GPS원시속도:0.103
17:08:04  GPS원시방향유효:1
17:08:04  GPS원시방향:248.8
17:08:04  가속도:6.795,6.833,-0.249
17:08:04  자이로:5.962,0.641,-12.534
17:08:04  자력계:-47.550,48.750,-50.400
17:08:04  IMU방향유효:0
17:08:04  IMU방향:0.0
17:08:04  방향가속도크기:9.64
17:08:04  방향자이로크기:13.89
17:08:04  방향자세cos:0.7544
17:08:04  자기모델잔차:23.48
17:08:04  자기모델반경:1.528
17:08:04  방향채택:0
17:08:04  방향거부:27491
17:08:04  송신:2308
17:08:04  GPS위성:6
17:08:04  GPS_HDOP:1.23
17:08:04  원시위도:37.496311
17:08:04  원시경도:126.955850
17:08:04  GPS채택:916
17:08:04  GPS이상치거부:0
17:08:04  GPS품질거부:4
17:08:04  GPS재기준:0
17:08:04  RSSI원시:-61
17:08:04  RSSI평활:-58.3
17:08:04  RSSI샘플:3321
17:08:04  RSSI경과ms:95
17:08:04  차량수신:2183
17:08:04  UWB유효:1
17:08:04  UWB보정:1
17:08:04  UWB원시거리:5.080
17:08:04  UWB보정거리:5.315
17:08:04  UWB접근속도:-0.028
17:08:04  UWB오프셋:0.234
17:08:04  UWB경과ms:161
17:08:04  UWB수신:1138
17:08:05  시각ms:247117
17:08:05  IMU시각ms:247117
17:08:05  부팅횟수:378
17:08:05  리셋원인:POWER_ON
17:08:05  GPS복구횟수:0
17:08:05  마지막GPS복구ms:0
17:08:05  위험:0
17:08:05  차량위험:0
17:08:05  차량위험경과ms:-1
17:08:05  RSU위험:0
17:08:05  RSU위험경과ms:-1
17:08:05  GPS유효:1
17:08:05  위도:37.496311
17:08:05  경도:126.955849
17:08:05  속도:0.101
17:08:05  방향:0.0
17:08:05  GPS원시속도:0.103
17:08:05  GPS원시방향유효:1
17:08:05  GPS원시방향:248.8
17:08:05  가속도:6.618,7.015,-0.230
17:08:05  자이로:4.832,-3.534,-13.038
17:08:05  자력계:-46.950,48.150,-49.500
17:08:05  IMU방향유효:0
17:08:05  IMU방향:0.0
17:08:05  방향가속도크기:9.65
17:08:05  방향자이로크기:14.35
17:08:05  방향자세cos:0.7540
17:08:05  자기모델잔차:23.48
17:08:05  자기모델반경:1.528
17:08:05  방향채택:0
17:08:05  방향거부:27503
17:08:05  송신:2309
17:08:05  GPS위성:6
17:08:05  GPS_HDOP:1.23
17:08:05  원시위도:37.496311
17:08:05  원시경도:126.955850
17:08:05  GPS채택:916
17:08:05  GPS이상치거부:0
17:08:05  GPS품질거부:4
17:08:05  GPS재기준:0
17:08:05  RSSI원시:-62
17:08:05  RSSI평활:-59.0
17:08:05  RSSI샘플:3322
17:08:05  RSSI경과ms:71
17:08:05  차량수신:2183
17:08:05  UWB유효:1
17:08:05  UWB보정:1
17:08:05  UWB원시거리:5.060
17:08:05  UWB보정거리:5.315
17:08:05  UWB접근속도:-0.019
17:08:05  UWB오프셋:0.234
17:08:05  UWB경과ms:71
17:08:05  UWB수신:1139
17:08:05  시각ms:247223
17:08:05  IMU시각ms:247223
17:08:05  부팅횟수:378
17:08:05  리셋원인:POWER_ON
17:08:05  GPS복구횟수:0
17:08:05  마지막GPS복구ms:0
17:08:05  위험:0
17:08:05  차량위험:0
17:08:05  차량위험경과ms:-1
17:08:05  RSU위험:0
17:08:05  RSU위험경과ms:-1
17:08:05  GPS유효:1
17:08:05  위도:37.496311
17:08:05  경도:126.955849
17:08:05  속도:0.104
17:08:05  방향:0.0
17:08:05  GPS원시속도:0.108
17:08:05  GPS원시방향유효:1
17:08:05  GPS원시방향:248.8
17:08:05  가속도:5.995,7.350,-0.393
17:08:05  자이로:1.412,-1.374,-9.229
17:08:05  자력계:-45.900,46.200,-49.500
17:08:05  IMU방향유효:0
17:08:05  IMU방향:0.0
17:08:05  방향가속도크기:9.49
17:08:05  방향자이로크기:9.44
17:08:05  방향자세cos:0.7351
17:08:05  자기모델잔차:23.48
17:08:05  자기모델반경:1.528
17:08:05  방향채택:0
17:08:05  방향거부:27515
17:08:05  송신:2310
17:08:05  GPS위성:6
17:08:05  GPS_HDOP:1.23
17:08:05  원시위도:37.496311
17:08:05  원시경도:126.955850
17:08:05  GPS채택:917
17:08:05  GPS이상치거부:0
17:08:05  GPS품질거부:4
17:08:05  GPS재기준:0
17:08:05  RSSI원시:-59
17:08:05  RSSI평활:-59.0
17:08:05  RSSI샘플:3323
17:08:05  RSSI경과ms:101
17:08:05  차량수신:2184
17:08:05  UWB유효:1
17:08:05  UWB보정:1
17:08:05  UWB원시거리:5.060
17:08:05  UWB보정거리:5.315
17:08:05  UWB접근속도:-0.019
17:08:05  UWB오프셋:0.234
17:08:05  UWB경과ms:177
17:08:05  UWB수신:1139
17:08:05  시각ms:247321
17:08:05  IMU시각ms:247321
17:08:05  부팅횟수:378
17:08:05  리셋원인:POWER_ON
17:08:05  GPS복구횟수:0
17:08:05  마지막GPS복구ms:0
17:08:05  위험:0
17:08:05  차량위험:0
17:08:05  차량위험경과ms:-1
17:08:05  RSU위험:0
17:08:05  RSU위험경과ms:-1
17:08:05  GPS유효:1
17:08:05  위도:37.496311
17:08:05  경도:126.955849
17:08:05  속도:0.104
17:08:05  방향:0.0
17:08:05  GPS원시속도:0.108
17:08:05  GPS원시방향유효:1
17:08:05  GPS원시방향:248.8
17:08:05  가속도:5.454,8.274,-0.737
17:08:05  자이로:-4.458,-2.473,-5.863
17:08:05  자력계:-45.000,48.300,-51.150
17:08:05  IMU방향유효:0
17:08:05  IMU방향:0.0
17:08:05  방향가속도크기:9.94
17:08:05  방향자이로크기:7.77
17:08:05  방향자세cos:0.6958
17:08:05  자기모델잔차:23.48
17:08:05  자기모델반경:1.528
17:08:05  방향채택:0
17:08:05  방향거부:27526
17:08:05  송신:2311
17:08:05  GPS위성:6
17:08:05  GPS_HDOP:1.23
17:08:05  원시위도:37.496311
17:08:05  원시경도:126.955850
17:08:05  GPS채택:917
17:08:05  GPS이상치거부:0
17:08:05  GPS품질거부:4
17:08:05  GPS재기준:0
17:08:05  RSSI원시:-54
17:08:05  RSSI평활:-58.0
17:08:05  RSSI샘플:3324
17:08:05  RSSI경과ms:85
17:08:05  차량수신:2185
17:08:05  UWB유효:1
17:08:05  UWB보정:1
17:08:05  UWB원시거리:5.060
17:08:05  UWB보정거리:5.315
17:08:05  UWB접근속도:-0.019
17:08:05  UWB오프셋:0.234
17:08:05  UWB경과ms:275
17:08:05  UWB수신:1139
17:08:05  시각ms:247461
17:08:05  IMU시각ms:247461
17:08:05  부팅횟수:378
17:08:05  리셋원인:POWER_ON
17:08:05  GPS복구횟수:0
17:08:05  마지막GPS복구ms:0
17:08:05  위험:0
17:08:05  차량위험:0
17:08:05  차량위험경과ms:-1
17:08:05  RSU위험:0
17:08:05  RSU위험경과ms:-1
17:08:05  GPS유효:1
17:08:05  위도:37.496311
17:08:05  경도:126.955849
17:08:05  속도:0.096
17:08:05  방향:0.0
17:08:05  GPS원시속도:0.082
17:08:05  GPS원시방향유효:1
17:08:05  GPS원시방향:248.8
17:08:05  가속도:6.014,7.594,-0.417
17:08:05  자이로:-13.145,-11.573,1.511
17:08:05  자력계:-44.550,50.250,-49.650
17:08:05  IMU방향유효:0
17:08:05  IMU방향:0.0
17:08:05  방향가속도크기:9.70
17:08:05  방향자이로크기:17.58
17:08:05  방향자세cos:0.7321
17:08:05  자기모델잔차:23.48
17:08:05  자기모델반경:1.528
17:08:05  방향채택:0
17:08:05  방향거부:27541
17:08:05  송신:2313
17:08:05  GPS위성:6
17:08:05  GPS_HDOP:1.27
17:08:05  원시위도:37.496310
17:08:05  원시경도:126.955849
17:08:05  GPS채택:918
17:08:05  GPS이상치거부:0
17:08:05  GPS품질거부:4
17:08:05  GPS재기준:0
17:08:05  RSSI원시:-54
17:08:05  RSSI평활:-55.5
17:08:05  RSSI샘플:3327
17:08:05  RSSI경과ms:12
17:08:05  차량수신:2187
17:08:05  UWB유효:1
17:08:05  UWB보정:1
17:08:05  UWB원시거리:5.080
17:08:05  UWB보정거리:5.315
17:08:05  UWB접근속도:-0.009
17:08:05  UWB오프셋:0.234
17:08:05  UWB경과ms:12
17:08:05  UWB수신:1140
17:08:05  시각ms:247670
17:08:05  IMU시각ms:247670
17:08:05  부팅횟수:378
17:08:05  리셋원인:POWER_ON
17:08:05  GPS복구횟수:0
17:08:05  마지막GPS복구ms:0
17:08:05  위험:0
17:08:05  차량위험:0
17:08:05  차량위험경과ms:-1
17:08:05  RSU위험:0
17:08:05  RSU위험경과ms:-1
17:08:05  GPS유효:1
17:08:05  위도:37.496311
17:08:05  경도:126.955849
17:08:05  속도:0.104
17:08:05  방향:0.0
17:08:05  GPS원시속도:0.118
17:08:05  GPS원시방향유효:1
17:08:05  GPS원시방향:248.8
17:08:05  가속도:6.148,7.422,-0.426
17:08:05  자이로:-6.450,-0.374,7.031
17:08:05  자력계:-46.050,49.500,-49.650
17:08:05  IMU방향유효:0
17:08:05  IMU방향:0.0
17:08:05  방향가속도크기:9.65
17:08:05  방향자이로크기:9.55
17:08:05  방향자세cos:0.7342
17:08:05  자기모델잔차:23.48
17:08:05  자기모델반경:1.528
17:08:05  방향채택:0
17:08:05  방향거부:27565
17:08:05  송신:2315
17:08:05  GPS위성:6
17:08:05  GPS_HDOP:1.27
17:08:05  원시위도:37.496310
17:08:05  원시경도:126.955849
17:08:05  GPS채택:919
17:08:05  GPS이상치거부:0
17:08:05  GPS품질거부:4
17:08:05  GPS재기준:0
17:08:05  RSSI원시:-53
17:08:05  RSSI평활:-54.3
17:08:05  RSSI샘플:3330
17:08:05  RSSI경과ms:8
17:08:05  차량수신:2189
17:08:05  UWB유효:1
17:08:05  UWB보정:1
17:08:05  UWB원시거리:5.060
17:08:05  UWB보정거리:5.308
17:08:05  UWB접근속도:0.004
17:08:05  UWB오프셋:0.234
17:08:05  UWB경과ms:8
17:08:05  UWB수신:1141
17:08:05  시각ms:247693
17:08:05  IMU시각ms:247693
17:08:05  부팅횟수:378
17:08:05  리셋원인:POWER_ON
17:08:05  GPS복구횟수:0
17:08:05  마지막GPS복구ms:0
17:08:05  위험:0
17:08:05  차량위험:0
17:08:05  차량위험경과ms:-1
17:08:05  RSU위험:0
17:08:05  RSU위험경과ms:-1
17:08:05  GPS유효:1
17:08:05  위도:37.496311
17:08:05  경도:126.955849
17:08:05  속도:0.104
17:08:05  방향:0.0
17:08:05  GPS원시속도:0.118
17:08:05  GPS원시방향유효:1
17:08:05  GPS원시방향:248.8
17:08:05  가속도:6.129,7.345,-0.268
17:08:05  자이로:-6.656,1.695,4.664
17:08:05  자력계:-44.700,49.650,-48.750
17:08:05  IMU방향유효:0
17:08:05  IMU방향:0.0
17:08:05  방향가속도크기:9.57
17:08:05  방향자이로크기:8.30
17:08:05  방향자세cos:0.7453
17:08:05  자기모델잔차:23.48
17:08:05  자기모델반경:1.528
17:08:05  방향채택:0
17:08:05  방향거부:27568
17:08:05  송신:2315
17:08:05  GPS위성:6
17:08:05  GPS_HDOP:1.27
17:08:05  원시위도:37.496310
17:08:05  원시경도:126.955849
17:08:05  GPS채택:919
17:08:05  GPS이상치거부:0
17:08:05  GPS품질거부:4
17:08:05  GPS재기준:0
17:08:05  RSSI원시:-53
17:08:05  RSSI평활:-54.3
17:08:05  RSSI샘플:3330
17:08:05  RSSI경과ms:31
17:08:05  차량수신:2189
17:08:05  UWB유효:1
17:08:05  UWB보정:1
17:08:05  UWB원시거리:5.060
17:08:05  UWB보정거리:5.308
17:08:05  UWB접근속도:0.004
17:08:05  UWB오프셋:0.234
17:08:05  UWB경과ms:31
17:08:05  UWB수신:1141
17:08:05  시각ms:247821
17:08:05  IMU시각ms:247821
17:08:05  부팅횟수:378
17:08:05  리셋원인:POWER_ON
17:08:05  GPS복구횟수:0
17:08:05  마지막GPS복구ms:0
17:08:05  위험:0
17:08:05  차량위험:0
17:08:05  차량위험경과ms:-1
17:08:05  RSU위험:0
17:08:05  RSU위험경과ms:-1
17:08:05  GPS유효:1
17:08:05  위도:37.496311
17:08:05  경도:126.955849
17:08:05  속도:0.109
17:08:05  방향:0.0
17:08:05  GPS원시속도:0.118
17:08:05  GPS원시방향유효:1
17:08:05  GPS원시방향:248.8
17:08:05  가속도:6.009,7.441,0.048
17:08:05  자이로:6.626,12.679,4.679
17:08:05  자력계:-46.650,49.350,-50.550
17:08:05  IMU방향유효:0
17:08:05  IMU방향:0.0
17:08:05  방향가속도크기:9.56
17:08:05  방향자이로크기:15.05
17:08:05  방향자세cos:0.7645
17:08:05  자기모델잔차:23.48
17:08:05  자기모델반경:1.528
17:08:05  방향채택:0
17:08:05  방향거부:27583
17:08:05  송신:2316
17:08:05  GPS위성:6
17:08:05  GPS_HDOP:1.23
17:08:05  원시위도:37.496310
17:08:05  원시경도:126.955849
17:08:05  GPS채택:920
17:08:05  GPS이상치거부:0
17:08:05  GPS품질거부:4
17:08:05  GPS재기준:0
17:08:05  RSSI원시:-53
17:08:05  RSSI평활:-54.0
17:08:05  RSSI샘플:3331
17:08:05  RSSI경과ms:82
17:08:05  차량수신:2190
17:08:05  UWB유효:1
17:08:05  UWB보정:1
17:08:05  UWB원시거리:5.060
17:08:05  UWB보정거리:5.308
17:08:05  UWB접근속도:0.004
17:08:05  UWB오프셋:0.234
17:08:05  UWB경과ms:159
17:08:05  UWB수신:1141
17:08:05  시각ms:247844
17:08:05  IMU시각ms:247844
17:08:05  부팅횟수:378
17:08:05  리셋원인:POWER_ON
17:08:05  GPS복구횟수:0
17:08:05  마지막GPS복구ms:0
17:08:05  위험:0
17:08:05  차량위험:0
17:08:05  차량위험경과ms:-1
17:08:05  RSU위험:0
17:08:05  RSU위험경과ms:-1
17:08:05  GPS유효:1
17:08:05  위도:37.496311
17:08:05  경도:126.955849
17:08:05  속도:0.109
17:08:05  방향:0.0
17:08:05  GPS원시속도:0.118
17:08:05  GPS원시방향유효:1
17:08:05  GPS원시방향:248.8
17:08:05  가속도:6.100,7.479,0.460
17:08:05  자이로:1.031,9.702,2.550
17:08:05  자력계:-46.650,48.900,-50.250
17:08:05  IMU방향유효:0
17:08:05  IMU방향:0.0
17:08:05  방향가속도크기:9.66
17:08:05  방향자이로크기:10.08
17:08:05  방향자세cos:0.7913
17:08:05  자기모델잔차:23.48
17:08:05  자기모델반경:1.528
17:08:05  방향채택:0
17:08:05  방향거부:27586
17:08:05  송신:2316
17:08:05  GPS위성:6
17:08:05  GPS_HDOP:1.23
17:08:05  원시위도:37.496310
17:08:05  원시경도:126.955849
17:08:05  GPS채택:920
17:08:05  GPS이상치거부:0
17:08:05  GPS품질거부:4
17:08:05  GPS재기준:0
17:08:05  RSSI원시:-53
17:08:05  RSSI평활:-54.0
17:08:05  RSSI샘플:3331
17:08:05  RSSI경과ms:105
17:08:05  차량수신:2190
17:08:05  UWB유효:1
17:08:05  UWB보정:1
17:08:05  UWB원시거리:5.060
17:08:05  UWB보정거리:5.308
17:08:05  UWB접근속도:0.004
17:08:05  UWB오프셋:0.234
17:08:05  UWB경과ms:182
17:08:05  UWB수신:1141
17:08:05  시각ms:247879
17:08:05  IMU시각ms:247879
17:08:05  부팅횟수:378
17:08:05  리셋원인:POWER_ON
17:08:05  GPS복구횟수:0
17:08:05  마지막GPS복구ms:0
17:08:05  위험:0
17:08:05  차량위험:0
17:08:05  차량위험경과ms:-1
17:08:05  RSU위험:0
17:08:05  RSU위험경과ms:-1
17:08:05  GPS유효:1
17:08:05  위도:37.496311
17:08:05  경도:126.955849
17:08:05  속도:0.109
17:08:05  방향:0.0
17:08:05  GPS원시속도:0.118
17:08:05  GPS원시방향유효:1
17:08:05  GPS원시방향:248.8
17:08:05  가속도:6.220,7.274,0.034
17:08:05  자이로:-0.519,4.847,5.832
17:08:05  자력계:-46.050,50.700,-49.650
17:08:05  IMU방향유효:0
17:08:05  IMU방향:0.0
17:08:05  방향가속도크기:9.57
17:08:05  방향자이로크기:7.60
17:08:05  방향자세cos:0.7670
17:08:05  자기모델잔차:23.48
17:08:05  자기모델반경:1.528
17:08:05  방향채택:0
17:08:05  방향거부:27589
17:08:05  송신:2317
17:08:05  GPS위성:6
17:08:05  GPS_HDOP:1.23
17:08:05  원시위도:37.496310
17:08:05  원시경도:126.955849
17:08:05  GPS채택:920
17:08:05  GPS이상치거부:0
17:08:05  GPS품질거부:4
17:08:05  GPS재기준:0
17:08:05  RSSI원시:-53
17:08:05  RSSI평활:-53.8
17:08:05  RSSI샘플:3333
17:08:05  RSSI경과ms:29
17:08:05  차량수신:2191
17:08:05  UWB유효:1
17:08:05  UWB보정:1
17:08:05  UWB원시거리:5.150
17:08:05  UWB보정거리:5.303
17:08:05  UWB접근속도:0.010
17:08:05  UWB오프셋:0.234
17:08:05  UWB경과ms:31
17:08:05  UWB수신:1142
17:08:05  시각ms:247902
17:08:05  IMU시각ms:247902
17:08:05  부팅횟수:378
17:08:05  리셋원인:POWER_ON
17:08:05  GPS복구횟수:0
17:08:05  마지막GPS복구ms:0
17:08:05  위험:0
17:08:05  차량위험:0
17:08:05  차량위험경과ms:-1
17:08:05  RSU위험:0
17:08:05  RSU위험경과ms:-1
17:08:05  GPS유효:1
17:08:05  위도:37.496311
17:08:05  경도:126.955849
17:08:05  속도:0.109
17:08:05  방향:0.0
17:08:05  GPS원시속도:0.118
17:08:05  GPS원시방향유효:1
17:08:05  GPS원시방향:248.8
17:08:05  가속도:6.148,7.403,0.148
17:08:05  자이로:-4.260,7.221,6.130
17:08:05  자력계:-46.650,48.600,-49.050
17:08:05  IMU방향유효:0
17:08:05  IMU방향:0.0
17:08:05  방향가속도크기:9.62
17:08:05  방향자이로크기:10.39
17:08:05  방향자세cos:0.7728
17:08:05  자기모델잔차:23.48
17:08:05  자기모델반경:1.528
17:08:05  방향채택:0
17:08:05  방향거부:27592
17:08:05  송신:2317
17:08:05  GPS위성:6
17:08:05  GPS_HDOP:1.23
17:08:05  원시위도:37.496310
17:08:05  원시경도:126.955849
17:08:05  GPS채택:920
17:08:05  GPS이상치거부:0
17:08:05  GPS품질거부:4
17:08:05  GPS재기준:0
17:08:05  RSSI원시:-53
17:08:05  RSSI평활:-53.8
17:08:05  RSSI샘플:3333
17:08:05  RSSI경과ms:52
17:08:05  차량수신:2191
17:08:05  UWB유효:1
17:08:05  UWB보정:1
17:08:05  UWB원시거리:5.150
17:08:05  UWB보정거리:5.303
17:08:05  UWB접근속도:0.010
17:08:05  UWB오프셋:0.234
17:08:05  UWB경과ms:54
17:08:05  UWB수신:1142
17:08:05  시각ms:247925
17:08:05  IMU시각ms:247925
17:08:05  부팅횟수:378
17:08:05  리셋원인:POWER_ON
17:08:05  GPS복구횟수:0
17:08:05  마지막GPS복구ms:0
17:08:05  위험:0
17:08:05  차량위험:0
17:08:05  차량위험경과ms:-1
17:08:05  RSU위험:0
17:08:05  RSU위험경과ms:-1
17:08:05  GPS유효:1
17:08:05  위도:37.496311
17:08:05  경도:126.955849
17:08:05  속도:0.109
17:08:05  방향:0.0
17:08:05  GPS원시속도:0.118
17:08:05  GPS원시방향유효:1
17:08:05  GPS원시방향:248.8
17:08:05  가속도:6.206,7.422,-0.019
17:08:05  자이로:1.053,6.908,0.718
17:08:05  자력계:-45.750,49.950,-49.650
17:08:05  IMU방향유효:0
17:08:05  IMU방향:0.0
17:08:05  방향가속도크기:9.67
17:08:05  방향자이로크기:7.02
17:08:05  방향자세cos:0.7622
17:08:05  자기모델잔차:23.48
17:08:05  자기모델반경:1.528
17:08:05  방향채택:0
17:08:05  방향거부:27595
17:08:05  송신:2317
17:08:05  GPS위성:6
17:08:05  GPS_HDOP:1.23
17:08:05  원시위도:37.496310
17:08:05  원시경도:126.955849
17:08:05  GPS채택:920
17:08:05  GPS이상치거부:0
17:08:05  GPS품질거부:4
17:08:05  GPS재기준:0
17:08:05  RSSI원시:-53
17:08:05  RSSI평활:-53.8
17:08:05  RSSI샘플:3333
17:08:05  RSSI경과ms:75
17:08:05  차량수신:2191
17:08:05  UWB유효:1
17:08:05  UWB보정:1
17:08:05  UWB원시거리:5.150
17:08:05  UWB보정거리:5.303
17:08:05  UWB접근속도:0.010
17:08:05  UWB오프셋:0.234
17:08:05  UWB경과ms:77
17:08:05  UWB수신:1142
17:08:05  시각ms:247948
17:08:05  IMU시각ms:247948
17:08:05  부팅횟수:378
17:08:05  리셋원인:POWER_ON
17:08:05  GPS복구횟수:0
17:08:05  마지막GPS복구ms:0
17:08:05  위험:0
17:08:05  차량위험:0
17:08:05  차량위험경과ms:-1
17:08:05  RSU위험:0
17:08:05  RSU위험경과ms:-1
17:08:05  GPS유효:1
17:08:05  위도:37.496311
17:08:05  경도:126.955849
17:08:05  속도:0.109
17:08:05  방향:0.0
17:08:05  GPS원시속도:0.118
17:08:05  GPS원시방향유효:1
17:08:05  GPS원시방향:248.8
17:08:05  가속도:6.086,7.518,0.187
17:08:05  자이로:-1.504,8.588,6.962
17:08:05  자력계:-46.650,49.650,-48.750
17:08:05  IMU방향유효:0
17:08:05  IMU방향:0.0
17:08:05  방향가속도크기:9.67
17:08:05  방향자이로크기:11.16
17:08:05  방향자세cos:0.7736
17:08:05  자기모델잔차:23.48
17:08:05  자기모델반경:1.528
17:08:05  방향채택:0
17:08:05  방향거부:27598
17:08:05  송신:2317
17:08:05  GPS위성:6
17:08:05  GPS_HDOP:1.23
17:08:05  원시위도:37.496310
17:08:05  원시경도:126.955849
17:08:05  GPS채택:920
17:08:05  GPS이상치거부:0
17:08:05  GPS품질거부:4
17:08:05  GPS재기준:0
17:08:05  RSSI원시:-54
17:08:05  RSSI평활:-53.8
17:08:05  RSSI샘플:3334
17:08:05  RSSI경과ms:1
17:08:05  차량수신:2192
17:08:05  UWB유효:1
17:08:05  UWB보정:1
17:08:05  UWB원시거리:5.150
17:08:05  UWB보정거리:5.303
17:08:05  UWB접근속도:0.010
17:08:05  UWB오프셋:0.234
17:08:05  UWB경과ms:100
17:08:05  UWB수신:1142
17:08:06  시각ms:248007
17:08:06  IMU시각ms:248007
17:08:06  부팅횟수:378
17:08:06  리셋원인:POWER_ON
17:08:06  GPS복구횟수:0
17:08:06  마지막GPS복구ms:0
17:08:06  위험:0
17:08:06  차량위험:0
17:08:06  차량위험경과ms:-1
17:08:06  RSU위험:0
17:08:06  RSU위험경과ms:-1
17:08:06  GPS유효:1
17:08:06  위도:37.496311
17:08:06  경도:126.955849
17:08:06  속도:0.103
17:08:06  방향:0.0
17:08:06  GPS원시속도:0.093
17:08:06  GPS원시방향유효:1
17:08:06  GPS원시방향:248.8
17:08:06  가속도:6.297,7.197,0.057
17:08:06  자이로:-3.603,6.908,5.519
17:08:06  자력계:-47.700,48.600,-48.750
17:08:06  IMU방향유효:0
17:08:06  IMU방향:0.0
17:08:06  방향가속도크기:9.56
17:08:06  방향자이로크기:9.55
17:08:06  방향자세cos:0.7698
17:08:06  자기모델잔차:23.48
17:08:06  자기모델반경:1.528
17:08:06  방향채택:0
17:08:06  방향거부:27604
17:08:06  송신:2318
17:08:06  GPS위성:6
17:08:06  GPS_HDOP:1.23
17:08:06  원시위도:37.496308
17:08:06  원시경도:126.955848
17:08:06  GPS채택:921
17:08:06  GPS이상치거부:0
17:08:06  GPS품질거부:4
17:08:06  GPS재기준:0
17:08:06  RSSI원시:-54
17:08:06  RSSI평활:-53.8
17:08:06  RSSI샘플:3334
17:08:06  RSSI경과ms:60
17:08:06  차량수신:2192
17:08:06  UWB유효:1
17:08:06  UWB보정:1
17:08:06  UWB원시거리:5.150
17:08:06  UWB보정거리:5.303
17:08:06  UWB접근속도:0.010
17:08:06  UWB오프셋:0.234
17:08:06  UWB경과ms:159
17:08:06  UWB수신:1142
17:08:06  시각ms:248030
17:08:06  IMU시각ms:248030
17:08:06  부팅횟수:378
17:08:06  리셋원인:POWER_ON
17:08:06  GPS복구횟수:0
17:08:06  마지막GPS복구ms:0
17:08:06  위험:0
17:08:06  차량위험:0
17:08:06  차량위험경과ms:-1
17:08:06  RSU위험:0
17:08:06  RSU위험경과ms:-1
17:08:06  GPS유효:1
17:08:06  위도:37.496311
17:08:06  경도:126.955849
17:08:06  속도:0.103
17:08:06  방향:0.0
17:08:06  GPS원시속도:0.093
17:08:06  GPS원시방향유효:1
17:08:06  GPS원시방향:248.8
17:08:06  가속도:6.493,7.216,0.062
17:08:06  자이로:1.710,6.275,6.206
17:08:06  자력계:-48.150,49.650,-50.550
17:08:06  IMU방향유효:0
17:08:06  IMU방향:0.0
17:08:06  방향가속도크기:9.71
17:08:06  방향자이로크기:8.99
17:08:06  방향자세cos:0.7714
17:08:06  자기모델잔차:23.48
17:08:06  자기모델반경:1.528
17:08:06  방향채택:0
17:08:06  방향거부:27607
17:08:06  송신:2318
17:08:06  GPS위성:6
17:08:06  GPS_HDOP:1.23
17:08:06  원시위도:37.496308
17:08:06  원시경도:126.955848
17:08:06  GPS채택:921
17:08:06  GPS이상치거부:0
17:08:06  GPS품질거부:4
17:08:06  GPS재기준:0
17:08:06  RSSI원시:-54
17:08:06  RSSI평활:-53.8
17:08:06  RSSI샘플:3334
17:08:06  RSSI경과ms:83
17:08:06  차량수신:2192
17:08:06  UWB유효:1
17:08:06  UWB보정:1
17:08:06  UWB원시거리:5.150
17:08:06  UWB보정거리:5.303
17:08:06  UWB접근속도:0.010
17:08:06  UWB오프셋:0.234
17:08:06  UWB경과ms:182
17:08:06  UWB수신:1142
17:08:06  시각ms:248053
17:08:06  IMU시각ms:248053
17:08:06  부팅횟수:378
17:08:06  리셋원인:POWER_ON
17:08:06  GPS복구횟수:0
17:08:06  마지막GPS복구ms:0
17:08:06  위험:0
17:08:06  차량위험:0
17:08:06  차량위험경과ms:-1
17:08:06  RSU위험:0
17:08:06  RSU위험경과ms:-1
17:08:06  GPS유효:1
17:08:06  위도:37.496311
17:08:06  경도:126.955849
17:08:06  속도:0.103
17:08:06  방향:0.0
17:08:06  GPS원시속도:0.093
17:08:06  GPS원시방향유효:1
17:08:06  GPS원시방향:248.8
17:08:06  가속도:6.359,7.202,0.350
17:08:06  자이로:-0.321,5.527,6.511
17:08:06  자력계:-46.650,48.600,-47.700
17:08:06  IMU방향유효:0
17:08:06  IMU방향:0.0
17:08:06  방향가속도크기:9.61
17:08:06  방향자이로크기:8.55
17:08:06  방향자세cos:0.7890
17:08:06  자기모델잔차:23.48
17:08:06  자기모델반경:1.528
17:08:06  방향채택:0
17:08:06  방향거부:27610
17:08:06  송신:2318
17:08:06  GPS위성:6
17:08:06  GPS_HDOP:1.23
17:08:06  원시위도:37.496308
17:08:06  원시경도:126.955848
17:08:06  GPS채택:921
17:08:06  GPS이상치거부:0
17:08:06  GPS품질거부:4
17:08:06  GPS재기준:0
17:08:06  RSSI원시:-55
17:08:06  RSSI평활:-54.1
17:08:06  RSSI샘플:3335
17:08:06  RSSI경과ms:6
17:08:06  차량수신:2192
17:08:06  UWB유효:1
17:08:06  UWB보정:1
17:08:06  UWB원시거리:5.110
17:08:06  UWB보정거리:5.307
17:08:06  UWB접근속도:0.001
17:08:06  UWB오프셋:0.234
17:08:06  UWB경과ms:6
17:08:06  UWB수신:1143
17:08:06  시각ms:248088
17:08:06  IMU시각ms:248088
17:08:06  부팅횟수:378
17:08:06  리셋원인:POWER_ON
17:08:06  GPS복구횟수:0
17:08:06  마지막GPS복구ms:0
17:08:06  위험:0
17:08:06  차량위험:0
17:08:06  차량위험경과ms:-1
17:08:06  RSU위험:0
17:08:06  RSU위험경과ms:-1
17:08:06  GPS유효:1
17:08:06  위도:37.496311
17:08:06  경도:126.955849
17:08:06  속도:0.103
17:08:06  방향:0.0
17:08:06  GPS원시속도:0.093
17:08:06  GPS원시방향유효:1
17:08:06  GPS원시방향:248.8
17:08:06  가속도:6.742,6.804,0.603
17:08:06  자이로:-5.611,-0.702,4.099
17:08:06  자력계:-48.900,49.650,-49.050
17:08:06  IMU방향유효:0
17:08:06  IMU방향:0.0
17:08:06  방향가속도크기:9.60
17:08:06  방향자이로크기:6.98
17:08:06  방향자세cos:0.8093
17:08:06  자기모델잔차:23.48
17:08:06  자기모델반경:1.528
17:08:06  방향채택:0
17:08:06  방향거부:27613
17:08:06  송신:2319
17:08:06  GPS위성:6
17:08:06  GPS_HDOP:1.23
17:08:06  원시위도:37.496308
17:08:06  원시경도:126.955848
17:08:06  GPS채택:921
17:08:06  GPS이상치거부:0
17:08:06  GPS품질거부:4
17:08:06  GPS재기준:0
17:08:06  RSSI원시:-54
17:08:06  RSSI평활:-54.1
17:08:06  RSSI샘플:3336
17:08:06  RSSI경과ms:25
17:08:06  차량수신:2193
17:08:06  UWB유효:1
17:08:06  UWB보정:1
17:08:06  UWB원시거리:5.110
17:08:06  UWB보정거리:5.307
17:08:06  UWB접근속도:0.001
17:08:06  UWB오프셋:0.234
17:08:06  UWB경과ms:41
17:08:06  UWB수신:1143
