시각,경과초,시각ms,IMU시각ms,위험,원시위험,GPS유효,위도,경도,속도,방향,이동방향유효,GPS이동방향,차체방향유효,차체방향,후진판정,IMU요회전속도,방향가속도크기,방향자이로크기,방향자세cos,자기모델잔차,자기모델반경,방향채택,방향거부,GPS원시속도,GPS원시방향유효,GPS원시방향,가속도,자이로,자력계,충격값,충격피크,마지막충격발생값,마지막충격발생ms,송신,지팡이수신,GPS위성,GPS_HDOP,원시위도,원시경도,GPS채택,GPS이상치거부,GPS품질거부,GPS재기준,계산거리,접근속도,TTC,방향오차,전방여부,위험음성횟수,충격음성횟수,마지막위험음성,RSSI원시,RSSI평활,RSSI샘플,RSSI경과ms,RSSI구간,RSSI거리,상대보정,상대보정중,보정동쪽,보정북쪽,UWB유효,UWB원시거리,UWB보정거리,UWB접근속도,UWB_RSSI,UWB경과ms,UWB샘플,UWB실패,UWB보정,UWB보정중,UWB보정샘플,UWB보정기준,UWB오프셋,UWB위험사용,UWB전송,위험송신
17:07:45,0.070,1375974,1375974,0,0,1,37.495947,126.956066,0.01,290.8,0,290.8,0,0.0,0,0.00,9.70,2.85,0.9999,25.47,0.933,0,149218,0.010,1,290.8,"-0.45,0.35,9.68","0.9,-0.2,-2.7","8.700,4.650,19.500",0.05,0.07,0.00,0,13084,8537,9,1.16,37.495948,126.956069,1361,0,0,0,-1.00,0.00,999.00,0.0,0,0,0,0,-61,-61.1,8537,103,4,2.45,0,0,0.00,0.00,1,5.010,5.250,-0.008,nan,9,6644,159,1,0,100,3.000,0.234,0,6642,0
17:07:45,0.071,1376001,1376001,0,0,1,37.495947,126.956066,0.01,290.8,0,290.8,0,0.0,0,0.00,9.78,3.28,0.9998,26.48,0.962,0,149221,0.010,1,290.8,"-0.36,0.32,9.77","0.4,-1.8,2.7","8.850,5.700,20.400",0.10,0.13,0.00,0,13084,8538,9,1.16,37.495948,126.956069,1361,0,0,0,-1.00,0.00,999.00,0.0,0,0,0,0,-61,-61.1,8538,18,4,2.45,0,0,0.00,0.00,1,5.010,5.250,-0.008,nan,36,6644,159,1,0,100,3.000,0.234,0,6642,0
17:07:45,0.071,1376021,1376021,0,0,1,37.495947,126.956066,0.01,290.8,0,290.8,0,0.0,0,0.00,9.60,0.86,0.9999,26.22,0.927,0,149223,0.010,1,290.8,"-0.38,0.34,9.59","0.1,-0.8,0.2","9.900,4.650,20.250",0.09,0.09,0.00,0,13084,8538,9,1.16,37.495948,126.956069,1361,0,0,0,-1.00,0.00,999.00,0.0,0,0,0,0,-61,-61.1,8538,38,4,2.45,0,0,0.00,0.00,1,5.010,5.250,-0.008,nan,56,6644,159,1,0,100,3.000,0.234,0,6642,0
17:07:45,0.072,1376049,1376048,0,0,1,37.495947,126.956066,0.01,290.8,0,290.8,0,0.0,0,0.00,9.69,3.89,0.9999,26.64,0.969,0,149226,0.010,1,290.8,"-0.37,0.37,9.67","0.8,3.7,-0.9","7.950,5.850,20.550",0.04,0.13,0.00,0,13085,8538,9,1.16,37.495948,126.956069,1361,0,0,0,-1.00,0.00,999.00,0.0,0,0,0,0,-61,-61.1,8538,66,4,2.45,0,0,0.00,0.00,1,5.010,5.250,-0.008,nan,84,6644,159,1,0,100,3.000,0.234,0,6642,0
17:07:45,0.072,1376069,1376069,0,0,1,37.495947,126.956066,0.01,290.8,0,290.8,0,0.0,0,0.00,9.74,0.99,0.9998,27.23,0.960,0,149228,0.010,1,290.8,"-0.43,0.30,9.73","0.9,0.2,0.3","8.550,5.700,21.150",0.07,0.07,0.00,0,13085,8539,9,1.16,37.495948,126.956069,1361,0,0,0,-1.00,0.00,999.00,0.0,0,0,0,0,-62,-61.3,8539,14,4,2.49,0,0,0.00,0.00,1,5.010,5.250,-0.008,nan,104,6644,159,1,0,100,3.000,0.234,0,6642,0
17:07:45,0.167,1376094,1376094,0,0,1,37.495947,126.956066,0.01,290.8,0,290.8,0,0.0,0,0.00,9.72,1.23,0.9998,24.97,0.876,0,149231,0.010,1,290.8,"-0.42,0.30,9.71","1.1,-0.0,-0.5","9.300,2.850,19.200",0.06,0.12,0.00,0,13085,8539,9,1.16,37.495948,126.956069,1361,0,0,0,-1.00,0.00,999.00,0.0,0,0,0,0,-62,-61.3,8539,39,4,2.49,0,0,0.00,0.00,1,5.010,5.250,-0.008,nan,129,6644,159,1,0,100,3.000,0.234,0,6642,0
17:07:45,0.198,1376141,1376141,0,0,1,37.495947,126.956066,0.01,290.8,0,290.8,0,0.0,0,0.00,9.72,4.28,0.9997,27.26,0.925,0,149236,0.010,1,290.8,"-0.46,0.25,9.71","2.3,1.0,3.5","9.150,4.650,21.300",0.12,0.13,0.00,0,13085,8539,9,1.16,37.495948,126.956069,1361,0,0,0,-1.00,0.00,999.00,0.0,0,0,0,0,-62,-61.3,8539,86,4,2.49,0,0,0.00,0.00,1,5.010,5.250,-0.008,nan,176,6644,159,1,0,100,3.000,0.234,0,6642,0
17:07:45,0.198,1376165,1376161,0,0,1,37.495947,126.956066,0.01,290.8,0,290.8,0,0.0,0,0.00,9.79,3.38,1.0000,26.36,0.921,0,149238,0.010,1,290.8,"-0.39,0.49,9.77","-0.7,0.9,-3.2","11.250,4.500,20.400",0.17,0.17,0.00,0,13086,8540,9,1.16,37.495948,126.956069,1361,0,0,0,-1.00,0.00,999.00,0.0,0,0,0,0,-62,-61.4,8540,1,4,2.52,0,0,0.00,0.00,1,5.010,5.248,-0.003,nan,1,6645,159,1,0,100,3.000,0.234,0,6643,0
17:07:46,0.289,1376191,1376191,0,0,1,37.495947,126.956066,0.01,290.8,0,290.8,0,0.0,0,0.00,9.58,1.94,0.9999,25.32,0.977,0,149241,0.010,1,290.8,"-0.47,0.35,9.56","-0.8,1.8,-0.1","8.550,6.000,19.200",0.13,0.13,0.00,0,13086,8540,9,1.16,37.495948,126.956069,1361,0,0,0,-1.00,0.00,999.00,0.0,0,0,0,0,-62,-61.4,8540,27,4,2.52,0,0,0.00,0.00,1,5.010,5.248,-0.003,nan,27,6645,159,1,0,100,3.000,0.234,0,6643,0
17:07:46,0.324,1376217,1376217,0,0,1,37.495947,126.956066,0.01,290.8,0,290.8,0,0.0,0,0.00,9.70,2.23,0.9996,25.53,0.944,0,149244,0.010,1,290.8,"-0.49,0.22,9.69","-0.7,2.0,-0.6","10.650,5.100,19.500",0.15,0.16,0.00,0,13086,8540,9,1.16,37.495948,126.956069,1361,0,0,0,-1.00,0.00,999.00,0.0,0,0,0,0,-62,-61.4,8540,53,4,2.52,0,0,0.00,0.00,1,5.010,5.248,-0.003,nan,53,6645,159,1,0,100,3.000,0.234,0,6643,0
17:07:46,0.324,1376243,1376243,0,0,1,37.495947,126.956066,0.01,290.8,0,290.8,0,0.0,0,0.00,9.81,3.15,0.9999,25.85,0.912,0,149247,0.010,1,290.8,"-0.39,0.34,9.79","-1.3,1.3,-2.6","8.850,4.050,19.950",0.11,0.11,0.00,0,13086,8540,9,1.16,37.495948,126.956069,1361,0,0,0,-1.00,0.00,999.00,0.0,0,0,0,0,-62,-61.4,8540,79,4,2.52,0,0,0.00,0.00,1,5.010,5.248,-0.003,nan,79,6645,159,1,0,100,3.000,0.234,0,6643,0
17:07:46,0.325,1376270,1376270,0,0,1,37.495947,126.956066,0.01,290.8,0,290.8,0,0.0,0,0.00,9.72,3.16,0.9999,25.25,0.950,0,149250,0.010,1,290.8,"-0.33,0.36,9.71","-2.2,0.5,-2.2","10.050,5.250,19.200",0.09,0.09,0.00,0,13087,8540,9,1.16,37.495948,126.956069,1361,0,0,0,-1.00,0.00,999.00,0.0,0,0,0,0,-62,-61.4,8540,106,4,2.52,0,0,0.00,0.00,1,5.010,5.248,-0.003,nan,106,6645,159,1,0,100,3.000,0.234,0,6643,0
17:07:46,0.325,1376297,1376297,0,0,1,37.495947,126.956066,0.01,290.8,0,290.8,0,0.0,0,0.00,9.75,0.85,0.9998,27.44,0.980,0,149253,0.010,1,290.8,"-0.28,0.38,9.74","-0.1,0.5,0.7","7.950,6.300,21.300",0.14,0.14,0.00,0,13087,8540,9,1.16,37.495948,126.956069,1361,0,0,0,-1.00,0.00,999.00,0.0,0,0,0,0,-62,-61.4,8540,133,4,2.52,0,0,0.00,0.00,1,5.010,5.248,-0.003,nan,133,6645,159,1,0,100,3.000,0.234,0,6643,0
17:07:46,0.325,1376324,1376324,0,0,1,37.495947,126.956066,0.01,290.8,0,290.8,0,0.0,0,0.00,9.73,2.62,0.9999,25.02,0.933,0,149256,0.010,1,290.8,"-0.43,0.36,9.72","0.5,-0.1,-2.6","9.150,4.650,19.050",0.04,0.07,0.00,0,13087,8541,9,1.16,37.495948,126.956069,1361,0,0,0,-1.00,0.00,999.00,0.0,0,0,0,0,-63,-61.7,8541,23,4,2.60,0,0,0.00,0.00,1,5.010,5.248,-0.003,nan,160,6645,159,1,0,100,3.000,0.234,0,6643,0
17:07:46,0.417,1376344,1376344,0,0,1,37.495947,126.956066,0.01,290.8,0,290.8,0,0.0,0,0.00,9.57,3.24,0.9999,26.55,0.893,0,149258,0.010,1,290.8,"-0.33,0.37,9.56","1.9,-2.6,0.0","10.050,3.600,20.700",0.15,0.15,0.00,0,13087,8541,9,1.16,37.495948,126.956069,1361,0,0,0,-1.00,0.00,999.00,0.0,0,0,0,0,-63,-61.7,8541,43,4,2.60,0,0,0.00,0.00,1,5.010,5.248,-0.003,nan,180,6645,159,1,0,100,3.000,0.234,0,6643,0
17:07:46,0.505,1376417,1376405,0,0,1,37.495947,126.956066,0.01,290.8,0,290.8,0,0.0,0,0.00,9.66,1.38,1.0000,26.65,0.967,0,149264,0.010,1,290.8,"-0.41,0.50,9.63","-1.4,-0.3,0.0","8.400,5.850,20.550",0.16,0.16,0.00,0,13088,8542,9,1.16,37.495948,126.956069,1361,0,0,0,-1.00,0.00,999.00,0.0,0,0,0,0,-63,-62.0,8542,48,4,2.66,0,0,0.00,0.00,1,5.000,5.247,-0.000,nan,52,6646,159,1,0,100,3.000,0.234,0,6644,0
17:07:46,0.666,1376570,1376569,0,0,1,37.495947,126.956066,0.01,290.8,0,290.8,0,0.0,0,0.00,9.67,3.56,0.9999,25.59,0.929,0,149281,0.010,1,290.8,"-0.40,0.33,9.66","3.0,-1.8,-0.7","8.100,4.500,19.650",0.04,0.12,0.00,0,13090,8542,9,1.16,37.495948,126.956069,1361,0,0,0,-1.00,0.00,999.00,0.0,0,0,0,0,-63,-62.0,8542,201,4,2.66,0,0,0.00,0.00,1,5.020,5.246,0.001,nan,9,6647,159,1,0,100,3.000,0.234,0,6645,0
17:07:46,0.721,1376597,1376597,0,0,1,37.495947,126.956066,0.01,290.8,0,290.8,0,0.0,0,0.00,9.59,1.45,0.9999,26.60,0.951,0,149284,0.010,1,290.8,"-0.37,0.34,9.57","0.0,0.1,1.5","9.150,5.400,20.550",0.12,0.12,0.00,0,13090,8542,9,1.16,37.495948,126.956069,1361,0,0,0,-1.00,0.00,999.00,0.0,0,0,0,0,-63,-62.0,8542,228,4,2.66,0,0,0.00,0.00,1,5.020,5.246,0.001,nan,36,6647,159,1,0,100,3.000,0.234,0,6645,0
17:07:46,0.722,1376623,1376623,0,0,1,37.495947,126.956066,0.01,290.8,0,290.8,0,0.0,0,0.00,9.70,0.96,0.9998,27.34,0.905,0,149287,0.010,1,290.8,"-0.41,0.30,9.68","0.6,0.4,0.6","9.300,4.050,21.450",0.06,0.06,0.00,0,13090,8542,9,1.16,37.495948,126.956069,1361,0,0,0,-1.00,0.00,999.00,0.0,0,0,0,0,-63,-62.0,8542,254,4,2.66,0,0,0.00,0.00,1,5.020,5.246,0.001,nan,62,6647,159,1,0,100,3.000,0.234,0,6645,0
17:07:46,0.722,1376671,1376670,0,0,1,37.495947,126.956066,0.01,290.8,0,290.8,0,0.0,0,0.00,9.75,1.36,0.9999,25.68,0.906,0,149292,0.010,1,290.8,"-0.35,0.36,9.74","0.9,0.1,-1.0","9.450,3.900,19.800",0.07,0.07,0.00,0,13091,8542,9,1.16,37.495948,126.956069,1361,0,0,0,-1.00,0.00,999.00,0.0,0,0,0,0,-63,-62.0,8542,302,4,2.66,0,0,0.00,0.00,1,5.020,5.246,0.001,nan,110,6647,159,1,0,100,3.000,0.234,0,6645,0
17:07:46,0.723,1376691,1376690,0,0,1,37.495947,126.956066,0.01,290.8,0,290.8,0,0.0,0,0.00,9.73,0.64,0.9998,25.77,0.974,0,149294,0.010,1,290.8,"-0.52,0.28,9.72","-0.2,-0.6,-0.3","8.850,6.000,19.650",0.14,0.15,0.00,0,13091,8542,9,1.16,37.495948,126.956069,1361,0,0,0,-1.00,0.00,999.00,0.0,0,0,0,0,-63,-62.0,8542,322,4,2.66,0,0,0.00,0.00,1,5.020,5.246,0.001,nan,130,6647,159,1,0,100,3.000,0.234,0,6645,0
17:07:46,0.821,1376738,1376738,0,0,1,37.495947,126.956068,0.01,290.8,0,290.8,0,0.0,0,0.00,9.75,3.01,0.9997,25.82,0.945,0,149299,0.010,1,290.8,"-0.31,0.31,9.74","2.0,2.2,-0.3","9.150,5.100,19.800",0.11,0.11,0.00,0,13091,8543,9,1.16,37.495947,126.956073,1362,0,0,0,-1.00,0.00,999.00,0.0,0,0,0,0,-57,-61.0,8543,19,4,2.42,0,0,0.00,0.00,1,5.020,5.246,0.001,nan,177,6647,159,1,0,100,3.000,0.234,0,6645,0
17:07:46,0.861,1376760,1376756,0,0,1,37.495947,126.956068,0.01,290.8,0,290.8,0,0.0,0,0.00,9.83,3.63,0.9999,26.34,0.924,0,149301,0.010,1,290.8,"-0.42,0.33,9.82","1.1,-1.1,-3.3","8.850,4.500,20.400",0.13,0.16,0.00,0,13091,8543,9,1.16,37.495947,126.956073,1362,0,0,0,-1.00,0.00,999.00,0.0,0,0,0,0,-57,-61.0,8543,41,4,2.42,0,0,0.00,0.00,1,5.020,5.245,0.002,nan,0,6648,159,1,0,100,3.000,0.234,0,6646,0
17:07:46,0.861,1376808,1376807,0,0,1,37.495947,126.956068,0.01,290.8,0,290.8,0,0.0,0,0.00,9.72,1.60,0.9998,25.93,0.938,0,149306,0.010,1,290.8,"-0.56,0.35,9.70","0.8,-0.6,1.2","8.100,4.800,19.950",0.16,0.16,0.00,0,13092,8544,9,1.16,37.495947,126.956073,1362,0,0,0,-1.00,0.00,999.00,0.0,0,0,0,0,-61,-61.0,8544,8,4,2.42,0,0,0.00,0.00,1,5.020,5.245,0.002,nan,48,6648,159,1,0,100,3.000,0.234,0,6646,0
17:07:46,0.951,1376835,1376835,0,0,1,37.495947,126.956068,0.01,290.8,0,290.8,0,0.0,0,0.00,9.69,3.94,0.9998,26.57,0.941,0,149309,0.010,1,290.8,"-0.40,0.28,9.68","1.0,2.0,-3.2","9.450,5.100,20.550",0.07,0.22,0.00,0,13092,8544,9,1.16,37.495947,126.956073,1362,0,0,0,-1.00,0.00,999.00,0.0,0,0,0,0,-61,-61.0,8544,35,4,2.42,0,0,0.00,0.00,1,5.020,5.245,0.002,nan,75,6648,159,1,0,100,3.000,0.234,0,6646,0
17:07:46,0.982,1376989,1376989,0,0,1,37.495947,126.956068,0.01,290.8,0,290.8,0,0.0,0,0.00,9.73,2.65,0.9999,26.53,0.897,0,149325,0.010,1,290.8,"-0.41,0.34,9.72","2.6,-0.1,0.5","8.100,3.600,20.700",0.03,0.12,0.00,0,13094,8545,9,1.16,37.495947,126.956073,1362,0,0,0,-1.00,0.00,999.00,0.0,0,0,0,0,-58,-60.4,8545,91,4,2.29,0,0,0.00,0.00,1,4.990,5.245,0.002,nan,29,6649,159,1,0,100,3.000,0.234,0,6647,0
17:07:46,0.987,1377015,1377014,0,0,1,37.495947,126.956068,0.01,290.8,0,290.8,0,0.0,0,0.00,9.72,2.52,1.0000,26.43,0.949,0,149328,0.010,1,290.8,"-0.41,0.42,9.70","-0.6,-0.4,-2.4","8.550,5.250,20.400",0.07,0.16,0.00,0,13094,8545,9,1.16,37.495947,126.956073,1362,0,0,0,-1.00,0.00,999.00,0.0,0,0,0,0,-58,-60.4,8545,117,4,2.29,0,0,0.00,0.00,1,4.990,5.245,0.002,nan,55,6649,159,1,0,100,3.000,0.234,0,6647,0
17:07:46,0.987,1377041,1377041,0,0,1,37.495947,126.956068,0.01,290.8,0,290.8,0,0.0,0,0.00,9.81,2.25,0.9997,26.64,0.923,0,149331,0.010,1,290.8,"-0.45,0.25,9.80","1.6,-0.5,1.5","8.850,4.500,20.700",0.15,0.18,0.00,0,13094,8545,9,1.16,37.495947,126.956073,1362,0,0,0,-1.00,0.00,999.00,0.0,0,0,0,0,-58,-60.4,8545,143,4,2.29,0,0,0.00,0.00,1,4.990,5.245,0.002,nan,81,6649,159,1,0,100,3.000,0.234,0,6647,0
17:07:46,1.084,1377067,1377067,0,0,1,37.495947,126.956068,0.01,290.8,0,290.8,0,0.0,0,0.00,9.71,3.73,0.9999,26.57,0.941,0,149334,0.010,1,290.8,"-0.48,0.38,9.69","-1.1,2.2,-2.8","9.450,5.100,20.550",0.09,0.09,0.00,0,13094,8545,9,1.16,37.495947,126.956073,1362,0,0,0,-1.00,0.00,999.00,0.0,0,0,0,0,-58,-60.4,8545,169,4,2.29,0,0,0.00,0.00,1,4.990,5.245,0.002,nan,107,6649,159,1,0,100,3.000,0.234,0,6647,0
17:07:46,1.115,1377087,1377086,0,0,1,37.495947,126.956068,0.01,290.8,0,290.8,0,0.0,0,0.00,9.64,2.76,0.9998,26.73,0.946,0,149336,0.010,1,290.8,"-0.40,0.28,9.62","2.5,-0.5,-1.1","9.300,5.250,20.700",0.09,0.09,0.00,0,13095,8545,9,1.16,37.495947,126.956073,1362,0,0,0,-1.00,0.00,999.00,0.0,0,0,0,0,-58,-60.4,8545,189,4,2.29,0,0,0.00,0.00,1,4.990,5.245,0.002,nan,127,6649,159,1,0,100,3.000,0.234,0,6647,0
17:07:46,1.115,1377134,1377134,0,0,1,37.495947,126.956068,0.01,290.8,0,290.8,0,0.0,0,0.00,9.73,3.09,0.9999,25.54,0.962,0,149341,0.010,1,290.8,"-0.40,0.37,9.72","-0.1,1.7,-2.5","7.200,5.400,19.500",0.03,0.17,0.00,0,13095,8546,9,1.16,37.495947,126.956073,1362,0,0,0,-1.00,0.00,999.00,0.0,0,0,0,0,-62,-60.7,8546,34,4,2.36,0,0,0.00,0.00,1,4.990,5.245,0.002,nan,174,6649,159,1,0,100,3.000,0.234,0,6647,0
17:07:46,1.115,1377164,1377160,0,0,1,37.495947,126.956068,0.01,290.8,0,290.8,0,0.0,0,0.00,9.72,3.13,0.9997,25.59,0.929,0,149344,0.010,1,290.8,"-0.36,0.26,9.71","2.4,-1.9,0.8","8.100,4.500,19.650",0.10,0.14,0.00,0,13095,8546,9,1.16,37.495947,126.956073,1362,0,0,0,-1.00,0.00,999.00,0.0,0,0,0,0,-62,-60.7,8546,64,4,2.36,0,0,0.00,0.00,1,5.010,5.245,0.001,nan,0,6650,159,1,0,100,3.000,0.234,0,6648,0
17:07:46,1.116,1377191,1377190,0,0,1,37.495947,126.956068,0.01,290.8,0,290.8,0,0.0,0,0.00,9.69,2.73,0.9999,25.19,0.937,0,149347,0.010,1,290.8,"-0.40,0.38,9.67","1.2,-2.4,0.5","9.300,4.800,19.200",0.04,0.16,0.00,0,13096,8546,9,1.16,37.495947,126.956073,1362,0,0,0,-1.00,0.00,999.00,0.0,0,0,0,0,-62,-60.7,8546,91,4,2.36,0,0,0.00,0.00,1,5.010,5.245,0.001,nan,27,6650,159,1,0,100,3.000,0.234,0,6648,0
17:07:46,1.209,1377217,1377217,0,0,1,37.495947,126.956068,0.01,290.8,0,290.8,0,0.0,0,0.00,9.79,2.50,0.9999,25.95,0.984,0,149350,0.010,1,290.8,"-0.45,0.34,9.77","1.6,-1.6,-1.1","8.400,6.300,19.800",0.09,0.17,0.00,0,13096,8546,9,1.16,37.495947,126.956073,1362,0,0,0,-1.00,0.00,999.00,0.0,0,0,0,0,-62,-60.7,8546,117,4,2.36,0,0,0.00,0.00,1,5.010,5.245,0.001,nan,53,6650,159,1,0,100,3.000,0.234,0,6648,0
17:07:47,1.325,1377244,1377244,0,0,1,37.495947,126.956068,0.01,290.8,0,290.8,0,0.0,0,0.00,9.68,1.07,0.9999,26.82,0.889,0,149353,0.010,1,290.8,"-0.42,0.32,9.67","-1.0,-0.1,-0.3","8.700,3.450,21.000",0.04,0.12,0.00,0,13096,8546,9,1.16,37.495947,126.956073,1362,0,0,0,-1.00,0.00,999.00,0.0,0,0,0,0,-62,-60.7,8546,144,4,2.36,0,0,0.00,0.00,1,5.010,5.245,0.001,nan,80,6650,159,1,0,100,3.000,0.234,0,6648,0
17:07:47,1.357,1377391,1377391,0,0,1,37.495947,126.956068,0.01,290.8,0,290.8,0,0.0,0,0.00,9.68,2.36,0.9998,24.94,0.909,0,149369,0.010,1,290.8,"-0.33,0.32,9.67","1.8,-0.7,1.3","9.450,3.900,19.050",0.09,0.18,0.00,0,13097,8546,9,1.16,37.495947,126.956073,1362,0,0,0,-1.00,0.00,999.00,0.0,0,0,0,0,-62,-60.7,8546,291,4,2.36,0,0,0.00,0.00,1,5.010,5.245,0.001,nan,28,6651,159,1,0,100,3.000,0.234,0,6649,0
17:07:47,1.442,1377422,1377410,0,0,1,37.495947,126.956068,0.01,290.8,0,290.8,0,0.0,0,0.00,9.70,1.85,0.9999,27.17,0.947,0,149371,0.010,1,290.8,"-0.46,0.38,9.68","1.4,0.2,-1.2","8.100,5.250,21.150",0.06,0.14,0.00,0,13098,8547,9,1.16,37.495947,126.956073,1362,0,0,0,-1.00,0.00,999.00,0.0,0,0,0,0,-61,-60.8,8547,8,4,2.36,0,0,0.00,0.00,1,5.010,5.245,0.001,nan,59,6651,159,1,0,100,3.000,0.234,0,6649,0
17:07:47,1.534,1377474,1377474,0,0,1,37.495947,126.956068,0.01,290.8,0,290.8,0,0.0,0,0.00,9.80,2.09,0.9998,26.71,0.978,0,149377,0.010,1,290.8,"-0.32,0.35,9.79","0.8,1.3,-1.5","9.900,6.300,20.550",0.13,0.13,0.00,0,13098,8547,9,1.16,37.495947,126.956073,1362,0,0,0,-1.00,0.00,999.00,0.0,0,0,0,0,-61,-60.8,8547,60,4,2.37,0,0,0.00,0.00,1,5.010,5.245,0.001,nan,111,6651,159,1,0,100,3.000,0.234,0,6649,0
17:07:47,1.556,1377651,1377650,0,0,1,37.495947,126.956068,0.01,290.8,0,290.8,0,0.0,0,0.00,9.66,3.25,0.9999,25.90,0.927,0,149396,0.010,1,290.8,"-0.42,0.38,9.64","0.9,0.9,-3.0","8.550,4.500,19.950",0.06,0.12,0.00,0,13100,8547,9,1.16,37.495947,126.956073,1362,0,0,0,-1.00,0.00,999.00,0.0,0,0,0,0,-61,-60.8,8547,237,4,2.37,0,0,0.00,0.00,1,5.000,5.244,0.001,nan,89,6652,159,1,0,100,3.000,0.234,0,6650,0
17:07:47,1.691,1377670,1377669,0,0,1,37.495947,126.956068,0.01,290.8,0,290.8,0,0.0,0,0.00,9.75,3.32,1.0000,25.60,0.927,0,149398,0.010,1,290.8,"-0.43,0.43,9.73","0.5,2.5,2.2","8.850,4.500,19.650",0.09,0.14,0.00,0,13100,8547,9,1.16,37.495947,126.956073,1362,0,0,0,-1.00,0.00,999.00,0.0,0,0,0,0,-61,-60.8,8547,256,4,2.37,0,0,0.00,0.00,1,5.000,5.244,0.001,nan,108,6652,159,1,0,100,3.000,0.234,0,6650,0
17:07:47,1.738,1377727,1377727,0,0,1,37.495948,126.956070,0.01,290.8,0,290.8,0,0.0,0,0.00,9.75,0.89,1.0000,24.85,0.930,0,149403,0.005,1,290.8,"-0.38,0.45,9.73","0.7,-0.6,0.1","8.850,4.500,18.900",0.11,0.14,0.00,0,13101,8548,8,1.20,37.495948,126.956074,1363,0,0,0,-1.00,0.00,999.00,0.0,0,0,0,0,-65,-61.6,8548,25,4,2.57,0,0,0.00,0.00,1,5.000,5.244,0.001,nan,165,6652,159,1,0,100,3.000,0.234,0,6650,0
17:07:47,1.739,1377757,1377754,0,0,1,37.495948,126.956070,0.01,290.8,0,290.8,0,0.0,0,0.00,9.73,3.59,0.9998,25.75,0.937,0,149406,0.005,1,290.8,"-0.29,0.40,9.72","1.4,-2.7,-1.9","7.200,4.650,19.800",0.13,0.15,0.00,0,13101,8548,8,1.20,37.495948,126.956074,1363,0,0,0,-1.00,0.00,999.00,0.0,0,0,0,0,-65,-61.6,8548,55,4,2.57,0,0,0.00,0.00,1,5.000,5.244,0.001,nan,195,6652,159,1,0,100,3.000,0.234,0,6650,0
17:07:47,1.838,1377804,1377804,0,0,1,37.495948,126.956070,0.01,290.8,0,290.8,0,0.0,0,0.00,9.74,3.70,0.9997,26.64,0.923,0,149411,0.005,1,290.8,"-0.35,0.25,9.73","0.8,-3.6,-0.4","8.850,4.500,20.700",0.11,0.11,0.00,0,13101,8548,8,1.20,37.495948,126.956074,1363,0,0,0,-1.00,0.00,999.00,0.0,0,0,0,0,-65,-61.6,8548,102,4,2.57,0,0,0.00,0.00,1,4.990,5.241,0.006,nan,35,6653,159,1,0,100,3.000,0.234,0,6651,0
17:07:47,1.872,1377951,1377951,0,0,1,37.495948,126.956070,0.01,290.8,0,290.8,0,0.0,0,0.00,9.84,2.12,0.9999,26.43,0.948,0,149427,0.005,1,290.8,"-0.48,0.32,9.82","-1.0,-1.7,-0.8","8.850,5.250,20.400",0.15,0.15,0.00,0,13103,8549,8,1.20,37.495948,126.956074,1363,0,0,0,-1.00,0.00,999.00,0.0,0,0,0,0,-65,-62.3,8549,81,4,2.74,0,0,0.00,0.00,1,4.990,5.241,0.006,nan,182,6653,159,1,0,100,3.000,0.234,0,6651,0
17:07:47,1.957,1377974,1377974,0,0,1,37.495948,126.956070,0.01,290.8,0,290.8,0,0.0,0,0.00,9.72,2.42,0.9999,25.33,0.895,0,149429,0.005,1,290.8,"-0.51,0.41,9.70","-0.4,2.2,-0.8","8.700,3.450,19.500",0.12,0.12,0.00,0,13103,8549,8,1.20,37.495948,126.956074,1363,0,0,0,-1.00,0.00,999.00,0.0,0,0,0,0,-65,-62.3,8549,104,4,2.74,0,0,0.00,0.00,1,5.000,5.239,0.008,nan,9,6654,159,1,0,100,3.000,0.234,0,6652,0
17:07:47,2.074,1378130,1378130,0,0,1,37.495948,126.956070,0.01,290.8,0,290.8,0,0.0,0,0.00,9.75,2.29,0.9997,26.73,0.948,0,149446,0.005,1,290.8,"-0.57,0.26,9.73","2.1,-0.5,-0.6","8.550,5.250,20.700",0.18,0.18,0.00,0,13105,8549,8,1.20,37.495948,126.956074,1363,0,0,0,-1.00,0.00,999.00,0.0,0,0,0,0,-65,-62.3,8549,260,4,2.74,0,0,0.00,0.00,1,5.000,5.239,0.008,nan,165,6654,159,1,0,100,3.000,0.234,0,6652,0
17:07:48,2.267,1378179,1378179,0,0,1,37.495948,126.956070,0.01,290.8,0,290.8,0,0.0,0,0.00,9.73,3.95,0.9997,26.90,0.914,0,149451,0.005,1,290.8,"-0.45,0.25,9.72","-0.7,0.4,-3.9","8.400,4.200,21.000",0.10,0.15,0.00,0,13105,8549,8,1.20,37.495948,126.956074,1363,0,0,0,-1.00,0.00,999.00,0.0,0,0,0,0,-65,-62.3,8549,309,4,2.74,0,0,0.00,0.00,1,5.040,5.237,0.008,nan,20,6655,159,1,0,100,3.000,0.234,0,6653,0
17:07:48,2.324,1378369,1378368,0,0,1,37.495948,126.956070,0.01,290.8,0,290.8,0,0.0,0,0.00,9.76,1.91,0.9999,26.30,0.952,0,149471,0.005,1,290.8,"-0.47,0.34,9.74","-1.1,1.2,-1.0","9.150,5.400,20.250",0.07,0.11,0.00,0,13107,8551,8,1.20,37.495948,126.956074,1363,0,0,0,-1.00,0.00,999.00,0.0,0,0,0,0,-60,-61.6,8551,5,4,2.57,0,0,0.00,0.00,1,5.010,5.236,0.007,nan,9,6656,159,1,0,100,3.000,0.234,0,6654,0
17:07:48,2.324,1378395,1378395,0,0,1,37.495948,126.956070,0.01,290.8,0,290.8,0,0.0,0,0.00,9.76,3.62,0.9997,26.30,0.908,0,149474,0.005,1,290.8,"-0.30,0.30,9.75","3.3,-0.2,1.5","10.050,4.050,20.400",0.13,0.13,0.00,0,13107,8551,8,1.20,37.495948,126.956074,1363,0,0,0,-1.00,0.00,999.00,0.0,0,0,0,0,-60,-61.6,8551,31,4,2.57,0,0,0.00,0.00,1,5.010,5.236,0.007,nan,35,6656,159,1,0,100,3.000,0.234,0,6654,0
17:07:48,2.494,1378425,1378413,0,0,1,37.495948,126.956070,0.01,290.8,0,290.8,0,0.0,0,0.00,9.58,3.77,0.9998,26.22,0.928,0,149476,0.005,1,290.8,"-0.35,0.32,9.57","1.7,-3.3,0.8","9.450,4.650,20.250",0.14,0.14,0.00,0,13107,8551,8,1.20,37.495948,126.956074,1363,0,0,0,-1.00,0.00,999.00,0.0,0,0,0,0,-60,-61.6,8551,61,4,2.57,0,0,0.00,0.00,1,5.010,5.236,0.007,nan,65,6656,159,1,0,100,3.000,0.234,0,6654,0
17:07:48,2.557,1378565,1378561,0,0,1,37.495948,126.956070,0.01,290.8,0,290.8,0,0.0,0,0.00,9.68,4.13,0.9998,25.38,0.909,0,149491,0.005,1,290.8,"-0.46,0.28,9.67","1.7,2.8,-2.5","8.700,3.900,19.500",0.09,0.09,0.00,0,13109,8552,8,1.20,37.495948,126.956074,1363,0,0,0,-1.00,0.00,999.00,0.0,0,0,0,0,-60,-61.3,8552,57,4,2.49,0,0,0.00,0.00,1,5.010,5.239,0.001,nan,0,6657,159,1,0,100,3.000,0.234,0,6655,0
17:07:48,2.666,1378591,1378591,0,0,1,37.495948,126.956070,0.01,290.8,0,290.8,0,0.0,0,0.00,9.70,2.06,0.9999,26.91,0.913,0,149494,0.005,1,290.8,"-0.35,0.36,9.69","-0.4,2.0,0.1","8.700,4.200,21.000",0.06,0.09,0.00,0,13109,8552,8,1.20,37.495948,126.956074,1363,0,0,0,-1.00,0.00,999.00,0.0,0,0,0,0,-60,-61.3,8552,83,4,2.49,0,0,0.00,0.00,1,5.010,5.239,0.001,nan,26,6657,159,1,0,100,3.000,0.234,0,6655,0
17:07:48,2.714,1378770,1378770,0,0,1,37.495948,126.956071,0.01,290.8,0,290.8,0,0.0,0,0.00,9.71,2.77,0.9999,26.27,0.943,0,149513,0.005,1,290.8,"-0.34,0.50,9.69","1.0,-2.4,-0.8","9.150,5.100,20.250",0.16,0.17,0.00,0,13111,8552,9,1.15,37.495948,126.956074,1364,0,0,0,-1.00,0.00,999.00,0.0,0,0,0,0,-60,-61.3,8552,262,4,2.49,0,0,0.00,0.00,1,5.020,5.241,-0.002,nan,9,6658,159,1,0,100,3.000,0.234,0,6656,0
17:07:48,2.715,1378790,1378789,0,0,1,37.495948,126.956071,0.01,290.8,0,290.8,0,0.0,0,0.00,9.68,2.13,0.9999,26.17,0.870,0,149515,0.005,1,290.8,"-0.41,0.34,9.67","1.1,-1.3,-1.3","10.500,2.850,20.400",0.03,0.05,0.00,0,13111,8553,9,1.15,37.495948,126.956074,1364,0,0,0,-1.00,0.00,999.00,0.0,0,0,0,0,-61,-61.2,8553,4,4,2.48,0,0,0.00,0.00,1,5.020,5.241,-0.002,nan,29,6658,159,1,0,100,3.000,0.234,0,6656,0
17:07:48,2.715,1378838,1378837,0,0,1,37.495948,126.956071,0.01,290.8,0,290.8,0,0.0,0,0.00,9.74,2.51,0.9999,26.30,0.953,0,149520,0.005,1,290.8,"-0.39,0.40,9.73","1.1,1.9,-1.2","8.700,5.400,20.250",0.06,0.11,0.00,0,13112,8553,9,1.15,37.495948,126.956074,1364,0,0,0,-1.00,0.00,999.00,0.0,0,0,0,0,-61,-61.2,8553,52,4,2.48,0,0,0.00,0.00,1,5.020,5.241,-0.002,nan,77,6658,159,1,0,100,3.000,0.234,0,6656,0
17:07:48,2.809,1378857,1378857,0,0,1,37.495948,126.956071,0.01,290.8,0,290.8,0,0.0,0,0.00,9.68,1.91,0.9999,27.04,0.952,0,149522,0.005,1,290.8,"-0.48,0.35,9.66","1.3,0.3,-1.4","8.400,5.400,21.000",0.09,0.20,0.00,0,13112,8553,9,1.15,37.495948,126.956074,1364,0,0,0,-1.00,0.00,999.00,0.0,0,0,0,0,-61,-61.2,8553,71,4,2.48,0,0,0.00,0.00,1,5.020,5.241,-0.002,nan,96,6658,159,1,0,100,3.000,0.234,0,6656,0
17:07:48,2.849,1378877,1378876,0,0,1,37.495948,126.956071,0.01,290.8,0,290.8,0,0.0,0,0.00,9.84,2.51,0.9998,27.34,0.952,0,149524,0.005,1,290.8,"-0.28,0.37,9.83","1.0,2.1,-1.1","7.950,5.400,21.300",0.18,0.18,0.00,0,13112,8553,9,1.15,37.495948,126.956074,1364,0,0,0,-1.00,0.00,999.00,0.0,0,0,0,0,-61,-61.2,8553,91,4,2.48,0,0,0.00,0.00,1,5.020,5.241,-0.002,nan,116,6658,159,1,0,100,3.000,0.234,0,6656,0
17:07:48,2.854,1378903,1378902,0,0,1,37.495948,126.956071,0.01,290.8,0,290.8,0,0.0,0,0.00,9.82,1.81,0.9999,26.95,0.884,0,149527,0.005,1,290.8,"-0.40,0.33,9.80","0.1,-0.1,-1.8","8.850,3.300,21.150",0.12,0.13,0.00,0,13112,8554,9,1.15,37.495948,126.956074,1364,0,0,0,-1.00,0.00,999.00,0.0,0,0,0,0,-60,-61.0,8554,6,4,2.42,0,0,0.00,0.00,1,5.020,5.241,-0.002,nan,142,6658,159,1,0,100,3.000,0.234,0,6656,0
17:07:48,2.855,1378930,1378930,0,0,1,37.495948,126.956071,0.01,290.8,0,290.8,0,0.0,0,0.00,9.73,1.42,0.9999,25.68,0.951,0,149530,0.005,1,290.8,"-0.39,0.37,9.71","-0.2,-0.7,-1.2","8.550,5.250,19.650",0.03,0.13,0.00,0,13112,8554,9,1.15,37.495948,126.956074,1364,0,0,0,-1.00,0.00,999.00,0.0,0,0,0,0,-60,-61.0,8554,33,4,2.42,0,0,0.00,0.00,1,5.020,5.241,-0.002,nan,169,6658,159,1,0,100,3.000,0.234,0,6656,0
17:07:48,2.855,1378950,1378950,0,0,1,37.495948,126.956071,0.01,290.8,0,290.8,0,0.0,0,0.00,9.62,3.50,0.9998,27.10,0.919,0,149532,0.005,1,290.8,"-0.28,0.34,9.61","0.4,-3.5,-0.3","10.050,4.500,21.150",0.14,0.14,0.00,0,13113,8554,9,1.15,37.495948,126.956074,1364,0,0,0,-1.00,0.00,999.00,0.0,0,0,0,0,-60,-61.0,8554,53,4,2.42,0,0,0.00,0.00,1,5.020,5.241,-0.002,nan,189,6658,159,1,0,100,3.000,0.234,0,6656,0
17:07:48,2.856,1378972,1378972,0,0,1,37.495948,126.956071,0.01,290.8,0,290.8,0,0.0,0,0.00,9.64,3.13,0.9996,25.72,0.916,0,149534,0.005,1,290.8,"-0.36,0.23,9.63","-1.8,1.4,-2.2","9.150,4.200,19.800",0.14,0.14,0.00,0,13113,8554,9,1.15,37.495948,126.956074,1364,0,0,0,-1.00,0.00,999.00,0.0,0,0,0,0,-60,-61.0,8554,75,4,2.42,0,0,0.00,0.00,1,5.050,5.246,-0.009,nan,9,6659,159,1,0,100,3.000,0.234,0,6657,0
17:07:48,2.856,1379018,1379018,0,0,1,37.495948,126.956071,0.01,290.8,0,290.8,0,0.0,0,0.00,9.70,1.73,1.0000,25.69,0.951,0,149539,0.005,1,290.8,"-0.39,0.40,9.69","1.7,-0.3,0.4","8.850,5.250,19.650",0.05,0.12,0.00,0,13113,8555,9,1.15,37.495948,126.956074,1364,0,0,0,-1.00,0.00,999.00,0.0,0,0,0,0,-60,-60.8,8555,34,4,2.38,0,0,0.00,0.00,1,5.050,5.246,-0.009,nan,55,6659,159,1,0,100,3.000,0.234,0,6657,0
17:07:48,2.949,1379046,1379044,0,0,1,37.495948,126.956071,0.01,290.8,0,290.8,0,0.0,0,0.00,9.63,3.72,0.9999,26.87,0.905,0,149542,0.005,1,290.8,"-0.47,0.33,9.62","3.4,1.2,-0.7","8.400,3.900,21.000",0.11,0.17,0.00,0,13114,8555,9,1.15,37.495948,126.956074,1364,0,0,0,-1.00,0.00,999.00,0.0,0,0,0,0,-60,-60.8,8555,62,4,2.38,0,0,0.00,0.00,1,5.050,5.246,-0.009,nan,83,6659,159,1,0,100,3.000,0.234,0,6657,0
17:07:48,2.989,1379072,1379072,0,0,1,37.495948,126.956071,0.01,290.8,0,290.8,0,0.0,0,0.00,9.76,3.39,0.9999,25.82,0.992,0,149545,0.005,1,290.8,"-0.40,0.36,9.74","2.7,-0.5,2.0","7.800,6.450,19.650",0.05,0.17,0.00,0,13114,8555,9,1.15,37.495948,126.956074,1364,0,0,0,-1.00,0.00,999.00,0.0,0,0,0,0,-60,-60.8,8555,88,4,2.38,0,0,0.00,0.00,1,5.050,5.246,-0.009,nan,109,6659,159,1,0,100,3.000,0.234,0,6657,0
17:07:48,2.990,1379126,1379126,0,0,1,37.495948,126.956071,0.01,290.8,0,290.8,0,0.0,0,0.00,9.78,0.76,1.0000,26.51,0.884,0,149551,0.005,1,290.8,"-0.52,0.45,9.75","-0.2,-0.7,0.1","9.300,3.300,20.700",0.15,0.23,0.00,0,13114,8555,9,1.15,37.495948,126.956074,1364,0,0,0,-1.00,0.00,999.00,0.0,0,0,0,0,-60,-60.8,8555,142,4,2.38,0,0,0.00,0.00,1,5.050,5.246,-0.009,nan,163,6659,159,1,0,100,3.000,0.234,0,6657,0
17:07:48,2.990,1379153,1379152,0,0,1,37.495948,126.956071,0.01,290.8,0,290.8,0,0.0,0,0.00,9.69,3.17,0.9999,26.44,0.946,0,149554,0.005,1,290.8,"-0.32,0.44,9.68","0.7,2.7,-1.5","9.600,5.250,20.400",0.12,0.12,0.00,0,13115,8555,9,1.15,37.495948,126.956074,1364,0,0,0,-1.00,0.00,999.00,0.0,0,0,0,0,-60,-60.8,8555,169,4,2.38,0,0,0.00,0.00,1,5.050,5.246,-0.009,nan,190,6659,159,1,0,100,3.000,0.234,0,6657,0
17:07:48,3.083,1379203,1379202,0,0,1,37.495948,126.956071,0.01,290.8,0,290.8,0,0.0,0,0.00,9.76,1.83,0.9998,23.83,0.982,0,149559,0.005,1,290.8,"-0.34,0.31,9.75","-1.2,0.3,1.4","8.550,6.000,17.700",0.10,0.18,0.00,0,13115,8556,9,1.15,37.495948,126.956074,1364,0,0,0,-1.00,0.00,999.00,0.0,0,0,0,0,-61,-60.8,8556,3,4,2.39,0,0,0.00,0.00,1,5.020,5.249,-0.011,nan,36,6660,159,1,0,100,3.000,0.234,0,6658,0
17:07:48,3.115,1379223,1379223,0,0,1,37.495948,126.956071,0.01,290.8,0,290.8,0,0.0,0,0.00,9.66,2.62,0.9999,27.65,0.911,0,149561,0.005,1,290.8,"-0.38,0.33,9.65","0.6,2.5,-0.3","8.400,4.200,21.750",0.07,0.07,0.00,0,13115,8556,9,1.15,37.495948,126.956074,1364,0,0,0,-1.00,0.00,999.00,0.0,0,0,0,0,-61,-60.8,8556,23,4,2.39,0,0,0.00,0.00,1,5.020,5.249,-0.011,nan,56,6660,159,1,0,100,3.000,0.234,0,6658,0
17:07:48,3.115,1379248,1379248,0,0,1,37.495948,126.956071,0.01,290.8,0,290.8,0,0.0,0,0.00,9.76,5.69,0.9997,25.52,0.945,0,149564,0.005,1,290.8,"-0.39,0.27,9.74","-0.7,1.7,-5.4","9.450,5.100,19.500",0.11,0.11,0.00,0,13115,8556,9,1.15,37.495948,126.956074,1364,0,0,0,-1.00,0.00,999.00,0.0,0,0,0,0,-61,-60.8,8556,48,4,2.39,0,0,0.00,0.00,1,5.020,5.249,-0.011,nan,81,6660,159,1,0,100,3.000,0.234,0,6658,0
17:07:48,3.204,1379293,1379293,0,0,1,37.495948,126.956071,0.01,290.8,0,290.8,0,0.0,0,0.00,9.69,3.66,0.9997,25.82,0.945,0,149569,0.005,1,290.8,"-0.36,0.27,9.68","3.1,-1.9,0.2","9.150,5.100,19.800",0.10,0.10,0.00,0,13116,8556,9,1.15,37.495948,126.956074,1364,0,0,0,-1.00,0.00,999.00,0.0,0,0,0,0,-61,-60.8,8556,93,4,2.39,0,0,0.00,0.00,1,5.020,5.249,-0.011,nan,126,6660,159,1,0,100,3.000,0.234,0,6658,0
17:07:49,3.325,1379319,1379319,0,0,1,37.495948,126.956071,0.01,290.8,0,290.8,0,0.0,0,0.00,9.77,2.84,0.9999,26.56,0.943,0,149572,0.005,1,290.8,"-0.37,0.35,9.75","2.3,-1.3,0.9","8.700,5.100,20.550",0.06,0.10,0.00,0,13116,8556,9,1.15,37.495948,126.956074,1364,0,0,0,-1.00,0.00,999.00,0.0,0,0,0,0,-61,-60.8,8556,119,4,2.39,0,0,0.00,0.00,1,5.020,5.249,-0.011,nan,152,6660,159,1,0,100,3.000,0.234,0,6658,0
17:07:49,3.357,1379453,1379453,0,0,1,37.495948,126.956071,0.01,290.8,0,290.8,0,0.0,0,0.00,9.73,2.48,0.9999,25.18,0.941,0,149584,0.005,1,290.8,"-0.50,0.36,9.71","1.7,-1.2,1.4","7.800,4.800,19.200",0.09,0.09,0.00,0,13117,8557,9,1.15,37.495948,126.956074,1364,0,0,0,-1.00,0.00,999.00,0.0,0,0,0,0,-63,-61.3,8557,53,4,2.49,0,0,0.00,0.00,1,5.020,5.251,-0.010,nan,85,6661,159,1,0,100,3.000,0.234,0,6659,0
17:07:49,3.443,1379481,1379481,0,0,1,37.495948,126.956071,0.01,290.8,0,290.8,0,0.0,0,0.00,9.65,4.20,0.9999,27.14,0.981,0,149587,0.005,1,290.8,"-0.55,0.39,9.62","-1.0,-1.9,-3.6","7.950,6.300,21.000",0.16,0.16,0.00,0,13118,8557,9,1.15,37.495948,126.956074,1364,0,0,0,-1.00,0.00,999.00,0.0,0,0,0,0,-63,-61.3,8557,81,4,2.49,0,0,0.00,0.00,1,5.020,5.251,-0.010,nan,113,6661,159,1,0,100,3.000,0.234,0,6659,0
17:07:49,3.474,1379536,1379536,0,0,1,37.495948,126.956071,0.01,290.8,0,290.8,0,0.0,0,0.00,9.71,1.35,1.0000,25.41,0.919,0,149593,0.005,1,290.8,"-0.40,0.41,9.70","1.0,-0.7,0.5","8.400,4.200,19.500",0.05,0.11,0.00,0,13118,8558,9,1.15,37.495948,126.956074,1364,0,0,0,-1.00,0.00,999.00,0.0,0,0,0,0,-62,-61.4,8558,31,4,2.52,0,0,0.00,0.00,1,5.020,5.251,-0.010,nan,168,6661,159,1,0,100,3.000,0.234,0,6659,0
17:07:49,3.568,1379587,1379587,0,0,1,37.495948,126.956071,0.01,290.8,0,290.8,0,0.0,0,0.00,9.61,2.38,0.9999,24.71,0.893,0,149598,0.005,1,290.8,"-0.35,0.36,9.60","0.3,-2.3,-0.6","8.550,3.300,18.900",0.12,0.21,0.00,0,13119,8558,9,1.15,37.495948,126.956074,1364,0,0,0,-1.00,0.00,999.00,0.0,0,0,0,0,-62,-61.4,8558,82,4,2.52,0,0,0.00,0.00,1,5.010,5.252,-0.009,nan,28,6662,159,1,0,100,3.000,0.234,0,6660,0
17:07:49,3.604,1379634,1379633,0,0,1,37.495948,126.956071,0.01,290.8,0,290.8,0,0.0,0,0.00,9.74,1.67,0.9999,25.84,0.913,0,149603,0.005,1,290.8,"-0.45,0.34,9.73","0.5,-1.6,0.1","8.550,4.050,19.950",0.06,0.08,0.00,0,13119,8559,9,1.15,37.495948,126.956074,1364,0,0,0,-1.00,0.00,999.00,0.0,0,0,0,0,-65,-62.1,8559,19,4,2.70,0,0,0.00,0.00,1,5.010,5.252,-0.009,nan,75,6662,159,1,0,100,3.000,0.234,0,6660,0
17:07:49,3.604,1379660,1379659,0,0,1,37.495948,126.956071,0.01,290.8,0,290.8,0,0.0,0,0.00,9.79,2.89,0.9999,25.69,0.949,0,149606,0.005,1,290.8,"-0.44,0.34,9.78","2.6,-1.0,0.9","9.300,5.250,19.650",0.08,0.13,0.00,0,13119,8559,9,1.15,37.495948,126.956074,1364,0,0,0,-1.00,0.00,999.00,0.0,0,0,0,0,-65,-62.1,8559,45,4,2.70,0,0,0.00,0.00,1,5.010,5.252,-0.009,nan,101,6662,159,1,0,100,3.000,0.234,0,6660,0
17:07:49,3.707,1379679,1379678,0,0,1,37.495948,126.956071,0.01,290.8,0,290.8,0,0.0,0,0.00,9.78,1.40,0.9998,26.96,0.927,0,149608,0.005,1,290.8,"-0.53,0.31,9.76","0.3,-0.1,-1.4","8.700,4.650,21.000",0.14,0.14,0.00,0,13120,8559,9,1.15,37.495948,126.956074,1364,0,0,0,-1.00,0.00,999.00,0.0,0,0,0,0,-65,-62.1,8559,64,4,2.70,0,0,0.00,0.00,1,5.010,5.252,-0.009,nan,120,6662,159,1,0,100,3.000,0.234,0,6660,0
17:07:49,3.742,1379843,1379842,0,0,1,37.495948,126.956072,0.01,290.8,0,290.8,0,0.0,0,0.00,9.77,0.87,1.0000,25.10,0.914,0,149625,0.015,1,290.8,"-0.47,0.40,9.75","-0.7,0.4,0.3","8.850,4.050,19.200",0.09,0.09,0.00,0,13121,8560,9,1.16,37.495949,126.956075,1365,0,0,0,-1.00,0.00,999.00,0.0,0,0,0,0,-64,-62.5,8560,129,4,2.80,0,0,0.00,0.00,1,5.030,5.253,-0.008,nan,82,6663,159,1,0,100,3.000,0.234,0,6661,0
17:07:49,3.838,1379869,1379869,0,0,1,37.495948,126.956072,0.01,290.8,0,290.8,0,0.0,0,0.00,9.80,2.91,0.9998,25.93,0.935,0,149628,0.015,1,290.8,"-0.48,0.28,9.78","0.8,-1.9,2.1","8.850,4.800,19.950",0.13,0.13,0.00,0,13121,8561,9,1.16,37.495949,126.956075,1365,0,0,0,-1.00,0.00,999.00,0.0,0,0,0,0,-65,-63.0,8561,26,4,2.93,0,0,0.00,0.00,1,5.030,5.253,-0.008,nan,108,6663,159,1,0,100,3.000,0.234,0,6661,0
17:07:49,3.873,1379890,1379890,0,0,1,37.495948,126.956072,0.01,290.8,0,290.8,0,0.0,0,0.00,9.72,3.30,1.0000,25.42,0.917,0,149630,0.015,1,290.8,"-0.40,0.42,9.70","0.2,-2.7,-1.8","9.150,4.200,19.500",0.06,0.06,0.00,0,13122,8561,9,1.16,37.495949,126.956075,1365,0,0,0,-1.00,0.00,999.00,0.0,0,0,0,0,-65,-63.0,8561,47,4,2.93,0,0,0.00,0.00,1,5.030,5.253,-0.008,nan,129,6663,159,1,0,100,3.000,0.234,0,6661,0
17:07:49,3.873,1379918,1379918,0,0,1,37.495948,126.956072,0.01,290.8,0,290.8,0,0.0,0,0.00,9.71,2.40,0.9994,26.26,0.944,0,149633,0.015,1,290.8,"-0.43,0.16,9.70","2.2,-0.5,-0.7","8.700,5.100,20.250",0.20,0.20,0.00,0,13122,8561,9,1.16,37.495949,126.956075,1365,0,0,0,-1.00,0.00,999.00,0.0,0,0,0,0,-65,-63.0,8561,75,4,2.93,0,0,0.00,0.00,1,5.030,5.253,-0.008,nan,157,6663,159,1,0,100,3.000,0.234,0,6661,0
17:07:49,3.874,1379939,1379939,0,0,1,37.495948,126.956072,0.01,290.8,0,290.8,0,0.0,0,0.00,9.64,3.51,0.9997,25.42,0.918,0,149635,0.015,1,290.8,"-0.39,0.24,9.62","2.3,-0.5,2.6","8.700,4.200,19.500",0.14,0.15,0.00,0,13122,8562,9,1.16,37.495949,126.956075,1365,0,0,0,-1.00,0.00,999.00,0.0,0,0,0,0,-65,-63.4,8562,13,4,3.05,0,0,0.00,0.00,1,5.030,5.253,-0.008,nan,178,6663,159,1,0,100,3.000,0.234,0,6661,0
17:07:49,3.874,1379988,1379987,0,0,1,37.495948,126.956072,0.01,290.8,0,290.8,0,0.0,0,0.00,9.71,1.81,0.9999,27.87,0.928,0,149640,0.015,1,290.8,"-0.38,0.39,9.70","0.5,-0.3,1.7","8.850,4.800,21.900",0.04,0.15,0.00,0,13123,8562,9,1.16,37.495949,126.956075,1365,0,0,0,-1.00,0.00,999.00,0.0,0,0,0,0,-65,-63.4,8562,62,4,3.05,0,0,0.00,0.00,1,5.010,5.253,-0.006,nan,28,6664,159,1,0,100,3.000,0.234,0,6662,0
17:07:49,3.967,1380008,1380008,0,0,1,37.495948,126.956072,0.01,290.8,0,290.8,0,0.0,0,0.00,9.74,3.43,0.9997,26.22,0.927,0,149642,0.015,1,290.8,"-0.39,0.25,9.73","2.1,1.9,2.0","9.900,4.650,20.250",0.11,0.15,0.00,0,13123,8562,9,1.16,37.495949,126.956075,1365,0,0,0,-1.00,0.00,999.00,0.0,0,0,0,0,-65,-63.4,8562,82,4,3.05,0,0,0.00,0.00,1,5.010,5.253,-0.006,nan,48,6664,159,1,0,100,3.000,0.234,0,6662,0
17:07:49,3.998,1380034,1380034,0,0,1,37.495948,126.956072,0.01,290.8,0,290.8,0,0.0,0,0.00,9.76,1.81,0.9999,27.76,0.937,0,149645,0.015,1,290.8,"-0.36,0.39,9.75","-0.3,1.6,-0.8","9.450,5.100,21.750",0.07,0.08,0.00,0,13123,8562,9,1.16,37.495949,126.956075,1365,0,0,0,-1.00,0.00,999.00,0.0,0,0,0,0,-65,-63.4,8562,108,4,3.05,0,0,0.00,0.00,1,5.010,5.253,-0.006,nan,74,6664,159,1,0,100,3.000,0.234,0,6662,0
17:07:49,3.999,1380086,1380086,0,0,1,37.495948,126.956072,0.01,290.8,0,290.8,0,0.0,0,0.00,9.71,1.26,0.9998,26.78,0.961,0,149651,0.015,1,290.8,"-0.35,0.30,9.70","0.3,-0.2,-1.2","8.850,5.700,20.700",0.09,0.11,0.00,0,13123,8562,9,1.16,37.495949,126.956075,1365,0,0,0,-1.00,0.00,999.00,0.0,0,0,0,0,-65,-63.4,8562,160,4,3.05,0,0,0.00,0.00,1,5.010,5.253,-0.006,nan,126,6664,159,1,0,100,3.000,0.234,0,6662,0
17:07:49,3.999,1380107,1380106,0,0,1,37.495948,126.956072,0.01,290.8,0,290.8,0,0.0,0,0.00,9.86,3.94,0.9998,25.53,0.944,0,149653,0.015,1,290.8,"-0.41,0.31,9.85","3.3,-1.7,-1.3","10.650,5.100,19.500",0.15,0.15,0.00,0,13124,8563,9,1.16,37.495949,126.956075,1365,0,0,0,-1.00,0.00,999.00,0.0,0,0,0,0,-65,-63.7,8563,1,4,3.14,0,0,0.00,0.00,1,5.010,5.253,-0.006,nan,147,6664,159,1,0,100,3.000,0.234,0,6662,0
17:07:49,4.004,1380134,1380134,0,0,1,37.495948,126.956072,0.01,290.8,0,290.8,0,0.0,0,0.00,9.72,1.80,0.9999,27.38,0.923,0,149656,0.015,1,290.8,"-0.54,0.36,9.70","1.8,-0.2,-0.1","8.100,4.500,21.450",0.13,0.13,0.00,0,13124,8563,9,1.16,37.495949,126.956075,1365,0,0,0,-1.00,0.00,999.00,0.0,0,0,0,0,-65,-63.7,8563,28,4,3.14,0,0,0.00,0.00,1,5.010,5.253,-0.006,nan,174,6664,159,1,0,100,3.000,0.234,0,6662,0
17:07:49,4.100,1380163,1380160,0,0,1,37.495948,126.956072,0.01,290.8,0,290.8,0,0.0,0,0.00,9.73,2.20,1.0000,25.76,0.932,0,149659,0.015,1,290.8,"-0.41,0.41,9.72","1.5,1.6,0.2","8.400,4.650,19.800",0.04,0.18,0.00,0,13124,8563,9,1.16,37.495949,126.956075,1365,0,0,0,-1.00,0.00,999.00,0.0,0,0,0,0,-65,-63.7,8563,57,4,3.14,0,0,0.00,0.00,1,5.020,5.254,-0.005,nan,0,6665,159,1,0,100,3.000,0.234,0,6663,0
17:07:49,4.131,1380190,1380190,0,0,1,37.495948,126.956072,0.01,290.8,0,290.8,0,0.0,0,0.00,9.75,2.92,1.0000,25.39,0.906,0,149662,0.015,1,290.8,"-0.44,0.41,9.73","1.6,1.7,-1.8","10.200,3.900,19.500",0.05,0.08,0.00,0,13124,8564,9,1.16,37.495949,126.956075,1365,0,0,0,-1.00,0.00,999.00,0.0,0,0,0,0,-66,-64.2,8564,24,4,3.28,0,0,0.00,0.00,1,5.020,5.254,-0.005,nan,27,6665,159,1,0,100,3.000,0.234,0,6663,0
17:07:49,4.132,1380217,1380217,0,0,1,37.495948,126.956072,0.01,290.8,0,290.8,0,0.0,0,0.00,9.75,2.56,1.0000,25.93,0.938,0,149665,0.015,1,290.8,"-0.50,0.42,9.73","2.4,-0.8,0.4","8.100,4.800,19.950",0.10,0.10,0.00,0,13125,8564,9,1.16,37.495949,126.956075,1365,0,0,0,-1.00,0.00,999.00,0.0,0,0,0,0,-66,-64.2,8564,51,4,3.28,0,0,0.00,0.00,1,5.020,5.254,-0.005,nan,54,6665,159,1,0,100,3.000,0.234,0,6663,0
17:07:49,4.132,1380243,1380243,0,0,1,37.495948,126.956072,0.01,290.8,0,290.8,0,0.0,0,0.00,9.76,4.46,0.9999,26.16,0.997,0,149668,0.015,1,290.8,"-0.39,0.33,9.74","-1.3,0.8,-4.2","8.850,6.750,19.950",0.06,0.10,0.00,0,13125,8564,9,1.16,37.495949,126.956075,1365,0,0,0,-1.00,0.00,999.00,0.0,0,0,0,0,-66,-64.2,8564,77,4,3.28,0,0,0.00,0.00,1,5.020,5.254,-0.005,nan,80,6665,159,1,0,100,3.000,0.234,0,6663,0
17:07:49,4.221,1380269,1380269,0,0,1,37.495948,126.956072,0.01,290.8,0,290.8,0,0.0,0,0.00,9.82,2.92,0.9999,25.64,0.935,0,149671,0.015,1,290.8,"-0.42,0.33,9.81","2.2,-1.9,-0.1","9.300,4.800,19.650",0.10,0.12,0.00,0,13125,8565,9,1.16,37.495949,126.956075,1365,0,0,0,-1.00,0.00,999.00,0.0,0,0,0,0,-64,-64.1,8565,13,4,3.27,0,0,0.00,0.00,1,5.020,5.254,-0.005,nan,106,6665,159,1,0,100,3.000,0.234,0,6663,0
17:07:50,4.257,1380398,1380398,0,0,1,37.495948,126.956072,0.01,290.8,0,290.8,0,0.0,0,0.00,9.67,1.52,1.0000,26.04,0.963,0,149685,0.015,1,290.8,"-0.47,0.43,9.65","-0.7,1.3,0.2","9.300,5.700,19.950",0.10,0.12,0.00,0,13126,8566,9,1.16,37.495949,126.956075,1365,0,0,0,-1.00,0.00,999.00,0.0,0,0,0,0,-64,-64.1,8566,33,4,3.26,0,0,0.00,0.00,1,5.010,5.250,0.001,nan,36,6666,159,1,0,100,3.000,0.234,0,6664,0
17:07:50,4.257,1380428,1380416,0,0,1,37.495948,126.956072,0.01,290.8,0,290.8,0,0.0,0,0.00,9.71,1.48,0.9997,26.88,0.902,0,149687,0.015,1,290.8,"-0.30,0.28,9.70","0.8,0.7,1.0","9.450,3.900,21.000",0.14,0.14,0.00,0,13127,8566,9,1.16,37.495949,126.956075,1365,0,0,0,-1.00,0.00,999.00,0.0,0,0,0,0,-64,-64.1,8566,63,4,3.26,0,0,0.00,0.00,1,5.010,5.250,0.001,nan,66,6666,159,1,0,100,3.000,0.234,0,6664,0
17:07:50,4.343,1380455,1380455,0,0,1,37.495948,126.956072,0.01,290.8,0,290.8,0,0.0,0,0.00,9.68,1.10,1.0000,26.82,0.889,0,149690,0.015,1,290.8,"-0.42,0.40,9.66","0.2,0.3,-1.0","8.700,3.450,21.000",0.06,0.08,0.00,0,13127,8566,9,1.16,37.495949,126.956075,1365,0,0,0,-1.00,0.00,999.00,0.0,0,0,0,0,-64,-64.1,8566,90,4,3.26,0,0,0.00,0.00,1,5.010,5.250,0.001,nan,93,6666,159,1,0,100,3.000,0.234,0,6664,0
17:07:50,4.375,1380482,1380482,0,0,1,37.495948,126.956072,0.01,290.8,0,290.8,0,0.0,0,0.00,9.80,3.35,0.9999,26.64,0.924,0,149693,0.015,1,290.8,"-0.31,0.43,9.79","1.3,-1.9,2.5","8.550,4.500,20.700",0.14,0.14,0.00,0,13127,8567,9,1.16,37.495949,126.956075,1365,0,0,0,-1.00,0.00,999.00,0.0,0,0,0,0,-64,-64.1,8567,17,4,3.25,0,0,0.00,0.00,1,5.010,5.250,0.001,nan,120,6666,159,1,0,100,3.000,0.234,0,6664,0
17:07:50,4.375,1380508,1380507,0,0,1,37.495948,126.956072,0.01,290.8,0,290.8,0,0.0,0,0.00,9.73,3.09,0.9998,25.81,0.947,0,149696,0.015,1,290.8,"-0.33,0.33,9.72","2.4,1.9,0.5","8.400,5.100,19.800",0.09,0.09,0.00,0,13128,8567,9,1.16,37.495949,126.956075,1365,0,0,0,-1.00,0.00,999.00,0.0,0,0,0,0,-64,-64.1,8567,43,4,3.25,0,0,0.00,0.00,1,5.010,5.250,0.001,nan,146,6666,159,1,0,100,3.000,0.234,0,6664,0
17:07:50,4.468,1380527,1380527,0,0,1,37.495948,126.956072,0.01,290.8,0,290.8,0,0.0,0,0.00,9.57,2.64,0.9996,26.91,0.911,0,149698,0.015,1,290.8,"-0.30,0.23,9.56","-1.0,0.6,-2.3","9.450,4.200,21.000",0.22,0.22,0.00,0,13128,8567,9,1.16,37.495949,126.956075,1365,0,0,0,-1.00,0.00,999.00,0.0,0,0,0,0,-64,-64.1,8567,62,4,3.25,0,0,0.00,0.00,1,5.010,5.250,0.001,nan,165,6666,159,1,0,100,3.000,0.234,0,6664,0
17:07:50,4.499,1380554,1380554,0,0,1,37.495948,126.956072,0.01,290.8,0,290.8,0,0.0,0,0.00,9.75,2.76,1.0000,25.61,0.970,0,149701,0.015,1,290.8,"-0.39,0.43,9.73","1.8,0.7,-2.0","8.700,5.850,19.500",0.07,0.14,0.00,0,13128,8567,9,1.16,37.495949,126.956075,1365,0,0,0,-1.00,0.00,999.00,0.0,0,0,0,0,-64,-64.1,8567,89,4,3.25,0,0,0.00,0.00,1,5.010,5.250,0.001,nan,192,6666,159,1,0,100,3.000,0.234,0,6664,0
17:07:50,4.504,1380576,1380576,0,0,1,37.495948,126.956072,0.01,290.8,0,290.8,0,0.0,0,0.00,9.59,1.21,0.9997,25.89,0.928,0,149703,0.015,1,290.8,"-0.31,0.26,9.59","0.3,1.1,-0.5","8.100,4.500,19.950",0.18,0.18,0.00,0,13128,8567,9,1.16,37.495949,126.956075,1365,0,0,0,-1.00,0.00,999.00,0.0,0,0,0,0,-64,-64.1,8567,111,4,3.25,0,0,0.00,0.00,1,5.000,5.248,0.004,nan,8,6667,159,1,0,100,3.000,0.234,0,6665,0
17:07:50,4.504,1380603,1380603,0,0,1,37.495948,126.956072,0.01,290.8,0,290.8,0,0.0,0,0.00,9.68,0.86,1.0000,25.76,0.967,0,149706,0.015,1,290.8,"-0.34,0.49,9.66","-0.7,0.5,0.2","10.200,5.850,19.650",0.14,0.14,0.00,0,13128,8567,9,1.16,37.495949,126.956075,1365,0,0,0,-1.00,0.00,999.00,0.0,0,0,0,0,-64,-64.1,8567,138,4,3.25,0,0,0.00,0.00,1,5.000,5.248,0.004,nan,35,6667,159,1,0,100,3.000,0.234,0,6665,0
17:07:50,4.504,1380629,1380629,0,0,1,37.495948,126.956072,0.01,290.8,0,290.8,0,0.0,0,0.00,9.66,0.97,0.9996,28.17,0.926,0,149709,0.015,1,290.8,"-0.45,0.20,9.64","-0.0,-0.4,-0.9","9.300,4.800,22.200",0.18,0.18,0.00,0,13129,8567,9,1.16,37.495949,126.956075,1365,0,0,0,-1.00,0.00,999.00,0.0,0,0,0,0,-64,-64.1,8567,164,4,3.25,0,0,0.00,0.00,1,5.000,5.248,0.004,nan,61,6667,159,1,0,100,3.000,0.234,0,6665,0
17:07:50,4.505,1380649,1380648,0,0,1,37.495948,126.956072,0.01,290.8,0,290.8,0,0.0,0,0.00,9.72,2.96,0.9995,25.09,0.918,0,149711,0.015,1,290.8,"-0.28,0.21,9.72","-1.3,0.6,-2.6","7.800,4.050,19.200",0.19,0.19,0.00,0,13129,8567,9,1.16,37.495949,126.956075,1365,0,0,0,-1.00,0.00,999.00,0.0,0,0,0,0,-64,-64.1,8567,184,4,3.25,0,0,0.00,0.00,1,5.000,5.248,0.004,nan,81,6667,159,1,0,100,3.000,0.234,0,6665,0
17:07:50,4.601,1380674,1380674,0,0,1,37.495948,126.956072,0.01,290.8,0,290.8,0,0.0,0,0.00,9.73,1.08,1.0000,26.34,0.924,0,149714,0.015,1,290.8,"-0.47,0.46,9.71","-1.1,-0.2,-0.1","8.850,4.500,20.400",0.12,0.12,0.00,0,13129,8567,9,1.16,37.495949,126.956075,1365,0,0,0,-1.00,0.00,999.00,0.0,0,0,0,0,-64,-64.1,8567,209,4,3.25,0,0,0.00,0.00,1,5.000,5.248,0.004,nan,106,6667,159,1,0,100,3.000,0.234,0,6665,0
17:07:50,4.632,1380747,1380747,0,0,1,37.495948,126.956074,0.03,290.8,0,290.8,0,0.0,0,0.00,9.76,2.07,0.9999,26.65,0.965,0,149722,0.046,1,290.8,"-0.53,0.37,9.74","1.3,0.5,-1.5","9.150,5.850,20.550",0.13,0.13,0.00,0,13130,8567,9,1.16,37.495948,126.956079,1366,0,0,0,-1.00,0.00,999.00,0.0,0,0,0,0,-64,-64.1,8567,282,4,3.25,0,0,0.00,0.00,1,5.000,5.248,0.004,nan,179,6667,159,1,0,100,3.000,0.234,0,6665,0
17:07:50,4.737,1380770,1380770,0,0,1,37.495948,126.956074,0.03,290.8,0,290.8,0,0.0,0,0.00,9.78,2.97,0.9998,26.21,0.931,0,149724,0.046,1,290.8,"-0.32,0.32,9.77","2.8,0.2,-0.8","8.400,4.650,20.250",0.11,0.11,0.00,0,13130,8567,9,1.16,37.495948,126.956079,1366,0,0,0,-1.00,0.00,999.00,0.0,0,0,0,0,-64,-64.1,8567,305,4,3.25,0,0,0.00,0.00,1,4.990,5.247,0.005,nan,9,6668,159,1,0,100,3.000,0.234,0,6666,0
17:07:50,4.833,1380797,1380797,0,0,1,37.495948,126.956074,0.03,290.8,0,290.8,0,0.0,0,0.00,9.70,2.94,0.9999,25.95,0.983,0,149727,0.046,1,290.8,"-0.43,0.34,9.69","2.7,-0.8,0.7","8.700,6.300,19.800",0.04,0.14,0.00,0,13130,8567,9,1.16,37.495948,126.956079,1366,0,0,0,-1.00,0.00,999.00,0.0,0,0,0,0,-64,-64.1,8567,332,4,3.25,0,0,0.00,0.00,1,4.990,5.247,0.005,nan,36,6668,159,1,0,100,3.000,0.234,0,6666,0
17:07:50,5.214,1380954,1380952,0,0,1,37.495948,126.956074,0.03,290.8,0,290.8,0,0.0,0,0.00,9.79,1.72,0.9997,26.17,0.913,0,149744,0.046,1,290.8,"-0.38,0.27,9.78","-1.4,0.6,-0.8","9.900,4.200,20.250",0.12,0.12,0.00,0,13132,8568,9,1.16,37.495948,126.956079,1366,0,0,0,-1.00,0.00,999.00,0.0,0,0,0,0,-67,-64.7,8568,48,4,3.44,0,0,0.00,0.00,1,4.990,5.247,0.005,nan,193,6668,159,1,0,100,3.000,0.234,0,6666,0
17:07:51,5.451,1381360,1381356,0,0,1,37.495948,126.956074,0.03,290.8,0,290.8,0,0.0,0,0.00,9.71,1.99,1.0000,25.72,0.915,0,149787,0.046,1,290.8,"-0.36,0.42,9.70","0.8,-1.2,-1.4","9.900,4.200,19.800",0.06,0.10,0.00,0,13136,8571,9,1.16,37.495948,126.956079,1366,0,0,0,-1.00,0.00,999.00,0.0,0,0,0,0,-64,-64.8,8571,87,4,3.46,0,0,0.00,0.00,1,5.010,5.238,0.011,nan,0,6671,159,1,0,100,3.000,0.234,0,6669,0
17:07:51,6.073,1381592,1381592,0,0,1,37.495948,126.956074,0.03,290.8,0,290.8,0,0.0,0,0.00,9.77,2.20,0.9999,26.88,0.900,0,149811,0.046,1,290.8,"-0.37,0.37,9.75","-0.5,-0.3,-2.1","10.650,3.900,21.000",0.06,0.11,0.00,0,13138,8573,9,1.16,37.495948,126.956079,1366,0,0,0,-1.00,0.00,999.00,0.0,0,0,0,0,-65,-64.7,8573,111,4,3.44,0,0,0.00,0.00,1,4.980,5.233,0.014,nan,26,6672,159,1,0,100,3.000,0.234,0,6670,0
17:07:52,6.282,1381966,1381963,0,0,1,37.495948,126.956076,0.03,290.8,0,290.8,0,0.0,0,0.00,9.77,2.55,1.0000,26.49,1.004,0,149850,0.031,1,290.8,"-0.44,0.40,9.75","-0.8,1.0,2.2","9.150,7.050,20.250",0.08,0.11,0.00,0,13141,8576,9,1.20,37.495949,126.956080,1367,0,0,0,-1.00,0.00,999.00,0.0,0,0,0,0,-64,-64.1,8576,67,4,3.24,0,0,0.00,0.00,1,4.980,5.228,0.013,nan,0,6674,159,1,0,100,3.000,0.234,0,6672,0
17:07:52,6.282,1381986,1381986,0,0,1,37.495948,126.956076,0.03,290.8,0,290.8,0,0.0,0,0.00,9.62,3.57,0.9999,26.40,0.984,0,149852,0.031,1,290.8,"-0.33,0.44,9.61","1.3,2.5,-2.2","7.950,6.300,20.250",0.13,0.14,0.00,0,13142,8576,9,1.20,37.495949,126.956080,1367,0,0,0,-1.00,0.00,999.00,0.0,0,0,0,0,-64,-64.1,8576,87,4,3.24,0,0,0.00,0.00,1,4.980,5.228,0.013,nan,20,6674,159,1,0,100,3.000,0.234,0,6672,0
17:07:52,6.282,1382013,1382013,0,0,1,37.495948,126.956076,0.03,290.8,0,290.8,0,0.0,0,0.00,9.67,3.32,0.9998,24.86,0.927,0,149855,0.031,1,290.8,"-0.36,0.32,9.66","1.7,-1.9,2.1","10.050,4.500,18.900",0.07,0.16,0.00,0,13142,8576,9,1.20,37.495949,126.956080,1367,0,0,0,-1.00,0.00,999.00,0.0,0,0,0,0,-64,-64.1,8576,114,4,3.24,0,0,0.00,0.00,1,4.980,5.228,0.013,nan,47,6674,159,1,0,100,3.000,0.234,0,6672,0
17:07:52,6.287,1382039,1382039,0,0,1,37.495948,126.956076,0.03,290.8,0,290.8,0,0.0,0,0.00,9.66,2.43,0.9999,25.75,0.962,0,149858,0.031,1,290.8,"-0.38,0.34,9.64","-0.0,-1.0,-2.2","10.800,5.700,19.650",0.05,0.11,0.00,0,13142,8576,9,1.20,37.495949,126.956080,1367,0,0,0,-1.00,0.00,999.00,0.0,0,0,0,0,-64,-64.1,8576,140,4,3.24,0,0,0.00,0.00,1,4.980,5.228,0.013,nan,73,6674,159,1,0,100,3.000,0.234,0,6672,0
17:07:52,6.287,1382066,1382066,0,0,1,37.495948,126.956076,0.03,290.8,0,290.8,0,0.0,0,0.00,9.65,2.57,0.9999,25.82,0.945,0,149861,0.031,1,290.8,"-0.35,0.36,9.63","2.3,-1.0,0.7","9.150,5.100,19.800",0.07,0.18,0.00,0,13142,8576,9,1.20,37.495949,126.956080,1367,0,0,0,-1.00,0.00,999.00,0.0,0,0,0,0,-64,-64.1,8576,167,4,3.24,0,0,0.00,0.00,1,4.980,5.228,0.013,nan,100,6674,159,1,0,100,3.000,0.234,0,6672,0
17:07:52,6.288,1382087,1382087,0,0,1,37.495948,126.956076,0.03,290.8,0,290.8,0,0.0,0,0.00,9.67,2.84,0.9999,24.68,0.919,0,149863,0.031,1,290.8,"-0.36,0.36,9.65","-0.7,1.4,-2.4","9.900,4.200,18.750",0.05,0.15,0.00,0,13143,8576,9,1.20,37.495949,126.956080,1367,0,0,0,-1.00,0.00,999.00,0.0,0,0,0,0,-64,-64.1,8576,188,4,3.24,0,0,0.00,0.00,1,4.980,5.228,0.013,nan,121,6674,159,1,0,100,3.000,0.234,0,6672,0
17:07:52,6.288,1382114,1382114,0,0,1,37.495948,126.956076,0.03,290.8,0,290.8,0,0.0,0,0.00,9.60,1.21,0.9999,25.12,0.955,0,149866,0.031,1,290.8,"-0.60,0.49,9.57","1.1,-0.2,-0.5","10.200,5.400,19.050",0.26,0.26,0.00,0,13143,8576,9,1.20,37.495949,126.956080,1367,0,0,0,-1.00,0.00,999.00,0.0,0,0,0,0,-64,-64.1,8576,215,4,3.24,0,0,0.00,0.00,1,4.980,5.228,0.013,nan,148,6674,159,1,0,100,3.000,0.234,0,6672,0
17:07:52,6.288,1382137,1382125,0,0,1,37.495948,126.956076,0.03,290.8,0,290.8,0,0.0,0,0.00,9.63,2.12,0.9996,25.33,0.896,0,149867,0.031,1,290.8,"-0.45,0.20,9.62","1.0,0.2,-1.8","8.400,3.450,19.500",0.18,0.18,0.00,0,13143,8577,9,1.20,37.495949,126.956080,1367,0,0,0,-1.00,0.00,999.00,0.0,0,0,0,0,-63,-63.9,8577,20,3,3.18,0,0,0.00,0.00,1,4.980,5.228,0.013,nan,171,6674,159,1,0,100,3.000,0.234,0,6672,0
17:07:52,6.289,1382159,1382155,0,0,1,37.495948,126.956076,0.03,290.8,0,290.8,0,0.0,0,0.00,9.74,0.82,0.9999,23.62,0.961,0,149869,0.031,1,290.8,"-0.49,0.38,9.73","-0.7,0.4,0.1","9.900,5.400,17.550",0.09,0.09,0.00,0,13143,8577,9,1.20,37.495949,126.956080,1367,0,0,0,-1.00,0.00,999.00,0.0,0,0,0,0,-63,-63.9,8577,42,3,3.18,0,0,0.00,0.00,1,4.980,5.223,0.017,nan,0,6675,159,1,0,100,3.000,0.234,0,6673,0
17:07:52,6.289,1382187,1382187,0,0,1,37.495948,126.956076,0.03,290.8,0,290.8,0,0.0,0,0.00,9.67,1.19,1.0000,24.78,0.947,0,149872,0.031,1,290.8,"-0.35,0.44,9.65","0.6,-1.0,-0.3","9.900,5.100,18.750",0.11,0.14,0.00,0,13144,8577,9,1.20,37.495949,126.956080,1367,0,0,0,-1.00,0.00,999.00,0.0,0,0,0,0,-63,-63.9,8577,70,3,3.18,0,0,0.00,0.00,1,4.980,5.223,0.017,nan,28,6675,159,1,0,100,3.000,0.234,0,6673,0
17:07:52,6.488,1382212,1382212,0,0,1,37.495948,126.956076,0.03,290.8,0,290.8,0,0.0,0,0.00,9.72,1.64,0.9999,26.04,0.963,0,149875,0.031,1,290.8,"-0.34,0.43,9.70","0.1,-0.2,1.6","9.300,5.700,19.950",0.11,0.11,0.00,0,13144,8577,9,1.20,37.495949,126.956080,1367,0,0,0,-1.00,0.00,999.00,0.0,0,0,0,0,-63,-63.9,8577,95,3,3.18,0,0,0.00,0.00,1,4.980,5.223,0.017,nan,53,6675,159,1,0,100,3.000,0.234,0,6673,0
17:07:52,6.555,1382264,1382264,0,0,1,37.495948,126.956076,0.03,290.8,0,290.8,0,0.0,0,0.00,9.65,1.81,0.9999,26.71,0.978,0,149881,0.031,1,290.8,"-0.37,0.40,9.64","0.7,-1.2,-1.2","9.900,6.300,20.550",0.06,0.14,0.00,0,13144,8577,9,1.20,37.495949,126.956080,1367,0,0,0,-1.00,0.00,999.00,0.0,0,0,0,0,-63,-63.9,8577,147,3,3.18,0,0,0.00,0.00,1,4.980,5.223,0.017,nan,105,6675,159,1,0,100,3.000,0.234,0,6673,0
17:07:52,6.556,1382421,1382421,0,0,1,37.495948,126.956076,0.03,290.8,0,290.8,0,0.0,0,0.00,9.69,2.78,0.9999,24.03,0.950,0,149898,0.031,1,290.8,"-0.40,0.34,9.68","0.4,0.6,-2.7","9.450,5.100,18.000",0.03,0.10,0.00,0,13146,8578,9,1.20,37.495949,126.956080,1367,0,0,0,-1.00,0.00,999.00,0.0,0,0,0,0,-62,-63.5,8578,34,3,3.07,0,0,0.00,0.00,1,4.980,5.220,0.016,nan,55,6676,159,1,0,100,3.000,0.234,0,6674,0
17:07:52,6.556,1382506,1382506,0,0,1,37.495948,126.956076,0.03,290.8,0,290.8,0,0.0,0,0.00,9.68,1.64,1.0000,26.52,0.972,0,149905,0.031,1,290.8,"-0.42,0.39,9.66","0.2,-1.1,1.2","8.550,6.000,20.400",0.04,0.14,0.00,0,13147,8579,9,1.20,37.495949,126.956080,1367,0,0,0,-1.00,0.00,999.00,0.0,0,0,0,0,-61,-63.0,8579,82,3,2.93,0,0,0.00,0.00,1,4.980,5.220,0.016,nan,140,6676,159,1,0,100,3.000,0.234,0,6674,0
17:07:52,6.556,1382532,1382532,0,0,1,37.495948,126.956076,0.03,290.8,0,290.8,0,0.0,0,0.00,9.69,1.74,0.9998,27.13,0.930,0,149908,0.031,1,290.8,"-0.36,0.30,9.68","1.3,-0.8,0.8","9.300,4.800,21.150",0.08,0.09,0.00,0,13147,8579,9,1.20,37.495949,126.956080,1367,0,0,0,-1.00,0.00,999.00,0.0,0,0,0,0,-61,-63.0,8579,108,3,2.93,0,0,0.00,0.00,1,4.980,5.220,0.016,nan,166,6676,159,1,0,100,3.000,0.234,0,6674,0
17:07:52,6.557,1382585,1382585,0,0,1,37.495948,126.956076,0.03,290.8,0,290.8,0,0.0,0,0.00,9.67,1.66,0.9998,24.95,0.952,0,149913,0.031,1,290.8,"-0.27,0.36,9.66","1.0,0.0,1.4","9.600,5.250,18.900",0.13,0.13,0.00,0,13147,8579,9,1.20,37.495949,126.956080,1367,0,0,0,-1.00,0.00,999.00,0.0,0,0,0,0,-61,-63.0,8579,161,3,2.93,0,0,0.00,0.00,1,4.960,5.218,0.014,nan,21,6677,159,1,0,100,3.000,0.234,0,6675,0
17:07:52,6.557,1382605,1382605,0,0,1,37.495948,126.956076,0.03,290.8,0,290.8,0,0.0,0,0.00,9.73,1.72,0.9998,26.44,0.946,0,149915,0.031,1,290.8,"-0.44,0.30,9.72","1.0,-0.7,1.2","9.600,5.250,20.400",0.08,0.09,0.00,0,13148,8579,9,1.20,37.495949,126.956080,1367,0,0,0,-1.00,0.00,999.00,0.0,0,0,0,0,-61,-63.0,8579,181,3,2.93,0,0,0.00,0.00,1,4.960,5.218,0.014,nan,41,6677,159,1,0,100,3.000,0.234,0,6675,0
17:07:52,6.654,1382630,1382630,0,0,1,37.495948,126.956076,0.03,290.8,0,290.8,0,0.0,0,0.00,9.72,2.76,0.9998,25.69,0.905,0,149918,0.031,1,290.8,"-0.42,0.29,9.71","-1.4,1.8,-1.6","9.900,3.900,19.800",0.08,0.10,0.00,0,13148,8579,9,1.20,37.495949,126.956080,1367,0,0,0,-1.00,0.00,999.00,0.0,0,0,0,0,-61,-63.0,8579,206,3,2.93,0,0,0.00,0.00,1,4.960,5.218,0.014,nan,66,6677,159,1,0,100,3.000,0.234,0,6675,0
17:07:52,6.689,1382792,1382791,0,0,1,37.495949,126.956077,0.03,290.8,0,290.8,0,0.0,0,0.00,9.61,1.39,1.0000,24.81,0.959,0,149935,0.021,1,290.8,"-0.40,0.40,9.60","1.2,0.8,0.2","8.700,5.400,18.750",0.10,0.11,0.00,0,13149,8581,9,1.16,37.495949,126.956081,1368,0,0,0,-1.00,0.00,999.00,0.0,0,0,0,0,-63,-63.0,8581,37,3,2.93,0,0,0.00,0.00,1,4.990,5.217,0.012,nan,28,6678,159,1,0,100,3.000,0.234,0,6676,0
17:07:52,6.750,1382820,1382819,0,0,1,37.495949,126.956077,0.03,290.8,0,290.8,0,0.0,0,0.00,9.74,2.83,1.0000,24.86,0.972,0,149938,0.021,1,290.8,"-0.45,0.45,9.72","1.2,0.8,-2.5","9.150,5.850,18.750",0.10,0.10,0.00,0,13150,8581,9,1.16,37.495949,126.956081,1368,0,0,0,-1.00,0.00,999.00,0.0,0,0,0,0,-63,-63.0,8581,65,3,2.93,0,0,0.00,0.00,1,4.990,5.217,0.012,nan,56,6678,159,1,0,100,3.000,0.234,0,6676,0
17:07:52,6.777,1382845,1382845,0,0,1,37.495949,126.956077,0.03,290.8,0,290.8,0,0.0,0,0.00,9.73,3.31,0.9999,27.08,0.879,0,149941,0.021,1,290.8,"-0.39,0.36,9.72","0.4,3.0,-1.4","8.700,3.150,21.300",0.04,0.09,0.00,0,13150,8581,9,1.16,37.495949,126.956081,1368,0,0,0,-1.00,0.00,999.00,0.0,0,0,0,0,-63,-63.0,8581,90,3,2.93,0,0,0.00,0.00,1,4.990,5.217,0.012,nan,81,6678,159,1,0,100,3.000,0.234,0,6676,0
17:07:52,6.778,1382872,1382871,0,0,1,37.495949,126.956077,0.03,290.8,0,290.8,0,0.0,0,0.00,9.68,4.12,1.0000,26.64,0.923,0,149944,0.021,1,290.8,"-0.38,0.42,9.67","1.2,-0.7,-3.9","8.850,4.500,20.700",0.07,0.13,0.00,0,13150,8581,9,1.16,37.495949,126.956081,1368,0,0,0,-1.00,0.00,999.00,0.0,0,0,0,0,-63,-63.0,8581,117,3,2.93,0,0,0.00,0.00,1,4.990,5.217,0.012,nan,108,6678,159,1,0,100,3.000,0.234,0,6676,0
17:07:52,6.778,1382897,1382897,0,0,1,37.495949,126.956077,0.03,290.8,0,290.8,0,0.0,0,0.00,9.79,3.66,0.9997,26.53,0.925,0,149947,0.021,1,290.8,"-0.29,0.28,9.78","-0.6,3.1,-1.8","10.950,4.650,20.550",0.17,0.17,0.00,0,13150,8581,9,1.16,37.495949,126.956081,1368,0,0,0,-1.00,0.00,999.00,0.0,0,0,0,0,-63,-63.0,8581,142,3,2.93,0,0,0.00,0.00,1,4.990,5.217,0.012,nan,133,6678,159,1,0,100,3.000,0.234,0,6676,0
17:07:52,6.778,1382918,1382917,0,0,1,37.495949,126.956077,0.03,290.8,0,290.8,0,0.0,0,0.00,9.71,3.15,0.9999,25.76,0.889,0,149949,0.021,1,290.8,"-0.38,0.38,9.70","0.4,-2.4,-2.0","8.550,3.300,19.950",0.04,0.04,0.00,0,13151,8582,9,1.16,37.495949,126.956081,1368,0,0,0,-1.00,0.00,999.00,0.0,0,0,0,0,-63,-63.0,8582,6,3,2.93,0,0,0.00,0.00,1,4.990,5.217,0.012,nan,154,6678,159,1,0,100,3.000,0.234,0,6676,0
17:07:52,6.899,1382945,1382944,0,0,1,37.495949,126.956077,0.03,290.8,0,290.8,0,0.0,0,0.00,9.69,2.24,0.9999,27.45,0.976,0,149952,0.021,1,290.8,"-0.42,0.33,9.68","1.8,-0.3,1.4","9.450,6.300,21.300",0.03,0.10,0.00,0,13151,8582,9,1.16,37.495949,126.956081,1368,0,0,0,-1.00,0.00,999.00,0.0,0,0,0,0,-63,-63.0,8582,33,3,2.93,0,0,0.00,0.00,1,4.990,5.217,0.012,nan,181,6678,159,1,0,100,3.000,0.234,0,6676,0
17:07:52,6.955,1382967,1382966,0,0,1,37.495949,126.956077,0.03,290.8,0,290.8,0,0.0,0,0.00,9.66,3.34,0.9999,26.87,0.904,0,149954,0.021,1,290.8,"-0.48,0.33,9.64","1.3,-2.6,1.6","8.700,3.900,21.000",0.09,0.14,0.00,0,13151,8582,9,1.16,37.495949,126.956081,1368,0,0,0,-1.00,0.00,999.00,0.0,0,0,0,0,-63,-63.0,8582,55,3,2.93,0,0,0.00,0.00,1,4.970,5.216,0.010,nan,0,6679,159,1,0,100,3.000,0.234,0,6677,0
17:07:52,6.955,1382993,1382993,0,0,1,37.495949,126.956077,0.03,290.8,0,290.8,0,0.0,0,0.00,9.78,1.88,0.9998,26.30,0.908,0,149957,0.021,1,290.8,"-0.35,0.30,9.77","-0.4,1.7,-0.7","10.050,4.050,20.400",0.11,0.15,0.00,0,13151,8582,9,1.16,37.495949,126.956081,1368,0,0,0,-1.00,0.00,999.00,0.0,0,0,0,0,-63,-63.0,8582,81,3,2.93,0,0,0.00,0.00,1,4.970,5.216,0.010,nan,26,6679,159,1,0,100,3.000,0.234,0,6677,0
17:07:52,6.956,1383040,1383040,0,0,1,37.495949,126.956077,0.03,290.8,0,290.8,0,0.0,0,0.00,9.71,2.50,1.0000,25.19,0.939,0,149962,0.021,1,290.8,"-0.42,0.42,9.69","0.3,-1.7,-1.8","8.550,4.800,19.200",0.06,0.15,0.00,0,13152,8583,9,1.16,37.495949,126.956081,1368,0,0,0,-1.00,0.00,999.00,0.0,0,0,0,0,-64,-63.2,8583,43,3,2.99,0,0,0.00,0.00,1,4.970,5.216,0.010,nan,73,6679,159,1,0,100,3.000,0.234,0,6677,0
17:07:52,6.956,1383066,1383066,0,0,1,37.495949,126.956077,0.03,290.8,0,290.8,0,0.0,0,0.00,9.74,1.40,0.9999,27.10,0.965,0,149965,0.021,1,290.8,"-0.44,0.32,9.73","-0.3,-0.5,-1.3","8.700,5.850,21.000",0.06,0.20,0.00,0,13152,8583,9,1.16,37.495949,126.956081,1368,0,0,0,-1.00,0.00,999.00,0.0,0,0,0,0,-64,-63.2,8583,69,3,2.99,0,0,0.00,0.00,1,4.970,5.216,0.010,nan,99,6679,159,1,0,100,3.000,0.234,0,6677,0
17:07:52,7.054,1383094,1383093,0,0,1,37.495949,126.956077,0.03,290.8,0,290.8,0,0.0,0,0.00,9.71,3.49,1.0000,24.75,0.901,0,149968,0.021,1,290.8,"-0.44,0.40,9.70","1.9,-1.4,2.6","8.850,3.600,18.900",0.05,0.09,0.00,0,13152,8583,9,1.16,37.495949,126.956081,1368,0,0,0,-1.00,0.00,999.00,0.0,0,0,0,0,-64,-63.2,8583,97,3,2.99,0,0,0.00,0.00,1,4.970,5.216,0.010,nan,127,6679,159,1,0,100,3.000,0.234,0,6677,0
17:07:52,7.094,1383141,1383141,0,0,1,37.495949,126.956077,0.03,290.8,0,290.8,0,0.0,0,0.00,9.67,3.82,0.9998,25.78,0.928,0,149973,0.021,1,290.8,"-0.44,0.27,9.65","3.6,0.8,-1.0","10.950,4.650,19.800",0.11,0.11,0.00,0,13153,8583,9,1.16,37.495949,126.956081,1368,0,0,0,-1.00,0.00,999.00,0.0,0,0,0,0,-64,-63.2,8583,144,3,2.99,0,0,0.00,0.00,1,4.970,5.216,0.010,nan,174,6679,159,1,0,100,3.000,0.234,0,6677,0
17:07:52,7.095,1383190,1383190,0,0,1,37.495949,126.956077,0.03,290.8,0,290.8,0,0.0,0,0.00,9.72,1.40,0.9997,25.55,0.913,0,149978,0.021,1,290.8,"-0.36,0.25,9.71","-0.3,-1.1,0.8","8.850,4.050,19.650",0.12,0.12,0.00,0,13153,8583,9,1.16,37.495949,126.956081,1368,0,0,0,-1.00,0.00,999.00,0.0,0,0,0,0,-64,-63.2,8583,193,3,2.99,0,0,0.00,0.00,1,4.980,5.215,0.008,nan,27,6680,159,1,0,100,3.000,0.234,0,6678,0
17:07:52,7.183,1383244,1383244,0,0,1,37.495949,126.956077,0.03,290.8,0,290.8,0,0.0,0,0.00,9.65,1.09,0.9998,24.32,0.900,0,149984,0.021,1,290.8,"-0.34,0.31,9.64","0.4,0.9,-0.5","10.500,3.600,18.450",0.10,0.19,0.00,0,13154,8584,9,1.16,37.495949,126.956081,1368,0,0,0,-1.00,0.00,999.00,0.0,0,0,0,0,-64,-63.4,8584,45,3,3.03,0,0,0.00,0.00,1,4.980,5.215,0.008,nan,81,6680,159,1,0,100,3.000,0.234,0,6678,0
17:07:52,7.214,1383270,1383270,0,0,1,37.495949,126.956077,0.03,290.8,0,290.8,0,0.0,0,0.00,9.79,2.91,0.9999,24.67,0.924,0,149987,0.021,1,290.8,"-0.45,0.33,9.77","0.4,1.3,-2.5","7.950,4.200,18.750",0.09,0.16,0.00,0,13154,8584,9,1.16,37.495949,126.956081,1368,0,0,0,-1.00,0.00,999.00,0.0,0,0,0,0,-64,-63.4,8584,71,3,3.03,0,0,0.00,0.00,1,4.980,5.215,0.008,nan,107,6680,159,1,0,100,3.000,0.234,0,6678,0
17:07:53,7.303,1383293,1383292,0,0,1,37.495949,126.956077,0.03,290.8,0,290.8,0,0.0,0,0.00,9.78,1.68,0.9999,26.60,0.950,0,149989,0.021,1,290.8,"-0.47,0.33,9.76","0.1,0.0,-1.7","9.900,5.400,20.550",0.09,0.10,0.00,0,13154,8585,9,1.16,37.495949,126.956081,1368,0,0,0,-1.00,0.00,999.00,0.0,0,0,0,0,-63,-63.3,8585,22,3,3.01,0,0,0.00,0.00,1,4.980,5.215,0.008,nan,130,6680,159,1,0,100,3.000,0.234,0,6678,0
17:07:53,7.337,1383394,1383394,0,0,1,37.495949,126.956077,0.03,290.8,0,290.8,0,0.0,0,0.00,9.67,1.44,0.9999,24.42,0.929,0,150000,0.021,1,290.8,"-0.49,0.37,9.65","0.8,0.3,-1.1","10.500,4.500,18.450",0.10,0.13,0.00,0,13155,8585,9,1.16,37.495949,126.956081,1368,0,0,0,-1.00,0.00,999.00,0.0,0,0,0,0,-63,-63.3,8585,123,3,3.01,0,0,0.00,0.00,1,5.010,5.215,0.006,nan,34,6681,159,1,0,100,3.000,0.234,0,6679,0
17:07:53,7.337,1383421,1383421,0,0,1,37.495949,126.956077,0.03,290.8,0,290.8,0,0.0,0,0.00,9.77,1.55,0.9999,25.68,0.906,0,150003,0.021,1,290.8,"-0.34,0.44,9.76","-0.4,1.3,0.8","9.450,3.900,19.800",0.12,0.13,0.00,0,13155,8586,9,1.16,37.495949,126.956081,1368,0,0,0,-1.00,0.00,999.00,0.0,0,0,0,0,-62,-63.0,8586,21,3,2.94,0,0,0.00,0.00,1,5.010,5.215,0.006,nan,61,6681,159,1,0,100,3.000,0.234,0,6679,0
17:07:53,7.338,1383455,1383432,0,0,1,37.495949,126.956077,0.03,290.8,0,290.8,0,0.0,0,0.00,9.75,1.27,0.9998,25.22,0.984,0,150004,0.021,1,290.8,"-0.47,0.30,9.73","-0.6,1.1,0.0","9.900,6.300,19.050",0.09,0.09,0.00,0,13156,8586,9,1.16,37.495949,126.956081,1368,0,0,0,-1.00,0.00,999.00,0.0,0,0,0,0,-62,-63.0,8586,55,3,2.94,0,0,0.00,0.00,1,5.010,5.215,0.006,nan,95,6681,159,1,0,100,3.000,0.234,0,6679,0
17:07:53,7.422,1383466,1383466,0,0,1,37.495949,126.956077,0.03,290.8,0,290.8,0,0.0,0,0.00,9.70,2.85,0.9998,26.22,0.927,0,150005,0.021,1,290.8,"-0.51,0.31,9.68","2.7,0.2,-0.9","10.200,4.650,20.250",0.11,0.11,0.00,0,13156,8586,9,1.16,37.495949,126.956081,1368,0,0,0,-1.00,0.00,999.00,0.0,0,0,0,0,-62,-63.0,8586,66,3,2.94,0,0,0.00,0.00,1,5.010,5.215,0.006,nan,106,6681,159,1,0,100,3.000,0.234,0,6679,0
17:07:53,7.449,1383492,1383492,0,0,1,37.495949,126.956077,0.03,290.8,0,290.8,0,0.0,0,0.00,9.73,2.22,0.9998,25.78,0.928,0,150008,0.021,1,290.8,"-0.27,0.50,9.72","2.2,0.1,0.4","10.950,4.650,19.800",0.19,0.19,0.00,0,13156,8586,9,1.16,37.495949,126.956081,1368,0,0,0,-1.00,0.00,999.00,0.0,0,0,0,0,-62,-63.0,8586,92,3,2.94,0,0,0.00,0.00,1,5.010,5.215,0.006,nan,132,6681,159,1,0,100,3.000,0.234,0,6679,0
17:07:53,7.449,1383519,1383519,0,0,1,37.495949,126.956077,0.03,290.8,0,290.8,0,0.0,0,0.00,9.72,2.63,0.9999,24.67,0.920,0,150011,0.021,1,290.8,"-0.42,0.35,9.70","-0.5,-2.6,-0.2","9.150,4.200,18.750",0.01,0.11,0.00,0,13156,8586,9,1.16,37.495949,126.956081,1368,0,0,0,-1.00,0.00,999.00,0.0,0,0,0,0,-62,-63.0,8586,119,3,2.94,0,0,0.00,0.00,1,5.010,5.215,0.006,nan,159,6681,159,1,0,100,3.000,0.234,0,6679,0
17:07:53,7.454,1383556,1383544,0,0,1,37.495949,126.956077,0.03,290.8,0,290.8,0,0.0,0,0.00,9.81,1.90,1.0000,26.25,0.894,0,150014,0.021,1,290.8,"-0.37,0.43,9.79","0.5,0.8,-1.6","10.050,3.600,20.400",0.11,0.11,0.00,0,13157,8587,9,1.16,37.495949,126.956081,1368,0,0,0,-1.00,0.00,999.00,0.0,0,0,0,0,-63,-63.0,8587,24,3,2.94,0,0,0.00,0.00,1,5.010,5.215,0.006,nan,196,6681,159,1,0,100,3.000,0.234,0,6679,0
17:07:53,7.539,1383571,1383567,0,0,1,37.495949,126.956077,0.03,290.8,0,290.8,0,0.0,0,0.00,9.83,1.19,0.9999,25.55,0.911,0,150015,0.021,1,290.8,"-0.46,0.36,9.81","0.7,-0.3,-0.9","9.600,4.050,19.650",0.12,0.12,0.00,0,13157,8587,9,1.16,37.495949,126.956081,1368,0,0,0,-1.00,0.00,999.00,0.0,0,0,0,0,-63,-63.0,8587,39,3,2.94,0,0,0.00,0.00,1,4.990,5.218,-0.001,nan,1,6682,159,1,0,100,3.000,0.234,0,6680,0
17:07:53,7.565,1383623,1383623,0,0,1,37.495949,126.956077,0.03,290.8,0,290.8,0,0.0,0,0.00,9.80,0.66,0.9997,24.75,0.901,0,150021,0.021,1,290.8,"-0.35,0.28,9.79","0.2,0.3,-0.6","8.850,3.600,18.900",0.13,0.16,0.00,0,13157,8588,9,1.16,37.495949,126.956081,1368,0,0,0,-1.00,0.00,999.00,0.0,0,0,0,0,-63,-63.0,8588,10,3,2.94,0,0,0.00,0.00,1,4.990,5.218,-0.001,nan,53,6682,159,1,0,100,3.000,0.234,0,6680,0
17:07:53,7.565,1383678,1383677,0,0,1,37.495949,126.956077,0.03,290.8,0,290.8,0,0.0,0,0.00,9.70,3.66,1.0000,25.56,0.954,0,150027,0.021,1,290.8,"-0.44,0.45,9.68","-0.5,1.8,-3.1","9.450,5.400,19.500",0.09,0.14,0.00,0,13158,8588,9,1.16,37.495949,126.956081,1368,0,0,0,-1.00,0.00,999.00,0.0,0,0,0,0,-63,-63.0,8588,65,3,2.94,0,0,0.00,0.00,1,4.990,5.218,-0.001,nan,108,6682,159,1,0,100,3.000,0.234,0,6680,0
17:07:53,7.650,1383704,1383704,0,0,1,37.495949,126.956078,0.02,290.8,0,290.8,0,0.0,0,0.00,9.77,3.80,0.9998,25.98,0.950,0,150030,0.005,1,290.8,"-0.29,0.36,9.76","3.1,0.2,2.2","8.550,5.250,19.950",0.13,0.13,0.00,0,13158,8588,9,1.16,37.495950,126.956081,1369,0,0,0,-1.00,0.00,999.00,0.0,0,0,0,0,-63,-63.0,8588,91,3,2.94,0,0,0.00,0.00,1,4.990,5.218,-0.001,nan,134,6682,159,1,0,100,3.000,0.234,0,6680,0
17:07:53,7.784,1383810,1383809,0,0,1,37.495949,126.956078,0.02,290.8,0,290.8,0,0.0,0,0.00,9.67,2.18,0.9998,24.11,0.931,0,150041,0.005,1,290.8,"-0.39,0.30,9.65","-1.0,-1.5,-1.2","9.300,4.500,18.150",0.08,0.15,0.00,0,13159,8589,9,1.16,37.495950,126.956081,1369,0,0,0,-1.00,0.00,999.00,0.0,0,0,0,0,-63,-63.0,8589,7,3,2.93,0,0,0.00,0.00,1,5.010,5.220,-0.004,nan,48,6683,159,1,0,100,3.000,0.234,0,6681,0
17:07:53,7.823,1383830,1383830,0,0,1,37.495949,126.956078,0.02,290.8,0,290.8,0,0.0,0,0.00,9.74,1.98,0.9998,25.62,0.895,0,150043,0.005,1,290.8,"-0.41,0.30,9.73","0.8,0.6,-1.7","8.400,3.450,19.800",0.06,0.06,0.00,0,13159,8589,9,1.16,37.495950,126.956081,1369,0,0,0,-1.00,0.00,999.00,0.0,0,0,0,0,-63,-63.0,8589,27,3,2.93,0,0,0.00,0.00,1,5.010,5.220,-0.004,nan,68,6683,159,1,0,100,3.000,0.234,0,6681,0
17:07:53,7.824,1383857,1383856,0,0,1,37.495949,126.956078,0.02,290.8,0,290.8,0,0.0,0,0.00,9.75,4.29,0.9999,26.91,0.912,0,150046,0.005,1,290.8,"-0.36,0.35,9.74","-0.5,-3.6,-2.3","9.150,4.200,21.000",0.05,0.12,0.00,0,13160,8589,9,1.16,37.495950,126.956081,1369,0,0,0,-1.00,0.00,999.00,0.0,0,0,0,0,-63,-63.0,8589,54,3,2.93,0,0,0.00,0.00,1,5.010,5.220,-0.004,nan,95,6683,159,1,0,100,3.000,0.234,0,6681,0
17:07:53,7.824,1383922,1383921,0,0,1,37.495949,126.956078,0.02,290.8,0,290.8,0,0.0,0,0.00,9.69,1.66,0.9998,25.52,0.947,0,150053,0.005,1,290.8,"-0.45,0.29,9.67","1.0,0.8,1.1","8.700,5.100,19.500",0.08,0.20,0.00,0,13160,8589,9,1.16,37.495950,126.956081,1369,0,0,0,-1.00,0.00,999.00,0.0,0,0,0,0,-63,-63.0,8589,119,3,2.93,0,0,0.00,0.00,1,5.010,5.220,-0.004,nan,160,6683,159,1,0,100,3.000,0.234,0,6681,0
17:07:53,7.824,1383950,1383950,0,0,1,37.495949,126.956078,0.02,290.8,0,290.8,0,0.0,0,0.00,9.67,0.44,1.0000,25.72,0.916,0,150056,0.005,1,290.8,"-0.37,0.50,9.65","0.2,0.4,-0.1","9.150,4.200,19.800",0.16,0.16,0.00,0,13160,8590,9,1.16,37.495950,126.956081,1369,0,0,0,-1.00,0.00,999.00,0.0,0,0,0,0,-63,-63.0,8590,12,3,2.93,0,0,0.00,0.00,1,5.010,5.220,-0.004,nan,188,6683,159,1,0,100,3.000,0.234,0,6681,0
17:07:53,7.825,1383973,1383973,0,0,1,37.495949,126.956078,0.02,290.8,0,290.8,0,0.0,0,0.00,9.67,1.88,0.9999,26.65,0.920,0,150058,0.005,1,290.8,"-0.38,0.40,9.65","0.7,-1.4,-1.0","10.500,4.500,20.700",0.07,0.18,0.00,0,13161,8590,9,1.16,37.495950,126.956081,1369,0,0,0,-1.00,0.00,999.00,0.0,0,0,0,0,-63,-63.0,8590,35,3,2.93,0,0,0.00,0.00,1,5.030,5.229,-0.015,nan,10,6684,159,1,0,100,3.000,0.234,0,6682,0
17:07:53,7.924,1383999,1383999,0,0,1,37.495949,126.956078,0.02,290.8,0,290.8,0,0.0,0,0.00,9.65,3.15,1.0000,25.72,0.916,0,150061,0.005,1,290.8,"-0.35,0.48,9.63","0.3,-1.2,-2.9","9.150,4.200,19.800",0.15,0.15,0.00,0,13161,8590,9,1.16,37.495950,126.956081,1369,0,0,0,-1.00,0.00,999.00,0.0,0,0,0,0,-63,-63.0,8590,61,3,2.93,0,0,0.00,0.00,1,5.030,5.229,-0.015,nan,36,6684,159,1,0,100,3.000,0.234,0,6682,0
17:07:53,7.959,1384025,1384025,0,0,1,37.495949,126.956078,0.02,290.8,0,290.8,0,0.0,0,0.00,9.66,2.34,0.9998,26.91,0.911,0,150064,0.005,1,290.8,"-0.48,0.30,9.64","0.4,-1.6,-1.6","9.450,4.200,21.000",0.12,0.12,0.00,0,13161,8590,9,1.16,37.495950,126.956081,1369,0,0,0,-1.00,0.00,999.00,0.0,0,0,0,0,-63,-63.0,8590,87,3,2.93,0,0,0.00,0.00,1,5.030,5.229,-0.015,nan,62,6684,159,1,0,100,3.000,0.234,0,6682,0
17:07:53,7.959,1384053,1384052,0,0,1,37.495949,126.956078,0.02,290.8,0,290.8,0,0.0,0,0.00,9.73,0.57,0.9999,26.38,0.935,0,150067,0.005,1,290.8,"-0.39,0.39,9.71","-0.3,0.0,-0.5","8.550,4.800,20.400",0.04,0.05,0.00,0,13161,8590,9,1.16,37.495950,126.956081,1369,0,0,0,-1.00,0.00,999.00,0.0,0,0,0,0,-63,-63.0,8590,115,3,2.93,0,0,0.00,0.00,1,5.030,5.229,-0.015,nan,90,6684,159,1,0,100,3.000,0.234,0,6682,0
17:07:53,7.959,1384079,1384079,0,0,1,37.495949,126.956078,0.02,290.8,0,290.8,0,0.0,0,0.00,9.77,1.94,0.9999,24.75,0.900,0,150070,0.005,1,290.8,"-0.41,0.36,9.75","-0.6,-1.8,-0.5","9.300,3.600,18.900",0.04,0.10,0.00,0,13162,8590,9,1.16,37.495950,126.956081,1369,0,0,0,-1.00,0.00,999.00,0.0,0,0,0,0,-63,-63.0,8590,141,3,2.93,0,0,0.00,0.00,1,5.030,5.229,-0.015,nan,116,6684,159,1,0,100,3.000,0.234,0,6682,0
17:07:53,8.054,1384105,1384105,0,0,1,37.495949,126.956078,0.02,290.8,0,290.8,0,0.0,0,0.00,9.72,2.34,0.9999,24.59,0.896,0,150073,0.005,1,290.8,"-0.39,0.39,9.70","2.1,0.8,0.8","9.450,3.450,18.750",0.03,0.15,0.00,0,13162,8590,9,1.16,37.495950,126.956081,1369,0,0,0,-1.00,0.00,999.00,0.0,0,0,0,0,-63,-63.0,8590,167,3,2.93,0,0,0.00,0.00,1,5.030,5.229,-0.015,nan,142,6684,159,1,0,100,3.000,0.234,0,6682,0
17:07:53,8.088,1384132,1384131,0,0,1,37.495949,126.956078,0.02,290.8,0,290.8,0,0.0,0,0.00,9.72,4.39,0.9999,25.68,0.907,0,150076,0.005,1,290.8,"-0.32,0.38,9.71","2.4,-3.6,0.5","9.150,3.900,19.800",0.09,0.15,0.00,0,13162,8590,9,1.16,37.495950,126.956081,1369,0,0,0,-1.00,0.00,999.00,0.0,0,0,0,0,-63,-63.0,8590,194,3,2.93,0,0,0.00,0.00,1,5.030,5.229,-0.015,nan,169,6684,159,1,0,100,3.000,0.234,0,6682,0
17:07:53,8.088,1384165,1384160,0,0,1,37.495949,126.956078,0.02,290.8,0,290.8,0,0.0,0,0.00,9.72,1.64,1.0000,27.01,0.940,0,150079,0.005,1,290.8,"-0.43,0.40,9.70","-0.3,0.2,1.6","9.450,5.100,21.000",0.04,0.12,0.00,0,13163,8590,9,1.16,37.495950,126.956081,1369,0,0,0,-1.00,0.00,999.00,0.0,0,0,0,0,-63,-63.0,8590,227,3,2.93,0,0,0.00,0.00,1,5.010,5.234,-0.019,nan,1,6685,159,1,0,100,3.000,0.234,0,6683,0
17:07:53,8.174,1384184,1384184,0,0,1,37.495949,126.956078,0.02,290.8,0,290.8,0,0.0,0,0.00,9.59,3.30,0.9999,24.85,0.930,0,150081,0.005,1,290.8,"-0.33,0.38,9.58","1.3,-1.6,2.6","8.850,4.500,18.900",0.15,0.15,0.00,0,13163,8590,9,1.16,37.495950,126.956081,1369,0,0,0,-1.00,0.00,999.00,0.0,0,0,0,0,-63,-63.0,8590,246,3,2.93,0,0,0.00,0.00,1,5.010,5.234,-0.019,nan,20,6685,159,1,0,100,3.000,0.234,0,6683,0
17:07:53,8.204,1384204,1384203,0,0,1,37.495949,126.956078,0.02,290.8,0,290.8,0,0.0,0,0.00,9.71,1.71,0.9997,26.44,0.902,0,150083,0.005,1,290.8,"-0.41,0.26,9.70","-0.7,0.4,-1.5","10.950,3.900,20.550",0.10,0.15,0.00,0,13163,8591,9,1.16,37.495950,126.956081,1369,0,0,0,-1.00,0.00,999.00,0.0,0,0,0,0,-63,-63.0,8591,7,3,2.93,0,0,0.00,0.00,1,5.010,5.234,-0.019,nan,40,6685,159,1,0,100,3.000,0.234,0,6683,0
17:07:53,8.204,1384256,1384256,0,0,1,37.495949,126.956078,0.02,290.8,0,290.8,0,0.0,0,0.00,9.69,2.10,0.9999,25.54,0.915,0,150089,0.005,1,290.8,"-0.40,0.36,9.68","1.4,-1.0,1.3","8.100,4.050,19.650",0.03,0.21,0.00,0,13163,8591,9,1.16,37.495950,126.956081,1369,0,0,0,-1.00,0.00,999.00,0.0,0,0,0,0,-63,-63.0,8591,59,3,2.93,0,0,0.00,0.00,1,5.010,5.234,-0.019,nan,92,6685,159,1,0,100,3.000,0.234,0,6683,0
17:07:53,8.205,1384283,1384283,0,0,1,37.495949,126.956078,0.02,290.8,0,290.8,0,0.0,0,0.00,9.60,2.23,1.0000,25.47,0.931,0,150092,0.005,1,290.8,"-0.38,0.40,9.58","2.2,0.2,0.5","9.450,4.650,19.500",0.13,0.13,0.00,0,13164,8591,9,1.16,37.495950,126.956081,1369,0,0,0,-1.00,0.00,999.00,0.0,0,0,0,0,-63,-63.0,8591,86,3,2.93,0,0,0.00,0.00,1,5.010,5.234,-0.019,nan,119,6685,159,1,0,100,3.000,0.234,0,6683,0
17:07:54,8.289,1384309,1384309,0,0,1,37.495949,126.956078,0.02,290.8,0,290.8,0,0.0,0,0.00,9.77,2.66,0.9999,24.85,0.887,0,150095,0.005,1,290.8,"-0.41,0.39,9.75","1.3,0.1,-2.3","8.700,3.150,19.050",0.06,0.24,0.00,0,13164,8591,9,1.16,37.495950,126.956081,1369,0,0,0,-1.00,0.00,999.00,0.0,0,0,0,0,-63,-63.0,8591,112,3,2.93,0,0,0.00,0.00,1,5.010,5.234,-0.019,nan,145,6685,159,1,0,100,3.000,0.234,0,6683,0
17:07:54,8.315,1384365,1384361,0,0,1,37.495949,126.956078,0.02,290.8,0,290.8,0,0.0,0,0.00,9.61,2.25,0.9999,25.59,0.885,0,150101,0.005,1,290.8,"-0.45,0.32,9.59","1.3,1.2,-1.5","8.400,3.150,19.800",0.12,0.14,0.00,0,13164,8591,9,1.16,37.495950,126.956081,1369,0,0,0,-1.00,0.00,999.00,0.0,0,0,0,0,-63,-63.0,8591,168,3,2.93,0,0,0.00,0.00,1,4.990,5.238,-0.018,nan,0,6686,159,1,0,100,3.000,0.234,0,6684,0
17:07:54,8.315,1384419,1384418,0,0,1,37.495949,126.956078,0.02,290.8,0,290.8,0,0.0,0,0.00,9.71,3.13,0.9999,25.94,0.852,0,150107,0.005,1,290.8,"-0.40,0.37,9.70","2.3,-1.4,-1.5","9.900,2.250,20.250",0.02,0.06,0.00,0,13165,8593,9,1.16,37.495950,126.956081,1369,0,0,0,-1.00,0.00,999.00,0.0,0,0,0,0,-67,-64.4,8593,1,3,3.36,0,0,0.00,0.00,1,4.990,5.238,-0.018,nan,54,6686,159,1,0,100,3.000,0.234,0,6684,0
17:07:54,8.315,1384448,1384436,0,0,1,37.495949,126.956078,0.02,290.8,0,290.8,0,0.0,0,0.00,9.66,2.10,0.9999,25.11,0.955,0,150109,0.005,1,290.8,"-0.42,0.34,9.65","1.9,-0.8,0.5","9.900,5.400,19.050",0.05,0.14,0.00,0,13165,8593,9,1.16,37.495950,126.956081,1369,0,0,0,-1.00,0.00,999.00,0.0,0,0,0,0,-67,-64.4,8593,30,3,3.36,0,0,0.00,0.00,1,4.990,5.238,-0.018,nan,83,6686,159,1,0,100,3.000,0.234,0,6684,0
17:07:54,8.316,1384474,1384474,0,0,1,37.495949,126.956078,0.02,290.8,0,290.8,0,0.0,0,0.00,9.72,2.23,1.0000,26.38,0.889,0,150112,0.005,1,290.8,"-0.48,0.42,9.70","-0.4,1.7,-1.4","9.900,3.450,20.550",0.09,0.13,0.00,0,13165,8593,9,1.16,37.495950,126.956081,1369,0,0,0,-1.00,0.00,999.00,0.0,0,0,0,0,-67,-64.4,8593,56,3,3.36,0,0,0.00,0.00,1,4.990,5.238,-0.018,nan,109,6686,159,1,0,100,3.000,0.234,0,6684,0
17:07:54,8.404,1384527,1384527,0,0,1,37.495949,126.956078,0.02,290.8,0,290.8,0,0.0,0,0.00,9.74,3.17,0.9999,25.11,0.912,0,150118,0.005,1,290.8,"-0.42,0.32,9.73","1.7,-1.0,-2.5","10.500,4.050,19.200",0.06,0.09,0.00,0,13166,8593,9,1.16,37.495950,126.956081,1369,0,0,0,-1.00,0.00,999.00,0.0,0,0,0,0,-67,-64.4,8593,109,3,3.36,0,0,0.00,0.00,1,4.990,5.238,-0.018,nan,162,6686,159,1,0,100,3.000,0.234,0,6684,0
17:07:54,8.430,1384553,1384553,0,0,1,37.495949,126.956078,0.02,290.8,0,290.8,0,0.0,0,0.00,9.75,2.65,0.9998,25.03,0.888,0,150121,0.005,1,290.8,"-0.53,0.33,9.73","1.3,-1.0,-2.1","11.250,3.300,19.200",0.13,0.13,0.00,0,13166,8593,9,1.16,37.495950,126.956081,1369,0,0,0,-1.00,0.00,999.00,0.0,0,0,0,0,-67,-64.4,8593,135,3,3.36,0,0,0.00,0.00,1,4.990,5.238,-0.018,nan,188,6686,159,1,0,100,3.000,0.234,0,6684,0
17:07:54,8.431,1384575,1384575,0,0,1,37.495949,126.956078,0.02,290.8,0,290.8,0,0.0,0,0.00,9.73,2.07,1.0000,26.12,0.907,0,150123,0.005,1,290.8,"-0.46,0.39,9.71","1.3,1.6,0.0","8.400,3.900,20.250",0.06,0.10,0.00,0,13166,8593,9,1.16,37.495950,126.956081,1369,0,0,0,-1.00,0.00,999.00,0.0,0,0,0,0,-67,-64.4,8593,157,3,3.36,0,0,0.00,0.00,1,4.980,5.240,-0.016,nan,8,6687,159,1,0,100,3.000,0.234,0,6685,0
17:07:54,8.431,1384595,1384595,0,0,1,37.495949,126.956078,0.02,290.8,0,290.8,0,0.0,0,0.00,9.64,2.95,0.9999,25.20,0.936,0,150125,0.005,1,290.8,"-0.45,0.34,9.62","1.2,2.7,-0.3","10.050,4.800,19.200",0.08,0.08,0.00,0,13167,8593,9,1.16,37.495950,126.956081,1369,0,0,0,-1.00,0.00,999.00,0.0,0,0,0,0,-67,-64.4,8593,177,3,3.36,0,0,0.00,0.00,1,4.980,5.240,-0.016,nan,28,6687,159,1,0,100,3.000,0.234,0,6685,0
17:07:54,8.431,1384621,1384620,0,0,1,37.495949,126.956078,0.02,290.8,0,290.8,0,0.0,0,0.00,9.82,1.61,0.9996,26.67,0.935,0,150128,0.005,1,290.8,"-0.37,0.21,9.81","1.5,-0.5,-0.4","8.100,4.800,20.700",0.19,0.19,0.00,0,13167,8594,9,1.16,37.495950,126.956081,1369,0,0,0,-1.00,0.00,999.00,0.0,0,0,0,0,-68,-65.2,8594,8,3,3.60,0,0,0.00,0.00,1,4.980,5.240,-0.016,nan,54,6687,159,1,0,100,3.000,0.234,0,6685,0
17:07:54,8.518,1384648,1384647,0,0,1,37.495949,126.956078,0.02,290.8,0,290.8,0,0.0,0,0.00,9.73,3.92,0.9999,25.11,0.912,0,150131,0.005,1,290.8,"-0.41,0.35,9.72","2.1,1.0,-3.1","10.800,4.050,19.200",0.02,0.10,0.00,0,13167,8595,9,1.16,37.495950,126.956081,1369,0,0,0,-1.00,0.00,999.00,0.0,0,0,0,0,-68,-65.7,8595,7,3,3.80,0,0,0.00,0.00,1,4.980,5.240,-0.016,nan,81,6687,159,1,0,100,3.000,0.234,0,6685,0
17:07:54,8.548,1384673,1384673,0,0,1,37.495949,126.956078,0.02,290.8,0,290.8,0,0.0,0,0.00,9.74,2.14,1.0000,25.85,0.911,0,150134,0.005,1,290.8,"-0.45,0.41,9.73","1.8,-0.2,-1.1","9.300,4.050,19.950",0.07,0.14,0.00,0,13167,8595,9,1.16,37.495950,126.956081,1369,0,0,0,-1.00,0.00,999.00,0.0,0,0,0,0,-68,-65.7,8595,32,3,3.80,0,0,0.00,0.00,1,4.980,5.240,-0.016,nan,106,6687,159,1,0,100,3.000,0.234,0,6685,0
17:07:54,8.687,1384693,1384692,0,0,1,37.495949,126.956078,0.02,290.8,0,290.8,0,0.0,0,0.00,9.72,1.63,0.9999,26.55,0.892,0,150136,0.005,1,290.8,"-0.34,0.35,9.71","1.0,-0.1,-1.3","10.500,3.600,20.700",0.07,0.11,0.00,0,13168,8595,9,1.16,37.495950,126.956081,1369,0,0,0,-1.00,0.00,999.00,0.0,0,0,0,0,-68,-65.7,8595,52,3,3.80,0,0,0.00,0.00,1,4.980,5.240,-0.016,nan,126,6687,159,1,0,100,3.000,0.234,0,6685,0
17:07:54,8.802,1384795,1384794,0,0,1,37.495949,126.956080,0.03,290.8,0,290.8,0,0.0,0,0.00,9.75,3.81,1.0000,25.46,0.934,0,150146,0.036,1,290.8,"-0.35,0.47,9.73","1.6,-2.7,2.1","8.400,4.650,19.500",0.13,0.13,0.00,0,13169,8595,9,1.16,37.495950,126.956083,1370,0,0,0,-1.00,0.00,999.00,0.0,0,0,0,0,-68,-65.7,8595,154,3,3.80,0,0,0.00,0.00,1,5.040,5.242,-0.014,nan,31,6688,159,1,0,100,3.000,0.234,0,6686,0
17:07:54,8.987,1384941,1384941,0,0,1,37.495949,126.956080,0.03,290.8,0,290.8,0,0.0,0,0.00,9.81,1.80,1.0000,25.74,0.964,0,150162,0.036,1,290.8,"-0.43,0.46,9.79","-0.6,-1.5,0.7","9.300,5.700,19.650",0.15,0.15,0.00,0,13170,8596,9,1.16,37.495950,126.956083,1370,0,0,0,-1.00,0.00,999.00,0.0,0,0,0,0,-67,-66.0,8596,114,3,3.89,0,0,0.00,0.00,1,5.040,5.242,-0.014,nan,177,6688,159,1,0,100,3.000,0.234,0,6686,0
17:07:54,9.127,1385161,1385157,0,0,1,37.495949,126.956080,0.03,290.8,0,290.8,0,0.0,0,0.00,9.71,2.54,0.9999,25.25,0.994,0,150185,0.036,1,290.8,"-0.52,0.34,9.69","-0.1,-1.2,2.3","9.450,6.600,19.050",0.11,0.13,0.00,0,13172,8598,9,1.16,37.495950,126.956083,1370,0,0,0,-1.00,0.00,999.00,0.0,0,0,0,0,-65,-65.5,8598,104,3,3.71,0,0,0.00,0.00,1,5.040,5.232,0.006,nan,0,6690,159,1,0,100,3.000,0.234,0,6688,0
17:07:55,9.718,1385294,1385294,0,0,1,37.495949,126.956080,0.03,290.8,0,290.8,0,0.0,0,0.00,9.65,2.85,0.9999,25.85,0.909,0,150200,0.036,1,290.8,"-0.38,0.37,9.63","0.4,-2.7,-0.8","10.050,4.050,19.950",0.06,0.09,0.00,0,13173,8599,9,1.16,37.495950,126.956083,1370,0,0,0,-1.00,0.00,999.00,0.0,0,0,0,0,-63,-65.0,8599,33,3,3.54,0,0,0.00,0.00,1,5.040,5.232,0.006,nan,133,6690,159,1,0,100,3.000,0.234,0,6688,0
17:07:55,9.912,1385807,1385807,0,0,1,37.495949,126.956081,0.06,290.8,0,290.8,0,0.0,0,0.00,9.70,1.17,1.0000,26.05,0.880,0,150253,0.087,1,290.8,"-0.44,0.43,9.68","0.9,-0.7,-0.1","10.200,3.150,20.250",0.08,0.08,0.00,0,13178,8603,9,1.20,37.495949,126.956085,1371,0,0,0,-1.00,0.00,999.00,0.0,0,0,0,0,-61,-62.4,8603,15,3,2.78,0,0,0.00,0.00,1,4.970,5.234,-0.000,nan,47,6693,159,1,0,100,3.000,0.234,0,6691,0
17:07:55,10.087,1385847,1385847,0,0,1,37.495949,126.956081,0.06,290.8,0,290.8,0,0.0,0,0.00,9.64,2.84,0.9999,25.83,0.986,0,150257,0.087,1,290.8,"-0.35,0.37,9.63","0.6,1.8,-2.1","10.050,6.450,19.650",0.09,0.15,0.00,0,13179,8603,9,1.20,37.495949,126.956085,1371,0,0,0,-1.00,0.00,999.00,0.0,0,0,0,0,-61,-62.4,8603,55,3,2.78,0,0,0.00,0.00,1,4.970,5.234,-0.000,nan,87,6693,159,1,0,100,3.000,0.234,0,6691,0
17:07:55,10.146,1385907,1385907,0,0,1,37.495949,126.956081,0.06,290.8,0,290.8,0,0.0,0,0.00,9.76,1.38,0.9998,24.78,0.947,0,150263,0.087,1,290.8,"-0.44,0.30,9.74","-0.9,0.8,0.6","10.200,5.100,18.750",0.08,0.10,0.00,0,13179,8604,9,1.20,37.495949,126.956085,1371,0,0,0,-1.00,0.00,999.00,0.0,0,0,0,0,-60,-62.0,8604,20,3,2.65,0,0,0.00,0.00,1,4.970,5.234,-0.000,nan,147,6693,159,1,0,100,3.000,0.234,0,6691,0
17:07:55,10.146,1385934,1385934,0,0,1,37.495949,126.956081,0.06,290.8,0,290.8,0,0.0,0,0.00,9.70,2.96,0.9999,26.35,0.923,0,150266,0.087,1,290.8,"-0.43,0.38,9.69","2.2,-2.0,-0.4","9.300,4.500,20.400",0.03,0.08,0.00,0,13179,8604,9,1.20,37.495949,126.956085,1371,0,0,0,-1.00,0.00,999.00,0.0,0,0,0,0,-60,-62.0,8604,47,3,2.65,0,0,0.00,0.00,1,4.970,5.234,-0.000,nan,174,6693,159,1,0,100,3.000,0.234,0,6691,0
17:07:55,10.147,1385954,1385954,0,0,1,37.495949,126.956081,0.06,290.8,0,290.8,0,0.0,0,0.00,9.69,1.67,0.9999,24.85,0.931,0,150268,0.087,1,290.8,"-0.37,0.38,9.67","1.4,-0.9,0.0","8.550,4.500,18.900",0.05,0.12,0.00,0,13180,8604,9,1.20,37.495949,126.956085,1371,0,0,0,-1.00,0.00,999.00,0.0,0,0,0,0,-60,-62.0,8604,67,3,2.65,0,0,0.00,0.00,1,4.970,5.234,-0.000,nan,194,6693,159,1,0,100,3.000,0.234,0,6691,0
17:07:55,10.147,1385976,1385976,0,0,1,37.495949,126.956081,0.06,290.8,0,290.8,0,0.0,0,0.00,9.69,3.40,0.9999,26.30,0.909,0,150270,0.087,1,290.8,"-0.34,0.35,9.67","1.2,-3.2,-0.3","9.300,4.050,20.400",0.06,0.08,0.00,0,13180,8604,9,1.20,37.495949,126.956085,1371,0,0,0,-1.00,0.00,999.00,0.0,0,0,0,0,-60,-62.0,8604,89,3,2.65,0,0,0.00,0.00,1,5.000,5.234,-0.000,nan,9,6694,159,1,0,100,3.000,0.234,0,6692,0
17:07:55,10.147,1386002,1386002,0,0,1,37.495949,126.956081,0.06,290.8,0,290.8,0,0.0,0,0.00,9.66,2.70,0.9999,25.60,0.926,0,150273,0.087,1,290.8,"-0.39,0.34,9.65","-2.4,-1.1,-0.5","9.300,4.500,19.650",0.05,0.17,0.00,0,13180,8604,9,1.20,37.495949,126.956085,1371,0,0,0,-1.00,0.00,999.00,0.0,0,0,0,0,-60,-62.0,8604,115,3,2.65,0,0,0.00,0.00,1,5.000,5.234,-0.000,nan,35,6694,159,1,0,100,3.000,0.234,0,6692,0
17:07:55,10.148,1386029,1386029,0,0,1,37.495949,126.956081,0.06,290.8,0,290.8,0,0.0,0,0.00,9.72,1.91,0.9999,25.80,0.896,0,150276,0.087,1,290.8,"-0.39,0.34,9.71","-0.3,-1.6,-1.0","9.600,3.600,19.950",0.03,0.16,0.00,0,13180,8604,9,1.20,37.495949,126.956085,1371,0,0,0,-1.00,0.00,999.00,0.0,0,0,0,0,-60,-62.0,8604,142,3,2.65,0,0,0.00,0.00,1,5.000,5.234,-0.000,nan,62,6694,159,1,0,100,3.000,0.234,0,6692,0
17:07:55,10.148,1386181,1386181,0,0,1,37.495949,126.956081,0.06,290.8,0,290.8,0,0.0,0,0.00,9.87,1.18,0.9997,25.86,0.909,0,150292,0.087,1,290.8,"-0.42,0.27,9.86","0.6,1.0,-0.2","11.250,4.050,19.950",0.19,0.19,0.00,0,13182,8606,9,1.20,37.495949,126.956085,1371,0,0,0,-1.00,0.00,999.00,0.0,0,0,0,0,-62,-61.7,8606,11,3,2.58,0,0,0.00,0.00,1,5.010,5.234,-0.001,nan,20,6695,159,1,0,100,3.000,0.234,0,6693,0
17:07:55,10.249,1386207,1386207,0,0,1,37.495949,126.956081,0.06,290.8,0,290.8,0,0.0,0,0.00,9.70,1.05,0.9999,26.95,0.884,0,150295,0.087,1,290.8,"-0.44,0.36,9.68","0.4,-0.9,-0.4","8.850,3.300,21.150",0.04,0.11,0.00,0,13182,8606,9,1.20,37.495949,126.956085,1371,0,0,0,-1.00,0.00,999.00,0.0,0,0,0,0,-62,-61.7,8606,37,3,2.58,0,0,0.00,0.00,1,5.010,5.234,-0.001,nan,46,6695,159,1,0,100,3.000,0.234,0,6693,0
17:07:56,10.287,1386233,1386233,0,0,1,37.495949,126.956081,0.06,290.8,0,290.8,0,0.0,0,0.00,9.66,2.94,0.9999,24.45,0.939,0,150298,0.087,1,290.8,"-0.49,0.35,9.64","-0.5,0.5,-2.8","9.600,4.800,18.450",0.09,0.09,0.00,0,13182,8606,9,1.20,37.495949,126.956085,1371,0,0,0,-1.00,0.00,999.00,0.0,0,0,0,0,-62,-61.7,8606,63,3,2.58,0,0,0.00,0.00,1,5.010,5.234,-0.001,nan,72,6695,159,1,0,100,3.000,0.234,0,6693,0
17:07:56,10.287,1386261,1386261,0,0,1,37.495949,126.956081,0.06,290.8,0,290.8,0,0.0,0,0.00,9.64,3.30,0.9997,25.18,0.940,0,150301,0.087,1,290.8,"-0.48,0.24,9.63","1.7,1.6,-2.4","8.100,4.800,19.200",0.14,0.14,0.00,0,13183,8606,9,1.20,37.495949,126.956085,1371,0,0,0,-1.00,0.00,999.00,0.0,0,0,0,0,-62,-61.7,8606,91,3,2.58,0,0,0.00,0.00,1,5.010,5.234,-0.001,nan,100,6695,159,1,0,100,3.000,0.234,0,6693,0
17:07:56,10.288,1386287,1386287,0,0,1,37.495949,126.956081,0.06,290.8,0,290.8,0,0.0,0,0.00,9.71,1.60,1.0000,25.55,0.913,0,150304,0.087,1,290.8,"-0.40,0.46,9.69","0.9,-1.0,-0.9","8.850,4.050,19.650",0.11,0.12,0.00,0,13183,8606,9,1.20,37.495949,126.956085,1371,0,0,0,-1.00,0.00,999.00,0.0,0,0,0,0,-62,-61.7,8606,117,3,2.58,0,0,0.00,0.00,1,5.010,5.234,-0.001,nan,126,6695,159,1,0,100,3.000,0.234,0,6693,0
17:07:56,10.288,1386313,1386313,0,0,1,37.495949,126.956081,0.06,290.8,0,290.8,0,0.0,0,0.00,9.66,3.15,0.9998,26.79,0.959,0,150307,0.087,1,290.8,"-0.51,0.29,9.64","2.5,-1.4,1.3","10.050,5.700,20.700",0.13,0.14,0.00,0,13183,8607,9,1.20,37.495949,126.956085,1371,0,0,0,-1.00,0.00,999.00,0.0,0,0,0,0,-60,-61.3,8607,21,3,2.50,0,0,0.00,0.00,1,5.010,5.234,-0.001,nan,152,6695,159,1,0,100,3.000,0.234,0,6693,0
17:07:56,10.289,1386333,1386333,0,0,1,37.495949,126.956081,0.06,290.8,0,290.8,0,0.0,0,0.00,9.72,3.11,0.9999,26.13,0.905,0,150309,0.087,1,290.8,"-0.30,0.48,9.70","1.5,1.9,-2.0","9.150,3.900,20.250",0.16,0.16,0.00,0,13183,8607,9,1.20,37.495949,126.956085,1371,0,0,0,-1.00,0.00,999.00,0.0,0,0,0,0,-60,-61.3,8607,41,3,2.50,0,0,0.00,0.00,1,5.010,5.234,-0.001,nan,172,6695,159,1,0,100,3.000,0.234,0,6693,0
17:07:56,10.384,1386364,1386359,0,0,1,37.495949,126.956081,0.06,290.8,0,290.8,0,0.0,0,0.00,9.67,3.32,0.9999,24.64,0.912,0,150312,0.087,1,290.8,"-0.41,0.38,9.65","0.5,-2.6,2.0","8.700,3.900,18.750",0.04,0.12,0.00,0,13184,8607,9,1.20,37.495949,126.956085,1371,0,0,0,-1.00,0.00,999.00,0.0,0,0,0,0,-60,-61.3,8607,72,3,2.50,0,0,0.00,0.00,1,4.980,5.234,-0.001,nan,1,6696,159,1,0,100,3.000,0.234,0,6694,0
17:07:56,10.415,1386390,1386390,0,0,1,37.495949,126.956081,0.06,290.8,0,290.8,0,0.0,0,0.00,9.71,2.72,1.0000,25.60,0.928,0,150315,0.087,1,290.8,"-0.46,0.42,9.69","1.7,0.5,2.1","8.550,4.500,19.650",0.08,0.12,0.00,0,13184,8607,9,1.20,37.495949,126.956085,1371,0,0,0,-1.00,0.00,999.00,0.0,0,0,0,0,-60,-61.3,8607,98,3,2.50,0,0,0.00,0.00,1,4.980,5.234,-0.001,nan,27,6696,159,1,0,100,3.000,0.234,0,6694,0
17:07:56,10.468,1386454,1386442,0,0,1,37.495949,126.956081,0.06,290.8,0,290.8,0,0.0,0,0.00,9.70,1.76,0.9996,26.54,0.893,0,150321,0.087,1,290.8,"-0.48,0.20,9.69","-0.4,-1.7,0.0","9.600,3.600,20.700",0.17,0.17,0.00,0,13184,8608,9,1.20,37.495949,126.956085,1371,0,0,0,-1.00,0.00,999.00,0.0,0,0,0,0,-61,-61.3,8608,64,3,2.48,0,0,0.00,0.00,1,4.980,5.234,-0.001,nan,91,6696,159,1,0,100,3.000,0.234,0,6694,0
17:07:56,10.491,1386547,1386547,0,0,1,37.495949,126.956081,0.06,290.8,0,290.8,0,0.0,0,0.00,9.74,2.27,0.9999,25.98,0.952,0,150331,0.087,1,290.8,"-0.42,0.34,9.73","1.6,-1.4,-0.9","8.100,5.250,19.950",0.04,0.14,0.00,0,13185,8608,9,1.20,37.495949,126.956085,1371,0,0,0,-1.00,0.00,999.00,0.0,0,0,0,0,-61,-61.3,8608,157,3,2.48,0,0,0.00,0.00,1,4.980,5.234,-0.001,nan,184,6696,159,1,0,100,3.000,0.234,0,6694,0
17:07:56,10.491,1386570,1386569,0,0,1,37.495949,126.956081,0.06,290.8,0,290.8,0,0.0,0,0.00,9.67,1.29,0.9999,25.34,0.892,0,150333,0.087,1,290.8,"-0.40,0.37,9.66","1.0,-0.5,-0.6","10.200,3.450,19.500",0.04,0.10,0.00,0,13186,8608,9,1.20,37.495949,126.956085,1371,0,0,0,-1.00,0.00,999.00,0.0,0,0,0,0,-61,-61.3,8608,180,3,2.48,0,0,0.00,0.00,1,4.970,5.227,0.010,nan,9,6697,159,1,0,100,3.000,0.234,0,6695,0
17:07:56,10.606,1386589,1386589,0,0,1,37.495949,126.956081,0.06,290.8,0,290.8,0,0.0,0,0.00,9.71,2.49,0.9997,24.99,0.968,0,150335,0.087,1,290.8,"-0.38,0.26,9.70","1.8,-1.7,0.2","8.550,5.700,18.900",0.09,0.17,0.00,0,13186,8608,9,1.20,37.495949,126.956085,1371,0,0,0,-1.00,0.00,999.00,0.0,0,0,0,0,-61,-61.3,8608,199,3,2.48,0,0,0.00,0.00,1,4.970,5.227,0.010,nan,28,6697,159,1,0,100,3.000,0.234,0,6695,0
17:07:56,10.648,1386636,1386635,0,0,1,37.495949,126.956081,0.06,290.8,0,290.8,0,0.0,0,0.00,9.71,0.82,1.0000,26.46,0.916,0,150340,0.087,1,290.8,"-0.38,0.44,9.69","0.2,-0.5,0.6","8.400,4.200,20.550",0.09,0.09,0.00,0,13186,8609,9,1.20,37.495949,126.956085,1371,0,0,0,-1.00,0.00,999.00,0.0,0,0,0,0,-62,-61.4,8609,40,3,2.52,0,0,0.00,0.00,1,4.970,5.227,0.010,nan,75,6697,159,1,0,100,3.000,0.234,0,6695,0
17:07:56,10.648,1386662,1386662,0,0,1,37.495949,126.956081,0.06,290.8,0,290.8,0,0.0,0,0.00,9.68,3.15,0.9997,25.77,0.929,0,150343,0.087,1,290.8,"-0.37,0.27,9.67","-1.0,-2.8,-0.9","9.900,4.650,19.800",0.09,0.10,0.00,0,13186,8609,9,1.20,37.495949,126.956085,1371,0,0,0,-1.00,0.00,999.00,0.0,0,0,0,0,-62,-61.4,8609,66,3,2.52,0,0,0.00,0.00,1,4.970,5.227,0.010,nan,101,6697,159,1,0,100,3.000,0.234,0,6695,0
17:07:56,10.738,1386733,1386732,0,0,1,37.495949,126.956082,0.07,290.8,0,290.8,0,0.0,0,0.00,9.74,2.57,0.9996,25.60,0.928,0,150350,0.082,1,290.8,"-0.18,0.36,9.73","-1.0,-1.7,1.6","8.550,4.500,19.650",0.22,0.22,0.00,0,13187,8610,9,1.16,37.495949,126.956086,1372,0,0,0,-1.00,0.00,999.00,0.0,0,0,0,0,-62,-61.5,8610,36,3,2.55,0,0,0.00,0.00,1,4.970,5.227,0.010,nan,172,6697,159,1,0,100,3.000,0.234,0,6695,0
17:07:56,10.772,1386763,1386759,0,0,1,37.495949,126.956082,0.07,290.8,0,290.8,0,0.0,0,0.00,9.84,1.90,1.0000,25.79,0.898,0,150353,0.082,1,290.8,"-0.42,0.55,9.82","1.3,-0.2,-1.4","8.550,3.600,19.950",0.22,0.22,0.00,0,13187,8610,9,1.16,37.495949,126.956086,1372,0,0,0,-1.00,0.00,999.00,0.0,0,0,0,0,-62,-61.5,8610,66,3,2.55,0,0,0.00,0.00,1,4.980,5.223,0.014,nan,0,6698,159,1,0,100,3.000,0.234,0,6696,0
17:07:56,10.773,1386783,1386782,0,0,1,37.495949,126.956082,0.07,290.8,0,290.8,0,0.0,0,0.00,9.67,1.68,0.9998,25.85,0.956,0,150355,0.082,1,290.8,"-0.46,0.29,9.66","1.0,-1.1,-0.7","8.400,5.400,19.800",0.09,0.09,0.00,0,13188,8610,9,1.16,37.495949,126.956086,1372,0,0,0,-1.00,0.00,999.00,0.0,0,0,0,0,-62,-61.5,8610,86,3,2.55,0,0,0.00,0.00,1,4.980,5.223,0.014,nan,20,6698,159,1,0,100,3.000,0.234,0,6696,0
17:07:56,10.773,1386811,1386810,0,0,1,37.495949,126.956082,0.07,290.8,0,290.8,0,0.0,0,0.00,9.71,1.00,0.9998,27.00,0.890,0,150358,0.082,1,290.8,"-0.32,0.33,9.70","-0.2,0.2,-1.0","10.500,3.600,21.150",0.09,0.11,0.00,0,13188,8610,9,1.16,37.495949,126.956086,1372,0,0,0,-1.00,0.00,999.00,0.0,0,0,0,0,-62,-61.5,8610,114,3,2.55,0,0,0.00,0.00,1,4.980,5.223,0.014,nan,48,6698,159,1,0,100,3.000,0.234,0,6696,0
17:07:56,10.773,1386831,1386830,0,0,1,37.495949,126.956082,0.07,290.8,0,290.8,0,0.0,0,0.00,9.79,2.81,1.0000,25.33,0.894,0,150360,0.082,1,290.8,"-0.42,0.43,9.77","1.2,-1.5,-2.1","9.150,3.450,19.500",0.10,0.16,0.00,0,13188,8611,9,1.16,37.495949,126.956086,1372,0,0,0,-1.00,0.00,999.00,0.0,0,0,0,0,-61,-61.4,8611,8,3,2.52,0,0,0.00,0.00,1,4.980,5.223,0.014,nan,68,6698,159,1,0,100,3.000,0.234,0,6696,0
17:07:56,10.868,1386877,1386877,0,0,1,37.495949,126.956082,0.07,290.8,0,290.8,0,0.0,0,0.00,9.76,3.38,0.9999,25.16,0.928,0,150365,0.082,1,290.8,"-0.45,0.33,9.74","1.9,-1.6,2.2","9.300,4.500,19.200",0.06,0.06,0.00,0,13188,8611,9,1.16,37.495949,126.956086,1372,0,0,0,-1.00,0.00,999.00,0.0,0,0,0,0,-61,-61.4,8611,54,3,2.52,0,0,0.00,0.00,1,4.980,5.223,0.014,nan,114,6698,159,1,0,100,3.000,0.234,0,6696,0
17:07:56,10.911,1386897,1386896,0,0,1,37.495949,126.956082,0.07,290.8,0,290.8,0,0.0,0,0.00,9.71,2.23,0.9999,26.50,0.886,0,150367,0.082,1,290.8,"-0.49,0.34,9.69","-1.3,-0.9,-1.6","8.550,3.300,20.700",0.09,0.09,0.00,0,13189,8611,9,1.16,37.495949,126.956086,1372,0,0,0,-1.00,0.00,999.00,0.0,0,0,0,0,-61,-61.4,8611,74,3,2.52,0,0,0.00,0.00,1,4.980,5.223,0.014,nan,134,6698,159,1,0,100,3.000,0.234,0,6696,0
17:07:56,10.911,1386922,1386922,0,0,1,37.495949,126.956082,0.07,290.8,0,290.8,0,0.0,0,0.00,9.78,4.64,0.9999,24.55,0.889,0,150370,0.082,1,290.8,"-0.40,0.38,9.76","0.1,1.1,-4.5","8.400,3.150,18.750",0.06,0.14,0.00,0,13189,8611,9,1.16,37.495949,126.956086,1372,0,0,0,-1.00,0.00,999.00,0.0,0,0,0,0,-61,-61.4,8611,99,3,2.52,0,0,0.00,0.00,1,4.980,5.223,0.014,nan,159,6698,159,1,0,100,3.000,0.234,0,6696,0
17:07:56,10.911,1386948,1386948,0,0,1,37.495949,126.956082,0.07,290.8,0,290.8,0,0.0,0,0.00,9.72,3.69,0.9999,25.64,0.891,0,150373,0.082,1,290.8,"-0.40,0.33,9.70","3.1,0.0,-2.1","9.900,3.450,19.800",0.03,0.11,0.00,0,13189,8611,9,1.16,37.495949,126.956086,1372,0,0,0,-1.00,0.00,999.00,0.0,0,0,0,0,-61,-61.4,8611,125,3,2.52,0,0,0.00,0.00,1,4.980,5.223,0.014,nan,185,6698,159,1,0,100,3.000,0.234,0,6696,0
17:07:56,10.912,1386972,1386971,0,0,1,37.495949,126.956082,0.07,290.8,0,290.8,0,0.0,0,0.00,9.66,1.75,0.9999,26.08,0.890,0,150375,0.082,1,290.8,"-0.35,0.34,9.65","0.3,0.3,1.7","9.450,3.450,20.250",0.08,0.13,0.00,0,13189,8612,9,1.16,37.495949,126.956086,1372,0,0,0,-1.00,0.00,999.00,0.0,0,0,0,0,-62,-61.5,8612,4,3,2.55,0,0,0.00,0.00,1,4.960,5.220,0.014,nan,10,6699,159,1,0,100,3.000,0.234,0,6697,0
17:07:56,11.007,1387001,1387001,0,0,1,37.495949,126.956082,0.07,290.8,0,290.8,0,0.0,0,0.00,9.79,2.78,0.9999,27.39,0.920,0,150378,0.082,1,290.8,"-0.43,0.39,9.77","-1.9,2.0,-0.3","8.850,4.500,21.450",0.08,0.11,0.00,0,13190,8612,9,1.16,37.495949,126.956086,1372,0,0,0,-1.00,0.00,999.00,0.0,0,0,0,0,-62,-61.5,8612,33,3,2.55,0,0,0.00,0.00,1,4.960,5.220,0.014,nan,39,6699,159,1,0,100,3.000,0.234,0,6697,0
17:07:56,11.054,1387105,1387105,0,0,1,37.495949,126.956082,0.07,290.8,0,290.8,0,0.0,0,0.00,9.84,3.52,0.9998,25.69,0.949,0,150389,0.082,1,290.8,"-0.34,0.34,9.83","-2.0,-1.1,-2.7","9.300,5.250,19.650",0.13,0.14,0.00,0,13191,8613,9,1.16,37.495949,126.956086,1372,0,0,0,-1.00,0.00,999.00,0.0,0,0,0,0,-61,-61.4,8613,89,3,2.52,0,0,0.00,0.00,1,4.960,5.220,0.014,nan,143,6699,159,1,0,100,3.000,0.234,0,6697,0
17:07:56,11.055,1387132,1387131,0,0,1,37.495949,126.956082,0.07,290.8,0,290.8,0,0.0,0,0.00,9.63,3.19,0.9998,24.99,0.970,0,150392,0.082,1,290.8,"-0.31,0.36,9.62","-1.6,1.7,-2.2","8.100,5.700,18.900",0.13,0.13,0.00,0,13191,8614,9,1.16,37.495949,126.956086,1372,0,0,0,-1.00,0.00,999.00,0.0,0,0,0,0,-63,-61.7,8614,8,3,2.60,0,0,0.00,0.00,1,4.960,5.220,0.014,nan,170,6699,159,1,0,100,3.000,0.234,0,6697,0
17:07:56,11.055,1387152,1387152,0,0,1,37.495949,126.956082,0.07,290.8,0,290.8,0,0.0,0,0.00,9.70,3.02,0.9999,24.96,0.923,0,150394,0.082,1,290.8,"-0.39,0.33,9.68","-0.1,2.5,-1.7","7.950,4.200,19.050",0.04,0.13,0.00,0,13191,8614,9,1.16,37.495949,126.956086,1372,0,0,0,-1.00,0.00,999.00,0.0,0,0,0,0,-63,-61.7,8614,28,3,2.60,0,0,0.00,0.00,1,4.960,5.220,0.014,nan,190,6699,159,1,0,100,3.000,0.234,0,6697,0
17:07:56,11.151,1387175,1387175,0,0,1,37.495949,126.956082,0.07,290.8,0,290.8,0,0.0,0,0.00,9.84,1.69,1.0000,25.11,0.913,0,150396,0.082,1,290.8,"-0.41,0.43,9.82","0.5,1.4,-0.8","9.600,4.050,19.200",0.13,0.13,0.00,0,13191,8614,9,1.16,37.495949,126.956086,1372,0,0,0,-1.00,0.00,999.00,0.0,0,0,0,0,-63,-61.7,8614,51,3,2.60,0,0,0.00,0.00,1,4.960,5.214,0.018,nan,9,6700,159,1,0,100,3.000,0.234,0,6698,0
17:07:56,11.191,1387229,1387228,0,0,1,37.495949,126.956082,0.07,290.8,0,290.8,0,0.0,0,0.00,9.64,2.75,0.9997,26.51,0.884,0,150402,0.082,1,290.8,"-0.42,0.23,9.62","1.8,-0.1,2.0","9.600,3.300,20.700",0.15,0.15,0.00,0,13192,8615,9,1.16,37.495949,126.956086,1372,0,0,0,-1.00,0.00,999.00,0.0,0,0,0,0,-62,-61.8,8615,5,3,2.61,0,0,0.00,0.00,1,4.960,5.214,0.018,nan,63,6700,159,1,0,100,3.000,0.234,0,6698,0
17:07:56,11.191,1387256,1387256,0,0,1,37.495949,126.956082,0.07,290.8,0,290.8,0,0.0,0,0.00,9.70,2.75,0.9999,24.41,0.930,0,150405,0.082,1,290.8,"-0.47,0.33,9.69","1.4,2.4,-0.3","9.600,4.500,18.450",0.08,0.15,0.00,0,13192,8615,9,1.16,37.495949,126.956086,1372,0,0,0,-1.00,0.00,999.00,0.0,0,0,0,0,-62,-61.8,8615,32,3,2.61,0,0,0.00,0.00,1,4.960,5.214,0.018,nan,90,6700,159,1,0,100,3.000,0.234,0,6698,0
17:07:56,11.191,1387282,1387282,0,0,1,37.495949,126.956082,0.07,290.8,0,290.8,0,0.0,0,0.00,9.72,1.57,0.9998,24.78,0.948,0,150408,0.082,1,290.8,"-0.45,0.31,9.71","-0.9,1.1,-0.7","9.150,5.100,18.750",0.06,0.12,0.00,0,13192,8615,9,1.16,37.495949,126.956086,1372,0,0,0,-1.00,0.00,999.00,0.0,0,0,0,0,-62,-61.8,8615,58,3,2.61,0,0,0.00,0.00,1,4.960,5.214,0.018,nan,116,6700,159,1,0,100,3.000,0.234,0,6698,0
17:07:57,11.287,1387328,1387328,0,0,1,37.495949,126.956082,0.07,290.8,0,290.8,0,0.0,0,0.00,9.62,2.22,0.9999,25.76,0.886,0,150413,0.082,1,290.8,"-0.48,0.36,9.61","-0.6,1.5,-1.5","9.600,3.300,19.950",0.13,0.13,0.00,0,13193,8615,9,1.16,37.495949,126.956086,1372,0,0,0,-1.00,0.00,999.00,0.0,0,0,0,0,-62,-61.8,8615,104,3,2.61,0,0,0.00,0.00,1,4.960,5.214,0.018,nan,162,6700,159,1,0,100,3.000,0.234,0,6698,0
17:07:57,11.322,1387349,1387349,0,0,1,37.495949,126.956082,0.07,290.8,0,290.8,0,0.0,0,0.00,9.67,3.57,0.9996,26.30,0.953,0,150415,0.082,1,290.8,"-0.33,0.23,9.66","0.5,-3.1,1.8","8.700,5.400,20.250",0.15,0.15,0.00,0,13193,8616,9,1.16,37.495949,126.956086,1372,0,0,0,-1.00,0.00,999.00,0.0,0,0,0,0,-62,-61.8,8616,19,3,2.62,0,0,0.00,0.00,1,4.960,5.214,0.018,nan,183,6700,159,1,0,100,3.000,0.234,0,6698,0
17:07:57,11.322,1387399,1387399,0,0,1,37.495949,126.956082,0.07,290.8,0,290.8,0,0.0,0,0.00,9.63,2.83,0.9999,25.11,0.958,0,150420,0.082,1,290.8,"-0.33,0.41,9.62","0.1,-0.5,-2.8","8.700,5.400,19.050",0.13,0.13,0.00,0,13193,8616,9,1.16,37.495949,126.956086,1372,0,0,0,-1.00,0.00,999.00,0.0,0,0,0,0,-62,-61.8,8616,69,3,2.62,0,0,0.00,0.00,1,4.990,5.211,0.018,nan,36,6701,159,1,0,100,3.000,0.234,0,6699,0
17:07:57,11.323,1387426,1387426,0,0,1,37.495949,126.956082,0.07,290.8,0,290.8,0,0.0,0,0.00,9.78,2.79,0.9997,26.65,0.922,0,150423,0.082,1,290.8,"-0.45,0.26,9.76","1.7,-1.5,1.6","9.300,4.500,20.700",0.12,0.12,0.00,0,13194,8616,9,1.16,37.495949,126.956086,1372,0,0,0,-1.00,0.00,999.00,0.0,0,0,0,0,-62,-61.8,8616,96,3,2.62,0,0,0.00,0.00,1,4.990,5.211,0.018,nan,63,6701,159,1,0,100,3.000,0.234,0,6699,0
17:07:57,11.323,1387456,1387444,0,0,1,37.495949,126.956082,0.07,290.8,0,290.8,0,0.0,0,0.00,9.73,3.87,1.0000,25.54,0.915,0,150425,0.082,1,290.8,"-0.36,0.46,9.72","-0.2,3.5,-1.7","8.100,4.050,19.650",0.12,0.12,0.00,0,13194,8616,9,1.16,37.495949,126.956086,1372,0,0,0,-1.00,0.00,999.00,0.0,0,0,0,0,-62,-61.8,8616,126,3,2.62,0,0,0.00,0.00,1,4.990,5.211,0.018,nan,93,6701,159,1,0,100,3.000,0.234,0,6699,0
17:07:57,11.408,1387483,1387483,0,0,1,37.495949,126.956082,0.07,290.8,0,290.8,0,0.0,0,0.00,9.65,1.51,0.9999,24.45,0.939,0,150428,0.082,1,290.8,"-0.39,0.36,9.63","1.3,0.7,-0.5","9.600,4.800,18.450",0.07,0.08,0.00,0,13194,8616,9,1.16,37.495949,126.956086,1372,0,0,0,-1.00,0.00,999.00,0.0,0,0,0,0,-62,-61.8,8616,153,3,2.62,0,0,0.00,0.00,1,4.990,5.211,0.018,nan,120,6701,159,1,0,100,3.000,0.234,0,6699,0
17:07:57,11.439,1387510,1387509,0,0,1,37.495949,126.956082,0.07,290.8,0,290.8,0,0.0,0,0.00,9.72,2.16,0.9998,25.56,0.954,0,150431,0.082,1,290.8,"-0.33,0.34,9.71","1.9,-1.1,-0.1","9.450,5.400,19.500",0.08,0.12,0.00,0,13195,8616,9,1.16,37.495949,126.956086,1372,0,0,0,-1.00,0.00,999.00,0.0,0,0,0,0,-62,-61.8,8616,180,3,2.62,0,0,0.00,0.00,1,4.990,5.211,0.018,nan,147,6701,159,1,0,100,3.000,0.234,0,6699,0
17:07:57,11.524,1387562,1387558,0,0,1,37.495949,126.956082,0.07,290.8,0,290.8,0,0.0,0,0.00,9.63,3.42,0.9998,24.06,0.917,0,150436,0.082,1,290.8,"-0.38,0.30,9.62","-0.5,-0.7,3.3","9.300,4.050,18.150",0.10,0.14,0.00,0,13195,8617,9,1.16,37.495949,126.956086,1372,0,0,0,-1.00,0.00,999.00,0.0,0,0,0,0,-64,-62.3,8617,31,3,2.73,0,0,0.00,0.00,1,4.990,5.212,0.011,nan,1,6702,159,1,0,100,3.000,0.234,0,6700,0
17:07:57,11.640,1387635,1387635,0,0,1,37.495949,126.956082,0.07,290.8,0,290.8,0,0.0,0,0.00,9.77,1.20,0.9999,24.98,0.917,0,150444,0.082,1,290.8,"-0.46,0.34,9.75","0.5,-0.1,1.1","10.200,4.200,19.050",0.08,0.08,0.00,0,13196,8618,9,1.16,37.495949,126.956086,1372,0,0,0,-1.00,0.00,999.00,0.0,0,0,0,0,-64,-62.6,8618,2,3,2.82,0,0,0.00,0.00,1,4.990,5.212,0.011,nan,74,6702,159,1,0,100,3.000,0.234,0,6700,0
17:07:57,11.672,1387712,1387712,0,0,1,37.495949,126.956083,0.05,290.8,0,290.8,0,0.0,0,0.00,9.76,2.25,0.9999,26.04,0.881,0,150451,0.036,1,290.8,"-0.51,0.37,9.74","-1.0,1.2,-1.6","9.450,3.150,20.250",0.12,0.16,0.00,0,13196,8618,9,1.16,37.495950,126.956085,1373,0,0,0,-1.00,0.00,999.00,0.0,0,0,0,0,-64,-62.6,8618,79,3,2.82,0,0,0.00,0.00,1,4.990,5.212,0.011,nan,151,6702,159,1,0,100,3.000,0.234,0,6700,0
17:07:57,11.673,1387733,1387733,0,0,1,37.495949,126.956083,0.05,290.8,0,290.8,0,0.0,0,0.00,9.76,1.77,1.0000,25.59,0.930,0,150453,0.036,1,290.8,"-0.40,0.41,9.74","1.2,-1.2,-0.5","7.800,4.500,19.650",0.06,0.12,0.00,0,13197,8618,9,1.16,37.495950,126.956085,1373,0,0,0,-1.00,0.00,999.00,0.0,0,0,0,0,-64,-62.6,8618,100,3,2.82,0,0,0.00,0.00,1,4.990,5.212,0.011,nan,172,6702,159,1,0,100,3.000,0.234,0,6700,0
17:07:57,11.904,1387753,1387753,0,0,1,37.495949,126.956083,0.05,290.8,0,290.8,0,0.0,0,0.00,9.80,1.00,0.9999,26.47,0.912,0,150455,0.036,1,290.8,"-0.34,0.42,9.79","0.2,0.3,-0.9","9.900,4.200,20.550",0.12,0.12,0.00,0,13197,8619,9,1.16,37.495950,126.956085,1373,0,0,0,-1.00,0.00,999.00,0.0,0,0,0,0,-65,-63.1,8619,11,3,2.96,0,0,0.00,0.00,1,4.990,5.212,0.011,nan,192,6702,159,1,0,100,3.000,0.234,0,6700,0
17:07:57,11.995,1388033,1388032,0,0,1,37.495949,126.956083,0.05,290.8,0,290.8,0,0.0,0,0.00,9.81,3.56,1.0000,25.53,0.943,0,150484,0.036,1,290.8,"-0.40,0.48,9.79","-0.3,-2.7,2.3","10.950,5.100,19.500",0.15,0.15,0.00,0,13200,8621,9,1.16,37.495950,126.956085,1373,0,0,0,-1.00,0.00,999.00,0.0,0,0,0,0,-65,-63.8,8621,67,3,3.16,0,0,0.00,0.00,1,4.980,5.211,0.005,nan,64,6704,159,1,0,100,3.000,0.234,0,6702,0
17:07:57,11.996,1388059,1388059,0,0,1,37.495949,126.956083,0.05,290.8,0,290.8,0,0.0,0,0.00,9.62,2.46,1.0000,26.60,0.951,0,150487,0.036,1,290.8,"-0.44,0.43,9.60","1.9,-0.6,1.4","9.150,5.400,20.550",0.12,0.12,0.00,0,13200,8621,9,1.16,37.495950,126.956085,1373,0,0,0,-1.00,0.00,999.00,0.0,0,0,0,0,-65,-63.8,8621,93,3,3.16,0,0,0.00,0.00,1,4.980,5.211,0.005,nan,90,6704,159,1,0,100,3.000,0.234,0,6702,0
17:07:57,12.211,1388085,1388085,0,0,1,37.495949,126.956083,0.05,290.8,0,290.8,0,0.0,0,0.00,9.72,1.79,0.9998,27.35,0.904,0,150490,0.036,1,290.8,"-0.33,0.34,9.71","-0.0,-1.4,1.1","10.500,4.050,21.450",0.08,0.10,0.00,0,13200,8621,9,1.16,37.495950,126.956085,1373,0,0,0,-1.00,0.00,999.00,0.0,0,0,0,0,-65,-63.8,8621,119,3,3.16,0,0,0.00,0.00,1,4.980,5.211,0.005,nan,116,6704,159,1,0,100,3.000,0.234,0,6702,0
17:07:58,12.401,1388282,1388282,0,0,1,37.495949,126.956083,0.05,290.8,0,290.8,0,0.0,0,0.00,9.77,1.65,0.9998,25.37,0.866,0,150510,0.036,1,290.8,"-0.35,0.29,9.76","0.7,-1.5,0.3","8.550,2.550,19.650",0.12,0.14,0.00,0,13202,8624,9,1.16,37.495950,126.956085,1373,0,0,0,-1.00,0.00,999.00,0.0,0,0,0,0,-65,-64.7,8624,24,3,3.44,0,0,0.00,0.00,1,4.980,5.212,0.002,nan,121,6705,159,1,0,100,3.000,0.234,0,6703,0
17:07:58,12.442,1388418,1388418,0,0,1,37.495949,126.956083,0.05,290.8,0,290.8,0,0.0,0,0.00,9.76,1.31,0.9997,26.91,0.911,0,150525,0.036,1,290.8,"-0.34,0.25,9.75","-0.0,1.2,-0.5","9.450,4.200,21.000",0.13,0.20,0.00,0,13203,8625,9,1.16,37.495950,126.956085,1373,0,0,0,-1.00,0.00,999.00,0.0,0,0,0,0,-60,-63.8,8625,40,3,3.15,0,0,0.00,0.00,1,4.990,5.213,0.000,nan,53,6706,159,1,0,100,3.000,0.234,0,6704,0
17:07:58,12.442,1388467,1388444,0,0,1,37.495949,126.956083,0.05,290.8,0,290.8,0,0.0,0,0.00,9.65,3.13,0.9999,25.52,0.947,0,150528,0.036,1,290.8,"-0.32,0.46,9.63","0.6,1.3,-2.7","8.700,5.100,19.500",0.15,0.15,0.00,0,13204,8625,9,1.16,37.495950,126.956085,1373,0,0,0,-1.00,0.00,999.00,0.0,0,0,0,0,-60,-63.8,8625,89,3,3.15,0,0,0.00,0.00,1,4.990,5.213,0.000,nan,102,6706,159,1,0,100,3.000,0.234,0,6704,0
17:07:58,12.443,1388477,1388477,0,0,1,37.495949,126.956083,0.05,290.8,0,290.8,0,0.0,0,0.00,9.61,1.94,0.9998,25.90,0.927,0,150529,0.036,1,290.8,"-0.30,0.35,9.60","-0.0,-0.8,-1.8","8.550,4.500,19.950",0.15,0.15,0.00,0,13204,8625,9,1.16,37.495950,126.956085,1373,0,0,0,-1.00,0.00,999.00,0.0,0,0,0,0,-60,-63.8,8625,99,3,3.15,0,0,0.00,0.00,1,4.990,5.213,0.000,nan,112,6706,159,1,0,100,3.000,0.234,0,6704,0
17:07:58,12.443,1388503,1388503,0,0,1,37.495949,126.956083,0.05,290.8,0,290.8,0,0.0,0,0.00,9.70,2.62,0.9999,26.73,0.945,0,150532,0.036,1,290.8,"-0.42,0.38,9.69","1.9,-1.6,0.7","9.600,5.250,20.700",0.03,0.15,0.00,0,13204,8625,9,1.16,37.495950,126.956085,1373,0,0,0,-1.00,0.00,999.00,0.0,0,0,0,0,-60,-63.8,8625,125,3,3.15,0,0,0.00,0.00,1,4.990,5.213,0.000,nan,138,6706,159,1,0,100,3.000,0.234,0,6704,0
17:07:58,12.533,1388549,1388549,0,0,1,37.495949,126.956083,0.05,290.8,0,290.8,0,0.0,0,0.00,9.69,2.68,0.9998,26.79,0.959,0,150537,0.036,1,290.8,"-0.50,0.27,9.67","-1.2,1.7,-1.7","9.600,5.700,20.700",0.13,0.15,0.00,0,13204,8626,9,1.16,37.495950,126.956085,1373,0,0,0,-1.00,0.00,999.00,0.0,0,0,0,0,-64,-63.8,8626,41,3,3.16,0,0,0.00,0.00,1,4.990,5.213,0.000,nan,184,6706,159,1,0,100,3.000,0.234,0,6704,0
17:07:58,12.618,1388624,1388624,0,0,1,37.495949,126.956083,0.05,290.8,0,290.8,0,0.0,0,0.00,9.82,5.45,0.9999,27.09,0.922,0,150545,0.036,1,290.8,"-0.39,0.34,9.81","4.0,1.6,3.4","8.550,4.500,21.150",0.11,0.13,0.00,0,13205,8627,9,1.16,37.495950,126.956085,1373,0,0,0,-1.00,0.00,999.00,0.0,0,0,0,0,-65,-64.0,8627,46,3,3.24,0,0,0.00,0.00,1,4.990,5.213,-0.001,nan,62,6707,159,1,0,100,3.000,0.234,0,6705,0
17:07:58,12.641,1388715,1388715,0,0,1,37.495949,126.956085,0.04,290.8,0,290.8,0,0.0,0,0.00,9.72,1.63,0.9999,25.55,0.913,0,150554,0.031,1,290.8,"-0.34,0.35,9.71","1.3,-0.1,1.0","8.850,4.050,19.650",0.06,0.13,0.00,0,13206,8628,9,1.16,37.495949,126.956088,1374,0,0,0,-1.00,0.00,999.00,0.0,0,0,0,0,-61,-63.4,8628,38,3,3.05,0,0,0.00,0.00,1,4.990,5.213,-0.001,nan,153,6707,159,1,0,100,3.000,0.234,0,6705,0
17:07:58,12.905,1388759,1388755,0,0,1,37.495949,126.956085,0.04,290.8,0,290.8,0,0.0,0,0.00,9.65,1.14,0.9996,25.55,0.912,0,150558,0.031,1,290.8,"-0.26,0.27,9.64","-0.3,-0.5,-1.0","9.300,4.050,19.650",0.18,0.18,0.00,0,13206,8628,9,1.16,37.495949,126.956088,1374,0,0,0,-1.00,0.00,999.00,0.0,0,0,0,0,-61,-63.4,8628,82,3,3.05,0,0,0.00,0.00,1,5.010,5.217,-0.006,nan,1,6708,159,1,0,100,3.000,0.234,0,6706,0
17:07:58,13.137,1389020,1389020,0,0,1,37.495949,126.956085,0.04,290.8,0,290.8,0,0.0,0,0.00,9.77,5.16,0.9999,26.82,0.888,0,150585,0.031,1,290.8,"-0.32,0.37,9.76","-1.3,-1.1,-4.8","9.150,3.450,21.000",0.10,0.10,0.00,0,13209,8630,9,1.16,37.495949,126.956088,1374,0,0,0,-1.00,0.00,999.00,0.0,0,0,0,0,-59,-61.7,8630,133,3,2.58,0,0,0.00,0.00,1,4.980,5.220,-0.008,nan,57,6709,159,1,0,100,3.000,0.234,0,6707,0
17:07:58,13.178,1389149,1389149,0,0,1,37.495949,126.956085,0.04,290.8,0,290.8,0,0.0,0,0.00,9.68,2.85,1.0000,26.98,0.924,0,150599,0.031,1,290.8,"-0.39,0.45,9.66","-0.4,-2.8,0.1","11.700,4.650,21.000",0.10,0.10,0.00,0,13210,8631,9,1.16,37.495949,126.956088,1374,0,0,0,-1.00,0.00,999.00,0.0,0,0,0,0,-59,-61.1,8631,40,3,2.46,0,0,0.00,0.00,1,4.980,5.220,-0.008,nan,186,6709,159,1,0,100,3.000,0.234,0,6707,0
17:07:59,13.433,1389172,1389172,0,0,1,37.495949,126.956085,0.04,290.8,0,290.8,0,0.0,0,0.00,9.81,5.15,0.9998,26.43,0.903,0,150601,0.031,1,290.8,"-0.31,0.37,9.80","0.3,-0.4,-5.1","9.450,3.900,20.550",0.14,0.17,0.00,0,13210,8631,9,1.16,37.495949,126.956088,1374,0,0,0,-1.00,0.00,999.00,0.0,0,0,0,0,-59,-61.1,8631,63,3,2.46,0,0,0.00,0.00,1,4.990,5.221,-0.008,nan,9,6710,159,1,0,100,3.000,0.234,0,6708,0
17:07:59,13.767,1389511,1389511,0,0,1,37.495949,126.956085,0.04,290.8,0,290.8,0,0.0,0,0.00,9.74,2.71,0.9999,26.22,0.927,0,150636,0.031,1,290.8,"-0.48,0.33,9.72","2.4,-1.2,-0.5","9.900,4.650,20.250",0.08,0.08,0.00,0,13214,8634,9,1.16,37.495949,126.956088,1374,0,0,0,-1.00,0.00,999.00,0.0,0,0,0,0,-58,-59.7,8634,86,3,2.15,0,0,0.00,0.00,1,4.970,5.222,-0.007,nan,142,6711,159,1,0,100,3.000,0.234,0,6709,0
17:07:59,13.846,1389639,1389639,0,0,1,37.495949,126.956085,0.04,290.8,0,290.8,0,0.0,0,0.00,9.80,3.66,0.9998,26.74,0.988,0,150650,0.031,1,290.8,"-0.32,0.34,9.79","-0.5,-1.3,-3.4","9.900,6.600,20.550",0.13,0.13,0.00,0,13215,8635,9,1.16,37.495949,126.956088,1374,0,0,0,-1.00,0.00,999.00,0.0,0,0,0,0,-58,-59.4,8635,114,3,2.08,0,0,0.00,0.00,1,4.990,5.223,-0.006,nan,80,6712,159,1,0,100,3.000,0.234,0,6710,0
17:07:59,13.847,1389659,1389659,0,0,1,37.495949,126.956085,0.04,290.8,0,290.8,0,0.0,0,0.00,9.79,2.27,0.9999,24.91,0.986,0,150652,0.031,1,290.8,"-0.45,0.35,9.77","2.0,0.3,-1.1","9.150,6.300,18.750",0.09,0.09,0.00,0,13215,8636,9,1.16,37.495949,126.956088,1374,0,0,0,-1.00,0.00,999.00,0.0,0,0,0,0,-58,-59.1,8636,11,3,2.02,0,0,0.00,0.00,1,4.990,5.223,-0.006,nan,100,6712,159,1,0,100,3.000,0.234,0,6710,0
17:07:59,13.969,1389687,1389687,0,0,1,37.495949,126.956085,0.04,290.8,0,290.8,0,0.0,0,0.00,9.65,1.57,0.9999,26.34,0.925,0,150655,0.031,1,290.8,"-0.36,0.41,9.64","-0.8,0.6,-1.2","8.550,4.500,20.400",0.08,0.13,0.00,0,13215,8636,9,1.16,37.495949,126.956088,1374,0,0,0,-1.00,0.00,999.00,0.0,0,0,0,0,-58,-59.1,8636,39,3,2.02,0,0,0.00,0.00,1,4.990,5.223,-0.006,nan,128,6712,159,1,0,100,3.000,0.234,0,6710,0
17:07:59,14.013,1389928,1389928,0,0,1,37.495949,126.956086,0.05,290.8,0,290.8,0,0.0,0,0.00,9.73,2.04,0.9999,26.68,0.931,0,150680,0.062,1,290.8,"-0.47,0.38,9.72","1.6,1.1,-0.6","9.600,4.800,20.700",0.06,0.12,0.00,0,13218,8638,9,1.20,37.495948,126.956091,1375,0,0,0,-1.00,0.00,999.00,0.0,0,0,0,0,-58,-58.7,8638,81,3,1.95,0,0,0.00,0.00,1,4.990,5.223,-0.005,nan,162,6713,159,1,0,100,3.000,0.234,0,6711,0
17:08:00,14.545,1390027,1390027,0,0,1,37.495949,126.956086,0.05,290.8,0,290.8,0,0.0,0,0.00,9.83,2.57,1.0000,26.56,0.943,0,150690,0.062,1,290.8,"-0.44,0.44,9.81","0.2,-0.9,2.4","8.700,5.100,20.550",0.12,0.15,0.00,0,13219,8639,9,1.20,37.495948,126.956091,1375,0,0,0,-1.00,0.00,999.00,0.0,0,0,0,0,-58,-58.6,8639,69,3,1.92,0,0,0.00,0.00,1,4.980,5.224,-0.004,nan,58,6714,159,1,0,100,3.000,0.234,0,6712,0
17:08:00,14.908,1390649,1390649,0,0,1,37.495949,126.956086,0.05,290.8,0,290.8,0,0.0,0,0.00,9.69,1.39,0.9997,27.40,0.963,0,150756,0.062,1,290.8,"-0.49,0.24,9.67","-1.0,-0.1,-1.0","9.150,5.850,21.300",0.15,0.15,0.00,0,13225,8644,9,1.20,37.495948,126.956091,1375,0,0,0,-1.00,0.00,999.00,0.0,0,0,0,0,-59,-58.4,8644,178,3,1.89,0,0,0.00,0.00,1,5.020,5.228,-0.007,nan,89,6717,159,1,0,100,3.000,0.234,0,6715,0
17:08:00,14.971,1390703,1390703,0,0,1,37.495949,126.956088,0.07,290.8,0,290.8,0,0.0,0,0.00,9.71,2.97,0.9998,25.52,0.945,0,150762,0.098,1,290.8,"-0.36,0.29,9.70","-1.9,1.5,-1.7","9.450,5.100,19.500",0.08,0.14,0.00,0,13225,8644,8,1.16,37.495949,126.956091,1376,0,0,0,-1.00,0.00,999.00,0.0,0,0,0,0,-59,-58.4,8644,232,3,1.89,0,0,0.00,0.00,1,5.020,5.228,-0.007,nan,143,6717,159,1,0,100,3.000,0.234,0,6715,0
17:08:00,14.971,1390723,1390722,0,0,1,37.495949,126.956088,0.07,290.8,0,290.8,0,0.0,0,0.00,9.76,4.76,0.9998,26.56,0.988,0,150764,0.098,1,290.8,"-0.29,0.35,9.75","2.6,3.2,-2.3","8.100,6.450,20.400",0.12,0.12,0.00,0,13225,8644,8,1.16,37.495949,126.956091,1376,0,0,0,-1.00,0.00,999.00,0.0,0,0,0,0,-59,-58.4,8644,252,3,1.89,0,0,0.00,0.00,1,5.020,5.228,-0.007,nan,163,6717,159,1,0,100,3.000,0.234,0,6715,0
17:08:00,14.971,1390750,1390750,0,0,1,37.495949,126.956088,0.07,290.8,0,290.8,0,0.0,0,0.00,9.74,4.03,0.9998,25.84,0.961,0,150767,0.098,1,290.8,"-0.45,0.31,9.73","2.8,-2.6,-1.3","7.200,5.400,19.800",0.08,0.11,0.00,0,13226,8644,8,1.16,37.495949,126.956091,1376,0,0,0,-1.00,0.00,999.00,0.0,0,0,0,0,-59,-58.4,8644,279,3,1.89,0,0,0.00,0.00,1,5.020,5.228,-0.007,nan,190,6717,159,1,0,100,3.000,0.234,0,6715,0
17:08:00,14.972,1390827,1390827,0,0,1,37.495949,126.956088,0.07,290.8,0,290.8,0,0.0,0,0.00,9.62,2.24,0.9998,25.20,0.935,0,150775,0.098,1,290.8,"-0.38,0.31,9.61","0.5,-2.1,0.7","10.500,4.800,19.200",0.10,0.10,0.00,0,13226,8645,8,1.16,37.495949,126.956091,1376,0,0,0,-1.00,0.00,999.00,0.0,0,0,0,0,-58,-58.3,8645,59,3,1.88,0,0,0.00,0.00,1,5.020,5.230,-0.008,nan,63,6718,159,1,0,100,3.000,0.234,0,6716,0
17:08:00,14.972,1390909,1390909,0,0,1,37.495949,126.956088,0.07,290.8,0,290.8,0,0.0,0,0.00,9.76,2.32,0.9998,26.29,0.910,0,150784,0.098,1,290.8,"-0.37,0.30,9.74","1.2,-0.5,-1.9","8.850,4.050,20.400",0.08,0.17,0.00,0,13227,8645,8,1.16,37.495949,126.956091,1376,0,0,0,-1.00,0.00,999.00,0.0,0,0,0,0,-58,-58.3,8645,141,3,1.88,0,0,0.00,0.00,1,5.020,5.230,-0.008,nan,145,6718,159,1,0,100,3.000,0.234,0,6716,0
17:08:00,14.972,1390929,1390928,0,0,1,37.495949,126.956088,0.07,290.8,0,290.8,0,0.0,0,0.00,9.80,1.05,0.9997,25.49,0.899,0,150786,0.098,1,290.8,"-0.47,0.24,9.78","0.2,-0.7,0.7","8.550,3.600,19.650",0.15,0.15,0.00,0,13227,8645,8,1.16,37.495949,126.956091,1376,0,0,0,-1.00,0.00,999.00,0.0,0,0,0,0,-58,-58.3,8645,161,3,1.88,0,0,0.00,0.00,1,5.020,5.230,-0.008,nan,165,6718,159,1,0,100,3.000,0.234,0,6716,0
17:08:00,14.973,1390961,1390957,0,0,1,37.495949,126.956088,0.07,290.8,0,290.8,0,0.0,0,0.00,9.76,0.82,1.0000,26.43,0.948,0,150789,0.098,1,290.8,"-0.42,0.54,9.74","0.2,-0.6,0.5","8.850,5.250,20.400",0.18,0.18,0.00,0,13228,8645,8,1.16,37.495949,126.956091,1376,0,0,0,-1.00,0.00,999.00,0.0,0,0,0,0,-58,-58.3,8645,193,3,1.88,0,0,0.00,0.00,1,5.050,5.238,-0.019,nan,0,6719,159,1,0,100,3.000,0.234,0,6717,0
17:08:00,14.973,1390981,1390980,0,0,1,37.495949,126.956088,0.07,290.8,0,290.8,0,0.0,0,0.00,9.66,1.96,0.9999,26.64,0.925,0,150791,0.098,1,290.8,"-0.40,0.39,9.65","-0.2,-1.2,1.6","8.100,4.500,20.700",0.05,0.12,0.00,0,13228,8646,8,1.16,37.495949,126.956091,1376,0,0,0,-1.00,0.00,999.00,0.0,0,0,0,0,-59,-58.4,8646,4,3,1.90,0,0,0.00,0.00,1,5.050,5.238,-0.019,nan,20,6719,159,1,0,100,3.000,0.234,0,6717,0
17:08:00,14.974,1391007,1391007,0,0,1,37.495949,126.956088,0.07,290.8,0,290.8,0,0.0,0,0.00,9.78,3.04,0.9999,26.66,0.963,0,150794,0.098,1,290.8,"-0.36,0.38,9.76","1.5,-2.2,1.5","10.650,5.850,20.550",0.09,0.14,0.00,0,13228,8646,8,1.16,37.495949,126.956091,1376,0,0,0,-1.00,0.00,999.00,0.0,0,0,0,0,-59,-58.4,8646,30,3,1.90,0,0,0.00,0.00,1,5.050,5.238,-0.019,nan,46,6719,159,1,0,100,3.000,0.234,0,6717,0
17:08:00,15.086,1391033,1391033,0,0,1,37.495949,126.956088,0.07,290.8,0,290.8,0,0.0,0,0.00,9.63,3.71,0.9997,26.30,0.953,0,150797,0.098,1,290.8,"-0.36,0.24,9.62","1.7,-3.2,-0.9","8.700,5.400,20.250",0.14,0.14,0.00,0,13228,8646,8,1.16,37.495949,126.956091,1376,0,0,0,-1.00,0.00,999.00,0.0,0,0,0,0,-59,-58.4,8646,56,3,1.90,0,0,0.00,0.00,1,5.050,5.238,-0.019,nan,72,6719,159,1,0,100,3.000,0.234,0,6717,0
17:08:00,15.139,1391061,1391061,0,0,1,37.495949,126.956088,0.07,290.8,0,290.8,0,0.0,0,0.00,9.76,1.90,0.9998,27.00,0.946,0,150800,0.098,1,290.8,"-0.26,0.37,9.75","-0.8,0.7,-1.6","7.500,5.100,21.000",0.16,0.16,0.00,0,13229,8646,8,1.16,37.495949,126.956091,1376,0,0,0,-1.00,0.00,999.00,0.0,0,0,0,0,-59,-58.4,8646,84,3,1.90,0,0,0.00,0.00,1,5.050,5.238,-0.019,nan,100,6719,159,1,0,100,3.000,0.234,0,6717,0
17:08:00,15.139,1391088,1391087,0,0,1,37.495949,126.956088,0.07,290.8,0,290.8,0,0.0,0,0.00,9.68,0.89,0.9998,26.13,0.906,0,150803,0.098,1,290.8,"-0.33,0.31,9.67","0.6,0.3,-0.6","8.700,3.900,20.250",0.09,0.10,0.00,0,13229,8646,8,1.16,37.495949,126.956091,1376,0,0,0,-1.00,0.00,999.00,0.0,0,0,0,0,-59,-58.4,8646,111,3,1.90,0,0,0.00,0.00,1,5.050,5.238,-0.019,nan,127,6719,159,1,0,100,3.000,0.234,0,6717,0
17:08:00,15.139,1391116,1391115,0,0,1,37.495949,126.956088,0.07,290.8,0,290.8,0,0.0,0,0.00,9.74,0.45,0.9999,25.42,0.917,0,150806,0.098,1,290.8,"-0.59,0.44,9.72","0.2,-0.4,0.2","9.450,4.200,19.500",0.20,0.20,0.00,0,13229,8646,8,1.16,37.495949,126.956091,1376,0,0,0,-1.00,0.00,999.00,0.0,0,0,0,0,-59,-58.4,8646,139,3,1.90,0,0,0.00,0.00,1,5.050,5.238,-0.019,nan,155,6719,159,1,0,100,3.000,0.234,0,6717,0
17:08:00,15.140,1391142,1391142,0,0,1,37.495949,126.956088,0.07,290.8,0,290.8,0,0.0,0,0.00,9.70,2.78,1.0000,27.10,0.919,0,150809,0.098,1,290.8,"-0.40,0.41,9.69","2.4,-0.9,-1.0","10.050,4.500,21.150",0.04,0.20,0.00,0,13229,8646,8,1.16,37.495949,126.956091,1376,0,0,0,-1.00,0.00,999.00,0.0,0,0,0,0,-59,-58.4,8646,165,3,1.90,0,0,0.00,0.00,1,5.050,5.238,-0.019,nan,181,6719,159,1,0,100,3.000,0.234,0,6717,0
17:08:00,15.140,1391165,1391161,0,0,1,37.495949,126.956088,0.07,290.8,0,290.8,0,0.0,0,0.00,9.65,1.67,0.9997,27.65,0.909,0,150811,0.098,1,290.8,"-0.39,0.24,9.64","1.1,-1.0,-0.8","9.150,4.200,21.750",0.13,0.13,0.00,0,13230,8646,8,1.16,37.495949,126.956091,1376,0,0,0,-1.00,0.00,999.00,0.0,0,0,0,0,-59,-58.4,8646,188,3,1.90,0,0,0.00,0.00,1,4.980,5.244,-0.021,nan,0,6720,159,1,0,100,3.000,0.234,0,6718,0
17:08:00,15.140,1391193,1391193,0,0,1,37.495949,126.956088,0.07,290.8,0,290.8,0,0.0,0,0.00,9.63,0.81,0.9998,24.97,0.921,0,150814,0.098,1,290.8,"-0.45,0.31,9.62","-0.2,0.4,-0.7","8.400,4.200,19.050",0.10,0.10,0.00,0,13230,8646,8,1.16,37.495949,126.956091,1376,0,0,0,-1.00,0.00,999.00,0.0,0,0,0,0,-59,-58.4,8646,216,3,1.90,0,0,0.00,0.00,1,4.980,5.244,-0.021,nan,28,6720,159,1,0,100,3.000,0.234,0,6718,0
17:08:00,15.239,1391219,1391219,0,0,1,37.495949,126.956088,0.07,290.8,0,290.8,0,0.0,0,0.00,9.80,3.76,0.9998,25.10,0.915,0,150817,0.098,1,290.8,"-0.47,0.30,9.78","3.5,-0.6,1.1","8.550,4.050,19.200",0.13,0.13,0.00,0,13230,8647,8,1.16,37.495949,126.956091,1376,0,0,0,-1.00,0.00,999.00,0.0,0,0,0,0,-59,-58.6,8647,23,3,1.92,0,0,0.00,0.00,1,4.980,5.244,-0.021,nan,54,6720,159,1,0,100,3.000,0.234,0,6718,0
17:08:01,15.280,1391246,1391246,0,0,1,37.495949,126.956088,0.07,290.8,0,290.8,0,0.0,0,0.00,9.69,3.05,0.9998,25.70,0.992,0,150820,0.098,1,290.8,"-0.46,0.28,9.67","1.5,2.1,-1.7","9.450,6.600,19.500",0.09,0.11,0.00,0,13230,8647,8,1.16,37.495949,126.956091,1376,0,0,0,-1.00,0.00,999.00,0.0,0,0,0,0,-59,-58.6,8647,50,3,1.92,0,0,0.00,0.00,1,4.980,5.244,-0.021,nan,81,6720,159,1,0,100,3.000,0.234,0,6718,0
17:08:01,15.281,1391272,1391272,0,0,1,37.495949,126.956088,0.07,290.8,0,290.8,0,0.0,0,0.00,9.67,2.15,1.0000,25.15,0.931,0,150823,0.098,1,290.8,"-0.43,0.40,9.65","1.7,-0.0,1.3","8.100,4.500,19.200",0.06,0.13,0.00,0,13231,8647,8,1.16,37.495949,126.956091,1376,0,0,0,-1.00,0.00,999.00,0.0,0,0,0,0,-59,-58.6,8647,76,3,1.92,0,0,0.00,0.00,1,4.980,5.244,-0.021,nan,107,6720,159,1,0,100,3.000,0.234,0,6718,0
17:08:01,15.281,1391298,1391298,0,0,1,37.495949,126.956088,0.07,290.8,0,290.8,0,0.0,0,0.00,9.69,1.17,0.9999,26.47,0.912,0,150826,0.098,1,290.8,"-0.43,0.35,9.67","0.1,-1.2,0.0","9.900,4.200,20.550",0.03,0.12,0.00,0,13231,8647,8,1.16,37.495949,126.956091,1376,0,0,0,-1.00,0.00,999.00,0.0,0,0,0,0,-59,-58.6,8647,102,3,1.92,0,0,0.00,0.00,1,4.980,5.244,-0.021,nan,133,6720,159,1,0,100,3.000,0.234,0,6718,0
17:08:01,15.281,1391326,1391326,0,0,1,37.495949,126.956088,0.07,290.8,0,290.8,0,0.0,0,0.00,9.74,2.26,0.9998,27.65,0.913,0,150829,0.098,1,290.8,"-0.44,0.27,9.73","1.9,-0.9,-0.9","7.950,4.200,21.750",0.09,0.09,0.00,0,13231,8647,8,1.16,37.495949,126.956091,1376,0,0,0,-1.00,0.00,999.00,0.0,0,0,0,0,-59,-58.6,8647,130,3,1.92,0,0,0.00,0.00,1,4.980,5.244,-0.021,nan,161,6720,159,1,0,100,3.000,0.234,0,6718,0
17:08:01,15.282,1391351,1391351,0,0,1,37.495949,126.956088,0.07,290.8,0,290.8,0,0.0,0,0.00,9.74,3.29,1.0000,25.45,0.895,0,150832,0.098,1,290.8,"-0.41,0.44,9.73","-0.2,0.0,-3.3","7.350,3.300,19.650",0.10,0.18,0.00,0,13231,8647,8,1.16,37.495949,126.956091,1376,0,0,0,-1.00,0.00,999.00,0.0,0,0,0,0,-59,-58.6,8647,155,3,1.92,0,0,0.00,0.00,1,4.980,5.244,-0.021,nan,186,6720,159,1,0,100,3.000,0.234,0,6718,0
17:08:01,15.371,1391374,1391374,0,0,1,37.495949,126.956088,0.07,290.8,0,290.8,0,0.0,0,0.00,9.74,1.25,0.9999,27.11,0.962,0,150834,0.098,1,290.8,"-0.40,0.32,9.73","-0.8,-0.8,-0.4","10.200,5.850,21.000",0.04,0.10,0.00,0,13232,8647,8,1.16,37.495949,126.956091,1376,0,0,0,-1.00,0.00,999.00,0.0,0,0,0,0,-59,-58.6,8647,178,3,1.92,0,0,0.00,0.00,1,5.010,5.248,-0.020,nan,9,6721,159,1,0,100,3.000,0.234,0,6719,0
17:08:01,15.410,1391400,1391400,0,0,1,37.495949,126.956088,0.07,290.8,0,290.8,0,0.0,0,0.00,9.73,2.73,1.0000,26.22,0.927,0,150837,0.098,1,290.8,"-0.38,0.42,9.72","-1.8,0.5,-2.0","9.900,4.650,20.250",0.08,0.09,0.00,0,13232,8647,8,1.16,37.495949,126.956091,1376,0,0,0,-1.00,0.00,999.00,0.0,0,0,0,0,-59,-58.6,8647,204,3,1.92,0,0,0.00,0.00,1,5.010,5.248,-0.020,nan,35,6721,159,1,0,100,3.000,0.234,0,6719,0
17:08:01,15.493,1391453,1391453,0,0,1,37.495949,126.956088,0.07,290.8,0,290.8,0,0.0,0,0.00,9.62,2.08,0.9999,27.45,0.975,0,150843,0.098,1,290.8,"-0.50,0.33,9.61","1.9,-0.9,-0.2","9.900,6.300,21.300",0.13,0.13,0.00,0,13232,8648,8,1.16,37.495949,126.956091,1376,0,0,0,-1.00,0.00,999.00,0.0,0,0,0,0,-59,-58.6,8648,49,3,1.94,0,0,0.00,0.00,1,5.010,5.248,-0.020,nan,88,6721,159,1,0,100,3.000,0.234,0,6719,0
17:08:01,15.526,1391619,1391618,0,0,1,37.495949,126.956088,0.07,290.8,0,290.8,0,0.0,0,0.00,9.67,2.44,0.9999,27.32,0.937,0,150858,0.098,1,290.8,"-0.31,0.38,9.65","-1.0,-2.1,0.9","10.650,5.100,21.300",0.11,0.16,0.00,0,13234,8649,8,1.16,37.495949,126.956091,1376,0,0,0,-1.00,0.00,999.00,0.0,0,0,0,0,-59,-58.7,8649,6,3,1.95,0,0,0.00,0.00,1,5.060,5.250,-0.018,nan,54,6722,159,1,0,100,3.000,0.234,0,6720,0
17:08:01,15.527,1391644,1391644,0,0,1,37.495949,126.956088,0.07,290.8,0,290.8,0,0.0,0,0.00,9.64,3.20,0.9998,25.12,0.912,0,150861,0.098,1,290.8,"-0.38,0.31,9.63","3.1,-0.4,-0.9","11.250,4.050,19.200",0.09,0.13,0.00,0,13234,8649,8,1.16,37.495949,126.956091,1376,0,0,0,-1.00,0.00,999.00,0.0,0,0,0,0,-59,-58.7,8649,31,3,1.95,0,0,0.00,0.00,1,5.060,5.250,-0.018,nan,79,6722,159,1,0,100,3.000,0.234,0,6720,0
17:08:01,15.617,1391664,1391663,0,0,1,37.495949,126.956088,0.07,290.8,0,290.8,0,0.0,0,0.00,9.74,2.43,1.0000,28.50,0.937,0,150863,0.098,1,290.8,"-0.50,0.43,9.72","-0.7,2.0,-1.2","8.400,5.100,22.500",0.12,0.17,0.00,0,13234,8649,8,1.16,37.495949,126.956091,1376,0,0,0,-1.00,0.00,999.00,0.0,0,0,0,0,-59,-58.7,8649,51,3,1.95,0,0,0.00,0.00,1,5.060,5.250,-0.018,nan,99,6722,159,1,0,100,3.000,0.234,0,6720,0
17:08:01,15.701,1391738,1391738,0,0,1,37.495949,126.956089,0.12,290.8,0,290.8,0,0.0,0,0.00,9.86,2.55,0.9998,26.95,0.886,0,150871,0.159,1,290.8,"-0.44,0.30,9.84","1.9,0.5,1.7","8.100,3.300,21.150",0.16,0.16,0.00,0,13235,8650,7,1.15,37.495949,126.956092,1377,0,0,0,-1.00,0.00,999.00,0.0,0,0,0,0,-58,-58.6,8650,15,3,1.92,0,0,0.00,0.00,1,5.060,5.250,-0.018,nan,173,6722,159,1,0,100,3.000,0.234,0,6720,0
17:08:01,15.723,1391841,1391841,0,0,1,37.495949,126.956089,0.12,290.8,0,290.8,0,0.0,0,0.00,9.87,4.07,0.9999,28.14,0.916,0,150882,0.159,1,290.8,"-0.47,0.33,9.85","0.7,-3.9,1.1","9.600,4.500,22.200",0.16,0.16,0.00,0,13236,8651,7,1.15,37.495949,126.956092,1377,0,0,0,-1.00,0.00,999.00,0.0,0,0,0,0,-59,-58.7,8651,19,3,1.94,0,0,0.00,0.00,1,5.010,5.248,-0.009,nan,81,6723,159,1,0,100,3.000,0.234,0,6721,0
17:08:01,15.851,1391868,1391868,0,0,1,37.495949,126.956089,0.12,290.8,0,290.8,0,0.0,0,0.00,9.64,3.56,1.0000,25.10,0.913,0,150885,0.159,1,290.8,"-0.47,0.46,9.62","-1.0,-2.0,-2.8","9.300,4.050,19.200",0.15,0.15,0.00,0,13236,8651,7,1.15,37.495949,126.956092,1377,0,0,0,-1.00,0.00,999.00,0.0,0,0,0,0,-59,-58.7,8651,46,3,1.94,0,0,0.00,0.00,1,5.010,5.248,-0.009,nan,108,6723,159,1,0,100,3.000,0.234,0,6721,0
17:08:01,15.895,1392030,1392030,0,0,1,37.495949,126.956089,0.12,290.8,0,290.8,0,0.0,0,0.00,9.70,2.95,0.9996,26.22,0.929,0,150902,0.159,1,290.8,"-0.40,0.22,9.69","-0.4,-0.5,-2.9","9.150,4.650,20.250",0.14,0.17,0.00,0,13238,8652,7,1.15,37.495949,126.956092,1377,0,0,0,-1.00,0.00,999.00,0.0,0,0,0,0,-60,-58.9,8652,111,3,1.99,0,0,0.00,0.00,1,5.000,5.247,-0.005,nan,64,6724,159,1,0,100,3.000,0.234,0,6722,0
17:08:01,16.000,1392070,1392070,0,0,1,37.495949,126.956089,0.12,290.8,0,290.8,0,0.0,0,0.00,9.67,3.54,1.0000,26.29,0.958,0,150906,0.159,1,290.8,"-0.45,0.39,9.65","-0.9,-0.8,-3.3","7.500,5.400,20.250",0.08,0.14,0.00,0,13238,8653,7,1.15,37.495949,126.956092,1377,0,0,0,-1.00,0.00,999.00,0.0,0,0,0,0,-59,-58.9,8653,35,3,1.99,0,0,0.00,0.00,1,5.000,5.247,-0.005,nan,104,6724,159,1,0,100,3.000,0.234,0,6722,0
17:08:01,16.040,1392090,1392090,0,0,1,37.495949,126.956089,0.12,290.8,0,290.8,0,0.0,0,0.00,9.64,3.55,1.0000,24.97,0.920,0,150908,0.159,1,290.8,"-0.40,0.43,9.62","2.8,-1.9,1.0","8.700,4.200,19.050",0.11,0.11,0.00,0,13238,8653,7,1.15,37.495949,126.956092,1377,0,0,0,-1.00,0.00,999.00,0.0,0,0,0,0,-59,-58.9,8653,55,3,1.99,0,0,0.00,0.00,1,5.000,5.247,-0.005,nan,124,6724,159,1,0,100,3.000,0.234,0,6722,0
17:08:01,16.041,1392161,1392156,0,0,1,37.495949,126.956089,0.12,290.8,0,290.8,0,0.0,0,0.00,9.70,3.61,0.9997,26.59,0.955,0,150915,0.159,1,290.8,"-0.32,0.28,9.69","-3.1,1.1,-1.5","7.950,5.400,20.550",0.12,0.12,0.00,0,13239,8654,7,1.15,37.495949,126.956092,1377,0,0,0,-1.00,0.00,999.00,0.0,0,0,0,0,-60,-59.2,8654,2,3,2.03,0,0,0.00,0.00,1,5.010,5.246,-0.002,nan,1,6725,159,1,0,100,3.000,0.234,0,6723,0
17:08:01,16.149,1392214,1392214,0,0,1,37.495949,126.956089,0.12,290.8,0,290.8,0,0.0,0,0.00,9.74,3.87,1.0000,26.38,0.934,0,150921,0.159,1,290.8,"-0.40,0.40,9.72","3.5,-1.6,-0.6","8.850,4.800,20.400",0.05,0.13,0.00,0,13240,8654,7,1.15,37.495949,126.956092,1377,0,0,0,-1.00,0.00,999.00,0.0,0,0,0,0,-60,-59.2,8654,55,3,2.03,0,0,0.00,0.00,1,5.010,5.246,-0.002,nan,54,6725,159,1,0,100,3.000,0.234,0,6723,0
17:08:01,16.188,1392240,1392240,0,0,1,37.495949,126.956089,0.12,290.8,0,290.8,0,0.0,0,0.00,9.73,3.57,0.9997,26.38,0.933,0,150924,0.159,1,290.8,"-0.32,0.28,9.72","1.7,-2.6,-1.8","9.300,4.800,20.400",0.12,0.15,0.00,0,13240,8654,7,1.15,37.495949,126.956092,1377,0,0,0,-1.00,0.00,999.00,0.0,0,0,0,0,-60,-59.2,8654,81,3,2.03,0,0,0.00,0.00,1,5.010,5.246,-0.002,nan,80,6725,159,1,0,100,3.000,0.234,0,6723,0
17:08:01,16.188,1392266,1392266,0,0,1,37.495949,126.956089,0.12,290.8,0,290.8,0,0.0,0,0.00,9.68,3.15,0.9999,26.17,0.913,0,150927,0.159,1,290.8,"-0.44,0.35,9.67","2.7,-1.6,0.5","9.900,4.200,20.250",0.05,0.08,0.00,0,13240,8654,7,1.15,37.495949,126.956092,1377,0,0,0,-1.00,0.00,999.00,0.0,0,0,0,0,-60,-59.2,8654,107,3,2.03,0,0,0.00,0.00,1,5.010,5.246,-0.002,nan,106,6725,159,1,0,100,3.000,0.234,0,6723,0
17:08:01,16.188,1392286,1392286,0,0,1,37.495949,126.956089,0.12,290.8,0,290.8,0,0.0,0,0.00,9.68,2.51,0.9999,24.48,0.960,0,150929,0.159,1,290.8,"-0.34,0.38,9.66","-0.3,1.8,-1.7","7.350,5.250,18.450",0.08,0.09,0.00,0,13240,8654,7,1.15,37.495949,126.956092,1377,0,0,0,-1.00,0.00,999.00,0.0,0,0,0,0,-60,-59.2,8654,127,3,2.03,0,0,0.00,0.00,1,5.010,5.246,-0.002,nan,126,6725,159,1,0,100,3.000,0.234,0,6723,0
17:08:01,16.189,1392313,1392312,0,0,1,37.495949,126.956089,0.12,290.8,0,290.8,0,0.0,0,0.00,9.77,4.57,1.0000,26.58,0.940,0,150932,0.159,1,290.8,"-0.41,0.39,9.75","3.6,-2.6,-1.0","10.950,5.100,20.550",0.06,0.13,0.00,0,13241,8654,7,1.15,37.495949,126.956092,1377,0,0,0,-1.00,0.00,999.00,0.0,0,0,0,0,-60,-59.2,8654,154,3,2.03,0,0,0.00,0.00,1,5.010,5.246,-0.002,nan,153,6725,159,1,0,100,3.000,0.234,0,6723,0
17:08:02,16.288,1392333,1392333,0,0,1,37.495949,126.956089,0.12,290.8,0,290.8,0,0.0,0,0.00,9.67,4.29,1.0000,26.73,0.948,0,150934,0.159,1,290.8,"-0.48,0.43,9.65","2.4,-1.0,-3.4","8.550,5.250,20.700",0.11,0.11,0.00,0,13241,8654,7,1.15,37.495949,126.956092,1377,0,0,0,-1.00,0.00,999.00,0.0,0,0,0,0,-60,-59.2,8654,174,3,2.03,0,0,0.00,0.00,1,5.010,5.246,-0.002,nan,173,6725,159,1,0,100,3.000,0.234,0,6723,0
17:08:02,16.322,1392363,1392358,0,0,1,37.495949,126.956089,0.12,290.8,0,290.8,0,0.0,0,0.00,9.72,3.81,0.9998,25.19,0.937,0,150937,0.159,1,290.8,"-0.37,0.32,9.71","3.5,-0.8,1.2","9.300,4.800,19.200",0.05,0.09,0.00,0,13241,8655,7,1.15,37.495949,126.956092,1377,0,0,0,-1.00,0.00,999.00,0.0,0,0,0,0,-60,-59.3,8655,7,3,2.07,0,0,0.00,0.00,1,5.010,5.245,-0.001,nan,1,6726,159,1,0,100,3.000,0.234,0,6724,0
17:08:02,16.323,1392416,1392415,0,0,1,37.495949,126.956089,0.12,290.8,0,290.8,0,0.0,0,0.00,9.68,2.58,0.9998,26.27,0.942,0,150943,0.159,1,290.8,"-0.33,0.30,9.67","0.3,-2.5,0.3","9.450,5.100,20.250",0.10,0.13,0.00,0,13242,8655,7,1.15,37.495949,126.956092,1377,0,0,0,-1.00,0.00,999.00,0.0,0,0,0,0,-60,-59.3,8655,60,3,2.07,0,0,0.00,0.00,1,5.010,5.245,-0.001,nan,54,6726,159,1,0,100,3.000,0.234,0,6724,0
17:08:02,16.407,1392480,1392468,0,0,1,37.495949,126.956089,0.12,290.8,0,290.8,0,0.0,0,0.00,9.83,3.74,1.0000,25.50,0.898,0,150949,0.159,1,290.8,"-0.41,0.44,9.81","2.5,-2.2,1.7","9.300,3.600,19.650",0.14,0.17,0.00,0,13242,8655,7,1.15,37.495949,126.956092,1377,0,0,0,-1.00,0.00,999.00,0.0,0,0,0,0,-60,-59.3,8655,124,3,2.07,0,0,0.00,0.00,1,5.010,5.245,-0.001,nan,118,6726,159,1,0,100,3.000,0.234,0,6724,0
17:08:02,16.438,1392557,1392554,0,0,1,37.495949,126.956089,0.12,290.8,0,290.8,0,0.0,0,0.00,9.60,1.77,0.9998,25.46,0.937,0,150957,0.159,1,290.8,"-0.34,0.30,9.59","-1.6,0.6,-0.5","7.500,4.650,19.500",0.14,0.14,0.00,0,13243,8655,7,1.15,37.495949,126.956092,1377,0,0,0,-1.00,0.00,999.00,0.0,0,0,0,0,-60,-59.3,8655,201,3,2.07,0,0,0.00,0.00,1,5.010,5.245,-0.001,nan,195,6726,159,1,0,100,3.000,0.234,0,6724,0
17:08:02,16.523,1392579,1392579,0,0,1,37.495949,126.956089,0.12,290.8,0,290.8,0,0.0,0,0.00,9.64,2.72,0.9999,26.26,0.944,0,150959,0.159,1,290.8,"-0.37,0.38,9.63","1.1,-2.3,0.9","8.700,5.100,20.250",0.08,0.13,0.00,0,13243,8656,7,1.15,37.495949,126.956092,1377,0,0,0,-1.00,0.00,999.00,0.0,0,0,0,0,-60,-59.5,8656,18,3,2.09,0,0,0.00,0.00,1,5.070,5.245,0.000,nan,10,6727,159,1,0,100,3.000,0.234,0,6725,0
17:08:02,16.556,1392605,1392605,0,0,1,37.495949,126.956089,0.12,290.8,0,290.8,0,0.0,0,0.00,9.76,2.50,0.9998,26.38,0.888,0,150961,0.159,1,290.8,"-0.55,0.30,9.74","2.4,-0.1,0.7","10.200,3.450,20.550",0.16,0.16,0.00,0,13243,8656,7,1.15,37.495949,126.956092,1377,0,0,0,-1.00,0.00,999.00,0.0,0,0,0,0,-60,-59.5,8656,44,3,2.09,0,0,0.00,0.00,1,5.070,5.245,0.000,nan,36,6727,159,1,0,100,3.000,0.234,0,6725,0
17:08:02,16.556,1392627,1392626,0,0,1,37.495949,126.956089,0.12,290.8,0,290.8,0,0.0,0,0.00,9.75,1.02,0.9998,24.89,0.939,0,150963,0.159,1,290.8,"-0.40,0.31,9.74","0.5,-0.9,0.2","8.850,4.800,18.900",0.06,0.08,0.00,0,13244,8656,7,1.15,37.495949,126.956092,1377,0,0,0,-1.00,0.00,999.00,0.0,0,0,0,0,-60,-59.5,8656,66,3,2.09,0,0,0.00,0.00,1,5.070,5.245,0.000,nan,58,6727,159,1,0,100,3.000,0.234,0,6725,0
17:08:02,16.557,1392647,1392647,0,0,1,37.495949,126.956089,0.12,290.8,0,290.8,0,0.0,0,0.00,9.74,2.84,0.9999,26.30,0.909,0,150965,0.159,1,290.8,"-0.35,0.44,9.73","2.5,-0.4,1.4","9.300,4.050,20.400",0.10,0.11,0.00,0,13244,8656,7,1.15,37.495949,126.956092,1377,0,0,0,-1.00,0.00,999.00,0.0,0,0,0,0,-60,-59.5,8656,86,3,2.09,0,0,0.00,0.00,1,5.070,5.245,0.000,nan,78,6727,159,1,0,100,3.000,0.234,0,6725,0
17:08:02,16.642,1392728,1392727,0,0,1,37.495949,126.956091,0.13,290.8,0,290.8,0,0.0,0,0.00,9.74,2.14,0.9995,25.66,0.985,0,150974,0.149,1,290.8,"-0.36,0.18,9.73","-0.2,-0.3,-2.1","8.550,6.300,19.500",0.18,0.18,0.00,0,13245,8656,9,1.15,37.495949,126.956095,1378,0,0,0,-1.00,0.00,999.00,0.0,0,0,0,0,-60,-59.5,8656,167,3,2.09,0,0,0.00,0.00,1,5.070,5.245,0.000,nan,159,6727,159,1,0,100,3.000,0.234,0,6725,0
17:08:02,16.674,1392747,1392747,0,0,1,37.495949,126.956091,0.13,290.8,0,290.8,0,0.0,0,0.00,9.75,3.21,1.0000,24.85,0.931,0,150976,0.149,1,290.8,"-0.43,0.43,9.73","-1.3,2.9,0.2","8.550,4.500,18.900",0.08,0.10,0.00,0,13245,8656,9,1.15,37.495949,126.956095,1378,0,0,0,-1.00,0.00,999.00,0.0,0,0,0,0,-60,-59.5,8656,186,3,2.09,0,0,0.00,0.00,1,5.070,5.245,0.000,nan,178,6727,159,1,0,100,3.000,0.234,0,6725,0
17:08:02,16.674,1392770,1392770,0,0,1,37.495949,126.956091,0.13,290.8,0,290.8,0,0.0,0,0.00,9.72,1.83,1.0000,26.23,0.927,0,150978,0.149,1,290.8,"-0.43,0.42,9.70","1.2,-0.6,1.2","10.650,4.650,20.250",0.07,0.12,0.00,0,13245,8656,9,1.15,37.495949,126.956095,1378,0,0,0,-1.00,0.00,999.00,0.0,0,0,0,0,-60,-59.5,8656,209,3,2.09,0,0,0.00,0.00,1,5.050,5.245,0.000,nan,9,6728,159,1,0,100,3.000,0.234,0,6726,0
17:08:02,16.675,1392791,1392791,0,0,1,37.495949,126.956091,0.13,290.8,0,290.8,0,0.0,0,0.00,9.78,1.49,0.9999,25.10,0.963,0,150980,0.149,1,290.8,"-0.41,0.36,9.76","0.1,-1.0,-1.1","7.200,5.400,19.050",0.06,0.10,0.00,0,13245,8657,9,1.15,37.495949,126.956095,1378,0,0,0,-1.00,0.00,999.00,0.0,0,0,0,0,-61,-59.8,8657,11,3,2.15,0,0,0.00,0.00,1,5.050,5.245,0.000,nan,30,6728,159,1,0,100,3.000,0.234,0,6726,0
17:08:02,16.675,1392811,1392810,0,0,1,37.495949,126.956091,0.13,290.8,0,290.8,0,0.0,0,0.00,9.70,0.90,0.9998,26.78,0.962,0,150982,0.149,1,290.8,"-0.41,0.28,9.69","0.9,0.2,0.1","8.550,5.700,20.700",0.08,0.09,0.00,0,13245,8657,9,1.15,37.495949,126.956095,1378,0,0,0,-1.00,0.00,999.00,0.0,0,0,0,0,-61,-59.8,8657,31,3,2.15,0,0,0.00,0.00,1,5.050,5.245,0.000,nan,50,6728,159,1,0,100,3.000,0.234,0,6726,0
17:08:02,16.767,1392838,1392838,0,0,1,37.495949,126.956091,0.13,290.8,0,290.8,0,0.0,0,0.00,9.73,3.10,0.9998,26.68,0.933,0,150985,0.149,1,290.8,"-0.44,0.28,9.72","2.5,0.1,1.8","8.850,4.800,20.700",0.08,0.17,0.00,0,13246,8657,9,1.15,37.495949,126.956095,1378,0,0,0,-1.00,0.00,999.00,0.0,0,0,0,0,-61,-59.8,8657,58,3,2.15,0,0,0.00,0.00,1,5.050,5.245,0.000,nan,77,6728,159,1,0,100,3.000,0.234,0,6726,0
17:08:02,16.799,1392917,1392916,0,0,1,37.495949,126.956091,0.13,290.8,0,290.8,0,0.0,0,0.00,9.74,3.10,0.9999,26.44,0.946,0,150994,0.149,1,290.8,"-0.45,0.36,9.73","1.2,2.4,-1.6","9.600,5.250,20.400",0.05,0.16,0.00,0,13246,8658,9,1.15,37.495949,126.956095,1378,0,0,0,-1.00,0.00,999.00,0.0,0,0,0,0,-60,-59.8,8658,27,3,2.16,0,0,0.00,0.00,1,5.050,5.245,0.000,nan,156,6728,159,1,0,100,3.000,0.234,0,6726,0
17:08:02,16.799,1392970,1392970,0,0,1,37.495949,126.956091,0.13,290.8,0,290.8,0,0.0,0,0.00,9.73,3.67,1.0000,26.99,0.892,0,150999,0.149,1,290.8,"-0.40,0.48,9.71","0.9,1.8,-3.1","9.300,3.600,21.150",0.12,0.15,0.00,0,13247,8658,9,1.15,37.495949,126.956095,1378,0,0,0,-1.00,0.00,999.00,0.0,0,0,0,0,-60,-59.8,8658,80,3,2.16,0,0,0.00,0.00,1,5.050,5.259,-0.020,nan,9,6729,159,1,0,100,3.000,0.234,0,6727,0
17:08:02,16.901,1392997,1392996,0,0,1,37.495949,126.956091,0.13,290.8,0,290.8,0,0.0,0,0.00,9.68,2.85,0.9999,26.64,0.923,0,151002,0.149,1,290.8,"-0.36,0.35,9.66","1.6,-1.3,1.9","8.850,4.500,20.700",0.06,0.07,0.00,0,13247,8658,9,1.15,37.495949,126.956095,1378,0,0,0,-1.00,0.00,999.00,0.0,0,0,0,0,-60,-59.8,8658,107,3,2.16,0,0,0.00,0.00,1,5.050,5.259,-0.020,nan,36,6729,159,1,0,100,3.000,0.234,0,6727,0
17:08:02,16.932,1393051,1393051,0,0,1,37.495949,126.956091,0.13,290.8,0,290.8,0,0.0,0,0.00,9.73,3.24,0.9998,26.21,0.930,0,151008,0.149,1,290.8,"-0.43,0.29,9.72","1.5,2.4,-1.5","8.700,4.650,20.250",0.07,0.14,0.00,0,13248,8658,9,1.15,37.495949,126.956095,1378,0,0,0,-1.00,0.00,999.00,0.0,0,0,0,0,-60,-59.8,8658,161,3,2.16,0,0,0.00,0.00,1,5.050,5.259,-0.020,nan,90,6729,159,1,0,100,3.000,0.234,0,6727,0
17:08:02,16.932,1393078,1393077,0,0,1,37.495949,126.956091,0.13,290.8,0,290.8,0,0.0,0,0.00,9.74,4.44,0.9999,25.95,0.984,0,151011,0.149,1,290.8,"-0.46,0.35,9.72","-0.6,0.9,-4.3","8.400,6.300,19.800",0.06,0.15,0.00,0,13248,8658,9,1.15,37.495949,126.956095,1378,0,0,0,-1.00,0.00,999.00,0.0,0,0,0,0,-60,-59.8,8658,188,3,2.16,0,0,0.00,0.00,1,5.050,5.259,-0.020,nan,117,6729,159,1,0,100,3.000,0.234,0,6727,0
17:08:02,17.026,1393104,1393104,0,0,1,37.495949,126.956091,0.13,290.8,0,290.8,0,0.0,0,0.00,9.77,2.97,0.9998,26.64,0.924,0,151014,0.149,1,290.8,"-0.39,0.32,9.75","-2.3,0.2,-1.9","8.550,4.500,20.700",0.07,0.17,0.00,0,13248,8659,9,1.15,37.495949,126.956095,1378,0,0,0,-1.00,0.00,999.00,0.0,0,0,0,0,-57,-59.3,8659,16,3,2.05,0,0,0.00,0.00,1,5.050,5.259,-0.020,nan,143,6729,159,1,0,100,3.000,0.234,0,6727,0
17:08:02,17.058,1393150,1393149,0,0,1,37.495949,126.956091,0.13,290.8,0,290.8,0,0.0,0,0.00,9.68,3.86,0.9999,26.65,0.922,0,151019,0.149,1,290.8,"-0.45,0.35,9.67","2.5,-2.0,2.1","9.300,4.500,20.700",0.06,0.12,0.00,0,13249,8659,9,1.15,37.495949,126.956095,1378,0,0,0,-1.00,0.00,999.00,0.0,0,0,0,0,-57,-59.3,8659,62,3,2.05,0,0,0.00,0.00,1,5.050,5.259,-0.020,nan,189,6729,159,1,0,100,3.000,0.234,0,6727,0
17:08:02,17.155,1393173,1393172,0,0,1,37.495949,126.956091,0.13,290.8,0,290.8,0,0.0,0,0.00,9.71,3.23,1.0000,27.70,0.924,0,151021,0.149,1,290.8,"-0.37,0.45,9.69","-0.1,2.7,-1.7","8.700,4.650,21.750",0.09,0.09,0.00,0,13249,8660,9,1.15,37.495949,126.956095,1378,0,0,0,-1.00,0.00,999.00,0.0,0,0,0,0,-57,-58.8,8660,2,3,1.97,0,0,0.00,0.00,1,5.070,5.268,-0.028,nan,9,6730,159,1,0,100,3.000,0.234,0,6728,0
17:08:02,17.198,1393198,1393198,0,0,1,37.495949,126.956091,0.13,290.8,0,290.8,0,0.0,0,0.00,9.80,2.43,0.9999,26.67,0.936,0,151023,0.149,1,290.8,"-0.49,0.39,9.78","-0.8,-2.3,0.1","7.800,4.800,20.700",0.12,0.13,0.00,0,13249,8660,9,1.15,37.495949,126.956095,1378,0,0,0,-1.00,0.00,999.00,0.0,0,0,0,0,-57,-58.8,8660,27,3,1.97,0,0,0.00,0.00,1,5.070,5.268,-0.028,nan,34,6730,159,1,0,100,3.000,0.234,0,6728,0
17:08:02,17.198,1393223,1393223,0,0,1,37.495949,126.956091,0.13,290.8,0,290.8,0,0.0,0,0.00,9.67,3.58,0.9999,26.27,0.942,0,151026,0.149,1,290.8,"-0.48,0.35,9.65","1.2,-3.4,0.3","9.450,5.100,20.250",0.09,0.20,0.00,0,13249,8660,9,1.15,37.495949,126.956095,1378,0,0,0,-1.00,0.00,999.00,0.0,0,0,0,0,-57,-58.8,8660,52,3,1.97,0,0,0.00,0.00,1,5.070,5.268,-0.028,nan,59,6730,159,1,0,100,3.000,0.234,0,6728,0
17:08:02,17.198,1393250,1393249,0,0,1,37.495949,126.956091,0.13,290.8,0,290.8,0,0.0,0,0.00,9.66,3.49,1.0000,26.68,0.933,0,151029,0.149,1,290.8,"-0.40,0.41,9.64","2.5,-2.4,-0.5","8.850,4.800,20.700",0.08,0.17,0.00,0,13250,8660,9,1.15,37.495949,126.956095,1378,0,0,0,-1.00,0.00,999.00,0.0,0,0,0,0,-57,-58.8,8660,79,3,1.97,0,0,0.00,0.00,1,5.070,5.268,-0.028,nan,86,6730,159,1,0,100,3.000,0.234,0,6728,0
17:08:03,17.289,1393270,1393270,0,0,1,37.495949,126.956091,0.13,290.8,0,290.8,0,0.0,0,0.00,9.77,2.56,0.9997,25.85,0.956,0,151031,0.149,1,290.8,"-0.28,0.30,9.76","-0.6,0.5,-2.4","8.400,5.400,19.800",0.14,0.14,0.00,0,13250,8661,9,1.15,37.495949,126.956095,1378,0,0,0,-1.00,0.00,999.00,0.0,0,0,0,0,-57,-58.4,8661,2,3,1.90,0,0,0.00,0.00,1,5.070,5.268,-0.028,nan,106,6730,159,1,0,100,3.000,0.234,0,6728,0
17:08:03,17.329,1393298,1393298,0,0,1,37.495949,126.956091,0.13,290.8,0,290.8,0,0.0,0,0.00,9.70,3.43,0.9999,25.47,0.931,0,151034,0.149,1,290.8,"-0.43,0.33,9.69","3.2,-1.2,0.7","9.150,4.650,19.500",0.05,0.13,0.00,0,13250,8661,9,1.15,37.495949,126.956095,1378,0,0,0,-1.00,0.00,999.00,0.0,0,0,0,0,-57,-58.4,8661,30,3,1.90,0,0,0.00,0.00,1,5.070,5.268,-0.028,nan,134,6730,159,1,0,100,3.000,0.234,0,6728,0
17:08:03,17.329,1393323,1393323,0,0,1,37.495949,126.956091,0.13,290.8,0,290.8,0,0.0,0,0.00,9.64,1.41,0.9998,27.12,0.931,0,151037,0.149,1,290.8,"-0.32,0.33,9.63","-0.7,-0.8,-0.9","8.850,4.800,21.150",0.11,0.11,0.00,0,13250,8661,9,1.15,37.495949,126.956095,1378,0,0,0,-1.00,0.00,999.00,0.0,0,0,0,0,-57,-58.4,8661,55,3,1.90,0,0,0.00,0.00,1,5.070,5.268,-0.028,nan,159,6730,159,1,0,100,3.000,0.234,0,6728,0
17:08:03,17.330,1393350,1393349,0,0,1,37.495949,126.956091,0.13,290.8,0,290.8,0,0.0,0,0.00,9.73,2.67,0.9999,25.67,0.910,0,151040,0.149,1,290.8,"-0.37,0.36,9.72","2.4,-1.2,-0.1","7.950,3.900,19.800",0.03,0.06,0.00,0,13251,8661,9,1.15,37.495949,126.956095,1378,0,0,0,-1.00,0.00,999.00,0.0,0,0,0,0,-57,-58.4,8661,82,3,1.90,0,0,0.00,0.00,1,5.070,5.268,-0.028,nan,186,6730,159,1,0,100,3.000,0.234,0,6728,0
17:08:03,17.330,1393372,1393372,0,0,1,37.495949,126.956091,0.13,290.8,0,290.8,0,0.0,0,0.00,9.62,6.27,0.9999,26.83,0.887,0,151042,0.149,1,290.8,"-0.38,0.40,9.60","5.8,-2.3,0.5","10.200,3.450,21.000",0.11,0.11,0.00,0,13251,8661,9,1.15,37.495949,126.956095,1378,0,0,0,-1.00,0.00,999.00,0.0,0,0,0,0,-57,-58.4,8661,104,3,1.90,0,0,0.00,0.00,1,5.070,5.280,-0.039,nan,8,6731,159,1,0,100,3.000,0.234,0,6729,0
17:08:03,17.419,1393398,1393398,0,0,1,37.495949,126.956091,0.13,290.8,0,290.8,0,0.0,0,0.00,9.82,1.43,0.9999,25.03,0.932,0,151045,0.149,1,290.8,"-0.47,0.37,9.80","-1.3,-0.6,0.1","9.900,4.650,19.050",0.12,0.13,0.00,0,13251,8661,9,1.15,37.495949,126.956095,1378,0,0,0,-1.00,0.00,999.00,0.0,0,0,0,0,-57,-58.4,8661,130,3,1.90,0,0,0.00,0.00,1,5.070,5.280,-0.039,nan,34,6731,159,1,0,100,3.000,0.234,0,6729,0
17:08:03,17.550,1393451,1393450,0,0,1,37.495949,126.956091,0.13,290.8,0,290.8,0,0.0,0,0.00,9.68,1.16,0.9999,25.93,0.938,0,151051,0.149,1,290.8,"-0.40,0.35,9.67","-0.8,0.8,-0.2","8.100,4.800,19.950",0.04,0.14,0.00,0,13252,8661,9,1.15,37.495949,126.956095,1378,0,0,0,-1.00,0.00,999.00,0.0,0,0,0,0,-57,-58.4,8661,183,3,1.90,0,0,0.00,0.00,1,5.070,5.280,-0.039,nan,87,6731,159,1,0,100,3.000,0.234,0,6729,0
17:08:03,17.823,1393666,1393666,0,0,1,37.495949,126.956091,0.13,290.8,0,290.8,0,0.0,0,0.00,9.71,3.08,0.9999,27.26,0.926,0,151073,0.149,1,290.8,"-0.34,0.39,9.70","2.4,-2.0,0.0","8.700,4.650,21.300",0.06,0.12,0.00,0,13254,8664,9,1.15,37.495949,126.956095,1378,0,0,0,-1.00,0.00,999.00,0.0,0,0,0,0,-59,-58.7,8664,90,3,1.95,0,0,0.00,0.00,1,5.050,5.282,-0.029,nan,100,6732,159,1,0,100,3.000,0.234,0,6730,0
17:08:03,18.201,1393946,1393946,0,0,1,37.495949,126.956091,0.07,290.8,0,290.8,0,0.0,0,0.00,9.76,2.21,0.9999,27.75,0.941,0,151102,0.000,1,290.8,"-0.45,0.35,9.74","0.2,-2.1,-0.8","7.950,5.100,21.750",0.06,0.11,0.00,0,13256,8667,9,1.28,37.495950,126.956091,1379,0,0,0,-1.00,0.00,999.00,0.0,0,0,0,0,-65,-61.8,8667,35,3,2.61,0,0,0.00,0.00,1,5.050,5.283,-0.022,nan,167,6733,159,1,0,100,3.000,0.234,0,6731,0
17:08:04,18.424,1394298,1394298,0,0,1,37.495949,126.956091,0.07,290.8,0,290.8,0,0.0,0,0.00,9.66,2.29,0.9998,27.57,0.966,0,151140,0.000,1,290.8,"-0.44,0.30,9.64","0.3,1.8,-1.4","9.600,6.000,21.450",0.09,0.16,0.00,0,13260,8669,9,1.28,37.495950,126.956091,1379,0,0,0,-1.00,0.00,999.00,0.0,0,0,0,0,-56,-60.2,8669,29,3,2.24,0,0,0.00,0.00,1,5.090,5.289,-0.019,nan,133,6735,159,1,0,100,3.000,0.234,0,6733,0
17:08:04,18.471,1394324,1394324,0,0,1,37.495949,126.956091,0.07,290.8,0,290.8,0,0.0,0,0.00,9.67,2.19,0.9998,26.77,0.966,0,151143,0.000,1,290.8,"-0.27,0.42,9.65","-0.1,-2.0,-0.8","7.350,5.700,20.700",0.15,0.15,0.00,0,13260,8670,9,1.28,37.495950,126.956091,1379,0,0,0,-1.00,0.00,999.00,0.0,0,0,0,0,-57,-59.5,8670,10,3,2.11,0,0,0.00,0.00,1,5.090,5.289,-0.019,nan,159,6735,159,1,0,100,3.000,0.234,0,6733,0
17:08:04,18.471,1394373,1394373,0,0,1,37.495949,126.956091,0.07,290.8,0,290.8,0,0.0,0,0.00,9.77,2.18,1.0000,26.43,0.948,0,151148,0.000,1,290.8,"-0.42,0.39,9.75","-0.2,1.9,-1.0","8.850,5.250,20.400",0.06,0.12,0.00,0,13260,8670,9,1.28,37.495950,126.956091,1379,0,0,0,-1.00,0.00,999.00,0.0,0,0,0,0,-57,-59.5,8670,59,3,2.11,0,0,0.00,0.00,1,5.090,5.291,-0.016,nan,9,6736,159,1,0,100,3.000,0.234,0,6734,0
17:08:04,18.471,1394452,1394452,0,0,1,37.495949,126.956091,0.07,290.8,0,290.8,0,0.0,0,0.00,9.73,0.52,0.9999,26.07,0.895,0,151157,0.000,1,290.8,"-0.57,0.37,9.70","0.4,-0.2,0.3","7.950,3.450,20.250",0.16,0.16,0.00,0,13261,8670,9,1.28,37.495950,126.956091,1379,0,0,0,-1.00,0.00,999.00,0.0,0,0,0,0,-57,-59.5,8670,138,3,2.11,0,0,0.00,0.00,1,5.090,5.291,-0.016,nan,88,6736,159,1,0,100,3.000,0.234,0,6734,0
17:08:04,18.472,1394483,1394471,0,0,1,37.495949,126.956091,0.07,290.8,0,290.8,0,0.0,0,0.00,9.66,1.64,0.9998,25.55,0.913,0,151159,0.000,1,290.8,"-0.34,0.29,9.65","1.2,-0.4,1.0","8.850,4.050,19.650",0.10,0.10,0.00,0,13261,8671,9,1.28,37.495950,126.956091,1379,0,0,0,-1.00,0.00,999.00,0.0,0,0,0,0,-55,-58.6,8671,8,3,2.11,0,0,0.00,0.00,1,5.090,5.291,-0.016,nan,119,6736,159,1,0,100,3.000,0.234,0,6734,0
17:08:04,18.560,1394513,1394513,0,0,1,37.495949,126.956091,0.07,290.8,0,290.8,0,0.0,0,0.00,9.64,1.29,0.9998,27.15,0.977,0,151161,0.000,1,290.8,"-0.35,0.29,9.62","-0.9,0.6,-0.7","9.450,6.300,21.000",0.11,0.11,0.00,0,13262,8671,9,1.28,37.495950,126.956091,1379,0,0,0,-1.00,0.00,999.00,0.0,0,0,0,0,-55,-58.6,8671,38,3,1.93,0,0,0.00,0.00,1,5.090,5.291,-0.016,nan,149,6736,159,1,0,100,3.000,0.234,0,6734,0
17:08:04,18.592,1394533,1394533,0,0,1,37.495949,126.956091,0.07,290.8,0,290.8,0,0.0,0,0.00,9.66,1.07,1.0000,26.72,0.950,0,151163,0.000,1,290.8,"-0.39,0.45,9.64","-0.3,-0.7,-0.7","7.800,5.250,20.700",0.10,0.14,0.00,0,13262,8671,9,1.28,37.495950,126.956091,1379,0,0,0,-1.00,0.00,999.00,0.0,0,0,0,0,-55,-58.6,8671,58,3,1.93,0,0,0.00,0.00,1,5.090,5.291,-0.016,nan,169,6736,159,1,0,100,3.000,0.234,0,6734,0
17:08:04,18.592,1394562,1394558,0,0,1,37.495949,126.956091,0.07,290.8,0,290.8,0,0.0,0,0.00,9.70,2.39,1.0000,27.26,0.925,0,151166,0.000,1,290.8,"-0.45,0.42,9.68","-0.9,1.2,-1.9","9.150,4.650,21.300",0.07,0.20,0.00,0,13262,8671,9,1.28,37.495950,126.956091,1379,0,0,0,-1.00,0.00,999.00,0.0,0,0,0,0,-55,-58.6,8671,87,3,1.93,0,0,0.00,0.00,1,5.060,5.292,-0.013,nan,0,6737,159,1,0,100,3.000,0.234,0,6735,0
17:08:04,18.593,1394588,1394588,0,0,1,37.495949,126.956091,0.07,290.8,0,290.8,0,0.0,0,0.00,9.76,4.50,0.9998,27.22,0.963,0,151169,0.000,1,290.8,"-0.29,0.35,9.75","1.6,-3.6,2.2","7.800,5.700,21.150",0.13,0.13,0.00,0,13262,8671,9,1.28,37.495950,126.956091,1379,0,0,0,-1.00,0.00,999.00,0.0,0,0,0,0,-55,-58.6,8671,113,3,1.93,0,0,0.00,0.00,1,5.060,5.292,-0.013,nan,26,6737,159,1,0,100,3.000,0.234,0,6735,0
17:08:04,18.593,1394615,1394615,0,0,1,37.495949,126.956091,0.07,290.8,0,290.8,0,0.0,0,0.00,9.75,3.00,1.0000,27.27,0.966,0,151172,0.000,1,290.8,"-0.40,0.50,9.73","1.3,-2.2,-1.6","10.500,6.000,21.150",0.14,0.18,0.00,0,13263,8671,9,1.28,37.495950,126.956091,1379,0,0,0,-1.00,0.00,999.00,0.0,0,0,0,0,-55,-58.6,8671,140,3,1.93,0,0,0.00,0.00,1,5.060,5.292,-0.013,nan,53,6737,159,1,0,100,3.000,0.234,0,6735,0
17:08:04,18.593,1394641,1394641,0,0,1,37.495949,126.956091,0.07,290.8,0,290.8,0,0.0,0,0.00,9.73,2.65,1.0000,26.33,0.930,0,151175,0.000,1,290.8,"-0.37,0.43,9.72","-2.4,1.2,-0.3","7.350,4.500,20.400",0.07,0.13,0.00,0,13263,8671,9,1.28,37.495950,126.956091,1379,0,0,0,-1.00,0.00,999.00,0.0,0,0,0,0,-55,-58.6,8671,166,3,1.93,0,0,0.00,0.00,1,5.060,5.292,-0.013,nan,79,6737,159,1,0,100,3.000,0.234,0,6735,0
17:08:04,18.594,1394668,1394667,0,0,1,37.495949,126.956091,0.07,290.8,0,290.8,0,0.0,0,0.00,9.69,3.35,1.0000,27.21,0.911,0,151178,0.000,1,290.8,"-0.44,0.43,9.67","-1.2,-3.1,-0.4","9.150,4.200,21.300",0.07,0.17,0.00,0,13263,8671,9,1.28,37.495950,126.956091,1379,0,0,0,-1.00,0.00,999.00,0.0,0,0,0,0,-55,-58.6,8671,193,3,1.93,0,0,0.00,0.00,1,5.060,5.292,-0.013,nan,106,6737,159,1,0,100,3.000,0.234,0,6735,0
17:08:04,18.684,1394696,1394696,0,0,1,37.495950,126.956091,0.04,290.8,0,290.8,0,0.0,0,0.00,9.69,1.67,0.9998,25.55,0.914,0,151181,0.021,1,290.8,"-0.44,0.28,9.68","1.0,0.6,-1.2","8.550,4.050,19.650",0.09,0.20,0.00,0,13263,8671,9,1.14,37.495951,126.956091,1380,0,0,0,-1.00,0.00,999.00,0.0,0,0,0,0,-55,-58.6,8671,221,3,1.93,0,0,0.00,0.00,1,5.060,5.292,-0.013,nan,134,6737,159,1,0,100,3.000,0.234,0,6735,0
17:08:04,18.716,1394717,1394717,0,0,1,37.495950,126.956091,0.04,290.8,0,290.8,0,0.0,0,0.00,9.74,1.55,0.9999,26.24,0.897,0,151183,0.021,1,290.8,"-0.51,0.40,9.72","0.6,0.3,-1.4","8.550,3.600,20.400",0.11,0.11,0.00,0,13264,8671,9,1.14,37.495951,126.956091,1380,0,0,0,-1.00,0.00,999.00,0.0,0,0,0,0,-55,-58.6,8671,242,3,1.93,0,0,0.00,0.00,1,5.060,5.292,-0.013,nan,155,6737,159,1,0,100,3.000,0.234,0,6735,0
17:08:04,18.716,1394739,1394739,0,0,1,37.495950,126.956091,0.04,290.8,0,290.8,0,0.0,0,0.00,9.69,4.12,0.9999,27.39,0.964,0,151185,0.021,1,290.8,"-0.34,0.36,9.68","-2.9,0.5,-2.8","8.700,5.850,21.300",0.07,0.07,0.00,0,13264,8672,9,1.14,37.495951,126.956091,1380,0,0,0,-1.00,0.00,999.00,0.0,0,0,0,0,-57,-58.3,8672,20,3,1.88,0,0,0.00,0.00,1,5.060,5.292,-0.013,nan,177,6737,159,1,0,100,3.000,0.234,0,6735,0
17:08:04,18.721,1394762,1394760,0,0,1,37.495950,126.956091,0.04,290.8,0,290.8,0,0.0,0,0.00,9.83,1.89,0.9998,27.10,0.963,0,151187,0.021,1,290.8,"-0.43,0.32,9.82","1.0,-1.2,-1.0","9.450,5.850,21.000",0.14,0.15,0.00,0,13264,8672,9,1.14,37.495951,126.956091,1380,0,0,0,-1.00,0.00,999.00,0.0,0,0,0,0,-57,-58.3,8672,43,3,1.88,0,0,0.00,0.00,1,5.090,5.303,-0.026,nan,0,6738,159,1,0,100,3.000,0.234,0,6736,0
17:08:04,18.938,1394783,1394783,0,0,1,37.495950,126.956091,0.04,290.8,0,290.8,0,0.0,0,0.00,9.73,1.00,0.9999,27.78,0.905,0,151189,0.021,1,290.8,"-0.36,0.34,9.72","-0.2,-0.6,0.8","8.850,4.050,21.900",0.06,0.09,0.00,0,13264,8672,9,1.14,37.495951,126.956091,1380,0,0,0,-1.00,0.00,999.00,0.0,0,0,0,0,-57,-58.3,8672,64,3,1.88,0,0,0.00,0.00,1,5.090,5.303,-0.026,nan,21,6738,159,1,0,100,3.000,0.234,0,6736,0
17:08:04,19.152,1395066,1395066,0,0,1,37.495950,126.956091,0.04,290.8,0,290.8,0,0.0,0,0.00,9.66,4.00,0.9998,25.48,0.930,0,151219,0.021,1,290.8,"-0.45,0.31,9.65","-0.5,3.6,-1.7","10.200,4.650,19.500",0.08,0.11,0.00,0,13267,8675,9,1.14,37.495951,126.956091,1380,0,0,0,-1.00,0.00,999.00,0.0,0,0,0,0,-55,-56.5,8675,28,3,1.58,0,0,0.00,0.00,1,5.120,5.311,-0.029,nan,101,6739,159,1,0,100,3.000,0.234,0,6737,0
17:08:04,19.196,1395120,1395119,0,0,1,37.495950,126.956091,0.04,290.8,0,290.8,0,0.0,0,0.00,9.76,1.94,1.0000,25.16,0.973,0,151225,0.021,1,290.8,"-0.43,0.50,9.74","1.8,0.6,0.4","8.400,5.850,19.050",0.15,0.15,0.00,0,13268,8675,9,1.14,37.495951,126.956091,1380,0,0,0,-1.00,0.00,999.00,0.0,0,0,0,0,-55,-56.5,8675,82,3,1.58,0,0,0.00,0.00,1,5.120,5.311,-0.029,nan,155,6739,159,1,0,100,3.000,0.234,0,6737,0
17:08:04,19.197,1395146,1395146,0,0,1,37.495950,126.956091,0.04,290.8,0,290.8,0,0.0,0,0.00,9.73,0.63,1.0000,25.98,0.953,0,151228,0.021,1,290.8,"-0.45,0.41,9.71","0.1,0.2,-0.6","7.800,5.250,19.950",0.08,0.15,0.00,0,13268,8675,9,1.14,37.495951,126.956091,1380,0,0,0,-1.00,0.00,999.00,0.0,0,0,0,0,-55,-56.5,8675,108,3,1.58,0,0,0.00,0.00,1,5.120,5.311,-0.029,nan,181,6739,159,1,0,100,3.000,0.234,0,6737,0
17:08:04,19.197,1395168,1395168,0,0,1,37.495950,126.956091,0.04,290.8,0,290.8,0,0.0,0,0.00,9.74,4.03,0.9999,26.03,0.966,0,151230,0.021,1,290.8,"-0.45,0.37,9.72","-1.8,1.3,-3.4","8.100,5.700,19.950",0.06,0.06,0.00,0,13268,8675,9,1.14,37.495951,126.956091,1380,0,0,0,-1.00,0.00,999.00,0.0,0,0,0,0,-55,-56.5,8675,130,3,1.58,0,0,0.00,0.00,1,5.080,5.315,-0.028,nan,8,6740,159,1,0,100,3.000,0.234,0,6738,0
17:08:04,19.197,1395194,1395194,0,0,1,37.495950,126.956091,0.04,290.8,0,290.8,0,0.0,0,0.00,9.83,1.38,0.9999,27.26,0.969,0,151233,0.021,1,290.8,"-0.47,0.34,9.82","-0.7,-0.3,-1.2","8.850,6.000,21.150",0.14,0.14,0.00,0,13268,8676,9,1.14,37.495951,126.956091,1380,0,0,0,-1.00,0.00,999.00,0.0,0,0,0,0,-57,-56.6,8676,8,3,1.60,0,0,0.00,0.00,1,5.080,5.315,-0.028,nan,34,6740,159,1,0,100,3.000,0.234,0,6738,0
17:08:04,19.198,1395222,1395221,0,0,1,37.495950,126.956091,0.04,290.8,0,290.8,0,0.0,0,0.00,9.74,2.11,1.0000,25.47,0.931,0,151236,0.021,1,290.8,"-0.44,0.41,9.73","1.2,0.5,-1.6","9.150,4.650,19.500",0.07,0.16,0.00,0,13269,8676,9,1.14,37.495951,126.956091,1380,0,0,0,-1.00,0.00,999.00,0.0,0,0,0,0,-57,-56.6,8676,36,3,1.60,0,0,0.00,0.00,1,5.080,5.315,-0.028,nan,62,6740,159,1,0,100,3.000,0.234,0,6738,0
17:08:04,19.198,1395241,1395241,0,0,1,37.495950,126.956091,0.04,290.8,0,290.8,0,0.0,0,0.00,9.75,2.83,1.0000,27.09,0.920,0,151238,0.021,1,290.8,"-0.49,0.52,9.73","0.8,-1.4,2.3","9.600,4.500,21.150",0.18,0.18,0.00,0,13269,8676,9,1.14,37.495951,126.956091,1380,0,0,0,-1.00,0.00,999.00,0.0,0,0,0,0,-57,-56.6,8676,55,3,1.60,0,0,0.00,0.00,1,5.080,5.315,-0.028,nan,81,6740,159,1,0,100,3.000,0.234,0,6738,0
17:08:05,19.301,1395294,1395294,0,0,1,37.495950,126.956091,0.04,290.8,0,290.8,0,0.0,0,0.00,9.69,1.60,1.0000,24.94,0.909,0,151244,0.021,1,290.8,"-0.44,0.39,9.67","1.2,-0.0,-1.1","9.450,3.900,19.050",0.05,0.14,0.00,0,13269,8677,9,1.14,37.495951,126.956091,1380,0,0,0,-1.00,0.00,999.00,0.0,0,0,0,0,-59,-57.1,8677,46,3,1.67,0,0,0.00,0.00,1,5.080,5.315,-0.028,nan,134,6740,159,1,0,100,3.000,0.234,0,6738,0
17:08:05,19.349,1395320,1395320,0,0,1,37.495950,126.956091,0.04,290.8,0,290.8,0,0.0,0,0.00,9.64,2.15,0.9999,25.90,0.969,0,151247,0.021,1,290.8,"-0.35,0.39,9.62","-0.0,0.5,-2.1","8.700,5.850,19.800",0.09,0.13,0.00,0,13269,8677,9,1.14,37.495951,126.956091,1380,0,0,0,-1.00,0.00,999.00,0.0,0,0,0,0,-59,-57.1,8677,72,3,1.67,0,0,0.00,0.00,1,5.080,5.315,-0.028,nan,160,6740,159,1,0,100,3.000,0.234,0,6738,0
17:08:05,19.653,1395340,1395339,0,0,1,37.495950,126.956091,0.04,290.8,0,290.8,0,0.0,0,0.00,9.71,0.32,1.0000,26.59,0.955,0,151249,0.021,1,290.8,"-0.45,0.42,9.69","-0.2,0.2,-0.1","7.950,5.400,20.550",0.07,0.07,0.00,0,13270,8677,9,1.14,37.495951,126.956091,1380,0,0,0,-1.00,0.00,999.00,0.0,0,0,0,0,-59,-57.1,8677,92,3,1.67,0,0,0.00,0.00,1,5.080,5.315,-0.028,nan,180,6740,159,1,0,100,3.000,0.234,0,6738,0
17:08:05,19.923,1395784,1395773,0,0,1,37.495951,126.956089,0.04,290.8,0,290.8,0,0.0,0,0.00,9.83,3.02,0.9998,25.67,0.957,0,151294,0.031,1,290.8,"-0.30,0.35,9.82","0.9,-2.8,-0.4","7.050,5.250,19.650",0.15,0.15,0.00,0,13274,8679,9,1.15,37.495953,126.956086,1381,0,0,0,-1.00,0.00,999.00,0.0,0,0,0,0,-51,-55.4,8679,15,4,1.42,0,0,0.00,0.00,1,5.080,5.315,-0.009,nan,20,6743,159,1,0,100,3.000,0.234,0,6741,0
17:08:05,19.978,1395804,1395804,0,0,1,37.495951,126.956089,0.04,290.8,0,290.8,0,0.0,0,0.00,9.60,3.60,0.9999,25.90,0.926,0,151296,0.031,1,290.8,"-0.39,0.38,9.59","2.3,1.6,-2.3","8.850,4.500,19.950",0.11,0.11,0.00,0,13274,8679,9,1.15,37.495953,126.956086,1381,0,0,0,-1.00,0.00,999.00,0.0,0,0,0,0,-51,-55.4,8679,35,4,1.42,0,0,0.00,0.00,1,5.080,5.315,-0.009,nan,40,6743,159,1,0,100,3.000,0.234,0,6741,0
17:08:05,19.978,1395832,1395831,0,0,1,37.495951,126.956089,0.04,290.8,0,290.8,0,0.0,0,0.00,9.62,3.00,1.0000,24.99,0.968,0,151299,0.031,1,290.8,"-0.43,0.45,9.60","2.9,-0.5,0.2","8.550,5.700,18.900",0.13,0.13,0.00,0,13274,8679,9,1.15,37.495953,126.956086,1381,0,0,0,-1.00,0.00,999.00,0.0,0,0,0,0,-51,-55.4,8679,63,4,1.42,0,0,0.00,0.00,1,5.080,5.315,-0.009,nan,68,6743,159,1,0,100,3.000,0.234,0,6741,0
17:08:05,19.979,1395880,1395879,0,0,1,37.495951,126.956089,0.04,290.8,0,290.8,0,0.0,0,0.00,9.60,0.77,0.9999,26.30,0.952,0,151304,0.031,1,290.8,"-0.34,0.42,9.58","-0.3,0.7,-0.1","9.150,5.400,20.250",0.13,0.13,0.00,0,13275,8680,9,1.15,37.495953,126.956086,1381,0,0,0,-1.00,0.00,999.00,0.0,0,0,0,0,-52,-54.7,8680,4,4,1.33,0,0,0.00,0.00,1,5.080,5.315,-0.009,nan,116,6743,159,1,0,100,3.000,0.234,0,6741,0
17:08:05,19.979,1396006,1396006,0,0,1,37.495951,126.956089,0.04,290.8,0,290.8,0,0.0,0,0.00,9.79,1.10,0.9999,27.44,0.927,0,151317,0.031,1,290.8,"-0.47,0.35,9.77","-1.0,0.0,0.5","10.800,4.800,21.450",0.12,0.13,0.00,0,13276,8681,9,1.15,37.495953,126.956086,1381,0,0,0,-1.00,0.00,999.00,0.0,0,0,0,0,-52,-54.2,8681,28,4,1.26,0,0,0.00,0.00,1,5.060,5.308,0.004,nan,35,6744,159,1,0,100,3.000,0.234,0,6742,0
17:08:05,19.980,1396032,1396032,0,0,1,37.495951,126.956089,0.04,290.8,0,290.8,0,0.0,0,0.00,9.67,2.08,0.9998,25.60,0.928,0,151320,0.031,1,290.8,"-0.39,0.31,9.66","1.5,-1.4,0.2","8.550,4.500,19.650",0.07,0.09,0.00,0,13276,8681,9,1.15,37.495953,126.956086,1381,0,0,0,-1.00,0.00,999.00,0.0,0,0,0,0,-52,-54.2,8681,54,4,1.26,0,0,0.00,0.00,1,5.060,5.308,0.004,nan,61,6744,159,1,0,100,3.000,0.234,0,6742,0
17:08:05,19.980,1396060,1396060,0,0,1,37.495951,126.956089,0.04,290.8,0,290.8,0,0.0,0,0.00,9.79,2.83,0.9999,25.82,0.944,0,151323,0.031,1,290.8,"-0.38,0.39,9.78","-1.8,0.5,-2.1","9.450,5.100,19.800",0.08,0.09,0.00,0,13277,8681,9,1.15,37.495953,126.956086,1381,0,0,0,-1.00,0.00,999.00,0.0,0,0,0,0,-52,-54.2,8681,82,4,1.26,0,0,0.00,0.00,1,5.060,5.308,0.004,nan,89,6744,159,1,0,100,3.000,0.234,0,6742,0
17:08:05,19.980,1396086,1396086,0,0,1,37.495951,126.956089,0.04,290.8,0,290.8,0,0.0,0,0.00,9.71,3.36,1.0000,26.29,0.956,0,151326,0.031,1,290.8,"-0.35,0.49,9.69","3.2,0.8,0.6","7.950,5.400,20.250",0.13,0.13,0.00,0,13277,8681,9,1.15,37.495953,126.956086,1381,0,0,0,-1.00,0.00,999.00,0.0,0,0,0,0,-52,-54.2,8681,108,4,1.26,0,0,0.00,0.00,1,5.060,5.308,0.004,nan,115,6744,159,1,0,100,3.000,0.234,0,6742,0
17:08:05,20.085,1396112,1396112,0,0,1,37.495951,126.956089,0.04,290.8,0,290.8,0,0.0,0,0.00,9.74,2.90,0.9996,26.96,0.927,0,151329,0.031,1,290.8,"-0.52,0.23,9.73","-0.7,-2.8,0.1","8.700,4.650,21.000",0.20,0.20,0.00,0,13277,8681,9,1.15,37.495953,126.956086,1381,0,0,0,-1.00,0.00,999.00,0.0,0,0,0,0,-52,-54.2,8681,134,4,1.26,0,0,0.00,0.00,1,5.060,5.308,0.004,nan,141,6744,159,1,0,100,3.000,0.234,0,6742,0
17:08:05,20.125,1396139,1396139,0,0,1,37.495951,126.956089,0.04,290.8,0,290.8,0,0.0,0,0.00,9.67,1.80,0.9998,26.34,0.928,0,151332,0.031,1,290.8,"-0.29,0.35,9.66","0.8,-1.0,-1.3","7.800,4.500,20.400",0.11,0.11,0.00,0,13277,8681,9,1.15,37.495953,126.956086,1381,0,0,0,-1.00,0.00,999.00,0.0,0,0,0,0,-52,-54.2,8681,161,4,1.26,0,0,0.00,0.00,1,5.060,5.308,0.004,nan,168,6744,159,1,0,100,3.000,0.234,0,6742,0
17:08:05,20.125,1396190,1396190,0,0,1,37.495951,126.956089,0.04,290.8,0,290.8,0,0.0,0,0.00,9.75,1.77,0.9999,25.73,0.967,0,151337,0.031,1,290.8,"-0.53,0.42,9.73","-0.7,-1.3,-1.0","8.100,5.700,19.650",0.15,0.15,0.00,0,13278,8681,9,1.15,37.495953,126.956086,1381,0,0,0,-1.00,0.00,999.00,0.0,0,0,0,0,-52,-54.2,8681,212,4,1.26,0,0,0.00,0.00,1,5.150,5.303,0.010,nan,27,6745,159,1,0,100,3.000,0.234,0,6743,0
17:08:05,20.125,1396212,1396211,0,0,1,37.495951,126.956089,0.04,290.8,0,290.8,0,0.0,0,0.00,9.63,2.34,0.9998,27.53,0.957,0,151339,0.031,1,290.8,"-0.45,0.27,9.62","2.0,-1.0,0.8","9.300,5.700,21.450",0.14,0.14,0.00,0,13278,8682,9,1.15,37.495953,126.956086,1381,0,0,0,-1.00,0.00,999.00,0.0,0,0,0,0,-52,-53.7,8682,13,4,1.21,0,0,0.00,0.00,1,5.150,5.303,0.010,nan,49,6745,159,1,0,100,3.000,0.234,0,6743,0
17:08:05,20.126,1396237,1396237,0,0,1,37.495951,126.956089,0.04,290.8,0,290.8,0,0.0,0,0.00,9.65,3.90,1.0000,26.38,0.934,0,151342,0.031,1,290.8,"-0.47,0.51,9.63","1.3,-3.1,2.1","8.850,4.800,20.400",0.17,0.17,0.00,0,13278,8682,9,1.15,37.495953,126.956086,1381,0,0,0,-1.00,0.00,999.00,0.0,0,0,0,0,-52,-53.7,8682,38,4,1.21,0,0,0.00,0.00,1,5.150,5.303,0.010,nan,74,6745,159,1,0,100,3.000,0.234,0,6743,0
17:08:05,20.233,1396264,1396263,0,0,1,37.495951,126.956089,0.04,290.8,0,290.8,0,0.0,0,0.00,9.66,1.53,1.0000,26.64,0.927,0,151345,0.031,1,290.8,"-0.46,0.44,9.64","0.6,0.8,-1.2","7.800,4.500,20.700",0.11,0.12,0.00,0,13279,8682,9,1.15,37.495953,126.956086,1381,0,0,0,-1.00,0.00,999.00,0.0,0,0,0,0,-52,-53.7,8682,65,4,1.21,0,0,0.00,0.00,1,5.150,5.303,0.010,nan,101,6745,159,1,0,100,3.000,0.234,0,6743,0
17:08:06,20.273,1396283,1396283,0,0,1,37.495951,126.956089,0.04,290.8,0,290.8,0,0.0,0,0.00,9.65,3.98,0.9999,27.47,0.947,0,151347,0.031,1,290.8,"-0.49,0.37,9.63","2.8,-2.7,0.8","7.800,5.250,21.450",0.11,0.12,0.00,0,13279,8682,9,1.15,37.495953,126.956086,1381,0,0,0,-1.00,0.00,999.00,0.0,0,0,0,0,-52,-53.7,8682,84,4,1.21,0,0,0.00,0.00,1,5.150,5.303,0.010,nan,120,6745,159,1,0,100,3.000,0.234,0,6743,0
17:08:06,20.273,1396312,1396311,0,0,1,37.495951,126.956089,0.04,290.8,0,290.8,0,0.0,0,0.00,9.71,4.46,1.0000,25.98,0.949,0,151350,0.031,1,290.8,"-0.43,0.41,9.69","-0.7,1.0,-4.3","8.850,5.250,19.950",0.05,0.13,0.00,0,13279,8683,9,1.15,37.495953,126.956086,1381,0,0,0,-1.00,0.00,999.00,0.0,0,0,0,0,-53,-53.6,8683,9,4,1.20,0,0,0.00,0.00,1,5.150,5.303,0.010,nan,149,6745,159,1,0,100,3.000,0.234,0,6743,0
17:08:06,20.274,1396338,1396338,0,0,1,37.495951,126.956089,0.04,290.8,0,290.8,0,0.0,0,0.00,9.77,3.56,0.9999,27.53,0.957,0,151353,0.031,1,290.8,"-0.36,0.36,9.75","2.0,-2.7,1.2","9.600,5.700,21.450",0.07,0.14,0.00,0,13279,8683,9,1.15,37.495953,126.956086,1381,0,0,0,-1.00,0.00,999.00,0.0,0,0,0,0,-53,-53.6,8683,35,4,1.20,0,0,0.00,0.00,1,5.150,5.303,0.010,nan,175,6745,159,1,0,100,3.000,0.234,0,6743,0
17:08:06,20.274,1396360,1396356,0,0,1,37.495951,126.956089,0.04,290.8,0,290.8,0,0.0,0,0.00,9.80,1.90,0.9999,25.11,0.957,0,151355,0.031,1,290.8,"-0.33,0.40,9.78","1.5,-1.1,0.3","9.150,5.400,19.050",0.12,0.24,0.00,0,13279,8683,9,1.15,37.495953,126.956086,1381,0,0,0,-1.00,0.00,999.00,0.0,0,0,0,0,-53,-53.6,8683,57,4,1.20,0,0,0.00,0.00,1,5.110,5.307,0.001,nan,0,6746,159,1,0,100,3.000,0.234,0,6744,0
17:08:06,20.274,1396380,1396380,0,0,1,37.495951,126.956089,0.04,290.8,0,290.8,0,0.0,0,0.00,9.62,3.93,1.0000,26.26,0.948,0,151357,0.031,1,290.8,"-0.37,0.41,9.60","1.7,-3.5,0.6","7.500,5.100,20.250",0.11,0.15,0.00,0,13280,8683,9,1.15,37.495953,126.956086,1381,0,0,0,-1.00,0.00,999.00,0.0,0,0,0,0,-53,-53.6,8683,77,4,1.20,0,0,0.00,0.00,1,5.110,5.307,0.001,nan,20,6746,159,1,0,100,3.000,0.234,0,6744,0
17:08:06,20.374,1396400,1396400,0,0,1,37.495951,126.956089,0.04,290.8,0,290.8,0,0.0,0,0.00,9.70,2.51,0.9997,25.91,0.923,0,151359,0.031,1,290.8,"-0.27,0.32,9.69","-1.9,-0.1,-1.6","10.500,4.500,19.950",0.14,0.14,0.00,0,13280,8683,9,1.15,37.495953,126.956086,1381,0,0,0,-1.00,0.00,999.00,0.0,0,0,0,0,-53,-53.6,8683,97,4,1.20,0,0,0.00,0.00,1,5.110,5.307,0.001,nan,40,6746,159,1,0,100,3.000,0.234,0,6744,0
17:08:06,20.410,1396420,1396420,0,0,1,37.495951,126.956089,0.04,290.8,0,290.8,0,0.0,0,0.00,9.61,0.75,0.9998,25.64,0.935,0,151361,0.031,1,290.8,"-0.27,0.43,9.60","-0.4,-0.6,-0.3","9.600,4.800,19.650",0.17,0.17,0.00,0,13280,8684,9,1.15,37.495953,126.956086,1381,0,0,0,-1.00,0.00,999.00,0.0,0,0,0,0,-52,-53.3,8684,19,4,1.16,0,0,0.00,0.00,1,5.110,5.307,0.001,nan,60,6746,159,1,0,100,3.000,0.234,0,6744,0
17:08:06,20.469,1396516,1396515,0,0,1,37.495951,126.956089,0.04,290.8,0,290.8,0,0.0,0,0.00,9.84,3.35,0.9999,26.79,1.003,0,151370,0.031,1,290.8,"-0.37,0.39,9.82","2.2,-2.4,0.5","9.150,7.050,20.550",0.13,0.13,0.00,0,13281,8685,9,1.15,37.495953,126.956086,1381,0,0,0,-1.00,0.00,999.00,0.0,0,0,0,0,-54,-53.4,8685,2,4,1.18,0,0,0.00,0.00,1,5.110,5.307,0.001,nan,156,6746,159,1,0,100,3.000,0.234,0,6744,0
