pc_time,cane_seq,computed_level,effective_level,cane_node_risk,veh_node_risk,trusted,reason,target_id,distance_m,closing_mps,ttc_s,risk_score,rule_level,rule_reason,model_proba,level_source,cane_gps_valid,cane_lat,cane_lng,cane_speed_mps,cane_heading_deg,veh_gps_valid,veh_lat,veh_lng,veh_speed_mps,veh_heading_deg,rel_east_m,rel_north_m
1786956213.184,1967,2,2,0,0,1,change,0,19.41,-0.0,9999.0,25.0,0,ttc_capped,0.6233,model,1,37.496529,126.957924,0.145,0.0,1,37.496674,126.957802,0.011,92.57,-10.78,16.14
1786956213.386,1969,2,2,0,0,1,heartbeat,0,19.41,-0.0,9999.0,25.0,0,ttc_capped,0.6233,model,1,37.496529,126.957924,0.138,0.0,1,37.496674,126.957802,0.016,92.57,-10.78,16.14
1786956213.59,1971,2,2,2,2,1,heartbeat,0,19.41,-0.0,9999.0,25.0,0,ttc_capped,0.6233,model,1,37.496529,126.957924,0.134,0.0,1,37.496674,126.957802,0.018,92.57,-10.78,16.14
1786956213.794,1973,2,2,2,2,1,heartbeat,0,19.31,0.0,208471.32,5.6,0,ttc_capped,0.368,model,1,37.496532,126.957924,0.131,0.0,1,37.496674,126.957802,0.019,92.57,-10.78,16.03
1786956214.004,1975,2,2,2,2,1,heartbeat,0,19.27,0.0,256947.48,5.6,0,ttc_capped,0.368,model,1,37.496532,126.957924,0.132,0.0,1,37.496674,126.957802,0.023,92.57,-10.78,15.97
1786956214.206,1977,2,2,2,2,1,heartbeat,0,19.24,0.0,320028.24,5.6,0,ttc_capped,0.368,model,1,37.496532,126.957924,0.134,0.0,1,37.496674,126.957802,0.029,92.57,-10.78,15.94
1786956214.408,1979,2,2,2,2,1,heartbeat,0,19.19,0.0,320087.6,5.6,0,ttc_capped,0.3401,model,1,37.496536,126.957932,0.16,0.0,1,37.496674,126.957802,0.029,92.57,-10.83,15.84
1786956214.621,1981,2,2,2,2,1,heartbeat,0,19.19,0.0,1265980.0,5.6,0,ttc_capped,0.3401,model,1,37.496536,126.957932,0.169,0.0,1,37.496674,126.957802,0.029,92.57,-10.93,15.78
1786956214.83,1983,2,2,2,2,1,heartbeat,0,19.16,0.0,133749.38,5.6,0,ttc_capped,0.3401,model,1,37.49654,126.957932,0.182,0.0,1,37.496674,126.957802,0.029,92.57,-11.0,15.7
1786956215.035,1985,2,2,2,2,1,heartbeat,0,19.12,0.0,113383.61,5.6,0,ttc_capped,0.3401,model,1,37.49654,126.957932,0.195,0.0,1,37.496674,126.957802,0.029,92.57,-11.05,15.61
1786956215.251,1987,2,2,2,2,1,heartbeat,0,19.07,0.0,64008.46,5.6,0,ttc_capped,0.3401,model,1,37.496544,126.957932,0.203,0.0,1,37.496674,126.957802,0.029,92.57,-11.09,15.52
1786956215.458,1989,2,2,2,2,1,heartbeat,0,19.02,0.0,62821.51,5.6,0,ttc_capped,0.3401,model,1,37.496544,126.957932,0.204,0.0,1,37.496674,126.957802,0.029,92.57,-11.13,15.42
1786956215.67,1991,2,2,2,2,1,heartbeat,0,18.97,0.0,68010.39,5.6,0,ttc_capped,0.3401,model,1,37.496544,126.957932,0.201,0.0,1,37.496674,126.957802,0.029,92.57,-11.16,15.34
1786956215.88,1993,2,2,2,2,1,heartbeat,0,18.93,0.0,73997.03,5.6,0,ttc_capped,0.3401,model,1,37.496544,126.957932,0.199,0.0,1,37.496674,126.957802,0.029,92.57,-11.18,15.27
1786956216.082,1995,2,2,2,2,1,heartbeat,0,18.88,0.0,49056.56,5.6,0,ttc_capped,0.1164,table,1,37.496548,126.957932,0.192,0.0,1,37.496674,126.957802,0.029,92.57,-11.21,15.2
1786956216.285,1997,2,2,2,2,1,heartbeat,0,18.83,0.0,48556.61,5.6,0,ttc_capped,0.1164,table,1,37.496548,126.957932,0.19,0.0,1,37.496674,126.957802,0.029,92.57,-11.22,15.12
1786956216.49,1999,2,2,2,2,1,heartbeat,0,18.78,0.0,51792.18,5.6,0,ttc_capped,0.1164,table,1,37.496548,126.957932,0.176,0.0,1,37.496674,126.957802,0.029,92.57,-11.24,15.05
1786956216.699,2001,2,2,2,2,1,heartbeat,0,18.74,0.0,54669.17,5.6,0,ttc_capped,0.1164,table,1,37.496548,126.957932,0.174,0.0,1,37.496674,126.957802,0.029,92.57,-11.26,14.99
1786956216.91,2003,2,2,2,2,1,heartbeat,0,18.71,0.0,57856.8,5.6,0,ttc_capped,0.1164,table,1,37.496548,126.957932,0.178,0.0,1,37.496674,126.957802,0.029,92.57,-11.27,14.93
1786956217.124,2005,2,2,2,2,1,heartbeat,0,18.66,0.0,38986.29,5.6,0,ttc_capped,0.329,model,1,37.496552,126.957932,0.187,0.0,1,37.496674,126.957802,0.029,92.57,-11.28,14.86
1786956220.207,2034,0,0,2,0,1,change,0,18.26,-1.14,9999.0,25.0,0,ttc_capped,0.001,table,1,37.496559,126.957939,0.281,0.0,1,37.496708,126.957886,0.015,0.0,-4.45,17.71
1786956220.417,2036,0,0,0,0,1,heartbeat,0,18.38,-1.24,9999.0,25.0,0,ttc_capped,0.004,table,1,37.496559,126.957939,0.356,0.0,1,37.496708,126.957886,0.015,0.0,-3.87,17.97
1786956220.625,2038,0,0,0,0,1,heartbeat,0,18.47,-1.22,9999.0,25.0,0,ttc_capped,0.004,table,1,37.496555,126.957947,0.372,0.0,1,37.496708,126.957886,0.015,0.0,-3.54,18.13
1786956220.837,2040,0,0,0,0,1,heartbeat,0,18.54,-1.15,9999.0,25.0,0,ttc_capped,0.004,table,1,37.496555,126.957947,0.397,0.0,1,37.496708,126.957886,0.015,0.0,-3.3,18.25
1786956221.049,2042,0,0,0,0,1,heartbeat,0,18.58,-1.02,9999.0,25.0,0,ttc_capped,0.004,table,1,37.496555,126.957947,0.404,0.0,1,37.496708,126.957886,0.015,0.0,-3.17,18.31
1786956221.346,2045,0,0,0,0,1,heartbeat,0,18.77,-1.05,9999.0,25.0,0,ttc_capped,0.001,table,1,37.496555,126.957947,0.415,0.0,1,37.496708,126.957886,0.015,0.0,-2.61,18.59
1786956221.554,2047,0,0,0,0,1,heartbeat,0,18.98,-1.14,9999.0,25.0,0,ttc_capped,0.001,table,1,37.496555,126.957947,0.418,0.0,1,37.496708,126.957886,0.015,0.0,-2.04,18.87
1786956222.083,2051,0,0,0,0,1,heartbeat,0,18.83,-0.35,9999.0,25.0,0,ttc_capped,0.0007,table,1,37.496555,126.957947,0.413,0.0,1,37.496708,126.957878,0.018,0.0,-2.93,18.6
1786956222.284,2053,0,0,0,0,1,heartbeat,0,18.4,0.1,181.58,5.6,0,ttc_capped,0.0085,table,1,37.496555,126.957954,0.411,0.0,1,37.496704,126.957878,0.019,0.0,-4.28,17.89
1786956222.487,2055,0,0,0,0,1,heartbeat,0,18.15,0.27,67.71,5.6,0,ttc_capped,0.0022,table,1,37.496555,126.957954,0.406,0.0,1,37.496704,126.957878,0.064,0.0,-4.89,17.48
1786956222.689,2057,0,0,0,0,1,heartbeat,0,17.84,0.47,37.86,5.6,0,ttc_capped,0.0025,table,1,37.496555,126.957954,0.388,0.0,1,37.4967,126.957878,0.04,0.0,-5.25,17.05
1786956222.891,2059,0,0,0,0,1,heartbeat,0,17.64,0.54,32.85,5.6,0,ttc_capped,0.0037,table,1,37.496555,126.957954,0.362,0.0,1,37.4967,126.957878,0.04,0.0,-5.49,16.77
1786956223.102,2061,0,0,0,0,1,heartbeat,0,17.35,0.67,25.97,5.6,0,table,0.0027,table,1,37.496555,126.957954,0.342,0.0,1,37.496696,126.957878,0.064,0.0,-5.65,16.41
1786956223.35,2064,0,0,0,0,1,heartbeat,0,17.12,0.7,24.48,5.6,0,table,0.0026,table,1,37.496555,126.957954,0.352,0.0,1,37.496696,126.957878,0.05,0.0,-5.81,16.11
1786956223.558,2066,0,0,0,0,1,heartbeat,0,16.87,0.77,21.98,5.6,0,table,0.0033,table,1,37.496555,126.957954,0.355,0.0,1,37.496693,126.957878,0.066,0.0,-5.87,15.82
1786956223.768,2068,0,0,0,0,1,heartbeat,0,16.79,0.69,24.34,5.6,0,table,0.0029,table,1,37.496555,126.957962,0.375,0.0,1,37.496693,126.95787,0.092,0.0,-6.16,15.62
1786956223.98,2070,0,0,0,0,1,heartbeat,0,16.73,0.6,27.73,5.6,0,table,0.0029,table,1,37.496559,126.957962,0.345,0.0,1,37.496693,126.95787,0.092,0.0,-6.38,15.47
1786956224.19,2072,0,0,0,0,1,heartbeat,0,16.71,0.52,32.29,5.6,0,ttc_capped,0.0029,table,1,37.496559,126.957962,0.311,0.0,1,37.496693,126.95787,0.092,0.0,-6.54,15.38
1786956224.401,2074,0,0,0,0,1,heartbeat,0,16.7,0.44,38.3,5.6,0,ttc_capped,0.0029,table,1,37.496563,126.957962,0.303,0.0,1,37.496693,126.95787,0.092,0.0,-6.66,15.31
1786956224.615,2076,0,0,0,0,1,heartbeat,0,16.7,0.36,46.35,5.6,0,ttc_capped,0.0029,table,1,37.496563,126.957962,0.307,0.0,1,37.496693,126.95787,0.092,0.0,-6.74,15.27
1786956224.82,2077,0,0,0,0,1,heartbeat,0,16.75,0.27,62.62,5.6,0,ttc_capped,0.0098,table,1,37.496563,126.957962,0.307,0.0,1,37.496693,126.95787,0.092,0.0,-6.71,15.35
1786956225.03,2079,0,0,0,0,1,heartbeat,0,16.75,0.21,79.01,5.6,0,ttc_capped,0.0098,table,1,37.496563,126.957954,0.313,0.0,1,37.496693,126.95787,0.092,0.0,-6.73,15.34
1786956225.245,2082,0,0,0,0,1,heartbeat,0,16.73,0.16,102.38,5.6,0,ttc_capped,0.0023,table,1,37.496571,126.957954,0.397,0.0,1,37.496693,126.95787,0.092,0.0,-6.75,15.3
1786956225.456,2084,0,0,0,0,1,heartbeat,0,16.71,0.12,137.04,5.6,0,ttc_capped,0.0023,table,1,37.496574,126.957954,0.417,0.0,1,37.496693,126.95787,0.092,0.0,-6.75,15.29
1786956225.672,2086,0,0,0,0,1,heartbeat,0,16.72,0.09,191.38,5.6,0,ttc_capped,0.0027,table,1,37.496574,126.957954,0.4,0.0,1,37.496693,126.95787,0.092,0.0,-6.74,15.3
1786956225.878,2088,0,0,0,0,1,heartbeat,0,16.69,0.06,288.98,5.6,0,ttc_capped,0.0027,table,1,37.496578,126.957954,0.385,0.0,1,37.496693,126.95787,0.092,0.0,-6.72,15.28
1786956226.09,2090,0,0,0,0,1,heartbeat,0,16.67,0.03,494.2,5.6,0,ttc_capped,0.0008,table,1,37.496578,126.957954,0.353,0.0,1,37.496693,126.95787,0.092,0.0,-6.71,15.26
1786956226.3,2092,0,0,0,0,1,heartbeat,0,16.64,0.01,1118.25,5.6,0,ttc_capped,0.0029,table,1,37.496582,126.957954,0.314,0.0,1,37.496693,126.95787,0.092,0.0,-6.7,15.23
1786956226.514,2094,0,0,0,0,1,heartbeat,0,16.6,0.0,39862.79,5.6,0,ttc_capped,0.0067,table,1,37.496582,126.957954,0.312,0.0,1,37.496693,126.95787,0.092,0.0,-6.69,15.2
1786956226.723,2096,0,0,0,0,1,heartbeat,0,16.54,0.0,42050.72,5.6,0,ttc_capped,0.0071,table,1,37.496586,126.957954,0.311,0.0,1,37.496693,126.95787,0.092,0.0,-6.71,15.12
1786956232.211,2147,0,0,0,0,1,heartbeat,0,16.16,-1.65,9999.0,25.0,0,ttc_capped,0.0007,table,1,37.496613,126.957977,0.28,336.5,1,37.49633,126.958,0.401,154.9,0.99,-16.13
1786956232.416,2149,0,0,0,0,1,heartbeat,0,22.58,-0.76,9999.0,18.0,0,ttc_capped,0.0035,table,1,37.496613,126.957977,0.252,334.91,1,37.49633,126.958,0.401,154.9,2.76,-22.41
1786956232.621,2150,0,0,0,0,1,heartbeat,0,24.51,-0.51,9999.0,18.0,0,ttc_capped,0.0007,table,1,37.496613,126.957977,0.207,334.62,1,37.496326,126.958,0.401,154.9,3.24,-24.3
1786956232.832,2152,0,0,0,0,1,heartbeat,0,25.52,-0.43,9999.0,18.0,0,ttc_capped,0.0012,table,1,37.496613,126.957977,0.182,334.62,1,37.496326,126.958,0.401,154.9,3.47,-25.28
1786956233.041,2155,0,0,0,0,1,heartbeat,0,26.17,-0.41,9999.0,18.0,0,ttc_capped,0.0008,table,1,37.496613,126.957977,0.172,334.62,1,37.496326,126.958,0.401,154.9,3.57,-25.93
1786956233.243,2157,0,0,0,0,1,heartbeat,0,26.64,-0.4,9999.0,18.0,0,ttc_capped,0.0008,table,1,37.496613,126.957977,0.173,334.62,1,37.496326,126.958,0.401,154.9,3.63,-26.39
1786956233.45,2159,0,0,0,0,1,heartbeat,0,26.97,-0.39,9999.0,18.0,0,ttc_capped,0.0008,table,1,37.496616,126.957977,0.188,334.62,1,37.496326,126.958,0.401,154.9,3.68,-26.72
1786956233.657,2161,0,0,0,0,1,heartbeat,0,27.29,-0.39,9999.0,18.0,0,ttc_capped,0.0008,table,1,37.49662,126.957977,0.192,334.62,1,37.496326,126.958,0.401,154.9,3.7,-27.03
1786956233.867,2162,0,0,0,0,1,heartbeat,0,27.51,-0.39,9999.0,18.0,0,ttc_capped,0.0008,table,1,37.49662,126.957977,0.192,334.62,1,37.496326,126.958,0.401,154.9,3.73,-27.26
1786956234.078,2165,0,0,0,0,1,heartbeat,0,27.77,-0.39,9999.0,18.0,0,ttc_capped,0.0008,table,1,37.496624,126.957977,0.228,339.63,1,37.496326,126.958,0.401,154.9,3.73,-27.52
1786956234.285,2167,0,0,0,0,1,heartbeat,0,27.96,-0.09,9999.0,18.0,0,ttc_capped,0.0063,table,1,37.496624,126.957977,0.24,342.31,1,37.496326,126.958,0.401,305.51,3.7,-27.71
1786956234.495,2169,0,0,0,0,1,heartbeat,0,28.01,0.18,155.52,4.2,0,ttc_capped,0.0201,table,1,37.496624,126.957977,0.259,344.79,1,37.496326,126.958,0.401,311.7,3.63,-27.78
1786956234.751,2172,0,0,0,0,1,heartbeat,0,28.09,0.27,102.36,4.2,0,ttc_capped,0.0215,table,1,37.496624,126.957977,0.278,347.2,1,37.496326,126.958,0.401,317.09,3.54,-27.86
1786956234.965,2174,0,0,0,0,1,heartbeat,0,28.11,0.3,92.77,4.2,0,ttc_capped,0.0215,table,1,37.496624,126.957977,0.289,347.2,1,37.496326,126.958,0.401,315.83,3.48,-27.9
1786956235.173,2176,0,0,0,0,1,heartbeat,0,28.2,0.31,91.64,4.2,0,ttc_capped,0.0215,table,1,37.496628,126.957977,0.276,347.2,1,37.496326,126.958,0.401,314.89,3.4,-28.0
1786956237.221,2195,0,0,0,0,1,heartbeat,0,9.45,-32.28,9999.0,30.0,0,ttc_capped,0.0008,table,1,37.496643,126.95797,0.226,354.12,1,37.496704,126.957886,0.247,0.0,-5.48,7.7
1786956237.425,2197,0,0,0,0,1,heartbeat,0,15.88,-33.76,9999.0,25.0,0,ttc_capped,0.0061,table,1,37.496647,126.95797,0.298,355.22,1,37.496704,126.957886,0.247,0.0,-7.03,14.24
1786956237.631,2199,0,0,0,0,1,heartbeat,0,19.16,-31.48,9999.0,25.0,0,ttc_capped,0.0023,table,1,37.496651,126.95797,0.302,355.88,1,37.496704,126.957886,0.247,0.0,-7.82,17.49
1786956237.837,2201,0,0,0,0,1,heartbeat,0,21.36,-28.8,9999.0,18.0,0,ttc_capped,0.0023,table,1,37.496651,126.95797,0.288,355.76,1,37.496704,126.957886,0.247,0.0,-8.37,19.65
1786956238.049,2203,0,0,0,0,1,heartbeat,0,22.84,-25.92,9999.0,18.0,0,ttc_capped,0.0023,table,1,37.496655,126.95797,0.276,354.83,1,37.4967,126.957886,0.247,0.0,-8.79,21.08
1786956238.273,2205,0,0,0,0,1,heartbeat,0,23.98,-22.96,9999.0,18.0,0,ttc_capped,0.0023,table,1,37.496655,126.957962,0.267,354.32,1,37.4967,126.957886,0.293,0.0,-9.09,22.2
1786956238.481,2207,0,0,0,0,1,heartbeat,0,24.29,-20.04,9999.0,18.0,0,ttc_capped,0.0023,table,1,37.496658,126.957962,0.257,352.73,1,37.4967,126.957886,0.293,0.0,-9.19,22.48
1786956238.687,2209,0,0,0,0,1,heartbeat,0,24.1,-17.17,9999.0,18.0,0,ttc_capped,0.0023,table,1,37.496658,126.957962,0.242,350.65,1,37.4967,126.957886,0.293,0.0,-9.19,22.27
1786956238.895,2211,0,0,0,0,1,heartbeat,0,23.59,-14.39,9999.0,18.0,0,ttc_capped,0.0023,table,1,37.496658,126.957962,0.231,347.63,1,37.4967,126.957886,0.293,0.0,-9.12,21.76
1786956239.188,2214,0,0,0,0,1,heartbeat,0,25.53,-13.05,9999.0,18.0,0,ttc_capped,0.0008,table,1,37.496662,126.957962,0.221,341.05,1,37.4967,126.957886,0.293,0.0,-9.62,23.64
1786956239.391,2215,0,0,0,0,1,heartbeat,0,21.81,-8.49,9999.0,18.0,0,ttc_capped,0.0033,table,1,37.496662,126.957962,0.221,338.79,1,37.4967,126.957886,0.301,0.0,-8.79,19.96
1786956239.594,2216,0,0,0,0,1,heartbeat,0,20.36,-6.11,9999.0,18.0,0,ttc_capped,0.0027,table,1,37.496662,126.957962,0.21,336.8,1,37.4967,126.957886,0.301,0.0,-8.47,18.51
1786956239.801,2219,0,0,0,0,1,heartbeat,0,18.93,-4.14,9999.0,25.0,0,ttc_capped,0.0027,table,1,37.496662,126.957962,0.176,331.46,1,37.4967,126.957886,0.301,0.0,-8.17,17.07
1786956240.014,2221,0,0,0,0,1,heartbeat,0,17.59,-2.54,9999.0,25.0,0,ttc_capped,0.003,table,1,37.496662,126.957962,0.143,328.82,1,37.4967,126.957886,0.301,0.0,-7.89,15.72
1786956240.222,2222,0,0,0,0,1,heartbeat,0,16.41,-1.29,9999.0,25.0,0,ttc_capped,0.0045,table,1,37.496666,126.957962,0.149,327.42,1,37.4967,126.957886,0.351,0.0,-7.63,14.53
1786956240.424,2225,0,0,0,0,1,heartbeat,0,15.37,-0.35,9999.0,25.0,0,ttc_capped,0.0045,table,1,37.496666,126.957962,0.156,323.07,1,37.4967,126.957886,0.351,0.0,-7.4,13.47
1786956240.626,2227,0,0,0,0,1,heartbeat,0,14.42,0.32,44.95,18.05,0,ttc_capped,0.0173,table,1,37.496666,126.957962,0.17,322.75,1,37.4967,126.957886,0.351,0.0,-7.21,12.49
1786956240.834,2229,0,0,0,0,1,heartbeat,0,13.62,0.78,17.47,19.54,0,table,0.0232,table,1,37.496666,126.957962,0.163,320.99,1,37.4967,126.957886,0.351,0.0,-7.05,11.65
1786956241.036,2231,0,0,0,0,1,heartbeat,0,12.93,1.07,12.1,19.78,0,table,0.0021,table,1,37.49667,126.957954,0.142,320.54,1,37.4967,126.957886,0.351,0.0,-6.91,10.94
1786956241.144,2232,1,1,0,0,1,change,0,12.63,1.16,10.87,25.49,1,table,0.0013,table,1,37.49667,126.957954,0.142,319.56,1,37.4967,126.957886,0.351,0.0,-6.84,10.62
1786956241.35,2234,1,1,1,1,1,heartbeat,0,12.22,1.19,10.28,26.8,1,table,0.0035,table,1,37.49667,126.957954,0.141,317.96,1,37.496704,126.957886,0.255,0.0,-6.73,10.2
1786956241.552,2236,1,1,1,1,1,heartbeat,0,11.96,1.16,10.32,27.74,1,table,0.0018,table,1,37.49667,126.957954,0.164,317.96,1,37.496704,126.957886,0.255,0.0,-6.65,9.94
1786956241.754,2238,1,1,1,1,1,heartbeat,0,11.7,1.09,10.77,28.39,1,table,0.0017,table,1,37.49667,126.957954,0.189,317.96,1,37.496704,126.957886,0.255,0.0,-6.59,9.67
1786956241.958,2240,1,1,1,1,1,heartbeat,0,11.55,0.99,11.67,28.96,1,table,0.0012,table,1,37.49667,126.957954,0.204,312.27,1,37.496704,126.957886,0.255,0.0,-6.54,9.52
1786956242.17,2242,1,1,1,1,1,heartbeat,0,11.38,0.87,13.04,22.87,1,table,0.0034,table,1,37.49667,126.957954,0.21,310.8,1,37.496704,126.957886,0.255,0.0,-6.51,9.33
1786956242.461,2245,1,1,1,1,1,heartbeat,0,11.18,0.75,14.85,23.16,1,table,0.0045,table,1,37.49667,126.957954,0.208,310.56,1,37.496704,126.957886,0.255,0.0,-6.46,9.13
1786956242.671,2246,1,1,1,1,1,heartbeat,0,11.21,0.58,19.44,23.71,1,table,0.0095,table,1,37.49667,126.957954,0.208,310.56,1,37.496704,126.957886,0.255,0.0,-6.47,9.16
1786956242.874,2246,1,1,1,1,1,heartbeat,0,11.24,0.47,23.97,24.14,1,table,0.0095,table,1,37.49667,126.957954,0.208,310.56,1,37.496704,126.957886,0.255,0.0,-6.48,9.19
1786956243.077,2250,1,1,1,1,1,heartbeat,0,11.17,0.37,30.13,24.48,0,ttc_capped,0.0095,table,1,37.49667,126.957954,0.275,309.84,1,37.496704,126.957886,0.255,0.0,-6.47,9.1
1786956243.282,2251,1,1,1,1,1,heartbeat,0,11.16,0.28,39.51,25.02,0,ttc_capped,0.0095,table,1,37.49667,126.957954,0.275,309.84,1,37.496704,126.957886,0.255,0.0,-6.48,9.08
1786956243.514,2255,1,1,1,1,1,heartbeat,0,11.03,0.21,53.54,25.58,0,ttc_capped,0.0045,table,1,37.49667,126.957954,0.3,308.92,1,37.496704,126.957886,0.255,0.0,-6.47,8.94
1786956243.724,2257,1,1,1,1,1,heartbeat,0,10.97,0.14,76.93,26.47,0,ttc_capped,0.0053,table,1,37.496674,126.957954,0.319,308.92,1,37.496704,126.957886,0.255,0.0,-6.47,8.86
1786956243.94,2259,1,1,1,1,1,heartbeat,0,10.9,0.09,120.74,28.0,0,ttc_capped,0.0053,table,1,37.496674,126.957954,0.333,305.54,1,37.496704,126.957886,0.255,0.0,-6.47,8.78
1786956244.148,2261,1,1,1,1,1,heartbeat,0,10.84,0.05,224.91,28.0,0,ttc_capped,0.0058,table,1,37.496677,126.957954,0.348,305.23,1,37.496704,126.957886,0.255,0.0,-6.47,8.69
1786956247.242,2290,0,0,1,0,1,change,0,22.23,-0.64,9999.0,18.0,0,ttc_capped,0.0008,table,1,37.496693,126.957954,0.288,327.07,1,37.496475,126.957535,0.818,23.88,-21.63,-5.13
1786956247.446,2292,0,0,0,0,1,heartbeat,0,31.46,0.14,224.23,4.2,0,ttc_capped,0.061,table,1,37.496696,126.957954,0.295,326.27,1,37.496475,126.957535,0.818,23.88,-29.25,-11.58
1786956247.656,2294,0,0,0,0,1,heartbeat,0,34.53,0.43,79.53,4.2,0,ttc_capped,0.0218,table,1,37.496696,126.957947,0.293,325.93,1,37.496479,126.957542,0.818,23.88,-31.69,-13.73
1786956247.868,2296,0,0,0,0,1,heartbeat,0,36.05,0.54,67.09,4.2,0,ttc_capped,0.0046,table,1,37.496696,126.957947,0.286,325.4,1,37.496483,126.957542,0.818,23.88,-32.88,-14.78
1786956248.074,2298,0,0,0,0,1,heartbeat,0,36.94,0.57,64.6,4.2,0,ttc_capped,0.0052,table,1,37.496696,126.957947,0.281,325.08,1,37.496483,126.957542,0.818,23.88,-33.58,-15.38
1786956248.365,2300,2,2,0,0,1,change,0,37.12,0.88,42.4,4.2,0,ttc_capped,0.6156,model,1,37.496696,126.957947,0.266,324.37,1,37.496494,126.957581,1.368,23.63,-33.7,-15.58
1786956248.57,2301,2,2,0,2,1,heartbeat,0,36.96,0.99,37.52,4.2,0,ttc_capped,0.0122,table,1,37.496696,126.957947,0.266,324.03,1,37.496498,126.957581,1.368,23.63,-33.53,-15.56
1786956248.794,2305,2,2,2,2,1,heartbeat,0,36.77,1.02,36.22,4.2,0,ttc_capped,0.019,table,1,37.496696,126.957947,0.235,324.16,1,37.496498,126.957588,1.368,23.63,-33.31,-15.58
1786956249.004,2307,2,2,2,2,1,heartbeat,0,36.56,1.03,35.66,4.2,0,ttc_capped,0.0212,table,1,37.496696,126.957947,0.227,326.85,1,37.496502,126.957588,1.368,23.63,-33.1,-15.51
1786956249.293,2307,2,2,2,2,1,heartbeat,0,36.27,1.02,35.45,4.2,0,ttc_capped,0.0136,table,1,37.496696,126.957947,0.227,326.85,1,37.496502,126.957588,1.368,23.63,-32.9,-15.26
1786956249.535,2312,2,2,2,2,1,heartbeat,0,36.08,1.02,35.28,4.2,0,ttc_capped,0.0136,table,1,37.4967,126.957947,0.241,330.91,1,37.496502,126.957588,1.368,23.63,-32.73,-15.18
1786956249.747,2314,2,2,2,2,1,heartbeat,0,35.92,1.02,35.21,4.2,0,ttc_capped,0.0193,table,1,37.4967,126.957947,0.254,330.91,1,37.496502,126.957588,1.368,23.63,-32.59,-15.1
1786956249.96,2316,2,2,2,2,1,heartbeat,0,35.76,1.02,35.1,4.2,0,ttc_capped,0.0136,table,1,37.4967,126.957947,0.25,330.91,1,37.496502,126.957588,1.368,23.63,-32.46,-15.02
1786956250.169,2318,2,2,2,2,1,heartbeat,0,35.66,1.02,35.0,4.2,0,ttc_capped,0.0193,table,1,37.496704,126.957947,0.256,339.57,1,37.496502,126.957588,1.368,23.63,-32.34,-15.03
1786956250.379,2320,2,2,2,2,1,heartbeat,0,36.06,-0.61,9999.0,18.0,0,ttc_capped,0.0008,table,1,37.496704,126.957947,0.231,339.57,1,37.496502,126.957588,1.368,220.33,-32.54,-15.53
1786956250.418,2320,0,0,2,2,1,change,0,36.15,-0.91,9999.0,18.0,0,ttc_capped,0.0005,table,1,37.496704,126.957947,0.231,339.57,1,37.496502,126.957588,1.368,220.82,-32.59,-15.65
1786956250.62,2322,0,0,0,0,1,heartbeat,0,36.41,-1.12,9999.0,18.0,0,ttc_capped,0.0005,table,1,37.496704,126.957947,0.217,339.57,1,37.496502,126.957588,1.368,217.75,-32.72,-15.98
1786956250.825,2324,0,0,0,0,1,heartbeat,0,36.7,-1.19,9999.0,18.0,0,ttc_capped,0.0004,table,1,37.496704,126.957947,0.206,339.57,1,37.496502,126.957588,1.368,216.01,-32.84,-16.38
1786956251.038,2326,0,0,0,0,1,heartbeat,0,36.95,-1.16,9999.0,18.0,0,ttc_capped,0.0003,table,1,37.496704,126.957947,0.182,339.57,1,37.496502,126.957588,1.368,207.82,-32.95,-16.72
1786956253.22,2345,0,0,0,0,1,heartbeat,0,35.43,1.54,22.99,4.2,0,table,0.0143,table,1,37.496704,126.957947,0.053,353.71,1,37.496624,126.957825,0.749,23.18,-31.12,-16.95
1786956253.425,2348,0,0,0,0,1,heartbeat,0,32.35,1.21,26.73,4.2,0,table,0.0199,table,1,37.496704,126.957947,0.054,358.35,1,37.496628,126.957832,0.749,23.18,-28.51,-15.29
1786956253.627,2350,0,0,0,0,1,heartbeat,0,29.69,0.92,32.15,4.2,0,ttc_capped,0.0233,table,1,37.496704,126.957947,0.068,358.86,1,37.496628,126.957832,0.749,23.18,-26.26,-13.86
1786956253.834,2352,0,0,0,0,1,heartbeat,0,27.53,0.77,35.68,4.2,0,ttc_capped,0.0257,table,1,37.496704,126.957947,0.111,2.37,1,37.496632,126.957832,0.749,23.18,-24.44,-12.67
1786956254.046,2354,0,0,0,0,1,heartbeat,0,25.75,0.7,36.73,4.2,0,ttc_capped,0.0257,table,1,37.496708,126.957947,0.144,3.5,1,37.496632,126.957832,0.749,23.18,-22.96,-11.66
1786956254.253,2356,0,0,0,0,1,heartbeat,0,24.3,0.67,36.22,4.2,0,ttc_capped,0.028,table,1,37.496708,126.957947,0.196,3.74,1,37.496632,126.957832,0.749,23.18,-21.73,-10.88
1786956254.456,2358,0,0,0,0,1,heartbeat,0,23.08,0.65,35.3,4.2,0,ttc_capped,0.0302,table,1,37.496708,126.957947,0.214,3.74,1,37.496632,126.957832,0.749,23.18,-20.7,-10.22
1786956254.658,2359,0,0,0,0,1,heartbeat,0,22.03,0.64,34.36,4.2,0,ttc_capped,0.0302,table,1,37.496708,126.957947,0.214,3.74,1,37.496632,126.957832,0.749,23.18,-19.81,-9.62
1786956254.866,2362,0,0,0,0,1,heartbeat,0,21.12,0.63,33.47,4.2,0,ttc_capped,0.0302,table,1,37.496712,126.957947,0.282,3.74,1,37.496632,126.957832,0.749,23.18,-19.04,-9.15
1786956255.083,2364,0,0,0,0,1,heartbeat,0,20.31,0.62,32.67,4.2,0,ttc_capped,0.0245,table,1,37.496716,126.957947,0.315,9.04,1,37.496632,126.957832,0.749,23.18,-18.36,-8.69
1786956255.291,2366,0,0,0,0,1,heartbeat,0,19.64,0.45,43.28,5.6,0,ttc_capped,0.0167,table,1,37.496716,126.957947,0.336,9.2,1,37.496632,126.957832,0.749,351.56,-17.78,-8.34
1786956255.556,2369,0,0,0,0,1,heartbeat,0,19.09,0.29,65.71,5.6,0,ttc_capped,0.0207,table,1,37.496716,126.957947,0.346,7.26,1,37.496632,126.957832,0.749,347.49,-17.32,-8.03
1786956255.803,2369,0,0,0,0,1,heartbeat,0,18.36,0.16,112.19,5.6,0,ttc_capped,0.0117,table,1,37.496716,126.957947,0.346,7.26,1,37.496632,126.957832,0.749,341.41,-16.74,-7.53
1786956256.019,2369,0,0,0,0,1,heartbeat,0,17.94,0.05,391.98,5.6,0,ttc_capped,0.0242,table,1,37.496716,126.957947,0.346,7.26,1,37.496632,126.957832,0.749,331.34,-16.44,-7.2
1786956256.225,2375,0,0,0,0,1,heartbeat,0,17.42,-0.02,9999.0,25.0,0,ttc_capped,0.001,table,1,37.496719,126.957947,0.419,4.35,1,37.496799,126.957825,0.498,327.84,-16.17,-6.49
1786956256.429,2377,0,0,0,0,1,heartbeat,0,16.79,-0.06,9999.0,25.0,0,ttc_capped,0.001,table,1,37.496719,126.957947,0.429,3.49,1,37.496799,126.957825,0.498,326.35,-15.94,-5.29
1786956256.636,2379,0,0,0,0,1,heartbeat,0,16.55,-0.12,9999.0,25.0,0,ttc_capped,0.001,table,1,37.496723,126.957947,0.43,3.49,1,37.496799,126.957825,0.498,318.67,-15.85,-4.76
1786956256.846,2381,0,0,0,0,1,heartbeat,0,16.1,-0.19,9999.0,25.0,0,ttc_capped,0.001,table,1,37.496723,126.957947,0.416,3.49,1,37.496799,126.957825,0.498,315.09,-15.65,-3.76
1786956257.058,2383,0,0,0,0,1,heartbeat,0,15.73,-0.24,9999.0,25.0,0,ttc_capped,0.0011,table,1,37.496723,126.957954,0.406,0.32,1,37.496799,126.957825,0.498,313.24,-15.48,-2.78
1786956257.261,2384,0,0,0,0,1,heartbeat,0,15.44,-0.27,9999.0,25.0,0,ttc_capped,0.0013,table,1,37.496723,126.957954,0.406,359.99,1,37.496799,126.957825,0.498,314.68,-15.33,-1.89
1786956257.469,2384,0,0,0,0,1,heartbeat,0,15.21,-0.28,9999.0,25.0,0,ttc_capped,0.0013,table,1,37.496723,126.957954,0.406,359.99,1,37.496799,126.957825,0.498,320.21,-15.18,-1.0
1786956257.671,2389,0,0,0,0,1,heartbeat,0,15.15,-0.27,9999.0,25.0,0,ttc_capped,0.0008,table,1,37.496723,126.957954,0.366,359.0,1,37.496799,126.957825,0.498,322.89,-15.14,-0.65
1786956257.878,2390,0,0,0,0,1,heartbeat,0,14.91,-0.28,9999.0,25.0,0,ttc_capped,0.0013,table,1,37.496723,126.957954,0.366,359.0,1,37.496799,126.957825,0.498,325.19,-14.91,0.43
1786956258.082,2390,0,0,0,0,1,heartbeat,0,14.84,-0.34,9999.0,25.0,0,ttc_capped,0.0013,table,1,37.496723,126.957954,0.366,359.0,1,37.496799,126.957825,0.498,312.76,-14.79,1.15
1786956258.291,2394,0,0,0,0,1,heartbeat,0,14.79,-0.36,9999.0,25.0,0,ttc_capped,0.0013,table,1,37.496723,126.957954,0.349,359.0,1,37.496799,126.957825,0.498,314.14,-14.69,1.72
1786956258.514,2397,0,0,0,0,1,heartbeat,0,14.81,-0.36,9999.0,25.0,0,ttc_capped,0.0011,table,1,37.496723,126.957954,0.274,9.91,1,37.496799,126.957825,0.498,314.14,-14.67,2.02
1786956258.801,2398,0,0,0,0,1,heartbeat,0,14.76,-0.32,9999.0,25.0,0,ttc_capped,0.0011,table,1,37.496723,126.957954,0.191,9.91,1,37.496799,126.957825,0.498,314.14,-14.37,3.35
1786956259.007,2401,0,0,0,0,1,heartbeat,0,14.77,-0.47,9999.0,25.0,0,ttc_capped,0.0011,table,1,37.496723,126.957954,0.14,18.19,1,37.496799,126.957825,0.498,314.14,-14.03,4.62
1786956259.207,2403,1,1,0,0,1,change,0,14.14,0.78,18.19,27.65,1,table,0.0325,table,1,37.496723,126.957954,0.111,17.26,1,37.49675,126.957825,1.221,140.49,-13.57,3.97
1786956259.409,2405,1,1,1,1,1,heartbeat,0,13.79,0.96,14.32,13.28,0,table,0.0187,table,1,37.496723,126.957954,0.113,17.26,1,37.49675,126.957825,1.221,140.49,-13.25,3.82
1786956259.617,2407,1,1,1,1,1,heartbeat,0,13.5,1.0,13.48,8.45,0,table,0.0052,table,1,37.496723,126.957954,0.121,16.9,1,37.49675,126.957825,1.221,140.49,-12.96,3.8
1786956259.888,2410,1,1,1,1,1,heartbeat,0,13.16,1.01,13.05,7.52,0,table,0.0008,table,1,37.496723,126.957954,0.169,14.05,1,37.49675,126.957825,1.221,140.49,-12.64,3.66
1786956260.102,2412,1,1,1,1,1,heartbeat,0,12.9,1.01,12.78,7.5,0,table,0.0005,table,1,37.496723,126.957954,0.185,14.38,1,37.496746,126.957825,1.221,140.49,-12.39,3.57
1786956260.309,2414,1,1,1,1,1,heartbeat,0,12.61,1.09,11.61,11.55,0,table,0.0005,table,1,37.496723,126.957954,0.207,16.0,1,37.496719,126.957825,1.372,136.36,-12.15,3.38
1786956260.524,2416,1,1,1,1,1,heartbeat,0,12.29,1.14,10.76,12.72,0,table,0.0005,table,1,37.496727,126.957954,0.264,16.0,1,37.496719,126.957825,1.372,136.36,-11.9,3.09
1786956260.735,2418,1,1,1,1,1,heartbeat,0,12.0,1.15,10.45,12.92,0,table,0.0007,table,1,37.496727,126.957954,0.321,16.0,1,37.496719,126.957825,1.372,136.36,-11.67,2.81
1786956260.94,2419,1,1,1,1,1,heartbeat,0,11.7,1.15,10.21,13.24,0,table,0.0007,table,1,37.496727,126.957947,0.338,16.0,1,37.496716,126.957832,1.372,136.36,-11.41,2.59
1786956261.153,2421,1,1,1,1,1,heartbeat,0,11.4,1.13,10.07,13.2,0,table,0.0007,table,1,37.496727,126.957947,0.337,16.0,1,37.496716,126.957832,1.372,136.36,-11.17,2.32
1786956261.36,2422,1,1,1,1,1,heartbeat,0,11.16,0.99,11.33,14.49,0,table,0.0004,table,1,37.496727,126.957947,0.337,16.0,1,37.496704,126.957832,1.103,133.67,-10.97,2.07
1786956261.461,2424,0,0,1,1,1,change,0,11.05,0.95,11.59,14.63,0,table,0.0003,table,1,37.496727,126.957947,0.336,16.0,1,37.496704,126.957832,1.103,133.67,-10.88,1.93
1786956261.664,2426,0,0,0,0,1,heartbeat,0,10.83,0.92,11.81,14.49,0,table,0.0006,table,1,37.496727,126.957947,0.307,7.63,1,37.4967,126.957832,1.103,133.67,-10.7,1.66
1786956261.871,2428,0,0,0,0,1,heartbeat,0,10.62,0.89,11.87,14.11,0,table,0.0006,table,1,37.496727,126.957947,0.269,6.81,1,37.4967,126.957832,1.103,133.67,-10.52,1.39
1786956262.086,2430,0,0,0,0,1,heartbeat,0,10.42,0.88,11.87,13.83,0,table,0.0006,table,1,37.496727,126.957947,0.254,6.81,1,37.4967,126.957832,1.103,133.67,-10.36,1.16
1786956262.299,2430,0,0,0,0,1,heartbeat,0,10.29,0.72,14.36,11.37,0,table,0.0019,table,1,37.496727,126.957947,0.254,6.81,1,37.4967,126.957832,0.814,131.92,-10.24,1.02
1786956262.5,2433,0,0,0,0,1,heartbeat,0,10.15,0.67,15.22,11.36,0,table,0.0022,table,1,37.496727,126.957947,0.259,6.81,1,37.496696,126.95784,0.814,131.92,-10.12,0.84
1786956262.703,2435,0,0,0,0,1,heartbeat,0,10.0,0.65,15.47,11.3,0,table,0.0022,table,1,37.496731,126.957947,0.278,6.81,1,37.496696,126.95784,0.814,131.92,-9.98,0.66
1786956262.909,2438,0,0,0,0,1,heartbeat,0,9.86,0.63,15.61,13.0,0,table,0.0006,table,1,37.496731,126.957947,0.288,7.68,1,37.496696,126.95784,0.814,131.92,-9.85,0.44
1786956263.133,2440,0,0,0,0,1,heartbeat,0,9.71,0.62,15.72,12.66,0,table,0.0006,table,1,37.496731,126.957947,0.288,7.44,1,37.496696,126.95784,0.814,131.92,-9.71,0.22
1786956263.336,2442,0,0,0,0,1,heartbeat,0,9.62,0.49,19.75,12.15,0,table,0.002,table,1,37.496731,126.957947,0.279,7.14,1,37.496693,126.95784,0.587,131.92,-9.62,0.03
1786956263.54,2444,0,0,0,0,1,heartbeat,0,9.54,0.44,21.54,11.65,0,table,0.0022,table,1,37.496735,126.957954,0.273,7.14,1,37.496693,126.95784,0.587,131.92,-9.54,-0.16
1786956263.789,2447,0,0,0,0,1,heartbeat,0,9.46,0.42,22.46,10.99,0,table,0.0004,table,1,37.496735,126.957954,0.279,7.14,1,37.496693,126.95784,0.587,131.92,-9.45,-0.4
1786956264.001,2449,0,0,0,0,1,heartbeat,0,9.4,0.41,22.96,10.53,0,table,0.0004,table,1,37.496738,126.957954,0.275,358.83,1,37.496693,126.95784,0.587,131.92,-9.39,-0.59
1786956264.218,2451,0,0,0,0,1,heartbeat,0,9.34,0.4,23.26,10.21,0,table,0.0004,table,1,37.496738,126.957954,0.26,356.66,1,37.496693,126.95784,0.587,131.92,-9.32,-0.72
1786956264.264,2451,1,1,0,0,1,change,0,9.31,0.65,14.27,32.32,1,table,0.03,table,1,37.496738,126.957954,0.26,356.66,1,37.496693,126.957832,0.96,80.46,-9.29,-0.69
1786956264.468,2453,1,1,1,1,1,heartbeat,0,9.2,0.86,10.72,41.0,1,table,0.0017,table,1,37.496738,126.957954,0.243,355.47,1,37.496693,126.957832,0.96,80.46,-9.17,-0.77
1786956264.741,2456,1,1,1,1,1,heartbeat,0,9.03,0.92,9.82,41.0,1,table,0.0008,table,1,37.496738,126.957954,0.253,355.47,1,37.496693,126.957832,0.96,80.46,-8.99,-0.87
1786956264.952,2458,1,1,1,1,1,heartbeat,0,8.93,0.94,9.52,41.0,1,table,0.0006,table,1,37.496738,126.957962,0.262,353.57,1,37.496693,126.957832,0.96,80.46,-8.88,-0.92
1786956265.174,2460,1,1,1,1,1,heartbeat,0,8.82,0.94,9.35,41.0,1,table,0.0006,table,1,37.496738,126.957962,0.275,353.61,1,37.496693,126.957832,0.96,80.46,-8.77,-0.97
1786956265.389,2462,1,1,1,1,1,heartbeat,0,8.74,0.95,9.22,41.0,1,table,0.0006,table,1,37.496738,126.957962,0.279,354.25,1,37.496696,126.957825,0.971,80.46,-8.68,-1.02
1786956265.594,2464,1,1,1,1,1,heartbeat,0,8.67,0.95,9.1,41.0,1,table,0.0006,table,1,37.496742,126.957962,0.287,354.27,1,37.496696,126.957832,0.971,80.46,-8.6,-1.07
1786956265.801,2466,1,1,1,1,1,heartbeat,0,8.58,0.95,8.99,41.0,1,table,0.0004,table,1,37.496742,126.957962,0.302,353.77,1,37.496696,126.957832,0.971,80.46,-8.51,-1.12
1786956266.008,2468,1,1,1,1,1,heartbeat,0,8.51,0.96,8.9,41.0,1,table,0.0004,table,1,37.496742,126.957962,0.295,353.77,1,37.496696,126.957832,0.971,80.46,-8.43,-1.16
1786956266.219,2470,1,1,1,1,1,heartbeat,0,8.43,0.95,8.82,41.0,1,table,0.0004,table,1,37.496742,126.957962,0.285,353.77,1,37.496696,126.957832,0.971,80.46,-8.34,-1.21
1786956266.426,2471,1,1,1,1,1,heartbeat,0,8.46,1.0,8.48,41.0,1,table,0.0008,table,1,37.496742,126.957962,0.285,353.77,1,37.496696,126.957817,1.033,80.46,-8.37,-1.21
1786956266.631,2472,1,1,1,1,1,heartbeat,0,8.39,1.01,8.33,41.0,1,table,0.0008,table,1,37.496742,126.957962,0.272,353.77,1,37.496696,126.957825,1.033,80.46,-8.3,-1.22
1786956266.934,2474,1,1,1,1,1,heartbeat,0,8.3,1.01,8.22,41.0,1,table,0.0008,table,1,37.496742,126.95797,0.261,353.77,1,37.496696,126.957825,1.033,80.46,-8.21,-1.21
1786956267.145,2478,1,1,1,1,1,heartbeat,0,8.26,1.01,8.18,41.0,1,table,0.0008,table,1,37.496738,126.95797,0.238,0.61,1,37.496696,126.957825,1.033,80.46,-8.16,-1.26
1786956267.356,2480,1,1,1,1,1,heartbeat,0,8.29,0.93,8.88,41.0,1,table,0.0006,table,1,37.496738,126.95797,0.234,0.61,1,37.496696,126.957809,0.936,80.46,-8.19,-1.3
1786956267.586,2483,1,1,1,1,1,heartbeat,0,8.33,0.91,9.13,41.0,1,table,0.0004,table,1,37.496738,126.95797,0.243,359.17,1,37.496696,126.957809,0.936,80.46,-8.22,-1.37
1786956267.798,2485,1,1,1,1,1,heartbeat,0,8.37,0.91,9.23,41.0,1,table,0.0004,table,1,37.496738,126.95797,0.25,359.96,1,37.496696,126.957809,0.936,80.46,-8.25,-1.41
1786956268.008,2487,1,1,1,1,1,heartbeat,0,8.41,0.9,9.3,41.0,1,table,0.0004,table,1,37.496738,126.957977,0.26,359.96,1,37.496696,126.957809,0.936,80.46,-8.28,-1.45
1786956268.221,2489,1,1,1,1,1,heartbeat,0,8.45,0.9,9.36,41.0,1,table,0.0004,table,1,37.496738,126.957977,0.273,359.96,1,37.496696,126.957809,0.936,80.46,-8.32,-1.49
1786956268.43,2491,1,1,1,1,1,heartbeat,0,8.53,0.96,8.89,41.0,1,table,0.0004,table,1,37.496738,126.957977,0.278,359.96,1,37.4967,126.957794,1.024,80.46,-8.4,-1.5
1786956268.642,2493,1,1,1,1,1,heartbeat,0,8.59,0.98,8.78,41.0,1,table,0.0004,table,1,37.496735,126.957977,0.275,359.96,1,37.4967,126.957802,1.024,80.46,-8.46,-1.52
1786956268.855,2495,1,1,1,1,1,heartbeat,0,8.63,0.99,8.76,41.0,1,table,0.0004,table,1,37.496735,126.957977,0.27,359.96,1,37.4967,126.957802,1.024,80.46,-8.49,-1.53
1786956269.065,2497,1,1,1,1,1,heartbeat,0,8.69,0.99,8.8,41.0,1,table,0.0004,table,1,37.496735,126.957985,0.266,359.96,1,37.4967,126.957802,1.024,80.46,-8.55,-1.54
1786956269.317,2498,1,1,1,1,1,heartbeat,0,8.8,1.08,8.12,41.0,1,table,0.0006,table,1,37.496735,126.957985,0.266,359.96,1,37.4967,126.957787,1.17,80.46,-8.67,-1.52
1786956269.486,2501,2,2,1,1,1,change,0,8.8,1.1,7.99,48.0,2,table,0.0004,table,1,37.496738,126.957985,0.24,0.0,1,37.4967,126.957787,1.17,80.46,-8.67,-1.54
1786956269.696,2503,2,2,2,2,1,heartbeat,0,8.86,1.12,7.92,48.0,2,table,0.0004,table,1,37.496738,126.957977,0.215,0.0,1,37.4967,126.957787,1.17,80.46,-8.72,-1.55
1786956269.909,2505,2,2,2,2,1,heartbeat,0,8.92,1.12,7.93,48.0,2,table,0.0004,table,1,37.496738,126.957977,0.196,0.0,1,37.4967,126.957787,1.17,80.46,-8.78,-1.57
1786956270.121,2507,2,2,2,2,1,heartbeat,0,8.97,1.13,7.97,48.0,2,table,0.0004,table,1,37.496738,126.957977,0.188,231.16,1,37.4967,126.957787,1.17,80.46,-8.83,-1.58
1786956270.334,2509,2,2,2,2,1,heartbeat,0,8.9,1.13,7.9,48.0,2,table,0.001,table,1,37.496738,126.957977,0.198,230.51,1,37.4967,126.957787,1.17,80.46,-8.75,-1.59
1786956270.543,2511,2,2,2,2,1,heartbeat,0,8.97,1.12,7.98,48.0,2,table,0.0004,table,1,37.496738,126.957977,0.201,252.73,1,37.4967,126.957787,1.17,80.46,-8.82,-1.61
1786956270.754,2513,2,2,2,2,1,heartbeat,0,9.05,1.12,8.06,41.0,1,table,0.001,table,1,37.496735,126.957985,0.213,252.73,1,37.4967,126.957787,1.17,80.46,-8.9,-1.62
1786956270.957,2514,2,2,2,2,1,heartbeat,0,9.24,1.12,8.21,41.0,1,table,0.0015,table,1,37.496735,126.957985,0.222,289.2,1,37.4967,126.957787,1.17,80.46,-9.09,-1.62
1786956271.16,2516,2,2,2,2,1,heartbeat,0,9.31,1.13,8.27,41.0,1,table,0.0015,table,1,37.496735,126.957985,0.221,299.76,1,37.4967,126.957787,1.17,80.46,-9.17,-1.63
1786956271.362,2518,2,2,2,2,1,heartbeat,0,9.43,-0.07,9999.0,30.0,0,ttc_capped,0.0007,table,1,37.496731,126.957985,0.22,308.51,1,37.4967,126.957787,1.17,203.15,-9.27,-1.75
1786956271.563,2520,2,2,2,2,1,heartbeat,0,9.89,-0.66,9999.0,30.0,0,ttc_capped,0.0007,table,1,37.496731,126.957985,0.224,308.51,1,37.4967,126.957787,1.17,214.17,-9.69,-1.97
1786956271.767,2522,2,2,2,2,1,heartbeat,0,10.34,-0.85,9999.0,25.0,0,ttc_capped,0.0011,table,1,37.496731,126.957985,0.199,308.51,1,37.4967,126.957787,1.17,218.69,-10.11,-2.18
1786956271.973,2524,2,2,2,2,1,heartbeat,0,10.77,-0.94,9999.0,25.0,0,ttc_capped,0.0008,table,1,37.496727,126.957985,0.167,308.51,1,37.4967,126.957787,1.17,221.77,-10.5,-2.36
1786956272.181,2526,2,2,2,2,1,heartbeat,0,11.21,-1.0,9999.0,25.0,0,ttc_capped,0.0013,table,1,37.496727,126.957985,0.139,308.51,1,37.4967,126.957787,1.17,225.69,-10.92,-2.54
1786956274.247,2545,0,0,2,2,1,change,0,34.97,-21.47,9999.0,18.0,0,ttc_capped,0.0005,table,1,37.496712,126.957993,0.124,14.7,1,37.496658,126.957542,0.046,0.0,-34.39,-6.36
1786956274.447,2548,0,0,0,0,1,heartbeat,0,39.79,-21.88,9999.0,18.0,0,ttc_capped,0.0004,table,1,37.496708,126.957993,0.121,12.95,1,37.496658,126.957542,0.046,0.0,-39.18,-6.93
1786956274.661,2550,0,0,0,0,1,heartbeat,0,42.42,-20.4,9999.0,10.0,0,ttc_capped,0.0004,table,1,37.496708,126.957993,0.124,12.37,1,37.496658,126.957542,0.046,0.0,-41.8,-7.21
1786956274.873,2552,0,0,0,0,1,heartbeat,0,44.85,-19.15,9999.0,10.0,0,ttc_capped,0.0004,table,1,37.496708,126.957993,0.124,12.37,1,37.496658,126.957542,0.046,0.0,-44.21,-7.49
1786956275.083,2554,0,0,0,0,1,heartbeat,0,44.57,-16.4,9999.0,10.0,0,ttc_capped,0.0004,table,1,37.496708,126.957993,0.127,12.37,1,37.496658,126.957542,0.046,0.0,-43.95,-7.42
1786956275.292,2556,0,0,0,0,1,heartbeat,0,45.39,-14.67,9999.0,10.0,0,ttc_capped,0.0004,table,1,37.496704,126.957993,0.137,12.37,1,37.496666,126.957558,0.324,0.0,-44.79,-7.34
1786956275.501,2558,0,0,0,0,1,heartbeat,0,46.21,-13.24,9999.0,10.0,0,ttc_capped,0.0005,table,1,37.496704,126.957993,0.148,12.37,1,37.496666,126.957558,0.324,0.0,-45.63,-7.27
1786956275.77,2559,0,0,0,0,1,heartbeat,0,44.49,-9.52,9999.0,10.0,0,ttc_capped,0.0009,table,1,37.496704,126.957993,0.186,12.37,1,37.496666,126.957558,0.324,0.0,-43.97,-6.83
1786956275.984,2562,0,0,0,0,1,heartbeat,0,43.1,-6.98,9999.0,10.0,0,ttc_capped,0.0028,table,1,37.496704,126.957993,0.245,12.37,1,37.496666,126.957558,0.324,0.0,-42.61,-6.5
1786956276.196,2564,0,0,0,0,1,heartbeat,0,42.05,-5.04,9999.0,10.0,0,ttc_capped,0.0028,table,1,37.496704,126.957993,0.271,0.0,1,37.496666,126.957558,0.324,0.0,-41.59,-6.25
1786956276.398,2566,0,0,0,0,1,heartbeat,0,41.16,-3.54,9999.0,10.0,0,ttc_capped,0.0032,table,1,37.496704,126.957993,0.29,0.0,1,37.496666,126.957558,0.324,0.0,-40.71,-6.06
1786956276.6,2568,0,0,0,0,1,heartbeat,0,40.4,-2.38,9999.0,10.0,0,ttc_capped,0.0023,table,1,37.496704,126.957993,0.302,22.89,1,37.496666,126.957558,0.324,0.0,-39.96,-5.89
1786956276.814,2570,0,0,0,0,1,heartbeat,0,39.74,-1.45,9999.0,18.0,0,ttc_capped,0.002,table,1,37.4967,126.957993,0.299,21.03,1,37.496666,126.957558,0.324,0.0,-39.33,-5.75
1786956277.028,2572,0,0,0,0,1,heartbeat,0,39.15,-0.75,9999.0,18.0,0,ttc_capped,0.0024,table,1,37.496704,126.957993,0.367,17.94,1,37.496666,126.957558,0.324,0.0,-38.74,-5.65
1786956277.238,2574,0,0,0,0,1,heartbeat,0,38.64,-0.23,9999.0,18.0,0,ttc_capped,0.0024,table,1,37.496704,126.957993,0.401,15.94,1,37.496666,126.957558,0.324,0.0,-38.24,-5.57
1786956277.452,2576,0,0,0,0,1,heartbeat,0,38.23,0.14,276.2,4.2,0,ttc_capped,0.046,table,1,37.496704,126.957993,0.41,15.94,1,37.496666,126.957558,0.324,0.0,-37.83,-5.49
1786956277.719,2579,0,0,0,0,1,heartbeat,0,38.04,0.28,137.16,4.2,0,ttc_capped,0.0073,table,1,37.496708,126.957993,0.412,19.3,1,37.496666,126.957558,0.324,0.0,-37.65,-5.41
1786956277.931,2581,0,0,0,0,1,heartbeat,0,37.7,0.5,75.93,4.2,0,ttc_capped,0.0095,table,1,37.496708,126.957993,0.369,18.79,1,37.496666,126.957558,0.324,0.0,-37.32,-5.36
1786956278.142,2583,0,0,0,0,1,heartbeat,0,37.46,0.62,60.79,15.26,0,ttc_capped,0.0059,table,1,37.496708,126.957993,0.306,18.79,1,37.496666,126.957558,0.324,0.0,-37.08,-5.33
1786956278.28,2584,2,2,0,0,1,change,0,36.35,0.89,40.99,4.2,0,ttc_capped,0.1592,model,1,37.496708,126.957993,0.264,14.23,1,37.496624,126.95768,0.741,102.35,-35.86,-5.93
1786956278.566,2587,2,2,2,2,1,heartbeat,0,35.43,0.86,40.98,4.2,0,ttc_capped,0.0057,table,1,37.496708,126.957993,0.224,12.88,1,37.496624,126.95768,0.741,102.35,-34.86,-6.31
1786956278.775,2589,2,2,2,2,1,heartbeat,0,34.1,0.76,44.75,4.2,0,ttc_capped,0.0085,table,1,37.496708,126.957993,0.165,12.88,1,37.496624,126.957687,0.741,102.35,-33.4,-6.89
1786956278.986,2591,2,2,2,2,1,heartbeat,0,33.06,0.73,45.46,4.2,0,ttc_capped,0.0086,table,1,37.496712,126.957993,0.121,12.88,1,37.49662,126.957687,0.741,102.35,-32.24,-7.36
1786956279.193,2592,2,2,2,2,1,heartbeat,0,31.98,0.7,45.78,4.2,0,ttc_capped,0.0047,table,1,37.496712,126.957993,0.121,12.88,1,37.49662,126.957687,0.741,102.35,-30.99,-7.9
1786956279.416,2593,2,2,2,2,1,heartbeat,0,31.38,0.69,45.77,4.2,0,ttc_capped,0.0065,table,1,37.496712,126.957993,0.12,13.04,1,37.49662,126.957687,0.741,102.35,-30.3,-8.2
1786956279.628,2597,2,2,2,2,1,heartbeat,0,30.92,0.68,45.63,4.2,0,ttc_capped,0.0161,table,1,37.496712,126.957993,0.126,9.54,1,37.49662,126.957687,0.741,102.35,-29.75,-8.43
1786956279.83,2599,2,2,2,2,1,heartbeat,0,30.51,0.67,45.54,4.2,0,ttc_capped,0.0196,table,1,37.496716,126.957993,0.131,9.54,1,37.49662,126.957687,0.741,102.35,-29.26,-8.64
1786956280.042,2601,2,2,2,2,1,heartbeat,0,30.16,0.66,45.45,4.2,0,ttc_capped,0.0196,table,1,37.496716,126.957993,0.13,9.54,1,37.49662,126.957687,0.741,102.35,-28.84,-8.83
1786956280.252,2603,2,2,2,2,1,heartbeat,0,29.96,0.08,356.89,4.2,0,ttc_capped,0.0169,table,1,37.496719,126.957993,0.138,9.54,1,37.49662,126.957687,0.741,220.73,-28.57,-9.03
1786956280.358,2604,0,0,2,2,1,change,0,29.95,-0.23,9999.0,18.0,0,ttc_capped,0.0008,table,1,37.496719,126.957993,0.138,9.54,1,37.49662,126.957687,0.741,220.71,-28.52,-9.14
1786956280.568,2606,0,0,0,0,1,heartbeat,0,29.94,-0.53,9999.0,18.0,0,ttc_capped,0.0008,table,1,37.496719,126.957993,0.173,6.57,1,37.49662,126.957687,0.741,226.47,-28.44,-9.35
1786956280.782,2608,0,0,0,0,1,heartbeat,0,29.95,-0.63,9999.0,18.0,0,ttc_capped,0.0008,table,1,37.496719,126.957993,0.243,6.57,1,37.49662,126.957687,0.741,228.62,-28.39,-9.54
1786956280.988,2610,0,0,0,0,1,heartbeat,0,30.04,-0.64,9999.0,18.0,0,ttc_capped,0.0008,table,1,37.496719,126.957993,0.284,6.57,1,37.49662,126.957687,0.741,227.63,-28.44,-9.69
1786956281.2,2612,0,0,0,0,1,heartbeat,0,30.06,-0.66,9999.0,18.0,0,ttc_capped,0.0008,table,1,37.496723,126.957993,0.32,6.57,1,37.49662,126.957687,0.741,227.86,-28.4,-9.86
1786956281.413,2614,0,0,0,0,1,heartbeat,0,30.23,-0.66,9999.0,18.0,0,ttc_capped,0.0008,table,1,37.496723,126.957993,0.323,6.57,1,37.49662,126.957687,0.741,227.86,-28.54,-9.99
1786956281.622,2616,0,0,0,0,1,heartbeat,0,30.4,-0.67,9999.0,18.0,0,ttc_capped,0.0008,table,1,37.496723,126.957993,0.325,3.39,1,37.49662,126.957687,0.741,227.86,-28.67,-10.11
1786956282.391,2623,0,0,0,0,1,heartbeat,0,30.83,-0.62,9999.0,18.0,0,ttc_capped,0.0008,table,1,37.496723,126.957993,0.368,1.28,1,37.49662,126.957687,0.741,228.19,-28.97,-10.54
1786956283.23,2631,0,0,0,0,1,heartbeat,0,30.27,0.78,38.69,4.2,0,ttc_capped,0.0054,table,1,37.496723,126.957993,0.298,1.28,1,37.496601,126.957748,0.864,102.35,-28.18,-11.05
1786956283.442,2633,0,0,0,0,1,heartbeat,0,29.22,0.76,38.2,4.2,0,ttc_capped,0.0036,table,1,37.496723,126.958,0.264,1.28,1,37.496601,126.957748,0.831,102.35,-26.94,-11.34
1786956283.646,2635,0,0,0,0,1,heartbeat,0,28.47,0.68,41.66,4.2,0,ttc_capped,0.0287,table,1,37.496723,126.958,0.238,1.57,1,37.496605,126.957748,0.714,102.35,-26.03,-11.54
1786956283.853,2637,0,0,0,0,1,heartbeat,0,27.83,0.59,47.05,4.2,0,ttc_capped,0.0229,table,1,37.496723,126.958,0.22,1.4,1,37.496613,126.957756,0.624,102.35,-25.28,-11.62
1786956284.054,2639,0,0,0,0,1,heartbeat,0,27.22,0.54,49.98,4.2,0,ttc_capped,0.0048,table,1,37.496723,126.958,0.197,1.4,1,37.496616,126.957764,0.626,102.35,-24.61,-11.63
1786956284.265,2641,0,0,0,0,1,heartbeat,0,26.62,0.6,44.63,4.2,0,ttc_capped,0.0041,table,1,37.496723,126.958,0.175,1.4,1,37.496624,126.957771,0.815,102.35,-23.97,-11.57
1786956284.476,2643,0,0,0,0,1,heartbeat,0,26.06,0.6,43.08,4.2,0,ttc_capped,0.0044,table,1,37.496727,126.958,0.177,1.4,1,37.496628,126.957771,0.96,119.07,-23.37,-11.52
1786956284.684,2645,0,0,0,0,1,heartbeat,0,25.61,0.48,53.08,4.2,0,ttc_capped,0.0012,table,1,37.496727,126.958,0.198,1.4,1,37.496635,126.957764,0.825,129.94,-22.9,-11.47
1786956284.896,2647,0,0,0,0,1,heartbeat,0,25.24,0.33,76.26,4.2,0,ttc_capped,0.0052,table,1,37.496727,126.958008,0.211,1.4,1,37.496643,126.957764,0.667,137.0,-22.53,-11.37
1786956285.106,2649,0,0,0,0,1,heartbeat,0,24.91,0.22,113.65,4.2,0,ttc_capped,0.0052,table,1,37.496727,126.958008,0.224,1.4,1,37.496647,126.957764,0.606,141.59,-22.23,-11.25
1786956285.319,2651,0,0,0,0,1,heartbeat,0,24.62,0.21,118.0,4.2,0,ttc_capped,0.0052,table,1,37.496727,126.958,0.21,352.1,1,37.496651,126.957764,0.388,141.59,-21.98,-11.11
1786956285.532,2653,0,0,0,0,1,heartbeat,0,24.33,0.3,81.54,4.2,0,ttc_capped,0.0052,table,1,37.496731,126.958,0.232,352.1,1,37.496651,126.957764,0.388,141.59,-21.72,-10.95
1786956285.741,2655,0,0,0,0,1,heartbeat,0,24.0,0.47,50.87,4.2,0,ttc_capped,0.0055,table,1,37.496731,126.958,0.235,352.1,1,37.496651,126.957764,0.388,141.59,-21.45,-10.75
1786956285.96,2657,0,0,0,0,1,heartbeat,0,23.58,0.73,32.12,4.2,0,ttc_capped,0.0168,table,1,37.496731,126.958,0.23,344.69,1,37.496651,126.957764,0.388,141.59,-21.14,-10.45
1786956285.984,2657,2,2,0,0,1,change,0,23.4,0.89,26.18,17.41,0,table,0.604,model,1,37.496731,126.958,0.23,344.69,1,37.496651,126.957764,0.388,141.59,-21.02,-10.27
1786956286.267,2659,2,2,2,2,1,heartbeat,0,22.63,1.38,16.44,14.61,0,table,0.0269,table,1,37.496731,126.958,0.24,343.67,1,37.496651,126.957764,0.388,141.59,-20.5,-9.59
1786956286.488,2662,2,2,2,2,1,heartbeat,0,22.08,1.64,13.5,5.6,0,table,0.0059,table,1,37.496731,126.958,0.223,342.6,1,37.496651,126.957764,0.388,141.59,-20.14,-9.06
1786956286.694,2664,2,2,2,2,1,heartbeat,0,21.58,1.8,12.01,4.2,0,table,0.001,table,1,37.496731,126.958,0.215,341.42,1,37.496651,126.957764,0.388,141.59,-19.82,-8.53
1786956286.908,2666,2,2,2,2,1,heartbeat,0,21.14,1.85,11.45,5.8,0,table,0.0008,table,1,37.496731,126.958,0.192,341.69,1,37.496651,126.957764,0.388,141.59,-19.55,-8.05
1786956287.114,2668,2,2,2,2,1,heartbeat,0,20.83,1.8,11.55,5.8,0,table,0.0006,table,1,37.496735,126.958,0.175,341.86,1,37.496651,126.957764,0.388,141.59,-19.36,-7.68
1786956287.324,2670,2,2,2,2,1,heartbeat,0,20.61,1.69,12.17,4.2,0,table,0.0006,table,1,37.496735,126.958,0.159,341.93,1,37.496651,126.957764,0.388,141.59,-19.24,-7.4
1786956287.536,2672,2,2,2,2,1,heartbeat,0,20.48,1.54,13.31,4.2,0,table,0.0023,table,1,37.496735,126.958,0.139,341.88,1,37.496651,126.957764,0.388,141.59,-19.18,-7.2
1786956287.748,2674,2,2,2,2,1,heartbeat,0,20.43,1.36,14.99,4.2,0,table,0.0107,table,1,37.496735,126.958,0.112,342.63,1,37.496651,126.957764,0.388,141.59,-19.16,-7.09
1786956287.958,2676,2,2,2,2,1,heartbeat,0,20.42,1.18,17.33,4.2,0,table,0.0107,table,1,37.496738,126.957993,0.116,342.63,1,37.496651,126.957764,0.388,141.59,-19.16,-7.05
1786956288.168,2678,0,0,2,2,1,change,0,20.45,1.0,20.53,4.2,0,table,0.0182,table,1,37.496738,126.957993,0.093,342.63,1,37.496651,126.957764,0.388,141.59,-19.19,-7.05
1786956292.221,2716,0,0,0,0,1,heartbeat,0,33.66,-11.44,9999.0,18.0,0,ttc_capped,0.0007,table,1,37.496761,126.95797,0.154,341.04,1,37.496929,126.957695,0.054,0.0,-25.53,21.95
1786956292.427,2718,0,0,0,0,1,heartbeat,0,34.89,-11.06,9999.0,18.0,0,ttc_capped,0.0038,table,1,37.496761,126.957962,0.193,340.04,1,37.496929,126.957695,0.054,0.0,-25.92,23.35
1786956292.631,2720,0,0,0,0,1,heartbeat,0,35.75,-10.41,9999.0,18.0,0,ttc_capped,0.0031,table,1,37.496761,126.957962,0.194,340.04,1,37.496929,126.957695,0.054,0.0,-26.19,24.33
1786956292.839,2722,0,0,0,0,1,heartbeat,0,36.45,-9.56,9999.0,18.0,0,ttc_capped,0.0035,table,1,37.496761,126.957962,0.178,340.04,1,37.496929,126.957695,0.054,0.0,-26.4,25.13
1786956293.049,2724,0,0,0,0,1,heartbeat,0,36.89,-8.48,9999.0,18.0,0,ttc_capped,0.0024,table,1,37.496761,126.957962,0.199,340.04,1,37.496929,126.957695,0.054,0.0,-26.52,25.64
1786956293.259,2726,0,0,0,0,1,heartbeat,0,37.05,-7.27,9999.0,18.0,0,ttc_capped,0.0024,table,1,37.496765,126.957962,0.304,340.04,1,37.496929,126.957695,0.054,0.0,-26.56,25.83
1786956293.473,2728,0,0,0,0,1,heartbeat,0,36.99,-6.02,9999.0,18.0,0,ttc_capped,0.0019,table,1,37.496769,126.957962,0.367,310.92,1,37.496929,126.957695,0.054,0.0,-26.53,25.77
1786956293.679,2730,0,0,0,0,1,heartbeat,0,36.71,-4.83,9999.0,18.0,0,ttc_capped,0.002,table,1,37.496769,126.957962,0.408,310.92,1,37.496929,126.957695,0.054,0.0,-26.43,25.47
1786956293.887,2732,0,0,0,0,1,heartbeat,0,36.36,-3.8,9999.0,18.0,0,ttc_capped,0.0003,table,1,37.496773,126.957954,0.45,310.92,1,37.496929,126.957695,0.054,0.0,-26.31,25.1
1786956294.087,2734,0,0,0,0,1,heartbeat,0,35.94,-2.95,9999.0,18.0,0,ttc_capped,0.0008,table,1,37.496777,126.957954,0.448,310.92,1,37.496929,126.957695,0.054,0.0,-26.16,24.65
1786956294.295,2736,0,0,0,0,1,heartbeat,0,35.51,-2.22,9999.0,18.0,0,ttc_capped,0.0009,table,1,37.496777,126.957954,0.437,310.92,1,37.496929,126.957695,0.054,0.0,-26.01,24.18
1786956294.501,2738,0,0,0,0,1,heartbeat,0,35.07,-1.6,9999.0,18.0,0,ttc_capped,0.0009,table,1,37.496777,126.957954,0.41,310.92,1,37.496929,126.957695,0.054,0.0,-25.85,23.69
1786956294.709,2740,0,0,0,0,1,heartbeat,0,34.64,-1.11,9999.0,18.0,0,ttc_capped,0.0009,table,1,37.496777,126.957947,0.416,310.92,1,37.496929,126.957695,0.054,0.0,-25.69,23.23
1786956294.919,2742,0,0,0,0,1,heartbeat,0,34.23,-0.68,9999.0,18.0,0,ttc_capped,0.0003,table,1,37.496777,126.957947,0.497,0.0,1,37.496929,126.957695,0.054,0.0,-25.54,22.8
1786956295.131,2744,0,0,0,0,1,heartbeat,0,33.82,-0.24,9999.0,18.0,0,ttc_capped,0.0001,table,1,37.496777,126.957947,0.572,204.95,1,37.496929,126.957695,0.054,0.0,-25.37,22.37
1786956297.275,2764,3,3,0,0,1,change,0,16.03,11.42,1.4,52.81,3,safety_floor,0.0011,table,1,37.49678,126.957939,0.245,208.47,1,37.496838,126.957809,0.213,0.0,-13.36,8.86
1786956297.477,2766,3,3,3,3,1,heartbeat,0,13.69,11.21,1.22,52.4,3,safety_floor,0.0002,table,1,37.496777,126.957939,0.183,201.57,1,37.496838,126.957809,0.213,0.0,-11.74,7.05
1786956297.687,2768,3,3,3,3,1,heartbeat,0,12.49,10.13,1.23,52.36,3,safety_floor,0.0002,table,1,37.496777,126.957939,0.146,200.84,1,37.496838,126.957809,0.213,0.0,-10.89,6.11
1786956297.899,2770,3,3,3,3,1,heartbeat,0,11.72,8.86,1.32,48.5,3,safety_floor,0.0001,table,1,37.496777,126.957939,0.14,198.5,1,37.496838,126.957809,0.213,0.0,-10.34,5.51
1786956298.109,2772,3,3,3,3,1,heartbeat,0,11.29,7.57,1.49,48.49,3,safety_floor,0.0002,table,1,37.496777,126.957939,0.143,196.83,1,37.496838,126.957809,0.213,0.0,-10.03,5.17
1786956298.317,2774,3,3,3,3,1,heartbeat,0,11.07,6.39,1.73,48.49,3,safety_floor,0.0,table,1,37.496777,126.957939,0.125,193.22,1,37.496838,126.957809,0.213,0.0,-9.88,5.0
1786956298.525,2776,3,3,3,3,1,heartbeat,0,11.01,5.33,2.07,44.64,1,table,0.0001,table,1,37.496777,126.957939,0.136,193.82,1,37.496838,126.957809,0.213,0.0,-9.83,4.95
1786956298.801,2778,3,3,3,3,1,heartbeat,0,11.3,3.95,2.86,40.79,1,table,0.0131,table,1,37.496777,126.957939,0.14,193.82,1,37.496838,126.957809,0.213,0.0,-10.04,5.18
1786956299.002,2780,3,3,3,3,1,heartbeat,0,11.48,3.16,3.63,36.94,1,table,0.0185,table,1,37.496777,126.957939,0.125,193.82,1,37.496838,126.957809,0.213,0.0,-10.17,5.33
1786956299.206,2782,3,3,3,3,1,heartbeat,0,11.67,2.49,4.69,37.28,1,table,0.012,table,1,37.496773,126.957932,0.152,193.82,1,37.496838,126.957809,0.213,0.0,-10.28,5.52
1786956299.456,2785,3,3,3,3,1,heartbeat,0,11.77,1.92,6.15,33.78,1,table,0.0006,table,1,37.496773,126.957932,0.172,193.82,1,37.496838,126.957809,0.213,0.0,-10.33,5.65
1786956299.666,2787,3,3,3,3,1,heartbeat,0,12.01,1.43,8.4,28.47,1,table,0.0035,table,1,37.496773,126.957932,0.172,193.82,1,37.496838,126.957809,0.213,0.0,-10.48,5.87
1786956299.878,2789,3,3,3,3,1,heartbeat,0,12.24,1.03,11.92,28.59,1,table,0.0027,table,1,37.496777,126.957932,0.235,191.59,1,37.496838,126.957809,0.213,0.0,-10.63,6.07
1786956300.088,2791,3,3,3,3,1,heartbeat,0,12.46,0.7,17.89,22.3,1,table,0.0023,table,1,37.496777,126.957932,0.266,191.59,1,37.496838,126.957809,0.213,0.0,-10.78,6.25
1786956434.245,4062,2,2,0,0,1,change,0,20.24,0.0,4368.22,4.2,0,ttc_capped,0.8171,model,1,37.496662,126.957901,0.068,0.0,1,37.49659,126.958015,0.154,0.0,8.83,-18.21
1786956434.457,4064,2,2,2,2,1,heartbeat,0,20.08,0.0,4367.4,4.2,0,ttc_capped,0.8293,model,1,37.496662,126.957901,0.067,14.12,1,37.49659,126.958015,0.154,0.0,8.85,-18.03
1786956434.66,4066,2,2,2,2,1,heartbeat,0,19.93,0.0,4412.35,5.6,0,ttc_capped,0.8293,model,1,37.496662,126.957901,0.071,14.12,1,37.49659,126.958015,0.154,0.0,8.87,-17.85
1786956434.878,4068,2,2,2,2,1,heartbeat,0,19.78,0.0,4289.17,5.6,0,ttc_capped,0.8293,model,1,37.496658,126.957901,0.068,14.12,1,37.49659,126.958015,0.154,0.0,8.9,-17.67
1786956435.08,4070,2,2,2,2,1,heartbeat,0,19.7,0.01,3006.02,5.6,0,ttc_capped,0.5187,model,1,37.496658,126.957901,0.071,14.12,1,37.49659,126.958015,0.154,0.0,8.91,-17.57
1786956435.286,4072,2,2,2,2,1,heartbeat,0,19.55,0.0,4011.77,5.6,0,ttc_capped,0.5187,model,1,37.496658,126.957901,0.073,14.12,1,37.49659,126.958015,0.154,0.0,8.93,-17.39
1786956435.557,4074,2,2,2,2,1,heartbeat,0,19.4,0.0,4337.66,5.6,0,ttc_capped,0.8293,model,1,37.496655,126.957901,0.069,14.12,1,37.49659,126.958015,0.154,0.0,8.95,-17.21
1786956435.762,4076,2,2,2,2,1,heartbeat,0,19.24,0.0,4374.61,5.6,0,ttc_capped,0.8293,model,1,37.496655,126.957901,0.067,14.12,1,37.49659,126.958015,0.154,0.0,8.97,-17.03
1786956436.007,4079,2,2,2,2,1,heartbeat,0,19.01,0.0,4090.06,5.6,0,ttc_capped,0.5456,model,1,37.496647,126.957901,0.069,14.72,1,37.49659,126.958015,0.154,0.0,9.0,-16.75
1786956436.217,4081,2,2,2,2,1,heartbeat,0,18.86,0.0,4094.44,5.6,0,ttc_capped,0.5456,model,1,37.496647,126.957901,0.07,14.72,1,37.49659,126.958015,0.154,0.0,9.02,-16.56
1786956436.431,4083,2,2,2,2,1,heartbeat,0,18.7,0.0,3996.84,5.6,0,ttc_capped,0.5456,model,1,37.496643,126.957901,0.074,14.72,1,37.49659,126.958015,0.154,0.0,9.04,-16.37
1786956436.641,4085,2,2,2,2,1,heartbeat,0,18.54,0.0,3885.78,5.6,0,ttc_capped,0.5456,model,1,37.496639,126.957901,0.081,14.72,1,37.49659,126.958015,0.154,0.0,9.05,-16.18
1786956436.861,4087,2,2,2,2,1,heartbeat,0,18.38,0.0,3719.43,5.6,0,ttc_capped,0.5533,model,1,37.496635,126.957901,0.067,14.72,1,37.49659,126.958015,0.154,0.0,9.07,-15.99
1786956437.067,4089,2,2,2,2,1,heartbeat,0,18.22,0.0,3703.67,5.6,0,ttc_capped,0.5533,model,1,37.496632,126.957901,0.078,14.72,1,37.49659,126.958015,0.154,0.0,9.09,-15.79
1786956437.275,4091,2,2,2,2,1,heartbeat,0,18.05,0.0,3733.83,5.6,0,ttc_capped,0.5533,model,1,37.496632,126.957901,0.088,14.72,1,37.49659,126.958015,0.154,0.0,9.11,-15.59
1786956439.264,4109,2,2,2,2,1,heartbeat,0,9.7,-15.92,9999.0,30.0,0,ttc_capped,0.0005,table,1,37.496616,126.957901,0.107,16.49,1,37.496819,126.957947,0.139,0.0,3.91,8.88
1786956439.49,4112,2,2,2,2,1,heartbeat,0,13.78,-17.9,9999.0,25.0,0,ttc_capped,0.0005,table,1,37.496616,126.957901,0.123,16.49,1,37.496819,126.957947,0.139,0.0,2.91,13.47
1786956439.702,4114,2,2,2,2,1,heartbeat,0,15.82,-16.76,9999.0,25.0,0,ttc_capped,0.0005,table,1,37.496616,126.957901,0.148,16.83,1,37.496819,126.957947,0.139,0.0,2.46,15.63
1786956439.912,4116,2,2,2,2,1,heartbeat,0,17.32,-15.15,9999.0,25.0,0,ttc_capped,0.0005,table,1,37.496613,126.957901,0.145,16.83,1,37.496822,126.957947,0.139,0.0,2.17,17.18
1786956440.13,4118,2,2,2,2,1,heartbeat,0,18.34,-13.22,9999.0,25.0,0,ttc_capped,0.0005,table,1,37.496613,126.957901,0.134,17.3,1,37.496822,126.957947,0.139,0.0,2.01,18.23
1786956440.335,4120,2,2,2,2,1,heartbeat,0,18.84,-11.33,9999.0,25.0,0,ttc_capped,0.0005,table,1,37.496613,126.957901,0.128,17.3,1,37.496826,126.957947,0.098,0.0,1.98,18.74
1786956440.546,4122,2,2,2,2,1,heartbeat,0,19.17,-9.55,9999.0,25.0,0,ttc_capped,0.0007,table,1,37.496609,126.957901,0.136,17.3,1,37.496826,126.957947,0.098,0.0,2.01,19.06
1786956440.758,4124,2,2,2,2,1,heartbeat,0,19.25,-7.92,9999.0,25.0,0,ttc_capped,0.0007,table,1,37.496609,126.957901,0.139,17.3,1,37.496826,126.957947,0.098,0.0,2.09,19.13
1786956440.968,4126,2,2,2,2,1,heartbeat,0,19.11,-6.42,9999.0,25.0,0,ttc_capped,0.0007,table,1,37.496605,126.957901,0.126,17.3,1,37.496826,126.957947,0.098,0.0,2.2,18.98
1786956441.178,4128,2,2,2,2,1,heartbeat,0,18.85,-5.08,9999.0,25.0,0,ttc_capped,0.0007,table,1,37.496605,126.957901,0.12,15.29,1,37.496826,126.957947,0.098,0.0,2.34,18.7
1786956441.285,4129,0,0,2,2,1,change,0,18.71,-4.5,9999.0,25.0,0,ttc_capped,0.0007,table,1,37.496601,126.957901,0.114,15.29,1,37.496826,126.957947,0.098,0.0,2.41,18.56
1786956441.497,4131,0,0,0,2,1,heartbeat,0,18.4,-3.45,9999.0,25.0,0,ttc_capped,0.0007,table,1,37.496601,126.957901,0.099,15.29,1,37.496826,126.957947,0.098,0.0,2.55,18.22
1786956441.714,4133,0,0,0,0,1,heartbeat,0,18.09,-2.56,9999.0,25.0,0,ttc_capped,0.0007,table,1,37.496597,126.957901,0.082,15.29,1,37.496826,126.957947,0.098,0.0,2.69,17.88
1786956441.936,4135,0,0,0,0,1,heartbeat,0,17.42,-1.53,9999.0,25.0,0,ttc_capped,0.0007,table,1,37.496597,126.957901,0.091,15.29,1,37.496826,126.957947,0.098,0.0,2.91,17.17
1786956442.142,4137,0,0,0,0,1,heartbeat,0,17.23,-1.03,9999.0,25.0,0,ttc_capped,0.0007,table,1,37.496593,126.957909,0.103,15.29,1,37.496826,126.957947,0.098,0.0,3.0,16.97
1786956442.346,4139,0,0,0,0,1,heartbeat,0,17.07,-0.62,9999.0,25.0,0,ttc_capped,0.0007,table,1,37.496593,126.957909,0.094,15.29,1,37.496826,126.957947,0.098,0.0,3.08,16.78
1786956442.556,4141,0,0,0,0,1,heartbeat,0,16.94,-0.3,9999.0,25.0,0,ttc_capped,0.0007,table,1,37.496593,126.957909,0.101,15.29,1,37.496826,126.957947,0.098,0.0,3.16,16.64
1786956442.762,4143,0,0,0,0,1,heartbeat,0,16.84,-0.06,9999.0,25.0,0,ttc_capped,0.0003,table,1,37.49659,126.957909,0.119,0.0,1,37.496826,126.957947,0.098,0.0,3.22,16.53
1786956442.974,4145,0,0,0,0,1,heartbeat,0,16.78,0.12,139.11,5.6,0,ttc_capped,0.0028,table,1,37.49659,126.957909,0.121,0.0,1,37.496826,126.957947,0.098,0.0,3.28,16.46
1786956443.19,4147,0,0,0,0,1,heartbeat,0,16.76,0.24,68.64,5.6,0,ttc_capped,0.0091,table,1,37.49659,126.957909,0.112,0.0,1,37.496826,126.957947,0.098,0.0,3.32,16.43
1786956443.396,4149,0,0,0,0,1,heartbeat,0,19.34,-1.52,9999.0,25.0,0,ttc_capped,0.0007,table,1,37.49659,126.957909,0.091,0.0,1,37.49691,126.957916,0.064,0.0,2.56,19.17
1786956443.608,4151,0,0,0,0,1,heartbeat,0,21.59,-2.8,9999.0,18.0,0,ttc_capped,0.0007,table,1,37.49659,126.957909,0.108,0.0,1,37.49691,126.957916,0.064,0.0,1.91,21.51
1786956443.818,4153,0,0,0,0,1,heartbeat,0,23.49,-3.64,9999.0,18.0,0,ttc_capped,0.0007,table,1,37.49659,126.957909,0.11,0.0,1,37.49691,126.957916,0.064,0.0,1.38,23.45
1786956444.029,4155,0,0,0,0,1,heartbeat,0,25.05,-4.1,9999.0,18.0,0,ttc_capped,0.0007,table,1,37.49659,126.957909,0.145,0.0,1,37.49691,126.957916,0.064,0.0,0.96,25.03
1786956444.24,4157,0,0,0,0,1,heartbeat,0,26.28,-4.25,9999.0,18.0,0,ttc_capped,0.0007,table,1,37.49659,126.957909,0.139,11.96,1,37.49691,126.957916,0.064,0.0,0.64,26.27
1786956444.453,4159,0,0,0,0,1,heartbeat,0,27.22,-4.18,9999.0,18.0,0,ttc_capped,0.0007,table,1,37.49659,126.957909,0.123,11.96,1,37.49691,126.957916,0.04,0.0,0.41,27.21
1786956444.662,4160,0,0,0,0,1,heartbeat,0,27.61,-3.77,9999.0,18.0,0,ttc_capped,0.0008,table,1,37.49659,126.957909,0.123,11.72,1,37.49691,126.957916,0.04,0.0,0.31,27.61
1786956444.885,4163,0,0,0,0,1,heartbeat,0,28.19,-3.42,9999.0,18.0,0,ttc_capped,0.0007,table,1,37.49659,126.957909,0.1,11.72,1,37.49691,126.957916,0.04,0.0,0.21,28.19
1786956445.089,4165,0,0,0,0,1,heartbeat,0,28.48,-3.01,9999.0,18.0,0,ttc_capped,0.0007,table,1,37.49659,126.957909,0.11,11.72,1,37.49691,126.957916,0.04,0.0,0.16,28.48
1786956445.296,4167,0,0,0,0,1,heartbeat,0,28.74,-2.63,9999.0,18.0,0,ttc_capped,0.0011,table,1,37.49659,126.957909,0.104,11.72,1,37.496914,126.957916,0.023,0.0,0.15,28.74
1786956445.515,4169,0,0,0,0,1,heartbeat,0,28.98,-2.29,9999.0,18.0,0,ttc_capped,0.0011,table,1,37.49659,126.957901,0.095,11.72,1,37.496914,126.957916,0.023,0.0,0.17,28.98
1786956445.718,4171,0,0,0,0,1,heartbeat,0,29.11,-1.94,9999.0,18.0,0,ttc_capped,0.0008,table,1,37.49659,126.957901,0.076,11.72,1,37.496914,126.957916,0.023,0.0,0.22,29.11
1786956445.931,4173,0,0,0,0,1,heartbeat,0,29.2,-1.6,9999.0,18.0,0,ttc_capped,0.0008,table,1,37.49659,126.957901,0.062,11.72,1,37.496914,126.957916,0.023,0.0,0.27,29.2
1786956446.142,4175,0,0,0,0,1,heartbeat,0,29.24,-1.29,9999.0,18.0,0,ttc_capped,0.0008,table,1,37.49659,126.957901,0.04,0.0,1,37.496914,126.957916,0.023,0.0,0.33,29.23
1786956446.355,4177,0,0,0,0,1,heartbeat,0,29.24,-1.0,9999.0,18.0,0,ttc_capped,0.0008,table,1,37.49659,126.957901,0.057,0.0,1,37.496914,126.957916,0.019,0.0,0.39,29.24
1786956446.563,4179,0,0,0,0,1,heartbeat,0,29.23,-0.75,9999.0,18.0,0,ttc_capped,0.001,table,1,37.49659,126.957901,0.055,0.0,1,37.496914,126.957916,0.019,0.0,0.45,29.23
1786956446.775,4181,0,0,0,0,1,heartbeat,0,29.22,-0.54,9999.0,18.0,0,ttc_capped,0.001,table,1,37.49659,126.957901,0.068,0.0,1,37.496914,126.957916,0.019,0.0,0.52,29.21
1786956446.988,4183,0,0,0,0,1,heartbeat,0,29.2,-0.36,9999.0,18.0,0,ttc_capped,0.001,table,1,37.496593,126.957901,0.078,0.0,1,37.496914,126.957916,0.019,0.0,0.57,29.19
1786956447.197,4185,0,0,0,0,1,heartbeat,0,29.18,-0.21,9999.0,18.0,0,ttc_capped,0.0012,table,1,37.496593,126.957901,0.103,0.0,1,37.496914,126.957916,0.019,0.0,0.62,29.18
1786956447.408,4187,0,0,0,0,1,heartbeat,0,29.18,-0.09,9999.0,18.0,0,ttc_capped,0.0003,table,1,37.496593,126.957901,0.103,0.0,1,37.496914,126.957916,0.012,0.0,0.67,29.17
1786956447.617,4189,0,0,0,0,1,heartbeat,0,29.19,-0.0,9999.0,18.0,0,ttc_capped,0.0146,table,1,37.496593,126.957901,0.105,0.0,1,37.496914,126.957916,0.012,0.0,0.71,29.18
1786956447.818,4190,0,0,0,0,1,heartbeat,0,29.13,0.08,351.55,4.2,0,ttc_capped,0.0047,table,1,37.496593,126.957901,0.105,0.0,1,37.496914,126.957916,0.012,0.0,0.75,29.12
1786956448.031,4192,0,0,0,0,1,heartbeat,0,29.18,0.12,247.88,4.2,0,ttc_capped,0.0047,table,1,37.496593,126.957901,0.1,0.0,1,37.496914,126.957916,0.012,0.0,0.77,29.17
1786956448.232,4194,0,0,0,0,1,heartbeat,0,29.31,0.09,333.9,4.2,0,ttc_capped,0.0038,table,1,37.496593,126.957901,0.083,0.0,1,37.496918,126.957916,0.011,0.0,0.79,29.29
1786956448.435,4196,0,0,0,0,1,heartbeat,0,29.48,0.02,1525.88,4.2,0,ttc_capped,0.0036,table,1,37.496597,126.957909,0.069,0.0,1,37.496918,126.957916,0.011,0.0,0.8,29.47
1786956448.638,4198,0,0,0,0,1,heartbeat,0,29.65,-0.03,9999.0,18.0,0,ttc_capped,0.0004,table,1,37.496597,126.957909,0.063,0.0,1,37.496918,126.957916,0.011,0.0,0.81,29.64
1786956448.838,4200,0,0,0,0,1,heartbeat,0,29.8,-0.07,9999.0,18.0,0,ttc_capped,0.0003,table,1,37.496597,126.957909,0.064,0.0,1,37.496918,126.957916,0.011,0.0,0.81,29.79
1786956449.04,4202,0,0,0,0,1,heartbeat,0,29.95,-0.09,9999.0,18.0,0,ttc_capped,0.0003,table,1,37.496597,126.957909,0.09,0.0,1,37.496918,126.957916,0.011,0.0,0.81,29.94
1786956449.246,4204,0,0,0,0,1,heartbeat,0,30.08,-0.1,9999.0,18.0,0,ttc_capped,0.0003,table,1,37.496597,126.957909,0.111,0.0,1,37.496918,126.957916,0.018,0.0,0.8,30.07
1786956449.448,4206,0,0,0,0,1,heartbeat,0,30.2,-0.11,9999.0,18.0,0,ttc_capped,0.0003,table,1,37.496597,126.957901,0.14,0.0,1,37.496918,126.957916,0.018,0.0,0.81,30.19
1786956449.648,4208,0,0,0,0,1,heartbeat,0,30.32,-0.11,9999.0,18.0,0,ttc_capped,0.0003,table,1,37.496593,126.957901,0.118,0.0,1,37.496918,126.957916,0.018,0.0,0.81,30.31
1786956449.859,4210,0,0,0,0,1,heartbeat,0,30.44,-0.11,9999.0,18.0,0,ttc_capped,0.0003,table,1,37.496593,126.957901,0.104,0.0,1,37.496918,126.957916,0.018,0.0,0.82,30.42
1786956450.081,4212,0,0,0,0,1,heartbeat,0,30.54,-0.1,9999.0,18.0,0,ttc_capped,0.0003,table,1,37.496593,126.957901,0.105,0.0,1,37.496918,126.957916,0.018,0.0,0.83,30.53
1786956450.284,4214,0,0,0,0,1,heartbeat,0,30.65,-0.09,9999.0,18.0,0,ttc_capped,0.0003,table,1,37.496593,126.957901,0.115,0.0,1,37.496918,126.957916,0.014,0.0,0.84,30.63
1786956450.493,4216,0,0,0,0,1,heartbeat,0,30.74,-0.08,9999.0,18.0,0,ttc_capped,0.0003,table,1,37.496593,126.957893,0.111,0.0,1,37.496918,126.957916,0.014,0.0,0.85,30.73
1786956450.701,4218,0,0,0,0,1,heartbeat,0,30.84,-0.06,9999.0,18.0,0,ttc_capped,0.0003,table,1,37.496593,126.957893,0.106,0.0,1,37.496918,126.957916,0.014,0.0,0.87,30.82
1786956450.923,4220,0,0,0,0,1,heartbeat,0,30.92,-0.05,9999.0,18.0,0,ttc_capped,0.0003,table,1,37.496597,126.957893,0.094,0.0,1,37.496918,126.957916,0.014,0.0,0.88,30.91
1786956451.124,4222,0,0,0,0,1,heartbeat,0,31.0,-0.04,9999.0,18.0,0,ttc_capped,0.0003,table,1,37.496597,126.957893,0.076,0.0,1,37.496918,126.957916,0.014,0.0,0.9,30.99
1786956451.329,4224,0,0,0,0,1,heartbeat,0,31.21,-0.13,9999.0,18.0,0,ttc_capped,0.0003,table,1,37.496597,126.957893,0.062,0.0,1,37.496922,126.957916,0.02,0.0,0.92,31.19
1786956451.533,4226,0,0,0,0,1,heartbeat,0,31.39,-0.18,9999.0,18.0,0,ttc_capped,0.0011,table,1,37.496597,126.957893,0.042,0.0,1,37.496922,126.957916,0.02,0.0,0.94,31.37
1786956451.735,4228,0,0,0,0,1,heartbeat,0,31.55,-0.22,9999.0,18.0,0,ttc_capped,0.0011,table,1,37.496597,126.957893,0.034,0.0,1,37.496922,126.957916,0.02,0.0,0.95,31.53
1786956451.949,4230,0,0,0,0,1,heartbeat,0,31.69,-0.23,9999.0,18.0,0,ttc_capped,0.0013,table,1,37.496597,126.957893,0.028,0.0,1,37.496922,126.957916,0.02,0.0,0.97,31.68
1786956452.166,4232,0,0,0,0,1,heartbeat,0,31.82,-0.23,9999.0,18.0,0,ttc_capped,0.0013,table,1,37.496597,126.957886,0.027,0.0,1,37.496922,126.957916,0.02,0.0,1.0,31.8
1786956452.369,4234,0,0,0,0,1,heartbeat,0,31.93,-0.22,9999.0,18.0,0,ttc_capped,0.0013,table,1,37.496597,126.957886,0.027,0.0,1,37.496922,126.957916,0.025,0.0,1.03,31.91
1786956452.585,4236,0,0,0,0,1,heartbeat,0,32.04,-0.21,9999.0,18.0,0,ttc_capped,0.0013,table,1,37.496593,126.957886,0.035,0.0,1,37.496922,126.957916,0.025,0.0,1.05,32.02
1786956452.789,4238,0,0,0,0,1,heartbeat,0,32.13,-0.19,9999.0,18.0,0,ttc_capped,0.0013,table,1,37.496593,126.957886,0.033,0.0,1,37.496922,126.957916,0.025,0.0,1.08,32.11
1786956453.0,4240,0,0,0,0,1,heartbeat,0,32.22,-0.17,9999.0,18.0,0,ttc_capped,0.0013,table,1,37.49659,126.957886,0.027,0.0,1,37.496922,126.957916,0.025,0.0,1.11,32.2
1786956453.211,4242,0,0,0,0,1,heartbeat,0,32.3,-0.14,9999.0,18.0,0,ttc_capped,0.0013,table,1,37.49659,126.957886,0.025,0.0,1,37.496922,126.957916,0.025,0.0,1.13,32.28
1786956453.422,4244,0,0,0,0,1,heartbeat,0,32.38,-0.12,9999.0,18.0,0,ttc_capped,0.0013,table,1,37.49659,126.957893,0.034,0.0,1,37.496922,126.957916,0.026,0.0,1.15,32.36
1786956453.635,4246,0,0,0,0,1,heartbeat,0,32.46,-0.1,9999.0,18.0,0,ttc_capped,0.0013,table,1,37.496586,126.957893,0.042,0.0,1,37.496922,126.957916,0.026,0.0,1.17,32.43
1786956453.844,4248,0,0,0,0,1,heartbeat,0,32.53,-0.08,9999.0,18.0,0,ttc_capped,0.0013,table,1,37.496586,126.957893,0.047,0.0,1,37.496922,126.957916,0.026,0.0,1.18,32.51
1786956454.046,4249,0,0,0,0,1,heartbeat,0,32.55,-0.05,9999.0,18.0,0,ttc_capped,0.0015,table,1,37.496586,126.957893,0.047,0.0,1,37.496922,126.957916,0.026,0.0,1.19,32.53
1786956454.251,4251,0,0,0,0,1,heartbeat,0,32.68,-0.07,9999.0,18.0,0,ttc_capped,0.0013,table,1,37.496586,126.957893,0.036,0.0,1,37.496925,126.957916,0.026,0.0,1.2,32.65
1786956454.453,4253,0,0,0,0,1,heartbeat,0,32.84,-0.12,9999.0,18.0,0,ttc_capped,0.0013,table,1,37.496582,126.957893,0.031,0.0,1,37.496925,126.957916,0.026,0.0,1.22,32.82
1786956454.654,4255,0,0,0,0,1,heartbeat,0,32.99,-0.15,9999.0,18.0,0,ttc_capped,0.0013,table,1,37.496582,126.957893,0.038,0.0,1,37.496925,126.957916,0.026,0.0,1.23,32.97
1786956454.856,4257,0,0,0,0,1,heartbeat,0,33.14,-0.17,9999.0,18.0,0,ttc_capped,0.0013,table,1,37.496578,126.957893,0.037,0.0,1,37.496925,126.957916,0.026,0.0,1.24,33.11
1786956455.11,4260,0,0,0,0,1,heartbeat,0,33.32,-0.17,9999.0,18.0,0,ttc_capped,0.0013,table,1,37.496578,126.957901,0.039,0.0,1,37.496925,126.957916,0.026,0.0,1.25,33.3
1786956455.322,4262,0,0,0,0,1,heartbeat,0,33.45,-0.16,9999.0,18.0,0,ttc_capped,0.0008,table,1,37.496574,126.957901,0.034,0.0,1,37.496925,126.957909,0.026,0.0,1.16,33.42
1786956455.536,4264,0,0,0,0,1,heartbeat,0,33.56,-0.15,9999.0,18.0,0,ttc_capped,0.0006,table,1,37.496574,126.957901,0.033,0.0,1,37.496925,126.957909,0.026,0.0,0.99,33.54
1786956455.745,4266,0,0,0,0,1,heartbeat,0,33.66,-0.14,9999.0,18.0,0,ttc_capped,0.0006,table,1,37.496574,126.957901,0.032,0.0,1,37.496925,126.957909,0.026,0.0,0.86,33.65
1786956455.958,4268,0,0,0,0,1,heartbeat,0,33.76,-0.12,9999.0,18.0,0,ttc_capped,0.0006,table,1,37.496571,126.957901,0.032,0.0,1,37.496925,126.957909,0.026,0.0,0.75,33.75
1786956456.167,4270,0,0,0,0,1,heartbeat,0,33.86,-0.1,9999.0,18.0,0,ttc_capped,0.0006,table,1,37.496571,126.957901,0.035,0.0,1,37.496925,126.957909,0.026,0.0,0.66,33.85
1786956456.38,4272,0,0,0,0,1,heartbeat,0,33.95,-0.09,9999.0,18.0,0,ttc_capped,0.0006,table,1,37.496571,126.957901,0.044,0.0,1,37.496925,126.957909,0.026,0.0,0.6,33.94
1786956456.589,4274,0,0,0,0,1,heartbeat,0,34.04,-0.07,9999.0,18.0,0,ttc_capped,0.0006,table,1,37.496567,126.957909,0.092,0.0,1,37.496925,126.957909,0.026,0.0,0.55,34.03
1786956456.8,4276,0,0,0,0,1,heartbeat,0,34.13,-0.06,9999.0,18.0,0,ttc_capped,0.0006,table,1,37.496567,126.957909,0.127,0.0,1,37.496925,126.957909,0.026,0.0,0.51,34.13
1786956457.022,4278,0,0,0,0,1,heartbeat,0,34.22,-0.04,9999.0,18.0,0,ttc_capped,0.0006,table,1,37.496563,126.957909,0.163,0.0,1,37.496925,126.957909,0.026,0.0,0.5,34.21
1786956457.228,4280,0,0,0,0,1,heartbeat,0,34.31,-0.03,9999.0,18.0,0,ttc_capped,0.0009,table,1,37.496563,126.957916,0.153,0.0,1,37.496925,126.957909,0.026,0.0,0.48,34.31
1786956457.433,4282,0,0,0,0,1,heartbeat,0,34.41,-0.02,9999.0,18.0,0,ttc_capped,0.0006,table,1,37.496559,126.957916,0.141,0.0,1,37.496925,126.957909,0.026,0.0,0.46,34.41
1786956457.643,4284,0,0,0,0,1,heartbeat,0,34.51,-0.01,9999.0,18.0,0,ttc_capped,0.0006,table,1,37.496559,126.957916,0.122,0.0,1,37.496925,126.957909,0.026,0.0,0.45,34.51
1786956457.855,4286,0,0,0,0,1,heartbeat,0,34.61,-0.01,9999.0,18.0,0,ttc_capped,0.0006,table,1,37.496559,126.957916,0.105,0.0,1,37.496925,126.957909,0.026,0.0,0.43,34.61
1786956458.065,4288,0,0,0,0,1,heartbeat,0,34.71,-0.0,9999.0,18.0,0,ttc_capped,0.0192,table,1,37.496559,126.957916,0.108,0.0,1,37.496925,126.957909,0.026,0.0,0.43,34.71
1786956458.277,4290,0,0,0,0,1,heartbeat,0,34.81,-0.0,9999.0,18.0,0,ttc_capped,0.0192,table,1,37.496559,126.957916,0.074,0.0,1,37.496925,126.957909,0.023,0.0,0.42,34.8
1786956458.487,4292,0,0,0,0,1,heartbeat,0,34.9,0.0,19210.81,4.2,0,ttc_capped,0.015,table,1,37.496559,126.957909,0.073,0.0,1,37.496925,126.957909,0.023,0.0,0.42,34.9
1786956458.701,4294,0,0,0,0,1,heartbeat,0,35.0,0.0,11007.12,4.2,0,ttc_capped,0.015,table,1,37.496559,126.957909,0.067,23.45,1,37.496925,126.957909,0.023,0.0,0.42,35.0
1786956458.916,4296,0,0,0,0,1,heartbeat,0,35.08,0.0,8476.81,4.2,0,ttc_capped,0.0147,table,1,37.496563,126.957909,0.046,23.45,1,37.496925,126.957909,0.023,0.0,0.43,35.08
1786956459.13,4298,0,0,0,0,1,heartbeat,0,35.17,0.0,7971.92,4.2,0,ttc_capped,0.0056,table,1,37.496563,126.957909,0.037,23.45,1,37.496925,126.957909,0.023,0.0,0.43,35.17
1786956459.342,4300,0,0,0,0,1,heartbeat,0,35.33,-0.05,9999.0,18.0,0,ttc_capped,0.0007,table,1,37.496563,126.957901,0.055,23.45,1,37.496929,126.957909,0.027,0.0,0.44,35.32
1786956459.545,4302,0,0,0,0,1,heartbeat,0,35.52,-0.13,9999.0,18.0,0,ttc_capped,0.0007,table,1,37.496567,126.957901,0.044,23.45,1,37.496929,126.957909,0.027,0.0,0.45,35.52
1786956459.758,4304,0,0,0,0,1,heartbeat,0,35.7,-0.18,9999.0,18.0,0,ttc_capped,0.0007,table,1,37.496567,126.957901,0.119,23.45,1,37.496929,126.957909,0.027,0.0,0.46,35.7
1786956459.959,4305,0,0,0,0,1,heartbeat,0,35.83,-0.22,9999.0,18.0,0,ttc_capped,0.0007,table,1,37.496567,126.957901,0.124,23.45,1,37.496929,126.957909,0.027,0.0,0.47,35.82
1786956460.167,4307,0,0,0,0,1,heartbeat,0,35.95,-0.22,9999.0,18.0,0,ttc_capped,0.0007,table,1,37.496567,126.957901,0.127,23.45,1,37.496929,126.957909,0.027,0.0,0.47,35.95
1786956460.369,4309,0,0,0,0,1,heartbeat,0,36.07,-0.22,9999.0,18.0,0,ttc_capped,0.0007,table,1,37.496567,126.957901,0.211,0.0,1,37.496929,126.957909,0.026,0.0,0.48,36.06
1786956460.57,4311,0,0,0,0,1,heartbeat,0,36.16,-0.2,9999.0,18.0,0,ttc_capped,0.0007,table,1,37.496567,126.957893,0.207,0.0,1,37.496929,126.957909,0.026,0.0,0.49,36.16
1786956460.78,4313,0,0,0,0,1,heartbeat,0,36.25,-0.19,9999.0,18.0,0,ttc_capped,0.0007,table,1,37.496567,126.957893,0.297,0.0,1,37.496929,126.957909,0.026,0.0,0.51,36.25
1786956460.981,4315,0,0,0,0,1,heartbeat,0,36.33,-0.17,9999.0,18.0,0,ttc_capped,0.0007,table,1,37.496567,126.957893,0.429,0.0,1,37.496929,126.957909,0.026,0.0,0.52,36.33
1786956461.185,4317,0,0,0,0,1,heartbeat,0,36.4,-0.14,9999.0,18.0,0,ttc_capped,0.0007,table,1,37.496567,126.957893,0.43,0.0,1,37.496929,126.957909,0.026,0.0,0.54,36.4
1786956461.445,4320,0,0,0,0,1,heartbeat,0,36.54,-0.14,9999.0,18.0,0,ttc_capped,0.0007,table,1,37.496567,126.957901,0.338,0.0,1,37.496929,126.957909,0.026,0.0,0.55,36.54
1786956461.653,4322,0,0,0,0,1,heartbeat,0,36.64,-0.14,9999.0,18.0,0,ttc_capped,0.0006,table,1,37.496563,126.957901,0.377,0.0,1,37.496929,126.957909,0.026,0.0,0.55,36.63
1786956462.099,4326,0,0,0,0,1,heartbeat,0,36.56,0.17,220.32,4.2,0,ttc_capped,0.0017,table,1,37.496559,126.957901,0.416,0.0,1,37.496925,126.957893,0.371,0.0,-0.05,36.56
1786956462.319,4328,0,0,0,0,1,heartbeat,0,36.4,0.34,107.9,4.2,0,ttc_capped,0.0012,table,1,37.496559,126.957901,0.474,0.0,1,37.496925,126.957893,0.358,0.0,-0.6,36.4
1786956462.619,4330,0,0,0,0,1,heartbeat,0,36.78,-0.43,9999.0,18.0,0,ttc_capped,0.0001,table,1,37.496559,126.957901,0.548,0.0,1,37.496922,126.957886,0.329,350.51,-0.53,36.78
1786956462.821,4333,0,0,0,0,1,heartbeat,0,36.86,-0.34,9999.0,18.0,0,ttc_capped,0.0001,table,1,37.496559,126.957909,0.449,0.0,1,37.496922,126.957886,0.329,350.51,-0.7,36.85
1786956463.03,4335,0,0,0,0,1,heartbeat,0,36.88,-0.28,9999.0,18.0,0,ttc_capped,0.0001,table,1,37.496555,126.957916,0.475,0.0,1,37.496922,126.957886,0.257,350.51,-0.94,36.87
1786956463.237,4337,0,0,0,0,1,heartbeat,0,36.96,-0.48,9999.0,18.0,0,ttc_capped,0.0001,table,1,37.496555,126.957916,0.52,0.0,1,37.496918,126.957878,0.424,350.51,-1.15,36.94
1786956463.446,4339,0,0,0,0,1,heartbeat,0,37.07,-0.77,9999.0,18.0,0,ttc_capped,0.0,table,1,37.496555,126.957924,0.657,0.0,1,37.496914,126.957878,0.583,350.51,-1.39,37.04
1786956463.651,4340,0,0,0,0,1,heartbeat,0,37.08,-1.24,9999.0,18.0,0,ttc_capped,0.0001,table,1,37.496555,126.957924,0.657,0.0,1,37.496906,126.95787,1.001,350.89,-1.79,37.04
1786956463.857,4342,0,0,0,0,1,heartbeat,0,37.48,-1.8,9999.0,18.0,0,ttc_capped,0.0001,table,1,37.496552,126.957924,0.763,0.0,1,37.496899,126.95787,1.053,351.21,-2.13,37.42
1786956464.081,4345,0,0,0,0,1,heartbeat,0,38.37,-2.72,9999.0,18.0,0,ttc_capped,0.0001,table,1,37.496548,126.957932,0.957,0.0,1,37.496891,126.95787,1.044,348.98,-2.77,38.27
1786956464.297,4347,0,0,0,0,1,heartbeat,0,39.19,-3.3,9999.0,18.0,0,ttc_capped,0.0,table,1,37.496548,126.957939,1.018,0.0,1,37.496883,126.95787,0.949,345.44,-3.42,39.04
1786956464.503,4349,0,0,0,0,1,heartbeat,0,39.97,-3.72,9999.0,18.0,0,ttc_capped,0.0,table,1,37.496548,126.957939,0.945,0.0,1,37.496876,126.95787,0.883,343.13,-4.13,39.76
1786956464.713,4351,0,0,0,0,1,heartbeat,0,40.63,-3.98,9999.0,10.0,0,ttc_capped,0.0,table,1,37.496548,126.957947,0.832,0.0,1,37.496868,126.95787,0.869,341.48,-4.97,40.33
1786956464.927,4353,0,0,0,0,1,heartbeat,0,41.13,-4.06,9999.0,10.0,0,ttc_capped,0.0,table,1,37.496548,126.957947,0.757,0.0,1,37.496861,126.95787,0.872,339.77,-5.71,40.73
1786956465.135,4355,0,0,0,0,1,heartbeat,0,41.38,-3.96,9999.0,10.0,0,ttc_capped,0.0,table,1,37.496548,126.957947,0.76,0.0,1,37.496849,126.95787,0.824,338.66,-6.3,40.9
1786956465.347,4357,0,0,0,0,1,heartbeat,0,41.48,-3.78,9999.0,10.0,0,ttc_capped,0.0,table,1,37.496548,126.957954,0.741,0.0,1,37.496841,126.95787,0.826,337.72,-6.94,40.9
1786956465.558,4359,0,0,0,0,1,heartbeat,0,41.42,-3.52,9999.0,10.0,0,ttc_capped,0.0,table,1,37.496548,126.957954,0.725,0.0,1,37.496834,126.95787,0.814,336.32,-7.42,40.75
1786956465.769,4361,0,0,0,0,1,heartbeat,0,41.25,-3.23,9999.0,10.0,0,ttc_capped,0.0,table,1,37.496548,126.957962,0.764,0.0,1,37.496826,126.95787,0.796,335.41,-7.99,40.47
1786956465.98,4363,0,0,0,0,1,heartbeat,0,40.98,-2.9,9999.0,10.0,0,ttc_capped,0.0,table,1,37.496548,126.957962,0.684,0.0,1,37.496819,126.95787,0.771,332.73,-8.42,40.11
1786956466.192,4365,0,0,0,0,1,heartbeat,0,39.47,-0.78,9999.0,18.0,0,ttc_capped,0.0023,table,1,37.496552,126.957962,0.426,0.0,1,37.496811,126.957863,0.856,328.08,-7.61,38.73
1786956466.395,4366,0,0,0,0,1,heartbeat,0,38.77,-0.69,9999.0,18.0,0,ttc_capped,0.0001,table,1,37.496552,126.957962,0.426,0.0,1,37.496799,126.957863,0.798,317.01,-7.8,37.97
1786956466.598,4368,0,0,0,0,1,heartbeat,0,38.31,-0.64,9999.0,18.0,0,ttc_capped,0.0003,table,1,37.496552,126.95797,0.354,0.0,1,37.496792,126.957863,0.888,307.76,-8.09,37.45
1786956466.799,4370,0,0,0,0,1,heartbeat,0,37.82,-0.58,9999.0,18.0,0,ttc_capped,0.0003,table,1,37.496555,126.95797,0.275,0.0,1,37.496784,126.957863,0.866,299.8,-8.37,36.88
1786956466.999,4371,0,0,0,0,1,heartbeat,0,37.35,-0.5,9999.0,18.0,0,ttc_capped,0.0003,table,1,37.496555,126.95797,0.253,0.0,1,37.49678,126.957863,0.824,293.4,-8.57,36.35
1786956467.205,4374,0,0,0,0,1,heartbeat,0,36.88,-0.46,9999.0,18.0,0,ttc_capped,0.0003,table,1,37.496555,126.95797,0.24,0.0,1,37.496777,126.957855,0.955,288.74,-8.85,35.8
1786956467.413,4376,0,0,0,0,1,heartbeat,0,36.42,-0.45,9999.0,18.0,0,ttc_capped,0.0004,table,1,37.496555,126.95797,0.286,0.0,1,37.496773,126.957855,0.958,287.04,-9.13,35.26
1786956467.623,4378,0,0,0,0,1,heartbeat,0,36.0,-0.47,9999.0,18.0,0,ttc_capped,0.0004,table,1,37.496555,126.957977,0.279,0.0,1,37.496769,126.957855,1.012,288.28,-9.44,34.74
1786956467.877,4381,0,0,0,0,1,heartbeat,0,35.62,-0.53,9999.0,18.0,0,ttc_capped,0.0004,table,1,37.496559,126.957977,0.363,0.0,1,37.496765,126.957855,1.061,291.15,-9.73,34.27
1786956468.089,4383,0,0,0,0,1,heartbeat,0,35.24,-0.58,9999.0,18.0,0,ttc_capped,0.0004,table,1,37.496559,126.957977,0.34,346.71,1,37.496761,126.957848,1.022,295.24,-10.04,33.77
1786956468.297,4385,0,0,0,0,1,heartbeat,0,34.87,-0.62,9999.0,18.0,0,ttc_capped,0.0008,table,1,37.496559,126.957977,0.398,346.71,1,37.496758,126.957848,1.005,296.9,-10.32,33.3
1786956468.511,4387,0,0,0,0,1,heartbeat,0,34.51,-0.6,9999.0,18.0,0,ttc_capped,0.0008,table,1,37.496559,126.957977,0.379,346.71,1,37.496754,126.957848,0.886,297.23,-10.56,32.85
1786956468.721,4389,0,0,0,0,1,heartbeat,0,34.14,-0.49,9999.0,18.0,0,ttc_capped,0.0008,table,1,37.496559,126.957977,0.353,346.71,1,37.496754,126.95784,0.61,297.23,-10.77,32.39
1786956468.933,4391,0,0,0,0,1,heartbeat,0,33.74,-0.36,9999.0,18.0,0,ttc_capped,0.0012,table,1,37.496563,126.957977,0.334,346.71,1,37.496754,126.95784,0.444,297.23,-10.93,31.92
1786956469.147,4393,0,0,0,0,1,heartbeat,0,33.37,-0.29,9999.0,18.0,0,ttc_capped,0.001,table,1,37.496563,126.957977,0.314,344.8,1,37.49675,126.95784,0.438,297.45,-11.05,31.49
1786956469.362,4395,0,0,0,0,1,heartbeat,0,32.99,-0.3,9999.0,18.0,0,ttc_capped,0.001,table,1,37.496563,126.957977,0.309,344.8,1,37.496742,126.95784,0.535,296.66,-11.2,31.03
1786956469.567,4395,0,0,0,0,1,heartbeat,0,32.43,-0.33,9999.0,18.0,0,ttc_capped,0.0006,table,1,37.496563,126.957977,0.309,344.8,1,37.496735,126.957832,0.556,296.15,-11.32,30.38
1786956469.772,4398,0,0,0,0,1,heartbeat,0,32.05,-0.36,9999.0,18.0,0,ttc_capped,0.0006,table,1,37.496563,126.957977,0.28,344.1,1,37.496731,126.957832,0.599,295.81,-11.5,29.92
1786956469.994,4401,0,0,0,0,1,heartbeat,0,31.72,-0.41,9999.0,18.0,0,ttc_capped,0.0006,table,1,37.496563,126.957977,0.28,343.96,1,37.496731,126.957832,0.683,294.95,-11.69,29.48
1786956470.198,4403,0,0,0,0,1,heartbeat,0,31.34,-0.39,9999.0,18.0,0,ttc_capped,0.0006,table,1,37.496571,126.957977,0.22,342.5,1,37.496727,126.957825,0.676,288.22,-11.9,29.0
1786956470.41,4405,0,0,0,0,1,heartbeat,0,31.03,-0.42,9999.0,18.0,0,ttc_capped,0.0006,table,1,37.496571,126.957977,0.22,342.5,1,37.496727,126.957825,0.775,286.45,-12.1,28.58
1786956470.62,4407,0,0,0,0,1,heartbeat,0,30.72,-0.51,9999.0,18.0,0,ttc_capped,0.0006,table,1,37.496574,126.95797,0.175,342.5,1,37.496723,126.957817,0.951,286.12,-12.36,28.12
1786956470.832,4409,0,0,0,0,1,heartbeat,0,30.43,-0.59,9999.0,18.0,0,ttc_capped,0.0006,table,1,37.496574,126.95797,0.157,342.5,1,37.496723,126.957817,1.005,287.71,-12.61,27.69
1786956471.044,4411,0,0,0,0,1,heartbeat,0,30.34,-0.69,9999.0,18.0,0,ttc_capped,0.0006,table,1,37.496574,126.95797,0.16,343.01,1,37.496723,126.957809,1.089,290.85,-12.85,27.48
1786956471.259,4413,0,0,0,0,1,heartbeat,0,30.43,-0.69,9999.0,18.0,0,ttc_capped,0.0006,table,1,37.496574,126.957977,0.136,342.71,1,37.496723,126.957809,1.089,290.85,-13.08,27.47
1786956471.468,4415,0,0,0,0,1,heartbeat,0,30.27,-0.86,9999.0,18.0,0,ttc_capped,0.0006,table,1,37.496574,126.957977,0.13,342.53,1,37.496727,126.957809,1.138,299.44,-13.35,27.17
1786956471.679,4417,0,0,0,0,1,heartbeat,0,30.23,-0.85,9999.0,18.0,0,ttc_capped,0.0006,table,1,37.496578,126.957977,0.117,342.27,1,37.496727,126.957802,1.024,304.43,-13.59,27.01
1786956471.888,4418,0,0,0,0,1,heartbeat,0,29.89,-0.73,9999.0,18.0,0,ttc_capped,0.0006,table,1,37.496578,126.957977,0.117,342.22,1,37.496731,126.957802,0.719,311.72,-13.8,26.51
1786956472.093,4420,0,0,0,0,1,heartbeat,0,29.67,-0.59,9999.0,18.0,0,ttc_capped,0.0006,table,1,37.496578,126.957985,0.119,341.45,1,37.496731,126.957802,0.545,311.72,-13.99,26.17
1786956472.3,4422,0,0,0,0,1,heartbeat,0,29.47,-0.48,9999.0,18.0,0,ttc_capped,0.0006,table,1,37.496578,126.957985,0.128,341.02,1,37.496735,126.957802,0.499,313.11,-14.15,25.85
1786956472.522,4425,0,0,0,0,1,heartbeat,0,29.3,-0.47,9999.0,18.0,0,ttc_capped,0.0006,table,1,37.496578,126.957985,0.132,340.87,1,37.496735,126.957794,0.525,314.01,-14.37,25.53
1786956472.738,4427,0,0,0,0,1,heartbeat,0,29.16,-0.46,9999.0,18.0,0,ttc_capped,0.0006,table,1,37.496578,126.957993,0.12,340.87,1,37.496735,126.957794,0.504,314.6,-14.57,25.26
1786956472.954,4429,0,0,0,0,1,heartbeat,0,29.02,-0.41,9999.0,18.0,0,ttc_capped,0.0006,table,1,37.496578,126.957993,0.134,340.87,1,37.496735,126.957794,0.427,314.6,-14.75,24.99
1786956473.158,4431,0,0,0,0,1,heartbeat,0,28.87,-0.35,9999.0,18.0,0,ttc_capped,0.0006,table,1,37.496582,126.957993,0.123,340.87,1,37.496738,126.957794,0.291,314.6,-14.92,24.71
1786956473.366,4433,0,0,0,0,1,heartbeat,0,28.68,-0.2,9999.0,18.0,0,ttc_capped,0.0006,table,1,37.49659,126.957993,0.112,340.87,1,37.496738,126.957794,0.215,314.6,-15.08,24.4
1786956473.576,4435,0,0,0,0,1,heartbeat,0,28.36,0.04,673.04,4.2,0,ttc_capped,0.0023,table,1,37.496597,126.957993,0.086,340.87,1,37.496738,126.957794,0.156,314.6,-15.27,23.9
1786956473.818,4436,0,0,0,0,1,heartbeat,0,27.73,0.58,47.62,4.2,0,ttc_capped,0.0012,table,1,37.496605,126.957993,0.108,340.87,1,37.496738,126.957794,0.091,314.6,-15.51,22.99
1786956474.024,4439,0,0,0,0,1,heartbeat,0,27.14,0.98,27.7,4.2,0,table,0.0562,table,1,37.496613,126.957993,0.083,339.02,1,37.496738,126.957794,0.081,314.6,-15.71,22.13
1786956474.234,4441,0,0,0,0,1,heartbeat,0,26.47,1.32,20.08,4.2,0,table,0.003,table,1,37.496616,126.957993,0.097,338.96,1,37.496738,126.957794,0.066,314.6,-15.9,21.16
1786956474.444,4443,0,0,0,0,1,heartbeat,0,25.77,1.54,16.69,4.2,0,table,0.0029,table,1,37.49662,126.957993,0.101,338.96,1,37.496738,126.957794,0.067,314.6,-16.1,20.13
1786956474.654,4445,0,0,0,0,1,heartbeat,0,25.15,1.65,15.27,4.2,0,table,0.0014,table,1,37.496624,126.957985,0.116,338.96,1,37.496738,126.957794,0.074,314.6,-16.24,19.19
1786956474.866,4447,0,0,0,0,1,heartbeat,0,24.66,1.66,14.89,4.2,0,table,0.001,table,1,37.496628,126.957985,0.111,338.96,1,37.496738,126.957794,0.066,314.6,-16.34,18.48
1786956475.143,4449,0,0,0,0,1,heartbeat,0,24.25,1.48,16.36,4.2,0,table,0.0049,table,1,37.496632,126.957985,0.126,338.96,1,37.496742,126.957794,0.071,314.6,-16.41,17.86
1786956475.35,4451,0,0,0,0,1,heartbeat,0,24.03,1.31,18.39,4.2,0,table,0.0059,table,1,37.496635,126.957985,0.136,338.96,1,37.496742,126.957794,0.064,314.6,-16.45,17.51
1786956475.55,4453,0,0,0,0,1,heartbeat,0,23.85,1.13,21.14,4.2,0,table,0.0064,table,1,37.496635,126.957977,0.143,338.96,1,37.496742,126.957794,0.055,314.6,-16.46,17.27
1786956475.755,4455,0,0,0,0,1,heartbeat,0,23.63,1.0,23.55,4.2,0,table,0.0087,table,1,37.496639,126.957977,0.125,0.0,1,37.496742,126.957794,0.043,314.6,-16.48,16.94
1786956475.957,4457,0,0,0,0,1,heartbeat,0,23.55,0.8,29.32,4.2,0,table,0.0087,table,1,37.496643,126.957977,0.115,0.0,1,37.496742,126.957794,0.037,314.6,-16.44,16.86
1786956476.162,4459,0,0,0,0,1,heartbeat,0,23.48,0.63,37.39,4.2,0,ttc_capped,0.0078,table,1,37.496647,126.957977,0.1,0.0,1,37.496742,126.957794,0.044,314.6,-16.41,16.79
1786956476.368,4461,0,0,0,0,1,heartbeat,0,23.4,0.48,49.09,4.2,0,ttc_capped,0.0078,table,1,37.496647,126.95797,0.094,0.0,1,37.496742,126.957794,0.038,314.6,-16.36,16.72
1786956476.576,4463,0,0,0,0,1,heartbeat,0,23.39,0.35,66.91,4.2,0,ttc_capped,0.0078,table,1,37.496651,126.95797,0.092,0.0,1,37.496742,126.957794,0.065,314.6,-16.32,16.76
1786956476.788,4465,0,0,0,0,1,heartbeat,0,23.31,0.24,97.01,4.2,0,ttc_capped,0.0078,table,1,37.496651,126.95797,0.094,347.36,1,37.496742,126.957794,0.107,314.6,-16.28,16.69
1786956477.09,4467,0,0,0,0,1,heartbeat,0,23.25,0.13,182.12,4.2,0,ttc_capped,0.0032,table,1,37.496655,126.95797,0.106,347.36,1,37.496746,126.957802,0.382,314.6,-16.02,16.85
1786956477.297,4467,0,0,0,0,1,heartbeat,0,23.65,-0.43,9999.0,18.0,0,ttc_capped,0.001,table,1,37.496655,126.95797,0.106,347.36,1,37.49675,126.957802,0.52,341.55,-16.08,17.35
1786956477.581,4473,0,0,0,0,1,heartbeat,0,23.6,-0.41,9999.0,18.0,0,ttc_capped,0.0007,table,1,37.496658,126.95797,0.152,350.65,1,37.49675,126.957802,0.666,10.14,-15.99,17.36
1786956477.794,4475,0,0,0,0,1,heartbeat,0,23.49,-0.24,9999.0,18.0,0,ttc_capped,0.001,table,1,37.496658,126.957962,0.165,351.04,1,37.496754,126.957802,0.789,32.69,-15.75,17.42
1786956478.008,4476,0,0,0,0,1,heartbeat,0,23.34,0.07,330.08,4.2,0,ttc_capped,0.0079,table,1,37.496658,126.957962,0.165,351.66,1,37.496754,126.957809,0.889,64.35,-15.42,17.52
1786956478.215,4479,0,0,0,0,1,heartbeat,0,23.14,0.15,149.47,4.2,0,ttc_capped,0.0095,table,1,37.496662,126.95797,0.293,353.23,1,37.496754,126.957809,0.889,64.35,-15.22,17.42
1786956478.42,4480,0,0,0,0,1,heartbeat,0,22.95,0.4,57.06,4.2,0,ttc_capped,0.0056,table,1,37.496662,126.95797,0.293,353.35,1,37.496754,126.957809,0.949,81.66,-14.97,17.4
1786956478.625,4482,0,0,0,0,1,heartbeat,0,22.65,0.55,41.37,4.2,0,ttc_capped,0.0065,table,1,37.496666,126.95797,0.282,352.45,1,37.496754,126.957817,1.025,89.71,-14.69,17.24
1786956478.825,4484,0,0,0,0,1,heartbeat,0,22.34,0.66,33.82,4.2,0,ttc_capped,0.0076,table,1,37.49667,126.957977,0.255,350.61,1,37.496754,126.957817,1.06,93.48,-14.44,17.04
1786956479.026,4486,0,0,0,0,1,heartbeat,0,22.06,0.71,31.26,4.2,0,ttc_capped,0.0094,table,1,37.49667,126.957977,0.206,349.14,1,37.496758,126.957817,1.011,95.33,-14.21,16.87
1786956479.234,4488,0,0,0,0,1,heartbeat,0,21.8,0.69,31.78,4.2,0,ttc_capped,0.0097,table,1,37.49667,126.957977,0.197,348.76,1,37.496758,126.957817,0.922,95.48,-14.01,16.7
1786956479.488,4491,0,0,0,0,1,heartbeat,0,21.5,0.63,33.87,4.2,0,ttc_capped,0.0084,table,1,37.496674,126.957977,0.203,348.26,1,37.496758,126.957825,0.847,93.92,-13.74,16.53
1786956479.704,4493,0,0,0,0,1,heartbeat,0,21.24,0.59,36.3,4.2,0,ttc_capped,0.0057,table,1,37.496677,126.957977,0.163,348.56,1,37.496758,126.957825,0.82,92.58,-13.54,16.36
1786956479.908,4495,0,0,0,0,1,heartbeat,0,21.02,0.56,37.74,4.2,0,ttc_capped,0.0057,table,1,37.496677,126.957977,0.16,349.08,1,37.496761,126.957825,0.821,91.97,-13.37,16.22
1786956480.118,4497,0,0,0,0,1,heartbeat,0,20.79,0.56,37.26,4.2,0,ttc_capped,0.0057,table,1,37.496681,126.957977,0.197,349.71,1,37.496761,126.957825,0.853,92.42,-13.2,16.07
1786956480.335,4499,0,0,0,0,1,heartbeat,0,20.54,0.56,36.73,4.2,0,ttc_capped,0.0057,table,1,37.496681,126.957977,0.226,350.16,1,37.496761,126.957832,0.838,92.36,-12.99,15.92
1786956480.542,4501,0,0,0,0,1,heartbeat,0,20.3,0.56,36.45,4.2,0,ttc_capped,0.0106,table,1,37.496681,126.957977,0.258,350.28,1,37.496761,126.957832,0.838,92.36,-12.81,15.75
1786956480.755,4503,0,0,0,0,1,heartbeat,0,20.11,0.5,40.49,4.2,0,ttc_capped,0.0078,table,1,37.496681,126.957977,0.252,350.3,1,37.496765,126.957832,0.846,84.59,-12.63,15.64
1786956480.964,4505,0,0,0,0,1,heartbeat,0,19.92,0.47,42.0,5.6,0,ttc_capped,0.0094,table,1,37.496685,126.957977,0.225,350.87,1,37.496765,126.957832,0.886,83.53,-12.46,15.55
1786956481.169,4506,0,0,0,0,1,heartbeat,0,19.8,0.49,40.73,5.6,0,ttc_capped,0.0094,table,1,37.496685,126.957977,0.292,351.3,1,37.496765,126.95784,0.934,83.89,-12.24,15.56
1786956481.48,4507,0,0,0,0,1,heartbeat,0,19.6,0.55,35.53,5.6,0,ttc_capped,0.0094,table,1,37.496685,126.957977,0.292,351.39,1,37.496765,126.95784,1.045,86.32,-11.94,15.55
1786956481.702,4512,0,0,0,0,1,heartbeat,0,19.28,0.57,34.12,5.6,0,ttc_capped,0.0094,table,1,37.496685,126.957977,0.234,353.99,1,37.496765,126.957848,1.045,86.32,-11.7,15.33
1786956481.912,4514,0,0,0,0,1,heartbeat,0,19.08,0.57,33.71,5.6,0,ttc_capped,0.0023,table,1,37.496685,126.957977,0.271,353.62,1,37.496769,126.957848,1.016,87.11,-11.47,15.25
1786956482.124,4516,0,0,0,0,1,heartbeat,0,18.88,0.57,32.97,5.6,0,ttc_capped,0.0084,table,1,37.496685,126.957977,0.32,353.63,1,37.496769,126.957848,1.053,87.51,-11.25,15.16
1786956482.336,4518,0,0,0,0,1,heartbeat,0,18.67,0.57,32.71,5.6,0,ttc_capped,0.0057,table,1,37.496685,126.957977,0.435,354.04,1,37.496769,126.957855,1.064,86.21,-11.02,15.07
1786956482.55,4520,0,0,0,0,1,heartbeat,0,18.47,0.58,31.84,5.6,0,ttc_capped,0.0018,table,1,37.496685,126.957985,0.52,354.63,1,37.496769,126.957855,1.021,85.31,-10.8,14.99
1786956482.758,4522,0,0,0,0,1,heartbeat,0,18.25,0.71,25.71,5.6,0,table,0.0008,table,1,37.496681,126.957985,0.561,355.07,1,37.496769,126.957855,1.04,87.47,-10.61,14.85
1786956482.978,4524,0,0,0,0,1,heartbeat,0,17.92,0.98,18.2,5.6,0,table,0.0012,table,1,37.496681,126.957985,0.608,355.07,1,37.496769,126.957855,1.055,89.39,-10.43,14.57
1786956483.211,4525,0,0,0,0,1,heartbeat,0,17.55,1.25,14.09,18.54,0,table,0.0004,table,1,37.496681,126.957985,0.691,354.49,1,37.496769,126.957863,1.125,93.99,-10.2,14.29
1786956483.298,4527,2,2,0,0,1,change,0,17.24,1.52,11.32,36.0,1,table,0.3614,model,1,37.496681,126.957985,0.676,354.32,1,37.496769,126.957863,1.125,93.99,-10.14,13.94
1786956483.503,4529,2,2,2,2,1,heartbeat,0,16.44,2.15,7.66,32.39,1,table,0.0119,table,1,37.496681,126.957985,0.688,354.85,1,37.496769,126.957863,1.157,93.35,-10.03,13.02
1786956483.712,4531,2,2,2,2,1,heartbeat,0,15.45,2.73,5.66,15.95,0,table,0.0055,table,1,37.496685,126.957985,0.64,354.85,1,37.496769,126.95787,1.155,92.56,-9.94,11.83
1786956483.921,4533,2,2,2,2,1,heartbeat,0,14.48,3.03,4.78,9.6,0,table,0.0032,table,1,37.496685,126.957985,0.61,354.41,1,37.496773,126.95787,1.043,91.08,-9.85,10.62
1786956484.132,4535,2,2,2,2,1,heartbeat,0,13.67,3.09,4.42,9.6,0,table,0.0036,table,1,37.496685,126.957985,0.499,354.39,1,37.496773,126.95787,1.015,91.36,-9.77,9.56
1786956484.345,4537,2,2,2,2,1,heartbeat,0,14.82,0.69,21.49,5.6,0,table,0.0012,table,1,37.496689,126.957993,0.411,354.31,1,37.496773,126.95787,1.03,91.32,-9.43,11.44
1786956484.548,4538,2,2,2,2,1,heartbeat,0,14.6,0.71,20.54,5.6,0,table,0.0119,table,1,37.496689,126.957985,0.346,354.31,1,37.496773,126.957878,1.109,92.21,-9.21,11.33
1786956484.749,4540,2,2,2,2,1,heartbeat,0,14.29,0.75,19.12,5.6,0,table,0.0119,table,1,37.496685,126.957985,0.373,350.67,1,37.496773,126.957878,1.144,93.22,-9.02,11.09
1786956484.95,4542,2,2,2,2,1,heartbeat,0,14.03,0.73,19.3,5.6,0,table,0.01,table,1,37.496689,126.957985,0.345,349.74,1,37.496773,126.957878,1.079,93.13,-8.83,10.9
1786956485.152,4544,2,2,2,2,1,heartbeat,0,13.76,0.69,19.83,5.6,0,table,0.01,table,1,37.496689,126.957985,0.284,349.68,1,37.496773,126.957886,1.049,91.93,-8.63,10.72
1786956485.359,4546,2,2,2,2,1,heartbeat,0,13.53,0.68,19.83,5.6,0,table,0.01,table,1,37.496689,126.957985,0.242,349.79,1,37.496773,126.957886,1.082,90.65,-8.42,10.58
1786956485.461,4547,0,0,2,2,1,change,0,13.42,0.68,19.63,5.6,0,table,0.01,table,1,37.496689,126.957985,0.197,349.79,1,37.496773,126.957886,1.125,89.71,-8.32,10.53
1786956485.667,4549,0,0,0,0,1,heartbeat,0,13.19,0.68,19.38,5.6,0,table,0.0117,table,1,37.496693,126.957985,0.232,348.63,1,37.496773,126.957893,1.164,88.17,-8.1,10.41
1786956485.919,4552,0,0,0,0,1,heartbeat,0,12.89,0.67,19.36,5.6,0,table,0.0159,table,1,37.496693,126.957985,0.284,346.65,1,37.496773,126.957893,1.161,87.23,-7.83,10.24
1786956486.131,4554,0,0,0,0,1,heartbeat,0,12.69,0.64,19.95,5.6,0,table,0.0184,table,1,37.496693,126.957985,0.287,345.96,1,37.496777,126.957893,1.157,85.91,-7.6,10.17
1786956486.343,4556,0,0,0,0,1,heartbeat,0,12.53,0.6,21.0,5.6,0,table,0.0184,table,1,37.496693,126.957985,0.309,346.45,1,37.496777,126.957893,1.137,84.6,-7.39,10.12
1786956486.563,4558,0,0,0,0,1,heartbeat,0,12.37,0.54,22.71,5.6,0,table,0.0184,table,1,37.496693,126.957985,0.35,347.85,1,37.496777,126.957901,1.08,83.17,-7.15,10.1
1786956486.77,4560,0,0,0,0,1,heartbeat,0,12.22,0.52,23.66,5.6,0,table,0.0197,table,1,37.496693,126.957985,0.341,349.21,1,37.496777,126.957901,1.08,83.17,-6.94,10.05
1786956486.977,4562,0,0,0,0,1,heartbeat,0,12.13,0.39,31.14,5.6,0,ttc_capped,0.0184,table,1,37.496693,126.957985,0.31,350.8,1,37.49678,126.957901,0.855,79.45,-6.79,10.05
1786956487.19,4564,0,0,0,0,1,heartbeat,0,12.05,0.3,39.67,5.6,0,ttc_capped,0.0221,table,1,37.496696,126.957985,0.211,351.92,1,37.49678,126.957901,0.77,75.88,-6.65,10.05
1786956487.399,4566,0,0,0,0,1,heartbeat,0,11.99,0.26,46.49,5.6,0,ttc_capped,0.0221,table,1,37.4967,126.957985,0.184,352.29,1,37.49678,126.957901,0.77,75.88,-6.54,10.05
1786956487.612,4567,0,0,0,0,1,heartbeat,0,11.97,0.24,50.3,5.6,0,ttc_capped,0.0175,table,1,37.4967,126.957985,0.184,353.01,1,37.49678,126.957909,0.77,75.88,-6.42,10.1
1786956487.815,4569,0,0,0,0,1,heartbeat,0,11.87,0.23,51.31,5.6,0,ttc_capped,0.0149,table,1,37.496704,126.957985,0.338,357.27,1,37.49678,126.957909,0.77,75.88,-6.29,10.07
1786956488.018,4571,0,0,0,0,1,heartbeat,0,11.78,0.24,49.94,5.6,0,ttc_capped,0.0056,table,1,37.496704,126.957993,0.567,359.53,1,37.49678,126.957909,0.77,75.88,-6.17,10.04
1786956488.231,4573,0,0,0,0,1,heartbeat,0,11.68,0.27,43.93,5.6,0,ttc_capped,0.0069,table,1,37.496704,126.957993,0.671,5.94,1,37.49678,126.957909,0.77,75.88,-6.06,9.98
1786956488.438,4575,0,0,0,0,1,heartbeat,0,11.57,0.34,34.01,5.6,0,ttc_capped,0.0031,table,1,37.496704,126.957993,0.728,10.33,1,37.49678,126.957909,0.77,75.88,-5.99,9.89
1786956488.638,4577,0,0,0,0,1,heartbeat,0,11.44,0.44,26.19,5.6,0,table,0.0013,table,1,37.496704,126.958,0.808,12.6,1,37.49678,126.957909,0.77,75.88,-6.0,9.74
1786956488.773,4579,1,1,0,0,1,change,0,11.29,0.56,20.23,25.46,1,table,0.0007,table,1,37.496704,126.958,0.869,13.42,1,37.49678,126.957909,0.77,75.88,-6.08,9.52
1786956488.983,4581,1,1,1,1,1,heartbeat,0,11.1,0.68,16.39,28.0,1,table,0.0007,table,1,37.496704,126.958,0.867,14.2,1,37.49678,126.957909,0.77,75.88,-6.19,9.22
1786956489.195,4583,1,1,1,1,1,heartbeat,0,10.89,0.81,13.36,17.97,0,table,0.001,table,1,37.496704,126.958,0.74,14.2,1,37.49678,126.957909,0.77,81.59,-6.31,8.87
1786956489.405,4585,1,1,1,1,1,heartbeat,0,10.75,0.82,13.11,6.79,0,table,0.0009,table,1,37.496708,126.958008,0.7,11.0,1,37.49678,126.957909,0.77,82.1,-6.6,8.48
1786956489.615,4587,1,1,1,1,1,heartbeat,0,10.61,0.8,13.22,5.6,0,table,0.0005,table,1,37.496708,126.958008,0.626,8.33,1,37.49678,126.957909,0.77,82.16,-6.86,8.09
1786956489.832,4589,1,1,1,1,1,heartbeat,0,10.5,0.75,13.92,5.6,0,table,0.0012,table,1,37.496708,126.958008,0.555,4.9,1,37.49678,126.957909,0.77,82.23,-7.07,7.77
1786956490.045,4591,1,1,1,1,1,heartbeat,0,10.43,0.7,14.87,5.6,0,table,0.0018,table,1,37.496708,126.958008,0.501,2.23,1,37.49678,126.957909,0.77,82.24,-7.21,7.54
1786956495.2,4639,0,0,0,0,1,change,0,26.97,-11.94,9999.0,18.0,0,ttc_capped,0.0007,table,1,37.496731,126.957954,0.079,278.69,1,37.496506,126.957832,0.036,0.0,-13.92,-23.1
1786956495.426,4642,0,0,0,0,1,heartbeat,0,29.04,-11.77,9999.0,18.0,0,ttc_capped,0.0007,table,1,37.496731,126.957947,0.064,278.69,1,37.496506,126.957832,0.036,0.0,-14.41,-25.22
1786956495.636,4644,0,0,0,0,1,heartbeat,0,29.49,-11.07,9999.0,18.0,0,ttc_capped,0.0007,table,1,37.496731,126.957947,0.058,278.69,1,37.496506,126.957832,0.036,0.0,-14.43,-25.72
1786956495.844,4646,0,0,0,0,1,heartbeat,0,30.22,-10.47,9999.0,18.0,0,ttc_capped,0.0007,table,1,37.496731,126.957947,0.057,278.69,1,37.496506,126.957832,0.036,0.0,-14.55,-26.49
1786956496.056,4648,0,0,0,0,1,heartbeat,0,30.92,-9.8,9999.0,18.0,0,ttc_capped,0.0007,table,1,37.496731,126.957939,0.045,278.69,1,37.496506,126.957832,0.036,0.0,-14.65,-27.23
1786956496.266,4650,0,0,0,0,1,heartbeat,0,31.46,-9.01,9999.0,18.0,0,ttc_capped,0.0007,table,1,37.496731,126.957939,0.06,278.69,1,37.496506,126.957832,0.036,0.0,-14.7,-27.81
1786956496.478,4652,0,0,0,0,1,heartbeat,0,31.8,-8.09,9999.0,18.0,0,ttc_capped,0.0007,table,1,37.496731,126.957939,0.075,0.0,1,37.496506,126.957832,0.036,0.0,-14.69,-28.21
1786956496.692,4654,0,0,0,0,1,heartbeat,0,31.94,-7.06,9999.0,18.0,0,ttc_capped,0.0006,table,1,37.496731,126.957939,0.122,288.85,1,37.496506,126.957832,0.036,0.0,-14.62,-28.4
1786956496.908,4656,0,0,0,0,1,heartbeat,0,31.87,-5.97,9999.0,18.0,0,ttc_capped,0.0006,table,1,37.496731,126.957939,0.189,288.85,1,37.496506,126.957832,0.036,0.0,-14.49,-28.38
1786956497.122,4658,0,0,0,0,1,heartbeat,0,31.59,-4.87,9999.0,18.0,0,ttc_capped,0.0006,table,1,37.496735,126.957932,0.195,287.79,1,37.496506,126.957832,0.036,0.0,-14.28,-28.18
1786956497.326,4660,0,0,0,0,1,heartbeat,0,31.11,-3.82,9999.0,18.0,0,ttc_capped,0.0006,table,1,37.496735,126.957932,0.184,287.79,1,37.496506,126.957832,0.036,0.0,-14.01,-27.78
1786956497.541,4662,0,0,0,0,1,heartbeat,0,31.09,-3.19,9999.0,18.0,0,ttc_capped,0.0006,table,1,37.496735,126.957932,0.17,287.79,1,37.496506,126.957832,0.036,0.0,-13.89,-27.82
1786956497.746,4664,0,0,0,0,1,heartbeat,0,30.27,-2.12,9999.0,18.0,0,ttc_capped,0.0006,table,1,37.496735,126.957932,0.165,287.79,1,37.496506,126.957832,0.036,0.0,-13.52,-27.09
1786956497.955,4665,0,0,0,0,1,heartbeat,0,29.16,-0.96,9999.0,18.0,0,ttc_capped,0.0054,table,1,37.496738,126.957932,0.166,287.79,1,37.496506,126.957832,0.036,0.0,-13.11,-26.05
1786956498.156,4667,0,0,0,0,1,heartbeat,0,28.66,-0.42,9999.0,18.0,0,ttc_capped,0.006,table,1,37.496738,126.957932,0.164,287.79,1,37.496506,126.957832,0.036,0.0,-12.85,-25.62
1786956499.303,4678,3,3,0,0,1,change,0,18.75,10.75,1.74,38.58,3,safety_floor,0.0408,table,1,37.496738,126.957932,0.153,0.0,1,37.496624,126.957947,0.041,0.0,-6.42,-17.62
1786956499.505,4680,3,3,3,3,1,heartbeat,0,12.79,13.82,0.93,41.52,3,safety_floor,0.0001,table,1,37.496742,126.957932,0.161,0.0,1,37.496624,126.957947,0.041,0.0,-2.65,-12.51
1786956499.806,4682,3,3,3,3,1,heartbeat,0,9.63,11.91,0.81,43.53,3,safety_floor,0.0,table,1,37.496742,126.957932,0.187,280.13,1,37.496624,126.957947,0.041,0.0,-0.46,-9.62
1786956500.065,4686,3,3,3,3,1,heartbeat,0,7.57,9.43,0.8,39.22,3,safety_floor,0.0,table,1,37.496742,126.957932,0.179,279.54,1,37.496624,126.957947,0.041,0.0,1.26,-7.46
1786956500.318,4687,3,3,3,3,1,heartbeat,0,7.78,7.37,1.06,36.13,3,safety_floor,0.0002,table,1,37.496742,126.957932,0.179,279.54,1,37.496624,126.957947,0.041,0.0,1.14,-7.7
1786956500.524,4690,3,3,3,3,1,heartbeat,0,7.59,6.03,1.26,35.24,3,safety_floor,0.0017,table,1,37.496742,126.957932,0.166,279.54,1,37.496624,126.957947,0.041,0.0,1.41,-7.46
1786956500.796,4693,3,3,3,3,1,heartbeat,0,7.13,4.68,1.52,31.46,3,safety_floor,0.0,table,1,37.496742,126.957932,0.128,278.81,1,37.496624,126.957947,0.041,0.0,2.0,-6.85
1786956501.012,4695,3,3,3,3,1,heartbeat,0,7.22,3.93,1.84,30.71,3,safety_floor,0.0,table,1,37.496742,126.957932,0.126,278.74,1,37.496624,126.957947,0.041,0.0,2.03,-6.93
1786956501.217,4697,3,3,3,3,1,heartbeat,0,8.34,3.11,2.68,27.61,1,table,0.0005,table,1,37.496742,126.957932,0.151,278.51,1,37.496624,126.957947,0.041,0.0,1.16,-8.26
1786956501.438,4699,3,3,3,3,1,heartbeat,0,9.02,2.31,3.91,24.65,1,table,0.0034,table,1,37.496742,126.957932,0.199,278.5,1,37.496624,126.957947,0.041,0.0,0.72,-8.99
1786956501.641,4701,3,3,3,3,1,heartbeat,0,9.57,1.66,5.76,21.81,1,table,0.0007,table,1,37.496742,126.957932,0.185,278.13,1,37.496624,126.957947,0.041,0.0,0.39,-9.56
1786956501.852,4703,3,3,3,3,1,heartbeat,0,9.99,1.16,8.61,18.21,0,table,0.0001,table,1,37.496742,126.957932,0.178,276.98,1,37.496624,126.957947,0.041,0.0,0.16,-9.99
1786956502.063,4705,3,3,3,3,1,heartbeat,0,10.36,0.77,13.51,12.16,0,table,0.001,table,1,37.496742,126.957932,0.184,276.9,1,37.496624,126.957947,0.041,0.0,-0.02,-10.36
1786956520.245,4877,2,2,0,0,1,change,0,10.95,0.0,30499.24,18.82,0,ttc_capped,0.6104,model,1,37.496685,126.957878,0.207,269.63,1,37.496769,126.957832,0.203,0.0,-4.02,10.18
1786956520.47,4879,2,2,2,2,1,heartbeat,0,10.88,0.0,29173.4,19.09,0,ttc_capped,0.6996,model,1,37.496685,126.957878,0.243,275.89,1,37.496769,126.957832,0.203,0.0,-4.03,10.11
1786956520.672,4881,2,2,2,2,1,heartbeat,0,10.81,0.0,21088.04,19.75,0,ttc_capped,0.6996,model,1,37.496689,126.957878,0.219,276.73,1,37.496769,126.957832,0.203,0.0,-4.03,10.03
1786956520.88,4883,2,2,2,2,1,heartbeat,0,10.72,0.0,15852.41,20.17,0,ttc_capped,0.6996,model,1,37.496693,126.957878,0.234,276.73,1,37.496769,126.957832,0.203,0.0,-4.03,9.93
1786956521.096,4885,2,2,2,2,1,heartbeat,0,10.45,0.25,41.94,5.6,0,ttc_capped,0.0036,table,1,37.496696,126.957886,0.269,276.73,1,37.496769,126.95784,0.203,0.0,-3.6,9.82
1786956521.382,4888,2,2,2,2,1,heartbeat,0,10.21,0.27,38.06,5.6,0,ttc_capped,0.0252,table,1,37.4967,126.957886,0.272,276.73,1,37.496769,126.95784,0.203,0.0,-3.39,9.63
1786956521.7,4891,2,2,2,2,1,heartbeat,0,10.03,0.26,39.19,5.6,0,ttc_capped,0.0187,table,1,37.4967,126.957886,0.246,278.27,1,37.496769,126.95784,0.203,0.0,-3.17,9.51
1786956525.928,4930,0,0,0,0,1,change,0,9.5,-0.34,9999.0,30.0,0,ttc_capped,0.001,table,1,37.496708,126.957909,0.278,314.26,1,37.496769,126.95784,0.203,0.0,-5.1,8.02
1786956557.231,5227,2,2,0,0,1,change,0,17.56,0.0,11911.27,5.6,0,ttc_capped,0.1688,model,1,37.496845,126.957932,0.222,345.05,1,37.49683,126.957764,0.216,0.0,-17.56,-0.01
1786956557.491,5230,2,2,2,2,1,heartbeat,0,17.42,0.01,2545.93,5.6,0,ttc_capped,0.4281,model,1,37.496845,126.957924,0.497,345.05,1,37.49683,126.957764,0.216,0.0,-17.42,-0.09
1786956557.701,5232,2,2,2,2,1,heartbeat,0,17.31,0.05,349.85,11.86,0,ttc_capped,0.1387,table,1,37.496841,126.957924,0.656,0.0,1,37.49683,126.957764,0.216,0.0,-17.31,-0.12
1786956557.917,5234,2,2,2,2,1,heartbeat,0,16.65,1.06,15.78,28.0,1,table,0.0011,table,1,37.496838,126.957924,0.733,253.64,1,37.49683,126.957771,0.216,0.0,-16.65,-0.17
1786956558.121,5236,2,2,2,2,1,heartbeat,0,16.19,1.33,12.15,28.0,1,table,0.005,table,1,37.496838,126.957916,0.68,253.32,1,37.49683,126.957771,0.216,0.0,-16.19,-0.22
1786956558.335,5238,2,2,2,2,1,heartbeat,0,15.69,1.56,10.03,36.0,1,table,0.2094,model,1,37.496838,126.957916,0.543,253.27,1,37.49683,126.957771,0.216,0.0,-15.69,-0.31
1786956558.552,5240,2,2,2,2,1,heartbeat,0,15.08,1.86,8.12,36.0,1,table,0.0016,table,1,37.496838,126.957916,0.45,258.68,1,37.49683,126.957771,0.216,0.0,-15.07,-0.42
1786956558.765,5242,2,2,2,2,1,heartbeat,0,15.36,0.58,26.35,28.0,1,table,0.0053,table,1,37.496841,126.957916,0.415,261.09,1,37.49683,126.957771,0.216,0.0,-15.35,-0.37
1786956558.972,5244,2,2,2,2,1,heartbeat,0,15.22,0.46,32.93,28.0,0,ttc_capped,0.0015,table,1,37.496841,126.957916,0.484,261.09,1,37.49683,126.957771,0.216,0.0,-15.21,-0.43
1786956559.179,5246,2,2,2,2,1,heartbeat,0,15.01,0.47,31.7,28.0,0,ttc_capped,0.0015,table,1,37.496841,126.957916,0.541,261.09,1,37.49683,126.957771,0.216,0.0,-15.0,-0.49
1786956559.39,5248,2,2,2,2,1,heartbeat,0,14.9,0.46,32.31,27.39,0,ttc_capped,0.0002,table,1,37.496841,126.957924,0.593,283.4,1,37.49683,126.957771,0.216,0.0,-14.89,-0.55
1786956559.599,5249,2,2,2,2,1,heartbeat,0,14.85,0.44,33.98,22.75,0,ttc_capped,0.0005,table,1,37.496841,126.957924,0.62,283.4,1,37.49683,126.957771,0.216,0.0,-14.83,-0.6
1786956559.8,5251,2,2,2,2,1,heartbeat,0,14.63,0.55,26.65,17.95,0,table,0.0007,table,1,37.496841,126.957924,0.666,286.49,1,37.49683,126.957771,0.216,0.0,-14.62,-0.7
1786956560.001,5253,2,2,2,2,1,heartbeat,0,14.38,0.68,21.01,17.29,0,table,0.0004,table,1,37.496838,126.957924,0.701,286.49,1,37.49683,126.957771,0.216,0.0,-14.35,-0.78
1786956563.221,5284,0,0,0,0,1,change,0,16.84,-2.37,9999.0,25.0,0,ttc_capped,0.001,table,1,37.496811,126.957916,0.2,356.14,1,37.496803,126.957733,0.069,0.0,-16.67,-2.33
1786956563.421,5286,0,0,0,0,1,heartbeat,0,17.04,-2.27,9999.0,25.0,0,ttc_capped,0.0015,table,1,37.496807,126.957909,0.173,356.14,1,37.496803,126.957733,0.069,0.0,-16.87,-2.44
1786956563.633,5288,0,0,0,0,1,heartbeat,0,17.17,-2.08,9999.0,25.0,0,ttc_capped,0.0035,table,1,37.496803,126.957909,0.217,356.14,1,37.496803,126.957733,0.069,0.0,-16.99,-2.47
1786956563.952,5290,0,0,0,0,1,heartbeat,0,17.2,-1.66,9999.0,25.0,0,ttc_capped,0.0009,table,1,37.496803,126.957909,0.251,0.0,1,37.496803,126.957741,0.069,0.0,-17.01,-2.57
1786956564.161,5293,0,0,0,0,1,heartbeat,0,16.89,-1.18,9999.0,25.0,0,ttc_capped,0.0033,table,1,37.496803,126.957909,0.269,0.0,1,37.496803,126.957741,0.069,0.0,-16.71,-2.45
1786956564.371,5295,0,0,0,0,1,heartbeat,0,16.65,-0.84,9999.0,25.0,0,ttc_capped,0.0011,table,1,37.496803,126.957909,0.307,358.01,1,37.496803,126.957741,0.069,0.0,-16.49,-2.34
1786956564.652,5297,0,0,0,0,1,heartbeat,0,16.38,-0.48,9999.0,25.0,0,ttc_capped,0.0011,table,1,37.496803,126.957909,0.273,358.4,1,37.496803,126.957741,0.069,0.0,-16.24,-2.2
1786956564.876,5300,0,0,0,0,1,heartbeat,0,16.21,-0.31,9999.0,25.0,0,ttc_capped,0.0011,table,1,37.496803,126.957909,0.317,358.87,1,37.496803,126.957741,0.069,0.0,-16.08,-2.06
1786956565.088,5302,0,0,0,0,1,heartbeat,0,16.05,-0.18,9999.0,25.0,0,ttc_capped,0.0011,table,1,37.496807,126.957901,0.307,358.56,1,37.496803,126.957741,0.069,0.0,-15.94,-1.96
1786956565.298,5304,0,0,0,0,1,heartbeat,0,15.9,-0.09,9999.0,25.0,0,ttc_capped,0.0013,table,1,37.496807,126.957901,0.297,358.56,1,37.496803,126.957741,0.069,0.0,-15.79,-1.86
1786956565.51,5306,0,0,0,0,1,heartbeat,0,15.8,-0.02,9999.0,25.0,0,ttc_capped,0.0013,table,1,37.496811,126.957909,0.317,358.56,1,37.496803,126.957741,0.069,0.0,-15.7,-1.79
1786956565.78,5307,0,0,0,0,1,heartbeat,0,15.7,0.04,370.2,5.6,0,ttc_capped,0.0178,table,1,37.496811,126.957909,0.377,358.56,1,37.496803,126.957741,0.069,0.0,-15.61,-1.71
1786956565.992,5310,0,0,0,0,1,heartbeat,0,15.64,0.07,231.46,5.6,0,ttc_capped,0.0178,table,1,37.496815,126.957909,0.362,353.69,1,37.496803,126.957741,0.069,0.0,-15.55,-1.66
1786956568.278,5332,0,0,0,0,1,heartbeat,0,13.73,0.67,20.61,5.6,0,table,0.001,table,1,37.496811,126.957909,0.093,352.19,1,37.496758,126.957779,0.021,0.0,-12.35,-6.0
1786956568.488,5334,0,0,0,0,1,heartbeat,0,13.61,0.4,33.63,5.6,0,ttc_capped,0.0062,table,1,37.496811,126.957909,0.104,352.19,1,37.496758,126.957779,0.021,0.0,-11.88,-6.64
1786956568.692,5336,0,0,0,0,1,heartbeat,0,13.55,0.25,53.41,5.6,0,ttc_capped,0.0016,table,1,37.496807,126.957909,0.096,352.19,1,37.496758,126.957779,0.021,0.0,-11.62,-6.97
1786956568.906,5338,0,0,0,0,1,heartbeat,0,13.47,0.2,66.72,5.6,0,ttc_capped,0.0013,table,1,37.496807,126.957909,0.115,352.19,1,37.496761,126.957779,0.021,0.0,-11.43,-7.12
1786956569.116,5340,0,0,0,0,1,heartbeat,0,13.37,0.21,63.1,5.6,0,ttc_capped,0.0013,table,1,37.496807,126.957909,0.154,352.19,1,37.496761,126.957779,0.021,0.0,-11.33,-7.1
1786956569.393,5341,0,0,0,0,1,heartbeat,0,13.37,0.16,85.59,5.6,0,ttc_capped,0.0053,table,1,37.496807,126.957909,0.195,352.19,1,37.496758,126.957779,0.013,0.0,-11.34,-7.09
1786956569.593,5343,0,0,0,0,1,heartbeat,0,13.38,0.11,120.81,5.6,0,ttc_capped,0.0186,table,1,37.496807,126.957909,0.206,0.0,1,37.496758,126.957779,0.013,0.0,-11.35,-7.1
1786956569.804,5345,0,0,0,0,1,heartbeat,0,13.39,0.08,169.46,5.6,0,ttc_capped,0.0214,table,1,37.496807,126.957909,0.186,0.0,1,37.496758,126.957779,0.013,0.0,-11.37,-7.07
1786956570.01,5348,0,0,0,0,1,heartbeat,0,13.4,0.06,230.73,5.6,0,ttc_capped,0.0187,table,1,37.496807,126.957909,0.155,0.0,1,37.496758,126.957779,0.013,0.0,-11.42,-7.01
1786956570.224,5349,0,0,0,0,1,heartbeat,0,13.41,0.04,323.92,5.6,0,ttc_capped,0.0336,table,1,37.496807,126.957909,0.132,0.0,1,37.496758,126.957779,0.012,0.0,-11.47,-6.94
1786956570.465,5353,0,0,0,0,1,heartbeat,0,13.39,0.03,479.76,5.6,0,ttc_capped,0.0047,table,1,37.496807,126.957909,0.11,0.0,1,37.496758,126.957779,0.012,0.0,-11.5,-6.86
1786956570.728,5354,0,0,0,0,1,heartbeat,0,13.4,0.01,963.76,5.6,0,ttc_capped,0.0336,table,1,37.496807,126.957909,0.11,0.0,1,37.496758,126.957779,0.012,0.0,-11.6,-6.71
1786956570.939,5357,0,0,0,0,1,heartbeat,0,13.39,0.01,2453.97,5.6,0,ttc_capped,0.0183,table,1,37.496807,126.957909,0.126,0.0,1,37.496758,126.957779,0.012,0.0,-11.64,-6.62
1786956571.151,5359,0,0,0,0,1,heartbeat,0,13.37,-0.0,9999.0,25.0,0,ttc_capped,0.0248,table,1,37.496803,126.957909,0.156,0.0,1,37.496758,126.957779,0.012,0.0,-11.68,-6.52
1786956571.413,5362,0,0,0,0,1,heartbeat,0,13.2,0.1,133.16,5.6,0,ttc_capped,0.0022,table,1,37.496803,126.957909,0.189,0.0,1,37.496761,126.957787,0.286,0.0,-11.55,-6.4
1786956571.629,5364,0,0,0,0,1,heartbeat,0,12.96,0.24,53.13,19.99,0,ttc_capped,0.0074,table,1,37.496803,126.957909,0.2,0.0,1,37.496761,126.957787,0.286,0.0,-11.38,-6.19
1786956571.837,5366,0,0,0,0,1,heartbeat,0,12.78,0.33,38.98,28.0,0,ttc_capped,0.002,table,1,37.496803,126.957916,0.202,0.0,1,37.496761,126.957787,0.286,0.0,-11.27,-6.03
1786956572.049,5368,0,0,0,0,1,heartbeat,0,12.65,0.37,34.16,28.0,0,ttc_capped,0.002,table,1,37.496803,126.957916,0.193,0.0,1,37.496761,126.957787,0.286,0.0,-11.19,-5.9
1786956572.259,5370,0,0,0,0,1,heartbeat,0,12.54,0.38,32.85,28.0,0,ttc_capped,0.002,table,1,37.496803,126.957916,0.179,0.0,1,37.496761,126.957787,0.286,0.0,-11.13,-5.78
1786956572.487,5371,0,0,0,0,1,heartbeat,0,12.48,0.36,34.41,27.11,0,ttc_capped,0.0074,table,1,37.496803,126.957916,0.179,0.0,1,37.496761,126.957787,0.286,0.0,-11.1,-5.7
1786956572.704,5374,0,0,0,0,1,heartbeat,0,12.43,0.33,37.22,25.03,0,ttc_capped,0.0067,table,1,37.496803,126.957916,0.166,0.0,1,37.496761,126.957787,0.286,0.0,-11.08,-5.65
1786956572.92,5375,0,0,0,0,1,heartbeat,0,12.41,0.3,41.74,23.34,0,ttc_capped,0.0074,table,1,37.496803,126.957916,0.166,0.0,1,37.496761,126.957787,0.286,0.0,-11.07,-5.61
1786956573.213,5379,0,0,0,0,1,heartbeat,0,12.37,0.26,47.95,21.75,0,ttc_capped,0.0074,table,1,37.496803,126.957916,0.116,0.0,1,37.496761,126.957787,0.286,0.0,-11.06,-5.55
1786956573.421,5381,0,0,0,0,1,heartbeat,0,12.37,0.22,56.9,20.26,0,ttc_capped,0.0074,table,1,37.496803,126.957916,0.103,0.0,1,37.496761,126.957787,0.286,0.0,-11.07,-5.52
1786956573.632,5382,0,0,0,0,1,heartbeat,0,12.4,0.16,76.91,18.08,0,ttc_capped,0.0076,table,1,37.496803,126.957916,0.103,0.0,1,37.496761,126.957787,0.286,0.0,-11.1,-5.52
1786956573.841,5385,0,0,0,0,1,heartbeat,0,12.38,0.14,85.71,17.18,0,ttc_capped,0.0088,table,1,37.496803,126.957916,0.124,345.8,1,37.496761,126.957787,0.286,0.0,-11.09,-5.5
1786956574.043,5385,0,0,0,0,1,heartbeat,0,12.42,0.1,126.2,14.59,0,ttc_capped,0.0075,table,1,37.496803,126.957916,0.124,345.8,1,37.496761,126.957787,0.286,0.0,-11.12,-5.52
1786956575.304,5398,0,0,0,0,1,heartbeat,0,13.03,-0.71,9999.0,25.0,0,ttc_capped,0.0007,table,1,37.496803,126.957924,0.165,347.21,1,37.496742,126.957787,0.296,0.0,-11.24,-6.6
1786956575.528,5401,0,0,0,0,1,heartbeat,0,13.52,-1.07,9999.0,25.0,0,ttc_capped,0.0006,table,1,37.496803,126.957924,0.158,348.27,1,37.496742,126.957787,0.296,0.0,-11.31,-7.4
1786956575.741,5403,0,0,0,0,1,heartbeat,0,13.75,-1.09,9999.0,25.0,0,ttc_capped,0.0006,table,1,37.496803,126.957924,0.14,348.27,1,37.496742,126.957787,0.296,0.0,-11.35,-7.75
1786956575.95,5405,0,0,0,0,1,heartbeat,0,13.89,-1.0,9999.0,25.0,0,ttc_capped,0.0006,table,1,37.496803,126.957932,0.133,348.39,1,37.496742,126.957787,0.296,0.0,-11.4,-7.94
1786956576.16,5407,0,0,0,0,1,heartbeat,0,13.96,-0.88,9999.0,25.0,0,ttc_capped,0.0006,table,1,37.496803,126.957932,0.128,348.39,1,37.496742,126.957787,0.296,0.0,-11.42,-8.03
1786956576.37,5409,0,0,0,0,1,heartbeat,0,13.91,-0.28,9999.0,25.0,0,ttc_capped,0.0014,table,1,37.496803,126.957932,0.13,346.23,1,37.496731,126.957779,0.778,311.85,-11.93,-7.16
1786956576.582,5411,0,0,0,0,1,heartbeat,0,14.13,-0.25,9999.0,25.0,0,ttc_capped,0.0014,table,1,37.496803,126.957932,0.126,346.11,1,37.496731,126.957779,0.778,311.85,-12.11,-7.27
1786956576.794,5413,0,0,0,0,1,heartbeat,0,14.31,-0.24,9999.0,25.0,0,ttc_capped,0.0014,table,1,37.496803,126.957932,0.121,346.03,1,37.496731,126.957779,0.778,311.85,-12.27,-7.35
1786956577.004,5415,0,0,0,0,1,heartbeat,0,14.45,-0.24,9999.0,25.0,0,ttc_capped,0.0014,table,1,37.496803,126.957932,0.142,346.03,1,37.496731,126.957779,0.778,311.85,-12.41,-7.4
1786956577.243,5416,0,0,0,0,1,heartbeat,0,14.58,-0.19,9999.0,25.0,0,ttc_capped,0.0014,table,1,37.496803,126.957932,0.142,346.03,1,37.496731,126.957779,0.675,317.91,-12.52,-7.48
1786956577.533,5420,0,0,0,0,1,heartbeat,0,14.67,-0.16,9999.0,25.0,0,ttc_capped,0.0014,table,1,37.496803,126.957932,0.167,346.03,1,37.496731,126.957779,0.675,317.91,-12.64,-7.45
1786956577.744,5422,0,0,0,0,1,heartbeat,0,14.75,-0.15,9999.0,25.0,0,ttc_capped,0.0014,table,1,37.496803,126.957939,0.193,346.03,1,37.496731,126.957779,0.675,317.91,-12.74,-7.44
1786956577.955,5424,0,0,0,0,1,heartbeat,0,14.83,-0.14,9999.0,25.0,0,ttc_capped,0.0014,table,1,37.496803,126.957939,0.212,346.03,1,37.496731,126.957779,0.675,317.91,-12.84,-7.42
1786956578.164,5426,0,0,0,0,1,heartbeat,0,14.89,-0.15,9999.0,25.0,0,ttc_capped,0.0014,table,1,37.496803,126.957939,0.21,346.03,1,37.496735,126.957779,0.675,317.91,-12.94,-7.37
1786956578.367,5426,0,0,0,0,1,heartbeat,0,14.9,-0.12,9999.0,25.0,0,ttc_capped,0.0014,table,1,37.496803,126.957939,0.21,346.03,1,37.496735,126.957779,0.515,317.91,-12.95,-7.37
1786956578.574,5429,0,0,0,0,1,heartbeat,0,14.95,-0.12,9999.0,25.0,0,ttc_capped,0.0014,table,1,37.496803,126.957939,0.183,347.18,1,37.496735,126.957779,0.515,317.91,-13.02,-7.34
1786956578.775,5430,0,0,0,0,1,heartbeat,0,14.98,-0.12,9999.0,25.0,0,ttc_capped,0.0014,table,1,37.496803,126.957939,0.183,347.72,1,37.496735,126.957779,0.515,317.91,-13.07,-7.31
1786956578.981,5433,0,0,0,0,1,heartbeat,0,15.01,-0.12,9999.0,25.0,0,ttc_capped,0.0014,table,1,37.496807,126.957939,0.133,350.92,1,37.496735,126.957779,0.515,317.91,-13.12,-7.29
1786956579.201,5435,0,0,0,0,1,heartbeat,0,15.06,-0.12,9999.0,25.0,0,ttc_capped,0.0014,table,1,37.496807,126.957939,0.114,353.08,1,37.496735,126.957779,0.314,317.91,-13.19,-7.26
1786956579.402,5436,0,0,0,0,1,heartbeat,0,15.09,-0.11,9999.0,25.0,0,ttc_capped,0.0014,table,1,37.496807,126.957939,0.104,353.6,1,37.496735,126.957779,0.314,317.91,-13.23,-7.24
1786956579.604,5439,0,0,0,0,1,heartbeat,0,15.13,-0.11,9999.0,25.0,0,ttc_capped,0.0012,table,1,37.496811,126.957939,0.113,353.35,1,37.496735,126.957779,0.314,317.91,-13.28,-7.25
1786956579.81,5441,0,0,0,0,1,heartbeat,0,15.17,-0.09,9999.0,25.0,0,ttc_capped,0.0008,table,1,37.496815,126.957939,0.156,355.8,1,37.496735,126.957779,0.314,317.91,-13.31,-7.3
1786956580.014,5443,0,0,0,0,1,heartbeat,0,15.21,-0.06,9999.0,25.0,0,ttc_capped,0.0008,table,1,37.496815,126.957939,0.231,359.14,1,37.496735,126.957779,0.314,317.91,-13.3,-7.38
1786956580.222,5445,0,0,0,0,1,heartbeat,0,15.22,-0.03,9999.0,25.0,0,ttc_capped,0.0013,table,1,37.496815,126.957939,0.226,2.56,1,37.496727,126.957779,0.556,329.17,-13.34,-7.33
1786956580.43,5446,0,0,0,0,1,heartbeat,0,15.27,-0.02,9999.0,25.0,0,ttc_capped,0.0008,table,1,37.496819,126.957939,0.206,2.56,1,37.496727,126.957779,0.556,329.17,-13.36,-7.39
1786956580.634,5449,0,0,0,0,1,heartbeat,0,15.34,-0.02,9999.0,25.0,0,ttc_capped,0.0008,table,1,37.496819,126.957939,0.236,3.46,1,37.496727,126.957779,0.556,329.17,-13.4,-7.46
1786956580.908,5452,0,0,0,0,1,heartbeat,0,15.42,-0.02,9999.0,25.0,0,ttc_capped,0.0014,table,1,37.496819,126.957939,0.216,356.55,1,37.496727,126.957779,0.556,329.17,-13.47,-7.51
1786956581.143,5453,0,0,0,0,1,heartbeat,0,15.46,-0.02,9999.0,25.0,0,ttc_capped,0.0011,table,1,37.496819,126.957939,0.254,355.67,1,37.496727,126.957779,0.556,329.17,-13.47,-7.59
1786956581.437,5457,0,0,0,0,1,heartbeat,0,15.51,-0.02,9999.0,25.0,0,ttc_capped,0.0014,table,1,37.496822,126.957939,0.379,359.99,1,37.496727,126.957779,0.556,329.17,-13.59,-7.48
1786956582.063,5462,0,0,0,0,1,heartbeat,0,15.66,-0.11,9999.0,25.0,0,ttc_capped,0.0004,table,1,37.496819,126.957947,0.617,354.23,1,37.496719,126.957787,0.774,329.17,-13.85,-7.32
1786956582.266,5463,0,0,0,0,1,heartbeat,0,15.61,0.06,261.79,5.6,0,ttc_capped,0.0019,table,1,37.496819,126.957947,0.682,352.35,1,37.496716,126.957802,0.974,355.64,-13.74,-7.41
1786956582.469,5466,0,0,0,0,1,heartbeat,0,15.63,0.17,92.11,5.6,0,ttc_capped,0.0005,table,1,37.496819,126.957947,0.701,350.63,1,37.496716,126.957802,0.996,20.63,-13.67,-7.57
1786956582.674,5468,0,0,0,0,1,heartbeat,0,15.7,0.17,92.18,5.6,0,ttc_capped,0.0005,table,1,37.496819,126.957947,0.808,350.63,1,37.496712,126.957809,1.01,43.07,-13.63,-7.8
1786956582.875,5470,0,0,0,0,1,heartbeat,0,15.94,-0.04,9999.0,25.0,0,ttc_capped,0.0001,table,1,37.496819,126.957954,0.83,350.63,1,37.496704,126.957817,1.061,60.24,-13.71,-8.14
1786956583.079,5472,0,0,0,0,1,heartbeat,0,16.09,-0.15,9999.0,25.0,0,ttc_capped,0.0001,table,1,37.496819,126.957954,0.786,350.63,1,37.4967,126.957825,1.101,72.22,-13.66,-8.49
1786956583.283,5474,0,0,0,0,1,heartbeat,0,16.41,-0.43,9999.0,25.0,0,ttc_capped,0.0001,table,1,37.496819,126.957954,0.786,350.63,1,37.496693,126.957825,1.119,83.7,-13.76,-8.95
1786956583.485,5476,0,0,0,0,1,heartbeat,0,16.68,-0.63,9999.0,25.0,0,ttc_capped,0.0001,table,1,37.496822,126.957954,0.695,343.96,1,37.496689,126.957832,1.102,91.23,-13.74,-9.46
1786956583.687,5478,0,0,0,0,1,heartbeat,0,16.9,-0.78,9999.0,25.0,0,ttc_capped,0.0001,table,1,37.496822,126.957954,0.578,343.96,1,37.496689,126.957832,1.024,96.78,-13.65,-9.97
1786956583.893,5480,0,0,0,0,1,heartbeat,0,17.02,-0.82,9999.0,25.0,0,ttc_capped,0.0001,table,1,37.496822,126.957954,0.518,352.65,1,37.496689,126.95784,0.996,99.2,-13.46,-10.42
1786956584.102,5482,0,0,0,0,1,heartbeat,0,17.17,-0.83,9999.0,25.0,0,ttc_capped,0.0001,table,1,37.496822,126.957962,0.549,353.9,1,37.496689,126.95784,0.997,100.54,-13.34,-10.81
1786956584.311,5484,0,0,0,0,1,heartbeat,0,17.31,-0.81,9999.0,25.0,0,ttc_capped,0.0001,table,1,37.496822,126.957962,0.564,354.67,1,37.496689,126.957848,1.093,104.08,-13.23,-11.16
1786956584.523,5486,0,0,0,0,1,heartbeat,0,17.41,-0.75,9999.0,25.0,0,ttc_capped,0.0001,table,1,37.496822,126.957962,0.554,352.55,1,37.496681,126.957848,1.12,107.02,-13.05,-11.52
1786956584.733,5488,0,0,0,0,1,heartbeat,0,17.45,-0.64,9999.0,25.0,0,ttc_capped,0.0001,table,1,37.496822,126.957962,0.535,351.61,1,37.496677,126.957848,1.195,108.2,-12.8,-11.86
1786956584.935,5490,0,0,0,0,1,heartbeat,0,17.51,-0.56,9999.0,25.0,0,ttc_capped,0.0002,table,1,37.496822,126.957962,0.459,353.26,1,37.496677,126.957855,1.161,108.94,-12.56,-12.2
1786956585.219,5491,0,0,0,0,1,heartbeat,0,17.59,-0.46,9999.0,25.0,0,ttc_capped,0.0001,table,1,37.496822,126.957962,0.52,356.02,1,37.496685,126.957855,1.128,104.86,-12.25,-12.62
1786956585.422,5494,0,0,0,0,1,heartbeat,0,17.38,-0.22,9999.0,25.0,0,ttc_capped,0.0001,table,1,37.496822,126.957962,0.523,359.93,1,37.496689,126.957863,1.091,103.51,-11.82,-12.74
1786956585.623,5496,0,0,0,0,1,heartbeat,0,17.18,-0.04,9999.0,25.0,0,ttc_capped,0.0001,table,1,37.496822,126.957962,0.536,0.72,1,37.496689,126.957863,1.124,103.32,-11.4,-12.85
1786956585.827,5498,0,0,0,0,1,heartbeat,0,17.0,0.1,162.11,5.6,0,ttc_capped,0.0004,table,1,37.496822,126.957962,0.635,0.72,1,37.496693,126.957863,1.141,103.79,-11.0,-12.95
1786956586.027,5500,0,0,0,0,1,heartbeat,0,16.81,0.2,82.16,5.6,0,ttc_capped,0.0001,table,1,37.496822,126.957962,0.661,356.51,1,37.496693,126.95787,1.141,104.32,-10.6,-13.04
1786956586.233,5502,0,0,0,0,1,heartbeat,0,16.64,0.28,59.63,5.6,0,ttc_capped,0.0,table,1,37.496822,126.957962,0.601,356.51,1,37.496693,126.95787,1.188,104.9,-10.21,-13.14
1786956586.437,5504,0,0,0,0,1,heartbeat,0,16.55,0.28,59.39,5.6,0,ttc_capped,0.0001,table,1,37.496822,126.95797,0.509,356.51,1,37.496696,126.95787,1.155,105.07,-9.96,-13.22
1786956586.643,5506,0,0,0,0,1,heartbeat,0,16.42,0.31,52.3,5.6,0,ttc_capped,0.0,table,1,37.496819,126.95797,0.479,356.51,1,37.496696,126.957878,1.13,103.61,-9.78,-13.19
1786956586.847,5508,0,0,0,0,1,heartbeat,0,16.29,0.35,46.85,5.6,0,ttc_capped,0.0,table,1,37.496819,126.95797,0.493,356.51,1,37.496696,126.957878,1.067,101.78,-9.59,-13.17
1786956587.055,5510,0,0,0,0,1,heartbeat,0,16.18,0.35,45.83,5.6,0,ttc_capped,0.0015,table,1,37.496815,126.957977,0.591,352.0,1,37.496696,126.957878,1.009,103.46,-9.49,-13.1
1786956587.269,5512,0,0,0,0,1,heartbeat,0,16.07,0.35,45.41,5.6,0,ttc_capped,0.0018,table,1,37.496815,126.957977,0.685,346.65,1,37.496696,126.957878,0.996,103.48,-9.46,-12.99
1786956587.547,5513,0,0,0,0,1,heartbeat,0,15.93,0.35,45.78,5.6,0,ttc_capped,0.0015,table,1,37.496815,126.957977,0.685,346.65,1,37.496696,126.957886,0.971,103.46,-9.28,-12.95
1786956587.748,5516,0,0,0,0,1,heartbeat,0,15.62,0.52,29.98,18.93,0,table,0.0008,table,1,37.496807,126.957977,0.776,346.65,1,37.496696,126.957886,1.031,103.12,-9.16,-12.65
1786956587.772,5517,1,1,0,0,1,change,0,15.58,0.54,28.71,28.0,1,table,0.0003,table,1,37.496807,126.957985,0.776,346.65,1,37.496696,126.957886,1.031,103.12,-9.26,-12.53
1786956587.984,5519,1,1,1,1,1,heartbeat,0,15.41,0.6,25.65,28.0,1,table,0.0003,table,1,37.496807,126.957985,0.727,1.44,1,37.496696,126.957886,1.099,102.27,-9.27,-12.3
1786956588.194,5521,1,1,1,1,1,heartbeat,0,15.25,0.61,24.85,26.74,1,table,0.0009,table,1,37.496807,126.957985,0.7,1.44,1,37.496696,126.957893,1.1,102.77,-9.21,-12.15
1786956588.402,5523,1,1,1,1,1,heartbeat,0,15.09,0.64,23.62,28.0,1,table,0.0007,table,1,37.496807,126.957985,0.806,1.44,1,37.4967,126.957893,1.113,101.2,-9.09,-12.04
1786956588.612,5525,1,1,1,1,1,heartbeat,0,14.93,0.66,22.63,28.0,1,table,0.0007,table,1,37.496807,126.957985,0.814,1.44,1,37.4967,126.957893,1.079,98.4,-8.94,-11.96
1786956588.827,5527,1,1,1,1,1,heartbeat,0,14.79,0.65,22.77,28.0,1,table,0.0007,table,1,37.496807,126.957985,0.761,343.14,1,37.4967,126.957893,1.059,98.07,-8.77,-11.92
1786956589.039,5529,1,1,1,1,1,heartbeat,0,14.64,0.65,22.65,25.41,1,table,0.0008,table,1,37.496807,126.957985,0.723,343.14,1,37.496704,126.957893,1.09,98.2,-8.56,-11.88
1786956589.25,5531,1,1,1,1,1,heartbeat,0,14.52,0.6,24.08,12.49,0,table,0.0009,table,1,37.496807,126.957985,0.744,343.14,1,37.4967,126.957901,1.083,99.81,-8.33,-11.9
1786956589.462,5533,1,1,1,1,1,heartbeat,0,14.42,0.54,26.89,5.6,0,table,0.0015,table,1,37.496807,126.957985,0.759,1.64,1,37.4967,126.957901,1.061,102.05,-8.1,-11.93
1786956589.672,5535,1,1,1,1,1,heartbeat,0,14.37,0.45,31.77,5.6,0,ttc_capped,0.001,table,1,37.496811,126.957985,0.774,5.39,1,37.496704,126.957901,1.071,102.22,-7.85,-12.03
1786956589.883,5537,1,1,1,1,1,heartbeat,0,14.37,0.34,42.59,5.6,0,ttc_capped,0.0001,table,1,37.496811,126.957985,0.777,5.39,1,37.496704,126.957901,1.011,101.75,-7.61,-12.19
1786956590.102,5539,1,1,1,1,1,heartbeat,0,14.47,0.19,77.13,5.6,0,ttc_capped,0.0003,table,1,37.496811,126.957993,0.768,5.39,1,37.496704,126.957901,0.925,99.54,-7.6,-12.31
1786956590.307,5541,1,1,1,1,1,heartbeat,0,14.43,0.17,85.9,5.6,0,ttc_capped,0.0003,table,1,37.496811,126.957985,0.717,5.39,1,37.496704,126.957901,0.873,97.45,-7.36,-12.41
1786956590.508,5542,1,1,1,1,1,heartbeat,0,14.35,0.16,89.48,5.6,0,ttc_capped,0.0001,table,1,37.496811,126.957985,0.599,346.72,1,37.496704,126.957909,0.884,97.41,-7.16,-12.44
1786956590.717,5544,1,1,1,1,1,heartbeat,0,14.37,0.07,205.31,5.6,0,ttc_capped,0.0005,table,1,37.496815,126.957985,0.48,344.19,1,37.496704,126.957909,0.812,98.55,-6.92,-12.59
1786956590.938,5547,1,1,1,1,1,heartbeat,0,14.46,-0.06,9999.0,25.0,0,ttc_capped,0.0001,table,1,37.496815,126.957985,0.452,344.19,1,37.496704,126.957909,0.774,99.96,-6.67,-12.83
1786956591.148,5549,0,0,1,1,1,change,0,14.47,-0.12,9999.0,25.0,0,ttc_capped,0.0001,table,1,37.496815,126.957985,0.535,344.19,1,37.496708,126.957909,0.737,100.09,-6.48,-12.94
1786956591.36,5551,0,0,1,0,1,heartbeat,0,14.61,-0.25,9999.0,25.0,0,ttc_capped,0.0001,table,1,37.496815,126.957993,0.587,344.19,1,37.496708,126.957909,0.644,99.94,-6.52,-13.08
1786956591.624,5552,0,0,0,0,1,heartbeat,0,14.73,-0.34,9999.0,25.0,0,ttc_capped,0.0001,table,1,37.496819,126.957993,0.619,344.19,1,37.496708,126.957909,0.372,99.94,-6.52,-13.21
1786956591.836,5555,0,0,0,0,1,heartbeat,0,14.87,-0.39,9999.0,25.0,0,ttc_capped,0.0001,table,1,37.496819,126.957993,0.657,358.64,1,37.496708,126.957909,0.248,99.94,-6.57,-13.34
1786956592.037,5557,0,0,0,0,1,heartbeat,0,14.94,-0.38,9999.0,25.0,0,ttc_capped,0.0001,table,1,37.496819,126.957993,0.573,354.0,1,37.496708,126.957909,0.168,99.94,-6.6,-13.4
1786956592.242,5559,0,0,0,0,1,heartbeat,0,14.93,-0.3,9999.0,25.0,0,ttc_capped,0.0001,table,1,37.496819,126.957993,0.581,354.0,1,37.496712,126.957909,0.117,99.94,-6.64,-13.37
1786956592.45,5560,0,0,0,0,1,heartbeat,0,14.87,-0.18,9999.0,25.0,0,ttc_capped,0.0001,table,1,37.496819,126.957993,0.581,354.0,1,37.496712,126.957909,0.107,99.94,-6.71,-13.28
1786956592.652,5563,0,0,0,0,1,heartbeat,0,14.67,0.03,425.91,5.6,0,ttc_capped,0.0015,table,1,37.496815,126.957993,0.561,354.0,1,37.496712,126.957909,0.079,99.94,-6.8,-12.99
1786956592.944,5566,0,0,0,0,1,heartbeat,0,14.31,0.3,47.41,5.6,0,ttc_capped,0.003,table,1,37.496815,126.957993,0.51,1.89,1,37.496712,126.957909,0.042,99.94,-6.92,-12.53
1786956593.155,5568,0,0,0,0,1,heartbeat,0,14.02,0.47,29.68,5.6,0,table,0.0051,table,1,37.496815,126.957993,0.483,1.89,1,37.496712,126.957909,0.031,99.94,-7.05,-12.12
1786956593.356,5569,0,0,0,0,1,heartbeat,0,13.76,0.58,23.54,5.6,0,table,0.0058,table,1,37.496815,126.957993,0.467,1.89,1,37.496716,126.957909,0.029,99.94,-7.24,-11.71
1786956593.557,5571,0,0,0,0,1,heartbeat,0,13.45,0.68,19.85,5.6,0,table,0.0173,table,1,37.496815,126.957985,0.426,1.89,1,37.496716,126.957909,0.027,99.94,-7.18,-11.37
1786956593.768,5573,0,0,0,0,1,heartbeat,0,13.24,0.66,20.08,5.6,0,table,0.0148,table,1,37.496815,126.957985,0.358,1.89,1,37.496716,126.957909,0.024,99.94,-7.17,-11.13
1786956593.969,5575,0,0,0,0,1,heartbeat,0,12.99,0.68,19.21,5.6,0,table,0.0148,table,1,37.496815,126.957977,0.297,1.89,1,37.496719,126.957909,0.022,99.94,-7.11,-10.87
1786956594.176,5577,0,0,0,0,1,heartbeat,0,12.83,0.66,19.32,5.6,0,table,0.0148,table,1,37.496819,126.957977,0.269,1.89,1,37.496719,126.957909,0.019,99.94,-7.03,-10.73
1786956594.382,5579,0,0,0,0,1,heartbeat,0,12.71,0.63,20.26,5.6,0,table,0.0135,table,1,37.496819,126.957977,0.277,302.27,1,37.496719,126.957909,0.02,99.94,-6.96,-10.63
1786956594.632,5582,0,0,0,0,1,heartbeat,0,12.56,0.59,21.27,5.6,0,table,0.0094,table,1,37.496819,126.957977,0.307,278.39,1,37.496719,126.957909,0.018,99.94,-6.88,-10.51
1786956594.85,5584,0,0,0,0,1,heartbeat,0,12.52,0.52,24.22,5.6,0,table,0.0148,table,1,37.496819,126.957977,0.331,271.83,1,37.496719,126.957909,0.029,99.94,-6.83,-10.5
1786956595.09,5585,0,0,0,0,1,heartbeat,0,12.39,0.52,24.0,5.6,0,table,0.0148,table,1,37.496819,126.957977,0.331,257.92,1,37.496723,126.957909,0.027,99.94,-6.78,-10.36
1786956595.302,5588,0,0,0,0,1,heartbeat,0,12.3,0.49,25.21,5.6,0,table,0.0035,table,1,37.496819,126.957977,0.302,245.56,1,37.496723,126.957909,0.108,99.94,-6.73,-10.3
1786956595.508,5590,0,0,0,0,1,heartbeat,0,12.23,0.45,27.38,5.6,0,table,0.0028,table,1,37.496819,126.95797,0.394,240.58,1,37.496723,126.957909,0.245,99.94,-6.65,-10.26
1786956595.712,5592,0,0,0,0,1,heartbeat,0,12.17,0.4,30.55,5.6,0,ttc_capped,0.0024,table,1,37.496819,126.95797,0.391,236.83,1,37.496723,126.957909,0.287,99.94,-6.56,-10.25
1786956595.924,5594,0,0,0,0,1,heartbeat,0,12.02,0.42,28.3,5.6,0,table,0.0099,table,1,37.496819,126.95797,0.339,234.24,1,37.496727,126.957909,0.329,99.94,-6.48,-10.13
1786956596.134,5596,0,0,0,0,1,heartbeat,0,11.93,0.43,28.05,6.65,0,table,0.003,table,1,37.496822,126.95797,0.267,233.69,1,37.496727,126.957909,0.319,99.94,-6.41,-10.06
1786956596.346,5598,0,0,0,0,1,heartbeat,0,11.85,0.41,29.18,8.05,0,table,0.0028,table,1,37.496822,126.95797,0.19,233.59,1,37.496727,126.957909,0.226,99.94,-6.35,-10.01
1786956596.566,5600,0,0,0,0,1,heartbeat,0,11.8,0.37,31.58,9.26,0,ttc_capped,0.0028,table,1,37.496822,126.95797,0.143,233.59,1,37.496727,126.957909,0.152,99.94,-6.29,-9.99
1786956596.84,5602,0,0,0,0,1,heartbeat,0,11.93,0.2,59.75,5.6,0,ttc_capped,0.0177,table,1,37.496822,126.95797,0.109,233.59,1,37.496727,126.957901,0.068,99.94,-6.52,-9.99
1786956597.041,5604,0,0,0,0,1,heartbeat,0,12.02,0.11,107.26,5.6,0,ttc_capped,0.0157,table,1,37.496826,126.95797,0.1,245.76,1,37.496727,126.957901,0.039,99.94,-6.62,-10.03
1786956597.246,5606,0,0,0,0,1,heartbeat,0,12.06,0.07,177.51,5.6,0,ttc_capped,0.0184,table,1,37.496826,126.95797,0.123,249.34,1,37.496727,126.957901,0.061,99.94,-6.67,-10.05
1786956597.448,5608,0,0,0,0,1,heartbeat,0,12.1,0.02,506.46,5.6,0,ttc_capped,0.0348,table,1,37.496826,126.95797,0.135,252.27,1,37.496727,126.957901,0.069,99.94,-6.74,-10.06
1786956597.65,5610,0,0,0,0,1,heartbeat,0,12.19,-0.04,9999.0,25.0,0,ttc_capped,0.0014,table,1,37.496826,126.95797,0.104,252.27,1,37.496727,126.957901,0.052,99.94,-6.78,-10.13
1786956597.852,5612,0,0,0,0,1,heartbeat,0,12.25,-0.07,9999.0,25.0,0,ttc_capped,0.0008,table,1,37.496826,126.95797,0.075,252.27,1,37.496727,126.957901,0.052,99.94,-6.8,-10.19
1786956598.054,5614,0,0,0,0,1,heartbeat,0,12.31,-0.09,9999.0,25.0,0,ttc_capped,0.0012,table,1,37.496826,126.95797,0.062,252.27,1,37.496727,126.957901,0.059,99.94,-6.81,-10.25
1786956598.272,5616,0,0,0,0,1,heartbeat,0,12.29,-0.06,9999.0,25.0,0,ttc_capped,0.0014,table,1,37.49683,126.95797,0.094,252.27,1,37.496731,126.957901,0.04,99.94,-6.81,-10.24
1786956598.474,5618,0,0,0,0,1,heartbeat,0,12.24,0.01,1485.26,5.6,0,ttc_capped,0.0156,table,1,37.49683,126.95797,0.103,252.27,1,37.496731,126.957901,0.041,99.94,-6.79,-10.18
1786956598.676,5620,0,0,0,0,1,heartbeat,0,12.2,0.05,225.25,5.6,0,ttc_capped,0.0171,table,1,37.496834,126.95797,0.119,252.27,1,37.496731,126.957901,0.028,99.94,-6.77,-10.15
1786956598.878,5622,0,0,0,0,1,heartbeat,0,12.18,0.08,144.42,5.6,0,ttc_capped,0.0162,table,1,37.496834,126.95797,0.106,252.27,1,37.496731,126.957901,0.027,99.94,-6.75,-10.14
1786956599.089,5624,0,0,0,0,1,heartbeat,0,12.17,0.1,119.02,5.6,0,ttc_capped,0.0044,table,1,37.496834,126.95797,0.074,0.0,1,37.496731,126.957901,0.024,99.94,-6.72,-10.15
1786956599.304,5626,0,0,0,0,1,heartbeat,0,12.17,0.11,110.4,5.6,0,ttc_capped,0.005,table,1,37.496834,126.957977,0.102,0.0,1,37.496731,126.957901,0.027,99.94,-6.71,-10.16
1786956599.511,5628,0,0,0,0,1,heartbeat,0,12.19,0.11,109.75,5.6,0,ttc_capped,0.0038,table,1,37.496834,126.957977,0.113,0.0,1,37.496731,126.957901,0.024,99.94,-6.7,-10.18
1786956599.803,5631,0,0,0,0,1,heartbeat,0,12.21,0.11,111.45,5.6,0,ttc_capped,0.0148,table,1,37.496834,126.957977,0.123,0.0,1,37.496731,126.957901,0.015,99.94,-6.71,-10.2
1786956600.023,5633,0,0,0,0,1,heartbeat,0,12.23,0.1,127.27,5.6,0,ttc_capped,0.014,table,1,37.496834,126.957977,0.118,0.0,1,37.496731,126.957901,0.019,99.94,-6.69,-10.24
1786956600.229,5635,0,0,0,0,1,heartbeat,0,12.26,0.08,148.98,5.6,0,ttc_capped,0.011,table,1,37.496834,126.957977,0.08,0.0,1,37.496731,126.957901,0.025,99.94,-6.68,-10.29
1786956600.441,5637,0,0,0,0,1,heartbeat,0,12.29,0.07,178.68,5.88,0,ttc_capped,0.0075,table,1,37.496834,126.957977,0.061,0.0,1,37.496731,126.957901,0.025,99.94,-6.66,-10.33
1786956600.647,5639,0,0,0,0,1,heartbeat,0,12.33,0.06,219.36,11.91,0,ttc_capped,0.011,table,1,37.496838,126.957977,0.069,0.0,1,37.496731,126.957901,0.015,99.94,-6.66,-10.38
1786956600.857,5641,0,0,0,0,1,heartbeat,0,12.36,0.04,275.16,20.32,0,ttc_capped,0.003,table,1,37.496838,126.95797,0.115,0.0,1,37.496731,126.957901,0.015,99.94,-6.64,-10.43
1786956601.069,5643,0,0,0,0,1,heartbeat,0,12.4,0.04,353.21,28.0,0,ttc_capped,0.0075,table,1,37.496841,126.95797,0.156,0.0,1,37.496731,126.957901,0.015,99.94,-6.62,-10.49
1786956601.28,5645,0,0,0,0,1,heartbeat,0,12.44,0.03,467.85,28.0,0,ttc_capped,0.0075,table,1,37.496841,126.95797,0.168,0.0,1,37.496731,126.957901,0.015,99.94,-6.6,-10.54
1786956601.492,5647,0,0,0,0,1,heartbeat,0,12.48,0.02,649.98,16.34,0,ttc_capped,0.011,table,1,37.496845,126.95797,0.174,0.0,1,37.496731,126.957901,0.028,99.94,-6.58,-10.6
1786956601.703,5649,0,0,0,0,1,heartbeat,0,12.46,0.06,222.36,5.6,0,ttc_capped,0.014,table,1,37.496845,126.95797,0.158,0.0,1,37.496731,126.957909,0.022,99.94,-6.45,-10.66
1786956601.912,5651,0,0,0,0,1,heartbeat,0,12.4,0.11,109.73,5.6,0,ttc_capped,0.0012,table,1,37.496845,126.957962,0.132,0.0,1,37.496731,126.957909,0.026,99.94,-6.22,-10.72
1786956602.123,5653,0,0,0,0,1,heartbeat,0,12.36,0.15,85.1,5.6,0,ttc_capped,0.0012,table,1,37.496849,126.957962,0.113,0.0,1,37.496731,126.957909,0.026,99.94,-6.03,-10.79
1786956602.334,5655,0,0,0,0,1,heartbeat,0,12.34,0.16,77.08,5.6,0,ttc_capped,0.0012,table,1,37.496849,126.957962,0.113,0.0,1,37.496731,126.957909,0.023,99.94,-5.87,-10.86
1786956602.545,5657,0,0,0,0,1,heartbeat,0,12.33,0.16,75.95,5.6,0,ttc_capped,0.0012,table,1,37.496849,126.957954,0.124,0.0,1,37.496731,126.957909,0.027,99.94,-5.73,-10.92
1786956602.748,5658,0,0,0,0,1,heartbeat,0,12.32,0.15,79.96,5.6,0,ttc_capped,0.0031,table,1,37.496849,126.957954,0.136,0.0,1,37.496731,126.957909,0.019,99.94,-5.65,-10.95
1786956602.953,5660,0,0,0,0,1,heartbeat,0,12.33,0.14,87.34,5.6,0,ttc_capped,0.0108,table,1,37.496849,126.957947,0.153,0.0,1,37.496731,126.957909,0.022,99.94,-5.55,-11.0
1786956603.179,5663,0,0,0,0,1,heartbeat,0,12.35,0.13,94.48,5.6,0,ttc_capped,0.0011,table,1,37.496853,126.957947,0.125,0.0,1,37.496731,126.957909,0.019,99.94,-5.42,-11.09
1786956603.391,5665,0,0,0,0,1,heartbeat,0,12.38,0.11,112.6,5.6,0,ttc_capped,0.001,table,1,37.496853,126.957947,0.099,0.0,1,37.496731,126.957909,0.017,99.94,-5.36,-11.16
1786956603.601,5667,0,0,0,0,1,heartbeat,0,12.4,0.09,137.23,5.6,0,ttc_capped,0.0011,table,1,37.496857,126.957939,0.109,0.0,1,37.496731,126.957909,0.016,99.94,-5.29,-11.22
1786956603.924,5670,0,0,0,0,1,heartbeat,0,12.39,0.09,141.25,5.6,0,ttc_capped,0.0041,table,1,37.496857,126.957939,0.087,0.0,1,37.496731,126.957909,0.016,99.94,-5.18,-11.26
1786956604.133,5672,0,0,0,0,1,heartbeat,0,12.45,0.05,227.72,5.6,0,ttc_capped,0.0011,table,1,37.496857,126.957939,0.096,0.0,1,37.496731,126.957909,0.024,99.94,-5.18,-11.32
1786956604.339,5674,0,0,0,0,1,heartbeat,0,12.51,0.03,387.08,5.6,0,ttc_capped,0.0011,table,1,37.496861,126.957939,0.107,0.0,1,37.496731,126.957909,0.02,99.94,-5.16,-11.4
1786956604.551,5676,0,0,0,0,1,heartbeat,0,12.56,0.02,737.36,5.6,0,ttc_capped,0.0011,table,1,37.496861,126.957939,0.09,0.0,1,37.496731,126.957909,0.028,99.94,-5.12,-11.47
1786956604.76,5678,0,0,0,0,1,heartbeat,0,12.61,0.01,1910.4,5.6,0,ttc_capped,0.0011,table,1,37.496861,126.957939,0.073,0.0,1,37.496731,126.957909,0.034,99.94,-5.09,-11.54
1786956604.972,5680,0,0,0,0,1,heartbeat,0,12.62,0.03,367.56,5.6,0,ttc_capped,0.0011,table,1,37.496864,126.957939,0.067,0.0,1,37.496731,126.957916,0.033,99.94,-4.94,-11.61
1786956605.183,5682,0,0,0,0,1,heartbeat,0,12.6,0.08,167.2,5.6,0,ttc_capped,0.0011,table,1,37.496864,126.957939,0.06,0.0,1,37.496731,126.957916,0.032,99.94,-4.71,-11.68
1786956605.393,5684,0,0,0,0,1,heartbeat,0,12.6,0.09,145.26,5.6,0,ttc_capped,0.0011,table,1,37.496861,126.957939,0.07,0.0,1,37.496731,126.957916,0.032,99.94,-4.56,-11.75
1786956605.605,5686,0,0,0,0,1,heartbeat,0,12.6,0.1,126.82,5.6,0,ttc_capped,0.0011,table,1,37.496861,126.957939,0.079,0.0,1,37.496731,126.957916,0.054,99.94,-4.39,-11.81
1786956605.814,5688,0,0,0,0,1,heartbeat,0,12.61,0.1,126.52,5.6,0,ttc_capped,0.0011,table,1,37.496861,126.957939,0.064,0.0,1,37.496731,126.957916,0.05,99.94,-4.27,-11.87
1786956606.025,5690,0,0,0,0,1,heartbeat,0,12.63,0.09,132.97,5.6,0,ttc_capped,0.0011,table,1,37.496861,126.957939,0.056,0.0,1,37.496731,126.957916,0.048,99.94,-4.17,-11.92
1786956606.238,5692,0,0,0,0,1,heartbeat,0,12.65,0.09,145.9,5.6,0,ttc_capped,0.0011,table,1,37.496857,126.957932,0.046,0.0,1,37.496731,126.957916,0.05,99.94,-4.08,-11.97
1786956606.449,5694,0,0,0,0,1,heartbeat,0,12.65,0.08,156.13,5.6,0,ttc_capped,0.0011,table,1,37.496857,126.957932,0.075,0.0,1,37.496731,126.957916,0.056,99.94,-4.01,-12.0
1786956606.661,5696,0,0,0,0,1,heartbeat,0,12.66,0.07,176.74,5.6,0,ttc_capped,0.0011,table,1,37.496853,126.957932,0.108,0.0,1,37.496731,126.957916,0.061,99.94,-3.93,-12.03
1786956606.873,5698,0,0,0,0,1,heartbeat,0,12.68,0.05,235.51,5.6,0,ttc_capped,0.0006,table,1,37.496853,126.957932,0.164,0.0,1,37.496731,126.957916,0.056,99.94,-3.9,-12.07
1786956607.083,5700,0,0,0,0,1,heartbeat,0,12.69,0.05,272.43,5.6,0,ttc_capped,0.0011,table,1,37.496849,126.957932,0.205,0.0,1,37.496731,126.957916,0.056,99.94,-3.84,-12.1
1786956607.355,5701,0,0,0,0,1,heartbeat,0,12.7,0.03,450.41,5.6,0,ttc_capped,0.0171,table,1,37.496849,126.957932,0.205,0.0,1,37.496731,126.957916,0.037,99.94,-3.85,-12.11
1786956607.555,5704,0,0,0,0,1,heartbeat,0,12.71,0.02,641.83,5.6,0,ttc_capped,0.0171,table,1,37.496849,126.957932,0.259,0.0,1,37.496731,126.957916,0.029,99.94,-3.81,-12.13
1786956607.757,5706,0,0,0,0,1,heartbeat,0,12.66,0.06,202.77,5.6,0,ttc_capped,0.0009,table,1,37.496849,126.957932,0.233,0.0,1,37.496731,126.957924,0.056,99.94,-3.54,-12.15
1786956608.033,5709,0,0,0,0,1,heartbeat,0,12.61,0.07,173.02,5.6,0,ttc_capped,0.0011,table,1,37.496845,126.957932,0.195,0.0,1,37.496731,126.957924,0.038,99.94,-3.33,-12.17
1786956608.246,5711,0,0,0,0,1,heartbeat,0,12.58,0.08,157.46,5.6,0,ttc_capped,0.0044,table,1,37.496841,126.957932,0.158,0.0,1,37.496731,126.957924,0.034,99.94,-3.16,-12.17
1786956608.467,5712,0,0,0,0,1,heartbeat,0,12.54,0.09,147.42,5.6,0,ttc_capped,0.0044,table,1,37.496841,126.957932,0.158,0.0,1,37.496731,126.957924,0.068,99.94,-3.02,-12.17
1786956608.671,5714,0,0,0,0,1,heartbeat,0,12.52,0.08,152.56,5.6,0,ttc_capped,0.0162,table,1,37.496838,126.957932,0.144,0.0,1,37.496731,126.957924,0.042,99.94,-2.93,-12.17
1786956608.874,5716,0,0,0,0,1,heartbeat,0,12.49,0.07,167.23,5.6,0,ttc_capped,0.011,table,1,37.496838,126.957924,0.122,0.0,1,37.496731,126.957924,0.036,99.94,-2.82,-12.17
1786956609.093,5719,0,0,0,0,1,heartbeat,0,12.44,0.07,181.79,5.6,0,ttc_capped,0.0044,table,1,37.496834,126.957924,0.136,0.0,1,37.496731,126.957924,0.036,99.94,-2.68,-12.14
1786956609.3,5721,0,0,0,0,1,heartbeat,0,12.4,0.06,218.97,5.6,0,ttc_capped,0.0044,table,1,37.49683,126.957924,0.148,0.0,1,37.496731,126.957924,0.024,99.94,-2.63,-12.12
1786956609.512,5723,0,0,0,0,1,heartbeat,0,12.37,0.05,256.42,5.6,0,ttc_capped,0.0044,table,1,37.49683,126.957924,0.174,0.0,1,37.496731,126.957924,0.028,99.94,-2.56,-12.1
1786956609.782,5724,0,0,0,0,1,heartbeat,0,12.22,0.14,90.3,5.6,0,ttc_capped,0.0148,table,1,37.496826,126.957924,0.176,0.0,1,37.496735,126.957924,0.027,99.94,-2.54,-11.95
1786956609.984,5726,0,0,0,0,1,heartbeat,0,12.09,0.19,62.56,12.41,0,ttc_capped,0.0116,table,1,37.496826,126.957924,0.183,0.0,1,37.496735,126.957924,0.018,99.94,-2.52,-11.83
1786956610.204,5729,0,0,0,0,1,heartbeat,0,11.96,0.23,53.04,22.67,0,ttc_capped,0.0097,table,1,37.496822,126.957924,0.178,0.0,1,37.496735,126.957924,0.027,99.94,-2.47,-11.7
1786956610.464,5732,0,0,0,0,1,heartbeat,0,11.82,0.23,51.0,26.89,0,ttc_capped,0.003,table,1,37.496822,126.957924,0.144,0.0,1,37.496735,126.957924,0.042,99.94,-2.39,-11.57
1786956610.675,5734,0,0,0,0,1,heartbeat,0,11.72,0.23,50.27,28.0,0,ttc_capped,0.0075,table,1,37.496822,126.957924,0.141,0.0,1,37.496735,126.957924,0.041,99.94,-2.35,-11.48
1786956610.888,5736,0,0,0,0,1,heartbeat,0,11.64,0.22,52.12,28.0,0,ttc_capped,0.0075,table,1,37.496822,126.957924,0.14,0.0,1,37.496735,126.957924,0.036,99.94,-2.32,-11.4
1786956611.097,5738,0,0,0,0,1,heartbeat,0,11.55,0.22,52.0,21.71,0,ttc_capped,0.003,table,1,37.496822,126.957924,0.149,0.0,1,37.496735,126.957932,0.028,99.94,-2.17,-11.34
1786956611.314,5740,0,0,0,0,1,heartbeat,0,11.47,0.22,51.73,5.6,0,ttc_capped,0.003,table,1,37.496819,126.957924,0.158,0.0,1,37.496735,126.957932,0.032,99.94,-1.95,-11.31
1786956611.517,5742,0,0,0,0,1,heartbeat,0,11.4,0.21,55.09,5.6,0,ttc_capped,0.0038,table,1,37.496819,126.957924,0.122,0.0,1,37.496735,126.957932,0.032,99.94,-1.76,-11.26
1786956611.729,5744,0,0,0,0,1,heartbeat,0,11.31,0.2,57.85,5.6,0,ttc_capped,0.0038,table,1,37.496815,126.957924,0.094,0.0,1,37.496735,126.957932,0.032,99.94,-1.62,-11.19
1786956611.939,5746,0,0,0,0,1,heartbeat,0,11.25,0.16,68.46,5.6,0,ttc_capped,0.0038,table,1,37.496815,126.957924,0.084,0.0,1,37.496735,126.957932,0.03,99.94,-1.48,-11.16
1786956612.15,5747,0,0,0,0,1,heartbeat,0,11.24,0.12,90.63,5.6,0,ttc_capped,0.014,table,1,37.496811,126.957924,0.093,0.0,1,37.496735,126.957932,0.035,99.94,-1.4,-11.15
1786956612.356,5747,0,0,0,0,1,heartbeat,0,11.24,0.1,111.83,5.6,0,ttc_capped,0.0125,table,1,37.496811,126.957924,0.093,0.0,1,37.496735,126.957932,0.046,99.94,-1.37,-11.16
1786956612.56,5751,0,0,0,0,1,heartbeat,0,11.21,0.08,135.6,5.6,0,ttc_capped,0.0169,table,1,37.496807,126.957932,0.106,0.0,1,37.496735,126.957932,0.041,99.94,-1.33,-11.14
1786956612.766,5753,0,0,0,0,1,heartbeat,0,11.19,0.06,178.26,5.6,0,ttc_capped,0.0193,table,1,37.496807,126.957932,0.112,0.0,1,37.496735,126.957932,0.039,99.94,-1.3,-11.11
1786956613.062,5753,0,0,0,0,1,heartbeat,0,11.2,0.04,271.71,5.6,0,ttc_capped,0.0198,table,1,37.496807,126.957932,0.112,0.0,1,37.496735,126.957932,0.016,99.94,-1.3,-11.12
1786956613.31,5759,0,0,0,0,1,heartbeat,0,11.15,0.04,285.8,5.6,0,ttc_capped,0.0125,table,1,37.496803,126.957939,0.123,0.0,1,37.496735,126.957932,0.016,99.94,-1.27,-11.08
1786956613.632,5762,0,0,0,0,1,heartbeat,0,11.06,0.02,492.47,5.6,0,ttc_capped,0.0125,table,1,37.496799,126.957947,0.109,0.0,1,37.496735,126.957932,0.022,99.94,-1.26,-10.99
1786956613.838,5764,0,0,0,0,1,heartbeat,0,10.97,0.02,699.25,5.6,0,ttc_capped,0.0124,table,1,37.496796,126.957947,0.096,0.0,1,37.496735,126.957932,0.016,99.94,-1.26,-10.89
1786956614.164,5767,0,0,0,0,1,heartbeat,0,10.92,0.01,1396.58,5.6,0,ttc_capped,0.0043,table,1,37.496792,126.957947,0.082,0.0,1,37.496735,126.957932,0.016,99.94,-1.29,-10.84
1786956614.373,5769,0,0,0,0,1,heartbeat,0,11.0,-0.13,9999.0,25.0,0,ttc_capped,0.0014,table,1,37.496792,126.957954,0.066,0.0,1,37.496731,126.957932,0.018,99.94,-1.34,-10.92
1786956614.576,5771,0,0,0,0,1,heartbeat,0,11.01,-0.2,9999.0,25.0,0,ttc_capped,0.0013,table,1,37.496788,126.957954,0.059,0.0,1,37.496731,126.957932,0.024,99.94,-1.37,-10.92
1786956614.788,5773,0,0,0,0,1,heartbeat,0,11.02,-0.22,9999.0,25.0,0,ttc_capped,0.0013,table,1,37.496784,126.957954,0.08,0.0,1,37.496731,126.957932,0.024,99.94,-1.39,-10.93
1786956614.998,5775,0,0,0,0,1,heartbeat,0,10.97,-0.24,9999.0,25.0,0,ttc_capped,0.0013,table,1,37.496784,126.957962,0.062,0.0,1,37.496731,126.957932,0.031,99.94,-1.44,-10.88
1786956615.205,5776,0,0,0,0,1,heartbeat,0,10.95,-0.23,9999.0,25.0,0,ttc_capped,0.0013,table,1,37.496784,126.957962,0.062,0.0,1,37.496731,126.957932,0.017,99.94,-1.46,-10.85
1786956615.411,5778,0,0,0,0,1,heartbeat,0,10.91,-0.21,9999.0,25.0,0,ttc_capped,0.0013,table,1,37.49678,126.957962,0.066,0.0,1,37.496731,126.957932,0.024,99.94,-1.49,-10.81
1786956615.614,5780,0,0,0,0,1,heartbeat,0,10.81,-0.19,9999.0,25.0,0,ttc_capped,0.0014,table,1,37.49678,126.957962,0.064,0.0,1,37.496731,126.957932,0.03,99.94,-1.52,-10.7
1786956615.815,5782,0,0,0,0,1,heartbeat,0,10.7,-0.17,9999.0,25.0,0,ttc_capped,0.0014,table,1,37.49678,126.95797,0.053,0.0,1,37.496731,126.957932,0.023,99.94,-1.57,-10.58
1786956616.053,5785,0,0,0,0,1,heartbeat,0,10.61,-0.16,9999.0,25.0,0,ttc_capped,0.0014,table,1,37.49678,126.95797,0.037,0.0,1,37.496731,126.957932,0.023,99.94,-1.61,-10.49
1786956616.265,5787,0,0,0,0,1,heartbeat,0,10.49,-0.13,9999.0,25.0,0,ttc_capped,0.0014,table,1,37.49678,126.95797,0.038,0.0,1,37.496731,126.957932,0.02,99.94,-1.66,-10.36
1786956616.475,5789,0,0,0,0,1,heartbeat,0,10.45,-0.11,9999.0,25.0,0,ttc_capped,0.0014,table,1,37.49678,126.95797,0.038,0.0,1,37.496731,126.957932,0.02,99.94,-1.68,-10.31
1786956616.729,5789,0,0,0,0,1,heartbeat,0,10.56,-0.18,9999.0,25.0,0,ttc_capped,0.0008,table,1,37.49678,126.95797,0.038,0.0,1,37.496727,126.957932,0.018,99.94,-1.68,-10.43
1786956616.931,5789,0,0,0,0,1,heartbeat,0,10.66,-0.23,9999.0,25.0,0,ttc_capped,0.0008,table,1,37.49678,126.95797,0.038,0.0,1,37.496727,126.957932,0.019,99.94,-1.68,-10.53
1786956617.133,5795,0,0,0,0,1,heartbeat,0,10.62,-0.24,9999.0,25.0,0,ttc_capped,0.0008,table,1,37.49678,126.957977,0.044,0.0,1,37.496727,126.957932,0.015,99.94,-1.74,-10.48
1786956617.351,5797,0,0,0,0,1,heartbeat,0,10.57,-0.25,9999.0,25.0,0,ttc_capped,0.0008,table,1,37.49678,126.957977,0.03,0.0,1,37.496727,126.957932,0.023,99.94,-1.79,-10.42
1786956617.557,5799,0,0,0,0,1,heartbeat,0,10.5,-0.24,9999.0,25.0,0,ttc_capped,0.0011,table,1,37.496777,126.957977,0.032,0.0,1,37.496727,126.957932,0.017,99.94,-1.85,-10.33
1786956617.767,5801,0,0,0,0,1,heartbeat,0,10.47,-0.22,9999.0,25.0,0,ttc_capped,0.0013,table,1,37.496777,126.957977,0.026,0.0,1,37.496727,126.957932,0.021,99.94,-1.87,-10.3
1786956617.975,5803,0,0,0,0,1,heartbeat,0,10.38,-0.19,9999.0,25.0,0,ttc_capped,0.0014,table,1,37.496777,126.957977,0.024,0.0,1,37.496727,126.957932,0.029,99.94,-1.92,-10.2
1786956618.187,5805,0,0,0,0,1,heartbeat,0,10.29,-0.17,9999.0,25.0,0,ttc_capped,0.0014,table,1,37.496777,126.957977,0.028,0.0,1,37.496727,126.957932,0.019,99.94,-1.97,-10.09
1786956618.393,5807,0,0,0,0,1,heartbeat,0,10.18,-0.14,9999.0,25.0,0,ttc_capped,0.0013,table,1,37.496773,126.957977,0.031,0.0,1,37.496727,126.957932,0.023,99.94,-2.02,-9.98
1786956618.671,5808,0,0,0,0,1,heartbeat,0,10.13,-0.12,9999.0,25.0,0,ttc_capped,0.0011,table,1,37.496773,126.957977,0.024,0.0,1,37.496727,126.957932,0.03,99.94,-2.04,-9.92
1786956618.88,5808,0,0,0,0,1,heartbeat,0,10.19,-0.14,9999.0,25.0,0,ttc_capped,0.0008,table,1,37.496773,126.957977,0.024,0.0,1,37.496723,126.957932,0.03,99.94,-2.04,-9.98
1786956619.116,5814,0,0,0,0,1,heartbeat,0,10.19,-0.2,9999.0,25.0,0,ttc_capped,0.0013,table,1,37.496769,126.957977,0.021,0.0,1,37.496723,126.957932,0.036,99.94,-2.09,-9.97
1786956619.324,5816,0,0,0,0,1,heartbeat,0,10.16,-0.23,9999.0,25.0,0,ttc_capped,0.0012,table,1,37.496769,126.957985,0.019,0.0,1,37.496723,126.957932,0.033,99.94,-2.16,-9.93
1786956619.59,5817,0,0,0,0,1,heartbeat,0,10.18,-0.25,9999.0,25.0,0,ttc_capped,0.0008,table,1,37.496765,126.957985,0.034,0.0,1,37.496723,126.957932,0.03,99.94,-2.19,-9.95
1786956619.89,5820,0,0,0,0,1,heartbeat,0,10.12,-0.23,9999.0,25.0,0,ttc_capped,0.0011,table,1,37.496765,126.957985,0.037,0.0,1,37.496723,126.957932,0.04,99.94,-2.25,-9.87
1786956620.096,5822,0,0,0,0,1,heartbeat,0,10.08,-0.21,9999.0,25.0,0,ttc_capped,0.0011,table,1,37.496761,126.957985,0.033,0.0,1,37.496723,126.957932,0.035,99.94,-2.28,-9.82
1786956620.3,5822,0,0,0,0,1,heartbeat,0,10.11,-0.19,9999.0,25.0,0,ttc_capped,0.0011,table,1,37.496761,126.957985,0.033,0.0,1,37.496723,126.957932,0.036,99.94,-2.28,-9.84
1786956620.508,5827,0,0,0,0,1,heartbeat,0,9.97,-0.16,9999.0,30.0,0,ttc_capped,0.0014,table,1,37.496758,126.957985,0.033,0.0,1,37.496723,126.957932,0.031,99.94,-2.34,-9.69
1786956620.718,5829,0,0,0,0,1,heartbeat,0,9.83,-0.13,9999.0,30.0,0,ttc_capped,0.0014,table,1,37.496754,126.957985,0.037,0.0,1,37.496723,126.957932,0.031,99.94,-2.41,-9.53
1786956620.938,5831,0,0,0,0,1,heartbeat,0,9.76,-0.11,9999.0,30.0,0,ttc_capped,0.0014,table,1,37.496754,126.957993,0.03,0.0,1,37.496723,126.957932,0.046,99.94,-2.44,-9.45
1786956621.209,5832,0,0,0,0,1,heartbeat,0,9.67,-0.07,9999.0,30.0,0,ttc_capped,0.0014,table,1,37.49675,126.957993,0.034,0.0,1,37.496723,126.957932,0.039,99.94,-2.48,-9.35
1786956621.416,5834,0,0,0,0,1,heartbeat,0,9.6,-0.05,9999.0,30.0,0,ttc_capped,0.0014,table,1,37.49675,126.957993,0.038,0.0,1,37.496723,126.957932,0.032,99.94,-2.52,-9.26
1786956621.624,5836,0,0,0,0,1,heartbeat,0,9.52,-0.04,9999.0,30.0,0,ttc_capped,0.0014,table,1,37.49675,126.957993,0.037,0.0,1,37.496723,126.957932,0.029,99.94,-2.56,-9.17
1786956621.861,5840,0,0,0,0,1,heartbeat,0,9.36,-0.02,9999.0,30.0,0,ttc_capped,0.0013,table,1,37.496746,126.957993,0.044,0.0,1,37.496723,126.957932,0.02,99.94,-2.63,-8.98
1786956622.066,5842,0,0,0,0,1,heartbeat,0,9.28,-0.01,9999.0,30.0,0,ttc_capped,0.0013,table,1,37.496742,126.957993,0.041,0.0,1,37.496723,126.957932,0.01,99.94,-2.67,-8.88
1786956622.278,5844,0,0,0,0,1,heartbeat,0,9.12,-0.01,9999.0,30.0,0,ttc_capped,0.0225,table,1,37.496742,126.957993,0.041,0.0,1,37.496723,126.957932,0.007,99.94,-2.74,-8.7
1786956622.594,5847,0,0,0,0,1,heartbeat,0,9.03,0.0,3032.13,8.67,0,ttc_capped,0.0095,table,1,37.496738,126.957993,0.044,0.0,1,37.496723,126.957932,0.011,99.94,-2.78,-8.6
1786956622.832,5848,0,0,0,0,1,heartbeat,0,8.95,0.01,1008.23,22.76,0,ttc_capped,0.0081,table,1,37.496738,126.957993,0.044,0.0,1,37.496723,126.957932,0.029,99.94,-2.82,-8.49
1786956623.04,5851,0,0,0,0,1,heartbeat,0,8.79,0.01,885.85,24.65,0,ttc_capped,0.008,table,1,37.496735,126.957993,0.046,0.0,1,37.496723,126.957932,0.019,99.94,-2.88,-8.3
1786956623.332,5854,0,0,0,0,1,heartbeat,0,8.56,0.01,938.32,25.11,0,ttc_capped,0.0058,table,1,37.496735,126.957993,0.044,0.0,1,37.496723,126.957932,0.019,99.94,-2.98,-8.03
1786956623.545,5856,0,0,0,0,1,heartbeat,0,8.49,0.01,723.12,24.79,0,ttc_capped,0.0058,table,1,37.496735,126.957993,0.043,0.0,1,37.496723,126.957932,0.031,99.94,-3.01,-7.94
1786956623.755,5858,0,0,0,0,1,heartbeat,0,8.34,0.01,674.62,25.95,0,ttc_capped,0.0042,table,1,37.496731,126.957993,0.042,0.0,1,37.496723,126.957932,0.026,99.94,-3.07,-7.75
1786956623.965,5858,0,0,0,0,1,heartbeat,0,8.34,0.01,672.61,25.95,0,ttc_capped,0.0044,table,1,37.496731,126.957993,0.042,0.0,1,37.496723,126.957932,0.023,99.94,-3.07,-7.75
1786956624.278,5861,0,0,0,0,1,heartbeat,0,8.19,0.01,687.47,25.13,0,ttc_capped,0.0058,table,1,37.496731,126.957993,0.045,0.0,1,37.496723,126.957932,0.019,99.94,-3.13,-7.57
1786956624.483,5864,0,0,0,0,1,heartbeat,0,8.05,0.01,750.15,24.81,0,ttc_capped,0.0058,table,1,37.496727,126.957993,0.047,0.0,1,37.496723,126.957932,0.012,99.94,-3.19,-7.38
1786956624.688,5866,0,0,0,0,1,heartbeat,0,7.9,0.01,870.32,24.82,0,ttc_capped,0.0058,table,1,37.496723,126.957993,0.048,0.0,1,37.496723,126.957932,0.014,99.94,-3.25,-7.2
1786956624.888,5868,0,0,0,0,1,heartbeat,0,7.76,0.01,976.3,24.35,0,ttc_capped,0.0058,table,1,37.496723,126.957993,0.049,0.0,1,37.496723,126.957932,0.027,99.94,-3.3,-7.02
1786956625.089,5870,0,0,0,0,1,heartbeat,0,7.62,0.01,1082.21,25.0,0,ttc_capped,0.0058,table,1,37.496723,126.957985,0.048,0.0,1,37.496723,126.957932,0.024,99.94,-3.34,-6.85
1786956625.297,5872,0,0,0,0,1,heartbeat,0,7.55,0.01,988.23,24.62,0,ttc_capped,0.0058,table,1,37.496719,126.957985,0.053,0.0,1,37.496723,126.957932,0.027,99.94,-3.36,-6.76
1786956625.499,5874,0,0,0,0,1,heartbeat,0,7.41,0.01,1248.23,24.62,0,ttc_capped,0.0058,table,1,37.496719,126.957985,0.058,0.0,1,37.496723,126.957932,0.032,99.94,-3.39,-6.58
1786956625.701,5876,0,0,0,0,1,heartbeat,0,7.33,0.01,1164.75,24.1,0,ttc_capped,0.0058,table,1,37.496716,126.957985,0.05,0.0,1,37.496723,126.957932,0.026,99.94,-3.41,-6.49
1786956625.903,5878,0,0,0,0,1,heartbeat,0,7.19,0.0,1500.78,24.03,0,ttc_capped,0.0058,table,1,37.496716,126.957985,0.056,0.0,1,37.496723,126.957932,0.018,99.94,-3.44,-6.31
1786956626.183,5881,0,0,0,0,1,heartbeat,0,7.04,0.01,1384.46,23.92,0,ttc_capped,0.0055,table,1,37.496712,126.957985,0.051,0.0,1,37.496723,126.957932,0.025,99.94,-3.47,-6.13
1786956626.397,5883,0,0,0,0,1,heartbeat,0,6.96,0.01,1224.07,25.9,0,ttc_capped,0.0055,table,1,37.496708,126.957977,0.058,0.0,1,37.496723,126.957932,0.02,99.94,-3.48,-6.03
1786956626.606,5885,0,0,0,0,1,heartbeat,0,6.81,0.0,1655.43,26.0,0,ttc_capped,0.0055,table,1,37.496708,126.957977,0.059,0.0,1,37.496723,126.957932,0.025,99.94,-3.49,-5.85
1786956626.815,5887,0,0,0,0,1,heartbeat,0,6.66,0.0,1776.69,26.04,0,ttc_capped,0.0055,table,1,37.496704,126.957977,0.06,0.0,1,37.496723,126.957932,0.02,99.94,-3.5,-5.66
1786956627.025,5889,0,0,0,0,1,heartbeat,0,6.51,0.0,1918.55,25.95,0,ttc_capped,0.0055,table,1,37.496704,126.957977,0.062,0.0,1,37.496723,126.957932,0.013,99.94,-3.51,-5.48
1786956627.23,5890,0,0,0,0,1,heartbeat,0,6.43,0.0,1941.47,25.87,0,ttc_capped,0.0058,table,1,37.496704,126.957977,0.062,0.0,1,37.496723,126.957932,0.017,99.94,-3.52,-5.39
1786956627.435,5892,0,0,0,0,1,heartbeat,0,6.2,0.06,98.82,27.67,0,ttc_capped,0.0141,table,1,37.4967,126.95797,0.064,0.0,1,37.496727,126.957932,0.011,99.94,-3.51,-5.11
1786956627.638,5894,0,0,0,0,1,heartbeat,0,5.98,0.11,54.54,27.68,0,ttc_capped,0.0141,table,1,37.4967,126.95797,0.056,0.0,1,37.496727,126.957932,0.011,99.94,-3.51,-4.84
1786956627.838,5896,0,0,0,0,1,heartbeat,0,5.74,0.16,35.37,27.69,0,ttc_capped,0.0141,table,1,37.496696,126.95797,0.06,0.0,1,37.496727,126.957932,0.011,99.94,-3.51,-4.54
1786956628.04,5898,0,0,0,0,1,heartbeat,0,5.54,0.18,30.39,27.71,0,ttc_capped,0.0141,table,1,37.496696,126.95797,0.064,0.0,1,37.496727,126.957932,0.008,99.94,-3.5,-4.29
1786956628.142,5899,1,1,0,0,1,change,0,5.44,0.18,29.46,27.72,1,table,0.0141,table,1,37.496693,126.95797,0.092,0.0,1,37.496727,126.957932,0.008,99.94,-3.5,-4.17
1786956628.354,5901,1,1,1,1,1,heartbeat,0,5.27,0.18,29.27,27.74,1,table,0.0141,table,1,37.496693,126.95797,0.117,0.0,1,37.496727,126.957932,0.014,99.94,-3.5,-3.94
1786956628.654,5903,1,1,1,1,1,heartbeat,0,5.1,0.16,31.58,27.87,0,ttc_capped,0.0141,table,1,37.496693,126.957962,0.138,0.0,1,37.496727,126.957932,0.052,99.94,-3.48,-3.73
1786956628.854,5906,1,1,1,1,1,heartbeat,0,4.95,0.14,34.35,27.97,0,ttc_capped,0.0143,table,1,37.496689,126.957962,0.16,0.0,1,37.496727,126.957932,0.052,99.94,-3.46,-3.53
1786956629.136,5909,1,1,1,1,1,heartbeat,0,4.73,0.12,38.7,28.11,0,ttc_capped,0.0133,table,1,37.496685,126.957962,0.165,0.0,1,37.496727,126.957932,0.052,99.94,-3.43,-3.25
1786956629.347,5911,1,1,1,1,1,heartbeat,0,4.6,0.1,44.78,28.2,0,ttc_capped,0.0133,table,1,37.496685,126.957962,0.169,0.0,1,37.496727,126.957932,0.052,99.94,-3.42,-3.07
1786956629.559,5913,1,1,1,1,1,heartbeat,0,4.46,0.08,52.8,28.41,0,ttc_capped,0.0142,table,1,37.496685,126.957954,0.155,0.0,1,37.496727,126.957932,0.052,99.94,-3.39,-2.91
1786956629.77,5915,1,1,1,1,1,heartbeat,0,4.34,0.07,64.1,28.59,0,ttc_capped,0.0142,table,1,37.496685,126.957954,0.147,0.0,1,37.496727,126.957932,0.052,99.94,-3.36,-2.75
1786956630.085,5916,1,1,1,1,1,heartbeat,0,4.28,0.05,92.31,28.71,0,ttc_capped,0.0162,table,1,37.496681,126.957954,0.143,0.0,1,37.496727,126.957932,0.052,99.94,-3.34,-2.68
1786956630.298,5920,1,1,1,1,1,heartbeat,0,4.09,0.04,107.27,28.96,0,ttc_capped,0.0117,table,1,37.496677,126.957954,0.121,0.0,1,37.496727,126.957932,0.052,99.94,-3.3,-2.43
1786956630.505,5921,1,1,1,1,1,heartbeat,0,4.05,0.02,184.0,29.13,0,ttc_capped,0.0131,table,1,37.496677,126.957954,0.102,0.0,1,37.496727,126.957932,0.052,99.94,-3.28,-2.37
1786956630.608,5922,0,0,1,1,1,change,0,3.99,0.02,223.76,29.25,0,ttc_capped,0.0043,table,1,37.496677,126.957954,0.102,0.0,1,37.496727,126.957932,0.052,99.94,-3.27,-2.29
1786956630.83,5925,0,0,0,0,1,heartbeat,0,3.82,0.01,359.16,29.57,0,ttc_capped,0.0042,table,1,37.496677,126.957954,0.101,0.0,1,37.496727,126.957932,0.052,99.94,-3.23,-2.05
1786956631.108,5926,0,0,0,0,1,heartbeat,0,3.77,0.0,890.68,30.33,0,ttc_capped,0.0043,table,1,37.496677,126.957954,0.101,0.0,1,37.496727,126.957932,0.052,99.94,-3.21,-1.98
1786956631.314,5929,0,0,0,0,1,heartbeat,0,3.72,0.0,795.08,33.0,0,ttc_capped,0.0043,table,1,37.496674,126.957947,0.095,0.0,1,37.496727,126.957932,0.052,99.94,-3.19,-1.9
1786956631.52,5931,0,0,0,0,1,heartbeat,0,3.6,0.0,7991.21,27.9,0,ttc_capped,0.0011,table,1,37.496674,126.957947,0.087,0.0,1,37.496727,126.957932,0.052,99.94,-3.15,-1.74
1786956791.204,7444,2,2,0,0,1,change,0,7.88,0.0,20311.11,26.17,0,ttc_capped,0.7627,model,1,37.496731,126.957878,0.156,0.0,1,37.496788,126.957916,0.147,0.0,4.06,6.75
1786956791.472,7447,2,2,2,0,1,heartbeat,0,7.85,0.0,13656.94,33.0,0,ttc_capped,0.2816,model,1,37.496735,126.957878,0.123,0.0,1,37.496788,126.957916,0.147,0.0,4.04,6.73
1786956791.686,7449,2,2,2,2,1,heartbeat,0,7.83,0.0,10845.05,28.67,0,ttc_capped,0.3739,model,1,37.496735,126.957886,0.13,284.96,1,37.496788,126.957916,0.147,0.0,4.02,6.72
1786956791.901,7451,2,2,2,2,1,heartbeat,0,7.8,0.0,10349.2,26.7,0,ttc_capped,0.3739,model,1,37.496735,126.957886,0.126,284.96,1,37.496788,126.957916,0.147,0.0,4.0,6.7
1786956792.108,7453,2,2,2,2,1,heartbeat,0,7.78,0.0,10575.69,26.61,0,ttc_capped,0.3739,model,1,37.496735,126.957886,0.105,284.96,1,37.496788,126.957916,0.147,0.0,3.97,6.69
1786956792.321,7455,2,2,2,2,1,heartbeat,0,7.76,0.0,10684.76,26.6,0,ttc_capped,0.3739,model,1,37.496735,126.957886,0.088,284.97,1,37.496788,126.957916,0.192,0.0,3.95,6.68
1786956792.528,7457,2,2,2,2,1,heartbeat,0,7.73,0.0,10918.33,26.6,0,ttc_capped,0.3739,model,1,37.496735,126.957886,0.097,284.82,1,37.496788,126.957916,0.192,0.0,3.93,6.66
1786956792.741,7458,2,2,2,2,1,heartbeat,0,7.72,0.0,10354.06,26.6,0,ttc_capped,0.4129,model,1,37.496735,126.957886,0.142,284.82,1,37.496788,126.957916,0.192,0.0,3.92,6.66
1786956792.946,7460,2,2,2,2,1,heartbeat,0,7.7,0.0,11076.29,26.6,0,ttc_capped,0.4129,model,1,37.496735,126.957886,0.127,284.82,1,37.496788,126.957916,0.192,0.0,3.9,6.64
1786956793.164,7463,2,2,2,2,1,heartbeat,0,7.67,0.0,11547.77,26.6,0,ttc_capped,0.1658,model,1,37.496735,126.957886,0.118,286.47,1,37.496788,126.957916,0.192,0.0,3.86,6.62
1786956793.38,7465,2,2,2,2,1,heartbeat,0,7.65,0.0,11560.01,26.6,0,ttc_capped,0.3739,model,1,37.496735,126.957886,0.147,286.47,1,37.496788,126.957916,0.192,0.0,3.84,6.61
1786956793.584,7467,2,2,2,2,1,heartbeat,0,7.63,0.0,11807.39,26.6,0,ttc_capped,0.3739,model,1,37.496735,126.957886,0.175,286.47,1,37.496788,126.957916,0.192,0.0,3.82,6.6
1786956794.727,7477,2,2,2,2,1,heartbeat,0,7.53,0.0,13809.92,14.53,0,ttc_capped,0.2811,model,1,37.496731,126.957893,0.129,287.62,1,37.496788,126.957916,0.178,0.0,3.67,6.58
1786956794.932,7479,2,2,2,2,1,heartbeat,0,7.52,0.0,13906.85,14.53,0,ttc_capped,0.3875,model,1,37.496731,126.957893,0.109,288.45,1,37.496788,126.957916,0.153,0.0,3.65,6.57
1786956795.137,7481,2,2,2,2,1,heartbeat,0,7.5,0.0,14417.13,14.53,0,ttc_capped,0.3875,model,1,37.496731,126.957893,0.121,288.38,1,37.496788,126.957916,0.133,0.0,3.62,6.57
1786956795.346,7483,2,2,2,2,1,heartbeat,0,7.48,0.0,14625.41,14.53,0,ttc_capped,0.3875,model,1,37.496731,126.957893,0.169,288.38,1,37.496788,126.957916,0.128,0.0,3.59,6.57
1786956795.548,7485,2,2,2,2,1,heartbeat,0,7.32,0.14,51.37,27.55,0,ttc_capped,0.0042,table,1,37.496731,126.957893,0.166,288.61,1,37.496784,126.957916,0.134,0.0,3.58,6.38
1786956795.756,7487,2,2,2,2,1,heartbeat,0,7.08,0.31,22.74,33.0,1,table,0.0009,table,1,37.496731,126.957893,0.12,288.61,1,37.496784,126.957909,0.136,0.0,3.32,6.26
1786956796.008,7490,2,2,2,2,1,heartbeat,0,6.89,0.39,17.83,32.41,1,table,0.0007,table,1,37.496727,126.957893,0.079,288.61,1,37.496784,126.957909,0.158,0.0,3.09,6.15
1786956796.218,7492,2,2,2,2,1,heartbeat,0,6.62,0.52,12.68,33.0,1,table,0.0001,table,1,37.496727,126.957893,0.073,288.61,1,37.49678,126.957909,0.143,0.0,2.94,5.94
1786956796.434,7494,2,2,2,2,1,heartbeat,0,6.43,0.58,11.09,41.0,1,table,0.0001,table,1,37.496727,126.957893,0.078,288.29,1,37.49678,126.957909,0.139,0.0,2.82,5.77
1786956796.642,7496,2,2,2,2,1,heartbeat,0,6.29,0.59,10.73,41.0,1,table,0.0001,table,1,37.496723,126.957893,0.103,288.34,1,37.49678,126.957909,0.1,0.0,2.74,5.66
1786956796.857,7498,2,2,2,2,1,heartbeat,0,6.2,0.56,11.02,41.0,1,table,0.0001,table,1,37.496723,126.957893,0.098,288.34,1,37.49678,126.957909,0.117,0.0,2.67,5.59
1786956797.064,7500,2,2,2,2,1,heartbeat,0,6.15,0.52,11.86,41.0,1,table,0.0001,table,1,37.496719,126.957893,0.098,289.1,1,37.49678,126.957909,0.107,0.0,2.63,5.56
1786956797.275,7502,2,2,2,2,1,heartbeat,0,6.02,0.53,11.33,41.0,1,table,0.0001,table,1,37.496719,126.957893,0.105,288.95,1,37.496777,126.957909,0.097,0.0,2.59,5.44
1786956797.48,7503,1,1,2,2,1,change,0,5.96,0.5,11.8,41.0,1,table,0.0002,table,1,37.496719,126.957893,0.105,288.95,1,37.496777,126.957909,0.08,0.0,2.6,5.36
1786956797.685,7505,1,1,1,1,1,heartbeat,0,5.91,0.47,12.67,33.0,1,table,0.0003,table,1,37.496719,126.957893,0.106,288.95,1,37.496777,126.957909,0.091,0.0,2.59,5.31
1786956797.888,7507,1,1,1,1,1,heartbeat,0,5.83,0.46,12.56,33.0,1,table,0.0004,table,1,37.496716,126.957893,0.105,288.22,1,37.496773,126.957909,0.066,0.0,2.57,5.23
1786956798.093,7509,1,1,1,1,1,heartbeat,0,5.73,0.48,11.91,41.0,1,table,0.0004,table,1,37.496712,126.957893,0.09,288.13,1,37.496773,126.957909,0.061,0.0,2.56,5.12
1786956798.294,7511,1,1,1,1,1,heartbeat,0,5.66,0.47,11.98,41.0,1,table,0.0004,table,1,37.496712,126.957893,0.069,288.13,1,37.496773,126.957909,0.069,0.0,2.55,5.05
1786956798.497,7513,1,1,1,1,1,heartbeat,0,5.57,0.48,11.51,41.0,1,table,0.0,table,1,37.496712,126.957893,0.092,288.13,1,37.496773,126.957901,0.063,0.0,2.44,5.0
1786956798.701,7515,1,1,1,1,1,heartbeat,0,5.41,0.54,9.94,41.0,1,table,0.0,table,1,37.496708,126.957893,0.092,288.13,1,37.496769,126.957901,0.044,0.0,2.25,4.92
1786956798.905,7517,1,1,1,1,1,heartbeat,0,5.24,0.6,8.71,41.0,1,table,0.0,table,1,37.496708,126.957893,0.096,288.13,1,37.496769,126.957901,0.032,0.0,2.09,4.81
1786956799.107,7519,1,1,1,1,1,heartbeat,0,5.13,0.62,8.32,41.0,1,table,0.0001,table,1,37.496704,126.957893,0.104,288.13,1,37.496769,126.957901,0.034,0.0,1.96,4.74
1786956799.212,7520,2,2,1,1,1,change,0,5.03,0.66,7.63,48.0,2,table,0.0025,table,1,37.496704,126.957893,0.104,288.13,1,37.496765,126.957901,0.03,0.0,1.91,4.65
1786956799.496,7523,2,2,2,2,1,heartbeat,0,4.83,0.7,6.87,48.0,2,table,0.0015,table,1,37.4967,126.957886,0.075,287.74,1,37.496765,126.957901,0.038,0.0,1.79,4.48
1786956799.706,7525,2,2,2,2,1,heartbeat,0,4.73,0.7,6.71,48.0,2,table,0.0013,table,1,37.496696,126.957886,0.076,288.15,1,37.496765,126.957901,0.037,0.0,1.73,4.4
1786956799.911,7527,2,2,2,2,1,heartbeat,0,4.61,0.72,6.39,48.0,2,table,0.0009,table,1,37.496693,126.957886,0.09,288.15,1,37.496761,126.957901,0.024,0.0,1.69,4.29
1786956800.125,7529,2,2,2,2,1,heartbeat,0,4.48,0.74,6.02,48.0,2,table,0.0029,table,1,37.496693,126.957886,0.095,288.15,1,37.496761,126.957901,0.024,0.0,1.66,4.16
1786956800.334,7531,2,2,2,2,1,heartbeat,0,4.41,0.73,6.07,48.0,2,table,0.0029,table,1,37.496689,126.957886,0.098,288.15,1,37.496761,126.957901,0.024,0.0,1.64,4.09
1786956800.546,7533,2,2,2,2,1,heartbeat,0,4.38,0.68,6.45,48.0,2,table,0.001,table,1,37.496685,126.957886,0.11,287.98,1,37.496761,126.957901,0.024,0.0,1.64,4.06
1786956800.757,7535,2,2,2,2,1,heartbeat,0,4.4,0.62,7.15,48.0,2,table,0.0015,table,1,37.496681,126.957886,0.128,287.98,1,37.496761,126.957901,0.024,0.0,1.64,4.08
1786956800.968,7537,2,2,2,2,1,heartbeat,0,4.45,0.54,8.23,41.0,1,table,0.0004,table,1,37.496677,126.957878,0.121,287.98,1,37.496761,126.957901,0.024,0.0,1.66,4.14
1786956801.181,7539,2,2,2,2,1,heartbeat,0,4.53,0.46,9.79,41.0,1,table,0.0002,table,1,37.496674,126.957878,0.134,288.85,1,37.496761,126.957901,0.024,0.0,1.67,4.21
1786956801.39,7541,2,2,2,2,1,heartbeat,0,4.65,0.38,12.12,33.0,1,table,0.0001,table,1,37.496666,126.957878,0.17,289.02,1,37.496761,126.957901,0.024,0.0,1.7,4.33
1786956801.593,7542,2,2,2,2,1,heartbeat,0,4.76,0.28,16.99,33.0,1,table,0.0032,table,1,37.496662,126.957878,0.208,289.02,1,37.496761,126.957901,0.024,0.0,1.73,4.44
1786956801.798,7544,2,2,2,2,1,heartbeat,0,4.9,0.22,22.25,33.0,1,table,0.0032,table,1,37.496655,126.957878,0.221,289.02,1,37.496761,126.957901,0.024,0.0,1.74,4.58
1786956801.999,7546,2,2,2,2,1,heartbeat,0,5.05,0.17,30.35,33.0,0,ttc_capped,0.003,table,1,37.496651,126.95787,0.229,289.02,1,37.496761,126.957901,0.024,0.0,1.77,4.73
1786956802.199,7548,2,2,2,2,1,heartbeat,0,5.22,0.12,43.44,33.0,0,ttc_capped,0.003,table,1,37.496643,126.95787,0.253,289.02,1,37.496761,126.957901,0.024,0.0,1.8,4.9
1786956802.406,7550,2,2,2,2,1,heartbeat,0,5.38,0.08,66.55,33.0,0,ttc_capped,0.0031,table,1,37.496639,126.95787,0.278,289.02,1,37.496761,126.957901,0.024,0.0,1.82,5.07
1786956802.655,7553,2,2,2,2,1,heartbeat,0,5.63,0.05,116.31,31.98,0,ttc_capped,0.0004,table,1,37.496632,126.957863,0.212,289.02,1,37.496761,126.957901,0.024,0.0,1.87,5.31
1786956815.241,7672,2,2,0,0,1,heartbeat,0,8.13,0.0,4667.44,13.52,0,ttc_capped,0.7104,model,1,37.496738,126.957878,0.039,0.0,1,37.496727,126.957947,0.015,0.0,7.29,3.61
1786956815.528,7675,2,2,2,2,1,heartbeat,0,8.05,0.0,4808.71,13.41,0,ttc_capped,0.7104,model,1,37.496738,126.957878,0.045,0.0,1,37.496727,126.957947,0.015,0.0,7.26,3.49
1786956815.743,7676,2,2,2,2,1,heartbeat,0,8.03,0.0,4829.64,13.41,0,ttc_capped,0.3458,model,1,37.496738,126.957878,0.055,0.0,1,37.496727,126.957947,0.015,0.0,7.25,3.45
1786956815.948,7678,2,2,2,2,1,heartbeat,0,7.98,0.0,4762.14,13.41,0,ttc_capped,0.377,model,1,37.496738,126.957878,0.039,0.0,1,37.496727,126.957947,0.015,0.0,7.23,3.37
1786956816.17,7681,2,2,2,2,1,heartbeat,0,7.9,0.0,5111.34,13.41,0,ttc_capped,0.6829,model,1,37.496738,126.957878,0.043,0.0,1,37.496727,126.957947,0.015,0.0,7.2,3.26
1786956816.38,7683,2,2,2,2,1,heartbeat,0,7.85,0.0,5221.02,13.41,0,ttc_capped,0.6829,model,1,37.496738,126.957878,0.039,0.0,1,37.496727,126.957947,0.015,0.0,7.18,3.18
1786956816.584,7685,2,2,2,2,1,heartbeat,0,7.81,0.0,5354.87,13.41,0,ttc_capped,0.6829,model,1,37.496738,126.957878,0.027,0.0,1,37.496727,126.957947,0.015,0.0,7.16,3.11
1786956816.812,7687,2,2,2,2,1,heartbeat,0,7.76,0.0,5269.33,13.41,0,ttc_capped,0.7021,model,1,37.496738,126.957878,0.046,0.0,1,37.496727,126.957947,0.015,0.0,7.14,3.03
1786956817.019,7689,2,2,2,2,1,heartbeat,0,7.72,0.0,5503.52,13.41,0,ttc_capped,0.7021,model,1,37.496738,126.957878,0.039,0.0,1,37.496727,126.957947,0.015,0.0,7.13,2.96
1786956817.226,7691,2,2,2,2,1,heartbeat,0,7.68,0.0,5696.38,13.41,0,ttc_capped,0.7021,model,1,37.496738,126.957878,0.029,0.0,1,37.496727,126.957947,0.015,0.0,7.11,2.89
1786956817.429,7693,2,2,2,2,1,heartbeat,0,7.63,0.0,5847.11,13.41,0,ttc_capped,0.7021,model,1,37.496738,126.957878,0.028,0.0,1,37.496727,126.957947,0.015,0.0,7.09,2.82
1786956817.64,7695,2,2,2,2,1,heartbeat,0,7.59,0.0,5937.56,13.41,0,ttc_capped,0.7021,model,1,37.496738,126.957878,0.036,0.0,1,37.496727,126.957947,0.015,0.0,7.08,2.76
1786956817.856,7697,2,2,2,2,1,heartbeat,0,7.55,0.0,6009.41,13.41,0,ttc_capped,0.7021,model,1,37.496738,126.957878,0.032,0.0,1,37.496727,126.957947,0.015,0.0,7.06,2.69
1786956818.065,7699,2,2,2,2,1,heartbeat,0,7.52,0.0,6187.28,13.41,0,ttc_capped,0.7021,model,1,37.496738,126.957878,0.032,0.0,1,37.496727,126.957947,0.015,0.0,7.04,2.62
1786956823.268,7748,2,2,0,0,1,heartbeat,0,5.96,-3.15,9999.0,30.0,0,ttc_capped,0.0001,table,1,37.496761,126.957817,0.89,0.0,1,37.496704,126.957863,0.082,0.0,3.11,-5.09
1786956823.469,7750,2,2,2,2,1,heartbeat,0,6.95,-3.47,9999.0,30.0,0,ttc_capped,0.0001,table,1,37.496761,126.957817,0.89,0.0,1,37.496704,126.957863,0.082,0.0,3.48,-6.02
1786956823.676,7751,2,2,2,2,1,heartbeat,0,7.76,-3.55,9999.0,30.0,0,ttc_capped,0.0001,table,1,37.496761,126.957817,0.89,0.0,1,37.496704,126.957863,0.082,0.0,3.79,-6.77
1786956823.894,7754,2,2,2,2,1,heartbeat,0,8.4,-3.42,9999.0,30.0,0,ttc_capped,0.0001,table,1,37.496761,126.957817,0.89,0.0,1,37.496704,126.95787,0.082,0.0,4.17,-7.29
1786956824.114,7756,2,2,2,2,1,heartbeat,0,8.85,-3.18,9999.0,30.0,0,ttc_capped,0.0001,table,1,37.496761,126.957817,0.89,0.0,1,37.496704,126.95787,0.082,0.0,4.44,-7.66
1786956824.393,7758,2,2,2,2,1,heartbeat,0,9.93,-3.38,9999.0,30.0,0,ttc_capped,0.0,table,1,37.496803,126.957825,0.809,0.0,1,37.496704,126.95787,0.082,0.0,4.72,-8.74
1786956824.594,7760,2,2,2,2,1,heartbeat,0,11.48,-4.11,9999.0,25.0,0,ttc_capped,0.0,table,1,37.496819,126.957832,0.69,0.0,1,37.496704,126.95787,0.082,0.0,4.45,-10.59
1786956824.807,7762,2,2,2,2,1,heartbeat,0,12.87,-4.57,9999.0,25.0,0,ttc_capped,0.0,table,1,37.496826,126.95784,0.645,0.0,1,37.496704,126.95787,0.082,0.0,4.01,-12.23
1786956825.012,7764,2,2,2,2,1,heartbeat,0,13.98,-4.76,9999.0,25.0,0,ttc_capped,0.0001,table,1,37.496826,126.95784,0.633,0.0,1,37.496704,126.95787,0.082,0.0,3.63,-13.5
1786956825.213,7766,2,2,2,2,1,heartbeat,0,14.78,-4.7,9999.0,25.0,0,ttc_capped,0.0001,table,1,37.496826,126.95784,0.577,0.0,1,37.496704,126.95787,0.082,0.0,3.31,-14.4
1786956825.316,7767,0,0,2,2,1,change,0,14.95,-4.5,9999.0,25.0,0,ttc_capped,0.0001,table,1,37.496819,126.957848,0.582,0.0,1,37.496704,126.95787,0.082,0.0,3.07,-14.64
1786956825.517,7769,0,0,0,0,1,heartbeat,0,14.87,-3.83,9999.0,25.0,0,ttc_capped,0.0001,table,1,37.496803,126.957848,0.614,0.0,1,37.496704,126.95787,0.082,0.0,2.64,-14.63
1786956825.719,7771,0,0,0,0,1,heartbeat,0,14.19,-2.8,9999.0,25.0,0,ttc_capped,0.0001,table,1,37.496788,126.957848,0.648,0.0,1,37.496704,126.95787,0.082,0.0,2.31,-14.0
1786956825.927,7773,0,0,0,0,1,heartbeat,0,13.03,-1.57,9999.0,25.0,0,ttc_capped,0.0001,table,1,37.496773,126.957855,0.65,0.0,1,37.496704,126.95787,0.082,0.0,1.95,-12.88
1786956826.195,7776,0,0,0,0,1,heartbeat,0,10.58,0.47,22.73,5.6,0,table,0.042,table,1,37.496754,126.957855,0.626,0.0,1,37.496704,126.95787,0.082,0.0,1.47,-10.48
1786956835.299,7862,0,0,0,0,1,heartbeat,0,4.06,-2.04,9999.0,30.0,0,ttc_capped,0.0008,table,1,37.49678,126.957832,0.081,0.0,1,37.496784,126.95784,0.172,0.0,-0.55,4.02
1786956835.511,7864,0,0,0,0,1,heartbeat,0,4.18,-1.98,9999.0,30.0,0,ttc_capped,0.0012,table,1,37.49678,126.957832,0.072,0.0,1,37.496784,126.95784,0.172,0.0,-0.57,4.14
1786956835.717,7866,0,0,0,0,1,heartbeat,0,4.26,-1.9,9999.0,30.0,0,ttc_capped,0.0012,table,1,37.49678,126.957832,0.058,0.0,1,37.496784,126.95784,0.172,0.0,-0.59,4.22
1786956835.926,7868,0,0,0,0,1,heartbeat,0,4.33,-1.77,9999.0,30.0,0,ttc_capped,0.0062,table,1,37.49678,126.957832,0.052,0.0,1,37.496784,126.95784,0.172,0.0,-0.6,4.29
1786956836.137,7870,0,0,0,0,1,heartbeat,0,4.36,-1.6,9999.0,30.0,0,ttc_capped,0.0057,table,1,37.49678,126.957832,0.059,0.0,1,37.496784,126.95784,0.172,0.0,-0.61,4.31
1786956836.342,7872,0,0,0,0,1,heartbeat,0,4.33,-1.39,9999.0,30.0,0,ttc_capped,0.0011,table,1,37.49678,126.957825,0.062,0.0,1,37.496784,126.95784,0.107,0.0,-0.58,4.29
1786956836.542,7874,0,0,0,0,1,heartbeat,0,4.26,-1.17,9999.0,30.0,0,ttc_capped,0.0011,table,1,37.49678,126.957825,0.083,0.0,1,37.496784,126.95784,0.107,0.0,-0.54,4.22
1786956836.749,7876,0,0,0,0,1,heartbeat,0,4.15,-0.95,9999.0,30.0,0,ttc_capped,0.0012,table,1,37.49678,126.957825,0.078,0.0,1,37.496784,126.95784,0.107,0.0,-0.49,4.12
1786956836.966,7878,0,0,0,0,1,heartbeat,0,4.02,-0.74,9999.0,30.0,0,ttc_capped,0.0011,table,1,37.49678,126.957825,0.083,0.0,1,37.496784,126.95784,0.107,0.0,-0.44,4.0
1786956837.169,7880,0,0,0,0,1,heartbeat,0,3.88,-0.56,9999.0,30.0,0,ttc_capped,0.0011,table,1,37.496777,126.957825,0.099,0.0,1,37.496784,126.95784,0.107,0.0,-0.38,3.86
1786956837.379,7882,0,0,0,0,1,heartbeat,0,3.88,-0.51,9999.0,30.0,0,ttc_capped,0.0012,table,1,37.496777,126.957825,0.082,0.0,1,37.496788,126.95784,0.197,0.0,-0.32,3.87
1786956837.591,7884,0,0,0,0,1,heartbeat,0,3.87,-0.46,9999.0,30.0,0,ttc_capped,0.0012,table,1,37.496773,126.957825,0.061,0.0,1,37.496788,126.95784,0.197,0.0,-0.27,3.86
1786956837.811,7886,0,0,0,0,1,heartbeat,0,3.85,-0.4,9999.0,30.0,0,ttc_capped,0.0012,table,1,37.496769,126.957825,0.04,0.0,1,37.496788,126.95784,0.197,0.0,-0.22,3.84
1786956838.013,7888,0,0,0,0,1,heartbeat,0,3.81,-0.34,9999.0,30.0,0,ttc_capped,0.0012,table,1,37.496769,126.957825,0.037,0.0,1,37.496788,126.95784,0.197,0.0,-0.16,3.81
1786956838.223,7890,0,0,0,0,1,heartbeat,0,3.77,-0.28,9999.0,30.0,0,ttc_capped,0.0012,table,1,37.496769,126.957825,0.046,0.0,1,37.496788,126.95784,0.197,0.0,-0.12,3.77
1786956838.435,7892,0,0,0,0,1,heartbeat,0,3.73,-0.23,9999.0,30.0,0,ttc_capped,0.0012,table,1,37.496765,126.957832,0.053,0.0,1,37.496788,126.95784,0.148,0.0,-0.08,3.73
1786956838.646,7894,0,0,0,0,1,heartbeat,0,3.69,-0.19,9999.0,30.0,0,ttc_capped,0.0012,table,1,37.496765,126.957832,0.038,0.0,1,37.496788,126.95784,0.148,0.0,-0.05,3.69
1786956838.859,7896,0,0,0,0,1,heartbeat,0,3.66,-0.14,9999.0,30.0,0,ttc_capped,0.0012,table,1,37.496761,126.957832,0.036,0.0,1,37.496788,126.95784,0.148,0.0,-0.02,3.66
1786956839.07,7898,0,0,0,0,1,heartbeat,0,3.62,-0.11,9999.0,30.0,0,ttc_capped,0.0012,table,1,37.496761,126.957832,0.038,0.0,1,37.496788,126.95784,0.148,0.0,-0.0,3.62
1786956839.279,7899,0,0,0,0,1,heartbeat,0,3.58,-0.06,9999.0,30.0,0,ttc_capped,0.0012,table,1,37.496761,126.957832,0.038,0.0,1,37.496788,126.95784,0.148,0.0,0.01,3.58
1786956839.484,7901,0,0,0,0,1,heartbeat,0,3.55,-0.04,9999.0,30.0,0,ttc_capped,0.0012,table,1,37.496761,126.957832,0.037,0.0,1,37.496788,126.95784,0.148,0.0,0.03,3.55
1786956839.685,7903,0,0,0,0,1,heartbeat,0,3.53,-0.02,9999.0,30.0,0,ttc_capped,0.0012,table,1,37.496758,126.957832,0.032,0.0,1,37.496788,126.95784,0.148,0.0,0.05,3.53
1786956839.892,7905,0,0,0,0,1,heartbeat,0,3.52,-0.01,9999.0,30.0,0,ttc_capped,0.0149,table,1,37.496754,126.957832,0.028,0.0,1,37.496788,126.95784,0.148,0.0,0.06,3.52
1786956840.093,7907,0,0,0,0,1,heartbeat,0,3.51,0.0,889.76,28.2,0,ttc_capped,0.0014,table,1,37.496754,126.957832,0.029,0.0,1,37.496788,126.95784,0.148,0.0,0.08,3.51
1786956840.296,7909,0,0,0,0,1,heartbeat,0,3.51,0.01,308.36,31.67,0,ttc_capped,0.0014,table,1,37.49675,126.957832,0.032,0.0,1,37.496788,126.95784,0.148,0.0,0.09,3.51
1786956840.502,7911,0,0,0,0,1,heartbeat,0,3.52,0.02,214.08,33.0,0,ttc_capped,0.0009,table,1,37.49675,126.957832,0.028,0.0,1,37.496788,126.95784,0.148,0.0,0.11,3.52
1786956840.702,7913,0,0,0,0,1,heartbeat,0,3.53,0.02,183.32,33.0,0,ttc_capped,0.0009,table,1,37.496746,126.957832,0.034,0.0,1,37.496788,126.95784,0.148,0.0,0.12,3.53
1786956840.908,7915,0,0,0,0,1,heartbeat,0,3.55,0.02,174.37,33.0,0,ttc_capped,0.0009,table,1,37.496742,126.957832,0.058,0.0,1,37.496788,126.95784,0.148,0.0,0.13,3.55
1786956841.184,7918,0,0,0,0,1,heartbeat,0,3.6,0.02,178.59,33.0,0,ttc_capped,0.0043,table,1,37.496738,126.957825,0.18,0.0,1,37.496788,126.95784,0.148,0.0,0.16,3.6
1786956868.292,8174,2,2,0,0,1,change,0,5.5,0.0,6650.5,24.13,0,ttc_capped,0.5362,model,1,37.496658,126.957848,0.406,0.0,1,37.496674,126.957893,0.075,0.0,5.5,-0.01
1786956868.498,8176,2,2,2,2,1,heartbeat,0,5.47,0.0,1278.92,26.83,0,ttc_capped,0.5453,model,1,37.496658,126.957855,0.609,0.0,1,37.496674,126.957893,0.075,0.0,5.47,0.03
1786956868.733,8179,2,2,2,2,1,heartbeat,0,5.4,0.06,84.52,27.59,0,ttc_capped,0.1425,model,1,37.496658,126.957855,0.709,300.39,1,37.496674,126.957893,0.075,0.0,5.4,0.09
1786956868.941,8181,2,2,2,2,1,heartbeat,0,5.3,0.17,31.58,27.62,0,ttc_capped,0.0452,table,1,37.496658,126.957855,0.611,300.21,1,37.496674,126.957893,0.075,0.0,5.3,0.16
1786956869.149,8183,2,2,2,2,1,heartbeat,0,5.09,0.4,12.81,31.1,1,table,0.4522,model,1,37.496662,126.957863,0.494,300.21,1,37.496674,126.957893,0.075,0.0,5.09,0.27
1786956869.361,8185,2,2,2,2,1,heartbeat,0,5.13,0.01,657.31,32.54,0,ttc_capped,0.271,model,1,37.496662,126.957863,0.399,299.97,1,37.496674,126.957893,0.075,0.0,5.13,0.23
1786956869.571,8187,2,2,2,2,1,heartbeat,0,5.04,0.0,2865.76,33.0,0,ttc_capped,0.289,model,1,37.496662,126.957863,0.34,300.4,1,37.496674,126.957893,0.075,0.0,5.04,0.27
1786956869.784,8189,2,2,2,2,1,heartbeat,0,4.96,0.0,3968.32,33.0,0,ttc_capped,0.3097,model,1,37.496662,126.957863,0.27,300.4,1,37.496674,126.957893,0.075,0.0,4.95,0.31
1786956869.995,8191,2,2,2,2,1,heartbeat,0,4.86,0.0,3289.88,33.0,0,ttc_capped,0.3097,model,1,37.496662,126.95787,0.2,300.4,1,37.496674,126.957893,0.075,0.0,4.85,0.35
1786956870.205,8193,2,2,2,2,1,heartbeat,0,4.77,0.0,3335.98,33.0,0,ttc_capped,0.3097,model,1,37.496662,126.95787,0.134,301.14,1,37.496674,126.957893,0.075,0.0,4.75,0.38
1786956870.419,8195,2,2,2,2,1,heartbeat,0,4.68,0.0,3378.11,33.0,0,ttc_capped,0.3097,model,1,37.496662,126.95787,0.099,301.37,1,37.496674,126.957893,0.075,0.0,4.66,0.41
1786956870.628,8197,2,2,2,2,1,heartbeat,0,4.58,0.0,2809.11,33.0,0,ttc_capped,0.3097,model,1,37.496666,126.957878,0.074,301.37,1,37.496674,126.957893,0.075,0.0,4.56,0.44
1786956870.839,8199,2,2,2,2,1,heartbeat,0,4.48,0.0,2689.9,33.0,0,ttc_capped,0.3097,model,1,37.496666,126.957878,0.064,301.37,1,37.496674,126.957893,0.075,0.0,4.46,0.45
1786956871.05,8201,2,2,2,2,1,heartbeat,0,4.39,0.0,2709.88,33.0,0,ttc_capped,0.3097,model,1,37.496666,126.957878,0.078,304.5,1,37.496674,126.957893,0.075,0.0,4.36,0.46
1786956873.226,8221,2,2,2,2,1,heartbeat,0,5.6,-4.68,9999.0,30.0,0,ttc_capped,0.0007,table,1,37.496662,126.957909,0.136,0.0,1,37.496723,126.95784,0.023,0.0,-0.93,5.53
1786956873.431,8223,2,2,2,2,1,heartbeat,0,6.59,-4.91,9999.0,30.0,0,ttc_capped,0.0011,table,1,37.496662,126.957909,0.204,0.0,1,37.496723,126.95784,0.023,0.0,-1.74,6.36
1786956873.636,8225,2,2,2,2,1,heartbeat,0,7.13,-4.58,9999.0,30.0,0,ttc_capped,0.0074,table,1,37.496662,126.957909,0.201,0.0,1,37.496723,126.95784,0.023,0.0,-2.21,6.78
1786956873.84,8227,2,2,2,2,1,heartbeat,0,7.48,-4.09,9999.0,30.0,0,ttc_capped,0.0074,table,1,37.496662,126.957909,0.303,0.0,1,37.496723,126.95784,0.023,0.0,-2.53,7.04
1786956874.11,8230,2,2,2,2,1,heartbeat,0,7.99,-3.6,9999.0,30.0,0,ttc_capped,0.0011,table,1,37.496662,126.957909,0.441,0.0,1,37.496723,126.95784,0.023,0.0,-2.98,7.41
1786956874.319,8232,2,2,2,2,1,heartbeat,0,8.17,-3.12,9999.0,30.0,0,ttc_capped,0.0011,table,1,37.496662,126.957909,0.361,0.0,1,37.496727,126.95784,0.078,0.0,-3.12,7.56
1786956874.533,8234,2,2,2,2,1,heartbeat,0,8.34,-2.7,9999.0,30.0,0,ttc_capped,0.0011,table,1,37.496662,126.957909,0.261,0.0,1,37.496727,126.95784,0.078,0.0,-3.2,7.7
1786956874.742,8236,2,2,2,2,1,heartbeat,0,8.4,-2.27,9999.0,30.0,0,ttc_capped,0.001,table,1,37.496658,126.957909,0.307,0.0,1,37.496727,126.95784,0.078,0.0,-3.23,7.75
1786956874.949,8237,2,2,2,2,1,heartbeat,0,8.15,-1.69,9999.0,30.0,0,ttc_capped,0.0014,table,1,37.496658,126.957909,0.284,0.0,1,37.496727,126.95784,0.078,0.0,-3.03,7.57
1786956875.154,8239,2,2,2,2,1,heartbeat,0,8.14,-1.38,9999.0,30.0,0,ttc_capped,0.0014,table,1,37.496658,126.957901,0.255,0.0,1,37.496727,126.95784,0.078,0.0,-3.04,7.55
1786956875.255,8240,0,0,2,2,1,change,0,8.21,-1.3,9999.0,30.0,0,ttc_capped,0.0013,table,1,37.496658,126.957901,0.255,0.0,1,37.496735,126.957848,0.374,0.0,-2.92,7.67
1786956875.457,8242,0,0,0,0,1,heartbeat,0,8.32,-1.15,9999.0,30.0,0,ttc_capped,0.0013,table,1,37.496658,126.957901,0.263,0.0,1,37.496735,126.957848,0.374,0.0,-2.71,7.86
1786956875.658,8244,0,0,0,0,1,heartbeat,0,8.39,-1.0,9999.0,30.0,0,ttc_capped,0.0013,table,1,37.496658,126.957901,0.322,0.0,1,37.496735,126.957848,0.374,0.0,-2.55,7.99
1786956875.867,8246,0,0,0,0,1,heartbeat,0,8.45,-0.87,9999.0,30.0,0,ttc_capped,0.0013,table,1,37.496655,126.957901,0.507,0.0,1,37.496735,126.957848,0.374,0.0,-2.41,8.1
1786956876.086,8248,0,0,0,0,1,heartbeat,0,8.49,-0.72,9999.0,30.0,0,ttc_capped,0.0014,table,1,37.496651,126.957901,0.431,0.0,1,37.496735,126.957848,0.374,0.0,-2.31,8.17
1786956876.289,8250,0,0,0,0,1,heartbeat,0,8.51,-0.59,9999.0,30.0,0,ttc_capped,0.0014,table,1,37.496651,126.957901,0.327,0.0,1,37.496735,126.957848,0.374,0.0,-2.24,8.21
1786956876.491,8252,0,0,0,0,1,heartbeat,0,8.51,-0.47,9999.0,30.0,0,ttc_capped,0.0014,table,1,37.496651,126.957901,0.265,0.0,1,37.496735,126.957848,0.374,0.0,-2.19,8.23
1786956876.691,8254,0,0,0,0,1,heartbeat,0,8.51,-0.37,9999.0,30.0,0,ttc_capped,0.0014,table,1,37.496651,126.957901,0.213,0.0,1,37.496735,126.957848,0.374,0.0,-2.17,8.23
1786956876.899,8256,0,0,0,0,1,heartbeat,0,8.51,-0.27,9999.0,30.0,0,ttc_capped,0.0015,table,1,37.496651,126.957901,0.178,0.0,1,37.496735,126.957848,0.374,0.0,-2.16,8.23
1786956877.103,8258,0,0,0,0,1,heartbeat,0,8.5,-0.19,9999.0,30.0,0,ttc_capped,0.0016,table,1,37.496651,126.957901,0.217,0.0,1,37.496735,126.957848,0.374,0.0,-2.17,8.22
1786956877.308,8260,0,0,0,0,1,heartbeat,0,8.62,0.23,37.3,6.79,0,ttc_capped,0.0041,table,1,37.496651,126.957901,0.31,0.0,1,37.496758,126.957848,0.578,219.5,-2.58,8.23
1786956877.52,8262,0,0,0,0,1,heartbeat,0,8.89,0.28,32.28,6.6,0,ttc_capped,0.0113,table,1,37.496651,126.957901,0.403,0.0,1,37.496758,126.957848,0.578,219.5,-2.66,8.48
1786956877.801,8265,0,0,0,0,1,heartbeat,0,9.15,0.27,33.57,6.6,0,ttc_capped,0.0014,table,1,37.496647,126.957901,0.573,0.0,1,37.496761,126.957848,0.578,219.5,-2.79,8.72
1786956878.011,8267,0,0,0,0,1,heartbeat,0,9.39,0.21,44.29,6.6,0,ttc_capped,0.0013,table,1,37.496643,126.957901,0.626,0.0,1,37.496761,126.957848,0.578,219.5,-2.9,8.93
1786956878.223,8269,0,0,0,0,1,heartbeat,0,9.66,0.05,205.64,6.6,0,ttc_capped,0.0004,table,1,37.496643,126.957909,0.582,0.0,1,37.496761,126.957848,0.578,219.5,-3.07,9.16
1786956878.436,8271,0,0,0,0,1,heartbeat,0,10.08,-0.28,9999.0,25.0,0,ttc_capped,0.0001,table,1,37.496639,126.957909,0.537,0.0,1,37.496765,126.957848,0.333,219.5,-3.36,9.51
1786956878.657,8273,0,0,0,0,1,heartbeat,0,10.71,-0.79,9999.0,25.0,0,ttc_capped,0.0001,table,1,37.496635,126.957909,0.588,0.0,1,37.496765,126.957848,0.333,219.5,-3.77,10.02
1786956878.86,8275,0,0,0,0,1,heartbeat,0,11.53,-1.42,9999.0,25.0,0,ttc_capped,0.0001,table,1,37.496635,126.957909,0.667,0.0,1,37.496765,126.957848,0.333,219.5,-4.27,10.71
1786956879.063,8276,0,0,0,0,1,heartbeat,0,12.4,-1.92,9999.0,25.0,0,ttc_capped,0.0001,table,1,37.496632,126.957909,0.667,0.0,1,37.496765,126.957848,0.333,219.5,-4.62,11.5
1786956879.27,8278,0,0,0,0,1,heartbeat,0,13.47,-2.52,9999.0,25.0,0,ttc_capped,0.0001,table,1,37.496632,126.957909,0.662,0.0,1,37.496765,126.957848,0.333,219.5,-5.13,12.46
1786956879.492,8281,0,0,0,0,1,heartbeat,0,14.74,-3.1,9999.0,25.0,0,ttc_capped,0.0001,table,1,37.496628,126.957909,0.5,0.0,1,37.496765,126.957848,0.333,219.5,-5.59,13.63
1786956879.7,8283,0,0,0,0,1,heartbeat,0,13.94,-0.78,9999.0,25.0,0,ttc_capped,0.0056,table,1,37.496628,126.957909,0.372,0.0,1,37.496765,126.957848,0.333,219.5,-4.76,13.1
1786956879.914,8285,0,0,0,0,1,heartbeat,0,14.39,-0.78,9999.0,25.0,0,ttc_capped,0.0009,table,1,37.496628,126.957909,0.332,0.0,1,37.496765,126.957848,0.333,219.5,-4.79,13.56
1786956880.122,8287,0,0,0,0,1,heartbeat,0,14.8,-0.81,9999.0,25.0,0,ttc_capped,0.0012,table,1,37.496624,126.957909,0.38,0.0,1,37.496765,126.957848,0.333,219.5,-4.81,14.0
1786956880.334,8289,0,0,0,0,1,heartbeat,0,15.17,-0.82,9999.0,25.0,0,ttc_capped,0.0004,table,1,37.49662,126.957909,0.502,0.0,1,37.496765,126.957848,0.333,219.5,-4.82,14.38
1786956880.546,8291,0,0,0,0,1,heartbeat,0,15.47,-0.83,9999.0,25.0,0,ttc_capped,0.0004,table,1,37.49662,126.957909,0.471,0.0,1,37.496765,126.957848,0.333,219.5,-4.83,14.7
1786956880.758,8293,0,0,0,0,1,heartbeat,0,15.72,-0.71,9999.0,25.0,0,ttc_capped,0.0012,table,1,37.496616,126.957909,0.389,0.0,1,37.496765,126.957848,0.333,219.5,-4.84,14.96
1786956880.967,8295,0,0,0,0,1,heartbeat,0,15.92,-0.63,9999.0,25.0,0,ttc_capped,0.001,table,1,37.496616,126.957909,0.343,0.0,1,37.496765,126.957848,0.333,219.5,-4.85,15.16
1786956881.178,8297,0,0,0,0,1,heartbeat,0,16.07,-0.55,9999.0,25.0,0,ttc_capped,0.001,table,1,37.496616,126.957909,0.307,0.0,1,37.496765,126.957848,0.333,219.5,-4.87,15.31
1786956881.429,8297,0,0,0,0,1,heartbeat,0,17.67,-1.31,9999.0,25.0,0,ttc_capped,0.0007,table,1,37.496616,126.957909,0.307,0.0,1,37.496807,126.957832,1.365,320.92,-5.82,16.69
1786956881.715,8301,0,0,0,0,1,heartbeat,0,18.67,-1.31,9999.0,25.0,0,ttc_capped,0.0007,table,1,37.496613,126.957909,0.183,0.0,1,37.496807,126.957832,1.365,320.92,-6.17,17.63
1786956881.916,8304,0,0,0,0,1,heartbeat,0,19.25,-1.3,9999.0,25.0,0,ttc_capped,0.0011,table,1,37.496613,126.957909,0.223,0.0,1,37.496811,126.957832,1.365,320.92,-6.38,18.16
1786956882.135,8306,0,0,0,0,1,heartbeat,0,19.88,-1.3,9999.0,25.0,0,ttc_capped,0.0011,table,1,37.496609,126.957916,0.246,0.0,1,37.496811,126.957832,1.365,320.92,-6.63,18.74
1786956882.355,8308,0,0,0,0,1,heartbeat,0,20.75,-1.48,9999.0,18.0,0,ttc_capped,0.0007,table,1,37.496609,126.957916,0.227,0.0,1,37.496834,126.957825,1.611,323.65,-6.91,19.57
1786956882.559,8310,0,0,0,0,1,heartbeat,0,21.48,-1.54,9999.0,18.0,0,ttc_capped,0.0011,table,1,37.496605,126.957916,0.171,0.0,1,37.496834,126.957825,1.611,323.65,-7.16,20.25
1786956882.765,8312,0,0,0,0,1,heartbeat,0,22.15,-1.55,9999.0,18.0,0,ttc_capped,0.0011,table,1,37.496605,126.957916,0.156,0.0,1,37.496838,126.957825,1.611,323.65,-7.39,20.88
1786956882.969,8314,0,0,0,0,1,heartbeat,0,22.8,-1.56,9999.0,18.0,0,ttc_capped,0.0007,table,1,37.496601,126.957916,0.199,0.0,1,37.496838,126.957817,1.611,323.65,-7.63,21.49
1786956883.181,8316,0,0,0,0,1,heartbeat,0,23.42,-1.56,9999.0,18.0,0,ttc_capped,0.0007,table,1,37.496601,126.957924,0.192,0.0,1,37.496838,126.957817,1.611,323.65,-7.92,22.04
1786956883.393,8318,0,0,0,0,1,heartbeat,0,24.16,-1.83,9999.0,18.0,0,ttc_capped,0.0006,table,1,37.496601,126.957924,0.164,0.0,1,37.496849,126.957809,1.984,325.74,-8.26,22.7
1786956883.605,8320,0,0,0,0,1,heartbeat,0,24.85,-1.91,9999.0,18.0,0,ttc_capped,0.0006,table,1,37.496605,126.957924,0.153,0.0,1,37.496853,126.957809,1.984,325.74,-8.58,23.32
1786956883.85,8320,0,0,0,0,1,heartbeat,0,25.55,-1.94,9999.0,18.0,0,ttc_capped,0.0007,table,1,37.496605,126.957924,0.153,0.0,1,37.496857,126.957809,1.984,325.74,-8.87,23.97
1786956884.054,8324,0,0,0,0,1,heartbeat,0,26.13,-1.94,9999.0,18.0,0,ttc_capped,0.0009,table,1,37.496609,126.957924,0.134,0.0,1,37.496857,126.957809,1.984,325.74,-9.14,24.48
1786956884.256,8324,0,0,0,0,1,heartbeat,0,26.62,-1.91,9999.0,18.0,0,ttc_capped,0.0007,table,1,37.496609,126.957924,0.134,0.0,1,37.496861,126.957802,1.913,327.1,-9.36,24.92
1786956884.473,8328,0,0,0,0,1,heartbeat,0,27.16,-1.89,9999.0,18.0,0,ttc_capped,0.0009,table,1,37.496613,126.957924,0.137,0.0,1,37.496861,126.957802,1.913,327.1,-9.64,25.4
1786956884.683,8330,0,0,0,0,1,heartbeat,0,27.69,-1.89,9999.0,18.0,0,ttc_capped,0.0007,table,1,37.496616,126.957924,0.121,0.0,1,37.496864,126.957794,1.913,327.1,-9.93,25.84
1786956884.885,8332,0,0,0,0,1,heartbeat,0,28.17,-1.88,9999.0,18.0,0,ttc_capped,0.0006,table,1,37.496616,126.957924,0.111,0.0,1,37.496868,126.957794,1.913,327.1,-10.2,26.26
1786956885.095,8334,0,0,0,0,1,heartbeat,0,28.64,-1.88,9999.0,18.0,0,ttc_capped,0.0006,table,1,37.49662,126.957932,0.079,326.06,1,37.496868,126.957794,1.913,327.1,-10.46,26.66
1786956885.372,8336,0,0,0,0,1,heartbeat,0,29.32,-2.3,9999.0,18.0,0,ttc_capped,0.0008,table,1,37.496624,126.957932,0.066,326.06,1,37.496872,126.957802,2.484,335.54,-10.76,27.27
1786956885.573,8338,0,0,0,0,1,heartbeat,0,29.84,-2.43,9999.0,18.0,0,ttc_capped,0.0009,table,1,37.496624,126.957932,0.072,326.06,1,37.496876,126.957794,2.484,335.54,-10.99,27.74
1786956885.773,8340,0,0,0,0,1,heartbeat,0,30.35,-2.47,9999.0,18.0,0,ttc_capped,0.0009,table,1,37.496624,126.957932,0.099,326.06,1,37.49688,126.957794,2.484,335.54,-11.19,28.22
1786956885.981,8342,0,0,0,0,1,heartbeat,0,30.87,-2.48,9999.0,18.0,0,ttc_capped,0.0009,table,1,37.496628,126.957932,0.091,326.06,1,37.49688,126.957794,2.484,335.54,-11.43,28.67
1786956886.187,8344,0,0,0,0,1,heartbeat,0,31.35,-2.48,9999.0,18.0,0,ttc_capped,0.0009,table,1,37.496628,126.957932,0.083,326.06,1,37.49688,126.957794,2.484,335.54,-11.65,29.1
1786956886.391,8346,0,0,0,0,1,heartbeat,0,31.7,-2.25,9999.0,18.0,0,ttc_capped,0.0009,table,1,37.496628,126.957932,0.075,326.06,1,37.496876,126.957809,2.163,341.03,-11.74,29.45
1786956886.593,8348,0,0,0,0,1,heartbeat,0,32.05,-2.18,9999.0,18.0,0,ttc_capped,0.0009,table,1,37.496628,126.957932,0.063,0.0,1,37.49688,126.957809,2.163,341.03,-11.82,29.78
1786956886.805,8350,0,0,0,0,1,heartbeat,0,32.4,-2.16,9999.0,18.0,0,ttc_capped,0.0009,table,1,37.496628,126.957932,0.061,0.0,1,37.49688,126.957809,2.163,341.03,-11.9,30.14
1786956887.011,8351,0,0,0,0,1,heartbeat,0,32.74,-2.15,9999.0,18.0,0,ttc_capped,0.0009,table,1,37.496632,126.957932,0.047,0.0,1,37.496883,126.957809,2.163,341.03,-11.96,30.48
1786956887.217,8354,0,0,0,0,1,heartbeat,0,33.01,-2.06,9999.0,18.0,0,ttc_capped,0.005,table,1,37.496632,126.957932,0.052,0.0,1,37.496872,126.957825,2.033,350.28,-11.97,30.76
1786956887.424,8356,0,0,0,0,1,heartbeat,0,33.22,-2.0,9999.0,18.0,0,ttc_capped,0.0009,table,1,37.496635,126.957932,0.07,0.0,1,37.496876,126.957825,2.033,350.28,-11.92,31.01
1786956887.717,8359,0,0,0,0,1,heartbeat,0,33.67,-1.98,9999.0,18.0,0,ttc_capped,0.0009,table,1,37.496635,126.957932,0.109,339.18,1,37.496876,126.957825,2.033,350.28,-11.99,31.46
1786956887.924,8360,0,0,0,0,1,heartbeat,0,33.79,-1.97,9999.0,18.0,0,ttc_capped,0.0012,table,1,37.496635,126.957932,0.146,338.5,1,37.49688,126.957825,2.033,350.28,-11.83,31.65
1786956888.13,8362,0,0,0,0,1,heartbeat,0,33.97,-1.97,9999.0,18.0,0,ttc_capped,0.0012,table,1,37.496639,126.957932,0.14,337.69,1,37.49688,126.957825,2.033,350.28,-11.77,31.87
1786956888.332,8364,0,0,0,0,1,heartbeat,0,34.1,-2.15,9999.0,18.0,0,ttc_capped,0.0012,table,1,37.496639,126.957932,0.158,335.9,1,37.496872,126.957855,2.563,7.87,-11.5,32.1
1786956888.569,8367,0,0,0,0,1,heartbeat,0,34.3,-2.22,9999.0,18.0,0,ttc_capped,0.0012,table,1,37.496639,126.957932,0.124,334.02,1,37.496872,126.957855,2.563,7.87,-11.22,32.41
1786956888.829,8368,0,0,0,0,1,heartbeat,0,34.47,-2.26,9999.0,18.0,0,ttc_capped,0.0012,table,1,37.496643,126.957932,0.095,334.02,1,37.496876,126.957855,2.563,7.87,-10.79,32.74
1786956889.041,8371,0,0,0,0,1,heartbeat,0,34.64,-2.27,9999.0,18.0,0,ttc_capped,0.0012,table,1,37.496647,126.957932,0.101,334.02,1,37.49688,126.957855,2.563,7.87,-10.53,33.01
1786956889.249,8372,0,0,0,0,1,heartbeat,0,34.79,-2.2,9999.0,18.0,0,ttc_capped,0.0012,table,1,37.496647,126.957932,0.098,334.02,1,37.496872,126.957878,2.627,18.24,-10.19,33.26
1786956889.521,8376,0,0,0,0,1,heartbeat,0,35.15,-2.17,9999.0,18.0,0,ttc_capped,0.0006,table,1,37.496651,126.957939,0.061,333.09,1,37.496872,126.957878,2.627,18.24,-9.9,33.73
1786956889.727,8378,0,0,0,0,1,heartbeat,0,35.36,-2.13,9999.0,18.0,0,ttc_capped,0.0006,table,1,37.496651,126.957939,0.052,337.79,1,37.496876,126.957878,2.627,18.24,-9.63,34.02
1786956889.938,8380,0,0,0,0,1,heartbeat,0,35.4,-2.14,9999.0,18.0,0,ttc_capped,0.0006,table,1,37.496655,126.957939,0.05,339.91,1,37.49688,126.957886,2.627,18.24,-9.2,34.18
1786956890.149,8382,0,0,0,0,1,heartbeat,0,35.45,-2.16,9999.0,18.0,0,ttc_capped,0.0006,table,1,37.496655,126.957939,0.042,339.91,1,37.49688,126.957886,2.627,18.24,-8.79,34.34
1786956890.365,8384,0,0,0,0,1,heartbeat,0,35.5,-2.13,9999.0,18.0,0,ttc_capped,0.0006,table,1,37.496655,126.957939,0.052,342.41,1,37.49688,126.957893,2.71,24.54,-8.35,34.51
1786956890.571,8386,0,0,0,0,1,heartbeat,0,35.53,-2.12,9999.0,18.0,0,ttc_capped,0.0006,table,1,37.496658,126.957939,0.066,342.52,1,37.496883,126.957901,2.71,24.54,-7.88,34.64
1786956890.788,8388,0,0,0,0,1,heartbeat,0,35.59,-2.13,9999.0,18.0,0,ttc_capped,0.0006,table,1,37.496658,126.957939,0.092,342.0,1,37.496887,126.957901,2.71,24.54,-7.41,34.81
1786956890.994,8390,0,0,0,0,1,heartbeat,0,35.83,-2.15,9999.0,18.0,0,ttc_capped,0.0006,table,1,37.496658,126.957939,0.094,341.69,1,37.496887,126.957901,2.71,24.54,-7.07,35.13
1786956891.206,8392,0,0,0,0,1,heartbeat,0,35.88,-2.16,9999.0,18.0,0,ttc_capped,0.0006,table,1,37.496662,126.957939,0.109,340.82,1,37.496887,126.957901,2.71,24.54,-6.64,35.26
1786956891.416,8394,0,0,0,0,1,heartbeat,0,35.92,-2.18,9999.0,18.0,0,ttc_capped,0.0006,table,1,37.496662,126.957939,0.121,340.51,1,37.496887,126.957901,2.71,24.54,-6.23,35.38
1786956891.627,8394,0,0,0,0,1,heartbeat,0,35.88,-2.2,9999.0,18.0,0,ttc_capped,0.0006,table,1,37.496662,126.957939,0.121,340.51,1,37.496887,126.957901,2.71,24.54,-5.73,35.42
1786956891.83,8397,0,0,0,0,1,heartbeat,0,35.91,-2.22,9999.0,18.0,0,ttc_capped,0.0006,table,1,37.496662,126.957939,0.127,340.37,1,37.496887,126.957901,2.71,24.54,-5.38,35.51
1786956892.044,8399,0,0,0,0,1,heartbeat,0,36.01,-2.23,9999.0,18.0,0,ttc_capped,0.0006,table,1,37.496666,126.957939,0.133,340.23,1,37.496887,126.957901,2.71,24.54,-5.02,35.65
1786956892.247,8401,0,0,0,0,1,heartbeat,0,35.81,-0.89,9999.0,18.0,0,ttc_capped,0.0023,table,1,37.496666,126.957939,0.137,340.43,1,37.496887,126.957901,2.71,98.01,-4.58,35.51
1786956892.448,8403,0,0,0,0,1,heartbeat,0,35.29,0.3,118.11,4.2,0,ttc_capped,0.0234,table,1,37.49667,126.957939,0.148,340.37,1,37.496887,126.957901,2.71,100.84,-4.01,35.06
1786956892.653,8405,0,0,0,0,1,heartbeat,0,34.75,0.66,52.66,4.2,0,ttc_capped,0.0041,table,1,37.496674,126.957939,0.143,340.31,1,37.496887,126.957901,2.71,100.9,-3.44,34.58
1786956892.861,8407,0,0,0,0,1,heartbeat,0,34.22,0.74,46.28,4.2,0,ttc_capped,0.0036,table,1,37.496674,126.957932,0.144,340.49,1,37.496887,126.957901,2.71,101.19,-2.87,34.1
1786956893.063,8409,0,0,0,0,1,heartbeat,0,33.71,0.74,45.32,4.2,0,ttc_capped,0.0036,table,1,37.496677,126.957932,0.139,340.7,1,37.496887,126.957901,2.71,101.55,-2.34,33.63
1786956925.283,8714,2,2,0,0,1,change,0,19.21,-0.0,9999.0,25.0,0,ttc_capped,0.4437,model,1,37.496845,126.957893,0.033,317.93,1,37.496605,126.957886,0.103,0.0,-0.65,-19.2
1786956925.487,8716,2,2,2,2,1,heartbeat,0,19.34,-0.0,9999.0,25.0,0,ttc_capped,0.7763,model,1,37.496845,126.957893,0.029,318.24,1,37.496605,126.957886,0.103,0.0,-0.65,-19.33
1786956925.689,8718,2,2,2,2,1,heartbeat,0,19.47,-0.0,9999.0,25.0,0,ttc_capped,0.7763,model,1,37.496845,126.957893,0.04,318.03,1,37.496605,126.957886,0.103,0.0,-0.65,-19.46
1786956925.972,8721,2,2,2,2,1,heartbeat,0,19.67,-0.0,9999.0,25.0,0,ttc_capped,0.7431,model,1,37.496849,126.957893,0.042,317.52,1,37.496605,126.957886,0.103,0.0,-0.65,-19.66
1786956926.177,8723,2,2,2,2,1,heartbeat,0,19.81,-0.0,9999.0,25.0,0,ttc_capped,0.7431,model,1,37.496849,126.957893,0.046,317.92,1,37.496605,126.957886,0.103,0.0,-0.65,-19.8
1786956926.378,8725,2,2,2,2,1,heartbeat,0,19.94,-0.0,9999.0,25.0,0,ttc_capped,0.7431,model,1,37.496849,126.957893,0.057,318.08,1,37.496605,126.957886,0.103,0.0,-0.65,-19.93
1786956926.589,8727,2,2,2,2,1,heartbeat,0,19.77,0.3,64.94,28.0,0,ttc_capped,0.0104,table,1,37.496849,126.957893,0.075,319.87,1,37.496609,126.957886,0.17,0.0,-0.65,-19.76
1786956926.804,8729,2,2,2,2,1,heartbeat,0,19.76,0.37,53.86,28.0,0,ttc_capped,0.0104,table,1,37.496853,126.957893,0.145,319.95,1,37.496609,126.957886,0.17,0.0,-0.65,-19.75
1786956927.009,8730,2,2,2,2,1,heartbeat,0,19.77,0.35,56.16,28.0,0,ttc_capped,0.0125,table,1,37.496853,126.957893,0.145,319.95,1,37.496609,126.957886,0.17,0.0,-0.65,-19.76
1786956927.21,8732,2,2,2,2,1,heartbeat,0,19.87,0.32,62.74,5.6,0,ttc_capped,0.0152,table,1,37.496853,126.957893,0.108,324.06,1,37.496609,126.957878,0.172,0.0,-0.79,-19.86
1786956927.411,8734,2,2,2,2,1,heartbeat,0,19.99,0.27,73.39,5.6,0,ttc_capped,0.0224,table,1,37.496853,126.957893,0.101,324.06,1,37.496609,126.957878,0.172,0.0,-1.0,-19.96
1786956927.613,8736,2,2,2,2,1,heartbeat,0,20.1,0.24,83.13,4.2,0,ttc_capped,0.0232,table,1,37.496853,126.957893,0.134,330.89,1,37.496609,126.957886,0.172,0.0,-0.93,-20.08
1786956927.857,8739,2,2,2,2,1,heartbeat,0,20.26,0.21,96.39,4.2,0,ttc_capped,0.0211,table,1,37.496853,126.957893,0.202,332.85,1,37.496609,126.957886,0.172,0.0,-0.87,-20.24
1786956928.067,8741,2,2,2,2,1,heartbeat,0,20.38,0.18,113.96,9.97,0,ttc_capped,0.0142,table,1,37.496853,126.957893,0.209,332.85,1,37.496609,126.957886,0.172,0.0,-0.81,-20.36
1786956928.279,8743,2,2,2,2,1,heartbeat,0,20.43,0.2,103.06,4.2,0,ttc_capped,0.0211,table,1,37.496853,126.957893,0.242,330.65,1,37.496613,126.957878,0.184,0.0,-0.88,-20.41
1786956928.489,8745,0,0,2,2,1,change,0,20.47,0.22,90.98,4.2,0,ttc_capped,0.0302,table,1,37.496853,126.957893,0.319,330.07,1,37.496613,126.957878,0.184,0.0,-0.99,-20.44
1786956928.701,8747,0,0,0,0,1,heartbeat,0,20.49,0.25,80.62,4.2,0,ttc_capped,0.0302,table,1,37.496853,126.957893,0.28,330.51,1,37.496613,126.957878,0.184,0.0,-1.14,-20.46
1786956928.913,8749,0,0,0,0,1,heartbeat,0,20.53,0.26,78.74,4.2,0,ttc_capped,0.0302,table,1,37.496853,126.957893,0.295,330.51,1,37.496613,126.957878,0.184,0.0,-1.25,-20.49
1786956929.125,8751,0,0,0,0,1,heartbeat,0,20.59,0.25,81.47,4.2,0,ttc_capped,0.0224,table,1,37.496853,126.957893,0.325,330.51,1,37.496613,126.957878,0.184,0.0,-1.33,-20.55
1786956929.344,8753,0,0,0,0,1,heartbeat,0,20.52,0.34,60.54,4.2,0,ttc_capped,0.0177,table,1,37.496853,126.957893,0.255,330.51,1,37.49662,126.95787,0.377,0.0,-1.53,-20.46
1786956929.557,8753,0,0,0,0,1,heartbeat,0,20.25,0.48,42.3,4.2,0,ttc_capped,0.0194,table,1,37.496853,126.957893,0.255,330.51,1,37.49662,126.95787,0.377,0.0,-1.83,-20.16
1786956929.76,8756,0,0,0,0,1,heartbeat,0,20.21,0.5,40.14,4.2,0,ttc_capped,0.0194,table,1,37.496853,126.957893,0.299,330.51,1,37.49662,126.95787,0.377,0.0,-1.99,-20.12
1786956929.972,8758,0,0,0,0,1,heartbeat,0,20.21,0.5,40.66,4.2,0,ttc_capped,0.0194,table,1,37.496853,126.957893,0.249,337.7,1,37.49662,126.95787,0.377,0.0,-2.1,-20.11
1786956930.18,8761,0,0,0,0,1,heartbeat,0,20.18,0.48,42.0,4.2,0,ttc_capped,0.0143,table,1,37.496853,126.957893,0.217,336.75,1,37.49662,126.95787,0.377,0.0,-2.2,-20.06
1786956930.384,8762,0,0,0,0,1,heartbeat,0,20.5,-0.34,9999.0,18.0,0,ttc_capped,0.0011,table,1,37.496853,126.957893,0.188,336.75,1,37.496632,126.95787,0.472,210.43,-2.07,-20.39
1786956930.587,8764,0,0,0,0,1,heartbeat,0,20.49,-0.39,9999.0,18.0,0,ttc_capped,0.0011,table,1,37.496853,126.957893,0.193,338.3,1,37.496632,126.957863,0.472,210.43,-2.2,-20.37
1786956930.79,8766,0,0,0,0,1,heartbeat,0,20.5,-0.42,9999.0,18.0,0,ttc_capped,0.0011,table,1,37.496853,126.957893,0.235,345.01,1,37.496632,126.957863,0.472,210.43,-2.3,-20.38
1786956930.999,8768,0,0,0,0,1,heartbeat,0,20.55,-0.42,9999.0,18.0,0,ttc_capped,0.0011,table,1,37.496853,126.957893,0.246,345.01,1,37.496632,126.957863,0.472,210.43,-2.39,-20.41
1786956931.205,8770,0,0,0,0,1,heartbeat,0,20.56,-0.43,9999.0,18.0,0,ttc_capped,0.0011,table,1,37.496853,126.957893,0.227,341.96,1,37.496632,126.957863,0.472,210.43,-2.46,-20.41
1786956931.41,8771,0,0,0,0,1,heartbeat,0,20.54,-0.35,9999.0,18.0,0,ttc_capped,0.0011,table,1,37.496853,126.957893,0.207,341.96,1,37.496635,126.957863,0.514,237.78,-2.56,-20.38
1786956931.611,8774,0,0,0,0,1,heartbeat,0,20.57,-0.33,9999.0,18.0,0,ttc_capped,0.0011,table,1,37.496849,126.957893,0.176,346.69,1,37.496635,126.957863,0.514,237.78,-2.65,-20.4
1786956931.811,8776,0,0,0,0,1,heartbeat,0,20.62,-0.33,9999.0,18.0,0,ttc_capped,0.0011,table,1,37.496849,126.957893,0.255,346.69,1,37.496635,126.957863,0.514,237.78,-2.73,-20.43
1786956932.017,8778,0,0,0,0,1,heartbeat,0,20.67,-0.33,9999.0,18.0,0,ttc_capped,0.0011,table,1,37.496849,126.957901,0.302,346.69,1,37.496635,126.957863,0.514,237.78,-2.82,-20.48
1786956932.218,8780,0,0,0,0,1,heartbeat,0,20.72,-0.23,9999.0,18.0,0,ttc_capped,0.0063,table,1,37.496849,126.957901,0.303,346.69,1,37.496643,126.957863,0.509,255.56,-2.92,-20.52
1786956932.426,8782,0,0,0,0,1,heartbeat,0,20.69,-0.2,9999.0,18.0,0,ttc_capped,0.0012,table,1,37.496849,126.957901,0.29,351.02,1,37.496643,126.957863,0.509,255.56,-3.01,-20.47
1786956932.627,8784,0,0,0,0,1,heartbeat,0,20.68,-0.19,9999.0,18.0,0,ttc_capped,0.0012,table,1,37.496849,126.957901,0.259,352.13,1,37.496643,126.957855,0.509,255.56,-3.12,-20.45
1786956932.839,8786,0,0,0,0,1,heartbeat,0,20.69,-0.19,9999.0,18.0,0,ttc_capped,0.0012,table,1,37.496849,126.957901,0.186,352.58,1,37.496643,126.957855,0.509,255.56,-3.25,-20.43
1786956933.055,8788,0,0,0,0,1,heartbeat,0,20.75,-0.2,9999.0,18.0,0,ttc_capped,0.0012,table,1,37.496849,126.957901,0.186,352.53,1,37.496643,126.957855,0.509,255.56,-3.37,-20.47
1786956933.267,8790,0,0,0,0,1,heartbeat,0,20.68,-0.15,9999.0,18.0,0,ttc_capped,0.0012,table,1,37.496849,126.957901,0.213,352.53,1,37.496655,126.957848,0.589,267.11,-3.51,-20.38
1786956933.561,8793,0,0,0,0,1,heartbeat,0,20.74,-0.13,9999.0,18.0,0,ttc_capped,0.0012,table,1,37.496849,126.957901,0.171,345.11,1,37.496655,126.957848,0.589,267.11,-3.71,-20.41
1786956933.771,8795,0,0,0,0,1,heartbeat,0,20.66,-0.12,9999.0,18.0,0,ttc_capped,0.0012,table,1,37.496853,126.957901,0.123,343.63,1,37.496658,126.957848,0.589,267.11,-3.87,-20.3
1786956933.974,8796,0,0,0,0,1,heartbeat,0,20.64,-0.13,9999.0,18.0,0,ttc_capped,0.0012,table,1,37.496853,126.957901,0.105,343.12,1,37.496658,126.957848,0.589,267.11,-3.99,-20.25
1786956934.183,8797,0,0,0,0,1,heartbeat,0,20.53,-0.13,9999.0,18.0,0,ttc_capped,0.0012,table,1,37.496853,126.957901,0.105,342.76,1,37.496658,126.957848,0.589,267.11,-4.12,-20.11
1786956934.386,8800,0,0,0,0,1,heartbeat,0,20.37,-0.07,9999.0,18.0,0,ttc_capped,0.0012,table,1,37.496853,126.957901,0.087,341.4,1,37.496677,126.957825,0.711,276.43,-4.39,-19.89
1786956934.595,8801,0,0,0,0,1,heartbeat,0,20.17,-0.07,9999.0,18.0,0,ttc_capped,0.0012,table,1,37.496853,126.957901,0.096,341.04,1,37.496681,126.957825,0.711,276.43,-4.64,-19.62
1786956934.814,8804,0,0,0,0,1,heartbeat,0,20.03,-0.07,9999.0,18.0,0,ttc_capped,0.0012,table,1,37.496853,126.957909,0.093,340.42,1,37.496681,126.957825,0.711,276.43,-4.9,-19.42
1786956935.034,8807,0,0,0,0,1,heartbeat,0,19.92,-0.08,9999.0,25.0,0,ttc_capped,0.0012,table,1,37.496853,126.957909,0.092,340.24,1,37.496681,126.957825,0.711,276.43,-5.14,-19.24
1786956935.246,8809,0,0,0,0,1,heartbeat,0,19.81,-0.06,9999.0,25.0,0,ttc_capped,0.0012,table,1,37.496853,126.957909,0.089,340.36,1,37.496685,126.957817,0.561,282.49,-5.37,-19.06
1786956935.513,8810,0,0,0,0,1,heartbeat,0,19.66,-0.03,9999.0,25.0,0,ttc_capped,0.0012,table,1,37.496853,126.957909,0.089,340.45,1,37.496685,126.957817,0.561,282.49,-5.61,-18.84
1786956935.715,8812,0,0,0,0,1,heartbeat,0,19.52,-0.03,9999.0,25.0,0,ttc_capped,0.0012,table,1,37.496853,126.957909,0.11,340.48,1,37.496685,126.957817,0.561,282.49,-5.8,-18.64
1786956935.927,8814,0,0,0,0,1,heartbeat,0,19.4,-0.03,9999.0,25.0,0,ttc_capped,0.0012,table,1,37.496853,126.957909,0.116,340.55,1,37.496685,126.957817,0.561,282.49,-5.98,-18.46
1786956936.2,8818,0,0,0,0,1,heartbeat,0,19.38,-0.04,9999.0,25.0,0,ttc_capped,0.0012,table,1,37.496853,126.957909,0.086,340.21,1,37.496685,126.957817,0.561,282.49,-6.21,-18.35
1786956936.415,8820,0,0,0,0,1,heartbeat,0,19.32,-0.05,9999.0,25.0,0,ttc_capped,0.0012,table,1,37.496853,126.957909,0.078,339.71,1,37.496685,126.957817,0.561,282.49,-6.39,-18.23
1786956936.619,8822,0,0,0,0,1,heartbeat,0,19.34,-0.05,9999.0,25.0,0,ttc_capped,0.0012,table,1,37.496853,126.957909,0.063,339.44,1,37.496685,126.957817,0.561,282.49,-6.54,-18.2
1786956936.83,8824,0,0,0,0,1,heartbeat,0,19.29,-0.06,9999.0,25.0,0,ttc_capped,0.0012,table,1,37.496853,126.957909,0.052,338.82,1,37.496685,126.957817,0.561,282.49,-6.7,-18.09
1786956937.048,8826,0,0,0,0,1,heartbeat,0,19.31,-0.06,9999.0,25.0,0,ttc_capped,0.0012,table,1,37.496853,126.957916,0.053,339.72,1,37.496685,126.957817,0.561,282.49,-6.85,-18.06
1786956937.256,8828,0,0,0,0,1,heartbeat,0,19.4,-0.07,9999.0,25.0,0,ttc_capped,0.0012,table,1,37.496853,126.957916,0.049,341.77,1,37.496685,126.957817,0.561,282.49,-7.0,-18.09
1786956937.473,8830,0,0,0,0,1,heartbeat,0,19.48,-0.21,9999.0,25.0,0,ttc_capped,0.0012,table,1,37.496853,126.957916,0.05,343.54,1,37.496685,126.957817,0.561,265.32,-7.16,-18.11
1786956937.68,8831,0,0,0,0,1,heartbeat,0,19.36,-0.23,9999.0,25.0,0,ttc_capped,0.0012,table,1,37.496853,126.957916,0.05,343.69,1,37.496685,126.957817,0.561,265.39,-7.28,-17.93
1786956937.881,8833,0,0,0,0,1,heartbeat,0,19.35,-0.24,9999.0,25.0,0,ttc_capped,0.0012,table,1,37.496857,126.957916,0.049,344.27,1,37.496685,126.957817,0.561,265.52,-7.42,-17.87
1786956938.092,8835,0,0,0,0,1,heartbeat,0,19.36,-0.24,9999.0,25.0,0,ttc_capped,0.0012,table,1,37.496857,126.957916,0.041,344.27,1,37.496685,126.957817,0.561,265.9,-7.55,-17.82
1786956938.308,8837,0,0,0,0,1,heartbeat,0,19.12,-0.16,9999.0,25.0,0,ttc_capped,0.0012,table,1,37.496857,126.957916,0.11,344.27,1,37.496738,126.957771,0.345,264.98,-7.88,-17.41
1786956938.528,8840,0,0,0,0,1,heartbeat,0,18.91,0.02,909.57,5.6,0,ttc_capped,0.0318,table,1,37.496857,126.957909,0.169,344.27,1,37.496738,126.957771,0.345,264.98,-8.27,-17.0
1786956938.738,8842,0,0,0,0,1,heartbeat,0,18.56,0.32,57.84,5.6,0,ttc_capped,0.012,table,1,37.496857,126.957909,0.115,344.27,1,37.496738,126.957771,0.345,264.98,-8.68,-16.41
1786956938.952,8844,0,0,0,0,1,heartbeat,0,18.05,0.7,25.65,5.6,0,table,0.0102,table,1,37.496857,126.957909,0.149,344.27,1,37.496738,126.957771,0.345,264.98,-9.17,-15.55
1786956939.164,8846,0,0,0,0,1,heartbeat,0,17.65,0.92,19.14,5.6,0,table,0.008,table,1,37.496857,126.957916,0.188,3.58,1,37.496738,126.957771,0.345,264.98,-9.61,-14.81
1786956939.239,8846,1,1,0,0,1,change,0,17.52,0.81,21.77,24.14,1,table,0.0024,table,1,37.496857,126.957916,0.188,3.58,1,37.496738,126.957771,0.78,56.39,-8.97,-15.05
1786956939.48,8849,1,1,0,1,1,heartbeat,0,17.28,0.78,22.25,28.0,1,table,0.0106,table,1,37.496857,126.957916,0.246,5.06,1,37.496738,126.957771,0.78,56.39,-8.94,-14.79
1786956939.686,8851,1,1,1,1,1,heartbeat,0,16.93,0.74,22.81,15.16,0,table,0.0157,table,1,37.496857,126.957916,0.28,5.06,1,37.496738,126.957779,0.78,56.39,-8.99,-14.34
1786956939.894,8853,1,1,1,1,1,heartbeat,0,16.59,0.74,22.48,13.84,0,table,0.0157,table,1,37.496857,126.957916,0.254,5.06,1,37.496742,126.957779,0.78,56.39,-9.04,-13.92
1786956940.104,8855,1,1,1,1,1,heartbeat,0,16.31,0.74,22.14,14.07,0,table,0.0157,table,1,37.496857,126.957916,0.203,5.06,1,37.496742,126.957779,0.78,56.39,-9.07,-13.55
1786956940.314,8857,1,1,1,1,1,heartbeat,0,16.03,0.85,18.96,7.84,0,table,0.0043,table,1,37.496857,126.957916,0.262,5.06,1,37.496738,126.957787,1.131,66.04,-9.03,-13.25
1786956940.524,8859,1,1,1,1,1,heartbeat,0,15.83,0.9,17.55,5.6,0,table,0.0043,table,1,37.496857,126.957916,0.269,5.06,1,37.496738,126.957787,1.131,66.04,-8.9,-13.1
1786956940.736,8861,1,1,1,1,1,heartbeat,0,15.55,0.96,16.16,5.6,0,table,0.0043,table,1,37.496853,126.957916,0.323,13.04,1,37.496742,126.957787,1.131,66.04,-8.8,-12.82
1786956940.999,8862,1,1,1,1,1,heartbeat,0,15.17,0.97,15.57,5.6,0,table,0.0166,table,1,37.496853,126.957916,0.424,13.04,1,37.496742,126.957787,1.131,66.04,-8.69,-12.44
1786956941.201,8864,1,1,1,1,1,heartbeat,0,14.94,0.95,15.66,5.6,0,table,0.0053,table,1,37.496853,126.957916,0.492,13.04,1,37.496742,126.957787,1.131,66.04,-8.6,-12.22
1786956941.503,8867,1,1,1,1,1,heartbeat,0,14.71,0.73,20.02,5.6,0,table,0.0012,table,1,37.496853,126.957916,0.555,13.04,1,37.496738,126.957802,1.201,73.52,-8.37,-12.09
1786956941.585,8869,0,0,1,1,1,change,0,14.75,0.57,26.02,5.6,0,table,0.0012,table,1,37.496849,126.957916,0.649,13.04,1,37.496738,126.957802,1.201,73.52,-8.34,-12.16
1786956941.794,8871,0,0,0,0,1,heartbeat,0,14.72,0.38,39.23,5.6,0,ttc_capped,0.0007,table,1,37.496845,126.957916,0.676,13.04,1,37.496738,126.957802,1.201,73.52,-8.27,-12.17
1786956942.033,8872,0,0,0,0,1,heartbeat,0,14.72,0.19,77.27,5.6,0,ttc_capped,0.0002,table,1,37.496845,126.957916,0.63,13.04,1,37.496738,126.957809,1.201,73.52,-8.21,-12.21
1786956942.238,8875,0,0,0,0,1,heartbeat,0,14.96,-0.18,9999.0,25.0,0,ttc_capped,0.0001,table,1,37.496845,126.957916,0.675,13.64,1,37.496735,126.957817,1.166,80.53,-8.29,-12.46
1786956942.454,8877,0,0,0,0,1,heartbeat,0,15.04,-0.28,9999.0,25.0,0,ttc_capped,0.0001,table,1,37.496841,126.957916,0.644,13.64,1,37.496735,126.957817,1.166,80.53,-8.31,-12.54
1786956942.662,8879,0,0,0,0,1,heartbeat,0,15.03,-0.26,9999.0,25.0,0,ttc_capped,0.0001,table,1,37.496841,126.957916,0.582,347.85,1,37.496735,126.957825,1.166,80.53,-8.24,-12.56
1786956942.866,8881,0,0,0,0,1,heartbeat,0,14.95,-0.18,9999.0,25.0,0,ttc_capped,0.0001,table,1,37.496841,126.957916,0.557,347.85,1,37.496735,126.957825,1.166,80.53,-8.13,-12.55
1786956943.072,8883,0,0,0,0,1,heartbeat,0,14.84,-0.09,9999.0,25.0,0,ttc_capped,0.0001,table,1,37.496841,126.957916,0.472,347.85,1,37.496735,126.957825,1.166,80.53,-7.99,-12.51
1786956943.276,8885,0,0,0,0,1,heartbeat,0,14.72,-0.04,9999.0,25.0,0,ttc_capped,0.0001,table,1,37.496845,126.957909,0.463,347.85,1,37.496731,126.957832,1.134,84.7,-7.71,-12.54
1786956943.48,8887,0,0,0,0,1,heartbeat,0,14.61,0.0,3248.74,5.6,0,ttc_capped,0.0002,table,1,37.496845,126.957909,0.451,347.85,1,37.496731,126.95784,1.134,84.7,-7.32,-12.64
1786956943.692,8889,0,0,0,0,1,heartbeat,0,14.48,0.06,226.82,5.6,0,ttc_capped,0.0002,table,1,37.496845,126.957909,0.477,347.85,1,37.496731,126.95784,1.134,84.7,-6.94,-12.71
1786956943.902,8891,0,0,0,0,1,heartbeat,0,14.08,0.61,23.02,5.6,0,table,0.0022,table,1,37.496849,126.957909,0.403,347.85,1,37.496731,126.95784,1.134,84.7,-6.51,-12.49
1786956944.118,8893,0,0,0,0,1,heartbeat,0,13.96,0.59,23.67,5.6,0,table,0.003,table,1,37.496849,126.957901,0.37,332.84,1,37.496731,126.95784,1.134,84.7,-6.13,-12.54
1786956944.324,8895,0,0,0,0,1,heartbeat,0,13.86,0.53,26.15,5.6,0,table,0.0027,table,1,37.496849,126.957901,0.395,332.84,1,37.496727,126.957855,1.194,90.42,-5.77,-12.6
1786956944.534,8897,0,0,0,0,1,heartbeat,0,13.77,0.47,29.22,5.6,0,table,0.0023,table,1,37.496849,126.957901,0.28,332.84,1,37.496727,126.957855,1.194,90.42,-5.4,-12.67
1786956944.751,8899,0,0,0,0,1,heartbeat,0,13.7,0.43,31.56,5.6,0,ttc_capped,0.0038,table,1,37.496849,126.957901,0.242,350.98,1,37.496727,126.957855,1.194,90.42,-5.05,-12.73
1786956944.96,8901,0,0,0,0,1,heartbeat,0,13.63,0.4,33.91,5.6,0,ttc_capped,0.005,table,1,37.496849,126.957901,0.283,351.56,1,37.496723,126.957863,1.194,90.42,-4.7,-12.8
1786956945.169,8903,0,0,0,0,1,heartbeat,0,13.59,0.37,36.47,5.6,0,ttc_capped,0.005,table,1,37.496849,126.957901,0.263,351.56,1,37.496723,126.957863,1.194,90.42,-4.37,-12.86
1786956945.382,8905,0,0,0,0,1,heartbeat,0,13.56,0.3,45.27,5.6,0,ttc_capped,0.005,table,1,37.496849,126.957901,0.285,351.56,1,37.496723,126.95787,1.065,93.85,-4.06,-12.93
1786956945.591,8907,0,0,0,0,1,heartbeat,0,13.52,0.24,56.82,5.6,0,ttc_capped,0.0041,table,1,37.496845,126.957901,0.417,351.56,1,37.496719,126.95787,1.065,93.85,-3.78,-12.98
1786956945.798,8908,0,0,0,0,1,heartbeat,0,13.53,0.2,66.79,5.6,0,ttc_capped,0.0067,table,1,37.496845,126.957901,0.536,351.56,1,37.496719,126.957878,1.065,93.85,-3.5,-13.07
1786956945.999,8910,0,0,0,0,1,heartbeat,0,13.51,0.18,73.75,5.6,0,ttc_capped,0.0067,table,1,37.496845,126.957901,0.563,351.56,1,37.496719,126.957878,1.065,93.85,-3.22,-13.12
1786956946.208,8912,0,0,0,0,1,heartbeat,0,13.46,0.19,71.84,5.6,0,ttc_capped,0.0026,table,1,37.496841,126.957901,0.47,351.56,1,37.496719,126.957878,1.065,93.85,-2.94,-13.13
1786956946.408,8914,0,0,0,0,1,heartbeat,0,13.46,0.11,126.93,5.6,0,ttc_capped,0.0023,table,1,37.496841,126.957909,0.471,6.17,1,37.496716,126.957886,1.086,100.24,-2.69,-13.19
1786956946.61,8916,0,0,0,0,1,heartbeat,0,13.4,0.14,93.14,5.6,0,ttc_capped,0.0021,table,1,37.496838,126.957909,0.452,6.17,1,37.496716,126.957886,1.086,100.24,-2.48,-13.17
1786956946.812,8918,0,0,0,0,1,heartbeat,0,13.46,-0.02,9999.0,25.0,0,ttc_capped,0.0008,table,1,37.496838,126.957909,0.422,6.17,1,37.496712,126.957886,1.086,100.24,-2.25,-13.27
1786956947.024,8920,0,0,0,0,1,heartbeat,0,13.44,-0.04,9999.0,25.0,0,ttc_capped,0.0008,table,1,37.496834,126.957909,0.391,6.17,1,37.496712,126.957893,1.086,100.24,-2.0,-13.29
1786956947.228,8922,0,0,0,0,1,heartbeat,0,13.43,-0.08,9999.0,25.0,0,ttc_capped,0.0007,table,1,37.496834,126.957909,0.378,6.17,1,37.496712,126.957893,0.857,104.4,-1.79,-13.31
1786956947.43,8924,0,0,0,0,1,heartbeat,0,13.43,-0.11,9999.0,25.0,0,ttc_capped,0.0007,table,1,37.49683,126.957916,0.368,6.17,1,37.496712,126.957893,0.857,104.4,-1.65,-13.33
1786956947.632,8926,0,0,0,0,1,heartbeat,0,13.42,-0.12,9999.0,25.0,0,ttc_capped,0.0007,table,1,37.49683,126.957916,0.344,6.17,1,37.496712,126.957893,0.857,104.4,-1.52,-13.34
1786956947.834,8928,0,0,0,0,1,heartbeat,0,13.42,-0.13,9999.0,25.0,0,ttc_capped,0.0007,table,1,37.49683,126.957916,0.453,0.0,1,37.496712,126.957901,0.857,104.4,-1.36,-13.35
1786956948.047,8930,0,0,0,0,1,heartbeat,0,13.42,-0.13,9999.0,25.0,0,ttc_capped,0.0002,table,1,37.49683,126.957916,0.498,0.0,1,37.496712,126.957901,0.857,104.4,-1.2,-13.36
1786956948.257,8932,0,0,0,0,1,heartbeat,0,13.4,-0.06,9999.0,25.0,0,ttc_capped,0.0004,table,1,37.49683,126.957924,0.514,0.0,1,37.496712,126.957901,0.503,104.4,-1.13,-13.36
1786956948.463,8934,0,0,0,0,1,heartbeat,0,13.4,-0.09,9999.0,25.0,0,ttc_capped,0.0008,table,1,37.496826,126.957924,0.419,0.0,1,37.496712,126.957901,0.503,104.4,-1.07,-13.35
1786956948.675,8936,0,0,0,0,1,heartbeat,0,13.37,-0.09,9999.0,25.0,0,ttc_capped,0.0008,table,1,37.496826,126.957924,0.339,0.0,1,37.496712,126.957901,0.503,104.4,-1.03,-13.33
1786956948.881,8938,0,0,0,0,1,heartbeat,0,13.35,-0.09,9999.0,25.0,0,ttc_capped,0.0014,table,1,37.496826,126.957924,0.291,0.0,1,37.496712,126.957901,0.503,104.4,-0.99,-13.31
1786956949.087,8940,0,0,0,0,1,heartbeat,0,13.33,-0.1,9999.0,25.0,0,ttc_capped,0.0011,table,1,37.496826,126.957916,0.329,0.0,1,37.496712,126.957901,0.503,104.4,-0.92,-13.3
1786956949.291,8942,0,0,0,0,1,heartbeat,0,13.32,-0.1,9999.0,25.0,0,ttc_capped,0.0008,table,1,37.496826,126.957916,0.383,0.0,1,37.496712,126.957901,0.367,104.4,-0.86,-13.29
1786956949.495,8944,0,0,0,0,1,heartbeat,0,13.31,-0.12,9999.0,25.0,0,ttc_capped,0.0008,table,1,37.496826,126.957916,0.4,0.0,1,37.496712,126.957901,0.367,104.4,-0.79,-13.29
1786956949.705,8946,0,0,0,0,1,heartbeat,0,13.32,-0.14,9999.0,25.0,0,ttc_capped,0.0014,table,1,37.496826,126.957924,0.379,0.0,1,37.496712,126.957901,0.367,104.4,-0.75,-13.3
1786956949.917,8948,0,0,0,0,1,heartbeat,0,13.34,-0.18,9999.0,25.0,0,ttc_capped,0.0013,table,1,37.496826,126.957924,0.297,0.0,1,37.496712,126.957901,0.367,104.4,-0.73,-13.32
1786956950.137,8950,0,0,0,0,1,heartbeat,0,13.39,-0.23,9999.0,25.0,0,ttc_capped,0.0008,table,1,37.496826,126.957924,0.233,0.0,1,37.496712,126.957901,0.367,104.4,-0.72,-13.37
1786956950.343,8952,0,0,0,0,1,heartbeat,0,13.45,-0.27,9999.0,25.0,0,ttc_capped,0.0012,table,1,37.496826,126.957916,0.221,0.0,1,37.496712,126.957901,0.279,104.4,-0.73,-13.43
1786956950.551,8954,0,0,0,0,1,heartbeat,0,13.51,-0.31,9999.0,25.0,0,ttc_capped,0.0008,table,1,37.496826,126.957916,0.167,0.0,1,37.496712,126.957901,0.279,104.4,-0.76,-13.49
1786956950.762,8956,0,0,0,0,1,heartbeat,0,13.56,-0.33,9999.0,25.0,0,ttc_capped,0.0008,table,1,37.496826,126.957916,0.202,0.0,1,37.496712,126.957901,0.279,104.4,-0.82,-13.54
1786956950.972,8958,0,0,0,0,1,heartbeat,0,13.61,-0.33,9999.0,25.0,0,ttc_capped,0.0011,table,1,37.496826,126.957916,0.214,0.0,1,37.496712,126.957901,0.279,104.4,-0.89,-13.58
1786956951.184,8960,0,0,0,0,1,heartbeat,0,13.63,-0.32,9999.0,25.0,0,ttc_capped,0.0013,table,1,37.496826,126.957916,0.235,0.0,1,37.496712,126.957901,0.279,104.4,-0.96,-13.6
1786956951.395,8962,0,0,0,0,1,heartbeat,0,13.64,-0.3,9999.0,25.0,0,ttc_capped,0.0013,table,1,37.496826,126.957916,0.311,0.0,1,37.496712,126.957901,0.183,104.4,-1.03,-13.6
1786956951.606,8964,0,0,0,0,1,heartbeat,0,13.62,-0.27,9999.0,25.0,0,ttc_capped,0.0011,table,1,37.496822,126.957909,0.355,0.0,1,37.496712,126.957901,0.183,104.4,-1.08,-13.58
1786956951.815,8965,0,0,0,0,1,heartbeat,0,13.59,-0.22,9999.0,25.0,0,ttc_capped,0.0013,table,1,37.496822,126.957909,0.355,0.0,1,37.496712,126.957901,0.183,104.4,-1.13,-13.54
1786956952.02,8967,0,0,0,0,1,heartbeat,0,13.55,-0.19,9999.0,25.0,0,ttc_capped,0.0014,table,1,37.496822,126.957909,0.244,0.0,1,37.496712,126.957901,0.183,104.4,-1.14,-13.5
1786956952.221,8969,0,0,0,0,1,heartbeat,0,13.51,-0.15,9999.0,25.0,0,ttc_capped,0.0014,table,1,37.496822,126.957909,0.252,0.0,1,37.496712,126.957901,0.104,104.4,-1.15,-13.46
1786956952.424,8971,0,0,0,0,1,heartbeat,0,13.46,-0.13,9999.0,25.0,0,ttc_capped,0.0014,table,1,37.496822,126.957909,0.313,0.0,1,37.496712,126.957901,0.104,104.4,-1.16,-13.41
1786956952.628,8973,0,0,0,0,1,heartbeat,0,13.42,-0.1,9999.0,25.0,0,ttc_capped,0.0014,table,1,37.496822,126.957909,0.277,0.0,1,37.496712,126.957901,0.104,104.4,-1.15,-13.37
1786956952.872,8976,0,0,0,0,1,heartbeat,0,13.38,-0.07,9999.0,25.0,0,ttc_capped,0.0011,table,1,37.496822,126.957909,0.25,0.0,1,37.496712,126.957901,0.104,104.4,-1.15,-13.33
1786956953.082,8978,0,0,0,0,1,heartbeat,0,13.33,-0.05,9999.0,25.0,0,ttc_capped,0.0008,table,1,37.496822,126.957909,0.278,0.0,1,37.496712,126.957901,0.104,104.4,-1.14,-13.28
1786956953.3,8980,0,0,0,0,1,heartbeat,0,13.64,-0.56,9999.0,25.0,0,ttc_capped,0.0013,table,1,37.496822,126.957909,0.298,256.14,1,37.496712,126.957901,0.772,214.13,-1.33,-13.58
1786956953.506,8982,0,0,0,0,1,heartbeat,0,13.7,-0.65,9999.0,25.0,0,ttc_capped,0.0013,table,1,37.496822,126.957901,0.294,255.15,1,37.496712,126.957901,0.772,214.13,-1.36,-13.64
1786956953.724,8984,0,0,0,0,1,heartbeat,0,13.75,-0.67,9999.0,25.0,0,ttc_capped,0.0013,table,1,37.496822,126.957901,0.335,253.34,1,37.496712,126.957901,0.772,214.13,-1.38,-13.68
1786956953.935,8986,0,0,0,0,1,heartbeat,0,13.79,-0.67,9999.0,25.0,0,ttc_capped,0.0013,table,1,37.496822,126.957901,0.369,251.6,1,37.496712,126.957901,0.772,214.13,-1.4,-13.72
1786956954.137,8988,0,0,0,0,1,heartbeat,0,13.83,-0.67,9999.0,25.0,0,ttc_capped,0.0013,table,1,37.496822,126.957901,0.294,251.6,1,37.496712,126.957901,0.772,214.13,-1.42,-13.76
1786956954.35,8990,0,0,0,0,1,heartbeat,0,13.85,-0.67,9999.0,25.0,0,ttc_capped,0.0013,table,1,37.496822,126.957901,0.267,239.24,1,37.496716,126.957893,0.957,231.85,-1.5,-13.77
1786956954.563,8992,0,0,0,0,1,heartbeat,0,13.88,-0.67,9999.0,25.0,0,ttc_capped,0.0013,table,1,37.496822,126.957901,0.217,235.63,1,37.496716,126.957893,0.957,231.85,-1.66,-13.78
1786956954.774,8994,0,0,0,0,1,heartbeat,0,13.9,-0.68,9999.0,25.0,0,ttc_capped,0.0013,table,1,37.496822,126.957901,0.198,228.16,1,37.496716,126.957893,0.957,231.85,-1.79,-13.78
1786956954.981,8995,0,0,0,0,1,heartbeat,0,13.88,-0.68,9999.0,25.0,0,ttc_capped,0.0013,table,1,37.496822,126.957901,0.172,225.96,1,37.496716,126.957886,0.957,231.85,-1.95,-13.75
1786956955.186,8997,0,0,0,0,1,heartbeat,0,13.91,-0.69,9999.0,25.0,0,ttc_capped,0.0013,table,1,37.496822,126.957901,0.186,222.48,1,37.496716,126.957886,0.957,231.85,-2.09,-13.76
1786956955.389,8999,0,0,0,0,1,heartbeat,0,13.84,-0.47,9999.0,25.0,0,ttc_capped,0.0013,table,1,37.496819,126.957901,0.216,220.06,1,37.496723,126.957886,0.808,250.27,-2.22,-13.66
1786956955.594,9001,0,0,0,0,1,heartbeat,0,13.77,-0.41,9999.0,25.0,0,ttc_capped,0.0013,table,1,37.496819,126.957901,0.234,218.9,1,37.496723,126.957886,0.808,250.27,-2.35,-13.57
1786956955.832,9004,0,0,0,0,1,heartbeat,0,13.7,-0.4,9999.0,25.0,0,ttc_capped,0.0013,table,1,37.496815,126.957901,0.204,217.26,1,37.496723,126.957878,0.808,250.27,-2.5,-13.47
1786956956.042,9006,0,0,0,0,1,heartbeat,0,13.64,-0.41,9999.0,25.0,0,ttc_capped,0.0013,table,1,37.496815,126.957901,0.221,216.22,1,37.496723,126.957878,0.808,250.27,-2.66,-13.38
1786956956.253,9008,0,0,0,0,1,heartbeat,0,13.59,-0.41,9999.0,25.0,0,ttc_capped,0.0013,table,1,37.496815,126.957901,0.198,214.71,1,37.496723,126.957878,0.808,250.27,-2.8,-13.3
1786956956.465,9010,0,0,0,0,1,heartbeat,0,13.53,-0.34,9999.0,25.0,0,ttc_capped,0.0013,table,1,37.496815,126.957901,0.213,212.97,1,37.496723,126.957878,0.597,250.27,-2.9,-13.21
1786956956.683,9012,0,0,0,0,1,heartbeat,0,13.47,-0.32,9999.0,25.0,0,ttc_capped,0.0014,table,1,37.496815,126.957901,0.203,212.01,1,37.496723,126.957878,0.597,250.27,-3.0,-13.13
1786956956.896,9014,0,0,0,0,1,heartbeat,0,13.42,-0.32,9999.0,25.0,0,ttc_capped,0.0014,table,1,37.496811,126.957901,0.192,212.6,1,37.496723,126.957878,0.597,250.27,-3.09,-13.06
1786956957.099,9016,0,0,0,0,1,heartbeat,0,13.35,-0.32,9999.0,25.0,0,ttc_capped,0.0014,table,1,37.496811,126.957901,0.161,213.46,1,37.496723,126.957878,0.597,250.27,-3.16,-12.97
1786956957.31,9018,0,0,0,0,1,heartbeat,0,13.28,-0.26,9999.0,25.0,0,ttc_capped,0.0014,table,1,37.496807,126.957901,0.131,217.34,1,37.496723,126.957878,0.43,257.14,-3.22,-12.88
1786956957.521,9020,0,0,0,0,1,heartbeat,0,13.19,-0.21,9999.0,25.0,0,ttc_capped,0.0014,table,1,37.496807,126.957901,0.118,218.49,1,37.496723,126.957878,0.43,257.14,-3.27,-12.78
1786956957.732,9022,0,0,0,0,1,heartbeat,0,13.1,-0.19,9999.0,25.0,0,ttc_capped,0.0014,table,1,37.496803,126.957901,0.113,219.66,1,37.496723,126.957878,0.43,257.14,-3.31,-12.67
1786956957.937,9023,0,0,0,0,1,heartbeat,0,13.0,-0.19,9999.0,25.0,0,ttc_capped,0.0014,table,1,37.496799,126.957901,0.109,223.04,1,37.496723,126.957878,0.43,257.13,-3.34,-12.56
1786956958.144,9025,0,0,0,0,1,heartbeat,0,12.91,-0.19,9999.0,25.0,0,ttc_capped,0.0014,table,1,37.496799,126.957909,0.091,223.47,1,37.496723,126.957878,0.43,257.14,-3.39,-12.46
1786956958.345,9027,0,0,0,0,1,heartbeat,0,12.82,-0.17,9999.0,25.0,0,ttc_capped,0.0014,table,1,37.496796,126.957909,0.068,227.85,1,37.496723,126.957878,0.343,257.14,-3.43,-12.35
1786956958.548,9029,0,0,0,0,1,heartbeat,0,12.72,-0.13,9999.0,25.0,0,ttc_capped,0.0014,table,1,37.496796,126.957909,0.113,229.48,1,37.496723,126.957878,0.343,257.14,-3.47,-12.23
1786956958.749,9031,0,0,0,0,1,heartbeat,0,12.59,-0.04,9999.0,25.0,0,ttc_capped,0.0014,table,1,37.496796,126.957909,0.109,230.17,1,37.496723,126.957878,0.343,257.14,-3.48,-12.09
1786956958.951,9033,0,0,0,0,1,heartbeat,0,12.41,0.08,161.07,5.6,0,ttc_capped,0.0024,table,1,37.496792,126.957909,0.085,230.17,1,37.496723,126.957878,0.343,257.14,-3.46,-11.91
1786956959.159,9035,0,0,0,0,1,heartbeat,0,12.18,0.23,53.9,5.6,0,ttc_capped,0.0013,table,1,37.496792,126.957909,0.07,230.17,1,37.496723,126.957878,0.343,257.14,-3.4,-11.69
1786956959.359,9037,1,1,0,0,1,change,0,11.83,0.45,26.36,24.32,1,table,0.0013,table,1,37.496788,126.957909,0.098,230.17,1,37.496727,126.957878,0.221,257.14,-3.3,-11.36
1786956959.565,9039,1,1,1,1,1,heartbeat,0,11.45,0.64,17.76,28.0,1,table,0.0015,table,1,37.496788,126.957909,0.101,230.17,1,37.496727,126.957878,0.221,257.14,-3.18,-11.0
1786956959.767,9041,1,1,1,1,1,heartbeat,0,11.09,0.79,14.09,28.0,1,table,0.0014,table,1,37.496788,126.957909,0.095,230.17,1,37.496727,126.957878,0.221,257.14,-3.04,-10.67
1786956959.971,9043,1,1,1,1,1,heartbeat,0,10.76,0.87,12.39,28.0,1,table,0.0002,table,1,37.496784,126.957909,0.098,231.0,1,37.496727,126.957878,0.221,257.14,-2.92,-10.35
1786956960.191,9045,1,1,1,1,1,heartbeat,0,10.47,0.89,11.77,36.0,1,table,0.0003,table,1,37.496784,126.957909,0.108,231.55,1,37.496727,126.957878,0.221,257.14,-2.8,-10.08
1786956960.403,9047,1,1,1,1,1,heartbeat,0,10.24,0.87,11.82,36.0,1,table,0.0003,table,1,37.496784,126.957909,0.115,231.94,1,37.496727,126.957878,0.185,257.14,-2.72,-9.87
1786956960.611,9049,1,1,1,1,1,heartbeat,0,10.05,0.81,12.4,28.0,1,table,0.0002,table,1,37.49678,126.957909,0.111,232.21,1,37.496727,126.957878,0.185,257.14,-2.65,-9.69
1786956960.815,9051,1,1,1,1,1,heartbeat,0,9.91,0.74,13.48,33.0,1,table,0.0016,table,1,37.49678,126.957909,0.168,232.21,1,37.496727,126.957878,0.185,257.14,-2.61,-9.56
1786956961.029,9053,1,1,1,1,1,heartbeat,0,9.79,0.65,15.11,33.0,1,table,0.007,table,1,37.496777,126.957909,0.197,236.57,1,37.496727,126.957878,0.185,257.14,-2.58,-9.45
1786956961.235,9055,1,1,1,1,1,heartbeat,0,9.7,0.56,17.32,33.0,1,table,0.0085,table,1,37.496777,126.957909,0.191,236.57,1,37.496727,126.957878,0.121,257.14,-2.56,-9.36
1786956961.513,9057,1,1,1,1,1,heartbeat,0,9.65,0.43,22.27,33.0,1,table,0.0069,table,1,37.496777,126.957909,0.173,238.69,1,37.496727,126.957878,0.121,257.14,-2.56,-9.3
1786956961.714,9059,1,1,1,1,1,heartbeat,0,9.59,0.35,27.11,33.0,1,table,0.0078,table,1,37.496777,126.957909,0.177,238.71,1,37.496727,126.957878,0.121,257.14,-2.56,-9.24
1786956961.916,9061,1,1,1,1,1,heartbeat,0,9.54,0.28,33.98,33.0,0,ttc_capped,0.0089,table,1,37.496777,126.957909,0.189,238.71,1,37.496727,126.957878,0.121,257.14,-2.57,-9.19
1786956962.123,9063,1,1,1,1,1,heartbeat,0,9.5,0.22,44.06,32.55,0,ttc_capped,0.0089,table,1,37.496773,126.957909,0.193,238.26,1,37.496727,126.957878,0.121,257.14,-2.58,-9.14
1786956962.325,9065,1,1,1,1,1,heartbeat,0,9.34,0.25,37.81,33.0,0,ttc_capped,0.0085,table,1,37.496773,126.957901,0.18,238.34,1,37.496731,126.957878,0.078,257.14,-2.58,-8.97
1786956962.587,9068,1,1,1,1,1,heartbeat,0,9.14,0.26,35.25,33.0,0,ttc_capped,0.0089,table,1,37.496773,126.957901,0.136,238.95,1,37.496731,126.957878,0.078,257.14,-2.58,-8.76
1786956962.799,9070,1,1,1,1,1,heartbeat,0,9.01,0.26,34.98,33.0,0,ttc_capped,0.0085,table,1,37.496773,126.957901,0.112,239.17,1,37.496731,126.957878,0.078,257.14,-2.58,-8.63
1786956963.008,9072,1,1,1,1,1,heartbeat,0,8.89,0.25,36.27,33.0,0,ttc_capped,0.007,table,1,37.496773,126.957901,0.119,239.17,1,37.496731,126.957878,0.078,257.14,-2.58,-8.51
1786956963.219,9074,1,1,1,1,1,heartbeat,0,8.8,0.23,39.01,33.0,0,ttc_capped,0.007,table,1,37.496773,126.957901,0.133,241.02,1,37.496731,126.957878,0.078,257.14,-2.58,-8.41
1786956963.432,9076,1,1,1,1,1,heartbeat,0,8.71,0.2,43.35,33.0,0,ttc_capped,0.007,table,1,37.496773,126.957901,0.134,242.15,1,37.496731,126.957878,0.042,257.14,-2.58,-8.32
1786956963.64,9078,1,1,1,1,1,heartbeat,0,8.64,0.17,49.54,32.34,0,ttc_capped,0.0078,table,1,37.496769,126.957901,0.137,242.05,1,37.496731,126.957878,0.042,257.14,-2.58,-8.24
1786956963.852,9080,0,0,1,1,1,change,0,8.56,0.15,58.22,30.71,0,ttc_capped,0.0078,table,1,37.496769,126.957901,0.136,242.05,1,37.496731,126.957878,0.042,257.14,-2.58,-8.16
1786956964.057,9081,0,0,0,0,1,heartbeat,0,8.55,0.11,78.26,28.23,0,ttc_capped,0.0079,table,1,37.496769,126.957901,0.136,243.42,1,37.496731,126.957878,0.042,257.14,-2.58,-8.15
1786956964.275,9084,0,0,0,0,1,heartbeat,0,8.49,0.09,96.69,26.67,0,ttc_capped,0.0078,table,1,37.496773,126.957901,0.346,244.13,1,37.496731,126.957878,0.031,257.14,-2.58,-8.09
1786956964.481,9086,0,0,0,0,1,heartbeat,0,8.43,0.07,114.87,25.75,0,ttc_capped,0.0078,table,1,37.496773,126.957901,0.651,244.13,1,37.496731,126.957878,0.031,257.14,-2.57,-8.03
1786956964.693,9088,0,0,0,0,1,heartbeat,0,8.36,0.1,83.87,33.0,0,ttc_capped,0.0006,table,1,37.496777,126.957893,0.85,244.13,1,37.496731,126.957878,0.031,257.14,-2.55,-7.97
1786956964.903,9090,0,0,0,0,1,heartbeat,0,8.26,0.2,41.53,33.0,0,ttc_capped,0.0003,table,1,37.496777,126.957893,0.843,244.13,1,37.496731,126.957878,0.031,257.14,-2.51,-7.87
1786956965.009,9091,1,1,0,0,1,change,0,8.18,0.29,28.64,33.0,1,table,0.0,table,1,37.496777,126.957893,0.74,244.13,1,37.496731,126.957878,0.031,257.14,-2.47,-7.8
1786956965.221,9093,1,1,1,1,1,heartbeat,0,7.95,0.52,15.25,33.0,1,table,0.0001,table,1,37.49678,126.957893,0.623,244.13,1,37.496731,126.957878,0.031,257.14,-2.38,-7.58
1786956965.431,9095,1,1,1,1,1,heartbeat,0,7.6,0.81,9.34,41.0,1,table,0.0012,table,1,37.49678,126.957893,0.499,244.13,1,37.496731,126.957878,0.018,257.14,-2.22,-7.27
1786956965.535,9096,2,2,1,1,1,change,0,7.38,0.97,7.61,48.0,2,table,0.0022,table,1,37.49678,126.957893,0.499,244.13,1,37.496731,126.957878,0.018,257.14,-2.13,-7.07
1786956965.744,9098,2,2,2,2,1,heartbeat,0,7.7,0.01,700.39,24.08,0,ttc_capped,0.0045,table,1,37.49678,126.957893,0.394,0.0,1,37.496731,126.957878,0.018,257.14,-2.26,-7.36
1786956965.956,9100,2,2,2,2,1,heartbeat,0,7.58,-0.0,9999.0,30.0,0,ttc_capped,0.0023,table,1,37.49678,126.957893,0.31,0.0,1,37.496731,126.957878,0.018,257.14,-2.2,-7.26
1786956966.168,9102,2,2,2,2,1,heartbeat,0,7.5,-0.01,9999.0,30.0,0,ttc_capped,0.0012,table,1,37.496784,126.957893,0.232,0.0,1,37.496731,126.957878,0.018,257.14,-2.15,-7.19
1786956966.378,9104,2,2,2,2,1,heartbeat,0,7.36,0.04,185.27,31.58,0,ttc_capped,0.005,table,1,37.496784,126.957893,0.183,0.0,1,37.496735,126.957878,0.014,257.14,-2.11,-7.05
1786956966.591,9105,2,2,2,2,1,heartbeat,0,7.19,0.14,51.13,33.0,0,ttc_capped,0.0038,table,1,37.496788,126.957893,0.148,0.0,1,37.496735,126.957878,0.014,257.14,-2.09,-6.88
1786956966.813,9108,2,2,2,2,1,heartbeat,0,7.05,0.18,39.53,33.0,0,ttc_capped,0.0018,table,1,37.496792,126.957893,0.13,0.0,1,37.496735,126.957878,0.014,257.14,-2.03,-6.75
1786956967.016,9110,2,2,2,2,1,heartbeat,0,6.96,0.2,35.06,33.0,0,ttc_capped,0.0018,table,1,37.496792,126.957893,0.14,245.58,1,37.496735,126.957878,0.014,257.14,-2.0,-6.67
1786956967.228,9112,2,2,2,2,1,heartbeat,0,6.89,0.21,33.59,33.0,0,ttc_capped,0.0018,table,1,37.496792,126.957893,0.127,245.58,1,37.496735,126.957878,0.02,257.14,-1.97,-6.6
1786956967.434,9114,2,2,2,2,1,heartbeat,0,6.85,0.2,34.03,33.0,0,ttc_capped,0.0006,table,1,37.496796,126.957893,0.178,240.64,1,37.496735,126.957878,0.02,257.14,-1.94,-6.56
1786956967.646,9116,0,0,2,2,1,change,0,6.82,0.19,35.91,33.0,0,ttc_capped,0.0006,table,1,37.496796,126.957893,0.179,228.36,1,37.496735,126.957878,0.02,257.14,-1.92,-6.54
1786956967.856,9118,0,0,0,0,1,heartbeat,0,6.81,0.17,39.2,33.0,0,ttc_capped,0.0012,table,1,37.496796,126.957901,0.154,222.79,1,37.496735,126.957878,0.02,257.14,-1.91,-6.53
1786956968.068,9120,0,0,0,0,1,heartbeat,0,6.8,0.15,43.95,33.0,0,ttc_capped,0.0012,table,1,37.496792,126.957901,0.142,217.54,1,37.496735,126.957878,0.02,257.14,-1.91,-6.52
1786956968.278,9122,0,0,0,0,1,heartbeat,0,6.78,0.13,50.76,33.0,0,ttc_capped,0.0011,table,1,37.496792,126.957893,0.135,214.14,1,37.496735,126.957878,0.015,257.14,-1.9,-6.51
1786956968.492,9124,0,0,0,0,1,heartbeat,0,6.77,0.11,60.09,33.0,0,ttc_capped,0.0011,table,1,37.496792,126.957893,0.127,212.12,1,37.496735,126.957878,0.015,257.14,-1.88,-6.5
1786956968.7,9126,0,0,0,0,1,heartbeat,0,6.75,0.09,72.84,33.0,0,ttc_capped,0.0011,table,1,37.496788,126.957893,0.115,210.79,1,37.496735,126.957878,0.015,257.14,-1.86,-6.49
1786956968.912,9128,0,0,0,0,1,heartbeat,0,6.73,0.07,90.76,33.0,0,ttc_capped,0.0011,table,1,37.496788,126.957893,0.102,210.68,1,37.496735,126.957878,0.015,257.14,-1.84,-6.47
1786956969.125,9130,0,0,0,0,1,heartbeat,0,6.71,0.06,116.99,33.0,0,ttc_capped,0.0011,table,1,37.496788,126.957893,0.12,211.39,1,37.496735,126.957878,0.015,257.14,-1.83,-6.46
1786956969.336,9132,0,0,0,0,1,heartbeat,0,6.7,0.04,157.55,33.0,0,ttc_capped,0.0011,table,1,37.496788,126.957893,0.132,211.93,1,37.496735,126.957878,0.018,257.14,-1.81,-6.45
1786956969.549,9134,0,0,0,0,1,heartbeat,0,6.68,0.03,224.47,33.0,0,ttc_capped,0.001,table,1,37.496788,126.957893,0.126,212.99,1,37.496735,126.957878,0.018,257.14,-1.79,-6.44
1786956969.754,9135,0,0,0,0,1,heartbeat,0,6.69,0.02,444.9,33.0,0,ttc_capped,0.001,table,1,37.496788,126.957893,0.089,213.69,1,37.496735,126.957878,0.018,257.14,-1.79,-6.45
1786956969.958,9137,0,0,0,0,1,heartbeat,0,6.68,0.01,877.21,33.0,0,ttc_capped,0.001,table,1,37.496788,126.957901,0.07,215.19,1,37.496735,126.957878,0.018,257.14,-1.78,-6.43
1786956970.16,9139,0,0,0,0,1,heartbeat,0,6.67,0.0,3469.59,33.0,0,ttc_capped,0.001,table,1,37.496788,126.957901,0.057,216.85,1,37.496735,126.957878,0.018,257.14,-1.79,-6.42
1786956970.363,9141,0,0,0,0,1,heartbeat,0,6.66,-0.0,9999.0,30.0,0,ttc_capped,0.0031,table,1,37.496788,126.957901,0.039,217.97,1,37.496735,126.957878,0.017,257.14,-1.8,-6.41
1786956970.566,9143,0,0,0,0,1,heartbeat,0,6.65,-0.01,9999.0,30.0,0,ttc_capped,0.0031,table,1,37.496788,126.957901,0.027,219.11,1,37.496735,126.957878,0.017,257.14,-1.8,-6.4
1786956970.77,9145,0,0,0,0,1,heartbeat,0,6.64,-0.01,9999.0,30.0,0,ttc_capped,0.0011,table,1,37.496788,126.957901,0.034,219.72,1,37.496735,126.957878,0.017,257.14,-1.81,-6.39
1786956970.972,9147,0,0,0,0,1,heartbeat,0,6.65,-0.01,9999.0,30.0,0,ttc_capped,0.0011,table,1,37.496792,126.957901,0.031,221.18,1,37.496735,126.957878,0.017,257.14,-1.82,-6.39
1786956971.176,9149,0,0,0,0,1,heartbeat,0,6.65,-0.01,9999.0,30.0,0,ttc_capped,0.0011,table,1,37.496792,126.957901,0.042,221.32,1,37.496735,126.957878,0.017,257.14,-1.82,-6.39
1786956971.38,9151,0,0,0,0,1,heartbeat,0,6.66,-0.01,9999.0,30.0,0,ttc_capped,0.0014,table,1,37.496792,126.957909,0.047,221.32,1,37.496735,126.957878,0.019,257.14,-1.85,-6.4
1786956971.658,9154,0,0,0,0,1,heartbeat,0,6.67,-0.01,9999.0,30.0,0,ttc_capped,0.0014,table,1,37.496792,126.957909,0.056,221.32,1,37.496735,126.957878,0.019,257.14,-1.88,-6.4
1786956971.869,9156,0,0,0,0,1,heartbeat,0,6.67,-0.01,9999.0,30.0,0,ttc_capped,0.0014,table,1,37.496792,126.957909,0.069,221.32,1,37.496735,126.957878,0.019,257.14,-1.9,-6.39
1786956972.082,9158,0,0,0,0,1,heartbeat,0,6.68,-0.01,9999.0,30.0,0,ttc_capped,0.0014,table,1,37.496792,126.957909,0.066,221.32,1,37.496735,126.957878,0.019,257.14,-1.93,-6.39
1786956972.295,9160,0,0,0,0,1,heartbeat,0,6.69,-0.01,9999.0,30.0,0,ttc_capped,0.0143,table,1,37.496796,126.957909,0.074,221.32,1,37.496735,126.957878,0.017,257.14,-1.95,-6.4
1786956972.502,9162,0,0,0,0,1,heartbeat,0,6.71,-0.01,9999.0,30.0,0,ttc_capped,0.0143,table,1,37.496796,126.957916,0.071,0.0,1,37.496735,126.957878,0.017,257.14,-1.97,-6.41
1786956972.711,9164,0,0,0,0,1,heartbeat,0,6.72,-0.0,9999.0,30.0,0,ttc_capped,0.0143,table,1,37.496796,126.957916,0.082,0.0,1,37.496735,126.957878,0.017,257.14,-2.01,-6.42
1786956972.918,9165,0,0,0,0,1,heartbeat,0,6.73,-0.0,9999.0,30.0,0,ttc_capped,0.0037,table,1,37.496796,126.957916,0.088,0.0,1,37.496735,126.957878,0.017,257.14,-2.02,-6.42
1786956973.131,9166,0,0,0,0,1,heartbeat,0,6.74,-0.0,9999.0,30.0,0,ttc_capped,0.0037,table,1,37.496796,126.957916,0.088,0.0,1,37.496735,126.957878,0.017,257.14,-2.04,-6.43
1786956973.344,9170,0,0,0,0,1,heartbeat,0,6.77,-0.0,9999.0,30.0,0,ttc_capped,0.0143,table,1,37.496796,126.957916,0.08,0.0,1,37.496735,126.957878,0.017,257.14,-2.09,-6.44
1786956973.556,9172,0,0,0,0,1,heartbeat,0,6.79,-0.0,9999.0,30.0,0,ttc_capped,0.0143,table,1,37.496799,126.957916,0.074,0.0,1,37.496735,126.957878,0.017,257.14,-2.12,-6.46
1786956983.96,9270,2,2,0,0,1,change,0,3.06,1.01,3.02,53.0,2,table,0.0192,table,1,37.496761,126.957901,0.784,0.0,1,37.496738,126.957878,0.019,257.14,-1.97,-2.35
1786956984.274,9273,2,2,2,2,1,heartbeat,0,4.36,-2.31,9999.0,30.0,0,ttc_capped,0.0001,table,1,37.496758,126.957901,0.697,0.0,1,37.496712,126.957886,0.005,0.0,-1.48,-4.1
1786956984.478,9275,2,2,2,2,1,heartbeat,0,5.01,-2.74,9999.0,30.0,0,ttc_capped,0.0001,table,1,37.496758,126.957893,0.568,236.48,1,37.496712,126.957886,0.005,0.0,-1.05,-4.9
1786956984.736,9278,2,2,2,2,1,heartbeat,0,6.03,-3.06,9999.0,30.0,0,ttc_capped,0.0011,table,1,37.496758,126.957893,0.438,236.48,1,37.496712,126.957886,0.005,0.0,-0.89,-5.97
1786956984.948,9280,2,2,2,2,1,heartbeat,0,6.03,-2.19,9999.0,30.0,0,ttc_capped,0.0012,table,1,37.496758,126.957893,0.328,236.48,1,37.496712,126.957886,0.005,0.0,-0.82,-5.97
1786956985.16,9282,2,2,2,2,1,heartbeat,0,5.97,-1.61,9999.0,30.0,0,ttc_capped,0.0011,table,1,37.496754,126.957893,0.224,236.48,1,37.496712,126.957878,0.005,0.0,-1.23,-5.84
1786956985.371,9284,2,2,2,2,1,heartbeat,0,5.9,-1.23,9999.0,30.0,0,ttc_capped,0.0012,table,1,37.496754,126.957893,0.16,236.48,1,37.496712,126.957878,0.013,0.0,-1.45,-5.71
1786956985.582,9286,2,2,2,2,1,heartbeat,0,5.81,-0.95,9999.0,30.0,0,ttc_capped,0.0017,table,1,37.496754,126.957893,0.145,236.48,1,37.496712,126.957878,0.013,0.0,-1.57,-5.6
1786956985.793,9288,2,2,2,2,1,heartbeat,0,5.73,-0.75,9999.0,30.0,0,ttc_capped,0.0017,table,1,37.496754,126.957893,0.161,236.48,1,37.496712,126.957878,0.013,0.0,-1.64,-5.49
1786956986.005,9289,2,2,2,2,1,heartbeat,0,5.59,-0.53,9999.0,30.0,0,ttc_capped,0.0017,table,1,37.49675,126.957893,0.132,0.0,1,37.496712,126.957878,0.013,0.0,-1.65,-5.34
1786956986.205,9291,2,2,2,2,1,heartbeat,0,5.5,-0.43,9999.0,30.0,0,ttc_capped,0.0017,table,1,37.49675,126.957893,0.105,0.0,1,37.496712,126.957878,0.013,0.0,-1.66,-5.24
1786956986.309,9292,0,0,2,2,1,change,0,5.42,-0.35,9999.0,30.0,0,ttc_capped,0.0012,table,1,37.49675,126.957893,0.076,0.0,1,37.496712,126.957886,0.014,0.0,-1.53,-5.2
1786956986.511,9294,0,0,0,0,1,heartbeat,0,5.27,-0.23,9999.0,30.0,0,ttc_capped,0.0012,table,1,37.496746,126.957893,0.067,0.0,1,37.496712,126.957886,0.014,0.0,-1.32,-5.1
1786956986.712,9296,0,0,0,0,1,heartbeat,0,5.13,-0.15,9999.0,30.0,0,ttc_capped,0.0012,table,1,37.496746,126.957893,0.064,0.0,1,37.496712,126.957886,0.014,0.0,-1.16,-5.0
1786956986.913,9298,0,0,0,0,1,heartbeat,0,5.0,-0.09,9999.0,30.0,0,ttc_capped,0.0012,table,1,37.496742,126.957886,0.057,0.0,1,37.496712,126.957886,0.014,0.0,-1.01,-4.9
1786956987.126,9300,0,0,0,0,1,heartbeat,0,4.87,-0.05,9999.0,30.0,0,ttc_capped,0.0011,table,1,37.496742,126.957886,0.073,0.0,1,37.496712,126.957886,0.014,0.0,-0.87,-4.79
1786956987.375,9303,0,0,0,0,1,heartbeat,0,4.83,-0.12,9999.0,30.0,0,ttc_capped,0.0011,table,1,37.496738,126.957886,0.08,0.0,1,37.496708,126.957886,0.012,0.0,-0.72,-4.78
1786956987.585,9305,0,0,0,0,1,heartbeat,0,4.8,-0.16,9999.0,30.0,0,ttc_capped,0.0011,table,1,37.496735,126.957886,0.133,0.0,1,37.496708,126.957886,0.012,0.0,-0.63,-4.76
1786956987.797,9307,0,0,0,0,1,heartbeat,0,4.77,-0.19,9999.0,30.0,0,ttc_capped,0.0011,table,1,37.496735,126.957886,0.177,0.0,1,37.496708,126.957886,0.012,0.0,-0.56,-4.74
1786956988.016,9309,0,0,0,0,1,heartbeat,0,4.71,-0.2,9999.0,30.0,0,ttc_capped,0.0011,table,1,37.496727,126.957886,0.24,0.0,1,37.496708,126.957886,0.012,0.0,-0.5,-4.68
1786956988.221,9311,0,0,0,0,1,heartbeat,0,4.62,-0.19,9999.0,30.0,0,ttc_capped,0.0011,table,1,37.496727,126.957878,0.228,0.0,1,37.496708,126.957886,0.012,0.0,-0.44,-4.6
1786956988.438,9313,0,0,0,0,1,heartbeat,0,4.53,-0.19,9999.0,30.0,0,ttc_capped,0.0011,table,1,37.496723,126.957878,0.211,0.0,1,37.496708,126.957886,0.014,0.0,-0.37,-4.51
1786956988.643,9315,0,0,0,0,1,heartbeat,0,4.42,-0.17,9999.0,30.0,0,ttc_capped,0.0011,table,1,37.496723,126.957878,0.206,0.0,1,37.496708,126.957886,0.014,0.0,-0.32,-4.41
1786956988.85,9316,0,0,0,0,1,heartbeat,0,4.35,-0.14,9999.0,30.0,0,ttc_capped,0.0018,table,1,37.496719,126.957878,0.206,0.0,1,37.496708,126.957886,0.014,0.0,-0.32,-4.34
1786956989.054,9318,0,0,0,0,1,heartbeat,0,4.23,-0.12,9999.0,30.0,0,ttc_capped,0.0018,table,1,37.496719,126.957878,0.208,0.0,1,37.496708,126.957886,0.014,0.0,-0.28,-4.22
1786956989.256,9320,0,0,0,0,1,heartbeat,0,4.1,-0.1,9999.0,30.0,0,ttc_capped,0.0018,table,1,37.496716,126.957878,0.223,0.0,1,37.496708,126.957886,0.012,0.0,-0.24,-4.09
1786956989.458,9322,0,0,0,0,1,heartbeat,0,3.97,-0.08,9999.0,30.0,0,ttc_capped,0.0018,table,1,37.496712,126.957878,0.219,0.0,1,37.496708,126.957886,0.012,0.0,-0.21,-3.96
1786956989.659,9324,0,0,0,0,1,heartbeat,0,3.84,-0.06,9999.0,30.0,0,ttc_capped,0.0018,table,1,37.496712,126.957878,0.227,0.0,1,37.496708,126.957886,0.012,0.0,-0.19,-3.83
1786956989.867,9326,0,0,0,0,1,heartbeat,0,3.7,-0.05,9999.0,30.0,0,ttc_capped,0.0018,table,1,37.496708,126.95787,0.238,0.0,1,37.496708,126.957886,0.012,0.0,-0.14,-3.7
1786956990.119,9329,0,0,0,0,1,heartbeat,0,3.51,-0.04,9999.0,30.0,0,ttc_capped,0.0011,table,1,37.496708,126.95787,0.245,0.0,1,37.496708,126.957886,0.012,0.0,-0.06,-3.51
1786956990.329,9331,0,0,0,0,1,heartbeat,0,3.37,-0.02,9999.0,30.0,0,ttc_capped,0.0011,table,1,37.496704,126.95787,0.26,0.0,1,37.496708,126.957886,0.011,0.0,-0.02,-3.37
1786956990.539,9333,0,0,0,0,1,heartbeat,0,3.22,-0.01,9999.0,30.0,0,ttc_capped,0.0011,table,1,37.4967,126.95787,0.279,0.0,1,37.496708,126.957886,0.011,0.0,0.02,-3.22
1786956990.752,9335,0,0,0,0,1,heartbeat,0,3.09,-0.01,9999.0,30.0,0,ttc_capped,0.0061,table,1,37.4967,126.95787,0.288,0.0,1,37.496708,126.957886,0.011,0.0,0.06,-3.09
1786956990.962,9337,0,0,0,0,1,heartbeat,0,2.95,0.0,10164.78,30.67,0,ttc_capped,0.0143,table,1,37.496696,126.95787,0.255,0.0,1,37.496708,126.957886,0.011,0.0,0.09,-2.95
1786956991.174,9339,0,0,0,0,1,heartbeat,0,2.81,0.01,557.22,33.0,0,ttc_capped,0.0158,table,1,37.496696,126.95787,0.249,0.0,1,37.496708,126.957886,0.011,0.0,0.13,-2.81
1786956991.386,9341,0,0,0,0,1,heartbeat,0,2.69,0.01,319.75,33.0,0,ttc_capped,0.0158,table,1,37.496696,126.95787,0.277,0.0,1,37.496708,126.957886,0.044,0.0,0.16,-2.68
1786956991.599,9343,0,0,0,0,1,heartbeat,0,2.56,0.01,237.0,33.0,0,ttc_capped,0.0129,table,1,37.496693,126.95787,0.337,0.0,1,37.496708,126.957886,0.044,0.0,0.2,-2.55
1786956991.814,9345,0,0,0,0,1,heartbeat,0,2.43,0.02,124.35,33.0,0,ttc_capped,0.0112,table,1,37.496689,126.95787,0.493,0.0,1,37.496708,126.957886,0.044,0.0,0.23,-2.42
1786956992.034,9347,1,1,0,0,1,change,0,2.36,0.08,29.71,33.0,1,table,0.0035,table,1,37.496689,126.95787,0.461,0.0,1,37.496708,126.957886,0.044,0.0,0.25,-2.34
1786956992.242,9349,2,2,1,1,1,change,0,2.19,0.28,7.72,48.0,2,table,0.0203,table,1,37.496685,126.95787,0.476,0.0,1,37.496704,126.957886,0.027,0.0,0.31,-2.17
1786956992.452,9351,2,2,2,2,1,heartbeat,0,1.9,0.63,3.03,53.0,2,table,0.0336,table,1,37.496685,126.95787,0.619,0.0,1,37.496704,126.957886,0.027,0.0,0.41,-1.86
1786956992.65,9353,3,3,2,2,1,change,0,1.4,1.02,1.37,63.0,3,safety_floor,0.0924,table,1,37.496681,126.95787,0.716,0.0,1,37.496704,126.957886,0.027,0.0,0.56,-1.28
1786956992.864,9355,3,3,3,3,1,heartbeat,0,0.86,0.45,1.89,63.0,3,safety_floor,0.0128,table,1,37.496677,126.95787,0.805,0.0,1,37.496704,126.957886,0.027,0.0,0.77,-0.38
1786956993.074,9357,3,3,3,3,1,heartbeat,0,1.01,-1.38,9999.0,30.0,0,ttc_capped,0.0001,table,1,37.496677,126.95787,0.759,170.71,1,37.496704,126.957886,0.027,0.0,0.93,0.38
1786956993.284,9359,3,3,3,3,1,heartbeat,0,1.89,-2.7,9999.0,30.0,0,ttc_capped,0.0001,table,1,37.496674,126.95787,0.775,170.71,1,37.496704,126.957886,0.032,0.0,1.15,1.51
1786956993.496,9361,3,3,3,3,1,heartbeat,0,2.88,-3.2,9999.0,30.0,0,ttc_capped,0.0001,table,1,37.496674,126.957863,0.716,170.71,1,37.496704,126.957886,0.032,0.0,1.42,2.51
1786956993.746,9362,3,3,3,3,1,heartbeat,0,3.83,-3.34,9999.0,30.0,0,ttc_capped,0.0001,table,1,37.496674,126.957863,0.717,170.71,1,37.496704,126.957886,0.032,0.0,1.7,3.43
1786956994.025,9366,3,3,3,3,1,heartbeat,0,4.73,-3.32,9999.0,30.0,0,ttc_capped,0.0001,table,1,37.49667,126.957855,0.907,170.71,1,37.496704,126.957886,0.032,0.0,2.14,4.22
1786956994.236,9368,3,3,3,3,1,heartbeat,0,5.36,-3.25,9999.0,30.0,0,ttc_capped,0.0001,table,1,37.496666,126.957855,0.928,170.71,1,37.496704,126.957886,0.032,0.0,2.43,4.77
1786956994.451,9370,3,3,3,3,1,heartbeat,0,5.74,-3.0,9999.0,30.0,0,ttc_capped,0.0001,table,1,37.496666,126.957855,0.81,170.71,1,37.496704,126.957886,0.116,0.0,2.7,5.07
1786956994.666,9372,3,3,3,3,1,heartbeat,0,6.11,-2.79,9999.0,30.0,0,ttc_capped,0.0001,table,1,37.496662,126.957855,0.638,0.0,1,37.496704,126.957886,0.116,0.0,2.89,5.39
1786956994.888,9374,3,3,3,3,1,heartbeat,0,6.35,-2.51,9999.0,30.0,0,ttc_capped,0.0005,table,1,37.496662,126.957855,0.528,0.0,1,37.496704,126.957886,0.116,0.0,3.01,5.59
1786956994.965,9374,0,0,3,3,1,change,0,6.56,-2.51,9999.0,30.0,0,ttc_capped,0.0001,table,1,37.496662,126.957855,0.528,0.0,1,37.496704,126.957886,0.116,0.0,3.09,5.78
1786956995.174,9376,0,0,0,0,1,heartbeat,0,6.63,-2.19,9999.0,30.0,0,ttc_capped,0.0001,table,1,37.496662,126.957855,0.475,0.0,1,37.496704,126.957886,0.116,0.0,3.15,5.84
1786956995.377,9378,0,0,0,0,1,heartbeat,0,5.34,-0.03,9999.0,30.0,0,ttc_capped,0.0002,table,1,37.496662,126.957855,0.368,0.0,1,37.496704,126.957886,0.099,0.0,2.66,4.64
1786956995.58,9380,0,0,0,0,1,heartbeat,0,5.38,0.01,438.58,28.23,0,ttc_capped,0.0016,table,1,37.496658,126.957855,0.338,0.0,1,37.496704,126.957886,0.099,0.0,2.66,4.68
1786956995.78,9382,0,0,0,0,1,heartbeat,0,5.42,0.01,564.52,30.67,0,ttc_capped,0.0016,table,1,37.496658,126.957855,0.308,0.0,1,37.496704,126.957886,0.099,0.0,2.67,4.71
1786956995.998,9384,0,0,0,0,1,heartbeat,0,5.45,0.0,1380.05,29.66,0,ttc_capped,0.0016,table,1,37.496658,126.957855,0.35,0.0,1,37.496704,126.957886,0.099,0.0,2.67,4.75
1786956996.201,9386,0,0,0,0,1,heartbeat,0,5.49,-0.0,9999.0,30.0,0,ttc_capped,0.0098,table,1,37.496658,126.957855,0.366,0.0,1,37.496704,126.957886,0.099,0.0,2.68,4.79
1786956996.403,9388,0,0,0,0,1,heartbeat,0,5.41,0.08,70.05,31.92,0,ttc_capped,0.0058,table,1,37.496658,126.957855,0.252,0.0,1,37.4967,126.957886,0.348,0.0,2.68,4.69
1786956996.607,9390,0,0,0,0,1,heartbeat,0,5.35,0.13,41.2,31.94,0,ttc_capped,0.0058,table,1,37.496658,126.957855,0.231,0.0,1,37.4967,126.957886,0.348,0.0,2.69,4.62
1786956996.869,9393,0,0,0,0,1,heartbeat,0,5.3,0.16,32.71,31.93,0,ttc_capped,0.0058,table,1,37.496658,126.957855,0.3,343.03,1,37.4967,126.957886,0.348,0.0,2.7,4.56
1786956997.011,9394,1,1,0,0,1,change,0,5.26,0.18,29.48,31.93,1,table,0.0052,table,1,37.496658,126.957855,0.3,343.03,1,37.4967,126.957886,0.348,0.0,2.7,4.52
1786956997.211,9396,1,1,1,1,1,heartbeat,0,5.23,0.08,62.06,18.98,0,ttc_capped,0.0032,table,1,37.496662,126.957855,0.298,343.03,1,37.496696,126.957886,0.624,292.72,2.41,4.64
1786956997.422,9398,1,1,1,1,1,heartbeat,0,5.14,0.06,86.66,19.22,0,ttc_capped,0.0117,table,1,37.496666,126.957855,0.323,339.42,1,37.496696,126.957886,0.624,292.72,2.33,4.58
1786956997.631,9400,1,1,1,1,1,heartbeat,0,5.01,0.04,118.92,19.84,0,ttc_capped,0.0041,table,1,37.49667,126.957855,0.325,339.42,1,37.496696,126.957878,0.624,292.72,2.18,4.51
1786956997.926,9403,1,1,1,1,1,heartbeat,0,4.87,0.02,213.21,20.53,0,ttc_capped,0.0041,table,1,37.49667,126.957855,0.341,340.41,1,37.496696,126.957878,0.624,292.72,2.0,4.44
1786956998.131,9403,1,1,1,1,1,heartbeat,0,4.81,0.01,548.36,20.82,0,ttc_capped,0.0041,table,1,37.49667,126.957855,0.341,340.41,1,37.496696,126.957878,0.624,292.72,1.89,4.42
1786956998.336,9406,1,1,1,1,1,heartbeat,0,4.63,0.02,198.6,21.78,0,ttc_capped,0.0026,table,1,37.496677,126.957863,0.233,346.7,1,37.496696,126.95787,0.845,289.0,1.66,4.32
1786956998.562,9409,1,1,1,1,1,heartbeat,0,4.39,-0.0,9999.0,30.0,0,ttc_capped,0.0026,table,1,37.496681,126.957863,0.175,347.34,1,37.496696,126.95787,0.845,289.0,1.4,4.16
1786956998.776,9411,1,1,1,1,1,heartbeat,0,4.22,-0.04,9999.0,30.0,0,ttc_capped,0.0008,table,1,37.496681,126.95787,0.153,347.34,1,37.496696,126.95787,0.845,289.0,1.16,4.06
1786956998.986,9413,1,1,1,1,1,heartbeat,0,4.07,-0.08,9999.0,30.0,0,ttc_capped,0.0008,table,1,37.496681,126.95787,0.226,347.34,1,37.496696,126.957863,0.845,289.0,0.91,3.97
1786956999.19,9415,1,1,1,1,1,heartbeat,0,3.92,-0.14,9999.0,30.0,0,ttc_capped,0.0008,table,1,37.496685,126.957878,0.296,350.29,1,37.496696,126.957863,0.845,289.0,0.63,3.87
1786956999.244,9415,0,0,1,1,1,change,0,3.91,-0.18,9999.0,30.0,0,ttc_capped,0.0007,table,1,37.496685,126.957878,0.296,350.29,1,37.496696,126.957855,1.14,288.74,0.53,3.87
1786956999.45,9417,0,0,0,0,1,heartbeat,0,3.8,-0.3,9999.0,30.0,0,ttc_capped,0.0008,table,1,37.496685,126.957886,0.187,349.42,1,37.496696,126.957855,1.14,288.74,0.17,3.8
1786956999.651,9419,0,0,0,0,1,heartbeat,0,3.76,-0.41,9999.0,30.0,0,ttc_capped,0.0008,table,1,37.496689,126.957886,0.151,348.06,1,37.4967,126.957848,1.14,288.74,-0.2,3.76
1786956999.93,9422,0,0,0,0,1,heartbeat,0,3.76,-0.56,9999.0,30.0,0,ttc_capped,0.0008,table,1,37.496689,126.957886,0.103,346.38,1,37.4967,126.957848,1.14,288.74,-0.7,3.69
1786957000.14,9424,0,0,0,0,1,heartbeat,0,3.82,-0.63,9999.0,30.0,0,ttc_capped,0.0008,table,1,37.496693,126.957886,0.105,345.57,1,37.4967,126.957848,1.14,288.74,-1.0,3.69
1786957000.356,9426,0,0,0,0,1,heartbeat,0,3.89,-0.72,9999.0,30.0,0,ttc_capped,0.0008,table,1,37.496693,126.957893,0.095,344.61,1,37.4967,126.95784,1.144,288.57,-1.38,3.64
1786957000.583,9427,0,0,0,0,1,heartbeat,0,4.04,-0.8,9999.0,30.0,0,ttc_capped,0.0008,table,1,37.496693,126.957893,0.078,344.09,1,37.4967,126.957832,1.144,288.57,-1.77,3.63
1786957000.8,9430,0,0,0,0,1,heartbeat,0,4.19,-0.87,9999.0,30.0,0,ttc_capped,0.0008,table,1,37.496693,126.957893,0.06,343.35,1,37.4967,126.957832,1.144,288.57,-2.16,3.59
1786957001.012,9432,0,0,0,0,1,heartbeat,0,4.35,-0.92,9999.0,30.0,0,ttc_capped,0.0008,table,1,37.496693,126.957893,0.042,343.04,1,37.4967,126.957832,1.144,288.57,-2.52,3.54
1786957001.23,9434,0,0,0,0,1,heartbeat,0,4.54,-0.93,9999.0,30.0,0,ttc_capped,0.0008,table,1,37.496693,126.957893,0.031,342.55,1,37.496704,126.957825,1.058,288.46,-2.87,3.52
1786957001.434,9436,0,0,0,0,1,heartbeat,0,4.74,-0.94,9999.0,30.0,0,ttc_capped,0.0008,table,1,37.496693,126.957893,0.014,342.22,1,37.496704,126.957825,1.058,288.46,-3.2,3.5
1786957001.726,9439,0,0,0,0,1,heartbeat,0,5.02,-0.96,9999.0,30.0,0,ttc_capped,0.0008,table,1,37.496693,126.957893,0.017,341.51,1,37.496704,126.957825,1.058,288.46,-3.57,3.52
1786957001.931,9441,0,0,0,0,1,heartbeat,0,5.23,-0.97,9999.0,30.0,0,ttc_capped,0.0008,table,1,37.496693,126.957893,0.027,341.23,1,37.496704,126.957817,1.058,288.46,-3.87,3.51
1786957002.148,9443,0,0,0,0,1,heartbeat,0,5.47,-0.99,9999.0,30.0,0,ttc_capped,0.0008,table,1,37.496693,126.957893,0.025,341.04,1,37.496704,126.957817,1.058,288.46,-4.2,3.5
1786957002.355,9444,0,0,0,0,1,heartbeat,0,5.71,-1.02,9999.0,30.0,0,ttc_capped,0.0007,table,1,37.496689,126.957893,0.025,340.98,1,37.496708,126.957817,1.074,290.52,-4.48,3.54
1786957002.564,9447,0,0,0,0,1,heartbeat,0,5.97,-1.03,9999.0,30.0,0,ttc_capped,0.0007,table,1,37.496689,126.957893,0.023,340.75,1,37.496708,126.957809,1.074,290.52,-4.81,3.54
1786957002.778,9449,0,0,0,0,1,heartbeat,0,6.25,-1.04,9999.0,30.0,0,ttc_capped,0.0008,table,1,37.496689,126.957893,0.031,340.71,1,37.496708,126.957809,1.074,290.52,-5.13,3.57
1786957002.994,9451,0,0,0,0,1,heartbeat,0,6.52,-1.05,9999.0,30.0,0,ttc_capped,0.0008,table,1,37.496689,126.957893,0.031,340.55,1,37.496712,126.957809,1.074,290.52,-5.43,3.62
1786957003.206,9453,0,0,0,0,1,heartbeat,0,6.78,-1.05,9999.0,30.0,0,ttc_capped,0.0008,table,1,37.496689,126.957893,0.029,340.44,1,37.496712,126.957809,1.074,290.52,-5.7,3.67
1786957003.406,9455,0,0,0,0,1,heartbeat,0,7.03,-1.1,9999.0,30.0,0,ttc_capped,0.0008,table,1,37.496689,126.957893,0.036,340.46,1,37.496716,126.957809,1.129,294.51,-5.95,3.75
1786957003.616,9457,0,0,0,0,1,heartbeat,0,7.31,-1.12,9999.0,30.0,0,ttc_capped,0.0008,table,1,37.496689,126.957893,0.038,340.26,1,37.496716,126.957802,1.129,294.51,-6.23,3.83
1786957003.826,9459,0,0,0,0,1,heartbeat,0,7.58,-1.12,9999.0,30.0,0,ttc_capped,0.0008,table,1,37.496689,126.957893,0.041,339.89,1,37.496716,126.957802,1.129,294.51,-6.5,3.91
1786957004.038,9461,0,0,0,0,1,heartbeat,0,7.84,-1.12,9999.0,30.0,0,ttc_capped,0.0008,table,1,37.496689,126.957893,0.037,339.71,1,37.496716,126.957802,1.129,294.51,-6.75,3.99
1786957004.3,9462,0,0,0,0,1,heartbeat,0,8.14,-1.13,9999.0,30.0,0,ttc_capped,0.0014,table,1,37.496685,126.957893,0.037,339.72,1,37.496723,126.957802,1.143,296.6,-7.02,4.12
1786957004.51,9465,0,0,0,0,1,heartbeat,0,8.42,-1.14,9999.0,30.0,0,ttc_capped,0.0014,table,1,37.496685,126.957893,0.046,339.59,1,37.496723,126.957794,1.143,296.6,-7.28,4.24
1786957004.718,9467,0,0,0,0,1,heartbeat,0,8.69,-1.14,9999.0,30.0,0,ttc_capped,0.0014,table,1,37.496685,126.957893,0.043,339.53,1,37.496723,126.957794,1.143,296.6,-7.52,4.35
1786957004.926,9469,0,0,0,0,1,heartbeat,0,8.96,-1.14,9999.0,30.0,0,ttc_capped,0.0014,table,1,37.496685,126.957893,0.047,339.59,1,37.496727,126.957794,1.143,296.6,-7.76,4.47
1786957005.14,9471,0,0,0,0,1,heartbeat,0,9.22,-1.14,9999.0,30.0,0,ttc_capped,0.0014,table,1,37.496685,126.957893,0.058,339.66,1,37.496727,126.957794,1.143,296.6,-7.99,4.59
1786957005.348,9473,0,0,0,0,1,heartbeat,0,9.47,-1.06,9999.0,30.0,0,ttc_capped,0.0014,table,1,37.496681,126.957893,0.056,339.53,1,37.496731,126.957787,1.019,297.97,-8.2,4.74
1786957005.556,9475,0,0,0,0,1,heartbeat,0,9.72,-1.03,9999.0,30.0,0,ttc_capped,0.0014,table,1,37.496681,126.957893,0.067,339.66,1,37.496731,126.957787,1.019,297.97,-8.41,4.87
1786957005.766,9477,0,0,0,0,1,heartbeat,0,9.96,-1.02,9999.0,30.0,0,ttc_capped,0.0014,table,1,37.496681,126.957893,0.061,339.44,1,37.496731,126.957787,1.019,297.97,-8.61,5.0
1786957005.986,9479,0,0,0,0,1,heartbeat,0,10.2,-1.02,9999.0,25.0,0,ttc_capped,0.0014,table,1,37.496681,126.957893,0.069,339.34,1,37.496731,126.957787,1.019,297.97,-8.81,5.13
1786957006.288,9481,0,0,0,0,1,heartbeat,0,10.5,-0.87,9999.0,25.0,0,ttc_capped,0.0014,table,1,37.496677,126.957893,0.063,339.36,1,37.496735,126.957779,0.702,297.97,-9.06,5.31
1786957006.496,9484,0,0,0,0,1,heartbeat,0,10.69,-0.75,9999.0,25.0,0,ttc_capped,0.0014,table,1,37.496677,126.957893,0.063,339.48,1,37.496735,126.957779,0.702,297.97,-9.21,5.42
1786957006.706,9486,0,0,0,0,1,heartbeat,0,10.87,-0.72,9999.0,25.0,0,ttc_capped,0.0014,table,1,37.496677,126.957893,0.084,339.24,1,37.496735,126.957779,0.702,297.97,-9.35,5.53
1786957006.92,9488,0,0,0,0,1,heartbeat,0,11.04,-0.71,9999.0,25.0,0,ttc_capped,0.0014,table,1,37.496674,126.957893,0.109,339.42,1,37.496735,126.957779,0.702,297.97,-9.49,5.63
1786957007.122,9490,0,0,0,0,1,heartbeat,0,11.2,-0.7,9999.0,25.0,0,ttc_capped,0.0011,table,1,37.496674,126.957893,0.112,340.42,1,37.496735,126.957779,0.702,297.97,-9.62,5.73
1786957007.324,9492,0,0,0,0,1,heartbeat,0,11.31,-0.67,9999.0,25.0,0,ttc_capped,0.0011,table,1,37.496674,126.957893,0.078,341.37,1,37.496723,126.957787,0.626,300.5,-9.71,5.79
1786957007.526,9494,0,0,0,0,1,heartbeat,0,11.38,-0.63,9999.0,25.0,0,ttc_capped,0.0014,table,1,37.496674,126.957893,0.072,341.95,1,37.496719,126.957787,0.626,300.5,-9.78,5.81
1786957007.738,9496,0,0,0,0,1,heartbeat,0,11.46,-0.62,9999.0,25.0,0,ttc_capped,0.0014,table,1,37.49667,126.957893,0.072,342.35,1,37.496719,126.957787,0.626,300.5,-9.86,5.84
1786957007.95,9498,0,0,0,0,1,heartbeat,0,11.54,-0.61,9999.0,25.0,0,ttc_capped,0.0014,table,1,37.49667,126.957893,0.067,342.65,1,37.496719,126.957787,0.626,300.5,-9.93,5.88
1786957008.166,9500,0,0,0,0,1,heartbeat,0,11.62,-0.61,9999.0,25.0,0,ttc_capped,0.0014,table,1,37.49667,126.957893,0.06,342.98,1,37.496719,126.957787,0.626,300.5,-10.01,5.91
1786957008.376,9502,0,0,0,0,1,heartbeat,0,11.65,-0.46,9999.0,25.0,0,ttc_capped,0.0014,table,1,37.49667,126.957893,0.069,343.44,1,37.496719,126.957787,0.406,300.5,-10.04,5.91
1786957008.587,9504,0,0,0,0,1,heartbeat,0,11.67,-0.41,9999.0,25.0,0,ttc_capped,0.0014,table,1,37.49667,126.957893,0.061,343.64,1,37.496719,126.957787,0.406,300.5,-10.06,5.92
1786957008.796,9506,0,0,0,0,1,heartbeat,0,11.7,-0.4,9999.0,25.0,0,ttc_capped,0.0014,table,1,37.49667,126.957893,0.07,344.09,1,37.496719,126.957787,0.406,300.5,-10.09,5.92
1786957009.007,9508,0,0,0,0,1,heartbeat,0,11.73,-0.39,9999.0,25.0,0,ttc_capped,0.0014,table,1,37.496666,126.957893,0.073,344.32,1,37.496719,126.957787,0.406,300.5,-10.11,5.93
1786957009.222,9510,0,0,0,0,1,heartbeat,0,11.78,-0.39,9999.0,25.0,0,ttc_capped,0.0014,table,1,37.496666,126.957893,0.069,344.32,1,37.496719,126.957787,0.406,300.5,-10.16,5.96
1786957009.43,9512,0,0,0,0,1,heartbeat,0,11.79,-0.35,9999.0,25.0,0,ttc_capped,0.0014,table,1,37.496666,126.957893,0.079,344.37,1,37.496719,126.957787,0.296,300.5,-10.17,5.97
1786957009.645,9514,0,0,0,0,1,heartbeat,0,11.77,-0.26,9999.0,25.0,0,ttc_capped,0.0014,table,1,37.496666,126.957893,0.078,344.44,1,37.496719,126.957787,0.296,300.5,-10.16,5.95
1786957009.854,9516,0,0,0,0,1,heartbeat,0,11.68,-0.11,9999.0,25.0,0,ttc_capped,0.0014,table,1,37.496666,126.957893,0.071,344.29,1,37.496719,126.957787,0.296,300.5,-10.09,5.89
1786957010.067,9518,0,0,0,0,1,heartbeat,0,11.5,0.11,101.01,8.93,0,ttc_capped,0.0032,table,1,37.49667,126.957893,0.073,344.3,1,37.496719,126.957787,0.296,300.5,-9.95,5.77
1786957010.278,9520,0,0,0,0,1,heartbeat,0,11.22,0.37,30.33,23.36,0,ttc_capped,0.0019,table,1,37.49667,126.957893,0.073,344.17,1,37.496719,126.957787,0.296,300.5,-9.74,5.58
1786957010.301,9520,1,1,0,0,1,change,0,11.07,0.51,21.57,23.56,1,table,0.0045,table,1,37.49667,126.957893,0.073,344.17,1,37.496716,126.957787,0.194,300.5,-9.63,5.47
1786957010.512,9522,1,1,1,1,1,heartbeat,0,10.71,0.77,13.92,23.74,1,table,0.0112,table,1,37.49667,126.957893,0.076,343.95,1,37.496716,126.957787,0.194,300.5,-9.37,5.18
1786957010.72,9524,1,1,1,1,1,heartbeat,0,10.35,0.96,10.84,30.63,1,table,0.0032,table,1,37.49667,126.957893,0.082,343.95,1,37.496716,126.957787,0.194,300.5,-9.12,4.9
1786957010.929,9526,1,1,1,1,1,heartbeat,0,10.04,1.06,9.46,30.69,1,table,0.0008,table,1,37.49667,126.957893,0.089,343.95,1,37.496716,126.957787,0.194,300.5,-8.89,4.66
1786957011.145,9528,1,1,1,1,1,heartbeat,0,9.78,1.09,8.96,34.99,1,table,0.0002,table,1,37.49667,126.957893,0.089,343.61,1,37.496716,126.957787,0.194,300.5,-8.71,4.46
1786957011.438,9531,1,1,1,1,1,heartbeat,0,9.5,1.07,8.88,35.02,1,table,0.0002,table,1,37.49667,126.957893,0.156,343.61,1,37.496716,126.957787,0.115,300.5,-8.5,4.23
1786957011.715,9532,1,1,1,1,1,heartbeat,0,9.4,0.93,10.15,35.06,1,table,0.0005,table,1,37.49667,126.957893,0.156,343.61,1,37.496716,126.957787,0.115,300.5,-8.44,4.16
1786957011.923,9535,1,1,1,1,1,heartbeat,0,9.38,0.81,11.53,35.08,1,table,0.0004,table,1,37.49667,126.957893,0.214,343.61,1,37.496716,126.957787,0.115,300.5,-8.42,4.14
1786957012.139,9537,1,1,1,1,1,heartbeat,0,9.38,0.69,13.52,28.25,1,table,0.001,table,1,37.49667,126.957893,0.242,343.61,1,37.496716,126.957787,0.115,300.5,-8.42,4.14
1786957012.388,9540,1,1,1,1,1,heartbeat,0,9.39,0.58,16.17,28.26,1,table,0.0017,table,1,37.49667,126.957893,0.254,343.61,1,37.496716,126.957787,0.176,300.5,-8.43,4.15
1786957012.606,9542,1,1,1,1,1,heartbeat,0,9.36,0.53,17.78,28.26,1,table,0.0016,table,1,37.49667,126.957893,0.328,0.0,1,37.496716,126.957787,0.176,300.5,-8.4,4.12
1786957012.81,9544,1,1,1,1,1,heartbeat,0,9.45,0.4,23.58,28.28,1,table,0.0017,table,1,37.49667,126.957893,0.39,0.0,1,37.496716,126.957787,0.176,300.5,-8.47,4.19
1786957013.025,9546,1,1,1,1,1,heartbeat,0,9.52,0.3,32.17,28.29,0,ttc_capped,0.0013,table,1,37.49667,126.957893,0.523,0.0,1,37.496716,126.957787,0.176,300.5,-8.52,4.25
1786957013.233,9548,1,1,1,1,1,heartbeat,0,9.6,0.2,48.07,28.23,0,ttc_capped,0.0058,table,1,37.49667,126.957893,0.564,0.0,1,37.496716,126.957787,0.176,300.5,-8.58,4.31
1786957013.456,9549,1,1,1,1,1,heartbeat,0,9.7,0.09,108.15,27.98,0,ttc_capped,0.0023,table,1,37.49667,126.957893,0.564,0.0,1,37.496716,126.957787,0.201,300.5,-8.65,4.39
1786957013.658,9552,1,1,1,1,1,heartbeat,0,9.77,-0.01,9999.0,30.0,0,ttc_capped,0.0004,table,1,37.49667,126.957893,0.463,0.0,1,37.496716,126.957787,0.201,300.5,-8.7,4.45
1786957013.863,9553,1,1,1,1,1,heartbeat,0,9.89,-0.11,9999.0,30.0,0,ttc_capped,0.0004,table,1,37.49667,126.957893,0.463,0.0,1,37.496716,126.957787,0.201,300.5,-8.79,4.54
1786957014.071,9555,1,1,1,1,1,heartbeat,0,9.9,-0.01,9999.0,30.0,0,ttc_capped,0.0346,table,1,37.49667,126.957893,0.32,0.0,1,37.496716,126.957787,0.201,300.5,-8.79,4.55
1786957014.274,9557,1,1,1,1,1,heartbeat,0,9.96,-0.02,9999.0,30.0,0,ttc_capped,0.0014,table,1,37.49667,126.957893,0.235,0.0,1,37.496716,126.957787,0.221,300.5,-8.84,4.6
1786957014.48,9559,1,1,1,1,1,heartbeat,0,10.0,-0.03,9999.0,25.0,0,ttc_capped,0.0014,table,1,37.49667,126.957893,0.232,0.0,1,37.496716,126.957787,0.221,300.5,-8.87,4.63
1786957014.683,9561,1,1,1,1,1,heartbeat,0,10.05,-0.04,9999.0,25.0,0,ttc_capped,0.0014,table,1,37.496674,126.957893,0.226,0.0,1,37.496716,126.957787,0.221,300.5,-8.91,4.65
1786957014.89,9563,1,1,1,1,1,heartbeat,0,10.08,-0.05,9999.0,25.0,0,ttc_capped,0.0014,table,1,37.496674,126.957893,0.204,0.0,1,37.496716,126.957787,0.221,300.5,-8.94,4.67
1786957014.992,9564,0,0,1,1,1,change,0,10.1,-0.05,9999.0,25.0,0,ttc_capped,0.0014,table,1,37.496674,126.957893,0.204,0.0,1,37.496716,126.957787,0.221,300.5,-8.95,4.67
1786957015.206,9565,0,0,1,0,1,heartbeat,0,10.1,-0.05,9999.0,25.0,0,ttc_capped,0.0014,table,1,37.496674,126.957886,0.154,0.0,1,37.496716,126.957787,0.221,300.5,-8.96,4.68
1786957015.449,9569,0,0,0,0,1,heartbeat,0,9.7,0.25,39.46,33.0,0,ttc_capped,0.008,table,1,37.496674,126.957886,0.164,0.0,1,37.496712,126.957802,0.376,300.5,-8.56,4.55
1786957015.504,9569,1,1,0,0,1,change,0,9.54,0.36,26.79,33.0,1,table,0.0031,table,1,37.496674,126.957886,0.164,0.0,1,37.496712,126.957802,0.376,300.5,-8.41,4.5
1786957015.708,9571,1,1,1,1,1,heartbeat,0,9.33,0.45,20.51,33.0,1,table,0.0031,table,1,37.496677,126.957886,0.182,0.0,1,37.496712,126.957802,0.376,300.5,-8.21,4.43
1786957015.908,9573,1,1,1,1,1,heartbeat,0,9.06,0.58,15.5,33.0,1,table,0.0031,table,1,37.496677,126.957893,0.228,0.0,1,37.496712,126.957802,0.376,300.5,-7.96,4.33
1786957016.118,9574,1,1,1,1,1,heartbeat,0,8.86,0.65,13.72,33.0,1,table,0.0018,table,1,37.496677,126.957893,0.228,0.0,1,37.496712,126.957802,0.376,300.5,-7.77,4.26
1786957016.327,9577,1,1,1,1,1,heartbeat,0,9.35,-0.46,9999.0,30.0,0,ttc_capped,0.0013,table,1,37.496677,126.957893,0.302,0.0,1,37.496712,126.957809,0.571,300.5,-8.21,4.49
1786957016.529,9579,1,1,1,1,1,heartbeat,0,9.3,-0.53,9999.0,30.0,0,ttc_capped,0.0014,table,1,37.496677,126.957893,0.324,0.0,1,37.496712,126.957809,0.571,300.5,-8.15,4.49
1786957016.824,9582,1,1,1,1,1,heartbeat,0,9.35,-0.55,9999.0,30.0,0,ttc_capped,0.0008,table,1,37.496681,126.957886,0.202,0.0,1,37.496712,126.957809,0.571,300.5,-8.19,4.51
1786957017.033,9584,1,1,1,1,1,heartbeat,0,9.3,-0.56,9999.0,30.0,0,ttc_capped,0.0008,table,1,37.496681,126.957886,0.23,0.0,1,37.496712,126.957809,0.571,300.5,-8.14,4.5
1786957017.244,9585,1,1,1,1,1,heartbeat,0,9.24,-0.64,9999.0,30.0,0,ttc_capped,0.0014,table,1,37.496681,126.957886,0.23,0.0,1,37.496716,126.957809,0.754,300.5,-8.07,4.51
1786957017.447,9587,1,1,1,1,1,heartbeat,0,9.28,-0.71,9999.0,30.0,0,ttc_capped,0.0014,table,1,37.496685,126.957893,0.306,7.65,1,37.496716,126.957809,0.754,300.5,-8.1,4.54
1786957017.647,9587,1,1,1,1,1,heartbeat,0,9.34,-0.74,9999.0,30.0,0,ttc_capped,0.0014,table,1,37.496685,126.957893,0.306,7.65,1,37.496716,126.957809,0.754,300.5,-8.12,4.61
1786957017.879,9592,1,1,1,1,1,heartbeat,0,9.41,-0.74,9999.0,30.0,0,ttc_capped,0.0008,table,1,37.496685,126.957893,0.328,7.65,1,37.496716,126.957809,0.754,300.5,-8.19,4.63
1786957018.156,9593,1,1,1,1,1,heartbeat,0,9.48,-0.75,9999.0,30.0,0,ttc_capped,0.0014,table,1,37.496685,126.957893,0.328,7.65,1,37.496716,126.957809,0.754,300.5,-8.23,4.69
1786957018.258,9595,0,0,1,1,1,change,0,9.51,-0.81,9999.0,30.0,0,ttc_capped,0.0014,table,1,37.496689,126.957893,0.271,7.65,1,37.496716,126.957809,0.889,300.5,-8.27,4.7
1786957018.46,9597,0,0,0,0,1,heartbeat,0,9.58,-0.86,9999.0,30.0,0,ttc_capped,0.0014,table,1,37.496689,126.957893,0.256,7.65,1,37.496716,126.957809,0.889,300.5,-8.34,4.72
1786957018.664,9599,0,0,0,0,1,heartbeat,0,9.66,-0.87,9999.0,30.0,0,ttc_capped,0.0014,table,1,37.496685,126.957893,0.296,7.65,1,37.496716,126.957809,0.889,300.5,-8.41,4.75
1786957018.878,9601,0,0,0,0,1,heartbeat,0,9.75,-0.88,9999.0,30.0,0,ttc_capped,0.0014,table,1,37.496685,126.957893,0.372,0.0,1,37.496719,126.957809,0.889,300.5,-8.49,4.79
1786957019.096,9603,0,0,0,0,1,heartbeat,0,9.85,-0.88,9999.0,30.0,0,ttc_capped,0.0014,table,1,37.496685,126.957893,0.397,0.0,1,37.496719,126.957809,0.889,300.5,-8.58,4.85
1786957019.302,9605,0,0,0,0,1,heartbeat,0,9.92,-0.88,9999.0,30.0,0,ttc_capped,0.0013,table,1,37.496685,126.957893,0.411,0.0,1,37.496719,126.957817,0.995,325.77,-8.61,4.93
1786957019.504,9607,0,0,0,0,1,heartbeat,0,9.98,-0.88,9999.0,30.0,0,ttc_capped,0.0014,table,1,37.496685,126.957901,0.431,0.0,1,37.496719,126.957817,0.995,325.77,-8.61,5.04
1786957019.71,9609,0,0,0,0,1,heartbeat,0,10.05,-0.89,9999.0,25.0,0,ttc_capped,0.0014,table,1,37.496685,126.957901,0.462,0.0,1,37.496719,126.957817,0.995,325.77,-8.63,5.15
1786957019.914,9611,0,0,0,0,1,heartbeat,0,10.12,-0.89,9999.0,25.0,0,ttc_capped,0.0014,table,1,37.496685,126.957901,0.412,0.0,1,37.496719,126.957817,0.995,325.77,-8.65,5.25
1786957020.124,9613,0,0,0,0,1,heartbeat,0,10.19,-0.89,9999.0,25.0,0,ttc_capped,0.0014,table,1,37.496689,126.957901,0.495,0.0,1,37.496719,126.957817,0.995,325.77,-8.67,5.35
1786957020.329,9615,0,0,0,0,1,heartbeat,0,10.15,-0.62,9999.0,25.0,0,ttc_capped,0.0022,table,1,37.496689,126.957909,0.613,0.0,1,37.496719,126.957832,1.056,3.65,-8.56,5.47
1786957020.541,9617,0,0,0,0,1,heartbeat,0,10.12,-0.57,9999.0,25.0,0,ttc_capped,0.0004,table,1,37.496689,126.957909,0.586,0.0,1,37.496719,126.957832,1.056,3.65,-8.45,5.57
1786957020.749,9619,0,0,0,0,1,heartbeat,0,10.12,-0.6,9999.0,25.0,0,ttc_capped,0.0001,table,1,37.496689,126.957909,0.545,0.0,1,37.496719,126.957832,1.056,3.65,-8.4,5.64
1786957020.959,9621,0,0,0,0,1,heartbeat,0,10.08,-0.54,9999.0,25.0,0,ttc_capped,0.0013,table,1,37.496689,126.957909,0.426,0.0,1,37.496723,126.957832,1.056,3.65,-8.23,5.81
1786957021.173,9623,0,0,0,0,1,heartbeat,0,10.08,-0.55,9999.0,25.0,0,ttc_capped,0.0013,table,1,37.496689,126.957909,0.358,0.0,1,37.496723,126.957832,1.056,3.65,-8.14,5.94
1786957021.383,9625,0,0,0,0,1,heartbeat,0,9.97,-0.2,9999.0,30.0,0,ttc_capped,0.0068,table,1,37.496689,126.957916,0.305,0.0,1,37.496719,126.95784,1.009,32.85,-7.96,6.0
1786957021.587,9627,0,0,0,0,1,heartbeat,0,9.85,-0.11,9999.0,30.0,0,ttc_capped,0.0008,table,1,37.496693,126.957916,0.263,0.0,1,37.496719,126.95784,1.009,32.85,-7.78,6.03
1786957021.791,9629,0,0,0,0,1,heartbeat,0,9.72,-0.09,9999.0,30.0,0,ttc_capped,0.0008,table,1,37.496693,126.957916,0.203,0.0,1,37.496719,126.957848,1.009,32.85,-7.59,6.07
1786957021.994,9631,0,0,0,0,1,heartbeat,0,9.58,-0.1,9999.0,30.0,0,ttc_capped,0.0008,table,1,37.496696,126.957916,0.183,0.0,1,37.496719,126.957848,1.009,32.85,-7.39,6.09
1786957022.205,9633,0,0,0,0,1,heartbeat,0,9.44,-0.11,9999.0,30.0,0,ttc_capped,0.0008,table,1,37.4967,126.957916,0.134,0.0,1,37.496719,126.957848,1.009,32.85,-7.2,6.11
1786957022.414,9635,0,0,0,0,1,heartbeat,0,9.2,0.18,50.63,6.6,0,ttc_capped,0.0045,table,1,37.4967,126.957916,0.167,346.4,1,37.496716,126.957855,0.993,57.72,-6.94,6.05
1786957022.627,9637,0,0,0,0,1,heartbeat,0,8.97,0.26,34.86,6.6,0,ttc_capped,0.0266,table,1,37.4967,126.957916,0.157,346.4,1,37.496716,126.957855,0.993,57.72,-6.68,5.99
1786957022.836,9639,0,0,0,0,1,heartbeat,0,8.75,0.27,32.28,6.6,0,ttc_capped,0.0244,table,1,37.496704,126.957916,0.124,346.4,1,37.496716,126.957855,0.993,57.72,-6.43,5.93
1786957023.049,9641,0,0,0,0,1,heartbeat,0,8.53,0.26,32.18,6.6,0,ttc_capped,0.0148,table,1,37.496704,126.957916,0.131,346.4,1,37.496716,126.957855,0.993,57.72,-6.19,5.86
1786957023.259,9643,0,0,0,0,1,heartbeat,0,8.32,0.25,32.84,6.6,0,ttc_capped,0.0148,table,1,37.496704,126.957916,0.161,346.4,1,37.496716,126.957855,0.993,57.72,-5.97,5.8
1786957023.476,9645,0,0,0,0,1,heartbeat,0,8.05,0.37,21.95,7.67,0,table,0.0123,table,1,37.496708,126.957909,0.148,346.4,1,37.496716,126.957863,0.813,73.88,-5.72,5.67
1786957023.685,9647,0,0,0,0,1,heartbeat,0,7.79,0.4,19.7,9.97,0,table,0.0116,table,1,37.496708,126.957909,0.121,346.4,1,37.496716,126.957863,0.813,73.88,-5.48,5.54
1786957023.898,9649,0,0,0,0,1,heartbeat,0,7.54,0.4,18.93,11.34,0,table,0.0116,table,1,37.496712,126.957909,0.212,0.0,1,37.496716,126.957863,0.813,73.88,-5.24,5.41
1786957024.103,9650,0,0,0,0,1,heartbeat,0,7.26,0.39,18.56,12.51,0,table,0.0091,table,1,37.496712,126.957909,0.212,0.0,1,37.496716,126.957863,0.813,73.88,-4.98,5.28
1786957024.308,9652,0,0,0,0,1,heartbeat,0,7.03,0.28,25.16,13.67,0,table,0.008,table,1,37.496716,126.957909,0.268,0.0,1,37.496716,126.95787,0.468,73.88,-4.81,5.13
1786957024.513,9654,0,0,0,0,1,heartbeat,0,6.81,0.25,27.75,14.73,0,table,0.0088,table,1,37.496719,126.957909,0.226,0.0,1,37.496716,126.95787,0.468,73.88,-4.65,4.98
1786957024.714,9656,0,0,0,0,1,heartbeat,0,6.6,0.23,28.15,15.7,0,table,0.0088,table,1,37.496719,126.957909,0.154,0.0,1,37.496716,126.95787,0.468,73.88,-4.5,4.83
1786957024.944,9659,0,0,0,0,1,heartbeat,0,6.35,0.23,27.39,16.89,0,table,0.0024,table,1,37.496723,126.957901,0.172,0.0,1,37.496716,126.95787,0.468,73.88,-4.33,4.64
1786957025.158,9661,0,0,0,0,1,heartbeat,0,6.13,0.23,26.73,17.88,0,table,0.0013,table,1,37.496727,126.957901,0.209,0.0,1,37.496716,126.95787,0.468,73.88,-4.17,4.48
1786957025.232,9661,1,1,0,0,1,change,0,6.05,0.32,18.83,22.8,1,table,0.0069,table,1,37.496727,126.957901,0.209,0.0,1,37.496716,126.95787,0.491,103.9,-4.11,4.43
1786957025.434,9663,1,1,1,1,1,heartbeat,0,5.81,0.4,14.66,28.17,1,table,0.0034,table,1,37.496727,126.957901,0.185,0.0,1,37.496716,126.95787,0.491,103.9,-3.96,4.24
1786957025.636,9665,1,1,1,1,1,heartbeat,0,5.56,0.42,13.28,30.35,1,table,0.0007,table,1,37.496731,126.957901,0.194,0.0,1,37.496716,126.95787,0.491,103.9,-3.82,4.04
1786957025.838,9667,1,1,1,1,1,heartbeat,0,5.33,0.43,12.51,31.52,1,table,0.0005,table,1,37.496731,126.957901,0.22,0.0,1,37.496716,126.95787,0.491,103.9,-3.69,3.85
1786957026.04,9669,1,1,1,1,1,heartbeat,0,5.1,0.43,11.88,40.31,1,table,0.0001,table,1,37.496735,126.957901,0.22,0.0,1,37.496716,126.95787,0.491,103.9,-3.56,3.65
1786957026.248,9671,1,1,1,1,1,heartbeat,0,4.87,0.44,11.09,41.0,1,table,0.0001,table,1,37.496738,126.957901,0.194,0.0,1,37.496716,126.95787,0.331,103.9,-3.43,3.46
1786957026.454,9673,1,1,1,1,1,heartbeat,0,4.64,0.47,9.79,41.0,1,table,0.0001,table,1,37.496738,126.957901,0.168,0.0,1,37.496716,126.95787,0.331,103.9,-3.3,3.26
1786957026.66,9675,1,1,1,1,1,heartbeat,0,4.4,0.53,8.22,41.0,1,table,0.0002,table,1,37.496738,126.957901,0.149,0.0,1,37.496716,126.95787,0.331,103.9,-3.17,3.04
1786957026.762,9676,2,2,1,1,1,change,0,4.27,0.58,7.42,48.0,2,table,0.0003,table,1,37.496738,126.957901,0.149,284.07,1,37.496716,126.95787,0.331,103.9,-3.11,2.92
1786957026.974,9678,2,2,2,2,1,heartbeat,0,3.97,0.67,5.94,48.0,2,table,0.001,table,1,37.496742,126.957893,0.118,284.07,1,37.496716,126.95787,0.331,103.9,-2.96,2.65
1786957027.184,9680,2,2,2,2,1,heartbeat,0,3.66,0.76,4.83,53.0,2,table,0.0006,table,1,37.496742,126.957893,0.176,284.07,1,37.496716,126.95787,0.331,103.9,-2.81,2.34
1786957027.394,9682,2,2,2,2,1,heartbeat,0,3.35,0.82,4.11,53.0,2,table,0.0024,table,1,37.496746,126.957893,0.237,284.07,1,37.496716,126.95787,0.191,103.9,-2.69,2.0
1786957027.598,9684,2,2,2,2,1,heartbeat,0,3.09,0.82,3.75,53.0,2,table,0.0007,table,1,37.496746,126.957893,0.294,284.07,1,37.496716,126.95787,0.191,103.9,-2.59,1.67
1786957027.798,9686,2,2,2,2,1,heartbeat,0,2.88,0.78,3.7,53.0,2,table,0.0005,table,1,37.496746,126.957893,0.337,284.07,1,37.496716,126.95787,0.191,103.9,-2.53,1.38
1786957028.01,9688,2,2,2,2,1,heartbeat,0,2.71,0.69,3.92,53.0,2,table,0.0005,table,1,37.496746,126.957886,0.32,284.07,1,37.496716,126.95787,0.191,103.9,-2.47,1.11
1786957028.215,9690,2,2,2,2,1,heartbeat,0,2.59,0.59,4.42,53.0,2,table,0.0005,table,1,37.496746,126.957886,0.255,0.0,1,37.496716,126.95787,0.191,103.9,-2.43,0.9
1786957028.422,9692,2,2,2,2,1,heartbeat,0,2.51,0.48,5.28,48.0,2,table,0.0011,table,1,37.49675,126.957886,0.228,265.42,1,37.496716,126.95787,0.186,103.9,-2.41,0.72
1786957028.634,9694,2,2,2,2,1,heartbeat,0,2.46,0.37,6.61,48.0,2,table,0.0003,table,1,37.49675,126.957886,0.212,265.59,1,37.496716,126.95787,0.186,103.9,-2.4,0.56
1786957028.846,9696,2,2,2,2,1,heartbeat,0,2.43,0.28,8.62,41.0,1,table,0.0002,table,1,37.49675,126.957886,0.237,265.59,1,37.496716,126.95787,0.186,103.9,-2.39,0.44
1786957029.058,9698,2,2,2,2,1,heartbeat,0,2.38,0.22,10.84,41.0,1,table,0.0001,table,1,37.49675,126.957878,0.278,265.59,1,37.496716,126.95787,0.186,103.9,-2.36,0.3
1786957029.266,9700,2,2,2,2,1,heartbeat,0,2.37,0.15,15.99,33.0,1,table,0.0012,table,1,37.496754,126.957878,0.276,279.4,1,37.496716,126.95787,0.186,103.9,-2.36,0.23
1786957029.477,9702,2,2,2,2,1,heartbeat,0,2.36,0.09,25.46,33.0,1,table,0.0013,table,1,37.496754,126.957878,0.21,279.71,1,37.496716,126.95787,0.144,103.9,-2.35,0.16
1786957029.702,9704,2,2,2,2,1,heartbeat,0,2.35,0.05,46.83,33.0,0,ttc_capped,0.0013,table,1,37.496754,126.957878,0.21,279.71,1,37.496716,126.95787,0.144,103.9,-2.34,0.1
1786957029.911,9705,2,2,2,2,1,heartbeat,0,2.37,0.01,166.24,33.0,0,ttc_capped,0.0074,table,1,37.496754,126.957878,0.21,279.71,1,37.496716,126.95787,0.144,103.9,-2.36,0.13
1786957030.129,9708,2,2,2,2,1,heartbeat,0,2.35,-0.01,9999.0,30.0,0,ttc_capped,0.0021,table,1,37.496758,126.957878,0.238,271.19,1,37.496716,126.95787,0.144,103.9,-2.35,0.06
1786957030.347,9710,2,2,2,2,1,heartbeat,0,2.14,0.13,16.74,33.0,1,table,0.0006,table,1,37.496758,126.957878,0.213,271.19,1,37.496712,126.957878,0.103,103.9,-2.14,-0.1
1786957030.625,9712,2,2,2,2,1,heartbeat,0,1.91,0.23,8.4,41.0,1,table,0.0,table,1,37.496758,126.957878,0.194,266.83,1,37.496712,126.957878,0.103,103.9,-1.89,-0.31
1786957030.826,9714,2,2,2,2,1,heartbeat,0,1.8,0.24,7.4,48.0,2,table,0.0001,table,1,37.496758,126.957878,0.171,265.05,1,37.496712,126.957878,0.103,103.9,-1.74,-0.46
1786957031.061,9717,2,2,2,2,1,heartbeat,0,1.72,0.22,7.72,48.0,2,table,0.0001,table,1,37.496758,126.957878,0.155,263.99,1,37.496712,126.957878,0.103,103.9,-1.59,-0.65
1786957031.275,9719,2,2,2,2,1,heartbeat,0,1.68,0.2,8.54,41.0,1,table,0.0001,table,1,37.496761,126.957878,0.153,259.18,1,37.496712,126.957878,0.09,103.9,-1.49,-0.78
1786957031.525,9720,2,2,2,2,1,heartbeat,0,1.65,0.17,9.68,41.0,1,table,0.0003,table,1,37.496761,126.957878,0.153,258.6,1,37.496712,126.957878,0.09,103.9,-1.43,-0.84
1786957031.801,9724,2,2,2,2,1,heartbeat,0,1.67,0.13,13.18,33.0,1,table,0.0003,table,1,37.496761,126.957878,0.14,256.81,1,37.496712,126.957878,0.09,103.9,-1.33,-1.0
1786957032.014,9726,2,2,2,2,1,heartbeat,0,1.69,0.1,17.11,33.0,1,table,0.0007,table,1,37.496761,126.957878,0.143,256.81,1,37.496712,126.957878,0.09,103.9,-1.29,-1.1
1786957032.221,9728,2,2,2,2,1,heartbeat,0,1.73,0.08,22.76,33.0,1,table,0.0016,table,1,37.496761,126.957878,0.136,254.31,1,37.496712,126.957878,0.09,103.9,-1.26,-1.18
1786957032.431,9730,2,2,2,2,1,heartbeat,0,1.77,0.06,30.93,33.0,0,ttc_capped,0.0016,table,1,37.496761,126.957878,0.134,253.75,1,37.496712,126.957878,0.089,103.9,-1.23,-1.27
1786957032.644,9732,2,2,2,2,1,heartbeat,0,1.81,0.04,42.76,33.0,0,ttc_capped,0.0004,table,1,37.496761,126.957878,0.148,253.55,1,37.496712,126.957878,0.089,103.9,-1.22,-1.34
1786957032.859,9734,2,2,2,2,1,heartbeat,0,1.86,0.03,60.25,33.0,0,ttc_capped,0.0004,table,1,37.496761,126.957878,0.161,254.95,1,37.496712,126.957878,0.089,103.9,-1.2,-1.42
1786957033.064,9735,2,2,2,2,1,heartbeat,0,1.89,0.02,85.94,33.0,0,ttc_capped,0.0048,table,1,37.496761,126.957878,0.161,255.42,1,37.496712,126.957878,0.089,103.9,-1.22,-1.44
1786957033.175,9737,0,0,2,2,1,change,0,1.93,0.02,103.35,33.0,0,ttc_capped,0.0004,table,1,37.496761,126.957878,0.148,256.38,1,37.496712,126.957878,0.089,103.9,-1.18,-1.52
1786957033.384,9739,0,0,0,2,1,heartbeat,0,1.98,0.01,139.49,33.0,0,ttc_capped,0.0004,table,1,37.496761,126.957878,0.134,256.98,1,37.496712,126.957878,0.089,103.9,-1.16,-1.6
1786957033.594,9741,0,0,0,2,1,heartbeat,0,2.01,0.01,178.98,33.0,0,ttc_capped,0.0004,table,1,37.496761,126.95787,0.098,257.28,1,37.496712,126.957878,0.089,103.9,-1.11,-1.68
1786957043.964,9839,2,2,0,0,1,change,0,2.87,1.13,2.55,58.0,2,table,0.0654,table,1,37.496731,126.95787,1.122,0.0,1,37.496712,126.957878,0.057,103.9,0.94,-2.71
1786957044.282,9842,3,3,2,2,1,change,0,1.46,1.7,0.86,68.0,3,safety_floor,0.4347,table,1,37.496727,126.95787,1.062,0.0,1,37.496723,126.95787,0.427,311.61,0.53,-1.36
1786957044.494,9844,3,3,3,3,1,heartbeat,0,0.54,1.62,0.33,68.0,3,safety_floor,0.004,table,1,37.496723,126.95787,1.052,0.0,1,37.496727,126.95787,0.427,311.61,0.31,-0.43
1786957044.704,9846,3,3,3,3,1,heartbeat,0,0.3,-2.03,9999.0,30.0,0,ttc_capped,0.0001,table,1,37.496719,126.957878,1.057,0.0,1,37.496727,126.95787,0.427,311.61,-0.0,0.3
1786957044.916,9848,3,3,3,3,1,heartbeat,0,0.94,-2.14,9999.0,30.0,0,ttc_capped,0.0001,table,1,37.496716,126.957878,0.993,0.0,1,37.496727,126.95787,0.427,311.61,-0.26,0.91
1786957045.13,9850,3,3,3,3,1,heartbeat,0,1.54,-2.17,9999.0,30.0,0,ttc_capped,0.0001,table,1,37.496712,126.957878,0.919,0.0,1,37.496727,126.957863,0.427,311.61,-0.6,1.42
1786957045.42,9853,3,3,3,3,1,heartbeat,0,2.34,-2.4,9999.0,30.0,0,ttc_capped,0.0001,table,1,37.496704,126.957878,0.947,0.0,1,37.496723,126.957863,0.635,306.6,-0.95,2.14
1786957045.635,9854,3,3,3,3,1,heartbeat,0,2.89,-2.47,9999.0,30.0,0,ttc_capped,0.0001,table,1,37.496704,126.957878,0.947,0.0,1,37.496727,126.957863,0.635,306.6,-1.17,2.64
1786957045.842,9857,3,3,3,3,1,heartbeat,0,3.39,-2.46,9999.0,30.0,0,ttc_capped,0.0001,table,1,37.4967,126.957878,0.916,0.0,1,37.496727,126.957863,0.635,306.6,-1.35,3.11
1786957046.054,9858,3,3,3,3,1,heartbeat,0,3.93,-2.5,9999.0,30.0,0,ttc_capped,0.0001,table,1,37.496696,126.957878,0.916,0.0,1,37.496727,126.957863,0.635,306.6,-1.5,3.63
1786957046.256,9859,3,3,3,3,1,heartbeat,0,4.38,-2.48,9999.0,30.0,0,ttc_capped,0.0001,table,1,37.496696,126.957878,0.866,0.0,1,37.496727,126.957863,0.635,306.6,-1.63,4.07
1786957046.456,9861,3,3,3,3,1,heartbeat,0,4.73,-2.39,9999.0,30.0,0,ttc_capped,0.0001,table,1,37.496696,126.957878,0.849,0.0,1,37.496727,126.957863,0.635,306.6,-1.74,4.39
1786957046.657,9864,3,3,3,3,1,heartbeat,0,4.94,-2.22,9999.0,30.0,0,ttc_capped,0.0001,table,1,37.496693,126.957878,0.845,0.0,1,37.496727,126.957863,0.635,306.6,-1.8,4.6
1786957046.681,9865,0,0,3,3,1,change,0,4.96,-2.19,9999.0,30.0,0,ttc_capped,0.0001,table,1,37.496689,126.957878,0.83,0.0,1,37.496727,126.957863,0.635,306.6,-1.79,4.62
1786957046.908,9867,0,0,0,0,1,heartbeat,0,5.22,-2.04,9999.0,30.0,0,ttc_capped,0.0001,table,1,37.496689,126.95787,0.81,0.0,1,37.496727,126.957863,0.635,306.6,-1.74,4.92
1786957047.11,9869,0,0,0,0,1,heartbeat,0,5.48,-1.96,9999.0,30.0,0,ttc_capped,0.0001,table,1,37.496685,126.95787,0.836,0.0,1,37.496727,126.957863,0.635,306.6,-1.58,5.24
1786957047.316,9871,0,0,0,0,1,heartbeat,0,5.71,-1.49,9999.0,30.0,0,ttc_capped,0.0001,table,1,37.496681,126.95787,0.887,0.0,1,37.496727,126.957863,0.635,126.78,-1.44,5.53
1786957047.526,9873,0,0,0,0,1,heartbeat,0,5.9,-1.16,9999.0,30.0,0,ttc_capped,0.0001,table,1,37.496677,126.95787,0.976,0.0,1,37.496727,126.957863,0.635,125.9,-1.21,5.77
1786957047.736,9875,0,0,0,0,1,heartbeat,0,6.11,-1.12,9999.0,30.0,0,ttc_capped,0.0001,table,1,37.496674,126.95787,0.998,0.0,1,37.496727,126.957863,0.635,122.62,-0.98,6.03
1786957047.948,9877,0,0,0,0,1,heartbeat,0,6.34,-1.13,9999.0,30.0,0,ttc_capped,0.0001,table,1,37.49667,126.95787,0.993,0.0,1,37.496727,126.957863,0.635,125.31,-0.76,6.29
1786957048.177,9878,0,0,0,0,1,heartbeat,0,6.58,-1.12,9999.0,30.0,0,ttc_capped,0.0001,table,1,37.49667,126.95787,1.0,0.0,1,37.496727,126.957863,0.635,129.61,-0.57,6.55
1786957051.249,9908,0,0,0,0,1,heartbeat,0,9.61,-0.79,9999.0,30.0,0,ttc_capped,0.0011,table,1,37.496651,126.957863,0.39,350.24,1,37.496807,126.957809,0.53,297.3,-1.08,9.55
1786957051.479,9910,0,0,0,0,1,heartbeat,0,11.09,-0.6,9999.0,25.0,0,ttc_capped,0.0009,table,1,37.496651,126.957863,0.383,350.01,1,37.496807,126.957802,0.53,297.3,-1.94,10.92
1786957051.762,9911,0,0,0,0,1,heartbeat,0,12.76,-0.45,9999.0,25.0,0,ttc_capped,0.0008,table,1,37.496651,126.957863,0.383,348.76,1,37.496807,126.957802,0.53,297.3,-2.9,12.42
1786957051.979,9914,0,0,0,0,1,heartbeat,0,13.61,-0.41,9999.0,25.0,0,ttc_capped,0.0008,table,1,37.496651,126.957855,0.281,347.31,1,37.496811,126.957802,0.53,297.3,-3.32,13.2
1786957052.187,9916,0,0,0,0,1,heartbeat,0,14.27,-0.39,9999.0,25.0,0,ttc_capped,0.0008,table,1,37.496651,126.957855,0.242,346.34,1,37.496811,126.957802,0.53,297.3,-3.65,13.8
1786957052.407,9919,0,0,0,0,1,heartbeat,0,14.78,-0.39,9999.0,25.0,0,ttc_capped,0.0008,table,1,37.496655,126.957863,0.22,345.3,1,37.496811,126.957802,0.53,297.3,-3.94,14.24
1786957052.619,9921,0,0,0,0,1,heartbeat,0,15.2,-0.39,9999.0,25.0,0,ttc_capped,0.0007,table,1,37.496655,126.957863,0.185,344.72,1,37.496811,126.957802,0.53,297.3,-4.18,14.61
1786957052.821,9923,0,0,0,0,1,heartbeat,0,15.36,-0.39,9999.0,25.0,0,ttc_capped,0.0007,table,1,37.496662,126.957863,0.16,344.14,1,37.496811,126.957802,0.53,297.3,-4.33,14.74
1786957053.023,9925,0,0,0,0,1,heartbeat,0,15.63,-0.39,9999.0,25.0,0,ttc_capped,0.0007,table,1,37.496666,126.95787,0.153,343.92,1,37.496811,126.957802,0.53,297.3,-4.54,14.96
1786957053.229,9927,0,0,0,0,1,heartbeat,0,15.84,-0.39,9999.0,25.0,0,ttc_capped,0.0007,table,1,37.49667,126.95787,0.13,343.69,1,37.496811,126.957802,0.53,297.3,-4.74,15.12
1786957053.441,9929,0,0,0,0,1,heartbeat,0,15.86,0.18,89.67,6.55,0,ttc_capped,0.002,table,1,37.496674,126.95787,0.128,343.2,1,37.496811,126.957802,0.53,128.6,-4.77,15.13
1786957053.665,9931,0,0,0,0,1,heartbeat,0,15.71,0.18,88.61,7.2,0,ttc_capped,0.0075,table,1,37.496677,126.957878,0.119,342.86,1,37.496811,126.957802,0.53,128.6,-4.78,14.96
1786957053.871,9933,0,0,0,0,1,heartbeat,0,15.67,0.41,38.25,5.6,0,ttc_capped,0.0018,table,1,37.496681,126.957878,0.13,342.84,1,37.496811,126.957802,0.53,130.86,-4.81,14.91
1786957054.075,9935,0,0,0,0,1,heartbeat,0,15.62,0.44,35.67,5.6,0,ttc_capped,0.0018,table,1,37.496685,126.957878,0.14,342.54,1,37.496811,126.957802,0.53,133.1,-4.85,14.85
1786957054.285,9937,0,0,0,0,1,heartbeat,0,15.48,0.44,34.96,5.6,0,ttc_capped,0.0018,table,1,37.496689,126.957878,0.152,342.44,1,37.496811,126.957802,0.53,131.61,-4.85,14.7
1786957057.297,9965,1,1,0,0,1,change,0,10.93,1.13,9.7,36.0,1,table,0.003,table,1,37.496704,126.957893,0.225,0.0,1,37.496681,126.957825,0.697,127.65,-4.17,10.11
1786957057.499,9967,1,1,1,1,1,heartbeat,0,9.09,0.92,9.83,41.0,1,table,0.0002,table,1,37.496704,126.957893,0.2,0.0,1,37.496677,126.957825,0.697,127.65,-4.19,8.06
1786957057.701,9969,1,1,1,1,1,heartbeat,0,7.71,0.79,9.76,41.0,1,table,0.0001,table,1,37.496708,126.957893,0.252,0.0,1,37.496677,126.957825,0.697,127.65,-4.21,6.46
1786957057.979,9972,1,1,1,1,1,heartbeat,0,6.96,0.76,9.17,41.0,1,table,0.0001,table,1,37.496708,126.957893,0.344,0.0,1,37.496677,126.957832,0.697,127.65,-4.11,5.62
1786957058.192,9974,1,1,1,1,1,heartbeat,0,6.39,0.73,8.72,41.0,1,table,0.0,table,1,37.496708,126.957893,0.452,0.0,1,37.496677,126.957832,0.697,127.65,-4.04,4.96
1786957058.215,9974,2,2,1,1,1,change,0,6.04,0.8,7.56,48.0,2,table,0.0002,table,1,37.496708,126.957893,0.452,0.0,1,37.49667,126.957832,0.824,126.12,-4.01,4.51
1786957058.418,9975,2,2,2,2,1,heartbeat,0,5.3,0.83,6.37,48.0,2,table,0.0001,table,1,37.496708,126.957893,0.449,0.0,1,37.496666,126.95784,0.824,126.12,-3.88,3.62
1786957058.636,9978,2,2,2,2,1,heartbeat,0,4.69,0.84,5.57,48.0,2,table,0.0003,table,1,37.496712,126.957893,0.377,0.0,1,37.496666,126.95784,0.824,126.12,-3.71,2.86
1786957058.844,9980,2,2,2,2,1,heartbeat,0,4.21,0.84,5.03,48.0,2,table,0.0004,table,1,37.496708,126.957893,0.359,0.0,1,37.496666,126.95784,0.824,126.12,-3.59,2.19
1786957059.046,9982,2,2,2,2,1,heartbeat,0,3.91,0.83,4.74,53.0,2,table,0.0012,table,1,37.496708,126.957886,0.348,0.0,1,37.496662,126.95784,0.824,126.12,-3.49,1.78
1786957059.248,9984,2,2,2,2,1,heartbeat,0,3.52,0.97,3.63,53.0,2,table,0.0006,table,1,37.496708,126.957886,0.403,0.0,1,37.496658,126.957848,1.204,126.44,-3.32,1.18
1786957059.458,9986,2,2,2,2,1,heartbeat,0,3.16,1.04,3.04,53.0,2,table,0.0005,table,1,37.496708,126.957886,0.327,0.0,1,37.496658,126.957848,1.204,126.44,-3.1,0.61
1786957059.676,9988,2,2,2,2,1,heartbeat,0,2.84,0.98,2.89,58.0,2,table,0.0001,table,1,37.496708,126.957886,0.333,0.0,1,37.496658,126.957855,1.204,126.44,-2.84,0.1
1786957059.886,9990,2,2,2,2,1,heartbeat,0,2.64,0.85,3.1,53.0,2,table,0.0004,table,1,37.496708,126.957886,0.326,0.0,1,37.496655,126.957855,1.204,126.44,-2.61,-0.38
1786957060.092,9992,2,2,2,2,1,heartbeat,0,2.52,0.7,3.62,53.0,2,table,0.0003,table,1,37.496708,126.957886,0.317,0.0,1,37.496655,126.957855,1.204,126.44,-2.4,-0.78
1786957060.31,9994,2,2,2,2,1,heartbeat,0,2.48,0.48,5.15,48.0,2,table,0.0004,table,1,37.496708,126.957886,0.314,0.0,1,37.496658,126.957863,0.962,125.06,-2.19,-1.15
1786957060.528,9996,2,2,2,2,1,heartbeat,0,2.49,0.3,8.27,41.0,1,table,0.0001,table,1,37.496708,126.957886,0.346,0.0,1,37.496655,126.957863,0.962,125.06,-2.0,-1.49
1786957060.731,9998,2,2,2,2,1,heartbeat,0,2.56,0.17,15.37,32.88,1,table,0.0008,table,1,37.496708,126.957886,0.43,13.46,1,37.496655,126.957863,0.962,125.06,-1.83,-1.79
1786957060.937,10000,2,2,2,2,1,heartbeat,0,2.66,0.04,69.15,32.15,0,ttc_capped,0.0002,table,1,37.496708,126.957886,0.483,13.24,1,37.496655,126.957863,0.962,125.06,-1.66,-2.08
1786957061.148,10002,2,2,2,2,1,heartbeat,0,2.78,-0.12,9999.0,30.0,0,ttc_capped,0.0004,table,1,37.496708,126.957886,0.559,13.24,1,37.496651,126.95787,0.962,125.06,-1.47,-2.36
1786957061.359,10004,2,2,2,2,1,heartbeat,0,3.01,-0.36,9999.0,30.0,0,ttc_capped,0.0001,table,1,37.496708,126.957893,0.536,13.24,1,37.496651,126.95787,1.273,119.35,-1.3,-2.71
1786957061.57,10006,2,2,2,2,1,heartbeat,0,3.36,-0.71,9999.0,30.0,0,ttc_capped,0.0001,table,1,37.496708,126.957893,0.458,13.24,1,37.496651,126.957878,1.273,119.35,-1.14,-3.16
1786957061.779,10007,2,2,2,2,1,heartbeat,0,3.37,-0.37,9999.0,30.0,0,ttc_capped,0.0004,table,1,37.496708,126.957893,0.365,13.24,1,37.496651,126.957878,1.273,119.35,-0.81,-3.28
1786957061.98,10009,2,2,2,2,1,heartbeat,0,3.61,-0.43,9999.0,30.0,0,ttc_capped,0.0012,table,1,37.496708,126.957893,0.284,343.57,1,37.496647,126.957878,1.273,119.35,-0.62,-3.56
1786957062.183,10011,2,2,2,2,1,heartbeat,0,3.86,-0.5,9999.0,30.0,0,ttc_capped,0.0012,table,1,37.496708,126.957893,0.253,343.57,1,37.496647,126.957878,1.273,119.35,-0.43,-3.83
1786957062.385,10013,2,2,2,2,1,heartbeat,0,4.07,-0.47,9999.0,30.0,0,ttc_capped,0.0012,table,1,37.496708,126.957893,0.292,343.57,1,37.496647,126.957886,1.156,114.62,-0.23,-4.07
1786957062.588,10015,0,0,2,2,1,change,0,4.31,-0.49,9999.0,30.0,0,ttc_capped,0.0012,table,1,37.496708,126.957893,0.278,348.04,1,37.496643,126.957886,1.156,114.62,-0.04,-4.31
1786957062.79,10017,0,0,0,0,1,heartbeat,0,4.53,-0.53,9999.0,30.0,0,ttc_capped,0.0012,table,1,37.496708,126.957893,0.233,348.04,1,37.496643,126.957886,1.156,114.62,0.15,-4.53
1786957062.996,10019,0,0,0,0,1,heartbeat,0,4.75,-0.56,9999.0,30.0,0,ttc_capped,0.0012,table,1,37.496708,126.957893,0.22,348.04,1,37.496643,126.957893,1.156,114.62,0.34,-4.74
1786957063.202,10021,0,0,0,0,1,heartbeat,0,4.97,-0.6,9999.0,30.0,0,ttc_capped,0.0012,table,1,37.496708,126.957893,0.278,348.04,1,37.496643,126.957893,1.156,114.62,0.54,-4.94
1786957063.406,10023,0,0,0,0,1,heartbeat,0,5.19,-0.59,9999.0,30.0,0,ttc_capped,0.0012,table,1,37.496708,126.957893,0.273,348.04,1,37.496639,126.957893,1.149,111.63,0.73,-5.14
1786957063.608,10024,0,0,0,0,1,heartbeat,0,5.38,-0.61,9999.0,30.0,0,ttc_capped,0.0012,table,1,37.496708,126.957893,0.233,348.04,1,37.496639,126.957893,1.149,111.63,0.92,-5.3
1786957063.907,10028,0,0,0,0,1,heartbeat,0,5.67,-0.65,9999.0,30.0,0,ttc_capped,0.0011,table,1,37.496708,126.957893,0.268,0.0,1,37.496639,126.957901,1.149,111.63,1.2,-5.54
1786957064.115,10030,0,0,0,0,1,heartbeat,0,5.9,-0.67,9999.0,30.0,0,ttc_capped,0.0011,table,1,37.496708,126.957893,0.282,0.0,1,37.496635,126.957901,1.149,111.63,1.41,-5.73
1786957064.338,10032,0,0,0,0,1,heartbeat,0,6.15,-0.6,9999.0,30.0,0,ttc_capped,0.0017,table,1,37.496712,126.957893,0.277,0.0,1,37.496635,126.957901,0.973,109.69,1.59,-5.94
1786957064.546,10034,0,0,0,0,1,heartbeat,0,6.35,-0.58,9999.0,30.0,0,ttc_capped,0.0008,table,1,37.496716,126.957893,0.231,0.0,1,37.496635,126.957901,0.973,109.69,1.74,-6.11
1786957064.756,10036,0,0,0,0,1,heartbeat,0,6.58,-0.59,9999.0,30.0,0,ttc_capped,0.0007,table,1,37.496716,126.957893,0.182,0.0,1,37.496632,126.957909,0.973,109.69,1.9,-6.29
1786957064.968,10038,0,0,0,0,1,heartbeat,0,6.8,-0.6,9999.0,30.0,0,ttc_capped,0.0007,table,1,37.496716,126.957893,0.182,0.0,1,37.496632,126.957909,0.973,109.69,2.08,-6.47
1786957065.174,10040,0,0,0,0,1,heartbeat,0,7.01,-0.61,9999.0,30.0,0,ttc_capped,0.0013,table,1,37.496719,126.957893,0.222,0.0,1,37.496632,126.957909,0.973,109.69,2.24,-6.65
1786957065.378,10042,0,0,0,0,1,heartbeat,0,7.28,-0.8,9999.0,30.0,0,ttc_capped,0.0013,table,1,37.496719,126.957893,0.274,0.0,1,37.496628,126.957909,1.109,122.29,2.38,-6.88
1786957065.58,10044,0,0,0,0,1,heartbeat,0,7.56,-0.86,9999.0,30.0,0,ttc_capped,0.0013,table,1,37.496719,126.957893,0.342,0.0,1,37.496624,126.957909,1.109,122.29,2.53,-7.12
1786957065.79,10046,0,0,0,0,1,heartbeat,0,7.83,-0.88,9999.0,30.0,0,ttc_capped,0.0011,table,1,37.496719,126.957893,0.377,0.0,1,37.496624,126.957909,1.109,122.29,2.68,-7.36
1786957066.0,10048,0,0,0,0,1,heartbeat,0,8.11,-0.89,9999.0,30.0,0,ttc_capped,0.0007,table,1,37.496723,126.957893,0.388,0.0,1,37.496624,126.957909,1.109,122.29,2.83,-7.6
1786957066.214,10050,0,0,0,0,1,heartbeat,0,8.38,-0.89,9999.0,30.0,0,ttc_capped,0.0011,table,1,37.496723,126.957893,0.281,0.0,1,37.496624,126.957909,1.109,122.29,2.97,-7.84
1786957066.425,10052,0,0,0,0,1,heartbeat,0,8.59,-0.66,9999.0,30.0,0,ttc_capped,0.0008,table,1,37.496723,126.957893,0.267,0.0,1,37.49662,126.957909,0.696,122.29,3.04,-8.03
1786957066.638,10054,0,0,0,0,1,heartbeat,0,8.79,-0.59,9999.0,30.0,0,ttc_capped,0.0008,table,1,37.496727,126.957893,0.26,0.0,1,37.49662,126.957909,0.696,122.29,3.1,-8.23
1786957066.844,10056,0,0,0,0,1,heartbeat,0,8.99,-0.57,9999.0,30.0,0,ttc_capped,0.0008,table,1,37.496727,126.957893,0.214,0.0,1,37.49662,126.957909,0.696,122.29,3.15,-8.41
1786957067.06,10058,0,0,0,0,1,heartbeat,0,9.16,-0.56,9999.0,30.0,0,ttc_capped,0.0008,table,1,37.496727,126.957901,0.166,0.0,1,37.49662,126.957916,0.696,122.29,3.23,-8.57
1786957067.273,10060,0,0,0,0,1,heartbeat,0,9.34,-0.56,9999.0,30.0,0,ttc_capped,0.0008,table,1,37.496727,126.957901,0.144,0.0,1,37.49662,126.957916,0.696,122.29,3.29,-8.74
1786957067.491,10062,0,0,0,0,1,heartbeat,0,9.5,-0.51,9999.0,30.0,0,ttc_capped,0.0013,table,1,37.496723,126.957901,0.2,0.0,1,37.49662,126.957909,0.554,130.49,3.29,-8.91
1786957067.694,10064,0,0,0,0,1,heartbeat,0,9.63,-0.49,9999.0,30.0,0,ttc_capped,0.0011,table,1,37.496723,126.957901,0.209,0.0,1,37.49662,126.957909,0.554,130.49,3.29,-9.05
1786957067.905,10066,0,0,0,0,1,heartbeat,0,9.77,-0.48,9999.0,30.0,0,ttc_capped,0.0011,table,1,37.496723,126.957901,0.224,0.0,1,37.49662,126.957909,0.554,130.49,3.28,-9.2
1786957068.114,10068,0,0,0,0,1,heartbeat,0,9.9,-0.48,9999.0,30.0,0,ttc_capped,0.0011,table,1,37.496727,126.957901,0.328,0.0,1,37.49662,126.957909,0.554,130.49,3.28,-9.34
1786957068.325,10070,0,0,0,0,1,heartbeat,0,10.03,-0.47,9999.0,25.0,0,ttc_capped,0.0013,table,1,37.496727,126.957901,0.422,0.0,1,37.49662,126.957901,0.521,135.81,3.26,-9.49
1786957068.526,10071,0,0,0,0,1,heartbeat,0,10.11,-0.47,9999.0,25.0,0,ttc_capped,0.0013,table,1,37.496727,126.957901,0.461,0.0,1,37.49662,126.957901,0.521,135.81,3.17,-9.6
1786957068.729,10073,0,0,0,0,1,heartbeat,0,10.24,-0.5,9999.0,25.0,0,ttc_capped,0.0004,table,1,37.496727,126.957893,0.574,0.0,1,37.49662,126.957901,0.521,135.81,3.14,-9.75
1786957068.929,10075,0,0,0,0,1,heartbeat,0,10.41,-0.59,9999.0,25.0,0,ttc_capped,0.0004,table,1,37.496731,126.957893,0.589,0.0,1,37.49662,126.957901,0.521,135.81,3.11,-9.93
1786957069.134,10077,0,0,0,0,1,heartbeat,0,10.66,-0.76,9999.0,25.0,0,ttc_capped,0.0001,table,1,37.496731,126.957886,0.615,0.0,1,37.49662,126.957901,0.521,135.81,3.1,-10.2
1786957069.34,10079,0,0,0,0,1,heartbeat,0,11.0,-1.08,9999.0,25.0,0,ttc_capped,0.0001,table,1,37.496735,126.957886,0.619,0.0,1,37.496628,126.957893,0.562,139.27,3.09,-10.56
1786957069.542,10081,0,0,0,0,1,heartbeat,0,11.49,-1.44,9999.0,25.0,0,ttc_capped,0.0001,table,1,37.496735,126.957886,0.619,264.24,1,37.496628,126.957893,0.562,139.27,3.11,-11.06
1786957069.744,10083,0,0,0,0,1,heartbeat,0,12.08,-1.8,9999.0,25.0,0,ttc_capped,0.0001,table,1,37.496735,126.957878,0.672,265.24,1,37.496628,126.957893,0.562,139.27,3.22,-11.64
1786957069.946,10085,0,0,0,0,1,heartbeat,0,12.73,-2.12,9999.0,25.0,0,ttc_capped,0.0001,table,1,37.496738,126.957878,0.696,267.23,1,37.496628,126.957893,0.562,139.27,3.42,-12.26
1786957070.15,10087,0,0,0,0,1,heartbeat,0,13.35,-2.34,9999.0,25.0,0,ttc_capped,0.0001,table,1,37.496738,126.957878,0.618,270.83,1,37.496628,126.957893,0.562,139.27,3.61,-12.86
1786957070.358,10089,0,0,0,0,1,heartbeat,0,14.0,-2.53,9999.0,25.0,0,ttc_capped,0.0001,table,1,37.496742,126.957878,0.553,274.18,1,37.496628,126.957893,0.562,139.27,3.77,-13.48
1786957070.566,10091,0,0,0,0,1,heartbeat,0,14.57,-2.62,9999.0,25.0,0,ttc_capped,0.0001,table,1,37.496746,126.957878,0.525,277.62,1,37.496628,126.957893,0.562,139.27,3.9,-14.03
1786957070.788,10093,0,0,0,0,1,heartbeat,0,13.54,-0.51,9999.0,25.0,0,ttc_capped,0.0004,table,1,37.496746,126.957878,0.449,281.09,1,37.496628,126.957893,0.562,139.27,3.56,-13.07
1786957070.994,10095,0,0,0,0,1,heartbeat,0,13.74,-0.49,9999.0,25.0,0,ttc_capped,0.0008,table,1,37.496746,126.957878,0.328,281.09,1,37.496628,126.957893,0.562,139.27,3.57,-13.26
1786957071.198,10097,0,0,0,0,1,heartbeat,0,13.89,-0.49,9999.0,25.0,0,ttc_capped,0.0012,table,1,37.496746,126.957878,0.292,284.94,1,37.496628,126.957893,0.562,139.27,3.57,-13.42
1786957071.41,10099,0,0,0,0,1,heartbeat,0,14.03,-0.51,9999.0,25.0,0,ttc_capped,0.0012,table,1,37.496746,126.957878,0.233,285.73,1,37.496628,126.957893,0.562,144.97,3.56,-13.57
1786957071.62,10101,0,0,0,0,1,heartbeat,0,14.14,-0.51,9999.0,25.0,0,ttc_capped,0.0008,table,1,37.496746,126.957878,0.175,285.05,1,37.496628,126.957893,0.562,144.97,3.55,-13.69
1786957071.822,10103,0,0,0,0,1,heartbeat,0,14.24,-0.51,9999.0,25.0,0,ttc_capped,0.0008,table,1,37.496746,126.957878,0.108,285.05,1,37.496628,126.957893,0.562,144.97,3.53,-13.79
1786957072.026,10105,0,0,0,0,1,heartbeat,0,14.33,-0.51,9999.0,25.0,0,ttc_capped,0.0008,table,1,37.496746,126.957878,0.115,285.05,1,37.496628,126.957893,0.562,144.98,3.52,-13.89
1786957072.231,10107,0,0,0,0,1,heartbeat,0,14.4,-0.51,9999.0,25.0,0,ttc_capped,0.0008,table,1,37.496746,126.957878,0.221,285.05,1,37.496628,126.957893,0.562,144.97,3.5,-13.97
1786957074.262,10126,0,0,0,0,1,heartbeat,0,18.5,-3.71,9999.0,25.0,0,ttc_capped,0.0002,table,1,37.496758,126.957886,0.764,287.87,1,37.496609,126.958008,0.077,0.0,10.4,-15.3
1786957074.474,10128,0,0,0,0,1,heartbeat,0,19.28,-3.93,9999.0,25.0,0,ttc_capped,0.0018,table,1,37.496758,126.957886,1.096,287.87,1,37.496609,126.958008,0.077,0.0,11.65,-15.37
1786957074.684,10130,0,0,0,0,1,heartbeat,0,19.71,-3.74,9999.0,25.0,0,ttc_capped,0.0018,table,1,37.496754,126.957886,1.247,292.86,1,37.496609,126.958008,0.077,0.0,12.24,-15.45
1786957074.892,10132,0,0,0,0,1,heartbeat,0,20.0,-3.46,9999.0,25.0,0,ttc_capped,0.0006,table,1,37.49675,126.957886,1.313,292.86,1,37.496609,126.958008,0.077,0.0,12.6,-15.53
1786957075.104,10134,0,0,0,0,1,heartbeat,0,20.18,-3.13,9999.0,18.0,0,ttc_capped,0.0012,table,1,37.496746,126.957878,1.28,292.86,1,37.496609,126.958008,0.077,0.0,12.88,-15.53
1786957075.314,10136,0,0,0,0,1,heartbeat,0,20.25,-2.77,9999.0,18.0,0,ttc_capped,0.0052,table,1,37.496742,126.957878,1.198,292.86,1,37.496609,126.958008,0.077,0.0,13.11,-15.43
1786957075.526,10138,0,0,0,0,1,heartbeat,0,20.15,-2.32,9999.0,18.0,0,ttc_capped,0.0017,table,1,37.496735,126.957878,1.09,292.86,1,37.496609,126.958008,0.077,0.0,13.27,-15.16
1786957075.735,10140,0,0,0,0,1,heartbeat,0,20.03,-1.95,9999.0,18.0,0,ttc_capped,0.0001,table,1,37.496735,126.95787,0.968,292.86,1,37.496609,126.958008,0.077,0.0,13.45,-14.84
1786957076.013,10142,0,0,0,0,1,heartbeat,0,19.76,-1.43,9999.0,25.0,0,ttc_capped,0.0001,table,1,37.496731,126.95787,0.827,292.86,1,37.496609,126.958008,0.077,0.0,13.55,-14.38
1786957076.218,10144,0,0,0,0,1,heartbeat,0,19.57,-1.12,9999.0,25.0,0,ttc_capped,0.0001,table,1,37.496731,126.95787,0.673,292.86,1,37.496609,126.958008,0.077,0.0,13.65,-14.03
1786957076.42,10146,0,0,0,0,1,heartbeat,0,19.37,-0.83,9999.0,25.0,0,ttc_capped,0.0001,table,1,37.496731,126.95787,0.52,0.0,1,37.496609,126.958008,0.077,0.0,13.65,-13.75
1786957076.621,10148,0,0,0,0,1,heartbeat,0,19.49,-0.86,9999.0,25.0,0,ttc_capped,0.0012,table,1,37.496735,126.95787,0.414,0.0,1,37.496609,126.958008,0.077,0.0,13.23,-14.31
1786957076.823,10150,0,0,0,0,1,heartbeat,0,19.36,-0.63,9999.0,25.0,0,ttc_capped,0.0012,table,1,37.496735,126.95787,0.321,0.0,1,37.496609,126.958008,0.077,0.0,13.08,-14.27
1786957077.025,10152,0,0,0,0,1,heartbeat,0,19.23,-0.43,9999.0,25.0,0,ttc_capped,0.0012,table,1,37.496735,126.95787,0.302,0.0,1,37.496609,126.958008,0.077,0.0,12.92,-14.24
1786957077.229,10154,2,2,0,0,1,change,0,18.47,0.25,72.47,5.6,0,ttc_capped,0.22,model,1,37.496738,126.95787,0.351,0.0,1,37.496616,126.957939,0.129,0.0,11.88,-14.14
1786957077.435,10156,2,2,2,2,1,heartbeat,0,17.29,1.1,15.78,5.6,0,table,0.7713,model,1,37.496742,126.95787,0.369,262.18,1,37.496616,126.957939,0.129,0.0,10.16,-13.99
1786957077.639,10158,2,2,2,2,1,heartbeat,0,16.39,1.55,10.59,7.2,0,table,0.0656,table,1,37.496746,126.95787,0.331,262.18,1,37.496616,126.957939,0.129,0.0,8.72,-13.88
1786957077.845,10160,2,2,2,2,1,heartbeat,0,15.75,1.73,9.1,7.2,0,table,0.0656,table,1,37.496746,126.957863,0.312,262.18,1,37.496616,126.957939,0.129,0.0,7.57,-13.81
1786957078.059,10162,2,2,2,2,1,heartbeat,0,15.38,1.67,9.23,7.2,0,table,0.0013,table,1,37.496746,126.957863,0.315,262.18,1,37.496613,126.957939,0.129,0.0,6.67,-13.86
1786957078.265,10164,2,2,2,2,1,heartbeat,0,15.16,1.52,9.95,7.2,0,table,0.0028,table,1,37.49675,126.957863,0.321,262.18,1,37.496613,126.957939,0.154,0.0,6.01,-13.92
1786957078.477,10166,2,2,2,2,1,heartbeat,0,15.05,1.35,11.18,7.2,0,table,0.0031,table,1,37.49675,126.957863,0.324,262.18,1,37.496613,126.957939,0.154,0.0,5.52,-14.0
1786957078.685,10168,2,2,2,2,1,heartbeat,0,15.01,1.17,12.84,5.6,0,table,0.0004,table,1,37.49675,126.957863,0.326,262.18,1,37.496613,126.957939,0.154,0.0,5.21,-14.08
1786957078.893,10170,2,2,2,2,1,heartbeat,0,15.01,1.0,14.95,5.6,0,table,0.0232,table,1,37.49675,126.957863,0.262,0.0,1,37.496613,126.957939,0.154,0.0,5.02,-14.15
1786957079.095,10172,2,2,2,2,1,heartbeat,0,15.05,0.86,17.57,5.6,0,table,0.0167,table,1,37.49675,126.957863,0.25,0.0,1,37.496613,126.957939,0.154,0.0,4.93,-14.22
1786957079.305,10174,2,2,2,2,1,heartbeat,0,15.04,0.77,19.6,5.6,0,table,0.0137,table,1,37.496754,126.957863,0.243,0.0,1,37.496616,126.957932,0.103,0.0,4.83,-14.25
1786957079.583,10176,2,2,2,2,1,heartbeat,0,14.98,0.7,21.53,5.6,0,table,0.0125,table,1,37.496754,126.957863,0.198,0.0,1,37.496616,126.957932,0.103,0.0,4.73,-14.22
1786957079.684,10177,0,0,2,2,1,change,0,14.98,0.66,22.54,5.6,0,table,0.0171,table,1,37.496754,126.957863,0.148,0.0,1,37.496616,126.957932,0.103,0.0,4.72,-14.22
1786957079.886,10179,0,0,0,0,1,heartbeat,0,15.0,0.6,25.13,5.6,0,table,0.0034,table,1,37.496754,126.957863,0.12,0.0,1,37.496616,126.957932,0.103,0.0,4.74,-14.23
1786957080.088,10181,0,0,0,0,1,heartbeat,0,15.03,0.52,28.67,5.6,0,table,0.0047,table,1,37.496754,126.957863,0.116,0.0,1,37.496616,126.957932,0.103,0.0,4.79,-14.25
1786957080.294,10183,0,0,0,0,1,heartbeat,0,15.0,0.5,30.07,5.6,0,ttc_capped,0.0031,table,1,37.49675,126.957863,0.106,0.0,1,37.49662,126.957932,0.1,0.0,4.87,-14.19
1786957080.496,10185,0,0,0,0,1,heartbeat,0,14.94,0.5,29.86,5.6,0,table,0.0034,table,1,37.49675,126.957863,0.101,0.0,1,37.49662,126.957932,0.1,0.0,4.96,-14.09
1786957080.698,10187,0,0,0,0,1,heartbeat,0,14.9,0.48,31.14,5.6,0,ttc_capped,0.0036,table,1,37.49675,126.957863,0.086,0.0,1,37.49662,126.957932,0.1,0.0,5.07,-14.01
1786957080.902,10189,0,0,0,0,1,heartbeat,0,14.88,0.44,33.81,5.6,0,ttc_capped,0.0026,table,1,37.49675,126.957863,0.077,0.0,1,37.49662,126.957932,0.1,0.0,5.17,-13.95
1786957081.112,10191,0,0,0,0,1,heartbeat,0,14.88,0.39,37.94,16.7,0,ttc_capped,0.0029,table,1,37.49675,126.957863,0.093,0.0,1,37.49662,126.957932,0.1,0.0,5.28,-13.91
1786957081.328,10193,0,0,0,0,1,heartbeat,0,14.89,0.34,44.21,28.0,0,ttc_capped,0.0032,table,1,37.49675,126.957863,0.102,0.0,1,37.49662,126.957932,0.1,0.0,5.37,-13.89
1786957081.532,10195,0,0,0,0,1,heartbeat,0,14.92,0.28,52.88,28.0,0,ttc_capped,0.0024,table,1,37.49675,126.957863,0.167,0.0,1,37.49662,126.957932,0.1,0.0,5.47,-13.88
1786957081.748,10197,0,0,0,0,1,heartbeat,0,14.95,0.23,65.46,17.68,0,ttc_capped,0.0043,table,1,37.49675,126.957863,0.215,0.0,1,37.49662,126.957932,0.1,0.0,5.55,-13.88
1786957081.954,10199,0,0,0,0,1,heartbeat,0,14.98,0.18,83.58,5.6,0,ttc_capped,0.0047,table,1,37.49675,126.957863,0.215,0.0,1,37.49662,126.957932,0.1,0.0,5.62,-13.89
1786957082.168,10201,0,0,0,0,1,heartbeat,0,15.02,0.14,111.22,5.6,0,ttc_capped,0.0066,table,1,37.49675,126.957863,0.221,0.0,1,37.49662,126.957932,0.1,0.0,5.68,-13.91
1786957082.37,10203,0,0,0,0,1,heartbeat,0,15.06,0.1,152.32,5.6,0,ttc_capped,0.0158,table,1,37.49675,126.957863,0.21,0.0,1,37.49662,126.957932,0.1,0.0,5.74,-13.93
1786957082.576,10205,0,0,0,0,1,heartbeat,0,15.1,0.07,221.71,5.6,0,ttc_capped,0.0158,table,1,37.49675,126.957863,0.196,0.0,1,37.49662,126.957932,0.1,0.0,5.78,-13.95
1786957082.776,10207,0,0,0,0,1,heartbeat,0,15.13,0.04,353.14,5.6,0,ttc_capped,0.0158,table,1,37.49675,126.957863,0.162,0.0,1,37.49662,126.957932,0.1,0.0,5.81,-13.97
1786957082.988,10209,0,0,0,0,1,heartbeat,0,15.17,0.02,673.26,5.6,0,ttc_capped,0.0158,table,1,37.49675,126.957863,0.139,0.0,1,37.49662,126.957932,0.1,0.0,5.84,-14.0
1786957083.198,10211,0,0,0,0,1,heartbeat,0,15.2,0.01,2299.01,5.6,0,ttc_capped,0.0158,table,1,37.49675,126.957863,0.112,0.0,1,37.49662,126.957932,0.1,0.0,5.86,-14.02
1786957083.268,10211,2,2,0,0,1,change,0,14.36,0.66,21.83,28.0,1,table,0.3175,model,1,37.49675,126.957863,0.112,0.0,1,37.496666,126.957901,0.058,0.0,5.46,-13.28
1786957083.478,10213,2,2,2,2,1,heartbeat,0,12.88,1.66,7.76,43.0,1,table,0.092,table,1,37.49675,126.957863,0.077,0.0,1,37.496666,126.957901,0.058,0.0,4.77,-11.97
1786957083.726,10216,2,2,2,2,1,heartbeat,0,11.57,2.31,5.01,43.0,1,table,0.1624,model,1,37.49675,126.957863,0.111,252.47,1,37.496666,126.957901,0.058,0.0,4.15,-10.8
1786957083.938,10218,2,2,2,2,1,heartbeat,0,10.56,2.69,3.93,48.0,2,table,0.3831,table,1,37.49675,126.957863,0.133,252.47,1,37.496666,126.957901,0.058,0.0,3.66,-9.9
1786957084.15,10220,2,2,2,2,1,heartbeat,0,9.77,2.84,3.44,53.0,2,table,0.4509,table,1,37.49675,126.957863,0.146,252.47,1,37.496666,126.957901,0.058,0.0,3.29,-9.21
1786957084.36,10222,2,2,2,2,1,heartbeat,0,9.2,2.83,3.25,53.0,2,table,0.1786,table,1,37.49675,126.957863,0.156,252.19,1,37.496666,126.957901,0.039,0.0,3.0,-8.69
1786957084.57,10224,2,2,2,2,1,heartbeat,0,8.79,2.7,3.25,53.0,2,table,0.1227,table,1,37.49675,126.957863,0.157,252.33,1,37.496666,126.957901,0.039,0.0,2.81,-8.33
1786957084.782,10226,2,2,2,2,1,heartbeat,0,8.43,2.55,3.31,53.0,2,table,0.1329,table,1,37.49675,126.957863,0.203,252.33,1,37.496666,126.957901,0.039,0.0,2.63,-8.01
1786957085.0,10228,2,2,2,2,1,heartbeat,0,8.34,2.22,3.75,53.0,2,table,0.4146,table,1,37.49675,126.957863,0.298,252.33,1,37.496666,126.957901,0.039,0.0,2.58,-7.93
1786957085.206,10230,2,2,2,2,1,heartbeat,0,8.35,1.89,4.42,53.0,2,table,0.0887,table,1,37.49675,126.957863,0.23,252.78,1,37.496666,126.957901,0.039,0.0,2.58,-7.94
1786957085.416,10232,2,2,2,2,1,heartbeat,0,8.42,1.57,5.37,48.0,2,table,0.0176,table,1,37.49675,126.957863,0.2,252.78,1,37.496666,126.957901,0.048,0.0,2.61,-8.0
1786957085.627,10234,2,2,2,2,1,heartbeat,0,8.51,1.27,6.7,48.0,2,table,0.0027,table,1,37.49675,126.957863,0.276,252.78,1,37.496666,126.957901,0.048,0.0,2.65,-8.09
1786957085.84,10236,2,2,2,2,1,heartbeat,0,8.63,1.0,8.63,41.0,1,table,0.0012,table,1,37.496754,126.957863,0.323,252.78,1,37.496666,126.957901,0.048,0.0,2.7,-8.2
1786957086.047,10238,2,2,2,2,1,heartbeat,0,8.78,0.76,11.5,41.0,1,table,0.0005,table,1,37.496754,126.957863,0.289,252.78,1,37.496666,126.957901,0.048,0.0,2.77,-8.33
1786957086.256,10240,2,2,2,2,1,heartbeat,0,8.92,0.56,15.9,33.0,1,table,0.0118,table,1,37.496754,126.957855,0.255,252.78,1,37.496666,126.957901,0.048,0.0,2.84,-8.46
1786957086.467,10242,2,2,2,2,1,heartbeat,0,9.07,0.39,23.13,33.0,1,table,0.0102,table,1,37.496754,126.957855,0.223,252.78,1,37.496666,126.957901,0.055,0.0,2.92,-8.59
1786957086.676,10244,2,2,2,2,1,heartbeat,0,9.21,0.25,36.34,33.0,0,ttc_capped,0.0126,table,1,37.496754,126.957855,0.181,0.0,1,37.496666,126.957901,0.055,0.0,2.99,-8.71
1786957086.887,10246,2,2,2,2,1,heartbeat,0,9.33,0.14,65.42,33.0,0,ttc_capped,0.0126,table,1,37.496754,126.957855,0.134,0.0,1,37.496666,126.957901,0.055,0.0,3.06,-8.82
1786957087.088,10247,2,2,2,2,1,heartbeat,0,9.48,0.02,384.3,28.69,0,ttc_capped,0.0134,table,1,37.496754,126.957855,0.134,0.0,1,37.496666,126.957901,0.055,0.0,3.13,-8.94
1786957087.295,10249,2,2,2,2,1,heartbeat,0,9.56,-0.03,9999.0,30.0,0,ttc_capped,0.0008,table,1,37.496754,126.957855,0.08,0.0,1,37.496666,126.957901,0.033,0.0,3.18,-9.02
1786957087.498,10251,2,2,2,2,1,heartbeat,0,9.64,-0.07,9999.0,30.0,0,ttc_capped,0.0008,table,1,37.496754,126.957855,0.068,0.0,1,37.496666,126.957901,0.033,0.0,3.23,-9.08
1786957087.7,10253,2,2,2,2,1,heartbeat,0,9.7,-0.09,9999.0,30.0,0,ttc_capped,0.0008,table,1,37.496754,126.957855,0.059,0.0,1,37.496666,126.957901,0.033,0.0,3.27,-9.14
1786957087.801,10254,0,0,2,2,1,change,0,9.73,-0.1,9999.0,30.0,0,ttc_capped,0.0008,table,1,37.496754,126.957855,0.059,0.0,1,37.496666,126.957901,0.033,0.0,3.28,-9.16
1786957088.006,10256,0,0,0,0,1,heartbeat,0,9.78,-0.11,9999.0,30.0,0,ttc_capped,0.0011,table,1,37.496754,126.957855,0.063,0.0,1,37.496666,126.957901,0.033,0.0,3.32,-9.2
1786957088.209,10258,0,0,0,0,1,heartbeat,0,9.77,-0.07,9999.0,30.0,0,ttc_capped,0.0008,table,1,37.496754,126.957855,0.061,0.0,1,37.49667,126.957901,0.032,0.0,3.35,-9.17
1786957088.411,10260,0,0,0,0,1,heartbeat,0,9.69,0.01,1000.26,6.6,0,ttc_capped,0.0014,table,1,37.496754,126.957855,0.054,0.0,1,37.49667,126.957901,0.032,0.0,3.37,-9.09
1786957088.615,10262,0,0,0,0,1,heartbeat,0,9.63,0.06,150.33,7.26,0,ttc_capped,0.0014,table,1,37.49675,126.957848,0.048,0.0,1,37.49667,126.957901,0.032,0.0,3.4,-9.01
1786957088.819,10264,0,0,0,0,1,heartbeat,0,9.58,0.1,95.15,13.24,0,ttc_capped,0.0014,table,1,37.49675,126.957848,0.056,0.0,1,37.49667,126.957901,0.032,0.0,3.44,-8.94
1786957089.023,10266,0,0,0,0,1,heartbeat,0,9.54,0.12,77.56,16.32,0,ttc_capped,0.0126,table,1,37.49675,126.957848,0.064,0.0,1,37.49667,126.957901,0.032,0.0,3.46,-8.89
1786957089.231,10268,0,0,0,0,1,heartbeat,0,9.5,0.13,70.84,18.24,0,ttc_capped,0.0171,table,1,37.496746,126.957848,0.057,0.0,1,37.49667,126.957901,0.042,0.0,3.49,-8.83
1786957089.441,10270,0,0,0,0,1,heartbeat,0,9.47,0.14,69.59,19.55,0,ttc_capped,0.0196,table,1,37.496746,126.957848,0.048,0.0,1,37.49667,126.957901,0.042,0.0,3.52,-8.79
1786957089.653,10272,0,0,0,0,1,heartbeat,0,9.45,0.13,71.92,20.54,0,ttc_capped,0.0196,table,1,37.496746,126.957848,0.045,0.0,1,37.49667,126.957901,0.042,0.0,3.54,-8.76
1786957089.861,10274,0,0,0,0,1,heartbeat,0,9.43,0.12,76.82,21.33,0,ttc_capped,0.005,table,1,37.496742,126.957848,0.048,0.0,1,37.49667,126.957901,0.042,0.0,3.56,-8.73
1786957090.063,10276,0,0,0,0,1,heartbeat,0,9.42,0.11,84.36,22.0,0,ttc_capped,0.005,table,1,37.496742,126.957848,0.044,0.0,1,37.49667,126.957901,0.042,0.0,3.58,-8.71
1786957090.273,10278,0,0,0,0,1,heartbeat,0,9.41,0.1,95.47,22.62,0,ttc_capped,0.005,table,1,37.496742,126.957848,0.044,0.0,1,37.49667,126.957901,0.029,0.0,3.6,-8.69
1786957090.475,10280,0,0,0,0,1,heartbeat,0,9.4,0.08,110.65,23.22,0,ttc_capped,0.005,table,1,37.496738,126.957848,0.054,0.0,1,37.49667,126.957901,0.029,0.0,3.62,-8.67
1786957090.687,10282,0,0,0,0,1,heartbeat,0,9.38,0.07,131.35,23.82,0,ttc_capped,0.005,table,1,37.496738,126.957848,0.053,0.0,1,37.49667,126.957901,0.029,0.0,3.64,-8.65
1786957090.897,10284,0,0,0,0,1,heartbeat,0,9.37,0.06,160.12,24.46,0,ttc_capped,0.005,table,1,37.496738,126.957848,0.063,0.0,1,37.49667,126.957901,0.029,0.0,3.66,-8.63
1786957091.11,10286,0,0,0,0,1,heartbeat,0,9.36,0.05,199.58,25.19,0,ttc_capped,0.005,table,1,37.496735,126.957848,0.057,0.0,1,37.49667,126.957901,0.029,0.0,3.68,-8.61
1786957091.323,10288,0,0,0,0,1,heartbeat,0,9.28,0.08,112.51,26.41,0,ttc_capped,0.0042,table,1,37.496735,126.957848,0.054,0.0,1,37.496674,126.957901,0.027,0.0,3.7,-8.52
1786957091.531,10290,0,0,0,0,1,heartbeat,0,9.16,0.14,63.75,26.7,0,ttc_capped,0.0042,table,1,37.496735,126.957848,0.056,0.0,1,37.496674,126.957901,0.027,0.0,3.71,-8.38
1786957091.745,10292,0,0,0,0,1,heartbeat,0,9.05,0.18,49.69,26.73,0,ttc_capped,0.0042,table,1,37.496731,126.957848,0.049,0.0,1,37.496674,126.957901,0.027,0.0,3.73,-8.25
1786957091.953,10294,0,0,0,0,1,heartbeat,0,8.96,0.2,44.34,26.69,0,ttc_capped,0.0042,table,1,37.496731,126.957848,0.036,0.0,1,37.496674,126.957901,0.027,0.0,3.75,-8.14
1786957092.168,10296,0,0,0,0,1,heartbeat,0,8.88,0.21,42.71,26.63,0,ttc_capped,0.0042,table,1,37.496727,126.957848,0.038,0.0,1,37.496674,126.957901,0.027,0.0,3.77,-8.04
1786957092.375,10298,0,0,0,0,1,heartbeat,0,8.82,0.2,43.58,26.42,0,ttc_capped,0.0042,table,1,37.496727,126.95784,0.053,0.0,1,37.496674,126.957901,0.021,0.0,3.8,-7.96
1786957092.586,10300,0,0,0,0,1,heartbeat,0,8.77,0.19,46.28,26.26,0,ttc_capped,0.0042,table,1,37.496727,126.95784,0.069,0.0,1,37.496674,126.957901,0.021,0.0,3.83,-7.89
1786957092.793,10301,0,0,0,0,1,heartbeat,0,8.76,0.16,53.59,26.17,0,ttc_capped,0.0154,table,1,37.496727,126.95784,0.063,0.0,1,37.496674,126.957901,0.021,0.0,3.84,-7.87
1786957092.994,10303,0,0,0,0,1,heartbeat,0,8.72,0.14,60.82,26.01,0,ttc_capped,0.0099,table,1,37.496723,126.95784,0.055,0.0,1,37.496674,126.957901,0.021,0.0,3.87,-7.82
1786957093.199,10305,0,0,0,0,1,heartbeat,0,8.69,0.12,70.82,25.84,0,ttc_capped,0.0099,table,1,37.496723,126.95784,0.068,0.0,1,37.496674,126.957901,0.021,0.0,3.9,-7.77
1786957093.427,10308,0,0,0,0,1,heartbeat,0,8.62,0.12,70.49,25.63,0,ttc_capped,0.0036,table,1,37.496719,126.95784,0.053,0.0,1,37.496674,126.957901,0.021,0.0,3.94,-7.67
1786957093.639,10310,0,0,0,0,1,heartbeat,0,8.56,0.12,70.23,25.49,0,ttc_capped,0.0036,table,1,37.496719,126.95784,0.063,0.0,1,37.496674,126.957901,0.021,0.0,3.97,-7.59
1786957103.969,10407,2,2,0,0,1,change,0,8.25,-0.0,9999.0,30.0,0,ttc_capped,0.4117,model,1,37.496719,126.957794,0.361,259.18,1,37.496677,126.957901,0.013,0.0,6.06,-5.6
1786957104.279,10410,2,2,2,2,1,heartbeat,0,5.29,1.96,2.7,32.86,1,table,0.0001,table,1,37.496723,126.957794,0.282,258.12,1,37.496746,126.957886,0.005,0.0,5.29,-0.05
1786957104.504,10412,2,2,2,2,1,heartbeat,0,5.61,-3.52,9999.0,30.0,0,ttc_capped,0.0005,table,1,37.496723,126.957794,0.282,257.93,1,37.496746,126.957886,0.005,0.0,4.95,2.65
1786957104.717,10415,2,2,2,2,1,heartbeat,0,6.11,-3.81,9999.0,30.0,0,ttc_capped,0.0007,table,1,37.496723,126.957794,0.331,257.93,1,37.496746,126.957886,0.005,0.0,4.95,3.58
1786957104.927,10417,2,2,2,2,1,heartbeat,0,6.27,-2.82,9999.0,30.0,0,ttc_capped,0.0007,table,1,37.496723,126.957794,0.304,257.93,1,37.496746,126.957886,0.005,0.0,5.02,3.76
1786957105.141,10419,2,2,2,2,1,heartbeat,0,6.31,-1.91,9999.0,30.0,0,ttc_capped,0.0007,table,1,37.496727,126.957794,0.219,257.04,1,37.496746,126.957886,0.005,0.0,5.13,3.68
1786957105.353,10421,2,2,2,2,1,heartbeat,0,6.32,-1.3,9999.0,30.0,0,ttc_capped,0.0007,table,1,37.496727,126.957794,0.159,257.72,1,37.496746,126.957886,0.01,0.0,5.24,3.53
1786957105.563,10423,2,2,2,2,1,heartbeat,0,6.32,-0.9,9999.0,30.0,0,ttc_capped,0.0009,table,1,37.496727,126.957794,0.141,257.72,1,37.496746,126.957886,0.01,0.0,5.35,3.37
1786957105.781,10425,2,2,2,2,1,heartbeat,0,6.34,-0.64,9999.0,30.0,0,ttc_capped,0.0008,table,1,37.496731,126.957794,0.119,257.72,1,37.496746,126.957886,0.01,0.0,5.45,3.23
1786957105.994,10427,2,2,2,2,1,heartbeat,0,6.33,-0.45,9999.0,30.0,0,ttc_capped,0.0008,table,1,37.496731,126.957802,0.097,257.72,1,37.496746,126.957886,0.01,0.0,5.53,3.08
1786957106.197,10429,2,2,2,2,1,heartbeat,0,6.32,-0.32,9999.0,30.0,0,ttc_capped,0.0008,table,1,37.496731,126.957802,0.094,257.72,1,37.496746,126.957886,0.01,0.0,5.6,2.93
1786957106.31,10430,0,0,2,2,1,change,0,6.33,-0.27,9999.0,30.0,0,ttc_capped,0.0008,table,1,37.496731,126.957802,0.081,257.72,1,37.496746,126.957886,0.01,0.0,5.64,2.88
1786957106.515,10432,0,0,0,0,1,heartbeat,0,6.33,-0.19,9999.0,30.0,0,ttc_capped,0.0008,table,1,37.496735,126.957802,0.06,257.72,1,37.496746,126.957886,0.01,0.0,5.7,2.74
1786957106.724,10434,0,0,0,0,1,heartbeat,0,6.33,-0.13,9999.0,30.0,0,ttc_capped,0.0008,table,1,37.496735,126.957802,0.066,257.72,1,37.496746,126.957886,0.01,0.0,5.76,2.62
1786957106.933,10436,0,0,0,0,1,heartbeat,0,6.34,-0.09,9999.0,30.0,0,ttc_capped,0.0012,table,1,37.496735,126.957802,0.063,0.0,1,37.496746,126.957886,0.01,0.0,5.82,2.51
1786957107.14,10437,0,0,0,0,1,heartbeat,0,6.32,-0.05,9999.0,30.0,0,ttc_capped,0.0014,table,1,37.496735,126.957802,0.048,214.83,1,37.496746,126.957886,0.01,0.0,5.87,2.36
1786957107.341,10439,0,0,0,0,1,heartbeat,0,6.34,-0.03,9999.0,30.0,0,ttc_capped,0.0014,table,1,37.496735,126.957802,0.037,214.83,1,37.496746,126.957886,0.023,0.0,5.92,2.28
1786957107.544,10441,0,0,0,0,1,heartbeat,0,6.36,-0.02,9999.0,30.0,0,ttc_capped,0.0014,table,1,37.496735,126.957802,0.04,214.83,1,37.496746,126.957886,0.023,0.0,5.96,2.21
1786957107.745,10443,0,0,0,0,1,heartbeat,0,6.38,-0.01,9999.0,30.0,0,ttc_capped,0.0014,table,1,37.496731,126.957802,0.04,214.83,1,37.496746,126.957886,0.023,0.0,6.01,2.15
1786957107.951,10445,0,0,0,0,1,heartbeat,0,6.41,-0.0,9999.0,30.0,0,ttc_capped,0.0262,table,1,37.496731,126.957802,0.032,214.83,1,37.496746,126.957886,0.023,0.0,6.05,2.1
1786957108.155,10447,0,0,0,0,1,heartbeat,0,6.43,0.0,2759.51,12.5,0,ttc_capped,0.0139,table,1,37.496731,126.957802,0.055,214.83,1,37.496746,126.957886,0.023,0.0,6.09,2.05
1786957108.355,10449,0,0,0,0,1,heartbeat,0,6.5,-0.02,9999.0,30.0,0,ttc_capped,0.0008,table,1,37.496727,126.957802,0.046,214.83,1,37.49675,126.957886,0.06,0.0,6.13,2.15
1786957108.557,10451,0,0,0,0,1,heartbeat,0,6.56,-0.04,9999.0,30.0,0,ttc_capped,0.0008,table,1,37.496727,126.957802,0.054,0.0,1,37.49675,126.957886,0.06,0.0,6.17,2.23
1786957108.759,10453,0,0,0,0,1,heartbeat,0,6.62,-0.06,9999.0,30.0,0,ttc_capped,0.0008,table,1,37.496723,126.957802,0.074,0.0,1,37.49675,126.957886,0.06,0.0,6.2,2.31
1786957108.967,10455,0,0,0,0,1,heartbeat,0,6.67,-0.07,9999.0,30.0,0,ttc_capped,0.0008,table,1,37.496723,126.957802,0.101,0.0,1,37.49675,126.957886,0.06,0.0,6.23,2.38
1786957109.182,10457,0,0,0,0,1,heartbeat,0,6.72,-0.07,9999.0,30.0,0,ttc_capped,0.0008,table,1,37.496719,126.957802,0.139,0.0,1,37.49675,126.957886,0.06,0.0,6.26,2.44
1786957109.385,10459,0,0,0,0,1,heartbeat,0,6.77,-0.07,9999.0,30.0,0,ttc_capped,0.0008,table,1,37.496719,126.957802,0.157,0.0,1,37.49675,126.957886,0.064,0.0,6.29,2.5
1786957109.601,10461,0,0,0,0,1,heartbeat,0,6.81,-0.07,9999.0,30.0,0,ttc_capped,0.0014,table,1,37.496719,126.957802,0.149,0.0,1,37.49675,126.957886,0.064,0.0,6.32,2.54
1786957109.806,10463,0,0,0,0,1,heartbeat,0,6.85,-0.06,9999.0,30.0,0,ttc_capped,0.0014,table,1,37.496719,126.957802,0.153,0.0,1,37.49675,126.957886,0.064,0.0,6.34,2.58
1786957110.016,10465,0,0,0,0,1,heartbeat,0,6.88,-0.05,9999.0,30.0,0,ttc_capped,0.0014,table,1,37.496719,126.957802,0.13,0.0,1,37.49675,126.957886,0.064,0.0,6.37,2.61
1786957110.228,10467,0,0,0,0,1,heartbeat,0,6.91,-0.05,9999.0,30.0,0,ttc_capped,0.0014,table,1,37.496719,126.957802,0.102,0.0,1,37.49675,126.957886,0.05,0.0,6.39,2.63
1786957110.438,10469,0,0,0,0,1,heartbeat,0,6.94,-0.04,9999.0,30.0,0,ttc_capped,0.0008,table,1,37.496719,126.957802,0.113,0.0,1,37.49675,126.957886,0.05,0.0,6.41,2.65
1786957110.715,10471,0,0,0,0,1,heartbeat,0,6.97,-0.03,9999.0,30.0,0,ttc_capped,0.0014,table,1,37.496716,126.957802,0.135,0.0,1,37.49675,126.957886,0.05,0.0,6.44,2.66
1786957110.922,10473,0,0,0,0,1,heartbeat,0,6.99,-0.02,9999.0,30.0,0,ttc_capped,0.0014,table,1,37.496716,126.957802,0.149,0.0,1,37.49675,126.957886,0.05,0.0,6.46,2.69
1786957111.153,10476,0,0,0,0,1,heartbeat,0,7.05,-0.02,9999.0,30.0,0,ttc_capped,0.0012,table,1,37.496716,126.957794,0.156,0.0,1,37.49675,126.957886,0.05,0.0,6.5,2.72
1786957111.367,10478,0,0,0,0,1,heartbeat,0,7.09,-0.01,9999.0,30.0,0,ttc_capped,0.0008,table,1,37.496712,126.957794,0.163,0.0,1,37.49675,126.957886,0.035,0.0,6.54,2.75
1786957111.575,10480,0,0,0,0,1,heartbeat,0,7.13,-0.01,9999.0,30.0,0,ttc_capped,0.0012,table,1,37.496712,126.957794,0.163,0.0,1,37.49675,126.957886,0.035,0.0,6.57,2.77
1786957111.787,10482,0,0,0,0,1,heartbeat,0,7.17,-0.01,9999.0,30.0,0,ttc_capped,0.0067,table,1,37.496708,126.957794,0.171,0.0,1,37.49675,126.957886,0.035,0.0,6.6,2.81
1786957111.997,10484,0,0,0,0,1,heartbeat,0,7.22,-0.0,9999.0,30.0,0,ttc_capped,0.0193,table,1,37.496708,126.957794,0.176,0.0,1,37.49675,126.957886,0.035,0.0,6.63,2.84
1786957112.209,10486,0,0,0,0,1,heartbeat,0,7.26,-0.0,9999.0,30.0,0,ttc_capped,0.0067,table,1,37.496704,126.957794,0.173,0.0,1,37.49675,126.957886,0.035,0.0,6.66,2.88
1786957112.42,10488,0,0,0,0,1,heartbeat,0,7.36,-0.04,9999.0,30.0,0,ttc_capped,0.0008,table,1,37.4967,126.957794,0.163,0.0,1,37.496754,126.957886,0.033,0.0,6.69,3.06
1786957112.639,10490,0,0,0,0,1,heartbeat,0,7.46,-0.07,9999.0,30.0,0,ttc_capped,0.0008,table,1,37.4967,126.957794,0.145,0.0,1,37.496754,126.957886,0.033,0.0,6.72,3.22
1786957112.852,10492,0,0,0,0,1,heartbeat,0,7.54,-0.09,9999.0,30.0,0,ttc_capped,0.0008,table,1,37.496696,126.957794,0.152,0.0,1,37.496754,126.957886,0.033,0.0,6.75,3.37
1786957113.057,10494,0,0,0,0,1,heartbeat,0,7.63,-0.1,9999.0,30.0,0,ttc_capped,0.0008,table,1,37.496696,126.957794,0.16,0.0,1,37.496754,126.957886,0.033,0.0,6.78,3.49
1786957113.264,10496,0,0,0,0,1,heartbeat,0,7.71,-0.1,9999.0,30.0,0,ttc_capped,0.0008,table,1,37.496693,126.957787,0.183,0.0,1,37.496754,126.957886,0.033,0.0,6.81,3.61
1786957113.475,10498,0,0,0,0,1,heartbeat,0,7.79,-0.1,9999.0,30.0,0,ttc_capped,0.0008,table,1,37.496689,126.957787,0.195,0.0,1,37.496754,126.957886,0.047,0.0,6.85,3.71
1786957113.686,10500,0,0,0,0,1,heartbeat,0,7.87,-0.1,9999.0,30.0,0,ttc_capped,0.0008,table,1,37.496689,126.957787,0.204,0.0,1,37.496754,126.957886,0.047,0.0,6.89,3.81
1786957113.889,10501,0,0,0,0,1,heartbeat,0,7.9,-0.08,9999.0,30.0,0,ttc_capped,0.0011,table,1,37.496689,126.957787,0.204,0.0,1,37.496754,126.957886,0.047,0.0,6.91,3.84
1786957114.104,10503,0,0,0,0,1,heartbeat,0,7.98,-0.07,9999.0,30.0,0,ttc_capped,0.0014,table,1,37.496685,126.957787,0.196,0.0,1,37.496754,126.957886,0.047,0.0,6.94,3.93
1786957114.305,10505,0,0,0,0,1,heartbeat,0,8.05,-0.06,9999.0,30.0,0,ttc_capped,0.0014,table,1,37.496681,126.957787,0.184,0.0,1,37.496754,126.957886,0.034,0.0,6.98,4.01
1786957114.508,10507,0,0,0,0,1,heartbeat,0,8.12,-0.05,9999.0,30.0,0,ttc_capped,0.0014,table,1,37.496681,126.957779,0.177,0.0,1,37.496754,126.957886,0.034,0.0,7.02,4.09
1786957114.709,10509,0,0,0,0,1,heartbeat,0,8.2,-0.04,9999.0,30.0,0,ttc_capped,0.0014,table,1,37.496677,126.957779,0.18,0.0,1,37.496754,126.957886,0.034,0.0,7.07,4.17
1786957114.91,10511,0,0,0,0,1,heartbeat,0,8.28,-0.04,9999.0,30.0,0,ttc_capped,0.0014,table,1,37.496677,126.957779,0.164,0.0,1,37.496754,126.957886,0.034,0.0,7.11,4.25
1786957115.116,10513,0,0,0,0,1,heartbeat,0,8.36,-0.03,9999.0,30.0,0,ttc_capped,0.0014,table,1,37.496677,126.957779,0.143,0.0,1,37.496754,126.957886,0.034,0.0,7.16,4.32
1786957115.316,10515,0,0,0,0,1,heartbeat,0,8.44,-0.02,9999.0,30.0,0,ttc_capped,0.0014,table,1,37.496677,126.957779,0.136,0.0,1,37.496754,126.957886,0.035,0.0,7.2,4.4
1786957115.52,10517,0,0,0,0,1,heartbeat,0,8.51,-0.02,9999.0,30.0,0,ttc_capped,0.0014,table,1,37.496674,126.957779,0.146,0.0,1,37.496754,126.957886,0.035,0.0,7.24,4.47
1786957115.722,10519,0,0,0,0,1,heartbeat,0,8.59,-0.01,9999.0,30.0,0,ttc_capped,0.0014,table,1,37.496674,126.957779,0.143,0.0,1,37.496754,126.957886,0.035,0.0,7.28,4.55
1786957115.926,10521,0,0,0,0,1,heartbeat,0,8.66,-0.01,9999.0,30.0,0,ttc_capped,0.0341,table,1,37.496674,126.957779,0.138,0.0,1,37.496754,126.957886,0.035,0.0,7.33,4.62
1786957116.136,10523,0,0,0,0,1,heartbeat,0,8.74,-0.0,9999.0,30.0,0,ttc_capped,0.0463,table,1,37.496674,126.957779,0.135,0.0,1,37.496754,126.957886,0.035,0.0,7.36,4.7
1786957116.353,10525,0,0,0,0,1,heartbeat,0,8.81,-0.0,9999.0,30.0,0,ttc_capped,0.0551,table,1,37.496674,126.957779,0.109,0.0,1,37.496754,126.957886,0.028,0.0,7.4,4.77
1786957116.556,10527,0,0,0,0,1,heartbeat,0,8.88,0.0,9791.86,6.6,0,ttc_capped,0.0202,table,1,37.496674,126.957779,0.111,0.0,1,37.496754,126.957886,0.028,0.0,7.44,4.84
1786957116.77,10529,0,0,0,0,1,heartbeat,0,8.95,0.0,4614.46,6.6,0,ttc_capped,0.0011,table,1,37.496674,126.957779,0.108,0.0,1,37.496754,126.957886,0.028,0.0,7.48,4.92
1786957116.974,10531,0,0,0,0,1,heartbeat,0,9.02,0.0,3334.77,6.6,0,ttc_capped,0.0011,table,1,37.496674,126.957779,0.112,0.0,1,37.496754,126.957886,0.028,0.0,7.52,4.99
1786957117.25,10533,0,0,0,0,1,heartbeat,0,9.09,0.0,2933.76,6.6,0,ttc_capped,0.0043,table,1,37.496674,126.957779,0.101,0.0,1,37.496754,126.957886,0.019,0.0,7.55,5.06
1786957117.457,10535,0,0,0,0,1,heartbeat,0,9.16,0.0,3057.04,6.6,0,ttc_capped,0.0043,table,1,37.496674,126.957779,0.104,0.0,1,37.496754,126.957886,0.019,0.0,7.59,5.12
1786957117.658,10537,0,0,0,0,1,heartbeat,0,9.22,0.0,3373.32,6.6,0,ttc_capped,0.0043,table,1,37.496674,126.957779,0.114,0.0,1,37.496754,126.957886,0.019,0.0,7.62,5.19
1786957117.862,10539,0,0,0,0,1,heartbeat,0,9.29,0.0,3932.6,6.6,0,ttc_capped,0.0043,table,1,37.496674,126.957779,0.152,0.0,1,37.496754,126.957886,0.019,0.0,7.65,5.26
1786957118.116,10542,0,0,0,0,1,heartbeat,0,9.38,0.0,4819.37,6.6,0,ttc_capped,0.0011,table,1,37.496674,126.957779,0.176,0.0,1,37.496754,126.957886,0.019,0.0,7.7,5.36
1786957118.326,10544,0,0,0,0,1,heartbeat,0,9.45,0.0,6401.84,6.6,0,ttc_capped,0.0049,table,1,37.496674,126.957779,0.134,0.0,1,37.496754,126.957886,0.012,0.0,7.73,5.42
1786957118.538,10546,0,0,0,0,1,heartbeat,0,9.51,0.0,9602.97,6.6,0,ttc_capped,0.0049,table,1,37.496674,126.957779,0.127,0.0,1,37.496754,126.957886,0.012,0.0,7.77,5.48
1786957118.749,10548,0,0,0,0,1,heartbeat,0,9.57,0.0,18221.89,6.6,0,ttc_capped,0.0049,table,1,37.496674,126.957779,0.118,0.0,1,37.496754,126.957886,0.012,0.0,7.8,5.55
1786957118.962,10550,0,0,0,0,1,heartbeat,0,9.63,0.0,112596.61,6.6,0,ttc_capped,0.0049,table,1,37.496674,126.957779,0.12,0.0,1,37.496754,126.957886,0.012,0.0,7.83,5.61
1786957119.173,10552,0,0,0,0,1,heartbeat,0,9.69,-0.0,9999.0,30.0,0,ttc_capped,0.0086,table,1,37.496674,126.957779,0.118,0.0,1,37.496754,126.957886,0.012,0.0,7.85,5.67
1786957119.386,10553,0,0,0,0,1,heartbeat,0,9.71,-0.0,9999.0,30.0,0,ttc_capped,0.0401,table,1,37.496677,126.957779,0.107,0.0,1,37.496754,126.957886,0.034,0.0,7.87,5.69
1786957119.587,10555,0,0,0,0,1,heartbeat,0,9.77,-0.0,9999.0,30.0,0,ttc_capped,0.0401,table,1,37.496674,126.957779,0.16,0.0,1,37.496754,126.957886,0.034,0.0,7.9,5.75
1786957119.794,10557,0,0,0,0,1,heartbeat,0,9.82,-0.0,9999.0,30.0,0,ttc_capped,0.0401,table,1,37.496674,126.957779,0.185,0.0,1,37.496754,126.957886,0.034,0.0,7.93,5.81
1786957120.025,10560,0,0,0,0,1,heartbeat,0,9.91,-0.0,9999.0,30.0,0,ttc_capped,0.0078,table,1,37.496674,126.957779,0.155,0.0,1,37.496754,126.957886,0.034,0.0,7.97,5.89
1786957120.231,10562,0,0,0,0,1,heartbeat,0,9.96,-0.0,9999.0,30.0,0,ttc_capped,0.0078,table,1,37.496674,126.957779,0.144,0.0,1,37.496754,126.957886,0.034,0.0,7.99,5.94
1786957120.439,10564,0,0,0,0,1,heartbeat,0,10.01,-0.0,9999.0,25.0,0,ttc_capped,0.0283,table,1,37.496677,126.957779,0.151,0.0,1,37.496754,126.957886,0.066,0.0,8.02,5.99
1786957120.651,10566,0,0,0,0,1,heartbeat,0,10.06,-0.0,9999.0,25.0,0,ttc_capped,0.0283,table,1,37.496677,126.957779,0.177,0.0,1,37.496754,126.957886,0.066,0.0,8.04,6.04
1786957120.863,10568,0,0,0,0,1,heartbeat,0,10.1,-0.0,9999.0,25.0,0,ttc_capped,0.0303,table,1,37.496677,126.957779,0.195,0.0,1,37.496754,126.957886,0.066,0.0,8.07,6.08
1786957121.073,10570,0,0,0,0,1,heartbeat,0,10.15,-0.0,9999.0,25.0,0,ttc_capped,0.0303,table,1,37.496677,126.957779,0.216,0.0,1,37.496754,126.957886,0.066,0.0,8.09,6.13
1786957121.283,10572,0,0,0,0,1,heartbeat,0,10.19,-0.0,9999.0,25.0,0,ttc_capped,0.0303,table,1,37.496677,126.957779,0.229,0.0,1,37.496754,126.957886,0.084,0.0,8.12,6.17
1786957121.494,10574,0,0,0,0,1,heartbeat,0,10.24,-0.0,9999.0,25.0,0,ttc_capped,0.0303,table,1,37.496677,126.957779,0.251,0.0,1,37.496754,126.957886,0.084,0.0,8.14,6.21
1786957121.705,10576,0,0,0,0,1,heartbeat,0,10.29,-0.0,9999.0,25.0,0,ttc_capped,0.0301,table,1,37.496677,126.957771,0.253,0.0,1,37.496754,126.957886,0.084,0.0,8.17,6.25
1786957121.916,10578,0,0,0,0,1,heartbeat,0,10.34,-0.0,9999.0,25.0,0,ttc_capped,0.0301,table,1,37.496677,126.957771,0.244,0.0,1,37.496754,126.957886,0.084,0.0,8.21,6.29
1786957122.127,10580,0,0,0,0,1,heartbeat,0,10.4,-0.0,9999.0,25.0,0,ttc_capped,0.0301,table,1,37.496677,126.957771,0.232,0.0,1,37.496754,126.957886,0.084,0.0,8.24,6.33
1786957122.334,10581,0,0,0,0,1,heartbeat,0,10.5,-0.06,9999.0,25.0,0,ttc_capped,0.0008,table,1,37.496681,126.957771,0.201,0.0,1,37.496758,126.957886,0.065,0.0,8.26,6.47
1786957122.539,10583,0,0,0,0,1,heartbeat,0,10.61,-0.1,9999.0,25.0,0,ttc_capped,0.0008,table,1,37.496681,126.957771,0.172,0.0,1,37.496758,126.957886,0.065,0.0,8.29,6.61
1786957122.74,10585,0,0,0,0,1,heartbeat,0,10.7,-0.12,9999.0,25.0,0,ttc_capped,0.0008,table,1,37.496681,126.957771,0.159,0.0,1,37.496758,126.957886,0.065,0.0,8.33,6.72
1786957122.989,10588,0,0,0,0,1,heartbeat,0,10.79,-0.14,9999.0,25.0,0,ttc_capped,0.0008,table,1,37.496685,126.957771,0.15,0.0,1,37.496758,126.957886,0.065,0.0,8.36,6.83
1786957123.247,10590,0,0,0,0,1,heartbeat,0,10.87,-0.14,9999.0,25.0,0,ttc_capped,0.0008,table,1,37.496685,126.957771,0.143,0.0,1,37.496758,126.957886,0.051,0.0,8.39,6.91
1786957123.447,10592,0,0,0,0,1,heartbeat,0,10.93,-0.14,9999.0,25.0,0,ttc_capped,0.0008,table,1,37.496685,126.957771,0.134,0.0,1,37.496758,126.957886,0.051,0.0,8.42,6.97
1786957123.649,10594,0,0,0,0,1,heartbeat,0,10.98,-0.13,9999.0,25.0,0,ttc_capped,0.0014,table,1,37.496685,126.957771,0.137,0.0,1,37.496758,126.957886,0.051,0.0,8.45,7.01
1786957123.851,10596,0,0,0,0,1,heartbeat,0,11.03,-0.11,9999.0,25.0,0,ttc_capped,0.0014,table,1,37.496685,126.957771,0.136,0.0,1,37.496758,126.957886,0.051,0.0,8.48,7.05
1786957124.058,10598,0,0,0,0,1,heartbeat,0,11.07,-0.1,9999.0,25.0,0,ttc_capped,0.0014,table,1,37.496685,126.957771,0.132,0.0,1,37.496758,126.957886,0.051,0.0,8.51,7.07
1786957124.263,10600,0,0,0,0,1,heartbeat,0,11.11,-0.09,9999.0,25.0,0,ttc_capped,0.0014,table,1,37.496685,126.957764,0.147,0.0,1,37.496758,126.957886,0.036,0.0,8.55,7.09
1786957124.473,10602,0,0,0,0,1,heartbeat,0,11.15,-0.07,9999.0,25.0,0,ttc_capped,0.0014,table,1,37.496685,126.957764,0.185,0.0,1,37.496758,126.957886,0.036,0.0,8.58,7.11
1786957124.685,10604,0,0,0,0,1,heartbeat,0,11.18,-0.06,9999.0,25.0,0,ttc_capped,0.0014,table,1,37.496689,126.957764,0.256,0.0,1,37.496758,126.957886,0.036,0.0,8.62,7.12
1786957124.893,10606,0,0,0,0,1,heartbeat,0,11.21,-0.05,9999.0,25.0,0,ttc_capped,0.0014,table,1,37.496689,126.957764,0.352,0.0,1,37.496758,126.957886,0.036,0.0,8.66,7.12
1786957125.097,10608,0,0,0,0,1,heartbeat,0,11.25,-0.04,9999.0,25.0,0,ttc_capped,0.0014,table,1,37.496689,126.957764,0.452,0.0,1,37.496758,126.957886,0.036,0.0,8.7,7.13
1786957125.375,10610,0,0,0,0,1,heartbeat,0,11.34,-0.09,9999.0,25.0,0,ttc_capped,0.0002,table,1,37.496693,126.957764,0.567,0.0,1,37.496761,126.957886,0.031,0.0,8.74,7.21
1786957125.58,10612,0,0,0,0,1,heartbeat,0,11.46,-0.19,9999.0,25.0,0,ttc_capped,0.0005,table,1,37.496693,126.957756,0.673,0.0,1,37.496761,126.957886,0.031,0.0,8.84,7.29
1786957125.821,10615,0,0,0,0,1,heartbeat,0,11.7,-0.43,9999.0,25.0,0,ttc_capped,0.0001,table,1,37.496696,126.957756,0.693,0.0,1,37.496761,126.957886,0.031,0.0,9.11,7.34
1786957126.031,10617,0,0,0,0,1,heartbeat,0,11.97,-0.64,9999.0,25.0,0,ttc_capped,0.0001,table,1,37.4967,126.957756,0.631,0.0,1,37.496761,126.957886,0.031,0.0,9.45,7.34
1786957126.243,10619,0,0,0,0,1,heartbeat,0,12.33,-0.91,9999.0,25.0,0,ttc_capped,0.0001,table,1,37.4967,126.957748,0.606,0.0,1,37.496761,126.957886,0.031,0.0,9.95,7.28
1786957126.461,10621,0,0,0,0,1,heartbeat,0,12.88,-1.25,9999.0,25.0,0,ttc_capped,0.0001,table,1,37.4967,126.957748,0.579,0.0,1,37.496765,126.957886,0.044,0.0,10.6,7.31
1786957126.676,10623,0,0,0,0,1,heartbeat,0,13.38,-1.48,9999.0,25.0,0,ttc_capped,0.0001,table,1,37.496704,126.957748,0.544,0.0,1,37.496765,126.957886,0.044,0.0,11.24,7.26
1786957126.887,10625,0,0,0,0,1,heartbeat,0,13.78,-1.58,9999.0,25.0,0,ttc_capped,0.0001,table,1,37.496704,126.957748,0.51,0.0,1,37.496765,126.957886,0.044,0.0,11.79,7.14
1786957127.088,10627,0,0,0,0,1,heartbeat,0,14.09,-1.59,9999.0,25.0,0,ttc_capped,0.0001,table,1,37.496704,126.957748,0.452,0.0,1,37.496765,126.957886,0.044,0.0,12.21,7.03
1786957127.299,10629,0,0,0,0,1,heartbeat,0,13.54,-0.22,9999.0,25.0,0,ttc_capped,0.0086,table,1,37.496704,126.957741,0.391,0.0,1,37.496765,126.957886,0.044,0.0,11.41,7.3
1786957127.512,10631,0,0,0,0,1,heartbeat,0,13.65,-0.16,9999.0,25.0,0,ttc_capped,0.0014,table,1,37.496708,126.957741,0.357,0.0,1,37.496765,126.957886,0.044,0.0,11.58,7.23
1786957127.719,10633,0,0,0,0,1,heartbeat,0,13.73,-0.14,9999.0,25.0,0,ttc_capped,0.0014,table,1,37.496708,126.957741,0.326,0.0,1,37.496765,126.957886,0.044,0.0,11.71,7.16
1786957127.931,10635,0,0,0,0,1,heartbeat,0,13.79,-0.12,9999.0,25.0,0,ttc_capped,0.0014,table,1,37.496708,126.957741,0.3,0.0,1,37.496765,126.957886,0.044,0.0,11.82,7.1
1786957128.141,10637,0,0,0,0,1,heartbeat,0,13.9,-0.1,9999.0,25.0,0,ttc_capped,0.0014,table,1,37.496708,126.957733,0.278,0.0,1,37.496765,126.957886,0.044,0.0,11.98,7.05
1786957128.346,10638,0,0,0,0,1,heartbeat,0,13.93,-0.08,9999.0,25.0,0,ttc_capped,0.0014,table,1,37.496708,126.957733,0.267,0.0,1,37.496765,126.957886,0.044,0.0,12.04,6.99
1786957128.547,10640,0,0,0,0,1,heartbeat,0,14.01,-0.06,9999.0,25.0,0,ttc_capped,0.0014,table,1,37.496708,126.957733,0.255,0.0,1,37.496765,126.957886,0.044,0.0,12.16,6.94
1786957128.756,10642,0,0,0,0,1,heartbeat,0,14.07,-0.05,9999.0,25.0,0,ttc_capped,0.0014,table,1,37.496708,126.957733,0.241,0.0,1,37.496765,126.957886,0.044,0.0,12.26,6.9
1786957128.985,10645,0,0,0,0,1,heartbeat,0,14.15,-0.03,9999.0,25.0,0,ttc_capped,0.0014,table,1,37.496708,126.957733,0.225,0.0,1,37.496765,126.957886,0.044,0.0,12.39,6.84
1786957129.197,10647,0,0,0,0,1,heartbeat,0,14.22,-0.02,9999.0,25.0,0,ttc_capped,0.0014,table,1,37.496712,126.957726,0.213,0.0,1,37.496765,126.957886,0.044,0.0,12.5,6.77
1786957129.407,10649,0,0,0,0,1,heartbeat,0,14.69,-0.37,9999.0,25.0,0,ttc_capped,0.0015,table,1,37.496712,126.957726,0.229,0.0,1,37.496811,126.95787,0.058,0.0,12.19,8.19
1786957129.619,10651,0,0,0,0,1,heartbeat,0,15.18,-0.73,9999.0,25.0,0,ttc_capped,0.001,table,1,37.496712,126.957726,0.241,0.0,1,37.496811,126.95787,0.058,0.0,11.93,9.39
1786957129.831,10653,0,0,0,0,1,heartbeat,0,15.65,-1.03,9999.0,25.0,0,ttc_capped,0.0008,table,1,37.496716,126.957718,0.234,0.0,1,37.496811,126.95787,0.058,0.0,11.75,10.35
1786957130.045,10655,0,0,0,0,1,heartbeat,0,15.99,-1.15,9999.0,25.0,0,ttc_capped,0.0008,table,1,37.496716,126.957718,0.224,0.0,1,37.496807,126.95787,0.058,0.0,11.62,10.97
1786957130.254,10657,0,0,0,0,1,heartbeat,0,16.24,-1.19,9999.0,25.0,0,ttc_capped,0.0008,table,1,37.496719,126.957718,0.207,0.0,1,37.496807,126.95787,0.058,0.0,11.55,11.42
1786957130.465,10659,0,0,0,0,1,heartbeat,0,16.52,-1.23,9999.0,25.0,0,ttc_capped,0.0008,table,1,37.496719,126.957718,0.192,0.0,1,37.496811,126.95787,0.088,0.0,11.51,11.84
1786957130.677,10661,0,0,0,0,1,heartbeat,0,16.72,-1.2,9999.0,25.0,0,ttc_capped,0.0008,table,1,37.496719,126.957718,0.19,0.0,1,37.496811,126.95787,0.088,0.0,11.51,12.13
1786957130.887,10663,0,0,0,0,1,heartbeat,0,16.86,-1.12,9999.0,25.0,0,ttc_capped,0.0008,table,1,37.496723,126.95771,0.204,0.0,1,37.496811,126.95787,0.088,0.0,11.55,12.28
1786957131.096,10664,0,0,0,0,1,heartbeat,0,16.86,-0.94,9999.0,25.0,0,ttc_capped,0.0013,table,1,37.496723,126.95771,0.204,0.0,1,37.496811,126.95787,0.088,0.0,11.62,12.22
1786957131.317,10667,0,0,0,0,1,heartbeat,0,16.91,-0.8,9999.0,25.0,0,ttc_capped,0.001,table,1,37.496727,126.95771,0.233,0.0,1,37.496811,126.95787,0.098,0.0,11.74,12.17
1786957131.521,10669,0,0,0,0,1,heartbeat,0,16.91,-0.67,9999.0,25.0,0,ttc_capped,0.001,table,1,37.496727,126.95771,0.238,0.0,1,37.496811,126.95787,0.098,0.0,11.83,12.08
1786957131.731,10671,0,0,0,0,1,heartbeat,0,16.9,-0.54,9999.0,25.0,0,ttc_capped,0.001,table,1,37.496731,126.957703,0.25,0.0,1,37.496811,126.95787,0.098,0.0,11.95,11.95
1786957131.943,10673,0,0,0,0,1,heartbeat,0,16.88,-0.43,9999.0,25.0,0,ttc_capped,0.001,table,1,37.496731,126.957703,0.263,0.0,1,37.496811,126.95787,0.098,0.0,12.07,11.8
1786957132.165,10675,0,0,0,0,1,heartbeat,0,16.85,-0.33,9999.0,25.0,0,ttc_capped,0.001,table,1,37.496735,126.957703,0.27,0.0,1,37.496811,126.95787,0.098,0.0,12.18,11.64
1786957132.367,10677,0,0,0,0,1,heartbeat,0,16.8,-0.24,9999.0,25.0,0,ttc_capped,0.001,table,1,37.496735,126.957703,0.285,0.0,1,37.496811,126.95787,0.106,0.0,12.29,11.45
1786957132.577,10679,0,0,0,0,1,heartbeat,0,16.77,-0.17,9999.0,25.0,0,ttc_capped,0.001,table,1,37.496738,126.957695,0.301,0.0,1,37.496811,126.95787,0.106,0.0,12.42,11.26
1786957132.789,10681,0,0,0,0,1,heartbeat,0,16.74,-0.11,9999.0,25.0,0,ttc_capped,0.001,table,1,37.496738,126.957695,0.282,0.0,1,37.496811,126.95787,0.106,0.0,12.55,11.08
1786957133.001,10683,0,0,0,0,1,heartbeat,0,16.7,-0.06,9999.0,25.0,0,ttc_capped,0.0003,table,1,37.496742,126.957695,0.271,0.0,1,37.496811,126.95787,0.106,0.0,12.66,10.9
1786957133.21,10685,0,0,0,0,1,heartbeat,0,16.67,-0.03,9999.0,25.0,0,ttc_capped,0.0003,table,1,37.496746,126.957695,0.23,0.0,1,37.496811,126.95787,0.106,0.0,12.77,10.72
1786957133.428,10686,0,0,0,0,1,heartbeat,0,16.63,0.01,2031.98,5.6,0,ttc_capped,0.0044,table,1,37.496746,126.957695,0.23,0.0,1,37.496811,126.95787,0.099,0.0,12.84,10.57
1786957133.635,10689,0,0,0,0,1,heartbeat,0,16.63,0.02,1049.64,5.6,0,ttc_capped,0.0058,table,1,37.49675,126.957687,0.191,0.0,1,37.496811,126.95787,0.099,0.0,13.0,10.38
1786957133.842,10690,0,0,0,0,1,heartbeat,0,16.61,0.03,522.0,5.6,0,ttc_capped,0.0351,table,1,37.49675,126.957687,0.191,0.0,1,37.496811,126.95787,0.099,0.0,13.06,10.27
1786957134.064,10693,0,0,0,0,1,heartbeat,0,16.6,0.04,458.43,5.6,0,ttc_capped,0.0322,table,1,37.496754,126.957687,0.197,0.0,1,37.496811,126.95787,0.099,0.0,13.2,10.06
1786957134.266,10695,0,0,0,0,1,heartbeat,0,16.64,0.01,2094.67,5.6,0,ttc_capped,0.0266,table,1,37.496758,126.95768,0.196,0.0,1,37.496815,126.95787,0.086,0.0,13.3,9.99
1786957134.476,10697,0,0,0,0,1,heartbeat,0,16.71,-0.04,9999.0,25.0,0,ttc_capped,0.0012,table,1,37.496761,126.95768,0.205,0.0,1,37.496815,126.95787,0.086,0.0,13.41,9.97
1786957134.688,10699,0,0,0,0,1,heartbeat,0,16.76,-0.07,9999.0,25.0,0,ttc_capped,0.0012,table,1,37.496765,126.95768,0.223,0.0,1,37.496815,126.95787,0.086,0.0,13.5,9.93
1786957134.898,10701,0,0,0,0,1,heartbeat,0,16.8,-0.09,9999.0,25.0,0,ttc_capped,0.0012,table,1,37.496765,126.95768,0.244,0.0,1,37.496815,126.95787,0.086,0.0,13.59,9.88
1786957135.11,10703,0,0,0,0,1,heartbeat,0,16.85,-0.1,9999.0,25.0,0,ttc_capped,0.0012,table,1,37.496769,126.957672,0.281,0.0,1,37.496815,126.95787,0.086,0.0,13.7,9.8
1786957135.32,10705,0,0,0,0,1,heartbeat,0,16.87,-0.1,9999.0,25.0,0,ttc_capped,0.0012,table,1,37.496773,126.957672,0.314,0.0,1,37.496815,126.95787,0.13,0.0,13.8,9.71
1786957135.532,10707,0,0,0,0,1,heartbeat,0,16.9,-0.1,9999.0,25.0,0,ttc_capped,0.0012,table,1,37.496773,126.957672,0.339,0.0,1,37.496815,126.95787,0.13,0.0,13.89,9.62
1786957135.743,10709,0,0,0,0,1,heartbeat,0,16.92,-0.09,9999.0,25.0,0,ttc_capped,0.0012,table,1,37.496777,126.957664,0.343,0.0,1,37.496815,126.95787,0.13,0.0,13.99,9.5
1786957135.954,10711,0,0,0,0,1,heartbeat,0,16.94,-0.08,9999.0,25.0,0,ttc_capped,0.0012,table,1,37.496777,126.957664,0.34,0.0,1,37.496815,126.95787,0.13,0.0,14.1,9.39
1786957136.167,10713,0,0,0,0,1,heartbeat,0,16.95,-0.07,9999.0,25.0,0,ttc_capped,0.0012,table,1,37.49678,126.957664,0.338,0.0,1,37.496815,126.95787,0.13,0.0,14.2,9.26
1786957136.37,10714,0,0,0,0,1,heartbeat,0,17.02,-0.11,9999.0,25.0,0,ttc_capped,0.001,table,1,37.49678,126.957664,0.324,0.0,1,37.496819,126.95787,0.137,0.0,14.25,9.31
1786957136.573,10716,0,0,0,0,1,heartbeat,0,17.09,-0.13,9999.0,25.0,0,ttc_capped,0.0016,table,1,37.49678,126.957664,0.337,0.0,1,37.496819,126.95787,0.137,0.0,14.34,9.29
1786957136.773,10718,0,0,0,0,1,heartbeat,0,17.14,-0.15,9999.0,25.0,0,ttc_capped,0.0016,table,1,37.49678,126.957664,0.329,0.0,1,37.496819,126.95787,0.137,0.0,14.43,9.25
1786957136.974,10720,0,0,0,0,1,heartbeat,0,17.18,-0.15,9999.0,25.0,0,ttc_capped,0.0011,table,1,37.496784,126.957664,0.307,0.0,1,37.496819,126.95787,0.137,0.0,14.52,9.19
1786957137.18,10722,0,0,0,0,1,heartbeat,0,17.21,-0.14,9999.0,25.0,0,ttc_capped,0.0011,table,1,37.496784,126.957664,0.292,0.0,1,37.496819,126.95787,0.137,0.0,14.61,9.11
1786957137.382,10724,0,0,0,0,1,heartbeat,0,17.29,-0.17,9999.0,25.0,0,ttc_capped,0.001,table,1,37.496784,126.957664,0.276,0.0,1,37.496822,126.95787,0.117,0.0,14.69,9.12
1786957137.584,10726,0,0,0,0,1,heartbeat,0,17.35,-0.18,9999.0,25.0,0,ttc_capped,0.001,table,1,37.496784,126.957664,0.264,0.0,1,37.496822,126.95787,0.117,0.0,14.77,9.1
1786957137.786,10728,0,0,0,0,1,heartbeat,0,17.39,-0.18,9999.0,25.0,0,ttc_capped,0.0011,table,1,37.496784,126.957664,0.263,0.0,1,37.496822,126.95787,0.117,0.0,14.84,9.07
1786957137.988,10730,0,0,0,0,1,heartbeat,0,17.43,-0.17,9999.0,25.0,0,ttc_capped,0.0012,table,1,37.496784,126.957664,0.25,0.0,1,37.496822,126.95787,0.117,0.0,14.92,9.01
1786957138.196,10732,0,0,0,0,1,heartbeat,0,17.46,-0.16,9999.0,25.0,0,ttc_capped,0.0012,table,1,37.496784,126.957664,0.235,0.0,1,37.496822,126.95787,0.117,0.0,14.99,8.95
1786957138.406,10734,0,0,0,0,1,heartbeat,0,17.48,-0.14,9999.0,25.0,0,ttc_capped,0.0012,table,1,37.496784,126.957664,0.225,0.0,1,37.496822,126.95787,0.117,0.0,15.06,8.87
1786957138.618,10736,0,0,0,0,1,heartbeat,0,17.49,-0.12,9999.0,25.0,0,ttc_capped,0.0012,table,1,37.496784,126.957664,0.218,0.0,1,37.496822,126.95787,0.117,0.0,15.13,8.78
1786957138.826,10738,0,0,0,0,1,heartbeat,0,17.52,-0.11,9999.0,25.0,0,ttc_capped,0.0012,table,1,37.496784,126.957657,0.206,0.0,1,37.496822,126.95787,0.117,0.0,15.21,8.69
1786957139.028,10740,0,0,0,0,1,heartbeat,0,17.54,-0.09,9999.0,25.0,0,ttc_capped,0.0012,table,1,37.496784,126.957657,0.207,0.0,1,37.496822,126.95787,0.117,0.0,15.29,8.6
1786957139.232,10742,0,0,0,0,1,heartbeat,0,17.55,-0.07,9999.0,25.0,0,ttc_capped,0.0012,table,1,37.496784,126.957657,0.221,0.0,1,37.496822,126.95787,0.117,0.0,15.36,8.5
1786957139.44,10744,0,0,0,0,1,heartbeat,0,17.57,-0.06,9999.0,25.0,0,ttc_capped,0.0012,table,1,37.49678,126.957657,0.232,0.0,1,37.496822,126.95787,0.117,0.0,15.43,8.41
1786957139.652,10746,0,0,0,0,1,heartbeat,0,17.59,-0.04,9999.0,25.0,0,ttc_capped,0.0012,table,1,37.49678,126.957657,0.25,0.0,1,37.496822,126.95787,0.117,0.0,15.5,8.32
1786957139.862,10748,0,0,0,0,1,heartbeat,0,17.61,-0.03,9999.0,25.0,0,ttc_capped,0.0012,table,1,37.49678,126.957657,0.269,0.0,1,37.496822,126.95787,0.117,0.0,15.57,8.23
1786957140.08,10750,0,0,0,0,1,heartbeat,0,17.63,-0.02,9999.0,25.0,0,ttc_capped,0.0012,table,1,37.49678,126.957657,0.277,0.0,1,37.496822,126.95787,0.117,0.0,15.64,8.15
1786957140.296,10752,0,0,0,0,1,heartbeat,0,17.88,-0.2,9999.0,25.0,0,ttc_capped,0.0015,table,1,37.49678,126.957657,0.27,0.0,1,37.496872,126.957855,0.082,0.0,15.5,8.92
1786957140.504,10754,0,0,0,0,1,heartbeat,0,18.39,-0.59,9999.0,25.0,0,ttc_capped,0.0008,table,1,37.49678,126.957657,0.246,0.0,1,37.496872,126.957855,0.082,0.0,15.2,10.35
1786957140.707,10756,0,0,0,0,1,heartbeat,0,18.88,-0.94,9999.0,25.0,0,ttc_capped,0.0008,table,1,37.49678,126.957664,0.232,0.0,1,37.496872,126.957855,0.082,0.0,14.97,11.5
1786957140.918,10758,0,0,0,0,1,heartbeat,0,19.31,-1.2,9999.0,25.0,0,ttc_capped,0.0008,table,1,37.49678,126.957664,0.241,0.0,1,37.496872,126.957855,0.082,0.0,14.77,12.43
1786957141.129,10760,0,0,0,0,1,heartbeat,0,19.67,-1.35,9999.0,25.0,0,ttc_capped,0.0008,table,1,37.496777,126.957664,0.25,0.0,1,37.496872,126.957855,0.082,0.0,14.64,13.15
1786957141.34,10762,0,0,0,0,1,heartbeat,0,19.95,-1.4,9999.0,25.0,0,ttc_capped,0.0008,table,1,37.496777,126.957664,0.24,0.0,1,37.496872,126.957855,0.062,0.0,14.54,13.66
1786957141.553,10764,0,0,0,0,1,heartbeat,0,20.15,-1.37,9999.0,18.0,0,ttc_capped,0.0008,table,1,37.496777,126.957664,0.228,0.0,1,37.496872,126.957855,0.062,0.0,14.49,14.0
1786957141.764,10766,0,0,0,0,1,heartbeat,0,20.28,-1.27,9999.0,18.0,0,ttc_capped,0.0008,table,1,37.496777,126.957664,0.211,0.0,1,37.496872,126.957855,0.062,0.0,14.47,14.21
1786957141.982,10768,0,0,0,0,1,heartbeat,0,20.27,-1.06,9999.0,18.0,0,ttc_capped,0.0014,table,1,37.496777,126.957664,0.19,0.0,1,37.496872,126.957855,0.062,0.0,14.52,14.15
1786957142.186,10770,0,0,0,0,1,heartbeat,0,20.29,-0.92,9999.0,18.0,0,ttc_capped,0.0009,table,1,37.496773,126.957664,0.195,0.0,1,37.496872,126.957855,0.062,0.0,14.55,14.15
1786957142.398,10772,0,0,0,0,1,heartbeat,0,20.29,-0.77,9999.0,18.0,0,ttc_capped,0.0014,table,1,37.496773,126.957664,0.231,0.0,1,37.496872,126.957855,0.049,0.0,14.59,14.11
1786957142.606,10774,0,0,0,0,1,heartbeat,0,20.27,-0.63,9999.0,18.0,0,ttc_capped,0.0014,table,1,37.496769,126.957664,0.187,0.0,1,37.496872,126.957855,0.049,0.0,14.64,14.02
1786957142.818,10776,0,0,0,0,1,heartbeat,0,20.24,-0.5,9999.0,18.0,0,ttc_capped,0.0014,table,1,37.496769,126.957664,0.168,0.0,1,37.496872,126.957855,0.049,0.0,14.7,13.91
1786957143.026,10778,0,0,0,0,1,heartbeat,0,20.19,-0.38,9999.0,18.0,0,ttc_capped,0.0014,table,1,37.496765,126.957672,0.185,0.0,1,37.496872,126.957855,0.049,0.0,14.75,13.79
1786957143.242,10780,0,0,0,0,1,heartbeat,0,20.14,-0.28,9999.0,18.0,0,ttc_capped,0.0009,table,1,37.496765,126.957672,0.241,0.0,1,37.496872,126.957855,0.049,0.0,14.8,13.66
1786957143.45,10782,0,0,0,0,1,heartbeat,0,20.09,-0.19,9999.0,18.0,0,ttc_capped,0.0009,table,1,37.496761,126.957672,0.317,0.0,1,37.496872,126.957855,0.04,0.0,14.85,13.52
1786957143.662,10784,0,0,0,0,1,heartbeat,0,20.04,-0.13,9999.0,18.0,0,ttc_capped,0.0013,table,1,37.496761,126.957672,0.382,0.0,1,37.496872,126.957855,0.04,0.0,14.9,13.4
1786957143.876,10786,0,0,0,0,1,heartbeat,0,20.0,-0.07,9999.0,18.0,0,ttc_capped,0.0004,table,1,37.496758,126.957672,0.432,0.0,1,37.496872,126.957855,0.04,0.0,14.94,13.3
1786957144.089,10788,0,0,0,0,1,heartbeat,0,19.97,-0.03,9999.0,25.0,0,ttc_capped,0.0004,table,1,37.496754,126.95768,0.409,0.0,1,37.496872,126.957855,0.04,0.0,14.98,13.2
1786957144.296,10790,0,0,0,0,1,heartbeat,0,19.94,0.0,4835.99,5.6,0,ttc_capped,0.0055,table,1,37.496754,126.95768,0.365,0.0,1,37.496872,126.957855,0.033,0.0,15.01,13.12
1786957144.507,10792,0,0,0,0,1,heartbeat,0,19.92,0.03,747.73,5.6,0,ttc_capped,0.0036,table,1,37.49675,126.95768,0.307,0.0,1,37.496872,126.957855,0.033,0.0,15.03,13.06
1786957144.72,10794,0,0,0,0,1,heartbeat,0,19.9,0.04,477.2,5.6,0,ttc_capped,0.0036,table,1,37.49675,126.95768,0.239,0.0,1,37.496872,126.957855,0.033,0.0,15.05,13.02
1786957144.921,10795,0,0,0,0,1,heartbeat,0,19.89,0.05,373.08,5.6,0,ttc_capped,0.0036,table,1,37.496746,126.95768,0.195,0.0,1,37.496872,126.957855,0.033,0.0,15.07,12.97
1786957145.138,10797,0,0,0,0,1,heartbeat,0,19.88,0.06,355.48,5.6,0,ttc_capped,0.0036,table,1,37.496746,126.957687,0.201,0.0,1,37.496872,126.957855,0.033,0.0,15.08,12.96
1786957145.35,10800,0,0,0,0,1,heartbeat,0,19.89,0.06,357.36,5.6,0,ttc_capped,0.0045,table,1,37.496746,126.957687,0.179,0.0,1,37.496872,126.957855,0.024,0.0,15.08,12.97
1786957145.562,10802,0,0,0,0,1,heartbeat,0,19.89,0.05,376.05,5.6,0,ttc_capped,0.0045,table,1,37.496742,126.957687,0.165,0.0,1,37.496872,126.957855,0.024,0.0,15.08,12.98
1786957145.774,10804,0,0,0,0,1,heartbeat,0,19.91,0.05,409.42,5.6,0,ttc_capped,0.0045,table,1,37.496738,126.957687,0.172,0.0,1,37.496872,126.957855,0.024,0.0,15.08,13.0
1786957145.982,10806,0,0,0,0,1,heartbeat,0,19.93,0.04,457.73,5.6,0,ttc_capped,0.0045,table,1,37.496735,126.957687,0.171,0.0,1,37.496872,126.957855,0.024,0.0,15.07,13.03
1786957146.194,10808,0,0,0,0,1,heartbeat,0,19.95,0.04,527.84,5.6,0,ttc_capped,0.0045,table,1,37.496731,126.957687,0.165,0.0,1,37.496872,126.957855,0.024,0.0,15.07,13.08
1786957146.406,10810,0,0,0,0,1,heartbeat,0,20.07,-0.03,9999.0,18.0,0,ttc_capped,0.0003,table,1,37.496727,126.957687,0.154,0.0,1,37.496876,126.957855,0.022,0.0,15.07,13.26
1786957146.616,10812,0,0,0,0,1,heartbeat,0,20.18,-0.08,9999.0,18.0,0,ttc_capped,0.0004,table,1,37.496723,126.957687,0.176,0.0,1,37.496876,126.957855,0.022,0.0,15.06,13.43
1786957146.826,10814,0,0,0,0,1,heartbeat,0,20.28,-0.11,9999.0,18.0,0,ttc_capped,0.0004,table,1,37.496719,126.957687,0.179,0.0,1,37.496876,126.957855,0.022,0.0,15.06,13.58
1786957147.044,10816,0,0,0,0,1,heartbeat,0,20.37,-0.13,9999.0,18.0,0,ttc_capped,0.0014,table,1,37.496719,126.957695,0.183,0.0,1,37.496876,126.957855,0.022,0.0,15.05,13.73
1786957147.251,10818,0,0,0,0,1,heartbeat,0,20.44,-0.14,9999.0,18.0,0,ttc_capped,0.0014,table,1,37.496716,126.957695,0.191,0.0,1,37.496876,126.957855,0.022,0.0,15.03,13.86
1786957147.466,10820,0,0,0,0,1,heartbeat,0,20.51,-0.14,9999.0,18.0,0,ttc_capped,0.0014,table,1,37.496712,126.957695,0.173,0.0,1,37.496876,126.957855,0.034,0.0,15.01,13.97
1786957147.671,10822,0,0,0,0,1,heartbeat,0,20.57,-0.13,9999.0,18.0,0,ttc_capped,0.0014,table,1,37.496712,126.957695,0.166,0.0,1,37.496876,126.957855,0.034,0.0,15.0,14.08
1786957147.886,10823,0,0,0,0,1,heartbeat,0,20.6,-0.12,9999.0,18.0,0,ttc_capped,0.0013,table,1,37.496712,126.957695,0.166,0.0,1,37.496876,126.957855,0.034,0.0,14.99,14.13
1786957148.093,10826,0,0,0,0,1,heartbeat,0,20.68,-0.11,9999.0,18.0,0,ttc_capped,0.0004,table,1,37.496708,126.957703,0.157,0.0,1,37.496876,126.957855,0.034,0.0,14.96,14.27
1786957148.304,10828,0,0,0,0,1,heartbeat,0,20.72,-0.1,9999.0,18.0,0,ttc_capped,0.0004,table,1,37.496704,126.957703,0.178,0.0,1,37.496876,126.957855,0.034,0.0,14.93,14.36
1786957148.513,10829,0,0,0,0,1,heartbeat,0,20.73,-0.08,9999.0,18.0,0,ttc_capped,0.0003,table,1,37.496704,126.957703,0.195,0.0,1,37.496876,126.957855,0.033,0.0,14.91,14.39
1786957148.714,10831,0,0,0,0,1,heartbeat,0,20.76,-0.06,9999.0,18.0,0,ttc_capped,0.0003,table,1,37.496704,126.95771,0.204,0.0,1,37.496876,126.957855,0.033,0.0,14.88,14.47
1786957148.923,10833,0,0,0,0,1,heartbeat,0,20.79,-0.05,9999.0,18.0,0,ttc_capped,0.0003,table,1,37.4967,126.95771,0.183,0.0,1,37.496876,126.957855,0.033,0.0,14.85,14.56
1786957149.126,10835,0,0,0,0,1,heartbeat,0,20.83,-0.04,9999.0,18.0,0,ttc_capped,0.0003,table,1,37.4967,126.95771,0.15,0.0,1,37.496876,126.957855,0.033,0.0,14.81,14.64
1786957149.328,10837,0,0,0,0,1,heartbeat,0,20.86,-0.03,9999.0,18.0,0,ttc_capped,0.0003,table,1,37.496696,126.957718,0.128,0.0,1,37.496876,126.957855,0.039,0.0,14.77,14.73
1786957149.532,10839,0,0,0,0,1,heartbeat,0,20.88,-0.02,9999.0,18.0,0,ttc_capped,0.0003,table,1,37.496696,126.957718,0.114,0.0,1,37.496876,126.957855,0.039,0.0,14.72,14.81
1786957149.734,10841,0,0,0,0,1,heartbeat,0,20.91,-0.01,9999.0,18.0,0,ttc_capped,0.0003,table,1,37.496693,126.957718,0.13,0.0,1,37.496876,126.957855,0.039,0.0,14.67,14.9
1786957149.943,10843,0,0,0,0,1,heartbeat,0,20.95,-0.01,9999.0,18.0,0,ttc_capped,0.0003,table,1,37.496693,126.957718,0.14,0.0,1,37.496876,126.957855,0.039,0.0,14.63,14.99
1786957150.148,10845,0,0,0,0,1,heartbeat,0,20.97,-0.0,9999.0,18.0,0,ttc_capped,0.0102,table,1,37.496693,126.957726,0.147,0.0,1,37.496876,126.957855,0.039,0.0,14.58,15.08
1786957150.35,10847,0,0,0,0,1,heartbeat,0,20.88,0.09,236.9,4.2,0,ttc_capped,0.0007,table,1,37.496689,126.957726,0.126,0.0,1,37.496876,126.957848,0.04,0.0,14.35,15.17
1786957150.552,10849,0,0,0,0,1,heartbeat,0,20.82,0.15,139.01,4.2,0,ttc_capped,0.0024,table,1,37.496689,126.957726,0.105,0.0,1,37.496876,126.957848,0.04,0.0,14.15,15.27
1786957150.758,10851,0,0,0,0,1,heartbeat,0,20.76,0.19,110.86,4.2,0,ttc_capped,0.0035,table,1,37.496689,126.957733,0.074,0.0,1,37.496876,126.957848,0.04,0.0,13.97,15.36
1786957150.97,10853,0,0,0,0,1,heartbeat,0,20.73,0.21,100.99,4.2,0,ttc_capped,0.0035,table,1,37.496685,126.957733,0.064,0.0,1,37.496876,126.957848,0.04,0.0,13.81,15.46
1786957151.178,10855,0,0,0,0,1,heartbeat,0,20.71,0.21,99.15,4.2,0,ttc_capped,0.0089,table,1,37.496685,126.957733,0.074,0.0,1,37.496876,126.957848,0.04,0.0,13.67,15.56
1786957151.388,10857,0,0,0,0,1,heartbeat,0,20.7,0.2,102.45,4.2,0,ttc_capped,0.0137,table,1,37.496685,126.957741,0.099,0.0,1,37.496876,126.957848,0.03,0.0,13.55,15.65
1786957151.598,10859,0,0,0,0,1,heartbeat,0,20.7,0.19,110.32,4.2,0,ttc_capped,0.0177,table,1,37.496685,126.957741,0.111,0.0,1,37.496876,126.957848,0.03,0.0,13.44,15.75
1786957151.806,10861,0,0,0,0,1,heartbeat,0,20.72,0.17,122.44,4.2,0,ttc_capped,0.003,table,1,37.496681,126.957741,0.112,0.0,1,37.496876,126.957848,0.03,0.0,13.34,15.85
1786957152.006,10863,0,0,0,0,1,heartbeat,0,20.74,0.15,138.63,4.2,0,ttc_capped,0.003,table,1,37.496681,126.957748,0.109,0.0,1,37.496876,126.957848,0.03,0.0,13.25,15.95
1786957152.21,10865,0,0,0,0,1,heartbeat,0,20.76,0.13,161.26,4.2,0,ttc_capped,0.003,table,1,37.496681,126.957748,0.117,0.0,1,37.496876,126.957848,0.03,0.0,13.17,16.05
1786957152.418,10867,0,0,0,0,1,heartbeat,0,20.79,0.11,192.41,4.2,0,ttc_capped,0.0031,table,1,37.496681,126.957748,0.098,0.0,1,37.496876,126.957848,0.026,0.0,13.09,16.15
1786957152.63,10869,0,0,0,0,1,heartbeat,0,20.82,0.09,235.11,4.2,0,ttc_capped,0.0009,table,1,37.496681,126.957756,0.078,0.0,1,37.496876,126.957848,0.026,0.0,13.02,16.24
1786957152.84,10871,0,0,0,0,1,heartbeat,0,20.84,0.07,296.14,4.2,0,ttc_capped,0.0009,table,1,37.496677,126.957756,0.065,0.0,1,37.496876,126.957848,0.026,0.0,12.94,16.34
1786957153.052,10873,0,0,0,0,1,heartbeat,0,20.88,0.05,385.57,4.2,0,ttc_capped,0.0009,table,1,37.496677,126.957756,0.075,0.0,1,37.496876,126.957848,0.026,0.0,12.86,16.44
1786957153.262,10875,0,0,0,0,1,heartbeat,0,20.91,0.04,522.73,4.2,0,ttc_capped,0.0009,table,1,37.496677,126.957756,0.103,0.0,1,37.496876,126.957848,0.026,0.0,12.79,16.54
1786957153.476,10877,0,0,0,0,1,heartbeat,0,20.93,0.04,525.2,4.2,0,ttc_capped,0.0009,table,1,37.496677,126.957764,0.099,0.0,1,37.496876,126.957848,0.026,0.0,12.69,16.64
1786957153.686,10879,0,0,0,0,1,heartbeat,0,20.94,0.04,529.43,4.2,0,ttc_capped,0.0009,table,1,37.496677,126.957764,0.084,0.0,1,37.496876,126.957848,0.026,0.0,12.59,16.73
1786957163.968,10976,2,2,0,0,1,change,0,21.2,0.0,28011.9,4.2,0,ttc_capped,0.2807,model,1,37.496696,126.957809,0.08,0.0,1,37.496876,126.957848,0.018,0.0,8.26,19.53
1786957164.272,10979,2,2,2,2,1,heartbeat,0,18.83,4.47,4.21,9.6,0,table,0.0025,table,1,37.496696,126.957809,0.091,249.06,1,37.496841,126.957855,0.01,0.0,8.58,16.76
1786957164.478,10981,2,2,2,2,1,heartbeat,0,17.73,4.55,3.9,9.6,0,table,0.0006,table,1,37.4967,126.957809,0.084,249.06,1,37.496841,126.957855,0.01,0.0,8.71,15.45
1786957164.694,10983,2,2,2,2,1,heartbeat,0,17.38,3.31,5.25,8.6,0,table,0.0001,table,1,37.4967,126.957809,0.094,249.06,1,37.496841,126.957855,0.01,0.0,8.69,15.05
1786957164.9,10985,2,2,2,2,1,heartbeat,0,17.28,2.34,7.4,8.6,0,table,0.0008,table,1,37.4967,126.957809,0.16,249.06,1,37.496841,126.957855,0.01,0.0,8.63,14.98
1786957165.112,10987,2,2,2,2,1,heartbeat,0,17.27,1.65,10.43,7.2,0,table,0.0003,table,1,37.4967,126.957817,0.171,250.56,1,37.496841,126.957855,0.01,0.0,8.54,15.0
1786957165.318,10989,2,2,2,2,1,heartbeat,0,17.28,1.21,14.32,5.6,0,table,0.0024,table,1,37.4967,126.957817,0.124,250.56,1,37.496841,126.957855,0.018,0.0,8.45,15.07
1786957165.53,10991,2,2,2,2,1,heartbeat,0,17.27,0.91,19.01,5.6,0,table,0.0035,table,1,37.496704,126.957817,0.084,250.56,1,37.496841,126.957855,0.018,0.0,8.35,15.12
1786957165.732,10993,2,2,2,2,1,heartbeat,0,17.27,0.7,24.68,5.6,0,table,0.0037,table,1,37.496704,126.957817,0.073,250.56,1,37.496841,126.957855,0.018,0.0,8.26,15.17
1786957165.946,10995,2,2,2,2,1,heartbeat,0,17.27,0.54,31.88,5.6,0,ttc_capped,0.0037,table,1,37.496704,126.957817,0.062,253.85,1,37.496841,126.957855,0.018,0.0,8.17,15.21
1786957166.05,10996,0,0,2,2,1,change,0,17.27,0.47,36.52,5.6,0,ttc_capped,0.0018,table,1,37.496704,126.957817,0.054,254.35,1,37.496841,126.957855,0.018,0.0,8.13,15.24
1786957166.254,10998,0,0,0,0,1,heartbeat,0,17.27,0.37,46.89,5.6,0,ttc_capped,0.0037,table,1,37.496704,126.957817,0.05,254.35,1,37.496841,126.957855,0.014,0.0,8.04,15.28
1786957166.533,11000,0,0,0,0,1,heartbeat,0,17.28,0.25,68.94,5.6,0,ttc_capped,0.0084,table,1,37.496704,126.957825,0.068,254.35,1,37.496841,126.957855,0.014,0.0,7.95,15.35
1786957166.733,11002,0,0,0,0,1,heartbeat,0,17.27,0.19,90.36,5.6,0,ttc_capped,0.0084,table,1,37.496704,126.957825,0.061,254.35,1,37.496841,126.957855,0.014,0.0,7.85,15.38
1786957166.936,11004,0,0,0,0,1,heartbeat,0,17.25,0.14,121.14,5.6,0,ttc_capped,0.0097,table,1,37.496704,126.957825,0.054,254.35,1,37.496841,126.957855,0.014,0.0,7.76,15.41
1786957167.139,11006,0,0,0,0,1,heartbeat,0,17.23,0.1,168.28,5.6,0,ttc_capped,0.0029,table,1,37.496704,126.957825,0.049,254.35,1,37.496841,126.957855,0.014,0.0,7.67,15.43
1786957167.342,11008,0,0,0,0,1,heartbeat,0,17.21,0.07,246.17,5.6,0,ttc_capped,0.0029,table,1,37.496708,126.957825,0.068,254.35,1,37.496841,126.957855,0.007,0.0,7.58,15.45
1786957167.545,11010,0,0,0,0,1,heartbeat,0,17.19,0.04,394.06,5.6,0,ttc_capped,0.0029,table,1,37.496708,126.957825,0.113,0.0,1,37.496841,126.957855,0.007,0.0,7.5,15.47
1786957167.746,11012,0,0,0,0,1,heartbeat,0,17.16,0.02,753.57,5.6,0,ttc_capped,0.0029,table,1,37.496708,126.957825,0.142,0.0,1,37.496841,126.957855,0.007,0.0,7.41,15.48
1786957167.953,11014,0,0,0,0,1,heartbeat,0,17.13,0.01,2597.16,23.41,0,ttc_capped,0.0025,table,1,37.496708,126.957825,0.175,0.0,1,37.496841,126.957855,0.007,0.0,7.33,15.49
1786957168.162,11016,0,0,0,0,1,heartbeat,0,17.09,-0.01,9999.0,25.0,0,ttc_capped,0.0063,table,1,37.496712,126.957832,0.18,0.0,1,37.496841,126.957855,0.007,0.0,7.24,15.48
1786957168.37,11018,0,0,0,0,1,heartbeat,0,17.05,-0.01,9999.0,25.0,0,ttc_capped,0.0002,table,1,37.496712,126.957832,0.159,0.0,1,37.496841,126.957855,0.022,0.0,7.15,15.48
1786957168.584,11020,0,0,0,0,1,heartbeat,0,17.01,-0.02,9999.0,25.0,0,ttc_capped,0.0002,table,1,37.496712,126.957832,0.118,0.0,1,37.496841,126.957855,0.022,0.0,7.06,15.47
1786957168.79,11022,0,0,0,0,1,heartbeat,0,16.97,-0.02,9999.0,25.0,0,ttc_capped,0.0002,table,1,37.496712,126.957825,0.107,0.0,1,37.496841,126.957855,0.022,0.0,6.98,15.46
1786957168.992,11024,0,0,0,0,1,heartbeat,0,16.93,-0.02,9999.0,25.0,0,ttc_capped,0.0002,table,1,37.496712,126.957825,0.098,0.0,1,37.496841,126.957855,0.022,0.0,6.91,15.45
1786957169.2,11026,0,0,0,0,1,heartbeat,0,16.88,-0.02,9999.0,25.0,0,ttc_capped,0.0002,table,1,37.496716,126.957825,0.084,0.0,1,37.496841,126.957855,0.022,0.0,6.84,15.43
1786957169.402,11028,0,0,0,0,1,heartbeat,0,16.83,-0.02,9999.0,25.0,0,ttc_capped,0.0002,table,1,37.496716,126.957825,0.078,0.0,1,37.496841,126.957855,0.016,0.0,6.77,15.41
1786957169.615,11030,0,0,0,0,1,heartbeat,0,16.78,-0.02,9999.0,25.0,0,ttc_capped,0.0002,table,1,37.496716,126.957825,0.073,0.0,1,37.496841,126.957855,0.016,0.0,6.7,15.39
1786957169.824,11032,0,0,0,0,1,heartbeat,0,16.74,-0.02,9999.0,25.0,0,ttc_capped,0.0002,table,1,37.496716,126.957825,0.078,0.0,1,37.496841,126.957855,0.016,0.0,6.63,15.37
1786957170.034,11034,0,0,0,0,1,heartbeat,0,16.69,-0.02,9999.0,25.0,0,ttc_capped,0.0002,table,1,37.496716,126.957825,0.09,0.0,1,37.496841,126.957855,0.016,0.0,6.56,15.34
1786957170.244,11036,0,0,0,0,1,heartbeat,0,16.64,-0.01,9999.0,25.0,0,ttc_capped,0.0002,table,1,37.496716,126.957825,0.1,0.0,1,37.496841,126.957855,0.016,0.0,6.5,15.32
1786957170.456,11038,0,0,0,0,1,heartbeat,0,16.59,-0.01,9999.0,25.0,0,ttc_capped,0.0003,table,1,37.496716,126.957825,0.105,0.0,1,37.496841,126.957855,0.013,0.0,6.43,15.3
1786957170.669,11040,0,0,0,0,1,heartbeat,0,16.55,-0.01,9999.0,25.0,0,ttc_capped,0.0003,table,1,37.496716,126.957825,0.1,0.0,1,37.496841,126.957855,0.013,0.0,6.37,15.27
1786957170.878,11042,0,0,0,0,1,heartbeat,0,16.5,-0.01,9999.0,25.0,0,ttc_capped,0.0074,table,1,37.496716,126.957825,0.08,0.0,1,37.496841,126.957855,0.013,0.0,6.31,15.25
1786957171.09,11044,0,0,0,0,1,heartbeat,0,16.46,-0.0,9999.0,25.0,0,ttc_capped,0.0074,table,1,37.496716,126.957825,0.073,0.0,1,37.496841,126.957855,0.013,0.0,6.24,15.23
1786957171.301,11046,0,0,0,0,1,heartbeat,0,16.41,-0.0,9999.0,25.0,0,ttc_capped,0.005,table,1,37.496716,126.957825,0.051,0.0,1,37.496841,126.957855,0.012,0.0,6.18,15.2
1786957171.505,11048,0,0,0,0,1,heartbeat,0,16.37,-0.0,9999.0,25.0,0,ttc_capped,0.0074,table,1,37.496716,126.957825,0.039,0.0,1,37.496841,126.957855,0.012,0.0,6.13,15.18
1786957171.724,11050,0,0,0,0,1,heartbeat,0,16.33,-0.0,9999.0,25.0,0,ttc_capped,0.005,table,1,37.496716,126.957825,0.034,0.0,1,37.496841,126.957855,0.012,0.0,6.07,15.16
1786957171.931,11052,0,0,0,0,1,heartbeat,0,16.29,0.0,108307.8,5.6,0,ttc_capped,0.0036,table,1,37.496712,126.957825,0.024,0.0,1,37.496841,126.957855,0.012,0.0,6.01,15.14
1786957172.151,11054,0,0,0,0,1,heartbeat,0,16.26,0.0,12296.5,5.6,0,ttc_capped,0.001,table,1,37.496712,126.957825,0.034,0.0,1,37.496841,126.957855,0.012,0.0,5.95,15.13
1786957172.359,11056,0,0,0,0,1,heartbeat,0,16.35,-0.09,9999.0,25.0,0,ttc_capped,0.0002,table,1,37.496712,126.957825,0.038,0.0,1,37.496845,126.957855,0.008,0.0,5.9,15.25
1786957172.561,11058,0,0,0,0,1,heartbeat,0,16.42,-0.15,9999.0,25.0,0,ttc_capped,0.0002,table,1,37.496712,126.957817,0.057,0.0,1,37.496845,126.957855,0.008,0.0,5.86,15.34
1786957172.771,11060,0,0,0,0,1,heartbeat,0,16.49,-0.19,9999.0,25.0,0,ttc_capped,0.0007,table,1,37.496708,126.957817,0.079,0.0,1,37.496845,126.957855,0.008,0.0,5.82,15.43
1786957172.986,11062,0,0,0,0,1,heartbeat,0,16.53,-0.21,9999.0,25.0,0,ttc_capped,0.0011,table,1,37.496708,126.957817,0.125,0.0,1,37.496845,126.957855,0.008,0.0,5.77,15.49
1786957173.194,11064,0,0,0,0,1,heartbeat,0,16.57,-0.21,9999.0,25.0,0,ttc_capped,0.0011,table,1,37.496704,126.957809,0.189,0.0,1,37.496845,126.957855,0.008,0.0,5.75,15.55
1786957173.406,11066,0,0,0,0,1,heartbeat,0,16.61,-0.21,9999.0,25.0,0,ttc_capped,0.0011,table,1,37.4967,126.957809,0.214,0.0,1,37.496845,126.957855,0.009,0.0,5.72,15.59
1786957173.615,11068,0,0,0,0,1,heartbeat,0,16.63,-0.19,9999.0,25.0,0,ttc_capped,0.0007,table,1,37.4967,126.957802,0.207,0.0,1,37.496845,126.957855,0.009,0.0,5.69,15.63
1786957173.827,11070,0,0,0,0,1,heartbeat,0,16.66,-0.18,9999.0,25.0,0,ttc_capped,0.0007,table,1,37.496696,126.957802,0.18,0.0,1,37.496845,126.957855,0.009,0.0,5.68,15.66
1786957174.036,11072,0,0,0,0,1,heartbeat,0,16.68,-0.15,9999.0,25.0,0,ttc_capped,0.0007,table,1,37.496696,126.957794,0.185,0.0,1,37.496845,126.957855,0.009,0.0,5.67,15.68
1786957174.249,11074,0,0,0,0,1,heartbeat,0,16.69,-0.13,9999.0,25.0,0,ttc_capped,0.0002,table,1,37.496693,126.957794,0.2,0.0,1,37.496845,126.957855,0.009,0.0,5.66,15.7
1786957174.46,11076,0,0,0,0,1,heartbeat,0,16.72,-0.11,9999.0,25.0,0,ttc_capped,0.0002,table,1,37.496689,126.957787,0.222,0.0,1,37.496845,126.957855,0.005,0.0,5.66,15.73
1786957174.673,11078,0,0,0,0,1,heartbeat,0,16.74,-0.09,9999.0,25.0,0,ttc_capped,0.0002,table,1,37.496685,126.957787,0.252,0.0,1,37.496845,126.957855,0.005,0.0,5.67,15.75
1786957174.884,11080,0,0,0,0,1,heartbeat,0,16.77,-0.07,9999.0,25.0,0,ttc_capped,0.0003,table,1,37.496681,126.957779,0.263,0.0,1,37.496845,126.957855,0.005,0.0,5.68,15.78
1786957175.106,11082,0,0,0,0,1,heartbeat,0,16.81,-0.05,9999.0,25.0,0,ttc_capped,0.0003,table,1,37.496677,126.957771,0.264,0.0,1,37.496845,126.957855,0.005,0.0,5.7,15.81
1786957175.316,11084,0,0,0,0,1,heartbeat,0,16.86,-0.04,9999.0,25.0,0,ttc_capped,0.0003,table,1,37.496677,126.957771,0.273,0.0,1,37.496845,126.957855,0.002,0.0,5.73,15.85
1786957175.52,11086,0,0,0,0,1,heartbeat,0,16.91,-0.02,9999.0,25.0,0,ttc_capped,0.0003,table,1,37.496674,126.957764,0.287,0.0,1,37.496845,126.957855,0.002,0.0,5.77,15.9
1786957175.728,11088,0,0,0,0,1,heartbeat,0,16.97,-0.02,9999.0,25.0,0,ttc_capped,0.0003,table,1,37.49667,126.957764,0.305,0.0,1,37.496845,126.957855,0.002,0.0,5.81,15.95
1786957175.938,11090,0,0,0,0,1,heartbeat,0,17.05,-0.01,9999.0,25.0,0,ttc_capped,0.0003,table,1,37.496666,126.957756,0.312,0.0,1,37.496845,126.957855,0.002,0.0,5.86,16.01
1786957176.148,11092,0,0,0,0,1,heartbeat,0,17.12,-0.0,9999.0,25.0,0,ttc_capped,0.013,table,1,37.496662,126.957756,0.314,0.0,1,37.496845,126.957855,0.002,0.0,5.91,16.07
1786957176.361,11094,0,0,0,0,1,heartbeat,0,17.27,-0.05,9999.0,25.0,0,ttc_capped,0.0003,table,1,37.496662,126.957748,0.312,0.0,1,37.496849,126.957855,0.004,0.0,5.97,16.21
1786957176.573,11096,0,0,0,0,1,heartbeat,0,17.47,-0.12,9999.0,25.0,0,ttc_capped,0.0003,table,1,37.496658,126.957748,0.32,0.0,1,37.496849,126.957855,0.004,0.0,6.02,16.4
1786957176.784,11098,0,0,0,0,1,heartbeat,0,17.66,-0.16,9999.0,25.0,0,ttc_capped,0.001,table,1,37.496655,126.957741,0.318,0.0,1,37.496849,126.957855,0.004,0.0,6.09,16.58
1786957176.994,11100,0,0,0,0,1,heartbeat,0,17.85,-0.19,9999.0,25.0,0,ttc_capped,0.001,table,1,37.496651,126.957733,0.309,0.0,1,37.496849,126.957855,0.004,0.0,6.17,16.75
1786957177.206,11102,0,0,0,0,1,heartbeat,0,18.02,-0.2,9999.0,25.0,0,ttc_capped,0.001,table,1,37.496643,126.957733,0.32,0.0,1,37.496849,126.957855,0.004,0.0,6.25,16.9
1786957177.419,11104,0,0,0,0,1,heartbeat,0,18.19,-0.2,9999.0,25.0,0,ttc_capped,0.001,table,1,37.496639,126.957726,0.342,0.0,1,37.496849,126.957855,0.007,0.0,6.33,17.05
1786957177.627,11106,0,0,0,0,1,heartbeat,0,18.35,-0.19,9999.0,25.0,0,ttc_capped,0.001,table,1,37.496635,126.957718,0.356,0.0,1,37.496849,126.957855,0.007,0.0,6.42,17.19
1786957177.836,11107,0,0,0,0,1,heartbeat,0,18.43,-0.17,9999.0,25.0,0,ttc_capped,0.001,table,1,37.496635,126.957718,0.356,0.0,1,37.496849,126.957855,0.007,0.0,6.47,17.26
1786957178.047,11109,0,0,0,0,1,heartbeat,0,18.58,-0.15,9999.0,25.0,0,ttc_capped,0.0003,table,1,37.496632,126.957718,0.341,0.0,1,37.496849,126.957855,0.007,0.0,6.57,17.38
1786957178.256,11111,0,0,0,0,1,heartbeat,0,18.73,-0.13,9999.0,25.0,0,ttc_capped,0.0003,table,1,37.496632,126.95771,0.335,0.0,1,37.496849,126.957855,0.014,0.0,6.67,17.5
1786957178.457,11112,0,0,0,0,1,heartbeat,0,18.8,-0.11,9999.0,25.0,0,ttc_capped,0.0003,table,1,37.496632,126.95771,0.338,0.0,1,37.496849,126.957855,0.014,0.0,6.72,17.56
1786957178.658,11115,0,0,0,0,1,heartbeat,0,18.95,-0.09,9999.0,25.0,0,ttc_capped,0.0003,table,1,37.496628,126.957703,0.377,0.0,1,37.496849,126.957855,0.014,0.0,6.83,17.67
1786957178.861,11117,0,0,0,0,1,heartbeat,0,19.1,-0.07,9999.0,25.0,0,ttc_capped,0.0003,table,1,37.496624,126.957703,0.407,0.0,1,37.496849,126.957855,0.014,0.0,6.94,17.79
1786957179.067,11119,0,0,0,0,1,heartbeat,0,19.25,-0.06,9999.0,25.0,0,ttc_capped,0.0003,table,1,37.496624,126.957695,0.437,0.0,1,37.496849,126.957855,0.014,0.0,7.07,17.91
1786957179.267,11121,0,0,0,0,1,heartbeat,0,19.47,-0.09,9999.0,25.0,0,ttc_capped,0.0003,table,1,37.49662,126.957695,0.444,0.0,1,37.496853,126.957855,0.017,0.0,7.19,18.09
1786957179.471,11123,0,0,0,0,1,heartbeat,0,19.73,-0.15,9999.0,25.0,0,ttc_capped,0.0002,table,1,37.49662,126.957687,0.433,0.0,1,37.496853,126.957855,0.017,0.0,7.31,18.33
1786957179.673,11125,0,0,0,0,1,heartbeat,0,19.98,-0.19,9999.0,25.0,0,ttc_capped,0.0007,table,1,37.49662,126.957687,0.424,0.0,1,37.496853,126.957855,0.017,0.0,7.44,18.54
1786957179.873,11127,0,0,0,0,1,heartbeat,0,20.2,-0.21,9999.0,18.0,0,ttc_capped,0.0007,table,1,37.49662,126.957687,0.425,0.0,1,37.496853,126.957855,0.017,0.0,7.56,18.73
1786957180.079,11129,0,0,0,0,1,heartbeat,0,20.41,-0.21,9999.0,18.0,0,ttc_capped,0.0007,table,1,37.49662,126.957687,0.415,0.0,1,37.496853,126.957855,0.017,0.0,7.69,18.91
1786957180.29,11131,0,0,0,0,1,heartbeat,0,20.6,-0.21,9999.0,18.0,0,ttc_capped,0.0012,table,1,37.49662,126.957687,0.394,0.0,1,37.496853,126.957855,0.016,0.0,7.81,19.07
1786957180.501,11133,0,0,0,0,1,heartbeat,0,20.78,-0.2,9999.0,18.0,0,ttc_capped,0.001,table,1,37.49662,126.957687,0.369,0.0,1,37.496853,126.957855,0.016,0.0,7.93,19.21
1786957180.71,11135,0,0,0,0,1,heartbeat,0,20.96,-0.18,9999.0,18.0,0,ttc_capped,0.001,table,1,37.49662,126.957687,0.345,0.0,1,37.496853,126.957855,0.016,0.0,8.05,19.35
1786957180.917,11137,0,0,0,0,1,heartbeat,0,21.12,-0.16,9999.0,18.0,0,ttc_capped,0.001,table,1,37.49662,126.957687,0.319,0.0,1,37.496853,126.957855,0.016,0.0,8.16,19.48
1786957181.12,11139,0,0,0,0,1,heartbeat,0,21.27,-0.14,9999.0,18.0,0,ttc_capped,0.0003,table,1,37.49662,126.957687,0.303,0.0,1,37.496853,126.957855,0.016,0.0,8.27,19.59
1786957181.322,11141,0,0,0,0,1,heartbeat,0,21.47,-0.16,9999.0,18.0,0,ttc_capped,0.001,table,1,37.49662,126.957687,0.291,0.0,1,37.496857,126.957855,0.008,0.0,8.39,19.77
1786957181.531,11143,0,0,0,0,1,heartbeat,0,21.72,-0.21,9999.0,18.0,0,ttc_capped,0.001,table,1,37.49662,126.957687,0.275,0.0,1,37.496857,126.957855,0.008,0.0,8.5,19.99
1786957181.743,11145,0,0,0,0,1,heartbeat,0,21.94,-0.24,9999.0,18.0,0,ttc_capped,0.001,table,1,37.49662,126.957687,0.264,0.0,1,37.496857,126.957855,0.008,0.0,8.6,20.18
1786957181.957,11147,0,0,0,0,1,heartbeat,0,22.14,-0.25,9999.0,18.0,0,ttc_capped,0.001,table,1,37.49662,126.957687,0.258,0.0,1,37.496857,126.957855,0.008,0.0,8.71,20.36
1786957182.165,11149,0,0,0,0,1,heartbeat,0,22.33,-0.25,9999.0,18.0,0,ttc_capped,0.001,table,1,37.49662,126.957687,0.256,0.0,1,37.496857,126.957855,0.008,0.0,8.81,20.51
1786957182.383,11151,0,0,0,0,1,heartbeat,0,22.48,-0.24,9999.0,18.0,0,ttc_capped,0.001,table,1,37.496624,126.957695,0.235,0.0,1,37.496857,126.957855,0.009,0.0,8.9,20.65
1786957182.588,11153,0,0,0,0,1,heartbeat,0,22.62,-0.22,9999.0,18.0,0,ttc_capped,0.001,table,1,37.496624,126.957695,0.223,0.0,1,37.496857,126.957855,0.009,0.0,8.99,20.76
1786957182.799,11155,0,0,0,0,1,heartbeat,0,22.75,-0.2,9999.0,18.0,0,ttc_capped,0.001,table,1,37.496624,126.957695,0.22,0.0,1,37.496857,126.957855,0.009,0.0,9.08,20.86
1786957183.014,11157,0,0,0,0,1,heartbeat,0,22.87,-0.17,9999.0,18.0,0,ttc_capped,0.001,table,1,37.496624,126.957695,0.245,0.0,1,37.496857,126.957855,0.009,0.0,9.16,20.96
1786957183.22,11159,0,0,0,0,1,heartbeat,0,22.98,-0.14,9999.0,18.0,0,ttc_capped,0.0003,table,1,37.496628,126.957695,0.226,0.0,1,37.496857,126.957855,0.009,0.0,9.25,21.04
1786957183.431,11161,0,0,0,0,1,heartbeat,0,23.0,-0.07,9999.0,18.0,0,ttc_capped,0.001,table,1,37.496628,126.957703,0.197,0.0,1,37.496857,126.957848,0.012,0.0,9.14,21.11
1786957183.642,11163,0,0,0,0,1,heartbeat,0,23.03,-0.01,9999.0,18.0,0,ttc_capped,0.001,table,1,37.496628,126.957703,0.184,0.0,1,37.496857,126.957848,0.012,0.0,9.05,21.17
1786957183.853,11165,0,0,0,0,1,heartbeat,0,23.06,0.03,697.75,4.2,0,ttc_capped,0.0072,table,1,37.496628,126.957703,0.184,0.0,1,37.496857,126.957848,0.012,0.0,8.99,21.24
1786957184.062,11167,0,0,0,0,1,heartbeat,0,23.11,0.06,376.26,4.2,0,ttc_capped,0.0053,table,1,37.496628,126.957703,0.192,0.0,1,37.496857,126.957848,0.012,0.0,8.96,21.3
1786957184.265,11168,0,0,0,0,1,heartbeat,0,23.17,0.04,601.1,4.2,0,ttc_capped,0.0072,table,1,37.496628,126.957703,0.192,0.0,1,37.496861,126.957848,0.014,0.0,8.93,21.38
1786957184.468,11170,0,0,0,0,1,heartbeat,0,23.34,-0.03,9999.0,18.0,0,ttc_capped,0.0007,table,1,37.496628,126.957703,0.2,0.0,1,37.496861,126.957848,0.014,0.0,8.95,21.55
1786957184.671,11172,0,0,0,0,1,heartbeat,0,23.49,-0.07,9999.0,18.0,0,ttc_capped,0.0007,table,1,37.496628,126.957703,0.211,0.0,1,37.496861,126.957848,0.014,0.0,8.98,21.71
1786957184.908,11175,0,0,0,0,1,heartbeat,0,23.68,-0.11,9999.0,18.0,0,ttc_capped,0.001,table,1,37.496628,126.957703,0.172,0.0,1,37.496861,126.957848,0.014,0.0,9.05,21.89
1786957185.118,11177,0,0,0,0,1,heartbeat,0,23.82,-0.12,9999.0,18.0,0,ttc_capped,0.001,table,1,37.496628,126.957703,0.148,0.0,1,37.496861,126.957848,0.014,0.0,9.1,22.01
1786957185.34,11179,0,0,0,0,1,heartbeat,0,23.94,-0.13,9999.0,18.0,0,ttc_capped,0.001,table,1,37.496628,126.957703,0.13,0.0,1,37.496861,126.957848,0.012,0.0,9.16,22.12
1786957185.58,11181,0,0,0,0,1,heartbeat,0,24.05,-0.13,9999.0,18.0,0,ttc_capped,0.001,table,1,37.496628,126.957703,0.121,0.0,1,37.496861,126.957848,0.012,0.0,9.24,22.21
1786957185.784,11183,0,0,0,0,1,heartbeat,0,24.15,-0.12,9999.0,18.0,0,ttc_capped,0.001,table,1,37.496628,126.957703,0.109,0.0,1,37.496861,126.957848,0.012,0.0,9.3,22.28
1786957185.99,11185,0,0,0,0,1,heartbeat,0,24.25,-0.11,9999.0,18.0,0,ttc_capped,0.001,table,1,37.496624,126.957703,0.102,0.0,1,37.496861,126.957848,0.012,0.0,9.37,22.36
1786957186.198,11187,0,0,0,0,1,heartbeat,0,24.34,-0.1,9999.0,18.0,0,ttc_capped,0.0003,table,1,37.496624,126.957703,0.109,0.0,1,37.496861,126.957848,0.012,0.0,9.44,22.43
1786957186.408,11189,0,0,0,0,1,heartbeat,0,24.51,-0.15,9999.0,18.0,0,ttc_capped,0.0007,table,1,37.496624,126.957703,0.121,0.0,1,37.496864,126.957848,0.011,0.0,9.51,22.59
1786957186.622,11191,0,0,0,0,1,heartbeat,0,24.67,-0.18,9999.0,18.0,0,ttc_capped,0.0011,table,1,37.496624,126.957703,0.129,0.0,1,37.496864,126.957848,0.011,0.0,9.57,22.74
1786957186.825,11193,0,0,0,0,1,heartbeat,0,24.81,-0.2,9999.0,18.0,0,ttc_capped,0.0011,table,1,37.496624,126.957703,0.124,0.0,1,37.496864,126.957848,0.011,0.0,9.64,22.86
1786957187.026,11195,0,0,0,0,1,heartbeat,0,24.93,-0.2,9999.0,18.0,0,ttc_capped,0.0011,table,1,37.496624,126.957703,0.147,0.0,1,37.496864,126.957848,0.011,0.0,9.7,22.97
1786957187.23,11197,0,0,0,0,1,heartbeat,0,25.04,-0.19,9999.0,18.0,0,ttc_capped,0.0011,table,1,37.496624,126.957703,0.191,0.0,1,37.496864,126.957848,0.013,0.0,9.76,23.06
1786957187.438,11199,0,0,0,0,1,heartbeat,0,25.14,-0.18,9999.0,18.0,0,ttc_capped,0.0011,table,1,37.496624,126.957703,0.243,0.0,1,37.496864,126.957848,0.013,0.0,9.82,23.14
1786957187.65,11201,0,0,0,0,1,heartbeat,0,25.23,-0.16,9999.0,18.0,0,ttc_capped,0.0011,table,1,37.49662,126.957703,0.309,0.0,1,37.496864,126.957848,0.013,0.0,9.87,23.22
1786957187.866,11203,0,0,0,0,1,heartbeat,0,25.33,-0.15,9999.0,18.0,0,ttc_capped,0.0003,table,1,37.49662,126.957695,0.35,0.0,1,37.496864,126.957848,0.013,0.0,9.93,23.3
1786957188.072,11205,0,0,0,0,1,heartbeat,0,25.41,-0.13,9999.0,18.0,0,ttc_capped,0.0003,table,1,37.49662,126.957695,0.343,0.0,1,37.496864,126.957848,0.013,0.0,10.0,23.36
1786957188.282,11207,0,0,0,0,1,heartbeat,0,25.5,-0.11,9999.0,18.0,0,ttc_capped,0.0003,table,1,37.496616,126.957695,0.322,0.0,1,37.496864,126.957848,0.012,0.0,10.06,23.43
1786957188.494,11209,0,0,0,0,1,heartbeat,0,25.58,-0.09,9999.0,18.0,0,ttc_capped,0.0003,table,1,37.496616,126.957695,0.299,0.0,1,37.496864,126.957848,0.012,0.0,10.12,23.49
1786957188.705,11211,0,0,0,0,1,heartbeat,0,25.66,-0.07,9999.0,18.0,0,ttc_capped,0.0003,table,1,37.496616,126.957695,0.277,0.0,1,37.496864,126.957848,0.012,0.0,10.18,23.56
1786957188.919,11213,0,0,0,0,1,heartbeat,0,25.74,-0.05,9999.0,18.0,0,ttc_capped,0.0003,table,1,37.496616,126.957695,0.229,0.0,1,37.496864,126.957848,0.012,0.0,10.24,23.62
1786957189.127,11215,0,0,0,0,1,heartbeat,0,25.82,-0.04,9999.0,18.0,0,ttc_capped,0.0003,table,1,37.496616,126.957695,0.19,0.0,1,37.496864,126.957848,0.012,0.0,10.29,23.68
1786957189.338,11217,0,0,0,0,1,heartbeat,0,25.89,-0.03,9999.0,18.0,0,ttc_capped,0.0003,table,1,37.496616,126.957695,0.167,0.0,1,37.496864,126.957848,0.011,0.0,10.35,23.73
1786957189.555,11219,0,0,0,0,1,heartbeat,0,25.96,-0.02,9999.0,18.0,0,ttc_capped,0.0003,table,1,37.496616,126.957695,0.148,0.0,1,37.496864,126.957848,0.011,0.0,10.4,23.79
1786957189.756,11220,0,0,0,0,1,heartbeat,0,25.99,-0.01,9999.0,18.0,0,ttc_capped,0.0004,table,1,37.496616,126.957695,0.136,0.0,1,37.496864,126.957848,0.011,0.0,10.43,23.81
1786957189.973,11223,0,0,0,0,1,heartbeat,0,26.11,-0.0,9999.0,18.0,0,ttc_capped,0.0066,table,1,37.496616,126.957695,0.121,0.0,1,37.496864,126.957848,0.011,0.0,10.5,23.9
1786957190.189,11225,0,0,0,0,1,heartbeat,0,26.18,0.0,34513.91,4.2,0,ttc_capped,0.0021,table,1,37.496616,126.957695,0.105,0.0,1,37.496864,126.957848,0.011,0.0,10.55,23.96
1786957190.393,11227,0,0,0,0,1,heartbeat,0,26.37,-0.08,9999.0,18.0,0,ttc_capped,0.0003,table,1,37.496616,126.957695,0.099,0.0,1,37.496868,126.957848,0.013,0.0,10.6,24.14
1786957190.605,11229,0,0,0,0,1,heartbeat,0,26.54,-0.14,9999.0,18.0,0,ttc_capped,0.0003,table,1,37.496616,126.957695,0.086,0.0,1,37.496868,126.957848,0.013,0.0,10.65,24.31
1786957190.817,11231,0,0,0,0,1,heartbeat,0,26.69,-0.17,9999.0,18.0,0,ttc_capped,0.0009,table,1,37.496616,126.957695,0.083,0.0,1,37.496868,126.957848,0.013,0.0,10.7,24.45
1786957191.025,11233,0,0,0,0,1,heartbeat,0,26.83,-0.19,9999.0,18.0,0,ttc_capped,0.0009,table,1,37.496613,126.957695,0.084,0.0,1,37.496868,126.957848,0.013,0.0,10.74,24.58
1786957191.243,11235,0,0,0,0,1,heartbeat,0,26.95,-0.2,9999.0,18.0,0,ttc_capped,0.0009,table,1,37.496613,126.957695,0.082,0.0,1,37.496868,126.957848,0.013,0.0,10.79,24.7
1786957191.447,11237,0,0,0,0,1,heartbeat,0,26.98,-0.14,9999.0,18.0,0,ttc_capped,0.0009,table,1,37.496613,126.957695,0.078,0.0,1,37.496868,126.95784,0.009,0.0,10.63,24.8
1786957191.659,11239,0,0,0,0,1,heartbeat,0,27.01,-0.09,9999.0,18.0,0,ttc_capped,0.0006,table,1,37.496613,126.957695,0.085,0.0,1,37.496868,126.95784,0.009,0.0,10.5,24.88
1786957191.872,11241,0,0,0,0,1,heartbeat,0,27.04,-0.05,9999.0,18.0,0,ttc_capped,0.0008,table,1,37.496613,126.957695,0.106,0.0,1,37.496868,126.95784,0.009,0.0,10.4,24.96
1786957192.083,11243,0,0,0,0,1,heartbeat,0,27.08,-0.02,9999.0,18.0,0,ttc_capped,0.0008,table,1,37.496613,126.957695,0.132,0.0,1,37.496868,126.95784,0.009,0.0,10.33,25.03
1786957192.304,11245,0,0,0,0,1,heartbeat,0,27.12,0.01,5392.78,4.2,0,ttc_capped,0.028,table,1,37.496613,126.957695,0.15,0.0,1,37.496868,126.95784,0.009,0.0,10.28,25.09
1786957192.513,11247,0,0,0,0,1,heartbeat,0,27.16,0.02,1251.62,4.2,0,ttc_capped,0.0138,table,1,37.496613,126.957695,0.155,0.0,1,37.496868,126.95784,0.015,0.0,10.27,25.14
1786957192.716,11249,0,0,0,0,1,heartbeat,0,27.21,0.03,826.68,4.2,0,ttc_capped,0.0093,table,1,37.496613,126.957695,0.153,0.0,1,37.496868,126.95784,0.015,0.0,10.27,25.19
1786957192.927,11251,0,0,0,0,1,heartbeat,0,27.25,0.04,689.42,4.2,0,ttc_capped,0.0092,table,1,37.496613,126.957695,0.15,0.0,1,37.496868,126.95784,0.015,0.0,10.29,25.24
1786957193.135,11252,0,0,0,0,1,heartbeat,0,27.27,0.04,631.32,4.2,0,ttc_capped,0.0124,table,1,37.496613,126.957695,0.146,0.0,1,37.496868,126.95784,0.015,0.0,10.32,25.25
1786957193.339,11254,0,0,0,0,1,heartbeat,0,27.33,0.04,641.91,4.2,0,ttc_capped,0.0124,table,1,37.496613,126.957695,0.149,0.0,1,37.496868,126.95784,0.015,0.0,10.36,25.29
1786957193.558,11257,0,0,0,0,1,heartbeat,0,27.42,0.04,677.25,4.2,0,ttc_capped,0.0157,table,1,37.496613,126.957695,0.153,0.0,1,37.496868,126.95784,0.015,0.0,10.42,25.36
1786957193.77,11259,0,0,0,0,1,heartbeat,0,27.48,0.04,742.56,4.2,0,ttc_capped,0.0047,table,1,37.496613,126.957695,0.16,0.0,1,37.496868,126.95784,0.015,0.0,10.46,25.41
1786957193.98,11261,0,0,0,0,1,heartbeat,0,27.54,0.03,838.6,4.2,0,ttc_capped,0.0021,table,1,37.496613,126.957695,0.169,0.0,1,37.496868,126.95784,0.015,0.0,10.51,25.45
1786957194.192,11263,0,0,0,0,1,heartbeat,0,27.59,0.03,973.37,4.2,0,ttc_capped,0.0021,table,1,37.496613,126.957695,0.173,0.0,1,37.496868,126.95784,0.015,0.0,10.56,25.49
1786957194.402,11265,0,0,0,0,1,heartbeat,0,27.65,0.02,1161.63,4.2,0,ttc_capped,0.0021,table,1,37.496613,126.957695,0.168,0.0,1,37.496868,126.95784,0.015,0.0,10.61,25.54
1786957194.616,11267,0,0,0,0,1,heartbeat,0,27.71,0.02,1428.55,4.2,0,ttc_capped,0.0021,table,1,37.496613,126.957695,0.149,0.0,1,37.496868,126.95784,0.015,0.0,10.66,25.58
1786957194.824,11269,0,0,0,0,1,heartbeat,0,27.77,0.02,1820.75,4.2,0,ttc_capped,0.0021,table,1,37.496613,126.957695,0.14,0.0,1,37.496868,126.95784,0.015,0.0,10.71,25.62
1786957195.037,11271,0,0,0,0,1,heartbeat,0,27.83,0.01,2398.01,4.2,0,ttc_capped,0.002,table,1,37.496613,126.957703,0.132,0.0,1,37.496868,126.95784,0.015,0.0,10.75,25.67
1786957195.249,11273,0,0,0,0,1,heartbeat,0,27.88,0.01,3371.08,21.0,0,ttc_capped,0.003,table,1,37.496616,126.957703,0.118,0.0,1,37.496868,126.95784,0.015,0.0,10.78,25.71
1786957195.459,11275,0,0,0,0,1,heartbeat,0,28.05,-0.08,9999.0,18.0,0,ttc_capped,0.0003,table,1,37.496616,126.957703,0.1,0.0,1,37.496872,126.95784,0.008,0.0,10.81,25.88
1786957195.672,11277,0,0,0,0,1,heartbeat,0,28.2,-0.14,9999.0,18.0,0,ttc_capped,0.0003,table,1,37.496616,126.957703,0.092,0.0,1,37.496872,126.95784,0.008,0.0,10.84,26.03
1786957195.892,11279,0,0,0,0,1,heartbeat,0,28.33,-0.18,9999.0,18.0,0,ttc_capped,0.0009,table,1,37.496616,126.957703,0.087,0.0,1,37.496872,126.95784,0.008,0.0,10.87,26.16
1786957196.097,11281,0,0,0,0,1,heartbeat,0,28.43,-0.2,9999.0,18.0,0,ttc_capped,0.0009,table,1,37.496616,126.957703,0.087,0.0,1,37.496872,126.95784,0.008,0.0,10.89,26.26
1786957196.315,11283,0,0,0,0,1,heartbeat,0,28.53,-0.21,9999.0,18.0,0,ttc_capped,0.0009,table,1,37.496616,126.957703,0.1,0.0,1,37.496872,126.95784,0.012,0.0,10.92,26.35
1786957196.517,11285,0,0,0,0,1,heartbeat,0,28.6,-0.2,9999.0,18.0,0,ttc_capped,0.001,table,1,37.496616,126.957703,0.112,0.0,1,37.496872,126.95784,0.012,0.0,10.94,26.42
1786957196.723,11287,0,0,0,0,1,heartbeat,0,28.65,-0.19,9999.0,18.0,0,ttc_capped,0.0009,table,1,37.49662,126.95771,0.119,0.0,1,37.496872,126.95784,0.012,0.0,10.95,26.47
1786957196.937,11289,0,0,0,0,1,heartbeat,0,28.69,-0.17,9999.0,18.0,0,ttc_capped,0.0009,table,1,37.49662,126.95771,0.11,0.0,1,37.496872,126.95784,0.012,0.0,10.96,26.52
1786957197.147,11291,0,0,0,0,1,heartbeat,0,28.73,-0.15,9999.0,18.0,0,ttc_capped,0.0003,table,1,37.49662,126.95771,0.106,0.0,1,37.496872,126.95784,0.012,0.0,10.97,26.55
1786957197.357,11293,0,0,0,0,1,heartbeat,0,28.75,-0.13,9999.0,18.0,0,ttc_capped,0.0003,table,1,37.496624,126.95771,0.092,0.0,1,37.496872,126.95784,0.019,0.0,10.98,26.57
1786957197.567,11295,0,0,0,0,1,heartbeat,0,28.77,-0.11,9999.0,18.0,0,ttc_capped,0.0003,table,1,37.496624,126.95771,0.09,0.0,1,37.496872,126.95784,0.019,0.0,10.99,26.59
1786957197.777,11297,0,0,0,0,1,heartbeat,0,28.78,-0.09,9999.0,18.0,0,ttc_capped,0.0003,table,1,37.496624,126.957718,0.084,0.0,1,37.496872,126.95784,0.019,0.0,10.98,26.6
1786957197.986,11299,0,0,0,0,1,heartbeat,0,28.79,-0.07,9999.0,18.0,0,ttc_capped,0.0003,table,1,37.496624,126.957718,0.067,0.0,1,37.496872,126.95784,0.019,0.0,10.98,26.61
1786957198.197,11301,0,0,0,0,1,heartbeat,0,28.79,-0.05,9999.0,18.0,0,ttc_capped,0.0003,table,1,37.496624,126.957718,0.049,0.0,1,37.496872,126.95784,0.019,0.0,10.98,26.62
1786957198.408,11303,0,0,0,0,1,heartbeat,0,28.79,-0.04,9999.0,18.0,0,ttc_capped,0.0003,table,1,37.496628,126.957718,0.035,0.0,1,37.496872,126.95784,0.02,0.0,10.97,26.62
1786957198.618,11304,0,0,0,0,1,heartbeat,0,28.78,-0.02,9999.0,18.0,0,ttc_capped,0.0003,table,1,37.496628,126.957718,0.035,0.0,1,37.496872,126.95784,0.02,0.0,10.97,26.61
1786957198.82,11306,0,0,0,0,1,heartbeat,0,28.78,-0.01,9999.0,18.0,0,ttc_capped,0.0003,table,1,37.496628,126.957718,0.03,0.0,1,37.496872,126.95784,0.02,0.0,10.97,26.61
1786957199.043,11309,0,0,0,0,1,heartbeat,0,28.78,-0.01,9999.0,18.0,0,ttc_capped,0.0045,table,1,37.496628,126.957726,0.026,0.0,1,37.496872,126.95784,0.02,0.0,10.94,26.62
1786957199.255,11311,0,0,0,0,1,heartbeat,0,28.67,0.08,377.66,4.2,0,ttc_capped,0.0015,table,1,37.496632,126.957726,0.026,0.0,1,37.496868,126.957832,0.025,0.0,10.82,26.55
1786957199.465,11313,0,0,0,0,1,heartbeat,0,28.49,0.2,144.78,4.2,0,ttc_capped,0.0042,table,1,37.496632,126.957726,0.022,0.0,1,37.496868,126.957832,0.025,0.0,10.62,26.43
1786957199.685,11315,0,0,0,0,1,heartbeat,0,28.33,0.28,102.56,4.2,0,ttc_capped,0.0093,table,1,37.496632,126.957726,0.023,0.0,1,37.496868,126.957832,0.025,0.0,10.45,26.33
1786957199.895,11317,0,0,0,0,1,heartbeat,0,28.2,0.32,87.49,4.2,0,ttc_capped,0.0088,table,1,37.496632,126.957726,0.022,0.0,1,37.496868,126.957832,0.025,0.0,10.31,26.25
1786957200.101,11319,0,0,0,0,1,heartbeat,0,28.1,0.34,82.09,4.2,0,ttc_capped,0.0088,table,1,37.496632,126.957726,0.02,0.0,1,37.496868,126.957832,0.025,0.0,10.2,26.19
1786957200.309,11321,0,0,0,0,1,heartbeat,0,28.03,0.34,81.87,4.2,0,ttc_capped,0.0088,table,1,37.496632,126.957726,0.022,0.0,1,37.496868,126.957832,0.018,0.0,10.11,26.14
1786957200.52,11323,0,0,0,0,1,heartbeat,0,27.97,0.33,85.47,4.2,0,ttc_capped,0.0061,table,1,37.496632,126.957726,0.027,0.0,1,37.496868,126.957832,0.018,0.0,10.04,26.11
1786957200.73,11325,0,0,0,0,1,heartbeat,0,27.93,0.3,92.21,4.2,0,ttc_capped,0.0061,table,1,37.496635,126.957726,0.035,0.0,1,37.496868,126.957832,0.018,0.0,10.0,26.08
1786957200.941,11327,0,0,0,0,1,heartbeat,0,27.9,0.27,102.69,4.2,0,ttc_capped,0.0071,table,1,37.496635,126.957726,0.041,0.0,1,37.496868,126.957832,0.018,0.0,9.96,26.06
1786957201.152,11329,0,0,0,0,1,heartbeat,0,27.89,0.24,117.76,4.2,0,ttc_capped,0.0071,table,1,37.496635,126.957726,0.039,0.0,1,37.496868,126.957832,0.018,0.0,9.94,26.05
1786957201.364,11330,0,0,0,0,1,heartbeat,0,27.9,0.18,151.73,4.2,0,ttc_capped,0.0095,table,1,37.496635,126.957726,0.042,0.0,1,37.496868,126.957832,0.022,0.0,9.96,26.07
1786957201.565,11332,0,0,0,0,1,heartbeat,0,27.9,0.15,184.23,4.2,0,ttc_capped,0.012,table,1,37.496635,126.957733,0.043,0.0,1,37.496868,126.957832,0.022,0.0,9.95,26.07
1786957201.769,11334,0,0,0,0,1,heartbeat,0,27.9,0.12,229.9,4.2,0,ttc_capped,0.0036,table,1,37.496635,126.957733,0.041,0.0,1,37.496868,126.957832,0.022,0.0,9.94,26.07
1786957201.969,11336,0,0,0,0,1,heartbeat,0,27.9,0.09,295.16,4.2,0,ttc_capped,0.0036,table,1,37.496639,126.957733,0.036,0.0,1,37.496868,126.957832,0.022,0.0,9.93,26.07
1786957202.174,11338,0,0,0,0,1,heartbeat,0,27.89,0.07,393.93,4.2,0,ttc_capped,0.0036,table,1,37.496639,126.957733,0.027,0.0,1,37.496868,126.957832,0.022,0.0,9.92,26.07
1786957202.376,11340,0,0,0,0,1,heartbeat,0,27.89,0.05,553.17,4.2,0,ttc_capped,0.0036,table,1,37.496639,126.957733,0.023,0.0,1,37.496868,126.957832,0.024,0.0,9.91,26.07
1786957202.58,11342,0,0,0,0,1,heartbeat,0,27.88,0.03,834.28,4.2,0,ttc_capped,0.0036,table,1,37.496639,126.957733,0.015,0.0,1,37.496868,126.957832,0.024,0.0,9.9,26.07
1786957202.782,11344,0,0,0,0,1,heartbeat,0,27.88,0.02,1419.16,4.2,0,ttc_capped,0.0036,table,1,37.496639,126.957733,0.013,0.0,1,37.496868,126.957832,0.024,0.0,9.9,26.06
1786957202.982,11346,0,0,0,0,1,heartbeat,0,27.87,0.01,3162.1,4.2,0,ttc_capped,0.0036,table,1,37.496639,126.957733,0.012,0.0,1,37.496868,126.957832,0.024,0.0,9.89,26.06
1786957203.186,11348,0,0,0,0,1,heartbeat,0,27.86,0.0,37623.35,4.2,0,ttc_capped,0.0053,table,1,37.496643,126.957733,0.013,0.0,1,37.496868,126.957832,0.024,0.0,9.88,26.05
1786957203.402,11350,0,0,0,0,1,heartbeat,0,27.73,0.08,340.03,4.2,0,ttc_capped,0.0038,table,1,37.496643,126.957733,0.014,0.0,1,37.496864,126.957832,0.02,0.0,9.87,25.91
1786957203.606,11352,0,0,0,0,1,heartbeat,0,27.61,0.14,201.55,4.2,0,ttc_capped,0.0033,table,1,37.496643,126.957733,0.018,0.0,1,37.496864,126.957832,0.02,0.0,9.85,25.79
1786957203.814,11354,0,0,0,0,1,heartbeat,0,27.51,0.17,160.29,4.2,0,ttc_capped,0.0135,table,1,37.496643,126.957741,0.021,0.0,1,37.496864,126.957832,0.02,0.0,9.83,25.7
1786957204.026,11356,0,0,0,0,1,heartbeat,0,27.42,0.19,144.68,4.2,0,ttc_capped,0.0061,table,1,37.496643,126.957741,0.023,0.0,1,37.496864,126.957832,0.02,0.0,9.8,25.61
1786957204.234,11358,0,0,0,0,1,heartbeat,0,27.35,0.19,140.62,4.2,0,ttc_capped,0.0061,table,1,37.496643,126.957741,0.017,0.0,1,37.496864,126.957832,0.015,0.0,9.78,25.54
1786957204.436,11360,0,0,0,0,1,heartbeat,0,27.29,0.19,143.69,4.2,0,ttc_capped,0.0061,table,1,37.496643,126.957741,0.015,0.0,1,37.496864,126.957832,0.015,0.0,9.75,25.49
1786957204.638,11362,0,0,0,0,1,heartbeat,0,27.25,0.18,152.44,4.2,0,ttc_capped,0.0071,table,1,37.496643,126.957741,0.013,0.0,1,37.496864,126.957832,0.015,0.0,9.72,25.45
1786957204.846,11364,0,0,0,0,1,heartbeat,0,27.21,0.16,166.8,4.2,0,ttc_capped,0.0071,table,1,37.496643,126.957741,0.019,0.0,1,37.496864,126.957832,0.015,0.0,9.7,25.42
1786957205.049,11365,0,0,0,0,1,heartbeat,0,27.19,0.14,189.08,4.2,0,ttc_capped,0.0034,table,1,37.496643,126.957741,0.019,0.0,1,37.496864,126.957832,0.015,0.0,9.68,25.4
1786957205.269,11368,0,0,0,0,1,heartbeat,0,27.09,0.16,169.58,4.2,0,ttc_capped,0.0079,table,1,37.496647,126.957741,0.037,0.0,1,37.496861,126.957832,0.018,0.0,9.64,25.32
1786957205.481,11370,0,0,0,0,1,heartbeat,0,26.98,0.19,138.62,4.2,0,ttc_capped,0.011,table,1,37.496647,126.957741,0.048,0.0,1,37.496861,126.957832,0.018,0.0,9.62,25.21
1786957205.691,11372,0,0,0,0,1,heartbeat,0,26.88,0.21,126.89,4.2,0,ttc_capped,0.0108,table,1,37.496647,126.957741,0.044,0.0,1,37.496861,126.957832,0.018,0.0,9.59,25.12
1786957205.903,11374,0,0,0,0,1,heartbeat,0,26.8,0.22,124.22,4.2,0,ttc_capped,0.011,table,1,37.496647,126.957748,0.041,0.0,1,37.496861,126.957832,0.018,0.0,9.56,25.04
1786957206.113,11376,0,0,0,0,1,heartbeat,0,26.73,0.21,127.72,4.2,0,ttc_capped,0.011,table,1,37.496647,126.957748,0.041,0.0,1,37.496861,126.957832,0.018,0.0,9.52,24.98
1786957206.326,11378,0,0,0,0,1,heartbeat,0,26.68,0.2,136.33,4.2,0,ttc_capped,0.011,table,1,37.496647,126.957748,0.036,0.0,1,37.496861,126.957832,0.035,0.0,9.49,24.93
1786957206.534,11380,0,0,0,0,1,heartbeat,0,26.63,0.18,150.54,4.2,0,ttc_capped,0.0092,table,1,37.496647,126.957748,0.03,0.0,1,37.496861,126.957832,0.035,0.0,9.45,24.9
1786957206.747,11382,0,0,0,0,1,heartbeat,0,26.6,0.16,170.93,4.2,0,ttc_capped,0.0127,table,1,37.496647,126.957748,0.029,0.0,1,37.496861,126.957832,0.035,0.0,9.42,24.87
1786957206.956,11383,0,0,0,0,1,heartbeat,0,26.59,0.12,217.17,4.2,0,ttc_capped,0.0037,table,1,37.496647,126.957748,0.029,0.0,1,37.496861,126.957832,0.035,0.0,9.4,24.88
1786957207.163,11385,0,0,0,0,1,heartbeat,0,26.57,0.1,262.28,4.2,0,ttc_capped,0.0037,table,1,37.496647,126.957756,0.03,0.0,1,37.496861,126.957832,0.035,0.0,9.36,24.86
1786957207.37,11387,0,0,0,0,1,heartbeat,0,26.42,0.17,156.59,4.2,0,ttc_capped,0.0177,table,1,37.496647,126.957756,0.03,0.0,1,37.496857,126.957832,0.022,0.0,9.31,24.73
1786957207.571,11389,0,0,0,0,1,heartbeat,0,26.3,0.21,124.75,4.2,0,ttc_capped,0.0153,table,1,37.496647,126.957756,0.032,0.0,1,37.496857,126.957832,0.022,0.0,9.27,24.61
1786957207.771,11391,0,0,0,0,1,heartbeat,0,26.19,0.23,112.51,4.2,0,ttc_capped,0.0153,table,1,37.496647,126.957756,0.032,0.0,1,37.496857,126.957832,0.022,0.0,9.23,24.52
1786957207.972,11393,0,0,0,0,1,heartbeat,0,26.11,0.24,109.18,4.2,0,ttc_capped,0.0153,table,1,37.496647,126.957756,0.033,0.0,1,37.496857,126.957832,0.022,0.0,9.18,24.44
1786957208.18,11395,0,0,0,0,1,heartbeat,0,26.03,0.23,111.4,4.2,0,ttc_capped,0.0153,table,1,37.496647,126.957756,0.036,0.0,1,37.496857,126.957832,0.022,0.0,9.14,24.38
1786957208.434,11398,0,0,0,0,1,heartbeat,0,25.94,0.22,117.72,4.2,0,ttc_capped,0.0081,table,1,37.496651,126.957764,0.041,0.0,1,37.496857,126.957832,0.016,0.0,9.08,24.3
1786957208.646,11400,0,0,0,0,1,heartbeat,0,25.88,0.2,128.37,4.2,0,ttc_capped,0.008,table,1,37.496651,126.957764,0.05,0.0,1,37.496857,126.957832,0.016,0.0,9.02,24.25
1786957208.857,11402,0,0,0,0,1,heartbeat,0,25.83,0.18,144.06,4.2,0,ttc_capped,0.0092,table,1,37.496651,126.957764,0.054,0.0,1,37.496857,126.957832,0.016,0.0,8.97,24.22
1786957209.068,11404,0,0,0,0,1,heartbeat,0,25.78,0.16,166.21,4.2,0,ttc_capped,0.0092,table,1,37.496651,126.957764,0.057,0.0,1,37.496857,126.957832,0.016,0.0,8.92,24.19
1786957209.278,11406,0,0,0,0,1,heartbeat,0,25.75,0.13,197.48,4.2,0,ttc_capped,0.0028,table,1,37.496651,126.957764,0.057,0.0,1,37.496857,126.957832,0.016,0.0,8.88,24.17
1786957209.49,11408,0,0,0,0,1,heartbeat,0,25.72,0.11,241.13,4.2,0,ttc_capped,0.003,table,1,37.496651,126.957764,0.048,0.0,1,37.496857,126.957832,0.011,0.0,8.83,24.15
1786957209.701,11409,0,0,0,0,1,heartbeat,0,25.72,0.07,343.14,4.2,0,ttc_capped,0.0041,table,1,37.496651,126.957764,0.048,0.0,1,37.496857,126.957832,0.011,0.0,8.8,24.17
1786957209.912,11411,0,0,0,0,1,heartbeat,0,25.69,0.06,452.08,4.2,0,ttc_capped,0.0041,table,1,37.496655,126.957771,0.04,0.0,1,37.496857,126.957832,0.011,0.0,8.75,24.15
1786957210.113,11413,0,0,0,0,1,heartbeat,0,25.65,0.04,616.86,4.2,0,ttc_capped,0.0041,table,1,37.496655,126.957771,0.041,0.0,1,37.496857,126.957832,0.011,0.0,8.69,24.13
1786957210.316,11415,0,0,0,0,1,heartbeat,0,25.49,0.12,219.29,4.2,0,ttc_capped,0.0059,table,1,37.496655,126.957771,0.041,0.0,1,37.496853,126.957832,0.005,0.0,8.63,23.99
1786957210.52,11417,0,0,0,0,1,heartbeat,0,25.36,0.17,152.87,4.2,0,ttc_capped,0.0195,table,1,37.496655,126.957771,0.046,0.0,1,37.496853,126.957832,0.005,0.0,8.58,23.86
1786957210.759,11420,0,0,0,0,1,heartbeat,0,25.21,0.2,129.18,4.2,0,ttc_capped,0.0089,table,1,37.496655,126.957771,0.046,0.0,1,37.496853,126.957832,0.005,0.0,8.5,23.74
1786957210.967,11422,0,0,0,0,1,heartbeat,0,25.11,0.21,120.55,4.2,0,ttc_capped,0.0065,table,1,37.496655,126.957771,0.05,0.0,1,37.496853,126.957832,0.005,0.0,8.45,23.65
1786957211.179,11424,0,0,0,0,1,heartbeat,0,25.03,0.21,120.01,4.2,0,ttc_capped,0.0095,table,1,37.496655,126.957771,0.052,0.0,1,37.496853,126.957832,0.005,0.0,8.4,23.58
1786957211.389,11426,0,0,0,0,1,heartbeat,0,24.95,0.2,124.85,4.2,0,ttc_capped,0.0065,table,1,37.496658,126.957771,0.054,0.0,1,37.496853,126.957832,0.005,0.0,8.35,23.51
1786957211.599,11428,0,0,0,0,1,heartbeat,0,24.88,0.19,134.3,4.2,0,ttc_capped,0.0075,table,1,37.496658,126.957771,0.062,0.0,1,37.496853,126.957832,0.005,0.0,8.3,23.46
1786957211.811,11430,0,0,0,0,1,heartbeat,0,24.82,0.17,148.68,4.2,0,ttc_capped,0.0075,table,1,37.496658,126.957779,0.074,0.0,1,37.496853,126.957832,0.005,0.0,8.24,23.41
1786957212.021,11432,0,0,0,0,1,heartbeat,0,24.76,0.15,161.49,4.2,0,ttc_capped,0.0022,table,1,37.496658,126.957779,0.079,0.0,1,37.496853,126.957832,0.005,0.0,8.18,23.37
1786957212.232,11434,0,0,0,0,1,heartbeat,0,24.71,0.13,194.17,4.2,0,ttc_capped,0.0022,table,1,37.496658,126.957779,0.086,0.0,1,37.496853,126.957832,0.005,0.0,8.12,23.34
1786957212.444,11436,0,0,0,0,1,heartbeat,0,24.53,0.2,122.78,4.2,0,ttc_capped,0.0065,table,1,37.496662,126.957779,0.086,0.0,1,37.496849,126.957832,0.008,0.0,8.06,23.17
1786957212.661,11438,0,0,0,0,1,heartbeat,0,24.38,0.24,101.19,4.2,0,ttc_capped,0.0064,table,1,37.496662,126.957779,0.081,0.0,1,37.496849,126.957832,0.008,0.0,8.0,23.03
1786957212.87,11440,0,0,0,0,1,heartbeat,0,24.25,0.26,93.87,4.2,0,ttc_capped,0.0064,table,1,37.496662,126.957779,0.082,0.0,1,37.496849,126.957832,0.008,0.0,7.95,22.91
1786957213.077,11442,0,0,0,0,1,heartbeat,0,24.15,0.26,93.38,4.2,0,ttc_capped,0.0064,table,1,37.496662,126.957779,0.085,0.0,1,37.496849,126.957832,0.008,0.0,7.89,22.82
1786957213.297,11444,0,0,0,0,1,heartbeat,0,24.06,0.25,97.39,4.2,0,ttc_capped,0.0065,table,1,37.496662,126.957787,0.086,0.0,1,37.496849,126.957832,0.008,0.0,7.83,22.75
1786957213.501,11446,0,0,0,0,1,heartbeat,0,23.95,0.25,96.86,4.2,0,ttc_capped,0.0069,table,1,37.496666,126.957787,0.087,0.0,1,37.496849,126.957832,0.008,0.0,7.77,22.66
1786957223.969,11545,2,2,0,0,1,change,0,22.0,0.0,47569.52,4.2,0,ttc_capped,0.2091,model,1,37.496662,126.957787,0.038,0.0,1,37.496849,126.957832,0.006,0.0,5.41,21.32
1786957224.283,11548,2,2,2,2,1,heartbeat,0,21.94,0.02,1046.28,4.2,0,ttc_capped,0.0108,table,1,37.496662,126.957787,0.04,0.0,1,37.496845,126.957848,0.0,0.0,6.39,20.99
1786957224.493,11550,2,2,2,2,1,heartbeat,0,21.93,-0.03,9999.0,18.0,0,ttc_capped,0.001,table,1,37.496662,126.957787,0.038,0.0,1,37.496845,126.957848,0.0,0.0,6.84,20.83
1786957224.703,11552,2,2,2,2,1,heartbeat,0,21.91,-0.03,9999.0,18.0,0,ttc_capped,0.0007,table,1,37.496662,126.957787,0.041,0.0,1,37.496845,126.957848,0.0,0.0,6.96,20.78
1786957224.913,11554,2,2,2,2,1,heartbeat,0,21.9,-0.02,9999.0,18.0,0,ttc_capped,0.001,table,1,37.496662,126.957787,0.045,0.0,1,37.496845,126.957848,0.0,0.0,6.97,20.76
1786957225.115,11556,2,2,2,2,1,heartbeat,0,21.89,-0.01,9999.0,18.0,0,ttc_capped,0.001,table,1,37.496662,126.957787,0.047,252.84,1,37.496845,126.957848,0.0,0.0,6.95,20.75
1786957225.329,11558,2,2,2,2,1,heartbeat,0,21.87,-0.01,9999.0,18.0,0,ttc_capped,0.001,table,1,37.496662,126.957787,0.049,252.84,1,37.496845,126.957848,0.0,0.0,6.9,20.75
1786957225.599,11560,2,2,2,2,1,heartbeat,0,21.85,-0.0,9999.0,18.0,0,ttc_capped,0.0178,table,1,37.496666,126.957787,0.053,252.84,1,37.496845,126.957848,0.0,0.0,6.83,20.75
1786957225.806,11562,2,2,2,2,1,heartbeat,0,21.83,-0.0,9999.0,18.0,0,ttc_capped,0.0178,table,1,37.496666,126.957787,0.053,252.84,1,37.496845,126.957848,0.0,0.0,6.79,20.74
1786957226.018,11564,2,2,2,2,1,heartbeat,0,21.81,-0.0,9999.0,18.0,0,ttc_capped,0.0178,table,1,37.496666,126.957787,0.054,252.84,1,37.496845,126.957848,0.0,0.0,6.75,20.74
1786957226.22,11566,2,2,2,2,1,heartbeat,0,21.79,-0.0,9999.0,18.0,0,ttc_capped,0.0178,table,1,37.496666,126.957787,0.053,252.84,1,37.496845,126.957848,0.003,0.0,6.71,20.73
1786957226.319,11567,0,0,2,2,1,change,0,21.78,-0.0,9999.0,18.0,0,ttc_capped,0.0053,table,1,37.496666,126.957787,0.049,252.84,1,37.496845,126.957848,0.003,0.0,6.69,20.72
1786957226.521,11569,0,0,0,0,1,heartbeat,0,21.76,-0.0,9999.0,18.0,0,ttc_capped,0.0053,table,1,37.496666,126.957787,0.044,252.84,1,37.496845,126.957848,0.003,0.0,6.66,20.71
1786957226.723,11571,0,0,0,0,1,heartbeat,0,21.74,0.0,102027.63,4.2,0,ttc_capped,0.0056,table,1,37.496666,126.957787,0.04,0.0,1,37.496845,126.957848,0.003,0.0,6.62,20.7
1786957226.931,11573,0,0,0,0,1,heartbeat,0,21.71,0.0,33267.72,4.2,0,ttc_capped,0.0036,table,1,37.49667,126.957794,0.033,0.0,1,37.496845,126.957848,0.003,0.0,6.59,20.69
1786957227.211,11576,0,0,0,0,1,heartbeat,0,21.67,0.0,26684.97,4.2,0,ttc_capped,0.0021,table,1,37.49667,126.957794,0.041,0.0,1,37.496845,126.957848,0.003,0.0,6.55,20.66
1786957227.423,11578,0,0,0,0,1,heartbeat,0,21.64,0.0,24190.5,4.2,0,ttc_capped,0.0016,table,1,37.49667,126.957794,0.049,0.0,1,37.496845,126.957848,0.012,0.0,6.5,20.65
1786957227.636,11580,0,0,0,0,1,heartbeat,0,21.62,0.0,23750.39,4.2,0,ttc_capped,0.0016,table,1,37.49667,126.957794,0.071,0.0,1,37.496845,126.957848,0.012,0.0,6.46,20.63
1786957227.847,11582,0,0,0,0,1,heartbeat,0,21.59,0.0,24410.24,4.2,0,ttc_capped,0.0016,table,1,37.49667,126.957794,0.097,0.0,1,37.496845,126.957848,0.012,0.0,6.42,20.61
1786957228.058,11584,0,0,0,0,1,heartbeat,0,21.56,0.0,25636.43,4.2,0,ttc_capped,0.0016,table,1,37.49667,126.957794,0.133,0.0,1,37.496845,126.957848,0.012,0.0,6.38,20.6
1786957228.261,11585,0,0,0,0,1,heartbeat,0,21.55,0.0,26372.64,4.2,0,ttc_capped,0.0021,table,1,37.49667,126.957794,0.133,0.0,1,37.496845,126.957848,0.008,0.0,6.36,20.59
1786957228.481,11588,0,0,0,0,1,heartbeat,0,21.51,0.0,29996.06,4.2,0,ttc_capped,0.0023,table,1,37.49667,126.957794,0.192,0.0,1,37.496845,126.957848,0.008,0.0,6.31,20.57
1786957228.691,11590,0,0,0,0,1,heartbeat,0,21.49,0.0,31553.54,4.2,0,ttc_capped,0.0016,table,1,37.49667,126.957794,0.19,0.0,1,37.496845,126.957848,0.008,0.0,6.28,20.55
1786957228.899,11592,0,0,0,0,1,heartbeat,0,21.46,0.0,33072.51,4.2,0,ttc_capped,0.0016,table,1,37.49667,126.957794,0.174,0.0,1,37.496845,126.957848,0.008,0.0,6.26,20.53
1786957229.111,11594,0,0,0,0,1,heartbeat,0,21.44,0.0,34125.84,4.2,0,ttc_capped,0.0016,table,1,37.49667,126.957794,0.149,0.0,1,37.496845,126.957848,0.008,0.0,6.23,20.52
1786957229.321,11596,0,0,0,0,1,heartbeat,0,21.42,0.0,35251.69,4.2,0,ttc_capped,0.0016,table,1,37.49667,126.957794,0.117,0.0,1,37.496845,126.957848,0.02,0.0,6.2,20.5
1786957229.533,11598,0,0,0,0,1,heartbeat,0,21.39,0.0,35781.16,4.2,0,ttc_capped,0.0016,table,1,37.49667,126.957794,0.078,0.0,1,37.496845,126.957848,0.02,0.0,6.18,20.48
1786957229.743,11600,0,0,0,0,1,heartbeat,0,21.37,0.0,36256.39,4.2,0,ttc_capped,0.0016,table,1,37.49667,126.957794,0.063,0.0,1,37.496845,126.957848,0.02,0.0,6.15,20.47
1786957229.955,11602,0,0,0,0,1,heartbeat,0,21.35,0.0,36255.6,4.2,0,ttc_capped,0.0016,table,1,37.49667,126.957794,0.059,0.0,1,37.496845,126.957848,0.02,0.0,6.13,20.45
1786957230.167,11604,0,0,0,0,1,heartbeat,0,21.33,0.0,36148.93,4.2,0,ttc_capped,0.0016,table,1,37.49667,126.957794,0.055,0.0,1,37.496845,126.957848,0.02,0.0,6.11,20.43
1786957230.378,11606,0,0,0,0,1,heartbeat,0,21.3,0.0,35987.88,4.2,0,ttc_capped,0.0016,table,1,37.49667,126.957794,0.055,0.0,1,37.496845,126.957848,0.012,0.0,6.08,20.42
1786957230.592,11608,0,0,0,0,1,heartbeat,0,21.29,0.0,41651.58,4.2,0,ttc_capped,0.0021,table,1,37.49667,126.957787,0.076,0.0,1,37.496845,126.957848,0.012,0.0,6.07,20.4
1786957230.801,11610,0,0,0,0,1,heartbeat,0,21.27,0.0,41646.79,4.2,0,ttc_capped,0.0021,table,1,37.49667,126.957787,0.103,0.0,1,37.496845,126.957848,0.012,0.0,6.06,20.39
1786957231.016,11612,0,0,0,0,1,heartbeat,0,21.25,0.0,40829.74,4.2,0,ttc_capped,0.0021,table,1,37.49667,126.957787,0.152,0.0,1,37.496845,126.957848,0.012,0.0,6.05,20.37
1786957231.223,11614,0,0,0,0,1,heartbeat,0,21.23,0.0,40944.12,4.2,0,ttc_capped,0.0021,table,1,37.49667,126.957787,0.249,0.0,1,37.496845,126.957848,0.012,0.0,6.04,20.36
1786957231.424,11615,0,0,0,0,1,heartbeat,0,21.39,-0.12,9999.0,18.0,0,ttc_capped,0.0002,table,1,37.49667,126.957787,0.249,0.0,1,37.496849,126.957848,0.024,0.0,6.03,20.53
1786957231.648,11618,0,0,0,0,1,heartbeat,0,21.46,-0.17,9999.0,18.0,0,ttc_capped,0.0007,table,1,37.49667,126.957787,0.307,0.0,1,37.496849,126.957848,0.024,0.0,6.02,20.6
1786957231.856,11620,0,0,0,0,1,heartbeat,0,21.52,-0.2,9999.0,18.0,0,ttc_capped,0.0012,table,1,37.49667,126.957779,0.324,0.0,1,37.496849,126.957848,0.024,0.0,6.01,20.67
1786957232.069,11622,0,0,0,0,1,heartbeat,0,21.57,-0.21,9999.0,18.0,0,ttc_capped,0.0012,table,1,37.49667,126.957779,0.322,0.0,1,37.496849,126.957848,0.024,0.0,6.02,20.72
1786957232.279,11624,0,0,0,0,1,heartbeat,0,21.6,-0.21,9999.0,18.0,0,ttc_capped,0.001,table,1,37.49667,126.957779,0.314,0.0,1,37.496849,126.957848,0.043,0.0,6.02,20.75
1786957232.49,11626,0,0,0,0,1,heartbeat,0,21.62,-0.2,9999.0,18.0,0,ttc_capped,0.001,table,1,37.49667,126.957779,0.296,0.0,1,37.496849,126.957848,0.043,0.0,6.02,20.77
1786957232.7,11628,0,0,0,0,1,heartbeat,0,21.63,-0.19,9999.0,18.0,0,ttc_capped,0.001,table,1,37.49667,126.957779,0.279,0.0,1,37.496849,126.957848,0.043,0.0,6.02,20.78
1786957232.913,11630,0,0,0,0,1,heartbeat,0,21.64,-0.17,9999.0,18.0,0,ttc_capped,0.001,table,1,37.49667,126.957779,0.255,0.0,1,37.496849,126.957848,0.043,0.0,6.02,20.78
1786957233.124,11632,0,0,0,0,1,heartbeat,0,21.63,-0.15,9999.0,18.0,0,ttc_capped,0.0003,table,1,37.49667,126.957787,0.223,0.0,1,37.496849,126.957848,0.043,0.0,6.01,20.77
1786957233.335,11634,0,0,0,0,1,heartbeat,0,21.6,-0.13,9999.0,18.0,0,ttc_capped,0.0003,table,1,37.496674,126.957787,0.194,0.0,1,37.496849,126.957848,0.034,0.0,6.0,20.75
1786957233.546,11636,0,0,0,0,1,heartbeat,0,21.58,-0.1,9999.0,18.0,0,ttc_capped,0.0003,table,1,37.496674,126.957787,0.157,0.0,1,37.496849,126.957848,0.034,0.0,5.99,20.73
1786957233.757,11637,0,0,0,0,1,heartbeat,0,21.55,-0.07,9999.0,18.0,0,ttc_capped,0.0003,table,1,37.496674,126.957787,0.122,0.0,1,37.496849,126.957848,0.034,0.0,5.99,20.7
1786957233.958,11639,0,0,0,0,1,heartbeat,0,21.52,-0.06,9999.0,18.0,0,ttc_capped,0.0003,table,1,37.496674,126.957787,0.093,0.0,1,37.496849,126.957848,0.034,0.0,5.98,20.67
1786957234.171,11641,0,0,0,0,1,heartbeat,0,21.49,-0.04,9999.0,18.0,0,ttc_capped,0.0003,table,1,37.496674,126.957787,0.072,0.0,1,37.496849,126.957848,0.034,0.0,5.97,20.65
1786957234.393,11644,0,0,0,0,1,heartbeat,0,21.45,-0.03,9999.0,18.0,0,ttc_capped,0.0002,table,1,37.496674,126.957787,0.059,0.0,1,37.496849,126.957848,0.022,0.0,5.95,20.61
1786957234.607,11646,0,0,0,0,1,heartbeat,0,21.42,-0.02,9999.0,18.0,0,ttc_capped,0.0003,table,1,37.496674,126.957787,0.051,0.0,1,37.496849,126.957848,0.022,0.0,5.94,20.58
1786957234.817,11648,0,0,0,0,1,heartbeat,0,21.4,-0.01,9999.0,18.0,0,ttc_capped,0.0003,table,1,37.496674,126.957787,0.058,0.0,1,37.496849,126.957848,0.022,0.0,5.93,20.56
1786957235.023,11650,0,0,0,0,1,heartbeat,0,21.37,-0.0,9999.0,18.0,0,ttc_capped,0.007,table,1,37.496674,126.957787,0.072,0.0,1,37.496849,126.957848,0.022,0.0,5.92,20.53
1786957235.235,11652,0,0,0,0,1,heartbeat,0,21.35,0.0,22200.05,21.0,0,ttc_capped,0.0022,table,1,37.496674,126.957787,0.092,0.0,1,37.496849,126.957848,0.022,0.0,5.91,20.51
1786957235.448,11654,0,0,0,0,1,heartbeat,0,21.32,0.0,4530.54,12.79,0,ttc_capped,0.0031,table,1,37.496674,126.957787,0.099,0.0,1,37.496849,126.957848,0.014,0.0,5.91,20.49
1786957235.657,11656,0,0,0,0,1,heartbeat,0,21.3,0.01,2880.78,11.79,0,ttc_capped,0.0031,table,1,37.496677,126.957787,0.095,0.0,1,37.496849,126.957848,0.014,0.0,5.9,20.46
1786957235.869,11658,0,0,0,0,1,heartbeat,0,21.27,0.01,2361.68,11.52,0,ttc_capped,0.0031,table,1,37.496677,126.957787,0.082,0.0,1,37.496849,126.957848,0.014,0.0,5.89,20.44
1786957236.08,11660,0,0,0,0,1,heartbeat,0,21.24,0.01,2167.69,11.45,0,ttc_capped,0.0031,table,1,37.496677,126.957787,0.075,0.0,1,37.496849,126.957848,0.014,0.0,5.88,20.41
1786957236.291,11662,0,0,0,0,1,heartbeat,0,21.22,0.01,2126.31,11.49,0,ttc_capped,0.0031,table,1,37.496677,126.957787,0.067,0.0,1,37.496849,126.957848,0.014,0.0,5.87,20.39
1786957236.502,11664,0,0,0,0,1,heartbeat,0,21.19,0.01,2186.6,11.59,0,ttc_capped,0.0031,table,1,37.496677,126.957787,0.065,0.0,1,37.496849,126.957848,0.009,0.0,5.86,20.37
1786957236.713,11666,0,0,0,0,1,heartbeat,0,21.17,0.01,2332.3,11.74,0,ttc_capped,0.0031,table,1,37.496677,126.957787,0.062,0.0,1,37.496849,126.957848,0.009,0.0,5.86,20.34
1786957236.92,11667,0,0,0,0,1,heartbeat,0,21.16,0.01,2699.83,12.09,0,ttc_capped,0.0036,table,1,37.496677,126.957787,0.064,0.0,1,37.496849,126.957848,0.009,0.0,5.85,20.33
1786957237.125,11669,0,0,0,0,1,heartbeat,0,21.14,0.01,3031.6,14.78,0,ttc_capped,0.0023,table,1,37.496677,126.957794,0.072,0.0,1,37.496849,126.957848,0.009,0.0,5.84,20.31
1786957237.332,11671,0,0,0,0,1,heartbeat,0,21.11,0.01,3482.78,16.53,0,ttc_capped,0.0023,table,1,37.496677,126.957794,0.077,0.0,1,37.496849,126.957848,0.007,0.0,5.82,20.29
1786957237.556,11674,0,0,0,0,1,heartbeat,0,21.08,0.01,4106.49,17.52,0,ttc_capped,0.002,table,1,37.496677,126.957794,0.076,0.0,1,37.496849,126.957848,0.007,0.0,5.79,20.27
1786957237.774,11676,0,0,0,0,1,heartbeat,0,21.06,0.0,4900.13,19.11,0,ttc_capped,0.002,table,1,37.496677,126.957794,0.074,0.0,1,37.496849,126.957848,0.007,0.0,5.78,20.25
1786957237.986,11678,0,0,0,0,1,heartbeat,0,21.03,0.0,5984.17,21.0,0,ttc_capped,0.002,table,1,37.496677,126.957794,0.068,0.0,1,37.496849,126.957848,0.007,0.0,5.76,20.23
1786957238.192,11680,0,0,0,0,1,heartbeat,0,21.01,0.0,7458.27,21.0,0,ttc_capped,0.0023,table,1,37.496677,126.957794,0.068,0.0,1,37.496849,126.957848,0.007,0.0,5.74,20.21
1786957238.398,11682,0,0,0,0,1,heartbeat,0,20.99,0.0,9465.54,21.0,0,ttc_capped,0.0023,table,1,37.496677,126.957794,0.073,0.0,1,37.496849,126.957848,0.011,0.0,5.73,20.19
1786957238.611,11684,0,0,0,0,1,heartbeat,0,20.97,0.0,12200.85,21.0,0,ttc_capped,0.0023,table,1,37.496677,126.957794,0.101,0.0,1,37.496849,126.957848,0.011,0.0,5.71,20.18
1786957238.82,11686,0,0,0,0,1,heartbeat,0,20.95,0.0,16043.54,20.71,0,ttc_capped,0.002,table,1,37.496677,126.957794,0.111,0.0,1,37.496849,126.957848,0.011,0.0,5.7,20.16
1786957239.032,11688,0,0,0,0,1,heartbeat,0,20.93,0.0,18125.47,17.63,0,ttc_capped,0.002,table,1,37.496681,126.957794,0.119,0.0,1,37.496849,126.957848,0.011,0.0,5.68,20.14
1786957239.243,11690,0,0,0,0,1,heartbeat,0,20.9,0.0,22177.84,11.67,0,ttc_capped,0.0031,table,1,37.496681,126.957794,0.126,0.0,1,37.496849,126.957848,0.011,0.0,5.67,20.12
1786957239.454,11692,0,0,0,0,1,heartbeat,0,20.87,0.0,27926.25,4.2,0,ttc_capped,0.0031,table,1,37.496681,126.957794,0.13,0.0,1,37.496849,126.957848,0.013,0.0,5.65,20.09
1786957239.667,11694,0,0,0,0,1,heartbeat,0,20.85,0.0,34836.97,4.2,0,ttc_capped,0.0028,table,1,37.496681,126.957794,0.123,0.0,1,37.496849,126.957848,0.013,0.0,5.64,20.07
1786957239.874,11695,0,0,0,0,1,heartbeat,0,20.83,0.0,43226.3,4.2,0,ttc_capped,0.0025,table,1,37.496681,126.957794,0.123,0.0,1,37.496849,126.957848,0.013,0.0,5.63,20.06
1786957240.079,11697,0,0,0,0,1,heartbeat,0,20.81,0.0,45883.39,4.2,0,ttc_capped,0.0025,table,1,37.496681,126.957794,0.107,0.0,1,37.496849,126.957848,0.013,0.0,5.61,20.04
1786957240.284,11699,0,0,0,0,1,heartbeat,0,20.78,0.0,50624.86,4.2,0,ttc_capped,0.0025,table,1,37.496681,126.957794,0.087,0.0,1,37.496849,126.957848,0.009,0.0,5.6,20.01
1786957240.487,11701,0,0,0,0,1,heartbeat,0,20.76,0.0,51840.49,4.2,0,ttc_capped,0.0025,table,1,37.496681,126.957794,0.071,0.0,1,37.496849,126.957848,0.009,0.0,5.59,19.99
1786957240.719,11704,0,0,0,0,1,heartbeat,0,20.72,0.0,40585.56,4.2,0,ttc_capped,0.0016,table,1,37.496681,126.957802,0.057,0.0,1,37.496849,126.957848,0.009,0.0,5.55,19.96
1786957240.929,11706,0,0,0,0,1,heartbeat,0,20.69,0.0,38854.14,4.2,0,ttc_capped,0.0016,table,1,37.496681,126.957802,0.057,0.0,1,37.496849,126.957848,0.009,0.0,5.52,19.94
1786957241.139,11708,0,0,0,0,1,heartbeat,0,20.66,0.0,37211.85,4.2,0,ttc_capped,0.0016,table,1,37.496681,126.957802,0.061,0.0,1,37.496849,126.957848,0.009,0.0,5.5,19.92
1786957241.353,11710,0,0,0,0,1,heartbeat,0,20.64,0.0,35256.11,4.2,0,ttc_capped,0.0016,table,1,37.496681,126.957802,0.063,0.0,1,37.496849,126.957848,0.012,0.0,5.47,19.9
1786957241.563,11712,0,0,0,0,1,heartbeat,0,20.61,0.0,33986.55,4.2,0,ttc_capped,0.0016,table,1,37.496681,126.957802,0.07,0.0,1,37.496849,126.957848,0.012,0.0,5.45,19.88
1786957241.776,11714,0,0,0,0,1,heartbeat,0,20.59,0.0,32465.52,4.2,0,ttc_capped,0.0016,table,1,37.496681,126.957802,0.078,0.0,1,37.496849,126.957848,0.012,0.0,5.43,19.86
1786957241.985,11716,0,0,0,0,1,heartbeat,0,20.56,0.0,31667.88,4.2,0,ttc_capped,0.0016,table,1,37.496681,126.957802,0.081,0.0,1,37.496849,126.957848,0.012,0.0,5.4,19.84
1786957242.198,11718,0,0,0,0,1,heartbeat,0,20.54,0.0,30549.15,4.2,0,ttc_capped,0.0016,table,1,37.496681,126.957802,0.087,0.0,1,37.496849,126.957848,0.012,0.0,5.38,19.82
1786957242.407,11720,0,0,0,0,1,heartbeat,0,20.51,0.0,30011.71,4.2,0,ttc_capped,0.0016,table,1,37.496681,126.957802,0.096,0.0,1,37.496849,126.957848,0.011,0.0,5.36,19.8
1786957242.618,11722,0,0,0,0,1,heartbeat,0,20.49,0.0,26909.89,4.2,0,ttc_capped,0.0016,table,1,37.496681,126.957809,0.114,0.0,1,37.496849,126.957848,0.011,0.0,5.33,19.78
1786957242.825,11723,0,0,0,0,1,heartbeat,0,20.48,0.0,25690.49,4.2,0,ttc_capped,0.0025,table,1,37.496681,126.957809,0.114,0.0,1,37.496849,126.957848,0.011,0.0,5.32,19.77
1786957243.028,11725,0,0,0,0,1,heartbeat,0,20.45,0.0,24858.49,4.2,0,ttc_capped,0.0025,table,1,37.496681,126.957809,0.117,0.0,1,37.496849,126.957848,0.011,0.0,5.29,19.75
1786957243.231,11727,0,0,0,0,1,heartbeat,0,20.36,0.05,414.98,13.03,0,ttc_capped,0.0043,table,1,37.496681,126.957809,0.116,0.0,1,37.496845,126.957848,0.011,0.0,5.25,19.67
1786957243.434,11729,0,0,0,0,1,heartbeat,0,20.23,0.12,163.58,12.34,0,ttc_capped,0.0043,table,1,37.496681,126.957809,0.115,0.0,1,37.496845,126.957848,0.011,0.0,5.22,19.54
1786957243.638,11731,0,0,0,0,1,heartbeat,0,20.11,0.17,116.11,12.29,0,ttc_capped,0.0143,table,1,37.496681,126.957809,0.12,0.0,1,37.496845,126.957848,0.011,0.0,5.19,19.43
1786957243.84,11733,0,0,0,0,1,heartbeat,0,20.01,0.2,99.04,12.34,0,ttc_capped,0.0124,table,1,37.496681,126.957809,0.125,0.0,1,37.496845,126.957848,0.011,0.0,5.17,19.34
1786957244.042,11735,0,0,0,0,1,heartbeat,0,19.93,0.21,92.72,16.54,0,ttc_capped,0.0124,table,1,37.496685,126.957809,0.133,0.0,1,37.496845,126.957848,0.011,0.0,5.14,19.25
1786957244.244,11737,0,0,0,0,1,heartbeat,0,19.83,0.24,84.21,28.0,0,ttc_capped,0.0029,table,1,37.496685,126.957809,0.128,0.0,1,37.496845,126.95784,0.016,0.0,5.01,19.18
1786957244.446,11739,0,0,0,0,1,heartbeat,0,19.72,0.26,76.98,5.6,0,ttc_capped,0.0014,table,1,37.496685,126.957809,0.1,0.0,1,37.496845,126.95784,0.016,0.0,4.8,19.13
1786957244.648,11741,0,0,0,0,1,heartbeat,0,19.63,0.26,75.82,5.6,0,ttc_capped,0.0021,table,1,37.496685,126.957809,0.09,0.0,1,37.496845,126.95784,0.016,0.0,4.62,19.08
1786957244.861,11743,0,0,0,0,1,heartbeat,0,19.56,0.25,78.75,5.6,0,ttc_capped,0.0019,table,1,37.496685,126.957809,0.091,0.0,1,37.496845,126.95784,0.016,0.0,4.47,19.05
1786957245.075,11745,0,0,0,0,1,heartbeat,0,19.51,0.23,85.26,5.6,0,ttc_capped,0.0019,table,1,37.496685,126.957809,0.088,0.0,1,37.496845,126.95784,0.016,0.0,4.34,19.02
1786957245.297,11747,0,0,0,0,1,heartbeat,0,19.46,0.2,95.58,5.6,0,ttc_capped,0.0049,table,1,37.496685,126.957817,0.082,0.0,1,37.496845,126.95784,0.016,0.0,4.24,18.99
1786957245.574,11750,0,0,0,0,1,heartbeat,0,19.4,0.18,110.12,5.6,0,ttc_capped,0.0078,table,1,37.496685,126.957817,0.079,0.0,1,37.496845,126.95784,0.016,0.0,4.11,18.96
1786957245.783,11752,0,0,0,0,1,heartbeat,0,19.37,0.15,130.19,5.6,0,ttc_capped,0.0078,table,1,37.496685,126.957817,0.084,0.0,1,37.496845,126.95784,0.016,0.0,4.04,18.94
1786957245.99,11753,0,0,0,0,1,heartbeat,0,19.38,0.11,174.1,5.6,0,ttc_capped,0.0071,table,1,37.496685,126.957817,0.083,0.0,1,37.496845,126.95784,0.016,0.0,4.03,18.96
1786957246.195,11755,0,0,0,0,1,heartbeat,0,19.36,0.09,217.57,5.6,0,ttc_capped,0.0088,table,1,37.496685,126.957817,0.085,0.0,1,37.496845,126.95784,0.016,0.0,3.98,18.94
1786957246.398,11757,0,0,0,0,1,heartbeat,0,19.34,0.07,280.46,5.6,0,ttc_capped,0.0088,table,1,37.496685,126.957817,0.087,0.0,1,37.496845,126.95784,0.034,0.0,3.95,18.93
1786957246.599,11759,0,0,0,0,1,heartbeat,0,19.32,0.05,375.32,5.6,0,ttc_capped,0.0026,table,1,37.496685,126.957817,0.095,0.0,1,37.496845,126.95784,0.034,0.0,3.92,18.92
1786957246.8,11761,0,0,0,0,1,heartbeat,0,19.31,0.04,526.2,5.6,0,ttc_capped,0.0026,table,1,37.496685,126.957817,0.098,0.0,1,37.496845,126.95784,0.034,0.0,3.9,18.91
1786957247.0,11763,0,0,0,0,1,heartbeat,0,19.29,0.02,789.36,5.6,0,ttc_capped,0.0026,table,1,37.496685,126.957817,0.101,0.0,1,37.496845,126.95784,0.034,0.0,3.88,18.9
1786957247.206,11765,0,0,0,0,1,heartbeat,0,19.27,0.01,1332.79,5.6,0,ttc_capped,0.0026,table,1,37.496685,126.957817,0.096,0.0,1,37.496845,126.95784,0.034,0.0,3.86,18.88
1786957247.408,11767,0,0,0,0,1,heartbeat,0,19.26,0.01,2914.28,5.6,0,ttc_capped,0.0026,table,1,37.496685,126.957817,0.093,0.0,1,37.496845,126.95784,0.019,0.0,3.84,18.87
1786957247.611,11769,0,0,0,0,1,heartbeat,0,19.24,0.0,30731.82,5.6,0,ttc_capped,0.0026,table,1,37.496685,126.957817,0.091,0.0,1,37.496845,126.95784,0.019,0.0,3.82,18.86
1786957247.817,11771,0,0,0,0,1,heartbeat,0,19.22,-0.0,9999.0,25.0,0,ttc_capped,0.0086,table,1,37.496685,126.957817,0.097,0.0,1,37.496845,126.95784,0.019,0.0,3.8,18.84
1786957248.023,11773,0,0,0,0,1,heartbeat,0,19.2,-0.01,9999.0,25.0,0,ttc_capped,0.0086,table,1,37.496685,126.957817,0.103,0.0,1,37.496845,126.95784,0.019,0.0,3.78,18.83
1786957248.238,11775,0,0,0,0,1,heartbeat,0,19.19,-0.01,9999.0,25.0,0,ttc_capped,0.0003,table,1,37.496685,126.957825,0.105,0.0,1,37.496845,126.95784,0.017,0.0,3.76,18.81
1786957248.445,11777,0,0,0,0,1,heartbeat,0,19.16,-0.01,9999.0,25.0,0,ttc_capped,0.0003,table,1,37.496685,126.957825,0.093,0.0,1,37.496845,126.95784,0.017,0.0,3.72,18.8
1786957248.663,11779,0,0,0,0,1,heartbeat,0,19.14,-0.01,9999.0,25.0,0,ttc_capped,0.0003,table,1,37.496685,126.957825,0.073,0.0,1,37.496845,126.95784,0.017,0.0,3.69,18.78
1786957248.867,11781,0,0,0,0,1,heartbeat,0,19.12,-0.01,9999.0,25.0,0,ttc_capped,0.0003,table,1,37.496685,126.957825,0.06,0.0,1,37.496845,126.95784,0.017,0.0,3.66,18.77
1786957249.072,11783,0,0,0,0,1,heartbeat,0,19.1,-0.01,9999.0,25.0,0,ttc_capped,0.0002,table,1,37.496685,126.957825,0.048,0.0,1,37.496845,126.95784,0.017,0.0,3.62,18.75
1786957249.279,11785,0,0,0,0,1,heartbeat,0,19.01,0.04,454.21,5.6,0,ttc_capped,0.0008,table,1,37.496685,126.957825,0.053,0.0,1,37.496841,126.95784,0.032,0.0,3.59,18.67
1786957249.482,11787,0,0,0,0,1,heartbeat,0,18.88,0.12,158.58,14.41,0,ttc_capped,0.0009,table,1,37.496681,126.957825,0.067,0.0,1,37.496841,126.95784,0.032,0.0,3.55,18.54
1786957249.689,11789,0,0,0,0,1,heartbeat,0,18.77,0.17,110.14,17.6,0,ttc_capped,0.0114,table,1,37.496681,126.957825,0.079,0.0,1,37.496841,126.95784,0.032,0.0,3.52,18.44
1786957249.905,11791,0,0,0,0,1,heartbeat,0,18.68,0.2,93.05,19.13,0,ttc_capped,0.0099,table,1,37.496681,126.957825,0.08,0.0,1,37.496841,126.95784,0.032,0.0,3.48,18.35
1786957250.112,11793,0,0,0,0,1,heartbeat,0,18.6,0.21,86.83,20.09,0,ttc_capped,0.0099,table,1,37.496681,126.957825,0.085,0.0,1,37.496841,126.95784,0.032,0.0,3.44,18.28
1786957250.322,11795,0,0,0,0,1,heartbeat,0,18.54,0.21,86.31,20.82,0,ttc_capped,0.0058,table,1,37.496681,126.957825,0.075,0.0,1,37.496841,126.95784,0.016,0.0,3.41,18.23
1786957250.534,11797,0,0,0,0,1,heartbeat,0,18.5,0.21,89.77,21.43,0,ttc_capped,0.0058,table,1,37.496681,126.957825,0.068,0.0,1,37.496841,126.95784,0.016,0.0,3.37,18.18
1786957250.744,11799,0,0,0,0,1,heartbeat,0,18.46,0.19,96.69,21.97,0,ttc_capped,0.0067,table,1,37.496681,126.957825,0.061,0.0,1,37.496841,126.95784,0.016,0.0,3.34,18.16
1786957250.955,11801,0,0,0,0,1,heartbeat,0,18.43,0.17,107.23,22.48,0,ttc_capped,0.0067,table,1,37.496681,126.957825,0.057,0.0,1,37.496841,126.95784,0.016,0.0,3.31,18.13
1786957251.169,11803,0,0,0,0,1,heartbeat,0,18.41,0.15,121.88,22.97,0,ttc_capped,0.002,table,1,37.496681,126.957825,0.061,0.0,1,37.496841,126.95784,0.016,0.0,3.27,18.12
1786957251.38,11805,0,0,0,0,1,heartbeat,0,18.4,0.13,142.59,23.49,0,ttc_capped,0.002,table,1,37.496681,126.957825,0.065,0.0,1,37.496841,126.95784,0.018,0.0,3.24,18.11
1786957251.589,11807,0,0,0,0,1,heartbeat,0,18.39,0.11,171.67,24.04,0,ttc_capped,0.002,table,1,37.496681,126.957825,0.062,0.0,1,37.496841,126.95784,0.018,0.0,3.21,18.11
1786957251.804,11809,0,0,0,0,1,heartbeat,0,18.39,0.09,213.04,24.68,0,ttc_capped,0.002,table,1,37.496681,126.957825,0.056,0.0,1,37.496841,126.95784,0.018,0.0,3.17,18.11
1786957252.018,11811,0,0,0,0,1,heartbeat,0,18.4,0.06,307.7,25.79,0,ttc_capped,0.0009,table,1,37.496681,126.957825,0.048,0.0,1,37.496841,126.95784,0.018,0.0,3.14,18.13
1786957252.226,11813,0,0,0,0,1,heartbeat,0,18.39,0.04,409.71,26.81,0,ttc_capped,0.0034,table,1,37.496681,126.957825,0.049,0.0,1,37.496841,126.95784,0.018,0.0,3.11,18.13
1786957252.431,11815,0,0,0,0,1,heartbeat,0,18.39,0.03,572.22,28.0,0,ttc_capped,0.0034,table,1,37.496681,126.957825,0.05,0.0,1,37.496841,126.95784,0.014,0.0,3.08,18.13
1786957252.645,11817,0,0,0,0,1,heartbeat,0,18.39,0.02,855.75,28.0,0,ttc_capped,0.0023,table,1,37.496681,126.957825,0.051,0.0,1,37.496841,126.95784,0.014,0.0,3.05,18.13
1786957252.855,11819,0,0,0,0,1,heartbeat,0,18.38,0.01,1439.04,28.0,0,ttc_capped,0.0023,table,1,37.496681,126.957825,0.042,0.0,1,37.496841,126.95784,0.014,0.0,3.02,18.13
1786957253.067,11821,0,0,0,0,1,heartbeat,0,18.38,0.01,3132.49,28.0,0,ttc_capped,0.0023,table,1,37.496681,126.957825,0.04,0.0,1,37.496841,126.95784,0.014,0.0,2.99,18.13
1786957253.277,11823,0,0,0,0,1,heartbeat,0,18.38,0.0,34088.74,5.6,0,ttc_capped,0.0016,table,1,37.496681,126.957825,0.044,0.0,1,37.496841,126.95784,0.014,0.0,2.97,18.13
1786957253.489,11825,0,0,0,0,1,heartbeat,0,18.37,-0.0,9999.0,25.0,0,ttc_capped,0.0052,table,1,37.496681,126.957825,0.041,0.0,1,37.496841,126.95784,0.01,0.0,2.94,18.13
1786957253.702,11827,0,0,0,0,1,heartbeat,0,18.37,-0.01,9999.0,25.0,0,ttc_capped,0.0052,table,1,37.496681,126.957825,0.045,0.0,1,37.496841,126.95784,0.01,0.0,2.91,18.13
1786957253.91,11829,0,0,0,0,1,heartbeat,0,18.36,-0.01,9999.0,25.0,0,ttc_capped,0.0002,table,1,37.496681,126.957832,0.043,0.0,1,37.496841,126.95784,0.01,0.0,2.88,18.13
1786957254.121,11831,0,0,0,0,1,heartbeat,0,18.35,-0.01,9999.0,25.0,0,ttc_capped,0.0002,table,1,37.496681,126.957832,0.041,0.0,1,37.496841,126.95784,0.01,0.0,2.84,18.13
1786957254.332,11833,0,0,0,0,1,heartbeat,0,18.34,-0.01,9999.0,25.0,0,ttc_capped,0.0002,table,1,37.496681,126.957832,0.045,0.0,1,37.496841,126.95784,0.01,0.0,2.81,18.13
1786957254.543,11835,0,0,0,0,1,heartbeat,0,18.33,-0.01,9999.0,25.0,0,ttc_capped,0.0002,table,1,37.496681,126.957832,0.043,0.0,1,37.496841,126.95784,0.01,0.0,2.77,18.12
1786957254.752,11836,0,0,0,0,1,heartbeat,0,18.33,-0.01,9999.0,25.0,0,ttc_capped,0.0003,table,1,37.496681,126.957832,0.046,0.0,1,37.496841,126.95784,0.01,0.0,2.75,18.12
1786957254.953,11838,0,0,0,0,1,heartbeat,0,18.32,-0.01,9999.0,25.0,0,ttc_capped,0.0081,table,1,37.496681,126.957832,0.048,0.0,1,37.496841,126.95784,0.01,0.0,2.72,18.12
1786957255.16,11840,0,0,0,0,1,heartbeat,0,18.31,-0.01,9999.0,25.0,0,ttc_capped,0.0081,table,1,37.496681,126.957832,0.055,0.0,1,37.496841,126.95784,0.01,0.0,2.69,18.11
1786957255.361,11842,0,0,0,0,1,heartbeat,0,18.3,-0.01,9999.0,25.0,0,ttc_capped,0.0081,table,1,37.496681,126.957832,0.059,0.0,1,37.496841,126.95784,0.013,0.0,2.65,18.11
1786957255.563,11844,0,0,0,0,1,heartbeat,0,18.29,-0.0,9999.0,25.0,0,ttc_capped,0.0081,table,1,37.496681,126.957832,0.071,0.0,1,37.496841,126.95784,0.013,0.0,2.62,18.1
1786957255.765,11846,0,0,0,0,1,heartbeat,0,18.28,-0.0,9999.0,25.0,0,ttc_capped,0.0081,table,1,37.496681,126.957832,0.08,0.0,1,37.496841,126.95784,0.013,0.0,2.59,18.1
1786957255.967,11848,0,0,0,0,1,heartbeat,0,18.27,-0.0,9999.0,25.0,0,ttc_capped,0.0081,table,1,37.496681,126.957832,0.085,0.0,1,37.496841,126.95784,0.013,0.0,2.56,18.09
1786957256.183,11850,0,0,0,0,1,heartbeat,0,18.26,-0.0,9999.0,25.0,0,ttc_capped,0.0081,table,1,37.496681,126.957832,0.095,0.0,1,37.496841,126.95784,0.013,0.0,2.53,18.09
1786957256.401,11852,0,0,0,0,1,heartbeat,0,18.25,-0.0,9999.0,25.0,0,ttc_capped,0.0081,table,1,37.496681,126.957832,0.108,0.0,1,37.496841,126.95784,0.014,0.0,2.5,18.08
1786957256.661,11855,0,0,0,0,1,heartbeat,0,18.24,-0.0,9999.0,25.0,0,ttc_capped,0.0052,table,1,37.496681,126.957832,0.137,0.0,1,37.496841,126.95784,0.014,0.0,2.45,18.07
1786957256.876,11857,0,0,0,0,1,heartbeat,0,18.23,-0.0,9999.0,25.0,0,ttc_capped,0.0052,table,1,37.496681,126.957832,0.138,0.0,1,37.496841,126.95784,0.014,0.0,2.42,18.07
1786957257.097,11859,0,0,0,0,1,heartbeat,0,18.22,0.0,400915.28,5.6,0,ttc_capped,0.0025,table,1,37.496681,126.957832,0.126,0.0,1,37.496841,126.95784,0.014,0.0,2.39,18.07
1786957257.309,11861,0,0,0,0,1,heartbeat,0,18.21,0.0,67977.49,5.6,0,ttc_capped,0.0025,table,1,37.496681,126.957832,0.109,0.0,1,37.496841,126.95784,0.01,0.0,2.36,18.06
1786957257.519,11863,0,0,0,0,1,heartbeat,0,18.21,0.0,42662.8,5.6,0,ttc_capped,0.0025,table,1,37.496681,126.957832,0.081,0.0,1,37.496841,126.95784,0.01,0.0,2.34,18.06
1786957257.731,11865,0,0,0,0,1,heartbeat,0,18.2,0.0,34088.07,5.6,0,ttc_capped,0.0025,table,1,37.496681,126.957832,0.071,0.0,1,37.496841,126.95784,0.01,0.0,2.31,18.05
1786957257.937,11867,0,0,0,0,1,heartbeat,0,18.19,0.0,30154.48,5.6,0,ttc_capped,0.0006,table,1,37.496681,126.957832,0.066,0.0,1,37.496841,126.95784,0.01,0.0,2.28,18.05
1786957258.141,11869,0,0,0,0,1,heartbeat,0,18.18,0.0,29142.07,5.6,0,ttc_capped,0.0006,table,1,37.496681,126.957832,0.066,0.0,1,37.496841,126.95784,0.01,0.0,2.26,18.04
1786957258.342,11871,0,0,0,0,1,heartbeat,0,18.15,0.02,1070.9,5.6,0,ttc_capped,0.0006,table,1,37.496681,126.95784,0.072,0.0,1,37.496841,126.957832,0.007,0.0,2.02,18.04
1786957258.557,11873,0,0,0,0,1,heartbeat,0,18.13,0.03,715.36,5.6,0,ttc_capped,0.0021,table,1,37.496681,126.95784,0.067,0.0,1,37.496841,126.957832,0.007,0.0,1.81,18.04
1786957258.765,11875,0,0,0,0,1,heartbeat,0,18.11,0.03,632.21,5.6,0,ttc_capped,0.0018,table,1,37.496681,126.95784,0.068,0.0,1,37.496841,126.957832,0.007,0.0,1.63,18.03
1786957258.983,11877,0,0,0,0,1,heartbeat,0,18.09,0.03,628.92,5.6,0,ttc_capped,0.0022,table,1,37.496681,126.95784,0.071,0.0,1,37.496841,126.957832,0.007,0.0,1.48,18.03
1786957259.193,11879,0,0,0,0,1,heartbeat,0,18.08,0.03,665.73,5.6,0,ttc_capped,0.0031,table,1,37.496681,126.95784,0.082,0.0,1,37.496841,126.957832,0.007,0.0,1.36,18.02
1786957259.397,11881,0,0,0,0,1,heartbeat,0,18.07,0.02,731.79,5.6,0,ttc_capped,0.0038,table,1,37.496681,126.95784,0.086,0.0,1,37.496841,126.957832,0.004,0.0,1.27,18.02
1786957259.607,11883,0,0,0,0,1,heartbeat,0,18.06,0.02,828.13,5.6,0,ttc_capped,0.0038,table,1,37.496681,126.95784,0.096,0.0,1,37.496841,126.957832,0.004,0.0,1.19,18.02
1786957259.818,11885,0,0,0,0,1,heartbeat,0,18.05,0.02,956.2,5.6,0,ttc_capped,0.0113,table,1,37.496681,126.95784,0.127,0.0,1,37.496841,126.957832,0.004,0.0,1.13,18.01
1786957260.029,11887,0,0,0,0,1,heartbeat,0,18.04,0.02,1116.71,5.6,0,ttc_capped,0.0026,table,1,37.496685,126.957848,0.131,0.0,1,37.496841,126.957832,0.004,0.0,1.07,18.01
1786957260.248,11889,0,0,0,0,1,heartbeat,0,18.03,0.01,1346.03,5.6,0,ttc_capped,0.0082,table,1,37.496685,126.957848,0.134,0.0,1,37.496841,126.957832,0.004,0.0,1.02,18.0
1786957260.452,11891,0,0,0,0,1,heartbeat,0,18.01,0.01,1588.78,5.6,0,ttc_capped,0.0067,table,1,37.496685,126.957848,0.141,0.0,1,37.496841,126.957832,0.002,0.0,0.97,17.99
1786957260.664,11893,0,0,0,0,1,heartbeat,0,18.0,0.01,2065.48,5.6,0,ttc_capped,0.0023,table,1,37.496685,126.957848,0.142,0.0,1,37.496841,126.957832,0.002,0.0,0.94,17.98
1786957260.872,11894,0,0,0,0,1,heartbeat,0,18.0,0.01,3024.99,5.6,0,ttc_capped,0.0026,table,1,37.496685,126.957848,0.142,0.0,1,37.496841,126.957832,0.002,0.0,0.96,17.97
1786957261.076,11896,0,0,0,0,1,heartbeat,0,17.98,0.0,4154.7,5.6,0,ttc_capped,0.0026,table,1,37.496685,126.957848,0.139,0.0,1,37.496841,126.957832,0.002,0.0,0.94,17.96
1786957261.276,11898,0,0,0,0,1,heartbeat,0,17.97,0.0,5960.62,5.6,0,ttc_capped,0.0026,table,1,37.496685,126.957848,0.128,0.0,1,37.496841,126.957832,0.003,0.0,0.91,17.95
1786957261.479,11900,0,0,0,0,1,heartbeat,0,17.96,0.0,8990.58,5.6,0,ttc_capped,0.0026,table,1,37.496685,126.957848,0.101,0.0,1,37.496841,126.957832,0.003,0.0,0.89,17.94
1786957261.68,11902,0,0,0,0,1,heartbeat,0,17.94,0.0,12323.2,5.6,0,ttc_capped,0.0026,table,1,37.496689,126.957855,0.065,0.0,1,37.496841,126.957832,0.003,0.0,0.85,17.92
1786957261.882,11904,0,0,0,0,1,heartbeat,0,17.92,0.0,19882.05,5.6,0,ttc_capped,0.0026,table,1,37.496689,126.957855,0.064,0.0,1,37.496841,126.957832,0.003,0.0,0.81,17.91
1786957262.084,11906,0,0,0,0,1,heartbeat,0,17.91,0.0,35401.07,28.0,0,ttc_capped,0.0031,table,1,37.496689,126.957855,0.061,0.0,1,37.496841,126.957832,0.003,0.0,0.77,17.89
1786957262.29,11908,0,0,0,0,1,heartbeat,0,17.89,0.0,73470.48,5.6,0,ttc_capped,0.0026,table,1,37.496689,126.957855,0.06,0.0,1,37.496841,126.957832,0.007,0.0,0.74,17.87
1786957262.494,11910,0,0,0,0,1,heartbeat,0,17.87,0.0,184403.4,5.6,0,ttc_capped,0.0026,table,1,37.496689,126.957855,0.064,0.0,1,37.496841,126.957832,0.007,0.0,0.7,17.86
1786957262.772,11913,0,0,0,0,1,heartbeat,0,17.85,0.0,821752.05,5.6,0,ttc_capped,0.0057,table,1,37.496689,126.957855,0.069,0.0,1,37.496841,126.957832,0.007,0.0,0.63,17.83
1786957262.983,11915,0,0,0,0,1,heartbeat,0,17.83,0.0,3052442.42,5.6,0,ttc_capped,0.0057,table,1,37.496689,126.957855,0.073,0.0,1,37.496841,126.957832,0.007,0.0,0.59,17.82
1786957263.194,11917,0,0,0,0,1,heartbeat,0,17.81,0.0,727255.25,5.6,0,ttc_capped,0.0057,table,1,37.496689,126.957855,0.077,0.0,1,37.496841,126.957832,0.007,0.0,0.55,17.8
1786957263.405,11919,0,0,0,0,1,heartbeat,0,17.8,0.0,266911.21,5.6,0,ttc_capped,0.0016,table,1,37.496689,126.957855,0.075,0.0,1,37.496841,126.957832,0.009,0.0,0.51,17.79
1786957263.616,11921,0,0,0,0,1,heartbeat,0,17.78,0.0,148120.88,5.6,0,ttc_capped,0.0016,table,1,37.496689,126.957855,0.077,0.0,1,37.496841,126.957832,0.009,0.0,0.47,17.77
1786957263.827,11923,0,0,0,0,1,heartbeat,0,17.77,-0.0,9999.0,25.0,0,ttc_capped,0.0057,table,1,37.496685,126.957855,0.077,0.0,1,37.496841,126.957832,0.009,0.0,0.43,17.76
1786957264.032,11924,0,0,0,0,1,heartbeat,0,17.77,0.0,707734.73,5.6,0,ttc_capped,0.0025,table,1,37.496685,126.957855,0.077,0.0,1,37.496841,126.957832,0.009,0.0,0.41,17.76
1786957264.237,11926,0,0,0,0,1,heartbeat,0,17.76,0.0,319847.74,5.6,0,ttc_capped,0.0021,table,1,37.496685,126.957855,0.077,0.0,1,37.496841,126.957832,0.009,0.0,0.37,17.75
1786957264.438,11928,0,0,0,0,1,heartbeat,0,17.75,0.0,191539.16,5.6,0,ttc_capped,0.0021,table,1,37.496685,126.957855,0.077,0.0,1,37.496841,126.957832,0.009,0.0,0.33,17.75
1786957264.641,11930,0,0,0,0,1,heartbeat,0,17.74,0.0,141150.99,5.6,0,ttc_capped,0.0021,table,1,37.496685,126.957855,0.081,0.0,1,37.496841,126.957832,0.009,0.0,0.29,17.74
1786957264.842,11932,0,0,0,0,1,heartbeat,0,17.74,0.0,116513.58,5.6,0,ttc_capped,0.0021,table,1,37.496685,126.957855,0.085,0.0,1,37.496841,126.957832,0.009,0.0,0.25,17.74
1786957265.044,11934,0,0,0,0,1,heartbeat,0,17.73,0.0,103819.14,5.6,0,ttc_capped,0.0021,table,1,37.496685,126.957855,0.093,0.0,1,37.496841,126.957832,0.009,0.0,0.21,17.73
1786957265.252,11936,0,0,0,0,1,heartbeat,0,17.72,0.0,97072.12,5.6,0,ttc_capped,0.0021,table,1,37.496685,126.957855,0.096,0.0,1,37.496841,126.957832,0.007,0.0,0.17,17.72
1786957265.454,11938,0,0,0,0,1,heartbeat,0,17.72,0.0,94558.98,5.6,0,ttc_capped,0.0021,table,1,37.496685,126.957855,0.099,0.0,1,37.496841,126.957832,0.007,0.0,0.14,17.72
1786957265.656,11940,0,0,0,0,1,heartbeat,0,17.71,0.0,93415.93,5.6,0,ttc_capped,0.0021,table,1,37.496685,126.957855,0.104,0.0,1,37.496841,126.957832,0.007,0.0,0.1,17.71
1786957265.862,11942,0,0,0,0,1,heartbeat,0,17.71,0.0,93648.2,5.6,0,ttc_capped,0.0021,table,1,37.496685,126.957855,0.105,0.0,1,37.496841,126.957832,0.007,0.0,0.06,17.71
1786957266.072,11944,0,0,0,0,1,heartbeat,0,17.7,0.0,97199.48,5.6,0,ttc_capped,0.0021,table,1,37.496685,126.957855,0.097,0.0,1,37.496841,126.957832,0.007,0.0,0.03,17.7
1786957266.276,11946,0,0,0,0,1,heartbeat,0,17.69,0.0,99072.07,5.6,0,ttc_capped,0.0021,table,1,37.496685,126.957855,0.088,0.0,1,37.496841,126.957832,0.014,0.0,-0.01,17.69
1786957266.488,11948,0,0,0,0,1,heartbeat,0,17.69,0.0,102586.63,5.6,0,ttc_capped,0.0021,table,1,37.496685,126.957855,0.085,0.0,1,37.496841,126.957832,0.014,0.0,-0.04,17.69
1786957266.7,11950,0,0,0,0,1,heartbeat,0,17.68,0.0,100425.56,5.6,0,ttc_capped,0.0023,table,1,37.496685,126.957848,0.077,0.0,1,37.496841,126.957832,0.014,0.0,-0.07,17.68
1786957266.9,11952,0,0,0,0,1,heartbeat,0,17.68,0.0,107940.35,5.6,0,ttc_capped,0.0023,table,1,37.496685,126.957848,0.068,0.0,1,37.496841,126.957832,0.014,0.0,-0.09,17.68
1786957267.1,11954,0,0,0,0,1,heartbeat,0,17.67,0.0,113483.49,5.6,0,ttc_capped,0.0023,table,1,37.496685,126.957848,0.066,0.0,1,37.496841,126.957832,0.014,0.0,-0.12,17.67
1786957267.308,11956,0,0,0,0,1,heartbeat,0,17.67,-0.0,9999.0,25.0,0,ttc_capped,0.0048,table,1,37.496681,126.957848,0.059,0.0,1,37.496841,126.957832,0.02,0.0,-0.14,17.67
1786957267.522,11958,0,0,0,0,1,heartbeat,0,17.67,-0.0,9999.0,25.0,0,ttc_capped,0.0052,table,1,37.496681,126.957848,0.049,0.0,1,37.496841,126.957832,0.02,0.0,-0.16,17.67
1786957267.73,11960,0,0,0,0,1,heartbeat,0,17.68,-0.0,9999.0,25.0,0,ttc_capped,0.0052,table,1,37.496677,126.95784,0.041,0.0,1,37.496841,126.957832,0.02,0.0,-0.17,17.68
1786957267.942,11962,0,0,0,0,1,heartbeat,0,17.69,-0.0,9999.0,25.0,0,ttc_capped,0.0052,table,1,37.496677,126.95784,0.032,0.0,1,37.496841,126.957832,0.02,0.0,-0.18,17.69
1786957268.152,11964,0,0,0,0,1,heartbeat,0,17.71,-0.0,9999.0,25.0,0,ttc_capped,0.0052,table,1,37.496674,126.95784,0.028,0.0,1,37.496841,126.957832,0.02,0.0,-0.19,17.71
1786957268.364,11966,0,0,0,0,1,heartbeat,0,17.72,-0.0,9999.0,25.0,0,ttc_capped,0.0071,table,1,37.496674,126.95784,0.025,0.0,1,37.496841,126.957832,0.015,0.0,-0.2,17.72
1786957268.575,11968,0,0,0,0,1,heartbeat,0,17.75,-0.0,9999.0,25.0,0,ttc_capped,0.0086,table,1,37.49667,126.957832,0.022,0.0,1,37.496841,126.957832,0.015,0.0,-0.2,17.74
1786957268.787,11970,0,0,0,0,1,heartbeat,0,17.77,-0.0,9999.0,25.0,0,ttc_capped,0.0086,table,1,37.49667,126.957832,0.02,0.0,1,37.496841,126.957832,0.015,0.0,-0.19,17.77
1786957269.002,11972,0,0,0,0,1,heartbeat,0,17.8,-0.0,9999.0,25.0,0,ttc_capped,0.0086,table,1,37.496666,126.957832,0.02,0.0,1,37.496841,126.957832,0.015,0.0,-0.19,17.79
1786957269.21,11973,0,0,0,0,1,heartbeat,0,17.81,-0.0,9999.0,25.0,0,ttc_capped,0.0081,table,1,37.496666,126.957832,0.024,0.0,1,37.496841,126.957832,0.015,0.0,-0.19,17.81
1786957269.414,11975,0,0,0,0,1,heartbeat,0,17.84,-0.0,9999.0,25.0,0,ttc_capped,0.0081,table,1,37.496662,126.957825,0.028,0.0,1,37.496841,126.957832,0.013,0.0,-0.18,17.84
1786957269.619,11977,0,0,0,0,1,heartbeat,0,17.88,-0.0,9999.0,25.0,0,ttc_capped,0.0081,table,1,37.496662,126.957825,0.033,0.0,1,37.496841,126.957832,0.013,0.0,-0.17,17.88
1786957269.84,11980,0,0,0,0,1,heartbeat,0,17.93,-0.0,9999.0,25.0,0,ttc_capped,0.0086,table,1,37.496662,126.957825,0.032,0.0,1,37.496841,126.957832,0.013,0.0,-0.15,17.93
1786957270.052,11982,0,0,0,0,1,heartbeat,0,17.96,-0.0,9999.0,25.0,0,ttc_capped,0.0086,table,1,37.496658,126.957825,0.035,0.0,1,37.496841,126.957832,0.013,0.0,-0.13,17.96
1786957270.264,11984,0,0,0,0,1,heartbeat,0,18.01,-0.0,9999.0,25.0,0,ttc_capped,0.0086,table,1,37.496658,126.957825,0.036,0.0,1,37.496841,126.957832,0.017,0.0,-0.12,18.0
1786957270.476,11986,0,0,0,0,1,heartbeat,0,18.04,-0.0,9999.0,25.0,0,ttc_capped,0.0086,table,1,37.496658,126.957825,0.039,0.0,1,37.496841,126.957832,0.017,0.0,-0.11,18.04
1786957270.686,11988,0,0,0,0,1,heartbeat,0,18.08,-0.0,9999.0,25.0,0,ttc_capped,0.0086,table,1,37.496658,126.957825,0.042,0.0,1,37.496841,126.957832,0.017,0.0,-0.1,18.08
1786957270.896,11990,0,0,0,0,1,heartbeat,0,18.12,-0.0,9999.0,25.0,0,ttc_capped,0.0086,table,1,37.496658,126.957825,0.043,0.0,1,37.496841,126.957832,0.017,0.0,-0.08,18.12
1786957271.107,11992,0,0,0,0,1,heartbeat,0,18.16,-0.0,9999.0,25.0,0,ttc_capped,0.0086,table,1,37.496658,126.957825,0.046,0.0,1,37.496841,126.957832,0.017,0.0,-0.07,18.16
1786957271.32,11994,0,0,0,0,1,heartbeat,0,18.2,-0.0,9999.0,25.0,0,ttc_capped,0.0086,table,1,37.496658,126.957825,0.064,0.0,1,37.496841,126.957832,0.016,0.0,-0.06,18.2
1786957271.528,11996,0,0,0,0,1,heartbeat,0,18.23,-0.0,9999.0,25.0,0,ttc_capped,0.0086,table,1,37.496658,126.957825,0.081,0.0,1,37.496841,126.957832,0.016,0.0,-0.05,18.23
1786957271.739,11998,0,0,0,0,1,heartbeat,0,18.27,-0.0,9999.0,25.0,0,ttc_capped,0.0086,table,1,37.496658,126.957825,0.094,0.0,1,37.496841,126.957832,0.016,0.0,-0.04,18.27
1786957271.952,12000,0,0,0,0,1,heartbeat,0,18.3,-0.0,9999.0,25.0,0,ttc_capped,0.0086,table,1,37.496658,126.957825,0.094,0.0,1,37.496841,126.957832,0.016,0.0,-0.03,18.3
1786957272.157,12001,0,0,0,0,1,heartbeat,0,18.32,-0.0,9999.0,25.0,0,ttc_capped,0.0081,table,1,37.496658,126.957825,0.084,0.0,1,37.496841,126.957832,0.016,0.0,-0.02,18.32
1786957272.358,12003,0,0,0,0,1,heartbeat,0,18.36,-0.0,9999.0,25.0,0,ttc_capped,0.0081,table,1,37.496658,126.957825,0.076,0.0,1,37.496841,126.957832,0.018,0.0,-0.01,18.36
1786957272.559,12005,0,0,0,0,1,heartbeat,0,18.39,-0.0,9999.0,25.0,0,ttc_capped,0.0081,table,1,37.496658,126.957825,0.08,0.0,1,37.496841,126.957832,0.018,0.0,-0.0,18.39
1786957272.762,12007,0,0,0,0,1,heartbeat,0,18.42,-0.0,9999.0,25.0,0,ttc_capped,0.0081,table,1,37.496662,126.957825,0.092,0.0,1,37.496841,126.957832,0.018,0.0,0.01,18.42
1786957273.006,12010,0,0,0,0,1,heartbeat,0,18.46,-0.0,9999.0,25.0,0,ttc_capped,0.0086,table,1,37.496662,126.957825,0.094,0.0,1,37.496841,126.957832,0.018,0.0,0.02,18.46
1786957273.22,12012,0,0,0,0,1,heartbeat,0,18.48,-0.0,9999.0,25.0,0,ttc_capped,0.0086,table,1,37.496662,126.957825,0.095,0.0,1,37.496841,126.957832,0.018,0.0,0.03,18.48
1786957273.432,12014,0,0,0,0,1,heartbeat,0,18.51,-0.0,9999.0,25.0,0,ttc_capped,0.0086,table,1,37.496662,126.957825,0.1,0.0,1,37.496841,126.957832,0.018,0.0,0.04,18.51
1786957273.642,12016,0,0,0,0,1,heartbeat,0,18.53,-0.0,9999.0,25.0,0,ttc_capped,0.0086,table,1,37.496662,126.957825,0.103,0.0,1,37.496841,126.957832,0.018,0.0,0.05,18.53
1786957283.969,12113,2,2,0,0,1,change,0,19.01,-0.0,9999.0,25.0,0,ttc_capped,0.5387,model,1,37.496658,126.95784,0.033,0.0,1,37.496841,126.957832,0.025,0.0,-0.17,19.01
1786957284.28,12116,2,2,2,2,1,heartbeat,0,16.4,5.01,3.27,10.6,0,table,0.0001,table,1,37.496658,126.95784,0.03,0.0,1,37.496807,126.957809,0.005,0.0,-1.64,16.32
1786957284.482,12118,2,2,2,2,1,heartbeat,0,15.26,5.05,3.02,10.6,0,table,0.0002,table,1,37.496658,126.95784,0.029,0.0,1,37.496807,126.957809,0.005,0.0,-2.32,15.09
1786957284.683,12120,2,2,2,2,1,heartbeat,0,14.94,3.77,3.97,9.6,0,table,0.0026,table,1,37.496655,126.95784,0.029,0.0,1,37.496807,126.957809,0.005,0.0,-2.54,14.72
1786957284.891,12122,2,2,2,2,1,heartbeat,0,14.89,2.65,5.62,8.6,0,table,0.0065,table,1,37.496655,126.95784,0.029,0.0,1,37.496807,126.957809,0.005,0.0,-2.6,14.66
1786957285.093,12124,2,2,2,2,1,heartbeat,0,14.95,1.87,7.97,8.6,0,table,0.0014,table,1,37.496655,126.95784,0.028,0.0,1,37.496807,126.957809,0.005,0.0,-2.59,14.72
1786957285.299,12126,2,2,2,2,1,heartbeat,0,14.91,1.5,9.91,7.2,0,table,0.0012,table,1,37.496655,126.95784,0.024,0.0,1,37.496803,126.957809,0.018,0.0,-2.56,14.68
1786957285.501,12128,2,2,2,2,1,heartbeat,0,14.82,1.3,11.42,7.2,0,table,0.001,table,1,37.496655,126.957832,0.023,0.0,1,37.496803,126.957809,0.018,0.0,-2.53,14.61
1786957285.776,12131,2,2,2,2,1,heartbeat,0,14.73,1.1,13.41,5.6,0,table,0.0026,table,1,37.496651,126.957832,0.024,0.0,1,37.496803,126.957809,0.018,0.0,-2.53,14.52
1786957285.987,12133,2,2,2,2,1,heartbeat,0,14.75,0.92,15.99,6.82,0,table,0.0035,table,1,37.496651,126.957832,0.021,0.0,1,37.496803,126.957809,0.018,0.0,-2.49,14.54
1786957286.198,12135,2,2,2,2,1,heartbeat,0,14.79,0.77,19.3,8.15,0,table,0.0065,table,1,37.496651,126.957832,0.017,0.0,1,37.496803,126.957809,0.018,0.0,-2.46,14.59
1786957286.303,12136,0,0,2,2,1,change,0,14.82,0.7,21.28,8.75,0,table,0.0065,table,1,37.496651,126.957832,0.015,0.0,1,37.496803,126.957809,0.018,0.0,-2.44,14.62
1786957286.524,12138,0,0,0,0,1,heartbeat,0,14.87,0.57,26.08,9.88,0,table,0.0044,table,1,37.496651,126.957832,0.013,0.0,1,37.496803,126.957809,0.017,0.0,-2.41,14.67
1786957286.725,12140,0,0,0,0,1,heartbeat,0,14.94,0.46,32.23,10.95,0,ttc_capped,0.0044,table,1,37.496647,126.957832,0.012,0.0,1,37.496803,126.957809,0.017,0.0,-2.38,14.75
1786957286.939,12142,0,0,0,0,1,heartbeat,0,15.07,0.33,45.21,12.64,0,ttc_capped,0.0081,table,1,37.496647,126.957832,0.013,0.0,1,37.496803,126.957809,0.017,0.0,-2.34,14.88
1786957287.147,12144,0,0,0,0,1,heartbeat,0,15.13,0.26,57.93,13.93,0,ttc_capped,0.0081,table,1,37.496647,126.957832,0.014,0.0,1,37.496803,126.957809,0.017,0.0,-2.32,14.95
1786957287.357,12146,0,0,0,0,1,heartbeat,0,15.2,0.2,76.08,15.48,0,ttc_capped,0.0081,table,1,37.496647,126.957832,0.016,0.0,1,37.496803,126.957809,0.037,0.0,-2.3,15.02
1786957287.569,12148,0,0,0,0,1,heartbeat,0,15.26,0.15,103.73,17.54,0,ttc_capped,0.0028,table,1,37.496647,126.957832,0.016,0.0,1,37.496803,126.957809,0.037,0.0,-2.28,15.09
1786957287.781,12150,0,0,0,0,1,heartbeat,0,15.33,0.1,149.52,20.53,0,ttc_capped,0.0018,table,1,37.496643,126.957832,0.012,0.0,1,37.496803,126.957809,0.037,0.0,-2.26,15.17
1786957287.991,12152,0,0,0,0,1,heartbeat,0,15.41,0.07,233.77,25.69,0,ttc_capped,0.0018,table,1,37.496643,126.957832,0.017,0.0,1,37.496803,126.957809,0.037,0.0,-2.25,15.24
1786957288.201,12154,0,0,0,0,1,heartbeat,0,15.48,0.04,430.86,28.0,0,ttc_capped,0.002,table,1,37.496639,126.957832,0.015,0.0,1,37.496803,126.957809,0.037,0.0,-2.24,15.32
1786957288.414,12156,0,0,0,0,1,heartbeat,0,15.56,0.01,1330.28,5.6,0,ttc_capped,0.0036,table,1,37.496635,126.957825,0.009,0.0,1,37.496803,126.957809,0.021,0.0,-2.22,15.4
1786957288.625,12158,0,0,0,0,1,heartbeat,0,15.63,-0.01,9999.0,25.0,0,ttc_capped,0.0121,table,1,37.496635,126.957825,0.008,0.0,1,37.496803,126.957809,0.021,0.0,-2.2,15.47
1786957288.836,12160,0,0,0,0,1,heartbeat,0,15.7,-0.02,9999.0,25.0,0,ttc_capped,0.0004,table,1,37.496632,126.957825,0.007,0.0,1,37.496803,126.957809,0.021,0.0,-2.18,15.55
1786957289.047,12162,0,0,0,0,1,heartbeat,0,15.77,-0.03,9999.0,25.0,0,ttc_capped,0.0004,table,1,37.496632,126.957825,0.006,0.0,1,37.496803,126.957809,0.021,0.0,-2.16,15.62
1786957289.254,12163,0,0,0,0,1,heartbeat,0,15.81,-0.03,9999.0,25.0,0,ttc_capped,0.0004,table,1,37.496632,126.957825,0.006,0.0,1,37.496803,126.957809,0.036,0.0,-2.15,15.67
1786957289.457,12165,0,0,0,0,1,heartbeat,0,15.88,-0.04,9999.0,25.0,0,ttc_capped,0.0003,table,1,37.496632,126.957825,0.009,0.0,1,37.496803,126.957809,0.036,0.0,-2.14,15.73
1786957289.657,12167,0,0,0,0,1,heartbeat,0,15.94,-0.04,9999.0,25.0,0,ttc_capped,0.0003,table,1,37.496628,126.957825,0.01,0.0,1,37.496803,126.957809,0.036,0.0,-2.12,15.8
1786957289.858,12169,0,0,0,0,1,heartbeat,0,16.01,-0.03,9999.0,25.0,0,ttc_capped,0.0003,table,1,37.496628,126.957817,0.01,0.0,1,37.496803,126.957809,0.036,0.0,-2.1,15.87
1786957290.065,12171,0,0,0,0,1,heartbeat,0,16.04,-0.03,9999.0,25.0,0,ttc_capped,0.0003,table,1,37.496624,126.957817,0.008,0.0,1,37.496803,126.957809,0.036,0.0,-2.09,15.91
1786957290.266,12173,0,0,0,0,1,heartbeat,0,16.04,0.02,738.8,18.51,0,ttc_capped,0.0019,table,1,37.496624,126.957817,0.013,0.0,1,37.496799,126.957809,0.026,0.0,-2.06,15.91
1786957290.468,12175,0,0,0,0,1,heartbeat,0,16.0,0.1,157.17,28.0,0,ttc_capped,0.0015,table,1,37.49662,126.957817,0.021,0.0,1,37.496799,126.957809,0.026,0.0,-2.04,15.87
1786957290.67,12177,0,0,0,0,1,heartbeat,0,15.98,0.16,102.51,28.0,0,ttc_capped,0.0015,table,1,37.49662,126.957817,0.023,0.0,1,37.496799,126.957809,0.026,0.0,-2.02,15.85
1786957290.872,12179,0,0,0,0,1,heartbeat,0,15.97,0.19,84.72,28.0,0,ttc_capped,0.0051,table,1,37.496616,126.957817,0.024,0.0,1,37.496799,126.957809,0.026,0.0,-2.0,15.85
1786957291.076,12181,0,0,0,0,1,heartbeat,0,15.99,0.2,78.16,28.0,0,ttc_capped,0.0044,table,1,37.496616,126.957809,0.024,0.0,1,37.496799,126.957809,0.026,0.0,-1.97,15.87
1786957291.288,12183,0,0,0,0,1,heartbeat,0,16.01,0.21,77.26,28.0,0,ttc_capped,0.0044,table,1,37.496616,126.957809,0.032,0.0,1,37.496799,126.957809,0.028,0.0,-1.94,15.9
1786957291.5,12185,0,0,0,0,1,heartbeat,0,16.05,0.2,80.3,28.0,0,ttc_capped,0.005,table,1,37.496616,126.957809,0.033,0.0,1,37.496799,126.957809,0.028,0.0,-1.9,15.94
1786957291.71,12187,0,0,0,0,1,heartbeat,0,16.1,0.19,86.58,28.0,0,ttc_capped,0.0069,table,1,37.496613,126.957809,0.036,0.0,1,37.496799,126.957809,0.028,0.0,-1.87,15.99
1786957291.912,12189,0,0,0,0,1,heartbeat,0,16.16,0.17,95.82,28.0,0,ttc_capped,0.0069,table,1,37.496613,126.957809,0.04,0.0,1,37.496799,126.957809,0.028,0.0,-1.84,16.06
1786957292.132,12191,0,0,0,0,1,heartbeat,0,16.22,0.15,109.73,28.0,0,ttc_capped,0.002,table,1,37.496613,126.957809,0.044,0.0,1,37.496799,126.957809,0.028,0.0,-1.81,16.12
1786957292.409,12193,0,0,0,0,1,heartbeat,0,16.3,0.12,140.57,28.0,0,ttc_capped,0.0017,table,1,37.496613,126.957809,0.045,0.0,1,37.496799,126.957809,0.032,0.0,-1.78,16.2
1786957292.609,12195,0,0,0,0,1,heartbeat,0,16.38,0.1,171.4,28.0,0,ttc_capped,0.0017,table,1,37.496613,126.957809,0.043,0.0,1,37.496799,126.957809,0.032,0.0,-1.75,16.28
1786957292.81,12197,0,0,0,0,1,heartbeat,0,16.45,0.08,214.82,28.0,0,ttc_capped,0.0017,table,1,37.496613,126.957809,0.046,0.0,1,37.496799,126.957809,0.032,0.0,-1.72,16.36
1786957293.016,12199,0,0,0,0,1,heartbeat,0,16.53,0.06,278.32,28.0,0,ttc_capped,0.0017,table,1,37.496613,126.957809,0.044,0.0,1,37.496799,126.957809,0.032,0.0,-1.69,16.44
1786957293.219,12201,0,0,0,0,1,heartbeat,0,16.56,0.08,202.57,28.0,0,ttc_capped,0.0015,table,1,37.496613,126.957809,0.051,0.0,1,37.496796,126.957809,0.024,0.0,-1.66,16.47
1786957293.42,12203,0,0,0,0,1,heartbeat,0,16.54,0.13,130.8,28.0,0,ttc_capped,0.0015,table,1,37.496613,126.957809,0.045,0.0,1,37.496796,126.957809,0.024,0.0,-1.63,16.46
1786957293.622,12205,0,0,0,0,1,heartbeat,0,16.55,0.15,107.62,28.0,0,ttc_capped,0.0015,table,1,37.496613,126.957809,0.046,0.0,1,37.496796,126.957809,0.024,0.0,-1.61,16.47
1786957293.824,12207,0,0,0,0,1,heartbeat,0,16.56,0.17,99.1,28.0,0,ttc_capped,0.005,table,1,37.496613,126.957809,0.044,0.0,1,37.496796,126.957809,0.024,0.0,-1.58,16.49
1786957294.032,12209,0,0,0,0,1,heartbeat,0,16.59,0.17,97.77,28.0,0,ttc_capped,0.005,table,1,37.496613,126.957809,0.044,0.0,1,37.496796,126.957809,0.024,0.0,-1.55,16.52
1786957294.242,12211,0,0,0,0,1,heartbeat,0,16.62,0.16,101.38,28.0,0,ttc_capped,0.0058,table,1,37.496613,126.957809,0.043,0.0,1,37.496796,126.957809,0.02,0.0,-1.53,16.55
1786957294.452,12213,0,0,0,0,1,heartbeat,0,16.66,0.15,109.31,28.0,0,ttc_capped,0.0019,table,1,37.496613,126.957809,0.041,0.0,1,37.496796,126.957809,0.02,0.0,-1.5,16.6
1786957294.664,12215,0,0,0,0,1,heartbeat,0,16.71,0.14,121.91,28.0,0,ttc_capped,0.0019,table,1,37.496613,126.957809,0.041,0.0,1,37.496796,126.957809,0.02,0.0,-1.47,16.65
1786957294.87,12217,0,0,0,0,1,heartbeat,0,16.77,0.12,138.65,28.0,0,ttc_capped,0.002,table,1,37.496613,126.957809,0.039,0.0,1,37.496796,126.957809,0.02,0.0,-1.45,16.7
1786957295.074,12219,0,0,0,0,1,heartbeat,0,16.82,0.1,161.75,28.0,0,ttc_capped,0.002,table,1,37.496613,126.957809,0.04,0.0,1,37.496796,126.957809,0.02,0.0,-1.43,16.76
1786957295.278,12221,0,0,0,0,1,heartbeat,0,16.82,0.14,122.82,28.0,0,ttc_capped,0.002,table,1,37.496613,126.957809,0.042,0.0,1,37.496792,126.957809,0.015,0.0,-1.4,16.76
1786957295.484,12223,0,0,0,0,1,heartbeat,0,16.76,0.2,84.69,28.0,0,ttc_capped,0.0069,table,1,37.496613,126.957809,0.044,0.0,1,37.496792,126.957809,0.015,0.0,-1.38,16.7
1786957295.696,12225,0,0,0,0,1,heartbeat,0,16.72,0.23,71.46,28.0,0,ttc_capped,0.006,table,1,37.496613,126.957809,0.043,0.0,1,37.496792,126.957809,0.015,0.0,-1.35,16.67
1786957295.906,12227,0,0,0,0,1,heartbeat,0,16.71,0.25,66.66,28.0,0,ttc_capped,0.006,table,1,37.496613,126.957809,0.048,0.0,1,37.496792,126.957809,0.015,0.0,-1.33,16.65
1786957296.116,12229,0,0,0,0,1,heartbeat,0,16.7,0.25,66.37,28.0,0,ttc_capped,0.006,table,1,37.496613,126.957809,0.047,0.0,1,37.496792,126.957809,0.015,0.0,-1.31,16.65
1786957296.335,12231,0,0,0,0,1,heartbeat,0,16.72,0.24,69.29,28.0,0,ttc_capped,0.006,table,1,37.496613,126.957809,0.05,0.0,1,37.496792,126.957809,0.013,0.0,-1.29,16.67
1786957296.538,12233,0,0,0,0,1,heartbeat,0,16.74,0.22,74.8,28.0,0,ttc_capped,0.006,table,1,37.496613,126.957809,0.053,0.0,1,37.496792,126.957809,0.013,0.0,-1.27,16.7
1786957296.758,12235,0,0,0,0,1,heartbeat,0,16.78,0.2,83.18,28.0,0,ttc_capped,0.006,table,1,37.496613,126.957809,0.054,0.0,1,37.496792,126.957809,0.013,0.0,-1.24,16.73
1786957296.968,12237,0,0,0,0,1,heartbeat,0,16.82,0.18,95.02,28.0,0,ttc_capped,0.0069,table,1,37.496613,126.957809,0.055,0.0,1,37.496792,126.957809,0.013,0.0,-1.22,16.78
1786957297.177,12239,0,0,0,0,1,heartbeat,0,16.87,0.15,111.96,28.0,0,ttc_capped,0.0025,table,1,37.496613,126.957809,0.057,0.0,1,37.496792,126.957809,0.013,0.0,-1.2,16.83
1786957297.384,12241,0,0,0,0,1,heartbeat,0,16.92,0.12,135.65,28.0,0,ttc_capped,0.0025,table,1,37.496613,126.957809,0.062,0.0,1,37.496792,126.957809,0.017,0.0,-1.18,16.88
1786957297.593,12243,0,0,0,0,1,heartbeat,0,16.98,0.1,169.23,28.0,0,ttc_capped,0.0025,table,1,37.496613,126.957809,0.055,0.0,1,37.496792,126.957809,0.017,0.0,-1.16,16.94
1786957297.804,12245,0,0,0,0,1,heartbeat,0,17.04,0.08,218.26,28.0,0,ttc_capped,0.0025,table,1,37.496613,126.957809,0.061,0.0,1,37.496792,126.957809,0.017,0.0,-1.14,17.0
1786957298.015,12247,0,0,0,0,1,heartbeat,0,17.09,0.06,292.35,28.0,0,ttc_capped,0.0025,table,1,37.496616,126.957809,0.055,0.0,1,37.496792,126.957809,0.017,0.0,-1.12,17.05
1786957298.224,12249,0,0,0,0,1,heartbeat,0,17.14,0.04,413.78,28.0,0,ttc_capped,0.0025,table,1,37.496616,126.957809,0.059,0.0,1,37.496792,126.957809,0.017,0.0,-1.1,17.11
1786957298.435,12251,0,0,0,0,1,heartbeat,0,17.06,0.12,139.99,28.0,0,ttc_capped,0.0025,table,1,37.496616,126.957809,0.056,0.0,1,37.496788,126.957809,0.013,0.0,-1.09,17.02
1786957298.646,12252,0,0,0,0,1,heartbeat,0,16.95,0.19,88.29,28.0,0,ttc_capped,0.006,table,1,37.496616,126.957809,0.056,0.0,1,37.496788,126.957809,0.013,0.0,-1.08,16.92
1786957298.849,12254,0,0,0,0,1,heartbeat,0,16.92,0.21,79.34,28.0,0,ttc_capped,0.0052,table,1,37.496616,126.957809,0.053,0.0,1,37.496788,126.957809,0.013,0.0,-1.06,16.89
1786957299.054,12256,0,0,0,0,1,heartbeat,0,16.91,0.22,76.92,28.0,0,ttc_capped,0.0052,table,1,37.496616,126.957809,0.047,0.0,1,37.496788,126.957809,0.013,0.0,-1.04,16.88
1786957299.257,12258,0,0,0,0,1,heartbeat,0,16.91,0.22,78.6,28.0,0,ttc_capped,0.0052,table,1,37.496616,126.957809,0.04,0.0,1,37.496788,126.957809,0.009,0.0,-1.02,16.88
1786957299.459,12260,0,0,0,0,1,heartbeat,0,16.92,0.2,83.52,28.0,0,ttc_capped,0.0052,table,1,37.496616,126.957809,0.038,0.0,1,37.496788,126.957809,0.009,0.0,-1.01,16.89
1786957299.659,12262,0,0,0,0,1,heartbeat,0,16.94,0.18,91.58,28.0,0,ttc_capped,0.007,table,1,37.496616,126.957809,0.027,0.0,1,37.496788,126.957809,0.009,0.0,-0.99,16.91
1786957299.911,12265,0,0,0,0,1,heartbeat,0,16.97,0.16,103.23,28.0,0,ttc_capped,0.0083,table,1,37.496616,126.957809,0.03,0.0,1,37.496788,126.957809,0.009,0.0,-0.96,16.94
1786957300.123,12267,0,0,0,0,1,heartbeat,0,17.0,0.14,119.68,28.0,0,ttc_capped,0.0025,table,1,37.496616,126.957809,0.028,0.0,1,37.496788,126.957809,0.009,0.0,-0.95,16.98
1786957300.337,12269,0,0,0,0,1,heartbeat,0,17.04,0.12,142.09,28.0,0,ttc_capped,0.0025,table,1,37.496616,126.957809,0.029,0.0,1,37.496788,126.957809,0.007,0.0,-0.93,17.01
1786957300.554,12271,0,0,0,0,1,heartbeat,0,17.07,0.1,173.08,28.0,0,ttc_capped,0.0025,table,1,37.496616,126.957809,0.035,0.0,1,37.496788,126.957809,0.007,0.0,-0.92,17.05
1786957300.761,12273,0,0,0,0,1,heartbeat,0,17.11,0.08,217.53,28.0,0,ttc_capped,0.0025,table,1,37.496616,126.957809,0.041,0.0,1,37.496788,126.957809,0.007,0.0,-0.9,17.09
1786957300.968,12275,0,0,0,0,1,heartbeat,0,17.16,0.06,283.05,28.0,0,ttc_capped,0.0025,table,1,37.496616,126.957809,0.041,0.0,1,37.496788,126.957809,0.007,0.0,-0.89,17.13
1786957301.179,12277,0,0,0,0,1,heartbeat,0,17.2,0.04,385.0,28.0,0,ttc_capped,0.0018,table,1,37.496616,126.957809,0.036,0.0,1,37.496788,126.957809,0.007,0.0,-0.87,17.18
1786957301.388,12278,0,0,0,0,1,heartbeat,0,17.23,0.03,677.97,28.0,0,ttc_capped,0.0015,table,1,37.496616,126.957809,0.038,0.0,1,37.496788,126.957809,0.004,0.0,-0.86,17.21
1786957301.593,12280,0,0,0,0,1,heartbeat,0,17.27,0.02,1112.78,28.0,0,ttc_capped,0.0015,table,1,37.496616,126.957809,0.035,0.0,1,37.496788,126.957809,0.004,0.0,-0.85,17.25
1786957301.794,12282,0,0,0,0,1,heartbeat,0,17.31,0.01,2282.95,28.0,0,ttc_capped,0.0016,table,1,37.496616,126.957809,0.039,0.0,1,37.496788,126.957809,0.004,0.0,-0.83,17.29
1786957301.994,12284,0,0,0,0,1,heartbeat,0,17.34,0.0,12240.14,19.46,0,ttc_capped,0.0013,table,1,37.496616,126.957809,0.043,0.0,1,37.496788,126.957809,0.004,0.0,-0.82,17.33
1786957302.201,12286,0,0,0,0,1,heartbeat,0,17.38,-0.0,9999.0,25.0,0,ttc_capped,0.0081,table,1,37.496616,126.957809,0.052,0.0,1,37.496788,126.957809,0.004,0.0,-0.81,17.36
1786957302.403,12288,0,0,0,0,1,heartbeat,0,17.29,0.09,200.36,28.0,0,ttc_capped,0.0013,table,1,37.496616,126.957809,0.059,0.0,1,37.496784,126.957809,0.017,0.0,-0.79,17.27
1786957302.606,12290,0,0,0,0,1,heartbeat,0,17.22,0.15,116.7,28.0,0,ttc_capped,0.0013,table,1,37.496616,126.957809,0.058,0.0,1,37.496784,126.957809,0.017,0.0,-0.78,17.2
1786957302.807,12292,0,0,0,0,1,heartbeat,0,17.16,0.19,92.26,28.0,0,ttc_capped,0.0044,table,1,37.496616,126.957809,0.054,0.0,1,37.496784,126.957809,0.017,0.0,-0.77,17.15
1786957303.009,12294,0,0,0,0,1,heartbeat,0,17.13,0.21,83.01,28.0,0,ttc_capped,0.0052,table,1,37.496616,126.957809,0.055,0.0,1,37.496784,126.957809,0.017,0.0,-0.75,17.11
1786957303.215,12296,0,0,0,0,1,heartbeat,0,17.1,0.21,80.54,28.0,0,ttc_capped,0.0052,table,1,37.496616,126.957809,0.048,0.0,1,37.496784,126.957809,0.016,0.0,-0.74,17.09
1786957303.423,12298,0,0,0,0,1,heartbeat,0,17.09,0.21,82.4,28.0,0,ttc_capped,0.006,table,1,37.496616,126.957809,0.039,0.0,1,37.496784,126.957809,0.016,0.0,-0.73,17.08
1786957303.629,12300,0,0,0,0,1,heartbeat,0,17.09,0.2,87.64,28.0,0,ttc_capped,0.0064,table,1,37.496616,126.957809,0.038,0.0,1,37.496784,126.957809,0.016,0.0,-0.72,17.08
1786957303.845,12302,0,0,0,0,1,heartbeat,0,17.1,0.18,96.73,28.0,0,ttc_capped,0.0064,table,1,37.496616,126.957809,0.041,0.0,1,37.496784,126.957809,0.016,0.0,-0.7,17.09
1786957304.053,12304,0,0,0,0,1,heartbeat,0,17.12,0.16,109.83,28.0,0,ttc_capped,0.0023,table,1,37.496616,126.957809,0.043,0.0,1,37.496784,126.957809,0.016,0.0,-0.69,17.1
1786957304.255,12306,0,0,0,0,1,heartbeat,0,17.14,0.14,126.72,28.0,0,ttc_capped,0.0025,table,1,37.496616,126.957809,0.042,0.0,1,37.496784,126.957809,0.021,0.0,-0.68,17.12
1786957304.463,12308,0,0,0,0,1,heartbeat,0,17.16,0.11,150.43,28.0,0,ttc_capped,0.0018,table,1,37.496616,126.957809,0.04,0.0,1,37.496784,126.957809,0.021,0.0,-0.67,17.15
1786957304.667,12310,0,0,0,0,1,heartbeat,0,17.19,0.09,183.2,28.0,0,ttc_capped,0.0018,table,1,37.496616,126.957809,0.04,0.0,1,37.496784,126.957809,0.021,0.0,-0.66,17.18
1786957304.871,12312,0,0,0,0,1,heartbeat,0,17.22,0.08,228.98,28.0,0,ttc_capped,0.0018,table,1,37.496616,126.957809,0.042,0.0,1,37.496784,126.957809,0.021,0.0,-0.65,17.21
1786957305.081,12314,0,0,0,0,1,heartbeat,0,17.25,0.06,294.3,28.0,0,ttc_capped,0.0018,table,1,37.496616,126.957809,0.04,0.0,1,37.496784,126.957809,0.021,0.0,-0.64,17.24
1786957305.295,12316,0,0,0,0,1,heartbeat,0,17.28,0.04,394.37,28.0,0,ttc_capped,0.0018,table,1,37.496616,126.957809,0.044,0.0,1,37.496784,126.957809,0.023,0.0,-0.63,17.27
1786957305.503,12318,0,0,0,0,1,heartbeat,0,17.31,0.03,555.69,28.0,0,ttc_capped,0.0018,table,1,37.496616,126.957809,0.043,0.0,1,37.496784,126.957809,0.023,0.0,-0.62,17.3
1786957305.715,12320,0,0,0,0,1,heartbeat,0,17.34,0.02,844.22,28.0,0,ttc_capped,0.0018,table,1,37.496616,126.957809,0.037,0.0,1,37.496784,126.957809,0.023,0.0,-0.61,17.33
1786957305.925,12322,0,0,0,0,1,heartbeat,0,17.37,0.01,1458.09,28.0,0,ttc_capped,0.0019,table,1,37.496616,126.957809,0.037,0.0,1,37.496784,126.957809,0.023,0.0,-0.6,17.36
1786957306.137,12324,0,0,0,0,1,heartbeat,0,17.4,0.0,3539.19,28.0,0,ttc_capped,0.0018,table,1,37.496616,126.957809,0.038,0.0,1,37.496784,126.957809,0.023,0.0,-0.59,17.39
1786957306.347,12326,0,0,0,0,1,heartbeat,0,17.43,-0.0,9999.0,25.0,0,ttc_capped,0.0086,table,1,37.496616,126.957809,0.043,0.0,1,37.496784,126.957809,0.022,0.0,-0.58,17.42
1786957306.56,12328,0,0,0,0,1,heartbeat,0,17.46,-0.0,9999.0,25.0,0,ttc_capped,0.0086,table,1,37.496616,126.957809,0.042,0.0,1,37.496784,126.957809,0.022,0.0,-0.57,17.45
1786957306.773,12330,0,0,0,0,1,heartbeat,0,17.48,-0.01,9999.0,25.0,0,ttc_capped,0.0003,table,1,37.496616,126.957809,0.042,0.0,1,37.496784,126.957809,0.022,0.0,-0.56,17.47
1786957306.98,12331,0,0,0,0,1,heartbeat,0,17.5,-0.01,9999.0,25.0,0,ttc_capped,0.0003,table,1,37.496616,126.957809,0.04,0.0,1,37.496784,126.957809,0.022,0.0,-0.55,17.49
1786957307.185,12333,0,0,0,0,1,heartbeat,0,17.52,-0.01,9999.0,25.0,0,ttc_capped,0.0003,table,1,37.496616,126.957809,0.035,0.0,1,37.496784,126.957809,0.022,0.0,-0.54,17.51
1786957307.385,12335,0,0,0,0,1,heartbeat,0,17.54,-0.01,9999.0,25.0,0,ttc_capped,0.0003,table,1,37.496616,126.957809,0.035,0.0,1,37.496784,126.957809,0.021,0.0,-0.53,17.53
1786957307.588,12337,0,0,0,0,1,heartbeat,0,17.56,-0.01,9999.0,25.0,0,ttc_capped,0.0003,table,1,37.496616,126.957809,0.032,0.0,1,37.496784,126.957809,0.021,0.0,-0.52,17.55
1786957307.792,12339,0,0,0,0,1,heartbeat,0,17.58,-0.01,9999.0,25.0,0,ttc_capped,0.0003,table,1,37.496616,126.957809,0.028,0.0,1,37.496784,126.957809,0.021,0.0,-0.52,17.57
1786957307.995,12341,0,0,0,0,1,heartbeat,0,17.6,-0.01,9999.0,25.0,0,ttc_capped,0.0003,table,1,37.496616,126.957809,0.029,0.0,1,37.496784,126.957809,0.021,0.0,-0.51,17.59
1786957308.199,12343,0,0,0,0,1,heartbeat,0,17.62,-0.01,9999.0,25.0,0,ttc_capped,0.0003,table,1,37.496616,126.957809,0.033,0.0,1,37.496784,126.957809,0.021,0.0,-0.5,17.61
1786957308.402,12345,0,0,0,0,1,heartbeat,0,17.51,0.09,202.7,28.0,0,ttc_capped,0.002,table,1,37.496616,126.957809,0.036,0.0,1,37.49678,126.957809,0.021,0.0,-0.49,17.51
1786957308.672,12348,0,0,0,0,1,heartbeat,0,17.42,0.15,115.55,28.0,0,ttc_capped,0.0028,table,1,37.496616,126.957809,0.05,0.0,1,37.49678,126.957809,0.021,0.0,-0.48,17.42
1786957308.889,12350,0,0,0,0,1,heartbeat,0,17.35,0.19,90.62,28.0,0,ttc_capped,0.0093,table,1,37.496616,126.957809,0.049,0.0,1,37.49678,126.957809,0.021,0.0,-0.47,17.34
1786957309.094,12352,0,0,0,0,1,heartbeat,0,17.3,0.21,81.18,28.0,0,ttc_capped,0.0081,table,1,37.496616,126.957809,0.042,0.0,1,37.49678,126.957809,0.021,0.0,-0.46,17.29
1786957309.305,12354,0,0,0,0,1,heartbeat,0,17.26,0.22,78.63,28.0,0,ttc_capped,0.0081,table,1,37.496616,126.957809,0.029,0.0,1,37.49678,126.957809,0.021,0.0,-0.45,17.25
1786957309.516,12356,0,0,0,0,1,heartbeat,0,17.24,0.21,80.37,28.0,0,ttc_capped,0.0081,table,1,37.496616,126.957809,0.023,0.0,1,37.49678,126.957809,0.026,0.0,-0.45,17.23
1786957309.727,12358,0,0,0,0,1,heartbeat,0,17.23,0.2,85.64,28.0,0,ttc_capped,0.0093,table,1,37.496616,126.957809,0.022,0.0,1,37.49678,126.957809,0.026,0.0,-0.44,17.22
1786957309.932,12359,0,0,0,0,1,heartbeat,0,17.23,0.17,99.77,28.0,0,ttc_capped,0.0078,table,1,37.496616,126.957809,0.021,0.0,1,37.49678,126.957809,0.026,0.0,-0.44,17.23
1786957310.144,12361,0,0,0,0,1,heartbeat,0,17.24,0.15,114.49,28.0,0,ttc_capped,0.0023,table,1,37.496616,126.957809,0.023,0.0,1,37.49678,126.957809,0.026,0.0,-0.43,17.24
1786957310.344,12363,0,0,0,0,1,heartbeat,0,17.26,0.13,133.99,28.0,0,ttc_capped,0.0023,table,1,37.496616,126.957809,0.024,0.0,1,37.49678,126.957809,0.021,0.0,-0.42,17.25
1786957310.548,12365,0,0,0,0,1,heartbeat,0,17.27,0.11,161.0,28.0,0,ttc_capped,0.0023,table,1,37.496616,126.957809,0.028,0.0,1,37.49678,126.957809,0.021,0.0,-0.41,17.27
1786957310.748,12367,0,0,0,0,1,heartbeat,0,17.29,0.09,198.5,28.0,0,ttc_capped,0.0023,table,1,37.496616,126.957809,0.031,0.0,1,37.49678,126.957809,0.021,0.0,-0.41,17.29
1786957310.965,12369,0,0,0,0,1,heartbeat,0,17.32,0.07,253.14,28.0,0,ttc_capped,0.0023,table,1,37.496616,126.957809,0.034,0.0,1,37.49678,126.957809,0.021,0.0,-0.4,17.31
1786957311.205,12372,0,0,0,0,1,heartbeat,0,17.34,0.05,333.05,28.0,0,ttc_capped,0.0029,table,1,37.496616,126.957802,0.04,0.0,1,37.49678,126.957809,0.021,0.0,-0.38,17.34
1786957311.415,12374,0,0,0,0,1,heartbeat,0,17.37,0.04,458.45,28.0,0,ttc_capped,0.0029,table,1,37.496616,126.957802,0.048,0.0,1,37.49678,126.957809,0.018,0.0,-0.36,17.36
1786957311.627,12376,0,0,0,0,1,heartbeat,0,17.39,0.03,674.57,28.0,0,ttc_capped,0.0029,table,1,37.496613,126.957802,0.047,0.0,1,37.49678,126.957809,0.018,0.0,-0.35,17.39
1786957311.841,12378,0,0,0,0,1,heartbeat,0,17.42,0.02,1097.03,28.0,0,ttc_capped,0.0029,table,1,37.496613,126.957802,0.049,0.0,1,37.49678,126.957809,0.018,0.0,-0.33,17.42
1786957312.048,12380,0,0,0,0,1,heartbeat,0,17.44,0.01,2187.05,28.0,0,ttc_capped,0.0028,table,1,37.496613,126.957802,0.05,0.0,1,37.49678,126.957809,0.018,0.0,-0.31,17.44
1786957312.261,12382,0,0,0,0,1,heartbeat,0,17.47,0.0,9931.16,18.99,0,ttc_capped,0.0024,table,1,37.496613,126.957802,0.047,0.0,1,37.49678,126.957809,0.018,0.0,-0.3,17.47
1786957312.472,12384,0,0,0,0,1,heartbeat,0,17.49,-0.0,9999.0,25.0,0,ttc_capped,0.0086,table,1,37.496613,126.957802,0.043,0.0,1,37.49678,126.957809,0.014,0.0,-0.28,17.49
1786957312.683,12386,0,0,0,0,1,heartbeat,0,17.52,-0.01,9999.0,25.0,0,ttc_capped,0.0086,table,1,37.496613,126.957802,0.032,0.0,1,37.49678,126.957809,0.014,0.0,-0.27,17.52
1786957312.896,12387,0,0,0,0,1,heartbeat,0,17.53,-0.01,9999.0,25.0,0,ttc_capped,0.0003,table,1,37.496613,126.957802,0.032,0.0,1,37.49678,126.957809,0.014,0.0,-0.26,17.53
1786957313.101,12389,0,0,0,0,1,heartbeat,0,17.55,-0.01,9999.0,25.0,0,ttc_capped,0.0003,table,1,37.496613,126.957802,0.033,0.0,1,37.49678,126.957809,0.014,0.0,-0.25,17.55
1786957313.302,12391,0,0,0,0,1,heartbeat,0,17.57,-0.01,9999.0,25.0,0,ttc_capped,0.0002,table,1,37.496613,126.957802,0.034,0.0,1,37.49678,126.957802,0.025,0.0,-0.32,17.57
1786957313.505,12393,0,0,0,0,1,heartbeat,0,17.59,-0.01,9999.0,25.0,0,ttc_capped,0.0007,table,1,37.496613,126.957802,0.032,0.0,1,37.49678,126.957802,0.025,0.0,-0.47,17.59
1786957313.708,12395,0,0,0,0,1,heartbeat,0,17.62,-0.02,9999.0,25.0,0,ttc_capped,0.0007,table,1,37.496613,126.957802,0.035,0.0,1,37.49678,126.957802,0.025,0.0,-0.58,17.61
1786957313.915,12397,0,0,0,0,1,heartbeat,0,17.64,-0.02,9999.0,25.0,0,ttc_capped,0.0007,table,1,37.496613,126.957802,0.036,0.0,1,37.49678,126.957802,0.025,0.0,-0.68,17.62
1786957314.118,12399,0,0,0,0,1,heartbeat,0,17.66,-0.02,9999.0,25.0,0,ttc_capped,0.0011,table,1,37.496613,126.957802,0.039,0.0,1,37.49678,126.957802,0.025,0.0,-0.75,17.64
1786957314.321,12401,0,0,0,0,1,heartbeat,0,17.67,-0.02,9999.0,25.0,0,ttc_capped,0.0007,table,1,37.496613,126.957802,0.04,0.0,1,37.49678,126.957802,0.025,0.0,-0.8,17.66
1786957314.523,12403,0,0,0,0,1,heartbeat,0,17.69,-0.02,9999.0,25.0,0,ttc_capped,0.0007,table,1,37.496613,126.957802,0.04,0.0,1,37.49678,126.957802,0.025,0.0,-0.83,17.67
1786957314.725,12405,0,0,0,0,1,heartbeat,0,17.71,-0.02,9999.0,25.0,0,ttc_capped,0.001,table,1,37.496613,126.957802,0.033,0.0,1,37.49678,126.957802,0.025,0.0,-0.84,17.69
1786957314.927,12407,0,0,0,0,1,heartbeat,0,17.72,-0.02,9999.0,25.0,0,ttc_capped,0.001,table,1,37.496613,126.957802,0.027,0.0,1,37.49678,126.957802,0.025,0.0,-0.85,17.7
1786957315.132,12409,0,0,0,0,1,heartbeat,0,17.74,-0.01,9999.0,25.0,0,ttc_capped,0.001,table,1,37.496613,126.957802,0.019,0.0,1,37.49678,126.957802,0.025,0.0,-0.85,17.72
1786957315.344,12411,0,0,0,0,1,heartbeat,0,17.75,-0.01,9999.0,25.0,0,ttc_capped,0.001,table,1,37.496613,126.957802,0.022,0.0,1,37.49678,126.957802,0.018,0.0,-0.84,17.73
1786957315.552,12413,0,0,0,0,1,heartbeat,0,17.76,-0.01,9999.0,25.0,0,ttc_capped,0.0003,table,1,37.496613,126.957802,0.021,0.0,1,37.49678,126.957802,0.018,0.0,-0.82,17.75
1786957315.762,12415,0,0,0,0,1,heartbeat,0,17.78,-0.01,9999.0,25.0,0,ttc_capped,0.0086,table,1,37.496613,126.957802,0.025,0.0,1,37.49678,126.957802,0.018,0.0,-0.8,17.76
1786957315.962,12417,0,0,0,0,1,heartbeat,0,17.79,-0.01,9999.0,25.0,0,ttc_capped,0.0086,table,1,37.496613,126.957802,0.032,0.0,1,37.49678,126.957802,0.018,0.0,-0.78,17.77
1786957316.168,12419,0,0,0,0,1,heartbeat,0,17.8,-0.0,9999.0,25.0,0,ttc_capped,0.0086,table,1,37.496613,126.957802,0.041,0.0,1,37.49678,126.957802,0.018,0.0,-0.76,17.79
1786957316.376,12421,0,0,0,0,1,heartbeat,0,17.72,0.07,266.78,5.6,0,ttc_capped,0.0029,table,1,37.496613,126.957802,0.052,0.0,1,37.496777,126.957802,0.024,0.0,-0.73,17.7
1786957316.589,12423,0,0,0,0,1,heartbeat,0,17.65,0.11,153.61,12.3,0,ttc_capped,0.0025,table,1,37.496613,126.957802,0.059,0.0,1,37.496777,126.957802,0.024,0.0,-0.71,17.64
1786957316.798,12425,0,0,0,0,1,heartbeat,0,17.6,0.15,120.93,23.92,0,ttc_capped,0.0016,table,1,37.496613,126.957802,0.063,0.0,1,37.496777,126.957802,0.024,0.0,-0.69,17.58
1786957317.008,12427,0,0,0,0,1,heartbeat,0,17.56,0.16,108.71,28.0,0,ttc_capped,0.0062,table,1,37.496609,126.957802,0.068,0.0,1,37.496777,126.957802,0.024,0.0,-0.67,17.55
1786957317.222,12429,0,0,0,0,1,heartbeat,0,17.54,0.17,105.43,28.0,0,ttc_capped,0.0062,table,1,37.496609,126.957802,0.058,0.0,1,37.496777,126.957802,0.024,0.0,-0.65,17.53
1786957317.439,12431,0,0,0,0,1,heartbeat,0,17.53,0.16,107.66,28.0,0,ttc_capped,0.0062,table,1,37.496609,126.957802,0.051,0.0,1,37.496777,126.957802,0.02,0.0,-0.63,17.52
1786957317.644,12433,0,0,0,0,1,heartbeat,0,17.53,0.15,114.35,28.0,0,ttc_capped,0.0018,table,1,37.496609,126.957802,0.047,0.0,1,37.496777,126.957802,0.02,0.0,-0.61,17.52
1786957317.859,12435,0,0,0,0,1,heartbeat,0,17.53,0.14,125.53,28.0,0,ttc_capped,0.0018,table,1,37.496609,126.957802,0.058,0.0,1,37.496777,126.957802,0.02,0.0,-0.6,17.52
1786957318.069,12437,0,0,0,0,1,heartbeat,0,17.54,0.12,142.11,28.0,0,ttc_capped,0.0018,table,1,37.496609,126.957802,0.074,0.0,1,37.496777,126.957802,0.02,0.0,-0.58,17.54
1786957318.277,12439,0,0,0,0,1,heartbeat,0,17.56,0.11,165.83,28.0,0,ttc_capped,0.0018,table,1,37.496609,126.957802,0.093,0.0,1,37.496777,126.957802,0.02,0.0,-0.57,17.55
1786957318.488,12441,0,0,0,0,1,heartbeat,0,17.58,0.09,198.42,28.0,0,ttc_capped,0.0018,table,1,37.496609,126.957802,0.104,0.0,1,37.496777,126.957802,0.02,0.0,-0.56,17.57
1786957318.699,12443,0,0,0,0,1,heartbeat,0,17.6,0.07,244.44,27.73,0,ttc_capped,0.0016,table,1,37.496609,126.957802,0.114,0.0,1,37.496777,126.957802,0.02,0.0,-0.54,17.6
1786957318.91,12445,0,0,0,0,1,heartbeat,0,17.63,0.06,310.91,25.39,0,ttc_capped,0.0024,table,1,37.496609,126.957802,0.126,0.0,1,37.496777,126.957802,0.02,0.0,-0.53,17.62
1786957319.115,12446,0,0,0,0,1,heartbeat,0,17.65,0.04,470.7,21.05,0,ttc_capped,0.002,table,1,37.496609,126.957802,0.136,0.0,1,37.496777,126.957802,0.02,0.0,-0.53,17.64
1786957319.316,12448,0,0,0,0,1,heartbeat,0,17.67,0.03,653.09,17.13,0,ttc_capped,0.0032,table,1,37.496609,126.957802,0.141,0.0,1,37.496777,126.957802,0.023,0.0,-0.52,17.67
1786957319.517,12450,0,0,0,0,1,heartbeat,0,17.7,0.02,968.68,11.5,0,ttc_capped,0.0032,table,1,37.496609,126.957802,0.149,0.0,1,37.496777,126.957802,0.023,0.0,-0.51,17.69
1786957319.718,12452,0,0,0,0,1,heartbeat,0,17.72,0.01,1601.78,5.6,0,ttc_capped,0.0032,table,1,37.496609,126.957802,0.162,0.0,1,37.496777,126.957802,0.023,0.0,-0.5,17.71
1786957319.918,12454,0,0,0,0,1,heartbeat,0,17.74,0.01,3340.69,5.6,0,ttc_capped,0.0021,table,1,37.496609,126.957802,0.161,0.0,1,37.496777,126.957802,0.023,0.0,-0.49,17.73
1786957320.122,12456,0,0,0,0,1,heartbeat,0,17.76,0.0,20292.63,5.6,0,ttc_capped,0.0021,table,1,37.496609,126.957794,0.168,0.0,1,37.496777,126.957802,0.023,0.0,-0.48,17.75
1786957320.324,12458,0,0,0,0,1,heartbeat,0,17.78,-0.0,9999.0,25.0,0,ttc_capped,0.007,table,1,37.496609,126.957794,0.177,0.0,1,37.496777,126.957802,0.019,0.0,-0.46,17.77
1786957320.524,12460,0,0,0,0,1,heartbeat,0,17.8,-0.0,9999.0,25.0,0,ttc_capped,0.007,table,1,37.496609,126.957794,0.178,0.0,1,37.496777,126.957802,0.019,0.0,-0.44,17.79
1786957320.729,12462,0,0,0,0,1,heartbeat,0,17.82,-0.01,9999.0,25.0,0,ttc_capped,0.007,table,1,37.496609,126.957794,0.179,0.0,1,37.496777,126.957802,0.019,0.0,-0.42,17.81
1786957320.943,12464,0,0,0,0,1,heartbeat,0,17.83,-0.01,9999.0,25.0,0,ttc_capped,0.0003,table,1,37.496609,126.957794,0.16,0.0,1,37.496777,126.957802,0.019,0.0,-0.41,17.83
1786957321.149,12466,0,0,0,0,1,heartbeat,0,17.85,-0.01,9999.0,25.0,0,ttc_capped,0.0003,table,1,37.496609,126.957794,0.145,0.0,1,37.496777,126.957802,0.019,0.0,-0.39,17.84
1786957321.363,12468,0,0,0,0,1,heartbeat,0,17.74,0.09,204.63,28.0,0,ttc_capped,0.0035,table,1,37.496605,126.957794,0.132,0.0,1,37.496773,126.957802,0.015,0.0,-0.37,17.74
1786957321.567,12470,0,0,0,0,1,heartbeat,0,17.66,0.15,117.86,28.0,0,ttc_capped,0.0028,table,1,37.496605,126.957794,0.12,0.0,1,37.496773,126.957802,0.015,0.0,-0.35,17.66
1786957321.773,12472,0,0,0,0,1,heartbeat,0,17.6,0.19,92.62,28.0,0,ttc_capped,0.0093,table,1,37.496605,126.957794,0.11,0.0,1,37.496773,126.957802,0.015,0.0,-0.33,17.59
1786957321.978,12474,0,0,0,0,1,heartbeat,0,17.55,0.21,83.04,28.0,0,ttc_capped,0.0081,table,1,37.496605,126.957794,0.102,0.0,1,37.496773,126.957802,0.015,0.0,-0.32,17.55
1786957322.185,12476,0,0,0,0,1,heartbeat,0,17.52,0.22,80.43,28.0,0,ttc_capped,0.0081,table,1,37.496605,126.957794,0.095,0.0,1,37.496773,126.957802,0.015,0.0,-0.3,17.51
1786957322.389,12478,0,0,0,0,1,heartbeat,0,17.5,0.21,82.05,28.0,0,ttc_capped,0.0081,table,1,37.496605,126.957794,0.087,0.0,1,37.496773,126.957802,0.02,0.0,-0.28,17.49
1786957322.602,12480,0,0,0,0,1,heartbeat,0,17.49,0.2,86.99,28.0,0,ttc_capped,0.0093,table,1,37.496605,126.957794,0.084,0.0,1,37.496773,126.957802,0.02,0.0,-0.27,17.49
1786957322.812,12482,0,0,0,0,1,heartbeat,0,17.49,0.18,95.35,28.0,0,ttc_capped,0.0098,table,1,37.496605,126.957794,0.067,0.0,1,37.496773,126.957802,0.02,0.0,-0.25,17.49
1786957323.022,12484,0,0,0,0,1,heartbeat,0,17.5,0.16,107.36,28.0,0,ttc_capped,0.0098,table,1,37.496605,126.957794,0.07,0.0,1,37.496773,126.957802,0.02,0.0,-0.23,17.5
1786957323.234,12486,0,0,0,0,1,heartbeat,0,17.51,0.14,124.29,28.0,0,ttc_capped,0.0029,table,1,37.496605,126.957794,0.075,0.0,1,37.496773,126.957802,0.02,0.0,-0.22,17.51
1786957323.444,12488,0,0,0,0,1,heartbeat,0,17.53,0.12,147.56,28.0,0,ttc_capped,0.0029,table,1,37.496605,126.957794,0.074,0.0,1,37.496773,126.957802,0.02,0.0,-0.2,17.53
1786957323.654,12490,0,0,0,0,1,heartbeat,0,17.55,0.1,179.59,28.0,0,ttc_capped,0.0029,table,1,37.496605,126.957794,0.073,0.0,1,37.496773,126.957802,0.02,0.0,-0.19,17.55
1786957323.87,12492,0,0,0,0,1,heartbeat,0,17.58,0.08,225.76,28.0,0,ttc_capped,0.0029,table,1,37.496605,126.957794,0.067,0.0,1,37.496773,126.957802,0.02,0.0,-0.17,17.58
1786957324.081,12494,0,0,0,0,1,heartbeat,0,17.59,0.07,256.07,28.0,0,ttc_capped,0.0029,table,1,37.496605,126.957794,0.064,0.0,1,37.496773,126.957802,0.02,0.0,-0.16,17.59
1786957324.298,12496,0,0,0,0,1,heartbeat,0,17.62,0.05,369.01,28.0,0,ttc_capped,0.0029,table,1,37.496605,126.957794,0.061,0.0,1,37.496773,126.957802,0.02,0.0,-0.14,17.62
1786957324.506,12498,0,0,0,0,1,heartbeat,0,17.65,0.04,480.29,28.0,0,ttc_capped,0.0029,table,1,37.496605,126.957794,0.067,0.0,1,37.496773,126.957802,0.018,0.0,-0.13,17.65
1786957324.721,12500,0,0,0,0,1,heartbeat,0,17.68,0.02,892.91,28.0,0,ttc_capped,0.0029,table,1,37.496605,126.957794,0.079,0.0,1,37.496773,126.957802,0.018,0.0,-0.12,17.68
1786957324.94,12502,0,0,0,0,1,heartbeat,0,17.71,0.0,5349.98,28.0,0,ttc_capped,0.0028,table,1,37.496605,126.957794,0.109,154.56,1,37.496773,126.957802,0.018,0.0,-0.1,17.71
1786957325.156,12504,0,0,0,0,1,heartbeat,0,17.74,-0.0,9999.0,25.0,0,ttc_capped,0.0086,table,1,37.496605,126.957794,0.132,154.67,1,37.496773,126.957802,0.018,0.0,-0.09,17.74
1786957325.362,12506,0,0,0,0,1,heartbeat,0,17.62,0.09,187.5,28.0,0,ttc_capped,0.0029,table,1,37.496605,126.957794,0.135,159.51,1,37.496769,126.957802,0.017,0.0,-0.07,17.62
1786957325.564,12508,0,0,0,0,1,heartbeat,0,17.53,0.16,111.09,28.0,0,ttc_capped,0.0029,table,1,37.496609,126.957794,0.129,162.35,1,37.496769,126.957802,0.017,0.0,-0.06,17.53
1786957325.77,12510,0,0,0,0,1,heartbeat,0,17.45,0.2,89.43,28.0,0,ttc_capped,0.0098,table,1,37.496609,126.957794,0.113,165.62,1,37.496769,126.957802,0.017,0.0,-0.05,17.45
1786957325.982,12512,0,0,0,0,1,heartbeat,0,17.39,0.21,81.66,28.0,0,ttc_capped,0.0085,table,1,37.496609,126.957794,0.088,167.74,1,37.496769,126.957802,0.017,0.0,-0.04,17.39
1786957326.192,12514,0,0,0,0,1,heartbeat,0,17.35,0.22,80.18,28.0,0,ttc_capped,0.0085,table,1,37.496609,126.957794,0.07,169.37,1,37.496769,126.957802,0.017,0.0,-0.02,17.35
1786957326.404,12516,0,0,0,0,1,heartbeat,0,17.32,0.21,82.79,28.0,0,ttc_capped,0.0085,table,1,37.496609,126.957794,0.052,172.0,1,37.496769,126.957802,0.016,0.0,-0.01,17.32
1786957326.614,12518,0,0,0,0,1,heartbeat,0,17.31,0.2,88.75,28.0,0,ttc_capped,0.0098,table,1,37.496609,126.957794,0.033,175.71,1,37.496769,126.957802,0.016,0.0,0.0,17.31
1786957326.826,12520,0,0,0,0,1,heartbeat,0,17.3,0.18,98.15,28.0,0,ttc_capped,0.0098,table,1,37.496609,126.957794,0.038,178.9,1,37.496769,126.957802,0.016,0.0,0.01,17.3
1786957327.04,12522,0,0,0,0,1,heartbeat,0,17.3,0.16,111.25,28.0,0,ttc_capped,0.0029,table,1,37.496609,126.957794,0.052,181.64,1,37.496769,126.957802,0.016,0.0,0.02,17.3
1786957327.25,12524,0,0,0,0,1,heartbeat,0,17.3,0.13,129.56,28.0,0,ttc_capped,0.0029,table,1,37.496609,126.957794,0.055,182.21,1,37.496769,126.957802,0.016,0.0,0.04,17.3
1786957327.474,12526,0,0,0,0,1,heartbeat,0,17.3,0.12,145.55,28.0,0,ttc_capped,0.0029,table,1,37.496609,126.957794,0.057,182.21,1,37.496769,126.957802,0.013,0.0,0.05,17.3
1786957327.681,12528,0,0,0,0,1,heartbeat,0,17.32,0.09,188.51,28.0,0,ttc_capped,0.0029,table,1,37.496609,126.957794,0.05,182.21,1,37.496769,126.957802,0.013,0.0,0.06,17.32
1786957327.9,12530,0,0,0,0,1,heartbeat,0,17.35,0.06,288.76,28.0,0,ttc_capped,0.0029,table,1,37.496609,126.957794,0.05,182.21,1,37.496769,126.957802,0.013,0.0,0.07,17.35
1786957328.104,12532,0,0,0,0,1,heartbeat,0,17.37,0.04,403.27,28.0,0,ttc_capped,0.0029,table,1,37.496609,126.957794,0.051,182.21,1,37.496769,126.957802,0.013,0.0,0.08,17.37
1786957328.31,12534,0,0,0,0,1,heartbeat,0,17.38,0.03,586.72,28.0,0,ttc_capped,0.0028,table,1,37.496613,126.957794,0.055,182.21,1,37.496769,126.957802,0.014,0.0,0.09,17.38
1786957328.514,12536,0,0,0,0,1,heartbeat,0,17.39,0.02,934.69,28.0,0,ttc_capped,0.0028,table,1,37.496613,126.957794,0.048,182.21,1,37.496769,126.957802,0.014,0.0,0.1,17.39
1786957328.724,12538,0,0,0,0,1,heartbeat,0,17.39,0.01,1752.63,28.0,0,ttc_capped,0.0028,table,1,37.496613,126.957794,0.053,0.0,1,37.496769,126.957802,0.014,0.0,0.11,17.39
1786957328.934,12540,0,0,0,0,1,heartbeat,0,17.4,0.0,5352.62,28.0,0,ttc_capped,0.0028,table,1,37.496613,126.957794,0.049,0.0,1,37.496769,126.957802,0.014,0.0,0.12,17.4
1786957329.146,12542,0,0,0,0,1,heartbeat,0,17.4,-0.0,9999.0,25.0,0,ttc_capped,0.0086,table,1,37.496616,126.957794,0.057,0.0,1,37.496769,126.957802,0.014,0.0,0.13,17.4
1786957329.358,12544,0,0,0,0,1,heartbeat,0,17.4,-0.01,9999.0,25.0,0,ttc_capped,0.0086,table,1,37.496616,126.957794,0.051,0.0,1,37.496769,126.957802,0.007,0.0,0.14,17.4
1786957329.57,12546,0,0,0,0,1,heartbeat,0,17.4,-0.01,9999.0,25.0,0,ttc_capped,0.0003,table,1,37.496616,126.957794,0.046,192.76,1,37.496769,126.957802,0.007,0.0,0.15,17.4
1786957329.779,12548,0,0,0,0,1,heartbeat,0,17.39,-0.01,9999.0,25.0,0,ttc_capped,0.0003,table,1,37.496616,126.957794,0.039,192.76,1,37.496769,126.957802,0.007,0.0,0.16,17.39
1786957329.99,12550,0,0,0,0,1,heartbeat,0,17.39,-0.01,9999.0,25.0,0,ttc_capped,0.0003,table,1,37.496616,126.957794,0.04,192.76,1,37.496769,126.957802,0.007,0.0,0.17,17.39
1786957330.201,12552,0,0,0,0,1,heartbeat,0,17.39,-0.01,9999.0,25.0,0,ttc_capped,0.0003,table,1,37.496616,126.957794,0.046,173.5,1,37.496769,126.957802,0.007,0.0,0.18,17.39
1786957330.412,12554,0,0,0,0,1,heartbeat,0,17.25,0.09,201.95,28.0,0,ttc_capped,0.0029,table,1,37.496616,126.957794,0.053,169.84,1,37.496765,126.957802,0.009,0.0,0.19,17.25
1786957330.623,12556,0,0,0,0,1,heartbeat,0,17.13,0.15,113.86,28.0,0,ttc_capped,0.0038,table,1,37.496616,126.957787,0.068,169.84,1,37.496765,126.957802,0.009,0.0,0.2,17.13
1786957330.834,12558,0,0,0,0,1,heartbeat,0,17.03,0.19,89.2,28.0,0,ttc_capped,0.0126,table,1,37.49662,126.957787,0.076,169.84,1,37.496765,126.957802,0.009,0.0,0.22,17.03
1786957331.042,12560,0,0,0,0,1,heartbeat,0,16.95,0.21,80.06,28.0,0,ttc_capped,0.0109,table,1,37.49662,126.957787,0.073,169.84,1,37.496765,126.957802,0.009,0.0,0.24,16.95
1786957331.255,12562,0,0,0,0,1,heartbeat,0,16.89,0.22,77.71,28.0,0,ttc_capped,0.0109,table,1,37.49662,126.957787,0.056,169.84,1,37.496765,126.957802,0.009,0.0,0.26,16.88
1786957331.457,12563,0,0,0,0,1,heartbeat,0,16.85,0.21,81.6,28.0,0,ttc_capped,0.0091,table,1,37.49662,126.957787,0.056,169.84,1,37.496765,126.957802,0.012,0.0,0.27,16.85
1786957331.658,12565,0,0,0,0,1,heartbeat,0,16.82,0.19,87.66,28.0,0,ttc_capped,0.0105,table,1,37.49662,126.957787,0.058,169.84,1,37.496765,126.957802,0.012,0.0,0.29,16.81
1786957331.861,12567,0,0,0,0,1,heartbeat,0,16.79,0.17,97.01,28.0,0,ttc_capped,0.0105,table,1,37.49662,126.957787,0.07,173.88,1,37.496765,126.957802,0.012,0.0,0.3,16.79
1786957332.062,12569,0,0,0,0,1,heartbeat,0,16.77,0.15,110.24,28.0,0,ttc_capped,0.0031,table,1,37.49662,126.957787,0.064,174.32,1,37.496765,126.957802,0.012,0.0,0.32,16.77
1786957332.268,12571,0,0,0,0,1,heartbeat,0,16.76,0.13,128.66,28.0,0,ttc_capped,0.0031,table,1,37.49662,126.957787,0.056,174.32,1,37.496765,126.957802,0.014,0.0,0.34,16.75
1786957332.47,12573,0,0,0,0,1,heartbeat,0,16.75,0.11,155.02,28.0,0,ttc_capped,0.0031,table,1,37.49662,126.957787,0.058,174.32,1,37.496765,126.957802,0.014,0.0,0.35,16.75
1786957332.672,12575,0,0,0,0,1,heartbeat,0,16.74,0.09,190.23,28.0,0,ttc_capped,0.0031,table,1,37.49662,126.957787,0.076,174.32,1,37.496765,126.957802,0.014,0.0,0.37,16.74
1786957332.874,12577,0,0,0,0,1,heartbeat,0,16.74,0.07,240.39,28.0,0,ttc_capped,0.0025,table,1,37.49662,126.957779,0.071,174.32,1,37.496765,126.957802,0.014,0.0,0.39,16.74
1786957333.074,12579,0,0,0,0,1,heartbeat,0,16.74,0.05,314.05,28.0,0,ttc_capped,0.0025,table,1,37.49662,126.957779,0.077,174.32,1,37.496765,126.957802,0.014,0.0,0.42,16.73
1786957333.36,12582,0,0,0,0,1,heartbeat,0,16.72,0.05,364.93,28.0,0,ttc_capped,0.0042,table,1,37.49662,126.957779,0.077,174.32,1,37.496765,126.957802,0.014,0.0,0.46,16.71
1786957333.572,12584,0,0,0,0,1,heartbeat,0,16.7,0.05,364.57,28.0,0,ttc_capped,0.0042,table,1,37.49662,126.957779,0.073,0.0,1,37.496765,126.957802,0.014,0.0,0.49,16.69
1786957343.972,12682,2,2,0,0,1,change,0,16.0,0.0,42152.75,5.6,0,ttc_capped,0.4922,model,1,37.496628,126.957787,0.039,185.57,1,37.496765,126.957802,0.009,0.0,0.94,15.97
1786957344.284,12685,2,2,2,2,1,heartbeat,0,15.64,0.66,23.86,5.6,0,table,0.0029,table,1,37.496628,126.957787,0.046,185.57,1,37.496761,126.957794,0.015,0.0,0.44,15.63
1786957344.486,12687,2,2,2,2,1,heartbeat,0,15.48,0.67,23.09,5.6,0,table,0.0031,table,1,37.496628,126.957787,0.053,185.57,1,37.496761,126.957794,0.015,0.0,0.22,15.48
1786957344.69,12689,2,2,2,2,1,heartbeat,0,15.42,0.5,30.68,5.6,0,ttc_capped,0.015,table,1,37.496624,126.957787,0.056,197.23,1,37.496761,126.957794,0.015,0.0,0.15,15.42
1786957344.898,12691,2,2,2,2,1,heartbeat,0,15.41,0.35,43.54,5.6,0,ttc_capped,0.015,table,1,37.496624,126.957787,0.062,197.23,1,37.496761,126.957794,0.015,0.0,0.14,15.41
1786957345.098,12693,2,2,2,2,1,heartbeat,0,15.41,0.25,61.24,5.6,0,ttc_capped,0.0109,table,1,37.496624,126.957787,0.065,201.17,1,37.496761,126.957794,0.015,0.0,0.15,15.41
1786957345.316,12695,2,2,2,2,1,heartbeat,0,15.41,0.18,85.09,5.6,0,ttc_capped,0.0124,table,1,37.496624,126.957787,0.069,203.14,1,37.496761,126.957794,0.015,0.0,0.17,15.41
1786957345.53,12697,2,2,2,2,1,heartbeat,0,15.41,0.13,115.59,5.6,0,ttc_capped,0.0137,table,1,37.496624,126.957787,0.069,203.27,1,37.496761,126.957794,0.015,0.0,0.18,15.41
1786957345.734,12699,2,2,2,2,1,heartbeat,0,15.41,0.11,140.55,5.6,0,ttc_capped,0.0137,table,1,37.49662,126.957787,0.068,202.02,1,37.496761,126.957794,0.015,0.0,0.19,15.41
1786957346.019,12702,2,2,2,2,1,heartbeat,0,15.42,0.08,191.76,5.6,0,ttc_capped,0.0032,table,1,37.49662,126.957779,0.069,202.02,1,37.496761,126.957794,0.015,0.0,0.21,15.42
1786957346.221,12703,2,2,2,2,1,heartbeat,0,15.44,0.05,295.74,5.6,0,ttc_capped,0.0045,table,1,37.49662,126.957779,0.069,204.7,1,37.496761,126.957794,0.015,0.0,0.25,15.44
1786957346.317,12704,0,0,2,2,1,change,0,15.45,0.05,338.93,5.6,0,ttc_capped,0.0045,table,1,37.49662,126.957779,0.072,204.7,1,37.496761,126.957794,0.015,0.0,0.26,15.45
1786957346.519,12706,0,0,0,0,1,heartbeat,0,15.46,0.03,447.84,5.6,0,ttc_capped,0.0045,table,1,37.49662,126.957779,0.074,204.7,1,37.496761,126.957794,0.015,0.0,0.29,15.46
1786957346.726,12708,0,0,0,0,1,heartbeat,0,15.47,0.03,599.06,5.6,0,ttc_capped,0.0045,table,1,37.49662,126.957779,0.075,204.7,1,37.496761,126.957794,0.015,0.0,0.31,15.46
1786957346.931,12710,0,0,0,0,1,heartbeat,0,15.48,0.02,833.21,5.6,0,ttc_capped,0.0045,table,1,37.496616,126.957779,0.07,204.7,1,37.496761,126.957794,0.015,0.0,0.33,15.48
1786957347.175,12713,0,0,0,0,1,heartbeat,0,15.5,0.01,1194.47,5.6,0,ttc_capped,0.0045,table,1,37.496616,126.957779,0.064,204.7,1,37.496761,126.957794,0.015,0.0,0.36,15.49
1786957349.311,12733,0,0,0,0,1,heartbeat,0,20.21,-3.91,9999.0,18.0,0,ttc_capped,0.0009,table,1,37.496613,126.957771,0.101,0.0,1,37.496803,126.957832,0.049,0.0,3.6,19.88
1786957349.523,12735,0,0,0,0,1,heartbeat,0,20.95,-3.85,9999.0,18.0,0,ttc_capped,0.0036,table,1,37.496613,126.957771,0.089,0.0,1,37.496803,126.957832,0.049,0.0,4.1,20.55
1786957349.799,12737,0,0,0,0,1,heartbeat,0,21.42,-3.39,9999.0,18.0,0,ttc_capped,0.001,table,1,37.496613,126.957779,0.078,0.0,1,37.496803,126.957832,0.049,0.0,4.41,20.96
1786957350.015,12739,0,0,0,0,1,heartbeat,0,21.67,-2.97,9999.0,18.0,0,ttc_capped,0.001,table,1,37.496613,126.957779,0.065,0.0,1,37.496803,126.957832,0.049,0.0,4.57,21.18
1786957350.237,12742,0,0,0,0,1,heartbeat,0,21.83,-2.55,9999.0,18.0,0,ttc_capped,0.001,table,1,37.496613,126.957779,0.042,0.0,1,37.496803,126.957832,0.049,0.0,4.68,21.32
1786957350.445,12744,0,0,0,0,1,heartbeat,0,21.87,-2.13,9999.0,18.0,0,ttc_capped,0.001,table,1,37.496613,126.957779,0.042,0.0,1,37.496803,126.957832,0.086,0.0,4.7,21.36
1786957350.657,12746,0,0,0,0,1,heartbeat,0,21.87,-1.76,9999.0,18.0,0,ttc_capped,0.001,table,1,37.496613,126.957779,0.042,0.0,1,37.496803,126.957832,0.086,0.0,4.7,21.35
1786957350.869,12748,0,0,0,0,1,heartbeat,0,21.82,-1.42,9999.0,18.0,0,ttc_capped,0.001,table,1,37.496613,126.957779,0.043,0.0,1,37.496803,126.957832,0.086,0.0,4.67,21.31
1786957351.083,12750,0,0,0,0,1,heartbeat,0,21.75,-1.13,9999.0,18.0,0,ttc_capped,0.001,table,1,37.496613,126.957779,0.052,0.0,1,37.496803,126.957832,0.086,0.0,4.63,21.25
1786957351.291,12752,0,0,0,0,1,heartbeat,0,21.59,-0.83,9999.0,18.0,0,ttc_capped,0.001,table,1,37.496613,126.957779,0.041,0.0,1,37.496799,126.957832,0.105,0.0,4.58,21.1
1786957351.502,12754,0,0,0,0,1,heartbeat,0,21.38,-0.54,9999.0,18.0,0,ttc_capped,0.001,table,1,37.496613,126.957779,0.035,0.0,1,37.496799,126.957832,0.105,0.0,4.53,20.89
1786957351.717,12756,0,0,0,0,1,heartbeat,0,21.19,-0.31,9999.0,18.0,0,ttc_capped,0.001,table,1,37.496613,126.957779,0.039,0.0,1,37.496799,126.957832,0.105,0.0,4.47,20.71
1786957351.93,12757,0,0,0,0,1,heartbeat,0,20.93,-0.07,9999.0,18.0,0,ttc_capped,0.0007,table,1,37.496616,126.957779,0.044,0.0,1,37.496799,126.957832,0.105,0.0,4.36,20.47
1786957352.132,12759,0,0,0,0,1,heartbeat,0,20.81,0.03,607.45,4.2,0,ttc_capped,0.0016,table,1,37.496616,126.957779,0.057,0.0,1,37.496799,126.957832,0.105,0.0,4.32,20.35
1786957352.335,12761,0,0,0,0,1,heartbeat,0,20.7,0.11,189.4,4.2,0,ttc_capped,0.0016,table,1,37.496616,126.957779,0.052,0.0,1,37.496799,126.957832,0.106,0.0,4.28,20.26
1786957352.538,12763,0,0,0,0,1,heartbeat,0,20.62,0.16,129.86,4.21,0,ttc_capped,0.0077,table,1,37.496616,126.957779,0.042,0.0,1,37.496799,126.957832,0.106,0.0,4.25,20.18
1786957352.742,12765,0,0,0,0,1,heartbeat,0,20.56,0.19,109.4,16.29,0,ttc_capped,0.0066,table,1,37.496616,126.957779,0.047,0.0,1,37.496799,126.957832,0.106,0.0,4.22,20.12
1786957352.98,12768,0,0,0,0,1,heartbeat,0,20.5,0.2,102.01,21.0,0,ttc_capped,0.0105,table,1,37.496616,126.957771,0.063,0.0,1,37.496799,126.957832,0.106,0.0,4.21,20.07
1786957353.196,12770,0,0,0,0,1,heartbeat,0,20.47,0.2,101.33,21.0,0,ttc_capped,0.011,table,1,37.496616,126.957771,0.077,0.0,1,37.496799,126.957832,0.106,0.0,4.21,20.03
1786957353.406,12772,0,0,0,0,1,heartbeat,0,20.45,0.19,105.28,21.0,0,ttc_capped,0.0105,table,1,37.496616,126.957771,0.065,0.0,1,37.496799,126.957832,0.076,0.0,4.21,20.01
1786957353.618,12774,0,0,0,0,1,heartbeat,0,20.44,0.18,113.33,21.0,0,ttc_capped,0.0105,table,1,37.496616,126.957771,0.058,0.0,1,37.496799,126.957832,0.076,0.0,4.21,20.0
1786957353.824,12776,0,0,0,0,1,heartbeat,0,20.43,0.16,125.62,20.05,0,ttc_capped,0.009,table,1,37.496616,126.957771,0.067,0.0,1,37.496799,126.957832,0.076,0.0,4.22,19.99
1786957354.036,12778,0,0,0,0,1,heartbeat,0,20.43,0.14,142.9,17.62,0,ttc_capped,0.0027,table,1,37.496616,126.957771,0.078,0.0,1,37.496799,126.957832,0.076,0.0,4.23,19.99
1786957354.253,12780,0,0,0,0,1,heartbeat,0,20.44,0.12,167.43,15.26,0,ttc_capped,0.0027,table,1,37.496613,126.957771,0.094,0.0,1,37.496799,126.957832,0.076,0.0,4.24,20.0
1786957354.46,12782,0,0,0,0,1,heartbeat,0,20.37,0.17,119.73,21.0,0,ttc_capped,0.0105,table,1,37.496613,126.957771,0.1,0.0,1,37.496796,126.957832,0.051,0.0,4.26,19.92
1786957354.671,12783,0,0,0,0,1,heartbeat,0,20.29,0.21,98.92,21.0,0,ttc_capped,0.0091,table,1,37.496613,126.957771,0.1,0.0,1,37.496796,126.957832,0.051,0.0,4.27,19.83
1786957354.874,12785,0,0,0,0,1,heartbeat,0,20.25,0.21,96.26,21.0,0,ttc_capped,0.0091,table,1,37.496613,126.957771,0.105,0.0,1,37.496796,126.957832,0.051,0.0,4.29,19.79
1786957355.081,12787,0,0,0,0,1,heartbeat,0,20.23,0.21,98.6,21.0,0,ttc_capped,0.0091,table,1,37.496609,126.957771,0.117,0.0,1,37.496796,126.957832,0.051,0.0,4.31,19.77
1786957355.282,12789,0,0,0,0,1,heartbeat,0,20.23,0.19,104.97,21.0,0,ttc_capped,0.0105,table,1,37.496609,126.957771,0.128,0.0,1,37.496796,126.957832,0.036,0.0,4.32,19.76
1786957355.484,12791,0,0,0,0,1,heartbeat,0,20.23,0.18,115.26,21.0,0,ttc_capped,0.009,table,1,37.496609,126.957771,0.121,0.0,1,37.496796,126.957832,0.036,0.0,4.34,19.76
1786957355.687,12793,0,0,0,0,1,heartbeat,0,20.25,0.16,130.34,20.01,0,ttc_capped,0.0023,table,1,37.496605,126.957771,0.092,0.0,1,37.496796,126.957832,0.036,0.0,4.36,19.77
1786957355.937,12796,0,0,0,0,1,heartbeat,0,20.28,0.13,151.1,19.0,0,ttc_capped,0.0027,table,1,37.496605,126.957771,0.072,0.0,1,37.496796,126.957832,0.036,0.0,4.39,19.8
1786957356.159,12798,0,0,0,0,1,heartbeat,0,20.3,0.11,179.72,17.99,0,ttc_capped,0.0027,table,1,37.496605,126.957771,0.067,0.0,1,37.496796,126.957832,0.036,0.0,4.41,19.82
1786957356.363,12800,0,0,0,0,1,heartbeat,0,20.34,0.09,219.86,16.92,0,ttc_capped,0.0027,table,1,37.496605,126.957771,0.065,0.0,1,37.496796,126.957832,0.028,0.0,4.43,19.85
1786957356.575,12802,0,0,0,0,1,heartbeat,0,20.36,0.07,275.52,15.72,0,ttc_capped,0.0027,table,1,37.496609,126.957771,0.051,0.0,1,37.496796,126.957832,0.028,0.0,4.45,19.87
1786957356.783,12804,0,0,0,0,1,heartbeat,0,20.39,0.06,357.18,14.31,0,ttc_capped,0.0027,table,1,37.496609,126.957771,0.039,0.0,1,37.496796,126.957832,0.028,0.0,4.46,19.89
1786957356.993,12806,0,0,0,0,1,heartbeat,0,20.41,0.04,482.36,13.1,0,ttc_capped,0.0036,table,1,37.496609,126.957779,0.032,0.0,1,37.496796,126.957832,0.028,0.0,4.47,19.92
1786957357.206,12808,0,0,0,0,1,heartbeat,0,20.44,0.03,695.96,10.83,0,ttc_capped,0.0036,table,1,37.496609,126.957779,0.037,0.0,1,37.496796,126.957832,0.028,0.0,4.47,19.94
1786957357.417,12810,0,0,0,0,1,heartbeat,0,20.46,0.02,1093.99,7.21,0,ttc_capped,0.0036,table,1,37.496609,126.957779,0.06,0.0,1,37.496796,126.957832,0.019,0.0,4.48,19.96
1786957357.626,12812,0,0,0,0,1,heartbeat,0,20.48,0.01,2032.64,4.2,0,ttc_capped,0.0032,table,1,37.496609,126.957779,0.068,0.0,1,37.496796,126.957832,0.019,0.0,4.48,19.99
1786957357.837,12814,0,0,0,0,1,heartbeat,0,20.5,0.0,6110.09,4.2,0,ttc_capped,0.0025,table,1,37.496609,126.957779,0.073,0.0,1,37.496796,126.957832,0.019,0.0,4.49,20.01
1786957358.048,12815,0,0,0,0,1,heartbeat,0,20.52,-0.0,9999.0,18.0,0,ttc_capped,0.007,table,1,37.496609,126.957779,0.073,0.0,1,37.496796,126.957832,0.019,0.0,4.49,20.02
1786957358.251,12817,0,0,0,0,1,heartbeat,0,20.54,-0.01,9999.0,18.0,0,ttc_capped,0.007,table,1,37.496609,126.957771,0.092,0.0,1,37.496796,126.957832,0.017,0.0,4.5,20.04
1786957358.452,12819,0,0,0,0,1,heartbeat,0,20.56,-0.01,9999.0,18.0,0,ttc_capped,0.0003,table,1,37.496609,126.957771,0.085,0.0,1,37.496796,126.957832,0.017,0.0,4.52,20.06
1786957358.654,12821,0,0,0,0,1,heartbeat,0,20.58,-0.01,9999.0,18.0,0,ttc_capped,0.0003,table,1,37.496609,126.957771,0.09,0.0,1,37.496796,126.957832,0.017,0.0,4.53,20.07
1786957358.855,12823,0,0,0,0,1,heartbeat,0,20.6,-0.01,9999.0,18.0,0,ttc_capped,0.0003,table,1,37.496609,126.957771,0.11,0.0,1,37.496796,126.957832,0.017,0.0,4.55,20.09
1786957359.061,12825,0,0,0,0,1,heartbeat,0,20.61,-0.01,9999.0,18.0,0,ttc_capped,0.0003,table,1,37.496609,126.957771,0.122,0.0,1,37.496796,126.957832,0.017,0.0,4.56,20.1
1786957359.263,12827,0,0,0,0,1,heartbeat,0,20.59,0.02,956.08,4.2,0,ttc_capped,0.0026,table,1,37.496609,126.957771,0.121,0.0,1,37.496792,126.95784,0.011,0.0,4.68,20.05
1786957359.467,12829,0,0,0,0,1,heartbeat,0,20.53,0.07,303.69,4.2,0,ttc_capped,0.0088,table,1,37.496613,126.957771,0.096,0.0,1,37.496792,126.95784,0.011,0.0,4.87,19.94
1786957359.741,12832,0,0,0,0,1,heartbeat,0,20.47,0.1,213.56,4.2,0,ttc_capped,0.0088,table,1,37.496613,126.957779,0.075,0.0,1,37.496792,126.95784,0.011,0.0,5.05,19.84
1786957359.951,12834,0,0,0,0,1,heartbeat,0,20.43,0.11,183.44,4.2,0,ttc_capped,0.0076,table,1,37.496613,126.957779,0.054,0.0,1,37.496792,126.95784,0.011,0.0,5.18,19.76
1786957360.162,12836,0,0,0,0,1,heartbeat,0,20.4,0.12,173.73,4.2,0,ttc_capped,0.0076,table,1,37.496613,126.957779,0.05,0.0,1,37.496792,126.95784,0.011,0.0,5.28,19.71
1786957360.373,12838,0,0,0,0,1,heartbeat,0,20.38,0.12,174.64,4.2,0,ttc_capped,0.0076,table,1,37.496616,126.957779,0.052,0.0,1,37.496792,126.95784,0.006,0.0,5.36,19.66
1786957360.582,12840,0,0,0,0,1,heartbeat,0,20.36,0.11,183.48,4.2,0,ttc_capped,0.0076,table,1,37.496616,126.957779,0.063,0.0,1,37.496792,126.95784,0.006,0.0,5.41,19.63
1786957360.787,12841,0,0,0,0,1,heartbeat,0,20.35,0.1,208.08,4.2,0,ttc_capped,0.0088,table,1,37.496616,126.957779,0.077,0.0,1,37.496792,126.95784,0.006,0.0,5.42,19.62
1786957360.994,12843,0,0,0,0,1,heartbeat,0,20.35,0.09,233.99,4.2,0,ttc_capped,0.0071,table,1,37.496616,126.957779,0.093,0.0,1,37.496792,126.95784,0.006,0.0,5.44,19.61
1786957361.199,12845,0,0,0,0,1,heartbeat,0,20.34,0.08,269.84,4.2,0,ttc_capped,0.0072,table,1,37.496616,126.957779,0.111,0.0,1,37.496792,126.95784,0.006,0.0,5.45,19.6
1786957361.402,12847,0,0,0,0,1,heartbeat,0,20.34,0.06,318.46,4.2,0,ttc_capped,0.0053,table,1,37.496616,126.957779,0.121,0.0,1,37.496792,126.95784,0.008,0.0,5.45,19.6
1786957361.602,12849,0,0,0,0,1,heartbeat,0,20.34,0.05,384.87,4.2,0,ttc_capped,0.0053,table,1,37.496616,126.957779,0.109,0.0,1,37.496792,126.95784,0.008,0.0,5.44,19.6
1786957361.802,12851,0,0,0,0,1,heartbeat,0,20.34,0.04,474.58,4.2,0,ttc_capped,0.0016,table,1,37.49662,126.957779,0.085,0.0,1,37.496792,126.95784,0.008,0.0,5.43,19.6
1786957362.004,12853,0,0,0,0,1,heartbeat,0,20.33,0.03,604.62,4.2,0,ttc_capped,0.0016,table,1,37.49662,126.957779,0.064,0.0,1,37.496792,126.95784,0.008,0.0,5.42,19.6
1786957362.21,12855,0,0,0,0,1,heartbeat,0,20.33,0.03,800.45,4.2,0,ttc_capped,0.0016,table,1,37.49662,126.957779,0.049,0.0,1,37.496792,126.95784,0.008,0.0,5.41,19.6
1786957362.41,12857,0,0,0,0,1,heartbeat,0,20.26,0.07,307.36,4.2,0,ttc_capped,0.0088,table,1,37.49662,126.957779,0.045,0.0,1,37.496788,126.957848,0.014,0.0,5.59,19.47
1786957362.614,12859,0,0,0,0,1,heartbeat,0,20.2,0.09,222.97,4.2,0,ttc_capped,0.0088,table,1,37.49662,126.957779,0.038,0.0,1,37.496788,126.957848,0.014,0.0,5.75,19.37
1786957362.824,12861,0,0,0,0,1,heartbeat,0,20.14,0.1,193.56,4.2,0,ttc_capped,0.0076,table,1,37.496624,126.957787,0.032,0.0,1,37.496788,126.957848,0.014,0.0,5.86,19.27
1786957363.042,12863,0,0,0,0,1,heartbeat,0,20.1,0.11,185.32,4.2,0,ttc_capped,0.0076,table,1,37.496624,126.957787,0.041,0.0,1,37.496788,126.957848,0.014,0.0,5.95,19.19
1786957363.25,12865,0,0,0,0,1,heartbeat,0,20.06,0.11,187.92,4.2,0,ttc_capped,0.0076,table,1,37.496624,126.957787,0.052,0.0,1,37.496788,126.957848,0.012,0.0,6.01,19.13
1786957363.452,12867,0,0,0,0,1,heartbeat,0,20.02,0.1,197.81,4.2,0,ttc_capped,0.0046,table,1,37.496628,126.957787,0.052,0.0,1,37.496788,126.957848,0.012,0.0,6.05,19.08
1786957363.662,12869,0,0,0,0,1,heartbeat,0,19.99,0.09,215.45,5.6,0,ttc_capped,0.0078,table,1,37.496628,126.957787,0.046,0.0,1,37.496788,126.957848,0.012,0.0,6.08,19.04
1786957363.874,12871,0,0,0,0,1,heartbeat,0,19.95,0.08,241.46,5.6,0,ttc_capped,0.0021,table,1,37.496628,126.957787,0.048,0.0,1,37.496788,126.957848,0.012,0.0,6.09,19.0
1786957364.086,12873,0,0,0,0,1,heartbeat,0,19.93,0.07,276.65,5.6,0,ttc_capped,0.0019,table,1,37.496628,126.957787,0.042,0.0,1,37.496788,126.957848,0.012,0.0,6.09,18.97
1786957364.365,12875,0,0,0,0,1,heartbeat,0,19.79,0.14,137.2,5.6,0,ttc_capped,0.0076,table,1,37.496628,126.957787,0.045,0.0,1,37.496784,126.957848,0.019,0.0,6.08,18.83
1786957364.566,12877,0,0,0,0,1,heartbeat,0,19.66,0.2,100.81,5.6,0,ttc_capped,0.0085,table,1,37.496632,126.957787,0.047,0.0,1,37.496784,126.957848,0.019,0.0,6.06,18.7
1786957364.768,12879,0,0,0,0,1,heartbeat,0,19.55,0.22,87.32,5.6,0,ttc_capped,0.0071,table,1,37.496632,126.957787,0.047,0.0,1,37.496784,126.957848,0.019,0.0,6.04,18.6
1786957364.969,12881,0,0,0,0,1,heartbeat,0,19.47,0.24,82.57,5.6,0,ttc_capped,0.0063,table,1,37.496632,126.957787,0.034,0.0,1,37.496784,126.957848,0.019,0.0,6.02,18.51
1786957365.171,12883,0,0,0,0,1,heartbeat,0,19.39,0.23,82.69,5.6,0,ttc_capped,0.0052,table,1,37.496632,126.957787,0.024,0.0,1,37.496784,126.957848,0.019,0.0,6.0,18.44
1786957365.373,12885,0,0,0,0,1,heartbeat,0,19.38,0.18,106.34,5.6,0,ttc_capped,0.0078,table,1,37.496632,126.957794,0.023,0.0,1,37.496784,126.957855,0.012,0.0,6.14,18.38
1786957365.581,12887,0,0,0,0,1,heartbeat,0,19.37,0.14,143.45,5.6,0,ttc_capped,0.007,table,1,37.496632,126.957794,0.026,0.0,1,37.496784,126.957855,0.012,0.0,6.25,18.34
1786957365.787,12889,0,0,0,0,1,heartbeat,0,19.37,0.09,205.16,5.6,0,ttc_capped,0.008,table,1,37.496632,126.957794,0.022,0.0,1,37.496784,126.957855,0.012,0.0,6.34,18.3
1786957366.009,12891,0,0,0,0,1,heartbeat,0,19.36,0.06,324.38,5.6,0,ttc_capped,0.008,table,1,37.496632,126.957794,0.025,0.0,1,37.496784,126.957855,0.012,0.0,6.41,18.27
1786957366.294,12894,0,0,0,0,1,heartbeat,0,19.34,0.03,605.75,5.6,0,ttc_capped,0.0088,table,1,37.496632,126.957794,0.028,0.0,1,37.496784,126.957855,0.012,0.0,6.47,18.23
1786957366.499,12896,0,0,0,0,1,heartbeat,0,19.34,0.01,1826.33,5.6,0,ttc_capped,0.029,table,1,37.496632,126.957794,0.023,0.0,1,37.496784,126.957855,0.009,0.0,6.5,18.21
1786957366.704,12898,0,0,0,0,1,heartbeat,0,19.33,-0.01,9999.0,25.0,0,ttc_capped,0.029,table,1,37.496632,126.957794,0.022,0.0,1,37.496784,126.957855,0.009,0.0,6.51,18.2
1786957366.911,12900,0,0,0,0,1,heartbeat,0,19.32,-0.02,9999.0,25.0,0,ttc_capped,0.001,table,1,37.496635,126.957794,0.024,0.0,1,37.496784,126.957855,0.009,0.0,6.5,18.19
1786957367.122,12902,0,0,0,0,1,heartbeat,0,19.3,-0.02,9999.0,25.0,0,ttc_capped,0.001,table,1,37.496635,126.957794,0.026,0.0,1,37.496784,126.957855,0.009,0.0,6.49,18.17
1786957367.331,12903,0,0,0,0,1,heartbeat,0,19.18,0.06,327.86,5.6,0,ttc_capped,0.0088,table,1,37.496635,126.957794,0.026,0.0,1,37.49678,126.957855,0.012,0.0,6.46,18.06
1786957367.534,12905,0,0,0,0,1,heartbeat,0,19.06,0.12,162.5,5.6,0,ttc_capped,0.0088,table,1,37.496635,126.957794,0.026,0.0,1,37.49678,126.957855,0.012,0.0,6.44,17.93
1786957367.734,12907,0,0,0,0,1,heartbeat,0,18.95,0.16,121.99,5.6,0,ttc_capped,0.0085,table,1,37.496635,126.957794,0.026,0.0,1,37.49678,126.957855,0.012,0.0,6.42,17.83
1786957367.944,12909,0,0,0,0,1,heartbeat,0,18.85,0.18,106.64,5.6,0,ttc_capped,0.0071,table,1,37.496639,126.957794,0.022,0.0,1,37.49678,126.957855,0.012,0.0,6.39,17.74
1786957368.159,12911,0,0,0,0,1,heartbeat,0,18.77,0.18,101.72,5.6,0,ttc_capped,0.0071,table,1,37.496639,126.957794,0.022,0.0,1,37.49678,126.957855,0.012,0.0,6.36,17.66
1786957368.365,12913,0,0,0,0,1,heartbeat,0,18.7,0.18,102.65,5.6,0,ttc_capped,0.0081,table,1,37.496639,126.957794,0.025,0.0,1,37.49678,126.957855,0.016,0.0,6.34,17.59
1786957368.598,12916,0,0,0,0,1,heartbeat,0,18.61,0.17,107.51,5.6,0,ttc_capped,0.0129,table,1,37.496643,126.957794,0.029,0.0,1,37.49678,126.957855,0.016,0.0,6.3,17.51
1786957368.81,12918,0,0,0,0,1,heartbeat,0,18.55,0.16,116.62,5.6,0,ttc_capped,0.0143,table,1,37.496643,126.957794,0.026,0.0,1,37.49678,126.957855,0.016,0.0,6.28,17.46
1786957369.02,12920,0,0,0,0,1,heartbeat,0,18.49,0.14,129.87,8.53,0,ttc_capped,0.0043,table,1,37.496647,126.957794,0.026,0.0,1,37.49678,126.957855,0.016,0.0,6.25,17.4
1786957369.23,12922,0,0,0,0,1,heartbeat,0,18.44,0.12,148.53,12.39,0,ttc_capped,0.0043,table,1,37.496651,126.957794,0.032,0.0,1,37.49678,126.957855,0.016,0.0,6.23,17.35
1786957369.44,12924,0,0,0,0,1,heartbeat,0,18.46,0.05,342.07,5.6,0,ttc_capped,0.0088,table,1,37.496651,126.957794,0.033,0.0,1,37.49678,126.957863,0.016,0.0,6.42,17.3
1786957369.661,12926,0,0,0,0,1,heartbeat,0,18.47,-0.0,9999.0,25.0,0,ttc_capped,0.029,table,1,37.496651,126.957794,0.032,0.0,1,37.49678,126.957863,0.016,0.0,6.58,17.26
1786957369.878,12928,0,0,0,0,1,heartbeat,0,18.47,-0.04,9999.0,25.0,0,ttc_capped,0.001,table,1,37.496655,126.957794,0.032,0.0,1,37.49678,126.957863,0.016,0.0,6.7,17.21
1786957370.085,12930,0,0,0,0,1,heartbeat,0,18.46,-0.07,9999.0,25.0,0,ttc_capped,0.001,table,1,37.496655,126.957794,0.033,0.0,1,37.49678,126.957863,0.016,0.0,6.8,17.17
1786957370.29,12932,0,0,0,0,1,heartbeat,0,18.44,-0.09,9999.0,25.0,0,ttc_capped,0.001,table,1,37.496658,126.957794,0.04,0.0,1,37.49678,126.957863,0.016,0.0,6.86,17.12
1786957370.497,12934,0,0,0,0,1,heartbeat,0,18.32,-0.03,9999.0,25.0,0,ttc_capped,0.001,table,1,37.496658,126.957794,0.044,0.0,1,37.496777,126.957863,0.011,0.0,6.91,16.97
1786957370.71,12936,0,0,0,0,1,heartbeat,0,18.2,0.01,2288.31,5.6,0,ttc_capped,0.0389,table,1,37.496658,126.957794,0.045,0.0,1,37.496777,126.957863,0.011,0.0,6.94,16.83
1786957370.932,12938,0,0,0,0,1,heartbeat,0,18.08,0.05,364.48,5.6,0,ttc_capped,0.0118,table,1,37.496662,126.957794,0.047,0.0,1,37.496777,126.957863,0.011,0.0,6.93,16.7
1786957371.136,12940,0,0,0,0,1,heartbeat,0,17.98,0.07,274.36,5.6,0,ttc_capped,0.0118,table,1,37.496662,126.957794,0.047,0.0,1,37.496777,126.957863,0.011,0.0,6.93,16.59
1786957371.34,12942,0,0,0,0,1,heartbeat,0,17.89,0.07,239.61,5.6,0,ttc_capped,0.0118,table,1,37.496662,126.957794,0.045,0.0,1,37.496777,126.957863,0.013,0.0,6.92,16.5
1786957371.55,12944,0,0,0,0,1,heartbeat,0,17.81,0.08,227.11,5.6,0,ttc_capped,0.0118,table,1,37.496662,126.957794,0.045,0.0,1,37.496777,126.957863,0.013,0.0,6.9,16.42
1786957371.762,12946,0,0,0,0,1,heartbeat,0,17.73,0.08,226.78,5.6,0,ttc_capped,0.0118,table,1,37.496666,126.957794,0.04,0.0,1,37.496777,126.957863,0.013,0.0,6.89,16.33
1786957371.972,12948,0,0,0,0,1,heartbeat,0,17.65,0.07,236.43,5.6,0,ttc_capped,0.0133,table,1,37.496666,126.957794,0.03,0.0,1,37.496777,126.957863,0.013,0.0,6.86,16.26
1786957372.184,12950,0,0,0,0,1,heartbeat,0,17.58,0.07,254.93,5.6,0,ttc_capped,0.004,table,1,37.496666,126.957794,0.025,0.0,1,37.496777,126.957863,0.013,0.0,6.84,16.19
1786957372.398,12952,0,0,0,0,1,heartbeat,0,17.51,0.06,282.44,5.6,0,ttc_capped,0.004,table,1,37.496666,126.957794,0.027,0.0,1,37.496777,126.957863,0.012,0.0,6.81,16.13
1786957372.606,12954,0,0,0,0,1,heartbeat,0,17.44,0.05,321.38,5.6,0,ttc_capped,0.0045,table,1,37.496666,126.957794,0.03,0.0,1,37.496777,126.957863,0.012,0.0,6.79,16.07
1786957372.819,12956,0,0,0,0,1,heartbeat,0,17.37,0.05,371.51,5.6,0,ttc_capped,0.0045,table,1,37.49667,126.957794,0.044,0.0,1,37.496777,126.957863,0.012,0.0,6.77,16.0
1786957373.026,12958,0,0,0,0,1,heartbeat,0,17.31,0.04,441.79,5.6,0,ttc_capped,0.005,table,1,37.49667,126.957794,0.057,0.0,1,37.496777,126.957863,0.012,0.0,6.74,15.94
1786957373.255,12960,0,0,0,0,1,heartbeat,0,17.24,0.03,538.06,5.6,0,ttc_capped,0.0058,table,1,37.49667,126.957794,0.061,0.0,1,37.496777,126.957863,0.012,0.0,6.72,15.88
1786957373.477,12962,0,0,0,0,1,heartbeat,0,17.18,0.02,775.06,28.0,0,ttc_capped,0.0031,table,1,37.49667,126.957794,0.056,0.0,1,37.496777,126.957863,0.011,0.0,6.7,15.82
1786957373.683,12964,0,0,0,0,1,heartbeat,0,17.12,0.02,994.39,19.56,0,ttc_capped,0.0036,table,1,37.496674,126.957794,0.052,0.0,1,37.496777,126.957863,0.011,0.0,6.68,15.76
1786957373.949,12966,0,0,0,0,1,heartbeat,0,17.05,0.01,1570.76,5.6,0,ttc_capped,0.0032,table,1,37.496674,126.957794,0.041,0.0,1,37.496777,126.957863,0.011,0.0,6.67,15.69
1786957374.156,12968,0,0,0,0,1,heartbeat,0,16.98,0.01,2250.0,5.6,0,ttc_capped,0.0032,table,1,37.496674,126.957794,0.034,0.0,1,37.496777,126.957863,0.011,0.0,6.65,15.63
1786957374.366,12970,0,0,0,0,1,heartbeat,0,16.8,0.09,185.61,20.91,0,ttc_capped,0.0036,table,1,37.496674,126.957794,0.029,0.0,1,37.496773,126.957863,0.005,0.0,6.64,15.44
1786957374.61,12973,0,0,0,0,1,heartbeat,0,16.6,0.15,113.25,15.97,0,ttc_capped,0.0058,table,1,37.496674,126.957794,0.026,0.0,1,37.496773,126.957863,0.005,0.0,6.62,15.23
1786957374.82,12975,0,0,0,0,1,heartbeat,0,16.45,0.18,90.67,14.27,0,ttc_capped,0.0192,table,1,37.496677,126.957794,0.034,0.0,1,37.496773,126.957863,0.005,0.0,6.61,15.07
1786957375.033,12977,0,0,0,0,1,heartbeat,0,16.32,0.2,81.92,13.4,0,ttc_capped,0.0167,table,1,37.496677,126.957794,0.033,0.0,1,37.496773,126.957863,0.005,0.0,6.6,14.93
1786957375.242,12979,0,0,0,0,1,heartbeat,0,16.21,0.2,79.59,12.86,0,ttc_capped,0.0167,table,1,37.496677,126.957794,0.034,0.0,1,37.496773,126.957863,0.005,0.0,6.59,14.8
1786957375.455,12981,0,0,0,0,1,heartbeat,0,16.18,0.14,112.4,5.6,0,ttc_capped,0.013,table,1,37.496681,126.957794,0.031,0.0,1,37.496773,126.95787,0.003,0.0,6.77,14.69
1786957375.666,12983,0,0,0,0,1,heartbeat,0,16.15,0.09,175.69,5.6,0,ttc_capped,0.0149,table,1,37.496681,126.957794,0.033,0.0,1,37.496773,126.95787,0.003,0.0,6.91,14.59
1786957375.879,12985,0,0,0,0,1,heartbeat,0,16.12,0.05,333.08,5.6,0,ttc_capped,0.0133,table,1,37.496681,126.957794,0.028,0.0,1,37.496773,126.95787,0.003,0.0,7.03,14.5
1786957376.09,12987,0,0,0,0,1,heartbeat,0,16.08,0.01,1155.97,5.6,0,ttc_capped,0.0436,table,1,37.496685,126.957794,0.028,0.0,1,37.496773,126.95787,0.003,0.0,7.12,14.42
1786957376.299,12988,0,0,0,0,1,heartbeat,0,16.09,-0.02,9999.0,25.0,0,ttc_capped,0.001,table,1,37.496685,126.957794,0.028,0.0,1,37.496773,126.95787,0.004,0.0,7.19,14.39
1786957376.502,12990,0,0,0,0,1,heartbeat,0,16.04,-0.04,9999.0,25.0,0,ttc_capped,0.001,table,1,37.496685,126.957787,0.027,0.0,1,37.496773,126.95787,0.004,0.0,7.24,14.31
1786957376.704,12992,0,0,0,0,1,heartbeat,0,15.99,-0.05,9999.0,25.0,0,ttc_capped,0.001,table,1,37.496685,126.957787,0.035,0.0,1,37.496773,126.95787,0.004,0.0,7.27,14.24
1786957376.94,12995,0,0,0,0,1,heartbeat,0,15.91,-0.05,9999.0,25.0,0,ttc_capped,0.001,table,1,37.496685,126.957787,0.033,0.0,1,37.496773,126.95787,0.004,0.0,7.3,14.13
1786957377.144,12997,0,0,0,0,1,heartbeat,0,15.85,-0.05,9999.0,25.0,0,ttc_capped,0.0012,table,1,37.496689,126.957787,0.04,0.0,1,37.496773,126.95787,0.004,0.0,7.32,14.06
1786957377.356,12999,0,0,0,0,1,heartbeat,0,15.79,-0.05,9999.0,25.0,0,ttc_capped,0.0012,table,1,37.496689,126.957787,0.038,0.0,1,37.496773,126.95787,0.007,0.0,7.32,13.99
1786957377.57,13001,0,0,0,0,1,heartbeat,0,15.73,-0.05,9999.0,25.0,0,ttc_capped,0.0004,table,1,37.496689,126.957787,0.036,0.0,1,37.496773,126.95787,0.007,0.0,7.32,13.92
1786957377.781,13003,0,0,0,0,1,heartbeat,0,15.66,-0.04,9999.0,25.0,0,ttc_capped,0.0004,table,1,37.496689,126.957787,0.036,0.0,1,37.496773,126.95787,0.007,0.0,7.31,13.85
1786957377.99,13005,0,0,0,0,1,heartbeat,0,15.59,-0.04,9999.0,25.0,0,ttc_capped,0.0004,table,1,37.496693,126.957787,0.039,0.0,1,37.496773,126.95787,0.007,0.0,7.31,13.77
1786957378.204,13007,0,0,0,0,1,heartbeat,0,15.52,-0.03,9999.0,25.0,0,ttc_capped,0.0004,table,1,37.496693,126.957787,0.038,0.0,1,37.496773,126.95787,0.007,0.0,7.3,13.7
1786957378.413,13009,0,0,0,0,1,heartbeat,0,15.45,-0.03,9999.0,25.0,0,ttc_capped,0.0004,table,1,37.496693,126.957787,0.036,0.0,1,37.496773,126.95787,0.014,0.0,7.28,13.62
1786957378.624,13011,0,0,0,0,1,heartbeat,0,15.38,-0.02,9999.0,25.0,0,ttc_capped,0.0004,table,1,37.496693,126.957787,0.032,0.0,1,37.496773,126.95787,0.014,0.0,7.27,13.55
1786957378.835,13013,0,0,0,0,1,heartbeat,0,15.31,-0.02,9999.0,25.0,0,ttc_capped,0.0004,table,1,37.496696,126.957787,0.037,0.0,1,37.496773,126.95787,0.014,0.0,7.26,13.47
1786957379.042,13014,0,0,0,0,1,heartbeat,0,15.26,-0.01,9999.0,25.0,0,ttc_capped,0.0003,table,1,37.496696,126.957787,0.037,0.0,1,37.496773,126.95787,0.014,0.0,7.25,13.43
1786957379.247,13016,0,0,0,0,1,heartbeat,0,15.19,-0.01,9999.0,25.0,0,ttc_capped,0.0216,table,1,37.496696,126.957787,0.04,0.0,1,37.496773,126.95787,0.017,0.0,7.24,13.35
1786957379.45,13018,0,0,0,0,1,heartbeat,0,15.12,-0.0,9999.0,25.0,0,ttc_capped,0.0216,table,1,37.496696,126.957787,0.041,0.0,1,37.496773,126.95787,0.017,0.0,7.23,13.28
1786957379.65,13020,0,0,0,0,1,heartbeat,0,15.05,-0.0,9999.0,25.0,0,ttc_capped,0.0212,table,1,37.496696,126.957787,0.046,0.0,1,37.496773,126.95787,0.017,0.0,7.23,13.2
1786957379.857,13022,0,0,0,0,1,heartbeat,0,14.98,0.0,14373.32,5.6,0,ttc_capped,0.0065,table,1,37.496696,126.957787,0.046,0.0,1,37.496773,126.95787,0.017,0.0,7.23,13.12
1786957380.116,13025,0,0,0,0,1,heartbeat,0,14.87,0.0,5631.64,5.6,0,ttc_capped,0.0045,table,1,37.4967,126.957787,0.046,0.0,1,37.496773,126.95787,0.017,0.0,7.22,13.0
1786957380.32,13027,0,0,0,0,1,heartbeat,0,14.8,0.0,4127.28,5.6,0,ttc_capped,0.0045,table,1,37.4967,126.957787,0.042,0.0,1,37.496773,126.95787,0.009,0.0,7.22,12.92
1786957380.528,13029,0,0,0,0,1,heartbeat,0,14.73,0.0,3476.9,5.6,0,ttc_capped,0.0045,table,1,37.4967,126.957787,0.042,0.0,1,37.496773,126.95787,0.009,0.0,7.22,12.84
1786957380.734,13031,0,0,0,0,1,heartbeat,0,14.66,0.0,3175.65,5.6,0,ttc_capped,0.0045,table,1,37.4967,126.957787,0.04,0.0,1,37.496773,126.95787,0.009,0.0,7.22,12.76
1786957380.949,13033,0,0,0,0,1,heartbeat,0,14.59,0.0,3031.76,5.6,0,ttc_capped,0.0045,table,1,37.4967,126.957787,0.033,0.0,1,37.496773,126.95787,0.009,0.0,7.22,12.68
1786957381.16,13035,0,0,0,0,1,heartbeat,0,14.53,0.0,3132.4,5.6,0,ttc_capped,0.0045,table,1,37.4967,126.957779,0.027,0.0,1,37.496773,126.95787,0.009,0.0,7.24,12.6
1786957381.371,13037,0,0,0,0,1,heartbeat,0,14.41,0.05,297.41,15.81,0,ttc_capped,0.0058,table,1,37.4967,126.957779,0.019,0.0,1,37.496769,126.95787,0.009,0.0,7.25,12.46
1786957381.582,13039,0,0,0,0,1,heartbeat,0,14.24,0.12,123.13,9.52,0,ttc_capped,0.0058,table,1,37.496704,126.957779,0.014,0.0,1,37.496769,126.95787,0.009,0.0,7.26,12.25
1786957381.791,13040,0,0,0,0,1,heartbeat,0,14.11,0.17,81.35,7.94,0,ttc_capped,0.0188,table,1,37.496704,126.957779,0.011,0.0,1,37.496769,126.95787,0.009,0.0,7.27,12.09
1786957381.998,13042,0,0,0,0,1,heartbeat,0,13.99,0.19,73.7,7.46,0,ttc_capped,0.0164,table,1,37.496704,126.957779,0.013,0.0,1,37.496769,126.95787,0.009,0.0,7.28,11.94
1786957382.207,13044,0,0,0,0,1,heartbeat,0,13.88,0.19,71.73,7.13,0,ttc_capped,0.0164,table,1,37.496704,126.957779,0.015,0.0,1,37.496769,126.95787,0.009,0.0,7.3,11.81
1786957382.408,13046,0,0,0,0,1,heartbeat,0,13.79,0.19,73.38,6.88,0,ttc_capped,0.0164,table,1,37.496704,126.957779,0.021,0.0,1,37.496769,126.95787,0.007,0.0,7.31,11.7
1786957382.61,13048,0,0,0,0,1,heartbeat,0,13.71,0.18,77.91,6.67,0,ttc_capped,0.0164,table,1,37.496704,126.957779,0.017,0.0,1,37.496769,126.95787,0.007,0.0,7.32,11.59
1786957382.813,13050,0,0,0,0,1,heartbeat,0,13.64,0.16,85.34,6.48,0,ttc_capped,0.0188,table,1,37.496704,126.957779,0.027,0.0,1,37.496769,126.95787,0.007,0.0,7.33,11.5
1786957383.027,13052,0,0,0,0,1,heartbeat,0,13.57,0.14,96.18,6.47,0,ttc_capped,0.0253,table,1,37.496704,126.957787,0.027,0.0,1,37.496769,126.95787,0.007,0.0,7.34,11.42
1786957383.232,13054,0,0,0,0,1,heartbeat,0,13.56,0.08,172.54,6.38,0,ttc_capped,0.0018,table,1,37.496704,126.957787,0.026,0.0,1,37.496773,126.95787,0.006,0.0,7.34,11.41
1786957383.434,13056,0,0,0,0,1,heartbeat,0,13.6,-0.01,9999.0,25.0,0,ttc_capped,0.0025,table,1,37.496704,126.957787,0.024,0.0,1,37.496773,126.95787,0.006,0.0,7.34,11.46
1786957383.69,13059,0,0,0,0,1,heartbeat,0,13.61,-0.07,9999.0,25.0,0,ttc_capped,0.0004,table,1,37.496704,126.957787,0.041,0.0,1,37.496773,126.95787,0.006,0.0,7.34,11.46
1786957383.901,13061,0,0,0,0,1,heartbeat,0,13.62,-0.11,9999.0,25.0,0,ttc_capped,0.0004,table,1,37.496704,126.957787,0.057,0.0,1,37.496773,126.95787,0.006,0.0,7.34,11.48
1786957384.112,13063,0,0,0,0,1,heartbeat,0,13.62,-0.13,9999.0,25.0,0,ttc_capped,0.0004,table,1,37.496708,126.957787,0.061,0.0,1,37.496773,126.95787,0.006,0.0,7.34,11.48
1786957384.322,13065,0,0,0,0,1,heartbeat,0,13.61,-0.15,9999.0,25.0,0,ttc_capped,0.0012,table,1,37.496708,126.957787,0.059,0.0,1,37.496773,126.95787,0.016,0.0,7.34,11.46
1786957384.533,13067,0,0,0,0,1,heartbeat,0,13.58,-0.15,9999.0,25.0,0,ttc_capped,0.0012,table,1,37.496708,126.957787,0.062,0.0,1,37.496773,126.95787,0.016,0.0,7.34,11.43
1786957384.746,13069,0,0,0,0,1,heartbeat,0,13.55,-0.15,9999.0,25.0,0,ttc_capped,0.0012,table,1,37.496708,126.957787,0.055,0.0,1,37.496773,126.95787,0.016,0.0,7.34,11.39
1786957384.957,13071,0,0,0,0,1,heartbeat,0,13.51,-0.14,9999.0,25.0,0,ttc_capped,0.0012,table,1,37.496708,126.957787,0.041,0.0,1,37.496773,126.95787,0.016,0.0,7.34,11.34
1786957385.162,13072,0,0,0,0,1,heartbeat,0,13.48,-0.12,9999.0,25.0,0,ttc_capped,0.0004,table,1,37.496708,126.957787,0.034,0.0,1,37.496773,126.95787,0.016,0.0,7.34,11.31
1786957385.365,13074,0,0,0,0,1,heartbeat,0,13.43,-0.1,9999.0,25.0,0,ttc_capped,0.0003,table,1,37.496708,126.957787,0.026,0.0,1,37.496773,126.95787,0.018,0.0,7.34,11.25
1786957385.565,13076,0,0,0,0,1,heartbeat,0,13.37,-0.09,9999.0,25.0,0,ttc_capped,0.0004,table,1,37.496708,126.957787,0.022,0.0,1,37.496773,126.95787,0.018,0.0,7.34,11.18
1786957385.768,13078,0,0,0,0,1,heartbeat,0,13.32,-0.07,9999.0,25.0,0,ttc_capped,0.0004,table,1,37.496708,126.957794,0.022,0.0,1,37.496773,126.95787,0.018,0.0,7.33,11.12
1786957385.974,13080,0,0,0,0,1,heartbeat,0,13.25,-0.06,9999.0,25.0,0,ttc_capped,0.0004,table,1,37.496708,126.957794,0.021,0.0,1,37.496773,126.95787,0.018,0.0,7.32,11.05
1786957386.178,13082,0,0,0,0,1,heartbeat,0,13.19,-0.04,9999.0,25.0,0,ttc_capped,0.0004,table,1,37.496708,126.957794,0.021,0.0,1,37.496773,126.95787,0.018,0.0,7.31,10.98
1786957386.384,13084,0,0,0,0,1,heartbeat,0,13.13,-0.03,9999.0,25.0,0,ttc_capped,0.0004,table,1,37.496708,126.957794,0.021,0.0,1,37.496773,126.95787,0.018,0.0,7.3,10.91
1786957386.642,13087,0,0,0,0,1,heartbeat,0,13.04,-0.02,9999.0,25.0,0,ttc_capped,0.0004,table,1,37.496708,126.957794,0.03,0.0,1,37.496773,126.95787,0.018,0.0,7.29,10.81
1786957386.875,13089,0,0,0,0,1,heartbeat,0,12.98,-0.02,9999.0,25.0,0,ttc_capped,0.0004,table,1,37.496712,126.957794,0.028,0.0,1,37.496773,126.95787,0.018,0.0,7.28,10.74
1786957387.093,13091,0,0,0,0,1,heartbeat,0,12.91,-0.01,9999.0,25.0,0,ttc_capped,0.0143,table,1,37.496712,126.957794,0.024,0.0,1,37.496773,126.95787,0.018,0.0,7.27,10.67
1786957387.307,13093,0,0,0,0,1,heartbeat,0,12.84,-0.0,9999.0,25.0,0,ttc_capped,0.0143,table,1,37.496712,126.957794,0.032,0.0,1,37.496773,126.95787,0.018,0.0,7.26,10.6
1786957387.519,13095,0,0,0,0,1,heartbeat,0,12.78,0.0,5235.37,12.03,0,ttc_capped,0.0057,table,1,37.496712,126.957794,0.035,0.0,1,37.496773,126.95787,0.018,0.0,7.25,10.53
1786957387.725,13097,0,0,0,0,1,heartbeat,0,12.72,0.0,2576.63,9.25,0,ttc_capped,0.0057,table,1,37.496712,126.957794,0.034,0.0,1,37.496773,126.95787,0.018,0.0,7.24,10.46
1786957387.935,13099,0,0,0,0,1,heartbeat,0,12.66,0.01,1915.07,8.63,0,ttc_capped,0.0057,table,1,37.496712,126.957794,0.033,0.0,1,37.496773,126.95787,0.018,0.0,7.23,10.4
1786957388.148,13101,0,0,0,0,1,heartbeat,0,12.6,0.01,1618.47,8.37,0,ttc_capped,0.0057,table,1,37.496716,126.957794,0.036,0.0,1,37.496773,126.95787,0.018,0.0,7.22,10.33
1786957390.255,13121,0,0,0,0,1,heartbeat,0,15.74,-8.41,9999.0,25.0,0,ttc_capped,0.0011,table,1,37.496719,126.957794,0.055,0.0,1,37.496655,126.957977,0.327,0.0,15.61,-2.09
1786957390.473,13123,0,0,0,0,1,heartbeat,0,17.64,-9.29,9999.0,25.0,0,ttc_capped,0.001,table,1,37.496719,126.957794,0.057,0.0,1,37.496655,126.957977,0.327,0.0,17.12,-4.26
1786957390.677,13125,0,0,0,0,1,heartbeat,0,18.49,-8.73,9999.0,25.0,0,ttc_capped,0.001,table,1,37.496719,126.957794,0.068,0.0,1,37.496655,126.957977,0.327,0.0,17.75,-5.2
1786957390.948,13127,0,0,0,0,1,heartbeat,0,19.16,-7.57,9999.0,25.0,0,ttc_capped,0.0015,table,1,37.496719,126.957794,0.077,0.0,1,37.496651,126.957977,0.327,0.0,18.16,-6.11
1786957391.151,13129,0,0,0,0,1,heartbeat,0,19.5,-6.62,9999.0,25.0,0,ttc_capped,0.0019,table,1,37.496719,126.957794,0.08,0.0,1,37.496651,126.957977,0.327,0.0,18.36,-6.55
1786957391.351,13131,0,0,0,0,1,heartbeat,0,16.94,-0.79,9999.0,25.0,0,ttc_capped,0.0054,table,1,37.496719,126.957794,0.085,0.0,1,37.496643,126.957977,0.685,145.7,16.46,-4.03
1786957391.553,13133,0,0,0,0,1,heartbeat,0,17.08,-0.6,9999.0,25.0,0,ttc_capped,0.0011,table,1,37.496719,126.957794,0.086,0.0,1,37.496643,126.957977,0.685,145.7,16.52,-4.34
1786957391.755,13135,0,0,0,0,1,heartbeat,0,17.26,-0.55,9999.0,25.0,0,ttc_capped,0.0011,table,1,37.496719,126.957794,0.097,0.0,1,37.496643,126.957985,0.685,145.7,16.64,-4.61
1786957391.957,13137,0,0,0,0,1,heartbeat,0,17.47,-0.54,9999.0,25.0,0,ttc_capped,0.0011,table,1,37.496719,126.957794,0.105,0.0,1,37.496639,126.957985,0.685,145.7,16.78,-4.87
1786957392.163,13139,0,0,0,0,1,heartbeat,0,17.66,-0.54,9999.0,25.0,0,ttc_capped,0.0011,table,1,37.496719,126.957794,0.111,0.0,1,37.496639,126.957985,0.685,145.7,16.9,-5.12
1786957392.369,13141,0,0,0,0,1,heartbeat,0,17.75,-0.98,9999.0,25.0,0,ttc_capped,0.0007,table,1,37.496719,126.957794,0.119,0.0,1,37.496651,126.95797,1.181,101.93,16.98,-5.16
1786957392.581,13143,0,0,0,0,1,heartbeat,0,17.87,-1.11,9999.0,25.0,0,ttc_capped,0.0007,table,1,37.496719,126.957794,0.119,0.0,1,37.496651,126.95797,1.181,101.93,17.09,-5.2
1786957392.793,13145,0,0,0,0,1,heartbeat,0,17.99,-1.15,9999.0,25.0,0,ttc_capped,0.0007,table,1,37.496719,126.957794,0.117,0.0,1,37.496651,126.95797,1.181,101.93,17.21,-5.24
1786957392.999,13147,0,0,0,0,1,heartbeat,0,18.11,-1.16,9999.0,25.0,0,ttc_capped,0.0011,table,1,37.496719,126.957794,0.123,0.0,1,37.496651,126.95797,1.181,101.93,17.32,-5.29
1786957393.209,13149,0,0,0,0,1,heartbeat,0,18.23,-1.16,9999.0,25.0,0,ttc_capped,0.0011,table,1,37.496719,126.957794,0.127,0.0,1,37.496651,126.95797,1.181,101.93,17.44,-5.34
1786957393.509,13152,0,0,0,0,1,heartbeat,0,18.6,-1.16,9999.0,25.0,0,ttc_capped,0.0011,table,1,37.496719,126.957794,0.116,0.0,1,37.496651,126.95797,1.181,101.93,17.77,-5.48
1786957404.297,13254,2,2,0,0,1,change,0,10.96,0.0,19447.82,5.6,0,ttc_capped,0.1938,model,1,37.496727,126.957802,0.081,0.0,1,37.496719,126.957916,0.013,0.0,10.89,1.2
1786957404.509,13256,2,2,2,2,1,heartbeat,0,10.94,0.0,18786.27,5.6,0,ttc_capped,0.493,model,1,37.496727,126.957802,0.08,0.0,1,37.496719,126.957916,0.013,0.0,10.88,1.16
1786957404.715,13258,2,2,2,2,1,heartbeat,0,10.92,0.0,13410.2,5.6,0,ttc_capped,0.7911,model,1,37.496727,126.957809,0.074,0.0,1,37.496719,126.957916,0.013,0.0,10.86,1.13
1786957404.991,13260,2,2,2,2,1,heartbeat,0,10.89,0.0,12900.08,5.6,0,ttc_capped,0.4887,model,1,37.496727,126.957809,0.073,0.0,1,37.496719,126.957916,0.013,0.0,10.84,1.1
1786957405.198,13262,2,2,2,2,1,heartbeat,0,10.87,0.0,12994.76,5.6,0,ttc_capped,0.4887,model,1,37.496727,126.957809,0.065,0.0,1,37.496719,126.957916,0.013,0.0,10.81,1.06
1786957405.399,13264,2,2,2,2,1,heartbeat,0,10.84,0.0,12885.22,5.6,0,ttc_capped,0.493,model,1,37.496731,126.957809,0.071,0.0,1,37.496719,126.957916,0.019,0.0,10.79,1.02
1786957405.644,13267,2,2,2,2,1,heartbeat,0,10.8,0.0,9763.62,5.6,0,ttc_capped,0.7882,model,1,37.496731,126.957817,0.074,0.0,1,37.496719,126.957916,0.019,0.0,10.75,0.96
1786957405.857,13269,2,2,2,2,1,heartbeat,0,10.76,0.0,9182.53,5.68,0,ttc_capped,0.7882,model,1,37.496731,126.957817,0.078,0.0,1,37.496719,126.957916,0.019,0.0,10.72,0.93
1786957406.069,13271,2,2,2,2,1,heartbeat,0,10.72,0.0,9266.78,5.75,0,ttc_capped,0.7882,model,1,37.496731,126.957817,0.08,0.0,1,37.496719,126.957916,0.019,0.0,10.69,0.89
1786957406.281,13273,2,2,2,2,1,heartbeat,0,10.69,0.0,9463.93,5.76,0,ttc_capped,0.7882,model,1,37.496731,126.957817,0.079,0.0,1,37.496719,126.957916,0.019,0.0,10.65,0.85
1786957406.493,13275,2,2,2,2,1,heartbeat,0,10.65,0.0,9594.17,5.76,0,ttc_capped,0.7882,model,1,37.496731,126.957817,0.078,0.0,1,37.496719,126.957916,0.046,0.0,10.62,0.81
1786957406.703,13277,2,2,2,2,1,heartbeat,0,10.62,0.0,9794.8,5.76,0,ttc_capped,0.7882,model,1,37.496731,126.957817,0.087,0.0,1,37.496719,126.957916,0.046,0.0,10.59,0.78
1786957406.915,13279,2,2,2,2,1,heartbeat,0,10.58,0.0,7747.72,7.58,0,ttc_capped,0.7882,model,1,37.496735,126.957825,0.08,0.0,1,37.496719,126.957916,0.046,0.0,10.55,0.74
1786957407.124,13281,2,2,2,2,1,heartbeat,0,10.53,0.0,7421.06,8.05,0,ttc_capped,0.7882,model,1,37.496735,126.957825,0.079,0.0,1,37.496719,126.957916,0.046,0.0,10.51,0.7
1786957407.345,13282,2,2,2,2,1,heartbeat,0,10.34,0.12,84.19,5.6,0,ttc_capped,0.0049,table,1,37.496735,126.957825,0.096,0.0,1,37.496727,126.957909,0.347,0.0,10.3,0.95
1786957407.55,13285,2,2,2,2,1,heartbeat,0,10.19,0.16,62.07,5.6,0,ttc_capped,0.0142,table,1,37.496735,126.957825,0.117,0.0,1,37.496727,126.957909,0.347,0.0,10.14,1.03
1786957407.779,13287,2,2,2,2,1,heartbeat,0,10.02,0.21,47.02,5.6,0,ttc_capped,0.0194,table,1,37.496735,126.957825,0.123,0.0,1,37.496731,126.957909,0.347,0.0,9.92,1.37
1786957408.049,13289,2,2,2,2,1,heartbeat,0,9.9,0.2,48.43,6.6,0,ttc_capped,0.0044,table,1,37.496735,126.957825,0.103,0.0,1,37.496731,126.957909,0.347,0.0,9.76,1.65
1786957408.289,13292,2,2,2,2,1,heartbeat,0,9.8,0.19,52.46,6.6,0,ttc_capped,0.0074,table,1,37.496735,126.957825,0.078,0.0,1,37.496731,126.957909,0.323,0.0,9.64,1.78
1786957408.499,13294,2,2,2,2,1,heartbeat,0,9.73,0.17,58.51,6.6,0,ttc_capped,0.0074,table,1,37.496735,126.957825,0.085,0.0,1,37.496731,126.957909,0.323,0.0,9.55,1.87
1786957408.709,13296,2,2,2,2,1,heartbeat,0,9.67,0.15,66.38,6.6,0,ttc_capped,0.0074,table,1,37.496735,126.957832,0.091,0.0,1,37.496731,126.957909,0.323,0.0,9.48,1.92
1786957408.919,13298,2,2,2,2,1,heartbeat,0,9.62,0.13,76.43,6.6,0,ttc_capped,0.0074,table,1,37.496735,126.957832,0.088,0.0,1,37.496731,126.957909,0.323,0.0,9.42,1.94
1786957409.131,13300,2,2,2,2,1,heartbeat,0,9.56,0.11,88.99,6.6,0,ttc_capped,0.0074,table,1,37.496738,126.957832,0.09,0.0,1,37.496731,126.957909,0.323,0.0,9.37,1.93
1786957409.265,13301,0,0,2,2,1,change,0,9.35,0.33,28.16,9.9,0,table,0.0263,table,1,37.496738,126.957832,0.094,0.0,1,37.496735,126.957901,0.491,300.15,9.17,1.83
1786957409.471,13303,0,0,0,0,1,heartbeat,0,9.18,0.36,25.39,13.08,0,table,0.0049,table,1,37.496738,126.957832,0.126,0.0,1,37.496735,126.957901,0.491,300.15,8.98,1.87
1786957409.683,13305,0,0,0,0,1,heartbeat,0,8.94,0.37,24.32,14.39,0,table,0.0028,table,1,37.496738,126.957832,0.138,0.0,1,37.496735,126.957893,0.491,300.15,8.73,1.9
1786957409.893,13307,0,0,0,0,1,heartbeat,0,8.73,0.37,23.87,15.06,0,table,0.0049,table,1,37.496742,126.957832,0.156,0.0,1,37.496735,126.957893,0.491,300.15,8.52,1.91
1786957410.103,13309,0,0,0,0,1,heartbeat,0,8.55,0.36,23.51,15.58,0,table,0.0058,table,1,37.496742,126.95784,0.183,0.0,1,37.496735,126.957893,0.491,300.15,8.33,1.92
1786957410.311,13311,0,0,0,0,1,heartbeat,0,8.38,0.33,25.07,16.06,0,table,0.0179,table,1,37.496742,126.95784,0.203,0.0,1,37.496735,126.957893,0.405,300.15,8.15,1.92
1786957410.513,13313,0,0,0,0,1,heartbeat,0,8.23,0.31,26.71,16.5,0,table,0.0179,table,1,37.496742,126.95784,0.188,0.0,1,37.496735,126.957893,0.405,300.15,8.0,1.91
1786957410.715,13315,0,0,0,0,1,heartbeat,0,8.09,0.3,27.03,16.91,0,table,0.0179,table,1,37.496742,126.95784,0.178,0.0,1,37.496735,126.957893,0.405,300.15,7.87,1.9
1786957410.931,13317,0,0,0,0,1,heartbeat,0,7.96,0.3,26.9,17.31,0,table,0.0179,table,1,37.496742,126.95784,0.152,0.0,1,37.496735,126.957893,0.405,300.15,7.73,1.89
1786957411.137,13319,0,0,0,0,1,heartbeat,0,7.83,0.29,26.62,17.73,0,table,0.0179,table,1,37.496746,126.95784,0.142,0.0,1,37.496735,126.957893,0.405,300.15,7.61,1.87
1786957411.313,13320,1,1,0,0,1,change,0,7.7,0.47,16.43,25.51,1,table,0.0088,table,1,37.496746,126.95784,0.116,0.0,1,37.496727,126.957886,0.732,278.95,7.48,1.83
1786957411.517,13322,1,1,1,1,1,heartbeat,0,7.47,0.62,12.06,30.33,1,table,0.0018,table,1,37.496746,126.95784,0.109,0.0,1,37.496727,126.957886,0.732,278.95,7.26,1.73
1786957411.723,13324,1,1,1,1,1,heartbeat,0,7.24,0.66,10.9,39.62,1,table,0.0033,table,1,37.496746,126.95784,0.116,0.0,1,37.496727,126.957886,0.732,278.95,7.05,1.64
1786957411.975,13327,1,1,1,1,1,heartbeat,0,6.97,0.68,10.28,40.83,1,table,0.0061,table,1,37.496746,126.95784,0.092,0.0,1,37.496727,126.957886,0.732,278.95,6.8,1.54
1786957412.187,13329,1,1,1,1,1,heartbeat,0,6.75,0.68,9.89,41.0,1,table,0.0061,table,1,37.496746,126.957848,0.076,0.0,1,37.496727,126.957886,0.732,278.95,6.59,1.46
1786957412.401,13331,1,1,1,1,1,heartbeat,0,6.55,0.54,12.2,33.0,1,table,0.0058,table,1,37.496746,126.957848,0.064,0.0,1,37.496727,126.957878,0.5,278.95,6.4,1.38
1786957412.613,13333,1,1,1,1,1,heartbeat,0,6.35,0.49,12.9,33.0,1,table,0.0057,table,1,37.496746,126.957848,0.054,0.0,1,37.496727,126.957878,0.5,278.95,6.22,1.3
1786957412.819,13335,1,1,1,1,1,heartbeat,0,6.17,0.48,12.87,33.0,1,table,0.0026,table,1,37.49675,126.957848,0.038,0.0,1,37.496727,126.957878,0.5,278.95,6.05,1.22
1786957413.03,13337,1,1,1,1,1,heartbeat,0,5.99,0.48,12.61,33.0,1,table,0.0018,table,1,37.496746,126.957848,0.034,0.0,1,37.496727,126.957878,0.5,278.95,5.88,1.15
1786957413.242,13339,1,1,1,1,1,heartbeat,0,5.82,0.47,12.26,33.0,1,table,0.0018,table,1,37.496746,126.957855,0.038,0.0,1,37.496727,126.957878,0.5,278.95,5.72,1.08
1786957413.452,13341,1,1,1,1,1,heartbeat,0,5.65,0.48,11.86,41.0,1,table,0.0018,table,1,37.496746,126.957855,0.036,0.0,1,37.496727,126.957878,0.307,278.95,5.56,1.02
1786957413.66,13343,1,1,1,1,1,heartbeat,0,5.49,0.48,11.55,41.0,1,table,0.0021,table,1,37.496746,126.957855,0.034,0.0,1,37.496727,126.957878,0.307,278.95,5.41,0.94
1786957413.869,13345,1,1,1,1,1,heartbeat,0,5.34,0.47,11.47,41.0,1,table,0.0022,table,1,37.496746,126.957855,0.027,17.82,1,37.496727,126.957878,0.307,278.95,5.27,0.85
1786957414.081,13347,1,1,1,1,1,heartbeat,0,5.2,0.44,11.83,41.0,1,table,0.0006,table,1,37.496746,126.957855,0.023,17.82,1,37.496727,126.957878,0.307,278.95,5.15,0.73
1786957414.285,13348,1,1,1,1,1,heartbeat,0,5.16,0.36,14.26,33.0,1,table,0.0031,table,1,37.496746,126.957855,0.023,17.82,1,37.496727,126.957878,0.192,278.95,5.13,0.58
1786957414.488,13350,1,1,1,1,1,heartbeat,0,5.09,0.29,17.65,28.86,1,table,0.0036,table,1,37.496742,126.957863,0.022,17.82,1,37.496727,126.957878,0.192,278.95,5.07,0.43
1786957414.692,13352,1,1,1,1,1,heartbeat,0,5.04,0.21,24.46,24.07,1,table,0.0036,table,1,37.496742,126.957863,0.016,17.82,1,37.496727,126.957878,0.192,278.95,5.03,0.29
1786957414.93,13355,1,1,1,1,1,heartbeat,0,4.98,0.13,39.56,21.5,0,ttc_capped,0.0043,table,1,37.496738,126.957863,0.013,17.82,1,37.496727,126.957878,0.192,278.95,4.98,0.14
1786957415.142,13357,1,1,1,1,1,heartbeat,0,4.97,0.06,86.28,20.31,0,ttc_capped,0.0066,table,1,37.496738,126.957863,0.014,17.82,1,37.496727,126.957878,0.192,278.95,4.97,0.03
1786957415.344,13359,1,1,1,1,1,heartbeat,0,4.96,0.0,1345.97,20.04,0,ttc_capped,0.0066,table,1,37.496738,126.957863,0.018,0.0,1,37.496727,126.957878,0.153,278.95,4.95,-0.05
1786957415.556,13361,1,1,1,1,1,heartbeat,0,4.94,-0.04,9999.0,30.0,0,ttc_capped,0.0011,table,1,37.496735,126.957863,0.019,0.0,1,37.496727,126.957878,0.153,278.95,4.94,-0.11
1786957415.768,13363,1,1,1,1,1,heartbeat,0,4.91,-0.06,9999.0,30.0,0,ttc_capped,0.0011,table,1,37.496735,126.95787,0.012,25.45,1,37.496727,126.957878,0.153,278.95,4.91,-0.15
1786957415.98,13365,1,1,1,1,1,heartbeat,0,4.87,-0.08,9999.0,30.0,0,ttc_capped,0.0011,table,1,37.496731,126.95787,0.021,25.45,1,37.496727,126.957878,0.153,278.95,4.87,-0.17
1786957416.208,13367,1,1,1,1,1,heartbeat,0,4.83,-0.09,9999.0,30.0,0,ttc_capped,0.0011,table,1,37.496731,126.95787,0.026,25.45,1,37.496727,126.957878,0.153,278.95,4.83,-0.19
1786957416.429,13369,1,1,1,1,1,heartbeat,0,4.78,-0.09,9999.0,30.0,0,ttc_capped,0.0008,table,1,37.496727,126.95787,0.024,25.45,1,37.496727,126.957878,0.11,278.95,4.78,-0.16
1786957416.641,13371,1,1,1,1,1,heartbeat,0,4.73,-0.08,9999.0,30.0,0,ttc_capped,0.0008,table,1,37.496727,126.95787,0.028,25.45,1,37.496727,126.957878,0.11,278.95,4.72,-0.15
1786957416.825,13373,0,0,1,1,1,change,0,4.67,-0.08,9999.0,30.0,0,ttc_capped,0.0012,table,1,37.496723,126.95787,0.042,25.45,1,37.496727,126.957878,0.11,278.95,4.67,-0.15
1786957417.034,13375,0,0,0,0,1,heartbeat,0,4.61,-0.07,9999.0,30.0,0,ttc_capped,0.0012,table,1,37.496723,126.95787,0.04,25.45,1,37.496727,126.957878,0.11,278.95,4.61,-0.13
1786957417.245,13377,0,0,0,0,1,heartbeat,0,4.55,-0.06,9999.0,30.0,0,ttc_capped,0.0012,table,1,37.496723,126.95787,0.039,0.0,1,37.496727,126.957878,0.11,278.95,4.55,-0.1
1786957417.449,13378,0,0,0,0,1,heartbeat,0,4.51,-0.05,9999.0,30.0,0,ttc_capped,0.0011,table,1,37.496723,126.95787,0.039,0.0,1,37.496727,126.957878,0.088,278.95,4.51,-0.07
1786957417.652,13380,0,0,0,0,1,heartbeat,0,4.45,-0.04,9999.0,30.0,0,ttc_capped,0.0011,table,1,37.496719,126.95787,0.04,0.0,1,37.496727,126.957878,0.088,278.95,4.45,-0.04
1786957417.852,13382,0,0,0,0,1,heartbeat,0,4.38,-0.03,9999.0,30.0,0,ttc_capped,0.0011,table,1,37.496719,126.95787,0.036,0.0,1,37.496727,126.957878,0.088,278.95,4.38,-0.02
1786957418.059,13384,0,0,0,0,1,heartbeat,0,4.32,-0.02,9999.0,30.0,0,ttc_capped,0.0011,table,1,37.496719,126.95787,0.035,0.0,1,37.496727,126.957878,0.088,278.95,4.32,0.01
1786957418.261,13386,0,0,0,0,1,heartbeat,0,4.26,-0.02,9999.0,30.0,0,ttc_capped,0.0011,table,1,37.496716,126.95787,0.031,0.0,1,37.496727,126.957878,0.075,278.95,4.26,0.04
1786957418.463,13388,0,0,0,0,1,heartbeat,0,4.19,-0.01,9999.0,30.0,0,ttc_capped,0.0011,table,1,37.496716,126.95787,0.031,0.0,1,37.496727,126.957878,0.075,278.95,4.19,0.06
1786957418.665,13390,0,0,0,0,1,heartbeat,0,4.13,-0.01,9999.0,30.0,0,ttc_capped,0.0011,table,1,37.496716,126.95787,0.033,0.0,1,37.496727,126.957878,0.075,278.95,4.13,0.09
1786957418.867,13392,0,0,0,0,1,heartbeat,0,4.07,-0.01,9999.0,30.0,0,ttc_capped,0.017,table,1,37.496716,126.95787,0.036,0.0,1,37.496727,126.957878,0.075,278.95,4.07,0.11
1786957419.073,13394,0,0,0,0,1,heartbeat,0,4.02,-0.0,9999.0,30.0,0,ttc_capped,0.017,table,1,37.496716,126.95787,0.041,0.0,1,37.496727,126.957878,0.075,278.95,4.01,0.13
1786957419.279,13396,0,0,0,0,1,heartbeat,0,3.96,-0.0,9999.0,30.0,0,ttc_capped,0.003,table,1,37.496712,126.95787,0.047,0.0,1,37.496731,126.957878,0.066,278.95,3.96,0.22
1786957419.485,13398,0,0,0,0,1,heartbeat,0,3.92,-0.01,9999.0,30.0,0,ttc_capped,0.0008,table,1,37.496712,126.95787,0.065,0.0,1,37.496731,126.957878,0.066,278.95,3.9,0.37
1786957419.697,13400,0,0,0,0,1,heartbeat,0,3.88,-0.02,9999.0,30.0,0,ttc_capped,0.0008,table,1,37.496712,126.95787,0.058,0.0,1,37.496731,126.957878,0.066,278.95,3.84,0.49
1786957419.912,13402,0,0,0,0,1,heartbeat,0,3.84,-0.03,9999.0,30.0,0,ttc_capped,0.0008,table,1,37.496712,126.95787,0.056,0.0,1,37.496731,126.957878,0.066,278.95,3.79,0.59
1786957420.113,13404,0,0,0,0,1,heartbeat,0,3.8,-0.04,9999.0,30.0,0,ttc_capped,0.0008,table,1,37.496708,126.95787,0.061,0.0,1,37.496731,126.957878,0.066,278.95,3.74,0.68
1786957420.315,13406,0,0,0,0,1,heartbeat,0,3.76,-0.04,9999.0,30.0,0,ttc_capped,0.0008,table,1,37.496708,126.95787,0.096,0.0,1,37.496731,126.957878,0.156,278.95,3.69,0.76
1786957420.529,13408,0,0,0,0,1,heartbeat,0,3.73,-0.04,9999.0,30.0,0,ttc_capped,0.0008,table,1,37.496708,126.95787,0.138,0.0,1,37.496731,126.957878,0.156,278.95,3.63,0.82
1786957420.729,13410,0,0,0,0,1,heartbeat,0,3.69,-0.04,9999.0,30.0,0,ttc_capped,0.0008,table,1,37.496708,126.95787,0.156,0.0,1,37.496731,126.957878,0.156,278.95,3.59,0.87
1786957420.939,13412,0,0,0,0,1,heartbeat,0,3.66,-0.04,9999.0,30.0,0,ttc_capped,0.0008,table,1,37.496704,126.957863,0.215,0.0,1,37.496731,126.957878,0.156,278.95,3.54,0.92
1786957421.151,13414,0,0,0,0,1,heartbeat,0,3.64,-0.04,9999.0,30.0,0,ttc_capped,0.0008,table,1,37.496704,126.957863,0.255,0.0,1,37.496731,126.957878,0.156,278.95,3.5,0.97
1786957421.361,13416,0,0,0,0,1,heartbeat,0,3.61,-0.03,9999.0,30.0,0,ttc_capped,0.0008,table,1,37.4967,126.957863,0.276,0.0,1,37.496731,126.957878,0.348,278.95,3.47,1.01
1786957421.607,13417,0,0,0,0,1,heartbeat,0,3.6,-0.03,9999.0,30.0,0,ttc_capped,0.0012,table,1,37.4967,126.957863,0.28,0.0,1,37.496731,126.957878,0.348,278.95,3.45,1.02
1786957421.815,13420,0,0,0,0,1,heartbeat,0,3.58,-0.02,9999.0,30.0,0,ttc_capped,0.0011,table,1,37.496696,126.957863,0.292,0.0,1,37.496731,126.957878,0.348,278.95,3.41,1.06
1786957422.021,13422,0,0,0,0,1,heartbeat,0,3.55,-0.02,9999.0,30.0,0,ttc_capped,0.0011,table,1,37.496696,126.957863,0.269,0.0,1,37.496731,126.957878,0.348,278.95,3.38,1.1
1786957422.229,13424,1,1,0,0,1,change,0,3.25,0.36,8.92,41.0,1,table,0.0052,table,1,37.496696,126.957863,0.252,0.0,1,37.496731,126.95787,0.439,239.59,3.09,1.01
1786957422.335,13425,2,2,1,1,1,change,0,3.15,0.4,7.8,48.0,2,table,0.001,table,1,37.496696,126.957863,0.232,0.0,1,37.496731,126.95787,0.439,239.59,2.99,1.01
1786957422.547,13427,2,2,2,2,1,heartbeat,0,3.01,0.43,7.06,48.0,2,table,0.0005,table,1,37.496693,126.957863,0.214,0.0,1,37.496731,126.95787,0.439,239.59,2.83,1.03
1786957422.757,13429,2,2,2,2,1,heartbeat,0,2.87,0.43,6.65,48.0,2,table,0.0001,table,1,37.496693,126.957863,0.197,0.0,1,37.496727,126.95787,0.439,239.59,2.7,1.0
1786957422.967,13431,2,2,2,2,1,heartbeat,0,2.75,0.43,6.35,48.0,2,table,0.0005,table,1,37.496693,126.957863,0.193,0.0,1,37.496727,126.95787,0.439,239.59,2.57,0.98
1786957423.173,13433,2,2,2,2,1,heartbeat,0,2.65,0.43,6.09,48.0,2,table,0.0005,table,1,37.496693,126.957863,0.206,0.0,1,37.496727,126.95787,0.439,239.59,2.46,0.97
1786957423.375,13435,2,2,2,2,1,heartbeat,0,2.55,0.43,5.87,48.0,2,table,0.0005,table,1,37.496693,126.957863,0.222,0.0,1,37.496727,126.95787,0.328,239.59,2.36,0.97
1786957423.58,13437,2,2,2,2,1,heartbeat,0,2.47,0.43,5.71,48.0,2,table,0.0005,table,1,37.496693,126.957863,0.24,0.0,1,37.496727,126.95787,0.328,239.59,2.27,0.97
1786957423.789,13439,2,2,2,2,1,heartbeat,0,2.39,0.42,5.68,48.0,2,table,0.0005,table,1,37.496689,126.957863,0.233,0.0,1,37.496727,126.95787,0.328,239.59,2.18,0.98
1786957424.001,13441,2,2,2,2,1,heartbeat,0,2.26,0.45,5.03,48.0,2,table,0.0004,table,1,37.496689,126.957863,0.2,0.0,1,37.496727,126.957863,0.328,239.59,2.03,0.99
1786957424.213,13443,2,2,2,2,1,heartbeat,0,2.15,0.47,4.58,53.0,2,table,0.0004,table,1,37.496689,126.957855,0.166,0.0,1,37.496727,126.957863,0.328,239.59,1.89,1.02
1786957424.423,13445,2,2,2,2,1,heartbeat,0,2.05,0.47,4.33,53.0,2,table,0.0005,table,1,37.496693,126.957855,0.142,0.0,1,37.496727,126.957863,0.264,239.59,1.76,1.05
1786957424.633,13447,2,2,2,2,1,heartbeat,0,1.97,0.46,4.33,53.0,2,table,0.0008,table,1,37.496693,126.957855,0.15,0.0,1,37.496727,126.957863,0.264,239.59,1.65,1.09
1786957424.848,13449,2,2,2,2,1,heartbeat,0,1.93,0.42,4.59,53.0,2,table,0.0008,table,1,37.496689,126.957855,0.227,0.0,1,37.496727,126.957863,0.264,239.59,1.56,1.13
1786957425.059,13451,2,2,2,2,1,heartbeat,0,1.91,0.37,5.18,48.0,2,table,0.0012,table,1,37.496689,126.957855,0.286,267.33,1,37.496727,126.957863,0.264,239.59,1.49,1.2
1786957425.276,13453,2,2,2,2,1,heartbeat,0,1.92,0.31,6.18,48.0,2,table,0.0003,table,1,37.496689,126.957848,0.339,267.33,1,37.496727,126.957863,0.264,239.59,1.45,1.26
1786957425.479,13455,2,2,2,2,1,heartbeat,0,1.93,0.28,6.9,48.0,2,table,0.0004,table,1,37.496689,126.957848,0.368,267.33,1,37.496727,126.957863,0.194,239.59,1.41,1.31
1786957425.686,13456,2,2,2,2,1,heartbeat,0,2.0,0.19,10.61,41.0,1,table,0.003,table,1,37.496689,126.957848,0.368,267.33,1,37.496727,126.957863,0.194,239.59,1.46,1.37
1786957425.908,13459,2,2,2,2,1,heartbeat,0,2.07,0.14,15.03,33.0,1,table,0.0008,table,1,37.496689,126.957848,0.38,267.33,1,37.496727,126.957863,0.194,239.59,1.47,1.46
1786957426.118,13461,2,2,2,2,1,heartbeat,0,2.12,0.1,21.76,33.0,1,table,0.003,table,1,37.496689,126.957848,0.368,267.33,1,37.496727,126.957863,0.194,239.59,1.48,1.52
1786957426.393,13463,2,2,2,2,1,heartbeat,0,2.18,0.05,41.89,33.0,0,ttc_capped,0.0081,table,1,37.496689,126.957848,0.331,267.33,1,37.496727,126.957863,0.112,239.59,1.51,1.58
1786957426.6,13465,2,2,2,2,1,heartbeat,0,2.23,0.03,76.83,33.0,0,ttc_capped,0.0081,table,1,37.496689,126.957848,0.285,267.33,1,37.496727,126.957863,0.112,239.59,1.52,1.63
1786957426.804,13467,2,2,2,2,1,heartbeat,0,2.28,0.01,205.4,33.0,0,ttc_capped,0.0081,table,1,37.496685,126.957848,0.254,0.0,1,37.496727,126.957863,0.112,239.59,1.53,1.69
1786957427.008,13469,2,2,2,2,1,heartbeat,0,2.33,-0.0,9999.0,30.0,0,ttc_capped,0.0235,table,1,37.496685,126.957848,0.246,0.0,1,37.496727,126.957863,0.112,239.59,1.54,1.74
1786957427.21,13471,2,2,2,2,1,heartbeat,0,2.38,-0.01,9999.0,30.0,0,ttc_capped,0.0012,table,1,37.496685,126.957848,0.234,0.0,1,37.496727,126.957863,0.112,239.59,1.55,1.8
1786957427.468,13474,2,2,2,2,1,heartbeat,0,2.44,-0.02,9999.0,30.0,0,ttc_capped,0.0007,table,1,37.496681,126.957848,0.2,0.0,1,37.496727,126.957863,0.092,239.59,1.56,1.88
1786957427.608,13475,0,0,2,2,1,change,0,2.47,-0.02,9999.0,30.0,0,ttc_capped,0.0012,table,1,37.496681,126.957848,0.2,0.0,1,37.496727,126.957863,0.092,239.59,1.57,1.91
1786957427.891,13478,0,0,0,0,1,heartbeat,0,2.53,-0.02,9999.0,30.0,0,ttc_capped,0.0007,table,1,37.496681,126.957848,0.151,0.0,1,37.496727,126.957863,0.092,239.59,1.57,1.99
1786957428.102,13480,0,0,0,0,1,heartbeat,0,2.58,-0.02,9999.0,30.0,0,ttc_capped,0.0007,table,1,37.496681,126.957848,0.127,0.0,1,37.496727,126.957863,0.092,239.59,1.57,2.04
1786957428.315,13482,0,0,0,0,1,heartbeat,0,2.62,-0.02,9999.0,30.0,0,ttc_capped,0.0007,table,1,37.496681,126.957848,0.104,0.0,1,37.496727,126.957863,0.064,239.59,1.58,2.09
1786957428.524,13484,0,0,0,0,1,heartbeat,0,2.67,-0.02,9999.0,30.0,0,ttc_capped,0.0007,table,1,37.496677,126.957848,0.077,0.0,1,37.496727,126.957863,0.064,239.59,1.58,2.15
1786957428.735,13485,0,0,0,0,1,heartbeat,0,2.69,-0.02,9999.0,30.0,0,ttc_capped,0.0012,table,1,37.496677,126.957848,0.064,0.0,1,37.496727,126.957863,0.064,239.59,1.58,2.18
1786957428.935,13487,0,0,0,0,1,heartbeat,0,2.73,-0.02,9999.0,30.0,0,ttc_capped,0.0012,table,1,37.496677,126.957848,0.056,0.0,1,37.496727,126.957863,0.064,239.59,1.57,2.23
1786957429.145,13489,0,0,0,0,1,heartbeat,0,2.78,-0.01,9999.0,30.0,0,ttc_capped,0.0012,table,1,37.496677,126.957848,0.06,0.0,1,37.496727,126.957863,0.064,239.59,1.57,2.29
1786957429.345,13491,0,0,0,0,1,heartbeat,0,2.82,-0.01,9999.0,30.0,0,ttc_capped,0.0011,table,1,37.496677,126.957848,0.061,0.0,1,37.496727,126.957863,0.078,239.59,1.57,2.34
1786957429.546,13493,0,0,0,0,1,heartbeat,0,2.86,-0.01,9999.0,30.0,0,ttc_capped,0.0011,table,1,37.496677,126.957848,0.059,0.0,1,37.496727,126.957863,0.078,239.59,1.56,2.4
1786957429.746,13495,0,0,0,0,1,heartbeat,0,2.9,-0.01,9999.0,30.0,0,ttc_capped,0.0011,table,1,37.496677,126.957848,0.083,0.0,1,37.496727,126.957863,0.078,239.59,1.56,2.45
1786957429.948,13497,0,0,0,0,1,heartbeat,0,2.95,-0.01,9999.0,30.0,0,ttc_capped,0.0297,table,1,37.496674,126.957848,0.094,0.0,1,37.496727,126.957863,0.078,239.59,1.55,2.51
1786957430.167,13499,0,0,0,0,1,heartbeat,0,2.99,-0.0,9999.0,30.0,0,ttc_capped,0.0297,table,1,37.496674,126.957848,0.084,0.0,1,37.496727,126.957863,0.078,239.59,1.55,2.56
1786957430.368,13501,0,0,0,0,1,heartbeat,0,3.04,-0.0,9999.0,30.0,0,ttc_capped,0.0297,table,1,37.496674,126.957848,0.067,0.0,1,37.496727,126.957863,0.121,239.59,1.55,2.62
1786957430.57,13503,0,0,0,0,1,heartbeat,0,3.09,-0.0,9999.0,30.0,0,ttc_capped,0.0297,table,1,37.496674,126.957848,0.058,0.0,1,37.496727,126.957863,0.121,239.59,1.54,2.67
1786957430.776,13505,0,0,0,0,1,heartbeat,0,3.13,-0.0,9999.0,30.0,0,ttc_capped,0.0297,table,1,37.496674,126.957848,0.056,0.0,1,37.496727,126.957863,0.121,239.59,1.54,2.73
1786957431.055,13508,0,0,0,0,1,heartbeat,0,3.2,-0.0,9999.0,30.0,0,ttc_capped,0.0036,table,1,37.496674,126.957848,0.056,0.0,1,37.496727,126.957863,0.121,239.59,1.53,2.81
1786957431.266,13510,0,0,0,0,1,heartbeat,0,3.24,-0.0,9999.0,30.0,0,ttc_capped,0.0036,table,1,37.496674,126.957848,0.067,0.0,1,37.496727,126.957863,0.121,239.59,1.53,2.86
1786957431.477,13512,0,0,0,0,1,heartbeat,0,3.28,-0.0,9999.0,30.0,0,ttc_capped,0.0036,table,1,37.496674,126.957848,0.081,0.0,1,37.496727,126.957863,0.192,239.59,1.52,2.91
1786957431.688,13514,0,0,0,0,1,heartbeat,0,3.33,-0.0,9999.0,30.0,0,ttc_capped,0.0036,table,1,37.496674,126.957848,0.103,0.0,1,37.496727,126.957863,0.192,239.59,1.52,2.96
1786957431.893,13515,0,0,0,0,1,heartbeat,0,3.35,-0.0,9999.0,30.0,0,ttc_capped,0.0167,table,1,37.496674,126.957848,0.103,0.0,1,37.496727,126.957863,0.192,239.59,1.52,2.98
1786957432.098,13517,0,0,0,0,1,heartbeat,0,3.39,-0.0,9999.0,30.0,0,ttc_capped,0.0167,table,1,37.496674,126.957848,0.103,0.0,1,37.496727,126.957863,0.192,239.59,1.51,3.03
1786957432.301,13519,0,0,0,0,1,heartbeat,0,3.43,-0.0,9999.0,30.0,0,ttc_capped,0.0167,table,1,37.496674,126.957848,0.099,0.0,1,37.496727,126.957863,0.189,239.59,1.51,3.08
1786957432.503,13521,0,0,0,0,1,heartbeat,0,3.47,-0.0,9999.0,30.0,0,ttc_capped,0.0167,table,1,37.496674,126.957848,0.069,0.0,1,37.496727,126.957863,0.189,239.59,1.51,3.13
1786957432.705,13523,0,0,0,0,1,heartbeat,0,3.51,-0.0,9999.0,30.0,0,ttc_capped,0.0167,table,1,37.496674,126.957848,0.054,0.0,1,37.496727,126.957863,0.189,239.59,1.5,3.17
1786957432.905,13525,0,0,0,0,1,heartbeat,0,3.55,-0.0,9999.0,30.0,0,ttc_capped,0.0167,table,1,37.496674,126.957848,0.075,0.0,1,37.496727,126.957863,0.189,239.59,1.5,3.22
1786957433.118,13527,0,0,0,0,1,heartbeat,0,3.59,-0.0,9999.0,30.0,0,ttc_capped,0.0168,table,1,37.496674,126.957848,0.101,0.0,1,37.496727,126.957863,0.189,239.59,1.5,3.27
1786957433.219,13528,1,1,0,0,1,change,0,3.32,0.38,8.83,41.0,1,table,0.0016,table,1,37.496674,126.957848,0.101,0.0,1,37.496723,126.957855,0.568,239.59,1.18,3.1
1786957433.321,13529,2,2,1,1,1,change,0,3.26,0.41,7.98,48.0,2,table,0.0001,table,1,37.496677,126.957848,0.094,0.0,1,37.496723,126.957855,0.568,239.59,1.09,3.07
1786957433.523,13531,2,2,2,2,1,heartbeat,0,3.17,0.42,7.63,48.0,2,table,0.0002,table,1,37.496677,126.957848,0.088,0.0,1,37.496723,126.957855,0.568,239.59,0.96,3.02
1786957433.725,13533,2,2,2,2,1,heartbeat,0,3.08,0.41,7.52,48.0,2,table,0.0005,table,1,37.496677,126.957848,0.075,0.0,1,37.496719,126.957855,0.568,239.59,0.84,2.97
1786957433.935,13535,2,2,2,2,1,heartbeat,0,2.99,0.4,7.45,48.0,2,table,0.0006,table,1,37.496677,126.957848,0.063,0.0,1,37.496719,126.957855,0.568,239.59,0.74,2.89
1786957434.139,13537,2,2,2,2,1,heartbeat,0,2.91,0.39,7.46,48.0,2,table,0.0052,table,1,37.496677,126.957848,0.05,0.0,1,37.496719,126.957855,0.568,239.59,0.65,2.84
1786957434.357,13539,2,2,2,2,1,heartbeat,0,2.85,0.34,8.28,41.0,1,table,0.0015,table,1,37.496677,126.957848,0.079,0.0,1,37.496719,126.957855,0.495,239.59,0.57,2.8
1786957434.561,13541,2,2,2,2,1,heartbeat,0,2.8,0.33,8.58,41.0,1,table,0.002,table,1,37.496681,126.957848,0.122,0.0,1,37.496719,126.957855,0.495,239.59,0.5,2.76
1786957434.771,13543,2,2,2,2,1,heartbeat,0,2.76,0.32,8.74,41.0,1,table,0.0014,table,1,37.496681,126.957848,0.148,0.0,1,37.496719,126.957855,0.495,239.59,0.44,2.72
1786957434.977,13545,2,2,2,2,1,heartbeat,0,2.72,0.31,8.88,41.0,1,table,0.0007,table,1,37.496681,126.957848,0.112,0.0,1,37.496719,126.957855,0.495,239.59,0.38,2.7
1786957435.185,13547,2,2,2,2,1,heartbeat,0,2.69,0.3,9.02,41.0,1,table,0.0007,table,1,37.496681,126.957848,0.109,0.0,1,37.496719,126.957855,0.495,239.59,0.32,2.67
1786957435.387,13549,2,2,2,2,1,heartbeat,0,2.7,0.28,9.55,41.0,1,table,0.0007,table,1,37.496681,126.957848,0.136,0.0,1,37.496723,126.957855,0.296,239.59,0.27,2.68
1786957435.593,13551,2,2,2,2,1,heartbeat,0,2.71,0.26,10.56,41.0,1,table,0.0002,table,1,37.496681,126.957848,0.173,0.0,1,37.496723,126.957855,0.296,239.59,0.22,2.7
1786957435.813,13553,2,2,2,2,1,heartbeat,0,2.73,0.22,12.67,33.0,1,table,0.0003,table,1,37.496681,126.957848,0.172,0.0,1,37.496723,126.957855,0.296,239.59,0.18,2.72
1786957436.025,13555,2,2,2,2,1,heartbeat,0,2.77,0.16,17.24,33.0,1,table,0.0006,table,1,37.496685,126.957848,0.176,0.0,1,37.496723,126.957855,0.296,239.59,0.18,2.76
1786957436.231,13557,2,2,2,2,1,heartbeat,0,2.83,0.09,30.6,32.43,0,ttc_capped,0.0004,table,1,37.496685,126.957855,0.168,0.0,1,37.496723,126.957855,0.296,239.59,0.2,2.82
1786957436.337,13558,0,0,2,2,1,change,0,3.14,-0.34,9999.0,30.0,0,ttc_capped,0.0007,table,1,37.496685,126.957855,0.168,0.0,1,37.496731,126.95787,0.547,324.85,0.22,3.13
1786957436.541,13560,0,0,0,0,1,heartbeat,0,3.36,-0.41,9999.0,30.0,0,ttc_capped,0.0007,table,1,37.496685,126.957855,0.178,0.0,1,37.496731,126.95787,0.547,324.85,0.3,3.35
1786957436.751,13562,0,0,0,0,1,heartbeat,0,3.54,-0.42,9999.0,30.0,0,ttc_capped,0.0007,table,1,37.496685,126.957855,0.2,0.0,1,37.496731,126.95787,0.547,324.85,0.37,3.52
1786957436.964,13564,0,0,0,0,1,heartbeat,0,3.71,-0.41,9999.0,30.0,0,ttc_capped,0.0007,table,1,37.496685,126.957855,0.204,0.0,1,37.496731,126.95787,0.547,324.85,0.43,3.68
1786957437.172,13566,0,0,0,0,1,heartbeat,0,3.83,-0.42,9999.0,30.0,0,ttc_capped,0.0007,table,1,37.496685,126.957855,0.21,0.0,1,37.496731,126.95787,0.547,324.85,0.41,3.81
1786957437.387,13568,0,0,0,0,1,heartbeat,0,4.04,-0.59,9999.0,30.0,0,ttc_capped,0.0007,table,1,37.496685,126.957855,0.221,0.0,1,37.496738,126.957878,0.7,339.72,0.44,4.01
1786957437.596,13570,0,0,0,0,1,heartbeat,0,4.27,-0.62,9999.0,30.0,0,ttc_capped,0.0007,table,1,37.496685,126.957855,0.232,0.0,1,37.496738,126.957878,0.7,339.72,0.55,4.24
1786957437.806,13572,0,0,0,0,1,heartbeat,0,4.49,-0.62,9999.0,30.0,0,ttc_capped,0.0007,table,1,37.496685,126.957855,0.216,0.0,1,37.496738,126.957878,0.7,339.72,0.64,4.44
1786957438.011,13573,0,0,0,0,1,heartbeat,0,4.71,-0.62,9999.0,30.0,0,ttc_capped,0.0012,table,1,37.496685,126.957855,0.176,0.0,1,37.496742,126.957878,0.7,339.72,0.73,4.65
1786957438.218,13575,0,0,0,0,1,heartbeat,0,4.93,-0.65,9999.0,30.0,0,ttc_capped,0.001,table,1,37.496689,126.957855,0.149,0.0,1,37.496746,126.957893,0.695,3.57,0.86,4.86
1786957438.419,13577,0,0,0,0,1,heartbeat,0,5.17,-0.68,9999.0,30.0,0,ttc_capped,0.001,table,1,37.496689,126.957855,0.122,0.0,1,37.496746,126.957893,0.695,3.57,1.05,5.07
1786957438.649,13580,0,0,0,0,1,heartbeat,0,5.38,-0.69,9999.0,30.0,0,ttc_capped,0.0007,table,1,37.496689,126.957855,0.129,0.0,1,37.496746,126.957893,0.695,3.57,1.14,5.26
1786957438.861,13582,0,0,0,0,1,heartbeat,0,5.61,-0.69,9999.0,30.0,0,ttc_capped,0.0007,table,1,37.496685,126.957855,0.167,0.0,1,37.496746,126.957893,0.695,3.57,1.31,5.46
1786957439.071,13584,0,0,0,0,1,heartbeat,0,5.85,-0.69,9999.0,30.0,0,ttc_capped,0.0007,table,1,37.496685,126.957855,0.195,0.0,1,37.49675,126.957893,0.695,3.57,1.47,5.67
1786957439.283,13586,0,0,0,0,1,heartbeat,0,6.07,-0.63,9999.0,30.0,0,ttc_capped,0.0007,table,1,37.496685,126.957855,0.228,0.0,1,37.49675,126.957893,0.558,19.08,1.62,5.85
1786957439.493,13588,0,0,0,0,1,heartbeat,0,6.27,-0.59,9999.0,30.0,0,ttc_capped,0.0012,table,1,37.496681,126.957855,0.256,0.0,1,37.49675,126.957893,0.558,19.08,1.78,6.01
1786957439.713,13590,0,0,0,0,1,heartbeat,0,6.47,-0.57,9999.0,30.0,0,ttc_capped,0.0008,table,1,37.496681,126.957855,0.269,0.0,1,37.49675,126.957901,0.558,19.08,1.94,6.17
1786957439.916,13592,0,0,0,0,1,heartbeat,0,6.63,-0.57,9999.0,30.0,0,ttc_capped,0.0008,table,1,37.496681,126.957855,0.288,0.0,1,37.49675,126.957901,0.558,19.08,2.05,6.31
1786957440.127,13594,0,0,0,0,1,heartbeat,0,6.82,-0.57,9999.0,30.0,0,ttc_capped,0.0008,table,1,37.496677,126.957855,0.283,41.41,1,37.49675,126.957901,0.558,19.08,2.21,6.45
1786957440.338,13596,0,0,0,0,1,heartbeat,0,6.99,-0.53,9999.0,30.0,0,ttc_capped,0.0008,table,1,37.496677,126.957855,0.259,42.21,1,37.49675,126.957901,0.482,29.15,2.37,6.58
1786957440.55,13598,0,0,0,0,1,heartbeat,0,7.15,-0.5,9999.0,30.0,0,ttc_capped,0.0008,table,1,37.496677,126.957855,0.228,42.81,1,37.49675,126.957901,0.482,29.15,2.53,6.69
1786957440.761,13600,0,0,0,0,1,heartbeat,0,7.28,-0.49,9999.0,30.0,0,ttc_capped,0.0008,table,1,37.496677,126.957863,0.19,42.81,1,37.49675,126.957901,0.482,29.15,2.61,6.8
1786957440.974,13602,0,0,0,0,1,heartbeat,0,7.43,-0.48,9999.0,30.0,0,ttc_capped,0.0008,table,1,37.496677,126.957863,0.183,42.81,1,37.49675,126.957901,0.482,29.15,2.74,6.9
1786957441.183,13604,0,0,0,0,1,heartbeat,0,7.56,-0.48,9999.0,30.0,0,ttc_capped,0.0008,table,1,37.496677,126.957863,0.173,42.81,1,37.49675,126.957901,0.482,29.15,2.86,7.0
1786957441.396,13605,0,0,0,0,1,heartbeat,0,7.69,-0.49,9999.0,30.0,0,ttc_capped,0.0014,table,1,37.496677,126.957863,0.17,42.81,1,37.49675,126.957901,0.375,29.15,3.03,7.07
1786957441.597,13606,0,0,0,0,1,heartbeat,0,7.8,-0.49,9999.0,30.0,0,ttc_capped,0.0014,table,1,37.496677,126.957863,0.17,42.81,1,37.49675,126.957901,0.375,29.15,3.12,7.15
1786957441.798,13609,0,0,0,0,1,heartbeat,0,7.92,-0.5,9999.0,30.0,0,ttc_capped,0.0013,table,1,37.496681,126.957855,0.227,42.81,1,37.49675,126.957901,0.375,29.15,3.28,7.21
1786957442.003,13611,0,0,0,0,1,heartbeat,0,8.03,-0.5,9999.0,30.0,0,ttc_capped,0.0013,table,1,37.496681,126.957855,0.234,13.7,1,37.49675,126.957901,0.375,29.15,3.48,7.24
1786957442.237,13614,0,0,0,0,1,heartbeat,0,8.16,-0.5,9999.0,30.0,0,ttc_capped,0.0014,table,1,37.496681,126.957855,0.205,13.7,1,37.49675,126.957901,0.375,29.15,3.67,7.29
1786957442.449,13616,0,0,0,0,1,heartbeat,0,8.31,-0.54,9999.0,30.0,0,ttc_capped,0.0014,table,1,37.496681,126.957855,0.164,13.7,1,37.496754,126.957901,0.326,29.15,3.88,7.34
1786957442.661,13618,0,0,0,0,1,heartbeat,0,8.46,-0.58,9999.0,30.0,0,ttc_capped,0.0014,table,1,37.496681,126.957855,0.133,2.23,1,37.496754,126.957901,0.326,29.15,4.16,7.37
1786957442.877,13620,0,0,0,0,1,heartbeat,0,8.58,-0.58,9999.0,30.0,0,ttc_capped,0.0014,table,1,37.496681,126.957855,0.13,2.23,1,37.496754,126.957901,0.326,29.15,4.4,7.37
1786957443.085,13622,0,0,0,0,1,heartbeat,0,8.67,-0.56,9999.0,30.0,0,ttc_capped,0.0014,table,1,37.496681,126.957855,0.128,0.56,1,37.496754,126.957901,0.326,29.15,4.57,7.37
1786957443.296,13624,0,0,0,0,1,heartbeat,0,8.75,-0.45,9999.0,30.0,0,ttc_capped,0.0011,table,1,37.496681,126.957863,0.123,0.56,1,37.496758,126.957909,0.428,22.11,4.33,7.6
1786957443.505,13626,0,0,0,0,1,heartbeat,0,8.92,-0.44,9999.0,30.0,0,ttc_capped,0.0011,table,1,37.496685,126.957863,0.121,358.6,1,37.496761,126.957909,0.428,22.11,4.43,7.74
1786957443.715,13628,0,0,0,0,1,heartbeat,0,9.07,-0.43,9999.0,30.0,0,ttc_capped,0.0016,table,1,37.496685,126.957863,0.12,358.21,1,37.496761,126.957909,0.428,22.11,4.53,7.86
1786957443.934,13630,0,0,0,0,1,heartbeat,0,9.21,-0.43,9999.0,30.0,0,ttc_capped,0.0011,table,1,37.496685,126.957863,0.13,358.21,1,37.496761,126.957909,0.428,22.11,4.61,7.98
1786957444.138,13632,0,0,0,0,1,heartbeat,0,9.33,-0.43,9999.0,30.0,0,ttc_capped,0.0016,table,1,37.496685,126.957863,0.132,358.21,1,37.496761,126.957909,0.428,22.11,4.67,8.07
1786957444.35,13634,0,0,0,0,1,heartbeat,0,9.43,-0.43,9999.0,30.0,0,ttc_capped,0.0011,table,1,37.496685,126.957863,0.121,358.21,1,37.496761,126.957909,0.35,22.11,4.73,8.16
1786957444.561,13636,0,0,0,0,1,heartbeat,0,9.52,-0.43,9999.0,30.0,0,ttc_capped,0.0011,table,1,37.496685,126.957863,0.099,355.14,1,37.496761,126.957909,0.35,22.11,4.77,8.24
1786957444.77,13638,0,0,0,0,1,heartbeat,0,9.61,-0.43,9999.0,30.0,0,ttc_capped,0.0011,table,1,37.496685,126.957863,0.068,355.14,1,37.496761,126.957909,0.35,22.11,4.82,8.31
1786957444.981,13639,0,0,0,0,1,heartbeat,0,9.67,-0.41,9999.0,30.0,0,ttc_capped,0.0014,table,1,37.496685,126.957863,0.057,355.14,1,37.496761,126.957909,0.35,22.11,4.88,8.35
1786957445.186,13641,0,0,0,0,1,heartbeat,0,9.72,-0.38,9999.0,30.0,0,ttc_capped,0.0014,table,1,37.496685,126.957863,0.048,355.16,1,37.496761,126.957909,0.35,22.11,4.93,8.38
1786957445.387,13643,0,0,0,0,1,heartbeat,0,9.54,0.03,279.13,6.6,0,ttc_capped,0.0335,table,1,37.496685,126.957863,0.042,355.03,1,37.496758,126.957916,0.548,130.43,5.12,8.05
1786957445.588,13645,0,0,0,0,1,heartbeat,0,9.52,0.06,170.48,6.6,0,ttc_capped,0.0359,table,1,37.496685,126.957863,0.033,355.03,1,37.496758,126.957916,0.548,130.43,5.23,7.96
1786957445.789,13647,0,0,0,0,1,heartbeat,0,9.51,0.06,167.64,6.6,0,ttc_capped,0.0443,table,1,37.496685,126.957855,0.046,355.03,1,37.496758,126.957916,0.548,130.43,5.33,7.88
1786957445.989,13649,0,0,0,0,1,heartbeat,0,9.51,0.05,181.36,6.6,0,ttc_capped,0.0443,table,1,37.496685,126.957855,0.046,355.03,1,37.496758,126.957916,0.548,130.43,5.42,7.81
1786957446.201,13651,0,0,0,0,1,heartbeat,0,9.51,0.05,203.66,6.6,0,ttc_capped,0.0443,table,1,37.496685,126.957855,0.081,355.03,1,37.496758,126.957916,0.548,130.43,5.51,7.75
1786957446.405,13652,0,0,0,0,1,heartbeat,0,9.48,0.04,215.79,6.6,0,ttc_capped,0.0443,table,1,37.496689,126.957855,0.139,355.03,1,37.496754,126.957916,0.606,130.43,5.6,7.64
1786957446.611,13655,0,0,0,0,1,heartbeat,0,9.45,0.04,253.5,6.6,0,ttc_capped,0.0348,table,1,37.496689,126.957855,0.146,355.03,1,37.496754,126.957916,0.606,130.43,5.69,7.55
1786957446.88,13658,0,0,0,0,1,heartbeat,0,9.42,0.03,343.25,6.6,0,ttc_capped,0.0348,table,1,37.496689,126.957855,0.128,12.91,1,37.496754,126.957916,0.606,130.43,5.8,7.43
1786957447.097,13660,0,0,0,0,1,heartbeat,0,9.4,0.02,474.54,6.6,0,ttc_capped,0.0348,table,1,37.496689,126.957855,0.161,12.91,1,37.496754,126.957916,0.606,130.43,5.88,7.34
1786957447.303,13662,0,0,0,0,1,heartbeat,0,9.38,0.01,726.07,6.6,0,ttc_capped,0.0348,table,1,37.496689,126.957855,0.196,12.91,1,37.496754,126.957916,0.606,130.43,5.95,7.26
1786957447.62,13665,0,0,0,0,1,heartbeat,0,9.29,0.08,114.97,6.6,0,ttc_capped,0.0348,table,1,37.496689,126.957855,0.184,351.39,1,37.496746,126.957916,0.835,138.48,6.09,7.02
1786957447.829,13667,0,0,0,0,1,heartbeat,0,9.24,0.09,104.0,6.6,0,ttc_capped,0.0282,table,1,37.496689,126.957855,0.184,351.39,1,37.496742,126.957916,0.835,138.48,6.19,6.85
1786957448.038,13668,0,0,0,0,1,heartbeat,0,9.12,0.08,109.19,6.6,0,ttc_capped,0.0282,table,1,37.496689,126.957855,0.184,351.39,1,37.496742,126.957916,0.835,138.48,6.25,6.65
1786957448.241,13670,0,0,0,0,1,heartbeat,0,9.04,0.23,39.6,6.6,0,ttc_capped,0.0078,table,1,37.496689,126.957855,0.195,351.39,1,37.496735,126.957916,1.014,151.71,6.32,6.46
1786957448.442,13672,0,0,0,0,1,heartbeat,0,8.88,0.27,33.2,6.6,0,ttc_capped,0.021,table,1,37.496689,126.957855,0.217,351.39,1,37.496731,126.957916,1.014,151.71,6.37,6.19
1786957448.642,13674,0,0,0,0,1,heartbeat,0,8.73,0.26,33.65,6.6,0,ttc_capped,0.0207,table,1,37.496689,126.957863,0.24,351.39,1,37.496731,126.957916,1.014,151.71,6.4,5.94
1786957448.883,13677,0,0,0,0,1,heartbeat,0,8.61,0.24,36.53,6.6,0,ttc_capped,0.0165,table,1,37.496689,126.957863,0.297,351.39,1,37.496731,126.957916,1.014,151.71,6.47,5.69
1786957449.096,13679,0,0,0,0,1,heartbeat,0,8.46,0.21,39.57,6.6,0,ttc_capped,0.0165,table,1,37.496689,126.957863,0.308,350.29,1,37.496727,126.957916,1.014,151.71,6.5,5.43
1786957449.305,13681,0,0,0,0,1,heartbeat,0,8.3,0.28,29.56,6.6,0,table,0.0127,table,1,37.496689,126.957863,0.325,350.29,1,37.496719,126.957916,1.099,161.8,6.51,5.14
1786957449.518,13683,0,0,0,0,1,heartbeat,0,8.16,0.3,27.04,6.6,0,table,0.0127,table,1,37.496689,126.957863,0.362,350.29,1,37.496719,126.957916,1.099,161.8,6.55,4.88
1786957449.727,13685,0,0,0,0,1,heartbeat,0,7.98,0.32,24.99,6.6,0,table,0.0127,table,1,37.496689,126.957863,0.405,350.29,1,37.496716,126.957916,1.099,161.8,6.54,4.57
1786957449.946,13687,0,0,0,0,1,heartbeat,0,7.81,0.29,26.69,6.6,0,table,0.0127,table,1,37.496689,126.95787,0.423,350.29,1,37.496716,126.957916,1.099,161.8,6.54,4.26
1786957450.159,13689,0,0,0,0,1,heartbeat,0,7.65,0.27,28.38,7.05,0,table,0.0127,table,1,37.496689,126.95787,0.462,350.29,1,37.496716,126.957916,1.099,161.8,6.53,3.98
1786957450.362,13691,0,0,0,0,1,heartbeat,0,7.46,0.33,22.62,8.68,0,table,0.0041,table,1,37.496689,126.95787,0.49,350.29,1,37.496704,126.957916,1.059,170.04,6.49,3.69
1786957450.575,13693,0,0,0,0,1,heartbeat,0,7.24,0.42,17.41,11.0,0,table,0.0049,table,1,37.496689,126.95787,0.525,350.29,1,37.496704,126.957916,1.059,170.04,6.4,3.38
1786957450.784,13695,0,0,0,0,1,heartbeat,0,6.99,0.51,13.81,13.69,0,table,0.0014,table,1,37.496689,126.95787,0.549,355.19,1,37.4967,126.957916,1.059,170.04,6.28,3.06
1786957450.993,13695,0,0,0,0,1,heartbeat,0,6.77,0.47,14.29,14.17,0,table,0.0012,table,1,37.496689,126.95787,0.549,355.19,1,37.4967,126.957916,1.059,170.04,6.19,2.73
1786957451.12,13698,1,1,0,0,1,change,0,6.47,0.7,9.2,24.32,1,table,0.0109,table,1,37.496689,126.957878,0.55,351.18,1,37.4967,126.957916,1.059,170.04,5.95,2.55
1786957451.222,13699,2,2,1,1,1,change,0,6.24,0.85,7.37,33.82,1,table,0.1821,model,1,37.496689,126.957878,0.55,348.49,1,37.4967,126.957916,1.059,170.04,5.76,2.41
1786957451.428,13701,2,2,2,2,1,heartbeat,0,5.68,1.18,4.81,45.82,2,table,0.0015,table,1,37.496693,126.957878,0.511,348.08,1,37.496689,126.957916,1.075,174.66,5.33,1.98
1786957451.632,13703,2,2,2,2,1,heartbeat,0,5.15,1.36,3.77,49.43,2,table,0.0042,table,1,37.496693,126.957878,0.48,348.08,1,37.496689,126.957916,1.075,174.66,4.91,1.56
1786957451.838,13705,2,2,2,2,1,heartbeat,0,4.69,1.41,3.32,50.48,2,table,0.0042,table,1,37.496693,126.957878,0.483,352.98,1,37.496685,126.957916,1.075,174.66,4.54,1.14
1786957452.047,13707,2,2,2,2,1,heartbeat,0,4.32,1.35,3.21,50.13,2,table,0.0032,table,1,37.496693,126.957878,0.473,352.98,1,37.496685,126.957916,1.075,174.66,4.26,0.75
1786957452.262,13709,2,2,2,2,1,heartbeat,0,4.06,1.2,3.39,49.04,2,table,0.0043,table,1,37.496693,126.957878,0.462,352.19,1,37.496685,126.957916,1.075,174.66,4.04,0.39
1786957452.469,13711,2,2,2,2,1,heartbeat,0,4.59,0.0,1910.83,21.97,0,ttc_capped,0.0005,table,1,37.496693,126.957878,0.439,352.19,1,37.496677,126.957916,1.065,175.22,4.58,0.22
1786957452.682,13713,2,2,2,2,1,heartbeat,0,4.52,-0.11,9999.0,30.0,0,ttc_capped,0.0011,table,1,37.496693,126.957878,0.395,342.92,1,37.496674,126.957916,1.065,175.22,4.52,-0.11
1786957452.894,13715,2,2,2,2,1,heartbeat,0,4.49,-0.18,9999.0,30.0,0,ttc_capped,0.0011,table,1,37.496693,126.957878,0.365,344.09,1,37.496674,126.957916,1.065,175.22,4.47,-0.43
1786957453.108,13717,2,2,2,2,1,heartbeat,0,4.48,-0.26,9999.0,30.0,0,ttc_capped,0.0011,table,1,37.496693,126.957878,0.349,345.67,1,37.496674,126.957916,1.065,175.22,4.42,-0.73
1786957453.326,13719,2,2,2,2,1,heartbeat,0,4.51,-0.32,9999.0,30.0,0,ttc_capped,0.0011,table,1,37.496693,126.957878,0.331,345.67,1,37.496674,126.957916,1.065,175.22,4.4,-1.0
1786957453.528,13721,2,2,2,2,1,heartbeat,0,4.57,-0.37,9999.0,30.0,0,ttc_capped,0.0011,table,1,37.496696,126.957878,0.312,348.07,1,37.496674,126.957916,1.065,175.22,4.4,-1.25
1786957463.974,13819,2,2,0,0,1,heartbeat,0,4.66,0.0,8332.68,33.0,0,ttc_capped,0.7737,model,1,37.496693,126.957893,0.077,0.0,1,37.496666,126.957916,1.016,175.22,2.78,-3.73
1786957464.287,13822,2,2,2,2,1,heartbeat,0,6.19,-3.23,9999.0,30.0,0,ttc_capped,0.0011,table,1,37.496689,126.957901,0.102,0.0,1,37.496643,126.957916,0.018,0.0,2.74,-5.54
1786957464.492,13824,2,2,2,2,1,heartbeat,0,6.92,-3.45,9999.0,30.0,0,ttc_capped,0.001,table,1,37.496685,126.957901,0.122,0.0,1,37.496643,126.957916,0.018,0.0,2.71,-6.36
1786957464.722,13827,2,2,2,2,1,heartbeat,0,7.16,-2.64,9999.0,30.0,0,ttc_capped,0.001,table,1,37.496681,126.957901,0.145,0.0,1,37.496643,126.957916,0.018,0.0,2.67,-6.65
1786957464.931,13829,2,2,2,2,1,heartbeat,0,7.15,-1.87,9999.0,30.0,0,ttc_capped,0.001,table,1,37.496681,126.957901,0.141,0.0,1,37.496643,126.957916,0.018,0.0,2.64,-6.65
1786957465.14,13831,2,2,2,2,1,heartbeat,0,7.07,-1.32,9999.0,30.0,0,ttc_capped,0.0012,table,1,37.496677,126.957901,0.146,0.0,1,37.496643,126.957916,0.018,0.0,2.61,-6.56
1786957465.351,13833,2,2,2,2,1,heartbeat,0,6.96,-0.96,9999.0,30.0,0,ttc_capped,0.0013,table,1,37.496674,126.957901,0.152,0.0,1,37.496643,126.957916,0.238,0.0,2.59,-6.46
1786957465.566,13835,2,2,2,2,1,heartbeat,0,7.06,-0.91,9999.0,30.0,0,ttc_capped,0.0013,table,1,37.496674,126.957901,0.191,0.0,1,37.496639,126.957916,0.238,0.0,2.56,-6.58
1786957465.776,13837,2,2,2,2,1,heartbeat,0,7.08,-0.82,9999.0,30.0,0,ttc_capped,0.0013,table,1,37.49667,126.957901,0.212,0.0,1,37.496639,126.957916,0.238,0.0,2.53,-6.61
1786957465.984,13839,2,2,2,2,1,heartbeat,0,7.05,-0.72,9999.0,30.0,0,ttc_capped,0.0013,table,1,37.496666,126.957901,0.232,0.0,1,37.496639,126.957916,0.238,0.0,2.51,-6.59
1786957466.194,13841,2,2,2,2,1,heartbeat,0,7.0,-0.61,9999.0,30.0,0,ttc_capped,0.0013,table,1,37.496666,126.957901,0.248,0.0,1,37.496639,126.957916,0.238,0.0,2.49,-6.55
1786957466.299,13842,0,0,2,2,1,change,0,6.97,-0.57,9999.0,30.0,0,ttc_capped,0.0013,table,1,37.496666,126.957901,0.249,0.0,1,37.496639,126.957916,0.238,0.0,2.47,-6.52
1786957466.51,13844,0,0,0,0,1,heartbeat,0,6.89,-0.48,9999.0,30.0,0,ttc_capped,0.0013,table,1,37.496662,126.957901,0.229,0.0,1,37.496639,126.957916,0.345,0.0,2.45,-6.44
1786957466.723,13846,0,0,0,0,1,heartbeat,0,6.8,-0.39,9999.0,30.0,0,ttc_capped,0.0013,table,1,37.496662,126.957901,0.219,0.0,1,37.496639,126.957916,0.345,0.0,2.43,-6.35
1786957466.928,13847,0,0,0,0,1,heartbeat,0,6.7,-0.29,9999.0,30.0,0,ttc_capped,0.0008,table,1,37.496662,126.957901,0.23,0.0,1,37.496639,126.957916,0.345,0.0,2.42,-6.25
1786957467.134,13849,0,0,0,0,1,heartbeat,0,6.61,-0.23,9999.0,30.0,0,ttc_capped,0.0008,table,1,37.496662,126.957901,0.242,0.0,1,37.496639,126.957916,0.345,0.0,2.4,-6.16
1786957467.338,13851,0,0,0,0,1,heartbeat,0,6.57,-0.31,9999.0,30.0,0,ttc_capped,0.0013,table,1,37.496662,126.957901,0.265,0.0,1,37.496639,126.957909,0.409,195.66,2.21,-6.19
1786957467.562,13854,0,0,0,0,1,heartbeat,0,6.51,-0.33,9999.0,30.0,0,ttc_capped,0.0013,table,1,37.496662,126.957901,0.293,0.0,1,37.496635,126.957909,0.409,195.66,2.09,-6.16
1786957467.774,13856,0,0,0,0,1,heartbeat,0,6.51,-0.34,9999.0,30.0,0,ttc_capped,0.0013,table,1,37.496662,126.957893,0.307,0.0,1,37.496635,126.957909,0.409,195.66,2.02,-6.19
1786957467.987,13858,0,0,0,0,1,heartbeat,0,6.5,-0.34,9999.0,30.0,0,ttc_capped,0.0013,table,1,37.496662,126.957893,0.328,212.71,1,37.496635,126.957909,0.409,195.66,1.96,-6.2
1786957468.197,13860,0,0,0,0,1,heartbeat,0,6.5,-0.34,9999.0,30.0,0,ttc_capped,0.0013,table,1,37.496662,126.957893,0.334,213.21,1,37.496635,126.957909,0.409,195.66,1.91,-6.21
1786957468.407,13862,0,0,0,0,1,heartbeat,0,6.49,-0.34,9999.0,30.0,0,ttc_capped,0.0013,table,1,37.496662,126.957893,0.356,214.88,1,37.496635,126.957909,0.377,195.66,1.86,-6.22
1786957468.617,13864,0,0,0,0,1,heartbeat,0,6.49,-0.33,9999.0,30.0,0,ttc_capped,0.0013,table,1,37.496666,126.957886,0.355,214.74,1,37.496635,126.957909,0.377,195.66,1.83,-6.23
1786957468.829,13866,0,0,0,0,1,heartbeat,0,6.48,-0.31,9999.0,30.0,0,ttc_capped,0.0013,table,1,37.496666,126.957886,0.349,214.74,1,37.496635,126.957909,0.377,195.66,1.8,-6.23
1786957469.044,13868,0,0,0,0,1,heartbeat,0,6.46,-0.28,9999.0,30.0,0,ttc_capped,0.0013,table,1,37.49667,126.957886,0.348,214.74,1,37.496635,126.957909,0.377,195.66,1.77,-6.21
1786957469.252,13870,0,0,0,0,1,heartbeat,0,6.42,-0.23,9999.0,30.0,0,ttc_capped,0.0013,table,1,37.49667,126.957886,0.363,214.74,1,37.496635,126.957909,0.377,195.66,1.74,-6.18
1786957469.46,13872,0,0,0,0,1,heartbeat,0,6.39,-0.24,9999.0,30.0,0,ttc_capped,0.0013,table,1,37.49667,126.957878,0.38,214.74,1,37.496635,126.957901,0.469,223.56,1.54,-6.2
1786957469.669,13874,0,0,0,0,1,heartbeat,0,6.36,-0.25,9999.0,30.0,0,ttc_capped,0.0013,table,1,37.49667,126.957878,0.407,214.74,1,37.496635,126.957901,0.469,223.56,1.45,-6.19
1786957469.88,13876,0,0,0,0,1,heartbeat,0,6.35,-0.26,9999.0,30.0,0,ttc_capped,0.0013,table,1,37.496674,126.957878,0.447,214.74,1,37.496635,126.957901,0.469,223.56,1.36,-6.2
1786957470.089,13877,0,0,0,0,1,heartbeat,0,6.32,-0.26,9999.0,30.0,0,ttc_capped,0.0013,table,1,37.496674,126.957878,0.447,0.0,1,37.496635,126.957901,0.469,223.56,1.27,-6.2
1786957470.291,13879,0,0,0,0,1,heartbeat,0,6.33,-0.27,9999.0,30.0,0,ttc_capped,0.0013,table,1,37.496674,126.95787,0.441,0.0,1,37.496632,126.957901,0.394,223.56,1.22,-6.21
1786957470.491,13881,0,0,0,0,1,heartbeat,0,6.34,-0.26,9999.0,30.0,0,ttc_capped,0.0013,table,1,37.496674,126.95787,0.424,186.07,1,37.496632,126.957901,0.394,223.56,1.18,-6.23
1786957470.694,13883,0,0,0,0,1,heartbeat,0,6.36,-0.25,9999.0,30.0,0,ttc_capped,0.0013,table,1,37.496674,126.95787,0.328,186.07,1,37.496632,126.957901,0.394,223.56,1.14,-6.25
1786957470.9,13885,0,0,0,0,1,heartbeat,0,6.36,-0.23,9999.0,30.0,0,ttc_capped,0.0013,table,1,37.496674,126.95787,0.287,179.65,1,37.496632,126.957901,0.394,223.56,1.11,-6.26
1786957471.152,13888,0,0,0,0,1,heartbeat,0,6.35,-0.19,9999.0,30.0,0,ttc_capped,0.0013,table,1,37.496674,126.95787,0.251,168.08,1,37.496632,126.957901,0.394,223.56,1.09,-6.25
1786957471.358,13890,0,0,0,0,1,heartbeat,0,6.31,-0.15,9999.0,30.0,0,ttc_capped,0.0014,table,1,37.496674,126.95787,0.203,165.55,1,37.496632,126.957901,0.269,223.56,1.08,-6.22
1786957471.568,13892,0,0,0,0,1,heartbeat,0,6.26,-0.09,9999.0,30.0,0,ttc_capped,0.0014,table,1,37.496674,126.95787,0.172,165.55,1,37.496632,126.957901,0.269,223.56,1.09,-6.17
1786957471.78,13894,0,0,0,0,1,heartbeat,0,6.21,-0.04,9999.0,30.0,0,ttc_capped,0.0017,table,1,37.496677,126.95787,0.133,165.55,1,37.496632,126.957901,0.269,223.56,1.12,-6.11
1786957471.987,13896,0,0,0,0,1,heartbeat,0,6.15,0.01,776.42,13.78,0,ttc_capped,0.016,table,1,37.496677,126.95787,0.101,165.55,1,37.496632,126.957901,0.269,223.56,1.15,-6.04
1786957472.204,13898,0,0,0,0,1,heartbeat,0,6.09,0.04,137.36,16.26,0,ttc_capped,0.0208,table,1,37.496677,126.95787,0.087,165.55,1,37.496632,126.957901,0.269,223.56,1.2,-5.97
1786957472.409,13900,0,0,0,0,1,heartbeat,0,6.04,0.07,86.74,23.67,0,ttc_capped,0.0402,table,1,37.496677,126.95787,0.071,136.77,1,37.496632,126.957901,0.16,223.56,1.25,-5.91
1786957472.622,13902,0,0,0,0,1,heartbeat,0,6.0,0.08,70.86,33.0,0,ttc_capped,0.0151,table,1,37.496677,126.957863,0.102,136.77,1,37.496632,126.957901,0.16,223.56,1.31,-5.85
1786957472.831,13904,0,0,0,0,1,heartbeat,0,5.96,0.09,65.34,33.0,0,ttc_capped,0.0151,table,1,37.496677,126.957863,0.115,136.77,1,37.496632,126.957901,0.16,223.56,1.37,-5.8
1786957473.036,13906,0,0,0,0,1,heartbeat,0,5.94,0.09,64.81,33.0,0,ttc_capped,0.0151,table,1,37.496677,126.957863,0.098,136.77,1,37.496632,126.957901,0.16,223.56,1.43,-5.77
1786957473.245,13908,0,0,0,0,1,heartbeat,0,5.92,0.09,67.47,33.0,0,ttc_capped,0.0151,table,1,37.496674,126.957863,0.08,136.77,1,37.496632,126.957901,0.16,223.56,1.48,-5.73
1786957473.455,13910,0,0,0,0,1,heartbeat,0,5.85,0.12,50.72,25.17,0,ttc_capped,0.0388,table,1,37.496674,126.957863,0.065,136.77,1,37.496632,126.957893,0.111,223.56,1.31,-5.7
1786957473.663,13912,0,0,0,0,1,heartbeat,0,5.79,0.13,46.19,20.16,0,ttc_capped,0.0356,table,1,37.496674,126.957863,0.062,136.77,1,37.496632,126.957893,0.111,223.56,1.18,-5.67
1786957473.872,13914,0,0,0,0,1,heartbeat,0,5.75,0.12,46.13,18.73,0,ttc_capped,0.0349,table,1,37.496674,126.957863,0.074,0.0,1,37.496632,126.957893,0.111,223.56,1.08,-5.65
1786957474.083,13916,0,0,0,0,1,heartbeat,0,5.72,0.12,48.67,18.11,0,ttc_capped,0.0349,table,1,37.496674,126.957863,0.086,0.0,1,37.496632,126.957893,0.111,223.56,1.01,-5.63
1786957474.294,13918,0,0,0,0,1,heartbeat,0,5.69,0.11,53.28,17.8,0,ttc_capped,0.0349,table,1,37.496674,126.957863,0.094,0.0,1,37.496632,126.957893,0.111,223.56,0.96,-5.61
1786957474.506,13920,0,0,0,0,1,heartbeat,0,5.68,0.09,59.83,17.62,0,ttc_capped,0.0349,table,1,37.496674,126.957863,0.102,163.6,1,37.496632,126.957893,0.091,223.56,0.93,-5.6
1786957474.728,13921,0,0,0,0,1,heartbeat,0,5.67,0.08,74.29,17.37,0,ttc_capped,0.0273,table,1,37.496674,126.957863,0.102,163.37,1,37.496632,126.957893,0.091,223.56,0.92,-5.6
1786957474.931,13924,0,0,0,0,1,heartbeat,0,5.65,0.07,80.19,17.44,0,ttc_capped,0.0273,table,1,37.496674,126.957863,0.105,163.41,1,37.496632,126.957893,0.091,223.56,0.93,-5.57
1786957475.136,13925,0,0,0,0,1,heartbeat,0,5.65,0.05,104.45,17.29,0,ttc_capped,0.0284,table,1,37.496674,126.957855,0.104,163.41,1,37.496632,126.957893,0.091,223.56,0.96,-5.57
1786957475.353,13928,0,0,0,0,1,heartbeat,0,5.64,0.05,124.17,17.31,0,ttc_capped,0.005,table,1,37.496674,126.957855,0.1,163.41,1,37.496632,126.957893,0.125,223.56,1.02,-5.55
1786957475.557,13930,0,0,0,0,1,heartbeat,0,5.65,0.04,153.93,17.25,0,ttc_capped,0.005,table,1,37.496677,126.957855,0.103,163.41,1,37.496632,126.957893,0.125,223.56,1.06,-5.54
1786957475.769,13932,0,0,0,0,1,heartbeat,0,5.65,0.03,195.94,17.18,0,ttc_capped,0.0107,table,1,37.496677,126.957855,0.101,163.41,1,37.496632,126.957893,0.125,223.56,1.1,-5.54
1786957475.981,13934,0,0,0,0,1,heartbeat,0,5.65,0.02,259.17,17.1,0,ttc_capped,0.0107,table,1,37.496677,126.957855,0.093,163.41,1,37.496632,126.957893,0.125,223.56,1.15,-5.53
1786957476.197,13936,0,0,0,0,1,heartbeat,0,5.65,0.02,363.11,17.0,0,ttc_capped,0.0027,table,1,37.496677,126.957855,0.091,163.41,1,37.496632,126.957893,0.125,223.56,1.2,-5.53
1786957476.403,13938,0,0,0,0,1,heartbeat,0,5.66,0.01,564.66,16.82,0,ttc_capped,0.0027,table,1,37.496681,126.957855,0.084,163.41,1,37.496632,126.957893,0.13,223.56,1.25,-5.52
1786957476.613,13940,0,0,0,0,1,heartbeat,0,5.68,0.01,1037.71,16.57,0,ttc_capped,0.0027,table,1,37.496681,126.957848,0.078,0.0,1,37.496632,126.957893,0.13,223.56,1.31,-5.52
1786957476.825,13942,0,0,0,0,1,heartbeat,0,5.69,0.0,3105.7,16.26,0,ttc_capped,0.0027,table,1,37.496681,126.957848,0.073,0.0,1,37.496632,126.957893,0.13,223.56,1.36,-5.52
1786957477.036,13944,0,0,0,0,1,heartbeat,0,5.7,-0.0,9999.0,30.0,0,ttc_capped,0.0049,table,1,37.496681,126.957848,0.071,0.0,1,37.496632,126.957893,0.13,223.56,1.42,-5.52
1786957477.247,13946,0,0,0,0,1,heartbeat,0,5.72,-0.0,9999.0,30.0,0,ttc_capped,0.0049,table,1,37.496681,126.957848,0.073,0.0,1,37.496632,126.957893,0.13,223.56,1.47,-5.52
1786957477.46,13948,0,0,0,0,1,heartbeat,0,5.73,-0.01,9999.0,30.0,0,ttc_capped,0.0049,table,1,37.496685,126.957848,0.06,0.0,1,37.496632,126.957893,0.139,223.56,1.52,-5.53
1786957477.673,13949,0,0,0,0,1,heartbeat,0,5.74,-0.01,9999.0,30.0,0,ttc_capped,0.015,table,1,37.496685,126.957848,0.06,0.0,1,37.496632,126.957893,0.139,223.56,1.56,-5.53
1786957477.876,13951,0,0,0,0,1,heartbeat,0,5.76,-0.01,9999.0,30.0,0,ttc_capped,0.015,table,1,37.496685,126.957848,0.054,175.11,1,37.496632,126.957893,0.139,223.56,1.6,-5.54
1786957478.083,13953,0,0,0,0,1,heartbeat,0,5.79,-0.01,9999.0,30.0,0,ttc_capped,0.0205,table,1,37.496685,126.95784,0.047,175.84,1,37.496632,126.957893,0.139,223.56,1.66,-5.54
1786957478.284,13955,0,0,0,0,1,heartbeat,0,5.73,0.05,116.46,26.5,0,ttc_capped,0.0274,table,1,37.496685,126.95784,0.049,176.13,1,37.496635,126.957886,0.111,223.56,1.62,-5.5
1786957478.487,13957,0,0,0,0,1,heartbeat,0,5.63,0.13,41.99,25.43,0,ttc_capped,0.0349,table,1,37.496685,126.95784,0.061,176.13,1,37.496635,126.957886,0.111,223.56,1.52,-5.42
1786957478.691,13959,1,1,0,0,1,change,0,5.55,0.19,29.47,25.28,1,table,0.0349,table,1,37.496689,126.95784,0.081,176.13,1,37.496635,126.957886,0.111,223.56,1.44,-5.36
1786957478.895,13961,1,1,1,1,1,heartbeat,0,5.49,0.22,25.04,25.26,1,table,0.0381,table,1,37.496689,126.95784,0.081,176.13,1,37.496635,126.957886,0.111,223.56,1.38,-5.32
1786957479.111,13963,1,1,1,1,1,heartbeat,0,5.45,0.23,23.46,25.3,1,table,0.0381,table,1,37.496689,126.957832,0.091,176.13,1,37.496635,126.957886,0.111,223.56,1.35,-5.28
1786957479.317,13965,1,1,1,1,1,heartbeat,0,5.43,0.23,23.36,25.37,1,table,0.0381,table,1,37.496689,126.957832,0.118,176.13,1,37.496635,126.957886,0.102,223.56,1.35,-5.26
1786957479.517,13967,1,1,1,1,1,heartbeat,0,5.43,0.22,24.28,25.44,1,table,0.0381,table,1,37.496689,126.957832,0.14,176.13,1,37.496635,126.957886,0.102,223.56,1.36,-5.25
1786957479.719,13969,1,1,1,1,1,heartbeat,0,5.43,0.21,26.11,25.51,1,table,0.0369,table,1,37.496689,126.957832,0.131,175.52,1,37.496635,126.957886,0.102,223.56,1.39,-5.25
1786957479.919,13971,1,1,1,1,1,heartbeat,0,5.44,0.19,28.89,25.58,1,table,0.0126,table,1,37.496689,126.957832,0.119,175.85,1,37.496635,126.957886,0.102,223.56,1.43,-5.25
1786957480.131,13973,1,1,1,1,1,heartbeat,0,5.46,0.17,32.92,25.66,0,ttc_capped,0.0126,table,1,37.496689,126.957832,0.104,176.18,1,37.496635,126.957886,0.102,223.56,1.47,-5.26
1786957480.339,13975,1,1,1,1,1,heartbeat,0,5.49,0.14,38.53,25.74,0,ttc_capped,0.0126,table,1,37.496689,126.957832,0.104,176.25,1,37.496635,126.957886,0.097,223.56,1.53,-5.27
1786957480.551,13977,1,1,1,1,1,heartbeat,0,5.51,0.12,46.42,25.81,0,ttc_capped,0.0126,table,1,37.496689,126.957832,0.102,176.25,1,37.496635,126.957886,0.097,223.56,1.58,-5.28
1786957480.755,13979,1,1,1,1,1,heartbeat,0,5.55,0.1,57.53,25.89,0,ttc_capped,0.0126,table,1,37.496689,126.957832,0.093,177.22,1,37.496635,126.957886,0.097,223.56,1.64,-5.3
1786957480.963,13981,1,1,1,1,1,heartbeat,0,5.59,0.08,74.02,25.95,0,ttc_capped,0.0126,table,1,37.496693,126.957825,0.084,177.22,1,37.496635,126.957886,0.097,223.56,1.72,-5.32
1786957481.171,13983,1,1,1,1,1,heartbeat,0,5.64,0.06,98.74,26.03,0,ttc_capped,0.0098,table,1,37.496693,126.957825,0.092,177.22,1,37.496635,126.957886,0.097,223.56,1.79,-5.35
1786957481.377,13985,1,1,1,1,1,heartbeat,0,5.5,0.17,31.51,27.13,0,ttc_capped,0.0262,table,1,37.496693,126.957825,0.091,176.96,1,37.496639,126.957878,0.108,223.56,1.66,-5.25
1786957481.585,13987,1,1,1,1,1,heartbeat,0,5.39,0.25,21.57,27.39,1,table,0.0363,table,1,37.496693,126.957825,0.093,176.74,1,37.496639,126.957878,0.108,223.56,1.56,-5.16
1786957481.795,13989,1,1,1,1,1,heartbeat,0,5.31,0.29,18.15,27.55,1,table,0.0349,table,1,37.496693,126.957825,0.077,176.84,1,37.496639,126.957878,0.108,223.56,1.49,-5.1
1786957482.009,13991,1,1,1,1,1,heartbeat,0,5.26,0.31,16.93,27.68,1,table,0.0381,table,1,37.496693,126.957825,0.064,177.18,1,37.496639,126.957878,0.108,223.56,1.45,-5.05
1786957482.213,13993,1,1,1,1,1,heartbeat,0,5.23,0.31,16.84,27.8,1,table,0.0381,table,1,37.496693,126.957825,0.062,177.04,1,37.496639,126.957878,0.108,223.56,1.43,-5.03
1786957482.415,13995,1,1,1,1,1,heartbeat,0,5.21,0.3,17.41,27.9,1,table,0.008,table,1,37.496693,126.957825,0.06,175.69,1,37.496639,126.957878,0.118,223.56,1.43,-5.01
1786957482.621,13997,1,1,1,1,1,heartbeat,0,5.21,0.28,18.65,28.0,1,table,0.0123,table,1,37.496693,126.957825,0.057,174.05,1,37.496639,126.957878,0.118,223.56,1.45,-5.0
1786957482.825,13999,1,1,1,1,1,heartbeat,0,5.22,0.25,20.58,28.1,1,table,0.0137,table,1,37.496693,126.957825,0.063,173.93,1,37.496639,126.957878,0.118,223.56,1.48,-5.0
1786957483.031,14001,1,1,1,1,1,heartbeat,0,5.24,0.22,23.35,28.19,1,table,0.0137,table,1,37.496693,126.957825,0.079,173.93,1,37.496639,126.957878,0.118,223.56,1.52,-5.01
1786957483.245,14003,1,1,1,1,1,heartbeat,0,5.26,0.19,27.24,28.29,1,table,0.0137,table,1,37.496693,126.957825,0.093,173.93,1,37.496639,126.957878,0.118,223.56,1.57,-5.02
1786957483.453,14005,1,1,1,1,1,heartbeat,0,5.3,0.16,32.61,28.39,0,ttc_capped,0.0137,table,1,37.496693,126.957825,0.093,174.42,1,37.496639,126.957878,0.085,223.56,1.62,-5.04
1786957483.665,14007,1,1,1,1,1,heartbeat,0,5.33,0.13,40.06,28.49,0,ttc_capped,0.0137,table,1,37.496693,126.957825,0.084,174.42,1,37.496639,126.957878,0.085,223.56,1.68,-5.06
1786957483.877,14009,1,1,1,1,1,heartbeat,0,5.37,0.11,50.68,28.59,0,ttc_capped,0.0137,table,1,37.496693,126.957825,0.078,174.42,1,37.496639,126.957878,0.085,223.56,1.74,-5.08
1786957484.087,14011,1,1,1,1,1,heartbeat,0,5.42,0.08,66.42,28.71,0,ttc_capped,0.0137,table,1,37.496693,126.957825,0.072,174.46,1,37.496639,126.957878,0.085,223.56,1.8,-5.11
1786957484.298,14013,1,1,1,1,1,heartbeat,0,5.46,0.06,91.04,28.85,0,ttc_capped,0.0137,table,1,37.496693,126.957825,0.076,174.94,1,37.496639,126.957878,0.085,223.56,1.87,-5.13
1786957484.51,14015,1,1,1,1,1,heartbeat,0,5.5,0.04,133.41,29.02,0,ttc_capped,0.0107,table,1,37.496693,126.957825,0.074,175.28,1,37.496639,126.957878,0.114,223.56,1.93,-5.15
1786957484.718,14017,1,1,1,1,1,heartbeat,0,5.54,0.03,217.35,29.29,0,ttc_capped,0.0107,table,1,37.496693,126.957825,0.074,175.22,1,37.496639,126.957878,0.114,223.56,1.99,-5.18
1786957484.925,14019,1,1,1,1,1,heartbeat,0,5.59,0.01,436.5,29.89,0,ttc_capped,0.0107,table,1,37.496693,126.957825,0.075,175.22,1,37.496639,126.957878,0.114,223.56,2.05,-5.2
1786957485.133,14021,1,1,1,1,1,heartbeat,0,5.63,0.0,1957.92,33.0,0,ttc_capped,0.0118,table,1,37.496693,126.957825,0.079,175.22,1,37.496639,126.957878,0.114,223.56,2.1,-5.22
1786957485.337,14023,1,1,1,1,1,heartbeat,0,5.62,0.02,225.82,18.17,0,ttc_capped,0.0078,table,1,37.496693,126.957825,0.08,174.56,1,37.496639,126.95787,0.209,223.56,2.04,-5.24
1786957485.444,14024,0,0,1,1,1,change,0,5.61,0.04,124.64,18.17,0,ttc_capped,0.0078,table,1,37.496693,126.957817,0.081,174.68,1,37.496639,126.95787,0.209,223.56,1.97,-5.25
1786957485.653,14026,0,0,0,1,1,heartbeat,0,5.58,0.07,77.6,18.11,0,ttc_capped,0.0053,table,1,37.496693,126.957817,0.076,174.69,1,37.496639,126.95787,0.209,223.56,1.86,-5.27
1786957485.858,14028,0,0,0,0,1,heartbeat,0,5.57,0.09,64.73,18.04,0,ttc_capped,0.0072,table,1,37.496693,126.957817,0.066,177.76,1,37.496639,126.95787,0.209,223.56,1.77,-5.28
1786957486.067,14030,0,0,0,0,1,heartbeat,0,5.57,0.09,60.7,17.97,0,ttc_capped,0.0369,table,1,37.496693,126.957817,0.062,178.62,1,37.496639,126.95787,0.209,223.56,1.72,-5.3
1786957486.275,14032,0,0,0,0,1,heartbeat,0,5.57,0.09,60.56,17.9,0,ttc_capped,0.0436,table,1,37.496693,126.957817,0.064,178.62,1,37.496639,126.95787,0.209,223.56,1.69,-5.31
1786957486.483,14034,0,0,0,0,1,heartbeat,0,5.58,0.09,62.87,17.83,0,ttc_capped,0.0436,table,1,37.496693,126.957817,0.072,178.62,1,37.496639,126.95787,0.218,223.56,1.68,-5.32
1786957486.704,14036,0,0,0,0,1,heartbeat,0,5.6,0.08,67.34,17.76,0,ttc_capped,0.0369,table,1,37.496693,126.957817,0.079,178.62,1,37.496639,126.95787,0.218,223.56,1.69,-5.34
1786957486.925,14038,0,0,0,0,1,heartbeat,0,5.62,0.07,77.59,17.69,0,ttc_capped,0.0024,table,1,37.496693,126.957817,0.079,178.62,1,37.496639,126.95787,0.218,223.56,1.73,-5.35
1786957487.141,14040,0,0,0,0,1,heartbeat,0,5.65,0.06,87.69,17.62,0,ttc_capped,0.0024,table,1,37.496693,126.957817,0.073,178.62,1,37.496639,126.95787,0.218,223.56,1.77,-5.36
1786957487.343,14042,0,0,0,0,1,heartbeat,0,5.67,0.06,101.71,17.55,0,ttc_capped,0.0013,table,1,37.496693,126.957817,0.065,178.62,1,37.496639,126.95787,0.235,223.56,1.82,-5.37
1786957487.616,14044,0,0,0,0,1,heartbeat,0,5.7,0.04,132.34,17.48,0,ttc_capped,0.0053,table,1,37.496693,126.957817,0.057,0.0,1,37.496639,126.95787,0.235,223.56,1.88,-5.38
1786957487.816,14046,0,0,0,0,1,heartbeat,0,5.73,0.04,162.46,17.41,0,ttc_capped,0.0078,table,1,37.496693,126.957817,0.05,0.0,1,37.496639,126.95787,0.235,223.56,1.93,-5.39
1786957488.024,14048,0,0,0,0,1,heartbeat,0,5.76,0.03,207.24,17.34,0,ttc_capped,0.0078,table,1,37.496693,126.957817,0.045,0.0,1,37.496639,126.95787,0.235,223.56,1.99,-5.4
1786957488.233,14050,0,0,0,0,1,heartbeat,0,5.75,0.04,131.31,17.46,0,ttc_capped,0.025,table,1,37.496693,126.957817,0.045,0.0,1,37.496639,126.957863,0.233,223.56,1.95,-5.41
1786957488.486,14053,0,0,0,0,1,heartbeat,0,5.74,0.07,80.93,17.47,0,ttc_capped,0.0078,table,1,37.496693,126.957817,0.037,0.0,1,37.496639,126.957863,0.233,223.56,1.86,-5.43
1786957488.696,14055,0,0,0,0,1,heartbeat,0,5.72,0.09,67.01,17.46,0,ttc_capped,0.0053,table,1,37.496693,126.957817,0.031,0.0,1,37.496639,126.957863,0.233,223.56,1.78,-5.44
1786957488.908,14057,0,0,0,0,1,heartbeat,0,5.71,0.09,62.43,17.42,0,ttc_capped,0.0273,table,1,37.496693,126.957817,0.028,0.0,1,37.496639,126.957863,0.233,223.56,1.72,-5.45
1786957489.117,14059,0,0,0,0,1,heartbeat,0,5.71,0.09,62.01,17.39,0,ttc_capped,0.0369,table,1,37.496693,126.957817,0.023,0.0,1,37.496639,126.957863,0.233,223.56,1.68,-5.45
1786957489.329,14061,0,0,0,0,1,heartbeat,0,5.71,0.09,64.46,17.34,0,ttc_capped,0.0273,table,1,37.496693,126.957817,0.021,0.0,1,37.496639,126.957863,0.217,223.56,1.67,-5.46
1786957489.539,14063,0,0,0,0,1,heartbeat,0,5.73,0.08,69.27,17.27,0,ttc_capped,0.0273,table,1,37.496696,126.957817,0.017,0.0,1,37.496639,126.957863,0.217,223.56,1.67,-5.48
1786957489.75,14065,0,0,0,0,1,heartbeat,0,5.75,0.08,76.0,17.19,0,ttc_capped,0.0273,table,1,37.496696,126.957817,0.02,0.0,1,37.496639,126.957863,0.217,223.56,1.69,-5.49
1786957489.963,14067,0,0,0,0,1,heartbeat,0,5.77,0.07,85.51,17.12,0,ttc_capped,0.0273,table,1,37.496696,126.957817,0.02,0.0,1,37.496639,126.957863,0.217,223.56,1.71,-5.51
1786957490.171,14068,0,0,0,0,1,heartbeat,0,5.79,0.05,106.69,17.09,0,ttc_capped,0.0053,table,1,37.496696,126.957817,0.013,0.0,1,37.496639,126.957863,0.217,223.56,1.75,-5.51
1786957490.371,14070,0,0,0,0,1,heartbeat,0,5.81,0.05,126.31,17.01,0,ttc_capped,0.0053,table,1,37.496696,126.957817,0.01,0.0,1,37.496639,126.957863,0.24,223.56,1.79,-5.53
1786957490.574,14072,0,0,0,0,1,heartbeat,0,5.84,0.04,153.46,16.94,0,ttc_capped,0.0298,table,1,37.496696,126.957817,0.012,0.0,1,37.496639,126.957863,0.24,223.56,1.84,-5.54
1786957490.814,14075,0,0,0,0,1,heartbeat,0,5.88,0.03,191.29,16.83,0,ttc_capped,0.0027,table,1,37.496696,126.957817,0.01,0.0,1,37.496639,126.957863,0.24,223.56,1.9,-5.56
1786957491.02,14077,0,0,0,0,1,heartbeat,0,5.9,0.02,248.41,16.76,0,ttc_capped,0.0027,table,1,37.496696,126.957817,0.014,0.0,1,37.496639,126.957863,0.24,223.56,1.94,-5.57
1786957491.23,14079,0,0,0,0,1,heartbeat,0,5.93,0.02,340.62,16.67,0,ttc_capped,0.0027,table,1,37.496696,126.957809,0.014,0.0,1,37.496639,126.957863,0.24,223.56,1.99,-5.59
1786957491.44,14081,0,0,0,0,1,heartbeat,0,5.96,0.01,498.35,16.58,0,ttc_capped,0.0027,table,1,37.496696,126.957809,0.018,0.0,1,37.496639,126.957863,0.228,223.56,2.05,-5.6
1786957491.652,14083,0,0,0,0,1,heartbeat,0,6.0,0.01,816.89,16.47,0,ttc_capped,0.0027,table,1,37.496696,126.957809,0.028,0.0,1,37.496639,126.957863,0.228,223.56,2.11,-5.61
1786957491.864,14085,0,0,0,0,1,heartbeat,0,6.03,0.0,1809.04,16.05,0,ttc_capped,0.0027,table,1,37.4967,126.957809,0.04,0.0,1,37.496639,126.957863,0.228,223.56,2.16,-5.63
1786957492.074,14087,0,0,0,0,1,heartbeat,0,5.99,0.05,121.94,16.34,0,ttc_capped,0.0053,table,1,37.4967,126.957809,0.055,0.0,1,37.496639,126.957855,0.228,223.56,2.01,-5.65
1786957492.286,14089,0,0,0,0,1,heartbeat,0,5.97,0.08,78.48,16.26,0,ttc_capped,0.0273,table,1,37.4967,126.957809,0.088,0.0,1,37.496639,126.957855,0.228,223.56,1.88,-5.67
1786957492.498,14091,0,0,0,0,1,heartbeat,0,5.96,0.09,66.23,16.16,0,ttc_capped,0.0273,table,1,37.4967,126.957809,0.095,0.0,1,37.496639,126.957855,0.178,223.56,1.79,-5.69
1786957492.709,14093,0,0,0,0,1,heartbeat,0,5.96,0.1,62.6,16.07,0,ttc_capped,0.0369,table,1,37.4967,126.957809,0.083,0.0,1,37.496639,126.957855,0.178,223.56,1.72,-5.7
1786957492.91,14094,0,0,0,0,1,heartbeat,0,5.95,0.09,63.56,16.02,0,ttc_capped,0.0293,table,1,37.4967,126.957809,0.083,0.0,1,37.496639,126.957855,0.178,223.56,1.67,-5.71
1786957493.123,14096,0,0,0,0,1,heartbeat,0,5.97,0.09,67.39,15.92,0,ttc_capped,0.0369,table,1,37.4967,126.957809,0.048,0.0,1,37.496639,126.957855,0.178,223.56,1.66,-5.73
1786957493.324,14098,0,0,0,0,1,heartbeat,0,6.11,-0.01,9999.0,30.0,0,ttc_capped,0.0017,table,1,37.4967,126.957809,0.035,0.0,1,37.496635,126.957855,0.135,223.56,1.66,-5.87
1786957493.527,14100,0,0,0,0,1,heartbeat,0,6.23,-0.08,9999.0,30.0,0,ttc_capped,0.0017,table,1,37.4967,126.957809,0.046,0.0,1,37.496635,126.957855,0.135,223.56,1.68,-6.0
1786957493.727,14102,0,0,0,0,1,heartbeat,0,6.33,-0.13,9999.0,30.0,0,ttc_capped,0.0014,table,1,37.4967,126.957809,0.075,0.0,1,37.496635,126.957855,0.135,223.56,1.71,-6.1
1786957493.929,14104,0,0,0,0,1,heartbeat,0,6.43,-0.16,9999.0,30.0,0,ttc_capped,0.0012,table,1,37.4967,126.957809,0.099,0.0,1,37.496635,126.957855,0.135,223.56,1.75,-6.18
1786957494.135,14105,0,0,0,0,1,heartbeat,0,6.49,-0.17,9999.0,30.0,0,ttc_capped,0.0013,table,1,37.4967,126.957809,0.099,0.0,1,37.496635,126.957855,0.135,223.56,1.77,-6.24
1786957494.337,14108,0,0,0,0,1,heartbeat,0,6.56,-0.17,9999.0,30.0,0,ttc_capped,0.0007,table,1,37.4967,126.957809,0.107,0.0,1,37.496635,126.957855,0.114,223.56,1.82,-6.3
1786957494.539,14110,0,0,0,0,1,heartbeat,0,6.61,-0.17,9999.0,30.0,0,ttc_capped,0.0007,table,1,37.4967,126.957809,0.104,0.0,1,37.496635,126.957855,0.114,223.56,1.86,-6.34
1786957494.739,14112,0,0,0,0,1,heartbeat,0,6.66,-0.16,9999.0,30.0,0,ttc_capped,0.0008,table,1,37.4967,126.957809,0.094,0.0,1,37.496635,126.957855,0.114,223.56,1.91,-6.38
1786957494.951,14114,0,0,0,0,1,heartbeat,0,6.7,-0.14,9999.0,30.0,0,ttc_capped,0.0008,table,1,37.4967,126.957809,0.072,0.0,1,37.496635,126.957855,0.114,223.56,1.96,-6.4
1786957495.157,14116,0,0,0,0,1,heartbeat,0,6.73,-0.13,9999.0,30.0,0,ttc_capped,0.0008,table,1,37.4967,126.957809,0.056,0.0,1,37.496635,126.957855,0.114,223.56,2.01,-6.42
1786957495.369,14118,0,0,0,0,1,heartbeat,0,6.76,-0.11,9999.0,30.0,0,ttc_capped,0.0008,table,1,37.4967,126.957809,0.049,0.0,1,37.496635,126.957855,0.129,223.56,2.05,-6.44
1786957495.577,14120,0,0,0,0,1,heartbeat,0,6.78,-0.09,9999.0,30.0,0,ttc_capped,0.0008,table,1,37.4967,126.957809,0.043,0.0,1,37.496635,126.957855,0.129,223.56,2.1,-6.45
1786957495.779,14122,0,0,0,0,1,heartbeat,0,6.8,-0.08,9999.0,30.0,0,ttc_capped,0.0008,table,1,37.4967,126.957802,0.031,0.0,1,37.496635,126.957855,0.129,223.56,2.15,-6.46
1786957495.979,14124,0,0,0,0,1,heartbeat,0,6.83,-0.06,9999.0,30.0,0,ttc_capped,0.0008,table,1,37.4967,126.957802,0.035,0.0,1,37.496635,126.957855,0.129,223.56,2.2,-6.46
1786957496.189,14126,0,0,0,0,1,heartbeat,0,6.86,-0.05,9999.0,30.0,0,ttc_capped,0.0008,table,1,37.496704,126.957802,0.028,0.0,1,37.496635,126.957855,0.129,223.56,2.25,-6.48
1786957496.399,14128,0,0,0,0,1,heartbeat,0,6.88,-0.04,9999.0,30.0,0,ttc_capped,0.0008,table,1,37.496704,126.957802,0.031,0.0,1,37.496635,126.957855,0.126,223.56,2.3,-6.49
1786957496.611,14130,0,0,0,0,1,heartbeat,0,6.91,-0.03,9999.0,30.0,0,ttc_capped,0.0008,table,1,37.496704,126.957802,0.027,0.0,1,37.496635,126.957855,0.126,223.56,2.35,-6.5
1786957496.821,14132,0,0,0,0,1,heartbeat,0,6.94,-0.02,9999.0,30.0,0,ttc_capped,0.0008,table,1,37.496704,126.957802,0.018,0.0,1,37.496635,126.957855,0.126,223.56,2.39,-6.51
1786957497.033,14134,0,0,0,0,1,heartbeat,0,6.96,-0.01,9999.0,30.0,0,ttc_capped,0.0008,table,1,37.496704,126.957802,0.015,0.0,1,37.496635,126.957855,0.126,223.56,2.43,-6.53
1786957497.243,14136,0,0,0,0,1,heartbeat,0,6.99,-0.01,9999.0,30.0,0,ttc_capped,0.0013,table,1,37.496704,126.957802,0.014,0.0,1,37.496635,126.957855,0.126,223.56,2.47,-6.54
1786957497.467,14138,0,0,0,0,1,heartbeat,0,7.19,-0.12,9999.0,30.0,0,ttc_capped,0.0008,table,1,37.496704,126.957802,0.012,0.0,1,37.496632,126.957863,0.138,223.56,2.72,-6.65
1786957497.677,14140,0,0,0,0,1,heartbeat,0,7.36,-0.21,9999.0,30.0,0,ttc_capped,0.0008,table,1,37.496704,126.957802,0.013,0.0,1,37.496632,126.957863,0.138,223.56,2.93,-6.75
1786957497.88,14142,0,0,0,0,1,heartbeat,0,7.51,-0.26,9999.0,30.0,0,ttc_capped,0.0008,table,1,37.496704,126.957802,0.014,0.0,1,37.496632,126.957863,0.138,223.56,3.11,-6.83
1786957498.089,14144,0,0,0,0,1,heartbeat,0,7.63,-0.29,9999.0,30.0,0,ttc_capped,0.0008,table,1,37.496704,126.957802,0.013,0.0,1,37.496632,126.957863,0.138,223.56,3.26,-6.9
1786957498.3,14146,0,0,0,0,1,heartbeat,0,7.73,-0.3,9999.0,30.0,0,ttc_capped,0.0008,table,1,37.496704,126.957802,0.014,0.0,1,37.496632,126.957863,0.138,223.56,3.38,-6.96
1786957498.511,14148,0,0,0,0,1,heartbeat,0,7.82,-0.29,9999.0,30.0,0,ttc_capped,0.0008,table,1,37.496704,126.957802,0.016,0.0,1,37.496632,126.957863,0.154,223.56,3.47,-7.0
1786957498.722,14149,0,0,0,0,1,heartbeat,0,7.85,-0.26,9999.0,30.0,0,ttc_capped,0.0008,table,1,37.496704,126.957802,0.016,0.0,1,37.496632,126.957863,0.154,223.56,3.51,-7.02
1786957498.923,14151,0,0,0,0,1,heartbeat,0,7.9,-0.24,9999.0,30.0,0,ttc_capped,0.0011,table,1,37.496704,126.957802,0.028,0.0,1,37.496632,126.957863,0.154,223.56,3.56,-7.05
1786957499.126,14153,0,0,0,0,1,heartbeat,0,7.94,-0.21,9999.0,30.0,0,ttc_capped,0.0014,table,1,37.496704,126.957802,0.04,0.0,1,37.496632,126.957863,0.154,223.56,3.61,-7.07
1786957499.329,14155,0,0,0,0,1,heartbeat,0,7.97,-0.18,9999.0,30.0,0,ttc_capped,0.0014,table,1,37.496704,126.957802,0.037,0.0,1,37.496632,126.957863,0.154,223.56,3.64,-7.09
1786957499.531,14157,0,0,0,0,1,heartbeat,0,7.99,-0.15,9999.0,30.0,0,ttc_capped,0.0014,table,1,37.496704,126.957802,0.031,0.0,1,37.496632,126.957863,0.154,223.56,3.67,-7.1
1786957499.733,14159,0,0,0,0,1,heartbeat,0,8.02,-0.12,9999.0,30.0,0,ttc_capped,0.0014,table,1,37.496704,126.957802,0.026,0.0,1,37.496632,126.957863,0.154,223.56,3.69,-7.12
1786957499.943,14161,0,0,0,0,1,heartbeat,0,8.04,-0.1,9999.0,30.0,0,ttc_capped,0.0014,table,1,37.496704,126.957794,0.018,0.0,1,37.496632,126.957863,0.154,223.56,3.72,-7.13
1786957500.145,14163,0,0,0,0,1,heartbeat,0,8.06,-0.07,9999.0,30.0,0,ttc_capped,0.0014,table,1,37.496704,126.957794,0.017,0.0,1,37.496632,126.957863,0.154,223.56,3.74,-7.14
1786957500.349,14165,0,0,0,0,1,heartbeat,0,8.08,-0.05,9999.0,30.0,0,ttc_capped,0.0014,table,1,37.496704,126.957794,0.015,0.0,1,37.496632,126.957863,0.154,223.56,3.77,-7.15
1786957500.551,14167,0,0,0,0,1,heartbeat,0,8.1,-0.04,9999.0,30.0,0,ttc_capped,0.0014,table,1,37.4967,126.957794,0.013,0.0,1,37.496632,126.957863,0.154,223.56,3.8,-7.15
1786957500.751,14169,0,0,0,0,1,heartbeat,0,8.11,-0.02,9999.0,30.0,0,ttc_capped,0.0014,table,1,37.4967,126.957794,0.012,0.0,1,37.496632,126.957863,0.154,223.56,3.82,-7.15
1786957500.967,14171,0,0,0,0,1,heartbeat,0,8.13,-0.01,9999.0,30.0,0,ttc_capped,0.0014,table,1,37.4967,126.957794,0.012,0.0,1,37.496632,126.957863,0.154,223.56,3.85,-7.16
1786957501.177,14173,0,0,0,0,1,heartbeat,0,8.14,-0.0,9999.0,30.0,0,ttc_capped,0.0241,table,1,37.4967,126.957794,0.02,0.0,1,37.496632,126.957863,0.154,223.56,3.88,-7.16
1786957501.387,14175,0,0,0,0,1,heartbeat,0,10.42,-1.67,9999.0,25.0,0,ttc_capped,0.0006,table,1,37.4967,126.957794,0.033,0.0,1,37.496571,126.957909,0.164,223.56,5.07,-9.1
1786957501.589,14177,0,0,0,0,1,heartbeat,0,12.3,-2.79,9999.0,25.0,0,ttc_capped,0.0006,table,1,37.4967,126.957794,0.039,0.0,1,37.496571,126.957909,0.164,223.56,6.06,-10.71
1786957501.795,14179,0,0,0,0,1,heartbeat,0,13.86,-3.49,9999.0,25.0,0,ttc_capped,0.0006,table,1,37.4967,126.957794,0.047,0.0,1,37.496571,126.957909,0.164,223.56,6.88,-12.03
1786957502.069,14181,0,0,0,0,1,heartbeat,0,15.47,-3.94,9999.0,25.0,0,ttc_capped,0.0007,table,1,37.496696,126.957794,0.05,0.0,1,37.496571,126.957909,0.164,223.56,7.73,-13.4
1786957502.272,14183,0,0,0,0,1,heartbeat,0,16.3,-3.95,9999.0,25.0,0,ttc_capped,0.0009,table,1,37.496696,126.957794,0.045,0.0,1,37.496571,126.957909,0.141,223.56,8.18,-14.1
1786957502.48,14185,0,0,0,0,1,heartbeat,0,16.91,-3.78,9999.0,25.0,0,ttc_capped,0.0009,table,1,37.496696,126.957794,0.039,0.0,1,37.496571,126.957909,0.141,223.56,8.52,-14.61
1786957502.688,14187,0,0,0,0,1,heartbeat,0,17.34,-3.49,9999.0,25.0,0,ttc_capped,0.0012,table,1,37.496693,126.957787,0.026,0.0,1,37.496571,126.957909,0.141,223.56,8.77,-14.95
1786957502.938,14190,0,0,0,0,1,heartbeat,0,17.75,-3.15,9999.0,25.0,0,ttc_capped,0.0009,table,1,37.496693,126.957787,0.026,0.0,1,37.496571,126.957909,0.141,223.56,9.03,-15.28
1786957503.15,14192,0,0,0,0,1,heartbeat,0,17.9,-2.77,9999.0,25.0,0,ttc_capped,0.0006,table,1,37.496693,126.957787,0.022,0.0,1,37.496571,126.957909,0.141,223.56,9.14,-15.39
1786957503.365,14194,0,0,0,0,1,heartbeat,0,17.94,-2.37,9999.0,25.0,0,ttc_capped,0.0006,table,1,37.496693,126.957787,0.02,0.0,1,37.496571,126.957909,0.171,223.56,9.2,-15.41
1786957503.574,14196,0,0,0,0,1,heartbeat,0,17.88,-1.98,9999.0,25.0,0,ttc_capped,0.0006,table,1,37.496689,126.957787,0.018,0.0,1,37.496571,126.957909,0.171,223.56,9.21,-15.33
1786957503.785,14198,0,0,0,0,1,heartbeat,0,17.77,-1.6,9999.0,25.0,0,ttc_capped,0.0006,table,1,37.496689,126.957787,0.023,0.0,1,37.496571,126.957909,0.171,223.56,9.18,-15.21
1786957503.99,14199,0,0,0,0,1,heartbeat,0,17.42,-1.1,9999.0,25.0,0,ttc_capped,0.001,table,1,37.496689,126.957787,0.031,0.0,1,37.496571,126.957909,0.171,223.56,9.02,-14.9
1786957504.209,14202,0,0,0,0,1,heartbeat,0,17.45,-0.95,9999.0,25.0,0,ttc_capped,0.0007,table,1,37.496685,126.957787,0.038,0.0,1,37.496571,126.957909,0.171,223.56,9.09,-14.9
1786957504.41,14203,0,0,0,0,1,heartbeat,0,17.22,-0.64,9999.0,25.0,0,ttc_capped,0.0011,table,1,37.496685,126.957787,0.045,0.0,1,37.496567,126.957909,0.17,223.56,8.94,-14.72
1786957504.61,14205,0,0,0,0,1,heartbeat,0,17.17,-0.5,9999.0,25.0,0,ttc_capped,0.0011,table,1,37.496685,126.957779,0.042,0.0,1,37.496567,126.957909,0.17,223.56,8.91,-14.68
1786957504.811,14207,0,0,0,0,1,heartbeat,0,17.11,-0.38,9999.0,25.0,0,ttc_capped,0.0011,table,1,37.496685,126.957779,0.041,0.0,1,37.496567,126.957909,0.17,223.56,8.89,-14.62
1786957505.013,14209,0,0,0,0,1,heartbeat,0,17.06,-0.27,9999.0,25.0,0,ttc_capped,0.0011,table,1,37.496685,126.957779,0.05,0.0,1,37.496567,126.957909,0.17,223.56,8.88,-14.56
1786957505.221,14211,0,0,0,0,1,heartbeat,0,17.05,-0.21,9999.0,25.0,0,ttc_capped,0.0007,table,1,37.496685,126.957779,0.06,0.0,1,37.496567,126.957916,0.17,223.56,8.96,-14.5
1786957505.475,14214,0,0,0,0,1,heartbeat,0,17.09,-0.2,9999.0,25.0,0,ttc_capped,0.0012,table,1,37.496685,126.957779,0.062,0.0,1,37.496567,126.957916,0.17,223.56,9.14,-14.44
1786957505.687,14216,0,0,0,0,1,heartbeat,0,17.12,-0.18,9999.0,25.0,0,ttc_capped,0.0012,table,1,37.496685,126.957779,0.06,0.0,1,37.496567,126.957916,0.17,223.56,9.29,-14.38
1786957505.899,14218,0,0,0,0,1,heartbeat,0,17.13,-0.16,9999.0,25.0,0,ttc_capped,0.0012,table,1,37.496681,126.957779,0.063,0.0,1,37.496567,126.957916,0.17,223.56,9.41,-14.32
1786957506.108,14220,0,0,0,0,1,heartbeat,0,17.14,-0.14,9999.0,25.0,0,ttc_capped,0.0012,table,1,37.496681,126.957779,0.062,0.0,1,37.496567,126.957916,0.17,223.56,9.51,-14.26
1786957506.321,14222,0,0,0,0,1,heartbeat,0,17.2,-0.16,9999.0,25.0,0,ttc_capped,0.0012,table,1,37.496681,126.957779,0.06,0.0,1,37.496563,126.957916,0.165,223.56,9.6,-14.27
1786957506.53,14224,0,0,0,0,1,heartbeat,0,17.29,-0.2,9999.0,25.0,0,ttc_capped,0.0012,table,1,37.496677,126.957779,0.059,0.0,1,37.496563,126.957916,0.165,223.56,9.67,-14.33
1786957506.741,14226,0,0,0,0,1,heartbeat,0,17.37,-0.23,9999.0,25.0,0,ttc_capped,0.0012,table,1,37.496677,126.957771,0.053,0.0,1,37.496563,126.957916,0.165,223.56,9.74,-14.38
1786957506.95,14227,0,0,0,0,1,heartbeat,0,17.42,-0.23,9999.0,25.0,0,ttc_capped,0.0012,table,1,37.496674,126.957771,0.047,0.0,1,37.496563,126.957916,0.165,223.56,9.77,-14.43
1786957507.153,14229,0,0,0,0,1,heartbeat,0,17.46,-0.22,9999.0,25.0,0,ttc_capped,0.0012,table,1,37.496674,126.957771,0.045,185.33,1,37.496563,126.957916,0.165,223.56,9.82,-14.43
1786957507.356,14231,0,0,0,0,1,heartbeat,0,17.48,-0.21,9999.0,25.0,0,ttc_capped,0.0012,table,1,37.496674,126.957771,0.049,184.97,1,37.496563,126.957916,0.17,223.56,9.87,-14.43
1786957507.556,14233,0,0,0,0,1,heartbeat,0,17.5,-0.19,9999.0,25.0,0,ttc_capped,0.0012,table,1,37.496674,126.957771,0.048,184.97,1,37.496563,126.957916,0.17,223.56,9.92,-14.42
1786957507.76,14235,0,0,0,0,1,heartbeat,0,17.5,-0.16,9999.0,25.0,0,ttc_capped,0.0012,table,1,37.49667,126.957771,0.051,184.97,1,37.496563,126.957916,0.17,223.56,9.96,-14.39
1786957507.962,14237,0,0,0,0,1,heartbeat,0,17.5,-0.14,9999.0,25.0,0,ttc_capped,0.0012,table,1,37.49667,126.957771,0.055,184.97,1,37.496563,126.957916,0.17,223.56,9.98,-14.38
1786957508.168,14239,0,0,0,0,1,heartbeat,0,17.49,-0.12,9999.0,25.0,0,ttc_capped,0.0012,table,1,37.49667,126.957771,0.045,184.97,1,37.496563,126.957916,0.17,223.56,10.02,-14.34
1786957508.37,14241,0,0,0,0,1,heartbeat,0,17.59,-0.17,9999.0,25.0,0,ttc_capped,0.0012,table,1,37.49667,126.957771,0.04,184.97,1,37.496559,126.957916,0.165,223.56,10.04,-14.44
1786957508.572,14243,0,0,0,0,1,heartbeat,0,17.66,-0.2,9999.0,25.0,0,ttc_capped,0.0011,table,1,37.49667,126.957771,0.051,184.97,1,37.496559,126.957916,0.165,223.56,10.08,-14.5
1786957508.778,14245,0,0,0,0,1,heartbeat,0,17.72,-0.22,9999.0,25.0,0,ttc_capped,0.0011,table,1,37.49667,126.957771,0.06,0.0,1,37.496559,126.957916,0.165,223.56,10.12,-14.54
1786957509.061,14248,0,0,0,0,1,heartbeat,0,17.78,-0.22,9999.0,25.0,0,ttc_capped,0.0008,table,1,37.49667,126.957764,0.046,0.0,1,37.496559,126.957916,0.165,223.56,10.19,-14.57
1786957509.272,14250,0,0,0,0,1,heartbeat,0,17.81,-0.21,9999.0,25.0,0,ttc_capped,0.0008,table,1,37.49667,126.957764,0.04,0.0,1,37.496559,126.957916,0.165,223.56,10.24,-14.58
1786957509.485,14252,0,0,0,0,1,heartbeat,0,17.84,-0.19,9999.0,25.0,0,ttc_capped,0.0008,table,1,37.49667,126.957764,0.035,0.0,1,37.496559,126.957916,0.147,223.56,10.29,-14.57
1786957509.694,14254,0,0,0,0,1,heartbeat,0,17.85,-0.17,9999.0,25.0,0,ttc_capped,0.0008,table,1,37.496666,126.957764,0.043,0.0,1,37.496559,126.957916,0.147,223.56,10.34,-14.55
1786957509.901,14255,0,0,0,0,1,heartbeat,0,17.83,-0.14,9999.0,25.0,0,ttc_capped,0.0014,table,1,37.496666,126.957764,0.043,170.42,1,37.496559,126.957916,0.147,223.56,10.36,-14.52
1786957510.114,14258,0,0,0,0,1,heartbeat,0,17.84,-0.13,9999.0,25.0,0,ttc_capped,0.0008,table,1,37.496666,126.957764,0.067,163.88,1,37.496559,126.957916,0.147,223.56,10.44,-14.47
1786957510.319,14259,0,0,0,0,1,heartbeat,0,17.94,-0.18,9999.0,25.0,0,ttc_capped,0.0007,table,1,37.496666,126.957764,0.074,163.88,1,37.496555,126.957924,0.135,223.56,10.56,-14.49
1786957510.522,14261,0,0,0,0,1,heartbeat,0,18.13,-0.3,9999.0,25.0,0,ttc_capped,0.0012,table,1,37.496666,126.957764,0.075,163.88,1,37.496555,126.957924,0.135,223.56,10.8,-14.56
1786957510.725,14263,0,0,0,0,1,heartbeat,0,18.28,-0.37,9999.0,25.0,0,ttc_capped,0.0012,table,1,37.496662,126.957764,0.081,171.7,1,37.496555,126.957924,0.135,223.56,11.0,-14.6
1786957510.928,14265,0,0,0,0,1,heartbeat,0,18.4,-0.41,9999.0,25.0,0,ttc_capped,0.0008,table,1,37.496662,126.957764,0.089,171.7,1,37.496555,126.957924,0.135,223.56,11.17,-14.62
1786957511.13,14267,0,0,0,0,1,heartbeat,0,18.49,-0.42,9999.0,25.0,0,ttc_capped,0.0008,table,1,37.496662,126.957764,0.09,171.7,1,37.496555,126.957924,0.135,223.56,11.31,-14.62
1786957511.336,14269,0,0,0,0,1,heartbeat,0,18.56,-0.41,9999.0,25.0,0,ttc_capped,0.0008,table,1,37.496662,126.957756,0.089,171.7,1,37.496555,126.957924,0.129,223.56,11.43,-14.61
1786957511.603,14272,0,0,0,0,1,heartbeat,0,18.63,-0.39,9999.0,25.0,0,ttc_capped,0.0007,table,1,37.496662,126.957756,0.072,171.7,1,37.496555,126.957924,0.129,223.56,11.59,-14.58
1786957511.806,14274,0,0,0,0,1,heartbeat,0,18.66,-0.35,9999.0,25.0,0,ttc_capped,0.0007,table,1,37.496662,126.957756,0.072,171.7,1,37.496555,126.957924,0.129,223.56,11.69,-14.55
1786957512.012,14276,0,0,0,0,1,heartbeat,0,18.68,-0.31,9999.0,25.0,0,ttc_capped,0.0008,table,1,37.496662,126.957756,0.076,171.7,1,37.496555,126.957924,0.129,223.56,11.76,-14.51
1786957512.222,14278,0,0,0,0,1,heartbeat,0,18.68,-0.27,9999.0,25.0,0,ttc_capped,0.0008,table,1,37.496658,126.957756,0.105,0.0,1,37.496555,126.957924,0.129,223.56,11.83,-14.46
1786957512.434,14280,0,0,0,0,1,heartbeat,0,18.75,-0.28,9999.0,25.0,0,ttc_capped,0.0012,table,1,37.496658,126.957756,0.104,0.0,1,37.496552,126.957924,0.116,223.56,11.88,-14.51
1786957512.643,14282,0,0,0,0,1,heartbeat,0,18.8,-0.28,9999.0,25.0,0,ttc_capped,0.0012,table,1,37.496658,126.957756,0.102,0.0,1,37.496552,126.957924,0.116,223.56,11.93,-14.53
1786957512.854,14284,0,0,0,0,1,heartbeat,0,18.83,-0.26,9999.0,25.0,0,ttc_capped,0.0012,table,1,37.496658,126.957756,0.093,0.0,1,37.496552,126.957924,0.116,223.56,11.97,-14.54
1786957513.064,14285,0,0,0,0,1,heartbeat,0,18.84,-0.23,9999.0,25.0,0,ttc_capped,0.0011,table,1,37.496658,126.957756,0.093,187.91,1,37.496552,126.957924,0.116,223.56,11.96,-14.55
1786957513.275,14288,0,0,0,0,1,heartbeat,0,18.86,-0.21,9999.0,25.0,0,ttc_capped,0.0008,table,1,37.496658,126.957756,0.073,187.91,1,37.496552,126.957924,0.116,223.56,12.04,-14.52
1786957513.489,14290,0,0,0,0,1,heartbeat,0,18.9,-0.21,9999.0,25.0,0,ttc_capped,0.0008,table,1,37.496658,126.957756,0.067,187.91,1,37.496552,126.957924,0.116,223.56,12.11,-14.52
1786957523.978,14389,2,2,0,0,1,change,0,19.76,-0.0,9999.0,25.0,0,ttc_capped,0.6807,model,1,37.496674,126.957726,0.096,159.54,1,37.496552,126.957924,0.117,223.56,14.92,-12.95
1786957524.297,14392,2,2,2,2,1,heartbeat,0,22.91,-6.06,9999.0,18.0,0,ttc_capped,0.0007,table,1,37.496674,126.957726,0.071,159.54,1,37.496536,126.95797,0.013,0.0,17.93,-14.26
1786957524.574,14395,2,2,2,2,1,heartbeat,0,24.65,-6.09,9999.0,18.0,0,ttc_capped,0.0007,table,1,37.496674,126.957726,0.082,160.38,1,37.496536,126.95797,0.013,0.0,19.58,-14.97
1786957524.785,14397,2,2,2,2,1,heartbeat,0,25.1,-4.81,9999.0,18.0,0,ttc_capped,0.0006,table,1,37.496674,126.957726,0.086,160.57,1,37.496536,126.95797,0.013,0.0,20.01,-15.15
1786957525.004,14399,2,2,2,2,1,heartbeat,0,25.25,-3.55,9999.0,18.0,0,ttc_capped,0.0006,table,1,37.496677,126.957726,0.081,160.57,1,37.496536,126.95797,0.013,0.0,20.15,-15.21
1786957525.222,14401,2,2,2,2,1,heartbeat,0,24.98,-2.24,9999.0,18.0,0,ttc_capped,0.0007,table,1,37.496677,126.957726,0.078,160.57,1,37.496536,126.95797,0.013,0.0,19.9,-15.1
1786957525.436,14403,2,2,2,2,1,heartbeat,0,24.98,-1.67,9999.0,18.0,0,ttc_capped,0.0011,table,1,37.496677,126.957733,0.072,160.57,1,37.496536,126.95797,0.006,0.0,19.89,-15.1
1786957525.704,14405,2,2,2,2,1,heartbeat,0,24.88,-1.13,9999.0,18.0,0,ttc_capped,0.0011,table,1,37.496677,126.957733,0.048,160.57,1,37.496536,126.95797,0.006,0.0,19.81,-15.06
1786957525.908,14407,2,2,2,2,1,heartbeat,0,24.86,-0.87,9999.0,18.0,0,ttc_capped,0.0011,table,1,37.496677,126.957733,0.035,160.57,1,37.496536,126.95797,0.006,0.0,19.78,-15.06
1786957526.113,14409,2,2,2,2,1,heartbeat,0,24.84,-0.68,9999.0,18.0,0,ttc_capped,0.0011,table,1,37.496677,126.957733,0.041,160.57,1,37.496536,126.95797,0.006,0.0,19.76,-15.05
1786957526.315,14411,0,0,2,2,1,change,0,24.82,-0.52,9999.0,18.0,0,ttc_capped,0.0011,table,1,37.496677,126.957733,0.043,164.54,1,37.496536,126.95797,0.006,0.0,19.74,-15.04
1786957526.517,14413,0,0,0,0,1,heartbeat,0,24.79,-0.4,9999.0,18.0,0,ttc_capped,0.0012,table,1,37.496677,126.957733,0.048,164.85,1,37.496536,126.95797,0.006,0.0,19.72,-15.03
1786957526.719,14415,0,0,0,0,1,heartbeat,0,24.78,-0.31,9999.0,18.0,0,ttc_capped,0.0012,table,1,37.496681,126.957733,0.045,165.38,1,37.496536,126.95797,0.006,0.0,19.7,-15.03
1786957526.924,14417,0,0,0,0,1,heartbeat,0,24.76,-0.23,9999.0,18.0,0,ttc_capped,0.0012,table,1,37.496681,126.957741,0.047,165.9,1,37.496536,126.95797,0.006,0.0,19.68,-15.04
1786957527.133,14419,0,0,0,0,1,heartbeat,0,24.75,-0.16,9999.0,18.0,0,ttc_capped,0.0012,table,1,37.496681,126.957741,0.054,166.39,1,37.496536,126.95797,0.006,0.0,19.65,-15.04
1786957527.341,14421,0,0,0,0,1,heartbeat,0,24.73,-0.11,9999.0,18.0,0,ttc_capped,0.0012,table,1,37.496681,126.957741,0.055,167.42,1,37.496536,126.95797,0.011,0.0,19.63,-15.04
1786957527.549,14423,0,0,0,0,1,heartbeat,0,24.72,-0.07,9999.0,18.0,0,ttc_capped,0.0012,table,1,37.496681,126.957741,0.063,163.66,1,37.496536,126.95797,0.011,0.0,19.61,-15.05
1786957527.759,14425,0,0,0,0,1,heartbeat,0,24.71,-0.04,9999.0,18.0,0,ttc_capped,0.0012,table,1,37.496681,126.957741,0.068,162.69,1,37.496536,126.95797,0.011,0.0,19.6,-15.06
1786957527.967,14427,0,0,0,0,1,heartbeat,0,24.71,-0.01,9999.0,18.0,0,ttc_capped,0.0012,table,1,37.496681,126.957741,0.069,161.33,1,37.496536,126.95797,0.011,0.0,19.58,-15.06
1786957528.175,14429,0,0,0,0,1,heartbeat,0,24.71,0.01,3688.29,4.99,0,ttc_capped,0.0268,table,1,37.496681,126.957741,0.07,159.98,1,37.496536,126.95797,0.011,0.0,19.57,-15.07
1786957528.385,14431,0,0,0,0,1,heartbeat,0,24.71,0.02,1231.53,7.9,0,ttc_capped,0.0268,table,1,37.496681,126.957741,0.071,159.18,1,37.496536,126.95797,0.018,0.0,19.57,-15.08
1786957528.593,14433,0,0,0,0,1,heartbeat,0,24.71,0.03,857.33,8.33,0,ttc_capped,0.0268,table,1,37.496681,126.957741,0.068,157.83,1,37.496536,126.95797,0.018,0.0,19.56,-15.09
1786957528.807,14435,0,0,0,0,1,heartbeat,0,24.71,0.03,724.69,8.15,0,ttc_capped,0.0268,table,1,37.496681,126.957748,0.062,156.17,1,37.496536,126.95797,0.018,0.0,19.55,-15.11
1786957529.01,14437,0,0,0,0,1,heartbeat,0,24.71,0.04,679.86,8.16,0,ttc_capped,0.0268,table,1,37.496681,126.957748,0.055,154.66,1,37.496536,126.95797,0.018,0.0,19.55,-15.12
1786957529.213,14439,0,0,0,0,1,heartbeat,0,24.72,0.04,680.32,8.15,0,ttc_capped,0.0268,table,1,37.496681,126.957748,0.046,154.05,1,37.496536,126.95797,0.018,0.0,19.54,-15.13
1786957529.417,14441,0,0,0,0,1,heartbeat,0,24.72,0.03,709.3,8.07,0,ttc_capped,0.0268,table,1,37.496681,126.957748,0.046,153.73,1,37.496536,126.95797,0.014,0.0,19.54,-15.15
1786957529.622,14443,0,0,0,0,1,heartbeat,0,24.73,0.03,765.68,7.97,0,ttc_capped,0.0268,table,1,37.496681,126.957748,0.055,153.84,1,37.496536,126.95797,0.014,0.0,19.53,-15.16
1786957529.826,14445,0,0,0,0,1,heartbeat,0,24.73,0.03,848.44,8.26,0,ttc_capped,0.0268,table,1,37.496677,126.957748,0.052,154.39,1,37.496536,126.95797,0.014,0.0,19.53,-15.18
1786957530.038,14447,0,0,0,0,1,heartbeat,0,24.74,0.03,970.14,8.29,0,ttc_capped,0.0268,table,1,37.496677,126.957748,0.059,156.28,1,37.496536,126.95797,0.014,0.0,19.53,-15.18
1786957530.248,14449,0,0,0,0,1,heartbeat,0,24.75,0.02,1143.72,8.16,0,ttc_capped,0.0268,table,1,37.496677,126.957748,0.067,157.73,1,37.496536,126.95797,0.014,0.0,19.53,-15.19
1786957530.462,14451,0,0,0,0,1,heartbeat,0,24.75,0.02,1380.43,7.97,0,ttc_capped,0.0268,table,1,37.496677,126.957748,0.071,158.0,1,37.496536,126.95797,0.012,0.0,19.53,-15.2
1786957530.672,14453,0,0,0,0,1,heartbeat,0,24.76,0.01,1708.95,7.74,0,ttc_capped,0.0268,table,1,37.496677,126.957748,0.075,155.74,1,37.496536,126.95797,0.012,0.0,19.54,-15.21
1786957530.884,14455,0,0,0,0,1,heartbeat,0,24.77,0.01,2178.84,7.4,0,ttc_capped,0.0268,table,1,37.496677,126.957748,0.076,154.19,1,37.496536,126.95797,0.012,0.0,19.54,-15.22
1786957531.096,14457,0,0,0,0,1,heartbeat,0,24.77,0.01,2884.82,6.92,0,ttc_capped,0.0268,table,1,37.496677,126.957748,0.076,152.99,1,37.496536,126.95797,0.012,0.0,19.54,-15.23
1786957531.308,14459,0,0,0,0,1,heartbeat,0,24.78,0.01,4006.34,6.17,0,ttc_capped,0.0268,table,1,37.496677,126.957748,0.076,153.39,1,37.496536,126.95797,0.016,0.0,19.54,-15.23
1786957531.519,14461,0,0,0,0,1,heartbeat,0,24.79,0.0,5937.68,4.97,0,ttc_capped,0.0268,table,1,37.496677,126.957748,0.079,157.12,1,37.496536,126.95797,0.016,0.0,19.55,-15.24
1786957531.726,14463,0,0,0,0,1,heartbeat,0,24.79,0.0,9902.02,4.2,0,ttc_capped,0.0268,table,1,37.496677,126.957748,0.078,159.22,1,37.496536,126.95797,0.016,0.0,19.55,-15.25
1786957531.935,14465,0,0,0,0,1,heartbeat,0,24.8,0.0,23980.72,4.2,0,ttc_capped,0.032,table,1,37.496681,126.957748,0.074,160.69,1,37.496536,126.95797,0.016,0.0,19.55,-15.27
1786957532.142,14467,0,0,0,0,1,heartbeat,0,24.82,0.0,103562737.5,4.2,0,ttc_capped,0.0237,table,1,37.496681,126.957748,0.068,159.93,1,37.496536,126.95797,0.016,0.0,19.55,-15.28
1786957532.351,14469,0,0,0,0,1,heartbeat,0,24.83,-0.0,9999.0,18.0,0,ttc_capped,0.0679,table,1,37.496681,126.957748,0.06,160.04,1,37.496536,126.95797,0.016,0.0,19.55,-15.3
1786957532.56,14471,0,0,0,0,1,heartbeat,0,24.83,-0.0,9999.0,18.0,0,ttc_capped,0.0679,table,1,37.496681,126.957756,0.055,160.95,1,37.496536,126.95797,0.016,0.0,19.54,-15.31
1786957532.769,14473,0,0,0,0,1,heartbeat,0,24.83,-0.0,9999.0,18.0,0,ttc_capped,0.0679,table,1,37.496681,126.957756,0.052,162.63,1,37.496536,126.95797,0.016,0.0,19.53,-15.33
1786957532.972,14474,0,0,0,0,1,heartbeat,0,24.83,-0.0,9999.0,18.0,0,ttc_capped,0.0249,table,1,37.496681,126.957756,0.05,163.93,1,37.496536,126.95797,0.016,0.0,19.53,-15.33
1786957533.179,14476,0,0,0,0,1,heartbeat,0,24.83,-0.0,9999.0,18.0,0,ttc_capped,0.0249,table,1,37.496681,126.957756,0.051,164.8,1,37.496536,126.95797,0.016,0.0,19.52,-15.35
1786957533.379,14478,0,0,0,0,1,heartbeat,0,24.83,-0.0,9999.0,18.0,0,ttc_capped,0.0249,table,1,37.496681,126.957756,0.053,165.08,1,37.496536,126.95797,0.013,0.0,19.51,-15.36
1786957533.583,14480,0,0,0,0,1,heartbeat,0,24.83,-0.0,9999.0,18.0,0,ttc_capped,0.0249,table,1,37.496681,126.957756,0.045,164.09,1,37.496536,126.95797,0.013,0.0,19.5,-15.37
1786957533.785,14482,0,0,0,0,1,heartbeat,0,24.83,-0.0,9999.0,18.0,0,ttc_capped,0.0249,table,1,37.496681,126.957756,0.033,163.42,1,37.496536,126.95797,0.013,0.0,19.49,-15.39
1786957533.986,14484,0,0,0,0,1,heartbeat,0,24.83,-0.0,9999.0,18.0,0,ttc_capped,0.0249,table,1,37.496681,126.957756,0.021,162.61,1,37.496536,126.95797,0.013,0.0,19.48,-15.4
1786957534.192,14486,0,0,0,0,1,heartbeat,0,24.83,-0.0,9999.0,18.0,0,ttc_capped,0.0249,table,1,37.496681,126.957756,0.019,161.79,1,37.496536,126.95797,0.013,0.0,19.47,-15.41
1786957534.394,14488,0,0,0,0,1,heartbeat,0,24.83,-0.0,9999.0,18.0,0,ttc_capped,0.0249,table,1,37.496681,126.957756,0.02,161.09,1,37.496536,126.95797,0.019,0.0,19.46,-15.42
1786957534.595,14490,0,0,0,0,1,heartbeat,0,24.83,-0.0,9999.0,18.0,0,ttc_capped,0.0249,table,1,37.496681,126.957756,0.02,160.56,1,37.496536,126.95797,0.019,0.0,19.45,-15.43
1786957534.804,14492,0,0,0,0,1,heartbeat,0,24.83,-0.0,9999.0,18.0,0,ttc_capped,0.0249,table,1,37.496681,126.957756,0.026,160.26,1,37.496536,126.95797,0.019,0.0,19.44,-15.45
1786957535.012,14494,0,0,0,0,1,heartbeat,0,24.83,-0.0,9999.0,18.0,0,ttc_capped,0.0249,table,1,37.496681,126.957756,0.035,159.21,1,37.496536,126.95797,0.019,0.0,19.43,-15.46
1786957535.224,14496,0,0,0,0,1,heartbeat,0,24.83,-0.0,9999.0,18.0,0,ttc_capped,0.0249,table,1,37.496681,126.957756,0.042,159.06,1,37.496536,126.95797,0.019,0.0,19.42,-15.47
1786957535.432,14498,0,0,0,0,1,heartbeat,0,24.83,-0.0,9999.0,18.0,0,ttc_capped,0.0249,table,1,37.496681,126.957756,0.044,159.35,1,37.496536,126.95797,0.015,0.0,19.41,-15.48
1786957535.64,14500,0,0,0,0,1,heartbeat,0,24.83,-0.0,9999.0,18.0,0,ttc_capped,0.0249,table,1,37.496681,126.957756,0.058,159.51,1,37.496536,126.95797,0.015,0.0,19.41,-15.49
1786957535.85,14502,0,0,0,0,1,heartbeat,0,24.83,-0.0,9999.0,18.0,0,ttc_capped,0.0249,table,1,37.496681,126.957756,0.065,161.64,1,37.496536,126.95797,0.015,0.0,19.4,-15.5
1786957536.056,14504,0,0,0,0,1,heartbeat,0,24.83,-0.0,9999.0,18.0,0,ttc_capped,0.0249,table,1,37.496681,126.957756,0.071,163.16,1,37.496536,126.95797,0.015,0.0,19.39,-15.51
1786957536.264,14506,0,0,0,0,1,heartbeat,0,24.83,0.0,3391531.85,4.2,0,ttc_capped,0.0084,table,1,37.496681,126.957756,0.07,165.18,1,37.496536,126.95797,0.01,0.0,19.38,-15.52
1786957536.474,14508,0,0,0,0,1,heartbeat,0,24.83,0.0,749720.06,4.2,0,ttc_capped,0.0084,table,1,37.496681,126.957756,0.069,166.3,1,37.496536,126.95797,0.01,0.0,19.37,-15.53
1786957536.682,14510,0,0,0,0,1,heartbeat,0,24.83,0.0,496078.32,4.2,0,ttc_capped,0.0084,table,1,37.496681,126.957756,0.066,166.56,1,37.496536,126.95797,0.01,0.0,19.36,-15.54
1786957536.894,14512,0,0,0,0,1,heartbeat,0,24.83,0.0,415651.15,4.2,0,ttc_capped,0.0084,table,1,37.496681,126.957756,0.061,166.68,1,37.496536,126.95797,0.01,0.0,19.36,-15.55
1786957537.11,14514,0,0,0,0,1,heartbeat,0,24.83,-0.0,9999.0,18.0,0,ttc_capped,0.0249,table,1,37.496685,126.957756,0.04,166.76,1,37.496536,126.95797,0.01,0.0,19.35,-15.57
1786957537.38,14516,0,0,0,0,1,heartbeat,0,24.84,-0.0,9999.0,18.0,0,ttc_capped,0.0249,table,1,37.496685,126.957756,0.031,169.69,1,37.496536,126.95797,0.008,0.0,19.34,-15.58
1786957537.583,14518,0,0,0,0,1,heartbeat,0,24.84,-0.0,9999.0,18.0,0,ttc_capped,0.0249,table,1,37.496685,126.957756,0.026,169.69,1,37.496536,126.95797,0.008,0.0,19.33,-15.6
1786957537.784,14520,0,0,0,0,1,heartbeat,0,24.85,-0.0,9999.0,18.0,0,ttc_capped,0.0249,table,1,37.496685,126.957756,0.024,169.69,1,37.496536,126.95797,0.008,0.0,19.33,-15.62
1786957537.986,14522,0,0,0,0,1,heartbeat,0,24.85,-0.0,9999.0,18.0,0,ttc_capped,0.0249,table,1,37.496685,126.957756,0.019,169.69,1,37.496536,126.95797,0.008,0.0,19.32,-15.63
1786957538.19,14524,0,0,0,0,1,heartbeat,0,24.86,-0.0,9999.0,18.0,0,ttc_capped,0.0249,table,1,37.496685,126.957756,0.016,169.69,1,37.496536,126.95797,0.008,0.0,19.31,-15.65
1786957538.394,14526,0,0,0,0,1,heartbeat,0,24.7,0.12,209.62,4.2,0,ttc_capped,0.026,table,1,37.496685,126.957756,0.025,169.69,1,37.496536,126.957962,0.012,0.0,19.1,-15.67
1786957538.596,14528,0,0,0,0,1,heartbeat,0,24.58,0.2,125.23,4.2,0,ttc_capped,0.026,table,1,37.496685,126.957756,0.025,169.69,1,37.496536,126.957962,0.012,0.0,18.93,-15.68
1786957538.798,14530,0,0,0,0,1,heartbeat,0,24.48,0.24,100.49,4.2,0,ttc_capped,0.032,table,1,37.496685,126.957756,0.025,190.25,1,37.496536,126.957962,0.012,0.0,18.79,-15.7
1786957539.004,14532,0,0,0,0,1,heartbeat,0,24.4,0.27,91.4,4.2,0,ttc_capped,0.0254,table,1,37.496685,126.957756,0.027,190.25,1,37.496536,126.957962,0.012,0.0,18.67,-15.71
1786957539.214,14534,0,0,0,0,1,heartbeat,0,24.34,0.27,89.5,4.2,0,ttc_capped,0.0254,table,1,37.496685,126.957756,0.029,190.25,1,37.496536,126.957962,0.012,0.0,18.58,-15.73
1786957539.422,14536,0,0,0,0,1,heartbeat,0,24.3,0.26,92.23,4.2,0,ttc_capped,0.0196,table,1,37.496685,126.957756,0.029,190.25,1,37.496536,126.957962,0.011,0.0,18.51,-15.74
1786957539.632,14538,0,0,0,0,1,heartbeat,0,24.27,0.25,98.82,4.2,0,ttc_capped,0.0186,table,1,37.496685,126.957756,0.028,185.95,1,37.496536,126.957962,0.011,0.0,18.47,-15.75
1786957539.838,14540,0,0,0,0,1,heartbeat,0,24.26,0.22,109.29,4.2,0,ttc_capped,0.0194,table,1,37.496685,126.957756,0.033,184.41,1,37.496536,126.957962,0.011,0.0,18.44,-15.77
1786957540.046,14542,0,0,0,0,1,heartbeat,0,24.25,0.2,123.73,4.2,0,ttc_capped,0.032,table,1,37.496685,126.957756,0.048,183.01,1,37.496536,126.957962,0.011,0.0,18.41,-15.78
1786957540.254,14544,0,0,0,0,1,heartbeat,0,24.25,0.17,143.33,4.2,0,ttc_capped,0.032,table,1,37.496685,126.957756,0.057,181.62,1,37.496536,126.957962,0.016,0.0,18.4,-15.8
1786957540.456,14546,0,0,0,0,1,heartbeat,0,24.26,0.14,170.25,4.2,0,ttc_capped,0.032,table,1,37.496685,126.957756,0.06,179.68,1,37.496536,126.957962,0.016,0.0,18.4,-15.81
1786957540.66,14548,0,0,0,0,1,heartbeat,0,24.27,0.12,207.52,4.2,0,ttc_capped,0.032,table,1,37.496685,126.957756,0.057,176.33,1,37.496536,126.957962,0.016,0.0,18.4,-15.82
1786957540.872,14550,0,0,0,0,1,heartbeat,0,24.28,0.09,259.83,4.2,0,ttc_capped,0.032,table,1,37.496685,126.957756,0.053,173.17,1,37.496536,126.957962,0.016,0.0,18.41,-15.83
1786957541.088,14552,0,0,0,0,1,heartbeat,0,24.29,0.07,338.41,4.2,0,ttc_capped,0.0237,table,1,37.496685,126.957756,0.051,169.86,1,37.496536,126.957962,0.016,0.0,18.41,-15.85
1786957541.3,14554,0,0,0,0,1,heartbeat,0,24.31,0.05,458.22,4.2,0,ttc_capped,0.0237,table,1,37.496685,126.957756,0.049,167.1,1,37.496536,126.957962,0.016,0.0,18.42,-15.86
1786957541.514,14556,0,0,0,0,1,heartbeat,0,24.32,0.04,655.4,4.2,0,ttc_capped,0.0237,table,1,37.496685,126.957756,0.043,165.5,1,37.496536,126.957962,0.016,0.0,18.43,-15.87
1786957541.758,14558,0,0,0,0,1,heartbeat,0,24.35,0.02,1335.35,4.2,0,ttc_capped,0.0202,table,1,37.496685,126.957748,0.033,165.13,1,37.496536,126.957962,0.016,0.0,18.45,-15.88
1786957541.96,14560,0,0,0,0,1,heartbeat,0,24.37,0.01,2812.88,4.2,0,ttc_capped,0.0202,table,1,37.496689,126.957748,0.027,164.28,1,37.496536,126.957962,0.016,0.0,18.47,-15.9
1786957542.166,14562,0,0,0,0,1,heartbeat,0,24.4,0.0,17312.95,4.2,0,ttc_capped,0.0202,table,1,37.496689,126.957748,0.019,163.72,1,37.496536,126.957962,0.016,0.0,18.49,-15.92
1786957542.372,14564,0,0,0,0,1,heartbeat,0,24.42,-0.0,9999.0,18.0,0,ttc_capped,0.0582,table,1,37.496689,126.957748,0.016,163.37,1,37.496536,126.957962,0.01,0.0,18.5,-15.94
1786957542.584,14566,0,0,0,0,1,heartbeat,0,24.45,-0.01,9999.0,18.0,0,ttc_capped,0.0011,table,1,37.496689,126.957748,0.016,162.1,1,37.496536,126.957962,0.01,0.0,18.52,-15.96
1786957542.792,14568,0,0,0,0,1,heartbeat,0,24.47,-0.01,9999.0,18.0,0,ttc_capped,0.0011,table,1,37.496693,126.957748,0.019,160.83,1,37.496536,126.957962,0.01,0.0,18.53,-15.98
1786957543.002,14570,0,0,0,0,1,heartbeat,0,24.5,-0.01,9999.0,18.0,0,ttc_capped,0.0012,table,1,37.496693,126.957748,0.023,160.19,1,37.496536,126.957962,0.01,0.0,18.54,-16.01
1786957543.206,14572,0,0,0,0,1,heartbeat,0,24.52,-0.01,9999.0,18.0,0,ttc_capped,0.0012,table,1,37.496693,126.957748,0.022,160.55,1,37.496536,126.957962,0.01,0.0,18.55,-16.03
1786957543.408,14574,0,0,0,0,1,heartbeat,0,24.54,-0.01,9999.0,18.0,0,ttc_capped,0.0012,table,1,37.496693,126.957748,0.015,159.78,1,37.496536,126.957962,0.005,0.0,18.56,-16.06
1786957543.616,14576,0,0,0,0,1,heartbeat,0,24.56,-0.01,9999.0,18.0,0,ttc_capped,0.0012,table,1,37.496693,126.957748,0.022,160.0,1,37.496536,126.957962,0.005,0.0,18.57,-16.08
1786957543.822,14578,0,0,0,0,1,heartbeat,0,24.59,-0.01,9999.0,18.0,0,ttc_capped,0.0012,table,1,37.496696,126.957748,0.053,159.93,1,37.496536,126.957962,0.005,0.0,18.58,-16.11
1786957544.032,14580,0,0,0,0,1,heartbeat,0,24.61,-0.01,9999.0,18.0,0,ttc_capped,0.0012,table,1,37.496696,126.957748,0.049,159.98,1,37.496536,126.957962,0.005,0.0,18.58,-16.14
1786957544.254,14582,0,0,0,0,1,heartbeat,0,24.63,-0.01,9999.0,18.0,0,ttc_capped,0.0012,table,1,37.496696,126.957748,0.046,161.32,1,37.496536,126.957962,0.005,0.0,18.59,-16.17
1786957544.458,14584,0,0,0,0,1,heartbeat,0,24.66,-0.01,9999.0,18.0,0,ttc_capped,0.0012,table,1,37.496696,126.957748,0.041,164.64,1,37.496536,126.957962,0.008,0.0,18.59,-16.19
1786957544.672,14586,0,0,0,0,1,heartbeat,0,24.68,-0.01,9999.0,18.0,0,ttc_capped,0.0679,table,1,37.4967,126.957748,0.032,165.33,1,37.496536,126.957962,0.008,0.0,18.6,-16.22
1786957544.879,14588,0,0,0,0,1,heartbeat,0,24.71,-0.01,9999.0,18.0,0,ttc_capped,0.0679,table,1,37.4967,126.957748,0.024,166.23,1,37.496536,126.957962,0.008,0.0,18.6,-16.26
1786957545.092,14590,0,0,0,0,1,heartbeat,0,24.73,-0.0,9999.0,18.0,0,ttc_capped,0.0679,table,1,37.4967,126.957748,0.021,166.63,1,37.496536,126.957962,0.008,0.0,18.61,-16.29
1786957545.303,14592,0,0,0,0,1,heartbeat,0,24.76,-0.0,9999.0,18.0,0,ttc_capped,0.0679,table,1,37.4967,126.957748,0.025,166.63,1,37.496536,126.957962,0.008,0.0,18.61,-16.32
1786957545.514,14594,0,0,0,0,1,heartbeat,0,24.62,0.11,226.66,4.2,0,ttc_capped,0.0237,table,1,37.4967,126.957748,0.03,166.63,1,37.496536,126.957954,0.019,0.0,18.4,-16.36
1786957545.715,14595,0,0,0,0,1,heartbeat,0,24.47,0.21,116.37,4.2,0,ttc_capped,0.0237,table,1,37.4967,126.957748,0.031,166.63,1,37.496536,126.957954,0.019,0.0,18.18,-16.37
1786957545.916,14597,0,0,0,0,1,heartbeat,0,24.4,0.24,99.72,4.2,0,ttc_capped,0.0188,table,1,37.4967,126.957748,0.036,166.63,1,37.496536,126.957954,0.019,0.0,18.07,-16.4
1786957546.123,14599,0,0,0,0,1,heartbeat,0,24.36,0.26,93.89,4.2,0,ttc_capped,0.0188,table,1,37.4967,126.957748,0.029,166.63,1,37.496536,126.957954,0.019,0.0,17.97,-16.44
1786957546.326,14601,0,0,0,0,1,heartbeat,0,24.33,0.26,93.97,4.2,0,ttc_capped,0.0188,table,1,37.4967,126.957741,0.026,166.63,1,37.496536,126.957954,0.017,0.0,17.91,-16.47
1786957546.529,14603,0,0,0,0,1,heartbeat,0,24.32,0.25,98.2,4.2,0,ttc_capped,0.0188,table,1,37.4967,126.957741,0.028,166.63,1,37.496536,126.957954,0.017,0.0,17.87,-16.5
1786957546.779,14606,0,0,0,0,1,heartbeat,0,24.34,0.23,106.34,4.2,0,ttc_capped,0.0237,table,1,37.496704,126.957741,0.023,0.0,1,37.496536,126.957954,0.017,0.0,17.85,-16.55
1786957546.989,14608,0,0,0,0,1,heartbeat,0,24.36,0.21,118.41,4.2,0,ttc_capped,0.0237,table,1,37.496704,126.957741,0.024,0.0,1,37.496536,126.957954,0.017,0.0,17.84,-16.58
1786957547.201,14610,0,0,0,0,1,heartbeat,0,24.38,0.18,135.47,4.2,0,ttc_capped,0.0237,table,1,37.496704,126.957741,0.019,0.0,1,37.496536,126.957954,0.017,0.0,17.84,-16.62
1786957547.413,14612,0,0,0,0,1,heartbeat,0,24.41,0.15,158.87,4.2,0,ttc_capped,0.0237,table,1,37.496704,126.957741,0.018,0.0,1,37.496536,126.957954,0.019,0.0,17.85,-16.65
1786957547.626,14614,0,0,0,0,1,heartbeat,0,24.46,0.13,192.46,4.2,0,ttc_capped,0.0237,table,1,37.496708,126.957741,0.024,0.0,1,37.496536,126.957954,0.019,0.0,17.87,-16.7
1786957547.849,14616,0,0,0,0,1,heartbeat,0,24.5,0.1,239.24,4.2,0,ttc_capped,0.0237,table,1,37.496708,126.957741,0.019,0.0,1,37.496536,126.957954,0.019,0.0,17.9,-16.74
1786957548.07,14618,0,0,0,0,1,heartbeat,0,24.56,0.07,352.8,4.2,0,ttc_capped,0.0237,table,1,37.496708,126.957741,0.022,0.0,1,37.496536,126.957954,0.019,0.0,17.94,-16.78
1786957548.28,14620,0,0,0,0,1,heartbeat,0,24.61,0.05,482.57,4.2,0,ttc_capped,0.0186,table,1,37.496704,126.957741,0.028,0.0,1,37.496536,126.957954,0.022,0.0,17.97,-16.81
1786957548.487,14622,0,0,0,0,1,heartbeat,0,24.65,0.04,697.58,4.2,0,ttc_capped,0.0237,table,1,37.496704,126.957741,0.029,0.0,1,37.496536,126.957954,0.022,0.0,17.99,-16.84
1786957548.769,14624,0,0,0,0,1,heartbeat,0,24.69,0.02,1422.78,4.2,0,ttc_capped,0.007,table,1,37.496704,126.957741,0.028,0.0,1,37.496536,126.957954,0.022,0.0,18.03,-16.88
1786957548.999,14627,0,0,0,0,1,heartbeat,0,24.75,0.01,2989.83,4.2,0,ttc_capped,0.0237,table,1,37.496704,126.957741,0.038,173.83,1,37.496536,126.957954,0.022,0.0,18.06,-16.92
1786957549.207,14629,0,0,0,0,1,heartbeat,0,24.78,0.0,20833.06,4.2,0,ttc_capped,0.0237,table,1,37.496704,126.957741,0.041,174.15,1,37.496536,126.957954,0.022,0.0,18.08,-16.95
1786957549.417,14631,0,0,0,0,1,heartbeat,0,24.69,0.09,276.2,4.2,0,ttc_capped,0.0237,table,1,37.496704,126.957741,0.045,174.74,1,37.496536,126.957947,0.027,0.0,17.92,-16.98
1786957549.627,14633,0,0,0,0,1,heartbeat,0,24.61,0.15,164.94,4.2,0,ttc_capped,0.0237,table,1,37.496704,126.957741,0.04,175.03,1,37.496536,126.957947,0.027,0.0,17.79,-17.01
1786957549.841,14635,0,0,0,0,1,heartbeat,0,24.56,0.19,131.93,4.2,0,ttc_capped,0.0237,table,1,37.496704,126.957741,0.033,176.08,1,37.496536,126.957947,0.027,0.0,17.68,-17.04
1786957550.05,14637,0,0,0,0,1,heartbeat,0,24.52,0.2,119.62,4.2,0,ttc_capped,0.0237,table,1,37.496708,126.957741,0.022,174.89,1,37.496536,126.957947,0.027,0.0,17.6,-17.07
1786957550.262,14639,0,0,0,0,1,heartbeat,0,24.5,0.21,116.98,4.2,0,ttc_capped,0.0237,table,1,37.496708,126.957741,0.027,173.95,1,37.496536,126.957947,0.027,0.0,17.54,-17.1
1786957550.476,14641,0,0,0,0,1,heartbeat,0,24.49,0.2,120.26,4.2,0,ttc_capped,0.0237,table,1,37.496708,126.957741,0.034,173.95,1,37.496536,126.957947,0.021,0.0,17.5,-17.14
1786957550.685,14643,0,0,0,0,1,heartbeat,0,24.5,0.19,128.59,4.2,0,ttc_capped,0.0237,table,1,37.496708,126.957741,0.029,173.95,1,37.496536,126.957947,0.021,0.0,17.48,-17.17
1786957550.894,14645,0,0,0,0,1,heartbeat,0,24.52,0.17,142.24,4.2,0,ttc_capped,0.0237,table,1,37.496708,126.957741,0.024,173.95,1,37.496536,126.957947,0.021,0.0,17.47,-17.2
1786957551.101,14647,0,0,0,0,1,heartbeat,0,24.54,0.15,162.13,4.2,0,ttc_capped,0.0237,table,1,37.496712,126.957741,0.018,173.95,1,37.496536,126.957947,0.021,0.0,17.47,-17.24
1786957551.31,14648,0,0,0,0,1,heartbeat,0,24.57,0.12,205.49,4.2,0,ttc_capped,0.027,table,1,37.496712,126.957741,0.018,173.95,1,37.496536,126.957947,0.023,0.0,17.49,-17.26
1786957551.511,14650,0,0,0,0,1,heartbeat,0,24.61,0.1,247.21,4.2,0,ttc_capped,0.027,table,1,37.496712,126.957741,0.011,177.09,1,37.496536,126.957947,0.023,0.0,17.5,-17.3
1786957551.72,14652,0,0,0,0,1,heartbeat,0,24.65,0.08,305.8,4.2,0,ttc_capped,0.027,table,1,37.496712,126.957741,0.015,177.7,1,37.496536,126.957947,0.023,0.0,17.52,-17.34
1786957551.955,14655,0,0,0,0,1,heartbeat,0,24.7,0.06,389.85,4.2,0,ttc_capped,0.0237,table,1,37.496712,126.957741,0.019,177.7,1,37.496536,126.957947,0.023,0.0,17.54,-17.39
1786957552.223,14657,0,0,0,0,1,heartbeat,0,24.75,0.04,602.04,4.2,0,ttc_capped,0.0275,table,1,37.496712,126.957741,0.019,182.33,1,37.496536,126.957947,0.037,0.0,17.57,-17.43
1786957552.425,14659,0,0,0,0,1,heartbeat,0,24.79,0.03,864.44,4.2,0,ttc_capped,0.0275,table,1,37.496716,126.957741,0.018,182.8,1,37.496536,126.957947,0.037,0.0,17.59,-17.47
1786957552.627,14661,0,0,0,0,1,heartbeat,0,24.84,0.02,1343.57,4.2,0,ttc_capped,0.0202,table,1,37.496716,126.957741,0.023,182.8,1,37.496536,126.957947,0.037,0.0,17.61,-17.52
1786957552.829,14663,0,0,0,0,1,heartbeat,0,24.88,0.01,2432.07,4.2,0,ttc_capped,0.0202,table,1,37.496716,126.957741,0.024,182.8,1,37.496536,126.957947,0.037,0.0,17.63,-17.56
1786957553.031,14665,0,0,0,0,1,heartbeat,0,24.92,0.0,6644.25,4.2,0,ttc_capped,0.0202,table,1,37.496716,126.957741,0.028,182.8,1,37.496536,126.957947,0.037,0.0,17.65,-17.6
1786957553.237,14667,0,0,0,0,1,heartbeat,0,24.89,0.05,452.83,4.2,0,ttc_capped,0.0174,table,1,37.496716,126.957741,0.02,182.8,1,37.496536,126.957939,0.032,0.0,17.56,-17.64
1786957553.445,14669,0,0,0,0,1,heartbeat,0,24.8,0.14,180.48,4.2,0,ttc_capped,0.0192,table,1,37.496716,126.957741,0.023,182.8,1,37.496536,126.957939,0.032,0.0,17.39,-17.68
1786957553.661,14671,0,0,0,0,1,heartbeat,0,24.73,0.19,129.25,4.2,0,ttc_capped,0.0192,table,1,37.496712,126.957741,0.026,182.8,1,37.496536,126.957939,0.032,0.0,17.25,-17.72
1786957553.867,14673,0,0,0,0,1,heartbeat,0,24.68,0.22,111.37,4.2,0,ttc_capped,0.0237,table,1,37.496712,126.957741,0.022,0.0,1,37.496536,126.957939,0.032,0.0,17.14,-17.75
1786957554.074,14675,0,0,0,0,1,heartbeat,0,24.64,0.23,105.35,4.2,0,ttc_capped,0.0188,table,1,37.496712,126.957741,0.025,0.0,1,37.496536,126.957939,0.032,0.0,17.06,-17.78
1786957554.281,14677,0,0,0,0,1,heartbeat,0,24.67,0.2,125.49,4.2,0,ttc_capped,0.0188,table,1,37.496712,126.957741,0.031,199.62,1,37.496532,126.957939,0.034,0.0,17.0,-17.88
1786957554.483,14679,0,0,0,0,1,heartbeat,0,24.74,0.13,191.65,4.2,0,ttc_capped,0.0195,table,1,37.496712,126.957741,0.038,199.62,1,37.496532,126.957939,0.034,0.0,16.96,-18.02
1786957554.697,14681,0,0,0,0,1,heartbeat,0,24.82,0.07,336.01,4.2,0,ttc_capped,0.0246,table,1,37.496712,126.957741,0.044,199.62,1,37.496532,126.957939,0.034,0.0,16.93,-18.15
1786957554.909,14683,0,0,0,0,1,heartbeat,0,24.88,0.03,819.77,4.2,0,ttc_capped,0.0234,table,1,37.496708,126.957741,0.049,199.62,1,37.496532,126.957939,0.034,0.0,16.91,-18.25
1786957555.113,14685,0,0,0,0,1,heartbeat,0,24.94,-0.0,9999.0,18.0,0,ttc_capped,0.0672,table,1,37.496708,126.957741,0.059,199.62,1,37.496532,126.957939,0.034,0.0,16.91,-18.34
1786957555.327,14687,0,0,0,0,1,heartbeat,0,25.0,-0.03,9999.0,18.0,0,ttc_capped,0.0011,table,1,37.496708,126.957741,0.06,199.62,1,37.496532,126.957939,0.032,0.0,16.92,-18.4
1786957555.533,14689,0,0,0,0,1,heartbeat,0,25.04,-0.04,9999.0,18.0,0,ttc_capped,0.0011,table,1,37.496704,126.957741,0.069,199.62,1,37.496532,126.957939,0.032,0.0,16.93,-18.45
1786957555.743,14691,0,0,0,0,1,heartbeat,0,25.08,-0.05,9999.0,18.0,0,ttc_capped,0.0012,table,1,37.496704,126.957741,0.072,0.0,1,37.496532,126.957939,0.032,0.0,16.95,-18.48
1786957555.953,14693,0,0,0,0,1,heartbeat,0,25.11,-0.06,9999.0,18.0,0,ttc_capped,0.0012,table,1,37.496704,126.957741,0.069,0.0,1,37.496532,126.957939,0.032,0.0,16.96,-18.51
1786957556.164,14695,0,0,0,0,1,heartbeat,0,25.14,-0.06,9999.0,18.0,0,ttc_capped,0.0012,table,1,37.496704,126.957741,0.064,201.32,1,37.496532,126.957939,0.032,0.0,16.99,-18.53
1786957556.375,14697,0,0,0,0,1,heartbeat,0,25.09,-0.01,9999.0,18.0,0,ttc_capped,0.0012,table,1,37.4967,126.957741,0.056,201.86,1,37.496532,126.957932,0.037,0.0,16.91,-18.53
1786957556.586,14699,0,0,0,0,1,heartbeat,0,24.99,0.07,378.91,4.2,0,ttc_capped,0.0246,table,1,37.4967,126.957741,0.046,201.86,1,37.496532,126.957932,0.037,0.0,16.76,-18.53
1786957556.795,14700,0,0,0,0,1,heartbeat,0,24.88,0.14,182.12,4.2,0,ttc_capped,0.0246,table,1,37.4967,126.957741,0.035,201.86,1,37.496532,126.957932,0.037,0.0,16.62,-18.51
1786957556.998,14702,0,0,0,0,1,heartbeat,0,24.82,0.16,154.05,4.2,0,ttc_capped,0.0246,table,1,37.496696,126.957741,0.023,201.86,1,37.496532,126.957932,0.037,0.0,16.54,-18.51
1786957557.212,14704,0,0,0,0,1,heartbeat,0,24.77,0.17,143.93,4.2,0,ttc_capped,0.0237,table,1,37.496696,126.957741,0.022,201.86,1,37.496532,126.957932,0.037,0.0,16.48,-18.5
1786957557.413,14706,0,0,0,0,1,heartbeat,0,24.74,0.17,143.08,4.2,0,ttc_capped,0.0237,table,1,37.496696,126.957741,0.04,201.86,1,37.496532,126.957932,0.039,0.0,16.44,-18.48
1786957557.616,14708,0,0,0,0,1,heartbeat,0,24.71,0.17,148.59,4.2,0,ttc_capped,0.0084,table,1,37.496693,126.957741,0.047,192.11,1,37.496532,126.957932,0.039,0.0,16.42,-18.47
1786957557.816,14710,0,0,0,0,1,heartbeat,0,24.69,0.15,159.76,4.2,0,ttc_capped,0.027,table,1,37.496693,126.957741,0.043,187.79,1,37.496532,126.957932,0.039,0.0,16.41,-18.45
1786957558.058,14713,0,0,0,0,1,heartbeat,0,24.68,0.14,176.83,4.2,0,ttc_capped,0.0237,table,1,37.496696,126.957741,0.025,180.53,1,37.496532,126.957932,0.039,0.0,16.4,-18.44
1786957558.27,14715,0,0,0,0,1,heartbeat,0,24.67,0.12,201.08,4.2,0,ttc_capped,0.0237,table,1,37.496696,126.957748,0.029,174.49,1,37.496532,126.957932,0.027,0.0,16.4,-18.43
1786957558.488,14717,0,0,0,0,1,heartbeat,0,24.66,0.11,234.46,4.2,0,ttc_capped,0.0237,table,1,37.496696,126.957748,0.029,167.59,1,37.496532,126.957932,0.027,0.0,16.4,-18.42
1786957558.7,14719,0,0,0,0,1,heartbeat,0,24.66,0.09,280.9,4.2,0,ttc_capped,0.0237,table,1,37.4967,126.957748,0.028,161.57,1,37.496532,126.957932,0.027,0.0,16.4,-18.42
1786957558.912,14721,0,0,0,0,1,heartbeat,0,24.67,0.07,344.8,4.2,0,ttc_capped,0.0237,table,1,37.4967,126.957748,0.029,156.68,1,37.496532,126.957932,0.027,0.0,16.41,-18.42
1786957559.116,14723,0,0,0,0,1,heartbeat,0,24.67,0.06,436.2,4.2,0,ttc_capped,0.0237,table,1,37.4967,126.957748,0.03,153.58,1,37.496532,126.957932,0.027,0.0,16.42,-18.42
1786957559.328,14725,0,0,0,0,1,heartbeat,0,24.61,0.1,255.93,4.2,0,ttc_capped,0.0237,table,1,37.496704,126.957748,0.039,152.88,1,37.496532,126.957924,0.032,0.0,16.31,-18.43
1786957559.538,14727,0,0,0,0,1,heartbeat,0,24.5,0.17,148.17,4.2,0,ttc_capped,0.0237,table,1,37.496708,126.957748,0.051,150.54,1,37.496532,126.957924,0.032,0.0,16.13,-18.45
1786957559.747,14729,0,0,0,0,1,heartbeat,0,24.42,0.21,117.47,4.2,0,ttc_capped,0.0237,table,1,37.496708,126.957748,0.051,149.92,1,37.496532,126.957924,0.032,0.0,15.98,-18.47
1786957559.954,14730,0,0,0,0,1,heartbeat,0,24.34,0.23,103.8,4.2,0,ttc_capped,0.0188,table,1,37.496712,126.957756,0.049,149.08,1,37.496532,126.957924,0.032,0.0,15.84,-18.48
1786957560.158,14732,0,0,0,0,1,heartbeat,0,24.31,0.23,103.86,4.2,0,ttc_capped,0.0188,table,1,37.496716,126.957756,0.034,148.12,1,37.496532,126.957924,0.032,0.0,15.75,-18.51
1786957560.362,14734,0,0,0,0,1,heartbeat,0,24.36,0.17,143.39,4.2,0,ttc_capped,0.0179,table,1,37.496716,126.957756,0.027,147.56,1,37.496529,126.957924,0.031,0.0,15.68,-18.64
1786957560.591,14737,0,0,0,0,1,heartbeat,0,24.42,0.12,211.75,4.2,0,ttc_capped,0.0246,table,1,37.496719,126.957756,0.018,146.5,1,37.496529,126.957924,0.031,0.0,15.62,-18.77
1786957560.801,14739,0,0,0,0,1,heartbeat,0,24.47,0.07,346.15,4.2,0,ttc_capped,0.0246,table,1,37.496719,126.957756,0.013,146.38,1,37.496529,126.957924,0.031,0.0,15.58,-18.87
1786957561.013,14741,0,0,0,0,1,heartbeat,0,24.53,0.03,705.51,4.2,0,ttc_capped,0.0246,table,1,37.496723,126.957756,0.016,146.23,1,37.496529,126.957924,0.031,0.0,15.55,-18.97
1786957561.223,14743,0,0,0,0,1,heartbeat,0,24.59,0.01,3501.09,4.2,0,ttc_capped,0.0556,table,1,37.496727,126.957756,0.013,146.04,1,37.496529,126.957924,0.031,0.0,15.53,-19.06
1786957561.437,14745,0,0,0,0,1,heartbeat,0,24.64,-0.01,9999.0,18.0,0,ttc_capped,0.0012,table,1,37.496727,126.957764,0.012,146.25,1,37.496529,126.957924,0.054,0.0,15.52,-19.14
1786957561.645,14747,0,0,0,0,1,heartbeat,0,24.69,-0.03,9999.0,18.0,0,ttc_capped,0.0012,table,1,37.496731,126.957764,0.015,147.06,1,37.496529,126.957924,0.054,0.0,15.5,-19.21
1786957561.866,14749,0,0,0,0,1,heartbeat,0,24.73,-0.04,9999.0,18.0,0,ttc_capped,0.0012,table,1,37.496731,126.957764,0.02,146.92,1,37.496529,126.957924,0.054,0.0,15.49,-19.28
1786957562.073,14751,0,0,0,0,1,heartbeat,0,24.78,-0.04,9999.0,18.0,0,ttc_capped,0.0012,table,1,37.496731,126.957764,0.031,146.23,1,37.496529,126.957924,0.054,0.0,15.48,-19.34
1786957562.285,14753,0,0,0,0,1,heartbeat,0,24.82,-0.04,9999.0,18.0,0,ttc_capped,0.0012,table,1,37.496735,126.957764,0.04,146.28,1,37.496529,126.957924,0.054,0.0,15.47,-19.4
1786957562.495,14755,0,0,0,0,1,heartbeat,0,24.73,0.05,520.97,4.2,0,ttc_capped,0.0246,table,1,37.496735,126.957764,0.05,146.64,1,37.496529,126.957916,0.043,0.0,15.25,-19.46
1786957562.698,14756,0,0,0,0,1,heartbeat,0,24.61,0.13,184.23,4.2,0,ttc_capped,0.0246,table,1,37.496735,126.957764,0.05,146.7,1,37.496529,126.957916,0.043,0.0,15.04,-19.48
1786957562.918,14759,0,0,0,0,1,heartbeat,0,24.58,0.16,149.71,4.2,0,ttc_capped,0.0195,table,1,37.496735,126.957764,0.045,147.81,1,37.496529,126.957916,0.043,0.0,14.89,-19.56
1786957563.124,14761,0,0,0,0,1,heartbeat,0,24.56,0.18,136.7,4.2,0,ttc_capped,0.0188,table,1,37.496735,126.957764,0.04,149.19,1,37.496529,126.957916,0.043,0.0,14.78,-19.61
1786957563.334,14763,0,0,0,0,1,heartbeat,0,24.55,0.18,134.09,4.2,0,ttc_capped,0.0188,table,1,37.496738,126.957764,0.031,149.31,1,37.496529,126.957916,0.047,0.0,14.69,-19.67
1786957563.544,14765,0,0,0,0,1,heartbeat,0,24.55,0.18,137.99,4.2,0,ttc_capped,0.0188,table,1,37.496738,126.957764,0.026,151.36,1,37.496529,126.957916,0.047,0.0,14.62,-19.72
1786957563.756,14767,0,0,0,0,1,heartbeat,0,24.56,0.17,147.29,4.2,0,ttc_capped,0.0237,table,1,37.496738,126.957764,0.022,154.39,1,37.496529,126.957916,0.047,0.0,14.57,-19.78
1786957563.97,14769,0,0,0,0,1,heartbeat,0,24.58,0.15,161.74,4.2,0,ttc_capped,0.0237,table,1,37.496738,126.957771,0.018,155.59,1,37.496529,126.957916,0.047,0.0,14.52,-19.83
1786957564.181,14771,0,0,0,0,1,heartbeat,0,24.6,0.13,182.73,4.2,0,ttc_capped,0.0237,table,1,37.496738,126.957771,0.012,155.4,1,37.496529,126.957916,0.047,0.0,14.48,-19.88
1786957564.397,14773,0,0,0,0,1,heartbeat,0,24.68,0.07,329.63,4.2,0,ttc_capped,0.0237,table,1,37.496742,126.957771,0.011,154.76,1,37.496525,126.957916,0.044,0.0,14.45,-20.01
1786957564.605,14775,0,0,0,0,1,heartbeat,0,24.82,-0.01,9999.0,18.0,0,ttc_capped,0.0012,table,1,37.496742,126.957771,0.013,154.62,1,37.496525,126.957916,0.044,0.0,14.43,-20.19
1786957564.812,14777,0,0,0,0,1,heartbeat,0,24.94,-0.07,9999.0,18.0,0,ttc_capped,0.0012,table,1,37.496742,126.957771,0.014,154.88,1,37.496525,126.957916,0.044,0.0,14.41,-20.35
1786957565.019,14779,0,0,0,0,1,heartbeat,0,25.05,-0.11,9999.0,18.0,0,ttc_capped,0.0011,table,1,37.496746,126.957771,0.025,155.85,1,37.496525,126.957916,0.044,0.0,14.4,-20.49
1786957565.23,14781,0,0,0,0,1,heartbeat,0,25.14,-0.13,9999.0,18.0,0,ttc_capped,0.0011,table,1,37.496746,126.957771,0.029,156.84,1,37.496525,126.957916,0.044,0.0,14.39,-20.62
1786957565.451,14783,0,0,0,0,1,heartbeat,0,25.12,-0.07,9999.0,18.0,0,ttc_capped,0.0011,table,1,37.496746,126.957771,0.032,157.95,1,37.496525,126.957909,0.061,0.0,14.19,-20.73
1786957565.659,14784,0,0,0,0,1,heartbeat,0,25.06,-0.01,9999.0,18.0,0,ttc_capped,0.0012,table,1,37.496746,126.957771,0.032,157.95,1,37.496525,126.957909,0.061,0.0,14.0,-20.79
1786957565.864,14786,0,0,0,0,1,heartbeat,0,25.06,0.02,1329.44,4.2,0,ttc_capped,0.0342,table,1,37.496746,126.957771,0.035,157.95,1,37.496525,126.957909,0.061,0.0,13.88,-20.87
1786957566.077,14789,0,0,0,0,1,heartbeat,0,25.1,0.04,672.13,4.2,0,ttc_capped,0.0246,table,1,37.49675,126.957771,0.036,158.03,1,37.496525,126.957909,0.061,0.0,13.76,-20.99
1786957566.285,14791,0,0,0,0,1,heartbeat,0,25.11,0.05,505.73,4.2,0,ttc_capped,0.0246,table,1,37.49675,126.957771,0.032,158.03,1,37.496525,126.957909,0.082,0.0,13.68,-21.06
1786957566.501,14793,0,0,0,0,1,heartbeat,0,25.13,0.06,445.09,4.2,0,ttc_capped,0.0246,table,1,37.49675,126.957771,0.028,156.3,1,37.496525,126.957909,0.082,0.0,13.62,-21.13
1786957566.707,14795,0,0,0,0,1,heartbeat,0,25.16,0.06,425.42,4.2,0,ttc_capped,0.0246,table,1,37.49675,126.957771,0.031,152.39,1,37.496525,126.957909,0.082,0.0,13.57,-21.19
1786957566.919,14797,0,0,0,0,1,heartbeat,0,25.19,0.06,429.87,4.2,0,ttc_capped,0.0246,table,1,37.49675,126.957771,0.031,150.48,1,37.496525,126.957909,0.082,0.0,13.53,-21.25
1786957567.129,14799,0,0,0,0,1,heartbeat,0,25.22,0.06,452.33,4.2,0,ttc_capped,0.0246,table,1,37.49675,126.957771,0.027,149.03,1,37.496525,126.957909,0.082,0.0,13.5,-21.31
1786957567.343,14801,0,0,0,0,1,heartbeat,0,25.25,0.05,504.64,4.2,0,ttc_capped,0.0246,table,1,37.49675,126.957779,0.032,147.95,1,37.496521,126.957901,0.113,0.0,13.36,-21.43
1786957567.551,14803,0,0,0,0,1,heartbeat,0,25.28,0.04,629.66,4.2,0,ttc_capped,0.0203,table,1,37.49675,126.957779,0.032,146.62,1,37.496521,126.957901,0.113,0.0,13.14,-21.6
1786957567.763,14805,0,0,0,0,1,heartbeat,0,25.32,0.03,868.21,4.2,0,ttc_capped,0.0393,table,1,37.49675,126.957779,0.042,146.38,1,37.496521,126.957901,0.113,0.0,12.95,-21.76
1786957567.976,14807,0,0,0,0,1,heartbeat,0,25.36,0.02,1357.07,4.2,0,ttc_capped,0.0637,table,1,37.49675,126.957779,0.042,146.38,1,37.496521,126.957901,0.113,0.0,12.8,-21.89
1786957568.181,14809,0,0,0,0,1,heartbeat,0,25.4,0.01,2605.65,4.2,0,ttc_capped,0.0806,table,1,37.49675,126.957779,0.036,147.13,1,37.496521,126.957901,0.113,0.0,12.69,-22.0
1786957568.392,14811,0,0,0,0,1,heartbeat,0,25.44,0.0,9771.42,4.2,0,ttc_capped,0.0806,table,1,37.49675,126.957779,0.036,147.13,1,37.496521,126.957901,0.105,0.0,12.6,-22.1
1786957568.601,14813,0,0,0,0,1,heartbeat,0,25.48,-0.0,9999.0,18.0,0,ttc_capped,0.0806,table,1,37.49675,126.957779,0.043,148.92,1,37.496521,126.957901,0.105,0.0,12.53,-22.18
1786957568.81,14815,0,0,0,0,1,heartbeat,0,25.51,-0.01,9999.0,18.0,0,ttc_capped,0.1048,table,1,37.49675,126.957779,0.037,148.92,1,37.496521,126.957901,0.105,0.0,12.48,-22.26
1786957569.017,14816,0,0,0,0,1,heartbeat,0,25.53,-0.01,9999.0,18.0,0,ttc_capped,0.0011,table,1,37.49675,126.957779,0.037,148.92,1,37.496521,126.957901,0.105,0.0,12.48,-22.28
1786957569.226,14819,0,0,0,0,1,heartbeat,0,25.59,-0.01,9999.0,18.0,0,ttc_capped,0.0012,table,1,37.49675,126.957779,0.038,148.92,1,37.496521,126.957901,0.105,0.0,12.41,-22.37
1786957569.443,14821,0,0,0,0,1,heartbeat,0,25.74,-0.09,9999.0,18.0,0,ttc_capped,0.0011,table,1,37.49675,126.957779,0.037,148.92,1,37.496517,126.957901,0.089,0.0,12.39,-22.56
1786957569.665,14823,0,0,0,0,1,heartbeat,0,25.9,-0.17,9999.0,18.0,0,ttc_capped,0.0011,table,1,37.49675,126.957779,0.035,148.92,1,37.496517,126.957901,0.089,0.0,12.4,-22.74
1786957569.865,14825,0,0,0,0,1,heartbeat,0,26.0,-0.2,9999.0,18.0,0,ttc_capped,0.0011,table,1,37.49675,126.957779,0.032,148.92,1,37.496517,126.957901,0.089,0.0,12.38,-22.86
1786957570.071,14827,0,0,0,0,1,heartbeat,0,26.08,-0.21,9999.0,18.0,0,ttc_capped,0.0011,table,1,37.49675,126.957779,0.031,0.0,1,37.496517,126.957901,0.089,0.0,12.37,-22.96
1786957570.293,14829,0,0,0,0,1,heartbeat,0,26.11,-0.17,9999.0,18.0,0,ttc_capped,0.0011,table,1,37.49675,126.957779,0.031,0.0,1,37.496517,126.957893,0.07,0.0,12.25,-23.05
1786957570.493,14831,0,0,0,0,1,heartbeat,0,26.08,-0.1,9999.0,18.0,0,ttc_capped,0.0011,table,1,37.49675,126.957779,0.028,0.0,1,37.496517,126.957893,0.07,0.0,12.05,-23.12
1786957570.703,14833,0,0,0,0,1,heartbeat,0,26.05,-0.05,9999.0,18.0,0,ttc_capped,0.0011,table,1,37.49675,126.957779,0.029,0.0,1,37.496517,126.957893,0.07,0.0,11.88,-23.19
1786957570.915,14835,0,0,0,0,1,heartbeat,0,26.04,-0.01,9999.0,18.0,0,ttc_capped,0.0012,table,1,37.49675,126.957779,0.026,0.0,1,37.496517,126.957893,0.07,0.0,11.74,-23.24
1786957571.125,14837,0,0,0,0,1,heartbeat,0,26.03,0.02,1499.91,4.2,0,ttc_capped,0.0413,table,1,37.49675,126.957779,0.028,0.0,1,37.496517,126.957893,0.07,0.0,11.63,-23.29
1786957571.337,14839,0,0,0,0,1,heartbeat,0,26.03,0.04,705.39,4.2,0,ttc_capped,0.0203,table,1,37.49675,126.957779,0.034,0.0,1,37.496517,126.957893,0.058,0.0,11.54,-23.33
1786957571.549,14841,0,0,0,0,1,heartbeat,0,26.03,0.05,525.09,4.2,0,ttc_capped,0.0203,table,1,37.49675,126.957779,0.029,0.0,1,37.496517,126.957893,0.058,0.0,11.47,-23.37
1786957571.759,14843,0,0,0,0,1,heartbeat,0,26.04,0.06,458.53,4.2,0,ttc_capped,0.0256,table,1,37.49675,126.957779,0.028,0.0,1,37.496517,126.957893,0.058,0.0,11.42,-23.4
1786957571.97,14845,0,0,0,0,1,heartbeat,0,26.05,0.06,436.69,4.2,0,ttc_capped,0.0256,table,1,37.49675,126.957779,0.036,179.44,1,37.496517,126.957893,0.058,0.0,11.38,-23.43
1786957572.181,14847,0,0,0,0,1,heartbeat,0,26.06,0.06,441.49,4.2,0,ttc_capped,0.0246,table,1,37.49675,126.957779,0.049,176.52,1,37.496517,126.957893,0.058,0.0,11.35,-23.46
1786957572.392,14849,0,0,0,0,1,heartbeat,0,26.15,0.01,2675.29,4.2,0,ttc_capped,0.0256,table,1,37.49675,126.957779,0.062,175.42,1,37.496513,126.957893,0.073,0.0,11.33,-23.56
1786957572.604,14851,0,0,0,0,1,heartbeat,0,26.28,-0.07,9999.0,18.0,0,ttc_capped,0.0012,table,1,37.49675,126.957771,0.073,174.75,1,37.496513,126.957893,0.073,0.0,11.33,-23.72
1786957572.815,14853,0,0,0,0,1,heartbeat,0,26.4,-0.12,9999.0,18.0,0,ttc_capped,0.0012,table,1,37.49675,126.957771,0.087,174.49,1,37.496513,126.957893,0.073,0.0,11.33,-23.85
1786957573.034,14855,0,0,0,0,1,heartbeat,0,26.51,-0.15,9999.0,18.0,0,ttc_capped,0.0011,table,1,37.49675,126.957771,0.108,174.55,1,37.496513,126.957893,0.073,0.0,11.33,-23.96
1786957573.242,14857,0,0,0,0,1,heartbeat,0,26.59,-0.17,9999.0,18.0,0,ttc_capped,0.0011,table,1,37.49675,126.957771,0.106,174.6,1,37.496513,126.957893,0.073,0.0,11.34,-24.05
1786957573.45,14859,0,0,0,0,1,heartbeat,0,26.66,-0.17,9999.0,18.0,0,ttc_capped,0.0011,table,1,37.49675,126.957771,0.098,174.31,1,37.496513,126.957893,0.073,0.0,11.31,-24.14
1786957583.991,14958,2,2,0,0,1,change,0,27.28,-0.0,9999.0,18.0,0,ttc_capped,0.9515,model,1,37.49675,126.957802,0.102,185.27,1,37.496513,126.957886,0.083,0.0,9.47,-25.58
1786957584.297,14961,2,2,2,2,1,heartbeat,0,29.04,-3.9,9999.0,18.0,0,ttc_capped,0.001,table,1,37.496746,126.957802,0.118,183.27,1,37.496479,126.95784,0.018,0.0,6.51,-28.3
1786957584.502,14963,2,2,2,2,1,heartbeat,0,30.02,-4.47,9999.0,18.0,0,ttc_capped,0.001,table,1,37.496746,126.957809,0.122,183.27,1,37.496479,126.95784,0.018,0.0,5.11,-29.58
1786957584.746,14966,2,2,2,2,1,heartbeat,0,30.48,-3.51,9999.0,18.0,0,ttc_capped,0.001,table,1,37.496746,126.957809,0.11,183.27,1,37.496479,126.95784,0.018,0.0,4.43,-30.16
1786957584.957,14968,2,2,2,2,1,heartbeat,0,30.51,-2.47,9999.0,18.0,0,ttc_capped,0.001,table,1,37.496746,126.957809,0.104,183.27,1,37.496479,126.95784,0.018,0.0,4.35,-30.2
1786957585.166,14970,2,2,2,2,1,heartbeat,0,30.47,-1.76,9999.0,18.0,0,ttc_capped,0.001,table,1,37.496746,126.957809,0.107,183.27,1,37.496479,126.95784,0.018,0.0,4.36,-30.16
1786957585.378,14972,2,2,2,2,1,heartbeat,0,30.41,-1.28,9999.0,18.0,0,ttc_capped,0.001,table,1,37.496746,126.957809,0.106,176.21,1,37.496479,126.95784,0.042,0.0,4.4,-30.09
1786957585.59,14974,2,2,2,2,1,heartbeat,0,30.35,-0.95,9999.0,18.0,0,ttc_capped,0.001,table,1,37.496746,126.957809,0.094,176.21,1,37.496479,126.95784,0.042,0.0,4.44,-30.02
1786957585.801,14976,2,2,2,2,1,heartbeat,0,30.29,-0.72,9999.0,18.0,0,ttc_capped,0.0011,table,1,37.496746,126.957809,0.075,176.21,1,37.496479,126.95784,0.042,0.0,4.48,-29.95
1786957586.008,14978,2,2,2,2,1,heartbeat,0,30.23,-0.55,9999.0,18.0,0,ttc_capped,0.0011,table,1,37.496746,126.957809,0.062,180.01,1,37.496479,126.95784,0.042,0.0,4.51,-29.89
1786957586.215,14980,2,2,2,2,1,heartbeat,0,30.17,-0.42,9999.0,18.0,0,ttc_capped,0.0011,table,1,37.496746,126.957809,0.056,180.29,1,37.496479,126.95784,0.042,0.0,4.54,-29.83
1786957586.32,14981,0,0,2,2,1,change,0,30.15,-0.37,9999.0,18.0,0,ttc_capped,0.0011,table,1,37.496746,126.957809,0.051,180.29,1,37.496479,126.95784,0.055,0.0,4.55,-29.81
1786957586.531,14983,0,0,0,0,1,heartbeat,0,30.11,-0.28,9999.0,18.0,0,ttc_capped,0.0011,table,1,37.496746,126.957809,0.044,180.29,1,37.496479,126.95784,0.055,0.0,4.57,-29.76
1786957586.752,14985,0,0,0,0,1,heartbeat,0,30.07,-0.21,9999.0,18.0,0,ttc_capped,0.0011,table,1,37.496746,126.957809,0.032,180.29,1,37.496479,126.95784,0.055,0.0,4.58,-29.72
1786957586.957,14987,0,0,0,0,1,heartbeat,0,30.03,-0.16,9999.0,18.0,0,ttc_capped,0.0012,table,1,37.496746,126.957809,0.025,180.29,1,37.496479,126.95784,0.055,0.0,4.59,-29.68
1786957587.16,14988,0,0,0,0,1,heartbeat,0,29.98,-0.09,9999.0,18.0,0,ttc_capped,0.0008,table,1,37.496746,126.957809,0.025,180.29,1,37.496479,126.95784,0.055,0.0,4.65,-29.61
1786957587.382,14991,0,0,0,0,1,heartbeat,0,29.95,-0.06,9999.0,18.0,0,ttc_capped,0.0012,table,1,37.496746,126.957809,0.031,178.71,1,37.496479,126.95784,0.068,0.0,4.63,-29.59
1786957587.584,14993,0,0,0,0,1,heartbeat,0,29.93,-0.04,9999.0,18.0,0,ttc_capped,0.0012,table,1,37.496746,126.957817,0.047,176.95,1,37.496479,126.95784,0.068,0.0,4.61,-29.57
1786957587.794,14995,0,0,0,0,1,heartbeat,0,29.91,-0.02,9999.0,18.0,0,ttc_capped,0.0012,table,1,37.496746,126.957817,0.066,176.95,1,37.496479,126.95784,0.068,0.0,4.59,-29.55
1786957588.01,14997,0,0,0,0,1,heartbeat,0,29.89,-0.0,9999.0,18.0,0,ttc_capped,0.1052,table,1,37.496746,126.957817,0.085,180.68,1,37.496479,126.95784,0.068,0.0,4.57,-29.54
1786957588.217,14999,0,0,0,0,1,heartbeat,0,29.87,0.01,4211.6,4.2,0,ttc_capped,0.0215,table,1,37.496746,126.957817,0.116,182.95,1,37.496479,126.95784,0.068,0.0,4.54,-29.52
1786957588.426,15001,0,0,0,0,1,heartbeat,0,29.86,0.02,1987.73,4.2,0,ttc_capped,0.0215,table,1,37.496746,126.957817,0.117,182.95,1,37.496479,126.95784,0.06,0.0,4.52,-29.51
1786957588.638,15003,0,0,0,0,1,heartbeat,0,29.84,0.02,1476.76,4.2,0,ttc_capped,0.0215,table,1,37.496746,126.957817,0.107,182.95,1,37.496479,126.95784,0.06,0.0,4.49,-29.5
1786957588.848,15005,0,0,0,0,1,heartbeat,0,29.83,0.02,1287.37,4.2,0,ttc_capped,0.0215,table,1,37.496746,126.957817,0.098,182.95,1,37.496479,126.95784,0.06,0.0,4.46,-29.5
1786957589.059,15007,0,0,0,0,1,heartbeat,0,29.82,0.02,1223.84,4.2,0,ttc_capped,0.0215,table,1,37.496746,126.957817,0.085,182.95,1,37.496479,126.95784,0.06,0.0,4.42,-29.49
1786957589.272,15009,0,0,0,0,1,heartbeat,0,29.82,0.02,1232.72,4.2,0,ttc_capped,0.0215,table,1,37.496746,126.957817,0.068,182.95,1,37.496479,126.95784,0.06,0.0,4.39,-29.49
1786957589.487,15011,0,0,0,0,1,heartbeat,0,29.81,0.02,1298.05,4.2,0,ttc_capped,0.0215,table,1,37.496746,126.957817,0.069,182.95,1,37.496479,126.95784,0.058,0.0,4.36,-29.49
1786957589.688,15012,0,0,0,0,1,heartbeat,0,29.81,0.02,1484.09,4.2,0,ttc_capped,0.0362,table,1,37.496746,126.957817,0.069,182.95,1,37.496479,126.95784,0.058,0.0,4.34,-29.49
1786957589.889,15014,0,0,0,0,1,heartbeat,0,29.81,0.02,1672.09,4.2,0,ttc_capped,0.0362,table,1,37.496746,126.957817,0.076,0.0,1,37.496479,126.95784,0.058,0.0,4.3,-29.5
1786957590.094,15016,0,0,0,0,1,heartbeat,0,29.8,0.02,1933.07,4.2,0,ttc_capped,0.0362,table,1,37.496746,126.957817,0.06,0.0,1,37.496479,126.95784,0.058,0.0,4.26,-29.5
1786957590.294,15018,0,0,0,0,1,heartbeat,0,29.8,0.01,2290.56,4.2,0,ttc_capped,0.0362,table,1,37.496746,126.957817,0.042,0.0,1,37.496479,126.95784,0.057,0.0,4.22,-29.5
1786957590.496,15020,0,0,0,0,1,heartbeat,0,29.8,0.01,2783.2,4.2,0,ttc_capped,0.0215,table,1,37.496746,126.957817,0.036,0.0,1,37.496479,126.95784,0.057,0.0,4.19,-29.51
1786957590.698,15022,0,0,0,0,1,heartbeat,0,29.8,0.01,3461.64,4.2,0,ttc_capped,0.0215,table,1,37.496746,126.957825,0.025,0.0,1,37.496479,126.95784,0.057,0.0,4.14,-29.51
1786957590.904,15024,0,0,0,0,1,heartbeat,0,29.8,0.01,4454.56,4.2,0,ttc_capped,0.0362,table,1,37.496746,126.957825,0.022,0.0,1,37.496479,126.95784,0.057,0.0,4.1,-29.51
1786957591.114,15026,0,0,0,0,1,heartbeat,0,29.8,0.0,5993.23,4.2,0,ttc_capped,0.0362,table,1,37.496746,126.957825,0.027,0.0,1,37.496479,126.95784,0.057,0.0,4.05,-29.52
1786957591.316,15028,0,0,0,0,1,heartbeat,0,29.79,0.0,8474.4,4.2,0,ttc_capped,0.0362,table,1,37.496746,126.957825,0.025,0.0,1,37.496479,126.95784,0.049,0.0,4.0,-29.52
1786957591.52,15030,0,0,0,0,1,heartbeat,0,29.79,0.0,12937.15,4.2,0,ttc_capped,0.0362,table,1,37.496746,126.957825,0.029,0.0,1,37.496479,126.95784,0.049,0.0,3.96,-29.53
1786957591.722,15032,0,0,0,0,1,heartbeat,0,29.79,0.0,22468.26,4.83,0,ttc_capped,0.0355,table,1,37.496746,126.957825,0.029,0.0,1,37.496479,126.95784,0.049,0.0,3.91,-29.53
1786957591.936,15034,0,0,0,0,1,heartbeat,0,29.79,0.0,54342.88,4.2,0,ttc_capped,0.0362,table,1,37.496746,126.957825,0.035,0.0,1,37.496479,126.95784,0.049,0.0,3.87,-29.54
1786957592.146,15036,2,2,0,0,1,change,0,29.79,-0.0,9999.0,18.0,0,ttc_capped,0.1671,model,1,37.496746,126.957825,0.037,0.0,1,37.496479,126.95784,0.049,0.0,3.82,-29.54
1786957592.354,15038,2,2,2,2,1,heartbeat,0,29.78,-0.0,9999.0,18.0,0,ttc_capped,0.1671,model,1,37.496742,126.957825,0.042,0.0,1,37.496479,126.95784,0.043,0.0,3.78,-29.54
1786957592.566,15040,2,2,2,2,1,heartbeat,0,29.77,-0.0,9999.0,18.0,0,ttc_capped,0.1671,model,1,37.496742,126.957825,0.04,0.0,1,37.496479,126.95784,0.043,0.0,3.74,-29.53
1786957592.776,15042,2,2,2,2,1,heartbeat,0,29.76,-0.0,9999.0,18.0,0,ttc_capped,0.1052,table,1,37.496742,126.957825,0.028,0.0,1,37.496479,126.95784,0.043,0.0,3.7,-29.53
1786957592.978,15044,2,2,2,2,1,heartbeat,0,29.74,-0.0,9999.0,18.0,0,ttc_capped,0.1052,table,1,37.496738,126.957832,0.049,0.0,1,37.496479,126.95784,0.043,0.0,3.65,-29.52
1786957593.194,15046,2,2,2,2,1,heartbeat,0,29.72,-0.0,9999.0,18.0,0,ttc_capped,0.1052,table,1,37.496738,126.957832,0.089,0.0,1,37.496479,126.95784,0.043,0.0,3.6,-29.51
1786957593.469,15048,2,2,2,2,1,heartbeat,0,29.7,-0.0,9999.0,18.0,0,ttc_capped,0.1671,model,1,37.496735,126.957832,0.116,0.0,1,37.496479,126.95784,0.029,0.0,3.55,-29.49
1786957593.671,15050,2,2,2,2,1,heartbeat,0,29.68,-0.0,9999.0,18.0,0,ttc_capped,0.1671,model,1,37.496735,126.957832,0.113,0.0,1,37.496479,126.95784,0.029,0.0,3.5,-29.47
1786957593.879,15052,2,2,2,2,1,heartbeat,0,29.66,-0.0,9999.0,18.0,0,ttc_capped,0.1671,model,1,37.496735,126.957832,0.109,0.0,1,37.496479,126.95784,0.029,0.0,3.46,-29.46
1786957594.084,15054,2,2,2,2,1,heartbeat,0,29.64,-0.0,9999.0,18.0,0,ttc_capped,0.1671,model,1,37.496735,126.957832,0.108,194.88,1,37.496479,126.95784,0.029,0.0,3.41,-29.44
1786957594.287,15056,2,2,2,2,1,heartbeat,0,29.63,0.0,99199.45,4.2,0,ttc_capped,0.0362,table,1,37.496735,126.957832,0.092,194.88,1,37.496479,126.95784,0.033,0.0,3.39,-29.43
1786957594.487,15058,2,2,2,2,1,heartbeat,0,29.61,0.0,153350.18,4.2,0,ttc_capped,0.0362,table,1,37.496735,126.957832,0.076,194.88,1,37.496479,126.95784,0.033,0.0,3.34,-29.42
1786957594.693,15060,2,2,2,2,1,heartbeat,0,29.59,0.0,127409.82,4.2,0,ttc_capped,0.0362,table,1,37.496735,126.957832,0.071,194.88,1,37.496479,126.95784,0.033,0.0,3.3,-29.4
1786957594.894,15062,2,2,2,2,1,heartbeat,0,29.57,0.0,95030.61,4.2,0,ttc_capped,0.0362,table,1,37.496735,126.957832,0.071,189.5,1,37.496479,126.95784,0.033,0.0,3.25,-29.39
1786957595.101,15064,2,2,2,2,1,heartbeat,0,29.54,0.0,50346.8,4.2,0,ttc_capped,0.0362,table,1,37.496731,126.95784,0.07,187.95,1,37.496479,126.95784,0.033,0.0,3.2,-29.37
1786957595.312,15066,2,2,2,2,1,heartbeat,0,29.45,0.05,574.75,21.0,0,ttc_capped,0.0452,table,1,37.496731,126.95784,0.053,187.95,1,37.496483,126.95784,0.037,0.0,3.15,-29.28
1786957595.519,15068,2,2,2,2,1,heartbeat,0,29.3,0.13,227.0,20.38,0,ttc_capped,0.039,table,1,37.496731,126.95784,0.079,183.86,1,37.496483,126.95784,0.037,0.0,3.09,-29.14
1786957595.727,15070,2,2,2,2,1,heartbeat,0,29.18,0.18,161.85,20.11,0,ttc_capped,0.0339,table,1,37.496727,126.95784,0.084,183.86,1,37.496483,126.95784,0.037,0.0,3.04,-29.02
1786957595.933,15072,2,2,2,2,1,heartbeat,0,29.07,0.21,138.76,20.11,0,ttc_capped,0.0241,table,1,37.496727,126.95784,0.078,185.78,1,37.496483,126.95784,0.037,0.0,2.99,-28.91
1786957596.145,15074,2,2,2,2,1,heartbeat,0,28.97,0.22,130.85,20.22,0,ttc_capped,0.0236,table,1,37.496727,126.95784,0.065,185.78,1,37.496483,126.95784,0.037,0.0,2.94,-28.83
1786957596.249,15075,0,0,2,2,1,change,0,28.93,0.22,130.17,20.29,0,ttc_capped,0.0236,table,1,37.496727,126.95784,0.046,185.78,1,37.496483,126.95784,0.044,0.0,2.91,-28.79
1786957596.462,15077,0,0,0,0,1,heartbeat,0,28.86,0.22,133.69,20.45,0,ttc_capped,0.0282,table,1,37.496727,126.95784,0.033,185.78,1,37.496483,126.95784,0.044,0.0,2.87,-28.72
1786957596.667,15079,0,0,0,0,1,heartbeat,0,28.81,0.2,142.76,20.64,0,ttc_capped,0.0259,table,1,37.496727,126.95784,0.043,185.78,1,37.496483,126.95784,0.044,0.0,2.82,-28.67
1786957596.875,15081,0,0,0,0,1,heartbeat,0,28.76,0.18,157.42,20.85,0,ttc_capped,0.0208,table,1,37.496727,126.95784,0.059,185.78,1,37.496483,126.95784,0.044,0.0,2.77,-28.63
1786957597.085,15083,0,0,0,0,1,heartbeat,0,28.72,0.16,178.66,21.0,0,ttc_capped,0.0208,table,1,37.496727,126.95784,0.067,185.78,1,37.496483,126.95784,0.044,0.0,2.72,-28.59
1786957597.293,15085,0,0,0,0,1,heartbeat,0,28.68,0.14,207.81,21.0,0,ttc_capped,0.0208,table,1,37.496723,126.95784,0.069,185.78,1,37.496483,126.95784,0.035,0.0,2.68,-28.56
1786957597.499,15087,0,0,0,0,1,heartbeat,0,28.65,0.12,245.43,21.0,0,ttc_capped,0.0262,table,1,37.496723,126.95784,0.066,0.0,1,37.496483,126.95784,0.035,0.0,2.63,-28.53
1786957597.701,15089,0,0,0,0,1,heartbeat,0,28.62,0.1,297.63,21.0,0,ttc_capped,0.0262,table,1,37.496723,126.95784,0.061,0.0,1,37.496483,126.95784,0.035,0.0,2.59,-28.5
1786957597.901,15091,0,0,0,0,1,heartbeat,0,28.59,0.08,370.4,21.0,0,ttc_capped,0.0262,table,1,37.496723,126.95784,0.058,0.0,1,37.496483,126.95784,0.035,0.0,2.54,-28.48
1786957598.125,15093,0,0,0,0,1,heartbeat,0,28.56,0.06,475.35,21.0,0,ttc_capped,0.0262,table,1,37.496723,126.95784,0.052,0.0,1,37.496483,126.95784,0.035,0.0,2.5,-28.45
1786957598.388,15095,0,0,0,0,1,heartbeat,0,28.54,0.04,741.76,21.0,0,ttc_capped,0.0325,table,1,37.496719,126.957848,0.048,0.0,1,37.496483,126.95784,0.03,0.0,2.45,-28.43
1786957598.589,15097,0,0,0,0,1,heartbeat,0,28.5,0.03,1063.24,21.0,0,ttc_capped,0.0325,table,1,37.496719,126.957848,0.04,0.0,1,37.496483,126.95784,0.03,0.0,2.4,-28.4
1786957598.793,15099,0,0,0,0,1,heartbeat,0,28.47,0.02,1664.4,21.0,0,ttc_capped,0.0325,table,1,37.496719,126.957848,0.035,0.0,1,37.496483,126.95784,0.03,0.0,2.35,-28.37
1786957598.995,15101,0,0,0,0,1,heartbeat,0,28.44,0.01,3035.44,20.68,0,ttc_capped,0.0282,table,1,37.496719,126.957848,0.041,0.0,1,37.496483,126.95784,0.03,0.0,2.29,-28.35
1786957599.2,15103,0,0,0,0,1,heartbeat,0,28.41,0.0,9070.93,4.2,0,ttc_capped,0.0362,table,1,37.496723,126.957848,0.045,0.0,1,37.496483,126.95784,0.03,0.0,2.24,-28.32
1786957599.401,15105,2,2,0,0,1,change,0,28.39,-0.0,9999.0,18.0,0,ttc_capped,0.1671,model,1,37.496723,126.957848,0.043,0.0,1,37.496483,126.95784,0.023,0.0,2.19,-28.3
1786957599.613,15107,2,2,2,2,1,heartbeat,0,28.36,-0.0,9999.0,18.0,0,ttc_capped,0.1671,model,1,37.496723,126.95784,0.039,0.0,1,37.496483,126.95784,0.023,0.0,2.16,-28.28
1786957599.822,15109,2,2,2,2,1,heartbeat,0,28.34,-0.01,9999.0,18.0,0,ttc_capped,0.1671,model,1,37.496723,126.95784,0.04,186.22,1,37.496483,126.95784,0.023,0.0,2.12,-28.26
1786957600.029,15111,2,2,2,2,1,heartbeat,0,28.32,-0.01,9999.0,18.0,0,ttc_capped,0.0014,table,1,37.496727,126.95784,0.087,186.22,1,37.496483,126.95784,0.023,0.0,2.09,-28.24
1786957600.237,15113,2,2,2,2,1,heartbeat,0,28.31,-0.01,9999.0,18.0,0,ttc_capped,0.0008,table,1,37.496727,126.95784,0.112,186.22,1,37.496483,126.957848,0.022,0.0,2.16,-28.23
1786957600.446,15115,2,2,2,2,1,heartbeat,0,28.3,-0.03,9999.0,18.0,0,ttc_capped,0.0008,table,1,37.496727,126.95784,0.08,186.22,1,37.496483,126.957848,0.022,0.0,2.31,-28.21
1786957600.651,15117,2,2,2,2,1,heartbeat,0,28.3,-0.03,9999.0,18.0,0,ttc_capped,0.0008,table,1,37.496731,126.95784,0.086,184.07,1,37.496483,126.957848,0.022,0.0,2.42,-28.2
1786957600.855,15119,2,2,2,2,1,heartbeat,0,28.3,-0.04,9999.0,18.0,0,ttc_capped,0.0008,table,1,37.496731,126.95784,0.088,184.07,1,37.496483,126.957848,0.022,0.0,2.51,-28.19
1786957601.065,15121,2,2,2,2,1,heartbeat,0,28.3,-0.04,9999.0,18.0,0,ttc_capped,0.0012,table,1,37.496731,126.95784,0.083,184.07,1,37.496483,126.957848,0.022,0.0,2.57,-28.18
1786957601.273,15123,2,2,2,2,1,heartbeat,0,28.23,0.01,2236.34,4.2,0,ttc_capped,0.0491,table,1,37.496731,126.95784,0.077,185.58,1,37.496487,126.957848,0.026,0.0,2.61,-28.1
1786957601.479,15125,2,2,2,2,1,heartbeat,0,28.11,0.09,304.19,4.2,0,ttc_capped,0.0339,table,1,37.496735,126.957832,0.079,185.58,1,37.496487,126.957848,0.026,0.0,2.64,-27.98
1786957601.688,15127,2,2,2,2,1,heartbeat,0,28.01,0.15,191.33,4.2,0,ttc_capped,0.0175,table,1,37.496735,126.957832,0.076,185.58,1,37.496487,126.957848,0.026,0.0,2.65,-27.88
1786957601.897,15129,2,2,2,2,1,heartbeat,0,27.93,0.18,155.71,4.2,0,ttc_capped,0.0215,table,1,37.496735,126.957832,0.07,185.58,1,37.496487,126.957848,0.026,0.0,2.65,-27.81
1786957601.978,15129,0,0,2,2,1,change,0,27.9,0.19,147.32,4.2,0,ttc_capped,0.0304,table,1,37.496735,126.957832,0.07,185.58,1,37.496487,126.957848,0.026,0.0,2.65,-27.78
1786957602.185,15131,0,0,0,0,1,heartbeat,0,27.85,0.2,139.83,4.2,0,ttc_capped,0.0362,table,1,37.496735,126.957832,0.063,187.61,1,37.496487,126.957848,0.026,0.0,2.64,-27.72
1786957602.388,15133,0,0,0,0,1,heartbeat,0,27.81,0.2,140.48,4.2,0,ttc_capped,0.0215,table,1,37.496735,126.957832,0.055,187.61,1,37.496487,126.957848,0.023,0.0,2.62,-27.68
1786957602.588,15135,0,0,0,0,1,heartbeat,0,27.78,0.19,147.07,4.2,0,ttc_capped,0.0215,table,1,37.496735,126.957832,0.047,187.61,1,37.496487,126.957848,0.023,0.0,2.6,-27.65
1786957602.792,15137,0,0,0,0,1,heartbeat,0,27.75,0.17,159.24,4.2,0,ttc_capped,0.0215,table,1,37.496735,126.95784,0.036,187.61,1,37.496487,126.957848,0.023,0.0,2.57,-27.64
1786957603.043,15140,0,0,0,0,1,heartbeat,0,27.73,0.16,177.28,4.2,0,ttc_capped,0.0291,table,1,37.496735,126.95784,0.042,187.61,1,37.496487,126.957848,0.023,0.0,2.52,-27.61
1786957603.253,15142,0,0,0,0,1,heartbeat,0,27.72,0.14,203.03,4.2,0,ttc_capped,0.0291,table,1,37.496735,126.95784,0.051,187.61,1,37.496487,126.957848,0.023,0.0,2.48,-27.61
1786957603.459,15144,0,0,0,0,1,heartbeat,0,27.72,0.12,238.14,4.2,0,ttc_capped,0.0291,table,1,37.496735,126.95784,0.047,187.61,1,37.496487,126.957848,0.035,0.0,2.43,-27.61
1786957603.664,15146,0,0,0,0,1,heartbeat,0,27.72,0.1,286.44,4.2,0,ttc_capped,0.0328,table,1,37.496735,126.95784,0.045,0.0,1,37.496487,126.957848,0.035,0.0,2.39,-27.61
1786957603.876,15148,0,0,0,0,1,heartbeat,0,27.72,0.08,354.21,4.2,0,ttc_capped,0.0355,table,1,37.496735,126.95784,0.037,0.0,1,37.496487,126.957848,0.035,0.0,2.35,-27.62
1786957604.09,15150,0,0,0,0,1,heartbeat,0,27.72,0.06,451.87,10.8,0,ttc_capped,0.0355,table,1,37.496738,126.95784,0.036,0.0,1,37.496487,126.957848,0.035,0.0,2.31,-27.63
1786957604.299,15152,0,0,0,0,1,heartbeat,0,27.73,0.05,600.23,21.0,0,ttc_capped,0.0262,table,1,37.496738,126.95784,0.042,0.0,1,37.496487,126.957848,0.035,0.0,2.28,-27.64
1786957604.514,15153,0,0,0,0,1,heartbeat,0,27.75,0.03,1009.97,4.88,0,ttc_capped,0.0355,table,1,37.496738,126.95784,0.042,0.0,1,37.496487,126.957848,0.048,0.0,2.25,-27.66
1786957604.715,15155,0,0,0,0,1,heartbeat,0,27.76,0.02,1580.49,4.2,0,ttc_capped,0.0291,table,1,37.496738,126.95784,0.05,0.0,1,37.496487,126.957848,0.048,0.0,2.22,-27.67
1786957604.916,15157,0,0,0,0,1,heartbeat,0,27.77,0.01,2847.84,4.2,0,ttc_capped,0.0215,table,1,37.496738,126.95784,0.05,0.0,1,37.496487,126.957848,0.048,0.0,2.19,-27.68
1786957605.127,15159,0,0,0,0,1,heartbeat,0,27.78,0.0,7868.46,4.2,0,ttc_capped,0.0362,table,1,37.496738,126.95784,0.04,0.0,1,37.496487,126.957848,0.048,0.0,2.16,-27.69
1786957605.33,15161,2,2,0,0,1,change,0,27.79,-0.0,9999.0,18.0,0,ttc_capped,0.1671,model,1,37.496742,126.95784,0.047,0.0,1,37.496487,126.957848,0.078,0.0,2.13,-27.71
1786957605.535,15163,2,2,2,2,1,heartbeat,0,27.8,-0.0,9999.0,18.0,0,ttc_capped,0.1671,model,1,37.496742,126.95784,0.045,0.0,1,37.496487,126.957848,0.078,0.0,2.1,-27.72
1786957605.736,15165,2,2,2,2,1,heartbeat,0,27.82,-0.01,9999.0,18.0,0,ttc_capped,0.0014,table,1,37.496742,126.95784,0.044,0.0,1,37.496487,126.957848,0.078,0.0,2.08,-27.74
1786957605.942,15167,2,2,2,2,1,heartbeat,0,27.83,-0.01,9999.0,18.0,0,ttc_capped,0.0014,table,1,37.496742,126.95784,0.041,0.0,1,37.496487,126.957848,0.078,0.0,2.05,-27.75
1786957606.142,15169,2,2,2,2,1,heartbeat,0,27.84,-0.01,9999.0,18.0,0,ttc_capped,0.0011,table,1,37.496742,126.95784,0.039,0.0,1,37.496487,126.957848,0.078,0.0,2.03,-27.77
1786957606.344,15171,2,2,2,2,1,heartbeat,0,27.85,-0.01,9999.0,18.0,0,ttc_capped,0.0011,table,1,37.496742,126.95784,0.042,0.0,1,37.496487,126.957848,0.06,0.0,2.01,-27.78
1786957606.546,15173,2,2,2,2,1,heartbeat,0,27.86,-0.01,9999.0,18.0,0,ttc_capped,0.0011,table,1,37.496742,126.95784,0.043,187.52,1,37.496487,126.957848,0.06,0.0,1.99,-27.79
1786957606.76,15175,2,2,2,2,1,heartbeat,0,27.87,-0.01,9999.0,18.0,0,ttc_capped,0.0011,table,1,37.496742,126.95784,0.043,187.52,1,37.496487,126.957848,0.06,0.0,1.97,-27.8
1786957606.962,15177,2,2,2,2,1,heartbeat,0,27.88,-0.01,9999.0,18.0,0,ttc_capped,0.0011,table,1,37.496742,126.95784,0.042,187.52,1,37.496487,126.957848,0.06,0.0,1.94,-27.81
1786957607.172,15179,2,2,2,2,1,heartbeat,0,27.89,-0.01,9999.0,18.0,0,ttc_capped,0.1433,model,1,37.496742,126.95784,0.042,185.88,1,37.496487,126.957848,0.06,0.0,1.92,-27.82
1786957607.384,15181,2,2,2,2,1,heartbeat,0,27.91,-0.02,9999.0,18.0,0,ttc_capped,0.0008,table,1,37.496742,126.95784,0.047,185.88,1,37.496487,126.957855,0.035,0.0,2.08,-27.83
1786957607.59,15183,2,2,2,2,1,heartbeat,0,27.93,-0.02,9999.0,18.0,0,ttc_capped,0.0012,table,1,37.496742,126.95784,0.043,185.88,1,37.496487,126.957855,0.035,0.0,2.21,-27.84
1786957607.868,15185,2,2,2,2,1,heartbeat,0,27.95,-0.03,9999.0,18.0,0,ttc_capped,0.0012,table,1,37.496742,126.95784,0.053,185.88,1,37.496487,126.957855,0.035,0.0,2.35,-27.85
1786957608.071,15187,2,2,2,2,1,heartbeat,0,27.96,-0.03,9999.0,18.0,0,ttc_capped,0.0008,table,1,37.496742,126.95784,0.058,185.88,1,37.496487,126.957855,0.035,0.0,2.42,-27.86
1786957608.274,15189,2,2,2,2,1,heartbeat,0,27.93,0.01,3496.2,4.2,0,ttc_capped,0.0638,table,1,37.496742,126.95784,0.041,189.77,1,37.49649,126.957855,0.048,0.0,2.46,-27.82
1786957608.476,15191,2,2,2,2,1,heartbeat,0,27.86,0.07,416.85,4.2,0,ttc_capped,0.0227,table,1,37.496746,126.95784,0.029,189.77,1,37.49649,126.957855,0.048,0.0,2.49,-27.75
1786957608.678,15193,2,2,2,2,1,heartbeat,0,27.81,0.11,258.83,4.2,0,ttc_capped,0.0304,table,1,37.496746,126.957848,0.061,189.77,1,37.49649,126.957855,0.048,0.0,2.49,-27.69
1786957608.882,15195,2,2,2,2,1,heartbeat,0,27.76,0.13,209.28,4.2,0,ttc_capped,0.0215,table,1,37.496746,126.957848,0.079,189.77,1,37.49649,126.957855,0.048,0.0,2.48,-27.65
1786957609.098,15197,2,2,2,2,1,heartbeat,0,27.73,0.15,190.96,4.2,0,ttc_capped,0.0215,table,1,37.49675,126.957848,0.086,189.77,1,37.49649,126.957855,0.048,0.0,2.46,-27.62
1786957609.303,15199,0,0,2,2,1,change,0,27.72,0.15,187.12,4.2,0,ttc_capped,0.0215,table,1,37.49675,126.957848,0.092,189.77,1,37.49649,126.957855,0.06,0.0,2.43,-27.61
1786957609.506,15201,0,0,0,0,1,heartbeat,0,27.71,0.14,192.52,4.2,0,ttc_capped,0.0215,table,1,37.49675,126.957848,0.079,189.77,1,37.49649,126.957855,0.06,0.0,2.4,-27.61
1786957609.721,15203,0,0,0,0,1,heartbeat,0,27.72,0.13,206.09,4.2,0,ttc_capped,0.0197,table,1,37.49675,126.957848,0.073,0.0,1,37.49649,126.957855,0.06,0.0,2.36,-27.62
1786957609.926,15205,0,0,0,0,1,heartbeat,0,27.73,0.12,227.98,4.2,0,ttc_capped,0.0197,table,1,37.49675,126.957848,0.06,192.39,1,37.49649,126.957855,0.06,0.0,2.32,-27.63
1786957610.132,15207,0,0,0,0,1,heartbeat,0,27.74,0.11,259.41,4.2,0,ttc_capped,0.0197,table,1,37.49675,126.957848,0.059,192.39,1,37.49649,126.957855,0.06,0.0,2.28,-27.64
1786957610.338,15209,0,0,0,0,1,heartbeat,0,27.76,0.09,303.2,4.2,0,ttc_capped,0.0267,table,1,37.49675,126.957848,0.074,192.39,1,37.49649,126.957855,0.053,0.0,2.24,-27.67
1786957610.548,15211,0,0,0,0,1,heartbeat,0,27.78,0.08,364.0,4.2,0,ttc_capped,0.0267,table,1,37.49675,126.957848,0.102,192.39,1,37.49649,126.957855,0.053,0.0,2.21,-27.69
1786957610.75,15213,0,0,0,0,1,heartbeat,0,27.79,0.07,415.52,4.2,0,ttc_capped,0.0267,table,1,37.49675,126.957848,0.112,192.39,1,37.49649,126.957855,0.053,0.0,2.18,-27.7
1786957610.956,15215,0,0,0,0,1,heartbeat,0,27.82,0.05,552.6,4.2,0,ttc_capped,0.0326,table,1,37.49675,126.957848,0.116,192.39,1,37.49649,126.957855,0.053,0.0,2.14,-27.73
1786957611.164,15217,0,0,0,0,1,heartbeat,0,27.84,0.04,762.8,21.0,0,ttc_capped,0.0208,table,1,37.49675,126.957848,0.129,192.39,1,37.49649,126.957855,0.053,0.0,2.1,-27.76
1786957611.371,15219,0,0,0,0,1,heartbeat,0,27.87,0.01,2281.81,4.2,0,ttc_capped,0.0054,table,1,37.496746,126.957848,0.145,0.0,1,37.49649,126.957863,0.075,0.0,2.28,-27.78
1786957611.582,15221,0,0,0,0,1,heartbeat,0,27.91,-0.01,9999.0,18.0,0,ttc_capped,0.027,table,1,37.496746,126.957848,0.145,0.0,1,37.49649,126.957863,0.075,0.0,2.42,-27.8
1786957611.787,15223,0,0,0,0,1,heartbeat,0,27.93,-0.02,9999.0,18.0,0,ttc_capped,0.0012,table,1,37.496746,126.957848,0.127,0.0,1,37.49649,126.957863,0.075,0.0,2.53,-27.82
1786957611.989,15225,0,0,0,0,1,heartbeat,0,27.96,-0.03,9999.0,18.0,0,ttc_capped,0.0012,table,1,37.496746,126.957848,0.1,0.0,1,37.49649,126.957863,0.075,0.0,2.61,-27.83
1786957612.193,15227,0,0,0,0,1,heartbeat,0,27.98,-0.03,9999.0,18.0,0,ttc_capped,0.0012,table,1,37.496746,126.957848,0.101,0.0,1,37.49649,126.957863,0.075,0.0,2.66,-27.85
1786957612.403,15229,0,0,0,0,1,heartbeat,0,27.86,0.06,488.7,4.2,0,ttc_capped,0.0362,table,1,37.496742,126.957848,0.089,0.0,1,37.496494,126.957863,0.074,0.0,2.7,-27.73
1786957612.622,15231,0,0,0,0,1,heartbeat,0,27.8,0.09,302.98,4.2,0,ttc_capped,0.0229,table,1,37.496742,126.957848,0.076,0.0,1,37.496494,126.957863,0.074,0.0,2.74,-27.66
1786957612.825,15233,0,0,0,0,1,heartbeat,0,27.68,0.16,169.27,4.2,0,ttc_capped,0.0309,table,1,37.496742,126.957848,0.063,0.0,1,37.496494,126.957863,0.074,0.0,2.72,-27.54
1786957613.037,15235,0,0,0,0,1,heartbeat,0,27.61,0.19,147.58,4.2,0,ttc_capped,0.0309,table,1,37.496738,126.957848,0.052,0.0,1,37.496494,126.957863,0.074,0.0,2.71,-27.48
1786957613.249,15237,0,0,0,0,1,heartbeat,0,27.55,0.2,140.27,4.2,0,ttc_capped,0.0309,table,1,37.496738,126.957848,0.037,0.0,1,37.496494,126.957863,0.074,0.0,2.7,-27.42
1786957613.459,15239,0,0,0,0,1,heartbeat,0,27.5,0.19,141.29,4.2,0,ttc_capped,0.0251,table,1,37.496738,126.957848,0.051,0.0,1,37.496494,126.957863,0.057,0.0,2.67,-27.37
1786957613.69,15241,0,0,0,0,1,heartbeat,0,27.47,0.18,148.59,4.2,0,ttc_capped,0.0251,table,1,37.496738,126.957848,0.066,0.0,1,37.496494,126.957863,0.057,0.0,2.64,-27.34
1786957613.891,15243,0,0,0,0,1,heartbeat,0,27.45,0.17,162.78,4.2,0,ttc_capped,0.0251,table,1,37.496738,126.957848,0.068,0.0,1,37.496494,126.957863,0.057,0.0,2.61,-27.32
1786957614.098,15245,0,0,0,0,1,heartbeat,0,27.43,0.15,183.24,4.2,0,ttc_capped,0.0299,table,1,37.496738,126.957848,0.078,0.0,1,37.496494,126.957863,0.057,0.0,2.57,-27.31
1786957614.305,15247,0,0,0,0,1,heartbeat,0,27.43,0.13,212.27,4.2,0,ttc_capped,0.0291,table,1,37.496738,126.957848,0.101,0.0,1,37.496494,126.957863,0.057,0.0,2.54,-27.31
1786957614.516,15249,0,0,0,0,1,heartbeat,0,27.42,0.11,251.99,4.2,0,ttc_capped,0.0291,table,1,37.496738,126.957848,0.131,0.0,1,37.496494,126.957863,0.034,0.0,2.5,-27.31
1786957614.727,15250,0,0,0,0,1,heartbeat,0,27.44,0.08,341.81,4.2,0,ttc_capped,0.0346,table,1,37.496738,126.957848,0.179,0.0,1,37.496494,126.957863,0.034,0.0,2.47,-27.32
1786957614.928,15252,0,0,0,0,1,heartbeat,0,27.44,0.06,430.31,10.03,0,ttc_capped,0.0355,table,1,37.496738,126.957848,0.217,0.0,1,37.496494,126.957863,0.034,0.0,2.44,-27.33
1786957615.141,15254,0,0,0,0,1,heartbeat,0,27.44,0.05,561.9,21.0,0,ttc_capped,0.0262,table,1,37.496738,126.957848,0.209,0.0,1,37.496494,126.957863,0.034,0.0,2.42,-27.33
1786957615.346,15256,0,0,0,0,1,heartbeat,0,27.33,0.12,234.16,4.2,0,ttc_capped,0.0076,table,1,37.496738,126.957848,0.201,0.0,1,37.496498,126.95787,0.027,0.0,2.56,-27.21
1786957615.551,15258,0,0,0,0,1,heartbeat,0,27.24,0.16,170.38,4.2,0,ttc_capped,0.0076,table,1,37.496738,126.957848,0.183,0.0,1,37.496498,126.95787,0.027,0.0,2.69,-27.11
1786957615.752,15260,0,0,0,0,1,heartbeat,0,27.17,0.18,147.8,4.2,0,ttc_capped,0.0276,table,1,37.496738,126.957848,0.158,0.0,1,37.496498,126.95787,0.027,0.0,2.78,-27.03
1786957615.959,15261,0,0,0,0,1,heartbeat,0,27.12,0.19,140.46,4.2,0,ttc_capped,0.0189,table,1,37.496738,126.957848,0.158,0.0,1,37.496498,126.95787,0.027,0.0,2.86,-26.96
1786957616.163,15264,0,0,0,0,1,heartbeat,0,27.07,0.19,141.36,4.2,0,ttc_capped,0.0189,table,1,37.496738,126.957848,0.131,0.0,1,37.496498,126.95787,0.027,0.0,2.91,-26.91
1786957616.365,15266,0,0,0,0,1,heartbeat,0,27.04,0.18,148.47,4.2,0,ttc_capped,0.0187,table,1,37.496738,126.957848,0.126,0.0,1,37.496498,126.95787,0.039,0.0,2.95,-26.88
1786957616.567,15268,0,0,0,0,1,heartbeat,0,27.02,0.17,160.98,4.2,0,ttc_capped,0.0251,table,1,37.496738,126.957848,0.127,0.0,1,37.496498,126.95787,0.039,0.0,2.97,-26.85
1786957616.769,15270,0,0,0,0,1,heartbeat,0,27.01,0.15,180.0,4.2,0,ttc_capped,0.0215,table,1,37.496742,126.957848,0.162,0.0,1,37.496498,126.95787,0.039,0.0,2.97,-26.84
1786957616.971,15272,0,0,0,0,1,heartbeat,0,27.01,0.13,205.81,4.2,0,ttc_capped,0.0197,table,1,37.496742,126.957848,0.19,0.0,1,37.496498,126.95787,0.039,0.0,2.97,-26.84
1786957617.181,15274,0,0,0,0,1,heartbeat,0,27.01,0.11,241.49,4.2,0,ttc_capped,0.0197,table,1,37.496742,126.957848,0.203,0.0,1,37.496498,126.95787,0.039,0.0,2.96,-26.84
1786957617.4,15276,0,0,0,0,1,heartbeat,0,27.01,0.09,292.06,4.2,0,ttc_capped,0.0197,table,1,37.496742,126.957848,0.213,0.0,1,37.496498,126.95787,0.027,0.0,2.94,-26.85
1786957617.607,15278,0,0,0,0,1,heartbeat,0,27.02,0.07,361.74,4.2,0,ttc_capped,0.0215,table,1,37.496742,126.957848,0.214,0.0,1,37.496498,126.95787,0.027,0.0,2.92,-26.86
1786957617.891,15281,0,0,0,0,1,heartbeat,0,27.02,0.06,460.62,4.2,0,ttc_capped,0.0251,table,1,37.496738,126.957848,0.2,0.0,1,37.496498,126.95787,0.027,0.0,2.9,-26.86
1786957618.114,15283,0,0,0,0,1,heartbeat,0,27.03,0.04,711.51,4.2,0,ttc_capped,0.0215,table,1,37.496738,126.957848,0.157,0.0,1,37.496498,126.95787,0.027,0.0,2.86,-26.88
1786957618.318,15285,0,0,0,0,1,heartbeat,0,26.97,0.08,351.55,4.2,0,ttc_capped,0.0215,table,1,37.496738,126.957848,0.135,0.0,1,37.496502,126.95787,0.034,0.0,2.83,-26.82
1786957618.522,15287,0,0,0,0,1,heartbeat,0,26.85,0.14,185.79,4.2,0,ttc_capped,0.0346,table,1,37.496738,126.957848,0.123,0.0,1,37.496502,126.95787,0.034,0.0,2.81,-26.71
1786957618.735,15289,0,0,0,0,1,heartbeat,0,26.76,0.19,142.17,10.65,0,ttc_capped,0.0355,table,1,37.496738,126.957848,0.132,0.0,1,37.496502,126.95787,0.034,0.0,2.78,-26.61
1786957618.944,15291,0,0,0,0,1,heartbeat,0,26.68,0.21,125.83,16.03,0,ttc_capped,0.0227,table,1,37.496738,126.957848,0.146,0.0,1,37.496502,126.95787,0.034,0.0,2.76,-26.54
1786957619.152,15293,0,0,0,0,1,heartbeat,0,26.62,0.22,120.79,19.46,0,ttc_capped,0.0227,table,1,37.496738,126.957848,0.186,0.0,1,37.496502,126.95787,0.034,0.0,2.74,-26.48
1786957619.364,15295,0,0,0,0,1,heartbeat,0,26.59,0.21,127.66,4.2,0,ttc_capped,0.0291,table,1,37.496738,126.957848,0.209,0.0,1,37.496502,126.957878,0.04,0.0,2.82,-26.44
1786957619.574,15297,0,0,0,0,1,heartbeat,0,26.58,0.18,146.5,4.2,0,ttc_capped,0.0187,table,1,37.496742,126.95784,0.212,0.0,1,37.496502,126.957878,0.04,0.0,3.01,-26.41
1786957619.786,15299,0,0,0,0,1,heartbeat,0,26.58,0.15,173.5,4.2,0,ttc_capped,0.0189,table,1,37.496742,126.95784,0.228,0.0,1,37.496502,126.957878,0.04,0.0,3.16,-26.4
1786957619.997,15301,0,0,0,0,1,heartbeat,0,26.59,0.13,210.59,4.2,0,ttc_capped,0.0189,table,1,37.496742,126.95784,0.231,0.0,1,37.496502,126.957878,0.04,0.0,3.28,-26.39
1786957620.207,15303,0,0,0,0,1,heartbeat,0,26.61,0.1,265.21,4.2,0,ttc_capped,0.0189,table,1,37.496742,126.95784,0.222,0.0,1,37.496502,126.957878,0.04,0.0,3.38,-26.39
1786957620.418,15305,0,0,0,0,1,heartbeat,0,26.62,0.08,346.1,4.2,0,ttc_capped,0.0189,table,1,37.496742,126.95784,0.243,0.0,1,37.496502,126.957878,0.03,0.0,3.45,-26.4
1786957620.629,15307,0,0,0,0,1,heartbeat,0,26.64,0.06,471.44,4.2,0,ttc_capped,0.0189,table,1,37.496742,126.95784,0.267,0.0,1,37.496502,126.957878,0.03,0.0,3.49,-26.41
1786957620.852,15309,0,0,0,0,1,heartbeat,0,26.65,0.04,680.34,4.2,0,ttc_capped,0.0189,table,1,37.496742,126.95784,0.251,0.0,1,37.496502,126.957878,0.03,0.0,3.53,-26.42
1786957621.068,15311,0,0,0,0,1,heartbeat,0,26.67,0.02,1189.44,4.2,0,ttc_capped,0.0189,table,1,37.496742,126.95784,0.228,0.0,1,37.496502,126.957878,0.03,0.0,3.54,-26.43
1786957621.272,15313,0,0,0,0,1,heartbeat,0,26.61,0.07,405.25,4.2,0,ttc_capped,0.0187,table,1,37.496742,126.95784,0.2,0.0,1,37.496506,126.957878,0.018,0.0,3.53,-26.38
1786957621.474,15315,0,0,0,0,1,heartbeat,0,26.5,0.14,190.01,4.2,0,ttc_capped,0.0187,table,1,37.496738,126.95784,0.168,0.0,1,37.496506,126.957878,0.018,0.0,3.53,-26.26
1786957621.684,15317,0,0,0,0,1,heartbeat,0,26.4,0.18,142.79,4.2,0,ttc_capped,0.0187,table,1,37.496738,126.95784,0.147,0.0,1,37.496506,126.957878,0.018,0.0,3.52,-26.17
1786957621.896,15319,0,0,0,0,1,heartbeat,0,26.33,0.21,126.12,4.2,0,ttc_capped,0.0187,table,1,37.496738,126.95784,0.13,0.0,1,37.496506,126.957878,0.018,0.0,3.5,-26.09
1786957622.106,15321,0,0,0,0,1,heartbeat,0,26.27,0.22,121.33,4.2,0,ttc_capped,0.0187,table,1,37.496738,126.95784,0.12,0.0,1,37.496506,126.957878,0.018,0.0,3.49,-26.04
1786957622.318,15323,0,0,0,0,1,heartbeat,0,26.23,0.21,123.91,4.2,0,ttc_capped,0.0303,table,1,37.496738,126.95784,0.112,0.0,1,37.496506,126.957878,0.014,0.0,3.48,-25.99
1786957622.531,15325,0,0,0,0,1,heartbeat,0,26.19,0.2,131.57,4.2,0,ttc_capped,0.0303,table,1,37.496735,126.95784,0.102,0.0,1,37.496506,126.957878,0.014,0.0,3.46,-25.96
1786957622.74,15327,0,0,0,0,1,heartbeat,0,26.16,0.18,144.13,5.53,0,ttc_capped,0.0306,table,1,37.496735,126.95784,0.09,142.19,1,37.496506,126.957878,0.014,0.0,3.45,-25.94
1786957622.95,15329,0,0,0,0,1,heartbeat,0,26.14,0.16,162.22,10.25,0,ttc_capped,0.0306,table,1,37.496735,126.95784,0.078,142.12,1,37.496506,126.957878,0.014,0.0,3.44,-25.92
1786957623.161,15331,0,0,0,0,1,heartbeat,0,26.13,0.14,187.25,14.88,0,ttc_capped,0.0195,table,1,37.496731,126.95784,0.062,141.88,1,37.496506,126.957878,0.014,0.0,3.42,-25.9
1786957623.375,15333,0,0,0,0,1,heartbeat,0,26.06,0.16,165.64,4.2,0,ttc_capped,0.0187,table,1,37.496731,126.95784,0.056,141.92,1,37.49651,126.957886,0.048,0.0,3.53,-25.82
1786957623.584,15335,0,0,0,0,1,heartbeat,0,25.95,0.2,132.89,4.2,0,ttc_capped,0.0189,table,1,37.496731,126.95784,0.046,140.3,1,37.49651,126.957886,0.048,0.0,3.71,-25.68
1786957623.796,15336,0,0,0,0,1,heartbeat,0,25.87,0.22,119.51,4.2,0,ttc_capped,0.0276,table,1,37.496731,126.95784,0.04,140.3,1,37.49651,126.957886,0.048,0.0,3.9,-25.57
1786957623.997,15338,0,0,0,0,1,heartbeat,0,25.81,0.21,120.56,4.2,0,ttc_capped,0.0276,table,1,37.496727,126.95784,0.032,139.38,1,37.49651,126.957886,0.048,0.0,4.0,-25.5
1786957624.206,15340,0,0,0,0,1,heartbeat,0,25.75,0.2,126.69,4.2,0,ttc_capped,0.0189,table,1,37.496727,126.95784,0.031,139.38,1,37.49651,126.957886,0.048,0.0,4.08,-25.43
1786957624.429,15343,0,0,0,0,1,heartbeat,0,25.7,0.19,137.64,4.2,0,ttc_capped,0.0189,table,1,37.496727,126.95784,0.035,160.19,1,37.49651,126.957886,0.034,0.0,4.15,-25.36
1786957624.633,15345,0,0,0,0,1,heartbeat,0,25.66,0.17,153.36,4.2,0,ttc_capped,0.0187,table,1,37.496723,126.957848,0.04,162.41,1,37.49651,126.957886,0.034,0.0,4.18,-25.31
1786957624.859,15347,0,0,0,0,1,heartbeat,0,25.62,0.15,175.29,4.2,0,ttc_capped,0.0189,table,1,37.496723,126.957848,0.037,165.47,1,37.49651,126.957886,0.034,0.0,4.2,-25.27
1786957625.111,15349,0,0,0,0,1,heartbeat,0,25.59,0.11,223.46,4.2,0,ttc_capped,0.0215,table,1,37.496719,126.957848,0.04,167.03,1,37.49651,126.957886,0.034,0.0,4.19,-25.25
1786957625.313,15351,0,0,0,0,1,heartbeat,0,25.56,0.09,270.71,4.2,0,ttc_capped,0.0215,table,1,37.496719,126.957848,0.037,168.31,1,37.49651,126.957886,0.025,0.0,4.18,-25.22
1786957625.515,15353,0,0,0,0,1,heartbeat,0,25.53,0.08,336.74,4.2,0,ttc_capped,0.0197,table,1,37.496719,126.957848,0.031,168.31,1,37.49651,126.957886,0.025,0.0,4.17,-25.19
1786957625.717,15355,0,0,0,0,1,heartbeat,0,25.5,0.06,431.57,4.2,0,ttc_capped,0.0197,table,1,37.496719,126.957848,0.029,168.31,1,37.49651,126.957886,0.025,0.0,4.15,-25.16
1786957625.927,15357,0,0,0,0,1,heartbeat,0,25.47,0.04,573.45,4.2,0,ttc_capped,0.0197,table,1,37.496716,126.957848,0.039,168.31,1,37.49651,126.957886,0.025,0.0,4.12,-25.14
1786957626.135,15359,0,0,0,0,1,heartbeat,0,25.44,0.03,803.3,4.2,0,ttc_capped,0.0197,table,1,37.496716,126.957848,0.029,168.31,1,37.49651,126.957886,0.025,0.0,4.1,-25.11
1786957626.347,15361,0,0,0,0,1,heartbeat,0,25.35,0.07,372.76,4.2,0,ttc_capped,0.0038,table,1,37.496716,126.957848,0.022,168.31,1,37.496513,126.957893,0.02,0.0,4.25,-24.99
1786957626.555,15363,0,0,0,0,1,heartbeat,0,25.25,0.09,278.91,4.2,0,ttc_capped,0.0076,table,1,37.496712,126.957848,0.022,168.31,1,37.496513,126.957893,0.02,0.0,4.38,-24.87
1786957626.763,15365,0,0,0,0,1,heartbeat,0,25.17,0.1,246.29,4.2,0,ttc_capped,0.0076,table,1,37.496712,126.957848,0.018,168.31,1,37.496513,126.957893,0.02,0.0,4.47,-24.77
1786957626.973,15367,0,0,0,0,1,heartbeat,0,25.09,0.11,236.45,4.2,0,ttc_capped,0.0276,table,1,37.496708,126.957848,0.019,0.0,1,37.496513,126.957893,0.02,0.0,4.54,-24.68
1786957627.175,15369,0,0,0,0,1,heartbeat,0,25.02,0.1,238.79,4.2,0,ttc_capped,0.0189,table,1,37.496708,126.957848,0.023,0.0,1,37.496513,126.957893,0.02,0.0,4.6,-24.6
