17:10:17  시각ms:1527808
17:10:17  IMU시각ms:1527808
17:10:17  위험:0
17:10:17  원시위험:0
17:10:17  GPS유효:1
17:10:17  위도:37.495917
17:10:17  경도:126.956128
17:10:17  속도:0.01
17:10:17  방향:290.8
17:10:17  이동방향유효:0
17:10:17  GPS이동방향:290.8
17:10:17  차체방향유효:0
17:10:17  차체방향:0.0
17:10:17  후진판정:0
17:10:17  IMU요회전속도:0.00
17:10:17  방향가속도크기:9.82
17:10:17  방향자이로크기:2.39
17:10:17  방향자세cos:0.9999
17:10:17  자기모델잔차:25.22
17:10:17  자기모델반경:0.984
17:10:17  방향채택:0
17:10:17  방향거부:164907
17:10:17  GPS원시속도:0.005
17:10:17  GPS원시방향유효:1
17:10:17  GPS원시방향:290.8
17:10:17  가속도:-0.40,0.37,9.81
17:10:17  자이로:2.2,-0.1,-0.8
17:10:17  자력계:9.450,6.300,19.050
17:10:17  충격값:0.11
17:10:17  충격피크:0.15
17:10:17  마지막충격발생값:0.00
17:10:17  마지막충격발생ms:0
17:10:17  송신:14538
17:10:17  지팡이수신:9788
17:10:17  GPS위성:9
17:10:17  GPS_HDOP:1.11
17:10:17  원시위도:37.495919
17:10:17  원시경도:126.956127
17:10:17  GPS채택:1513
17:10:17  GPS이상치거부:0
17:10:17  GPS품질거부:0
17:10:17  GPS재기준:0
17:10:17  계산거리:-1.00
17:10:17  접근속도:0.00
17:10:17  TTC:999.00
17:10:17  방향오차:0.0
17:10:17  전방여부:0
17:10:17  위험음성횟수:0
17:10:17  충격음성횟수:0
17:10:17  마지막위험음성:0
17:10:17  RSSI원시:-47
17:10:17  RSSI평활:-48.3
17:10:17  RSSI샘플:9788
17:10:17  RSSI경과ms:16
17:10:17  RSSI구간:4
17:10:17  RSSI거리:0.80
17:10:17  상대보정:0
17:10:17  상대보정중:0
17:10:17  보정동쪽:0.00
17:10:17  보정북쪽:0.00
17:10:17  UWB유효:1
17:10:17  UWB원시거리:0.540
17:10:17  UWB보정거리:0.717
17:10:17  UWB접근속도:0.004
17:10:17  UWB_RSSI:nan
17:10:17  UWB경과ms:48
17:10:17  UWB샘플:7397
17:10:17  UWB실패:165
17:10:17  UWB보정:1
17:10:17  UWB보정중:0
17:10:17  UWB보정샘플:100
17:10:17  UWB보정기준:3.000
17:10:17  UWB오프셋:0.234
17:10:17  UWB위험사용:0
17:10:17  UWB전송:7394
17:10:17  위험송신:0
17:10:17  시각ms:1527860
17:10:17  IMU시각ms:1527860
17:10:17  위험:0
17:10:17  원시위험:0
17:10:17  GPS유효:1
17:10:17  위도:37.495917
17:10:17  경도:126.956128
17:10:17  속도:0.01
17:10:17  방향:290.8
17:10:17  이동방향유효:0
17:10:17  GPS이동방향:290.8
17:10:17  차체방향유효:0
17:10:17  차체방향:0.0
17:10:17  후진판정:0
17:10:17  IMU요회전속도:0.00
17:10:17  방향가속도크기:9.71
17:10:17  방향자이로크기:2.91
17:10:17  방향자세cos:0.9998
17:10:17  자기모델잔차:25.42
17:10:17  자기모델반경:0.918
17:10:17  방향채택:0
17:10:17  방향거부:164913
17:10:17  GPS원시속도:0.005
17:10:17  GPS원시방향유효:1
17:10:17  GPS원시방향:290.8
17:10:17  가속도:-0.41,0.31,9.70
17:10:17  자이로:0.7,-2.1,-1.9
17:10:17  자력계:8.700,4.200,19.500
17:10:17  충격값:0.04
17:10:17  충격피크:0.17
17:10:17  마지막충격발생값:0.00
17:10:17  마지막충격발생ms:0
17:10:17  송신:14538
17:10:17  지팡이수신:9788
17:10:17  GPS위성:9
17:10:17  GPS_HDOP:1.11
17:10:17  원시위도:37.495919
17:10:17  원시경도:126.956127
17:10:17  GPS채택:1513
17:10:17  GPS이상치거부:0
17:10:17  GPS품질거부:0
17:10:17  GPS재기준:0
17:10:17  계산거리:-1.00
17:10:17  접근속도:0.00
17:10:17  TTC:999.00
17:10:17  방향오차:0.0
17:10:17  전방여부:0
17:10:17  위험음성횟수:0
17:10:17  충격음성횟수:0
17:10:17  마지막위험음성:0
17:10:17  RSSI원시:-47
17:10:17  RSSI평활:-48.3
17:10:17  RSSI샘플:9788
17:10:17  RSSI경과ms:68
17:10:17  RSSI구간:4
17:10:17  RSSI거리:0.80
17:10:17  상대보정:0
17:10:17  상대보정중:0
17:10:17  보정동쪽:0.00
17:10:17  보정북쪽:0.00
17:10:17  UWB유효:1
17:10:17  UWB원시거리:0.540
17:10:17  UWB보정거리:0.717
17:10:17  UWB접근속도:0.004
17:10:17  UWB_RSSI:nan
17:10:17  UWB경과ms:100
17:10:17  UWB샘플:7397
17:10:17  UWB실패:165
17:10:17  UWB보정:1
17:10:17  UWB보정중:0
17:10:17  UWB보정샘플:100
17:10:17  UWB보정기준:3.000
17:10:17  UWB오프셋:0.234
17:10:17  UWB위험사용:0
17:10:17  UWB전송:7394
17:10:17  위험송신:0
17:10:17  시각ms:1527907
17:10:17  IMU시각ms:1527907
17:10:17  위험:0
17:10:17  원시위험:0
17:10:17  GPS유효:1
17:10:17  위도:37.495917
17:10:17  경도:126.956128
17:10:17  속도:0.01
17:10:17  방향:290.8
17:10:17  이동방향유효:0
17:10:17  GPS이동방향:290.8
17:10:17  차체방향유효:0
17:10:17  차체방향:0.0
17:10:17  후진판정:0
17:10:17  IMU요회전속도:0.00
17:10:17  방향가속도크기:9.75
17:10:17  방향자이로크기:1.59
17:10:17  방향자세cos:0.9998
17:10:17  자기모델잔차:24.89
17:10:17  자기모델반경:0.937
17:10:17  방향채택:0
17:10:17  방향거부:164918
17:10:17  GPS원시속도:0.005
17:10:17  GPS원시방향유효:1
17:10:17  GPS원시방향:290.8
17:10:17  가속도:-0.35,0.30,9.74
17:10:17  자이로:-0.5,0.6,-1.4
17:10:17  자력계:9.600,4.800,18.900
17:10:17  충격값:0.08
17:10:17  충격피크:0.14
17:10:17  마지막충격발생값:0.00
17:10:17  마지막충격발생ms:0
17:10:17  송신:14539
17:10:17  지팡이수신:9789
17:10:17  GPS위성:9
17:10:17  GPS_HDOP:1.11
17:10:17  원시위도:37.495919
17:10:17  원시경도:126.956127
17:10:17  GPS채택:1513
17:10:17  GPS이상치거부:0
17:10:17  GPS품질거부:0
17:10:17  GPS재기준:0
17:10:17  계산거리:-1.00
17:10:17  접근속도:0.00
17:10:17  TTC:999.00
17:10:17  방향오차:0.0
17:10:17  전방여부:0
17:10:17  위험음성횟수:0
17:10:17  충격음성횟수:0
17:10:17  마지막위험음성:0
17:10:17  RSSI원시:-47
17:10:17  RSSI평활:-48.1
17:10:17  RSSI샘플:9789
17:10:17  RSSI경과ms:15
17:10:17  RSSI구간:4
17:10:17  RSSI거리:0.80
17:10:17  상대보정:0
17:10:17  상대보정중:0
17:10:17  보정동쪽:0.00
17:10:17  보정북쪽:0.00
17:10:17  UWB유효:1
17:10:17  UWB원시거리:0.540
17:10:17  UWB보정거리:0.717
17:10:17  UWB접근속도:0.004
17:10:17  UWB_RSSI:nan
17:10:17  UWB경과ms:147
17:10:17  UWB샘플:7397
17:10:17  UWB실패:165
17:10:17  UWB보정:1
17:10:17  UWB보정중:0
17:10:17  UWB보정샘플:100
17:10:17  UWB보정기준:3.000
17:10:17  UWB오프셋:0.234
17:10:17  UWB위험사용:0
17:10:17  UWB전송:7394
17:10:17  위험송신:0
17:10:17  시각ms:1527984
17:10:17  IMU시각ms:1527983
17:10:17  위험:0
17:10:17  원시위험:0
17:10:17  GPS유효:1
17:10:17  위도:37.495917
17:10:17  경도:126.956128
17:10:17  속도:0.01
17:10:17  방향:290.8
17:10:17  이동방향유효:0
17:10:17  GPS이동방향:290.8
17:10:17  차체방향유효:0
17:10:17  차체방향:0.0
17:10:17  후진판정:0
17:10:17  IMU요회전속도:0.00
17:10:17  방향가속도크기:9.78
17:10:17  방향자이로크기:4.95
17:10:17  방향자세cos:0.9999
17:10:17  자기모델잔차:25.46
17:10:17  자기모델반경:0.890
17:10:17  방향채택:0
17:10:17  방향거부:164926
17:10:17  GPS원시속도:0.005
17:10:17  GPS원시방향유효:1
17:10:17  GPS원시방향:290.8
17:10:17  가속도:-0.48,0.34,9.76
17:10:17  자이로:2.8,-3.8,1.6
17:10:17  자력계:8.550,3.300,19.650
17:10:17  충격값:0.10
17:10:17  충격피크:0.13
17:10:17  마지막충격발생값:0.00
17:10:17  마지막충격발생ms:0
17:10:17  송신:14539
17:10:17  지팡이수신:9790
17:10:17  GPS위성:9
17:10:17  GPS_HDOP:1.11
17:10:17  원시위도:37.495919
17:10:17  원시경도:126.956127
17:10:17  GPS채택:1513
17:10:17  GPS이상치거부:0
17:10:17  GPS품질거부:0
17:10:17  GPS재기준:0
17:10:17  계산거리:-1.00
17:10:17  접근속도:0.00
17:10:17  TTC:999.00
17:10:17  방향오차:0.0
17:10:17  전방여부:0
17:10:17  위험음성횟수:0
17:10:17  충격음성횟수:0
17:10:17  마지막위험음성:0
17:10:17  RSSI원시:-47
17:10:17  RSSI평활:-47.9
17:10:17  RSSI샘플:9790
17:10:17  RSSI경과ms:2
17:10:17  RSSI구간:4
17:10:17  RSSI거리:0.80
17:10:17  상대보정:0
17:10:17  상대보정중:0
17:10:17  보정동쪽:0.00
17:10:17  보정북쪽:0.00
17:10:17  UWB유효:1
17:10:17  UWB원시거리:0.510
17:10:17  UWB보정거리:0.727
17:10:17  UWB접근속도:-0.011
17:10:17  UWB_RSSI:nan
17:10:17  UWB경과ms:20
17:10:17  UWB샘플:7398
17:10:17  UWB실패:165
17:10:17  UWB보정:1
17:10:17  UWB보정중:0
17:10:17  UWB보정샘플:100
17:10:17  UWB보정기준:3.000
17:10:17  UWB오프셋:0.234
17:10:17  UWB위험사용:0
17:10:17  UWB전송:7395
17:10:17  위험송신:0
17:10:17  시각ms:1528004
17:10:17  IMU시각ms:1528004
17:10:17  위험:0
17:10:17  원시위험:0
17:10:17  GPS유효:1
17:10:17  위도:37.495917
17:10:17  경도:126.956128
17:10:17  속도:0.01
17:10:17  방향:290.8
17:10:17  이동방향유효:0
17:10:17  GPS이동방향:290.8
17:10:17  차체방향유효:0
17:10:17  차체방향:0.0
17:10:17  후진판정:0
17:10:17  IMU요회전속도:0.00
17:10:17  방향가속도크기:9.64
17:10:17  방향자이로크기:3.76
17:10:17  방향자세cos:0.9996
17:10:17  자기모델잔차:23.36
17:10:17  자기모델반경:0.935
17:10:17  방향채택:0
17:10:17  방향거부:164928
17:10:17  GPS원시속도:0.005
17:10:17  GPS원시방향유효:1
17:10:17  GPS원시방향:290.8
17:10:17  가속도:-0.40,0.21,9.63
17:10:17  자이로:1.9,-2.2,-2.3
17:10:17  자력계:8.850,4.500,17.400
17:10:17  충격값:0.16
17:10:17  충격피크:0.16
17:10:17  마지막충격발생값:0.00
17:10:17  마지막충격발생ms:0
17:10:17  송신:14540
17:10:17  지팡이수신:9790
17:10:17  GPS위성:9
17:10:17  GPS_HDOP:1.11
17:10:17  원시위도:37.495919
17:10:17  원시경도:126.956127
17:10:17  GPS채택:1513
17:10:17  GPS이상치거부:0
17:10:17  GPS품질거부:0
17:10:17  GPS재기준:0
17:10:17  계산거리:-1.00
17:10:17  접근속도:0.00
17:10:17  TTC:999.00
17:10:17  방향오차:0.0
17:10:17  전방여부:0
17:10:17  위험음성횟수:0
17:10:17  충격음성횟수:0
17:10:17  마지막위험음성:0
17:10:17  RSSI원시:-47
17:10:17  RSSI평활:-47.9
17:10:17  RSSI샘플:9790
17:10:17  RSSI경과ms:22
17:10:17  RSSI구간:4
17:10:17  RSSI거리:0.80
17:10:17  상대보정:0
17:10:17  상대보정중:0
17:10:17  보정동쪽:0.00
17:10:17  보정북쪽:0.00
17:10:17  UWB유효:1
17:10:17  UWB원시거리:0.510
17:10:17  UWB보정거리:0.727
17:10:17  UWB접근속도:-0.011
17:10:17  UWB_RSSI:nan
17:10:17  UWB경과ms:40
17:10:17  UWB샘플:7398
17:10:17  UWB실패:165
17:10:17  UWB보정:1
17:10:17  UWB보정중:0
17:10:17  UWB보정샘플:100
17:10:17  UWB보정기준:3.000
17:10:17  UWB오프셋:0.234
17:10:17  UWB위험사용:0
17:10:17  UWB전송:7395
17:10:17  위험송신:0
17:10:17  시각ms:1528145
17:10:17  IMU시각ms:1528145
17:10:17  위험:0
17:10:17  원시위험:0
17:10:17  GPS유효:1
17:10:17  위도:37.495917
17:10:17  경도:126.956128
17:10:17  속도:0.01
17:10:17  방향:290.8
17:10:17  이동방향유효:0
17:10:17  GPS이동방향:290.8
17:10:17  차체방향유효:0
17:10:17  차체방향:0.0
17:10:17  후진판정:0
17:10:17  IMU요회전속도:0.00
17:10:17  방향가속도크기:9.83
17:10:17  방향자이로크기:1.58
17:10:17  방향자세cos:1.0000
17:10:17  자기모델잔차:25.50
17:10:17  자기모델반경:0.899
17:10:17  방향채택:0
17:10:17  방향거부:164942
17:10:17  GPS원시속도:0.005
17:10:17  GPS원시방향유효:1
17:10:17  GPS원시방향:290.8
17:10:17  가속도:-0.44,0.43,9.81
17:10:17  자이로:0.2,-0.9,-1.3
17:10:17  자력계:8.850,3.600,19.650
17:10:17  충격값:0.14
17:10:17  충격피크:0.14
17:10:17  마지막충격발생값:0.00
17:10:17  마지막충격발생ms:0
17:10:17  송신:14541
17:10:17  지팡이수신:9791
17:10:17  GPS위성:9
17:10:17  GPS_HDOP:1.11
17:10:17  원시위도:37.495919
17:10:17  원시경도:126.956127
17:10:17  GPS채택:1513
17:10:17  GPS이상치거부:0
17:10:17  GPS품질거부:0
17:10:17  GPS재기준:0
17:10:17  계산거리:-1.00
17:10:17  접근속도:0.00
17:10:17  TTC:999.00
17:10:17  방향오차:0.0
17:10:17  전방여부:0
17:10:17  위험음성횟수:0
17:10:17  충격음성횟수:0
17:10:17  마지막위험음성:0
17:10:17  RSSI원시:-48
17:10:17  RSSI평활:-47.9
17:10:17  RSSI샘플:9791
17:10:17  RSSI경과ms:70
17:10:17  RSSI구간:4
17:10:17  RSSI거리:0.80
17:10:17  상대보정:0
17:10:17  상대보정중:0
17:10:17  보정동쪽:0.00
17:10:17  보정북쪽:0.00
17:10:17  UWB유효:1
17:10:17  UWB원시거리:0.510
17:10:17  UWB보정거리:0.727
17:10:17  UWB접근속도:-0.011
17:10:17  UWB_RSSI:nan
17:10:17  UWB경과ms:181
17:10:17  UWB샘플:7398
17:10:17  UWB실패:165
17:10:17  UWB보정:1
17:10:17  UWB보정중:0
17:10:17  UWB보정샘플:100
17:10:17  UWB보정기준:3.000
17:10:17  UWB오프셋:0.234
17:10:17  UWB위험사용:0
17:10:17  UWB전송:7395
17:10:17  위험송신:0
17:10:17  시각ms:1528168
17:10:17  IMU시각ms:1528168
17:10:17  위험:0
17:10:17  원시위험:0
17:10:17  GPS유효:1
17:10:17  위도:37.495917
17:10:17  경도:126.956128
17:10:17  속도:0.01
17:10:17  방향:290.8
17:10:17  이동방향유효:0
17:10:17  GPS이동방향:290.8
17:10:17  차체방향유효:0
17:10:17  차체방향:0.0
17:10:17  후진판정:0
17:10:17  IMU요회전속도:0.00
17:10:17  방향가속도크기:9.68
17:10:17  방향자이로크기:0.89
17:10:17  방향자세cos:0.9999
17:10:17  자기모델잔차:24.63
17:10:17  자기모델반경:0.913
17:10:17  방향채택:0
17:10:17  방향거부:164944
17:10:17  GPS원시속도:0.005
17:10:17  GPS원시방향유효:1
17:10:17  GPS원시방향:290.8
17:10:17  가속도:-0.51,0.41,9.65
17:10:17  자이로:-0.3,-0.6,-0.6
17:10:17  자력계:8.400,3.900,18.750
17:10:17  충격값:0.14
17:10:17  충격피크:0.18
17:10:17  마지막충격발생값:0.00
17:10:17  마지막충격발생ms:0
17:10:17  송신:14541
17:10:17  지팡이수신:9791
17:10:17  GPS위성:9
17:10:17  GPS_HDOP:1.11
17:10:17  원시위도:37.495919
17:10:17  원시경도:126.956127
17:10:17  GPS채택:1513
17:10:17  GPS이상치거부:0
17:10:17  GPS품질거부:0
17:10:17  GPS재기준:0
17:10:17  계산거리:-1.00
17:10:17  접근속도:0.00
17:10:17  TTC:999.00
17:10:17  방향오차:0.0
17:10:17  전방여부:0
17:10:17  위험음성횟수:0
17:10:17  충격음성횟수:0
17:10:17  마지막위험음성:0
17:10:17  RSSI원시:-48
17:10:17  RSSI평활:-47.9
17:10:17  RSSI샘플:9791
17:10:17  RSSI경과ms:93
17:10:17  RSSI구간:4
17:10:17  RSSI거리:0.80
17:10:17  상대보정:0
17:10:17  상대보정중:0
17:10:17  보정동쪽:0.00
17:10:17  보정북쪽:0.00
17:10:17  UWB유효:1
17:10:17  UWB원시거리:0.480
17:10:17  UWB보정거리:0.726
17:10:17  UWB접근속도:-0.006
17:10:17  UWB_RSSI:nan
17:10:17  UWB경과ms:9
17:10:17  UWB샘플:7399
17:10:17  UWB실패:165
17:10:17  UWB보정:1
17:10:17  UWB보정중:0
17:10:17  UWB보정샘플:100
17:10:17  UWB보정기준:3.000
17:10:17  UWB오프셋:0.234
17:10:17  UWB위험사용:0
17:10:17  UWB전송:7396
17:10:17  위험송신:0
17:10:17  시각ms:1528208
17:10:17  IMU시각ms:1528195
17:10:17  위험:0
17:10:17  원시위험:0
17:10:17  GPS유효:1
17:10:17  위도:37.495917
17:10:17  경도:126.956128
17:10:17  속도:0.01
17:10:17  방향:290.8
17:10:17  이동방향유효:0
17:10:17  GPS이동방향:290.8
17:10:17  차체방향유효:0
17:10:17  차체방향:0.0
17:10:17  후진판정:0
17:10:17  IMU요회전속도:0.00
17:10:17  방향가속도크기:9.59
17:10:17  방향자이로크기:1.70
17:10:17  방향자세cos:1.0000
17:10:17  자기모델잔차:25.43
17:10:17  자기모델반경:0.916
17:10:17  방향채택:0
17:10:17  방향거부:164947
17:10:17  GPS원시속도:0.005
17:10:17  GPS원시방향유효:1
17:10:17  GPS원시방향:290.8
17:10:17  가속도:-0.43,0.39,9.58
17:10:17  자이로:-0.6,0.8,1.4
17:10:17  자력계:10.200,4.200,19.500
17:10:17  충격값:0.14
17:10:17  충격피크:0.23
17:10:17  마지막충격발생값:0.00
17:10:17  마지막충격발생ms:0
17:10:17  송신:14542
17:10:17  지팡이수신:9792
17:10:17  GPS위성:9
17:10:17  GPS_HDOP:1.11
17:10:17  원시위도:37.495919
17:10:17  원시경도:126.956127
17:10:17  GPS채택:1513
17:10:17  GPS이상치거부:0
17:10:17  GPS품질거부:0
17:10:17  GPS재기준:0
17:10:17  계산거리:-1.00
17:10:17  접근속도:0.00
17:10:17  TTC:999.00
17:10:17  방향오차:0.0
17:10:17  전방여부:0
17:10:17  위험음성횟수:0
17:10:17  충격음성횟수:0
17:10:17  마지막위험음성:0
17:10:17  RSSI원시:-47
17:10:17  RSSI평활:-47.7
17:10:17  RSSI샘플:9792
17:10:17  RSSI경과ms:21
17:10:17  RSSI구간:4
17:10:17  RSSI거리:0.80
17:10:17  상대보정:0
17:10:17  상대보정중:0
17:10:17  보정동쪽:0.00
17:10:17  보정북쪽:0.00
17:10:17  UWB유효:1
17:10:17  UWB원시거리:0.480
17:10:17  UWB보정거리:0.726
17:10:17  UWB접근속도:-0.006
17:10:17  UWB_RSSI:nan
17:10:17  UWB경과ms:49
17:10:17  UWB샘플:7399
17:10:17  UWB실패:165
17:10:17  UWB보정:1
17:10:17  UWB보정중:0
17:10:17  UWB보정샘플:100
17:10:17  UWB보정기준:3.000
17:10:17  UWB오프셋:0.234
17:10:17  UWB위험사용:0
17:10:17  UWB전송:7396
17:10:17  위험송신:0
17:10:17  시각ms:1528271
17:10:17  IMU시각ms:1528271
17:10:17  위험:0
17:10:17  원시위험:0
17:10:17  GPS유효:1
17:10:17  위도:37.495917
17:10:17  경도:126.956128
17:10:17  속도:0.01
17:10:17  방향:290.8
17:10:17  이동방향유효:0
17:10:17  GPS이동방향:290.8
17:10:17  차체방향유효:0
17:10:17  차체방향:0.0
17:10:17  후진판정:0
17:10:17  IMU요회전속도:0.00
17:10:17  방향가속도크기:9.74
17:10:17  방향자이로크기:2.45
17:10:17  방향자세cos:0.9999
17:10:17  자기모델잔차:25.69
17:10:17  자기모델반경:0.951
17:10:17  방향채택:0
17:10:17  방향거부:164954
17:10:17  GPS원시속도:0.005
17:10:17  GPS원시방향유효:1
17:10:17  GPS원시방향:290.8
17:10:17  가속도:-0.44,0.37,9.72
17:10:17  자이로:1.9,0.5,1.4
17:10:17  자력계:8.850,5.250,19.650
17:10:17  충격값:0.04
17:10:17  충격피크:0.10
17:10:17  마지막충격발생값:0.00
17:10:17  마지막충격발생ms:0
17:10:17  송신:14542
17:10:17  지팡이수신:9792
17:10:17  GPS위성:9
17:10:17  GPS_HDOP:1.11
17:10:17  원시위도:37.495919
17:10:17  원시경도:126.956127
17:10:17  GPS채택:1513
17:10:17  GPS이상치거부:0
17:10:17  GPS품질거부:0
17:10:17  GPS재기준:0
17:10:17  계산거리:-1.00
17:10:17  접근속도:0.00
17:10:17  TTC:999.00
17:10:17  방향오차:0.0
17:10:17  전방여부:0
17:10:17  위험음성횟수:0
17:10:17  충격음성횟수:0
17:10:17  마지막위험음성:0
17:10:17  RSSI원시:-47
17:10:17  RSSI평활:-47.7
17:10:17  RSSI샘플:9792
17:10:17  RSSI경과ms:84
17:10:17  RSSI구간:4
17:10:17  RSSI거리:0.80
17:10:17  상대보정:0
17:10:17  상대보정중:0
17:10:17  보정동쪽:0.00
17:10:17  보정북쪽:0.00
17:10:17  UWB유효:1
17:10:17  UWB원시거리:0.480
17:10:17  UWB보정거리:0.726
17:10:17  UWB접근속도:-0.006
17:10:17  UWB_RSSI:nan
17:10:17  UWB경과ms:112
17:10:17  UWB샘플:7399
17:10:17  UWB실패:165
17:10:17  UWB보정:1
17:10:17  UWB보정중:0
17:10:17  UWB보정샘플:100
17:10:17  UWB보정기준:3.000
17:10:17  UWB오프셋:0.234
17:10:17  UWB위험사용:0
17:10:17  UWB전송:7396
17:10:17  위험송신:0
17:10:17  시각ms:1528298
17:10:17  IMU시각ms:1528297
17:10:17  위험:0
17:10:17  원시위험:0
17:10:17  GPS유효:1
17:10:17  위도:37.495917
17:10:17  경도:126.956128
17:10:17  속도:0.01
17:10:17  방향:290.8
17:10:17  이동방향유효:0
17:10:17  GPS이동방향:290.8
17:10:17  차체방향유효:0
17:10:17  차체방향:0.0
17:10:17  후진판정:0
17:10:17  IMU요회전속도:0.00
17:10:17  방향가속도크기:9.70
17:10:17  방향자이로크기:1.02
17:10:17  방향자세cos:0.9999
17:10:17  자기모델잔차:25.56
17:10:17  자기모델반경:0.954
17:10:17  방향채택:0
17:10:17  방향거부:164957
17:10:17  GPS원시속도:0.005
17:10:17  GPS원시방향유효:1
17:10:17  GPS원시방향:290.8
17:10:17  가속도:-0.39,0.35,9.69
17:10:17  자이로:-0.1,-0.5,-0.9
17:10:17  자력계:9.450,5.400,19.500
17:10:17  충격값:0.02
17:10:17  충격피크:0.14
17:10:17  마지막충격발생값:0.00
17:10:17  마지막충격발생ms:0
17:10:17  송신:14543
17:10:17  지팡이수신:9792
17:10:17  GPS위성:9
17:10:17  GPS_HDOP:1.11
17:10:17  원시위도:37.495919
17:10:17  원시경도:126.956127
17:10:17  GPS채택:1513
17:10:17  GPS이상치거부:0
17:10:17  GPS품질거부:0
17:10:17  GPS재기준:0
17:10:17  계산거리:-1.00
17:10:17  접근속도:0.00
17:10:17  TTC:999.00
17:10:17  방향오차:0.0
17:10:17  전방여부:0
17:10:17  위험음성횟수:0
17:10:17  충격음성횟수:0
17:10:17  마지막위험음성:0
17:10:17  RSSI원시:-47
17:10:17  RSSI평활:-47.7
17:10:17  RSSI샘플:9792
17:10:17  RSSI경과ms:111
17:10:17  RSSI구간:4
17:10:17  RSSI거리:0.80
17:10:17  상대보정:0
17:10:17  상대보정중:0
17:10:17  보정동쪽:0.00
17:10:17  보정북쪽:0.00
17:10:17  UWB유효:1
17:10:17  UWB원시거리:0.480
17:10:17  UWB보정거리:0.726
17:10:17  UWB접근속도:-0.006
17:10:17  UWB_RSSI:nan
17:10:17  UWB경과ms:139
17:10:17  UWB샘플:7399
17:10:17  UWB실패:165
17:10:17  UWB보정:1
17:10:17  UWB보정중:0
17:10:17  UWB보정샘플:100
17:10:17  UWB보정기준:3.000
17:10:17  UWB오프셋:0.234
17:10:17  UWB위험사용:0
17:10:17  UWB전송:7396
17:10:17  위험송신:0
17:10:17  시각ms:1528317
17:10:17  IMU시각ms:1528316
17:10:17  위험:0
17:10:17  원시위험:0
17:10:17  GPS유효:1
17:10:17  위도:37.495917
17:10:17  경도:126.956128
17:10:17  속도:0.01
17:10:17  방향:290.8
17:10:17  이동방향유효:0
17:10:17  GPS이동방향:290.8
17:10:17  차체방향유효:0
17:10:17  차체방향:0.0
17:10:17  후진판정:0
17:10:17  IMU요회전속도:0.00
17:10:17  방향가속도크기:9.69
17:10:17  방향자이로크기:3.49
17:10:17  방향자세cos:0.9999
17:10:17  자기모델잔차:26.98
17:10:17  자기모델반경:0.897
17:10:17  방향채택:0
17:10:17  방향거부:164959
17:10:17  GPS원시속도:0.005
17:10:17  GPS원시방향유효:1
17:10:17  GPS원시방향:290.8
17:10:17  가속도:-0.47,0.34,9.67
17:10:17  자이로:-1.2,-3.1,-1.0
17:10:17  자력계:7.800,3.600,21.150
17:10:17  충격값:0.07
17:10:17  충격피크:0.07
17:10:17  마지막충격발생값:0.00
17:10:17  마지막충격발생ms:0
17:10:17  송신:14543
17:10:17  지팡이수신:9793
17:10:17  GPS위성:9
17:10:17  GPS_HDOP:1.11
17:10:17  원시위도:37.495919
17:10:17  원시경도:126.956127
17:10:17  GPS채택:1513
17:10:17  GPS이상치거부:0
17:10:17  GPS품질거부:0
17:10:17  GPS재기준:0
17:10:17  계산거리:-1.00
17:10:17  접근속도:0.00
17:10:17  TTC:999.00
17:10:17  방향오차:0.0
17:10:17  전방여부:0
17:10:17  위험음성횟수:0
17:10:17  충격음성횟수:0
17:10:17  마지막위험음성:0
17:10:17  RSSI원시:-47
17:10:17  RSSI평활:-47.6
17:10:17  RSSI샘플:9793
17:10:17  RSSI경과ms:4
17:10:17  RSSI구간:4
17:10:17  RSSI거리:0.80
17:10:17  상대보정:0
17:10:17  상대보정중:0
17:10:17  보정동쪽:0.00
17:10:17  보정북쪽:0.00
17:10:17  UWB유효:1
17:10:17  UWB원시거리:0.480
17:10:17  UWB보정거리:0.726
17:10:17  UWB접근속도:-0.006
17:10:17  UWB_RSSI:nan
17:10:17  UWB경과ms:158
17:10:17  UWB샘플:7399
17:10:17  UWB실패:165
17:10:17  UWB보정:1
17:10:17  UWB보정중:0
17:10:17  UWB보정샘플:100
17:10:17  UWB보정기준:3.000
17:10:17  UWB오프셋:0.234
17:10:17  UWB위험사용:0
17:10:17  UWB전송:7396
17:10:17  위험송신:0
17:10:17  시각ms:1528364
17:10:18  IMU시각ms:1528360
17:10:18  위험:0
17:10:18  원시위험:0
17:10:18  GPS유효:1
17:10:18  위도:37.495917
17:10:18  경도:126.956128
17:10:18  속도:0.01
17:10:18  방향:290.8
17:10:18  이동방향유효:0
17:10:18  GPS이동방향:290.8
17:10:18  차체방향유효:0
17:10:18  차체방향:0.0
17:10:18  후진판정:0
17:10:18  IMU요회전속도:0.00
17:10:18  방향가속도크기:9.67
17:10:18  방향자이로크기:2.01
17:10:18  방향자세cos:0.9997
17:10:18  자기모델잔차:24.27
17:10:18  자기모델반경:0.939
17:10:18  방향채택:0
17:10:18  방향거부:164964
17:10:18  GPS원시속도:0.005
17:10:18  GPS원시방향유효:1
17:10:18  GPS원시방향:290.8
17:10:18  가속도:-0.21,0.39,9.66
17:10:18  자이로:-0.1,1.9,-0.6
17:10:18  자력계:7.950,4.650,18.300
17:10:18  충격값:0.20
17:10:18  충격피크:0.20
17:10:18  마지막충격발생값:0.00
17:10:18  마지막충격발생ms:0
17:10:18  송신:14543
17:10:18  지팡이수신:9793
17:10:18  GPS위성:9
17:10:18  GPS_HDOP:1.11
17:10:18  원시위도:37.495919
17:10:18  원시경도:126.956127
17:10:18  GPS채택:1513
17:10:18  GPS이상치거부:0
17:10:18  GPS품질거부:0
17:10:18  GPS재기준:0
17:10:18  계산거리:-1.00
17:10:18  접근속도:0.00
17:10:18  TTC:999.00
17:10:18  방향오차:0.0
17:10:18  전방여부:0
17:10:18  위험음성횟수:0
17:10:18  충격음성횟수:0
17:10:18  마지막위험음성:0
17:10:18  RSSI원시:-47
17:10:18  RSSI평활:-47.6
17:10:18  RSSI샘플:9793
17:10:18  RSSI경과ms:51
17:10:18  RSSI구간:4
17:10:18  RSSI거리:0.80
17:10:18  상대보정:0
17:10:18  상대보정중:0
17:10:18  보정동쪽:0.00
17:10:18  보정북쪽:0.00
17:10:18  UWB유효:1
17:10:18  UWB원시거리:0.570
17:10:18  UWB보정거리:0.732
17:10:18  UWB접근속도:-0.014
17:10:18  UWB_RSSI:nan
17:10:18  UWB경과ms:0
17:10:18  UWB샘플:7400
17:10:18  UWB실패:165
17:10:18  UWB보정:1
17:10:18  UWB보정중:0
17:10:18  UWB보정샘플:100
17:10:18  UWB보정기준:3.000
17:10:18  UWB오프셋:0.234
17:10:18  UWB위험사용:0
17:10:18  UWB전송:7397
17:10:18  위험송신:0
17:10:18  시각ms:1528410
17:10:18  IMU시각ms:1528410
17:10:18  위험:0
17:10:18  원시위험:0
17:10:18  GPS유효:1
17:10:18  위도:37.495917
17:10:18  경도:126.956128
17:10:18  속도:0.01
17:10:18  방향:290.8
17:10:18  이동방향유효:0
17:10:18  GPS이동방향:290.8
17:10:18  차체방향유효:0
17:10:18  차체방향:0.0
17:10:18  후진판정:0
17:10:18  IMU요회전속도:0.00
17:10:18  방향가속도크기:9.75
17:10:18  방향자이로크기:2.86
17:10:18  방향자세cos:0.9999
17:10:18  자기모델잔차:26.88
17:10:18  자기모델반경:0.902
17:10:18  방향채택:0
17:10:18  방향거부:164969
17:10:18  GPS원시속도:0.005
17:10:18  GPS원시방향유효:1
17:10:18  GPS원시방향:290.8
17:10:18  가속도:-0.46,0.37,9.73
17:10:18  자이로:2.5,1.3,-0.1
17:10:18  자력계:9.450,3.900,21.000
17:10:18  충격값:0.07
17:10:18  충격피크:0.10
17:10:18  마지막충격발생값:0.00
17:10:18  마지막충격발생ms:0
17:10:18  송신:14544
17:10:18  지팡이수신:9793
17:10:18  GPS위성:9
17:10:18  GPS_HDOP:1.11
17:10:18  원시위도:37.495919
17:10:18  원시경도:126.956127
17:10:18  GPS채택:1513
17:10:18  GPS이상치거부:0
17:10:18  GPS품질거부:0
17:10:18  GPS재기준:0
17:10:18  계산거리:-1.00
17:10:18  접근속도:0.00
17:10:18  TTC:999.00
17:10:18  방향오차:0.0
17:10:18  전방여부:0
17:10:18  위험음성횟수:0
17:10:18  충격음성횟수:0
17:10:18  마지막위험음성:0
17:10:18  RSSI원시:-47
17:10:18  RSSI평활:-47.6
17:10:18  RSSI샘플:9793
17:10:18  RSSI경과ms:97
17:10:18  RSSI구간:4
17:10:18  RSSI거리:0.80
17:10:18  상대보정:0
17:10:18  상대보정중:0
17:10:18  보정동쪽:0.00
17:10:18  보정북쪽:0.00
17:10:18  UWB유효:1
17:10:18  UWB원시거리:0.570
17:10:18  UWB보정거리:0.732
17:10:18  UWB접근속도:-0.014
17:10:18  UWB_RSSI:nan
17:10:18  UWB경과ms:46
17:10:18  UWB샘플:7400
17:10:18  UWB실패:165
17:10:18  UWB보정:1
17:10:18  UWB보정중:0
17:10:18  UWB보정샘플:100
17:10:18  UWB보정기준:3.000
17:10:18  UWB오프셋:0.234
17:10:18  UWB위험사용:0
17:10:18  UWB전송:7397
17:10:18  위험송신:0
17:10:18  시각ms:1528462
17:10:18  IMU시각ms:1528462
17:10:18  위험:0
17:10:18  원시위험:0
17:10:18  GPS유효:1
17:10:18  위도:37.495917
17:10:18  경도:126.956128
17:10:18  속도:0.01
17:10:18  방향:290.8
17:10:18  이동방향유효:0
17:10:18  GPS이동방향:290.8
17:10:18  차체방향유효:0
17:10:18  차체방향:0.0
17:10:18  후진판정:0
17:10:18  IMU요회전속도:0.00
17:10:18  방향가속도크기:9.73
17:10:18  방향자이로크기:3.80
17:10:18  방향자세cos:0.9999
17:10:18  자기모델잔차:25.42
17:10:18  자기모델반경:0.917
17:10:18  방향채택:0
17:10:18  방향거부:164975
17:10:18  GPS원시속도:0.005
17:10:18  GPS원시방향유효:1
17:10:18  GPS원시방향:290.8
17:10:18  가속도:-0.32,0.44,9.71
17:10:18  자이로:1.9,-3.1,1.1
17:10:18  자력계:9.150,4.200,19.500
17:10:18  충격값:0.11
17:10:18  충격피크:0.13
17:10:18  마지막충격발생값:0.00
17:10:18  마지막충격발생ms:0
17:10:18  송신:14544
17:10:18  지팡이수신:9794
17:10:18  GPS위성:9
17:10:18  GPS_HDOP:1.11
17:10:18  원시위도:37.495919
17:10:18  원시경도:126.956127
17:10:18  GPS채택:1513
17:10:18  GPS이상치거부:0
17:10:18  GPS품질거부:0
17:10:18  GPS재기준:0
17:10:18  계산거리:-1.00
17:10:18  접근속도:0.00
17:10:18  TTC:999.00
17:10:18  방향오차:0.0
17:10:18  전방여부:0
17:10:18  위험음성횟수:0
17:10:18  충격음성횟수:0
17:10:18  마지막위험음성:0
17:10:18  RSSI원시:-48
17:10:18  RSSI평활:-47.7
17:10:18  RSSI샘플:9794
17:10:18  RSSI경과ms:38
17:10:18  RSSI구간:4
17:10:18  RSSI거리:0.80
17:10:18  상대보정:0
17:10:18  상대보정중:0
17:10:18  보정동쪽:0.00
17:10:18  보정북쪽:0.00
17:10:18  UWB유효:1
17:10:18  UWB원시거리:0.570
17:10:18  UWB보정거리:0.732
17:10:18  UWB접근속도:-0.014
17:10:18  UWB_RSSI:nan
17:10:18  UWB경과ms:98
17:10:18  UWB샘플:7400
17:10:18  UWB실패:165
17:10:18  UWB보정:1
17:10:18  UWB보정중:0
17:10:18  UWB보정샘플:100
17:10:18  UWB보정기준:3.000
17:10:18  UWB오프셋:0.234
17:10:18  UWB위험사용:0
17:10:18  UWB전송:7397
17:10:18  위험송신:0
17:10:18  시각ms:1528541
17:10:18  IMU시각ms:1528541
17:10:18  위험:0
17:10:18  원시위험:0
17:10:18  GPS유효:1
17:10:18  위도:37.495917
17:10:18  경도:126.956128
17:10:18  속도:0.01
17:10:18  방향:290.8
17:10:18  이동방향유효:0
17:10:18  GPS이동방향:290.8
17:10:18  차체방향유효:0
17:10:18  차체방향:0.0
17:10:18  후진판정:0
17:10:18  IMU요회전속도:0.00
17:10:18  방향가속도크기:9.77
17:10:18  방향자이로크기:4.19
17:10:18  방향자세cos:0.9998
17:10:18  자기모델잔차:25.03
17:10:18  자기모델반경:0.888
17:10:18  방향채택:0
17:10:18  방향거부:164984
17:10:18  GPS원시속도:0.005
17:10:18  GPS원시방향유효:1
17:10:18  GPS원시방향:290.8
17:10:18  가속도:-0.36,0.32,9.76
17:10:18  자이로:2.7,-3.2,0.1
17:10:18  자력계:10.500,3.300,19.200
17:10:18  충격값:0.08
17:10:18  충격피크:0.15
17:10:18  마지막충격발생값:0.00
17:10:18  마지막충격발생ms:0
17:10:18  송신:14545
17:10:18  지팡이수신:9794
17:10:18  GPS위성:9
17:10:18  GPS_HDOP:1.11
17:10:18  원시위도:37.495919
17:10:18  원시경도:126.956127
17:10:18  GPS채택:1513
17:10:18  GPS이상치거부:0
17:10:18  GPS품질거부:0
17:10:18  GPS재기준:0
17:10:18  계산거리:-1.00
17:10:18  접근속도:0.00
17:10:18  TTC:999.00
17:10:18  방향오차:0.0
17:10:18  전방여부:0
17:10:18  위험음성횟수:0
17:10:18  충격음성횟수:0
17:10:18  마지막위험음성:0
17:10:18  RSSI원시:-48
17:10:18  RSSI평활:-47.7
17:10:18  RSSI샘플:9794
17:10:18  RSSI경과ms:117
17:10:18  RSSI구간:4
17:10:18  RSSI거리:0.80
17:10:18  상대보정:0
17:10:18  상대보정중:0
17:10:18  보정동쪽:0.00
17:10:18  보정북쪽:0.00
17:10:18  UWB유효:1
17:10:18  UWB원시거리:0.570
17:10:18  UWB보정거리:0.732
17:10:18  UWB접근속도:-0.014
17:10:18  UWB_RSSI:nan
17:10:18  UWB경과ms:177
17:10:18  UWB샘플:7400
17:10:18  UWB실패:165
17:10:18  UWB보정:1
17:10:18  UWB보정중:0
17:10:18  UWB보정샘플:100
17:10:18  UWB보정기준:3.000
17:10:18  UWB오프셋:0.234
17:10:18  UWB위험사용:0
17:10:18  UWB전송:7397
17:10:18  위험송신:0
17:10:18  시각ms:1528563
17:10:18  IMU시각ms:1528559
17:10:18  위험:0
17:10:18  원시위험:0
17:10:18  GPS유효:1
17:10:18  위도:37.495917
17:10:18  경도:126.956128
17:10:18  속도:0.01
17:10:18  방향:290.8
17:10:18  이동방향유효:0
17:10:18  GPS이동방향:290.8
17:10:18  차체방향유효:0
17:10:18  차체방향:0.0
17:10:18  후진판정:0
17:10:18  IMU요회전속도:0.00
17:10:18  방향가속도크기:9.72
17:10:18  방향자이로크기:2.20
17:10:18  방향자세cos:1.0000
17:10:18  자기모델잔차:25.77
17:10:18  자기모델반경:0.976
17:10:18  방향채택:0
17:10:18  방향거부:164986
17:10:18  GPS원시속도:0.005
17:10:18  GPS원시방향유효:1
17:10:18  GPS원시방향:290.8
17:10:18  가속도:-0.40,0.53,9.70
17:10:18  자이로:1.1,1.5,1.2
17:10:18  자력계:8.100,6.000,19.650
17:10:18  충격값:0.17
17:10:18  충격피크:0.17
17:10:18  마지막충격발생값:0.00
17:10:18  마지막충격발생ms:0
17:10:18  송신:14545
17:10:18  지팡이수신:9794
17:10:18  GPS위성:9
17:10:18  GPS_HDOP:1.11
17:10:18  원시위도:37.495919
17:10:18  원시경도:126.956127
17:10:18  GPS채택:1513
17:10:18  GPS이상치거부:0
17:10:18  GPS품질거부:0
17:10:18  GPS재기준:0
17:10:18  계산거리:-1.00
17:10:18  접근속도:0.00
17:10:18  TTC:999.00
17:10:18  방향오차:0.0
17:10:18  전방여부:0
17:10:18  위험음성횟수:0
17:10:18  충격음성횟수:0
17:10:18  마지막위험음성:0
17:10:18  RSSI원시:-48
17:10:18  RSSI평활:-47.7
17:10:18  RSSI샘플:9794
17:10:18  RSSI경과ms:139
17:10:18  RSSI구간:4
17:10:18  RSSI거리:0.80
17:10:18  상대보정:0
17:10:18  상대보정중:0
17:10:18  보정동쪽:0.00
17:10:18  보정북쪽:0.00
17:10:18  UWB유효:1
17:10:18  UWB원시거리:0.530
17:10:18  UWB보정거리:0.744
17:10:18  UWB접근속도:-0.027
17:10:18  UWB_RSSI:nan
17:10:18  UWB경과ms:0
17:10:18  UWB샘플:7401
17:10:18  UWB실패:165
17:10:18  UWB보정:1
17:10:18  UWB보정중:0
17:10:18  UWB보정샘플:100
17:10:18  UWB보정기준:3.000
17:10:18  UWB오프셋:0.234
17:10:18  UWB위험사용:0
17:10:18  UWB전송:7398
17:10:18  위험송신:0
17:10:18  시각ms:1528818
17:10:18  IMU시각ms:1528817
17:10:18  위험:0
17:10:18  원시위험:0
17:10:18  GPS유효:1
17:10:18  위도:37.495918
17:10:18  경도:126.956128
17:10:18  속도:0.01
17:10:18  방향:290.8
17:10:18  이동방향유효:0
17:10:18  GPS이동방향:290.8
17:10:18  차체방향유효:0
17:10:18  차체방향:0.0
17:10:18  후진판정:0
17:10:18  IMU요회전속도:0.00
17:10:18  방향가속도크기:9.73
17:10:18  방향자이로크기:3.22
17:10:18  방향자세cos:0.9999
17:10:18  자기모델잔차:25.10
17:10:18  자기모델반경:0.913
17:10:18  방향채택:0
17:10:18  방향거부:165011
17:10:18  GPS원시속도:0.021
17:10:18  GPS원시방향유효:1
17:10:18  GPS원시방향:290.8
17:10:18  가속도:-0.47,0.33,9.71
17:10:18  자이로:0.6,2.4,-2.1
17:10:18  자력계:9.300,4.050,19.200
17:10:18  충격값:0.09
17:10:18  충격피크:0.18
17:10:18  마지막충격발생값:0.00
17:10:18  마지막충격발생ms:0
17:10:18  송신:14548
17:10:18  지팡이수신:9797
17:10:18  GPS위성:9
17:10:18  GPS_HDOP:1.11
17:10:18  원시위도:37.495919
17:10:18  원시경도:126.956127
17:10:18  GPS채택:1514
17:10:18  GPS이상치거부:0
17:10:18  GPS품질거부:0
17:10:18  GPS재기준:0
17:10:18  계산거리:-1.00
17:10:18  접근속도:0.00
17:10:18  TTC:999.00
17:10:18  방향오차:0.0
17:10:18  전방여부:0
17:10:18  위험음성횟수:0
17:10:18  충격음성횟수:0
17:10:18  마지막위험음성:0
17:10:18  RSSI원시:-46
17:10:18  RSSI평활:-47.3
17:10:18  RSSI샘플:9797
17:10:18  RSSI경과ms:108
17:10:18  RSSI구간:4
17:10:18  RSSI거리:0.80
17:10:18  상대보정:0
17:10:18  상대보정중:0
17:10:18  보정동쪽:0.00
17:10:18  보정북쪽:0.00
17:10:18  UWB유효:1
17:10:18  UWB원시거리:0.550
17:10:18  UWB보정거리:0.751
17:10:18  UWB접근속도:-0.029
17:10:18  UWB_RSSI:nan
17:10:18  UWB경과ms:53
17:10:18  UWB샘플:7402
17:10:18  UWB실패:165
17:10:18  UWB보정:1
17:10:18  UWB보정중:0
17:10:18  UWB보정샘플:100
17:10:18  UWB보정기준:3.000
17:10:18  UWB오프셋:0.234
17:10:18  UWB위험사용:0
17:10:18  UWB전송:7399
17:10:18  위험송신:0
17:10:18  시각ms:1528845
17:10:18  IMU시각ms:1528845
17:10:18  위험:0
17:10:18  원시위험:0
17:10:18  GPS유효:1
17:10:18  위도:37.495918
17:10:18  경도:126.956128
17:10:18  속도:0.01
17:10:18  방향:290.8
17:10:18  이동방향유효:0
17:10:18  GPS이동방향:290.8
17:10:18  차체방향유효:0
17:10:18  차체방향:0.0
17:10:18  후진판정:0
17:10:18  IMU요회전속도:0.00
17:10:18  방향가속도크기:9.77
17:10:18  방향자이로크기:0.98
17:10:18  방향자세cos:0.9999
17:10:18  자기모델잔차:24.45
17:10:18  자기모델반경:0.940
17:10:18  방향채택:0
17:10:18  방향거부:165014
17:10:18  GPS원시속도:0.021
17:10:18  GPS원시방향유효:1
17:10:18  GPS원시방향:290.8
17:10:18  가속도:-0.46,0.34,9.75
17:10:18  자이로:0.4,0.8,-0.3
17:10:18  자력계:9.300,4.800,18.450
17:10:18  충격값:0.09
17:10:18  충격피크:0.09
17:10:18  마지막충격발생값:0.00
17:10:18  마지막충격발생ms:0
17:10:18  송신:14548
17:10:18  지팡이수신:9797
17:10:18  GPS위성:9
17:10:18  GPS_HDOP:1.11
17:10:18  원시위도:37.495919
17:10:18  원시경도:126.956127
17:10:18  GPS채택:1514
17:10:18  GPS이상치거부:0
17:10:18  GPS품질거부:0
17:10:18  GPS재기준:0
17:10:18  계산거리:-1.00
17:10:18  접근속도:0.00
17:10:18  TTC:999.00
17:10:18  방향오차:0.0
17:10:18  전방여부:0
17:10:18  위험음성횟수:0
17:10:18  충격음성횟수:0
17:10:18  마지막위험음성:0
17:10:18  RSSI원시:-46
17:10:18  RSSI평활:-47.3
17:10:18  RSSI샘플:9797
17:10:18  RSSI경과ms:135
17:10:18  RSSI구간:4
17:10:18  RSSI거리:0.80
17:10:18  상대보정:0
17:10:18  상대보정중:0
17:10:18  보정동쪽:0.00
17:10:18  보정북쪽:0.00
17:10:18  UWB유효:1
17:10:18  UWB원시거리:0.550
17:10:18  UWB보정거리:0.751
17:10:18  UWB접근속도:-0.029
17:10:18  UWB_RSSI:nan
17:10:18  UWB경과ms:80
17:10:18  UWB샘플:7402
17:10:18  UWB실패:165
17:10:18  UWB보정:1
17:10:18  UWB보정중:0
17:10:18  UWB보정샘플:100
17:10:18  UWB보정기준:3.000
17:10:18  UWB오프셋:0.234
17:10:18  UWB위험사용:0
17:10:18  UWB전송:7399
17:10:18  위험송신:0
17:10:18  시각ms:1528900
17:10:18  IMU시각ms:1528900
17:10:18  위험:0
17:10:18  원시위험:0
17:10:18  GPS유효:1
17:10:18  위도:37.495918
17:10:18  경도:126.956128
17:10:18  속도:0.01
17:10:18  방향:290.8
17:10:18  이동방향유효:0
17:10:18  GPS이동방향:290.8
17:10:18  차체방향유효:0
17:10:18  차체방향:0.0
17:10:18  후진판정:0
17:10:18  IMU요회전속도:0.00
17:10:18  방향가속도크기:9.92
17:10:18  방향자이로크기:4.32
17:10:18  방향자세cos:0.9998
17:10:18  자기모델잔차:27.10
17:10:18  자기모델반경:0.964
17:10:18  방향채택:0
17:10:18  방향거부:165020
17:10:18  GPS원시속도:0.021
17:10:18  GPS원시방향유효:1
17:10:18  GPS원시방향:290.8
17:10:18  가속도:-0.39,0.31,9.91
17:10:18  자이로:2.4,1.3,-3.3
17:10:18  자력계:9.150,5.850,21.000
17:10:18  충격값:0.21
17:10:18  충격피크:0.21
17:10:18  마지막충격발생값:0.00
17:10:18  마지막충격발생ms:0
17:10:18  송신:14548
17:10:18  지팡이수신:9797
17:10:18  GPS위성:9
17:10:18  GPS_HDOP:1.11
17:10:18  원시위도:37.495919
17:10:18  원시경도:126.956127
17:10:18  GPS채택:1514
17:10:18  GPS이상치거부:0
17:10:18  GPS품질거부:0
17:10:18  GPS재기준:0
17:10:18  계산거리:-1.00
17:10:18  접근속도:0.00
17:10:18  TTC:999.00
17:10:18  방향오차:0.0
17:10:18  전방여부:0
17:10:18  위험음성횟수:0
17:10:18  충격음성횟수:0
17:10:18  마지막위험음성:0
17:10:18  RSSI원시:-46
17:10:18  RSSI평활:-47.3
17:10:18  RSSI샘플:9797
17:10:18  RSSI경과ms:190
17:10:18  RSSI구간:4
17:10:18  RSSI거리:0.80
17:10:18  상대보정:0
17:10:18  상대보정중:0
17:10:18  보정동쪽:0.00
17:10:18  보정북쪽:0.00
17:10:18  UWB유효:1
17:10:18  UWB원시거리:0.550
17:10:18  UWB보정거리:0.751
17:10:18  UWB접근속도:-0.029
17:10:18  UWB_RSSI:nan
17:10:18  UWB경과ms:135
17:10:18  UWB샘플:7402
17:10:18  UWB실패:165
17:10:18  UWB보정:1
17:10:18  UWB보정중:0
17:10:18  UWB보정샘플:100
17:10:18  UWB보정기준:3.000
17:10:18  UWB오프셋:0.234
17:10:18  UWB위험사용:0
17:10:18  UWB전송:7399
17:10:18  위험송신:0
17:10:18  시각ms:1528930
17:10:18  IMU시각ms:1528929
17:10:18  위험:0
17:10:18  원시위험:0
17:10:18  GPS유효:1
17:10:18  위도:37.495918
17:10:18  경도:126.956128
17:10:18  속도:0.01
17:10:18  방향:290.8
17:10:18  이동방향유효:0
17:10:18  GPS이동방향:290.8
17:10:18  차체방향유효:0
17:10:18  차체방향:0.0
17:10:18  후진판정:0
17:10:18  IMU요회전속도:0.00
17:10:18  방향가속도크기:9.72
17:10:18  방향자이로크기:3.00
17:10:18  방향자세cos:0.9999
17:10:18  자기모델잔차:25.69
17:10:18  자기모델반경:0.951
17:10:18  방향채택:0
17:10:18  방향거부:165023
17:10:18  GPS원시속도:0.021
17:10:18  GPS원시방향유효:1
17:10:18  GPS원시방향:290.8
17:10:18  가속도:-0.38,0.36,9.70
17:10:18  자이로:1.4,2.6,0.6
17:10:18  자력계:8.850,5.250,19.650
17:10:18  충격값:0.02
17:10:18  충격피크:0.15
17:10:18  마지막충격발생값:0.00
17:10:18  마지막충격발생ms:0
17:10:18  송신:14549
17:10:18  지팡이수신:9798
17:10:18  GPS위성:9
17:10:18  GPS_HDOP:1.11
17:10:18  원시위도:37.495919
17:10:18  원시경도:126.956127
17:10:18  GPS채택:1514
17:10:18  GPS이상치거부:0
17:10:18  GPS품질거부:0
17:10:18  GPS재기준:0
17:10:18  계산거리:-1.00
17:10:18  접근속도:0.00
17:10:18  TTC:999.00
17:10:18  방향오차:0.0
17:10:18  전방여부:0
17:10:18  위험음성횟수:0
17:10:18  충격음성횟수:0
17:10:18  마지막위험음성:0
17:10:18  RSSI원시:-47
17:10:18  RSSI평활:-47.2
17:10:18  RSSI샘플:9798
17:10:18  RSSI경과ms:9
17:10:18  RSSI구간:4
17:10:18  RSSI거리:0.80
17:10:18  상대보정:0
17:10:18  상대보정중:0
17:10:18  보정동쪽:0.00
17:10:18  보정북쪽:0.00
17:10:18  UWB유효:1
17:10:18  UWB원시거리:0.550
17:10:18  UWB보정거리:0.751
17:10:18  UWB접근속도:-0.029
17:10:18  UWB_RSSI:nan
17:10:18  UWB경과ms:165
17:10:18  UWB샘플:7402
17:10:18  UWB실패:165
17:10:18  UWB보정:1
17:10:18  UWB보정중:0
17:10:18  UWB보정샘플:100
17:10:18  UWB보정기준:3.000
17:10:18  UWB오프셋:0.234
17:10:18  UWB위험사용:0
17:10:18  UWB전송:7399
17:10:18  위험송신:0
17:10:18  시각ms:1529209
17:10:18  IMU시각ms:1529209
17:10:18  위험:0
17:10:18  원시위험:0
17:10:18  GPS유효:1
17:10:18  위도:37.495918
17:10:18  경도:126.956128
17:10:18  속도:0.01
17:10:18  방향:290.8
17:10:18  이동방향유효:0
17:10:18  GPS이동방향:290.8
17:10:18  차체방향유효:0
17:10:18  차체방향:0.0
17:10:18  후진판정:0
17:10:18  IMU요회전속도:0.00
17:10:18  방향가속도크기:9.70
17:10:18  방향자이로크기:1.66
17:10:18  방향자세cos:0.9999
17:10:18  자기모델잔차:26.99
17:10:18  자기모델반경:0.892
17:10:18  방향채택:0
17:10:18  방향거부:165051
17:10:18  GPS원시속도:0.021
17:10:18  GPS원시방향유효:1
17:10:18  GPS원시방향:290.8
17:10:18  가속도:-0.42,0.37,9.69
17:10:18  자이로:-1.1,-0.8,-1.0
17:10:18  자력계:9.300,3.600,21.150
17:10:18  충격값:0.04
17:10:18  충격피크:0.14
17:10:18  마지막충격발생값:0.00
17:10:18  마지막충격발생ms:0
17:10:18  송신:14551
17:10:18  지팡이수신:9800
17:10:18  GPS위성:9
17:10:18  GPS_HDOP:1.11
17:10:18  원시위도:37.495919
17:10:18  원시경도:126.956127
17:10:18  GPS채택:1514
17:10:18  GPS이상치거부:0
17:10:18  GPS품질거부:0
17:10:18  GPS재기준:0
17:10:18  계산거리:-1.00
17:10:18  접근속도:0.00
17:10:18  TTC:999.00
17:10:18  방향오차:0.0
17:10:18  전방여부:0
17:10:18  위험음성횟수:0
17:10:18  충격음성횟수:0
17:10:18  마지막위험음성:0
17:10:18  RSSI원시:-49
17:10:18  RSSI평활:-47.9
17:10:18  RSSI샘플:9800
17:10:18  RSSI경과ms:76
17:10:18  RSSI구간:4
17:10:18  RSSI거리:0.80
17:10:18  상대보정:0
17:10:18  상대보정중:0
17:10:18  보정동쪽:0.00
17:10:18  보정북쪽:0.00
17:10:18  UWB유효:1
17:10:18  UWB원시거리:0.500
17:10:18  UWB보정거리:0.759
17:10:18  UWB접근속도:-0.024
17:10:18  UWB_RSSI:nan
17:10:18  UWB경과ms:48
17:10:18  UWB샘플:7404
17:10:18  UWB실패:165
17:10:18  UWB보정:1
17:10:18  UWB보정중:0
17:10:18  UWB보정샘플:100
17:10:18  UWB보정기준:3.000
17:10:18  UWB오프셋:0.234
17:10:18  UWB위험사용:0
17:10:18  UWB전송:7401
17:10:18  위험송신:0
17:10:18  시각ms:1529335
17:10:18  IMU시각ms:1529334
17:10:18  위험:0
17:10:18  원시위험:0
17:10:18  GPS유효:1
17:10:18  위도:37.495918
17:10:18  경도:126.956128
17:10:18  속도:0.01
17:10:18  방향:290.8
17:10:18  이동방향유효:0
17:10:18  GPS이동방향:290.8
17:10:18  차체방향유효:0
17:10:18  차체방향:0.0
17:10:18  후진판정:0
17:10:18  IMU요회전속도:0.00
17:10:18  방향가속도크기:9.80
17:10:18  방향자이로크기:1.84
17:10:18  방향자세cos:0.9999
17:10:18  자기모델잔차:25.47
17:10:18  자기모델반경:0.931
17:10:18  방향채택:0
17:10:18  방향거부:165065
17:10:18  GPS원시속도:0.021
17:10:18  GPS원시방향유효:1
17:10:18  GPS원시방향:290.8
17:10:18  가속도:-0.31,0.40,9.79
17:10:18  자이로:1.1,-1.4,-0.5
17:10:18  자력계:9.450,4.650,19.500
17:10:18  충격값:0.12
17:10:18  충격피크:0.17
17:10:18  마지막충격발생값:0.00
17:10:18  마지막충격발생ms:0
17:10:18  송신:14553
17:10:18  지팡이수신:9801
17:10:18  GPS위성:9
17:10:18  GPS_HDOP:1.11
17:10:18  원시위도:37.495919
17:10:18  원시경도:126.956127
17:10:18  GPS채택:1514
17:10:18  GPS이상치거부:0
17:10:18  GPS품질거부:0
17:10:18  GPS재기준:0
17:10:18  계산거리:-1.00
17:10:18  접근속도:0.00
17:10:18  TTC:999.00
17:10:18  방향오차:0.0
17:10:18  전방여부:0
17:10:18  위험음성횟수:0
17:10:18  충격음성횟수:0
17:10:18  마지막위험음성:0
17:10:18  RSSI원시:-48
17:10:18  RSSI평활:-47.9
17:10:18  RSSI샘플:9801
17:10:18  RSSI경과ms:92
17:10:18  RSSI구간:4
17:10:18  RSSI거리:0.80
17:10:18  상대보정:0
17:10:18  상대보정중:0
17:10:18  보정동쪽:0.00
17:10:18  보정북쪽:0.00
17:10:18  UWB유효:1
17:10:18  UWB원시거리:0.500
17:10:18  UWB보정거리:0.759
17:10:18  UWB접근속도:-0.024
17:10:18  UWB_RSSI:nan
17:10:18  UWB경과ms:174
17:10:18  UWB샘플:7404
17:10:18  UWB실패:165
17:10:18  UWB보정:1
17:10:18  UWB보정중:0
17:10:18  UWB보정샘플:100
17:10:18  UWB보정기준:3.000
17:10:18  UWB오프셋:0.234
17:10:18  UWB위험사용:0
17:10:18  UWB전송:7401
17:10:18  위험송신:0
17:10:18  시각ms:1529366
17:10:18  IMU시각ms:1529361
17:10:18  위험:0
17:10:18  원시위험:0
17:10:18  GPS유효:1
17:10:18  위도:37.495918
17:10:18  경도:126.956128
17:10:18  속도:0.01
17:10:18  방향:290.8
17:10:18  이동방향유효:0
17:10:18  GPS이동방향:290.8
17:10:18  차체방향유효:0
17:10:18  차체방향:0.0
17:10:18  후진판정:0
17:10:18  IMU요회전속도:0.00
17:10:18  방향가속도크기:9.70
17:10:18  방향자이로크기:2.78
17:10:18  방향자세cos:1.0000
17:10:18  자기모델잔차:24.37
17:10:18  자기모델반경:0.958
17:10:18  방향채택:0
17:10:18  방향거부:165068
17:10:18  GPS원시속도:0.021
17:10:18  GPS원시방향유효:1
17:10:18  GPS원시방향:290.8
17:10:18  가속도:-0.36,0.43,9.69
17:10:18  자이로:-2.0,0.3,-1.9
17:10:18  자력계:10.200,5.400,18.300
17:10:18  충격값:0.07
17:10:18  충격피크:0.13
17:10:18  마지막충격발생값:0.00
17:10:18  마지막충격발생ms:0
17:10:18  송신:14553
17:10:18  지팡이수신:9802
17:10:18  GPS위성:9
17:10:18  GPS_HDOP:1.11
17:10:18  원시위도:37.495919
17:10:18  원시경도:126.956127
17:10:18  GPS채택:1514
17:10:18  GPS이상치거부:0
17:10:18  GPS품질거부:0
17:10:18  GPS재기준:0
17:10:18  계산거리:-1.00
17:10:18  접근속도:0.00
17:10:18  TTC:999.00
17:10:18  방향오차:0.0
17:10:18  전방여부:0
17:10:18  위험음성횟수:0
17:10:18  충격음성횟수:0
17:10:18  마지막위험음성:0
17:10:18  RSSI원시:-47
17:10:18  RSSI평활:-47.7
17:10:18  RSSI샘플:9802
17:10:18  RSSI경과ms:9
17:10:18  RSSI구간:4
17:10:18  RSSI거리:0.80
17:10:18  상대보정:0
17:10:18  상대보정중:0
17:10:18  보정동쪽:0.00
17:10:18  보정북쪽:0.00
17:10:18  UWB유효:1
17:10:18  UWB원시거리:0.590
17:10:18  UWB보정거리:0.761
17:10:18  UWB접근속도:-0.020
17:10:18  UWB_RSSI:nan
17:10:18  UWB경과ms:1
17:10:18  UWB샘플:7405
17:10:18  UWB실패:165
17:10:18  UWB보정:1
17:10:18  UWB보정중:0
17:10:18  UWB보정샘플:100
17:10:18  UWB보정기준:3.000
17:10:18  UWB오프셋:0.234
17:10:18  UWB위험사용:0
17:10:18  UWB전송:7402
17:10:18  위험송신:0
17:10:19  시각ms:1529444
17:10:19  IMU시각ms:1529444
17:10:19  위험:0
17:10:19  원시위험:0
17:10:19  GPS유효:1
17:10:19  위도:37.495918
17:10:19  경도:126.956128
17:10:19  속도:0.01
17:10:19  방향:290.8
17:10:19  이동방향유효:0
17:10:19  GPS이동방향:290.8
17:10:19  차체방향유효:0
17:10:19  차체방향:0.0
17:10:19  후진판정:0
17:10:19  IMU요회전속도:0.00
17:10:19  방향가속도크기:9.63
17:10:19  방향자이로크기:4.55
17:10:19  방향자세cos:0.9999
17:10:19  자기모델잔차:23.75
17:10:19  자기모델반경:0.957
17:10:19  방향채택:0
17:10:19  방향거부:165077
17:10:19  GPS원시속도:0.021
17:10:19  GPS원시방향유효:1
17:10:19  GPS원시방향:290.8
17:10:19  가속도:-0.34,0.43,9.62
17:10:19  자이로:4.5,0.4,0.5
17:10:19  자력계:9.300,5.250,17.700
17:10:19  충격값:0.11
17:10:19  충격피크:0.11
17:10:19  마지막충격발생값:0.00
17:10:19  마지막충격발생ms:0
17:10:19  송신:14554
17:10:19  지팡이수신:9802
17:10:19  GPS위성:9
17:10:19  GPS_HDOP:1.11
17:10:19  원시위도:37.495919
17:10:19  원시경도:126.956127
17:10:19  GPS채택:1514
17:10:19  GPS이상치거부:0
17:10:19  GPS품질거부:0
17:10:19  GPS재기준:0
17:10:19  계산거리:-1.00
17:10:19  접근속도:0.00
17:10:19  TTC:999.00
17:10:19  방향오차:0.0
17:10:19  전방여부:0
17:10:19  위험음성횟수:0
17:10:19  충격음성횟수:0
17:10:19  마지막위험음성:0
17:10:19  RSSI원시:-47
17:10:19  RSSI평활:-47.7
17:10:19  RSSI샘플:9802
17:10:19  RSSI경과ms:87
17:10:19  RSSI구간:4
17:10:19  RSSI거리:0.80
17:10:19  상대보정:0
17:10:19  상대보정중:0
17:10:19  보정동쪽:0.00
17:10:19  보정북쪽:0.00
17:10:19  UWB유효:1
17:10:19  UWB원시거리:0.590
17:10:19  UWB보정거리:0.761
17:10:19  UWB접근속도:-0.020
17:10:19  UWB_RSSI:nan
17:10:19  UWB경과ms:79
17:10:19  UWB샘플:7405
17:10:19  UWB실패:165
17:10:19  UWB보정:1
17:10:19  UWB보정중:0
17:10:19  UWB보정샘플:100
17:10:19  UWB보정기준:3.000
17:10:19  UWB오프셋:0.234
17:10:19  UWB위험사용:0
17:10:19  UWB전송:7402
17:10:19  위험송신:0
17:10:19  시각ms:1529572
17:10:19  IMU시각ms:1529572
17:10:19  위험:0
17:10:19  원시위험:0
17:10:19  GPS유효:1
17:10:19  위도:37.495918
17:10:19  경도:126.956128
17:10:19  속도:0.01
17:10:19  방향:290.8
17:10:19  이동방향유효:0
17:10:19  GPS이동방향:290.8
17:10:19  차체방향유효:0
17:10:19  차체방향:0.0
17:10:19  후진판정:0
17:10:19  IMU요회전속도:0.00
17:10:19  방향가속도크기:9.66
17:10:19  방향자이로크기:2.53
17:10:19  방향자세cos:1.0000
17:10:19  자기모델잔차:25.42
17:10:19  자기모델반경:0.916
17:10:19  방향채택:0
17:10:19  방향거부:165091
17:10:19  GPS원시속도:0.021
17:10:19  GPS원시방향유효:1
17:10:19  GPS원시방향:290.8
17:10:19  가속도:-0.43,0.47,9.64
17:10:19  자이로:2.3,1.1,0.1
17:10:19  자력계:9.900,4.200,19.500
17:10:19  충격값:0.12
17:10:19  충격피크:0.12
17:10:19  마지막충격발생값:0.00
17:10:19  마지막충격발생ms:0
17:10:19  송신:14555
17:10:19  지팡이수신:9803
17:10:19  GPS위성:9
17:10:19  GPS_HDOP:1.11
17:10:19  원시위도:37.495919
17:10:19  원시경도:126.956127
17:10:19  GPS채택:1514
17:10:19  GPS이상치거부:0
17:10:19  GPS품질거부:0
17:10:19  GPS재기준:0
17:10:19  계산거리:-1.00
17:10:19  접근속도:0.00
17:10:19  TTC:999.00
17:10:19  방향오차:0.0
17:10:19  전방여부:0
17:10:19  위험음성횟수:0
17:10:19  충격음성횟수:0
17:10:19  마지막위험음성:0
17:10:19  RSSI원시:-46
17:10:19  RSSI평활:-47.4
17:10:19  RSSI샘플:9803
17:10:19  RSSI경과ms:17
17:10:19  RSSI구간:4
17:10:19  RSSI거리:0.80
17:10:19  상대보정:0
17:10:19  상대보정중:0
17:10:19  보정동쪽:0.00
17:10:19  보정북쪽:0.00
17:10:19  UWB유효:1
17:10:19  UWB원시거리:0.540
17:10:19  UWB보정거리:0.765
17:10:19  UWB접근속도:-0.021
17:10:19  UWB_RSSI:nan
17:10:19  UWB경과ms:9
17:10:19  UWB샘플:7406
17:10:19  UWB실패:165
17:10:19  UWB보정:1
17:10:19  UWB보정중:0
17:10:19  UWB보정샘플:100
17:10:19  UWB보정기준:3.000
17:10:19  UWB오프셋:0.234
17:10:19  UWB위험사용:0
17:10:19  UWB전송:7403
17:10:19  위험송신:0
17:10:19  시각ms:1529598
17:10:19  IMU시각ms:1529598
17:10:19  위험:0
17:10:19  원시위험:0
17:10:19  GPS유효:1
17:10:19  위도:37.495918
17:10:19  경도:126.956128
17:10:19  속도:0.01
17:10:19  방향:290.8
17:10:19  이동방향유효:0
17:10:19  GPS이동방향:290.8
17:10:19  차체방향유효:0
17:10:19  차체방향:0.0
17:10:19  후진판정:0
17:10:19  IMU요회전속도:0.00
17:10:19  방향가속도크기:9.68
17:10:19  방향자이로크기:3.53
17:10:19  방향자세cos:0.9999
17:10:19  자기모델잔차:24.97
17:10:19  자기모델반경:0.918
17:10:19  방향채택:0
17:10:19  방향거부:165094
17:10:19  GPS원시속도:0.021
17:10:19  GPS원시방향유효:1
17:10:19  GPS원시방향:290.8
17:10:19  가속도:-0.48,0.37,9.66
17:10:19  자이로:-0.3,0.6,-3.5
17:10:19  자력계:9.450,4.200,19.050
17:10:19  충격값:0.10
17:10:19  충격피크:0.11
17:10:19  마지막충격발생값:0.00
17:10:19  마지막충격발생ms:0
17:10:19  송신:14555
17:10:19  지팡이수신:9803
17:10:19  GPS위성:9
17:10:19  GPS_HDOP:1.11
17:10:19  원시위도:37.495919
17:10:19  원시경도:126.956127
17:10:19  GPS채택:1514
17:10:19  GPS이상치거부:0
17:10:19  GPS품질거부:0
17:10:19  GPS재기준:0
17:10:19  계산거리:-1.00
17:10:19  접근속도:0.00
17:10:19  TTC:999.00
17:10:19  방향오차:0.0
17:10:19  전방여부:0
17:10:19  위험음성횟수:0
17:10:19  충격음성횟수:0
17:10:19  마지막위험음성:0
17:10:19  RSSI원시:-46
17:10:19  RSSI평활:-47.4
17:10:19  RSSI샘플:9803
17:10:19  RSSI경과ms:43
17:10:19  RSSI구간:4
17:10:19  RSSI거리:0.80
17:10:19  상대보정:0
17:10:19  상대보정중:0
17:10:19  보정동쪽:0.00
17:10:19  보정북쪽:0.00
17:10:19  UWB유효:1
17:10:19  UWB원시거리:0.540
17:10:19  UWB보정거리:0.765
17:10:19  UWB접근속도:-0.021
17:10:19  UWB_RSSI:nan
17:10:19  UWB경과ms:35
17:10:19  UWB샘플:7406
17:10:19  UWB실패:165
17:10:19  UWB보정:1
17:10:19  UWB보정중:0
17:10:19  UWB보정샘플:100
17:10:19  UWB보정기준:3.000
17:10:19  UWB오프셋:0.234
17:10:19  UWB위험사용:0
17:10:19  UWB전송:7403
17:10:19  위험송신:0
17:10:19  시각ms:1529642
17:10:19  IMU시각ms:1529641
17:10:19  위험:0
17:10:19  원시위험:0
17:10:19  GPS유효:1
17:10:19  위도:37.495918
17:10:19  경도:126.956128
17:10:19  속도:0.01
17:10:19  방향:290.8
17:10:19  이동방향유효:0
17:10:19  GPS이동방향:290.8
17:10:19  차체방향유효:0
17:10:19  차체방향:0.0
17:10:19  후진판정:0
17:10:19  IMU요회전속도:0.00
17:10:19  방향가속도크기:9.73
17:10:19  방향자이로크기:2.94
17:10:19  방향자세cos:0.9999
17:10:19  자기모델잔차:26.57
17:10:19  자기모델반경:0.941
17:10:19  방향채택:0
17:10:19  방향거부:165098
17:10:19  GPS원시속도:0.021
17:10:19  GPS원시방향유효:1
17:10:19  GPS원시방향:290.8
17:10:19  가속도:-0.49,0.39,9.71
17:10:19  자이로:1.5,0.4,-2.5
17:10:19  자력계:9.450,5.100,20.550
17:10:19  충격값:0.09
17:10:19  충격피크:0.15
17:10:19  마지막충격발생값:0.00
17:10:19  마지막충격발생ms:0
17:10:19  송신:14556
17:10:19  지팡이수신:9803
17:10:19  GPS위성:9
17:10:19  GPS_HDOP:1.11
17:10:19  원시위도:37.495919
17:10:19  원시경도:126.956127
17:10:19  GPS채택:1514
17:10:19  GPS이상치거부:0
17:10:19  GPS품질거부:0
17:10:19  GPS재기준:0
17:10:19  계산거리:-1.00
17:10:19  접근속도:0.00
17:10:19  TTC:999.00
17:10:19  방향오차:0.0
17:10:19  전방여부:0
17:10:19  위험음성횟수:0
17:10:19  충격음성횟수:0
17:10:19  마지막위험음성:0
17:10:19  RSSI원시:-46
17:10:19  RSSI평활:-47.4
17:10:19  RSSI샘플:9803
17:10:19  RSSI경과ms:87
17:10:19  RSSI구간:4
17:10:19  RSSI거리:0.80
17:10:19  상대보정:0
17:10:19  상대보정중:0
17:10:19  보정동쪽:0.00
17:10:19  보정북쪽:0.00
17:10:19  UWB유효:1
17:10:19  UWB원시거리:0.540
17:10:19  UWB보정거리:0.765
17:10:19  UWB접근속도:-0.021
17:10:19  UWB_RSSI:nan
17:10:19  UWB경과ms:79
17:10:19  UWB샘플:7406
17:10:19  UWB실패:165
17:10:19  UWB보정:1
17:10:19  UWB보정중:0
17:10:19  UWB보정샘플:100
17:10:19  UWB보정기준:3.000
17:10:19  UWB오프셋:0.234
17:10:19  UWB위험사용:0
17:10:19  UWB전송:7403
17:10:19  위험송신:0
17:10:19  시각ms:1529663
17:10:19  IMU시각ms:1529662
17:10:19  위험:0
17:10:19  원시위험:0
17:10:19  GPS유효:1
17:10:19  위도:37.495918
17:10:19  경도:126.956128
17:10:19  속도:0.01
17:10:19  방향:290.8
17:10:19  이동방향유효:0
17:10:19  GPS이동방향:290.8
17:10:19  차체방향유효:0
17:10:19  차체방향:0.0
17:10:19  후진판정:0
17:10:19  IMU요회전속도:0.00
17:10:19  방향가속도크기:9.81
17:10:19  방향자이로크기:1.16
17:10:19  방향자세cos:0.9999
17:10:19  자기모델잔차:25.95
17:10:19  자기모델반경:0.932
17:10:19  방향채택:0
17:10:19  방향거부:165100
17:10:19  GPS원시속도:0.021
17:10:19  GPS원시방향유효:1
17:10:19  GPS원시방향:290.8
17:10:19  가속도:-0.41,0.35,9.80
17:10:19  자이로:0.3,1.0,-0.5
17:10:19  자력계:11.250,4.800,19.950
17:10:19  충격값:0.10
17:10:19  충격피크:0.10
17:10:19  마지막충격발생값:0.00
17:10:19  마지막충격발생ms:0
17:10:19  송신:14556
17:10:19  지팡이수신:9804
17:10:19  GPS위성:9
17:10:19  GPS_HDOP:1.11
17:10:19  원시위도:37.495919
17:10:19  원시경도:126.956127
17:10:19  GPS채택:1514
17:10:19  GPS이상치거부:0
17:10:19  GPS품질거부:0
17:10:19  GPS재기준:0
17:10:19  계산거리:-1.00
17:10:19  접근속도:0.00
17:10:19  TTC:999.00
17:10:19  방향오차:0.0
17:10:19  전방여부:0
17:10:19  위험음성횟수:0
17:10:19  충격음성횟수:0
17:10:19  마지막위험음성:0
17:10:19  RSSI원시:-46
17:10:19  RSSI평활:-47.1
17:10:19  RSSI샘플:9804
17:10:19  RSSI경과ms:14
17:10:19  RSSI구간:4
17:10:19  RSSI거리:0.80
17:10:19  상대보정:0
17:10:19  상대보정중:0
17:10:19  보정동쪽:0.00
17:10:19  보정북쪽:0.00
17:10:19  UWB유효:1
17:10:19  UWB원시거리:0.540
17:10:19  UWB보정거리:0.765
17:10:19  UWB접근속도:-0.021
17:10:19  UWB_RSSI:nan
17:10:19  UWB경과ms:100
17:10:19  UWB샘플:7406
17:10:19  UWB실패:165
17:10:19  UWB보정:1
17:10:19  UWB보정중:0
17:10:19  UWB보정샘플:100
17:10:19  UWB보정기준:3.000
17:10:19  UWB오프셋:0.234
17:10:19  UWB위험사용:0
17:10:19  UWB전송:7403
17:10:19  위험송신:0
17:10:19  시각ms:1529689
17:10:19  IMU시각ms:1529689
17:10:19  위험:0
17:10:19  원시위험:0
17:10:19  GPS유효:1
17:10:19  위도:37.495918
17:10:19  경도:126.956128
17:10:19  속도:0.01
17:10:19  방향:290.8
17:10:19  이동방향유효:0
17:10:19  GPS이동방향:290.8
17:10:19  차체방향유효:0
17:10:19  차체방향:0.0
17:10:19  후진판정:0
17:10:19  IMU요회전속도:0.00
17:10:19  방향가속도크기:9.79
17:10:19  방향자이로크기:1.71
17:10:19  방향자세cos:0.9999
17:10:19  자기모델잔차:25.76
17:10:19  자기모델반경:0.887
17:10:19  방향채택:0
17:10:19  방향거부:165103
17:10:19  GPS원시속도:0.021
17:10:19  GPS원시방향유효:1
17:10:19  GPS원시방향:290.8
17:10:19  가속도:-0.44,0.37,9.77
17:10:19  자이로:-1.1,-0.5,-1.2
17:10:19  자력계:9.300,3.300,19.950
17:10:19  충격값:0.08
17:10:19  충격피크:0.14
17:10:19  마지막충격발생값:0.00
17:10:19  마지막충격발생ms:0
17:10:19  송신:14556
17:10:19  지팡이수신:9804
17:10:19  GPS위성:9
17:10:19  GPS_HDOP:1.11
17:10:19  원시위도:37.495919
17:10:19  원시경도:126.956127
17:10:19  GPS채택:1514
17:10:19  GPS이상치거부:0
17:10:19  GPS품질거부:0
17:10:19  GPS재기준:0
17:10:19  계산거리:-1.00
17:10:19  접근속도:0.00
17:10:19  TTC:999.00
17:10:19  방향오차:0.0
17:10:19  전방여부:0
17:10:19  위험음성횟수:0
17:10:19  충격음성횟수:0
17:10:19  마지막위험음성:0
17:10:19  RSSI원시:-46
17:10:19  RSSI평활:-47.1
17:10:19  RSSI샘플:9804
17:10:19  RSSI경과ms:40
17:10:19  RSSI구간:4
17:10:19  RSSI거리:0.80
17:10:19  상대보정:0
17:10:19  상대보정중:0
17:10:19  보정동쪽:0.00
17:10:19  보정북쪽:0.00
17:10:19  UWB유효:1
17:10:19  UWB원시거리:0.540
17:10:19  UWB보정거리:0.765
17:10:19  UWB접근속도:-0.021
17:10:19  UWB_RSSI:nan
17:10:19  UWB경과ms:126
17:10:19  UWB샘플:7406
17:10:19  UWB실패:165
17:10:19  UWB보정:1
17:10:19  UWB보정중:0
17:10:19  UWB보정샘플:100
17:10:19  UWB보정기준:3.000
17:10:19  UWB오프셋:0.234
17:10:19  UWB위험사용:0
17:10:19  UWB전송:7403
17:10:19  위험송신:0
17:10:19  시각ms:1529709
17:10:19  IMU시각ms:1529708
17:10:19  위험:0
17:10:19  원시위험:0
17:10:19  GPS유효:1
17:10:19  위도:37.495918
17:10:19  경도:126.956128
17:10:19  속도:0.01
17:10:19  방향:290.8
17:10:19  이동방향유효:0
17:10:19  GPS이동방향:290.8
17:10:19  차체방향유효:0
17:10:19  차체방향:0.0
17:10:19  후진판정:0
17:10:19  IMU요회전속도:0.00
17:10:19  방향가속도크기:9.73
17:10:19  방향자이로크기:2.22
17:10:19  방향자세cos:1.0000
17:10:19  자기모델잔차:25.61
17:10:19  자기모델반경:0.924
17:10:19  방향채택:0
17:10:19  방향거부:165105
17:10:19  GPS원시속도:0.005
17:10:19  GPS원시방향유효:1
17:10:19  GPS원시방향:290.8
17:10:19  가속도:-0.43,0.40,9.72
17:10:19  자이로:-0.2,-1.2,-1.9
17:10:19  자력계:10.500,4.500,19.650
17:10:19  충격값:0.04
17:10:19  충격피크:0.09
17:10:19  마지막충격발생값:0.00
17:10:19  마지막충격발생ms:0
17:10:19  송신:14556
17:10:19  지팡이수신:9804
17:10:19  GPS위성:9
17:10:19  GPS_HDOP:1.20
17:10:19  원시위도:37.495919
17:10:19  원시경도:126.956127
17:10:19  GPS채택:1515
17:10:19  GPS이상치거부:0
17:10:19  GPS품질거부:0
17:10:19  GPS재기준:0
17:10:19  계산거리:-1.00
17:10:19  접근속도:0.00
17:10:19  TTC:999.00
17:10:19  방향오차:0.0
17:10:19  전방여부:0
17:10:19  위험음성횟수:0
17:10:19  충격음성횟수:0
17:10:19  마지막위험음성:0
17:10:19  RSSI원시:-46
17:10:19  RSSI평활:-47.1
17:10:19  RSSI샘플:9804
17:10:19  RSSI경과ms:60
17:10:19  RSSI구간:4
17:10:19  RSSI거리:0.80
17:10:19  상대보정:0
17:10:19  상대보정중:0
17:10:19  보정동쪽:0.00
17:10:19  보정북쪽:0.00
17:10:19  UWB유효:1
17:10:19  UWB원시거리:0.540
17:10:19  UWB보정거리:0.765
17:10:19  UWB접근속도:-0.021
17:10:19  UWB_RSSI:nan
17:10:19  UWB경과ms:146
17:10:19  UWB샘플:7406
17:10:19  UWB실패:165
17:10:19  UWB보정:1
17:10:19  UWB보정중:0
17:10:19  UWB보정샘플:100
17:10:19  UWB보정기준:3.000
17:10:19  UWB오프셋:0.234
17:10:19  UWB위험사용:0
17:10:19  UWB전송:7403
17:10:19  위험송신:0
17:10:19  시각ms:1529737
17:10:19  IMU시각ms:1529737
17:10:19  위험:0
17:10:19  원시위험:0
17:10:19  GPS유효:1
17:10:19  위도:37.495918
17:10:19  경도:126.956128
17:10:19  속도:0.01
17:10:19  방향:290.8
17:10:19  이동방향유효:0
17:10:19  GPS이동방향:290.8
17:10:19  차체방향유효:0
17:10:19  차체방향:0.0
17:10:19  후진판정:0
17:10:19  IMU요회전속도:0.00
17:10:19  방향가속도크기:9.70
17:10:19  방향자이로크기:1.84
17:10:19  방향자세cos:0.9997
17:10:19  자기모델잔차:25.91
17:10:19  자기모델반경:0.968
17:10:19  방향채택:0
17:10:19  방향거부:165108
17:10:19  GPS원시속도:0.005
17:10:19  GPS원시방향유효:1
17:10:19  GPS원시방향:290.8
17:10:19  가속도:-0.46,0.25,9.69
17:10:19  자이로:1.7,-0.3,-0.5
17:10:19  자력계:9.450,5.850,19.800
17:10:19  충격값:0.13
17:10:19  충격피크:0.18
17:10:19  마지막충격발생값:0.00
17:10:19  마지막충격발생ms:0
17:10:19  송신:14556
17:10:19  지팡이수신:9804
17:10:19  GPS위성:9
17:10:19  GPS_HDOP:1.20
17:10:19  원시위도:37.495919
17:10:19  원시경도:126.956127
17:10:19  GPS채택:1515
17:10:19  GPS이상치거부:0
17:10:19  GPS품질거부:0
17:10:19  GPS재기준:0
17:10:19  계산거리:-1.00
17:10:19  접근속도:0.00
17:10:19  TTC:999.00
17:10:19  방향오차:0.0
17:10:19  전방여부:0
17:10:19  위험음성횟수:0
17:10:19  충격음성횟수:0
17:10:19  마지막위험음성:0
17:10:19  RSSI원시:-46
17:10:19  RSSI평활:-47.1
17:10:19  RSSI샘플:9804
17:10:19  RSSI경과ms:88
17:10:19  RSSI구간:4
17:10:19  RSSI거리:0.80
17:10:19  상대보정:0
17:10:19  상대보정중:0
17:10:19  보정동쪽:0.00
17:10:19  보정북쪽:0.00
17:10:19  UWB유효:1
17:10:19  UWB원시거리:0.540
17:10:19  UWB보정거리:0.765
17:10:19  UWB접근속도:-0.021
17:10:19  UWB_RSSI:nan
17:10:19  UWB경과ms:174
17:10:19  UWB샘플:7406
17:10:19  UWB실패:165
17:10:19  UWB보정:1
17:10:19  UWB보정중:0
17:10:19  UWB보정샘플:100
17:10:19  UWB보정기준:3.000
17:10:19  UWB오프셋:0.234
17:10:19  UWB위험사용:0
17:10:19  UWB전송:7403
17:10:19  위험송신:0
17:10:19  시각ms:1529761
17:10:19  IMU시각ms:1529756
17:10:19  위험:0
17:10:19  원시위험:0
17:10:19  GPS유효:1
17:10:19  위도:37.495918
17:10:19  경도:126.956128
17:10:19  속도:0.01
17:10:19  방향:290.8
17:10:19  이동방향유효:0
17:10:19  GPS이동방향:290.8
17:10:19  차체방향유효:0
17:10:19  차체방향:0.0
17:10:19  후진판정:0
17:10:19  IMU요회전속도:0.00
17:10:19  방향가속도크기:9.76
17:10:19  방향자이로크기:2.99
17:10:19  방향자세cos:0.9995
17:10:19  자기모델잔차:24.36
17:10:19  자기모델반경:0.916
17:10:19  방향채택:0
17:10:19  방향거부:165110
17:10:19  GPS원시속도:0.005
17:10:19  GPS원시방향유효:1
17:10:19  GPS원시방향:290.8
17:10:19  가속도:-0.35,0.20,9.75
17:10:19  자이로:-1.6,0.9,-2.3
17:10:19  자력계:9.300,4.050,18.450
17:10:19  충격값:0.18
17:10:19  충격피크:0.18
17:10:19  마지막충격발생값:0.00
17:10:19  마지막충격발생ms:0
17:10:19  송신:14557
17:10:19  지팡이수신:9805
17:10:19  GPS위성:9
17:10:19  GPS_HDOP:1.20
17:10:19  원시위도:37.495919
17:10:19  원시경도:126.956127
17:10:19  GPS채택:1515
17:10:19  GPS이상치거부:0
17:10:19  GPS품질거부:0
17:10:19  GPS재기준:0
17:10:19  계산거리:-1.00
17:10:19  접근속도:0.00
17:10:19  TTC:999.00
17:10:19  방향오차:0.0
17:10:19  전방여부:0
17:10:19  위험음성횟수:0
17:10:19  충격음성횟수:0
17:10:19  마지막위험음성:0
17:10:19  RSSI원시:-50
17:10:19  RSSI평활:-47.7
17:10:19  RSSI샘플:9805
17:10:19  RSSI경과ms:10
17:10:19  RSSI구간:4
17:10:19  RSSI거리:0.80
17:10:19  상대보정:0
17:10:19  상대보정중:0
17:10:19  보정동쪽:0.00
17:10:19  보정북쪽:0.00
17:10:19  UWB유효:1
17:10:19  UWB원시거리:0.520
17:10:19  UWB보정거리:0.765
17:10:19  UWB접근속도:-0.014
17:10:19  UWB_RSSI:nan
17:10:19  UWB경과ms:1
17:10:19  UWB샘플:7407
17:10:19  UWB실패:165
17:10:19  UWB보정:1
17:10:19  UWB보정중:0
17:10:19  UWB보정샘플:100
17:10:19  UWB보정기준:3.000
17:10:19  UWB오프셋:0.234
17:10:19  UWB위험사용:0
17:10:19  UWB전송:7404
17:10:19  위험송신:0
17:10:19  시각ms:1529787
17:10:19  IMU시각ms:1529786
17:10:19  위험:0
17:10:19  원시위험:0
17:10:19  GPS유효:1
17:10:19  위도:37.495918
17:10:19  경도:126.956128
17:10:19  속도:0.01
17:10:19  방향:290.8
17:10:19  이동방향유효:0
17:10:19  GPS이동방향:290.8
17:10:19  차체방향유효:0
17:10:19  차체방향:0.0
17:10:19  후진판정:0
17:10:19  IMU요회전속도:0.00
17:10:19  방향가속도크기:9.68
17:10:19  방향자이로크기:4.57
17:10:19  방향자세cos:0.9999
17:10:19  자기모델잔차:24.19
17:10:19  자기모델반경:0.913
17:10:19  방향채택:0
17:10:19  방향거부:165113
17:10:19  GPS원시속도:0.005
17:10:19  GPS원시방향유효:1
17:10:19  GPS원시방향:290.8
17:10:19  가속도:-0.48,0.36,9.66
17:10:19  자이로:-0.5,0.9,-4.5
17:10:19  자력계:8.700,3.900,18.300
17:10:19  충격값:0.09
17:10:19  충격피크:0.15
17:10:19  마지막충격발생값:0.00
17:10:19  마지막충격발생ms:0
17:10:19  송신:14557
17:10:19  지팡이수신:9805
17:10:19  GPS위성:9
17:10:19  GPS_HDOP:1.20
17:10:19  원시위도:37.495919
17:10:19  원시경도:126.956127
17:10:19  GPS채택:1515
17:10:19  GPS이상치거부:0
17:10:19  GPS품질거부:0
17:10:19  GPS재기준:0
17:10:19  계산거리:-1.00
17:10:19  접근속도:0.00
17:10:19  TTC:999.00
17:10:19  방향오차:0.0
17:10:19  전방여부:0
17:10:19  위험음성횟수:0
17:10:19  충격음성횟수:0
17:10:19  마지막위험음성:0
17:10:19  RSSI원시:-50
17:10:19  RSSI평활:-47.7
17:10:19  RSSI샘플:9805
17:10:19  RSSI경과ms:36
17:10:19  RSSI구간:4
17:10:19  RSSI거리:0.80
17:10:19  상대보정:0
17:10:19  상대보정중:0
17:10:19  보정동쪽:0.00
17:10:19  보정북쪽:0.00
17:10:19  UWB유효:1
17:10:19  UWB원시거리:0.520
17:10:19  UWB보정거리:0.765
17:10:19  UWB접근속도:-0.014
17:10:19  UWB_RSSI:nan
17:10:19  UWB경과ms:27
17:10:19  UWB샘플:7407
17:10:19  UWB실패:165
17:10:19  UWB보정:1
17:10:19  UWB보정중:0
17:10:19  UWB보정샘플:100
17:10:19  UWB보정기준:3.000
17:10:19  UWB오프셋:0.234
17:10:19  UWB위험사용:0
17:10:19  UWB전송:7404
17:10:19  위험송신:0
17:10:19  시각ms:1529813
17:10:19  IMU시각ms:1529813
17:10:19  위험:0
17:10:19  원시위험:0
17:10:19  GPS유효:1
17:10:19  위도:37.495918
17:10:19  경도:126.956128
17:10:19  속도:0.01
17:10:19  방향:290.8
17:10:19  이동방향유효:0
17:10:19  GPS이동방향:290.8
17:10:19  차체방향유효:0
17:10:19  차체방향:0.0
17:10:19  후진판정:0
17:10:19  IMU요회전속도:0.00
17:10:19  방향가속도크기:9.69
17:10:19  방향자이로크기:2.89
17:10:19  방향자세cos:0.9998
17:10:19  자기모델잔차:24.81
17:10:19  자기모델반경:0.914
17:10:19  방향채택:0
17:10:19  방향거부:165116
17:10:19  GPS원시속도:0.005
17:10:19  GPS원시방향유효:1
17:10:19  GPS원시방향:290.8
17:10:19  가속도:-0.35,0.33,9.68
17:10:19  자이로:2.6,0.5,1.0
17:10:19  자력계:9.300,4.050,18.900
17:10:19  충격값:0.06
17:10:19  충격피크:0.07
17:10:19  마지막충격발생값:0.00
17:10:19  마지막충격발생ms:0
17:10:19  송신:14557
17:10:19  지팡이수신:9805
17:10:19  GPS위성:9
17:10:19  GPS_HDOP:1.20
17:10:19  원시위도:37.495919
17:10:19  원시경도:126.956127
17:10:19  GPS채택:1515
17:10:19  GPS이상치거부:0
17:10:19  GPS품질거부:0
17:10:19  GPS재기준:0
17:10:19  계산거리:-1.00
17:10:19  접근속도:0.00
17:10:19  TTC:999.00
17:10:19  방향오차:0.0
17:10:19  전방여부:0
17:10:19  위험음성횟수:0
17:10:19  충격음성횟수:0
17:10:19  마지막위험음성:0
17:10:19  RSSI원시:-50
17:10:19  RSSI평활:-47.7
17:10:19  RSSI샘플:9805
17:10:19  RSSI경과ms:62
17:10:19  RSSI구간:4
17:10:19  RSSI거리:0.80
17:10:19  상대보정:0
17:10:19  상대보정중:0
17:10:19  보정동쪽:0.00
17:10:19  보정북쪽:0.00
17:10:19  UWB유효:1
17:10:19  UWB원시거리:0.520
17:10:19  UWB보정거리:0.765
17:10:19  UWB접근속도:-0.014
17:10:19  UWB_RSSI:nan
17:10:19  UWB경과ms:53
17:10:19  UWB샘플:7407
17:10:19  UWB실패:165
17:10:19  UWB보정:1
17:10:19  UWB보정중:0
17:10:19  UWB보정샘플:100
17:10:19  UWB보정기준:3.000
17:10:19  UWB오프셋:0.234
17:10:19  UWB위험사용:0
17:10:19  UWB전송:7404
17:10:19  위험송신:0
17:10:19  시각ms:1529882
17:10:19  IMU시각ms:1529882
17:10:19  위험:0
17:10:19  원시위험:0
17:10:19  GPS유효:1
17:10:19  위도:37.495918
17:10:19  경도:126.956128
17:10:19  속도:0.01
17:10:19  방향:290.8
17:10:19  이동방향유효:0
17:10:19  GPS이동방향:290.8
17:10:19  차체방향유효:0
17:10:19  차체방향:0.0
17:10:19  후진판정:0
17:10:19  IMU요회전속도:0.00
17:10:19  방향가속도크기:9.67
17:10:19  방향자이로크기:2.15
17:10:19  방향자세cos:0.9999
17:10:19  자기모델잔차:25.68
17:10:19  자기모델반경:0.951
17:10:19  방향채택:0
17:10:19  방향거부:165123
17:10:19  GPS원시속도:0.005
17:10:19  GPS원시방향유효:1
17:10:19  GPS원시방향:290.8
17:10:19  가속도:-0.38,0.39,9.66
17:10:19  자이로:2.0,0.6,-0.5
17:10:19  자력계:8.550,5.250,19.650
17:10:19  충격값:0.06
17:10:19  충격피크:0.07
17:10:19  마지막충격발생값:0.00
17:10:19  마지막충격발생ms:0
17:10:19  송신:14558
17:10:19  지팡이수신:9806
17:10:19  GPS위성:9
17:10:19  GPS_HDOP:1.20
17:10:19  원시위도:37.495919
17:10:19  원시경도:126.956127
17:10:19  GPS채택:1515
17:10:19  GPS이상치거부:0
17:10:19  GPS품질거부:0
17:10:19  GPS재기준:0
17:10:19  계산거리:-1.00
17:10:19  접근속도:0.00
17:10:19  TTC:999.00
17:10:19  방향오차:0.0
17:10:19  전방여부:0
17:10:19  위험음성횟수:0
17:10:19  충격음성횟수:0
17:10:19  마지막위험음성:0
17:10:19  RSSI원시:-47
17:10:19  RSSI평활:-47.5
17:10:19  RSSI샘플:9806
17:10:19  RSSI경과ms:19
17:10:19  RSSI구간:4
17:10:19  RSSI거리:0.80
17:10:19  상대보정:0
17:10:19  상대보정중:0
17:10:19  보정동쪽:0.00
17:10:19  보정북쪽:0.00
17:10:19  UWB유효:1
17:10:19  UWB원시거리:0.520
17:10:19  UWB보정거리:0.765
17:10:19  UWB접근속도:-0.014
17:10:19  UWB_RSSI:nan
17:10:19  UWB경과ms:122
17:10:19  UWB샘플:7407
17:10:19  UWB실패:165
17:10:19  UWB보정:1
17:10:19  UWB보정중:0
17:10:19  UWB보정샘플:100
17:10:19  UWB보정기준:3.000
17:10:19  UWB오프셋:0.234
17:10:19  UWB위험사용:0
17:10:19  UWB전송:7404
17:10:19  위험송신:0
17:10:19  시각ms:1529910
17:10:19  IMU시각ms:1529910
17:10:19  위험:0
17:10:19  원시위험:0
17:10:19  GPS유효:1
17:10:19  위도:37.495918
17:10:19  경도:126.956128
17:10:19  속도:0.01
17:10:19  방향:290.8
17:10:19  이동방향유효:0
17:10:19  GPS이동방향:290.8
17:10:19  차체방향유효:0
17:10:19  차체방향:0.0
17:10:19  후진판정:0
17:10:19  IMU요회전속도:0.00
17:10:19  방향가속도크기:9.68
17:10:19  방향자이로크기:2.21
17:10:19  방향자세cos:0.9996
17:10:19  자기모델잔차:24.99
17:10:19  자기모델반경:0.967
17:10:19  방향채택:0
17:10:19  방향거부:165126
17:10:19  GPS원시속도:0.005
17:10:19  GPS원시방향유효:1
17:10:19  GPS원시방향:290.8
17:10:19  가속도:-0.32,0.23,9.67
17:10:19  자이로:2.0,-0.4,-0.9
17:10:19  자력계:8.850,5.700,18.900
17:10:19  충격값:0.15
17:10:19  충격피크:0.17
17:10:19  마지막충격발생값:0.00
17:10:19  마지막충격발생ms:0
17:10:19  송신:14558
17:10:19  지팡이수신:9806
17:10:19  GPS위성:9
17:10:19  GPS_HDOP:1.20
17:10:19  원시위도:37.495919
17:10:19  원시경도:126.956127
17:10:19  GPS채택:1515
17:10:19  GPS이상치거부:0
17:10:19  GPS품질거부:0
17:10:19  GPS재기준:0
17:10:19  계산거리:-1.00
17:10:19  접근속도:0.00
17:10:19  TTC:999.00
17:10:19  방향오차:0.0
17:10:19  전방여부:0
17:10:19  위험음성횟수:0
17:10:19  충격음성횟수:0
17:10:19  마지막위험음성:0
17:10:19  RSSI원시:-47
17:10:19  RSSI평활:-47.5
17:10:19  RSSI샘플:9806
17:10:19  RSSI경과ms:47
17:10:19  RSSI구간:4
17:10:19  RSSI거리:0.80
17:10:19  상대보정:0
17:10:19  상대보정중:0
17:10:19  보정동쪽:0.00
17:10:19  보정북쪽:0.00
17:10:19  UWB유효:1
17:10:19  UWB원시거리:0.520
17:10:19  UWB보정거리:0.765
17:10:19  UWB접근속도:-0.014
17:10:19  UWB_RSSI:nan
17:10:19  UWB경과ms:150
17:10:19  UWB샘플:7407
17:10:19  UWB실패:165
17:10:19  UWB보정:1
17:10:19  UWB보정중:0
17:10:19  UWB보정샘플:100
17:10:19  UWB보정기준:3.000
17:10:19  UWB오프셋:0.234
17:10:19  UWB위험사용:0
17:10:19  UWB전송:7404
17:10:19  위험송신:0
17:10:19  시각ms:1529936
17:10:19  IMU시각ms:1529936
17:10:19  위험:0
17:10:19  원시위험:0
17:10:19  GPS유효:1
17:10:19  위도:37.495918
17:10:19  경도:126.956128
17:10:19  속도:0.01
17:10:19  방향:290.8
17:10:19  이동방향유효:0
17:10:19  GPS이동방향:290.8
17:10:19  차체방향유효:0
17:10:19  차체방향:0.0
17:10:19  후진판정:0
17:10:19  IMU요회전속도:0.00
17:10:19  방향가속도크기:9.68
17:10:19  방향자이로크기:1.57
17:10:19  방향자세cos:0.9999
17:10:19  자기모델잔차:26.59
17:10:19  자기모델반경:0.909
17:10:19  방향채택:0
17:10:19  방향거부:165129
17:10:19  GPS원시속도:0.005
17:10:19  GPS원시방향유효:1
17:10:19  GPS원시방향:290.8
17:10:19  가속도:-0.42,0.35,9.67
17:10:19  자이로:1.1,-0.3,1.1
17:10:19  자력계:8.850,4.050,20.700
17:10:19  충격값:0.04
17:10:19  충격피크:0.20
17:10:19  마지막충격발생값:0.00
17:10:19  마지막충격발생ms:0
17:10:19  송신:14558
17:10:19  지팡이수신:9806
17:10:19  GPS위성:9
17:10:19  GPS_HDOP:1.20
17:10:19  원시위도:37.495919
17:10:19  원시경도:126.956127
17:10:19  GPS채택:1515
17:10:19  GPS이상치거부:0
17:10:19  GPS품질거부:0
17:10:19  GPS재기준:0
17:10:19  계산거리:-1.00
17:10:19  접근속도:0.00
17:10:19  TTC:999.00
17:10:19  방향오차:0.0
17:10:19  전방여부:0
17:10:19  위험음성횟수:0
17:10:19  충격음성횟수:0
17:10:19  마지막위험음성:0
17:10:19  RSSI원시:-47
17:10:19  RSSI평활:-47.5
17:10:19  RSSI샘플:9806
17:10:19  RSSI경과ms:73
17:10:19  RSSI구간:4
17:10:19  RSSI거리:0.80
17:10:19  상대보정:0
17:10:19  상대보정중:0
17:10:19  보정동쪽:0.00
17:10:19  보정북쪽:0.00
17:10:19  UWB유효:1
17:10:19  UWB원시거리:0.520
17:10:19  UWB보정거리:0.765
17:10:19  UWB접근속도:-0.014
17:10:19  UWB_RSSI:nan
17:10:19  UWB경과ms:176
17:10:19  UWB샘플:7407
17:10:19  UWB실패:165
17:10:19  UWB보정:1
17:10:19  UWB보정중:0
17:10:19  UWB보정샘플:100
17:10:19  UWB보정기준:3.000
17:10:19  UWB오프셋:0.234
17:10:19  UWB위험사용:0
17:10:19  UWB전송:7404
17:10:19  위험송신:0
17:10:19  시각ms:1529960
17:10:19  IMU시각ms:1529955
17:10:19  위험:0
17:10:19  원시위험:0
17:10:19  GPS유효:1
17:10:19  위도:37.495918
17:10:19  경도:126.956128
17:10:19  속도:0.01
17:10:19  방향:290.8
17:10:19  이동방향유효:0
17:10:19  GPS이동방향:290.8
17:10:19  차체방향유효:0
17:10:19  차체방향:0.0
17:10:19  후진판정:0
17:10:19  IMU요회전속도:0.00
17:10:19  방향가속도크기:9.66
17:10:19  방향자이로크기:1.73
17:10:19  방향자세cos:0.9999
17:10:19  자기모델잔차:25.82
17:10:19  자기모델반경:0.944
17:10:19  방향채택:0
17:10:19  방향거부:165131
17:10:19  GPS원시속도:0.005
17:10:19  GPS원시방향유효:1
17:10:19  GPS원시방향:290.8
17:10:19  가속도:-0.34,0.35,9.64
17:10:19  자이로:1.5,0.4,-0.8
17:10:19  자력계:9.450,5.100,19.800
17:10:19  충격값:0.08
17:10:19  충격피크:0.20
17:10:19  마지막충격발생값:0.00
17:10:19  마지막충격발생ms:0
17:10:19  송신:14559
17:10:19  지팡이수신:9806
17:10:19  GPS위성:9
17:10:19  GPS_HDOP:1.20
17:10:19  원시위도:37.495919
17:10:19  원시경도:126.956127
17:10:19  GPS채택:1515
17:10:19  GPS이상치거부:0
17:10:19  GPS품질거부:0
17:10:19  GPS재기준:0
17:10:19  계산거리:-1.00
17:10:19  접근속도:0.00
17:10:19  TTC:999.00
17:10:19  방향오차:0.0
17:10:19  전방여부:0
17:10:19  위험음성횟수:0
17:10:19  충격음성횟수:0
17:10:19  마지막위험음성:0
17:10:19  RSSI원시:-47
17:10:19  RSSI평활:-47.5
17:10:19  RSSI샘플:9806
17:10:19  RSSI경과ms:97
17:10:19  RSSI구간:4
17:10:19  RSSI거리:0.80
17:10:19  상대보정:0
17:10:19  상대보정중:0
17:10:19  보정동쪽:0.00
17:10:19  보정북쪽:0.00
17:10:19  UWB유효:1
17:10:19  UWB원시거리:0.500
17:10:19  UWB보정거리:0.761
17:10:19  UWB접근속도:-0.004
17:10:19  UWB_RSSI:nan
17:10:19  UWB경과ms:1
17:10:19  UWB샘플:7408
17:10:19  UWB실패:165
17:10:19  UWB보정:1
17:10:19  UWB보정중:0
17:10:19  UWB보정샘플:100
17:10:19  UWB보정기준:3.000
17:10:19  UWB오프셋:0.234
17:10:19  UWB위험사용:0
17:10:19  UWB전송:7405
17:10:19  위험송신:0
17:10:19  시각ms:1529979
17:10:19  IMU시각ms:1529979
17:10:19  위험:0
17:10:19  원시위험:0
17:10:19  GPS유효:1
17:10:19  위도:37.495918
17:10:19  경도:126.956128
17:10:19  속도:0.01
17:10:19  방향:290.8
17:10:19  이동방향유효:0
17:10:19  GPS이동방향:290.8
17:10:19  차체방향유효:0
17:10:19  차체방향:0.0
17:10:19  후진판정:0
17:10:19  IMU요회전속도:0.00
17:10:19  방향가속도크기:9.72
17:10:19  방향자이로크기:1.58
17:10:19  방향자세cos:0.9996
17:10:19  자기모델잔차:24.68
17:10:19  자기모델반경:0.919
17:10:19  방향채택:0
17:10:19  방향거부:165133
17:10:19  GPS원시속도:0.005
17:10:19  GPS원시방향유효:1
17:10:19  GPS원시방향:290.8
17:10:19  가속도:-0.25,0.28,9.71
17:10:19  자이로:0.1,-0.8,-1.4
17:10:19  자력계:9.450,4.200,18.750
17:10:19  충격값:0.16
17:10:19  충격피크:0.16
17:10:19  마지막충격발생값:0.00
17:10:19  마지막충격발생ms:0
17:10:19  송신:14559
17:10:19  지팡이수신:9806
17:10:19  GPS위성:9
17:10:19  GPS_HDOP:1.20
17:10:19  원시위도:37.495919
17:10:19  원시경도:126.956127
17:10:19  GPS채택:1515
17:10:19  GPS이상치거부:0
17:10:19  GPS품질거부:0
17:10:19  GPS재기준:0
17:10:19  계산거리:-1.00
17:10:19  접근속도:0.00
17:10:19  TTC:999.00
17:10:19  방향오차:0.0
17:10:19  전방여부:0
17:10:19  위험음성횟수:0
17:10:19  충격음성횟수:0
17:10:19  마지막위험음성:0
17:10:19  RSSI원시:-47
17:10:19  RSSI평활:-47.5
17:10:19  RSSI샘플:9806
17:10:19  RSSI경과ms:116
17:10:19  RSSI구간:4
17:10:19  RSSI거리:0.80
17:10:19  상대보정:0
17:10:19  상대보정중:0
17:10:19  보정동쪽:0.00
17:10:19  보정북쪽:0.00
17:10:19  UWB유효:1
17:10:19  UWB원시거리:0.500
17:10:19  UWB보정거리:0.761
17:10:19  UWB접근속도:-0.004
17:10:19  UWB_RSSI:nan
17:10:19  UWB경과ms:20
17:10:19  UWB샘플:7408
17:10:19  UWB실패:165
17:10:19  UWB보정:1
17:10:19  UWB보정중:0
17:10:19  UWB보정샘플:100
17:10:19  UWB보정기준:3.000
17:10:19  UWB오프셋:0.234
17:10:19  UWB위험사용:0
17:10:19  UWB전송:7405
17:10:19  위험송신:0
17:10:19  시각ms:1529999
17:10:19  IMU시각ms:1529999
17:10:19  위험:0
17:10:19  원시위험:0
17:10:19  GPS유효:1
17:10:19  위도:37.495918
17:10:19  경도:126.956128
17:10:19  속도:0.01
17:10:19  방향:290.8
17:10:19  이동방향유효:0
17:10:19  GPS이동방향:290.8
17:10:19  차체방향유효:0
17:10:19  차체방향:0.0
17:10:19  후진판정:0
17:10:19  IMU요회전속도:0.00
17:10:19  방향가속도크기:9.64
17:10:19  방향자이로크기:3.19
17:10:19  방향자세cos:0.9999
17:10:19  자기모델잔차:24.55
17:10:19  자기모델반경:0.968
17:10:19  방향채택:0
17:10:19  방향거부:165135
17:10:19  GPS원시속도:0.005
17:10:19  GPS원시방향유효:1
17:10:19  GPS원시방향:290.8
17:10:19  가속도:-0.49,0.38,9.62
17:10:19  자이로:0.4,-1.1,-3.0
17:10:19  자력계:9.300,5.700,18.450
17:10:19  충격값:0.12
17:10:19  충격피크:0.18
17:10:19  마지막충격발생값:0.00
17:10:19  마지막충격발생ms:0
17:10:19  송신:14559
17:10:19  지팡이수신:9807
17:10:19  GPS위성:9
17:10:19  GPS_HDOP:1.20
17:10:19  원시위도:37.495919
17:10:19  원시경도:126.956127
17:10:19  GPS채택:1515
17:10:19  GPS이상치거부:0
17:10:19  GPS품질거부:0
17:10:19  GPS재기준:0
17:10:19  계산거리:-1.00
17:10:19  접근속도:0.00
17:10:19  TTC:999.00
17:10:19  방향오차:0.0
17:10:19  전방여부:0
17:10:19  위험음성횟수:0
17:10:19  충격음성횟수:0
17:10:19  마지막위험음성:0
17:10:19  RSSI원시:-49
17:10:19  RSSI평활:-47.8
17:10:19  RSSI샘플:9807
17:10:19  RSSI경과ms:13
17:10:19  RSSI구간:4
17:10:19  RSSI거리:0.80
17:10:19  상대보정:0
17:10:19  상대보정중:0
17:10:19  보정동쪽:0.00
17:10:19  보정북쪽:0.00
17:10:19  UWB유효:1
17:10:19  UWB원시거리:0.500
17:10:19  UWB보정거리:0.761
17:10:19  UWB접근속도:-0.004
17:10:19  UWB_RSSI:nan
17:10:19  UWB경과ms:40
17:10:19  UWB샘플:7408
17:10:19  UWB실패:165
17:10:19  UWB보정:1
17:10:19  UWB보정중:0
17:10:19  UWB보정샘플:100
17:10:19  UWB보정기준:3.000
17:10:19  UWB오프셋:0.234
17:10:19  UWB위험사용:0
17:10:19  UWB전송:7405
17:10:19  위험송신:0
17:10:19  시각ms:1530026
17:10:19  IMU시각ms:1530026
17:10:19  위험:0
17:10:19  원시위험:0
17:10:19  GPS유효:1
17:10:19  위도:37.495918
17:10:19  경도:126.956128
17:10:19  속도:0.01
17:10:19  방향:290.8
17:10:19  이동방향유효:0
17:10:19  GPS이동방향:290.8
17:10:19  차체방향유효:0
17:10:19  차체방향:0.0
17:10:19  후진판정:0
17:10:19  IMU요회전속도:0.00
17:10:19  방향가속도크기:9.68
17:10:19  방향자이로크기:2.33
17:10:19  방향자세cos:0.9999
17:10:19  자기모델잔차:25.41
17:10:19  자기모델반경:0.921
17:10:19  방향채택:0
17:10:19  방향거부:165138
17:10:19  GPS원시속도:0.005
17:10:19  GPS원시방향유효:1
17:10:19  GPS원시방향:290.8
17:10:19  가속도:-0.37,0.35,9.66
17:10:19  자이로:1.3,-1.3,-1.4
17:10:19  자력계:7.950,4.200,19.500
17:10:19  충격값:0.04
17:10:19  충격피크:0.23
17:10:19  마지막충격발생값:0.00
17:10:19  마지막충격발생ms:0
17:10:19  송신:14559
17:10:19  지팡이수신:9807
17:10:19  GPS위성:9
17:10:19  GPS_HDOP:1.20
17:10:19  원시위도:37.495919
17:10:19  원시경도:126.956127
17:10:19  GPS채택:1515
17:10:19  GPS이상치거부:0
17:10:19  GPS품질거부:0
17:10:19  GPS재기준:0
17:10:19  계산거리:-1.00
17:10:19  접근속도:0.00
17:10:19  TTC:999.00
17:10:19  방향오차:0.0
17:10:19  전방여부:0
17:10:19  위험음성횟수:0
17:10:19  충격음성횟수:0
17:10:19  마지막위험음성:0
17:10:19  RSSI원시:-49
17:10:19  RSSI평활:-47.8
17:10:19  RSSI샘플:9807
17:10:19  RSSI경과ms:40
17:10:19  RSSI구간:4
17:10:19  RSSI거리:0.80
17:10:19  상대보정:0
17:10:19  상대보정중:0
17:10:19  보정동쪽:0.00
17:10:19  보정북쪽:0.00
17:10:19  UWB유효:1
17:10:19  UWB원시거리:0.500
17:10:19  UWB보정거리:0.761
17:10:19  UWB접근속도:-0.004
17:10:19  UWB_RSSI:nan
17:10:19  UWB경과ms:67
17:10:19  UWB샘플:7408
17:10:19  UWB실패:165
17:10:19  UWB보정:1
17:10:19  UWB보정중:0
17:10:19  UWB보정샘플:100
17:10:19  UWB보정기준:3.000
17:10:19  UWB오프셋:0.234
17:10:19  UWB위험사용:0
17:10:19  UWB전송:7405
17:10:19  위험송신:0
17:10:19  시각ms:1530046
17:10:19  IMU시각ms:1530045
17:10:19  위험:0
17:10:19  원시위험:0
17:10:19  GPS유효:1
17:10:19  위도:37.495918
17:10:19  경도:126.956128
17:10:19  속도:0.01
17:10:19  방향:290.8
17:10:19  이동방향유효:0
17:10:19  GPS이동방향:290.8
17:10:19  차체방향유효:0
17:10:19  차체방향:0.0
17:10:19  후진판정:0
17:10:19  IMU요회전속도:0.00
17:10:19  방향가속도크기:9.65
17:10:19  방향자이로크기:2.63
17:10:19  방향자세cos:0.9999
17:10:19  자기모델잔차:25.82
17:10:19  자기모델반경:0.946
17:10:19  방향채택:0
17:10:19  방향거부:165140
17:10:19  GPS원시속도:0.005
17:10:19  GPS원시방향유효:1
17:10:19  GPS원시방향:290.8
17:10:19  가속도:-0.44,0.36,9.63
17:10:19  자이로:1.6,0.4,-2.0
17:10:19  자력계:8.700,5.100,19.800
17:10:19  충격값:0.07
17:10:19  충격피크:0.07
17:10:19  마지막충격발생값:0.00
17:10:19  마지막충격발생ms:0
17:10:19  송신:14559
17:10:19  지팡이수신:9807
17:10:19  GPS위성:9
17:10:19  GPS_HDOP:1.20
17:10:19  원시위도:37.495919
17:10:19  원시경도:126.956127
17:10:19  GPS채택:1515
17:10:19  GPS이상치거부:0
17:10:19  GPS품질거부:0
17:10:19  GPS재기준:0
17:10:19  계산거리:-1.00
17:10:19  접근속도:0.00
17:10:19  TTC:999.00
17:10:19  방향오차:0.0
17:10:19  전방여부:0
17:10:19  위험음성횟수:0
17:10:19  충격음성횟수:0
17:10:19  마지막위험음성:0
17:10:19  RSSI원시:-49
17:10:19  RSSI평활:-47.8
17:10:19  RSSI샘플:9807
17:10:19  RSSI경과ms:60
17:10:19  RSSI구간:4
17:10:19  RSSI거리:0.80
17:10:19  상대보정:0
17:10:19  상대보정중:0
17:10:19  보정동쪽:0.00
17:10:19  보정북쪽:0.00
17:10:19  UWB유효:1
17:10:19  UWB원시거리:0.500
17:10:19  UWB보정거리:0.761
17:10:19  UWB접근속도:-0.004
17:10:19  UWB_RSSI:nan
17:10:19  UWB경과ms:87
17:10:19  UWB샘플:7408
17:10:19  UWB실패:165
17:10:19  UWB보정:1
17:10:19  UWB보정중:0
17:10:19  UWB보정샘플:100
17:10:19  UWB보정기준:3.000
17:10:19  UWB오프셋:0.234
17:10:19  UWB위험사용:0
17:10:19  UWB전송:7405
17:10:19  위험송신:0
17:10:19  시각ms:1530074
17:10:19  IMU시각ms:1530074
17:10:19  위험:0
17:10:19  원시위험:0
17:10:19  GPS유효:1
17:10:19  위도:37.495918
17:10:19  경도:126.956128
17:10:19  속도:0.01
17:10:19  방향:290.8
17:10:19  이동방향유효:0
17:10:19  GPS이동방향:290.8
17:10:19  차체방향유효:0
17:10:19  차체방향:0.0
17:10:19  후진판정:0
17:10:19  IMU요회전속도:0.00
17:10:19  방향가속도크기:9.70
17:10:19  방향자이로크기:1.75
17:10:19  방향자세cos:0.9998
17:10:19  자기모델잔차:26.36
17:10:19  자기모델반경:0.965
17:10:19  방향채택:0
17:10:19  방향거부:165143
17:10:19  GPS원시속도:0.005
17:10:19  GPS원시방향유효:1
17:10:19  GPS원시방향:290.8
17:10:19  가속도:-0.36,0.31,9.69
17:10:19  자이로:0.1,-0.9,-1.5
17:10:19  자력계:9.900,5.850,20.250
17:10:19  충격값:0.05
17:10:19  충격피크:0.16
17:10:19  마지막충격발생값:0.00
17:10:19  마지막충격발생ms:0
17:10:19  송신:14560
17:10:19  지팡이수신:9807
17:10:19  GPS위성:9
17:10:19  GPS_HDOP:1.20
17:10:19  원시위도:37.495919
17:10:19  원시경도:126.956127
17:10:19  GPS채택:1515
17:10:19  GPS이상치거부:0
17:10:19  GPS품질거부:0
17:10:19  GPS재기준:0
17:10:19  계산거리:-1.00
17:10:19  접근속도:0.00
17:10:19  TTC:999.00
17:10:19  방향오차:0.0
17:10:19  전방여부:0
17:10:19  위험음성횟수:0
17:10:19  충격음성횟수:0
17:10:19  마지막위험음성:0
17:10:19  RSSI원시:-49
17:10:19  RSSI평활:-47.8
17:10:19  RSSI샘플:9807
17:10:19  RSSI경과ms:88
17:10:19  RSSI구간:4
17:10:19  RSSI거리:0.80
17:10:19  상대보정:0
17:10:19  상대보정중:0
17:10:19  보정동쪽:0.00
17:10:19  보정북쪽:0.00
17:10:19  UWB유효:1
17:10:19  UWB원시거리:0.500
17:10:19  UWB보정거리:0.761
17:10:19  UWB접근속도:-0.004
17:10:19  UWB_RSSI:nan
17:10:19  UWB경과ms:115
17:10:19  UWB샘플:7408
17:10:19  UWB실패:165
17:10:19  UWB보정:1
17:10:19  UWB보정중:0
17:10:19  UWB보정샘플:100
17:10:19  UWB보정기준:3.000
17:10:19  UWB오프셋:0.234
17:10:19  UWB위험사용:0
17:10:19  UWB전송:7405
17:10:19  위험송신:0
17:10:19  시각ms:1530276
17:10:19  IMU시각ms:1530275
17:10:19  위험:0
17:10:19  원시위험:0
17:10:19  GPS유효:1
17:10:19  위도:37.495918
17:10:19  경도:126.956128
17:10:19  속도:0.01
17:10:19  방향:290.8
17:10:19  이동방향유효:0
17:10:19  GPS이동방향:290.8
17:10:19  차체방향유효:0
17:10:19  차체방향:0.0
17:10:19  후진판정:0
17:10:19  IMU요회전속도:0.00
17:10:19  방향가속도크기:9.75
17:10:19  방향자이로크기:1.25
17:10:19  방향자세cos:0.9999
17:10:19  자기모델잔차:26.78
17:10:19  자기모델반경:0.883
17:10:19  방향채택:0
17:10:19  방향거부:165163
17:10:19  GPS원시속도:0.005
17:10:19  GPS원시방향유효:1
17:10:19  GPS원시방향:290.8
17:10:19  가속도:-0.45,0.37,9.73
17:10:19  자이로:0.9,-0.8,0.2
17:10:19  자력계:7.950,3.150,21.000
17:10:19  충격값:0.06
17:10:19  충격피크:0.23
17:10:19  마지막충격발생값:0.00
17:10:19  마지막충격발생ms:0
17:10:19  송신:14562
17:10:19  지팡이수신:9809
17:10:19  GPS위성:9
17:10:19  GPS_HDOP:1.20
17:10:19  원시위도:37.495919
17:10:19  원시경도:126.956127
17:10:19  GPS채택:1515
17:10:19  GPS이상치거부:0
17:10:19  GPS품질거부:0
17:10:19  GPS재기준:0
17:10:19  계산거리:-1.00
17:10:19  접근속도:0.00
17:10:19  TTC:999.00
17:10:19  방향오차:0.0
17:10:19  전방여부:0
17:10:19  위험음성횟수:0
17:10:19  충격음성횟수:0
17:10:19  마지막위험음성:0
17:10:19  RSSI원시:-48
17:10:19  RSSI평활:-47.6
17:10:19  RSSI샘플:9809
17:10:19  RSSI경과ms:54
17:10:19  RSSI구간:4
17:10:19  RSSI거리:0.80
17:10:19  상대보정:0
17:10:19  상대보정중:0
17:10:19  보정동쪽:0.00
17:10:19  보정북쪽:0.00
17:10:19  UWB유효:1
17:10:19  UWB원시거리:0.510
17:10:19  UWB보정거리:0.759
17:10:19  UWB접근속도:0.001
17:10:19  UWB_RSSI:nan
17:10:19  UWB경과ms:109
17:10:19  UWB샘플:7409
17:10:19  UWB실패:165
17:10:19  UWB보정:1
17:10:19  UWB보정중:0
17:10:19  UWB보정샘플:100
17:10:19  UWB보정기준:3.000
17:10:19  UWB오프셋:0.234
17:10:19  UWB위험사용:0
17:10:19  UWB전송:7406
17:10:19  위험송신:0
17:10:19  시각ms:1530302
17:10:19  IMU시각ms:1530302
17:10:19  위험:0
17:10:19  원시위험:0
17:10:19  GPS유효:1
17:10:19  위도:37.495918
17:10:19  경도:126.956128
17:10:19  속도:0.01
17:10:19  방향:290.8
17:10:19  이동방향유효:0
17:10:19  GPS이동방향:290.8
17:10:19  차체방향유효:0
17:10:19  차체방향:0.0
17:10:19  후진판정:0
17:10:19  IMU요회전속도:0.00
17:10:19  방향가속도크기:9.75
17:10:19  방향자이로크기:4.30
17:10:19  방향자세cos:0.9998
17:10:19  자기모델잔차:25.19
17:10:19  자기모델반경:0.936
17:10:19  방향채택:0
17:10:19  방향거부:165166
17:10:19  GPS원시속도:0.005
17:10:19  GPS원시방향유효:1
17:10:19  GPS원시방향:290.8
17:10:19  가속도:-0.31,0.33,9.74
17:10:19  자이로:-2.7,-2.7,-1.9
17:10:19  자력계:9.600,4.800,19.200
17:10:19  충격값:0.11
17:10:19  충격피크:0.11
17:10:19  마지막충격발생값:0.00
17:10:19  마지막충격발생ms:0
17:10:19  송신:14562
17:10:19  지팡이수신:9810
17:10:19  GPS위성:9
17:10:19  GPS_HDOP:1.20
17:10:19  원시위도:37.495919
17:10:19  원시경도:126.956127
17:10:19  GPS채택:1515
17:10:19  GPS이상치거부:0
17:10:19  GPS품질거부:0
17:10:19  GPS재기준:0
17:10:19  계산거리:-1.00
17:10:19  접근속도:0.00
17:10:19  TTC:999.00
17:10:19  방향오차:0.0
17:10:19  전방여부:0
17:10:19  위험음성횟수:0
17:10:19  충격음성횟수:0
17:10:19  마지막위험음성:0
17:10:19  RSSI원시:-50
17:10:19  RSSI평활:-48.1
17:10:19  RSSI샘플:9810
17:10:19  RSSI경과ms:8
17:10:19  RSSI구간:4
17:10:19  RSSI거리:0.80
17:10:19  상대보정:0
17:10:19  상대보정중:0
17:10:19  보정동쪽:0.00
17:10:19  보정북쪽:0.00
17:10:19  UWB유효:1
17:10:19  UWB원시거리:0.510
17:10:19  UWB보정거리:0.759
17:10:19  UWB접근속도:0.001
17:10:19  UWB_RSSI:nan
17:10:19  UWB경과ms:135
17:10:19  UWB샘플:7409
17:10:19  UWB실패:165
17:10:19  UWB보정:1
17:10:19  UWB보정중:0
17:10:19  UWB보정샘플:100
17:10:19  UWB보정기준:3.000
17:10:19  UWB오프셋:0.234
17:10:19  UWB위험사용:0
17:10:19  UWB전송:7406
17:10:19  위험송신:0
17:10:19  시각ms:1530329
17:10:19  IMU시각ms:1530329
17:10:19  위험:0
17:10:19  원시위험:0
17:10:19  GPS유효:1
17:10:20  위도:37.495918
17:10:20  경도:126.956128
17:10:20  속도:0.01
17:10:20  방향:290.8
17:10:20  이동방향유효:0
17:10:20  GPS이동방향:290.8
17:10:20  차체방향유효:0
17:10:20  차체방향:0.0
17:10:20  후진판정:0
17:10:20  IMU요회전속도:0.00
17:10:20  방향가속도크기:9.72
17:10:20  방향자이로크기:0.47
17:10:20  방향자세cos:0.9999
17:10:20  자기모델잔차:25.16
17:10:20  자기모델반경:0.972
17:10:20  방향채택:0
17:10:20  방향거부:165169
17:10:20  GPS원시속도:0.005
17:10:20  GPS원시방향유효:1
17:10:20  GPS원시방향:290.8
17:10:20  가속도:-0.47,0.32,9.70
17:10:20  자이로:-0.4,-0.3,-0.1
17:10:20  자력계:8.700,5.850,19.050
17:10:20  충격값:0.07
17:10:20  충격피크:0.11
17:10:20  마지막충격발생값:0.00
17:10:20  마지막충격발생ms:0
17:10:20  송신:14562
17:10:20  지팡이수신:9810
17:10:20  GPS위성:9
17:10:20  GPS_HDOP:1.20
17:10:20  원시위도:37.495919
17:10:20  원시경도:126.956127
17:10:20  GPS채택:1515
17:10:20  GPS이상치거부:0
17:10:20  GPS품질거부:0
17:10:20  GPS재기준:0
17:10:20  계산거리:-1.00
17:10:20  접근속도:0.00
17:10:20  TTC:999.00
17:10:20  방향오차:0.0
17:10:20  전방여부:0
17:10:20  위험음성횟수:0
17:10:20  충격음성횟수:0
17:10:20  마지막위험음성:0
17:10:20  RSSI원시:-50
17:10:20  RSSI평활:-48.1
17:10:20  RSSI샘플:9810
17:10:20  RSSI경과ms:35
17:10:20  RSSI구간:4
17:10:20  RSSI거리:0.80
17:10:20  상대보정:0
17:10:20  상대보정중:0
17:10:20  보정동쪽:0.00
17:10:20  보정북쪽:0.00
17:10:20  UWB유효:1
17:10:20  UWB원시거리:0.510
17:10:20  UWB보정거리:0.759
17:10:20  UWB접근속도:0.001
17:10:20  UWB_RSSI:nan
17:10:20  UWB경과ms:162
17:10:20  UWB샘플:7409
17:10:20  UWB실패:165
17:10:20  UWB보정:1
17:10:20  UWB보정중:0
17:10:20  UWB보정샘플:100
17:10:20  UWB보정기준:3.000
17:10:20  UWB오프셋:0.234
17:10:20  UWB위험사용:0
17:10:20  UWB전송:7406
17:10:20  위험송신:0
17:10:20  시각ms:1530359
17:10:20  IMU시각ms:1530355
17:10:20  위험:0
17:10:20  원시위험:0
17:10:20  GPS유효:1
17:10:20  위도:37.495918
17:10:20  경도:126.956128
17:10:20  속도:0.01
17:10:20  방향:290.8
17:10:20  이동방향유효:0
17:10:20  GPS이동방향:290.8
17:10:20  차체방향유효:0
17:10:20  차체방향:0.0
17:10:20  후진판정:0
17:10:20  IMU요회전속도:0.00
17:10:20  방향가속도크기:9.69
17:10:20  방향자이로크기:4.17
17:10:20  방향자세cos:0.9994
17:10:20  자기모델잔차:27.18
17:10:20  자기모델반경:0.900
17:10:20  방향채택:0
17:10:20  방향거부:165172
17:10:20  GPS원시속도:0.005
17:10:20  GPS원시방향유효:1
17:10:20  GPS원시방향:290.8
17:10:20  가속도:-0.34,0.17,9.68
17:10:20  자이로:1.6,-3.9,0.1
17:10:20  자력계:10.200,3.900,21.300
17:10:20  충격값:0.18
17:10:20  충격피크:0.18
17:10:20  마지막충격발생값:0.00
17:10:20  마지막충격발생ms:0
17:10:20  송신:14562
17:10:20  지팡이수신:9810
17:10:20  GPS위성:9
17:10:20  GPS_HDOP:1.20
17:10:20  원시위도:37.495919
17:10:20  원시경도:126.956127
17:10:20  GPS채택:1515
17:10:20  GPS이상치거부:0
17:10:20  GPS품질거부:0
17:10:20  GPS재기준:0
17:10:20  계산거리:-1.00
17:10:20  접근속도:0.00
17:10:20  TTC:999.00
17:10:20  방향오차:0.0
17:10:20  전방여부:0
17:10:20  위험음성횟수:0
17:10:20  충격음성횟수:0
17:10:20  마지막위험음성:0
17:10:20  RSSI원시:-50
17:10:20  RSSI평활:-48.1
17:10:20  RSSI샘플:9810
17:10:20  RSSI경과ms:65
17:10:20  RSSI구간:4
17:10:20  RSSI거리:0.80
17:10:20  상대보정:0
17:10:20  상대보정중:0
17:10:20  보정동쪽:0.00
17:10:20  보정북쪽:0.00
17:10:20  UWB유효:1
17:10:20  UWB원시거리:0.550
17:10:20  UWB보정거리:0.757
17:10:20  UWB접근속도:0.003
17:10:20  UWB_RSSI:nan
17:10:20  UWB경과ms:0
17:10:20  UWB샘플:7410
17:10:20  UWB실패:165
17:10:20  UWB보정:1
17:10:20  UWB보정중:0
17:10:20  UWB보정샘플:100
17:10:20  UWB보정기준:3.000
17:10:20  UWB오프셋:0.234
17:10:20  UWB위험사용:0
17:10:20  UWB전송:7407
17:10:20  위험송신:0
17:10:20  시각ms:1530386
17:10:20  IMU시각ms:1530386
17:10:20  위험:0
17:10:20  원시위험:0
17:10:20  GPS유효:1
17:10:20  위도:37.495918
17:10:20  경도:126.956128
17:10:20  속도:0.01
17:10:20  방향:290.8
17:10:20  이동방향유효:0
17:10:20  GPS이동방향:290.8
17:10:20  차체방향유효:0
17:10:20  차체방향:0.0
17:10:20  후진판정:0
17:10:20  IMU요회전속도:0.00
17:10:20  방향가속도크기:9.67
17:10:20  방향자이로크기:2.49
17:10:20  방향자세cos:0.9996
17:10:20  자기모델잔차:26.17
17:10:20  자기모델반경:0.913
17:10:20  방향채택:0
17:10:20  방향거부:165175
17:10:20  GPS원시속도:0.005
17:10:20  GPS원시방향유효:1
17:10:20  GPS원시방향:290.8
17:10:20  가속도:-0.20,0.34,9.66
17:10:20  자이로:1.4,1.8,1.0
17:10:20  자력계:9.900,4.200,20.250
17:10:20  충격값:0.21
17:10:20  충격피크:0.21
17:10:20  마지막충격발생값:0.00
17:10:20  마지막충격발생ms:0
17:10:20  송신:14563
17:10:20  지팡이수신:9810
17:10:20  GPS위성:9
17:10:20  GPS_HDOP:1.20
17:10:20  원시위도:37.495919
17:10:20  원시경도:126.956127
17:10:20  GPS채택:1515
17:10:20  GPS이상치거부:0
17:10:20  GPS품질거부:0
17:10:20  GPS재기준:0
17:10:20  계산거리:-1.00
17:10:20  접근속도:0.00
17:10:20  TTC:999.00
17:10:20  방향오차:0.0
17:10:20  전방여부:0
17:10:20  위험음성횟수:0
17:10:20  충격음성횟수:0
17:10:20  마지막위험음성:0
17:10:20  RSSI원시:-50
17:10:20  RSSI평활:-48.1
17:10:20  RSSI샘플:9810
17:10:20  RSSI경과ms:92
17:10:20  RSSI구간:4
17:10:20  RSSI거리:0.80
17:10:20  상대보정:0
17:10:20  상대보정중:0
17:10:20  보정동쪽:0.00
17:10:20  보정북쪽:0.00
17:10:20  UWB유효:1
17:10:20  UWB원시거리:0.550
17:10:20  UWB보정거리:0.757
17:10:20  UWB접근속도:0.003
17:10:20  UWB_RSSI:nan
17:10:20  UWB경과ms:27
17:10:20  UWB샘플:7410
17:10:20  UWB실패:165
17:10:20  UWB보정:1
17:10:20  UWB보정중:0
17:10:20  UWB보정샘플:100
17:10:20  UWB보정기준:3.000
17:10:20  UWB오프셋:0.234
17:10:20  UWB위험사용:0
17:10:20  UWB전송:7407
17:10:20  위험송신:0
17:10:20  시각ms:1530412
17:10:20  IMU시각ms:1530412
17:10:20  위험:0
17:10:20  원시위험:0
17:10:20  GPS유효:1
17:10:20  위도:37.495918
17:10:20  경도:126.956128
17:10:20  속도:0.01
17:10:20  방향:290.8
17:10:20  이동방향유효:0
17:10:20  GPS이동방향:290.8
17:10:20  차체방향유효:0
17:10:20  차체방향:0.0
17:10:20  후진판정:0
17:10:20  IMU요회전속도:0.00
17:10:20  방향가속도크기:9.68
17:10:20  방향자이로크기:3.26
17:10:20  방향자세cos:0.9999
17:10:20  자기모델잔차:25.76
17:10:20  자기모델반경:0.934
17:10:20  방향채택:0
17:10:20  방향거부:165178
17:10:20  GPS원시속도:0.005
17:10:20  GPS원시방향유효:1
17:10:20  GPS원시방향:290.8
17:10:20  가속도:-0.34,0.38,9.66
17:10:20  자이로:-0.1,3.1,1.1
17:10:20  자력계:7.950,4.650,19.800
17:10:20  충격값:0.07
17:10:20  충격피크:0.24
17:10:20  마지막충격발생값:0.00
17:10:20  마지막충격발생ms:0
17:10:20  송신:14563
17:10:20  지팡이수신:9810
17:10:20  GPS위성:9
17:10:20  GPS_HDOP:1.20
17:10:20  원시위도:37.495919
17:10:20  원시경도:126.956127
17:10:20  GPS채택:1515
17:10:20  GPS이상치거부:0
17:10:20  GPS품질거부:0
17:10:20  GPS재기준:0
17:10:20  계산거리:-1.00
17:10:20  접근속도:0.00
17:10:20  TTC:999.00
17:10:20  방향오차:0.0
17:10:20  전방여부:0
17:10:20  위험음성횟수:0
17:10:20  충격음성횟수:0
17:10:20  마지막위험음성:0
17:10:20  RSSI원시:-50
17:10:20  RSSI평활:-48.1
17:10:20  RSSI샘플:9810
17:10:20  RSSI경과ms:118
17:10:20  RSSI구간:4
17:10:20  RSSI거리:0.80
17:10:20  상대보정:0
17:10:20  상대보정중:0
17:10:20  보정동쪽:0.00
17:10:20  보정북쪽:0.00
17:10:20  UWB유효:1
17:10:20  UWB원시거리:0.550
17:10:20  UWB보정거리:0.757
17:10:20  UWB접근속도:0.003
17:10:20  UWB_RSSI:nan
17:10:20  UWB경과ms:53
17:10:20  UWB샘플:7410
17:10:20  UWB실패:165
17:10:20  UWB보정:1
17:10:20  UWB보정중:0
17:10:20  UWB보정샘플:100
17:10:20  UWB보정기준:3.000
17:10:20  UWB오프셋:0.234
17:10:20  UWB위험사용:0
17:10:20  UWB전송:7407
17:10:20  위험송신:0
17:10:20  시각ms:1530439
17:10:20  IMU시각ms:1530438
17:10:20  위험:0
17:10:20  원시위험:0
17:10:20  GPS유효:1
17:10:20  위도:37.495918
17:10:20  경도:126.956128
17:10:20  속도:0.01
17:10:20  방향:290.8
17:10:20  이동방향유효:0
17:10:20  GPS이동방향:290.8
17:10:20  차체방향유효:0
17:10:20  차체방향:0.0
17:10:20  후진판정:0
17:10:20  IMU요회전속도:0.00
17:10:20  방향가속도크기:9.71
17:10:20  방향자이로크기:3.02
17:10:20  방향자세cos:1.0000
17:10:20  자기모델잔차:24.20
17:10:20  자기모델반경:0.911
17:10:20  방향채택:0
17:10:20  방향거부:165181
17:10:20  GPS원시속도:0.005
17:10:20  GPS원시방향유효:1
17:10:20  GPS원시방향:290.8
17:10:20  가속도:-0.45,0.43,9.69
17:10:20  자이로:-0.8,-2.4,-1.6
17:10:20  자력계:9.900,3.900,18.300
17:10:20  충격값:0.10
17:10:20  충격피크:0.10
17:10:20  마지막충격발생값:0.00
17:10:20  마지막충격발생ms:0
17:10:20  송신:14563
17:10:20  지팡이수신:9811
17:10:20  GPS위성:9
17:10:20  GPS_HDOP:1.20
17:10:20  원시위도:37.495919
17:10:20  원시경도:126.956127
17:10:20  GPS채택:1515
17:10:20  GPS이상치거부:0
17:10:20  GPS품질거부:0
17:10:20  GPS재기준:0
17:10:20  계산거리:-1.00
17:10:20  접근속도:0.00
17:10:20  TTC:999.00
17:10:20  방향오차:0.0
17:10:20  전방여부:0
17:10:20  위험음성횟수:0
17:10:20  충격음성횟수:0
17:10:20  마지막위험음성:0
17:10:20  RSSI원시:-50
17:10:20  RSSI평활:-48.4
17:10:20  RSSI샘플:9811
17:10:20  RSSI경과ms:1
17:10:20  RSSI구간:4
17:10:20  RSSI거리:0.80
17:10:20  상대보정:0
17:10:20  상대보정중:0
17:10:20  보정동쪽:0.00
17:10:20  보정북쪽:0.00
17:10:20  UWB유효:1
17:10:20  UWB원시거리:0.550
17:10:20  UWB보정거리:0.757
17:10:20  UWB접근속도:0.003
17:10:20  UWB_RSSI:nan
17:10:20  UWB경과ms:80
17:10:20  UWB샘플:7410
17:10:20  UWB실패:165
17:10:20  UWB보정:1
17:10:20  UWB보정중:0
17:10:20  UWB보정샘플:100
17:10:20  UWB보정기준:3.000
17:10:20  UWB오프셋:0.234
17:10:20  UWB위험사용:0
17:10:20  UWB전송:7407
17:10:20  위험송신:0
17:10:20  시각ms:1530563
17:10:20  IMU시각ms:1530559
17:10:20  위험:0
17:10:20  원시위험:0
17:10:20  GPS유효:1
17:10:20  위도:37.495918
17:10:20  경도:126.956128
17:10:20  속도:0.01
17:10:20  방향:290.8
17:10:20  이동방향유효:0
17:10:20  GPS이동방향:290.8
17:10:20  차체방향유효:0
17:10:20  차체방향:0.0
17:10:20  후진판정:0
17:10:20  IMU요회전속도:0.00
17:10:20  방향가속도크기:9.78
17:10:20  방향자이로크기:5.55
17:10:20  방향자세cos:0.9999
17:10:20  자기모델잔차:24.58
17:10:20  자기모델반경:0.977
17:10:20  방향채택:0
17:10:20  방향거부:165194
17:10:20  GPS원시속도:0.005
17:10:20  GPS원시방향유효:1
17:10:20  GPS원시방향:290.8
17:10:20  가속도:-0.51,0.40,9.76
17:10:20  자이로:-3.0,1.0,-4.6
17:10:20  자력계:9.300,6.000,18.450
17:10:20  충격값:0.14
17:10:20  충격피크:0.16
17:10:20  마지막충격발생값:0.00
17:10:20  마지막충격발생ms:0
17:10:20  송신:14564
17:10:20  지팡이수신:9812
17:10:20  GPS위성:9
17:10:20  GPS_HDOP:1.20
17:10:20  원시위도:37.495919
17:10:20  원시경도:126.956127
17:10:20  GPS채택:1515
17:10:20  GPS이상치거부:0
17:10:20  GPS품질거부:0
17:10:20  GPS재기준:0
17:10:20  계산거리:-1.00
17:10:20  접근속도:0.00
17:10:20  TTC:999.00
17:10:20  방향오차:0.0
17:10:20  전방여부:0
17:10:20  위험음성횟수:0
17:10:20  충격음성횟수:0
17:10:20  마지막위험음성:0
17:10:20  RSSI원시:-49
17:10:20  RSSI평활:-48.6
17:10:20  RSSI샘플:9812
17:10:20  RSSI경과ms:33
17:10:20  RSSI구간:4
17:10:20  RSSI거리:0.80
17:10:20  상대보정:0
17:10:20  상대보정중:0
17:10:20  보정동쪽:0.00
17:10:20  보정북쪽:0.00
17:10:20  UWB유효:1
17:10:20  UWB원시거리:0.540
17:10:20  UWB보정거리:0.756
17:10:20  UWB접근속도:0.004
17:10:20  UWB_RSSI:nan
17:10:20  UWB경과ms:0
17:10:20  UWB샘플:7411
17:10:20  UWB실패:165
17:10:20  UWB보정:1
17:10:20  UWB보정중:0
17:10:20  UWB보정샘플:100
17:10:20  UWB보정기준:3.000
17:10:20  UWB오프셋:0.234
17:10:20  UWB위험사용:0
17:10:20  UWB전송:7408
17:10:20  위험송신:0
17:10:20  시각ms:1530712
17:10:20  IMU시각ms:1530712
17:10:20  위험:0
17:10:20  원시위험:0
17:10:20  GPS유효:1
17:10:20  위도:37.495919
17:10:20  경도:126.956127
17:10:20  속도:0.01
17:10:20  방향:290.8
17:10:20  이동방향유효:0
17:10:20  GPS이동방향:290.8
17:10:20  차체방향유효:0
17:10:20  차체방향:0.0
17:10:20  후진판정:0
17:10:20  IMU요회전속도:0.00
17:10:20  방향가속도크기:9.67
17:10:20  방향자이로크기:1.87
17:10:20  방향자세cos:0.9999
17:10:20  자기모델잔차:26.22
17:10:20  자기모델반경:0.928
17:10:20  방향채택:0
17:10:20  방향거부:165210
17:10:20  GPS원시속도:0.015
17:10:20  GPS원시방향유효:1
17:10:20  GPS원시방향:290.8
17:10:20  가속도:-0.45,0.37,9.65
17:10:20  자이로:-0.7,1.7,-0.3
17:10:20  자력계:9.450,4.650,20.250
17:10:20  충격값:0.07
17:10:20  충격피크:0.09
17:10:20  마지막충격발생값:0.00
17:10:20  마지막충격발생ms:0
17:10:20  송신:14566
17:10:20  지팡이수신:9814
17:10:20  GPS위성:9
17:10:20  GPS_HDOP:1.11
17:10:20  원시위도:37.495920
17:10:20  원시경도:126.956126
17:10:20  GPS채택:1516
17:10:20  GPS이상치거부:0
17:10:20  GPS품질거부:0
17:10:20  GPS재기준:0
17:10:20  계산거리:-1.00
17:10:20  접근속도:0.00
17:10:20  TTC:999.00
17:10:20  방향오차:0.0
17:10:20  전방여부:0
17:10:20  위험음성횟수:0
17:10:20  충격음성횟수:0
17:10:20  마지막위험음성:0
17:10:20  RSSI원시:-49
17:10:20  RSSI평활:-49.0
17:10:20  RSSI샘플:9814
17:10:20  RSSI경과ms:16
17:10:20  RSSI구간:4
17:10:20  RSSI거리:0.80
17:10:20  상대보정:0
17:10:20  상대보정중:0
17:10:20  보정동쪽:0.00
17:10:20  보정북쪽:0.00
17:10:20  UWB유효:1
17:10:20  UWB원시거리:0.540
17:10:20  UWB보정거리:0.756
17:10:20  UWB접근속도:0.004
17:10:20  UWB_RSSI:nan
17:10:20  UWB경과ms:149
17:10:20  UWB샘플:7411
17:10:20  UWB실패:165
17:10:20  UWB보정:1
17:10:20  UWB보정중:0
17:10:20  UWB보정샘플:100
17:10:20  UWB보정기준:3.000
17:10:20  UWB오프셋:0.234
17:10:20  UWB위험사용:0
17:10:20  UWB전송:7408
17:10:20  위험송신:0
17:10:20  시각ms:1530905
17:10:20  IMU시각ms:1530905
17:10:20  위험:0
17:10:20  원시위험:0
17:10:20  GPS유효:1
17:10:20  위도:37.495919
17:10:20  경도:126.956127
17:10:20  속도:0.01
17:10:20  방향:290.8
17:10:20  이동방향유효:0
17:10:20  GPS이동방향:290.8
17:10:20  차체방향유효:0
17:10:20  차체방향:0.0
17:10:20  후진판정:0
17:10:20  IMU요회전속도:0.00
17:10:20  방향가속도크기:9.72
17:10:20  방향자이로크기:1.54
17:10:20  방향자세cos:0.9999
17:10:20  자기모델잔차:25.85
17:10:20  자기모델반경:0.954
17:10:20  방향채택:0
17:10:20  방향거부:165230
17:10:20  GPS원시속도:0.015
17:10:20  GPS원시방향유효:1
17:10:20  GPS원시방향:290.8
17:10:20  가속도:-0.31,0.40,9.71
17:10:20  자이로:-1.2,0.4,0.8
17:10:20  자력계:9.150,5.400,19.800
17:10:20  충격값:0.11
17:10:20  충격피크:0.12
17:10:20  마지막충격발생값:0.00
17:10:20  마지막충격발생ms:0
17:10:20  송신:14568
17:10:20  지팡이수신:9815
17:10:20  GPS위성:9
17:10:20  GPS_HDOP:1.11
17:10:20  원시위도:37.495920
17:10:20  원시경도:126.956126
17:10:20  GPS채택:1516
17:10:20  GPS이상치거부:0
17:10:20  GPS품질거부:0
17:10:20  GPS재기준:0
17:10:20  계산거리:-1.00
17:10:20  접근속도:0.00
17:10:20  TTC:999.00
17:10:20  방향오차:0.0
17:10:20  전방여부:0
17:10:20  위험음성횟수:0
17:10:20  충격음성횟수:0
17:10:20  마지막위험음성:0
17:10:20  RSSI원시:-49
17:10:20  RSSI평활:-49.0
17:10:20  RSSI샘플:9815
17:10:20  RSSI경과ms:106
17:10:20  RSSI구간:4
17:10:20  RSSI거리:0.80
17:10:20  상대보정:0
17:10:20  상대보정중:0
17:10:20  보정동쪽:0.00
17:10:20  보정북쪽:0.00
17:10:20  UWB유효:1
17:10:20  UWB원시거리:0.530
17:10:20  UWB보정거리:0.759
17:10:20  UWB접근속도:-0.002
17:10:20  UWB_RSSI:nan
17:10:20  UWB경과ms:141
17:10:20  UWB샘플:7412
17:10:20  UWB실패:165
17:10:20  UWB보정:1
17:10:20  UWB보정중:0
17:10:20  UWB보정샘플:100
17:10:20  UWB보정기준:3.000
17:10:20  UWB오프셋:0.234
17:10:20  UWB위험사용:0
17:10:20  UWB전송:7409
17:10:20  위험송신:0
17:10:20  시각ms:1531007
17:10:20  IMU시각ms:1531007
17:10:20  위험:0
17:10:20  원시위험:0
17:10:20  GPS유효:1
17:10:20  위도:37.495919
17:10:20  경도:126.956127
17:10:20  속도:0.01
17:10:20  방향:290.8
17:10:20  이동방향유효:0
17:10:20  GPS이동방향:290.8
17:10:20  차체방향유효:0
17:10:20  차체방향:0.0
17:10:20  후진판정:0
17:10:20  IMU요회전속도:0.00
17:10:20  방향가속도크기:9.65
17:10:20  방향자이로크기:2.26
17:10:20  방향자세cos:0.9998
17:10:20  자기모델잔차:25.90
17:10:20  자기모델반경:0.926
17:10:20  방향채택:0
17:10:20  방향거부:165241
17:10:20  GPS원시속도:0.015
17:10:20  GPS원시방향유효:1
17:10:20  GPS원시방향:290.8
17:10:20  가속도:-0.36,0.31,9.64
17:10:20  자이로:-1.0,-1.8,0.9
17:10:20  자력계:8.850,4.500,19.950
17:10:20  충격값:0.10
17:10:20  충격피크:0.10
17:10:20  마지막충격발생값:0.00
17:10:20  마지막충격발생ms:0
17:10:20  송신:14569
17:10:20  지팡이수신:9815
17:10:20  GPS위성:9
17:10:20  GPS_HDOP:1.11
17:10:20  원시위도:37.495920
17:10:20  원시경도:126.956126
17:10:20  GPS채택:1516
17:10:20  GPS이상치거부:0
17:10:20  GPS품질거부:0
17:10:20  GPS재기준:0
17:10:20  계산거리:-1.00
17:10:20  접근속도:0.00
17:10:20  TTC:999.00
17:10:20  방향오차:0.0
17:10:20  전방여부:0
17:10:20  위험음성횟수:0
17:10:20  충격음성횟수:0
17:10:20  마지막위험음성:0
17:10:20  RSSI원시:-49
17:10:20  RSSI평활:-49.0
17:10:20  RSSI샘플:9815
17:10:20  RSSI경과ms:208
17:10:20  RSSI구간:4
17:10:20  RSSI거리:0.80
17:10:20  상대보정:0
17:10:20  상대보정중:0
17:10:20  보정동쪽:0.00
17:10:20  보정북쪽:0.00
17:10:20  UWB유효:1
17:10:20  UWB원시거리:0.540
17:10:20  UWB보정거리:0.764
17:10:20  UWB접근속도:-0.009
17:10:20  UWB_RSSI:nan
17:10:20  UWB경과ms:46
17:10:20  UWB샘플:7413
17:10:20  UWB실패:165
17:10:20  UWB보정:1
17:10:20  UWB보정중:0
17:10:20  UWB보정샘플:100
17:10:20  UWB보정기준:3.000
17:10:20  UWB오프셋:0.234
17:10:20  UWB위험사용:0
17:10:20  UWB전송:7410
17:10:20  위험송신:0
17:10:20  시각ms:1531035
17:10:20  IMU시각ms:1531035
17:10:20  위험:0
17:10:20  원시위험:0
17:10:20  GPS유효:1
17:10:20  위도:37.495919
17:10:20  경도:126.956127
17:10:20  속도:0.01
17:10:20  방향:290.8
17:10:20  이동방향유효:0
17:10:20  GPS이동방향:290.8
17:10:20  차체방향유효:0
17:10:20  차체방향:0.0
17:10:20  후진판정:0
17:10:20  IMU요회전속도:0.00
17:10:20  방향가속도크기:9.73
17:10:20  방향자이로크기:3.01
17:10:20  방향자세cos:0.9998
17:10:20  자기모델잔차:26.34
17:10:20  자기모델반경:0.928
17:10:20  방향채택:0
17:10:20  방향거부:165244
17:10:20  GPS원시속도:0.015
17:10:20  GPS원시방향유효:1
17:10:20  GPS원시방향:290.8
17:10:20  가속도:-0.34,0.34,9.72
17:10:20  자이로:1.6,-2.5,0.6
17:10:20  자력계:7.800,4.500,20.400
17:10:20  충격값:0.07
17:10:20  충격피크:0.07
17:10:20  마지막충격발생값:0.00
17:10:20  마지막충격발생ms:0
17:10:20  송신:14569
17:10:20  지팡이수신:9816
17:10:20  GPS위성:9
17:10:20  GPS_HDOP:1.11
17:10:20  원시위도:37.495920
17:10:20  원시경도:126.956126
17:10:20  GPS채택:1516
17:10:20  GPS이상치거부:0
17:10:20  GPS품질거부:0
17:10:20  GPS재기준:0
17:10:20  계산거리:-1.00
17:10:20  접근속도:0.00
17:10:20  TTC:999.00
17:10:20  방향오차:0.0
17:10:20  전방여부:0
17:10:20  위험음성횟수:0
17:10:20  충격음성횟수:0
17:10:20  마지막위험음성:0
17:10:20  RSSI원시:-50
17:10:20  RSSI평활:-49.2
17:10:20  RSSI샘플:9816
17:10:20  RSSI경과ms:11
17:10:20  RSSI구간:4
17:10:20  RSSI거리:0.80
17:10:20  상대보정:0
17:10:20  상대보정중:0
17:10:20  보정동쪽:0.00
17:10:20  보정북쪽:0.00
17:10:20  UWB유효:1
17:10:20  UWB원시거리:0.540
17:10:20  UWB보정거리:0.764
17:10:20  UWB접근속도:-0.009
17:10:20  UWB_RSSI:nan
17:10:20  UWB경과ms:74
17:10:20  UWB샘플:7413
17:10:20  UWB실패:165
17:10:20  UWB보정:1
17:10:20  UWB보정중:0
17:10:20  UWB보정샘플:100
17:10:20  UWB보정기준:3.000
17:10:20  UWB오프셋:0.234
17:10:20  UWB위험사용:0
17:10:20  UWB전송:7410
17:10:20  위험송신:0
17:10:20  시각ms:1531062
17:10:20  IMU시각ms:1531062
17:10:20  위험:0
17:10:20  원시위험:0
17:10:20  GPS유효:1
17:10:20  위도:37.495919
17:10:20  경도:126.956127
17:10:20  속도:0.01
17:10:20  방향:290.8
17:10:20  이동방향유효:0
17:10:20  GPS이동방향:290.8
17:10:20  차체방향유효:0
17:10:20  차체방향:0.0
17:10:20  후진판정:0
17:10:20  IMU요회전속도:0.00
17:10:20  방향가속도크기:9.76
17:10:20  방향자이로크기:1.55
17:10:20  방향자세cos:0.9999
17:10:20  자기모델잔차:24.44
17:10:20  자기모델반경:0.941
17:10:20  방향채택:0
17:10:20  방향거부:165247
17:10:20  GPS원시속도:0.015
17:10:20  GPS원시방향유효:1
17:10:20  GPS원시방향:290.8
17:10:20  가속도:-0.32,0.49,9.74
17:10:20  자이로:1.0,-1.1,-0.3
17:10:20  자력계:8.850,4.800,18.450
17:10:20  충격값:0.16
17:10:20  충격피크:0.16
17:10:20  마지막충격발생값:0.00
17:10:20  마지막충격발생ms:0
17:10:20  송신:14569
17:10:20  지팡이수신:9816
17:10:20  GPS위성:9
17:10:20  GPS_HDOP:1.11
17:10:20  원시위도:37.495920
17:10:20  원시경도:126.956126
17:10:20  GPS채택:1516
17:10:20  GPS이상치거부:0
17:10:20  GPS품질거부:0
17:10:20  GPS재기준:0
17:10:20  계산거리:-1.00
17:10:20  접근속도:0.00
17:10:20  TTC:999.00
17:10:20  방향오차:0.0
17:10:20  전방여부:0
17:10:20  위험음성횟수:0
17:10:20  충격음성횟수:0
17:10:20  마지막위험음성:0
17:10:20  RSSI원시:-50
17:10:20  RSSI평활:-49.2
17:10:20  RSSI샘플:9816
17:10:20  RSSI경과ms:38
17:10:20  RSSI구간:4
17:10:20  RSSI거리:0.80
17:10:20  상대보정:0
17:10:20  상대보정중:0
17:10:20  보정동쪽:0.00
17:10:20  보정북쪽:0.00
17:10:20  UWB유효:1
17:10:20  UWB원시거리:0.540
17:10:20  UWB보정거리:0.764
17:10:20  UWB접근속도:-0.009
17:10:20  UWB_RSSI:nan
17:10:20  UWB경과ms:101
17:10:20  UWB샘플:7413
17:10:20  UWB실패:165
17:10:20  UWB보정:1
17:10:20  UWB보정중:0
17:10:20  UWB보정샘플:100
17:10:20  UWB보정기준:3.000
17:10:20  UWB오프셋:0.234
17:10:20  UWB위험사용:0
17:10:20  UWB전송:7410
17:10:20  위험송신:0
17:10:20  시각ms:1531088
17:10:20  IMU시각ms:1531088
17:10:20  위험:0
17:10:20  원시위험:0
17:10:20  GPS유효:1
17:10:20  위도:37.495919
17:10:20  경도:126.956127
17:10:20  속도:0.01
17:10:20  방향:290.8
17:10:20  이동방향유효:0
17:10:20  GPS이동방향:290.8
17:10:20  차체방향유효:0
17:10:20  차체방향:0.0
17:10:20  후진판정:0
17:10:20  IMU요회전속도:0.00
17:10:20  방향가속도크기:9.74
17:10:20  방향자이로크기:1.40
17:10:20  방향자세cos:0.9998
17:10:20  자기모델잔차:25.55
17:10:20  자기모델반경:0.956
17:10:20  방향채택:0
17:10:20  방향거부:165250
17:10:20  GPS원시속도:0.015
17:10:20  GPS원시방향유효:1
17:10:20  GPS원시방향:290.8
17:10:20  가속도:-0.36,0.34,9.73
17:10:20  자이로:-0.5,-1.2,-0.3
17:10:20  자력계:8.700,5.400,19.500
17:10:20  충격값:0.06
17:10:20  충격피크:0.14
17:10:20  마지막충격발생값:0.00
17:10:20  마지막충격발생ms:0
17:10:20  송신:14569
17:10:20  지팡이수신:9816
17:10:20  GPS위성:9
17:10:20  GPS_HDOP:1.11
17:10:20  원시위도:37.495920
17:10:20  원시경도:126.956126
17:10:20  GPS채택:1516
17:10:20  GPS이상치거부:0
17:10:20  GPS품질거부:0
17:10:20  GPS재기준:0
17:10:20  계산거리:-1.00
17:10:20  접근속도:0.00
17:10:20  TTC:999.00
17:10:20  방향오차:0.0
17:10:20  전방여부:0
17:10:20  위험음성횟수:0
17:10:20  충격음성횟수:0
17:10:20  마지막위험음성:0
17:10:20  RSSI원시:-50
17:10:20  RSSI평활:-49.2
17:10:20  RSSI샘플:9816
17:10:20  RSSI경과ms:64
17:10:20  RSSI구간:4
17:10:20  RSSI거리:0.80
17:10:20  상대보정:0
17:10:20  상대보정중:0
17:10:20  보정동쪽:0.00
17:10:20  보정북쪽:0.00
17:10:20  UWB유효:1
17:10:20  UWB원시거리:0.540
17:10:20  UWB보정거리:0.764
17:10:20  UWB접근속도:-0.009
17:10:20  UWB_RSSI:nan
17:10:20  UWB경과ms:127
17:10:20  UWB샘플:7413
17:10:20  UWB실패:165
17:10:20  UWB보정:1
17:10:20  UWB보정중:0
17:10:20  UWB보정샘플:100
17:10:20  UWB보정기준:3.000
17:10:20  UWB오프셋:0.234
17:10:20  UWB위험사용:0
17:10:20  UWB전송:7410
17:10:20  위험송신:0
17:10:20  시각ms:1531108
17:10:20  IMU시각ms:1531108
17:10:20  위험:0
17:10:20  원시위험:0
17:10:20  GPS유효:1
17:10:20  위도:37.495919
17:10:20  경도:126.956127
17:10:20  속도:0.01
17:10:20  방향:290.8
17:10:20  이동방향유효:0
17:10:20  GPS이동방향:290.8
17:10:20  차체방향유효:0
17:10:20  차체방향:0.0
17:10:20  후진판정:0
17:10:20  IMU요회전속도:0.00
17:10:20  방향가속도크기:9.67
17:10:20  방향자이로크기:3.30
17:10:20  방향자세cos:0.9999
17:10:20  자기모델잔차:24.22
17:10:20  자기모델반경:0.923
17:10:20  방향채택:0
17:10:20  방향거부:165252
17:10:20  GPS원시속도:0.015
17:10:20  GPS원시방향유효:1
17:10:20  GPS원시방향:290.8
17:10:20  가속도:-0.49,0.34,9.65
17:10:20  자이로:1.8,-2.8,0.5
17:10:20  자력계:8.700,4.200,18.300
17:10:20  충격값:0.10
17:10:20  충격피크:0.13
17:10:20  마지막충격발생값:0.00
17:10:20  마지막충격발생ms:0
17:10:20  송신:14570
17:10:20  지팡이수신:9816
17:10:20  GPS위성:9
17:10:20  GPS_HDOP:1.11
17:10:20  원시위도:37.495920
17:10:20  원시경도:126.956126
17:10:20  GPS채택:1516
17:10:20  GPS이상치거부:0
17:10:20  GPS품질거부:0
17:10:20  GPS재기준:0
17:10:20  계산거리:-1.00
17:10:20  접근속도:0.00
17:10:20  TTC:999.00
17:10:20  방향오차:0.0
17:10:20  전방여부:0
17:10:20  위험음성횟수:0
17:10:20  충격음성횟수:0
17:10:20  마지막위험음성:0
17:10:20  RSSI원시:-50
17:10:20  RSSI평활:-49.2
17:10:20  RSSI샘플:9816
17:10:20  RSSI경과ms:84
17:10:20  RSSI구간:4
17:10:20  RSSI거리:0.80
17:10:20  상대보정:0
17:10:20  상대보정중:0
17:10:20  보정동쪽:0.00
17:10:20  보정북쪽:0.00
17:10:20  UWB유효:1
17:10:20  UWB원시거리:0.540
17:10:20  UWB보정거리:0.764
17:10:20  UWB접근속도:-0.009
17:10:20  UWB_RSSI:nan
17:10:20  UWB경과ms:147
17:10:20  UWB샘플:7413
17:10:20  UWB실패:165
17:10:20  UWB보정:1
17:10:20  UWB보정중:0
17:10:20  UWB보정샘플:100
17:10:20  UWB보정기준:3.000
17:10:20  UWB오프셋:0.234
17:10:20  UWB위험사용:0
17:10:20  UWB전송:7410
17:10:20  위험송신:0
17:10:20  시각ms:1531131
17:10:20  IMU시각ms:1531119
17:10:20  위험:0
17:10:20  원시위험:0
17:10:20  GPS유효:1
17:10:20  위도:37.495919
17:10:20  경도:126.956127
17:10:20  속도:0.01
17:10:20  방향:290.8
17:10:20  이동방향유효:0
17:10:20  GPS이동방향:290.8
17:10:20  차체방향유효:0
17:10:20  차체방향:0.0
17:10:20  후진판정:0
17:10:20  IMU요회전속도:0.00
17:10:20  방향가속도크기:9.69
17:10:20  방향자이로크기:3.70
17:10:20  방향자세cos:0.9999
17:10:20  자기모델잔차:25.90
17:10:20  자기모델반경:0.924
17:10:20  방향채택:0
17:10:20  방향거부:165253
17:10:20  GPS원시속도:0.015
17:10:20  GPS원시방향유효:1
17:10:20  GPS원시방향:290.8
17:10:20  가속도:-0.43,0.38,9.67
17:10:20  자이로:0.2,2.2,-3.0
17:10:20  자력계:9.600,4.500,19.950
17:10:20  충격값:0.04
17:10:20  충격피크:0.04
17:10:20  마지막충격발생값:0.00
17:10:20  마지막충격발생ms:0
17:10:20  송신:14570
17:10:20  지팡이수신:9816
17:10:20  GPS위성:9
17:10:20  GPS_HDOP:1.11
17:10:20  원시위도:37.495920
17:10:20  원시경도:126.956126
17:10:20  GPS채택:1516
17:10:20  GPS이상치거부:0
17:10:20  GPS품질거부:0
17:10:20  GPS재기준:0
17:10:20  계산거리:-1.00
17:10:20  접근속도:0.00
17:10:20  TTC:999.00
17:10:20  방향오차:0.0
17:10:20  전방여부:0
17:10:20  위험음성횟수:0
17:10:20  충격음성횟수:0
17:10:20  마지막위험음성:0
17:10:20  RSSI원시:-50
17:10:20  RSSI평활:-49.2
17:10:20  RSSI샘플:9816
17:10:20  RSSI경과ms:107
17:10:20  RSSI구간:4
17:10:20  RSSI거리:0.80
17:10:20  상대보정:0
17:10:20  상대보정중:0
17:10:20  보정동쪽:0.00
17:10:20  보정북쪽:0.00
17:10:20  UWB유효:1
17:10:20  UWB원시거리:0.540
17:10:20  UWB보정거리:0.764
17:10:20  UWB접근속도:-0.009
17:10:20  UWB_RSSI:nan
17:10:20  UWB경과ms:170
17:10:20  UWB샘플:7413
17:10:20  UWB실패:165
17:10:20  UWB보정:1
17:10:20  UWB보정중:0
17:10:20  UWB보정샘플:100
17:10:20  UWB보정기준:3.000
17:10:20  UWB오프셋:0.234
17:10:20  UWB위험사용:0
17:10:20  UWB전송:7410
17:10:20  위험송신:0
17:10:20  시각ms:1531188
17:10:20  IMU시각ms:1531188
17:10:20  위험:0
17:10:20  원시위험:0
17:10:20  GPS유효:1
17:10:20  위도:37.495919
17:10:20  경도:126.956127
17:10:20  속도:0.01
17:10:20  방향:290.8
17:10:20  이동방향유효:0
17:10:20  GPS이동방향:290.8
17:10:20  차체방향유효:0
17:10:20  차체방향:0.0
17:10:20  후진판정:0
17:10:20  IMU요회전속도:0.00
17:10:20  방향가속도크기:9.71
17:10:20  방향자이로크기:3.58
17:10:20  방향자세cos:0.9999
17:10:20  자기모델잔차:24.64
17:10:20  자기모델반경:0.911
17:10:20  방향채택:0
17:10:20  방향거부:165259
17:10:20  GPS원시속도:0.015
17:10:20  GPS원시방향유효:1
17:10:20  GPS원시방향:290.8
17:10:20  가속도:-0.43,0.34,9.69
17:10:20  자이로:0.3,-0.2,-3.6
17:10:20  자력계:9.150,3.900,18.750
17:10:20  충격값:0.03
17:10:20  충격피크:0.07
17:10:20  마지막충격발생값:0.00
17:10:20  마지막충격발생ms:0
17:10:20  송신:14570
17:10:20  지팡이수신:9816
17:10:20  GPS위성:9
17:10:20  GPS_HDOP:1.11
17:10:20  원시위도:37.495920
17:10:20  원시경도:126.956126
17:10:20  GPS채택:1516
17:10:20  GPS이상치거부:0
17:10:20  GPS품질거부:0
17:10:20  GPS재기준:0
17:10:20  계산거리:-1.00
17:10:20  접근속도:0.00
17:10:20  TTC:999.00
17:10:20  방향오차:0.0
17:10:20  전방여부:0
17:10:20  위험음성횟수:0
17:10:20  충격음성횟수:0
17:10:20  마지막위험음성:0
17:10:20  RSSI원시:-50
17:10:20  RSSI평활:-49.2
17:10:20  RSSI샘플:9816
17:10:20  RSSI경과ms:164
17:10:20  RSSI구간:4
17:10:20  RSSI거리:0.80
17:10:20  상대보정:0
17:10:20  상대보정중:0
17:10:20  보정동쪽:0.00
17:10:20  보정북쪽:0.00
17:10:20  UWB유효:1
17:10:20  UWB원시거리:0.490
17:10:20  UWB보정거리:0.768
17:10:20  UWB접근속도:-0.012
17:10:20  UWB_RSSI:nan
17:10:20  UWB경과ms:26
17:10:20  UWB샘플:7414
17:10:20  UWB실패:165
17:10:20  UWB보정:1
17:10:20  UWB보정중:0
17:10:20  UWB보정샘플:100
17:10:20  UWB보정기준:3.000
17:10:20  UWB오프셋:0.234
17:10:20  UWB위험사용:0
17:10:20  UWB전송:7411
17:10:20  위험송신:0
17:10:20  시각ms:1531268
17:10:20  IMU시각ms:1531268
17:10:20  위험:0
17:10:20  원시위험:0
17:10:20  GPS유효:1
17:10:20  위도:37.495919
17:10:20  경도:126.956127
17:10:20  속도:0.01
17:10:20  방향:290.8
17:10:20  이동방향유효:0
17:10:20  GPS이동방향:290.8
17:10:20  차체방향유효:0
17:10:20  차체방향:0.0
17:10:20  후진판정:0
17:10:20  IMU요회전속도:0.00
17:10:20  방향가속도크기:9.63
17:10:20  방향자이로크기:1.76
17:10:20  방향자세cos:0.9998
17:10:20  자기모델잔차:25.33
17:10:20  자기모델반경:0.975
17:10:20  방향채택:0
17:10:20  방향거부:165268
17:10:20  GPS원시속도:0.015
17:10:20  GPS원시방향유효:1
17:10:20  GPS원시방향:290.8
17:10:20  가속도:-0.45,0.27,9.62
17:10:20  자이로:1.5,0.9,0.4
17:10:20  자력계:9.300,6.000,19.200
17:10:20  충격값:0.13
17:10:20  충격피크:0.13
17:10:20  마지막충격발생값:0.00
17:10:20  마지막충격발생ms:0
17:10:20  송신:14571
17:10:20  지팡이수신:9816
17:10:20  GPS위성:9
17:10:20  GPS_HDOP:1.11
17:10:20  원시위도:37.495920
17:10:20  원시경도:126.956126
17:10:20  GPS채택:1516
17:10:20  GPS이상치거부:0
17:10:20  GPS품질거부:0
17:10:20  GPS재기준:0
17:10:20  계산거리:-1.00
17:10:20  접근속도:0.00
17:10:20  TTC:999.00
17:10:20  방향오차:0.0
17:10:20  전방여부:0
17:10:20  위험음성횟수:0
17:10:20  충격음성횟수:0
17:10:20  마지막위험음성:0
17:10:20  RSSI원시:-50
17:10:20  RSSI평활:-49.2
17:10:20  RSSI샘플:9816
17:10:20  RSSI경과ms:244
17:10:20  RSSI구간:4
17:10:20  RSSI거리:0.80
17:10:20  상대보정:0
17:10:20  상대보정중:0
17:10:20  보정동쪽:0.00
17:10:20  보정북쪽:0.00
17:10:20  UWB유효:1
17:10:20  UWB원시거리:0.490
17:10:20  UWB보정거리:0.768
17:10:20  UWB접근속도:-0.012
17:10:20  UWB_RSSI:nan
17:10:20  UWB경과ms:106
17:10:20  UWB샘플:7414
17:10:20  UWB실패:165
17:10:20  UWB보정:1
17:10:20  UWB보정중:0
17:10:20  UWB보정샘플:100
17:10:20  UWB보정기준:3.000
17:10:20  UWB오프셋:0.234
17:10:20  UWB위험사용:0
17:10:20  UWB전송:7411
17:10:20  위험송신:0
17:10:20  시각ms:1531295
17:10:20  IMU시각ms:1531294
17:10:20  위험:0
17:10:20  원시위험:0
17:10:20  GPS유효:1
17:10:20  위도:37.495919
17:10:20  경도:126.956127
17:10:20  속도:0.01
17:10:20  방향:290.8
17:10:20  이동방향유효:0
17:10:20  GPS이동방향:290.8
17:10:20  차체방향유효:0
17:10:20  차체방향:0.0
17:10:20  후진판정:0
17:10:20  IMU요회전속도:0.00
17:10:20  방향가속도크기:9.75
17:10:20  방향자이로크기:2.89
17:10:20  방향자세cos:0.9998
17:10:20  자기모델잔차:24.33
17:10:20  자기모델반경:0.951
17:10:20  방향채택:0
17:10:20  방향거부:165271
17:10:20  GPS원시속도:0.015
17:10:20  GPS원시방향유효:1
17:10:20  GPS원시방향:290.8
17:10:20  가속도:-0.48,0.28,9.73
17:10:20  자이로:2.5,1.5,0.1
17:10:20  자력계:8.700,5.100,18.300
17:10:20  충격값:0.12
17:10:20  충격피크:0.16
17:10:20  마지막충격발생값:0.00
17:10:20  마지막충격발생ms:0
17:10:20  송신:14571
17:10:20  지팡이수신:9817
17:10:20  GPS위성:9
17:10:20  GPS_HDOP:1.11
17:10:20  원시위도:37.495920
17:10:20  원시경도:126.956126
17:10:20  GPS채택:1516
17:10:20  GPS이상치거부:0
17:10:20  GPS품질거부:0
17:10:20  GPS재기준:0
17:10:20  계산거리:-1.00
17:10:20  접근속도:0.00
17:10:20  TTC:999.00
17:10:20  방향오차:0.0
17:10:20  전방여부:0
17:10:20  위험음성횟수:0
17:10:20  충격음성횟수:0
17:10:20  마지막위험음성:0
17:10:20  RSSI원시:-49
17:10:20  RSSI평활:-49.2
17:10:20  RSSI샘플:9817
17:10:20  RSSI경과ms:2
17:10:20  RSSI구간:4
17:10:20  RSSI거리:0.80
17:10:20  상대보정:0
17:10:20  상대보정중:0
17:10:20  보정동쪽:0.00
17:10:20  보정북쪽:0.00
17:10:20  UWB유효:1
17:10:20  UWB원시거리:0.490
17:10:20  UWB보정거리:0.768
17:10:20  UWB접근속도:-0.012
17:10:20  UWB_RSSI:nan
17:10:20  UWB경과ms:133
17:10:20  UWB샘플:7414
17:10:20  UWB실패:165
17:10:20  UWB보정:1
17:10:20  UWB보정중:0
17:10:20  UWB보정샘플:100
17:10:20  UWB보정기준:3.000
17:10:20  UWB오프셋:0.234
17:10:20  UWB위험사용:0
17:10:20  UWB전송:7411
17:10:20  위험송신:0
17:10:21  시각ms:1531369
17:10:21  IMU시각ms:1531369
17:10:21  위험:0
17:10:21  원시위험:0
17:10:21  GPS유효:1
17:10:21  위도:37.495919
17:10:21  경도:126.956127
17:10:21  속도:0.01
17:10:21  방향:290.8
17:10:21  이동방향유효:0
17:10:21  GPS이동방향:290.8
17:10:21  차체방향유효:0
17:10:21  차체방향:0.0
17:10:21  후진판정:0
17:10:21  IMU요회전속도:0.00
17:10:21  방향가속도크기:9.60
17:10:21  방향자이로크기:1.61
17:10:21  방향자세cos:0.9998
17:10:21  자기모델잔차:25.41
17:10:21  자기모델반경:0.921
17:10:21  방향채택:0
17:10:21  방향거부:165279
17:10:21  GPS원시속도:0.015
17:10:21  GPS원시방향유효:1
17:10:21  GPS원시방향:290.8
17:10:21  가속도:-0.46,0.29,9.59
17:10:21  자이로:-0.2,1.3,0.9
17:10:21  자력계:7.950,4.200,19.500
17:10:21  충격값:0.15
17:10:21  충격피크:0.15
17:10:21  마지막충격발생값:0.00
17:10:21  마지막충격발생ms:0
17:10:21  송신:14572
17:10:21  지팡이수신:9817
17:10:21  GPS위성:9
17:10:21  GPS_HDOP:1.11
17:10:21  원시위도:37.495920
17:10:21  원시경도:126.956126
17:10:21  GPS채택:1516
17:10:21  GPS이상치거부:0
17:10:21  GPS품질거부:0
17:10:21  GPS재기준:0
17:10:21  계산거리:-1.00
17:10:21  접근속도:0.00
17:10:21  TTC:999.00
17:10:21  방향오차:0.0
17:10:21  전방여부:0
17:10:21  위험음성횟수:0
17:10:21  충격음성횟수:0
17:10:21  마지막위험음성:0
17:10:21  RSSI원시:-49
17:10:21  RSSI평활:-49.2
17:10:21  RSSI샘플:9817
17:10:21  RSSI경과ms:76
17:10:21  RSSI구간:4
17:10:21  RSSI거리:0.80
17:10:21  상대보정:0
17:10:21  상대보정중:0
17:10:21  보정동쪽:0.00
17:10:21  보정북쪽:0.00
17:10:21  UWB유효:1
17:10:21  UWB원시거리:0.610
17:10:21  UWB보정거리:0.770
17:10:21  UWB접근속도:-0.012
17:10:21  UWB_RSSI:nan
17:10:21  UWB경과ms:8
17:10:21  UWB샘플:7415
17:10:21  UWB실패:165
17:10:21  UWB보정:1
17:10:21  UWB보정중:0
17:10:21  UWB보정샘플:100
17:10:21  UWB보정기준:3.000
17:10:21  UWB오프셋:0.234
17:10:21  UWB위험사용:0
17:10:21  UWB전송:7412
17:10:21  위험송신:0
17:10:21  시각ms:1531527
17:10:21  IMU시각ms:1531527
17:10:21  위험:0
17:10:21  원시위험:0
17:10:21  GPS유효:1
17:10:21  위도:37.495919
17:10:21  경도:126.956127
17:10:21  속도:0.01
17:10:21  방향:290.8
17:10:21  이동방향유효:0
17:10:21  GPS이동방향:290.8
17:10:21  차체방향유효:0
17:10:21  차체방향:0.0
17:10:21  후진판정:0
17:10:21  IMU요회전속도:0.00
17:10:21  방향가속도크기:9.75
17:10:21  방향자이로크기:3.59
17:10:21  방향자세cos:0.9998
17:10:21  자기모델잔차:25.10
17:10:21  자기모델반경:0.913
17:10:21  방향채택:0
17:10:21  방향거부:165297
17:10:21  GPS원시속도:0.015
17:10:21  GPS원시방향유효:1
17:10:21  GPS원시방향:290.8
17:10:21  가속도:-0.54,0.34,9.73
17:10:21  자이로:0.7,-3.2,1.4
17:10:21  자력계:9.300,4.050,19.200
17:10:21  충격값:0.13
17:10:21  충격피크:0.16
17:10:21  마지막충격발생값:0.00
17:10:21  마지막충격발생ms:0
17:10:21  송신:14574
17:10:21  지팡이수신:9818
17:10:21  GPS위성:9
17:10:21  GPS_HDOP:1.11
17:10:21  원시위도:37.495920
17:10:21  원시경도:126.956126
17:10:21  GPS채택:1516
17:10:21  GPS이상치거부:0
17:10:21  GPS품질거부:0
17:10:21  GPS재기준:0
17:10:21  계산거리:-1.00
17:10:21  접근속도:0.00
17:10:21  TTC:999.00
17:10:21  방향오차:0.0
17:10:21  전방여부:0
17:10:21  위험음성횟수:0
17:10:21  충격음성횟수:0
17:10:21  마지막위험음성:0
17:10:21  RSSI원시:-49
17:10:21  RSSI평활:-49.1
17:10:21  RSSI샘플:9818
17:10:21  RSSI경과ms:140
17:10:21  RSSI구간:4
17:10:21  RSSI거리:0.80
17:10:21  상대보정:0
17:10:21  상대보정중:0
17:10:21  보정동쪽:0.00
17:10:21  보정북쪽:0.00
17:10:21  UWB유효:1
17:10:21  UWB원시거리:0.610
17:10:21  UWB보정거리:0.770
17:10:21  UWB접근속도:-0.012
17:10:21  UWB_RSSI:nan
17:10:21  UWB경과ms:166
17:10:21  UWB샘플:7415
17:10:21  UWB실패:165
17:10:21  UWB보정:1
17:10:21  UWB보정중:0
17:10:21  UWB보정샘플:100
17:10:21  UWB보정기준:3.000
17:10:21  UWB오프셋:0.234
17:10:21  UWB위험사용:0
17:10:21  UWB전송:7412
17:10:21  위험송신:0
17:10:21  시각ms:1531599
17:10:21  IMU시각ms:1531599
17:10:21  위험:0
17:10:21  원시위험:0
17:10:21  GPS유효:1
17:10:21  위도:37.495919
17:10:21  경도:126.956127
17:10:21  속도:0.01
17:10:21  방향:290.8
17:10:21  이동방향유효:0
17:10:21  GPS이동방향:290.8
17:10:21  차체방향유효:0
17:10:21  차체방향:0.0
17:10:21  후진판정:0
17:10:21  IMU요회전속도:0.00
17:10:21  방향가속도크기:9.72
17:10:21  방향자이로크기:2.25
17:10:21  방향자세cos:1.0000
17:10:21  자기모델잔차:24.55
17:10:21  자기모델반경:0.968
17:10:21  방향채택:0
17:10:21  방향거부:165303
17:10:21  GPS원시속도:0.015
17:10:21  GPS원시방향유효:1
17:10:21  GPS원시방향:290.8
17:10:21  가속도:-0.41,0.47,9.70
17:10:21  자이로:0.8,-0.8,-2.0
17:10:21  자력계:9.300,5.700,18.450
17:10:21  충격값:0.11
17:10:21  충격피크:0.19
17:10:21  마지막충격발생값:0.00
17:10:21  마지막충격발생ms:0
17:10:21  송신:14574
17:10:21  지팡이수신:9818
17:10:21  GPS위성:9
17:10:21  GPS_HDOP:1.11
17:10:21  원시위도:37.495920
17:10:21  원시경도:126.956126
17:10:21  GPS채택:1516
17:10:21  GPS이상치거부:0
17:10:21  GPS품질거부:0
17:10:21  GPS재기준:0
17:10:21  계산거리:-1.00
17:10:21  접근속도:0.00
17:10:21  TTC:999.00
17:10:21  방향오차:0.0
17:10:21  전방여부:0
17:10:21  위험음성횟수:0
17:10:21  충격음성횟수:0
17:10:21  마지막위험음성:0
17:10:21  RSSI원시:-49
17:10:21  RSSI평활:-49.1
17:10:21  RSSI샘플:9818
17:10:21  RSSI경과ms:212
17:10:21  RSSI구간:4
17:10:21  RSSI거리:0.80
17:10:21  상대보정:0
17:10:21  상대보정중:0
17:10:21  보정동쪽:0.00
17:10:21  보정북쪽:0.00
17:10:21  UWB유효:1
17:10:21  UWB원시거리:0.720
17:10:21  UWB보정거리:0.772
17:10:21  UWB접근속도:-0.010
17:10:21  UWB_RSSI:nan
17:10:21  UWB경과ms:35
17:10:21  UWB샘플:7416
17:10:21  UWB실패:165
17:10:21  UWB보정:1
17:10:21  UWB보정중:0
17:10:21  UWB보정샘플:100
17:10:21  UWB보정기준:3.000
17:10:21  UWB오프셋:0.234
17:10:21  UWB위험사용:0
17:10:21  UWB전송:7413
17:10:21  위험송신:0
17:10:21  시각ms:1531816
17:10:21  IMU시각ms:1531816
17:10:21  위험:0
17:10:21  원시위험:0
17:10:21  GPS유효:1
17:10:21  위도:37.495920
17:10:21  경도:126.956126
17:10:21  속도:0.02
17:10:21  방향:290.8
17:10:21  이동방향유효:0
17:10:21  GPS이동방향:290.8
17:10:21  차체방향유효:0
17:10:21  차체방향:0.0
17:10:21  후진판정:0
17:10:21  IMU요회전속도:0.00
17:10:21  방향가속도크기:9.73
17:10:21  방향자이로크기:3.02
17:10:21  방향자세cos:0.9998
17:10:21  자기모델잔차:25.14
17:10:21  자기모델반경:0.934
17:10:21  방향채택:0
17:10:21  방향거부:165326
17:10:21  GPS원시속도:0.021
17:10:21  GPS원시방향유효:1
17:10:21  GPS원시방향:290.8
17:10:21  가속도:-0.35,0.33,9.72
17:10:21  자이로:2.4,1.0,-1.5
17:10:21  자력계:7.350,4.500,19.200
17:10:21  충격값:0.07
17:10:21  충격피크:0.12
17:10:21  마지막충격발생값:0.00
17:10:21  마지막충격발생ms:0
17:10:21  송신:14576
17:10:21  지팡이수신:9820
17:10:21  GPS위성:9
17:10:21  GPS_HDOP:1.11
17:10:21  원시위도:37.495922
17:10:21  원시경도:126.956123
17:10:21  GPS채택:1517
17:10:21  GPS이상치거부:0
17:10:21  GPS품질거부:0
17:10:21  GPS재기준:0
17:10:21  계산거리:-1.00
17:10:21  접근속도:0.00
17:10:21  TTC:999.00
17:10:21  방향오차:0.0
17:10:21  전방여부:0
17:10:21  위험음성횟수:0
17:10:21  충격음성횟수:0
17:10:21  마지막위험음성:0
17:10:21  RSSI원시:-51
17:10:21  RSSI평활:-51.3
17:10:21  RSSI샘플:9820
17:10:21  RSSI경과ms:43
17:10:21  RSSI구간:4
17:10:21  RSSI거리:0.96
17:10:21  상대보정:0
17:10:21  상대보정중:0
17:10:21  보정동쪽:0.00
17:10:21  보정북쪽:0.00
17:10:21  UWB유효:1
17:10:21  UWB원시거리:0.840
17:10:21  UWB보정거리:0.797
17:10:21  UWB접근속도:-0.046
17:10:21  UWB_RSSI:nan
17:10:21  UWB경과ms:56
17:10:21  UWB샘플:7417
17:10:21  UWB실패:165
17:10:21  UWB보정:1
17:10:21  UWB보정중:0
17:10:21  UWB보정샘플:100
17:10:21  UWB보정기준:3.000
17:10:21  UWB오프셋:0.234
17:10:21  UWB위험사용:0
17:10:21  UWB전송:7414
17:10:21  위험송신:0
17:10:21  시각ms:1531836
17:10:21  IMU시각ms:1531836
17:10:21  위험:0
17:10:21  원시위험:0
17:10:21  GPS유효:1
17:10:21  위도:37.495920
17:10:21  경도:126.956126
17:10:21  속도:0.02
17:10:21  방향:290.8
17:10:21  이동방향유효:0
17:10:21  GPS이동방향:290.8
17:10:21  차체방향유효:0
17:10:21  차체방향:0.0
17:10:21  후진판정:0
17:10:21  IMU요회전속도:0.00
17:10:21  방향가속도크기:9.71
17:10:21  방향자이로크기:1.06
17:10:21  방향자세cos:0.9998
17:10:21  자기모델잔차:25.85
17:10:21  자기모델반경:0.911
17:10:21  방향채택:0
17:10:21  방향거부:165328
17:10:21  GPS원시속도:0.021
17:10:21  GPS원시방향유효:1
17:10:21  GPS원시방향:290.8
17:10:21  가속도:-0.34,0.35,9.70
17:10:21  자이로:-1.0,0.4,0.1
17:10:21  자력계:9.300,4.050,19.950
17:10:21  충격값:0.08
17:10:21  충격피크:0.12
17:10:21  마지막충격발생값:0.00
17:10:21  마지막충격발생ms:0
17:10:21  송신:14577
17:10:21  지팡이수신:9820
17:10:21  GPS위성:9
17:10:21  GPS_HDOP:1.11
17:10:21  원시위도:37.495922
17:10:21  원시경도:126.956123
17:10:21  GPS채택:1517
17:10:21  GPS이상치거부:0
17:10:21  GPS품질거부:0
17:10:21  GPS재기준:0
17:10:21  계산거리:-1.00
17:10:21  접근속도:0.00
17:10:21  TTC:999.00
17:10:21  방향오차:0.0
17:10:21  전방여부:0
17:10:21  위험음성횟수:0
17:10:21  충격음성횟수:0
17:10:21  마지막위험음성:0
17:10:21  RSSI원시:-51
17:10:21  RSSI평활:-51.3
17:10:21  RSSI샘플:9820
17:10:21  RSSI경과ms:63
17:10:21  RSSI구간:4
17:10:21  RSSI거리:0.96
17:10:21  상대보정:0
17:10:21  상대보정중:0
17:10:21  보정동쪽:0.00
17:10:21  보정북쪽:0.00
17:10:21  UWB유효:1
17:10:21  UWB원시거리:0.840
17:10:21  UWB보정거리:0.797
17:10:21  UWB접근속도:-0.046
17:10:21  UWB_RSSI:nan
17:10:21  UWB경과ms:76
17:10:21  UWB샘플:7417
17:10:21  UWB실패:165
17:10:21  UWB보정:1
17:10:21  UWB보정중:0
17:10:21  UWB보정샘플:100
17:10:21  UWB보정기준:3.000
17:10:21  UWB오프셋:0.234
17:10:21  UWB위험사용:0
17:10:21  UWB전송:7414
17:10:21  위험송신:0
17:10:21  시각ms:1531884
17:10:21  IMU시각ms:1531884
17:10:21  위험:0
17:10:21  원시위험:0
17:10:21  GPS유효:1
17:10:21  위도:37.495920
17:10:21  경도:126.956126
17:10:21  속도:0.02
17:10:21  방향:290.8
17:10:21  이동방향유효:0
17:10:21  GPS이동방향:290.8
17:10:21  차체방향유효:0
17:10:21  차체방향:0.0
17:10:21  후진판정:0
17:10:21  IMU요회전속도:0.00
17:10:21  방향가속도크기:9.71
17:10:21  방향자이로크기:2.20
17:10:21  방향자세cos:0.9999
17:10:21  자기모델잔차:24.14
17:10:21  자기모델반경:0.899
17:10:21  방향채택:0
17:10:21  방향거부:165333
17:10:21  GPS원시속도:0.021
17:10:21  GPS원시방향유효:1
17:10:21  GPS원시방향:290.8
17:10:21  가속도:-0.32,0.40,9.69
17:10:21  자이로:-0.3,2.2,0.3
17:10:21  자력계:8.700,3.450,18.300
17:10:21  충격값:0.10
17:10:21  충격피크:0.10
17:10:21  마지막충격발생값:0.00
17:10:21  마지막충격발생ms:0
17:10:21  송신:14577
17:10:21  지팡이수신:9821
17:10:21  GPS위성:9
17:10:21  GPS_HDOP:1.11
17:10:21  원시위도:37.495922
17:10:21  원시경도:126.956123
17:10:21  GPS채택:1517
17:10:21  GPS이상치거부:0
17:10:21  GPS품질거부:0
17:10:21  GPS재기준:0
17:10:21  계산거리:-1.00
17:10:21  접근속도:0.00
17:10:21  TTC:999.00
17:10:21  방향오차:0.0
17:10:21  전방여부:0
17:10:21  위험음성횟수:0
17:10:21  충격음성횟수:0
17:10:21  마지막위험음성:0
17:10:21  RSSI원시:-47
17:10:21  RSSI평활:-50.4
17:10:21  RSSI샘플:9821
17:10:21  RSSI경과ms:35
17:10:21  RSSI구간:4
17:10:21  RSSI거리:0.88
17:10:21  상대보정:0
17:10:21  상대보정중:0
17:10:21  보정동쪽:0.00
17:10:21  보정북쪽:0.00
17:10:21  UWB유효:1
17:10:21  UWB원시거리:0.840
17:10:21  UWB보정거리:0.797
17:10:21  UWB접근속도:-0.046
17:10:21  UWB_RSSI:nan
17:10:21  UWB경과ms:124
17:10:21  UWB샘플:7417
17:10:21  UWB실패:165
17:10:21  UWB보정:1
17:10:21  UWB보정중:0
17:10:21  UWB보정샘플:100
17:10:21  UWB보정기준:3.000
17:10:21  UWB오프셋:0.234
17:10:21  UWB위험사용:0
17:10:21  UWB전송:7414
17:10:21  위험송신:0
17:10:21  시각ms:1531912
17:10:21  IMU시각ms:1531911
17:10:21  위험:0
17:10:21  원시위험:0
17:10:21  GPS유효:1
17:10:21  위도:37.495920
17:10:21  경도:126.956126
17:10:21  속도:0.02
17:10:21  방향:290.8
17:10:21  이동방향유효:0
17:10:21  GPS이동방향:290.8
17:10:21  차체방향유효:0
17:10:21  차체방향:0.0
17:10:21  후진판정:0
17:10:21  IMU요회전속도:0.00
17:10:21  방향가속도크기:9.77
17:10:21  방향자이로크기:0.78
17:10:21  방향자세cos:0.9997
17:10:21  자기모델잔차:25.46
17:10:21  자기모델반경:0.934
17:10:21  방향채택:0
17:10:21  방향거부:165336
17:10:21  GPS원시속도:0.021
17:10:21  GPS원시방향유효:1
17:10:21  GPS원시방향:290.8
17:10:21  가속도:-0.44,0.26,9.75
17:10:21  자이로:-0.3,0.0,-0.7
17:10:21  자력계:8.400,4.650,19.500
17:10:21  충격값:0.12
17:10:21  충격피크:0.19
17:10:21  마지막충격발생값:0.00
17:10:21  마지막충격발생ms:0
17:10:21  송신:14577
17:10:21  지팡이수신:9821
17:10:21  GPS위성:9
17:10:21  GPS_HDOP:1.11
17:10:21  원시위도:37.495922
17:10:21  원시경도:126.956123
17:10:21  GPS채택:1517
17:10:21  GPS이상치거부:0
17:10:21  GPS품질거부:0
17:10:21  GPS재기준:0
17:10:21  계산거리:-1.00
17:10:21  접근속도:0.00
17:10:21  TTC:999.00
17:10:21  방향오차:0.0
17:10:21  전방여부:0
17:10:21  위험음성횟수:0
17:10:21  충격음성횟수:0
17:10:21  마지막위험음성:0
17:10:21  RSSI원시:-47
17:10:21  RSSI평활:-50.4
17:10:21  RSSI샘플:9821
17:10:21  RSSI경과ms:63
17:10:21  RSSI구간:4
17:10:21  RSSI거리:0.88
17:10:21  상대보정:0
17:10:21  상대보정중:0
17:10:21  보정동쪽:0.00
17:10:21  보정북쪽:0.00
17:10:21  UWB유효:1
17:10:21  UWB원시거리:0.840
17:10:21  UWB보정거리:0.797
17:10:21  UWB접근속도:-0.046
17:10:21  UWB_RSSI:nan
17:10:21  UWB경과ms:152
17:10:21  UWB샘플:7417
17:10:21  UWB실패:165
17:10:21  UWB보정:1
17:10:21  UWB보정중:0
17:10:21  UWB보정샘플:100
17:10:21  UWB보정기준:3.000
17:10:21  UWB오프셋:0.234
17:10:21  UWB위험사용:0
17:10:21  UWB전송:7414
17:10:21  위험송신:0
17:10:21  시각ms:1531990
17:10:21  IMU시각ms:1531990
17:10:21  위험:0
17:10:21  원시위험:0
17:10:21  GPS유효:1
17:10:21  위도:37.495920
17:10:21  경도:126.956126
17:10:21  속도:0.02
17:10:21  방향:290.8
17:10:21  이동방향유효:0
17:10:21  GPS이동방향:290.8
17:10:21  차체방향유효:0
17:10:21  차체방향:0.0
17:10:21  후진판정:0
17:10:21  IMU요회전속도:0.00
17:10:21  방향가속도크기:9.78
17:10:21  방향자이로크기:2.88
17:10:21  방향자세cos:0.9998
17:10:21  자기모델잔차:25.38
17:10:21  자기모델반경:0.991
17:10:21  방향채택:0
17:10:21  방향거부:165344
17:10:21  GPS원시속도:0.021
17:10:21  GPS원시방향유효:1
17:10:21  GPS원시방향:290.8
17:10:21  가속도:-0.30,0.35,9.77
17:10:21  자이로:1.5,1.9,1.5
17:10:21  자력계:8.550,6.450,19.200
17:10:21  충격값:0.13
17:10:21  충격피크:0.13
17:10:21  마지막충격발생값:0.00
17:10:21  마지막충격발생ms:0
17:10:21  송신:14578
17:10:21  지팡이수신:9822
17:10:21  GPS위성:9
17:10:21  GPS_HDOP:1.11
17:10:21  원시위도:37.495922
17:10:21  원시경도:126.956123
17:10:21  GPS채택:1517
17:10:21  GPS이상치거부:0
17:10:21  GPS품질거부:0
17:10:21  GPS재기준:0
17:10:21  계산거리:-1.00
17:10:21  접근속도:0.00
17:10:21  TTC:999.00
17:10:21  방향오차:0.0
17:10:21  전방여부:0
17:10:21  위험음성횟수:0
17:10:21  충격음성횟수:0
17:10:21  마지막위험음성:0
17:10:21  RSSI원시:-51
17:10:21  RSSI평활:-50.5
17:10:21  RSSI샘플:9822
17:10:21  RSSI경과ms:52
17:10:21  RSSI구간:4
17:10:21  RSSI거리:0.89
17:10:21  상대보정:0
17:10:21  상대보정중:0
17:10:21  보정동쪽:0.00
17:10:21  보정북쪽:0.00
17:10:21  UWB유효:1
17:10:21  UWB원시거리:0.930
17:10:21  UWB보정거리:0.852
17:10:21  UWB접근속도:-0.114
17:10:21  UWB_RSSI:nan
17:10:21  UWB경과ms:28
17:10:21  UWB샘플:7418
17:10:21  UWB실패:165
17:10:21  UWB보정:1
17:10:21  UWB보정중:0
17:10:21  UWB보정샘플:100
17:10:21  UWB보정기준:3.000
17:10:21  UWB오프셋:0.234
17:10:21  UWB위험사용:0
17:10:21  UWB전송:7415
17:10:21  위험송신:0
17:10:21  시각ms:1532017
17:10:21  IMU시각ms:1532017
17:10:21  위험:0
17:10:21  원시위험:0
17:10:21  GPS유효:1
17:10:21  위도:37.495920
17:10:21  경도:126.956126
17:10:21  속도:0.02
17:10:21  방향:290.8
17:10:21  이동방향유효:0
17:10:21  GPS이동방향:290.8
17:10:21  차체방향유효:0
17:10:21  차체방향:0.0
17:10:21  후진판정:0
17:10:21  IMU요회전속도:0.00
17:10:21  방향가속도크기:9.75
17:10:21  방향자이로크기:1.87
17:10:21  방향자세cos:0.9999
17:10:21  자기모델잔차:26.70
17:10:21  자기모델반경:0.981
17:10:21  방향채택:0
17:10:21  방향거부:165347
17:10:21  GPS원시속도:0.021
17:10:21  GPS원시방향유효:1
17:10:21  GPS원시방향:290.8
17:10:21  가속도:-0.41,0.36,9.73
17:10:21  자이로:0.6,1.6,-0.6
17:10:21  자력계:8.700,6.300,20.550
17:10:21  충격값:0.03
17:10:21  충격피크:0.17
17:10:21  마지막충격발생값:0.00
17:10:21  마지막충격발생ms:0
17:10:21  송신:14578
17:10:21  지팡이수신:9822
17:10:21  GPS위성:9
17:10:21  GPS_HDOP:1.11
17:10:21  원시위도:37.495922
17:10:21  원시경도:126.956123
17:10:21  GPS채택:1517
17:10:21  GPS이상치거부:0
17:10:21  GPS품질거부:0
17:10:21  GPS재기준:0
17:10:21  계산거리:-1.00
17:10:21  접근속도:0.00
17:10:21  TTC:999.00
17:10:21  방향오차:0.0
17:10:21  전방여부:0
17:10:21  위험음성횟수:0
17:10:21  충격음성횟수:0
17:10:21  마지막위험음성:0
17:10:21  RSSI원시:-51
17:10:21  RSSI평활:-50.5
17:10:21  RSSI샘플:9822
17:10:21  RSSI경과ms:79
17:10:21  RSSI구간:4
17:10:21  RSSI거리:0.89
17:10:21  상대보정:0
17:10:21  상대보정중:0
17:10:21  보정동쪽:0.00
17:10:21  보정북쪽:0.00
17:10:21  UWB유효:1
17:10:21  UWB원시거리:0.930
17:10:21  UWB보정거리:0.852
17:10:21  UWB접근속도:-0.114
17:10:21  UWB_RSSI:nan
17:10:21  UWB경과ms:55
17:10:21  UWB샘플:7418
17:10:21  UWB실패:165
17:10:21  UWB보정:1
17:10:21  UWB보정중:0
17:10:21  UWB보정샘플:100
17:10:21  UWB보정기준:3.000
17:10:21  UWB오프셋:0.234
17:10:21  UWB위험사용:0
17:10:21  UWB전송:7415
17:10:21  위험송신:0
17:10:21  시각ms:1532070
17:10:21  IMU시각ms:1532069
17:10:21  위험:0
17:10:21  원시위험:0
17:10:21  GPS유효:1
17:10:21  위도:37.495920
17:10:21  경도:126.956126
17:10:21  속도:0.02
17:10:21  방향:290.8
17:10:21  이동방향유효:0
17:10:21  GPS이동방향:290.8
17:10:21  차체방향유효:0
17:10:21  차체방향:0.0
17:10:21  후진판정:0
17:10:21  IMU요회전속도:0.00
17:10:21  방향가속도크기:9.77
17:10:21  방향자이로크기:2.84
17:10:21  방향자세cos:0.9999
17:10:21  자기모델잔차:27.12
17:10:21  자기모델반경:0.888
17:10:21  방향채택:0
17:10:21  방향거부:165352
17:10:21  GPS원시속도:0.021
17:10:21  GPS원시방향유효:1
17:10:21  GPS원시방향:290.8
17:10:21  가속도:-0.43,0.36,9.75
17:10:21  자이로:2.0,1.1,-1.7
17:10:21  자력계:8.700,3.450,21.300
17:10:21  충격값:0.05
17:10:21  충격피크:0.07
17:10:21  마지막충격발생값:0.00
17:10:21  마지막충격발생ms:0
17:10:21  송신:14579
17:10:21  지팡이수신:9823
17:10:21  GPS위성:9
17:10:21  GPS_HDOP:1.11
17:10:21  원시위도:37.495922
17:10:21  원시경도:126.956123
17:10:21  GPS채택:1517
17:10:21  GPS이상치거부:0
17:10:21  GPS품질거부:0
17:10:21  GPS재기준:0
17:10:21  계산거리:-1.00
17:10:21  접근속도:0.00
17:10:21  TTC:999.00
17:10:21  방향오차:0.0
17:10:21  전방여부:0
17:10:21  위험음성횟수:0
17:10:21  충격음성횟수:0
17:10:21  마지막위험음성:0
17:10:21  RSSI원시:-44
17:10:21  RSSI평활:-49.2
17:10:21  RSSI샘플:9823
17:10:21  RSSI경과ms:27
17:10:21  RSSI구간:4
17:10:21  RSSI거리:0.80
17:10:21  상대보정:0
17:10:21  상대보정중:0
17:10:21  보정동쪽:0.00
17:10:21  보정북쪽:0.00
17:10:21  UWB유효:1
17:10:21  UWB원시거리:0.930
17:10:21  UWB보정거리:0.852
17:10:21  UWB접근속도:-0.114
17:10:21  UWB_RSSI:nan
17:10:21  UWB경과ms:108
17:10:21  UWB샘플:7418
17:10:21  UWB실패:165
17:10:21  UWB보정:1
17:10:21  UWB보정중:0
17:10:21  UWB보정샘플:100
17:10:21  UWB보정기준:3.000
17:10:21  UWB오프셋:0.234
17:10:21  UWB위험사용:0
17:10:21  UWB전송:7415
17:10:21  위험송신:0
17:10:21  시각ms:1532095
17:10:21  IMU시각ms:1532095
17:10:21  위험:0
17:10:21  원시위험:0
17:10:21  GPS유효:1
17:10:21  위도:37.495920
17:10:21  경도:126.956126
17:10:21  속도:0.02
17:10:21  방향:290.8
17:10:21  이동방향유효:0
17:10:21  GPS이동방향:290.8
17:10:21  차체방향유효:0
17:10:21  차체방향:0.0
17:10:21  후진판정:0
17:10:21  IMU요회전속도:0.00
17:10:21  방향가속도크기:9.68
17:10:21  방향자이로크기:1.98
17:10:21  방향자세cos:0.9998
17:10:21  자기모델잔차:26.57
17:10:21  자기모델반경:0.941
17:10:21  방향채택:0
17:10:21  방향거부:165355
17:10:21  GPS원시속도:0.021
17:10:21  GPS원시방향유효:1
17:10:21  GPS원시방향:290.8
17:10:21  가속도:-0.43,0.29,9.67
17:10:21  자이로:0.2,1.9,-0.5
17:10:21  자력계:9.450,5.100,20.550
17:10:21  충격값:0.09
17:10:21  충격피크:0.13
17:10:21  마지막충격발생값:0.00
17:10:21  마지막충격발생ms:0
17:10:21  송신:14579
17:10:21  지팡이수신:9823
17:10:21  GPS위성:9
17:10:21  GPS_HDOP:1.11
17:10:21  원시위도:37.495922
17:10:21  원시경도:126.956123
17:10:21  GPS채택:1517
17:10:21  GPS이상치거부:0
17:10:21  GPS품질거부:0
17:10:21  GPS재기준:0
17:10:21  계산거리:-1.00
17:10:21  접근속도:0.00
17:10:21  TTC:999.00
17:10:21  방향오차:0.0
17:10:21  전방여부:0
17:10:21  위험음성횟수:0
17:10:21  충격음성횟수:0
17:10:21  마지막위험음성:0
17:10:21  RSSI원시:-44
17:10:21  RSSI평활:-49.2
17:10:21  RSSI샘플:9823
17:10:21  RSSI경과ms:52
17:10:21  RSSI구간:4
17:10:21  RSSI거리:0.80
17:10:21  상대보정:0
17:10:21  상대보정중:0
17:10:21  보정동쪽:0.00
17:10:21  보정북쪽:0.00
17:10:21  UWB유효:1
17:10:21  UWB원시거리:0.930
17:10:21  UWB보정거리:0.852
17:10:21  UWB접근속도:-0.114
17:10:21  UWB_RSSI:nan
17:10:21  UWB경과ms:133
17:10:21  UWB샘플:7418
17:10:21  UWB실패:165
17:10:21  UWB보정:1
17:10:21  UWB보정중:0
17:10:21  UWB보정샘플:100
17:10:21  UWB보정기준:3.000
17:10:21  UWB오프셋:0.234
17:10:21  UWB위험사용:0
17:10:21  UWB전송:7415
17:10:21  위험송신:0
17:10:21  시각ms:1532158
17:10:21  IMU시각ms:1532154
17:10:21  위험:0
17:10:21  원시위험:0
17:10:21  GPS유효:1
17:10:21  위도:37.495920
17:10:21  경도:126.956126
17:10:21  속도:0.02
17:10:21  방향:290.8
17:10:21  이동방향유효:0
17:10:21  GPS이동방향:290.8
17:10:21  차체방향유효:0
17:10:21  차체방향:0.0
17:10:21  후진판정:0
17:10:21  IMU요회전속도:0.00
17:10:21  방향가속도크기:9.68
17:10:21  방향자이로크기:1.82
17:10:21  방향자세cos:0.9997
17:10:21  자기모델잔차:26.30
17:10:21  자기모델반경:0.952
17:10:21  방향채택:0
17:10:21  방향거부:165360
17:10:21  GPS원시속도:0.021
17:10:21  GPS원시방향유효:1
17:10:21  GPS원시방향:290.8
17:10:21  가속도:-0.42,0.26,9.67
17:10:21  자이로:1.5,1.0,0.4
17:10:21  자력계:9.450,5.400,20.250
17:10:21  충격값:0.11
17:10:21  충격피크:0.11
17:10:21  마지막충격발생값:0.00
17:10:21  마지막충격발생ms:0
17:10:21  송신:14580
17:10:21  지팡이수신:9824
17:10:21  GPS위성:9
17:10:21  GPS_HDOP:1.11
17:10:21  원시위도:37.495922
17:10:21  원시경도:126.956123
17:10:21  GPS채택:1517
17:10:21  GPS이상치거부:0
17:10:21  GPS품질거부:0
17:10:21  GPS재기준:0
17:10:21  계산거리:-1.00
17:10:21  접근속도:0.00
17:10:21  TTC:999.00
17:10:21  방향오차:0.0
17:10:21  전방여부:0
17:10:21  위험음성횟수:0
17:10:21  충격음성횟수:0
17:10:21  마지막위험음성:0
17:10:21  RSSI원시:-47
17:10:21  RSSI평활:-48.8
17:10:21  RSSI샘플:9824
17:10:21  RSSI경과ms:8
17:10:21  RSSI구간:4
17:10:21  RSSI거리:0.80
17:10:21  상대보정:0
17:10:21  상대보정중:0
17:10:21  보정동쪽:0.00
17:10:21  보정북쪽:0.00
17:10:21  UWB유효:1
17:10:21  UWB원시거리:0.930
17:10:21  UWB보정거리:0.852
17:10:21  UWB접근속도:-0.114
17:10:21  UWB_RSSI:nan
17:10:21  UWB경과ms:196
17:10:21  UWB샘플:7418
17:10:21  UWB실패:165
17:10:21  UWB보정:1
17:10:21  UWB보정중:0
17:10:21  UWB보정샘플:100
17:10:21  UWB보정기준:3.000
17:10:21  UWB오프셋:0.234
17:10:21  UWB위험사용:0
17:10:21  UWB전송:7415
17:10:21  위험송신:0
17:10:21  시각ms:1532185
17:10:21  IMU시각ms:1532185
17:10:21  위험:0
17:10:21  원시위험:0
17:10:21  GPS유효:1
17:10:21  위도:37.495920
17:10:21  경도:126.956126
17:10:21  속도:0.02
17:10:21  방향:290.8
17:10:21  이동방향유효:0
17:10:21  GPS이동방향:290.8
17:10:21  차체방향유효:0
17:10:21  차체방향:0.0
17:10:21  후진판정:0
17:10:21  IMU요회전속도:0.00
17:10:21  방향가속도크기:9.64
17:10:21  방향자이로크기:4.57
17:10:21  방향자세cos:1.0000
17:10:21  자기모델잔차:25.98
17:10:21  자기모델반경:0.952
17:10:21  방향채택:0
17:10:21  방향거부:165363
17:10:21  GPS원시속도:0.021
17:10:21  GPS원시방향유효:1
17:10:21  GPS원시방향:290.8
17:10:21  가속도:-0.38,0.45,9.62
17:10:21  자이로:3.7,-2.6,-0.2
17:10:21  자력계:8.100,5.250,19.950
17:10:21  충격값:0.12
17:10:21  충격피크:0.12
17:10:21  마지막충격발생값:0.00
17:10:21  마지막충격발생ms:0
17:10:21  송신:14580
17:10:21  지팡이수신:9824
17:10:21  GPS위성:9
17:10:21  GPS_HDOP:1.11
17:10:21  원시위도:37.495922
17:10:21  원시경도:126.956123
17:10:21  GPS채택:1517
17:10:21  GPS이상치거부:0
17:10:21  GPS품질거부:0
17:10:21  GPS재기준:0
17:10:21  계산거리:-1.00
17:10:21  접근속도:0.00
17:10:21  TTC:999.00
17:10:21  방향오차:0.0
17:10:21  전방여부:0
17:10:21  위험음성횟수:0
17:10:21  충격음성횟수:0
17:10:21  마지막위험음성:0
17:10:21  RSSI원시:-47
17:10:21  RSSI평활:-48.8
17:10:21  RSSI샘플:9824
17:10:21  RSSI경과ms:35
17:10:21  RSSI구간:4
17:10:21  RSSI거리:0.80
17:10:21  상대보정:0
17:10:21  상대보정중:0
17:10:21  보정동쪽:0.00
17:10:21  보정북쪽:0.00
17:10:21  UWB유효:1
17:10:21  UWB원시거리:1.050
17:10:21  UWB보정거리:0.930
17:10:21  UWB접근속도:-0.193
17:10:21  UWB_RSSI:nan
17:10:21  UWB경과ms:17
17:10:21  UWB샘플:7419
17:10:21  UWB실패:165
17:10:21  UWB보정:1
17:10:21  UWB보정중:0
17:10:21  UWB보정샘플:100
17:10:21  UWB보정기준:3.000
17:10:21  UWB오프셋:0.234
17:10:21  UWB위험사용:0
17:10:21  UWB전송:7416
17:10:21  위험송신:0
17:10:21  시각ms:1532212
17:10:21  IMU시각ms:1532212
17:10:21  위험:0
17:10:21  원시위험:0
17:10:21  GPS유효:1
17:10:21  위도:37.495920
17:10:21  경도:126.956126
17:10:21  속도:0.02
17:10:21  방향:290.8
17:10:21  이동방향유효:0
17:10:21  GPS이동방향:290.8
17:10:21  차체방향유효:0
17:10:21  차체방향:0.0
17:10:21  후진판정:0
17:10:21  IMU요회전속도:0.00
17:10:21  방향가속도크기:9.66
17:10:21  방향자이로크기:3.84
17:10:21  방향자세cos:1.0000
17:10:21  자기모델잔차:25.24
17:10:21  자기모델반경:0.996
17:10:21  방향채택:0
17:10:21  방향거부:165366
17:10:21  GPS원시속도:0.021
17:10:21  GPS원시방향유효:1
17:10:21  GPS원시방향:290.8
17:10:21  가속도:-0.42,0.39,9.64
17:10:21  자이로:2.4,-1.3,-2.7
17:10:21  자력계:8.400,6.600,19.050
17:10:21  충격값:0.07
17:10:21  충격피크:0.10
17:10:21  마지막충격발생값:0.00
17:10:21  마지막충격발생ms:0
17:10:21  송신:14580
17:10:21  지팡이수신:9824
17:10:21  GPS위성:9
17:10:21  GPS_HDOP:1.11
17:10:21  원시위도:37.495922
17:10:21  원시경도:126.956123
17:10:21  GPS채택:1517
17:10:21  GPS이상치거부:0
17:10:21  GPS품질거부:0
17:10:21  GPS재기준:0
17:10:21  계산거리:-1.00
17:10:21  접근속도:0.00
17:10:21  TTC:999.00
17:10:21  방향오차:0.0
17:10:21  전방여부:0
17:10:21  위험음성횟수:0
17:10:21  충격음성횟수:0
17:10:21  마지막위험음성:0
17:10:21  RSSI원시:-47
17:10:21  RSSI평활:-48.8
17:10:21  RSSI샘플:9824
17:10:21  RSSI경과ms:62
17:10:21  RSSI구간:4
17:10:21  RSSI거리:0.80
17:10:21  상대보정:0
17:10:21  상대보정중:0
17:10:21  보정동쪽:0.00
17:10:21  보정북쪽:0.00
17:10:21  UWB유효:1
17:10:21  UWB원시거리:1.050
17:10:21  UWB보정거리:0.930
17:10:21  UWB접근속도:-0.193
17:10:21  UWB_RSSI:nan
17:10:21  UWB경과ms:44
17:10:21  UWB샘플:7419
17:10:21  UWB실패:165
17:10:21  UWB보정:1
17:10:21  UWB보정중:0
17:10:21  UWB보정샘플:100
17:10:21  UWB보정기준:3.000
17:10:21  UWB오프셋:0.234
17:10:21  UWB위험사용:0
17:10:21  UWB전송:7416
17:10:21  위험송신:0
17:10:21  시각ms:1532238
17:10:21  IMU시각ms:1532238
17:10:21  위험:0
17:10:21  원시위험:0
17:10:21  GPS유효:1
17:10:21  위도:37.495920
17:10:21  경도:126.956126
17:10:21  속도:0.02
17:10:21  방향:290.8
17:10:21  이동방향유효:0
17:10:21  GPS이동방향:290.8
17:10:21  차체방향유효:0
17:10:21  차체방향:0.0
17:10:21  후진판정:0
17:10:21  IMU요회전속도:0.00
17:10:21  방향가속도크기:9.66
17:10:21  방향자이로크기:4.57
17:10:21  방향자세cos:0.9998
17:10:21  자기모델잔차:25.84
17:10:21  자기모델반경:0.913
17:10:21  방향채택:0
17:10:21  방향거부:165369
17:10:21  GPS원시속도:0.021
17:10:21  GPS원시방향유효:1
17:10:21  GPS원시방향:290.8
17:10:21  가속도:-0.35,0.31,9.65
17:10:21  자이로:2.2,-1.3,3.8
17:10:21  자력계:8.550,4.050,19.950
17:10:21  충격값:0.09
17:10:21  충격피크:0.09
17:10:21  마지막충격발생값:0.00
17:10:21  마지막충격발생ms:0
17:10:21  송신:14580
17:10:21  지팡이수신:9824
17:10:21  GPS위성:9
17:10:21  GPS_HDOP:1.11
17:10:21  원시위도:37.495922
17:10:21  원시경도:126.956123
17:10:21  GPS채택:1517
17:10:21  GPS이상치거부:0
17:10:21  GPS품질거부:0
17:10:21  GPS재기준:0
17:10:21  계산거리:-1.00
17:10:21  접근속도:0.00
17:10:21  TTC:999.00
17:10:21  방향오차:0.0
17:10:21  전방여부:0
17:10:21  위험음성횟수:0
17:10:21  충격음성횟수:0
17:10:21  마지막위험음성:0
17:10:21  RSSI원시:-47
17:10:21  RSSI평활:-48.8
17:10:21  RSSI샘플:9824
17:10:21  RSSI경과ms:88
17:10:21  RSSI구간:4
17:10:21  RSSI거리:0.80
17:10:21  상대보정:0
17:10:21  상대보정중:0
17:10:21  보정동쪽:0.00
17:10:21  보정북쪽:0.00
17:10:21  UWB유효:1
17:10:21  UWB원시거리:1.050
17:10:21  UWB보정거리:0.930
17:10:21  UWB접근속도:-0.193
17:10:21  UWB_RSSI:nan
17:10:21  UWB경과ms:70
17:10:21  UWB샘플:7419
17:10:21  UWB실패:165
17:10:21  UWB보정:1
17:10:21  UWB보정중:0
17:10:21  UWB보정샘플:100
17:10:21  UWB보정기준:3.000
17:10:21  UWB오프셋:0.234
17:10:21  UWB위험사용:0
17:10:21  UWB전송:7416
17:10:21  위험송신:0
17:10:21  시각ms:1532265
17:10:21  IMU시각ms:1532265
17:10:21  위험:0
17:10:21  원시위험:0
17:10:21  GPS유효:1
17:10:21  위도:37.495920
17:10:21  경도:126.956126
17:10:21  속도:0.02
17:10:21  방향:290.8
17:10:21  이동방향유효:0
17:10:21  GPS이동방향:290.8
17:10:21  차체방향유효:0
17:10:21  차체방향:0.0
17:10:21  후진판정:0
17:10:21  IMU요회전속도:0.00
17:10:21  방향가속도크기:9.68
17:10:21  방향자이로크기:1.26
17:10:21  방향자세cos:0.9999
17:10:21  자기모델잔차:25.68
17:10:21  자기모델반경:0.908
17:10:21  방향채택:0
17:10:21  방향거부:165372
17:10:21  GPS원시속도:0.021
17:10:21  GPS원시방향유효:1
17:10:21  GPS원시방향:290.8
17:10:21  가속도:-0.50,0.40,9.66
17:10:21  자이로:0.0,0.5,1.2
17:10:21  자력계:8.700,3.900,19.800
17:10:21  충격값:0.11
17:10:21  충격피크:0.14
17:10:21  마지막충격발생값:0.00
17:10:21  마지막충격발생ms:0
17:10:21  송신:14581
17:10:21  지팡이수신:9824
17:10:21  GPS위성:9
17:10:21  GPS_HDOP:1.11
17:10:21  원시위도:37.495922
17:10:21  원시경도:126.956123
17:10:21  GPS채택:1517
17:10:21  GPS이상치거부:0
17:10:21  GPS품질거부:0
17:10:21  GPS재기준:0
17:10:21  계산거리:-1.00
17:10:21  접근속도:0.00
17:10:21  TTC:999.00
17:10:21  방향오차:0.0
17:10:21  전방여부:0
17:10:21  위험음성횟수:0
17:10:21  충격음성횟수:0
17:10:21  마지막위험음성:0
17:10:21  RSSI원시:-47
17:10:21  RSSI평활:-48.8
17:10:21  RSSI샘플:9824
17:10:21  RSSI경과ms:115
17:10:21  RSSI구간:4
17:10:21  RSSI거리:0.80
17:10:21  상대보정:0
17:10:21  상대보정중:0
17:10:21  보정동쪽:0.00
17:10:21  보정북쪽:0.00
17:10:21  UWB유효:1
17:10:21  UWB원시거리:1.050
17:10:21  UWB보정거리:0.930
17:10:21  UWB접근속도:-0.193
17:10:21  UWB_RSSI:nan
17:10:21  UWB경과ms:97
17:10:21  UWB샘플:7419
17:10:21  UWB실패:165
17:10:21  UWB보정:1
17:10:21  UWB보정중:0
17:10:21  UWB보정샘플:100
17:10:21  UWB보정기준:3.000
17:10:21  UWB오프셋:0.234
17:10:21  UWB위험사용:0
17:10:21  UWB전송:7416
17:10:21  위험송신:0
17:10:21  시각ms:1532292
17:10:21  IMU시각ms:1532292
17:10:21  위험:0
17:10:21  원시위험:0
17:10:21  GPS유효:1
17:10:21  위도:37.495920
17:10:21  경도:126.956126
17:10:21  속도:0.02
17:10:21  방향:290.8
17:10:21  이동방향유효:0
17:10:21  GPS이동방향:290.8
17:10:21  차체방향유효:0
17:10:21  차체방향:0.0
17:10:21  후진판정:0
17:10:21  IMU요회전속도:0.00
17:10:21  방향가속도크기:9.78
17:10:21  방향자이로크기:1.69
17:10:21  방향자세cos:0.9998
17:10:21  자기모델잔차:24.74
17:10:21  자기모델반경:0.932
17:10:21  방향채택:0
17:10:21  방향거부:165375
17:10:21  GPS원시속도:0.021
17:10:21  GPS원시방향유효:1
17:10:21  GPS원시방향:290.8
17:10:21  가속도:-0.31,0.33,9.77
17:10:21  자이로:-0.7,0.0,-1.6
17:10:21  자력계:10.650,4.650,18.750
17:10:21  충격값:0.12
17:10:21  충격피크:0.12
17:10:21  마지막충격발생값:0.00
17:10:21  마지막충격발생ms:0
17:10:21  송신:14581
17:10:21  지팡이수신:9825
17:10:21  GPS위성:9
17:10:21  GPS_HDOP:1.11
17:10:21  원시위도:37.495922
17:10:21  원시경도:126.956123
17:10:21  GPS채택:1517
17:10:21  GPS이상치거부:0
17:10:21  GPS품질거부:0
17:10:21  GPS재기준:0
17:10:21  계산거리:-1.00
17:10:21  접근속도:0.00
17:10:21  TTC:999.00
17:10:21  방향오차:0.0
17:10:21  전방여부:0
17:10:21  위험음성횟수:0
17:10:21  충격음성횟수:0
17:10:21  마지막위험음성:0
17:10:21  RSSI원시:-52
17:10:21  RSSI평활:-49.4
17:10:21  RSSI샘플:9825
17:10:21  RSSI경과ms:6
17:10:21  RSSI구간:4
17:10:21  RSSI거리:0.80
17:10:21  상대보정:0
17:10:21  상대보정중:0
17:10:21  보정동쪽:0.00
17:10:21  보정북쪽:0.00
17:10:21  UWB유효:1
17:10:21  UWB원시거리:1.050
17:10:21  UWB보정거리:0.930
17:10:21  UWB접근속도:-0.193
17:10:21  UWB_RSSI:nan
17:10:21  UWB경과ms:124
17:10:21  UWB샘플:7419
17:10:21  UWB실패:165
17:10:21  UWB보정:1
17:10:21  UWB보정중:0
17:10:21  UWB보정샘플:100
17:10:21  UWB보정기준:3.000
17:10:21  UWB오프셋:0.234
17:10:21  UWB위험사용:0
17:10:21  UWB전송:7416
17:10:21  위험송신:0
17:10:22  시각ms:1532318
17:10:22  IMU시각ms:1532318
17:10:22  위험:0
17:10:22  원시위험:0
17:10:22  GPS유효:1
17:10:22  위도:37.495920
17:10:22  경도:126.956126
17:10:22  속도:0.02
17:10:22  방향:290.8
17:10:22  이동방향유효:0
17:10:22  GPS이동방향:290.8
17:10:22  차체방향유효:0
17:10:22  차체방향:0.0
17:10:22  후진판정:0
17:10:22  IMU요회전속도:0.00
17:10:22  방향가속도크기:9.71
17:10:22  방향자이로크기:1.16
17:10:22  방향자세cos:0.9999
17:10:22  자기모델잔차:25.21
17:10:22  자기모델반경:0.985
17:10:22  방향채택:0
17:10:22  방향거부:165378
17:10:22  GPS원시속도:0.021
17:10:22  GPS원시방향유효:1
17:10:22  GPS원시방향:290.8
17:10:22  가속도:-0.37,0.38,9.70
17:10:22  자이로:0.0,-0.2,-1.2
17:10:22  자력계:9.150,6.300,19.050
17:10:22  충격값:0.05
17:10:22  충격피크:0.14
17:10:22  마지막충격발생값:0.00
17:10:22  마지막충격발생ms:0
17:10:22  송신:14581
17:10:22  지팡이수신:9825
17:10:22  GPS위성:9
17:10:22  GPS_HDOP:1.11
17:10:22  원시위도:37.495922
17:10:22  원시경도:126.956123
17:10:22  GPS채택:1517
17:10:22  GPS이상치거부:0
17:10:22  GPS품질거부:0
17:10:22  GPS재기준:0
17:10:22  계산거리:-1.00
17:10:22  접근속도:0.00
17:10:22  TTC:999.00
17:10:22  방향오차:0.0
17:10:22  전방여부:0
17:10:22  위험음성횟수:0
17:10:22  충격음성횟수:0
17:10:22  마지막위험음성:0
17:10:22  RSSI원시:-52
17:10:22  RSSI평활:-49.4
17:10:22  RSSI샘플:9825
17:10:22  RSSI경과ms:32
17:10:22  RSSI구간:4
17:10:22  RSSI거리:0.80
17:10:22  상대보정:0
17:10:22  상대보정중:0
17:10:22  보정동쪽:0.00
17:10:22  보정북쪽:0.00
17:10:22  UWB유효:1
17:10:22  UWB원시거리:1.050
17:10:22  UWB보정거리:0.930
17:10:22  UWB접근속도:-0.193
17:10:22  UWB_RSSI:nan
17:10:22  UWB경과ms:150
17:10:22  UWB샘플:7419
17:10:22  UWB실패:165
17:10:22  UWB보정:1
17:10:22  UWB보정중:0
17:10:22  UWB보정샘플:100
17:10:22  UWB보정기준:3.000
17:10:22  UWB오프셋:0.234
17:10:22  UWB위험사용:0
17:10:22  UWB전송:7416
17:10:22  위험송신:0
17:10:22  시각ms:1532345
17:10:22  IMU시각ms:1532345
17:10:22  위험:0
17:10:22  원시위험:0
17:10:22  GPS유효:1
17:10:22  위도:37.495920
17:10:22  경도:126.956126
17:10:22  속도:0.02
17:10:22  방향:290.8
17:10:22  이동방향유효:0
17:10:22  GPS이동방향:290.8
17:10:22  차체방향유효:0
17:10:22  차체방향:0.0
17:10:22  후진판정:0
17:10:22  IMU요회전속도:0.00
17:10:22  방향가속도크기:9.77
17:10:22  방향자이로크기:3.23
17:10:22  방향자세cos:0.9999
17:10:22  자기모델잔차:25.53
17:10:22  자기모델반경:0.944
17:10:22  방향채택:0
17:10:22  방향거부:165381
17:10:22  GPS원시속도:0.021
17:10:22  GPS원시방향유효:1
17:10:22  GPS원시방향:290.8
17:10:22  가속도:-0.46,0.33,9.75
17:10:22  자이로:1.1,-3.0,-0.6
17:10:22  자력계:9.900,5.100,19.500
17:10:22  충격값:0.07
17:10:22  충격피크:0.08
17:10:22  마지막충격발생값:0.00
17:10:22  마지막충격발생ms:0
17:10:22  송신:14581
17:10:22  지팡이수신:9825
17:10:22  GPS위성:9
17:10:22  GPS_HDOP:1.11
17:10:22  원시위도:37.495922
17:10:22  원시경도:126.956123
17:10:22  GPS채택:1517
17:10:22  GPS이상치거부:0
17:10:22  GPS품질거부:0
17:10:22  GPS재기준:0
17:10:22  계산거리:-1.00
17:10:22  접근속도:0.00
17:10:22  TTC:999.00
17:10:22  방향오차:0.0
17:10:22  전방여부:0
17:10:22  위험음성횟수:0
17:10:22  충격음성횟수:0
17:10:22  마지막위험음성:0
17:10:22  RSSI원시:-52
17:10:22  RSSI평활:-49.4
17:10:22  RSSI샘플:9825
17:10:22  RSSI경과ms:59
17:10:22  RSSI구간:4
17:10:22  RSSI거리:0.80
17:10:22  상대보정:0
17:10:22  상대보정중:0
17:10:22  보정동쪽:0.00
17:10:22  보정북쪽:0.00
17:10:22  UWB유효:1
17:10:22  UWB원시거리:1.050
17:10:22  UWB보정거리:0.930
17:10:22  UWB접근속도:-0.193
17:10:22  UWB_RSSI:nan
17:10:22  UWB경과ms:177
17:10:22  UWB샘플:7419
17:10:22  UWB실패:165
17:10:22  UWB보정:1
17:10:22  UWB보정중:0
17:10:22  UWB보정샘플:100
17:10:22  UWB보정기준:3.000
17:10:22  UWB오프셋:0.234
17:10:22  UWB위험사용:0
17:10:22  UWB전송:7416
17:10:22  위험송신:0
17:10:22  시각ms:1532402
17:10:22  IMU시각ms:1532402
17:10:22  위험:0
17:10:22  원시위험:0
17:10:22  GPS유효:1
17:10:22  위도:37.495920
17:10:22  경도:126.956126
17:10:22  속도:0.02
17:10:22  방향:290.8
17:10:22  이동방향유효:0
17:10:22  GPS이동방향:290.8
17:10:22  차체방향유효:0
17:10:22  차체방향:0.0
17:10:22  후진판정:0
17:10:22  IMU요회전속도:0.00
17:10:22  방향가속도크기:9.66
17:10:22  방향자이로크기:1.98
17:10:22  방향자세cos:0.9998
17:10:22  자기모델잔차:26.27
17:10:22  자기모델반경:0.941
17:10:22  방향채택:0
17:10:22  방향거부:165385
17:10:22  GPS원시속도:0.021
17:10:22  GPS원시방향유효:1
17:10:22  GPS원시방향:290.8
17:10:22  가속도:-0.38,0.30,9.64
17:10:22  자이로:-0.5,1.7,-0.9
17:10:22  자력계:10.200,5.100,20.250
17:10:22  충격값:0.09
17:10:22  충격피크:0.09
17:10:22  마지막충격발생값:0.00
17:10:22  마지막충격발생ms:0
17:10:22  송신:14582
17:10:22  지팡이수신:9826
17:10:22  GPS위성:9
17:10:22  GPS_HDOP:1.11
17:10:22  원시위도:37.495922
17:10:22  원시경도:126.956123
17:10:22  GPS채택:1517
17:10:22  GPS이상치거부:0
17:10:22  GPS품질거부:0
17:10:22  GPS재기준:0
17:10:22  계산거리:-1.00
17:10:22  접근속도:0.00
17:10:22  TTC:999.00
17:10:22  방향오차:0.0
17:10:22  전방여부:0
17:10:22  위험음성횟수:0
17:10:22  충격음성횟수:0
17:10:22  마지막위험음성:0
17:10:22  RSSI원시:-47
17:10:22  RSSI평활:-48.9
17:10:22  RSSI샘플:9826
17:10:22  RSSI경과ms:36
17:10:22  RSSI구간:4
17:10:22  RSSI거리:0.80
17:10:22  상대보정:0
17:10:22  상대보정중:0
17:10:22  보정동쪽:0.00
17:10:22  보정북쪽:0.00
17:10:22  UWB유효:1
17:10:22  UWB원시거리:1.200
17:10:22  UWB보정거리:1.012
17:10:22  UWB접근속도:-0.264
17:10:22  UWB_RSSI:nan
17:10:22  UWB경과ms:43
17:10:22  UWB샘플:7420
17:10:22  UWB실패:165
17:10:22  UWB보정:1
17:10:22  UWB보정중:0
17:10:22  UWB보정샘플:100
17:10:22  UWB보정기준:3.000
17:10:22  UWB오프셋:0.234
17:10:22  UWB위험사용:0
17:10:22  UWB전송:7417
17:10:22  위험송신:0
17:10:22  시각ms:1532427
17:10:22  IMU시각ms:1532427
17:10:22  위험:0
17:10:22  원시위험:0
17:10:22  GPS유효:1
17:10:22  위도:37.495920
17:10:22  경도:126.956126
17:10:22  속도:0.02
17:10:22  방향:290.8
17:10:22  이동방향유효:0
17:10:22  GPS이동방향:290.8
17:10:22  차체방향유효:0
17:10:22  차체방향:0.0
17:10:22  후진판정:0
17:10:22  IMU요회전속도:0.00
17:10:22  방향가속도크기:9.67
17:10:22  방향자이로크기:5.12
17:10:22  방향자세cos:0.9998
17:10:22  자기모델잔차:26.00
17:10:22  자기모델반경:0.990
17:10:22  방향채택:0
17:10:22  방향거부:165388
17:10:22  GPS원시속도:0.021
17:10:22  GPS원시방향유효:1
17:10:22  GPS원시방향:290.8
17:10:22  가속도:-0.31,0.36,9.66
17:10:22  자이로:2.4,4.0,-2.2
17:10:22  자력계:10.200,6.600,19.800
17:10:22  충격값:0.11
17:10:22  충격피크:0.14
17:10:22  마지막충격발생값:0.00
17:10:22  마지막충격발생ms:0
17:10:22  송신:14582
17:10:22  지팡이수신:9826
17:10:22  GPS위성:9
17:10:22  GPS_HDOP:1.11
17:10:22  원시위도:37.495922
17:10:22  원시경도:126.956123
17:10:22  GPS채택:1517
17:10:22  GPS이상치거부:0
17:10:22  GPS품질거부:0
17:10:22  GPS재기준:0
17:10:22  계산거리:-1.00
17:10:22  접근속도:0.00
17:10:22  TTC:999.00
17:10:22  방향오차:0.0
17:10:22  전방여부:0
17:10:22  위험음성횟수:0
17:10:22  충격음성횟수:0
17:10:22  마지막위험음성:0
17:10:22  RSSI원시:-47
17:10:22  RSSI평활:-48.9
17:10:22  RSSI샘플:9826
17:10:22  RSSI경과ms:61
17:10:22  RSSI구간:4
17:10:22  RSSI거리:0.80
17:10:22  상대보정:0
17:10:22  상대보정중:0
17:10:22  보정동쪽:0.00
17:10:22  보정북쪽:0.00
17:10:22  UWB유효:1
17:10:22  UWB원시거리:1.200
17:10:22  UWB보정거리:1.012
17:10:22  UWB접근속도:-0.264
17:10:22  UWB_RSSI:nan
17:10:22  UWB경과ms:68
17:10:22  UWB샘플:7420
17:10:22  UWB실패:165
17:10:22  UWB보정:1
17:10:22  UWB보정중:0
17:10:22  UWB보정샘플:100
17:10:22  UWB보정기준:3.000
17:10:22  UWB오프셋:0.234
17:10:22  UWB위험사용:0
17:10:22  UWB전송:7417
17:10:22  위험송신:0
17:10:22  시각ms:1532454
17:10:22  IMU시각ms:1532454
17:10:22  위험:0
17:10:22  원시위험:0
17:10:22  GPS유효:1
17:10:22  위도:37.495920
17:10:22  경도:126.956126
17:10:22  속도:0.02
17:10:22  방향:290.8
17:10:22  이동방향유효:0
17:10:22  GPS이동방향:290.8
17:10:22  차체방향유효:0
17:10:22  차체방향:0.0
17:10:22  후진판정:0
17:10:22  IMU요회전속도:0.00
17:10:22  방향가속도크기:9.69
17:10:22  방향자이로크기:4.00
17:10:22  방향자세cos:1.0000
17:10:22  자기모델잔차:26.99
17:10:22  자기모델반경:0.892
17:10:22  방향채택:0
17:10:22  방향거부:165391
17:10:22  GPS원시속도:0.021
17:10:22  GPS원시방향유효:1
17:10:22  GPS원시방향:290.8
17:10:22  가속도:-0.45,0.38,9.67
17:10:22  자이로:1.7,3.0,-2.0
17:10:22  자력계:9.600,3.600,21.150
17:10:22  충격값:0.05
17:10:22  충격피크:0.16
17:10:22  마지막충격발생값:0.00
17:10:22  마지막충격발생ms:0
17:10:22  송신:14582
17:10:22  지팡이수신:9826
17:10:22  GPS위성:9
17:10:22  GPS_HDOP:1.11
17:10:22  원시위도:37.495922
17:10:22  원시경도:126.956123
17:10:22  GPS채택:1517
17:10:22  GPS이상치거부:0
17:10:22  GPS품질거부:0
17:10:22  GPS재기준:0
17:10:22  계산거리:-1.00
17:10:22  접근속도:0.00
17:10:22  TTC:999.00
17:10:22  방향오차:0.0
17:10:22  전방여부:0
17:10:22  위험음성횟수:0
17:10:22  충격음성횟수:0
17:10:22  마지막위험음성:0
17:10:22  RSSI원시:-47
17:10:22  RSSI평활:-48.9
17:10:22  RSSI샘플:9826
17:10:22  RSSI경과ms:88
17:10:22  RSSI구간:4
17:10:22  RSSI거리:0.80
17:10:22  상대보정:0
17:10:22  상대보정중:0
17:10:22  보정동쪽:0.00
17:10:22  보정북쪽:0.00
17:10:22  UWB유효:1
17:10:22  UWB원시거리:1.200
17:10:22  UWB보정거리:1.012
17:10:22  UWB접근속도:-0.264
17:10:22  UWB_RSSI:nan
17:10:22  UWB경과ms:95
17:10:22  UWB샘플:7420
17:10:22  UWB실패:165
17:10:22  UWB보정:1
17:10:22  UWB보정중:0
17:10:22  UWB보정샘플:100
17:10:22  UWB보정기준:3.000
17:10:22  UWB오프셋:0.234
17:10:22  UWB위험사용:0
17:10:22  UWB전송:7417
17:10:22  위험송신:0
17:10:22  시각ms:1532475
17:10:22  IMU시각ms:1532474
17:10:22  위험:0
17:10:22  원시위험:0
17:10:22  GPS유효:1
17:10:22  위도:37.495920
17:10:22  경도:126.956126
17:10:22  속도:0.02
17:10:22  방향:290.8
17:10:22  이동방향유효:0
17:10:22  GPS이동방향:290.8
17:10:22  차체방향유효:0
17:10:22  차체방향:0.0
17:10:22  후진판정:0
17:10:22  IMU요회전속도:0.00
17:10:22  방향가속도크기:9.79
17:10:22  방향자이로크기:0.57
17:10:22  방향자세cos:0.9999
17:10:22  자기모델잔차:24.68
17:10:22  자기모델반경:0.918
17:10:22  방향채택:0
17:10:22  방향거부:165393
17:10:22  GPS원시속도:0.021
17:10:22  GPS원시방향유효:1
17:10:22  GPS원시방향:290.8
17:10:22  가속도:-0.50,0.40,9.77
17:10:22  자이로:-0.0,0.1,-0.6
17:10:22  자력계:10.200,4.200,18.750
17:10:22  충격값:0.12
17:10:22  충격피크:0.12
17:10:22  마지막충격발생값:0.00
17:10:22  마지막충격발생ms:0
17:10:22  송신:14583
17:10:22  지팡이수신:9827
17:10:22  GPS위성:9
17:10:22  GPS_HDOP:1.11
17:10:22  원시위도:37.495922
17:10:22  원시경도:126.956123
17:10:22  GPS채택:1517
17:10:22  GPS이상치거부:0
17:10:22  GPS품질거부:0
17:10:22  GPS재기준:0
17:10:22  계산거리:-1.00
17:10:22  접근속도:0.00
17:10:22  TTC:999.00
17:10:22  방향오차:0.0
17:10:22  전방여부:0
17:10:22  위험음성횟수:0
17:10:22  충격음성횟수:0
17:10:22  마지막위험음성:0
17:10:22  RSSI원시:-45
17:10:22  RSSI평활:-48.1
17:10:22  RSSI샘플:9827
17:10:22  RSSI경과ms:8
17:10:22  RSSI구간:4
17:10:22  RSSI거리:0.80
17:10:22  상대보정:0
17:10:22  상대보정중:0
17:10:22  보정동쪽:0.00
17:10:22  보정북쪽:0.00
17:10:22  UWB유효:1
17:10:22  UWB원시거리:1.200
17:10:22  UWB보정거리:1.012
17:10:22  UWB접근속도:-0.264
17:10:22  UWB_RSSI:nan
17:10:22  UWB경과ms:116
17:10:22  UWB샘플:7420
17:10:22  UWB실패:165
17:10:22  UWB보정:1
17:10:22  UWB보정중:0
17:10:22  UWB보정샘플:100
17:10:22  UWB보정기준:3.000
17:10:22  UWB오프셋:0.234
17:10:22  UWB위험사용:0
17:10:22  UWB전송:7417
17:10:22  위험송신:0
17:10:22  시각ms:1532500
17:10:22  IMU시각ms:1532500
17:10:22  위험:0
17:10:22  원시위험:0
17:10:22  GPS유효:1
17:10:22  위도:37.495920
17:10:22  경도:126.956126
17:10:22  속도:0.02
17:10:22  방향:290.8
17:10:22  이동방향유효:0
17:10:22  GPS이동방향:290.8
17:10:22  차체방향유효:0
17:10:22  차체방향:0.0
17:10:22  후진판정:0
17:10:22  IMU요회전속도:0.00
17:10:22  방향가속도크기:9.72
17:10:22  방향자이로크기:2.42
17:10:22  방향자세cos:0.9998
17:10:22  자기모델잔차:23.53
17:10:22  자기모델반경:0.895
17:10:22  방향채택:0
17:10:22  방향거부:165396
17:10:22  GPS원시속도:0.021
17:10:22  GPS원시방향유효:1
17:10:22  GPS원시방향:290.8
17:10:22  가속도:-0.37,0.31,9.71
17:10:22  자이로:-1.3,0.2,-2.0
17:10:22  자력계:9.300,3.300,17.700
17:10:22  충격값:0.06
17:10:22  충격피크:0.12
17:10:22  마지막충격발생값:0.00
17:10:22  마지막충격발생ms:0
17:10:22  송신:14583
17:10:22  지팡이수신:9827
17:10:22  GPS위성:9
17:10:22  GPS_HDOP:1.11
17:10:22  원시위도:37.495922
17:10:22  원시경도:126.956123
17:10:22  GPS채택:1517
17:10:22  GPS이상치거부:0
17:10:22  GPS품질거부:0
17:10:22  GPS재기준:0
17:10:22  계산거리:-1.00
17:10:22  접근속도:0.00
17:10:22  TTC:999.00
17:10:22  방향오차:0.0
17:10:22  전방여부:0
17:10:22  위험음성횟수:0
17:10:22  충격음성횟수:0
17:10:22  마지막위험음성:0
17:10:22  RSSI원시:-45
17:10:22  RSSI평활:-48.1
17:10:22  RSSI샘플:9827
17:10:22  RSSI경과ms:33
17:10:22  RSSI구간:4
17:10:22  RSSI거리:0.80
17:10:22  상대보정:0
17:10:22  상대보정중:0
17:10:22  보정동쪽:0.00
17:10:22  보정북쪽:0.00
17:10:22  UWB유효:1
17:10:22  UWB원시거리:1.200
17:10:22  UWB보정거리:1.012
17:10:22  UWB접근속도:-0.264
17:10:22  UWB_RSSI:nan
17:10:22  UWB경과ms:141
17:10:22  UWB샘플:7420
17:10:22  UWB실패:165
17:10:22  UWB보정:1
17:10:22  UWB보정중:0
17:10:22  UWB보정샘플:100
17:10:22  UWB보정기준:3.000
17:10:22  UWB오프셋:0.234
17:10:22  UWB위험사용:0
17:10:22  UWB전송:7417
17:10:22  위험송신:0
17:10:22  시각ms:1532704
17:10:22  IMU시각ms:1532704
17:10:22  위험:0
17:10:22  원시위험:0
17:10:22  GPS유효:1
17:10:22  위도:37.495921
17:10:22  경도:126.956125
17:10:22  속도:0.01
17:10:22  방향:290.8
17:10:22  이동방향유효:0
17:10:22  GPS이동방향:290.8
17:10:22  차체방향유효:0
17:10:22  차체방향:0.0
17:10:22  후진판정:0
17:10:22  IMU요회전속도:0.00
17:10:22  방향가속도크기:9.63
17:10:22  방향자이로크기:5.14
17:10:22  방향자세cos:0.9999
17:10:22  자기모델잔차:26.50
17:10:22  자기모델반경:0.888
17:10:22  방향채택:0
17:10:22  방향거부:165418
17:10:22  GPS원시속도:0.010
17:10:22  GPS원시방향유효:1
17:10:22  GPS원시방향:290.8
17:10:22  가속도:-0.42,0.33,9.62
17:10:22  자이로:2.1,-3.2,3.4
17:10:22  자력계:8.100,3.300,20.700
17:10:22  충격값:0.10
17:10:22  충격피크:0.16
17:10:22  마지막충격발생값:0.00
17:10:22  마지막충격발생ms:0
17:10:22  송신:14585
17:10:22  지팡이수신:9829
17:10:22  GPS위성:9
17:10:22  GPS_HDOP:1.11
17:10:22  원시위도:37.495922
17:10:22  원시경도:126.956123
17:10:22  GPS채택:1518
17:10:22  GPS이상치거부:0
17:10:22  GPS품질거부:0
17:10:22  GPS재기준:0
17:10:22  계산거리:-1.00
17:10:22  접근속도:0.00
17:10:22  TTC:999.00
17:10:22  방향오차:0.0
17:10:22  전방여부:0
17:10:22  위험음성횟수:0
17:10:22  충격음성횟수:0
17:10:22  마지막위험음성:0
17:10:22  RSSI원시:-50
17:10:22  RSSI평활:-49.1
17:10:22  RSSI샘플:9829
17:10:22  RSSI경과ms:16
17:10:22  RSSI구간:4
17:10:22  RSSI거리:0.80
17:10:22  상대보정:0
17:10:22  상대보정중:0
17:10:22  보정동쪽:0.00
17:10:22  보정북쪽:0.00
17:10:22  UWB유효:1
17:10:22  UWB원시거리:1.330
17:10:22  UWB보정거리:1.107
17:10:22  UWB접근속도:-0.323
17:10:22  UWB_RSSI:nan
17:10:22  UWB경과ms:138
17:10:22  UWB샘플:7421
17:10:22  UWB실패:165
17:10:22  UWB보정:1
17:10:22  UWB보정중:0
17:10:22  UWB보정샘플:100
17:10:22  UWB보정기준:3.000
17:10:22  UWB오프셋:0.234
17:10:22  UWB위험사용:0
17:10:22  UWB전송:7418
17:10:22  위험송신:0
17:10:22  시각ms:1532806
17:10:22  IMU시각ms:1532806
17:10:22  위험:0
17:10:22  원시위험:0
17:10:22  GPS유효:1
17:10:22  위도:37.495921
17:10:22  경도:126.956125
17:10:22  속도:0.01
17:10:22  방향:290.8
17:10:22  이동방향유효:0
17:10:22  GPS이동방향:290.8
17:10:22  차체방향유효:0
17:10:22  차체방향:0.0
17:10:22  후진판정:0
17:10:22  IMU요회전속도:0.00
17:10:22  방향가속도크기:9.76
17:10:22  방향자이로크기:1.80
17:10:22  방향자세cos:0.9998
17:10:22  자기모델잔차:26.60
17:10:22  자기모델반경:0.907
17:10:22  방향채택:0
17:10:22  방향거부:165429
17:10:22  GPS원시속도:0.010
17:10:22  GPS원시방향유효:1
17:10:22  GPS원시방향:290.8
17:10:22  가속도:-0.39,0.31,9.74
17:10:22  자이로:0.4,-0.9,-1.5
17:10:22  자력계:10.050,4.050,20.700
17:10:22  충격값:0.06
17:10:22  충격피크:0.20
17:10:22  마지막충격발생값:0.00
17:10:22  마지막충격발생ms:0
17:10:22  송신:14586
17:10:22  지팡이수신:9829
17:10:22  GPS위성:9
17:10:22  GPS_HDOP:1.11
17:10:22  원시위도:37.495922
17:10:22  원시경도:126.956123
17:10:22  GPS채택:1518
17:10:22  GPS이상치거부:0
17:10:22  GPS품질거부:0
17:10:22  GPS재기준:0
17:10:22  계산거리:-1.00
17:10:22  접근속도:0.00
17:10:22  TTC:999.00
17:10:22  방향오차:0.0
17:10:22  전방여부:0
17:10:22  위험음성횟수:0
17:10:22  충격음성횟수:0
17:10:22  마지막위험음성:0
17:10:22  RSSI원시:-50
17:10:22  RSSI평활:-49.1
17:10:22  RSSI샘플:9829
17:10:22  RSSI경과ms:118
17:10:22  RSSI구간:4
17:10:22  RSSI거리:0.80
17:10:22  상대보정:0
17:10:22  상대보정중:0
17:10:22  보정동쪽:0.00
17:10:22  보정북쪽:0.00
17:10:22  UWB유효:1
17:10:22  UWB원시거리:1.560
17:10:22  UWB보정거리:1.222
17:10:22  UWB접근속도:-0.394
17:10:22  UWB_RSSI:nan
17:10:22  UWB경과ms:35
17:10:22  UWB샘플:7422
17:10:22  UWB실패:165
17:10:22  UWB보정:1
17:10:22  UWB보정중:0
17:10:22  UWB보정샘플:100
17:10:22  UWB보정기준:3.000
17:10:22  UWB오프셋:0.234
17:10:22  UWB위험사용:0
17:10:22  UWB전송:7419
17:10:22  위험송신:0
17:10:22  시각ms:1532846
17:10:22  IMU시각ms:1532846
17:10:22  위험:0
17:10:22  원시위험:0
17:10:22  GPS유효:1
17:10:22  위도:37.495921
17:10:22  경도:126.956125
17:10:22  속도:0.01
17:10:22  방향:290.8
17:10:22  이동방향유효:0
17:10:22  GPS이동방향:290.8
17:10:22  차체방향유효:0
17:10:22  차체방향:0.0
17:10:22  후진판정:0
17:10:22  IMU요회전속도:0.00
17:10:22  방향가속도크기:9.68
17:10:22  방향자이로크기:2.52
17:10:22  방향자세cos:1.0000
17:10:22  자기모델잔차:26.82
17:10:22  자기모델반경:0.970
17:10:22  방향채택:0
17:10:22  방향거부:165433
17:10:22  GPS원시속도:0.010
17:10:22  GPS원시방향유효:1
17:10:22  GPS원시방향:290.8
17:10:22  가속도:-0.44,0.48,9.66
17:10:22  자이로:0.2,-2.1,-1.3
17:10:22  자력계:8.850,6.000,20.700
17:10:22  충격값:0.14
17:10:22  충격피크:0.14
17:10:22  마지막충격발생값:0.00
17:10:22  마지막충격발생ms:0
17:10:22  송신:14586
17:10:22  지팡이수신:9830
17:10:22  GPS위성:9
17:10:22  GPS_HDOP:1.11
17:10:22  원시위도:37.495922
17:10:22  원시경도:126.956123
17:10:22  GPS채택:1518
17:10:22  GPS이상치거부:0
17:10:22  GPS품질거부:0
17:10:22  GPS재기준:0
17:10:22  계산거리:-1.00
17:10:22  접근속도:0.00
17:10:22  TTC:999.00
17:10:22  방향오차:0.0
17:10:22  전방여부:0
17:10:22  위험음성횟수:0
17:10:22  충격음성횟수:0
17:10:22  마지막위험음성:0
17:10:22  RSSI원시:-45
17:10:22  RSSI평활:-48.3
17:10:22  RSSI샘플:9830
17:10:22  RSSI경과ms:21
17:10:22  RSSI구간:4
17:10:22  RSSI거리:0.80
17:10:22  상대보정:0
17:10:22  상대보정중:0
17:10:22  보정동쪽:0.00
17:10:22  보정북쪽:0.00
17:10:22  UWB유효:1
17:10:22  UWB원시거리:1.560
17:10:22  UWB보정거리:1.222
17:10:22  UWB접근속도:-0.394
17:10:22  UWB_RSSI:nan
17:10:22  UWB경과ms:75
17:10:22  UWB샘플:7422
17:10:22  UWB실패:165
17:10:22  UWB보정:1
17:10:22  UWB보정중:0
17:10:22  UWB보정샘플:100
17:10:22  UWB보정기준:3.000
17:10:22  UWB오프셋:0.234
17:10:22  UWB위험사용:0
17:10:22  UWB전송:7419
17:10:22  위험송신:0
17:10:22  시각ms:1532874
17:10:22  IMU시각ms:1532873
17:10:22  위험:0
17:10:22  원시위험:0
17:10:22  GPS유효:1
17:10:22  위도:37.495921
17:10:22  경도:126.956125
17:10:22  속도:0.01
17:10:22  방향:290.8
17:10:22  이동방향유효:0
17:10:22  GPS이동방향:290.8
17:10:22  차체방향유효:0
17:10:22  차체방향:0.0
17:10:22  후진판정:0
17:10:22  IMU요회전속도:0.00
17:10:22  방향가속도크기:9.76
17:10:22  방향자이로크기:1.15
17:10:22  방향자세cos:0.9999
17:10:22  자기모델잔차:24.41
17:10:22  자기모델반경:0.930
17:10:22  방향채택:0
17:10:22  방향거부:165436
17:10:22  GPS원시속도:0.010
17:10:22  GPS원시방향유효:1
17:10:22  GPS원시방향:290.8
17:10:22  가속도:-0.48,0.34,9.74
17:10:22  자이로:0.4,0.9,-0.6
17:10:22  자력계:9.300,4.500,18.450
17:10:22  충격값:0.09
17:10:22  충격피크:0.09
17:10:22  마지막충격발생값:0.00
17:10:22  마지막충격발생ms:0
17:10:22  송신:14587
17:10:22  지팡이수신:9830
17:10:22  GPS위성:9
17:10:22  GPS_HDOP:1.11
17:10:22  원시위도:37.495922
17:10:22  원시경도:126.956123
17:10:22  GPS채택:1518
17:10:22  GPS이상치거부:0
17:10:22  GPS품질거부:0
17:10:22  GPS재기준:0
17:10:22  계산거리:-1.00
17:10:22  접근속도:0.00
17:10:22  TTC:999.00
17:10:22  방향오차:0.0
17:10:22  전방여부:0
17:10:22  위험음성횟수:0
17:10:22  충격음성횟수:0
17:10:22  마지막위험음성:0
17:10:22  RSSI원시:-45
17:10:22  RSSI평활:-48.3
17:10:22  RSSI샘플:9830
17:10:22  RSSI경과ms:49
17:10:22  RSSI구간:4
17:10:22  RSSI거리:0.80
17:10:22  상대보정:0
17:10:22  상대보정중:0
17:10:22  보정동쪽:0.00
17:10:22  보정북쪽:0.00
17:10:22  UWB유효:1
17:10:22  UWB원시거리:1.560
17:10:22  UWB보정거리:1.222
17:10:22  UWB접근속도:-0.394
17:10:22  UWB_RSSI:nan
17:10:22  UWB경과ms:103
17:10:22  UWB샘플:7422
17:10:22  UWB실패:165
17:10:22  UWB보정:1
17:10:22  UWB보정중:0
17:10:22  UWB보정샘플:100
17:10:22  UWB보정기준:3.000
17:10:22  UWB오프셋:0.234
17:10:22  UWB위험사용:0
17:10:22  UWB전송:7419
17:10:22  위험송신:0
17:10:22  시각ms:1532945
17:10:22  IMU시각ms:1532945
17:10:22  위험:0
17:10:22  원시위험:0
17:10:22  GPS유효:1
17:10:22  위도:37.495921
17:10:22  경도:126.956125
17:10:22  속도:0.01
17:10:22  방향:290.8
17:10:22  이동방향유효:0
17:10:22  GPS이동방향:290.8
17:10:22  차체방향유효:0
17:10:22  차체방향:0.0
17:10:22  후진판정:0
17:10:22  IMU요회전속도:0.00
17:10:22  방향가속도크기:9.67
17:10:22  방향자이로크기:2.33
17:10:22  방향자세cos:0.9997
17:10:22  자기모델잔차:24.41
17:10:22  자기모델반경:0.930
17:10:22  방향채택:0
17:10:22  방향거부:165443
17:10:22  GPS원시속도:0.010
17:10:22  GPS원시방향유효:1
17:10:22  GPS원시방향:290.8
17:10:22  가속도:-0.35,0.27,9.66
17:10:22  자이로:-0.4,-2.2,-0.6
17:10:22  자력계:9.300,4.500,18.450
17:10:22  충격값:0.10
17:10:22  충격피크:0.11
17:10:22  마지막충격발생값:0.00
17:10:22  마지막충격발생ms:0
17:10:22  송신:14587
17:10:22  지팡이수신:9831
17:10:22  GPS위성:9
17:10:22  GPS_HDOP:1.11
17:10:22  원시위도:37.495922
17:10:22  원시경도:126.956123
17:10:22  GPS채택:1518
17:10:22  GPS이상치거부:0
17:10:22  GPS품질거부:0
17:10:22  GPS재기준:0
17:10:22  계산거리:-1.00
17:10:22  접근속도:0.00
17:10:22  TTC:999.00
17:10:22  방향오차:0.0
17:10:22  전방여부:0
17:10:22  위험음성횟수:0
17:10:22  충격음성횟수:0
17:10:22  마지막위험음성:0
17:10:22  RSSI원시:-50
17:10:22  RSSI평활:-48.6
17:10:22  RSSI샘플:9831
17:10:22  RSSI경과ms:57
17:10:22  RSSI구간:4
17:10:22  RSSI거리:0.80
17:10:22  상대보정:0
17:10:22  상대보정중:0
17:10:22  보정동쪽:0.00
17:10:22  보정북쪽:0.00
17:10:22  UWB유효:1
17:10:22  UWB원시거리:1.560
17:10:22  UWB보정거리:1.222
17:10:22  UWB접근속도:-0.394
17:10:22  UWB_RSSI:nan
17:10:22  UWB경과ms:174
17:10:22  UWB샘플:7422
17:10:22  UWB실패:165
17:10:22  UWB보정:1
17:10:22  UWB보정중:0
17:10:22  UWB보정샘플:100
17:10:22  UWB보정기준:3.000
17:10:22  UWB오프셋:0.234
17:10:22  UWB위험사용:0
17:10:22  UWB전송:7419
17:10:22  위험송신:0
17:10:22  시각ms:1532968
17:10:22  IMU시각ms:1532968
17:10:22  위험:0
17:10:22  원시위험:0
17:10:22  GPS유효:1
17:10:22  위도:37.495921
17:10:22  경도:126.956125
17:10:22  속도:0.01
17:10:22  방향:290.8
17:10:22  이동방향유효:0
17:10:22  GPS이동방향:290.8
17:10:22  차체방향유효:0
17:10:22  차체방향:0.0
17:10:22  후진판정:0
17:10:22  IMU요회전속도:0.00
17:10:22  방향가속도크기:9.64
17:10:22  방향자이로크기:1.75
17:10:22  방향자세cos:0.9998
17:10:22  자기모델잔차:25.24
17:10:22  자기모델반경:0.951
17:10:22  방향채택:0
17:10:22  방향거부:165445
17:10:22  GPS원시속도:0.010
17:10:22  GPS원시방향유효:1
17:10:22  GPS원시방향:290.8
17:10:22  가속도:-0.38,0.32,9.62
17:10:22  자이로:-0.8,1.5,-0.5
17:10:22  자력계:9.600,5.250,19.200
17:10:22  충격값:0.09
17:10:22  충격피크:0.09
17:10:22  마지막충격발생값:0.00
17:10:22  마지막충격발생ms:0
17:10:22  송신:14587
17:10:22  지팡이수신:9831
17:10:22  GPS위성:9
17:10:22  GPS_HDOP:1.11
17:10:22  원시위도:37.495922
17:10:22  원시경도:126.956123
17:10:22  GPS채택:1518
17:10:22  GPS이상치거부:0
17:10:22  GPS품질거부:0
17:10:22  GPS재기준:0
17:10:22  계산거리:-1.00
17:10:22  접근속도:0.00
17:10:22  TTC:999.00
17:10:22  방향오차:0.0
17:10:22  전방여부:0
17:10:22  위험음성횟수:0
17:10:22  충격음성횟수:0
17:10:22  마지막위험음성:0
17:10:22  RSSI원시:-50
17:10:22  RSSI평활:-48.6
17:10:22  RSSI샘플:9831
17:10:22  RSSI경과ms:80
17:10:22  RSSI구간:4
17:10:22  RSSI거리:0.80
17:10:22  상대보정:0
17:10:22  상대보정중:0
17:10:22  보정동쪽:0.00
17:10:22  보정북쪽:0.00
17:10:22  UWB유효:1
17:10:22  UWB원시거리:1.720
17:10:22  UWB보정거리:1.342
17:10:22  UWB접근속도:-0.467
17:10:22  UWB_RSSI:nan
17:10:22  UWB경과ms:9
17:10:22  UWB샘플:7423
17:10:22  UWB실패:165
17:10:22  UWB보정:1
17:10:22  UWB보정중:0
17:10:22  UWB보정샘플:100
17:10:22  UWB보정기준:3.000
17:10:22  UWB오프셋:0.234
17:10:22  UWB위험사용:0
17:10:22  UWB전송:7420
17:10:22  위험송신:0
17:10:22  시각ms:1532996
17:10:22  IMU시각ms:1532995
17:10:22  위험:0
17:10:22  원시위험:0
17:10:22  GPS유효:1
17:10:22  위도:37.495921
17:10:22  경도:126.956125
17:10:22  속도:0.01
17:10:22  방향:290.8
17:10:22  이동방향유효:0
17:10:22  GPS이동방향:290.8
17:10:22  차체방향유효:0
17:10:22  차체방향:0.0
17:10:22  후진판정:0
17:10:22  IMU요회전속도:0.00
17:10:22  방향가속도크기:9.80
17:10:22  방향자이로크기:1.38
17:10:22  방향자세cos:0.9999
17:10:22  자기모델잔차:25.40
17:10:22  자기모델반경:0.924
17:10:22  방향채택:0
17:10:22  방향거부:165448
17:10:22  GPS원시속도:0.010
17:10:22  GPS원시방향유효:1
17:10:22  GPS원시방향:290.8
17:10:22  가속도:-0.47,0.36,9.78
17:10:22  자이로:1.0,-0.1,-1.0
17:10:22  자력계:7.200,4.200,19.500
17:10:22  충격값:0.10
17:10:22  충격피크:0.10
17:10:22  마지막충격발생값:0.00
17:10:22  마지막충격발생ms:0
17:10:22  송신:14588
17:10:22  지팡이수신:9832
17:10:22  GPS위성:9
17:10:22  GPS_HDOP:1.11
17:10:22  원시위도:37.495922
17:10:22  원시경도:126.956123
17:10:22  GPS채택:1518
17:10:22  GPS이상치거부:0
17:10:22  GPS품질거부:0
17:10:22  GPS재기준:0
17:10:22  계산거리:-1.00
17:10:22  접근속도:0.00
17:10:22  TTC:999.00
17:10:22  방향오차:0.0
17:10:22  전방여부:0
17:10:22  위험음성횟수:0
17:10:22  충격음성횟수:0
17:10:22  마지막위험음성:0
17:10:22  RSSI원시:-48
17:10:22  RSSI평활:-48.5
17:10:22  RSSI샘플:9832
17:10:22  RSSI경과ms:3
17:10:22  RSSI구간:4
17:10:22  RSSI거리:0.80
17:10:22  상대보정:0
17:10:22  상대보정중:0
17:10:22  보정동쪽:0.00
17:10:22  보정북쪽:0.00
17:10:22  UWB유효:1
17:10:22  UWB원시거리:1.720
17:10:22  UWB보정거리:1.342
17:10:22  UWB접근속도:-0.467
17:10:22  UWB_RSSI:nan
17:10:22  UWB경과ms:37
17:10:22  UWB샘플:7423
17:10:22  UWB실패:165
17:10:22  UWB보정:1
17:10:22  UWB보정중:0
17:10:22  UWB보정샘플:100
17:10:22  UWB보정기준:3.000
17:10:22  UWB오프셋:0.234
17:10:22  UWB위험사용:0
17:10:22  UWB전송:7420
17:10:22  위험송신:0
17:10:22  시각ms:1533021
17:10:22  IMU시각ms:1533021
17:10:22  위험:0
17:10:22  원시위험:0
17:10:22  GPS유효:1
17:10:22  위도:37.495921
17:10:22  경도:126.956125
17:10:22  속도:0.01
17:10:22  방향:290.8
17:10:22  이동방향유효:0
17:10:22  GPS이동방향:290.8
17:10:22  차체방향유효:0
17:10:22  차체방향:0.0
17:10:22  후진판정:0
17:10:22  IMU요회전속도:0.00
17:10:22  방향가속도크기:9.74
17:10:22  방향자이로크기:3.94
17:10:22  방향자세cos:0.9998
17:10:22  자기모델잔차:24.19
17:10:22  자기모델반경:0.912
17:10:22  방향채택:0
17:10:22  방향거부:165451
17:10:22  GPS원시속도:0.010
17:10:22  GPS원시방향유효:1
17:10:22  GPS원시방향:290.8
17:10:22  가속도:-0.34,0.34,9.73
17:10:22  자이로:-0.6,-1.2,-3.7
17:10:22  자력계:9.450,3.900,18.300
17:10:22  충격값:0.06
17:10:22  충격피크:0.14
17:10:22  마지막충격발생값:0.00
17:10:22  마지막충격발생ms:0
17:10:22  송신:14588
17:10:22  지팡이수신:9832
17:10:22  GPS위성:9
17:10:22  GPS_HDOP:1.11
17:10:22  원시위도:37.495922
17:10:22  원시경도:126.956123
17:10:22  GPS채택:1518
17:10:22  GPS이상치거부:0
17:10:22  GPS품질거부:0
17:10:22  GPS재기준:0
17:10:22  계산거리:-1.00
17:10:22  접근속도:0.00
17:10:22  TTC:999.00
17:10:22  방향오차:0.0
17:10:22  전방여부:0
17:10:22  위험음성횟수:0
17:10:22  충격음성횟수:0
17:10:22  마지막위험음성:0
17:10:22  RSSI원시:-48
17:10:22  RSSI평활:-48.5
17:10:22  RSSI샘플:9832
17:10:22  RSSI경과ms:28
17:10:22  RSSI구간:4
17:10:22  RSSI거리:0.80
17:10:22  상대보정:0
17:10:22  상대보정중:0
17:10:22  보정동쪽:0.00
17:10:22  보정북쪽:0.00
17:10:22  UWB유효:1
17:10:22  UWB원시거리:1.720
17:10:22  UWB보정거리:1.342
17:10:22  UWB접근속도:-0.467
17:10:22  UWB_RSSI:nan
17:10:22  UWB경과ms:62
17:10:22  UWB샘플:7423
17:10:22  UWB실패:165
17:10:22  UWB보정:1
17:10:22  UWB보정중:0
17:10:22  UWB보정샘플:100
17:10:22  UWB보정기준:3.000
17:10:22  UWB오프셋:0.234
17:10:22  UWB위험사용:0
17:10:22  UWB전송:7420
17:10:22  위험송신:0
17:10:22  시각ms:1533047
17:10:22  IMU시각ms:1533047
17:10:22  위험:0
17:10:22  원시위험:0
17:10:22  GPS유효:1
17:10:22  위도:37.495921
17:10:22  경도:126.956125
17:10:22  속도:0.01
17:10:22  방향:290.8
17:10:22  이동방향유효:0
17:10:22  GPS이동방향:290.8
17:10:22  차체방향유효:0
17:10:22  차체방향:0.0
17:10:22  후진판정:0
17:10:22  IMU요회전속도:0.00
17:10:22  방향가속도크기:9.69
17:10:22  방향자이로크기:1.10
17:10:22  방향자세cos:0.9999
17:10:22  자기모델잔차:26.13
17:10:22  자기모델반경:0.984
17:10:22  방향채택:0
17:10:22  방향거부:165454
17:10:22  GPS원시속도:0.010
17:10:22  GPS원시방향유효:1
17:10:22  GPS원시방향:290.8
17:10:22  가속도:-0.34,0.36,9.68
17:10:22  자이로:-0.9,-0.1,-0.6
17:10:22  자력계:10.500,6.450,19.950
17:10:22  충격값:0.06
17:10:22  충격피크:0.09
17:10:22  마지막충격발생값:0.00
17:10:22  마지막충격발생ms:0
17:10:22  송신:14588
17:10:22  지팡이수신:9832
17:10:22  GPS위성:9
17:10:22  GPS_HDOP:1.11
17:10:22  원시위도:37.495922
17:10:22  원시경도:126.956123
17:10:22  GPS채택:1518
17:10:22  GPS이상치거부:0
17:10:22  GPS품질거부:0
17:10:22  GPS재기준:0
17:10:22  계산거리:-1.00
17:10:22  접근속도:0.00
17:10:22  TTC:999.00
17:10:22  방향오차:0.0
17:10:22  전방여부:0
17:10:22  위험음성횟수:0
17:10:22  충격음성횟수:0
17:10:22  마지막위험음성:0
17:10:22  RSSI원시:-48
17:10:22  RSSI평활:-48.5
17:10:22  RSSI샘플:9832
17:10:22  RSSI경과ms:54
17:10:22  RSSI구간:4
17:10:22  RSSI거리:0.80
17:10:22  상대보정:0
17:10:22  상대보정중:0
17:10:22  보정동쪽:0.00
17:10:22  보정북쪽:0.00
17:10:22  UWB유효:1
17:10:22  UWB원시거리:1.720
17:10:22  UWB보정거리:1.342
17:10:22  UWB접근속도:-0.467
17:10:22  UWB_RSSI:nan
17:10:22  UWB경과ms:88
17:10:22  UWB샘플:7423
17:10:22  UWB실패:165
17:10:22  UWB보정:1
17:10:22  UWB보정중:0
17:10:22  UWB보정샘플:100
17:10:22  UWB보정기준:3.000
17:10:22  UWB오프셋:0.234
17:10:22  UWB위험사용:0
17:10:22  UWB전송:7420
17:10:22  위험송신:0
17:10:22  시각ms:1533074
17:10:22  IMU시각ms:1533074
17:10:22  위험:0
17:10:22  원시위험:0
17:10:22  GPS유효:1
17:10:22  위도:37.495921
17:10:22  경도:126.956125
17:10:22  속도:0.01
17:10:22  방향:290.8
17:10:22  이동방향유효:0
17:10:22  GPS이동방향:290.8
17:10:22  차체방향유효:0
17:10:22  차체방향:0.0
17:10:22  후진판정:0
17:10:22  IMU요회전속도:0.00
17:10:22  방향가속도크기:9.72
17:10:22  방향자이로크기:2.69
17:10:22  방향자세cos:0.9999
17:10:22  자기모델잔차:25.55
17:10:22  자기모델반경:0.913
17:10:22  방향채택:0
17:10:22  방향거부:165457
17:10:22  GPS원시속도:0.010
17:10:22  GPS원시방향유효:1
17:10:22  GPS원시방향:290.8
17:10:22  가속도:-0.40,0.37,9.70
17:10:22  자이로:2.6,0.3,-0.4
17:10:22  자력계:8.850,4.050,19.650
17:10:22  충격값:0.02
17:10:22  충격피크:0.09
17:10:22  마지막충격발생값:0.00
17:10:22  마지막충격발생ms:0
17:10:22  송신:14588
17:10:22  지팡이수신:9832
17:10:22  GPS위성:9
17:10:22  GPS_HDOP:1.11
17:10:22  원시위도:37.495922
17:10:22  원시경도:126.956123
17:10:22  GPS채택:1518
17:10:22  GPS이상치거부:0
17:10:22  GPS품질거부:0
17:10:22  GPS재기준:0
17:10:22  계산거리:-1.00
17:10:22  접근속도:0.00
17:10:22  TTC:999.00
17:10:22  방향오차:0.0
17:10:22  전방여부:0
17:10:22  위험음성횟수:0
17:10:22  충격음성횟수:0
17:10:22  마지막위험음성:0
17:10:22  RSSI원시:-48
17:10:22  RSSI평활:-48.5
17:10:22  RSSI샘플:9832
17:10:22  RSSI경과ms:81
17:10:22  RSSI구간:4
17:10:22  RSSI거리:0.80
17:10:22  상대보정:0
17:10:22  상대보정중:0
17:10:22  보정동쪽:0.00
17:10:22  보정북쪽:0.00
17:10:22  UWB유효:1
17:10:22  UWB원시거리:1.720
17:10:22  UWB보정거리:1.342
17:10:22  UWB접근속도:-0.467
17:10:22  UWB_RSSI:nan
17:10:22  UWB경과ms:115
17:10:22  UWB샘플:7423
17:10:22  UWB실패:165
17:10:22  UWB보정:1
17:10:22  UWB보정중:0
17:10:22  UWB보정샘플:100
17:10:22  UWB보정기준:3.000
17:10:22  UWB오프셋:0.234
17:10:22  UWB위험사용:0
17:10:22  UWB전송:7420
17:10:22  위험송신:0
17:10:22  시각ms:1533095
17:10:22  IMU시각ms:1533095
17:10:22  위험:0
17:10:22  원시위험:0
17:10:22  GPS유효:1
17:10:22  위도:37.495921
17:10:22  경도:126.956125
17:10:22  속도:0.01
17:10:22  방향:290.8
17:10:22  이동방향유효:0
17:10:22  GPS이동방향:290.8
17:10:22  차체방향유효:0
17:10:22  차체방향:0.0
17:10:22  후진판정:0
17:10:22  IMU요회전속도:0.00
17:10:22  방향가속도크기:9.68
17:10:22  방향자이로크기:1.88
17:10:22  방향자세cos:0.9999
17:10:22  자기모델잔차:24.14
17:10:22  자기모델반경:0.898
17:10:22  방향채택:0
17:10:22  방향거부:165459
17:10:22  GPS원시속도:0.010
17:10:22  GPS원시방향유효:1
17:10:22  GPS원시방향:290.8
17:10:22  가속도:-0.39,0.34,9.67
17:10:22  자이로:-0.4,-0.8,1.6
17:10:22  자력계:9.150,3.450,18.300
17:10:22  충격값:0.05
17:10:22  충격피크:0.08
17:10:22  마지막충격발생값:0.00
17:10:22  마지막충격발생ms:0
17:10:22  송신:14589
17:10:22  지팡이수신:9832
17:10:22  GPS위성:9
17:10:22  GPS_HDOP:1.11
17:10:22  원시위도:37.495922
17:10:22  원시경도:126.956123
17:10:22  GPS채택:1518
17:10:22  GPS이상치거부:0
17:10:22  GPS품질거부:0
17:10:22  GPS재기준:0
17:10:22  계산거리:-1.00
17:10:22  접근속도:0.00
17:10:22  TTC:999.00
17:10:22  방향오차:0.0
17:10:22  전방여부:0
17:10:22  위험음성횟수:0
17:10:22  충격음성횟수:0
17:10:22  마지막위험음성:0
17:10:22  RSSI원시:-48
17:10:22  RSSI평활:-48.5
17:10:22  RSSI샘플:9832
17:10:22  RSSI경과ms:102
17:10:22  RSSI구간:4
17:10:22  RSSI거리:0.80
17:10:22  상대보정:0
17:10:22  상대보정중:0
17:10:22  보정동쪽:0.00
17:10:22  보정북쪽:0.00
17:10:22  UWB유효:1
17:10:22  UWB원시거리:1.720
17:10:22  UWB보정거리:1.342
17:10:22  UWB접근속도:-0.467
17:10:22  UWB_RSSI:nan
17:10:22  UWB경과ms:136
17:10:22  UWB샘플:7423
17:10:22  UWB실패:165
17:10:22  UWB보정:1
17:10:22  UWB보정중:0
17:10:22  UWB보정샘플:100
17:10:22  UWB보정기준:3.000
17:10:22  UWB오프셋:0.234
17:10:22  UWB위험사용:0
17:10:22  UWB전송:7420
17:10:22  위험송신:0
17:10:22  시각ms:1533146
17:10:22  IMU시각ms:1533122
17:10:22  위험:0
17:10:22  원시위험:0
17:10:22  GPS유효:1
17:10:22  위도:37.495921
17:10:22  경도:126.956125
17:10:22  속도:0.01
17:10:22  방향:290.8
17:10:22  이동방향유효:0
17:10:22  GPS이동방향:290.8
17:10:22  차체방향유효:0
17:10:22  차체방향:0.0
17:10:22  후진판정:0
17:10:22  IMU요회전속도:0.00
17:10:22  방향가속도크기:9.69
17:10:22  방향자이로크기:2.37
17:10:22  방향자세cos:1.0000
17:10:22  자기모델잔차:26.56
17:10:22  자기모델반경:0.945
17:10:22  방향채택:0
17:10:22  방향거부:165462
17:10:22  GPS원시속도:0.010
17:10:22  GPS원시방향유효:1
17:10:22  GPS원시방향:290.8
17:10:22  가속도:-0.41,0.52,9.66
17:10:22  자이로:-0.4,-2.3,0.1
17:10:22  자력계:7.950,5.100,20.550
17:10:22  충격값:0.16
17:10:22  충격피크:0.16
17:10:22  마지막충격발생값:0.00
17:10:22  마지막충격발생ms:0
17:10:22  송신:14589
17:10:22  지팡이수신:9833
17:10:22  GPS위성:9
17:10:22  GPS_HDOP:1.11
17:10:22  원시위도:37.495922
17:10:22  원시경도:126.956123
17:10:22  GPS채택:1518
17:10:22  GPS이상치거부:0
17:10:22  GPS품질거부:0
17:10:22  GPS재기준:0
17:10:22  계산거리:-1.00
17:10:22  접근속도:0.00
17:10:22  TTC:999.00
17:10:22  방향오차:0.0
17:10:22  전방여부:0
17:10:22  위험음성횟수:0
17:10:22  충격음성횟수:0
17:10:22  마지막위험음성:0
17:10:22  RSSI원시:-47
17:10:22  RSSI평활:-48.2
17:10:22  RSSI샘플:9833
17:10:22  RSSI경과ms:30
17:10:22  RSSI구간:4
17:10:22  RSSI거리:0.80
17:10:22  상대보정:0
17:10:22  상대보정중:0
17:10:22  보정동쪽:0.00
17:10:22  보정북쪽:0.00
17:10:22  UWB유효:1
17:10:22  UWB원시거리:1.720
17:10:22  UWB보정거리:1.342
17:10:22  UWB접근속도:-0.467
17:10:22  UWB_RSSI:nan
17:10:22  UWB경과ms:187
17:10:22  UWB샘플:7423
17:10:22  UWB실패:165
17:10:22  UWB보정:1
17:10:22  UWB보정중:0
17:10:22  UWB보정샘플:100
17:10:22  UWB보정기준:3.000
17:10:22  UWB오프셋:0.234
17:10:22  UWB위험사용:0
17:10:22  UWB전송:7420
17:10:22  위험송신:0
17:10:22  시각ms:1533170
17:10:22  IMU시각ms:1533170
17:10:22  위험:0
17:10:22  원시위험:0
17:10:22  GPS유효:1
17:10:22  위도:37.495921
17:10:22  경도:126.956125
17:10:22  속도:0.01
17:10:22  방향:290.8
17:10:22  이동방향유효:0
17:10:22  GPS이동방향:290.8
17:10:22  차체방향유효:0
17:10:22  차체방향:0.0
17:10:22  후진판정:0
17:10:22  IMU요회전속도:0.00
17:10:22  방향가속도크기:9.67
17:10:22  방향자이로크기:1.90
17:10:22  방향자세cos:1.0000
17:10:22  자기모델잔차:25.48
17:10:22  자기모델반경:0.930
17:10:22  방향채택:0
17:10:22  방향거부:165464
17:10:22  GPS원시속도:0.010
17:10:22  GPS원시방향유효:1
17:10:22  GPS원시방향:290.8
17:10:22  가속도:-0.43,0.38,9.65
17:10:22  자이로:1.8,0.1,-0.5
17:10:22  자력계:9.900,4.650,19.500
17:10:22  충격값:0.07
17:10:22  충격피크:0.07
17:10:22  마지막충격발생값:0.00
17:10:22  마지막충격발생ms:0
17:10:22  송신:14589
17:10:22  지팡이수신:9833
17:10:22  GPS위성:9
17:10:22  GPS_HDOP:1.11
17:10:22  원시위도:37.495922
17:10:22  원시경도:126.956123
17:10:22  GPS채택:1518
17:10:22  GPS이상치거부:0
17:10:22  GPS품질거부:0
17:10:22  GPS재기준:0
17:10:22  계산거리:-1.00
17:10:22  접근속도:0.00
17:10:22  TTC:999.00
17:10:22  방향오차:0.0
17:10:22  전방여부:0
17:10:22  위험음성횟수:0
17:10:22  충격음성횟수:0
17:10:22  마지막위험음성:0
17:10:22  RSSI원시:-47
17:10:22  RSSI평활:-48.2
17:10:22  RSSI샘플:9833
17:10:22  RSSI경과ms:54
17:10:22  RSSI구간:4
17:10:22  RSSI거리:0.80
17:10:22  상대보정:0
17:10:22  상대보정중:0
17:10:22  보정동쪽:0.00
17:10:22  보정북쪽:0.00
17:10:22  UWB유효:1
17:10:22  UWB원시거리:1.890
17:10:22  UWB보정거리:1.500
17:10:22  UWB접근속도:-0.562
17:10:22  UWB_RSSI:nan
17:10:22  UWB경과ms:9
17:10:22  UWB샘플:7424
17:10:22  UWB실패:165
17:10:22  UWB보정:1
17:10:22  UWB보정중:0
17:10:22  UWB보정샘플:100
17:10:22  UWB보정기준:3.000
17:10:22  UWB오프셋:0.234
17:10:22  UWB위험사용:0
17:10:22  UWB전송:7421
17:10:22  위험송신:0
17:10:22  시각ms:1533198
17:10:22  IMU시각ms:1533198
17:10:22  위험:0
17:10:22  원시위험:0
17:10:22  GPS유효:1
17:10:22  위도:37.495921
17:10:22  경도:126.956125
17:10:22  속도:0.01
17:10:22  방향:290.8
17:10:22  이동방향유효:0
17:10:22  GPS이동방향:290.8
17:10:22  차체방향유효:0
17:10:22  차체방향:0.0
17:10:22  후진판정:0
17:10:22  IMU요회전속도:0.00
17:10:22  방향가속도크기:9.65
17:10:22  방향자이로크기:2.56
17:10:22  방향자세cos:0.9999
17:10:22  자기모델잔차:25.30
17:10:22  자기모델반경:0.884
17:10:22  방향채택:0
17:10:22  방향거부:165467
17:10:22  GPS원시속도:0.010
17:10:22  GPS원시방향유효:1
17:10:22  GPS원시방향:290.8
17:10:22  가속도:-0.36,0.34,9.64
17:10:22  자이로:0.2,2.4,-0.8
17:10:22  자력계:9.450,3.150,19.500
17:10:22  충격값:0.08
17:10:22  충격피크:0.13
17:10:22  마지막충격발생값:0.00
17:10:22  마지막충격발생ms:0
17:10:22  송신:14590
17:10:22  지팡이수신:9833
17:10:22  GPS위성:9
17:10:22  GPS_HDOP:1.11
17:10:22  원시위도:37.495922
17:10:22  원시경도:126.956123
17:10:22  GPS채택:1518
17:10:22  GPS이상치거부:0
17:10:22  GPS품질거부:0
17:10:22  GPS재기준:0
17:10:22  계산거리:-1.00
17:10:22  접근속도:0.00
17:10:22  TTC:999.00
17:10:22  방향오차:0.0
17:10:22  전방여부:0
17:10:22  위험음성횟수:0
17:10:22  충격음성횟수:0
17:10:22  마지막위험음성:0
17:10:22  RSSI원시:-47
17:10:22  RSSI평활:-48.2
17:10:22  RSSI샘플:9833
17:10:22  RSSI경과ms:82
17:10:22  RSSI구간:4
17:10:22  RSSI거리:0.80
17:10:22  상대보정:0
17:10:22  상대보정중:0
17:10:22  보정동쪽:0.00
17:10:22  보정북쪽:0.00
17:10:22  UWB유효:1
17:10:22  UWB원시거리:1.890
17:10:22  UWB보정거리:1.500
17:10:22  UWB접근속도:-0.562
17:10:22  UWB_RSSI:nan
17:10:22  UWB경과ms:37
17:10:22  UWB샘플:7424
17:10:22  UWB실패:165
17:10:22  UWB보정:1
17:10:22  UWB보정중:0
17:10:22  UWB보정샘플:100
17:10:22  UWB보정기준:3.000
17:10:22  UWB오프셋:0.234
17:10:22  UWB위험사용:0
17:10:22  UWB전송:7421
17:10:22  위험송신:0
17:10:23  시각ms:1533297
17:10:23  IMU시각ms:1533296
17:10:23  위험:0
17:10:23  원시위험:0
17:10:23  GPS유효:1
17:10:23  위도:37.495921
17:10:23  경도:126.956125
17:10:23  속도:0.01
17:10:23  방향:290.8
17:10:23  이동방향유효:0
17:10:23  GPS이동방향:290.8
17:10:23  차체방향유효:0
17:10:23  차체방향:0.0
17:10:23  후진판정:0
17:10:23  IMU요회전속도:0.00
17:10:23  방향가속도크기:9.72
17:10:23  방향자이로크기:1.60
17:10:23  방향자세cos:0.9999
17:10:23  자기모델잔차:27.09
17:10:23  자기모델반경:0.969
17:10:23  방향채택:0
17:10:23  방향거부:165478
17:10:23  GPS원시속도:0.010
17:10:23  GPS원시방향유효:1
17:10:23  GPS원시방향:290.8
17:10:23  가속도:-0.34,0.37,9.71
17:10:23  자이로:1.3,0.4,-0.8
17:10:23  자력계:7.500,5.850,21.000
17:10:23  충격값:0.05
17:10:23  충격피크:0.16
17:10:23  마지막충격발생값:0.00
17:10:23  마지막충격발생ms:0
17:10:23  송신:14591
17:10:23  지팡이수신:9834
17:10:23  GPS위성:9
17:10:23  GPS_HDOP:1.11
17:10:23  원시위도:37.495922
17:10:23  원시경도:126.956123
17:10:23  GPS채택:1518
17:10:23  GPS이상치거부:0
17:10:23  GPS품질거부:0
17:10:23  GPS재기준:0
17:10:23  계산거리:-1.00
17:10:23  접근속도:0.00
17:10:23  TTC:999.00
17:10:23  방향오차:0.0
17:10:23  전방여부:0
17:10:23  위험음성횟수:0
17:10:23  충격음성횟수:0
17:10:23  마지막위험음성:0
17:10:23  RSSI원시:-47
17:10:23  RSSI평활:-48.0
17:10:23  RSSI샘플:9834
17:10:23  RSSI경과ms:36
17:10:23  RSSI구간:4
17:10:23  RSSI거리:0.80
17:10:23  상대보정:0
17:10:23  상대보정중:0
17:10:23  보정동쪽:0.00
17:10:23  보정북쪽:0.00
17:10:23  UWB유효:1
17:10:23  UWB원시거리:1.890
17:10:23  UWB보정거리:1.500
17:10:23  UWB접근속도:-0.562
17:10:23  UWB_RSSI:nan
17:10:23  UWB경과ms:136
17:10:23  UWB샘플:7424
17:10:23  UWB실패:165
17:10:23  UWB보정:1
17:10:23  UWB보정중:0
17:10:23  UWB보정샘플:100
17:10:23  UWB보정기준:3.000
17:10:23  UWB오프셋:0.234
17:10:23  UWB위험사용:0
17:10:23  UWB전송:7421
17:10:23  위험송신:0
17:10:23  시각ms:1533325
17:10:23  IMU시각ms:1533325
17:10:23  위험:0
17:10:23  원시위험:0
17:10:23  GPS유효:1
17:10:23  위도:37.495921
17:10:23  경도:126.956125
17:10:23  속도:0.01
17:10:23  방향:290.8
17:10:23  이동방향유효:0
17:10:23  GPS이동방향:290.8
17:10:23  차체방향유효:0
17:10:23  차체방향:0.0
17:10:23  후진판정:0
17:10:23  IMU요회전속도:0.00
17:10:23  방향가속도크기:9.59
17:10:23  방향자이로크기:3.23
17:10:23  방향자세cos:1.0000
17:10:23  자기모델잔차:26.35
17:10:23  자기모델반경:0.923
17:10:23  방향채택:0
17:10:23  방향거부:165481
17:10:23  GPS원시속도:0.010
17:10:23  GPS원시방향유효:1
17:10:23  GPS원시방향:290.8
17:10:23  가속도:-0.42,0.38,9.57
17:10:23  자이로:3.0,1.0,0.7
17:10:23  자력계:9.300,4.500,20.400
17:10:23  충격값:0.14
17:10:23  충격피크:0.14
17:10:23  마지막충격발생값:0.00
17:10:23  마지막충격발생ms:0
17:10:23  송신:14591
17:10:23  지팡이수신:9834
17:10:23  GPS위성:9
17:10:23  GPS_HDOP:1.11
17:10:23  원시위도:37.495922
17:10:23  원시경도:126.956123
17:10:23  GPS채택:1518
17:10:23  GPS이상치거부:0
17:10:23  GPS품질거부:0
17:10:23  GPS재기준:0
17:10:23  계산거리:-1.00
17:10:23  접근속도:0.00
17:10:23  TTC:999.00
17:10:23  방향오차:0.0
17:10:23  전방여부:0
17:10:23  위험음성횟수:0
17:10:23  충격음성횟수:0
17:10:23  마지막위험음성:0
17:10:23  RSSI원시:-47
17:10:23  RSSI평활:-48.0
17:10:23  RSSI샘플:9834
17:10:23  RSSI경과ms:64
17:10:23  RSSI구간:4
17:10:23  RSSI거리:0.80
17:10:23  상대보정:0
17:10:23  상대보정중:0
17:10:23  보정동쪽:0.00
17:10:23  보정북쪽:0.00
17:10:23  UWB유효:1
17:10:23  UWB원시거리:1.890
17:10:23  UWB보정거리:1.500
17:10:23  UWB접근속도:-0.562
17:10:23  UWB_RSSI:nan
17:10:23  UWB경과ms:164
17:10:23  UWB샘플:7424
17:10:23  UWB실패:165
17:10:23  UWB보정:1
17:10:23  UWB보정중:0
17:10:23  UWB보정샘플:100
17:10:23  UWB보정기준:3.000
17:10:23  UWB오프셋:0.234
17:10:23  UWB위험사용:0
17:10:23  UWB전송:7421
17:10:23  위험송신:0
17:10:23  시각ms:1533351
17:10:23  IMU시각ms:1533351
17:10:23  위험:0
17:10:23  원시위험:0
17:10:23  GPS유효:1
17:10:23  위도:37.495921
17:10:23  경도:126.956125
17:10:23  속도:0.01
17:10:23  방향:290.8
17:10:23  이동방향유효:0
17:10:23  GPS이동방향:290.8
17:10:23  차체방향유효:0
17:10:23  차체방향:0.0
17:10:23  후진판정:0
17:10:23  IMU요회전속도:0.00
17:10:23  방향가속도크기:9.73
17:10:23  방향자이로크기:4.11
17:10:23  방향자세cos:1.0000
17:10:23  자기모델잔차:26.82
17:10:23  자기모델반경:0.888
17:10:23  방향채택:0
17:10:23  방향거부:165484
17:10:23  GPS원시속도:0.010
17:10:23  GPS원시방향유효:1
17:10:23  GPS원시방향:290.8
17:10:23  가속도:-0.46,0.39,9.71
17:10:23  자이로:3.7,-1.5,0.8
17:10:23  자력계:9.150,3.450,21.000
17:10:23  충격값:0.07
17:10:23  충격피크:0.13
17:10:23  마지막충격발생값:0.00
17:10:23  마지막충격발생ms:0
17:10:23  송신:14591
17:10:23  지팡이수신:9835
17:10:23  GPS위성:9
17:10:23  GPS_HDOP:1.11
17:10:23  원시위도:37.495922
17:10:23  원시경도:126.956123
17:10:23  GPS채택:1518
17:10:23  GPS이상치거부:0
17:10:23  GPS품질거부:0
17:10:23  GPS재기준:0
17:10:23  계산거리:-1.00
17:10:23  접근속도:0.00
17:10:23  TTC:999.00
17:10:23  방향오차:0.0
17:10:23  전방여부:0
17:10:23  위험음성횟수:0
17:10:23  충격음성횟수:0
17:10:23  마지막위험음성:0
17:10:23  RSSI원시:-49
17:10:23  RSSI평활:-48.2
17:10:23  RSSI샘플:9835
17:10:23  RSSI경과ms:14
17:10:23  RSSI구간:4
17:10:23  RSSI거리:0.80
17:10:23  상대보정:0
17:10:23  상대보정중:0
17:10:23  보정동쪽:0.00
17:10:23  보정북쪽:0.00
17:10:23  UWB유효:1
17:10:23  UWB원시거리:1.890
17:10:23  UWB보정거리:1.500
17:10:23  UWB접근속도:-0.562
17:10:23  UWB_RSSI:nan
17:10:23  UWB경과ms:190
17:10:23  UWB샘플:7424
17:10:23  UWB실패:165
17:10:23  UWB보정:1
17:10:23  UWB보정중:0
17:10:23  UWB보정샘플:100
17:10:23  UWB보정기준:3.000
17:10:23  UWB오프셋:0.234
17:10:23  UWB위험사용:0
17:10:23  UWB전송:7421
17:10:23  위험송신:0
17:10:23  시각ms:1533377
17:10:23  IMU시각ms:1533376
17:10:23  위험:0
17:10:23  원시위험:0
17:10:23  GPS유효:1
17:10:23  위도:37.495921
17:10:23  경도:126.956125
17:10:23  속도:0.01
17:10:23  방향:290.8
17:10:23  이동방향유효:0
17:10:23  GPS이동방향:290.8
17:10:23  차체방향유효:0
17:10:23  차체방향:0.0
17:10:23  후진판정:0
17:10:23  IMU요회전속도:0.00
17:10:23  방향가속도크기:9.77
17:10:23  방향자이로크기:1.93
17:10:23  방향자세cos:0.9999
17:10:23  자기모델잔차:24.93
17:10:23  자기모델반경:0.912
17:10:23  방향채택:0
17:10:23  방향거부:165486
17:10:23  GPS원시속도:0.010
17:10:23  GPS원시방향유효:1
17:10:23  GPS원시방향:290.8
17:10:23  가속도:-0.45,0.35,9.75
17:10:23  자이로:0.5,-1.0,-1.6
17:10:23  자력계:8.400,3.900,19.050
17:10:23  충격값:0.07
17:10:23  충격피크:0.10
17:10:23  마지막충격발생값:0.00
17:10:23  마지막충격발생ms:0
17:10:23  송신:14591
17:10:23  지팡이수신:9835
17:10:23  GPS위성:9
17:10:23  GPS_HDOP:1.11
17:10:23  원시위도:37.495922
17:10:23  원시경도:126.956123
17:10:23  GPS채택:1518
17:10:23  GPS이상치거부:0
17:10:23  GPS품질거부:0
17:10:23  GPS재기준:0
17:10:23  계산거리:-1.00
17:10:23  접근속도:0.00
17:10:23  TTC:999.00
17:10:23  방향오차:0.0
17:10:23  전방여부:0
17:10:23  위험음성횟수:0
17:10:23  충격음성횟수:0
17:10:23  마지막위험음성:0
17:10:23  RSSI원시:-49
17:10:23  RSSI평활:-48.2
17:10:23  RSSI샘플:9835
17:10:23  RSSI경과ms:40
17:10:23  RSSI구간:4
17:10:23  RSSI거리:0.80
17:10:23  상대보정:0
17:10:23  상대보정중:0
17:10:23  보정동쪽:0.00
17:10:23  보정북쪽:0.00
17:10:23  UWB유효:1
17:10:23  UWB원시거리:1.990
17:10:23  UWB보정거리:1.659
17:10:23  UWB접근속도:-0.627
17:10:23  UWB_RSSI:nan
17:10:23  UWB경과ms:12
17:10:23  UWB샘플:7425
17:10:23  UWB실패:165
17:10:23  UWB보정:1
17:10:23  UWB보정중:0
17:10:23  UWB보정샘플:100
17:10:23  UWB보정기준:3.000
17:10:23  UWB오프셋:0.234
17:10:23  UWB위험사용:0
17:10:23  UWB전송:7422
17:10:23  위험송신:0
17:10:23  시각ms:1533582
17:10:23  IMU시각ms:1533582
17:10:23  위험:0
17:10:23  원시위험:0
17:10:23  GPS유효:1
17:10:23  위도:37.495921
17:10:23  경도:126.956125
17:10:23  속도:0.01
17:10:23  방향:290.8
17:10:23  이동방향유효:0
17:10:23  GPS이동방향:290.8
17:10:23  차체방향유효:0
17:10:23  차체방향:0.0
17:10:23  후진판정:0
17:10:23  IMU요회전속도:0.00
17:10:23  방향가속도크기:9.82
17:10:23  방향자이로크기:2.05
17:10:23  방향자세cos:1.0000
17:10:23  자기모델잔차:26.27
17:10:23  자기모델반경:0.941
17:10:23  방향채택:0
17:10:23  방향거부:165508
17:10:23  GPS원시속도:0.010
17:10:23  GPS원시방향유효:1
17:10:23  GPS원시방향:290.8
17:10:23  가속도:-0.45,0.40,9.80
17:10:23  자이로:0.1,-2.0,0.2
17:10:23  자력계:10.200,5.100,20.250
17:10:23  충격값:0.10
17:10:23  충격피크:0.12
17:10:23  마지막충격발생값:0.00
17:10:23  마지막충격발생ms:0
17:10:23  송신:14593
17:10:23  지팡이수신:9837
17:10:23  GPS위성:9
17:10:23  GPS_HDOP:1.11
17:10:23  원시위도:37.495922
17:10:23  원시경도:126.956123
17:10:23  GPS채택:1518
17:10:23  GPS이상치거부:0
17:10:23  GPS품질거부:0
17:10:23  GPS재기준:0
17:10:23  계산거리:-1.00
17:10:23  접근속도:0.00
17:10:23  TTC:999.00
17:10:23  방향오차:0.0
17:10:23  전방여부:0
17:10:23  위험음성횟수:0
17:10:23  충격음성횟수:0
17:10:23  마지막위험음성:0
17:10:23  RSSI원시:-53
17:10:23  RSSI평활:-49.6
17:10:23  RSSI샘플:9837
17:10:23  RSSI경과ms:55
17:10:23  RSSI구간:4
17:10:23  RSSI거리:0.82
17:10:23  상대보정:0
17:10:23  상대보정중:0
17:10:23  보정동쪽:0.00
17:10:23  보정북쪽:0.00
17:10:23  UWB유효:1
17:10:23  UWB원시거리:2.050
17:10:23  UWB보정거리:1.822
17:10:23  UWB접근속도:-0.690
17:10:23  UWB_RSSI:nan
17:10:23  UWB경과ms:22
17:10:23  UWB샘플:7426
17:10:23  UWB실패:165
17:10:23  UWB보정:1
17:10:23  UWB보정중:0
17:10:23  UWB보정샘플:100
17:10:23  UWB보정기준:3.000
17:10:23  UWB오프셋:0.234
17:10:23  UWB위험사용:0
17:10:23  UWB전송:7423
17:10:23  위험송신:0
17:10:23  시각ms:1533611
17:10:23  IMU시각ms:1533610
17:10:23  위험:0
17:10:23  원시위험:0
17:10:23  GPS유효:1
17:10:23  위도:37.495921
17:10:23  경도:126.956125
17:10:23  속도:0.01
17:10:23  방향:290.8
17:10:23  이동방향유효:0
17:10:23  GPS이동방향:290.8
17:10:23  차체방향유효:0
17:10:23  차체방향:0.0
17:10:23  후진판정:0
17:10:23  IMU요회전속도:0.00
17:10:23  방향가속도크기:9.69
17:10:23  방향자이로크기:3.36
17:10:23  방향자세cos:1.0000
17:10:23  자기모델잔차:25.81
17:10:23  자기모델반경:0.895
17:10:23  방향채택:0
17:10:23  방향거부:165511
17:10:23  GPS원시속도:0.010
17:10:23  GPS원시방향유효:1
17:10:23  GPS원시방향:290.8
17:10:23  가속도:-0.50,0.50,9.66
17:10:23  자이로:2.9,-0.4,-1.7
17:10:23  자력계:10.500,3.600,19.950
17:10:23  충격값:0.18
17:10:23  충격피크:0.18
17:10:23  마지막충격발생값:0.00
17:10:23  마지막충격발생ms:0
17:10:23  송신:14594
17:10:23  지팡이수신:9837
17:10:23  GPS위성:9
17:10:23  GPS_HDOP:1.11
17:10:23  원시위도:37.495922
17:10:23  원시경도:126.956123
17:10:23  GPS채택:1518
17:10:23  GPS이상치거부:0
17:10:23  GPS품질거부:0
17:10:23  GPS재기준:0
17:10:23  계산거리:-1.00
17:10:23  접근속도:0.00
17:10:23  TTC:999.00
17:10:23  방향오차:0.0
17:10:23  전방여부:0
17:10:23  위험음성횟수:0
17:10:23  충격음성횟수:0
17:10:23  마지막위험음성:0
17:10:23  RSSI원시:-53
17:10:23  RSSI평활:-49.6
17:10:23  RSSI샘플:9837
17:10:23  RSSI경과ms:84
17:10:23  RSSI구간:4
17:10:23  RSSI거리:0.82
17:10:23  상대보정:0
17:10:23  상대보정중:0
17:10:23  보정동쪽:0.00
17:10:23  보정북쪽:0.00
17:10:23  UWB유효:1
17:10:23  UWB원시거리:2.050
17:10:23  UWB보정거리:1.822
17:10:23  UWB접근속도:-0.690
17:10:23  UWB_RSSI:nan
17:10:23  UWB경과ms:51
17:10:23  UWB샘플:7426
17:10:23  UWB실패:165
17:10:23  UWB보정:1
17:10:23  UWB보정중:0
17:10:23  UWB보정샘플:100
17:10:23  UWB보정기준:3.000
17:10:23  UWB오프셋:0.234
17:10:23  UWB위험사용:0
17:10:23  UWB전송:7423
17:10:23  위험송신:0
17:10:23  시각ms:1533677
17:10:23  IMU시각ms:1533677
17:10:23  위험:0
17:10:23  원시위험:0
17:10:23  GPS유효:1
17:10:23  위도:37.495921
17:10:23  경도:126.956125
17:10:23  속도:0.01
17:10:23  방향:290.8
17:10:23  이동방향유효:0
17:10:23  GPS이동방향:290.8
17:10:23  차체방향유효:0
17:10:23  차체방향:0.0
17:10:23  후진판정:0
17:10:23  IMU요회전속도:0.00
17:10:23  방향가속도크기:9.70
17:10:23  방향자이로크기:3.97
17:10:23  방향자세cos:1.0000
17:10:23  자기모델잔차:24.19
17:10:23  자기모델반경:0.914
17:10:23  방향채택:0
17:10:23  방향거부:165518
17:10:23  GPS원시속도:0.010
17:10:23  GPS원시방향유효:1
17:10:23  GPS원시방향:290.8
17:10:23  가속도:-0.46,0.47,9.68
17:10:23  자이로:2.8,-2.6,1.0
17:10:23  자력계:8.400,3.900,18.300
17:10:23  충격값:0.13
17:10:23  충격피크:0.13
17:10:23  마지막충격발생값:0.00
17:10:23  마지막충격발생ms:0
17:10:23  송신:14594
17:10:23  지팡이수신:9838
17:10:23  GPS위성:9
17:10:23  GPS_HDOP:1.11
17:10:23  원시위도:37.495922
17:10:23  원시경도:126.956123
17:10:23  GPS채택:1518
17:10:23  GPS이상치거부:0
17:10:23  GPS품질거부:0
17:10:23  GPS재기준:0
17:10:23  계산거리:-1.00
17:10:23  접근속도:0.00
17:10:23  TTC:999.00
17:10:23  방향오차:0.0
17:10:23  전방여부:0
17:10:23  위험음성횟수:0
17:10:23  충격음성횟수:0
17:10:23  마지막위험음성:0
17:10:23  RSSI원시:-49
17:10:23  RSSI평활:-49.5
17:10:23  RSSI샘플:9838
17:10:23  RSSI경과ms:14
17:10:23  RSSI구간:4
17:10:23  RSSI거리:0.81
17:10:23  상대보정:0
17:10:23  상대보정중:0
17:10:23  보정동쪽:0.00
17:10:23  보정북쪽:0.00
17:10:23  UWB유효:1
17:10:23  UWB원시거리:2.050
17:10:23  UWB보정거리:1.822
17:10:23  UWB접근속도:-0.690
17:10:23  UWB_RSSI:nan
17:10:23  UWB경과ms:117
17:10:23  UWB샘플:7426
17:10:23  UWB실패:165
17:10:23  UWB보정:1
17:10:23  UWB보정중:0
17:10:23  UWB보정샘플:100
17:10:23  UWB보정기준:3.000
17:10:23  UWB오프셋:0.234
17:10:23  UWB위험사용:0
17:10:23  UWB전송:7423
17:10:23  위험송신:0
17:10:23  시각ms:1533699
17:10:23  IMU시각ms:1533699
17:10:23  위험:0
17:10:23  원시위험:0
17:10:23  GPS유효:1
17:10:23  위도:37.495921
17:10:23  경도:126.956125
17:10:23  속도:0.01
17:10:23  방향:290.8
17:10:23  이동방향유효:0
17:10:23  GPS이동방향:290.8
17:10:23  차체방향유효:0
17:10:23  차체방향:0.0
17:10:23  후진판정:0
17:10:23  IMU요회전속도:0.00
17:10:23  방향가속도크기:9.70
17:10:23  방향자이로크기:1.87
17:10:23  방향자세cos:0.9997
17:10:23  자기모델잔차:26.51
17:10:23  자기모델반경:0.928
17:10:23  방향채택:0
17:10:23  방향거부:165520
17:10:23  GPS원시속도:0.010
17:10:23  GPS원시방향유효:1
17:10:23  GPS원시방향:290.8
17:10:23  가속도:-0.49,0.27,9.68
17:10:23  자이로:0.7,-1.5,0.9
17:10:23  자력계:9.150,4.650,20.550
17:10:23  충격값:0.13
17:10:23  충격피크:0.14
17:10:23  마지막충격발생값:0.00
17:10:23  마지막충격발생ms:0
17:10:23  송신:14594
17:10:23  지팡이수신:9838
17:10:23  GPS위성:9
17:10:23  GPS_HDOP:1.11
17:10:23  원시위도:37.495922
17:10:23  원시경도:126.956123
17:10:23  GPS채택:1518
17:10:23  GPS이상치거부:0
17:10:23  GPS품질거부:0
17:10:23  GPS재기준:0
17:10:23  계산거리:-1.00
17:10:23  접근속도:0.00
17:10:23  TTC:999.00
17:10:23  방향오차:0.0
17:10:23  전방여부:0
17:10:23  위험음성횟수:0
17:10:23  충격음성횟수:0
17:10:23  마지막위험음성:0
17:10:23  RSSI원시:-49
17:10:23  RSSI평활:-49.5
17:10:23  RSSI샘플:9838
17:10:23  RSSI경과ms:36
17:10:23  RSSI구간:4
17:10:23  RSSI거리:0.81
17:10:23  상대보정:0
17:10:23  상대보정중:0
17:10:23  보정동쪽:0.00
17:10:23  보정북쪽:0.00
17:10:23  UWB유효:1
17:10:23  UWB원시거리:2.050
17:10:23  UWB보정거리:1.822
17:10:23  UWB접근속도:-0.690
17:10:23  UWB_RSSI:nan
17:10:23  UWB경과ms:139
17:10:23  UWB샘플:7426
17:10:23  UWB실패:165
17:10:23  UWB보정:1
17:10:23  UWB보정중:0
17:10:23  UWB보정샘플:100
17:10:23  UWB보정기준:3.000
17:10:23  UWB오프셋:0.234
17:10:23  UWB위험사용:0
17:10:23  UWB전송:7423
17:10:23  위험송신:0
17:10:23  시각ms:1533720
17:10:23  IMU시각ms:1533720
17:10:23  위험:0
17:10:23  원시위험:0
17:10:23  GPS유효:1
17:10:23  위도:37.495922
17:10:23  경도:126.956124
17:10:23  속도:0.01
17:10:23  방향:290.8
17:10:23  이동방향유효:0
17:10:23  GPS이동방향:290.8
17:10:23  차체방향유효:0
17:10:23  차체방향:0.0
17:10:23  후진판정:0
17:10:23  IMU요회전속도:0.00
17:10:23  방향가속도크기:9.69
17:10:23  방향자이로크기:2.52
17:10:23  방향자세cos:0.9999
17:10:23  자기모델잔차:25.84
17:10:23  자기모델반경:0.961
17:10:23  방향채택:0
17:10:23  방향거부:165522
17:10:23  GPS원시속도:0.005
17:10:23  GPS원시방향유효:1
17:10:23  GPS원시방향:290.8
17:10:23  가속도:-0.43,0.33,9.67
17:10:23  자이로:-0.2,0.9,-2.4
17:10:23  자력계:7.200,5.400,19.800
17:10:23  충격값:0.05
17:10:23  충격피크:0.09
17:10:23  마지막충격발생값:0.00
17:10:23  마지막충격발생ms:0
17:10:23  송신:14595
17:10:23  지팡이수신:9838
17:10:23  GPS위성:9
17:10:23  GPS_HDOP:1.20
17:10:23  원시위도:37.495924
17:10:23  원시경도:126.956122
17:10:23  GPS채택:1519
17:10:23  GPS이상치거부:0
17:10:23  GPS품질거부:0
17:10:23  GPS재기준:0
17:10:23  계산거리:-1.00
17:10:23  접근속도:0.00
17:10:23  TTC:999.00
17:10:23  방향오차:0.0
17:10:23  전방여부:0
17:10:23  위험음성횟수:0
17:10:23  충격음성횟수:0
17:10:23  마지막위험음성:0
17:10:23  RSSI원시:-49
17:10:23  RSSI평활:-49.5
17:10:23  RSSI샘플:9838
17:10:23  RSSI경과ms:57
17:10:23  RSSI구간:4
17:10:23  RSSI거리:0.81
17:10:23  상대보정:0
17:10:23  상대보정중:0
17:10:23  보정동쪽:0.00
17:10:23  보정북쪽:0.00
17:10:23  UWB유효:1
17:10:23  UWB원시거리:2.050
17:10:23  UWB보정거리:1.822
17:10:23  UWB접근속도:-0.690
17:10:23  UWB_RSSI:nan
17:10:23  UWB경과ms:160
17:10:23  UWB샘플:7426
17:10:23  UWB실패:165
17:10:23  UWB보정:1
17:10:23  UWB보정중:0
17:10:23  UWB보정샘플:100
17:10:23  UWB보정기준:3.000
17:10:23  UWB오프셋:0.234
17:10:23  UWB위험사용:0
17:10:23  UWB전송:7423
17:10:23  위험송신:0
17:10:23  시각ms:1533747
17:10:23  IMU시각ms:1533747
17:10:23  위험:0
17:10:23  원시위험:0
17:10:23  GPS유효:1
17:10:23  위도:37.495922
17:10:23  경도:126.956124
17:10:23  속도:0.01
17:10:23  방향:290.8
17:10:23  이동방향유효:0
17:10:23  GPS이동방향:290.8
17:10:23  차체방향유효:0
17:10:23  차체방향:0.0
17:10:23  후진판정:0
17:10:23  IMU요회전속도:0.00
17:10:23  방향가속도크기:9.76
17:10:23  방향자이로크기:1.70
17:10:23  방향자세cos:1.0000
17:10:23  자기모델잔차:25.81
17:10:23  자기모델반경:0.947
17:10:23  방향채택:0
17:10:23  방향거부:165525
17:10:23  GPS원시속도:0.005
17:10:23  GPS원시방향유효:1
17:10:23  GPS원시방향:290.8
17:10:23  가속도:-0.37,0.45,9.74
17:10:23  자이로:-1.6,0.2,-0.7
17:10:23  자력계:8.400,5.100,19.800
17:10:23  충격값:0.10
17:10:23  충격피크:0.10
17:10:23  마지막충격발생값:0.00
17:10:23  마지막충격발생ms:0
17:10:23  송신:14595
17:10:23  지팡이수신:9839
17:10:23  GPS위성:9
17:10:23  GPS_HDOP:1.20
17:10:23  원시위도:37.495924
17:10:23  원시경도:126.956122
17:10:23  GPS채택:1519
17:10:23  GPS이상치거부:0
17:10:23  GPS품질거부:0
17:10:23  GPS재기준:0
17:10:23  계산거리:-1.00
17:10:23  접근속도:0.00
17:10:23  TTC:999.00
17:10:23  방향오차:0.0
17:10:23  전방여부:0
17:10:23  위험음성횟수:0
17:10:23  충격음성횟수:0
17:10:23  마지막위험음성:0
17:10:23  RSSI원시:-53
17:10:23  RSSI평활:-50.2
17:10:23  RSSI샘플:9839
17:10:23  RSSI경과ms:21
17:10:23  RSSI구간:4
17:10:23  RSSI거리:0.87
17:10:23  상대보정:0
17:10:23  상대보정중:0
17:10:23  보정동쪽:0.00
17:10:23  보정북쪽:0.00
17:10:23  UWB유효:1
17:10:23  UWB원시거리:2.050
17:10:23  UWB보정거리:1.822
17:10:23  UWB접근속도:-0.690
17:10:23  UWB_RSSI:nan
17:10:23  UWB경과ms:187
17:10:23  UWB샘플:7426
17:10:23  UWB실패:165
17:10:23  UWB보정:1
17:10:23  UWB보정중:0
17:10:23  UWB보정샘플:100
17:10:23  UWB보정기준:3.000
17:10:23  UWB오프셋:0.234
17:10:23  UWB위험사용:0
17:10:23  UWB전송:7423
17:10:23  위험송신:0
17:10:23  시각ms:1533771
17:10:23  IMU시각ms:1533771
17:10:23  위험:0
17:10:23  원시위험:0
17:10:23  GPS유효:1
17:10:23  위도:37.495922
17:10:23  경도:126.956124
17:10:23  속도:0.01
17:10:23  방향:290.8
17:10:23  이동방향유효:0
17:10:23  GPS이동방향:290.8
17:10:23  차체방향유효:0
17:10:23  차체방향:0.0
17:10:23  후진판정:0
17:10:23  IMU요회전속도:0.00
17:10:23  방향가속도크기:9.68
17:10:23  방향자이로크기:4.51
17:10:23  방향자세cos:1.0000
17:10:23  자기모델잔차:26.37
17:10:23  자기모델반경:0.940
17:10:23  방향채택:0
17:10:23  방향거부:165527
17:10:23  GPS원시속도:0.005
17:10:23  GPS원시방향유효:1
17:10:23  GPS원시방향:290.8
17:10:23  가속도:-0.38,0.45,9.66
17:10:23  자이로:1.2,-1.3,4.1
17:10:23  자력계:7.050,4.800,20.400
17:10:23  충격값:0.11
17:10:23  충격피크:0.11
17:10:23  마지막충격발생값:0.00
17:10:23  마지막충격발생ms:0
17:10:23  송신:14595
17:10:23  지팡이수신:9839
17:10:23  GPS위성:9
17:10:23  GPS_HDOP:1.20
17:10:23  원시위도:37.495924
17:10:23  원시경도:126.956122
17:10:23  GPS채택:1519
17:10:23  GPS이상치거부:0
17:10:23  GPS품질거부:0
17:10:23  GPS재기준:0
17:10:23  계산거리:-1.00
17:10:23  접근속도:0.00
17:10:23  TTC:999.00
17:10:23  방향오차:0.0
17:10:23  전방여부:0
17:10:23  위험음성횟수:0
17:10:23  충격음성횟수:0
17:10:23  마지막위험음성:0
17:10:23  RSSI원시:-53
17:10:23  RSSI평활:-50.2
17:10:23  RSSI샘플:9839
17:10:23  RSSI경과ms:45
17:10:23  RSSI구간:4
17:10:23  RSSI거리:0.87
17:10:23  상대보정:0
17:10:23  상대보정중:0
17:10:23  보정동쪽:0.00
17:10:23  보정북쪽:0.00
17:10:23  UWB유효:1
17:10:23  UWB원시거리:2.150
17:10:23  UWB보정거리:1.963
17:10:23  UWB접근속도:-0.692
17:10:23  UWB_RSSI:nan
17:10:23  UWB경과ms:9
17:10:23  UWB샘플:7427
17:10:23  UWB실패:165
17:10:23  UWB보정:1
17:10:23  UWB보정중:0
17:10:23  UWB보정샘플:100
17:10:23  UWB보정기준:3.000
17:10:23  UWB오프셋:0.234
17:10:23  UWB위험사용:0
17:10:23  UWB전송:7424
17:10:23  위험송신:0
17:10:23  시각ms:1533798
17:10:23  IMU시각ms:1533798
17:10:23  위험:0
17:10:23  원시위험:0
17:10:23  GPS유효:1
17:10:23  위도:37.495922
17:10:23  경도:126.956124
17:10:23  속도:0.01
17:10:23  방향:290.8
17:10:23  이동방향유효:0
17:10:23  GPS이동방향:290.8
17:10:23  차체방향유효:0
17:10:23  차체방향:0.0
17:10:23  후진판정:0
17:10:23  IMU요회전속도:0.00
17:10:23  방향가속도크기:9.65
17:10:23  방향자이로크기:4.65
17:10:23  방향자세cos:0.9998
17:10:23  자기모델잔차:26.27
17:10:23  자기모델반경:0.942
17:10:23  방향채택:0
17:10:23  방향거부:165530
17:10:23  GPS원시속도:0.005
17:10:23  GPS원시방향유효:1
17:10:23  GPS원시방향:290.8
17:10:23  가속도:-0.32,0.34,9.64
17:10:23  자이로:-1.5,2.0,-3.9
17:10:23  자력계:9.450,5.100,20.250
17:10:23  충격값:0.11
17:10:23  충격피크:0.19
17:10:23  마지막충격발생값:0.00
17:10:23  마지막충격발생ms:0
17:10:23  송신:14595
17:10:23  지팡이수신:9839
17:10:23  GPS위성:9
17:10:23  GPS_HDOP:1.20
17:10:23  원시위도:37.495924
17:10:23  원시경도:126.956122
17:10:23  GPS채택:1519
17:10:23  GPS이상치거부:0
17:10:23  GPS품질거부:0
17:10:23  GPS재기준:0
17:10:23  계산거리:-1.00
17:10:23  접근속도:0.00
17:10:23  TTC:999.00
17:10:23  방향오차:0.0
17:10:23  전방여부:0
17:10:23  위험음성횟수:0
17:10:23  충격음성횟수:0
17:10:23  마지막위험음성:0
17:10:23  RSSI원시:-53
17:10:23  RSSI평활:-50.2
17:10:23  RSSI샘플:9839
17:10:23  RSSI경과ms:72
17:10:23  RSSI구간:4
17:10:23  RSSI거리:0.87
17:10:23  상대보정:0
17:10:23  상대보정중:0
17:10:23  보정동쪽:0.00
17:10:23  보정북쪽:0.00
17:10:23  UWB유효:1
17:10:23  UWB원시거리:2.150
17:10:23  UWB보정거리:1.963
17:10:23  UWB접근속도:-0.692
17:10:23  UWB_RSSI:nan
17:10:23  UWB경과ms:36
17:10:23  UWB샘플:7427
17:10:23  UWB실패:165
17:10:23  UWB보정:1
17:10:23  UWB보정중:0
17:10:23  UWB보정샘플:100
17:10:23  UWB보정기준:3.000
17:10:23  UWB오프셋:0.234
17:10:23  UWB위험사용:0
17:10:23  UWB전송:7424
17:10:23  위험송신:0
17:10:23  시각ms:1533852
17:10:23  IMU시각ms:1533852
17:10:23  위험:0
17:10:23  원시위험:0
17:10:23  GPS유효:1
17:10:23  위도:37.495922
17:10:23  경도:126.956124
17:10:23  속도:0.01
17:10:23  방향:290.8
17:10:23  이동방향유효:0
17:10:23  GPS이동방향:290.8
17:10:23  차체방향유효:0
17:10:23  차체방향:0.0
17:10:23  후진판정:0
17:10:23  IMU요회전속도:0.00
17:10:23  방향가속도크기:9.64
17:10:23  방향자이로크기:2.51
17:10:23  방향자세cos:0.9999
17:10:23  자기모델잔차:24.04
17:10:23  자기모델반경:0.949
17:10:23  방향채택:0
17:10:23  방향거부:165536
17:10:23  GPS원시속도:0.005
17:10:23  GPS원시방향유효:1
17:10:23  GPS원시방향:290.8
17:10:23  가속도:-0.43,0.34,9.63
17:10:23  자이로:0.1,-0.3,2.5
17:10:23  자력계:10.650,5.100,18.000
17:10:23  충격값:0.09
17:10:23  충격피크:0.11
17:10:23  마지막충격발생값:0.00
17:10:23  마지막충격발생ms:0
17:10:23  송신:14596
17:10:23  지팡이수신:9840
17:10:23  GPS위성:9
17:10:23  GPS_HDOP:1.20
17:10:23  원시위도:37.495924
17:10:23  원시경도:126.956122
17:10:23  GPS채택:1519
17:10:23  GPS이상치거부:0
17:10:23  GPS품질거부:0
17:10:23  GPS재기준:0
17:10:23  계산거리:-1.00
17:10:23  접근속도:0.00
17:10:23  TTC:999.00
17:10:23  방향오차:0.0
17:10:23  전방여부:0
17:10:23  위험음성횟수:0
17:10:23  충격음성횟수:0
17:10:23  마지막위험음성:0
17:10:23  RSSI원시:-46
17:10:23  RSSI평활:-49.3
17:10:23  RSSI샘플:9840
17:10:23  RSSI경과ms:19
17:10:23  RSSI구간:4
17:10:23  RSSI거리:0.80
17:10:23  상대보정:0
17:10:23  상대보정중:0
17:10:23  보정동쪽:0.00
17:10:23  보정북쪽:0.00
17:10:23  UWB유효:1
17:10:23  UWB원시거리:2.150
17:10:23  UWB보정거리:1.963
17:10:23  UWB접근속도:-0.692
17:10:23  UWB_RSSI:nan
17:10:23  UWB경과ms:90
17:10:23  UWB샘플:7427
17:10:23  UWB실패:165
17:10:23  UWB보정:1
17:10:23  UWB보정중:0
17:10:23  UWB보정샘플:100
17:10:23  UWB보정기준:3.000
17:10:23  UWB오프셋:0.234
17:10:23  UWB위험사용:0
17:10:23  UWB전송:7424
17:10:23  위험송신:0
17:10:23  시각ms:1534120
17:10:23  IMU시각ms:1534120
17:10:23  위험:0
17:10:23  원시위험:0
17:10:23  GPS유효:1
17:10:23  위도:37.495922
17:10:23  경도:126.956124
17:10:23  속도:0.01
17:10:23  방향:290.8
17:10:23  이동방향유효:0
17:10:23  GPS이동방향:290.8
17:10:23  차체방향유효:0
17:10:23  차체방향:0.0
17:10:23  후진판정:0
17:10:23  IMU요회전속도:0.00
17:10:23  방향가속도크기:9.67
17:10:23  방향자이로크기:2.19
17:10:23  방향자세cos:0.9998
17:10:23  자기모델잔차:25.39
17:10:23  자기모델반경:0.906
17:10:23  방향채택:0
17:10:23  방향거부:165564
17:10:23  GPS원시속도:0.005
17:10:23  GPS원시방향유효:1
17:10:23  GPS원시방향:290.8
17:10:23  가속도:-0.43,0.31,9.66
17:10:23  자이로:1.8,0.8,1.0
17:10:23  자력계:9.900,3.900,19.500
17:10:23  충격값:0.08
17:10:23  충격피크:0.14
17:10:23  마지막충격발생값:0.00
17:10:23  마지막충격발생ms:0
17:10:23  송신:14598
17:10:23  지팡이수신:9841
17:10:23  GPS위성:9
17:10:23  GPS_HDOP:1.20
17:10:23  원시위도:37.495924
17:10:23  원시경도:126.956122
17:10:23  GPS채택:1519
17:10:23  GPS이상치거부:0
17:10:23  GPS품질거부:0
17:10:23  GPS재기준:0
17:10:23  계산거리:-1.00
17:10:23  접근속도:0.00
17:10:23  TTC:999.00
17:10:23  방향오차:0.0
17:10:23  전방여부:0
17:10:23  위험음성횟수:0
17:10:23  충격음성횟수:0
17:10:23  마지막위험음성:0
17:10:23  RSSI원시:-50
17:10:23  RSSI평활:-49.5
17:10:23  RSSI샘플:9841
17:10:23  RSSI경과ms:162
17:10:23  RSSI구간:4
17:10:23  RSSI거리:0.81
17:10:23  상대보정:0
17:10:23  상대보정중:0
17:10:23  보정동쪽:0.00
17:10:23  보정북쪽:0.00
17:10:23  UWB유효:1
17:10:23  UWB원시거리:2.300
17:10:23  UWB보정거리:2.075
17:10:23  UWB접근속도:-0.652
17:10:23  UWB_RSSI:nan
17:10:23  UWB경과ms:157
17:10:23  UWB샘플:7428
17:10:23  UWB실패:165
17:10:23  UWB보정:1
17:10:23  UWB보정중:0
17:10:23  UWB보정샘플:100
17:10:23  UWB보정기준:3.000
17:10:23  UWB오프셋:0.234
17:10:23  UWB위험사용:0
17:10:23  UWB전송:7425
17:10:23  위험송신:0
17:10:23  시각ms:1534156
17:10:23  IMU시각ms:1534132
17:10:23  위험:0
17:10:23  원시위험:0
17:10:23  GPS유효:1
17:10:23  위도:37.495922
17:10:23  경도:126.956124
17:10:23  속도:0.01
17:10:23  방향:290.8
17:10:23  이동방향유효:0
17:10:23  GPS이동방향:290.8
17:10:23  차체방향유효:0
17:10:23  차체방향:0.0
17:10:23  후진판정:0
17:10:23  IMU요회전속도:0.00
17:10:23  방향가속도크기:9.68
17:10:23  방향자이로크기:2.52
17:10:23  방향자세cos:0.9999
17:10:23  자기모델잔차:26.56
17:10:23  자기모델반경:0.942
17:10:23  방향채택:0
17:10:23  방향거부:165565
17:10:23  GPS원시속도:0.005
17:10:23  GPS원시방향유효:1
17:10:23  GPS원시방향:290.8
17:10:23  가속도:-0.46,0.33,9.66
17:10:23  자이로:0.0,2.5,0.6
17:10:23  자력계:9.150,5.100,20.550
17:10:23  충격값:0.09
17:10:23  충격피크:0.09
17:10:23  마지막충격발생값:0.00
17:10:23  마지막충격발생ms:0
17:10:23  송신:14599
17:10:23  지팡이수신:9841
17:10:23  GPS위성:9
17:10:23  GPS_HDOP:1.20
17:10:23  원시위도:37.495924
17:10:23  원시경도:126.956122
17:10:23  GPS채택:1519
17:10:23  GPS이상치거부:0
17:10:23  GPS품질거부:0
17:10:23  GPS재기준:0
17:10:23  계산거리:-1.00
17:10:23  접근속도:0.00
17:10:23  TTC:999.00
17:10:23  방향오차:0.0
17:10:23  전방여부:0
17:10:23  위험음성횟수:0
17:10:23  충격음성횟수:0
17:10:23  마지막위험음성:0
17:10:23  RSSI원시:-50
17:10:23  RSSI평활:-49.5
17:10:23  RSSI샘플:9841
17:10:23  RSSI경과ms:198
17:10:23  RSSI구간:4
17:10:23  RSSI거리:0.81
17:10:23  상대보정:0
17:10:23  상대보정중:0
17:10:23  보정동쪽:0.00
17:10:23  보정북쪽:0.00
17:10:23  UWB유효:1
17:10:23  UWB원시거리:2.300
17:10:23  UWB보정거리:2.075
17:10:23  UWB접근속도:-0.652
17:10:23  UWB_RSSI:nan
17:10:23  UWB경과ms:193
17:10:23  UWB샘플:7428
17:10:23  UWB실패:165
17:10:23  UWB보정:1
17:10:23  UWB보정중:0
17:10:23  UWB보정샘플:100
17:10:23  UWB보정기준:3.000
17:10:23  UWB오프셋:0.234
17:10:23  UWB위험사용:0
17:10:23  UWB전송:7425
17:10:23  위험송신:0
17:10:24  시각ms:1534170
17:10:24  IMU시각ms:1534166
17:10:24  위험:0
17:10:24  원시위험:0
17:10:24  GPS유효:1
17:10:24  위도:37.495922
17:10:24  경도:126.956124
17:10:24  속도:0.01
17:10:24  방향:290.8
17:10:24  이동방향유효:0
17:10:24  GPS이동방향:290.8
17:10:24  차체방향유효:0
17:10:24  차체방향:0.0
17:10:24  후진판정:0
17:10:24  IMU요회전속도:0.00
17:10:24  방향가속도크기:9.76
17:10:24  방향자이로크기:3.24
17:10:24  방향자세cos:1.0000
17:10:24  자기모델잔차:25.94
17:10:24  자기모델반경:0.933
17:10:24  방향채택:0
17:10:24  방향거부:165566
17:10:24  GPS원시속도:0.005
17:10:24  GPS원시방향유효:1
17:10:24  GPS원시방향:290.8
17:10:24  가속도:-0.37,0.46,9.74
17:10:24  자이로:2.8,-1.5,-0.8
17:10:24  자력계:10.500,4.800,19.950
17:10:24  충격값:0.11
17:10:24  충격피크:0.11
17:10:24  마지막충격발생값:0.00
17:10:24  마지막충격발생ms:0
17:10:24  송신:14599
17:10:24  지팡이수신:9841
17:10:24  GPS위성:9
17:10:24  GPS_HDOP:1.20
17:10:24  원시위도:37.495924
17:10:24  원시경도:126.956122
17:10:24  GPS채택:1519
17:10:24  GPS이상치거부:0
17:10:24  GPS품질거부:0
17:10:24  GPS재기준:0
17:10:24  계산거리:-1.00
17:10:24  접근속도:0.00
17:10:24  TTC:999.00
17:10:24  방향오차:0.0
17:10:24  전방여부:0
17:10:24  위험음성횟수:0
17:10:24  충격음성횟수:0
17:10:24  마지막위험음성:0
17:10:24  RSSI원시:-50
17:10:24  RSSI평활:-49.5
17:10:24  RSSI샘플:9841
17:10:24  RSSI경과ms:212
17:10:24  RSSI구간:4
17:10:24  RSSI거리:0.81
17:10:24  상대보정:0
17:10:24  상대보정중:0
17:10:24  보정동쪽:0.00
17:10:24  보정북쪽:0.00
17:10:24  UWB유효:1
17:10:24  UWB원시거리:2.390
17:10:24  UWB보정거리:2.183
17:10:24  UWB접근속도:-0.614
17:10:24  UWB_RSSI:nan
17:10:24  UWB경과ms:1
17:10:24  UWB샘플:7429
17:10:24  UWB실패:165
17:10:24  UWB보정:1
17:10:24  UWB보정중:0
17:10:24  UWB보정샘플:100
17:10:24  UWB보정기준:3.000
17:10:24  UWB오프셋:0.234
17:10:24  UWB위험사용:0
17:10:24  UWB전송:7426
17:10:24  위험송신:0
17:10:24  시각ms:1534250
17:10:24  IMU시각ms:1534249
17:10:24  위험:0
17:10:24  원시위험:0
17:10:24  GPS유효:1
17:10:24  위도:37.495922
17:10:24  경도:126.956124
17:10:24  속도:0.01
17:10:24  방향:290.8
17:10:24  이동방향유효:0
17:10:24  GPS이동방향:290.8
17:10:24  차체방향유효:0
17:10:24  차체방향:0.0
17:10:24  후진판정:0
17:10:24  IMU요회전속도:0.00
17:10:24  방향가속도크기:9.62
17:10:24  방향자이로크기:3.20
17:10:24  방향자세cos:0.9999
17:10:24  자기모델잔차:24.41
17:10:24  자기모델반경:0.976
17:10:24  방향채택:0
17:10:24  방향거부:165575
17:10:24  GPS원시속도:0.005
17:10:24  GPS원시방향유효:1
17:10:24  GPS원시방향:290.8
17:10:24  가속도:-0.31,0.43,9.61
17:10:24  자이로:-1.9,-1.8,-1.8
17:10:24  자력계:8.400,5.850,18.300
17:10:24  충격값:0.15
17:10:24  충격피크:0.15
17:10:24  마지막충격발생값:0.00
17:10:24  마지막충격발생ms:0
17:10:24  송신:14600
17:10:24  지팡이수신:9842
17:10:24  GPS위성:9
17:10:24  GPS_HDOP:1.20
17:10:24  원시위도:37.495924
17:10:24  원시경도:126.956122
17:10:24  GPS채택:1519
17:10:24  GPS이상치거부:0
17:10:24  GPS품질거부:0
17:10:24  GPS재기준:0
17:10:24  계산거리:-1.00
17:10:24  접근속도:0.00
17:10:24  TTC:999.00
17:10:24  방향오차:0.0
17:10:24  전방여부:0
17:10:24  위험음성횟수:0
17:10:24  충격음성횟수:0
17:10:24  마지막위험음성:0
17:10:24  RSSI원시:-51
17:10:24  RSSI평활:-49.8
17:10:24  RSSI샘플:9842
17:10:24  RSSI경과ms:46
17:10:24  RSSI구간:4
17:10:24  RSSI거리:0.83
17:10:24  상대보정:0
17:10:24  상대보정중:0
17:10:24  보정동쪽:0.00
17:10:24  보정북쪽:0.00
17:10:24  UWB유효:1
17:10:24  UWB원시거리:2.390
17:10:24  UWB보정거리:2.183
17:10:24  UWB접근속도:-0.614
17:10:24  UWB_RSSI:nan
17:10:24  UWB경과ms:81
17:10:24  UWB샘플:7429
17:10:24  UWB실패:165
17:10:24  UWB보정:1
17:10:24  UWB보정중:0
17:10:24  UWB보정샘플:100
17:10:24  UWB보정기준:3.000
17:10:24  UWB오프셋:0.234
17:10:24  UWB위험사용:0
17:10:24  UWB전송:7426
17:10:24  위험송신:0
17:10:24  시각ms:1534354
17:10:24  IMU시각ms:1534353
17:10:24  위험:0
17:10:24  원시위험:0
17:10:24  GPS유효:1
17:10:24  위도:37.495922
17:10:24  경도:126.956124
17:10:24  속도:0.01
17:10:24  방향:290.8
17:10:24  이동방향유효:0
17:10:24  GPS이동방향:290.8
17:10:24  차체방향유효:0
17:10:24  차체방향:0.0
17:10:24  후진판정:0
17:10:24  IMU요회전속도:0.00
17:10:24  방향가속도크기:9.64
17:10:24  방향자이로크기:2.37
17:10:24  방향자세cos:0.9999
17:10:24  자기모델잔차:26.87
17:10:24  자기모델반경:0.902
17:10:24  방향채택:0
17:10:24  방향거부:165586
17:10:24  GPS원시속도:0.005
17:10:24  GPS원시방향유효:1
17:10:24  GPS원시방향:290.8
17:10:24  가속도:-0.41,0.32,9.62
17:10:24  자이로:0.0,-2.4,-0.0
17:10:24  자력계:9.150,3.900,21.000
17:10:24  충격값:0.10
17:10:24  충격피크:0.13
17:10:24  마지막충격발생값:0.00
17:10:24  마지막충격발생ms:0
17:10:24  송신:14601
17:10:24  지팡이수신:9843
17:10:24  GPS위성:9
17:10:24  GPS_HDOP:1.20
17:10:24  원시위도:37.495924
17:10:24  원시경도:126.956122
17:10:24  GPS채택:1519
17:10:24  GPS이상치거부:0
17:10:24  GPS품질거부:0
17:10:24  GPS재기준:0
17:10:24  계산거리:-1.00
17:10:24  접근속도:0.00
17:10:24  TTC:999.00
17:10:24  방향오차:0.0
17:10:24  전방여부:0
17:10:24  위험음성횟수:0
17:10:24  충격음성횟수:0
17:10:24  마지막위험음성:0
17:10:24  RSSI원시:-49
17:10:24  RSSI평활:-49.6
17:10:24  RSSI샘플:9843
17:10:24  RSSI경과ms:65
17:10:24  RSSI구간:4
17:10:24  RSSI거리:0.82
17:10:24  상대보정:0
17:10:24  상대보정중:0
17:10:24  보정동쪽:0.00
17:10:24  보정북쪽:0.00
17:10:24  UWB유효:1
17:10:24  UWB원시거리:2.390
17:10:24  UWB보정거리:2.183
17:10:24  UWB접근속도:-0.614
17:10:24  UWB_RSSI:nan
17:10:24  UWB경과ms:185
17:10:24  UWB샘플:7429
17:10:24  UWB실패:165
17:10:24  UWB보정:1
17:10:24  UWB보정중:0
17:10:24  UWB보정샘플:100
17:10:24  UWB보정기준:3.000
17:10:24  UWB오프셋:0.234
17:10:24  UWB위험사용:0
17:10:24  UWB전송:7426
17:10:24  위험송신:0
17:10:24  시각ms:1534586
17:10:24  IMU시각ms:1534586
17:10:24  위험:0
17:10:24  원시위험:0
17:10:24  GPS유효:1
17:10:24  위도:37.495922
17:10:24  경도:126.956124
17:10:24  속도:0.01
17:10:24  방향:290.8
17:10:24  이동방향유효:0
17:10:24  GPS이동방향:290.8
17:10:24  차체방향유효:0
17:10:24  차체방향:0.0
17:10:24  후진판정:0
17:10:24  IMU요회전속도:0.00
17:10:24  방향가속도크기:9.77
17:10:24  방향자이로크기:1.32
17:10:24  방향자세cos:0.9999
17:10:24  자기모델잔차:26.16
17:10:24  자기모델반경:0.917
17:10:24  방향채택:0
17:10:24  방향거부:165611
17:10:24  GPS원시속도:0.005
17:10:24  GPS원시방향유효:1
17:10:24  GPS원시방향:290.8
17:10:24  가속도:-0.35,0.44,9.76
17:10:24  자이로:1.2,-0.0,-0.5
17:10:24  자력계:8.400,4.200,20.250
17:10:24  충격값:0.11
17:10:24  충격피크:0.11
17:10:24  마지막충격발생값:0.00
17:10:24  마지막충격발생ms:0
17:10:24  송신:14603
17:10:24  지팡이수신:9845
17:10:24  GPS위성:9
17:10:24  GPS_HDOP:1.20
17:10:24  원시위도:37.495924
17:10:24  원시경도:126.956122
17:10:24  GPS채택:1519
17:10:24  GPS이상치거부:0
17:10:24  GPS품질거부:0
17:10:24  GPS재기준:0
17:10:24  계산거리:-1.00
17:10:24  접근속도:0.00
17:10:24  TTC:999.00
17:10:24  방향오차:0.0
17:10:24  전방여부:0
17:10:24  위험음성횟수:0
17:10:24  충격음성횟수:0
17:10:24  마지막위험음성:0
17:10:24  RSSI원시:-50
17:10:24  RSSI평활:-49.6
17:10:24  RSSI샘플:9845
17:10:24  RSSI경과ms:123
17:10:24  RSSI구간:4
17:10:24  RSSI거리:0.82
17:10:24  상대보정:0
17:10:24  상대보정중:0
17:10:24  보정동쪽:0.00
17:10:24  보정북쪽:0.00
17:10:24  UWB유효:1
17:10:24  UWB원시거리:2.630
17:10:24  UWB보정거리:2.418
17:10:24  UWB접근속도:-0.606
17:10:24  UWB_RSSI:nan
17:10:24  UWB경과ms:27
17:10:24  UWB샘플:7431
17:10:24  UWB실패:165
17:10:24  UWB보정:1
17:10:24  UWB보정중:0
17:10:24  UWB보정샘플:100
17:10:24  UWB보정기준:3.000
17:10:24  UWB오프셋:0.234
17:10:24  UWB위험사용:0
17:10:24  UWB전송:7428
17:10:24  위험송신:0
17:10:24  시각ms:1534613
17:10:24  IMU시각ms:1534613
17:10:24  위험:0
17:10:24  원시위험:0
17:10:24  GPS유효:1
17:10:24  위도:37.495922
17:10:24  경도:126.956124
17:10:24  속도:0.01
17:10:24  방향:290.8
17:10:24  이동방향유효:0
17:10:24  GPS이동방향:290.8
17:10:24  차체방향유효:0
17:10:24  차체방향:0.0
17:10:24  후진판정:0
17:10:24  IMU요회전속도:0.00
17:10:24  방향가속도크기:9.81
17:10:24  방향자이로크기:3.62
17:10:24  방향자세cos:0.9998
17:10:24  자기모델잔차:26.88
17:10:24  자기모델반경:0.902
17:10:24  방향채택:0
17:10:24  방향거부:165614
17:10:24  GPS원시속도:0.005
17:10:24  GPS원시방향유효:1
17:10:24  GPS원시방향:290.8
17:10:24  가속도:-0.37,0.29,9.80
17:10:24  자이로:1.4,1.5,-3.0
17:10:24  자력계:9.450,3.900,21.000
17:10:24  충격값:0.11
17:10:24  충격피크:0.11
17:10:24  마지막충격발생값:0.00
17:10:24  마지막충격발생ms:0
17:10:24  송신:14603
17:10:24  지팡이수신:9846
17:10:24  GPS위성:9
17:10:24  GPS_HDOP:1.20
17:10:24  원시위도:37.495924
17:10:24  원시경도:126.956122
17:10:24  GPS채택:1519
17:10:24  GPS이상치거부:0
17:10:24  GPS품질거부:0
17:10:24  GPS재기준:0
17:10:24  계산거리:-1.00
17:10:24  접근속도:0.00
17:10:24  TTC:999.00
17:10:24  방향오차:0.0
17:10:24  전방여부:0
17:10:24  위험음성횟수:0
17:10:24  충격음성횟수:0
17:10:24  마지막위험음성:0
17:10:24  RSSI원시:-47
17:10:24  RSSI평활:-49.1
17:10:24  RSSI샘플:9846
17:10:24  RSSI경과ms:26
17:10:24  RSSI구간:4
17:10:24  RSSI거리:0.80
17:10:24  상대보정:0
17:10:24  상대보정중:0
17:10:24  보정동쪽:0.00
17:10:24  보정북쪽:0.00
17:10:24  UWB유효:1
17:10:24  UWB원시거리:2.630
17:10:24  UWB보정거리:2.418
17:10:24  UWB접근속도:-0.606
17:10:24  UWB_RSSI:nan
17:10:24  UWB경과ms:54
17:10:24  UWB샘플:7431
17:10:24  UWB실패:165
17:10:24  UWB보정:1
17:10:24  UWB보정중:0
17:10:24  UWB보정샘플:100
17:10:24  UWB보정기준:3.000
17:10:24  UWB오프셋:0.234
17:10:24  UWB위험사용:0
17:10:24  UWB전송:7428
17:10:24  위험송신:0
17:10:24  시각ms:1534640
17:10:24  IMU시각ms:1534640
17:10:24  위험:0
17:10:24  원시위험:0
17:10:24  GPS유효:1
17:10:24  위도:37.495922
17:10:24  경도:126.956124
17:10:24  속도:0.01
17:10:24  방향:290.8
17:10:24  이동방향유효:0
17:10:24  GPS이동방향:290.8
17:10:24  차체방향유효:0
17:10:24  차체방향:0.0
17:10:24  후진판정:0
17:10:24  IMU요회전속도:0.00
17:10:24  방향가속도크기:9.73
17:10:24  방향자이로크기:1.61
17:10:24  방향자세cos:0.9999
17:10:24  자기모델잔차:26.24
17:10:24  자기모델반경:0.895
17:10:24  방향채택:0
17:10:24  방향거부:165617
17:10:24  GPS원시속도:0.005
17:10:24  GPS원시방향유효:1
17:10:24  GPS원시방향:290.8
17:10:24  가속도:-0.39,0.34,9.72
17:10:24  자이로:0.7,-1.4,-0.1
17:10:24  자력계:9.300,3.600,20.400
17:10:24  충격값:0.02
17:10:24  충격피크:0.16
17:10:24  마지막충격발생값:0.00
17:10:24  마지막충격발생ms:0
17:10:24  송신:14603
17:10:24  지팡이수신:9846
17:10:24  GPS위성:9
17:10:24  GPS_HDOP:1.20
17:10:24  원시위도:37.495924
17:10:24  원시경도:126.956122
17:10:24  GPS채택:1519
17:10:24  GPS이상치거부:0
17:10:24  GPS품질거부:0
17:10:24  GPS재기준:0
17:10:24  계산거리:-1.00
17:10:24  접근속도:0.00
17:10:24  TTC:999.00
17:10:24  방향오차:0.0
17:10:24  전방여부:0
17:10:24  위험음성횟수:0
17:10:24  충격음성횟수:0
17:10:24  마지막위험음성:0
17:10:24  RSSI원시:-47
17:10:24  RSSI평활:-49.1
17:10:24  RSSI샘플:9846
17:10:24  RSSI경과ms:53
17:10:24  RSSI구간:4
17:10:24  RSSI거리:0.80
17:10:24  상대보정:0
17:10:24  상대보정중:0
17:10:24  보정동쪽:0.00
17:10:24  보정북쪽:0.00
17:10:24  UWB유효:1
17:10:24  UWB원시거리:2.630
17:10:24  UWB보정거리:2.418
17:10:24  UWB접근속도:-0.606
17:10:24  UWB_RSSI:nan
17:10:24  UWB경과ms:81
17:10:24  UWB샘플:7431
17:10:24  UWB실패:165
17:10:24  UWB보정:1
17:10:24  UWB보정중:0
17:10:24  UWB보정샘플:100
17:10:24  UWB보정기준:3.000
17:10:24  UWB오프셋:0.234
17:10:24  UWB위험사용:0
17:10:24  UWB전송:7428
17:10:24  위험송신:0
17:10:24  시각ms:1534670
17:10:24  IMU시각ms:1534669
17:10:24  위험:0
17:10:24  원시위험:0
17:10:24  GPS유효:1
17:10:24  위도:37.495922
17:10:24  경도:126.956124
17:10:24  속도:0.01
17:10:24  방향:290.8
17:10:24  이동방향유효:0
17:10:24  GPS이동방향:290.8
17:10:24  차체방향유효:0
17:10:24  차체방향:0.0
17:10:24  후진판정:0
17:10:24  IMU요회전속도:0.00
17:10:24  방향가속도크기:9.79
17:10:24  방향자이로크기:2.19
17:10:24  방향자세cos:0.9999
17:10:24  자기모델잔차:25.86
17:10:24  자기모델반경:0.909
17:10:24  방향채택:0
17:10:24  방향거부:165620
17:10:24  GPS원시속도:0.005
17:10:24  GPS원시방향유효:1
17:10:24  GPS원시방향:290.8
17:10:24  가속도:-0.34,0.38,9.77
17:10:24  자이로:1.8,0.6,1.1
17:10:24  자력계:10.500,4.050,19.950
17:10:24  충격값:0.09
17:10:24  충격피크:0.16
17:10:24  마지막충격발생값:0.00
17:10:24  마지막충격발생ms:0
17:10:24  송신:14604
17:10:24  지팡이수신:9847
17:10:24  GPS위성:9
17:10:24  GPS_HDOP:1.20
17:10:24  원시위도:37.495924
17:10:24  원시경도:126.956122
17:10:24  GPS채택:1519
17:10:24  GPS이상치거부:0
17:10:24  GPS품질거부:0
17:10:24  GPS재기준:0
17:10:24  계산거리:-1.00
17:10:24  접근속도:0.00
17:10:24  TTC:999.00
17:10:24  방향오차:0.0
17:10:24  전방여부:0
17:10:24  위험음성횟수:0
17:10:24  충격음성횟수:0
17:10:24  마지막위험음성:0
17:10:24  RSSI원시:-54
17:10:24  RSSI평활:-50.1
17:10:24  RSSI샘플:9847
17:10:24  RSSI경과ms:7
17:10:24  RSSI구간:4
17:10:24  RSSI거리:0.86
17:10:24  상대보정:0
17:10:24  상대보정중:0
17:10:24  보정동쪽:0.00
17:10:24  보정북쪽:0.00
17:10:24  UWB유효:1
17:10:24  UWB원시거리:2.630
17:10:24  UWB보정거리:2.418
17:10:24  UWB접근속도:-0.606
17:10:24  UWB_RSSI:nan
17:10:24  UWB경과ms:111
17:10:24  UWB샘플:7431
17:10:24  UWB실패:165
17:10:24  UWB보정:1
17:10:24  UWB보정중:0
17:10:24  UWB보정샘플:100
17:10:24  UWB보정기준:3.000
17:10:24  UWB오프셋:0.234
17:10:24  UWB위험사용:0
17:10:24  UWB전송:7428
17:10:24  위험송신:0
17:10:24  시각ms:1534717
17:10:24  IMU시각ms:1534717
17:10:24  위험:0
17:10:24  원시위험:0
17:10:24  GPS유효:1
17:10:24  위도:37.495923
17:10:24  경도:126.956123
17:10:24  속도:0.02
17:10:24  방향:290.8
17:10:24  이동방향유효:0
17:10:24  GPS이동방향:290.8
17:10:24  차체방향유효:0
17:10:24  차체방향:0.0
17:10:24  후진판정:0
17:10:24  IMU요회전속도:0.00
17:10:24  방향가속도크기:9.74
17:10:24  방향자이로크기:3.86
17:10:24  방향자세cos:0.9996
17:10:24  자기모델잔차:25.99
17:10:24  자기모델반경:0.947
17:10:24  방향채택:0
17:10:24  방향거부:165625
17:10:24  GPS원시속도:0.026
17:10:24  GPS원시방향유효:1
17:10:24  GPS원시방향:290.8
17:10:24  가속도:-0.23,0.31,9.73
17:10:24  자이로:-0.7,-2.9,-2.4
17:10:24  자력계:10.050,5.250,19.950
17:10:24  충격값:0.18
17:10:24  충격피크:0.18
17:10:24  마지막충격발생값:0.00
17:10:24  마지막충격발생ms:0
17:10:24  송신:14604
17:10:24  지팡이수신:9847
17:10:24  GPS위성:9
17:10:24  GPS_HDOP:1.11
17:10:24  원시위도:37.495925
17:10:24  원시경도:126.956120
17:10:24  GPS채택:1520
17:10:24  GPS이상치거부:0
17:10:24  GPS품질거부:0
17:10:24  GPS재기준:0
17:10:24  계산거리:-1.00
17:10:24  접근속도:0.00
17:10:24  TTC:999.00
17:10:24  방향오차:0.0
17:10:24  전방여부:0
17:10:24  위험음성횟수:0
17:10:24  충격음성횟수:0
17:10:24  마지막위험음성:0
17:10:24  RSSI원시:-54
17:10:24  RSSI평활:-50.1
17:10:24  RSSI샘플:9847
17:10:24  RSSI경과ms:54
17:10:24  RSSI구간:4
17:10:24  RSSI거리:0.86
17:10:24  상대보정:0
17:10:24  상대보정중:0
17:10:24  보정동쪽:0.00
17:10:24  보정북쪽:0.00
17:10:24  UWB유효:1
17:10:24  UWB원시거리:2.630
17:10:24  UWB보정거리:2.418
17:10:24  UWB접근속도:-0.606
17:10:24  UWB_RSSI:nan
17:10:24  UWB경과ms:158
17:10:24  UWB샘플:7431
17:10:24  UWB실패:165
17:10:24  UWB보정:1
17:10:24  UWB보정중:0
17:10:24  UWB보정샘플:100
17:10:24  UWB보정기준:3.000
17:10:24  UWB오프셋:0.234
17:10:24  UWB위험사용:0
17:10:24  UWB전송:7428
17:10:24  위험송신:0
17:10:24  시각ms:1534744
17:10:24  IMU시각ms:1534744
17:10:24  위험:0
17:10:24  원시위험:0
17:10:24  GPS유효:1
17:10:24  위도:37.495923
17:10:24  경도:126.956123
17:10:24  속도:0.02
17:10:24  방향:290.8
17:10:24  이동방향유효:0
17:10:24  GPS이동방향:290.8
17:10:24  차체방향유효:0
17:10:24  차체방향:0.0
17:10:24  후진판정:0
17:10:24  IMU요회전속도:0.00
17:10:24  방향가속도크기:9.75
17:10:24  방향자이로크기:1.84
17:10:24  방향자세cos:0.9999
17:10:24  자기모델잔차:26.12
17:10:24  자기모델반경:0.907
17:10:24  방향채택:0
17:10:24  방향거부:165628
17:10:24  GPS원시속도:0.026
17:10:24  GPS원시방향유효:1
17:10:24  GPS원시방향:290.8
17:10:24  가속도:-0.36,0.39,9.74
17:10:24  자이로:-0.6,-0.9,1.5
17:10:24  자력계:8.400,3.900,20.250
17:10:24  충격값:0.07
17:10:24  충격피크:0.16
17:10:24  마지막충격발생값:0.00
17:10:24  마지막충격발생ms:0
17:10:24  송신:14604
17:10:24  지팡이수신:9847
17:10:24  GPS위성:9
17:10:24  GPS_HDOP:1.11
17:10:24  원시위도:37.495925
17:10:24  원시경도:126.956120
17:10:24  GPS채택:1520
17:10:24  GPS이상치거부:0
17:10:24  GPS품질거부:0
17:10:24  GPS재기준:0
17:10:24  계산거리:-1.00
17:10:24  접근속도:0.00
17:10:24  TTC:999.00
17:10:24  방향오차:0.0
17:10:24  전방여부:0
17:10:24  위험음성횟수:0
17:10:24  충격음성횟수:0
17:10:24  마지막위험음성:0
17:10:24  RSSI원시:-54
17:10:24  RSSI평활:-50.1
17:10:24  RSSI샘플:9847
17:10:24  RSSI경과ms:81
17:10:24  RSSI구간:4
17:10:24  RSSI거리:0.86
17:10:24  상대보정:0
17:10:24  상대보정중:0
17:10:24  보정동쪽:0.00
17:10:24  보정북쪽:0.00
17:10:24  UWB유효:1
17:10:24  UWB원시거리:2.630
17:10:24  UWB보정거리:2.418
17:10:24  UWB접근속도:-0.606
17:10:24  UWB_RSSI:nan
17:10:24  UWB경과ms:185
17:10:24  UWB샘플:7431
17:10:24  UWB실패:165
17:10:24  UWB보정:1
17:10:24  UWB보정중:0
17:10:24  UWB보정샘플:100
17:10:24  UWB보정기준:3.000
17:10:24  UWB오프셋:0.234
17:10:24  UWB위험사용:0
17:10:24  UWB전송:7428
17:10:24  위험송신:0
17:10:24  시각ms:1534767
17:10:24  IMU시각ms:1534765
17:10:24  위험:0
17:10:24  원시위험:0
17:10:24  GPS유효:1
17:10:24  위도:37.495923
17:10:24  경도:126.956123
17:10:24  속도:0.02
17:10:24  방향:290.8
17:10:24  이동방향유효:0
17:10:24  GPS이동방향:290.8
17:10:24  차체방향유효:0
17:10:24  차체방향:0.0
17:10:24  후진판정:0
17:10:24  IMU요회전속도:0.00
17:10:24  방향가속도크기:9.72
17:10:24  방향자이로크기:0.60
17:10:24  방향자세cos:0.9999
17:10:24  자기모델잔차:24.73
17:10:24  자기모델반경:0.932
17:10:24  방향채택:0
17:10:24  방향거부:165630
17:10:24  GPS원시속도:0.026
17:10:24  GPS원시방향유효:1
17:10:24  GPS원시방향:290.8
17:10:24  가속도:-0.45,0.35,9.70
17:10:24  자이로:-0.2,0.1,0.6
17:10:24  자력계:10.200,4.650,18.750
17:10:24  충격값:0.05
17:10:24  충격피크:0.18
17:10:24  마지막충격발생값:0.00
17:10:24  마지막충격발생ms:0
17:10:24  송신:14605
17:10:24  지팡이수신:9847
17:10:24  GPS위성:9
17:10:24  GPS_HDOP:1.11
17:10:24  원시위도:37.495925
17:10:24  원시경도:126.956120
17:10:24  GPS채택:1520
17:10:24  GPS이상치거부:0
17:10:24  GPS품질거부:0
17:10:24  GPS재기준:0
17:10:24  계산거리:-1.00
17:10:24  접근속도:0.00
17:10:24  TTC:999.00
17:10:24  방향오차:0.0
17:10:24  전방여부:0
17:10:24  위험음성횟수:0
17:10:24  충격음성횟수:0
17:10:24  마지막위험음성:0
17:10:24  RSSI원시:-54
17:10:24  RSSI평활:-50.1
17:10:24  RSSI샘플:9847
17:10:24  RSSI경과ms:104
17:10:24  RSSI구간:4
17:10:24  RSSI거리:0.86
17:10:24  상대보정:0
17:10:24  상대보정중:0
17:10:24  보정동쪽:0.00
17:10:24  보정북쪽:0.00
17:10:24  UWB유효:1
17:10:24  UWB원시거리:2.740
17:10:24  UWB보정거리:2.518
17:10:24  UWB접근속도:-0.569
17:10:24  UWB_RSSI:nan
17:10:24  UWB경과ms:1
17:10:24  UWB샘플:7432
17:10:24  UWB실패:165
17:10:24  UWB보정:1
17:10:24  UWB보정중:0
17:10:24  UWB보정샘플:100
17:10:24  UWB보정기준:3.000
17:10:24  UWB오프셋:0.234
17:10:24  UWB위험사용:0
17:10:24  UWB전송:7429
17:10:24  위험송신:0
17:10:24  시각ms:1534795
17:10:24  IMU시각ms:1534794
17:10:24  위험:0
17:10:24  원시위험:0
17:10:24  GPS유효:1
17:10:24  위도:37.495923
17:10:24  경도:126.956123
17:10:24  속도:0.02
17:10:24  방향:290.8
17:10:24  이동방향유효:0
17:10:24  GPS이동방향:290.8
17:10:24  차체방향유효:0
17:10:24  차체방향:0.0
17:10:24  후진판정:0
17:10:24  IMU요회전속도:0.00
17:10:24  방향가속도크기:9.82
17:10:24  방향자이로크기:3.10
17:10:24  방향자세cos:0.9998
17:10:24  자기모델잔차:23.45
17:10:24  자기모델반경:0.960
17:10:24  방향채택:0
17:10:24  방향거부:165633
17:10:24  GPS원시속도:0.026
17:10:24  GPS원시방향유효:1
17:10:24  GPS원시방향:290.8
17:10:24  가속도:-0.44,0.29,9.81
17:10:24  자이로:1.0,2.8,-0.9
17:10:24  자력계:8.550,5.250,17.400
17:10:24  충격값:0.11
17:10:24  충격피크:0.11
17:10:24  마지막충격발생값:0.00
17:10:24  마지막충격발생ms:0
17:10:24  송신:14605
17:10:24  지팡이수신:9848
17:10:24  GPS위성:9
17:10:24  GPS_HDOP:1.11
17:10:24  원시위도:37.495925
17:10:24  원시경도:126.956120
17:10:24  GPS채택:1520
17:10:24  GPS이상치거부:0
17:10:24  GPS품질거부:0
17:10:24  GPS재기준:0
17:10:24  계산거리:-1.00
17:10:24  접근속도:0.00
17:10:24  TTC:999.00
17:10:24  방향오차:0.0
17:10:24  전방여부:0
17:10:24  위험음성횟수:0
17:10:24  충격음성횟수:0
17:10:24  마지막위험음성:0
17:10:24  RSSI원시:-55
17:10:24  RSSI평활:-51.1
17:10:24  RSSI샘플:9848
17:10:24  RSSI경과ms:6
17:10:24  RSSI구간:4
17:10:24  RSSI거리:0.94
17:10:24  상대보정:0
17:10:24  상대보정중:0
17:10:24  보정동쪽:0.00
17:10:24  보정북쪽:0.00
17:10:24  UWB유효:1
17:10:24  UWB원시거리:2.740
17:10:24  UWB보정거리:2.518
17:10:24  UWB접근속도:-0.569
17:10:24  UWB_RSSI:nan
17:10:24  UWB경과ms:29
17:10:24  UWB샘플:7432
17:10:24  UWB실패:165
17:10:24  UWB보정:1
17:10:24  UWB보정중:0
17:10:24  UWB보정샘플:100
17:10:24  UWB보정기준:3.000
17:10:24  UWB오프셋:0.234
17:10:24  UWB위험사용:0
17:10:24  UWB전송:7429
17:10:24  위험송신:0
17:10:24  시각ms:1534816
17:10:24  IMU시각ms:1534816
17:10:24  위험:0
17:10:24  원시위험:0
17:10:24  GPS유효:1
17:10:24  위도:37.495923
17:10:24  경도:126.956123
17:10:24  속도:0.02
17:10:24  방향:290.8
17:10:24  이동방향유효:0
17:10:24  GPS이동방향:290.8
17:10:24  차체방향유효:0
17:10:24  차체방향:0.0
17:10:24  후진판정:0
17:10:24  IMU요회전속도:0.00
17:10:24  방향가속도크기:9.77
17:10:24  방향자이로크기:1.42
17:10:24  방향자세cos:0.9996
17:10:24  자기모델잔차:25.11
17:10:24  자기모델반경:0.913
17:10:24  방향채택:0
17:10:24  방향거부:165635
17:10:24  GPS원시속도:0.026
17:10:24  GPS원시방향유효:1
17:10:24  GPS원시방향:290.8
17:10:24  가속도:-0.44,0.22,9.76
17:10:24  자이로:0.5,0.9,-1.0
17:10:24  자력계:9.600,4.050,19.200
17:10:24  충격값:0.14
17:10:24  충격피크:0.14
17:10:24  마지막충격발생값:0.00
17:10:24  마지막충격발생ms:0
17:10:24  송신:14605
17:10:24  지팡이수신:9848
17:10:24  GPS위성:9
17:10:24  GPS_HDOP:1.11
17:10:24  원시위도:37.495925
17:10:24  원시경도:126.956120
17:10:24  GPS채택:1520
17:10:24  GPS이상치거부:0
17:10:24  GPS품질거부:0
17:10:24  GPS재기준:0
17:10:24  계산거리:-1.00
17:10:24  접근속도:0.00
17:10:24  TTC:999.00
17:10:24  방향오차:0.0
17:10:24  전방여부:0
17:10:24  위험음성횟수:0
17:10:24  충격음성횟수:0
17:10:24  마지막위험음성:0
17:10:24  RSSI원시:-55
17:10:24  RSSI평활:-51.1
17:10:24  RSSI샘플:9848
17:10:24  RSSI경과ms:27
17:10:24  RSSI구간:4
17:10:24  RSSI거리:0.94
17:10:24  상대보정:0
17:10:24  상대보정중:0
17:10:24  보정동쪽:0.00
17:10:24  보정북쪽:0.00
17:10:24  UWB유효:1
17:10:24  UWB원시거리:2.740
17:10:24  UWB보정거리:2.518
17:10:24  UWB접근속도:-0.569
17:10:24  UWB_RSSI:nan
17:10:24  UWB경과ms:50
17:10:24  UWB샘플:7432
17:10:24  UWB실패:165
17:10:24  UWB보정:1
17:10:24  UWB보정중:0
17:10:24  UWB보정샘플:100
17:10:24  UWB보정기준:3.000
17:10:24  UWB오프셋:0.234
17:10:24  UWB위험사용:0
17:10:24  UWB전송:7429
17:10:24  위험송신:0
17:10:24  시각ms:1534836
17:10:24  IMU시각ms:1534836
17:10:24  위험:0
17:10:24  원시위험:0
17:10:24  GPS유효:1
17:10:24  위도:37.495923
17:10:24  경도:126.956123
17:10:24  속도:0.02
17:10:24  방향:290.8
17:10:24  이동방향유효:0
17:10:24  GPS이동방향:290.8
17:10:24  차체방향유효:0
17:10:24  차체방향:0.0
17:10:24  후진판정:0
17:10:24  IMU요회전속도:0.00
17:10:24  방향가속도크기:9.73
17:10:24  방향자이로크기:0.46
17:10:24  방향자세cos:0.9999
17:10:24  자기모델잔차:26.22
17:10:24  자기모델반경:0.928
17:10:24  방향채택:0
17:10:24  방향거부:165637
17:10:24  GPS원시속도:0.026
17:10:24  GPS원시방향유효:1
17:10:24  GPS원시방향:290.8
17:10:24  가속도:-0.35,0.41,9.72
17:10:24  자이로:0.0,-0.4,-0.2
17:10:24  자력계:9.450,4.650,20.250
17:10:24  충격값:0.08
17:10:24  충격피크:0.18
17:10:24  마지막충격발생값:0.00
17:10:24  마지막충격발생ms:0
17:10:24  송신:14605
17:10:24  지팡이수신:9848
17:10:24  GPS위성:9
17:10:24  GPS_HDOP:1.11
17:10:24  원시위도:37.495925
17:10:24  원시경도:126.956120
17:10:24  GPS채택:1520
17:10:24  GPS이상치거부:0
17:10:24  GPS품질거부:0
17:10:24  GPS재기준:0
17:10:24  계산거리:-1.00
17:10:24  접근속도:0.00
17:10:24  TTC:999.00
17:10:24  방향오차:0.0
17:10:24  전방여부:0
17:10:24  위험음성횟수:0
17:10:24  충격음성횟수:0
17:10:24  마지막위험음성:0
17:10:24  RSSI원시:-55
17:10:24  RSSI평활:-51.1
17:10:24  RSSI샘플:9848
17:10:24  RSSI경과ms:47
17:10:24  RSSI구간:4
17:10:24  RSSI거리:0.94
17:10:24  상대보정:0
17:10:24  상대보정중:0
17:10:24  보정동쪽:0.00
17:10:24  보정북쪽:0.00
17:10:24  UWB유효:1
17:10:24  UWB원시거리:2.740
17:10:24  UWB보정거리:2.518
17:10:24  UWB접근속도:-0.569
17:10:24  UWB_RSSI:nan
17:10:24  UWB경과ms:70
17:10:24  UWB샘플:7432
17:10:24  UWB실패:165
17:10:24  UWB보정:1
17:10:24  UWB보정중:0
17:10:24  UWB보정샘플:100
17:10:24  UWB보정기준:3.000
17:10:24  UWB오프셋:0.234
17:10:24  UWB위험사용:0
17:10:24  UWB전송:7429
17:10:24  위험송신:0
17:10:24  시각ms:1534856
17:10:24  IMU시각ms:1534855
17:10:24  위험:0
17:10:24  원시위험:0
17:10:24  GPS유효:1
17:10:24  위도:37.495923
17:10:24  경도:126.956123
17:10:24  속도:0.02
17:10:24  방향:290.8
17:10:24  이동방향유효:0
17:10:24  GPS이동방향:290.8
17:10:24  차체방향유효:0
17:10:24  차체방향:0.0
17:10:24  후진판정:0
17:10:24  IMU요회전속도:0.00
17:10:24  방향가속도크기:9.67
17:10:24  방향자이로크기:1.74
17:10:24  방향자세cos:0.9999
17:10:24  자기모델잔차:24.35
17:10:24  자기모델반경:0.921
17:10:24  방향채택:0
17:10:24  방향거부:165639
17:10:24  GPS원시속도:0.026
17:10:24  GPS원시방향유효:1
17:10:24  GPS원시방향:290.8
17:10:24  가속도:-0.38,0.36,9.66
17:10:24  자이로:1.7,0.2,-0.1
17:10:24  자력계:7.800,4.050,18.450
17:10:24  충격값:0.06
17:10:24  충격피크:0.08
17:10:24  마지막충격발생값:0.00
17:10:24  마지막충격발생ms:0
17:10:24  송신:14605
17:10:24  지팡이수신:9848
17:10:24  GPS위성:9
17:10:24  GPS_HDOP:1.11
17:10:24  원시위도:37.495925
17:10:24  원시경도:126.956120
17:10:24  GPS채택:1520
17:10:24  GPS이상치거부:0
17:10:24  GPS품질거부:0
17:10:24  GPS재기준:0
17:10:24  계산거리:-1.00
17:10:24  접근속도:0.00
17:10:24  TTC:999.00
17:10:24  방향오차:0.0
17:10:24  전방여부:0
17:10:24  위험음성횟수:0
17:10:24  충격음성횟수:0
17:10:24  마지막위험음성:0
17:10:24  RSSI원시:-55
17:10:24  RSSI평활:-51.1
17:10:24  RSSI샘플:9848
17:10:24  RSSI경과ms:67
17:10:24  RSSI구간:4
17:10:24  RSSI거리:0.94
17:10:24  상대보정:0
17:10:24  상대보정중:0
17:10:24  보정동쪽:0.00
17:10:24  보정북쪽:0.00
17:10:24  UWB유효:1
17:10:24  UWB원시거리:2.740
17:10:24  UWB보정거리:2.518
17:10:24  UWB접근속도:-0.569
17:10:24  UWB_RSSI:nan
17:10:24  UWB경과ms:90
17:10:24  UWB샘플:7432
17:10:24  UWB실패:165
17:10:24  UWB보정:1
17:10:24  UWB보정중:0
17:10:24  UWB보정샘플:100
17:10:24  UWB보정기준:3.000
17:10:24  UWB오프셋:0.234
17:10:24  UWB위험사용:0
17:10:24  UWB전송:7429
17:10:24  위험송신:0
17:10:24  시각ms:1534878
17:10:24  IMU시각ms:1534877
17:10:24  위험:0
17:10:24  원시위험:0
17:10:24  GPS유효:1
17:10:24  위도:37.495923
17:10:24  경도:126.956123
17:10:24  속도:0.02
17:10:24  방향:290.8
17:10:24  이동방향유효:0
17:10:24  GPS이동방향:290.8
17:10:24  차체방향유효:0
17:10:24  차체방향:0.0
17:10:24  후진판정:0
17:10:24  IMU요회전속도:0.00
17:10:24  방향가속도크기:9.72
17:10:24  방향자이로크기:2.57
17:10:24  방향자세cos:0.9999
17:10:24  자기모델잔차:25.90
17:10:24  자기모델반경:0.926
17:10:24  방향채택:0
17:10:24  방향거부:165641
17:10:24  GPS원시속도:0.026
17:10:24  GPS원시방향유효:1
17:10:24  GPS원시방향:290.8
17:10:24  가속도:-0.49,0.35,9.70
17:10:24  자이로:1.4,-1.4,1.6
17:10:24  자력계:8.850,4.500,19.950
17:10:24  충격값:0.09
17:10:24  충격피크:0.09
17:10:24  마지막충격발생값:0.00
17:10:24  마지막충격발생ms:0
17:10:24  송신:14606
17:10:24  지팡이수신:9849
17:10:24  GPS위성:9
17:10:24  GPS_HDOP:1.11
17:10:24  원시위도:37.495925
17:10:24  원시경도:126.956120
17:10:24  GPS채택:1520
17:10:24  GPS이상치거부:0
17:10:24  GPS품질거부:0
17:10:24  GPS재기준:0
17:10:24  계산거리:-1.00
17:10:24  접근속도:0.00
17:10:24  TTC:999.00
17:10:24  방향오차:0.0
17:10:24  전방여부:0
17:10:24  위험음성횟수:0
17:10:24  충격음성횟수:0
17:10:24  마지막위험음성:0
17:10:24  RSSI원시:-48
17:10:24  RSSI평활:-50.4
17:10:24  RSSI샘플:9849
17:10:24  RSSI경과ms:6
17:10:24  RSSI구간:4
17:10:24  RSSI거리:0.89
17:10:24  상대보정:0
17:10:24  상대보정중:0
17:10:24  보정동쪽:0.00
17:10:24  보정북쪽:0.00
17:10:24  UWB유효:1
17:10:24  UWB원시거리:2.740
17:10:24  UWB보정거리:2.518
17:10:24  UWB접근속도:-0.569
17:10:24  UWB_RSSI:nan
17:10:24  UWB경과ms:112
17:10:24  UWB샘플:7432
17:10:24  UWB실패:165
17:10:24  UWB보정:1
17:10:24  UWB보정중:0
17:10:24  UWB보정샘플:100
17:10:24  UWB보정기준:3.000
17:10:24  UWB오프셋:0.234
17:10:24  UWB위험사용:0
17:10:24  UWB전송:7429
17:10:24  위험송신:0
17:10:24  시각ms:1534906
17:10:24  IMU시각ms:1534905
17:10:24  위험:0
17:10:24  원시위험:0
17:10:24  GPS유효:1
17:10:24  위도:37.495923
17:10:24  경도:126.956123
17:10:24  속도:0.02
17:10:24  방향:290.8
17:10:24  이동방향유효:0
17:10:24  GPS이동방향:290.8
17:10:24  차체방향유효:0
17:10:24  차체방향:0.0
17:10:24  후진판정:0
17:10:24  IMU요회전속도:0.00
17:10:24  방향가속도크기:9.62
17:10:24  방향자이로크기:1.20
17:10:24  방향자세cos:1.0000
17:10:24  자기모델잔차:25.03
17:10:24  자기모델반경:0.931
17:10:24  방향채택:0
17:10:24  방향거부:165644
17:10:24  GPS원시속도:0.026
17:10:24  GPS원시방향유효:1
17:10:24  GPS원시방향:290.8
17:10:24  가속도:-0.38,0.42,9.61
17:10:24  자이로:-0.9,0.0,0.8
17:10:24  자력계:10.650,4.650,19.050
17:10:24  충격값:0.13
17:10:24  충격피크:0.14
17:10:24  마지막충격발생값:0.00
17:10:24  마지막충격발생ms:0
17:10:24  송신:14606
17:10:24  지팡이수신:9849
17:10:24  GPS위성:9
17:10:24  GPS_HDOP:1.11
17:10:24  원시위도:37.495925
17:10:24  원시경도:126.956120
17:10:24  GPS채택:1520
17:10:24  GPS이상치거부:0
17:10:24  GPS품질거부:0
17:10:24  GPS재기준:0
17:10:24  계산거리:-1.00
17:10:24  접근속도:0.00
17:10:24  TTC:999.00
17:10:24  방향오차:0.0
17:10:24  전방여부:0
17:10:24  위험음성횟수:0
17:10:24  충격음성횟수:0
17:10:24  마지막위험음성:0
17:10:24  RSSI원시:-48
17:10:24  RSSI평활:-50.4
17:10:24  RSSI샘플:9849
17:10:24  RSSI경과ms:34
17:10:24  RSSI구간:4
17:10:24  RSSI거리:0.89
17:10:24  상대보정:0
17:10:24  상대보정중:0
17:10:24  보정동쪽:0.00
17:10:24  보정북쪽:0.00
17:10:24  UWB유효:1
17:10:24  UWB원시거리:2.740
17:10:24  UWB보정거리:2.518
17:10:24  UWB접근속도:-0.569
17:10:24  UWB_RSSI:nan
17:10:24  UWB경과ms:140
17:10:24  UWB샘플:7432
17:10:24  UWB실패:165
17:10:24  UWB보정:1
17:10:24  UWB보정중:0
17:10:24  UWB보정샘플:100
17:10:24  UWB보정기준:3.000
17:10:24  UWB오프셋:0.234
17:10:24  UWB위험사용:0
17:10:24  UWB전송:7429
17:10:24  위험송신:0
17:10:24  시각ms:1534932
17:10:24  IMU시각ms:1534932
17:10:24  위험:0
17:10:24  원시위험:0
17:10:24  GPS유효:1
17:10:24  위도:37.495923
17:10:24  경도:126.956123
17:10:24  속도:0.02
17:10:24  방향:290.8
17:10:24  이동방향유효:0
17:10:24  GPS이동방향:290.8
17:10:24  차체방향유효:0
17:10:24  차체방향:0.0
17:10:24  후진판정:0
17:10:24  IMU요회전속도:0.00
17:10:24  방향가속도크기:9.77
17:10:24  방향자이로크기:1.38
17:10:24  방향자세cos:0.9999
17:10:24  자기모델잔차:24.71
17:10:24  자기모델반경:0.893
17:10:24  방향채택:0
17:10:24  방향거부:165647
17:10:24  GPS원시속도:0.026
17:10:24  GPS원시방향유효:1
17:10:24  GPS원시방향:290.8
17:10:24  가속도:-0.46,0.32,9.75
17:10:24  자이로:-0.1,-0.5,-1.3
17:10:24  자력계:8.550,3.300,18.900
17:10:24  충격값:0.08
17:10:24  충격피크:0.08
17:10:24  마지막충격발생값:0.00
17:10:24  마지막충격발생ms:0
17:10:24  송신:14606
17:10:24  지팡이수신:9849
17:10:24  GPS위성:9
17:10:24  GPS_HDOP:1.11
17:10:24  원시위도:37.495925
17:10:24  원시경도:126.956120
17:10:24  GPS채택:1520
17:10:24  GPS이상치거부:0
17:10:24  GPS품질거부:0
17:10:24  GPS재기준:0
17:10:24  계산거리:-1.00
17:10:24  접근속도:0.00
17:10:24  TTC:999.00
17:10:24  방향오차:0.0
17:10:24  전방여부:0
17:10:24  위험음성횟수:0
17:10:24  충격음성횟수:0
17:10:24  마지막위험음성:0
17:10:24  RSSI원시:-48
17:10:24  RSSI평활:-50.4
17:10:24  RSSI샘플:9849
17:10:24  RSSI경과ms:60
17:10:24  RSSI구간:4
17:10:24  RSSI거리:0.89
17:10:24  상대보정:0
17:10:24  상대보정중:0
17:10:24  보정동쪽:0.00
17:10:24  보정북쪽:0.00
17:10:24  UWB유효:1
17:10:24  UWB원시거리:2.740
17:10:24  UWB보정거리:2.518
17:10:24  UWB접근속도:-0.569
17:10:24  UWB_RSSI:nan
17:10:24  UWB경과ms:166
17:10:24  UWB샘플:7432
17:10:24  UWB실패:165
17:10:24  UWB보정:1
17:10:24  UWB보정중:0
17:10:24  UWB보정샘플:100
17:10:24  UWB보정기준:3.000
17:10:24  UWB오프셋:0.234
17:10:24  UWB위험사용:0
17:10:24  UWB전송:7429
17:10:24  위험송신:0
17:10:24  시각ms:1534952
17:10:24  IMU시각ms:1534950
17:10:24  위험:0
17:10:24  원시위험:0
17:10:24  GPS유효:1
17:10:24  위도:37.495923
17:10:24  경도:126.956123
17:10:24  속도:0.02
17:10:24  방향:290.8
17:10:24  이동방향유효:0
17:10:24  GPS이동방향:290.8
17:10:24  차체방향유효:0
17:10:24  차체방향:0.0
17:10:24  후진판정:0
17:10:24  IMU요회전속도:0.00
17:10:24  방향가속도크기:9.64
17:10:24  방향자이로크기:3.22
17:10:24  방향자세cos:0.9999
17:10:24  자기모델잔차:24.29
17:10:24  자기모델반경:0.934
17:10:24  방향채택:0
17:10:24  방향거부:165649
17:10:24  GPS원시속도:0.026
17:10:24  GPS원시방향유효:1
17:10:24  GPS원시방향:290.8
17:10:24  가속도:-0.36,0.39,9.63
17:10:24  자이로:1.0,3.1,0.2
17:10:24  자력계:10.200,4.650,18.300
17:10:24  충격값:0.10
17:10:24  충격피크:0.14
17:10:24  마지막충격발생값:0.00
17:10:24  마지막충격발생ms:0
17:10:24  송신:14606
17:10:24  지팡이수신:9849
17:10:24  GPS위성:9
17:10:24  GPS_HDOP:1.11
17:10:24  원시위도:37.495925
17:10:24  원시경도:126.956120
17:10:24  GPS채택:1520
17:10:24  GPS이상치거부:0
17:10:24  GPS품질거부:0
17:10:24  GPS재기준:0
17:10:24  계산거리:-1.00
17:10:24  접근속도:0.00
17:10:24  TTC:999.00
17:10:24  방향오차:0.0
17:10:24  전방여부:0
17:10:24  위험음성횟수:0
17:10:24  충격음성횟수:0
17:10:24  마지막위험음성:0
17:10:24  RSSI원시:-48
17:10:24  RSSI평활:-50.4
17:10:24  RSSI샘플:9849
17:10:24  RSSI경과ms:80
17:10:24  RSSI구간:4
17:10:24  RSSI거리:0.89
17:10:24  상대보정:0
17:10:24  상대보정중:0
17:10:24  보정동쪽:0.00
17:10:24  보정북쪽:0.00
17:10:24  UWB유효:1
17:10:24  UWB원시거리:2.740
17:10:24  UWB보정거리:2.518
17:10:24  UWB접근속도:-0.569
17:10:24  UWB_RSSI:nan
17:10:24  UWB경과ms:186
17:10:24  UWB샘플:7432
17:10:24  UWB실패:165
17:10:24  UWB보정:1
17:10:24  UWB보정중:0
17:10:24  UWB보정샘플:100
17:10:24  UWB보정기준:3.000
17:10:24  UWB오프셋:0.234
17:10:24  UWB위험사용:0
17:10:24  UWB전송:7429
17:10:24  위험송신:0
17:10:24  시각ms:1535049
17:10:24  IMU시각ms:1535049
17:10:24  위험:0
17:10:24  원시위험:0
17:10:24  GPS유효:1
17:10:24  위도:37.495923
17:10:24  경도:126.956123
17:10:24  속도:0.02
17:10:24  방향:290.8
17:10:24  이동방향유효:0
17:10:24  GPS이동방향:290.8
17:10:24  차체방향유효:0
17:10:24  차체방향:0.0
17:10:24  후진판정:0
17:10:24  IMU요회전속도:0.00
17:10:24  방향가속도크기:9.60
17:10:24  방향자이로크기:3.63
17:10:24  방향자세cos:0.9998
17:10:24  자기모델잔차:25.83
17:10:24  자기모델반경:0.943
17:10:24  방향채택:0
17:10:24  방향거부:165659
17:10:24  GPS원시속도:0.026
17:10:24  GPS원시방향유효:1
17:10:24  GPS원시방향:290.8
17:10:24  가속도:-0.27,0.49,9.59
17:10:24  자이로:-0.9,2.5,-2.5
17:10:24  자력계:10.200,5.100,19.800
17:10:24  충격값:0.22
17:10:24  충격피크:0.22
17:10:24  마지막충격발생값:0.00
17:10:24  마지막충격발생ms:0
17:10:24  송신:14607
17:10:24  지팡이수신:9849
17:10:24  GPS위성:9
17:10:24  GPS_HDOP:1.11
17:10:24  원시위도:37.495925
17:10:24  원시경도:126.956120
17:10:24  GPS채택:1520
17:10:24  GPS이상치거부:0
17:10:24  GPS품질거부:0
17:10:24  GPS재기준:0
17:10:24  계산거리:-1.00
17:10:24  접근속도:0.00
17:10:24  TTC:999.00
17:10:24  방향오차:0.0
17:10:24  전방여부:0
17:10:24  위험음성횟수:0
17:10:24  충격음성횟수:0
17:10:24  마지막위험음성:0
17:10:24  RSSI원시:-48
17:10:24  RSSI평활:-50.4
17:10:24  RSSI샘플:9849
17:10:24  RSSI경과ms:177
17:10:24  RSSI구간:4
17:10:24  RSSI거리:0.89
17:10:24  상대보정:0
17:10:24  상대보정중:0
17:10:24  보정동쪽:0.00
17:10:24  보정북쪽:0.00
17:10:24  UWB유효:1
17:10:24  UWB원시거리:2.870
17:10:24  UWB보정거리:2.639
17:10:24  UWB접근속도:-0.581
17:10:24  UWB_RSSI:nan
17:10:24  UWB경과ms:84
17:10:24  UWB샘플:7433
17:10:24  UWB실패:165
17:10:24  UWB보정:1
17:10:24  UWB보정중:0
17:10:24  UWB보정샘플:100
17:10:24  UWB보정기준:3.000
17:10:24  UWB오프셋:0.234
17:10:24  UWB위험사용:0
17:10:24  UWB전송:7430
17:10:24  위험송신:0
17:10:24  시각ms:1535167
17:10:24  IMU시각ms:1535167
17:10:24  위험:0
17:10:24  원시위험:0
17:10:24  GPS유효:1
17:10:24  위도:37.495923
17:10:24  경도:126.956123
17:10:24  속도:0.02
17:10:24  방향:290.8
17:10:24  이동방향유효:0
17:10:24  GPS이동방향:290.8
17:10:24  차체방향유효:0
17:10:24  차체방향:0.0
17:10:24  후진판정:0
17:10:24  IMU요회전속도:0.00
17:10:24  방향가속도크기:9.74
17:10:24  방향자이로크기:3.14
17:10:24  방향자세cos:0.9998
17:10:24  자기모델잔차:26.07
17:10:24  자기모델반경:0.975
17:10:24  방향채택:0
17:10:24  방향거부:165670
17:10:24  GPS원시속도:0.026
17:10:24  GPS원시방향유효:1
17:10:24  GPS원시방향:290.8
17:10:24  가속도:-0.45,0.29,9.73
17:10:24  자이로:-0.2,2.5,-1.8
17:10:24  자력계:8.100,6.000,19.950
17:10:24  충격값:0.08
17:10:24  충격피크:0.21
17:10:24  마지막충격발생값:0.00
17:10:24  마지막충격발생ms:0
17:10:24  송신:14608
17:10:24  지팡이수신:9851
17:10:24  GPS위성:9
17:10:24  GPS_HDOP:1.11
17:10:24  원시위도:37.495925
17:10:24  원시경도:126.956120
17:10:24  GPS채택:1520
17:10:24  GPS이상치거부:0
17:10:24  GPS품질거부:0
17:10:24  GPS재기준:0
17:10:24  계산거리:-1.00
17:10:24  접근속도:0.00
17:10:24  TTC:999.00
17:10:24  방향오차:0.0
17:10:24  전방여부:0
17:10:24  위험음성횟수:0
17:10:24  충격음성횟수:0
17:10:24  마지막위험음성:0
17:10:24  RSSI원시:-61
17:10:24  RSSI평활:-53.1
17:10:24  RSSI샘플:9851
17:10:24  RSSI경과ms:45
17:10:24  RSSI구간:4
17:10:24  RSSI거리:1.14
17:10:24  상대보정:0
17:10:24  상대보정중:0
17:10:24  보정동쪽:0.00
17:10:24  보정북쪽:0.00
17:10:24  UWB유효:1
17:10:24  UWB원시거리:2.930
17:10:24  UWB보정거리:2.756
17:10:24  UWB접근속도:-0.588
17:10:24  UWB_RSSI:nan
17:10:24  UWB경과ms:8
17:10:24  UWB샘플:7434
17:10:24  UWB실패:165
17:10:24  UWB보정:1
17:10:24  UWB보정중:0
17:10:24  UWB보정샘플:100
17:10:24  UWB보정기준:3.000
17:10:24  UWB오프셋:0.234
17:10:24  UWB위험사용:0
17:10:24  UWB전송:7431
17:10:24  위험송신:0
17:10:25  시각ms:1535457
17:10:25  IMU시각ms:1535457
17:10:25  위험:0
17:10:25  원시위험:0
17:10:25  GPS유효:1
17:10:25  위도:37.495923
17:10:25  경도:126.956123
17:10:25  속도:0.02
17:10:25  방향:290.8
17:10:25  이동방향유효:0
17:10:25  GPS이동방향:290.8
17:10:25  차체방향유효:0
17:10:25  차체방향:0.0
17:10:25  후진판정:0
17:10:25  IMU요회전속도:0.00
17:10:25  방향가속도크기:9.81
17:10:25  방향자이로크기:3.27
17:10:25  방향자세cos:0.9998
17:10:25  자기모델잔차:26.04
17:10:25  자기모델반경:0.962
17:10:25  방향채택:0
17:10:25  방향거부:165701
17:10:25  GPS원시속도:0.026
17:10:25  GPS원시방향유효:1
17:10:25  GPS원시방향:290.8
17:10:25  가속도:-0.44,0.27,9.80
17:10:25  자이로:2.9,-1.4,0.0
17:10:25  자력계:9.600,5.700,19.950
17:10:25  충격값:0.13
17:10:25  충격피크:0.15
17:10:25  마지막충격발생값:0.00
17:10:25  마지막충격발생ms:0
17:10:25  송신:14611
17:10:25  지팡이수신:9854
17:10:25  GPS위성:9
17:10:25  GPS_HDOP:1.11
17:10:25  원시위도:37.495925
17:10:25  원시경도:126.956120
17:10:25  GPS채택:1520
17:10:25  GPS이상치거부:0
17:10:25  GPS품질거부:0
17:10:25  GPS재기준:0
17:10:25  계산거리:-1.00
17:10:25  접근속도:0.00
17:10:25  TTC:999.00
17:10:25  방향오차:0.0
17:10:25  전방여부:0
17:10:25  위험음성횟수:0
17:10:25  충격음성횟수:0
17:10:25  마지막위험음성:0
17:10:25  RSSI원시:-58
17:10:25  RSSI평활:-51.8
17:10:25  RSSI샘플:9854
17:10:25  RSSI경과ms:64
17:10:25  RSSI구간:4
17:10:25  RSSI거리:1.01
17:10:25  상대보정:0
17:10:25  상대보정중:0
17:10:25  보정동쪽:0.00
17:10:25  보정북쪽:0.00
17:10:25  UWB유효:1
17:10:25  UWB원시거리:3.040
17:10:25  UWB보정거리:2.878
17:10:25  UWB접근속도:-0.594
17:10:25  UWB_RSSI:nan
17:10:25  UWB경과ms:98
17:10:25  UWB샘플:7435
17:10:25  UWB실패:165
17:10:25  UWB보정:1
17:10:25  UWB보정중:0
17:10:25  UWB보정샘플:100
17:10:25  UWB보정기준:3.000
17:10:25  UWB오프셋:0.234
17:10:25  UWB위험사용:0
17:10:25  UWB전송:7432
17:10:25  위험송신:0
17:10:25  시각ms:1535514
17:10:25  IMU시각ms:1535503
17:10:25  위험:0
17:10:25  원시위험:0
17:10:25  GPS유효:1
17:10:25  위도:37.495923
17:10:25  경도:126.956123
17:10:25  속도:0.02
17:10:25  방향:290.8
17:10:25  이동방향유효:0
17:10:25  GPS이동방향:290.8
17:10:25  차체방향유효:0
17:10:25  차체방향:0.0
17:10:25  후진판정:0
17:10:25  IMU요회전속도:0.00
17:10:25  방향가속도크기:9.72
17:10:25  방향자이로크기:2.88
17:10:25  방향자세cos:0.9999
17:10:25  자기모델잔차:26.82
17:10:25  자기모델반경:0.890
17:10:25  방향채택:0
17:10:25  방향거부:165706
17:10:25  GPS원시속도:0.026
17:10:25  GPS원시방향유효:1
17:10:25  GPS원시방향:290.8
17:10:25  가속도:-0.38,0.40,9.70
17:10:25  자이로:-0.0,2.6,1.2
17:10:25  자력계:8.400,3.450,21.000
17:10:25  충격값:0.05
17:10:25  충격피크:0.05
17:10:25  마지막충격발생값:0.00
17:10:25  마지막충격발생ms:0
17:10:25  송신:14612
17:10:25  지팡이수신:9855
17:10:25  GPS위성:9
17:10:25  GPS_HDOP:1.11
17:10:25  원시위도:37.495925
17:10:25  원시경도:126.956120
17:10:25  GPS채택:1520
17:10:25  GPS이상치거부:0
17:10:25  GPS품질거부:0
17:10:25  GPS재기준:0
17:10:25  계산거리:-1.00
17:10:25  접근속도:0.00
17:10:25  TTC:999.00
17:10:25  방향오차:0.0
17:10:25  전방여부:0
17:10:25  위험음성횟수:0
17:10:25  충격음성횟수:0
17:10:25  마지막위험음성:0
17:10:25  RSSI원시:-60
17:10:25  RSSI평활:-53.4
17:10:25  RSSI샘플:9855
17:10:25  RSSI경과ms:19
17:10:25  RSSI구간:4
17:10:25  RSSI거리:1.18
17:10:25  상대보정:0
17:10:25  상대보정중:0
17:10:25  보정동쪽:0.00
17:10:25  보정북쪽:0.00
17:10:25  UWB유효:1
17:10:25  UWB원시거리:3.040
17:10:25  UWB보정거리:2.878
17:10:25  UWB접근속도:-0.594
17:10:25  UWB_RSSI:nan
17:10:25  UWB경과ms:155
17:10:25  UWB샘플:7435
17:10:25  UWB실패:165
17:10:25  UWB보정:1
17:10:25  UWB보정중:0
17:10:25  UWB보정샘플:100
17:10:25  UWB보정기준:3.000
17:10:25  UWB오프셋:0.234
17:10:25  UWB위험사용:0
17:10:25  UWB전송:7432
17:10:25  위험송신:0
17:10:25  시각ms:1535534
17:10:25  IMU시각ms:1535534
17:10:25  위험:0
17:10:25  원시위험:0
17:10:25  GPS유효:1
17:10:25  위도:37.495923
17:10:25  경도:126.956123
17:10:25  속도:0.02
17:10:25  방향:290.8
17:10:25  이동방향유효:0
17:10:25  GPS이동방향:290.8
17:10:25  차체방향유효:0
17:10:25  차체방향:0.0
17:10:25  후진판정:0
17:10:25  IMU요회전속도:0.00
17:10:25  방향가속도크기:9.77
17:10:25  방향자이로크기:2.63
17:10:25  방향자세cos:0.9998
17:10:25  자기모델잔차:27.28
17:10:25  자기모델반경:0.892
17:10:25  방향채택:0
17:10:25  방향거부:165708
17:10:25  GPS원시속도:0.026
17:10:25  GPS원시방향유효:1
17:10:25  GPS원시방향:290.8
17:10:25  가속도:-0.39,0.30,9.76
17:10:25  자이로:-2.4,-0.9,-0.7
17:10:25  자력계:8.850,3.600,21.450
17:10:25  충격값:0.09
17:10:25  충격피크:0.09
17:10:25  마지막충격발생값:0.00
17:10:25  마지막충격발생ms:0
17:10:25  송신:14612
17:10:25  지팡이수신:9855
17:10:25  GPS위성:9
17:10:25  GPS_HDOP:1.11
17:10:25  원시위도:37.495925
17:10:25  원시경도:126.956120
17:10:25  GPS채택:1520
17:10:25  GPS이상치거부:0
17:10:25  GPS품질거부:0
17:10:25  GPS재기준:0
17:10:25  계산거리:-1.00
17:10:25  접근속도:0.00
17:10:25  TTC:999.00
17:10:25  방향오차:0.0
17:10:25  전방여부:0
17:10:25  위험음성횟수:0
17:10:25  충격음성횟수:0
17:10:25  마지막위험음성:0
17:10:25  RSSI원시:-60
17:10:25  RSSI평활:-53.4
17:10:25  RSSI샘플:9855
17:10:25  RSSI경과ms:39
17:10:25  RSSI구간:4
17:10:25  RSSI거리:1.18
17:10:25  상대보정:0
17:10:25  상대보정중:0
17:10:25  보정동쪽:0.00
17:10:25  보정북쪽:0.00
17:10:25  UWB유효:1
17:10:25  UWB원시거리:3.040
17:10:25  UWB보정거리:2.878
17:10:25  UWB접근속도:-0.594
17:10:25  UWB_RSSI:nan
17:10:25  UWB경과ms:175
17:10:25  UWB샘플:7435
17:10:25  UWB실패:165
17:10:25  UWB보정:1
17:10:25  UWB보정중:0
17:10:25  UWB보정샘플:100
17:10:25  UWB보정기준:3.000
17:10:25  UWB오프셋:0.234
17:10:25  UWB위험사용:0
17:10:25  UWB전송:7432
17:10:25  위험송신:0
17:10:25  시각ms:1535584
17:10:25  IMU시각ms:1535584
17:10:25  위험:0
17:10:25  원시위험:0
17:10:25  GPS유효:1
17:10:25  위도:37.495923
17:10:25  경도:126.956123
17:10:25  속도:0.02
17:10:25  방향:290.8
17:10:25  이동방향유효:0
17:10:25  GPS이동방향:290.8
17:10:25  차체방향유효:0
17:10:25  차체방향:0.0
17:10:25  후진판정:0
17:10:25  IMU요회전속도:0.00
17:10:25  방향가속도크기:9.77
17:10:25  방향자이로크기:1.95
17:10:25  방향자세cos:0.9999
17:10:25  자기모델잔차:26.21
17:10:25  자기모델반경:0.885
17:10:25  방향채택:0
17:10:25  방향거부:165713
17:10:25  GPS원시속도:0.026
17:10:25  GPS원시방향유효:1
17:10:25  GPS원시방향:290.8
17:10:25  가속도:-0.41,0.37,9.75
17:10:25  자이로:-0.5,0.1,-1.9
17:10:25  자력계:9.300,3.300,20.400
17:10:25  충격값:0.05
17:10:25  충격피크:0.09
17:10:25  마지막충격발생값:0.00
17:10:25  마지막충격발생ms:0
17:10:25  송신:14612
17:10:25  지팡이수신:9855
17:10:25  GPS위성:9
17:10:25  GPS_HDOP:1.11
17:10:25  원시위도:37.495925
17:10:25  원시경도:126.956120
17:10:25  GPS채택:1520
17:10:25  GPS이상치거부:0
17:10:25  GPS품질거부:0
17:10:25  GPS재기준:0
17:10:25  계산거리:-1.00
17:10:25  접근속도:0.00
17:10:25  TTC:999.00
17:10:25  방향오차:0.0
17:10:25  전방여부:0
17:10:25  위험음성횟수:0
17:10:25  충격음성횟수:0
17:10:25  마지막위험음성:0
17:10:25  RSSI원시:-60
17:10:25  RSSI평활:-53.4
17:10:25  RSSI샘플:9855
17:10:25  RSSI경과ms:89
17:10:25  RSSI구간:4
17:10:25  RSSI거리:1.18
17:10:25  상대보정:0
17:10:25  상대보정중:0
17:10:25  보정동쪽:0.00
17:10:25  보정북쪽:0.00
17:10:25  UWB유효:1
17:10:25  UWB원시거리:3.140
17:10:25  UWB보정거리:2.978
17:10:25  UWB접근속도:-0.563
17:10:25  UWB_RSSI:nan
17:10:25  UWB경과ms:20
17:10:25  UWB샘플:7436
17:10:25  UWB실패:165
17:10:25  UWB보정:1
17:10:25  UWB보정중:0
17:10:25  UWB보정샘플:100
17:10:25  UWB보정기준:3.000
17:10:25  UWB오프셋:0.234
17:10:25  UWB위험사용:0
17:10:25  UWB전송:7433
17:10:25  위험송신:0
17:10:25  시각ms:1535633
17:10:25  IMU시각ms:1535632
17:10:25  위험:0
17:10:25  원시위험:0
17:10:25  GPS유효:1
17:10:25  위도:37.495923
17:10:25  경도:126.956123
17:10:25  속도:0.02
17:10:25  방향:290.8
17:10:25  이동방향유효:0
17:10:25  GPS이동방향:290.8
17:10:25  차체방향유효:0
17:10:25  차체방향:0.0
17:10:25  후진판정:0
17:10:25  IMU요회전속도:0.00
17:10:25  방향가속도크기:9.69
17:10:25  방향자이로크기:1.40
17:10:25  방향자세cos:0.9997
17:10:25  자기모델잔차:25.41
17:10:25  자기모델반경:0.919
17:10:25  방향채택:0
17:10:25  방향거부:165718
17:10:25  GPS원시속도:0.026
17:10:25  GPS원시방향유효:1
17:10:25  GPS원시방향:290.8
17:10:25  가속도:-0.35,0.25,9.68
17:10:25  자이로:1.1,-0.2,0.9
17:10:25  자력계:8.400,4.200,19.500
17:10:25  충격값:0.13
17:10:25  충격피크:0.15
17:10:25  마지막충격발생값:0.00
17:10:25  마지막충격발생ms:0
17:10:25  송신:14613
17:10:25  지팡이수신:9856
17:10:25  GPS위성:9
17:10:25  GPS_HDOP:1.11
17:10:25  원시위도:37.495925
17:10:25  원시경도:126.956120
17:10:25  GPS채택:1520
17:10:25  GPS이상치거부:0
17:10:25  GPS품질거부:0
17:10:25  GPS재기준:0
17:10:25  계산거리:-1.00
17:10:25  접근속도:0.00
17:10:25  TTC:999.00
17:10:25  방향오차:0.0
17:10:25  전방여부:0
17:10:25  위험음성횟수:0
17:10:25  충격음성횟수:0
17:10:25  마지막위험음성:0
17:10:25  RSSI원시:-50
17:10:25  RSSI평활:-52.7
17:10:25  RSSI샘플:9856
17:10:25  RSSI경과ms:28
17:10:25  RSSI구간:4
17:10:25  RSSI거리:1.10
17:10:25  상대보정:0
17:10:25  상대보정중:0
17:10:25  보정동쪽:0.00
17:10:25  보정북쪽:0.00
17:10:25  UWB유효:1
17:10:25  UWB원시거리:3.140
17:10:25  UWB보정거리:2.978
17:10:25  UWB접근속도:-0.563
17:10:25  UWB_RSSI:nan
17:10:25  UWB경과ms:69
17:10:25  UWB샘플:7436
17:10:25  UWB실패:165
17:10:25  UWB보정:1
17:10:25  UWB보정중:0
17:10:25  UWB보정샘플:100
17:10:25  UWB보정기준:3.000
17:10:25  UWB오프셋:0.234
17:10:25  UWB위험사용:0
17:10:25  UWB전송:7433
17:10:25  위험송신:0
17:10:25  시각ms:1535654
17:10:25  IMU시각ms:1535653
17:10:25  위험:0
17:10:25  원시위험:0
17:10:25  GPS유효:1
17:10:25  위도:37.495923
17:10:25  경도:126.956123
17:10:25  속도:0.02
17:10:25  방향:290.8
17:10:25  이동방향유효:0
17:10:25  GPS이동방향:290.8
17:10:25  차체방향유효:0
17:10:25  차체방향:0.0
17:10:25  후진판정:0
17:10:25  IMU요회전속도:0.00
17:10:25  방향가속도크기:9.63
17:10:25  방향자이로크기:4.03
17:10:25  방향자세cos:0.9996
17:10:25  자기모델잔차:25.38
17:10:25  자기모델반경:0.909
17:10:25  방향채택:0
17:10:25  방향거부:165720
17:10:25  GPS원시속도:0.026
17:10:25  GPS원시방향유효:1
17:10:25  GPS원시방향:290.8
17:10:25  가속도:-0.45,0.21,9.62
17:10:25  자이로:2.7,-0.2,-3.0
17:10:25  자력계:8.700,3.900,19.500
17:10:25  충격값:0.18
17:10:25  충격피크:0.18
17:10:25  마지막충격발생값:0.00
17:10:25  마지막충격발생ms:0
17:10:25  송신:14613
17:10:25  지팡이수신:9856
17:10:25  GPS위성:9
17:10:25  GPS_HDOP:1.11
17:10:25  원시위도:37.495925
17:10:25  원시경도:126.956120
17:10:25  GPS채택:1520
17:10:25  GPS이상치거부:0
17:10:25  GPS품질거부:0
17:10:25  GPS재기준:0
17:10:25  계산거리:-1.00
17:10:25  접근속도:0.00
17:10:25  TTC:999.00
17:10:25  방향오차:0.0
17:10:25  전방여부:0
17:10:25  위험음성횟수:0
17:10:25  충격음성횟수:0
17:10:25  마지막위험음성:0
17:10:25  RSSI원시:-50
17:10:25  RSSI평활:-52.7
17:10:25  RSSI샘플:9856
17:10:25  RSSI경과ms:49
17:10:25  RSSI구간:4
17:10:25  RSSI거리:1.10
17:10:25  상대보정:0
17:10:25  상대보정중:0
17:10:25  보정동쪽:0.00
17:10:25  보정북쪽:0.00
17:10:25  UWB유효:1
17:10:25  UWB원시거리:3.140
17:10:25  UWB보정거리:2.978
17:10:25  UWB접근속도:-0.563
17:10:25  UWB_RSSI:nan
17:10:25  UWB경과ms:90
17:10:25  UWB샘플:7436
17:10:25  UWB실패:165
17:10:25  UWB보정:1
17:10:25  UWB보정중:0
17:10:25  UWB보정샘플:100
17:10:25  UWB보정기준:3.000
17:10:25  UWB오프셋:0.234
17:10:25  UWB위험사용:0
17:10:25  UWB전송:7433
17:10:25  위험송신:0
17:10:25  시각ms:1535682
17:10:25  IMU시각ms:1535681
17:10:25  위험:0
17:10:25  원시위험:0
17:10:25  GPS유효:1
17:10:25  위도:37.495923
17:10:25  경도:126.956123
17:10:25  속도:0.02
17:10:25  방향:290.8
17:10:25  이동방향유효:0
17:10:25  GPS이동방향:290.8
17:10:25  차체방향유효:0
17:10:25  차체방향:0.0
17:10:25  후진판정:0
17:10:25  IMU요회전속도:0.00
17:10:25  방향가속도크기:9.87
17:10:25  방향자이로크기:2.02
17:10:25  방향자세cos:0.9999
17:10:25  자기모델잔차:25.81
17:10:25  자기모델반경:0.948
17:10:25  방향채택:0
17:10:25  방향거부:165723
17:10:25  GPS원시속도:0.026
17:10:25  GPS원시방향유효:1
17:10:25  GPS원시방향:290.8
17:10:25  가속도:-0.30,0.42,9.86
17:10:25  자이로:0.0,-1.7,1.0
17:10:25  자력계:7.950,5.100,19.800
17:10:25  충격값:0.20
17:10:25  충격피크:0.20
17:10:25  마지막충격발생값:0.00
17:10:25  마지막충격발생ms:0
17:10:25  송신:14613
17:10:25  지팡이수신:9856
17:10:25  GPS위성:9
17:10:25  GPS_HDOP:1.11
17:10:25  원시위도:37.495925
17:10:25  원시경도:126.956120
17:10:25  GPS채택:1520
17:10:25  GPS이상치거부:0
17:10:25  GPS품질거부:0
17:10:25  GPS재기준:0
17:10:25  계산거리:-1.00
17:10:25  접근속도:0.00
17:10:25  TTC:999.00
17:10:25  방향오차:0.0
17:10:25  전방여부:0
17:10:25  위험음성횟수:0
17:10:25  충격음성횟수:0
17:10:25  마지막위험음성:0
17:10:25  RSSI원시:-50
17:10:25  RSSI평활:-52.7
17:10:25  RSSI샘플:9856
17:10:25  RSSI경과ms:77
17:10:25  RSSI구간:4
17:10:25  RSSI거리:1.10
17:10:25  상대보정:0
17:10:25  상대보정중:0
17:10:25  보정동쪽:0.00
17:10:25  보정북쪽:0.00
17:10:25  UWB유효:1
17:10:25  UWB원시거리:3.140
17:10:25  UWB보정거리:2.978
17:10:25  UWB접근속도:-0.563
17:10:25  UWB_RSSI:nan
17:10:25  UWB경과ms:118
17:10:25  UWB샘플:7436
17:10:25  UWB실패:165
17:10:25  UWB보정:1
17:10:25  UWB보정중:0
17:10:25  UWB보정샘플:100
17:10:25  UWB보정기준:3.000
17:10:25  UWB오프셋:0.234
17:10:25  UWB위험사용:0
17:10:25  UWB전송:7433
17:10:25  위험송신:0
17:10:25  시각ms:1535736
17:10:25  IMU시각ms:1535736
17:10:25  위험:0
17:10:25  원시위험:0
17:10:25  GPS유효:1
17:10:25  위도:37.495924
17:10:25  경도:126.956121
17:10:25  속도:0.02
17:10:25  방향:290.8
17:10:25  이동방향유효:0
17:10:25  GPS이동방향:290.8
17:10:25  차체방향유효:0
17:10:25  차체방향:0.0
17:10:25  후진판정:0
17:10:25  IMU요회전속도:0.00
17:10:25  방향가속도크기:9.67
17:10:25  방향자이로크기:2.67
17:10:25  방향자세cos:1.0000
17:10:25  자기모델잔차:25.46
17:10:25  자기모델반경:0.937
17:10:25  방향채택:0
17:10:25  방향거부:165729
17:10:25  GPS원시속도:0.021
17:10:25  GPS원시방향유효:1
17:10:25  GPS원시방향:290.8
17:10:25  가속도:-0.40,0.42,9.65
17:10:25  자이로:-2.3,0.9,-1.0
17:10:25  자력계:7.500,4.650,19.500
17:10:25  충격값:0.08
17:10:25  충격피크:0.08
17:10:25  마지막충격발생값:0.00
17:10:25  마지막충격발생ms:0
17:10:25  송신:14614
17:10:25  지팡이수신:9856
17:10:25  GPS위성:9
17:10:25  GPS_HDOP:1.11
17:10:25  원시위도:37.495927
17:10:25  원시경도:126.956116
17:10:25  GPS채택:1521
17:10:25  GPS이상치거부:0
17:10:25  GPS품질거부:0
17:10:25  GPS재기준:0
17:10:25  계산거리:-1.00
17:10:25  접근속도:0.00
17:10:25  TTC:999.00
17:10:25  방향오차:0.0
17:10:25  전방여부:0
17:10:25  위험음성횟수:0
17:10:25  충격음성횟수:0
17:10:25  마지막위험음성:0
17:10:25  RSSI원시:-50
17:10:25  RSSI평활:-52.7
17:10:25  RSSI샘플:9856
17:10:25  RSSI경과ms:131
17:10:25  RSSI구간:4
17:10:25  RSSI거리:1.10
17:10:25  상대보정:0
17:10:25  상대보정중:0
17:10:25  보정동쪽:0.00
17:10:25  보정북쪽:0.00
17:10:25  UWB유효:1
17:10:25  UWB원시거리:3.140
17:10:25  UWB보정거리:2.978
17:10:25  UWB접근속도:-0.563
17:10:25  UWB_RSSI:nan
17:10:25  UWB경과ms:172
17:10:25  UWB샘플:7436
17:10:25  UWB실패:165
17:10:25  UWB보정:1
17:10:25  UWB보정중:0
17:10:25  UWB보정샘플:100
17:10:25  UWB보정기준:3.000
17:10:25  UWB오프셋:0.234
17:10:25  UWB위험사용:0
17:10:25  UWB전송:7433
17:10:25  위험송신:0
17:10:25  시각ms:1535757
17:10:25  IMU시각ms:1535754
17:10:25  위험:0
17:10:25  원시위험:0
17:10:25  GPS유효:1
17:10:25  위도:37.495924
17:10:25  경도:126.956121
17:10:25  속도:0.02
17:10:25  방향:290.8
17:10:25  이동방향유효:0
17:10:25  GPS이동방향:290.8
17:10:25  차체방향유효:0
17:10:25  차체방향:0.0
17:10:25  후진판정:0
17:10:25  IMU요회전속도:0.00
17:10:25  방향가속도크기:9.67
17:10:25  방향자이로크기:4.37
17:10:25  방향자세cos:0.9998
17:10:25  자기모델잔차:26.26
17:10:25  자기모델반경:0.945
17:10:25  방향채택:0
17:10:25  방향거부:165731
17:10:25  GPS원시속도:0.021
17:10:25  GPS원시방향유효:1
17:10:25  GPS원시방향:290.8
17:10:25  가속도:-0.37,0.28,9.66
17:10:25  자이로:1.8,2.6,-3.0
17:10:25  자력계:8.400,5.100,20.250
17:10:25  충격값:0.09
17:10:25  충격피크:0.12
17:10:25  마지막충격발생값:0.00
17:10:25  마지막충격발생ms:0
17:10:25  송신:14614
17:10:25  지팡이수신:9856
17:10:25  GPS위성:9
17:10:25  GPS_HDOP:1.11
17:10:25  원시위도:37.495927
17:10:25  원시경도:126.956116
17:10:25  GPS채택:1521
17:10:25  GPS이상치거부:0
17:10:25  GPS품질거부:0
17:10:25  GPS재기준:0
17:10:25  계산거리:-1.00
17:10:25  접근속도:0.00
17:10:25  TTC:999.00
17:10:25  방향오차:0.0
17:10:25  전방여부:0
17:10:25  위험음성횟수:0
17:10:25  충격음성횟수:0
17:10:25  마지막위험음성:0
17:10:25  RSSI원시:-50
17:10:25  RSSI평활:-52.7
17:10:25  RSSI샘플:9856
17:10:25  RSSI경과ms:152
17:10:25  RSSI구간:4
17:10:25  RSSI거리:1.10
17:10:25  상대보정:0
17:10:25  상대보정중:0
17:10:25  보정동쪽:0.00
17:10:25  보정북쪽:0.00
17:10:25  UWB유효:1
17:10:25  UWB원시거리:3.140
17:10:25  UWB보정거리:2.978
17:10:25  UWB접근속도:-0.563
17:10:25  UWB_RSSI:nan
17:10:25  UWB경과ms:193
17:10:25  UWB샘플:7436
17:10:25  UWB실패:165
17:10:25  UWB보정:1
17:10:25  UWB보정중:0
17:10:25  UWB보정샘플:100
17:10:25  UWB보정기준:3.000
17:10:25  UWB오프셋:0.234
17:10:25  UWB위험사용:0
17:10:25  UWB전송:7433
17:10:25  위험송신:0
17:10:25  시각ms:1535778
17:10:25  IMU시각ms:1535777
17:10:25  위험:0
17:10:25  원시위험:0
17:10:25  GPS유효:1
17:10:25  위도:37.495924
17:10:25  경도:126.956121
17:10:25  속도:0.02
17:10:25  방향:290.8
17:10:25  이동방향유효:0
17:10:25  GPS이동방향:290.8
17:10:25  차체방향유효:0
17:10:25  차체방향:0.0
17:10:25  후진판정:0
17:10:25  IMU요회전속도:0.00
17:10:25  방향가속도크기:9.68
17:10:25  방향자이로크기:3.19
17:10:25  방향자세cos:0.9999
17:10:25  자기모델잔차:26.38
17:10:25  자기모델반경:0.935
17:10:25  방향채택:0
17:10:25  방향거부:165733
17:10:25  GPS원시속도:0.021
17:10:25  GPS원시방향유효:1
17:10:25  GPS원시방향:290.8
17:10:25  가속도:-0.56,0.40,9.65
17:10:25  자이로:0.4,0.7,-3.1
17:10:25  자력계:8.550,4.800,20.400
17:10:25  충격값:0.16
17:10:25  충격피크:0.16
17:10:25  마지막충격발생값:0.00
17:10:25  마지막충격발생ms:0
17:10:25  송신:14614
17:10:25  지팡이수신:9856
17:10:25  GPS위성:9
17:10:25  GPS_HDOP:1.11
17:10:25  원시위도:37.495927
17:10:25  원시경도:126.956116
17:10:25  GPS채택:1521
17:10:25  GPS이상치거부:0
17:10:25  GPS품질거부:0
17:10:25  GPS재기준:0
17:10:25  계산거리:-1.00
17:10:25  접근속도:0.00
17:10:25  TTC:999.00
17:10:25  방향오차:0.0
17:10:25  전방여부:0
17:10:25  위험음성횟수:0
17:10:25  충격음성횟수:0
17:10:25  마지막위험음성:0
17:10:25  RSSI원시:-50
17:10:25  RSSI평활:-52.7
17:10:25  RSSI샘플:9856
17:10:25  RSSI경과ms:173
17:10:25  RSSI구간:4
17:10:25  RSSI거리:1.10
17:10:25  상대보정:0
17:10:25  상대보정중:0
17:10:25  보정동쪽:0.00
17:10:25  보정북쪽:0.00
17:10:25  UWB유효:1
17:10:25  UWB원시거리:3.130
17:10:25  UWB보정거리:3.082
17:10:25  UWB접근속도:-0.545
17:10:25  UWB_RSSI:nan
17:10:25  UWB경과ms:9
17:10:25  UWB샘플:7437
17:10:25  UWB실패:165
17:10:25  UWB보정:1
17:10:25  UWB보정중:0
17:10:25  UWB보정샘플:100
17:10:25  UWB보정기준:3.000
17:10:25  UWB오프셋:0.234
17:10:25  UWB위험사용:0
17:10:25  UWB전송:7434
17:10:25  위험송신:0
17:10:25  시각ms:1535825
17:10:25  IMU시각ms:1535824
17:10:25  위험:0
17:10:25  원시위험:0
17:10:25  GPS유효:1
17:10:25  위도:37.495924
17:10:25  경도:126.956121
17:10:25  속도:0.02
17:10:25  방향:290.8
17:10:25  이동방향유효:0
17:10:25  GPS이동방향:290.8
17:10:25  차체방향유효:0
17:10:25  차체방향:0.0
17:10:25  후진판정:0
17:10:25  IMU요회전속도:0.00
17:10:25  방향가속도크기:9.86
17:10:25  방향자이로크기:0.88
17:10:25  방향자세cos:0.9998
17:10:25  자기모델잔차:26.23
17:10:25  자기모델반경:0.899
17:10:25  방향채택:0
17:10:25  방향거부:165738
17:10:25  GPS원시속도:0.021
17:10:25  GPS원시방향유효:1
17:10:25  GPS원시방향:290.8
17:10:25  가속도:-0.37,0.31,9.84
17:10:25  자이로:0.1,0.3,0.8
17:10:25  자력계:7.800,3.600,20.400
17:10:25  충격값:0.15
17:10:25  충격피크:0.15
17:10:25  마지막충격발생값:0.00
17:10:25  마지막충격발생ms:0
17:10:25  송신:14615
17:10:25  지팡이수신:9858
17:10:25  GPS위성:9
17:10:25  GPS_HDOP:1.11
17:10:25  원시위도:37.495927
17:10:25  원시경도:126.956116
17:10:25  GPS채택:1521
17:10:25  GPS이상치거부:0
17:10:25  GPS품질거부:0
17:10:25  GPS재기준:0
17:10:25  계산거리:-1.00
17:10:25  접근속도:0.00
17:10:25  TTC:999.00
17:10:25  방향오차:0.0
17:10:25  전방여부:0
17:10:25  위험음성횟수:0
17:10:25  충격음성횟수:0
17:10:25  마지막위험음성:0
17:10:25  RSSI원시:-49
17:10:25  RSSI평활:-51.5
17:10:25  RSSI샘플:9858
17:10:25  RSSI경과ms:3
17:10:25  RSSI구간:4
17:10:25  RSSI거리:0.99
17:10:25  상대보정:0
17:10:25  상대보정중:0
17:10:25  보정동쪽:0.00
17:10:25  보정북쪽:0.00
17:10:25  UWB유효:1
17:10:25  UWB원시거리:3.130
17:10:25  UWB보정거리:3.082
17:10:25  UWB접근속도:-0.545
17:10:25  UWB_RSSI:nan
17:10:25  UWB경과ms:56
17:10:25  UWB샘플:7437
17:10:25  UWB실패:165
17:10:25  UWB보정:1
17:10:25  UWB보정중:0
17:10:25  UWB보정샘플:100
17:10:25  UWB보정기준:3.000
17:10:25  UWB오프셋:0.234
17:10:25  UWB위험사용:0
17:10:25  UWB전송:7434
17:10:25  위험송신:0
17:10:25  시각ms:1535852
17:10:25  IMU시각ms:1535851
17:10:25  위험:0
17:10:25  원시위험:0
17:10:25  GPS유효:1
17:10:25  위도:37.495924
17:10:25  경도:126.956121
17:10:25  속도:0.02
17:10:25  방향:290.8
17:10:25  이동방향유효:0
17:10:25  GPS이동방향:290.8
17:10:25  차체방향유효:0
17:10:25  차체방향:0.0
17:10:25  후진판정:0
17:10:25  IMU요회전속도:0.00
17:10:25  방향가속도크기:9.84
17:10:25  방향자이로크기:2.81
17:10:25  방향자세cos:0.9998
17:10:25  자기모델잔차:25.15
17:10:25  자기모델반경:0.931
17:10:25  방향채택:0
17:10:25  방향거부:165741
17:10:25  GPS원시속도:0.021
17:10:25  GPS원시방향유효:1
17:10:25  GPS원시방향:290.8
17:10:25  가속도:-0.47,0.29,9.83
17:10:25  자이로:1.6,-0.5,-2.3
17:10:25  자력계:8.100,4.500,19.200
17:10:25  충격값:0.15
17:10:25  충격피크:0.17
17:10:25  마지막충격발생값:0.00
17:10:25  마지막충격발생ms:0
17:10:25  송신:14615
17:10:25  지팡이수신:9858
17:10:25  GPS위성:9
17:10:25  GPS_HDOP:1.11
17:10:25  원시위도:37.495927
17:10:25  원시경도:126.956116
17:10:25  GPS채택:1521
17:10:25  GPS이상치거부:0
17:10:25  GPS품질거부:0
17:10:25  GPS재기준:0
17:10:25  계산거리:-1.00
17:10:25  접근속도:0.00
17:10:25  TTC:999.00
17:10:25  방향오차:0.0
17:10:25  전방여부:0
17:10:25  위험음성횟수:0
17:10:25  충격음성횟수:0
17:10:25  마지막위험음성:0
17:10:25  RSSI원시:-49
17:10:25  RSSI평활:-51.5
17:10:25  RSSI샘플:9858
17:10:25  RSSI경과ms:30
17:10:25  RSSI구간:4
17:10:25  RSSI거리:0.99
17:10:25  상대보정:0
17:10:25  상대보정중:0
17:10:25  보정동쪽:0.00
17:10:25  보정북쪽:0.00
17:10:25  UWB유효:1
17:10:25  UWB원시거리:3.130
17:10:25  UWB보정거리:3.082
17:10:25  UWB접근속도:-0.545
17:10:25  UWB_RSSI:nan
17:10:25  UWB경과ms:83
17:10:25  UWB샘플:7437
17:10:25  UWB실패:165
17:10:25  UWB보정:1
17:10:25  UWB보정중:0
17:10:25  UWB보정샘플:100
17:10:25  UWB보정기준:3.000
17:10:25  UWB오프셋:0.234
17:10:25  UWB위험사용:0
17:10:25  UWB전송:7434
17:10:25  위험송신:0
17:10:25  시각ms:1535906
17:10:25  IMU시각ms:1535905
17:10:25  위험:0
17:10:25  원시위험:0
17:10:25  GPS유효:1
17:10:25  위도:37.495924
17:10:25  경도:126.956121
17:10:25  속도:0.02
17:10:25  방향:290.8
17:10:25  이동방향유효:0
17:10:25  GPS이동방향:290.8
17:10:25  차체방향유효:0
17:10:25  차체방향:0.0
17:10:25  후진판정:0
17:10:25  IMU요회전속도:0.00
17:10:25  방향가속도크기:9.70
17:10:25  방향자이로크기:2.66
17:10:25  방향자세cos:1.0000
17:10:25  자기모델잔차:25.25
17:10:25  자기모델반경:0.870
17:10:25  방향채택:0
17:10:25  방향거부:165747
17:10:25  GPS원시속도:0.021
17:10:25  GPS원시방향유효:1
17:10:25  GPS원시방향:290.8
17:10:25  가속도:-0.41,0.47,9.68
17:10:25  자이로:2.0,-0.2,-1.8
17:10:25  자력계:9.150,2.700,19.500
17:10:25  충격값:0.12
17:10:25  충격피크:0.16
17:10:25  마지막충격발생값:0.00
17:10:25  마지막충격발생ms:0
17:10:25  송신:14616
17:10:25  지팡이수신:9858
17:10:25  GPS위성:9
17:10:25  GPS_HDOP:1.11
17:10:25  원시위도:37.495927
17:10:25  원시경도:126.956116
17:10:25  GPS채택:1521
17:10:25  GPS이상치거부:0
17:10:25  GPS품질거부:0
17:10:25  GPS재기준:0
17:10:25  계산거리:-1.00
17:10:25  접근속도:0.00
17:10:25  TTC:999.00
17:10:25  방향오차:0.0
17:10:25  전방여부:0
17:10:25  위험음성횟수:0
17:10:25  충격음성횟수:0
17:10:25  마지막위험음성:0
17:10:25  RSSI원시:-49
17:10:25  RSSI평활:-51.5
17:10:25  RSSI샘플:9858
17:10:25  RSSI경과ms:84
17:10:25  RSSI구간:4
17:10:25  RSSI거리:0.99
17:10:25  상대보정:0
17:10:25  상대보정중:0
17:10:25  보정동쪽:0.00
17:10:25  보정북쪽:0.00
17:10:25  UWB유효:1
17:10:25  UWB원시거리:3.130
17:10:25  UWB보정거리:3.082
17:10:25  UWB접근속도:-0.545
17:10:25  UWB_RSSI:nan
17:10:25  UWB경과ms:137
17:10:25  UWB샘플:7437
17:10:25  UWB실패:165
17:10:25  UWB보정:1
17:10:25  UWB보정중:0
17:10:25  UWB보정샘플:100
17:10:25  UWB보정기준:3.000
17:10:25  UWB오프셋:0.234
17:10:25  UWB위험사용:0
17:10:25  UWB전송:7434
17:10:25  위험송신:0
17:10:25  시각ms:1535925
17:10:25  IMU시각ms:1535925
17:10:25  위험:0
17:10:25  원시위험:0
17:10:25  GPS유효:1
17:10:25  위도:37.495924
17:10:25  경도:126.956121
17:10:25  속도:0.02
17:10:25  방향:290.8
17:10:25  이동방향유효:0
17:10:25  GPS이동방향:290.8
17:10:25  차체방향유효:0
17:10:25  차체방향:0.0
17:10:25  후진판정:0
17:10:25  IMU요회전속도:0.00
17:10:25  방향가속도크기:9.87
17:10:25  방향자이로크기:3.34
17:10:25  방향자세cos:1.0000
17:10:25  자기모델잔차:25.71
17:10:25  자기모델반경:0.917
17:10:25  방향채택:0
17:10:25  방향거부:165749
17:10:25  GPS원시속도:0.021
17:10:25  GPS원시방향유효:1
17:10:25  GPS원시방향:290.8
17:10:25  가속도:-0.45,0.51,9.84
17:10:25  자이로:2.8,-1.7,-0.7
17:10:25  자력계:8.700,4.200,19.800
17:10:25  충격값:0.21
17:10:25  충격피크:0.21
17:10:25  마지막충격발생값:0.00
17:10:25  마지막충격발생ms:0
17:10:25  송신:14616
17:10:25  지팡이수신:9858
17:10:25  GPS위성:9
17:10:25  GPS_HDOP:1.11
17:10:25  원시위도:37.495927
17:10:25  원시경도:126.956116
17:10:25  GPS채택:1521
17:10:25  GPS이상치거부:0
17:10:25  GPS품질거부:0
17:10:25  GPS재기준:0
17:10:25  계산거리:-1.00
17:10:25  접근속도:0.00
17:10:25  TTC:999.00
17:10:25  방향오차:0.0
17:10:25  전방여부:0
17:10:25  위험음성횟수:0
17:10:25  충격음성횟수:0
17:10:25  마지막위험음성:0
17:10:25  RSSI원시:-49
17:10:25  RSSI평활:-51.5
17:10:25  RSSI샘플:9858
17:10:25  RSSI경과ms:103
17:10:25  RSSI구간:4
17:10:25  RSSI거리:0.99
17:10:25  상대보정:0
17:10:25  상대보정중:0
17:10:25  보정동쪽:0.00
17:10:25  보정북쪽:0.00
17:10:25  UWB유효:1
17:10:25  UWB원시거리:3.130
17:10:25  UWB보정거리:3.082
17:10:25  UWB접근속도:-0.545
17:10:25  UWB_RSSI:nan
17:10:25  UWB경과ms:156
17:10:25  UWB샘플:7437
17:10:25  UWB실패:165
17:10:25  UWB보정:1
17:10:25  UWB보정중:0
17:10:25  UWB보정샘플:100
17:10:25  UWB보정기준:3.000
17:10:25  UWB오프셋:0.234
17:10:25  UWB위험사용:0
17:10:25  UWB전송:7434
17:10:25  위험송신:0
17:10:25  시각ms:1535945
17:10:25  IMU시각ms:1535945
17:10:25  위험:0
17:10:25  원시위험:0
17:10:25  GPS유효:1
17:10:25  위도:37.495924
17:10:25  경도:126.956121
17:10:25  속도:0.02
17:10:25  방향:290.8
17:10:25  이동방향유효:0
17:10:25  GPS이동방향:290.8
17:10:25  차체방향유효:0
17:10:25  차체방향:0.0
17:10:25  후진판정:0
17:10:25  IMU요회전속도:0.00
17:10:25  방향가속도크기:9.78
17:10:25  방향자이로크기:2.00
17:10:25  방향자세cos:0.9999
17:10:25  자기모델잔차:25.85
17:10:25  자기모델반경:0.955
17:10:25  방향채택:0
17:10:25  방향거부:165751
17:10:25  GPS원시속도:0.021
17:10:25  GPS원시방향유효:1
17:10:25  GPS원시방향:290.8
17:10:25  가속도:-0.40,0.35,9.77
17:10:25  자이로:-1.5,-1.1,-0.7
17:10:25  자력계:8.700,5.400,19.800
17:10:25  충격값:0.06
17:10:25  충격피크:0.11
17:10:25  마지막충격발생값:0.00
17:10:25  마지막충격발생ms:0
17:10:25  송신:14616
17:10:25  지팡이수신:9859
17:10:25  GPS위성:9
17:10:25  GPS_HDOP:1.11
17:10:25  원시위도:37.495927
17:10:25  원시경도:126.956116
17:10:25  GPS채택:1521
17:10:25  GPS이상치거부:0
17:10:25  GPS품질거부:0
17:10:25  GPS재기준:0
17:10:25  계산거리:-1.00
17:10:25  접근속도:0.00
17:10:25  TTC:999.00
17:10:25  방향오차:0.0
17:10:25  전방여부:0
17:10:25  위험음성횟수:0
17:10:25  충격음성횟수:0
17:10:25  마지막위험음성:0
17:10:25  RSSI원시:-51
17:10:25  RSSI평활:-51.4
17:10:25  RSSI샘플:9859
17:10:25  RSSI경과ms:16
17:10:25  RSSI구간:4
17:10:25  RSSI거리:0.98
17:10:25  상대보정:0
17:10:25  상대보정중:0
17:10:25  보정동쪽:0.00
17:10:25  보정북쪽:0.00
17:10:25  UWB유효:1
17:10:25  UWB원시거리:3.130
17:10:25  UWB보정거리:3.082
17:10:25  UWB접근속도:-0.545
17:10:25  UWB_RSSI:nan
17:10:25  UWB경과ms:176
17:10:25  UWB샘플:7437
17:10:25  UWB실패:165
17:10:25  UWB보정:1
17:10:25  UWB보정중:0
17:10:25  UWB보정샘플:100
17:10:25  UWB보정기준:3.000
17:10:25  UWB오프셋:0.234
17:10:25  UWB위험사용:0
17:10:25  UWB전송:7434
17:10:25  위험송신:0
17:10:25  시각ms:1535971
17:10:25  IMU시각ms:1535971
17:10:25  위험:0
17:10:25  원시위험:0
17:10:25  GPS유효:1
17:10:25  위도:37.495924
17:10:25  경도:126.956121
17:10:25  속도:0.02
17:10:25  방향:290.8
17:10:25  이동방향유효:0
17:10:25  GPS이동방향:290.8
17:10:25  차체방향유효:0
17:10:25  차체방향:0.0
17:10:25  후진판정:0
17:10:25  IMU요회전속도:0.00
17:10:25  방향가속도크기:9.63
17:10:25  방향자이로크기:2.56
17:10:25  방향자세cos:0.9998
17:10:25  자기모델잔차:27.04
17:10:25  자기모델반경:0.951
17:10:25  방향채택:0
17:10:25  방향거부:165753
17:10:25  GPS원시속도:0.021
17:10:25  GPS원시방향유효:1
17:10:25  GPS원시방향:290.8
17:10:25  가속도:-0.38,0.31,9.62
17:10:25  자이로:-0.3,2.2,-1.2
17:10:25  자력계:8.700,5.400,21.000
17:10:25  충격값:0.11
17:10:25  충격피크:0.11
17:10:25  마지막충격발생값:0.00
17:10:25  마지막충격발생ms:0
17:10:25  송신:14616
17:10:25  지팡이수신:9859
17:10:25  GPS위성:9
17:10:25  GPS_HDOP:1.11
17:10:25  원시위도:37.495927
17:10:25  원시경도:126.956116
17:10:25  GPS채택:1521
17:10:25  GPS이상치거부:0
17:10:25  GPS품질거부:0
17:10:25  GPS재기준:0
17:10:25  계산거리:-1.00
17:10:25  접근속도:0.00
17:10:25  TTC:999.00
17:10:25  방향오차:0.0
17:10:25  전방여부:0
17:10:25  위험음성횟수:0
17:10:25  충격음성횟수:0
17:10:25  마지막위험음성:0
17:10:25  RSSI원시:-51
17:10:25  RSSI평활:-51.4
17:10:25  RSSI샘플:9859
17:10:25  RSSI경과ms:42
17:10:25  RSSI구간:4
17:10:25  RSSI거리:0.98
17:10:25  상대보정:0
17:10:25  상대보정중:0
17:10:25  보정동쪽:0.00
17:10:25  보정북쪽:0.00
17:10:25  UWB유효:1
17:10:25  UWB원시거리:3.180
17:10:25  UWB보정거리:3.181
17:10:25  UWB접근속도:-0.535
17:10:25  UWB_RSSI:nan
17:10:25  UWB경과ms:9
17:10:25  UWB샘플:7438
17:10:25  UWB실패:165
17:10:25  UWB보정:1
17:10:25  UWB보정중:0
17:10:25  UWB보정샘플:100
17:10:25  UWB보정기준:3.000
17:10:25  UWB오프셋:0.234
17:10:25  UWB위험사용:0
17:10:25  UWB전송:7435
17:10:25  위험송신:0
17:10:25  시각ms:1535991
17:10:25  IMU시각ms:1535991
17:10:25  위험:0
17:10:25  원시위험:0
17:10:25  GPS유효:1
17:10:25  위도:37.495924
17:10:25  경도:126.956121
17:10:25  속도:0.02
17:10:25  방향:290.8
17:10:25  이동방향유효:0
17:10:25  GPS이동방향:290.8
17:10:25  차체방향유효:0
17:10:25  차체방향:0.0
17:10:25  후진판정:0
17:10:25  IMU요회전속도:0.00
17:10:25  방향가속도크기:9.72
17:10:25  방향자이로크기:4.01
17:10:25  방향자세cos:1.0000
17:10:25  자기모델잔차:24.93
17:10:25  자기모델반경:0.911
17:10:25  방향채택:0
17:10:25  방향거부:165755
17:10:25  GPS원시속도:0.021
17:10:25  GPS원시방향유효:1
17:10:25  GPS원시방향:290.8
17:10:25  가속도:-0.44,0.39,9.70
17:10:25  자이로:3.0,-2.7,0.2
17:10:25  자력계:8.700,3.900,19.050
17:10:25  충격값:0.05
17:10:25  충격피크:0.18
17:10:25  마지막충격발생값:0.00
17:10:25  마지막충격발생ms:0
17:10:25  송신:14616
17:10:25  지팡이수신:9859
17:10:25  GPS위성:9
17:10:25  GPS_HDOP:1.11
17:10:25  원시위도:37.495927
17:10:25  원시경도:126.956116
17:10:25  GPS채택:1521
17:10:25  GPS이상치거부:0
17:10:25  GPS품질거부:0
17:10:25  GPS재기준:0
17:10:25  계산거리:-1.00
17:10:25  접근속도:0.00
17:10:25  TTC:999.00
17:10:25  방향오차:0.0
17:10:25  전방여부:0
17:10:25  위험음성횟수:0
17:10:25  충격음성횟수:0
17:10:25  마지막위험음성:0
17:10:25  RSSI원시:-51
17:10:25  RSSI평활:-51.4
17:10:25  RSSI샘플:9859
17:10:25  RSSI경과ms:62
17:10:25  RSSI구간:4
17:10:25  RSSI거리:0.98
17:10:25  상대보정:0
17:10:25  상대보정중:0
17:10:25  보정동쪽:0.00
17:10:25  보정북쪽:0.00
17:10:25  UWB유효:1
17:10:25  UWB원시거리:3.180
17:10:25  UWB보정거리:3.181
17:10:25  UWB접근속도:-0.535
17:10:25  UWB_RSSI:nan
17:10:25  UWB경과ms:29
17:10:25  UWB샘플:7438
17:10:25  UWB실패:165
17:10:25  UWB보정:1
17:10:25  UWB보정중:0
17:10:25  UWB보정샘플:100
17:10:25  UWB보정기준:3.000
17:10:25  UWB오프셋:0.234
17:10:25  UWB위험사용:0
17:10:25  UWB전송:7435
17:10:25  위험송신:0
17:10:25  시각ms:1536046
17:10:25  IMU시각ms:1536046
17:10:25  위험:0
17:10:25  원시위험:0
17:10:25  GPS유효:1
17:10:25  위도:37.495924
17:10:25  경도:126.956121
17:10:25  속도:0.02
17:10:25  방향:290.8
17:10:25  이동방향유효:0
17:10:25  GPS이동방향:290.8
17:10:25  차체방향유효:0
17:10:25  차체방향:0.0
17:10:25  후진판정:0
17:10:25  IMU요회전속도:0.00
17:10:25  방향가속도크기:9.67
17:10:25  방향자이로크기:3.85
17:10:25  방향자세cos:1.0000
17:10:25  자기모델잔차:25.07
17:10:25  자기모델반경:0.951
17:10:25  방향채택:0
17:10:25  방향거부:165761
17:10:25  GPS원시속도:0.021
17:10:25  GPS원시방향유효:1
17:10:25  GPS원시방향:290.8
17:10:25  가속도:-0.41,0.44,9.65
17:10:25  자이로:0.0,-3.7,-1.0
17:10:25  자력계:7.950,5.100,19.050
17:10:25  충격값:0.09
17:10:25  충격피크:0.14
17:10:25  마지막충격발생값:0.00
17:10:25  마지막충격발생ms:0
17:10:25  송신:14617
17:10:25  지팡이수신:9859
17:10:25  GPS위성:9
17:10:25  GPS_HDOP:1.11
17:10:25  원시위도:37.495927
17:10:25  원시경도:126.956116
17:10:25  GPS채택:1521
17:10:25  GPS이상치거부:0
17:10:25  GPS품질거부:0
17:10:25  GPS재기준:0
17:10:25  계산거리:-1.00
17:10:25  접근속도:0.00
17:10:25  TTC:999.00
17:10:25  방향오차:0.0
17:10:25  전방여부:0
17:10:25  위험음성횟수:0
17:10:25  충격음성횟수:0
17:10:25  마지막위험음성:0
17:10:25  RSSI원시:-51
17:10:25  RSSI평활:-51.4
17:10:25  RSSI샘플:9859
17:10:25  RSSI경과ms:117
17:10:25  RSSI구간:4
17:10:25  RSSI거리:0.98
17:10:25  상대보정:0
17:10:25  상대보정중:0
17:10:25  보정동쪽:0.00
17:10:25  보정북쪽:0.00
17:10:25  UWB유효:1
17:10:25  UWB원시거리:3.180
17:10:25  UWB보정거리:3.181
17:10:25  UWB접근속도:-0.535
17:10:25  UWB_RSSI:nan
17:10:25  UWB경과ms:84
17:10:25  UWB샘플:7438
17:10:25  UWB실패:165
17:10:25  UWB보정:1
17:10:25  UWB보정중:0
17:10:25  UWB보정샘플:100
17:10:25  UWB보정기준:3.000
17:10:25  UWB오프셋:0.234
17:10:25  UWB위험사용:0
17:10:25  UWB전송:7435
17:10:25  위험송신:0
17:10:25  시각ms:1536066
17:10:25  IMU시각ms:1536066
17:10:25  위험:0
17:10:25  원시위험:0
17:10:25  GPS유효:1
17:10:25  위도:37.495924
17:10:25  경도:126.956121
17:10:25  속도:0.02
17:10:25  방향:290.8
17:10:25  이동방향유효:0
17:10:25  GPS이동방향:290.8
17:10:25  차체방향유효:0
17:10:25  차체방향:0.0
17:10:25  후진판정:0
17:10:25  IMU요회전속도:0.00
17:10:25  방향가속도크기:9.72
17:10:25  방향자이로크기:1.18
17:10:25  방향자세cos:0.9998
17:10:25  자기모델잔차:26.35
17:10:25  자기모델반경:0.922
17:10:25  방향채택:0
17:10:25  방향거부:165763
17:10:25  GPS원시속도:0.021
17:10:25  GPS원시방향유효:1
17:10:25  GPS원시방향:290.8
17:10:25  가속도:-0.54,0.32,9.70
17:10:25  자이로:-0.3,-1.1,-0.3
17:10:25  자력계:10.050,4.500,20.400
17:10:25  충격값:0.14
17:10:25  충격피크:0.14
17:10:25  마지막충격발생값:0.00
17:10:25  마지막충격발생ms:0
17:10:25  송신:14617
17:10:25  지팡이수신:9860
17:10:25  GPS위성:9
17:10:25  GPS_HDOP:1.11
17:10:25  원시위도:37.495927
17:10:25  원시경도:126.956116
17:10:25  GPS채택:1521
17:10:25  GPS이상치거부:0
17:10:25  GPS품질거부:0
17:10:25  GPS재기준:0
17:10:25  계산거리:-1.00
17:10:25  접근속도:0.00
17:10:25  TTC:999.00
17:10:25  방향오차:0.0
17:10:25  전방여부:0
17:10:25  위험음성횟수:0
17:10:25  충격음성횟수:0
17:10:25  마지막위험음성:0
17:10:25  RSSI원시:-52
17:10:25  RSSI평활:-51.5
17:10:25  RSSI샘플:9860
17:10:25  RSSI경과ms:17
17:10:25  RSSI구간:4
17:10:25  RSSI거리:0.99
17:10:25  상대보정:0
17:10:25  상대보정중:0
17:10:25  보정동쪽:0.00
17:10:25  보정북쪽:0.00
17:10:25  UWB유효:1
17:10:25  UWB원시거리:3.180
17:10:25  UWB보정거리:3.181
17:10:25  UWB접근속도:-0.535
17:10:25  UWB_RSSI:nan
17:10:25  UWB경과ms:104
17:10:25  UWB샘플:7438
17:10:25  UWB실패:165
17:10:25  UWB보정:1
17:10:25  UWB보정중:0
17:10:25  UWB보정샘플:100
17:10:25  UWB보정기준:3.000
17:10:25  UWB오프셋:0.234
17:10:25  UWB위험사용:0
17:10:25  UWB전송:7435
17:10:25  위험송신:0
17:10:25  시각ms:1536091
17:10:25  IMU시각ms:1536091
17:10:25  위험:0
17:10:25  원시위험:0
17:10:25  GPS유효:1
17:10:25  위도:37.495924
17:10:25  경도:126.956121
17:10:25  속도:0.02
17:10:25  방향:290.8
17:10:25  이동방향유효:0
17:10:25  GPS이동방향:290.8
17:10:25  차체방향유효:0
17:10:25  차체방향:0.0
17:10:25  후진판정:0
17:10:25  IMU요회전속도:0.00
17:10:25  방향가속도크기:9.70
17:10:25  방향자이로크기:1.91
17:10:25  방향자세cos:0.9998
17:10:25  자기모델잔차:24.81
17:10:25  자기모델반경:0.913
17:10:25  방향채택:0
17:10:25  방향거부:165766
17:10:25  GPS원시속도:0.021
17:10:25  GPS원시방향유효:1
17:10:25  GPS원시방향:290.8
17:10:25  가속도:-0.27,0.43,9.69
17:10:25  자이로:0.6,1.3,1.2
17:10:25  자력계:10.050,4.050,18.900
17:10:25  충격값:0.15
17:10:25  충격피크:0.15
17:10:25  마지막충격발생값:0.00
17:10:25  마지막충격발생ms:0
17:10:25  송신:14617
17:10:25  지팡이수신:9860
17:10:25  GPS위성:9
17:10:25  GPS_HDOP:1.11
17:10:25  원시위도:37.495927
17:10:25  원시경도:126.956116
17:10:25  GPS채택:1521
17:10:25  GPS이상치거부:0
17:10:25  GPS품질거부:0
17:10:25  GPS재기준:0
17:10:25  계산거리:-1.00
17:10:25  접근속도:0.00
17:10:25  TTC:999.00
17:10:25  방향오차:0.0
17:10:25  전방여부:0
17:10:25  위험음성횟수:0
17:10:25  충격음성횟수:0
17:10:25  마지막위험음성:0
17:10:25  RSSI원시:-52
17:10:25  RSSI평활:-51.5
17:10:25  RSSI샘플:9860
17:10:25  RSSI경과ms:42
17:10:25  RSSI구간:4
17:10:25  RSSI거리:0.99
17:10:25  상대보정:0
17:10:25  상대보정중:0
17:10:25  보정동쪽:0.00
17:10:25  보정북쪽:0.00
17:10:25  UWB유효:1
17:10:25  UWB원시거리:3.180
17:10:25  UWB보정거리:3.181
17:10:25  UWB접근속도:-0.535
17:10:25  UWB_RSSI:nan
17:10:25  UWB경과ms:129
17:10:25  UWB샘플:7438
17:10:25  UWB실패:165
17:10:25  UWB보정:1
17:10:25  UWB보정중:0
17:10:25  UWB보정샘플:100
17:10:25  UWB보정기준:3.000
17:10:25  UWB오프셋:0.234
17:10:25  UWB위험사용:0
17:10:25  UWB전송:7435
17:10:25  위험송신:0
17:10:25  시각ms:1536229
17:10:25  IMU시각ms:1536228
17:10:25  위험:0
17:10:25  원시위험:0
17:10:25  GPS유효:1
17:10:25  위도:37.495924
17:10:25  경도:126.956121
17:10:25  속도:0.02
17:10:25  방향:290.8
17:10:25  이동방향유효:0
17:10:25  GPS이동방향:290.8
17:10:25  차체방향유효:0
17:10:25  차체방향:0.0
17:10:25  후진판정:0
17:10:25  IMU요회전속도:0.00
17:10:25  방향가속도크기:9.75
17:10:25  방향자이로크기:4.28
17:10:25  방향자세cos:1.0000
17:10:25  자기모델잔차:25.32
17:10:25  자기모델반경:0.903
17:10:25  방향채택:0
17:10:25  방향거부:165778
17:10:25  GPS원시속도:0.021
17:10:25  GPS원시방향유효:1
17:10:25  GPS원시방향:290.8
17:10:25  가속도:-0.39,0.45,9.73
17:10:25  자이로:3.5,-1.6,1.9
17:10:25  자력계:6.750,3.450,19.500
17:10:25  충격값:0.09
17:10:25  충격피크:0.11
17:10:25  마지막충격발생값:0.00
17:10:25  마지막충격발생ms:0
17:10:25  송신:14619
17:10:25  지팡이수신:9862
17:10:25  GPS위성:9
17:10:25  GPS_HDOP:1.11
17:10:25  원시위도:37.495927
17:10:25  원시경도:126.956116
17:10:25  GPS채택:1521
17:10:25  GPS이상치거부:0
17:10:25  GPS품질거부:0
17:10:25  GPS재기준:0
17:10:25  계산거리:-1.00
17:10:25  접근속도:0.00
17:10:25  TTC:999.00
17:10:25  방향오차:0.0
17:10:25  전방여부:0
17:10:25  위험음성횟수:0
17:10:25  충격음성횟수:0
17:10:25  마지막위험음성:0
17:10:25  RSSI원시:-56
17:10:25  RSSI평활:-52.5
17:10:25  RSSI샘플:9862
17:10:25  RSSI경과ms:1
17:10:25  RSSI구간:4
17:10:25  RSSI거리:1.08
17:10:25  상대보정:0
17:10:25  상대보정중:0
17:10:25  보정동쪽:0.00
17:10:25  보정북쪽:0.00
17:10:25  UWB유효:1
17:10:25  UWB원시거리:3.280
17:10:25  UWB보정거리:3.248
17:10:25  UWB접근속도:-0.470
17:10:25  UWB_RSSI:nan
17:10:25  UWB경과ms:54
17:10:25  UWB샘플:7439
17:10:25  UWB실패:165
17:10:25  UWB보정:1
17:10:25  UWB보정중:0
17:10:25  UWB보정샘플:100
17:10:25  UWB보정기준:3.000
17:10:25  UWB오프셋:0.234
17:10:25  UWB위험사용:0
17:10:25  UWB전송:7436
17:10:25  위험송신:0
17:10:26  시각ms:1536489
17:10:26  IMU시각ms:1536488
17:10:26  위험:0
17:10:26  원시위험:0
17:10:26  GPS유효:1
17:10:26  위도:37.495924
17:10:26  경도:126.956121
17:10:26  속도:0.02
17:10:26  방향:290.8
17:10:26  이동방향유효:0
17:10:26  GPS이동방향:290.8
17:10:26  차체방향유효:0
17:10:26  차체방향:0.0
17:10:26  후진판정:0
17:10:26  IMU요회전속도:0.00
17:10:26  방향가속도크기:9.73
17:10:26  방향자이로크기:5.29
17:10:26  방향자세cos:1.0000
17:10:26  자기모델잔차:25.63
17:10:26  자기모델반경:0.892
17:10:26  방향채택:0
17:10:26  방향거부:165806
17:10:26  GPS원시속도:0.021
17:10:26  GPS원시방향유효:1
17:10:26  GPS원시방향:290.8
17:10:26  가속도:-0.41,0.43,9.72
17:10:26  자이로:-1.7,1.9,-4.6
17:10:26  자력계:9.450,3.450,19.800
17:10:26  충격값:0.06
17:10:26  충격피크:0.09
17:10:26  마지막충격발생값:0.00
17:10:26  마지막충격발생ms:0
17:10:26  송신:14621
17:10:26  지팡이수신:9864
17:10:26  GPS위성:9
17:10:26  GPS_HDOP:1.11
17:10:26  원시위도:37.495927
17:10:26  원시경도:126.956116
17:10:26  GPS채택:1521
17:10:26  GPS이상치거부:0
17:10:26  GPS품질거부:0
17:10:26  GPS재기준:0
17:10:26  계산거리:-1.00
17:10:26  접근속도:0.00
17:10:26  TTC:999.00
17:10:26  방향오차:0.0
17:10:26  전방여부:0
17:10:26  위험음성횟수:0
17:10:26  충격음성횟수:0
17:10:26  마지막위험음성:0
17:10:26  RSSI원시:-56
17:10:26  RSSI평활:-53.9
17:10:26  RSSI샘플:9864
17:10:26  RSSI경과ms:10
17:10:26  RSSI구간:4
17:10:26  RSSI거리:1.24
17:10:26  상대보정:0
17:10:26  상대보정중:0
17:10:26  보정동쪽:0.00
17:10:26  보정북쪽:0.00
17:10:26  UWB유효:1
17:10:26  UWB원시거리:3.380
17:10:26  UWB보정거리:3.307
17:10:26  UWB접근속도:-0.424
17:10:26  UWB_RSSI:nan
17:10:26  UWB경과ms:130
17:10:26  UWB샘플:7440
17:10:26  UWB실패:165
17:10:26  UWB보정:1
17:10:26  UWB보정중:0
17:10:26  UWB보정샘플:100
17:10:26  UWB보정기준:3.000
17:10:26  UWB오프셋:0.234
17:10:26  UWB위험사용:0
17:10:26  UWB전송:7437
17:10:26  위험송신:0
17:10:26  시각ms:1537001
17:10:26  IMU시각ms:1537001
17:10:26  위험:0
17:10:26  원시위험:0
17:10:26  GPS유효:1
17:10:26  위도:37.495925
17:10:26  경도:126.956119
17:10:26  속도:0.03
17:10:26  방향:290.8
17:10:26  이동방향유효:0
17:10:26  GPS이동방향:290.8
17:10:26  차체방향유효:0
17:10:26  차체방향:0.0
17:10:26  후진판정:0
17:10:26  IMU요회전속도:0.00
17:10:26  방향가속도크기:9.81
17:10:26  방향자이로크기:2.11
17:10:26  방향자세cos:0.9998
17:10:26  자기모델잔차:27.02
17:10:26  자기모델반경:0.938
17:10:26  방향채택:0
17:10:26  방향거부:165857
17:10:26  GPS원시속도:0.041
17:10:26  GPS원시방향유효:1
17:10:26  GPS원시방향:290.8
17:10:26  가속도:-0.33,0.36,9.80
17:10:26  자이로:-1.6,1.2,0.5
17:10:26  자력계:10.200,5.100,21.000
17:10:26  충격값:0.13
17:10:26  충격피크:0.13
17:10:26  마지막충격발생값:0.00
17:10:26  마지막충격발생ms:0
17:10:26  송신:14626
17:10:26  지팡이수신:9869
17:10:26  GPS위성:9
17:10:26  GPS_HDOP:1.11
17:10:26  원시위도:37.495928
17:10:26  원시경도:126.956115
17:10:26  GPS채택:1522
17:10:26  GPS이상치거부:0
17:10:26  GPS품질거부:0
17:10:26  GPS재기준:0
17:10:26  계산거리:-1.00
17:10:26  접근속도:0.00
17:10:26  TTC:999.00
17:10:26  방향오차:0.0
17:10:26  전방여부:0
17:10:26  위험음성횟수:0
17:10:26  충격음성횟수:0
17:10:26  마지막위험음성:0
17:10:26  RSSI원시:-53
17:10:26  RSSI평활:-53.1
17:10:26  RSSI샘플:9869
17:10:26  RSSI경과ms:53
17:10:26  RSSI구간:4
17:10:26  RSSI거리:1.15
17:10:26  상대보정:0
17:10:26  상대보정중:0
17:10:26  보정동쪽:0.00
17:10:26  보정북쪽:0.00
17:10:26  UWB유효:1
17:10:26  UWB원시거리:3.690
17:10:26  UWB보정거리:3.539
17:10:26  UWB접근속도:-0.399
17:10:26  UWB_RSSI:nan
17:10:26  UWB경과ms:36
17:10:26  UWB샘플:7443
17:10:26  UWB실패:165
17:10:26  UWB보정:1
17:10:26  UWB보정중:0
17:10:26  UWB보정샘플:100
17:10:26  UWB보정기준:3.000
17:10:26  UWB오프셋:0.234
17:10:26  UWB위험사용:0
17:10:26  UWB전송:7440
17:10:26  위험송신:0
17:10:26  시각ms:1537135
17:10:26  IMU시각ms:1537135
17:10:26  위험:0
17:10:26  원시위험:0
17:10:26  GPS유효:1
17:10:26  위도:37.495925
17:10:26  경도:126.956119
17:10:26  속도:0.03
17:10:26  방향:290.8
17:10:26  이동방향유효:0
17:10:26  GPS이동방향:290.8
17:10:26  차체방향유효:0
17:10:26  차체방향:0.0
17:10:26  후진판정:0
17:10:26  IMU요회전속도:0.00
17:10:26  방향가속도크기:9.75
17:10:26  방향자이로크기:1.70
17:10:26  방향자세cos:0.9999
17:10:26  자기모델잔차:24.97
17:10:26  자기모델반경:0.919
17:10:26  방향채택:0
17:10:26  방향거부:165872
17:10:26  GPS원시속도:0.041
17:10:26  GPS원시방향유효:1
17:10:26  GPS원시방향:290.8
17:10:26  가속도:-0.37,0.37,9.74
17:10:26  자이로:-1.6,0.2,-0.6
17:10:26  자력계:9.150,4.200,19.050
17:10:26  충격값:0.05
17:10:26  충격피크:0.09
17:10:26  마지막충격발생값:0.00
17:10:26  마지막충격발생ms:0
17:10:26  송신:14627
17:10:26  지팡이수신:9869
17:10:26  GPS위성:9
17:10:26  GPS_HDOP:1.11
17:10:26  원시위도:37.495928
17:10:26  원시경도:126.956115
17:10:26  GPS채택:1522
17:10:26  GPS이상치거부:0
17:10:26  GPS품질거부:0
17:10:26  GPS재기준:0
17:10:26  계산거리:-1.00
17:10:26  접근속도:0.00
17:10:26  TTC:999.00
17:10:26  방향오차:0.0
17:10:26  전방여부:0
17:10:26  위험음성횟수:0
17:10:26  충격음성횟수:0
17:10:26  마지막위험음성:0
17:10:26  RSSI원시:-53
17:10:26  RSSI평활:-53.1
17:10:26  RSSI샘플:9869
17:10:26  RSSI경과ms:187
17:10:26  RSSI구간:4
17:10:26  RSSI거리:1.15
17:10:26  상대보정:0
17:10:26  상대보정중:0
17:10:26  보정동쪽:0.00
17:10:26  보정북쪽:0.00
17:10:26  UWB유효:1
17:10:26  UWB원시거리:3.690
17:10:26  UWB보정거리:3.539
17:10:26  UWB접근속도:-0.399
17:10:26  UWB_RSSI:nan
17:10:26  UWB경과ms:170
17:10:26  UWB샘플:7443
17:10:26  UWB실패:165
17:10:26  UWB보정:1
17:10:26  UWB보정중:0
17:10:26  UWB보정샘플:100
17:10:26  UWB보정기준:3.000
17:10:26  UWB오프셋:0.234
17:10:26  UWB위험사용:0
17:10:26  UWB전송:7440
17:10:26  위험송신:0
17:10:27  시각ms:1537315
17:10:27  IMU시각ms:1537315
17:10:27  위험:0
17:10:27  원시위험:0
17:10:27  GPS유효:1
17:10:27  위도:37.495925
17:10:27  경도:126.956119
17:10:27  속도:0.03
17:10:27  방향:290.8
17:10:27  이동방향유효:0
17:10:27  GPS이동방향:290.8
17:10:27  차체방향유효:0
17:10:27  차체방향:0.0
17:10:27  후진판정:0
17:10:27  IMU요회전속도:0.00
17:10:27  방향가속도크기:9.74
17:10:27  방향자이로크기:4.44
17:10:27  방향자세cos:1.0000
17:10:27  자기모델잔차:27.34
17:10:27  자기모델반경:0.904
17:10:27  방향채택:0
17:10:27  방향거부:165888
17:10:27  GPS원시속도:0.041
17:10:27  GPS원시방향유효:1
17:10:27  GPS원시방향:290.8
17:10:27  가속도:-0.37,0.45,9.72
17:10:27  자이로:-2.0,3.9,-0.9
17:10:27  자력계:10.050,4.050,21.450
17:10:27  충격값:0.09
17:10:27  충격피크:0.09
17:10:27  마지막충격발생값:0.00
17:10:27  마지막충격발생ms:0
17:10:27  송신:14629
17:10:27  지팡이수신:9871
17:10:27  GPS위성:9
17:10:27  GPS_HDOP:1.11
17:10:27  원시위도:37.495928
17:10:27  원시경도:126.956115
17:10:27  GPS채택:1522
17:10:27  GPS이상치거부:0
17:10:27  GPS품질거부:0
17:10:27  GPS재기준:0
17:10:27  계산거리:-1.00
17:10:27  접근속도:0.00
17:10:27  TTC:999.00
17:10:27  방향오차:0.0
17:10:27  전방여부:0
17:10:27  위험음성횟수:0
17:10:27  충격음성횟수:0
17:10:27  마지막위험음성:0
17:10:27  RSSI원시:-53
17:10:27  RSSI평활:-53.6
17:10:27  RSSI샘플:9871
17:10:27  RSSI경과ms:43
17:10:27  RSSI구간:4
17:10:27  RSSI거리:1.19
17:10:27  상대보정:0
17:10:27  상대보정중:0
17:10:27  보정동쪽:0.00
17:10:27  보정북쪽:0.00
17:10:27  UWB유효:1
17:10:27  UWB원시거리:3.770
17:10:27  UWB보정거리:3.643
17:10:27  UWB접근속도:-0.422
17:10:27  UWB_RSSI:nan
17:10:27  UWB경과ms:132
17:10:27  UWB샘플:7444
17:10:27  UWB실패:165
17:10:27  UWB보정:1
17:10:27  UWB보정중:0
17:10:27  UWB보정샘플:100
17:10:27  UWB보정기준:3.000
17:10:27  UWB오프셋:0.234
17:10:27  UWB위험사용:0
17:10:27  UWB전송:7441
17:10:27  위험송신:0
17:10:27  시각ms:1537515
17:10:27  IMU시각ms:1537515
17:10:27  위험:0
17:10:27  원시위험:0
17:10:27  GPS유효:1
17:10:27  위도:37.495925
17:10:27  경도:126.956119
17:10:27  속도:0.03
17:10:27  방향:290.8
17:10:27  이동방향유효:0
17:10:27  GPS이동방향:290.8
17:10:27  차체방향유효:0
17:10:27  차체방향:0.0
17:10:27  후진판정:0
17:10:27  IMU요회전속도:0.00
17:10:27  방향가속도크기:9.65
17:10:27  방향자이로크기:1.16
17:10:27  방향자세cos:0.9999
17:10:27  자기모델잔차:25.24
17:10:27  자기모델반경:0.953
17:10:27  방향채택:0
17:10:27  방향거부:165908
17:10:27  GPS원시속도:0.041
17:10:27  GPS원시방향유효:1
17:10:27  GPS원시방향:290.8
17:10:27  가속도:-0.33,0.45,9.63
17:10:27  자이로:-0.6,-0.0,-1.0
17:10:27  자력계:8.550,5.250,19.200
17:10:27  충격값:0.14
17:10:27  충격피크:0.14
17:10:27  마지막충격발생값:0.00
17:10:27  마지막충격발생ms:0
17:10:27  송신:14631
17:10:27  지팡이수신:9873
17:10:27  GPS위성:9
17:10:27  GPS_HDOP:1.11
17:10:27  원시위도:37.495928
17:10:27  원시경도:126.956115
17:10:27  GPS채택:1522
17:10:27  GPS이상치거부:0
17:10:27  GPS품질거부:0
17:10:27  GPS재기준:0
17:10:27  계산거리:-1.00
17:10:27  접근속도:0.00
17:10:27  TTC:999.00
17:10:27  방향오차:0.0
17:10:27  전방여부:0
17:10:27  위험음성횟수:0
17:10:27  충격음성횟수:0
17:10:27  마지막위험음성:0
17:10:27  RSSI원시:-53
17:10:27  RSSI평활:-52.9
17:10:27  RSSI샘플:9873
17:10:27  RSSI경과ms:37
17:10:27  RSSI구간:4
17:10:27  RSSI거리:1.12
17:10:27  상대보정:0
17:10:27  상대보정중:0
17:10:27  보정동쪽:0.00
17:10:27  보정북쪽:0.00
17:10:27  UWB유효:1
17:10:27  UWB원시거리:3.860
17:10:27  UWB보정거리:3.741
17:10:27  UWB접근속도:-0.459
17:10:27  UWB_RSSI:nan
17:10:27  UWB경과ms:152
17:10:27  UWB샘플:7445
17:10:27  UWB실패:165
17:10:27  UWB보정:1
17:10:27  UWB보정중:0
17:10:27  UWB보정샘플:100
17:10:27  UWB보정기준:3.000
17:10:27  UWB오프셋:0.234
17:10:27  UWB위험사용:0
17:10:27  UWB전송:7442
17:10:27  위험송신:0
17:10:27  시각ms:1537737
17:10:27  IMU시각ms:1537737
17:10:27  위험:0
17:10:27  원시위험:0
17:10:27  GPS유효:1
17:10:27  위도:37.495927
17:10:27  경도:126.956117
17:10:27  속도:0.03
17:10:27  방향:290.8
17:10:27  이동방향유효:0
17:10:27  GPS이동방향:290.8
17:10:27  차체방향유효:0
17:10:27  차체방향:0.0
17:10:27  후진판정:0
17:10:27  IMU요회전속도:0.00
17:10:27  방향가속도크기:9.73
17:10:27  방향자이로크기:4.36
17:10:27  방향자세cos:0.9996
17:10:27  자기모델잔차:25.16
17:10:27  자기모델반경:0.926
17:10:27  방향채택:0
17:10:27  방향거부:165932
17:10:27  GPS원시속도:0.021
17:10:27  GPS원시방향유효:1
17:10:27  GPS원시방향:290.8
17:10:27  가속도:-0.27,0.26,9.73
17:10:27  자이로:4.2,-0.3,1.1
17:10:27  자력계:10.050,4.500,19.200
17:10:27  충격값:0.16
17:10:27  충격피크:0.16
17:10:27  마지막충격발생값:0.00
17:10:27  마지막충격발생ms:0
17:10:27  송신:14633
17:10:27  지팡이수신:9875
17:10:27  GPS위성:8
17:10:27  GPS_HDOP:1.20
17:10:27  원시위도:37.495930
17:10:27  원시경도:126.956113
17:10:27  GPS채택:1523
17:10:27  GPS이상치거부:0
17:10:27  GPS품질거부:0
17:10:27  GPS재기준:0
17:10:27  계산거리:-1.00
17:10:27  접근속도:0.00
17:10:27  TTC:999.00
17:10:27  방향오차:0.0
17:10:27  전방여부:0
17:10:27  위험음성횟수:0
17:10:27  충격음성횟수:0
17:10:27  마지막위험음성:0
17:10:27  RSSI원시:-64
17:10:27  RSSI평활:-55.8
17:10:27  RSSI샘플:9875
17:10:27  RSSI경과ms:42
17:10:27  RSSI구간:4
17:10:27  RSSI거리:1.47
17:10:27  상대보정:0
17:10:27  상대보정중:0
17:10:27  보정동쪽:0.00
17:10:27  보정북쪽:0.00
17:10:27  UWB유효:1
17:10:27  UWB원시거리:4.020
17:10:27  UWB보정거리:3.833
17:10:27  UWB접근속도:-0.460
17:10:27  UWB_RSSI:nan
17:10:27  UWB경과ms:174
17:10:27  UWB샘플:7446
17:10:27  UWB실패:165
17:10:27  UWB보정:1
17:10:27  UWB보정중:0
17:10:27  UWB보정샘플:100
17:10:27  UWB보정기준:3.000
17:10:27  UWB오프셋:0.234
17:10:27  UWB위험사용:0
17:10:27  UWB전송:7443
17:10:27  위험송신:0
17:10:27  시각ms:1537946
17:10:27  IMU시각ms:1537946
17:10:27  위험:0
17:10:27  원시위험:0
17:10:27  GPS유효:1
17:10:27  위도:37.495927
17:10:27  경도:126.956117
17:10:27  속도:0.03
17:10:27  방향:290.8
17:10:27  이동방향유효:0
17:10:27  GPS이동방향:290.8
17:10:27  차체방향유효:0
17:10:27  차체방향:0.0
17:10:27  후진판정:0
17:10:27  IMU요회전속도:0.00
17:10:27  방향가속도크기:9.74
17:10:27  방향자이로크기:1.18
17:10:27  방향자세cos:0.9999
17:10:27  자기모델잔차:25.93
17:10:27  자기모델반경:0.935
17:10:27  방향채택:0
17:10:27  방향거부:165954
17:10:27  GPS원시속도:0.021
17:10:27  GPS원시방향유효:1
17:10:27  GPS원시방향:290.8
17:10:27  가속도:-0.39,0.35,9.73
17:10:27  자이로:0.9,-0.5,0.5
17:10:27  자력계:8.850,4.800,19.950
17:10:27  충격값:0.03
17:10:27  충격피크:0.18
17:10:27  마지막충격발생값:0.00
17:10:27  마지막충격발생ms:0
17:10:27  송신:14635
17:10:27  지팡이수신:9877
17:10:27  GPS위성:8
17:10:27  GPS_HDOP:1.20
17:10:27  원시위도:37.495930
17:10:27  원시경도:126.956113
17:10:27  GPS채택:1523
17:10:27  GPS이상치거부:0
17:10:27  GPS품질거부:0
17:10:27  GPS재기준:0
17:10:27  계산거리:-1.00
17:10:27  접근속도:0.00
17:10:27  TTC:999.00
17:10:27  방향오차:0.0
17:10:27  전방여부:0
17:10:27  위험음성횟수:0
17:10:27  충격음성횟수:0
17:10:27  마지막위험음성:0
17:10:27  RSSI원시:-53
17:10:27  RSSI평활:-55.2
17:10:27  RSSI샘플:9877
17:10:27  RSSI경과ms:39
17:10:27  RSSI구간:4
17:10:27  RSSI거리:1.40
17:10:27  상대보정:0
17:10:27  상대보정중:0
17:10:27  보정동쪽:0.00
17:10:27  보정북쪽:0.00
17:10:27  UWB유효:1
17:10:27  UWB원시거리:4.080
17:10:27  UWB보정거리:3.925
17:10:27  UWB접근속도:-0.462
17:10:27  UWB_RSSI:nan
17:10:27  UWB경과ms:187
17:10:27  UWB샘플:7447
17:10:27  UWB실패:165
17:10:27  UWB보정:1
17:10:27  UWB보정중:0
17:10:27  UWB보정샘플:100
17:10:27  UWB보정기준:3.000
17:10:27  UWB오프셋:0.234
17:10:27  UWB위험사용:0
17:10:27  UWB전송:7444
17:10:27  위험송신:0
17:10:27  시각ms:1538052
17:10:27  IMU시각ms:1538052
17:10:27  위험:0
17:10:27  원시위험:0
17:10:27  GPS유효:1
17:10:27  위도:37.495927
17:10:27  경도:126.956117
17:10:27  속도:0.03
17:10:27  방향:290.8
17:10:27  이동방향유효:0
17:10:27  GPS이동방향:290.8
17:10:27  차체방향유효:0
17:10:27  차체방향:0.0
17:10:27  후진판정:0
17:10:27  IMU요회전속도:0.00
17:10:27  방향가속도크기:9.72
17:10:27  방향자이로크기:2.60
17:10:27  방향자세cos:1.0000
17:10:27  자기모델잔차:26.38
17:10:27  자기모델반경:0.934
17:10:27  방향채택:0
17:10:27  방향거부:165965
17:10:27  GPS원시속도:0.021
17:10:27  GPS원시방향유효:1
17:10:27  GPS원시방향:290.8
17:10:27  가속도:-0.42,0.43,9.70
17:10:27  자이로:-1.9,-1.2,-1.3
17:10:27  자력계:8.850,4.800,20.400
17:10:27  충격값:0.06
17:10:27  충격피크:0.11
17:10:27  마지막충격발생값:0.00
17:10:27  마지막충격발생ms:0
17:10:27  송신:14636
17:10:27  지팡이수신:9878
17:10:27  GPS위성:8
17:10:27  GPS_HDOP:1.20
17:10:27  원시위도:37.495930
17:10:27  원시경도:126.956113
17:10:27  GPS채택:1523
17:10:27  GPS이상치거부:0
17:10:27  GPS품질거부:0
17:10:27  GPS재기준:0
17:10:27  계산거리:-1.00
17:10:27  접근속도:0.00
17:10:27  TTC:999.00
17:10:27  방향오차:0.0
17:10:27  전방여부:0
17:10:27  위험음성횟수:0
17:10:27  충격음성횟수:0
17:10:27  마지막위험음성:0
17:10:27  RSSI원시:-53
17:10:27  RSSI평활:-54.8
17:10:27  RSSI샘플:9878
17:10:27  RSSI경과ms:41
17:10:27  RSSI구간:4
17:10:27  RSSI거리:1.34
17:10:27  상대보정:0
17:10:27  상대보정중:0
17:10:27  보정동쪽:0.00
17:10:27  보정북쪽:0.00
17:10:27  UWB유효:1
17:10:27  UWB원시거리:4.150
17:10:27  UWB보정거리:4.040
17:10:27  UWB접근속도:-0.494
17:10:27  UWB_RSSI:nan
17:10:27  UWB경과ms:91
17:10:27  UWB샘플:7448
17:10:27  UWB실패:165
17:10:27  UWB보정:1
17:10:27  UWB보정중:0
17:10:27  UWB보정샘플:100
17:10:27  UWB보정기준:3.000
17:10:27  UWB오프셋:0.234
17:10:27  UWB위험사용:0
17:10:27  UWB전송:7445
17:10:27  위험송신:0
17:10:28  시각ms:1538298
17:10:28  IMU시각ms:1538297
17:10:28  위험:0
17:10:28  원시위험:0
17:10:28  GPS유효:1
17:10:28  위도:37.495927
17:10:28  경도:126.956117
17:10:28  속도:0.03
17:10:28  방향:290.8
17:10:28  이동방향유효:0
17:10:28  GPS이동방향:290.8
17:10:28  차체방향유효:0
17:10:28  차체방향:0.0
17:10:28  후진판정:0
17:10:28  IMU요회전속도:0.00
17:10:28  방향가속도크기:9.82
17:10:28  방향자이로크기:2.78
17:10:28  방향자세cos:0.9998
17:10:28  자기모델잔차:26.47
17:10:28  자기모델반경:0.969
17:10:28  방향채택:0
17:10:28  방향거부:165989
17:10:28  GPS원시속도:0.021
17:10:28  GPS원시방향유효:1
17:10:28  GPS원시방향:290.8
17:10:28  가속도:-0.32,0.34,9.81
17:10:28  자이로:0.9,0.3,-2.6
17:10:28  자력계:7.050,5.700,20.400
17:10:28  충격값:0.14
17:10:28  충격피크:0.19
17:10:28  마지막충격발생값:0.00
17:10:28  마지막충격발생ms:0
17:10:28  송신:14639
17:10:28  지팡이수신:9880
17:10:28  GPS위성:8
17:10:28  GPS_HDOP:1.20
17:10:28  원시위도:37.495930
17:10:28  원시경도:126.956113
17:10:28  GPS채택:1523
17:10:28  GPS이상치거부:0
17:10:28  GPS품질거부:0
17:10:28  GPS재기준:0
17:10:28  계산거리:-1.00
17:10:28  접근속도:0.00
17:10:28  TTC:999.00
17:10:28  방향오차:0.0
17:10:28  전방여부:0
17:10:28  위험음성횟수:0
17:10:28  충격음성횟수:0
17:10:28  마지막위험음성:0
17:10:28  RSSI원시:-53
17:10:28  RSSI평활:-54.2
17:10:28  RSSI샘플:9880
17:10:28  RSSI경과ms:91
17:10:28  RSSI구간:4
17:10:28  RSSI거리:1.26
17:10:28  상대보정:0
17:10:28  상대보정중:0
17:10:28  보정동쪽:0.00
17:10:28  보정북쪽:0.00
17:10:28  UWB유효:1
17:10:28  UWB원시거리:4.280
17:10:28  UWB보정거리:4.136
17:10:28  UWB접근속도:-0.476
17:10:28  UWB_RSSI:nan
17:10:28  UWB경과ms:115
17:10:28  UWB샘플:7449
17:10:28  UWB실패:165
17:10:28  UWB보정:1
17:10:28  UWB보정중:0
17:10:28  UWB보정샘플:100
17:10:28  UWB보정기준:3.000
17:10:28  UWB오프셋:0.234
17:10:28  UWB위험사용:0
17:10:28  UWB전송:7446
17:10:28  위험송신:0
17:10:28  시각ms:1538413
17:10:28  IMU시각ms:1538413
17:10:28  위험:0
17:10:28  원시위험:0
17:10:28  GPS유효:1
17:10:28  위도:37.495927
17:10:28  경도:126.956117
17:10:28  속도:0.03
17:10:28  방향:290.8
17:10:28  이동방향유효:0
17:10:28  GPS이동방향:290.8
17:10:28  차체방향유효:0
17:10:28  차체방향:0.0
17:10:28  후진판정:0
17:10:28  IMU요회전속도:0.00
17:10:28  방향가속도크기:9.65
17:10:28  방향자이로크기:3.98
17:10:28  방향자세cos:1.0000
17:10:28  자기모델잔차:26.30
17:10:28  자기모델반경:0.952
17:10:28  방향채택:0
17:10:28  방향거부:166001
17:10:28  GPS원시속도:0.021
17:10:28  GPS원시방향유효:1
17:10:28  GPS원시방향:290.8
17:10:28  가속도:-0.40,0.44,9.63
17:10:28  자이로:2.8,-2.8,-0.1
17:10:28  자력계:9.150,5.400,20.250
17:10:28  충격값:0.10
17:10:28  충격피크:0.11
17:10:28  마지막충격발생값:0.00
17:10:28  마지막충격발생ms:0
17:10:28  송신:14640
17:10:28  지팡이수신:9881
17:10:28  GPS위성:8
17:10:28  GPS_HDOP:1.20
17:10:28  원시위도:37.495930
17:10:28  원시경도:126.956113
17:10:28  GPS채택:1523
17:10:28  GPS이상치거부:0
17:10:28  GPS품질거부:0
17:10:28  GPS재기준:0
17:10:28  계산거리:-1.00
17:10:28  접근속도:0.00
17:10:28  TTC:999.00
17:10:28  방향오차:0.0
17:10:28  전방여부:0
17:10:28  위험음성횟수:0
17:10:28  충격음성횟수:0
17:10:28  마지막위험음성:0
17:10:28  RSSI원시:-55
17:10:28  RSSI평활:-54.3
17:10:28  RSSI샘플:9881
17:10:28  RSSI경과ms:113
17:10:28  RSSI구간:4
17:10:28  RSSI거리:1.28
17:10:28  상대보정:0
17:10:28  상대보정중:0
17:10:28  보정동쪽:0.00
17:10:28  보정북쪽:0.00
17:10:28  UWB유효:1
17:10:28  UWB원시거리:4.360
17:10:28  UWB보정거리:4.223
17:10:28  UWB접근속도:-0.481
17:10:28  UWB_RSSI:nan
17:10:28  UWB경과ms:54
17:10:28  UWB샘플:7450
17:10:28  UWB실패:165
17:10:28  UWB보정:1
17:10:28  UWB보정중:0
17:10:28  UWB보정샘플:100
17:10:28  UWB보정기준:3.000
17:10:28  UWB오프셋:0.234
17:10:28  UWB위험사용:0
17:10:28  UWB전송:7447
17:10:28  위험송신:0
17:10:28  시각ms:1538433
17:10:28  IMU시각ms:1538433
17:10:28  위험:0
17:10:28  원시위험:0
17:10:28  GPS유효:1
17:10:28  위도:37.495927
17:10:28  경도:126.956117
17:10:28  속도:0.03
17:10:28  방향:290.8
17:10:28  이동방향유효:0
17:10:28  GPS이동방향:290.8
17:10:28  차체방향유효:0
17:10:28  차체방향:0.0
17:10:28  후진판정:0
17:10:28  IMU요회전속도:0.00
17:10:28  방향가속도크기:9.72
17:10:28  방향자이로크기:0.73
17:10:28  방향자세cos:0.9999
17:10:28  자기모델잔차:27.26
17:10:28  자기모델반경:0.880
17:10:28  방향채택:0
17:10:28  방향거부:166003
17:10:28  GPS원시속도:0.021
17:10:28  GPS원시방향유효:1
17:10:28  GPS원시방향:290.8
17:10:28  가속도:-0.44,0.38,9.70
17:10:28  자이로:0.6,-0.3,-0.3
17:10:28  자력계:10.050,3.300,21.450
17:10:28  충격값:0.03
17:10:28  충격피크:0.10
17:10:28  마지막충격발생값:0.00
17:10:28  마지막충격발생ms:0
17:10:28  송신:14640
17:10:28  지팡이수신:9882
17:10:28  GPS위성:8
17:10:28  GPS_HDOP:1.20
17:10:28  원시위도:37.495930
17:10:28  원시경도:126.956113
17:10:28  GPS채택:1523
17:10:28  GPS이상치거부:0
17:10:28  GPS품질거부:0
17:10:28  GPS재기준:0
17:10:28  계산거리:-1.00
17:10:28  접근속도:0.00
17:10:28  TTC:999.00
17:10:28  방향오차:0.0
17:10:28  전방여부:0
17:10:28  위험음성횟수:0
17:10:28  충격음성횟수:0
17:10:28  마지막위험음성:0
17:10:28  RSSI원시:-55
17:10:28  RSSI평활:-54.5
17:10:28  RSSI샘플:9882
17:10:28  RSSI경과ms:17
17:10:28  RSSI구간:4
17:10:28  RSSI거리:1.30
17:10:28  상대보정:0
17:10:28  상대보정중:0
17:10:28  보정동쪽:0.00
17:10:28  보정북쪽:0.00
17:10:28  UWB유효:1
17:10:28  UWB원시거리:4.360
17:10:28  UWB보정거리:4.223
17:10:28  UWB접근속도:-0.481
17:10:28  UWB_RSSI:nan
17:10:28  UWB경과ms:74
17:10:28  UWB샘플:7450
17:10:28  UWB실패:165
17:10:28  UWB보정:1
17:10:28  UWB보정중:0
17:10:28  UWB보정샘플:100
17:10:28  UWB보정기준:3.000
17:10:28  UWB오프셋:0.234
17:10:28  UWB위험사용:0
17:10:28  UWB전송:7447
17:10:28  위험송신:0
17:10:28  시각ms:1538459
17:10:28  IMU시각ms:1538459
17:10:28  위험:0
17:10:28  원시위험:0
17:10:28  GPS유효:1
17:10:28  위도:37.495927
17:10:28  경도:126.956117
17:10:28  속도:0.03
17:10:28  방향:290.8
17:10:28  이동방향유효:0
17:10:28  GPS이동방향:290.8
17:10:28  차체방향유효:0
17:10:28  차체방향:0.0
17:10:28  후진판정:0
17:10:28  IMU요회전속도:0.00
17:10:28  방향가속도크기:9.71
17:10:28  방향자이로크기:3.05
17:10:28  방향자세cos:1.0000
17:10:28  자기모델잔차:26.03
17:10:28  자기모델반경:0.964
17:10:28  방향채택:0
17:10:28  방향거부:166006
17:10:28  GPS원시속도:0.021
17:10:28  GPS원시방향유효:1
17:10:28  GPS원시방향:290.8
17:10:28  가속도:-0.39,0.43,9.70
17:10:28  자이로:-1.8,0.8,-2.3
17:10:28  자력계:8.550,5.700,19.950
17:10:28  충격값:0.07
17:10:28  충격피크:0.20
17:10:28  마지막충격발생값:0.00
17:10:28  마지막충격발생ms:0
17:10:28  송신:14640
17:10:28  지팡이수신:9882
17:10:28  GPS위성:8
17:10:28  GPS_HDOP:1.20
17:10:28  원시위도:37.495930
17:10:28  원시경도:126.956113
17:10:28  GPS채택:1523
17:10:28  GPS이상치거부:0
17:10:28  GPS품질거부:0
17:10:28  GPS재기준:0
17:10:28  계산거리:-1.00
17:10:28  접근속도:0.00
17:10:28  TTC:999.00
17:10:28  방향오차:0.0
17:10:28  전방여부:0
17:10:28  위험음성횟수:0
17:10:28  충격음성횟수:0
17:10:28  마지막위험음성:0
17:10:28  RSSI원시:-55
17:10:28  RSSI평활:-54.5
17:10:28  RSSI샘플:9882
17:10:28  RSSI경과ms:43
17:10:28  RSSI구간:4
17:10:28  RSSI거리:1.30
17:10:28  상대보정:0
17:10:28  상대보정중:0
17:10:28  보정동쪽:0.00
17:10:28  보정북쪽:0.00
17:10:28  UWB유효:1
17:10:28  UWB원시거리:4.360
17:10:28  UWB보정거리:4.223
17:10:28  UWB접근속도:-0.481
17:10:28  UWB_RSSI:nan
17:10:28  UWB경과ms:100
17:10:28  UWB샘플:7450
17:10:28  UWB실패:165
17:10:28  UWB보정:1
17:10:28  UWB보정중:0
17:10:28  UWB보정샘플:100
17:10:28  UWB보정기준:3.000
17:10:28  UWB오프셋:0.234
17:10:28  UWB위험사용:0
17:10:28  UWB전송:7447
17:10:28  위험송신:0
17:10:28  시각ms:1538486
17:10:28  IMU시각ms:1538486
17:10:28  위험:0
17:10:28  원시위험:0
17:10:28  GPS유효:1
17:10:28  위도:37.495927
17:10:28  경도:126.956117
17:10:28  속도:0.03
17:10:28  방향:290.8
17:10:28  이동방향유효:0
17:10:28  GPS이동방향:290.8
17:10:28  차체방향유효:0
17:10:28  차체방향:0.0
17:10:28  후진판정:0
17:10:28  IMU요회전속도:0.00
17:10:28  방향가속도크기:9.63
17:10:28  방향자이로크기:3.19
17:10:28  방향자세cos:1.0000
17:10:28  자기모델잔차:26.13
17:10:28  자기모델반경:0.904
17:10:28  방향채택:0
17:10:28  방향거부:166009
17:10:28  GPS원시속도:0.021
17:10:28  GPS원시방향유효:1
17:10:28  GPS원시방향:290.8
17:10:28  가속도:-0.35,0.47,9.62
17:10:28  자이로:0.9,-1.4,-2.8
17:10:28  자력계:9.900,3.900,20.250
17:10:28  충격값:0.15
17:10:28  충격피크:0.26
17:10:28  마지막충격발생값:0.00
17:10:28  마지막충격발생ms:0
17:10:28  송신:14640
17:10:28  지팡이수신:9882
17:10:28  GPS위성:8
17:10:28  GPS_HDOP:1.20
17:10:28  원시위도:37.495930
17:10:28  원시경도:126.956113
17:10:28  GPS채택:1523
17:10:28  GPS이상치거부:0
17:10:28  GPS품질거부:0
17:10:28  GPS재기준:0
17:10:28  계산거리:-1.00
17:10:28  접근속도:0.00
17:10:28  TTC:999.00
17:10:28  방향오차:0.0
17:10:28  전방여부:0
17:10:28  위험음성횟수:0
17:10:28  충격음성횟수:0
17:10:28  마지막위험음성:0
17:10:28  RSSI원시:-55
17:10:28  RSSI평활:-54.5
17:10:28  RSSI샘플:9882
17:10:28  RSSI경과ms:70
17:10:28  RSSI구간:4
17:10:28  RSSI거리:1.30
17:10:28  상대보정:0
17:10:28  상대보정중:0
17:10:28  보정동쪽:0.00
17:10:28  보정북쪽:0.00
17:10:28  UWB유효:1
17:10:28  UWB원시거리:4.360
17:10:28  UWB보정거리:4.223
17:10:28  UWB접근속도:-0.481
17:10:28  UWB_RSSI:nan
17:10:28  UWB경과ms:127
17:10:28  UWB샘플:7450
17:10:28  UWB실패:165
17:10:28  UWB보정:1
17:10:28  UWB보정중:0
17:10:28  UWB보정샘플:100
17:10:28  UWB보정기준:3.000
17:10:28  UWB오프셋:0.234
17:10:28  UWB위험사용:0
17:10:28  UWB전송:7447
17:10:28  위험송신:0
17:10:28  시각ms:1538514
17:10:28  IMU시각ms:1538514
17:10:28  위험:0
17:10:28  원시위험:0
17:10:28  GPS유효:1
17:10:28  위도:37.495927
17:10:28  경도:126.956117
17:10:28  속도:0.03
17:10:28  방향:290.8
17:10:28  이동방향유효:0
17:10:28  GPS이동방향:290.8
17:10:28  차체방향유효:0
17:10:28  차체방향:0.0
17:10:28  후진판정:0
17:10:28  IMU요회전속도:0.00
17:10:28  방향가속도크기:9.76
17:10:28  방향자이로크기:0.47
17:10:28  방향자세cos:1.0000
17:10:28  자기모델잔차:27.01
17:10:28  자기모델반경:0.940
17:10:28  방향채택:0
17:10:28  방향거부:166012
17:10:28  GPS원시속도:0.021
17:10:28  GPS원시방향유효:1
17:10:28  GPS원시방향:290.8
17:10:28  가속도:-0.43,0.39,9.74
17:10:28  자이로:0.0,0.4,0.2
17:10:28  자력계:9.450,5.100,21.000
17:10:28  충격값:0.05
17:10:28  충격피크:0.11
17:10:28  마지막충격발생값:0.00
17:10:28  마지막충격발생ms:0
17:10:28  송신:14641
17:10:28  지팡이수신:9882
17:10:28  GPS위성:8
17:10:28  GPS_HDOP:1.20
17:10:28  원시위도:37.495930
17:10:28  원시경도:126.956113
17:10:28  GPS채택:1523
17:10:28  GPS이상치거부:0
17:10:28  GPS품질거부:0
17:10:28  GPS재기준:0
17:10:28  계산거리:-1.00
17:10:28  접근속도:0.00
17:10:28  TTC:999.00
17:10:28  방향오차:0.0
17:10:28  전방여부:0
17:10:28  위험음성횟수:0
17:10:28  충격음성횟수:0
17:10:28  마지막위험음성:0
17:10:28  RSSI원시:-55
17:10:28  RSSI평활:-54.5
17:10:28  RSSI샘플:9882
17:10:28  RSSI경과ms:98
17:10:28  RSSI구간:4
17:10:28  RSSI거리:1.30
17:10:28  상대보정:0
17:10:28  상대보정중:0
17:10:28  보정동쪽:0.00
17:10:28  보정북쪽:0.00
17:10:28  UWB유효:1
17:10:28  UWB원시거리:4.360
17:10:28  UWB보정거리:4.223
17:10:28  UWB접근속도:-0.481
17:10:28  UWB_RSSI:nan
17:10:28  UWB경과ms:155
17:10:28  UWB샘플:7450
17:10:28  UWB실패:165
17:10:28  UWB보정:1
17:10:28  UWB보정중:0
17:10:28  UWB보정샘플:100
17:10:28  UWB보정기준:3.000
17:10:28  UWB오프셋:0.234
17:10:28  UWB위험사용:0
17:10:28  UWB전송:7447
17:10:28  위험송신:0
17:10:28  시각ms:1538540
17:10:28  IMU시각ms:1538540
17:10:28  위험:0
17:10:28  원시위험:0
17:10:28  GPS유효:1
17:10:28  위도:37.495927
17:10:28  경도:126.956117
17:10:28  속도:0.03
17:10:28  방향:290.8
17:10:28  이동방향유효:0
17:10:28  GPS이동방향:290.8
17:10:28  차체방향유효:0
17:10:28  차체방향:0.0
17:10:28  후진판정:0
17:10:28  IMU요회전속도:0.00
17:10:28  방향가속도크기:9.58
17:10:28  방향자이로크기:3.74
17:10:28  방향자세cos:0.9998
17:10:28  자기모델잔차:26.95
17:10:28  자기모델반경:0.928
17:10:28  방향채택:0
17:10:28  방향거부:166015
17:10:28  GPS원시속도:0.021
17:10:28  GPS원시방향유효:1
17:10:28  GPS원시방향:290.8
17:10:28  가속도:-0.38,0.30,9.57
17:10:28  자이로:3.6,-0.0,-1.2
17:10:28  자력계:8.400,4.650,21.000
17:10:28  충격값:0.14
17:10:28  충격피크:0.14
17:10:28  마지막충격발생값:0.00
17:10:28  마지막충격발생ms:0
17:10:28  송신:14641
17:10:28  지팡이수신:9883
17:10:28  GPS위성:8
17:10:28  GPS_HDOP:1.20
17:10:28  원시위도:37.495930
17:10:28  원시경도:126.956113
17:10:28  GPS채택:1523
17:10:28  GPS이상치거부:0
17:10:28  GPS품질거부:0
17:10:28  GPS재기준:0
17:10:28  계산거리:-1.00
17:10:28  접근속도:0.00
17:10:28  TTC:999.00
17:10:28  방향오차:0.0
17:10:28  전방여부:0
17:10:28  위험음성횟수:0
17:10:28  충격음성횟수:0
17:10:28  마지막위험음성:0
17:10:28  RSSI원시:-60
17:10:28  RSSI평활:-55.6
17:10:28  RSSI샘플:9883
17:10:28  RSSI경과ms:14
17:10:28  RSSI구간:4
17:10:28  RSSI거리:1.44
17:10:28  상대보정:0
17:10:28  상대보정중:0
17:10:28  보정동쪽:0.00
17:10:28  보정북쪽:0.00
17:10:28  UWB유효:1
17:10:28  UWB원시거리:4.360
17:10:28  UWB보정거리:4.223
17:10:28  UWB접근속도:-0.481
17:10:28  UWB_RSSI:nan
17:10:28  UWB경과ms:181
17:10:28  UWB샘플:7450
17:10:28  UWB실패:165
17:10:28  UWB보정:1
17:10:28  UWB보정중:0
17:10:28  UWB보정샘플:100
17:10:28  UWB보정기준:3.000
17:10:28  UWB오프셋:0.234
17:10:28  UWB위험사용:0
17:10:28  UWB전송:7447
17:10:28  위험송신:0
17:10:28  시각ms:1538563
17:10:28  IMU시각ms:1538561
17:10:28  위험:0
17:10:28  원시위험:0
17:10:28  GPS유효:1
17:10:28  위도:37.495927
17:10:28  경도:126.956117
17:10:28  속도:0.03
17:10:28  방향:290.8
17:10:28  이동방향유효:0
17:10:28  GPS이동방향:290.8
17:10:28  차체방향유효:0
17:10:28  차체방향:0.0
17:10:28  후진판정:0
17:10:28  IMU요회전속도:0.00
17:10:28  방향가속도크기:9.61
17:10:28  방향자이로크기:3.53
17:10:28  방향자세cos:0.9998
17:10:28  자기모델잔차:26.29
17:10:28  자기모델반경:0.910
17:10:28  방향채택:0
17:10:28  방향거부:166017
17:10:28  GPS원시속도:0.021
17:10:28  GPS원시방향유효:1
17:10:28  GPS원시방향:290.8
17:10:28  가속도:-0.43,0.29,9.60
17:10:28  자이로:-0.8,-1.9,-2.9
17:10:28  자력계:8.850,4.050,20.400
17:10:28  충격값:0.12
17:10:28  충격피크:0.12
17:10:28  마지막충격발생값:0.00
17:10:28  마지막충격발생ms:0
17:10:28  송신:14641
17:10:28  지팡이수신:9883
17:10:28  GPS위성:8
17:10:28  GPS_HDOP:1.20
17:10:28  원시위도:37.495930
17:10:28  원시경도:126.956113
17:10:28  GPS채택:1523
17:10:28  GPS이상치거부:0
17:10:28  GPS품질거부:0
17:10:28  GPS재기준:0
17:10:28  계산거리:-1.00
17:10:28  접근속도:0.00
17:10:28  TTC:999.00
17:10:28  방향오차:0.0
17:10:28  전방여부:0
17:10:28  위험음성횟수:0
17:10:28  충격음성횟수:0
17:10:28  마지막위험음성:0
17:10:28  RSSI원시:-60
17:10:28  RSSI평활:-55.6
17:10:28  RSSI샘플:9883
17:10:28  RSSI경과ms:37
17:10:28  RSSI구간:4
17:10:28  RSSI거리:1.44
17:10:28  상대보정:0
17:10:28  상대보정중:0
17:10:28  보정동쪽:0.00
17:10:28  보정북쪽:0.00
17:10:28  UWB유효:1
17:10:28  UWB원시거리:4.440
17:10:28  UWB보정거리:4.325
17:10:28  UWB접근속도:-0.487
17:10:28  UWB_RSSI:nan
17:10:28  UWB경과ms:0
17:10:28  UWB샘플:7451
17:10:28  UWB실패:165
17:10:28  UWB보정:1
17:10:28  UWB보정중:0
17:10:28  UWB보정샘플:100
17:10:28  UWB보정기준:3.000
17:10:28  UWB오프셋:0.234
17:10:28  UWB위험사용:0
17:10:28  UWB전송:7448
17:10:28  위험송신:0
17:10:28  시각ms:1538590
17:10:28  IMU시각ms:1538590
17:10:28  위험:0
17:10:28  원시위험:0
17:10:28  GPS유효:1
17:10:28  위도:37.495927
17:10:28  경도:126.956117
17:10:28  속도:0.03
17:10:28  방향:290.8
17:10:28  이동방향유효:0
17:10:28  GPS이동방향:290.8
17:10:28  차체방향유효:0
17:10:28  차체방향:0.0
17:10:28  후진판정:0
17:10:28  IMU요회전속도:0.00
17:10:28  방향가속도크기:9.76
17:10:28  방향자이로크기:4.00
17:10:28  방향자세cos:0.9999
17:10:28  자기모델잔차:26.64
17:10:28  자기모델반경:0.927
17:10:28  방향채택:0
17:10:28  방향거부:166020
17:10:28  GPS원시속도:0.021
17:10:28  GPS원시방향유효:1
17:10:28  GPS원시방향:290.8
17:10:28  가속도:-0.34,0.39,9.75
17:10:28  자이로:-1.7,1.8,-3.1
17:10:28  자력계:7.800,4.500,20.700
17:10:28  충격값:0.09
17:10:28  충격피크:0.13
17:10:28  마지막충격발생값:0.00
17:10:28  마지막충격발생ms:0
17:10:28  송신:14641
17:10:28  지팡이수신:9883
17:10:28  GPS위성:8
17:10:28  GPS_HDOP:1.20
17:10:28  원시위도:37.495930
17:10:28  원시경도:126.956113
17:10:28  GPS채택:1523
17:10:28  GPS이상치거부:0
17:10:28  GPS품질거부:0
17:10:28  GPS재기준:0
17:10:28  계산거리:-1.00
17:10:28  접근속도:0.00
17:10:28  TTC:999.00
17:10:28  방향오차:0.0
17:10:28  전방여부:0
17:10:28  위험음성횟수:0
17:10:28  충격음성횟수:0
17:10:28  마지막위험음성:0
17:10:28  RSSI원시:-60
17:10:28  RSSI평활:-55.6
17:10:28  RSSI샘플:9883
17:10:28  RSSI경과ms:64
17:10:28  RSSI구간:4
17:10:28  RSSI거리:1.44
17:10:28  상대보정:0
17:10:28  상대보정중:0
17:10:28  보정동쪽:0.00
17:10:28  보정북쪽:0.00
17:10:28  UWB유효:1
17:10:28  UWB원시거리:4.440
17:10:28  UWB보정거리:4.325
17:10:28  UWB접근속도:-0.487
17:10:28  UWB_RSSI:nan
17:10:28  UWB경과ms:27
17:10:28  UWB샘플:7451
17:10:28  UWB실패:165
17:10:28  UWB보정:1
17:10:28  UWB보정중:0
17:10:28  UWB보정샘플:100
17:10:28  UWB보정기준:3.000
17:10:28  UWB오프셋:0.234
17:10:28  UWB위험사용:0
17:10:28  UWB전송:7448
17:10:28  위험송신:0
17:10:28  시각ms:1538617
17:10:28  IMU시각ms:1538617
17:10:28  위험:0
17:10:28  원시위험:0
17:10:28  GPS유효:1
17:10:28  위도:37.495927
17:10:28  경도:126.956117
17:10:28  속도:0.03
17:10:28  방향:290.8
17:10:28  이동방향유효:0
17:10:28  GPS이동방향:290.8
17:10:28  차체방향유효:0
17:10:28  차체방향:0.0
17:10:28  후진판정:0
17:10:28  IMU요회전속도:0.00
17:10:28  방향가속도크기:9.79
17:10:28  방향자이로크기:1.70
17:10:28  방향자세cos:1.0000
17:10:28  자기모델잔차:26.03
17:10:28  자기모델반경:0.885
17:10:28  방향채택:0
17:10:28  방향거부:166023
17:10:28  GPS원시속도:0.021
17:10:28  GPS원시방향유효:1
17:10:28  GPS원시방향:290.8
17:10:28  가속도:-0.41,0.40,9.77
17:10:28  자이로:-0.2,-1.7,0.0
17:10:28  자력계:7.950,3.150,20.250
17:10:28  충격값:0.09
17:10:28  충격피크:0.11
17:10:28  마지막충격발생값:0.00
17:10:28  마지막충격발생ms:0
17:10:28  송신:14642
17:10:28  지팡이수신:9883
17:10:28  GPS위성:8
17:10:28  GPS_HDOP:1.20
17:10:28  원시위도:37.495930
17:10:28  원시경도:126.956113
17:10:28  GPS채택:1523
17:10:28  GPS이상치거부:0
17:10:28  GPS품질거부:0
17:10:28  GPS재기준:0
17:10:28  계산거리:-1.00
17:10:28  접근속도:0.00
17:10:28  TTC:999.00
17:10:28  방향오차:0.0
17:10:28  전방여부:0
17:10:28  위험음성횟수:0
17:10:28  충격음성횟수:0
17:10:28  마지막위험음성:0
17:10:28  RSSI원시:-60
17:10:28  RSSI평활:-55.6
17:10:28  RSSI샘플:9883
17:10:28  RSSI경과ms:91
17:10:28  RSSI구간:4
17:10:28  RSSI거리:1.44
17:10:28  상대보정:0
17:10:28  상대보정중:0
17:10:28  보정동쪽:0.00
17:10:28  보정북쪽:0.00
17:10:28  UWB유효:1
17:10:28  UWB원시거리:4.440
17:10:28  UWB보정거리:4.325
17:10:28  UWB접근속도:-0.487
17:10:28  UWB_RSSI:nan
17:10:28  UWB경과ms:54
17:10:28  UWB샘플:7451
17:10:28  UWB실패:165
17:10:28  UWB보정:1
17:10:28  UWB보정중:0
17:10:28  UWB보정샘플:100
17:10:28  UWB보정기준:3.000
17:10:28  UWB오프셋:0.234
17:10:28  UWB위험사용:0
17:10:28  UWB전송:7448
17:10:28  위험송신:0
17:10:28  시각ms:1538709
17:10:28  IMU시각ms:1538708
17:10:28  위험:0
17:10:28  원시위험:0
17:10:28  GPS유효:1
17:10:28  위도:37.495928
17:10:28  경도:126.956116
17:10:28  속도:0.02
17:10:28  방향:290.8
17:10:28  이동방향유효:0
17:10:28  GPS이동방향:290.8
17:10:28  차체방향유효:0
17:10:28  차체방향:0.0
17:10:28  후진판정:0
17:10:28  IMU요회전속도:0.00
17:10:28  방향가속도크기:9.79
17:10:28  방향자이로크기:2.57
17:10:28  방향자세cos:0.9999
17:10:28  자기모델잔차:27.47
17:10:28  자기모델반경:0.944
17:10:28  방향채택:0
17:10:28  방향거부:166033
17:10:28  GPS원시속도:0.010
17:10:28  GPS원시방향유효:1
17:10:28  GPS원시방향:290.8
17:10:28  가속도:-0.34,0.40,9.78
17:10:28  자이로:-0.1,0.5,-2.5
17:10:28  자력계:8.850,5.250,21.450
17:10:28  충격값:0.10
17:10:28  충격피크:0.13
17:10:28  마지막충격발생값:0.00
17:10:28  마지막충격발생ms:0
17:10:28  송신:14643
17:10:28  지팡이수신:9884
17:10:28  GPS위성:9
17:10:28  GPS_HDOP:1.11
17:10:28  원시위도:37.495931
17:10:28  원시경도:126.956111
17:10:28  GPS채택:1524
17:10:28  GPS이상치거부:0
17:10:28  GPS품질거부:0
17:10:28  GPS재기준:0
17:10:28  계산거리:-1.00
17:10:28  접근속도:0.00
17:10:28  TTC:999.00
17:10:28  방향오차:0.0
17:10:28  전방여부:0
17:10:28  위험음성횟수:0
17:10:28  충격음성횟수:0
17:10:28  마지막위험음성:0
17:10:28  RSSI원시:-64
17:10:28  RSSI평활:-57.3
17:10:28  RSSI샘플:9884
17:10:28  RSSI경과ms:89
17:10:28  RSSI구간:4
17:10:28  RSSI거리:1.70
17:10:28  상대보정:0
17:10:28  상대보정중:0
17:10:28  보정동쪽:0.00
17:10:28  보정북쪽:0.00
17:10:28  UWB유효:1
17:10:28  UWB원시거리:4.440
17:10:28  UWB보정거리:4.325
17:10:28  UWB접근속도:-0.487
17:10:28  UWB_RSSI:nan
17:10:28  UWB경과ms:146
17:10:28  UWB샘플:7451
17:10:28  UWB실패:165
17:10:28  UWB보정:1
17:10:28  UWB보정중:0
17:10:28  UWB보정샘플:100
17:10:28  UWB보정기준:3.000
17:10:28  UWB오프셋:0.234
17:10:28  UWB위험사용:0
17:10:28  UWB전송:7448
17:10:28  위험송신:0
17:10:28  시각ms:1538867
17:10:28  IMU시각ms:1538867
17:10:28  위험:0
17:10:28  원시위험:0
17:10:28  GPS유효:1
17:10:28  위도:37.495928
17:10:28  경도:126.956116
17:10:28  속도:0.02
17:10:28  방향:290.8
17:10:28  이동방향유효:0
17:10:28  GPS이동방향:290.8
17:10:28  차체방향유효:0
17:10:28  차체방향:0.0
17:10:28  후진판정:0
17:10:28  IMU요회전속도:0.00
17:10:28  방향가속도크기:9.77
17:10:28  방향자이로크기:4.61
17:10:28  방향자세cos:1.0000
17:10:28  자기모델잔차:26.81
17:10:28  자기모델반경:0.892
17:10:28  방향채택:0
17:10:28  방향거부:166050
17:10:28  GPS원시속도:0.010
17:10:28  GPS원시방향유효:1
17:10:28  GPS원시방향:290.8
17:10:28  가속도:-0.48,0.39,9.75
17:10:28  자이로:4.2,-0.9,-1.8
17:10:28  자력계:7.950,3.450,21.000
17:10:28  충격값:0.10
17:10:28  충격피크:0.20
17:10:28  마지막충격발생값:0.00
17:10:28  마지막충격발생ms:0
17:10:28  송신:14644
17:10:28  지팡이수신:9885
17:10:28  GPS위성:9
17:10:28  GPS_HDOP:1.11
17:10:28  원시위도:37.495931
17:10:28  원시경도:126.956111
17:10:28  GPS채택:1524
17:10:28  GPS이상치거부:0
17:10:28  GPS품질거부:0
17:10:28  GPS재기준:0
17:10:28  계산거리:-1.00
17:10:28  접근속도:0.00
17:10:28  TTC:999.00
17:10:28  방향오차:0.0
17:10:28  전방여부:0
17:10:28  위험음성횟수:0
17:10:28  충격음성횟수:0
17:10:28  마지막위험음성:0
17:10:28  RSSI원시:-57
17:10:28  RSSI평활:-57.2
17:10:28  RSSI샘플:9885
17:10:28  RSSI경과ms:125
17:10:28  RSSI구간:4
17:10:28  RSSI거리:1.69
17:10:28  상대보정:0
17:10:28  상대보정중:0
17:10:28  보정동쪽:0.00
17:10:28  보정북쪽:0.00
17:10:28  UWB유효:1
17:10:28  UWB원시거리:4.530
17:10:28  UWB보정거리:4.419
17:10:28  UWB접근속도:-0.484
17:10:28  UWB_RSSI:nan
17:10:28  UWB경과ms:107
17:10:28  UWB샘플:7452
17:10:28  UWB실패:165
17:10:28  UWB보정:1
17:10:28  UWB보정중:0
17:10:28  UWB보정샘플:100
17:10:28  UWB보정기준:3.000
17:10:28  UWB오프셋:0.234
17:10:28  UWB위험사용:0
17:10:28  UWB전송:7449
17:10:28  위험송신:0
17:10:28  시각ms:1538957
17:10:28  IMU시각ms:1538954
17:10:28  위험:0
17:10:28  원시위험:0
17:10:28  GPS유효:1
17:10:28  위도:37.495928
17:10:28  경도:126.956116
17:10:28  속도:0.02
17:10:28  방향:290.8
17:10:28  이동방향유효:0
17:10:28  GPS이동방향:290.8
17:10:28  차체방향유효:0
17:10:28  차체방향:0.0
17:10:28  후진판정:0
17:10:28  IMU요회전속도:0.00
17:10:28  방향가속도크기:9.64
17:10:28  방향자이로크기:2.42
17:10:28  방향자세cos:0.9997
17:10:28  자기모델잔차:24.73
17:10:28  자기모델반경:0.932
17:10:28  방향채택:0
17:10:28  방향거부:166059
17:10:28  GPS원시속도:0.010
17:10:28  GPS원시방향유효:1
17:10:28  GPS원시방향:290.8
17:10:28  가속도:-0.38,0.24,9.63
17:10:28  자이로:-1.4,0.5,-1.9
17:10:28  자력계:10.200,4.650,18.750
17:10:28  충격값:0.14
17:10:28  충격피크:0.20
17:10:28  마지막충격발생값:0.00
17:10:28  마지막충격발생ms:0
17:10:28  송신:14645
17:10:28  지팡이수신:9887
17:10:28  GPS위성:9
17:10:28  GPS_HDOP:1.11
17:10:28  원시위도:37.495931
17:10:28  원시경도:126.956111
17:10:28  GPS채택:1524
17:10:28  GPS이상치거부:0
17:10:28  GPS품질거부:0
17:10:28  GPS재기준:0
17:10:28  계산거리:-1.00
17:10:28  접근속도:0.00
17:10:28  TTC:999.00
17:10:28  방향오차:0.0
17:10:28  전방여부:0
17:10:28  위험음성횟수:0
17:10:28  충격음성횟수:0
17:10:28  마지막위험음성:0
17:10:28  RSSI원시:-57
17:10:28  RSSI평활:-56.8
17:10:28  RSSI샘플:9887
17:10:28  RSSI경과ms:32
17:10:28  RSSI구간:4
17:10:28  RSSI거리:1.63
17:10:28  상대보정:0
17:10:28  상대보정중:0
17:10:28  보정동쪽:0.00
17:10:28  보정북쪽:0.00
17:10:28  UWB유효:1
17:10:28  UWB원시거리:4.530
17:10:28  UWB보정거리:4.419
17:10:28  UWB접근속도:-0.484
17:10:28  UWB_RSSI:nan
17:10:28  UWB경과ms:197
17:10:28  UWB샘플:7452
17:10:28  UWB실패:165
17:10:28  UWB보정:1
17:10:28  UWB보정중:0
17:10:28  UWB보정샘플:100
17:10:28  UWB보정기준:3.000
17:10:28  UWB오프셋:0.234
17:10:28  UWB위험사용:0
17:10:28  UWB전송:7449
17:10:28  위험송신:0
17:10:28  시각ms:1539078
17:10:28  IMU시각ms:1539078
17:10:28  위험:0
17:10:28  원시위험:0
17:10:28  GPS유효:1
17:10:28  위도:37.495928
17:10:28  경도:126.956116
17:10:28  속도:0.02
17:10:28  방향:290.8
17:10:28  이동방향유효:0
17:10:28  GPS이동방향:290.8
17:10:28  차체방향유효:0
17:10:28  차체방향:0.0
17:10:28  후진판정:0
17:10:28  IMU요회전속도:0.00
17:10:28  방향가속도크기:9.83
17:10:28  방향자이로크기:3.09
17:10:28  방향자세cos:0.9999
17:10:28  자기모델잔차:26.04
17:10:28  자기모델반경:0.884
17:10:28  방향채택:0
17:10:28  방향거부:166072
17:10:28  GPS원시속도:0.010
17:10:28  GPS원시방향유효:1
17:10:28  GPS원시방향:290.8
17:10:28  가속도:-0.49,0.33,9.81
17:10:28  자이로:1.4,-1.9,2.0
17:10:28  자력계:8.400,3.150,20.250
17:10:28  충격값:0.14
17:10:28  충격피크:0.14
17:10:28  마지막충격발생값:0.00
17:10:28  마지막충격발생ms:0
17:10:28  송신:14646
17:10:28  지팡이수신:9888
17:10:28  GPS위성:9
17:10:28  GPS_HDOP:1.11
17:10:28  원시위도:37.495931
17:10:28  원시경도:126.956111
17:10:28  GPS채택:1524
17:10:28  GPS이상치거부:0
17:10:28  GPS품질거부:0
17:10:28  GPS재기준:0
17:10:28  계산거리:-1.00
17:10:28  접근속도:0.00
17:10:28  TTC:999.00
17:10:28  방향오차:0.0
17:10:28  전방여부:0
17:10:28  위험음성횟수:0
17:10:28  충격음성횟수:0
17:10:28  마지막위험음성:0
17:10:28  RSSI원시:-61
17:10:28  RSSI평활:-57.6
17:10:28  RSSI샘플:9888
17:10:28  RSSI경과ms:18
17:10:28  RSSI구간:4
17:10:28  RSSI거리:1.76
17:10:28  상대보정:0
17:10:28  상대보정중:0
17:10:28  보정동쪽:0.00
17:10:28  보정북쪽:0.00
17:10:28  UWB유효:1
17:10:28  UWB원시거리:4.620
17:10:28  UWB보정거리:4.508
17:10:28  UWB접근속도:-0.467
17:10:28  UWB_RSSI:nan
17:10:28  UWB경과ms:109
17:10:28  UWB샘플:7453
17:10:28  UWB실패:165
17:10:28  UWB보정:1
17:10:28  UWB보정중:0
17:10:28  UWB보정샘플:100
17:10:28  UWB보정기준:3.000
17:10:28  UWB오프셋:0.234
17:10:28  UWB위험사용:0
17:10:28  UWB전송:7450
17:10:28  위험송신:0
17:10:28  시각ms:1539131
17:10:28  IMU시각ms:1539131
17:10:28  위험:0
17:10:28  원시위험:0
17:10:28  GPS유효:1
17:10:28  위도:37.495928
17:10:28  경도:126.956116
17:10:28  속도:0.02
17:10:28  방향:290.8
17:10:28  이동방향유효:0
17:10:28  GPS이동방향:290.8
17:10:28  차체방향유효:0
17:10:28  차체방향:0.0
17:10:28  후진판정:0
17:10:28  IMU요회전속도:0.00
17:10:28  방향가속도크기:9.77
17:10:28  방향자이로크기:3.84
17:10:28  방향자세cos:0.9998
17:10:28  자기모델잔차:24.93
17:10:28  자기모델반경:0.915
17:10:28  방향채택:0
17:10:28  방향거부:166078
17:10:28  GPS원시속도:0.010
17:10:28  GPS원시방향유효:1
17:10:28  GPS원시방향:290.8
17:10:28  가속도:-0.37,0.31,9.75
17:10:28  자이로:3.5,-1.4,-0.8
17:10:28  자력계:7.500,3.900,19.050
17:10:28  충격값:0.07
17:10:28  충격피크:0.11
17:10:28  마지막충격발생값:0.00
17:10:28  마지막충격발생ms:0
17:10:28  송신:14647
17:10:28  지팡이수신:9888
17:10:28  GPS위성:9
17:10:28  GPS_HDOP:1.11
17:10:28  원시위도:37.495931
17:10:28  원시경도:126.956111
17:10:28  GPS채택:1524
17:10:28  GPS이상치거부:0
17:10:28  GPS품질거부:0
17:10:28  GPS재기준:0
17:10:28  계산거리:-1.00
17:10:28  접근속도:0.00
17:10:28  TTC:999.00
17:10:28  방향오차:0.0
17:10:28  전방여부:0
17:10:28  위험음성횟수:0
17:10:28  충격음성횟수:0
17:10:28  마지막위험음성:0
17:10:28  RSSI원시:-61
17:10:28  RSSI평활:-57.6
17:10:28  RSSI샘플:9888
17:10:28  RSSI경과ms:71
17:10:28  RSSI구간:4
17:10:28  RSSI거리:1.76
17:10:28  상대보정:0
17:10:28  상대보정중:0
17:10:28  보정동쪽:0.00
17:10:28  보정북쪽:0.00
17:10:28  UWB유효:1
17:10:28  UWB원시거리:4.620
17:10:28  UWB보정거리:4.508
17:10:28  UWB접근속도:-0.467
17:10:28  UWB_RSSI:nan
17:10:28  UWB경과ms:162
17:10:28  UWB샘플:7453
17:10:28  UWB실패:165
17:10:28  UWB보정:1
17:10:28  UWB보정중:0
17:10:28  UWB보정샘플:100
17:10:28  UWB보정기준:3.000
17:10:28  UWB오프셋:0.234
17:10:28  UWB위험사용:0
17:10:28  UWB전송:7450
17:10:28  위험송신:0
17:10:28  시각ms:1539162
17:10:28  IMU시각ms:1539150
17:10:28  위험:0
17:10:28  원시위험:0
17:10:28  GPS유효:1
17:10:28  위도:37.495928
17:10:28  경도:126.956116
17:10:28  속도:0.02
17:10:28  방향:290.8
17:10:28  이동방향유효:0
17:10:28  GPS이동방향:290.8
17:10:28  차체방향유효:0
17:10:28  차체방향:0.0
17:10:28  후진판정:0
17:10:28  IMU요회전속도:0.00
17:10:28  방향가속도크기:9.67
17:10:28  방향자이로크기:1.55
17:10:28  방향자세cos:0.9997
17:10:28  자기모델잔차:25.55
17:10:28  자기모델반경:0.959
17:10:28  방향채택:0
17:10:28  방향거부:166080
17:10:28  GPS원시속도:0.010
17:10:28  GPS원시방향유효:1
17:10:28  GPS원시방향:290.8
17:10:28  가속도:-0.51,0.27,9.65
17:10:28  자이로:0.2,-1.1,-1.1
17:10:28  자력계:7.950,5.400,19.500
17:10:28  충격값:0.15
17:10:28  충격피크:0.15
17:10:28  마지막충격발생값:0.00
17:10:28  마지막충격발생ms:0
17:10:28  송신:14647
17:10:28  지팡이수신:9888
17:10:28  GPS위성:9
17:10:28  GPS_HDOP:1.11
17:10:28  원시위도:37.495931
17:10:28  원시경도:126.956111
17:10:28  GPS채택:1524
17:10:28  GPS이상치거부:0
17:10:28  GPS품질거부:0
17:10:28  GPS재기준:0
17:10:28  계산거리:-1.00
17:10:28  접근속도:0.00
17:10:28  TTC:999.00
17:10:28  방향오차:0.0
17:10:28  전방여부:0
17:10:28  위험음성횟수:0
17:10:28  충격음성횟수:0
17:10:28  마지막위험음성:0
17:10:28  RSSI원시:-61
17:10:28  RSSI평활:-57.6
17:10:28  RSSI샘플:9888
17:10:28  RSSI경과ms:102
17:10:28  RSSI구간:4
17:10:28  RSSI거리:1.76
17:10:28  상대보정:0
17:10:28  상대보정중:0
17:10:28  보정동쪽:0.00
17:10:28  보정북쪽:0.00
17:10:28  UWB유효:1
17:10:28  UWB원시거리:4.620
17:10:28  UWB보정거리:4.508
17:10:28  UWB접근속도:-0.467
17:10:28  UWB_RSSI:nan
17:10:28  UWB경과ms:193
17:10:28  UWB샘플:7453
17:10:28  UWB실패:165
17:10:28  UWB보정:1
17:10:28  UWB보정중:0
17:10:28  UWB보정샘플:100
17:10:28  UWB보정기준:3.000
17:10:28  UWB오프셋:0.234
17:10:28  UWB위험사용:0
17:10:28  UWB전송:7450
17:10:28  위험송신:0
17:10:28  시각ms:1539184
17:10:28  IMU시각ms:1539184
17:10:28  위험:0
17:10:28  원시위험:0
17:10:28  GPS유효:1
17:10:28  위도:37.495928
17:10:28  경도:126.956116
17:10:28  속도:0.02
17:10:28  방향:290.8
17:10:28  이동방향유효:0
17:10:28  GPS이동방향:290.8
17:10:28  차체방향유효:0
17:10:28  차체방향:0.0
17:10:28  후진판정:0
17:10:28  IMU요회전속도:0.00
17:10:28  방향가속도크기:9.71
17:10:28  방향자이로크기:1.72
17:10:28  방향자세cos:0.9999
17:10:28  자기모델잔차:25.85
17:10:28  자기모델반경:0.910
17:10:28  방향채택:0
17:10:28  방향거부:166082
17:10:28  GPS원시속도:0.010
17:10:28  GPS원시방향유효:1
17:10:28  GPS원시방향:290.8
17:10:28  가속도:-0.35,0.36,9.70
17:10:28  자이로:-0.2,-1.7,-0.0
17:10:28  자력계:9.600,4.050,19.950
17:10:28  충격값:0.05
17:10:28  충격피크:0.18
17:10:28  마지막충격발생값:0.00
17:10:28  마지막충격발생ms:0
17:10:28  송신:14647
17:10:28  지팡이수신:9888
17:10:28  GPS위성:9
17:10:28  GPS_HDOP:1.11
17:10:28  원시위도:37.495931
17:10:28  원시경도:126.956111
17:10:28  GPS채택:1524
17:10:28  GPS이상치거부:0
17:10:28  GPS품질거부:0
17:10:28  GPS재기준:0
17:10:28  계산거리:-1.00
17:10:28  접근속도:0.00
17:10:28  TTC:999.00
17:10:28  방향오차:0.0
17:10:28  전방여부:0
17:10:28  위험음성횟수:0
17:10:28  충격음성횟수:0
17:10:28  마지막위험음성:0
17:10:28  RSSI원시:-61
17:10:28  RSSI평활:-57.6
17:10:28  RSSI샘플:9888
17:10:28  RSSI경과ms:124
17:10:28  RSSI구간:4
17:10:28  RSSI거리:1.76
17:10:28  상대보정:0
17:10:28  상대보정중:0
17:10:28  보정동쪽:0.00
17:10:28  보정북쪽:0.00
17:10:28  UWB유효:1
17:10:28  UWB원시거리:4.750
17:10:28  UWB보정거리:4.598
17:10:28  UWB접근속도:-0.457
17:10:28  UWB_RSSI:nan
17:10:28  UWB경과ms:8
17:10:28  UWB샘플:7454
17:10:28  UWB실패:165
17:10:28  UWB보정:1
17:10:28  UWB보정중:0
17:10:28  UWB보정샘플:100
17:10:28  UWB보정기준:3.000
17:10:28  UWB오프셋:0.234
17:10:28  UWB위험사용:0
17:10:28  UWB전송:7451
17:10:28  위험송신:0
17:10:28  시각ms:1539211
17:10:28  IMU시각ms:1539211
17:10:28  위험:0
17:10:28  원시위험:0
17:10:28  GPS유효:1
17:10:28  위도:37.495928
17:10:28  경도:126.956116
17:10:28  속도:0.02
17:10:28  방향:290.8
17:10:28  이동방향유효:0
17:10:28  GPS이동방향:290.8
17:10:28  차체방향유효:0
17:10:28  차체방향:0.0
17:10:28  후진판정:0
17:10:28  IMU요회전속도:0.00
17:10:28  방향가속도크기:9.69
17:10:28  방향자이로크기:2.30
17:10:28  방향자세cos:1.0000
17:10:28  자기모델잔차:26.42
17:10:28  자기모델반경:0.909
17:10:28  방향채택:0
17:10:28  방향거부:166085
17:10:28  GPS원시속도:0.010
17:10:28  GPS원시방향유효:1
17:10:28  GPS원시방향:290.8
17:10:28  가속도:-0.43,0.44,9.67
17:10:28  자이로:1.4,-0.6,1.7
17:10:28  자력계:7.500,3.900,20.550
17:10:28  충격값:0.09
17:10:28  충격피크:0.12
17:10:28  마지막충격발생값:0.00
17:10:28  마지막충격발생ms:0
17:10:28  송신:14647
17:10:28  지팡이수신:9888
17:10:28  GPS위성:9
17:10:28  GPS_HDOP:1.11
17:10:28  원시위도:37.495931
17:10:28  원시경도:126.956111
17:10:28  GPS채택:1524
17:10:28  GPS이상치거부:0
17:10:28  GPS품질거부:0
17:10:28  GPS재기준:0
17:10:28  계산거리:-1.00
17:10:28  접근속도:0.00
17:10:28  TTC:999.00
17:10:28  방향오차:0.0
17:10:28  전방여부:0
17:10:28  위험음성횟수:0
17:10:28  충격음성횟수:0
17:10:28  마지막위험음성:0
17:10:28  RSSI원시:-61
17:10:28  RSSI평활:-57.6
17:10:28  RSSI샘플:9888
17:10:28  RSSI경과ms:151
17:10:28  RSSI구간:4
17:10:28  RSSI거리:1.76
17:10:28  상대보정:0
17:10:28  상대보정중:0
17:10:28  보정동쪽:0.00
17:10:28  보정북쪽:0.00
17:10:28  UWB유효:1
17:10:28  UWB원시거리:4.750
17:10:28  UWB보정거리:4.598
17:10:28  UWB접근속도:-0.457
17:10:28  UWB_RSSI:nan
17:10:28  UWB경과ms:35
17:10:28  UWB샘플:7454
17:10:28  UWB실패:165
17:10:28  UWB보정:1
17:10:28  UWB보정중:0
17:10:28  UWB보정샘플:100
17:10:28  UWB보정기준:3.000
17:10:28  UWB오프셋:0.234
17:10:28  UWB위험사용:0
17:10:28  UWB전송:7451
17:10:28  위험송신:0
17:10:28  시각ms:1539238
17:10:28  IMU시각ms:1539238
17:10:28  위험:0
17:10:28  원시위험:0
17:10:28  GPS유효:1
17:10:28  위도:37.495928
17:10:28  경도:126.956116
17:10:28  속도:0.02
17:10:28  방향:290.8
17:10:28  이동방향유효:0
17:10:28  GPS이동방향:290.8
17:10:28  차체방향유효:0
17:10:28  차체방향:0.0
17:10:28  후진판정:0
17:10:28  IMU요회전속도:0.00
17:10:28  방향가속도크기:9.74
17:10:28  방향자이로크기:4.40
17:10:28  방향자세cos:0.9996
17:10:28  자기모델잔차:26.68
17:10:28  자기모델반경:0.933
17:10:28  방향채택:0
17:10:28  방향거부:166088
17:10:28  GPS원시속도:0.010
17:10:28  GPS원시방향유효:1
17:10:28  GPS원시방향:290.8
17:10:28  가속도:-0.34,0.23,9.73
17:10:28  자이로:2.3,-3.6,1.0
17:10:28  자력계:8.550,4.800,20.700
17:10:28  충격값:0.15
17:10:28  충격피크:0.15
17:10:28  마지막충격발생값:0.00
17:10:28  마지막충격발생ms:0
17:10:28  송신:14648
17:10:28  지팡이수신:9888
17:10:28  GPS위성:9
17:10:28  GPS_HDOP:1.11
17:10:28  원시위도:37.495931
17:10:28  원시경도:126.956111
17:10:28  GPS채택:1524
17:10:28  GPS이상치거부:0
17:10:28  GPS품질거부:0
17:10:28  GPS재기준:0
17:10:28  계산거리:-1.00
17:10:28  접근속도:0.00
17:10:28  TTC:999.00
17:10:28  방향오차:0.0
17:10:28  전방여부:0
17:10:28  위험음성횟수:0
17:10:28  충격음성횟수:0
17:10:28  마지막위험음성:0
17:10:28  RSSI원시:-61
17:10:28  RSSI평활:-57.6
17:10:28  RSSI샘플:9888
17:10:28  RSSI경과ms:178
17:10:28  RSSI구간:4
17:10:28  RSSI거리:1.76
17:10:28  상대보정:0
17:10:28  상대보정중:0
17:10:28  보정동쪽:0.00
17:10:28  보정북쪽:0.00
17:10:28  UWB유효:1
17:10:28  UWB원시거리:4.750
17:10:28  UWB보정거리:4.598
17:10:28  UWB접근속도:-0.457
17:10:28  UWB_RSSI:nan
17:10:28  UWB경과ms:62
17:10:28  UWB샘플:7454
17:10:28  UWB실패:165
17:10:28  UWB보정:1
17:10:28  UWB보정중:0
17:10:28  UWB보정샘플:100
17:10:28  UWB보정기준:3.000
17:10:28  UWB오프셋:0.234
17:10:28  UWB위험사용:0
17:10:28  UWB전송:7451
17:10:28  위험송신:0
17:10:28  시각ms:1539264
17:10:28  IMU시각ms:1539264
17:10:28  위험:0
17:10:28  원시위험:0
17:10:28  GPS유효:1
17:10:28  위도:37.495928
17:10:28  경도:126.956116
17:10:28  속도:0.02
17:10:28  방향:290.8
17:10:28  이동방향유효:0
17:10:28  GPS이동방향:290.8
17:10:28  차체방향유효:0
17:10:28  차체방향:0.0
17:10:28  후진판정:0
17:10:28  IMU요회전속도:0.00
17:10:28  방향가속도크기:9.74
17:10:28  방향자이로크기:2.56
17:10:28  방향자세cos:0.9998
17:10:28  자기모델잔차:27.04
17:10:28  자기모델반경:0.951
17:10:28  방향채택:0
17:10:28  방향거부:166091
17:10:28  GPS원시속도:0.010
17:10:28  GPS원시방향유효:1
17:10:28  GPS원시방향:290.8
17:10:28  가속도:-0.32,0.34,9.73
17:10:28  자이로:-0.4,0.5,2.5
17:10:28  자력계:8.700,5.400,21.000
17:10:28  충격값:0.08
17:10:28  충격피크:0.13
17:10:28  마지막충격발생값:0.00
17:10:28  마지막충격발생ms:0
17:10:28  송신:14648
17:10:28  지팡이수신:9888
17:10:28  GPS위성:9
17:10:28  GPS_HDOP:1.11
17:10:28  원시위도:37.495931
17:10:28  원시경도:126.956111
17:10:28  GPS채택:1524
17:10:28  GPS이상치거부:0
17:10:28  GPS품질거부:0
17:10:28  GPS재기준:0
17:10:28  계산거리:-1.00
17:10:28  접근속도:0.00
17:10:28  TTC:999.00
17:10:28  방향오차:0.0
17:10:28  전방여부:0
17:10:28  위험음성횟수:0
17:10:28  충격음성횟수:0
17:10:28  마지막위험음성:0
17:10:28  RSSI원시:-61
17:10:28  RSSI평활:-57.6
17:10:28  RSSI샘플:9888
17:10:28  RSSI경과ms:204
17:10:28  RSSI구간:4
17:10:28  RSSI거리:1.76
17:10:28  상대보정:0
17:10:28  상대보정중:0
17:10:28  보정동쪽:0.00
17:10:28  보정북쪽:0.00
17:10:28  UWB유효:1
17:10:28  UWB원시거리:4.750
17:10:28  UWB보정거리:4.598
17:10:28  UWB접근속도:-0.457
17:10:28  UWB_RSSI:nan
17:10:28  UWB경과ms:88
17:10:28  UWB샘플:7454
17:10:28  UWB실패:165
17:10:28  UWB보정:1
17:10:28  UWB보정중:0
17:10:28  UWB보정샘플:100
17:10:28  UWB보정기준:3.000
17:10:28  UWB오프셋:0.234
17:10:28  UWB위험사용:0
17:10:28  UWB전송:7451
17:10:28  위험송신:0
17:10:28  시각ms:1539291
17:10:28  IMU시각ms:1539291
17:10:28  위험:0
17:10:28  원시위험:0
17:10:28  GPS유효:1
17:10:28  위도:37.495928
17:10:28  경도:126.956116
17:10:28  속도:0.02
17:10:28  방향:290.8
17:10:28  이동방향유효:0
17:10:28  GPS이동방향:290.8
17:10:28  차체방향유효:0
17:10:28  차체방향:0.0
17:10:28  후진판정:0
17:10:28  IMU요회전속도:0.00
17:10:28  방향가속도크기:9.67
17:10:28  방향자이로크기:4.16
17:10:28  방향자세cos:0.9997
17:10:28  자기모델잔차:26.64
17:10:28  자기모델반경:0.924
17:10:28  방향채택:0
17:10:28  방향거부:166094
17:10:28  GPS원시속도:0.010
17:10:28  GPS원시방향유효:1
17:10:28  GPS원시방향:290.8
17:10:28  가속도:-0.41,0.24,9.66
17:10:28  자이로:0.5,2.8,-3.0
17:10:28  자력계:8.550,4.500,20.700
17:10:28  충격값:0.13
17:10:28  충격피크:0.14
17:10:28  마지막충격발생값:0.00
17:10:28  마지막충격발생ms:0
17:10:28  송신:14648
17:10:28  지팡이수신:9888
17:10:28  GPS위성:9
17:10:28  GPS_HDOP:1.11
17:10:28  원시위도:37.495931
17:10:28  원시경도:126.956111
17:10:28  GPS채택:1524
17:10:28  GPS이상치거부:0
17:10:28  GPS품질거부:0
17:10:28  GPS재기준:0
17:10:28  계산거리:-1.00
17:10:28  접근속도:0.00
17:10:28  TTC:999.00
17:10:28  방향오차:0.0
17:10:28  전방여부:0
17:10:28  위험음성횟수:0
17:10:28  충격음성횟수:0
17:10:28  마지막위험음성:0
17:10:28  RSSI원시:-61
17:10:28  RSSI평활:-57.6
17:10:28  RSSI샘플:9888
17:10:28  RSSI경과ms:231
17:10:28  RSSI구간:4
17:10:28  RSSI거리:1.76
17:10:28  상대보정:0
17:10:28  상대보정중:0
17:10:28  보정동쪽:0.00
17:10:28  보정북쪽:0.00
17:10:28  UWB유효:1
17:10:28  UWB원시거리:4.750
17:10:28  UWB보정거리:4.598
17:10:28  UWB접근속도:-0.457
17:10:28  UWB_RSSI:nan
17:10:28  UWB경과ms:115
17:10:28  UWB샘플:7454
17:10:28  UWB실패:165
17:10:28  UWB보정:1
17:10:28  UWB보정중:0
17:10:28  UWB보정샘플:100
17:10:28  UWB보정기준:3.000
17:10:28  UWB오프셋:0.234
17:10:28  UWB위험사용:0
17:10:28  UWB전송:7451
17:10:28  위험송신:0
17:10:28  시각ms:1539317
17:10:28  IMU시각ms:1539317
17:10:28  위험:0
17:10:28  원시위험:0
17:10:28  GPS유효:1
17:10:29  위도:37.495928
17:10:29  경도:126.956116
17:10:29  속도:0.02
17:10:29  방향:290.8
17:10:29  이동방향유효:0
17:10:29  GPS이동방향:290.8
17:10:29  차체방향유효:0
17:10:29  차체방향:0.0
17:10:29  후진판정:0
17:10:29  IMU요회전속도:0.00
17:10:29  방향가속도크기:9.75
17:10:29  방향자이로크기:4.96
17:10:29  방향자세cos:0.9998
17:10:29  자기모델잔차:26.12
17:10:29  자기모델반경:0.909
17:10:29  방향채택:0
17:10:29  방향거부:166097
17:10:29  GPS원시속도:0.010
17:10:29  GPS원시방향유효:1
17:10:29  GPS원시방향:290.8
17:10:29  가속도:-0.51,0.28,9.73
17:10:29  자이로:-3.6,3.4,0.6
17:10:29  자력계:7.950,3.900,20.250
17:10:29  충격값:0.14
17:10:29  충격피크:0.14
17:10:29  마지막충격발생값:0.00
17:10:29  마지막충격발생ms:0
17:10:29  송신:14648
17:10:29  지팡이수신:9888
17:10:29  GPS위성:9
17:10:29  GPS_HDOP:1.11
17:10:29  원시위도:37.495931
17:10:29  원시경도:126.956111
17:10:29  GPS채택:1524
17:10:29  GPS이상치거부:0
17:10:29  GPS품질거부:0
17:10:29  GPS재기준:0
17:10:29  계산거리:-1.00
17:10:29  접근속도:0.00
17:10:29  TTC:999.00
17:10:29  방향오차:0.0
17:10:29  전방여부:0
17:10:29  위험음성횟수:0
17:10:29  충격음성횟수:0
17:10:29  마지막위험음성:0
17:10:29  RSSI원시:-61
17:10:29  RSSI평활:-57.6
17:10:29  RSSI샘플:9888
17:10:29  RSSI경과ms:257
17:10:29  RSSI구간:4
17:10:29  RSSI거리:1.76
17:10:29  상대보정:0
17:10:29  상대보정중:0
17:10:29  보정동쪽:0.00
17:10:29  보정북쪽:0.00
17:10:29  UWB유효:1
17:10:29  UWB원시거리:4.750
17:10:29  UWB보정거리:4.598
17:10:29  UWB접근속도:-0.457
17:10:29  UWB_RSSI:nan
17:10:29  UWB경과ms:141
17:10:29  UWB샘플:7454
17:10:29  UWB실패:165
17:10:29  UWB보정:1
17:10:29  UWB보정중:0
17:10:29  UWB보정샘플:100
17:10:29  UWB보정기준:3.000
17:10:29  UWB오프셋:0.234
17:10:29  UWB위험사용:0
17:10:29  UWB전송:7451
17:10:29  위험송신:0
17:10:29  시각ms:1539345
17:10:29  IMU시각ms:1539345
17:10:29  위험:0
17:10:29  원시위험:0
17:10:29  GPS유효:1
17:10:29  위도:37.495928
17:10:29  경도:126.956116
17:10:29  속도:0.02
17:10:29  방향:290.8
17:10:29  이동방향유효:0
17:10:29  GPS이동방향:290.8
17:10:29  차체방향유효:0
17:10:29  차체방향:0.0
17:10:29  후진판정:0
17:10:29  IMU요회전속도:0.00
17:10:29  방향가속도크기:9.70
17:10:29  방향자이로크기:2.21
17:10:29  방향자세cos:0.9999
17:10:29  자기모델잔차:26.35
17:10:29  자기모델반경:0.923
17:10:29  방향채택:0
17:10:29  방향거부:166100
17:10:29  GPS원시속도:0.010
17:10:29  GPS원시방향유효:1
17:10:29  GPS원시방향:290.8
17:10:29  가속도:-0.38,0.34,9.68
17:10:29  자이로:0.8,-2.0,-0.6
17:10:29  자력계:9.300,4.500,20.400
17:10:29  충격값:0.04
17:10:29  충격피크:0.14
17:10:29  마지막충격발생값:0.00
17:10:29  마지막충격발생ms:0
17:10:29  송신:14649
17:10:29  지팡이수신:9888
17:10:29  GPS위성:9
17:10:29  GPS_HDOP:1.11
17:10:29  원시위도:37.495931
17:10:29  원시경도:126.956111
17:10:29  GPS채택:1524
17:10:29  GPS이상치거부:0
17:10:29  GPS품질거부:0
17:10:29  GPS재기준:0
17:10:29  계산거리:-1.00
17:10:29  접근속도:0.00
17:10:29  TTC:999.00
17:10:29  방향오차:0.0
17:10:29  전방여부:0
17:10:29  위험음성횟수:0
17:10:29  충격음성횟수:0
17:10:29  마지막위험음성:0
17:10:29  RSSI원시:-61
17:10:29  RSSI평활:-57.6
17:10:29  RSSI샘플:9888
17:10:29  RSSI경과ms:285
17:10:29  RSSI구간:4
17:10:29  RSSI거리:1.76
17:10:29  상대보정:0
17:10:29  상대보정중:0
17:10:29  보정동쪽:0.00
17:10:29  보정북쪽:0.00
17:10:29  UWB유효:1
17:10:29  UWB원시거리:4.750
17:10:29  UWB보정거리:4.598
17:10:29  UWB접근속도:-0.457
17:10:29  UWB_RSSI:nan
17:10:29  UWB경과ms:169
17:10:29  UWB샘플:7454
17:10:29  UWB실패:165
17:10:29  UWB보정:1
17:10:29  UWB보정중:0
17:10:29  UWB보정샘플:100
17:10:29  UWB보정기준:3.000
17:10:29  UWB오프셋:0.234
17:10:29  UWB위험사용:0
17:10:29  UWB전송:7451
17:10:29  위험송신:0
17:10:29  시각ms:1539367
17:10:29  IMU시각ms:1539367
17:10:29  위험:0
17:10:29  원시위험:0
17:10:29  GPS유효:1
17:10:29  위도:37.495928
17:10:29  경도:126.956116
17:10:29  속도:0.02
17:10:29  방향:290.8
17:10:29  이동방향유효:0
17:10:29  GPS이동방향:290.8
17:10:29  차체방향유효:0
17:10:29  차체방향:0.0
17:10:29  후진판정:0
17:10:29  IMU요회전속도:0.00
17:10:29  방향가속도크기:9.71
17:10:29  방향자이로크기:2.73
17:10:29  방향자세cos:1.0000
17:10:29  자기모델잔차:26.38
17:10:29  자기모델반경:0.932
17:10:29  방향채택:0
17:10:29  방향거부:166102
17:10:29  GPS원시속도:0.010
17:10:29  GPS원시방향유효:1
17:10:29  GPS원시방향:290.8
17:10:29  가속도:-0.39,0.42,9.69
17:10:29  자이로:2.2,-0.4,1.5
17:10:29  자력계:9.600,4.800,20.400
17:10:29  충격값:0.06
17:10:29  충격피크:0.13
17:10:29  마지막충격발생값:0.00
17:10:29  마지막충격발생ms:0
17:10:29  송신:14649
17:10:29  지팡이수신:9888
17:10:29  GPS위성:9
17:10:29  GPS_HDOP:1.11
17:10:29  원시위도:37.495931
17:10:29  원시경도:126.956111
17:10:29  GPS채택:1524
17:10:29  GPS이상치거부:0
17:10:29  GPS품질거부:0
17:10:29  GPS재기준:0
17:10:29  계산거리:-1.00
17:10:29  접근속도:0.00
17:10:29  TTC:999.00
17:10:29  방향오차:0.0
17:10:29  전방여부:0
17:10:29  위험음성횟수:0
17:10:29  충격음성횟수:0
17:10:29  마지막위험음성:0
17:10:29  RSSI원시:-61
17:10:29  RSSI평활:-57.6
17:10:29  RSSI샘플:9888
17:10:29  RSSI경과ms:307
17:10:29  RSSI구간:4
17:10:29  RSSI거리:1.76
17:10:29  상대보정:0
17:10:29  상대보정중:0
17:10:29  보정동쪽:0.00
17:10:29  보정북쪽:0.00
17:10:29  UWB유효:1
17:10:29  UWB원시거리:4.780
17:10:29  UWB보정거리:4.688
17:10:29  UWB접근속도:-0.467
17:10:29  UWB_RSSI:nan
17:10:29  UWB경과ms:8
17:10:29  UWB샘플:7455
17:10:29  UWB실패:165
17:10:29  UWB보정:1
17:10:29  UWB보정중:0
17:10:29  UWB보정샘플:100
17:10:29  UWB보정기준:3.000
17:10:29  UWB오프셋:0.234
17:10:29  UWB위험사용:0
17:10:29  UWB전송:7452
17:10:29  위험송신:0
17:10:29  시각ms:1539393
17:10:29  IMU시각ms:1539393
17:10:29  위험:0
17:10:29  원시위험:0
17:10:29  GPS유효:1
17:10:29  위도:37.495928
17:10:29  경도:126.956116
17:10:29  속도:0.02
17:10:29  방향:290.8
17:10:29  이동방향유효:0
17:10:29  GPS이동방향:290.8
17:10:29  차체방향유효:0
17:10:29  차체방향:0.0
17:10:29  후진판정:0
17:10:29  IMU요회전속도:0.00
17:10:29  방향가속도크기:9.76
17:10:29  방향자이로크기:1.14
17:10:29  방향자세cos:0.9999
17:10:29  자기모델잔차:26.36
17:10:29  자기모델반경:0.965
17:10:29  방향채택:0
17:10:29  방향거부:166105
17:10:29  GPS원시속도:0.010
17:10:29  GPS원시방향유효:1
17:10:29  GPS원시방향:290.8
17:10:29  가속도:-0.37,0.38,9.75
17:10:29  자이로:0.9,-0.6,0.3
17:10:29  자력계:10.200,5.850,20.250
17:10:29  충격값:0.05
17:10:29  충격피크:0.09
17:10:29  마지막충격발생값:0.00
17:10:29  마지막충격발생ms:0
17:10:29  송신:14649
17:10:29  지팡이수신:9888
17:10:29  GPS위성:9
17:10:29  GPS_HDOP:1.11
17:10:29  원시위도:37.495931
17:10:29  원시경도:126.956111
17:10:29  GPS채택:1524
17:10:29  GPS이상치거부:0
17:10:29  GPS품질거부:0
17:10:29  GPS재기준:0
17:10:29  계산거리:-1.00
17:10:29  접근속도:0.00
17:10:29  TTC:999.00
17:10:29  방향오차:0.0
17:10:29  전방여부:0
17:10:29  위험음성횟수:0
17:10:29  충격음성횟수:0
17:10:29  마지막위험음성:0
17:10:29  RSSI원시:-61
17:10:29  RSSI평활:-57.6
17:10:29  RSSI샘플:9888
17:10:29  RSSI경과ms:333
17:10:29  RSSI구간:4
17:10:29  RSSI거리:1.76
17:10:29  상대보정:0
17:10:29  상대보정중:0
17:10:29  보정동쪽:0.00
17:10:29  보정북쪽:0.00
17:10:29  UWB유효:1
17:10:29  UWB원시거리:4.780
17:10:29  UWB보정거리:4.688
17:10:29  UWB접근속도:-0.467
17:10:29  UWB_RSSI:nan
17:10:29  UWB경과ms:34
17:10:29  UWB샘플:7455
17:10:29  UWB실패:165
17:10:29  UWB보정:1
17:10:29  UWB보정중:0
17:10:29  UWB보정샘플:100
17:10:29  UWB보정기준:3.000
17:10:29  UWB오프셋:0.234
17:10:29  UWB위험사용:0
17:10:29  UWB전송:7452
17:10:29  위험송신:0
17:10:29  시각ms:1539419
17:10:29  IMU시각ms:1539419
17:10:29  위험:0
17:10:29  원시위험:0
17:10:29  GPS유효:1
17:10:29  위도:37.495928
17:10:29  경도:126.956116
17:10:29  속도:0.02
17:10:29  방향:290.8
17:10:29  이동방향유효:0
17:10:29  GPS이동방향:290.8
17:10:29  차체방향유효:0
17:10:29  차체방향:0.0
17:10:29  후진판정:0
17:10:29  IMU요회전속도:0.00
17:10:29  방향가속도크기:9.66
17:10:29  방향자이로크기:1.97
17:10:29  방향자세cos:0.9998
17:10:29  자기모델잔차:25.77
17:10:29  자기모델반경:0.932
17:10:29  방향채택:0
17:10:29  방향거부:166108
17:10:29  GPS원시속도:0.010
17:10:29  GPS원시방향유효:1
17:10:29  GPS원시방향:290.8
17:10:29  가속도:-0.53,0.33,9.64
17:10:29  자이로:-0.3,1.0,1.6
17:10:29  자력계:8.700,4.650,19.800
17:10:29  충격값:0.15
17:10:29  충격피크:0.15
17:10:29  마지막충격발생값:0.00
17:10:29  마지막충격발생ms:0
17:10:29  송신:14649
17:10:29  지팡이수신:9888
17:10:29  GPS위성:9
17:10:29  GPS_HDOP:1.11
17:10:29  원시위도:37.495931
17:10:29  원시경도:126.956111
17:10:29  GPS채택:1524
17:10:29  GPS이상치거부:0
17:10:29  GPS품질거부:0
17:10:29  GPS재기준:0
17:10:29  계산거리:-1.00
17:10:29  접근속도:0.00
17:10:29  TTC:999.00
17:10:29  방향오차:0.0
17:10:29  전방여부:0
17:10:29  위험음성횟수:0
17:10:29  충격음성횟수:0
17:10:29  마지막위험음성:0
17:10:29  RSSI원시:-61
17:10:29  RSSI평활:-57.6
17:10:29  RSSI샘플:9888
17:10:29  RSSI경과ms:359
17:10:29  RSSI구간:4
17:10:29  RSSI거리:1.76
17:10:29  상대보정:0
17:10:29  상대보정중:0
17:10:29  보정동쪽:0.00
17:10:29  보정북쪽:0.00
17:10:29  UWB유효:1
17:10:29  UWB원시거리:4.780
17:10:29  UWB보정거리:4.688
17:10:29  UWB접근속도:-0.467
17:10:29  UWB_RSSI:nan
17:10:29  UWB경과ms:60
17:10:29  UWB샘플:7455
17:10:29  UWB실패:165
17:10:29  UWB보정:1
17:10:29  UWB보정중:0
17:10:29  UWB보정샘플:100
17:10:29  UWB보정기준:3.000
17:10:29  UWB오프셋:0.234
17:10:29  UWB위험사용:0
17:10:29  UWB전송:7452
17:10:29  위험송신:0
17:10:29  시각ms:1539446
17:10:29  IMU시각ms:1539446
17:10:29  위험:0
17:10:29  원시위험:0
17:10:29  GPS유효:1
17:10:29  위도:37.495928
17:10:29  경도:126.956116
17:10:29  속도:0.02
17:10:29  방향:290.8
17:10:29  이동방향유효:0
17:10:29  GPS이동방향:290.8
17:10:29  차체방향유효:0
17:10:29  차체방향:0.0
17:10:29  후진판정:0
17:10:29  IMU요회전속도:0.00
17:10:29  방향가속도크기:9.83
17:10:29  방향자이로크기:3.23
17:10:29  방향자세cos:0.9999
17:10:29  자기모델잔차:26.03
17:10:29  자기모델반경:0.967
17:10:29  방향채택:0
17:10:29  방향거부:166111
17:10:29  GPS원시속도:0.010
17:10:29  GPS원시방향유효:1
17:10:29  GPS원시방향:290.8
17:10:29  가속도:-0.39,0.39,9.82
17:10:29  자이로:0.8,-0.1,3.1
17:10:29  자력계:7.800,5.700,19.950
17:10:29  충격값:0.11
17:10:29  충격피크:0.11
17:10:29  마지막충격발생값:0.00
17:10:29  마지막충격발생ms:0
17:10:29  송신:14650
17:10:29  지팡이수신:9888
17:10:29  GPS위성:9
17:10:29  GPS_HDOP:1.11
17:10:29  원시위도:37.495931
17:10:29  원시경도:126.956111
17:10:29  GPS채택:1524
17:10:29  GPS이상치거부:0
17:10:29  GPS품질거부:0
17:10:29  GPS재기준:0
17:10:29  계산거리:-1.00
17:10:29  접근속도:0.00
17:10:29  TTC:999.00
17:10:29  방향오차:0.0
17:10:29  전방여부:0
17:10:29  위험음성횟수:0
17:10:29  충격음성횟수:0
17:10:29  마지막위험음성:0
17:10:29  RSSI원시:-61
17:10:29  RSSI평활:-57.6
17:10:29  RSSI샘플:9888
17:10:29  RSSI경과ms:386
17:10:29  RSSI구간:4
17:10:29  RSSI거리:1.76
17:10:29  상대보정:0
17:10:29  상대보정중:0
17:10:29  보정동쪽:0.00
17:10:29  보정북쪽:0.00
17:10:29  UWB유효:1
17:10:29  UWB원시거리:4.780
17:10:29  UWB보정거리:4.688
17:10:29  UWB접근속도:-0.467
17:10:29  UWB_RSSI:nan
17:10:29  UWB경과ms:87
17:10:29  UWB샘플:7455
17:10:29  UWB실패:165
17:10:29  UWB보정:1
17:10:29  UWB보정중:0
17:10:29  UWB보정샘플:100
17:10:29  UWB보정기준:3.000
17:10:29  UWB오프셋:0.234
17:10:29  UWB위험사용:0
17:10:29  UWB전송:7452
17:10:29  위험송신:0
17:10:29  시각ms:1539472
17:10:29  IMU시각ms:1539472
17:10:29  위험:0
17:10:29  원시위험:0
17:10:29  GPS유효:1
17:10:29  위도:37.495928
17:10:29  경도:126.956116
17:10:29  속도:0.02
17:10:29  방향:290.8
17:10:29  이동방향유효:0
17:10:29  GPS이동방향:290.8
17:10:29  차체방향유효:0
17:10:29  차체방향:0.0
17:10:29  후진판정:0
17:10:29  IMU요회전속도:0.00
17:10:29  방향가속도크기:9.73
17:10:29  방향자이로크기:2.33
17:10:29  방향자세cos:0.9999
17:10:29  자기모델잔차:24.94
17:10:29  자기모델반경:0.909
17:10:29  방향채택:0
17:10:29  방향거부:166114
17:10:29  GPS원시속도:0.010
17:10:29  GPS원시방향유효:1
17:10:29  GPS원시방향:290.8
17:10:29  가속도:-0.45,0.36,9.72
17:10:29  자이로:0.2,-1.4,-1.8
17:10:29  자력계:9.450,3.900,19.050
17:10:29  충격값:0.05
17:10:29  충격피크:0.12
17:10:29  마지막충격발생값:0.00
17:10:29  마지막충격발생ms:0
17:10:29  송신:14650
17:10:29  지팡이수신:9888
17:10:29  GPS위성:9
17:10:29  GPS_HDOP:1.11
17:10:29  원시위도:37.495931
17:10:29  원시경도:126.956111
17:10:29  GPS채택:1524
17:10:29  GPS이상치거부:0
17:10:29  GPS품질거부:0
17:10:29  GPS재기준:0
17:10:29  계산거리:-1.00
17:10:29  접근속도:0.00
17:10:29  TTC:999.00
17:10:29  방향오차:0.0
17:10:29  전방여부:0
17:10:29  위험음성횟수:0
17:10:29  충격음성횟수:0
17:10:29  마지막위험음성:0
17:10:29  RSSI원시:-61
17:10:29  RSSI평활:-57.6
17:10:29  RSSI샘플:9888
17:10:29  RSSI경과ms:412
17:10:29  RSSI구간:4
17:10:29  RSSI거리:1.76
17:10:29  상대보정:0
17:10:29  상대보정중:0
17:10:29  보정동쪽:0.00
17:10:29  보정북쪽:0.00
17:10:29  UWB유효:1
17:10:29  UWB원시거리:4.780
17:10:29  UWB보정거리:4.688
17:10:29  UWB접근속도:-0.467
17:10:29  UWB_RSSI:nan
17:10:29  UWB경과ms:113
17:10:29  UWB샘플:7455
17:10:29  UWB실패:165
17:10:29  UWB보정:1
17:10:29  UWB보정중:0
17:10:29  UWB보정샘플:100
17:10:29  UWB보정기준:3.000
17:10:29  UWB오프셋:0.234
17:10:29  UWB위험사용:0
17:10:29  UWB전송:7452
17:10:29  위험송신:0
17:10:29  시각ms:1539499
17:10:29  IMU시각ms:1539498
17:10:29  위험:0
17:10:29  원시위험:0
17:10:29  GPS유효:1
17:10:29  위도:37.495928
17:10:29  경도:126.956116
17:10:29  속도:0.02
17:10:29  방향:290.8
17:10:29  이동방향유효:0
17:10:29  GPS이동방향:290.8
17:10:29  차체방향유효:0
17:10:29  차체방향:0.0
17:10:29  후진판정:0
17:10:29  IMU요회전속도:0.00
17:10:29  방향가속도크기:9.80
17:10:29  방향자이로크기:3.93
17:10:29  방향자세cos:1.0000
17:10:29  자기모델잔차:25.42
17:10:29  자기모델반경:0.918
17:10:29  방향채택:0
17:10:29  방향거부:166117
17:10:29  GPS원시속도:0.010
17:10:29  GPS원시방향유효:1
17:10:29  GPS원시방향:290.8
17:10:29  가속도:-0.39,0.41,9.79
17:10:29  자이로:1.5,-3.3,1.6
17:10:29  자력계:8.700,4.200,19.500
17:10:29  충격값:0.08
17:10:29  충격피크:0.12
17:10:29  마지막충격발생값:0.00
17:10:29  마지막충격발생ms:0
17:10:29  송신:14650
17:10:29  지팡이수신:9889
17:10:29  GPS위성:9
17:10:29  GPS_HDOP:1.11
17:10:29  원시위도:37.495931
17:10:29  원시경도:126.956111
17:10:29  GPS채택:1524
17:10:29  GPS이상치거부:0
17:10:29  GPS품질거부:0
17:10:29  GPS재기준:0
17:10:29  계산거리:-1.00
17:10:29  접근속도:0.00
17:10:29  TTC:999.00
17:10:29  방향오차:0.0
17:10:29  전방여부:0
17:10:29  위험음성횟수:0
17:10:29  충격음성횟수:0
17:10:29  마지막위험음성:0
17:10:29  RSSI원시:-53
17:10:29  RSSI평활:-56.7
17:10:29  RSSI샘플:9889
17:10:29  RSSI경과ms:8
17:10:29  RSSI구간:4
17:10:29  RSSI거리:1.61
17:10:29  상대보정:0
17:10:29  상대보정중:0
17:10:29  보정동쪽:0.00
17:10:29  보정북쪽:0.00
17:10:29  UWB유효:1
17:10:29  UWB원시거리:4.780
17:10:29  UWB보정거리:4.688
17:10:29  UWB접근속도:-0.467
17:10:29  UWB_RSSI:nan
17:10:29  UWB경과ms:140
17:10:29  UWB샘플:7455
17:10:29  UWB실패:165
17:10:29  UWB보정:1
17:10:29  UWB보정중:0
17:10:29  UWB보정샘플:100
17:10:29  UWB보정기준:3.000
17:10:29  UWB오프셋:0.234
17:10:29  UWB위험사용:0
17:10:29  UWB전송:7452
17:10:29  위험송신:0
17:10:29  시각ms:1539524
17:10:29  IMU시각ms:1539524
17:10:29  위험:0
17:10:29  원시위험:0
17:10:29  GPS유효:1
17:10:29  위도:37.495928
17:10:29  경도:126.956116
17:10:29  속도:0.02
17:10:29  방향:290.8
17:10:29  이동방향유효:0
17:10:29  GPS이동방향:290.8
17:10:29  차체방향유효:0
17:10:29  차체방향:0.0
17:10:29  후진판정:0
17:10:29  IMU요회전속도:0.00
17:10:29  방향가속도크기:9.65
17:10:29  방향자이로크기:3.34
17:10:29  방향자세cos:1.0000
17:10:29  자기모델잔차:24.67
17:10:29  자기모델반경:0.921
17:10:29  방향채택:0
17:10:29  방향거부:166120
17:10:29  GPS원시속도:0.010
17:10:29  GPS원시방향유효:1
17:10:29  GPS원시방향:290.8
17:10:29  가속도:-0.40,0.44,9.63
17:10:29  자이로:-1.7,0.7,-2.8
17:10:29  자력계:8.700,4.200,18.750
17:10:29  충격값:0.10
17:10:29  충격피크:0.12
17:10:29  마지막충격발생값:0.00
17:10:29  마지막충격발생ms:0
17:10:29  송신:14650
17:10:29  지팡이수신:9889
17:10:29  GPS위성:9
17:10:29  GPS_HDOP:1.11
17:10:29  원시위도:37.495931
17:10:29  원시경도:126.956111
17:10:29  GPS채택:1524
17:10:29  GPS이상치거부:0
17:10:29  GPS품질거부:0
17:10:29  GPS재기준:0
17:10:29  계산거리:-1.00
17:10:29  접근속도:0.00
17:10:29  TTC:999.00
17:10:29  방향오차:0.0
17:10:29  전방여부:0
17:10:29  위험음성횟수:0
17:10:29  충격음성횟수:0
17:10:29  마지막위험음성:0
17:10:29  RSSI원시:-53
17:10:29  RSSI평활:-56.7
17:10:29  RSSI샘플:9889
17:10:29  RSSI경과ms:33
17:10:29  RSSI구간:4
17:10:29  RSSI거리:1.61
17:10:29  상대보정:0
17:10:29  상대보정중:0
17:10:29  보정동쪽:0.00
17:10:29  보정북쪽:0.00
17:10:29  UWB유효:1
17:10:29  UWB원시거리:4.780
17:10:29  UWB보정거리:4.688
17:10:29  UWB접근속도:-0.467
17:10:29  UWB_RSSI:nan
17:10:29  UWB경과ms:165
17:10:29  UWB샘플:7455
17:10:29  UWB실패:165
17:10:29  UWB보정:1
17:10:29  UWB보정중:0
17:10:29  UWB보정샘플:100
17:10:29  UWB보정기준:3.000
17:10:29  UWB오프셋:0.234
17:10:29  UWB위험사용:0
17:10:29  UWB전송:7452
17:10:29  위험송신:0
17:10:29  시각ms:1539553
17:10:29  IMU시각ms:1539552
17:10:29  위험:0
17:10:29  원시위험:0
17:10:29  GPS유효:1
17:10:29  위도:37.495928
17:10:29  경도:126.956116
17:10:29  속도:0.02
17:10:29  방향:290.8
17:10:29  이동방향유효:0
17:10:29  GPS이동방향:290.8
17:10:29  차체방향유효:0
17:10:29  차체방향:0.0
17:10:29  후진판정:0
17:10:29  IMU요회전속도:0.00
17:10:29  방향가속도크기:9.68
17:10:29  방향자이로크기:3.66
17:10:29  방향자세cos:0.9998
17:10:29  자기모델잔차:25.28
17:10:29  자기모델반경:0.975
17:10:29  방향채택:0
17:10:29  방향거부:166123
17:10:29  GPS원시속도:0.010
17:10:29  GPS원시방향유효:1
17:10:29  GPS원시방향:290.8
17:10:29  가속도:-0.39,0.30,9.67
17:10:29  자이로:0.2,-3.0,-2.1
17:10:29  자력계:6.600,5.700,19.200
17:10:29  충격값:0.08
17:10:29  충격피크:0.13
17:10:29  마지막충격발생값:0.00
17:10:29  마지막충격발생ms:0
17:10:29  송신:14651
17:10:29  지팡이수신:9889
17:10:29  GPS위성:9
17:10:29  GPS_HDOP:1.11
17:10:29  원시위도:37.495931
17:10:29  원시경도:126.956111
17:10:29  GPS채택:1524
17:10:29  GPS이상치거부:0
17:10:29  GPS품질거부:0
17:10:29  GPS재기준:0
17:10:29  계산거리:-1.00
17:10:29  접근속도:0.00
17:10:29  TTC:999.00
17:10:29  방향오차:0.0
17:10:29  전방여부:0
17:10:29  위험음성횟수:0
17:10:29  충격음성횟수:0
17:10:29  마지막위험음성:0
17:10:29  RSSI원시:-53
17:10:29  RSSI평활:-56.7
17:10:29  RSSI샘플:9889
17:10:29  RSSI경과ms:62
17:10:29  RSSI구간:4
17:10:29  RSSI거리:1.61
17:10:29  상대보정:0
17:10:29  상대보정중:0
17:10:29  보정동쪽:0.00
17:10:29  보정북쪽:0.00
17:10:29  UWB유효:1
17:10:29  UWB원시거리:4.780
17:10:29  UWB보정거리:4.688
17:10:29  UWB접근속도:-0.467
17:10:29  UWB_RSSI:nan
17:10:29  UWB경과ms:194
17:10:29  UWB샘플:7455
17:10:29  UWB실패:165
17:10:29  UWB보정:1
17:10:29  UWB보정중:0
17:10:29  UWB보정샘플:100
17:10:29  UWB보정기준:3.000
17:10:29  UWB오프셋:0.234
17:10:29  UWB위험사용:0
17:10:29  UWB전송:7452
17:10:29  위험송신:0
17:10:29  시각ms:1539574
17:10:29  IMU시각ms:1539574
17:10:29  위험:0
17:10:29  원시위험:0
17:10:29  GPS유효:1
17:10:29  위도:37.495928
17:10:29  경도:126.956116
17:10:29  속도:0.02
17:10:29  방향:290.8
17:10:29  이동방향유효:0
17:10:29  GPS이동방향:290.8
17:10:29  차체방향유효:0
17:10:29  차체방향:0.0
17:10:29  후진판정:0
17:10:29  IMU요회전속도:0.00
17:10:29  방향가속도크기:9.80
17:10:29  방향자이로크기:0.87
17:10:29  방향자세cos:0.9997
17:10:29  자기모델잔차:25.59
17:10:29  자기모델반경:0.930
17:10:29  방향채택:0
17:10:29  방향거부:166125
17:10:29  GPS원시속도:0.010
17:10:29  GPS원시방향유효:1
17:10:29  GPS원시방향:290.8
17:10:29  가속도:-0.47,0.26,9.79
17:10:29  자이로:0.6,-0.0,-0.6
17:10:29  자력계:7.800,4.500,19.650
17:10:29  충격값:0.14
17:10:29  충격피크:0.14
17:10:29  마지막충격발생값:0.00
17:10:29  마지막충격발생ms:0
17:10:29  송신:14651
17:10:29  지팡이수신:9889
17:10:29  GPS위성:9
17:10:29  GPS_HDOP:1.11
17:10:29  원시위도:37.495931
17:10:29  원시경도:126.956111
17:10:29  GPS채택:1524
17:10:29  GPS이상치거부:0
17:10:29  GPS품질거부:0
17:10:29  GPS재기준:0
17:10:29  계산거리:-1.00
17:10:29  접근속도:0.00
17:10:29  TTC:999.00
17:10:29  방향오차:0.0
17:10:29  전방여부:0
17:10:29  위험음성횟수:0
17:10:29  충격음성횟수:0
17:10:29  마지막위험음성:0
17:10:29  RSSI원시:-53
17:10:29  RSSI평활:-56.7
17:10:29  RSSI샘플:9889
17:10:29  RSSI경과ms:83
17:10:29  RSSI구간:4
17:10:29  RSSI거리:1.61
17:10:29  상대보정:0
17:10:29  상대보정중:0
17:10:29  보정동쪽:0.00
17:10:29  보정북쪽:0.00
17:10:29  UWB유효:1
17:10:29  UWB원시거리:4.950
17:10:29  UWB보정거리:4.792
17:10:29  UWB접근속도:-0.477
17:10:29  UWB_RSSI:nan
17:10:29  UWB경과ms:8
17:10:29  UWB샘플:7456
17:10:29  UWB실패:165
17:10:29  UWB보정:1
17:10:29  UWB보정중:0
17:10:29  UWB보정샘플:100
17:10:29  UWB보정기준:3.000
17:10:29  UWB오프셋:0.234
17:10:29  UWB위험사용:0
17:10:29  UWB전송:7453
17:10:29  위험송신:0
17:10:29  시각ms:1539601
17:10:29  IMU시각ms:1539601
17:10:29  위험:0
17:10:29  원시위험:0
17:10:29  GPS유효:1
17:10:29  위도:37.495928
17:10:29  경도:126.956116
17:10:29  속도:0.02
17:10:29  방향:290.8
17:10:29  이동방향유효:0
17:10:29  GPS이동방향:290.8
17:10:29  차체방향유효:0
17:10:29  차체방향:0.0
17:10:29  후진판정:0
17:10:29  IMU요회전속도:0.00
17:10:29  방향가속도크기:9.64
17:10:29  방향자이로크기:1.83
17:10:29  방향자세cos:0.9999
17:10:29  자기모델잔차:25.42
17:10:29  자기모델반경:0.916
17:10:29  방향채택:0
17:10:29  방향거부:166128
17:10:29  GPS원시속도:0.010
17:10:29  GPS원시방향유효:1
17:10:29  GPS원시방향:290.8
17:10:29  가속도:-0.48,0.36,9.62
17:10:29  자이로:1.6,-0.6,-0.6
17:10:29  자력계:9.900,4.200,19.500
17:10:29  충격값:0.12
17:10:29  충격피크:0.12
17:10:29  마지막충격발생값:0.00
17:10:29  마지막충격발생ms:0
17:10:29  송신:14651
17:10:29  지팡이수신:9890
17:10:29  GPS위성:9
17:10:29  GPS_HDOP:1.11
17:10:29  원시위도:37.495931
17:10:29  원시경도:126.956111
17:10:29  GPS채택:1524
17:10:29  GPS이상치거부:0
17:10:29  GPS품질거부:0
17:10:29  GPS재기준:0
17:10:29  계산거리:-1.00
17:10:29  접근속도:0.00
17:10:29  TTC:999.00
17:10:29  방향오차:0.0
17:10:29  전방여부:0
17:10:29  위험음성횟수:0
17:10:29  충격음성횟수:0
17:10:29  마지막위험음성:0
17:10:29  RSSI원시:-54
17:10:29  RSSI평활:-56.2
17:10:29  RSSI샘플:9890
17:10:29  RSSI경과ms:26
17:10:29  RSSI구간:4
17:10:29  RSSI거리:1.53
17:10:29  상대보정:0
17:10:29  상대보정중:0
17:10:29  보정동쪽:0.00
17:10:29  보정북쪽:0.00
17:10:29  UWB유효:1
17:10:29  UWB원시거리:4.950
17:10:29  UWB보정거리:4.792
17:10:29  UWB접근속도:-0.477
17:10:29  UWB_RSSI:nan
17:10:29  UWB경과ms:35
17:10:29  UWB샘플:7456
17:10:29  UWB실패:165
17:10:29  UWB보정:1
17:10:29  UWB보정중:0
17:10:29  UWB보정샘플:100
17:10:29  UWB보정기준:3.000
17:10:29  UWB오프셋:0.234
17:10:29  UWB위험사용:0
17:10:29  UWB전송:7453
17:10:29  위험송신:0
17:10:29  시각ms:1539627
17:10:29  IMU시각ms:1539627
17:10:29  위험:0
17:10:29  원시위험:0
17:10:29  GPS유효:1
17:10:29  위도:37.495928
17:10:29  경도:126.956116
17:10:29  속도:0.02
17:10:29  방향:290.8
17:10:29  이동방향유효:0
17:10:29  GPS이동방향:290.8
17:10:29  차체방향유효:0
17:10:29  차체방향:0.0
17:10:29  후진판정:0
17:10:29  IMU요회전속도:0.00
17:10:29  방향가속도크기:9.80
17:10:29  방향자이로크기:4.24
17:10:29  방향자세cos:1.0000
17:10:29  자기모델잔차:26.99
17:10:29  자기모델반경:0.893
17:10:29  방향채택:0
17:10:29  방향거부:166131
17:10:29  GPS원시속도:0.010
17:10:29  GPS원시방향유효:1
17:10:29  GPS원시방향:290.8
17:10:29  가속도:-0.44,0.40,9.78
17:10:29  자이로:4.2,-0.2,0.3
17:10:29  자력계:8.850,3.600,21.150
17:10:29  충격값:0.08
17:10:29  충격피크:0.08
17:10:29  마지막충격발생값:0.00
17:10:29  마지막충격발생ms:0
17:10:29  송신:14651
17:10:29  지팡이수신:9890
17:10:29  GPS위성:9
17:10:29  GPS_HDOP:1.11
17:10:29  원시위도:37.495931
17:10:29  원시경도:126.956111
17:10:29  GPS채택:1524
17:10:29  GPS이상치거부:0
17:10:29  GPS품질거부:0
17:10:29  GPS재기준:0
17:10:29  계산거리:-1.00
17:10:29  접근속도:0.00
17:10:29  TTC:999.00
17:10:29  방향오차:0.0
17:10:29  전방여부:0
17:10:29  위험음성횟수:0
17:10:29  충격음성횟수:0
17:10:29  마지막위험음성:0
17:10:29  RSSI원시:-54
17:10:29  RSSI평활:-56.2
17:10:29  RSSI샘플:9890
17:10:29  RSSI경과ms:52
17:10:29  RSSI구간:4
17:10:29  RSSI거리:1.53
17:10:29  상대보정:0
17:10:29  상대보정중:0
17:10:29  보정동쪽:0.00
17:10:29  보정북쪽:0.00
17:10:29  UWB유효:1
17:10:29  UWB원시거리:4.950
17:10:29  UWB보정거리:4.792
17:10:29  UWB접근속도:-0.477
17:10:29  UWB_RSSI:nan
17:10:29  UWB경과ms:61
17:10:29  UWB샘플:7456
17:10:29  UWB실패:165
17:10:29  UWB보정:1
17:10:29  UWB보정중:0
17:10:29  UWB보정샘플:100
17:10:29  UWB보정기준:3.000
17:10:29  UWB오프셋:0.234
17:10:29  UWB위험사용:0
17:10:29  UWB전송:7453
17:10:29  위험송신:0
17:10:29  시각ms:1539655
17:10:29  IMU시각ms:1539655
17:10:29  위험:0
17:10:29  원시위험:0
17:10:29  GPS유효:1
17:10:29  위도:37.495928
17:10:29  경도:126.956116
17:10:29  속도:0.02
17:10:29  방향:290.8
17:10:29  이동방향유효:0
17:10:29  GPS이동방향:290.8
17:10:29  차체방향유효:0
17:10:29  차체방향:0.0
17:10:29  후진판정:0
17:10:29  IMU요회전속도:0.00
17:10:29  방향가속도크기:9.67
17:10:29  방향자이로크기:1.24
17:10:29  방향자세cos:0.9998
17:10:29  자기모델잔차:25.85
17:10:29  자기모델반경:0.954
17:10:29  방향채택:0
17:10:29  방향거부:166134
17:10:29  GPS원시속도:0.010
17:10:29  GPS원시방향유효:1
17:10:29  GPS원시방향:290.8
17:10:29  가속도:-0.36,0.30,9.66
17:10:29  자이로:-0.2,0.0,-1.2
17:10:29  자력계:9.150,5.400,19.800
17:10:29  충격값:0.10
17:10:29  충격피크:0.11
17:10:29  마지막충격발생값:0.00
17:10:29  마지막충격발생ms:0
17:10:29  송신:14652
17:10:29  지팡이수신:9890
17:10:29  GPS위성:9
17:10:29  GPS_HDOP:1.11
17:10:29  원시위도:37.495931
17:10:29  원시경도:126.956111
17:10:29  GPS채택:1524
17:10:29  GPS이상치거부:0
17:10:29  GPS품질거부:0
17:10:29  GPS재기준:0
17:10:29  계산거리:-1.00
17:10:29  접근속도:0.00
17:10:29  TTC:999.00
17:10:29  방향오차:0.0
17:10:29  전방여부:0
17:10:29  위험음성횟수:0
17:10:29  충격음성횟수:0
17:10:29  마지막위험음성:0
17:10:29  RSSI원시:-54
17:10:29  RSSI평활:-56.2
17:10:29  RSSI샘플:9890
17:10:29  RSSI경과ms:80
17:10:29  RSSI구간:4
17:10:29  RSSI거리:1.53
17:10:29  상대보정:0
17:10:29  상대보정중:0
17:10:29  보정동쪽:0.00
17:10:29  보정북쪽:0.00
17:10:29  UWB유효:1
17:10:29  UWB원시거리:4.950
17:10:29  UWB보정거리:4.792
17:10:29  UWB접근속도:-0.477
17:10:29  UWB_RSSI:nan
17:10:29  UWB경과ms:89
17:10:29  UWB샘플:7456
17:10:29  UWB실패:165
17:10:29  UWB보정:1
17:10:29  UWB보정중:0
17:10:29  UWB보정샘플:100
17:10:29  UWB보정기준:3.000
17:10:29  UWB오프셋:0.234
17:10:29  UWB위험사용:0
17:10:29  UWB전송:7453
17:10:29  위험송신:0
17:10:29  시각ms:1539675
17:10:29  IMU시각ms:1539675
17:10:29  위험:0
17:10:29  원시위험:0
17:10:29  GPS유효:1
17:10:29  위도:37.495928
17:10:29  경도:126.956116
17:10:29  속도:0.02
17:10:29  방향:290.8
17:10:29  이동방향유효:0
17:10:29  GPS이동방향:290.8
17:10:29  차체방향유효:0
17:10:29  차체방향:0.0
17:10:29  후진판정:0
17:10:29  IMU요회전속도:0.00
17:10:29  방향가속도크기:9.78
17:10:29  방향자이로크기:1.02
17:10:29  방향자세cos:0.9998
17:10:29  자기모델잔차:25.08
17:10:29  자기모델반경:0.947
17:10:29  방향채택:0
17:10:29  방향거부:166136
17:10:29  GPS원시속도:0.010
17:10:29  GPS원시방향유효:1
17:10:29  GPS원시방향:290.8
17:10:29  가속도:-0.28,0.34,9.77
17:10:29  자이로:-0.4,0.3,0.9
17:10:29  자력계:9.450,5.100,19.050
17:10:29  충격값:0.13
17:10:29  충격피크:0.13
17:10:29  마지막충격발생값:0.00
17:10:29  마지막충격발생ms:0
17:10:29  송신:14652
17:10:29  지팡이수신:9890
17:10:29  GPS위성:9
17:10:29  GPS_HDOP:1.11
17:10:29  원시위도:37.495931
17:10:29  원시경도:126.956111
17:10:29  GPS채택:1524
17:10:29  GPS이상치거부:0
17:10:29  GPS품질거부:0
17:10:29  GPS재기준:0
17:10:29  계산거리:-1.00
17:10:29  접근속도:0.00
17:10:29  TTC:999.00
17:10:29  방향오차:0.0
17:10:29  전방여부:0
17:10:29  위험음성횟수:0
17:10:29  충격음성횟수:0
17:10:29  마지막위험음성:0
17:10:29  RSSI원시:-54
17:10:29  RSSI평활:-56.2
17:10:29  RSSI샘플:9890
17:10:29  RSSI경과ms:100
17:10:29  RSSI구간:4
17:10:29  RSSI거리:1.53
17:10:29  상대보정:0
17:10:29  상대보정중:0
17:10:29  보정동쪽:0.00
17:10:29  보정북쪽:0.00
17:10:29  UWB유효:1
17:10:29  UWB원시거리:4.950
17:10:29  UWB보정거리:4.792
17:10:29  UWB접근속도:-0.477
17:10:29  UWB_RSSI:nan
17:10:29  UWB경과ms:109
17:10:29  UWB샘플:7456
17:10:29  UWB실패:165
17:10:29  UWB보정:1
17:10:29  UWB보정중:0
17:10:29  UWB보정샘플:100
17:10:29  UWB보정기준:3.000
17:10:29  UWB오프셋:0.234
17:10:29  UWB위험사용:0
17:10:29  UWB전송:7453
17:10:29  위험송신:0
17:10:29  시각ms:1539702
17:10:29  IMU시각ms:1539702
17:10:29  위험:0
17:10:29  원시위험:0
17:10:29  GPS유효:1
17:10:29  위도:37.495930
17:10:29  경도:126.956113
17:10:29  속도:0.02
17:10:29  방향:290.8
17:10:29  이동방향유효:0
17:10:29  GPS이동방향:290.8
17:10:29  차체방향유효:0
17:10:29  차체방향:0.0
17:10:29  후진판정:0
17:10:29  IMU요회전속도:0.00
17:10:29  방향가속도크기:9.71
17:10:29  방향자이로크기:2.71
17:10:29  방향자세cos:0.9999
17:10:29  자기모델잔차:24.27
17:10:29  자기모델반경:0.894
17:10:29  방향채택:0
17:10:29  방향거부:166139
17:10:29  GPS원시속도:0.021
17:10:29  GPS원시방향유효:1
17:10:29  GPS원시방향:290.8
17:10:29  가속도:-0.34,0.50,9.69
17:10:29  자이로:0.3,-2.7,-0.4
17:10:29  자력계:8.850,3.300,18.450
17:10:29  충격값:0.15
17:10:29  충격피크:0.15
17:10:29  마지막충격발생값:0.00
17:10:29  마지막충격발생ms:0
17:10:29  송신:14652
17:10:29  지팡이수신:9890
17:10:29  GPS위성:9
17:10:29  GPS_HDOP:1.11
17:10:29  원시위도:37.495933
17:10:29  원시경도:126.956109
17:10:29  GPS채택:1525
17:10:29  GPS이상치거부:0
17:10:29  GPS품질거부:0
17:10:29  GPS재기준:0
17:10:29  계산거리:-1.00
17:10:29  접근속도:0.00
17:10:29  TTC:999.00
17:10:29  방향오차:0.0
17:10:29  전방여부:0
17:10:29  위험음성횟수:0
17:10:29  충격음성횟수:0
17:10:29  마지막위험음성:0
17:10:29  RSSI원시:-54
17:10:29  RSSI평활:-56.2
17:10:29  RSSI샘플:9890
17:10:29  RSSI경과ms:127
17:10:29  RSSI구간:4
17:10:29  RSSI거리:1.53
17:10:29  상대보정:0
17:10:29  상대보정중:0
17:10:29  보정동쪽:0.00
17:10:29  보정북쪽:0.00
17:10:29  UWB유효:1
17:10:29  UWB원시거리:4.950
17:10:29  UWB보정거리:4.792
17:10:29  UWB접근속도:-0.477
17:10:29  UWB_RSSI:nan
17:10:29  UWB경과ms:136
17:10:29  UWB샘플:7456
17:10:29  UWB실패:165
17:10:29  UWB보정:1
17:10:29  UWB보정중:0
17:10:29  UWB보정샘플:100
17:10:29  UWB보정기준:3.000
17:10:29  UWB오프셋:0.234
17:10:29  UWB위험사용:0
17:10:29  UWB전송:7453
17:10:29  위험송신:0
17:10:29  시각ms:1539722
17:10:29  IMU시각ms:1539722
17:10:29  위험:0
17:10:29  원시위험:0
17:10:29  GPS유효:1
17:10:29  위도:37.495930
17:10:29  경도:126.956113
17:10:29  속도:0.02
17:10:29  방향:290.8
17:10:29  이동방향유효:0
17:10:29  GPS이동방향:290.8
17:10:29  차체방향유효:0
17:10:29  차체방향:0.0
17:10:29  후진판정:0
17:10:29  IMU요회전속도:0.00
17:10:29  방향가속도크기:9.75
17:10:29  방향자이로크기:2.93
17:10:29  방향자세cos:1.0000
17:10:29  자기모델잔차:25.90
17:10:29  자기모델반경:0.927
17:10:29  방향채택:0
17:10:29  방향거부:166141
17:10:29  GPS원시속도:0.021
17:10:29  GPS원시방향유효:1
17:10:29  GPS원시방향:290.8
17:10:29  가속도:-0.52,0.45,9.73
17:10:29  자이로:0.3,-0.5,-2.9
17:10:29  자력계:8.550,4.500,19.950
17:10:29  충격값:0.14
17:10:29  충격피크:0.14
17:10:29  마지막충격발생값:0.00
17:10:29  마지막충격발생ms:0
17:10:29  송신:14652
17:10:29  지팡이수신:9891
17:10:29  GPS위성:9
17:10:29  GPS_HDOP:1.11
17:10:29  원시위도:37.495933
17:10:29  원시경도:126.956109
17:10:29  GPS채택:1525
17:10:29  GPS이상치거부:0
17:10:29  GPS품질거부:0
17:10:29  GPS재기준:0
17:10:29  계산거리:-1.00
17:10:29  접근속도:0.00
17:10:29  TTC:999.00
17:10:29  방향오차:0.0
17:10:29  전방여부:0
17:10:29  위험음성횟수:0
17:10:29  충격음성횟수:0
17:10:29  마지막위험음성:0
17:10:29  RSSI원시:-62
17:10:29  RSSI평활:-57.3
17:10:29  RSSI샘플:9891
17:10:29  RSSI경과ms:13
17:10:29  RSSI구간:4
17:10:29  RSSI거리:1.71
17:10:29  상대보정:0
17:10:29  상대보정중:0
17:10:29  보정동쪽:0.00
17:10:29  보정북쪽:0.00
17:10:29  UWB유효:1
17:10:29  UWB원시거리:4.950
17:10:29  UWB보정거리:4.792
17:10:29  UWB접근속도:-0.477
17:10:29  UWB_RSSI:nan
17:10:29  UWB경과ms:156
17:10:29  UWB샘플:7456
17:10:29  UWB실패:165
17:10:29  UWB보정:1
17:10:29  UWB보정중:0
17:10:29  UWB보정샘플:100
17:10:29  UWB보정기준:3.000
17:10:29  UWB오프셋:0.234
17:10:29  UWB위험사용:0
17:10:29  UWB전송:7453
17:10:29  위험송신:0
17:10:29  시각ms:1539751
17:10:29  IMU시각ms:1539750
17:10:29  위험:0
17:10:29  원시위험:0
17:10:29  GPS유효:1
17:10:29  위도:37.495930
17:10:29  경도:126.956113
17:10:29  속도:0.02
17:10:29  방향:290.8
17:10:29  이동방향유효:0
17:10:29  GPS이동방향:290.8
17:10:29  차체방향유효:0
17:10:29  차체방향:0.0
17:10:29  후진판정:0
17:10:29  IMU요회전속도:0.00
17:10:29  방향가속도크기:9.64
17:10:29  방향자이로크기:2.31
17:10:29  방향자세cos:1.0000
17:10:29  자기모델잔차:26.37
17:10:29  자기모델반경:0.891
17:10:29  방향채택:0
17:10:29  방향거부:166144
17:10:29  GPS원시속도:0.021
17:10:29  GPS원시방향유효:1
17:10:29  GPS원시방향:290.8
17:10:29  가속도:-0.42,0.45,9.62
17:10:29  자이로:1.8,0.1,-1.4
17:10:29  자력계:8.700,3.450,20.550
17:10:29  충격값:0.12
17:10:29  충격피크:0.24
17:10:29  마지막충격발생값:0.00
17:10:29  마지막충격발생ms:0
17:10:29  송신:14653
17:10:29  지팡이수신:9891
17:10:29  GPS위성:9
17:10:29  GPS_HDOP:1.11
17:10:29  원시위도:37.495933
17:10:29  원시경도:126.956109
17:10:29  GPS채택:1525
17:10:29  GPS이상치거부:0
17:10:29  GPS품질거부:0
17:10:29  GPS재기준:0
17:10:29  계산거리:-1.00
17:10:29  접근속도:0.00
17:10:29  TTC:999.00
17:10:29  방향오차:0.0
17:10:29  전방여부:0
17:10:29  위험음성횟수:0
17:10:29  충격음성횟수:0
17:10:29  마지막위험음성:0
17:10:29  RSSI원시:-62
17:10:29  RSSI평활:-57.3
17:10:29  RSSI샘플:9891
17:10:29  RSSI경과ms:42
17:10:29  RSSI구간:4
17:10:29  RSSI거리:1.71
17:10:29  상대보정:0
17:10:29  상대보정중:0
17:10:29  보정동쪽:0.00
17:10:29  보정북쪽:0.00
17:10:29  UWB유효:1
17:10:29  UWB원시거리:4.950
17:10:29  UWB보정거리:4.792
17:10:29  UWB접근속도:-0.477
17:10:29  UWB_RSSI:nan
17:10:29  UWB경과ms:185
17:10:29  UWB샘플:7456
17:10:29  UWB실패:165
17:10:29  UWB보정:1
17:10:29  UWB보정중:0
17:10:29  UWB보정샘플:100
17:10:29  UWB보정기준:3.000
17:10:29  UWB오프셋:0.234
17:10:29  UWB위험사용:0
17:10:29  UWB전송:7453
17:10:29  위험송신:0
17:10:29  시각ms:1539773
17:10:29  IMU시각ms:1539773
17:10:29  위험:0
17:10:29  원시위험:0
17:10:29  GPS유효:1
17:10:29  위도:37.495930
17:10:29  경도:126.956113
17:10:29  속도:0.02
17:10:29  방향:290.8
17:10:29  이동방향유효:0
17:10:29  GPS이동방향:290.8
17:10:29  차체방향유효:0
17:10:29  차체방향:0.0
17:10:29  후진판정:0
17:10:29  IMU요회전속도:0.00
17:10:29  방향가속도크기:9.74
17:10:29  방향자이로크기:3.04
17:10:29  방향자세cos:0.9999
17:10:29  자기모델잔차:26.52
17:10:29  자기모델반경:0.970
17:10:29  방향채택:0
17:10:29  방향거부:166146
17:10:29  GPS원시속도:0.021
17:10:29  GPS원시방향유효:1
17:10:29  GPS원시방향:290.8
17:10:29  가속도:-0.44,0.36,9.73
17:10:29  자이로:2.1,0.2,-2.2
17:10:29  자력계:9.600,6.000,20.400
17:10:29  충격값:0.04
17:10:29  충격피크:0.19
17:10:29  마지막충격발생값:0.00
17:10:29  마지막충격발생ms:0
17:10:29  송신:14653
17:10:29  지팡이수신:9891
17:10:29  GPS위성:9
17:10:29  GPS_HDOP:1.11
17:10:29  원시위도:37.495933
17:10:29  원시경도:126.956109
17:10:29  GPS채택:1525
17:10:29  GPS이상치거부:0
17:10:29  GPS품질거부:0
17:10:29  GPS재기준:0
17:10:29  계산거리:-1.00
17:10:29  접근속도:0.00
17:10:29  TTC:999.00
17:10:29  방향오차:0.0
17:10:29  전방여부:0
17:10:29  위험음성횟수:0
17:10:29  충격음성횟수:0
17:10:29  마지막위험음성:0
17:10:29  RSSI원시:-62
17:10:29  RSSI평활:-57.3
17:10:29  RSSI샘플:9891
17:10:29  RSSI경과ms:64
17:10:29  RSSI구간:4
17:10:29  RSSI거리:1.71
17:10:29  상대보정:0
17:10:29  상대보정중:0
17:10:29  보정동쪽:0.00
17:10:29  보정북쪽:0.00
17:10:29  UWB유효:1
17:10:29  UWB원시거리:5.010
17:10:29  UWB보정거리:4.869
17:10:29  UWB접근속도:-0.452
17:10:29  UWB_RSSI:nan
17:10:29  UWB경과ms:9
17:10:29  UWB샘플:7457
17:10:29  UWB실패:165
17:10:29  UWB보정:1
17:10:29  UWB보정중:0
17:10:29  UWB보정샘플:100
17:10:29  UWB보정기준:3.000
17:10:29  UWB오프셋:0.234
17:10:29  UWB위험사용:0
17:10:29  UWB전송:7454
17:10:29  위험송신:0
17:10:29  시각ms:1539801
17:10:29  IMU시각ms:1539800
17:10:29  위험:0
17:10:29  원시위험:0
17:10:29  GPS유효:1
17:10:29  위도:37.495930
17:10:29  경도:126.956113
17:10:29  속도:0.02
17:10:29  방향:290.8
17:10:29  이동방향유효:0
17:10:29  GPS이동방향:290.8
17:10:29  차체방향유효:0
17:10:29  차체방향:0.0
17:10:29  후진판정:0
17:10:29  IMU요회전속도:0.00
17:10:29  방향가속도크기:9.73
17:10:29  방향자이로크기:3.18
17:10:29  방향자세cos:0.9999
17:10:29  자기모델잔차:26.22
17:10:29  자기모델반경:0.927
17:10:29  방향채택:0
17:10:29  방향거부:166149
17:10:29  GPS원시속도:0.021
17:10:29  GPS원시방향유효:1
17:10:29  GPS원시방향:290.8
17:10:29  가속도:-0.42,0.38,9.72
17:10:29  자이로:-1.5,2.0,2.0
17:10:29  자력계:10.200,4.650,20.250
17:10:29  충격값:0.02
17:10:29  충격피크:0.09
17:10:29  마지막충격발생값:0.00
17:10:29  마지막충격발생ms:0
17:10:29  송신:14653
17:10:29  지팡이수신:9891
17:10:29  GPS위성:9
17:10:29  GPS_HDOP:1.11
17:10:29  원시위도:37.495933
17:10:29  원시경도:126.956109
17:10:29  GPS채택:1525
17:10:29  GPS이상치거부:0
17:10:29  GPS품질거부:0
17:10:29  GPS재기준:0
17:10:29  계산거리:-1.00
17:10:29  접근속도:0.00
17:10:29  TTC:999.00
17:10:29  방향오차:0.0
17:10:29  전방여부:0
17:10:29  위험음성횟수:0
17:10:29  충격음성횟수:0
17:10:29  마지막위험음성:0
17:10:29  RSSI원시:-62
17:10:29  RSSI평활:-57.3
17:10:29  RSSI샘플:9891
17:10:29  RSSI경과ms:92
17:10:29  RSSI구간:4
17:10:29  RSSI거리:1.71
17:10:29  상대보정:0
17:10:29  상대보정중:0
17:10:29  보정동쪽:0.00
17:10:29  보정북쪽:0.00
17:10:29  UWB유효:1
17:10:29  UWB원시거리:5.010
17:10:29  UWB보정거리:4.869
17:10:29  UWB접근속도:-0.452
17:10:29  UWB_RSSI:nan
17:10:29  UWB경과ms:37
17:10:29  UWB샘플:7457
17:10:29  UWB실패:165
17:10:29  UWB보정:1
17:10:29  UWB보정중:0
17:10:29  UWB보정샘플:100
17:10:29  UWB보정기준:3.000
17:10:29  UWB오프셋:0.234
17:10:29  UWB위험사용:0
17:10:29  UWB전송:7454
17:10:29  위험송신:0
17:10:29  시각ms:1539829
17:10:29  IMU시각ms:1539828
17:10:29  위험:0
17:10:29  원시위험:0
17:10:29  GPS유효:1
17:10:29  위도:37.495930
17:10:29  경도:126.956113
17:10:29  속도:0.02
17:10:29  방향:290.8
17:10:29  이동방향유효:0
17:10:29  GPS이동방향:290.8
17:10:29  차체방향유효:0
17:10:29  차체방향:0.0
17:10:29  후진판정:0
17:10:29  IMU요회전속도:0.00
17:10:29  방향가속도크기:9.71
17:10:29  방향자이로크기:1.08
17:10:29  방향자세cos:0.9997
17:10:29  자기모델잔차:26.35
17:10:29  자기모델반경:0.966
17:10:29  방향채택:0
17:10:29  방향거부:166152
17:10:29  GPS원시속도:0.021
17:10:29  GPS원시방향유효:1
17:10:29  GPS원시방향:290.8
17:10:29  가속도:-0.34,0.25,9.70
17:10:29  자이로:0.4,-0.8,0.6
17:10:29  자력계:9.300,5.850,20.250
17:10:29  충격값:0.13
17:10:29  충격피크:0.13
17:10:29  마지막충격발생값:0.00
17:10:29  마지막충격발생ms:0
17:10:29  송신:14653
17:10:29  지팡이수신:9891
17:10:29  GPS위성:9
17:10:29  GPS_HDOP:1.11
17:10:29  원시위도:37.495933
17:10:29  원시경도:126.956109
17:10:29  GPS채택:1525
17:10:29  GPS이상치거부:0
17:10:29  GPS품질거부:0
17:10:29  GPS재기준:0
17:10:29  계산거리:-1.00
17:10:29  접근속도:0.00
17:10:29  TTC:999.00
17:10:29  방향오차:0.0
17:10:29  전방여부:0
17:10:29  위험음성횟수:0
17:10:29  충격음성횟수:0
17:10:29  마지막위험음성:0
17:10:29  RSSI원시:-62
17:10:29  RSSI평활:-57.3
17:10:29  RSSI샘플:9891
17:10:29  RSSI경과ms:120
17:10:29  RSSI구간:4
17:10:29  RSSI거리:1.71
17:10:29  상대보정:0
17:10:29  상대보정중:0
17:10:29  보정동쪽:0.00
17:10:29  보정북쪽:0.00
17:10:29  UWB유효:1
17:10:29  UWB원시거리:5.010
17:10:29  UWB보정거리:4.869
17:10:29  UWB접근속도:-0.452
17:10:29  UWB_RSSI:nan
17:10:29  UWB경과ms:65
17:10:29  UWB샘플:7457
17:10:29  UWB실패:165
17:10:29  UWB보정:1
17:10:29  UWB보정중:0
17:10:29  UWB보정샘플:100
17:10:29  UWB보정기준:3.000
17:10:29  UWB오프셋:0.234
17:10:29  UWB위험사용:0
17:10:29  UWB전송:7454
17:10:29  위험송신:0
17:10:29  시각ms:1539856
17:10:29  IMU시각ms:1539856
17:10:29  위험:0
17:10:29  원시위험:0
17:10:29  GPS유효:1
17:10:29  위도:37.495930
17:10:29  경도:126.956113
17:10:29  속도:0.02
17:10:29  방향:290.8
17:10:29  이동방향유효:0
17:10:29  GPS이동방향:290.8
17:10:29  차체방향유효:0
17:10:29  차체방향:0.0
17:10:29  후진판정:0
17:10:29  IMU요회전속도:0.00
17:10:29  방향가속도크기:9.72
17:10:29  방향자이로크기:2.56
17:10:29  방향자세cos:0.9999
17:10:29  자기모델잔차:26.48
17:10:29  자기모델반경:0.964
17:10:29  방향채택:0
17:10:29  방향거부:166155
17:10:29  GPS원시속도:0.021
17:10:29  GPS원시방향유효:1
17:10:29  GPS원시방향:290.8
17:10:29  가속도:-0.43,0.36,9.71
17:10:29  자이로:2.1,0.4,-1.5
17:10:29  자력계:8.100,5.700,20.400
17:10:29  충격값:0.03
17:10:29  충격피크:0.06
17:10:29  마지막충격발생값:0.00
17:10:29  마지막충격발생ms:0
17:10:29  송신:14654
17:10:29  지팡이수신:9891
17:10:29  GPS위성:9
17:10:29  GPS_HDOP:1.11
17:10:29  원시위도:37.495933
17:10:29  원시경도:126.956109
17:10:29  GPS채택:1525
17:10:29  GPS이상치거부:0
17:10:29  GPS품질거부:0
17:10:29  GPS재기준:0
17:10:29  계산거리:-1.00
17:10:29  접근속도:0.00
17:10:29  TTC:999.00
17:10:29  방향오차:0.0
17:10:29  전방여부:0
17:10:29  위험음성횟수:0
17:10:29  충격음성횟수:0
17:10:29  마지막위험음성:0
17:10:29  RSSI원시:-62
17:10:29  RSSI평활:-57.3
17:10:29  RSSI샘플:9891
17:10:29  RSSI경과ms:147
17:10:29  RSSI구간:4
17:10:29  RSSI거리:1.71
17:10:29  상대보정:0
17:10:29  상대보정중:0
17:10:29  보정동쪽:0.00
17:10:29  보정북쪽:0.00
17:10:29  UWB유효:1
17:10:29  UWB원시거리:5.010
17:10:29  UWB보정거리:4.869
17:10:29  UWB접근속도:-0.452
17:10:29  UWB_RSSI:nan
17:10:29  UWB경과ms:92
17:10:29  UWB샘플:7457
17:10:29  UWB실패:165
17:10:29  UWB보정:1
17:10:29  UWB보정중:0
17:10:29  UWB보정샘플:100
17:10:29  UWB보정기준:3.000
17:10:29  UWB오프셋:0.234
17:10:29  UWB위험사용:0
17:10:29  UWB전송:7454
17:10:29  위험송신:0
17:10:29  시각ms:1539883
17:10:29  IMU시각ms:1539882
17:10:29  위험:0
17:10:29  원시위험:0
17:10:29  GPS유효:1
17:10:29  위도:37.495930
17:10:29  경도:126.956113
17:10:29  속도:0.02
17:10:29  방향:290.8
17:10:29  이동방향유효:0
17:10:29  GPS이동방향:290.8
17:10:29  차체방향유효:0
17:10:29  차체방향:0.0
17:10:29  후진판정:0
17:10:29  IMU요회전속도:0.00
17:10:29  방향가속도크기:9.72
17:10:29  방향자이로크기:2.45
17:10:29  방향자세cos:0.9999
17:10:29  자기모델잔차:26.70
17:10:29  자기모델반경:0.980
17:10:29  방향채택:0
17:10:29  방향거부:166158
17:10:29  GPS원시속도:0.021
17:10:29  GPS원시방향유효:1
17:10:29  GPS원시방향:290.8
17:10:29  가속도:-0.37,0.35,9.71
17:10:29  자이로:2.4,-0.1,0.6
17:10:29  자력계:9.150,6.300,20.550
17:10:29  충격값:0.03
17:10:29  충격피크:0.16
17:10:29  마지막충격발생값:0.00
17:10:29  마지막충격발생ms:0
17:10:29  송신:14654
17:10:29  지팡이수신:9891
17:10:29  GPS위성:9
17:10:29  GPS_HDOP:1.11
17:10:29  원시위도:37.495933
17:10:29  원시경도:126.956109
17:10:29  GPS채택:1525
17:10:29  GPS이상치거부:0
17:10:29  GPS품질거부:0
17:10:29  GPS재기준:0
17:10:29  계산거리:-1.00
17:10:29  접근속도:0.00
17:10:29  TTC:999.00
17:10:29  방향오차:0.0
17:10:29  전방여부:0
17:10:29  위험음성횟수:0
17:10:29  충격음성횟수:0
17:10:29  마지막위험음성:0
17:10:29  RSSI원시:-62
17:10:29  RSSI평활:-57.3
17:10:29  RSSI샘플:9891
17:10:29  RSSI경과ms:174
17:10:29  RSSI구간:4
17:10:29  RSSI거리:1.71
17:10:29  상대보정:0
17:10:29  상대보정중:0
17:10:29  보정동쪽:0.00
17:10:29  보정북쪽:0.00
17:10:29  UWB유효:1
17:10:29  UWB원시거리:5.010
17:10:29  UWB보정거리:4.869
17:10:29  UWB접근속도:-0.452
17:10:29  UWB_RSSI:nan
17:10:29  UWB경과ms:119
17:10:29  UWB샘플:7457
17:10:29  UWB실패:165
17:10:29  UWB보정:1
17:10:29  UWB보정중:0
17:10:29  UWB보정샘플:100
17:10:29  UWB보정기준:3.000
17:10:29  UWB오프셋:0.234
17:10:29  UWB위험사용:0
17:10:29  UWB전송:7454
17:10:29  위험송신:0
17:10:29  시각ms:1539910
17:10:29  IMU시각ms:1539909
17:10:29  위험:0
17:10:29  원시위험:0
17:10:29  GPS유효:1
17:10:29  위도:37.495930
17:10:29  경도:126.956113
17:10:29  속도:0.02
17:10:29  방향:290.8
17:10:29  이동방향유효:0
17:10:29  GPS이동방향:290.8
17:10:29  차체방향유효:0
17:10:29  차체방향:0.0
17:10:29  후진판정:0
17:10:29  IMU요회전속도:0.00
17:10:29  방향가속도크기:9.68
17:10:29  방향자이로크기:2.31
17:10:29  방향자세cos:0.9999
17:10:29  자기모델잔차:27.54
17:10:29  자기모델반경:0.955
17:10:29  방향채택:0
17:10:29  방향거부:166161
17:10:29  GPS원시속도:0.021
17:10:29  GPS원시방향유효:1
17:10:29  GPS원시방향:290.8
17:10:29  가속도:-0.44,0.37,9.67
17:10:29  자이로:-1.3,1.4,-1.3
17:10:29  자력계:10.500,5.700,21.450
17:10:29  충격값:0.06
17:10:29  충격피크:0.06
17:10:29  마지막충격발생값:0.00
17:10:29  마지막충격발생ms:0
17:10:29  송신:14654
17:10:29  지팡이수신:9891
17:10:29  GPS위성:9
17:10:29  GPS_HDOP:1.11
17:10:29  원시위도:37.495933
17:10:29  원시경도:126.956109
17:10:29  GPS채택:1525
17:10:29  GPS이상치거부:0
17:10:29  GPS품질거부:0
17:10:29  GPS재기준:0
17:10:29  계산거리:-1.00
17:10:29  접근속도:0.00
17:10:29  TTC:999.00
17:10:29  방향오차:0.0
17:10:29  전방여부:0
17:10:29  위험음성횟수:0
17:10:29  충격음성횟수:0
17:10:29  마지막위험음성:0
17:10:29  RSSI원시:-62
17:10:29  RSSI평활:-57.3
17:10:29  RSSI샘플:9891
17:10:29  RSSI경과ms:201
17:10:29  RSSI구간:4
17:10:29  RSSI거리:1.71
17:10:29  상대보정:0
17:10:29  상대보정중:0
17:10:29  보정동쪽:0.00
17:10:29  보정북쪽:0.00
17:10:29  UWB유효:1
17:10:29  UWB원시거리:5.010
17:10:29  UWB보정거리:4.869
17:10:29  UWB접근속도:-0.452
17:10:29  UWB_RSSI:nan
17:10:29  UWB경과ms:146
17:10:29  UWB샘플:7457
17:10:29  UWB실패:165
17:10:29  UWB보정:1
17:10:29  UWB보정중:0
17:10:29  UWB보정샘플:100
17:10:29  UWB보정기준:3.000
17:10:29  UWB오프셋:0.234
17:10:29  UWB위험사용:0
17:10:29  UWB전송:7454
17:10:29  위험송신:0
17:10:29  시각ms:1539937
17:10:29  IMU시각ms:1539937
17:10:29  위험:0
17:10:29  원시위험:0
17:10:29  GPS유효:1
17:10:29  위도:37.495930
17:10:29  경도:126.956113
17:10:29  속도:0.02
17:10:29  방향:290.8
17:10:29  이동방향유효:0
17:10:29  GPS이동방향:290.8
17:10:29  차체방향유효:0
17:10:29  차체방향:0.0
17:10:29  후진판정:0
17:10:29  IMU요회전속도:0.00
17:10:29  방향가속도크기:9.77
17:10:29  방향자이로크기:2.46
17:10:29  방향자세cos:0.9999
17:10:29  자기모델잔차:24.80
17:10:29  자기모델반경:0.916
17:10:29  방향채택:0
17:10:29  방향거부:166164
17:10:29  GPS원시속도:0.021
17:10:29  GPS원시방향유효:1
17:10:29  GPS원시방향:290.8
17:10:29  가속도:-0.37,0.41,9.75
17:10:29  자이로:-0.2,1.8,-1.7
17:10:29  자력계:8.850,4.050,18.900
17:10:29  충격값:0.06
17:10:29  충격피크:0.13
17:10:29  마지막충격발생값:0.00
17:10:29  마지막충격발생ms:0
17:10:29  송신:14654
17:10:29  지팡이수신:9892
17:10:29  GPS위성:9
17:10:29  GPS_HDOP:1.11
17:10:29  원시위도:37.495933
17:10:29  원시경도:126.956109
17:10:29  GPS채택:1525
17:10:29  GPS이상치거부:0
17:10:29  GPS품질거부:0
17:10:29  GPS재기준:0
17:10:29  계산거리:-1.00
17:10:29  접근속도:0.00
17:10:29  TTC:999.00
17:10:29  방향오차:0.0
17:10:29  전방여부:0
17:10:29  위험음성횟수:0
17:10:29  충격음성횟수:0
17:10:29  마지막위험음성:0
17:10:29  RSSI원시:-54
17:10:29  RSSI평활:-56.7
17:10:29  RSSI샘플:9892
17:10:29  RSSI경과ms:16
17:10:29  RSSI구간:4
17:10:29  RSSI거리:1.60
17:10:29  상대보정:0
17:10:29  상대보정중:0
17:10:29  보정동쪽:0.00
17:10:29  보정북쪽:0.00
17:10:29  UWB유효:1
17:10:29  UWB원시거리:5.010
17:10:29  UWB보정거리:4.869
17:10:29  UWB접근속도:-0.452
17:10:29  UWB_RSSI:nan
17:10:29  UWB경과ms:173
17:10:29  UWB샘플:7457
17:10:29  UWB실패:165
17:10:29  UWB보정:1
17:10:29  UWB보정중:0
17:10:29  UWB보정샘플:100
17:10:29  UWB보정기준:3.000
17:10:29  UWB오프셋:0.234
17:10:29  UWB위험사용:0
17:10:29  UWB전송:7454
17:10:29  위험송신:0
17:10:29  시각ms:1539961
17:10:29  IMU시각ms:1539956
17:10:29  위험:0
17:10:29  원시위험:0
17:10:29  GPS유효:1
17:10:29  위도:37.495930
17:10:29  경도:126.956113
17:10:29  속도:0.02
17:10:29  방향:290.8
17:10:29  이동방향유효:0
17:10:29  GPS이동방향:290.8
17:10:29  차체방향유효:0
17:10:29  차체방향:0.0
17:10:29  후진판정:0
17:10:29  IMU요회전속도:0.00
17:10:29  방향가속도크기:9.79
17:10:29  방향자이로크기:1.71
17:10:29  방향자세cos:1.0000
17:10:29  자기모델잔차:25.60
17:10:29  자기모델반경:0.928
17:10:29  방향채택:0
17:10:29  방향거부:166166
17:10:29  GPS원시속도:0.021
17:10:29  GPS원시방향유효:1
17:10:29  GPS원시방향:290.8
17:10:29  가속도:-0.44,0.40,9.77
17:10:29  자이로:-0.8,0.9,-1.2
17:10:29  자력계:8.550,4.500,19.650
17:10:29  충격값:0.07
17:10:29  충격피크:0.08
17:10:29  마지막충격발생값:0.00
17:10:29  마지막충격발생ms:0
17:10:29  송신:14655
17:10:29  지팡이수신:9892
17:10:29  GPS위성:9
17:10:29  GPS_HDOP:1.11
17:10:29  원시위도:37.495933
17:10:29  원시경도:126.956109
17:10:29  GPS채택:1525
17:10:29  GPS이상치거부:0
17:10:29  GPS품질거부:0
17:10:29  GPS재기준:0
17:10:29  계산거리:-1.00
17:10:29  접근속도:0.00
17:10:29  TTC:999.00
17:10:29  방향오차:0.0
17:10:29  전방여부:0
17:10:29  위험음성횟수:0
17:10:29  충격음성횟수:0
17:10:29  마지막위험음성:0
17:10:29  RSSI원시:-54
17:10:29  RSSI평활:-56.7
17:10:29  RSSI샘플:9892
17:10:29  RSSI경과ms:40
17:10:29  RSSI구간:4
17:10:29  RSSI거리:1.60
17:10:29  상대보정:0
17:10:29  상대보정중:0
17:10:29  보정동쪽:0.00
17:10:29  보정북쪽:0.00
17:10:29  UWB유효:1
17:10:29  UWB원시거리:5.030
17:10:29  UWB보정거리:4.980
17:10:29  UWB접근속도:-0.485
17:10:29  UWB_RSSI:nan
17:10:29  UWB경과ms:1
17:10:29  UWB샘플:7458
17:10:29  UWB실패:165
17:10:29  UWB보정:1
17:10:29  UWB보정중:0
17:10:29  UWB보정샘플:100
17:10:29  UWB보정기준:3.000
17:10:29  UWB오프셋:0.234
17:10:29  UWB위험사용:0
17:10:29  UWB전송:7455
17:10:29  위험송신:0
17:10:29  시각ms:1539980
17:10:29  IMU시각ms:1539980
17:10:29  위험:0
17:10:29  원시위험:0
17:10:29  GPS유효:1
17:10:29  위도:37.495930
17:10:29  경도:126.956113
17:10:29  속도:0.02
17:10:29  방향:290.8
17:10:29  이동방향유효:0
17:10:29  GPS이동방향:290.8
17:10:29  차체방향유효:0
17:10:29  차체방향:0.0
17:10:29  후진판정:0
17:10:29  IMU요회전속도:0.00
17:10:29  방향가속도크기:9.80
17:10:29  방향자이로크기:2.83
17:10:29  방향자세cos:0.9999
17:10:29  자기모델잔차:24.91
17:10:29  자기모델반경:0.986
17:10:29  방향채택:0
17:10:29  방향거부:166168
17:10:29  GPS원시속도:0.021
17:10:29  GPS원시방향유효:1
17:10:29  GPS원시방향:290.8
17:10:29  가속도:-0.36,0.40,9.78
17:10:29  자이로:2.1,-1.2,-1.5
17:10:29  자력계:9.150,6.300,18.750
17:10:29  충격값:0.08
17:10:29  충격피크:0.09
17:10:29  마지막충격발생값:0.00
17:10:29  마지막충격발생ms:0
17:10:29  송신:14655
17:10:29  지팡이수신:9892
17:10:29  GPS위성:9
17:10:29  GPS_HDOP:1.11
17:10:29  원시위도:37.495933
17:10:29  원시경도:126.956109
17:10:29  GPS채택:1525
17:10:29  GPS이상치거부:0
17:10:29  GPS품질거부:0
17:10:29  GPS재기준:0
17:10:29  계산거리:-1.00
17:10:29  접근속도:0.00
17:10:29  TTC:999.00
17:10:29  방향오차:0.0
17:10:29  전방여부:0
17:10:29  위험음성횟수:0
17:10:29  충격음성횟수:0
17:10:29  마지막위험음성:0
17:10:29  RSSI원시:-54
17:10:29  RSSI평활:-56.7
17:10:29  RSSI샘플:9892
17:10:29  RSSI경과ms:59
17:10:29  RSSI구간:4
17:10:29  RSSI거리:1.60
17:10:29  상대보정:0
17:10:29  상대보정중:0
17:10:29  보정동쪽:0.00
17:10:29  보정북쪽:0.00
17:10:29  UWB유효:1
17:10:29  UWB원시거리:5.030
17:10:29  UWB보정거리:4.980
17:10:29  UWB접근속도:-0.485
17:10:29  UWB_RSSI:nan
17:10:29  UWB경과ms:20
17:10:29  UWB샘플:7458
17:10:29  UWB실패:165
17:10:29  UWB보정:1
17:10:29  UWB보정중:0
17:10:29  UWB보정샘플:100
17:10:29  UWB보정기준:3.000
17:10:29  UWB오프셋:0.234
17:10:29  UWB위험사용:0
17:10:29  UWB전송:7455
17:10:29  위험송신:0
17:10:29  시각ms:1540000
17:10:29  IMU시각ms:1539999
17:10:29  위험:0
17:10:29  원시위험:0
17:10:29  GPS유효:1
17:10:29  위도:37.495930
17:10:29  경도:126.956113
17:10:29  속도:0.02
17:10:29  방향:290.8
17:10:29  이동방향유효:0
17:10:29  GPS이동방향:290.8
17:10:29  차체방향유효:0
17:10:29  차체방향:0.0
17:10:29  후진판정:0
17:10:29  IMU요회전속도:0.00
17:10:29  방향가속도크기:9.76
17:10:29  방향자이로크기:2.21
17:10:29  방향자세cos:0.9999
17:10:29  자기모델잔차:25.60
17:10:29  자기모델반경:0.928
17:10:29  방향채택:0
17:10:29  방향거부:166170
17:10:29  GPS원시속도:0.021
17:10:29  GPS원시방향유효:1
17:10:29  GPS원시방향:290.8
17:10:29  가속도:-0.45,0.36,9.74
17:10:29  자이로:0.9,1.9,0.7
17:10:29  자력계:8.550,4.500,19.650
17:10:29  충격값:0.05
17:10:29  충격피크:0.05
17:10:29  마지막충격발생값:0.00
17:10:29  마지막충격발생ms:0
17:10:29  송신:14655
17:10:29  지팡이수신:9893
17:10:29  GPS위성:9
17:10:29  GPS_HDOP:1.11
17:10:29  원시위도:37.495933
17:10:29  원시경도:126.956109
17:10:29  GPS채택:1525
17:10:29  GPS이상치거부:0
17:10:29  GPS품질거부:0
17:10:29  GPS재기준:0
17:10:29  계산거리:-1.00
17:10:29  접근속도:0.00
17:10:29  TTC:999.00
17:10:29  방향오차:0.0
17:10:29  전방여부:0
17:10:29  위험음성횟수:0
17:10:29  충격음성횟수:0
17:10:29  마지막위험음성:0
17:10:29  RSSI원시:-54
17:10:29  RSSI평활:-56.1
17:10:29  RSSI샘플:9893
17:10:29  RSSI경과ms:15
17:10:29  RSSI구간:4
17:10:29  RSSI거리:1.53
17:10:29  상대보정:0
17:10:29  상대보정중:0
17:10:29  보정동쪽:0.00
17:10:29  보정북쪽:0.00
17:10:29  UWB유효:1
17:10:29  UWB원시거리:5.030
17:10:29  UWB보정거리:4.980
17:10:29  UWB접근속도:-0.485
17:10:29  UWB_RSSI:nan
17:10:29  UWB경과ms:40
17:10:29  UWB샘플:7458
17:10:29  UWB실패:165
17:10:29  UWB보정:1
17:10:29  UWB보정중:0
17:10:29  UWB보정샘플:100
17:10:29  UWB보정기준:3.000
17:10:29  UWB오프셋:0.234
17:10:29  UWB위험사용:0
17:10:29  UWB전송:7455
17:10:29  위험송신:0
17:10:29  시각ms:1540027
17:10:29  IMU시각ms:1540026
17:10:29  위험:0
17:10:29  원시위험:0
17:10:29  GPS유효:1
17:10:29  위도:37.495930
17:10:29  경도:126.956113
17:10:29  속도:0.02
17:10:29  방향:290.8
17:10:29  이동방향유효:0
17:10:29  GPS이동방향:290.8
17:10:29  차체방향유효:0
17:10:29  차체방향:0.0
17:10:29  후진판정:0
17:10:29  IMU요회전속도:0.00
17:10:29  방향가속도크기:9.68
17:10:29  방향자이로크기:3.42
17:10:29  방향자세cos:0.9997
17:10:29  자기모델잔차:25.19
17:10:29  자기모델반경:0.938
17:10:29  방향채택:0
17:10:29  방향거부:166173
17:10:29  GPS원시속도:0.021
17:10:29  GPS원시방향유효:1
17:10:29  GPS원시방향:290.8
17:10:29  가속도:-0.37,0.24,9.67
17:10:29  자이로:2.6,-1.6,1.4
17:10:29  자력계:8.850,4.800,19.200
17:10:29  충격값:0.14
17:10:29  충격피크:0.18
17:10:29  마지막충격발생값:0.00
17:10:29  마지막충격발생ms:0
17:10:29  송신:14655
17:10:29  지팡이수신:9893
17:10:29  GPS위성:9
17:10:29  GPS_HDOP:1.11
17:10:29  원시위도:37.495933
17:10:29  원시경도:126.956109
17:10:29  GPS채택:1525
17:10:29  GPS이상치거부:0
17:10:29  GPS품질거부:0
17:10:29  GPS재기준:0
17:10:29  계산거리:-1.00
17:10:29  접근속도:0.00
17:10:29  TTC:999.00
17:10:29  방향오차:0.0
17:10:29  전방여부:0
17:10:29  위험음성횟수:0
17:10:29  충격음성횟수:0
17:10:29  마지막위험음성:0
17:10:29  RSSI원시:-54
17:10:29  RSSI평활:-56.1
17:10:29  RSSI샘플:9893
17:10:29  RSSI경과ms:42
17:10:29  RSSI구간:4
17:10:29  RSSI거리:1.53
17:10:29  상대보정:0
17:10:29  상대보정중:0
17:10:29  보정동쪽:0.00
17:10:29  보정북쪽:0.00
17:10:29  UWB유효:1
17:10:29  UWB원시거리:5.030
17:10:29  UWB보정거리:4.980
17:10:29  UWB접근속도:-0.485
17:10:29  UWB_RSSI:nan
17:10:29  UWB경과ms:67
17:10:29  UWB샘플:7458
17:10:29  UWB실패:165
17:10:29  UWB보정:1
17:10:29  UWB보정중:0
17:10:29  UWB보정샘플:100
17:10:29  UWB보정기준:3.000
17:10:29  UWB오프셋:0.234
17:10:29  UWB위험사용:0
17:10:29  UWB전송:7455
17:10:29  위험송신:0
17:10:29  시각ms:1540053
17:10:29  IMU시각ms:1540053
17:10:29  위험:0
17:10:29  원시위험:0
17:10:29  GPS유효:1
17:10:29  위도:37.495930
17:10:29  경도:126.956113
17:10:29  속도:0.02
17:10:29  방향:290.8
17:10:29  이동방향유효:0
17:10:29  GPS이동방향:290.8
17:10:29  차체방향유효:0
17:10:29  차체방향:0.0
17:10:29  후진판정:0
17:10:29  IMU요회전속도:0.00
17:10:29  방향가속도크기:9.59
17:10:29  방향자이로크기:1.41
17:10:29  방향자세cos:0.9998
17:10:29  자기모델잔차:26.20
17:10:29  자기모델반경:0.935
17:10:29  방향채택:0
17:10:29  방향거부:166176
17:10:29  GPS원시속도:0.021
17:10:29  GPS원시방향유효:1
17:10:29  GPS원시방향:290.8
17:10:29  가속도:-0.40,0.31,9.58
17:10:29  자이로:-0.6,0.7,1.0
17:10:29  자력계:7.200,4.650,20.250
17:10:29  충격값:0.15
17:10:29  충격피크:0.15
17:10:29  마지막충격발생값:0.00
17:10:29  마지막충격발생ms:0
17:10:29  송신:14655
17:10:29  지팡이수신:9893
17:10:29  GPS위성:9
17:10:29  GPS_HDOP:1.11
17:10:29  원시위도:37.495933
17:10:29  원시경도:126.956109
17:10:29  GPS채택:1525
17:10:29  GPS이상치거부:0
17:10:29  GPS품질거부:0
17:10:29  GPS재기준:0
17:10:29  계산거리:-1.00
17:10:29  접근속도:0.00
17:10:29  TTC:999.00
17:10:29  방향오차:0.0
17:10:29  전방여부:0
17:10:29  위험음성횟수:0
17:10:29  충격음성횟수:0
17:10:29  마지막위험음성:0
17:10:29  RSSI원시:-54
17:10:29  RSSI평활:-56.1
17:10:29  RSSI샘플:9893
17:10:29  RSSI경과ms:68
17:10:29  RSSI구간:4
17:10:29  RSSI거리:1.53
17:10:29  상대보정:0
17:10:29  상대보정중:0
17:10:29  보정동쪽:0.00
17:10:29  보정북쪽:0.00
17:10:29  UWB유효:1
17:10:29  UWB원시거리:5.030
17:10:29  UWB보정거리:4.980
17:10:29  UWB접근속도:-0.485
17:10:29  UWB_RSSI:nan
17:10:29  UWB경과ms:93
17:10:29  UWB샘플:7458
17:10:29  UWB실패:165
17:10:29  UWB보정:1
17:10:29  UWB보정중:0
17:10:29  UWB보정샘플:100
17:10:29  UWB보정기준:3.000
17:10:29  UWB오프셋:0.234
17:10:29  UWB위험사용:0
17:10:29  UWB전송:7455
17:10:29  위험송신:0
17:10:29  시각ms:1540074
17:10:29  IMU시각ms:1540074
17:10:29  위험:0
17:10:29  원시위험:0
17:10:29  GPS유효:1
17:10:29  위도:37.495930
17:10:29  경도:126.956113
17:10:29  속도:0.02
17:10:29  방향:290.8
17:10:29  이동방향유효:0
17:10:29  GPS이동방향:290.8
17:10:29  차체방향유효:0
17:10:29  차체방향:0.0
17:10:29  후진판정:0
17:10:29  IMU요회전속도:0.00
17:10:29  방향가속도크기:9.68
17:10:29  방향자이로크기:3.16
17:10:29  방향자세cos:0.9999
17:10:29  자기모델잔차:27.05
17:10:29  자기모델반경:0.949
17:10:29  방향채택:0
17:10:29  방향거부:166178
17:10:29  GPS원시속도:0.021
17:10:29  GPS원시방향유효:1
17:10:29  GPS원시방향:290.8
17:10:29  가속도:-0.40,0.36,9.66
17:10:29  자이로:2.9,-0.7,1.2
17:10:29  자력계:9.450,5.400,21.000
17:10:29  충격값:0.05
17:10:29  충격피크:0.11
17:10:29  마지막충격발생값:0.00
17:10:29  마지막충격발생ms:0
17:10:29  송신:14656
17:10:29  지팡이수신:9893
17:10:29  GPS위성:9
17:10:29  GPS_HDOP:1.11
17:10:29  원시위도:37.495933
17:10:29  원시경도:126.956109
17:10:29  GPS채택:1525
17:10:29  GPS이상치거부:0
17:10:29  GPS품질거부:0
17:10:29  GPS재기준:0
17:10:29  계산거리:-1.00
17:10:29  접근속도:0.00
17:10:29  TTC:999.00
17:10:29  방향오차:0.0
17:10:29  전방여부:0
17:10:29  위험음성횟수:0
17:10:29  충격음성횟수:0
17:10:29  마지막위험음성:0
17:10:29  RSSI원시:-54
17:10:29  RSSI평활:-56.1
17:10:29  RSSI샘플:9893
17:10:29  RSSI경과ms:89
17:10:29  RSSI구간:4
17:10:29  RSSI거리:1.53
17:10:29  상대보정:0
17:10:29  상대보정중:0
17:10:29  보정동쪽:0.00
17:10:29  보정북쪽:0.00
17:10:29  UWB유효:1
17:10:29  UWB원시거리:5.030
17:10:29  UWB보정거리:4.980
17:10:29  UWB접근속도:-0.485
17:10:29  UWB_RSSI:nan
17:10:29  UWB경과ms:114
17:10:29  UWB샘플:7458
17:10:29  UWB실패:165
17:10:29  UWB보정:1
17:10:29  UWB보정중:0
17:10:29  UWB보정샘플:100
17:10:29  UWB보정기준:3.000
17:10:29  UWB오프셋:0.234
17:10:29  UWB위험사용:0
17:10:29  UWB전송:7455
17:10:29  위험송신:0
17:10:29  시각ms:1540100
17:10:29  IMU시각ms:1540099
17:10:29  위험:0
17:10:29  원시위험:0
17:10:29  GPS유효:1
17:10:29  위도:37.495930
17:10:29  경도:126.956113
17:10:29  속도:0.02
17:10:29  방향:290.8
17:10:29  이동방향유효:0
17:10:29  GPS이동방향:290.8
17:10:29  차체방향유효:0
17:10:29  차체방향:0.0
17:10:29  후진판정:0
17:10:29  IMU요회전속도:0.00
17:10:29  방향가속도크기:9.70
17:10:29  방향자이로크기:3.13
17:10:29  방향자세cos:0.9999
17:10:29  자기모델잔차:25.15
17:10:29  자기모델반경:0.929
17:10:29  방향채택:0
17:10:29  방향거부:166181
17:10:29  GPS원시속도:0.021
17:10:29  GPS원시방향유효:1
17:10:29  GPS원시방향:290.8
17:10:29  가속도:-0.44,0.37,9.69
17:10:29  자이로:-0.9,0.7,-2.9
17:10:29  자력계:8.550,4.500,19.200
17:10:29  충격값:0.04
17:10:29  충격피크:0.15
17:10:29  마지막충격발생값:0.00
17:10:29  마지막충격발생ms:0
17:10:29  송신:14656
17:10:29  지팡이수신:9893
17:10:29  GPS위성:9
17:10:29  GPS_HDOP:1.11
17:10:29  원시위도:37.495933
17:10:29  원시경도:126.956109
17:10:29  GPS채택:1525
17:10:29  GPS이상치거부:0
17:10:29  GPS품질거부:0
17:10:29  GPS재기준:0
17:10:29  계산거리:-1.00
17:10:29  접근속도:0.00
17:10:29  TTC:999.00
17:10:29  방향오차:0.0
17:10:29  전방여부:0
17:10:29  위험음성횟수:0
17:10:29  충격음성횟수:0
17:10:29  마지막위험음성:0
17:10:29  RSSI원시:-54
17:10:29  RSSI평활:-56.1
17:10:29  RSSI샘플:9893
17:10:29  RSSI경과ms:115
17:10:29  RSSI구간:4
17:10:29  RSSI거리:1.53
17:10:29  상대보정:0
17:10:29  상대보정중:0
17:10:29  보정동쪽:0.00
17:10:29  보정북쪽:0.00
17:10:29  UWB유효:1
17:10:29  UWB원시거리:5.030
17:10:29  UWB보정거리:4.980
17:10:29  UWB접근속도:-0.485
17:10:29  UWB_RSSI:nan
17:10:29  UWB경과ms:140
17:10:29  UWB샘플:7458
17:10:29  UWB실패:165
17:10:29  UWB보정:1
17:10:29  UWB보정중:0
17:10:29  UWB보정샘플:100
17:10:29  UWB보정기준:3.000
17:10:29  UWB오프셋:0.234
17:10:29  UWB위험사용:0
17:10:29  UWB전송:7455
17:10:29  위험송신:0
17:10:29  시각ms:1540126
17:10:29  IMU시각ms:1540126
17:10:29  위험:0
17:10:29  원시위험:0
17:10:29  GPS유효:1
17:10:29  위도:37.495930
17:10:29  경도:126.956113
17:10:29  속도:0.02
17:10:29  방향:290.8
17:10:29  이동방향유효:0
17:10:29  GPS이동방향:290.8
17:10:29  차체방향유효:0
17:10:29  차체방향:0.0
17:10:29  후진판정:0
17:10:29  IMU요회전속도:0.00
17:10:29  방향가속도크기:9.81
17:10:29  방향자이로크기:2.99
17:10:29  방향자세cos:0.9998
17:10:29  자기모델잔차:25.71
17:10:29  자기모델반경:0.917
17:10:29  방향채택:0
17:10:29  방향거부:166184
17:10:29  GPS원시속도:0.021
17:10:29  GPS원시방향유효:1
17:10:29  GPS원시방향:290.8
17:10:29  가속도:-0.50,0.28,9.79
17:10:29  자이로:2.5,-1.6,-0.2
17:10:29  자력계:8.700,4.200,19.800
17:10:29  충격값:0.15
17:10:29  충격피크:0.15
17:10:29  마지막충격발생값:0.00
17:10:29  마지막충격발생ms:0
17:10:29  송신:14656
17:10:29  지팡이수신:9893
17:10:29  GPS위성:9
17:10:29  GPS_HDOP:1.11
17:10:29  원시위도:37.495933
17:10:29  원시경도:126.956109
17:10:29  GPS채택:1525
17:10:29  GPS이상치거부:0
17:10:29  GPS품질거부:0
17:10:29  GPS재기준:0
17:10:29  계산거리:-1.00
17:10:29  접근속도:0.00
17:10:29  TTC:999.00
17:10:29  방향오차:0.0
17:10:29  전방여부:0
17:10:29  위험음성횟수:0
17:10:29  충격음성횟수:0
17:10:29  마지막위험음성:0
17:10:29  RSSI원시:-54
17:10:29  RSSI평활:-56.1
17:10:29  RSSI샘플:9893
17:10:29  RSSI경과ms:141
17:10:29  RSSI구간:4
17:10:29  RSSI거리:1.53
17:10:29  상대보정:0
17:10:29  상대보정중:0
17:10:29  보정동쪽:0.00
17:10:29  보정북쪽:0.00
17:10:29  UWB유효:1
17:10:29  UWB원시거리:5.030
17:10:29  UWB보정거리:4.980
17:10:29  UWB접근속도:-0.485
17:10:29  UWB_RSSI:nan
17:10:29  UWB경과ms:166
17:10:29  UWB샘플:7458
17:10:29  UWB실패:165
17:10:29  UWB보정:1
17:10:29  UWB보정중:0
17:10:29  UWB보정샘플:100
17:10:29  UWB보정기준:3.000
17:10:29  UWB오프셋:0.234
17:10:29  UWB위험사용:0
17:10:29  UWB전송:7455
17:10:29  위험송신:0
17:10:29  시각ms:1540177
17:10:29  IMU시각ms:1540153
17:10:29  위험:0
17:10:29  원시위험:0
17:10:29  GPS유효:1
17:10:29  위도:37.495930
17:10:29  경도:126.956113
17:10:29  속도:0.02
17:10:29  방향:290.8
17:10:29  이동방향유효:0
17:10:29  GPS이동방향:290.8
17:10:29  차체방향유효:0
17:10:29  차체방향:0.0
17:10:29  후진판정:0
17:10:29  IMU요회전속도:0.00
17:10:29  방향가속도크기:9.65
17:10:29  방향자이로크기:2.36
17:10:29  방향자세cos:0.9999
17:10:29  자기모델잔차:24.48
17:10:29  자기모델반경:0.960
17:10:29  방향채택:0
17:10:29  방향거부:166187
17:10:29  GPS원시속도:0.021
17:10:29  GPS원시방향유효:1
17:10:29  GPS원시방향:290.8
17:10:29  가속도:-0.46,0.37,9.63
17:10:29  자이로:1.2,-2.0,-0.0
17:10:29  자력계:7.350,5.250,18.450
17:10:29  충격값:0.10
17:10:29  충격피크:0.10
17:10:29  마지막충격발생값:0.00
17:10:29  마지막충격발생ms:0
17:10:29  송신:14657
17:10:29  지팡이수신:9893
17:10:29  GPS위성:9
17:10:29  GPS_HDOP:1.11
17:10:29  원시위도:37.495933
17:10:29  원시경도:126.956109
17:10:29  GPS채택:1525
17:10:29  GPS이상치거부:0
17:10:29  GPS품질거부:0
17:10:29  GPS재기준:0
17:10:29  계산거리:-1.00
17:10:29  접근속도:0.00
17:10:29  TTC:999.00
17:10:29  방향오차:0.0
17:10:29  전방여부:0
17:10:29  위험음성횟수:0
17:10:29  충격음성횟수:0
17:10:29  마지막위험음성:0
17:10:29  RSSI원시:-54
17:10:29  RSSI평활:-56.1
17:10:29  RSSI샘플:9893
17:10:29  RSSI경과ms:192
17:10:29  RSSI구간:4
17:10:29  RSSI거리:1.53
17:10:29  상대보정:0
17:10:29  상대보정중:0
17:10:29  보정동쪽:0.00
17:10:29  보정북쪽:0.00
17:10:29  UWB유효:1
17:10:29  UWB원시거리:5.030
17:10:29  UWB보정거리:4.980
17:10:29  UWB접근속도:-0.485
17:10:29  UWB_RSSI:nan
17:10:29  UWB경과ms:217
17:10:29  UWB샘플:7458
17:10:29  UWB실패:165
17:10:29  UWB보정:1
17:10:29  UWB보정중:0
17:10:29  UWB보정샘플:100
17:10:29  UWB보정기준:3.000
17:10:29  UWB오프셋:0.234
17:10:29  UWB위험사용:0
17:10:29  UWB전송:7455
17:10:29  위험송신:0
17:10:29  시각ms:1540191
17:10:29  IMU시각ms:1540187
17:10:29  위험:0
17:10:29  원시위험:0
17:10:29  GPS유효:1
17:10:29  위도:37.495930
17:10:29  경도:126.956113
17:10:29  속도:0.02
17:10:29  방향:290.8
17:10:29  이동방향유효:0
17:10:29  GPS이동방향:290.8
17:10:29  차체방향유효:0
17:10:29  차체방향:0.0
17:10:29  후진판정:0
17:10:29  IMU요회전속도:0.00
17:10:29  방향가속도크기:9.64
17:10:29  방향자이로크기:2.18
17:10:29  방향자세cos:0.9999
17:10:29  자기모델잔차:26.57
17:10:29  자기모델반경:0.940
17:10:29  방향채택:0
17:10:29  방향거부:166188
17:10:29  GPS원시속도:0.021
17:10:29  GPS원시방향유효:1
17:10:29  GPS원시방향:290.8
17:10:29  가속도:-0.49,0.38,9.62
17:10:29  자이로:0.9,-1.1,1.6
17:10:29  자력계:10.200,5.100,20.550
17:10:29  충격값:0.12
17:10:29  충격피크:0.12
17:10:29  마지막충격발생값:0.00
17:10:29  마지막충격발생ms:0
17:10:29  송신:14657
17:10:29  지팡이수신:9893
17:10:29  GPS위성:9
17:10:29  GPS_HDOP:1.11
17:10:29  원시위도:37.495933
17:10:29  원시경도:126.956109
17:10:29  GPS채택:1525
17:10:29  GPS이상치거부:0
17:10:29  GPS품질거부:0
17:10:29  GPS재기준:0
17:10:29  계산거리:-1.00
17:10:29  접근속도:0.00
17:10:29  TTC:999.00
17:10:29  방향오차:0.0
17:10:29  전방여부:0
17:10:29  위험음성횟수:0
17:10:29  충격음성횟수:0
17:10:29  마지막위험음성:0
17:10:29  RSSI원시:-54
17:10:29  RSSI평활:-56.1
17:10:29  RSSI샘플:9893
17:10:29  RSSI경과ms:206
17:10:29  RSSI구간:4
17:10:29  RSSI거리:1.53
17:10:29  상대보정:0
17:10:29  상대보정중:0
17:10:29  보정동쪽:0.00
17:10:29  보정북쪽:0.00
17:10:29  UWB유효:1
17:10:29  UWB원시거리:5.070
17:10:29  UWB보정거리:5.072
17:10:29  UWB접근속도:-0.460
17:10:29  UWB_RSSI:nan
17:10:29  UWB경과ms:0
17:10:29  UWB샘플:7459
17:10:29  UWB실패:165
17:10:29  UWB보정:1
17:10:29  UWB보정중:0
17:10:29  UWB보정샘플:100
17:10:29  UWB보정기준:3.000
17:10:29  UWB오프셋:0.234
17:10:29  UWB위험사용:0
17:10:29  UWB전송:7456
17:10:29  위험송신:0
17:10:29  시각ms:1540219
17:10:29  IMU시각ms:1540219
17:10:29  위험:0
17:10:29  원시위험:0
17:10:29  GPS유효:1
17:10:29  위도:37.495930
17:10:29  경도:126.956113
17:10:29  속도:0.02
17:10:29  방향:290.8
17:10:29  이동방향유효:0
17:10:29  GPS이동방향:290.8
17:10:29  차체방향유효:0
17:10:29  차체방향:0.0
17:10:29  후진판정:0
17:10:29  IMU요회전속도:0.00
17:10:29  방향가속도크기:9.69
17:10:29  방향자이로크기:3.78
17:10:29  방향자세cos:0.9999
17:10:29  자기모델잔차:25.90
17:10:29  자기모델반경:0.924
17:10:29  방향채택:0
17:10:29  방향거부:166191
17:10:29  GPS원시속도:0.021
17:10:29  GPS원시방향유효:1
17:10:29  GPS원시방향:290.8
17:10:29  가속도:-0.42,0.34,9.67
17:10:29  자이로:0.5,2.2,-3.0
17:10:29  자력계:9.600,4.500,19.950
17:10:29  충격값:0.04
17:10:29  충격피크:0.07
17:10:29  마지막충격발생값:0.00
17:10:29  마지막충격발생ms:0
17:10:29  송신:14657
17:10:29  지팡이수신:9894
17:10:29  GPS위성:9
17:10:29  GPS_HDOP:1.11
17:10:29  원시위도:37.495933
17:10:29  원시경도:126.956109
17:10:29  GPS채택:1525
17:10:29  GPS이상치거부:0
17:10:29  GPS품질거부:0
17:10:29  GPS재기준:0
17:10:29  계산거리:-1.00
17:10:29  접근속도:0.00
17:10:29  TTC:999.00
17:10:29  방향오차:0.0
17:10:29  전방여부:0
17:10:29  위험음성횟수:0
17:10:29  충격음성횟수:0
17:10:29  마지막위험음성:0
17:10:29  RSSI원시:-53
17:10:29  RSSI평활:-55.5
17:10:29  RSSI샘플:9894
17:10:29  RSSI경과ms:24
17:10:29  RSSI구간:4
17:10:29  RSSI거리:1.44
17:10:29  상대보정:0
17:10:29  상대보정중:0
17:10:29  보정동쪽:0.00
17:10:29  보정북쪽:0.00
17:10:29  UWB유효:1
17:10:29  UWB원시거리:5.070
17:10:29  UWB보정거리:5.072
17:10:29  UWB접근속도:-0.460
17:10:29  UWB_RSSI:nan
17:10:29  UWB경과ms:28
17:10:29  UWB샘플:7459
17:10:29  UWB실패:165
17:10:29  UWB보정:1
17:10:29  UWB보정중:0
17:10:29  UWB보정샘플:100
17:10:29  UWB보정기준:3.000
17:10:29  UWB오프셋:0.234
17:10:29  UWB위험사용:0
17:10:29  UWB전송:7456
17:10:29  위험송신:0
17:10:29  시각ms:1540244
17:10:29  IMU시각ms:1540244
17:10:29  위험:0
17:10:29  원시위험:0
17:10:29  GPS유효:1
17:10:29  위도:37.495930
17:10:29  경도:126.956113
17:10:29  속도:0.02
17:10:29  방향:290.8
17:10:29  이동방향유효:0
17:10:29  GPS이동방향:290.8
17:10:29  차체방향유효:0
17:10:29  차체방향:0.0
17:10:29  후진판정:0
17:10:29  IMU요회전속도:0.00
17:10:29  방향가속도크기:9.63
17:10:29  방향자이로크기:3.49
17:10:29  방향자세cos:0.9998
17:10:29  자기모델잔차:26.67
17:10:29  자기모델반경:0.935
17:10:29  방향채택:0
17:10:29  방향거부:166194
17:10:29  GPS원시속도:0.021
17:10:29  GPS원시방향유효:1
17:10:29  GPS원시방향:290.8
17:10:29  가속도:-0.32,0.30,9.62
17:10:29  자이로:1.4,2.1,-2.4
17:10:29  자력계:8.100,4.800,20.700
17:10:29  충격값:0.14
17:10:29  충격피크:0.18
17:10:29  마지막충격발생값:0.00
17:10:29  마지막충격발생ms:0
17:10:29  송신:14657
17:10:29  지팡이수신:9894
17:10:29  GPS위성:9
17:10:29  GPS_HDOP:1.11
17:10:29  원시위도:37.495933
17:10:29  원시경도:126.956109
17:10:29  GPS채택:1525
17:10:29  GPS이상치거부:0
17:10:29  GPS품질거부:0
17:10:29  GPS재기준:0
17:10:29  계산거리:-1.00
17:10:29  접근속도:0.00
17:10:29  TTC:999.00
17:10:29  방향오차:0.0
17:10:29  전방여부:0
17:10:29  위험음성횟수:0
17:10:29  충격음성횟수:0
17:10:29  마지막위험음성:0
17:10:29  RSSI원시:-53
17:10:29  RSSI평활:-55.5
17:10:29  RSSI샘플:9894
17:10:29  RSSI경과ms:49
17:10:29  RSSI구간:4
17:10:29  RSSI거리:1.44
17:10:29  상대보정:0
17:10:29  상대보정중:0
17:10:29  보정동쪽:0.00
17:10:29  보정북쪽:0.00
17:10:29  UWB유효:1
17:10:29  UWB원시거리:5.070
17:10:29  UWB보정거리:5.072
17:10:29  UWB접근속도:-0.460
17:10:29  UWB_RSSI:nan
17:10:29  UWB경과ms:53
17:10:29  UWB샘플:7459
17:10:29  UWB실패:165
17:10:29  UWB보정:1
17:10:29  UWB보정중:0
17:10:29  UWB보정샘플:100
17:10:29  UWB보정기준:3.000
17:10:29  UWB오프셋:0.234
17:10:29  UWB위험사용:0
17:10:29  UWB전송:7456
17:10:29  위험송신:0
17:10:29  시각ms:1540272
17:10:29  IMU시각ms:1540271
17:10:29  위험:0
17:10:29  원시위험:0
17:10:29  GPS유효:1
17:10:29  위도:37.495930
17:10:29  경도:126.956113
17:10:29  속도:0.02
17:10:29  방향:290.8
17:10:29  이동방향유효:0
17:10:29  GPS이동방향:290.8
17:10:29  차체방향유효:0
17:10:29  차체방향:0.0
17:10:29  후진판정:0
17:10:29  IMU요회전속도:0.00
17:10:29  방향가속도크기:9.85
17:10:29  방향자이로크기:3.19
17:10:29  방향자세cos:1.0000
17:10:29  자기모델잔차:23.80
17:10:29  자기모델반경:0.892
17:10:29  방향채택:0
17:10:29  방향거부:166197
17:10:29  GPS원시속도:0.021
17:10:29  GPS원시방향유효:1
17:10:29  GPS원시방향:290.8
17:10:29  가속도:-0.35,0.49,9.84
17:10:29  자이로:0.5,1.2,-2.9
17:10:29  자력계:8.400,3.150,18.000
17:10:29  충격값:0.19
17:10:29  충격피크:0.19
17:10:29  마지막충격발생값:0.00
17:10:29  마지막충격발생ms:0
17:10:29  송신:14658
17:10:29  지팡이수신:9894
17:10:29  GPS위성:9
17:10:29  GPS_HDOP:1.11
17:10:29  원시위도:37.495933
17:10:29  원시경도:126.956109
17:10:29  GPS채택:1525
17:10:29  GPS이상치거부:0
17:10:29  GPS품질거부:0
17:10:29  GPS재기준:0
17:10:29  계산거리:-1.00
17:10:29  접근속도:0.00
17:10:29  TTC:999.00
17:10:29  방향오차:0.0
17:10:29  전방여부:0
17:10:29  위험음성횟수:0
17:10:29  충격음성횟수:0
17:10:29  마지막위험음성:0
17:10:29  RSSI원시:-53
17:10:29  RSSI평활:-55.5
17:10:29  RSSI샘플:9894
17:10:29  RSSI경과ms:77
17:10:29  RSSI구간:4
17:10:29  RSSI거리:1.44
17:10:29  상대보정:0
17:10:29  상대보정중:0
17:10:29  보정동쪽:0.00
17:10:29  보정북쪽:0.00
17:10:29  UWB유효:1
17:10:29  UWB원시거리:5.070
17:10:29  UWB보정거리:5.072
17:10:29  UWB접근속도:-0.460
17:10:29  UWB_RSSI:nan
17:10:29  UWB경과ms:81
17:10:29  UWB샘플:7459
17:10:29  UWB실패:165
17:10:29  UWB보정:1
17:10:29  UWB보정중:0
17:10:29  UWB보정샘플:100
17:10:29  UWB보정기준:3.000
17:10:29  UWB오프셋:0.234
17:10:29  UWB위험사용:0
17:10:29  UWB전송:7456
17:10:29  위험송신:0
17:10:29  시각ms:1540297
17:10:29  IMU시각ms:1540297
17:10:29  위험:0
17:10:29  원시위험:0
17:10:29  GPS유효:1
17:10:29  위도:37.495930
17:10:29  경도:126.956113
17:10:29  속도:0.02
17:10:29  방향:290.8
17:10:29  이동방향유효:0
17:10:29  GPS이동방향:290.8
17:10:29  차체방향유효:0
17:10:29  차체방향:0.0
17:10:29  후진판정:0
17:10:29  IMU요회전속도:0.00
17:10:29  방향가속도크기:9.73
17:10:29  방향자이로크기:2.87
17:10:29  방향자세cos:1.0000
17:10:29  자기모델잔차:26.73
17:10:29  자기모델반경:0.945
17:10:29  방향채택:0
17:10:29  방향거부:166200
17:10:29  GPS원시속도:0.021
17:10:29  GPS원시방향유효:1
17:10:29  GPS원시방향:290.8
17:10:29  가속도:-0.40,0.45,9.71
17:10:29  자이로:1.7,-1.3,1.9
17:10:29  자력계:9.600,5.250,20.700
17:10:29  충격값:0.08
17:10:29  충격피크:0.09
17:10:29  마지막충격발생값:0.00
17:10:29  마지막충격발생ms:0
17:10:29  송신:14658
17:10:29  지팡이수신:9894
17:10:29  GPS위성:9
17:10:29  GPS_HDOP:1.11
17:10:29  원시위도:37.495933
17:10:29  원시경도:126.956109
17:10:29  GPS채택:1525
17:10:29  GPS이상치거부:0
17:10:29  GPS품질거부:0
17:10:29  GPS재기준:0
17:10:29  계산거리:-1.00
17:10:29  접근속도:0.00
17:10:29  TTC:999.00
17:10:29  방향오차:0.0
17:10:29  전방여부:0
17:10:29  위험음성횟수:0
17:10:29  충격음성횟수:0
17:10:29  마지막위험음성:0
17:10:29  RSSI원시:-53
17:10:29  RSSI평활:-55.5
17:10:29  RSSI샘플:9894
17:10:29  RSSI경과ms:102
17:10:29  RSSI구간:4
17:10:29  RSSI거리:1.44
17:10:29  상대보정:0
17:10:29  상대보정중:0
17:10:29  보정동쪽:0.00
17:10:29  보정북쪽:0.00
17:10:29  UWB유효:1
17:10:29  UWB원시거리:5.070
17:10:29  UWB보정거리:5.072
17:10:29  UWB접근속도:-0.460
17:10:29  UWB_RSSI:nan
17:10:29  UWB경과ms:106
17:10:29  UWB샘플:7459
17:10:29  UWB실패:165
17:10:29  UWB보정:1
17:10:29  UWB보정중:0
17:10:29  UWB보정샘플:100
17:10:29  UWB보정기준:3.000
17:10:29  UWB오프셋:0.234
17:10:29  UWB위험사용:0
17:10:29  UWB전송:7456
17:10:29  위험송신:0
17:10:29  시각ms:1540323
17:10:29  IMU시각ms:1540323
17:10:29  위험:0
17:10:29  원시위험:0
17:10:29  GPS유효:1
17:10:29  위도:37.495930
17:10:29  경도:126.956113
17:10:29  속도:0.02
17:10:29  방향:290.8
17:10:29  이동방향유효:0
17:10:29  GPS이동방향:290.8
17:10:29  차체방향유효:0
17:10:29  차체방향:0.0
17:10:29  후진판정:0
17:10:29  IMU요회전속도:0.00
17:10:29  방향가속도크기:9.76
17:10:29  방향자이로크기:3.09
17:10:29  방향자세cos:0.9999
17:10:29  자기모델잔차:25.98
17:10:29  자기모델반경:0.953
17:10:29  방향채택:0
17:10:29  방향거부:166203
17:10:29  GPS원시속도:0.021
17:10:29  GPS원시방향유효:1
17:10:29  GPS원시방향:290.8
17:10:29  가속도:-0.43,0.38,9.74
17:10:29  자이로:1.8,-1.8,-1.8
17:10:29  자력계:7.800,5.250,19.950
17:10:29  충격값:0.04
17:10:29  충격피크:0.11
17:10:29  마지막충격발생값:0.00
17:10:29  마지막충격발생ms:0
17:10:29  송신:14658
17:10:29  지팡이수신:9894
17:10:29  GPS위성:9
17:10:29  GPS_HDOP:1.11
17:10:29  원시위도:37.495933
17:10:29  원시경도:126.956109
17:10:29  GPS채택:1525
17:10:29  GPS이상치거부:0
17:10:29  GPS품질거부:0
17:10:29  GPS재기준:0
17:10:29  계산거리:-1.00
17:10:29  접근속도:0.00
17:10:29  TTC:999.00
17:10:29  방향오차:0.0
17:10:29  전방여부:0
17:10:29  위험음성횟수:0
17:10:29  충격음성횟수:0
17:10:29  마지막위험음성:0
17:10:29  RSSI원시:-53
17:10:29  RSSI평활:-55.5
17:10:29  RSSI샘플:9894
17:10:29  RSSI경과ms:128
17:10:29  RSSI구간:4
17:10:29  RSSI거리:1.44
17:10:29  상대보정:0
17:10:29  상대보정중:0
17:10:29  보정동쪽:0.00
17:10:29  보정북쪽:0.00
17:10:29  UWB유효:1
17:10:29  UWB원시거리:5.070
17:10:29  UWB보정거리:5.072
17:10:29  UWB접근속도:-0.460
17:10:29  UWB_RSSI:nan
17:10:29  UWB경과ms:132
17:10:29  UWB샘플:7459
17:10:29  UWB실패:165
17:10:29  UWB보정:1
17:10:29  UWB보정중:0
17:10:29  UWB보정샘플:100
17:10:29  UWB보정기준:3.000
17:10:29  UWB오프셋:0.234
17:10:29  UWB위험사용:0
17:10:29  UWB전송:7456
17:10:29  위험송신:0
17:10:29  시각ms:1540351
17:10:29  IMU시각ms:1540351
17:10:29  위험:0
17:10:29  원시위험:0
17:10:29  GPS유효:1
17:10:29  위도:37.495930
17:10:29  경도:126.956113
17:10:29  속도:0.02
17:10:29  방향:290.8
17:10:29  이동방향유효:0
17:10:29  GPS이동방향:290.8
17:10:29  차체방향유효:0
17:10:29  차체방향:0.0
17:10:29  후진판정:0
17:10:29  IMU요회전속도:0.00
17:10:29  방향가속도크기:9.71
17:10:29  방향자이로크기:3.51
17:10:29  방향자세cos:0.9999
17:10:29  자기모델잔차:25.85
17:10:29  자기모델반경:0.912
17:10:29  방향채택:0
17:10:29  방향거부:166206
17:10:29  GPS원시속도:0.021
17:10:29  GPS원시방향유효:1
17:10:29  GPS원시방향:290.8
17:10:29  가속도:-0.35,0.35,9.70
17:10:29  자이로:1.7,-3.1,0.2
17:10:29  자력계:8.850,4.050,19.950
17:10:29  충격값:0.05
17:10:29  충격피크:0.23
17:10:29  마지막충격발생값:0.00
17:10:29  마지막충격발생ms:0
17:10:29  송신:14658
17:10:29  지팡이수신:9894
17:10:29  GPS위성:9
17:10:29  GPS_HDOP:1.11
17:10:29  원시위도:37.495933
17:10:29  원시경도:126.956109
17:10:29  GPS채택:1525
17:10:29  GPS이상치거부:0
17:10:29  GPS품질거부:0
17:10:29  GPS재기준:0
17:10:29  계산거리:-1.00
17:10:29  접근속도:0.00
17:10:29  TTC:999.00
17:10:29  방향오차:0.0
17:10:29  전방여부:0
17:10:29  위험음성횟수:0
17:10:29  충격음성횟수:0
17:10:29  마지막위험음성:0
17:10:29  RSSI원시:-53
17:10:29  RSSI평활:-55.5
17:10:29  RSSI샘플:9894
17:10:29  RSSI경과ms:156
17:10:29  RSSI구간:4
17:10:29  RSSI거리:1.44
17:10:29  상대보정:0
17:10:29  상대보정중:0
17:10:29  보정동쪽:0.00
17:10:29  보정북쪽:0.00
17:10:29  UWB유효:1
17:10:29  UWB원시거리:5.070
17:10:29  UWB보정거리:5.072
17:10:29  UWB접근속도:-0.460
17:10:29  UWB_RSSI:nan
17:10:29  UWB경과ms:160
17:10:29  UWB샘플:7459
17:10:29  UWB실패:165
17:10:29  UWB보정:1
17:10:29  UWB보정중:0
17:10:29  UWB보정샘플:100
17:10:29  UWB보정기준:3.000
17:10:29  UWB오프셋:0.234
17:10:29  UWB위험사용:0
17:10:29  UWB전송:7456
17:10:29  위험송신:0
17:10:29  시각ms:1540376
17:10:29  IMU시각ms:1540375
17:10:29  위험:0
17:10:29  원시위험:0
17:10:29  GPS유효:1
17:10:29  위도:37.495930
17:10:29  경도:126.956113
17:10:29  속도:0.02
17:10:29  방향:290.8
17:10:29  이동방향유효:0
17:10:29  GPS이동방향:290.8
17:10:29  차체방향유효:0
17:10:29  차체방향:0.0
17:10:29  후진판정:0
17:10:29  IMU요회전속도:0.00
17:10:29  방향가속도크기:9.65
17:10:29  방향자이로크기:4.63
17:10:29  방향자세cos:1.0000
17:10:29  자기모델잔차:26.57
17:10:29  자기모델반경:0.986
17:10:29  방향채택:0
17:10:29  방향거부:166208
17:10:29  GPS원시속도:0.021
17:10:29  GPS원시방향유효:1
17:10:29  GPS원시방향:290.8
17:10:29  가속도:-0.36,0.43,9.63
17:10:29  자이로:2.3,-3.5,1.9
17:10:29  자력계:8.550,6.450,20.400
17:10:29  충격값:0.10
17:10:29  충격피크:0.13
17:10:29  마지막충격발생값:0.00
17:10:29  마지막충격발생ms:0
17:10:29  송신:14659
17:10:29  지팡이수신:9894
17:10:29  GPS위성:9
17:10:29  GPS_HDOP:1.11
17:10:29  원시위도:37.495933
17:10:29  원시경도:126.956109
17:10:29  GPS채택:1525
17:10:29  GPS이상치거부:0
17:10:29  GPS품질거부:0
17:10:29  GPS재기준:0
17:10:29  계산거리:-1.00
17:10:29  접근속도:0.00
17:10:29  TTC:999.00
17:10:29  방향오차:0.0
17:10:29  전방여부:0
17:10:29  위험음성횟수:0
17:10:29  충격음성횟수:0
17:10:29  마지막위험음성:0
17:10:29  RSSI원시:-53
17:10:29  RSSI평활:-55.5
17:10:29  RSSI샘플:9894
17:10:29  RSSI경과ms:181
17:10:29  RSSI구간:4
17:10:29  RSSI거리:1.44
17:10:29  상대보정:0
17:10:29  상대보정중:0
17:10:29  보정동쪽:0.00
17:10:29  보정북쪽:0.00
17:10:29  UWB유효:1
17:10:29  UWB원시거리:5.070
17:10:29  UWB보정거리:5.139
17:10:29  UWB접근속도:-0.437
17:10:29  UWB_RSSI:nan
17:10:29  UWB경과ms:10
17:10:29  UWB샘플:7460
17:10:29  UWB실패:165
17:10:29  UWB보정:1
17:10:29  UWB보정중:0
17:10:29  UWB보정샘플:100
17:10:29  UWB보정기준:3.000
17:10:29  UWB오프셋:0.234
17:10:29  UWB위험사용:0
17:10:29  UWB전송:7457
17:10:29  위험송신:0
17:10:29  시각ms:1540395
17:10:29  IMU시각ms:1540395
17:10:29  위험:0
17:10:29  원시위험:0
17:10:29  GPS유효:1
17:10:29  위도:37.495930
17:10:29  경도:126.956113
17:10:29  속도:0.02
17:10:29  방향:290.8
17:10:29  이동방향유효:0
17:10:29  GPS이동방향:290.8
17:10:29  차체방향유효:0
17:10:29  차체방향:0.0
17:10:29  후진판정:0
17:10:29  IMU요회전속도:0.00
17:10:29  방향가속도크기:9.73
17:10:29  방향자이로크기:0.72
17:10:29  방향자세cos:0.9999
17:10:29  자기모델잔차:26.65
17:10:29  자기모델반경:0.922
17:10:29  방향채택:0
17:10:29  방향거부:166210
17:10:29  GPS원시속도:0.021
17:10:29  GPS원시방향유효:1
17:10:29  GPS원시방향:290.8
17:10:29  가속도:-0.39,0.35,9.72
17:10:29  자이로:0.4,0.6,0.2
17:10:29  자력계:9.300,4.500,20.700
17:10:29  충격값:0.02
17:10:29  충격피크:0.12
17:10:29  마지막충격발생값:0.00
17:10:29  마지막충격발생ms:0
17:10:29  송신:14659
17:10:29  지팡이수신:9894
17:10:29  GPS위성:9
17:10:29  GPS_HDOP:1.11
17:10:29  원시위도:37.495933
17:10:29  원시경도:126.956109
17:10:29  GPS채택:1525
17:10:29  GPS이상치거부:0
17:10:29  GPS품질거부:0
17:10:29  GPS재기준:0
17:10:29  계산거리:-1.00
17:10:29  접근속도:0.00
17:10:29  TTC:999.00
17:10:29  방향오차:0.0
17:10:29  전방여부:0
17:10:29  위험음성횟수:0
17:10:29  충격음성횟수:0
17:10:29  마지막위험음성:0
17:10:29  RSSI원시:-53
17:10:29  RSSI평활:-55.5
17:10:29  RSSI샘플:9894
17:10:29  RSSI경과ms:200
17:10:29  RSSI구간:4
17:10:29  RSSI거리:1.44
17:10:29  상대보정:0
17:10:29  상대보정중:0
17:10:29  보정동쪽:0.00
17:10:29  보정북쪽:0.00
17:10:29  UWB유효:1
17:10:29  UWB원시거리:5.070
17:10:29  UWB보정거리:5.139
17:10:29  UWB접근속도:-0.437
17:10:29  UWB_RSSI:nan
17:10:29  UWB경과ms:29
17:10:29  UWB샘플:7460
17:10:29  UWB실패:165
17:10:29  UWB보정:1
17:10:29  UWB보정중:0
17:10:29  UWB보정샘플:100
17:10:29  UWB보정기준:3.000
17:10:29  UWB오프셋:0.234
17:10:29  UWB위험사용:0
17:10:29  UWB전송:7457
17:10:29  위험송신:0
17:10:30  시각ms:1540420
17:10:30  IMU시각ms:1540420
17:10:30  위험:0
17:10:30  원시위험:0
17:10:30  GPS유효:1
17:10:30  위도:37.495930
17:10:30  경도:126.956113
17:10:30  속도:0.02
17:10:30  방향:290.8
17:10:30  이동방향유효:0
17:10:30  GPS이동방향:290.8
17:10:30  차체방향유효:0
17:10:30  차체방향:0.0
17:10:30  후진판정:0
17:10:30  IMU요회전속도:0.00
17:10:30  방향가속도크기:9.64
17:10:30  방향자이로크기:2.04
17:10:30  방향자세cos:1.0000
17:10:30  자기모델잔차:25.16
17:10:30  자기모델반경:0.972
17:10:30  방향채택:0
17:10:30  방향거부:166213
17:10:30  GPS원시속도:0.021
17:10:30  GPS원시방향유효:1
17:10:30  GPS원시방향:290.8
17:10:30  가속도:-0.45,0.39,9.62
17:10:30  자이로:-0.3,1.9,-0.6
17:10:30  자력계:8.700,5.850,19.050
17:10:30  충격값:0.10
17:10:30  충격피크:0.12
17:10:30  마지막충격발생값:0.00
17:10:30  마지막충격발생ms:0
17:10:30  송신:14659
17:10:30  지팡이수신:9895
17:10:30  GPS위성:9
17:10:30  GPS_HDOP:1.11
17:10:30  원시위도:37.495933
17:10:30  원시경도:126.956109
17:10:30  GPS채택:1525
17:10:30  GPS이상치거부:0
17:10:30  GPS품질거부:0
17:10:30  GPS재기준:0
17:10:30  계산거리:-1.00
17:10:30  접근속도:0.00
17:10:30  TTC:999.00
17:10:30  방향오차:0.0
17:10:30  전방여부:0
17:10:30  위험음성횟수:0
17:10:30  충격음성횟수:0
17:10:30  마지막위험음성:0
17:10:30  RSSI원시:-54
17:10:30  RSSI평활:-55.2
17:10:30  RSSI샘플:9895
17:10:30  RSSI경과ms:15
17:10:30  RSSI구간:4
17:10:30  RSSI거리:1.40
17:10:30  상대보정:0
17:10:30  상대보정중:0
17:10:30  보정동쪽:0.00
17:10:30  보정북쪽:0.00
17:10:30  UWB유효:1
17:10:30  UWB원시거리:5.070
17:10:30  UWB보정거리:5.139
17:10:30  UWB접근속도:-0.437
17:10:30  UWB_RSSI:nan
17:10:30  UWB경과ms:54
17:10:30  UWB샘플:7460
17:10:30  UWB실패:165
17:10:30  UWB보정:1
17:10:30  UWB보정중:0
17:10:30  UWB보정샘플:100
17:10:30  UWB보정기준:3.000
17:10:30  UWB오프셋:0.234
17:10:30  UWB위험사용:0
17:10:30  UWB전송:7457
17:10:30  위험송신:0
17:10:30  시각ms:1540442
17:10:30  IMU시각ms:1540442
17:10:30  위험:0
17:10:30  원시위험:0
17:10:30  GPS유효:1
17:10:30  위도:37.495930
17:10:30  경도:126.956113
17:10:30  속도:0.02
17:10:30  방향:290.8
17:10:30  이동방향유효:0
17:10:30  GPS이동방향:290.8
17:10:30  차체방향유효:0
17:10:30  차체방향:0.0
17:10:30  후진판정:0
17:10:30  IMU요회전속도:0.00
17:10:30  방향가속도크기:9.74
17:10:30  방향자이로크기:2.17
17:10:30  방향자세cos:0.9998
17:10:30  자기모델잔차:25.71
17:10:30  자기모델반경:0.920
17:10:30  방향채택:0
17:10:30  방향거부:166215
17:10:30  GPS원시속도:0.021
17:10:30  GPS원시방향유효:1
17:10:30  GPS원시방향:290.8
17:10:30  가속도:-0.40,0.31,9.73
17:10:30  자이로:0.7,-1.7,1.2
17:10:30  자력계:7.950,4.200,19.800
17:10:30  충격값:0.06
17:10:30  충격피크:0.07
17:10:30  마지막충격발생값:0.00
17:10:30  마지막충격발생ms:0
17:10:30  송신:14659
17:10:30  지팡이수신:9895
17:10:30  GPS위성:9
17:10:30  GPS_HDOP:1.11
17:10:30  원시위도:37.495933
17:10:30  원시경도:126.956109
17:10:30  GPS채택:1525
17:10:30  GPS이상치거부:0
17:10:30  GPS품질거부:0
17:10:30  GPS재기준:0
17:10:30  계산거리:-1.00
17:10:30  접근속도:0.00
17:10:30  TTC:999.00
17:10:30  방향오차:0.0
17:10:30  전방여부:0
17:10:30  위험음성횟수:0
17:10:30  충격음성횟수:0
17:10:30  마지막위험음성:0
17:10:30  RSSI원시:-54
17:10:30  RSSI평활:-55.2
17:10:30  RSSI샘플:9895
17:10:30  RSSI경과ms:37
17:10:30  RSSI구간:4
17:10:30  RSSI거리:1.40
17:10:30  상대보정:0
17:10:30  상대보정중:0
17:10:30  보정동쪽:0.00
17:10:30  보정북쪽:0.00
17:10:30  UWB유효:1
17:10:30  UWB원시거리:5.070
17:10:30  UWB보정거리:5.139
17:10:30  UWB접근속도:-0.437
17:10:30  UWB_RSSI:nan
17:10:30  UWB경과ms:76
17:10:30  UWB샘플:7460
17:10:30  UWB실패:165
17:10:30  UWB보정:1
17:10:30  UWB보정중:0
17:10:30  UWB보정샘플:100
17:10:30  UWB보정기준:3.000
17:10:30  UWB오프셋:0.234
17:10:30  UWB위험사용:0
17:10:30  UWB전송:7457
17:10:30  위험송신:0
17:10:30  시각ms:1540469
17:10:30  IMU시각ms:1540469
17:10:30  위험:0
17:10:30  원시위험:0
17:10:30  GPS유효:1
17:10:30  위도:37.495930
17:10:30  경도:126.956113
17:10:30  속도:0.02
17:10:30  방향:290.8
17:10:30  이동방향유효:0
17:10:30  GPS이동방향:290.8
17:10:30  차체방향유효:0
17:10:30  차체방향:0.0
17:10:30  후진판정:0
17:10:30  IMU요회전속도:0.00
17:10:30  방향가속도크기:9.69
17:10:30  방향자이로크기:2.74
17:10:30  방향자세cos:0.9997
17:10:30  자기모델잔차:26.13
17:10:30  자기모델반경:0.906
17:10:30  방향채택:0
17:10:30  방향거부:166218
17:10:30  GPS원시속도:0.021
17:10:30  GPS원시방향유효:1
17:10:30  GPS원시방향:290.8
17:10:30  가속도:-0.30,0.31,9.68
17:10:30  자이로:0.8,-1.7,1.9
17:10:30  자력계:8.700,3.900,20.250
17:10:30  충격값:0.12
17:10:30  충격피크:0.13
17:10:30  마지막충격발생값:0.00
17:10:30  마지막충격발생ms:0
17:10:30  송신:14659
17:10:30  지팡이수신:9895
17:10:30  GPS위성:9
17:10:30  GPS_HDOP:1.11
17:10:30  원시위도:37.495933
17:10:30  원시경도:126.956109
17:10:30  GPS채택:1525
17:10:30  GPS이상치거부:0
17:10:30  GPS품질거부:0
17:10:30  GPS재기준:0
17:10:30  계산거리:-1.00
17:10:30  접근속도:0.00
17:10:30  TTC:999.00
17:10:30  방향오차:0.0
17:10:30  전방여부:0
17:10:30  위험음성횟수:0
17:10:30  충격음성횟수:0
17:10:30  마지막위험음성:0
17:10:30  RSSI원시:-54
17:10:30  RSSI평활:-55.2
17:10:30  RSSI샘플:9895
17:10:30  RSSI경과ms:64
17:10:30  RSSI구간:4
17:10:30  RSSI거리:1.40
17:10:30  상대보정:0
17:10:30  상대보정중:0
17:10:30  보정동쪽:0.00
17:10:30  보정북쪽:0.00
17:10:30  UWB유효:1
17:10:30  UWB원시거리:5.070
17:10:30  UWB보정거리:5.139
17:10:30  UWB접근속도:-0.437
17:10:30  UWB_RSSI:nan
17:10:30  UWB경과ms:103
17:10:30  UWB샘플:7460
17:10:30  UWB실패:165
17:10:30  UWB보정:1
17:10:30  UWB보정중:0
17:10:30  UWB보정샘플:100
17:10:30  UWB보정기준:3.000
17:10:30  UWB오프셋:0.234
17:10:30  UWB위험사용:0
17:10:30  UWB전송:7457
17:10:30  위험송신:0
17:10:30  시각ms:1540498
17:10:30  IMU시각ms:1540497
17:10:30  위험:0
17:10:30  원시위험:0
17:10:30  GPS유효:1
17:10:30  위도:37.495930
17:10:30  경도:126.956113
17:10:30  속도:0.02
17:10:30  방향:290.8
17:10:30  이동방향유효:0
17:10:30  GPS이동방향:290.8
17:10:30  차체방향유효:0
17:10:30  차체방향:0.0
17:10:30  후진판정:0
17:10:30  IMU요회전속도:0.00
17:10:30  방향가속도크기:9.67
17:10:30  방향자이로크기:1.00
17:10:30  방향자세cos:0.9999
17:10:30  자기모델잔차:25.60
17:10:30  자기모델반경:0.927
17:10:30  방향채택:0
17:10:30  방향거부:166221
17:10:30  GPS원시속도:0.021
17:10:30  GPS원시방향유효:1
17:10:30  GPS원시방향:290.8
17:10:30  가속도:-0.43,0.34,9.65
17:10:30  자이로:0.9,0.3,-0.4
17:10:30  자력계:8.850,4.500,19.650
17:10:30  충격값:0.07
17:10:30  충격피크:0.13
17:10:30  마지막충격발생값:0.00
17:10:30  마지막충격발생ms:0
17:10:30  송신:14660
17:10:30  지팡이수신:9896
17:10:30  GPS위성:9
17:10:30  GPS_HDOP:1.11
17:10:30  원시위도:37.495933
17:10:30  원시경도:126.956109
17:10:30  GPS채택:1525
17:10:30  GPS이상치거부:0
17:10:30  GPS품질거부:0
17:10:30  GPS재기준:0
17:10:30  계산거리:-1.00
17:10:30  접근속도:0.00
17:10:30  TTC:999.00
17:10:30  방향오차:0.0
17:10:30  전방여부:0
17:10:30  위험음성횟수:0
17:10:30  충격음성횟수:0
17:10:30  마지막위험음성:0
17:10:30  RSSI원시:-54
17:10:30  RSSI평활:-55.0
17:10:30  RSSI샘플:9896
17:10:30  RSSI경과ms:1
17:10:30  RSSI구간:4
17:10:30  RSSI거리:1.36
17:10:30  상대보정:0
17:10:30  상대보정중:0
17:10:30  보정동쪽:0.00
17:10:30  보정북쪽:0.00
17:10:30  UWB유효:1
17:10:30  UWB원시거리:5.070
17:10:30  UWB보정거리:5.139
17:10:30  UWB접근속도:-0.437
17:10:30  UWB_RSSI:nan
17:10:30  UWB경과ms:132
17:10:30  UWB샘플:7460
17:10:30  UWB실패:165
17:10:30  UWB보정:1
17:10:30  UWB보정중:0
17:10:30  UWB보정샘플:100
17:10:30  UWB보정기준:3.000
17:10:30  UWB오프셋:0.234
17:10:30  UWB위험사용:0
17:10:30  UWB전송:7457
17:10:30  위험송신:0
17:10:30  시각ms:1540524
17:10:30  IMU시각ms:1540524
17:10:30  위험:0
17:10:30  원시위험:0
17:10:30  GPS유효:1
17:10:30  위도:37.495930
17:10:30  경도:126.956113
17:10:30  속도:0.02
17:10:30  방향:290.8
17:10:30  이동방향유효:0
17:10:30  GPS이동방향:290.8
17:10:30  차체방향유효:0
17:10:30  차체방향:0.0
17:10:30  후진판정:0
17:10:30  IMU요회전속도:0.00
17:10:30  방향가속도크기:9.76
17:10:30  방향자이로크기:3.40
17:10:30  방향자세cos:0.9998
17:10:30  자기모델잔차:26.59
17:10:30  자기모델반경:0.911
17:10:30  방향채택:0
17:10:30  방향거부:166224
17:10:30  GPS원시속도:0.021
17:10:30  GPS원시방향유효:1
17:10:30  GPS원시방향:290.8
17:10:30  가속도:-0.46,0.31,9.74
17:10:30  자이로:-0.2,3.1,-1.4
17:10:30  자력계:8.100,4.050,20.700
17:10:30  충격값:0.09
17:10:30  충격피크:0.12
17:10:30  마지막충격발생값:0.00
17:10:30  마지막충격발생ms:0
17:10:30  송신:14660
17:10:30  지팡이수신:9896
17:10:30  GPS위성:9
17:10:30  GPS_HDOP:1.11
17:10:30  원시위도:37.495933
17:10:30  원시경도:126.956109
17:10:30  GPS채택:1525
17:10:30  GPS이상치거부:0
17:10:30  GPS품질거부:0
17:10:30  GPS재기준:0
17:10:30  계산거리:-1.00
17:10:30  접근속도:0.00
17:10:30  TTC:999.00
17:10:30  방향오차:0.0
17:10:30  전방여부:0
17:10:30  위험음성횟수:0
17:10:30  충격음성횟수:0
17:10:30  마지막위험음성:0
17:10:30  RSSI원시:-54
17:10:30  RSSI평활:-55.0
17:10:30  RSSI샘플:9896
17:10:30  RSSI경과ms:27
17:10:30  RSSI구간:4
17:10:30  RSSI거리:1.36
17:10:30  상대보정:0
17:10:30  상대보정중:0
17:10:30  보정동쪽:0.00
17:10:30  보정북쪽:0.00
17:10:30  UWB유효:1
17:10:30  UWB원시거리:5.070
17:10:30  UWB보정거리:5.139
17:10:30  UWB접근속도:-0.437
17:10:30  UWB_RSSI:nan
17:10:30  UWB경과ms:158
17:10:30  UWB샘플:7460
17:10:30  UWB실패:165
17:10:30  UWB보정:1
17:10:30  UWB보정중:0
17:10:30  UWB보정샘플:100
17:10:30  UWB보정기준:3.000
17:10:30  UWB오프셋:0.234
17:10:30  UWB위험사용:0
17:10:30  UWB전송:7457
17:10:30  위험송신:0
17:10:30  시각ms:1540551
17:10:30  IMU시각ms:1540551
17:10:30  위험:0
17:10:30  원시위험:0
17:10:30  GPS유효:1
17:10:30  위도:37.495930
17:10:30  경도:126.956113
17:10:30  속도:0.02
17:10:30  방향:290.8
17:10:30  이동방향유효:0
17:10:30  GPS이동방향:290.8
17:10:30  차체방향유효:0
17:10:30  차체방향:0.0
17:10:30  후진판정:0
17:10:30  IMU요회전속도:0.00
17:10:30  방향가속도크기:9.76
17:10:30  방향자이로크기:4.06
17:10:30  방향자세cos:0.9999
17:10:30  자기모델잔차:25.41
17:10:30  자기모델반경:0.923
17:10:30  방향채택:0
17:10:30  방향거부:166227
17:10:30  GPS원시속도:0.021
17:10:30  GPS원시방향유효:1
17:10:30  GPS원시방향:290.8
17:10:30  가속도:-0.42,0.32,9.75
17:10:30  자이로:1.7,-3.6,0.9
17:10:30  자력계:7.500,4.200,19.500
17:10:30  충격값:0.07
17:10:30  충격피크:0.15
17:10:30  마지막충격발생값:0.00
17:10:30  마지막충격발생ms:0
17:10:30  송신:14660
17:10:30  지팡이수신:9896
17:10:30  GPS위성:9
17:10:30  GPS_HDOP:1.11
17:10:30  원시위도:37.495933
17:10:30  원시경도:126.956109
17:10:30  GPS채택:1525
17:10:30  GPS이상치거부:0
17:10:30  GPS품질거부:0
17:10:30  GPS재기준:0
17:10:30  계산거리:-1.00
17:10:30  접근속도:0.00
17:10:30  TTC:999.00
17:10:30  방향오차:0.0
17:10:30  전방여부:0
17:10:30  위험음성횟수:0
17:10:30  충격음성횟수:0
17:10:30  마지막위험음성:0
17:10:30  RSSI원시:-54
17:10:30  RSSI평활:-55.0
17:10:30  RSSI샘플:9896
17:10:30  RSSI경과ms:54
17:10:30  RSSI구간:4
17:10:30  RSSI거리:1.36
17:10:30  상대보정:0
17:10:30  상대보정중:0
17:10:30  보정동쪽:0.00
17:10:30  보정북쪽:0.00
17:10:30  UWB유효:1
17:10:30  UWB원시거리:5.070
17:10:30  UWB보정거리:5.139
17:10:30  UWB접근속도:-0.437
17:10:30  UWB_RSSI:nan
17:10:30  UWB경과ms:185
17:10:30  UWB샘플:7460
17:10:30  UWB실패:165
17:10:30  UWB보정:1
17:10:30  UWB보정중:0
17:10:30  UWB보정샘플:100
17:10:30  UWB보정기준:3.000
17:10:30  UWB오프셋:0.234
17:10:30  UWB위험사용:0
17:10:30  UWB전송:7457
17:10:30  위험송신:0
17:10:30  시각ms:1540574
17:10:30  IMU시각ms:1540574
17:10:30  위험:0
17:10:30  원시위험:0
17:10:30  GPS유효:1
17:10:30  위도:37.495930
17:10:30  경도:126.956113
17:10:30  속도:0.02
17:10:30  방향:290.8
17:10:30  이동방향유효:0
17:10:30  GPS이동방향:290.8
17:10:30  차체방향유효:0
17:10:30  차체방향:0.0
17:10:30  후진판정:0
17:10:30  IMU요회전속도:0.00
17:10:30  방향가속도크기:9.60
17:10:30  방향자이로크기:1.20
17:10:30  방향자세cos:0.9998
17:10:30  자기모델잔차:26.49
17:10:30  자기모델반경:0.961
17:10:30  방향채택:0
17:10:30  방향거부:166229
17:10:30  GPS원시속도:0.021
17:10:30  GPS원시방향유효:1
17:10:30  GPS원시방향:290.8
17:10:30  가속도:-0.41,0.30,9.59
17:10:30  자이로:-0.8,-0.8,0.1
17:10:30  자력계:9.300,5.700,20.400
17:10:30  충격값:0.14
17:10:30  충격피크:0.14
17:10:30  마지막충격발생값:0.00
17:10:30  마지막충격발생ms:0
17:10:30  송신:14660
17:10:30  지팡이수신:9896
17:10:30  GPS위성:9
17:10:30  GPS_HDOP:1.11
17:10:30  원시위도:37.495933
17:10:30  원시경도:126.956109
17:10:30  GPS채택:1525
17:10:30  GPS이상치거부:0
17:10:30  GPS품질거부:0
17:10:30  GPS재기준:0
17:10:30  계산거리:-1.00
17:10:30  접근속도:0.00
17:10:30  TTC:999.00
17:10:30  방향오차:0.0
17:10:30  전방여부:0
17:10:30  위험음성횟수:0
17:10:30  충격음성횟수:0
17:10:30  마지막위험음성:0
17:10:30  RSSI원시:-54
17:10:30  RSSI평활:-55.0
17:10:30  RSSI샘플:9896
17:10:30  RSSI경과ms:77
17:10:30  RSSI구간:4
17:10:30  RSSI거리:1.36
17:10:30  상대보정:0
17:10:30  상대보정중:0
17:10:30  보정동쪽:0.00
17:10:30  보정북쪽:0.00
17:10:30  UWB유효:1
17:10:30  UWB원시거리:5.080
17:10:30  UWB보정거리:5.197
17:10:30  UWB접근속도:-0.393
17:10:30  UWB_RSSI:nan
17:10:30  UWB경과ms:9
17:10:30  UWB샘플:7461
17:10:30  UWB실패:165
17:10:30  UWB보정:1
17:10:30  UWB보정중:0
17:10:30  UWB보정샘플:100
17:10:30  UWB보정기준:3.000
17:10:30  UWB오프셋:0.234
17:10:30  UWB위험사용:0
17:10:30  UWB전송:7458
17:10:30  위험송신:0
17:10:30  시각ms:1540628
17:10:30  IMU시각ms:1540627
17:10:30  위험:0
17:10:30  원시위험:0
17:10:30  GPS유효:1
17:10:30  위도:37.495930
17:10:30  경도:126.956113
17:10:30  속도:0.02
17:10:30  방향:290.8
17:10:30  이동방향유효:0
17:10:30  GPS이동방향:290.8
17:10:30  차체방향유효:0
17:10:30  차체방향:0.0
17:10:30  후진판정:0
17:10:30  IMU요회전속도:0.00
17:10:30  방향가속도크기:9.76
17:10:30  방향자이로크기:2.03
17:10:30  방향자세cos:0.9997
17:10:30  자기모델잔차:25.37
17:10:30  자기모델반경:0.869
17:10:30  방향채택:0
17:10:30  방향거부:166235
17:10:30  GPS원시속도:0.021
17:10:30  GPS원시방향유효:1
17:10:30  GPS원시방향:290.8
17:10:30  가속도:-0.24,0.37,9.75
17:10:30  자이로:-0.3,1.5,-1.3
17:10:30  자력계:7.800,2.550,19.650
17:10:30  충격값:0.16
17:10:30  충격피크:0.16
17:10:30  마지막충격발생값:0.00
17:10:30  마지막충격발생ms:0
17:10:30  송신:14661
17:10:30  지팡이수신:9897
17:10:30  GPS위성:9
17:10:30  GPS_HDOP:1.11
17:10:30  원시위도:37.495933
17:10:30  원시경도:126.956109
17:10:30  GPS채택:1525
17:10:30  GPS이상치거부:0
17:10:30  GPS품질거부:0
17:10:30  GPS재기준:0
17:10:30  계산거리:-1.00
17:10:30  접근속도:0.00
17:10:30  TTC:999.00
17:10:30  방향오차:0.0
17:10:30  전방여부:0
17:10:30  위험음성횟수:0
17:10:30  충격음성횟수:0
17:10:30  마지막위험음성:0
17:10:30  RSSI원시:-56
17:10:30  RSSI평활:-55.2
17:10:30  RSSI샘플:9897
17:10:30  RSSI경과ms:5
17:10:30  RSSI구간:4
17:10:30  RSSI거리:1.39
17:10:30  상대보정:0
17:10:30  상대보정중:0
17:10:30  보정동쪽:0.00
17:10:30  보정북쪽:0.00
17:10:30  UWB유효:1
17:10:30  UWB원시거리:5.080
17:10:30  UWB보정거리:5.197
17:10:30  UWB접근속도:-0.393
17:10:30  UWB_RSSI:nan
17:10:30  UWB경과ms:63
17:10:30  UWB샘플:7461
17:10:30  UWB실패:165
17:10:30  UWB보정:1
17:10:30  UWB보정중:0
17:10:30  UWB보정샘플:100
17:10:30  UWB보정기준:3.000
17:10:30  UWB오프셋:0.234
17:10:30  UWB위험사용:0
17:10:30  UWB전송:7458
17:10:30  위험송신:0
17:10:30  시각ms:1540649
17:10:30  IMU시각ms:1540648
17:10:30  위험:0
17:10:30  원시위험:0
17:10:30  GPS유효:1
17:10:30  위도:37.495930
17:10:30  경도:126.956113
17:10:30  속도:0.02
17:10:30  방향:290.8
17:10:30  이동방향유효:0
17:10:30  GPS이동방향:290.8
17:10:30  차체방향유효:0
17:10:30  차체방향:0.0
17:10:30  후진판정:0
17:10:30  IMU요회전속도:0.00
17:10:30  방향가속도크기:9.71
17:10:30  방향자이로크기:1.58
17:10:30  방향자세cos:1.0000
17:10:30  자기모델잔차:25.63
17:10:30  자기모델반경:0.893
17:10:30  방향채택:0
17:10:30  방향거부:166237
17:10:30  GPS원시속도:0.021
17:10:30  GPS원시방향유효:1
17:10:30  GPS원시방향:290.8
17:10:30  가속도:-0.49,0.41,9.69
17:10:30  자이로:1.1,-0.9,-0.7
17:10:30  자력계:9.150,3.450,19.800
17:10:30  충격값:0.10
17:10:30  충격피크:0.10
17:10:30  마지막충격발생값:0.00
17:10:30  마지막충격발생ms:0
17:10:30  송신:14661
17:10:30  지팡이수신:9897
17:10:30  GPS위성:9
17:10:30  GPS_HDOP:1.11
17:10:30  원시위도:37.495933
17:10:30  원시경도:126.956109
17:10:30  GPS채택:1525
17:10:30  GPS이상치거부:0
17:10:30  GPS품질거부:0
17:10:30  GPS재기준:0
17:10:30  계산거리:-1.00
17:10:30  접근속도:0.00
17:10:30  TTC:999.00
17:10:30  방향오차:0.0
17:10:30  전방여부:0
17:10:30  위험음성횟수:0
17:10:30  충격음성횟수:0
17:10:30  마지막위험음성:0
17:10:30  RSSI원시:-56
17:10:30  RSSI평활:-55.2
17:10:30  RSSI샘플:9897
17:10:30  RSSI경과ms:26
17:10:30  RSSI구간:4
17:10:30  RSSI거리:1.39
17:10:30  상대보정:0
17:10:30  상대보정중:0
17:10:30  보정동쪽:0.00
17:10:30  보정북쪽:0.00
17:10:30  UWB유효:1
17:10:30  UWB원시거리:5.080
17:10:30  UWB보정거리:5.197
17:10:30  UWB접근속도:-0.393
17:10:30  UWB_RSSI:nan
17:10:30  UWB경과ms:84
17:10:30  UWB샘플:7461
17:10:30  UWB실패:165
17:10:30  UWB보정:1
17:10:30  UWB보정중:0
17:10:30  UWB보정샘플:100
17:10:30  UWB보정기준:3.000
17:10:30  UWB오프셋:0.234
17:10:30  UWB위험사용:0
17:10:30  UWB전송:7458
17:10:30  위험송신:0
17:10:30  시각ms:1540669
17:10:30  IMU시각ms:1540669
17:10:30  위험:0
17:10:30  원시위험:0
17:10:30  GPS유효:1
17:10:30  위도:37.495930
17:10:30  경도:126.956113
17:10:30  속도:0.02
17:10:30  방향:290.8
17:10:30  이동방향유효:0
17:10:30  GPS이동방향:290.8
17:10:30  차체방향유효:0
17:10:30  차체방향:0.0
17:10:30  후진판정:0
17:10:30  IMU요회전속도:0.00
17:10:30  방향가속도크기:9.76
17:10:30  방향자이로크기:1.79
17:10:30  방향자세cos:0.9999
17:10:30  자기모델잔차:27.04
17:10:30  자기모델반경:0.955
17:10:30  방향채택:0
17:10:30  방향거부:166239
17:10:30  GPS원시속도:0.021
17:10:30  GPS원시방향유효:1
17:10:30  GPS원시방향:290.8
17:10:30  가속도:-0.36,0.34,9.75
17:10:30  자이로:0.1,-1.6,-0.9
17:10:30  자력계:7.500,5.400,21.000
17:10:30  충격값:0.06
17:10:30  충격피크:0.13
17:10:30  마지막충격발생값:0.00
17:10:30  마지막충격발생ms:0
17:10:30  송신:14661
17:10:30  지팡이수신:9897
17:10:30  GPS위성:9
17:10:30  GPS_HDOP:1.11
17:10:30  원시위도:37.495933
17:10:30  원시경도:126.956109
17:10:30  GPS채택:1525
17:10:30  GPS이상치거부:0
17:10:30  GPS품질거부:0
17:10:30  GPS재기준:0
17:10:30  계산거리:-1.00
17:10:30  접근속도:0.00
17:10:30  TTC:999.00
17:10:30  방향오차:0.0
17:10:30  전방여부:0
17:10:30  위험음성횟수:0
17:10:30  충격음성횟수:0
17:10:30  마지막위험음성:0
17:10:30  RSSI원시:-56
17:10:30  RSSI평활:-55.2
17:10:30  RSSI샘플:9897
17:10:30  RSSI경과ms:46
17:10:30  RSSI구간:4
17:10:30  RSSI거리:1.39
17:10:30  상대보정:0
17:10:30  상대보정중:0
17:10:30  보정동쪽:0.00
17:10:30  보정북쪽:0.00
17:10:30  UWB유효:1
17:10:30  UWB원시거리:5.080
17:10:30  UWB보정거리:5.197
17:10:30  UWB접근속도:-0.393
17:10:30  UWB_RSSI:nan
17:10:30  UWB경과ms:104
17:10:30  UWB샘플:7461
17:10:30  UWB실패:165
17:10:30  UWB보정:1
17:10:30  UWB보정중:0
17:10:30  UWB보정샘플:100
17:10:30  UWB보정기준:3.000
17:10:30  UWB오프셋:0.234
17:10:30  UWB위험사용:0
17:10:30  UWB전송:7458
17:10:30  위험송신:0
17:10:30  시각ms:1540697
17:10:30  IMU시각ms:1540697
17:10:30  위험:0
17:10:30  원시위험:0
17:10:30  GPS유효:1
17:10:30  위도:37.495931
17:10:30  경도:126.956112
17:10:30  속도:0.01
17:10:30  방향:290.8
17:10:30  이동방향유효:0
17:10:30  GPS이동방향:290.8
17:10:30  차체방향유효:0
17:10:30  차체방향:0.0
17:10:30  후진판정:0
17:10:30  IMU요회전속도:0.00
17:10:30  방향가속도크기:9.69
17:10:30  방향자이로크기:1.20
17:10:30  방향자세cos:0.9998
17:10:30  자기모델잔차:25.24
17:10:30  자기모델반경:0.951
17:10:30  방향채택:0
17:10:30  방향거부:166242
17:10:30  GPS원시속도:0.010
17:10:30  GPS원시방향유효:1
17:10:30  GPS원시방향:290.8
17:10:30  가속도:-0.49,0.29,9.68
17:10:30  자이로:1.2,0.0,-0.1
17:10:30  자력계:9.300,5.250,19.200
17:10:30  충격값:0.12
17:10:30  충격피크:0.12
17:10:30  마지막충격발생값:0.00
17:10:30  마지막충격발생ms:0
17:10:30  송신:14662
17:10:30  지팡이수신:9897
17:10:30  GPS위성:9
17:10:30  GPS_HDOP:1.11
17:10:30  원시위도:37.495934
17:10:30  원시경도:126.956108
17:10:30  GPS채택:1526
17:10:30  GPS이상치거부:0
17:10:30  GPS품질거부:0
17:10:30  GPS재기준:0
17:10:30  계산거리:-1.00
17:10:30  접근속도:0.00
17:10:30  TTC:999.00
17:10:30  방향오차:0.0
17:10:30  전방여부:0
17:10:30  위험음성횟수:0
17:10:30  충격음성횟수:0
17:10:30  마지막위험음성:0
17:10:30  RSSI원시:-56
17:10:30  RSSI평활:-55.2
17:10:30  RSSI샘플:9897
17:10:30  RSSI경과ms:74
17:10:30  RSSI구간:4
17:10:30  RSSI거리:1.39
17:10:30  상대보정:0
17:10:30  상대보정중:0
17:10:30  보정동쪽:0.00
17:10:30  보정북쪽:0.00
17:10:30  UWB유효:1
17:10:30  UWB원시거리:5.080
17:10:30  UWB보정거리:5.197
17:10:30  UWB접근속도:-0.393
17:10:30  UWB_RSSI:nan
17:10:30  UWB경과ms:132
17:10:30  UWB샘플:7461
17:10:30  UWB실패:165
17:10:30  UWB보정:1
17:10:30  UWB보정중:0
17:10:30  UWB보정샘플:100
17:10:30  UWB보정기준:3.000
17:10:30  UWB오프셋:0.234
17:10:30  UWB위험사용:0
17:10:30  UWB전송:7458
17:10:30  위험송신:0
17:10:30  시각ms:1540774
17:10:30  IMU시각ms:1540774
17:10:30  위험:0
17:10:30  원시위험:0
17:10:30  GPS유효:1
17:10:30  위도:37.495931
17:10:30  경도:126.956112
17:10:30  속도:0.01
17:10:30  방향:290.8
17:10:30  이동방향유효:0
17:10:30  GPS이동방향:290.8
17:10:30  차체방향유효:0
17:10:30  차체방향:0.0
17:10:30  후진판정:0
17:10:30  IMU요회전속도:0.00
17:10:30  방향가속도크기:9.76
17:10:30  방향자이로크기:4.35
17:10:30  방향자세cos:0.9999
17:10:30  자기모델잔차:25.92
17:10:30  자기모델반경:0.942
17:10:30  방향채택:0
17:10:30  방향거부:166250
17:10:30  GPS원시속도:0.010
17:10:30  GPS원시방향유효:1
17:10:30  GPS원시방향:290.8
17:10:30  가속도:-0.44,0.32,9.75
17:10:30  자이로:-0.7,3.0,-3.0
17:10:30  자력계:7.050,4.800,19.950
17:10:30  충격값:0.07
17:10:30  충격피크:0.11
17:10:30  마지막충격발생값:0.00
17:10:30  마지막충격발생ms:0
17:10:30  송신:14662
17:10:30  지팡이수신:9898
17:10:30  GPS위성:9
17:10:30  GPS_HDOP:1.11
17:10:30  원시위도:37.495934
17:10:30  원시경도:126.956108
17:10:30  GPS채택:1526
17:10:30  GPS이상치거부:0
17:10:30  GPS품질거부:0
17:10:30  GPS재기준:0
17:10:30  계산거리:-1.00
17:10:30  접근속도:0.00
17:10:30  TTC:999.00
17:10:30  방향오차:0.0
17:10:30  전방여부:0
17:10:30  위험음성횟수:0
17:10:30  충격음성횟수:0
17:10:30  마지막위험음성:0
17:10:30  RSSI원시:-56
17:10:30  RSSI평활:-55.3
17:10:30  RSSI샘플:9898
17:10:30  RSSI경과ms:25
17:10:30  RSSI구간:4
17:10:30  RSSI거리:1.41
17:10:30  상대보정:0
17:10:30  상대보정중:0
17:10:30  보정동쪽:0.00
17:10:30  보정북쪽:0.00
17:10:30  UWB유효:1
17:10:30  UWB원시거리:5.010
17:10:30  UWB보정거리:5.235
17:10:30  UWB접근속도:-0.331
17:10:30  UWB_RSSI:nan
17:10:30  UWB경과ms:9
17:10:30  UWB샘플:7462
17:10:30  UWB실패:165
17:10:30  UWB보정:1
17:10:30  UWB보정중:0
17:10:30  UWB보정샘플:100
17:10:30  UWB보정기준:3.000
17:10:30  UWB오프셋:0.234
17:10:30  UWB위험사용:0
17:10:30  UWB전송:7459
17:10:30  위험송신:0
17:10:30  시각ms:1540796
17:10:30  IMU시각ms:1540796
17:10:30  위험:0
17:10:30  원시위험:0
17:10:30  GPS유효:1
17:10:30  위도:37.495931
17:10:30  경도:126.956112
17:10:30  속도:0.01
17:10:30  방향:290.8
17:10:30  이동방향유효:0
17:10:30  GPS이동방향:290.8
17:10:30  차체방향유효:0
17:10:30  차체방향:0.0
17:10:30  후진판정:0
17:10:30  IMU요회전속도:0.00
17:10:30  방향가속도크기:9.64
17:10:30  방향자이로크기:1.65
17:10:30  방향자세cos:0.9998
17:10:30  자기모델잔차:25.50
17:10:30  자기모델반경:0.898
17:10:30  방향채택:0
17:10:30  방향거부:166252
17:10:30  GPS원시속도:0.010
17:10:30  GPS원시방향유효:1
17:10:30  GPS원시방향:290.8
17:10:30  가속도:-0.36,0.32,9.62
17:10:30  자이로:-0.7,1.5,0.1
17:10:30  자력계:9.300,3.600,19.650
17:10:30  충격값:0.10
17:10:30  충격피크:0.12
17:10:30  마지막충격발생값:0.00
17:10:30  마지막충격발생ms:0
17:10:30  송신:14663
17:10:30  지팡이수신:9898
17:10:30  GPS위성:9
17:10:30  GPS_HDOP:1.11
17:10:30  원시위도:37.495934
17:10:30  원시경도:126.956108
17:10:30  GPS채택:1526
17:10:30  GPS이상치거부:0
17:10:30  GPS품질거부:0
17:10:30  GPS재기준:0
17:10:30  계산거리:-1.00
17:10:30  접근속도:0.00
17:10:30  TTC:999.00
17:10:30  방향오차:0.0
17:10:30  전방여부:0
17:10:30  위험음성횟수:0
17:10:30  충격음성횟수:0
17:10:30  마지막위험음성:0
17:10:30  RSSI원시:-56
17:10:30  RSSI평활:-55.3
17:10:30  RSSI샘플:9898
17:10:30  RSSI경과ms:47
17:10:30  RSSI구간:4
17:10:30  RSSI거리:1.41
17:10:30  상대보정:0
17:10:30  상대보정중:0
17:10:30  보정동쪽:0.00
17:10:30  보정북쪽:0.00
17:10:30  UWB유효:1
17:10:30  UWB원시거리:5.010
17:10:30  UWB보정거리:5.235
17:10:30  UWB접근속도:-0.331
17:10:30  UWB_RSSI:nan
17:10:30  UWB경과ms:31
17:10:30  UWB샘플:7462
17:10:30  UWB실패:165
17:10:30  UWB보정:1
17:10:30  UWB보정중:0
17:10:30  UWB보정샘플:100
17:10:30  UWB보정기준:3.000
17:10:30  UWB오프셋:0.234
17:10:30  UWB위험사용:0
17:10:30  UWB전송:7459
17:10:30  위험송신:0
17:10:30  시각ms:1540823
17:10:30  IMU시각ms:1540823
17:10:30  위험:0
17:10:30  원시위험:0
17:10:30  GPS유효:1
17:10:30  위도:37.495931
17:10:30  경도:126.956112
17:10:30  속도:0.01
17:10:30  방향:290.8
17:10:30  이동방향유효:0
17:10:30  GPS이동방향:290.8
17:10:30  차체방향유효:0
17:10:30  차체방향:0.0
17:10:30  후진판정:0
17:10:30  IMU요회전속도:0.00
17:10:30  방향가속도크기:9.81
17:10:30  방향자이로크기:1.92
17:10:30  방향자세cos:1.0000
17:10:30  자기모델잔차:25.47
17:10:30  자기모델반경:0.933
17:10:30  방향채택:0
17:10:30  방향거부:166255
17:10:30  GPS원시속도:0.010
17:10:30  GPS원시방향유효:1
17:10:30  GPS원시방향:290.8
17:10:30  가속도:-0.44,0.45,9.79
17:10:30  자이로:-0.3,1.7,-0.8
17:10:30  자력계:8.700,4.650,19.500
17:10:30  충격값:0.13
17:10:30  충격피크:0.14
17:10:30  마지막충격발생값:0.00
17:10:30  마지막충격발생ms:0
17:10:30  송신:14663
17:10:30  지팡이수신:9898
17:10:30  GPS위성:9
17:10:30  GPS_HDOP:1.11
17:10:30  원시위도:37.495934
17:10:30  원시경도:126.956108
17:10:30  GPS채택:1526
17:10:30  GPS이상치거부:0
17:10:30  GPS품질거부:0
17:10:30  GPS재기준:0
17:10:30  계산거리:-1.00
17:10:30  접근속도:0.00
17:10:30  TTC:999.00
17:10:30  방향오차:0.0
17:10:30  전방여부:0
17:10:30  위험음성횟수:0
17:10:30  충격음성횟수:0
17:10:30  마지막위험음성:0
17:10:30  RSSI원시:-56
17:10:30  RSSI평활:-55.3
17:10:30  RSSI샘플:9898
17:10:30  RSSI경과ms:74
17:10:30  RSSI구간:4
17:10:30  RSSI거리:1.41
17:10:30  상대보정:0
17:10:30  상대보정중:0
17:10:30  보정동쪽:0.00
17:10:30  보정북쪽:0.00
17:10:30  UWB유효:1
17:10:30  UWB원시거리:5.010
17:10:30  UWB보정거리:5.235
17:10:30  UWB접근속도:-0.331
17:10:30  UWB_RSSI:nan
17:10:30  UWB경과ms:58
17:10:30  UWB샘플:7462
17:10:30  UWB실패:165
17:10:30  UWB보정:1
17:10:30  UWB보정중:0
17:10:30  UWB보정샘플:100
17:10:30  UWB보정기준:3.000
17:10:30  UWB오프셋:0.234
17:10:30  UWB위험사용:0
17:10:30  UWB전송:7459
17:10:30  위험송신:0
17:10:30  시각ms:1540850
17:10:30  IMU시각ms:1540849
17:10:30  위험:0
17:10:30  원시위험:0
17:10:30  GPS유효:1
17:10:30  위도:37.495931
17:10:30  경도:126.956112
17:10:30  속도:0.01
17:10:30  방향:290.8
17:10:30  이동방향유효:0
17:10:30  GPS이동방향:290.8
17:10:30  차체방향유효:0
17:10:30  차체방향:0.0
17:10:30  후진판정:0
17:10:30  IMU요회전속도:0.00
17:10:30  방향가속도크기:9.81
17:10:30  방향자이로크기:2.23
17:10:30  방향자세cos:0.9998
17:10:30  자기모델잔차:26.56
17:10:30  자기모델반경:0.945
17:10:30  방향채택:0
17:10:30  방향거부:166258
17:10:30  GPS원시속도:0.010
17:10:30  GPS원시방향유효:1
17:10:30  GPS원시방향:290.8
17:10:30  가속도:-0.43,0.30,9.80
17:10:30  자이로:0.6,0.2,-2.1
17:10:30  자력계:7.950,5.100,20.550
17:10:30  충격값:0.11
17:10:30  충격피크:0.11
17:10:30  마지막충격발생값:0.00
17:10:30  마지막충격발생ms:0
17:10:30  송신:14663
17:10:30  지팡이수신:9899
17:10:30  GPS위성:9
17:10:30  GPS_HDOP:1.11
17:10:30  원시위도:37.495934
17:10:30  원시경도:126.956108
17:10:30  GPS채택:1526
17:10:30  GPS이상치거부:0
17:10:30  GPS품질거부:0
17:10:30  GPS재기준:0
17:10:30  계산거리:-1.00
17:10:30  접근속도:0.00
17:10:30  TTC:999.00
17:10:30  방향오차:0.0
17:10:30  전방여부:0
17:10:30  위험음성횟수:0
17:10:30  충격음성횟수:0
17:10:30  마지막위험음성:0
17:10:30  RSSI원시:-56
17:10:30  RSSI평활:-55.5
17:10:30  RSSI샘플:9899
17:10:30  RSSI경과ms:2
17:10:30  RSSI구간:4
17:10:30  RSSI거리:1.43
17:10:30  상대보정:0
17:10:30  상대보정중:0
17:10:30  보정동쪽:0.00
17:10:30  보정북쪽:0.00
17:10:30  UWB유효:1
17:10:30  UWB원시거리:5.010
17:10:30  UWB보정거리:5.235
17:10:30  UWB접근속도:-0.331
17:10:30  UWB_RSSI:nan
17:10:30  UWB경과ms:85
17:10:30  UWB샘플:7462
17:10:30  UWB실패:165
17:10:30  UWB보정:1
17:10:30  UWB보정중:0
17:10:30  UWB보정샘플:100
17:10:30  UWB보정기준:3.000
17:10:30  UWB오프셋:0.234
17:10:30  UWB위험사용:0
17:10:30  UWB전송:7459
17:10:30  위험송신:0
17:10:30  시각ms:1540898
17:10:30  IMU시각ms:1540898
17:10:30  위험:0
17:10:30  원시위험:0
17:10:30  GPS유효:1
17:10:30  위도:37.495931
17:10:30  경도:126.956112
17:10:30  속도:0.01
17:10:30  방향:290.8
17:10:30  이동방향유효:0
17:10:30  GPS이동방향:290.8
17:10:30  차체방향유효:0
17:10:30  차체방향:0.0
17:10:30  후진판정:0
17:10:30  IMU요회전속도:0.00
17:10:30  방향가속도크기:9.73
17:10:30  방향자이로크기:2.34
17:10:30  방향자세cos:0.9999
17:10:30  자기모델잔차:27.05
17:10:30  자기모델반경:0.948
17:10:30  방향채택:0
17:10:30  방향거부:166263
17:10:30  GPS원시속도:0.010
17:10:30  GPS원시방향유효:1
17:10:30  GPS원시방향:290.8
17:10:30  가속도:-0.45,0.33,9.71
17:10:30  자이로:1.8,-1.5,-0.3
17:10:30  자력계:10.200,5.400,21.000
17:10:30  충격값:0.05
17:10:30  충격피크:0.05
17:10:30  마지막충격발생값:0.00
17:10:30  마지막충격발생ms:0
17:10:30  송신:14664
17:10:30  지팡이수신:9899
17:10:30  GPS위성:9
17:10:30  GPS_HDOP:1.11
17:10:30  원시위도:37.495934
17:10:30  원시경도:126.956108
17:10:30  GPS채택:1526
17:10:30  GPS이상치거부:0
17:10:30  GPS품질거부:0
17:10:30  GPS재기준:0
17:10:30  계산거리:-1.00
17:10:30  접근속도:0.00
17:10:30  TTC:999.00
17:10:30  방향오차:0.0
17:10:30  전방여부:0
17:10:30  위험음성횟수:0
17:10:30  충격음성횟수:0
17:10:30  마지막위험음성:0
17:10:30  RSSI원시:-56
17:10:30  RSSI평활:-55.5
17:10:30  RSSI샘플:9899
17:10:30  RSSI경과ms:50
17:10:30  RSSI구간:4
17:10:30  RSSI거리:1.43
17:10:30  상대보정:0
17:10:30  상대보정중:0
17:10:30  보정동쪽:0.00
17:10:30  보정북쪽:0.00
17:10:30  UWB유효:1
17:10:30  UWB원시거리:5.010
17:10:30  UWB보정거리:5.235
17:10:30  UWB접근속도:-0.331
17:10:30  UWB_RSSI:nan
17:10:30  UWB경과ms:133
17:10:30  UWB샘플:7462
17:10:30  UWB실패:165
17:10:30  UWB보정:1
17:10:30  UWB보정중:0
17:10:30  UWB보정샘플:100
17:10:30  UWB보정기준:3.000
17:10:30  UWB오프셋:0.234
17:10:30  UWB위험사용:0
17:10:30  UWB전송:7459
17:10:30  위험송신:0
17:10:30  시각ms:1540924
17:10:30  IMU시각ms:1540923
17:10:30  위험:0
17:10:30  원시위험:0
17:10:30  GPS유효:1
17:10:30  위도:37.495931
17:10:30  경도:126.956112
17:10:30  속도:0.01
17:10:30  방향:290.8
17:10:30  이동방향유효:0
17:10:30  GPS이동방향:290.8
17:10:30  차체방향유효:0
17:10:30  차체방향:0.0
17:10:30  후진판정:0
17:10:30  IMU요회전속도:0.00
17:10:30  방향가속도크기:9.59
17:10:30  방향자이로크기:1.98
17:10:30  방향자세cos:0.9998
17:10:30  자기모델잔차:24.41
17:10:30  자기모델반경:0.930
17:10:30  방향채택:0
17:10:30  방향거부:166266
17:10:30  GPS원시속도:0.010
17:10:30  GPS원시방향유효:1
17:10:30  GPS원시방향:290.8
17:10:30  가속도:-0.45,0.31,9.58
17:10:30  자이로:-0.3,-0.4,-1.9
17:10:30  자력계:9.300,4.500,18.450
17:10:30  충격값:0.14
17:10:30  충격피크:0.14
17:10:30  마지막충격발생값:0.00
17:10:30  마지막충격발생ms:0
17:10:30  송신:14664
17:10:30  지팡이수신:9899
17:10:30  GPS위성:9
17:10:30  GPS_HDOP:1.11
17:10:30  원시위도:37.495934
17:10:30  원시경도:126.956108
17:10:30  GPS채택:1526
17:10:30  GPS이상치거부:0
17:10:30  GPS품질거부:0
17:10:30  GPS재기준:0
17:10:30  계산거리:-1.00
17:10:30  접근속도:0.00
17:10:30  TTC:999.00
17:10:30  방향오차:0.0
17:10:30  전방여부:0
17:10:30  위험음성횟수:0
17:10:30  충격음성횟수:0
17:10:30  마지막위험음성:0
17:10:30  RSSI원시:-56
17:10:30  RSSI평활:-55.5
17:10:30  RSSI샘플:9899
17:10:30  RSSI경과ms:76
17:10:30  RSSI구간:4
17:10:30  RSSI거리:1.43
17:10:30  상대보정:0
17:10:30  상대보정중:0
17:10:30  보정동쪽:0.00
17:10:30  보정북쪽:0.00
17:10:30  UWB유효:1
17:10:30  UWB원시거리:5.010
17:10:30  UWB보정거리:5.235
17:10:30  UWB접근속도:-0.331
17:10:30  UWB_RSSI:nan
17:10:30  UWB경과ms:159
17:10:30  UWB샘플:7462
17:10:30  UWB실패:165
17:10:30  UWB보정:1
17:10:30  UWB보정중:0
17:10:30  UWB보정샘플:100
17:10:30  UWB보정기준:3.000
17:10:30  UWB오프셋:0.234
17:10:30  UWB위험사용:0
17:10:30  UWB전송:7459
17:10:30  위험송신:0
17:10:30  시각ms:1541004
17:10:30  IMU시각ms:1541004
17:10:30  위험:0
17:10:30  원시위험:0
17:10:30  GPS유효:1
17:10:30  위도:37.495931
17:10:30  경도:126.956112
17:10:30  속도:0.01
17:10:30  방향:290.8
17:10:30  이동방향유효:0
17:10:30  GPS이동방향:290.8
17:10:30  차체방향유효:0
17:10:30  차체방향:0.0
17:10:30  후진판정:0
17:10:30  IMU요회전속도:0.00
17:10:30  방향가속도크기:9.81
17:10:30  방향자이로크기:3.54
17:10:30  방향자세cos:1.0000
17:10:30  자기모델잔차:26.20
17:10:30  자기모델반경:0.934
17:10:30  방향채택:0
17:10:30  방향거부:166274
17:10:30  GPS원시속도:0.010
17:10:30  GPS원시방향유효:1
17:10:30  GPS원시방향:290.8
17:10:30  가속도:-0.41,0.43,9.79
17:10:30  자이로:2.8,1.3,-1.7
17:10:30  자력계:7.500,4.650,20.250
17:10:30  충격값:0.10
17:10:30  충격피크:0.18
17:10:30  마지막충격발생값:0.00
17:10:30  마지막충격발생ms:0
17:10:30  송신:14665
17:10:30  지팡이수신:9900
17:10:30  GPS위성:9
17:10:30  GPS_HDOP:1.11
17:10:30  원시위도:37.495934
17:10:30  원시경도:126.956108
17:10:30  GPS채택:1526
17:10:30  GPS이상치거부:0
17:10:30  GPS품질거부:0
17:10:30  GPS재기준:0
17:10:30  계산거리:-1.00
17:10:30  접근속도:0.00
17:10:30  TTC:999.00
17:10:30  방향오차:0.0
17:10:30  전방여부:0
17:10:30  위험음성횟수:0
17:10:30  충격음성횟수:0
17:10:30  마지막위험음성:0
17:10:30  RSSI원시:-58
17:10:30  RSSI평활:-56.0
17:10:30  RSSI샘플:9900
17:10:30  RSSI경과ms:70
17:10:30  RSSI구간:4
17:10:30  RSSI거리:1.50
17:10:30  상대보정:0
17:10:30  상대보정중:0
17:10:30  보정동쪽:0.00
17:10:30  보정북쪽:0.00
17:10:30  UWB유효:1
17:10:30  UWB원시거리:5.000
17:10:30  UWB보정거리:5.259
17:10:30  UWB접근속도:-0.268
17:10:30  UWB_RSSI:nan
17:10:30  UWB경과ms:37
17:10:30  UWB샘플:7463
17:10:30  UWB실패:165
17:10:30  UWB보정:1
17:10:30  UWB보정중:0
17:10:30  UWB보정샘플:100
17:10:30  UWB보정기준:3.000
17:10:30  UWB오프셋:0.234
17:10:30  UWB위험사용:0
17:10:30  UWB전송:7460
17:10:30  위험송신:0
17:10:30  시각ms:1541031
17:10:30  IMU시각ms:1541030
17:10:30  위험:0
17:10:30  원시위험:0
17:10:30  GPS유효:1
17:10:30  위도:37.495931
17:10:30  경도:126.956112
17:10:30  속도:0.01
17:10:30  방향:290.8
17:10:30  이동방향유효:0
17:10:30  GPS이동방향:290.8
17:10:30  차체방향유효:0
17:10:30  차체방향:0.0
17:10:30  후진판정:0
17:10:30  IMU요회전속도:0.00
17:10:30  방향가속도크기:9.77
17:10:30  방향자이로크기:4.54
17:10:30  방향자세cos:0.9999
17:10:30  자기모델잔차:25.71
17:10:30  자기모델반경:0.917
17:10:30  방향채택:0
17:10:30  방향거부:166277
17:10:30  GPS원시속도:0.010
17:10:30  GPS원시방향유효:1
17:10:30  GPS원시방향:290.8
17:10:30  가속도:-0.44,0.37,9.75
17:10:30  자이로:2.7,3.0,2.1
17:10:30  자력계:8.700,4.200,19.800
17:10:30  충격값:0.05
17:10:30  충격피크:0.10
17:10:30  마지막충격발생값:0.00
17:10:30  마지막충격발생ms:0
17:10:30  송신:14665
17:10:30  지팡이수신:9900
17:10:30  GPS위성:9
17:10:30  GPS_HDOP:1.11
17:10:30  원시위도:37.495934
17:10:30  원시경도:126.956108
17:10:30  GPS채택:1526
17:10:30  GPS이상치거부:0
17:10:30  GPS품질거부:0
17:10:30  GPS재기준:0
17:10:30  계산거리:-1.00
17:10:30  접근속도:0.00
17:10:30  TTC:999.00
17:10:30  방향오차:0.0
17:10:30  전방여부:0
17:10:30  위험음성횟수:0
17:10:30  충격음성횟수:0
17:10:30  마지막위험음성:0
17:10:30  RSSI원시:-58
17:10:30  RSSI평활:-56.0
17:10:30  RSSI샘플:9900
17:10:30  RSSI경과ms:97
17:10:30  RSSI구간:4
17:10:30  RSSI거리:1.50
17:10:30  상대보정:0
17:10:30  상대보정중:0
17:10:30  보정동쪽:0.00
17:10:30  보정북쪽:0.00
17:10:30  UWB유효:1
17:10:30  UWB원시거리:5.000
17:10:30  UWB보정거리:5.259
17:10:30  UWB접근속도:-0.268
17:10:30  UWB_RSSI:nan
17:10:30  UWB경과ms:64
17:10:30  UWB샘플:7463
17:10:30  UWB실패:165
17:10:30  UWB보정:1
17:10:30  UWB보정중:0
17:10:30  UWB보정샘플:100
17:10:30  UWB보정기준:3.000
17:10:30  UWB오프셋:0.234
17:10:30  UWB위험사용:0
17:10:30  UWB전송:7460
17:10:30  위험송신:0
17:10:30  시각ms:1541053
17:10:30  IMU시각ms:1541053
17:10:30  위험:0
17:10:30  원시위험:0
17:10:30  GPS유효:1
17:10:30  위도:37.495931
17:10:30  경도:126.956112
17:10:30  속도:0.01
17:10:30  방향:290.8
17:10:30  이동방향유효:0
17:10:30  GPS이동방향:290.8
17:10:30  차체방향유효:0
17:10:30  차체방향:0.0
17:10:30  후진판정:0
17:10:30  IMU요회전속도:0.00
17:10:30  방향가속도크기:9.59
17:10:30  방향자이로크기:3.63
17:10:30  방향자세cos:0.9999
17:10:30  자기모델잔차:27.21
17:10:30  자기모델반경:0.911
17:10:30  방향채택:0
17:10:30  방향거부:166279
17:10:30  GPS원시속도:0.010
17:10:30  GPS원시방향유효:1
17:10:30  GPS원시방향:290.8
17:10:30  가속도:-0.39,0.38,9.58
17:10:30  자이로:0.8,-3.5,-0.1
17:10:30  자력계:9.150,4.200,21.300
17:10:30  충격값:0.13
17:10:30  충격피크:0.13
17:10:30  마지막충격발생값:0.00
17:10:30  마지막충격발생ms:0
17:10:30  송신:14665
17:10:30  지팡이수신:9901
17:10:30  GPS위성:9
17:10:30  GPS_HDOP:1.11
17:10:30  원시위도:37.495934
17:10:30  원시경도:126.956108
17:10:30  GPS채택:1526
17:10:30  GPS이상치거부:0
17:10:30  GPS품질거부:0
17:10:30  GPS재기준:0
17:10:30  계산거리:-1.00
17:10:30  접근속도:0.00
17:10:30  TTC:999.00
17:10:30  방향오차:0.0
17:10:30  전방여부:0
17:10:30  위험음성횟수:0
17:10:30  충격음성횟수:0
17:10:30  마지막위험음성:0
17:10:30  RSSI원시:-58
17:10:30  RSSI평활:-56.4
17:10:30  RSSI샘플:9901
17:10:30  RSSI경과ms:17
17:10:30  RSSI구간:4
17:10:30  RSSI거리:1.56
17:10:30  상대보정:0
17:10:30  상대보정중:0
17:10:30  보정동쪽:0.00
17:10:30  보정북쪽:0.00
17:10:30  UWB유효:1
17:10:30  UWB원시거리:5.000
17:10:30  UWB보정거리:5.259
17:10:30  UWB접근속도:-0.268
17:10:30  UWB_RSSI:nan
17:10:30  UWB경과ms:86
17:10:30  UWB샘플:7463
17:10:30  UWB실패:165
17:10:30  UWB보정:1
17:10:30  UWB보정중:0
17:10:30  UWB보정샘플:100
17:10:30  UWB보정기준:3.000
17:10:30  UWB오프셋:0.234
17:10:30  UWB위험사용:0
17:10:30  UWB전송:7460
17:10:30  위험송신:0
17:10:30  시각ms:1541078
17:10:30  IMU시각ms:1541078
17:10:30  위험:0
17:10:30  원시위험:0
17:10:30  GPS유효:1
17:10:30  위도:37.495931
17:10:30  경도:126.956112
17:10:30  속도:0.01
17:10:30  방향:290.8
17:10:30  이동방향유효:0
17:10:30  GPS이동방향:290.8
17:10:30  차체방향유효:0
17:10:30  차체방향:0.0
17:10:30  후진판정:0
17:10:30  IMU요회전속도:0.00
17:10:30  방향가속도크기:9.66
17:10:30  방향자이로크기:2.42
17:10:30  방향자세cos:0.9999
17:10:30  자기모델잔차:24.93
17:10:30  자기모델반경:0.911
17:10:30  방향채택:0
17:10:30  방향거부:166282
17:10:30  GPS원시속도:0.010
17:10:30  GPS원시방향유효:1
17:10:30  GPS원시방향:290.8
17:10:30  가속도:-0.48,0.33,9.64
17:10:30  자이로:-0.6,2.3,-0.3
17:10:30  자력계:8.700,3.900,19.050
17:10:30  충격값:0.10
17:10:30  충격피크:0.10
17:10:30  마지막충격발생값:0.00
17:10:30  마지막충격발생ms:0
17:10:30  송신:14665
17:10:30  지팡이수신:9901
17:10:30  GPS위성:9
17:10:30  GPS_HDOP:1.11
17:10:30  원시위도:37.495934
17:10:30  원시경도:126.956108
17:10:30  GPS채택:1526
17:10:30  GPS이상치거부:0
17:10:30  GPS품질거부:0
17:10:30  GPS재기준:0
17:10:30  계산거리:-1.00
17:10:30  접근속도:0.00
17:10:30  TTC:999.00
17:10:30  방향오차:0.0
17:10:30  전방여부:0
17:10:30  위험음성횟수:0
17:10:30  충격음성횟수:0
17:10:30  마지막위험음성:0
17:10:30  RSSI원시:-58
17:10:30  RSSI평활:-56.4
17:10:30  RSSI샘플:9901
17:10:30  RSSI경과ms:42
17:10:30  RSSI구간:4
17:10:30  RSSI거리:1.56
17:10:30  상대보정:0
17:10:30  상대보정중:0
17:10:30  보정동쪽:0.00
17:10:30  보정북쪽:0.00
17:10:30  UWB유효:1
17:10:30  UWB원시거리:5.000
17:10:30  UWB보정거리:5.259
17:10:30  UWB접근속도:-0.268
17:10:30  UWB_RSSI:nan
17:10:30  UWB경과ms:111
17:10:30  UWB샘플:7463
17:10:30  UWB실패:165
17:10:30  UWB보정:1
17:10:30  UWB보정중:0
17:10:30  UWB보정샘플:100
17:10:30  UWB보정기준:3.000
17:10:30  UWB오프셋:0.234
17:10:30  UWB위험사용:0
17:10:30  UWB전송:7460
17:10:30  위험송신:0
17:10:30  시각ms:1541107
17:10:30  IMU시각ms:1541107
17:10:30  위험:0
17:10:30  원시위험:0
17:10:30  GPS유효:1
17:10:30  위도:37.495931
17:10:30  경도:126.956112
17:10:30  속도:0.01
17:10:30  방향:290.8
17:10:30  이동방향유효:0
17:10:30  GPS이동방향:290.8
17:10:30  차체방향유효:0
17:10:30  차체방향:0.0
17:10:30  후진판정:0
17:10:30  IMU요회전속도:0.00
17:10:30  방향가속도크기:9.82
17:10:30  방향자이로크기:2.21
17:10:30  방향자세cos:0.9999
17:10:30  자기모델잔차:26.79
17:10:30  자기모델반경:0.877
17:10:30  방향채택:0
17:10:30  방향거부:166285
17:10:30  GPS원시속도:0.010
17:10:30  GPS원시방향유효:1
17:10:30  GPS원시방향:290.8
17:10:30  가속도:-0.45,0.38,9.80
17:10:30  자이로:0.7,0.2,-2.1
17:10:30  자력계:9.900,3.150,21.000
17:10:30  충격값:0.11
17:10:30  충격피크:0.15
17:10:30  마지막충격발생값:0.00
17:10:30  마지막충격발생ms:0
17:10:30  송신:14666
17:10:30  지팡이수신:9901
17:10:30  GPS위성:9
17:10:30  GPS_HDOP:1.11
17:10:30  원시위도:37.495934
17:10:30  원시경도:126.956108
17:10:30  GPS채택:1526
17:10:30  GPS이상치거부:0
17:10:30  GPS품질거부:0
17:10:30  GPS재기준:0
17:10:30  계산거리:-1.00
17:10:30  접근속도:0.00
17:10:30  TTC:999.00
17:10:30  방향오차:0.0
17:10:30  전방여부:0
17:10:30  위험음성횟수:0
17:10:30  충격음성횟수:0
17:10:30  마지막위험음성:0
17:10:30  RSSI원시:-58
17:10:30  RSSI평활:-56.4
17:10:30  RSSI샘플:9901
17:10:30  RSSI경과ms:71
17:10:30  RSSI구간:4
17:10:30  RSSI거리:1.56
17:10:30  상대보정:0
17:10:30  상대보정중:0
17:10:30  보정동쪽:0.00
17:10:30  보정북쪽:0.00
17:10:30  UWB유효:1
17:10:30  UWB원시거리:5.000
17:10:30  UWB보정거리:5.259
17:10:30  UWB접근속도:-0.268
17:10:30  UWB_RSSI:nan
17:10:30  UWB경과ms:140
17:10:30  UWB샘플:7463
17:10:30  UWB실패:165
17:10:30  UWB보정:1
17:10:30  UWB보정중:0
17:10:30  UWB보정샘플:100
17:10:30  UWB보정기준:3.000
17:10:30  UWB오프셋:0.234
17:10:30  UWB위험사용:0
17:10:30  UWB전송:7460
17:10:30  위험송신:0
17:10:30  시각ms:1541208
17:10:30  IMU시각ms:1541208
17:10:30  위험:0
17:10:30  원시위험:0
17:10:30  GPS유효:1
17:10:30  위도:37.495931
17:10:30  경도:126.956112
17:10:30  속도:0.01
17:10:30  방향:290.8
17:10:30  이동방향유효:0
17:10:30  GPS이동방향:290.8
17:10:30  차체방향유효:0
17:10:30  차체방향:0.0
17:10:30  후진판정:0
17:10:30  IMU요회전속도:0.00
17:10:30  방향가속도크기:9.83
17:10:30  방향자이로크기:2.56
17:10:30  방향자세cos:0.9999
17:10:30  자기모델잔차:27.11
17:10:30  자기모델반경:0.891
17:10:30  방향채택:0
17:10:30  방향거부:166293
17:10:30  GPS원시속도:0.010
17:10:30  GPS원시방향유효:1
17:10:30  GPS원시방향:290.8
17:10:30  가속도:-0.41,0.35,9.82
17:10:30  자이로:-1.5,0.1,-2.0
17:10:30  자력계:7.950,3.450,21.300
17:10:30  충격값:0.11
17:10:30  충격피크:0.11
17:10:30  마지막충격발생값:0.00
17:10:30  마지막충격발생ms:0
17:10:30  송신:14667
17:10:30  지팡이수신:9902
17:10:30  GPS위성:9
17:10:30  GPS_HDOP:1.11
17:10:30  원시위도:37.495934
17:10:30  원시경도:126.956108
17:10:30  GPS채택:1526
17:10:30  GPS이상치거부:0
17:10:30  GPS품질거부:0
17:10:30  GPS재기준:0
17:10:30  계산거리:-1.00
17:10:30  접근속도:0.00
17:10:30  TTC:999.00
17:10:30  방향오차:0.0
17:10:30  전방여부:0
17:10:30  위험음성횟수:0
17:10:30  충격음성횟수:0
17:10:30  마지막위험음성:0
17:10:30  RSSI원시:-60
17:10:30  RSSI평활:-57.1
17:10:30  RSSI샘플:9902
17:10:30  RSSI경과ms:55
17:10:30  RSSI구간:4
17:10:30  RSSI거리:1.67
17:10:30  상대보정:0
17:10:30  상대보정중:0
17:10:30  보정동쪽:0.00
17:10:30  보정북쪽:0.00
17:10:30  UWB유효:1
17:10:30  UWB원시거리:5.040
17:10:30  UWB보정거리:5.264
17:10:30  UWB접근속도:-0.196
17:10:30  UWB_RSSI:nan
17:10:30  UWB경과ms:44
17:10:30  UWB샘플:7464
17:10:30  UWB실패:165
17:10:30  UWB보정:1
17:10:30  UWB보정중:0
17:10:30  UWB보정샘플:100
17:10:30  UWB보정기준:3.000
17:10:30  UWB오프셋:0.234
17:10:30  UWB위험사용:0
17:10:30  UWB전송:7461
17:10:30  위험송신:0
17:10:30  시각ms:1541228
17:10:30  IMU시각ms:1541228
17:10:30  위험:0
17:10:30  원시위험:0
17:10:30  GPS유효:1
17:10:30  위도:37.495931
17:10:30  경도:126.956112
17:10:30  속도:0.01
17:10:30  방향:290.8
17:10:30  이동방향유효:0
17:10:30  GPS이동방향:290.8
17:10:30  차체방향유효:0
17:10:30  차체방향:0.0
17:10:30  후진판정:0
17:10:30  IMU요회전속도:0.00
17:10:30  방향가속도크기:9.78
17:10:30  방향자이로크기:0.89
17:10:30  방향자세cos:0.9996
17:10:30  자기모델잔차:26.40
17:10:30  자기모델반경:0.984
17:10:30  방향채택:0
17:10:30  방향거부:166295
17:10:30  GPS원시속도:0.010
17:10:30  GPS원시방향유효:1
17:10:30  GPS원시방향:290.8
17:10:30  가속도:-0.40,0.23,9.77
17:10:30  자이로:-0.3,0.0,0.8
17:10:30  자력계:7.950,6.300,20.250
17:10:30  충격값:0.14
17:10:30  충격피크:0.14
17:10:30  마지막충격발생값:0.00
17:10:30  마지막충격발생ms:0
17:10:30  송신:14667
17:10:30  지팡이수신:9902
17:10:30  GPS위성:9
17:10:30  GPS_HDOP:1.11
17:10:30  원시위도:37.495934
17:10:30  원시경도:126.956108
17:10:30  GPS채택:1526
17:10:30  GPS이상치거부:0
17:10:30  GPS품질거부:0
17:10:30  GPS재기준:0
17:10:30  계산거리:-1.00
17:10:30  접근속도:0.00
17:10:30  TTC:999.00
17:10:30  방향오차:0.0
17:10:30  전방여부:0
17:10:30  위험음성횟수:0
17:10:30  충격음성횟수:0
17:10:30  마지막위험음성:0
17:10:30  RSSI원시:-60
17:10:30  RSSI평활:-57.1
17:10:30  RSSI샘플:9902
17:10:30  RSSI경과ms:75
17:10:30  RSSI구간:4
17:10:30  RSSI거리:1.67
17:10:30  상대보정:0
17:10:30  상대보정중:0
17:10:30  보정동쪽:0.00
17:10:30  보정북쪽:0.00
17:10:30  UWB유효:1
17:10:30  UWB원시거리:5.040
17:10:30  UWB보정거리:5.264
17:10:30  UWB접근속도:-0.196
17:10:30  UWB_RSSI:nan
17:10:30  UWB경과ms:64
17:10:30  UWB샘플:7464
17:10:30  UWB실패:165
17:10:30  UWB보정:1
17:10:30  UWB보정중:0
17:10:30  UWB보정샘플:100
17:10:30  UWB보정기준:3.000
17:10:30  UWB오프셋:0.234
17:10:30  UWB위험사용:0
17:10:30  UWB전송:7461
17:10:30  위험송신:0
17:10:30  시각ms:1541253
17:10:30  IMU시각ms:1541253
17:10:30  위험:0
17:10:30  원시위험:0
17:10:30  GPS유효:1
17:10:30  위도:37.495931
17:10:30  경도:126.956112
17:10:30  속도:0.01
17:10:30  방향:290.8
17:10:30  이동방향유효:0
17:10:30  GPS이동방향:290.8
17:10:30  차체방향유효:0
17:10:30  차체방향:0.0
17:10:30  후진판정:0
17:10:30  IMU요회전속도:0.00
17:10:30  방향가속도크기:9.73
17:10:30  방향자이로크기:1.09
17:10:30  방향자세cos:0.9997
17:10:30  자기모델잔차:25.85
17:10:30  자기모델반경:0.955
17:10:30  방향채택:0
17:10:30  방향거부:166298
17:10:30  GPS원시속도:0.010
17:10:30  GPS원시방향유효:1
17:10:30  GPS원시방향:290.8
17:10:30  가속도:-0.32,0.28,9.73
17:10:30  자이로:0.4,-0.0,1.0
17:10:30  자력계:8.700,5.400,19.800
17:10:30  충격값:0.11
17:10:30  충격피크:0.11
17:10:30  마지막충격발생값:0.00
17:10:30  마지막충격발생ms:0
17:10:30  송신:14667
17:10:30  지팡이수신:9903
17:10:30  GPS위성:9
17:10:30  GPS_HDOP:1.11
17:10:30  원시위도:37.495934
17:10:30  원시경도:126.956108
17:10:30  GPS채택:1526
17:10:30  GPS이상치거부:0
17:10:30  GPS품질거부:0
17:10:30  GPS재기준:0
17:10:30  계산거리:-1.00
17:10:30  접근속도:0.00
17:10:30  TTC:999.00
17:10:30  방향오차:0.0
17:10:30  전방여부:0
17:10:30  위험음성횟수:0
17:10:30  충격음성횟수:0
17:10:30  마지막위험음성:0
17:10:30  RSSI원시:-59
17:10:30  RSSI평활:-57.5
17:10:30  RSSI샘플:9903
17:10:30  RSSI경과ms:14
17:10:30  RSSI구간:4
17:10:30  RSSI거리:1.73
17:10:30  상대보정:0
17:10:30  상대보정중:0
17:10:30  보정동쪽:0.00
17:10:30  보정북쪽:0.00
17:10:30  UWB유효:1
17:10:30  UWB원시거리:5.040
17:10:30  UWB보정거리:5.264
17:10:30  UWB접근속도:-0.196
17:10:30  UWB_RSSI:nan
17:10:30  UWB경과ms:89
17:10:30  UWB샘플:7464
17:10:30  UWB실패:165
17:10:30  UWB보정:1
17:10:30  UWB보정중:0
17:10:30  UWB보정샘플:100
17:10:30  UWB보정기준:3.000
17:10:30  UWB오프셋:0.234
17:10:30  UWB위험사용:0
17:10:30  UWB전송:7461
17:10:30  위험송신:0
17:10:30  시각ms:1541281
17:10:30  IMU시각ms:1541281
17:10:30  위험:0
17:10:30  원시위험:0
17:10:30  GPS유효:1
17:10:30  위도:37.495931
17:10:30  경도:126.956112
17:10:30  속도:0.01
17:10:30  방향:290.8
17:10:30  이동방향유효:0
17:10:30  GPS이동방향:290.8
17:10:30  차체방향유효:0
17:10:30  차체방향:0.0
17:10:30  후진판정:0
17:10:30  IMU요회전속도:0.00
17:10:30  방향가속도크기:9.66
17:10:30  방향자이로크기:2.32
17:10:30  방향자세cos:0.9999
17:10:30  자기모델잔차:26.59
17:10:30  자기모델반경:0.909
17:10:30  방향채택:0
17:10:30  방향거부:166301
17:10:30  GPS원시속도:0.010
17:10:30  GPS원시방향유효:1
17:10:30  GPS원시방향:290.8
17:10:30  가속도:-0.34,0.35,9.64
17:10:30  자이로:1.5,-1.8,-0.3
17:10:30  자력계:8.850,4.050,20.700
17:10:30  충격값:0.09
17:10:30  충격피크:0.10
17:10:30  마지막충격발생값:0.00
17:10:30  마지막충격발생ms:0
17:10:30  송신:14667
17:10:30  지팡이수신:9903
17:10:30  GPS위성:9
17:10:30  GPS_HDOP:1.11
17:10:30  원시위도:37.495934
17:10:30  원시경도:126.956108
17:10:30  GPS채택:1526
17:10:30  GPS이상치거부:0
17:10:30  GPS품질거부:0
17:10:30  GPS재기준:0
17:10:30  계산거리:-1.00
17:10:30  접근속도:0.00
17:10:30  TTC:999.00
17:10:30  방향오차:0.0
17:10:30  전방여부:0
17:10:30  위험음성횟수:0
17:10:30  충격음성횟수:0
17:10:30  마지막위험음성:0
17:10:30  RSSI원시:-59
17:10:30  RSSI평활:-57.5
17:10:30  RSSI샘플:9903
17:10:30  RSSI경과ms:42
17:10:30  RSSI구간:4
17:10:30  RSSI거리:1.73
17:10:30  상대보정:0
17:10:30  상대보정중:0
17:10:30  보정동쪽:0.00
17:10:30  보정북쪽:0.00
17:10:30  UWB유효:1
17:10:30  UWB원시거리:5.040
17:10:30  UWB보정거리:5.264
17:10:30  UWB접근속도:-0.196
17:10:30  UWB_RSSI:nan
17:10:30  UWB경과ms:117
17:10:30  UWB샘플:7464
17:10:30  UWB실패:165
17:10:30  UWB보정:1
17:10:30  UWB보정중:0
17:10:30  UWB보정샘플:100
17:10:30  UWB보정기준:3.000
17:10:30  UWB오프셋:0.234
17:10:30  UWB위험사용:0
17:10:30  UWB전송:7461
17:10:30  위험송신:0
17:10:30  시각ms:1541307
17:10:30  IMU시각ms:1541306
17:10:30  위험:0
17:10:30  원시위험:0
17:10:30  GPS유효:1
17:10:30  위도:37.495931
17:10:30  경도:126.956112
17:10:30  속도:0.01
17:10:30  방향:290.8
17:10:30  이동방향유효:0
17:10:30  GPS이동방향:290.8
17:10:30  차체방향유효:0
17:10:30  차체방향:0.0
17:10:30  후진판정:0
17:10:30  IMU요회전속도:0.00
17:10:30  방향가속도크기:9.63
17:10:30  방향자이로크기:0.83
17:10:30  방향자세cos:0.9999
17:10:30  자기모델잔차:25.29
17:10:30  자기모델반경:0.886
17:10:30  방향채택:0
17:10:30  방향거부:166304
17:10:30  GPS원시속도:0.010
17:10:30  GPS원시방향유효:1
17:10:30  GPS원시방향:290.8
17:10:30  가속도:-0.40,0.33,9.62
17:10:30  자이로:0.2,0.5,0.7
17:10:30  자력계:8.400,3.150,19.500
17:10:30  충격값:0.09
17:10:30  충격피크:0.17
17:10:30  마지막충격발생값:0.00
17:10:30  마지막충격발생ms:0
17:10:30  송신:14668
17:10:30  지팡이수신:9903
17:10:30  GPS위성:9
17:10:30  GPS_HDOP:1.11
17:10:30  원시위도:37.495934
17:10:30  원시경도:126.956108
17:10:30  GPS채택:1526
17:10:30  GPS이상치거부:0
17:10:30  GPS품질거부:0
17:10:30  GPS재기준:0
17:10:30  계산거리:-1.00
17:10:30  접근속도:0.00
17:10:30  TTC:999.00
17:10:30  방향오차:0.0
17:10:30  전방여부:0
17:10:30  위험음성횟수:0
17:10:30  충격음성횟수:0
17:10:30  마지막위험음성:0
17:10:30  RSSI원시:-59
17:10:30  RSSI평활:-57.5
17:10:30  RSSI샘플:9903
17:10:30  RSSI경과ms:68
17:10:30  RSSI구간:4
17:10:30  RSSI거리:1.73
17:10:30  상대보정:0
17:10:30  상대보정중:0
17:10:30  보정동쪽:0.00
17:10:30  보정북쪽:0.00
17:10:30  UWB유효:1
17:10:30  UWB원시거리:5.040
17:10:30  UWB보정거리:5.264
17:10:30  UWB접근속도:-0.196
17:10:30  UWB_RSSI:nan
17:10:30  UWB경과ms:143
17:10:30  UWB샘플:7464
17:10:30  UWB실패:165
17:10:30  UWB보정:1
17:10:30  UWB보정중:0
17:10:30  UWB보정샘플:100
17:10:30  UWB보정기준:3.000
17:10:30  UWB오프셋:0.234
17:10:30  UWB위험사용:0
17:10:30  UWB전송:7461
17:10:30  위험송신:0
17:10:30  시각ms:1541328
17:10:30  IMU시각ms:1541327
17:10:30  위험:0
17:10:30  원시위험:0
17:10:30  GPS유효:1
17:10:30  위도:37.495931
17:10:30  경도:126.956112
17:10:30  속도:0.01
17:10:30  방향:290.8
17:10:30  이동방향유효:0
17:10:30  GPS이동방향:290.8
17:10:30  차체방향유효:0
17:10:30  차체방향:0.0
17:10:30  후진판정:0
17:10:30  IMU요회전속도:0.00
17:10:30  방향가속도크기:9.70
17:10:30  방향자이로크기:2.48
17:10:30  방향자세cos:0.9998
17:10:30  자기모델잔차:24.74
17:10:30  자기모델반경:0.905
17:10:30  방향채택:0
17:10:30  방향거부:166306
17:10:30  GPS원시속도:0.010
17:10:30  GPS원시방향유효:1
17:10:30  GPS원시방향:290.8
17:10:30  가속도:-0.30,0.38,9.69
17:10:30  자이로:2.4,-0.2,0.7
17:10:30  자력계:7.800,3.600,18.900
17:10:30  충격값:0.11
17:10:30  충격피크:0.11
17:10:30  마지막충격발생값:0.00
17:10:30  마지막충격발생ms:0
17:10:30  송신:14668
17:10:30  지팡이수신:9903
17:10:30  GPS위성:9
17:10:30  GPS_HDOP:1.11
17:10:30  원시위도:37.495934
17:10:30  원시경도:126.956108
17:10:30  GPS채택:1526
17:10:30  GPS이상치거부:0
17:10:30  GPS품질거부:0
17:10:30  GPS재기준:0
17:10:30  계산거리:-1.00
17:10:30  접근속도:0.00
17:10:30  TTC:999.00
17:10:30  방향오차:0.0
17:10:30  전방여부:0
17:10:30  위험음성횟수:0
17:10:30  충격음성횟수:0
17:10:30  마지막위험음성:0
17:10:30  RSSI원시:-59
17:10:30  RSSI평활:-57.5
17:10:30  RSSI샘플:9903
17:10:30  RSSI경과ms:89
17:10:30  RSSI구간:4
17:10:30  RSSI거리:1.73
17:10:30  상대보정:0
17:10:30  상대보정중:0
17:10:30  보정동쪽:0.00
17:10:30  보정북쪽:0.00
17:10:30  UWB유효:1
17:10:30  UWB원시거리:5.040
17:10:30  UWB보정거리:5.264
17:10:30  UWB접근속도:-0.196
17:10:30  UWB_RSSI:nan
17:10:30  UWB경과ms:164
17:10:30  UWB샘플:7464
17:10:30  UWB실패:165
17:10:30  UWB보정:1
17:10:30  UWB보정중:0
17:10:30  UWB보정샘플:100
17:10:30  UWB보정기준:3.000
17:10:30  UWB오프셋:0.234
17:10:30  UWB위험사용:0
17:10:30  UWB전송:7461
17:10:30  위험송신:0
17:10:30  시각ms:1541348
17:10:31  IMU시각ms:1541347
17:10:31  위험:0
17:10:31  원시위험:0
17:10:31  GPS유효:1
17:10:31  위도:37.495931
17:10:31  경도:126.956112
17:10:31  속도:0.01
17:10:31  방향:290.8
17:10:31  이동방향유효:0
17:10:31  GPS이동방향:290.8
17:10:31  차체방향유효:0
17:10:31  차체방향:0.0
17:10:31  후진판정:0
17:10:31  IMU요회전속도:0.00
17:10:31  방향가속도크기:9.63
17:10:31  방향자이로크기:3.76
17:10:31  방향자세cos:0.9999
17:10:31  자기모델잔차:24.37
17:10:31  자기모델반경:0.958
17:10:31  방향채택:0
17:10:31  방향거부:166308
17:10:31  GPS원시속도:0.010
17:10:31  GPS원시방향유효:1
17:10:31  GPS원시방향:290.8
17:10:31  가속도:-0.48,0.33,9.61
17:10:31  자이로:1.6,1.6,-3.0
17:10:31  자력계:9.900,5.400,18.300
17:10:31  충격값:0.13
17:10:31  충격피크:0.13
17:10:31  마지막충격발생값:0.00
17:10:31  마지막충격발생ms:0
17:10:31  송신:14668
17:10:31  지팡이수신:9904
17:10:31  GPS위성:9
17:10:31  GPS_HDOP:1.11
17:10:31  원시위도:37.495934
17:10:31  원시경도:126.956108
17:10:31  GPS채택:1526
17:10:31  GPS이상치거부:0
17:10:31  GPS품질거부:0
17:10:31  GPS재기준:0
17:10:31  계산거리:-1.00
17:10:31  접근속도:0.00
17:10:31  TTC:999.00
17:10:31  방향오차:0.0
17:10:31  전방여부:0
17:10:31  위험음성횟수:0
17:10:31  충격음성횟수:0
17:10:31  마지막위험음성:0
17:10:31  RSSI원시:-60
17:10:31  RSSI평활:-58.0
17:10:31  RSSI샘플:9904
17:10:31  RSSI경과ms:6
17:10:31  RSSI구간:4
17:10:31  RSSI거리:1.82
17:10:31  상대보정:0
17:10:31  상대보정중:0
17:10:31  보정동쪽:0.00
17:10:31  보정북쪽:0.00
17:10:31  UWB유효:1
17:10:31  UWB원시거리:5.040
17:10:31  UWB보정거리:5.264
17:10:31  UWB접근속도:-0.196
17:10:31  UWB_RSSI:nan
17:10:31  UWB경과ms:184
17:10:31  UWB샘플:7464
17:10:31  UWB실패:165
17:10:31  UWB보정:1
17:10:31  UWB보정중:0
17:10:31  UWB보정샘플:100
17:10:31  UWB보정기준:3.000
17:10:31  UWB오프셋:0.234
17:10:31  UWB위험사용:0
17:10:31  UWB전송:7461
17:10:31  위험송신:0
17:10:31  시각ms:1541369
17:10:31  IMU시각ms:1541369
17:10:31  위험:0
17:10:31  원시위험:0
17:10:31  GPS유효:1
17:10:31  위도:37.495931
17:10:31  경도:126.956112
17:10:31  속도:0.01
17:10:31  방향:290.8
17:10:31  이동방향유효:0
17:10:31  GPS이동방향:290.8
17:10:31  차체방향유효:0
17:10:31  차체방향:0.0
17:10:31  후진판정:0
17:10:31  IMU요회전속도:0.00
17:10:31  방향가속도크기:9.64
17:10:31  방향자이로크기:3.50
17:10:31  방향자세cos:0.9999
17:10:31  자기모델잔차:26.59
17:10:31  자기모델반경:0.957
17:10:31  방향채택:0
17:10:31  방향거부:166310
17:10:31  GPS원시속도:0.010
17:10:31  GPS원시방향유효:1
17:10:31  GPS원시방향:290.8
17:10:31  가속도:-0.37,0.34,9.63
17:10:31  자이로:3.3,-0.9,-1.0
17:10:31  자력계:7.500,5.400,20.550
17:10:31  충격값:0.08
17:10:31  충격피크:0.18
17:10:31  마지막충격발생값:0.00
17:10:31  마지막충격발생ms:0
17:10:31  송신:14668
17:10:31  지팡이수신:9904
17:10:31  GPS위성:9
17:10:31  GPS_HDOP:1.11
17:10:31  원시위도:37.495934
17:10:31  원시경도:126.956108
17:10:31  GPS채택:1526
17:10:31  GPS이상치거부:0
17:10:31  GPS품질거부:0
17:10:31  GPS재기준:0
17:10:31  계산거리:-1.00
17:10:31  접근속도:0.00
17:10:31  TTC:999.00
17:10:31  방향오차:0.0
17:10:31  전방여부:0
17:10:31  위험음성횟수:0
17:10:31  충격음성횟수:0
17:10:31  마지막위험음성:0
17:10:31  RSSI원시:-60
17:10:31  RSSI평활:-58.0
17:10:31  RSSI샘플:9904
17:10:31  RSSI경과ms:27
17:10:31  RSSI구간:4
17:10:31  RSSI거리:1.82
17:10:31  상대보정:0
17:10:31  상대보정중:0
17:10:31  보정동쪽:0.00
17:10:31  보정북쪽:0.00
17:10:31  UWB유효:1
17:10:31  UWB원시거리:5.010
17:10:31  UWB보정거리:5.257
17:10:31  UWB접근속도:-0.126
17:10:31  UWB_RSSI:nan
17:10:31  UWB경과ms:8
17:10:31  UWB샘플:7465
17:10:31  UWB실패:165
17:10:31  UWB보정:1
17:10:31  UWB보정중:0
17:10:31  UWB보정샘플:100
17:10:31  UWB보정기준:3.000
17:10:31  UWB오프셋:0.234
17:10:31  UWB위험사용:0
17:10:31  UWB전송:7462
17:10:31  위험송신:0
17:10:31  시각ms:1541395
17:10:31  IMU시각ms:1541395
17:10:31  위험:0
17:10:31  원시위험:0
17:10:31  GPS유효:1
17:10:31  위도:37.495931
17:10:31  경도:126.956112
17:10:31  속도:0.01
17:10:31  방향:290.8
17:10:31  이동방향유효:0
17:10:31  GPS이동방향:290.8
17:10:31  차체방향유효:0
17:10:31  차체방향:0.0
17:10:31  후진판정:0
17:10:31  IMU요회전속도:0.00
17:10:31  방향가속도크기:9.76
17:10:31  방향자이로크기:2.04
17:10:31  방향자세cos:0.9998
17:10:31  자기모델잔차:25.19
17:10:31  자기모델반경:0.938
17:10:31  방향채택:0
17:10:31  방향거부:166313
17:10:31  GPS원시속도:0.010
17:10:31  GPS원시방향유효:1
17:10:31  GPS원시방향:290.8
17:10:31  가속도:-0.46,0.30,9.75
17:10:31  자이로:2.0,-0.1,-0.3
17:10:31  자력계:8.850,4.800,19.200
17:10:31  충격값:0.09
17:10:31  충격피크:0.09
17:10:31  마지막충격발생값:0.00
17:10:31  마지막충격발생ms:0
17:10:31  송신:14668
17:10:31  지팡이수신:9904
17:10:31  GPS위성:9
17:10:31  GPS_HDOP:1.11
17:10:31  원시위도:37.495934
17:10:31  원시경도:126.956108
17:10:31  GPS채택:1526
17:10:31  GPS이상치거부:0
17:10:31  GPS품질거부:0
17:10:31  GPS재기준:0
17:10:31  계산거리:-1.00
17:10:31  접근속도:0.00
17:10:31  TTC:999.00
17:10:31  방향오차:0.0
17:10:31  전방여부:0
17:10:31  위험음성횟수:0
17:10:31  충격음성횟수:0
17:10:31  마지막위험음성:0
17:10:31  RSSI원시:-60
17:10:31  RSSI평활:-58.0
17:10:31  RSSI샘플:9904
17:10:31  RSSI경과ms:53
17:10:31  RSSI구간:4
17:10:31  RSSI거리:1.82
17:10:31  상대보정:0
17:10:31  상대보정중:0
17:10:31  보정동쪽:0.00
17:10:31  보정북쪽:0.00
17:10:31  UWB유효:1
17:10:31  UWB원시거리:5.010
17:10:31  UWB보정거리:5.257
17:10:31  UWB접근속도:-0.126
17:10:31  UWB_RSSI:nan
17:10:31  UWB경과ms:34
17:10:31  UWB샘플:7465
17:10:31  UWB실패:165
17:10:31  UWB보정:1
17:10:31  UWB보정중:0
17:10:31  UWB보정샘플:100
17:10:31  UWB보정기준:3.000
17:10:31  UWB오프셋:0.234
17:10:31  UWB위험사용:0
17:10:31  UWB전송:7462
17:10:31  위험송신:0
17:10:31  시각ms:1541423
17:10:31  IMU시각ms:1541423
17:10:31  위험:0
17:10:31  원시위험:0
17:10:31  GPS유효:1
17:10:31  위도:37.495931
17:10:31  경도:126.956112
17:10:31  속도:0.01
17:10:31  방향:290.8
17:10:31  이동방향유효:0
17:10:31  GPS이동방향:290.8
17:10:31  차체방향유효:0
17:10:31  차체방향:0.0
17:10:31  후진판정:0
17:10:31  IMU요회전속도:0.00
17:10:31  방향가속도크기:9.67
17:10:31  방향자이로크기:0.78
17:10:31  방향자세cos:0.9999
17:10:31  자기모델잔차:25.99
17:10:31  자기모델반경:0.948
17:10:31  방향채택:0
17:10:31  방향거부:166316
17:10:31  GPS원시속도:0.010
17:10:31  GPS원시방향유효:1
17:10:31  GPS원시방향:290.8
17:10:31  가속도:-0.37,0.34,9.66
17:10:31  자이로:0.0,0.7,0.4
17:10:31  자력계:9.600,5.250,19.950
17:10:31  충격값:0.06
17:10:31  충격피크:0.11
17:10:31  마지막충격발생값:0.00
17:10:31  마지막충격발생ms:0
17:10:31  송신:14669
17:10:31  지팡이수신:9904
17:10:31  GPS위성:9
17:10:31  GPS_HDOP:1.11
17:10:31  원시위도:37.495934
17:10:31  원시경도:126.956108
17:10:31  GPS채택:1526
17:10:31  GPS이상치거부:0
17:10:31  GPS품질거부:0
17:10:31  GPS재기준:0
17:10:31  계산거리:-1.00
17:10:31  접근속도:0.00
17:10:31  TTC:999.00
17:10:31  방향오차:0.0
17:10:31  전방여부:0
17:10:31  위험음성횟수:0
17:10:31  충격음성횟수:0
17:10:31  마지막위험음성:0
17:10:31  RSSI원시:-60
17:10:31  RSSI평활:-58.0
17:10:31  RSSI샘플:9904
17:10:31  RSSI경과ms:81
17:10:31  RSSI구간:4
17:10:31  RSSI거리:1.82
17:10:31  상대보정:0
17:10:31  상대보정중:0
17:10:31  보정동쪽:0.00
17:10:31  보정북쪽:0.00
17:10:31  UWB유효:1
17:10:31  UWB원시거리:5.010
17:10:31  UWB보정거리:5.257
17:10:31  UWB접근속도:-0.126
17:10:31  UWB_RSSI:nan
17:10:31  UWB경과ms:62
17:10:31  UWB샘플:7465
17:10:31  UWB실패:165
17:10:31  UWB보정:1
17:10:31  UWB보정중:0
17:10:31  UWB보정샘플:100
17:10:31  UWB보정기준:3.000
17:10:31  UWB오프셋:0.234
17:10:31  UWB위험사용:0
17:10:31  UWB전송:7462
17:10:31  위험송신:0
17:10:31  시각ms:1541449
17:10:31  IMU시각ms:1541449
17:10:31  위험:0
17:10:31  원시위험:0
17:10:31  GPS유효:1
17:10:31  위도:37.495931
17:10:31  경도:126.956112
17:10:31  속도:0.01
17:10:31  방향:290.8
17:10:31  이동방향유효:0
17:10:31  GPS이동방향:290.8
17:10:31  차체방향유효:0
17:10:31  차체방향:0.0
17:10:31  후진판정:0
17:10:31  IMU요회전속도:0.00
17:10:31  방향가속도크기:9.59
17:10:31  방향자이로크기:2.20
17:10:31  방향자세cos:1.0000
17:10:31  자기모델잔차:25.85
17:10:31  자기모델반경:0.955
17:10:31  방향채택:0
17:10:31  방향거부:166319
17:10:31  GPS원시속도:0.010
17:10:31  GPS원시방향유효:1
17:10:31  GPS원시방향:290.8
17:10:31  가속도:-0.38,0.45,9.57
17:10:31  자이로:2.2,0.4,-0.2
17:10:31  자력계:8.700,5.400,19.800
17:10:31  충격값:0.17
17:10:31  충격피크:0.17
17:10:31  마지막충격발생값:0.00
17:10:31  마지막충격발생ms:0
17:10:31  송신:14669
17:10:31  지팡이수신:9904
17:10:31  GPS위성:9
17:10:31  GPS_HDOP:1.11
17:10:31  원시위도:37.495934
17:10:31  원시경도:126.956108
17:10:31  GPS채택:1526
17:10:31  GPS이상치거부:0
17:10:31  GPS품질거부:0
17:10:31  GPS재기준:0
17:10:31  계산거리:-1.00
17:10:31  접근속도:0.00
17:10:31  TTC:999.00
17:10:31  방향오차:0.0
17:10:31  전방여부:0
17:10:31  위험음성횟수:0
17:10:31  충격음성횟수:0
17:10:31  마지막위험음성:0
17:10:31  RSSI원시:-60
17:10:31  RSSI평활:-58.0
17:10:31  RSSI샘플:9904
17:10:31  RSSI경과ms:107
17:10:31  RSSI구간:4
17:10:31  RSSI거리:1.82
17:10:31  상대보정:0
17:10:31  상대보정중:0
17:10:31  보정동쪽:0.00
17:10:31  보정북쪽:0.00
17:10:31  UWB유효:1
17:10:31  UWB원시거리:5.010
17:10:31  UWB보정거리:5.257
17:10:31  UWB접근속도:-0.126
17:10:31  UWB_RSSI:nan
17:10:31  UWB경과ms:88
17:10:31  UWB샘플:7465
17:10:31  UWB실패:165
17:10:31  UWB보정:1
17:10:31  UWB보정중:0
17:10:31  UWB보정샘플:100
17:10:31  UWB보정기준:3.000
17:10:31  UWB오프셋:0.234
17:10:31  UWB위험사용:0
17:10:31  UWB전송:7462
17:10:31  위험송신:0
17:10:31  시각ms:1541501
17:10:31  IMU시각ms:1541501
17:10:31  위험:0
17:10:31  원시위험:0
17:10:31  GPS유효:1
17:10:31  위도:37.495931
17:10:31  경도:126.956112
17:10:31  속도:0.01
17:10:31  방향:290.8
17:10:31  이동방향유효:0
17:10:31  GPS이동방향:290.8
17:10:31  차체방향유효:0
17:10:31  차체방향:0.0
17:10:31  후진판정:0
17:10:31  IMU요회전속도:0.00
17:10:31  방향가속도크기:9.69
17:10:31  방향자이로크기:3.54
17:10:31  방향자세cos:0.9999
17:10:31  자기모델잔차:26.55
17:10:31  자기모델반경:0.947
17:10:31  방향채택:0
17:10:31  방향거부:166325
17:10:31  GPS원시속도:0.010
17:10:31  GPS원시방향유효:1
17:10:31  GPS원시방향:290.8
17:10:31  가속도:-0.45,0.35,9.67
17:10:31  자이로:0.7,1.7,-3.1
17:10:31  자력계:7.500,5.100,20.550
17:10:31  충격값:0.06
17:10:31  충격피크:0.07
17:10:31  마지막충격발생값:0.00
17:10:31  마지막충격발생ms:0
17:10:31  송신:14669
17:10:31  지팡이수신:9904
17:10:31  GPS위성:9
17:10:31  GPS_HDOP:1.11
17:10:31  원시위도:37.495934
17:10:31  원시경도:126.956108
17:10:31  GPS채택:1526
17:10:31  GPS이상치거부:0
17:10:31  GPS품질거부:0
17:10:31  GPS재기준:0
17:10:31  계산거리:-1.00
17:10:31  접근속도:0.00
17:10:31  TTC:999.00
17:10:31  방향오차:0.0
17:10:31  전방여부:0
17:10:31  위험음성횟수:0
17:10:31  충격음성횟수:0
17:10:31  마지막위험음성:0
17:10:31  RSSI원시:-60
17:10:31  RSSI평활:-58.0
17:10:31  RSSI샘플:9904
17:10:31  RSSI경과ms:159
17:10:31  RSSI구간:4
17:10:31  RSSI거리:1.82
17:10:31  상대보정:0
17:10:31  상대보정중:0
17:10:31  보정동쪽:0.00
17:10:31  보정북쪽:0.00
17:10:31  UWB유효:1
17:10:31  UWB원시거리:5.010
17:10:31  UWB보정거리:5.257
17:10:31  UWB접근속도:-0.126
17:10:31  UWB_RSSI:nan
17:10:31  UWB경과ms:140
17:10:31  UWB샘플:7465
17:10:31  UWB실패:165
17:10:31  UWB보정:1
17:10:31  UWB보정중:0
17:10:31  UWB보정샘플:100
17:10:31  UWB보정기준:3.000
17:10:31  UWB오프셋:0.234
17:10:31  UWB위험사용:0
17:10:31  UWB전송:7462
17:10:31  위험송신:0
17:10:31  시각ms:1541528
17:10:31  IMU시각ms:1541528
17:10:31  위험:0
17:10:31  원시위험:0
17:10:31  GPS유효:1
17:10:31  위도:37.495931
17:10:31  경도:126.956112
17:10:31  속도:0.01
17:10:31  방향:290.8
17:10:31  이동방향유효:0
17:10:31  GPS이동방향:290.8
17:10:31  차체방향유효:0
17:10:31  차체방향:0.0
17:10:31  후진판정:0
17:10:31  IMU요회전속도:0.00
17:10:31  방향가속도크기:9.71
17:10:31  방향자이로크기:0.87
17:10:31  방향자세cos:1.0000
17:10:31  자기모델잔차:25.68
17:10:31  자기모델반경:0.944
17:10:31  방향채택:0
17:10:31  방향거부:166328
17:10:31  GPS원시속도:0.010
17:10:31  GPS원시방향유효:1
17:10:31  GPS원시방향:290.8
17:10:31  가속도:-0.47,0.43,9.69
17:10:31  자이로:0.3,0.3,0.8
17:10:31  자력계:9.900,5.100,19.650
17:10:31  충격값:0.10
17:10:31  충격피크:0.13
17:10:31  마지막충격발생값:0.00
17:10:31  마지막충격발생ms:0
17:10:31  송신:14670
17:10:31  지팡이수신:9904
17:10:31  GPS위성:9
17:10:31  GPS_HDOP:1.11
17:10:31  원시위도:37.495934
17:10:31  원시경도:126.956108
17:10:31  GPS채택:1526
17:10:31  GPS이상치거부:0
17:10:31  GPS품질거부:0
17:10:31  GPS재기준:0
17:10:31  계산거리:-1.00
17:10:31  접근속도:0.00
17:10:31  TTC:999.00
17:10:31  방향오차:0.0
17:10:31  전방여부:0
17:10:31  위험음성횟수:0
17:10:31  충격음성횟수:0
17:10:31  마지막위험음성:0
17:10:31  RSSI원시:-60
17:10:31  RSSI평활:-58.0
17:10:31  RSSI샘플:9904
17:10:31  RSSI경과ms:186
17:10:31  RSSI구간:4
17:10:31  RSSI거리:1.82
17:10:31  상대보정:0
17:10:31  상대보정중:0
17:10:31  보정동쪽:0.00
17:10:31  보정북쪽:0.00
17:10:31  UWB유효:1
17:10:31  UWB원시거리:5.010
17:10:31  UWB보정거리:5.257
17:10:31  UWB접근속도:-0.126
17:10:31  UWB_RSSI:nan
17:10:31  UWB경과ms:167
17:10:31  UWB샘플:7465
17:10:31  UWB실패:165
17:10:31  UWB보정:1
17:10:31  UWB보정중:0
17:10:31  UWB보정샘플:100
17:10:31  UWB보정기준:3.000
17:10:31  UWB오프셋:0.234
17:10:31  UWB위험사용:0
17:10:31  UWB전송:7462
17:10:31  위험송신:0
17:10:31  시각ms:1541553
17:10:31  IMU시각ms:1541553
17:10:31  위험:0
17:10:31  원시위험:0
17:10:31  GPS유효:1
17:10:31  위도:37.495931
17:10:31  경도:126.956112
17:10:31  속도:0.01
17:10:31  방향:290.8
17:10:31  이동방향유효:0
17:10:31  GPS이동방향:290.8
17:10:31  차체방향유효:0
17:10:31  차체방향:0.0
17:10:31  후진판정:0
17:10:31  IMU요회전속도:0.00
17:10:31  방향가속도크기:9.68
17:10:31  방향자이로크기:2.50
17:10:31  방향자세cos:1.0000
17:10:31  자기모델잔차:25.56
17:10:31  자기모델반경:0.953
17:10:31  방향채택:0
17:10:31  방향거부:166331
17:10:31  GPS원시속도:0.010
17:10:31  GPS원시방향유효:1
17:10:31  GPS원시방향:290.8
17:10:31  가속도:-0.39,0.41,9.67
17:10:31  자이로:1.5,1.0,-1.7
17:10:31  자력계:10.200,5.400,19.500
17:10:31  충격값:0.07
17:10:31  충격피크:0.09
17:10:31  마지막충격발생값:0.00
17:10:31  마지막충격발생ms:0
17:10:31  송신:14670
17:10:31  지팡이수신:9904
17:10:31  GPS위성:9
17:10:31  GPS_HDOP:1.11
17:10:31  원시위도:37.495934
17:10:31  원시경도:126.956108
17:10:31  GPS채택:1526
17:10:31  GPS이상치거부:0
17:10:31  GPS품질거부:0
17:10:31  GPS재기준:0
17:10:31  계산거리:-1.00
17:10:31  접근속도:0.00
17:10:31  TTC:999.00
17:10:31  방향오차:0.0
17:10:31  전방여부:0
17:10:31  위험음성횟수:0
17:10:31  충격음성횟수:0
17:10:31  마지막위험음성:0
17:10:31  RSSI원시:-60
17:10:31  RSSI평활:-58.0
17:10:31  RSSI샘플:9904
17:10:31  RSSI경과ms:211
17:10:31  RSSI구간:4
17:10:31  RSSI거리:1.82
17:10:31  상대보정:0
17:10:31  상대보정중:0
17:10:31  보정동쪽:0.00
17:10:31  보정북쪽:0.00
17:10:31  UWB유효:1
17:10:31  UWB원시거리:5.010
17:10:31  UWB보정거리:5.257
17:10:31  UWB접근속도:-0.126
17:10:31  UWB_RSSI:nan
17:10:31  UWB경과ms:192
17:10:31  UWB샘플:7465
17:10:31  UWB실패:165
17:10:31  UWB보정:1
17:10:31  UWB보정중:0
17:10:31  UWB보정샘플:100
17:10:31  UWB보정기준:3.000
17:10:31  UWB오프셋:0.234
17:10:31  UWB위험사용:0
17:10:31  UWB전송:7462
17:10:31  위험송신:0
17:10:31  시각ms:1541576
17:10:31  IMU시각ms:1541575
17:10:31  위험:0
17:10:31  원시위험:0
17:10:31  GPS유효:1
17:10:31  위도:37.495931
17:10:31  경도:126.956112
17:10:31  속도:0.01
17:10:31  방향:290.8
17:10:31  이동방향유효:0
17:10:31  GPS이동방향:290.8
17:10:31  차체방향유효:0
17:10:31  차체방향:0.0
17:10:31  후진판정:0
17:10:31  IMU요회전속도:0.00
17:10:31  방향가속도크기:9.78
17:10:31  방향자이로크기:2.75
17:10:31  방향자세cos:0.9998
17:10:31  자기모델잔차:25.93
17:10:31  자기모델반경:0.936
17:10:31  방향채택:0
17:10:31  방향거부:166333
17:10:31  GPS원시속도:0.010
17:10:31  GPS원시방향유효:1
17:10:31  GPS원시방향:290.8
17:10:31  가속도:-0.33,0.33,9.77
17:10:31  자이로:2.0,-1.9,-0.1
17:10:31  자력계:8.550,4.800,19.950
17:10:31  충격값:0.10
17:10:31  충격피크:0.10
17:10:31  마지막충격발생값:0.00
17:10:31  마지막충격발생ms:0
17:10:31  송신:14670
17:10:31  지팡이수신:9905
17:10:31  GPS위성:9
17:10:31  GPS_HDOP:1.11
17:10:31  원시위도:37.495934
17:10:31  원시경도:126.956108
17:10:31  GPS채택:1526
17:10:31  GPS이상치거부:0
17:10:31  GPS품질거부:0
17:10:31  GPS재기준:0
17:10:31  계산거리:-1.00
17:10:31  접근속도:0.00
17:10:31  TTC:999.00
17:10:31  방향오차:0.0
17:10:31  전방여부:0
17:10:31  위험음성횟수:0
17:10:31  충격음성횟수:0
17:10:31  마지막위험음성:0
17:10:31  RSSI원시:-63
17:10:31  RSSI평활:-59.0
17:10:31  RSSI샘플:9905
17:10:31  RSSI경과ms:3
17:10:31  RSSI구간:4
17:10:31  RSSI거리:2.00
17:10:31  상대보정:0
17:10:31  상대보정중:0
17:10:31  보정동쪽:0.00
17:10:31  보정북쪽:0.00
17:10:31  UWB유효:1
17:10:31  UWB원시거리:4.990
17:10:31  UWB보정거리:5.253
17:10:31  UWB접근속도:-0.082
17:10:31  UWB_RSSI:nan
17:10:31  UWB경과ms:9
17:10:31  UWB샘플:7466
17:10:31  UWB실패:165
17:10:31  UWB보정:1
17:10:31  UWB보정중:0
17:10:31  UWB보정샘플:100
17:10:31  UWB보정기준:3.000
17:10:31  UWB오프셋:0.234
17:10:31  UWB위험사용:0
17:10:31  UWB전송:7463
17:10:31  위험송신:0
17:10:31  시각ms:1541603
17:10:31  IMU시각ms:1541603
17:10:31  위험:0
17:10:31  원시위험:0
17:10:31  GPS유효:1
17:10:31  위도:37.495931
17:10:31  경도:126.956112
17:10:31  속도:0.01
17:10:31  방향:290.8
17:10:31  이동방향유효:0
17:10:31  GPS이동방향:290.8
17:10:31  차체방향유효:0
17:10:31  차체방향:0.0
17:10:31  후진판정:0
17:10:31  IMU요회전속도:0.00
17:10:31  방향가속도크기:9.69
17:10:31  방향자이로크기:3.62
17:10:31  방향자세cos:0.9998
17:10:31  자기모델잔차:24.96
17:10:31  자기모델반경:0.923
17:10:31  방향채택:0
17:10:31  방향거부:166336
17:10:31  GPS원시속도:0.010
17:10:31  GPS원시방향유효:1
17:10:31  GPS원시방향:290.8
17:10:31  가속도:-0.44,0.29,9.68
17:10:31  자이로:3.6,-0.4,0.3
17:10:31  자력계:7.950,4.200,19.050
17:10:31  충격값:0.08
17:10:31  충격피크:0.13
17:10:31  마지막충격발생값:0.00
17:10:31  마지막충격발생ms:0
17:10:31  송신:14670
17:10:31  지팡이수신:9905
17:10:31  GPS위성:9
17:10:31  GPS_HDOP:1.11
17:10:31  원시위도:37.495934
17:10:31  원시경도:126.956108
17:10:31  GPS채택:1526
17:10:31  GPS이상치거부:0
17:10:31  GPS품질거부:0
17:10:31  GPS재기준:0
17:10:31  계산거리:-1.00
17:10:31  접근속도:0.00
17:10:31  TTC:999.00
17:10:31  방향오차:0.0
17:10:31  전방여부:0
17:10:31  위험음성횟수:0
17:10:31  충격음성횟수:0
17:10:31  마지막위험음성:0
17:10:31  RSSI원시:-63
17:10:31  RSSI평활:-59.0
17:10:31  RSSI샘플:9905
17:10:31  RSSI경과ms:30
17:10:31  RSSI구간:4
17:10:31  RSSI거리:2.00
17:10:31  상대보정:0
17:10:31  상대보정중:0
17:10:31  보정동쪽:0.00
17:10:31  보정북쪽:0.00
17:10:31  UWB유효:1
17:10:31  UWB원시거리:4.990
17:10:31  UWB보정거리:5.253
17:10:31  UWB접근속도:-0.082
17:10:31  UWB_RSSI:nan
17:10:31  UWB경과ms:36
17:10:31  UWB샘플:7466
17:10:31  UWB실패:165
17:10:31  UWB보정:1
17:10:31  UWB보정중:0
17:10:31  UWB보정샘플:100
17:10:31  UWB보정기준:3.000
17:10:31  UWB오프셋:0.234
17:10:31  UWB위험사용:0
17:10:31  UWB전송:7463
17:10:31  위험송신:0
17:10:31  시각ms:1541623
17:10:31  IMU시각ms:1541623
17:10:31  위험:0
17:10:31  원시위험:0
17:10:31  GPS유효:1
17:10:31  위도:37.495931
17:10:31  경도:126.956112
17:10:31  속도:0.01
17:10:31  방향:290.8
17:10:31  이동방향유효:0
17:10:31  GPS이동방향:290.8
17:10:31  차체방향유효:0
17:10:31  차체방향:0.0
17:10:31  후진판정:0
17:10:31  IMU요회전속도:0.00
17:10:31  방향가속도크기:9.60
17:10:31  방향자이로크기:1.67
17:10:31  방향자세cos:0.9998
17:10:31  자기모델잔차:27.08
17:10:31  자기모델반경:0.925
17:10:31  방향채택:0
17:10:31  방향거부:166338
17:10:31  GPS원시속도:0.010
17:10:31  GPS원시방향유효:1
17:10:31  GPS원시방향:290.8
17:10:31  가속도:-0.45,0.26,9.59
17:10:31  자이로:0.4,-0.8,1.4
17:10:31  자력계:7.800,4.500,21.150
17:10:31  충격값:0.16
17:10:31  충격피크:0.16
17:10:31  마지막충격발생값:0.00
17:10:31  마지막충격발생ms:0
17:10:31  송신:14671
17:10:31  지팡이수신:9905
17:10:31  GPS위성:9
17:10:31  GPS_HDOP:1.11
17:10:31  원시위도:37.495934
17:10:31  원시경도:126.956108
17:10:31  GPS채택:1526
17:10:31  GPS이상치거부:0
17:10:31  GPS품질거부:0
17:10:31  GPS재기준:0
17:10:31  계산거리:-1.00
17:10:31  접근속도:0.00
17:10:31  TTC:999.00
17:10:31  방향오차:0.0
17:10:31  전방여부:0
17:10:31  위험음성횟수:0
17:10:31  충격음성횟수:0
17:10:31  마지막위험음성:0
17:10:31  RSSI원시:-63
17:10:31  RSSI평활:-59.0
17:10:31  RSSI샘플:9905
17:10:31  RSSI경과ms:50
17:10:31  RSSI구간:4
17:10:31  RSSI거리:2.00
17:10:31  상대보정:0
17:10:31  상대보정중:0
17:10:31  보정동쪽:0.00
17:10:31  보정북쪽:0.00
17:10:31  UWB유효:1
17:10:31  UWB원시거리:4.990
17:10:31  UWB보정거리:5.253
17:10:31  UWB접근속도:-0.082
17:10:31  UWB_RSSI:nan
17:10:31  UWB경과ms:56
17:10:31  UWB샘플:7466
17:10:31  UWB실패:165
17:10:31  UWB보정:1
17:10:31  UWB보정중:0
17:10:31  UWB보정샘플:100
17:10:31  UWB보정기준:3.000
17:10:31  UWB오프셋:0.234
17:10:31  UWB위험사용:0
17:10:31  UWB전송:7463
17:10:31  위험송신:0
17:10:31  시각ms:1541649
17:10:31  IMU시각ms:1541648
17:10:31  위험:0
17:10:31  원시위험:0
17:10:31  GPS유효:1
17:10:31  위도:37.495931
17:10:31  경도:126.956112
17:10:31  속도:0.01
17:10:31  방향:290.8
17:10:31  이동방향유효:0
17:10:31  GPS이동방향:290.8
17:10:31  차체방향유효:0
17:10:31  차체방향:0.0
17:10:31  후진판정:0
17:10:31  IMU요회전속도:0.00
17:10:31  방향가속도크기:9.70
17:10:31  방향자이로크기:1.65
17:10:31  방향자세cos:0.9999
17:10:31  자기모델잔차:26.52
17:10:31  자기모델반경:0.971
17:10:31  방향채택:0
17:10:31  방향거부:166341
17:10:31  GPS원시속도:0.010
17:10:31  GPS원시방향유효:1
17:10:31  GPS원시방향:290.8
17:10:31  가속도:-0.50,0.38,9.68
17:10:31  자이로:1.6,-0.2,0.4
17:10:31  자력계:8.850,6.000,20.400
17:10:31  충격값:0.10
17:10:31  충격피크:0.10
17:10:31  마지막충격발생값:0.00
17:10:31  마지막충격발생ms:0
17:10:31  송신:14671
17:10:31  지팡이수신:9905
17:10:31  GPS위성:9
17:10:31  GPS_HDOP:1.11
17:10:31  원시위도:37.495934
17:10:31  원시경도:126.956108
17:10:31  GPS채택:1526
17:10:31  GPS이상치거부:0
17:10:31  GPS품질거부:0
17:10:31  GPS재기준:0
17:10:31  계산거리:-1.00
17:10:31  접근속도:0.00
17:10:31  TTC:999.00
17:10:31  방향오차:0.0
17:10:31  전방여부:0
17:10:31  위험음성횟수:0
17:10:31  충격음성횟수:0
17:10:31  마지막위험음성:0
17:10:31  RSSI원시:-63
17:10:31  RSSI평활:-59.0
17:10:31  RSSI샘플:9905
17:10:31  RSSI경과ms:76
17:10:31  RSSI구간:4
17:10:31  RSSI거리:2.00
17:10:31  상대보정:0
17:10:31  상대보정중:0
17:10:31  보정동쪽:0.00
17:10:31  보정북쪽:0.00
17:10:31  UWB유효:1
17:10:31  UWB원시거리:4.990
17:10:31  UWB보정거리:5.253
17:10:31  UWB접근속도:-0.082
17:10:31  UWB_RSSI:nan
17:10:31  UWB경과ms:82
17:10:31  UWB샘플:7466
17:10:31  UWB실패:165
17:10:31  UWB보정:1
17:10:31  UWB보정중:0
17:10:31  UWB보정샘플:100
17:10:31  UWB보정기준:3.000
17:10:31  UWB오프셋:0.234
17:10:31  UWB위험사용:0
17:10:31  UWB전송:7463
17:10:31  위험송신:0
17:10:31  시각ms:1541721
17:10:31  IMU시각ms:1541720
17:10:31  위험:0
17:10:31  원시위험:0
17:10:31  GPS유효:1
17:10:31  위도:37.495932
17:10:31  경도:126.956110
17:10:31  속도:0.02
17:10:31  방향:290.8
17:10:31  이동방향유효:0
17:10:31  GPS이동방향:290.8
17:10:31  차체방향유효:0
17:10:31  차체방향:0.0
17:10:31  후진판정:0
17:10:31  IMU요회전속도:0.00
17:10:31  방향가속도크기:9.66
17:10:31  방향자이로크기:2.60
17:10:31  방향자세cos:1.0000
17:10:31  자기모델잔차:25.63
17:10:31  자기모델반경:0.936
17:10:31  방향채택:0
17:10:31  방향거부:166349
17:10:31  GPS원시속도:0.026
17:10:31  GPS원시방향유효:1
17:10:31  GPS원시방향:290.8
17:10:31  가속도:-0.41,0.40,9.64
17:10:31  자이로:1.2,-2.3,0.1
17:10:31  자력계:8.850,4.800,19.650
17:10:31  충격값:0.07
17:10:31  충격피크:0.07
17:10:31  마지막충격발생값:0.00
17:10:31  마지막충격발생ms:0
17:10:31  송신:14672
17:10:31  지팡이수신:9906
17:10:31  GPS위성:9
17:10:31  GPS_HDOP:1.20
17:10:31  원시위도:37.495935
17:10:31  원시경도:126.956107
17:10:31  GPS채택:1527
17:10:31  GPS이상치거부:0
17:10:31  GPS품질거부:0
17:10:31  GPS재기준:0
17:10:31  계산거리:-1.00
17:10:31  접근속도:0.00
17:10:31  TTC:999.00
17:10:31  방향오차:0.0
17:10:31  전방여부:0
17:10:31  위험음성횟수:0
17:10:31  충격음성횟수:0
17:10:31  마지막위험음성:0
17:10:31  RSSI원시:-61
17:10:31  RSSI평활:-59.4
17:10:31  RSSI샘플:9906
17:10:31  RSSI경과ms:67
17:10:31  RSSI구간:4
17:10:31  RSSI거리:2.08
17:10:31  상대보정:0
17:10:31  상대보정중:0
17:10:31  보정동쪽:0.00
17:10:31  보정북쪽:0.00
17:10:31  UWB유효:1
17:10:31  UWB원시거리:4.990
17:10:31  UWB보정거리:5.253
17:10:31  UWB접근속도:-0.082
17:10:31  UWB_RSSI:nan
17:10:31  UWB경과ms:154
17:10:31  UWB샘플:7466
17:10:31  UWB실패:165
17:10:31  UWB보정:1
17:10:31  UWB보정중:0
17:10:31  UWB보정샘플:100
17:10:31  UWB보정기준:3.000
17:10:31  UWB오프셋:0.234
17:10:31  UWB위험사용:0
17:10:31  UWB전송:7463
17:10:31  위험송신:0
17:10:31  시각ms:1541741
17:10:31  IMU시각ms:1541741
17:10:31  위험:0
17:10:31  원시위험:0
17:10:31  GPS유효:1
17:10:31  위도:37.495932
17:10:31  경도:126.956110
17:10:31  속도:0.02
17:10:31  방향:290.8
17:10:31  이동방향유효:0
17:10:31  GPS이동방향:290.8
17:10:31  차체방향유효:0
17:10:31  차체방향:0.0
17:10:31  후진판정:0
17:10:31  IMU요회전속도:0.00
17:10:31  방향가속도크기:9.79
17:10:31  방향자이로크기:1.61
17:10:31  방향자세cos:0.9999
17:10:31  자기모델잔차:27.04
17:10:31  자기모델반경:0.907
17:10:31  방향채택:0
17:10:31  방향거부:166351
17:10:31  GPS원시속도:0.026
17:10:31  GPS원시방향유효:1
17:10:31  GPS원시방향:290.8
17:10:31  가속도:-0.41,0.33,9.78
17:10:31  자이로:-1.2,1.0,-0.4
17:10:31  자력계:8.850,4.050,21.150
17:10:31  충격값:0.08
17:10:31  충격피크:0.08
17:10:31  마지막충격발생값:0.00
17:10:31  마지막충격발생ms:0
17:10:31  송신:14672
17:10:31  지팡이수신:9906
17:10:31  GPS위성:9
17:10:31  GPS_HDOP:1.20
17:10:31  원시위도:37.495935
17:10:31  원시경도:126.956107
17:10:31  GPS채택:1527
17:10:31  GPS이상치거부:0
17:10:31  GPS품질거부:0
17:10:31  GPS재기준:0
17:10:31  계산거리:-1.00
17:10:31  접근속도:0.00
17:10:31  TTC:999.00
17:10:31  방향오차:0.0
17:10:31  전방여부:0
17:10:31  위험음성횟수:0
17:10:31  충격음성횟수:0
17:10:31  마지막위험음성:0
17:10:31  RSSI원시:-61
17:10:31  RSSI평활:-59.4
17:10:31  RSSI샘플:9906
17:10:31  RSSI경과ms:87
17:10:31  RSSI구간:4
17:10:31  RSSI거리:2.08
17:10:31  상대보정:0
17:10:31  상대보정중:0
17:10:31  보정동쪽:0.00
17:10:31  보정북쪽:0.00
17:10:31  UWB유효:1
17:10:31  UWB원시거리:4.990
17:10:31  UWB보정거리:5.253
17:10:31  UWB접근속도:-0.082
17:10:31  UWB_RSSI:nan
17:10:31  UWB경과ms:174
17:10:31  UWB샘플:7466
17:10:31  UWB실패:165
17:10:31  UWB보정:1
17:10:31  UWB보정중:0
17:10:31  UWB보정샘플:100
17:10:31  UWB보정기준:3.000
17:10:31  UWB오프셋:0.234
17:10:31  UWB위험사용:0
17:10:31  UWB전송:7463
17:10:31  위험송신:0
17:10:31  시각ms:1541764
17:10:31  IMU시각ms:1541760
17:10:31  위험:0
17:10:31  원시위험:0
17:10:31  GPS유효:1
17:10:31  위도:37.495932
17:10:31  경도:126.956110
17:10:31  속도:0.02
17:10:31  방향:290.8
17:10:31  이동방향유효:0
17:10:31  GPS이동방향:290.8
17:10:31  차체방향유효:0
17:10:31  차체방향:0.0
17:10:31  후진판정:0
17:10:31  IMU요회전속도:0.00
17:10:31  방향가속도크기:9.56
17:10:31  방향자이로크기:5.36
17:10:31  방향자세cos:0.9998
17:10:31  자기모델잔차:24.25
17:10:31  자기모델반경:0.968
17:10:31  방향채택:0
17:10:31  방향거부:166353
17:10:31  GPS원시속도:0.026
17:10:31  GPS원시방향유효:1
17:10:31  GPS원시방향:290.8
17:10:31  가속도:-0.49,0.32,9.54
17:10:31  자이로:1.8,-5.0,0.0
17:10:31  자력계:9.600,5.700,18.150
17:10:31  충격값:0.18
17:10:31  충격피크:0.18
17:10:31  마지막충격발생값:0.00
17:10:31  마지막충격발생ms:0
17:10:31  송신:14672
17:10:31  지팡이수신:9906
17:10:31  GPS위성:9
17:10:31  GPS_HDOP:1.20
17:10:31  원시위도:37.495935
17:10:31  원시경도:126.956107
17:10:31  GPS채택:1527
17:10:31  GPS이상치거부:0
17:10:31  GPS품질거부:0
17:10:31  GPS재기준:0
17:10:31  계산거리:-1.00
17:10:31  접근속도:0.00
17:10:31  TTC:999.00
17:10:31  방향오차:0.0
17:10:31  전방여부:0
17:10:31  위험음성횟수:0
17:10:31  충격음성횟수:0
17:10:31  마지막위험음성:0
17:10:31  RSSI원시:-61
17:10:31  RSSI평활:-59.4
17:10:31  RSSI샘플:9906
17:10:31  RSSI경과ms:110
17:10:31  RSSI구간:4
17:10:31  RSSI거리:2.08
17:10:31  상대보정:0
17:10:31  상대보정중:0
17:10:31  보정동쪽:0.00
17:10:31  보정북쪽:0.00
17:10:31  UWB유효:1
17:10:31  UWB원시거리:5.000
17:10:31  UWB보정거리:5.246
17:10:31  UWB접근속도:-0.047
17:10:31  UWB_RSSI:nan
17:10:31  UWB경과ms:0
17:10:31  UWB샘플:7467
17:10:31  UWB실패:165
17:10:31  UWB보정:1
17:10:31  UWB보정중:0
17:10:31  UWB보정샘플:100
17:10:31  UWB보정기준:3.000
17:10:31  UWB오프셋:0.234
17:10:31  UWB위험사용:0
17:10:31  UWB전송:7464
17:10:31  위험송신:0
17:10:31  시각ms:1541811
17:10:31  IMU시각ms:1541811
17:10:31  위험:0
17:10:31  원시위험:0
17:10:31  GPS유효:1
17:10:31  위도:37.495932
17:10:31  경도:126.956110
17:10:31  속도:0.02
17:10:31  방향:290.8
17:10:31  이동방향유효:0
17:10:31  GPS이동방향:290.8
17:10:31  차체방향유효:0
17:10:31  차체방향:0.0
17:10:31  후진판정:0
17:10:31  IMU요회전속도:0.00
17:10:31  방향가속도크기:9.67
17:10:31  방향자이로크기:4.24
17:10:31  방향자세cos:1.0000
17:10:31  자기모델잔차:25.84
17:10:31  자기모델반경:0.915
17:10:31  방향채택:0
17:10:31  방향거부:166358
17:10:31  GPS원시속도:0.026
17:10:31  GPS원시방향유효:1
17:10:31  GPS원시방향:290.8
17:10:31  가속도:-0.41,0.41,9.65
17:10:31  자이로:2.4,-3.5,-0.4
17:10:31  자력계:7.800,4.050,19.950
17:10:31  충격값:0.08
17:10:31  충격피크:0.15
17:10:31  마지막충격발생값:0.00
17:10:31  마지막충격발생ms:0
17:10:31  송신:14672
17:10:31  지팡이수신:9907
17:10:31  GPS위성:9
17:10:31  GPS_HDOP:1.20
17:10:31  원시위도:37.495935
17:10:31  원시경도:126.956107
17:10:31  GPS채택:1527
17:10:31  GPS이상치거부:0
17:10:31  GPS품질거부:0
17:10:31  GPS재기준:0
17:10:31  계산거리:-1.00
17:10:31  접근속도:0.00
17:10:31  TTC:999.00
17:10:31  방향오차:0.0
17:10:31  전방여부:0
17:10:31  위험음성횟수:0
17:10:31  충격음성횟수:0
17:10:31  마지막위험음성:0
17:10:31  RSSI원시:-61
17:10:31  RSSI평활:-59.7
17:10:31  RSSI샘플:9907
17:10:31  RSSI경과ms:44
17:10:31  RSSI구간:4
17:10:31  RSSI거리:2.14
17:10:31  상대보정:0
17:10:31  상대보정중:0
17:10:31  보정동쪽:0.00
17:10:31  보정북쪽:0.00
17:10:31  UWB유효:1
17:10:31  UWB원시거리:5.000
17:10:31  UWB보정거리:5.246
17:10:31  UWB접근속도:-0.047
17:10:31  UWB_RSSI:nan
17:10:31  UWB경과ms:47
17:10:31  UWB샘플:7467
17:10:31  UWB실패:165
17:10:31  UWB보정:1
17:10:31  UWB보정중:0
17:10:31  UWB보정샘플:100
17:10:31  UWB보정기준:3.000
17:10:31  UWB오프셋:0.234
17:10:31  UWB위험사용:0
17:10:31  UWB전송:7464
17:10:31  위험송신:0
17:10:31  시각ms:1541831
17:10:31  IMU시각ms:1541831
17:10:31  위험:0
17:10:31  원시위험:0
17:10:31  GPS유효:1
17:10:31  위도:37.495932
17:10:31  경도:126.956110
17:10:31  속도:0.02
17:10:31  방향:290.8
17:10:31  이동방향유효:0
17:10:31  GPS이동방향:290.8
17:10:31  차체방향유효:0
17:10:31  차체방향:0.0
17:10:31  후진판정:0
17:10:31  IMU요회전속도:0.00
17:10:31  방향가속도크기:9.75
17:10:31  방향자이로크기:2.87
17:10:31  방향자세cos:1.0000
17:10:31  자기모델잔차:25.19
17:10:31  자기모델반경:0.936
17:10:31  방향채택:0
17:10:31  방향거부:166360
17:10:31  GPS원시속도:0.026
17:10:31  GPS원시방향유효:1
17:10:31  GPS원시방향:290.8
17:10:31  가속도:-0.44,0.41,9.73
17:10:31  자이로:2.0,0.4,-2.0
17:10:31  자력계:9.600,4.800,19.200
17:10:31  충격값:0.07
17:10:31  충격피크:0.07
17:10:31  마지막충격발생값:0.00
17:10:31  마지막충격발생ms:0
17:10:31  송신:14673
17:10:31  지팡이수신:9907
17:10:31  GPS위성:9
17:10:31  GPS_HDOP:1.20
17:10:31  원시위도:37.495935
17:10:31  원시경도:126.956107
17:10:31  GPS채택:1527
17:10:31  GPS이상치거부:0
17:10:31  GPS품질거부:0
17:10:31  GPS재기준:0
17:10:31  계산거리:-1.00
17:10:31  접근속도:0.00
17:10:31  TTC:999.00
17:10:31  방향오차:0.0
17:10:31  전방여부:0
17:10:31  위험음성횟수:0
17:10:31  충격음성횟수:0
17:10:31  마지막위험음성:0
17:10:31  RSSI원시:-61
17:10:31  RSSI평활:-59.7
17:10:31  RSSI샘플:9907
17:10:31  RSSI경과ms:64
17:10:31  RSSI구간:4
17:10:31  RSSI거리:2.14
17:10:31  상대보정:0
17:10:31  상대보정중:0
17:10:31  보정동쪽:0.00
17:10:31  보정북쪽:0.00
17:10:31  UWB유효:1
17:10:31  UWB원시거리:5.000
17:10:31  UWB보정거리:5.246
17:10:31  UWB접근속도:-0.047
17:10:31  UWB_RSSI:nan
17:10:31  UWB경과ms:67
17:10:31  UWB샘플:7467
17:10:31  UWB실패:165
17:10:31  UWB보정:1
17:10:31  UWB보정중:0
17:10:31  UWB보정샘플:100
17:10:31  UWB보정기준:3.000
17:10:31  UWB오프셋:0.234
17:10:31  UWB위험사용:0
17:10:31  UWB전송:7464
17:10:31  위험송신:0
17:10:31  시각ms:1541857
17:10:31  IMU시각ms:1541857
17:10:31  위험:0
17:10:31  원시위험:0
17:10:31  GPS유효:1
17:10:31  위도:37.495932
17:10:31  경도:126.956110
17:10:31  속도:0.02
17:10:31  방향:290.8
17:10:31  이동방향유효:0
17:10:31  GPS이동방향:290.8
17:10:31  차체방향유효:0
17:10:31  차체방향:0.0
17:10:31  후진판정:0
17:10:31  IMU요회전속도:0.00
17:10:31  방향가속도크기:9.77
17:10:31  방향자이로크기:3.19
17:10:31  방향자세cos:0.9998
17:10:31  자기모델잔차:25.86
17:10:31  자기모델반경:0.952
17:10:31  방향채택:0
17:10:31  방향거부:166363
17:10:31  GPS원시속도:0.026
17:10:31  GPS원시방향유효:1
17:10:31  GPS원시방향:290.8
17:10:31  가속도:-0.38,0.31,9.75
17:10:31  자이로:-2.3,2.1,-0.8
17:10:31  자력계:10.200,5.400,19.800
17:10:31  충격값:0.07
17:10:31  충격피크:0.08
17:10:31  마지막충격발생값:0.00
17:10:31  마지막충격발생ms:0
17:10:31  송신:14673
17:10:31  지팡이수신:9907
17:10:31  GPS위성:9
17:10:31  GPS_HDOP:1.20
17:10:31  원시위도:37.495935
17:10:31  원시경도:126.956107
17:10:31  GPS채택:1527
17:10:31  GPS이상치거부:0
17:10:31  GPS품질거부:0
17:10:31  GPS재기준:0
17:10:31  계산거리:-1.00
17:10:31  접근속도:0.00
17:10:31  TTC:999.00
17:10:31  방향오차:0.0
17:10:31  전방여부:0
17:10:31  위험음성횟수:0
17:10:31  충격음성횟수:0
17:10:31  마지막위험음성:0
17:10:31  RSSI원시:-61
17:10:31  RSSI평활:-59.7
17:10:31  RSSI샘플:9907
17:10:31  RSSI경과ms:90
17:10:31  RSSI구간:4
17:10:31  RSSI거리:2.14
17:10:31  상대보정:0
17:10:31  상대보정중:0
17:10:31  보정동쪽:0.00
17:10:31  보정북쪽:0.00
17:10:31  UWB유효:1
17:10:31  UWB원시거리:5.000
17:10:31  UWB보정거리:5.246
17:10:31  UWB접근속도:-0.047
17:10:31  UWB_RSSI:nan
17:10:31  UWB경과ms:93
17:10:31  UWB샘플:7467
17:10:31  UWB실패:165
17:10:31  UWB보정:1
17:10:31  UWB보정중:0
17:10:31  UWB보정샘플:100
17:10:31  UWB보정기준:3.000
17:10:31  UWB오프셋:0.234
17:10:31  UWB위험사용:0
17:10:31  UWB전송:7464
17:10:31  위험송신:0
17:10:31  시각ms:1541953
17:10:31  IMU시각ms:1541953
17:10:31  위험:0
17:10:31  원시위험:0
17:10:31  GPS유효:1
17:10:31  위도:37.495932
17:10:31  경도:126.956110
17:10:31  속도:0.02
17:10:31  방향:290.8
17:10:31  이동방향유효:0
17:10:31  GPS이동방향:290.8
17:10:31  차체방향유효:0
17:10:31  차체방향:0.0
17:10:31  후진판정:0
17:10:31  IMU요회전속도:0.00
17:10:31  방향가속도크기:9.80
17:10:31  방향자이로크기:4.31
17:10:31  방향자세cos:0.9997
17:10:31  자기모델잔차:27.03
17:10:31  자기모델반경:0.910
17:10:31  방향채택:0
17:10:31  방향거부:166373
17:10:31  GPS원시속도:0.026
17:10:31  GPS원시방향유효:1
17:10:31  GPS원시방향:290.8
17:10:31  가속도:-0.32,0.30,9.79
17:10:31  자이로:0.7,-3.9,1.8
17:10:31  자력계:8.100,4.050,21.150
17:10:31  충격값:0.13
17:10:31  충격피크:0.13
17:10:31  마지막충격발생값:0.00
17:10:31  마지막충격발생ms:0
17:10:31  송신:14674
17:10:31  지팡이수신:9908
17:10:31  GPS위성:9
17:10:31  GPS_HDOP:1.20
17:10:31  원시위도:37.495935
17:10:31  원시경도:126.956107
17:10:31  GPS채택:1527
17:10:31  GPS이상치거부:0
17:10:31  GPS품질거부:0
17:10:31  GPS재기준:0
17:10:31  계산거리:-1.00
17:10:31  접근속도:0.00
17:10:31  TTC:999.00
17:10:31  방향오차:0.0
17:10:31  전방여부:0
17:10:31  위험음성횟수:0
17:10:31  충격음성횟수:0
17:10:31  마지막위험음성:0
17:10:31  RSSI원시:-62
17:10:31  RSSI평활:-60.2
17:10:31  RSSI샘플:9908
17:10:31  RSSI경과ms:78
17:10:31  RSSI구간:4
17:10:31  RSSI거리:2.24
17:10:31  상대보정:0
17:10:31  상대보정중:0
17:10:31  보정동쪽:0.00
17:10:31  보정북쪽:0.00
17:10:31  UWB유효:1
17:10:31  UWB원시거리:5.000
17:10:31  UWB보정거리:5.246
17:10:31  UWB접근속도:-0.047
17:10:31  UWB_RSSI:nan
17:10:31  UWB경과ms:189
17:10:31  UWB샘플:7467
17:10:31  UWB실패:165
17:10:31  UWB보정:1
17:10:31  UWB보정중:0
17:10:31  UWB보정샘플:100
17:10:31  UWB보정기준:3.000
17:10:31  UWB오프셋:0.234
17:10:31  UWB위험사용:0
17:10:31  UWB전송:7464
17:10:31  위험송신:0
17:10:31  시각ms:1542051
17:10:31  IMU시각ms:1542051
17:10:31  위험:0
17:10:31  원시위험:0
17:10:31  GPS유효:1
17:10:31  위도:37.495932
17:10:31  경도:126.956110
17:10:31  속도:0.02
17:10:31  방향:290.8
17:10:31  이동방향유효:0
17:10:31  GPS이동방향:290.8
17:10:31  차체방향유효:0
17:10:31  차체방향:0.0
17:10:31  후진판정:0
17:10:31  IMU요회전속도:0.00
17:10:31  방향가속도크기:9.71
17:10:31  방향자이로크기:2.21
17:10:31  방향자세cos:1.0000
17:10:31  자기모델잔차:27.23
17:10:31  자기모델반경:0.960
17:10:31  방향채택:0
17:10:31  방향거부:166383
17:10:31  GPS원시속도:0.026
17:10:31  GPS원시방향유효:1
17:10:31  GPS원시방향:290.8
17:10:31  가속도:-0.43,0.41,9.69
17:10:31  자이로:-0.5,2.1,-0.5
17:10:31  자력계:8.550,5.700,21.150
17:10:31  충격값:0.07
17:10:31  충격피크:0.19
17:10:31  마지막충격발생값:0.00
17:10:31  마지막충격발생ms:0
17:10:31  송신:14675
17:10:31  지팡이수신:9909
17:10:31  GPS위성:9
17:10:31  GPS_HDOP:1.20
17:10:31  원시위도:37.495935
17:10:31  원시경도:126.956107
17:10:31  GPS채택:1527
17:10:31  GPS이상치거부:0
17:10:31  GPS품질거부:0
17:10:31  GPS재기준:0
17:10:31  계산거리:-1.00
17:10:31  접근속도:0.00
17:10:31  TTC:999.00
17:10:31  방향오차:0.0
17:10:31  전방여부:0
17:10:31  위험음성횟수:0
17:10:31  충격음성횟수:0
17:10:31  마지막위험음성:0
17:10:31  RSSI원시:-60
17:10:31  RSSI평활:-60.1
17:10:31  RSSI샘플:9909
17:10:31  RSSI경과ms:80
17:10:31  RSSI구간:4
17:10:31  RSSI거리:2.23
17:10:31  상대보정:0
17:10:31  상대보정중:0
17:10:31  보정동쪽:0.00
17:10:31  보정북쪽:0.00
17:10:31  UWB유효:1
17:10:31  UWB원시거리:5.020
17:10:31  UWB보정거리:5.246
17:10:31  UWB접근속도:-0.032
17:10:31  UWB_RSSI:nan
17:10:31  UWB경과ms:84
17:10:31  UWB샘플:7468
17:10:31  UWB실패:165
17:10:31  UWB보정:1
17:10:31  UWB보정중:0
17:10:31  UWB보정샘플:100
17:10:31  UWB보정기준:3.000
17:10:31  UWB오프셋:0.234
17:10:31  UWB위험사용:0
17:10:31  UWB전송:7465
17:10:31  위험송신:0
17:10:31  시각ms:1542079
17:10:31  IMU시각ms:1542078
17:10:31  위험:0
17:10:31  원시위험:0
17:10:31  GPS유효:1
17:10:31  위도:37.495932
17:10:31  경도:126.956110
17:10:31  속도:0.02
17:10:31  방향:290.8
17:10:31  이동방향유효:0
17:10:31  GPS이동방향:290.8
17:10:31  차체방향유효:0
17:10:31  차체방향:0.0
17:10:31  후진판정:0
17:10:31  IMU요회전속도:0.00
17:10:31  방향가속도크기:9.71
17:10:31  방향자이로크기:4.39
17:10:31  방향자세cos:0.9999
17:10:31  자기모델잔차:27.28
17:10:31  자기모델반경:0.894
17:10:31  방향채택:0
17:10:31  방향거부:166386
17:10:31  GPS원시속도:0.026
17:10:31  GPS원시방향유효:1
17:10:31  GPS원시방향:290.8
17:10:31  가속도:-0.57,0.48,9.68
17:10:31  자이로:4.3,0.7,-0.7
17:10:31  자력계:8.100,3.600,21.450
17:10:31  충격값:0.20
17:10:31  충격피크:0.20
17:10:31  마지막충격발생값:0.00
17:10:31  마지막충격발생ms:0
17:10:31  송신:14675
17:10:31  지팡이수신:9910
17:10:31  GPS위성:9
17:10:31  GPS_HDOP:1.20
17:10:31  원시위도:37.495935
17:10:31  원시경도:126.956107
17:10:31  GPS채택:1527
17:10:31  GPS이상치거부:0
17:10:31  GPS품질거부:0
17:10:31  GPS재기준:0
17:10:31  계산거리:-1.00
17:10:31  접근속도:0.00
17:10:31  TTC:999.00
17:10:31  방향오차:0.0
17:10:31  전방여부:0
17:10:31  위험음성횟수:0
17:10:31  충격음성횟수:0
17:10:31  마지막위험음성:0
17:10:31  RSSI원시:-60
17:10:31  RSSI평활:-60.1
17:10:31  RSSI샘플:9910
17:10:31  RSSI경과ms:2
17:10:31  RSSI구간:4
17:10:31  RSSI거리:2.23
17:10:31  상대보정:0
17:10:31  상대보정중:0
17:10:31  보정동쪽:0.00
17:10:31  보정북쪽:0.00
17:10:31  UWB유효:1
17:10:31  UWB원시거리:5.020
17:10:31  UWB보정거리:5.246
17:10:31  UWB접근속도:-0.032
17:10:31  UWB_RSSI:nan
17:10:31  UWB경과ms:112
17:10:31  UWB샘플:7468
17:10:31  UWB실패:165
17:10:31  UWB보정:1
17:10:31  UWB보정중:0
17:10:31  UWB보정샘플:100
17:10:31  UWB보정기준:3.000
17:10:31  UWB오프셋:0.234
17:10:31  UWB위험사용:0
17:10:31  UWB전송:7465
17:10:31  위험송신:0
17:10:31  시각ms:1542100
17:10:31  IMU시각ms:1542100
17:10:31  위험:0
17:10:31  원시위험:0
17:10:31  GPS유효:1
17:10:31  위도:37.495932
17:10:31  경도:126.956110
17:10:31  속도:0.02
17:10:31  방향:290.8
17:10:31  이동방향유효:0
17:10:31  GPS이동방향:290.8
17:10:31  차체방향유효:0
17:10:31  차체방향:0.0
17:10:31  후진판정:0
17:10:31  IMU요회전속도:0.00
17:10:31  방향가속도크기:9.77
17:10:31  방향자이로크기:2.80
17:10:31  방향자세cos:0.9999
17:10:31  자기모델잔차:25.91
17:10:31  자기모델반경:0.923
17:10:31  방향채택:0
17:10:31  방향거부:166388
17:10:31  GPS원시속도:0.026
17:10:31  GPS원시방향유효:1
17:10:31  GPS원시방향:290.8
17:10:31  가속도:-0.45,0.37,9.75
17:10:31  자이로:-0.3,2.6,-0.9
17:10:31  자력계:10.800,4.500,19.950
17:10:31  충격값:0.06
17:10:31  충격피크:0.13
17:10:31  마지막충격발생값:0.00
17:10:31  마지막충격발생ms:0
17:10:31  송신:14675
17:10:31  지팡이수신:9910
17:10:31  GPS위성:9
17:10:31  GPS_HDOP:1.20
17:10:31  원시위도:37.495935
17:10:31  원시경도:126.956107
17:10:31  GPS채택:1527
17:10:31  GPS이상치거부:0
17:10:31  GPS품질거부:0
17:10:31  GPS재기준:0
17:10:31  계산거리:-1.00
17:10:31  접근속도:0.00
17:10:31  TTC:999.00
17:10:31  방향오차:0.0
17:10:31  전방여부:0
17:10:31  위험음성횟수:0
17:10:31  충격음성횟수:0
17:10:31  마지막위험음성:0
17:10:31  RSSI원시:-60
17:10:31  RSSI평활:-60.1
17:10:31  RSSI샘플:9910
17:10:31  RSSI경과ms:23
17:10:31  RSSI구간:4
17:10:31  RSSI거리:2.23
17:10:31  상대보정:0
17:10:31  상대보정중:0
17:10:31  보정동쪽:0.00
17:10:31  보정북쪽:0.00
17:10:31  UWB유효:1
17:10:31  UWB원시거리:5.020
17:10:31  UWB보정거리:5.246
17:10:31  UWB접근속도:-0.032
17:10:31  UWB_RSSI:nan
17:10:31  UWB경과ms:133
17:10:31  UWB샘플:7468
17:10:31  UWB실패:165
17:10:31  UWB보정:1
17:10:31  UWB보정중:0
17:10:31  UWB보정샘플:100
17:10:31  UWB보정기준:3.000
17:10:31  UWB오프셋:0.234
17:10:31  UWB위험사용:0
17:10:31  UWB전송:7465
17:10:31  위험송신:0
17:10:31  시각ms:1542148
17:10:31  IMU시각ms:1542148
17:10:31  위험:0
17:10:31  원시위험:0
17:10:31  GPS유효:1
17:10:31  위도:37.495932
17:10:31  경도:126.956110
17:10:31  속도:0.02
17:10:31  방향:290.8
17:10:31  이동방향유효:0
17:10:31  GPS이동방향:290.8
17:10:31  차체방향유효:0
17:10:31  차체방향:0.0
17:10:31  후진판정:0
17:10:31  IMU요회전속도:0.00
17:10:31  방향가속도크기:9.69
17:10:31  방향자이로크기:1.70
17:10:31  방향자세cos:1.0000
17:10:31  자기모델잔차:26.90
17:10:31  자기모델반경:0.915
17:10:31  방향채택:0
17:10:31  방향거부:166393
17:10:31  GPS원시속도:0.026
17:10:31  GPS원시방향유효:1
17:10:31  GPS원시방향:290.8
17:10:31  가속도:-0.40,0.42,9.68
17:10:31  자이로:1.0,1.2,-0.6
17:10:31  자력계:7.950,4.200,21.000
17:10:31  충격값:0.07
17:10:31  충격피크:0.14
17:10:31  마지막충격발생값:0.00
17:10:31  마지막충격발생ms:0
17:10:31  송신:14676
17:10:31  지팡이수신:9910
17:10:31  GPS위성:9
17:10:31  GPS_HDOP:1.20
17:10:31  원시위도:37.495935
17:10:31  원시경도:126.956107
17:10:31  GPS채택:1527
17:10:31  GPS이상치거부:0
17:10:31  GPS품질거부:0
17:10:31  GPS재기준:0
17:10:31  계산거리:-1.00
17:10:31  접근속도:0.00
17:10:31  TTC:999.00
17:10:31  방향오차:0.0
17:10:31  전방여부:0
17:10:31  위험음성횟수:0
17:10:31  충격음성횟수:0
17:10:31  마지막위험음성:0
17:10:31  RSSI원시:-60
17:10:31  RSSI평활:-60.1
17:10:31  RSSI샘플:9910
17:10:31  RSSI경과ms:71
17:10:31  RSSI구간:4
17:10:31  RSSI거리:2.23
17:10:31  상대보정:0
17:10:31  상대보정중:0
17:10:31  보정동쪽:0.00
17:10:31  보정북쪽:0.00
17:10:31  UWB유효:1
17:10:31  UWB원시거리:5.020
17:10:31  UWB보정거리:5.246
17:10:31  UWB접근속도:-0.032
17:10:31  UWB_RSSI:nan
17:10:31  UWB경과ms:181
17:10:31  UWB샘플:7468
17:10:31  UWB실패:165
17:10:31  UWB보정:1
17:10:31  UWB보정중:0
17:10:31  UWB보정샘플:100
17:10:31  UWB보정기준:3.000
17:10:31  UWB오프셋:0.234
17:10:31  UWB위험사용:0
17:10:31  UWB전송:7465
17:10:31  위험송신:0
17:10:31  시각ms:1542181
17:10:31  IMU시각ms:1542169
17:10:31  위험:0
17:10:31  원시위험:0
17:10:31  GPS유효:1
17:10:31  위도:37.495932
17:10:31  경도:126.956110
17:10:31  속도:0.02
17:10:31  방향:290.8
17:10:31  이동방향유효:0
17:10:31  GPS이동방향:290.8
17:10:31  차체방향유효:0
17:10:31  차체방향:0.0
17:10:31  후진판정:0
17:10:31  IMU요회전속도:0.00
17:10:31  방향가속도크기:9.70
17:10:31  방향자이로크기:2.15
17:10:31  방향자세cos:0.9999
17:10:31  자기모델잔차:26.78
17:10:31  자기모델반경:0.961
17:10:31  방향채택:0
17:10:31  방향거부:166395
17:10:31  GPS원시속도:0.026
17:10:31  GPS원시방향유효:1
17:10:31  GPS원시방향:290.8
17:10:31  가속도:-0.45,0.38,9.69
17:10:31  자이로:-0.8,1.3,-1.5
17:10:31  자력계:8.850,5.700,20.700
17:10:31  충격값:0.04
17:10:31  충격피크:0.14
17:10:31  마지막충격발생값:0.00
17:10:31  마지막충격발생ms:0
17:10:31  송신:14676
17:10:31  지팡이수신:9910
17:10:31  GPS위성:9
17:10:31  GPS_HDOP:1.20
17:10:31  원시위도:37.495935
17:10:31  원시경도:126.956107
17:10:31  GPS채택:1527
17:10:31  GPS이상치거부:0
17:10:31  GPS품질거부:0
17:10:31  GPS재기준:0
17:10:31  계산거리:-1.00
17:10:31  접근속도:0.00
17:10:31  TTC:999.00
17:10:31  방향오차:0.0
17:10:31  전방여부:0
17:10:31  위험음성횟수:0
17:10:31  충격음성횟수:0
17:10:31  마지막위험음성:0
17:10:31  RSSI원시:-60
17:10:31  RSSI평활:-60.1
17:10:31  RSSI샘플:9910
17:10:31  RSSI경과ms:104
17:10:31  RSSI구간:4
17:10:31  RSSI거리:2.23
17:10:31  상대보정:0
17:10:31  상대보정중:0
17:10:31  보정동쪽:0.00
17:10:31  보정북쪽:0.00
17:10:31  UWB유효:1
17:10:31  UWB원시거리:5.020
17:10:31  UWB보정거리:5.245
17:10:31  UWB접근속도:-0.022
17:10:31  UWB_RSSI:nan
17:10:31  UWB경과ms:20
17:10:31  UWB샘플:7469
17:10:31  UWB실패:165
17:10:31  UWB보정:1
17:10:31  UWB보정중:0
17:10:31  UWB보정샘플:100
17:10:31  UWB보정기준:3.000
17:10:31  UWB오프셋:0.234
17:10:31  UWB위험사용:0
17:10:31  UWB전송:7466
17:10:31  위험송신:0
17:10:31  시각ms:1542201
17:10:31  IMU시각ms:1542201
17:10:31  위험:0
17:10:31  원시위험:0
17:10:31  GPS유효:1
17:10:31  위도:37.495932
17:10:31  경도:126.956110
17:10:31  속도:0.02
17:10:31  방향:290.8
17:10:31  이동방향유효:0
17:10:31  GPS이동방향:290.8
17:10:31  차체방향유효:0
17:10:31  차체방향:0.0
17:10:31  후진판정:0
17:10:31  IMU요회전속도:0.00
17:10:31  방향가속도크기:9.79
17:10:31  방향자이로크기:2.80
17:10:31  방향자세cos:0.9999
17:10:31  자기모델잔차:25.85
17:10:31  자기모델반경:0.911
17:10:31  방향채택:0
17:10:31  방향거부:166397
17:10:31  GPS원시속도:0.026
17:10:31  GPS원시방향유효:1
17:10:31  GPS원시방향:290.8
17:10:31  가속도:-0.51,0.57,9.76
17:10:31  자이로:2.0,-1.7,-1.0
17:10:31  자력계:9.300,4.050,19.950
17:10:31  충격값:0.25
17:10:31  충격피크:0.25
17:10:31  마지막충격발생값:0.00
17:10:31  마지막충격발생ms:0
17:10:31  송신:14676
17:10:31  지팡이수신:9911
17:10:31  GPS위성:9
17:10:31  GPS_HDOP:1.20
17:10:31  원시위도:37.495935
17:10:31  원시경도:126.956107
17:10:31  GPS채택:1527
17:10:31  GPS이상치거부:0
17:10:31  GPS품질거부:0
17:10:31  GPS재기준:0
17:10:31  계산거리:-1.00
17:10:31  접근속도:0.00
17:10:31  TTC:999.00
17:10:31  방향오차:0.0
17:10:31  전방여부:0
17:10:31  위험음성횟수:0
17:10:31  충격음성횟수:0
17:10:31  마지막위험음성:0
17:10:31  RSSI원시:-61
17:10:31  RSSI평활:-60.3
17:10:31  RSSI샘플:9911
17:10:31  RSSI경과ms:17
17:10:31  RSSI구간:4
17:10:31  RSSI거리:2.26
17:10:31  상대보정:0
17:10:31  상대보정중:0
17:10:31  보정동쪽:0.00
17:10:31  보정북쪽:0.00
17:10:31  UWB유효:1
17:10:31  UWB원시거리:5.020
17:10:31  UWB보정거리:5.245
17:10:31  UWB접근속도:-0.022
17:10:31  UWB_RSSI:nan
17:10:31  UWB경과ms:40
17:10:31  UWB샘플:7469
17:10:31  UWB실패:165
17:10:31  UWB보정:1
17:10:31  UWB보정중:0
17:10:31  UWB보정샘플:100
17:10:31  UWB보정기준:3.000
17:10:31  UWB오프셋:0.234
17:10:31  UWB위험사용:0
17:10:31  UWB전송:7466
17:10:31  위험송신:0
17:10:31  시각ms:1542229
17:10:31  IMU시각ms:1542229
17:10:31  위험:0
17:10:31  원시위험:0
17:10:31  GPS유효:1
17:10:31  위도:37.495932
17:10:31  경도:126.956110
17:10:31  속도:0.02
17:10:31  방향:290.8
17:10:31  이동방향유효:0
17:10:31  GPS이동방향:290.8
17:10:31  차체방향유효:0
17:10:31  차체방향:0.0
17:10:31  후진판정:0
17:10:31  IMU요회전속도:0.00
17:10:31  방향가속도크기:9.77
17:10:31  방향자이로크기:1.75
17:10:31  방향자세cos:0.9999
17:10:31  자기모델잔차:25.82
17:10:31  자기모델반경:0.945
17:10:31  방향채택:0
17:10:31  방향거부:166400
17:10:31  GPS원시속도:0.026
17:10:31  GPS원시방향유효:1
17:10:31  GPS원시방향:290.8
17:10:31  가속도:-0.51,0.37,9.75
17:10:31  자이로:-0.7,-1.6,0.2
17:10:31  자력계:9.150,5.100,19.800
17:10:31  충격값:0.11
17:10:31  충격피크:0.11
17:10:31  마지막충격발생값:0.00
17:10:31  마지막충격발생ms:0
17:10:31  송신:14676
17:10:31  지팡이수신:9911
17:10:31  GPS위성:9
17:10:31  GPS_HDOP:1.20
17:10:31  원시위도:37.495935
17:10:31  원시경도:126.956107
17:10:31  GPS채택:1527
17:10:31  GPS이상치거부:0
17:10:31  GPS품질거부:0
17:10:31  GPS재기준:0
17:10:31  계산거리:-1.00
17:10:31  접근속도:0.00
17:10:31  TTC:999.00
17:10:31  방향오차:0.0
17:10:31  전방여부:0
17:10:31  위험음성횟수:0
17:10:31  충격음성횟수:0
17:10:31  마지막위험음성:0
17:10:31  RSSI원시:-61
17:10:31  RSSI평활:-60.3
17:10:31  RSSI샘플:9911
17:10:31  RSSI경과ms:45
17:10:31  RSSI구간:4
17:10:31  RSSI거리:2.26
17:10:31  상대보정:0
17:10:31  상대보정중:0
17:10:31  보정동쪽:0.00
17:10:31  보정북쪽:0.00
17:10:31  UWB유효:1
17:10:31  UWB원시거리:5.020
17:10:31  UWB보정거리:5.245
17:10:31  UWB접근속도:-0.022
17:10:31  UWB_RSSI:nan
17:10:31  UWB경과ms:68
17:10:31  UWB샘플:7469
17:10:31  UWB실패:165
17:10:31  UWB보정:1
17:10:31  UWB보정중:0
17:10:31  UWB보정샘플:100
17:10:31  UWB보정기준:3.000
17:10:31  UWB오프셋:0.234
17:10:31  UWB위험사용:0
17:10:31  UWB전송:7466
17:10:31  위험송신:0
17:10:31  시각ms:1542249
17:10:31  IMU시각ms:1542249
17:10:31  위험:0
17:10:31  원시위험:0
17:10:31  GPS유효:1
17:10:31  위도:37.495932
17:10:31  경도:126.956110
17:10:31  속도:0.02
17:10:31  방향:290.8
17:10:31  이동방향유효:0
17:10:31  GPS이동방향:290.8
17:10:31  차체방향유효:0
17:10:31  차체방향:0.0
17:10:31  후진판정:0
17:10:31  IMU요회전속도:0.00
17:10:31  방향가속도크기:9.73
17:10:31  방향자이로크기:2.06
17:10:31  방향자세cos:1.0000
17:10:31  자기모델잔차:24.88
17:10:31  자기모델반경:0.941
17:10:31  방향채택:0
17:10:31  방향거부:166402
17:10:31  GPS원시속도:0.026
17:10:31  GPS원시방향유효:1
17:10:31  GPS원시방향:290.8
17:10:31  가속도:-0.42,0.40,9.71
17:10:31  자이로:0.4,1.8,-0.9
17:10:31  자력계:8.100,4.800,18.900
17:10:31  충격값:0.04
17:10:31  충격피크:0.12
17:10:31  마지막충격발생값:0.00
17:10:31  마지막충격발생ms:0
17:10:31  송신:14677
17:10:31  지팡이수신:9911
17:10:31  GPS위성:9
17:10:31  GPS_HDOP:1.20
17:10:31  원시위도:37.495935
17:10:31  원시경도:126.956107
17:10:31  GPS채택:1527
17:10:31  GPS이상치거부:0
17:10:31  GPS품질거부:0
17:10:31  GPS재기준:0
17:10:31  계산거리:-1.00
17:10:31  접근속도:0.00
17:10:31  TTC:999.00
17:10:31  방향오차:0.0
17:10:31  전방여부:0
17:10:31  위험음성횟수:0
17:10:31  충격음성횟수:0
17:10:31  마지막위험음성:0
17:10:31  RSSI원시:-61
17:10:31  RSSI평활:-60.3
17:10:31  RSSI샘플:9911
17:10:31  RSSI경과ms:65
17:10:31  RSSI구간:4
17:10:31  RSSI거리:2.26
17:10:31  상대보정:0
17:10:31  상대보정중:0
17:10:31  보정동쪽:0.00
17:10:31  보정북쪽:0.00
17:10:31  UWB유효:1
17:10:31  UWB원시거리:5.020
17:10:31  UWB보정거리:5.245
17:10:31  UWB접근속도:-0.022
17:10:31  UWB_RSSI:nan
17:10:31  UWB경과ms:88
17:10:31  UWB샘플:7469
17:10:31  UWB실패:165
17:10:31  UWB보정:1
17:10:31  UWB보정중:0
17:10:31  UWB보정샘플:100
17:10:31  UWB보정기준:3.000
17:10:31  UWB오프셋:0.234
17:10:31  UWB위험사용:0
17:10:31  UWB전송:7466
17:10:31  위험송신:0
17:10:31  시각ms:1542275
17:10:31  IMU시각ms:1542275
17:10:31  위험:0
17:10:31  원시위험:0
17:10:31  GPS유효:1
17:10:31  위도:37.495932
17:10:31  경도:126.956110
17:10:31  속도:0.02
17:10:31  방향:290.8
17:10:31  이동방향유효:0
17:10:31  GPS이동방향:290.8
17:10:31  차체방향유효:0
17:10:31  차체방향:0.0
17:10:31  후진판정:0
17:10:31  IMU요회전속도:0.00
17:10:31  방향가속도크기:9.71
17:10:31  방향자이로크기:2.43
17:10:31  방향자세cos:0.9998
17:10:31  자기모델잔차:24.78
17:10:31  자기모델반경:0.948
17:10:31  방향채택:0
17:10:31  방향거부:166405
17:10:31  GPS원시속도:0.026
17:10:31  GPS원시방향유효:1
17:10:31  GPS원시방향:290.8
17:10:31  가속도:-0.40,0.30,9.70
17:10:31  자이로:2.2,0.9,-0.4
17:10:31  자력계:9.150,5.100,18.750
17:10:31  충격값:0.06
17:10:31  충격피크:0.16
17:10:31  마지막충격발생값:0.00
17:10:31  마지막충격발생ms:0
17:10:31  송신:14677
17:10:31  지팡이수신:9911
17:10:31  GPS위성:9
17:10:31  GPS_HDOP:1.20
17:10:31  원시위도:37.495935
17:10:31  원시경도:126.956107
17:10:31  GPS채택:1527
17:10:31  GPS이상치거부:0
17:10:31  GPS품질거부:0
17:10:31  GPS재기준:0
17:10:31  계산거리:-1.00
17:10:31  접근속도:0.00
17:10:31  TTC:999.00
17:10:31  방향오차:0.0
17:10:31  전방여부:0
17:10:31  위험음성횟수:0
17:10:31  충격음성횟수:0
17:10:31  마지막위험음성:0
17:10:31  RSSI원시:-61
17:10:31  RSSI평활:-60.3
17:10:31  RSSI샘플:9911
17:10:31  RSSI경과ms:91
17:10:31  RSSI구간:4
17:10:31  RSSI거리:2.26
17:10:31  상대보정:0
17:10:31  상대보정중:0
17:10:31  보정동쪽:0.00
17:10:31  보정북쪽:0.00
17:10:31  UWB유효:1
17:10:31  UWB원시거리:5.020
17:10:31  UWB보정거리:5.245
17:10:31  UWB접근속도:-0.022
17:10:31  UWB_RSSI:nan
17:10:31  UWB경과ms:114
17:10:31  UWB샘플:7469
17:10:31  UWB실패:165
17:10:31  UWB보정:1
17:10:31  UWB보정중:0
17:10:31  UWB보정샘플:100
17:10:31  UWB보정기준:3.000
17:10:31  UWB오프셋:0.234
17:10:31  UWB위험사용:0
17:10:31  UWB전송:7466
17:10:31  위험송신:0
17:10:32  시각ms:1542431
17:10:32  IMU시각ms:1542431
17:10:32  위험:0
17:10:32  원시위험:0
17:10:32  GPS유효:1
17:10:32  위도:37.495932
17:10:32  경도:126.956110
17:10:32  속도:0.02
17:10:32  방향:290.8
17:10:32  이동방향유효:0
17:10:32  GPS이동방향:290.8
17:10:32  차체방향유효:0
17:10:32  차체방향:0.0
17:10:32  후진판정:0
17:10:32  IMU요회전속도:0.00
17:10:32  방향가속도크기:9.71
17:10:32  방향자이로크기:1.57
17:10:32  방향자세cos:1.0000
17:10:32  자기모델잔차:25.19
17:10:32  자기모델반경:0.937
17:10:32  방향채택:0
17:10:32  방향거부:166421
17:10:32  GPS원시속도:0.026
17:10:32  GPS원시방향유효:1
17:10:32  GPS원시방향:290.8
17:10:32  가속도:-0.38,0.46,9.69
17:10:32  자이로:-0.2,0.7,-1.4
17:10:32  자력계:9.300,4.800,19.200
17:10:32  충격값:0.10
17:10:32  충격피크:0.16
17:10:32  마지막충격발생값:0.00
17:10:32  마지막충격발생ms:0
17:10:32  송신:14678
17:10:32  지팡이수신:9913
17:10:32  GPS위성:9
17:10:32  GPS_HDOP:1.20
17:10:32  원시위도:37.495935
17:10:32  원시경도:126.956107
17:10:32  GPS채택:1527
17:10:32  GPS이상치거부:0
17:10:32  GPS품질거부:0
17:10:32  GPS재기준:0
17:10:32  계산거리:-1.00
17:10:32  접근속도:0.00
17:10:32  TTC:999.00
17:10:32  방향오차:0.0
17:10:32  전방여부:0
17:10:32  위험음성횟수:0
17:10:32  충격음성횟수:0
17:10:32  마지막위험음성:0
17:10:32  RSSI원시:-60
17:10:32  RSSI평활:-60.2
17:10:32  RSSI샘플:9913
17:10:32  RSSI경과ms:22
17:10:32  RSSI구간:4
17:10:32  RSSI거리:2.24
17:10:32  상대보정:0
17:10:32  상대보정중:0
17:10:32  보정동쪽:0.00
17:10:32  보정북쪽:0.00
17:10:32  UWB유효:1
17:10:32  UWB원시거리:5.010
17:10:32  UWB보정거리:5.245
17:10:32  UWB접근속도:-0.015
17:10:32  UWB_RSSI:nan
17:10:32  UWB경과ms:62
17:10:32  UWB샘플:7470
17:10:32  UWB실패:165
17:10:32  UWB보정:1
17:10:32  UWB보정중:0
17:10:32  UWB보정샘플:100
17:10:32  UWB보정기준:3.000
17:10:32  UWB오프셋:0.234
17:10:32  UWB위험사용:0
17:10:32  UWB전송:7467
17:10:32  위험송신:0
17:10:32  시각ms:1542760
17:10:32  IMU시각ms:1542755
17:10:32  위험:0
17:10:32  원시위험:0
17:10:32  GPS유효:1
17:10:32  위도:37.495934
17:10:32  경도:126.956109
17:10:32  속도:0.02
17:10:32  방향:290.8
17:10:32  이동방향유효:0
17:10:32  GPS이동방향:290.8
17:10:32  차체방향유효:0
17:10:32  차체방향:0.0
17:10:32  후진판정:0
17:10:32  IMU요회전속도:0.00
17:10:32  방향가속도크기:9.67
17:10:32  방향자이로크기:2.39
17:10:32  방향자세cos:0.9998
17:10:32  자기모델잔차:24.80
17:10:32  자기모델반경:0.916
17:10:32  방향채택:0
17:10:32  방향거부:166456
17:10:32  GPS원시속도:0.021
17:10:32  GPS원시방향유효:1
17:10:32  GPS원시방향:290.8
17:10:32  가속도:-0.37,0.30,9.66
17:10:32  자이로:0.6,1.9,-1.3
17:10:32  자력계:8.850,4.050,18.900
17:10:32  충격값:0.08
17:10:32  충격피크:0.08
17:10:32  마지막충격발생값:0.00
17:10:32  마지막충격발생ms:0
17:10:32  송신:14682
17:10:32  지팡이수신:9915
17:10:32  GPS위성:9
17:10:32  GPS_HDOP:1.11
17:10:32  원시위도:37.495936
17:10:32  원시경도:126.956107
17:10:32  GPS채택:1528
17:10:32  GPS이상치거부:0
17:10:32  GPS품질거부:0
17:10:32  GPS재기준:0
17:10:32  계산거리:-1.00
17:10:32  접근속도:0.00
17:10:32  TTC:999.00
17:10:32  방향오차:0.0
17:10:32  전방여부:0
17:10:32  위험음성횟수:0
17:10:32  충격음성횟수:0
17:10:32  마지막위험음성:0
17:10:32  RSSI원시:-61
17:10:32  RSSI평활:-60.5
17:10:32  RSSI샘플:9915
17:10:32  RSSI경과ms:150
17:10:32  RSSI구간:4
17:10:32  RSSI거리:2.31
17:10:32  상대보정:0
17:10:32  상대보정중:0
17:10:32  보정동쪽:0.00
17:10:32  보정북쪽:0.00
17:10:32  UWB유효:1
17:10:32  UWB원시거리:5.000
17:10:32  UWB보정거리:5.250
17:10:32  UWB접근속도:-0.014
17:10:32  UWB_RSSI:nan
17:10:32  UWB경과ms:1
17:10:32  UWB샘플:7472
17:10:32  UWB실패:165
17:10:32  UWB보정:1
17:10:32  UWB보정중:0
17:10:32  UWB보정샘플:100
17:10:32  UWB보정기준:3.000
17:10:32  UWB오프셋:0.234
17:10:32  UWB위험사용:0
17:10:32  UWB전송:7469
17:10:32  위험송신:0
17:10:32  시각ms:1542781
17:10:32  IMU시각ms:1542781
17:10:32  위험:0
17:10:32  원시위험:0
17:10:32  GPS유효:1
17:10:32  위도:37.495934
17:10:32  경도:126.956109
17:10:32  속도:0.02
17:10:32  방향:290.8
17:10:32  이동방향유효:0
17:10:32  GPS이동방향:290.8
17:10:32  차체방향유효:0
17:10:32  차체방향:0.0
17:10:32  후진판정:0
17:10:32  IMU요회전속도:0.00
17:10:32  방향가속도크기:9.80
17:10:32  방향자이로크기:2.57
17:10:32  방향자세cos:0.9997
17:10:32  자기모델잔차:25.68
17:10:32  자기모델반경:0.951
17:10:32  방향채택:0
17:10:32  방향거부:166458
17:10:32  GPS원시속도:0.021
17:10:32  GPS원시방향유효:1
17:10:32  GPS원시방향:290.8
17:10:32  가속도:-0.33,0.29,9.79
17:10:32  자이로:1.8,1.4,-1.3
17:10:32  자력계:8.550,5.250,19.650
17:10:32  충격값:0.13
17:10:32  충격피크:0.13
17:10:32  마지막충격발생값:0.00
17:10:32  마지막충격발생ms:0
17:10:32  송신:14682
17:10:32  지팡이수신:9915
17:10:32  GPS위성:9
17:10:32  GPS_HDOP:1.11
17:10:32  원시위도:37.495936
17:10:32  원시경도:126.956107
17:10:32  GPS채택:1528
17:10:32  GPS이상치거부:0
17:10:32  GPS품질거부:0
17:10:32  GPS재기준:0
17:10:32  계산거리:-1.00
17:10:32  접근속도:0.00
17:10:32  TTC:999.00
17:10:32  방향오차:0.0
17:10:32  전방여부:0
17:10:32  위험음성횟수:0
17:10:32  충격음성횟수:0
17:10:32  마지막위험음성:0
17:10:32  RSSI원시:-61
17:10:32  RSSI평활:-60.5
17:10:32  RSSI샘플:9915
17:10:32  RSSI경과ms:171
17:10:32  RSSI구간:4
17:10:32  RSSI거리:2.31
17:10:32  상대보정:0
17:10:32  상대보정중:0
17:10:32  보정동쪽:0.00
17:10:32  보정북쪽:0.00
17:10:32  UWB유효:1
17:10:32  UWB원시거리:5.000
17:10:32  UWB보정거리:5.250
17:10:32  UWB접근속도:-0.014
17:10:32  UWB_RSSI:nan
17:10:32  UWB경과ms:22
17:10:32  UWB샘플:7472
17:10:32  UWB실패:165
17:10:32  UWB보정:1
17:10:32  UWB보정중:0
17:10:32  UWB보정샘플:100
17:10:32  UWB보정기준:3.000
17:10:32  UWB오프셋:0.234
17:10:32  UWB위험사용:0
17:10:32  UWB전송:7469
17:10:32  위험송신:0
17:10:32  시각ms:1543058
17:10:32  IMU시각ms:1543057
17:10:32  위험:0
17:10:32  원시위험:0
17:10:32  GPS유효:1
17:10:32  위도:37.495934
17:10:32  경도:126.956109
17:10:32  속도:0.02
17:10:32  방향:290.8
17:10:32  이동방향유효:0
17:10:32  GPS이동방향:290.8
17:10:32  차체방향유효:0
17:10:32  차체방향:0.0
17:10:32  후진판정:0
17:10:32  IMU요회전속도:0.00
17:10:32  방향가속도크기:9.69
17:10:32  방향자이로크기:3.99
17:10:32  방향자세cos:1.0000
17:10:32  자기모델잔차:25.10
17:10:32  자기모델반경:0.915
17:10:32  방향채택:0
17:10:32  방향거부:166487
17:10:32  GPS원시속도:0.021
17:10:32  GPS원시방향유효:1
17:10:32  GPS원시방향:290.8
17:10:32  가속도:-0.39,0.42,9.68
17:10:32  자이로:-2.6,1.6,-2.6
17:10:32  자력계:8.550,4.050,19.200
17:10:32  충격값:0.06
17:10:32  충격피크:0.08
17:10:32  마지막충격발생값:0.00
17:10:32  마지막충격발생ms:0
17:10:32  송신:14684
17:10:32  지팡이수신:9918
17:10:32  GPS위성:9
17:10:32  GPS_HDOP:1.11
17:10:32  원시위도:37.495936
17:10:32  원시경도:126.956107
17:10:32  GPS채택:1528
17:10:32  GPS이상치거부:0
17:10:32  GPS품질거부:0
17:10:32  GPS재기준:0
17:10:32  계산거리:-1.00
17:10:32  접근속도:0.00
17:10:32  TTC:999.00
17:10:32  방향오차:0.0
17:10:32  전방여부:0
17:10:32  위험음성횟수:0
17:10:32  충격음성횟수:0
17:10:32  마지막위험음성:0
17:10:32  RSSI원시:-60
17:10:32  RSSI평활:-60.5
17:10:32  RSSI샘플:9918
17:10:32  RSSI경과ms:10
17:10:32  RSSI구간:4
17:10:32  RSSI거리:2.31
17:10:32  상대보정:0
17:10:32  상대보정중:0
17:10:32  보정동쪽:0.00
17:10:32  보정북쪽:0.00
17:10:32  UWB유효:1
17:10:32  UWB원시거리:5.000
17:10:32  UWB보정거리:5.248
17:10:32  UWB접근속도:-0.007
17:10:32  UWB_RSSI:nan
17:10:32  UWB경과ms:98
17:10:32  UWB샘플:7473
17:10:32  UWB실패:165
17:10:32  UWB보정:1
17:10:32  UWB보정중:0
17:10:32  UWB보정샘플:100
17:10:32  UWB보정기준:3.000
17:10:32  UWB오프셋:0.234
17:10:32  UWB위험사용:0
17:10:32  UWB전송:7470
17:10:32  위험송신:0
17:10:32  시각ms:1543085
17:10:32  IMU시각ms:1543085
17:10:32  위험:0
17:10:32  원시위험:0
17:10:32  GPS유효:1
17:10:32  위도:37.495934
17:10:32  경도:126.956109
17:10:32  속도:0.02
17:10:32  방향:290.8
17:10:32  이동방향유효:0
17:10:32  GPS이동방향:290.8
17:10:32  차체방향유효:0
17:10:32  차체방향:0.0
17:10:32  후진판정:0
17:10:32  IMU요회전속도:0.00
17:10:32  방향가속도크기:9.59
17:10:32  방향자이로크기:1.33
17:10:32  방향자세cos:1.0000
17:10:32  자기모델잔차:27.26
17:10:32  자기모델반경:0.925
17:10:32  방향채택:0
17:10:32  방향거부:166490
17:10:32  GPS원시속도:0.021
17:10:32  GPS원시방향유효:1
17:10:32  GPS원시방향:290.8
17:10:32  가속도:-0.45,0.44,9.57
17:10:32  자이로:0.3,-1.1,-0.7
17:10:32  자력계:9.150,4.650,21.300
17:10:32  충격값:0.16
17:10:32  충격피크:0.16
17:10:32  마지막충격발생값:0.00
17:10:32  마지막충격발생ms:0
17:10:32  송신:14685
17:10:32  지팡이수신:9918
17:10:32  GPS위성:9
17:10:32  GPS_HDOP:1.11
17:10:32  원시위도:37.495936
17:10:32  원시경도:126.956107
17:10:32  GPS채택:1528
17:10:32  GPS이상치거부:0
17:10:32  GPS품질거부:0
17:10:32  GPS재기준:0
17:10:32  계산거리:-1.00
17:10:32  접근속도:0.00
17:10:32  TTC:999.00
17:10:32  방향오차:0.0
17:10:32  전방여부:0
17:10:32  위험음성횟수:0
17:10:32  충격음성횟수:0
17:10:32  마지막위험음성:0
17:10:32  RSSI원시:-60
17:10:32  RSSI평활:-60.5
17:10:32  RSSI샘플:9918
17:10:32  RSSI경과ms:37
17:10:32  RSSI구간:4
17:10:32  RSSI거리:2.31
17:10:32  상대보정:0
17:10:32  상대보정중:0
17:10:32  보정동쪽:0.00
17:10:32  보정북쪽:0.00
17:10:32  UWB유효:1
17:10:32  UWB원시거리:5.000
17:10:32  UWB보정거리:5.248
17:10:32  UWB접근속도:-0.007
17:10:32  UWB_RSSI:nan
17:10:32  UWB경과ms:125
17:10:32  UWB샘플:7473
17:10:32  UWB실패:165
17:10:32  UWB보정:1
17:10:32  UWB보정중:0
17:10:32  UWB보정샘플:100
17:10:32  UWB보정기준:3.000
17:10:32  UWB오프셋:0.234
17:10:32  UWB위험사용:0
17:10:32  UWB전송:7470
17:10:32  위험송신:0
17:10:32  시각ms:1543111
17:10:32  IMU시각ms:1543111
17:10:32  위험:0
17:10:32  원시위험:0
17:10:32  GPS유효:1
17:10:32  위도:37.495934
17:10:32  경도:126.956109
17:10:32  속도:0.02
17:10:32  방향:290.8
17:10:32  이동방향유효:0
17:10:32  GPS이동방향:290.8
17:10:32  차체방향유효:0
17:10:32  차체방향:0.0
17:10:32  후진판정:0
17:10:32  IMU요회전속도:0.00
17:10:32  방향가속도크기:9.74
17:10:32  방향자이로크기:1.65
17:10:32  방향자세cos:1.0000
17:10:32  자기모델잔차:26.30
17:10:32  자기모델반경:0.909
17:10:32  방향채택:0
17:10:32  방향거부:166493
17:10:32  GPS원시속도:0.021
17:10:32  GPS원시방향유효:1
17:10:32  GPS원시방향:290.8
17:10:32  가속도:-0.40,0.50,9.72
17:10:32  자이로:0.7,-1.5,0.1
17:10:32  자력계:9.300,4.050,20.400
17:10:32  충격값:0.14
17:10:32  충격피크:0.17
17:10:32  마지막충격발생값:0.00
17:10:32  마지막충격발생ms:0
17:10:32  송신:14685
17:10:32  지팡이수신:9918
17:10:32  GPS위성:9
17:10:32  GPS_HDOP:1.11
17:10:32  원시위도:37.495936
17:10:32  원시경도:126.956107
17:10:32  GPS채택:1528
17:10:32  GPS이상치거부:0
17:10:32  GPS품질거부:0
17:10:32  GPS재기준:0
17:10:32  계산거리:-1.00
17:10:32  접근속도:0.00
17:10:32  TTC:999.00
17:10:32  방향오차:0.0
17:10:32  전방여부:0
17:10:32  위험음성횟수:0
17:10:32  충격음성횟수:0
17:10:32  마지막위험음성:0
17:10:32  RSSI원시:-60
17:10:32  RSSI평활:-60.5
17:10:32  RSSI샘플:9918
17:10:32  RSSI경과ms:63
17:10:32  RSSI구간:4
17:10:32  RSSI거리:2.31
17:10:32  상대보정:0
17:10:32  상대보정중:0
17:10:32  보정동쪽:0.00
17:10:32  보정북쪽:0.00
17:10:32  UWB유효:1
17:10:32  UWB원시거리:5.000
17:10:32  UWB보정거리:5.248
17:10:32  UWB접근속도:-0.007
17:10:32  UWB_RSSI:nan
17:10:32  UWB경과ms:151
17:10:32  UWB샘플:7473
17:10:32  UWB실패:165
17:10:32  UWB보정:1
17:10:32  UWB보정중:0
17:10:32  UWB보정샘플:100
17:10:32  UWB보정기준:3.000
17:10:32  UWB오프셋:0.234
17:10:32  UWB위험사용:0
17:10:32  UWB전송:7470
17:10:32  위험송신:0
17:10:32  시각ms:1543139
17:10:32  IMU시각ms:1543138
17:10:32  위험:0
17:10:32  원시위험:0
17:10:32  GPS유효:1
17:10:32  위도:37.495934
17:10:32  경도:126.956109
17:10:32  속도:0.02
17:10:32  방향:290.8
17:10:32  이동방향유효:0
17:10:32  GPS이동방향:290.8
17:10:32  차체방향유효:0
17:10:32  차체방향:0.0
17:10:32  후진판정:0
17:10:32  IMU요회전속도:0.00
17:10:32  방향가속도크기:9.78
17:10:32  방향자이로크기:2.20
17:10:32  방향자세cos:0.9999
17:10:32  자기모델잔차:25.86
17:10:32  자기모델반경:0.953
17:10:32  방향채택:0
17:10:32  방향거부:166496
17:10:32  GPS원시속도:0.021
17:10:32  GPS원시방향유효:1
17:10:32  GPS원시방향:290.8
17:10:32  가속도:-0.39,0.36,9.77
17:10:32  자이로:-1.4,1.5,-0.7
17:10:32  자력계:9.900,5.400,19.800
17:10:32  충격값:0.07
17:10:32  충격피크:0.14
17:10:32  마지막충격발생값:0.00
17:10:32  마지막충격발생ms:0
17:10:32  송신:14685
17:10:32  지팡이수신:9919
17:10:32  GPS위성:9
17:10:32  GPS_HDOP:1.11
17:10:32  원시위도:37.495936
17:10:32  원시경도:126.956107
17:10:32  GPS채택:1528
17:10:32  GPS이상치거부:0
17:10:32  GPS품질거부:0
17:10:32  GPS재기준:0
17:10:32  계산거리:-1.00
17:10:32  접근속도:0.00
17:10:32  TTC:999.00
17:10:32  방향오차:0.0
17:10:32  전방여부:0
17:10:32  위험음성횟수:0
17:10:32  충격음성횟수:0
17:10:32  마지막위험음성:0
17:10:32  RSSI원시:-61
17:10:32  RSSI평활:-60.6
17:10:32  RSSI샘플:9919
17:10:32  RSSI경과ms:1
17:10:32  RSSI구간:4
17:10:32  RSSI거리:2.33
17:10:32  상대보정:0
17:10:32  상대보정중:0
17:10:32  보정동쪽:0.00
17:10:32  보정북쪽:0.00
17:10:32  UWB유효:1
17:10:32  UWB원시거리:5.000
17:10:32  UWB보정거리:5.248
17:10:32  UWB접근속도:-0.007
17:10:32  UWB_RSSI:nan
17:10:32  UWB경과ms:179
17:10:32  UWB샘플:7473
17:10:32  UWB실패:165
17:10:32  UWB보정:1
17:10:32  UWB보정중:0
17:10:32  UWB보정샘플:100
17:10:32  UWB보정기준:3.000
17:10:32  UWB오프셋:0.234
17:10:32  UWB위험사용:0
17:10:32  UWB전송:7470
17:10:32  위험송신:0
17:10:32  시각ms:1543164
17:10:32  IMU시각ms:1543160
17:10:32  위험:0
17:10:32  원시위험:0
17:10:32  GPS유효:1
17:10:32  위도:37.495934
17:10:32  경도:126.956109
17:10:32  속도:0.02
17:10:32  방향:290.8
17:10:32  이동방향유효:0
17:10:32  GPS이동방향:290.8
17:10:32  차체방향유효:0
17:10:32  차체방향:0.0
17:10:32  후진판정:0
17:10:32  IMU요회전속도:0.00
17:10:32  방향가속도크기:9.69
17:10:32  방향자이로크기:3.71
17:10:32  방향자세cos:0.9998
17:10:32  자기모델잔차:26.29
17:10:32  자기모델반경:0.912
17:10:32  방향채택:0
17:10:32  방향거부:166498
17:10:32  GPS원시속도:0.021
17:10:32  GPS원시방향유효:1
17:10:32  GPS원시방향:290.8
17:10:32  가속도:-0.45,0.31,9.68
17:10:32  자이로:0.9,0.6,-3.5
17:10:32  자력계:8.100,4.050,20.400
17:10:32  충격값:0.08
17:10:32  충격피크:0.11
17:10:32  마지막충격발생값:0.00
17:10:32  마지막충격발생ms:0
17:10:32  송신:14685
17:10:32  지팡이수신:9919
17:10:32  GPS위성:9
17:10:32  GPS_HDOP:1.11
17:10:32  원시위도:37.495936
17:10:32  원시경도:126.956107
17:10:32  GPS채택:1528
17:10:32  GPS이상치거부:0
17:10:32  GPS품질거부:0
17:10:32  GPS재기준:0
17:10:32  계산거리:-1.00
17:10:32  접근속도:0.00
17:10:32  TTC:999.00
17:10:32  방향오차:0.0
17:10:32  전방여부:0
17:10:32  위험음성횟수:0
17:10:32  충격음성횟수:0
17:10:32  마지막위험음성:0
17:10:32  RSSI원시:-61
17:10:32  RSSI평활:-60.6
17:10:32  RSSI샘플:9919
17:10:32  RSSI경과ms:26
17:10:32  RSSI구간:4
17:10:32  RSSI거리:2.33
17:10:32  상대보정:0
17:10:32  상대보정중:0
17:10:32  보정동쪽:0.00
17:10:32  보정북쪽:0.00
17:10:32  UWB유효:1
17:10:32  UWB원시거리:5.000
17:10:32  UWB보정거리:5.243
17:10:32  UWB접근속도:0.002
17:10:32  UWB_RSSI:nan
17:10:32  UWB경과ms:1
17:10:32  UWB샘플:7474
17:10:32  UWB실패:165
17:10:32  UWB보정:1
17:10:32  UWB보정중:0
17:10:32  UWB보정샘플:100
17:10:32  UWB보정기준:3.000
17:10:32  UWB오프셋:0.234
17:10:32  UWB위험사용:0
17:10:32  UWB전송:7471
17:10:32  위험송신:0
17:10:32  시각ms:1543197
17:10:32  IMU시각ms:1543173
17:10:32  위험:0
17:10:32  원시위험:0
17:10:32  GPS유효:1
17:10:32  위도:37.495934
17:10:32  경도:126.956109
17:10:32  속도:0.02
17:10:32  방향:290.8
17:10:32  이동방향유효:0
17:10:32  GPS이동방향:290.8
17:10:32  차체방향유효:0
17:10:32  차체방향:0.0
17:10:32  후진판정:0
17:10:32  IMU요회전속도:0.00
17:10:32  방향가속도크기:9.80
17:10:32  방향자이로크기:1.66
17:10:32  방향자세cos:0.9999
17:10:32  자기모델잔차:27.47
17:10:32  자기모델반경:0.945
17:10:32  방향채택:0
17:10:32  방향거부:166499
17:10:32  GPS원시속도:0.021
17:10:32  GPS원시방향유효:1
17:10:32  GPS원시방향:290.8
17:10:32  가속도:-0.56,0.37,9.77
17:10:32  자이로:0.6,1.4,0.7
17:10:32  자력계:8.550,5.250,21.450
17:10:32  충격값:0.17
17:10:32  충격피크:0.17
17:10:32  마지막충격발생값:0.00
17:10:32  마지막충격발생ms:0
17:10:32  송신:14686
17:10:32  지팡이수신:9919
17:10:32  GPS위성:9
17:10:32  GPS_HDOP:1.11
17:10:32  원시위도:37.495936
17:10:32  원시경도:126.956107
17:10:32  GPS채택:1528
17:10:32  GPS이상치거부:0
17:10:32  GPS품질거부:0
17:10:32  GPS재기준:0
17:10:32  계산거리:-1.00
17:10:32  접근속도:0.00
17:10:32  TTC:999.00
17:10:32  방향오차:0.0
17:10:32  전방여부:0
17:10:32  위험음성횟수:0
17:10:32  충격음성횟수:0
17:10:32  마지막위험음성:0
17:10:32  RSSI원시:-61
17:10:32  RSSI평활:-60.6
17:10:32  RSSI샘플:9919
17:10:32  RSSI경과ms:59
17:10:32  RSSI구간:4
17:10:32  RSSI거리:2.33
17:10:32  상대보정:0
17:10:32  상대보정중:0
17:10:32  보정동쪽:0.00
17:10:32  보정북쪽:0.00
17:10:32  UWB유효:1
17:10:32  UWB원시거리:5.000
17:10:32  UWB보정거리:5.243
17:10:32  UWB접근속도:0.002
17:10:32  UWB_RSSI:nan
17:10:32  UWB경과ms:34
17:10:32  UWB샘플:7474
17:10:32  UWB실패:165
17:10:32  UWB보정:1
17:10:32  UWB보정중:0
17:10:32  UWB보정샘플:100
17:10:32  UWB보정기준:3.000
17:10:32  UWB오프셋:0.234
17:10:32  UWB위험사용:0
17:10:32  UWB전송:7471
17:10:32  위험송신:0
17:10:32  시각ms:1543208
17:10:32  IMU시각ms:1543208
17:10:32  위험:0
17:10:32  원시위험:0
17:10:32  GPS유효:1
17:10:32  위도:37.495934
17:10:32  경도:126.956109
17:10:32  속도:0.02
17:10:32  방향:290.8
17:10:32  이동방향유효:0
17:10:32  GPS이동방향:290.8
17:10:32  차체방향유효:0
17:10:32  차체방향:0.0
17:10:32  후진판정:0
17:10:32  IMU요회전속도:0.00
17:10:32  방향가속도크기:9.66
17:10:32  방향자이로크기:3.22
17:10:32  방향자세cos:0.9999
17:10:32  자기모델잔차:27.26
17:10:32  자기모델반경:0.926
17:10:32  방향채택:0
17:10:32  방향거부:166500
17:10:32  GPS원시속도:0.021
17:10:32  GPS원시방향유효:1
17:10:32  GPS원시방향:290.8
17:10:32  가속도:-0.34,0.39,9.64
17:10:32  자이로:0.5,-2.1,-2.4
17:10:32  자력계:8.700,4.650,21.300
17:10:32  충격값:0.09
17:10:32  충격피크:0.09
17:10:32  마지막충격발생값:0.00
17:10:32  마지막충격발생ms:0
17:10:32  송신:14686
17:10:32  지팡이수신:9919
17:10:32  GPS위성:9
17:10:32  GPS_HDOP:1.11
17:10:32  원시위도:37.495936
17:10:32  원시경도:126.956107
17:10:32  GPS채택:1528
17:10:32  GPS이상치거부:0
17:10:32  GPS품질거부:0
17:10:32  GPS재기준:0
17:10:32  계산거리:-1.00
17:10:32  접근속도:0.00
17:10:32  TTC:999.00
17:10:32  방향오차:0.0
17:10:32  전방여부:0
17:10:32  위험음성횟수:0
17:10:32  충격음성횟수:0
17:10:32  마지막위험음성:0
17:10:32  RSSI원시:-61
17:10:32  RSSI평활:-60.6
17:10:32  RSSI샘플:9919
17:10:32  RSSI경과ms:70
17:10:32  RSSI구간:4
17:10:32  RSSI거리:2.33
17:10:32  상대보정:0
17:10:32  상대보정중:0
17:10:32  보정동쪽:0.00
17:10:32  보정북쪽:0.00
17:10:32  UWB유효:1
17:10:32  UWB원시거리:5.000
17:10:32  UWB보정거리:5.243
17:10:32  UWB접근속도:0.002
17:10:32  UWB_RSSI:nan
17:10:32  UWB경과ms:45
17:10:32  UWB샘플:7474
17:10:32  UWB실패:165
17:10:32  UWB보정:1
17:10:32  UWB보정중:0
17:10:32  UWB보정샘플:100
17:10:32  UWB보정기준:3.000
17:10:32  UWB오프셋:0.234
17:10:32  UWB위험사용:0
17:10:32  UWB전송:7471
17:10:32  위험송신:0
