시각,경과초,시각ms,IMU시각ms,위험,원시위험,GPS유효,위도,경도,속도,방향,이동방향유효,GPS이동방향,차체방향유효,차체방향,후진판정,IMU요회전속도,방향가속도크기,방향자이로크기,방향자세cos,자기모델잔차,자기모델반경,방향채택,방향거부,GPS원시속도,GPS원시방향유효,GPS원시방향,가속도,자이로,자력계,충격값,충격피크,마지막충격발생값,마지막충격발생ms,송신,지팡이수신,GPS위성,GPS_HDOP,원시위도,원시경도,GPS채택,GPS이상치거부,GPS품질거부,GPS재기준,계산거리,접근속도,TTC,방향오차,전방여부,위험음성횟수,충격음성횟수,마지막위험음성,RSSI원시,RSSI평활,RSSI샘플,RSSI경과ms,RSSI구간,RSSI거리,상대보정,상대보정중,보정동쪽,보정북쪽,위험송신
18:27:58,0.176,13428246,13428245,0,0,1,37.496655,126.957905,0.05,0.0,0,30.3,1,26.6,1,0.00,9.76,2.09,0.9955,23.94,2.718,473617,1054878,0.046,1,70.3,"-1.36,0.49,9.65","2.0,-0.7,0.2","-12.300,56.100,12.150",0.08,0.23,0.00,0,125174,107460,8,1.00,37.496649,126.957897,28545,476,1714,40,18.36,0.00,999.00,-15.9,0,187,0,1,-38,-39.2,107460,98,4,0.80,1,0,-4.39,-11.29,0
18:27:58,0.293,13428347,13428346,0,0,1,37.496655,126.957905,0.05,0.0,0,30.3,1,26.6,1,0.00,9.76,3.15,0.9966,22.37,2.745,473617,1054890,0.046,1,70.3,"-1.24,0.54,9.67","1.7,1.7,-2.1","-12.600,56.700,10.500",0.16,0.25,0.00,0,125175,107461,8,1.00,37.496649,126.957897,28545,476,1714,40,18.36,0.00,999.00,-15.9,0,187,0,1,-39,-39.2,107461,95,4,0.80,1,0,-4.39,-11.29,0
18:27:59,0.526,13428447,13428446,0,0,1,37.496655,126.957905,0.05,0.0,0,30.3,1,26.6,1,0.00,9.69,4.40,0.9947,22.80,2.763,473617,1054902,0.046,1,70.3,"-1.43,0.47,9.58","1.8,-3.7,1.6","-11.400,57.750,10.800",0.09,0.17,0.00,0,125176,107462,8,1.00,37.496649,126.957897,28545,476,1714,40,18.36,0.00,999.00,-15.9,0,187,0,1,-39,-39.1,107462,87,4,0.80,1,0,-4.39,-11.29,0
18:27:59,0.612,13428653,13428652,0,0,1,37.496655,126.957905,0.04,0.0,0,30.3,1,26.6,1,0.00,9.68,3.74,0.9961,23.07,2.719,473617,1054925,0.026,1,70.3,"-1.28,0.37,9.59","1.7,2.6,-2.1","-11.700,56.250,11.250",0.10,0.16,0.00,0,125178,107464,8,1.00,37.496649,126.957895,28546,476,1714,40,18.36,0.00,999.00,-15.9,0,187,0,1,-41,-39.8,107464,84,4,0.80,1,0,-4.39,-11.29,0
18:27:59,0.775,13428754,13428753,0,0,1,37.496655,126.957905,0.04,0.0,0,30.3,1,26.6,1,0.00,9.71,1.25,0.9949,23.22,2.737,473617,1054937,0.026,1,70.3,"-1.41,0.38,9.60","0.7,-0.6,0.8","-13.050,56.400,11.400",0.07,0.21,0.00,0,125179,107465,8,1.00,37.496649,126.957895,28546,476,1714,40,18.18,0.00,999.00,-13.9,0,187,0,1,-38,-39.4,107465,80,4,0.80,1,0,-4.39,-11.29,0
18:27:59,0.909,13428956,13428955,0,0,1,37.496655,126.957905,0.04,0.0,0,30.3,1,26.6,1,0.00,9.70,3.12,0.9957,23.45,2.694,473617,1054961,0.026,1,70.3,"-1.34,0.44,9.60","1.1,-2.7,1.0","-11.250,55.650,11.700",0.03,0.15,0.00,0,125181,107467,8,1.00,37.496649,126.957895,28546,476,1714,40,17.77,0.00,999.00,-14.2,0,187,0,1,-41,-40.0,107467,70,4,0.80,1,0,-4.39,-11.29,0
18:27:59,1.143,13429057,13429056,0,0,1,37.496655,126.957905,0.04,0.0,0,30.3,1,26.6,1,0.00,9.60,2.45,0.9946,24.20,2.730,473617,1054973,0.026,1,70.3,"-1.43,0.43,9.48","2.3,-0.9,0.0","-10.950,57.000,12.300",0.12,0.17,0.00,0,125182,107468,8,1.00,37.496649,126.957895,28546,476,1714,40,17.77,0.00,999.00,-14.2,0,187,0,1,-41,-40.2,107468,48,4,0.80,1,0,-4.39,-11.29,0
18:27:59,1.230,13429259,13429258,0,0,1,37.496655,126.957905,0.04,0.0,0,30.3,1,26.6,1,0.00,9.74,3.19,0.9941,21.82,2.663,473617,1054997,0.026,1,70.3,"-1.49,0.51,9.61","2.7,-0.0,1.7","-11.250,54.450,10.200",0.16,0.16,0.00,0,125184,107470,8,1.00,37.496649,126.957895,28546,476,1714,40,17.62,0.00,999.00,-12.1,0,187,0,1,-42,-40.2,107470,44,4,0.80,1,0,-4.39,-11.29,0
18:27:59,1.292,13429359,13429358,0,0,1,37.496655,126.957905,0.04,0.0,0,30.3,1,26.6,1,0.00,9.74,0.88,0.9965,23.25,2.754,473617,1055009,0.026,1,70.3,"-1.25,0.48,9.64","0.1,0.8,-0.2","-10.650,57.750,11.250",0.14,0.14,0.00,0,125185,107471,8,1.00,37.496649,126.957895,28546,476,1714,40,17.62,0.00,999.00,-12.1,0,187,0,1,-42,-40.6,107471,40,4,0.80,1,0,-4.39,-11.29,0
18:27:59,1.443,13429460,13429459,0,0,1,37.496655,126.957905,0.04,0.0,0,30.3,1,26.6,1,0.00,9.72,2.59,0.9960,22.53,2.754,473617,1055021,0.026,1,70.3,"-1.31,0.48,9.62","2.3,-0.3,-1.1","-13.050,56.850,10.650",0.08,0.15,0.00,0,125186,107472,8,1.00,37.496649,126.957895,28546,476,1714,40,17.62,0.00,999.00,-12.1,0,187,0,1,-42,-40.9,107472,43,4,0.80,1,0,-4.39,-11.29,0
18:27:59,1.511,13429565,13429564,0,0,1,37.496655,126.957905,0.04,0.0,0,30.3,1,26.6,1,0.00,9.70,5.53,0.9954,23.15,2.747,473617,1055032,0.026,1,70.3,"-1.37,0.47,9.59","4.0,-3.8,-0.3","-12.150,57.000,11.250",0.04,0.12,0.00,0,125187,107473,8,1.00,37.496649,126.957895,28546,476,1714,40,17.62,0.00,999.00,-12.1,0,187,0,1,-42,-41.1,107473,40,4,0.80,1,0,-4.39,-11.29,0
18:28:00,1.627,13429666,13429665,0,0,1,37.496654,126.957904,0.04,0.0,0,30.3,1,26.6,1,0.00,9.70,1.58,0.9953,23.75,2.716,473617,1055044,0.041,1,70.3,"-1.37,0.55,9.59","0.8,-0.2,-1.3","-12.900,55.800,12.000",0.12,0.15,0.00,0,125188,107474,8,1.00,37.496648,126.957894,28547,476,1714,40,17.62,0.00,999.00,-12.1,0,187,0,1,-42,-41.3,107474,41,4,0.80,1,0,-4.39,-11.29,0
18:28:00,1.731,13429767,13429766,0,0,1,37.496654,126.957904,0.04,0.0,0,30.3,1,26.6,1,0.00,9.78,2.53,0.9948,23.72,2.703,473617,1055056,0.041,1,70.3,"-1.43,0.57,9.66","1.9,-1.5,-0.7","-12.600,55.500,12.000",0.17,0.23,0.00,0,125189,107475,8,1.00,37.496648,126.957894,28547,476,1714,40,17.62,0.00,999.00,-12.1,0,187,0,1,-41,-41.2,107475,38,4,0.80,1,0,-4.39,-11.29,0
18:28:00,1.927,13429869,13429868,0,0,1,37.496654,126.957904,0.04,0.0,0,30.3,1,26.6,1,0.00,9.58,3.48,0.9955,23.31,2.714,473617,1055068,0.041,1,70.3,"-1.34,0.39,9.48","1.4,-3.1,0.7","-12.600,55.800,11.550",0.13,0.30,0.00,0,125190,107476,8,1.00,37.496648,126.957894,28547,476,1714,40,17.62,0.00,999.00,-12.1,0,187,0,1,-42,-41.4,107476,34,4,0.80,1,0,-4.39,-11.29,0
18:28:00,2.025,13430070,13430069,0,0,1,37.496654,126.957904,0.04,0.0,0,30.3,1,26.7,1,0.00,9.77,2.05,0.9942,22.82,2.808,473617,1055092,0.041,1,70.3,"-1.49,0.38,9.64","-1.8,0.8,0.6","-11.250,59.250,10.650",0.14,0.17,0.00,0,125192,107478,8,1.00,37.496648,126.957894,28547,476,1714,40,17.20,0.00,999.00,-12.4,0,187,0,1,-38,-40.5,107478,21,4,0.80,1,0,-4.39,-11.29,0
18:28:00,2.158,13430171,13430170,0,0,1,37.496654,126.957904,0.04,0.0,0,30.3,1,26.7,1,0.00,9.67,2.56,0.9949,22.31,2.734,473617,1055104,0.041,1,70.3,"-1.39,0.29,9.57","1.4,-1.4,1.6","-12.900,56.250,10.500",0.14,0.15,0.00,0,125193,107479,8,1.00,37.496648,126.957894,28547,476,1714,40,17.20,0.00,999.00,-12.4,0,187,0,1,-42,-40.8,107479,18,4,0.80,1,0,-4.39,-11.29,0
18:28:00,2.225,13430279,13430278,0,0,1,37.496654,126.957904,0.04,0.0,0,30.3,1,26.7,1,0.00,9.74,2.35,0.9965,22.76,2.754,473617,1055117,0.041,1,70.3,"-1.25,0.40,9.65","1.5,1.4,-1.1","-11.400,57.450,10.800",0.11,0.20,0.00,0,125194,107480,8,1.00,37.496648,126.957894,28547,476,1714,40,17.20,0.00,999.00,-12.4,0,187,0,1,-41,-40.8,107480,20,4,0.80,1,0,-4.39,-11.29,0
18:28:00,2.309,13430387,13430386,0,0,1,37.496654,126.957904,0.04,0.0,0,30.3,1,26.7,1,0.00,9.69,3.14,0.9947,21.93,2.737,473617,1055130,0.041,1,70.3,"-1.43,0.39,9.58","-1.0,2.1,-2.1","-11.700,56.700,10.050",0.08,0.14,0.00,0,125195,107481,8,1.00,37.496648,126.957894,28547,476,1714,40,17.20,0.00,999.00,-12.4,0,187,0,1,-39,-40.5,107481,23,4,0.80,1,0,-4.39,-11.29,0
18:28:00,2.426,13430487,13430486,0,0,1,37.496654,126.957904,0.04,0.0,0,30.3,1,26.7,1,0.00,9.69,2.43,0.9964,22.67,2.734,473617,1055142,0.041,1,70.3,"-1.25,0.38,9.60","-1.3,0.7,-1.9","-11.700,56.700,10.800",0.11,0.16,0.00,0,125196,107482,8,1.00,37.496648,126.957894,28547,476,1714,40,17.20,0.00,999.00,-12.4,0,187,0,1,-42,-40.8,107482,17,4,0.80,1,0,-4.39,-11.29,0
18:28:01,2.525,13430591,13430590,0,0,1,37.496654,126.957904,0.04,0.0,0,30.3,1,26.7,1,0.00,9.68,2.09,0.9962,22.01,2.721,473617,1055153,0.041,1,70.3,"-1.28,0.52,9.58","1.7,0.0,-1.3","-12.000,56.100,10.200",0.11,0.16,0.00,0,125197,107483,8,1.00,37.496648,126.957894,28547,476,1714,40,17.20,0.00,999.00,-12.4,0,187,0,1,-41,-40.8,107483,17,4,0.80,1,0,-4.39,-11.29,0
18:28:01,2.675,13430692,13430691,0,0,1,37.496653,126.957903,0.04,0.0,0,30.3,1,26.7,1,0.00,9.71,2.80,0.9960,23.94,2.723,473617,1055165,0.041,1,70.3,"-1.30,0.46,9.62","-0.5,0.8,-2.6","-12.750,56.100,12.150",0.06,0.26,0.00,0,125198,107484,8,1.00,37.496647,126.957893,28548,476,1714,40,17.20,0.00,999.00,-12.4,0,187,0,1,-41,-40.9,107484,12,4,0.80,1,0,-4.39,-11.29,0
18:28:01,2.775,13430803,13430790,0,0,1,37.496653,126.957903,0.04,0.0,0,30.3,1,26.7,1,0.00,9.67,3.33,0.9948,21.84,2.739,473617,1055177,0.041,1,70.3,"-1.42,0.39,9.55","-0.6,-2.3,-2.3","-10.500,57.150,9.900",0.09,0.17,0.00,0,125199,107485,8,1.00,37.496647,126.957893,28548,476,1714,40,17.20,0.00,999.00,-12.4,0,187,0,1,-39,-40.5,107485,18,4,0.80,1,0,-4.39,-11.29,0
18:28:01,2.860,13430906,13430893,0,0,1,37.496653,126.957903,0.04,0.0,0,30.3,1,26.7,1,0.00,9.64,2.62,0.9950,22.92,2.767,473617,1055188,0.041,1,70.3,"-1.40,0.52,9.52","-1.4,2.0,-0.9","-12.300,57.600,10.950",0.12,0.17,0.00,0,125200,107486,8,1.00,37.496647,126.957893,28548,476,1714,40,16.79,0.00,999.00,-12.7,0,187,0,1,-42,-40.8,107486,14,4,0.80,1,0,-4.39,-11.29,0
18:28:01,2.925,13431009,13430996,0,0,1,37.496653,126.957903,0.04,0.0,0,30.3,1,26.7,1,0.00,9.64,2.02,0.9956,22.71,2.740,473617,1055199,0.041,1,70.3,"-1.34,0.43,9.54","1.4,-0.0,1.5","-11.400,57.000,10.800",0.05,0.17,0.00,0,125201,107487,8,1.00,37.496647,126.957893,28548,476,1714,40,16.79,0.00,999.00,-12.7,0,187,0,1,-42,-41.0,107487,13,4,0.80,1,0,-4.39,-11.29,0
18:28:01,3.060,13431101,13431100,0,0,1,37.496653,126.957903,0.04,0.0,0,30.3,1,26.7,1,0.00,9.60,2.41,0.9957,22.61,2.685,473617,1055210,0.041,1,70.3,"-1.32,0.49,9.50","1.7,1.0,-1.3","-12.300,54.900,10.950",0.11,0.20,0.00,0,125202,107487,8,1.00,37.496647,126.957893,28548,476,1714,40,16.79,0.00,999.00,-12.7,0,187,0,1,-42,-41.0,107487,105,4,0.80,1,0,-4.39,-11.29,0
18:28:01,3.159,13431202,13431201,0,0,1,37.496653,126.957903,0.04,0.0,0,30.3,1,26.7,1,0.00,9.73,2.84,0.9954,21.20,2.718,473617,1055222,0.041,1,70.3,"-1.36,0.38,9.63","1.3,-2.5,-0.5","-12.750,55.650,9.450",0.07,0.18,0.00,0,125203,107488,8,1.00,37.496647,126.957893,28548,476,1714,40,16.79,0.00,999.00,-12.7,0,187,0,1,-41,-41.0,107488,99,4,0.80,1,0,-4.39,-11.29,0
18:28:01,3.229,13431302,13431301,0,0,1,37.496653,126.957903,0.04,0.0,0,30.3,1,26.6,1,0.00,9.70,1.23,0.9935,23.33,2.686,473617,1055234,0.041,1,70.3,"-1.54,0.45,9.57","-0.3,0.2,1.2","-9.900,55.800,11.550",0.17,0.20,0.00,0,125204,107489,8,1.00,37.496647,126.957893,28548,476,1714,40,16.79,0.00,999.00,-12.7,0,187,0,1,-41,-41.0,107489,95,4,0.80,1,0,-4.39,-11.29,0
18:28:01,3.348,13431409,13431408,0,0,1,37.496653,126.957903,0.04,0.0,0,30.3,1,26.6,1,0.00,9.62,2.17,0.9953,24.73,2.716,473617,1055247,0.041,1,70.3,"-1.36,0.35,9.51","0.6,-0.4,-2.0","-11.550,56.400,12.900",0.12,0.18,0.00,0,125205,107490,8,1.00,37.496647,126.957893,28548,476,1714,40,16.79,0.00,999.00,-12.7,0,187,0,1,-43,-41.4,107490,93,4,0.80,1,0,-4.39,-11.29,0
18:28:01,3.442,13431539,13431515,0,0,1,37.496653,126.957903,0.04,0.0,0,30.3,1,26.6,1,0.00,9.71,3.57,0.9954,24.40,2.763,473617,1055260,0.041,1,70.3,"-1.36,0.31,9.61","2.4,-2.5,1.0","-9.150,58.650,12.300",0.12,0.14,0.00,0,125206,107492,8,1.00,37.496647,126.957893,28548,476,1714,40,16.79,0.00,999.00,-12.7,0,187,0,1,-45,-42.4,107492,10,4,0.80,1,0,-4.39,-11.29,0
18:28:02,3.559,13431643,13431630,0,0,1,37.496653,126.957902,0.05,0.0,0,30.3,1,26.7,1,0.00,11.75,2.46,0.9985,23.12,2.730,473617,1055271,0.051,1,70.3,"-0.45,1.22,11.68","0.1,2.4,0.7","-11.400,56.700,11.250",2.34,3.07,0.00,0,125207,107493,8,1.00,37.496647,126.957892,28549,476,1714,40,16.38,0.00,999.00,-13.0,0,187,0,1,-41,-42.1,107493,14,4,0.80,1,0,-4.39,-11.29,0
18:28:02,3.657,13431735,13431734,0,0,1,37.496653,126.957902,0.05,0.0,0,30.3,1,26.7,1,0.00,9.56,3.68,0.9952,23.10,2.682,473617,1055282,0.051,1,70.3,"-1.35,0.28,9.46","2.1,-2.5,-1.8","-11.250,55.200,11.400",0.26,1.96,0.00,0,125208,107493,8,1.00,37.496647,126.957892,28549,476,1714,40,16.38,0.00,999.00,-13.0,0,187,0,1,-41,-42.1,107493,106,4,0.80,1,0,-4.39,-11.29,0
18:28:02,3.797,13431836,13431835,0,0,1,37.496653,126.957902,0.05,0.0,0,30.3,1,26.7,1,0.00,9.69,2.75,0.9973,22.54,2.687,473617,1055294,0.051,1,70.3,"-1.15,0.46,9.61","2.5,-0.2,1.0","-10.650,55.500,10.800",0.21,0.29,0.00,0,125209,107494,8,1.00,37.496647,126.957892,28549,476,1714,40,16.38,0.00,999.00,-13.0,0,187,0,1,-44,-42.5,107494,99,4,0.80,1,0,-4.39,-11.29,0
18:28:02,3.875,13431937,13431936,0,0,1,37.496653,126.957902,0.05,0.0,0,30.3,1,26.7,1,0.00,9.77,3.62,0.9956,23.60,2.712,473617,1055306,0.051,1,70.3,"-1.35,0.37,9.67","1.6,-3.2,0.2","-9.300,56.850,11.700",0.13,0.23,0.00,0,125210,107495,8,1.00,37.496647,126.957892,28549,476,1714,40,16.38,0.00,999.00,-13.0,0,187,0,1,-44,-42.8,107495,95,4,0.80,1,0,-4.39,-11.29,0
18:28:02,3.941,13432038,13432037,0,0,1,37.496653,126.957902,0.05,0.0,0,30.3,1,26.7,1,0.00,10.17,3.60,0.9937,23.01,2.710,473617,1055318,0.051,1,70.3,"-1.52,0.09,10.06","-0.4,3.2,-1.7","-12.150,55.800,11.250",0.59,1.16,0.00,0,125211,107496,8,1.00,37.496647,126.957892,28549,476,1714,40,16.38,0.00,999.00,-13.0,0,187,0,1,-45,-43.2,107496,91,4,0.80,1,0,-4.39,-11.29,0
18:28:02,4.059,13432139,13432138,0,0,1,37.496653,126.957902,0.05,0.0,0,30.3,1,26.7,1,0.00,9.63,3.57,0.9942,23.28,2.695,473617,1055330,0.051,1,70.3,"-1.45,0.25,9.52","1.2,3.1,1.2","-11.700,55.500,11.550",0.15,2.88,0.00,0,125212,107497,8,1.00,37.496647,126.957892,28549,476,1714,40,16.38,0.00,999.00,-13.0,0,187,0,1,-46,-43.8,107497,85,4,0.80,1,0,-4.39,-11.29,0
18:28:02,4.179,13432240,13432239,0,0,1,37.496653,126.957902,0.05,0.0,0,30.3,1,26.7,1,0.00,9.52,3.93,0.9960,21.78,2.710,473617,1055342,0.051,1,70.3,"-1.27,0.32,9.43","3.0,-2.4,1.0","-12.600,55.500,10.050",0.10,1.13,0.00,0,125213,107498,8,1.00,37.496647,126.957892,28549,476,1714,40,16.38,0.00,999.00,-13.0,0,187,0,1,-43,-43.6,107498,82,4,0.80,1,0,-4.39,-11.29,0
18:28:02,4.291,13432340,13432339,0,0,1,37.496653,126.957902,0.05,0.0,0,30.3,1,26.7,1,0.02,9.76,4.45,0.9960,23.15,2.703,473617,1055354,0.051,1,70.3,"-1.30,0.34,9.67","-1.6,1.4,-3.9","-12.000,55.650,11.400",0.16,0.25,0.00,0,125214,107499,8,1.00,37.496647,126.957892,28549,476,1714,40,16.38,0.00,999.00,-13.0,0,187,0,1,-40,-42.9,107499,75,4,0.80,1,0,-4.39,-11.29,0
18:28:02,4.363,13432441,13432440,0,0,1,37.496653,126.957902,0.05,0.0,0,30.3,1,26.7,1,-1.32,9.74,4.14,0.9954,23.98,2.668,473617,1055366,0.051,1,70.3,"-1.37,0.41,9.63","1.2,-0.3,3.9","-10.650,55.050,12.300",0.11,0.24,0.00,0,125215,107500,8,1.00,37.496647,126.957892,28549,476,1714,40,16.54,0.00,999.00,-15.3,0,187,0,1,-41,-42.5,107500,66,4,0.80,1,0,-4.39,-11.29,0
18:28:02,4.482,13432544,13432543,0,0,1,37.496653,126.957902,0.05,0.0,0,30.3,1,26.7,1,0.00,9.67,3.46,0.9952,23.12,2.730,473617,1055377,0.051,1,70.3,"-1.37,0.33,9.57","3.3,-0.5,1.0","-11.400,56.700,11.250",0.07,0.18,0.00,0,125216,107501,8,1.00,37.496647,126.957892,28549,476,1714,40,16.54,0.00,999.00,-15.3,0,187,0,1,-42,-42.4,107501,52,4,0.80,1,0,-4.39,-11.29,0
18:28:03,4.575,13432645,13432644,0,0,1,37.496653,126.957901,0.04,0.0,0,30.3,1,26.7,1,-0.30,9.75,3.28,0.9948,23.15,2.742,473617,1055389,0.031,1,70.3,"-1.43,0.52,9.63","1.0,-1.1,2.9","-11.700,57.000,11.250",0.16,0.16,0.00,0,125217,107502,8,1.37,37.496647,126.957891,28550,476,1714,40,16.95,0.00,999.00,-14.9,0,187,0,1,-42,-42.3,107502,50,4,0.80,1,0,-4.39,-11.29,0
18:28:03,4.659,13432746,13432745,0,0,1,37.496653,126.957901,0.04,0.0,0,30.3,1,26.7,1,0.00,9.68,1.88,0.9957,22.46,2.707,473617,1055401,0.031,1,70.3,"-1.33,0.37,9.58","1.6,0.8,0.5","-10.800,56.100,10.650",0.05,0.17,0.00,0,125218,107503,8,1.37,37.496647,126.957891,28550,476,1714,40,16.95,0.00,999.00,-14.9,0,187,0,1,-41,-42.1,107503,49,4,0.80,1,0,-4.39,-11.29,0
18:28:03,4.927,13432847,13432846,0,0,1,37.496653,126.957901,0.04,0.0,0,30.3,1,26.7,1,0.00,9.93,4.20,0.9966,23.89,2.757,473617,1055413,0.031,1,70.3,"-1.22,0.77,9.82","1.6,3.4,1.8","-13.350,57.000,12.000",0.47,1.22,0.00,0,125219,107504,8,1.37,37.496647,126.957891,28550,476,1714,40,16.95,0.00,999.00,-14.9,0,187,0,1,-42,-42.1,107504,47,4,0.80,1,0,-4.39,-11.29,0
18:28:03,5.093,13433150,13433149,0,0,1,37.496653,126.957901,0.04,0.0,0,30.3,1,26.6,1,0.00,9.68,3.85,0.9951,23.76,2.700,473617,1055449,0.031,1,70.3,"-1.39,0.43,9.57","-0.6,3.2,2.1","-11.400,55.800,12.000",0.05,1.22,0.00,0,125222,107507,8,1.37,37.496647,126.957891,28550,476,1714,40,16.95,0.00,999.00,-14.9,0,187,0,1,-44,-42.6,107507,44,4,0.80,1,0,-4.39,-11.29,0
18:28:03,5.192,13433251,13433250,0,0,1,37.496653,126.957901,0.04,0.0,0,30.3,1,26.6,1,0.00,9.83,3.00,0.9757,23.40,2.673,473617,1055461,0.031,1,70.3,"-1.81,2.13,9.42","1.4,2.2,1.5","-10.500,55.200,11.700",1.71,2.27,0.00,0,125223,107508,8,1.37,37.496647,126.957891,28550,476,1714,40,16.54,0.00,999.00,-15.3,0,187,0,1,-44,-42.9,107508,40,4,0.80,1,0,-4.39,-11.29,0
18:28:03,5.314,13433351,13433350,0,0,1,37.496653,126.957901,0.04,0.0,0,30.3,1,26.6,1,0.00,9.78,4.13,0.9985,22.70,2.700,473617,1055473,0.031,1,70.3,"-0.87,0.15,9.74","2.2,2.6,2.3","-11.550,55.650,10.950",0.60,1.19,0.00,0,125224,107509,8,1.37,37.496647,126.957891,28550,476,1714,40,16.54,0.00,999.00,-15.3,0,187,0,1,-45,-43.3,107509,34,4,0.80,1,0,-4.39,-11.29,0
18:28:03,5.392,13433452,13433451,0,0,1,37.496653,126.957901,0.04,0.0,0,30.3,1,26.6,1,0.00,9.08,3.94,0.9951,22.53,2.703,473617,1055485,0.031,1,70.3,"-1.30,0.58,8.96","-2.4,3.1,-0.2","-12.150,55.500,10.800",0.61,0.74,0.00,0,125225,107510,8,1.37,37.496647,126.957891,28550,476,1714,40,16.54,0.00,999.00,-15.3,0,187,0,1,-43,-43.2,107510,28,4,0.80,1,0,-4.39,-11.29,0
18:28:04,5.534,13433557,13433556,0,0,1,37.496653,126.957901,0.04,0.0,0,30.3,1,26.6,1,0.00,9.74,3.01,0.9966,23.37,2.710,473617,1055496,0.031,1,70.3,"-1.24,0.44,9.65","2.2,-1.3,1.5","-10.950,56.250,11.550",0.14,0.65,0.00,0,125226,107511,8,1.37,37.496647,126.957891,28550,476,1714,40,16.54,0.00,999.00,-15.3,0,187,0,1,-42,-43.0,107511,29,4,0.80,1,0,-4.39,-11.29,0
18:28:04,5.608,13433658,13433657,0,0,1,37.496652,126.957900,0.03,0.0,0,30.3,1,26.6,1,1.68,9.77,10.08,0.9931,24.03,2.740,473617,1055508,0.015,1,70.3,"-1.56,0.23,9.64","8.8,-3.0,-4.0","-12.300,56.850,12.150",0.30,0.70,0.00,0,125227,107512,8,1.37,37.496647,126.957890,28551,476,1714,40,16.54,0.00,999.00,-15.3,0,187,0,1,-42,-42.8,107512,25,4,0.80,1,0,-4.39,-11.29,0
18:28:04,5.692,13433759,13433758,0,0,1,37.496652,126.957900,0.03,0.0,0,30.3,1,25.9,1,-31.73,10.31,37.07,0.9947,25.01,2.782,473617,1055520,0.015,1,70.3,"-1.38,-0.02,10.21","-15.4,10.9,31.9","-10.800,58.800,12.900",0.69,1.78,0.00,0,125228,107513,8,1.37,37.496647,126.957890,28551,476,1714,40,16.54,0.00,999.00,-15.3,0,187,0,1,-43,-42.8,107513,18,4,0.80,1,0,-4.39,-11.29,0
18:28:04,5.758,13433860,13433859,0,0,1,37.496652,126.957900,0.03,0.0,0,30.3,1,20.1,1,-69.41,11.67,97.55,0.9948,22.76,2.754,473617,1055532,0.015,1,70.3,"-2.96,-0.61,11.27","-72.4,24.1,60.8","-13.350,55.050,13.800",2.13,2.34,0.00,0,125229,107514,8,1.37,37.496647,126.957890,28551,476,1714,40,16.54,0.00,999.00,-15.3,0,187,0,1,-39,-42.1,107514,15,4,0.80,1,0,-4.39,-11.29,0
18:28:04,5.909,13433971,13433958,0,0,1,37.496652,126.957900,0.03,0.0,0,30.3,1,13.1,1,-73.11,10.69,94.19,0.9948,22.76,2.754,473617,1055544,0.015,1,70.3,"-2.73,-2.08,10.13","-40.3,48.1,70.2","-14.400,51.900,15.750",2.18,2.48,0.00,0,125230,107515,8,1.37,37.496647,126.957890,28551,476,1714,40,16.54,0.00,999.00,-15.3,0,187,0,1,-42,-42.1,107515,20,4,0.80,1,0,-4.39,-11.29,0
18:28:04,5.976,13434074,13434061,0,0,1,37.496652,126.957900,0.03,0.0,0,30.3,1,4.8,1,-85.44,10.20,90.21,0.9948,22.76,2.754,473617,1055555,0.015,1,70.3,"-4.52,-1.16,9.07","-1.6,-14.4,89.0","-13.800,51.750,14.700",2.63,2.63,0.00,0,125231,107516,8,1.37,37.496647,126.957890,28551,476,1714,40,16.13,0.00,999.00,-15.7,0,187,0,1,-50,-43.6,107516,17,4,0.80,1,0,-4.39,-11.29,0
18:28:04,6.058,13434177,13434164,0,0,1,37.496652,126.957900,0.03,0.0,0,30.3,1,355.7,1,-101.12,9.21,131.48,0.9948,22.76,2.754,473617,1055566,0.015,1,70.3,"-2.08,-0.76,8.94","22.3,-70.4,108.8","-22.500,53.850,14.550",0.96,2.61,0.00,0,125232,107517,8,1.37,37.496647,126.957890,28551,476,1714,40,16.13,0.00,999.00,-15.7,0,187,0,1,-51,-45.1,107517,15,4,0.80,1,0,-4.39,-11.29,0
18:28:04,6.231,13434267,13434266,0,0,1,37.496652,126.957900,0.03,0.0,0,30.3,1,341.9,1,-151.43,9.13,170.79,0.9948,22.76,2.754,473617,1055577,0.015,1,70.3,"-1.55,0.87,8.96","24.3,-47.5,162.2","-34.050,52.500,13.950",1.56,1.56,0.00,0,125233,107517,8,1.37,37.496647,126.957890,28551,476,1714,40,16.13,0.00,999.00,-15.7,0,187,0,1,-51,-45.1,107517,105,4,0.80,1,0,-4.39,-11.29,0
18:28:04,6.344,13434367,13434366,0,0,1,37.496652,126.957900,0.03,0.0,0,30.3,1,326.3,1,-158.84,9.00,164.63,0.9948,22.76,2.754,473617,1055589,0.015,1,70.3,"-1.19,1.43,8.80","-4.0,-12.3,164.1","-44.550,48.300,12.750",1.80,2.05,0.00,0,125234,107518,8,1.37,37.496647,126.957890,28551,476,1714,40,15.96,0.00,999.00,-13.4,0,187,0,1,-43,-44.7,107518,86,4,0.80,1,0,-4.39,-11.29,0
18:28:04,6.409,13434474,13434473,0,0,1,37.496652,126.957900,0.03,0.0,0,30.3,1,308.7,1,-174.09,8.87,177.81,0.9948,22.76,2.754,473617,1055602,0.015,1,70.3,"-1.39,1.36,8.66","-14.1,11.8,176.9","-48.300,42.600,12.150",1.33,1.68,0.00,0,125235,107519,8,1.37,37.496647,126.957890,28551,476,1714,40,15.96,0.00,999.00,-13.4,0,187,0,1,-49,-45.6,107519,100,4,0.80,1,0,-4.39,-11.29,0
18:28:04,6.491,13434577,13434576,0,0,1,37.496652,126.957900,0.03,0.0,0,30.3,1,288.9,1,-202.55,9.23,211.81,0.9948,22.76,2.754,473617,1055613,0.015,1,70.3,"-1.25,0.61,9.13","-7.8,-33.8,208.9","-52.650,31.800,12.750",0.54,1.28,0.00,0,125236,107520,8,1.37,37.496647,126.957890,28551,476,1714,40,15.96,0.00,999.00,-13.4,0,187,0,1,-40,-44.4,107520,96,4,0.80,1,0,-4.39,-11.29,0
18:28:05,6.562,13434679,13434678,0,0,1,37.496652,126.957900,0.10,0.0,0,30.3,1,267.4,1,-210.20,9.41,225.13,0.9948,22.76,2.754,473617,1055625,0.170,1,70.3,"1.09,-0.13,9.35","23.6,-42.7,219.8","-56.100,21.150,10.500",2.44,2.45,0.00,0,125237,107521,8,1.37,37.496647,126.957892,28552,476,1714,40,15.96,0.00,999.00,-13.4,0,187,0,1,-35,-42.6,107521,79,4,0.80,1,0,-4.39,-11.29,0
18:28:05,6.731,13434780,13434779,0,0,1,37.496652,126.957900,0.10,0.0,0,30.3,1,247.5,1,-172.13,9.52,181.75,0.9948,22.76,2.754,473617,1055637,0.170,1,70.3,"1.78,-0.79,9.31","35.3,-9.4,178.1","-55.350,9.000,7.800",2.69,4.11,0.00,0,125238,107522,8,1.37,37.496647,126.957892,28552,476,1714,40,15.96,0.00,999.00,-13.4,0,187,0,1,-43,-42.6,107522,87,4,0.80,1,0,-4.39,-11.29,0
18:28:05,6.859,13434881,13434880,0,0,1,37.496652,126.957900,0.10,0.0,0,30.3,1,233.5,1,-124.20,11.08,130.38,0.9948,22.76,2.754,473617,1055649,0.170,1,70.3,"1.29,1.54,10.89","3.7,34.2,125.8","-50.100,2.850,9.450",2.39,3.17,0.00,0,125239,107523,8,1.37,37.496647,126.957892,28552,476,1714,40,15.96,0.00,999.00,-13.4,0,187,0,1,-47,-43.5,107523,83,4,0.80,1,0,-4.39,-11.29,0
18:28:05,6.942,13434982,13434981,0,0,1,37.496652,126.957900,0.10,0.0,0,30.3,1,225.3,1,-43.94,9.36,70.22,0.9948,22.76,2.754,473617,1055661,0.170,1,70.3,"0.85,-0.46,9.31","-14.5,51.7,45.3","-45.000,-0.300,9.300",1.05,1.68,0.00,0,125240,107524,8,1.37,37.496647,126.957892,28552,476,1714,40,16.13,0.00,999.00,-15.7,0,187,0,1,-52,-45.2,107524,80,4,0.80,1,0,-4.39,-11.29,0
18:28:05,7.026,13435083,13435082,0,0,1,37.496652,126.957900,0.10,0.0,0,30.3,1,222.9,1,-12.02,9.10,36.66,0.9848,15.51,1.861,473617,1055673,0.170,1,70.3,"0.26,-0.99,9.05","6.0,33.1,14.5","-40.950,-2.550,10.650",1.04,1.51,0.00,0,125241,107525,8,1.37,37.496647,126.957892,28552,476,1714,40,16.13,0.00,999.00,-15.7,0,187,0,1,-51,-46.4,107525,75,4,0.80,1,0,-4.39,-11.29,0
18:28:05,7.097,13435184,13435183,0,0,1,37.496652,126.957900,0.10,0.0,0,30.3,1,222.2,1,-0.79,8.72,23.54,0.9926,18.30,1.785,473617,1055685,0.170,1,70.3,"-0.71,-0.58,8.67","22.6,-5.9,3.0","-37.500,-0.450,13.200",1.04,1.37,0.00,0,125242,107526,8,1.37,37.496647,126.957892,28552,476,1714,40,16.13,0.00,999.00,-15.7,0,187,0,1,-50,-47.1,107526,72,4,0.80,1,0,-4.39,-11.29,0
18:28:05,7.227,13435285,13435284,0,0,1,37.496652,126.957900,0.10,0.0,0,30.3,1,221.6,1,-19.11,9.38,49.81,0.9967,18.55,1.878,473617,1055697,0.170,1,70.3,"0.53,0.03,9.36","23.1,-39.1,20.5","-41.250,0.300,14.550",0.61,1.19,0.00,0,125243,107527,8,1.37,37.496647,126.957892,28552,476,1714,40,16.13,0.00,999.00,-15.7,0,187,0,1,-48,-47.3,107527,68,4,0.80,1,0,-4.39,-11.29,0
18:28:06,7.525,13435385,13435384,0,0,1,37.496652,126.957900,0.10,0.0,0,30.3,1,217.6,1,-51.26,10.18,63.71,0.9967,18.55,1.878,473617,1055709,0.170,1,70.3,"1.70,0.57,10.02","27.1,-23.6,52.6","-42.900,-0.150,13.650",1.73,1.73,0.00,0,125244,107528,8,1.37,37.496647,126.957892,28552,476,1714,40,16.13,0.00,999.00,-15.7,0,187,0,1,-47,-47.2,107528,62,4,0.80,1,0,-4.39,-11.29,0
18:28:06,7.625,13435691,13435690,0,0,1,37.496651,126.957899,0.22,0.0,0,30.3,1,205.9,1,-21.24,10.11,33.97,0.9823,19.39,1.689,473617,1055744,0.340,1,40.2,"1.29,-0.24,10.02","-10.7,20.8,24.6","-37.350,-6.600,15.000",0.70,0.88,0.00,0,125247,107531,8,1.37,37.496648,126.957894,28553,476,1714,40,16.13,0.00,999.00,-15.7,0,187,0,1,-50,-47.3,107531,44,4,0.80,1,0,-4.39,-11.29,0
18:28:06,7.747,13435792,13435791,0,0,1,37.496651,126.957899,0.22,0.0,0,30.3,1,204.3,1,-14.96,9.46,47.16,0.9938,18.61,1.591,473617,1055756,0.340,1,40.2,"0.47,0.17,9.45","-2.0,43.8,17.2","-33.600,-6.600,13.500",0.41,0.57,0.00,0,125248,107532,8,1.37,37.496648,126.957894,28553,476,1714,40,16.13,0.00,999.00,-15.7,0,187,0,1,-54,-48.7,107532,45,4,0.80,1,0,-4.39,-11.29,0
18:28:06,7.842,13435893,13435892,0,0,1,37.496651,126.957899,0.22,0.0,0,30.3,1,202.6,1,-23.33,9.44,36.04,0.9997,20.34,1.510,473617,1055768,0.340,1,40.2,"-0.63,0.40,9.41","-23.3,3.2,27.3","-31.500,-6.450,15.900",1.27,1.27,0.00,0,125249,107533,8,1.37,37.496648,126.957894,28553,476,1714,40,16.13,0.00,999.00,-15.7,0,187,0,1,-50,-48.9,107533,39,4,0.80,1,0,-4.39,-11.29,0
18:28:06,7.909,13435994,13435993,0,0,1,37.496651,126.957899,0.22,0.0,0,30.3,1,200.5,1,-19.23,9.25,27.91,0.9963,17.09,1.430,473617,1055780,0.340,1,40.2,"-0.37,-0.34,9.23","2.9,-17.2,21.8","-29.850,-8.850,12.900",0.90,1.28,0.00,0,125250,107534,8,1.37,37.496648,126.957894,28553,476,1714,40,16.13,0.00,999.00,-15.7,0,187,0,1,-55,-50.1,107534,29,4,0.86,1,0,-4.39,-11.29,0
18:28:06,7.975,13436096,13436095,0,0,1,37.496651,126.957899,0.22,0.0,0,30.3,1,199.6,1,0.00,9.61,15.06,0.9983,18.49,1.432,473617,1055792,0.340,1,40.2,"-0.82,0.87,9.53","6.3,-13.6,-1.6","-30.300,-9.600,14.400",1.21,1.32,0.00,0,125251,107535,8,1.37,37.496648,126.957894,28553,476,1714,40,16.13,0.00,999.00,-15.7,0,187,0,1,-53,-50.7,107535,27,4,0.91,1,0,-4.39,-11.29,0
18:28:06,8.165,13436196,13436195,0,0,1,37.496651,126.957899,0.22,0.0,0,30.3,1,200.4,1,15.68,9.45,20.38,0.9986,17.88,1.472,473617,1055804,0.340,1,40.2,"-0.03,0.17,9.45","-5.2,-5.0,-19.1","-31.050,-8.400,13.650",0.09,1.03,0.00,0,125252,107536,8,1.37,37.496648,126.957894,28553,476,1714,40,16.13,0.00,999.00,-15.7,0,187,0,1,-53,-51.2,107536,27,4,0.95,1,0,-4.39,-11.29,0
18:28:06,8.275,13436296,13436295,0,0,1,37.496652,126.957899,0.22,0.0,0,30.3,1,202.5,1,23.81,9.36,33.79,0.9946,16.43,1.517,473617,1055816,0.340,1,40.2,"0.47,0.09,9.35","-16.2,-12.5,-26.9","-32.250,-7.950,12.150",0.43,0.51,0.00,0,125253,107537,8,1.37,37.496648,126.957894,28553,476,1714,40,16.13,0.00,999.00,-15.7,0,187,0,1,-56,-52.1,107537,18,4,1.04,1,0,-4.39,-11.29,0
18:28:06,8.346,13436397,13436396,0,0,1,37.496652,126.957899,0.22,0.0,0,30.3,1,205.9,1,35.39,9.42,42.04,0.9746,16.57,1.609,473617,1055828,0.340,1,40.2,"1.35,-0.69,9.29","-1.7,15.7,-39.0","-35.700,-9.150,12.450",1.34,1.34,0.00,0,125254,107538,8,1.37,37.496648,126.957894,28553,476,1714,40,16.13,0.00,999.00,-15.7,0,187,0,1,-62,-54.1,107538,15,4,1.26,1,0,-4.39,-11.29,0
18:28:06,8.409,13436505,13436504,0,0,1,37.496652,126.957899,0.22,0.0,0,30.3,1,208.4,1,10.63,9.72,37.68,0.9954,15.13,1.530,473617,1055841,0.340,1,40.2,"0.12,-0.26,9.72","-1.8,35.1,-13.7","-33.000,-8.850,10.950",0.47,1.93,0.00,0,125255,107539,8,1.37,37.496648,126.957894,28553,476,1714,40,16.13,0.00,999.00,-15.7,0,187,0,1,-60,-55.3,107539,20,4,1.41,1,0,-4.39,-11.29,0
18:28:07,8.543,13436609,13436608,0,0,1,37.496651,126.957899,0.26,0.0,0,30.3,1,209.8,1,25.46,9.82,35.02,0.9997,16.64,1.468,473617,1055852,0.298,1,40.2,"-0.68,0.43,9.79","14.9,12.3,-29.2","-31.050,-8.850,12.450",1.24,1.63,0.00,0,125256,107540,8,1.37,37.496651,126.957895,28554,476,1714,40,16.13,0.00,999.00,-15.7,0,187,0,1,-62,-56.6,107540,19,4,1.60,1,0,-4.39,-11.29,0
18:28:07,8.757,13436709,13436709,0,0,1,37.496651,126.957899,0.26,0.0,0,30.3,1,212.0,1,15.64,10.57,52.08,0.9996,18.04,1.530,473617,1055864,0.298,1,40.2,"1.80,-0.68,10.39","-28.0,-39.7,-18.7","-35.250,-7.950,12.150",1.74,1.76,0.00,0,125257,107541,8,1.37,37.496651,126.957895,28554,476,1714,40,16.13,0.00,999.00,-15.7,0,187,0,1,-58,-56.9,107541,13,4,1.64,1,0,-4.39,-11.29,0
18:28:07,8.855,13436924,13436911,0,0,1,37.496651,126.957899,0.26,0.0,0,30.3,1,211.0,1,-26.92,10.16,44.82,0.9851,15.63,1.559,473617,1055887,0.298,1,40.2,"0.92,-0.58,10.10","2.1,32.6,30.6","-33.750,-8.400,11.400",0.46,1.36,0.00,0,125259,107543,8,1.37,37.496651,126.957895,28554,476,1714,40,16.13,0.00,999.00,-15.7,0,187,0,1,-58,-57.1,107543,17,4,1.68,1,0,-4.39,-11.29,0
18:28:07,8.930,13437027,13437014,0,0,1,37.496652,126.957899,0.26,0.0,0,30.3,1,208.0,1,-23.71,10.28,26.27,0.9805,16.64,1.445,473617,1055898,0.298,1,40.2,"-1.61,-1.16,10.09","0.7,-0.5,26.3","-30.300,-8.850,12.450",2.20,2.88,0.00,0,125260,107544,8,1.37,37.496651,126.957895,28554,476,1714,40,16.13,0.00,999.00,-15.7,0,187,0,1,-55,-56.7,107544,15,4,1.61,1,0,-4.39,-11.29,0
18:28:07,9.059,13437118,13437117,0,0,1,37.496652,126.957899,0.26,0.0,0,30.3,1,207.0,1,-13.15,10.98,29.39,0.9966,17.31,1.434,473617,1055909,0.298,1,40.2,"-0.49,-0.36,10.96","8.0,-24.5,14.1","-29.700,-8.250,13.050",1.22,1.96,0.00,0,125261,107544,8,1.37,37.496651,126.957895,28554,476,1714,40,16.13,0.00,999.00,-15.7,0,187,0,1,-55,-56.7,107544,106,4,1.61,1,0,-4.39,-11.29,0
18:28:07,9.159,13437218,13437217,0,0,1,37.496652,126.957899,0.26,0.0,0,30.3,1,205.1,1,-6.14,9.91,24.43,0.9920,16.97,1.467,473617,1055921,0.298,1,40.2,"-0.51,-0.76,9.87","0.9,-23.3,7.3","-30.900,-8.550,12.750",0.58,1.63,0.00,0,125262,107545,8,1.37,37.496651,126.957895,28554,476,1714,40,16.13,0.00,999.00,-15.7,0,187,0,1,-55,-56.4,107545,98,4,1.56,1,0,-4.39,-11.29,0
18:28:07,9.281,13437318,13437317,0,0,1,37.496652,126.957899,0.26,0.0,0,30.3,1,206.5,1,36.11,10.51,60.86,0.9988,16.82,1.498,473617,1055933,0.298,1,40.2,"0.08,-0.30,10.51","-35.8,-26.8,-41.3","-33.000,-8.400,10.650",0.37,1.22,0.00,0,125263,107546,8,1.37,37.496651,126.957895,28554,476,1714,40,15.73,0.00,999.00,-16.1,0,187,0,1,-59,-56.9,107546,94,4,1.64,1,0,-4.39,-11.29,0
18:28:07,9.358,13437424,13437423,0,0,1,37.496652,126.957899,0.26,0.0,0,30.3,1,212.4,1,69.05,9.90,75.21,0.9988,16.82,1.498,473617,1055946,0.298,1,40.2,"0.36,-1.76,9.73","-17.1,15.3,-71.6","-37.350,-9.000,9.000",1.28,1.28,0.00,0,125264,107547,8,1.37,37.496651,126.957895,28554,476,1714,40,15.73,0.00,999.00,-16.1,0,187,0,1,-66,-58.7,107547,93,4,1.95,1,0,-4.39,-11.29,0
18:28:07,9.508,13437530,13437529,0,0,1,37.496652,126.957899,0.26,0.0,0,30.3,1,221.2,1,86.76,10.03,93.49,0.9988,16.82,1.498,473617,1055959,0.298,1,40.2,"-0.38,-1.17,9.96","15.0,-11.3,-91.6","-40.650,-6.750,9.150",0.51,1.73,0.00,0,125265,107548,8,1.37,37.496651,126.957895,28554,476,1714,40,15.73,0.00,999.00,-16.1,0,187,0,1,-75,-62.0,107548,95,4,2.66,1,0,-4.39,-11.29,0
18:28:08,9.642,13437636,13437635,0,0,1,37.496653,126.957899,0.46,43.4,1,43.4,1,229.5,1,75.03,9.57,92.04,0.9988,16.82,1.498,473617,1055970,0.664,1,43.4,"-0.65,-2.28,9.27","11.9,-37.6,-83.2","-46.350,-1.650,7.950",1.44,1.60,0.00,0,125266,107549,8,1.37,37.496655,126.957898,28555,476,1714,40,15.73,0.00,999.00,-16.1,0,187,0,1,-78,-65.2,107549,95,4,3.61,1,0,-4.39,-11.29,0
18:28:08,9.742,13437838,13437837,0,0,1,37.496654,126.957899,0.46,43.4,1,43.4,1,236.8,1,3.98,8.10,15.73,0.9660,12.41,2.268,473617,1055994,0.664,1,43.4,"0.80,-1.36,7.95","-3.5,-12.2,-9.3","-51.900,2.250,7.050",1.54,1.95,0.00,0,125268,107551,8,1.37,37.496655,126.957898,28555,476,1714,40,15.32,0.23,999.00,-60.0,0,187,0,1,-73,-67.5,107551,82,4,4.50,1,0,-4.39,-11.29,0
18:28:08,10.045,13437939,13437938,0,0,1,37.496654,126.957899,0.46,43.4,1,43.4,1,236.9,1,3.93,8.77,22.82,0.9331,12.41,2.268,473617,1056006,0.664,1,43.4,"1.91,-1.77,8.37","-21.3,-4.1,-7.2","-54.300,0.150,4.200",1.71,1.71,0.00,0,125269,107552,8,1.37,37.496655,126.957898,28555,476,1714,40,14.91,0.23,999.00,-60.4,0,187,0,1,-69,-67.8,107552,80,4,4.63,1,0,-4.39,-11.29,0
18:28:08,10.265,13438241,13438240,0,0,1,37.496654,126.957900,0.46,43.4,1,43.4,1,239.1,1,2.60,10.07,8.66,0.9393,12.41,2.268,473617,1056042,0.664,1,43.4,"1.94,-2.04,9.67","-4.8,-3.8,-6.1","-52.800,-3.300,4.950",0.85,1.18,0.00,0,125272,107555,8,1.37,37.496655,126.957898,28555,476,1714,40,14.51,0.22,999.00,-60.9,0,187,0,1,-69,-69.1,107555,65,4,5.23,1,0,-4.39,-11.29,0
18:28:08,10.495,13438448,13438447,0,0,1,37.496654,126.957900,0.46,43.4,1,43.4,1,239.7,1,11.21,9.60,24.92,0.9453,12.41,2.268,473617,1056067,0.664,1,43.4,"1.69,-1.87,9.26","-15.3,-13.0,-14.8","-52.200,-2.700,4.500",0.32,0.62,0.00,0,125274,107557,8,1.37,37.496655,126.957898,28555,476,1714,40,14.51,0.22,999.00,-60.9,0,187,0,1,-63,-66.9,107557,61,4,4.25,1,0,-4.39,-11.29,0
18:28:09,10.658,13438665,13438664,0,0,1,37.496655,126.957900,0.28,43.4,0,43.4,1,241.5,1,4.60,9.74,13.84,0.9399,12.41,2.268,473617,1056090,0.108,1,43.4,"1.80,-2.02,9.36","4.8,-7.6,-10.5","-55.950,-2.100,2.400",0.29,0.37,0.00,0,125276,107559,9,1.37,37.496657,126.957897,28556,476,1714,40,14.10,0.00,999.00,-61.4,0,187,0,1,-74,-69.3,107559,67,4,5.34,1,0,-4.39,-11.29,0
18:28:09,10.729,13438772,13438771,0,0,1,37.496655,126.957900,0.28,43.4,0,43.4,1,241.7,1,0.00,9.70,4.42,0.9330,12.41,2.268,473617,1056103,0.108,1,43.4,"2.04,-2.02,9.26","4.4,-0.0,-0.2","-55.500,-0.900,1.200",0.41,0.50,0.00,0,125277,107560,9,1.37,37.496657,126.957897,28556,476,1714,40,14.10,0.00,999.00,-61.4,0,187,0,1,-73,-70.0,107560,65,4,5.72,1,0,-4.39,-11.29,0
18:28:09,10.812,13438873,13438872,0,0,1,37.496655,126.957900,0.28,43.4,0,43.4,1,241.6,1,0.00,9.53,4.23,0.9363,12.41,2.268,473617,1056115,0.108,1,43.4,"1.93,-1.95,9.13","-3.4,-2.4,-0.7","-56.700,0.150,1.950",0.27,0.49,0.00,0,125278,107561,9,1.37,37.496657,126.957897,28556,476,1714,40,14.10,0.00,999.00,-61.4,0,187,0,1,-74,-70.8,107561,64,4,6.17,1,0,-4.39,-11.29,0
18:28:09,10.942,13438974,13438973,0,0,1,37.496655,126.957900,0.28,43.4,0,43.4,1,241.6,1,0.00,9.53,3.37,0.9361,12.41,2.268,473617,1056127,0.108,1,43.4,"2.07,-1.81,9.12","-3.4,0.0,-0.4","-56.100,0.300,4.050",0.29,0.49,0.00,0,125279,107562,9,1.37,37.496657,126.957897,28556,476,1714,40,14.10,0.00,999.00,-61.4,0,187,0,1,-69,-70.5,107562,59,4,5.96,1,0,-4.39,-11.29,0
18:28:09,11.041,13439075,13439074,0,0,1,37.496655,126.957900,0.28,43.4,0,43.4,1,241.6,1,0.00,9.67,5.06,0.9373,12.41,2.268,473617,1056139,0.108,1,43.4,"2.04,-1.85,9.27","-4.9,1.1,0.1","-56.850,0.000,2.550",0.17,0.38,0.00,0,125280,107563,9,1.37,37.496657,126.957897,28556,476,1714,40,14.10,0.00,999.00,-61.4,0,187,0,1,-75,-71.4,107563,55,4,6.50,1,0,-4.39,-11.29,0
18:28:09,11.295,13439176,13439175,0,0,1,37.496655,126.957900,0.28,43.4,0,43.4,1,241.6,1,0.00,9.68,6.40,0.9340,12.41,2.268,473617,1056151,0.108,1,43.4,"2.05,-1.97,9.25","3.8,5.0,-1.4","-54.900,-1.500,1.500",0.16,0.30,0.00,0,125281,107564,9,1.37,37.496657,126.957897,28556,476,1714,40,14.10,0.00,999.00,-61.4,0,187,0,1,-66,-70.3,107564,50,4,5.87,1,0,-4.39,-11.29,0
18:28:09,11.426,13439479,13439478,0,0,1,37.496655,126.957900,0.28,43.4,0,43.4,1,241.5,1,1.36,9.84,6.00,0.9364,12.41,2.268,473617,1056186,0.108,1,43.4,"2.06,-1.93,9.42","0.9,-2.2,-5.5","-55.950,0.150,0.900",0.11,0.23,0.00,0,125284,107567,9,1.37,37.496657,126.957897,28556,476,1714,40,14.10,0.00,999.00,-61.4,0,187,0,1,-67,-68.4,107567,37,4,4.90,1,0,-4.39,-11.29,0
18:28:10,11.523,13439586,13439585,0,0,1,37.496655,126.957900,0.28,43.4,0,43.4,1,241.6,1,0.00,9.68,2.42,0.9299,12.41,2.268,473617,1056196,0.108,1,43.4,"2.14,-2.03,9.22","-1.7,-0.4,-1.7","-56.100,-1.950,0.750",0.14,0.30,0.00,0,125285,107568,9,1.37,37.496657,126.957897,28556,476,1714,40,14.10,0.00,999.00,-61.4,0,187,0,1,-65,-67.7,107568,38,4,4.59,1,0,-4.39,-11.29,0
18:28:10,11.645,13439686,13439685,0,0,1,37.496655,126.957899,0.18,43.4,0,43.4,1,241.6,1,0.00,9.72,10.60,0.9360,12.41,2.268,473617,1056208,0.072,1,43.4,"2.07,-1.89,9.30","-7.9,-6.9,1.5","-55.650,-0.300,0.300",0.04,0.38,0.00,0,125286,107569,8,1.37,37.496657,126.957892,28557,476,1714,40,14.10,0.00,999.00,-61.4,0,187,0,1,-63,-66.8,107569,30,4,4.20,1,0,-4.39,-11.29,0
18:28:10,11.727,13439787,13439786,0,0,1,37.496655,126.957899,0.18,43.4,0,43.4,1,241.5,1,-5.62,9.66,8.66,0.9286,12.41,2.268,473617,1056220,0.072,1,43.4,"2.27,-1.92,9.19","1.9,-3.9,7.5","-55.650,-1.050,1.050",0.19,0.34,0.00,0,125287,107570,8,1.37,37.496657,126.957892,28557,476,1714,40,14.10,0.00,999.00,-61.4,0,187,0,1,-63,-66.0,107570,28,4,3.91,1,0,-4.39,-11.29,0
18:28:10,11.901,13439888,13439887,0,0,1,37.496655,126.957899,0.18,43.4,0,43.4,1,241.4,1,0.00,9.51,5.08,0.9228,12.41,2.268,473617,1056232,0.072,1,43.4,"2.36,-1.97,9.00","0.9,-3.2,-3.8","-56.700,-0.900,0.150",0.33,0.39,0.00,0,125288,107571,8,1.37,37.496657,126.957892,28557,476,1714,40,14.51,0.00,999.00,-60.9,0,187,0,1,-65,-65.8,107571,23,4,3.83,1,0,-4.39,-11.29,0
18:28:10,12.008,13440090,13440089,0,0,1,37.496655,126.957899,0.18,43.4,0,43.4,1,241.5,1,-2.46,9.78,7.81,0.9233,12.41,2.268,473617,1056256,0.072,1,43.4,"2.32,-2.12,9.27","-4.3,-2.8,5.9","-55.650,-1.050,0.750",0.19,0.33,0.00,0,125290,107573,8,1.37,37.496657,126.957892,28557,476,1714,40,14.51,0.00,999.00,-60.9,0,187,0,1,-66,-65.7,107573,14,4,3.80,1,0,-4.39,-11.29,0
18:28:10,12.244,13440198,13440197,0,0,1,37.496655,126.957899,0.18,43.4,0,43.4,1,241.3,1,-1.60,9.75,8.44,0.9186,12.41,2.268,473617,1056269,0.072,1,43.4,"2.48,-2.10,9.19","7.8,-2.3,2.1","-56.250,-0.900,0.150",0.22,0.44,0.00,0,125291,107574,8,1.37,37.496657,126.957892,28557,476,1714,40,14.51,0.00,999.00,-60.9,0,187,0,1,-66,-65.8,107574,17,4,3.82,1,0,-4.39,-11.29,0
18:28:10,12.357,13440409,13440396,0,0,1,37.496655,126.957899,0.18,43.4,0,43.4,1,241.7,1,0.00,9.57,3.60,0.9263,12.41,2.268,473617,1056293,0.072,1,43.4,"2.28,-1.95,9.08","-1.7,-1.9,2.5","-56.250,-0.450,0.450",0.12,0.34,0.00,0,125293,107576,8,1.37,37.496657,126.957892,28557,476,1714,40,14.51,0.00,999.00,-60.9,0,187,0,1,-64,-65.6,107576,17,4,3.76,1,0,-4.39,-11.29,0
18:28:10,12.429,13440512,13440499,0,0,1,37.496655,126.957899,0.18,43.4,0,43.4,1,241.4,1,-4.58,9.72,7.98,0.9286,12.41,2.268,473617,1056304,0.072,1,43.4,"2.16,-2.07,9.25","3.6,-3.9,5.9","-56.250,-2.550,2.400",0.16,0.18,0.00,0,125294,107577,8,1.37,37.496657,126.957892,28557,476,1714,40,14.51,0.00,999.00,-60.9,0,187,0,1,-64,-65.3,107577,14,4,3.65,1,0,-4.39,-11.29,0
18:28:11,12.548,13440607,13440606,0,0,1,37.496655,126.957898,0.11,43.4,0,43.4,1,241.3,1,0.00,9.67,4.19,0.9196,12.41,2.268,473617,1056314,0.046,1,43.4,"2.41,-2.10,9.13","3.1,-2.8,-0.4","-55.500,-0.450,0.150",0.12,0.18,0.00,0,125295,107577,8,1.37,37.496657,126.957888,28558,476,1714,40,14.51,0.00,999.00,-60.9,0,187,0,1,-64,-65.3,107577,109,4,3.65,1,0,-4.39,-11.29,0
18:28:11,12.759,13440708,13440707,0,0,1,37.496655,126.957898,0.11,43.4,0,43.4,1,241.4,1,0.00,9.69,2.33,0.9194,12.41,2.268,473617,1056326,0.046,1,43.4,"2.42,-2.10,9.15","1.9,-0.8,-1.0","-56.850,-1.950,0.000",0.11,0.30,0.00,0,125296,107578,8,1.37,37.496657,126.957888,28558,476,1714,40,14.10,0.00,999.00,-61.4,0,187,0,1,-63,-64.8,107578,99,4,3.49,1,0,-4.39,-11.29,0
18:28:11,12.875,13440910,13440909,0,0,1,37.496655,126.957898,0.11,43.4,0,43.4,1,241.4,1,0.00,9.51,4.28,0.9204,12.41,2.268,473617,1056350,0.046,1,43.4,"2.29,-2.12,8.98","3.1,-2.7,-1.2","-56.400,-0.300,-0.300",0.19,0.26,0.00,0,125298,107580,8,1.37,37.496657,126.957888,28558,476,1714,40,14.10,0.00,999.00,-61.4,0,187,0,1,-64,-64.5,107580,98,4,3.39,1,0,-4.39,-11.29,0
18:28:11,12.957,13441011,13441010,0,0,1,37.496655,126.957898,0.11,43.4,0,43.4,1,241.5,1,0.00,9.60,3.60,0.9152,12.41,2.268,473617,1056362,0.046,1,43.4,"2.51,-2.10,9.02","-1.3,3.3,-0.4","-56.400,-1.500,0.300",0.16,0.24,0.00,0,125299,107581,8,1.37,37.496657,126.957888,28558,476,1714,40,14.10,0.00,999.00,-61.4,0,187,0,1,-64,-64.4,107581,94,4,3.36,1,0,-4.39,-11.29,0
18:28:11,13.077,13441112,13441111,0,0,1,37.496655,126.957898,0.11,43.4,0,43.4,1,241.6,1,1.01,9.59,6.83,0.9234,12.41,2.268,473617,1056374,0.046,1,43.4,"2.38,-1.97,9.08","-1.3,6.1,-2.8","-57.600,0.300,2.250",0.11,0.26,0.00,0,125300,107582,8,1.37,37.496657,126.957888,28558,476,1714,40,14.10,0.00,999.00,-61.4,0,187,0,1,-64,-64.3,107582,82,4,3.33,1,0,-4.39,-11.29,0
18:28:11,13.192,13441212,13441211,0,0,1,37.496655,126.957898,0.11,43.4,0,43.4,1,241.6,1,0.00,10.05,3.92,0.9170,12.41,2.268,473617,1056386,0.046,1,43.4,"2.62,-2.15,9.47","2.0,-1.2,-3.1","-56.700,-1.650,0.900",0.38,0.45,0.00,0,125301,107583,8,1.37,37.496657,126.957888,28558,476,1714,40,14.10,0.00,999.00,-61.4,0,187,0,1,-63,-64.1,107583,82,4,3.25,1,0,-4.39,-11.29,0
18:28:11,13.461,13441412,13441411,0,0,1,37.496655,126.957898,0.11,43.4,0,43.4,1,242.1,1,2.31,9.58,5.86,0.9216,12.41,2.268,473617,1056410,0.046,1,43.4,"2.47,-1.92,9.06","0.4,0.9,-5.8","-56.700,-0.450,0.450",0.20,0.26,0.00,0,125303,107585,8,1.37,37.496657,126.957888,28558,476,1714,40,14.10,0.00,999.00,-61.4,0,187,0,1,-64,-64.0,107585,71,4,3.24,1,0,-4.39,-11.29,0
18:28:12,13.558,13441622,13441621,0,0,1,37.496655,126.957897,0.09,43.4,0,43.4,1,242.0,1,0.00,9.57,4.03,0.9189,12.41,2.268,473617,1056433,0.072,1,43.4,"2.27,-2.23,9.03","3.5,0.6,-1.9","-56.400,0.000,1.500",0.23,0.28,0.00,0,125305,107587,8,1.37,37.496656,126.957883,28559,476,1714,40,13.70,0.00,999.00,-62.0,0,187,0,1,-65,-64.4,107587,72,4,3.34,1,0,-4.39,-11.29,0
18:28:12,13.626,13441723,13441722,0,0,1,37.496655,126.957897,0.09,43.4,0,43.4,1,242.5,1,7.58,9.84,16.01,0.9221,12.41,2.268,473617,1056445,0.072,1,43.4,"2.23,-2.28,9.30","6.7,9.4,-11.1","-56.400,1.500,2.250",0.30,0.35,0.00,0,125306,107588,8,1.37,37.496656,126.957883,28559,476,1714,40,13.70,0.00,999.00,-62.0,0,187,0,1,-65,-64.5,107588,66,4,3.38,1,0,-4.39,-11.29,0
18:28:12,13.776,13441824,13441823,0,0,1,37.496655,126.957897,0.09,43.4,0,43.4,1,244.1,1,20.38,9.59,35.37,0.9272,12.41,2.268,473617,1056457,0.072,1,43.4,"2.15,-2.08,9.12","18.8,13.8,-26.6","-57.450,3.600,3.150",0.17,0.67,0.00,0,125307,107589,8,1.37,37.496656,126.957883,28559,476,1714,40,13.70,0.00,999.00,-62.0,0,187,0,1,-65,-64.6,107589,60,4,3.42,1,0,-4.39,-11.29,0
18:28:12,13.843,13441928,13441927,0,0,1,37.496655,126.957897,0.09,43.4,0,43.4,1,246.5,1,19.64,9.57,27.71,0.9431,12.41,2.268,473617,1056468,0.072,1,43.4,"1.92,-1.71,9.22","6.4,15.0,-22.4","-57.750,4.500,2.700",0.45,0.64,0.00,0,125308,107590,8,1.37,37.496656,126.957883,28559,476,1714,40,13.30,0.00,999.00,-62.6,0,187,0,1,-62,-64.1,107590,61,3,3.25,1,0,-4.39,-11.29,0
18:28:12,14.010,13442029,13442028,0,0,1,37.496655,126.957897,0.09,43.4,0,43.4,1,247.2,1,-1.34,9.55,24.56,0.9531,12.41,2.268,473617,1056480,0.072,1,43.4,"1.86,-1.32,9.28","2.0,22.9,8.6","-57.450,5.700,4.950",0.68,0.68,0.00,0,125309,107591,8,1.37,37.496656,126.957883,28559,476,1714,40,13.30,0.00,999.00,-62.6,0,187,0,1,-62,-63.7,107591,56,3,3.12,1,0,-4.39,-11.29,0
18:28:12,14.142,13442130,13442129,0,0,1,37.496655,126.957897,0.09,43.4,0,43.4,1,246.3,1,-13.58,9.92,17.85,0.9680,9.76,2.445,473617,1056492,0.072,1,43.4,"1.43,-1.16,9.74","-2.5,0.9,17.7","-56.100,5.400,4.050",0.95,1.23,0.00,0,125310,107592,8,1.37,37.496656,126.957883,28559,476,1714,40,13.10,0.00,999.00,-59.8,0,187,0,1,-63,-63.5,107592,51,3,3.08,1,0,-4.39,-11.29,0
18:28:12,14.409,13442231,13442230,0,0,1,37.496655,126.957897,0.09,43.4,0,43.4,1,245.2,1,-10.31,9.77,27.67,0.9615,9.46,2.399,473617,1056504,0.072,1,43.4,"1.62,-1.26,9.55","23.2,10.6,10.7","-56.100,4.200,4.500",0.54,0.85,0.00,0,125311,107593,8,1.37,37.496656,126.957883,28559,476,1714,40,13.10,0.00,999.00,-59.8,0,187,0,1,-64,-63.6,107593,48,3,3.11,1,0,-4.39,-11.29,0
18:28:24,25.858,13442532,13442531,0,0,1,37.496655,126.957897,0.09,43.4,0,43.4,1,238.6,1,-50.06,9.55,54.03,0.9742,13.83,2.281,473617,1056540,0.072,1,43.4,"1.23,-1.22,9.39","13.9,2.8,52.1","-50.700,3.900,9.000",0.22,1.14,0.00,0,125314,107596,8,1.37,37.496656,126.957883,28559,476,1714,40,13.10,0.00,999.00,-59.8,0,187,0,1,-79,-67.3,107596,31,3,4.39,1,0,-4.39,-11.29,0
18:28:24,26.040,13454014,13454012,0,0,1,37.496673,126.957942,0.38,0.0,0,77.4,1,231.0,1,0.00,8.06,44.30,0.9798,15.36,2.183,473617,1056624,0.767,1,77.4,"0.70,-0.82,7.99","44.1,2.7,-3.3","-51.150,-1.950,10.500",1.51,1.83,0.00,0,125322,107703,8,1.00,37.496673,126.957938,28561,476,1714,40,10.60,0.00,999.00,-41.8,0,187,0,1,-62,-61.4,107703,12,3,2.52,1,0,-4.39,-11.29,0
18:28:24,26.210,13454125,13454112,0,0,1,37.496674,126.957942,0.38,0.0,0,77.4,1,230.3,1,-13.14,8.69,27.55,0.9831,17.29,2.134,473617,1056636,0.767,1,77.4,"1.12,-0.07,8.61","21.4,9.7,14.3","-48.600,0.450,12.150",0.74,1.28,0.00,0,125323,107704,8,1.00,37.496673,126.957938,28561,476,1714,40,10.60,0.00,999.00,-41.8,0,187,0,1,-62,-61.5,107704,18,3,2.55,1,0,-4.39,-11.29,0
18:28:24,26.440,13454228,13454215,0,0,1,37.496674,126.957943,0.38,0.0,0,77.4,1,227.5,1,-37.41,9.70,40.23,0.9918,17.53,2.066,473617,1056647,0.767,1,77.4,"0.60,-0.20,9.68","6.8,-3.8,39.5","-46.650,-0.150,12.450",0.48,0.48,0.00,0,125324,107705,8,1.00,37.496673,126.957938,28561,476,1714,40,10.76,0.00,999.00,-46.0,0,187,0,1,-61,-61.4,107705,15,3,2.52,1,0,-4.39,-11.29,0
18:28:24,26.468,13454541,13454528,0,0,1,37.496674,126.957944,0.38,0.0,0,77.4,1,223.2,1,32.57,9.88,50.48,0.9983,15.35,1.999,473617,1056679,0.767,1,77.4,"0.21,-0.15,9.87","-34.2,14.9,-34.0","-45.450,-4.650,11.550",0.42,1.30,0.00,0,125327,107708,8,1.00,37.496673,126.957938,28561,476,1714,40,10.76,0.00,999.00,-46.0,0,187,0,1,-64,-62.7,107708,14,3,2.86,1,0,-4.39,-11.29,0
18:28:25,26.541,13454633,13454632,0,0,1,37.496674,126.957946,0.61,77.1,1,77.1,1,231.3,1,45.26,9.10,61.13,0.9983,15.35,1.999,473617,1056690,0.833,1,76.7,"-0.12,-0.99,9.05","-37.8,11.2,-46.7","-47.550,-4.800,7.950",1.20,1.28,0.00,0,125328,107708,8,1.37,37.496674,126.957945,28562,476,1714,40,10.76,0.00,999.00,-46.0,0,187,0,1,-64,-62.7,107708,106,3,2.86,1,0,-4.39,-11.29,0
18:28:25,26.791,13454734,13454733,0,0,1,37.496674,126.957947,0.61,77.1,1,77.1,1,234.2,1,15.63,9.63,21.18,0.9825,13.05,2.080,473617,1056702,0.833,1,76.7,"-0.45,-1.32,9.53","-6.4,-6.5,-19.1","-48.600,-4.050,8.400",1.24,1.24,0.00,0,125329,107709,8,1.37,37.496674,126.957945,28562,476,1714,40,10.76,-0.33,999.00,-123.1,0,187,0,1,-61,-62.4,107709,97,3,2.77,1,0,-4.39,-11.29,0
18:28:25,26.908,13454936,13454935,0,0,1,37.496674,126.957949,0.61,77.1,1,77.1,1,234.6,1,3.49,10.16,10.40,0.9936,10.78,2.126,473617,1056726,0.833,1,76.7,"0.15,-0.47,10.15","-5.5,-5.3,-7.1","-51.000,-6.750,6.450",0.40,1.02,0.00,0,125331,107711,8,1.37,37.496674,126.957945,28562,476,1714,40,10.76,-0.33,999.00,-123.1,0,187,0,1,-65,-63.0,107711,87,3,2.93,1,0,-4.39,-11.29,0
18:28:25,27.042,13455037,13455036,0,0,1,37.496675,126.957950,0.61,77.1,1,77.1,1,236.7,1,23.26,9.01,52.70,0.9552,10.66,2.115,473617,1056738,0.833,1,76.7,"1.36,-1.23,8.82","31.0,34.3,-25.3","-51.150,-3.900,8.550",1.37,1.70,0.00,0,125332,107712,8,1.37,37.496674,126.957945,28562,476,1714,40,10.76,-0.33,999.00,-123.1,0,187,0,1,-66,-63.6,107712,86,3,3.11,1,0,-4.39,-11.29,0
18:28:25,27.225,13455245,13455244,0,0,1,37.496675,126.957951,0.61,77.1,1,77.1,1,237.0,1,-11.44,9.38,49.09,0.9305,13.19,2.220,473617,1056763,0.833,1,76.7,"2.45,-0.24,9.05","44.2,17.7,12.0","-51.750,-2.550,9.450",1.79,2.62,0.00,0,125334,107714,8,1.37,37.496674,126.957945,28562,476,1714,40,11.25,-0.35,999.00,-125.5,0,187,0,1,-65,-63.9,107714,82,3,3.21,1,0,-4.39,-11.29,0
18:28:25,27.340,13455352,13455351,0,0,1,37.496675,126.957952,0.61,77.1,1,77.1,1,235.4,1,-9.24,9.24,17.08,0.9840,15.47,2.134,473617,1056776,0.833,1,76.7,"1.13,-0.11,9.17","-6.1,9.1,13.2","-49.200,-1.050,10.500",0.55,1.74,0.00,0,125335,107715,8,1.37,37.496674,126.957945,28562,476,1714,40,11.25,-0.35,999.00,-125.5,0,187,0,1,-69,-65.0,107715,83,3,3.53,1,0,-4.39,-11.29,0
18:28:26,27.561,13455557,13455556,0,0,1,37.496675,126.957952,0.61,77.1,1,77.1,1,232.7,1,-6.89,11.15,23.76,0.9997,14.92,2.137,473617,1056799,0.833,1,76.7,"-0.68,0.34,11.12","18.9,-12.6,7.0","-49.650,-1.950,10.050",2.42,2.42,0.00,0,125337,107717,8,1.37,37.496674,126.957945,28562,476,1714,40,11.25,-0.35,999.00,-125.5,0,187,0,1,-64,-65.7,107717,77,3,3.80,1,0,-4.39,-11.29,0
18:28:26,27.691,13455759,13455758,0,0,1,37.496675,126.957954,0.71,74.7,1,74.7,1,237.7,1,18.83,9.44,25.10,0.9977,17.24,2.204,473617,1056823,0.808,1,70.1,"0.22,0.45,9.43","9.8,0.7,-23.1","-51.000,0.150,12.150",1.02,1.32,0.00,0,125339,107719,8,1.37,37.496675,126.957952,28563,476,1714,40,11.25,-0.39,999.00,-123.0,0,187,0,1,-76,-68.0,107719,67,3,4.71,1,0,-4.39,-11.29,0
18:28:26,27.815,13455860,13455859,0,0,1,37.496676,126.957955,0.71,74.7,1,74.7,1,238.4,1,-7.24,9.04,11.27,0.9937,16.58,2.215,473617,1056835,0.808,1,70.1,"0.60,0.35,9.02","6.2,0.5,9.4","-51.000,0.900,11.400",0.87,1.02,0.00,0,125340,107720,8,1.37,37.496675,126.957952,28563,476,1714,40,10.98,-0.40,999.00,-124.7,0,187,0,1,-73,-69.0,107720,64,3,5.18,1,0,-4.39,-11.29,0
18:28:26,28.174,13455961,13455960,0,0,1,37.496676,126.957956,0.71,74.7,1,74.7,1,236.0,1,-35.69,9.45,38.63,0.9897,16.13,2.202,473617,1056847,0.808,1,70.1,"0.89,0.79,9.37","-2.0,-2.2,38.5","-50.550,0.900,10.950",0.82,1.34,0.00,0,125341,107721,8,1.37,37.496675,126.957952,28563,476,1714,40,10.98,-0.40,999.00,-124.7,0,187,0,1,-77,-70.6,107721,59,3,6.04,1,0,-4.39,-11.29,0
18:28:26,28.278,13456262,13456261,0,0,1,37.496676,126.957959,0.71,74.7,1,74.7,1,237.1,1,43.31,9.96,52.25,0.9922,14.76,2.153,473617,1056883,0.808,1,70.1,"1.28,-1.33,9.79","-1.7,21.6,-47.5","-50.700,-1.950,7.500",1.77,1.77,0.00,0,125344,107724,8,1.37,37.496675,126.957952,28563,476,1714,40,11.50,0.00,999.00,-126.9,0,187,0,1,-78,-73.0,107724,45,3,7.61,1,0,-4.39,-11.29,0
18:28:27,28.758,13456466,13456465,0,0,1,37.496676,126.957959,0.71,74.7,1,74.7,1,246.9,1,41.87,8.67,58.24,0.9922,14.76,2.153,473617,1056906,0.808,1,70.1,"1.15,-0.24,8.59","31.6,-13.5,-47.0","-53.100,3.450,8.550",1.18,1.66,0.00,0,125346,107726,8,1.37,37.496675,126.957952,28563,476,1714,40,11.25,0.00,999.00,-128.6,0,187,0,1,-72,-72.2,107726,35,3,7.02,1,0,-4.39,-11.29,0
18:28:27,28.890,13456880,13456867,0,0,1,37.496677,126.957962,0.75,72.7,1,72.7,1,259.6,1,51.01,11.11,64.39,0.9951,15.85,2.512,473617,1056954,0.792,1,69.0,"1.31,1.66,10.90","-3.5,-37.5,-52.3","-53.850,14.100,7.800",1.63,2.11,0.00,0,125350,107730,8,1.37,37.496676,126.957958,28564,476,1714,40,11.25,0.00,999.00,-126.6,0,187,0,1,-78,-73.9,107730,19,3,8.25,1,0,-4.39,-11.29,0
18:28:27,28.957,13456972,13456972,0,0,1,37.496677,126.957963,0.75,72.7,1,72.7,1,265.9,1,69.61,9.47,81.15,0.9951,15.85,2.512,473617,1056965,0.792,1,69.0,"0.13,1.46,9.36","18.8,19.1,-76.6","-55.200,18.600,8.700",1.23,1.43,0.00,0,125351,107731,8,1.37,37.496676,126.957958,28564,476,1714,40,11.25,0.00,999.00,-126.6,0,187,0,1,-71,-73.3,107731,12,3,7.81,1,0,-4.39,-11.29,0
18:28:27,29.159,13457084,13457071,0,0,1,37.496678,126.957964,0.75,72.7,1,72.7,1,272.0,1,46.22,10.29,56.02,0.9951,15.85,2.512,473617,1056977,0.792,1,69.0,"0.79,0.18,10.26","-14.6,-27.4,-46.6","-55.950,22.200,6.900",0.75,2.03,0.00,0,125352,107732,8,1.37,37.496676,126.957958,28564,476,1714,40,11.25,0.00,999.00,-126.6,0,187,0,1,-76,-73.8,107732,19,3,8.22,1,0,-4.39,-11.29,0
18:28:27,29.275,13457291,13457278,0,0,1,37.496678,126.957965,0.75,72.7,1,72.7,1,279.3,1,40.80,9.32,46.70,0.9693,15.53,2.874,473617,1056999,0.792,1,69.0,"0.57,2.38,8.99","-18.0,-3.9,-42.9","-58.800,25.950,7.500",1.39,1.87,0.00,0,125354,107734,8,1.37,37.496676,126.957958,28564,476,1714,40,11.00,0.00,999.00,-128.4,0,187,0,1,-73,-74.8,107734,15,3,9.02,1,0,-4.39,-11.29,0
18:28:27,29.341,13457381,13457380,0,0,1,37.496678,126.957966,0.75,72.7,1,72.7,1,283.5,1,46.24,9.63,50.93,0.9761,15.77,2.848,473617,1057010,0.792,1,69.0,"0.34,2.13,9.39","-6.9,-17.4,-47.4","-57.600,29.100,7.500",0.84,1.37,0.00,0,125355,107734,8,1.37,37.496676,126.957958,28564,476,1714,40,11.00,0.00,999.00,-128.4,0,187,0,1,-73,-74.8,107734,105,3,9.02,1,0,-4.39,-11.29,0
18:28:28,29.553,13457484,13457483,0,0,1,37.496678,126.957966,0.75,72.7,1,72.7,1,289.6,1,68.82,10.83,83.72,0.9761,15.77,2.848,473617,1057021,0.792,1,69.0,"0.09,2.81,10.46","-35.9,-38.8,-64.9","-57.000,28.800,6.450",1.57,1.68,0.00,0,125356,107735,8,1.37,37.496676,126.957958,28564,476,1714,40,11.00,0.00,999.00,-128.4,0,187,0,1,-74,-74.7,107735,100,3,8.88,1,0,-4.39,-11.29,0
18:28:28,29.844,13457692,13457691,0,0,1,37.496678,126.957968,0.60,73.6,1,73.6,1,297.4,1,58.06,8.87,68.26,0.9761,15.77,2.848,473617,1057046,0.442,1,75.4,"0.66,0.30,8.84","-26.1,-27.9,-56.6","-53.850,36.600,7.050",1.21,1.45,0.00,0,125358,107736,8,1.37,37.496676,126.957961,28565,476,1714,40,11.00,0.00,999.00,-128.4,0,187,0,1,-74,-74.5,107736,100,3,8.77,1,0,-4.39,-11.29,0
18:28:28,29.958,13457995,13457994,0,0,1,37.496678,126.957968,0.60,73.6,1,73.6,1,314.4,1,67.99,10.18,72.25,0.9761,15.77,2.848,473617,1057082,0.442,1,75.4,"1.97,0.97,9.94","-2.3,-15.7,-70.5","-51.300,44.550,7.950",0.92,1.03,0.00,0,125361,107739,8,1.37,37.496676,126.957961,28565,476,1714,40,12.14,0.00,999.00,-132.9,0,187,0,1,-79,-75.5,107739,88,3,9.65,1,0,-4.39,-11.29,0
18:28:28,30.158,13458096,13458095,0,0,1,37.496679,126.957968,0.60,73.6,1,73.6,1,320.1,1,58.63,11.37,65.53,0.9761,15.77,2.848,473617,1057094,0.442,1,75.4,"0.17,2.02,11.19","12.4,-4.6,-64.2","-49.800,46.650,5.700",2.22,2.22,0.00,0,125362,107740,8,1.37,37.496676,126.957961,28565,476,1714,40,11.93,0.00,999.00,-134.6,0,187,0,1,-79,-76.2,107740,83,3,10.31,1,0,-4.39,-11.29,0
18:28:29,31.513,13458303,13458302,0,0,1,37.496679,126.957968,0.60,73.6,1,73.6,1,330.9,1,39.73,9.97,47.47,0.9761,15.77,2.848,473617,1057119,0.442,1,75.4,"1.92,0.66,9.76","-12.8,-23.3,-39.3","-45.600,53.700,4.950",0.86,1.71,0.00,0,125364,107742,8,1.37,37.496676,126.957961,28565,476,1714,40,11.93,0.00,999.00,-134.6,0,187,0,1,-82,-78.0,107742,78,3,12.00,1,0,-4.39,-11.29,0
18:28:30,31.704,13459637,13459636,0,0,1,37.496677,126.957968,0.42,74.2,1,74.2,1,332.6,1,-18.22,9.05,60.76,0.9832,20.35,3.168,473617,1057274,0.329,1,75.4,"0.32,0.26,9.04","53.5,25.1,14.1","-40.800,58.200,6.750",1.13,2.15,0.00,0,125377,107755,9,1.37,37.496670,126.957966,28567,476,1714,40,11.73,0.00,999.00,-137.1,0,187,0,1,-73,-74.3,107755,39,3,8.61,1,0,-4.39,-11.29,0
18:28:30,31.906,13459739,13459738,0,0,1,37.496677,126.957969,0.42,74.2,1,74.2,1,331.8,1,0.00,9.69,51.82,0.9767,18.24,3.259,473617,1057286,0.329,1,75.4,"-0.39,1.84,9.51","-37.1,-35.6,6.8","-40.200,59.550,4.950",1.10,2.38,0.00,0,125378,107756,9,1.37,37.496670,126.957966,28567,476,1714,40,11.13,0.00,999.00,-135.5,0,187,0,1,-76,-74.7,107756,37,3,8.89,1,0,-4.39,-11.29,0
18:28:30,32.317,13459942,13459941,0,0,1,37.496677,126.957969,0.42,74.2,1,74.2,1,332.8,1,14.58,9.21,21.32,0.9893,17.19,3.214,473617,1057310,0.329,1,75.4,"0.22,1.63,9.06","-12.2,-3.0,-17.2","-39.300,58.650,5.250",0.69,1.52,0.00,0,125380,107758,9,1.37,37.496670,126.957966,28567,476,1714,40,11.13,0.00,999.00,-135.5,0,187,0,1,-75,-74.6,107758,28,3,8.86,1,0,-4.39,-11.29,0
18:28:31,32.524,13460461,13460448,0,0,1,37.496677,126.957969,0.42,74.2,1,74.2,1,331.5,1,-1.67,10.25,26.77,0.9732,18.74,3.213,473617,1057368,0.329,1,75.4,"1.72,1.39,10.00","21.6,15.8,0.8","-42.300,56.700,7.050",1.17,1.17,0.00,0,125385,107762,9,1.37,37.496670,126.957966,28567,476,1714,40,11.13,0.00,999.00,-135.5,0,187,0,1,-74,-73.9,107762,20,3,8.25,1,0,-4.39,-11.29,0
18:28:31,32.546,13460564,13460551,0,0,1,37.496677,126.957969,0.42,74.2,1,74.2,1,330.1,1,-17.31,10.08,45.77,0.9717,18.87,3.204,473617,1057379,0.329,1,75.4,"0.81,2.24,9.79","-39.4,6.6,22.4","-40.350,57.750,7.050",0.91,1.45,0.00,0,125386,107763,9,1.37,37.496670,126.957966,28567,476,1714,40,11.13,0.00,999.00,-135.5,0,187,0,1,-73,-73.7,107763,13,3,8.11,1,0,-4.39,-11.29,0
18:28:31,32.658,13460668,13460655,0,0,1,37.496677,126.957968,0.28,74.2,0,74.2,1,328.3,1,-13.87,9.29,36.54,0.9667,21.90,3.095,473617,1057390,0.134,1,75.4,"1.90,1.03,9.04","21.7,27.3,11.0","-40.050,54.300,10.500",1.12,1.54,0.00,0,125387,107764,9,1.00,37.496670,126.957966,28568,476,1714,40,11.13,0.00,999.00,-135.5,0,187,0,1,-76,-74.2,107764,15,3,8.48,1,0,-4.39,-11.29,0
18:28:31,32.745,13460760,13460759,0,0,1,37.496677,126.957968,0.28,74.2,0,74.2,1,327.8,1,0.00,9.27,33.63,0.9756,20.84,3.159,473617,1057401,0.134,1,75.4,"1.08,1.84,9.02","-32.3,-8.3,4.0","-41.550,55.500,9.300",0.56,1.54,0.00,0,125388,107764,9,1.00,37.496670,126.957966,28568,476,1714,40,11.13,0.00,999.00,-135.5,0,187,0,1,-76,-74.2,107764,107,3,8.48,1,0,-4.39,-11.29,0
18:28:31,32.857,13460861,13460860,0,0,1,37.496677,126.957969,0.28,74.2,0,74.2,1,328.5,1,8.20,10.30,18.63,0.9833,19.85,3.052,473617,1057413,0.134,1,75.4,"1.13,1.50,10.12","9.0,8.4,-14.0","-40.650,52.050,8.700",0.63,0.69,0.00,0,125389,107765,9,1.00,37.496670,126.957966,28568,476,1714,40,11.13,0.00,999.00,-135.5,0,187,0,1,-73,-73.9,107765,100,3,8.29,1,0,-4.39,-11.29,0
18:28:31,33.125,13461062,13461061,0,0,1,37.496677,126.957969,0.28,74.2,0,74.2,1,330.0,1,6.55,10.40,11.74,0.9902,22.21,3.065,473617,1057437,0.134,1,75.4,"-1.40,1.62,10.18","-5.4,-5.3,-9.0","-38.550,54.300,10.800",2.13,2.13,0.00,0,125391,107766,9,1.00,37.496670,126.957966,28568,476,1714,40,11.13,0.00,999.00,-135.5,0,187,0,1,-77,-74.5,107766,92,3,8.79,1,0,-4.39,-11.29,0
18:28:31,33.272,13461262,13461261,0,0,1,37.496677,126.957969,0.28,74.2,0,74.2,1,333.4,1,27.81,8.85,45.65,0.9992,22.85,3.047,473617,1057461,0.134,1,75.4,"-0.08,-0.01,8.85","10.9,-34.5,-27.8","-35.400,56.250,10.800",1.43,2.02,0.00,0,125393,107768,9,1.00,37.496670,126.957966,28568,476,1714,40,11.13,0.00,999.00,-135.5,0,187,0,1,-77,-75.1,107768,77,3,9.27,1,0,-4.39,-11.29,0
18:28:31,33.428,13461362,13461361,0,0,1,37.496677,126.957969,0.28,74.2,0,74.2,1,335.3,1,10.06,8.86,13.84,0.9785,21.22,3.101,473617,1057473,0.134,1,75.4,"0.99,1.62,8.66","2.3,-1.5,-13.6","-36.000,57.150,9.450",0.99,1.17,0.00,0,125394,107769,9,1.00,37.496670,126.957966,28568,476,1714,40,11.13,0.00,999.00,-135.5,0,187,0,1,-72,-74.5,107769,76,3,8.74,1,0,-4.39,-11.29,0
18:28:32,33.528,13461567,13461566,0,0,1,37.496677,126.957969,0.28,74.2,0,74.2,1,335.4,1,-8.43,10.14,13.76,0.9774,21.13,3.075,473617,1057496,0.134,1,75.4,"1.22,1.84,9.89","3.4,-6.4,11.7","-35.700,56.400,9.450",1.01,1.04,0.00,0,125396,107771,9,1.00,37.496670,126.957966,28568,476,1714,40,10.93,0.00,999.00,-137.4,0,187,0,1,-69,-71.9,107771,69,3,6.82,1,0,-4.39,-11.29,0
18:28:32,34.076,13461668,13461667,0,0,1,37.496676,126.957968,0.19,74.2,0,74.2,1,334.0,1,-10.62,11.84,21.38,0.9941,22.67,3.149,473617,1057508,0.108,1,75.4,"-0.17,1.81,11.70","16.9,-3.3,12.6","-37.350,58.200,10.800",2.28,2.28,0.00,0,125397,107772,9,1.00,37.496669,126.957965,28569,476,1714,40,10.93,0.00,999.00,-137.4,0,187,0,1,-75,-72.5,107772,64,3,7.23,1,0,-4.39,-11.29,0
18:28:32,34.238,13462171,13462170,0,0,1,37.496676,126.957968,0.19,74.2,0,74.2,1,331.4,1,0.00,11.07,13.74,0.9961,20.55,3.252,473617,1057568,0.108,1,75.4,"-0.19,1.47,10.98","-7.5,-11.1,2.9","-40.800,59.400,8.550",1.27,2.42,0.00,0,125402,107775,9,1.00,37.496669,126.957965,28569,476,1714,40,10.93,0.00,999.00,-137.4,0,187,0,1,-78,-75.8,107775,40,3,9.90,1,0,-4.39,-11.29,0
18:28:32,34.350,13462278,13462277,0,0,1,37.496676,126.957968,0.19,74.2,0,74.2,1,332.6,1,27.62,10.06,33.59,0.9751,19.43,3.207,473617,1057581,0.108,1,75.4,"1.06,2.13,9.78","-7.5,5.7,-32.2","-39.300,58.650,7.500",0.89,1.38,0.00,0,125403,107776,9,1.00,37.496669,126.957965,28569,476,1714,40,10.75,0.00,999.00,-139.4,0,187,0,1,-77,-76.0,107776,41,3,10.13,1,0,-4.39,-11.29,0
18:28:32,34.478,13462487,13462486,0,0,1,37.496676,126.957968,0.19,74.2,0,74.2,1,338.5,1,9.49,7.50,28.37,0.9321,19.86,3.160,473617,1057605,0.108,1,75.4,"1.89,1.93,7.00","20.5,11.0,-16.3","-35.850,58.950,11.250",2.60,2.78,0.00,0,125405,107777,9,1.00,37.496669,126.957965,28569,476,1714,40,10.75,0.00,999.00,-139.4,0,187,0,1,-81,-77.0,107777,38,3,11.13,1,0,-4.39,-11.29,0
18:28:33,34.658,13462595,13462594,0,0,1,37.496676,126.957968,0.19,74.2,0,74.2,1,338.2,1,-11.23,9.61,32.44,0.9665,21.92,3.152,473617,1057618,0.108,1,75.4,"1.84,1.44,9.32","-10.6,-23.8,19.3","-37.350,58.200,10.050",1.12,2.57,0.00,0,125406,107778,9,1.00,37.496669,126.957965,28569,476,1714,40,10.75,0.00,999.00,-139.4,0,187,0,1,-79,-77.4,107778,40,3,11.56,1,0,-4.39,-11.29,0
18:28:33,34.812,13462796,13462795,0,0,1,37.496675,126.957968,0.18,74.2,0,74.2,1,333.0,1,-0.87,11.40,26.39,0.9857,20.61,3.229,473617,1057642,0.159,1,75.4,"0.70,2.05,11.19","-17.4,-18.0,8.4","-38.850,59.850,8.550",1.35,3.58,0.00,0,125408,107780,8,1.00,37.496667,126.957966,28570,476,1714,40,10.93,0.00,999.00,-137.4,0,187,0,1,-73,-76.8,107780,30,3,10.88,1,0,-4.39,-11.29,0
18:28:33,34.828,13462897,13462896,0,0,1,37.496675,126.957968,0.18,74.2,0,74.2,1,334.0,1,0.47,9.13,18.26,0.9757,21.08,3.217,473617,1057654,0.159,1,75.4,"1.06,1.81,8.88","-17.7,3.0,-3.1","-39.900,58.800,9.150",1.04,1.30,0.00,0,125409,107781,8,1.00,37.496667,126.957966,28570,476,1714,40,10.75,0.00,999.00,-139.4,0,187,0,1,-78,-77.0,107781,25,3,11.14,1,0,-4.39,-11.29,0
18:28:33,34.880,13462997,13462996,0,0,1,37.496675,126.957968,0.18,74.2,0,74.2,1,331.7,1,-36.99,7.60,43.95,0.9988,21.69,3.223,473617,1057666,0.159,1,75.4,"-0.19,0.71,7.57","13.9,22.4,35.2","-40.050,58.950,9.750",2.29,2.88,0.00,0,125410,107781,8,1.00,37.496667,126.957966,28570,476,1714,40,10.75,0.00,999.00,-139.4,0,187,0,1,-78,-77.0,107781,125,3,11.14,1,0,-4.39,-11.29,0
18:28:33,35.059,13463098,13463097,0,0,1,37.496675,126.957968,0.18,74.2,0,74.2,1,328.2,1,-28.36,10.16,31.63,0.9876,19.71,3.243,473617,1057678,0.159,1,75.4,"-0.11,2.05,9.96","4.1,-1.3,31.3","-41.250,58.650,7.800",1.12,2.20,0.00,0,125411,107782,8,1.00,37.496667,126.957966,28570,476,1714,40,10.75,0.00,999.00,-139.4,0,187,0,1,-76,-76.8,107782,12,3,10.92,1,0,-4.39,-11.29,0
18:28:33,35.209,13463206,13463205,0,0,1,37.496675,126.957968,0.18,74.2,0,74.2,1,327.1,1,11.09,11.10,18.76,0.9916,20.17,3.205,473617,1057691,0.159,1,75.4,"-0.29,1.96,10.92","-12.3,-0.4,-14.1","-42.750,56.250,8.550",1.47,2.13,0.00,0,125412,107783,8,1.00,37.496667,126.957966,28570,476,1714,40,10.58,0.00,999.00,-141.5,0,187,0,1,-82,-77.9,107783,17,3,12.00,1,0,-4.39,-11.29,0
18:28:33,35.275,13463313,13463312,0,0,1,37.496675,126.957968,0.18,74.2,0,74.2,1,330.8,1,49.41,9.33,53.41,0.9930,20.99,3.169,473617,1057704,0.159,1,75.4,"0.26,0.45,9.32","0.9,-14.8,-51.3","-40.650,57.150,9.900",1.23,1.29,0.00,0,125413,107783,8,1.00,37.496667,126.957966,28570,476,1714,40,10.58,0.00,999.00,-141.5,0,187,0,1,-82,-77.9,107783,124,3,12.00,1,0,-4.39,-11.29,0
18:28:33,35.491,13463421,13463420,0,0,1,37.496675,126.957968,0.18,74.2,0,74.2,1,335.5,1,29.00,7.20,53.24,0.9930,20.99,3.169,473617,1057717,0.159,1,75.4,"1.70,1.65,6.80","38.3,6.2,-36.4","-38.250,60.000,9.900",2.77,2.77,0.00,0,125414,107784,8,1.00,37.496667,126.957966,28570,476,1714,40,10.58,0.00,999.00,-141.5,0,187,0,1,-77,-77.7,107784,17,3,11.85,1,0,-4.39,-11.29,0
18:28:34,35.605,13463639,13463626,0,0,1,37.496675,126.957968,0.27,74.2,0,74.2,1,332.1,1,-55.53,12.12,61.53,0.9677,21.11,3.209,473617,1057739,0.365,1,75.4,"1.35,3.23,11.60","17.2,26.2,52.9","-36.750,61.950,9.150",2.81,2.81,0.00,0,125416,107786,8,1.14,37.496670,126.957964,28571,476,1714,40,10.42,0.00,999.00,-143.7,0,187,0,1,-79,-77.8,107786,20,3,12.00,1,0,-4.39,-11.29,0
18:28:34,35.740,13463730,13463729,0,0,1,37.496675,126.957968,0.27,74.2,0,74.2,1,328.5,1,-15.74,11.73,24.36,0.9845,20.44,3.253,473617,1057750,0.365,1,75.4,"0.04,2.55,11.45","-4.8,-11.1,21.2","-38.550,60.900,8.250",1.83,4.30,0.00,0,125417,107786,8,1.14,37.496670,126.957964,28571,476,1714,40,10.42,0.00,999.00,-143.7,0,187,0,1,-79,-77.8,107786,111,3,12.00,1,0,-4.39,-11.29,0
18:28:34,35.825,13463843,13463830,0,0,1,37.496675,126.957968,0.27,74.2,0,74.2,1,328.9,1,3.08,9.49,24.64,0.9675,19.00,3.267,473617,1057762,0.365,1,75.4,"1.32,2.12,9.16","-11.5,19.2,-10.3","-42.000,58.950,7.050",1.16,2.17,0.00,0,125418,107787,8,1.14,37.496670,126.957964,28571,476,1714,40,10.42,0.00,999.00,-143.7,0,187,0,1,-77,-77.7,107787,15,3,11.84,1,0,-4.39,-11.29,0
18:28:34,35.957,13463946,13463933,0,0,1,37.496675,126.957968,0.27,74.2,0,74.2,1,327.4,1,-22.73,7.09,27.09,0.9917,20.06,3.254,473617,1057773,0.365,1,75.4,"-0.41,1.25,6.97","-1.9,14.5,22.8","-39.450,60.300,7.950",2.64,3.01,0.00,0,125419,107788,8,1.14,37.496670,126.957964,28571,476,1714,40,10.42,0.00,999.00,-143.7,0,187,0,1,-74,-76.9,107788,20,3,11.04,1,0,-4.39,-11.29,0
18:28:34,36.092,13464153,13464140,0,0,1,37.496675,126.957968,0.27,74.2,0,74.2,1,323.4,1,7.65,10.44,12.08,0.9591,16.11,3.343,473617,1057795,0.365,1,75.4,"-0.73,3.43,9.83","-1.9,1.9,-11.8","-43.800,58.950,6.000",1.60,2.43,0.00,0,125421,107790,8,1.14,37.496670,126.957964,28571,476,1714,40,11.06,0.00,999.00,-144.9,0,187,0,1,-83,-78.3,107790,15,3,12.00,1,0,-4.39,-11.29,0
18:28:34,36.190,13464243,13464242,0,0,1,37.496675,126.957968,0.27,74.2,0,74.2,1,328.2,1,57.36,8.62,63.90,0.9852,16.80,3.320,473617,1057806,0.365,1,75.4,"1.11,0.54,8.53","-17.1,-23.0,-57.1","-42.300,59.850,6.000",2.05,2.13,0.00,0,125422,107790,8,1.14,37.496670,126.957964,28571,476,1714,40,11.06,0.00,999.00,-144.9,0,187,0,1,-83,-78.3,107790,105,3,12.00,1,0,-4.39,-11.29,0
18:28:34,36.308,13464373,13464349,0,0,1,37.496675,126.957968,0.27,74.2,0,74.2,1,331.6,1,7.87,7.31,29.74,0.9429,19.59,3.268,473617,1057819,0.365,1,75.4,"1.50,1.97,6.88","24.5,8.9,-14.4","-42.300,60.900,5.250",2.54,2.77,0.00,0,125423,107792,8,1.14,37.496670,126.957964,28571,476,1714,40,-1.00,0.00,999.00,0.0,0,187,0,1,-79,-78.7,107792,24,1,12.00,1,0,-4.39,-11.29,0
18:28:34,36.406,13464479,13464466,0,0,1,37.496675,126.957968,0.27,74.2,0,74.2,1,330.7,1,-17.54,9.55,22.42,0.9756,19.21,3.291,473617,1057829,0.365,1,75.4,"1.48,1.33,9.34","-5.5,-3.3,21.5","-42.450,59.550,7.200",1.24,2.32,0.00,0,125424,107793,8,1.14,37.496670,126.957964,28571,476,1714,40,-1.00,0.00,999.00,0.0,0,187,0,1,-79,-78.8,107793,24,1,12.00,1,0,-4.39,-11.29,0
18:28:34,36.489,13464582,13464569,0,0,1,37.496675,126.957968,0.27,74.2,0,74.2,1,327.9,1,-18.94,13.53,27.14,0.9665,18.52,3.354,473617,1057840,0.365,1,75.4,"-3.32,3.86,12.53","-10.6,16.3,18.9","-41.400,59.250,5.700",5.19,5.19,0.00,0,125425,107794,8,1.14,37.496670,126.957964,28571,476,1714,40,-1.00,0.00,999.00,0.0,0,187,0,1,-71,-77.2,107794,16,1,11.34,1,0,-4.39,-11.29,0
18:28:35,36.609,13464686,13464673,0,0,1,37.496675,126.957968,0.28,74.2,0,74.2,1,328.2,1,10.97,11.36,34.06,0.9898,20.53,3.295,473617,1057851,0.293,1,75.4,"0.16,2.03,11.18","10.1,25.7,-19.9","-43.050,59.400,8.550",1.24,4.47,0.00,0,125426,107795,8,1.14,37.496671,126.957964,28572,476,1714,40,-1.00,0.00,999.00,0.0,0,187,0,1,-74,-76.6,107795,19,1,10.67,1,0,-4.39,-11.29,0
18:28:35,36.724,13464791,13464778,0,0,1,37.496675,126.957968,0.28,74.2,0,74.2,1,328.7,1,-0.38,6.99,41.34,0.9809,20.20,3.249,473617,1057862,0.293,1,75.4,"0.68,0.74,6.92","-24.9,32.9,-2.4","-38.700,58.800,8.400",2.83,3.05,0.00,0,125427,107796,8,1.14,37.496671,126.957964,28572,476,1714,40,-1.00,0.00,999.00,0.0,0,187,0,1,-76,-76.5,107796,16,1,10.55,1,0,-4.39,-11.29,0
18:28:35,37.130,13464896,13464883,0,0,1,37.496675,126.957968,0.28,74.2,0,74.2,1,326.8,1,-24.40,8.86,34.03,0.9909,21.07,3.129,473617,1057873,0.293,1,75.4,"-1.36,1.13,8.68","-19.6,11.2,25.5","-39.150,56.100,9.450",1.62,2.49,0.00,0,125428,107797,8,1.14,37.496671,126.957964,28572,476,1714,40,-1.00,0.00,999.00,0.0,0,187,0,1,-78,-76.8,107797,18,1,10.86,1,0,-4.39,-11.29,0
18:28:36,37.543,13465294,13465293,0,0,1,37.496675,126.957968,0.28,74.2,0,74.2,1,333.3,1,11.04,7.85,24.68,0.9652,21.90,3.178,473617,1057921,0.293,1,75.4,"1.12,1.82,7.56","12.7,13.3,-16.5","-37.500,59.250,9.450",2.14,2.74,0.00,0,125432,107799,8,1.14,37.496671,126.957964,28572,476,1714,40,-1.00,0.00,999.00,0.0,0,187,0,1,-81,-77.7,107799,99,1,11.82,1,0,-4.39,-11.29,0
18:28:36,37.791,13465706,13465705,0,0,1,37.496674,126.957967,0.29,74.2,0,74.2,1,332.1,1,1.10,7.17,33.00,0.9895,23.12,3.073,473617,1057969,0.293,1,75.4,"0.02,1.33,7.04","-14.0,28.3,-9.6","-35.250,56.850,11.400",2.48,2.82,0.00,0,125436,107803,8,1.00,37.496670,126.957961,28573,476,1714,40,-1.00,0.00,999.00,0.0,0,187,0,1,-78,-79.0,107803,90,1,12.00,1,0,-4.39,-11.29,0
18:28:36,37.906,13466008,13466007,0,0,1,37.496674,126.957967,0.29,74.2,0,74.2,1,330.9,1,50.82,10.96,57.28,0.9766,22.75,3.184,473617,1058005,0.293,1,75.4,"-2.02,1.28,10.69","-12.6,-14.3,-54.0","-38.100,58.950,10.800",1.60,2.31,0.00,0,125439,107805,8,1.00,37.496670,126.957961,28573,476,1714,40,-1.00,0.00,999.00,0.0,0,187,0,1,-84,-79.5,107805,181,1,12.00,1,0,-4.39,-11.29,0
18:28:36,38.040,13466109,13466108,0,0,1,37.496674,126.957967,0.29,74.2,0,74.2,1,335.1,1,20.58,8.36,29.33,0.9953,23.03,3.175,473617,1058017,0.293,1,75.4,"-0.78,1.11,8.25","17.3,-9.5,-21.7","-36.000,60.000,10.950",1.52,1.52,0.00,0,125440,107806,8,1.00,37.496670,126.957961,28573,476,1714,40,-1.00,0.00,999.00,0.0,0,187,0,1,-79,-79.4,107806,69,1,12.00,1,0,-4.39,-11.29,0
18:28:36,38.106,13466216,13466215,0,0,1,37.496674,126.957967,0.29,74.2,0,74.2,1,335.7,1,-10.00,7.69,24.74,0.9646,20.85,3.152,473617,1058030,0.293,1,75.4,"0.87,2.00,7.38","16.7,14.4,11.1","-33.750,60.300,8.700",2.30,2.50,0.00,0,125441,107807,8,1.00,37.496670,126.957961,28573,476,1714,40,-1.00,0.00,999.00,0.0,0,187,0,1,-79,-79.3,107807,71,1,12.00,1,0,-4.39,-11.29,0
18:28:36,38.246,13466322,13466321,0,0,1,37.496674,126.957967,0.29,74.2,0,74.2,1,333.3,1,-36.80,10.62,41.85,0.9928,24.26,3.174,473617,1058043,0.293,1,75.4,"0.12,1.64,10.50","-13.7,13.6,37.1","-35.700,60.300,12.150",1.44,2.23,0.00,0,125442,107807,8,1.00,37.496670,126.957961,28573,476,1714,40,-1.00,0.00,999.00,0.0,0,187,0,1,-79,-79.3,107807,177,1,12.00,1,0,-4.39,-11.29,0
18:28:37,38.573,13466429,13466428,0,0,1,37.496674,126.957967,0.29,74.2,0,74.2,1,329.4,1,-14.08,13.27,28.58,0.9598,23.40,3.193,473617,1058056,0.293,1,75.4,"-3.45,4.06,12.16","7.4,-18.5,20.5","-36.000,58.800,10.200",4.52,4.67,0.00,0,125443,107808,8,1.00,37.496670,126.957961,28573,476,1714,40,-1.00,0.00,999.00,0.0,0,187,0,1,-80,-79.5,107808,72,1,12.00,1,0,-4.39,-11.29,0
18:28:37,38.791,13466733,13466732,0,0,1,37.496671,126.957964,0.44,137.1,1,137.1,1,325.7,1,-25.32,9.44,43.80,0.9858,22.80,3.148,473617,1058091,0.602,1,137.1,"-1.28,1.79,9.18","11.3,-25.5,33.8","-37.500,58.050,10.950",0.53,2.75,0.00,0,125446,107810,7,1.37,37.496668,126.957960,28574,476,1714,40,-1.00,0.00,999.00,0.0,0,187,0,1,-77,-78.1,107810,52,1,12.00,1,0,-4.39,-11.29,0
18:28:37,38.896,13466934,13466933,0,0,1,37.496671,126.957964,0.44,137.1,1,137.1,1,329.0,1,52.82,10.23,63.05,0.9658,21.77,3.209,473617,1058115,0.602,1,137.1,"0.83,0.10,10.19","21.7,13.5,-57.6","-37.050,58.650,11.550",2.31,2.41,0.00,0,125448,107812,7,1.37,37.496668,126.957960,28574,476,1714,40,-1.00,0.00,999.00,0.0,0,187,0,1,-76,-77.2,107812,46,1,11.29,1,0,-4.39,-11.29,0
18:28:37,38.972,13467034,13467033,0,0,1,37.496670,126.957964,0.44,137.1,1,137.1,1,332.1,1,9.73,8.58,31.96,0.9988,23.72,3.168,473617,1058127,0.602,1,137.1,"-0.55,0.80,8.53","6.1,-30.3,-8.3","-36.450,59.550,11.700",1.29,1.85,0.00,0,125449,107812,7,1.37,37.496668,126.957960,28574,476,1714,40,-1.00,0.00,999.00,0.0,0,187,0,1,-76,-77.2,107812,146,1,11.29,1,0,-4.39,-11.29,0
18:28:37,39.091,13467135,13467134,0,0,1,37.496670,126.957964,0.44,137.1,1,137.1,1,331.8,1,-4.15,8.02,16.53,0.9814,22.51,3.183,473617,1058139,0.602,1,137.1,"0.10,1.86,7.81","6.9,14.2,4.9","-37.350,59.400,10.500",1.64,2.30,0.00,0,125450,107813,7,1.37,37.496668,126.957960,28574,476,1714,40,-1.00,0.00,999.00,0.0,0,187,0,1,-77,-77.1,107813,32,1,11.26,1,0,-4.39,-11.29,0
18:28:37,39.189,13467241,13467240,0,0,1,37.496670,126.957964,0.44,137.1,1,137.1,1,331.5,1,-4.83,9.67,19.63,0.9890,22.10,3.139,473617,1058152,0.602,1,137.1,"0.05,1.82,9.50","-18.2,4.3,6.0","-36.450,58.350,10.200",0.62,1.65,0.00,0,125451,107814,7,1.37,37.496668,126.957960,28574,476,1714,40,-1.00,0.00,999.00,0.0,0,187,0,1,-72,-76.1,107814,39,1,10.21,1,0,-4.39,-11.29,0
18:28:37,39.323,13467349,13467348,0,0,1,37.496670,126.957964,0.44,137.1,1,137.1,1,331.6,1,11.03,13.51,43.16,0.9876,22.73,3.197,473617,1058165,0.602,1,137.1,"-0.70,2.65,13.23","16.7,-39.1,-7.6","-37.950,60.000,10.650",3.71,3.71,0.00,0,125452,107814,7,1.37,37.496668,126.957960,28574,476,1714,40,-1.00,0.00,999.00,0.0,0,187,0,1,-72,-76.1,107814,147,1,10.21,1,0,-4.39,-11.29,0
18:28:37,39.389,13467478,13467455,0,0,1,37.496670,126.957964,0.44,137.1,1,137.1,1,332.4,1,3.85,9.49,37.34,0.9882,22.72,3.216,473617,1058178,0.602,1,137.1,"0.19,1.78,9.32","-25.0,24.6,-13.0","-38.250,60.000,10.650",1.04,2.46,0.00,0,125453,107815,7,1.37,37.496668,126.957960,28574,476,1714,40,-1.00,0.00,999.00,0.0,0,187,0,1,-79,-76.7,107815,64,1,10.78,1,0,-4.39,-11.29,0
18:28:38,39.540,13467570,13467569,0,0,1,37.496670,126.957964,0.44,137.1,1,137.1,1,331.9,1,-8.76,7.23,16.59,0.9880,24.30,3.165,473617,1058189,0.602,1,137.1,"-1.39,0.67,7.06","-9.2,10.3,9.2","-36.600,59.400,12.300",2.69,3.62,0.00,0,125454,107816,7,1.37,37.496668,126.957960,28574,476,1714,40,-1.00,0.00,999.00,0.0,0,187,0,1,-74,-76.2,107816,48,1,10.24,1,0,-4.39,-11.29,0
18:28:38,39.679,13467671,13467670,0,0,1,37.496668,126.957962,0.51,137.1,1,137.1,1,328.8,1,-14.21,10.66,31.62,0.9905,23.50,3.168,473617,1058201,0.576,1,137.1,"-1.22,1.79,10.44","-9.0,-22.9,19.8","-37.350,58.950,11.550",1.25,2.56,0.00,0,125455,107817,8,1.37,37.496666,126.957959,28575,476,1714,40,-1.00,0.00,999.00,0.0,0,187,0,1,-79,-76.7,107817,47,1,10.81,1,0,-4.39,-11.29,0
18:28:38,39.807,13467872,13467871,0,0,1,37.496667,126.957962,0.51,137.1,1,137.1,1,331.2,1,40.77,9.70,48.05,0.9988,23.85,3.119,473617,1058225,0.576,1,137.1,"-0.31,0.72,9.67","6.5,12.1,-46.0","-37.350,57.000,10.800",0.80,1.78,0.00,0,125457,107818,8,1.37,37.496666,126.957959,28575,476,1714,40,-1.00,0.00,999.00,0.0,0,187,0,1,-78,-77.0,107818,142,1,11.08,1,0,-4.39,-11.29,0
18:28:38,39.896,13467974,13467973,0,0,1,37.496667,126.957962,0.51,137.1,1,137.1,1,333.3,1,16.62,8.27,23.68,0.9999,24.70,3.143,473617,1058237,0.576,1,137.1,"-0.28,0.41,8.26","14.1,-3.8,-18.6","-36.150,58.950,12.750",1.63,1.63,0.00,0,125458,107819,8,1.37,37.496666,126.957959,28575,476,1714,40,-1.00,0.00,999.00,0.0,0,187,0,1,-78,-77.2,107819,32,1,11.30,1,0,-4.39,-11.29,0
18:28:38,40.024,13468074,13468073,0,0,1,37.496667,126.957962,0.51,137.1,1,137.1,1,333.8,1,-0.80,8.40,15.69,0.9908,25.03,3.126,473617,1058249,0.576,1,137.1,"-0.44,1.54,8.24","-7.5,13.8,0.7","-33.000,60.300,12.900",1.03,1.96,0.00,0,125459,107819,8,1.37,37.496666,126.957959,28575,476,1714,40,-1.00,0.00,999.00,0.0,0,187,0,1,-78,-77.2,107819,132,1,11.30,1,0,-4.39,-11.29,0
18:28:38,40.123,13468174,13468173,0,0,1,37.496666,126.957963,0.51,137.1,1,137.1,1,332.4,1,-32.23,10.71,37.42,0.9954,25.51,3.122,473617,1058261,0.576,1,137.1,"-0.68,1.54,10.58","-1.5,18.5,32.5","-34.350,59.400,13.500",1.32,1.32,0.00,0,125460,107820,8,1.37,37.496666,126.957959,28575,476,1714,40,-1.00,0.00,999.00,0.0,0,187,0,1,-77,-77.1,107820,20,1,11.26,1,0,-4.39,-11.29,0
18:28:38,40.190,13468280,13468279,0,0,1,37.496666,126.957963,0.51,137.1,1,137.1,1,329.2,1,-14.57,12.53,48.98,0.9831,25.19,3.129,473617,1058274,0.576,1,137.1,"-1.66,1.14,12.36","-12.9,-42.2,21.3","-36.750,57.600,13.200",2.60,3.32,0.00,0,125461,107820,8,1.37,37.496666,126.957959,28575,476,1714,40,-1.00,0.00,999.00,0.0,0,187,0,1,-77,-77.1,107820,126,1,11.26,1,0,-4.39,-11.29,0
18:28:38,40.300,13468386,13468385,0,0,1,37.496666,126.957963,0.51,137.1,1,137.1,1,329.9,1,19.57,9.39,46.04,0.9725,25.44,3.100,473617,1058287,0.576,1,137.1,"-1.24,2.03,9.08","-24.7,25.7,-29.2","-36.000,57.600,13.650",1.25,2.46,0.00,0,125462,107821,8,1.37,37.496666,126.957959,28575,476,1714,40,-1.00,0.00,999.00,0.0,0,187,0,1,-80,-77.7,107821,20,1,11.89,1,0,-4.39,-11.29,0
18:28:38,40.412,13468499,13468487,0,0,1,37.496666,126.957963,0.51,137.1,1,137.1,1,330.4,1,-4.40,7.38,16.18,0.9766,26.78,2.993,473617,1058298,0.576,1,137.1,"-1.86,-0.07,7.14","-7.7,13.5,4.6","-32.550,56.100,15.150",2.88,2.88,0.00,0,125463,107822,8,1.37,37.496666,126.957959,28575,476,1714,40,-1.00,0.00,999.00,0.0,0,187,0,1,-79,-78.0,107822,25,1,12.00,1,0,-4.39,-11.29,0
18:28:38,40.490,13468591,13468590,0,0,1,37.496666,126.957963,0.51,137.1,1,137.1,1,328.9,1,-20.36,10.41,52.49,0.9806,26.11,3.099,473617,1058309,0.576,1,137.1,"-2.18,0.98,10.14","-0.7,-44.5,27.8","-34.350,56.700,13.500",1.26,2.63,0.00,0,125464,107823,8,1.37,37.496666,126.957959,28575,476,1714,40,-1.00,0.00,999.00,0.0,0,187,0,1,-75,-77.4,107823,14,1,11.51,1,0,-4.39,-11.29,0
18:28:39,40.607,13468693,13468692,0,0,1,37.496662,126.957960,0.69,153.5,1,153.5,1,328.2,1,0.00,11.47,10.32,0.9933,23.01,3.115,473617,1058321,0.869,1,184.0,"-1.13,1.74,11.28","1.3,9.6,-3.5","-38.700,56.100,11.400",1.67,1.79,0.00,0,125465,107824,8,1.00,37.496659,126.957957,28576,476,1714,40,-1.00,0.00,999.00,0.0,0,187,0,1,-77,-77.3,107824,10,1,11.43,1,0,-4.39,-11.29,0
18:28:39,40.707,13468805,13468792,0,0,1,37.496661,126.957960,0.69,153.5,1,153.5,1,331.6,1,53.48,10.11,58.24,0.9884,25.21,3.108,473617,1058333,0.869,1,184.0,"-1.06,0.51,10.05","-0.0,3.1,-58.2","-34.650,57.750,12.750",0.56,1.64,0.00,0,125466,107825,8,1.00,37.496659,126.957957,28576,476,1714,40,-1.00,0.00,999.00,0.0,0,187,0,1,-77,-77.2,107825,17,1,11.36,1,0,-4.39,-11.29,0
18:28:39,40.842,13468896,13468895,0,0,1,37.496661,126.957960,0.69,153.5,1,153.5,1,334.6,1,9.88,7.99,36.29,0.9984,25.75,3.065,473617,1058344,0.869,1,184.0,"-0.07,0.06,7.99","33.8,8.4,-10.3","-34.050,57.600,13.950",2.09,2.09,0.00,0,125467,107825,8,1.00,37.496659,126.957957,28576,476,1714,40,-1.00,0.00,999.00,0.0,0,187,0,1,-77,-77.2,107825,108,1,11.36,1,0,-4.39,-11.29,0
18:28:39,40.940,13468996,13468995,0,0,1,37.496660,126.957960,0.69,153.5,1,153.5,1,334.1,1,-13.59,8.01,18.29,0.9955,23.66,3.100,473617,1058356,0.869,1,184.0,"0.02,1.05,7.94","-10.3,0.6,15.1","-33.750,58.800,11.700",1.56,2.32,0.00,0,125468,107825,8,1.00,37.496659,126.957957,28576,476,1714,40,-1.00,0.00,999.00,0.0,0,187,0,1,-77,-77.2,107825,208,1,11.36,1,0,-4.39,-11.29,0
18:28:39,41.059,13469097,13469096,0,0,1,37.496660,126.957960,0.69,153.5,1,153.5,1,332.6,1,-20.88,10.97,24.14,0.9960,24.98,3.082,473617,1058368,0.869,1,184.0,"-1.07,1.33,10.84","-8.2,3.1,22.5","-33.150,58.650,13.050",1.66,1.66,0.00,0,125469,107826,8,1.00,37.496659,126.957957,28576,476,1714,40,-1.00,0.00,999.00,0.0,0,187,0,1,-74,-76.6,107826,98,1,10.68,1,0,-4.39,-11.29,0
18:28:39,41.140,13469197,13469196,0,0,1,37.496660,126.957960,0.69,153.5,1,153.5,1,331.0,1,0.00,13.16,47.60,0.9833,24.67,3.116,473617,1058380,0.869,1,184.0,"-1.64,1.21,13.01","-1.7,-47.3,4.9","-35.850,57.750,15.000",3.12,4.23,0.00,0,125470,107827,8,1.00,37.496659,126.957957,28576,476,1714,40,-1.00,0.00,999.00,0.0,0,187,0,1,-78,-76.9,107827,92,1,10.97,1,0,-4.39,-11.29,0
18:28:39,41.224,13469304,13469303,0,0,1,37.496659,126.957960,0.69,153.5,1,153.5,1,332.9,1,24.82,9.04,31.58,0.9922,24.17,3.105,473617,1058393,0.869,1,184.0,"-0.29,1.57,8.90","-6.7,6.9,-30.1","-35.100,58.200,12.300",1.55,2.71,0.00,0,125471,107828,8,1.00,37.496659,126.957957,28576,476,1714,40,-1.00,0.00,999.00,0.0,0,187,0,1,-74,-76.3,107828,94,1,10.39,1,0,-4.39,-11.29,0
18:28:39,41.347,13469404,13469403,0,0,1,37.496659,126.957960,0.69,153.5,1,153.5,1,333.7,1,-4.02,7.60,17.81,0.9947,24.68,3.095,473617,1058405,0.869,1,184.0,"-1.12,0.48,7.50","-15.5,7.6,4.3","-33.900,58.650,12.750",2.10,3.14,0.00,0,125472,107829,8,1.00,37.496659,126.957957,28576,476,1714,40,-1.00,0.00,999.00,0.0,0,187,0,1,-72,-75.4,107829,88,1,9.57,1,0,-4.39,-11.29,0
18:28:40,41.545,13469508,13469507,0,0,1,37.496659,126.957960,0.69,153.5,1,153.5,1,331.9,1,-18.26,10.12,42.68,0.9921,23.73,3.038,473617,1058416,0.869,1,184.0,"-1.71,0.62,9.96","15.3,-30.8,25.3","-35.250,55.650,12.150",0.95,1.88,0.00,0,125473,107829,8,1.00,37.496659,126.957957,28576,476,1714,40,-1.00,0.00,999.00,0.0,0,187,0,1,-72,-75.4,107829,192,1,9.57,1,0,-4.39,-11.29,0
18:28:40,41.728,13469709,13469708,0,0,1,37.496652,126.957956,0.93,168.7,1,168.7,1,335.6,1,38.22,10.45,42.87,0.9984,25.37,3.088,473617,1058440,1.163,1,197.0,"-0.32,-0.05,10.44","-4.3,-6.1,-42.2","-34.350,58.200,13.500",1.35,1.74,0.00,0,125475,107830,8,1.00,37.496647,126.957952,28577,476,1714,40,-1.00,0.00,999.00,0.0,0,187,0,1,-81,-76.6,107830,183,1,10.64,1,0,-4.39,-11.29,0
18:28:40,41.879,13469911,13469910,0,0,1,37.496651,126.957956,0.93,168.7,1,168.7,1,337.8,1,-14.02,7.87,28.11,0.9792,24.06,3.073,473617,1058464,1.163,1,197.0,"0.89,1.38,7.69","-5.4,23.7,14.1","-33.000,58.350,12.150",2.27,2.88,0.00,0,125477,107832,8,1.00,37.496647,126.957952,28577,476,1714,40,-1.00,0.00,999.00,0.0,0,187,0,1,-72,-75.2,107832,68,1,9.39,1,0,-4.39,-11.29,0
18:28:40,41.956,13470012,13470011,0,0,1,37.496650,126.957956,0.93,168.7,1,168.7,1,335.0,1,-30.02,10.36,35.76,0.9995,24.96,3.049,473617,1058476,1.163,1,197.0,"-0.57,0.81,10.31","-15.4,-2.0,32.2","-33.750,57.150,13.200",1.06,2.08,0.00,0,125478,107833,8,1.00,37.496647,126.957952,28577,476,1714,40,-1.00,0.00,999.00,0.0,0,187,0,1,-81,-76.4,107833,62,1,10.47,1,0,-4.39,-11.29,0
18:28:40,42.023,13470114,13470113,0,0,1,37.496649,126.957956,0.93,168.7,1,168.7,1,333.6,1,6.84,13.14,20.85,0.9685,23.65,3.113,473617,1058488,1.163,1,197.0,"-3.07,3.06,12.41","17.8,-6.5,-8.7","-34.500,58.800,11.700",4.22,4.22,0.00,0,125479,107834,8,1.00,37.496647,126.957952,28577,476,1714,40,-1.00,0.00,999.00,0.0,0,187,0,1,-73,-75.7,107834,59,1,9.82,1,0,-4.39,-11.29,0
18:28:40,42.156,13470221,13470220,0,0,1,37.496649,126.957956,0.93,168.7,1,168.7,1,334.5,1,7.62,10.35,15.28,0.9989,25.00,3.078,473617,1058501,1.163,1,197.0,"-0.94,0.45,10.30","-9.5,-0.1,-12.0","-34.650,57.600,13.200",0.55,3.88,0.00,0,125480,107835,8,1.00,37.496647,126.957952,28577,476,1714,40,-1.00,0.00,999.00,0.0,0,187,0,1,-70,-74.6,107835,60,1,8.81,1,0,-4.39,-11.29,0
18:28:40,42.240,13470328,13470327,0,0,1,37.496648,126.957956,0.93,168.7,1,168.7,1,334.3,1,-6.49,7.15,10.04,0.9999,24.67,3.116,473617,1058514,1.163,1,197.0,"-0.35,0.27,7.14","3.6,-0.9,9.3","-35.100,58.650,12.750",2.63,2.68,0.00,0,125481,107836,8,1.00,37.496647,126.957952,28577,476,1714,40,-1.00,0.00,999.00,0.0,0,187,0,1,-73,-74.3,107836,61,1,8.55,1,0,-4.39,-11.29,0
18:28:40,42.375,13470428,13470427,0,0,1,37.496648,126.957956,0.93,168.7,1,168.7,1,333.6,1,-7.68,9.83,28.50,0.9939,23.29,3.122,473617,1058526,1.163,1,197.0,"-1.30,1.14,9.68","-15.3,-21.4,10.9","-35.700,58.350,11.400",0.75,2.48,0.00,0,125482,107837,8,1.00,37.496647,126.957952,28577,476,1714,40,-1.00,0.00,999.00,0.0,0,187,0,1,-75,-74.4,107837,56,1,8.67,1,0,-4.39,-11.29,0
18:28:40,42.440,13470530,13470529,0,0,1,37.496648,126.957956,0.93,168.7,1,168.7,1,332.6,1,-5.82,10.88,22.20,0.9990,24.02,3.064,473617,1058537,1.163,1,197.0,"-0.99,0.58,10.82","-7.4,20.0,6.1","-36.750,55.650,12.450",1.23,1.51,0.00,0,125483,107838,8,1.00,37.496647,126.957952,28577,476,1714,40,-1.00,0.00,999.00,0.0,0,187,0,1,-72,-73.9,107838,51,1,8.28,1,0,-4.39,-11.29,0
18:28:40,42.507,13470633,13470632,0,0,1,37.496642,126.957952,1.00,179.9,1,179.9,1,337.3,1,35.63,9.97,43.14,0.9924,26.26,3.043,473617,1058549,1.080,1,200.6,"0.47,-0.32,9.96","14.6,-17.0,-36.9","-36.000,55.650,14.700",1.75,2.11,0.00,0,125484,107839,8,1.00,37.496638,126.957948,28578,476,1714,40,-1.00,0.00,999.00,0.0,0,187,0,1,-72,-73.5,107839,50,1,7.99,1,0,-4.39,-11.29,0
18:28:41,43.085,13470734,13470733,0,0,1,37.496641,126.957951,1.00,179.9,1,179.9,1,340.3,1,21.54,8.40,31.42,0.9972,25.01,3.123,473617,1058561,1.080,1,200.6,"0.23,0.56,8.37","12.1,-17.5,-23.1","-35.100,58.950,13.050",1.55,2.23,0.00,0,125485,107840,8,1.00,37.496638,126.957948,28578,476,1714,40,-1.00,0.00,999.00,0.0,0,187,0,1,-76,-74.0,107840,45,1,8.37,1,0,-4.39,-11.29,0
18:28:41,43.255,13471239,13471238,0,0,1,37.496638,126.957950,1.00,179.9,1,179.9,1,336.3,1,-21.31,7.62,26.40,0.9918,24.41,3.015,473617,1058621,1.080,1,200.6,"-1.28,0.11,7.51","-12.8,4.7,22.6","-33.150,56.250,12.750",2.25,2.62,0.00,0,125490,107844,8,1.00,37.496638,126.957948,28578,476,1714,40,-1.00,0.00,999.00,0.0,0,187,0,1,-81,-76.8,107844,23,1,10.86,1,0,-4.39,-11.29,0
18:28:41,43.314,13471345,13471344,0,0,1,37.496637,126.957950,1.00,179.9,1,179.9,1,334.5,1,-12.35,10.50,15.40,0.9772,22.59,3.102,473617,1058634,1.080,1,200.6,"-2.41,1.58,10.10","0.0,-2.8,15.1","-35.850,57.450,10.800",1.89,2.19,0.00,0,125491,107845,8,1.00,37.496638,126.957948,28578,476,1714,40,-1.00,0.00,999.00,0.0,0,187,0,1,-75,-76.4,107845,23,1,10.50,1,0,-4.39,-11.29,0
18:28:41,43.373,13471452,13471451,0,0,1,37.496637,126.957950,1.00,179.9,1,179.9,1,334.7,1,22.43,11.07,26.46,0.9747,22.52,3.090,473617,1058647,1.080,1,200.6,"-2.67,1.70,10.61","7.9,-2.2,-25.2","-37.950,55.650,10.950",1.95,2.31,0.00,0,125492,107846,8,1.00,37.496638,126.957948,28578,476,1714,40,-1.00,0.00,999.00,0.0,0,187,0,1,-78,-76.7,107846,25,1,10.82,1,0,-4.39,-11.29,0
18:28:42,43.521,13471554,13471553,0,0,1,37.496637,126.957950,1.00,179.9,1,179.9,1,337.5,1,26.46,9.60,32.13,0.9924,23.26,3.114,473617,1058658,1.080,1,200.6,"-1.55,0.11,9.47","0.5,-13.2,-29.3","-35.700,58.050,11.400",0.83,1.68,0.00,0,125493,107847,8,1.00,37.496638,126.957948,28578,476,1714,40,-1.00,0.00,999.00,0.0,0,187,0,1,-79,-77.2,107847,20,1,11.30,1,0,-4.39,-11.29,0
18:28:42,43.674,13471655,13471654,0,0,1,37.496630,126.957947,1.09,184.9,1,184.9,1,342.5,1,9.00,7.76,35.21,0.9847,23.46,3.075,473617,1058670,1.183,1,194.2,"1.01,0.37,7.69","34.0,-2.2,-9.1","-34.950,57.150,11.700",2.71,2.71,0.00,0,125494,107847,8,1.14,37.496626,126.957945,28579,476,1714,40,-1.00,0.00,999.00,0.0,0,187,0,1,-79,-77.2,107847,121,1,11.30,1,0,-4.39,-11.29,0
18:28:42,43.757,13471870,13471857,0,0,1,37.496628,126.957946,1.09,184.9,1,184.9,1,341.6,1,-25.16,11.66,28.90,0.9997,24.20,3.086,473617,1058693,1.183,1,194.2,"-0.24,0.61,11.65","-1.0,10.9,26.8","-35.700,57.150,12.450",2.25,2.33,0.00,0,125496,107849,8,1.14,37.496626,126.957945,28579,476,1714,40,-1.00,0.00,999.00,0.0,0,187,0,1,-79,-77.2,107849,18,1,11.32,1,0,-4.39,-11.29,0
18:28:42,44.311,13471973,13471960,0,0,1,37.496627,126.957946,1.09,184.9,1,184.9,1,340.3,1,0.00,11.62,18.38,0.9986,23.71,3.113,473617,1058704,1.183,1,194.2,"-0.17,1.08,11.56","3.5,-18.0,0.2","-33.750,59.250,11.700",1.71,4.23,0.00,0,125497,107850,8,1.14,37.496626,126.957945,28579,476,1714,40,-1.00,0.00,999.00,0.0,0,187,0,1,-71,-76.0,107850,16,1,10.06,1,0,-4.39,-11.29,0
18:28:42,44.473,13472499,13472475,0,0,1,37.496624,126.957945,1.09,184.9,1,184.9,1,339.3,1,29.40,9.34,35.25,0.9955,22.96,3.072,473617,1058763,1.183,1,194.2,"-1.13,-0.07,9.28","15.9,-1.8,-31.4","-35.400,56.700,11.250",1.14,1.38,0.00,0,125502,107854,8,1.14,37.496626,126.957945,28579,476,1714,40,-1.00,0.00,999.00,0.0,0,187,0,1,-80,-74.5,107854,14,1,7.69,1,0,-4.39,-11.29,0
18:28:43,44.635,13472603,13472590,0,0,1,37.496624,126.957945,1.09,184.9,1,184.9,1,340.5,1,0.13,7.44,29.72,0.9794,22.62,3.152,473617,1058774,1.183,1,194.2,"1.05,0.96,7.30","26.5,-13.5,-0.1","-34.350,60.150,10.500",2.81,2.81,0.00,0,125503,107855,8,1.14,37.496626,126.957945,28579,476,1714,40,-1.00,0.00,999.00,0.0,0,187,0,1,-69,-73.4,107855,13,1,7.89,1,0,-4.39,-11.29,0
18:28:43,44.792,13472796,13472795,0,0,1,37.496621,126.957941,0.82,188.9,1,188.9,1,343.7,1,-13.88,10.89,30.18,0.9987,23.00,3.172,473617,1058797,0.540,1,196.3,"-0.67,1.05,10.82","15.7,20.9,15.1","-34.350,60.900,10.800",1.37,1.56,0.00,0,125505,107856,8,1.00,37.496623,126.957939,28580,476,1714,40,-1.00,0.00,999.00,0.0,0,187,0,1,-70,-72.7,107856,100,1,7.39,1,0,-4.39,-11.29,0
18:28:43,45.158,13473001,13473000,0,0,1,37.496619,126.957940,0.82,188.9,1,188.9,1,343.2,1,6.24,9.25,25.61,0.9930,22.14,3.193,473617,1058820,0.540,1,196.3,"-0.21,1.53,9.12","-22.5,2.5,-12.1","-34.950,61.200,9.900",1.12,2.20,0.00,0,125507,107858,8,1.00,37.496623,126.957939,28580,476,1714,40,7.82,0.01,999.00,89.3,0,187,0,1,-70,-70.9,107858,95,2,6.24,1,0,-4.39,-11.29,0
18:28:44,45.722,13473302,13473301,0,0,1,37.496617,126.957940,0.82,188.9,1,188.9,1,342.3,1,-0.62,11.43,15.95,0.9901,22.98,3.211,473617,1058856,0.540,1,196.3,"-1.30,1.95,11.19","8.2,13.5,2.2","-36.600,60.900,10.800",1.79,1.79,0.00,0,125510,107861,8,1.00,37.496623,126.957939,28580,476,1714,40,7.82,0.01,999.00,89.3,0,187,0,1,-66,-69.2,107861,79,2,5.29,1,0,-4.39,-11.29,0
18:28:44,45.832,13473914,13473913,0,0,1,37.496613,126.957934,0.78,197.8,1,197.8,1,348.0,1,19.32,9.83,41.35,0.9907,23.57,3.146,473617,1058926,0.751,1,214.2,"-0.56,1.81,9.65","-25.6,-23.1,-22.8","-35.400,59.400,11.550",0.76,1.69,0.00,0,125516,107866,8,1.00,37.496616,126.957931,28581,476,1714,40,7.23,0.07,999.00,84.6,0,187,0,1,-70,-67.9,107866,56,2,4.68,1,0,-4.39,-11.29,0
18:28:44,45.989,13474015,13474014,0,0,1,37.496613,126.957933,0.78,197.8,1,197.8,1,348.4,1,-9.00,7.67,31.42,0.9896,25.02,3.131,473617,1058938,0.751,1,214.2,"-1.13,1.15,7.50","-2.0,30.5,7.2","-33.300,60.300,12.900",2.12,2.78,0.00,0,125517,107867,8,1.00,37.496616,126.957931,28581,476,1714,40,7.23,0.07,999.00,84.6,0,187,0,1,-71,-68.5,107867,53,2,4.97,1,0,-4.39,-11.29,0
18:28:44,46.240,13474116,13474115,0,0,1,37.496612,126.957933,0.78,197.8,1,197.8,1,346.8,1,-21.43,8.91,26.91,0.9807,23.36,3.093,473617,1058950,0.751,1,214.2,"-1.82,1.42,8.60","-4.7,-8.9,25.0","-33.300,58.800,11.400",1.04,2.25,0.00,0,125518,107868,8,1.00,37.496616,126.957931,28581,476,1714,40,7.15,0.12,999.00,81.2,0,187,0,1,-65,-67.8,107868,48,2,4.64,1,0,-4.39,-11.29,0
18:28:44,46.344,13474420,13474419,0,0,1,37.496611,126.957932,0.78,197.8,1,197.8,1,348.7,1,5.35,9.50,15.60,0.9999,24.88,3.064,473617,1058985,0.751,1,214.2,"-0.53,0.56,9.47","4.8,-13.2,-6.8","-33.600,57.750,13.050",0.96,0.96,0.00,0,125521,107871,8,1.00,37.496616,126.957931,28581,476,1714,40,7.15,0.12,999.00,81.2,0,187,0,1,-69,-68.5,107871,37,3,4.93,1,0,-4.39,-11.29,0
18:28:45,46.540,13474525,13474524,0,0,1,37.496611,126.957932,0.78,197.8,1,197.8,1,348.8,1,-3.65,7.97,27.86,0.9815,23.79,3.146,473617,1058996,0.751,1,214.2,"0.01,1.87,7.75","26.4,-2.1,8.8","-34.500,60.000,11.700",1.95,2.35,0.00,0,125522,107872,8,1.00,37.496616,126.957931,28581,476,1714,40,7.10,0.16,1.90,77.9,0,187,0,1,-66,-68.0,107872,36,3,4.70,1,0,-4.39,-11.29,0
18:28:45,46.675,13474727,13474726,0,0,1,37.496607,126.957929,0.93,197.7,1,197.7,1,349.6,1,-10.06,11.18,33.83,0.9930,24.14,3.158,473617,1059020,1.070,1,197.7,"-1.82,0.51,11.02","21.9,23.1,11.4","-36.450,59.250,12.150",1.92,1.92,0.00,0,125524,107874,8,1.00,37.496607,126.957928,28582,476,1714,40,7.15,0.14,999.00,81.3,0,187,0,1,-68,-67.5,107874,27,3,4.50,1,0,-4.39,-11.29,0
18:28:45,46.773,13474828,13474827,0,0,1,37.496606,126.957929,0.93,197.7,1,197.7,1,349.6,1,0.00,10.83,24.16,0.9977,22.29,3.218,473617,1059032,1.070,1,197.7,"-1.02,1.04,10.73","-13.5,-20.0,-1.9","-36.150,61.350,10.050",0.79,3.34,0.00,0,125525,107875,8,1.00,37.496607,126.957928,28582,476,1714,40,7.23,0.09,999.00,84.6,0,187,0,1,-67,-67.4,107875,23,3,4.46,1,0,-4.39,-11.29,0
18:28:45,46.857,13474929,13474928,0,0,1,37.496605,126.957929,0.93,197.7,1,197.7,1,350.1,1,0.00,7.86,12.97,0.9845,23.16,3.174,473617,1059044,1.070,1,197.7,"1.02,0.55,7.78","-11.5,3.5,-4.9","-38.100,58.650,11.250",2.86,2.86,0.00,0,125526,107876,8,1.00,37.496607,126.957928,28582,476,1714,40,7.15,0.14,999.00,81.3,0,187,0,1,-65,-66.9,107876,16,3,4.26,1,0,-4.39,-11.29,0
18:28:45,46.940,13475031,13475030,0,0,1,37.496605,126.957928,0.93,197.7,1,197.7,1,349.9,1,-5.21,7.98,12.17,0.9824,22.65,3.150,473617,1059056,1.070,1,197.7,"-1.39,1.46,7.72","-9.9,-0.6,7.0","-35.700,59.250,10.650",1.70,3.41,0.00,0,125527,107877,8,1.00,37.496607,126.957928,28582,476,1714,40,7.15,0.14,999.00,81.3,0,187,0,1,-65,-66.5,107877,15,3,4.10,1,0,-4.39,-11.29,0
18:28:46,47.659,13475142,13475129,0,0,1,37.496604,126.957928,0.93,197.7,1,197.7,1,348.6,1,-14.72,10.86,23.52,0.9851,22.80,3.148,473617,1059068,1.070,1,197.7,"-2.06,1.52,10.55","0.2,-13.5,19.2","-37.500,58.050,10.950",1.70,1.70,0.00,0,125528,107878,8,1.00,37.496607,126.957928,28582,476,1714,40,7.15,0.14,999.00,81.3,0,187,0,1,-63,-65.8,107878,20,3,3.84,1,0,-4.39,-11.29,0
18:28:46,47.872,13475847,13475846,0,0,1,37.496600,126.957926,0.68,197.7,1,197.7,1,355.5,1,14.52,10.46,33.07,0.9885,23.52,3.169,473617,1059148,0.427,1,197.7,"-1.39,1.79,10.21","-16.0,-23.6,-16.8","-35.250,60.300,11.400",0.67,2.27,0.00,0,125535,107884,8,1.00,37.496604,126.957924,28583,476,1714,40,6.43,0.14,999.00,78.5,0,187,0,1,-63,-64.0,107884,87,3,3.23,1,0,-4.39,-11.29,0
18:28:46,47.885,13475948,13475947,0,0,1,37.496600,126.957926,0.68,197.7,1,197.7,1,355.9,1,-7.42,8.07,13.19,0.9972,23.52,3.164,473617,1059160,0.427,1,197.7,"-0.24,0.99,8.00","4.6,8.2,9.3","-34.950,60.300,11.400",1.73,2.25,0.00,0,125536,107885,8,1.00,37.496604,126.957924,28583,476,1714,40,6.43,0.14,999.00,78.5,0,187,0,1,-63,-63.8,107885,86,3,3.17,1,0,-4.39,-11.29,0
18:28:46,47.939,13476049,13476048,0,0,1,37.496600,126.957926,0.68,197.7,1,197.7,1,354.2,1,-21.36,8.93,23.81,0.9956,21.71,3.173,473617,1059172,0.427,1,197.7,"-1.03,0.99,8.81","-1.1,2.5,23.7","-37.350,58.950,9.750",0.66,1.69,0.00,0,125537,107886,8,1.00,37.496604,126.957924,28583,476,1714,40,6.43,0.14,999.00,78.5,0,187,0,1,-63,-63.7,107886,81,3,3.12,1,0,-4.39,-11.29,0
18:28:46,48.100,13476150,13476149,0,0,1,37.496600,126.957926,0.68,197.7,1,197.7,1,353.6,1,2.67,10.74,17.15,0.9935,21.33,3.153,473617,1059184,0.427,1,197.7,"-0.73,1.72,10.58","-15.0,2.2,-8.1","-35.400,59.400,9.300",1.17,1.59,0.00,0,125538,107887,8,1.00,37.496604,126.957924,28583,476,1714,40,6.43,0.14,999.00,78.5,0,187,0,1,-62,-63.3,107887,77,3,3.02,1,0,-4.39,-11.29,0
18:28:46,48.271,13476251,13476250,0,0,1,37.496600,126.957925,0.68,197.7,1,197.7,1,355.1,1,30.11,10.18,35.61,0.9944,21.82,3.093,473617,1059196,0.427,1,197.7,"-1.28,1.20,10.03","-5.8,-11.9,-33.1","-33.750,58.350,9.900",0.58,1.63,0.00,0,125539,107888,8,1.00,37.496604,126.957924,28583,476,1714,40,6.43,0.14,999.00,78.5,0,187,0,1,-63,-63.3,107888,73,3,3.01,1,0,-4.39,-11.29,0
18:28:46,48.339,13476452,13476451,0,0,1,37.496600,126.957925,0.68,197.7,1,197.7,1,357.7,1,0.00,8.75,10.16,0.9906,22.92,3.077,473617,1059220,0.427,1,197.7,"0.40,1.32,8.64","9.9,-1.8,-1.4","-32.250,58.800,10.950",1.22,1.75,0.00,0,125541,107890,8,1.00,37.496604,126.957924,28583,476,1714,40,5.76,0.13,999.00,79.2,0,187,0,1,-60,-62.9,107890,63,3,2.90,1,0,-4.39,-11.29,0
18:28:46,48.501,13476557,13476556,0,0,1,37.496600,126.957925,0.68,197.7,1,197.7,1,357.1,1,-10.76,10.10,31.98,0.9951,24.33,3.158,473617,1059231,0.427,1,197.7,"0.22,1.23,10.02","-5.0,30.3,9.0","-34.050,60.750,12.150",0.92,1.48,0.00,0,125542,107891,8,1.00,37.496604,126.957924,28583,476,1714,40,5.72,0.18,2.19,75.0,0,187,0,1,-62,-62.7,107891,59,3,2.85,1,0,-4.39,-11.29,0
18:28:47,49.018,13476658,13476657,0,0,1,37.496603,126.957922,0.57,202.4,1,202.4,1,358.2,1,-14.78,12.01,39.62,0.9695,23.45,3.114,473617,1059243,0.458,1,211.0,"-3.39,1.23,11.45","29.1,21.4,16.3","-33.300,59.550,11.400",3.41,3.41,0.00,0,125543,107892,8,1.00,37.496606,126.957918,28584,476,1714,40,5.72,0.18,2.19,75.0,0,187,0,1,-63,-62.8,107892,58,3,2.87,1,0,-4.39,-11.29,0
18:28:47,49.399,13477163,13477162,0,0,1,37.496602,126.957921,0.57,202.4,1,202.4,1,355.8,1,4.47,8.91,51.75,0.9870,21.15,3.094,473617,1059303,0.458,1,211.0,"-2.65,2.45,8.15","9.1,48.9,-14.2","-34.050,58.350,9.150",2.67,2.79,0.00,0,125548,107897,8,1.00,37.496606,126.957918,28584,476,1714,40,5.72,0.23,4.08,66.1,0,187,0,1,-65,-65.3,107897,24,3,3.65,1,0,-4.39,-11.29,0
18:28:48,49.627,13477570,13477569,0,0,1,37.496602,126.957921,0.57,202.4,1,202.4,1,358.8,1,-37.15,10.64,41.75,0.9977,22.97,3.151,473617,1059350,0.458,1,211.0,"-0.88,1.13,10.54","8.9,11.9,39.0","-33.600,60.600,10.800",1.27,1.27,0.00,0,125552,107901,8,1.00,37.496606,126.957918,28584,476,1714,40,5.74,0.27,4.78,61.9,0,187,0,1,-59,-63.2,107901,21,3,2.98,1,0,-4.39,-11.29,0
18:28:48,49.911,13477772,13477771,1,0,1,37.496607,126.957916,0.53,227.6,1,227.6,1,2.6,1,2.18,8.89,28.23,0.9945,21.88,3.118,473617,1059374,0.494,1,274.6,"-0.49,1.36,8.77","-25.2,-10.8,-6.8","-36.150,57.750,10.050",1.27,1.85,0.00,0,125554,107903,9,1.00,37.496612,126.957913,28585,476,1714,40,5.14,0.45,999.00,31.1,0,188,0,1,-66,-63.2,107903,12,3,3.00,1,0,-4.39,-11.29,0
18:28:48,50.022,13478093,13478080,1,0,1,37.496607,126.957915,0.53,227.6,1,227.6,1,359.9,1,18.08,10.80,31.21,0.9888,20.37,3.171,473617,1059408,0.494,1,274.6,"-1.80,1.47,10.55","15.1,15.3,-22.6","-38.850,57.750,8.550",1.16,2.45,0.00,0,125557,107906,9,1.00,37.496612,126.957913,28585,476,1714,40,4.59,0.48,999.00,24.3,0,188,0,1,-71,-66.2,107906,19,3,3.96,1,0,-4.39,-11.29,0
18:28:48,50.423,13478187,13478186,1,0,1,37.496607,126.957915,0.53,227.6,1,227.6,1,2.2,1,14.61,9.28,23.75,0.9776,23.48,3.120,473617,1059419,0.494,1,274.6,"-1.19,-1.34,9.10","-4.9,-16.1,-16.7","-35.100,58.650,11.550",2.75,2.75,0.00,0,125558,107907,9,1.00,37.496612,126.957913,28585,476,1714,40,4.59,0.48,999.00,24.3,0,188,0,1,-69,-66.7,107907,10,3,4.18,1,0,-4.39,-11.29,0
18:28:49,50.657,13478610,13478609,1,0,1,37.496606,126.957914,0.53,227.6,1,227.6,1,2.0,1,-3.16,11.42,26.59,0.9902,19.84,3.214,473617,1059464,0.494,1,274.6,"-0.60,2.15,11.20","-10.3,-23.0,8.5","-36.450,60.750,7.650",1.48,4.15,0.00,0,125562,107911,9,1.00,37.496612,126.957913,28585,476,1714,40,4.59,0.48,999.00,24.3,0,188,0,1,-65,-64.4,107911,11,3,3.34,1,0,-4.39,-11.29,0
18:28:49,50.757,13478823,13478810,1,0,1,37.496613,126.957909,0.56,253.3,1,253.3,1,9.9,1,-19.07,7.89,22.06,0.9963,21.48,3.188,473617,1059488,0.586,1,300.9,"-0.61,1.02,7.80","-4.3,-0.4,21.6","-37.200,59.550,9.450",1.83,2.75,0.00,0,125564,107912,8,1.00,37.496618,126.957907,28586,476,1714,40,4.57,0.53,999.00,-19.4,0,188,0,1,-70,-65.5,107912,13,3,3.72,1,0,-4.39,-11.29,0
18:28:49,51.178,13478915,13478914,1,0,1,37.496613,126.957909,0.56,253.3,1,253.3,1,6.9,1,-28.82,10.35,35.31,0.9882,21.17,3.224,473617,1059499,0.586,1,300.9,"-1.29,1.85,10.10","10.2,15.8,29.9","-39.150,59.550,9.150",1.11,2.10,0.00,0,125565,107913,8,1.00,37.496618,126.957907,28586,476,1714,40,4.57,0.53,999.00,-19.4,0,188,0,1,-63,-65.0,107913,0,3,3.72,1,0,-4.39,-11.29,0
18:28:49,51.361,13479318,13479317,1,0,1,37.496613,126.957907,0.56,253.3,1,253.3,1,13.7,1,20.56,8.27,35.03,0.9571,20.43,3.226,473617,1059547,0.586,1,300.9,"0.99,2.37,7.86","17.5,15.6,-26.0","-38.550,60.900,9.000",2.12,2.61,0.00,0,125569,107916,8,1.00,37.496618,126.957907,28586,476,1714,40,4.57,0.53,999.00,-19.4,0,188,0,1,-66,-66.1,107916,88,3,3.95,1,0,-4.39,-11.29,0
18:28:50,51.622,13479524,13479523,1,0,1,37.496613,126.957907,0.56,253.3,1,253.3,1,9.7,1,-57.18,10.39,96.10,0.9974,22.66,3.190,473617,1059570,0.586,1,300.9,"-1.46,1.44,10.19","54.3,59.8,52.0","-34.950,60.750,9.450",1.54,2.08,0.00,0,125571,107918,8,1.00,37.496618,126.957907,28586,476,1714,40,4.84,-0.01,999.00,-23.5,0,188,0,1,-62,-65.0,107918,83,3,3.53,1,0,-4.39,-11.29,0
18:28:51,53.206,13479827,13479826,1,0,1,37.496619,126.957901,0.61,268.0,1,268.0,1,18.2,1,-17.64,7.87,21.31,0.9828,22.16,3.125,473617,1059606,0.653,1,295.2,"-1.36,1.43,7.62","-8.1,2.6,19.5","-34.950,58.800,10.200",1.87,3.14,0.00,0,125574,107921,8,1.00,37.496624,126.957898,28587,476,1714,40,5.42,-0.16,999.00,-45.0,0,188,0,1,-63,-63.9,107921,71,3,3.20,1,0,-4.39,-11.29,0
18:28:52,53.705,13481357,13481344,0,0,1,37.496621,126.957896,0.40,268.0,0,268.0,1,20.5,1,-21.21,9.70,27.68,0.9880,21.32,3.187,473617,1059783,0.185,1,295.2,"0.72,1.43,9.57","-1.4,-10.3,25.7","-37.350,59.400,9.300",1.04,1.97,0.00,0,125589,107936,8,1.22,37.496625,126.957893,28588,476,1714,40,6.05,0.00,999.00,-58.0,0,188,0,1,-66,-66.2,107936,17,3,3.98,1,0,-4.39,-11.29,0
18:28:52,53.938,13481863,13481862,0,0,1,37.496627,126.957892,0.49,279.4,1,279.4,1,22.8,1,-2.36,10.98,18.00,0.9812,18.62,3.239,473617,1059839,0.586,1,300.6,"-1.61,2.32,10.61","12.5,-10.6,7.4","-41.550,58.200,6.750",1.82,1.82,0.00,0,125594,107940,7,1.22,37.496631,126.957888,28589,476,1714,40,7.32,0.08,999.00,-80.7,0,188,0,1,-75,-68.1,107940,101,3,4.77,1,0,-4.39,-11.29,0
18:28:52,54.039,13482165,13482164,0,0,1,37.496627,126.957891,0.49,279.4,1,279.4,1,29.8,1,0.28,7.84,24.99,0.9724,19.21,3.240,473617,1059875,0.586,1,300.6,"0.38,2.05,7.56","21.0,12.3,-5.8","-38.100,60.600,7.050",1.98,1.98,0.00,0,125597,107942,7,1.22,37.496631,126.957888,28589,476,1714,40,7.73,0.07,999.00,-81.7,0,188,0,1,-65,-67.0,107942,84,3,4.29,1,0,-4.39,-11.29,0
18:28:53,54.541,13482265,13482264,0,0,1,37.496627,126.957891,0.49,279.4,1,279.4,1,29.3,1,-10.92,8.00,17.36,0.9661,19.74,3.219,473617,1059887,0.586,1,300.6,"0.89,2.04,7.69","-10.3,6.5,12.4","-37.950,60.000,7.650",1.59,2.30,0.00,0,125598,107943,7,1.22,37.496631,126.957888,28589,476,1714,40,7.73,0.07,999.00,-81.7,0,188,0,1,-65,-66.6,107943,81,3,4.13,1,0,-4.39,-11.29,0
18:28:53,54.672,13482773,13482772,0,0,1,37.496628,126.957890,0.38,279.4,0,279.4,1,21.8,1,-15.73,8.37,22.52,0.9820,17.34,3.325,473617,1059946,0.278,1,300.6,"0.28,1.84,8.16","0.5,-8.6,20.8","-43.050,60.150,5.250",1.08,2.30,0.00,0,125603,107948,8,1.22,37.496634,126.957885,28590,476,1714,40,7.96,0.00,999.00,-87.3,0,188,0,1,-67,-67.5,107948,62,3,4.50,1,0,-4.39,-11.29,0
18:28:53,55.339,13482875,13482874,0,0,1,37.496628,126.957889,0.38,279.4,0,279.4,1,20.2,1,-6.24,10.26,24.35,0.9836,15.45,3.252,473617,1059958,0.278,1,300.6,"-0.62,2.34,9.97","-1.2,-20.1,13.7","-43.800,56.700,3.750",1.05,1.09,0.00,0,125604,107949,8,1.22,37.496634,126.957885,28590,476,1714,40,7.96,0.00,999.00,-87.3,0,188,0,1,-66,-67.2,107949,59,3,4.37,1,0,-4.39,-11.29,0
18:28:53,55.472,13483479,13483478,0,0,1,37.496629,126.957889,0.38,279.4,0,279.4,1,24.3,1,7.89,12.86,23.11,0.9448,18.26,3.295,473617,1060030,0.278,1,300.6,"-2.43,4.36,11.85","-4.3,-21.8,-6.3","-42.450,60.000,6.900",4.28,4.28,0.00,0,125610,107955,8,1.22,37.496634,126.957885,28590,476,1714,40,7.96,0.00,999.00,-87.3,0,188,0,1,-63,-65.5,107955,29,3,3.72,1,0,-4.39,-11.29,0
18:28:54,55.863,13483582,13483581,0,0,1,37.496629,126.957889,0.38,279.4,0,279.4,1,26.2,1,13.40,10.38,18.97,0.9646,18.88,3.284,473617,1060041,0.278,1,300.6,"0.39,3.10,9.90","7.8,-5.4,-16.4","-41.700,60.000,7.200",0.80,4.02,0.00,0,125611,107956,8,1.22,37.496634,126.957885,28590,476,1714,40,8.38,0.00,999.00,-87.9,0,188,0,1,-74,-67.2,107956,26,3,4.37,1,0,-4.39,-11.29,0
18:28:54,56.077,13483987,13483986,0,0,1,37.496629,126.957888,0.39,279.4,0,279.4,1,22.5,1,15.85,11.00,42.32,0.9724,16.27,3.302,473617,1060089,0.391,1,302.5,"0.44,2.92,10.59","10.7,30.4,-27.5","-45.450,57.450,4.500",1.22,2.05,0.00,0,125615,107959,7,1.22,37.496639,126.957880,28591,476,1714,40,8.38,0.00,999.00,-87.9,0,188,0,1,-67,-67.3,107959,113,3,4.41,1,0,-4.39,-11.29,0
18:28:54,56.380,13484189,13484188,0,0,1,37.496629,126.957888,0.39,279.4,0,279.4,1,26.6,1,-4.90,8.44,33.33,0.9744,19.66,3.299,473617,1060113,0.391,1,302.5,"1.31,1.29,8.24","32.5,5.7,4.9","-42.900,59.550,7.650",1.70,1.78,0.00,0,125617,107961,7,1.22,37.496639,126.957880,28591,476,1714,40,8.79,0.00,999.00,-88.4,0,188,0,1,-67,-67.4,107961,100,3,4.43,1,0,-4.39,-11.29,0
18:28:55,56.805,13484489,13484488,0,0,1,37.496629,126.957888,0.39,279.4,0,279.4,1,21.4,1,-33.57,11.57,41.86,0.9860,19.06,3.291,473617,1060149,0.391,1,302.5,"-0.22,2.47,11.30","22.1,16.5,31.5","-44.100,58.350,7.200",2.24,2.24,0.00,0,125620,107964,7,1.22,37.496639,126.957880,28591,476,1714,40,8.79,0.00,999.00,-88.4,0,188,0,1,-69,-67.1,107964,82,3,4.32,1,0,-4.39,-11.29,0
18:28:56,58.033,13484895,13484894,0,0,1,37.496630,126.957887,0.28,279.4,0,279.4,1,18.5,1,-13.64,9.37,36.87,0.9798,17.68,3.260,473617,1060196,0.180,1,302.5,"-0.04,2.29,9.08","-16.0,-23.7,23.3","-44.550,56.700,6.000",0.50,1.89,0.00,0,125624,107967,8,1.22,37.496641,126.957877,28592,476,1714,40,9.63,0.00,999.00,-89.4,0,188,0,1,-73,-68.7,107967,73,3,5.02,1,0,-4.39,-11.29,0
18:28:56,58.195,13486221,13486220,0,0,1,37.496631,126.957886,0.20,279.4,0,279.4,1,22.6,1,33.47,10.74,40.96,0.9772,18.62,3.227,473617,1060352,0.108,1,302.5,"-0.05,2.76,10.38","-15.5,2.9,-37.8","-44.250,55.800,7.050",1.16,1.82,0.00,0,125637,107980,8,1.22,37.496642,126.957874,28593,476,1714,40,10.38,0.00,999.00,-93.9,0,188,0,1,-70,-70.2,107980,25,3,5.81,1,0,-4.39,-11.29,0
18:28:56,58.461,13486321,13486320,0,0,1,37.496632,126.957886,0.20,279.4,0,279.4,1,24.9,1,8.34,9.45,23.59,0.9788,20.30,3.218,473617,1060364,0.108,1,302.5,"-0.24,2.38,9.14","4.4,16.9,-15.8","-43.650,56.100,8.700",1.01,1.79,0.00,0,125638,107981,8,1.22,37.496642,126.957874,28593,476,1714,40,10.38,0.00,999.00,-93.9,0,188,0,1,-63,-68.8,107981,19,3,5.07,1,0,-4.39,-11.29,0
18:28:57,58.615,13486553,13486518,0,0,1,37.496632,126.957886,0.20,279.4,0,279.4,1,27.2,1,0.00,7.89,22.95,0.9513,21.00,3.189,473617,1060388,0.108,1,302.5,"1.23,2.23,7.47","5.5,21.8,-4.6","-41.400,58.350,9.450",1.88,1.93,0.00,0,125640,107983,8,1.22,37.496642,126.957874,28593,476,1714,40,10.80,0.00,999.00,-94.1,0,188,0,1,-71,-68.3,107983,40,3,4.85,1,0,-4.39,-11.29,0
18:28:57,59.443,13486748,13486747,0,0,1,37.496632,126.957885,0.12,279.4,0,279.4,1,25.0,1,0.00,10.73,4.66,0.9644,21.14,3.246,473617,1060411,0.036,1,302.5,"1.58,2.48,10.32","3.2,-3.2,-1.1","-44.400,59.550,9.150",1.27,1.45,0.00,0,125642,107985,8,1.22,37.496641,126.957869,28594,476,1714,40,11.22,0.00,999.00,-94.3,0,188,0,1,-67,-67.7,107985,24,3,4.57,1,0,-4.39,-11.29,0
18:28:58,60.179,13487556,13487555,0,0,1,37.496632,126.957885,0.12,279.4,0,279.4,1,28.3,1,28.79,10.24,44.52,0.9682,19.85,3.233,473617,1060505,0.036,1,302.5,"1.70,1.89,9.92","1.7,23.2,-38.0","-45.900,54.900,8.400",1.11,1.37,0.00,0,125650,107992,8,1.22,37.496641,126.957869,28594,476,1714,40,12.07,0.00,999.00,-94.7,0,188,0,1,-65,-70.2,107992,88,3,5.84,1,0,-4.39,-11.29,0
18:28:58,60.427,13488363,13488362,0,0,1,37.496633,126.957883,0.10,279.4,0,279.4,1,19.1,1,-22.22,9.46,26.35,0.9628,18.78,3.346,473617,1060601,0.087,1,302.5,"1.48,2.17,9.09","-0.2,13.0,22.9","-48.600,54.000,8.400",0.41,0.61,0.00,0,125658,107999,8,1.00,37.496640,126.957867,28595,476,1714,40,12.49,0.00,999.00,-94.8,0,188,0,1,-65,-67.6,107999,56,3,4.55,1,0,-4.39,-11.29,0
18:28:59,60.556,13488571,13488570,0,0,1,37.496633,126.957883,0.10,279.4,0,279.4,1,17.9,1,0.00,10.31,19.41,0.9603,20.42,3.288,473617,1060623,0.087,1,302.5,"1.88,2.17,9.90","14.2,12.5,-4.3","-47.550,52.500,9.450",0.94,0.96,0.00,0,125660,108001,8,1.00,37.496640,126.957867,28595,476,1714,40,12.91,0.00,999.00,-95.0,0,188,0,1,-72,-68.1,108001,53,3,4.75,1,0,-4.39,-11.29,0
18:28:59,60.722,13488773,13488772,0,0,1,37.496634,126.957882,0.19,279.4,0,279.4,1,16.3,1,3.32,8.97,18.89,0.9703,20.58,3.223,473617,1060647,0.273,1,302.5,"0.88,2.19,8.65","-12.0,12.2,-8.0","-47.250,53.550,9.300",0.62,0.86,0.00,0,125662,108003,8,1.22,37.496641,126.957868,28596,476,1714,40,13.33,0.00,999.00,-95.1,0,188,0,1,-75,-69.6,108003,39,3,5.50,1,0,-4.39,-11.29,0
18:28:59,60.792,13488874,13488873,0,0,1,37.496634,126.957882,0.19,279.4,0,279.4,1,17.2,1,7.58,10.18,35.51,0.9855,22.15,3.191,473617,1060659,0.273,1,302.5,"0.05,2.15,9.96","-22.2,24.0,-13.9","-46.650,52.950,10.950",1.35,1.35,0.00,0,125663,108004,8,1.22,37.496641,126.957868,28596,476,1714,40,13.33,0.00,999.00,-95.1,0,188,0,1,-73,-70.3,108004,40,3,5.86,1,0,-4.39,-11.29,0
18:28:59,60.872,13488975,13488974,0,0,1,37.496634,126.957882,0.19,279.4,0,279.4,1,16.9,1,-12.04,10.64,17.16,0.9785,21.11,3.172,473617,1060671,0.273,1,302.5,"0.33,2.56,10.32","10.1,4.9,13.0","-45.600,52.950,9.900",1.12,1.97,0.00,0,125664,108005,8,1.22,37.496641,126.957868,28596,476,1714,40,13.76,0.00,999.00,-95.2,0,188,0,1,-75,-71.2,108005,35,3,6.41,1,0,-4.39,-11.29,0
18:28:59,61.498,13489076,13489075,0,0,1,37.496634,126.957882,0.19,279.4,0,279.4,1,15.2,1,-13.05,9.66,36.35,0.9472,20.45,3.146,473617,1060683,0.273,1,302.5,"0.76,3.32,9.05","10.0,-27.2,22.0","-45.900,52.500,8.400",1.07,1.11,0.00,0,125665,108006,8,1.22,37.496641,126.957868,28596,476,1714,40,13.76,0.00,999.00,-95.2,0,188,0,1,-69,-70.8,108006,28,3,6.15,1,0,-4.39,-11.29,0
18:29:00,61.723,13489698,13489697,0,0,1,37.496634,126.957872,0.43,251.2,1,251.2,1,100.6,1,205.13,10.17,214.39,0.9363,20.45,3.146,473617,1060756,0.669,1,251.2,"3.05,4.27,8.71","-1.5,-23.6,-213.1","-8.550,64.650,1.650",2.30,2.30,0.00,0,125671,108012,8,1.22,37.496634,126.957863,28597,476,1714,40,14.15,0.13,999.00,-72.6,0,188,0,1,-71,-67.7,108012,17,3,4.59,1,0,-4.39,-11.29,0
18:29:00,62.313,13489910,13489897,0,0,1,37.496634,126.957872,0.43,251.2,1,251.2,1,141.7,1,179.42,8.56,183.15,0.9363,20.45,3.146,473617,1060780,0.669,1,251.2,"-0.23,2.02,8.32","-27.9,-36.5,-177.3","11.700,36.600,2.250",2.11,2.11,0.00,0,125673,108014,8,1.22,37.496634,126.957863,28597,476,1714,40,14.57,0.13,999.00,-72.6,0,188,0,1,-67,-67.3,108014,18,3,4.41,1,0,-4.39,-11.29,0
18:29:01,62.523,13490513,13490512,0,0,1,37.496634,126.957870,0.43,251.2,1,251.2,1,202.1,1,114.20,9.71,118.94,0.9363,20.45,3.146,473617,1060848,0.669,1,251.2,"0.00,1.15,9.64","-13.3,-30.1,-114.3","-4.950,9.000,14.550",0.85,1.05,0.00,0,125679,108019,8,1.22,37.496634,126.957863,28597,476,1714,40,14.57,0.13,999.00,-72.6,0,188,0,1,-60,-63.8,108019,92,3,3.15,1,0,-4.39,-11.29,0
18:29:01,62.939,13490715,13490714,0,0,1,37.496633,126.957869,0.43,251.2,1,251.2,1,214.7,1,8.96,10.37,37.64,0.9990,22.34,1.225,473617,1060869,0.427,1,251.2,"-0.34,0.96,10.32","23.9,-28.1,-7.2","-12.600,4.650,16.500",1.02,1.05,0.00,0,125681,108021,9,1.00,37.496629,126.957858,28598,476,1714,40,14.57,0.13,999.00,-72.6,0,188,0,1,-77,-66.4,108021,84,3,4.07,1,0,-4.39,-11.29,0
18:29:02,64.156,13491119,13491118,0,0,1,37.496633,126.957868,0.43,251.2,1,251.2,1,199.5,1,-31.87,9.25,41.22,0.9191,23.44,1.208,473617,1060917,0.427,1,251.2,"0.57,3.94,8.36","-18.4,22.5,29.2","-10.050,18.300,19.200",1.90,1.90,0.00,0,125685,108025,9,1.00,37.496629,126.957858,28598,476,1714,40,14.57,0.13,999.00,-72.6,0,188,0,1,-69,-67.6,108025,58,3,4.54,1,0,-4.39,-11.29,0
18:29:03,64.589,13492345,13492344,0,0,1,37.496632,126.957867,0.33,251.2,0,251.2,1,212.5,1,12.09,10.29,26.16,0.9500,28.48,1.503,473617,1061060,0.237,1,251.2,"1.82,2.76,9.74","-15.1,12.0,-17.6","-19.350,8.550,22.500",1.03,1.07,0.00,0,125697,108037,8,1.06,37.496625,126.957855,28599,476,1714,40,14.18,0.00,999.00,-75.3,0,188,0,1,-60,-63.5,108037,23,3,3.07,1,0,-4.39,-11.29,0
18:29:03,64.756,13492765,13492764,0,0,1,37.496632,126.957866,0.39,251.2,0,251.2,1,212.3,1,0.00,8.97,13.97,0.9825,25.59,1.427,473617,1061106,0.442,1,251.2,"0.53,1.82,8.76","13.0,-5.1,0.4","-19.050,7.350,19.500",0.87,1.35,0.00,0,125701,108041,9,1.00,37.496625,126.957854,28600,476,1714,40,13.92,0.00,999.00,-81.0,0,188,0,1,-73,-66.7,108041,24,3,4.15,1,0,-4.39,-11.29,0
18:29:03,64.859,13492967,13492966,0,0,1,37.496632,126.957866,0.39,251.2,0,251.2,1,212.1,1,0.00,10.56,7.92,0.9829,25.69,1.438,473617,1061130,0.442,1,251.2,"-0.73,2.44,10.25","1.6,-6.7,4.0","-18.600,8.250,19.500",1.54,1.54,0.00,0,125703,108043,9,1.00,37.496625,126.957854,28600,476,1714,40,13.92,0.00,999.00,-81.0,0,188,0,1,-68,-67.3,108043,14,3,4.41,1,0,-4.39,-11.29,0
18:29:04,65.768,13493078,13493065,0,0,1,37.496632,126.957866,0.39,251.2,0,251.2,1,212.3,1,0.06,11.41,17.05,0.9690,25.32,1.456,473617,1061142,0.442,1,251.2,"0.98,2.94,10.98","-16.8,0.4,-3.0","-19.950,7.650,19.200",1.58,1.70,0.00,0,125704,108044,9,1.00,37.496625,126.957854,28600,476,1714,40,13.92,0.00,999.00,-81.0,0,188,0,1,-63,-66.4,108044,19,3,4.07,1,0,-4.39,-11.29,0
18:29:04,66.036,13493992,13493991,0,0,1,37.496631,126.957861,0.51,268.7,1,268.7,1,213.9,0,-5.79,10.76,8.97,0.9865,23.92,1.507,473617,1061247,0.638,1,301.1,"0.37,2.07,10.55","-2.3,3.8,7.8","-19.800,9.750,17.550",1.24,1.56,0.00,0,125713,108052,9,1.00,37.496629,126.957857,28601,476,1714,40,13.81,-0.13,999.00,-104.3,0,188,0,1,-66,-66.3,108052,89,3,4.02,1,0,-4.39,-11.29,0
18:29:04,66.256,13494194,13494193,0,0,1,37.496631,126.957860,0.51,268.7,1,268.7,1,215.6,0,8.37,9.87,32.57,0.9840,25.53,1.484,473617,1061271,0.638,1,301.1,"0.69,1.82,9.67","-16.5,-27.6,-5.0","-21.750,7.050,19.500",0.44,1.10,0.00,0,125715,108054,9,1.00,37.496629,126.957857,28601,476,1714,40,13.81,-0.13,999.00,-104.3,0,188,0,1,-65,-67.1,108054,80,3,4.34,1,0,-4.39,-11.29,0
18:29:04,66.514,13494395,13494394,0,0,1,37.496631,126.957860,0.51,268.7,1,268.7,1,217.2,0,0.00,9.00,21.17,0.9633,24.29,1.519,473617,1061294,0.638,1,301.1,"1.37,2.08,8.65","-10.8,17.8,-3.9","-21.900,7.650,19.650",0.59,2.14,0.00,0,125717,108056,9,1.00,37.496629,126.957857,28601,476,1714,40,14.00,-0.15,999.00,-107.0,0,188,0,1,-69,-67.0,108056,66,3,4.29,1,0,-4.39,-11.29,0
18:29:05,66.705,13494702,13494701,0,0,1,37.496629,126.957858,0.53,280.0,1,280.0,1,222.1,0,-3.22,8.90,18.46,0.9767,27.07,1.448,473617,1061329,0.556,1,301.1,"0.89,1.84,8.66","-6.1,17.3,2.4","-20.100,7.350,21.000",1.13,2.05,0.00,0,125720,108058,8,1.00,37.496627,126.957858,28602,476,1714,40,13.60,-0.15,999.00,-107.5,0,188,0,1,-72,-66.7,108058,166,3,4.18,1,0,-4.39,-11.29,0
18:29:05,66.774,13494904,13494903,0,0,1,37.496629,126.957858,0.53,280.0,1,280.0,1,218.5,0,-12.48,10.63,40.91,0.9834,23.27,1.453,473617,1061353,0.556,1,301.1,"0.31,2.28,10.38","-6.3,-32.6,23.9","-18.000,9.150,16.950",1.32,2.13,0.00,0,125722,108060,8,1.00,37.496627,126.957858,28602,476,1714,40,13.44,-0.28,999.00,-122.2,0,188,0,1,-59,-64.3,108060,50,3,3.30,1,0,-4.39,-11.29,0
18:29:05,66.922,13495005,13495004,0,0,1,37.496629,126.957857,0.53,280.0,1,280.0,1,217.9,0,0.00,11.43,4.59,0.9726,25.03,1.469,473617,1061365,0.556,1,301.1,"1.21,2.58,11.07","-0.3,-4.4,-1.4","-19.050,9.000,18.750",1.75,1.90,0.00,0,125723,108061,8,1.00,37.496627,126.957858,28602,476,1714,40,13.44,-0.28,999.00,-122.2,0,188,0,1,-61,-63.6,108061,44,3,3.11,1,0,-4.39,-11.29,0
18:29:05,67.157,13495106,13495105,0,0,1,37.496630,126.957857,0.53,280.0,1,280.0,1,221.2,0,47.97,10.75,51.46,0.9826,24.75,1.487,473617,1061377,0.556,1,301.1,"1.73,2.13,10.39","-4.9,-10.5,-50.1","-20.400,8.850,18.450",1.39,1.39,0.00,0,125724,108062,8,1.00,37.496627,126.957858,28602,476,1714,40,13.44,-0.28,999.00,-122.2,0,188,0,1,-64,-63.7,108062,38,3,3.13,1,0,-4.39,-11.29,0
18:29:06,68.174,13495308,13495307,0,0,1,37.496630,126.957856,0.53,280.0,1,280.0,1,222.2,0,-4.30,7.97,7.43,0.9221,25.26,1.527,473617,1061401,0.556,1,301.1,"1.39,2.92,7.29","3.5,1.8,6.3","-22.200,9.150,20.700",1.86,2.37,0.00,0,125726,108064,8,1.00,37.496627,126.957858,28602,476,1714,40,13.44,-0.28,999.00,-122.2,0,188,0,1,-59,-62.2,108064,31,3,2.71,1,0,-4.39,-11.29,0
18:29:06,68.427,13496331,13496330,0,0,1,37.496631,126.957857,0.74,307.4,1,307.4,1,229.7,0,-2.06,9.46,8.31,0.9620,26.14,1.417,473617,1061515,0.936,1,358.4,"1.19,2.48,9.05","5.0,6.0,2.8","-16.200,9.900,17.700",0.54,1.77,0.00,0,125736,108073,9,1.16,37.496628,126.957862,28603,476,1714,40,12.66,-0.64,999.00,-151.0,0,188,0,1,-57,-58.3,108073,105,3,1.88,1,0,-4.39,-11.29,0
18:29:07,68.722,13496636,13496635,0,0,1,37.496629,126.957863,0.84,332.3,1,332.3,1,228.0,0,0.00,8.75,31.53,0.9772,24.39,1.382,473617,1061550,0.952,1,18.5,"0.89,1.77,8.52","2.4,29.9,-9.8","-15.750,8.400,18.150",1.52,1.78,0.00,0,125739,108076,9,1.00,37.496626,126.957870,28604,476,1714,40,12.94,-0.66,999.00,-153.8,0,188,0,1,-61,-59.0,108076,92,3,2.00,1,0,-4.39,-11.29,0
18:29:07,68.804,13496838,13496837,0,0,1,37.496629,126.957863,0.84,332.3,1,332.3,1,224.6,0,-32.14,10.33,44.63,0.9854,21.73,1.367,473617,1061574,0.952,1,18.5,"-0.42,2.26,10.07","5.0,-18.1,40.5","-12.900,9.750,15.300",1.19,1.73,0.00,0,125741,108078,9,1.00,37.496626,126.957870,28604,476,1714,40,12.27,-0.84,999.00,-176.7,0,188,0,1,-57,-58.9,108078,82,3,1.98,1,0,-4.39,-11.29,0
18:29:07,68.864,13496939,13496938,0,0,1,37.496630,126.957863,0.84,332.3,1,332.3,1,223.6,0,0.00,11.12,24.75,0.9763,24.76,1.400,473617,1061586,0.952,1,18.5,"1.01,2.42,10.81","6.9,22.8,-6.6","-10.950,12.600,18.000",1.55,1.93,0.00,0,125742,108079,9,1.00,37.496626,126.957870,28604,476,1714,40,12.27,-0.84,999.00,-176.7,0,188,0,1,-58,-58.7,108079,77,3,1.95,1,0,-4.39,-11.29,0
18:29:07,69.021,13497040,13497039,0,0,1,37.496630,126.957863,0.84,332.3,1,332.3,1,226.1,0,45.60,9.80,49.64,0.9719,22.02,1.355,473617,1061598,0.952,1,18.5,"-0.91,2.35,9.47","-6.9,-14.6,-47.0","-10.950,10.500,18.000",0.92,1.68,0.00,0,125743,108080,9,1.00,37.496626,126.957870,28604,476,1714,40,12.27,-0.84,999.00,-176.7,0,188,0,1,-60,-59.0,108080,72,3,2.00,1,0,-4.39,-11.29,0
18:29:07,69.090,13497141,13497140,0,0,1,37.496630,126.957863,0.84,332.3,1,332.3,1,229.0,0,8.42,8.43,22.81,0.9860,24.67,1.390,473617,1061610,0.952,1,18.5,"0.57,1.45,8.29","17.0,-11.7,-9.6","-14.850,9.450,18.300",1.49,1.49,0.00,0,125744,108081,9,1.00,37.496626,126.957870,28604,476,1714,40,12.27,-0.84,999.00,-176.7,0,188,0,1,-60,-59.2,108081,67,3,2.04,1,0,-4.39,-11.29,0
18:29:07,69.170,13497242,13497241,0,0,1,37.496631,126.957863,0.84,332.3,1,332.3,1,229.3,0,0.00,7.95,9.13,0.9291,23.78,1.409,473617,1061622,0.952,1,18.5,"1.02,2.97,7.30","-9.1,0.5,-0.6","-14.100,10.500,18.000",1.97,2.17,0.00,0,125745,108082,9,1.00,37.496626,126.957870,28604,476,1714,40,12.27,-0.84,999.00,-176.7,0,188,0,1,-63,-59.9,108082,63,3,2.19,1,0,-4.39,-11.29,0
18:29:07,69.372,13497342,13497341,0,0,1,37.496631,126.957863,0.84,332.3,1,332.3,1,228.5,0,-16.69,10.34,23.53,0.9603,25.32,1.479,473617,1061634,0.952,1,18.5,"1.34,2.76,9.88","-0.9,-8.1,22.1","-15.750,8.850,19.950",1.35,1.80,0.00,0,125746,108083,9,1.00,37.496626,126.957870,28604,476,1714,40,12.27,-0.84,999.00,-176.7,0,188,0,1,-63,-60.6,108083,57,3,2.32,1,0,-4.39,-11.29,0
18:29:07,69.474,13497544,13497543,0,0,1,37.496631,126.957863,0.84,332.3,1,332.3,1,227.1,0,26.52,10.66,40.69,0.9759,25.35,1.409,473617,1061658,0.952,1,18.5,"-0.17,2.82,10.28","-25.8,-19.5,-24.7","-13.350,11.400,18.750",0.82,3.23,0.00,0,125748,108085,9,1.00,37.496626,126.957870,28604,476,1714,40,12.56,-0.84,999.00,-179.5,0,188,0,1,-63,-61.4,108085,43,3,2.53,1,0,-4.39,-11.29,0
18:29:08,69.589,13497649,13497648,0,0,1,37.496631,126.957870,0.90,352.9,1,352.9,1,227.6,0,-18.75,7.98,35.77,0.9699,24.21,1.308,473617,1061669,0.952,1,31.3,"1.39,1.24,7.76","17.5,28.0,13.7","-14.250,6.750,18.150",2.33,2.62,0.00,0,125749,108086,8,1.00,37.496629,126.957877,28605,476,1714,40,12.56,-0.84,999.00,-179.5,0,188,0,1,-65,-62.1,108086,43,3,2.70,1,0,-4.39,-11.29,0
18:29:08,70.005,13497750,13497749,0,0,1,37.496631,126.957870,0.90,352.9,1,352.9,1,225.2,0,-24.54,8.32,31.04,0.9745,23.89,1.377,473617,1061681,0.952,1,31.3,"0.23,2.17,8.03","3.2,-7.7,29.9","-12.900,10.350,17.400",1.15,2.23,0.00,0,125750,108087,8,1.00,37.496629,126.957877,28605,476,1714,40,11.89,-0.85,999.00,161.8,0,188,0,1,-68,-63.3,108087,33,3,3.02,1,0,-4.39,-11.29,0
18:29:08,70.339,13498158,13498157,0,0,1,37.496633,126.957871,0.90,352.9,1,352.9,1,231.1,0,7.15,7.77,45.68,0.9449,24.34,1.365,473617,1061728,0.952,1,31.3,"1.84,2.05,7.27","42.5,8.1,-14.7","-18.450,8.400,18.150",2.40,2.40,0.00,0,125754,108091,8,1.00,37.496629,126.957877,28605,476,1714,40,11.89,-0.85,999.00,161.8,0,188,0,1,-66,-64.9,108091,24,3,3.53,1,0,-4.39,-11.29,0
18:29:09,70.521,13498468,13498467,0,0,1,37.496634,126.957872,0.90,352.9,1,352.9,1,228.8,0,-6.44,11.90,26.13,0.9734,25.80,1.439,473617,1061765,0.952,1,31.3,"0.23,3.19,11.46","-21.6,-7.7,12.5","-14.700,11.550,19.200",1.88,4.30,0.00,0,125757,108094,8,1.00,37.496629,126.957877,28605,476,1714,40,11.50,-0.85,999.00,160.9,0,188,0,1,-66,-65.4,108094,23,3,3.69,1,0,-4.39,-11.29,0
18:29:09,70.826,13498686,13498685,0,0,1,37.496633,126.957881,0.99,9.8,1,9.8,1,223.4,1,-20.26,8.12,25.55,0.9621,24.46,1.380,473617,1061788,1.080,1,41.0,"-0.58,2.59,7.67","11.6,10.5,20.2","-13.350,10.200,17.250",1.92,2.94,0.00,0,125759,108096,9,1.16,37.496631,126.957889,28606,476,1714,40,11.22,-0.83,999.00,147.2,0,188,0,1,-69,-66.2,108096,29,3,3.99,1,0,-4.39,-11.29,0
18:29:09,70.970,13498989,13498988,0,0,1,37.496635,126.957883,0.99,9.8,1,9.8,1,223.9,1,34.97,10.84,43.88,0.9800,22.74,1.370,473617,1061824,1.080,1,41.0,"1.06,2.04,10.60","-5.0,-29.7,-31.9","-15.150,8.250,16.500",1.46,1.60,0.00,0,125762,108099,9,1.16,37.496631,126.957889,28606,476,1714,40,11.38,-0.87,999.00,151.1,0,188,0,1,-67,-68.4,108099,12,3,4.90,1,0,-4.39,-11.29,0
18:29:09,71.145,13499100,13499087,0,0,1,37.496635,126.957883,0.99,9.8,1,9.8,1,225.5,1,6.00,7.76,29.50,0.9730,25.35,1.418,473617,1061836,1.080,1,41.0,"1.02,1.54,7.54","25.6,7.7,-12.5","-16.800,9.000,19.050",2.18,2.18,0.00,0,125763,108100,9,1.16,37.496631,126.957889,28606,476,1714,40,11.78,-0.87,999.00,151.8,0,188,0,1,-69,-68.5,108100,20,3,4.95,1,0,-4.39,-11.29,0
18:29:09,71.425,13499306,13499293,0,0,1,37.496636,126.957884,0.99,9.8,1,9.8,1,225.3,1,-19.00,11.60,26.56,0.9579,25.35,1.418,473617,1061858,1.080,1,41.0,"1.75,3.00,11.07","10.2,17.8,16.8","-17.100,10.500,18.750",2.40,2.40,0.00,0,125765,108102,9,1.16,37.496631,126.957889,28606,476,1714,40,11.78,-0.87,999.00,151.8,0,188,0,1,-66,-67.6,108102,16,3,4.55,1,0,-4.39,-11.29,0
18:29:10,71.756,13499605,13499604,0,0,1,37.496636,126.957884,0.99,9.8,1,9.8,1,223.4,1,-19.53,7.16,33.69,0.9516,26.20,1.354,473617,1061891,1.080,1,41.0,"0.96,2.14,6.77","6.3,29.8,14.3","-14.250,10.350,18.150",2.75,2.77,0.00,0,125768,108104,9,1.16,37.496631,126.957889,28606,476,1714,40,11.78,-0.87,999.00,151.8,0,188,0,1,-67,-67.9,108104,103,3,4.66,1,0,-4.39,-11.29,0
18:29:10,71.839,13499908,13499907,0,0,1,37.496632,126.957893,0.95,22.9,1,22.9,1,219.6,1,36.01,9.53,44.44,0.9745,22.93,1.363,473617,1061927,0.911,1,47.3,"-0.79,2.56,9.14","14.1,3.1,-42.0","-12.900,9.750,16.500",0.88,1.67,0.00,0,125771,108107,9,1.00,37.496623,126.957896,28607,476,1714,40,10.98,-0.70,999.00,137.3,0,188,0,1,-69,-68.4,108107,91,3,4.88,1,0,-4.39,-11.29,0
18:29:10,71.972,13500008,13500007,0,0,1,37.496632,126.957893,0.95,22.9,1,22.9,1,223.0,1,18.48,8.67,49.02,0.9722,23.63,1.383,473617,1061939,0.911,1,47.3,"0.55,2.12,8.39","-24.9,-40.7,-11.1","-15.150,9.450,16.800",1.18,1.18,0.00,0,125772,108107,9,1.00,37.496623,126.957896,28607,476,1714,40,10.98,-0.70,999.00,137.3,0,188,0,1,-69,-68.4,108107,191,3,4.88,1,0,-4.39,-11.29,0
18:29:10,72.255,13500108,13500107,0,0,1,37.496633,126.957894,0.95,22.9,1,22.9,1,224.9,1,8.98,8.56,39.94,0.8928,23.63,1.383,473617,1061951,0.911,1,47.3,"3.26,1.75,7.72","37.2,0.2,-14.6","-19.650,9.600,18.900",3.19,3.19,0.00,0,125773,108107,9,1.00,37.496623,126.957896,28607,476,1714,40,10.98,-0.70,999.00,137.3,0,188,0,1,-69,-68.4,108107,291,3,4.88,1,0,-4.39,-11.29,0
18:29:10,72.369,13500410,13500409,0,0,1,37.496633,126.957895,0.95,22.9,1,22.9,1,220.2,1,3.86,11.03,35.08,0.9441,24.77,1.472,473617,1061987,0.911,1,47.3,"-0.00,4.12,10.24","-25.6,-23.9,1.7","-14.400,13.650,19.500",1.67,4.36,0.00,0,125776,108110,9,1.00,37.496623,126.957896,28607,476,1714,40,10.98,-0.70,999.00,137.3,0,188,0,1,-73,-68.3,108110,64,3,4.86,1,0,-4.39,-11.29,0
18:29:11,72.638,13500510,13500509,0,0,1,37.496633,126.957895,0.95,22.9,1,22.9,1,221.8,1,8.92,9.87,24.85,0.9647,24.83,1.390,473617,1061999,0.911,1,47.3,"1.08,2.58,9.46","-22.2,-5.6,-9.7","-15.150,12.900,17.250",0.56,1.60,0.00,0,125777,108111,9,1.00,37.496623,126.957896,28607,476,1714,40,10.58,-0.69,999.00,136.5,0,188,0,1,-77,-70.1,108111,59,3,5.73,1,0,-4.39,-11.29,0
18:29:11,72.906,13500716,13500715,0,0,1,37.496627,126.957906,1.01,29.0,1,29.0,1,215.9,1,-31.22,9.56,40.09,0.9724,25.57,1.467,473617,1062022,1.070,1,40.3,"0.29,2.57,9.20","10.0,-9.5,37.6","-13.650,13.350,18.750",0.53,2.12,0.00,0,125779,108113,9,1.00,37.496618,126.957913,28608,476,1714,40,9.96,-0.69,999.00,133.2,0,188,0,1,-72,-70.6,108113,54,3,6.04,1,0,-4.39,-11.29,0
18:29:11,73.071,13501019,13501018,0,0,1,37.496628,126.957908,1.01,29.0,1,29.0,1,219.2,1,9.89,8.47,24.20,0.9678,24.76,1.442,473617,1062058,1.070,1,40.3,"0.69,2.25,8.14","7.6,-21.6,-7.9","-14.700,11.550,18.150",1.29,1.53,0.00,0,125782,108116,9,1.00,37.496618,126.957913,28608,476,1714,40,9.56,-0.68,999.00,132.4,0,188,0,1,-71,-70.4,108116,25,3,5.91,1,0,-4.39,-11.29,0
18:29:11,73.207,13501220,13501219,0,0,1,37.496629,126.957910,1.01,29.0,1,29.0,1,220.6,1,-4.38,10.07,8.59,0.9437,24.76,1.442,473617,1062082,1.070,1,40.3,"1.81,2.94,9.46","2.4,-2.5,7.9","-17.550,11.400,18.750",1.18,1.99,0.00,0,125784,108118,9,1.00,37.496618,126.957913,28608,476,1714,40,9.79,-0.63,999.00,128.7,0,188,0,1,-73,-70.7,108118,31,3,6.09,1,0,-4.39,-11.29,0
18:29:11,73.287,13501320,13501319,0,0,1,37.496629,126.957910,1.01,29.0,1,29.0,1,218.1,1,-32.84,11.65,40.55,0.9652,24.76,1.442,473617,1062094,1.070,1,40.3,"0.51,3.43,11.12","18.4,23.1,27.8","-15.150,15.300,18.750",2.21,2.21,0.00,0,125785,108119,9,1.00,37.496618,126.957913,28608,476,1714,40,9.40,-0.62,999.00,127.7,0,188,0,1,-74,-71.3,108119,19,3,6.48,1,0,-4.39,-11.29,0
18:29:11,73.477,13501421,13501420,0,0,1,37.496629,126.957910,1.01,29.0,1,29.0,1,217.9,1,13.85,11.12,30.04,0.9658,26.46,1.519,473617,1062106,1.070,1,40.3,"1.11,2.94,10.67","-18.8,-21.5,-9.3","-16.200,13.500,19.650",1.21,3.05,0.00,0,125786,108120,9,1.00,37.496618,126.957913,28608,476,1714,40,9.40,-0.62,999.00,127.7,0,188,0,1,-69,-70.9,108120,21,3,6.20,1,0,-4.39,-11.29,0
18:29:12,73.586,13501634,13501633,0,0,1,37.496620,126.957920,1.03,32.8,1,32.8,1,217.4,1,-18.46,8.17,21.90,0.9433,26.46,1.519,473617,1062130,1.060,1,39.9,"0.33,3.01,7.59","7.5,3.5,20.3","-15.900,10.950,17.550",1.53,2.47,0.00,0,125788,108122,9,1.00,37.496609,126.957928,28609,476,1714,40,7.73,-0.66,999.00,129.3,0,188,0,1,-73,-72.0,108122,24,3,6.87,1,0,-4.39,-11.29,0
18:29:12,73.707,13501734,13501733,0,0,1,37.496620,126.957921,1.03,32.8,1,32.8,1,216.5,1,0.00,10.58,26.22,0.9691,25.10,1.430,473617,1062142,1.060,1,39.9,"0.10,3.06,10.13","-5.5,-25.1,5.4","-16.800,9.450,18.750",1.41,1.52,0.00,0,125789,108123,9,1.00,37.496609,126.957928,28609,476,1714,40,7.73,0.00,999.00,129.3,0,188,0,1,-74,-72.4,108123,18,3,7.15,1,0,-4.39,-11.29,0
18:29:12,73.775,13501835,13501834,0,0,1,37.496621,126.957922,1.03,32.8,1,32.8,1,217.6,1,25.76,10.25,42.23,0.9666,23.26,1.476,473617,1062154,1.060,1,39.9,"1.19,2.55,9.86","7.5,18.5,-37.2","-16.200,11.550,16.650",0.75,2.29,0.00,0,125790,108124,9,1.00,37.496609,126.957928,28609,476,1714,40,7.73,0.00,999.00,129.3,0,188,0,1,-77,-73.3,108124,14,3,7.80,1,0,-4.39,-11.29,0
18:29:12,74.107,13501947,13501934,0,0,1,37.496621,126.957923,1.03,32.8,1,32.8,1,219.5,1,15.93,8.56,38.16,0.9827,24.17,1.472,473617,1062166,1.060,1,39.9,"0.12,1.92,8.34","-29.1,-22.4,-10.6","-15.900,11.700,17.550",1.61,1.68,0.00,0,125791,108125,9,1.00,37.496609,126.957928,28609,476,1714,40,7.73,0.00,999.00,129.3,0,188,0,1,-72,-73.0,108125,20,3,7.61,1,0,-4.39,-11.29,0
18:29:12,74.207,13502257,13502244,0,0,1,37.496622,126.957926,1.03,32.8,1,32.8,1,220.8,1,-33.95,11.45,53.95,0.9501,24.17,1.472,473617,1062199,1.060,1,39.9,"2.08,3.07,10.84","35.6,34.3,21.7","-17.550,10.950,19.050",2.11,2.11,0.00,0,125794,108128,9,1.00,37.496609,126.957928,28609,476,1714,40,7.97,-0.59,999.00,124.7,0,188,0,1,-70,-71.4,108128,13,3,6.49,1,0,-4.39,-11.29,0
18:29:12,74.408,13502347,13502346,0,0,1,37.496622,126.957926,1.03,32.8,1,32.8,1,219.1,1,2.77,12.03,21.97,0.9678,28.19,1.517,473617,1062210,1.060,1,39.9,"0.62,3.38,11.53","-20.6,-7.5,-1.5","-16.950,13.050,21.450",2.12,6.62,0.00,0,125795,108128,9,1.00,37.496609,126.957928,28609,476,1714,40,7.97,-0.59,999.00,124.7,0,188,0,1,-70,-71.4,108128,103,3,6.49,1,0,-4.39,-11.29,0
18:29:13,74.538,13502548,13502547,0,0,1,37.496622,126.957926,1.03,32.8,1,32.8,1,220.0,1,-3.38,7.74,14.91,0.9484,26.23,1.547,473617,1062234,1.060,1,39.9,"0.27,2.74,7.23","11.7,9.0,1.9","-17.250,8.850,16.650",2.15,2.62,0.00,0,125797,108130,9,1.00,37.496609,126.957928,28609,476,1714,40,7.97,-0.59,999.00,124.7,0,188,0,1,-69,-71.0,108130,92,3,6.27,1,0,-4.39,-11.29,0
18:29:24,85.704,13502653,13502652,0,0,1,37.496611,126.957934,1.00,35.9,1,35.9,1,218.3,1,-20.18,10.33,28.94,0.9836,24.22,1.392,473617,1062245,0.972,1,41.7,"0.23,2.23,10.08","1.3,-10.3,27.0","-16.350,8.250,18.000",1.37,1.95,0.00,0,125798,108131,9,1.00,37.496598,126.957938,28610,476,1714,40,7.58,-0.57,999.00,123.5,0,188,0,1,-73,-71.4,108131,91,3,6.51,1,0,-4.39,-11.29,0
18:29:24,85.904,13513829,13513828,1,0,1,37.496606,126.957984,0.37,0.0,0,3.1,1,211.5,1,-2.40,10.69,22.20,0.9998,24.14,1.778,473617,1062294,0.746,1,3.1,"-0.61,0.67,10.65","-1.0,22.2,0.7","1.050,29.850,15.300",2.00,2.27,0.00,0,125803,108232,9,1.00,37.496604,126.957984,28611,476,1714,40,4.36,0.00,999.00,32.9,0,189,0,1,-74,-70.9,108232,82,3,6.22,1,0,-4.39,-11.29,0
18:29:24,86.001,13513930,13513929,2,0,1,37.496606,126.957984,0.37,0.0,0,3.1,1,212.2,1,29.12,10.16,41.58,0.9905,22.46,1.793,473617,1062306,0.746,1,3.1,"-0.17,1.87,9.99","-22.3,7.1,-34.4","3.300,30.600,13.500",0.54,2.44,0.00,0,125804,108233,9,1.00,37.496604,126.957984,28611,476,1714,40,4.72,0.00,999.00,30.1,0,190,0,2,-71,-70.9,108233,73,3,6.23,1,0,-4.39,-11.29,0
18:29:24,86.028,13514032,13514031,2,0,1,37.496607,126.957985,0.37,0.0,0,3.1,1,216.4,1,40.26,9.95,46.99,0.9883,23.63,1.703,473617,1062318,0.746,1,3.1,"0.06,0.17,9.95","6.3,-22.1,-41.0","3.000,25.950,16.050",1.31,2.19,0.00,0,125805,108234,9,1.00,37.496604,126.957984,28611,476,1714,40,4.72,0.00,999.00,30.1,0,190,0,2,-69,-70.5,108234,73,3,6.00,1,0,-4.39,-11.29,0
18:29:24,86.105,13514133,13514132,2,0,1,37.496608,126.957985,0.37,0.0,0,3.1,1,219.6,1,20.54,6.62,36.78,0.9744,23.69,1.613,473617,1062330,0.746,1,3.1,"1.11,2.11,6.17","5.4,23.0,-28.2","0.750,24.300,15.300",3.19,3.19,0.00,0,125806,108235,9,1.00,37.496604,126.957984,28611,476,1714,40,4.36,0.00,999.00,32.9,0,190,0,2,-72,-70.8,108235,67,3,6.17,1,0,-4.39,-11.29,0
18:29:24,86.170,13514240,13514239,2,0,1,37.496608,126.957985,0.37,0.0,0,3.1,1,219.5,1,-23.89,9.16,34.53,0.9558,23.69,1.613,473617,1062343,0.746,1,3.1,"1.81,1.98,8.76","-20.6,5.2,27.3","2.400,23.400,15.900",1.31,3.14,0.00,0,125807,108236,9,1.00,37.496604,126.957984,28611,476,1714,40,4.36,0.00,999.00,32.9,0,190,0,2,-73,-71.3,108236,70,3,6.43,1,0,-4.39,-11.29,0
18:29:24,86.254,13514347,13514346,2,0,1,37.496609,126.957985,0.37,0.0,0,3.1,1,215.3,1,-42.22,11.38,53.07,0.9661,22.68,1.527,473617,1062356,0.746,1,3.1,"0.71,2.54,11.07","-13.5,30.9,41.0","4.350,24.900,13.200",2.10,2.26,0.00,0,125808,108237,9,1.00,37.496604,126.957984,28611,476,1714,40,4.72,0.00,999.00,30.1,0,190,0,2,-68,-70.6,108237,71,3,6.05,1,0,-4.39,-11.29,0
18:29:24,86.373,13514450,13514449,2,0,1,37.496609,126.957985,0.37,0.0,0,3.1,1,213.6,1,16.58,13.30,30.96,0.9895,21.71,1.577,473617,1062367,0.746,1,3.1,"-1.08,3.14,12.88","-6.8,-26.3,-14.8","5.250,24.750,13.800",3.80,4.19,0.00,0,125809,108238,9,1.00,37.496604,126.957984,28611,476,1714,40,4.72,0.00,999.00,30.1,0,190,0,2,-71,-70.7,108238,68,3,6.09,1,0,-4.39,-11.29,0
18:29:25,86.788,13514557,13514556,2,0,1,37.496609,126.957985,0.37,0.0,0,3.1,1,215.2,1,5.15,9.50,17.77,0.9859,23.45,1.646,473617,1062380,0.746,1,3.1,"-0.87,1.99,9.25","5.3,-15.9,-6.0","4.200,26.250,15.000",1.46,3.48,0.00,0,125810,108239,9,1.00,37.496604,126.957984,28611,476,1714,40,4.72,0.00,999.00,30.1,0,190,0,2,-72,-71.0,108239,68,3,6.24,1,0,-4.39,-11.29,0
18:29:25,86.921,13514969,13514968,2,0,1,37.496614,126.957984,0.61,356.1,1,356.1,1,203.6,1,45.89,11.56,56.80,0.9964,22.14,1.838,473617,1062429,0.844,1,343.0,"0.48,0.50,11.54","-17.6,14.2,-52.1","1.800,30.600,12.000",1.42,3.67,0.00,0,125814,108242,8,1.00,37.496612,126.957984,28612,476,1714,40,5.10,0.46,999.00,40.6,0,190,0,2,-75,-71.0,108242,48,3,6.30,1,0,-4.39,-11.29,0
18:29:25,86.989,13515071,13515070,2,0,1,37.496615,126.957984,0.61,356.1,1,356.1,1,208.6,1,43.18,8.11,72.33,0.9964,22.14,1.838,473617,1062441,0.844,1,343.0,"-0.64,-0.45,8.07","-51.1,-23.6,-45.4","3.900,26.550,11.700",3.08,3.08,0.00,0,125815,108243,8,1.00,37.496612,126.957984,28612,476,1714,40,5.44,0.48,999.00,38.0,0,190,0,2,-71,-71.0,108243,42,3,6.29,1,0,-4.39,-11.29,0
18:29:25,87.105,13515172,13515171,2,0,1,37.496615,126.957984,0.61,356.1,1,356.1,1,208.8,1,-29.75,7.82,38.26,0.9671,21.43,1.676,473617,1062453,0.844,1,343.0,"1.62,0.06,7.65","20.6,6.2,31.6","3.600,26.850,12.900",3.03,3.56,0.00,0,125816,108244,8,1.00,37.496612,126.957984,28612,476,1714,40,5.10,0.46,999.00,40.6,0,190,0,2,-62,-69.2,108244,50,3,5.30,1,0,-4.39,-11.29,0
18:29:25,87.203,13515273,13515272,2,0,1,37.496616,126.957984,0.61,356.1,1,356.1,1,204.3,1,-50.56,6.93,60.86,0.9671,21.43,1.676,473617,1062465,0.844,1,343.0,"0.75,1.63,6.69","11.3,-22.1,55.6","2.250,29.400,15.000",2.82,3.10,0.00,0,125817,108245,8,1.00,37.496612,126.957984,28612,476,1714,40,5.44,0.48,999.00,38.0,0,190,0,2,-64,-68.2,108245,48,3,4.80,1,0,-4.39,-11.29,0
18:29:25,87.271,13515374,13515373,2,0,1,37.496616,126.957984,0.61,356.1,1,356.1,1,198.4,1,-71.47,8.22,80.93,0.9671,21.43,1.676,473617,1062477,0.844,1,343.0,"0.86,2.22,7.87","34.9,2.2,73.0","0.300,34.650,14.250",1.58,2.71,0.00,0,125818,108246,8,1.00,37.496612,126.957984,28612,476,1714,40,5.44,0.48,999.00,38.0,0,190,0,2,-65,-67.5,108246,41,3,4.52,1,0,-4.39,-11.29,0
18:29:25,87.389,13515478,13515477,2,0,1,37.496616,126.957984,0.61,356.1,1,356.1,1,189.2,1,-100.41,11.44,104.60,0.9671,21.43,1.676,473617,1062488,0.844,1,343.0,"-1.40,4.01,10.62","5.1,0.3,104.5","0.000,41.700,13.800",3.19,3.97,0.00,0,125819,108247,8,1.00,37.496612,126.957984,28612,476,1714,40,5.44,0.48,999.00,38.0,0,190,0,2,-70,-68.0,108247,41,3,4.73,1,0,-4.39,-11.29,0
18:29:26,87.626,13515578,13515577,2,0,1,37.496616,126.957984,0.61,356.1,1,356.1,1,177.8,1,-106.98,10.19,110.35,0.9671,21.43,1.676,473617,1062500,0.844,1,343.0,"-0.96,3.42,9.55","4.6,11.3,109.7","-2.400,46.950,12.900",1.60,3.02,0.00,0,125820,108248,8,1.00,37.496612,126.957984,28612,476,1714,40,5.80,0.49,999.00,35.6,0,190,0,2,-66,-67.6,108248,37,3,4.55,1,0,-4.39,-11.29,0
18:29:26,87.837,13515782,13515781,2,0,1,37.496619,126.957983,0.68,348.6,1,348.6,1,162.6,1,-61.37,9.05,67.34,0.9671,21.43,1.676,473617,1062524,0.746,1,334.8,"-0.68,2.65,8.63","8.6,-2.5,66.7","-5.400,51.750,10.950",0.76,1.33,0.00,0,125822,108250,9,1.00,37.496618,126.957982,28613,476,1714,40,5.85,0.43,999.00,50.9,0,190,0,2,-65,-67.6,108250,28,3,4.56,1,0,-4.39,-11.29,0
18:29:26,87.920,13515984,13515983,2,0,1,37.496621,126.957982,0.68,348.6,1,348.6,1,157.6,1,0.00,11.29,7.38,0.9851,21.79,2.748,473617,1062548,0.746,1,334.8,"0.81,1.98,11.09","1.1,-7.1,-1.9","-12.300,56.850,9.900",1.82,1.82,0.00,0,125824,108252,9,1.00,37.496618,126.957982,28613,476,1714,40,6.18,0.45,999.00,48.4,0,190,0,2,-71,-66.9,108252,15,3,4.26,1,0,-4.39,-11.29,0
18:29:26,88.038,13516086,13516085,2,0,1,37.496621,126.957982,0.68,348.6,1,348.6,1,159.4,1,28.50,9.83,54.19,0.9923,22.13,2.745,473617,1062560,0.746,1,334.8,"1.41,2.40,9.43","32.7,20.5,-38.0","-8.850,56.850,11.700",1.27,1.85,0.00,0,125825,108253,9,1.00,37.496618,126.957982,28613,476,1714,40,6.18,0.45,999.00,48.4,0,190,0,2,-66,-66.7,108253,15,3,4.18,1,0,-4.39,-11.29,0
18:29:26,88.121,13516197,13516184,1,0,1,37.496622,126.957982,0.68,348.6,1,348.6,1,161.0,1,4.19,9.06,33.18,0.9926,22.85,2.722,473617,1062572,0.746,1,334.8,"0.68,0.59,9.02","4.1,-32.9,-1.0","-10.050,56.850,10.950",1.57,1.57,0.00,0,125826,108254,9,1.00,37.496618,126.957982,28613,476,1714,40,6.18,0.45,999.00,48.4,0,191,0,1,-60,-65.4,108254,21,3,3.68,1,0,-4.39,-11.29,0
18:29:26,88.260,13516300,13516287,1,0,1,37.496623,126.957982,0.68,348.6,1,348.6,1,160.6,1,-7.76,8.63,20.08,0.9511,23.73,2.763,473617,1062583,0.746,1,334.8,"1.88,1.84,8.22","17.5,-0.8,9.7","-11.700,58.200,11.550",1.76,2.08,0.00,0,125827,108255,9,1.00,37.496618,126.957982,28613,476,1714,40,6.18,0.45,999.00,48.4,0,191,0,1,-53,-62.9,108255,13,3,2.91,1,0,-4.39,-11.29,0
18:29:26,88.421,13516403,13516390,1,0,1,37.496623,126.957982,0.68,348.6,1,348.6,1,159.5,1,-22.45,9.17,32.09,0.9311,23.73,2.763,473617,1062594,0.746,1,334.8,"2.71,1.68,8.60","4.0,24.6,20.2","-10.500,57.150,9.450",1.95,2.34,0.00,0,125828,108256,9,1.00,37.496618,126.957982,28613,476,1714,40,6.18,0.45,999.00,48.4,0,191,0,1,-55,-61.3,108256,13,3,2.50,1,0,-4.39,-11.29,0
18:29:27,88.636,13516613,13516600,1,0,1,37.496623,126.957982,0.68,348.6,1,348.6,1,156.1,1,0.00,9.62,6.28,0.9754,22.54,2.858,473617,1062615,0.746,1,334.8,"1.57,-0.25,9.49","4.7,4.2,-0.0","-11.550,60.750,10.200",2.31,3.39,0.00,0,125830,108258,9,1.00,37.496618,126.957982,28613,476,1714,40,6.18,0.45,999.00,48.4,0,191,0,1,-57,-59.3,108258,14,3,2.06,1,0,-4.39,-11.29,0
18:29:27,88.855,13516810,13516809,1,0,1,37.496623,126.957976,0.72,334.2,1,334.2,1,159.6,1,14.52,10.13,29.49,0.9529,20.98,2.826,473617,1062637,0.767,1,307.4,"0.62,3.36,9.53","-1.7,18.3,-23.0","-7.200,60.900,7.050",1.13,1.73,0.00,0,125832,108259,9,1.00,37.496619,126.957971,28614,476,1714,40,6.93,0.30,4.03,65.2,0,191,0,1,-57,-58.8,108259,105,3,1.97,1,0,-4.39,-11.29,0
18:29:27,88.941,13517012,13517011,1,0,1,37.496624,126.957975,0.72,334.2,1,334.2,1,157.6,1,0.58,8.79,8.18,0.9761,21.00,2.849,473617,1062661,0.767,1,307.4,"0.32,2.20,8.50","3.2,-7.0,-2.7","-7.950,61.350,8.550",1.02,1.06,0.00,0,125834,108261,9,1.00,37.496619,126.957971,28614,476,1714,40,6.93,0.30,4.03,65.2,0,191,0,1,-60,-58.8,108261,97,3,1.96,1,0,-4.39,-11.29,0
18:29:27,89.004,13517113,13517112,1,0,1,37.496625,126.957975,0.72,334.2,1,334.2,1,159.0,1,19.43,9.60,23.87,0.9724,20.27,2.833,473617,1062673,0.767,1,307.4,"-0.04,2.67,9.22","-1.2,1.1,-23.8","-9.600,60.300,7.950",0.91,1.17,0.00,0,125835,108262,9,1.00,37.496619,126.957971,28614,476,1714,40,7.26,0.33,4.56,63.1,0,191,0,1,-67,-60.4,108262,93,3,2.29,1,0,-4.39,-11.29,0
18:29:27,89.138,13517214,13517213,1,0,1,37.496625,126.957975,0.72,334.2,1,334.2,1,159.6,1,0.00,11.63,14.13,0.9904,18.37,2.801,473617,1062685,0.767,1,307.4,"-0.50,2.18,11.42","4.6,-13.2,2.2","-8.850,59.250,6.150",2.30,2.43,0.00,0,125836,108263,9,1.00,37.496619,126.957971,28614,476,1714,40,7.26,0.33,4.56,63.1,0,191,0,1,-58,-59.9,108263,87,3,2.19,1,0,-4.39,-11.29,0
18:29:27,89.273,13517315,13517314,1,0,1,37.496626,126.957974,0.72,334.2,1,334.2,1,160.1,1,15.44,10.55,19.93,0.9780,18.53,2.807,473617,1062697,0.767,1,307.4,"1.30,1.82,10.31","1.7,1.1,-19.8","-9.150,59.400,6.300",1.04,1.76,0.00,0,125837,108264,9,1.00,37.496619,126.957971,28614,476,1714,40,7.26,0.33,4.56,63.1,0,191,0,1,-55,-58.9,108264,84,3,1.99,1,0,-4.39,-11.29,0
18:29:27,89.387,13517439,13517415,1,0,1,37.496626,126.957974,0.72,334.2,1,334.2,1,163.0,1,28.83,9.06,33.99,0.9597,20.91,2.776,473617,1062709,0.767,1,307.4,"2.02,1.24,8.75","-13.0,-5.2,-31.0","-7.950,58.950,9.300",1.78,1.78,0.00,0,125838,108265,9,1.00,37.496619,126.957971,28614,476,1714,40,7.26,0.33,4.56,63.1,0,191,0,1,-56,-58.4,108265,103,3,1.88,1,0,-4.39,-11.29,0
18:29:27,89.454,13517530,13517529,1,0,1,37.496626,126.957974,0.72,334.2,1,334.2,1,163.5,1,-5.22,8.35,12.78,0.9889,21.71,2.685,473617,1062720,0.767,1,307.4,"0.12,1.55,8.21","-8.1,6.9,7.1","-4.950,57.000,9.750",1.44,2.05,0.00,0,125839,108266,9,1.00,37.496619,126.957971,28614,476,1714,40,7.60,0.35,999.00,61.1,0,191,0,1,-66,-59.9,108266,85,3,2.18,1,0,-4.39,-11.29,0
18:29:28,89.537,13517630,13517629,1,0,1,37.496623,126.957966,0.69,319.0,1,319.0,1,159.3,1,-22.33,10.73,31.01,0.9814,22.79,2.717,473617,1062732,0.653,1,290.8,"1.37,1.42,10.55","2.6,-13.1,28.0","-7.500,57.450,10.800",1.41,1.95,0.00,0,125840,108267,8,1.00,37.496618,126.957958,28615,476,1714,40,7.60,0.35,999.00,61.1,0,191,0,1,-66,-61.1,108267,72,3,2.45,1,0,-4.39,-11.29,0
18:29:28,89.854,13517731,13517730,1,0,1,37.496623,126.957965,0.69,319.0,1,319.0,1,157.5,1,-4.48,9.42,10.78,0.9853,21.43,2.763,473617,1062744,0.653,1,290.8,"0.43,1.83,9.23","-1.6,9.1,5.5","-7.950,58.650,9.300",0.44,1.11,0.00,0,125841,108268,8,1.00,37.496618,126.957958,28615,476,1714,40,8.77,0.10,999.00,81.9,0,191,0,1,-58,-60.5,108268,76,3,2.31,1,0,-4.39,-11.29,0
18:29:28,89.954,13518035,13518034,1,0,1,37.496625,126.957964,0.69,319.0,1,319.0,1,157.4,1,-7.31,9.54,11.42,0.9789,21.51,2.749,473617,1062780,0.653,1,290.8,"1.11,1.67,9.33","-4.4,3.7,9.8","-8.550,58.050,9.450",0.23,0.86,0.00,0,125844,108271,8,1.00,37.496618,126.957958,28615,476,1714,40,9.22,0.06,999.00,85.1,0,191,0,1,-55,-57.6,108271,65,3,1.75,1,0,-4.39,-11.29,0
18:29:28,90.092,13518136,13518135,1,0,1,37.496625,126.957963,0.69,319.0,1,319.0,1,157.4,1,4.34,9.65,12.39,0.9741,21.87,2.775,473617,1062792,0.653,1,290.8,"1.20,1.92,9.39","-5.9,6.8,-8.6","-9.450,58.650,9.750",0.30,0.44,0.00,0,125845,108272,8,1.00,37.496618,126.957958,28615,476,1714,40,9.22,0.06,999.00,85.1,0,191,0,1,-65,-59.0,108272,60,3,2.01,1,0,-4.39,-11.29,0
18:29:28,90.289,13518236,13518235,1,0,1,37.496625,126.957963,0.69,319.0,1,319.0,1,158.2,1,7.71,9.81,11.97,0.9721,22.07,2.737,473617,1062804,0.653,1,290.8,"1.23,2.06,9.51","-5.5,-1.5,-10.5","-8.400,57.750,10.050",0.41,0.41,0.00,0,125846,108273,8,1.00,37.496618,126.957958,28615,476,1714,40,9.22,0.06,999.00,85.1,0,191,0,1,-59,-59.0,108273,39,3,2.01,1,0,-4.39,-11.29,0
18:29:28,90.403,13518441,13518440,1,0,1,37.496626,126.957962,0.69,319.0,1,319.0,1,158.7,1,7.03,9.74,12.26,0.9766,23.44,2.695,473617,1062827,0.653,1,290.8,"0.96,2.04,9.48","-6.3,1.7,-10.4","-7.950,56.700,11.550",0.27,0.60,0.00,0,125848,108275,8,1.00,37.496618,126.957958,28615,476,1714,40,9.53,0.08,999.00,83.3,0,191,0,1,-53,-57.0,108275,50,3,1.66,1,0,-4.39,-11.29,0
18:29:28,90.471,13518542,13518541,1,0,1,37.496626,126.957962,0.69,319.0,1,319.0,1,158.9,1,-2.78,9.79,21.14,0.9759,22.79,2.664,473617,1062839,0.653,1,290.8,"1.08,1.98,9.53","-13.4,15.9,3.7","-6.300,56.100,10.950",0.22,0.47,0.00,0,125849,108276,8,1.00,37.496618,126.957958,28615,476,1714,40,9.53,0.08,999.00,83.3,0,191,0,1,-56,-56.8,108276,38,3,1.63,1,0,-4.39,-11.29,0
18:29:29,90.670,13518643,13518642,1,0,1,37.496626,126.957960,0.46,319.0,1,319.0,1,158.0,1,-9.82,9.85,14.06,0.9827,22.52,2.634,473617,1062851,0.231,1,290.8,"0.94,1.67,9.66","3.0,-4.0,13.2","-6.450,55.050,10.800",0.30,0.60,0.00,0,125850,108277,8,1.00,37.496618,126.957952,28616,476,1714,40,9.22,0.04,999.00,85.1,0,191,0,1,-65,-58.5,108277,37,3,1.90,1,0,-4.39,-11.29,0
18:29:29,90.806,13518850,13518849,0,0,1,37.496626,126.957960,0.46,319.0,1,319.0,1,158.3,1,3.52,9.76,12.00,0.9861,22.35,2.678,473617,1062875,0.231,1,290.8,"0.80,1.52,9.61","-10.0,-4.0,-5.3","-7.200,56.250,10.500",0.37,0.41,0.00,0,125852,108279,8,1.00,37.496618,126.957952,28616,476,1714,40,9.22,0.04,999.00,85.1,0,191,0,1,-72,-62.1,108279,35,3,2.68,1,0,-4.39,-11.29,0
18:29:29,90.990,13518950,13518949,0,0,1,37.496626,126.957960,0.46,319.0,1,319.0,1,157.9,1,-9.94,9.78,13.32,0.9816,22.91,2.623,473617,1062887,0.231,1,290.8,"0.95,1.73,9.58","4.7,-0.7,12.5","-7.050,54.600,11.250",0.10,0.41,0.00,0,125853,108280,8,1.00,37.496618,126.957952,28616,476,1714,40,9.22,0.04,999.00,85.1,0,191,0,1,-60,-61.6,108280,34,3,2.57,1,0,-4.39,-11.29,0
18:29:29,91.120,13519152,13519151,0,0,1,37.496627,126.957960,0.46,319.0,1,319.0,1,157.5,1,1.25,9.60,4.76,0.9864,22.72,2.680,473617,1062911,0.231,1,290.8,"0.82,1.43,9.46","-1.1,-0.3,-4.6","-9.600,55.650,10.950",0.29,0.29,0.00,0,125855,108282,8,1.00,37.496618,126.957952,28616,476,1714,40,9.22,0.04,999.00,85.1,0,191,0,1,-58,-61.4,108282,24,3,2.53,1,0,-4.39,-11.29,0
18:29:29,91.192,13519253,13519252,0,0,1,37.496627,126.957959,0.46,319.0,1,319.0,1,157.5,1,0.00,9.69,3.15,0.9833,22.35,2.685,473617,1062923,0.231,1,290.8,"1.02,1.47,9.52","2.2,1.7,-1.5","-7.950,56.250,10.500",0.21,0.51,0.00,0,125856,108283,8,1.00,37.496618,126.957952,28616,476,1714,40,9.22,0.04,999.00,85.1,0,191,0,1,-61,-61.4,108283,22,3,2.51,1,0,-4.39,-11.29,0
18:29:29,91.337,13519352,13519351,0,0,1,37.496627,126.957959,0.46,319.0,1,319.0,1,157.5,1,0.00,9.52,2.69,0.9823,23.31,2.699,473617,1062935,0.231,1,290.8,"1.11,1.36,9.35","1.7,-1.7,-1.3","-7.800,56.850,11.400",0.33,0.59,0.00,0,125857,108284,8,1.00,37.496618,126.957952,28616,476,1714,40,9.22,0.04,999.00,85.1,0,191,0,1,-62,-61.5,108284,16,3,2.54,1,0,-4.39,-11.29,0
18:29:29,91.404,13519457,13519456,0,0,1,37.496627,126.957959,0.46,319.0,1,319.0,1,157.7,1,1.80,9.62,7.64,0.9803,22.64,2.636,473617,1062946,0.231,1,290.8,"1.07,1.64,9.42","-5.6,1.5,-5.0","-7.350,54.900,10.950",0.12,0.36,0.00,0,125858,108285,8,1.00,37.496618,126.957952,28616,476,1714,40,9.22,0.04,999.00,85.1,0,191,0,1,-58,-60.8,108285,10,3,2.37,1,0,-4.39,-11.29,0
18:29:30,91.670,13519569,13519556,0,0,1,37.496627,126.957959,0.46,319.0,1,319.0,1,157.7,1,0.00,9.48,3.45,0.9800,23.13,2.644,473617,1062958,0.231,1,290.8,"1.00,1.70,9.28","2.1,-0.6,-2.7","-7.350,55.200,11.400",0.22,0.23,0.00,0,125859,108286,8,1.00,37.496618,126.957952,28616,476,1714,40,9.22,0.04,999.00,85.1,0,191,0,1,-58,-60.2,108286,20,3,2.25,1,0,-4.39,-11.29,0
18:29:30,91.771,13519777,13519764,0,0,1,37.496626,126.957958,0.26,319.0,0,319.0,1,157.8,1,-1.60,7.73,15.18,0.9679,25.05,2.608,473617,1062980,0.062,1,290.8,"1.20,1.56,7.47","-13.9,2.6,5.6","-8.700,53.850,13.500",1.64,1.75,0.00,0,125861,108288,9,1.00,37.496618,126.957948,28617,476,1714,40,9.22,0.00,999.00,85.1,0,191,0,1,-67,-62.3,108288,17,3,2.75,1,0,-4.39,-11.29,0
18:29:30,92.037,13519868,13519867,0,0,1,37.496626,126.957958,0.26,319.0,0,319.0,1,157.8,1,1.60,6.45,30.38,0.9724,26.26,2.602,473617,1062991,0.062,1,290.8,"0.75,0.68,6.37","-28.8,9.3,-3.2","-7.200,54.600,13.500",2.40,2.55,0.00,0,125862,108289,9,1.00,37.496618,126.957948,28617,476,1714,40,9.22,0.00,999.00,85.1,0,191,0,1,-58,-61.5,108289,0,3,2.75,1,0,-4.39,-11.29,0
18:29:30,92.243,13520171,13520170,0,0,1,37.496626,126.957958,0.26,319.0,0,319.0,1,162.2,1,30.60,9.10,45.95,0.9724,26.26,2.602,473617,1063027,0.062,1,290.8,"-0.32,0.15,9.09","-6.6,26.4,-37.0","1.500,43.200,13.050",1.77,2.49,0.00,0,125865,108291,9,1.00,37.496618,126.957948,28617,476,1714,40,9.22,0.00,999.00,85.1,0,191,0,1,-51,-57.7,108291,94,3,1.77,1,0,-4.39,-11.29,0
18:29:30,92.354,13520372,13520371,0,0,1,37.496626,126.957958,0.26,319.0,0,319.0,1,169.0,1,57.58,13.45,75.77,0.9940,21.34,2.249,473617,1063051,0.062,1,290.8,"0.22,-1.25,13.39","22.4,-40.7,-59.9","-0.900,41.850,13.650",4.39,4.70,0.00,0,125867,108293,9,1.00,37.496618,126.957948,28617,476,1714,40,9.22,0.00,999.00,85.1,0,191,0,1,-46,-53.8,108293,83,3,1.22,1,0,-4.39,-11.29,0
18:29:31,92.524,13520477,13520476,0,0,1,37.496626,126.957958,0.26,319.0,0,319.0,1,174.2,1,33.25,13.24,39.21,0.9940,21.34,2.249,473617,1063062,0.062,1,290.8,"0.95,-0.67,13.19","-13.2,4.9,-36.6","0.000,38.100,15.750",3.29,4.26,0.00,0,125868,108294,9,1.00,37.496618,126.957948,28617,476,1714,40,9.53,0.00,999.00,83.3,0,191,0,1,-50,-53.0,108294,81,3,1.14,1,0,-4.39,-11.29,0
18:29:31,92.655,13520679,13520678,0,0,1,37.496625,126.957957,0.27,319.0,0,319.0,1,175.0,1,-5.39,10.26,12.07,0.9950,23.38,2.023,473617,1063086,0.273,1,290.8,"0.00,-0.41,10.25","7.8,4.7,7.9","0.900,37.500,13.650",0.56,1.68,0.00,0,125870,108296,8,1.00,37.496615,126.957942,28618,476,1714,40,9.53,0.00,999.00,83.3,0,191,0,1,-50,-53.2,108296,75,3,1.16,1,0,-4.39,-11.29,0
18:29:31,92.839,13520780,13520779,0,0,1,37.496625,126.957957,0.27,319.0,0,319.0,1,173.7,1,6.79,15.01,59.04,0.8673,21.38,2.032,473617,1063098,0.273,1,290.8,"-0.83,-1.85,14.87","41.8,40.7,-9.0","5.700,38.100,12.300",4.48,7.01,0.00,0,125871,108297,8,1.00,37.496615,126.957942,28618,476,1714,40,10.30,0.00,999.00,84.5,0,191,0,1,-50,-52.6,108297,72,3,1.09,1,0,-4.39,-11.29,0
18:29:31,92.938,13520985,13520984,0,0,1,37.496625,126.957957,0.27,319.0,0,319.0,1,174.0,1,0.00,9.47,4.64,0.9959,20.69,2.051,473617,1063121,0.273,1,290.8,"-0.16,-0.35,9.47","0.5,4.5,1.0","3.300,38.550,10.800",0.80,4.81,0.00,0,125873,108299,8,1.00,37.496615,126.957942,28618,476,1714,40,10.30,0.00,999.00,84.5,0,191,0,1,-48,-51.4,108299,63,4,0.97,1,0,-4.39,-11.29,0
18:29:31,93.220,13521086,13521085,0,0,1,37.496625,126.957957,0.27,319.0,0,319.0,1,174.0,1,0.00,9.58,3.59,0.9981,21.36,2.065,473617,1063133,0.273,1,290.8,"-0.57,-0.10,9.56","3.2,-1.7,0.1","3.900,39.150,11.400",0.67,1.45,0.00,0,125874,108300,8,1.00,37.496615,126.957942,28618,476,1714,40,10.30,0.00,999.00,84.5,0,191,0,1,-44,-49.9,108300,59,4,0.85,1,0,-4.39,-11.29,0
18:29:31,93.354,13521389,13521388,0,0,1,37.496625,126.957957,0.27,319.0,0,319.0,1,174.0,1,0.00,9.71,2.41,0.9982,20.06,2.043,473617,1063169,0.273,1,290.8,"-0.57,-0.08,9.69","-1.3,1.8,-0.9","3.600,38.250,10.200",0.26,0.44,0.00,0,125877,108303,8,1.00,37.496615,126.957942,28618,476,1714,40,9.85,0.00,999.00,81.7,0,191,0,1,-45,-46.8,108303,48,4,0.80,1,0,-4.39,-11.29,0
18:29:31,93.452,13521493,13521492,0,0,1,37.496625,126.957957,0.27,319.0,0,319.0,1,174.0,1,0.00,9.79,4.45,0.9986,21.52,2.024,473617,1063180,0.273,1,290.8,"-0.57,-0.01,9.78","-0.8,3.6,-2.5","4.350,37.950,11.700",0.20,0.41,0.00,0,125878,108304,8,1.00,37.496615,126.957942,28618,476,1714,40,9.85,0.00,999.00,81.7,0,191,0,1,-43,-46.1,108304,45,4,0.80,1,0,-4.39,-11.29,0
18:29:32,93.523,13521594,13521593,0,0,1,37.496625,126.957957,0.27,319.0,0,319.0,1,174.0,1,0.00,9.71,2.37,0.9979,20.64,2.033,473617,1063192,0.273,1,290.8,"-0.55,-0.14,9.70","2.3,0.4,0.4","4.200,38.100,10.800",0.13,0.37,0.00,0,125879,108305,8,1.00,37.496615,126.957942,28618,476,1714,40,9.85,0.00,999.00,81.7,0,191,0,1,-45,-45.8,108305,41,4,0.80,1,0,-4.39,-11.29,0
18:29:32,93.654,13521696,13521695,0,0,1,37.496624,126.957955,0.23,319.0,0,319.0,1,174.0,1,0.00,9.78,3.66,0.9981,20.55,2.059,473617,1063204,0.185,1,290.8,"-0.56,-0.11,9.77","2.1,2.2,-2.0","2.850,38.700,10.650",0.04,0.27,0.00,0,125880,108306,8,1.00,37.496614,126.957936,28619,476,1714,40,10.18,0.00,999.00,80.1,0,191,0,1,-45,-45.7,108306,36,4,0.80,1,0,-4.39,-11.29,0
18:29:32,94.104,13521809,13521796,0,0,1,37.496624,126.957955,0.23,319.0,0,319.0,1,174.0,1,0.00,9.70,2.25,0.9976,20.72,2.016,473617,1063216,0.185,1,290.8,"-0.66,-0.15,9.67","-1.8,1.4,-0.0","3.600,37.500,10.950",0.15,0.21,0.00,0,125881,108307,8,1.00,37.496614,126.957936,28619,476,1714,40,10.18,0.00,999.00,80.1,0,191,0,1,-41,-44.7,108307,43,4,0.80,1,0,-4.39,-11.29,0
18:29:32,94.220,13522218,13522206,1,0,1,37.496624,126.957955,0.23,319.0,0,319.0,1,174.0,1,0.00,9.71,8.03,0.9819,20.16,2.071,473617,1063262,0.185,1,290.8,"-0.68,-1.35,9.59","7.9,-0.8,1.3","3.600,39.150,10.200",1.22,2.14,0.00,0,125885,108311,8,1.00,37.496614,126.957936,28619,476,1714,40,10.11,0.00,999.00,75.6,0,192,0,1,-42,-43.2,108311,21,4,0.80,1,0,-4.39,-11.29,0
18:29:32,94.287,13522312,13522311,1,0,1,37.496624,126.957955,0.23,319.0,0,319.0,1,174.0,1,0.00,9.89,6.38,0.9952,21.38,2.039,473617,1063273,0.185,1,290.8,"-0.92,-0.35,9.84","-4.6,4.4,-0.0","2.550,38.100,11.550",0.42,2.25,0.00,0,125886,108312,8,1.00,37.496614,126.957936,28619,476,1714,40,10.11,0.00,999.00,75.6,0,192,0,1,-43,-43.2,108312,17,4,0.80,1,0,-4.39,-11.29,0
18:29:33,94.553,13522412,13522411,1,0,1,37.496624,126.957955,0.23,319.0,0,319.0,1,174.0,1,0.00,10.07,4.90,0.9612,20.99,2.018,473617,1063285,0.185,1,290.8,"-1.03,-2.23,9.76","2.6,-3.7,1.9","3.600,37.950,11.700",2.09,2.28,0.00,0,125887,108313,8,1.00,37.496614,126.957936,28619,476,1714,40,10.11,0.00,999.00,75.6,0,192,0,1,-43,-43.1,108313,12,4,0.80,1,0,-4.39,-11.29,0
18:29:33,94.720,13522724,13522722,1,0,1,37.496623,126.957953,0.16,319.0,0,319.0,1,174.0,1,0.00,9.65,1.73,0.9984,21.65,2.069,473617,1063319,0.103,1,290.8,"-0.61,-0.05,9.63","1.5,0.1,0.8","2.850,39.150,11.700",0.09,0.18,0.00,0,125890,108316,8,1.00,37.496612,126.957933,28620,476,1714,40,10.11,0.00,999.00,71.1,0,192,0,1,-42,-42.3,108316,12,4,0.80,1,0,-4.39,-11.29,0
18:29:33,94.786,13522835,13522822,1,0,1,37.496623,126.957953,0.16,319.0,0,319.0,1,174.0,1,0.00,9.23,2.74,0.9978,20.30,2.031,473617,1063331,0.103,1,290.8,"-0.46,-0.16,9.21","0.9,-2.0,1.7","3.000,37.800,10.500",0.49,0.49,0.00,0,125891,108317,8,1.00,37.496612,126.957933,28620,476,1714,40,10.11,0.00,999.00,71.1,0,192,0,1,-41,-42.0,108317,17,4,0.80,1,0,-4.39,-11.29,0
18:29:33,95.106,13522938,13522925,1,0,1,37.496623,126.957953,0.16,319.0,0,319.0,1,174.0,1,-0.25,9.15,2.73,0.9993,21.55,2.040,473617,1063342,0.103,1,290.8,"-0.43,0.12,9.14","-0.1,0.4,2.7","3.150,38.250,11.700",0.59,0.94,0.00,0,125892,108318,8,1.00,37.496612,126.957933,28620,476,1714,40,10.11,0.00,999.00,71.1,0,192,0,1,-42,-42.0,108318,16,4,0.80,1,0,-4.39,-11.29,0
18:29:33,95.221,13523234,13523233,1,0,1,37.496623,126.957953,0.16,319.0,0,319.0,1,174.0,1,0.00,9.29,2.12,0.9986,21.30,2.052,473617,1063376,0.103,1,290.8,"-0.23,0.00,9.29","-1.1,1.8,0.5","3.600,38.700,11.400",0.52,0.52,0.00,0,125895,108320,8,1.00,37.496612,126.957933,28620,476,1714,40,10.48,0.00,999.00,69.9,0,192,0,1,-60,-46.1,108320,101,4,0.80,1,0,-4.39,-11.29,0
18:29:33,95.287,13523335,13523334,1,0,1,37.496623,126.957953,0.16,319.0,0,319.0,1,174.0,1,0.00,9.98,2.69,0.9996,20.71,2.019,473617,1063388,0.103,1,290.8,"-0.44,0.22,9.96","-2.2,1.5,0.0","3.150,37.500,10.950",0.49,0.82,0.00,0,125896,108321,8,1.00,37.496612,126.957933,28620,476,1714,40,10.17,0.00,999.00,66.6,0,192,0,1,-60,-48.9,108321,95,4,0.80,1,0,-4.39,-11.29,0
18:29:33,95.397,13523436,13523435,1,0,1,37.496623,126.957953,0.16,319.0,0,319.0,1,174.0,1,0.00,9.15,1.76,0.9973,21.33,1.972,473617,1063400,0.103,1,290.8,"-0.59,-0.20,9.13","1.1,0.4,-1.3","4.350,36.300,11.700",0.50,0.68,0.00,0,125897,108322,8,1.00,37.496612,126.957933,28620,476,1714,40,10.55,0.00,999.00,65.6,0,192,0,1,-53,-49.7,108322,88,4,0.83,1,0,-4.39,-11.29,0
18:29:33,95.521,13523541,13523540,1,0,1,37.496623,126.957953,0.16,319.0,0,319.0,1,174.0,1,0.00,9.80,3.50,0.9951,21.38,2.036,473617,1063411,0.103,1,290.8,"-0.24,-0.47,9.78","2.8,-2.1,0.5","3.000,38.100,11.550",0.53,0.63,0.00,0,125898,108323,8,1.00,37.496612,126.957933,28620,476,1714,40,10.55,0.00,999.00,65.6,0,192,0,1,-53,-50.4,108323,89,4,0.88,1,0,-4.39,-11.29,0
18:29:34,95.670,13523642,13523641,1,0,1,37.496622,126.957951,0.13,319.0,0,319.0,1,174.0,1,0.00,9.54,2.60,0.9976,21.83,2.031,473617,1063423,0.098,1,290.8,"-0.71,-0.12,9.51","-0.6,0.7,-2.4","3.750,38.100,12.000",0.15,0.55,0.00,0,125899,108324,8,1.00,37.496609,126.957929,28621,476,1714,40,10.55,0.00,999.00,65.6,0,192,0,1,-59,-52.1,108324,84,4,1.04,1,0,-4.39,-11.29,0
18:29:34,95.805,13523743,13523742,1,0,1,37.496622,126.957951,0.13,319.0,0,319.0,1,174.0,1,0.00,9.69,2.65,0.9989,21.64,2.072,473617,1063435,0.098,1,290.8,"-0.61,0.05,9.67","1.0,-2.2,-1.1","2.400,39.150,11.700",0.15,0.42,0.00,0,125900,108325,8,1.00,37.496609,126.957929,28621,476,1714,40,10.55,0.00,999.00,65.6,0,192,0,1,-60,-53.7,108325,80,4,1.21,1,0,-4.39,-11.29,0
18:29:34,95.903,13523945,13523944,1,0,1,37.496622,126.957951,0.13,319.0,0,319.0,1,174.0,1,0.03,9.70,3.69,0.9993,21.69,1.993,473617,1063459,0.098,1,290.8,"-0.55,0.14,9.68","-0.6,-0.4,-3.6","3.750,36.900,12.000",0.23,0.36,0.00,0,125902,108327,8,1.00,37.496609,126.957929,28621,476,1714,40,10.55,0.00,999.00,65.6,0,192,0,1,-55,-54.6,108327,71,4,1.32,1,0,-4.39,-11.29,0
18:29:34,96.125,13524049,13524048,1,0,1,37.496622,126.957951,0.13,319.0,0,319.0,1,174.0,1,0.00,9.82,4.09,0.9981,20.77,2.029,473617,1063470,0.098,1,290.8,"-0.60,-0.11,9.80","2.3,-3.4,0.3","3.900,37.950,10.950",0.14,0.38,0.00,0,125903,108328,8,1.00,37.496609,126.957929,28621,476,1714,40,10.55,0.00,999.00,65.6,0,192,0,1,-54,-54.5,108328,70,4,1.31,1,0,-4.39,-11.29,0
18:29:34,96.324,13524251,13524250,1,0,1,37.496622,126.957951,0.13,319.0,0,319.0,1,174.0,1,0.00,9.76,1.83,0.9988,21.12,2.012,473617,1063494,0.098,1,290.8,"-0.68,0.06,9.73","-0.2,1.3,1.3","2.400,37.200,11.400",0.17,0.18,0.00,0,125905,108330,8,1.00,37.496609,126.957929,28621,476,1714,40,10.55,0.00,999.00,65.6,0,192,0,1,-57,-55.1,108330,62,4,1.38,1,0,-4.39,-11.29,0
18:29:34,96.404,13524475,13524451,1,0,1,37.496622,126.957951,0.13,319.0,0,319.0,1,174.0,1,0.00,9.58,0.92,0.9994,21.92,2.008,473617,1063518,0.098,1,290.8,"-0.25,0.22,9.57","-0.6,-0.3,0.6","4.350,37.500,12.150",0.47,0.48,0.00,0,125907,108332,8,1.00,37.496609,126.957929,28621,476,1714,40,10.55,0.00,999.00,65.6,0,192,0,1,-66,-57.7,108332,69,4,1.78,1,0,-4.39,-11.29,0
18:29:34,96.514,13524567,13524566,1,0,1,37.496622,126.957951,0.13,319.0,0,319.0,1,174.0,1,0.00,9.93,1.48,0.9987,21.28,1.975,473617,1063529,0.098,1,290.8,"-0.56,-0.00,9.92","0.5,-1.2,-0.6","2.100,36.000,11.700",0.26,0.40,0.00,0,125908,108333,8,1.00,37.496609,126.957929,28621,476,1714,40,10.55,0.00,999.00,65.6,0,192,0,1,-58,-57.8,108333,61,4,1.78,1,0,-4.39,-11.29,0
18:29:35,96.825,13524668,13524667,1,0,1,37.496621,126.957949,0.11,319.0,0,319.0,1,174.0,1,0.00,9.73,3.30,0.9975,21.80,2.018,473617,1063541,0.082,1,290.8,"-0.83,-0.09,9.69","2.3,2.3,0.4","4.500,37.800,12.000",0.21,0.21,0.00,0,125909,108334,8,1.00,37.496606,126.957926,28622,476,1714,40,10.85,0.00,999.00,68.9,0,192,0,1,-55,-57.2,108334,56,4,1.69,1,0,-4.39,-11.29,0
18:29:35,96.921,13524870,13524869,1,0,1,37.496621,126.957949,0.11,319.0,0,319.0,1,174.0,1,0.00,9.61,2.66,0.9973,20.59,2.034,473617,1063565,0.082,1,290.8,"-0.73,-0.16,9.58","1.6,-0.1,2.1","2.250,37.800,10.800",0.16,0.22,0.00,0,125911,108336,8,1.00,37.496606,126.957926,28622,476,1714,40,10.85,0.00,999.00,68.9,0,192,0,1,-53,-55.5,108336,47,4,1.44,1,0,-4.39,-11.29,0
18:29:35,97.038,13525072,13525071,1,0,1,37.496621,126.957949,0.11,319.0,0,319.0,1,174.0,1,0.00,9.61,3.26,0.9983,20.38,2.011,473617,1063589,0.082,1,290.8,"-0.67,-0.04,9.58","1.2,0.9,-2.9","3.150,37.200,10.650",0.09,0.30,0.00,0,125913,108338,8,1.00,37.496606,126.957926,28622,476,1714,40,10.85,0.00,999.00,68.9,0,192,0,1,-42,-51.0,108338,33,4,0.93,1,0,-4.39,-11.29,0
18:29:35,97.137,13525173,13525172,1,0,1,37.496621,126.957949,0.11,319.0,0,319.0,1,174.0,1,0.00,9.71,2.11,0.9977,20.39,2.007,473617,1063601,0.082,1,290.8,"-0.73,-0.11,9.68","0.6,1.7,1.1","3.900,37.200,10.650",0.10,0.19,0.00,0,125914,108339,8,1.00,37.496606,126.957926,28622,476,1714,40,10.85,0.00,999.00,68.9,0,192,0,1,-41,-49.0,108339,32,4,0.80,1,0,-4.39,-11.29,0
18:29:35,97.491,13525283,13525271,1,0,1,37.496621,126.957949,0.11,319.0,0,319.0,1,174.0,1,0.00,9.74,2.72,0.9982,21.92,2.052,473617,1063613,0.082,1,290.8,"-0.65,-0.07,9.72","-2.3,1.4,0.4","4.200,38.850,12.000",0.06,0.22,0.00,0,125915,108340,8,1.00,37.496606,126.957926,28622,476,1714,40,10.85,0.00,999.00,68.9,0,192,0,1,-44,-48.0,108340,19,4,0.80,1,0,-4.39,-11.29,0
18:29:36,97.841,13525694,13525681,1,0,1,37.496619,126.957947,0.09,319.0,0,319.0,1,174.0,1,0.00,9.70,0.16,0.9982,22.21,2.007,473617,1063658,0.072,1,290.8,"-0.60,-0.07,9.68","-0.0,0.1,-0.1","4.350,37.500,12.450",0.03,0.13,0.00,0,125919,108343,8,1.00,37.496601,126.957924,28623,476,1714,40,10.85,0.00,999.00,68.9,0,192,0,1,-48,-46.9,108343,19,4,0.80,1,0,-4.39,-11.29,0
18:29:36,97.973,13526003,13525990,1,0,1,37.496619,126.957947,0.09,319.0,0,319.0,1,174.0,1,0.00,9.63,2.31,0.9974,21.92,2.052,473617,1063692,0.072,1,290.8,"-0.65,-0.19,9.61","1.9,-0.0,-1.2","4.200,38.850,12.000",0.13,0.15,0.00,0,125922,108346,8,1.00,37.496601,126.957924,28623,476,1714,40,10.85,0.00,999.00,68.9,0,192,0,1,-50,-48.9,108346,19,4,0.80,1,0,-4.39,-11.29,0
18:29:36,98.237,13526107,13526094,1,0,1,37.496619,126.957947,0.09,319.0,0,319.0,1,174.0,1,0.00,9.72,2.42,0.9978,20.56,2.054,473617,1063703,0.072,1,290.8,"-0.67,-0.12,9.70","-0.8,-2.2,-0.6","3.900,38.700,10.650",0.07,0.14,0.00,0,125923,108347,8,1.00,37.496601,126.957924,28623,476,1714,40,10.85,0.00,999.00,68.9,0,192,0,1,-52,-49.5,108347,18,4,0.81,1,0,-4.39,-11.29,0
18:29:36,98.387,13526405,13526404,1,0,1,37.496619,126.957947,0.09,319.0,0,319.0,1,174.0,1,0.00,9.65,3.70,0.9982,21.44,2.044,473617,1063736,0.072,1,290.8,"-0.63,-0.07,9.63","2.7,-2.2,1.3","4.200,38.550,11.550",0.04,0.18,0.00,0,125926,108349,8,1.00,37.496601,126.957924,28623,476,1714,40,10.85,0.00,999.00,68.9,0,192,0,1,-46,-48.9,108349,105,4,0.80,1,0,-4.39,-11.29,0
18:29:36,98.521,13526612,13526611,1,0,1,37.496618,126.957945,0.08,319.0,0,319.0,1,174.0,1,0.00,9.70,2.00,0.9983,21.74,2.007,473617,1063759,0.077,1,290.8,"-0.57,-0.07,9.69","1.8,-0.2,0.9","3.750,37.350,12.000",0.05,0.15,0.00,0,125928,108351,8,1.00,37.496597,126.957923,28624,476,1714,40,10.85,0.00,999.00,68.9,0,192,0,1,-46,-47.5,108351,101,4,0.80,1,0,-4.39,-11.29,0
18:29:37,98.637,13526713,13526712,1,0,1,37.496618,126.957945,0.08,319.0,0,319.0,1,174.0,1,0.00,9.71,2.90,0.9983,22.30,2.031,473617,1063771,0.077,1,290.8,"-0.64,-0.05,9.69","0.2,1.9,-2.2","4.350,38.250,12.450",0.04,0.14,0.00,0,125929,108352,8,1.00,37.496597,126.957923,28624,476,1714,40,10.94,0.00,999.00,64.7,0,192,0,1,-44,-46.8,108352,86,4,0.80,1,0,-4.39,-11.29,0
18:29:37,98.703,13526815,13526814,1,0,1,37.496618,126.957945,0.08,319.0,0,319.0,1,174.0,1,0.00,9.65,3.17,0.9985,21.61,2.046,473617,1063783,0.077,1,290.8,"-0.57,-0.04,9.63","1.2,-2.1,2.1","4.650,38.700,11.700",0.07,0.19,0.00,0,125930,108353,8,1.00,37.496597,126.957923,28624,476,1714,40,10.94,0.00,999.00,64.7,0,192,0,1,-45,-46.5,108353,88,4,0.80,1,0,-4.39,-11.29,0
18:29:37,99.023,13526916,13526915,1,0,1,37.496618,126.957945,0.08,319.0,0,319.0,1,174.0,1,-0.03,9.72,2.53,0.9978,21.79,2.024,473617,1063795,0.077,1,290.8,"-0.74,-0.09,9.69","0.3,-0.2,2.5","3.300,37.800,12.000",0.13,0.20,0.00,0,125931,108354,8,1.00,37.496597,126.957923,28624,476,1714,40,10.94,0.00,999.00,64.7,0,192,0,1,-45,-46.2,108354,85,4,0.80,1,0,-4.39,-11.29,0
18:29:37,99.203,13527220,13527219,1,0,1,37.496618,126.957945,0.08,319.0,0,319.0,1,174.0,1,0.00,9.78,2.44,0.9983,21.83,2.033,473617,1063831,0.077,1,290.8,"-0.57,-0.08,9.76","-0.3,-0.5,-2.4","3.300,38.100,12.000",0.10,0.17,0.00,0,125934,108357,8,1.00,37.496597,126.957923,28624,476,1714,40,10.94,0.00,999.00,64.7,0,192,0,1,-47,-46.4,108357,77,4,0.80,1,0,-4.39,-11.29,0
18:29:37,99.390,13527425,13527424,1,0,1,37.496618,126.957945,0.08,319.0,0,319.0,1,174.0,1,0.00,9.70,1.66,0.9975,21.38,2.036,473617,1063854,0.077,1,290.8,"-0.51,-0.20,9.68","0.5,0.5,-1.5","3.000,38.100,11.550",0.16,0.16,0.00,0,125936,108359,8,1.00,37.496597,126.957923,28624,476,1714,40,10.94,0.00,999.00,64.7,0,192,0,1,-47,-46.3,108359,70,4,0.80,1,0,-4.39,-11.29,0
18:29:38,99.787,13527532,13527531,1,0,1,37.496618,126.957945,0.08,319.0,0,319.0,1,174.0,1,0.00,9.62,2.43,0.9977,21.25,1.992,473617,1063864,0.077,1,290.8,"-0.62,-0.14,9.60","0.5,2.2,0.9","4.200,36.900,11.550",0.11,0.11,0.00,0,125937,108360,8,1.00,37.496597,126.957923,28624,476,1714,40,10.69,0.00,999.00,61.4,0,192,0,1,-46,-46.3,108360,71,4,0.80,1,0,-4.39,-11.29,0
18:29:38,99.904,13527937,13527936,1,0,1,37.496616,126.957943,0.07,319.0,0,319.0,1,174.0,1,0.00,9.71,1.67,0.9974,21.25,2.041,473617,1063912,0.051,1,290.8,"-0.64,-0.20,9.69","-1.0,-1.2,-0.6","3.150,38.250,11.400",0.10,0.15,0.00,0,125941,108364,8,1.21,37.496596,126.957922,28625,476,1714,40,10.69,0.00,999.00,61.4,0,192,0,1,-47,-46.1,108364,51,4,0.80,1,0,-4.39,-11.29,0
18:29:38,100.025,13528039,13528038,2,0,1,37.496616,126.957943,0.07,319.0,0,319.0,1,174.0,1,0.00,9.62,2.37,0.9979,21.17,2.010,473617,1063924,0.051,1,290.8,"-0.68,-0.10,9.60","0.7,1.6,-1.6","4.650,37.500,11.400",0.10,0.19,0.00,0,125942,108365,8,1.21,37.496596,126.957922,28625,476,1714,40,10.69,0.00,999.00,61.4,0,193,0,2,-46,-46.1,108365,51,4,0.80,1,0,-4.39,-11.29,0
18:29:38,100.253,13528140,13528139,2,0,1,37.496616,126.957943,0.07,319.0,0,319.0,1,174.0,1,0.00,9.72,3.98,0.9985,21.21,2.033,473617,1063936,0.051,1,290.8,"-0.61,-0.01,9.70","3.6,0.7,-1.5","2.850,37.950,11.400",0.07,0.25,0.00,0,125943,108366,8,1.21,37.496596,126.957922,28625,476,1714,40,10.69,0.00,999.00,61.4,0,193,0,2,-47,-46.3,108366,45,4,0.80,1,0,-4.39,-11.29,0
18:29:38,100.341,13528341,13528340,2,0,1,37.496616,126.957943,0.07,319.0,0,319.0,1,174.0,1,0.00,9.56,0.91,0.9995,20.58,1.981,473617,1063960,0.051,1,290.8,"-0.29,0.19,9.55","0.2,-0.3,0.8","3.150,36.300,10.950",0.49,0.49,0.00,0,125945,108368,8,1.21,37.496596,126.957922,28625,476,1714,40,10.47,0.00,999.00,57.9,0,193,0,2,-49,-47.1,108368,38,4,0.80,1,0,-4.39,-11.29,0
18:29:38,100.471,13528452,13528440,2,0,1,37.496616,126.957943,0.07,319.0,0,319.0,1,174.0,1,0.00,9.64,2.70,0.9992,20.86,1.975,473617,1063972,0.051,1,290.8,"-0.52,0.10,9.63","2.6,0.2,-0.5","3.300,36.150,11.250",0.25,0.46,0.00,0,125946,108369,8,1.21,37.496596,126.957922,28625,476,1714,40,10.47,0.00,999.00,57.9,0,193,0,2,-48,-47.3,108369,42,4,0.80,1,0,-4.39,-11.29,0
18:29:39,100.569,13528645,13528644,2,0,1,37.496614,126.957941,0.06,319.0,0,319.0,1,174.0,1,0.00,9.70,2.46,0.9996,20.47,2.032,473617,1063992,0.046,1,290.8,"-0.55,0.22,9.68","1.1,2.1,0.5","3.600,37.950,10.650",0.33,0.67,0.00,0,125948,108371,9,1.00,37.496595,126.957922,28626,476,1714,40,10.69,0.00,999.00,61.4,0,193,0,2,-48,-47.1,108371,26,4,0.80,1,0,-4.39,-11.29,0
18:29:39,100.913,13528746,13528745,2,0,1,37.496614,126.957941,0.06,319.0,0,319.0,1,174.0,1,0.00,9.75,2.76,0.9977,21.60,2.055,473617,1064004,0.046,1,290.8,"-0.71,-0.11,9.72","2.7,0.2,-0.2","2.850,38.700,11.700",0.08,0.15,0.00,0,125949,108372,9,1.00,37.496595,126.957922,28626,476,1714,40,10.69,0.00,999.00,61.4,0,193,0,2,-47,-47.0,108372,21,4,0.80,1,0,-4.39,-11.29,0
18:29:39,101.102,13529059,13529046,2,0,1,37.496614,126.957941,0.06,319.0,0,319.0,1,174.0,1,0.00,10.09,1.31,0.9992,22.00,2.034,473617,1064040,0.046,1,290.8,"-0.70,0.18,10.06","0.5,1.2,0.1","3.900,38.250,12.150",0.58,1.15,0.00,0,125952,108375,9,1.00,37.496595,126.957922,28626,476,1714,40,10.69,0.00,999.00,61.4,0,193,0,2,-48,-47.1,108375,18,4,0.80,1,0,-4.39,-11.29,0
18:29:39,101.225,13529254,13529253,2,0,1,37.496614,126.957941,0.06,319.0,0,319.0,1,174.0,1,0.00,9.30,3.04,0.9983,20.39,2.007,473617,1064062,0.046,1,290.8,"-0.45,-0.08,9.28","2.5,-1.0,-1.4","3.900,37.200,10.650",0.31,0.73,0.00,0,125954,108376,9,1.00,37.496595,126.957922,28626,476,1714,40,10.69,0.00,999.00,61.4,0,193,0,2,-49,-47.5,108376,107,4,0.80,1,0,-4.39,-11.29,0
18:29:39,101.422,13529355,13529354,2,0,1,37.496614,126.957941,0.06,319.0,0,319.0,1,174.0,1,0.00,9.85,2.41,0.9980,21.30,2.052,473617,1064074,0.046,1,290.8,"-0.70,-0.08,9.83","-1.6,1.3,-1.2","3.600,38.700,11.400",0.31,0.82,0.00,0,125955,108377,9,1.00,37.496595,126.957922,28626,476,1714,40,10.47,0.00,999.00,57.9,0,193,0,2,-58,-49.6,108377,97,4,0.82,1,0,-4.39,-11.29,0
18:29:39,101.502,13529563,13529562,2,0,1,37.496614,126.957941,0.06,319.0,0,319.0,1,174.0,1,0.00,9.44,2.05,0.9935,20.86,2.053,473617,1064096,0.046,1,290.8,"-0.90,-0.50,9.38","-2.0,-0.5,-0.0","3.900,38.700,10.950",0.47,0.47,0.00,0,125957,108379,9,1.00,37.496595,126.957922,28626,476,1714,40,10.47,0.00,999.00,57.9,0,193,0,2,-53,-50.8,108379,90,4,0.92,1,0,-4.39,-11.29,0
18:29:40,101.604,13529665,13529663,2,0,1,37.496612,126.957940,0.05,319.0,0,319.0,1,174.0,1,0.00,9.37,2.12,0.9980,21.38,2.032,473617,1064108,0.036,1,290.8,"-0.79,-0.01,9.33","1.3,1.5,-0.8","3.750,38.100,11.550",0.34,0.65,0.00,0,125958,108380,9,1.00,37.496593,126.957923,28627,476,1714,40,10.47,0.00,999.00,57.9,0,193,0,2,-50,-50.6,108380,95,4,0.90,1,0,-4.39,-11.29,0
18:29:40,101.737,13529765,13529764,2,0,1,37.496612,126.957940,0.05,319.0,0,319.0,1,174.0,1,0.00,9.68,3.09,0.9981,22.71,2.024,473617,1064120,0.036,1,290.8,"-0.67,-0.07,9.65","0.5,0.4,-3.0","3.600,37.950,12.900",0.06,0.53,0.00,0,125959,108381,9,1.00,37.496593,126.957923,28627,476,1714,40,10.47,0.00,999.00,57.9,0,193,0,2,-52,-50.9,108381,84,4,0.93,1,0,-4.39,-11.29,0
18:29:40,101.871,13529967,13529966,2,0,1,37.496612,126.957940,0.05,319.0,0,319.0,1,174.0,1,0.00,9.70,2.29,0.9978,21.25,2.041,473617,1064144,0.036,1,290.8,"-0.68,-0.11,9.68","0.9,2.1,-0.3","3.150,38.250,11.400",0.06,0.32,0.00,0,125961,108383,9,1.00,37.496593,126.957923,28627,476,1714,40,10.69,0.00,999.00,61.4,0,193,0,2,-42,-49.3,108383,79,4,0.80,1,0,-4.39,-11.29,0
18:29:40,102.373,13530068,13530067,2,0,1,37.496612,126.957940,0.05,319.0,0,319.0,1,174.0,1,0.00,9.73,0.76,0.9982,21.60,2.050,473617,1064156,0.036,1,290.8,"-0.64,-0.07,9.71","-0.3,0.5,-0.5","3.900,38.700,11.700",0.06,0.19,0.00,0,125962,108384,9,1.00,37.496593,126.957923,28627,476,1714,40,10.69,0.00,999.00,61.4,0,193,0,2,-39,-47.2,108384,77,4,0.80,1,0,-4.39,-11.29,0
18:29:41,102.535,13530472,13530471,2,0,1,37.496612,126.957940,0.05,319.0,0,319.0,1,174.0,1,0.00,9.59,2.19,0.9959,21.24,1.999,473617,1064204,0.036,1,290.8,"-0.86,-0.28,9.54","1.0,1.1,-1.6","3.000,36.900,11.550",0.31,0.36,0.00,0,125966,108388,9,1.00,37.496593,126.957923,28627,476,1714,40,11.09,0.00,999.00,60.6,0,193,0,2,-51,-47.6,108388,59,4,0.80,1,0,-4.39,-11.29,0
18:29:41,102.657,13530577,13530576,2,0,1,37.496612,126.957940,0.05,319.0,0,319.0,1,174.0,1,0.00,9.69,2.73,0.9987,22.00,2.036,473617,1064215,0.036,1,290.8,"-0.56,0.00,9.67","1.9,1.7,1.1","3.600,38.250,12.150",0.12,0.78,0.00,0,125967,108389,9,1.00,37.496593,126.957923,28627,476,1714,40,11.09,0.00,999.00,60.6,0,193,0,2,-53,-48.7,108389,59,4,0.80,1,0,-4.39,-11.29,0
18:29:41,102.754,13530780,13530779,2,0,1,37.496611,126.957938,0.05,319.0,0,319.0,1,174.0,1,0.00,9.58,4.11,0.9946,20.94,2.082,473617,1064239,0.057,1,290.8,"-0.79,-0.46,9.53","2.6,-3.1,0.6","2.850,39.450,10.950",0.42,0.42,0.00,0,125969,108391,8,1.00,37.496592,126.957923,28628,476,1714,40,11.09,0.00,999.00,60.6,0,193,0,2,-54,-50.4,108391,49,4,0.89,1,0,-4.39,-11.29,0
18:29:41,102.990,13530881,13530880,2,0,1,37.496611,126.957938,0.05,319.0,0,319.0,1,174.0,1,0.00,9.63,2.93,0.9983,21.38,2.035,473617,1064251,0.057,1,290.8,"-0.75,0.01,9.60","2.0,2.0,-0.8","3.300,38.100,11.550",0.17,0.47,0.00,0,125970,108392,8,1.00,37.496592,126.957923,28628,476,1714,40,11.09,0.00,999.00,60.6,0,193,0,2,-51,-50.5,108392,44,4,0.90,1,0,-4.39,-11.29,0
18:29:41,103.153,13531083,13531082,2,0,1,37.496611,126.957938,0.05,319.0,0,319.0,1,174.0,1,0.17,9.81,4.59,0.9988,21.09,2.030,473617,1064275,0.057,1,290.8,"-0.59,0.03,9.79","0.9,2.7,-3.6","4.500,38.100,11.250",0.18,0.21,0.00,0,125972,108394,8,1.00,37.496592,126.957923,28628,476,1714,40,11.09,0.00,999.00,60.6,0,193,0,2,-53,-51.3,108394,39,4,0.96,1,0,-4.39,-11.29,0
18:29:41,103.166,13531184,13531183,2,0,1,37.496611,126.957938,0.05,319.0,0,319.0,1,174.0,1,0.00,9.81,3.15,0.9985,19.90,2.036,473617,1064287,0.057,1,290.8,"-0.57,-0.04,9.80","1.5,-2.7,-0.5","4.200,38.100,10.050",0.16,0.19,0.00,0,125973,108395,8,1.00,37.496592,126.957923,28628,476,1714,40,11.09,0.00,999.00,60.6,0,193,0,2,-54,-51.8,108395,34,4,1.01,1,0,-4.39,-11.29,0
18:29:41,103.321,13531386,13531385,2,0,1,37.496611,126.957938,0.05,319.0,0,319.0,1,174.0,1,0.00,9.65,3.15,0.9982,21.43,2.049,473617,1064311,0.057,1,290.8,"-0.60,-0.07,9.63","2.0,-1.7,-1.7","3.300,38.550,11.550",0.05,0.28,0.00,0,125975,108397,8,1.00,37.496592,126.957923,28628,476,1714,40,11.09,0.00,999.00,60.6,0,193,0,2,-48,-50.9,108397,24,4,0.93,1,0,-4.39,-11.29,0
18:29:41,103.453,13531508,13531485,2,0,1,37.496611,126.957938,0.05,319.0,0,319.0,1,174.0,1,0.00,9.67,3.45,0.9985,21.79,2.024,473617,1064323,0.057,1,290.8,"-0.65,-0.01,9.65","2.1,-1.8,2.0","3.300,37.800,12.000",0.08,0.22,0.00,0,125976,108398,8,1.00,37.496592,126.957923,28628,476,1714,40,11.09,0.00,999.00,60.6,0,193,0,2,-50,-50.7,108398,40,4,0.91,1,0,-4.39,-11.29,0
18:29:42,103.571,13531601,13531600,2,0,1,37.496611,126.957938,0.05,319.0,0,319.0,1,174.0,1,0.00,9.63,4.80,0.9984,21.17,2.013,473617,1064334,0.057,1,290.8,"-0.66,-0.02,9.61","1.1,4.5,-1.2","3.900,37.500,11.400",0.10,0.14,0.00,0,125977,108399,8,1.00,37.496592,126.957923,28628,476,1714,40,11.09,0.00,999.00,60.6,0,193,0,2,-52,-51.0,108399,28,4,0.93,1,0,-4.39,-11.29,0
18:29:42,103.670,13531703,13531702,2,0,1,37.496609,126.957937,0.06,319.0,0,319.0,1,174.0,1,0.00,9.64,1.45,0.9981,21.79,2.105,473617,1064346,0.067,1,290.8,"-0.62,-0.08,9.62","0.1,1.4,0.2","3.150,40.350,11.700",0.05,0.18,0.00,0,125978,108400,8,1.00,37.496592,126.957922,28629,476,1714,40,11.49,0.00,999.00,59.9,0,193,0,2,-53,-51.4,108400,24,4,0.97,1,0,-4.39,-11.29,0
18:29:42,103.791,13531803,13531802,2,0,1,37.496609,126.957937,0.06,319.0,0,319.0,1,174.0,1,0.00,9.58,3.21,0.9976,21.99,1.992,473617,1064358,0.067,1,290.8,"-0.56,-0.18,9.57","0.6,-0.4,-3.1","3.750,36.900,12.300",0.15,0.15,0.00,0,125979,108401,8,1.00,37.496592,126.957922,28629,476,1714,40,11.49,0.00,999.00,59.9,0,193,0,2,-57,-52.5,108401,19,4,1.08,1,0,-4.39,-11.29,0
18:29:42,104.004,13531904,13531904,2,0,1,37.496609,126.957937,0.06,319.0,0,319.0,1,174.0,1,0.00,9.74,3.41,0.9977,21.96,2.026,473617,1064370,0.067,1,290.8,"-0.60,-0.15,9.72","2.3,-2.0,1.6","3.600,37.950,12.150",0.08,0.17,0.00,0,125980,108402,8,1.00,37.496592,126.957922,28629,476,1714,40,11.49,0.00,999.00,59.9,0,193,0,2,-54,-52.8,108402,14,4,1.11,1,0,-4.39,-11.29,0
18:29:42,104.102,13532120,13532107,2,0,1,37.496609,126.957937,0.06,319.0,0,319.0,1,174.0,1,0.00,9.77,2.33,0.9986,21.60,2.054,473617,1064393,0.067,1,290.8,"-0.58,-0.02,9.75","1.6,0.5,-1.6","3.150,38.700,11.700",0.10,0.20,0.00,0,125982,108404,8,1.00,37.496592,126.957922,28629,476,1714,40,11.49,0.00,999.00,59.9,0,193,0,2,-52,-52.7,108404,20,4,1.10,1,0,-4.39,-11.29,0
18:29:42,104.161,13532223,13532210,2,0,1,37.496609,126.957937,0.06,319.0,0,319.0,1,174.0,1,0.00,9.54,1.36,0.9983,22.05,2.046,473617,1064404,0.067,1,290.8,"-0.62,-0.06,9.52","-0.1,0.4,-1.3","4.350,38.700,12.150",0.15,0.17,0.00,0,125983,108405,8,1.00,37.496592,126.957922,28629,476,1714,40,11.49,0.00,999.00,59.9,0,193,0,2,-52,-52.5,108405,16,4,1.08,1,0,-4.39,-11.29,0
18:29:42,104.322,13532314,13532313,2,0,1,37.496609,126.957937,0.06,319.0,0,319.0,1,174.0,1,0.00,9.72,2.34,0.9977,21.38,2.032,473617,1064415,0.067,1,290.8,"-0.62,-0.15,9.70","-0.2,1.9,-1.4","3.750,38.100,11.550",0.08,0.15,0.00,0,125984,108405,8,1.00,37.496592,126.957922,28629,476,1714,40,11.49,0.00,999.00,59.9,0,193,0,2,-52,-52.5,108405,107,4,1.08,1,0,-4.39,-11.29,0
18:29:42,104.487,13532519,13532518,2,0,1,37.496609,126.957937,0.06,319.0,0,319.0,1,174.0,1,0.00,9.65,3.45,0.9980,22.05,2.096,473617,1064438,0.067,1,290.8,"-0.68,-0.09,9.63","-1.5,2.0,-2.4","3.000,40.050,12.000",0.07,0.18,0.00,0,125986,108407,8,1.00,37.496592,126.957922,28629,476,1714,40,11.49,0.00,999.00,59.9,0,193,0,2,-50,-51.9,108407,103,4,1.02,1,0,-4.39,-11.29,0
18:29:43,104.586,13532620,13532619,2,0,1,37.496608,126.957936,0.05,319.0,0,319.0,1,174.0,1,0.00,9.67,1.66,0.9986,20.78,2.073,473617,1064450,0.036,1,290.8,"-0.58,-0.00,9.65","0.4,-1.6,0.0","3.750,39.300,10.800",0.08,0.20,0.00,0,125987,108408,8,1.00,37.496592,126.957922,28630,476,1714,40,11.49,0.00,999.00,59.9,0,193,0,2,-50,-51.6,108408,98,4,0.99,1,0,-4.39,-11.29,0
18:29:43,104.706,13532721,13532720,2,0,1,37.496608,126.957936,0.05,319.0,0,319.0,1,174.0,1,0.00,9.75,2.96,0.9984,21.52,2.026,473617,1064462,0.036,1,290.8,"-0.68,-0.01,9.73","2.5,1.3,0.8","3.900,37.950,11.700",0.09,0.21,0.00,0,125988,108409,8,1.00,37.496592,126.957922,28630,476,1714,40,11.29,0.00,999.00,56.7,0,193,0,2,-48,-50.8,108409,94,4,0.92,1,0,-4.39,-11.29,0
18:29:43,104.802,13532923,13532922,2,0,1,37.496608,126.957936,0.05,319.0,0,319.0,1,174.0,1,0.00,9.81,2.64,0.9983,22.21,2.055,473617,1064486,0.036,1,290.8,"-0.44,-0.09,9.80","1.4,0.1,2.2","3.300,38.850,12.300",0.22,0.22,0.00,0,125990,108411,8,1.00,37.496592,126.957922,28630,476,1714,40,11.29,0.00,999.00,56.7,0,193,0,2,-49,-50.2,108411,83,4,0.87,1,0,-4.39,-11.29,0
18:29:43,105.044,13533024,13533023,2,0,1,37.496608,126.957936,0.05,319.0,0,319.0,1,174.0,1,0.00,9.66,2.41,0.9982,20.31,2.021,473617,1064498,0.036,1,290.8,"-0.65,-0.06,9.63","1.1,-0.7,-2.0","4.950,37.800,10.500",0.06,0.13,0.00,0,125991,108412,8,1.00,37.496592,126.957922,28630,476,1714,40,11.29,0.00,999.00,56.7,0,193,0,2,-50,-50.1,108412,80,4,0.86,1,0,-4.39,-11.29,0
18:29:43,105.082,13533125,13533124,2,0,1,37.496608,126.957936,0.05,319.0,0,319.0,1,174.0,1,0.00,9.62,2.33,0.9984,20.49,2.052,473617,1064510,0.036,1,290.8,"-0.64,-0.03,9.60","1.1,1.4,-1.5","1.650,38.250,10.650",0.09,0.20,0.00,0,125992,108413,8,1.00,37.496592,126.957922,28630,476,1714,40,11.70,0.00,999.00,56.1,0,193,0,2,-50,-50.1,108413,76,4,0.86,1,0,-4.39,-11.29,0
18:29:43,105.170,13533226,13533225,2,0,1,37.496608,126.957936,0.05,319.0,0,319.0,1,174.0,1,-0.84,9.61,3.73,0.9986,21.07,2.015,473617,1064522,0.036,1,290.8,"-0.59,-0.00,9.59","1.2,-1.0,3.4","5.700,37.800,11.250",0.12,0.25,0.00,0,125993,108414,8,1.00,37.496592,126.957922,28630,476,1714,40,11.70,0.00,999.00,56.1,0,193,0,2,-49,-49.9,108414,72,4,0.84,1,0,-4.39,-11.29,0
18:29:43,105.420,13533327,13533326,2,0,1,37.496608,126.957936,0.05,319.0,0,319.0,1,174.0,1,0.00,9.72,0.89,0.9979,21.87,2.007,473617,1064534,0.036,1,290.8,"-0.57,-0.13,9.70","-0.1,-0.8,0.3","2.850,37.200,12.150",0.09,0.16,0.00,0,125994,108415,8,1.00,37.496592,126.957922,28630,476,1714,40,11.70,0.00,999.00,56.1,0,193,0,2,-49,-49.7,108415,66,4,0.83,1,0,-4.39,-11.29,0
18:29:44,105.638,13533634,13533633,2,0,1,37.496606,126.957935,0.05,319.0,0,319.0,1,174.0,1,0.00,9.63,4.47,0.9977,19.24,2.064,473617,1064569,0.057,1,290.8,"-0.60,-0.15,9.61","0.8,-4.0,-1.8","3.750,38.850,9.300",0.09,0.18,0.00,0,125997,108418,8,1.00,37.496591,126.957922,28631,476,1714,40,11.70,0.00,999.00,56.1,0,193,0,2,-49,-49.7,108418,58,4,0.82,1,0,-4.39,-11.29,0
18:29:44,105.756,13533837,13533836,2,0,1,37.496606,126.957935,0.05,319.0,0,319.0,1,174.0,1,0.00,9.72,3.75,0.9978,21.70,2.068,473617,1064593,0.057,1,290.8,"-0.70,-0.11,9.70","0.9,-3.4,1.2","5.100,39.450,11.700",0.08,0.22,0.00,0,125999,108420,8,1.00,37.496591,126.957922,28631,476,1714,40,12.29,0.00,999.00,58.6,0,193,0,2,-49,-49.4,108420,50,4,0.80,1,0,-4.39,-11.29,0
18:29:44,105.970,13533938,13533937,2,0,1,37.496606,126.957935,0.05,319.0,0,319.0,1,174.0,1,0.00,9.68,2.12,0.9984,21.09,2.030,473617,1064605,0.057,1,290.8,"-0.59,-0.05,9.66","1.0,1.7,-0.7","4.500,38.100,11.250",0.03,0.18,0.00,0,126000,108421,8,1.00,37.496591,126.957922,28631,476,1714,40,12.11,0.00,999.00,55.6,0,193,0,2,-49,-49.3,108421,46,4,0.80,1,0,-4.39,-11.29,0
18:29:44,106.055,13534140,13534139,2,0,1,37.496606,126.957935,0.05,319.0,0,319.0,1,174.0,1,0.00,9.71,3.82,0.9979,22.40,2.109,473617,1064629,0.057,1,290.8,"-0.75,-0.07,9.68","0.9,-3.0,-2.2","3.000,40.500,12.300",0.14,0.22,0.00,0,126002,108423,8,1.00,37.496591,126.957922,28631,476,1714,40,12.11,0.00,999.00,55.6,0,193,0,2,-49,-49.1,108423,37,4,0.80,1,0,-4.39,-11.29,0
18:29:44,106.223,13534241,13534240,2,0,1,37.496606,126.957935,0.05,319.0,0,319.0,1,174.0,1,0.00,9.69,2.74,0.9978,21.83,2.028,473617,1064641,0.057,1,290.8,"-0.56,-0.15,9.68","1.4,1.4,-1.9","4.200,38.100,12.000",0.08,0.19,0.00,0,126003,108424,8,1.00,37.496591,126.957922,28631,476,1714,40,12.11,0.00,999.00,55.6,0,193,0,2,-47,-48.6,108424,33,4,0.80,1,0,-4.39,-11.29,0
18:29:44,106.340,13534447,13534446,2,0,1,37.496606,126.957935,0.05,319.0,0,319.0,1,174.0,1,0.00,9.81,3.89,0.9985,21.60,2.051,473617,1064665,0.057,1,290.8,"-0.62,-0.01,9.79","-1.1,3.7,-0.2","3.600,38.700,11.700",0.12,0.17,0.00,0,126005,108426,8,1.00,37.496591,126.957922,28631,476,1714,40,12.11,0.00,999.00,55.6,0,193,0,2,-50,-49.1,108426,27,4,0.80,1,0,-4.39,-11.29,0
18:29:45,106.670,13534552,13534551,2,0,1,37.496606,126.957935,0.05,319.0,0,319.0,1,174.0,1,0.00,9.71,2.14,0.9986,21.52,2.074,473617,1064676,0.057,1,290.8,"-0.61,-0.00,9.69","-0.2,1.1,-1.8","3.000,39.300,11.550",0.08,0.15,0.00,0,126006,108427,8,1.00,37.496591,126.957922,28631,476,1714,40,12.11,0.00,999.00,55.6,0,193,0,2,-50,-49.3,108427,25,4,0.80,1,0,-4.39,-11.29,0
18:29:45,106.841,13534855,13534854,2,0,1,37.496605,126.957934,0.04,319.0,0,319.0,1,174.0,1,0.00,9.70,2.76,0.9984,21.13,2.004,473617,1064712,0.036,1,290.8,"-0.53,-0.06,9.69","-2.0,1.9,-0.1","3.900,37.200,11.400",0.10,0.21,0.00,0,126009,108430,8,1.00,37.496590,126.957922,28632,476,1714,40,11.95,0.00,999.00,52.5,0,193,0,2,-49,-49.4,108430,15,4,0.81,1,0,-4.39,-11.29,0
18:29:45,106.939,13535059,13535058,2,0,1,37.496605,126.957934,0.04,319.0,0,319.0,1,174.0,1,0.00,9.64,1.24,0.9978,21.35,2.071,473617,1064735,0.036,1,290.8,"-0.75,-0.08,9.62","0.2,-1.1,0.5","2.850,39.150,11.400",0.14,0.18,0.00,0,126011,108432,8,1.00,37.496590,126.957922,28632,476,1714,40,11.95,0.00,999.00,52.5,0,193,0,2,-51,-49.8,108432,10,4,0.84,1,0,-4.39,-11.29,0
18:29:45,107.187,13535171,13535158,2,0,1,37.496605,126.957934,0.04,319.0,0,319.0,1,174.0,1,0.00,9.64,3.56,0.9970,21.05,2.022,473617,1064747,0.036,1,290.8,"-0.60,-0.25,9.62","3.4,0.5,-0.9","4.200,37.800,11.250",0.18,0.20,0.00,0,126012,108433,8,1.00,37.496590,126.957922,28632,476,1714,40,11.95,0.00,999.00,52.5,0,193,0,2,-52,-50.3,108433,15,4,0.87,1,0,-4.39,-11.29,0
18:29:45,107.270,13535376,13535363,2,0,1,37.496605,126.957934,0.04,319.0,0,319.0,1,174.0,1,0.00,9.57,2.03,0.9979,22.09,2.023,473617,1064769,0.036,1,290.8,"-0.61,-0.12,9.55","-1.0,1.7,0.5","3.300,37.800,12.300",0.14,0.25,0.00,0,126014,108435,8,1.00,37.496590,126.957922,28632,476,1714,40,11.95,0.00,999.00,52.5,0,193,0,2,-53,-50.9,108435,15,4,0.93,1,0,-4.39,-11.29,0
18:29:46,107.586,13535479,13535466,2,0,1,37.496605,126.957934,0.04,319.0,0,319.0,1,174.0,1,0.00,9.65,2.20,0.9977,19.97,2.023,473617,1064780,0.036,1,290.8,"-0.72,-0.12,9.62","-1.3,1.5,-0.9","2.850,37.500,10.200",0.11,0.19,0.00,0,126015,108436,8,1.00,37.496590,126.957922,28632,476,1714,40,11.95,0.00,999.00,52.5,0,193,0,2,-52,-51.1,108436,15,4,0.95,1,0,-4.39,-11.29,0
18:29:46,107.703,13535690,13535677,2,0,1,37.496604,126.957933,0.04,319.0,0,319.0,1,173.9,1,0.00,9.66,3.74,0.9985,22.26,2.021,473617,1064801,0.041,1,290.8,"-0.50,-0.05,9.64","1.9,-0.1,-3.2","4.350,37.950,12.450",0.14,0.25,0.00,0,126017,108438,8,1.00,37.496590,126.957922,28633,476,1714,40,11.95,0.00,999.00,52.5,0,193,0,2,-51,-51.6,108438,14,4,0.99,1,0,-4.39,-11.29,0
18:29:46,107.712,13535794,13535781,2,0,1,37.496604,126.957933,0.04,319.0,0,319.0,1,173.9,1,0.00,9.71,3.24,0.9976,21.46,2.016,473617,1064812,0.041,1,290.8,"-0.66,-0.16,9.68","2.9,1.5,0.1","3.150,37.500,11.700",0.09,0.13,0.00,0,126018,108439,8,1.00,37.496590,126.957922,28633,476,1714,40,11.95,0.00,999.00,52.5,0,193,0,2,-52,-51.7,108439,14,4,1.00,1,0,-4.39,-11.29,0
18:29:46,107.888,13535886,13535885,2,0,1,37.496604,126.957933,0.04,319.0,0,319.0,1,173.9,1,0.00,9.69,1.25,0.9985,20.80,2.042,473617,1064823,0.041,1,290.8,"-0.57,-0.03,9.67","1.0,-0.3,0.7","3.150,38.250,10.950",0.07,0.20,0.00,0,126019,108439,8,1.00,37.496590,126.957922,28633,476,1714,40,11.95,0.00,999.00,52.5,0,193,0,2,-52,-51.7,108439,106,4,1.00,1,0,-4.39,-11.29,0
18:29:46,108.105,13536088,13536087,2,0,1,37.496604,126.957933,0.04,319.0,0,319.0,1,173.9,1,0.00,9.66,1.93,0.9975,22.13,2.030,473617,1064847,0.041,1,290.8,"-0.60,-0.19,9.64","-0.9,-1.4,-1.0","3.750,38.100,12.300",0.12,0.15,0.00,0,126021,108441,8,1.00,37.496590,126.957922,28633,476,1714,40,11.54,0.00,999.00,52.9,0,193,0,2,-51,-51.4,108441,96,4,0.97,1,0,-4.39,-11.29,0
18:29:46,108.202,13536290,13536289,2,0,1,37.496604,126.957933,0.04,319.0,0,319.0,1,173.9,1,0.01,9.78,3.71,0.9985,20.71,2.025,473617,1064871,0.041,1,290.8,"-0.59,-0.02,9.76","-0.8,-0.1,-3.6","2.100,37.500,10.950",0.11,0.15,0.00,0,126023,108443,8,1.00,37.496590,126.957922,28633,476,1714,40,11.54,0.00,999.00,52.9,0,193,0,2,-51,-51.3,108443,82,4,0.96,1,0,-4.39,-11.29,0
18:29:46,108.339,13536391,13536390,2,0,1,37.496604,126.957933,0.04,319.0,0,319.0,1,173.9,1,0.00,9.72,2.81,0.9984,22.26,2.025,473617,1064883,0.041,1,290.8,"-0.53,-0.05,9.71","-2.4,-1.5,-0.4","3.600,37.950,12.450",0.10,0.16,0.00,0,126024,108444,8,1.00,37.496590,126.957922,28633,476,1714,40,11.54,0.00,999.00,52.9,0,193,0,2,-51,-51.2,108444,77,4,0.96,1,0,-4.39,-11.29,0
18:29:47,108.553,13536491,13536490,2,0,1,37.496604,126.957933,0.04,319.0,0,319.0,1,173.9,1,0.00,9.71,3.38,0.9982,20.33,2.044,473617,1064895,0.041,1,290.8,"-0.75,-0.01,9.68","-1.5,1.0,-2.9","2.250,38.100,10.500",0.14,0.20,0.00,0,126025,108445,8,1.00,37.496590,126.957922,28633,476,1714,40,11.54,0.00,999.00,52.9,0,193,0,2,-52,-51.4,108445,73,4,0.97,1,0,-4.39,-11.29,0
18:29:47,108.653,13536697,13536696,2,0,1,37.496603,126.957932,0.03,319.0,0,319.0,1,173.9,1,0.00,9.66,3.83,0.9984,22.57,2.032,473617,1064918,0.015,1,290.8,"-0.64,-0.03,9.64","2.0,3.2,-0.5","3.000,38.100,12.750",0.06,0.19,0.00,0,126027,108447,8,1.00,37.496590,126.957922,28634,476,1714,40,11.84,0.00,999.00,49.3,0,193,0,2,-50,-51.0,108447,67,4,0.94,1,0,-4.39,-11.29,0
18:29:47,108.719,13536798,13536797,2,0,1,37.496603,126.957932,0.03,319.0,0,319.0,1,173.9,1,0.00,9.66,0.68,0.9973,22.13,2.032,473617,1064930,0.015,1,290.8,"-0.68,-0.19,9.63","-0.2,-0.6,0.1","3.300,38.100,12.300",0.13,0.16,0.00,0,126028,108448,8,1.00,37.496590,126.957922,28634,476,1714,40,11.84,0.00,999.00,49.3,0,193,0,2,-51,-51.0,108448,62,4,0.94,1,0,-4.39,-11.29,0
18:29:47,109.105,13536899,13536898,2,0,1,37.496603,126.957932,0.03,319.0,0,319.0,1,173.9,1,0.00,9.73,1.73,0.9989,21.05,2.026,473617,1064942,0.015,1,290.8,"-0.57,0.04,9.72","-0.5,0.7,-1.5","3.300,37.800,11.250",0.13,0.17,0.00,0,126029,108449,8,1.00,37.496590,126.957922,28634,476,1714,40,11.84,0.00,999.00,49.3,0,193,0,2,-50,-50.8,108449,56,4,0.92,1,0,-4.39,-11.29,0
18:29:47,109.241,13537303,13537302,2,0,1,37.496603,126.957932,0.03,319.0,0,319.0,1,174.0,1,0.00,9.67,1.36,0.9979,22.34,2.055,473617,1064990,0.015,1,290.8,"-0.66,-0.11,9.64","-0.3,1.3,-0.4","2.400,38.700,12.450",0.06,0.14,0.00,0,126033,108453,8,1.00,37.496590,126.957922,28634,476,1714,40,11.84,0.00,999.00,49.3,0,193,0,2,-50,-50.8,108453,47,4,0.92,1,0,-4.39,-11.29,0
18:29:47,109.319,13537404,13537403,2,0,1,37.496603,126.957932,0.03,319.0,0,319.0,1,174.0,1,0.00,9.70,1.61,0.9976,21.35,2.067,473617,1065002,0.015,1,290.8,"-0.69,-0.14,9.67","0.7,-1.3,-0.6","3.600,39.150,11.400",0.09,0.16,0.00,0,126034,108454,8,1.00,37.496590,126.957922,28634,476,1714,40,11.84,0.00,999.00,49.3,0,193,0,2,-52,-51.1,108454,39,4,0.94,1,0,-4.39,-11.29,0
18:29:48,109.622,13537528,13537504,2,0,1,37.496603,126.957932,0.03,319.0,0,319.0,1,174.0,1,0.00,9.69,3.68,0.9975,22.66,2.055,473617,1065014,0.015,1,290.8,"-0.65,-0.17,9.67","-1.0,2.7,-2.3","3.000,38.850,12.750",0.09,0.16,0.00,0,126035,108455,8,1.00,37.496590,126.957922,28634,476,1714,40,11.84,0.00,999.00,49.3,0,193,0,2,-52,-51.3,108455,61,4,0.96,1,0,-4.39,-11.29,0
18:29:48,109.936,13537822,13537821,2,0,1,37.496602,126.957931,0.04,319.0,0,319.0,1,174.0,1,0.00,9.67,1.13,0.9981,22.75,2.028,473617,1065049,0.051,1,290.8,"-0.71,-0.05,9.65","1.1,-0.3,0.3","4.650,38.250,12.900",0.09,0.19,0.00,0,126038,108458,8,1.00,37.496589,126.957922,28635,476,1714,40,11.84,0.00,999.00,49.3,0,193,0,2,-49,-50.1,108458,39,4,0.86,1,0,-4.39,-11.29,0
18:29:48,110.019,13538125,13538124,2,0,1,37.496602,126.957931,0.04,319.0,0,319.0,1,173.9,1,0.00,9.70,1.65,0.9971,22.40,2.059,473617,1065085,0.051,1,290.8,"-0.68,-0.21,9.67","1.0,1.3,-0.0","4.350,39.150,12.450",0.14,0.14,0.00,0,126041,108461,8,1.00,37.496589,126.957922,28635,476,1714,40,11.84,0.00,999.00,49.3,0,193,0,2,-46,-47.5,108461,25,4,0.80,1,0,-4.39,-11.29,0
18:29:48,110.256,13538226,13538225,2,0,1,37.496602,126.957931,0.04,319.0,0,319.0,1,173.9,1,0.00,9.72,3.79,0.9981,21.46,2.018,473617,1065097,0.051,1,290.8,"-0.60,-0.09,9.71","2.0,-2.6,-1.9","2.850,37.500,11.700",0.04,0.15,0.00,0,126042,108462,8,1.00,37.496589,126.957922,28635,476,1714,40,11.84,0.00,999.00,49.3,0,193,0,2,-58,-49.6,108462,21,4,0.82,1,0,-4.39,-11.29,0
18:29:49,110.543,13538442,13538441,2,0,1,37.496602,126.957931,0.04,319.0,0,319.0,1,173.9,1,0.00,9.62,1.61,0.9989,22.41,2.058,473617,1065123,0.051,1,290.8,"-0.57,0.05,9.61","-0.0,0.1,-1.6","4.650,39.150,12.450",0.17,0.17,0.00,0,126044,108464,8,1.00,37.496589,126.957922,28635,476,1714,40,11.84,0.00,999.00,49.3,0,193,0,2,-47,-49.4,108464,25,4,0.81,1,0,-4.39,-11.29,0
18:29:49,110.792,13538748,13538747,2,0,1,37.496601,126.957930,0.03,319.0,0,319.0,1,173.9,1,0.00,9.66,2.74,0.9983,21.14,2.044,473617,1065158,0.015,1,290.8,"-0.62,-0.05,9.64","1.5,0.0,2.3","4.500,38.550,11.250",0.05,0.21,0.00,0,126047,108467,9,1.00,37.496589,126.957922,28636,476,1714,40,11.76,0.00,999.00,46.0,0,193,0,2,-56,-50.4,108467,13,4,0.88,1,0,-4.39,-11.29,0
18:29:49,110.872,13538964,13538951,2,0,1,37.496601,126.957930,0.03,319.0,0,319.0,1,173.9,1,0.00,9.65,1.24,0.9985,20.54,2.020,473617,1065181,0.015,1,290.8,"-0.63,-0.02,9.63","-0.2,-0.4,-1.2","2.250,37.350,10.800",0.07,0.19,0.00,0,126049,108469,9,1.00,37.496589,126.957922,28636,476,1714,40,11.76,0.00,999.00,46.0,0,193,0,2,-54,-51.8,108469,19,4,1.01,1,0,-4.39,-11.29,0
18:29:49,110.970,13539068,13539055,2,0,1,37.496601,126.957930,0.03,319.0,0,319.0,1,173.9,1,0.51,9.72,5.97,0.9975,20.06,2.043,473617,1065192,0.015,1,290.8,"-0.70,-0.16,9.70","2.8,3.6,-3.9","3.600,38.250,10.200",0.11,0.18,0.00,0,126050,108470,9,1.00,37.496589,126.957922,28636,476,1714,40,11.76,0.00,999.00,46.0,0,193,0,2,-61,-53.7,108470,17,4,1.21,1,0,-4.39,-11.29,0
18:29:49,111.169,13539173,13539160,2,0,1,37.496601,126.957930,0.03,319.0,0,319.0,1,173.9,1,0.00,9.62,3.20,0.9978,21.25,2.038,473617,1065203,0.015,1,290.8,"-0.63,-0.14,9.60","1.5,0.5,-2.8","3.600,38.250,11.400",0.08,0.17,0.00,0,126051,108471,9,1.00,37.496589,126.957922,28636,476,1714,40,11.76,0.00,999.00,46.0,0,193,0,2,-66,-56.1,108471,17,4,1.53,1,0,-4.39,-11.29,0
18:29:49,111.376,13539367,13539366,2,0,1,37.496601,126.957930,0.03,319.0,0,319.0,1,173.9,1,0.00,9.66,1.94,0.9985,22.14,2.072,473617,1065225,0.015,1,290.8,"-0.54,-0.05,9.64","-0.1,1.7,-1.0","3.900,39.450,12.150",0.10,0.17,0.00,0,126053,108473,9,1.00,37.496589,126.957922,28636,476,1714,40,11.76,0.00,999.00,46.0,0,193,0,2,-52,-55.6,108473,0,4,1.58,1,0,-4.39,-11.29,0
18:29:50,111.871,13539573,13539572,2,0,1,37.496601,126.957930,0.03,319.0,0,319.0,1,173.9,1,0.00,9.77,2.82,0.9980,21.05,2.026,473617,1065248,0.015,1,290.8,"-0.70,-0.07,9.74","-1.3,0.2,-2.5","3.300,37.800,11.250",0.11,0.16,0.00,0,126055,108474,9,1.00,37.496589,126.957922,28636,476,1714,40,11.76,0.00,999.00,46.0,0,193,0,2,-54,-55.3,108474,100,4,1.41,1,0,-4.39,-11.29,0
18:29:50,112.095,13540078,13540077,2,0,1,37.496600,126.957930,0.03,319.0,0,319.0,1,174.0,1,0.00,9.73,1.60,0.9984,19.73,2.034,473617,1065308,0.026,1,290.8,"-0.68,-0.01,9.71","0.6,1.2,0.9","3.600,37.950,9.900",0.08,0.13,0.00,0,126060,108479,8,1.00,37.496589,126.957922,28637,476,1714,40,11.84,0.00,999.00,49.3,0,193,0,2,-48,-50.4,108479,68,4,0.88,1,0,-4.39,-11.29,0
18:29:50,112.186,13540279,13540278,2,0,1,37.496600,126.957930,0.03,319.0,0,319.0,1,174.0,1,0.00,9.76,1.53,0.9978,22.05,2.046,473617,1065332,0.026,1,290.8,"-0.65,-0.13,9.74","0.9,1.2,-0.4","4.350,38.700,12.150",0.08,0.22,0.00,0,126062,108481,8,1.00,37.496589,126.957922,28637,476,1714,40,11.84,0.00,999.00,49.3,0,193,0,2,-49,-49.9,108481,65,4,0.84,1,0,-4.39,-11.29,0
18:29:50,112.435,13540380,13540379,2,0,1,37.496600,126.957930,0.03,319.0,0,319.0,1,174.0,1,0.00,9.71,4.25,0.9981,21.99,2.038,473617,1065344,0.026,1,290.8,"-0.56,-0.11,9.70","3.1,-2.3,-1.8","3.150,38.250,12.150",0.07,0.19,0.00,0,126063,108482,8,1.00,37.496589,126.957922,28637,476,1714,40,11.84,0.00,999.00,49.3,0,193,0,2,-49,-49.7,108482,60,4,0.83,1,0,-4.39,-11.29,0
18:29:51,112.587,13540585,13540584,2,0,1,37.496600,126.957930,0.03,319.0,0,319.0,1,174.0,1,0.00,9.61,1.63,0.9980,20.69,2.049,473617,1065367,0.026,1,290.8,"-0.64,-0.10,9.59","0.2,0.8,-1.4","3.750,38.550,10.800",0.10,0.15,0.00,0,126065,108484,8,1.00,37.496589,126.957922,28637,476,1714,40,11.84,0.00,999.00,49.3,0,193,0,2,-49,-49.4,108484,58,4,0.81,1,0,-4.39,-11.29,0
18:29:51,112.971,13540787,13540786,2,0,1,37.496599,126.957929,0.03,319.0,0,319.0,1,174.0,1,0.00,9.73,0.64,0.9982,19.89,2.044,473617,1065391,0.026,1,290.8,"-0.50,-0.11,9.72","0.3,0.3,0.5","2.550,38.100,10.050",0.13,0.14,0.00,0,126067,108486,7,1.03,37.496588,126.957921,28638,476,1714,40,12.26,0.00,999.00,49.0,0,193,0,2,-49,-49.1,108486,49,4,0.80,1,0,-4.39,-11.29,0
18:29:51,113.011,13541090,13541089,2,0,1,37.496599,126.957929,0.03,319.0,0,319.0,1,174.0,1,0.00,9.77,2.78,0.9986,21.22,2.029,473617,1065427,0.026,1,290.8,"-0.59,-0.01,9.75","1.7,-1.5,1.7","3.600,37.950,11.400",0.11,0.18,0.00,0,126070,108489,7,1.03,37.496588,126.957921,28638,476,1714,40,12.26,0.00,999.00,49.0,0,193,0,2,-48,-48.9,108489,36,4,0.80,1,0,-4.39,-11.29,0
18:29:52,113.811,13541191,13541190,2,0,1,37.496599,126.957929,0.03,319.0,0,319.0,1,174.0,1,0.00,9.83,3.17,0.9980,21.89,2.043,473617,1065439,0.026,1,290.8,"-0.65,-0.10,9.81","-0.5,0.9,-3.0","4.200,38.550,12.000",0.12,0.15,0.00,0,126071,108490,7,1.03,37.496588,126.957921,28638,476,1714,40,12.26,0.00,999.00,49.0,0,193,0,2,-48,-48.7,108490,30,4,0.80,1,0,-4.39,-11.29,0
18:29:52,114.041,13542020,13542007,2,0,1,37.496598,126.957928,0.02,319.0,0,319.0,1,173.9,1,0.00,9.71,2.02,0.9983,21.09,2.031,473617,1065535,0.015,1,290.8,"-0.64,-0.06,9.69","-0.1,1.9,0.5","4.200,38.100,11.250",0.04,0.16,0.00,0,126079,108498,8,1.03,37.496588,126.957921,28639,476,1714,40,12.79,0.00,999.00,51.7,0,193,0,2,-45,-45.9,108498,17,4,0.80,1,0,-4.39,-11.29,0
18:29:52,114.119,13542124,13542111,2,0,1,37.496598,126.957928,0.02,319.0,0,319.0,1,173.9,1,0.00,9.70,3.56,0.9984,22.21,2.010,473617,1065546,0.015,1,290.8,"-0.65,-0.02,9.68","-0.2,2.2,-2.8","3.900,37.500,12.450",0.07,0.21,0.00,0,126080,108499,8,1.03,37.496588,126.957921,28639,476,1714,40,12.79,0.00,999.00,51.7,0,193,0,2,-46,-45.9,108499,14,4,0.80,1,0,-4.39,-11.29,0
18:29:52,114.446,13542319,13542318,2,0,1,37.496598,126.957928,0.02,319.0,0,319.0,1,173.9,1,0.00,9.63,1.89,0.9980,22.14,2.072,473617,1065568,0.015,1,290.8,"-0.56,-0.12,9.61","0.5,0.0,-1.8","3.900,39.450,12.150",0.10,0.12,0.00,0,126082,108501,8,1.03,37.496588,126.957921,28639,476,1714,40,12.79,0.00,999.00,51.7,0,193,0,2,-46,-45.9,108501,0,4,0.80,1,0,-4.39,-11.29,0
18:29:53,114.653,13542647,13542634,2,0,1,37.496597,126.957928,0.04,319.0,0,319.0,1,173.9,1,0.00,9.64,3.26,0.9972,22.12,2.036,473617,1065603,0.057,1,290.8,"-0.64,-0.22,9.62","3.0,-1.1,0.4","2.550,38.100,12.300",0.14,0.18,0.00,0,126085,108504,8,1.00,37.496587,126.957921,28640,476,1714,40,12.79,0.00,999.00,51.7,0,193,0,2,-49,-46.9,108504,14,4,0.80,1,0,-4.39,-11.29,0
18:29:53,114.820,13542843,13542842,2,0,1,37.496597,126.957928,0.04,319.0,0,319.0,1,173.9,1,0.00,9.60,3.18,0.9977,20.72,2.061,473617,1065625,0.057,1,290.8,"-0.63,-0.14,9.58","2.3,-1.9,-1.2","3.300,38.850,10.800",0.10,0.15,0.00,0,126087,108505,8,1.00,37.496587,126.957921,28640,476,1714,40,12.79,0.00,999.00,51.7,0,193,0,2,-50,-47.5,108505,105,4,0.80,1,0,-4.39,-11.29,0
18:29:53,114.955,13543045,13543044,2,0,1,37.496597,126.957928,0.04,319.0,0,319.0,1,173.9,1,0.00,9.83,3.42,0.9982,21.31,2.003,473617,1065649,0.057,1,290.8,"-0.67,-0.06,9.81","2.9,-0.4,-1.7","4.950,37.350,11.550",0.15,0.20,0.00,0,126089,108507,8,1.00,37.496587,126.957921,28640,476,1714,40,12.79,0.00,999.00,51.7,0,193,0,2,-48,-47.8,108507,95,4,0.80,1,0,-4.39,-11.29,0
18:29:53,115.053,13543146,13543145,2,0,1,37.496597,126.957928,0.04,319.0,0,319.0,1,173.9,1,0.00,9.69,2.27,0.9980,21.35,2.021,473617,1065661,0.057,1,290.8,"-0.63,-0.11,9.67","2.3,-0.2,0.1","4.200,37.800,11.550",0.03,0.17,0.00,0,126090,108508,8,1.00,37.496587,126.957921,28640,476,1714,40,12.93,0.00,999.00,54.6,0,193,0,2,-48,-47.9,108508,87,4,0.80,1,0,-4.39,-11.29,0
18:29:53,115.268,13543246,13543245,2,0,1,37.496597,126.957928,0.04,319.0,0,319.0,1,173.9,1,0.00,9.73,3.62,0.9975,20.70,2.045,473617,1065673,0.057,1,290.8,"-0.57,-0.20,9.72","1.8,2.8,-1.4","4.500,38.550,10.800",0.13,0.21,0.00,0,126091,108509,8,1.00,37.496587,126.957921,28640,476,1714,40,13.10,0.00,999.00,57.5,0,193,0,2,-48,-47.9,108509,79,4,0.80,1,0,-4.39,-11.29,0
18:29:53,115.353,13543447,13543446,2,0,1,37.496597,126.957928,0.04,319.0,0,319.0,1,173.9,1,0.00,9.76,3.02,0.9983,20.41,2.024,473617,1065697,0.057,1,290.8,"-0.65,-0.05,9.74","-0.9,2.8,-0.6","2.400,37.500,10.650",0.08,0.16,0.00,0,126093,108511,8,1.00,37.496587,126.957921,28640,476,1714,40,13.51,0.00,999.00,57.0,0,193,0,2,-50,-48.5,108511,56,4,0.80,1,0,-4.39,-11.29,0
18:29:53,115.463,13543552,13543551,2,0,1,37.496597,126.957928,0.04,319.0,0,319.0,1,173.9,1,0.00,9.79,2.45,0.9985,19.76,2.042,473617,1065708,0.057,1,290.8,"-0.57,-0.03,9.77","2.0,-1.0,-0.9","3.900,38.250,9.900",0.12,0.15,0.00,0,126094,108512,8,1.00,37.496587,126.957921,28640,476,1714,40,13.51,0.00,999.00,57.0,0,193,0,2,-48,-48.4,108512,73,4,0.80,1,0,-4.39,-11.29,0
18:29:54,115.557,13543653,13543652,2,0,1,37.496596,126.957927,0.03,319.0,0,319.0,1,173.9,1,0.00,9.68,2.70,0.9974,22.16,2.010,473617,1065720,0.031,1,290.8,"-0.49,-0.21,9.67","1.8,-2.0,-0.1","2.100,37.200,12.450",0.18,0.18,0.00,0,126095,108513,8,1.00,37.496586,126.957921,28641,476,1714,40,13.51,0.00,999.00,57.0,0,193,0,2,-47,-48.1,108513,59,4,0.80,1,0,-4.39,-11.29,0
18:29:54,115.702,13543754,13543753,2,0,1,37.496596,126.957927,0.03,319.0,0,319.0,1,173.9,1,0.00,9.67,2.50,0.9985,22.10,2.018,473617,1065732,0.031,1,290.8,"-0.70,0.01,9.65","0.6,0.9,2.3","4.200,37.800,12.300",0.13,0.23,0.00,0,126096,108514,8,1.00,37.496586,126.957921,28641,476,1714,40,13.51,0.00,999.00,57.0,0,193,0,2,-48,-48.1,108514,57,4,0.80,1,0,-4.39,-11.29,0
18:29:54,115.769,13543855,13543854,2,0,1,37.496596,126.957927,0.03,319.0,0,319.0,1,173.9,1,0.00,9.70,3.24,0.9982,21.60,2.054,473617,1065744,0.031,1,290.8,"-0.72,-0.03,9.68","0.4,-3.0,-1.2","3.150,38.700,11.700",0.10,0.17,0.00,0,126097,108515,8,1.00,37.496586,126.957921,28641,476,1714,40,13.51,0.00,999.00,57.0,0,193,0,2,-49,-48.3,108515,57,4,0.80,1,0,-4.39,-11.29,0
18:29:54,115.920,13543956,13543955,2,0,1,37.496596,126.957927,0.03,319.0,0,319.0,1,173.9,1,0.00,9.69,3.76,0.9983,21.99,2.040,473617,1065756,0.031,1,290.8,"-0.56,-0.08,9.67","3.3,-1.8,-0.3","2.850,38.250,12.150",0.09,0.27,0.00,0,126098,108516,8,1.00,37.496586,126.957921,28641,476,1714,40,13.51,0.00,999.00,57.0,0,193,0,2,-50,-48.6,108516,55,4,0.80,1,0,-4.39,-11.29,0
18:29:54,116.367,13544057,13544056,2,0,1,37.496596,126.957927,0.03,319.0,0,319.0,1,173.9,1,0.00,9.69,0.81,0.9980,20.48,2.076,473617,1065768,0.031,1,290.8,"-0.66,-0.09,9.66","0.4,0.6,0.3","3.300,39.300,10.500",0.02,0.15,0.00,0,126099,108517,8,1.00,37.496586,126.957921,28641,476,1714,40,13.51,0.00,999.00,57.0,0,193,0,2,-51,-49.1,108517,50,4,0.80,1,0,-4.39,-11.29,0
18:29:55,116.574,13544571,13544570,2,0,1,37.496596,126.957927,0.03,319.0,0,319.0,1,173.9,1,0.00,9.72,0.75,0.9984,21.17,2.059,473617,1065828,0.031,1,290.8,"-0.56,-0.05,9.70","-0.3,0.5,-0.5","3.300,38.850,11.250",0.08,0.16,0.00,0,126104,108522,8,1.00,37.496586,126.957921,28641,476,1714,40,13.10,0.00,999.00,57.5,0,193,0,2,-50,-51.6,108522,37,4,0.99,1,0,-4.39,-11.29,0
18:29:55,116.787,13544672,13544671,2,0,1,37.496595,126.957927,0.03,319.0,0,319.0,1,173.9,1,0.00,9.66,1.32,0.9986,21.99,2.040,473617,1065840,0.021,1,290.8,"-0.64,0.00,9.64","-1.0,0.5,-0.7","2.850,38.250,12.150",0.08,0.17,0.00,0,126105,108523,8,1.00,37.496586,126.957921,28642,476,1714,40,13.51,0.00,999.00,57.0,0,193,0,2,-49,-51.1,108523,30,4,0.94,1,0,-4.39,-11.29,0
18:29:55,117.396,13544975,13544974,2,0,1,37.496595,126.957927,0.03,319.0,0,319.0,1,173.9,1,0.00,9.71,2.96,0.9981,21.60,2.051,473617,1065876,0.021,1,290.8,"-0.67,-0.08,9.69","2.5,1.4,0.7","3.600,38.700,11.700",0.04,0.21,0.00,0,126108,108526,8,1.00,37.496586,126.957921,28642,476,1714,40,13.51,0.00,999.00,57.0,0,193,0,2,-50,-50.1,108526,17,4,0.86,1,0,-4.39,-11.29,0
18:29:56,117.635,13545586,13545585,2,0,1,37.496595,126.957927,0.03,319.0,0,319.0,1,173.9,1,0.00,9.68,1.88,0.9981,21.51,2.076,473617,1065944,0.021,1,290.8,"-0.66,-0.07,9.66","0.2,1.8,-0.6","2.550,39.300,11.550",0.04,0.23,0.00,0,126114,108531,8,1.00,37.496586,126.957921,28642,476,1714,40,13.10,0.00,999.00,57.5,0,193,0,2,-63,-61.0,108531,101,4,2.43,1,0,-4.39,-11.29,0
18:29:56,117.701,13545688,13545687,2,0,1,37.496595,126.957926,0.02,319.0,0,319.0,1,173.9,1,0.00,9.73,2.35,0.9974,21.34,2.027,473617,1065956,0.015,1,290.8,"-0.57,-0.21,9.71","0.0,1.9,-1.4","3.000,37.800,11.550",0.14,0.22,0.00,0,126115,108532,8,1.00,37.496585,126.957922,28643,476,1714,40,13.10,0.00,999.00,57.5,0,193,0,2,-59,-60.6,108532,95,4,2.34,1,0,-4.39,-11.29,0
18:29:56,117.786,13545891,13545890,2,0,1,37.496595,126.957926,0.02,319.0,0,319.0,1,173.9,1,0.00,9.74,1.55,0.9970,21.36,2.017,473617,1065980,0.015,1,290.8,"-0.64,-0.24,9.72","0.1,0.1,1.5","4.950,37.800,11.550",0.17,0.18,0.00,0,126117,108534,8,1.00,37.496585,126.957922,28643,476,1714,40,13.51,0.00,999.00,57.0,0,193,0,2,-73,-63.6,108534,90,4,3.12,1,0,-4.39,-11.29,0
18:29:56,117.904,13545992,13545991,2,0,1,37.496595,126.957926,0.02,319.0,0,319.0,1,173.9,1,0.00,9.59,2.89,0.9987,22.30,2.033,473617,1065992,0.015,1,290.8,"-0.64,0.03,9.57","-2.3,-1.1,-1.4","3.900,38.250,12.450",0.15,0.19,0.00,0,126118,108535,8,1.00,37.496585,126.957922,28643,476,1714,40,13.51,0.00,999.00,57.0,0,193,0,2,-60,-62.9,108535,85,4,2.91,1,0,-4.39,-11.29,0
18:29:56,118.001,13546094,13546093,2,0,1,37.496595,126.957926,0.02,319.0,0,319.0,1,173.9,1,0.00,9.75,1.84,0.9982,23.01,2.067,473617,1066004,0.015,1,290.8,"-0.66,-0.06,9.73","1.6,-0.5,-0.7","3.300,39.300,13.050",0.06,0.16,0.00,0,126119,108536,8,1.00,37.496585,126.957922,28643,476,1714,40,13.51,0.00,999.00,57.0,0,193,0,2,-60,-62.3,108536,82,4,2.75,1,0,-4.39,-11.29,0
18:29:56,118.120,13546194,13546193,2,0,1,37.496595,126.957926,0.02,319.0,0,319.0,1,173.9,1,0.00,9.68,4.45,0.9981,22.08,2.028,473617,1066016,0.015,1,290.8,"-0.61,-0.09,9.66","2.3,3.2,-2.2","2.250,37.800,12.300",0.04,0.22,0.00,0,126120,108537,8,1.00,37.496585,126.957922,28643,476,1714,40,13.51,0.00,999.00,57.0,0,193,0,2,-59,-61.7,108537,77,4,2.58,1,0,-4.39,-11.29,0
18:29:56,118.218,13546294,13546293,2,0,1,37.496595,126.957926,0.02,319.0,0,319.0,1,173.9,1,0.00,9.64,2.33,0.9980,21.96,2.029,473617,1066028,0.015,1,290.8,"-0.69,-0.08,9.62","1.2,-1.5,1.3","3.150,37.950,12.150",0.09,0.20,0.00,0,126121,108538,8,1.00,37.496585,126.957922,28643,476,1714,40,13.71,0.00,999.00,59.7,0,193,0,2,-73,-63.9,108538,69,4,3.20,1,0,-4.39,-11.29,0
18:29:57,118.736,13546395,13546394,2,0,1,37.496595,126.957926,0.02,319.0,0,319.0,1,173.9,1,0.00,9.64,2.92,0.9976,20.81,2.036,473617,1066040,0.015,1,290.8,"-0.60,-0.17,9.62","2.1,1.8,1.0","4.350,38.250,10.950",0.12,0.16,0.00,0,126122,108539,8,1.00,37.496585,126.957922,28643,476,1714,40,13.71,0.00,999.00,59.7,0,193,0,2,-58,-62.7,108539,66,4,2.86,1,0,-4.39,-11.29,0
18:29:57,118.870,13546905,13546904,2,0,1,37.496594,126.957926,0.02,319.0,0,319.0,1,173.9,1,0.00,9.59,2.72,0.9989,20.62,2.035,473617,1066099,0.021,1,290.8,"-0.60,0.06,9.57","0.1,-1.0,-2.5","2.850,37.950,10.800",0.17,0.17,0.00,0,126127,108544,8,1.00,37.496584,126.957923,28644,476,1714,40,13.71,0.00,999.00,59.7,0,193,0,2,-61,-64.1,108544,46,4,3.25,1,0,-4.39,-11.29,0
18:29:57,118.879,13547006,13547005,2,0,1,37.496594,126.957926,0.02,319.0,0,319.0,1,173.9,1,0.00,9.68,4.75,0.9978,21.83,2.028,473617,1066111,0.021,1,290.8,"-0.60,-0.14,9.66","-1.2,4.2,-1.7","4.200,38.100,12.000",0.07,0.19,0.00,0,126128,108545,8,1.00,37.496584,126.957923,28644,476,1714,40,13.71,0.00,999.00,59.7,0,193,0,2,-72,-65.7,108545,38,4,3.78,1,0,-4.39,-11.29,0
18:29:57,119.042,13547106,13547105,2,0,1,37.496594,126.957926,0.02,319.0,0,319.0,1,173.9,1,0.00,9.71,0.90,0.9982,23.01,2.067,473617,1066123,0.021,1,290.8,"-0.58,-0.09,9.70","0.8,-0.3,-0.3","3.300,39.300,13.050",0.06,0.13,0.00,0,126129,108546,8,1.00,37.496584,126.957923,28644,476,1714,40,13.94,0.00,999.00,62.3,0,193,0,2,-77,-67.9,108546,37,4,4.69,1,0,-4.39,-11.29,0
18:29:57,119.156,13547207,13547206,2,0,1,37.496594,126.957926,0.02,319.0,0,319.0,1,173.9,1,0.27,9.74,3.94,0.9987,20.91,1.989,473617,1066135,0.021,1,290.8,"-0.59,0.01,9.72","0.1,-0.9,-3.8","3.300,36.600,11.250",0.11,0.17,0.00,0,126130,108547,8,1.00,37.496584,126.957923,28644,476,1714,40,13.94,0.00,999.00,62.3,0,193,0,2,-72,-68.8,108547,30,4,5.06,1,0,-4.39,-11.29,0
18:29:57,119.421,13547307,13547306,2,0,1,37.496594,126.957926,0.02,319.0,0,319.0,1,173.9,1,0.00,9.62,2.31,0.9983,22.05,2.046,473617,1066147,0.021,1,290.8,"-0.71,-0.01,9.60","-1.5,-0.1,1.8","4.350,38.700,12.150",0.12,0.21,0.00,0,126131,108548,8,1.00,37.496584,126.957923,28644,476,1714,40,13.94,0.00,999.00,62.3,0,193,0,2,-69,-68.8,108548,27,4,5.09,1,0,-4.39,-11.29,0
18:29:57,119.518,13547515,13547514,2,0,1,37.496594,126.957926,0.02,319.0,0,319.0,1,173.9,1,0.00,9.71,2.89,0.9986,21.88,2.045,473617,1066172,0.021,1,290.8,"-0.66,0.00,9.69","0.8,2.4,-1.4","3.750,38.550,12.000",0.08,0.15,0.00,0,126133,108550,8,1.00,37.496584,126.957923,28644,476,1714,40,13.94,0.00,999.00,62.3,0,193,0,2,-72,-69.3,108550,21,4,5.34,1,0,-4.39,-11.29,0
18:29:58,119.687,13547619,13547618,2,0,1,37.496593,126.957926,0.03,319.0,0,319.0,1,173.9,1,0.00,9.82,1.65,0.9984,22.05,2.050,473617,1066183,0.036,1,290.8,"-0.60,-0.05,9.80","-0.6,-0.5,-1.4","3.600,38.700,12.150",0.12,0.21,0.00,0,126134,108551,8,1.00,37.496583,126.957923,28645,476,1714,40,13.94,0.00,999.00,62.3,0,193,0,2,-65,-68.4,108551,23,4,4.92,1,0,-4.39,-11.29,0
18:29:58,119.801,13547821,13547820,2,0,1,37.496593,126.957926,0.03,319.0,0,319.0,1,173.9,1,0.00,9.70,3.61,0.9982,21.60,2.050,473617,1066207,0.036,1,290.8,"-0.66,-0.07,9.68","2.6,-2.0,-1.5","3.900,38.700,11.700",0.02,0.19,0.00,0,126136,108553,8,1.00,37.496583,126.957923,28645,476,1714,40,13.94,0.00,999.00,62.3,0,193,0,2,-62,-66.3,108553,14,4,4.01,1,0,-4.39,-11.29,0
18:29:58,119.973,13547933,13547920,2,0,1,37.496593,126.957926,0.03,319.0,0,319.0,1,173.9,1,0.00,9.68,2.10,0.9984,22.35,2.047,473617,1066219,0.036,1,290.8,"-0.60,-0.04,9.66","1.7,-0.9,-0.7","3.900,38.700,12.450",0.06,0.15,0.00,0,126137,108554,8,1.00,37.496583,126.957923,28645,476,1714,40,13.94,0.00,999.00,62.3,0,193,0,2,-57,-64.4,108554,14,4,3.36,1,0,-4.39,-11.29,0
18:29:58,120.290,13548141,13548128,2,0,1,37.496593,126.957926,0.03,319.0,0,319.0,1,173.9,1,-0.16,9.69,3.18,0.9979,21.91,2.057,473617,1066241,0.036,1,290.8,"-0.67,-0.11,9.66","-0.4,1.8,2.6","3.300,38.850,12.000",0.05,0.19,0.00,0,126139,108556,8,1.00,37.496583,126.957923,28645,476,1714,40,13.94,0.00,999.00,62.3,0,193,0,2,-54,-60.8,108556,17,4,2.39,1,0,-4.39,-11.29,0
18:29:58,120.435,13548435,13548434,2,0,1,37.496593,126.957926,0.03,319.0,0,319.0,1,173.9,1,-0.05,9.65,6.22,0.9979,20.48,2.070,473617,1066275,0.036,1,290.8,"-0.74,-0.08,9.62","3.6,-4.3,2.7","4.500,39.300,10.500",0.11,0.17,0.00,0,126142,108558,8,1.00,37.496583,126.957923,28645,476,1714,40,14.34,0.00,999.00,61.7,0,193,0,2,-75,-63.1,108558,103,4,2.95,1,0,-4.39,-11.29,0
18:29:58,120.505,13548558,13548534,2,0,1,37.496593,126.957926,0.03,319.0,0,319.0,1,173.9,1,0.00,9.66,0.69,0.9984,20.60,2.028,473617,1066287,0.036,1,290.8,"-0.66,-0.01,9.64","-0.3,-0.4,0.4","3.300,37.800,10.800",0.08,0.25,0.00,0,126143,108560,8,1.00,37.496583,126.957923,28645,476,1714,40,14.34,0.00,999.00,61.7,0,193,0,2,-63,-65.1,108560,14,4,3.77,1,0,-4.39,-11.29,0
18:29:59,120.573,13548650,13548649,2,0,1,37.496592,126.957926,0.03,319.0,0,319.0,1,173.9,1,0.00,9.74,2.51,0.9979,21.14,2.044,473617,1066298,0.031,1,290.8,"-0.55,-0.14,9.72","1.1,-2.2,0.3","4.500,38.550,11.250",0.12,0.22,0.00,0,126144,108560,8,1.00,37.496581,126.957924,28646,476,1714,40,14.34,0.00,999.00,61.7,0,193,0,2,-63,-65.1,108560,106,4,3.58,1,0,-4.39,-11.29,0
18:29:59,120.702,13548751,13548750,2,0,1,37.496592,126.957926,0.03,319.0,0,319.0,1,173.9,1,-0.66,9.63,4.58,0.9985,21.91,2.057,473617,1066310,0.031,1,290.8,"-0.70,0.02,9.60","3.1,-0.7,3.3","3.300,38.850,12.000",0.14,0.15,0.00,0,126145,108561,8,1.00,37.496581,126.957924,28646,476,1714,40,14.34,0.00,999.00,61.7,0,193,0,2,-65,-65.1,108561,96,4,3.58,1,0,-4.39,-11.29,0
18:29:59,121.096,13548852,13548851,2,0,1,37.496592,126.957926,0.03,319.0,0,319.0,1,173.9,1,0.00,9.69,2.81,0.9986,22.00,2.031,473617,1066322,0.031,1,290.8,"-0.51,-0.02,9.67","2.1,-0.2,1.9","4.650,38.250,12.150",0.14,0.18,0.00,0,126146,108562,8,1.00,37.496581,126.957924,28646,476,1714,40,14.34,0.00,999.00,61.7,0,193,0,2,-66,-65.3,108562,95,4,3.64,1,0,-4.39,-11.29,0
18:29:59,121.424,13549257,13549256,2,0,1,37.496592,126.957926,0.03,319.0,0,319.0,1,173.9,1,0.00,9.60,2.64,0.9987,21.83,2.031,473617,1066370,0.031,1,290.8,"-0.57,-0.00,9.59","1.3,-0.8,-2.1","3.750,38.100,12.000",0.12,0.15,0.00,0,126150,108566,8,1.00,37.496581,126.957924,28646,476,1714,40,14.34,0.00,999.00,61.7,0,193,0,2,-54,-59.5,108566,78,4,2.09,1,0,-4.39,-11.29,0
18:30:00,121.536,13549564,13549563,2,0,1,37.496592,126.957926,0.03,319.0,0,319.0,1,173.9,1,0.00,9.63,2.96,0.9985,22.40,1.985,473617,1066405,0.031,1,290.8,"-0.57,-0.03,9.61","-1.8,-0.9,-2.2","3.000,36.600,12.750",0.09,0.16,0.00,0,126153,108569,8,1.00,37.496581,126.957924,28646,476,1714,40,14.11,0.00,999.00,59.2,0,193,0,2,-59,-58.9,108569,69,4,1.98,1,0,-4.39,-11.29,0
18:30:00,121.653,13549666,13549665,2,0,1,37.496591,126.957925,0.03,319.0,0,319.0,1,173.9,1,0.00,9.74,1.90,0.9983,21.14,2.045,473617,1066417,0.031,1,290.8,"-0.68,-0.03,9.71","1.4,0.7,1.0","4.200,38.550,11.250",0.08,0.15,0.00,0,126154,108570,8,1.00,37.496579,126.957923,28647,476,1714,40,14.11,0.00,999.00,59.2,0,193,0,2,-59,-58.9,108570,66,4,1.99,1,0,-4.39,-11.29,0
18:30:00,121.725,13549767,13549766,2,0,1,37.496591,126.957925,0.03,319.0,0,319.0,1,173.9,1,0.00,9.69,2.19,0.9981,20.85,2.056,473617,1066429,0.031,1,290.8,"-0.71,-0.06,9.66","1.1,-1.9,-0.0","3.150,38.700,10.950",0.09,0.16,0.00,0,126155,108571,8,1.00,37.496579,126.957923,28647,476,1714,40,14.52,0.00,999.00,58.6,0,193,0,2,-62,-59.5,108571,61,4,2.11,1,0,-4.39,-11.29,0
18:30:00,121.802,13549868,13549867,2,0,1,37.496591,126.957925,0.03,319.0,0,319.0,1,173.9,1,0.00,9.72,2.02,0.9980,21.47,2.058,473617,1066441,0.031,1,290.8,"-0.52,-0.13,9.70","2.0,0.1,-0.0","3.300,38.850,11.550",0.12,0.16,0.00,0,126156,108572,8,1.00,37.496579,126.957923,28647,476,1714,40,14.52,0.00,999.00,58.6,0,193,0,2,-63,-60.2,108572,57,4,2.25,1,0,-4.39,-11.29,0
18:30:00,122.334,13549969,13549968,2,0,1,37.496591,126.957925,0.03,319.0,0,319.0,1,173.9,1,0.00,9.64,1.80,0.9984,21.80,2.018,473617,1066453,0.031,1,290.8,"-0.61,-0.05,9.62","-0.7,1.7,0.0","4.500,37.800,12.000",0.07,0.21,0.00,0,126157,108573,8,1.00,37.496579,126.957923,28647,476,1714,40,14.52,0.00,999.00,58.6,0,193,0,2,-65,-61.2,108573,52,4,2.46,1,0,-4.39,-11.29,0
18:30:00,122.457,13550474,13550473,2,0,1,37.496591,126.957925,0.03,319.0,0,319.0,1,173.9,1,0.00,9.69,4.03,0.9986,20.99,2.014,473617,1066513,0.031,1,290.8,"-0.61,-0.01,9.67","3.6,0.1,-1.8","3.000,37.350,11.250",0.07,0.17,0.00,0,126162,108578,8,1.00,37.496579,126.957923,28647,476,1714,40,14.74,0.00,999.00,55.6,0,193,0,2,-49,-52.5,108578,28,4,1.08,1,0,-4.39,-11.29,0
18:30:01,122.653,13550579,13550578,2,0,1,37.496591,126.957925,0.03,319.0,0,319.0,1,173.9,1,0.00,9.76,2.78,0.9985,21.43,2.004,473617,1066524,0.031,1,290.8,"-0.73,0.04,9.73","2.1,-0.6,-1.7","3.600,37.200,11.700",0.16,0.17,0.00,0,126163,108579,8,1.00,37.496579,126.957923,28647,476,1714,40,14.74,0.00,999.00,55.6,0,193,0,2,-47,-51.4,108579,23,4,0.97,1,0,-4.39,-11.29,0
18:30:01,122.754,13550781,13550780,2,0,1,37.496590,126.957925,0.04,319.0,0,319.0,1,173.9,1,0.00,9.71,1.67,0.9984,21.05,2.026,473617,1066548,0.046,1,290.8,"-0.57,-0.05,9.69","-0.2,-1.0,-1.3","3.300,37.800,11.250",0.07,0.16,0.00,0,126165,108581,8,1.00,37.496577,126.957924,28648,476,1714,40,14.74,0.00,999.00,55.6,0,193,0,2,-51,-50.6,108581,18,4,0.90,1,0,-4.39,-11.29,0
18:30:01,122.836,13550881,13550880,2,0,1,37.496590,126.957925,0.04,319.0,0,319.0,1,173.9,1,0.00,9.72,1.61,0.9982,20.99,2.016,473617,1066560,0.046,1,290.8,"-0.60,-0.08,9.70","-0.7,-1.4,-0.2","2.550,37.350,11.250",0.04,0.16,0.00,0,126166,108582,8,1.00,37.496577,126.957924,28648,476,1714,40,14.74,0.00,999.00,55.6,0,193,0,2,-58,-52.1,108582,14,4,1.04,1,0,-4.39,-11.29,0
18:30:01,122.902,13550993,13550980,2,0,1,37.496590,126.957925,0.04,319.0,0,319.0,1,173.9,1,0.00,9.63,4.63,0.9984,22.57,2.114,473617,1066572,0.046,1,290.8,"-0.66,-0.01,9.61","0.9,4.2,-1.7","2.850,40.650,12.450",0.10,0.15,0.00,0,126167,108583,8,1.00,37.496577,126.957924,28648,476,1714,40,14.74,0.00,999.00,55.6,0,193,0,2,-57,-53.1,108583,20,4,1.14,1,0,-4.39,-11.29,0
18:30:01,123.037,13551097,13551084,2,0,1,37.496590,126.957925,0.04,319.0,0,319.0,1,173.9,1,0.00,9.69,2.31,0.9972,21.91,2.057,473617,1066583,0.046,1,290.8,"-0.43,-0.24,9.68","2.0,-0.8,0.8","3.300,38.850,12.000",0.25,0.25,0.00,0,126168,108584,8,1.00,37.496577,126.957924,28648,476,1714,40,14.74,0.00,999.00,55.6,0,193,0,2,-55,-53.5,108584,18,4,1.18,1,0,-4.39,-11.29,0
18:30:01,123.236,13551201,13551188,2,0,1,37.496590,126.957925,0.04,319.0,0,319.0,1,173.9,1,0.00,9.68,2.93,0.9987,21.99,2.040,473617,1066594,0.046,1,290.8,"-0.58,0.01,9.66","2.6,-1.2,-0.5","2.850,38.250,12.150",0.11,0.20,0.00,0,126169,108585,8,1.00,37.496577,126.957924,28648,476,1714,40,15.15,0.00,999.00,55.2,0,193,0,2,-54,-53.6,108585,17,4,1.19,1,0,-4.39,-11.29,0
18:30:01,123.358,13551407,13551394,2,0,1,37.496590,126.957925,0.04,319.0,0,319.0,1,173.9,1,0.00,9.68,4.53,0.9979,20.64,2.037,473617,1066616,0.046,1,290.8,"-0.68,-0.10,9.66","4.4,0.5,0.8","3.300,38.100,10.800",0.07,0.20,0.00,0,126171,108587,8,1.00,37.496577,126.957924,28648,476,1714,40,15.15,0.00,999.00,55.2,0,193,0,2,-54,-53.9,108587,13,4,1.23,1,0,-4.39,-11.29,0
18:30:01,123.435,13551498,13551497,2,0,1,37.496590,126.957925,0.04,319.0,0,319.0,1,173.9,1,0.00,9.66,2.47,0.9981,20.77,2.027,473617,1066627,0.046,1,290.8,"-0.65,-0.09,9.63","0.1,-2.4,0.5","4.350,37.950,10.950",0.05,0.15,0.00,0,126172,108587,8,1.00,37.496577,126.957924,28648,476,1714,40,15.15,0.00,999.00,55.2,0,193,0,2,-54,-53.9,108587,104,4,1.23,1,0,-4.39,-11.29,0
18:30:02,123.657,13551603,13551602,2,0,1,37.496590,126.957925,0.04,319.0,0,319.0,1,173.9,1,0.00,9.75,2.18,0.9980,20.69,2.003,473617,1066638,0.046,1,290.8,"-0.63,-0.10,9.73","1.4,0.7,-1.5","4.350,37.200,10.950",0.05,0.15,0.00,0,126173,108588,8,1.00,37.496577,126.957924,28648,476,1714,40,15.15,0.00,999.00,55.2,0,193,0,2,-54,-53.9,108588,100,4,1.23,1,0,-4.39,-11.29,0
18:30:02,123.804,13551805,13551804,2,0,1,37.496589,126.957925,0.03,319.0,0,319.0,1,173.9,1,0.00,9.68,2.61,0.9974,21.14,2.002,473617,1066662,0.015,1,290.8,"-0.64,-0.19,9.65","2.5,-0.6,-0.5","4.350,37.200,11.400",0.12,0.20,0.00,0,126175,108590,9,1.00,37.496575,126.957925,28649,476,1714,40,15.56,0.00,999.00,54.9,0,193,0,2,-52,-53.4,108590,94,4,1.17,1,0,-4.39,-11.29,0
18:30:02,123.815,13551906,13551905,2,0,1,37.496589,126.957925,0.03,319.0,0,319.0,1,173.8,1,0.00,9.68,1.84,0.9980,21.44,2.046,473617,1066674,0.015,1,290.8,"-0.63,-0.10,9.66","-0.4,-1.8,0.1","3.750,38.550,11.550",0.03,0.17,0.00,0,126176,108591,9,1.00,37.496575,126.957925,28649,476,1714,40,15.56,0.00,999.00,54.9,0,193,0,2,-55,-53.7,108591,88,4,1.21,1,0,-4.39,-11.29,0
18:30:02,123.885,13552007,13552006,2,0,1,37.496589,126.957925,0.03,319.0,0,319.0,1,173.8,1,0.00,9.76,1.36,0.9978,20.56,2.051,473617,1066686,0.015,1,290.8,"-0.68,-0.12,9.73","1.0,0.3,0.9","4.350,38.700,10.650",0.08,0.16,0.00,0,126177,108592,9,1.00,37.496575,126.957925,28649,476,1714,40,15.56,0.00,999.00,54.9,0,193,0,2,-57,-54.4,108592,85,4,1.29,1,0,-4.39,-11.29,0
18:30:02,124.072,13552108,13552107,2,0,1,37.496589,126.957925,0.03,319.0,0,319.0,1,173.8,1,0.00,9.77,2.17,0.9985,21.29,2.015,473617,1066698,0.015,1,290.8,"-0.57,-0.04,9.75","2.2,-0.1,-0.1","2.550,37.350,11.550",0.09,0.14,0.00,0,126178,108593,9,1.00,37.496575,126.957925,28649,476,1714,40,15.97,0.00,999.00,54.5,0,193,0,2,-61,-55.7,108593,81,4,1.46,1,0,-4.39,-11.29,0
18:30:02,124.170,13552208,13552207,2,0,1,37.496589,126.957925,0.03,319.0,0,319.0,1,173.8,1,0.00,9.57,1.32,0.9982,20.51,2.037,473617,1066710,0.015,1,290.8,"-0.62,-0.07,9.55","-0.1,-1.0,-0.9","4.350,38.250,10.650",0.13,0.21,0.00,0,126179,108594,9,1.00,37.496575,126.957925,28649,476,1714,40,15.97,0.00,999.00,54.5,0,193,0,2,-62,-57.0,108594,43,4,1.65,1,0,-4.39,-11.29,0
18:30:02,124.290,13552308,13552307,2,0,1,37.496589,126.957925,0.03,319.0,0,319.0,1,173.8,1,0.00,9.63,1.73,0.9985,19.89,2.038,473617,1066722,0.015,1,290.8,"-0.72,0.02,9.61","0.9,1.5,0.0","3.750,38.100,10.050",0.16,0.18,0.00,0,126180,108595,9,1.00,37.496575,126.957925,28649,476,1714,40,15.97,0.00,999.00,54.5,0,193,0,2,-61,-57.8,108595,70,4,1.78,1,0,-4.39,-11.29,0
18:30:02,124.386,13552409,13552408,2,0,1,37.496589,126.957925,0.03,319.0,0,319.0,1,173.8,1,0.00,9.72,3.35,0.9983,21.35,2.067,473617,1066734,0.015,1,290.8,"-0.73,-0.00,9.69","-2.2,1.6,-2.0","3.600,39.150,11.400",0.13,0.21,0.00,0,126181,108596,9,1.00,37.496575,126.957925,28649,476,1714,40,15.97,0.00,999.00,54.5,0,193,0,2,-62,-58.6,108596,65,4,1.93,1,0,-4.39,-11.29,0
18:30:02,124.452,13552509,13552508,2,0,1,37.496589,126.957925,0.03,319.0,0,319.0,1,173.8,1,0.00,9.75,2.42,0.9978,20.16,2.071,473617,1066746,0.015,1,290.8,"-0.66,-0.12,9.73","1.2,-1.5,1.5","3.600,39.150,10.200",0.06,0.19,0.00,0,126182,108597,9,1.00,37.496575,126.957925,28649,476,1714,40,15.97,0.00,999.00,54.5,0,193,0,2,-62,-59.3,108597,59,4,2.06,1,0,-4.39,-11.29,0
18:30:03,124.657,13552615,13552614,2,0,1,37.496587,126.957925,0.03,319.0,0,319.0,1,173.8,1,0.00,9.63,2.85,0.9984,21.38,2.039,473617,1066757,0.031,1,290.8,"-0.61,-0.04,9.61","2.6,-0.9,0.8","2.550,38.100,11.550",0.09,0.21,0.00,0,126183,108598,8,1.00,37.496573,126.957925,28650,476,1714,40,15.97,0.00,999.00,54.5,0,193,0,2,-61,-59.6,108598,59,4,2.13,1,0,-4.39,-11.29,0
18:30:03,124.905,13552817,13552816,2,0,1,37.496587,126.957925,0.03,319.0,0,319.0,1,173.8,1,0.00,9.67,3.44,0.9982,21.90,2.019,473617,1066781,0.031,1,290.8,"-0.62,-0.08,9.65","2.8,-2.0,0.2","2.400,37.500,12.150",0.03,0.18,0.00,0,126185,108600,8,1.00,37.496573,126.957925,28650,476,1714,40,16.66,0.00,999.00,51.6,0,193,0,2,-65,-61.2,108600,48,4,2.48,1,0,-4.39,-11.29,0
18:30:03,125.035,13553018,13553017,2,0,1,37.496587,126.957925,0.03,319.0,0,319.0,1,173.8,1,0.00,9.64,2.69,0.9983,21.61,2.044,473617,1066805,0.031,1,290.8,"-0.55,-0.07,9.62","2.3,-0.6,1.3","5.100,38.700,11.700",0.12,0.20,0.00,0,126187,108602,8,1.00,37.496573,126.957925,28650,476,1714,40,16.66,0.00,999.00,51.6,0,193,0,2,-66,-62.8,108602,40,4,2.87,1,0,-4.39,-11.29,0
18:30:03,125.104,13553118,13553117,2,0,1,37.496587,126.957925,0.03,319.0,0,319.0,1,173.8,1,0.00,9.78,0.84,0.9980,21.16,2.063,473617,1066817,0.031,1,290.8,"-0.57,-0.12,9.76","-0.2,0.6,-0.5","2.550,38.850,11.250",0.11,0.15,0.00,0,126188,108603,8,1.00,37.496573,126.957925,28650,476,1714,40,16.66,0.00,999.00,51.6,0,193,0,2,-65,-63.2,108603,34,4,3.00,1,0,-4.39,-11.29,0
18:30:03,125.171,13553219,13553218,2,0,1,37.496587,126.957925,0.03,319.0,0,319.0,1,173.8,1,0.00,9.75,1.36,0.9982,22.57,2.035,473617,1066829,0.031,1,290.8,"-0.69,-0.05,9.73","1.3,0.0,-0.3","2.550,38.100,12.750",0.08,0.16,0.00,0,126189,108604,8,1.00,37.496573,126.957925,28650,476,1714,40,16.66,0.00,999.00,51.6,0,193,0,2,-67,-64.0,108604,30,4,3.22,1,0,-4.39,-11.29,0
18:30:03,125.304,13553320,13553319,2,0,1,37.496587,126.957925,0.03,319.0,0,319.0,1,173.8,1,0.00,9.68,4.50,0.9981,22.44,2.068,473617,1066841,0.031,1,290.8,"-0.68,-0.07,9.65","1.1,4.1,-1.4","4.350,39.450,12.450",0.05,0.14,0.00,0,126190,108605,8,1.00,37.496573,126.957925,28650,476,1714,40,16.66,0.00,999.00,51.6,0,193,0,2,-68,-64.8,108605,25,4,3.48,1,0,-4.39,-11.29,0
18:30:03,125.406,13553427,13553426,2,0,1,37.496587,126.957925,0.03,319.0,0,319.0,1,173.8,1,0.00,9.68,1.46,0.9980,21.22,2.073,473617,1066854,0.031,1,290.8,"-0.58,-0.11,9.66","0.6,-0.7,1.1","3.300,39.300,11.250",0.06,0.21,0.00,0,126191,108606,8,1.00,37.496573,126.957925,28650,476,1714,40,16.66,0.00,999.00,51.6,0,193,0,2,-69,-65.6,108606,27,4,3.76,1,0,-4.39,-11.29,0
18:30:04,125.603,13553528,13553527,2,0,1,37.496587,126.957925,0.03,319.0,0,319.0,1,173.8,1,0.00,9.61,3.96,0.9982,21.30,2.052,473617,1066866,0.031,1,290.8,"-0.68,-0.04,9.58","-1.9,2.3,-2.6","3.600,38.700,11.400",0.12,0.15,0.00,0,126192,108607,8,1.00,37.496573,126.957925,28650,476,1714,40,17.08,0.00,999.00,51.3,0,193,0,2,-68,-66.1,108607,22,4,3.94,1,0,-4.39,-11.29,0
18:30:04,125.701,13553748,13553735,2,0,1,37.496586,126.957925,0.03,319.0,0,319.0,1,173.8,1,0.00,9.73,3.39,0.9988,22.40,2.061,473617,1066888,0.036,1,290.8,"-0.61,0.03,9.71","2.5,0.6,-2.2","3.900,39.150,12.450",0.12,0.17,0.00,0,126194,108609,9,1.00,37.496570,126.957925,28651,476,1714,40,17.08,0.00,999.00,51.3,0,193,0,2,-69,-66.5,108609,17,4,4.09,1,0,-4.39,-11.29,0
18:30:04,125.835,13553842,13553841,2,0,1,37.496586,126.957925,0.03,319.0,0,319.0,1,173.8,1,0.00,9.63,1.97,0.9982,19.69,2.060,473617,1066899,0.036,1,290.8,"-0.66,-0.06,9.61","0.8,-1.1,-1.4","4.200,38.850,9.750",0.07,0.33,0.00,0,126195,108610,9,1.00,37.496570,126.957925,28651,476,1714,40,17.08,0.00,999.00,51.3,0,193,0,2,-69,-67.0,108610,18,4,4.29,1,0,-4.39,-11.29,0
18:30:04,125.850,13553954,13553941,2,0,1,37.496586,126.957925,0.03,319.0,0,319.0,1,173.8,1,0.00,9.77,2.08,0.9970,20.03,2.032,473617,1066911,0.036,1,290.8,"-0.66,-0.24,9.75","-1.0,-0.2,-1.8","3.900,37.950,10.200",0.18,0.18,0.00,0,126196,108611,9,1.00,37.496570,126.957925,28651,476,1714,40,17.08,0.00,999.00,51.3,0,193,0,2,-73,-68.2,108611,19,4,4.81,1,0,-4.39,-11.29,0
18:30:04,125.953,13554047,13554046,2,0,1,37.496586,126.957925,0.03,319.0,0,319.0,1,173.8,1,0.00,9.74,2.10,0.9983,20.77,2.031,473617,1066922,0.036,1,290.8,"-0.69,-0.03,9.72","1.4,-0.7,-1.4","3.600,37.950,10.950",0.08,0.16,0.00,0,126197,108612,9,1.00,37.496570,126.957925,28651,476,1714,40,17.08,0.00,999.00,51.3,0,193,0,2,-78,-70.2,108612,14,4,5.79,1,0,-4.39,-11.29,0
18:30:04,126.123,13554155,13554154,2,0,1,37.496586,126.957925,0.03,319.0,0,319.0,1,173.8,1,0.00,9.69,3.56,0.9980,21.35,2.023,473617,1066935,0.036,1,290.8,"-0.60,-0.12,9.67","2.8,-2.0,0.9","3.750,37.800,11.550",0.06,0.24,0.00,0,126198,108613,9,1.00,37.496570,126.957925,28651,476,1714,40,17.08,0.00,999.00,51.3,0,193,0,2,-77,-71.5,108613,15,4,6.60,1,0,-4.39,-11.29,0
18:30:04,126.268,13554266,13554253,2,0,1,37.496586,126.957925,0.03,319.0,0,319.0,1,173.8,1,0.00,9.70,2.89,0.9981,21.53,2.068,473617,1066947,0.036,1,290.8,"-0.67,-0.08,9.67","-0.1,1.7,-2.3","4.200,39.300,11.550",0.05,0.40,0.00,0,126199,108614,9,1.00,37.496570,126.957925,28651,476,1714,40,17.49,0.00,999.00,51.0,0,193,0,2,-77,-72.6,108614,18,4,7.32,1,0,-4.39,-11.29,0
18:30:04,126.442,13554369,13554356,2,0,1,37.496586,126.957925,0.03,319.0,0,319.0,1,173.8,1,0.00,9.73,4.89,0.9979,20.86,2.054,473617,1066958,0.036,1,290.8,"-0.72,-0.09,9.70","-2.9,-2.6,-2.9","3.600,38.700,10.950",0.09,0.19,0.00,0,126200,108615,9,1.00,37.496570,126.957925,28651,476,1714,40,17.49,0.00,999.00,51.0,0,193,0,2,-75,-73.1,108615,18,4,7.66,1,0,-4.39,-11.29,0
18:30:05,126.569,13554576,13554552,2,0,1,37.496586,126.957925,0.03,319.0,0,319.0,1,173.8,1,0.00,9.61,3.11,0.9986,20.02,2.033,473617,1066980,0.036,1,290.8,"-0.59,-0.00,9.60","0.3,-2.1,-2.2","3.600,37.950,10.200",0.11,0.25,0.00,0,126202,108617,9,1.00,37.496570,126.957925,28651,476,1714,40,17.49,0.00,999.00,51.0,0,193,0,2,-71,-73.0,108617,9,4,7.94,1,0,-4.39,-11.29,0
18:30:05,126.641,13554682,13554669,2,0,1,37.496585,126.957925,0.03,319.0,0,319.0,1,173.8,1,-1.09,9.70,6.53,0.9978,20.69,2.053,473617,1066991,0.031,1,290.8,"-0.70,-0.11,9.68","5.2,0.6,3.9","3.000,38.550,10.800",0.08,0.20,0.00,0,126203,108618,9,1.00,37.496568,126.957925,28652,476,1714,40,17.49,0.00,999.00,51.0,0,193,0,2,-70,-72.4,108618,16,4,7.16,1,0,-4.39,-11.29,0
18:30:05,126.719,13554787,13554774,1,0,1,37.496585,126.957925,0.03,319.0,0,319.0,1,173.8,1,0.00,9.79,3.37,0.9985,20.76,2.035,473617,1067002,0.031,1,290.8,"-0.59,-0.03,9.77","0.0,-3.0,1.5","2.850,37.950,10.950",0.11,0.21,0.00,0,126204,108619,9,1.00,37.496568,126.957925,28652,476,1714,40,17.49,0.00,999.00,51.0,0,194,0,1,-71,-72.1,108619,18,4,6.97,1,0,-4.39,-11.29,0
18:30:05,126.852,13554891,13554878,1,0,1,37.496585,126.957925,0.03,319.0,0,319.0,1,173.8,1,0.00,9.78,1.35,0.9973,22.75,2.025,473617,1067013,0.031,1,290.8,"-0.36,-0.23,9.77","-0.9,0.7,-0.8","5.400,38.250,12.900",0.32,0.32,0.00,0,126205,108620,9,1.00,37.496568,126.957925,28652,476,1714,40,17.91,0.00,999.00,50.8,0,194,0,1,-67,-71.1,108620,16,4,6.33,1,0,-4.39,-11.29,0
18:30:05,127.069,13554995,13554982,1,0,1,37.496585,126.957925,0.03,319.0,0,319.0,1,173.9,1,0.00,9.69,2.89,0.9956,21.05,2.024,473617,1067024,0.031,1,290.8,"0.09,-0.27,9.69","1.9,-0.6,2.1","3.750,37.800,11.250",0.81,0.95,0.00,0,126206,108621,9,1.00,37.496568,126.957925,28652,476,1714,40,17.91,0.00,999.00,50.8,0,194,0,1,-68,-70.5,108621,15,4,5.97,1,0,-4.39,-11.29,0
18:30:05,127.151,13555204,13555191,1,0,1,37.496585,126.957925,0.03,319.0,0,319.0,1,173.8,1,0.00,9.91,1.99,0.9876,20.47,2.036,473617,1067046,0.031,1,290.8,"-0.28,2.03,9.69","-1.8,0.7,-0.1","2.850,37.950,10.650",2.16,2.26,0.00,0,126208,108623,9,1.00,37.496568,126.957925,28652,476,1714,40,17.91,0.00,999.00,50.8,0,194,0,1,-64,-68.6,108623,14,4,5.00,1,0,-4.39,-11.29,0
18:30:05,127.235,13555295,13555294,1,0,1,37.496585,126.957925,0.03,319.0,0,319.0,1,173.8,1,0.00,10.00,2.79,0.9872,20.55,2.012,473617,1067057,0.031,1,290.8,"-0.28,2.07,9.78","-2.7,0.7,0.0","3.750,37.350,10.800",2.18,2.18,0.00,0,126209,108624,9,1.00,37.496568,126.957925,28652,476,1714,40,17.91,0.00,999.00,50.8,0,194,0,1,-62,-67.3,108624,0,4,5.00,1,0,-4.39,-11.29,0
18:30:05,127.353,13555396,13555395,1,0,1,37.496585,126.957925,0.03,319.0,0,319.0,1,173.8,1,0.00,9.80,2.98,0.9983,20.99,2.018,473617,1067069,0.031,1,290.8,"-0.66,-0.04,9.78","0.2,-2.8,0.9","2.250,37.350,11.250",0.10,0.98,0.00,0,126210,108624,9,1.00,37.496568,126.957925,28652,476,1714,40,18.33,0.00,999.00,50.6,0,194,0,1,-62,-67.3,108624,101,4,4.41,1,0,-4.39,-11.29,0
18:30:05,127.454,13555497,13555496,1,0,1,37.496585,126.957925,0.03,319.0,0,319.0,1,173.9,1,0.00,9.70,2.49,0.9975,20.76,2.035,473617,1067081,0.031,1,290.8,"-0.67,-0.17,9.68","1.8,-0.4,1.6","2.850,37.950,10.950",0.08,0.19,0.00,0,126211,108625,9,1.00,37.496568,126.957925,28652,476,1714,40,18.33,0.00,999.00,50.6,0,194,0,1,-58,-65.4,108625,98,4,3.70,1,0,-4.39,-11.29,0
18:30:06,127.535,13555602,13555601,1,0,1,37.496585,126.957925,0.03,319.0,0,319.0,1,173.9,1,0.00,9.75,4.81,0.9982,21.30,2.005,473617,1067092,0.031,1,290.8,"-0.57,-0.09,9.73","4.3,-2.2,-0.6","4.500,37.350,11.550",0.09,0.17,0.00,0,126212,108626,9,1.00,37.496568,126.957925,28652,476,1714,40,18.33,0.00,999.00,50.6,0,194,0,1,-56,-63.5,108626,97,4,3.09,1,0,-4.39,-11.29,0
18:30:06,127.655,13555703,13555702,1,0,1,37.496583,126.957925,0.03,319.0,0,319.0,1,173.9,1,0.00,9.54,0.67,0.9997,21.54,2.048,473617,1067104,0.026,1,290.8,"-0.23,0.39,9.52","-0.7,0.1,-0.1","1.650,38.250,11.700",0.63,0.86,0.00,0,126213,108627,9,1.00,37.496567,126.957925,28653,476,1714,40,18.75,0.00,999.00,50.4,0,194,0,1,-54,-61.6,108627,93,4,2.57,1,0,-4.39,-11.29,0
18:30:06,127.751,13555804,13555803,1,0,1,37.496583,126.957925,0.03,319.0,0,319.0,1,173.9,1,0.00,9.93,3.62,0.9982,21.91,2.061,473617,1067116,0.026,1,290.8,"-0.62,-0.09,9.91","2.7,-2.0,-1.4","2.550,38.850,12.000",0.22,1.00,0.00,0,126214,108628,9,1.00,37.496567,126.957925,28653,476,1714,40,18.75,0.00,999.00,50.4,0,194,0,1,-52,-59.7,108628,88,4,2.14,1,0,-4.39,-11.29,0
18:30:06,127.862,13555905,13555904,1,0,1,37.496583,126.957925,0.03,319.0,0,319.0,1,173.9,1,0.00,10.08,3.46,0.9986,21.88,2.049,473617,1067128,0.026,1,290.8,"-0.82,0.10,10.04","1.9,-2.4,1.7","3.000,38.550,12.000",0.42,0.85,0.00,0,126215,108629,9,1.00,37.496567,126.957925,28653,476,1714,40,18.75,0.00,999.00,50.4,0,194,0,1,-53,-58.4,108629,80,4,1.89,1,0,-4.39,-11.29,0
18:30:06,127.955,13556006,13556005,1,0,1,37.496583,126.957925,0.03,319.0,0,319.0,1,173.9,1,-0.01,8.66,3.62,0.9939,21.34,2.029,473617,1067140,0.026,1,290.8,"-0.47,-0.52,8.63","2.2,-1.1,2.6","2.550,37.800,11.550",1.15,1.15,0.00,0,126216,108630,9,1.00,37.496567,126.957925,28653,476,1714,40,18.75,0.00,999.00,50.4,0,194,0,1,-53,-57.3,108630,80,4,1.70,1,0,-4.39,-11.29,0
18:30:06,128.069,13556107,13556106,1,0,1,37.496583,126.957925,0.03,319.0,0,319.0,1,173.8,1,-0.69,9.74,3.18,0.9973,20.31,2.027,473617,1067152,0.026,1,290.8,"-0.13,-0.17,9.74","-0.0,0.4,3.2","3.750,37.800,10.500",0.51,0.77,0.00,0,126217,108631,9,1.00,37.496567,126.957925,28653,476,1714,40,19.17,0.00,999.00,50.2,0,194,0,1,-53,-56.4,108631,74,4,1.57,1,0,-4.39,-11.29,0
18:30:06,128.168,13556208,13556207,1,0,1,37.496583,126.957925,0.03,319.0,0,319.0,1,173.8,1,0.00,9.64,2.33,0.9984,21.34,2.029,473617,1067164,0.026,1,290.8,"-0.46,-0.07,9.63","2.3,-0.1,-0.1","2.550,37.800,11.550",0.20,0.89,0.00,0,126218,108632,9,1.00,37.496567,126.957925,28653,476,1714,40,19.17,0.00,999.00,50.2,0,194,0,1,-53,-55.7,108632,71,4,1.47,1,0,-4.39,-11.29,0
18:30:06,128.287,13556309,13556308,1,0,1,37.496583,126.957925,0.03,319.0,0,319.0,1,173.8,1,0.00,9.93,2.81,0.9979,18.90,2.012,473617,1067176,0.026,1,290.8,"-0.45,-0.15,9.92","1.6,-2.3,-0.5","3.900,37.200,9.150",0.35,0.55,0.00,0,126219,108633,9,1.00,37.496567,126.957925,28653,476,1714,40,19.17,0.00,999.00,50.2,0,194,0,1,-54,-55.4,108633,67,4,1.42,1,0,-4.39,-11.29,0
18:30:06,128.353,13556410,13556409,1,0,1,37.496583,126.957925,0.03,319.0,0,319.0,1,173.8,1,0.00,9.55,2.14,0.9996,22.04,2.010,473617,1067188,0.026,1,290.8,"-0.19,0.34,9.54","-2.1,0.0,-0.4","3.000,37.350,12.300",0.65,0.66,0.00,0,126220,108634,9,1.00,37.496567,126.957925,28653,476,1714,40,19.17,0.00,999.00,50.2,0,194,0,1,-54,-55.1,108634,62,4,1.38,1,0,-4.39,-11.29,0
18:30:06,128.471,13556511,13556510,1,0,1,37.496583,126.957925,0.03,319.0,0,319.0,1,173.8,1,0.00,9.74,2.88,0.9988,21.89,2.043,473617,1067200,0.026,1,290.8,"-0.57,0.02,9.73","1.9,-1.8,1.2","4.200,38.550,12.000",0.16,0.39,0.00,0,126221,108635,9,1.00,37.496567,126.957925,28653,476,1714,40,19.17,0.00,999.00,50.2,0,194,0,1,-53,-54.7,108635,54,4,1.33,1,0,-4.39,-11.29,0
18:30:07,128.602,13556618,13556616,1,0,1,37.496582,126.957925,0.03,319.0,0,319.0,1,173.8,1,0.00,9.80,0.81,0.9993,20.55,2.014,473617,1067211,0.026,1,290.8,"-0.56,0.12,9.79","0.7,-0.3,-0.1","3.300,37.350,10.800",0.26,0.47,0.00,0,126222,108636,8,1.00,37.496565,126.957924,28654,476,1714,40,19.17,0.00,999.00,50.2,0,194,0,1,-52,-54.2,108636,46,4,1.26,1,0,-4.39,-11.29,0
18:30:07,128.674,13556719,13556718,1,0,1,37.496582,126.957925,0.03,319.0,0,319.0,1,173.8,1,0.00,9.71,1.53,0.9988,22.26,2.025,473617,1067223,0.026,1,290.8,"-0.67,0.07,9.69","1.3,0.1,0.9","3.600,37.950,12.450",0.15,0.33,0.00,0,126223,108637,8,1.00,37.496565,126.957924,28654,476,1714,40,19.17,0.00,999.00,50.2,0,194,0,1,-52,-53.7,108637,52,4,1.21,1,0,-4.39,-11.29,0
18:30:07,128.818,13556819,13556818,1,0,1,37.496582,126.957925,0.03,319.0,0,319.0,1,173.8,1,0.00,9.93,2.65,0.9996,21.04,2.032,473617,1067235,0.026,1,290.8,"-0.61,0.26,9.91","0.0,2.6,-0.4","2.250,37.800,11.250",0.41,0.41,0.00,0,126224,108638,8,1.00,37.496565,126.957924,28654,476,1714,40,19.17,0.00,999.00,50.2,0,194,0,1,-52,-53.4,108638,48,4,1.17,1,0,-4.39,-11.29,0
18:30:07,129.085,13556920,13556919,1,0,1,37.496582,126.957925,0.03,319.0,0,319.0,1,173.8,1,0.00,9.62,2.02,0.9979,20.42,2.020,473617,1067247,0.026,1,290.8,"-0.59,-0.13,9.60","1.0,-1.1,1.3","3.150,37.500,10.650",0.11,0.37,0.00,0,126225,108639,8,1.00,37.496565,126.957924,28654,476,1714,40,19.17,0.00,999.00,50.2,0,194,0,1,-52,-53.1,108639,43,4,1.14,1,0,-4.39,-11.29,0
18:30:07,129.185,13557223,13557222,1,0,1,37.496582,126.957925,0.03,319.0,0,319.0,1,173.8,1,0.00,9.96,4.50,0.9982,21.96,2.030,473617,1067283,0.026,1,290.8,"-0.61,-0.08,9.94","-0.5,3.4,-2.9","2.850,37.950,12.150",0.27,0.28,0.00,0,126228,108642,8,1.00,37.496565,126.957924,28654,476,1714,40,19.59,0.00,999.00,50.0,0,194,0,1,-48,-50.4,108642,29,4,0.88,1,0,-4.39,-11.29,0
18:30:07,129.254,13557323,13557322,1,0,1,37.496582,126.957925,0.03,319.0,0,319.0,1,173.8,1,0.00,9.67,3.10,0.9996,20.55,2.014,473617,1067295,0.026,1,290.8,"-0.42,0.20,9.66","-0.2,-0.2,-3.1","3.300,37.350,10.800",0.35,0.42,0.00,0,126229,108643,8,1.00,37.496565,126.957924,28654,476,1714,40,19.59,0.00,999.00,50.0,0,194,0,1,-49,-50.1,108643,18,4,0.86,1,0,-4.39,-11.29,0
18:30:07,129.423,13557424,13557423,1,0,1,37.496582,126.957925,0.03,319.0,0,319.0,1,173.8,1,0.00,9.79,5.42,0.9974,21.05,2.022,473617,1067307,0.026,1,290.8,"-0.65,-0.19,9.77","1.1,-4.3,-3.1","4.200,37.800,11.250",0.16,0.56,0.00,0,126230,108644,8,1.00,37.496565,126.957924,28654,476,1714,40,19.59,0.00,999.00,50.0,0,194,0,1,-50,-50.1,108644,13,4,0.86,1,0,-4.39,-11.29,0
18:30:08,129.551,13557636,13557635,1,0,1,37.496580,126.957925,0.03,319.0,0,319.0,1,173.8,1,0.00,9.73,2.12,0.9980,21.51,2.032,473617,1067331,0.026,1,290.8,"-0.51,-0.13,9.71","-1.1,-1.3,-1.3","2.850,37.950,11.700",0.13,0.16,0.00,0,126232,108646,8,1.00,37.496565,126.957925,28655,476,1714,40,19.59,0.00,999.00,50.0,0,194,0,1,-48,-49.0,108646,15,4,0.80,1,0,-4.39,-11.29,0
18:30:08,129.772,13557737,13557736,1,0,1,37.496580,126.957925,0.03,319.0,0,319.0,1,173.8,1,0.00,9.80,3.05,0.9981,21.77,1.977,473617,1067343,0.026,1,290.8,"-0.58,-0.11,9.78","1.2,-1.8,2.1","3.150,36.300,12.150",0.12,0.16,0.00,0,126233,108647,8,1.00,37.496565,126.957925,28655,476,1714,40,19.59,0.00,999.00,50.0,0,194,0,1,-49,-49.0,108647,17,4,0.80,1,0,-4.39,-11.29,0
18:30:08,129.987,13557950,13557937,1,0,1,37.496580,126.957925,0.03,319.0,0,319.0,1,173.8,1,0.00,9.69,2.05,0.9984,20.30,2.031,473617,1067367,0.026,1,290.8,"-0.53,-0.06,9.67","2.0,-0.2,-0.3","3.000,37.800,10.500",0.11,0.47,0.00,0,126235,108649,8,1.00,37.496565,126.957925,28655,476,1714,40,19.59,0.00,999.00,50.0,0,194,0,1,-45,-47.7,108649,20,4,0.80,1,0,-4.39,-11.29,0
18:30:08,130.068,13558158,13558145,1,0,1,37.496580,126.957925,0.03,319.0,0,319.0,1,173.8,1,0.00,9.68,3.60,0.9970,21.97,2.023,473617,1067389,0.026,1,290.8,"-0.71,-0.22,9.65","-0.4,3.1,-1.7","4.350,37.950,12.150",0.15,0.19,0.00,0,126237,108651,8,1.00,37.496565,126.957925,28655,476,1714,40,19.59,0.00,999.00,50.0,0,194,0,1,-44,-46.7,108651,14,4,0.80,1,0,-4.39,-11.29,0
18:30:08,130.155,13558261,13558248,1,0,1,37.496580,126.957925,0.03,319.0,0,319.0,1,173.8,1,0.00,9.69,1.94,0.9981,22.21,2.011,473617,1067400,0.026,1,290.8,"-0.74,-0.04,9.66","0.2,0.3,-1.9","3.600,37.500,12.450",0.11,0.27,0.00,0,126238,108652,8,1.00,37.496565,126.957925,28655,476,1714,40,19.59,0.00,999.00,50.0,0,194,0,1,-46,-46.6,108652,15,4,0.80,1,0,-4.39,-11.29,0
18:30:08,130.224,13558352,13558351,0,0,1,37.496580,126.957925,0.03,319.0,0,319.0,1,173.8,1,0.00,9.68,2.84,0.9979,21.68,2.001,473617,1067411,0.026,1,290.8,"-0.71,-0.09,9.65","-1.3,-0.1,-2.5","2.250,36.900,12.000",0.08,0.21,0.00,0,126239,108652,8,1.00,37.496565,126.957925,28655,476,1714,40,19.59,0.00,999.00,50.0,0,194,0,1,-46,-46.6,108652,106,4,0.80,1,0,-4.39,-11.29,0
18:30:08,130.354,13558453,13558452,0,0,1,37.496580,126.957925,0.03,319.0,0,319.0,1,173.8,1,0.00,9.62,3.85,0.9981,22.09,2.024,473617,1067423,0.026,1,290.8,"-0.66,-0.08,9.60","1.7,1.4,-3.2","3.000,37.800,12.300",0.08,0.23,0.00,0,126240,108653,8,1.00,37.496565,126.957925,28655,476,1714,40,19.59,0.00,999.00,50.0,0,194,0,1,-48,-46.9,108653,85,4,0.80,1,0,-4.39,-11.29,0
18:30:08,130.435,13558554,13558553,0,0,1,37.496580,126.957925,0.03,319.0,0,319.0,1,173.8,1,0.00,9.76,4.24,0.9975,22.21,2.055,473617,1067435,0.026,1,290.8,"-0.53,-0.21,9.74","2.6,2.3,-2.4","3.300,38.850,12.300",0.19,0.19,0.00,0,126241,108654,8,1.00,37.496565,126.957925,28655,476,1714,40,19.59,0.00,999.00,50.0,0,194,0,1,-48,-47.1,108654,85,4,0.80,1,0,-4.39,-11.29,0
18:30:09,130.545,13558660,13558659,0,0,1,37.496579,126.957925,0.02,319.0,0,319.0,1,173.8,1,0.00,9.63,1.75,0.9979,21.52,2.024,473617,1067446,0.015,1,290.8,"-0.67,-0.10,9.61","1.0,0.7,1.2","4.350,37.950,11.700",0.08,0.20,0.00,0,126242,108655,8,1.00,37.496565,126.957925,28656,476,1714,40,19.59,0.00,999.00,50.0,0,194,0,1,-53,-48.3,108655,91,4,0.80,1,0,-4.39,-11.29,0
18:30:09,130.719,13558761,13558760,0,0,1,37.496579,126.957925,0.02,319.0,0,319.0,1,173.8,1,-0.29,9.74,6.33,0.9980,21.21,2.033,473617,1067458,0.015,1,290.8,"-0.61,-0.11,9.72","2.9,-4.8,2.9","2.850,37.950,11.400",0.06,0.19,0.00,0,126243,108656,8,1.00,37.496565,126.957925,28656,476,1714,40,20.00,0.00,999.00,49.8,0,194,0,1,-44,-47.4,108656,82,4,0.80,1,0,-4.39,-11.29,0
18:30:09,130.819,13558862,13558861,0,0,1,37.496579,126.957925,0.02,319.0,0,319.0,1,173.8,1,0.00,9.62,2.49,0.9978,21.14,2.000,473617,1067470,0.015,1,290.8,"-0.63,-0.14,9.60","0.9,1.6,1.7","4.650,37.200,11.400",0.10,0.23,0.00,0,126244,108657,8,1.00,37.496565,126.957925,28656,476,1714,40,20.00,0.00,999.00,49.8,0,194,0,1,-44,-46.7,108657,87,4,0.80,1,0,-4.39,-11.29,0
18:30:09,130.952,13558963,13558962,0,0,1,37.496579,126.957925,0.02,319.0,0,319.0,1,173.8,1,0.00,9.70,3.47,0.9977,22.62,1.999,473617,1067482,0.015,1,290.8,"-0.63,-0.14,9.68","3.3,-0.9,0.2","3.900,37.200,12.900",0.07,0.17,0.00,0,126245,108658,8,1.00,37.496565,126.957925,28656,476,1714,40,20.00,0.00,999.00,49.8,0,194,0,1,-46,-46.6,108658,79,4,0.80,1,0,-4.39,-11.29,0
18:30:09,131.052,13559064,13559063,0,0,1,37.496579,126.957925,0.02,319.0,0,319.0,1,173.8,1,0.00,9.73,1.93,0.9984,22.25,2.029,473617,1067494,0.015,1,290.8,"-0.65,-0.03,9.71","1.8,0.4,0.7","2.850,37.950,12.450",0.06,0.17,0.00,0,126246,108659,8,1.00,37.496565,126.957925,28656,476,1714,40,20.00,0.00,999.00,49.8,0,194,0,1,-48,-46.9,108659,78,4,0.80,1,0,-4.39,-11.29,0
18:30:09,131.119,13559165,13559164,0,0,1,37.496579,126.957925,0.02,319.0,0,319.0,1,173.8,1,0.00,9.61,0.86,0.9983,21.25,1.991,473617,1067506,0.015,1,290.8,"-0.66,-0.03,9.59","0.2,0.8,-0.1","4.500,36.900,11.550",0.09,0.24,0.00,0,126247,108660,8,1.00,37.496565,126.957925,28656,476,1714,40,20.00,0.00,999.00,49.8,0,194,0,1,-43,-46.1,108660,73,4,0.80,1,0,-4.39,-11.29,0
18:30:09,131.335,13559266,13559265,0,0,1,37.496579,126.957925,0.02,319.0,0,319.0,1,173.8,1,0.00,9.65,2.35,0.9986,22.03,1.967,473617,1067518,0.015,1,290.8,"-0.61,-0.00,9.63","1.7,0.7,1.5","3.150,36.000,12.450",0.07,0.19,0.00,0,126248,108661,8,1.00,37.496565,126.957925,28656,476,1714,40,20.00,0.00,999.00,49.8,0,194,0,1,-44,-45.7,108661,69,4,0.80,1,0,-4.39,-11.29,0
18:30:09,131.419,13559468,13559467,0,0,1,37.496579,126.957925,0.02,319.0,0,319.0,1,173.8,1,0.00,9.71,1.96,0.9979,22.05,2.052,473617,1067542,0.015,1,290.8,"-0.57,-0.13,9.70","-0.3,-0.6,-1.8","3.150,38.700,12.150",0.08,0.16,0.00,0,126250,108663,8,1.00,37.496565,126.957925,28656,476,1714,40,20.00,0.00,999.00,49.8,0,194,0,1,-45,-45.4,108663,60,4,0.80,1,0,-4.39,-11.29,0
18:30:10,131.537,13559592,13559568,0,0,1,37.496579,126.957925,0.02,319.0,0,319.0,1,173.8,1,0.00,9.73,3.39,0.9976,20.28,1.980,473617,1067554,0.015,1,290.8,"-0.74,-0.12,9.71","1.6,-3.0,-0.0","3.600,36.300,10.650",0.12,0.17,0.00,0,126251,108664,8,1.00,37.496565,126.957925,28656,476,1714,40,20.00,0.00,999.00,49.8,0,194,0,1,-46,-45.5,108664,78,4,0.80,1,0,-4.39,-11.29,0
18:30:10,131.657,13559686,13559685,0,0,1,37.496578,126.957925,0.03,319.0,0,319.0,1,173.8,1,0.00,9.63,2.52,0.9972,21.25,2.037,473617,1067565,0.041,1,290.8,"-0.71,-0.18,9.60","2.0,-0.9,-1.3","3.900,38.250,11.400",0.15,0.16,0.00,0,126252,108665,9,1.00,37.496563,126.957925,28657,476,1714,40,20.00,0.00,999.00,49.8,0,194,0,1,-47,-45.8,108665,67,4,0.80,1,0,-4.39,-11.29,0
18:30:10,131.720,13559787,13559786,0,0,1,37.496578,126.957925,0.03,319.0,0,319.0,1,173.8,1,0.00,9.63,2.12,0.9989,21.08,2.037,473617,1067577,0.041,1,290.8,"-0.56,0.04,9.62","0.8,-0.6,-1.8","3.000,38.100,11.250",0.16,0.18,0.00,0,126253,108666,9,1.00,37.496563,126.957925,28657,476,1714,40,20.00,0.00,999.00,49.8,0,194,0,1,-48,-46.3,108666,61,4,0.80,1,0,-4.39,-11.29,0
18:30:10,131.935,13559888,13559887,0,0,1,37.496578,126.957925,0.03,319.0,0,319.0,1,173.8,1,0.00,9.80,4.39,0.9975,21.55,2.037,473617,1067589,0.041,1,290.8,"-0.59,-0.19,9.78","-2.8,3.3,-0.4","3.600,38.250,11.700",0.15,0.17,0.00,0,126254,108667,9,1.00,37.496563,126.957925,28657,476,1714,40,20.42,0.00,999.00,49.6,0,194,0,1,-50,-47.0,108667,59,4,0.80,1,0,-4.39,-11.29,0
18:30:10,132.352,13560090,13560089,0,0,1,37.496578,126.957925,0.03,319.0,0,319.0,1,173.8,1,0.00,9.66,2.21,0.9982,21.91,2.015,473617,1067613,0.041,1,290.8,"-0.67,-0.05,9.64","1.8,-0.9,-0.9","3.150,37.500,12.150",0.07,0.15,0.00,0,126256,108669,9,1.00,37.496563,126.957925,28657,476,1714,40,20.42,0.00,999.00,49.6,0,194,0,1,-49,-47.6,108669,42,4,0.80,1,0,-4.39,-11.29,0
18:30:11,132.922,13560500,13560499,0,0,1,37.496578,126.957925,0.03,319.0,0,319.0,1,173.8,1,0.00,9.74,2.34,0.9979,21.87,2.007,473617,1067662,0.041,1,290.8,"-0.64,-0.11,9.72","-0.0,2.1,-1.1","2.850,37.200,12.150",0.06,0.16,0.00,0,126260,108673,9,1.00,37.496563,126.957925,28657,476,1714,40,20.42,0.00,999.00,49.6,0,194,0,1,-48,-47.4,108673,36,4,0.80,1,0,-4.39,-11.29,0
18:30:11,133.052,13561013,13561012,0,0,1,37.496576,126.957925,0.03,319.0,0,319.0,1,173.8,1,0.00,9.82,1.31,0.9982,19.97,2.019,473617,1067720,0.031,1,290.8,"-0.68,-0.05,9.80","0.6,1.0,-0.6","3.600,37.500,10.200",0.15,0.15,0.00,0,126265,108678,9,1.00,37.496561,126.957925,28658,476,1714,40,20.42,0.00,999.00,49.6,0,194,0,1,-45,-46.6,108678,22,4,0.80,1,0,-4.39,-11.29,0
18:30:11,133.117,13561124,13561111,0,0,1,37.496576,126.957925,0.03,319.0,0,319.0,1,173.8,1,0.00,9.74,3.94,0.9976,21.08,1.991,473617,1067732,0.031,1,290.8,"-0.60,-0.17,9.72","3.1,-1.7,1.7","3.600,36.750,11.400",0.11,0.17,0.00,0,126266,108679,9,1.00,37.496561,126.957925,28658,476,1714,40,20.42,0.00,999.00,49.6,0,194,0,1,-46,-46.5,108679,19,4,0.80,1,0,-4.39,-11.29,0
18:30:11,133.185,13561227,13561214,0,0,1,37.496576,126.957925,0.03,319.0,0,319.0,1,173.8,1,0.00,9.62,4.68,0.9983,22.27,2.065,473617,1067743,0.031,1,290.8,"-0.69,-0.02,9.59","-1.4,3.3,-3.0","4.200,39.300,12.300",0.12,0.16,0.00,0,126267,108680,9,1.00,37.496561,126.957925,28658,476,1714,40,20.42,0.00,999.00,49.6,0,194,0,1,-50,-47.2,108680,20,4,0.80,1,0,-4.39,-11.29,0
18:30:11,133.270,13561319,13561318,0,0,1,37.496576,126.957925,0.03,319.0,0,319.0,1,173.8,1,0.00,9.67,2.98,0.9978,21.43,2.050,473617,1067754,0.031,1,290.8,"-0.57,-0.15,9.65","1.4,2.5,-0.8","3.000,38.550,11.550",0.10,0.16,0.00,0,126268,108681,9,1.00,37.496561,126.957925,28658,476,1714,40,20.42,0.00,999.00,49.6,0,194,0,1,-51,-48.0,108681,10,4,0.80,1,0,-4.39,-11.29,0
18:30:11,133.419,13561431,13561418,0,0,1,37.496576,126.957925,0.03,319.0,0,319.0,1,173.8,1,0.00,9.78,0.96,0.9974,22.44,1.987,473617,1067766,0.031,1,290.8,"-0.52,-0.22,9.77","-0.4,-0.3,0.8","4.500,36.900,12.750",0.20,0.21,0.00,0,126269,108682,9,1.00,37.496561,126.957925,28658,476,1714,40,20.42,0.00,999.00,49.6,0,194,0,1,-50,-48.4,108682,18,4,0.80,1,0,-4.39,-11.29,0
18:30:12,133.668,13561534,13561521,0,0,1,37.496576,126.957925,0.03,319.0,0,319.0,1,173.8,1,0.00,9.77,4.57,0.9977,21.31,2.095,473617,1067777,0.031,1,290.8,"-0.66,-0.14,9.74","1.2,3.8,-2.2","3.750,40.050,11.250",0.10,0.19,0.00,0,126270,108683,9,1.00,37.496561,126.957925,28658,476,1714,40,20.42,0.00,999.00,49.6,0,194,0,1,-49,-48.5,108683,15,4,0.80,1,0,-4.39,-11.29,0
18:30:12,133.875,13561848,13561835,0,0,1,37.496575,126.957925,0.02,319.0,0,319.0,1,173.8,1,0.00,9.73,2.13,0.9982,21.13,2.051,473617,1067809,0.015,1,290.8,"-0.65,-0.07,9.71","-0.2,1.2,-1.8","3.000,38.550,11.250",0.04,0.20,0.00,0,126273,108686,9,1.00,37.496561,126.957924,28659,476,1714,40,20.42,0.00,999.00,49.6,0,194,0,1,-51,-49.5,108686,13,4,0.81,1,0,-4.39,-11.29,0
18:30:12,133.968,13562041,13562040,0,0,1,37.496575,126.957925,0.02,319.0,0,319.0,1,173.8,1,0.00,9.81,3.21,0.9980,21.88,2.047,473617,1067832,0.015,1,290.8,"-0.63,-0.10,9.79","2.2,-2.3,0.6","3.300,38.550,12.000",0.12,0.18,0.00,0,126275,108687,9,1.00,37.496561,126.957924,28659,476,1714,40,20.42,0.00,999.00,49.6,0,194,0,1,-49,-49.4,108687,100,4,0.80,1,0,-4.39,-11.29,0
18:30:12,134.317,13562142,13562141,0,0,1,37.496575,126.957925,0.02,319.0,0,319.0,1,173.8,1,0.00,9.69,3.30,0.9985,20.85,2.058,473617,1067844,0.015,1,290.8,"-0.57,-0.04,9.68","2.4,-2.2,-0.6","2.850,38.700,10.950",0.06,0.17,0.00,0,126276,108688,9,1.00,37.496561,126.957924,28659,476,1714,40,20.00,0.00,999.00,49.8,0,194,0,1,-50,-49.5,108688,91,4,0.81,1,0,-4.39,-11.29,0
18:30:12,134.520,13562444,13562443,0,0,1,37.496575,126.957925,0.02,319.0,0,319.0,1,173.8,1,0.00,9.62,2.38,0.9986,20.42,2.062,473617,1067880,0.015,1,290.8,"-0.59,0.00,9.60","0.8,0.0,-2.2","3.300,38.850,10.500",0.12,0.19,0.00,0,126279,108691,9,1.00,37.496561,126.957924,28659,476,1714,40,20.00,0.00,999.00,49.8,0,194,0,1,-50,-50.0,108691,79,4,0.85,1,0,-4.39,-11.29,0
18:30:24,145.698,13562646,13562645,0,0,1,37.496574,126.957925,0.02,319.0,0,319.0,1,173.8,1,0.00,9.75,1.15,0.9974,22.26,2.028,473617,1067901,0.010,1,290.8,"-0.71,-0.17,9.73","0.4,-1.0,0.4","3.150,37.950,12.450",0.12,0.18,0.00,0,126281,108693,8,1.00,37.496559,126.957924,28660,476,1714,40,20.00,0.00,999.00,49.8,0,194,0,1,-52,-50.4,108693,71,4,0.88,1,0,-4.39,-11.29,0
18:30:24,145.883,13573828,13573827,0,0,1,37.496534,126.957935,0.02,0.0,0,319.0,1,173.8,1,0.00,9.73,1.56,0.9981,21.88,2.049,473617,1067951,0.041,1,290.8,"-0.69,-0.06,9.71","0.3,-1.3,-0.9","3.000,38.550,12.000",0.07,0.16,0.00,0,126286,108799,8,1.00,37.496534,126.957935,28661,476,1714,40,20.64,0.00,999.00,2.8,0,194,0,1,-47,-47.4,108799,67,4,0.80,1,0,-4.39,-11.29,0
18:30:24,146.033,13573930,13573929,0,0,1,37.496534,126.957935,0.02,0.0,0,319.0,1,173.8,1,0.00,9.69,2.82,0.9983,22.38,2.074,473617,1067963,0.041,1,290.8,"-0.69,-0.02,9.66","2.5,-0.4,-1.4","1.650,39.150,12.450",0.09,0.17,0.00,0,126287,108800,8,1.00,37.496534,126.957935,28661,476,1714,40,20.64,0.00,999.00,2.8,0,194,0,1,-49,-47.7,108800,67,4,0.80,1,0,-4.39,-11.29,0
18:30:24,146.170,13574132,13574131,0,0,1,37.496534,126.957935,0.02,0.0,0,319.0,1,173.8,1,0.00,9.65,1.66,0.9981,21.97,2.023,473617,1067987,0.041,1,290.8,"-0.82,0.02,9.62","-0.6,-0.7,-1.4","4.350,37.950,12.150",0.22,0.33,0.00,0,126289,108802,8,1.00,37.496534,126.957935,28661,476,1714,40,20.64,0.00,999.00,2.8,0,194,0,1,-46,-46.6,108802,58,4,0.80,1,0,-4.39,-11.29,0
18:30:24,146.351,13574333,13574332,0,0,1,37.496534,126.957935,0.02,0.0,0,319.0,1,173.8,1,0.00,9.74,1.30,0.9966,22.04,2.010,473617,1068011,0.041,1,290.8,"-0.58,-0.31,9.72","-0.7,0.8,-0.8","3.000,37.350,12.300",0.22,0.29,0.00,0,126291,108804,8,1.00,37.496534,126.957935,28661,476,1714,40,20.64,0.00,999.00,2.8,0,194,0,1,-47,-46.8,108804,46,4,0.80,1,0,-4.39,-11.29,0
18:30:24,146.449,13574437,13574436,0,0,1,37.496534,126.957935,0.02,0.0,0,319.0,1,173.8,1,0.00,9.53,3.59,0.9969,20.63,2.039,473617,1068022,0.041,1,290.8,"-0.53,-0.27,9.51","1.5,3.0,-1.3","3.000,38.100,10.800",0.25,0.25,0.00,0,126292,108805,8,1.00,37.496534,126.957935,28661,476,1714,40,20.64,0.00,999.00,2.8,0,194,0,1,-50,-47.4,108805,46,4,0.80,1,0,-4.39,-11.29,0
18:30:25,146.686,13574538,13574537,0,0,1,37.496534,126.957935,0.02,0.0,0,319.0,1,173.8,1,0.00,9.77,2.65,0.9970,22.22,2.053,473617,1068034,0.041,1,290.8,"-0.83,-0.17,9.73","0.1,2.0,-1.7","3.750,38.850,12.300",0.22,0.34,0.00,0,126293,108806,8,1.00,37.496534,126.957935,28661,476,1714,40,20.64,0.00,999.00,2.8,0,194,0,1,-54,-48.7,108806,42,4,0.80,1,0,-4.39,-11.29,0
18:30:25,146.800,13574846,13574845,0,0,1,37.496534,126.957934,0.02,0.0,0,319.0,1,173.8,1,0.00,9.69,1.81,0.9974,21.66,1.986,473617,1068069,0.015,1,290.8,"-0.70,-0.16,9.66","-0.2,-1.8,0.1","3.300,36.600,12.000",0.11,0.17,0.00,0,126296,108809,8,1.03,37.496533,126.957934,28662,476,1714,40,20.64,0.00,999.00,2.8,0,194,0,1,-50,-49.5,108809,18,4,0.81,1,0,-4.39,-11.29,0
18:30:25,146.920,13574947,13574946,0,0,1,37.496534,126.957934,0.02,0.0,0,319.0,1,173.8,1,0.00,9.68,2.84,0.9988,22.02,2.086,473617,1068081,0.015,1,290.8,"-0.57,0.03,9.67","1.6,0.1,-2.3","3.000,39.750,12.000",0.13,0.23,0.00,0,126297,108810,8,1.03,37.496533,126.957934,28662,476,1714,40,20.64,0.00,999.00,2.8,0,194,0,1,-50,-49.6,108810,19,4,0.82,1,0,-4.39,-11.29,0
18:30:25,147.039,13575148,13575147,0,0,1,37.496534,126.957934,0.02,0.0,0,319.0,1,173.8,1,0.00,9.64,6.01,0.9978,20.91,1.993,473617,1068105,0.015,1,290.8,"-0.75,-0.08,9.61","6.0,0.1,-0.8","2.550,36.600,11.250",0.14,0.15,0.00,0,126299,108812,8,1.03,37.496533,126.957934,28662,476,1714,40,20.64,0.00,999.00,2.8,0,194,0,1,-50,-49.6,108812,19,4,0.82,1,0,-4.39,-11.29,0
18:30:25,147.201,13575255,13575255,0,0,1,37.496534,126.957934,0.02,0.0,0,319.0,1,173.8,1,0.00,9.72,5.12,0.9983,22.71,2.022,473617,1068118,0.015,1,290.8,"-0.71,-0.02,9.69","-0.4,3.8,-3.4","3.900,37.950,12.900",0.10,0.23,0.00,0,126300,108813,8,1.03,37.496533,126.957934,28662,476,1714,40,20.62,0.00,999.00,1.0,0,194,0,1,-54,-50.5,108813,21,4,0.89,1,0,-4.39,-11.29,0
18:30:25,147.418,13575364,13575363,0,0,1,37.496534,126.957934,0.02,0.0,0,319.0,1,173.8,1,0.00,9.72,2.73,0.9976,21.89,2.043,473617,1068131,0.015,1,290.8,"-0.73,-0.13,9.69","1.0,-1.3,-2.2","4.200,38.550,12.000",0.11,0.17,0.00,0,126301,108814,8,1.03,37.496533,126.957934,28662,476,1714,40,20.62,0.00,999.00,1.0,0,194,0,1,-50,-50.4,108814,22,4,0.88,1,0,-4.39,-11.29,0
18:30:26,147.675,13575568,13575567,0,0,1,37.496534,126.957934,0.02,0.0,0,319.0,1,173.8,1,0.00,9.64,3.62,0.9979,22.62,2.049,473617,1068154,0.015,1,290.8,"-0.66,-0.11,9.62","2.8,1.7,-1.6","2.550,38.550,12.750",0.06,0.22,0.00,0,126303,108816,8,1.03,37.496533,126.957934,28662,476,1714,40,20.62,0.00,999.00,1.0,0,194,0,1,-46,-49.1,108816,17,4,0.80,1,0,-4.39,-11.29,0
18:30:26,147.820,13575885,13575872,0,0,1,37.496534,126.957934,0.01,0.0,0,319.0,1,173.8,1,0.00,9.71,2.53,0.9980,22.13,2.027,473617,1068189,0.010,1,290.8,"-0.62,-0.11,9.69","0.1,-1.5,-2.0","4.200,38.100,12.300",0.03,0.22,0.00,0,126306,108819,8,1.00,37.496532,126.957934,28663,476,1714,40,21.05,0.00,999.00,1.0,0,194,0,1,-46,-47.3,108819,16,4,0.80,1,0,-4.39,-11.29,0
18:30:26,147.953,13575988,13575975,0,0,1,37.496534,126.957934,0.01,0.0,0,319.0,1,173.8,1,0.00,9.70,1.51,0.9980,22.30,2.033,473617,1068200,0.010,1,290.8,"-0.62,-0.11,9.68","-0.9,0.4,-1.2","3.900,38.250,12.450",0.03,0.17,0.00,0,126307,108820,8,1.00,37.496532,126.957934,28663,476,1714,40,21.05,0.00,999.00,1.0,0,194,0,1,-45,-46.8,108820,14,4,0.80,1,0,-4.39,-11.29,0
18:30:26,148.084,13576080,13576079,0,0,1,37.496534,126.957934,0.01,0.0,0,319.0,1,173.8,1,0.00,9.76,3.01,0.9986,22.49,2.002,473617,1068211,0.010,1,290.8,"-0.58,-0.02,9.74","1.6,-0.6,2.5","4.200,37.350,12.750",0.11,0.16,0.00,0,126308,108820,8,1.00,37.496532,126.957934,28663,476,1714,40,21.05,0.00,999.00,1.0,0,194,0,1,-45,-46.8,108820,106,4,0.80,1,0,-4.39,-11.29,0
18:30:26,148.476,13576282,13576281,0,0,1,37.496534,126.957934,0.01,0.0,0,319.0,1,173.8,1,0.00,9.66,2.27,0.9978,21.39,2.029,473617,1068235,0.010,1,290.8,"-0.69,-0.11,9.63","1.4,1.3,-1.2","4.500,38.100,11.550",0.08,0.14,0.00,0,126310,108822,8,1.00,37.496532,126.957934,28663,476,1714,40,21.05,0.00,999.00,1.0,0,194,0,1,-47,-46.7,108822,96,4,0.80,1,0,-4.39,-11.29,0
18:30:27,148.699,13576690,13576689,0,0,1,37.496534,126.957934,0.01,0.0,0,319.0,1,173.8,1,0.00,9.83,2.11,0.9976,21.26,2.035,473617,1068282,0.005,1,290.8,"-0.64,-0.16,9.81","1.9,-0.6,0.6","4.350,38.250,11.400",0.15,0.15,0.00,0,126314,108826,8,1.00,37.496532,126.957934,28664,476,1714,40,21.05,0.00,999.00,1.0,0,194,0,1,-46,-46.2,108826,75,4,0.80,1,0,-4.39,-11.29,0
18:30:27,148.714,13576791,13576790,0,0,1,37.496534,126.957934,0.01,0.0,0,319.0,1,173.8,1,0.00,9.64,1.58,0.9978,21.38,2.036,473617,1068294,0.005,1,290.8,"-0.77,-0.08,9.61","1.1,-1.1,-0.3","3.000,38.100,11.550",0.15,0.15,0.00,0,126315,108827,8,1.00,37.496532,126.957934,28664,476,1714,40,21.05,0.00,999.00,1.0,0,194,0,1,-45,-46.0,108827,78,4,0.80,1,0,-4.39,-11.29,0
18:30:27,148.772,13576893,13576892,0,0,1,37.496534,126.957934,0.01,0.0,0,319.0,1,173.8,1,0.00,9.68,3.88,0.9984,22.27,2.018,473617,1068306,0.005,1,290.8,"-0.64,-0.04,9.66","-1.4,2.3,-2.8","5.100,37.950,12.450",0.04,0.16,0.00,0,126316,108828,8,1.00,37.496532,126.957934,28664,476,1714,40,21.47,0.00,999.00,-0.9,0,194,0,1,-46,-46.0,108828,74,4,0.80,1,0,-4.39,-11.29,0
18:30:27,149.056,13576994,13576993,0,0,1,37.496534,126.957934,0.01,0.0,0,319.0,1,173.8,1,0.00,9.77,1.86,0.9983,21.38,2.039,473617,1068318,0.005,1,290.8,"-0.57,-0.07,9.75","-0.1,-0.9,-1.6","2.550,38.100,11.550",0.11,0.20,0.00,0,126317,108829,8,1.00,37.496532,126.957934,28664,476,1714,40,21.47,0.00,999.00,-0.9,0,194,0,1,-46,-46.0,108829,70,4,0.80,1,0,-4.39,-11.29,0
18:30:27,149.168,13577196,13577195,0,0,1,37.496534,126.957934,0.01,0.0,0,319.0,1,173.8,1,0.00,9.71,2.89,0.9976,21.75,2.005,473617,1068342,0.005,1,290.8,"-0.55,-0.18,9.69","2.6,0.9,-0.7","4.200,37.350,12.000",0.12,0.27,0.00,0,126319,108831,8,1.00,37.496532,126.957934,28664,476,1714,40,21.47,0.00,999.00,-0.9,0,194,0,1,-46,-46.0,108831,61,4,0.80,1,0,-4.39,-11.29,0
18:30:27,149.337,13577297,13577296,0,0,1,37.496534,126.957934,0.01,0.0,0,319.0,1,173.8,1,0.00,9.75,2.33,0.9983,20.48,2.074,473617,1068354,0.005,1,290.8,"-0.62,-0.06,9.73","0.1,1.8,-1.5","3.750,39.300,10.500",0.05,0.16,0.00,0,126320,108832,8,1.00,37.496532,126.957934,28664,476,1714,40,21.47,0.00,999.00,-0.9,0,194,0,1,-44,-45.6,108832,54,4,0.80,1,0,-4.39,-11.29,0
18:30:28,149.551,13577503,13577502,0,0,1,37.496534,126.957934,0.01,0.0,0,319.0,1,173.8,1,0.00,9.70,1.51,0.9982,22.35,2.049,473617,1068377,0.005,1,290.8,"-0.66,-0.05,9.68","0.5,0.6,1.3","3.600,38.700,12.450",0.04,0.17,0.00,0,126322,108834,8,1.00,37.496532,126.957934,28664,476,1714,40,21.47,0.00,999.00,-0.9,0,194,0,1,-45,-45.5,108834,50,4,0.80,1,0,-4.39,-11.29,0
18:30:28,149.650,13577706,13577705,0,0,1,37.496533,126.957934,0.02,0.0,0,319.0,1,173.8,1,0.00,9.78,1.38,0.9978,20.63,1.991,473617,1068401,0.021,1,290.8,"-0.63,-0.13,9.76","0.5,-1.0,0.8","3.900,36.750,10.950",0.09,0.19,0.00,0,126324,108836,8,1.00,37.496531,126.957934,28665,476,1714,40,21.47,0.00,999.00,-0.9,0,194,0,1,-46,-45.5,108836,41,4,0.80,1,0,-4.39,-11.29,0
18:30:28,149.800,13577807,13577806,0,0,1,37.496533,126.957934,0.02,0.0,0,319.0,1,173.8,1,0.00,9.61,2.85,0.9984,20.94,1.998,473617,1068413,0.021,1,290.8,"-0.66,-0.02,9.59","0.1,-2.4,-1.5","3.300,36.900,11.250",0.11,0.17,0.00,0,126325,108837,8,1.00,37.496531,126.957934,28665,476,1714,40,21.47,0.00,999.00,-0.9,0,194,0,1,-45,-45.4,108837,37,4,0.80,1,0,-4.39,-11.29,0
18:30:28,149.884,13578010,13578009,0,0,1,37.496533,126.957934,0.02,0.0,0,319.0,1,173.8,1,0.00,9.70,2.83,0.9975,21.96,2.030,473617,1068437,0.021,1,290.8,"-0.65,-0.17,9.67","0.2,2.8,0.4","2.850,37.950,12.150",0.08,0.15,0.00,0,126327,108839,8,1.00,37.496531,126.957934,28665,476,1714,40,21.47,0.00,999.00,-0.9,0,194,0,1,-46,-45.5,108839,29,4,0.80,1,0,-4.39,-11.29,0
18:30:28,150.219,13578111,13578110,0,0,1,37.496533,126.957934,0.02,0.0,0,319.0,1,173.8,1,0.00,9.62,0.99,0.9967,22.18,2.048,473617,1068449,0.021,1,290.8,"-0.64,-0.27,9.59","-0.9,0.1,-0.4","3.000,38.550,12.300",0.20,0.37,0.00,0,126328,108840,8,1.00,37.496531,126.957934,28665,476,1714,40,21.47,0.00,999.00,-0.9,0,194,0,1,-46,-45.6,108840,23,4,0.80,1,0,-4.39,-11.29,0
18:30:28,150.486,13578423,13578410,0,0,1,37.496533,126.957934,0.02,0.0,0,319.0,1,173.8,1,0.00,9.79,0.89,0.9984,22.09,2.020,473617,1068485,0.021,1,290.8,"-0.55,-0.07,9.77","0.7,-0.6,-0.0","3.750,37.800,12.300",0.12,0.14,0.00,0,126331,108843,8,1.00,37.496531,126.957934,28665,476,1714,40,21.47,0.00,999.00,-0.9,0,194,0,1,-49,-46.5,108843,19,4,0.80,1,0,-4.39,-11.29,0
18:30:29,150.590,13578631,13578618,0,0,1,37.496533,126.957934,0.02,0.0,0,319.0,1,173.8,1,0.00,9.65,2.76,0.9985,21.83,2.033,473617,1068507,0.031,1,290.8,"-0.62,-0.02,9.63","-0.7,1.6,-2.1","3.300,38.100,12.000",0.08,0.18,0.00,0,126333,108845,8,1.00,37.496532,126.957933,28666,476,1714,40,21.47,0.00,999.00,-0.9,0,194,0,1,-52,-48.2,108845,18,4,0.80,1,0,-4.39,-11.29,0
18:30:29,150.934,13578735,13578722,0,0,1,37.496533,126.957934,0.02,0.0,0,319.0,1,173.8,1,0.00,9.78,2.87,0.9982,21.15,2.041,473617,1068518,0.031,1,290.8,"-0.65,-0.06,9.75","0.8,-0.9,-2.6","5.250,38.550,11.250",0.08,0.16,0.00,0,126334,108846,8,1.00,37.496532,126.957933,28666,476,1714,40,21.47,0.00,999.00,-0.9,0,194,0,1,-50,-48.6,108846,17,4,0.80,1,0,-4.39,-11.29,0
18:30:29,151.075,13579136,13579135,0,0,1,37.496533,126.957934,0.02,0.0,0,319.0,1,173.8,1,0.00,9.65,3.44,0.9978,21.42,2.013,473617,1068563,0.031,1,290.8,"-0.67,-0.12,9.63","-1.1,1.5,-2.9","2.100,37.200,11.700",0.07,0.19,0.00,0,126338,108849,8,1.00,37.496532,126.957933,28666,476,1714,40,21.47,0.00,999.00,-0.9,0,194,0,1,-50,-49.0,108849,99,4,0.80,1,0,-4.39,-11.29,0
18:30:29,151.305,13579237,13579236,0,0,1,37.496533,126.957934,0.02,0.0,0,319.0,1,173.8,1,0.00,9.67,2.63,0.9976,21.08,2.040,473617,1068575,0.031,1,290.8,"-0.78,-0.11,9.63","1.4,2.2,0.3","2.550,38.100,11.250",0.15,0.28,0.00,0,126339,108850,8,1.00,37.496532,126.957933,28666,476,1714,40,21.47,0.00,999.00,-0.9,0,194,0,1,-50,-49.2,108850,86,4,0.80,1,0,-4.39,-11.29,0
18:30:29,151.506,13579461,13579437,0,0,1,37.496533,126.957934,0.02,0.0,0,319.0,1,173.8,1,0.00,9.76,2.68,0.9980,22.57,2.030,473617,1068599,0.031,1,290.8,"-0.45,-0.13,9.74","0.9,-1.4,-2.1","3.300,38.100,12.750",0.19,0.19,0.00,0,126341,108853,8,1.00,37.496532,126.957933,28666,476,1714,40,21.47,0.00,999.00,-0.9,0,194,0,1,-50,-49.9,108853,3,4,0.84,1,0,-4.39,-11.29,0
18:30:30,151.584,13579654,13579653,0,0,1,37.496533,126.957934,0.02,0.0,0,319.0,1,173.8,1,0.00,9.68,3.45,0.9976,22.10,2.064,473617,1068622,0.015,1,290.8,"-0.69,-0.15,9.65","1.7,-2.2,2.1","3.600,39.150,12.150",0.10,0.23,0.00,0,126343,108854,9,1.00,37.496533,126.957932,28667,476,1714,40,21.47,0.00,999.00,-0.9,0,194,0,1,-51,-50.1,108854,90,4,0.86,1,0,-4.39,-11.29,0
18:30:30,152.050,13579755,13579754,0,0,1,37.496533,126.957934,0.02,0.0,0,319.0,1,173.8,1,0.00,9.67,3.43,0.9977,21.98,1.999,473617,1068634,0.015,1,290.8,"-0.54,-0.16,9.66","1.2,-3.0,1.3","2.550,36.900,12.300",0.12,0.24,0.00,0,126344,108855,9,1.00,37.496533,126.957932,28667,476,1714,40,21.05,0.00,999.00,-0.9,0,194,0,1,-50,-50.1,108855,84,4,0.86,1,0,-4.39,-11.29,0
18:30:30,152.102,13580159,13580158,0,0,1,37.496533,126.957934,0.02,0.0,0,319.0,1,173.8,1,0.00,9.66,3.40,0.9980,22.10,2.062,473617,1068682,0.015,1,290.8,"-0.66,-0.09,9.63","1.3,-2.1,2.4","3.900,39.150,12.150",0.07,0.19,0.00,0,126348,108859,9,1.00,37.496533,126.957932,28667,476,1714,40,21.05,0.00,999.00,-0.9,0,194,0,1,-52,-50.4,108859,66,4,0.89,1,0,-4.39,-11.29,0
18:30:30,152.167,13580259,13580258,0,0,1,37.496533,126.957934,0.02,0.0,0,319.0,1,173.8,1,0.00,9.81,1.79,0.9974,20.56,2.054,473617,1068694,0.015,1,290.8,"-0.62,-0.21,9.79","1.0,-0.8,-1.3","3.900,38.700,10.650",0.15,0.18,0.00,0,126349,108860,9,1.00,37.496533,126.957932,28667,476,1714,40,21.05,0.00,999.00,-0.9,0,194,0,1,-53,-51.0,108860,62,4,0.93,1,0,-4.39,-11.29,0
18:30:30,152.233,13580360,13580359,0,0,1,37.496533,126.957934,0.02,0.0,0,319.0,1,173.8,1,0.00,9.68,1.73,0.9974,20.72,2.065,473617,1068706,0.015,1,290.8,"-0.67,-0.18,9.65","-1.3,0.5,1.1","2.550,38.850,10.800",0.10,0.22,0.00,0,126350,108861,9,1.00,37.496533,126.957932,28667,476,1714,40,21.05,0.00,999.00,-0.9,0,194,0,1,-52,-51.2,108861,57,4,0.95,1,0,-4.39,-11.29,0
18:30:31,152.522,13580465,13580464,0,0,1,37.496533,126.957934,0.02,0.0,0,319.0,1,173.8,1,0.00,9.69,1.42,0.9976,22.63,1.993,473617,1068717,0.015,1,290.8,"-0.67,-0.15,9.67","1.4,-0.3,-0.1","5.100,37.200,12.900",0.07,0.15,0.00,0,126351,108862,9,1.00,37.496533,126.957932,28667,476,1714,40,21.05,0.00,999.00,-0.9,0,194,0,1,-49,-50.7,108862,43,4,0.91,1,0,-4.39,-11.29,0
18:30:31,152.751,13580667,13580666,0,0,1,37.496533,126.957934,0.01,0.0,0,319.0,1,173.8,1,0.00,9.68,2.58,0.9986,21.45,2.022,473617,1068741,0.010,1,290.8,"-0.53,-0.03,9.67","2.5,0.8,-0.1","2.100,37.500,11.700",0.13,0.18,0.00,0,126353,108864,9,1.00,37.496533,126.957932,28668,476,1714,40,21.05,0.00,999.00,-0.9,0,194,0,1,-48,-49.1,108864,49,4,0.80,1,0,-4.39,-11.29,0
18:30:31,152.771,13580869,13580868,0,0,1,37.496533,126.957934,0.01,0.0,0,319.0,1,173.8,1,0.00,9.70,3.24,0.9979,22.09,2.024,473617,1068765,0.010,1,290.8,"-0.75,-0.06,9.67","3.2,-0.3,-0.0","3.000,37.800,12.300",0.12,0.22,0.00,0,126355,108866,9,1.00,37.496533,126.957932,28668,476,1714,40,21.05,0.00,999.00,-0.9,0,194,0,1,-45,-47.8,108866,40,4,0.80,1,0,-4.39,-11.29,0
18:30:31,152.833,13580970,13580969,0,0,1,37.496533,126.957934,0.01,0.0,0,319.0,1,173.8,1,0.00,9.67,2.08,0.9980,20.56,2.009,473617,1068777,0.010,1,290.8,"-0.54,-0.12,9.65","1.5,-1.4,0.5","4.200,37.350,10.800",0.11,0.17,0.00,0,126356,108867,9,1.00,37.496533,126.957932,28668,476,1714,40,21.05,0.00,999.00,-0.9,0,194,0,1,-45,-47.2,108867,31,4,0.80,1,0,-4.39,-11.29,0
18:30:31,152.951,13581071,13581070,0,0,1,37.496533,126.957934,0.01,0.0,0,319.0,1,173.8,1,0.00,9.70,1.39,0.9982,21.30,2.005,473617,1068789,0.010,1,290.8,"-0.63,-0.07,9.68","0.9,-0.5,-0.9","4.500,37.350,11.550",0.02,0.16,0.00,0,126357,108868,9,1.00,37.496533,126.957932,28668,476,1714,40,21.05,0.00,999.00,-0.9,0,194,0,1,-44,-46.6,108868,31,4,0.80,1,0,-4.39,-11.29,0
18:30:31,153.138,13581171,13581170,0,0,1,37.496533,126.957934,0.01,0.0,0,319.0,1,173.8,1,0.00,9.82,3.56,0.9969,21.16,2.063,473617,1068801,0.010,1,290.8,"-0.84,-0.18,9.78","1.6,-2.8,1.4","2.550,38.850,11.250",0.25,0.25,0.00,0,126358,108869,9,1.00,37.496533,126.957932,28668,476,1714,40,21.05,0.00,999.00,-0.9,0,194,0,1,-44,-46.1,108869,25,4,0.80,1,0,-4.39,-11.29,0
18:30:31,153.250,13581273,13581272,0,0,1,37.496533,126.957934,0.01,0.0,0,319.0,1,173.8,1,-0.24,9.81,4.18,0.9978,21.88,2.045,473617,1068813,0.010,1,290.8,"-0.67,-0.13,9.78","1.8,-2.5,2.8","3.750,38.550,12.000",0.12,0.23,0.00,0,126359,108870,9,1.00,37.496533,126.957932,28668,476,1714,40,21.05,0.00,999.00,-0.9,0,194,0,1,-44,-45.7,108870,20,4,0.80,1,0,-4.39,-11.29,0
18:30:31,153.260,13581380,13581379,0,0,1,37.496533,126.957934,0.01,0.0,0,319.0,1,173.8,1,0.00,9.67,2.68,0.9979,21.14,2.000,473617,1068826,0.010,1,290.8,"-0.63,-0.12,9.65","1.4,2.0,-1.1","4.650,37.200,11.400",0.05,0.21,0.00,0,126360,108871,9,1.00,37.496533,126.957932,28668,476,1714,40,21.05,0.00,999.00,-0.9,0,194,0,1,-45,-45.5,108871,22,4,0.80,1,0,-4.39,-11.29,0
18:30:31,153.368,13581486,13581485,0,0,1,37.496533,126.957934,0.01,0.0,0,319.0,1,173.8,1,0.00,9.61,3.03,0.9991,21.47,2.058,473617,1068837,0.010,1,290.8,"-0.62,0.11,9.59","-1.2,-0.3,-2.8","3.300,38.850,11.550",0.21,0.21,0.00,0,126361,108872,9,1.00,37.496533,126.957932,28668,476,1714,40,21.05,0.00,999.00,-0.9,0,194,0,1,-47,-45.8,108872,22,4,0.80,1,0,-4.39,-11.29,0
18:30:32,153.569,13581586,13581585,0,0,1,37.496533,126.957934,0.01,0.0,0,319.0,1,173.8,1,0.00,9.70,1.45,0.9978,21.96,1.979,473617,1068849,0.010,1,290.8,"-0.71,-0.10,9.67","-0.4,0.7,-1.2","4.500,36.600,12.300",0.07,0.13,0.00,0,126362,108873,9,1.00,37.496533,126.957932,28668,476,1714,40,21.05,0.00,999.00,-0.9,0,194,0,1,-46,-45.9,108873,17,4,0.80,1,0,-4.39,-11.29,0
18:30:32,153.701,13581687,13581686,0,0,1,37.496533,126.957934,0.01,0.0,0,319.0,1,173.8,1,0.00,9.75,1.86,0.9978,22.09,2.023,473617,1068861,0.010,1,290.8,"-0.58,-0.15,9.73","0.8,-0.9,-1.4","3.300,37.800,12.300",0.11,0.17,0.00,0,126363,108874,8,1.00,37.496534,126.957931,28669,476,1714,40,21.05,0.00,999.00,-0.9,0,194,0,1,-45,-45.7,108874,13,4,0.80,1,0,-4.39,-11.29,0
18:30:32,153.953,13581900,13581887,0,0,1,37.496533,126.957934,0.01,0.0,0,319.0,1,173.8,1,0.00,9.77,2.78,0.9978,21.97,2.023,473617,1068885,0.010,1,290.8,"-0.68,-0.11,9.74","0.7,-2.7,-0.1","4.350,37.950,12.150",0.07,0.26,0.00,0,126365,108876,8,1.00,37.496534,126.957931,28669,476,1714,40,21.05,0.00,999.00,-0.9,0,194,0,1,-47,-46.0,108876,15,4,0.80,1,0,-4.39,-11.29,0
18:30:32,154.049,13582095,13582094,0,0,1,37.496533,126.957934,0.01,0.0,0,319.0,1,173.8,1,0.00,9.74,2.54,0.9978,20.39,2.008,473617,1068907,0.010,1,290.8,"-0.73,-0.09,9.72","-1.0,-2.0,1.3","3.600,37.200,10.650",0.09,0.14,0.00,0,126367,108877,8,1.00,37.496534,126.957931,28669,476,1714,40,21.05,0.00,999.00,-0.9,0,194,0,1,-47,-46.2,108877,105,4,0.80,1,0,-4.39,-11.29,0
18:30:32,154.268,13582196,13582195,0,0,1,37.496533,126.957934,0.01,0.0,0,319.0,1,173.8,1,0.00,9.71,1.31,0.9976,21.55,2.034,473617,1068919,0.010,1,290.8,"-0.63,-0.17,9.69","0.3,0.1,-1.3","4.350,38.250,11.700",0.09,0.18,0.00,0,126368,108878,8,1.00,37.496534,126.957931,28669,476,1714,40,21.05,0.00,999.00,-0.9,0,194,0,1,-48,-46.6,108878,96,4,0.80,1,0,-4.39,-11.29,0
18:30:32,154.351,13582397,13582396,0,0,1,37.496533,126.957934,0.01,0.0,0,319.0,1,173.8,1,1.05,9.66,4.61,0.9980,21.75,2.004,473617,1068943,0.010,1,290.8,"-0.66,-0.10,9.64","0.6,-0.0,-4.6","4.500,37.350,12.000",0.05,0.15,0.00,0,126370,108880,8,1.00,37.496534,126.957931,28669,476,1714,40,21.05,0.00,999.00,-0.9,0,194,0,1,-55,-49.4,108880,90,4,0.81,1,0,-4.39,-11.29,0
18:30:32,154.459,13582502,13582501,0,0,1,37.496533,126.957934,0.01,0.0,0,319.0,1,173.8,1,0.00,9.72,2.63,0.9983,21.87,2.051,473617,1068954,0.010,1,290.8,"-0.64,-0.06,9.70","1.9,-0.1,1.8","2.550,38.550,12.000",0.03,0.19,0.00,0,126371,108881,8,1.00,37.496534,126.957931,28669,476,1714,40,21.05,0.00,999.00,-0.9,0,194,0,1,-51,-49.7,108881,87,4,0.83,1,0,-4.39,-11.29,0
18:30:33,154.587,13582603,13582602,0,0,1,37.496533,126.957934,0.01,0.0,0,319.0,1,173.9,1,0.00,9.86,3.70,0.9982,20.34,1.993,473617,1068966,0.010,1,290.8,"-0.63,-0.08,9.84","-0.4,-2.2,-3.0","3.900,36.750,10.650",0.16,0.16,0.00,0,126372,108882,8,1.00,37.496534,126.957931,28669,476,1714,40,21.05,0.00,999.00,-0.9,0,194,0,1,-50,-49.8,108882,85,4,0.83,1,0,-4.39,-11.29,0
18:30:33,154.704,13582705,13582704,0,0,1,37.496533,126.957933,0.01,0.0,0,319.0,1,173.9,1,0.00,9.75,2.72,0.9986,22.62,2.046,473617,1068978,0.015,1,290.8,"-0.55,-0.01,9.73","2.4,-0.3,1.2","3.000,38.550,12.750",0.12,0.13,0.00,0,126373,108883,8,1.00,37.496535,126.957931,28670,476,1714,40,21.05,0.00,999.00,-0.9,0,194,0,1,-50,-49.8,108883,81,4,0.84,1,0,-4.39,-11.29,0
18:30:33,154.783,13582806,13582805,0,0,1,37.496533,126.957933,0.01,0.0,0,319.0,1,173.8,1,0.00,9.68,3.64,0.9981,21.83,2.031,473617,1068990,0.015,1,290.8,"-0.69,-0.06,9.65","3.0,-2.1,0.0","3.750,38.100,12.000",0.07,0.22,0.00,0,126374,108884,8,1.00,37.496535,126.957931,28670,476,1714,40,21.05,0.00,999.00,-0.9,0,194,0,1,-50,-49.9,108884,75,4,0.84,1,0,-4.39,-11.29,0
18:30:33,154.883,13582907,13582906,0,0,1,37.496533,126.957933,0.01,0.0,0,319.0,1,173.8,1,0.00,9.66,0.70,0.9987,21.83,2.028,473617,1069002,0.015,1,290.8,"-0.51,0.00,9.65","0.7,0.2,-0.1","4.200,38.100,12.000",0.14,0.16,0.00,0,126375,108885,8,1.00,37.496535,126.957931,28670,476,1714,40,21.05,0.00,999.00,-0.9,0,194,0,1,-51,-50.1,108885,72,4,0.86,1,0,-4.39,-11.29,0
18:30:33,155.017,13583109,13583108,0,0,1,37.496533,126.957933,0.01,0.0,0,319.0,1,173.8,1,0.00,9.82,3.25,0.9984,22.64,2.018,473617,1069026,0.015,1,290.8,"-0.49,-0.07,9.81","2.7,-1.6,0.9","2.100,37.500,12.900",0.19,0.19,0.00,0,126377,108887,8,1.00,37.496535,126.957931,28670,476,1714,40,21.05,0.00,999.00,-0.9,0,194,0,1,-51,-50.4,108887,64,4,0.89,1,0,-4.39,-11.29,0
18:30:33,155.185,13583209,13583208,0,0,1,37.496533,126.957933,0.01,0.0,0,319.0,1,173.8,1,0.00,9.68,3.61,0.9983,22.97,2.045,473617,1069038,0.015,1,290.8,"-0.64,-0.05,9.66","-1.0,1.9,-2.9","4.950,38.850,13.050",0.04,0.13,0.00,0,126378,108888,8,1.00,37.496535,126.957931,28670,476,1714,40,21.05,0.00,999.00,-0.9,0,194,0,1,-48,-49.9,108888,58,4,0.85,1,0,-4.39,-11.29,0
18:30:33,155.284,13583310,13583309,0,0,1,37.496533,126.957933,0.01,0.0,0,319.0,1,173.8,1,0.00,9.85,0.62,0.9970,21.05,2.024,473617,1069050,0.015,1,290.8,"-0.79,-0.20,9.82","0.6,0.1,0.1","3.750,37.800,11.250",0.24,0.24,0.00,0,126379,108889,8,1.00,37.496535,126.957931,28670,476,1714,40,21.05,0.00,999.00,-0.9,0,194,0,1,-45,-49.0,108889,53,4,0.80,1,0,-4.39,-11.29,0
18:30:33,155.292,13583410,13583409,0,0,1,37.496533,126.957933,0.01,0.0,0,319.0,1,173.8,1,0.00,9.69,2.57,0.9975,21.88,2.045,473617,1069062,0.015,1,290.8,"-0.53,-0.20,9.68","1.8,-0.5,-1.7","3.750,38.550,12.000",0.16,0.19,0.00,0,126380,108890,8,1.00,37.496535,126.957931,28670,476,1714,40,21.05,0.00,999.00,-0.9,0,194,0,1,-45,-48.2,108890,44,4,0.80,1,0,-4.39,-11.29,0
18:30:34,155.756,13583515,13583514,0,0,1,37.496533,126.957933,0.01,0.0,0,319.0,1,173.8,1,0.00,9.67,3.53,0.9972,22.21,2.011,473617,1069073,0.015,1,290.8,"-0.72,-0.19,9.64","0.4,1.5,-3.2","3.600,37.500,12.450",0.15,0.18,0.00,0,126381,108891,8,1.00,37.496535,126.957931,28670,476,1714,40,20.62,0.00,999.00,-0.9,0,194,0,1,-48,-48.1,108891,47,4,0.80,1,0,-4.39,-11.29,0
18:30:34,155.872,13583921,13583920,0,0,1,37.496534,126.957933,0.01,0.0,0,319.0,1,173.8,1,0.00,9.70,3.29,0.9978,21.30,2.052,473617,1069121,0.015,1,290.8,"-0.62,-0.13,9.68","2.6,-1.2,-1.7","3.600,38.700,11.400",0.05,0.22,0.00,0,126385,108895,8,1.00,37.496536,126.957930,28671,476,1714,40,21.05,0.00,999.00,-0.9,0,194,0,1,-48,-47.5,108895,31,4,0.80,1,0,-4.39,-11.29,0
18:30:34,155.973,13584022,13584021,0,0,1,37.496534,126.957933,0.01,0.0,0,319.0,1,173.8,1,0.00,9.71,1.80,0.9984,20.86,2.050,473617,1069133,0.015,1,290.8,"-0.61,-0.04,9.69","-0.2,1.7,0.7","4.350,38.700,10.950",0.04,0.26,0.00,0,126386,108896,8,1.00,37.496536,126.957930,28671,476,1714,40,21.05,0.00,999.00,-0.9,0,194,0,1,-49,-47.8,108896,16,4,0.80,1,0,-4.39,-11.29,0
18:30:34,156.244,13584124,13584123,0,0,1,37.496534,126.957933,0.01,0.0,0,319.0,1,173.8,1,0.00,9.84,2.55,0.9979,22.35,2.047,473617,1069145,0.015,1,290.8,"-0.69,-0.11,9.82","1.6,-1.9,0.8","3.900,38.700,12.450",0.15,0.15,0.00,0,126387,108897,8,1.00,37.496536,126.957930,28671,476,1714,40,21.05,0.00,999.00,-0.9,0,194,0,1,-48,-47.8,108897,21,4,0.80,1,0,-4.39,-11.29,0
18:30:34,156.399,13584324,13584323,0,0,1,37.496534,126.957933,0.01,0.0,0,319.0,1,173.8,1,0.00,9.81,4.34,0.9982,21.99,1.992,473617,1069169,0.015,1,290.8,"-0.67,-0.06,9.78","2.5,2.8,-2.2","3.750,36.900,12.300",0.10,0.15,0.00,0,126389,108899,8,1.00,37.496536,126.957930,28671,476,1714,40,20.62,0.00,999.00,1.0,0,194,0,1,-49,-48.1,108899,11,4,0.80,1,0,-4.39,-11.29,0
18:30:35,156.523,13584543,13584530,0,0,1,37.496534,126.957933,0.01,0.0,0,319.0,1,173.8,1,0.00,9.75,1.17,0.9980,22.30,2.033,473617,1069191,0.015,1,290.8,"-0.68,-0.09,9.73","-0.6,-0.9,0.3","3.900,38.250,12.450",0.07,0.15,0.00,0,126391,108901,8,1.00,37.496536,126.957930,28671,476,1714,40,20.62,0.00,999.00,1.0,0,194,0,1,-50,-48.9,108901,20,4,0.80,1,0,-4.39,-11.29,0
18:30:35,156.538,13584647,13584634,0,0,1,37.496534,126.957933,0.02,0.0,0,319.0,1,173.8,1,0.00,9.80,1.58,0.9977,21.92,2.008,473617,1069202,0.031,1,290.8,"-0.68,-0.14,9.78","0.1,-1.3,-0.8","4.350,37.500,12.150",0.12,0.14,0.00,0,126392,108902,8,1.00,37.496538,126.957930,28672,476,1714,40,21.05,0.00,999.00,1.0,0,194,0,1,-49,-49.0,108902,19,4,0.80,1,0,-4.39,-11.29,0
18:30:35,156.735,13584752,13584739,0,0,1,37.496534,126.957933,0.02,0.0,0,319.0,1,173.9,1,0.00,9.70,3.02,0.9980,21.51,2.030,473617,1069213,0.031,1,290.8,"-0.66,-0.09,9.68","-1.3,2.7,0.1","3.150,37.950,11.700",0.04,0.20,0.00,0,126393,108903,8,1.00,37.496538,126.957930,28672,476,1714,40,21.05,0.00,999.00,1.0,0,194,0,1,-46,-48.4,108903,18,4,0.80,1,0,-4.39,-11.29,0
18:30:35,156.951,13584961,13584948,0,0,1,37.496534,126.957933,0.02,0.0,0,319.0,1,173.8,1,-0.95,9.66,3.79,0.9969,22.57,2.030,473617,1069235,0.031,1,290.8,"-0.68,-0.24,9.63","0.3,-1.6,3.4","3.300,38.100,12.750",0.19,0.19,0.00,0,126395,108905,8,1.00,37.496538,126.957930,28672,476,1714,40,21.05,0.00,999.00,1.0,0,194,0,1,-45,-47.3,108905,16,4,0.80,1,0,-4.39,-11.29,0
18:30:35,157.263,13585158,13585157,0,0,1,37.496534,126.957933,0.02,0.0,0,319.0,1,173.8,1,0.00,9.73,3.29,0.9983,21.74,2.011,473617,1069257,0.031,1,290.8,"-0.62,-0.05,9.71","-0.0,-1.8,-2.7","3.000,37.350,12.000",0.03,0.15,0.00,0,126397,108906,8,1.00,37.496538,126.957930,28672,476,1714,40,21.05,0.00,999.00,1.0,0,194,0,1,-43,-46.5,108906,107,4,0.80,1,0,-4.39,-11.29,0
18:30:36,157.538,13585483,13585459,0,0,1,37.496534,126.957933,0.02,0.0,0,319.0,1,173.8,1,0.30,9.86,3.95,0.9988,21.97,2.066,473617,1069293,0.031,1,290.8,"-0.66,0.05,9.84","1.0,0.5,-3.8","4.200,39.300,12.000",0.20,0.20,0.00,0,126400,108910,8,1.00,37.496538,126.957930,28672,476,1714,40,21.05,0.00,999.00,1.0,0,194,0,1,-45,-45.6,108910,7,4,0.80,1,0,-4.39,-11.29,0
18:30:36,157.634,13585675,13585674,0,0,1,37.496534,126.957933,0.02,0.0,0,319.0,1,173.8,1,0.00,9.66,1.28,0.9979,20.85,2.061,473617,1069316,0.015,1,290.8,"-0.63,-0.11,9.64","-0.3,-0.7,-1.0","2.400,38.700,10.950",0.06,0.15,0.00,0,126402,108911,8,1.00,37.496538,126.957930,28673,476,1714,40,21.05,0.00,999.00,1.0,0,194,0,1,-44,-45.3,108911,95,4,0.80,1,0,-4.39,-11.29,0
18:30:36,157.858,13585776,13585775,0,0,1,37.496534,126.957933,0.02,0.0,0,319.0,1,173.8,1,0.00,9.68,2.45,0.9974,21.65,2.065,473617,1069328,0.015,1,290.8,"-0.67,-0.18,9.65","-0.2,-2.0,1.3","3.600,39.150,11.700",0.11,0.19,0.00,0,126403,108912,8,1.00,37.496538,126.957930,28673,476,1714,40,21.05,0.00,999.00,1.0,0,194,0,1,-45,-45.2,108912,87,4,0.80,1,0,-4.39,-11.29,0
18:30:36,158.158,13585978,13585977,0,0,1,37.496534,126.957933,0.02,0.0,0,319.0,1,173.8,1,-0.70,9.72,3.75,0.9971,22.18,1.998,473617,1069352,0.015,1,290.8,"-0.70,-0.22,9.69","1.7,-0.8,3.3","4.350,37.200,12.450",0.14,0.17,0.00,0,126405,108914,8,1.00,37.496538,126.957930,28673,476,1714,40,21.05,0.00,999.00,1.0,0,194,0,1,-47,-45.7,108914,81,4,0.80,1,0,-4.39,-11.29,0
18:30:36,158.383,13586281,13586280,0,0,1,37.496534,126.957933,0.02,0.0,0,319.0,1,173.8,1,0.00,9.74,2.37,0.9974,22.34,2.053,473617,1069388,0.015,1,290.8,"-0.53,-0.22,9.73","2.1,0.5,1.0","2.850,38.700,12.450",0.17,0.17,0.00,0,126408,108917,8,1.00,37.496538,126.957930,28673,476,1714,40,21.05,0.00,999.00,1.0,0,194,0,1,-50,-47.2,108917,63,4,0.80,1,0,-4.39,-11.29,0
18:30:36,158.468,13586382,13586381,0,0,1,37.496534,126.957933,0.02,0.0,0,319.0,1,173.8,1,0.00,9.78,3.95,0.9981,22.63,1.995,473617,1069400,0.015,1,290.8,"-0.64,-0.09,9.75","1.7,-3.4,1.2","4.650,37.200,12.900",0.08,0.20,0.00,0,126409,108918,8,1.00,37.496538,126.957930,28673,476,1714,40,21.05,0.00,999.00,1.0,0,194,0,1,-52,-48.2,108918,62,4,0.80,1,0,-4.39,-11.29,0
18:30:37,158.582,13586690,13586689,0,0,1,37.496535,126.957932,0.01,0.0,0,319.0,1,173.8,1,0.00,9.79,2.71,0.9981,22.10,2.066,473617,1069435,0.005,1,290.8,"-0.72,-0.05,9.76","0.7,1.9,-1.8","3.150,39.150,12.150",0.13,0.19,0.00,0,126412,108921,8,1.00,37.496539,126.957929,28674,476,1714,40,20.62,0.00,999.00,1.0,0,194,0,1,-54,-51.5,108921,54,4,0.98,1,0,-4.39,-11.29,0
18:30:37,158.668,13586791,13586790,0,0,1,37.496535,126.957932,0.01,0.0,0,319.0,1,173.8,1,0.00,9.68,2.31,0.9979,21.01,2.004,473617,1069447,0.005,1,290.8,"-0.77,-0.05,9.65","0.7,-0.8,-2.1","4.950,37.350,11.250",0.15,0.18,0.00,0,126413,108922,8,1.00,37.496539,126.957929,28674,476,1714,40,20.62,0.00,999.00,1.0,0,194,0,1,-53,-51.8,108922,50,4,1.01,1,0,-4.39,-11.29,0
18:30:37,158.866,13586892,13586891,0,0,1,37.496535,126.957932,0.01,0.0,0,319.0,1,173.8,1,0.00,9.65,2.17,0.9984,22.27,2.065,473617,1069459,0.005,1,290.8,"-0.68,-0.00,9.62","0.7,-0.7,-1.9","4.200,39.300,12.300",0.10,0.18,0.00,0,126414,108923,8,1.00,37.496539,126.957929,28674,476,1714,40,20.62,0.00,999.00,1.0,0,194,0,1,-51,-51.6,108923,45,4,0.99,1,0,-4.39,-11.29,0
18:30:37,158.991,13586993,13586992,0,0,1,37.496535,126.957932,0.01,0.0,0,319.0,1,173.8,1,0.00,9.73,3.25,0.9970,22.17,2.052,473617,1069471,0.005,1,290.8,"-0.57,-0.26,9.71","0.4,0.5,-3.2","2.250,38.550,12.300",0.20,0.20,0.00,0,126415,108924,8,1.00,37.496539,126.957929,28674,476,1714,40,20.62,0.00,999.00,1.0,0,194,0,1,-49,-51.1,108924,40,4,0.94,1,0,-4.39,-11.29,0
18:30:37,159.067,13587094,13587093,0,0,1,37.496535,126.957932,0.01,0.0,0,319.0,1,173.8,1,0.00,9.72,1.46,0.9988,20.46,2.040,473617,1069483,0.005,1,290.8,"-0.57,0.01,9.70","-1.1,0.2,-0.9","2.100,37.950,10.650",0.12,0.19,0.00,0,126416,108925,8,1.00,37.496539,126.957929,28674,476,1714,40,20.62,0.00,999.00,1.0,0,194,0,1,-51,-51.1,108925,35,4,0.94,1,0,-4.39,-11.29,0
18:30:37,159.167,13587195,13587194,0,0,1,37.496535,126.957932,0.01,0.0,0,319.0,1,173.8,1,0.00,9.68,2.77,0.9988,22.45,1.985,473617,1069495,0.005,1,290.8,"-0.56,0.02,9.66","1.9,1.5,1.4","4.950,36.900,12.750",0.12,0.23,0.00,0,126417,108926,8,1.00,37.496539,126.957929,28674,476,1714,40,20.62,0.00,999.00,1.0,0,194,0,1,-52,-51.3,108926,30,4,0.96,1,0,-4.39,-11.29,0
18:30:37,159.237,13587296,13587295,0,0,1,37.496535,126.957932,0.01,0.0,0,319.0,1,173.8,1,0.00,9.60,2.44,0.9975,22.49,2.005,473617,1069507,0.005,1,290.8,"-0.77,-0.12,9.57","-1.5,0.7,-1.8","3.750,37.350,12.750",0.18,0.22,0.00,0,126418,108927,8,1.00,37.496539,126.957929,28674,476,1714,40,20.62,0.00,999.00,1.0,0,194,0,1,-56,-52.2,108927,26,4,1.05,1,0,-4.39,-11.29,0
18:30:38,159.697,13587397,13587396,0,0,1,37.496535,126.957932,0.01,0.0,0,319.0,1,173.8,1,0.00,9.69,2.06,0.9984,22.39,2.067,473617,1069519,0.005,1,290.8,"-0.63,-0.04,9.67","1.6,-0.9,1.0","2.850,39.150,12.450",0.02,0.21,0.00,0,126419,108928,8,1.00,37.496539,126.957929,28674,476,1714,40,20.62,0.00,999.00,1.0,0,194,0,1,-58,-53.4,108928,21,4,1.17,1,0,-4.39,-11.29,0
18:30:38,159.900,13587918,13587905,0,0,1,37.496535,126.957932,0.01,0.0,0,319.0,1,173.8,1,0.00,9.79,1.62,0.9981,21.99,2.042,473617,1069577,0.010,1,290.8,"-0.64,-0.10,9.77","-0.9,-0.3,-1.4","2.400,38.250,12.150",0.10,0.19,0.00,0,126424,108933,8,1.00,37.496540,126.957929,28675,476,1714,40,20.62,0.00,999.00,1.0,0,194,0,1,-48,-51.3,108933,15,4,0.96,1,0,-4.39,-11.29,0
18:30:38,160.017,13588023,13588011,0,0,1,37.496535,126.957932,0.01,0.0,0,319.0,1,173.8,1,0.00,9.74,1.94,0.9984,21.43,2.049,473617,1069588,0.010,1,290.8,"-0.81,0.07,9.70","0.6,-0.3,-1.8","3.300,38.550,11.550",0.23,0.27,0.00,0,126425,108934,8,1.00,37.496540,126.957929,28675,476,1714,40,20.62,0.00,999.00,1.0,0,194,0,1,-49,-50.8,108934,14,4,0.92,1,0,-4.39,-11.29,0
18:30:38,160.036,13588128,13588115,0,0,1,37.496535,126.957932,0.01,0.0,0,319.0,1,173.8,1,0.00,9.78,3.09,0.9978,22.49,2.002,473617,1069599,0.010,1,290.8,"-0.66,-0.13,9.75","1.9,2.3,-0.9","4.200,37.350,12.750",0.09,0.17,0.00,0,126426,108935,8,1.00,37.496540,126.957929,28675,476,1714,40,20.62,0.00,999.00,1.0,0,194,0,1,-49,-50.5,108935,14,4,0.89,1,0,-4.39,-11.29,0
18:30:38,160.133,13588219,13588218,0,0,1,37.496535,126.957932,0.01,0.0,0,319.0,1,173.8,1,0.00,9.65,2.03,0.9967,21.31,2.095,473617,1069610,0.010,1,290.8,"-0.67,-0.27,9.62","0.4,-1.8,-0.8","3.750,40.050,11.250",0.19,0.20,0.00,0,126427,108935,8,1.00,37.496540,126.957929,28675,476,1714,40,20.62,0.00,999.00,1.0,0,194,0,1,-49,-50.5,108935,105,4,0.89,1,0,-4.39,-11.29,0
18:30:38,160.317,13588319,13588318,0,0,1,37.496535,126.957932,0.01,0.0,0,319.0,1,173.8,1,0.00,9.60,2.54,0.9986,21.31,2.051,473617,1069622,0.010,1,290.8,"-0.59,-0.01,9.59","0.4,-2.1,1.4","3.900,38.700,11.400",0.12,0.22,0.00,0,126428,108936,8,1.00,37.496540,126.957929,28675,476,1714,40,20.62,0.00,999.00,1.0,0,194,0,1,-48,-50.0,108936,95,4,0.85,1,0,-4.39,-11.29,0
18:30:38,160.483,13588524,13588523,0,0,1,37.496535,126.957932,0.01,0.0,0,319.0,1,173.8,1,0.00,9.83,1.83,0.9976,21.83,2.031,473617,1069645,0.010,1,290.8,"-0.72,-0.13,9.81","-0.2,-0.4,-1.8","3.750,38.100,12.000",0.16,0.18,0.00,0,126430,108938,8,1.00,37.496540,126.957929,28675,476,1714,40,20.62,0.00,999.00,1.0,0,194,0,1,-50,-49.2,108938,76,4,0.80,1,0,-4.39,-11.29,0
18:30:39,160.566,13588625,13588624,0,0,1,37.496536,126.957932,0.01,0.0,0,319.0,1,173.8,1,0.00,9.69,2.01,0.9982,21.02,1.936,473617,1069657,0.015,1,290.8,"-0.69,-0.05,9.67","0.0,2.0,-0.2","3.300,34.950,11.550",0.06,0.17,0.00,0,126431,108939,8,1.00,37.496541,126.957929,28676,476,1714,40,20.62,0.00,999.00,1.0,0,194,0,1,-49,-49.2,108939,87,4,0.80,1,0,-4.39,-11.29,0
18:30:39,160.634,13588726,13588725,0,0,1,37.496536,126.957932,0.01,0.0,0,319.0,1,173.8,1,0.00,9.74,2.38,0.9982,21.96,2.029,473617,1069669,0.015,1,290.8,"-0.67,-0.06,9.72","-1.8,-0.8,-1.4","3.150,37.950,12.150",0.05,0.16,0.00,0,126432,108940,8,1.00,37.496541,126.957929,28676,476,1714,40,21.05,0.00,999.00,1.0,0,194,0,1,-48,-48.9,108940,83,4,0.80,1,0,-4.39,-11.29,0
18:30:39,160.953,13588827,13588826,0,0,1,37.496536,126.957932,0.01,0.0,0,319.0,1,173.8,1,0.00,9.77,1.15,0.9975,21.69,2.073,473617,1069681,0.015,1,290.8,"-0.65,-0.18,9.74","1.0,0.6,0.1","3.900,39.450,11.700",0.11,0.17,0.00,0,126433,108941,8,1.00,37.496541,126.957929,28676,476,1714,40,21.05,0.00,999.00,1.0,0,194,0,1,-46,-48.3,108941,74,4,0.80,1,0,-4.39,-11.29,0
18:30:39,161.133,13589130,13589129,0,0,1,37.496536,126.957932,0.01,0.0,0,319.0,1,173.8,1,0.00,9.69,2.97,0.9984,22.43,2.072,473617,1069717,0.015,1,290.8,"-0.63,-0.04,9.67","2.1,2.1,-0.0","3.600,39.450,12.450",0.06,0.20,0.00,0,126436,108944,8,1.00,37.496541,126.957929,28676,476,1714,40,20.62,0.00,999.00,1.0,0,194,0,1,-46,-47.8,108944,67,4,0.80,1,0,-4.39,-11.29,0
18:30:39,161.275,13589332,13589331,0,0,1,37.496536,126.957932,0.01,0.0,0,319.0,1,173.8,1,0.00,9.65,2.12,0.9979,23.54,1.997,473617,1069741,0.015,1,290.8,"-0.58,-0.12,9.63","0.7,-2.0,-0.4","4.500,37.350,13.800",0.07,0.17,0.00,0,126438,108946,8,1.00,37.496541,126.957929,28676,476,1714,40,20.62,0.00,999.00,1.0,0,194,0,1,-47,-47.5,108946,57,4,0.80,1,0,-4.39,-11.29,0
18:30:39,161.350,13589433,13589432,0,0,1,37.496536,126.957932,0.01,0.0,0,319.0,1,173.8,1,0.00,9.70,0.57,0.9985,20.77,2.033,473617,1069753,0.015,1,290.8,"-0.62,-0.02,9.68","0.3,-0.5,0.1","3.150,37.950,10.950",0.07,0.19,0.00,0,126439,108947,8,1.00,37.496541,126.957929,28676,476,1714,40,20.62,0.00,999.00,1.0,0,194,0,1,-47,-47.4,108947,53,4,0.80,1,0,-4.39,-11.29,0
18:30:40,161.638,13589538,13589537,0,0,1,37.496536,126.957932,0.01,0.0,0,319.0,1,173.8,1,0.00,9.67,1.72,0.9984,22.34,2.053,473617,1069764,0.015,1,290.8,"-0.61,-0.05,9.65","1.7,0.3,0.2","2.850,38.700,12.450",0.06,0.17,0.00,0,126440,108948,8,1.00,37.496541,126.957929,28676,476,1714,40,20.62,0.00,999.00,1.0,0,194,0,1,-47,-47.3,108948,52,4,0.80,1,0,-4.39,-11.29,0
18:30:40,161.984,13589841,13589840,0,0,1,37.496536,126.957931,0.01,0.0,0,319.0,1,173.8,1,0.00,9.63,3.84,0.9980,21.89,2.043,473617,1069800,0.015,1,290.8,"-0.67,-0.09,9.61","1.2,-3.6,0.5","4.200,38.550,12.000",0.06,0.18,0.00,0,126443,108951,8,1.00,37.496542,126.957928,28677,476,1714,40,21.05,0.00,999.00,1.0,0,194,0,1,-46,-47.0,108951,37,4,0.80,1,0,-4.39,-11.29,0
18:30:40,162.173,13590144,13590143,0,0,1,37.496536,126.957931,0.01,0.0,0,319.0,1,173.8,1,0.00,9.79,2.14,0.9979,20.76,2.042,473617,1069836,0.015,1,290.8,"-0.57,-0.14,9.77","-0.5,1.5,-1.5","1.650,37.950,10.950",0.13,0.18,0.00,0,126446,108954,8,1.00,37.496542,126.957928,28677,476,1714,40,21.05,0.00,999.00,1.0,0,194,0,1,-46,-47.0,108954,26,4,0.80,1,0,-4.39,-11.29,0
18:30:40,162.286,13590352,13590351,0,0,1,37.496536,126.957931,0.01,0.0,0,319.0,1,173.8,1,0.00,9.74,0.71,0.9985,20.56,2.009,473617,1069861,0.015,1,290.8,"-0.67,0.00,9.72","0.2,-0.6,-0.2","4.200,37.350,10.800",0.09,0.21,0.00,0,126448,108956,8,1.00,37.496542,126.957928,28677,476,1714,40,21.05,0.00,999.00,1.0,0,194,0,1,-48,-47.2,108956,23,4,0.80,1,0,-4.39,-11.29,0
18:30:41,162.634,13590460,13590459,0,0,1,37.496536,126.957931,0.01,0.0,0,319.0,1,173.8,1,0.00,9.75,1.91,0.9979,21.55,2.036,473617,1069874,0.015,1,290.8,"-0.52,-0.15,9.73","0.6,1.6,-0.8","3.900,38.250,11.700",0.16,0.16,0.00,0,126449,108957,8,1.00,37.496542,126.957928,28677,476,1714,40,20.62,0.00,999.00,1.0,0,194,0,1,-48,-47.3,108957,25,4,0.80,1,0,-4.39,-11.29,0
18:30:41,163.085,13590766,13590764,0,0,1,37.496537,126.957931,0.01,0.0,0,319.0,1,173.8,1,0.00,9.65,2.13,0.9986,21.69,1.995,473617,1069909,0.010,1,290.8,"-0.59,-0.01,9.63","-1.8,-0.7,-1.0","3.300,36.900,12.000",0.10,0.17,0.00,0,126452,108960,8,1.00,37.496543,126.957928,28678,476,1714,40,20.62,0.00,999.00,1.0,0,194,0,1,-51,-48.4,108960,13,4,0.80,1,0,-4.39,-11.29,0
18:30:41,163.392,13591272,13591271,0,0,1,37.496537,126.957931,0.01,0.0,0,319.0,1,173.8,1,0.00,9.62,3.50,0.9983,21.30,2.055,473617,1069967,0.010,1,290.8,"-0.62,-0.05,9.60","1.2,-2.3,2.4","3.150,38.700,11.400",0.09,0.21,0.00,0,126457,108964,8,1.00,37.496543,126.957928,28678,476,1714,40,20.62,0.00,999.00,1.0,0,194,0,1,-53,-52.0,108964,97,4,1.03,1,0,-4.39,-11.29,0
18:30:41,163.499,13591578,13591577,0,0,1,37.496537,126.957931,0.01,0.0,0,319.0,1,173.8,1,0.00,9.73,1.37,0.9979,21.00,2.008,473617,1070002,0.010,1,290.8,"-0.62,-0.13,9.71","0.7,1.1,-0.4","4.200,37.350,11.250",0.05,0.19,0.00,0,126460,108967,8,1.00,37.496543,126.957928,28678,476,1714,40,20.62,0.00,999.00,1.0,0,194,0,1,-51,-51.7,108967,86,4,1.00,1,0,-4.39,-11.29,0
18:30:42,163.800,13591679,13591678,0,0,1,37.496537,126.957931,0.01,0.0,0,319.0,1,173.8,1,0.00,9.71,1.88,0.9983,21.92,2.008,473617,1070014,0.015,1,290.8,"-0.72,-0.01,9.68","1.7,0.1,0.8","4.350,37.500,12.150",0.11,0.17,0.00,0,126461,108968,8,1.00,37.496544,126.957927,28679,476,1714,40,20.62,0.00,999.00,1.0,0,194,0,1,-51,-51.6,108968,81,4,0.99,1,0,-4.39,-11.29,0
18:30:42,164.034,13591983,13591982,0,0,1,37.496537,126.957931,0.01,0.0,0,319.0,1,173.8,1,0.00,9.96,1.95,0.9983,21.38,2.035,473617,1070050,0.015,1,290.8,"-0.78,0.01,9.93","-0.0,1.5,-1.3","3.300,38.100,11.550",0.30,0.30,0.00,0,126464,108971,8,1.00,37.496544,126.957927,28679,476,1714,40,20.62,0.00,999.00,1.0,0,194,0,1,-51,-51.1,108971,55,4,0.95,1,0,-4.39,-11.29,0
18:30:42,164.304,13592185,13592184,0,0,1,37.496537,126.957931,0.01,0.0,0,319.0,1,173.8,1,0.00,9.72,1.79,0.9982,20.21,1.996,473617,1070074,0.015,1,290.8,"-0.64,-0.07,9.70","-1.5,-0.9,-0.0","4.200,36.900,10.500",0.02,0.24,0.00,0,126466,108973,8,1.00,37.496544,126.957927,28679,476,1714,40,20.62,0.00,999.00,1.0,0,194,0,1,-51,-51.1,108973,53,4,0.94,1,0,-4.39,-11.29,0
18:30:43,164.617,13592510,13592486,0,0,1,37.496537,126.957931,0.01,0.0,0,319.0,1,173.8,1,0.00,9.62,1.10,0.9980,21.99,1.994,473617,1070110,0.015,1,290.8,"-0.57,-0.12,9.61","0.9,0.5,0.2","3.300,36.900,12.300",0.11,0.14,0.00,0,126469,108976,8,1.00,37.496544,126.957927,28679,476,1714,40,21.05,0.00,999.00,1.0,0,194,0,1,-53,-51.6,108976,69,4,0.99,1,0,-4.39,-11.29,0
18:30:43,164.840,13592806,13592805,0,0,1,37.496538,126.957931,0.01,0.0,0,319.0,1,173.8,1,0.00,9.74,2.38,0.9973,21.47,2.058,473617,1070145,0.010,1,290.8,"-0.57,-0.23,9.72","0.4,1.8,-1.5","3.300,38.850,11.550",0.16,0.16,0.00,0,126472,108979,8,1.00,37.496545,126.957927,28680,476,1714,40,21.05,0.00,999.00,1.0,0,194,0,1,-50,-51.5,108979,48,4,0.98,1,0,-4.39,-11.29,0
18:30:43,165.349,13593008,13593007,0,0,1,37.496538,126.957931,0.01,0.0,0,319.0,1,173.8,1,0.00,9.78,2.38,0.9983,19.68,2.019,473617,1070169,0.010,1,290.8,"-0.65,-0.05,9.76","-1.6,-1.1,-1.4","3.900,37.500,9.900",0.09,0.22,0.00,0,126474,108981,8,1.00,37.496545,126.957927,28680,476,1714,40,21.05,0.00,999.00,1.0,0,194,0,1,-52,-51.5,108981,39,4,0.98,1,0,-4.39,-11.29,0
18:30:43,165.467,13593525,13593513,0,0,1,37.496538,126.957931,0.01,0.0,0,319.0,1,173.8,1,0.00,9.61,1.48,0.9989,22.00,2.036,473617,1070228,0.010,1,290.8,"-0.55,0.03,9.59","-0.0,-1.3,-0.8","3.600,38.250,12.150",0.17,0.17,0.00,0,126479,108986,8,1.00,37.496545,126.957927,28680,476,1714,40,21.05,0.00,999.00,1.0,0,194,0,1,-54,-52.0,108986,29,4,1.03,1,0,-4.39,-11.29,0
18:30:44,165.533,13593619,13593618,0,0,1,37.496539,126.957930,0.02,0.0,0,319.0,1,173.8,1,0.00,9.63,1.41,0.9984,21.08,1.988,473617,1070239,0.026,1,290.8,"-0.73,0.02,9.61","-0.1,1.4,-0.1","4.350,36.750,11.400",0.15,0.20,0.00,0,126480,108987,8,1.00,37.496545,126.957927,28681,476,1714,40,20.62,0.00,999.00,1.0,0,194,0,1,-52,-52.0,108987,16,4,1.03,1,0,-4.39,-11.29,0
18:30:44,165.935,13593720,13593719,0,0,1,37.496539,126.957930,0.02,0.0,0,319.0,1,173.8,1,0.00,9.77,4.44,0.9977,21.18,2.008,473617,1070251,0.026,1,290.8,"-0.55,-0.17,9.75","1.4,-4.2,0.3","5.100,37.500,11.400",0.14,0.16,0.00,0,126481,108988,8,1.00,37.496545,126.957927,28681,476,1714,40,20.62,0.00,999.00,1.0,0,194,0,1,-53,-52.2,108988,11,4,1.05,1,0,-4.39,-11.29,0
18:30:44,166.167,13594143,13594130,0,0,1,37.496539,126.957930,0.02,0.0,0,319.0,1,173.8,1,0.00,9.76,1.91,0.9990,22.30,2.031,473617,1070296,0.026,1,290.8,"-0.57,0.07,9.74","0.6,1.6,-0.9","4.350,38.250,12.450",0.18,0.26,0.00,0,126485,108992,8,1.00,37.496545,126.957927,28681,476,1714,40,20.62,0.00,999.00,1.0,0,194,0,1,-53,-52.8,108992,14,4,1.11,1,0,-4.39,-11.29,0
18:30:44,166.283,13594335,13594334,0,0,1,37.496539,126.957930,0.02,0.0,0,319.0,1,173.8,1,0.00,9.56,1.20,0.9984,21.10,2.023,473617,1070319,0.026,1,290.8,"-0.60,-0.03,9.54","-0.6,1.0,-0.1","6.000,38.100,11.250",0.15,0.17,0.00,0,126487,108993,8,1.00,37.496545,126.957927,28681,476,1714,40,20.62,0.00,999.00,1.0,0,194,0,1,-54,-53.0,108993,100,4,1.13,1,0,-4.39,-11.29,0
18:30:44,166.349,13594436,13594435,0,0,1,37.496539,126.957930,0.02,0.0,0,319.0,1,173.8,1,0.00,9.69,0.57,0.9982,21.52,2.070,473617,1070331,0.026,1,290.8,"-0.71,-0.03,9.67","-0.4,-0.2,-0.3","3.750,39.300,11.550",0.09,0.26,0.00,0,126488,108994,8,1.00,37.496545,126.957927,28681,476,1714,40,20.62,0.00,999.00,1.0,0,194,0,1,-54,-53.2,108994,94,4,1.15,1,0,-4.39,-11.29,0
18:30:45,166.772,13594541,13594540,0,0,1,37.496539,126.957930,0.02,0.0,0,319.0,1,173.8,1,-1.16,9.70,3.75,0.9977,21.79,2.030,473617,1070342,0.026,1,290.8,"-0.76,-0.10,9.67","0.7,-0.3,3.7","2.250,37.800,12.000",0.11,0.15,0.00,0,126489,108995,8,1.00,37.496545,126.957927,28681,476,1714,40,20.62,0.00,999.00,1.0,0,194,0,1,-57,-54.0,108995,94,4,1.24,1,0,-4.39,-11.29,0
18:30:45,167.069,13594946,13594945,0,0,1,37.496539,126.957930,0.02,0.0,0,319.0,1,173.8,1,0.00,9.69,3.43,0.9978,22.04,2.058,473617,1070390,0.015,1,290.8,"-0.75,-0.08,9.66","3.0,-0.8,1.5","2.100,38.700,12.150",0.12,0.16,0.00,0,126493,108999,8,1.00,37.496545,126.957928,28682,476,1714,40,21.05,0.00,999.00,1.0,0,194,0,1,-52,-53.6,108999,71,4,1.19,1,0,-4.39,-11.29,0
18:30:45,167.387,13595249,13595248,0,0,1,37.496539,126.957930,0.02,0.0,0,319.0,1,173.8,1,-0.86,9.69,3.70,0.9977,21.83,2.035,473617,1070426,0.015,1,290.8,"-0.46,-0.18,9.68","0.8,-1.3,3.4","3.000,38.100,12.000",0.20,0.21,0.00,0,126496,109002,8,1.00,37.496545,126.957928,28682,476,1714,40,21.05,0.00,999.00,1.0,0,194,0,1,-54,-53.4,109002,59,4,1.17,1,0,-4.39,-11.29,0
18:30:46,167.584,13595555,13595554,0,0,1,37.496539,126.957930,0.02,0.0,0,319.0,1,173.8,1,0.00,9.69,2.80,0.9987,22.43,1.993,473617,1070461,0.015,1,290.8,"-0.66,0.04,9.67","-0.8,1.0,-2.5","3.300,36.900,12.750",0.13,0.27,0.00,0,126499,109005,8,1.00,37.496545,126.957928,28682,476,1714,40,21.05,0.00,999.00,1.0,0,194,0,1,-54,-54.2,109005,44,4,1.27,1,0,-4.39,-11.29,0
18:30:46,167.672,13595757,13595756,0,0,1,37.496539,126.957930,0.02,0.0,0,319.0,1,173.8,1,0.00,9.58,1.04,0.9982,21.99,1.948,473617,1070485,0.021,1,290.8,"-0.56,-0.10,9.57","-0.9,0.4,0.3","3.900,35.550,12.450",0.14,0.19,0.00,0,126501,109007,8,1.00,37.496544,126.957929,28683,476,1714,40,21.05,0.00,999.00,1.0,0,194,0,1,-52,-53.4,109007,37,4,1.18,1,0,-4.39,-11.29,0
18:30:46,167.783,13595858,13595857,0,0,1,37.496539,126.957930,0.02,0.0,0,319.0,1,173.8,1,0.00,9.78,1.96,0.9982,21.14,2.002,473617,1070497,0.021,1,290.8,"-0.58,-0.09,9.76","0.3,-0.5,-1.9","4.350,37.200,11.400",0.09,0.15,0.00,0,126502,109008,8,1.00,37.496544,126.957929,28683,476,1714,40,21.05,0.00,999.00,1.0,0,194,0,1,-52,-53.2,109008,39,4,1.15,1,0,-4.39,-11.29,0
18:30:46,167.882,13595959,13595958,0,0,1,37.496539,126.957930,0.02,0.0,0,319.0,1,173.8,1,0.00,9.68,1.77,0.9983,21.88,1.999,473617,1070509,0.021,1,290.8,"-0.53,-0.08,9.66","0.2,-1.7,0.4","4.350,37.200,12.150",0.11,0.27,0.00,0,126503,109009,8,1.00,37.496544,126.957929,28683,476,1714,40,21.05,0.00,999.00,1.0,0,194,0,1,-53,-53.1,109009,35,4,1.14,1,0,-4.39,-11.29,0
18:30:46,168.002,13596060,13596059,0,0,1,37.496539,126.957930,0.02,0.0,0,319.0,1,173.8,1,0.00,9.46,3.41,0.9982,22.06,2.043,473617,1070521,0.021,1,290.8,"-0.63,-0.06,9.44","1.9,-1.2,2.5","5.100,38.700,12.150",0.23,0.23,0.00,0,126504,109010,8,1.00,37.496544,126.957929,28683,476,1714,40,20.62,0.00,999.00,1.0,0,194,0,1,-52,-52.9,109010,30,4,1.12,1,0,-4.39,-11.29,0
18:30:46,168.099,13596162,13596161,0,0,1,37.496539,126.957930,0.02,0.0,0,319.0,1,173.8,1,0.00,9.80,2.46,0.9979,21.24,2.046,473617,1070533,0.021,1,290.8,"-0.69,-0.10,9.77","2.3,0.2,-0.8","2.250,38.250,11.400",0.11,0.14,0.00,0,126505,109011,8,1.00,37.496544,126.957929,28683,476,1714,40,20.62,0.00,999.00,1.0,0,194,0,1,-53,-52.9,109011,27,4,1.12,1,0,-4.39,-11.29,0
18:30:46,168.421,13596262,13596261,0,0,1,37.496539,126.957930,0.02,0.0,0,319.0,1,173.8,1,0.00,9.69,3.57,0.9971,20.81,2.038,473617,1070545,0.021,1,290.8,"-0.54,-0.26,9.67","0.2,2.3,-2.7","3.900,38.250,10.950",0.20,0.20,0.00,0,126506,109012,8,1.00,37.496544,126.957929,28683,476,1714,40,20.62,0.00,999.00,1.0,0,194,0,1,-53,-52.9,109012,20,4,1.12,1,0,-4.39,-11.29,0
18:30:47,168.917,13596574,13596573,0,0,1,37.496539,126.957930,0.02,0.0,0,319.0,1,173.8,1,0.00,9.58,2.17,0.9984,21.45,2.020,473617,1070581,0.021,1,290.8,"-0.61,-0.04,9.56","1.7,1.3,-0.5","2.400,37.500,11.700",0.13,0.16,0.00,0,126509,109015,8,1.00,37.496544,126.957929,28683,476,1714,40,20.62,0.00,999.00,1.0,0,194,0,1,-53,-52.6,109015,13,4,1.09,1,0,-4.39,-11.29,0
18:30:47,169.118,13597086,13597085,0,0,1,37.496540,126.957930,0.02,0.0,0,319.0,1,173.8,1,0.00,9.62,1.06,0.9981,20.95,2.074,473617,1070638,0.031,1,290.8,"-0.52,-0.11,9.60","-0.6,-0.8,-0.2","4.350,39.450,10.950",0.14,0.17,0.00,0,126514,109019,8,1.00,37.496543,126.957930,28684,476,1714,40,20.62,0.00,999.00,1.0,0,194,0,1,-53,-53.2,109019,105,4,1.16,1,0,-4.39,-11.29,0
18:30:47,169.200,13597287,13597286,0,0,1,37.496540,126.957930,0.02,0.0,0,319.0,1,173.8,1,0.00,9.69,1.38,0.9978,21.80,2.021,473617,1070662,0.031,1,290.8,"-0.62,-0.13,9.67","1.3,0.1,0.3","3.750,37.800,12.000",0.06,0.15,0.00,0,126516,109021,8,1.00,37.496543,126.957930,28684,476,1714,40,20.62,0.00,999.00,1.0,0,194,0,1,-54,-53.2,109021,93,4,1.15,1,0,-4.39,-11.29,0
18:30:47,169.318,13597388,13597387,0,0,1,37.496540,126.957930,0.02,0.0,0,319.0,1,173.8,1,0.00,9.62,2.92,0.9973,22.93,2.037,473617,1070674,0.031,1,290.8,"-0.70,-0.17,9.60","0.6,-2.0,2.1","4.500,38.550,13.050",0.14,0.17,0.00,0,126517,109022,8,1.00,37.496543,126.957930,28684,476,1714,40,20.62,0.00,999.00,1.0,0,194,0,1,-53,-53.2,109022,89,4,1.15,1,0,-4.39,-11.29,0
18:30:47,169.400,13597489,13597488,0,0,1,37.496540,126.957930,0.02,0.0,0,319.0,1,173.8,1,0.00,9.59,3.41,0.9979,21.26,2.035,473617,1070686,0.031,1,290.8,"-0.59,-0.12,9.57","2.6,-0.5,2.1","4.350,38.250,11.400",0.12,0.19,0.00,0,126518,109023,8,1.00,37.496543,126.957930,28684,476,1714,40,20.62,0.00,999.00,1.0,0,194,0,1,-54,-53.3,109023,86,4,1.17,1,0,-4.39,-11.29,0
18:30:48,169.583,13597593,13597592,0,0,1,37.496540,126.957930,0.02,0.0,0,319.0,1,173.8,1,0.00,9.75,0.99,0.9976,23.07,2.076,473617,1070697,0.031,1,290.8,"-0.71,-0.13,9.73","-0.3,0.4,-0.9","4.200,39.750,13.050",0.11,0.15,0.00,0,126519,109024,8,1.00,37.496543,126.957930,28684,476,1714,40,20.62,0.00,999.00,1.0,0,194,0,1,-53,-53.3,109024,85,4,1.16,1,0,-4.39,-11.29,0
18:30:48,169.656,13597694,13597693,0,0,1,37.496540,126.957930,0.02,0.0,0,319.0,1,173.8,1,0.00,9.65,2.63,0.9972,21.80,2.021,473617,1070709,0.021,1,290.8,"-0.60,-0.23,9.62","2.2,-1.3,-0.4","3.750,37.800,12.000",0.14,0.17,0.00,0,126520,109025,9,1.00,37.496542,126.957930,28685,476,1714,40,20.62,0.00,999.00,1.0,0,194,0,1,-54,-53.4,109025,80,4,1.18,1,0,-4.39,-11.29,0
18:30:48,169.716,13597795,13597794,0,0,1,37.496540,126.957930,0.02,0.0,0,319.0,1,173.8,1,0.00,9.70,0.90,0.9976,21.51,2.030,473617,1070721,0.021,1,290.8,"-0.69,-0.14,9.68","-0.7,0.6,-0.2","3.150,37.950,11.700",0.08,0.19,0.00,0,126521,109026,9,1.00,37.496542,126.957930,28685,476,1714,40,20.62,0.00,999.00,1.0,0,194,0,1,-54,-53.5,109026,72,4,1.19,1,0,-4.39,-11.29,0
18:30:48,169.825,13597896,13597895,0,0,1,37.496540,126.957930,0.02,0.0,0,319.0,1,173.8,1,0.00,9.79,2.19,0.9984,20.74,2.052,473617,1070733,0.021,1,290.8,"-0.68,-0.01,9.76","1.0,-1.1,-1.6","5.250,38.850,10.800",0.13,0.20,0.00,0,126522,109027,9,1.00,37.496542,126.957930,28685,476,1714,40,20.62,0.00,999.00,1.0,0,194,0,1,-54,-53.6,109027,71,4,1.20,1,0,-4.39,-11.29,0
18:30:48,170.369,13597997,13597996,0,0,1,37.496540,126.957930,0.02,0.0,0,319.0,1,173.8,1,0.00,9.73,2.09,0.9979,21.51,2.028,473617,1070745,0.021,1,290.8,"-0.68,-0.11,9.71","-0.2,-2.1,-0.1","3.600,37.950,11.700",0.05,0.17,0.00,0,126523,109028,9,1.00,37.496542,126.957930,28685,476,1714,40,20.62,0.00,999.00,1.0,0,194,0,1,-54,-53.7,109028,68,4,1.21,1,0,-4.39,-11.29,0
18:30:49,170.566,13598501,13598500,0,0,1,37.496540,126.957930,0.02,0.0,0,319.0,1,173.8,1,0.00,9.82,2.85,0.9980,22.34,2.051,473617,1070805,0.021,1,290.8,"-0.62,-0.11,9.80","-1.0,2.6,0.2","3.150,38.700,12.450",0.12,0.18,0.00,0,126528,109033,9,1.00,37.496542,126.957930,28685,476,1714,40,20.62,0.00,999.00,1.0,0,194,0,1,-51,-53.3,109033,43,4,1.16,1,0,-4.39,-11.29,0
18:30:49,170.666,13598709,13598708,0,0,1,37.496540,126.957930,0.01,0.0,0,319.0,1,173.8,1,0.00,9.68,1.72,0.9978,21.79,2.028,473617,1070828,0.005,1,290.8,"-0.54,-0.16,9.66","1.4,-1.0,-0.3","2.550,37.800,12.000",0.12,0.19,0.00,0,126530,109035,9,1.00,37.496542,126.957931,28686,476,1714,40,20.62,0.00,999.00,1.0,0,194,0,1,-50,-52.1,109035,24,4,1.04,1,0,-4.39,-11.29,0
18:30:49,170.983,13598809,13598808,0,0,1,37.496540,126.957930,0.01,0.0,0,319.0,1,173.8,1,0.00,9.70,2.73,0.9981,19.76,2.046,473617,1070840,0.005,1,290.8,"-0.71,-0.04,9.67","2.3,-0.9,-1.1","3.150,38.250,9.900",0.09,0.15,0.00,0,126531,109036,9,1.00,37.496542,126.957931,28686,476,1714,40,20.62,0.00,999.00,1.0,0,194,0,1,-50,-51.7,109036,22,4,1.00,1,0,-4.39,-11.29,0
18:30:49,171.185,13599112,13599111,0,0,1,37.496540,126.957930,0.01,0.0,0,319.0,1,173.8,1,0.00,9.71,3.09,0.9984,22.48,2.013,473617,1070876,0.005,1,290.8,"-0.55,-0.05,9.70","1.8,-2.2,-1.1","2.250,37.350,12.750",0.10,0.23,0.00,0,126534,109039,9,1.00,37.496542,126.957931,28686,476,1714,40,20.62,0.00,999.00,1.0,0,194,0,1,-46,-49.7,109039,20,4,0.83,1,0,-4.39,-11.29,0
18:30:49,171.304,13599323,13599322,0,0,1,37.496540,126.957930,0.01,0.0,0,319.0,1,173.8,1,0.00,9.72,2.08,0.9989,21.39,2.074,473617,1070900,0.005,1,290.8,"-0.59,0.04,9.70","-0.8,0.4,-1.9","3.900,39.450,11.400",0.13,0.20,0.00,0,126536,109041,9,1.00,37.496542,126.957931,28686,476,1714,40,20.62,0.00,999.00,1.0,0,194,0,1,-47,-48.9,109041,21,4,0.80,1,0,-4.39,-11.29,0
18:30:49,171.472,13599431,13599430,0,0,1,37.496540,126.957930,0.01,0.0,0,319.0,1,173.8,1,0.00,9.70,2.51,0.9973,21.29,2.015,473617,1070913,0.005,1,290.8,"-0.59,-0.21,9.68","2.2,-0.4,-1.1","2.550,37.350,11.550",0.14,0.14,0.00,0,126537,109042,9,1.00,37.496542,126.957931,28686,476,1714,40,20.62,0.00,999.00,1.0,0,194,0,1,-47,-48.5,109042,23,4,0.80,1,0,-4.39,-11.29,0
18:30:50,171.896,13599638,13599637,0,0,1,37.496540,126.957930,0.01,0.0,0,319.0,1,173.8,1,0.00,9.69,2.08,0.9982,22.78,2.054,473617,1070935,0.015,1,290.8,"-0.64,-0.07,9.67","0.6,1.6,-1.1","2.400,38.700,12.900",0.02,0.15,0.00,0,126539,109044,8,1.00,37.496542,126.957931,28687,476,1714,40,20.62,0.00,999.00,-0.9,0,194,0,1,-47,-47.8,109044,19,4,0.80,1,0,-4.39,-11.29,0
18:30:50,172.200,13600058,13600045,0,0,1,37.496540,126.957930,0.01,0.0,0,319.0,1,173.8,1,0.00,9.69,0.72,0.9976,21.43,2.055,473617,1070981,0.015,1,290.8,"-0.78,-0.10,9.66","0.4,-0.6,0.0","2.250,38.550,11.550",0.13,0.17,0.00,0,126543,109048,8,1.00,37.496542,126.957931,28687,476,1714,40,20.62,0.00,999.00,-0.9,0,194,0,1,-45,-46.9,109048,16,4,0.80,1,0,-4.39,-11.29,0
18:30:50,172.283,13600353,13600352,0,0,1,37.496540,126.957930,0.01,0.0,0,319.0,1,173.8,1,0.00,9.65,3.87,0.9983,22.58,2.028,473617,1071015,0.015,1,290.8,"-0.69,-0.03,9.62","1.7,3.2,-1.5","3.750,38.100,12.750",0.08,0.12,0.00,0,126546,109050,8,1.00,37.496542,126.957931,28687,476,1714,40,20.62,0.00,999.00,-0.9,0,194,0,1,-47,-47.0,109050,98,4,0.80,1,0,-4.39,-11.29,0
18:30:51,172.700,13600454,13600453,0,0,1,37.496540,126.957930,0.01,0.0,0,319.0,1,173.8,1,-0.32,9.76,4.09,0.9982,19.86,2.031,473617,1071027,0.015,1,290.8,"-0.61,-0.08,9.74","0.3,-3.0,2.8","3.300,37.800,10.050",0.08,0.17,0.00,0,126547,109051,8,1.00,37.496542,126.957931,28687,476,1714,40,20.62,0.00,999.00,-0.9,0,194,0,1,-43,-46.2,109051,94,4,0.80,1,0,-4.39,-11.29,0
18:30:51,172.864,13600861,13600860,0,0,1,37.496540,126.957930,0.02,0.0,0,319.0,1,173.8,1,0.19,9.73,4.63,0.9986,21.07,2.028,473617,1071074,0.015,1,290.8,"-0.62,0.00,9.71","-0.8,-2.5,-3.8","3.900,37.950,11.250",0.11,0.14,0.00,0,126551,109055,9,1.00,37.496541,126.957932,28688,476,1714,40,20.62,0.00,999.00,-0.9,0,194,0,1,-47,-45.5,109055,77,4,0.80,1,0,-4.39,-11.29,0
18:30:51,172.933,13600962,13600961,0,0,1,37.496540,126.957930,0.02,0.0,0,319.0,1,173.8,1,0.00,9.66,1.49,0.9983,22.36,2.089,473617,1071086,0.015,1,290.8,"-0.65,-0.04,9.63","-0.3,1.0,-1.0","4.200,40.050,12.300",0.06,0.16,0.00,0,126552,109056,9,1.00,37.496541,126.957932,28688,476,1714,40,20.62,0.00,999.00,-0.9,0,194,0,1,-47,-45.8,109056,71,4,0.80,1,0,-4.39,-11.29,0
18:30:51,173.134,13601063,13601062,0,0,1,37.496540,126.957930,0.02,0.0,0,319.0,1,173.8,1,0.00,9.69,2.00,0.9982,21.35,2.025,473617,1071098,0.015,1,290.8,"-0.66,-0.06,9.67","-0.4,1.5,-1.2","3.300,37.800,11.550",0.04,0.16,0.00,0,126553,109057,9,1.00,37.496541,126.957932,28688,476,1714,40,20.62,0.00,999.00,-0.9,0,194,0,1,-49,-46.4,109057,70,4,0.80,1,0,-4.39,-11.29,0
18:30:51,173.216,13601265,13601264,0,0,1,37.496540,126.957930,0.02,0.0,0,319.0,1,173.8,1,0.00,9.64,2.20,0.9978,20.68,2.057,473617,1071122,0.015,1,290.8,"-0.68,-0.11,9.62","-0.6,0.5,-2.1","2.250,38.550,10.800",0.08,0.18,0.00,0,126555,109059,9,1.00,37.496541,126.957932,28688,476,1714,40,21.05,0.00,999.00,-0.9,0,194,0,1,-51,-47.6,109059,61,4,0.80,1,0,-4.39,-11.29,0
18:30:52,173.951,13601366,13601365,0,0,1,37.496540,126.957930,0.02,0.0,0,319.0,1,173.8,1,0.00,9.73,3.23,0.9977,21.35,2.025,473617,1071134,0.015,1,290.8,"-0.65,-0.14,9.71","-0.8,1.3,-2.8","3.300,37.800,11.550",0.06,0.23,0.00,0,126556,109060,9,1.00,37.496541,126.957932,28688,476,1714,40,21.05,0.00,999.00,-0.9,0,194,0,1,-50,-48.1,109060,57,4,0.80,1,0,-4.39,-11.29,0
18:30:52,174.233,13602076,13602075,0,0,1,37.496540,126.957930,0.02,0.0,0,319.0,1,173.8,1,0.00,9.60,5.67,0.9982,22.49,2.005,473617,1071217,0.031,1,290.8,"-0.59,-0.09,9.58","4.6,2.5,-2.1","3.750,37.350,12.750",0.10,0.16,0.00,0,126563,109067,8,1.00,37.496541,126.957932,28689,476,1714,40,21.07,0.00,999.00,-2.7,0,194,0,1,-56,-51.7,109067,12,4,1.00,1,0,-4.39,-11.29,0
18:30:52,174.518,13602385,13602384,0,0,1,37.496540,126.957930,0.02,0.0,0,319.0,1,173.9,1,0.00,9.70,3.60,0.9980,20.91,1.990,473617,1071254,0.031,1,290.8,"-0.62,-0.11,9.68","3.2,-0.9,1.3","3.000,36.600,11.250",0.04,0.23,0.00,0,126566,109069,8,1.00,37.496541,126.957932,28689,476,1714,40,21.07,0.00,999.00,-2.7,0,194,0,1,-53,-53.0,109069,116,4,1.13,1,0,-4.39,-11.29,0
18:30:53,174.869,13602597,13602596,0,0,1,37.496540,126.957930,0.02,0.0,0,319.0,1,173.9,1,0.00,9.82,1.79,0.9980,21.96,2.029,473617,1071278,0.031,1,290.8,"-0.70,-0.08,9.79","-0.3,1.2,-1.3","3.150,37.950,12.150",0.14,0.17,0.00,0,126568,109071,8,1.00,37.496541,126.957932,28689,476,1714,40,21.07,0.00,999.00,-2.7,0,194,0,1,-50,-51.9,109071,19,4,1.02,1,0,-4.39,-11.29,0
18:30:53,175.067,13603015,13603002,0,0,1,37.496540,126.957930,0.03,0.0,0,319.0,1,173.9,1,0.00,9.63,4.92,0.9982,21.43,2.004,473617,1071325,0.041,1,290.8,"-0.62,-0.08,9.61","4.8,0.7,-0.4","3.600,37.200,11.700",0.08,0.11,0.00,0,126572,109075,8,1.00,37.496542,126.957932,28690,476,1714,40,21.07,0.00,999.00,-2.7,0,194,0,1,-51,-51.0,109075,15,4,0.94,1,0,-4.39,-11.29,0
18:30:53,175.136,13603208,13603207,0,0,1,37.496540,126.957930,0.03,0.0,0,319.0,1,173.9,1,0.00,9.74,2.36,0.9981,20.11,2.059,473617,1071348,0.041,1,290.8,"-0.61,-0.10,9.72","1.3,0.7,1.9","3.150,38.700,10.200",0.05,0.18,0.00,0,126574,109076,8,1.00,37.496542,126.957932,28690,476,1714,40,21.07,0.00,999.00,-2.7,0,194,0,1,-51,-51.0,109076,101,4,0.94,1,0,-4.39,-11.29,0
18:30:53,175.385,13603309,13603308,0,0,1,37.496540,126.957930,0.03,0.0,0,319.0,1,173.8,1,0.00,9.62,1.61,0.9987,21.87,2.053,473617,1071360,0.041,1,290.8,"-0.50,-0.01,9.61","-0.3,-0.5,-1.5","2.250,38.550,12.000",0.17,0.19,0.00,0,126575,109077,8,1.00,37.496542,126.957932,28690,476,1714,40,21.07,0.00,999.00,-2.7,0,194,0,1,-51,-51.0,109077,98,4,0.94,1,0,-4.39,-11.29,0
18:30:53,175.472,13603511,13603510,0,0,1,37.496540,126.957930,0.03,0.0,0,319.0,1,173.8,1,0.00,9.72,0.65,0.9979,21.47,2.056,473617,1071384,0.041,1,290.8,"-0.65,-0.11,9.70","-0.3,0.2,0.5","3.750,38.850,11.550",0.04,0.17,0.00,0,126577,109079,8,1.00,37.496542,126.957932,28690,476,1714,40,21.07,0.00,999.00,-2.7,0,194,0,1,-51,-51.0,109079,89,4,0.94,1,0,-4.39,-11.29,0
18:30:54,175.583,13603616,13603615,0,0,1,37.496541,126.957931,0.03,0.0,0,319.0,1,173.8,1,0.00,9.70,1.91,0.9980,21.99,1.996,473617,1071395,0.036,1,290.8,"-0.66,-0.09,9.68","1.7,-0.3,-0.7","3.000,36.900,12.300",0.02,0.16,0.00,0,126578,109080,7,1.35,37.496542,126.957931,28691,476,1714,40,21.07,0.00,999.00,-2.7,0,194,0,1,-50,-50.8,109080,85,4,0.92,1,0,-4.39,-11.29,0
18:30:54,175.653,13603717,13603716,0,0,1,37.496541,126.957931,0.03,0.0,0,319.0,1,173.8,1,0.00,9.76,1.10,0.9986,21.49,2.106,473617,1071407,0.036,1,290.8,"-0.65,0.01,9.74","-0.7,0.9,0.0","3.150,40.350,11.400",0.11,0.16,0.00,0,126579,109081,7,1.35,37.496542,126.957931,28691,476,1714,40,21.07,0.00,999.00,-2.7,0,194,0,1,-49,-50.4,109081,83,4,0.89,1,0,-4.39,-11.29,0
18:30:54,176.000,13603818,13603817,0,0,1,37.496541,126.957931,0.03,0.0,0,319.0,1,173.8,1,0.00,9.69,2.45,0.9978,21.52,2.074,473617,1071419,0.036,1,290.8,"-0.60,-0.14,9.67","-1.7,0.6,-1.7","3.000,39.300,11.550",0.07,0.16,0.00,0,126580,109082,7,1.35,37.496542,126.957931,28691,476,1714,40,21.07,0.00,999.00,-2.7,0,194,0,1,-50,-50.4,109082,79,4,0.88,1,0,-4.39,-11.29,0
18:30:54,176.116,13604121,13604120,0,0,1,37.496541,126.957931,0.03,0.0,0,319.0,1,173.8,1,0.00,9.71,4.00,0.9981,22.32,2.084,473617,1071455,0.036,1,290.8,"-0.74,-0.05,9.68","0.6,2.7,-2.9","3.300,39.750,12.300",0.10,0.18,0.00,0,126583,109085,7,1.35,37.496542,126.957931,28691,476,1714,40,21.07,0.00,999.00,-2.7,0,194,0,1,-49,-49.7,109085,63,4,0.83,1,0,-4.39,-11.29,0
18:30:54,176.216,13604222,13604221,0,0,1,37.496541,126.957931,0.03,0.0,0,319.0,1,173.8,1,0.00,9.73,5.03,0.9981,22.54,2.021,473617,1071467,0.036,1,290.8,"-0.65,-0.08,9.71","-3.0,2.8,-3.0","3.300,37.800,12.750",0.03,0.18,0.00,0,126584,109086,7,1.35,37.496542,126.957931,28691,476,1714,40,21.07,0.00,999.00,-2.7,0,194,0,1,-50,-49.8,109086,61,4,0.83,1,0,-4.39,-11.29,0
18:30:54,176.282,13604323,13604322,0,0,1,37.496541,126.957931,0.03,0.0,0,319.0,1,173.8,1,0.00,9.73,2.05,0.9975,21.97,2.023,473617,1071479,0.036,1,290.8,"-0.67,-0.17,9.71","0.9,-0.7,-1.7","4.350,37.950,12.150",0.10,0.16,0.00,0,126585,109087,7,1.35,37.496542,126.957931,28691,476,1714,40,21.07,0.00,999.00,-2.7,0,194,0,1,-48,-49.4,109087,53,4,0.80,1,0,-4.39,-11.29,0
18:30:54,176.365,13604423,13604422,0,0,1,37.496541,126.957931,0.03,0.0,0,319.0,1,173.8,1,0.00,9.76,3.07,0.9985,22.34,2.053,473617,1071491,0.036,1,290.8,"-0.57,-0.04,9.74","0.4,-1.9,2.4","2.850,38.700,12.450",0.09,0.25,0.00,0,126586,109088,7,1.35,37.496542,126.957931,28691,476,1714,40,21.07,0.00,999.00,-2.7,0,194,0,1,-46,-48.7,109088,40,4,0.80,1,0,-4.39,-11.29,0
18:30:54,176.485,13604547,13604523,0,0,1,37.496541,126.957931,0.03,0.0,0,319.0,1,173.8,1,0.00,9.80,2.47,0.9979,22.66,2.052,473617,1071503,0.036,1,290.8,"-0.68,-0.11,9.77","1.4,-1.2,1.6","3.750,38.850,12.750",0.09,0.18,0.00,0,126587,109089,7,1.35,37.496542,126.957931,28691,476,1714,40,21.07,0.00,999.00,-2.7,0,194,0,1,-45,-48.0,109089,70,4,0.80,1,0,-4.39,-11.29,0
18:30:55,176.571,13604639,13604638,0,0,1,37.496541,126.957931,0.05,0.0,0,319.0,1,173.8,1,0.00,9.68,3.00,0.9980,21.52,2.024,473617,1071514,0.057,1,290.8,"-0.58,-0.11,9.66","-0.3,-2.9,-0.8","4.350,37.950,11.700",0.07,0.19,0.00,0,126588,109090,7,1.35,37.496542,126.957931,28692,476,1714,40,21.07,0.00,999.00,-2.7,0,194,0,1,-49,-48.2,109090,55,4,0.80,1,0,-4.39,-11.29,0
18:30:55,176.702,13604740,13604739,0,0,1,37.496541,126.957931,0.05,0.0,0,319.0,1,173.8,1,0.00,9.78,3.86,0.9977,21.08,2.037,473617,1071526,0.057,1,290.8,"-0.54,-0.17,9.77","2.9,-1.9,-1.7","3.000,38.100,11.250",0.14,0.14,0.00,0,126589,109091,7,1.35,37.496542,126.957931,28692,476,1714,40,20.64,0.00,999.00,-2.8,0,194,0,1,-48,-48.1,109091,43,4,0.80,1,0,-4.39,-11.29,0
18:30:55,176.783,13604841,13604840,0,0,1,37.496541,126.957931,0.05,0.0,0,319.0,1,173.8,1,0.00,9.77,3.06,0.9974,21.96,2.029,473617,1071538,0.057,1,290.8,"-0.75,-0.15,9.74","-0.1,-2.5,-1.7","3.150,37.950,12.150",0.13,0.20,0.00,0,126590,109092,7,1.35,37.496542,126.957931,28692,476,1714,40,20.64,0.00,999.00,-2.8,0,194,0,1,-47,-47.9,109092,48,4,0.80,1,0,-4.39,-11.29,0
18:30:55,176.986,13604942,13604941,0,0,1,37.496541,126.957931,0.05,0.0,0,319.0,1,173.8,1,0.00,9.71,2.28,0.9982,22.00,2.036,473617,1071550,0.057,1,290.8,"-0.60,-0.08,9.69","0.9,-1.8,0.9","3.600,38.250,12.150",0.04,0.16,0.00,0,126591,109093,7,1.35,37.496542,126.957931,28692,476,1714,40,20.64,0.00,999.00,-2.8,0,194,0,1,-47,-47.7,109093,43,4,0.80,1,0,-4.39,-11.29,0
18:30:55,177.115,13605144,13605143,0,0,1,37.496541,126.957931,0.05,0.0,0,319.0,1,173.8,1,0.00,9.74,4.65,0.9988,21.55,2.037,473617,1071574,0.057,1,290.8,"-0.59,0.03,9.73","2.2,-4.0,0.7","3.600,38.250,11.700",0.13,0.19,0.00,0,126593,109095,7,1.35,37.496542,126.957931,28692,476,1714,40,20.69,0.00,999.00,-4.6,0,194,0,1,-48,-47.7,109095,35,4,0.80,1,0,-4.39,-11.29,0
18:30:55,177.368,13605245,13605244,0,0,1,37.496541,126.957931,0.05,0.0,0,319.0,1,173.8,1,0.00,9.75,3.97,0.9981,21.34,2.031,473617,1071586,0.057,1,290.8,"-0.77,-0.03,9.72","2.3,-3.1,0.7","2.250,37.800,11.550",0.15,0.17,0.00,0,126594,109096,7,1.35,37.496542,126.957931,28692,476,1714,40,20.69,0.00,999.00,-4.6,0,194,0,1,-46,-47.3,109096,30,4,0.80,1,0,-4.39,-11.29,0
18:30:56,177.936,13605457,13605456,0,0,1,37.496541,126.957931,0.05,0.0,0,319.0,1,173.8,1,0.00,9.71,2.32,0.9981,20.25,2.017,473617,1071610,0.057,1,290.8,"-0.59,-0.11,9.69","0.6,-1.3,-1.8","3.000,37.350,10.500",0.04,0.23,0.00,0,126596,109098,7,1.35,37.496542,126.957931,28692,476,1714,40,20.69,0.00,999.00,-4.6,0,194,0,1,-49,-47.9,109098,29,4,0.80,1,0,-4.39,-11.29,0
18:30:56,178.098,13606075,13606074,0,0,1,37.496541,126.957931,0.03,0.0,0,319.0,1,173.9,1,0.00,9.73,1.95,0.9983,20.91,2.064,473617,1071682,0.010,1,290.8,"-0.61,-0.05,9.71","1.4,-0.2,-1.4","4.350,39.150,10.950",0.06,0.17,0.00,0,126602,109104,9,1.31,37.496542,126.957931,28693,476,1714,40,20.75,0.00,999.00,-6.5,0,194,0,1,-47,-47.8,109104,13,4,0.80,1,0,-4.39,-11.29,0
18:30:56,178.157,13606186,13606173,0,0,1,37.496541,126.957931,0.03,0.0,0,319.0,1,173.9,1,0.00,9.64,4.16,0.9977,21.25,2.037,473617,1071694,0.010,1,290.8,"-0.72,-0.11,9.61","3.2,-2.2,-1.5","3.900,38.250,11.400",0.11,0.16,0.00,0,126603,109105,9,1.31,37.496542,126.957931,28693,476,1714,40,20.75,0.00,999.00,-6.5,0,194,0,1,-47,-47.7,109105,19,4,0.80,1,0,-4.39,-11.29,0
18:30:56,178.305,13606289,13606276,0,0,1,37.496541,126.957931,0.03,0.0,0,319.0,1,173.9,1,0.00,9.67,1.85,0.9977,21.51,2.030,473617,1071705,0.010,1,290.8,"-0.64,-0.15,9.65","-0.8,1.5,0.8","3.150,37.950,11.700",0.07,0.22,0.00,0,126604,109106,9,1.31,37.496542,126.957931,28693,476,1714,40,20.75,0.00,999.00,-6.5,0,194,0,1,-48,-47.7,109106,15,4,0.80,1,0,-4.39,-11.29,0
18:30:56,178.322,13606380,13606379,0,0,1,37.496541,126.957931,0.03,0.0,0,319.0,1,173.9,1,0.00,9.67,2.22,0.9983,20.91,1.990,473617,1071716,0.010,1,290.8,"-0.63,-0.04,9.65","1.2,-1.6,-0.9","3.000,36.600,11.250",0.05,0.19,0.00,0,126605,109106,9,1.31,37.496542,126.957931,28693,476,1714,40,20.75,0.00,999.00,-6.5,0,194,0,1,-48,-47.7,109106,106,4,0.80,1,0,-4.39,-11.29,0
18:30:56,178.450,13606481,13606480,0,0,1,37.496541,126.957931,0.03,0.0,0,319.0,1,173.9,1,0.00,9.78,1.45,0.9979,21.80,2.018,473617,1071728,0.010,1,290.8,"-0.60,-0.12,9.76","0.8,-0.7,-1.0","4.500,37.800,12.000",0.10,0.16,0.00,0,126606,109107,9,1.31,37.496542,126.957931,28693,476,1714,40,20.75,0.00,999.00,-6.5,0,194,0,1,-48,-47.8,109107,96,4,0.80,1,0,-4.39,-11.29,0
18:30:57,178.538,13606586,13606585,0,0,1,37.496541,126.957931,0.03,0.0,0,319.0,1,173.9,1,0.00,9.64,1.59,0.9985,22.93,2.035,473617,1071739,0.010,1,290.8,"-0.60,-0.03,9.62","0.2,1.5,-0.2","4.950,38.550,13.050",0.08,0.13,0.00,0,126607,109108,9,1.31,37.496542,126.957931,28693,476,1714,40,20.75,0.00,999.00,-6.5,0,194,0,1,-49,-48.0,109108,92,4,0.80,1,0,-4.39,-11.29,0
18:30:57,178.615,13606687,13606686,0,0,1,37.496541,126.957931,0.03,0.0,0,319.0,1,173.9,1,0.00,9.80,0.38,0.9986,21.83,2.033,473617,1071751,0.036,1,290.8,"-0.70,0.02,9.78","0.3,0.1,-0.1","3.300,38.100,12.000",0.16,0.19,0.00,0,126608,109109,9,0.97,37.496542,126.957931,28694,476,1714,40,20.75,0.00,999.00,-6.5,0,194,0,1,-48,-48.0,109109,98,4,0.80,1,0,-4.39,-11.29,0
18:30:57,178.850,13606788,13606787,0,0,1,37.496541,126.957931,0.03,0.0,0,319.0,1,173.9,1,0.00,9.67,1.51,0.9985,21.75,1.994,473617,1071763,0.036,1,290.8,"-0.58,-0.03,9.65","0.2,1.5,0.4","0.450,36.300,12.150",0.07,0.18,0.00,0,126609,109110,9,0.97,37.496542,126.957931,28694,476,1714,40,20.75,0.00,999.00,-6.5,0,194,0,1,-50,-48.4,109110,93,4,0.80,1,0,-4.39,-11.29,0
18:30:57,179.033,13606990,13606989,0,0,1,37.496541,126.957931,0.03,0.0,0,319.0,1,173.9,1,0.00,9.67,2.37,0.9982,23.45,2.021,473617,1071787,0.036,1,290.8,"-0.73,-0.03,9.64","1.1,1.7,-1.2","3.600,37.950,13.650",0.11,0.18,0.00,0,126611,109112,9,0.97,37.496542,126.957931,28694,476,1714,40,20.84,0.00,999.00,-8.3,0,194,0,1,-49,-48.6,109112,83,4,0.80,1,0,-4.39,-11.29,0
18:30:57,179.132,13607192,13607191,0,0,1,37.496541,126.957931,0.03,0.0,0,319.0,1,173.8,1,0.00,9.74,1.12,0.9988,20.94,2.076,473617,1071811,0.036,1,290.8,"-0.62,0.03,9.72","0.6,0.9,-0.3","3.900,39.450,10.950",0.11,0.22,0.00,0,126613,109114,9,0.97,37.496542,126.957931,28694,476,1714,40,20.84,0.00,999.00,-8.3,0,194,0,1,-48,-48.4,109114,71,4,0.80,1,0,-4.39,-11.29,0
18:30:57,179.251,13607293,13607292,0,0,1,37.496541,126.957931,0.03,0.0,0,319.0,1,173.8,1,0.00,9.71,3.21,0.9982,22.08,2.028,473617,1071823,0.036,1,290.8,"-0.68,-0.05,9.68","0.4,0.9,-3.0","2.250,37.800,12.300",0.05,0.18,0.00,0,126614,109115,9,0.97,37.496542,126.957931,28694,476,1714,40,20.84,0.00,999.00,-8.3,0,194,0,1,-44,-47.5,109115,71,4,0.80,1,0,-4.39,-11.29,0
18:30:57,179.459,13607394,13607393,0,0,1,37.496541,126.957931,0.03,0.0,0,319.0,1,173.8,1,0.00,9.74,1.51,0.9980,21.83,2.033,473617,1071835,0.036,1,290.8,"-0.64,-0.10,9.72","1.4,0.2,-0.6","3.300,38.100,12.000",0.05,0.19,0.00,0,126615,109116,9,0.97,37.496542,126.957931,28694,476,1714,40,20.84,0.00,999.00,-8.3,0,194,0,1,-47,-47.4,109116,66,4,0.80,1,0,-4.39,-11.29,0
18:30:58,179.669,13607600,13607599,0,0,1,37.496541,126.957931,0.03,0.0,0,319.0,1,173.8,1,0.00,9.63,1.48,0.9978,20.81,2.038,473617,1071858,0.036,1,290.8,"-0.60,-0.14,9.61","-0.4,0.5,-1.4","3.900,38.250,10.950",0.09,0.17,0.00,0,126617,109118,9,0.97,37.496542,126.957931,28694,476,1714,40,20.84,0.00,999.00,-8.3,0,194,0,1,-47,-47.3,109118,57,4,0.80,1,0,-4.39,-11.29,0
18:30:58,179.782,13607802,13607801,0,0,1,37.496541,126.957931,0.05,0.0,0,319.0,1,173.8,1,0.00,9.63,2.39,0.9974,22.79,2.049,473617,1071882,0.067,1,290.8,"-0.75,-0.14,9.60","-0.2,1.8,-1.6","3.150,38.700,12.900",0.15,0.16,0.00,0,126619,109120,9,0.97,37.496542,126.957931,28695,476,1714,40,20.84,0.00,999.00,-8.3,0,194,0,1,-46,-47.0,109120,52,4,0.80,1,0,-4.39,-11.29,0
18:30:58,179.849,13607903,13607902,0,0,1,37.496541,126.957931,0.05,0.0,0,319.0,1,173.8,1,0.00,9.75,3.52,0.9982,21.95,2.084,473617,1071894,0.067,1,290.8,"-0.66,-0.06,9.73","-2.1,2.4,-1.5","1.050,39.300,12.000",0.07,0.17,0.00,0,126620,109121,9,0.97,37.496542,126.957931,28695,476,1714,40,21.36,0.00,999.00,-10.0,0,194,0,1,-46,-46.8,109121,47,4,0.80,1,0,-4.39,-11.29,0
18:30:58,179.984,13608004,13608003,0,0,1,37.496541,126.957931,0.05,0.0,0,319.0,1,173.8,1,0.00,9.64,2.64,0.9986,22.72,2.063,473617,1071906,0.067,1,290.8,"-0.63,0.01,9.62","-1.1,-2.1,-1.1","4.200,39.300,12.750",0.11,0.18,0.00,0,126621,109122,9,0.97,37.496542,126.957931,28695,476,1714,40,21.36,0.00,999.00,-10.0,0,194,0,1,-47,-46.8,109122,41,4,0.80,1,0,-4.39,-11.29,0
18:30:59,181.093,13608105,13608104,0,0,1,37.496541,126.957931,0.05,0.0,0,319.0,1,173.8,1,0.00,9.68,5.94,0.9971,22.87,2.029,473617,1071918,0.067,1,290.8,"-0.63,-0.23,9.65","4.7,-3.7,-0.1","3.300,38.100,13.050",0.16,0.17,0.00,0,126622,109123,9,0.97,37.496542,126.957931,28695,476,1714,40,21.36,0.00,999.00,-10.0,0,194,0,1,-47,-46.9,109123,38,4,0.80,1,0,-4.39,-11.29,0
18:30:59,181.314,13609241,13609240,0,0,1,37.496541,126.957931,0.05,0.0,0,319.0,1,173.9,1,0.00,9.68,1.27,0.9986,21.90,2.016,473617,1072047,0.057,1,290.8,"-0.45,-0.03,9.67","1.2,-0.5,-0.0","2.850,37.500,12.150",0.20,0.20,0.00,0,126633,109134,9,0.97,37.496542,126.957932,28696,476,1714,40,21.08,0.00,999.00,-12.0,0,194,0,1,-47,-47.3,109134,11,4,0.80,1,0,-4.39,-11.29,0
18:31:00,181.525,13609353,13609340,0,0,1,37.496541,126.957931,0.05,0.0,0,319.0,1,173.9,1,0.00,9.72,2.97,0.9983,20.63,1.991,473617,1072059,0.057,1,290.8,"-0.68,-0.04,9.69","1.8,1.9,-1.4","3.900,36.750,10.950",0.06,0.18,0.00,0,126634,109135,9,0.97,37.496542,126.957932,28696,476,1714,40,21.08,0.00,999.00,-12.0,0,194,0,1,-46,-47.1,109135,19,4,0.80,1,0,-4.39,-11.29,0
18:31:00,181.733,13609664,13609663,0,0,1,37.496541,126.957931,0.05,0.0,0,319.0,1,173.8,1,0.00,9.64,2.77,0.9985,22.67,2.049,473617,1072092,0.046,1,290.8,"-0.67,0.00,9.62","0.1,1.7,-2.2","4.200,38.850,12.750",0.11,0.14,0.00,0,126637,109138,9,0.97,37.496544,126.957931,28697,476,1714,40,21.08,0.00,999.00,-12.0,0,194,0,1,-47,-47.0,109138,13,4,0.80,1,0,-4.39,-11.29,0
18:31:00,181.835,13609867,13609866,0,0,1,37.496541,126.957931,0.05,0.0,0,319.0,1,173.8,1,0.00,9.70,2.51,0.9985,21.96,2.075,473617,1072115,0.046,1,290.8,"-0.63,-0.02,9.68","2.4,-0.4,-0.5","2.550,39.300,12.000",0.07,0.18,0.00,0,126639,109139,9,0.97,37.496544,126.957931,28697,476,1714,40,21.08,0.00,999.00,-12.0,0,194,0,1,-48,-47.2,109139,111,4,0.80,1,0,-4.39,-11.29,0
18:31:00,181.900,13609968,13609967,0,0,1,37.496541,126.957931,0.05,0.0,0,319.0,1,173.9,1,0.00,9.70,2.27,0.9982,20.47,2.030,473617,1072127,0.046,1,290.8,"-0.65,-0.06,9.68","1.7,-1.5,-0.1","3.900,37.950,10.650",0.03,0.16,0.00,0,126640,109141,9,0.97,37.496544,126.957931,28697,476,1714,40,21.08,0.00,999.00,-12.0,0,194,0,1,-46,-46.9,109141,0,4,0.80,1,0,-4.39,-11.29,0
18:31:00,182.033,13610069,13610068,0,0,1,37.496541,126.957931,0.05,0.0,0,319.0,1,173.9,1,0.00,9.66,3.56,0.9986,19.68,2.066,473617,1072139,0.046,1,290.8,"-0.56,-0.02,9.64","-2.4,-2.2,-1.4","3.000,38.850,9.750",0.11,0.18,0.00,0,126641,109141,9,0.97,37.496544,126.957931,28697,476,1714,40,21.08,0.00,999.00,-12.0,0,194,0,1,-46,-46.9,109141,101,4,0.80,1,0,-4.39,-11.29,0
18:31:00,182.099,13610170,13610169,0,0,1,37.496541,126.957931,0.05,0.0,0,319.0,1,173.9,1,0.00,9.80,2.11,0.9981,21.47,2.060,473617,1072151,0.046,1,290.8,"-0.62,-0.10,9.78","1.8,0.9,0.5","3.000,38.850,11.550",0.10,0.14,0.00,0,126642,109142,9,0.97,37.496544,126.957931,28697,476,1714,40,21.08,0.00,999.00,-12.0,0,194,0,1,-47,-47.0,109142,97,4,0.80,1,0,-4.39,-11.29,0
18:31:00,182.319,13610271,13610270,0,0,1,37.496541,126.957931,0.05,0.0,0,319.0,1,173.9,1,0.00,9.77,2.87,0.9971,20.02,2.033,473617,1072163,0.046,1,290.8,"-0.75,-0.20,9.74","1.7,0.5,2.2","3.600,37.950,10.200",0.17,0.18,0.00,0,126643,109143,9,0.97,37.496544,126.957931,28697,476,1714,40,21.08,0.00,999.00,-12.0,0,194,0,1,-47,-47.0,109143,89,4,0.80,1,0,-4.39,-11.29,0
18:31:01,182.552,13610473,13610472,0,0,1,37.496541,126.957931,0.05,0.0,0,319.0,1,173.9,1,0.00,9.64,4.75,0.9982,21.34,2.027,473617,1072187,0.046,1,290.8,"-0.63,-0.07,9.62","4.0,-2.6,-0.2","3.000,37.800,11.550",0.06,0.21,0.00,0,126645,109145,9,0.97,37.496544,126.957931,28697,476,1714,40,21.08,0.00,999.00,-12.0,0,194,0,1,-47,-47.0,109145,84,4,0.80,1,0,-4.39,-11.29,0
18:31:01,182.698,13610680,13610679,0,0,1,37.496542,126.957931,0.03,0.0,0,319.0,1,173.9,1,0.00,9.69,1.47,0.9982,22.12,2.034,473617,1072210,0.015,1,290.8,"-0.57,-0.09,9.67","0.7,-0.9,-0.9","3.000,38.100,12.300",0.07,0.14,0.00,0,126647,109147,10,1.06,37.496545,126.957931,28698,476,1714,40,21.23,0.00,999.00,-13.7,0,194,0,1,-46,-46.8,109147,81,4,0.80,1,0,-4.39,-11.29,0
18:31:01,182.783,13610781,13610780,0,0,1,37.496542,126.957931,0.03,0.0,0,319.0,1,173.9,1,0.00,9.78,1.86,0.9983,22.18,2.048,473617,1072222,0.015,1,290.8,"-0.62,-0.06,9.76","1.4,1.0,-0.6","3.000,38.550,12.300",0.09,0.14,0.00,0,126648,109148,10,1.06,37.496545,126.957931,28698,476,1714,40,21.23,0.00,999.00,-13.7,0,194,0,1,-46,-46.6,109148,75,4,0.80,1,0,-4.39,-11.29,0
18:31:01,182.866,13610882,13610881,0,0,1,37.496542,126.957931,0.03,0.0,0,319.0,1,173.9,1,0.00,9.66,2.93,0.9982,21.96,2.025,473617,1072234,0.015,1,290.8,"-0.62,-0.08,9.64","2.5,-0.3,-1.5","3.900,37.950,12.150",0.04,0.15,0.00,0,126649,109149,10,1.06,37.496545,126.957931,28698,476,1714,40,21.23,0.00,999.00,-13.7,0,194,0,1,-47,-46.7,109149,66,4,0.80,1,0,-4.39,-11.29,0
18:31:01,182.950,13610983,13610982,0,0,1,37.496542,126.957931,0.03,0.0,0,319.0,1,173.9,1,0.00,9.77,2.88,0.9984,22.29,2.037,473617,1072246,0.015,1,290.8,"-0.47,-0.06,9.75","2.8,0.0,-0.6","3.150,38.250,12.450",0.17,0.17,0.00,0,126650,109150,10,1.06,37.496545,126.957931,28698,476,1714,40,21.23,0.00,999.00,-13.7,0,194,0,1,-46,-46.6,109150,67,4,0.80,1,0,-4.39,-11.29,0
18:31:01,183.033,13611084,13611083,0,0,1,37.496542,126.957931,0.03,0.0,0,319.0,1,173.9,1,0.00,9.71,2.25,0.9979,22.47,1.977,473617,1072258,0.015,1,290.8,"-0.69,-0.09,9.69","0.4,-1.9,-1.0","1.200,36.000,12.900",0.06,0.19,0.00,0,126651,109151,10,1.06,37.496545,126.957931,28698,476,1714,40,21.23,0.00,999.00,-13.7,0,194,0,1,-46,-46.4,109151,63,4,0.80,1,0,-4.39,-11.29,0
18:31:01,183.258,13611185,13611184,0,0,1,37.496542,126.957931,0.03,0.0,0,319.0,1,173.9,1,0.00,9.81,1.77,0.9980,21.30,2.052,473617,1072270,0.015,1,290.8,"-0.78,-0.04,9.78","1.6,-0.2,0.8","3.600,38.700,11.400",0.18,0.18,0.00,0,126652,109152,10,1.06,37.496545,126.957931,28698,476,1714,40,21.23,0.00,999.00,-13.7,0,194,0,1,-46,-46.4,109152,59,4,0.80,1,0,-4.39,-11.29,0
18:31:01,183.365,13611387,13611386,0,0,1,37.496542,126.957931,0.03,0.0,0,319.0,1,173.9,1,0.00,9.67,2.90,0.9986,21.16,2.019,473617,1072294,0.015,1,290.8,"-0.66,0.02,9.65","2.1,-2.0,0.2","2.850,37.500,11.400",0.11,0.22,0.00,0,126654,109154,10,1.06,37.496545,126.957931,28698,476,1714,40,21.23,0.00,999.00,-13.7,0,194,0,1,-46,-46.2,109154,51,4,0.80,1,0,-4.39,-11.29,0
18:31:01,183.466,13611488,13611487,0,0,1,37.496542,126.957931,0.03,0.0,0,319.0,1,173.9,1,0.00,9.66,1.58,0.9981,21.88,2.047,473617,1072306,0.015,1,290.8,"-0.72,-0.05,9.63","1.0,-1.0,-0.6","3.300,38.550,12.000",0.09,0.18,0.00,0,126655,109155,10,1.06,37.496545,126.957931,28698,476,1714,40,21.23,0.00,999.00,-13.7,0,194,0,1,-46,-46.2,109155,43,4,0.80,1,0,-4.39,-11.29,0
18:31:02,183.532,13611588,13611587,0,0,1,37.496542,126.957931,0.03,0.0,0,319.0,1,173.9,1,0.00,9.60,3.49,0.9982,22.35,2.047,473617,1072315,0.015,1,290.8,"-0.58,-0.09,9.59","3.0,-1.4,1.2","3.900,38.700,12.450",0.12,0.15,0.00,0,126656,109156,10,1.06,37.496545,126.957931,28698,476,1714,40,21.23,0.00,999.00,-13.7,0,194,0,1,-44,-45.7,109156,39,4,0.80,1,0,-4.39,-11.29,0
18:31:02,183.750,13611688,13611687,0,0,1,37.496542,126.957931,0.02,0.0,0,319.0,1,173.9,1,0.00,9.66,0.87,0.9984,21.96,2.072,473617,1072327,0.015,1,290.8,"-0.61,-0.03,9.64","0.4,-0.7,0.3","3.000,39.300,12.000",0.08,0.18,0.00,0,126657,109157,9,0.97,37.496546,126.957931,28699,476,1714,40,21.23,0.00,999.00,-13.7,0,194,0,1,-46,-45.8,109157,35,4,0.80,1,0,-4.39,-11.29,0
18:31:02,183.836,13611890,13611889,0,0,1,37.496542,126.957931,0.02,0.0,0,319.0,1,173.9,1,0.00,9.69,2.69,0.9979,21.17,2.057,473617,1072351,0.015,1,290.8,"-0.63,-0.12,9.67","0.2,-0.5,-2.6","3.750,38.850,11.250",0.05,0.16,0.00,0,126659,109159,9,0.97,37.496546,126.957931,28699,476,1714,40,21.23,0.00,999.00,-13.7,0,194,0,1,-46,-46.0,109159,26,4,0.80,1,0,-4.39,-11.29,0
18:31:02,183.967,13611990,13611989,0,0,1,37.496542,126.957931,0.02,0.0,0,319.0,1,173.9,1,0.00,9.64,2.75,0.9983,21.28,2.083,473617,1072363,0.015,1,290.8,"-0.67,-0.03,9.62","1.7,-0.7,2.0","4.200,39.750,11.250",0.08,0.19,0.00,0,126660,109160,9,0.97,37.496546,126.957931,28699,476,1714,40,21.23,0.00,999.00,-13.7,0,194,0,1,-44,-45.6,109160,21,4,0.80,1,0,-4.39,-11.29,0
18:31:02,184.084,13612091,13612091,0,0,1,37.496542,126.957931,0.02,0.0,0,319.0,1,173.9,1,0.00,9.73,2.23,0.9972,22.57,2.030,473617,1072375,0.015,1,290.8,"-0.55,-0.24,9.72","2.1,-0.7,-0.4","3.300,38.100,12.750",0.20,0.25,0.00,0,126661,109161,9,0.97,37.496546,126.957931,28699,476,1714,40,21.23,0.00,999.00,-13.7,0,194,0,1,-46,-45.7,109161,12,4,0.80,1,0,-4.39,-11.29,0
18:31:02,184.183,13612193,13612192,0,0,1,37.496542,126.957931,0.02,0.0,0,319.0,1,173.9,1,0.00,9.49,5.36,0.9979,22.09,2.024,473617,1072387,0.015,1,290.8,"-0.57,-0.13,9.48","2.9,-3.9,-2.1","3.000,37.800,12.300",0.22,0.22,0.00,0,126662,109162,9,0.97,37.496546,126.957931,28699,476,1714,40,21.23,0.00,999.00,-13.7,0,194,0,1,-46,-45.8,109162,12,4,0.80,1,0,-4.39,-11.29,0
18:31:02,184.351,13612293,13612292,0,0,1,37.496542,126.957931,0.02,0.0,0,319.0,1,173.9,1,0.00,9.74,1.83,0.9984,21.43,2.003,473617,1072399,0.015,1,290.8,"-0.60,-0.05,9.73","1.7,0.4,0.5","3.900,37.200,11.700",0.07,0.19,0.00,0,126663,109162,9,0.97,37.496546,126.957931,28699,476,1714,40,21.23,0.00,999.00,-13.7,0,194,0,1,-46,-45.8,109162,112,4,0.80,1,0,-4.39,-11.29,0
18:31:02,184.464,13612500,13612499,0,0,1,37.496542,126.957931,0.02,0.0,0,319.0,1,173.9,1,0.00,9.73,4.08,0.9984,22.56,2.041,473617,1072424,0.015,1,290.8,"-0.55,-0.06,9.72","2.9,-2.7,-0.7","1.500,38.100,12.750",0.11,0.12,0.00,0,126665,109165,9,0.97,37.496546,126.957931,28699,476,1714,40,21.40,0.00,999.00,-15.5,0,194,0,1,-47,-46.2,109165,1,4,0.80,1,0,-4.39,-11.29,0
18:31:03,184.704,13612617,13612604,0,0,1,37.496542,126.957931,0.02,0.0,0,319.0,1,173.9,1,0.00,9.75,3.68,0.9981,21.08,2.037,473617,1072435,0.015,1,290.8,"-0.80,0.01,9.72","2.6,-2.3,-1.2","3.000,38.100,11.250",0.19,0.19,0.00,0,126666,109166,9,0.97,37.496546,126.957931,28699,476,1714,40,20.99,0.00,999.00,-15.8,0,194,0,1,-47,-46.4,109166,15,4,0.80,1,0,-4.39,-11.29,0
18:31:03,185.001,13612810,13612809,0,0,1,37.496542,126.957931,0.03,0.0,0,319.0,1,173.9,1,0.00,9.74,1.50,0.9976,21.54,2.041,473617,1072458,0.036,1,290.8,"-0.74,-0.12,9.71","0.8,1.2,0.3","2.850,38.250,11.700",0.12,0.18,0.00,0,126668,109167,10,0.97,37.496547,126.957931,28700,476,1714,40,20.58,0.00,999.00,-16.1,0,194,0,1,-47,-46.5,109167,97,4,0.80,1,0,-4.39,-11.29,0
18:31:03,185.133,13613113,13613112,0,0,1,37.496542,126.957931,0.03,0.0,0,319.0,1,173.9,1,0.00,9.72,0.42,0.9980,22.13,2.026,473617,1072494,0.036,1,290.8,"-0.66,-0.10,9.70","-0.2,0.2,-0.3","4.500,38.100,12.300",0.04,0.13,0.00,0,126671,109170,10,0.97,37.496547,126.957931,28700,476,1714,40,20.58,0.00,999.00,-16.1,0,194,0,1,-46,-46.5,109170,90,4,0.80,1,0,-4.39,-11.29,0
18:31:03,185.268,13613213,13613212,0,0,1,37.496542,126.957931,0.03,0.0,0,319.0,1,173.9,1,0.00,9.70,1.17,0.9982,21.92,2.054,473617,1072506,0.036,1,290.8,"-0.58,-0.09,9.68","0.5,-0.5,0.9","3.750,38.850,12.000",0.06,0.18,0.00,0,126672,109171,10,0.97,37.496547,126.957931,28700,476,1714,40,20.58,0.00,999.00,-16.1,0,194,0,1,-44,-46.0,109171,84,4,0.80,1,0,-4.39,-11.29,0
18:31:04,185.589,13613413,13613412,0,0,1,37.496542,126.957931,0.03,0.0,0,319.0,1,173.9,1,0.00,9.61,3.55,0.9984,22.18,2.042,473617,1072530,0.036,1,290.8,"-0.61,-0.03,9.59","2.3,-0.8,-2.6","4.200,38.550,12.300",0.11,0.24,0.00,0,126674,109173,10,0.97,37.496547,126.957931,28700,476,1714,40,20.58,0.00,999.00,-16.1,0,194,0,1,-46,-46.2,109173,73,4,0.80,1,0,-4.39,-11.29,0
18:31:04,185.720,13613719,13613718,0,0,1,37.496543,126.957931,0.03,0.0,0,319.0,1,173.9,1,0.00,9.64,2.02,0.9982,22.34,2.051,473617,1072565,0.036,1,290.8,"-0.63,-0.07,9.62","0.7,-1.6,1.0","3.150,38.700,12.450",0.07,0.18,0.00,0,126677,109176,9,0.97,37.496549,126.957931,28701,476,1714,40,20.78,0.00,999.00,-17.9,0,194,0,1,-48,-46.5,109176,61,4,0.80,1,0,-4.39,-11.29,0
18:31:04,185.799,13613820,13613819,0,0,1,37.496543,126.957931,0.03,0.0,0,319.0,1,173.9,1,0.00,9.68,4.48,0.9980,21.29,2.013,473617,1072577,0.036,1,290.8,"-0.69,-0.07,9.66","4.1,0.8,1.6","3.000,37.350,11.550",0.06,0.23,0.00,0,126678,109177,9,0.97,37.496549,126.957931,28701,476,1714,40,20.78,0.00,999.00,-17.9,0,194,0,1,-44,-46.0,109177,56,4,0.80,1,0,-4.39,-11.29,0
18:31:04,185.999,13614022,13614021,0,0,1,37.496543,126.957931,0.03,0.0,0,319.0,1,173.9,1,0.00,9.75,0.57,0.9981,21.47,2.060,473617,1072601,0.036,1,290.8,"-0.62,-0.09,9.73","0.5,-0.3,-0.2","3.000,38.850,11.550",0.06,0.12,0.00,0,126680,109179,9,0.97,37.496549,126.957931,28701,476,1714,40,20.78,0.00,999.00,-17.9,0,194,0,1,-48,-46.5,109179,46,4,0.80,1,0,-4.39,-11.29,0
18:31:04,186.283,13614224,13614223,0,0,1,37.496543,126.957931,0.03,0.0,0,319.0,1,173.9,1,0.00,9.72,1.37,0.9984,22.09,2.024,473617,1072625,0.036,1,290.8,"-0.60,-0.05,9.70","-0.2,-0.4,1.3","3.000,37.800,12.300",0.05,0.23,0.00,0,126682,109181,9,0.97,37.496549,126.957931,28701,476,1714,40,20.78,0.00,999.00,-17.9,0,194,0,1,-47,-46.9,109181,39,4,0.80,1,0,-4.39,-11.29,0
18:31:04,186.382,13614425,13614424,0,0,1,37.496543,126.957931,0.03,0.0,0,319.0,1,173.9,1,0.00,9.64,3.03,0.9979,20.43,2.057,473617,1072649,0.036,1,290.8,"-0.63,-0.12,9.62","1.0,2.8,0.3","4.200,38.850,10.500",0.07,0.15,0.00,0,126684,109183,9,0.97,37.496549,126.957931,28701,476,1714,40,20.78,0.00,999.00,-17.9,0,194,0,1,-47,-46.8,109183,25,4,0.80,1,0,-4.39,-11.29,0
18:31:04,186.453,13614526,13614525,0,0,1,37.496543,126.957931,0.03,0.0,0,319.0,1,173.9,1,0.00,9.72,2.19,0.9983,22.79,2.003,473617,1072661,0.036,1,290.8,"-0.61,-0.05,9.70","0.2,2.2,0.3","3.750,37.350,13.050",0.05,0.21,0.00,0,126685,109184,9,0.97,37.496549,126.957931,28701,476,1714,40,20.78,0.00,999.00,-17.9,0,194,0,1,-44,-46.2,109184,20,4,0.80,1,0,-4.39,-11.29,0
18:31:04,186.516,13614630,13614629,0,0,1,37.496543,126.957931,0.03,0.0,0,319.0,1,173.9,1,0.00,9.73,2.39,0.9982,21.35,2.023,473617,1072672,0.036,1,290.8,"-0.54,-0.10,9.72","2.1,-1.2,0.4","3.750,37.800,11.550",0.11,0.18,0.00,0,126686,109185,9,0.97,37.496549,126.957931,28702,476,1714,40,20.99,0.00,999.00,-19.7,0,194,0,1,-46,-46.2,109185,22,4,0.80,1,0,-4.39,-11.29,0
18:31:05,186.657,13614731,13614730,0,0,1,37.496543,126.957931,0.03,0.0,0,319.0,1,173.9,1,0.00,9.69,3.55,0.9985,21.14,2.048,473617,1072684,0.036,1,290.8,"-0.61,-0.02,9.67","3.0,0.1,1.9","3.750,38.550,11.250",0.07,0.17,0.00,0,126687,109186,9,0.97,37.496549,126.957931,28702,476,1714,40,20.99,0.00,999.00,-19.7,0,194,0,1,-45,-45.9,109186,18,4,0.80,1,0,-4.39,-11.29,0
18:31:05,186.732,13614833,13614832,0,0,1,37.496543,126.957931,0.03,0.0,0,319.0,1,173.9,1,0.00,9.67,1.68,0.9983,21.97,2.023,473617,1072696,0.036,1,290.8,"-0.70,-0.03,9.65","0.9,-1.4,0.2","4.350,37.950,12.150",0.08,0.18,0.00,0,126688,109187,9,0.97,37.496549,126.957931,28702,476,1714,40,20.60,0.00,999.00,-20.1,0,194,0,1,-44,-45.5,109187,16,4,0.80,1,0,-4.39,-11.29,0
18:31:05,186.882,13614934,13614932,0,0,1,37.496543,126.957931,0.03,0.0,0,319.0,1,173.9,1,0.00,9.56,1.23,0.9979,20.41,1.976,473617,1072708,0.036,1,290.8,"-0.62,-0.12,9.54","0.8,0.6,0.7","3.300,36.150,10.800",0.14,0.18,0.00,0,126689,109188,9,0.97,37.496549,126.957931,28702,476,1714,40,20.60,0.00,999.00,-20.1,0,194,0,1,-44,-45.2,109188,11,4,0.80,1,0,-4.39,-11.29,0
18:31:05,187.055,13615045,13615032,0,0,1,37.496543,126.957931,0.03,0.0,0,319.0,1,173.9,1,0.00,9.74,2.06,0.9978,21.89,2.026,473617,1072720,0.036,1,290.8,"-0.60,-0.15,9.72","1.3,1.4,-0.7","1.200,37.500,12.150",0.08,0.23,0.00,0,126690,109189,9,0.97,37.496549,126.957931,28702,476,1714,40,20.60,0.00,999.00,-20.1,0,194,0,1,-46,-45.4,109189,17,4,0.80,1,0,-4.39,-11.29,0
18:31:05,187.148,13615149,13615136,0,0,1,37.496543,126.957931,0.03,0.0,0,319.0,1,173.9,1,0.00,9.58,2.06,0.9979,21.79,2.024,473617,1072731,0.036,1,290.8,"-0.67,-0.11,9.56","0.5,0.1,-2.0","3.300,37.800,12.000",0.13,0.16,0.00,0,126691,109190,9,0.97,37.496549,126.957931,28702,476,1714,40,20.60,0.00,999.00,-20.1,0,194,0,1,-45,-45.3,109190,16,4,0.80,1,0,-4.39,-11.29,0
18:31:05,187.156,13615252,13615239,0,0,1,37.496543,126.957931,0.03,0.0,0,319.0,1,173.9,1,0.00,9.63,3.01,0.9979,21.51,2.028,473617,1072742,0.036,1,290.8,"-0.66,-0.11,9.61","-1.9,1.3,-1.9","3.600,37.950,11.700",0.08,0.16,0.00,0,126692,109191,9,0.97,37.496549,126.957931,28702,476,1714,40,20.60,0.00,999.00,-20.1,0,194,0,1,-44,-45.0,109191,13,4,0.80,1,0,-4.39,-11.29,0
18:31:05,187.250,13615343,13615342,0,0,1,37.496543,126.957931,0.03,0.0,0,319.0,1,173.8,1,0.00,9.71,0.68,0.9976,21.51,2.032,473617,1072753,0.036,1,290.8,"-0.63,-0.16,9.69","0.4,0.3,0.4","2.850,37.950,11.700",0.08,0.18,0.00,0,126693,109191,9,0.97,37.496549,126.957931,28702,476,1714,40,20.60,0.00,999.00,-20.1,0,194,0,1,-44,-45.0,109191,104,4,0.80,1,0,-4.39,-11.29,0
18:31:05,187.332,13615443,13615442,0,0,1,37.496543,126.957931,0.03,0.0,0,319.0,1,173.8,1,0.00,9.71,3.34,0.9984,21.55,2.037,473617,1072765,0.036,1,290.8,"-0.77,0.04,9.68","2.5,-1.9,1.0","3.600,38.250,11.700",0.18,0.23,0.00,0,126694,109192,9,0.97,37.496549,126.957931,28702,476,1714,40,20.60,0.00,999.00,-20.1,0,194,0,1,-44,-44.8,109192,91,4,0.80,1,0,-4.39,-11.29,0
18:31:06,187.558,13615543,13615542,0,0,1,37.496543,126.957931,0.03,0.0,0,319.0,1,173.8,1,0.00,9.81,0.94,0.9981,22.04,2.010,473617,1072777,0.036,1,290.8,"-0.65,-0.08,9.79","-0.1,-0.1,-0.9","3.000,37.350,12.300",0.11,0.21,0.00,0,126695,109193,9,0.97,37.496549,126.957931,28702,476,1714,40,20.60,0.00,999.00,-20.1,0,194,0,1,-44,-44.7,109193,92,4,0.80,1,0,-4.39,-11.29,0
18:31:06,187.681,13615749,13615748,0,0,1,37.496544,126.957931,0.02,0.0,0,319.0,1,173.9,1,0.00,9.61,2.25,0.9980,22.67,2.049,473617,1072800,0.005,1,290.8,"-0.64,-0.09,9.59","-1.2,1.6,-1.1","4.200,38.850,12.750",0.10,0.12,0.00,0,126697,109195,9,1.06,37.496550,126.957930,28703,476,1714,40,20.60,0.00,999.00,-20.1,0,194,0,1,-45,-44.8,109195,86,4,0.80,1,0,-4.39,-11.29,0
18:31:06,187.999,13615850,13615849,0,0,1,37.496544,126.957931,0.02,0.0,0,319.0,1,173.9,1,0.00,9.67,1.33,0.9983,22.67,2.048,473617,1072812,0.005,1,290.8,"-0.70,-0.02,9.64","-0.5,-0.8,-1.0","4.500,38.850,12.750",0.09,0.20,0.00,0,126698,109196,9,1.06,37.496550,126.957930,28703,476,1714,40,20.60,0.00,999.00,-20.1,0,194,0,1,-43,-44.4,109196,63,4,0.80,1,0,-4.39,-11.29,0
18:31:06,188.086,13616153,13616152,0,0,1,37.496544,126.957931,0.02,0.0,0,319.0,1,173.9,1,0.00,9.75,2.36,0.9979,21.97,2.021,473617,1072848,0.005,1,290.8,"-0.63,-0.11,9.73","-0.9,2.2,0.3","4.650,37.950,12.150",0.06,0.19,0.00,0,126701,109199,9,1.06,37.496550,126.957930,28703,476,1714,40,20.60,0.00,999.00,-20.1,0,194,0,1,-45,-44.7,109199,59,4,0.80,1,0,-4.39,-11.29,0
18:31:06,188.249,13616254,13616253,0,0,1,37.496544,126.957931,0.02,0.0,0,319.0,1,173.9,1,0.00,9.75,6.12,0.9974,20.31,2.027,473617,1072860,0.005,1,290.8,"-0.63,-0.19,9.73","-2.7,5.5,0.0","3.750,37.800,10.500",0.11,0.19,0.00,0,126702,109200,9,1.06,37.496550,126.957930,28703,476,1714,40,20.60,0.00,999.00,-20.1,0,194,0,1,-45,-44.8,109200,60,4,0.80,1,0,-4.39,-11.29,0
18:31:06,188.501,13616455,13616454,0,0,1,37.496544,126.957931,0.02,0.0,0,319.0,1,173.9,1,0.00,9.79,2.86,0.9977,22.49,2.001,473617,1072884,0.005,1,290.8,"-0.58,-0.16,9.77","2.1,0.3,1.9","4.500,37.350,12.750",0.13,0.19,0.00,0,126704,109202,9,1.06,37.496550,126.957930,28703,476,1714,40,20.60,0.00,999.00,-20.1,0,194,0,1,-45,-44.9,109202,42,4,0.80,1,0,-4.39,-11.29,0
18:31:07,188.598,13616661,13616660,0,0,1,37.496545,126.957931,0.02,0.0,0,319.0,1,173.9,1,0.00,9.72,2.37,0.9981,21.84,2.027,473617,1072907,0.015,1,290.8,"-0.68,-0.06,9.70","0.6,-1.8,1.4","4.500,38.100,12.000",0.06,0.14,0.00,0,126706,109204,10,0.97,37.496551,126.957930,28704,476,1714,40,20.60,0.00,999.00,-20.1,0,194,0,1,-48,-45.7,109204,48,4,0.80,1,0,-4.39,-11.29,0
18:31:07,188.799,13616762,13616761,0,0,1,37.496545,126.957931,0.02,0.0,0,319.0,1,173.9,1,0.06,9.70,3.97,0.9979,20.19,2.083,473617,1072919,0.015,1,290.8,"-0.74,-0.07,9.67","-1.4,-0.1,-3.7","3.150,39.450,10.200",0.10,0.17,0.00,0,126707,109205,10,0.97,37.496551,126.957930,28704,476,1714,40,20.60,0.00,999.00,-20.1,0,194,0,1,-48,-46.1,109205,43,4,0.80,1,0,-4.39,-11.29,0
18:31:07,188.899,13616964,13616963,0,0,1,37.496545,126.957931,0.02,0.0,0,319.0,1,173.9,1,0.00,9.70,2.90,0.9986,21.88,2.003,473617,1072943,0.015,1,290.8,"-0.65,0.01,9.68","-0.8,-0.5,-2.7","3.600,37.200,12.150",0.09,0.14,0.00,0,126709,109207,10,0.97,37.496551,126.957930,28704,476,1714,40,20.60,0.00,999.00,-20.1,0,194,0,1,-46,-45.8,109207,34,4,0.80,1,0,-4.39,-11.29,0
18:31:07,188.971,13617066,13617065,0,0,1,37.496545,126.957931,0.02,0.0,0,319.0,1,173.9,1,0.00,9.74,0.98,0.9973,21.14,2.045,473617,1072955,0.015,1,290.8,"-0.66,-0.20,9.71","-0.1,0.4,0.9","4.200,38.550,11.250",0.12,0.15,0.00,0,126710,109208,10,0.97,37.496551,126.957930,28704,476,1714,40,20.60,0.00,999.00,-20.1,0,194,0,1,-46,-45.8,109208,25,4,0.80,1,0,-4.39,-11.29,0
18:31:07,189.098,13617167,13617166,0,0,1,37.496545,126.957931,0.02,0.0,0,319.0,1,173.9,1,0.00,9.66,1.38,0.9983,22.29,2.041,473617,1072967,0.015,1,290.8,"-0.57,-0.07,9.64","0.4,-1.0,-0.9","2.400,38.250,12.450",0.08,0.18,0.00,0,126711,109209,10,0.97,37.496551,126.957930,28704,476,1714,40,20.60,0.00,999.00,-20.1,0,194,0,1,-47,-46.1,109209,26,4,0.80,1,0,-4.39,-11.29,0
18:31:07,189.302,13617268,13617267,0,0,1,37.496545,126.957931,0.02,0.0,0,319.0,1,173.9,1,0.00,9.65,1.64,0.9978,20.41,2.070,473617,1072979,0.015,1,290.8,"-0.66,-0.12,9.62","-1.0,-0.1,-1.3","1.800,38.850,10.500",0.06,0.22,0.00,0,126712,109210,10,0.97,37.496551,126.957930,28704,476,1714,40,20.60,0.00,999.00,-20.1,0,194,0,1,-48,-46.4,109210,22,4,0.80,1,0,-4.39,-11.29,0
18:31:07,189.415,13617484,13617483,0,0,1,37.496545,126.957931,0.02,0.0,0,319.0,1,173.9,1,0.00,9.68,1.84,0.9981,21.22,2.029,473617,1073005,0.015,1,290.8,"-0.61,-0.10,9.66","0.5,-1.6,-0.8","3.600,37.950,11.400",0.03,0.15,0.00,0,126714,109212,10,0.97,37.496551,126.957930,28704,476,1714,40,20.60,0.00,999.00,-20.1,0,194,0,1,-46,-46.3,109212,26,4,0.80,1,0,-4.39,-11.29,0
18:31:07,189.499,13617598,13617575,0,0,1,37.496545,126.957931,0.02,0.0,0,319.0,1,173.9,1,-0.46,9.67,4.16,0.9978,21.13,2.051,473617,1073016,0.015,1,290.8,"-0.67,-0.13,9.65","0.0,-3.0,2.9","3.000,38.550,11.250",0.05,0.12,0.00,0,126715,109213,10,0.97,37.496551,126.957930,28704,476,1714,40,20.60,0.00,999.00,-20.1,0,194,0,1,-43,-45.6,109213,35,4,0.80,1,0,-4.39,-11.29,0
18:31:08,189.682,13617693,13617692,0,0,1,37.496545,126.957931,0.02,0.0,0,319.0,1,173.9,1,0.00,9.63,2.56,0.9977,22.44,1.990,473617,1073027,0.026,1,290.8,"-0.70,-0.12,9.61","-1.8,1.7,-0.8","3.750,36.900,12.750",0.10,0.16,0.00,0,126716,109214,9,0.97,37.496552,126.957930,28705,476,1714,40,20.60,0.00,999.00,-20.1,0,194,0,1,-47,-45.9,109214,25,4,0.80,1,0,-4.39,-11.29,0
18:31:08,189.781,13617895,13617894,0,0,1,37.496545,126.957931,0.02,0.0,0,319.0,1,173.9,1,0.00,9.71,2.89,0.9981,20.80,2.040,473617,1073051,0.026,1,290.8,"-0.57,-0.10,9.69","0.9,-2.7,0.4","3.600,38.250,10.950",0.07,0.24,0.00,0,126718,109216,9,0.97,37.496552,126.957930,28705,476,1714,40,20.60,0.00,999.00,-20.1,0,194,0,1,-50,-47.4,109216,16,4,0.80,1,0,-4.39,-11.29,0
18:31:08,189.900,13617996,13617994,0,0,1,37.496545,126.957931,0.02,0.0,0,319.0,1,173.9,1,0.00,9.67,1.92,0.9982,21.97,2.023,473617,1073063,0.026,1,290.8,"-0.65,-0.07,9.65","0.2,1.3,-1.4","4.350,37.950,12.150",0.03,0.18,0.00,0,126719,109217,9,0.97,37.496552,126.957930,28705,476,1714,40,20.60,0.00,999.00,-20.1,0,194,0,1,-50,-47.9,109217,12,4,0.80,1,0,-4.39,-11.29,0
18:31:08,190.099,13618107,13618094,0,0,1,37.496545,126.957931,0.02,0.0,0,319.0,1,173.9,1,0.00,9.67,1.85,0.9984,22.18,2.046,473617,1073075,0.026,1,290.8,"-0.63,-0.04,9.65","-0.3,-1.1,-1.4","3.300,38.550,12.300",0.05,0.17,0.00,0,126720,109218,9,0.97,37.496552,126.957930,28705,476,1714,40,20.60,0.00,999.00,-20.1,0,194,0,1,-52,-48.7,109218,17,4,0.80,1,0,-4.39,-11.29,0
18:31:08,190.197,13618314,13618301,0,0,1,37.496545,126.957931,0.02,0.0,0,319.0,1,173.9,1,-0.39,9.69,3.56,0.9986,21.47,2.012,473617,1073097,0.026,1,290.8,"-0.56,-0.01,9.68","2.0,-0.1,3.0","3.900,37.500,11.700",0.10,0.22,0.00,0,126722,109220,9,0.97,37.496552,126.957930,28705,476,1714,40,20.60,0.00,999.00,-20.1,0,194,0,1,-59,-51.9,109220,13,4,1.02,1,0,-4.39,-11.29,0
18:31:08,190.420,13618405,13618404,0,0,1,37.496545,126.957931,0.02,0.0,0,319.0,1,173.9,1,0.00,9.66,3.32,0.9980,19.32,2.038,473617,1073108,0.026,1,290.8,"-0.70,-0.07,9.63","3.2,-0.3,-1.0","5.100,38.250,9.450",0.09,0.14,0.00,0,126723,109220,9,0.97,37.496552,126.957930,28705,476,1714,40,20.60,0.00,999.00,-20.1,0,194,0,1,-59,-51.9,109220,104,4,1.02,1,0,-4.39,-11.29,0
18:31:08,190.516,13618612,13618611,0,0,1,37.496546,126.957931,0.03,0.0,0,319.0,1,173.9,1,0.00,9.71,2.14,0.9978,21.48,2.050,473617,1073131,0.031,1,290.8,"-0.60,-0.15,9.69","-1.3,-0.4,-1.7","4.950,38.850,11.550",0.07,0.16,0.00,0,126725,109222,9,0.97,37.496553,126.957929,28706,476,1714,40,20.60,0.00,999.00,-20.1,0,194,0,1,-57,-53.9,109222,100,4,1.24,1,0,-4.39,-11.29,0
18:31:09,190.618,13618712,13618711,0,0,1,37.496546,126.957930,0.03,0.0,0,319.0,1,173.9,1,0.00,9.71,3.35,0.9971,21.17,2.013,473617,1073143,0.031,1,290.8,"-0.60,-0.24,9.69","1.6,-2.5,-1.5","3.900,37.500,11.400",0.15,0.15,0.00,0,126726,109223,9,0.97,37.496553,126.957929,28706,476,1714,40,20.60,0.00,999.00,-20.1,0,194,0,1,-55,-54.1,109223,94,4,1.26,1,0,-4.39,-11.29,0
18:31:09,190.816,13618813,13618812,0,0,1,37.496546,126.957930,0.03,0.0,0,319.0,1,173.8,1,0.00,9.67,4.32,0.9968,21.79,2.024,473617,1073155,0.031,1,290.8,"-0.61,-0.27,9.64","-2.0,2.4,-3.0","3.300,37.800,12.000",0.18,0.18,0.00,0,126727,109224,9,0.97,37.496553,126.957929,28706,476,1714,40,20.60,0.00,999.00,-20.1,0,194,0,1,-55,-54.3,109224,91,4,1.28,1,0,-4.39,-11.29,0
18:31:09,190.916,13619015,13619014,0,0,1,37.496546,126.957930,0.03,0.0,0,319.0,1,173.8,1,0.00,9.76,1.82,0.9977,22.58,2.022,473617,1073179,0.031,1,290.8,"-0.62,-0.15,9.73","1.8,0.0,-0.4","4.950,38.100,12.750",0.09,0.15,0.00,0,126729,109226,9,0.97,37.496553,126.957929,28706,476,1714,40,20.60,0.00,999.00,-20.1,0,194,0,1,-53,-54.0,109226,81,4,1.24,1,0,-4.39,-11.29,0
18:31:09,191.115,13619116,13619115,0,0,1,37.496546,126.957930,0.03,0.0,0,319.0,1,173.8,1,0.00,9.69,2.43,0.9980,21.60,2.051,473617,1073191,0.031,1,290.8,"-0.54,-0.13,9.68","1.7,-1.7,-0.2","3.600,38.700,11.700",0.10,0.21,0.00,0,126730,109227,9,0.97,37.496553,126.957929,28706,476,1714,40,20.60,0.00,999.00,-20.1,0,194,0,1,-51,-53.4,109227,78,4,1.18,1,0,-4.39,-11.29,0
18:31:09,191.282,13619318,13619317,0,0,1,37.496546,126.957930,0.03,0.0,0,319.0,1,173.8,1,0.00,9.61,2.04,0.9986,21.80,2.021,473617,1073215,0.031,1,290.8,"-0.60,-0.00,9.59","0.5,1.7,-1.1","3.750,37.800,12.000",0.13,0.19,0.00,0,126732,109229,9,0.97,37.496553,126.957929,28706,476,1714,40,20.60,0.00,999.00,-20.1,0,194,0,1,-46,-51.2,109229,64,4,0.95,1,0,-4.39,-11.29,0
18:31:10,191.532,13619419,13619418,0,0,1,37.496546,126.957930,0.03,0.0,0,319.0,1,173.8,1,0.00,9.71,1.80,0.9989,22.87,2.029,473617,1073227,0.031,1,290.8,"-0.53,0.02,9.70","0.6,0.9,-1.4","3.300,38.100,13.050",0.16,0.16,0.00,0,126733,109230,9,0.97,37.496553,126.957929,28706,476,1714,40,20.60,0.00,999.00,-20.1,0,194,0,1,-46,-50.2,109230,62,4,0.86,1,0,-4.39,-11.29,0
18:31:10,191.637,13619726,13619725,0,0,1,37.496546,126.957930,0.02,0.0,0,319.0,1,173.8,1,0.00,9.75,0.60,0.9978,21.91,2.058,473617,1073262,0.015,1,290.8,"-0.55,-0.16,9.73","-0.5,-0.3,-0.2","3.000,38.850,12.000",0.12,0.14,0.00,0,126736,109233,10,0.97,37.496554,126.957929,28707,476,1714,40,20.60,0.00,999.00,-20.1,0,194,0,1,-47,-48.0,109233,48,4,0.80,1,0,-4.39,-11.29,0
18:31:10,191.713,13619827,13619826,0,0,1,37.496546,126.957930,0.02,0.0,0,319.0,1,173.8,1,0.00,9.69,2.54,0.9971,21.44,2.044,473617,1073274,0.015,1,290.8,"-0.69,-0.22,9.66","-1.9,1.6,-0.5","4.200,38.550,11.550",0.14,0.16,0.00,0,126737,109234,10,0.97,37.496554,126.957929,28707,476,1714,40,20.60,0.00,999.00,-20.1,0,194,0,1,-47,-47.8,109234,48,4,0.80,1,0,-4.39,-11.29,0
18:31:10,192.060,13619928,13619927,0,0,1,37.496546,126.957930,0.02,0.0,0,319.0,1,173.8,1,0.00,9.81,3.88,0.9982,23.28,2.096,473617,1073286,0.015,1,290.8,"-0.65,-0.07,9.79","1.8,3.0,-1.7","3.900,40.350,13.200",0.11,0.15,0.00,0,126738,109235,10,0.97,37.496554,126.957929,28707,476,1714,40,20.60,0.00,999.00,-20.1,0,194,0,1,-48,-47.8,109235,43,4,0.80,1,0,-4.39,-11.29,0
18:31:10,192.310,13620230,13620229,0,0,1,37.496546,126.957930,0.02,0.0,0,319.0,1,173.9,1,0.00,9.70,4.23,0.9986,19.73,2.080,473617,1073322,0.015,1,290.8,"-0.58,-0.02,9.68","4.1,0.9,-0.0","3.000,39.300,9.750",0.09,0.21,0.00,0,126741,109238,10,0.97,37.496554,126.957929,28707,476,1714,40,20.60,0.00,999.00,-20.1,0,194,0,1,-50,-48.6,109238,29,4,0.80,1,0,-4.39,-11.29,0
18:31:10,192.397,13620432,13620431,0,0,1,37.496546,126.957930,0.02,0.0,0,319.0,1,173.9,1,0.00,9.77,0.83,0.9979,20.31,2.027,473617,1073346,0.015,1,290.8,"-0.65,-0.11,9.74","-0.2,0.7,0.3","3.750,37.800,10.500",0.07,0.17,0.00,0,126743,109240,10,0.97,37.496554,126.957929,28707,476,1714,40,20.37,0.00,999.00,-18.3,0,194,0,1,-49,-49.1,109240,18,4,0.80,1,0,-4.39,-11.29,0
18:31:11,192.580,13620532,13620531,0,0,1,37.496546,126.957930,0.02,0.0,0,319.0,1,173.9,1,0.00,9.65,3.58,0.9981,20.60,2.026,473617,1073358,0.015,1,290.8,"-0.56,-0.10,9.63","3.2,-1.7,0.2","3.750,37.800,10.800",0.10,0.14,0.00,0,126744,109241,10,0.97,37.496554,126.957929,28707,476,1714,40,20.37,0.00,999.00,-18.3,0,194,0,1,-48,-48.9,109241,17,4,0.80,1,0,-4.39,-11.29,0
18:31:11,192.693,13620740,13620738,0,0,1,37.496547,126.957930,0.03,0.0,0,319.0,1,173.8,1,0.00,9.70,5.18,0.9982,21.25,2.042,473617,1073381,0.041,1,290.8,"-0.72,-0.04,9.68","1.4,4.9,-1.0","2.850,38.250,11.400",0.10,0.20,0.00,0,126746,109243,9,0.97,37.496555,126.957928,28708,476,1714,40,20.37,0.00,999.00,-18.3,0,194,0,1,-49,-48.9,109243,12,4,0.80,1,0,-4.39,-11.29,0
18:31:11,192.760,13620851,13620838,0,0,1,37.496547,126.957930,0.03,0.0,0,319.0,1,173.8,1,0.00,9.61,1.58,0.9987,21.88,1.999,473617,1073393,0.041,1,290.8,"-0.53,0.00,9.59","-0.1,-1.4,0.7","4.350,37.200,12.150",0.16,0.30,0.00,0,126747,109244,9,0.97,37.496555,126.957928,28708,476,1714,40,20.37,0.00,999.00,-18.3,0,194,0,1,-50,-49.1,109244,19,4,0.80,1,0,-4.39,-11.29,0
18:31:11,192.875,13620955,13620942,0,0,1,37.496547,126.957930,0.03,0.0,0,319.0,1,173.8,1,0.00,9.60,2.91,0.9974,21.52,2.026,473617,1073404,0.041,1,290.8,"-0.66,-0.18,9.58","-2.1,1.5,-1.3","3.900,37.950,11.700",0.14,0.17,0.00,0,126748,109245,9,0.97,37.496555,126.957928,28708,476,1714,40,20.37,0.00,999.00,-18.3,0,194,0,1,-51,-49.5,109245,15,4,0.81,1,0,-4.39,-11.29,0
18:31:11,192.992,13621059,13621046,0,0,1,37.496547,126.957930,0.03,0.0,0,319.0,1,173.8,1,0.00,9.61,1.39,0.9982,22.04,2.006,473617,1073415,0.041,1,290.8,"-0.65,-0.07,9.59","0.7,0.5,-1.1","3.750,37.350,12.300",0.09,0.15,0.00,0,126749,109246,9,0.97,37.496555,126.957928,28708,476,1714,40,20.78,0.00,999.00,-17.9,0,194,0,1,-50,-49.6,109246,16,4,0.82,1,0,-4.39,-11.29,0
18:31:11,193.300,13621163,13621150,0,0,1,37.496547,126.957930,0.03,0.0,0,319.0,1,173.8,1,0.00,9.65,1.01,0.9983,23.59,2.061,473617,1073426,0.041,1,290.8,"-0.66,-0.05,9.62","1.0,0.2,-0.1","3.150,39.150,13.650",0.06,0.15,0.00,0,126750,109247,9,0.97,37.496555,126.957928,28708,476,1714,40,20.78,0.00,999.00,-17.9,0,194,0,1,-50,-49.7,109247,13,4,0.83,1,0,-4.39,-11.29,0
18:31:11,193.410,13621456,13621455,0,0,1,37.496547,126.957930,0.03,0.0,0,319.0,1,173.8,1,0.00,9.80,2.88,0.9978,22.25,2.029,473617,1073461,0.041,1,290.8,"-0.68,-0.11,9.77","1.6,-2.1,1.2","2.850,37.950,12.450",0.11,0.15,0.00,0,126753,109249,9,0.97,37.496555,126.957928,28708,476,1714,40,20.78,0.00,999.00,-17.9,0,194,0,1,-50,-49.6,109249,95,4,0.82,1,0,-4.39,-11.29,0
18:31:11,193.516,13621557,13621556,0,0,1,37.496547,126.957930,0.03,0.0,0,319.0,1,173.8,1,0.00,9.61,3.03,0.9983,22.10,2.064,473617,1073473,0.041,1,290.8,"-0.59,-0.07,9.60","2.7,-0.5,-1.3","3.600,39.150,12.150",0.09,0.14,0.00,0,126754,109250,9,0.97,37.496555,126.957928,28708,476,1714,40,20.78,0.00,999.00,-17.9,0,194,0,1,-52,-50.1,109250,90,4,0.86,1,0,-4.39,-11.29,0
18:31:12,193.581,13621663,13621662,0,0,1,37.496548,126.957930,0.03,0.0,0,319.0,1,173.8,1,0.00,9.79,2.75,0.9980,23.71,2.044,473617,1073484,0.036,1,290.8,"-0.64,-0.11,9.77","0.7,2.5,0.8","4.500,38.850,13.800",0.10,0.14,0.00,0,126755,109251,9,0.97,37.496556,126.957927,28709,476,1714,40,20.78,0.00,999.00,-17.9,0,194,0,1,-51,-50.3,109251,90,4,0.87,1,0,-4.39,-11.29,0
18:31:12,193.793,13621764,13621763,0,0,1,37.496548,126.957930,0.03,0.0,0,319.0,1,173.8,1,0.00,9.68,2.65,0.9981,22.25,2.032,473617,1073496,0.036,1,290.8,"-0.65,-0.09,9.66","-1.8,1.0,-1.7","2.400,37.950,12.450",0.02,0.16,0.00,0,126756,109252,9,0.97,37.496556,126.957927,28709,476,1714,40,20.78,0.00,999.00,-17.9,0,194,0,1,-51,-50.4,109252,86,4,0.89,1,0,-4.39,-11.29,0
18:31:12,193.867,13621966,13621965,0,0,1,37.496548,126.957930,0.03,0.0,0,319.0,1,173.8,1,0.00,9.82,1.89,0.9978,20.50,2.043,473617,1073520,0.036,1,290.8,"-0.77,-0.09,9.79","-1.6,0.9,0.3","3.150,38.250,10.650",0.17,0.19,0.00,0,126758,109254,9,0.97,37.496556,126.957927,28709,476,1714,40,20.78,0.00,999.00,-17.9,0,194,0,1,-53,-51.2,109254,77,4,0.95,1,0,-4.39,-11.29,0
18:31:12,193.979,13622067,13622066,0,0,1,37.496548,126.957930,0.03,0.0,0,319.0,1,173.8,1,0.00,9.75,2.64,0.9978,22.58,2.022,473617,1073532,0.036,1,290.8,"-0.72,-0.10,9.72","0.9,2.5,0.3","4.950,38.100,12.750",0.09,0.16,0.00,0,126759,109255,9,0.97,37.496556,126.957927,28709,476,1714,40,20.78,0.00,999.00,-17.9,0,194,0,1,-53,-51.6,109255,67,4,0.99,1,0,-4.39,-11.29,0
18:31:12,194.217,13622168,13622167,0,0,1,37.496548,126.957930,0.03,0.0,0,319.0,1,173.9,1,0.00,9.62,0.82,0.9981,21.51,2.076,473617,1073544,0.036,1,290.8,"-0.72,-0.05,9.59","-0.2,-0.7,-0.4","2.550,39.300,11.550",0.11,0.12,0.00,0,126760,109256,9,0.97,37.496556,126.957927,28709,476,1714,40,20.78,0.00,999.00,-17.9,0,194,0,1,-52,-51.6,109256,68,4,0.99,1,0,-4.39,-11.29,0
18:31:23,205.484,13622369,13622368,0,0,1,37.496548,126.957930,0.03,0.0,0,319.0,1,173.9,1,0.00,9.63,3.19,0.9986,20.42,2.018,473617,1073568,0.036,1,290.8,"-0.49,-0.04,9.62","1.0,-2.7,1.4","3.600,37.500,10.650",0.17,0.19,0.00,0,126762,109258,9,0.97,37.496556,126.957927,28709,476,1714,40,20.78,0.00,999.00,-17.9,0,194,0,1,-54,-52.2,109258,58,4,1.05,1,0,-4.39,-11.29,0
18:31:24,205.677,13633623,13633622,0,0,1,37.496571,126.957925,0.02,0.0,0,319.0,1,173.9,1,0.00,9.73,1.79,0.9981,20.39,2.053,473617,1073625,0.031,1,290.8,"-0.68,-0.06,9.70","0.4,-0.5,-1.7","3.300,38.550,10.500",0.06,0.14,0.00,0,126767,109365,9,0.97,37.496571,126.957925,28711,476,1714,40,17.75,0.00,999.00,-18.8,0,194,0,1,-54,-53.3,109365,15,4,1.16,1,0,-4.39,-11.29,0
18:31:24,205.774,13633742,13633729,0,0,1,37.496571,126.957925,0.02,0.0,0,319.0,1,173.9,1,0.00,9.60,2.76,0.9985,21.22,2.027,473617,1073638,0.031,1,290.8,"-0.54,-0.03,9.58","1.6,1.3,-1.8","3.900,37.950,11.400",0.14,0.15,0.00,0,126768,109366,9,0.97,37.496571,126.957925,28711,476,1714,40,17.75,0.00,999.00,-18.8,0,194,0,1,-54,-53.4,109366,19,4,1.18,1,0,-4.39,-11.29,0
18:31:24,206.062,13633836,13633835,0,0,1,37.496571,126.957925,0.02,0.0,0,319.0,1,173.9,1,0.00,9.69,3.63,0.9984,20.80,2.040,473617,1073649,0.031,1,290.8,"-0.54,-0.06,9.68","-3.0,1.2,-1.6","3.600,38.250,10.950",0.10,0.15,0.00,0,126769,109367,9,0.97,37.496571,126.957925,28711,476,1714,40,17.75,0.00,999.00,-18.8,0,194,0,1,-55,-53.7,109367,17,4,1.21,1,0,-4.39,-11.29,0
18:31:24,206.162,13634255,13634242,0,0,1,37.496571,126.957925,0.02,0.0,0,319.0,1,173.9,1,0.00,9.66,3.07,0.9989,21.87,2.051,473617,1073695,0.031,1,290.8,"-0.58,0.05,9.64","-0.5,1.4,-2.7","2.550,38.550,12.000",0.15,0.15,0.00,0,126773,109371,9,0.97,37.496571,126.957925,28711,476,1714,40,17.35,0.00,999.00,-19.2,0,194,0,1,-55,-54.2,109371,14,4,1.27,1,0,-4.39,-11.29,0
18:31:24,206.310,13634346,13634345,0,0,1,37.496571,126.957925,0.02,0.0,0,319.0,1,173.9,1,0.00,9.65,2.20,0.9986,21.06,2.020,473617,1073706,0.031,1,290.8,"-0.59,0.00,9.63","-0.9,0.8,-1.9","4.500,37.800,11.250",0.11,0.14,0.00,0,126774,109371,9,0.97,37.496571,126.957925,28711,476,1714,40,17.35,0.00,999.00,-19.2,0,194,0,1,-55,-54.2,109371,105,4,1.27,1,0,-4.39,-11.29,0
18:31:24,206.393,13634451,13634450,0,0,1,37.496571,126.957925,0.02,0.0,0,319.0,1,173.9,1,0.00,9.58,4.47,0.9985,21.80,2.016,473617,1073717,0.031,1,290.8,"-0.55,-0.04,9.57","2.6,-3.6,-0.6","4.950,37.800,12.000",0.15,0.17,0.00,0,126775,109372,9,0.97,37.496571,126.957925,28711,476,1714,40,17.35,0.00,999.00,-19.2,0,194,0,1,-57,-54.8,109372,97,4,1.34,1,0,-4.39,-11.29,0
18:31:24,206.493,13634552,13634551,0,0,1,37.496571,126.957925,0.02,0.0,0,319.0,1,173.9,1,0.00,9.66,3.22,0.9976,21.60,2.051,473617,1073729,0.031,1,290.8,"-0.76,-0.11,9.62","-1.6,2.4,-1.4","3.600,38.700,11.700",0.13,0.14,0.00,0,126776,109373,9,0.97,37.496571,126.957925,28711,476,1714,40,17.35,0.00,999.00,-19.2,0,194,0,1,-55,-54.8,109373,99,4,1.35,1,0,-4.39,-11.29,0
18:31:25,206.576,13634653,13634652,0,0,1,37.496571,126.957925,0.01,0.0,0,319.0,1,173.9,1,0.00,9.73,0.61,0.9981,21.35,2.067,473617,1073741,0.010,1,290.8,"-0.68,-0.07,9.71","-0.2,-0.4,-0.4","3.600,39.150,11.400",0.06,0.23,0.00,0,126777,109374,8,1.31,37.496572,126.957925,28712,476,1714,40,17.35,0.00,999.00,-19.2,0,194,0,1,-54,-54.7,109374,94,4,1.33,1,0,-4.39,-11.29,0
18:31:25,206.693,13634754,13634753,0,0,1,37.496571,126.957925,0.01,0.0,0,319.0,1,173.9,1,0.00,9.71,3.33,0.9982,21.08,2.037,473617,1073753,0.010,1,290.8,"-0.57,-0.10,9.69","0.3,2.9,-1.5","3.000,38.100,11.250",0.07,0.19,0.00,0,126778,109375,8,1.31,37.496572,126.957925,28712,476,1714,40,17.35,0.00,999.00,-19.2,0,194,0,1,-55,-54.7,109375,90,4,1.33,1,0,-4.39,-11.29,0
18:31:25,206.816,13634855,13634854,0,0,1,37.496571,126.957925,0.01,0.0,0,319.0,1,173.9,1,0.20,9.73,4.84,0.9984,21.17,2.015,473617,1073765,0.010,1,290.8,"-0.65,-0.03,9.71","2.7,1.8,-3.6","3.600,37.500,11.400",0.07,0.16,0.00,0,126779,109376,8,1.31,37.496572,126.957925,28712,476,1714,40,17.35,0.00,999.00,-19.2,0,194,0,1,-55,-54.8,109376,86,4,1.34,1,0,-4.39,-11.29,0
18:31:25,206.932,13634956,13634955,0,0,1,37.496571,126.957925,0.01,0.0,0,319.0,1,173.9,1,0.95,9.75,4.62,0.9974,21.43,2.049,473617,1073777,0.010,1,290.8,"-0.73,-0.16,9.73","1.3,-0.3,-4.4","3.300,38.550,11.550",0.12,0.16,0.00,0,126780,109377,8,1.31,37.496572,126.957925,28712,476,1714,40,17.35,0.00,999.00,-19.2,0,194,0,1,-55,-54.8,109377,81,4,1.35,1,0,-4.39,-11.29,0
18:31:25,206.999,13635057,13635056,0,0,1,37.496571,126.957925,0.01,0.0,0,319.0,1,173.9,1,0.00,9.76,1.51,0.9983,21.64,2.074,473617,1073789,0.010,1,290.8,"-0.57,-0.08,9.74","0.0,0.8,1.3","2.100,39.150,11.700",0.10,0.14,0.00,0,126781,109378,8,1.31,37.496572,126.957925,28712,476,1714,40,17.35,0.00,999.00,-19.2,0,194,0,1,-54,-54.7,109378,76,4,1.33,1,0,-4.39,-11.29,0
18:31:25,207.078,13635158,13635157,0,0,1,37.496571,126.957925,0.01,0.0,0,319.0,1,173.9,1,0.00,9.65,2.61,0.9977,21.55,2.040,473617,1073801,0.010,1,290.8,"-0.69,-0.12,9.62","-2.0,-1.6,-0.5","3.150,38.250,11.700",0.08,0.20,0.00,0,126782,109379,8,1.31,37.496572,126.957925,28712,476,1714,40,17.35,0.00,999.00,-19.2,0,194,0,1,-55,-54.7,109379,72,4,1.33,1,0,-4.39,-11.29,0
18:31:25,207.194,13635259,13635258,0,0,1,37.496571,126.957925,0.01,0.0,0,319.0,1,173.9,1,0.00,9.75,1.60,0.9976,20.47,2.030,473617,1073813,0.010,1,290.8,"-0.72,-0.14,9.72","-0.9,0.6,-1.1","3.900,37.950,10.650",0.12,0.19,0.00,0,126783,109380,8,1.31,37.496572,126.957925,28712,476,1714,40,17.35,0.00,999.00,-19.2,0,194,0,1,-57,-55.2,109380,68,4,1.39,1,0,-4.39,-11.29,0
18:31:25,207.315,13635360,13635359,0,0,1,37.496571,126.957925,0.01,0.0,0,319.0,1,173.9,1,0.00,9.70,2.18,0.9982,19.96,2.045,473617,1073825,0.010,1,290.8,"-0.61,-0.08,9.68","-0.4,-1.9,1.0","5.250,38.550,10.050",0.02,0.17,0.00,0,126784,109381,8,1.31,37.496572,126.957925,28712,476,1714,40,17.14,0.00,999.00,-17.1,0,194,0,1,-55,-55.1,109381,63,4,1.39,1,0,-4.39,-11.29,0
18:31:26,207.529,13635465,13635464,0,0,1,37.496571,126.957925,0.01,0.0,0,319.0,1,173.9,1,0.00,9.70,1.82,0.9986,21.59,2.058,473617,1073836,0.010,1,290.8,"-0.57,-0.02,9.68","0.8,1.5,0.5","2.400,38.700,11.700",0.09,0.14,0.00,0,126785,109382,8,1.31,37.496572,126.957925,28712,476,1714,40,17.14,0.00,999.00,-17.1,0,194,0,1,-55,-55.1,109382,63,4,1.38,1,0,-4.39,-11.29,0
18:31:26,207.658,13635668,13635667,0,0,1,37.496571,126.957925,0.01,0.0,0,319.0,1,173.9,1,0.00,9.69,2.70,0.9983,20.30,2.033,473617,1073860,0.010,1,290.8,"-0.65,-0.04,9.67","0.8,2.2,-1.4","2.550,37.800,10.500",0.05,0.16,0.00,0,126787,109384,8,1.31,37.496574,126.957925,28713,476,1714,40,17.14,0.00,999.00,-17.1,0,194,0,1,-54,-54.7,109384,50,4,1.33,1,0,-4.39,-11.29,0
18:31:26,207.993,13635769,13635768,0,0,1,37.496571,126.957925,0.01,0.0,0,319.0,1,173.9,1,0.00,9.60,3.26,0.9969,20.69,2.053,473617,1073872,0.010,1,290.8,"-0.69,-0.24,9.58","0.0,-3.1,-0.9","3.000,38.550,10.800",0.20,0.20,0.00,0,126788,109385,8,1.31,37.496574,126.957925,28713,476,1714,40,17.14,0.00,999.00,-17.1,0,194,0,1,-53,-54.4,109385,50,4,1.29,1,0,-4.39,-11.29,0
18:31:26,208.308,13636072,13636071,0,0,1,37.496571,126.957925,0.01,0.0,0,319.0,1,173.9,1,0.00,9.62,0.34,0.9978,21.29,2.013,473617,1073908,0.010,1,290.8,"-0.59,-0.15,9.60","0.0,0.2,0.3","3.000,37.350,11.550",0.11,0.16,0.00,0,126791,109388,8,1.31,37.496574,126.957925,28713,476,1714,40,17.35,0.00,999.00,-19.2,0,194,0,1,-56,-54.6,109388,37,4,1.32,1,0,-4.39,-11.29,0
18:31:27,208.526,13636385,13636373,0,0,1,37.496571,126.957925,0.01,0.0,0,319.0,1,173.9,1,0.00,9.78,1.92,0.9977,22.27,2.067,473617,1073944,0.010,1,290.8,"-0.70,-0.13,9.75","0.9,0.9,-1.4","3.750,39.300,12.300",0.09,0.21,0.00,0,126794,109391,8,1.31,37.496574,126.957925,28713,476,1714,40,16.95,0.00,999.00,-19.7,0,194,0,1,-59,-56.8,109391,19,4,1.62,1,0,-4.39,-11.29,0
18:31:27,208.629,13636696,13636683,0,0,1,37.496572,126.957925,0.02,0.0,0,319.0,1,173.9,1,0.00,9.73,2.81,0.9985,20.31,2.024,473617,1073977,0.026,1,290.8,"-0.48,-0.05,9.72","-0.4,1.9,-2.1","4.200,37.800,10.500",0.18,0.18,0.00,0,126797,109394,10,0.97,37.496576,126.957925,28714,476,1714,40,16.95,0.00,999.00,-19.7,0,194,0,1,-50,-54.7,109394,20,4,1.33,1,0,-4.39,-11.29,0
18:31:27,208.760,13636790,13636788,0,0,1,37.496572,126.957925,0.02,0.0,0,319.0,1,173.9,1,0.00,9.68,1.78,0.9988,21.31,2.049,473617,1073988,0.026,1,290.8,"-0.71,0.08,9.65","-0.0,1.8,-0.1","4.350,38.700,11.400",0.19,0.19,0.00,0,126798,109395,10,0.97,37.496576,126.957925,28714,476,1714,40,16.95,0.00,999.00,-19.7,0,194,0,1,-51,-54.0,109395,14,4,1.24,1,0,-4.39,-11.29,0
18:31:27,208.843,13636901,13636888,0,0,1,37.496572,126.957925,0.02,0.0,0,319.0,1,173.9,1,0.00,9.70,2.61,0.9986,21.55,2.037,473617,1074000,0.026,1,290.8,"-0.69,0.03,9.67","-0.9,0.2,-2.4","3.600,38.250,11.700",0.13,0.17,0.00,0,126799,109396,10,0.97,37.496576,126.957925,28714,476,1714,40,16.95,0.00,999.00,-19.7,0,194,0,1,-50,-53.2,109396,18,4,1.15,1,0,-4.39,-11.29,0
18:31:27,208.929,13637005,13636992,0,0,1,37.496572,126.957925,0.02,0.0,0,319.0,1,173.9,1,0.00,9.65,2.88,0.9986,22.04,2.009,473617,1074011,0.026,1,290.8,"-0.66,0.01,9.63","-1.6,2.3,-0.9","3.300,37.350,12.300",0.10,0.16,0.00,0,126800,109397,10,0.97,37.496576,126.957925,28714,476,1714,40,16.95,0.00,999.00,-19.7,0,194,0,1,-50,-52.5,109397,17,4,1.08,1,0,-4.39,-11.29,0
18:31:27,209.272,13637109,13637096,0,0,1,37.496572,126.957925,0.02,0.0,0,319.0,1,173.9,1,0.00,9.62,1.25,0.9977,22.00,2.034,473617,1074022,0.026,1,290.8,"-0.74,-0.10,9.60","0.4,0.9,-0.8","3.900,38.250,12.150",0.13,0.20,0.00,0,126801,109398,10,0.97,37.496576,126.957925,28714,476,1714,40,16.95,0.00,999.00,-19.7,0,194,0,1,-46,-51.2,109398,18,4,0.96,1,0,-4.39,-11.29,0
18:31:27,209.361,13637404,13637403,0,0,1,37.496572,126.957925,0.02,0.0,0,319.0,1,173.9,1,0.00,9.69,2.75,0.9985,21.88,2.047,473617,1074056,0.026,1,290.8,"-0.68,0.01,9.66","1.5,1.8,-1.5","3.300,38.550,12.000",0.10,0.20,0.00,0,126804,109400,10,0.97,37.496576,126.957925,28714,476,1714,40,16.95,0.00,999.00,-19.7,0,194,0,1,-47,-49.7,109400,100,4,0.83,1,0,-4.39,-11.29,0
18:31:28,209.580,13637511,13637510,0,0,1,37.496572,126.957925,0.02,0.0,0,319.0,1,173.9,1,-0.26,9.75,4.41,0.9985,21.08,2.036,473617,1074066,0.026,1,290.8,"-0.67,0.00,9.73","0.8,-3.4,2.7","3.300,38.100,11.250",0.11,0.18,0.00,0,126805,109401,10,0.97,37.496576,126.957925,28714,476,1714,40,16.95,0.00,999.00,-19.7,0,194,0,1,-46,-49.0,109401,104,4,0.80,1,0,-4.39,-11.29,0
18:31:28,210.154,13637713,13637712,0,0,1,37.496572,126.957925,0.02,0.0,0,319.0,1,173.9,1,0.00,9.68,2.31,0.9981,20.90,2.071,473617,1074090,0.021,1,290.8,"-0.61,-0.09,9.66","1.3,0.5,-1.8","3.150,39.150,10.950",0.03,0.17,0.00,0,126807,109403,9,0.97,37.496577,126.957924,28715,476,1714,40,17.35,0.00,999.00,-19.2,0,194,0,1,-47,-48.1,109403,95,4,0.80,1,0,-4.39,-11.29,0
18:31:28,210.391,13638318,13638317,0,0,1,37.496572,126.957925,0.02,0.0,0,319.0,1,173.9,1,0.00,9.71,1.19,0.9980,21.35,2.069,473617,1074162,0.021,1,290.8,"-0.57,-0.11,9.69","1.1,0.2,-0.4","3.150,39.150,11.400",0.08,0.16,0.00,0,126813,109409,9,0.97,37.496577,126.957924,28715,476,1714,40,17.35,0.00,999.00,-19.2,0,194,0,1,-51,-48.5,109409,68,4,0.80,1,0,-4.39,-11.29,0
18:31:28,210.406,13638441,13638417,0,0,1,37.496572,126.957925,0.02,0.0,0,319.0,1,173.9,1,0.00,9.66,2.15,0.9975,22.95,2.011,473617,1074174,0.021,1,290.8,"-0.55,-0.20,9.64","-0.2,-0.7,-2.0","3.150,37.500,13.200",0.14,0.16,0.00,0,126814,109410,9,0.97,37.496577,126.957924,28715,476,1714,40,17.35,0.00,999.00,-19.2,0,194,0,1,-51,-49.0,109410,85,4,0.80,1,0,-4.39,-11.29,0
18:31:28,210.461,13638533,13638532,0,0,1,37.496572,126.957925,0.02,0.0,0,319.0,1,173.8,1,0.00,9.64,2.30,0.9984,21.99,2.040,473617,1074185,0.021,1,290.8,"-0.54,-0.06,9.63","2.2,-0.6,-0.3","2.850,38.250,12.150",0.12,0.15,0.00,0,126815,109411,9,0.97,37.496577,126.957924,28715,476,1714,40,17.35,0.00,999.00,-19.2,0,194,0,1,-47,-48.6,109411,71,4,0.80,1,0,-4.39,-11.29,0
18:31:29,210.596,13638635,13638634,0,0,1,37.496573,126.957925,0.01,0.0,0,319.0,1,173.8,1,-1.07,9.65,4.02,0.9986,21.00,2.008,473617,1074197,0.000,1,290.8,"-0.63,0.00,9.63","1.6,-0.6,3.6","4.200,37.350,11.250",0.10,0.16,0.00,0,126816,109412,9,0.97,37.496578,126.957925,28716,476,1714,40,17.35,0.00,999.00,-19.2,0,194,0,1,-47,-48.3,109412,67,4,0.80,1,0,-4.39,-11.29,0
18:31:29,210.690,13638737,13638736,0,0,1,37.496573,126.957925,0.01,0.0,0,319.0,1,173.8,1,-2.05,9.76,4.61,0.9983,22.09,2.024,473617,1074209,0.000,1,290.8,"-0.67,-0.05,9.73","0.7,-0.0,4.6","3.000,37.800,12.300",0.08,0.12,0.00,0,126817,109413,9,0.97,37.496578,126.957925,28716,476,1714,40,16.95,0.00,999.00,-19.7,0,194,0,1,-47,-48.0,109413,64,4,0.80,1,0,-4.39,-11.29,0
18:31:29,210.811,13638839,13638838,0,0,1,37.496573,126.957925,0.01,0.0,0,319.0,1,173.8,1,0.00,9.64,1.76,0.9976,20.64,2.033,473617,1074221,0.000,1,290.8,"-0.59,-0.18,9.62","-1.7,0.3,-0.3","4.200,38.100,10.800",0.11,0.20,0.00,0,126818,109414,9,0.97,37.496578,126.957925,28716,476,1714,40,16.95,0.00,999.00,-19.7,0,194,0,1,-48,-48.0,109414,59,4,0.80,1,0,-4.39,-11.29,0
18:31:29,210.892,13638940,13638939,0,0,1,37.496573,126.957925,0.01,0.0,0,319.0,1,173.8,1,0.00,9.61,3.02,0.9978,21.39,2.029,473617,1074233,0.000,1,290.8,"-0.59,-0.14,9.59","0.5,-2.5,-1.6","4.500,38.100,11.550",0.12,0.23,0.00,0,126819,109415,9,0.97,37.496578,126.957925,28716,476,1714,40,16.95,0.00,999.00,-19.7,0,194,0,1,-49,-48.2,109415,56,4,0.80,1,0,-4.39,-11.29,0
18:31:29,211.429,13639041,13639040,0,0,1,37.496573,126.957925,0.01,0.0,0,319.0,1,173.8,1,0.00,9.64,2.62,0.9977,21.25,2.037,473617,1074245,0.000,1,290.8,"-0.73,-0.11,9.61","-2.0,-1.6,0.4","3.900,38.250,11.400",0.10,0.19,0.00,0,126820,109416,9,0.97,37.496578,126.957925,28716,476,1714,40,16.95,0.00,999.00,-19.7,0,194,0,1,-49,-48.4,109416,53,4,0.80,1,0,-4.39,-11.29,0
18:31:30,211.558,13639557,13639556,0,0,1,37.496573,126.957925,0.01,0.0,0,319.0,1,173.8,1,0.00,9.79,2.65,0.9984,21.25,2.041,473617,1074304,0.000,1,290.8,"-0.65,-0.04,9.77","1.9,-1.7,0.6","3.150,38.250,11.400",0.10,0.21,0.00,0,126825,109421,9,0.97,37.496578,126.957925,28716,476,1714,40,16.95,0.00,999.00,-19.7,0,194,0,1,-61,-54.1,109421,39,4,1.25,1,0,-4.39,-11.29,0
18:31:30,211.618,13639657,13639656,0,0,1,37.496573,126.957925,0.01,0.0,0,319.0,1,173.8,1,0.00,9.78,3.35,0.9987,21.09,2.030,473617,1074316,0.015,1,290.8,"-0.63,0.01,9.76","2.7,0.3,-2.0","4.500,38.100,11.250",0.13,0.13,0.00,0,126826,109422,9,0.97,37.496580,126.957924,28717,476,1714,40,16.95,0.00,999.00,-19.7,0,194,0,1,-63,-55.9,109422,35,4,1.49,1,0,-4.39,-11.29,0
18:31:30,212.009,13639759,13639758,0,0,1,37.496573,126.957925,0.01,0.0,0,319.0,1,173.8,1,0.00,9.65,1.60,0.9982,21.38,2.039,473617,1074328,0.015,1,290.8,"-0.61,-0.08,9.63","1.5,0.6,-0.2","2.550,38.100,11.550",0.06,0.17,0.00,0,126827,109423,9,0.97,37.496580,126.957924,28717,476,1714,40,16.95,0.00,999.00,-19.7,0,194,0,1,-62,-57.1,109423,32,4,1.67,1,0,-4.39,-11.29,0
18:31:30,212.320,13640181,13640168,0,0,1,37.496573,126.957925,0.01,0.0,0,319.0,1,173.8,1,0.00,9.78,3.35,0.9986,22.26,2.021,473617,1074375,0.015,1,290.8,"-0.58,-0.01,9.76","3.0,-1.4,-0.7","4.350,37.950,12.450",0.14,0.14,0.00,0,126831,109427,9,0.97,37.496580,126.957924,28717,476,1714,40,16.95,0.00,999.00,-19.7,0,194,0,1,-54,-58.1,109427,21,4,1.84,1,0,-4.39,-11.29,0
18:31:30,212.412,13640480,13640479,0,0,1,37.496573,126.957925,0.01,0.0,0,319.0,1,173.8,1,0.00,9.57,2.03,0.9976,19.87,2.023,473617,1074408,0.015,1,290.8,"-0.61,-0.17,9.55","0.8,0.4,-1.8","4.950,37.800,10.050",0.16,0.16,0.00,0,126834,109430,9,0.97,37.496580,126.957924,28717,476,1714,40,16.95,0.00,999.00,-19.7,0,194,0,1,-51,-54.4,109430,13,4,1.29,1,0,-4.39,-11.29,0
18:31:31,212.560,13640592,13640579,0,0,1,37.496573,126.957925,0.01,0.0,0,319.0,1,173.8,1,0.00,9.61,0.96,0.9990,20.42,2.016,473617,1074420,0.015,1,290.8,"-0.58,0.08,9.60","-0.9,0.2,-0.1","3.900,37.500,10.650",0.19,0.19,0.00,0,126835,109431,9,0.97,37.496580,126.957924,28717,476,1714,40,16.95,0.00,999.00,-19.7,0,194,0,1,-51,-53.7,109431,20,4,1.21,1,0,-4.39,-11.29,0
18:31:31,212.867,13640800,13640787,0,0,1,37.496574,126.957925,0.02,0.0,0,319.0,1,173.8,1,0.00,9.58,2.23,0.9981,23.04,2.030,473617,1074442,0.036,1,290.8,"-0.65,-0.07,9.56","0.6,-0.3,2.1","3.900,38.250,13.200",0.12,0.19,0.00,0,126837,109433,9,0.97,37.496581,126.957924,28718,476,1714,40,16.95,0.00,999.00,-19.7,0,194,0,1,-51,-52.7,109433,17,4,1.10,1,0,-4.39,-11.29,0
18:31:31,213.165,13641008,13640995,0,0,1,37.496574,126.957925,0.02,0.0,0,319.0,1,173.8,1,0.00,9.72,0.82,0.9981,21.44,1.997,473617,1074464,0.036,1,290.8,"-0.75,-0.04,9.69","0.2,-0.8,-0.1","5.100,37.200,11.700",0.11,0.11,0.00,0,126839,109435,9,0.97,37.496581,126.957924,28718,476,1714,40,17.35,0.00,999.00,-19.2,0,194,0,1,-57,-53.6,109435,14,4,1.20,1,0,-4.39,-11.29,0
18:31:31,213.362,13641302,13641301,0,0,1,37.496574,126.957925,0.02,0.0,0,319.0,1,173.8,1,1.12,9.61,5.03,0.9983,20.68,2.009,473617,1074499,0.036,1,290.8,"-0.54,-0.08,9.59","0.6,1.9,-4.6","3.150,37.200,10.950",0.13,0.16,0.00,0,126842,109437,9,0.97,37.496581,126.957924,28718,476,1714,40,17.35,0.00,999.00,-19.2,0,194,0,1,-53,-54.4,109437,96,4,1.29,1,0,-4.39,-11.29,0
18:31:32,213.665,13641510,13641509,0,0,1,37.496574,126.957925,0.02,0.0,0,319.0,1,173.8,1,0.00,9.67,2.11,0.9976,21.74,1.964,473617,1074521,0.036,1,290.8,"-0.71,-0.13,9.64","-1.6,1.4,0.1","3.900,36.000,12.150",0.09,0.19,0.00,0,126844,109439,9,0.97,37.496581,126.957924,28718,476,1714,40,17.35,0.00,999.00,-19.2,0,194,0,1,-50,-52.8,109439,94,4,1.11,1,0,-4.39,-11.29,0
18:31:32,213.812,13641813,13641812,0,0,1,37.496574,126.957925,0.04,0.0,0,319.0,1,173.8,1,0.00,9.76,3.06,0.9982,21.05,2.022,473617,1074557,0.051,1,290.8,"-0.56,-0.09,9.74","1.2,0.7,-2.7","4.200,37.800,11.250",0.11,0.20,0.00,0,126847,109442,8,1.16,37.496581,126.957924,28719,476,1714,40,17.35,0.00,999.00,-19.2,0,194,0,1,-46,-50.2,109442,80,4,0.87,1,0,-4.39,-11.29,0
18:31:32,213.943,13641914,13641913,0,0,1,37.496574,126.957925,0.04,0.0,0,319.0,1,173.8,1,0.00,9.63,3.06,0.9979,21.30,2.052,473617,1074569,0.051,1,290.8,"-0.62,-0.11,9.61","-1.5,2.6,-0.4","3.600,38.700,11.400",0.07,0.17,0.00,0,126848,109443,8,1.16,37.496581,126.957924,28719,476,1714,40,17.35,0.00,999.00,-19.2,0,194,0,1,-46,-49.3,109443,72,4,0.80,1,0,-4.39,-11.29,0
18:31:32,214.040,13642116,13642115,0,0,1,37.496574,126.957925,0.04,0.0,0,319.0,1,173.8,1,0.00,9.74,1.67,0.9982,21.26,2.033,473617,1074593,0.051,1,290.8,"-0.60,-0.08,9.73","-1.1,-0.6,-1.1","4.650,38.250,11.400",0.07,0.16,0.00,0,126850,109445,8,1.16,37.496581,126.957924,28719,476,1714,40,17.35,0.00,999.00,-19.2,0,194,0,1,-44,-47.9,109445,63,4,0.80,1,0,-4.39,-11.29,0
18:31:32,214.259,13642217,13642216,0,0,1,37.496574,126.957925,0.04,0.0,0,319.0,1,173.8,1,0.00,9.71,3.13,0.9984,24.33,2.010,473617,1074605,0.051,1,290.8,"-0.59,-0.05,9.69","2.1,-1.7,-1.6","4.200,37.800,14.550",0.07,0.14,0.00,0,126851,109446,8,1.16,37.496581,126.957924,28719,476,1714,40,17.35,0.00,999.00,-19.2,0,194,0,1,-47,-47.7,109446,61,4,0.80,1,0,-4.39,-11.29,0
18:31:32,214.398,13642419,13642418,0,0,1,37.496574,126.957925,0.04,0.0,0,319.0,1,173.8,1,0.00,9.70,2.41,0.9976,22.71,2.020,473617,1074629,0.051,1,290.8,"-0.69,-0.14,9.67","0.5,-0.8,-2.2","4.350,37.950,12.900",0.09,0.16,0.00,0,126853,109448,8,1.16,37.496581,126.957924,28719,476,1714,40,17.35,0.00,999.00,-19.2,0,194,0,1,-48,-47.8,109448,49,4,0.80,1,0,-4.39,-11.29,0
18:31:33,214.677,13642524,13642523,0,0,1,37.496574,126.957925,0.04,0.0,0,319.0,1,173.8,1,0.00,9.68,1.24,0.9982,20.61,2.069,473617,1074640,0.051,1,290.8,"-0.59,-0.09,9.66","0.9,-0.2,-0.8","3.600,39.150,10.650",0.06,0.16,0.00,0,126854,109449,8,1.16,37.496581,126.957924,28719,476,1714,40,17.35,0.00,999.00,-19.2,0,194,0,1,-48,-47.9,109449,51,4,0.80,1,0,-4.39,-11.29,0
18:31:33,214.791,13642828,13642827,0,0,1,37.496575,126.957925,0.03,0.0,0,319.0,1,173.8,1,0.00,9.81,2.80,0.9980,21.34,2.029,473617,1074676,0.021,1,290.8,"-0.75,-0.05,9.78","-1.8,-0.4,-2.1","2.550,37.800,11.550",0.15,0.17,0.00,0,126857,109452,9,1.16,37.496581,126.957924,28720,476,1714,40,17.35,0.00,999.00,-19.2,0,194,0,1,-46,-47.0,109452,38,4,0.80,1,0,-4.39,-11.29,0
18:31:33,214.925,13642928,13642927,0,0,1,37.496575,126.957925,0.03,0.0,0,319.0,1,173.8,1,0.00,9.76,1.77,0.9983,21.80,2.021,473617,1074688,0.021,1,290.8,"-0.68,-0.04,9.73","0.3,-0.8,1.6","3.750,37.800,12.000",0.08,0.24,0.00,0,126858,109453,9,1.16,37.496581,126.957924,28720,476,1714,40,17.35,0.00,999.00,-19.2,0,194,0,1,-47,-47.0,109453,32,4,0.80,1,0,-4.39,-11.29,0
18:31:33,215.124,13643028,13643027,0,0,1,37.496575,126.957925,0.03,0.0,0,319.0,1,173.8,1,0.00,9.69,2.34,0.9984,21.04,2.032,473617,1074700,0.021,1,290.8,"-0.61,-0.03,9.67","2.3,-0.1,-0.6","2.250,37.800,11.250",0.05,0.16,0.00,0,126859,109454,9,1.16,37.496581,126.957924,28720,476,1714,40,17.35,0.00,999.00,-19.2,0,194,0,1,-47,-47.0,109454,27,4,0.80,1,0,-4.39,-11.29,0
18:31:33,215.197,13643240,13643228,0,0,1,37.496575,126.957925,0.03,0.0,0,319.0,1,173.8,1,0.00,9.72,3.53,0.9984,23.09,2.094,473617,1074724,0.021,1,290.8,"-0.62,-0.04,9.70","-2.5,0.5,-2.5","2.550,40.050,13.050",0.05,0.16,0.00,0,126861,109456,9,1.16,37.496581,126.957924,28720,476,1714,40,17.75,0.00,999.00,-18.8,0,194,0,1,-50,-47.7,109456,22,4,0.80,1,0,-4.39,-11.29,0
18:31:33,215.511,13643333,13643332,0,0,1,37.496575,126.957925,0.03,0.0,0,319.0,1,173.8,1,0.00,9.59,3.54,0.9975,22.54,2.021,473617,1074735,0.021,1,290.8,"-0.58,-0.19,9.57","2.8,-1.3,1.7","3.300,37.800,12.750",0.16,0.21,0.00,0,126862,109457,9,1.16,37.496581,126.957924,28720,476,1714,40,17.75,0.00,999.00,-18.8,0,194,0,1,-50,-48.2,109457,14,4,0.80,1,0,-4.39,-11.29,0
18:31:34,215.630,13643662,13643661,0,0,1,37.496575,126.957924,0.02,0.0,0,319.0,1,173.8,1,0.00,9.71,2.24,0.9973,21.43,2.053,473617,1074770,0.021,1,290.8,"-0.62,-0.21,9.69","-0.2,2.2,-0.5","2.550,38.550,11.550",0.12,0.16,0.00,0,126865,109460,8,1.16,37.496582,126.957924,28721,476,1714,40,17.54,0.00,999.00,-16.7,0,194,0,1,-47,-48.0,109460,22,4,0.80,1,0,-4.39,-11.29,0
18:31:34,215.826,13643763,13643762,0,0,1,37.496575,126.957924,0.02,0.0,0,319.0,1,173.8,1,0.00,9.75,4.63,0.9974,22.84,2.014,473617,1074782,0.021,1,290.8,"-0.69,-0.18,9.73","3.5,-0.2,-3.0","4.500,37.800,13.050",0.12,0.21,0.00,0,126866,109461,8,1.16,37.496582,126.957924,28721,476,1714,40,17.54,0.00,999.00,-16.7,0,194,0,1,-48,-48.0,109461,20,4,0.80,1,0,-4.39,-11.29,0
18:31:34,215.924,13643968,13643967,0,0,1,37.496575,126.957924,0.02,0.0,0,319.0,1,173.8,1,0.00,9.61,2.24,0.9979,21.80,2.018,473617,1074805,0.021,1,290.8,"-0.65,-0.11,9.59","-0.1,-0.9,-2.0","4.500,37.800,12.000",0.09,0.18,0.00,0,126868,109463,8,1.16,37.496582,126.957924,28721,476,1714,40,17.54,0.00,999.00,-16.7,0,194,0,1,-49,-48.4,109463,19,4,0.80,1,0,-4.39,-11.29,0
18:31:34,215.994,13644069,13644068,0,0,1,37.496575,126.957924,0.02,0.0,0,319.0,1,173.8,1,0.00,9.74,3.21,0.9981,21.25,2.038,473617,1074817,0.021,1,290.8,"-0.57,-0.10,9.72","0.9,-2.3,2.1","3.600,38.250,11.400",0.08,0.22,0.00,0,126869,109464,8,1.16,37.496582,126.957924,28721,476,1714,40,17.54,0.00,999.00,-16.7,0,194,0,1,-49,-48.5,109464,12,4,0.80,1,0,-4.39,-11.29,0
18:31:34,216.127,13644180,13644167,0,0,1,37.496575,126.957924,0.02,0.0,0,319.0,1,173.8,1,0.00,9.72,1.68,0.9979,22.29,2.039,473617,1074829,0.021,1,290.8,"-0.58,-0.14,9.71","1.6,0.0,0.3","2.850,38.250,12.450",0.08,0.16,0.00,0,126870,109465,8,1.16,37.496582,126.957924,28721,476,1714,40,17.54,0.00,999.00,-16.7,0,194,0,1,-48,-48.4,109465,17,4,0.80,1,0,-4.39,-11.29,0
18:31:34,216.336,13644283,13644270,0,0,1,37.496575,126.957924,0.02,0.0,0,319.0,1,173.8,1,0.00,9.68,4.04,0.9982,20.55,2.014,473617,1074840,0.021,1,290.8,"-0.66,-0.05,9.65","3.4,-2.1,-0.5","3.300,37.350,10.800",0.04,0.17,0.00,0,126871,109466,8,1.16,37.496582,126.957924,28721,476,1714,40,17.54,0.00,999.00,-16.7,0,194,0,1,-49,-48.5,109466,16,4,0.80,1,0,-4.39,-11.29,0
18:31:34,216.509,13644478,13644477,0,0,1,37.496575,126.957924,0.02,0.0,0,319.0,1,173.8,1,0.00,9.74,1.00,0.9979,20.33,1.998,473617,1074862,0.021,1,290.8,"-0.62,-0.12,9.72","-0.2,-0.9,-0.4","2.850,36.750,10.650",0.05,0.19,0.00,0,126873,109467,8,1.16,37.496582,126.957924,28721,476,1714,40,17.54,0.00,999.00,-16.7,0,194,0,1,-49,-48.6,109467,105,4,0.80,1,0,-4.39,-11.29,0
18:31:35,216.645,13644680,13644679,0,0,1,37.496576,126.957924,0.04,0.0,0,319.0,1,173.8,1,0.00,9.72,2.39,0.9985,21.21,2.033,473617,1074886,0.057,1,290.8,"-0.69,0.02,9.70","-1.5,1.0,-1.5","2.850,37.950,11.400",0.12,0.18,0.00,0,126875,109469,8,1.16,37.496583,126.957924,28722,476,1714,40,17.54,0.00,999.00,-16.7,0,194,0,1,-50,-49.1,109469,97,4,0.80,1,0,-4.39,-11.29,0
18:31:35,216.724,13644781,13644780,0,0,1,37.496576,126.957924,0.04,0.0,0,319.0,1,173.8,1,0.00,9.78,2.12,0.9981,21.44,2.043,473617,1074898,0.057,1,290.8,"-0.65,-0.09,9.75","-1.4,1.2,-1.0","4.500,38.550,11.550",0.07,0.22,0.00,0,126876,109470,8,1.16,37.496583,126.957924,28722,476,1714,40,17.54,0.00,999.00,-16.7,0,194,0,1,-52,-49.7,109470,91,4,0.83,1,0,-4.39,-11.29,0
18:31:35,216.823,13644882,13644881,0,0,1,37.496576,126.957924,0.04,0.0,0,319.0,1,173.8,1,0.00,9.72,2.03,0.9979,21.65,2.068,473617,1074910,0.057,1,290.8,"-0.67,-0.11,9.70","0.5,1.9,0.4","3.150,39.150,11.700",0.05,0.28,0.00,0,126877,109471,8,1.16,37.496583,126.957924,28722,476,1714,40,17.54,0.00,999.00,-16.7,0,194,0,1,-54,-50.6,109471,88,4,0.90,1,0,-4.39,-11.29,0
18:31:35,216.946,13644983,13644982,0,0,1,37.496576,126.957924,0.04,0.0,0,319.0,1,173.8,1,0.00,9.64,3.10,0.9984,22.74,2.031,473617,1074922,0.057,1,290.8,"-0.61,-0.04,9.62","2.9,-0.6,-1.0","3.900,38.250,12.900",0.08,0.18,0.00,0,126878,109472,8,1.16,37.496583,126.957924,28722,476,1714,40,17.54,0.00,999.00,-16.7,0,194,0,1,-55,-51.4,109472,78,4,0.98,1,0,-4.39,-11.29,0
18:31:35,217.041,13645085,13645084,0,0,1,37.496576,126.957924,0.04,0.0,0,319.0,1,173.8,1,0.00,9.73,3.38,0.9984,21.52,2.074,473617,1074934,0.057,1,290.8,"-0.60,-0.05,9.71","0.1,-2.4,2.3","3.000,39.300,11.550",0.06,0.16,0.00,0,126879,109473,8,1.16,37.496583,126.957924,28722,476,1714,40,17.54,0.00,999.00,-16.7,0,194,0,1,-55,-52.2,109473,80,4,1.04,1,0,-4.39,-11.29,0
18:31:35,217.112,13645186,13645185,0,0,1,37.496576,126.957924,0.04,0.0,0,319.0,1,173.8,1,0.00,9.77,3.91,0.9975,20.56,2.058,473617,1074946,0.057,1,290.8,"-0.75,-0.13,9.74","3.8,1.0,0.0","3.150,38.700,10.650",0.13,0.16,0.00,0,126880,109474,8,1.16,37.496583,126.957924,28722,476,1714,40,17.54,0.00,999.00,-16.7,0,194,0,1,-54,-52.5,109474,75,4,1.08,1,0,-4.39,-11.29,0
18:31:35,217.246,13645287,13645286,0,0,1,37.496576,126.957924,0.04,0.0,0,319.0,1,173.8,1,-0.44,9.67,4.86,0.9978,21.43,2.003,473617,1074958,0.057,1,290.8,"-0.63,-0.13,9.64","0.7,-3.8,2.9","3.900,37.200,11.700",0.06,0.17,0.00,0,126881,109475,8,1.16,37.496583,126.957924,28722,476,1714,40,17.54,0.00,999.00,-16.7,0,194,0,1,-57,-53.4,109475,71,4,1.18,1,0,-4.39,-11.29,0
18:31:35,217.325,13645388,13645387,0,0,1,37.496576,126.957924,0.04,0.0,0,319.0,1,173.8,1,0.00,9.67,1.98,0.9985,21.61,1.967,473617,1074970,0.057,1,290.8,"-0.61,-0.01,9.65","0.8,-1.7,0.6","4.200,36.150,12.000",0.08,0.17,0.00,0,126882,109476,8,1.16,37.496583,126.957924,28722,476,1714,40,17.54,0.00,999.00,-16.7,0,194,0,1,-57,-54.1,109476,64,4,1.26,1,0,-4.39,-11.29,0
18:31:35,217.464,13645493,13645492,0,0,1,37.496576,126.957924,0.04,0.0,0,319.0,1,173.8,1,0.00,9.78,3.70,0.9984,21.09,2.031,473617,1074981,0.057,1,290.8,"-0.62,-0.03,9.76","1.1,-3.5,-0.5","4.200,38.100,11.250",0.09,0.24,0.00,0,126883,109477,8,1.16,37.496583,126.957924,28722,476,1714,40,17.54,0.00,999.00,-16.7,0,194,0,1,-57,-54.7,109477,64,4,1.33,1,0,-4.39,-11.29,0
18:31:36,217.559,13645595,13645594,0,0,1,37.496576,126.957924,0.04,0.0,0,319.0,1,173.8,1,0.00,9.73,2.45,0.9977,20.60,2.028,473617,1074993,0.057,1,290.8,"-0.75,-0.10,9.70","1.9,-1.3,0.8","3.300,37.800,10.800",0.11,0.32,0.00,0,126884,109478,8,1.16,37.496583,126.957924,28722,476,1714,40,17.54,0.00,999.00,-16.7,0,194,0,1,-58,-55.4,109478,62,4,1.42,1,0,-4.39,-11.29,0
18:31:36,217.570,13645697,13645696,0,0,1,37.496577,126.957924,0.04,0.0,0,319.0,1,173.8,1,0.00,9.78,2.03,0.9983,21.30,2.055,473617,1075005,0.046,1,290.8,"-0.61,-0.06,9.76","1.6,-0.2,-1.3","3.150,38.700,11.400",0.08,0.16,0.00,0,126885,109479,8,1.16,37.496583,126.957924,28723,476,1714,40,17.14,0.00,999.00,-17.1,0,194,0,1,-58,-55.9,109479,59,4,1.49,1,0,-4.39,-11.29,0
18:31:36,217.747,13645798,13645797,0,0,1,37.496577,126.957924,0.04,0.0,0,319.0,1,173.8,1,0.00,9.66,3.37,0.9988,22.49,2.007,473617,1075017,0.046,1,290.8,"-0.64,0.04,9.64","-0.3,1.1,-3.2","3.300,37.350,12.750",0.12,0.13,0.00,0,126886,109480,8,1.16,37.496583,126.957924,28723,476,1714,40,17.14,0.00,999.00,-17.1,0,194,0,1,-59,-56.5,109480,54,4,1.58,1,0,-4.39,-11.29,0
18:31:36,217.908,13645899,13645898,0,0,1,37.496577,126.957924,0.04,0.0,0,319.0,1,173.8,1,0.00,9.76,3.21,0.9987,23.38,2.037,473617,1075029,0.046,1,290.8,"-0.53,-0.00,9.74","-2.1,0.3,-2.4","4.200,38.550,13.500",0.14,0.14,0.00,0,126887,109481,8,1.16,37.496583,126.957924,28723,476,1714,40,17.14,0.00,999.00,-17.1,0,194,0,1,-60,-57.2,109481,49,4,1.69,1,0,-4.39,-11.29,0
18:31:36,217.975,13646000,13645999,0,0,1,37.496577,126.957924,0.04,0.0,0,319.0,1,173.8,1,0.00,9.70,1.36,0.9985,23.76,2.013,473617,1075041,0.046,1,290.8,"-0.60,-0.03,9.68","-0.5,1.2,-0.2","5.100,37.950,13.950",0.06,0.18,0.00,0,126888,109482,8,1.16,37.496583,126.957924,28723,476,1714,40,17.14,0.00,999.00,-17.1,0,194,0,1,-60,-57.8,109482,42,4,1.78,1,0,-4.39,-11.29,0
18:31:36,218.059,13646101,13646100,0,0,1,37.496577,126.957924,0.04,0.0,0,319.0,1,173.8,1,0.00,9.66,0.77,0.9985,20.39,2.054,473617,1075053,0.046,1,290.8,"-0.77,0.06,9.62","-0.6,-0.2,-0.4","3.000,38.550,10.500",0.21,0.21,0.00,0,126889,109483,8,1.16,37.496583,126.957924,28723,476,1714,40,17.14,0.00,999.00,-17.1,0,194,0,1,-60,-58.2,109483,39,4,1.86,1,0,-4.39,-11.29,0
18:31:36,218.260,13646202,13646201,0,0,1,37.496577,126.957924,0.04,0.0,0,319.0,1,173.8,1,0.00,9.54,2.08,0.9982,20.68,2.009,473617,1075065,0.046,1,290.8,"-0.59,-0.07,9.52","0.2,0.1,-2.1","3.150,37.200,10.950",0.16,0.16,0.00,0,126890,109484,8,1.16,37.496583,126.957924,28723,476,1714,40,17.14,0.00,999.00,-17.1,0,194,0,1,-59,-58.4,109484,36,4,1.89,1,0,-4.39,-11.29,0
18:35:04,426.204,13646410,13646409,0,0,1,37.496577,126.957924,0.04,0.0,0,319.0,1,173.8,1,0.00,9.74,1.85,0.9981,21.88,2.001,473617,1075090,0.046,1,290.8,"-0.66,-0.08,9.72","-0.5,-1.7,-0.7","3.900,37.200,12.150",0.04,0.18,0.00,0,126892,109486,8,1.16,37.496583,126.957924,28723,476,1714,40,17.14,0.00,999.00,-17.1,0,194,0,1,-58,-57.9,109486,33,4,1.81,1,0,-4.39,-11.29,0
18:35:04,426.314,13854180,13854179,0,0,1,37.496651,126.957929,0.05,346.4,0,346.4,1,121.6,1,0.00,9.74,2.58,0.9951,23.98,2.724,473617,1095364,0.031,1,346.4,"-1.39,0.35,9.63","-1.4,1.5,-1.6","-12.000,56.400,12.150",0.12,0.15,0.00,0,128616,111444,9,0.96,37.496641,126.957927,28901,476,1714,40,12.14,0.00,999.00,15.2,0,194,0,1,-49,-50.7,111444,42,4,0.91,1,0,-4.39,-11.29,0
18:35:05,426.563,13854280,13854280,0,0,1,37.496651,126.957929,0.05,346.4,0,346.4,1,121.6,1,0.00,9.70,2.01,0.9963,24.15,2.747,473617,1095376,0.031,1,346.4,"-1.27,0.46,9.61","1.1,-0.7,-1.6","-13.350,56.700,12.300",0.10,0.14,0.00,0,128617,111445,9,0.96,37.496641,126.957927,28901,476,1714,40,12.14,0.00,999.00,15.2,0,194,0,1,-50,-50.6,111445,37,4,0.90,1,0,-4.39,-11.29,0
18:35:05,426.601,13854597,13854596,0,0,1,37.496651,126.957929,0.05,346.4,0,346.4,1,121.6,1,0.00,9.73,0.32,0.9959,23.21,2.756,473617,1095411,0.031,1,346.4,"-1.32,0.55,9.63","-0.1,-0.3,-0.1","-11.700,57.450,11.250",0.10,0.14,0.00,0,128620,111448,9,0.96,37.496641,126.957927,28901,476,1714,40,12.14,0.00,999.00,15.2,0,194,0,1,-61,-53.4,111448,35,4,1.17,1,0,-4.39,-11.29,0
18:35:05,426.780,13854699,13854698,0,0,1,37.496650,126.957928,0.03,346.4,0,346.4,1,121.6,1,0.00,9.78,2.30,0.9939,23.62,2.748,473617,1095423,0.005,1,346.4,"-1.50,0.33,9.65","1.0,-1.9,0.9","-12.000,57.150,11.700",0.18,0.22,0.00,0,128621,111449,9,0.96,37.496639,126.957926,28902,476,1714,40,12.14,0.00,999.00,15.2,0,194,0,1,-64,-55.5,111449,32,4,1.44,1,0,-4.39,-11.29,0
18:35:05,426.824,13854799,13854798,0,0,1,37.496650,126.957928,0.03,346.4,0,346.4,1,121.6,1,0.00,9.67,2.52,0.9956,23.31,2.757,473617,1095435,0.005,1,346.4,"-1.35,0.49,9.56","-0.8,1.1,2.1","-12.750,57.150,11.400",0.07,0.19,0.00,0,128622,111450,9,0.96,37.496639,126.957926,28902,476,1714,40,12.14,0.00,999.00,15.2,0,194,0,1,-51,-54.6,111450,23,4,1.32,1,0,-4.39,-11.29,0
18:35:05,427.012,13854901,13854900,0,0,1,37.496650,126.957928,0.03,346.4,0,346.4,1,121.6,1,0.00,9.61,1.90,0.9954,23.61,2.751,473617,1095447,0.005,1,346.4,"-1.36,0.46,9.50","0.0,-1.8,0.6","-12.300,57.150,11.700",0.11,0.15,0.00,0,128623,111451,9,0.96,37.496639,126.957926,28902,476,1714,40,12.57,0.00,999.00,15.2,0,194,0,1,-49,-53.5,111451,23,4,1.19,1,0,-4.39,-11.29,0
18:35:05,427.138,13855102,13855101,0,0,1,37.496650,126.957928,0.03,346.4,0,346.4,1,121.6,1,0.00,9.74,0.52,0.9961,23.21,2.756,473617,1095471,0.005,1,346.4,"-1.29,0.46,9.64","0.2,0.2,0.4","-11.700,57.450,11.250",0.08,0.18,0.00,0,128625,111453,9,0.96,37.496639,126.957926,28902,476,1714,40,12.57,0.00,999.00,15.2,0,194,0,1,-55,-53.1,111453,13,4,1.14,1,0,-4.39,-11.29,0
18:35:05,427.152,13855214,13855201,0,0,1,37.496650,126.957928,0.03,346.4,0,346.4,1,121.6,1,0.00,9.69,2.61,0.9946,21.88,2.715,473617,1095483,0.005,1,346.4,"-1.45,0.47,9.57","0.0,0.4,-2.6","-10.950,56.250,10.050",0.08,0.17,0.00,0,128626,111454,9,0.96,37.496639,126.957926,28902,476,1714,40,12.57,0.00,999.00,15.2,0,194,0,1,-55,-53.5,111454,16,4,1.18,1,0,-4.39,-11.29,0
18:35:05,427.273,13855317,13855304,0,0,1,37.496650,126.957928,0.03,346.4,0,346.4,1,121.6,1,0.00,9.70,1.62,0.9960,24.19,2.756,473617,1095494,0.005,1,346.4,"-1.31,0.41,9.61","-0.2,-1.5,0.6","-13.350,57.000,12.300",0.08,0.15,0.00,0,128627,111455,9,0.96,37.496639,126.957926,28902,476,1714,40,12.57,0.00,999.00,15.2,0,194,0,1,-60,-54.8,111455,14,4,1.34,1,0,-4.39,-11.29,0
18:35:05,427.368,13855408,13855407,0,0,1,37.496650,126.957928,0.03,346.4,0,346.4,1,121.6,1,0.00,9.60,1.76,0.9955,23.15,2.755,473617,1095505,0.005,1,346.4,"-1.35,0.49,9.50","1.1,-1.4,-0.1","-12.900,57.000,11.250",0.11,0.18,0.00,0,128628,111456,9,0.96,37.496639,126.957926,28902,476,1714,40,12.57,0.00,999.00,15.2,0,194,0,1,-59,-55.6,111456,0,4,1.34,1,0,-4.39,-11.29,0
18:35:05,427.439,13855509,13855508,0,0,1,37.496650,126.957928,0.03,346.4,0,346.4,1,121.6,1,0.00,9.51,2.97,0.9953,22.08,2.755,473617,1095517,0.005,1,346.4,"-1.35,0.52,9.40","1.4,-2.6,0.4","-13.050,56.850,10.200",0.21,0.21,0.00,0,128629,111456,9,0.96,37.496639,126.957926,28902,476,1714,40,12.57,0.00,999.00,15.2,0,194,0,1,-59,-55.6,111456,101,4,1.45,1,0,-4.39,-11.29,0
18:35:06,427.558,13855613,13855612,0,0,1,37.496650,126.957928,0.03,346.4,0,346.4,1,121.6,1,0.00,9.65,2.48,0.9952,23.06,2.729,473617,1095528,0.005,1,346.4,"-1.38,0.45,9.54","0.7,-2.3,0.8","-12.600,56.250,11.250",0.06,0.18,0.00,0,128630,111457,9,0.96,37.496639,126.957926,28902,476,1714,40,12.57,0.00,999.00,15.2,0,194,0,1,-70,-58.5,111457,101,4,1.91,1,0,-4.39,-11.29,0
18:35:06,427.641,13855715,13855714,0,0,1,37.496649,126.957928,0.02,346.4,0,346.4,1,121.6,1,0.00,9.70,1.50,0.9939,22.50,2.767,473617,1095540,0.015,1,346.4,"-1.51,0.48,9.57","-0.1,1.2,-0.9","-11.700,57.750,10.500",0.14,0.20,0.00,0,128631,111458,10,1.01,37.496639,126.957923,28903,476,1714,40,12.57,0.00,999.00,15.2,0,194,0,1,-61,-59.0,111458,92,4,2.00,1,0,-4.39,-11.29,0
18:35:06,427.760,13855816,13855815,0,0,1,37.496649,126.957928,0.02,346.4,0,346.4,1,121.6,1,0.00,9.75,2.36,0.9947,24.38,2.801,473617,1095552,0.015,1,346.4,"-1.45,0.46,9.63","-1.9,-1.2,0.9","-12.900,58.650,12.300",0.08,0.18,0.00,0,128632,111459,10,1.01,37.496639,126.957923,28903,476,1714,40,12.57,0.00,999.00,15.2,0,194,0,1,-59,-59.0,111459,94,4,2.00,1,0,-4.39,-11.29,0
18:35:06,427.956,13855918,13855917,0,0,1,37.496649,126.957928,0.02,346.4,0,346.4,1,121.6,1,0.00,9.70,4.63,0.9946,22.23,2.781,473617,1095564,0.015,1,346.4,"-1.44,0.44,9.58","2.4,-3.6,1.7","-12.000,58.050,10.200",0.07,0.21,0.00,0,128633,111460,10,1.01,37.496639,126.957923,28903,476,1714,40,12.57,0.00,999.00,15.2,0,194,0,1,-59,-59.0,111460,91,4,2.00,1,0,-4.39,-11.29,0
18:35:06,428.054,13856121,13856120,0,0,1,37.496649,126.957928,0.02,346.4,0,346.4,1,121.6,1,0.00,9.71,3.38,0.9963,21.22,2.738,473617,1095588,0.015,1,346.4,"-1.27,0.46,9.62","-0.7,-2.7,-1.8","-10.650,57.000,9.300",0.12,0.14,0.00,0,128635,111462,10,1.01,37.496639,126.957923,28903,476,1714,40,12.57,0.00,999.00,15.2,0,194,0,1,-62,-60.1,111462,83,4,2.22,1,0,-4.39,-11.29,0
18:35:06,428.176,13856222,13856221,0,0,1,37.496649,126.957928,0.02,346.4,0,346.4,1,121.6,1,0.00,9.74,3.98,0.9960,22.83,2.745,473617,1095600,0.015,1,346.4,"-1.31,0.44,9.64","-3.4,-0.6,-1.9","-12.300,56.850,10.950",0.09,0.20,0.00,0,128636,111463,10,1.01,37.496639,126.957923,28903,476,1714,40,12.57,0.00,999.00,15.2,0,194,0,1,-68,-61.7,111463,77,4,2.58,1,0,-4.39,-11.29,0
18:35:06,428.267,13856323,13856322,0,0,1,37.496649,126.957928,0.02,346.4,0,346.4,1,121.6,1,0.00,9.66,3.53,0.9963,24.77,2.735,473617,1095612,0.015,1,346.4,"-1.25,0.35,9.57","1.9,-2.5,1.7","-12.000,56.850,12.900",0.16,0.21,0.00,0,128637,111464,10,1.01,37.496639,126.957923,28903,476,1714,40,12.57,0.00,999.00,15.2,0,194,0,1,-66,-62.5,111464,73,4,2.80,1,0,-4.39,-11.29,0
18:35:06,428.389,13856424,13856423,0,0,1,37.496649,126.957928,0.02,346.4,0,346.4,1,121.6,1,0.00,9.82,2.39,0.9954,23.58,2.742,473617,1095624,0.015,1,346.4,"-1.38,0.53,9.71","-0.5,2.3,0.2","-12.300,56.850,11.700",0.13,0.20,0.00,0,128638,111465,10,1.01,37.496639,126.957923,28903,476,1714,40,12.57,0.00,999.00,15.2,0,194,0,1,-67,-63.4,111465,68,4,3.05,1,0,-4.39,-11.29,0
18:35:06,428.486,13856525,13856524,0,0,1,37.496649,126.957928,0.02,346.4,0,346.4,1,121.6,1,0.27,9.61,4.30,0.9940,22.37,2.740,473617,1095636,0.015,1,346.4,"-1.48,0.51,9.48","1.1,1.6,-3.8","-12.150,56.700,10.500",0.16,0.17,0.00,0,128639,111466,10,1.01,37.496639,126.957923,28903,476,1714,40,12.57,0.00,999.00,15.2,0,194,0,1,-59,-62.5,111466,63,4,2.80,1,0,-4.39,-11.29,0
18:35:07,428.554,13856625,13856624,0,0,1,37.496648,126.957927,0.03,346.4,0,346.4,1,121.6,1,0.00,9.69,2.30,0.9957,22.83,2.753,473617,1095645,0.031,1,346.4,"-1.32,0.33,9.59","-1.4,0.4,-1.7","-13.050,56.850,10.950",0.15,0.15,0.00,0,128640,111467,9,0.97,37.496637,126.957921,28904,476,1714,40,12.57,0.00,999.00,15.2,0,194,0,1,-54,-60.8,111467,56,4,2.38,1,0,-4.39,-11.29,0
18:35:07,428.678,13856726,13856725,0,0,1,37.496648,126.957927,0.03,346.4,0,346.4,1,121.6,1,0.00,9.71,3.28,0.9962,23.80,2.734,473617,1095657,0.031,1,346.4,"-1.28,0.48,9.61","-1.8,2.5,-1.1","-13.350,56.250,12.000",0.09,0.19,0.00,0,128641,111468,9,0.97,37.496637,126.957921,28904,476,1714,40,13.03,0.00,999.00,18.1,0,194,0,1,-56,-59.9,111468,52,4,2.17,1,0,-4.39,-11.29,0
18:35:07,429.106,13856827,13856826,0,0,1,37.496648,126.957927,0.03,346.4,0,346.4,1,121.6,1,0.00,9.72,1.70,0.9961,22.92,2.767,473617,1095669,0.031,1,346.4,"-1.30,0.43,9.62","-0.2,0.5,1.6","-12.300,57.600,10.950",0.09,0.13,0.00,0,128642,111469,9,0.97,37.496637,126.957921,28904,476,1714,40,13.03,0.00,999.00,18.1,0,194,0,1,-53,-58.5,111469,48,4,1.91,1,0,-4.39,-11.29,0
18:35:07,429.219,13857232,13857231,1,0,1,37.496648,126.957927,0.03,346.4,0,346.4,1,121.6,1,0.00,9.65,1.98,0.9945,24.47,2.768,473617,1095717,0.031,1,346.4,"-1.45,0.49,9.52","1.8,-0.7,0.1","-11.550,58.050,12.450",0.08,0.44,0.00,0,128646,111473,9,0.97,37.496637,126.957921,28904,476,1714,40,13.03,0.00,999.00,18.1,0,195,0,1,-54,-55.9,111473,32,4,1.50,1,0,-4.39,-11.29,0
18:35:07,429.352,13857331,13857331,1,0,1,37.496648,126.957927,0.03,346.4,0,346.4,1,121.5,1,0.00,9.77,7.63,0.9783,22.79,2.723,473617,1095729,0.031,1,346.4,"-1.48,-1.26,9.58","7.2,-2.6,-0.1","-11.550,56.400,10.950",1.68,2.52,0.00,0,128647,111474,9,0.97,37.496637,126.957921,28904,476,1714,40,13.03,0.00,999.00,18.1,0,195,0,1,-59,-56.5,111474,25,4,1.59,1,0,-4.39,-11.29,0
18:35:07,429.419,13857432,13857431,1,0,1,37.496648,126.957927,0.03,346.4,0,346.4,1,121.5,1,-0.04,9.80,3.24,0.9851,23.84,2.687,473617,1095741,0.031,1,346.4,"-0.86,2.11,9.53","-2.2,1.1,2.1","-12.000,55.200,12.150",1.62,2.41,0.00,0,128648,111475,9,0.97,37.496637,126.957921,28904,476,1714,40,13.03,0.00,999.00,18.1,0,195,0,1,-55,-56.2,111475,21,4,1.54,1,0,-4.39,-11.29,0
18:35:07,429.502,13857539,13857538,1,0,1,37.496648,126.957927,0.03,346.4,0,346.4,1,121.5,1,0.00,9.65,1.52,0.9945,22.03,2.738,473617,1095754,0.031,1,346.4,"-1.42,0.70,9.52","-0.6,-1.4,-0.2","-12.750,56.400,10.200",0.19,2.38,0.00,0,128649,111476,9,0.97,37.496637,126.957921,28904,476,1714,40,13.03,0.00,999.00,18.1,0,195,0,1,-66,-58.2,111476,22,4,1.85,1,0,-4.39,-11.29,0
18:35:08,429.623,13857644,13857643,1,0,1,37.496647,126.957927,0.04,346.4,0,346.4,1,121.5,1,0.00,9.66,3.22,0.9966,24.03,2.780,473617,1095765,0.051,1,346.4,"-1.23,0.53,9.57","-0.6,1.5,-2.8","-12.150,58.200,12.000",0.14,0.15,0.00,0,128650,111477,9,0.97,37.496636,126.957918,28905,476,1714,40,13.03,0.00,999.00,18.1,0,195,0,1,-60,-58.6,111477,16,4,1.92,1,0,-4.39,-11.29,0
18:35:08,429.719,13857746,13857745,1,0,1,37.496647,126.957927,0.04,346.4,0,346.4,1,121.5,1,0.00,9.68,1.98,0.9963,24.02,2.702,473617,1095777,0.051,1,346.4,"-1.26,0.52,9.58","1.1,-0.3,-1.6","-12.600,55.500,12.300",0.10,0.21,0.00,0,128651,111478,9,0.97,37.496636,126.957918,28905,476,1714,40,13.03,0.00,999.00,18.1,0,195,0,1,-59,-58.6,111478,19,4,1.94,1,0,-4.39,-11.29,0
18:35:08,429.791,13857847,13857847,1,0,1,37.496647,126.957927,0.04,346.4,0,346.4,1,121.5,1,0.00,9.69,1.47,0.9964,23.59,2.777,473617,1095789,0.051,1,346.4,"-1.25,0.54,9.60","-0.1,0.5,1.4","-11.700,58.200,11.550",0.10,0.22,0.00,0,128652,111479,9,0.97,37.496636,126.957918,28905,476,1714,40,13.03,0.00,999.00,18.1,0,195,0,1,-57,-58.3,111479,15,4,1.88,1,0,-4.39,-11.29,0
18:35:08,429.921,13857948,13857948,1,0,1,37.496647,126.957927,0.04,346.4,0,346.4,1,121.5,1,0.00,9.28,3.63,0.9961,25.34,2.746,473617,1095801,0.051,1,346.4,"-1.23,0.41,9.18","2.8,-1.2,2.0","-13.650,56.700,13.500",0.44,0.56,0.00,0,128653,111480,9,0.97,37.496636,126.957918,28905,476,1714,40,13.03,0.00,999.00,18.1,0,195,0,1,-55,-57.7,111480,10,4,1.76,1,0,-4.39,-11.29,0
18:35:08,430.019,13858060,13858047,1,0,1,37.496647,126.957927,0.04,346.4,0,346.4,1,121.5,1,0.00,9.95,1.26,0.9951,23.28,2.751,473617,1095813,0.051,1,346.4,"-1.42,0.63,9.83","0.6,-0.6,1.0","-13.050,56.850,11.400",0.26,0.63,0.00,0,128654,111481,9,0.97,37.496636,126.957918,28905,476,1714,40,13.03,0.00,999.00,18.1,0,195,0,1,-54,-56.9,111481,16,4,1.64,1,0,-4.39,-11.29,0
18:35:08,430.087,13858152,13858151,1,0,1,37.496647,126.957927,0.04,346.4,0,346.4,1,121.5,1,0.00,10.50,1.78,0.9945,22.48,2.740,473617,1095824,0.051,1,346.4,"-1.49,0.93,10.35","-1.5,0.9,-0.1","-13.050,56.400,10.650",0.85,0.85,0.00,0,128655,111481,9,0.97,37.496636,126.957918,28905,476,1714,40,13.03,0.00,999.00,18.1,0,195,0,1,-54,-56.9,111481,108,4,1.64,1,0,-4.39,-11.29,0
18:35:08,430.221,13858252,13858251,1,0,1,37.496647,126.957927,0.04,346.4,0,346.4,1,121.5,1,-2.33,9.47,5.05,0.9941,23.00,2.732,473617,1095836,0.051,1,346.4,"-1.46,0.43,9.35","0.3,-1.3,4.9","-14.100,55.800,11.250",0.33,1.28,0.00,0,128656,111482,9,0.97,37.496636,126.957918,28905,476,1714,40,13.03,0.00,999.00,18.1,0,195,0,1,-53,-56.1,111482,96,4,1.53,1,0,-4.39,-11.29,0
18:35:08,430.302,13858352,13858351,1,0,1,37.496647,126.957927,0.04,346.4,0,346.4,1,121.5,1,0.00,9.79,1.61,0.9958,23.23,2.734,473617,1095848,0.051,1,346.4,"-1.33,0.62,9.68","-1.2,-0.0,-1.1","-12.750,56.400,11.400",0.15,0.85,0.00,0,128657,111483,9,0.97,37.496636,126.957918,28905,476,1714,40,13.03,0.00,999.00,18.1,0,195,0,1,-53,-55.5,111483,92,4,1.44,1,0,-4.39,-11.29,0
18:35:08,430.372,13858452,13858451,1,0,1,37.496647,126.957927,0.04,346.4,0,346.4,1,121.5,1,0.00,9.17,3.62,0.9940,23.66,2.770,473617,1095860,0.051,1,346.4,"-1.41,0.50,9.05","0.6,3.3,-1.3","-12.750,57.600,11.700",0.59,0.60,0.00,0,128658,111484,9,0.97,37.496636,126.957918,28905,476,1714,40,13.03,0.00,999.00,18.1,0,195,0,1,-51,-54.6,111484,81,4,1.32,1,0,-4.39,-11.29,0
18:35:08,430.503,13858552,13858551,1,0,1,37.496647,126.957927,0.04,346.4,0,346.4,1,121.5,1,0.00,9.63,2.56,0.9952,23.98,2.775,473617,1095872,0.051,1,346.4,"-1.37,0.35,9.52","0.5,-2.5,-0.1","-12.900,57.750,12.000",0.19,0.56,0.00,0,128659,111485,9,0.97,37.496636,126.957918,28905,476,1714,40,13.03,0.00,999.00,18.1,0,195,0,1,-54,-54.5,111485,78,4,1.30,1,0,-4.39,-11.29,0
18:35:09,430.638,13858657,13858656,1,0,1,37.496646,126.957926,0.04,346.4,0,346.4,1,121.5,1,0.00,9.71,2.37,0.9955,24.19,2.756,473617,1095883,0.041,1,346.4,"-1.36,0.54,9.60","1.9,-0.8,1.2","-13.350,57.000,12.300",0.05,0.81,0.00,0,128660,111486,9,0.96,37.496634,126.957915,28906,476,1714,40,13.03,0.00,999.00,18.1,0,195,0,1,-55,-54.6,111486,82,4,1.32,1,0,-4.39,-11.29,0
18:35:09,430.659,13858758,13858757,1,0,1,37.496646,126.957926,0.04,346.4,0,346.4,1,121.5,1,-0.65,9.71,4.64,0.9968,23.16,2.734,473617,1095895,0.041,1,346.4,"-1.18,0.25,9.64","1.4,-2.8,3.4","-10.950,57.000,11.250",0.29,0.52,0.00,0,128661,111487,9,0.96,37.496634,126.957915,28906,476,1714,40,13.03,0.00,999.00,18.1,0,195,0,1,-53,-54.3,111487,79,4,1.28,1,0,-4.39,-11.29,0
18:35:09,430.733,13858859,13858858,1,0,1,37.496646,126.957926,0.04,346.4,0,346.4,1,121.5,1,0.00,9.79,4.00,0.9963,23.90,2.739,473617,1095907,0.041,1,346.4,"-1.28,0.59,9.69","0.9,-3.6,-1.6","-11.700,57.000,12.000",0.19,0.45,0.00,0,128662,111488,9,0.96,37.496634,126.957915,28906,476,1714,40,13.03,0.00,999.00,18.1,0,195,0,1,-54,-54.2,111488,75,4,1.27,1,0,-4.39,-11.29,0
18:35:09,430.867,13858960,13858959,1,0,1,37.496646,126.957926,0.04,346.4,0,346.4,1,121.5,1,-0.16,9.79,3.15,0.9953,24.08,2.802,473617,1095919,0.041,1,346.4,"-1.39,0.50,9.68","0.3,-1.6,2.7","-12.900,58.650,12.000",0.09,0.21,0.00,0,128663,111489,9,0.96,37.496634,126.957915,28906,476,1714,40,13.03,0.00,999.00,18.1,0,195,0,1,-53,-54.0,111489,57,4,1.24,1,0,-4.39,-11.29,0
18:35:09,431.068,13859061,13859060,1,0,1,37.496646,126.957926,0.04,346.4,0,346.4,1,121.5,1,0.00,9.59,2.60,0.9965,23.02,2.694,473617,1095931,0.041,1,346.4,"-1.21,0.64,9.50","2.0,-1.7,-0.2","-10.650,55.800,11.250",0.28,0.40,0.00,0,128664,111490,9,0.96,37.496634,126.957915,28906,476,1714,40,13.03,0.00,999.00,18.1,0,195,0,1,-52,-53.6,111490,65,4,1.20,1,0,-4.39,-11.29,0
18:35:09,431.169,13859263,13859262,1,0,1,37.496646,126.957926,0.04,346.4,0,346.4,1,121.5,1,0.00,9.76,2.04,0.9944,24.95,2.728,473617,1095955,0.041,1,346.4,"-1.47,0.39,9.64","1.0,1.7,-0.5","-10.950,57.000,13.050",0.12,0.21,0.00,0,128666,111492,9,0.96,37.496634,126.957915,28906,476,1714,40,13.03,0.00,999.00,18.1,0,195,0,1,-52,-53.2,111492,56,4,1.15,1,0,-4.39,-11.29,0
18:35:09,431.235,13859364,13859363,1,0,1,37.496646,126.957926,0.04,346.4,0,346.4,1,121.5,1,0.00,9.84,2.47,0.9946,23.97,2.727,473617,1095967,0.041,1,346.4,"-1.47,0.44,9.72","2.2,1.0,-0.2","-12.300,56.400,12.150",0.15,0.21,0.00,0,128667,111493,9,0.96,37.496634,126.957915,28906,476,1714,40,13.03,0.00,999.00,18.1,0,195,0,1,-53,-53.1,111493,52,4,1.15,1,0,-4.39,-11.29,0
18:35:09,431.370,13859465,13859464,1,0,1,37.496646,126.957926,0.04,346.4,0,346.4,1,121.5,1,0.00,9.46,2.28,0.9947,22.53,2.759,473617,1095979,0.041,1,346.4,"-1.39,0.51,9.35","1.3,-0.6,1.8","-13.500,56.850,10.650",0.27,0.37,0.00,0,128668,111494,9,0.96,37.496634,126.957915,28906,476,1714,40,13.03,0.00,999.00,18.1,0,195,0,1,-52,-52.9,111494,48,4,1.12,1,0,-4.39,-11.29,0
18:35:09,431.456,13859565,13859564,1,0,1,37.496646,126.957926,0.04,346.4,0,346.4,1,121.5,1,0.00,9.84,6.23,0.9975,23.27,2.756,473617,1095991,0.041,1,346.4,"-1.14,0.44,9.76","6.0,-1.5,0.8","-13.500,56.850,11.400",0.26,0.53,0.00,0,128669,111495,9,0.96,37.496634,126.957915,28906,476,1714,40,13.03,0.00,999.00,18.1,0,195,0,1,-51,-52.5,111495,42,4,1.08,1,0,-4.39,-11.29,0
18:35:10,431.745,13859670,13859669,1,0,1,37.496645,126.957925,0.03,346.4,0,346.4,1,121.5,1,0.00,9.64,4.77,0.9951,23.89,2.752,473617,1096002,0.015,1,346.4,"-1.38,0.46,9.52","2.6,-4.0,0.0","-12.900,57.000,12.000",0.09,0.28,0.00,0,128670,111496,9,0.96,37.496631,126.957913,28907,476,1714,40,13.45,0.00,999.00,17.9,0,195,0,1,-51,-52.2,111496,42,4,1.05,1,0,-4.39,-11.29,0
18:35:10,431.852,13859979,13859978,1,0,1,37.496645,126.957925,0.03,346.4,0,346.4,1,121.5,1,0.00,9.51,3.07,0.9956,25.82,2.726,473617,1096038,0.015,1,346.4,"-1.32,0.42,9.40","1.0,2.9,-0.5","-11.550,56.850,13.950",0.19,0.29,0.00,0,128673,111499,9,0.96,37.496631,126.957913,28907,476,1714,40,13.45,0.00,999.00,17.9,0,195,0,1,-51,-51.8,111499,34,4,1.01,1,0,-4.39,-11.29,0
18:35:10,432.102,13860081,13860080,1,0,1,37.496645,126.957925,0.03,346.4,0,346.4,1,121.5,1,0.00,9.51,3.81,0.9934,25.16,2.752,473617,1096050,0.015,1,346.4,"-1.51,0.34,9.39","3.8,0.5,-0.4","-11.550,57.600,13.200",0.27,0.43,0.00,0,128674,111500,9,0.96,37.496631,126.957913,28907,476,1714,40,13.45,0.00,999.00,17.9,0,195,0,1,-51,-51.6,111500,30,4,0.99,1,0,-4.39,-11.29,0
18:35:10,432.189,13860282,13860281,1,0,1,37.496645,126.957925,0.03,346.4,0,346.4,1,121.5,1,0.00,9.63,2.46,0.9947,24.41,2.759,473617,1096074,0.015,1,346.4,"-1.42,0.44,9.52","1.9,1.5,-0.6","-12.000,57.600,12.450",0.09,0.20,0.00,0,128676,111502,9,0.96,37.496631,126.957913,28907,476,1714,40,13.45,0.00,999.00,17.9,0,195,0,1,-49,-51.0,111502,21,4,0.94,1,0,-4.39,-11.29,0
18:35:10,432.258,13860390,13860389,1,0,1,37.496645,126.957925,0.03,346.4,0,346.4,1,121.5,1,0.00,9.68,3.30,0.9941,23.67,2.762,473617,1096087,0.015,1,346.4,"-1.48,0.37,9.56","2.4,-2.3,0.1","-12.000,57.600,11.700",0.14,0.14,0.00,0,128677,111503,9,0.96,37.496631,126.957913,28907,476,1714,40,13.45,0.00,999.00,17.9,0,195,0,1,-51,-51.0,111503,24,4,0.94,1,0,-4.39,-11.29,0
18:35:10,432.388,13860490,13860489,1,0,1,37.496645,126.957925,0.03,346.4,0,346.4,1,121.5,1,0.00,9.77,1.61,0.9946,24.12,2.748,473617,1096099,0.015,1,346.4,"-1.45,0.48,9.65","0.5,-1.2,0.9","-10.800,57.600,12.150",0.09,0.14,0.00,0,128678,111504,9,0.96,37.496631,126.957913,28907,476,1714,40,13.45,0.00,999.00,17.9,0,195,0,1,-53,-51.4,111504,17,4,0.97,1,0,-4.39,-11.29,0
18:35:10,432.486,13860589,13860588,1,0,1,37.496645,126.957925,0.03,346.4,0,346.4,1,121.5,1,0.00,9.67,4.40,0.9953,24.52,2.685,473617,1096111,0.015,1,346.4,"-1.37,0.55,9.55","-1.8,-3.5,-1.9","-10.200,55.800,12.750",0.10,0.11,0.00,0,128679,111505,9,0.96,37.496631,126.957913,28907,476,1714,40,13.45,0.00,999.00,17.9,0,195,0,1,-58,-52.7,111505,11,4,1.10,1,0,-4.39,-11.29,0
18:35:11,432.675,13860696,13860695,1,0,1,37.496644,126.957924,0.04,346.4,0,346.4,1,121.5,1,0.00,9.74,1.14,0.9950,25.58,2.777,473617,1096122,0.062,1,346.4,"-1.41,0.50,9.62","0.3,1.1,0.1","-10.950,58.650,13.500",0.06,0.16,0.00,0,128680,111506,9,0.96,37.496628,126.957913,28908,476,1714,40,13.45,0.00,999.00,17.9,0,195,0,1,-61,-54.4,111506,12,4,1.29,1,0,-4.39,-11.29,0
18:35:11,432.783,13860808,13860795,1,0,1,37.496644,126.957924,0.04,346.4,0,346.4,1,121.5,1,0.00,9.77,1.33,0.9953,25.00,2.797,473617,1096134,0.062,1,346.4,"-1.39,0.45,9.66","0.9,0.7,-0.7","-12.300,58.800,12.900",0.05,0.19,0.00,0,128681,111507,9,0.96,37.496628,126.957913,28908,476,1714,40,13.45,0.00,999.00,17.9,0,195,0,1,-58,-55.1,111507,19,4,1.38,1,0,-4.39,-11.29,0
18:35:11,432.905,13860912,13860899,1,0,1,37.496644,126.957924,0.04,346.4,0,346.4,1,121.5,1,0.00,9.66,3.92,0.9899,24.47,2.816,473617,1096145,0.062,1,346.4,"-1.78,0.21,9.49","3.7,0.7,-1.2","-12.150,59.400,12.300",0.50,0.53,0.00,0,128682,111508,9,0.96,37.496628,126.957913,28908,476,1714,40,13.45,0.00,999.00,17.9,0,195,0,1,-59,-55.9,111508,17,4,1.49,1,0,-4.39,-11.29,0
18:35:11,433.008,13861016,13861003,1,0,1,37.496644,126.957924,0.04,346.4,0,346.4,1,121.5,1,0.00,9.82,2.54,0.9954,24.48,2.757,473617,1096156,0.062,1,346.4,"-1.37,0.65,9.71","2.4,-0.3,0.9","-10.500,58.050,12.450",0.23,0.72,0.00,0,128683,111509,9,0.96,37.496628,126.957913,28908,476,1714,40,13.45,0.00,999.00,17.9,0,195,0,1,-56,-55.9,111509,16,4,1.49,1,0,-4.39,-11.29,0
18:35:11,433.075,13861120,13861107,1,0,1,37.496644,126.957924,0.04,346.4,0,346.4,1,121.5,1,0.00,9.71,3.37,0.9985,22.24,2.773,473617,1096167,0.062,1,346.4,"-0.95,0.63,9.64","0.6,-0.7,-3.2","-11.250,58.050,10.200",0.45,0.52,0.00,0,128684,111510,9,0.96,37.496628,126.957913,28908,476,1714,40,13.45,0.00,999.00,17.9,0,195,0,1,-56,-55.9,111510,14,4,1.49,1,0,-4.39,-11.29,0
18:35:11,433.170,13861223,13861210,1,0,1,37.496644,126.957924,0.04,346.4,0,346.4,1,121.5,1,0.00,9.54,3.37,0.9921,23.62,2.743,473617,1096178,0.062,1,346.4,"-1.61,0.28,9.40","2.8,1.5,-1.3","-11.550,57.150,11.700",0.36,0.67,0.00,0,128685,111511,9,0.96,37.496628,126.957913,28908,476,1714,40,13.45,0.00,999.00,17.9,0,195,0,1,-63,-57.3,111511,15,4,1.71,1,0,-4.39,-11.29,0
18:35:11,433.294,13861326,13861313,1,0,1,37.496644,126.957924,0.04,346.4,0,346.4,1,121.5,1,0.00,9.68,6.13,0.9978,24.86,2.761,473617,1096189,0.062,1,346.4,"-1.04,0.26,9.62","6.1,0.1,0.8","-12.300,57.600,12.900",0.36,0.44,0.00,0,128686,111512,9,0.96,37.496628,126.957913,28908,476,1714,40,13.45,0.00,999.00,17.9,0,195,0,1,-60,-57.9,111512,13,4,1.80,1,0,-4.39,-11.29,0
18:35:11,433.505,13861429,13861416,1,0,1,37.496644,126.957924,0.04,346.4,0,346.4,1,121.5,1,0.00,9.99,8.97,0.9954,22.50,2.760,473617,1096200,0.062,1,346.4,"-1.29,0.94,9.86","4.8,7.6,0.4","-10.950,57.750,10.500",0.55,1.40,0.00,0,128687,111513,9,0.96,37.496628,126.957913,28908,476,1714,40,13.45,0.00,999.00,17.9,0,195,0,1,-59,-58.1,111513,13,4,1.84,1,0,-4.39,-11.29,0
18:35:12,433.708,13861727,13861726,1,0,1,37.496642,126.957923,0.02,346.4,0,346.4,1,121.7,1,0.00,9.68,4.30,0.9918,23.70,2.821,473617,1096234,0.005,1,346.4,"-1.66,0.66,9.51","0.5,4.2,-0.8","-9.600,60.300,11.400",0.25,1.24,0.00,0,128690,111515,9,0.96,37.496628,126.957911,28909,476,1714,40,13.42,0.00,999.00,15.1,0,195,0,1,-54,-57.4,111515,100,4,1.72,1,0,-4.39,-11.29,0
18:35:12,433.835,13861929,13861928,1,0,1,37.496642,126.957923,0.02,346.4,0,346.4,1,121.7,1,0.00,9.70,4.07,0.9904,23.47,2.770,473617,1096258,0.005,1,346.4,"-1.73,0.81,9.51","1.7,-3.6,-0.8","-10.500,58.350,11.400",0.32,0.53,0.00,0,128692,111517,9,0.96,37.496628,126.957911,28909,476,1714,40,12.99,0.00,999.00,15.1,0,195,0,1,-55,-57.5,111517,84,4,1.74,1,0,-4.39,-11.29,0
19:04:12,2173.813,13862031,13862030,1,0,1,37.496642,126.957923,0.02,346.4,0,346.4,1,121.7,1,0.00,9.42,2.25,0.9920,23.95,2.820,473617,1096270,0.005,1,346.4,"-1.50,0.96,9.25","1.4,-0.2,-1.8","-10.500,60.000,11.700",0.44,2.00,0.00,0,128693,111518,9,0.96,37.496628,126.957911,28909,476,1714,40,12.99,0.00,999.00,15.1,0,195,0,1,-61,-58.2,111518,76,4,1.86,1,0,-4.39,-11.29,0
