17:59:55  시각ms:769408
17:59:55  IMU시각ms:769408
17:59:55  위험:0
17:59:55  GPS유효:1
17:59:55  위도:37.496437
17:59:55  경도:126.958054
17:59:55  속도:0.048
17:59:55  방향:167.4
17:59:55  GPS원시속도:0.026
17:59:55  GPS원시방향유효:1
17:59:55  GPS원시방향:167.4
17:59:55  가속도:5.583,4.022,6.785
17:59:55  자이로:-0.924,0.725,0.412
17:59:55  자력계:-32.700,47.850,13.650
17:59:55  송신:7517
17:59:55  GPS위성:7
17:59:55  GPS_HDOP:1.26
17:59:55  원시위도:37.496440
17:59:55  원시경도:126.958055
17:59:55  GPS채택:1429
17:59:55  GPS이상치거부:0
17:59:55  GPS품질거부:1
17:59:55  GPS재기준:0
17:59:55  RSSI원시:-69
17:59:55  RSSI평활:-68.1
17:59:55  RSSI샘플:14210
17:59:55  RSSI경과ms:54
17:59:55  차량수신:6976
17:59:55  시각ms:769430
17:59:55  IMU시각ms:769430
17:59:55  위험:0
17:59:55  GPS유효:1
17:59:55  위도:37.496437
17:59:55  경도:126.958054
17:59:55  속도:0.048
17:59:55  방향:167.4
17:59:55  GPS원시속도:0.026
17:59:55  GPS원시방향유효:1
17:59:55  GPS원시방향:167.4
17:59:55  가속도:5.545,4.137,6.651
17:59:55  자이로:-0.840,-2.733,2.481
17:59:55  자력계:-34.650,49.350,15.450
17:59:55  송신:7517
17:59:55  GPS위성:7
17:59:55  GPS_HDOP:1.26
17:59:55  원시위도:37.496440
17:59:55  원시경도:126.958055
17:59:55  GPS채택:1429
17:59:55  GPS이상치거부:0
17:59:55  GPS품질거부:1
17:59:55  GPS재기준:0
17:59:55  RSSI원시:-69
17:59:55  RSSI평활:-68.1
17:59:55  RSSI샘플:14210
17:59:55  RSSI경과ms:76
17:59:55  차량수신:6976
17:59:55  시각ms:769463
17:59:55  IMU시각ms:769463
17:59:55  위험:0
17:59:55  GPS유효:1
17:59:55  위도:37.496437
17:59:55  경도:126.958054
17:59:55  속도:0.048
17:59:55  방향:167.4
17:59:55  GPS원시속도:0.026
17:59:55  GPS원시방향유효:1
17:59:55  GPS원시방향:167.4
17:59:55  가속도:5.492,4.075,6.579
17:59:55  자이로:-2.573,-2.153,0.725
17:59:55  자력계:-33.750,47.550,14.550
17:59:55  송신:7518
17:59:55  GPS위성:7
17:59:55  GPS_HDOP:1.26
17:59:55  원시위도:37.496440
17:59:55  원시경도:126.958055
17:59:55  GPS채택:1429
17:59:55  GPS이상치거부:0
17:59:55  GPS품질거부:1
17:59:55  GPS재기준:0
17:59:55  RSSI원시:-69
17:59:55  RSSI평활:-68.3
17:59:55  RSSI샘플:14212
17:59:55  RSSI경과ms:7
17:59:55  차량수신:6977
17:59:55  시각ms:769485
17:59:55  IMU시각ms:769485
17:59:55  위험:0
17:59:55  GPS유효:1
17:59:55  위도:37.496437
17:59:55  경도:126.958054
17:59:55  속도:0.048
17:59:55  방향:167.4
17:59:55  GPS원시속도:0.026
17:59:55  GPS원시방향유효:1
17:59:55  GPS원시방향:167.4
17:59:55  가속도:5.684,4.065,6.565
17:59:55  자이로:0.382,-2.550,1.298
17:59:55  자력계:-34.050,49.200,16.350
17:59:55  송신:7518
17:59:55  GPS위성:7
17:59:55  GPS_HDOP:1.26
17:59:55  원시위도:37.496440
17:59:55  원시경도:126.958055
17:59:55  GPS채택:1429
17:59:55  GPS이상치거부:0
17:59:55  GPS품질거부:1
17:59:55  GPS재기준:0
17:59:55  RSSI원시:-69
17:59:55  RSSI평활:-68.3
17:59:55  RSSI샘플:14212
17:59:55  RSSI경과ms:29
17:59:55  차량수신:6977
17:59:55  시각ms:769507
17:59:55  IMU시각ms:769507
17:59:55  위험:0
17:59:55  GPS유효:1
17:59:55  위도:37.496437
17:59:55  경도:126.958054
17:59:55  속도:0.048
17:59:55  방향:167.4
17:59:55  GPS원시속도:0.026
17:59:55  GPS원시방향유효:1
17:59:55  GPS원시방향:167.4
17:59:55  가속도:5.602,4.123,6.541
17:59:55  자이로:-1.481,-1.458,-1.672
17:59:55  자력계:-34.650,49.350,16.200
17:59:55  송신:7518
17:59:55  GPS위성:7
17:59:55  GPS_HDOP:1.26
17:59:55  원시위도:37.496440
17:59:55  원시경도:126.958055
17:59:55  GPS채택:1429
17:59:55  GPS이상치거부:0
17:59:55  GPS품질거부:1
17:59:55  GPS재기준:0
17:59:55  RSSI원시:-69
17:59:55  RSSI평활:-68.3
17:59:55  RSSI샘플:14212
17:59:55  RSSI경과ms:51
17:59:55  차량수신:6977
17:59:55  시각ms:769529
17:59:55  IMU시각ms:769529
17:59:55  위험:0
17:59:55  GPS유효:1
17:59:55  위도:37.496437
17:59:55  경도:126.958054
17:59:55  속도:0.048
17:59:55  방향:167.4
17:59:55  GPS원시속도:0.026
17:59:55  GPS원시방향유효:1
17:59:55  GPS원시방향:167.4
17:59:55  가속도:5.545,4.132,6.546
17:59:55  자이로:-0.466,2.496,0.542
17:59:55  자력계:-33.150,48.150,15.450
17:59:55  송신:7518
17:59:55  GPS위성:7
17:59:55  GPS_HDOP:1.26
17:59:55  원시위도:37.496440
17:59:55  원시경도:126.958055
17:59:55  GPS채택:1429
17:59:55  GPS이상치거부:0
17:59:55  GPS품질거부:1
17:59:55  GPS재기준:0
17:59:55  RSSI원시:-69
17:59:55  RSSI평활:-68.3
17:59:55  RSSI샘플:14212
17:59:55  RSSI경과ms:73
17:59:55  차량수신:6977
17:59:56  시각ms:769571
17:59:56  IMU시각ms:769571
17:59:56  위험:0
17:59:56  GPS유효:1
17:59:56  위도:37.496437
17:59:56  경도:126.958054
17:59:56  속도:0.048
17:59:56  방향:167.4
17:59:56  GPS원시속도:0.026
17:59:56  GPS원시방향유효:1
17:59:56  GPS원시방향:167.4
17:59:56  가속도:5.478,4.228,6.488
17:59:56  자이로:1.015,-2.008,-1.458
17:59:56  자력계:-33.150,47.850,14.700
17:59:56  송신:7519
17:59:56  GPS위성:7
17:59:56  GPS_HDOP:1.26
17:59:56  원시위도:37.496440
17:59:56  원시경도:126.958055
17:59:56  GPS채택:1429
17:59:56  GPS이상치거부:0
17:59:56  GPS품질거부:1
17:59:56  GPS재기준:0
17:59:56  RSSI원시:-68
17:59:56  RSSI평활:-68.3
17:59:56  RSSI샘플:14214
17:59:56  RSSI경과ms:6
17:59:56  차량수신:6978
17:59:56  시각ms:769874
17:59:56  IMU시각ms:769874
17:59:56  위험:0
17:59:56  GPS유효:1
17:59:56  위도:37.496445
17:59:56  경도:126.958054
17:59:56  속도:0.035
17:59:56  방향:167.4
17:59:56  GPS원시속도:0.026
17:59:56  GPS원시방향유효:1
17:59:56  GPS원시방향:167.4
17:59:56  가속도:5.583,4.113,6.541
17:59:56  자이로:-1.092,-1.534,0.206
17:59:56  자력계:-32.400,49.650,15.900
17:59:56  송신:7522
17:59:56  GPS위성:7
17:59:56  GPS_HDOP:1.26
17:59:56  원시위도:37.496447
17:59:56  원시경도:126.958047
17:59:56  GPS채택:1431
17:59:56  GPS이상치거부:0
17:59:56  GPS품질거부:1
17:59:56  GPS재기준:0
17:59:56  RSSI원시:-69
17:59:56  RSSI평활:-68.6
17:59:56  RSSI샘플:14220
17:59:56  RSSI경과ms:2
17:59:56  차량수신:6981
17:59:56  시각ms:769917
17:59:56  IMU시각ms:769917
17:59:56  위험:0
17:59:56  GPS유효:1
17:59:56  위도:37.496445
17:59:56  경도:126.958054
17:59:56  속도:0.035
17:59:56  방향:167.4
17:59:56  GPS원시속도:0.026
17:59:56  GPS원시방향유효:1
17:59:56  GPS원시방향:167.4
17:59:56  가속도:5.430,4.128,6.445
17:59:56  자이로:-0.710,-3.137,1.992
17:59:56  자력계:-33.300,48.000,14.550
17:59:56  송신:7522
17:59:56  GPS위성:7
17:59:56  GPS_HDOP:1.26
17:59:56  원시위도:37.496447
17:59:56  원시경도:126.958047
17:59:56  GPS채택:1431
17:59:56  GPS이상치거부:0
17:59:56  GPS품질거부:1
17:59:56  GPS재기준:0
17:59:56  RSSI원시:-69
17:59:56  RSSI평활:-68.6
17:59:56  RSSI샘플:14220
17:59:56  RSSI경과ms:45
17:59:56  차량수신:6981
17:59:56  시각ms:769939
17:59:56  IMU시각ms:769939
17:59:56  위험:0
17:59:56  GPS유효:1
17:59:56  위도:37.496445
17:59:56  경도:126.958054
17:59:56  속도:0.035
17:59:56  방향:167.4
17:59:56  GPS원시속도:0.026
17:59:56  GPS원시방향유효:1
17:59:56  GPS원시방향:167.4
17:59:56  가속도:5.473,4.190,6.594
17:59:56  자이로:-0.084,-0.817,-2.573
17:59:56  자력계:-34.500,48.000,16.350
17:59:56  송신:7522
17:59:56  GPS위성:7
17:59:56  GPS_HDOP:1.26
17:59:56  원시위도:37.496447
17:59:56  원시경도:126.958047
17:59:56  GPS채택:1431
17:59:56  GPS이상치거부:0
17:59:56  GPS품질거부:1
17:59:56  GPS재기준:0
17:59:56  RSSI원시:-69
17:59:56  RSSI평활:-68.6
17:59:56  RSSI샘플:14220
17:59:56  RSSI경과ms:67
17:59:56  차량수신:6981
17:59:56  시각ms:770017
17:59:56  IMU시각ms:770017
17:59:56  위험:0
17:59:56  GPS유효:1
17:59:56  위도:37.496445
17:59:56  경도:126.958054
17:59:56  속도:0.035
17:59:56  방향:167.4
17:59:56  GPS원시속도:0.026
17:59:56  GPS원시방향유효:1
17:59:56  GPS원시방향:167.4
17:59:56  가속도:5.497,4.295,6.642
17:59:56  자이로:-3.519,3.359,-1.817
17:59:56  자력계:-32.550,48.000,14.850
17:59:56  송신:7523
17:59:56  GPS위성:7
17:59:56  GPS_HDOP:1.26
17:59:56  원시위도:37.496447
17:59:56  원시경도:126.958047
17:59:56  GPS채택:1431
17:59:56  GPS이상치거부:0
17:59:56  GPS품질거부:1
17:59:56  GPS재기준:0
17:59:56  RSSI원시:-68
17:59:56  RSSI평활:-68.5
17:59:56  RSSI샘플:14222
17:59:56  RSSI경과ms:52
17:59:56  차량수신:6982
17:59:56  시각ms:770039
17:59:56  IMU시각ms:770039
17:59:56  위험:0
17:59:56  GPS유효:1
17:59:56  위도:37.496445
17:59:56  경도:126.958054
17:59:56  속도:0.035
17:59:56  방향:167.4
17:59:56  GPS원시속도:0.026
17:59:56  GPS원시방향유효:1
17:59:56  GPS원시방향:167.4
17:59:56  가속도:5.550,4.214,6.579
17:59:56  자이로:-1.427,-2.824,0.832
17:59:56  자력계:-33.300,48.300,14.850
17:59:56  송신:7523
17:59:56  GPS위성:7
17:59:56  GPS_HDOP:1.26
17:59:56  원시위도:37.496447
17:59:56  원시경도:126.958047
17:59:56  GPS채택:1431
17:59:56  GPS이상치거부:0
17:59:56  GPS품질거부:1
17:59:56  GPS재기준:0
17:59:56  RSSI원시:-68
17:59:56  RSSI평활:-68.5
17:59:56  RSSI샘플:14222
17:59:56  RSSI경과ms:74
17:59:56  차량수신:6982
17:59:56  시각ms:770074
17:59:56  IMU시각ms:770074
17:59:56  위험:0
17:59:56  GPS유효:1
17:59:56  위도:37.496445
17:59:56  경도:126.958054
17:59:56  속도:0.035
17:59:56  방향:167.4
17:59:56  GPS원시속도:0.026
17:59:56  GPS원시방향유효:1
17:59:56  GPS원시방향:167.4
17:59:56  가속도:5.483,4.190,6.455
17:59:56  자이로:-1.275,-0.870,0.298
17:59:56  자력계:-34.200,47.400,14.700
17:59:56  송신:7524
17:59:56  GPS위성:7
17:59:56  GPS_HDOP:1.26
17:59:56  원시위도:37.496447
17:59:56  원시경도:126.958047
17:59:56  GPS채택:1431
17:59:56  GPS이상치거부:0
17:59:56  GPS품질거부:1
17:59:56  GPS재기준:0
17:59:56  RSSI원시:-68
17:59:56  RSSI평활:-68.2
17:59:56  RSSI샘플:14224
17:59:56  RSSI경과ms:4
17:59:56  차량수신:6983
17:59:56  시각ms:770095
17:59:56  IMU시각ms:770095
17:59:56  위험:0
17:59:56  GPS유효:1
17:59:56  위도:37.496445
17:59:56  경도:126.958054
17:59:56  속도:0.035
17:59:56  방향:167.4
17:59:56  GPS원시속도:0.026
17:59:56  GPS원시방향유효:1
17:59:56  GPS원시방향:167.4
17:59:56  가속도:5.612,4.190,6.541
17:59:56  자이로:-1.000,0.977,-1.160
17:59:56  자력계:-32.700,48.600,14.700
17:59:56  송신:7524
17:59:56  GPS위성:7
17:59:56  GPS_HDOP:1.26
17:59:56  원시위도:37.496447
17:59:56  원시경도:126.958047
17:59:56  GPS채택:1431
17:59:56  GPS이상치거부:0
17:59:56  GPS품질거부:1
17:59:56  GPS재기준:0
17:59:56  RSSI원시:-68
17:59:56  RSSI평활:-68.2
17:59:56  RSSI샘플:14224
17:59:56  RSSI경과ms:25
17:59:56  차량수신:6983
17:59:56  시각ms:770117
17:59:56  IMU시각ms:770117
17:59:56  위험:0
17:59:56  GPS유효:1
17:59:56  위도:37.496445
17:59:56  경도:126.958054
17:59:56  속도:0.035
17:59:56  방향:167.4
17:59:56  GPS원시속도:0.026
17:59:56  GPS원시방향유효:1
17:59:56  GPS원시방향:167.4
17:59:56  가속도:5.674,4.132,6.594
17:59:56  자이로:-2.076,-0.046,0.237
17:59:56  자력계:-33.300,49.200,14.850
17:59:56  송신:7524
17:59:56  GPS위성:7
17:59:56  GPS_HDOP:1.26
17:59:56  원시위도:37.496447
17:59:56  원시경도:126.958047
17:59:56  GPS채택:1431
17:59:56  GPS이상치거부:0
17:59:56  GPS품질거부:1
17:59:56  GPS재기준:0
17:59:56  RSSI원시:-68
17:59:56  RSSI평활:-68.2
17:59:56  RSSI샘플:14224
17:59:56  RSSI경과ms:47
17:59:56  차량수신:6983
17:59:56  시각ms:770217
17:59:56  IMU시각ms:770217
17:59:56  위험:0
17:59:56  GPS유효:1
17:59:56  위도:37.496445
17:59:56  경도:126.958054
17:59:56  속도:0.035
17:59:56  방향:167.4
17:59:56  GPS원시속도:0.026
17:59:56  GPS원시방향유효:1
17:59:56  GPS원시방향:167.4
17:59:56  가속도:5.588,4.152,6.555
17:59:56  자이로:0.534,1.740,-1.481
17:59:56  자력계:-33.150,48.150,16.200
17:59:56  송신:7525
17:59:56  GPS위성:7
17:59:56  GPS_HDOP:1.26
17:59:56  원시위도:37.496447
17:59:56  원시경도:126.958047
17:59:56  GPS채택:1431
17:59:56  GPS이상치거부:0
17:59:56  GPS품질거부:1
17:59:56  GPS재기준:0
17:59:56  RSSI원시:-69
17:59:56  RSSI평활:-68.3
17:59:56  RSSI샘플:14226
17:59:56  RSSI경과ms:58
17:59:56  차량수신:6984
17:59:56  시각ms:770239
17:59:56  IMU시각ms:770239
17:59:56  위험:0
17:59:56  GPS유효:1
17:59:56  위도:37.496445
17:59:56  경도:126.958054
17:59:56  속도:0.035
17:59:56  방향:167.4
17:59:56  GPS원시속도:0.026
17:59:56  GPS원시방향유효:1
17:59:56  GPS원시방향:167.4
17:59:56  가속도:5.507,4.314,6.479
17:59:56  자이로:1.565,0.931,0.519
17:59:56  자력계:-34.200,50.100,13.650
17:59:56  송신:7525
17:59:56  GPS위성:7
17:59:56  GPS_HDOP:1.26
17:59:56  원시위도:37.496447
17:59:56  원시경도:126.958047
17:59:56  GPS채택:1431
17:59:56  GPS이상치거부:0
17:59:56  GPS품질거부:1
17:59:56  GPS재기준:0
17:59:56  RSSI원시:-69
17:59:56  RSSI평활:-68.3
17:59:56  RSSI샘플:14226
17:59:56  RSSI경과ms:80
17:59:56  차량수신:6984
17:59:56  시각ms:770273
17:59:56  IMU시각ms:770273
17:59:56  위험:0
17:59:56  GPS유효:1
17:59:56  위도:37.496445
17:59:56  경도:126.958054
17:59:56  속도:0.035
17:59:56  방향:167.4
17:59:56  GPS원시속도:0.026
17:59:56  GPS원시방향유효:1
17:59:56  GPS원시방향:167.4
17:59:56  가속도:5.310,4.386,6.541
17:59:56  자이로:4.115,2.962,-2.427
17:59:56  자력계:-32.400,49.650,16.200
17:59:56  송신:7526
17:59:56  GPS위성:7
17:59:56  GPS_HDOP:1.26
17:59:56  원시위도:37.496447
17:59:56  원시경도:126.958047
17:59:56  GPS채택:1431
17:59:56  GPS이상치거부:0
17:59:56  GPS품질거부:1
17:59:56  GPS재기준:0
17:59:56  RSSI원시:-69
17:59:56  RSSI평활:-68.4
17:59:56  RSSI샘플:14228
17:59:56  RSSI경과ms:9
17:59:56  차량수신:6985
17:59:56  시각ms:770295
17:59:56  IMU시각ms:770295
17:59:56  위험:0
17:59:56  GPS유효:1
17:59:56  위도:37.496445
17:59:56  경도:126.958054
17:59:56  속도:0.035
17:59:56  방향:167.4
17:59:56  GPS원시속도:0.026
17:59:56  GPS원시방향유효:1
17:59:56  GPS원시방향:167.4
17:59:56  가속도:5.344,4.463,6.843
17:59:56  자이로:7.557,5.489,-0.267
17:59:56  자력계:-33.300,48.750,14.250
17:59:56  송신:7526
17:59:56  GPS위성:7
17:59:56  GPS_HDOP:1.26
17:59:56  원시위도:37.496447
17:59:56  원시경도:126.958047
17:59:56  GPS채택:1431
17:59:56  GPS이상치거부:0
17:59:56  GPS품질거부:1
17:59:56  GPS재기준:0
17:59:56  RSSI원시:-69
17:59:56  RSSI평활:-68.4
17:59:56  RSSI샘플:14228
17:59:56  RSSI경과ms:31
17:59:56  차량수신:6985
17:59:56  시각ms:770317
17:59:56  IMU시각ms:770317
17:59:56  위험:0
17:59:56  GPS유효:1
17:59:56  위도:37.496445
17:59:56  경도:126.958054
17:59:56  속도:0.035
17:59:56  방향:167.4
17:59:56  GPS원시속도:0.026
17:59:56  GPS원시방향유효:1
17:59:56  GPS원시방향:167.4
17:59:56  가속도:5.306,4.563,7.302
17:59:56  자이로:10.855,7.313,-0.176
17:59:56  자력계:-33.300,47.550,14.250
17:59:56  송신:7526
17:59:56  GPS위성:7
17:59:56  GPS_HDOP:1.26
17:59:56  원시위도:37.496447
17:59:56  원시경도:126.958047
17:59:56  GPS채택:1431
17:59:56  GPS이상치거부:0
17:59:56  GPS품질거부:1
17:59:56  GPS재기준:0
17:59:56  RSSI원시:-69
17:59:56  RSSI평활:-68.4
17:59:56  RSSI샘플:14228
17:59:56  RSSI경과ms:53
17:59:56  차량수신:6985
17:59:56  시각ms:770339
17:59:56  IMU시각ms:770339
17:59:56  위험:0
17:59:56  GPS유효:1
17:59:56  위도:37.496445
17:59:56  경도:126.958054
17:59:56  속도:0.035
17:59:56  방향:167.4
17:59:56  GPS원시속도:0.026
17:59:56  GPS원시방향유효:1
17:59:56  GPS원시방향:167.4
17:59:56  가속도:5.205,4.573,7.331
17:59:56  자이로:17.695,10.519,0.214
17:59:56  자력계:-32.400,48.150,15.150
17:59:56  송신:7526
17:59:56  GPS위성:7
17:59:56  GPS_HDOP:1.26
17:59:56  원시위도:37.496447
17:59:56  원시경도:126.958047
17:59:56  GPS채택:1431
17:59:56  GPS이상치거부:0
17:59:56  GPS품질거부:1
17:59:56  GPS재기준:0
17:59:56  RSSI원시:-69
17:59:56  RSSI평활:-68.4
17:59:56  RSSI샘플:14228
17:59:56  RSSI경과ms:75
17:59:56  차량수신:6985
17:59:56  시각ms:770372
17:59:56  IMU시각ms:770372
17:59:56  위험:0
17:59:56  GPS유효:1
17:59:56  위도:37.496445
17:59:56  경도:126.958046
17:59:56  속도:0.035
17:59:56  방향:167.4
17:59:56  GPS원시속도:0.026
17:59:56  GPS원시방향유효:1
17:59:56  GPS원시방향:167.4
17:59:56  가속도:5.511,4.247,6.661
17:59:56  자이로:28.115,17.557,0.229
17:59:56  자력계:-32.700,50.100,14.400
17:59:56  송신:7527
17:59:56  GPS위성:7
17:59:56  GPS_HDOP:1.26
17:59:56  원시위도:37.496447
17:59:56  원시경도:126.958047
17:59:56  GPS채택:1431
17:59:56  GPS이상치거부:0
17:59:56  GPS품질거부:1
17:59:56  GPS재기준:0
17:59:56  RSSI원시:-68
17:59:56  RSSI평활:-68.3
17:59:56  RSSI샘플:14230
17:59:56  RSSI경과ms:6
17:59:56  차량수신:6986
17:59:56  시각ms:770394
17:59:56  IMU시각ms:770394
17:59:56  위험:0
17:59:56  GPS유효:1
17:59:56  위도:37.496445
17:59:56  경도:126.958046
17:59:56  속도:0.035
17:59:56  방향:167.4
17:59:56  GPS원시속도:0.026
17:59:56  GPS원시방향유효:1
17:59:56  GPS원시방향:167.4
17:59:56  가속도:5.349,4.199,5.952
17:59:56  자이로:35.298,22.458,3.351
17:59:56  자력계:-30.000,49.200,14.250
17:59:56  송신:7527
17:59:56  GPS위성:7
17:59:56  GPS_HDOP:1.26
17:59:56  원시위도:37.496447
17:59:56  원시경도:126.958047
17:59:56  GPS채택:1431
17:59:56  GPS이상치거부:0
17:59:56  GPS품질거부:1
17:59:56  GPS재기준:0
17:59:56  RSSI원시:-68
17:59:56  RSSI평활:-68.3
17:59:56  RSSI샘플:14230
17:59:56  RSSI경과ms:28
17:59:56  차량수신:6986
17:59:56  시각ms:770438
17:59:56  IMU시각ms:770438
17:59:56  위험:0
17:59:56  GPS유효:1
17:59:56  위도:37.496445
17:59:56  경도:126.958046
17:59:56  속도:0.035
17:59:56  방향:167.4
17:59:56  GPS원시속도:0.026
17:59:56  GPS원시방향유효:1
17:59:56  GPS원시방향:167.4
17:59:56  가속도:5.329,4.257,7.695
17:59:56  자이로:43.947,30.901,-1.115
17:59:56  자력계:-31.650,51.600,15.150
17:59:56  송신:7527
17:59:56  GPS위성:7
17:59:56  GPS_HDOP:1.26
17:59:56  원시위도:37.496447
17:59:56  원시경도:126.958047
17:59:56  GPS채택:1431
17:59:56  GPS이상치거부:0
17:59:56  GPS품질거부:1
17:59:56  GPS재기준:0
17:59:56  RSSI원시:-68
17:59:56  RSSI평활:-68.3
17:59:56  RSSI샘플:14230
17:59:56  RSSI경과ms:72
17:59:56  차량수신:6986
17:59:57  시각ms:770524
17:59:57  IMU시각ms:770524
17:59:57  위험:0
17:59:57  GPS유효:1
17:59:57  위도:37.496445
17:59:57  경도:126.958046
17:59:57  속도:0.035
17:59:57  방향:167.4
17:59:57  GPS원시속도:0.026
17:59:57  GPS원시방향유효:1
17:59:57  GPS원시방향:167.4
17:59:57  가속도:-7.681,17.621,-7.317
17:59:57  자이로:-56.885,48.351,-11.740
17:59:57  자력계:-29.700,53.550,14.700
17:59:57  송신:7528
17:59:57  GPS위성:7
17:59:57  GPS_HDOP:1.26
17:59:57  원시위도:37.496447
17:59:57  원시경도:126.958047
17:59:57  GPS채택:1431
17:59:57  GPS이상치거부:0
17:59:57  GPS품질거부:1
17:59:57  GPS재기준:0
17:59:57  RSSI원시:-71
17:59:57  RSSI평활:-69.6
17:59:57  RSSI샘플:14232
17:59:57  RSSI경과ms:53
17:59:57  차량수신:6987
17:59:57  시각ms:770546
17:59:57  IMU시각ms:770546
17:59:57  위험:0
17:59:57  GPS유효:1
17:59:57  위도:37.496445
17:59:57  경도:126.958046
17:59:57  속도:0.035
17:59:57  방향:167.4
17:59:57  GPS원시속도:0.026
17:59:57  GPS원시방향유효:1
17:59:57  GPS원시방향:167.4
17:59:57  가속도:11.444,6.191,19.182
17:59:57  자이로:-11.160,-11.611,20.038
17:59:57  자력계:-27.900,52.050,16.200
17:59:57  송신:7528
17:59:57  GPS위성:7
17:59:57  GPS_HDOP:1.26
17:59:57  원시위도:37.496447
17:59:57  원시경도:126.958047
17:59:57  GPS채택:1431
17:59:57  GPS이상치거부:0
17:59:57  GPS품질거부:1
17:59:57  GPS재기준:0
17:59:57  RSSI원시:-71
17:59:57  RSSI평활:-69.6
17:59:57  RSSI샘플:14232
17:59:57  RSSI경과ms:75
17:59:57  차량수신:6987
17:59:57  시각ms:770580
17:59:57  IMU시각ms:770580
17:59:57  위험:0
17:59:57  GPS유효:1
17:59:57  위도:37.496445
17:59:57  경도:126.958046
17:59:57  속도:0.035
17:59:57  방향:167.4
17:59:57  GPS원시속도:0.026
17:59:57  GPS원시방향유효:1
17:59:57  GPS원시방향:167.4
17:59:57  가속도:5.602,4.453,8.672
17:59:57  자이로:-12.008,18.282,11.550
17:59:57  자력계:-30.000,51.750,17.550
17:59:57  송신:7529
17:59:57  GPS위성:7
17:59:57  GPS_HDOP:1.26
17:59:57  원시위도:37.496447
17:59:57  원시경도:126.958047
17:59:57  GPS채택:1431
17:59:57  GPS이상치거부:0
17:59:57  GPS품질거부:1
17:59:57  GPS재기준:0
17:59:57  RSSI원시:-69
17:59:57  RSSI평활:-69.4
17:59:57  RSSI샘플:14234
17:59:57  RSSI경과ms:8
17:59:57  차량수신:6988
17:59:57  시각ms:770602
17:59:57  IMU시각ms:770602
17:59:57  위험:0
17:59:57  GPS유효:1
17:59:57  위도:37.496445
17:59:57  경도:126.958046
17:59:57  속도:0.035
17:59:57  방향:167.4
17:59:57  GPS원시속도:0.026
17:59:57  GPS원시방향유효:1
17:59:57  GPS원시방향:167.4
17:59:57  가속도:4.640,1.796,4.266
17:59:57  자이로:22.168,50.504,8.328
17:59:57  자력계:-28.500,51.750,12.300
17:59:57  송신:7529
17:59:57  GPS위성:7
17:59:57  GPS_HDOP:1.26
17:59:57  원시위도:37.496447
17:59:57  원시경도:126.958047
17:59:57  GPS채택:1431
17:59:57  GPS이상치거부:0
17:59:57  GPS품질거부:1
17:59:57  GPS재기준:0
17:59:57  RSSI원시:-69
17:59:57  RSSI평활:-69.4
17:59:57  RSSI샘플:14234
17:59:57  RSSI경과ms:30
17:59:57  차량수신:6988
17:59:57  시각ms:770702
17:59:57  IMU시각ms:770702
17:59:57  위험:0
17:59:57  GPS유효:1
17:59:57  위도:37.496449
17:59:57  경도:126.958046
17:59:57  속도:0.026
17:59:57  방향:167.4
17:59:57  GPS원시속도:0.010
17:59:57  GPS원시방향유효:1
17:59:57  GPS원시방향:167.4
17:59:57  가속도:1.839,2.902,5.564
17:59:57  자이로:47.809,54.565,-35.656
17:59:57  자력계:-19.950,57.000,14.700
17:59:57  송신:7530
17:59:57  GPS위성:7
17:59:57  GPS_HDOP:1.26
17:59:57  원시위도:37.496453
17:59:57  원시경도:126.958040
17:59:57  GPS채택:1432
17:59:57  GPS이상치거부:0
17:59:57  GPS품질거부:1
17:59:57  GPS재기준:0
17:59:57  RSSI원시:-76
17:59:57  RSSI평활:-71.8
17:59:57  RSSI샘플:14236
17:59:57  RSSI경과ms:29
17:59:57  차량수신:6989
17:59:57  시각ms:770724
17:59:57  IMU시각ms:770724
17:59:57  위험:0
17:59:57  GPS유효:1
17:59:57  위도:37.496449
17:59:57  경도:126.958046
17:59:57  속도:0.026
17:59:57  방향:167.4
17:59:57  GPS원시속도:0.010
17:59:57  GPS원시방향유효:1
17:59:57  GPS원시방향:167.4
17:59:57  가속도:4.927,1.748,8.873
17:59:57  자이로:32.351,19.947,-34.466
17:59:57  자력계:-22.050,57.150,16.050
17:59:57  송신:7530
17:59:57  GPS위성:7
17:59:57  GPS_HDOP:1.26
17:59:57  원시위도:37.496453
17:59:57  원시경도:126.958040
17:59:57  GPS채택:1432
17:59:57  GPS이상치거부:0
17:59:57  GPS품질거부:1
17:59:57  GPS재기준:0
17:59:57  RSSI원시:-76
17:59:57  RSSI평활:-71.8
17:59:57  RSSI샘플:14236
17:59:57  RSSI경과ms:51
17:59:57  차량수신:6989
17:59:57  시각ms:770746
17:59:57  IMU시각ms:770746
17:59:57  위험:0
17:59:57  GPS유효:1
17:59:57  위도:37.496449
17:59:57  경도:126.958046
17:59:57  속도:0.026
17:59:57  방향:167.4
17:59:57  GPS원시속도:0.010
17:59:57  GPS원시방향유효:1
17:59:57  GPS원시방향:167.4
17:59:57  가속도:2.840,4.041,6.665
17:59:57  자이로:4.611,5.687,-32.947
17:59:57  자력계:-21.000,57.600,15.300
17:59:57  송신:7530
17:59:57  GPS위성:7
17:59:57  GPS_HDOP:1.26
17:59:57  원시위도:37.496453
17:59:57  원시경도:126.958040
17:59:57  GPS채택:1432
17:59:57  GPS이상치거부:0
17:59:57  GPS품질거부:1
17:59:57  GPS재기준:0
17:59:57  RSSI원시:-76
17:59:57  RSSI평활:-71.8
17:59:57  RSSI샘플:14236
17:59:57  RSSI경과ms:73
17:59:57  차량수신:6989
17:59:57  시각ms:770781
17:59:57  IMU시각ms:770781
17:59:57  위험:0
17:59:57  GPS유효:1
17:59:57  위도:37.496449
17:59:57  경도:126.958046
17:59:57  속도:0.021
17:59:57  방향:167.4
17:59:57  GPS원시속도:0.010
17:59:57  GPS원시방향유효:1
17:59:57  GPS원시방향:167.4
17:59:57  가속도:3.706,4.750,5.454
17:59:57  자이로:1.260,-18.290,-28.855
17:59:57  자력계:-19.650,57.000,14.400
17:59:57  송신:7531
17:59:57  GPS위성:7
17:59:57  GPS_HDOP:1.26
17:59:57  원시위도:37.496453
17:59:57  원시경도:126.958040
17:59:57  GPS채택:1433
17:59:57  GPS이상치거부:0
17:59:57  GPS품질거부:1
17:59:57  GPS재기준:0
17:59:57  RSSI원시:-75
17:59:57  RSSI평활:-72.3
17:59:57  RSSI샘플:14238
17:59:57  RSSI경과ms:7
17:59:57  차량수신:6990
17:59:57  시각ms:770803
17:59:57  IMU시각ms:770803
17:59:57  위험:0
17:59:57  GPS유효:1
17:59:57  위도:37.496449
17:59:57  경도:126.958046
17:59:57  속도:0.021
17:59:57  방향:167.4
17:59:57  GPS원시속도:0.010
17:59:57  GPS원시방향유효:1
17:59:57  GPS원시방향:167.4
17:59:57  가속도:4.515,2.662,6.507
17:59:57  자이로:26.992,-4.679,-27.374
17:59:57  자력계:-20.700,58.200,13.950
17:59:57  송신:7531
17:59:57  GPS위성:7
17:59:57  GPS_HDOP:1.26
17:59:57  원시위도:37.496453
17:59:57  원시경도:126.958040
17:59:57  GPS채택:1433
17:59:57  GPS이상치거부:0
17:59:57  GPS품질거부:1
17:59:57  GPS재기준:0
17:59:57  RSSI원시:-75
17:59:57  RSSI평활:-72.3
17:59:57  RSSI샘플:14238
17:59:57  RSSI경과ms:29
17:59:57  차량수신:6990
17:59:57  시각ms:770825
17:59:57  IMU시각ms:770825
17:59:57  위험:0
17:59:57  GPS유효:1
17:59:57  위도:37.496449
17:59:57  경도:126.958046
17:59:57  속도:0.021
17:59:57  방향:167.4
17:59:57  GPS원시속도:0.010
17:59:57  GPS원시방향유효:1
17:59:57  GPS원시방향:167.4
17:59:57  가속도:3.587,3.759,6.431
17:59:57  자이로:9.359,-23.748,-24.267
17:59:57  자력계:-21.150,58.500,14.700
17:59:57  송신:7531
17:59:57  GPS위성:7
17:59:57  GPS_HDOP:1.26
17:59:57  원시위도:37.496453
17:59:57  원시경도:126.958040
17:59:57  GPS채택:1433
17:59:57  GPS이상치거부:0
17:59:57  GPS품질거부:1
17:59:57  GPS재기준:0
17:59:57  RSSI원시:-75
17:59:57  RSSI평활:-72.3
17:59:57  RSSI샘플:14238
17:59:57  RSSI경과ms:51
17:59:57  차량수신:6990
17:59:57  시각ms:770847
17:59:57  IMU시각ms:770847
17:59:57  위험:0
17:59:57  GPS유효:1
17:59:57  위도:37.496452
17:59:57  경도:126.958046
17:59:57  속도:0.021
17:59:57  방향:167.4
17:59:57  GPS원시속도:0.010
17:59:57  GPS원시방향유효:1
17:59:57  GPS원시방향:167.4
17:59:57  가속도:4.884,4.367,6.167
17:59:57  자이로:-4.885,-28.023,-15.191
17:59:57  자력계:-18.450,58.950,15.900
17:59:57  송신:7531
17:59:57  GPS위성:7
17:59:57  GPS_HDOP:1.26
17:59:57  원시위도:37.496453
17:59:57  원시경도:126.958040
17:59:57  GPS채택:1433
17:59:57  GPS이상치거부:0
17:59:57  GPS품질거부:1
17:59:57  GPS재기준:0
17:59:57  RSSI원시:-75
17:59:57  RSSI평활:-72.3
17:59:57  RSSI샘플:14238
17:59:57  RSSI경과ms:73
17:59:57  차량수신:6990
17:59:57  시각ms:770882
17:59:57  IMU시각ms:770882
17:59:57  위험:0
17:59:57  GPS유효:1
17:59:57  위도:37.496452
17:59:57  경도:126.958046
17:59:57  속도:0.021
17:59:57  방향:167.4
17:59:57  GPS원시속도:0.010
17:59:57  GPS원시방향유효:1
17:59:57  GPS원시방향:167.4
17:59:57  가속도:4.424,6.785,3.309
17:59:57  자이로:0.099,-38.542,-0.305
17:59:57  자력계:-22.950,57.750,14.400
17:59:57  송신:7532
17:59:57  GPS위성:7
17:59:57  GPS_HDOP:1.26
17:59:57  원시위도:37.496453
17:59:57  원시경도:126.958040
17:59:57  GPS채택:1433
17:59:57  GPS이상치거부:0
17:59:57  GPS품질거부:1
17:59:57  GPS재기준:0
17:59:57  RSSI원시:-77
17:59:57  RSSI평활:-73.5
17:59:57  RSSI샘플:14240
17:59:57  RSSI경과ms:8
17:59:57  차량수신:6991
17:59:57  시각ms:770925
17:59:57  IMU시각ms:770925
17:59:57  위험:0
17:59:57  GPS유효:1
17:59:57  위도:37.496452
17:59:57  경도:126.958046
17:59:57  속도:0.021
17:59:57  방향:167.4
17:59:57  GPS원시속도:0.010
17:59:57  GPS원시방향유효:1
17:59:57  GPS원시방향:167.4
17:59:57  가속도:4.990,5.243,2.591
17:59:57  자이로:45.023,-35.901,-6.122
17:59:57  자력계:-23.700,58.200,15.150
17:59:57  송신:7532
17:59:57  GPS위성:7
17:59:57  GPS_HDOP:1.26
17:59:57  원시위도:37.496453
17:59:57  원시경도:126.958040
17:59:57  GPS채택:1433
17:59:57  GPS이상치거부:0
17:59:57  GPS품질거부:1
17:59:57  GPS재기준:0
17:59:57  RSSI원시:-77
17:59:57  RSSI평활:-73.5
17:59:57  RSSI샘플:14240
17:59:57  RSSI경과ms:51
17:59:57  차량수신:6991
17:59:57  시각ms:770947
17:59:57  IMU시각ms:770947
17:59:57  위험:0
17:59:57  GPS유효:1
17:59:57  위도:37.496452
17:59:57  경도:126.958046
17:59:57  속도:0.021
17:59:57  방향:167.4
17:59:57  GPS원시속도:0.010
17:59:57  GPS원시방향유효:1
17:59:57  GPS원시방향:167.4
17:59:57  가속도:4.645,6.000,6.440
17:59:57  자이로:58.237,-61.275,-0.550
17:59:57  자력계:-25.050,60.300,14.250
17:59:57  송신:7532
17:59:57  GPS위성:7
17:59:57  GPS_HDOP:1.26
17:59:57  원시위도:37.496453
17:59:57  원시경도:126.958040
17:59:57  GPS채택:1433
17:59:57  GPS이상치거부:0
17:59:57  GPS품질거부:1
17:59:57  GPS재기준:0
17:59:57  RSSI원시:-77
17:59:57  RSSI평활:-73.5
17:59:57  RSSI샘플:14240
17:59:57  RSSI경과ms:73
17:59:57  차량수신:6991
17:59:57  시각ms:770982
17:59:57  IMU시각ms:770982
17:59:57  위험:0
17:59:57  GPS유효:1
17:59:57  위도:37.496452
17:59:57  경도:126.958046
17:59:57  속도:0.021
17:59:57  방향:167.4
17:59:57  GPS원시속도:0.010
17:59:57  GPS원시방향유효:1
17:59:57  GPS원시방향:167.4
17:59:57  가속도:5.646,6.373,6.009
17:59:57  자이로:80.656,-60.878,1.901
17:59:57  자력계:-23.550,60.300,14.850
17:59:57  송신:7533
17:59:57  GPS위성:7
17:59:57  GPS_HDOP:1.26
17:59:57  원시위도:37.496453
17:59:57  원시경도:126.958040
17:59:57  GPS채택:1433
17:59:57  GPS이상치거부:0
17:59:57  GPS품질거부:1
17:59:57  GPS재기준:0
17:59:57  RSSI원시:-74
17:59:57  RSSI평활:-73.5
17:59:57  RSSI샘플:14242
17:59:57  RSSI경과ms:6
17:59:57  차량수신:6992
17:59:57  시각ms:771003
17:59:57  IMU시각ms:771003
17:59:57  위험:0
17:59:57  GPS유효:1
17:59:57  위도:37.496452
17:59:57  경도:126.958046
17:59:57  속도:0.021
17:59:57  방향:167.4
17:59:57  GPS원시속도:0.010
17:59:57  GPS원시방향유효:1
17:59:57  GPS원시방향:167.4
17:59:57  가속도:-19.613,-19.613,-19.613
17:59:57  자이로:213.863,-250.137,186.527
17:59:57  자력계:-27.750,64.050,11.700
17:59:57  송신:7533
17:59:57  GPS위성:7
17:59:57  GPS_HDOP:1.26
17:59:57  원시위도:37.496453
17:59:57  원시경도:126.958040
17:59:57  GPS채택:1433
17:59:57  GPS이상치거부:0
17:59:57  GPS품질거부:1
17:59:57  GPS재기준:0
17:59:57  RSSI원시:-74
17:59:57  RSSI평활:-73.5
17:59:57  RSSI샘플:14242
17:59:57  RSSI경과ms:27
17:59:57  차량수신:6992
17:59:57  시각ms:771025
17:59:57  IMU시각ms:771025
17:59:57  위험:0
17:59:57  GPS유효:1
17:59:57  위도:37.496452
17:59:57  경도:126.958046
17:59:57  속도:0.021
17:59:57  방향:167.4
17:59:57  GPS원시속도:0.010
17:59:57  GPS원시방향유효:1
17:59:57  GPS원시방향:167.4
17:59:57  가속도:2.907,-6.225,-17.435
17:59:57  자이로:52.405,44.031,14.534
17:59:57  자력계:-26.400,63.600,12.900
17:59:57  송신:7533
17:59:57  GPS위성:7
17:59:57  GPS_HDOP:1.26
17:59:57  원시위도:37.496453
17:59:57  원시경도:126.958040
17:59:57  GPS채택:1433
17:59:57  GPS이상치거부:0
17:59:57  GPS품질거부:1
17:59:57  GPS재기준:0
17:59:57  RSSI원시:-74
17:59:57  RSSI평활:-73.5
17:59:57  RSSI샘플:14242
17:59:57  RSSI경과ms:49
17:59:57  차량수신:6992
17:59:57  시각ms:771047
17:59:57  IMU시각ms:771047
17:59:57  위험:0
17:59:57  GPS유효:1
17:59:57  위도:37.496452
17:59:57  경도:126.958046
17:59:57  속도:0.021
17:59:57  방향:167.4
17:59:57  GPS원시속도:0.010
17:59:57  GPS원시방향유효:1
17:59:57  GPS원시방향:167.4
17:59:57  가속도:7.499,2.595,7.700
17:59:57  자이로:9.435,-19.679,-7.557
17:59:57  자력계:-25.950,64.650,13.950
17:59:57  송신:7533
17:59:57  GPS위성:7
17:59:57  GPS_HDOP:1.26
17:59:57  원시위도:37.496453
17:59:57  원시경도:126.958040
17:59:57  GPS채택:1433
17:59:57  GPS이상치거부:0
17:59:57  GPS품질거부:1
17:59:57  GPS재기준:0
17:59:57  RSSI원시:-74
17:59:57  RSSI평활:-73.5
17:59:57  RSSI샘플:14242
17:59:57  RSSI경과ms:71
17:59:57  차량수신:6992
17:59:57  시각ms:771082
17:59:57  IMU시각ms:771082
17:59:57  위험:0
17:59:57  GPS유효:1
17:59:57  위도:37.496452
17:59:57  경도:126.958046
17:59:57  속도:0.021
17:59:57  방향:167.4
17:59:57  GPS원시속도:0.010
17:59:57  GPS원시방향유효:1
17:59:57  GPS원시방향:167.4
17:59:57  가속도:-0.924,7.111,8.653
17:59:57  자이로:-56.275,-24.656,1.328
17:59:57  자력계:-27.900,63.600,12.900
17:59:57  송신:7534
17:59:57  GPS위성:7
17:59:57  GPS_HDOP:1.26
17:59:57  원시위도:37.496453
17:59:57  원시경도:126.958040
17:59:57  GPS채택:1433
17:59:57  GPS이상치거부:0
17:59:57  GPS품질거부:1
17:59:57  GPS재기준:0
17:59:57  RSSI원시:-69
17:59:57  RSSI평활:-71.3
17:59:57  RSSI샘플:14244
17:59:57  RSSI경과ms:3
17:59:57  차량수신:6993
17:59:57  시각ms:771126
17:59:57  IMU시각ms:771126
17:59:57  위험:0
17:59:57  GPS유효:1
17:59:57  위도:37.496452
17:59:57  경도:126.958046
17:59:57  속도:0.021
17:59:57  방향:167.4
17:59:57  GPS원시속도:0.010
17:59:57  GPS원시방향유효:1
17:59:57  GPS원시방향:167.4
17:59:57  가속도:6.019,6.153,6.211
17:59:57  자이로:25.687,8.290,-2.832
17:59:57  자력계:-27.150,61.950,12.150
17:59:57  송신:7534
17:59:57  GPS위성:7
17:59:57  GPS_HDOP:1.26
17:59:57  원시위도:37.496453
17:59:57  원시경도:126.958040
17:59:57  GPS채택:1433
17:59:57  GPS이상치거부:0
17:59:57  GPS품질거부:1
17:59:57  GPS재기준:0
17:59:57  RSSI원시:-69
17:59:57  RSSI평활:-71.3
17:59:57  RSSI샘플:14244
17:59:57  RSSI경과ms:47
17:59:57  차량수신:6993
17:59:57  시각ms:771148
17:59:57  IMU시각ms:771148
17:59:57  위험:0
17:59:57  GPS유효:1
17:59:57  위도:37.496452
17:59:57  경도:126.958046
17:59:57  속도:0.021
17:59:57  방향:167.4
17:59:57  GPS원시속도:0.010
17:59:57  GPS원시방향유효:1
17:59:57  GPS원시방향:167.4
17:59:57  가속도:3.812,6.919,6.105
17:59:57  자이로:30.527,9.840,-4.718
17:59:57  자력계:-26.700,61.950,13.200
17:59:57  송신:7534
17:59:57  GPS위성:7
17:59:57  GPS_HDOP:1.26
17:59:57  원시위도:37.496453
17:59:57  원시경도:126.958040
17:59:57  GPS채택:1433
17:59:57  GPS이상치거부:0
17:59:57  GPS품질거부:1
17:59:57  GPS재기준:0
17:59:57  RSSI원시:-69
17:59:57  RSSI평활:-71.3
17:59:57  RSSI샘플:14244
17:59:57  RSSI경과ms:69
17:59:57  차량수신:6993
17:59:57  시각ms:771181
17:59:57  IMU시각ms:771181
17:59:57  위험:0
17:59:57  GPS유효:1
17:59:57  위도:37.496452
17:59:57  경도:126.958046
17:59:57  속도:0.021
17:59:57  방향:167.4
17:59:57  GPS원시속도:0.010
17:59:57  GPS원시방향유효:1
17:59:57  GPS원시방향:167.4
17:59:57  가속도:3.725,6.962,7.432
17:59:57  자이로:11.534,-1.893,-4.672
17:59:57  자력계:-27.900,63.900,13.200
17:59:57  송신:7535
17:59:57  GPS위성:7
17:59:57  GPS_HDOP:1.26
17:59:57  원시위도:37.496453
17:59:57  원시경도:126.958040
17:59:57  GPS채택:1433
17:59:57  GPS이상치거부:0
17:59:57  GPS품질거부:1
17:59:57  GPS재기준:0
17:59:57  RSSI원시:-69
17:59:57  RSSI평활:-71.3
17:59:57  RSSI샘플:14244
17:59:57  RSSI경과ms:102
17:59:57  차량수신:6993
17:59:57  시각ms:771203
17:59:57  IMU시각ms:771203
17:59:57  위험:0
17:59:57  GPS유효:1
17:59:57  위도:37.496452
17:59:57  경도:126.958046
17:59:57  속도:0.021
17:59:57  방향:167.4
17:59:57  GPS원시속도:0.010
17:59:57  GPS원시방향유효:1
17:59:57  GPS원시방향:167.4
17:59:57  가속도:3.706,7.034,7.197
17:59:57  자이로:21.053,7.405,-4.107
17:59:57  자력계:-27.450,65.850,12.900
17:59:57  송신:7535
17:59:57  GPS위성:7
17:59:57  GPS_HDOP:1.26
17:59:57  원시위도:37.496453
17:59:57  원시경도:126.958040
17:59:57  GPS채택:1433
17:59:57  GPS이상치거부:0
17:59:57  GPS품질거부:1
17:59:57  GPS재기준:0
17:59:57  RSSI원시:-66
17:59:57  RSSI평활:-69.5
17:59:57  RSSI샘플:14246
17:59:57  RSSI경과ms:8
17:59:57  차량수신:6994
17:59:57  시각ms:771225
17:59:57  IMU시각ms:771225
17:59:57  위험:0
17:59:57  GPS유효:1
17:59:57  위도:37.496452
17:59:57  경도:126.958046
17:59:57  속도:0.021
17:59:57  방향:167.4
17:59:57  GPS원시속도:0.010
17:59:57  GPS원시방향유효:1
17:59:57  GPS원시방향:167.4
17:59:57  가속도:4.702,6.977,6.637
17:59:57  자이로:26.275,6.061,-7.374
17:59:57  자력계:-27.000,64.500,12.750
17:59:57  송신:7535
17:59:57  GPS위성:7
17:59:57  GPS_HDOP:1.26
17:59:57  원시위도:37.496453
17:59:57  원시경도:126.958040
17:59:57  GPS채택:1433
17:59:57  GPS이상치거부:0
17:59:57  GPS품질거부:1
17:59:57  GPS재기준:0
17:59:57  RSSI원시:-66
17:59:57  RSSI평활:-69.5
17:59:57  RSSI샘플:14246
17:59:57  RSSI경과ms:30
17:59:57  차량수신:6994
17:59:57  시각ms:771247
17:59:57  IMU시각ms:771247
17:59:57  위험:0
17:59:57  GPS유효:1
17:59:57  위도:37.496452
17:59:57  경도:126.958046
17:59:57  속도:0.021
17:59:57  방향:167.4
17:59:57  GPS원시속도:0.010
17:59:57  GPS원시방향유효:1
17:59:57  GPS원시방향:167.4
17:59:57  가속도:3.443,4.870,5.339
17:59:57  자이로:2.076,-9.374,-3.626
17:59:57  자력계:-26.400,65.100,12.600
17:59:57  송신:7535
17:59:57  GPS위성:7
17:59:57  GPS_HDOP:1.26
17:59:57  원시위도:37.496453
17:59:57  원시경도:126.958040
17:59:57  GPS채택:1433
17:59:57  GPS이상치거부:0
17:59:57  GPS품질거부:1
17:59:57  GPS재기준:0
17:59:57  RSSI원시:-66
17:59:57  RSSI평활:-69.5
17:59:57  RSSI샘플:14246
17:59:57  RSSI경과ms:52
17:59:57  차량수신:6994
17:59:57  시각ms:771355
17:59:57  IMU시각ms:771355
17:59:57  위험:0
17:59:57  GPS유효:1
17:59:57  위도:37.496452
17:59:57  경도:126.958046
17:59:57  속도:0.021
17:59:57  방향:167.4
17:59:57  GPS원시속도:0.010
17:59:57  GPS원시방향유효:1
17:59:57  GPS원시방향:167.4
17:59:57  가속도:7.068,11.765,8.308
17:59:57  자이로:-98.740,-75.664,1.672
17:59:57  자력계:-28.800,62.250,13.050
17:59:57  송신:7536
17:59:57  GPS위성:7
17:59:57  GPS_HDOP:1.26
17:59:57  원시위도:37.496453
17:59:57  원시경도:126.958040
17:59:57  GPS채택:1433
17:59:57  GPS이상치거부:0
17:59:57  GPS품질거부:1
17:59:57  GPS재기준:0
17:59:57  RSSI원시:-67
17:59:57  RSSI평활:-68.5
17:59:57  RSSI샘플:14248
17:59:57  RSSI경과ms:67
17:59:57  차량수신:6995
17:59:57  시각ms:771389
17:59:57  IMU시각ms:771389
17:59:57  위험:0
17:59:57  GPS유효:1
17:59:57  위도:37.496452
17:59:57  경도:126.958046
17:59:57  속도:0.021
17:59:57  방향:167.4
17:59:57  GPS원시속도:0.010
17:59:57  GPS원시방향유효:1
17:59:57  GPS원시방향:167.4
17:59:57  가속도:2.586,7.963,8.447
17:59:57  자이로:-199.748,-144.573,5.275
17:59:57  자력계:-31.200,61.200,13.950
17:59:57  송신:7537
17:59:57  GPS위성:7
17:59:57  GPS_HDOP:1.26
17:59:57  원시위도:37.496453
17:59:57  원시경도:126.958040
17:59:57  GPS채택:1433
17:59:57  GPS이상치거부:0
17:59:57  GPS품질거부:1
17:59:57  GPS재기준:0
17:59:57  RSSI원시:-69
17:59:57  RSSI평활:-68.6
17:59:57  RSSI샘플:14249
17:59:57  RSSI경과ms:24
17:59:57  차량수신:6996
17:59:57  시각ms:771411
17:59:57  IMU시각ms:771411
17:59:57  위험:0
17:59:57  GPS유효:1
17:59:57  위도:37.496452
17:59:57  경도:126.958046
17:59:57  속도:0.021
17:59:57  방향:167.4
17:59:57  GPS원시속도:0.010
17:59:57  GPS원시방향유효:1
17:59:57  GPS원시방향:167.4
17:59:57  가속도:3.572,8.485,7.594
17:59:57  자이로:-250.137,-167.053,0.519
17:59:57  자력계:-35.550,52.950,13.800
17:59:57  송신:7537
17:59:57  GPS위성:7
17:59:57  GPS_HDOP:1.26
17:59:57  원시위도:37.496453
17:59:57  원시경도:126.958040
17:59:57  GPS채택:1433
17:59:57  GPS이상치거부:0
17:59:57  GPS품질거부:1
17:59:57  GPS재기준:0
17:59:57  RSSI원시:-69
17:59:57  RSSI평활:-68.7
17:59:57  RSSI샘플:14250
17:59:57  RSSI경과ms:14
17:59:57  차량수신:6996
17:59:57  시각ms:771433
17:59:57  IMU시각ms:771433
17:59:57  위험:0
17:59:57  GPS유효:1
17:59:57  위도:37.496452
17:59:57  경도:126.958046
17:59:57  속도:0.021
17:59:57  방향:167.4
17:59:57  GPS원시속도:0.010
17:59:57  GPS원시방향유효:1
17:59:57  GPS원시방향:167.4
17:59:57  가속도:8.787,5.966,8.011
17:59:57  자이로:-250.137,-189.962,-3.702
17:59:57  자력계:-36.450,50.850,13.650
17:59:57  송신:7537
17:59:57  GPS위성:7
17:59:57  GPS_HDOP:1.26
17:59:57  원시위도:37.496453
17:59:57  원시경도:126.958040
17:59:57  GPS채택:1433
17:59:57  GPS이상치거부:0
17:59:57  GPS품질거부:1
17:59:57  GPS재기준:0
17:59:57  RSSI원시:-69
17:59:57  RSSI평활:-68.7
17:59:57  RSSI샘플:14250
17:59:57  RSSI경과ms:36
17:59:57  차량수신:6996
17:59:57  시각ms:771455
17:59:57  IMU시각ms:771455
17:59:57  위험:0
17:59:57  GPS유효:1
17:59:57  위도:37.496452
17:59:57  경도:126.958046
17:59:57  속도:0.021
17:59:57  방향:167.4
17:59:57  GPS원시속도:0.010
17:59:57  GPS원시방향유효:1
17:59:57  GPS원시방향:167.4
17:59:57  가속도:3.716,4.228,5.301
17:59:57  자이로:-250.137,-250.137,-11.939
17:59:57  자력계:-42.750,43.800,13.800
17:59:57  송신:7537
17:59:57  GPS위성:7
17:59:57  GPS_HDOP:1.26
17:59:57  원시위도:37.496453
17:59:57  원시경도:126.958040
17:59:57  GPS채택:1433
17:59:57  GPS이상치거부:0
17:59:57  GPS품질거부:1
17:59:57  GPS재기준:0
17:59:57  RSSI원시:-69
17:59:57  RSSI평활:-68.7
17:59:57  RSSI샘플:14250
17:59:57  RSSI경과ms:58
17:59:57  차량수신:6996
17:59:57  시각ms:771488
17:59:57  IMU시각ms:771488
17:59:57  위험:0
17:59:57  GPS유효:1
17:59:57  위도:37.496452
17:59:57  경도:126.958046
17:59:57  속도:0.021
17:59:57  방향:167.4
17:59:57  GPS원시속도:0.010
17:59:57  GPS원시방향유효:1
17:59:57  GPS원시방향:167.4
17:59:57  가속도:8.504,2.073,3.692
17:59:57  자이로:-250.137,-224.244,-11.786
17:59:57  자력계:-45.150,33.900,8.850
17:59:57  송신:7538
17:59:57  GPS위성:7
17:59:57  GPS_HDOP:1.26
17:59:57  원시위도:37.496453
17:59:57  원시경도:126.958040
17:59:57  GPS채택:1433
17:59:57  GPS이상치거부:0
17:59:57  GPS품질거부:1
17:59:57  GPS재기준:0
17:59:57  RSSI원시:-75
17:59:57  RSSI평활:-69.9
17:59:57  RSSI샘플:14251
17:59:57  RSSI경과ms:28
17:59:57  차량수신:6997
17:59:57  시각ms:771510
17:59:57  IMU시각ms:771510
17:59:57  위험:0
17:59:57  GPS유효:1
17:59:57  위도:37.496452
17:59:57  경도:126.958046
17:59:57  속도:0.021
17:59:57  방향:167.4
17:59:57  GPS원시속도:0.010
17:59:57  GPS원시방향유효:1
17:59:57  GPS원시방향:167.4
17:59:57  가속도:6.450,2.150,0.306
17:59:57  자이로:-250.137,-166.473,-7.153
17:59:57  자력계:-51.000,31.050,6.450
17:59:57  송신:7538
17:59:57  GPS위성:7
17:59:57  GPS_HDOP:1.26
17:59:57  원시위도:37.496453
17:59:57  원시경도:126.958040
17:59:57  GPS채택:1433
17:59:57  GPS이상치거부:0
17:59:57  GPS품질거부:1
17:59:57  GPS재기준:0
17:59:57  RSSI원시:-70
17:59:57  RSSI평활:-69.9
17:59:57  RSSI샘플:14252
17:59:57  RSSI경과ms:9
17:59:57  차량수신:6997
17:59:57  시각ms:771532
17:59:57  IMU시각ms:771532
17:59:57  위험:0
17:59:57  GPS유효:1
17:59:57  위도:37.496452
17:59:58  경도:126.958046
17:59:58  속도:0.021
17:59:58  방향:167.4
17:59:58  GPS원시속도:0.010
17:59:58  GPS원시방향유효:1
17:59:58  GPS원시방향:167.4
17:59:58  가속도:5.440,0.761,0.517
17:59:58  자이로:-164.870,-88.427,7.580
17:59:58  자력계:-55.050,25.650,1.800
17:59:58  송신:7538
17:59:58  GPS위성:7
17:59:58  GPS_HDOP:1.26
17:59:58  원시위도:37.496453
17:59:58  원시경도:126.958040
17:59:58  GPS채택:1433
17:59:58  GPS이상치거부:0
17:59:58  GPS품질거부:1
17:59:58  GPS재기준:0
17:59:58  RSSI원시:-70
17:59:58  RSSI평활:-69.9
17:59:58  RSSI샘플:14252
17:59:58  RSSI경과ms:31
17:59:58  차량수신:6997
17:59:58  시각ms:771554
17:59:58  IMU시각ms:771554
17:59:58  위험:0
17:59:58  GPS유효:1
17:59:58  위도:37.496452
17:59:58  경도:126.958046
17:59:58  속도:0.021
17:59:58  방향:167.4
17:59:58  GPS원시속도:0.010
17:59:58  GPS원시방향유효:1
17:59:58  GPS원시방향:167.4
17:59:58  가속도:7.058,-0.359,1.379
17:59:58  자이로:-45.282,5.397,6.771
17:59:58  자력계:-54.000,26.400,2.550
17:59:58  송신:7538
17:59:58  GPS위성:7
17:59:58  GPS_HDOP:1.26
17:59:58  원시위도:37.496453
17:59:58  원시경도:126.958040
17:59:58  GPS채택:1433
17:59:58  GPS이상치거부:0
17:59:58  GPS품질거부:1
17:59:58  GPS재기준:0
17:59:58  RSSI원시:-70
17:59:58  RSSI평활:-69.9
17:59:58  RSSI샘플:14252
17:59:58  RSSI경과ms:53
17:59:58  차량수신:6997
17:59:58  시각ms:771697
17:59:58  IMU시각ms:771697
17:59:58  위험:0
17:59:58  GPS유효:1
17:59:58  위도:37.496452
17:59:58  경도:126.958038
17:59:58  속도:0.240
17:59:58  방향:167.4
17:59:58  GPS원시속도:0.648
17:59:58  GPS원시방향유효:1
17:59:58  GPS원시방향:167.4
17:59:58  가속도:3.668,2.093,7.570
17:59:58  자이로:111.863,94.183,2.473
17:59:58  자력계:-46.200,34.650,9.600
17:59:58  송신:7540
17:59:58  GPS위성:7
17:59:58  GPS_HDOP:1.26
17:59:58  원시위도:37.496456
17:59:58  원시경도:126.958042
17:59:58  GPS채택:1434
17:59:58  GPS이상치거부:0
17:59:58  GPS품질거부:1
17:59:58  GPS재기준:0
17:59:58  RSSI원시:-74
17:59:58  RSSI평활:-69.4
17:59:58  RSSI샘플:14256
17:59:58  RSSI경과ms:6
17:59:58  차량수신:6999
17:59:58  시각ms:771719
17:59:58  IMU시각ms:771719
17:59:58  위험:0
17:59:58  GPS유효:1
17:59:58  위도:37.496452
17:59:58  경도:126.958038
17:59:58  속도:0.240
17:59:58  방향:167.4
17:59:58  GPS원시속도:0.648
17:59:58  GPS원시방향유효:1
17:59:58  GPS원시방향:167.4
17:59:58  가속도:5.397,6.622,5.540
17:59:58  자이로:141.023,38.450,-0.282
17:59:58  자력계:-47.250,37.200,9.450
17:59:58  송신:7540
17:59:58  GPS위성:7
17:59:58  GPS_HDOP:1.26
17:59:58  원시위도:37.496456
17:59:58  원시경도:126.958042
17:59:58  GPS채택:1434
17:59:58  GPS이상치거부:0
17:59:58  GPS품질거부:1
17:59:58  GPS재기준:0
17:59:58  RSSI원시:-74
17:59:58  RSSI평활:-69.4
17:59:58  RSSI샘플:14256
17:59:58  RSSI경과ms:28
17:59:58  차량수신:6999
17:59:58  시각ms:771741
17:59:58  IMU시각ms:771741
17:59:58  위험:0
17:59:58  GPS유효:1
17:59:58  위도:37.496452
17:59:58  경도:126.958038
17:59:58  속도:0.240
17:59:58  방향:167.4
17:59:58  GPS원시속도:0.648
17:59:58  GPS원시방향유효:1
17:59:58  GPS원시방향:167.4
17:59:58  가속도:5.440,6.048,8.777
17:59:58  자이로:124.168,20.038,8.145
17:59:58  자력계:-44.400,41.250,9.600
17:59:58  송신:7540
17:59:58  GPS위성:7
17:59:58  GPS_HDOP:1.26
17:59:58  원시위도:37.496456
17:59:58  원시경도:126.958042
17:59:58  GPS채택:1434
17:59:58  GPS이상치거부:0
17:59:58  GPS품질거부:1
17:59:58  GPS재기준:0
17:59:58  RSSI원시:-74
17:59:58  RSSI평활:-69.4
17:59:58  RSSI샘플:14256
17:59:58  RSSI경과ms:50
17:59:58  차량수신:6999
17:59:58  시각ms:771763
17:59:58  IMU시각ms:771763
17:59:58  위험:0
17:59:58  GPS유효:1
17:59:58  위도:37.496452
17:59:58  경도:126.958038
17:59:58  속도:0.240
17:59:58  방향:167.4
17:59:58  GPS원시속도:0.648
17:59:58  GPS원시방향유효:1
17:59:58  GPS원시방향:167.4
17:59:58  가속도:-16.223,4.922,19.613
17:59:58  자이로:-17.885,-17.000,-148.992
17:59:58  자력계:-45.150,41.700,11.400
17:59:58  송신:7540
17:59:58  GPS위성:7
17:59:58  GPS_HDOP:1.26
17:59:58  원시위도:37.496456
17:59:58  원시경도:126.958042
17:59:58  GPS채택:1434
17:59:58  GPS이상치거부:0
17:59:58  GPS품질거부:1
17:59:58  GPS재기준:0
17:59:58  RSSI원시:-74
17:59:58  RSSI평활:-69.4
17:59:58  RSSI샘플:14256
17:59:58  RSSI경과ms:72
17:59:58  차량수신:6999
17:59:58  시각ms:771798
17:59:58  IMU시각ms:771798
17:59:58  위험:0
17:59:58  GPS유효:1
17:59:58  위도:37.496452
17:59:58  경도:126.958038
17:59:58  속도:0.383
17:59:58  방향:167.4
17:59:58  GPS원시속도:0.648
17:59:58  GPS원시방향유효:1
17:59:58  GPS원시방향:167.4
17:59:58  가속도:3.438,12.914,3.826
17:59:58  자이로:69.962,104.802,-4.489
17:59:58  자력계:-43.050,44.100,10.500
17:59:58  송신:7541
17:59:58  GPS위성:7
17:59:58  GPS_HDOP:1.67
17:59:58  원시위도:37.496456
17:59:58  원시경도:126.958042
17:59:58  GPS채택:1435
17:59:58  GPS이상치거부:0
17:59:58  GPS품질거부:1
17:59:58  GPS재기준:0
17:59:58  RSSI원시:-78
17:59:58  RSSI평활:-72.8
17:59:58  RSSI샘플:14258
17:59:58  RSSI경과ms:5
17:59:58  차량수신:7000
17:59:58  시각ms:771820
17:59:58  IMU시각ms:771820
17:59:58  위험:0
17:59:58  GPS유효:1
17:59:58  위도:37.496452
17:59:58  경도:126.958038
17:59:58  속도:0.383
17:59:58  방향:167.4
17:59:58  GPS원시속도:0.648
17:59:58  GPS원시방향유효:1
17:59:58  GPS원시방향:167.4
17:59:58  가속도:0.373,12.613,6.000
17:59:58  자이로:58.366,94.168,8.206
17:59:58  자력계:-40.800,44.550,13.500
17:59:58  송신:7541
17:59:58  GPS위성:7
17:59:58  GPS_HDOP:1.67
17:59:58  원시위도:37.496456
17:59:58  원시경도:126.958042
17:59:58  GPS채택:1435
17:59:58  GPS이상치거부:0
17:59:58  GPS품질거부:1
17:59:58  GPS재기준:0
17:59:58  RSSI원시:-78
17:59:58  RSSI평활:-72.8
17:59:58  RSSI샘플:14258
17:59:58  RSSI경과ms:27
17:59:58  차량수신:7000
17:59:58  시각ms:771842
17:59:58  IMU시각ms:771842
17:59:58  위험:0
17:59:58  GPS유효:1
17:59:58  위도:37.496452
17:59:58  경도:126.958038
17:59:58  속도:0.383
17:59:58  방향:167.4
17:59:58  GPS원시속도:0.648
17:59:58  GPS원시방향유효:1
17:59:58  GPS원시방향:167.4
17:59:58  가속도:7.374,3.462,0.622
17:59:58  자이로:44.542,23.504,3.878
17:59:58  자력계:-39.450,46.200,10.650
17:59:58  송신:7541
17:59:58  GPS위성:7
17:59:58  GPS_HDOP:1.67
17:59:58  원시위도:37.496456
17:59:58  원시경도:126.958042
17:59:58  GPS채택:1435
17:59:58  GPS이상치거부:0
17:59:58  GPS품질거부:1
17:59:58  GPS재기준:0
17:59:58  RSSI원시:-78
17:59:58  RSSI평활:-72.8
17:59:58  RSSI샘플:14258
17:59:58  RSSI경과ms:49
17:59:58  차량수신:7000
17:59:58  시각ms:771899
17:59:58  IMU시각ms:771899
17:59:58  위험:0
17:59:58  GPS유효:1
17:59:58  위도:37.496452
17:59:58  경도:126.958038
17:59:58  속도:0.383
17:59:58  방향:167.4
17:59:58  GPS원시속도:0.648
17:59:58  GPS원시방향유효:1
17:59:58  GPS원시방향:167.4
17:59:58  가속도:4.013,4.003,6.646
17:59:58  자이로:-33.061,-26.985,2.947
17:59:58  자력계:-40.950,47.400,12.600
17:59:58  송신:7542
17:59:58  GPS위성:7
17:59:58  GPS_HDOP:1.67
17:59:58  원시위도:37.496456
17:59:58  원시경도:126.958042
17:59:58  GPS채택:1435
17:59:58  GPS이상치거부:0
17:59:58  GPS품질거부:1
17:59:58  GPS재기준:0
17:59:58  RSSI원시:-77
17:59:58  RSSI평활:-74.6
17:59:58  RSSI샘플:14260
17:59:58  RSSI경과ms:9
17:59:58  차량수신:7001
17:59:58  시각ms:771921
17:59:58  IMU시각ms:771921
17:59:58  위험:0
17:59:58  GPS유효:1
17:59:58  위도:37.496452
17:59:58  경도:126.958038
17:59:58  속도:0.383
17:59:58  방향:167.4
17:59:58  GPS원시속도:0.648
17:59:58  GPS원시방향유효:1
17:59:58  GPS원시방향:167.4
17:59:58  가속도:3.970,4.003,6.096
17:59:58  자이로:-35.275,-25.695,4.031
17:59:58  자력계:-41.700,45.150,12.150
17:59:58  송신:7542
17:59:58  GPS위성:7
17:59:58  GPS_HDOP:1.67
17:59:58  원시위도:37.496456
17:59:58  원시경도:126.958042
17:59:58  GPS채택:1435
17:59:58  GPS이상치거부:0
17:59:58  GPS품질거부:1
17:59:58  GPS재기준:0
17:59:58  RSSI원시:-77
17:59:58  RSSI평활:-74.6
17:59:58  RSSI샘플:14260
17:59:58  RSSI경과ms:31
17:59:58  차량수신:7001
17:59:58  시각ms:771943
17:59:58  IMU시각ms:771943
17:59:58  위험:0
17:59:58  GPS유효:1
17:59:58  위도:37.496452
17:59:58  경도:126.958038
17:59:58  속도:0.383
17:59:58  방향:167.4
17:59:58  GPS원시속도:0.648
17:59:58  GPS원시방향유효:1
17:59:58  GPS원시방향:167.4
17:59:58  가속도:4.616,4.113,6.460
17:59:58  자이로:-31.954,-18.198,1.878
17:59:58  자력계:-40.950,46.200,12.600
17:59:58  송신:7542
17:59:58  GPS위성:7
17:59:58  GPS_HDOP:1.67
17:59:58  원시위도:37.496456
17:59:58  원시경도:126.958042
17:59:58  GPS채택:1435
17:59:58  GPS이상치거부:0
17:59:58  GPS품질거부:1
17:59:58  GPS재기준:0
17:59:58  RSSI원시:-77
17:59:58  RSSI평활:-74.6
17:59:58  RSSI샘플:14260
17:59:58  RSSI경과ms:53
17:59:58  차량수신:7001
17:59:58  시각ms:771965
17:59:58  IMU시각ms:771965
17:59:58  위험:0
17:59:58  GPS유효:1
17:59:58  위도:37.496452
17:59:58  경도:126.958038
17:59:58  속도:0.383
17:59:58  방향:167.4
17:59:58  GPS원시속도:0.648
17:59:58  GPS원시방향유효:1
17:59:58  GPS원시방향:167.4
17:59:58  가속도:5.420,3.213,5.952
17:59:58  자이로:-22.206,-9.824,1.603
17:59:58  자력계:-43.500,44.100,10.500
17:59:58  송신:7542
17:59:58  GPS위성:7
17:59:58  GPS_HDOP:1.67
17:59:58  원시위도:37.496456
17:59:58  원시경도:126.958042
17:59:58  GPS채택:1435
17:59:58  GPS이상치거부:0
17:59:58  GPS품질거부:1
17:59:58  GPS재기준:0
17:59:58  RSSI원시:-79
17:59:58  RSSI평활:-75.5
17:59:58  RSSI샘플:14261
17:59:58  RSSI경과ms:2
17:59:58  차량수신:7002
17:59:58  시각ms:772000
17:59:58  IMU시각ms:772000
17:59:58  위험:0
17:59:58  GPS유효:1
17:59:58  위도:37.496452
17:59:58  경도:126.958038
17:59:58  속도:0.383
17:59:58  방향:167.4
17:59:58  GPS원시속도:0.648
17:59:58  GPS원시방향유효:1
17:59:58  GPS원시방향:167.4
17:59:58  가속도:4.453,3.419,6.100
17:59:58  자이로:3.168,13.275,1.481
17:59:58  자력계:-42.450,45.450,11.100
17:59:58  송신:7543
17:59:58  GPS위성:7
17:59:58  GPS_HDOP:1.67
17:59:58  원시위도:37.496456
17:59:58  원시경도:126.958042
17:59:58  GPS채택:1435
17:59:58  GPS이상치거부:0
17:59:58  GPS품질거부:1
17:59:58  GPS재기준:0
17:59:58  RSSI원시:-76
17:59:58  RSSI평활:-75.6
17:59:58  RSSI샘플:14262
17:59:58  RSSI경과ms:6
17:59:58  차량수신:7002
17:59:58  시각ms:772022
17:59:58  IMU시각ms:772022
17:59:58  위험:0
17:59:58  GPS유효:1
17:59:58  위도:37.496452
17:59:58  경도:126.958038
17:59:58  속도:0.383
17:59:58  방향:167.4
17:59:58  GPS원시속도:0.648
17:59:58  GPS원시방향유효:1
17:59:58  GPS원시방향:167.4
17:59:58  가속도:4.578,3.481,6.172
17:59:58  자이로:20.115,31.603,3.641
17:59:58  자력계:-42.000,46.500,13.800
17:59:58  송신:7543
17:59:58  GPS위성:7
17:59:58  GPS_HDOP:1.67
17:59:58  원시위도:37.496456
17:59:58  원시경도:126.958042
17:59:58  GPS채택:1435
17:59:58  GPS이상치거부:0
17:59:58  GPS품질거부:1
17:59:58  GPS재기준:0
17:59:58  RSSI원시:-76
17:59:58  RSSI평활:-75.6
17:59:58  RSSI샘플:14262
17:59:58  RSSI경과ms:28
17:59:58  차량수신:7002
17:59:58  시각ms:772044
17:59:58  IMU시각ms:772044
17:59:58  위험:0
17:59:58  GPS유효:1
17:59:58  위도:37.496452
17:59:58  경도:126.958038
17:59:58  속도:0.383
17:59:58  방향:167.4
17:59:58  GPS원시속도:0.648
17:59:58  GPS원시방향유효:1
17:59:58  GPS원시방향:167.4
17:59:58  가속도:5.114,3.136,6.742
17:59:58  자이로:34.053,40.427,2.275
17:59:58  자력계:-42.450,44.700,10.350
17:59:58  송신:7543
17:59:58  GPS위성:7
17:59:58  GPS_HDOP:1.67
17:59:58  원시위도:37.496456
17:59:58  원시경도:126.958042
17:59:58  GPS채택:1435
17:59:58  GPS이상치거부:0
17:59:58  GPS품질거부:1
17:59:58  GPS재기준:0
17:59:58  RSSI원시:-76
17:59:58  RSSI평활:-75.6
17:59:58  RSSI샘플:14262
17:59:58  RSSI경과ms:50
17:59:58  차량수신:7002
17:59:58  시각ms:772066
17:59:58  IMU시각ms:772066
17:59:58  위험:0
17:59:58  GPS유효:1
17:59:58  위도:37.496452
17:59:58  경도:126.958038
17:59:58  속도:0.383
17:59:58  방향:167.4
17:59:58  GPS원시속도:0.648
17:59:58  GPS원시방향유효:1
17:59:58  GPS원시방향:167.4
17:59:58  가속도:4.166,3.582,7.547
17:59:58  자이로:27.863,39.176,-0.763
17:59:58  자력계:-42.300,45.600,12.750
17:59:58  송신:7543
17:59:58  GPS위성:7
17:59:58  GPS_HDOP:1.67
17:59:58  원시위도:37.496456
17:59:58  원시경도:126.958042
17:59:58  GPS채택:1435
17:59:58  GPS이상치거부:0
17:59:58  GPS품질거부:1
17:59:58  GPS재기준:0
17:59:58  RSSI원시:-76
17:59:58  RSSI평활:-75.6
17:59:58  RSSI샘플:14262
17:59:58  RSSI경과ms:72
17:59:58  차량수신:7002
17:59:58  시각ms:772101
17:59:58  IMU시각ms:772101
17:59:58  위험:0
17:59:58  GPS유효:1
17:59:58  위도:37.496452
17:59:58  경도:126.958038
17:59:58  속도:0.383
17:59:58  방향:167.4
17:59:58  GPS원시속도:0.648
17:59:58  GPS원시방향유효:1
17:59:58  GPS원시방향:167.4
17:59:58  가속도:3.807,3.491,6.005
17:59:58  자이로:9.908,27.649,6.504
17:59:58  자력계:-40.050,45.600,13.050
17:59:58  송신:7544
17:59:58  GPS위성:7
17:59:58  GPS_HDOP:1.67
17:59:58  원시위도:37.496456
17:59:58  원시경도:126.958042
17:59:58  GPS채택:1435
17:59:58  GPS이상치거부:0
17:59:58  GPS품질거부:1
17:59:58  GPS재기준:0
17:59:58  RSSI원시:-71
17:59:58  RSSI평활:-74.1
17:59:58  RSSI샘플:14264
17:59:58  RSSI경과ms:1
17:59:58  차량수신:7003
17:59:58  시각ms:772123
17:59:58  IMU시각ms:772123
17:59:58  위험:0
17:59:58  GPS유효:1
17:59:58  위도:37.496452
17:59:58  경도:126.958038
17:59:58  속도:0.383
17:59:58  방향:167.4
17:59:58  GPS원시속도:0.648
17:59:58  GPS원시방향유효:1
17:59:58  GPS원시방향:167.4
17:59:58  가속도:4.424,3.347,7.053
17:59:58  자이로:5.237,18.840,8.473
17:59:58  자력계:-37.800,46.050,14.550
17:59:58  송신:7544
17:59:58  GPS위성:7
17:59:58  GPS_HDOP:1.67
17:59:58  원시위도:37.496456
17:59:58  원시경도:126.958042
17:59:58  GPS채택:1435
17:59:58  GPS이상치거부:0
17:59:58  GPS품질거부:1
17:59:58  GPS재기준:0
17:59:58  RSSI원시:-71
17:59:58  RSSI평활:-74.1
17:59:58  RSSI샘플:14264
17:59:58  RSSI경과ms:23
17:59:58  차량수신:7003
17:59:58  시각ms:772145
17:59:58  IMU시각ms:772145
17:59:58  위험:0
17:59:58  GPS유효:1
17:59:58  위도:37.496452
17:59:58  경도:126.958038
17:59:58  속도:0.383
17:59:58  방향:167.4
17:59:58  GPS원시속도:0.648
17:59:58  GPS원시방향유효:1
17:59:58  GPS원시방향:167.4
17:59:58  가속도:4.132,2.782,6.014
17:59:58  자이로:3.863,13.863,10.710
17:59:58  자력계:-39.000,47.550,13.050
17:59:58  송신:7544
17:59:58  GPS위성:7
17:59:58  GPS_HDOP:1.67
17:59:58  원시위도:37.496456
17:59:58  원시경도:126.958042
17:59:58  GPS채택:1435
17:59:58  GPS이상치거부:0
17:59:58  GPS품질거부:1
17:59:58  GPS재기준:0
17:59:58  RSSI원시:-71
17:59:58  RSSI평활:-74.1
17:59:58  RSSI샘플:14264
17:59:58  RSSI경과ms:45
17:59:58  차량수신:7003
17:59:58  시각ms:772167
17:59:58  IMU시각ms:772167
17:59:58  위험:0
17:59:58  GPS유효:1
17:59:58  위도:37.496452
17:59:58  경도:126.958038
17:59:58  속도:0.383
17:59:58  방향:167.4
17:59:58  GPS원시속도:0.648
17:59:58  GPS원시방향유효:1
17:59:58  GPS원시방향:167.4
17:59:58  가속도:4.310,3.922,5.267
17:59:58  자이로:17.420,9.626,15.939
17:59:58  자력계:-39.300,46.050,12.300
17:59:58  송신:7544
17:59:58  GPS위성:7
17:59:58  GPS_HDOP:1.67
17:59:58  원시위도:37.496456
17:59:58  원시경도:126.958042
17:59:58  GPS채택:1435
17:59:58  GPS이상치거부:0
17:59:58  GPS품질거부:1
17:59:58  GPS재기준:0
17:59:58  RSSI원시:-71
17:59:58  RSSI평활:-73.5
17:59:58  RSSI샘플:14265
17:59:58  RSSI경과ms:4
17:59:58  차량수신:7004
17:59:58  시각ms:772201
17:59:58  IMU시각ms:772201
17:59:58  위험:0
17:59:58  GPS유효:1
17:59:58  위도:37.496452
17:59:58  경도:126.958038
17:59:58  속도:0.383
17:59:58  방향:167.4
17:59:58  GPS원시속도:0.648
17:59:58  GPS원시방향유효:1
17:59:58  GPS원시방향:167.4
17:59:58  가속도:4.673,4.132,5.535
17:59:58  자이로:34.954,4.924,17.107
17:59:58  자력계:-38.250,46.800,13.800
17:59:58  송신:7545
17:59:58  GPS위성:7
17:59:58  GPS_HDOP:1.67
17:59:58  원시위도:37.496456
17:59:58  원시경도:126.958042
17:59:58  GPS채택:1435
17:59:58  GPS이상치거부:0
17:59:58  GPS품질거부:1
17:59:58  GPS재기준:0
17:59:58  RSSI원시:-71
17:59:58  RSSI평활:-73.0
17:59:58  RSSI샘플:14266
17:59:58  RSSI경과ms:5
17:59:58  차량수신:7004
17:59:58  시각ms:772223
17:59:58  IMU시각ms:772223
17:59:58  위험:0
17:59:58  GPS유효:1
17:59:58  위도:37.496452
17:59:58  경도:126.958038
17:59:58  속도:0.383
17:59:58  방향:167.4
17:59:58  GPS원시속도:0.648
17:59:58  GPS원시방향유효:1
17:59:58  GPS원시방향:167.4
17:59:58  가속도:5.559,4.980,5.641
17:59:58  자이로:40.901,-11.794,18.015
17:59:58  자력계:-38.250,49.500,13.800
17:59:58  송신:7545
17:59:58  GPS위성:7
17:59:58  GPS_HDOP:1.67
17:59:58  원시위도:37.496456
17:59:58  원시경도:126.958042
17:59:58  GPS채택:1435
17:59:58  GPS이상치거부:0
17:59:58  GPS품질거부:1
17:59:58  GPS재기준:0
17:59:58  RSSI원시:-71
17:59:58  RSSI평활:-73.0
17:59:58  RSSI샘플:14266
17:59:58  RSSI경과ms:27
17:59:58  차량수신:7004
17:59:58  시각ms:772267
17:59:58  IMU시각ms:772267
17:59:58  위험:0
17:59:58  GPS유효:1
17:59:58  위도:37.496452
17:59:58  경도:126.958038
17:59:58  속도:0.383
17:59:58  방향:167.4
17:59:58  GPS원시속도:0.648
17:59:58  GPS원시방향유효:1
17:59:58  GPS원시방향:167.4
17:59:58  가속도:11.435,5.382,8.413
17:59:58  자이로:35.855,14.328,14.687
17:59:58  자력계:-38.250,48.300,13.050
17:59:58  송신:7545
17:59:58  GPS위성:7
17:59:58  GPS_HDOP:1.67
17:59:58  원시위도:37.496456
17:59:58  원시경도:126.958042
17:59:58  GPS채택:1435
17:59:58  GPS이상치거부:0
17:59:58  GPS품질거부:1
17:59:58  GPS재기준:0
17:59:58  RSSI원시:-71
17:59:58  RSSI평활:-72.6
17:59:58  RSSI샘플:14267
17:59:58  RSSI경과ms:2
17:59:58  차량수신:7005
17:59:58  시각ms:772300
17:59:58  IMU시각ms:772300
17:59:58  위험:0
17:59:58  GPS유효:1
17:59:58  위도:37.496452
17:59:58  경도:126.958038
17:59:58  속도:0.383
17:59:58  방향:167.4
17:59:58  GPS원시속도:0.648
17:59:58  GPS원시방향유효:1
17:59:58  GPS원시방향:167.4
17:59:58  가속도:8.255,5.253,8.667
17:59:58  자이로:34.389,-7.870,5.771
17:59:58  자력계:-38.250,49.950,12.750
17:59:58  송신:7546
17:59:58  GPS위성:7
17:59:58  GPS_HDOP:1.67
17:59:58  원시위도:37.496456
17:59:58  원시경도:126.958042
17:59:58  GPS채택:1435
17:59:58  GPS이상치거부:0
17:59:58  GPS품질거부:1
17:59:58  GPS재기준:0
17:59:58  RSSI원시:-71
17:59:58  RSSI평활:-72.3
17:59:58  RSSI샘플:14268
17:59:58  RSSI경과ms:13
17:59:58  차량수신:7005
17:59:58  시각ms:772322
17:59:58  IMU시각ms:772322
17:59:58  위험:0
17:59:58  GPS유효:1
17:59:58  위도:37.496452
17:59:58  경도:126.958038
17:59:58  속도:0.383
17:59:58  방향:167.4
17:59:58  GPS원시속도:0.648
17:59:58  GPS원시방향유효:1
17:59:58  GPS원시방향:167.4
17:59:58  가속도:5.751,3.323,-14.557
17:59:58  자이로:14.855,27.031,-1.092
17:59:58  자력계:-38.700,50.850,13.200
17:59:58  송신:7546
17:59:58  GPS위성:7
17:59:58  GPS_HDOP:1.67
17:59:58  원시위도:37.496456
17:59:58  원시경도:126.958042
17:59:58  GPS채택:1435
17:59:58  GPS이상치거부:0
17:59:58  GPS품질거부:1
17:59:58  GPS재기준:0
17:59:58  RSSI원시:-71
17:59:58  RSSI평활:-72.3
17:59:58  RSSI샘플:14268
17:59:58  RSSI경과ms:35
17:59:58  차량수신:7005
17:59:58  시각ms:772344
17:59:58  IMU시각ms:772344
17:59:58  위험:0
17:59:58  GPS유효:1
17:59:58  위도:37.496452
17:59:58  경도:126.958038
17:59:58  속도:0.383
17:59:58  방향:167.4
17:59:58  GPS원시속도:0.648
17:59:58  GPS원시방향유효:1
17:59:58  GPS원시방향:167.4
17:59:58  가속도:2.361,5.895,-4.041
17:59:58  자이로:-9.328,102.885,1.252
17:59:58  자력계:-37.200,51.600,13.200
17:59:58  송신:7546
17:59:58  GPS위성:7
17:59:58  GPS_HDOP:1.67
17:59:58  원시위도:37.496456
17:59:58  원시경도:126.958042
17:59:58  GPS채택:1435
17:59:58  GPS이상치거부:0
17:59:58  GPS품질거부:1
17:59:58  GPS재기준:0
17:59:58  RSSI원시:-71
17:59:58  RSSI평활:-72.3
17:59:58  RSSI샘플:14268
17:59:58  RSSI경과ms:57
17:59:58  차량수신:7005
17:59:58  시각ms:772474
17:59:58  IMU시각ms:772474
17:59:58  위험:0
17:59:58  GPS유효:1
17:59:58  위도:37.496452
17:59:58  경도:126.958038
17:59:58  속도:0.383
17:59:58  방향:167.4
17:59:58  GPS원시속도:0.648
17:59:58  GPS원시방향유효:1
17:59:58  GPS원시방향:167.4
17:59:58  가속도:3.428,3.333,6.919
17:59:58  자이로:-5.939,7.168,10.061
17:59:58  자력계:-36.150,50.850,13.200
17:59:58  송신:7547
17:59:58  GPS위성:7
17:59:58  GPS_HDOP:1.67
17:59:58  원시위도:37.496456
17:59:58  원시경도:126.958042
17:59:58  GPS채택:1435
17:59:58  GPS이상치거부:0
17:59:58  GPS품질거부:1
17:59:58  GPS재기준:0
17:59:58  RSSI원시:-66
17:59:58  RSSI평활:-69.5
17:59:58  RSSI샘플:14271
17:59:58  RSSI경과ms:2
17:59:58  차량수신:7007
17:59:58  시각ms:772507
17:59:58  IMU시각ms:772507
17:59:58  위험:0
17:59:58  GPS유효:1
17:59:58  위도:37.496452
17:59:58  경도:126.958038
17:59:58  속도:0.383
17:59:58  방향:167.4
17:59:58  GPS원시속도:0.648
17:59:58  GPS원시방향유효:1
17:59:58  GPS원시방향:167.4
17:59:58  가속도:4.041,4.041,6.153
17:59:58  자이로:3.916,0.992,7.954
17:59:58  자력계:-36.750,48.300,13.800
17:59:58  송신:7548
17:59:58  GPS위성:7
17:59:58  GPS_HDOP:1.67
17:59:58  원시위도:37.496456
17:59:58  원시경도:126.958042
17:59:58  GPS채택:1435
17:59:58  GPS이상치거부:0
17:59:58  GPS품질거부:1
17:59:58  GPS재기준:0
17:59:58  RSSI원시:-65
17:59:58  RSSI평활:-68.6
17:59:58  RSSI샘플:14272
17:59:58  RSSI경과ms:3
17:59:58  차량수신:7007
17:59:58  시각ms:772551
17:59:58  IMU시각ms:772551
17:59:58  위험:0
17:59:58  GPS유효:1
17:59:59  위도:37.496452
17:59:59  경도:126.958038
17:59:59  속도:0.383
17:59:59  방향:167.4
17:59:59  GPS원시속도:0.648
17:59:59  GPS원시방향유효:1
17:59:59  GPS원시방향:167.4
17:59:59  가속도:5.358,4.506,6.852
17:59:59  자이로:4.916,-1.511,2.664
17:59:59  자력계:-34.950,49.650,13.950
17:59:59  송신:7548
17:59:59  GPS위성:7
17:59:59  GPS_HDOP:1.67
17:59:59  원시위도:37.496456
17:59:59  원시경도:126.958042
17:59:59  GPS채택:1435
17:59:59  GPS이상치거부:0
17:59:59  GPS품질거부:1
17:59:59  GPS재기준:0
17:59:59  RSSI원시:-65
17:59:59  RSSI평활:-68.6
17:59:59  RSSI샘플:14272
17:59:59  RSSI경과ms:47
17:59:59  차량수신:7007
17:59:59  시각ms:772682
17:59:59  IMU시각ms:772682
17:59:59  위험:0
17:59:59  GPS유효:1
17:59:59  위도:37.496456
17:59:59  경도:126.958046
17:59:59  속도:0.436
17:59:59  방향:167.4
17:59:59  GPS원시속도:0.535
17:59:59  GPS원시방향유효:1
17:59:59  GPS원시방향:167.4
17:59:59  가속도:19.613,-13.159,5.746
17:59:59  자이로:49.573,-68.832,-1.534
17:59:59  자력계:-36.300,50.250,14.250
17:59:59  송신:7549
17:59:59  GPS위성:7
17:59:59  GPS_HDOP:1.67
17:59:59  원시위도:37.496459
17:59:59  원시경도:126.958044
17:59:59  GPS채택:1436
17:59:59  GPS이상치거부:0
17:59:59  GPS품질거부:1
17:59:59  GPS재기준:0
17:59:59  RSSI원시:-63
17:59:59  RSSI평활:-65.9
17:59:59  RSSI샘플:14275
17:59:59  RSSI경과ms:16
17:59:59  차량수신:7009
17:59:59  시각ms:772739
17:59:59  IMU시각ms:772739
17:59:59  위험:0
17:59:59  GPS유효:1
17:59:59  위도:37.496456
17:59:59  경도:126.958046
17:59:59  속도:0.436
17:59:59  방향:167.4
17:59:59  GPS원시속도:0.535
17:59:59  GPS원시방향유효:1
17:59:59  GPS원시방향:167.4
17:59:59  가속도:5.751,6.282,12.321
17:59:59  자이로:14.198,58.290,10.794
17:59:59  자력계:-37.800,51.750,12.300
17:59:59  송신:7550
17:59:59  GPS위성:7
17:59:59  GPS_HDOP:1.67
17:59:59  원시위도:37.496459
17:59:59  원시경도:126.958044
17:59:59  GPS채택:1436
17:59:59  GPS이상치거부:0
17:59:59  GPS품질거부:1
17:59:59  GPS재기준:0
17:59:59  RSSI원시:-63
17:59:59  RSSI평활:-65.3
17:59:59  RSSI샘플:14276
17:59:59  RSSI경과ms:13
17:59:59  차량수신:7009
17:59:59  시각ms:772783
17:59:59  IMU시각ms:772783
17:59:59  위험:0
17:59:59  GPS유효:1
17:59:59  위도:37.496456
17:59:59  경도:126.958046
17:59:59  속도:0.471
17:59:59  방향:167.4
17:59:59  GPS원시속도:0.535
17:59:59  GPS원시방향유효:1
17:59:59  GPS원시방향:167.4
17:59:59  가속도:8.696,3.084,6.589
17:59:59  자이로:27.695,9.802,-1.931
17:59:59  자력계:-35.700,51.300,13.950
17:59:59  송신:7550
17:59:59  GPS위성:7
17:59:59  GPS_HDOP:1.26
17:59:59  원시위도:37.496459
17:59:59  원시경도:126.958044
17:59:59  GPS채택:1437
17:59:59  GPS이상치거부:0
17:59:59  GPS품질거부:1
17:59:59  GPS재기준:0
17:59:59  RSSI원시:-63
17:59:59  RSSI평활:-64.8
17:59:59  RSSI샘플:14277
17:59:59  RSSI경과ms:17
17:59:59  차량수신:7010
17:59:59  시각ms:772941
17:59:59  IMU시각ms:772941
17:59:59  위험:0
17:59:59  GPS유효:1
17:59:59  위도:37.496456
17:59:59  경도:126.958046
17:59:59  속도:0.471
17:59:59  방향:167.4
17:59:59  GPS원시속도:0.535
17:59:59  GPS원시방향유효:1
17:59:59  GPS원시방향:167.4
17:59:59  가속도:4.046,3.376,5.981
17:59:59  자이로:-7.962,15.092,-5.771
17:59:59  자력계:-35.250,48.750,14.550
17:59:59  송신:7552
17:59:59  GPS위성:7
17:59:59  GPS_HDOP:1.26
17:59:59  원시위도:37.496459
17:59:59  원시경도:126.958044
17:59:59  GPS채택:1437
17:59:59  GPS이상치거부:0
17:59:59  GPS품질거부:1
17:59:59  GPS재기준:0
17:59:59  RSSI원시:-61
17:59:59  RSSI평활:-63.3
17:59:59  RSSI샘플:14280
17:59:59  RSSI경과ms:11
17:59:59  차량수신:7011
17:59:59  시각ms:772963
17:59:59  IMU시각ms:772963
17:59:59  위험:0
17:59:59  GPS유효:1
17:59:59  위도:37.496456
17:59:59  경도:126.958046
17:59:59  속도:0.471
17:59:59  방향:167.4
17:59:59  GPS원시속도:0.535
17:59:59  GPS원시방향유효:1
17:59:59  GPS원시방향:167.4
17:59:59  가속도:4.372,3.112,6.340
17:59:59  자이로:1.351,18.252,-6.160
17:59:59  자력계:-35.250,48.000,12.300
17:59:59  송신:7552
17:59:59  GPS위성:7
17:59:59  GPS_HDOP:1.26
17:59:59  원시위도:37.496459
17:59:59  원시경도:126.958044
17:59:59  GPS채택:1437
17:59:59  GPS이상치거부:0
17:59:59  GPS품질거부:1
17:59:59  GPS재기준:0
17:59:59  RSSI원시:-61
17:59:59  RSSI평활:-63.3
17:59:59  RSSI샘플:14280
17:59:59  RSSI경과ms:33
17:59:59  차량수신:7011
17:59:59  시각ms:772985
17:59:59  IMU시각ms:772985
17:59:59  위험:0
17:59:59  GPS유효:1
17:59:59  위도:37.496456
17:59:59  경도:126.958046
17:59:59  속도:0.471
17:59:59  방향:167.4
17:59:59  GPS원시속도:0.535
17:59:59  GPS원시방향유효:1
17:59:59  GPS원시방향:167.4
17:59:59  가속도:3.893,3.132,6.134
17:59:59  자이로:5.420,16.802,-5.405
17:59:59  자력계:-36.300,47.250,12.300
17:59:59  송신:7552
17:59:59  GPS위성:7
17:59:59  GPS_HDOP:1.26
17:59:59  원시위도:37.496459
17:59:59  원시경도:126.958044
17:59:59  GPS채택:1437
17:59:59  GPS이상치거부:0
17:59:59  GPS품질거부:1
17:59:59  GPS재기준:0
17:59:59  RSSI원시:-61
17:59:59  RSSI평활:-62.8
17:59:59  RSSI샘플:14281
17:59:59  RSSI경과ms:15
17:59:59  차량수신:7012
17:59:59  시각ms:773085
17:59:59  IMU시각ms:773085
17:59:59  위험:0
17:59:59  GPS유효:1
17:59:59  위도:37.496456
17:59:59  경도:126.958046
17:59:59  속도:0.471
17:59:59  방향:167.4
17:59:59  GPS원시속도:0.535
17:59:59  GPS원시방향유효:1
17:59:59  GPS원시방향:167.4
17:59:59  가속도:4.314,4.966,6.239
17:59:59  자이로:7.496,-9.725,-9.214
17:59:59  자력계:-36.000,48.750,11.700
17:59:59  송신:7553
17:59:59  GPS위성:7
17:59:59  GPS_HDOP:1.26
17:59:59  원시위도:37.496459
17:59:59  원시경도:126.958044
17:59:59  GPS채택:1437
17:59:59  GPS이상치거부:0
17:59:59  GPS품질거부:1
17:59:59  GPS재기준:0
17:59:59  RSSI원시:-62
17:59:59  RSSI평활:-62.6
17:59:59  RSSI샘플:14282
17:59:59  RSSI경과ms:70
17:59:59  차량수신:7012
17:59:59  시각ms:773120
17:59:59  IMU시각ms:773120
17:59:59  위험:0
17:59:59  GPS유효:1
17:59:59  위도:37.496456
17:59:59  경도:126.958046
17:59:59  속도:0.471
17:59:59  방향:167.4
17:59:59  GPS원시속도:0.535
17:59:59  GPS원시방향유효:1
17:59:59  GPS원시방향:167.4
17:59:59  가속도:6.062,5.018,5.646
17:59:59  자이로:12.779,-14.740,-7.924
17:59:59  자력계:-35.400,48.900,13.650
17:59:59  송신:7554
17:59:59  GPS위성:7
17:59:59  GPS_HDOP:1.26
17:59:59  원시위도:37.496459
17:59:59  원시경도:126.958044
17:59:59  GPS채택:1437
17:59:59  GPS이상치거부:0
17:59:59  GPS품질거부:1
17:59:59  GPS재기준:0
17:59:59  RSSI원시:-64
17:59:59  RSSI평활:-62.9
17:59:59  RSSI샘플:14283
17:59:59  RSSI경과ms:1
17:59:59  차량수신:7012
17:59:59  시각ms:773142
17:59:59  IMU시각ms:773142
17:59:59  위험:0
17:59:59  GPS유효:1
17:59:59  위도:37.496456
17:59:59  경도:126.958046
17:59:59  속도:0.471
17:59:59  방향:167.4
17:59:59  GPS원시속도:0.535
17:59:59  GPS원시방향유효:1
17:59:59  GPS원시방향:167.4
17:59:59  가속도:6.795,5.282,4.583
17:59:59  자이로:30.160,-16.458,-6.511
17:59:59  자력계:-36.450,48.600,13.950
17:59:59  송신:7554
17:59:59  GPS위성:7
17:59:59  GPS_HDOP:1.26
17:59:59  원시위도:37.496459
17:59:59  원시경도:126.958044
17:59:59  GPS채택:1437
17:59:59  GPS이상치거부:0
17:59:59  GPS품질거부:1
17:59:59  GPS재기준:0
17:59:59  RSSI원시:-64
17:59:59  RSSI평활:-62.9
17:59:59  RSSI샘플:14283
17:59:59  RSSI경과ms:23
17:59:59  차량수신:7012
17:59:59  시각ms:773164
17:59:59  IMU시각ms:773164
17:59:59  위험:0
17:59:59  GPS유효:1
17:59:59  위도:37.496456
17:59:59  경도:126.958046
17:59:59  속도:0.471
17:59:59  방향:167.4
17:59:59  GPS원시속도:0.535
17:59:59  GPS원시방향유효:1
17:59:59  GPS원시방향:167.4
17:59:59  가속도:7.049,6.297,5.353
17:59:59  자이로:49.458,-7.702,-9.183
17:59:59  자력계:-36.900,47.850,13.650
17:59:59  송신:7554
17:59:59  GPS위성:7
17:59:59  GPS_HDOP:1.26
17:59:59  원시위도:37.496459
17:59:59  원시경도:126.958044
17:59:59  GPS채택:1437
17:59:59  GPS이상치거부:0
17:59:59  GPS품질거부:1
17:59:59  GPS재기준:0
17:59:59  RSSI원시:-64
17:59:59  RSSI평활:-62.9
17:59:59  RSSI샘플:14283
17:59:59  RSSI경과ms:45
17:59:59  차량수신:7012
17:59:59  시각ms:773219
17:59:59  IMU시각ms:773219
17:59:59  위험:0
17:59:59  GPS유효:1
17:59:59  위도:37.496456
17:59:59  경도:126.958046
17:59:59  속도:0.471
17:59:59  방향:167.4
17:59:59  GPS원시속도:0.535
17:59:59  GPS원시방향유효:1
17:59:59  GPS원시방향:167.4
17:59:59  가속도:1.274,10.070,19.613
17:59:59  자이로:56.595,-35.611,-23.206
17:59:59  자력계:-35.700,53.100,13.200
17:59:59  송신:7555
17:59:59  GPS위성:7
17:59:59  GPS_HDOP:1.26
17:59:59  원시위도:37.496459
17:59:59  원시경도:126.958044
17:59:59  GPS채택:1437
17:59:59  GPS이상치거부:0
17:59:59  GPS품질거부:1
17:59:59  GPS재기준:0
17:59:59  RSSI원시:-66
17:59:59  RSSI평활:-64.0
17:59:59  RSSI샘플:14285
17:59:59  RSSI경과ms:9
17:59:59  차량수신:7013
17:59:59  시각ms:773241
17:59:59  IMU시각ms:773241
17:59:59  위험:0
17:59:59  GPS유효:1
17:59:59  위도:37.496456
17:59:59  경도:126.958046
17:59:59  속도:0.471
17:59:59  방향:167.4
17:59:59  GPS원시속도:0.535
17:59:59  GPS원시방향유효:1
17:59:59  GPS원시방향:167.4
17:59:59  가속도:10.180,1.772,19.613
17:59:59  자이로:11.618,57.122,-16.366
17:59:59  자력계:-37.200,53.550,13.650
17:59:59  송신:7555
17:59:59  GPS위성:7
17:59:59  GPS_HDOP:1.26
17:59:59  원시위도:37.496459
17:59:59  원시경도:126.958044
17:59:59  GPS채택:1437
17:59:59  GPS이상치거부:0
17:59:59  GPS품질거부:1
17:59:59  GPS재기준:0
17:59:59  RSSI원시:-66
17:59:59  RSSI평활:-64.0
17:59:59  RSSI샘플:14285
17:59:59  RSSI경과ms:31
17:59:59  차량수신:7013
17:59:59  시각ms:773263
17:59:59  IMU시각ms:773263
17:59:59  위험:0
17:59:59  GPS유효:1
17:59:59  위도:37.496456
17:59:59  경도:126.958046
17:59:59  속도:0.471
17:59:59  방향:167.4
17:59:59  GPS원시속도:0.535
17:59:59  GPS원시방향유효:1
17:59:59  GPS원시방향:167.4
17:59:59  가속도:10.190,3.989,16.395
17:59:59  자이로:-7.939,59.588,4.260
17:59:59  자력계:-36.450,55.050,14.700
17:59:59  송신:7555
17:59:59  GPS위성:7
17:59:59  GPS_HDOP:1.26
17:59:59  원시위도:37.496459
17:59:59  원시경도:126.958044
17:59:59  GPS채택:1437
17:59:59  GPS이상치거부:0
17:59:59  GPS품질거부:1
17:59:59  GPS재기준:0
17:59:59  RSSI원시:-66
17:59:59  RSSI평활:-64.0
17:59:59  RSSI샘플:14285
17:59:59  RSSI경과ms:53
17:59:59  차량수신:7013
17:59:59  시각ms:773285
17:59:59  IMU시각ms:773285
17:59:59  위험:0
17:59:59  GPS유효:1
17:59:59  위도:37.496456
17:59:59  경도:126.958046
17:59:59  속도:0.471
17:59:59  방향:167.4
17:59:59  GPS원시속도:0.535
17:59:59  GPS원시방향유효:1
17:59:59  GPS원시방향:167.4
17:59:59  가속도:3.189,11.028,11.717
17:59:59  자이로:40.153,20.824,-15.656
17:59:59  자력계:-33.900,53.550,12.900
17:59:59  송신:7555
17:59:59  GPS위성:7
17:59:59  GPS_HDOP:1.26
17:59:59  원시위도:37.496459
17:59:59  원시경도:126.958044
17:59:59  GPS채택:1437
17:59:59  GPS이상치거부:0
17:59:59  GPS품질거부:1
17:59:59  GPS재기준:0
17:59:59  RSSI원시:-64
17:59:59  RSSI평활:-64.0
17:59:59  RSSI샘플:14286
17:59:59  RSSI경과ms:3
17:59:59  차량수신:7014
17:59:59  시각ms:773319
17:59:59  IMU시각ms:773307
17:59:59  위험:0
17:59:59  GPS유효:1
17:59:59  위도:37.496456
17:59:59  경도:126.958046
17:59:59  속도:0.471
17:59:59  방향:167.4
17:59:59  GPS원시속도:0.535
17:59:59  GPS원시방향유효:1
17:59:59  GPS원시방향:167.4
17:59:59  가속도:9.242,2.523,12.119
17:59:59  자이로:12.786,32.763,-14.565
17:59:59  자력계:-34.200,54.750,12.600
17:59:59  송신:7556
17:59:59  GPS위성:7
17:59:59  GPS_HDOP:1.26
17:59:59  원시위도:37.496459
17:59:59  원시경도:126.958044
17:59:59  GPS채택:1437
17:59:59  GPS이상치거부:0
17:59:59  GPS품질거부:1
17:59:59  GPS재기준:0
17:59:59  RSSI원시:-64
17:59:59  RSSI평활:-64.0
17:59:59  RSSI샘플:14287
17:59:59  RSSI경과ms:5
17:59:59  차량수신:7014
17:59:59  시각ms:773327
17:59:59  IMU시각ms:773327
17:59:59  위험:0
17:59:59  GPS유효:1
17:59:59  위도:37.496456
17:59:59  경도:126.958046
17:59:59  속도:0.471
17:59:59  방향:167.4
17:59:59  GPS원시속도:0.535
17:59:59  GPS원시방향유효:1
17:59:59  GPS원시방향:167.4
17:59:59  가속도:2.576,6.019,8.499
17:59:59  자이로:-8.427,9.580,-9.840
17:59:59  자력계:-33.300,54.900,11.250
17:59:59  송신:7556
17:59:59  GPS위성:7
17:59:59  GPS_HDOP:1.26
17:59:59  원시위도:37.496459
17:59:59  원시경도:126.958044
17:59:59  GPS채택:1437
17:59:59  GPS이상치거부:0
17:59:59  GPS품질거부:1
17:59:59  GPS재기준:0
17:59:59  RSSI원시:-64
17:59:59  RSSI평활:-64.0
17:59:59  RSSI샘플:14287
17:59:59  RSSI경과ms:13
17:59:59  차량수신:7014
17:59:59  시각ms:773349
17:59:59  IMU시각ms:773349
17:59:59  위험:0
17:59:59  GPS유효:1
17:59:59  위도:37.496456
17:59:59  경도:126.958046
17:59:59  속도:0.471
17:59:59  방향:167.4
17:59:59  GPS원시속도:0.535
17:59:59  GPS원시방향유효:1
17:59:59  GPS원시방향:167.4
17:59:59  가속도:3.021,4.410,6.029
17:59:59  자이로:-35.229,-9.763,-9.794
17:59:59  자력계:-33.150,55.800,12.600
17:59:59  송신:7556
17:59:59  GPS위성:7
17:59:59  GPS_HDOP:1.26
17:59:59  원시위도:37.496459
17:59:59  원시경도:126.958044
17:59:59  GPS채택:1437
17:59:59  GPS이상치거부:0
17:59:59  GPS품질거부:1
17:59:59  GPS재기준:0
17:59:59  RSSI원시:-64
17:59:59  RSSI평활:-64.0
17:59:59  RSSI샘플:14287
17:59:59  RSSI경과ms:35
17:59:59  차량수신:7014
17:59:59  시각ms:773371
17:59:59  IMU시각ms:773371
17:59:59  위험:0
17:59:59  GPS유효:1
17:59:59  위도:37.496456
17:59:59  경도:126.958046
17:59:59  속도:0.471
17:59:59  방향:167.4
17:59:59  GPS원시속도:0.535
17:59:59  GPS원시방향유효:1
17:59:59  GPS원시방향:167.4
17:59:59  가속도:2.394,4.956,6.163
17:59:59  자이로:-36.450,-4.298,-11.000
17:59:59  자력계:-34.650,54.000,12.900
17:59:59  송신:7556
17:59:59  GPS위성:7
17:59:59  GPS_HDOP:1.26
17:59:59  원시위도:37.496459
17:59:59  원시경도:126.958044
17:59:59  GPS채택:1437
17:59:59  GPS이상치거부:0
17:59:59  GPS품질거부:1
17:59:59  GPS재기준:0
17:59:59  RSSI원시:-65
17:59:59  RSSI평활:-64.2
17:59:59  RSSI샘플:14288
17:59:59  RSSI경과ms:3
17:59:59  차량수신:7015
17:59:59  시각ms:773393
17:59:59  IMU시각ms:773393
17:59:59  위험:0
17:59:59  GPS유효:1
17:59:59  위도:37.496456
17:59:59  경도:126.958046
17:59:59  속도:0.471
17:59:59  방향:167.4
17:59:59  GPS원시속도:0.535
17:59:59  GPS원시방향유효:1
17:59:59  GPS원시방향:167.4
17:59:59  가속도:3.280,4.755,6.780
17:59:59  자이로:-34.130,-6.634,-6.855
17:59:59  자력계:-32.400,54.000,12.900
17:59:59  송신:7556
17:59:59  GPS위성:7
17:59:59  GPS_HDOP:1.26
17:59:59  원시위도:37.496459
17:59:59  원시경도:126.958044
17:59:59  GPS채택:1437
17:59:59  GPS이상치거부:0
17:59:59  GPS품질거부:1
17:59:59  GPS재기준:0
17:59:59  RSSI원시:-65
17:59:59  RSSI평활:-64.2
17:59:59  RSSI샘플:14288
17:59:59  RSSI경과ms:25
17:59:59  차량수신:7015
17:59:59  시각ms:773426
17:59:59  IMU시각ms:773426
17:59:59  위험:0
17:59:59  GPS유효:1
17:59:59  위도:37.496456
17:59:59  경도:126.958046
17:59:59  속도:0.471
17:59:59  방향:167.4
17:59:59  GPS원시속도:0.535
17:59:59  GPS원시방향유효:1
17:59:59  GPS원시방향:167.4
17:59:59  가속도:2.969,4.448,4.611
17:59:59  자이로:-23.336,-4.779,-5.496
17:59:59  자력계:-33.450,54.000,13.950
17:59:59  송신:7557
17:59:59  GPS위성:7
17:59:59  GPS_HDOP:1.26
17:59:59  원시위도:37.496459
17:59:59  원시경도:126.958044
17:59:59  GPS채택:1437
17:59:59  GPS이상치거부:0
17:59:59  GPS품질거부:1
17:59:59  GPS재기준:0
17:59:59  RSSI원시:-65
17:59:59  RSSI평활:-64.4
17:59:59  RSSI샘플:14289
17:59:59  RSSI경과ms:8
17:59:59  차량수신:7015
17:59:59  시각ms:773448
17:59:59  IMU시각ms:773448
17:59:59  위험:0
17:59:59  GPS유효:1
17:59:59  위도:37.496456
17:59:59  경도:126.958046
17:59:59  속도:0.471
17:59:59  방향:167.4
17:59:59  GPS원시속도:0.535
17:59:59  GPS원시방향유효:1
17:59:59  GPS원시방향:167.4
17:59:59  가속도:3.476,4.300,4.697
17:59:59  자이로:-12.076,2.137,-4.160
17:59:59  자력계:-33.900,54.750,11.850
17:59:59  송신:7557
17:59:59  GPS위성:7
17:59:59  GPS_HDOP:1.26
17:59:59  원시위도:37.496459
17:59:59  원시경도:126.958044
17:59:59  GPS채택:1437
17:59:59  GPS이상치거부:0
17:59:59  GPS품질거부:1
17:59:59  GPS재기준:0
17:59:59  RSSI원시:-65
17:59:59  RSSI평활:-64.4
17:59:59  RSSI샘플:14289
17:59:59  RSSI경과ms:30
17:59:59  차량수신:7015
17:59:59  시각ms:773492
17:59:59  IMU시각ms:773492
17:59:59  위험:0
17:59:59  GPS유효:1
17:59:59  위도:37.496456
17:59:59  경도:126.958046
17:59:59  속도:0.471
17:59:59  방향:167.4
17:59:59  GPS원시속도:0.535
17:59:59  GPS원시방향유효:1
17:59:59  GPS원시방향:167.4
17:59:59  가속도:3.529,4.563,3.639
17:59:59  자이로:25.137,17.779,-6.145
17:59:59  자력계:-33.150,53.550,13.200
17:59:59  송신:7557
17:59:59  GPS위성:7
17:59:59  GPS_HDOP:1.26
17:59:59  원시위도:37.496459
17:59:59  원시경도:126.958044
17:59:59  GPS채택:1437
17:59:59  GPS이상치거부:0
17:59:59  GPS품질거부:1
17:59:59  GPS재기준:0
17:59:59  RSSI원시:-65
17:59:59  RSSI평활:-64.5
17:59:59  RSSI샘플:14290
17:59:59  RSSI경과ms:24
17:59:59  차량수신:7016
17:59:59  시각ms:773526
17:59:59  IMU시각ms:773514
17:59:59  위험:0
17:59:59  GPS유효:1
17:59:59  위도:37.496456
17:59:59  경도:126.958046
17:59:59  속도:0.471
17:59:59  방향:167.4
17:59:59  GPS원시속도:0.535
17:59:59  GPS원시방향유효:1
17:59:59  GPS원시방향:167.4
17:59:59  가속도:3.903,5.200,4.305
17:59:59  자이로:44.153,23.771,-7.573
17:59:59  자력계:-33.750,52.650,12.300
17:59:59  송신:7558
17:59:59  GPS위성:7
17:59:59  GPS_HDOP:1.26
17:59:59  원시위도:37.496459
17:59:59  원시경도:126.958044
17:59:59  GPS채택:1437
17:59:59  GPS이상치거부:0
17:59:59  GPS품질거부:1
17:59:59  GPS재기준:0
17:59:59  RSSI원시:-69
17:59:59  RSSI평활:-65.4
17:59:59  RSSI샘플:14291
17:59:59  RSSI경과ms:1
17:59:59  차량수신:7016
18:00:00  시각ms:773534
18:00:00  IMU시각ms:773534
18:00:00  위험:0
18:00:00  GPS유효:1
18:00:00  위도:37.496456
18:00:00  경도:126.958046
18:00:00  속도:0.471
18:00:00  방향:167.4
18:00:00  GPS원시속도:0.535
18:00:00  GPS원시방향유효:1
18:00:00  GPS원시방향:167.4
18:00:00  가속도:4.310,5.746,4.501
18:00:00  자이로:55.344,23.137,-4.763
18:00:00  자력계:-34.500,54.450,13.800
18:00:00  송신:7558
18:00:00  GPS위성:7
18:00:00  GPS_HDOP:1.26
18:00:00  원시위도:37.496459
18:00:00  원시경도:126.958044
18:00:00  GPS채택:1437
18:00:00  GPS이상치거부:0
18:00:00  GPS품질거부:1
18:00:00  GPS재기준:0
18:00:00  RSSI원시:-69
18:00:00  RSSI평활:-65.4
18:00:00  RSSI샘플:14291
18:00:00  RSSI경과ms:9
18:00:00  차량수신:7016
18:00:00  시각ms:773556
18:00:00  IMU시각ms:773556
18:00:00  위험:0
18:00:00  GPS유효:1
18:00:00  위도:37.496456
18:00:00  경도:126.958046
18:00:00  속도:0.471
18:00:00  방향:167.4
18:00:00  GPS원시속도:0.535
18:00:00  GPS원시방향유효:1
18:00:00  GPS원시방향:167.4
18:00:00  가속도:5.258,6.397,5.406
18:00:00  자이로:54.397,16.321,0.053
18:00:00  자력계:-31.650,57.750,13.950
18:00:00  송신:7558
18:00:00  GPS위성:7
18:00:00  GPS_HDOP:1.26
18:00:00  원시위도:37.496459
18:00:00  원시경도:126.958044
18:00:00  GPS채택:1437
18:00:00  GPS이상치거부:0
18:00:00  GPS품질거부:1
18:00:00  GPS재기준:0
18:00:00  RSSI원시:-69
18:00:00  RSSI평활:-65.4
18:00:00  RSSI샘플:14291
18:00:00  RSSI경과ms:31
18:00:00  차량수신:7016
18:00:00  시각ms:773578
18:00:00  IMU시각ms:773578
18:00:00  위험:0
18:00:00  GPS유효:1
18:00:00  위도:37.496456
18:00:00  경도:126.958046
18:00:00  속도:0.471
18:00:00  방향:167.4
18:00:00  GPS원시속도:0.535
18:00:00  GPS원시방향유효:1
18:00:00  GPS원시방향:167.4
18:00:00  가속도:5.109,7.140,3.941
18:00:00  자이로:49.924,2.412,4.023
18:00:00  자력계:-31.800,58.350,13.800
18:00:00  송신:7558
18:00:00  GPS위성:7
18:00:00  GPS_HDOP:1.26
18:00:00  원시위도:37.496459
18:00:00  원시경도:126.958044
18:00:00  GPS채택:1437
18:00:00  GPS이상치거부:0
18:00:00  GPS품질거부:1
18:00:00  GPS재기준:0
18:00:00  RSSI원시:-71
18:00:00  RSSI평활:-66.5
18:00:00  RSSI샘플:14292
18:00:00  RSSI경과ms:10
18:00:00  차량수신:7017
18:00:00  시각ms:773600
18:00:00  IMU시각ms:773600
18:00:00  위험:0
18:00:00  GPS유효:1
18:00:00  위도:37.496456
18:00:00  경도:126.958046
18:00:00  속도:0.471
18:00:00  방향:167.4
18:00:00  GPS원시속도:0.535
18:00:00  GPS원시방향유효:1
18:00:00  GPS원시방향:167.4
18:00:00  가속도:5.612,7.599,5.890
18:00:00  자이로:46.412,-14.397,5.489
18:00:00  자력계:-30.450,57.750,14.700
18:00:00  송신:7558
18:00:00  GPS위성:7
18:00:00  GPS_HDOP:1.26
18:00:00  원시위도:37.496459
18:00:00  원시경도:126.958044
18:00:00  GPS채택:1437
18:00:00  GPS이상치거부:0
18:00:00  GPS품질거부:1
18:00:00  GPS재기준:0
18:00:00  RSSI원시:-71
18:00:00  RSSI평활:-66.5
18:00:00  RSSI샘플:14292
18:00:00  RSSI경과ms:32
18:00:00  차량수신:7017
18:00:00  시각ms:773635
18:00:00  IMU시각ms:773635
18:00:00  위험:0
18:00:00  GPS유효:1
18:00:00  위도:37.496456
18:00:00  경도:126.958046
18:00:00  속도:0.471
18:00:00  방향:167.4
18:00:00  GPS원시속도:0.535
18:00:00  GPS원시방향유효:1
18:00:00  GPS원시방향:167.4
18:00:00  가속도:5.909,7.925,6.239
18:00:00  자이로:22.122,-51.473,12.214
18:00:00  자력계:-32.700,58.500,13.650
18:00:00  송신:7559
18:00:00  GPS위성:7
18:00:00  GPS_HDOP:1.26
18:00:00  원시위도:37.496459
18:00:00  원시경도:126.958044
18:00:00  GPS채택:1437
18:00:00  GPS이상치거부:0
18:00:00  GPS품질거부:1
18:00:00  GPS재기준:0
18:00:00  RSSI원시:-71
18:00:00  RSSI평활:-66.5
18:00:00  RSSI샘플:14292
18:00:00  RSSI경과ms:67
18:00:00  차량수신:7017
18:00:00  시각ms:773679
18:00:00  IMU시각ms:773679
18:00:00  위험:0
18:00:00  GPS유효:1
18:00:00  위도:37.496460
18:00:00  경도:126.958046
18:00:00  속도:0.587
18:00:00  방향:167.4
18:00:00  GPS원시속도:0.803
18:00:00  GPS원시방향유효:1
18:00:00  GPS원시방향:167.4
18:00:00  가속도:-0.690,9.764,2.461
18:00:00  자이로:-26.977,16.687,-14.542
18:00:00  자력계:-34.800,60.600,13.500
18:00:00  송신:7559
18:00:00  GPS위성:7
18:00:00  GPS_HDOP:1.26
18:00:00  원시위도:37.496465
18:00:00  원시경도:126.958048
18:00:00  GPS채택:1438
18:00:00  GPS이상치거부:0
18:00:00  GPS품질거부:1
18:00:00  GPS재기준:0
18:00:00  RSSI원시:-71
18:00:00  RSSI평활:-68.0
18:00:00  RSSI샘플:14294
18:00:00  RSSI경과ms:9
18:00:00  차량수신:7018
18:00:00  시각ms:773701
18:00:00  IMU시각ms:773701
18:00:00  위험:0
18:00:00  GPS유효:1
18:00:00  위도:37.496460
18:00:00  경도:126.958046
18:00:00  속도:0.587
18:00:00  방향:167.4
18:00:00  GPS원시속도:0.803
18:00:00  GPS원시방향유효:1
18:00:00  GPS원시방향:167.4
18:00:00  가속도:0.546,10.223,-0.043
18:00:00  자이로:-18.053,15.443,-17.397
18:00:00  자력계:-33.450,60.450,13.650
18:00:00  송신:7559
18:00:00  GPS위성:7
18:00:00  GPS_HDOP:1.26
18:00:00  원시위도:37.496465
18:00:00  원시경도:126.958048
18:00:00  GPS채택:1438
18:00:00  GPS이상치거부:0
18:00:00  GPS품질거부:1
18:00:00  GPS재기준:0
18:00:00  RSSI원시:-71
18:00:00  RSSI평활:-68.0
18:00:00  RSSI샘플:14294
18:00:00  RSSI경과ms:31
18:00:00  차량수신:7018
18:00:00  시각ms:773802
18:00:00  IMU시각ms:773802
18:00:00  위험:0
18:00:00  GPS유효:1
18:00:00  위도:37.496460
18:00:00  경도:126.958046
18:00:00  속도:0.662
18:00:00  방향:167.4
18:00:00  GPS원시속도:0.803
18:00:00  GPS원시방향유효:1
18:00:00  GPS원시방향:167.4
18:00:00  가속도:3.165,6.704,6.124
18:00:00  자이로:-31.878,-16.977,-21.046
18:00:00  자력계:-34.800,58.800,13.500
18:00:00  송신:7560
18:00:00  GPS위성:7
18:00:00  GPS_HDOP:1.26
18:00:00  원시위도:37.496465
18:00:00  원시경도:126.958048
18:00:00  GPS채택:1439
18:00:00  GPS이상치거부:0
18:00:00  GPS품질거부:1
18:00:00  GPS재기준:0
18:00:00  RSSI원시:-70
18:00:00  RSSI평활:-68.7
18:00:00  RSSI샘플:14296
18:00:00  RSSI경과ms:26
18:00:00  차량수신:7019
18:00:00  시각ms:773881
18:00:00  IMU시각ms:773881
18:00:00  위험:0
18:00:00  GPS유효:1
18:00:00  위도:37.496460
18:00:00  경도:126.958046
18:00:00  속도:0.662
18:00:00  방향:167.4
18:00:00  GPS원시속도:0.803
18:00:00  GPS원시방향유효:1
18:00:00  GPS원시방향:167.4
18:00:00  가속도:3.630,5.258,4.108
18:00:00  자이로:1.374,4.260,-15.809
18:00:00  자력계:-34.650,55.500,13.200
18:00:00  송신:7561
18:00:00  GPS위성:7
18:00:00  GPS_HDOP:1.26
18:00:00  원시위도:37.496465
18:00:00  원시경도:126.958048
18:00:00  GPS채택:1439
18:00:00  GPS이상치거부:0
18:00:00  GPS품질거부:1
18:00:00  GPS재기준:0
18:00:00  RSSI원시:-69
18:00:00  RSSI평활:-69.0
18:00:00  RSSI샘플:14298
18:00:00  RSSI경과ms:11
18:00:00  차량수신:7020
18:00:00  시각ms:773903
18:00:00  IMU시각ms:773903
18:00:00  위험:0
18:00:00  GPS유효:1
18:00:00  위도:37.496460
18:00:00  경도:126.958046
18:00:00  속도:0.662
18:00:00  방향:167.4
18:00:00  GPS원시속도:0.803
18:00:00  GPS원시방향유효:1
18:00:00  GPS원시방향:167.4
18:00:00  가속도:3.132,5.406,4.286
18:00:00  자이로:25.939,12.885,-14.008
18:00:00  자력계:-33.150,55.500,12.900
18:00:00  송신:7561
18:00:00  GPS위성:7
18:00:00  GPS_HDOP:1.26
18:00:00  원시위도:37.496465
18:00:00  원시경도:126.958048
18:00:00  GPS채택:1439
18:00:00  GPS이상치거부:0
18:00:00  GPS품질거부:1
18:00:00  GPS재기준:0
18:00:00  RSSI원시:-69
18:00:00  RSSI평활:-69.0
18:00:00  RSSI샘플:14298
18:00:00  RSSI경과ms:33
18:00:00  차량수신:7020
18:00:00  시각ms:773938
18:00:00  IMU시각ms:773938
18:00:00  위험:0
18:00:00  GPS유효:1
18:00:00  위도:37.496460
18:00:00  경도:126.958046
18:00:00  속도:0.662
18:00:00  방향:167.4
18:00:00  GPS원시속도:0.803
18:00:00  GPS원시방향유효:1
18:00:00  GPS원시방향:167.4
18:00:00  가속도:3.658,6.043,4.458
18:00:00  자이로:38.298,14.168,-6.840
18:00:00  자력계:-34.800,57.150,13.050
18:00:00  송신:7562
18:00:00  GPS위성:7
18:00:00  GPS_HDOP:1.26
18:00:00  원시위도:37.496465
18:00:00  원시경도:126.958048
18:00:00  GPS채택:1439
18:00:00  GPS이상치거부:0
18:00:00  GPS품질거부:1
18:00:00  GPS재기준:0
18:00:00  RSSI원시:-69
18:00:00  RSSI평활:-69.0
18:00:00  RSSI샘플:14298
18:00:00  RSSI경과ms:68
18:00:00  차량수신:7020
18:00:00  시각ms:773981
18:00:00  IMU시각ms:773981
18:00:00  위험:0
18:00:00  GPS유효:1
18:00:00  위도:37.496460
18:00:00  경도:126.958046
18:00:00  속도:0.662
18:00:00  방향:167.4
18:00:00  GPS원시속도:0.803
18:00:00  GPS원시방향유효:1
18:00:00  GPS원시방향:167.4
18:00:00  가속도:4.257,6.258,5.464
18:00:00  자이로:19.458,-14.718,7.107
18:00:00  자력계:-34.950,58.500,12.150
18:00:00  송신:7562
18:00:00  GPS위성:7
18:00:00  GPS_HDOP:1.26
18:00:00  원시위도:37.496465
18:00:00  원시경도:126.958048
18:00:00  GPS채택:1439
18:00:00  GPS이상치거부:0
18:00:00  GPS품질거부:1
18:00:00  GPS재기준:0
18:00:00  RSSI원시:-65
18:00:00  RSSI평활:-67.7
18:00:00  RSSI샘플:14300
18:00:00  RSSI경과ms:10
18:00:00  차량수신:7021
18:00:00  시각ms:774003
18:00:00  IMU시각ms:774003
18:00:00  위험:0
18:00:00  GPS유효:1
18:00:00  위도:37.496460
18:00:00  경도:126.958046
18:00:00  속도:0.662
18:00:00  방향:167.4
18:00:00  GPS원시속도:0.803
18:00:00  GPS원시방향유효:1
18:00:00  GPS원시방향:167.4
18:00:00  가속도:4.707,6.115,6.086
18:00:00  자이로:15.450,-22.405,8.824
18:00:00  자력계:-34.950,59.700,14.400
18:00:00  송신:7562
18:00:00  GPS위성:7
18:00:00  GPS_HDOP:1.26
18:00:00  원시위도:37.496465
18:00:00  원시경도:126.958048
18:00:00  GPS채택:1439
18:00:00  GPS이상치거부:0
18:00:00  GPS품질거부:1
18:00:00  GPS재기준:0
18:00:00  RSSI원시:-65
18:00:00  RSSI평활:-67.7
18:00:00  RSSI샘플:14300
18:00:00  RSSI경과ms:32
18:00:00  차량수신:7021
18:00:00  시각ms:774038
18:00:00  IMU시각ms:774038
18:00:00  위험:0
18:00:00  GPS유효:1
18:00:00  위도:37.496460
18:00:00  경도:126.958046
18:00:00  속도:0.662
18:00:00  방향:167.4
18:00:00  GPS원시속도:0.803
18:00:00  GPS원시방향유효:1
18:00:00  GPS원시방향:167.4
18:00:00  가속도:-19.613,19.613,-5.047
18:00:00  자이로:62.634,-125.443,166.183
18:00:00  자력계:-34.650,58.500,12.900
18:00:00  송신:7563
18:00:00  GPS위성:7
18:00:00  GPS_HDOP:1.26
18:00:00  원시위도:37.496465
18:00:00  원시경도:126.958048
18:00:00  GPS채택:1439
18:00:00  GPS이상치거부:0
18:00:00  GPS품질거부:1
18:00:00  GPS재기준:0
18:00:00  RSSI원시:-65
18:00:00  RSSI평활:-67.7
18:00:00  RSSI샘플:14300
18:00:00  RSSI경과ms:67
18:00:00  차량수신:7021
18:00:00  시각ms:774060
18:00:00  IMU시각ms:774060
18:00:00  위험:0
18:00:00  GPS유효:1
18:00:00  위도:37.496460
18:00:00  경도:126.958046
18:00:00  속도:0.662
18:00:00  방향:167.4
18:00:00  GPS원시속도:0.803
18:00:00  GPS원시방향유효:1
18:00:00  GPS원시방향:167.4
18:00:00  가속도:-4.544,19.613,-3.692
18:00:00  자이로:-88.412,5.366,63.214
18:00:00  자력계:-38.250,57.600,13.500
18:00:00  송신:7563
18:00:00  GPS위성:7
18:00:00  GPS_HDOP:1.26
18:00:00  원시위도:37.496465
18:00:00  원시경도:126.958048
18:00:00  GPS채택:1439
18:00:00  GPS이상치거부:0
18:00:00  GPS품질거부:1
18:00:00  GPS재기준:0
18:00:00  RSSI원시:-65
18:00:00  RSSI평활:-67.7
18:00:00  RSSI샘플:14300
18:00:00  RSSI경과ms:89
18:00:00  차량수신:7021
18:00:00  시각ms:774104
18:00:00  IMU시각ms:774104
18:00:00  위험:0
18:00:00  GPS유효:1
18:00:00  위도:37.496460
18:00:00  경도:126.958046
18:00:00  속도:0.662
18:00:00  방향:167.4
18:00:00  GPS원시속도:0.803
18:00:00  GPS원시방향유효:1
18:00:00  GPS원시방향:167.4
18:00:00  가속도:8.906,5.933,11.234
18:00:00  자이로:40.710,55.008,-18.817
18:00:00  자력계:-34.650,58.500,13.650
18:00:00  송신:7563
18:00:00  GPS위성:7
18:00:00  GPS_HDOP:1.26
18:00:00  원시위도:37.496465
18:00:00  원시경도:126.958048
18:00:00  GPS채택:1439
18:00:00  GPS이상치거부:0
18:00:00  GPS품질거부:1
18:00:00  GPS재기준:0
18:00:00  RSSI원시:-65
18:00:00  RSSI평활:-67.2
18:00:00  RSSI샘플:14301
18:00:00  RSSI경과ms:26
18:00:00  차량수신:7022
18:00:00  시각ms:774139
18:00:00  IMU시각ms:774139
18:00:00  위험:0
18:00:00  GPS유효:1
18:00:00  위도:37.496460
18:00:00  경도:126.958046
18:00:00  속도:0.662
18:00:00  방향:167.4
18:00:00  GPS원시속도:0.803
18:00:00  GPS원시방향유효:1
18:00:00  GPS원시방향:167.4
18:00:00  가속도:1.930,9.883,4.463
18:00:00  자이로:-26.931,6.802,-12.954
18:00:00  자력계:-35.250,58.800,12.750
18:00:00  송신:7564
18:00:00  GPS위성:7
18:00:00  GPS_HDOP:1.26
18:00:00  원시위도:37.496465
18:00:00  원시경도:126.958048
18:00:00  GPS채택:1439
18:00:00  GPS이상치거부:0
18:00:00  GPS품질거부:1
18:00:00  GPS재기준:0
18:00:00  RSSI원시:-63
18:00:00  RSSI평활:-66.3
18:00:00  RSSI샘플:14302
18:00:00  RSSI경과ms:11
18:00:00  차량수신:7022
18:00:00  시각ms:774160
18:00:00  IMU시각ms:774160
18:00:00  위험:0
18:00:00  GPS유효:1
18:00:00  위도:37.496460
18:00:00  경도:126.958046
18:00:00  속도:0.662
18:00:00  방향:167.4
18:00:00  GPS원시속도:0.803
18:00:00  GPS원시방향유효:1
18:00:00  GPS원시방향:167.4
18:00:00  가속도:4.602,5.717,4.113
18:00:00  자이로:-47.817,-32.748,-7.954
18:00:00  자력계:-36.150,58.950,14.400
18:00:00  송신:7564
18:00:00  GPS위성:7
18:00:00  GPS_HDOP:1.26
18:00:00  원시위도:37.496465
18:00:00  원시경도:126.958048
18:00:00  GPS채택:1439
18:00:00  GPS이상치거부:0
18:00:00  GPS품질거부:1
18:00:00  GPS재기준:0
18:00:00  RSSI원시:-63
18:00:00  RSSI평활:-66.3
18:00:00  RSSI샘플:14302
18:00:00  RSSI경과ms:32
18:00:00  차량수신:7022
18:00:00  시각ms:774182
18:00:00  IMU시각ms:774182
18:00:00  위험:0
18:00:00  GPS유효:1
18:00:00  위도:37.496460
18:00:00  경도:126.958046
18:00:00  속도:0.662
18:00:00  방향:167.4
18:00:00  GPS원시속도:0.803
18:00:00  GPS원시방향유효:1
18:00:00  GPS원시방향:167.4
18:00:00  가속도:2.648,6.120,5.128
18:00:00  자이로:-55.023,-19.397,-15.412
18:00:00  자력계:-34.950,58.200,12.600
18:00:00  송신:7564
18:00:00  GPS위성:7
18:00:00  GPS_HDOP:1.26
18:00:00  원시위도:37.496465
18:00:00  원시경도:126.958048
18:00:00  GPS채택:1439
18:00:00  GPS이상치거부:0
18:00:00  GPS품질거부:1
18:00:00  GPS재기준:0
18:00:00  RSSI원시:-64
18:00:00  RSSI평활:-65.9
18:00:00  RSSI샘플:14303
18:00:00  RSSI경과ms:11
18:00:00  차량수신:7023
18:00:00  시각ms:774204
18:00:00  IMU시각ms:774204
18:00:00  위험:0
18:00:00  GPS유효:1
18:00:00  위도:37.496460
18:00:00  경도:126.958046
18:00:00  속도:0.662
18:00:00  방향:167.4
18:00:00  GPS원시속도:0.803
18:00:00  GPS원시방향유효:1
18:00:00  GPS원시방향:167.4
18:00:00  가속도:2.547,5.784,5.976
18:00:00  자이로:-46.649,-15.321,-10.740
18:00:00  자력계:-33.900,56.250,12.150
18:00:00  송신:7564
18:00:00  GPS위성:7
18:00:00  GPS_HDOP:1.26
18:00:00  원시위도:37.496465
18:00:00  원시경도:126.958048
18:00:00  GPS채택:1439
18:00:00  GPS이상치거부:0
18:00:00  GPS품질거부:1
18:00:00  GPS재기준:0
18:00:00  RSSI원시:-64
18:00:00  RSSI평활:-65.9
18:00:00  RSSI샘플:14303
18:00:00  RSSI경과ms:33
18:00:00  차량수신:7023
18:00:00  시각ms:774237
18:00:00  IMU시각ms:774237
18:00:00  위험:0
18:00:00  GPS유효:1
18:00:00  위도:37.496460
18:00:00  경도:126.958046
18:00:00  속도:0.662
18:00:00  방향:167.4
18:00:00  GPS원시속도:0.803
18:00:00  GPS원시방향유효:1
18:00:00  GPS원시방향:167.4
18:00:00  가속도:2.701,5.315,5.756
18:00:00  자이로:-17.542,-2.908,-10.107
18:00:00  자력계:-35.400,56.550,12.900
18:00:00  송신:7565
18:00:00  GPS위성:7
18:00:00  GPS_HDOP:1.26
18:00:00  원시위도:37.496465
18:00:00  원시경도:126.958048
18:00:00  GPS채택:1439
18:00:00  GPS이상치거부:0
18:00:00  GPS품질거부:1
18:00:00  GPS재기준:0
18:00:00  RSSI원시:-64
18:00:00  RSSI평활:-65.5
18:00:00  RSSI샘플:14304
18:00:00  RSSI경과ms:5
18:00:00  차량수신:7023
18:00:00  시각ms:774259
18:00:00  IMU시각ms:774259
18:00:00  위험:0
18:00:00  GPS유효:1
18:00:00  위도:37.496460
18:00:00  경도:126.958046
18:00:00  속도:0.662
18:00:00  방향:167.4
18:00:00  GPS원시속도:0.803
18:00:00  GPS원시방향유효:1
18:00:00  GPS원시방향:167.4
18:00:00  가속도:2.480,4.755,4.535
18:00:00  자이로:-4.237,5.221,-5.992
18:00:00  자력계:-34.800,54.450,13.500
18:00:00  송신:7565
18:00:00  GPS위성:7
18:00:00  GPS_HDOP:1.26
18:00:00  원시위도:37.496465
18:00:00  원시경도:126.958048
18:00:00  GPS채택:1439
18:00:00  GPS이상치거부:0
18:00:00  GPS품질거부:1
18:00:00  GPS재기준:0
18:00:00  RSSI원시:-64
18:00:00  RSSI평활:-65.5
18:00:00  RSSI샘플:14304
18:00:00  RSSI경과ms:27
18:00:00  차량수신:7023
18:00:00  시각ms:774281
18:00:00  IMU시각ms:774281
18:00:00  위험:0
18:00:00  GPS유효:1
18:00:00  위도:37.496460
18:00:00  경도:126.958046
18:00:00  속도:0.662
18:00:00  방향:167.4
18:00:00  GPS원시속도:0.803
18:00:00  GPS원시방향유효:1
18:00:00  GPS원시방향:167.4
18:00:00  가속도:2.523,4.635,4.305
18:00:00  자이로:9.038,8.191,-4.366
18:00:00  자력계:-33.000,54.150,14.250
18:00:00  송신:7565
18:00:00  GPS위성:7
18:00:00  GPS_HDOP:1.26
18:00:00  원시위도:37.496465
18:00:00  원시경도:126.958048
18:00:00  GPS채택:1439
18:00:00  GPS이상치거부:0
18:00:00  GPS품질거부:1
18:00:00  GPS재기준:0
18:00:00  RSSI원시:-62
18:00:00  RSSI평활:-64.8
18:00:00  RSSI샘플:14305
18:00:00  RSSI경과ms:4
18:00:00  차량수신:7024
18:00:00  시각ms:774345
18:00:00  IMU시각ms:774345
18:00:00  위험:0
18:00:00  GPS유효:1
18:00:00  위도:37.496460
18:00:00  경도:126.958046
18:00:00  속도:0.662
18:00:00  방향:167.4
18:00:00  GPS원시속도:0.803
18:00:00  GPS원시방향유효:1
18:00:00  GPS원시방향:167.4
18:00:00  가속도:4.132,5.871,5.401
18:00:00  자이로:35.664,11.412,12.977
18:00:00  자력계:-34.800,55.650,14.250
18:00:00  송신:7566
18:00:00  GPS위성:7
18:00:00  GPS_HDOP:1.26
18:00:00  원시위도:37.496465
18:00:00  원시경도:126.958048
18:00:00  GPS채택:1439
18:00:00  GPS이상치거부:0
18:00:00  GPS품질거부:1
18:00:00  GPS재기준:0
18:00:00  RSSI원시:-61
18:00:00  RSSI평활:-64.0
18:00:00  RSSI샘플:14306
18:00:00  RSSI경과ms:10
18:00:00  차량수신:7024
18:00:00  시각ms:774367
18:00:00  IMU시각ms:774367
18:00:00  위험:0
18:00:00  GPS유효:1
18:00:00  위도:37.496460
18:00:00  경도:126.958046
18:00:00  속도:0.662
18:00:00  방향:167.4
18:00:00  GPS원시속도:0.803
18:00:00  GPS원시방향유효:1
18:00:00  GPS원시방향:167.4
18:00:00  가속도:4.219,6.076,5.047
18:00:00  자이로:31.466,-2.168,17.214
18:00:00  자력계:-33.450,57.750,13.650
18:00:00  송신:7566
18:00:00  GPS위성:7
18:00:00  GPS_HDOP:1.26
18:00:00  원시위도:37.496465
18:00:00  원시경도:126.958048
18:00:00  GPS채택:1439
18:00:00  GPS이상치거부:0
18:00:00  GPS품질거부:1
18:00:00  GPS재기준:0
18:00:00  RSSI원시:-61
18:00:00  RSSI평활:-64.0
18:00:00  RSSI샘플:14306
18:00:00  RSSI경과ms:32
18:00:00  차량수신:7024
18:00:00  시각ms:774389
18:00:00  IMU시각ms:774389
18:00:00  위험:0
18:00:00  GPS유효:1
18:00:00  위도:37.496460
18:00:00  경도:126.958046
18:00:00  속도:0.662
18:00:00  방향:167.4
18:00:00  GPS원시속도:0.803
18:00:00  GPS원시방향유효:1
18:00:00  GPS원시방향:167.4
18:00:00  가속도:4.678,6.512,6.024
18:00:00  자이로:27.145,-15.977,20.214
18:00:00  자력계:-33.450,57.450,13.950
18:00:00  송신:7566
18:00:00  GPS위성:7
18:00:00  GPS_HDOP:1.26
18:00:00  원시위도:37.496465
18:00:00  원시경도:126.958048
18:00:00  GPS채택:1439
18:00:00  GPS이상치거부:0
18:00:00  GPS품질거부:1
18:00:00  GPS재기준:0
18:00:00  RSSI원시:-62
18:00:00  RSSI평활:-63.6
18:00:00  RSSI샘플:14307
18:00:00  RSSI경과ms:10
18:00:00  차량수신:7025
18:00:00  시각ms:774411
18:00:00  IMU시각ms:774411
18:00:00  위험:0
18:00:00  GPS유효:1
18:00:00  위도:37.496460
18:00:00  경도:126.958046
18:00:00  속도:0.662
18:00:00  방향:167.4
18:00:00  GPS원시속도:0.803
18:00:00  GPS원시방향유효:1
18:00:00  GPS원시방향:167.4
18:00:00  가속도:19.613,-19.613,16.424
18:00:00  자이로:-226.412,-137.771,-88.511
18:00:00  자력계:-33.150,57.000,13.200
18:00:00  송신:7566
18:00:00  GPS위성:7
18:00:00  GPS_HDOP:1.26
18:00:00  원시위도:37.496465
18:00:00  원시경도:126.958048
18:00:00  GPS채택:1439
18:00:00  GPS이상치거부:0
18:00:00  GPS품질거부:1
18:00:00  GPS재기준:0
18:00:00  RSSI원시:-62
18:00:00  RSSI평활:-63.6
18:00:00  RSSI샘플:14307
18:00:00  RSSI경과ms:32
18:00:00  차량수신:7025
18:00:00  시각ms:774444
18:00:00  IMU시각ms:774444
18:00:00  위험:0
18:00:00  GPS유효:1
18:00:00  위도:37.496460
18:00:00  경도:126.958046
18:00:00  속도:0.662
18:00:00  방향:167.4
18:00:00  GPS원시속도:0.803
18:00:00  GPS원시방향유효:1
18:00:00  GPS원시방향:167.4
18:00:00  가속도:0.077,10.453,14.269
18:00:00  자이로:-29.656,18.015,3.847
18:00:00  자력계:-35.250,59.550,12.750
18:00:00  송신:7567
18:00:00  GPS위성:7
18:00:00  GPS_HDOP:1.26
18:00:00  원시위도:37.496465
18:00:00  원시경도:126.958048
18:00:00  GPS채택:1439
18:00:00  GPS이상치거부:0
18:00:00  GPS품질거부:1
18:00:00  GPS재기준:0
18:00:00  RSSI원시:-62
18:00:00  RSSI평활:-63.6
18:00:00  RSSI샘플:14307
18:00:00  RSSI경과ms:65
18:00:00  차량수신:7025
18:00:00  시각ms:774466
18:00:00  IMU시각ms:774466
18:00:00  위험:0
18:00:00  GPS유효:1
18:00:00  위도:37.496460
18:00:00  경도:126.958046
18:00:00  속도:0.662
18:00:00  방향:167.4
18:00:00  GPS원시속도:0.803
18:00:00  GPS원시방향유효:1
18:00:00  GPS원시방향:167.4
18:00:00  가속도:2.409,12.383,-0.239
18:00:00  자이로:-29.885,43.969,-1.718
18:00:00  자력계:-35.550,57.600,12.750
18:00:00  송신:7567
18:00:00  GPS위성:7
18:00:00  GPS_HDOP:1.26
18:00:00  원시위도:37.496465
18:00:00  원시경도:126.958048
18:00:00  GPS채택:1439
18:00:00  GPS이상치거부:0
18:00:00  GPS품질거부:1
18:00:00  GPS재기준:0
18:00:00  RSSI원시:-61
18:00:00  RSSI평활:-63.1
18:00:00  RSSI샘플:14308
18:00:00  RSSI경과ms:11
18:00:00  차량수신:7025
18:00:00  시각ms:774488
18:00:00  IMU시각ms:774488
18:00:00  위험:0
18:00:00  GPS유효:1
18:00:00  위도:37.496460
18:00:00  경도:126.958046
18:00:00  속도:0.662
18:00:00  방향:167.4
18:00:00  GPS원시속도:0.803
18:00:00  GPS원시방향유효:1
18:00:00  GPS원시방향:167.4
18:00:00  가속도:1.973,0.656,-12.560
18:00:00  자이로:-51.405,10.344,33.153
18:00:00  자력계:-36.300,55.650,12.000
18:00:00  송신:7567
18:00:00  GPS위성:7
18:00:00  GPS_HDOP:1.26
18:00:00  원시위도:37.496465
18:00:00  원시경도:126.958048
18:00:00  GPS채택:1439
18:00:00  GPS이상치거부:0
18:00:00  GPS품질거부:1
18:00:00  GPS재기준:0
18:00:00  RSSI원시:-60
18:00:00  RSSI평활:-62.5
18:00:00  RSSI샘플:14309
18:00:00  RSSI경과ms:11
18:00:00  차량수신:7026
18:00:00  시각ms:774510
18:00:00  IMU시각ms:774510
18:00:00  위험:0
18:00:00  GPS유효:1
18:00:00  위도:37.496460
18:00:00  경도:126.958046
18:00:00  속도:0.662
18:00:00  방향:167.4
18:00:00  GPS원시속도:0.803
18:00:00  GPS원시방향유효:1
18:00:00  GPS원시방향:167.4
18:00:00  가속도:4.099,6.120,9.730
18:00:00  자이로:-26.374,6.511,-4.466
18:00:00  자력계:-34.950,56.250,12.150
18:00:00  송신:7567
18:00:00  GPS위성:7
18:00:00  GPS_HDOP:1.26
18:00:00  원시위도:37.496465
18:00:00  원시경도:126.958048
18:00:00  GPS채택:1439
18:00:00  GPS이상치거부:0
18:00:00  GPS품질거부:1
18:00:00  GPS재기준:0
18:00:00  RSSI원시:-60
18:00:00  RSSI평활:-62.5
18:00:00  RSSI샘플:14309
18:00:00  RSSI경과ms:33
18:00:00  차량수신:7026
18:00:01  시각ms:774544
18:00:01  IMU시각ms:774532
18:00:01  위험:0
18:00:01  GPS유효:1
18:00:01  위도:37.496460
18:00:01  경도:126.958046
18:00:01  속도:0.662
18:00:01  방향:167.4
18:00:01  GPS원시속도:0.803
18:00:01  GPS원시방향유효:1
18:00:01  GPS원시방향:167.4
18:00:01  가속도:2.509,6.560,3.682
18:00:01  자이로:-45.099,-16.405,2.198
18:00:01  자력계:-36.300,54.450,13.050
18:00:01  송신:7568
18:00:01  GPS위성:7
18:00:01  GPS_HDOP:1.26
18:00:01  원시위도:37.496465
18:00:01  원시경도:126.958048
18:00:01  GPS채택:1439
18:00:01  GPS이상치거부:0
18:00:01  GPS품질거부:1
18:00:01  GPS재기준:0
18:00:01  RSSI원시:-58
18:00:01  RSSI평활:-61.6
18:00:01  RSSI샘플:14310
18:00:01  RSSI경과ms:2
18:00:01  차량수신:7026
18:00:01  시각ms:774552
18:00:01  IMU시각ms:774552
18:00:01  위험:0
18:00:01  GPS유효:1
18:00:01  위도:37.496460
18:00:01  경도:126.958046
18:00:01  속도:0.662
18:00:01  방향:167.4
18:00:01  GPS원시속도:0.803
18:00:01  GPS원시방향유효:1
18:00:01  GPS원시방향:167.4
18:00:01  가속도:2.648,5.780,5.353
18:00:01  자이로:-41.565,-3.191,1.733
18:00:01  자력계:-34.500,53.400,13.500
18:00:01  송신:7568
18:00:01  GPS위성:7
18:00:01  GPS_HDOP:1.26
18:00:01  원시위도:37.496465
18:00:01  원시경도:126.958048
18:00:01  GPS채택:1439
18:00:01  GPS이상치거부:0
18:00:01  GPS품질거부:1
18:00:01  GPS재기준:0
18:00:01  RSSI원시:-58
18:00:01  RSSI평활:-61.6
18:00:01  RSSI샘플:14310
18:00:01  RSSI경과ms:10
18:00:01  차량수신:7026
18:00:01  시각ms:774574
18:00:01  IMU시각ms:774574
18:00:01  위험:0
18:00:01  GPS유효:1
18:00:01  위도:37.496460
18:00:01  경도:126.958046
18:00:01  속도:0.662
18:00:01  방향:167.4
18:00:01  GPS원시속도:0.803
18:00:01  GPS원시방향유효:1
18:00:01  GPS원시방향:167.4
18:00:01  가속도:2.720,5.842,6.857
18:00:01  자이로:-32.885,-3.450,3.740
18:00:01  자력계:-33.750,54.450,13.050
18:00:01  송신:7568
18:00:01  GPS위성:7
18:00:01  GPS_HDOP:1.26
18:00:01  원시위도:37.496465
18:00:01  원시경도:126.958048
18:00:01  GPS채택:1439
18:00:01  GPS이상치거부:0
18:00:01  GPS품질거부:1
18:00:01  GPS재기준:0
18:00:01  RSSI원시:-58
18:00:01  RSSI평활:-61.6
18:00:01  RSSI샘플:14310
18:00:01  RSSI경과ms:32
18:00:01  차량수신:7026
18:00:01  시각ms:774596
18:00:01  IMU시각ms:774596
18:00:01  위험:0
18:00:01  GPS유효:1
18:00:01  위도:37.496460
18:00:01  경도:126.958046
18:00:01  속도:0.662
18:00:01  방향:167.4
18:00:01  GPS원시속도:0.803
18:00:01  GPS원시방향유효:1
18:00:01  GPS원시방향:167.4
18:00:01  가속도:3.017,5.535,5.708
18:00:01  자이로:-25.084,2.588,2.870
18:00:01  자력계:-34.200,53.100,13.200
18:00:01  송신:7568
18:00:01  GPS위성:7
18:00:01  GPS_HDOP:1.26
18:00:01  원시위도:37.496465
18:00:01  원시경도:126.958048
18:00:01  GPS채택:1439
18:00:01  GPS이상치거부:0
18:00:01  GPS품질거부:1
18:00:01  GPS재기준:0
18:00:01  RSSI원시:-57
18:00:01  RSSI평활:-60.7
18:00:01  RSSI샘플:14311
18:00:01  RSSI경과ms:20
18:00:01  차량수신:7027
18:00:01  시각ms:774653
18:00:01  IMU시각ms:774653
18:00:01  위험:0
18:00:01  GPS유효:1
18:00:01  위도:37.496460
18:00:01  경도:126.958046
18:00:01  속도:0.662
18:00:01  방향:167.4
18:00:01  GPS원시속도:0.803
18:00:01  GPS원시방향유효:1
18:00:01  GPS원시방향:167.4
18:00:01  가속도:2.983,4.755,5.526
18:00:01  자이로:12.672,10.550,7.389
18:00:01  자력계:-35.700,52.050,13.950
18:00:01  송신:7569
18:00:01  GPS위성:7
18:00:01  GPS_HDOP:1.26
18:00:01  원시위도:37.496465
18:00:01  원시경도:126.958048
18:00:01  GPS채택:1439
18:00:01  GPS이상치거부:0
18:00:01  GPS품질거부:1
18:00:01  GPS재기준:0
18:00:01  RSSI원시:-56
18:00:01  RSSI평활:-59.7
18:00:01  RSSI샘플:14312
18:00:01  RSSI경과ms:1
18:00:01  차량수신:7027
18:00:01  시각ms:774675
18:00:01  IMU시각ms:774675
18:00:01  위험:0
18:00:01  GPS유효:1
18:00:01  위도:37.496464
18:00:01  경도:126.958046
18:00:01  속도:0.530
18:00:01  방향:167.4
18:00:01  GPS원시속도:0.283
18:00:01  GPS원시방향유효:1
18:00:01  GPS원시방향:167.4
18:00:01  가속도:3.553,4.300,5.837
18:00:01  자이로:16.473,8.710,5.313
18:00:01  자력계:-34.500,52.650,13.800
18:00:01  송신:7569
18:00:01  GPS위성:7
18:00:01  GPS_HDOP:1.26
18:00:01  원시위도:37.496469
18:00:01  원시경도:126.958043
18:00:01  GPS채택:1440
18:00:01  GPS이상치거부:0
18:00:01  GPS품질거부:1
18:00:01  GPS재기준:0
18:00:01  RSSI원시:-56
18:00:01  RSSI평활:-59.7
18:00:01  RSSI샘플:14312
18:00:01  RSSI경과ms:23
18:00:01  차량수신:7027
18:00:01  시각ms:774697
18:00:01  IMU시각ms:774697
18:00:01  위험:0
18:00:01  GPS유효:1
18:00:01  위도:37.496464
18:00:01  경도:126.958046
18:00:01  속도:0.530
18:00:01  방향:167.4
18:00:01  GPS원시속도:0.283
18:00:01  GPS원시방향유효:1
18:00:01  GPS원시방향:167.4
18:00:01  가속도:3.496,4.032,5.550
18:00:01  자이로:17.618,5.198,7.695
18:00:01  자력계:-35.400,55.050,12.600
18:00:01  송신:7569
18:00:01  GPS위성:7
18:00:01  GPS_HDOP:1.26
18:00:01  원시위도:37.496469
18:00:01  원시경도:126.958043
18:00:01  GPS채택:1440
18:00:01  GPS이상치거부:0
18:00:01  GPS품질거부:1
18:00:01  GPS재기준:0
18:00:01  RSSI원시:-56
18:00:01  RSSI평활:-59.0
18:00:01  RSSI샘플:14313
18:00:01  RSSI경과ms:17
18:00:01  차량수신:7028
18:00:01  시각ms:774719
18:00:01  IMU시각ms:774719
18:00:01  위험:0
18:00:01  GPS유효:1
18:00:01  위도:37.496464
18:00:01  경도:126.958046
18:00:01  속도:0.530
18:00:01  방향:167.4
18:00:01  GPS원시속도:0.283
18:00:01  GPS원시방향유효:1
18:00:01  GPS원시방향:167.4
18:00:01  가속도:3.596,4.027,5.061
18:00:01  자이로:15.244,-4.496,7.328
18:00:01  자력계:-34.200,54.000,13.650
18:00:01  송신:7569
18:00:01  GPS위성:7
18:00:01  GPS_HDOP:1.26
18:00:01  원시위도:37.496469
18:00:01  원시경도:126.958043
18:00:01  GPS채택:1440
18:00:01  GPS이상치거부:0
18:00:01  GPS품질거부:1
18:00:01  GPS재기준:0
18:00:01  RSSI원시:-56
18:00:01  RSSI평활:-59.0
18:00:01  RSSI샘플:14313
18:00:01  RSSI경과ms:39
18:00:01  차량수신:7028
18:00:01  시각ms:774754
18:00:01  IMU시각ms:774754
18:00:01  위험:0
18:00:01  GPS유효:1
18:00:01  위도:37.496464
18:00:01  경도:126.958046
18:00:01  속도:0.530
18:00:01  방향:167.4
18:00:01  GPS원시속도:0.283
18:00:01  GPS원시방향유효:1
18:00:01  GPS원시방향:167.4
18:00:01  가속도:5.066,4.597,6.009
18:00:01  자이로:25.115,-10.336,13.015
18:00:01  자력계:-35.700,52.050,13.200
18:00:01  송신:7570
18:00:01  GPS위성:7
18:00:01  GPS_HDOP:1.26
18:00:01  원시위도:37.496469
18:00:01  원시경도:126.958043
18:00:01  GPS채택:1440
18:00:01  GPS이상치거부:0
18:00:01  GPS품질거부:1
18:00:01  GPS재기준:0
18:00:01  RSSI원시:-56
18:00:01  RSSI평활:-58.4
18:00:01  RSSI샘플:14314
18:00:01  RSSI경과ms:10
18:00:01  차량수신:7028
18:00:01  시각ms:774776
18:00:01  IMU시각ms:774776
18:00:01  위험:0
18:00:01  GPS유효:1
18:00:01  위도:37.496468
18:00:01  경도:126.958046
18:00:01  속도:0.443
18:00:01  방향:167.4
18:00:01  GPS원시속도:0.283
18:00:01  GPS원시방향유효:1
18:00:01  GPS원시방향:167.4
18:00:01  가속도:6.134,5.636,7.187
18:00:01  자이로:25.061,-19.351,13.779
18:00:01  자력계:-35.250,53.400,14.250
18:00:01  송신:7570
18:00:01  GPS위성:7
18:00:01  GPS_HDOP:1.26
18:00:01  원시위도:37.496469
18:00:01  원시경도:126.958043
18:00:01  GPS채택:1441
18:00:01  GPS이상치거부:0
18:00:01  GPS품질거부:1
18:00:01  GPS재기준:0
18:00:01  RSSI원시:-56
18:00:01  RSSI평활:-58.4
18:00:01  RSSI샘플:14314
18:00:01  RSSI경과ms:32
18:00:01  차량수신:7028
18:00:01  시각ms:774798
18:00:01  IMU시각ms:774798
18:00:01  위험:0
18:00:01  GPS유효:1
18:00:01  위도:37.496468
18:00:01  경도:126.958046
18:00:01  속도:0.443
18:00:01  방향:167.4
18:00:01  GPS원시속도:0.283
18:00:01  GPS원시방향유효:1
18:00:01  GPS원시방향:167.4
18:00:01  가속도:-19.613,16.453,2.413
18:00:01  자이로:70.870,-71.198,60.664
18:00:01  자력계:-36.000,54.450,13.500
18:00:01  송신:7570
18:00:01  GPS위성:7
18:00:01  GPS_HDOP:1.26
18:00:01  원시위도:37.496469
18:00:01  원시경도:126.958043
18:00:01  GPS채택:1441
18:00:01  GPS이상치거부:0
18:00:01  GPS품질거부:1
18:00:01  GPS재기준:0
18:00:01  RSSI원시:-57
18:00:01  RSSI평활:-58.1
18:00:01  RSSI샘플:14315
18:00:01  RSSI경과ms:21
18:00:01  차량수신:7029
18:00:01  시각ms:774820
18:00:01  IMU시각ms:774820
18:00:01  위험:0
18:00:01  GPS유효:1
18:00:01  위도:37.496468
18:00:01  경도:126.958046
18:00:01  속도:0.443
18:00:01  방향:167.4
18:00:01  GPS원시속도:0.283
18:00:01  GPS원시방향유효:1
18:00:01  GPS원시방향:167.4
18:00:01  가속도:11.770,3.591,19.446
18:00:01  자이로:-73.092,-7.099,24.626
18:00:01  자력계:-34.950,54.000,13.200
18:00:01  송신:7570
18:00:01  GPS위성:7
18:00:01  GPS_HDOP:1.26
18:00:01  원시위도:37.496469
18:00:01  원시경도:126.958043
18:00:01  GPS채택:1441
18:00:01  GPS이상치거부:0
18:00:01  GPS품질거부:1
18:00:01  GPS재기준:0
18:00:01  RSSI원시:-57
18:00:01  RSSI평활:-58.1
18:00:01  RSSI샘플:14315
18:00:01  RSSI경과ms:43
18:00:01  차량수신:7029
18:00:01  시각ms:774855
18:00:01  IMU시각ms:774855
18:00:01  위험:0
18:00:01  GPS유효:1
18:00:01  위도:37.496468
18:00:01  경도:126.958046
18:00:01  속도:0.443
18:00:01  방향:167.4
18:00:01  GPS원시속도:0.283
18:00:01  GPS원시방향유효:1
18:00:01  GPS원시방향:167.4
18:00:01  가속도:12.493,0.819,17.655
18:00:01  자이로:-43.656,-8.015,11.511
18:00:01  자력계:-35.700,51.300,13.650
18:00:01  송신:7571
18:00:01  GPS위성:7
18:00:01  GPS_HDOP:1.26
18:00:01  원시위도:37.496469
18:00:01  원시경도:126.958043
18:00:01  GPS채택:1441
18:00:01  GPS이상치거부:0
18:00:01  GPS품질거부:1
18:00:01  GPS재기준:0
18:00:01  RSSI원시:-57
18:00:01  RSSI평활:-58.1
18:00:01  RSSI샘플:14315
18:00:01  RSSI경과ms:78
18:00:01  차량수신:7029
18:00:01  시각ms:774877
18:00:01  IMU시각ms:774877
18:00:01  위험:0
18:00:01  GPS유효:1
18:00:01  위도:37.496468
18:00:01  경도:126.958046
18:00:01  속도:0.443
18:00:01  방향:167.4
18:00:01  GPS원시속도:0.283
18:00:01  GPS원시방향유효:1
18:00:01  GPS원시방향:167.4
18:00:01  가속도:3.974,5.114,8.021
18:00:01  자이로:-31.344,-1.931,-5.878
18:00:01  자력계:-36.900,48.900,13.650
18:00:01  송신:7571
18:00:01  GPS위성:7
18:00:01  GPS_HDOP:1.26
18:00:01  원시위도:37.496469
18:00:01  원시경도:126.958043
18:00:01  GPS채택:1441
18:00:01  GPS이상치거부:0
18:00:01  GPS품질거부:1
18:00:01  GPS재기준:0
18:00:01  RSSI원시:-56
18:00:01  RSSI평활:-57.7
18:00:01  RSSI샘플:14316
18:00:01  RSSI경과ms:14
18:00:01  차량수신:7029
18:00:01  시각ms:774899
18:00:01  IMU시각ms:774899
18:00:01  위험:0
18:00:01  GPS유효:1
18:00:01  위도:37.496468
18:00:01  경도:126.958046
18:00:01  속도:0.443
18:00:01  방향:167.4
18:00:01  GPS원시속도:0.283
18:00:01  GPS원시방향유효:1
18:00:01  GPS원시방향:167.4
18:00:01  가속도:4.046,4.132,5.013
18:00:01  자이로:-38.771,-10.985,-6.725
18:00:01  자력계:-37.950,49.650,14.700
18:00:01  송신:7571
18:00:01  GPS위성:7
18:00:01  GPS_HDOP:1.26
18:00:01  원시위도:37.496469
18:00:01  원시경도:126.958043
18:00:01  GPS채택:1441
18:00:01  GPS이상치거부:0
18:00:01  GPS품질거부:1
18:00:01  GPS재기준:0
18:00:01  RSSI원시:-55
18:00:01  RSSI평활:-57.2
18:00:01  RSSI샘플:14317
18:00:01  RSSI경과ms:21
18:00:01  차량수신:7030
18:00:01  시각ms:774956
18:00:01  IMU시각ms:774956
18:00:01  위험:0
18:00:01  GPS유효:1
18:00:01  위도:37.496468
18:00:01  경도:126.958046
18:00:01  속도:0.443
18:00:01  방향:167.4
18:00:01  GPS원시속도:0.283
18:00:01  GPS원시방향유효:1
18:00:01  GPS원시방향:167.4
18:00:01  가속도:2.964,3.764,5.909
18:00:01  자이로:-15.939,4.725,-18.878
18:00:01  자력계:-39.000,49.200,13.800
18:00:01  송신:7572
18:00:01  GPS위성:7
18:00:01  GPS_HDOP:1.26
18:00:01  원시위도:37.496469
18:00:01  원시경도:126.958043
18:00:01  GPS채택:1441
18:00:01  GPS이상치거부:0
18:00:01  GPS품질거부:1
18:00:01  GPS재기준:0
18:00:01  RSSI원시:-56
18:00:01  RSSI평활:-56.9
18:00:01  RSSI샘플:14318
18:00:01  RSSI경과ms:13
18:00:01  차량수신:7030
18:00:01  시각ms:774977
18:00:01  IMU시각ms:774977
18:00:01  위험:0
18:00:01  GPS유효:1
18:00:01  위도:37.496468
18:00:01  경도:126.958046
18:00:01  속도:0.443
18:00:01  방향:167.4
18:00:01  GPS원시속도:0.283
18:00:01  GPS원시방향유효:1
18:00:01  GPS원시방향:167.4
18:00:01  가속도:3.050,3.596,5.133
18:00:01  자이로:-7.031,9.275,-19.359
18:00:01  자력계:-37.050,49.200,13.800
18:00:01  송신:7572
18:00:01  GPS위성:7
18:00:01  GPS_HDOP:1.26
18:00:01  원시위도:37.496469
18:00:01  원시경도:126.958043
18:00:01  GPS채택:1441
18:00:01  GPS이상치거부:0
18:00:01  GPS품질거부:1
18:00:01  GPS재기준:0
18:00:01  RSSI원시:-56
18:00:01  RSSI평활:-56.9
18:00:01  RSSI샘플:14318
18:00:01  RSSI경과ms:34
18:00:01  차량수신:7030
18:00:01  시각ms:774999
18:00:01  IMU시각ms:774999
18:00:01  위험:0
18:00:01  GPS유효:1
18:00:01  위도:37.496468
18:00:01  경도:126.958046
18:00:01  속도:0.443
18:00:01  방향:167.4
18:00:01  GPS원시속도:0.283
18:00:01  GPS원시방향유효:1
18:00:01  GPS원시방향:167.4
18:00:01  가속도:2.978,3.428,5.037
18:00:01  자이로:6.191,11.023,-18.817
18:00:01  자력계:-37.950,46.950,13.200
18:00:01  송신:7572
18:00:01  GPS위성:7
18:00:01  GPS_HDOP:1.26
18:00:01  원시위도:37.496469
18:00:01  원시경도:126.958043
18:00:01  GPS채택:1441
18:00:01  GPS이상치거부:0
18:00:01  GPS품질거부:1
18:00:01  GPS재기준:0
18:00:01  RSSI원시:-56
18:00:01  RSSI평활:-56.7
18:00:01  RSSI샘플:14319
18:00:01  RSSI경과ms:17
18:00:01  차량수신:7031
18:00:01  시각ms:775021
18:00:01  IMU시각ms:775021
18:00:01  위험:0
18:00:01  GPS유효:1
18:00:01  위도:37.496468
18:00:01  경도:126.958046
18:00:01  속도:0.443
18:00:01  방향:167.4
18:00:01  GPS원시속도:0.283
18:00:01  GPS원시방향유효:1
18:00:01  GPS원시방향:167.4
18:00:01  가속도:3.247,3.630,5.013
18:00:01  자이로:18.366,12.107,-17.183
18:00:01  자력계:-36.750,47.250,13.050
18:00:01  송신:7572
18:00:01  GPS위성:7
18:00:01  GPS_HDOP:1.26
18:00:01  원시위도:37.496469
18:00:01  원시경도:126.958043
18:00:01  GPS채택:1441
18:00:01  GPS이상치거부:0
18:00:01  GPS품질거부:1
18:00:01  GPS재기준:0
18:00:01  RSSI원시:-56
18:00:01  RSSI평활:-56.7
18:00:01  RSSI샘플:14319
18:00:01  RSSI경과ms:39
18:00:01  차량수신:7031
18:00:01  시각ms:775056
18:00:01  IMU시각ms:775056
18:00:01  위험:0
18:00:01  GPS유효:1
18:00:01  위도:37.496468
18:00:01  경도:126.958046
18:00:01  속도:0.443
18:00:01  방향:167.4
18:00:01  GPS원시속도:0.283
18:00:01  GPS원시방향유효:1
18:00:01  GPS원시방향:167.4
18:00:01  가속도:4.362,4.472,5.794
18:00:01  자이로:23.473,2.863,-13.282
18:00:01  자력계:-35.700,49.650,15.150
18:00:01  송신:7573
18:00:01  GPS위성:7
18:00:01  GPS_HDOP:1.26
18:00:01  원시위도:37.496469
18:00:01  원시경도:126.958043
18:00:01  GPS채택:1441
18:00:01  GPS이상치거부:0
18:00:01  GPS품질거부:1
18:00:01  GPS재기준:0
18:00:01  RSSI원시:-54
18:00:01  RSSI평활:-56.2
18:00:01  RSSI샘플:14320
18:00:01  RSSI경과ms:13
18:00:01  차량수신:7031
18:00:01  시각ms:775077
18:00:01  IMU시각ms:775077
18:00:01  위험:0
18:00:01  GPS유효:1
18:00:01  위도:37.496468
18:00:01  경도:126.958046
18:00:01  속도:0.443
18:00:01  방향:167.4
18:00:01  GPS원시속도:0.283
18:00:01  GPS원시방향유효:1
18:00:01  GPS원시방향:167.4
18:00:01  가속도:4.769,4.808,5.684
18:00:01  자이로:25.481,-6.260,-12.489
18:00:01  자력계:-36.450,51.600,12.900
18:00:01  송신:7573
18:00:01  GPS위성:7
18:00:01  GPS_HDOP:1.26
18:00:01  원시위도:37.496469
18:00:01  원시경도:126.958043
18:00:01  GPS채택:1441
18:00:01  GPS이상치거부:0
18:00:01  GPS품질거부:1
18:00:01  GPS재기준:0
18:00:01  RSSI원시:-54
18:00:01  RSSI평활:-55.8
18:00:01  RSSI샘플:14321
18:00:01  RSSI경과ms:0
18:00:01  차량수신:7032
18:00:01  시각ms:775099
18:00:01  IMU시각ms:775099
18:00:01  위험:0
18:00:01  GPS유효:1
18:00:01  위도:37.496468
18:00:01  경도:126.958046
18:00:01  속도:0.443
18:00:01  방향:167.4
18:00:01  GPS원시속도:0.283
18:00:01  GPS원시방향유효:1
18:00:01  GPS원시방향:167.4
18:00:01  가속도:5.564,5.425,6.747
18:00:01  자이로:33.435,-15.962,-9.763
18:00:01  자력계:-35.700,50.400,12.600
18:00:01  송신:7573
18:00:01  GPS위성:7
18:00:01  GPS_HDOP:1.26
18:00:01  원시위도:37.496469
18:00:01  원시경도:126.958043
18:00:01  GPS채택:1441
18:00:01  GPS이상치거부:0
18:00:01  GPS품질거부:1
18:00:01  GPS재기준:0
18:00:01  RSSI원시:-54
18:00:01  RSSI평활:-55.8
18:00:01  RSSI샘플:14321
18:00:01  RSSI경과ms:22
18:00:01  차량수신:7032
18:00:01  시각ms:775121
18:00:01  IMU시각ms:775121
18:00:01  위험:0
18:00:01  GPS유효:1
18:00:01  위도:37.496468
18:00:01  경도:126.958046
18:00:01  속도:0.443
18:00:01  방향:167.4
18:00:01  GPS원시속도:0.283
18:00:01  GPS원시방향유효:1
18:00:01  GPS원시방향:167.4
18:00:01  가속도:6.483,5.871,8.447
18:00:01  자이로:29.863,-23.786,-7.153
18:00:01  자력계:-36.900,50.850,14.400
18:00:01  송신:7573
18:00:01  GPS위성:7
18:00:01  GPS_HDOP:1.26
18:00:01  원시위도:37.496469
18:00:01  원시경도:126.958043
18:00:01  GPS채택:1441
18:00:01  GPS이상치거부:0
18:00:01  GPS품질거부:1
18:00:01  GPS재기준:0
18:00:01  RSSI원시:-54
18:00:01  RSSI평활:-55.8
18:00:01  RSSI샘플:14321
18:00:01  RSSI경과ms:44
18:00:01  차량수신:7032
18:00:01  시각ms:775178
18:00:01  IMU시각ms:775178
18:00:01  위험:0
18:00:01  GPS유효:1
18:00:01  위도:37.496468
18:00:01  경도:126.958046
18:00:01  속도:0.443
18:00:01  방향:167.4
18:00:01  GPS원시속도:0.283
18:00:01  GPS원시방향유효:1
18:00:01  GPS원시방향:167.4
18:00:01  가속도:3.108,6.316,15.127
18:00:01  자이로:-102.496,-25.496,7.466
18:00:01  자력계:-39.750,49.950,13.800
18:00:01  송신:7574
18:00:01  GPS위성:7
18:00:01  GPS_HDOP:1.26
18:00:01  원시위도:37.496469
18:00:01  원시경도:126.958043
18:00:01  GPS채택:1441
18:00:01  GPS이상치거부:0
18:00:01  GPS품질거부:1
18:00:01  GPS재기준:0
18:00:01  RSSI원시:-55
18:00:01  RSSI평활:-55.6
18:00:01  RSSI샘플:14322
18:00:01  RSSI경과ms:37
18:00:01  차량수신:7032
18:00:01  시각ms:775200
18:00:01  IMU시각ms:775200
18:00:01  위험:0
18:00:01  GPS유효:1
18:00:01  위도:37.496468
18:00:01  경도:126.958046
18:00:01  속도:0.443
18:00:01  방향:167.4
18:00:01  GPS원시속도:0.283
18:00:01  GPS원시방향유효:1
18:00:01  GPS원시방향:167.4
18:00:01  가속도:14.782,-3.486,19.613
18:00:01  자이로:-63.748,1.962,4.450
18:00:01  자력계:-39.000,48.300,14.550
18:00:01  송신:7574
18:00:01  GPS위성:7
18:00:01  GPS_HDOP:1.26
18:00:01  원시위도:37.496469
18:00:01  원시경도:126.958043
18:00:01  GPS채택:1441
18:00:01  GPS이상치거부:0
18:00:01  GPS품질거부:1
18:00:01  GPS재기준:0
18:00:01  RSSI원시:-55
18:00:01  RSSI평활:-55.5
18:00:01  RSSI샘플:14323
18:00:01  RSSI경과ms:20
18:00:01  차량수신:7033
18:00:01  시각ms:775255
18:00:01  IMU시각ms:775255
18:00:01  위험:0
18:00:01  GPS유효:1
18:00:01  위도:37.496468
18:00:01  경도:126.958046
18:00:01  속도:0.443
18:00:01  방향:167.4
18:00:01  GPS원시속도:0.283
18:00:01  GPS원시방향유효:1
18:00:01  GPS원시방향:167.4
18:00:01  가속도:4.022,4.166,1.844
18:00:01  자이로:-28.947,-13.740,-10.710
18:00:01  자력계:-41.400,46.650,13.950
18:00:01  송신:7575
18:00:01  GPS위성:7
18:00:01  GPS_HDOP:1.26
18:00:01  원시위도:37.496469
18:00:01  원시경도:126.958043
18:00:01  GPS채택:1441
18:00:01  GPS이상치거부:0
18:00:01  GPS품질거부:1
18:00:01  GPS재기준:0
18:00:01  RSSI원시:-55
18:00:01  RSSI평활:-55.5
18:00:01  RSSI샘플:14323
18:00:01  RSSI경과ms:75
18:00:01  차량수신:7033
18:00:01  시각ms:775277
18:00:01  IMU시각ms:775277
18:00:01  위험:0
18:00:01  GPS유효:1
18:00:01  위도:37.496468
18:00:01  경도:126.958046
18:00:01  속도:0.443
18:00:01  방향:167.4
18:00:01  GPS원시속도:0.283
18:00:01  GPS원시방향유효:1
18:00:01  GPS원시방향:167.4
18:00:01  가속도:5.066,3.117,6.072
18:00:01  자이로:-28.183,2.786,-18.710
18:00:01  자력계:-39.750,47.550,13.800
18:00:01  송신:7575
18:00:01  GPS위성:7
18:00:01  GPS_HDOP:1.26
18:00:01  원시위도:37.496469
18:00:01  원시경도:126.958043
18:00:01  GPS채택:1441
18:00:01  GPS이상치거부:0
18:00:01  GPS품질거부:1
18:00:01  GPS재기준:0
18:00:01  RSSI원시:-56
18:00:01  RSSI평활:-55.6
18:00:01  RSSI샘플:14324
18:00:01  RSSI경과ms:17
18:00:01  차량수신:7033
18:00:01  시각ms:775299
18:00:01  IMU시각ms:775299
18:00:01  위험:0
18:00:01  GPS유효:1
18:00:01  위도:37.496468
18:00:01  경도:126.958046
18:00:01  속도:0.443
18:00:01  방향:167.4
18:00:01  GPS원시속도:0.283
18:00:01  GPS원시방향유효:1
18:00:01  GPS원시방향:167.4
18:00:01  가속도:2.586,4.492,5.449
18:00:01  자이로:-16.160,5.137,-21.504
18:00:01  자력계:-39.450,46.950,13.950
18:00:01  송신:7575
18:00:01  GPS위성:7
18:00:01  GPS_HDOP:1.26
18:00:01  원시위도:37.496469
18:00:01  원시경도:126.958043
18:00:01  GPS채택:1441
18:00:01  GPS이상치거부:0
18:00:01  GPS품질거부:1
18:00:01  GPS재기준:0
18:00:01  RSSI원시:-56
18:00:01  RSSI평활:-55.7
18:00:01  RSSI샘플:14325
18:00:01  RSSI경과ms:13
18:00:01  차량수신:7034
18:00:01  시각ms:775321
18:00:01  IMU시각ms:775321
18:00:01  위험:0
18:00:01  GPS유효:1
18:00:01  위도:37.496468
18:00:01  경도:126.958046
18:00:01  속도:0.443
18:00:01  방향:167.4
18:00:01  GPS원시속도:0.283
18:00:01  GPS원시방향유효:1
18:00:01  GPS원시방향:167.4
18:00:01  가속도:3.768,3.405,5.674
18:00:01  자이로:0.771,12.908,-20.176
18:00:01  자력계:-39.150,46.650,14.400
18:00:01  송신:7575
18:00:01  GPS위성:7
18:00:01  GPS_HDOP:1.26
18:00:01  원시위도:37.496469
18:00:01  원시경도:126.958043
18:00:01  GPS채택:1441
18:00:01  GPS이상치거부:0
18:00:01  GPS품질거부:1
18:00:01  GPS재기준:0
18:00:01  RSSI원시:-56
18:00:01  RSSI평활:-55.7
18:00:01  RSSI샘플:14325
18:00:01  RSSI경과ms:35
18:00:01  차량수신:7034
18:00:01  시각ms:775355
18:00:01  IMU시각ms:775343
18:00:01  위험:0
18:00:01  GPS유효:1
18:00:01  위도:37.496468
18:00:01  경도:126.958046
18:00:01  속도:0.443
18:00:01  방향:167.4
18:00:01  GPS원시속도:0.283
18:00:01  GPS원시방향유효:1
18:00:01  GPS원시방향:167.4
18:00:01  가속도:3.472,3.266,5.636
18:00:01  자이로:9.664,17.702,-20.656
18:00:01  자력계:-37.950,46.950,11.850
18:00:01  송신:7576
18:00:01  GPS위성:7
18:00:01  GPS_HDOP:1.26
18:00:01  원시위도:37.496469
18:00:01  원시경도:126.958043
18:00:01  GPS채택:1441
18:00:01  GPS이상치거부:0
18:00:01  GPS품질거부:1
18:00:01  GPS재기준:0
18:00:01  RSSI원시:-56
18:00:01  RSSI평활:-55.7
18:00:01  RSSI샘플:14325
18:00:01  RSSI경과ms:69
18:00:01  차량수신:7034
18:00:01  시각ms:775363
18:00:01  IMU시각ms:775363
18:00:01  위험:0
18:00:01  GPS유효:1
18:00:01  위도:37.496468
18:00:01  경도:126.958046
18:00:01  속도:0.443
18:00:01  방향:167.4
18:00:01  GPS원시속도:0.283
18:00:01  GPS원시방향유효:1
18:00:01  GPS원시방향:167.4
18:00:01  가속도:3.601,3.395,6.033
18:00:01  자이로:19.832,20.344,-22.160
18:00:01  자력계:-39.150,46.650,13.200
18:00:01  송신:7576
18:00:01  GPS위성:7
18:00:01  GPS_HDOP:1.26
18:00:01  원시위도:37.496469
18:00:01  원시경도:126.958043
18:00:01  GPS채택:1441
18:00:01  GPS이상치거부:0
18:00:01  GPS품질거부:1
18:00:01  GPS재기준:0
18:00:01  RSSI원시:-56
18:00:01  RSSI평활:-55.7
18:00:01  RSSI샘플:14326
18:00:01  RSSI경과ms:7
18:00:01  차량수신:7034
18:00:01  시각ms:775385
18:00:01  IMU시각ms:775385
18:00:01  위험:0
18:00:01  GPS유효:1
18:00:01  위도:37.496468
18:00:01  경도:126.958046
18:00:01  속도:0.443
18:00:01  방향:167.4
18:00:01  GPS원시속도:0.283
18:00:01  GPS원시방향유효:1
18:00:01  GPS원시방향:167.4
18:00:01  가속도:3.601,3.405,5.713
18:00:01  자이로:21.794,15.962,-18.115
18:00:01  자력계:-38.550,48.000,12.900
18:00:01  송신:7576
18:00:01  GPS위성:7
18:00:01  GPS_HDOP:1.26
18:00:01  원시위도:37.496469
18:00:01  원시경도:126.958043
18:00:01  GPS채택:1441
18:00:01  GPS이상치거부:0
18:00:01  GPS품질거부:1
18:00:01  GPS재기준:0
18:00:01  RSSI원시:-56
18:00:01  RSSI평활:-55.8
18:00:01  RSSI샘플:14327
18:00:01  RSSI경과ms:1
18:00:01  차량수신:7035
18:00:01  시각ms:775429
18:00:01  IMU시각ms:775429
18:00:01  위험:0
18:00:01  GPS유효:1
18:00:01  위도:37.496468
18:00:01  경도:126.958046
18:00:01  속도:0.443
18:00:01  방향:167.4
18:00:01  GPS원시속도:0.283
18:00:01  GPS원시방향유효:1
18:00:01  GPS원시방향:167.4
18:00:01  가속도:4.975,4.693,5.636
18:00:01  자이로:32.481,0.122,-13.000
18:00:01  자력계:-37.200,47.850,13.950
18:00:01  송신:7576
18:00:01  GPS위성:7
18:00:01  GPS_HDOP:1.26
18:00:01  원시위도:37.496469
18:00:01  원시경도:126.958043
18:00:01  GPS채택:1441
18:00:01  GPS이상치거부:0
18:00:01  GPS품질거부:1
18:00:01  GPS재기준:0
18:00:01  RSSI원시:-56
18:00:01  RSSI평활:-55.8
18:00:01  RSSI샘플:14327
18:00:01  RSSI경과ms:45
18:00:01  차량수신:7035
18:00:01  시각ms:775462
18:00:01  IMU시각ms:775462
18:00:01  위험:0
18:00:01  GPS유효:1
18:00:01  위도:37.496468
18:00:01  경도:126.958046
18:00:01  속도:0.443
18:00:01  방향:167.4
18:00:01  GPS원시속도:0.283
18:00:01  GPS원시방향유효:1
18:00:01  GPS원시방향:167.4
18:00:01  가속도:5.492,5.047,6.139
18:00:01  자이로:34.832,-8.000,-5.389
18:00:01  자력계:-37.500,49.500,14.550
18:00:01  송신:7577
18:00:01  GPS위성:7
18:00:01  GPS_HDOP:1.26
18:00:01  원시위도:37.496469
18:00:01  원시경도:126.958043
18:00:01  GPS채택:1441
18:00:01  GPS이상치거부:0
18:00:01  GPS품질거부:1
18:00:01  GPS재기준:0
18:00:01  RSSI원시:-55
18:00:01  RSSI평활:-55.6
18:00:01  RSSI샘플:14328
18:00:01  RSSI경과ms:1
18:00:01  차량수신:7035
18:00:01  시각ms:775484
18:00:01  IMU시각ms:775484
18:00:01  위험:0
18:00:01  GPS유효:1
18:00:01  위도:37.496468
18:00:01  경도:126.958046
18:00:01  속도:0.443
18:00:01  방향:167.4
18:00:01  GPS원시속도:0.283
18:00:01  GPS원시방향유효:1
18:00:01  GPS원시방향:167.4
18:00:01  가속도:5.631,5.358,6.038
18:00:01  자이로:27.908,-21.443,2.481
18:00:01  자력계:-37.950,49.650,13.200
18:00:01  송신:7577
18:00:01  GPS위성:7
18:00:01  GPS_HDOP:1.26
18:00:01  원시위도:37.496469
18:00:01  원시경도:126.958043
18:00:01  GPS채택:1441
18:00:01  GPS이상치거부:0
18:00:01  GPS품질거부:1
18:00:01  GPS재기준:0
18:00:01  RSSI원시:-55
18:00:01  RSSI평활:-55.6
18:00:01  RSSI샘플:14328
18:00:01  RSSI경과ms:23
18:00:01  차량수신:7035
18:00:01  시각ms:775506
18:00:01  IMU시각ms:775506
18:00:01  위험:0
18:00:01  GPS유효:1
18:00:01  위도:37.496468
18:00:01  경도:126.958046
18:00:01  속도:0.443
18:00:01  방향:167.4
18:00:01  GPS원시속도:0.283
18:00:01  GPS원시방향유효:1
18:00:01  GPS원시방향:167.4
18:00:01  가속도:19.613,-0.551,6.110
18:00:01  자이로:88.687,-85.450,-82.198
18:00:01  자력계:-37.800,51.750,13.800
18:00:01  송신:7577
18:00:01  GPS위성:7
18:00:01  GPS_HDOP:1.26
18:00:01  원시위도:37.496469
18:00:01  원시경도:126.958043
18:00:01  GPS채택:1441
18:00:01  GPS이상치거부:0
18:00:01  GPS품질거부:1
18:00:01  GPS재기준:0
18:00:01  RSSI원시:-56
18:00:01  RSSI평활:-55.7
18:00:01  RSSI샘플:14329
18:00:01  RSSI경과ms:17
18:00:01  차량수신:7036
18:00:01  시각ms:775528
18:00:01  IMU시각ms:775528
18:00:01  위험:0
18:00:01  GPS유효:1
18:00:01  위도:37.496468
18:00:01  경도:126.958046
18:00:01  속도:0.443
18:00:01  방향:167.4
18:00:01  GPS원시속도:0.283
18:00:01  GPS원시방향유효:1
18:00:01  GPS원시방향:167.4
18:00:01  가속도:12.325,11.013,17.195
18:00:01  자이로:-53.191,-5.336,21.374
18:00:01  자력계:-39.750,52.200,13.050
18:00:01  송신:7577
18:00:01  GPS위성:7
18:00:01  GPS_HDOP:1.26
18:00:01  원시위도:37.496469
18:00:01  원시경도:126.958043
18:00:01  GPS채택:1441
18:00:01  GPS이상치거부:0
18:00:01  GPS품질거부:1
18:00:01  GPS재기준:0
18:00:01  RSSI원시:-56
18:00:01  RSSI평활:-55.7
18:00:01  RSSI샘플:14329
18:00:01  RSSI경과ms:39
18:00:01  차량수신:7036
18:00:01  시각ms:775562
18:00:01  IMU시각ms:775550
18:00:01  위험:0
18:00:01  GPS유효:1
18:00:01  위도:37.496468
18:00:01  경도:126.958046
18:00:01  속도:0.443
18:00:01  방향:167.4
18:00:01  GPS원시속도:0.283
18:00:01  GPS원시방향유효:1
18:00:01  GPS원시방향:167.4
18:00:01  가속도:7.317,5.272,7.456
18:00:01  자이로:-24.573,36.183,-2.389
18:00:01  자력계:-39.750,52.200,11.700
18:00:01  송신:7578
18:00:01  GPS위성:7
18:00:01  GPS_HDOP:1.26
18:00:01  원시위도:37.496469
18:00:01  원시경도:126.958043
18:00:01  GPS채택:1441
18:00:01  GPS이상치거부:0
18:00:01  GPS품질거부:1
18:00:01  GPS재기준:0
18:00:01  RSSI원시:-56
18:00:01  RSSI평활:-55.7
18:00:01  RSSI샘플:14329
18:00:01  RSSI경과ms:73
18:00:01  차량수신:7036
18:00:02  시각ms:775592
18:00:02  IMU시각ms:775592
18:00:02  위험:0
18:00:02  GPS유효:1
18:00:02  위도:37.496468
18:00:02  경도:126.958046
18:00:02  속도:0.443
18:00:02  방향:167.4
18:00:02  GPS원시속도:0.283
18:00:02  GPS원시방향유효:1
18:00:02  GPS원시방향:167.4
18:00:02  가속도:8.753,0.747,-11.741
18:00:02  자이로:4.832,38.779,2.160
18:00:02  자력계:-37.800,51.750,13.500
18:00:02  송신:7578
18:00:02  GPS위성:7
18:00:02  GPS_HDOP:1.26
18:00:02  원시위도:37.496469
18:00:02  원시경도:126.958043
18:00:02  GPS채택:1441
18:00:02  GPS이상치거부:0
18:00:02  GPS품질거부:1
18:00:02  GPS재기준:0
18:00:02  RSSI원시:-54
18:00:02  RSSI평활:-55.1
18:00:02  RSSI샘플:14331
18:00:02  RSSI경과ms:7
18:00:02  차량수신:7037
18:00:02  시각ms:775614
18:00:02  IMU시각ms:775614
18:00:02  위험:0
18:00:02  GPS유효:1
18:00:02  위도:37.496468
18:00:02  경도:126.958046
18:00:02  속도:0.443
18:00:02  방향:167.4
18:00:02  GPS원시속도:0.283
18:00:02  GPS원시방향유효:1
18:00:02  GPS원시방향:167.4
18:00:02  가속도:6.302,3.184,5.406
18:00:02  자이로:16.092,16.107,-9.481
18:00:02  자력계:-38.700,50.850,13.650
18:00:02  송신:7578
18:00:02  GPS위성:7
18:00:02  GPS_HDOP:1.26
18:00:02  원시위도:37.496469
18:00:02  원시경도:126.958043
18:00:02  GPS채택:1441
18:00:02  GPS이상치거부:0
18:00:02  GPS품질거부:1
18:00:02  GPS재기준:0
18:00:02  RSSI원시:-54
18:00:02  RSSI평활:-55.1
18:00:02  RSSI샘플:14331
18:00:02  RSSI경과ms:29
18:00:02  차량수신:7037
18:00:02  시각ms:775636
18:00:02  IMU시각ms:775636
18:00:02  위험:0
18:00:02  GPS유효:1
18:00:02  위도:37.496468
18:00:02  경도:126.958046
18:00:02  속도:0.443
18:00:02  방향:167.4
18:00:02  GPS원시속도:0.283
18:00:02  GPS원시방향유효:1
18:00:02  GPS원시방향:167.4
18:00:02  가속도:9.012,1.073,-0.426
18:00:02  자이로:-24.260,-15.412,-0.802
18:00:02  자력계:-37.500,50.250,12.300
18:00:02  송신:7578
18:00:02  GPS위성:7
18:00:02  GPS_HDOP:1.26
18:00:02  원시위도:37.496469
18:00:02  원시경도:126.958043
18:00:02  GPS채택:1441
18:00:02  GPS이상치거부:0
18:00:02  GPS품질거부:1
18:00:02  GPS재기준:0
18:00:02  RSSI원시:-54
18:00:02  RSSI평활:-55.1
18:00:02  RSSI샘플:14331
18:00:02  RSSI경과ms:51
18:00:02  차량수신:7037
18:00:02  시각ms:775671
18:00:02  IMU시각ms:775671
18:00:02  위험:0
18:00:02  GPS유효:1
18:00:02  위도:37.496471
18:00:02  경도:126.958038
18:00:02  속도:0.376
18:00:02  방향:167.4
18:00:02  GPS원시속도:0.252
18:00:02  GPS원시방향유효:1
18:00:02  GPS원시방향:167.4
18:00:02  가속도:5.301,4.003,5.904
18:00:02  자이로:-41.115,-14.641,-1.924
18:00:02  자력계:-36.750,51.000,14.250
18:00:02  송신:7579
18:00:02  GPS위성:7
18:00:02  GPS_HDOP:1.26
18:00:02  원시위도:37.496475
18:00:02  원시경도:126.958036
18:00:02  GPS채택:1442
18:00:02  GPS이상치거부:0
18:00:02  GPS품질거부:1
18:00:02  GPS재기준:0
18:00:02  RSSI원시:-54
18:00:02  RSSI평활:-55.1
18:00:02  RSSI샘플:14331
18:00:02  RSSI경과ms:86
18:00:02  차량수신:7037
18:00:02  시각ms:775693
18:00:02  IMU시각ms:775693
18:00:02  위험:0
18:00:02  GPS유효:1
18:00:02  위도:37.496471
18:00:02  경도:126.958038
18:00:02  속도:0.376
18:00:02  방향:167.4
18:00:02  GPS원시속도:0.252
18:00:02  GPS원시방향유효:1
18:00:02  GPS원시방향:167.4
18:00:02  가속도:5.152,3.706,6.388
18:00:02  자이로:-31.260,-7.748,8.763
18:00:02  자력계:-38.400,50.850,14.700
18:00:02  송신:7579
18:00:02  GPS위성:7
18:00:02  GPS_HDOP:1.26
18:00:02  원시위도:37.496475
18:00:02  원시경도:126.958036
18:00:02  GPS채택:1442
18:00:02  GPS이상치거부:0
18:00:02  GPS품질거부:1
18:00:02  GPS재기준:0
18:00:02  RSSI원시:-55
18:00:02  RSSI평활:-55.1
18:00:02  RSSI샘플:14333
18:00:02  RSSI경과ms:8
18:00:02  차량수신:7038
18:00:02  시각ms:775715
18:00:02  IMU시각ms:775715
18:00:02  위험:0
18:00:02  GPS유효:1
18:00:02  위도:37.496471
18:00:02  경도:126.958038
18:00:02  속도:0.376
18:00:02  방향:167.4
18:00:02  GPS원시속도:0.252
18:00:02  GPS원시방향유효:1
18:00:02  GPS원시방향:167.4
18:00:02  가속도:3.136,4.271,4.793
18:00:02  자이로:-19.168,2.763,14.260
18:00:02  자력계:-37.050,48.300,14.250
18:00:02  송신:7579
18:00:02  GPS위성:7
18:00:02  GPS_HDOP:1.26
18:00:02  원시위도:37.496475
18:00:02  원시경도:126.958036
18:00:02  GPS채택:1442
18:00:02  GPS이상치거부:0
18:00:02  GPS품질거부:1
18:00:02  GPS재기준:0
18:00:02  RSSI원시:-55
18:00:02  RSSI평활:-55.1
18:00:02  RSSI샘플:14333
18:00:02  RSSI경과ms:30
18:00:02  차량수신:7038
18:00:02  시각ms:775737
18:00:02  IMU시각ms:775737
18:00:02  위험:0
18:00:02  GPS유효:1
18:00:02  위도:37.496471
18:00:02  경도:126.958038
18:00:02  속도:0.376
18:00:02  방향:167.4
18:00:02  GPS원시속도:0.252
18:00:02  GPS원시방향유효:1
18:00:02  GPS원시방향:167.4
18:00:02  가속도:3.658,4.070,5.310
18:00:02  자이로:-4.420,3.771,15.817
18:00:02  자력계:-36.900,48.600,15.150
18:00:02  송신:7579
18:00:02  GPS위성:7
18:00:02  GPS_HDOP:1.26
18:00:02  원시위도:37.496475
18:00:02  원시경도:126.958036
18:00:02  GPS채택:1442
18:00:02  GPS이상치거부:0
18:00:02  GPS품질거부:1
18:00:02  GPS재기준:0
18:00:02  RSSI원시:-55
18:00:02  RSSI평활:-55.1
18:00:02  RSSI샘플:14333
18:00:02  RSSI경과ms:52
18:00:02  차량수신:7038
18:00:02  시각ms:775772
18:00:02  IMU시각ms:775772
18:00:02  위험:0
18:00:02  GPS유효:1
18:00:02  위도:37.496471
18:00:02  경도:126.958038
18:00:02  속도:0.333
18:00:02  방향:167.4
18:00:02  GPS원시속도:0.252
18:00:02  GPS원시방향유효:1
18:00:02  GPS원시방향:167.4
18:00:02  가속도:3.491,3.864,5.329
18:00:02  자이로:-2.672,-0.069,22.618
18:00:02  자력계:-37.650,49.350,12.900
18:00:02  송신:7580
18:00:02  GPS위성:7
18:00:02  GPS_HDOP:1.26
18:00:02  원시위도:37.496475
18:00:02  원시경도:126.958036
18:00:02  GPS채택:1443
18:00:02  GPS이상치거부:0
18:00:02  GPS품질거부:1
18:00:02  GPS재기준:0
18:00:02  RSSI원시:-55
18:00:02  RSSI평활:-55.1
18:00:02  RSSI샘플:14333
18:00:02  RSSI경과ms:87
18:00:02  차량수신:7038
18:00:02  시각ms:775794
18:00:02  IMU시각ms:775794
18:00:02  위험:0
18:00:02  GPS유효:1
18:00:02  위도:37.496471
18:00:02  경도:126.958038
18:00:02  속도:0.333
18:00:02  방향:167.4
18:00:02  GPS원시속도:0.252
18:00:02  GPS원시방향유효:1
18:00:02  GPS원시방향:167.4
18:00:02  가속도:3.711,4.329,5.760
18:00:02  자이로:-2.168,-9.092,22.397
18:00:02  자력계:-38.250,48.750,14.250
18:00:02  송신:7580
18:00:02  GPS위성:7
18:00:02  GPS_HDOP:1.26
18:00:02  원시위도:37.496475
18:00:02  원시경도:126.958036
18:00:02  GPS채택:1443
18:00:02  GPS이상치거부:0
18:00:02  GPS품질거부:1
18:00:02  GPS재기준:0
18:00:02  RSSI원시:-57
18:00:02  RSSI평활:-55.4
18:00:02  RSSI샘플:14335
18:00:02  RSSI경과ms:9
18:00:02  차량수신:7039
18:00:02  시각ms:775894
18:00:02  IMU시각ms:775894
18:00:02  위험:0
18:00:02  GPS유효:1
18:00:02  위도:37.496471
18:00:02  경도:126.958038
18:00:02  속도:0.333
18:00:02  방향:167.4
18:00:02  GPS원시속도:0.252
18:00:02  GPS원시방향유효:1
18:00:02  GPS원시방향:167.4
18:00:02  가속도:13.130,-16.970,-19.613
18:00:02  자이로:99.992,-16.695,1.489
18:00:02  자력계:-39.000,48.300,13.800
18:00:02  송신:7581
18:00:02  GPS위성:7
18:00:02  GPS_HDOP:1.26
18:00:02  원시위도:37.496475
18:00:02  원시경도:126.958036
18:00:02  GPS채택:1443
18:00:02  GPS이상치거부:0
18:00:02  GPS품질거부:1
18:00:02  GPS재기준:0
18:00:02  RSSI원시:-57
18:00:02  RSSI평활:-56.2
18:00:02  RSSI샘플:14337
18:00:02  RSSI경과ms:5
18:00:02  차량수신:7040
18:00:02  시각ms:775938
18:00:02  IMU시각ms:775938
18:00:02  위험:0
18:00:02  GPS유효:1
18:00:02  위도:37.496471
18:00:02  경도:126.958038
18:00:02  속도:0.333
18:00:02  방향:167.4
18:00:02  GPS원시속도:0.252
18:00:02  GPS원시방향유효:1
18:00:02  GPS원시방향:167.4
18:00:02  가속도:6.622,9.443,14.073
18:00:02  자이로:63.901,78.824,-37.359
18:00:02  자력계:-40.500,51.000,13.800
18:00:02  송신:7581
18:00:02  GPS위성:7
18:00:02  GPS_HDOP:1.26
18:00:02  원시위도:37.496475
18:00:02  원시경도:126.958036
18:00:02  GPS채택:1443
18:00:02  GPS이상치거부:0
18:00:02  GPS품질거부:1
18:00:02  GPS재기준:0
18:00:02  RSSI원시:-57
18:00:02  RSSI평활:-56.2
18:00:02  RSSI샘플:14337
18:00:02  RSSI경과ms:49
18:00:02  차량수신:7040
18:00:02  시각ms:775973
18:00:02  IMU시각ms:775973
18:00:02  위험:0
18:00:02  GPS유효:1
18:00:02  위도:37.496471
18:00:02  경도:126.958038
18:00:02  속도:0.333
18:00:02  방향:167.4
18:00:02  GPS원시속도:0.252
18:00:02  GPS원시방향유효:1
18:00:02  GPS원시방향:167.4
18:00:02  가속도:4.994,8.772,10.032
18:00:02  자이로:21.641,45.260,-21.252
18:00:02  자력계:-38.250,52.200,14.250
18:00:02  송신:7582
18:00:02  GPS위성:7
18:00:02  GPS_HDOP:1.26
18:00:02  원시위도:37.496475
18:00:02  원시경도:126.958036
18:00:02  GPS채택:1443
18:00:02  GPS이상치거부:0
18:00:02  GPS품질거부:1
18:00:02  GPS재기준:0
18:00:02  RSSI원시:-55
18:00:02  RSSI평활:-55.9
18:00:02  RSSI샘플:14338
18:00:02  RSSI경과ms:9
18:00:02  차량수신:7040
18:00:02  시각ms:775995
18:00:02  IMU시각ms:775995
18:00:02  위험:0
18:00:02  GPS유효:1
18:00:02  위도:37.496471
18:00:02  경도:126.958038
18:00:02  속도:0.333
18:00:02  방향:167.4
18:00:02  GPS원시속도:0.252
18:00:02  GPS원시방향유효:1
18:00:02  GPS원시방향:167.4
18:00:02  가속도:6.771,8.083,7.235
18:00:02  자이로:-21.450,-28.298,-11.305
18:00:02  자력계:-35.400,52.800,13.950
18:00:02  송신:7582
18:00:02  GPS위성:7
18:00:02  GPS_HDOP:1.26
18:00:02  원시위도:37.496475
18:00:02  원시경도:126.958036
18:00:02  GPS채택:1443
18:00:02  GPS이상치거부:0
18:00:02  GPS품질거부:1
18:00:02  GPS재기준:0
18:00:02  RSSI원시:-55
18:00:02  RSSI평활:-55.7
18:00:02  RSSI샘플:14339
18:00:02  RSSI경과ms:8
18:00:02  차량수신:7041
18:00:02  시각ms:776017
18:00:02  IMU시각ms:776017
18:00:02  위험:0
18:00:02  GPS유효:1
18:00:02  위도:37.496471
18:00:02  경도:126.958038
18:00:02  속도:0.333
18:00:02  방향:167.4
18:00:02  GPS원시속도:0.252
18:00:02  GPS원시방향유효:1
18:00:02  GPS원시방향:167.4
18:00:02  가속도:5.880,4.798,6.747
18:00:02  자이로:-25.107,-14.366,-27.053
18:00:02  자력계:-34.800,52.950,13.800
18:00:02  송신:7582
18:00:02  GPS위성:7
18:00:02  GPS_HDOP:1.26
18:00:02  원시위도:37.496475
18:00:02  원시경도:126.958036
18:00:02  GPS채택:1443
18:00:02  GPS이상치거부:0
18:00:02  GPS품질거부:1
18:00:02  GPS재기준:0
18:00:02  RSSI원시:-55
18:00:02  RSSI평활:-55.7
18:00:02  RSSI샘플:14339
18:00:02  RSSI경과ms:30
18:00:02  차량수신:7041
18:00:02  시각ms:776039
18:00:02  IMU시각ms:776039
18:00:02  위험:0
18:00:02  GPS유효:1
18:00:02  위도:37.496471
18:00:02  경도:126.958038
18:00:02  속도:0.333
18:00:02  방향:167.4
18:00:02  GPS원시속도:0.252
18:00:02  GPS원시방향유효:1
18:00:02  GPS원시방향:167.4
18:00:02  가속도:4.180,6.072,5.923
18:00:02  자이로:-49.328,-30.183,-25.084
18:00:02  자력계:-36.450,53.100,15.150
18:00:02  송신:7582
18:00:02  GPS위성:7
18:00:02  GPS_HDOP:1.26
18:00:02  원시위도:37.496475
18:00:02  원시경도:126.958036
18:00:02  GPS채택:1443
18:00:02  GPS이상치거부:0
18:00:02  GPS품질거부:1
18:00:02  GPS재기준:0
18:00:02  RSSI원시:-55
18:00:02  RSSI평활:-55.7
18:00:02  RSSI샘플:14339
18:00:02  RSSI경과ms:52
18:00:02  차량수신:7041
18:00:02  시각ms:776074
18:00:02  IMU시각ms:776074
18:00:02  위험:0
18:00:02  GPS유효:1
18:00:02  위도:37.496471
18:00:02  경도:126.958038
18:00:02  속도:0.333
18:00:02  방향:167.4
18:00:02  GPS원시속도:0.252
18:00:02  GPS원시방향유효:1
18:00:02  GPS원시방향:167.4
18:00:02  가속도:4.439,4.865,6.273
18:00:02  자이로:-36.725,-9.466,-15.756
18:00:02  자력계:-37.500,51.750,15.600
18:00:02  송신:7583
18:00:02  GPS위성:7
18:00:02  GPS_HDOP:1.26
18:00:02  원시위도:37.496475
18:00:02  원시경도:126.958036
18:00:02  GPS채택:1443
18:00:02  GPS이상치거부:0
18:00:02  GPS품질거부:1
18:00:02  GPS재기준:0
18:00:02  RSSI원시:-56
18:00:02  RSSI평활:-55.8
18:00:02  RSSI샘플:14340
18:00:02  RSSI경과ms:10
18:00:02  차량수신:7041
18:00:02  시각ms:776096
18:00:02  IMU시각ms:776096
18:00:02  위험:0
18:00:02  GPS유효:1
18:00:02  위도:37.496475
18:00:02  경도:126.958038
18:00:02  속도:0.333
18:00:02  방향:167.4
18:00:02  GPS원시속도:0.252
18:00:02  GPS원시방향유효:1
18:00:02  GPS원시방향:167.4
18:00:02  가속도:4.405,4.908,4.477
18:00:02  자이로:-17.290,8.733,-13.214
18:00:02  자력계:-38.550,48.750,13.800
18:00:02  송신:7583
18:00:02  GPS위성:7
18:00:02  GPS_HDOP:1.26
18:00:02  원시위도:37.496475
18:00:02  원시경도:126.958036
18:00:02  GPS채택:1443
18:00:02  GPS이상치거부:0
18:00:02  GPS품질거부:1
18:00:02  GPS재기준:0
18:00:02  RSSI원시:-55
18:00:02  RSSI평활:-55.6
18:00:02  RSSI샘플:14341
18:00:02  RSSI경과ms:10
18:00:02  차량수신:7042
18:00:02  시각ms:776118
18:00:02  IMU시각ms:776118
18:00:02  위험:0
18:00:02  GPS유효:1
18:00:02  위도:37.496475
18:00:02  경도:126.958038
18:00:02  속도:0.333
18:00:02  방향:167.4
18:00:02  GPS원시속도:0.252
18:00:02  GPS원시방향유효:1
18:00:02  GPS원시방향:167.4
18:00:02  가속도:4.156,4.841,5.947
18:00:02  자이로:-6.931,18.229,-8.672
18:00:02  자력계:-37.950,52.050,13.650
18:00:02  송신:7583
18:00:02  GPS위성:7
18:00:02  GPS_HDOP:1.26
18:00:02  원시위도:37.496475
18:00:02  원시경도:126.958036
18:00:02  GPS채택:1443
18:00:02  GPS이상치거부:0
18:00:02  GPS품질거부:1
18:00:02  GPS재기준:0
18:00:02  RSSI원시:-55
18:00:02  RSSI평활:-55.6
18:00:02  RSSI샘플:14341
18:00:02  RSSI경과ms:32
18:00:02  차량수신:7042
18:00:02  시각ms:776174
18:00:02  IMU시각ms:776174
18:00:02  위험:0
18:00:02  GPS유효:1
18:00:02  위도:37.496475
18:00:02  경도:126.958038
18:00:02  속도:0.333
18:00:02  방향:167.4
18:00:02  GPS원시속도:0.252
18:00:02  GPS원시방향유효:1
18:00:02  GPS원시방향:167.4
18:00:02  가속도:4.166,4.707,6.373
18:00:02  자이로:-8.489,16.137,-5.023
18:00:02  자력계:-34.800,49.950,15.300
18:00:02  송신:7584
18:00:02  GPS위성:7
18:00:02  GPS_HDOP:1.26
18:00:02  원시위도:37.496475
18:00:02  원시경도:126.958036
18:00:02  GPS채택:1443
18:00:02  GPS이상치거부:0
18:00:02  GPS품질거부:1
18:00:02  GPS재기준:0
18:00:02  RSSI원시:-55
18:00:02  RSSI평활:-55.5
18:00:02  RSSI샘플:14342
18:00:02  RSSI경과ms:1
18:00:02  차량수신:7042
18:00:02  시각ms:776196
18:00:02  IMU시각ms:776196
18:00:02  위험:0
18:00:02  GPS유효:1
18:00:02  위도:37.496475
18:00:02  경도:126.958038
18:00:02  속도:0.333
18:00:02  방향:167.4
18:00:02  GPS원시속도:0.252
18:00:02  GPS원시방향유효:1
18:00:02  GPS원시방향:167.4
18:00:02  가속도:3.716,4.305,6.656
18:00:02  자이로:-0.916,11.527,-3.031
18:00:02  자력계:-34.800,50.250,14.850
18:00:02  송신:7584
18:00:02  GPS위성:7
18:00:02  GPS_HDOP:1.26
18:00:02  원시위도:37.496475
18:00:02  원시경도:126.958036
18:00:02  GPS채택:1443
18:00:02  GPS이상치거부:0
18:00:02  GPS품질거부:1
18:00:02  GPS재기준:0
18:00:02  RSSI원시:-55
18:00:02  RSSI평활:-55.4
18:00:02  RSSI샘플:14343
18:00:02  RSSI경과ms:7
18:00:02  차량수신:7043
18:00:02  시각ms:776240
18:00:02  IMU시각ms:776240
18:00:02  위험:0
18:00:02  GPS유효:1
18:00:02  위도:37.496475
18:00:02  경도:126.958038
18:00:02  속도:0.333
18:00:02  방향:167.4
18:00:02  GPS원시속도:0.252
18:00:02  GPS원시방향유효:1
18:00:02  GPS원시방향:167.4
18:00:02  가속도:2.389,4.568,5.818
18:00:02  자이로:19.863,10.641,0.924
18:00:02  자력계:-36.300,49.500,14.550
18:00:02  송신:7584
18:00:02  GPS위성:7
18:00:02  GPS_HDOP:1.26
18:00:02  원시위도:37.496475
18:00:02  원시경도:126.958036
18:00:02  GPS채택:1443
18:00:02  GPS이상치거부:0
18:00:02  GPS품질거부:1
18:00:02  GPS재기준:0
18:00:02  RSSI원시:-55
18:00:02  RSSI평활:-55.4
18:00:02  RSSI샘플:14343
18:00:02  RSSI경과ms:51
18:00:02  차량수신:7043
18:00:02  시각ms:776273
18:00:02  IMU시각ms:776273
18:00:02  위험:0
18:00:02  GPS유효:1
18:00:02  위도:37.496475
18:00:02  경도:126.958038
18:00:02  속도:0.333
18:00:02  방향:167.4
18:00:02  GPS원시속도:0.252
18:00:02  GPS원시방향유효:1
18:00:02  GPS원시방향:167.4
18:00:02  가속도:1.815,4.879,6.091
18:00:02  자이로:23.443,2.947,10.374
18:00:02  자력계:-36.450,52.800,15.450
18:00:02  송신:7585
18:00:02  GPS위성:7
18:00:02  GPS_HDOP:1.26
18:00:02  원시위도:37.496475
18:00:02  원시경도:126.958036
18:00:02  GPS채택:1443
18:00:02  GPS이상치거부:0
18:00:02  GPS품질거부:1
18:00:02  GPS재기준:0
18:00:02  RSSI원시:-56
18:00:02  RSSI평활:-55.5
18:00:02  RSSI샘플:14344
18:00:02  RSSI경과ms:5
18:00:02  차량수신:7043
18:00:02  시각ms:776339
18:00:02  IMU시각ms:776339
18:00:02  위험:0
18:00:02  GPS유효:1
18:00:02  위도:37.496475
18:00:02  경도:126.958038
18:00:02  속도:0.333
18:00:02  방향:167.4
18:00:02  GPS원시속도:0.252
18:00:02  GPS원시방향유효:1
18:00:02  GPS원시방향:167.4
18:00:02  가속도:2.207,5.962,5.981
18:00:02  자이로:-2.817,-25.237,15.031
18:00:02  자력계:-33.900,50.400,13.200
18:00:02  송신:7585
18:00:02  GPS위성:7
18:00:02  GPS_HDOP:1.26
18:00:02  원시위도:37.496475
18:00:02  원시경도:126.958036
18:00:02  GPS채택:1443
18:00:02  GPS이상치거부:0
18:00:02  GPS품질거부:1
18:00:02  GPS재기준:0
18:00:02  RSSI원시:-56
18:00:02  RSSI평활:-55.6
18:00:02  RSSI샘플:14345
18:00:02  RSSI경과ms:47
18:00:02  차량수신:7044
18:00:02  시각ms:776373
18:00:02  IMU시각ms:776361
18:00:02  위험:0
18:00:02  GPS유효:1
18:00:02  위도:37.496475
18:00:02  경도:126.958038
18:00:02  속도:0.333
18:00:02  방향:167.4
18:00:02  GPS원시속도:0.252
18:00:02  GPS원시방향유효:1
18:00:02  GPS원시방향:167.4
18:00:02  가속도:2.380,6.067,5.650
18:00:02  자이로:-12.977,-31.053,14.473
18:00:02  자력계:-34.050,51.450,14.850
18:00:02  송신:7586
18:00:02  GPS위성:7
18:00:02  GPS_HDOP:1.26
18:00:02  원시위도:37.496475
18:00:02  원시경도:126.958036
18:00:02  GPS채택:1443
18:00:02  GPS이상치거부:0
18:00:02  GPS품질거부:1
18:00:02  GPS재기준:0
18:00:02  RSSI원시:-55
18:00:02  RSSI평활:-55.5
18:00:02  RSSI샘플:14346
18:00:02  RSSI경과ms:5
18:00:02  차량수신:7044
18:00:02  시각ms:776381
18:00:02  IMU시각ms:776381
18:00:02  위험:0
18:00:02  GPS유효:1
18:00:02  위도:37.496475
18:00:02  경도:126.958038
18:00:02  속도:0.333
18:00:02  방향:167.4
18:00:02  GPS원시속도:0.252
18:00:02  GPS원시방향유효:1
18:00:02  GPS원시방향:167.4
18:00:02  가속도:2.729,6.029,5.128
18:00:02  자이로:-9.595,-26.656,12.733
18:00:02  자력계:-35.250,51.750,13.800
18:00:02  송신:7586
18:00:02  GPS위성:7
18:00:02  GPS_HDOP:1.26
18:00:02  원시위도:37.496475
18:00:02  원시경도:126.958036
18:00:02  GPS채택:1443
18:00:02  GPS이상치거부:0
18:00:02  GPS품질거부:1
18:00:02  GPS재기준:0
18:00:02  RSSI원시:-55
18:00:02  RSSI평활:-55.5
18:00:02  RSSI샘플:14346
18:00:02  RSSI경과ms:13
18:00:02  차량수신:7044
18:00:02  시각ms:776425
18:00:02  IMU시각ms:776425
18:00:02  위험:0
18:00:02  GPS유효:1
18:00:02  위도:37.496475
18:00:02  경도:126.958038
18:00:02  속도:0.333
18:00:02  방향:167.4
18:00:02  GPS원시속도:0.252
18:00:02  GPS원시방향유효:1
18:00:02  GPS원시방향:167.4
18:00:02  가속도:3.505,6.828,4.908
18:00:02  자이로:25.939,-13.595,7.733
18:00:02  자력계:-37.050,51.750,13.800
18:00:02  송신:7586
18:00:02  GPS위성:7
18:00:02  GPS_HDOP:1.26
18:00:02  원시위도:37.496475
18:00:02  원시경도:126.958036
18:00:02  GPS채택:1443
18:00:02  GPS이상치거부:0
18:00:02  GPS품질거부:1
18:00:02  GPS재기준:0
18:00:02  RSSI원시:-56
18:00:02  RSSI평활:-55.6
18:00:02  RSSI샘플:14347
18:00:02  RSSI경과ms:29
18:00:02  차량수신:7045
18:00:02  시각ms:776447
18:00:02  IMU시각ms:776447
18:00:02  위험:0
18:00:02  GPS유효:1
18:00:02  위도:37.496475
18:00:02  경도:126.958038
18:00:02  속도:0.333
18:00:02  방향:167.4
18:00:02  GPS원시속도:0.252
18:00:02  GPS원시방향유효:1
18:00:02  GPS원시방향:167.4
18:00:02  가속도:4.884,6.694,6.766
18:00:02  자이로:56.130,-8.626,4.053
18:00:02  자력계:-37.800,52.200,13.800
18:00:02  송신:7586
18:00:02  GPS위성:7
18:00:02  GPS_HDOP:1.26
18:00:02  원시위도:37.496475
18:00:02  원시경도:126.958036
18:00:02  GPS채택:1443
18:00:02  GPS이상치거부:0
18:00:02  GPS품질거부:1
18:00:02  GPS재기준:0
18:00:02  RSSI원시:-56
18:00:02  RSSI평활:-55.6
18:00:02  RSSI샘플:14347
18:00:02  RSSI경과ms:51
18:00:02  차량수신:7045
18:00:02  시각ms:776480
18:00:02  IMU시각ms:776480
18:00:02  위험:0
18:00:02  GPS유효:1
18:00:02  위도:37.496475
18:00:02  경도:126.958038
18:00:02  속도:0.333
18:00:02  방향:167.4
18:00:02  GPS원시속도:0.252
18:00:02  GPS원시방향유효:1
18:00:02  GPS원시방향:167.4
18:00:02  가속도:1.700,-19.613,-19.613
18:00:02  자이로:110.939,-83.679,69.489
18:00:02  자력계:-36.300,53.700,12.750
18:00:02  송신:7587
18:00:02  GPS위성:7
18:00:02  GPS_HDOP:1.26
18:00:02  원시위도:37.496475
18:00:02  원시경도:126.958036
18:00:02  GPS채택:1443
18:00:02  GPS이상치거부:0
18:00:02  GPS품질거부:1
18:00:02  GPS재기준:0
18:00:02  RSSI원시:-58
18:00:02  RSSI평활:-56.1
18:00:02  RSSI샘플:14348
18:00:02  RSSI경과ms:5
18:00:02  차량수신:7045
18:00:02  시각ms:776502
18:00:02  IMU시각ms:776502
18:00:02  위험:0
18:00:02  GPS유효:1
18:00:02  위도:37.496475
18:00:02  경도:126.958038
18:00:02  속도:0.333
18:00:02  방향:167.4
18:00:02  GPS원시속도:0.252
18:00:02  GPS원시방향유효:1
18:00:02  GPS원시방향:167.4
18:00:02  가속도:9.318,11.052,12.771
18:00:02  자이로:50.748,36.458,2.443
18:00:02  자력계:-38.250,54.450,14.550
18:00:02  송신:7587
18:00:02  GPS위성:7
18:00:02  GPS_HDOP:1.26
18:00:02  원시위도:37.496475
18:00:02  원시경도:126.958036
18:00:02  GPS채택:1443
18:00:02  GPS이상치거부:0
18:00:02  GPS품질거부:1
18:00:02  GPS재기준:0
18:00:02  RSSI원시:-57
18:00:02  RSSI평활:-56.3
18:00:02  RSSI샘플:14349
18:00:02  RSSI경과ms:12
18:00:02  차량수신:7046
18:00:02  시각ms:776524
18:00:02  IMU시각ms:776524
18:00:02  위험:0
18:00:02  GPS유효:1
18:00:02  위도:37.496475
18:00:02  경도:126.958038
18:00:02  속도:0.333
18:00:02  방향:167.4
18:00:02  GPS원시속도:0.252
18:00:02  GPS원시방향유효:1
18:00:02  GPS원시방향:167.4
18:00:02  가속도:3.802,8.107,4.836
18:00:02  자이로:20.397,84.282,-16.176
18:00:02  자력계:-34.950,55.500,15.150
18:00:02  송신:7587
18:00:02  GPS위성:7
18:00:02  GPS_HDOP:1.26
18:00:02  원시위도:37.496475
18:00:02  원시경도:126.958036
18:00:02  GPS채택:1443
18:00:02  GPS이상치거부:0
18:00:02  GPS품질거부:1
18:00:02  GPS재기준:0
18:00:02  RSSI원시:-57
18:00:02  RSSI평활:-56.3
18:00:02  RSSI샘플:14349
18:00:02  RSSI경과ms:34
18:00:02  차량수신:7046
18:00:02  시각ms:776546
18:00:02  IMU시각ms:776546
18:00:02  위험:0
18:00:02  GPS유효:1
18:00:02  위도:37.496475
18:00:02  경도:126.958038
18:00:02  속도:0.333
18:00:02  방향:167.4
18:00:02  GPS원시속도:0.252
18:00:02  GPS원시방향유효:1
18:00:02  GPS원시방향:167.4
18:00:02  가속도:11.138,2.423,16.803
18:00:02  자이로:6.366,39.702,-4.366
18:00:02  자력계:-34.650,58.200,14.400
18:00:02  송신:7587
18:00:02  GPS위성:7
18:00:02  GPS_HDOP:1.26
18:00:02  원시위도:37.496475
18:00:02  원시경도:126.958036
18:00:02  GPS채택:1443
18:00:02  GPS이상치거부:0
18:00:02  GPS품질거부:1
18:00:02  GPS재기준:0
18:00:02  RSSI원시:-57
18:00:02  RSSI평활:-56.3
18:00:02  RSSI샘플:14349
18:00:02  RSSI경과ms:56
18:00:02  차량수신:7046
18:00:02  시각ms:776580
18:00:02  IMU시각ms:776568
18:00:02  위험:0
18:00:02  GPS유효:1
18:00:02  위도:37.496475
18:00:02  경도:126.958038
18:00:02  속도:0.333
18:00:02  방향:167.4
18:00:02  GPS원시속도:0.252
18:00:02  GPS원시방향유효:1
18:00:02  GPS원시방향:167.4
18:00:02  가속도:4.750,9.270,6.335
18:00:02  자이로:3.702,21.214,-12.260
18:00:02  자력계:-33.450,57.000,14.400
18:00:02  송신:7588
18:00:02  GPS위성:7
18:00:02  GPS_HDOP:1.26
18:00:02  원시위도:37.496475
18:00:02  원시경도:126.958036
18:00:02  GPS채택:1443
18:00:02  GPS이상치거부:0
18:00:02  GPS품질거부:1
18:00:02  GPS재기준:0
18:00:02  RSSI원시:-57
18:00:02  RSSI평활:-56.3
18:00:02  RSSI샘플:14349
18:00:02  RSSI경과ms:90
18:00:02  차량수신:7046
18:00:02  시각ms:776588
18:00:02  IMU시각ms:776588
18:00:02  위험:0
18:00:02  GPS유효:1
18:00:02  위도:37.496475
18:00:02  경도:126.958038
18:00:02  속도:0.333
18:00:02  방향:167.4
18:00:02  GPS원시속도:0.252
18:00:02  GPS원시방향유효:1
18:00:02  GPS원시방향:167.4
18:00:02  가속도:2.945,6.608,7.034
18:00:02  자이로:-33.733,-12.901,-10.031
18:00:02  자력계:-34.200,58.500,13.200
18:00:02  송신:7588
18:00:02  GPS위성:7
18:00:02  GPS_HDOP:1.26
18:00:02  원시위도:37.496475
18:00:02  원시경도:126.958036
18:00:02  GPS채택:1443
18:00:02  GPS이상치거부:0
18:00:02  GPS품질거부:1
18:00:02  GPS재기준:0
18:00:02  RSSI원시:-57
18:00:02  RSSI평활:-56.4
18:00:02  RSSI샘플:14350
18:00:02  RSSI경과ms:8
18:00:02  차량수신:7046
18:00:03  시각ms:776610
18:00:03  IMU시각ms:776610
18:00:03  위험:0
18:00:03  GPS유효:1
18:00:03  위도:37.496475
18:00:03  경도:126.958038
18:00:03  속도:0.333
18:00:03  방향:167.4
18:00:03  GPS원시속도:0.252
18:00:03  GPS원시방향유효:1
18:00:03  GPS원시방향:167.4
18:00:03  가속도:1.595,5.693,6.306
18:00:03  자이로:-61.336,-14.206,-4.916
18:00:03  자력계:-33.450,55.800,13.950
18:00:03  송신:7588
18:00:03  GPS위성:7
18:00:03  GPS_HDOP:1.26
18:00:03  원시위도:37.496475
18:00:03  원시경도:126.958036
18:00:03  GPS채택:1443
18:00:03  GPS이상치거부:0
18:00:03  GPS품질거부:1
18:00:03  GPS재기준:0
18:00:03  RSSI원시:-56
18:00:03  RSSI평활:-56.3
18:00:03  RSSI샘플:14351
18:00:03  RSSI경과ms:19
18:00:03  차량수신:7047
18:00:03  시각ms:776632
18:00:03  IMU시각ms:776632
18:00:03  위험:0
18:00:03  GPS유효:1
18:00:03  위도:37.496475
18:00:03  경도:126.958038
18:00:03  속도:0.333
18:00:03  방향:167.4
18:00:03  GPS원시속도:0.252
18:00:03  GPS원시방향유효:1
18:00:03  GPS원시방향:167.4
18:00:03  가속도:3.084,5.454,6.297
18:00:03  자이로:-76.237,-30.893,3.305
18:00:03  자력계:-34.200,55.500,15.150
18:00:03  송신:7588
18:00:03  GPS위성:7
18:00:03  GPS_HDOP:1.26
18:00:03  원시위도:37.496475
18:00:03  원시경도:126.958036
18:00:03  GPS채택:1443
18:00:03  GPS이상치거부:0
18:00:03  GPS품질거부:1
18:00:03  GPS재기준:0
18:00:03  RSSI원시:-56
18:00:03  RSSI평활:-56.3
18:00:03  RSSI샘플:14351
18:00:03  RSSI경과ms:41
18:00:03  차량수신:7047
18:00:03  시각ms:776654
18:00:03  IMU시각ms:776654
18:00:03  위험:0
18:00:03  GPS유효:1
18:00:03  위도:37.496475
18:00:03  경도:126.958031
18:00:03  속도:0.393
18:00:03  방향:167.4
18:00:03  GPS원시속도:0.504
18:00:03  GPS원시방향유효:1
18:00:03  GPS원시방향:167.4
18:00:03  가속도:3.898,4.673,5.195
18:00:03  자이로:-73.481,-24.183,6.550
18:00:03  자력계:-35.250,54.150,13.800
18:00:03  송신:7588
18:00:03  GPS위성:7
18:00:03  GPS_HDOP:1.26
18:00:03  원시위도:37.496480
18:00:03  원시경도:126.958031
18:00:03  GPS채택:1444
18:00:03  GPS이상치거부:0
18:00:03  GPS품질거부:1
18:00:03  GPS재기준:0
18:00:03  RSSI원시:-56
18:00:03  RSSI평활:-56.3
18:00:03  RSSI샘플:14351
18:00:03  RSSI경과ms:63
18:00:03  차량수신:7047
18:00:03  시각ms:776689
18:00:03  IMU시각ms:776689
18:00:03  위험:0
18:00:03  GPS유효:1
18:00:03  위도:37.496475
18:00:03  경도:126.958031
18:00:03  속도:0.393
18:00:03  방향:167.4
18:00:03  GPS원시속도:0.504
18:00:03  GPS원시방향유효:1
18:00:03  GPS원시방향:167.4
18:00:03  가속도:3.146,4.180,5.569
18:00:03  자이로:-62.611,-17.779,10.137
18:00:03  자력계:-34.650,51.300,13.200
18:00:03  송신:7589
18:00:03  GPS위성:7
18:00:03  GPS_HDOP:1.26
18:00:03  원시위도:37.496480
18:00:03  원시경도:126.958031
18:00:03  GPS채택:1444
18:00:03  GPS이상치거부:0
18:00:03  GPS품질거부:1
18:00:03  GPS재기준:0
18:00:03  RSSI원시:-56
18:00:03  RSSI평활:-56.3
18:00:03  RSSI샘플:14352
18:00:03  RSSI경과ms:7
18:00:03  차량수신:7047
18:00:03  시각ms:776710
18:00:03  IMU시각ms:776710
18:00:03  위험:0
18:00:03  GPS유효:1
18:00:03  위도:37.496479
18:00:03  경도:126.958031
18:00:03  속도:0.393
18:00:03  방향:167.4
18:00:03  GPS원시속도:0.504
18:00:03  GPS원시방향유효:1
18:00:03  GPS원시방향:167.4
18:00:03  가속도:3.500,3.845,5.770
18:00:03  자이로:-46.550,-6.321,15.092
18:00:03  자력계:-37.050,49.200,15.300
18:00:03  송신:7589
18:00:03  GPS위성:7
18:00:03  GPS_HDOP:1.26
18:00:03  원시위도:37.496480
18:00:03  원시경도:126.958031
18:00:03  GPS채택:1444
18:00:03  GPS이상치거부:0
18:00:03  GPS품질거부:1
18:00:03  GPS재기준:0
18:00:03  RSSI원시:-57
18:00:03  RSSI평활:-56.4
18:00:03  RSSI샘플:14353
18:00:03  RSSI경과ms:18
18:00:03  차량수신:7048
18:00:03  시각ms:776732
18:00:03  IMU시각ms:776732
18:00:03  위험:0
18:00:03  GPS유효:1
18:00:03  위도:37.496479
18:00:03  경도:126.958031
18:00:03  속도:0.393
18:00:03  방향:167.4
18:00:03  GPS원시속도:0.504
18:00:03  GPS원시방향유효:1
18:00:03  GPS원시방향:167.4
18:00:03  가속도:3.721,4.410,5.866
18:00:03  자이로:-26.489,7.656,15.901
18:00:03  자력계:-37.500,49.500,13.800
18:00:03  송신:7589
18:00:03  GPS위성:7
18:00:03  GPS_HDOP:1.26
18:00:03  원시위도:37.496480
18:00:03  원시경도:126.958031
18:00:03  GPS채택:1444
18:00:03  GPS이상치거부:0
18:00:03  GPS품질거부:1
18:00:03  GPS재기준:0
18:00:03  RSSI원시:-57
18:00:03  RSSI평활:-56.4
18:00:03  RSSI샘플:14353
18:00:03  RSSI경과ms:40
18:00:03  차량수신:7048
18:00:03  시각ms:776754
18:00:03  IMU시각ms:776754
18:00:03  위험:0
18:00:03  GPS유효:1
18:00:03  위도:37.496479
18:00:03  경도:126.958031
18:00:03  속도:0.393
18:00:03  방향:167.4
18:00:03  GPS원시속도:0.504
18:00:03  GPS원시방향유효:1
18:00:03  GPS원시방향:167.4
18:00:03  가속도:3.371,4.286,5.832
18:00:03  자이로:-9.450,17.305,18.878
18:00:03  자력계:-37.050,47.550,15.300
18:00:03  송신:7589
18:00:03  GPS위성:7
18:00:03  GPS_HDOP:1.26
18:00:03  원시위도:37.496480
18:00:03  원시경도:126.958031
18:00:03  GPS채택:1444
18:00:03  GPS이상치거부:0
18:00:03  GPS품질거부:1
18:00:03  GPS재기준:0
18:00:03  RSSI원시:-57
18:00:03  RSSI평활:-56.4
18:00:03  RSSI샘플:14353
18:00:03  RSSI경과ms:62
18:00:03  차량수신:7048
18:00:03  시각ms:776789
18:00:03  IMU시각ms:776789
18:00:03  위험:0
18:00:03  GPS유효:1
18:00:03  위도:37.496479
18:00:03  경도:126.958031
18:00:03  속도:0.432
18:00:03  방향:167.4
18:00:03  GPS원시속도:0.504
18:00:03  GPS원시방향유효:1
18:00:03  GPS원시방향:167.4
18:00:03  가속도:3.021,3.989,5.866
18:00:03  자이로:-2.641,16.542,24.580
18:00:03  자력계:-34.800,48.750,13.800
18:00:03  송신:7590
18:00:03  GPS위성:7
18:00:03  GPS_HDOP:1.26
18:00:03  원시위도:37.496480
18:00:03  원시경도:126.958031
18:00:03  GPS채택:1445
18:00:03  GPS이상치거부:0
18:00:03  GPS품질거부:1
18:00:03  GPS재기준:0
18:00:03  RSSI원시:-57
18:00:03  RSSI평활:-56.5
18:00:03  RSSI샘플:14354
18:00:03  RSSI경과ms:6
18:00:03  차량수신:7048
18:00:03  시각ms:776833
18:00:03  IMU시각ms:776833
18:00:03  위험:0
18:00:03  GPS유효:1
18:00:03  위도:37.496479
18:00:03  경도:126.958031
18:00:03  속도:0.432
18:00:03  방향:167.4
18:00:03  GPS원시속도:0.504
18:00:03  GPS원시방향유효:1
18:00:03  GPS원시방향:167.4
18:00:03  가속도:2.523,4.070,5.516
18:00:03  자이로:-2.489,2.153,28.947
18:00:03  자력계:-34.800,48.750,15.300
18:00:03  송신:7590
18:00:03  GPS위성:7
18:00:03  GPS_HDOP:1.26
18:00:03  원시위도:37.496480
18:00:03  원시경도:126.958031
18:00:03  GPS채택:1445
18:00:03  GPS이상치거부:0
18:00:03  GPS품질거부:1
18:00:03  GPS재기준:0
18:00:03  RSSI원시:-58
18:00:03  RSSI평활:-56.8
18:00:03  RSSI샘플:14355
18:00:03  RSSI경과ms:42
18:00:03  차량수신:7049
18:00:03  시각ms:776855
18:00:03  IMU시각ms:776855
18:00:03  위험:0
18:00:03  GPS유효:1
18:00:03  위도:37.496479
18:00:03  경도:126.958031
18:00:03  속도:0.432
18:00:03  방향:167.4
18:00:03  GPS원시속도:0.504
18:00:03  GPS원시방향유효:1
18:00:03  GPS원시방향:167.4
18:00:03  가속도:3.299,4.080,4.894
18:00:03  자이로:-2.603,-7.611,30.107
18:00:03  자력계:-36.000,48.000,14.550
18:00:03  송신:7590
18:00:03  GPS위성:7
18:00:03  GPS_HDOP:1.26
18:00:03  원시위도:37.496480
18:00:03  원시경도:126.958031
18:00:03  GPS채택:1445
18:00:03  GPS이상치거부:0
18:00:03  GPS품질거부:1
18:00:03  GPS재기준:0
18:00:03  RSSI원시:-58
18:00:03  RSSI평활:-56.8
18:00:03  RSSI샘플:14355
18:00:03  RSSI경과ms:64
18:00:03  차량수신:7049
18:00:03  시각ms:776890
18:00:03  IMU시각ms:776890
18:00:03  위험:0
18:00:03  GPS유효:1
18:00:03  위도:37.496479
18:00:03  경도:126.958031
18:00:03  속도:0.432
18:00:03  방향:167.4
18:00:03  GPS원시속도:0.504
18:00:03  GPS원시방향유효:1
18:00:03  GPS원시방향:167.4
18:00:03  가속도:5.080,5.602,5.095
18:00:03  자이로:25.130,-27.649,29.672
18:00:03  자력계:-34.500,47.250,14.550
18:00:03  송신:7591
18:00:03  GPS위성:7
18:00:03  GPS_HDOP:1.26
18:00:03  원시위도:37.496480
18:00:03  원시경도:126.958031
18:00:03  GPS채택:1445
18:00:03  GPS이상치거부:0
18:00:03  GPS품질거부:1
18:00:03  GPS재기준:0
18:00:03  RSSI원시:-60
18:00:03  RSSI평활:-58.0
18:00:03  RSSI샘플:14357
18:00:03  RSSI경과ms:1
18:00:03  차량수신:7050
18:00:03  시각ms:776912
18:00:03  IMU시각ms:776912
18:00:03  위험:0
18:00:03  GPS유효:1
18:00:03  위도:37.496479
18:00:03  경도:126.958031
18:00:03  속도:0.432
18:00:03  방향:167.4
18:00:03  GPS원시속도:0.504
18:00:03  GPS원시방향유효:1
18:00:03  GPS원시방향:167.4
18:00:03  가속도:6.019,5.578,5.511
18:00:03  자이로:35.832,-39.015,31.008
18:00:03  자력계:-36.150,46.950,14.400
18:00:03  송신:7591
18:00:03  GPS위성:7
18:00:03  GPS_HDOP:1.26
18:00:03  원시위도:37.496480
18:00:03  원시경도:126.958031
18:00:03  GPS채택:1445
18:00:03  GPS이상치거부:0
18:00:03  GPS품질거부:1
18:00:03  GPS재기준:0
18:00:03  RSSI원시:-60
18:00:03  RSSI평활:-58.0
18:00:03  RSSI샘플:14357
18:00:03  RSSI경과ms:23
18:00:03  차량수신:7050
18:00:03  시각ms:776991
18:00:03  IMU시각ms:776991
18:00:03  위험:0
18:00:03  GPS유효:1
18:00:03  위도:37.496479
18:00:03  경도:126.958031
18:00:03  속도:0.432
18:00:03  방향:167.4
18:00:03  GPS원시속도:0.504
18:00:03  GPS원시방향유효:1
18:00:03  GPS원시방향:167.4
18:00:03  가속도:19.613,19.613,19.613
18:00:03  자이로:-250.137,-250.137,-234.481
18:00:03  자력계:-38.250,49.500,13.500
18:00:03  송신:7592
18:00:03  GPS위성:7
18:00:03  GPS_HDOP:1.26
18:00:03  원시위도:37.496480
18:00:03  원시경도:126.958031
18:00:03  GPS채택:1445
18:00:03  GPS이상치거부:0
18:00:03  GPS품질거부:1
18:00:03  GPS재기준:0
18:00:03  RSSI원시:-64
18:00:03  RSSI평활:-59.2
18:00:03  RSSI샘플:14358
18:00:03  RSSI경과ms:16
18:00:03  차량수신:7050
18:00:03  시각ms:777013
18:00:03  IMU시각ms:777013
18:00:03  위험:0
18:00:03  GPS유효:1
18:00:03  위도:37.496479
18:00:03  경도:126.958031
18:00:03  속도:0.432
18:00:03  방향:167.4
18:00:03  GPS원시속도:0.504
18:00:03  GPS원시방향유효:1
18:00:03  GPS원시방향:167.4
18:00:03  가속도:11.602,4.702,15.165
18:00:03  자이로:-52.740,1.656,0.351
18:00:03  자력계:-40.200,48.600,13.650
18:00:03  송신:7592
18:00:03  GPS위성:7
18:00:03  GPS_HDOP:1.26
18:00:03  원시위도:37.496480
18:00:03  원시경도:126.958031
18:00:03  GPS채택:1445
18:00:03  GPS이상치거부:0
18:00:03  GPS품질거부:1
18:00:03  GPS재기준:0
18:00:03  RSSI원시:-65
18:00:03  RSSI평활:-60.3
18:00:03  RSSI샘플:14359
18:00:03  RSSI경과ms:20
18:00:03  차량수신:7051
18:00:03  시각ms:777035
18:00:03  IMU시각ms:777035
18:00:03  위험:0
18:00:03  GPS유효:1
18:00:03  위도:37.496479
18:00:03  경도:126.958031
18:00:03  속도:0.432
18:00:03  방향:167.4
18:00:03  GPS원시속도:0.504
18:00:03  GPS원시방향유효:1
18:00:03  GPS원시방향:167.4
18:00:03  가속도:-3.251,11.272,0.297
18:00:03  자이로:-32.282,68.939,-16.466
18:00:03  자력계:-39.000,48.750,13.500
18:00:03  송신:7592
18:00:03  GPS위성:7
18:00:03  GPS_HDOP:1.26
18:00:03  원시위도:37.496480
18:00:03  원시경도:126.958031
18:00:03  GPS채택:1445
18:00:03  GPS이상치거부:0
18:00:03  GPS품질거부:1
18:00:03  GPS재기준:0
18:00:03  RSSI원시:-65
18:00:03  RSSI평활:-60.3
18:00:03  RSSI샘플:14359
18:00:03  RSSI경과ms:42
18:00:03  차량수신:7051
18:00:03  시각ms:777057
18:00:03  IMU시각ms:777057
18:00:03  위험:0
18:00:03  GPS유효:1
18:00:03  위도:37.496479
18:00:03  경도:126.958031
18:00:03  속도:0.432
18:00:03  방향:167.4
18:00:03  GPS원시속도:0.504
18:00:03  GPS원시방향유효:1
18:00:03  GPS원시방향:167.4
18:00:03  가속도:4.142,8.188,10.017
18:00:03  자이로:30.870,-5.977,-8.099
18:00:03  자력계:-38.400,48.150,13.200
18:00:03  송신:7592
18:00:03  GPS위성:7
18:00:03  GPS_HDOP:1.26
18:00:03  원시위도:37.496480
18:00:03  원시경도:126.958031
18:00:03  GPS채택:1445
18:00:03  GPS이상치거부:0
18:00:03  GPS품질거부:1
18:00:03  GPS재기준:0
18:00:03  RSSI원시:-65
18:00:03  RSSI평활:-60.3
18:00:03  RSSI샘플:14359
18:00:03  RSSI경과ms:64
18:00:03  차량수신:7051
18:00:03  시각ms:777092
18:00:03  IMU시각ms:777092
18:00:03  위험:0
18:00:03  GPS유효:1
18:00:03  위도:37.496479
18:00:03  경도:126.958031
18:00:03  속도:0.432
18:00:03  방향:167.4
18:00:03  GPS원시속도:0.504
18:00:03  GPS원시방향유효:1
18:00:03  GPS원시방향:167.4
18:00:03  가속도:4.975,2.605,2.447
18:00:03  자이로:-15.412,28.458,6.855
18:00:03  자력계:-38.700,48.900,12.900
18:00:03  송신:7593
18:00:03  GPS위성:7
18:00:03  GPS_HDOP:1.26
18:00:03  원시위도:37.496480
18:00:03  원시경도:126.958031
18:00:03  GPS채택:1445
18:00:03  GPS이상치거부:0
18:00:03  GPS품질거부:1
18:00:03  GPS재기준:0
18:00:03  RSSI원시:-61
18:00:03  RSSI평활:-60.6
18:00:03  RSSI샘플:14361
18:00:03  RSSI경과ms:2
18:00:03  차량수신:7052
18:00:03  시각ms:777114
18:00:03  IMU시각ms:777114
18:00:03  위험:0
18:00:03  GPS유효:1
18:00:03  위도:37.496479
18:00:03  경도:126.958031
18:00:03  속도:0.432
18:00:03  방향:167.4
18:00:03  GPS원시속도:0.504
18:00:03  GPS원시방향유효:1
18:00:03  GPS원시방향:167.4
18:00:03  가속도:3.261,3.826,9.941
18:00:03  자이로:-10.786,6.450,7.611
18:00:03  자력계:-39.750,48.750,13.050
18:00:03  송신:7593
18:00:03  GPS위성:7
18:00:03  GPS_HDOP:1.26
18:00:03  원시위도:37.496480
18:00:03  원시경도:126.958031
18:00:03  GPS채택:1445
18:00:03  GPS이상치거부:0
18:00:03  GPS품질거부:1
18:00:03  GPS재기준:0
18:00:03  RSSI원시:-61
18:00:03  RSSI평활:-60.6
18:00:03  RSSI샘플:14361
18:00:03  RSSI경과ms:24
18:00:03  차량수신:7052
18:00:03  시각ms:777136
18:00:03  IMU시각ms:777136
18:00:03  위험:0
18:00:03  GPS유효:1
18:00:03  위도:37.496479
18:00:03  경도:126.958031
18:00:03  속도:0.432
18:00:03  방향:167.4
18:00:03  GPS원시속도:0.504
18:00:03  GPS원시방향유효:1
18:00:03  GPS원시방향:167.4
18:00:03  가속도:3.323,2.490,4.415
18:00:03  자이로:-5.496,5.656,13.718
18:00:03  자력계:-39.450,48.150,12.900
18:00:03  송신:7593
18:00:03  GPS위성:7
18:00:03  GPS_HDOP:1.26
18:00:03  원시위도:37.496480
18:00:03  원시경도:126.958031
18:00:03  GPS채택:1445
18:00:03  GPS이상치거부:0
18:00:03  GPS품질거부:1
18:00:03  GPS재기준:0
18:00:03  RSSI원시:-61
18:00:03  RSSI평활:-60.6
18:00:03  RSSI샘플:14361
18:00:03  RSSI경과ms:46
18:00:03  차량수신:7052
18:00:03  시각ms:777158
18:00:03  IMU시각ms:777158
18:00:03  위험:0
18:00:03  GPS유효:1
18:00:03  위도:37.496479
18:00:03  경도:126.958031
18:00:03  속도:0.432
18:00:03  방향:167.4
18:00:03  GPS원시속도:0.504
18:00:03  GPS원시방향유효:1
18:00:03  GPS원시방향:167.4
18:00:03  가속도:2.303,2.624,5.488
18:00:03  자이로:3.992,8.588,14.580
18:00:03  자력계:-39.300,47.250,12.300
18:00:03  송신:7593
18:00:03  GPS위성:7
18:00:03  GPS_HDOP:1.26
18:00:03  원시위도:37.496480
18:00:03  원시경도:126.958031
18:00:03  GPS채택:1445
18:00:03  GPS이상치거부:0
18:00:03  GPS품질거부:1
18:00:03  GPS재기준:0
18:00:03  RSSI원시:-61
18:00:03  RSSI평활:-60.6
18:00:03  RSSI샘플:14361
18:00:03  RSSI경과ms:68
18:00:03  차량수신:7052
18:00:03  시각ms:777191
18:00:03  IMU시각ms:777191
18:00:03  위험:0
18:00:03  GPS유효:1
18:00:03  위도:37.496479
18:00:03  경도:126.958031
18:00:03  속도:0.432
18:00:03  방향:167.4
18:00:03  GPS원시속도:0.504
18:00:03  GPS원시방향유효:1
18:00:03  GPS원시방향:167.4
18:00:03  가속도:3.361,2.969,5.420
18:00:03  자이로:18.160,9.183,20.603
18:00:03  자력계:-37.950,47.400,12.900
18:00:03  송신:7594
18:00:03  GPS위성:7
18:00:03  GPS_HDOP:1.26
18:00:03  원시위도:37.496480
18:00:03  원시경도:126.958031
18:00:03  GPS채택:1445
18:00:03  GPS이상치거부:0
18:00:03  GPS품질거부:1
18:00:03  GPS재기준:0
18:00:03  RSSI원시:-63
18:00:03  RSSI평활:-61.8
18:00:03  RSSI샘플:14363
18:00:03  RSSI경과ms:1
18:00:03  차량수신:7053
18:00:03  시각ms:777213
18:00:03  IMU시각ms:777213
18:00:03  위험:0
18:00:03  GPS유효:1
18:00:03  위도:37.496479
18:00:03  경도:126.958031
18:00:03  속도:0.432
18:00:03  방향:167.4
18:00:03  GPS원시속도:0.504
18:00:03  GPS원시방향유효:1
18:00:03  GPS원시방향:167.4
18:00:03  가속도:3.697,3.716,5.100
18:00:03  자이로:23.550,6.336,18.244
18:00:03  자력계:-38.550,46.800,13.500
18:00:03  송신:7594
18:00:03  GPS위성:7
18:00:03  GPS_HDOP:1.26
18:00:03  원시위도:37.496480
18:00:03  원시경도:126.958031
18:00:03  GPS채택:1445
18:00:03  GPS이상치거부:0
18:00:03  GPS품질거부:1
18:00:03  GPS재기준:0
18:00:03  RSSI원시:-63
18:00:03  RSSI평활:-61.8
18:00:03  RSSI샘플:14363
18:00:03  RSSI경과ms:23
18:00:03  차량수신:7053
18:00:03  시각ms:777235
18:00:03  IMU시각ms:777235
18:00:03  위험:0
18:00:03  GPS유효:1
18:00:03  위도:37.496479
18:00:03  경도:126.958031
18:00:03  속도:0.432
18:00:03  방향:167.4
18:00:03  GPS원시속도:0.504
18:00:03  GPS원시방향유효:1
18:00:03  GPS원시방향:167.4
18:00:03  가속도:4.788,5.042,5.559
18:00:03  자이로:22.565,-4.969,18.450
18:00:03  자력계:-35.550,49.500,12.750
18:00:03  송신:7594
18:00:03  GPS위성:7
18:00:03  GPS_HDOP:1.26
18:00:03  원시위도:37.496480
18:00:03  원시경도:126.958031
18:00:03  GPS채택:1445
18:00:03  GPS이상치거부:0
18:00:03  GPS품질거부:1
18:00:03  GPS재기준:0
18:00:03  RSSI원시:-63
18:00:03  RSSI평활:-61.8
18:00:03  RSSI샘플:14363
18:00:03  RSSI경과ms:45
18:00:03  차량수신:7053
18:00:03  시각ms:777257
18:00:03  IMU시각ms:777257
18:00:03  위험:0
18:00:03  GPS유효:1
18:00:03  위도:37.496479
18:00:03  경도:126.958031
18:00:03  속도:0.432
18:00:03  방향:167.4
18:00:03  GPS원시속도:0.504
18:00:03  GPS원시방향유효:1
18:00:03  GPS원시방향:167.4
18:00:03  가속도:6.460,5.325,6.507
18:00:03  자이로:31.267,-6.618,13.122
18:00:03  자력계:-37.800,48.750,12.300
18:00:03  송신:7594
18:00:03  GPS위성:7
18:00:03  GPS_HDOP:1.26
18:00:03  원시위도:37.496480
18:00:03  원시경도:126.958031
18:00:03  GPS채택:1445
18:00:03  GPS이상치거부:0
18:00:03  GPS품질거부:1
18:00:03  GPS재기준:0
18:00:03  RSSI원시:-63
18:00:03  RSSI평활:-61.8
18:00:03  RSSI샘플:14363
18:00:03  RSSI경과ms:67
18:00:03  차량수신:7053
18:00:03  시각ms:777291
18:00:03  IMU시각ms:777279
18:00:03  위험:0
18:00:03  GPS유효:1
18:00:03  위도:37.496479
18:00:03  경도:126.958031
18:00:03  속도:0.432
18:00:03  방향:167.4
18:00:03  GPS원시속도:0.504
18:00:03  GPS원시방향유효:1
18:00:03  GPS원시방향:167.4
18:00:03  가속도:8.878,19.613,6.445
18:00:03  자이로:58.328,-40.107,16.420
18:00:03  자력계:-38.400,48.900,12.900
18:00:03  송신:7595
18:00:03  GPS위성:7
18:00:03  GPS_HDOP:1.26
18:00:03  원시위도:37.496480
18:00:03  원시경도:126.958031
18:00:03  GPS채택:1445
18:00:03  GPS이상치거부:0
18:00:03  GPS품질거부:1
18:00:03  GPS재기준:0
18:00:03  RSSI원시:-63
18:00:03  RSSI평활:-61.8
18:00:03  RSSI샘플:14363
18:00:03  RSSI경과ms:101
18:00:03  차량수신:7053
18:00:03  시각ms:777299
18:00:03  IMU시각ms:777299
18:00:03  위험:0
18:00:03  GPS유효:1
18:00:03  위도:37.496479
18:00:03  경도:126.958031
18:00:03  속도:0.432
18:00:03  방향:167.4
18:00:03  GPS원시속도:0.504
18:00:03  GPS원시방향유효:1
18:00:03  GPS원시방향:167.4
18:00:03  가속도:9.524,4.511,17.842
18:00:03  자이로:48.313,41.313,-23.359
18:00:03  자력계:-39.150,50.400,13.650
18:00:03  송신:7595
18:00:03  GPS위성:7
18:00:03  GPS_HDOP:1.26
18:00:03  원시위도:37.496480
18:00:03  원시경도:126.958031
18:00:03  GPS채택:1445
18:00:03  GPS이상치거부:0
18:00:03  GPS품질거부:1
18:00:03  GPS재기준:0
18:00:03  RSSI원시:-68
18:00:03  RSSI평활:-64.0
18:00:03  RSSI샘플:14365
18:00:03  RSSI경과ms:5
18:00:03  차량수신:7054
18:00:03  시각ms:777321
18:00:03  IMU시각ms:777321
18:00:03  위험:0
18:00:03  GPS유효:1
18:00:03  위도:37.496479
18:00:03  경도:126.958031
18:00:03  속도:0.432
18:00:03  방향:167.4
18:00:03  GPS원시속도:0.504
18:00:03  GPS원시방향유효:1
18:00:03  GPS원시방향:167.4
18:00:03  가속도:7.207,6.019,13.240
18:00:03  자이로:0.664,76.802,-16.702
18:00:03  자력계:-39.150,50.850,12.900
18:00:03  송신:7595
18:00:03  GPS위성:7
18:00:03  GPS_HDOP:1.26
18:00:03  원시위도:37.496480
18:00:03  원시경도:126.958031
18:00:03  GPS채택:1445
18:00:03  GPS이상치거부:0
18:00:03  GPS품질거부:1
18:00:03  GPS재기준:0
18:00:03  RSSI원시:-68
18:00:03  RSSI평활:-64.0
18:00:03  RSSI샘플:14365
18:00:03  RSSI경과ms:27
18:00:03  차량수신:7054
18:00:03  시각ms:777343
18:00:03  IMU시각ms:777343
18:00:03  위험:0
18:00:03  GPS유효:1
18:00:03  위도:37.496479
18:00:03  경도:126.958031
18:00:03  속도:0.432
18:00:03  방향:167.4
18:00:03  GPS원시속도:0.504
18:00:03  GPS원시방향유효:1
18:00:03  GPS원시방향:167.4
18:00:03  가속도:2.519,4.865,-2.552
18:00:03  자이로:-22.504,92.382,-6.756
18:00:03  자력계:-36.150,52.800,12.600
18:00:03  송신:7595
18:00:03  GPS위성:7
18:00:03  GPS_HDOP:1.26
18:00:03  원시위도:37.496480
18:00:03  원시경도:126.958031
18:00:03  GPS채택:1445
18:00:03  GPS이상치거부:0
18:00:03  GPS품질거부:1
18:00:03  GPS재기준:0
18:00:03  RSSI원시:-68
18:00:03  RSSI평활:-64.0
18:00:03  RSSI샘플:14365
18:00:03  RSSI경과ms:49
18:00:03  차량수신:7054
18:00:03  시각ms:777365
18:00:03  IMU시각ms:777365
18:00:03  위험:0
18:00:03  GPS유효:1
18:00:03  위도:37.496479
18:00:03  경도:126.958031
18:00:03  속도:0.432
18:00:03  방향:167.4
18:00:03  GPS원시속도:0.504
18:00:03  GPS원시방향유효:1
18:00:03  GPS원시방향:167.4
18:00:03  가속도:7.977,4.482,17.128
18:00:03  자이로:-2.115,1.977,-17.817
18:00:03  자력계:-36.300,52.950,12.750
18:00:03  송신:7595
18:00:03  GPS위성:7
18:00:03  GPS_HDOP:1.26
18:00:03  원시위도:37.496480
18:00:03  원시경도:126.958031
18:00:03  GPS채택:1445
18:00:03  GPS이상치거부:0
18:00:03  GPS품질거부:1
18:00:03  GPS재기준:0
18:00:03  RSSI원시:-68
18:00:03  RSSI평활:-64.0
18:00:03  RSSI샘플:14365
18:00:03  RSSI경과ms:71
18:00:03  차량수신:7054
18:00:03  시각ms:777398
18:00:03  IMU시각ms:777398
18:00:03  위험:0
18:00:03  GPS유효:1
18:00:03  위도:37.496479
18:00:03  경도:126.958031
18:00:03  속도:0.432
18:00:03  방향:167.4
18:00:03  GPS원시속도:0.504
18:00:03  GPS원시방향유효:1
18:00:03  GPS원시방향:167.4
18:00:03  가속도:3.596,4.252,4.223
18:00:03  자이로:-44.290,-39.076,-2.130
18:00:03  자력계:-35.400,52.350,12.900
18:00:03  송신:7596
18:00:03  GPS위성:7
18:00:03  GPS_HDOP:1.26
18:00:03  원시위도:37.496480
18:00:03  원시경도:126.958031
18:00:03  GPS채택:1445
18:00:03  GPS이상치거부:0
18:00:03  GPS품질거부:1
18:00:03  GPS재기준:0
18:00:03  RSSI원시:-68
18:00:03  RSSI평활:-64.0
18:00:03  RSSI샘플:14365
18:00:03  RSSI경과ms:104
18:00:03  차량수신:7054
18:00:03  시각ms:777420
18:00:03  IMU시각ms:777420
18:00:03  위험:0
18:00:03  GPS유효:1
18:00:03  위도:37.496479
18:00:03  경도:126.958031
18:00:03  속도:0.432
18:00:03  방향:167.4
18:00:03  GPS원시속도:0.504
18:00:03  GPS원시방향유효:1
18:00:03  GPS원시방향:167.4
18:00:03  가속도:3.601,3.017,3.749
18:00:03  자이로:-50.832,-4.565,-3.084
18:00:03  자력계:-36.900,51.300,11.400
18:00:03  송신:7596
18:00:03  GPS위성:7
18:00:03  GPS_HDOP:1.26
18:00:03  원시위도:37.496480
18:00:03  원시경도:126.958031
18:00:03  GPS채택:1445
18:00:03  GPS이상치거부:0
18:00:03  GPS품질거부:1
18:00:03  GPS재기준:0
18:00:03  RSSI원시:-67
18:00:03  RSSI평활:-65.1
18:00:03  RSSI샘플:14367
18:00:03  RSSI경과ms:18
18:00:03  차량수신:7055
18:00:03  시각ms:777442
18:00:03  IMU시각ms:777442
18:00:03  위험:0
18:00:03  GPS유효:1
18:00:03  위도:37.496479
18:00:03  경도:126.958031
18:00:03  속도:0.432
18:00:03  방향:167.4
18:00:03  GPS원시속도:0.504
18:00:03  GPS원시방향유효:1
18:00:03  GPS원시방향:167.4
18:00:03  가속도:3.500,3.184,5.713
18:00:03  자이로:-36.992,-2.115,3.870
18:00:03  자력계:-37.800,50.250,14.550
18:00:03  송신:7596
18:00:03  GPS위성:7
18:00:03  GPS_HDOP:1.26
18:00:03  원시위도:37.496480
18:00:03  원시경도:126.958031
18:00:03  GPS채택:1445
18:00:03  GPS이상치거부:0
18:00:03  GPS품질거부:1
18:00:03  GPS재기준:0
18:00:03  RSSI원시:-67
18:00:03  RSSI평활:-65.1
18:00:03  RSSI샘플:14367
18:00:03  RSSI경과ms:40
18:00:03  차량수신:7055
18:00:03  시각ms:777498
18:00:03  IMU시각ms:777486
18:00:03  위험:0
18:00:03  GPS유효:1
18:00:04  위도:37.496479
18:00:04  경도:126.958031
18:00:04  속도:0.432
18:00:04  방향:167.4
18:00:04  GPS원시속도:0.504
18:00:04  GPS원시방향유효:1
18:00:04  GPS원시방향:167.4
18:00:04  가속도:3.515,2.600,5.320
18:00:04  자이로:-3.267,26.626,8.954
18:00:04  자력계:-36.000,48.300,13.050
18:00:04  송신:7597
18:00:04  GPS위성:7
18:00:04  GPS_HDOP:1.26
18:00:04  원시위도:37.496480
18:00:04  원시경도:126.958031
18:00:04  GPS채택:1445
18:00:04  GPS이상치거부:0
18:00:04  GPS품질거부:1
18:00:04  GPS재기준:0
18:00:04  RSSI원시:-67
18:00:04  RSSI평활:-65.1
18:00:04  RSSI샘플:14367
18:00:04  RSSI경과ms:96
18:00:04  차량수신:7055
18:00:04  시각ms:777506
18:00:04  IMU시각ms:777506
18:00:04  위험:0
18:00:04  GPS유효:1
18:00:04  위도:37.496479
18:00:04  경도:126.958031
18:00:04  속도:0.432
18:00:04  방향:167.4
18:00:04  GPS원시속도:0.504
18:00:04  GPS원시방향유효:1
18:00:04  GPS원시방향:167.4
18:00:04  가속도:4.099,2.782,5.842
18:00:04  자이로:8.985,27.832,9.351
18:00:04  자력계:-35.400,49.350,12.600
18:00:04  송신:7597
18:00:04  GPS위성:7
18:00:04  GPS_HDOP:1.26
18:00:04  원시위도:37.496480
18:00:04  원시경도:126.958031
18:00:04  GPS채택:1445
18:00:04  GPS이상치거부:0
18:00:04  GPS품질거부:1
18:00:04  GPS재기준:0
18:00:04  RSSI원시:-74
18:00:04  RSSI평활:-68.5
18:00:04  RSSI샘플:14369
18:00:04  RSSI경과ms:2
18:00:04  차량수신:7056
18:00:04  시각ms:777528
18:00:04  IMU시각ms:777528
18:00:04  위험:0
18:00:04  GPS유효:1
18:00:04  위도:37.496479
18:00:04  경도:126.958031
18:00:04  속도:0.432
18:00:04  방향:167.4
18:00:04  GPS원시속도:0.504
18:00:04  GPS원시방향유효:1
18:00:04  GPS원시방향:167.4
18:00:04  가속도:4.405,3.438,5.444
18:00:04  자이로:15.954,24.924,7.466
18:00:04  자력계:-35.250,49.950,12.300
18:00:04  송신:7597
18:00:04  GPS위성:7
18:00:04  GPS_HDOP:1.26
18:00:04  원시위도:37.496480
18:00:04  원시경도:126.958031
18:00:04  GPS채택:1445
18:00:04  GPS이상치거부:0
18:00:04  GPS품질거부:1
18:00:04  GPS재기준:0
18:00:04  RSSI원시:-74
18:00:04  RSSI평활:-68.5
18:00:04  RSSI샘플:14369
18:00:04  RSSI경과ms:24
18:00:04  차량수신:7056
18:00:04  시각ms:777550
18:00:04  IMU시각ms:777550
18:00:04  위험:0
18:00:04  GPS유효:1
18:00:04  위도:37.496479
18:00:04  경도:126.958031
18:00:04  속도:0.432
18:00:04  방향:167.4
18:00:04  GPS원시속도:0.504
18:00:04  GPS원시방향유효:1
18:00:04  GPS원시방향:167.4
18:00:04  가속도:4.635,3.926,4.683
18:00:04  자이로:26.481,11.771,6.015
18:00:04  자력계:-33.750,48.300,13.500
18:00:04  송신:7597
18:00:04  GPS위성:7
18:00:04  GPS_HDOP:1.26
18:00:04  원시위도:37.496480
18:00:04  원시경도:126.958031
18:00:04  GPS채택:1445
18:00:04  GPS이상치거부:0
18:00:04  GPS품질거부:1
18:00:04  GPS재기준:0
18:00:04  RSSI원시:-74
18:00:04  RSSI평활:-68.5
18:00:04  RSSI샘플:14369
18:00:04  RSSI경과ms:46
18:00:04  차량수신:7056
18:00:04  시각ms:777572
18:00:04  IMU시각ms:777572
18:00:04  위험:0
18:00:04  GPS유효:1
18:00:04  위도:37.496479
18:00:04  경도:126.958031
18:00:04  속도:0.432
18:00:04  방향:167.4
18:00:04  GPS원시속도:0.504
18:00:04  GPS원시방향유효:1
18:00:04  GPS원시방향:167.4
18:00:04  가속도:4.937,4.908,4.472
18:00:04  자이로:39.244,-9.130,2.908
18:00:04  자력계:-34.200,47.850,14.400
18:00:04  송신:7597
18:00:04  GPS위성:7
18:00:04  GPS_HDOP:1.26
18:00:04  원시위도:37.496480
18:00:04  원시경도:126.958031
18:00:04  GPS채택:1445
18:00:04  GPS이상치거부:0
18:00:04  GPS품질거부:1
18:00:04  GPS재기준:0
18:00:04  RSSI원시:-74
18:00:04  RSSI평활:-68.5
18:00:04  RSSI샘플:14369
18:00:04  RSSI경과ms:68
18:00:04  차량수신:7056
18:00:04  시각ms:777607
18:00:04  IMU시각ms:777607
18:00:04  위험:0
18:00:04  GPS유효:1
18:00:04  위도:37.496479
18:00:04  경도:126.958031
18:00:04  속도:0.432
18:00:04  방향:167.4
18:00:04  GPS원시속도:0.504
18:00:04  GPS원시방향유효:1
18:00:04  GPS원시방향:167.4
18:00:04  가속도:5.550,5.564,5.899
18:00:04  자이로:35.611,-24.855,3.489
18:00:04  자력계:-35.550,49.950,14.550
18:00:04  송신:7598
18:00:04  GPS위성:7
18:00:04  GPS_HDOP:1.26
18:00:04  원시위도:37.496480
18:00:04  원시경도:126.958031
18:00:04  GPS채택:1445
18:00:04  GPS이상치거부:0
18:00:04  GPS품질거부:1
18:00:04  GPS재기준:0
18:00:04  RSSI원시:-74
18:00:04  RSSI평활:-68.5
18:00:04  RSSI샘플:14369
18:00:04  RSSI경과ms:103
18:00:04  차량수신:7056
18:00:04  시각ms:777629
18:00:04  IMU시각ms:777629
18:00:04  위험:0
18:00:04  GPS유효:1
18:00:04  위도:37.496479
18:00:04  경도:126.958031
18:00:04  속도:0.432
18:00:04  방향:167.4
18:00:04  GPS원시속도:0.504
18:00:04  GPS원시방향유효:1
18:00:04  GPS원시방향:167.4
18:00:04  가속도:6.182,5.669,6.091
18:00:04  자이로:24.397,-27.664,5.695
18:00:04  자력계:-34.800,51.000,13.050
18:00:04  송신:7598
18:00:04  GPS위성:7
18:00:04  GPS_HDOP:1.26
18:00:04  원시위도:37.496480
18:00:04  원시경도:126.958031
18:00:04  GPS채택:1445
18:00:04  GPS이상치거부:0
18:00:04  GPS품질거부:1
18:00:04  GPS재기준:0
18:00:04  RSSI원시:-71
18:00:04  RSSI평활:-69.0
18:00:04  RSSI샘플:14370
18:00:04  RSSI경과ms:22
18:00:04  차량수신:7057
18:00:04  시각ms:777651
18:00:04  IMU시각ms:777651
18:00:04  위험:0
18:00:04  GPS유효:1
18:00:04  위도:37.496479
18:00:04  경도:126.958031
18:00:04  속도:0.432
18:00:04  방향:167.4
18:00:04  GPS원시속도:0.504
18:00:04  GPS원시방향유효:1
18:00:04  GPS원시방향:167.4
18:00:04  가속도:7.154,6.483,8.068
18:00:04  자이로:14.634,-33.878,8.084
18:00:04  자력계:-35.400,53.100,14.700
18:00:04  송신:7598
18:00:04  GPS위성:7
18:00:04  GPS_HDOP:1.26
18:00:04  원시위도:37.496480
18:00:04  원시경도:126.958031
18:00:04  GPS채택:1445
18:00:04  GPS이상치거부:0
18:00:04  GPS품질거부:1
18:00:04  GPS재기준:0
18:00:04  RSSI원시:-71
18:00:04  RSSI평활:-69.0
18:00:04  RSSI샘플:14370
18:00:04  RSSI경과ms:44
18:00:04  차량수신:7057
18:00:04  시각ms:777673
18:00:04  IMU시각ms:777673
18:00:04  위험:0
18:00:04  GPS유효:1
18:00:04  위도:37.496479
18:00:04  경도:126.958031
18:00:04  속도:0.515
18:00:04  방향:167.4
18:00:04  GPS원시속도:0.669
18:00:04  GPS원시방향유효:1
18:00:04  GPS원시방향:167.4
18:00:04  가속도:8.284,9.443,10.424
18:00:04  자이로:7.618,-6.847,1.099
18:00:04  자력계:-36.000,51.750,13.050
18:00:04  송신:7598
18:00:04  GPS위성:7
18:00:04  GPS_HDOP:1.26
18:00:04  원시위도:37.496479
18:00:04  원시경도:126.958030
18:00:04  GPS채택:1446
18:00:04  GPS이상치거부:0
18:00:04  GPS품질거부:1
18:00:04  GPS재기준:0
18:00:04  RSSI원시:-71
18:00:04  RSSI평활:-69.0
18:00:04  RSSI샘플:14370
18:00:04  RSSI경과ms:66
18:00:04  차량수신:7057
18:00:04  시각ms:777708
18:00:04  IMU시각ms:777708
18:00:04  위험:0
18:00:04  GPS유효:1
18:00:04  위도:37.496479
18:00:04  경도:126.958031
18:00:04  속도:0.515
18:00:04  방향:167.4
18:00:04  GPS원시속도:0.669
18:00:04  GPS원시방향유효:1
18:00:04  GPS원시방향:167.4
18:00:04  가속도:1.872,3.821,14.509
18:00:04  자이로:-27.420,63.534,-5.893
18:00:04  자력계:-36.300,53.700,12.750
18:00:04  송신:7599
18:00:04  GPS위성:7
18:00:04  GPS_HDOP:1.26
18:00:04  원시위도:37.496479
18:00:04  원시경도:126.958030
18:00:04  GPS채택:1446
18:00:04  GPS이상치거부:0
18:00:04  GPS품질거부:1
18:00:04  GPS재기준:0
18:00:04  RSSI원시:-68
18:00:04  RSSI평활:-68.6
18:00:04  RSSI샘플:14372
18:00:04  RSSI경과ms:1
18:00:04  차량수신:7058
18:00:04  시각ms:777730
18:00:04  IMU시각ms:777730
18:00:04  위험:0
18:00:04  GPS유효:1
18:00:04  위도:37.496479
18:00:04  경도:126.958031
18:00:04  속도:0.515
18:00:04  방향:167.4
18:00:04  GPS원시속도:0.669
18:00:04  GPS원시방향유효:1
18:00:04  GPS원시방향:167.4
18:00:04  가속도:3.836,3.601,2.557
18:00:04  자이로:-12.748,75.786,-33.221
18:00:04  자력계:-37.650,52.050,14.400
18:00:04  송신:7599
18:00:04  GPS위성:7
18:00:04  GPS_HDOP:1.26
18:00:04  원시위도:37.496479
18:00:04  원시경도:126.958030
18:00:04  GPS채택:1446
18:00:04  GPS이상치거부:0
18:00:04  GPS품질거부:1
18:00:04  GPS재기준:0
18:00:04  RSSI원시:-68
18:00:04  RSSI평활:-68.6
18:00:04  RSSI샘플:14372
18:00:04  RSSI경과ms:23
18:00:04  차량수신:7058
18:00:04  시각ms:777752
18:00:04  IMU시각ms:777752
18:00:04  위험:0
18:00:04  GPS유효:1
18:00:04  위도:37.496479
18:00:04  경도:126.958031
18:00:04  속도:0.515
18:00:04  방향:167.4
18:00:04  GPS원시속도:0.669
18:00:04  GPS원시방향유효:1
18:00:04  GPS원시방향:167.4
18:00:04  가속도:4.673,6.551,19.613
18:00:04  자이로:13.351,-3.595,-13.832
18:00:04  자력계:-34.650,54.750,13.200
18:00:04  송신:7599
18:00:04  GPS위성:7
18:00:04  GPS_HDOP:1.26
18:00:04  원시위도:37.496479
18:00:04  원시경도:126.958030
18:00:04  GPS채택:1446
18:00:04  GPS이상치거부:0
18:00:04  GPS품질거부:1
18:00:04  GPS재기준:0
18:00:04  RSSI원시:-68
18:00:04  RSSI평활:-68.6
18:00:04  RSSI샘플:14372
18:00:04  RSSI경과ms:45
18:00:04  차량수신:7058
18:00:04  시각ms:777774
18:00:04  IMU시각ms:777774
18:00:04  위험:0
18:00:04  GPS유효:1
18:00:04  위도:37.496479
18:00:04  경도:126.958031
18:00:04  속도:0.569
18:00:04  방향:167.4
18:00:04  GPS원시속도:0.669
18:00:04  GPS원시방향유효:1
18:00:04  GPS원시방향:167.4
18:00:04  가속도:8.068,7.173,12.072
18:00:04  자이로:-31.084,12.840,-20.565
18:00:04  자력계:-35.400,54.000,13.650
18:00:04  송신:7599
18:00:04  GPS위성:7
18:00:04  GPS_HDOP:1.26
18:00:04  원시위도:37.496479
18:00:04  원시경도:126.958030
18:00:04  GPS채택:1447
18:00:04  GPS이상치거부:0
18:00:04  GPS품질거부:1
18:00:04  GPS재기준:0
18:00:04  RSSI원시:-68
18:00:04  RSSI평활:-68.6
18:00:04  RSSI샘플:14372
18:00:04  RSSI경과ms:67
18:00:04  차량수신:7058
18:00:04  시각ms:777830
18:00:04  IMU시각ms:777830
18:00:04  위험:0
18:00:04  GPS유효:1
18:00:04  위도:37.496479
18:00:04  경도:126.958031
18:00:04  속도:0.569
18:00:04  방향:167.4
18:00:04  GPS원시속도:0.669
18:00:04  GPS원시방향유효:1
18:00:04  GPS원시방향:167.4
18:00:04  가속도:3.950,4.702,5.981
18:00:04  자이로:-13.084,14.145,-11.031
18:00:04  자력계:-34.800,52.650,12.750
18:00:04  송신:7600
18:00:04  GPS위성:7
18:00:04  GPS_HDOP:1.26
18:00:04  원시위도:37.496479
18:00:04  원시경도:126.958030
18:00:04  GPS채택:1447
18:00:04  GPS이상치거부:0
18:00:04  GPS품질거부:1
18:00:04  GPS재기준:0
18:00:04  RSSI원시:-67
18:00:04  RSSI평활:-68.0
18:00:04  RSSI샘플:14374
18:00:04  RSSI경과ms:28
18:00:04  차량수신:7059
18:00:04  시각ms:777852
18:00:04  IMU시각ms:777852
18:00:04  위험:0
18:00:04  GPS유효:1
18:00:04  위도:37.496479
18:00:04  경도:126.958031
18:00:04  속도:0.569
18:00:04  방향:167.4
18:00:04  GPS원시속도:0.669
18:00:04  GPS원시방향유효:1
18:00:04  GPS원시방향:167.4
18:00:04  가속도:3.567,4.319,5.076
18:00:04  자이로:-6.962,19.435,-9.817
18:00:04  자력계:-34.650,50.100,11.850
18:00:04  송신:7600
18:00:04  GPS위성:7
18:00:04  GPS_HDOP:1.26
18:00:04  원시위도:37.496479
18:00:04  원시경도:126.958030
18:00:04  GPS채택:1447
18:00:04  GPS이상치거부:0
18:00:04  GPS품질거부:1
18:00:04  GPS재기준:0
18:00:04  RSSI원시:-67
18:00:04  RSSI평활:-68.0
18:00:04  RSSI샘플:14374
18:00:04  RSSI경과ms:50
18:00:04  차량수신:7059
18:00:04  시각ms:777874
18:00:04  IMU시각ms:777874
18:00:04  위험:0
18:00:04  GPS유효:1
18:00:04  위도:37.496479
18:00:04  경도:126.958031
18:00:04  속도:0.569
18:00:04  방향:167.4
18:00:04  GPS원시속도:0.669
18:00:04  GPS원시방향유효:1
18:00:04  GPS원시방향:167.4
18:00:04  가속도:3.093,4.894,6.091
18:00:04  자이로:-4.122,21.931,-6.344
18:00:04  자력계:-34.950,51.600,13.200
18:00:04  송신:7600
18:00:04  GPS위성:7
18:00:04  GPS_HDOP:1.26
18:00:04  원시위도:37.496479
18:00:04  원시경도:126.958030
18:00:04  GPS채택:1447
18:00:04  GPS이상치거부:0
18:00:04  GPS품질거부:1
18:00:04  GPS재기준:0
18:00:04  RSSI원시:-67
18:00:04  RSSI평활:-68.0
18:00:04  RSSI샘플:14374
18:00:04  RSSI경과ms:72
18:00:04  차량수신:7059
18:00:04  시각ms:777909
18:00:04  IMU시각ms:777909
18:00:04  위험:0
18:00:04  GPS유효:1
18:00:04  위도:37.496479
18:00:04  경도:126.958031
18:00:04  속도:0.569
18:00:04  방향:167.4
18:00:04  GPS원시속도:0.669
18:00:04  GPS원시방향유효:1
18:00:04  GPS원시방향:167.4
18:00:04  가속도:3.294,4.650,5.377
18:00:04  자이로:9.191,11.794,-0.099
18:00:04  자력계:-36.000,51.750,14.250
18:00:04  송신:7601
18:00:04  GPS위성:7
18:00:04  GPS_HDOP:1.26
18:00:04  원시위도:37.496479
18:00:04  원시경도:126.958030
18:00:04  GPS채택:1447
18:00:04  GPS이상치거부:0
18:00:04  GPS품질거부:1
18:00:04  GPS재기준:0
18:00:04  RSSI원시:-67
18:00:04  RSSI평활:-67.5
18:00:04  RSSI샘플:14376
18:00:04  RSSI경과ms:4
18:00:04  차량수신:7060
18:00:04  시각ms:777930
18:00:04  IMU시각ms:777930
18:00:04  위험:0
18:00:04  GPS유효:1
18:00:04  위도:37.496479
18:00:04  경도:126.958031
18:00:04  속도:0.569
18:00:04  방향:167.4
18:00:04  GPS원시속도:0.669
18:00:04  GPS원시방향유효:1
18:00:04  GPS원시방향:167.4
18:00:04  가속도:3.160,5.152,5.516
18:00:04  자이로:18.527,8.985,2.412
18:00:04  자력계:-33.750,52.950,13.050
18:00:04  송신:7601
18:00:04  GPS위성:7
18:00:04  GPS_HDOP:1.26
18:00:04  원시위도:37.496479
18:00:04  원시경도:126.958030
18:00:04  GPS채택:1447
18:00:04  GPS이상치거부:0
18:00:04  GPS품질거부:1
18:00:04  GPS재기준:0
18:00:04  RSSI원시:-67
18:00:04  RSSI평활:-67.5
18:00:04  RSSI샘플:14376
18:00:04  RSSI경과ms:25
18:00:04  차량수신:7060
18:00:04  시각ms:777952
18:00:04  IMU시각ms:777952
18:00:04  위험:0
18:00:04  GPS유효:1
18:00:04  위도:37.496479
18:00:04  경도:126.958031
18:00:04  속도:0.569
18:00:04  방향:167.4
18:00:04  GPS원시속도:0.669
18:00:04  GPS원시방향유효:1
18:00:04  GPS원시방향:167.4
18:00:04  가속도:3.970,5.148,6.144
18:00:04  자이로:19.611,6.198,5.771
18:00:04  자력계:-34.200,53.550,15.450
18:00:04  송신:7601
18:00:04  GPS위성:7
18:00:04  GPS_HDOP:1.26
18:00:04  원시위도:37.496479
18:00:04  원시경도:126.958030
18:00:04  GPS채택:1447
18:00:04  GPS이상치거부:0
18:00:04  GPS품질거부:1
18:00:04  GPS재기준:0
18:00:04  RSSI원시:-67
18:00:04  RSSI평활:-67.5
18:00:04  RSSI샘플:14376
18:00:04  RSSI경과ms:47
18:00:04  차량수신:7060
18:00:04  시각ms:777974
18:00:04  IMU시각ms:777974
18:00:04  위험:0
18:00:04  GPS유효:1
18:00:04  위도:37.496479
18:00:04  경도:126.958031
18:00:04  속도:0.569
18:00:04  방향:167.4
18:00:04  GPS원시속도:0.669
18:00:04  GPS원시방향유효:1
18:00:04  GPS원시방향:167.4
18:00:04  가속도:3.941,4.951,5.875
18:00:04  자이로:22.588,-2.695,7.977
18:00:04  자력계:-31.650,53.550,12.600
18:00:04  송신:7601
18:00:04  GPS위성:7
18:00:04  GPS_HDOP:1.26
18:00:04  원시위도:37.496479
18:00:04  원시경도:126.958030
18:00:04  GPS채택:1447
18:00:04  GPS이상치거부:0
18:00:04  GPS품질거부:1
18:00:04  GPS재기준:0
18:00:04  RSSI원시:-67
18:00:04  RSSI평활:-67.5
18:00:04  RSSI샘플:14376
18:00:04  RSSI경과ms:69
18:00:04  차량수신:7060
18:00:04  시각ms:778009
18:00:04  IMU시각ms:778009
18:00:04  위험:0
18:00:04  GPS유효:1
18:00:04  위도:37.496479
18:00:04  경도:126.958031
18:00:04  속도:0.569
18:00:04  방향:167.4
18:00:04  GPS원시속도:0.669
18:00:04  GPS원시방향유효:1
18:00:04  GPS원시방향:167.4
18:00:04  가속도:3.807,5.631,6.249
18:00:04  자이로:28.893,-18.214,14.679
18:00:04  자력계:-32.400,53.550,14.400
18:00:04  송신:7602
18:00:04  GPS위성:7
18:00:04  GPS_HDOP:1.26
18:00:04  원시위도:37.496479
18:00:04  원시경도:126.958030
18:00:04  GPS채택:1447
18:00:04  GPS이상치거부:0
18:00:04  GPS품질거부:1
18:00:04  GPS재기준:0
18:00:04  RSSI원시:-65
18:00:04  RSSI평활:-67.0
18:00:04  RSSI샘플:14377
18:00:04  RSSI경과ms:3
18:00:04  차량수신:7060
18:00:04  시각ms:778031
18:00:04  IMU시각ms:778031
18:00:04  위험:0
18:00:04  GPS유효:1
18:00:04  위도:37.496479
18:00:04  경도:126.958031
18:00:04  속도:0.569
18:00:04  방향:167.4
18:00:04  GPS원시속도:0.669
18:00:04  GPS원시방향유효:1
18:00:04  GPS원시방향:167.4
18:00:04  가속도:4.041,6.268,6.397
18:00:04  자이로:22.756,-28.412,16.977
18:00:04  자력계:-33.900,54.750,13.200
18:00:04  송신:7602
18:00:04  GPS위성:7
18:00:04  GPS_HDOP:1.26
18:00:04  원시위도:37.496479
18:00:04  원시경도:126.958030
18:00:04  GPS채택:1447
18:00:04  GPS이상치거부:0
18:00:04  GPS품질거부:1
18:00:04  GPS재기준:0
18:00:04  RSSI원시:-65
18:00:04  RSSI평활:-66.6
18:00:04  RSSI샘플:14378
18:00:04  RSSI경과ms:22
18:00:04  차량수신:7061
18:00:04  시각ms:778053
18:00:04  IMU시각ms:778053
18:00:04  위험:0
18:00:04  GPS유효:1
18:00:04  위도:37.496479
18:00:04  경도:126.958031
18:00:04  속도:0.569
18:00:04  방향:167.4
18:00:04  GPS원시속도:0.669
18:00:04  GPS원시방향유효:1
18:00:04  GPS원시방향:167.4
18:00:04  가속도:5.210,6.785,6.393
18:00:04  자이로:15.695,-43.099,17.824
18:00:04  자력계:-33.000,54.900,12.750
18:00:04  송신:7602
18:00:04  GPS위성:7
18:00:04  GPS_HDOP:1.26
18:00:04  원시위도:37.496479
18:00:04  원시경도:126.958030
18:00:04  GPS채택:1447
18:00:04  GPS이상치거부:0
18:00:04  GPS품질거부:1
18:00:04  GPS재기준:0
18:00:04  RSSI원시:-65
18:00:04  RSSI평활:-66.6
18:00:04  RSSI샘플:14378
18:00:04  RSSI경과ms:44
18:00:04  차량수신:7061
18:00:04  시각ms:778075
18:00:04  IMU시각ms:778075
18:00:04  위험:0
18:00:04  GPS유효:1
18:00:04  위도:37.496479
18:00:04  경도:126.958031
18:00:04  속도:0.569
18:00:04  방향:167.4
18:00:04  GPS원시속도:0.669
18:00:04  GPS원시방향유효:1
18:00:04  GPS원시방향:167.4
18:00:04  가속도:7.178,6.522,6.167
18:00:04  자이로:16.649,-50.344,15.229
18:00:04  자력계:-34.500,54.150,13.500
18:00:04  송신:7602
18:00:04  GPS위성:7
18:00:04  GPS_HDOP:1.26
18:00:04  원시위도:37.496479
18:00:04  원시경도:126.958030
18:00:04  GPS채택:1447
18:00:04  GPS이상치거부:0
18:00:04  GPS품질거부:1
18:00:04  GPS재기준:0
18:00:04  RSSI원시:-65
18:00:04  RSSI평활:-66.6
18:00:04  RSSI샘플:14378
18:00:04  RSSI경과ms:66
18:00:04  차량수신:7061
18:00:04  시각ms:778110
18:00:04  IMU시각ms:778110
18:00:04  위험:0
18:00:04  GPS유효:1
18:00:04  위도:37.496479
18:00:04  경도:126.958031
18:00:04  속도:0.569
18:00:04  방향:167.4
18:00:04  GPS원시속도:0.669
18:00:04  GPS원시방향유효:1
18:00:04  GPS원시방향:167.4
18:00:04  가속도:4.779,9.366,19.613
18:00:04  자이로:16.359,66.695,-32.252
18:00:04  자력계:-36.900,55.050,12.150
18:00:04  송신:7603
18:00:04  GPS위성:7
18:00:04  GPS_HDOP:1.26
18:00:04  원시위도:37.496479
18:00:04  원시경도:126.958030
18:00:04  GPS채택:1447
18:00:04  GPS이상치거부:0
18:00:04  GPS품질거부:1
18:00:04  GPS재기준:0
18:00:04  RSSI원시:-65
18:00:04  RSSI평활:-66.2
18:00:04  RSSI샘플:14380
18:00:04  RSSI경과ms:0
18:00:04  차량수신:7062
18:00:04  시각ms:778132
18:00:04  IMU시각ms:778132
18:00:04  위험:0
18:00:04  GPS유효:1
18:00:04  위도:37.496479
18:00:04  경도:126.958031
18:00:04  속도:0.569
18:00:04  방향:167.4
18:00:04  GPS원시속도:0.669
18:00:04  GPS원시방향유효:1
18:00:04  GPS원시방향:167.4
18:00:04  가속도:9.500,1.992,-19.613
18:00:04  자이로:4.397,46.412,-13.855
18:00:04  자력계:-36.150,56.250,13.650
18:00:04  송신:7603
18:00:04  GPS위성:7
18:00:04  GPS_HDOP:1.26
18:00:04  원시위도:37.496479
18:00:04  원시경도:126.958030
18:00:04  GPS채택:1447
18:00:04  GPS이상치거부:0
18:00:04  GPS품질거부:1
18:00:04  GPS재기준:0
18:00:04  RSSI원시:-65
18:00:04  RSSI평활:-66.2
18:00:04  RSSI샘플:14380
18:00:04  RSSI경과ms:22
18:00:04  차량수신:7062
18:00:04  시각ms:778154
18:00:04  IMU시각ms:778154
18:00:04  위험:0
18:00:04  GPS유효:1
18:00:04  위도:37.496479
18:00:04  경도:126.958031
18:00:04  속도:0.569
18:00:04  방향:167.4
18:00:04  GPS원시속도:0.669
18:00:04  GPS원시방향유효:1
18:00:04  GPS원시방향:167.4
18:00:04  가속도:3.816,10.343,13.446
18:00:04  자이로:-10.160,-5.328,-12.977
18:00:04  자력계:-36.300,56.100,14.250
18:00:04  송신:7603
18:00:04  GPS위성:7
18:00:04  GPS_HDOP:1.26
18:00:04  원시위도:37.496479
18:00:04  원시경도:126.958030
18:00:04  GPS채택:1447
18:00:04  GPS이상치거부:0
18:00:04  GPS품질거부:1
18:00:04  GPS재기준:0
18:00:04  RSSI원시:-65
18:00:04  RSSI평활:-66.2
18:00:04  RSSI샘플:14380
18:00:04  RSSI경과ms:44
18:00:04  차량수신:7062
18:00:04  시각ms:778176
18:00:04  IMU시각ms:778176
18:00:04  위험:0
18:00:04  GPS유효:1
18:00:04  위도:37.496479
18:00:04  경도:126.958031
18:00:04  속도:0.569
18:00:04  방향:167.4
18:00:04  GPS원시속도:0.669
18:00:04  GPS원시방향유효:1
18:00:04  GPS원시방향:167.4
18:00:04  가속도:7.331,5.942,19.613
18:00:04  자이로:-17.229,10.511,-24.061
18:00:04  자력계:-34.800,56.400,14.250
18:00:04  송신:7603
18:00:04  GPS위성:7
18:00:04  GPS_HDOP:1.26
18:00:04  원시위도:37.496479
18:00:04  원시경도:126.958030
18:00:04  GPS채택:1447
18:00:04  GPS이상치거부:0
18:00:04  GPS품질거부:1
18:00:04  GPS재기준:0
18:00:04  RSSI원시:-65
18:00:04  RSSI평활:-66.2
18:00:04  RSSI샘플:14380
18:00:04  RSSI경과ms:66
18:00:04  차량수신:7062
18:00:04  시각ms:778209
18:00:04  IMU시각ms:778209
18:00:04  위험:0
18:00:04  GPS유효:1
18:00:04  위도:37.496479
18:00:04  경도:126.958031
18:00:04  속도:0.569
18:00:04  방향:167.4
18:00:04  GPS원시속도:0.669
18:00:04  GPS원시방향유효:1
18:00:04  GPS원시방향:167.4
18:00:04  가속도:1.987,3.855,2.136
18:00:04  자이로:-35.237,19.084,-4.359
18:00:04  자력계:-35.700,55.050,14.700
18:00:04  송신:7604
18:00:04  GPS위성:7
18:00:04  GPS_HDOP:1.26
18:00:04  원시위도:37.496479
18:00:04  원시경도:126.958030
18:00:04  GPS채택:1447
18:00:04  GPS이상치거부:0
18:00:04  GPS품질거부:1
18:00:04  GPS재기준:0
18:00:04  RSSI원시:-66
18:00:04  RSSI평활:-66.1
18:00:04  RSSI샘플:14381
18:00:04  RSSI경과ms:8
18:00:04  차량수신:7062
18:00:04  시각ms:778231
18:00:04  IMU시각ms:778231
18:00:04  위험:0
18:00:04  GPS유효:1
18:00:04  위도:37.496479
18:00:04  경도:126.958031
18:00:04  속도:0.569
18:00:04  방향:167.4
18:00:04  GPS원시속도:0.669
18:00:04  GPS원시방향유효:1
18:00:04  GPS원시방향:167.4
18:00:04  가속도:2.404,4.592,7.456
18:00:04  자이로:-21.237,26.618,-0.160
18:00:04  자력계:-34.800,54.900,14.250
18:00:04  송신:7604
18:00:04  GPS위성:7
18:00:04  GPS_HDOP:1.26
18:00:04  원시위도:37.496479
18:00:04  원시경도:126.958030
18:00:04  GPS채택:1447
18:00:04  GPS이상치거부:0
18:00:04  GPS품질거부:1
18:00:04  GPS재기준:0
18:00:04  RSSI원시:-65
18:00:04  RSSI평활:-65.9
18:00:04  RSSI샘플:14382
18:00:04  RSSI경과ms:21
18:00:04  차량수신:7063
18:00:04  시각ms:778253
18:00:04  IMU시각ms:778253
18:00:04  위험:0
18:00:04  GPS유효:1
18:00:04  위도:37.496479
18:00:04  경도:126.958031
18:00:04  속도:0.569
18:00:04  방향:167.4
18:00:04  GPS원시속도:0.669
18:00:04  GPS원시방향유효:1
18:00:04  GPS원시방향:167.4
18:00:04  가속도:3.539,3.946,5.760
18:00:04  자이로:-2.763,39.336,8.573
18:00:04  자력계:-35.550,53.700,14.850
18:00:04  송신:7604
18:00:04  GPS위성:7
18:00:04  GPS_HDOP:1.26
18:00:04  원시위도:37.496479
18:00:04  원시경도:126.958030
18:00:04  GPS채택:1447
18:00:04  GPS이상치거부:0
18:00:04  GPS품질거부:1
18:00:04  GPS재기준:0
18:00:04  RSSI원시:-65
18:00:04  RSSI평활:-65.9
18:00:04  RSSI샘플:14382
18:00:04  RSSI경과ms:43
18:00:04  차량수신:7063
18:00:04  시각ms:778309
18:00:04  IMU시각ms:778297
18:00:04  위험:0
18:00:04  GPS유효:1
18:00:04  위도:37.496479
18:00:04  경도:126.958031
18:00:04  속도:0.569
18:00:04  방향:167.4
18:00:04  GPS원시속도:0.669
18:00:04  GPS원시방향유효:1
18:00:04  GPS원시방향:167.4
18:00:04  가속도:3.242,4.621,5.947
18:00:04  자이로:25.305,41.023,14.931
18:00:04  자력계:-31.050,55.650,12.300
18:00:04  송신:7605
18:00:04  GPS위성:7
18:00:04  GPS_HDOP:1.26
18:00:04  원시위도:37.496479
18:00:04  원시경도:126.958030
18:00:04  GPS채택:1447
18:00:04  GPS이상치거부:0
18:00:04  GPS품질거부:1
18:00:04  GPS재기준:0
18:00:04  RSSI원시:-65
18:00:04  RSSI평활:-65.7
18:00:04  RSSI샘플:14383
18:00:04  RSSI경과ms:4
18:00:04  차량수신:7063
18:00:04  시각ms:778317
18:00:04  IMU시각ms:778317
18:00:04  위험:0
18:00:04  GPS유효:1
18:00:04  위도:37.496479
18:00:04  경도:126.958031
18:00:04  속도:0.569
18:00:04  방향:167.4
18:00:04  GPS원시속도:0.669
18:00:04  GPS원시방향유효:1
18:00:04  GPS원시방향:167.4
18:00:04  가속도:3.438,4.803,5.775
18:00:04  자이로:24.015,33.847,13.656
18:00:04  자력계:-32.700,55.500,13.200
18:00:04  송신:7605
18:00:04  GPS위성:7
18:00:04  GPS_HDOP:1.26
18:00:04  원시위도:37.496479
18:00:04  원시경도:126.958030
18:00:04  GPS채택:1447
18:00:04  GPS이상치거부:0
18:00:04  GPS품질거부:1
18:00:04  GPS재기준:0
18:00:04  RSSI원시:-65
18:00:04  RSSI평활:-65.6
18:00:04  RSSI샘플:14384
18:00:04  RSSI경과ms:3
18:00:04  차량수신:7064
18:00:04  시각ms:778383
18:00:04  IMU시각ms:778383
18:00:04  위험:0
18:00:04  GPS유효:1
18:00:04  위도:37.496479
18:00:04  경도:126.958031
18:00:04  속도:0.569
18:00:04  방향:167.4
18:00:04  GPS원시속도:0.669
18:00:04  GPS원시방향유효:1
18:00:04  GPS원시방향:167.4
18:00:04  가속도:4.678,4.875,6.110
18:00:04  자이로:1.122,-28.672,17.336
18:00:04  자력계:-30.300,54.900,13.800
18:00:04  송신:7605
18:00:04  GPS위성:7
18:00:04  GPS_HDOP:1.26
18:00:04  원시위도:37.496479
18:00:04  원시경도:126.958030
18:00:04  GPS채택:1447
18:00:04  GPS이상치거부:0
18:00:04  GPS품질거부:1
18:00:04  GPS재기준:0
18:00:04  RSSI원시:-65
18:00:04  RSSI평활:-65.6
18:00:04  RSSI샘플:14384
18:00:04  RSSI경과ms:69
18:00:04  차량수신:7064
18:00:04  시각ms:778416
18:00:04  IMU시각ms:778416
18:00:04  위험:0
18:00:04  GPS유효:1
18:00:04  위도:37.496479
18:00:04  경도:126.958031
18:00:04  속도:0.569
18:00:04  방향:167.4
18:00:04  GPS원시속도:0.669
18:00:04  GPS원시방향유효:1
18:00:04  GPS원시방향:167.4
18:00:04  가속도:4.707,5.339,6.000
18:00:04  자이로:-3.588,-38.061,19.191
18:00:04  자력계:-33.000,56.100,14.850
18:00:04  송신:7606
18:00:04  GPS위성:7
18:00:04  GPS_HDOP:1.26
18:00:04  원시위도:37.496479
18:00:04  원시경도:126.958030
18:00:04  GPS채택:1447
18:00:04  GPS이상치거부:0
18:00:04  GPS품질거부:1
18:00:04  GPS재기준:0
18:00:04  RSSI원시:-65
18:00:04  RSSI평활:-65.5
18:00:04  RSSI샘플:14385
18:00:04  RSSI경과ms:7
18:00:04  차량수신:7064
18:00:04  시각ms:778438
18:00:04  IMU시각ms:778438
18:00:04  위험:0
18:00:04  GPS유효:1
18:00:04  위도:37.496479
18:00:04  경도:126.958031
18:00:04  속도:0.569
18:00:04  방향:167.4
18:00:04  GPS원시속도:0.669
18:00:04  GPS원시방향유효:1
18:00:04  GPS원시방향:167.4
18:00:04  가속도:5.325,5.574,5.468
18:00:04  자이로:13.252,-26.763,18.977
18:00:04  자력계:-32.400,56.550,13.650
18:00:04  송신:7606
18:00:04  GPS위성:7
18:00:04  GPS_HDOP:1.26
18:00:04  원시위도:37.496479
18:00:04  원시경도:126.958030
18:00:04  GPS채택:1447
18:00:04  GPS이상치거부:0
18:00:04  GPS품질거부:1
18:00:04  GPS재기준:0
18:00:04  RSSI원시:-64
18:00:04  RSSI평활:-65.2
18:00:04  RSSI샘플:14386
18:00:04  RSSI경과ms:20
18:00:04  차량수신:7065
18:00:04  시각ms:778460
18:00:04  IMU시각ms:778460
18:00:04  위험:0
18:00:04  GPS유효:1
18:00:04  위도:37.496479
18:00:04  경도:126.958031
18:00:04  속도:0.569
18:00:04  방향:167.4
18:00:04  GPS원시속도:0.669
18:00:04  GPS원시방향유효:1
18:00:04  GPS원시방향:167.4
18:00:04  가속도:6.024,6.527,5.746
18:00:04  자이로:31.450,-19.084,15.053
18:00:04  자력계:-33.300,56.100,12.750
18:00:04  송신:7606
18:00:04  GPS위성:7
18:00:04  GPS_HDOP:1.26
18:00:04  원시위도:37.496479
18:00:04  원시경도:126.958030
18:00:04  GPS채택:1447
18:00:04  GPS이상치거부:0
18:00:04  GPS품질거부:1
18:00:04  GPS재기준:0
18:00:04  RSSI원시:-64
18:00:04  RSSI평활:-65.2
18:00:04  RSSI샘플:14386
18:00:04  RSSI경과ms:42
18:00:04  차량수신:7065
18:00:05  시각ms:778524
18:00:05  IMU시각ms:778524
18:00:05  위험:0
18:00:05  GPS유효:1
18:00:05  위도:37.496479
18:00:05  경도:126.958031
18:00:05  속도:0.569
18:00:05  방향:167.4
18:00:05  GPS원시속도:0.669
18:00:05  GPS원시방향유효:1
18:00:05  GPS원시방향:167.4
18:00:05  가속도:3.438,7.250,5.119
18:00:05  자이로:-14.443,29.366,-11.153
18:00:05  자력계:-36.900,57.750,12.600
18:00:05  송신:7607
18:00:05  GPS위성:7
18:00:05  GPS_HDOP:1.26
18:00:05  원시위도:37.496479
18:00:05  원시경도:126.958030
18:00:05  GPS채택:1447
18:00:05  GPS이상치거부:0
18:00:05  GPS품질거부:1
18:00:05  GPS재기준:0
18:00:05  RSSI원시:-66
18:00:05  RSSI평활:-65.6
18:00:05  RSSI샘플:14388
18:00:05  RSSI경과ms:2
18:00:05  차량수신:7066
18:00:05  시각ms:778546
18:00:05  IMU시각ms:778546
18:00:05  위험:0
18:00:05  GPS유효:1
18:00:05  위도:37.496479
18:00:05  경도:126.958031
18:00:05  속도:0.569
18:00:05  방향:167.4
18:00:05  GPS원시속도:0.669
18:00:05  GPS원시방향유효:1
18:00:05  GPS원시방향:167.4
18:00:05  가속도:5.186,6.972,3.050
18:00:05  자이로:0.756,-15.008,-15.702
18:00:05  자력계:-33.150,56.550,12.900
18:00:05  송신:7607
18:00:05  GPS위성:7
18:00:05  GPS_HDOP:1.26
18:00:05  원시위도:37.496479
18:00:05  원시경도:126.958030
18:00:05  GPS채택:1447
18:00:05  GPS이상치거부:0
18:00:05  GPS품질거부:1
18:00:05  GPS재기준:0
18:00:05  RSSI원시:-66
18:00:05  RSSI평활:-65.6
18:00:05  RSSI샘플:14388
18:00:05  RSSI경과ms:24
18:00:05  차량수신:7066
18:00:05  시각ms:778568
18:00:05  IMU시각ms:778568
18:00:05  위험:0
18:00:05  GPS유효:1
18:00:05  위도:37.496479
18:00:05  경도:126.958031
18:00:05  속도:0.569
18:00:05  방향:167.4
18:00:05  GPS원시속도:0.669
18:00:05  GPS원시방향유효:1
18:00:05  GPS원시방향:167.4
18:00:05  가속도:1.671,5.061,8.155
18:00:05  자이로:-41.870,28.153,-11.588
18:00:05  자력계:-33.900,58.200,12.900
18:00:05  송신:7607
18:00:05  GPS위성:7
18:00:05  GPS_HDOP:1.26
18:00:05  원시위도:37.496479
18:00:05  원시경도:126.958030
18:00:05  GPS채택:1447
18:00:05  GPS이상치거부:0
18:00:05  GPS품질거부:1
18:00:05  GPS재기준:0
18:00:05  RSSI원시:-66
18:00:05  RSSI평활:-65.6
18:00:05  RSSI샘플:14388
18:00:05  RSSI경과ms:46
18:00:05  차량수신:7066
18:00:05  시각ms:778590
18:00:05  IMU시각ms:778590
18:00:05  위험:0
18:00:05  GPS유효:1
18:00:05  위도:37.496479
18:00:05  경도:126.958031
18:00:05  속도:0.569
18:00:05  방향:167.4
18:00:05  GPS원시속도:0.669
18:00:05  GPS원시방향유효:1
18:00:05  GPS원시방향:167.4
18:00:05  가속도:6.455,4.080,7.288
18:00:05  자이로:-38.351,-4.496,-6.649
18:00:05  자력계:-33.300,57.600,13.500
18:00:05  송신:7607
18:00:05  GPS위성:7
18:00:05  GPS_HDOP:1.26
18:00:05  원시위도:37.496479
18:00:05  원시경도:126.958030
18:00:05  GPS채택:1447
18:00:05  GPS이상치거부:0
18:00:05  GPS품질거부:1
18:00:05  GPS재기준:0
18:00:05  RSSI원시:-66
18:00:05  RSSI평활:-65.6
18:00:05  RSSI샘플:14388
18:00:05  RSSI경과ms:68
18:00:05  차량수신:7066
18:00:05  시각ms:778668
18:00:05  IMU시각ms:778668
18:00:05  위험:0
18:00:05  GPS유효:1
18:00:05  위도:37.496479
18:00:05  경도:126.958031
18:00:05  속도:0.479
18:00:05  방향:167.4
18:00:05  GPS원시속도:0.314
18:00:05  GPS원시방향유효:1
18:00:05  GPS원시방향:167.4
18:00:05  가속도:3.950,4.779,7.676
18:00:05  자이로:30.160,60.916,0.702
18:00:05  자력계:-33.450,54.750,11.400
18:00:05  송신:7608
18:00:05  GPS위성:7
18:00:05  GPS_HDOP:1.26
18:00:05  원시위도:37.496480
18:00:05  원시경도:126.958027
18:00:05  GPS채택:1448
18:00:05  GPS이상치거부:0
18:00:05  GPS품질거부:1
18:00:05  GPS재기준:0
18:00:05  RSSI원시:-64
18:00:05  RSSI평활:-65.2
18:00:05  RSSI샘플:14390
18:00:05  RSSI경과ms:49
18:00:05  차량수신:7067
18:00:05  시각ms:778690
18:00:05  IMU시각ms:778690
18:00:05  위험:0
18:00:05  GPS유효:1
18:00:05  위도:37.496479
18:00:05  경도:126.958031
18:00:05  속도:0.479
18:00:05  방향:167.4
18:00:05  GPS원시속도:0.314
18:00:05  GPS원시방향유효:1
18:00:05  GPS원시방향:167.4
18:00:05  가속도:2.796,4.688,6.833
18:00:05  자이로:36.809,60.718,8.870
18:00:05  자력계:-33.150,56.250,13.650
18:00:05  송신:7608
18:00:05  GPS위성:7
18:00:05  GPS_HDOP:1.26
18:00:05  원시위도:37.496480
18:00:05  원시경도:126.958027
18:00:05  GPS채택:1448
18:00:05  GPS이상치거부:0
18:00:05  GPS품질거부:1
18:00:05  GPS재기준:0
18:00:05  RSSI원시:-64
18:00:05  RSSI평활:-65.2
18:00:05  RSSI샘플:14390
18:00:05  RSSI경과ms:71
18:00:05  차량수신:7067
18:00:05  시각ms:778747
18:00:05  IMU시각ms:778747
18:00:05  위험:0
18:00:05  GPS유효:1
18:00:05  위도:37.496479
18:00:05  경도:126.958031
18:00:05  속도:0.479
18:00:05  방향:167.4
18:00:05  GPS원시속도:0.314
18:00:05  GPS원시방향유효:1
18:00:05  GPS원시방향:167.4
18:00:05  가속도:2.705,4.511,5.449
18:00:05  자이로:-4.901,13.389,18.427
18:00:05  자력계:-29.250,59.100,12.300
18:00:05  송신:7609
18:00:05  GPS위성:7
18:00:05  GPS_HDOP:1.26
18:00:05  원시위도:37.496480
18:00:05  원시경도:126.958027
18:00:05  GPS채택:1448
18:00:05  GPS이상치거부:0
18:00:05  GPS품질거부:1
18:00:05  GPS재기준:0
18:00:05  RSSI원시:-65
18:00:05  RSSI평활:-65.0
18:00:05  RSSI샘플:14392
18:00:05  RSSI경과ms:25
18:00:05  차량수신:7068
18:00:05  시각ms:778791
18:00:05  IMU시각ms:778791
18:00:05  위험:0
18:00:05  GPS유효:1
18:00:05  위도:37.496479
18:00:05  경도:126.958031
18:00:05  속도:0.421
18:00:05  방향:167.4
18:00:05  GPS원시속도:0.314
18:00:05  GPS원시방향유효:1
18:00:05  GPS원시방향:167.4
18:00:05  가속도:3.366,4.884,4.932
18:00:05  자이로:-26.305,-36.870,21.687
18:00:05  자력계:-32.700,57.750,12.900
18:00:05  송신:7609
18:00:05  GPS위성:7
18:00:05  GPS_HDOP:1.67
18:00:05  원시위도:37.496480
18:00:05  원시경도:126.958027
18:00:05  GPS채택:1449
18:00:05  GPS이상치거부:0
18:00:05  GPS품질거부:1
18:00:05  GPS재기준:0
18:00:05  RSSI원시:-65
18:00:05  RSSI평활:-65.0
18:00:05  RSSI샘플:14392
18:00:05  RSSI경과ms:69
18:00:05  차량수신:7068
18:00:05  시각ms:778927
18:00:05  IMU시각ms:778927
18:00:05  위험:0
18:00:05  GPS유효:1
18:00:05  위도:37.496479
18:00:05  경도:126.958031
18:00:05  속도:0.421
18:00:05  방향:167.4
18:00:05  GPS원시속도:0.314
18:00:05  GPS원시방향유효:1
18:00:05  GPS원시방향:167.4
18:00:05  가속도:5.890,4.463,17.813
18:00:05  자이로:-15.374,63.237,-15.786
18:00:05  자력계:-36.150,58.200,11.100
18:00:05  송신:7611
18:00:05  GPS위성:7
18:00:05  GPS_HDOP:1.67
18:00:05  원시위도:37.496480
18:00:05  원시경도:126.958027
18:00:05  GPS채택:1449
18:00:05  GPS이상치거부:0
18:00:05  GPS품질거부:1
18:00:05  GPS재기준:0
18:00:05  RSSI원시:-72
18:00:05  RSSI평활:-68.2
18:00:05  RSSI샘플:14396
18:00:05  RSSI경과ms:4
18:00:05  차량수신:7070
18:00:05  시각ms:778948
18:00:05  IMU시각ms:778948
18:00:05  위험:0
18:00:05  GPS유효:1
18:00:05  위도:37.496479
18:00:05  경도:126.958031
18:00:05  속도:0.421
18:00:05  방향:167.4
18:00:05  GPS원시속도:0.314
18:00:05  GPS원시방향유효:1
18:00:05  GPS원시방향:167.4
18:00:05  가속도:-1.135,6.852,-4.171
18:00:05  자이로:-2.611,106.069,-13.290
18:00:05  자력계:-36.750,57.900,13.500
18:00:05  송신:7611
18:00:05  GPS위성:7
18:00:05  GPS_HDOP:1.67
18:00:05  원시위도:37.496480
18:00:05  원시경도:126.958027
18:00:05  GPS채택:1449
18:00:05  GPS이상치거부:0
18:00:05  GPS품질거부:1
18:00:05  GPS재기준:0
18:00:05  RSSI원시:-72
18:00:05  RSSI평활:-68.2
18:00:05  RSSI샘플:14396
18:00:05  RSSI경과ms:25
18:00:05  차량수신:7070
18:00:05  시각ms:778992
18:00:05  IMU시각ms:778992
18:00:05  위험:0
18:00:05  GPS유효:1
18:00:05  위도:37.496479
18:00:05  경도:126.958031
18:00:05  속도:0.421
18:00:05  방향:167.4
18:00:05  GPS원시속도:0.314
18:00:05  GPS원시방향유효:1
18:00:05  GPS원시방향:167.4
18:00:05  가속도:5.325,6.919,11.018
18:00:05  자이로:-33.901,3.802,-15.809
18:00:05  자력계:-33.900,60.150,12.600
18:00:05  송신:7611
18:00:05  GPS위성:7
18:00:05  GPS_HDOP:1.67
18:00:05  원시위도:37.496480
18:00:05  원시경도:126.958027
18:00:05  GPS채택:1449
18:00:05  GPS이상치거부:0
18:00:05  GPS품질거부:1
18:00:05  GPS재기준:0
18:00:05  RSSI원시:-72
18:00:05  RSSI평활:-68.2
18:00:05  RSSI샘플:14396
18:00:05  RSSI경과ms:69
18:00:05  차량수신:7070
18:00:05  시각ms:779027
18:00:05  IMU시각ms:779027
18:00:05  위험:0
18:00:05  GPS유효:1
18:00:05  위도:37.496479
18:00:05  경도:126.958031
18:00:05  속도:0.421
18:00:05  방향:167.4
18:00:05  GPS원시속도:0.314
18:00:05  GPS원시방향유효:1
18:00:05  GPS원시방향:167.4
18:00:05  가속도:4.156,4.492,8.322
18:00:05  자이로:-50.885,-11.817,-0.305
18:00:05  자력계:-37.050,57.900,11.250
18:00:05  송신:7612
18:00:05  GPS위성:7
18:00:05  GPS_HDOP:1.67
18:00:05  원시위도:37.496480
18:00:05  원시경도:126.958027
18:00:05  GPS채택:1449
18:00:05  GPS이상치거부:0
18:00:05  GPS품질거부:1
18:00:05  GPS재기준:0
18:00:05  RSSI원시:-70
18:00:05  RSSI평활:-68.8
18:00:05  RSSI샘플:14398
18:00:05  RSSI경과ms:4
18:00:05  차량수신:7071
18:00:05  시각ms:779048
18:00:05  IMU시각ms:779048
18:00:05  위험:0
18:00:05  GPS유효:1
18:00:05  위도:37.496479
18:00:05  경도:126.958031
18:00:05  속도:0.421
18:00:05  방향:167.4
18:00:05  GPS원시속도:0.314
18:00:05  GPS원시방향유효:1
18:00:05  GPS원시방향:167.4
18:00:05  가속도:3.792,4.932,6.498
18:00:05  자이로:-47.290,-20.504,3.328
18:00:05  자력계:-35.400,56.550,11.100
18:00:05  송신:7612
18:00:05  GPS위성:7
18:00:05  GPS_HDOP:1.67
18:00:05  원시위도:37.496480
18:00:05  원시경도:126.958027
18:00:05  GPS채택:1449
18:00:05  GPS이상치거부:0
18:00:05  GPS품질거부:1
18:00:05  GPS재기준:0
18:00:05  RSSI원시:-70
18:00:05  RSSI평활:-68.8
18:00:05  RSSI샘플:14398
18:00:05  RSSI경과ms:25
18:00:05  차량수신:7071
18:00:05  시각ms:779092
18:00:05  IMU시각ms:779092
18:00:05  위험:0
18:00:05  GPS유효:1
18:00:05  위도:37.496479
18:00:05  경도:126.958031
18:00:05  속도:0.421
18:00:05  방향:167.4
18:00:05  GPS원시속도:0.314
18:00:05  GPS원시방향유효:1
18:00:05  GPS원시방향:167.4
18:00:05  가속도:3.524,3.036,5.267
18:00:05  자이로:-27.489,-0.687,7.733
18:00:05  자력계:-34.950,55.500,11.400
18:00:05  송신:7612
18:00:05  GPS위성:7
18:00:05  GPS_HDOP:1.67
18:00:05  원시위도:37.496480
18:00:05  원시경도:126.958027
18:00:05  GPS채택:1449
18:00:05  GPS이상치거부:0
18:00:05  GPS품질거부:1
18:00:05  GPS재기준:0
18:00:05  RSSI원시:-70
18:00:05  RSSI평활:-68.8
18:00:05  RSSI샘플:14398
18:00:05  RSSI경과ms:69
18:00:05  차량수신:7071
18:00:05  시각ms:779127
18:00:05  IMU시각ms:779127
18:00:05  위험:0
18:00:05  GPS유효:1
18:00:05  위도:37.496479
18:00:05  경도:126.958031
18:00:05  속도:0.421
18:00:05  방향:167.4
18:00:05  GPS원시속도:0.314
18:00:05  GPS원시방향유효:1
18:00:05  GPS원시방향:167.4
18:00:05  가속도:4.247,2.935,5.775
18:00:05  자이로:-19.344,1.618,9.366
18:00:05  자력계:-33.900,54.300,11.100
18:00:05  송신:7613
18:00:05  GPS위성:7
18:00:05  GPS_HDOP:1.67
18:00:05  원시위도:37.496480
18:00:05  원시경도:126.958027
18:00:05  GPS채택:1449
18:00:05  GPS이상치거부:0
18:00:05  GPS품질거부:1
18:00:05  GPS재기준:0
18:00:05  RSSI원시:-68
18:00:05  RSSI평활:-68.5
18:00:05  RSSI샘플:14400
18:00:05  RSSI경과ms:2
18:00:05  차량수신:7072
18:00:05  시각ms:779148
18:00:05  IMU시각ms:779148
18:00:05  위험:0
18:00:05  GPS유효:1
18:00:05  위도:37.496479
18:00:05  경도:126.958031
18:00:05  속도:0.421
18:00:05  방향:167.4
18:00:05  GPS원시속도:0.314
18:00:05  GPS원시방향유효:1
18:00:05  GPS원시방향:167.4
18:00:05  가속도:4.223,2.959,4.554
18:00:05  자이로:-11.679,0.031,8.626
18:00:05  자력계:-34.200,53.550,12.900
18:00:05  송신:7613
18:00:05  GPS위성:7
18:00:05  GPS_HDOP:1.67
18:00:05  원시위도:37.496480
18:00:05  원시경도:126.958027
18:00:05  GPS채택:1449
18:00:05  GPS이상치거부:0
18:00:05  GPS품질거부:1
18:00:05  GPS재기준:0
18:00:05  RSSI원시:-68
18:00:05  RSSI평활:-68.5
18:00:05  RSSI샘플:14400
18:00:05  RSSI경과ms:23
18:00:05  차량수신:7072
18:00:05  시각ms:779170
18:00:05  IMU시각ms:779170
18:00:05  위험:0
18:00:05  GPS유효:1
18:00:05  위도:37.496479
18:00:05  경도:126.958031
18:00:05  속도:0.421
18:00:05  방향:167.4
18:00:05  GPS원시속도:0.314
18:00:05  GPS원시방향유효:1
18:00:05  GPS원시방향:167.4
18:00:05  가속도:4.592,2.998,5.061
18:00:05  자이로:-8.878,-4.267,8.229
18:00:05  자력계:-34.800,52.650,12.300
18:00:05  송신:7613
18:00:05  GPS위성:7
18:00:05  GPS_HDOP:1.67
18:00:05  원시위도:37.496480
18:00:05  원시경도:126.958027
18:00:05  GPS채택:1449
18:00:05  GPS이상치거부:0
18:00:05  GPS품질거부:1
18:00:05  GPS재기준:0
18:00:05  RSSI원시:-68
18:00:05  RSSI평활:-68.5
18:00:05  RSSI샘플:14400
18:00:05  RSSI경과ms:45
18:00:05  차량수신:7072
18:00:05  시각ms:779192
18:00:05  IMU시각ms:779192
18:00:05  위험:0
18:00:05  GPS유효:1
18:00:05  위도:37.496479
18:00:05  경도:126.958031
18:00:05  속도:0.421
18:00:05  방향:167.4
18:00:05  GPS원시속도:0.314
18:00:05  GPS원시방향유효:1
18:00:05  GPS원시방향:167.4
18:00:05  가속도:4.875,3.199,4.889
18:00:05  자이로:3.496,-2.076,11.084
18:00:05  자력계:-33.750,52.650,12.750
18:00:05  송신:7613
18:00:05  GPS위성:7
18:00:05  GPS_HDOP:1.67
18:00:05  원시위도:37.496480
18:00:05  원시경도:126.958027
18:00:05  GPS채택:1449
18:00:05  GPS이상치거부:0
18:00:05  GPS품질거부:1
18:00:05  GPS재기준:0
18:00:05  RSSI원시:-68
18:00:05  RSSI평활:-68.5
18:00:05  RSSI샘플:14400
18:00:05  RSSI경과ms:67
18:00:05  차량수신:7072
18:00:05  시각ms:779225
18:00:05  IMU시각ms:779225
18:00:05  위험:0
18:00:05  GPS유효:1
18:00:05  위도:37.496479
18:00:05  경도:126.958031
18:00:05  속도:0.421
18:00:05  방향:167.4
18:00:05  GPS원시속도:0.314
18:00:05  GPS원시방향유효:1
18:00:05  GPS원시방향:167.4
18:00:05  가속도:4.171,3.716,4.539
18:00:05  자이로:26.939,-4.542,13.267
18:00:05  자력계:-34.650,53.100,11.400
18:00:05  송신:7614
18:00:05  GPS위성:7
18:00:05  GPS_HDOP:1.67
18:00:05  원시위도:37.496480
18:00:05  원시경도:126.958027
18:00:05  GPS채택:1449
18:00:05  GPS이상치거부:0
18:00:05  GPS품질거부:1
18:00:05  GPS재기준:0
18:00:05  RSSI원시:-68
18:00:05  RSSI평활:-68.4
18:00:05  RSSI샘플:14401
18:00:05  RSSI경과ms:10
18:00:05  차량수신:7072
18:00:05  시각ms:779325
18:00:05  IMU시각ms:779313
18:00:05  위험:0
18:00:05  GPS유효:1
18:00:05  위도:37.496479
18:00:05  경도:126.958031
18:00:05  속도:0.421
18:00:05  방향:167.4
18:00:05  GPS원시속도:0.314
18:00:05  GPS원시방향유효:1
18:00:05  GPS원시방향:167.4
18:00:05  가속도:-19.613,19.613,19.613
18:00:05  자이로:45.328,25.710,31.771
18:00:05  자력계:-33.900,57.750,11.400
18:00:05  송신:7615
18:00:05  GPS위성:7
18:00:05  GPS_HDOP:1.67
18:00:05  원시위도:37.496480
18:00:05  원시경도:126.958027
18:00:05  GPS채택:1449
18:00:05  GPS이상치거부:0
18:00:05  GPS품질거부:1
18:00:05  GPS재기준:0
18:00:05  RSSI원시:-69
18:00:05  RSSI평활:-68.5
18:00:05  RSSI샘플:14402
18:00:05  RSSI경과ms:84
18:00:05  차량수신:7073
18:00:05  시각ms:779399
18:00:05  IMU시각ms:779399
18:00:05  위험:0
18:00:05  GPS유효:1
18:00:05  위도:37.496479
18:00:05  경도:126.958031
18:00:05  속도:0.421
18:00:05  방향:167.4
18:00:05  GPS원시속도:0.314
18:00:05  GPS원시방향유효:1
18:00:05  GPS원시방향:167.4
18:00:05  가속도:6.206,7.709,19.613
18:00:05  자이로:7.977,-10.939,-23.115
18:00:05  자력계:-35.700,58.200,12.150
18:00:05  송신:7615
18:00:05  GPS위성:7
18:00:05  GPS_HDOP:1.67
18:00:05  원시위도:37.496480
18:00:05  원시경도:126.958027
18:00:05  GPS채택:1449
18:00:05  GPS이상치거부:0
18:00:05  GPS품질거부:1
18:00:05  GPS재기준:0
18:00:05  RSSI원시:-72
18:00:05  RSSI평활:-69.8
18:00:05  RSSI샘플:14404
18:00:05  RSSI경과ms:57
18:00:05  차량수신:7074
18:00:05  시각ms:779432
18:00:05  IMU시각ms:779432
18:00:05  위험:0
18:00:05  GPS유효:1
18:00:05  위도:37.496479
18:00:05  경도:126.958031
18:00:05  속도:0.421
18:00:05  방향:167.4
18:00:05  GPS원시속도:0.314
18:00:05  GPS원시방향유효:1
18:00:05  GPS원시방향:167.4
18:00:05  가속도:7.561,1.460,1.887
18:00:05  자이로:-57.969,-14.351,-13.710
18:00:05  자력계:-34.800,55.650,12.300
18:00:05  송신:7616
18:00:05  GPS위성:7
18:00:05  GPS_HDOP:1.67
18:00:05  원시위도:37.496480
18:00:05  원시경도:126.958027
18:00:05  GPS채택:1449
18:00:05  GPS이상치거부:0
18:00:05  GPS품질거부:1
18:00:05  GPS재기준:0
18:00:05  RSSI원시:-72
18:00:05  RSSI평활:-69.8
18:00:05  RSSI샘플:14404
18:00:05  RSSI경과ms:90
18:00:05  차량수신:7074
18:00:05  시각ms:779454
18:00:05  IMU시각ms:779454
18:00:05  위험:0
18:00:05  GPS유효:1
18:00:05  위도:37.496479
18:00:05  경도:126.958031
18:00:05  속도:0.421
18:00:05  방향:167.4
18:00:05  GPS원시속도:0.314
18:00:05  GPS원시방향유효:1
18:00:05  GPS원시방향:167.4
18:00:05  가속도:6.048,3.740,8.729
18:00:05  자이로:-43.260,-8.947,-15.290
18:00:05  자력계:-34.500,55.650,12.750
18:00:05  송신:7616
18:00:05  GPS위성:7
18:00:05  GPS_HDOP:1.67
18:00:05  원시위도:37.496480
18:00:05  원시경도:126.958027
18:00:05  GPS채택:1449
18:00:05  GPS이상치거부:0
18:00:05  GPS품질거부:1
18:00:05  GPS재기준:0
18:00:05  RSSI원시:-76
18:00:05  RSSI평활:-71.0
18:00:05  RSSI샘플:14405
18:00:05  RSSI경과ms:15
18:00:05  차량수신:7074
18:00:05  시각ms:779476
18:00:05  IMU시각ms:779476
18:00:05  위험:0
18:00:05  GPS유효:1
18:00:05  위도:37.496479
18:00:05  경도:126.958031
18:00:05  속도:0.421
18:00:05  방향:167.4
18:00:05  GPS원시속도:0.314
18:00:05  GPS원시방향유효:1
18:00:05  GPS원시방향:167.4
18:00:05  가속도:4.946,4.707,5.444
18:00:05  자이로:-29.260,-4.695,-8.160
18:00:05  자력계:-34.500,54.900,13.800
18:00:05  송신:7616
18:00:05  GPS위성:7
18:00:05  GPS_HDOP:1.67
18:00:05  원시위도:37.496480
18:00:05  원시경도:126.958027
18:00:05  GPS채택:1449
18:00:05  GPS이상치거부:0
18:00:05  GPS품질거부:1
18:00:05  GPS재기준:0
18:00:05  RSSI원시:-76
18:00:05  RSSI평활:-71.0
18:00:05  RSSI샘플:14405
18:00:05  RSSI경과ms:37
18:00:05  차량수신:7074
18:00:05  시각ms:779498
18:00:05  IMU시각ms:779498
18:00:05  위험:0
18:00:05  GPS유효:1
18:00:05  위도:37.496479
18:00:05  경도:126.958031
18:00:05  속도:0.421
18:00:05  방향:167.4
18:00:05  GPS원시속도:0.314
18:00:05  GPS원시방향유효:1
18:00:05  GPS원시방향:167.4
18:00:05  가속도:5.310,3.677,5.823
18:00:05  자이로:-7.061,9.779,-5.176
18:00:05  자력계:-34.950,53.550,11.850
18:00:05  송신:7616
18:00:05  GPS위성:7
18:00:05  GPS_HDOP:1.67
18:00:05  원시위도:37.496480
18:00:05  원시경도:126.958027
18:00:05  GPS채택:1449
18:00:05  GPS이상치거부:0
18:00:05  GPS품질거부:1
18:00:05  GPS재기준:0
18:00:05  RSSI원시:-76
18:00:05  RSSI평활:-71.0
18:00:05  RSSI샘플:14405
18:00:05  RSSI경과ms:59
18:00:05  차량수신:7074
18:00:05  시각ms:779540
18:00:05  IMU시각ms:779540
18:00:05  위험:0
18:00:05  GPS유효:1
18:00:05  위도:37.496479
18:00:05  경도:126.958031
18:00:05  속도:0.421
18:00:05  방향:167.4
18:00:05  GPS원시속도:0.314
18:00:05  GPS원시방향유효:1
18:00:05  GPS원시방향:167.4
18:00:05  가속도:4.171,3.907,5.727
18:00:05  자이로:4.695,4.954,4.992
18:00:05  자력계:-34.800,54.450,11.250
18:00:05  송신:7617
18:00:05  GPS위성:7
18:00:05  GPS_HDOP:1.67
18:00:05  원시위도:37.496480
18:00:05  원시경도:126.958027
18:00:05  GPS채택:1449
18:00:05  GPS이상치거부:0
18:00:05  GPS품질거부:1
18:00:05  GPS재기준:0
18:00:05  RSSI원시:-75
18:00:05  RSSI평활:-71.8
18:00:05  RSSI샘플:14406
18:00:05  RSSI경과ms:15
18:00:05  차량수신:7074
18:00:05  시각ms:779584
18:00:05  IMU시각ms:779584
18:00:05  위험:0
18:00:05  GPS유효:1
18:00:05  위도:37.496479
18:00:05  경도:126.958023
18:00:05  속도:0.421
18:00:05  방향:167.4
18:00:05  GPS원시속도:0.314
18:00:05  GPS원시방향유효:1
18:00:05  GPS원시방향:167.4
18:00:05  가속도:4.195,3.922,4.812
18:00:05  자이로:-8.458,-12.305,13.550
18:00:05  자력계:-34.200,51.300,10.350
18:00:05  송신:7617
18:00:05  GPS위성:7
18:00:05  GPS_HDOP:1.67
18:00:05  원시위도:37.496480
18:00:05  원시경도:126.958027
18:00:05  GPS채택:1449
18:00:05  GPS이상치거부:0
18:00:05  GPS품질거부:1
18:00:05  GPS재기준:0
18:00:05  RSSI원시:-76
18:00:05  RSSI평활:-72.7
18:00:05  RSSI샘플:14407
18:00:05  RSSI경과ms:43
18:00:05  차량수신:7075
18:00:05  시각ms:779606
18:00:05  IMU시각ms:779606
18:00:05  위험:0
18:00:05  GPS유효:1
18:00:05  위도:37.496479
18:00:05  경도:126.958023
18:00:05  속도:0.421
18:00:05  방향:167.4
18:00:05  GPS원시속도:0.314
18:00:05  GPS원시방향유효:1
18:00:05  GPS원시방향:167.4
18:00:05  가속도:4.549,4.142,4.654
18:00:05  자이로:0.847,-9.641,16.557
18:00:05  자력계:-34.950,52.800,11.850
18:00:05  송신:7617
18:00:05  GPS위성:7
18:00:05  GPS_HDOP:1.67
18:00:05  원시위도:37.496480
18:00:05  원시경도:126.958027
18:00:05  GPS채택:1449
18:00:05  GPS이상치거부:0
18:00:05  GPS품질거부:1
18:00:05  GPS재기준:0
18:00:05  RSSI원시:-76
18:00:05  RSSI평활:-72.7
18:00:05  RSSI샘플:14407
18:00:05  RSSI경과ms:65
18:00:05  차량수신:7075
18:00:06  시각ms:779641
18:00:06  IMU시각ms:779641
18:00:06  위험:0
18:00:06  GPS유효:1
18:00:06  위도:37.496479
18:00:06  경도:126.958023
18:00:06  속도:0.421
18:00:06  방향:167.4
18:00:06  GPS원시속도:0.314
18:00:06  GPS원시방향유효:1
18:00:06  GPS원시방향:167.4
18:00:06  가속도:4.329,4.583,4.501
18:00:06  자이로:37.878,3.664,18.679
18:00:06  자력계:-34.050,54.150,12.000
18:00:06  송신:7618
18:00:06  GPS위성:7
18:00:06  GPS_HDOP:1.67
18:00:06  원시위도:37.496480
18:00:06  원시경도:126.958027
18:00:06  GPS채택:1449
18:00:06  GPS이상치거부:0
18:00:06  GPS품질거부:1
18:00:06  GPS재기준:0
18:00:06  RSSI원시:-73
18:00:06  RSSI평활:-72.7
18:00:06  RSSI샘플:14408
18:00:06  RSSI경과ms:7
18:00:06  차량수신:7075
18:00:06  시각ms:779663
18:00:06  IMU시각ms:779663
18:00:06  위험:0
18:00:06  GPS유효:1
18:00:06  위도:37.496479
18:00:06  경도:126.958023
18:00:06  속도:0.362
18:00:06  방향:167.4
18:00:06  GPS원시속도:0.252
18:00:06  GPS원시방향유효:1
18:00:06  GPS원시방향:167.4
18:00:06  가속도:4.568,5.224,4.918
18:00:06  자이로:46.107,8.695,15.115
18:00:06  자력계:-34.800,54.150,11.250
18:00:06  송신:7618
18:00:06  GPS위성:7
18:00:06  GPS_HDOP:1.67
18:00:06  원시위도:37.496480
18:00:06  원시경도:126.958025
18:00:06  GPS채택:1450
18:00:06  GPS이상치거부:0
18:00:06  GPS품질거부:1
18:00:06  GPS재기준:0
18:00:06  RSSI원시:-73
18:00:06  RSSI평활:-72.8
18:00:06  RSSI샘플:14409
18:00:06  RSSI경과ms:22
18:00:06  차량수신:7076
18:00:06  시각ms:779685
18:00:06  IMU시각ms:779685
18:00:06  위험:0
18:00:06  GPS유효:1
18:00:06  위도:37.496479
18:00:06  경도:126.958023
18:00:06  속도:0.362
18:00:06  방향:167.4
18:00:06  GPS원시속도:0.252
18:00:06  GPS원시방향유효:1
18:00:06  GPS원시방향:167.4
18:00:06  가속도:4.669,5.746,5.195
18:00:06  자이로:48.000,3.252,9.702
18:00:06  자력계:-34.650,55.500,11.400
18:00:06  송신:7618
18:00:06  GPS위성:7
18:00:06  GPS_HDOP:1.67
18:00:06  원시위도:37.496480
18:00:06  원시경도:126.958025
18:00:06  GPS채택:1450
18:00:06  GPS이상치거부:0
18:00:06  GPS품질거부:1
18:00:06  GPS재기준:0
18:00:06  RSSI원시:-73
18:00:06  RSSI평활:-72.8
18:00:06  RSSI샘플:14409
18:00:06  RSSI경과ms:44
18:00:06  차량수신:7076
18:00:06  시각ms:779707
18:00:06  IMU시각ms:779707
18:00:06  위험:0
18:00:06  GPS유효:1
18:00:06  위도:37.496479
18:00:06  경도:126.958023
18:00:06  속도:0.362
18:00:06  방향:167.4
18:00:06  GPS원시속도:0.252
18:00:06  GPS원시방향유효:1
18:00:06  GPS원시방향:167.4
18:00:06  가속도:4.827,5.693,5.847
18:00:06  자이로:35.183,-15.947,9.763
18:00:06  자력계:-35.700,56.550,11.100
18:00:06  송신:7618
18:00:06  GPS위성:7
18:00:06  GPS_HDOP:1.67
18:00:06  원시위도:37.496480
18:00:06  원시경도:126.958025
18:00:06  GPS채택:1450
18:00:06  GPS이상치거부:0
18:00:06  GPS품질거부:1
18:00:06  GPS재기준:0
18:00:06  RSSI원시:-73
18:00:06  RSSI평활:-72.8
18:00:06  RSSI샘플:14409
18:00:06  RSSI경과ms:66
18:00:06  차량수신:7076
18:00:06  시각ms:779764
18:00:06  IMU시각ms:779764
18:00:06  위험:0
18:00:06  GPS유효:1
18:00:06  위도:37.496479
18:00:06  경도:126.958023
18:00:06  속도:0.362
18:00:06  방향:167.4
18:00:06  GPS원시속도:0.252
18:00:06  GPS원시방향유효:1
18:00:06  GPS원시방향:167.4
18:00:06  가속도:0.757,8.638,12.766
18:00:06  자이로:76.221,-12.198,-37.687
18:00:06  자력계:-37.200,60.150,10.050
18:00:06  송신:7619
18:00:06  GPS위성:7
18:00:06  GPS_HDOP:1.67
18:00:06  원시위도:37.496480
18:00:06  원시경도:126.958025
18:00:06  GPS채택:1450
18:00:06  GPS이상치거부:0
18:00:06  GPS품질거부:1
18:00:06  GPS재기준:0
18:00:06  RSSI원시:-77
18:00:06  RSSI평활:-74.1
18:00:06  RSSI샘플:14411
18:00:06  RSSI경과ms:23
18:00:06  차량수신:7077
18:00:06  시각ms:779786
18:00:06  IMU시각ms:779786
18:00:06  위험:0
18:00:06  GPS유효:1
18:00:06  위도:37.496479
18:00:06  경도:126.958023
18:00:06  속도:0.324
18:00:06  방향:167.4
18:00:06  GPS원시속도:0.252
18:00:06  GPS원시방향유효:1
18:00:06  GPS원시방향:167.4
18:00:06  가속도:9.093,6.627,11.736
18:00:06  자이로:40.435,78.435,-36.412
18:00:06  자력계:-36.750,60.300,11.700
18:00:06  송신:7619
18:00:06  GPS위성:7
18:00:06  GPS_HDOP:1.26
18:00:06  원시위도:37.496480
18:00:06  원시경도:126.958025
18:00:06  GPS채택:1451
18:00:06  GPS이상치거부:0
18:00:06  GPS품질거부:1
18:00:06  GPS재기준:0
18:00:06  RSSI원시:-77
18:00:06  RSSI평활:-74.1
18:00:06  RSSI샘플:14411
18:00:06  RSSI경과ms:45
18:00:06  차량수신:7077
18:00:06  시각ms:779808
18:00:06  IMU시각ms:779808
18:00:06  위험:0
18:00:06  GPS유효:1
18:00:06  위도:37.496479
18:00:06  경도:126.958023
18:00:06  속도:0.324
18:00:06  방향:167.4
18:00:06  GPS원시속도:0.252
18:00:06  GPS원시방향유효:1
18:00:06  GPS원시방향:167.4
18:00:06  가속도:11.009,4.429,0.278
18:00:06  자이로:71.496,81.626,-40.626
18:00:06  자력계:-36.000,62.550,10.950
18:00:06  송신:7619
18:00:06  GPS위성:7
18:00:06  GPS_HDOP:1.26
18:00:06  원시위도:37.496480
18:00:06  원시경도:126.958025
18:00:06  GPS채택:1451
18:00:06  GPS이상치거부:0
18:00:06  GPS품질거부:1
18:00:06  GPS재기준:0
18:00:06  RSSI원시:-77
18:00:06  RSSI평활:-74.1
18:00:06  RSSI샘플:14411
18:00:06  RSSI경과ms:67
18:00:06  차량수신:7077
18:00:06  시각ms:779843
18:00:06  IMU시각ms:779843
18:00:06  위험:0
18:00:06  GPS유효:1
18:00:06  위도:37.496479
18:00:06  경도:126.958023
18:00:06  속도:0.324
18:00:06  방향:167.4
18:00:06  GPS원시속도:0.252
18:00:06  GPS원시방향유효:1
18:00:06  GPS원시방향:167.4
18:00:06  가속도:4.472,8.456,9.203
18:00:06  자이로:25.573,43.947,-22.420
18:00:06  자력계:-33.900,63.600,11.400
18:00:06  송신:7620
18:00:06  GPS위성:7
18:00:06  GPS_HDOP:1.26
18:00:06  원시위도:37.496480
18:00:06  원시경도:126.958025
18:00:06  GPS채택:1451
18:00:06  GPS이상치거부:0
18:00:06  GPS품질거부:1
18:00:06  GPS재기준:0
18:00:06  RSSI원시:-80
18:00:06  RSSI평활:-75.3
18:00:06  RSSI샘플:14412
18:00:06  RSSI경과ms:11
18:00:06  차량수신:7077
18:00:06  시각ms:779865
18:00:06  IMU시각ms:779865
18:00:06  위험:0
18:00:06  GPS유효:1
18:00:06  위도:37.496479
18:00:06  경도:126.958023
18:00:06  속도:0.324
18:00:06  방향:167.4
18:00:06  GPS원시속도:0.252
18:00:06  GPS원시방향유효:1
18:00:06  GPS원시방향:167.4
18:00:06  가속도:4.616,4.956,3.797
18:00:06  자이로:1.374,11.206,-16.366
18:00:06  자력계:-33.300,61.500,10.200
18:00:06  송신:7620
18:00:06  GPS위성:7
18:00:06  GPS_HDOP:1.26
18:00:06  원시위도:37.496480
18:00:06  원시경도:126.958025
18:00:06  GPS채택:1451
18:00:06  GPS이상치거부:0
18:00:06  GPS품질거부:1
18:00:06  GPS재기준:0
18:00:06  RSSI원시:-82
18:00:06  RSSI평활:-76.7
18:00:06  RSSI샘플:14413
18:00:06  RSSI경과ms:20
18:00:06  차량수신:7078
18:00:06  시각ms:779887
18:00:06  IMU시각ms:779887
18:00:06  위험:0
18:00:06  GPS유효:1
18:00:06  위도:37.496479
18:00:06  경도:126.958023
18:00:06  속도:0.324
18:00:06  방향:167.4
18:00:06  GPS원시속도:0.252
18:00:06  GPS원시방향유효:1
18:00:06  GPS원시방향:167.4
18:00:06  가속도:1.216,5.789,6.699
18:00:06  자이로:-33.947,6.420,-9.282
18:00:06  자력계:-33.150,65.850,9.600
18:00:06  송신:7620
18:00:06  GPS위성:7
18:00:06  GPS_HDOP:1.26
18:00:06  원시위도:37.496480
18:00:06  원시경도:126.958025
18:00:06  GPS채택:1451
18:00:06  GPS이상치거부:0
18:00:06  GPS품질거부:1
18:00:06  GPS재기준:0
18:00:06  RSSI원시:-82
18:00:06  RSSI평활:-76.7
18:00:06  RSSI샘플:14413
18:00:06  RSSI경과ms:42
18:00:06  차량수신:7078
18:00:06  시각ms:780045
18:00:06  IMU시각ms:780045
18:00:06  위험:0
18:00:06  GPS유효:1
18:00:06  위도:37.496479
18:00:06  경도:126.958023
18:00:06  속도:0.324
18:00:06  방향:167.4
18:00:06  GPS원시속도:0.252
18:00:06  GPS원시방향유효:1
18:00:06  GPS원시방향:167.4
18:00:06  가속도:3.060,5.248,4.353
18:00:06  자이로:37.924,21.695,8.977
18:00:06  자력계:-31.200,60.150,10.350
18:00:06  송신:7622
18:00:06  GPS위성:7
18:00:06  GPS_HDOP:1.26
18:00:06  원시위도:37.496480
18:00:06  원시경도:126.958025
18:00:06  GPS채택:1451
18:00:06  GPS이상치거부:0
18:00:06  GPS품질거부:1
18:00:06  GPS재기준:0
18:00:06  RSSI원시:-73
18:00:06  RSSI평활:-74.8
18:00:06  RSSI샘플:14417
18:00:06  RSSI경과ms:4
18:00:06  차량수신:7080
18:00:06  시각ms:780066
18:00:06  IMU시각ms:780066
18:00:06  위험:0
18:00:06  GPS유효:1
18:00:06  위도:37.496479
18:00:06  경도:126.958023
18:00:06  속도:0.324
18:00:06  방향:167.4
18:00:06  GPS원시속도:0.252
18:00:06  GPS원시방향유효:1
18:00:06  GPS원시방향:167.4
18:00:06  가속도:4.525,4.946,5.722
18:00:06  자이로:21.878,-5.748,17.924
18:00:06  자력계:-30.450,60.900,9.300
18:00:06  송신:7622
18:00:06  GPS위성:7
18:00:06  GPS_HDOP:1.26
18:00:06  원시위도:37.496480
18:00:06  원시경도:126.958025
18:00:06  GPS채택:1451
18:00:06  GPS이상치거부:0
18:00:06  GPS품질거부:1
18:00:06  GPS재기준:0
18:00:06  RSSI원시:-73
18:00:06  RSSI평활:-74.8
18:00:06  RSSI샘플:14417
18:00:06  RSSI경과ms:25
18:00:06  차량수신:7080
18:00:06  시각ms:780110
18:00:06  IMU시각ms:780110
18:00:06  위험:0
18:00:06  GPS유효:1
18:00:06  위도:37.496479
18:00:06  경도:126.958023
18:00:06  속도:0.324
18:00:06  방향:167.4
18:00:06  GPS원시속도:0.252
18:00:06  GPS원시방향유효:1
18:00:06  GPS원시방향:167.4
18:00:06  가속도:4.238,6.359,5.995
18:00:06  자이로:-5.702,-29.687,19.504
18:00:06  자력계:-31.800,62.550,10.200
18:00:06  송신:7622
18:00:06  GPS위성:7
18:00:06  GPS_HDOP:1.26
18:00:06  원시위도:37.496480
18:00:06  원시경도:126.958025
18:00:06  GPS채택:1451
18:00:06  GPS이상치거부:0
18:00:06  GPS품질거부:1
18:00:06  GPS재기준:0
18:00:06  RSSI원시:-73
18:00:06  RSSI평활:-74.8
18:00:06  RSSI샘플:14417
18:00:06  RSSI경과ms:69
18:00:06  차량수신:7080
18:00:06  시각ms:780145
18:00:06  IMU시각ms:780145
18:00:06  위험:0
18:00:06  GPS유효:1
18:00:06  위도:37.496479
18:00:06  경도:126.958023
18:00:06  속도:0.324
18:00:06  방향:167.4
18:00:06  GPS원시속도:0.252
18:00:06  GPS원시방향유효:1
18:00:06  GPS원시방향:167.4
18:00:06  가속도:5.171,6.905,5.243
18:00:06  자이로:17.863,-35.473,16.389
18:00:06  자력계:-31.800,62.250,9.450
18:00:06  송신:7623
18:00:06  GPS위성:7
18:00:06  GPS_HDOP:1.26
18:00:06  원시위도:37.496480
18:00:06  원시경도:126.958025
18:00:06  GPS채택:1451
18:00:06  GPS이상치거부:0
18:00:06  GPS품질거부:1
18:00:06  GPS재기준:0
18:00:06  RSSI원시:-72
18:00:06  RSSI평활:-73.8
18:00:06  RSSI샘플:14419
18:00:06  RSSI경과ms:1
18:00:06  차량수신:7081
18:00:06  시각ms:780167
18:00:06  IMU시각ms:780167
18:00:06  위험:0
18:00:06  GPS유효:1
18:00:06  위도:37.496479
18:00:06  경도:126.958023
18:00:06  속도:0.324
18:00:06  방향:167.4
18:00:06  GPS원시속도:0.252
18:00:06  GPS원시방향유효:1
18:00:06  GPS원시방향:167.4
18:00:06  가속도:5.732,7.274,6.680
18:00:06  자이로:25.939,-30.527,14.908
18:00:06  자력계:-34.050,64.050,10.950
18:00:06  송신:7623
18:00:06  GPS위성:7
18:00:06  GPS_HDOP:1.26
18:00:06  원시위도:37.496480
18:00:06  원시경도:126.958025
18:00:06  GPS채택:1451
18:00:06  GPS이상치거부:0
18:00:06  GPS품질거부:1
18:00:06  GPS재기준:0
18:00:06  RSSI원시:-72
18:00:06  RSSI평활:-73.8
18:00:06  RSSI샘플:14419
18:00:06  RSSI경과ms:23
18:00:06  차량수신:7081
18:00:06  시각ms:780189
18:00:06  IMU시각ms:780189
18:00:06  위험:0
18:00:06  GPS유효:1
18:00:06  위도:37.496479
18:00:06  경도:126.958023
18:00:06  속도:0.324
18:00:06  방향:167.4
18:00:06  GPS원시속도:0.252
18:00:06  GPS원시방향유효:1
18:00:06  GPS원시방향:167.4
18:00:06  가속도:6.263,7.417,7.810
18:00:06  자이로:26.420,-33.893,16.107
18:00:06  자력계:-33.150,65.100,9.600
18:00:06  송신:7623
18:00:06  GPS위성:7
18:00:06  GPS_HDOP:1.26
18:00:06  원시위도:37.496480
18:00:06  원시경도:126.958025
18:00:06  GPS채택:1451
18:00:06  GPS이상치거부:0
18:00:06  GPS품질거부:1
18:00:06  GPS재기준:0
18:00:06  RSSI원시:-72
18:00:06  RSSI평활:-73.8
18:00:06  RSSI샘플:14419
18:00:06  RSSI경과ms:45
18:00:06  차량수신:7081
18:00:06  시각ms:780211
18:00:06  IMU시각ms:780211
18:00:06  위험:0
18:00:06  GPS유효:1
18:00:06  위도:37.496479
18:00:06  경도:126.958023
18:00:06  속도:0.324
18:00:06  방향:167.4
18:00:06  GPS원시속도:0.252
18:00:06  GPS원시방향유효:1
18:00:06  GPS원시방향:167.4
18:00:06  가속도:19.613,4.630,1.508
18:00:06  자이로:61.626,-41.580,-4.901
18:00:06  자력계:-32.550,64.500,12.750
18:00:06  송신:7623
18:00:06  GPS위성:7
18:00:06  GPS_HDOP:1.26
18:00:06  원시위도:37.496480
18:00:06  원시경도:126.958025
18:00:06  GPS채택:1451
18:00:06  GPS이상치거부:0
18:00:06  GPS품질거부:1
18:00:06  GPS재기준:0
18:00:06  RSSI원시:-72
18:00:06  RSSI평활:-73.8
18:00:06  RSSI샘플:14419
18:00:06  RSSI경과ms:67
18:00:06  차량수신:7081
18:00:06  시각ms:780244
18:00:06  IMU시각ms:780244
18:00:06  위험:0
18:00:06  GPS유효:1
18:00:06  위도:37.496479
18:00:06  경도:126.958023
18:00:06  속도:0.324
18:00:06  방향:167.4
18:00:06  GPS원시속도:0.252
18:00:06  GPS원시방향유효:1
18:00:06  GPS원시방향:167.4
18:00:06  가속도:-1.058,10.214,0.713
18:00:06  자이로:-17.954,50.725,-19.954
18:00:06  자력계:-36.000,66.000,10.200
18:00:06  송신:7624
18:00:06  GPS위성:7
18:00:06  GPS_HDOP:1.26
18:00:06  원시위도:37.496480
18:00:06  원시경도:126.958025
18:00:06  GPS채택:1451
18:00:06  GPS이상치거부:0
18:00:06  GPS품질거부:1
18:00:06  GPS재기준:0
18:00:06  RSSI원시:-72
18:00:06  RSSI평활:-73.8
18:00:06  RSSI샘플:14419
18:00:06  RSSI경과ms:100
18:00:06  차량수신:7081
18:00:06  시각ms:780266
18:00:06  IMU시각ms:780266
18:00:06  위험:0
18:00:06  GPS유효:1
18:00:06  위도:37.496479
18:00:06  경도:126.958023
18:00:06  속도:0.324
18:00:06  방향:167.4
18:00:06  GPS원시속도:0.252
18:00:06  GPS원시방향유효:1
18:00:06  GPS원시방향:167.4
18:00:06  가속도:1.786,-2.064,-19.240
18:00:06  자이로:-11.191,6.733,10.198
18:00:06  자력계:-35.250,65.250,10.950
18:00:06  송신:7624
18:00:06  GPS위성:7
18:00:06  GPS_HDOP:1.26
18:00:06  원시위도:37.496480
18:00:06  원시경도:126.958025
18:00:06  GPS채택:1451
18:00:06  GPS이상치거부:0
18:00:06  GPS품질거부:1
18:00:06  GPS재기준:0
18:00:06  RSSI원시:-72
18:00:06  RSSI평활:-73.5
18:00:06  RSSI샘플:14421
18:00:06  RSSI경과ms:16
18:00:06  차량수신:7082
18:00:06  시각ms:780288
18:00:06  IMU시각ms:780288
18:00:06  위험:0
18:00:06  GPS유효:1
18:00:06  위도:37.496479
18:00:06  경도:126.958023
18:00:06  속도:0.324
18:00:06  방향:167.4
18:00:06  GPS원시속도:0.252
18:00:06  GPS원시방향유효:1
18:00:06  GPS원시방향:167.4
18:00:06  가속도:4.295,5.583,10.013
18:00:06  자이로:6.420,43.664,-19.099
18:00:06  자력계:-34.500,64.500,9.750
18:00:06  송신:7624
18:00:06  GPS위성:7
18:00:06  GPS_HDOP:1.26
18:00:06  원시위도:37.496480
18:00:06  원시경도:126.958025
18:00:06  GPS채택:1451
18:00:06  GPS이상치거부:0
18:00:06  GPS품질거부:1
18:00:06  GPS재기준:0
18:00:06  RSSI원시:-72
18:00:06  RSSI평활:-73.5
18:00:06  RSSI샘플:14421
18:00:06  RSSI경과ms:38
18:00:06  차량수신:7082
18:00:06  시각ms:780310
18:00:06  IMU시각ms:780310
18:00:06  위험:0
18:00:06  GPS유효:1
18:00:06  위도:37.496479
18:00:06  경도:126.958023
18:00:06  속도:0.324
18:00:06  방향:167.4
18:00:06  GPS원시속도:0.252
18:00:06  GPS원시방향유효:1
18:00:06  GPS원시방향:167.4
18:00:06  가속도:1.379,6.713,5.804
18:00:06  자이로:-22.725,4.115,-10.931
18:00:06  자력계:-34.800,66.000,10.200
18:00:06  송신:7624
18:00:06  GPS위성:7
18:00:06  GPS_HDOP:1.26
18:00:06  원시위도:37.496480
18:00:06  원시경도:126.958025
18:00:06  GPS채택:1451
18:00:06  GPS이상치거부:0
18:00:06  GPS품질거부:1
18:00:06  GPS재기준:0
18:00:06  RSSI원시:-72
18:00:06  RSSI평활:-73.5
18:00:06  RSSI샘플:14421
18:00:06  RSSI경과ms:60
18:00:06  차량수신:7082
18:00:06  시각ms:780344
18:00:06  IMU시각ms:780332
18:00:06  위험:0
18:00:06  GPS유효:1
18:00:06  위도:37.496479
18:00:06  경도:126.958023
18:00:06  속도:0.324
18:00:06  방향:167.4
18:00:06  GPS원시속도:0.252
18:00:06  GPS원시방향유효:1
18:00:06  GPS원시방향:167.4
18:00:06  가속도:3.414,4.391,5.612
18:00:06  자이로:-25.595,17.351,-19.221
18:00:06  자력계:-31.950,66.600,11.100
18:00:06  송신:7625
18:00:06  GPS위성:7
18:00:06  GPS_HDOP:1.26
18:00:06  원시위도:37.496480
18:00:06  원시경도:126.958025
18:00:06  GPS채택:1451
18:00:06  GPS이상치거부:0
18:00:06  GPS품질거부:1
18:00:06  GPS재기준:0
18:00:06  RSSI원시:-77
18:00:06  RSSI평활:-74.2
18:00:06  RSSI샘플:14422
18:00:06  RSSI경과ms:2
18:00:06  차량수신:7082
18:00:06  시각ms:780352
18:00:06  IMU시각ms:780352
18:00:06  위험:0
18:00:06  GPS유효:1
18:00:06  위도:37.496479
18:00:06  경도:126.958023
18:00:06  속도:0.324
18:00:06  방향:167.4
18:00:06  GPS원시속도:0.252
18:00:06  GPS원시방향유효:1
18:00:06  GPS원시방향:167.4
18:00:06  가속도:0.661,5.871,6.670
18:00:06  자이로:-34.511,19.267,-18.977
18:00:06  자력계:-31.950,66.300,10.350
18:00:06  송신:7625
18:00:06  GPS위성:7
18:00:06  GPS_HDOP:1.26
18:00:06  원시위도:37.496480
18:00:06  원시경도:126.958025
18:00:06  GPS채택:1451
18:00:06  GPS이상치거부:0
18:00:06  GPS품질거부:1
18:00:06  GPS재기준:0
18:00:06  RSSI원시:-78
18:00:06  RSSI평활:-74.9
18:00:06  RSSI샘플:14423
18:00:06  RSSI경과ms:3
18:00:06  차량수신:7083
18:00:06  시각ms:780374
18:00:06  IMU시각ms:780374
18:00:06  위험:0
18:00:06  GPS유효:1
18:00:06  위도:37.496479
18:00:06  경도:126.958023
18:00:06  속도:0.324
18:00:06  방향:167.4
18:00:06  GPS원시속도:0.252
18:00:06  GPS원시방향유효:1
18:00:06  GPS원시방향:167.4
18:00:06  가속도:2.916,4.223,6.306
18:00:06  자이로:-23.496,16.603,-13.863
18:00:06  자력계:-32.700,63.150,10.650
18:00:06  송신:7625
18:00:06  GPS위성:7
18:00:06  GPS_HDOP:1.26
18:00:06  원시위도:37.496480
18:00:06  원시경도:126.958025
18:00:06  GPS채택:1451
18:00:06  GPS이상치거부:0
18:00:06  GPS품질거부:1
18:00:06  GPS재기준:0
18:00:06  RSSI원시:-78
18:00:06  RSSI평활:-74.9
18:00:06  RSSI샘플:14423
18:00:06  RSSI경과ms:25
18:00:06  차량수신:7083
18:00:06  시각ms:780396
18:00:06  IMU시각ms:780396
18:00:06  위험:0
18:00:06  GPS유효:1
18:00:06  위도:37.496479
18:00:06  경도:126.958023
18:00:06  속도:0.324
18:00:06  방향:167.4
18:00:06  GPS원시속도:0.252
18:00:06  GPS원시방향유효:1
18:00:06  GPS원시방향:167.4
18:00:06  가속도:2.289,4.530,5.851
18:00:06  자이로:-11.328,26.565,-16.763
18:00:06  자력계:-31.200,61.950,10.050
18:00:06  송신:7625
18:00:06  GPS위성:7
18:00:06  GPS_HDOP:1.26
18:00:06  원시위도:37.496480
18:00:06  원시경도:126.958025
18:00:06  GPS채택:1451
18:00:06  GPS이상치거부:0
18:00:06  GPS품질거부:1
18:00:06  GPS재기준:0
18:00:06  RSSI원시:-78
18:00:06  RSSI평활:-74.9
18:00:06  RSSI샘플:14423
18:00:06  RSSI경과ms:47
18:00:06  차량수신:7083
18:00:06  시각ms:780418
18:00:06  IMU시각ms:780418
18:00:06  위험:0
18:00:06  GPS유효:1
18:00:06  위도:37.496479
18:00:06  경도:126.958023
18:00:06  속도:0.324
18:00:06  방향:167.4
18:00:06  GPS원시속도:0.252
18:00:06  GPS원시방향유효:1
18:00:06  GPS원시방향:167.4
18:00:06  가속도:2.591,5.033,5.823
18:00:06  자이로:-6.611,20.779,-16.191
18:00:06  자력계:-30.450,61.950,10.350
18:00:06  송신:7625
18:00:06  GPS위성:7
18:00:06  GPS_HDOP:1.26
18:00:06  원시위도:37.496480
18:00:06  원시경도:126.958025
18:00:06  GPS채택:1451
18:00:06  GPS이상치거부:0
18:00:06  GPS품질거부:1
18:00:06  GPS재기준:0
18:00:06  RSSI원시:-78
18:00:06  RSSI평활:-74.9
18:00:06  RSSI샘플:14423
18:00:06  RSSI경과ms:69
18:00:06  차량수신:7083
18:00:06  시각ms:780451
18:00:06  IMU시각ms:780451
18:00:06  위험:0
18:00:06  GPS유효:1
18:00:06  위도:37.496479
18:00:06  경도:126.958023
18:00:06  속도:0.324
18:00:06  방향:167.4
18:00:06  GPS원시속도:0.252
18:00:06  GPS원시방향유효:1
18:00:06  GPS원시방향:167.4
18:00:06  가속도:2.787,5.674,5.061
18:00:06  자이로:-3.931,2.290,-22.557
18:00:06  자력계:-30.450,61.950,12.600
18:00:06  송신:7626
18:00:06  GPS위성:7
18:00:06  GPS_HDOP:1.26
18:00:06  원시위도:37.496480
18:00:06  원시경도:126.958025
18:00:06  GPS채택:1451
18:00:06  GPS이상치거부:0
18:00:06  GPS품질거부:1
18:00:06  GPS재기준:0
18:00:06  RSSI원시:-77
18:00:06  RSSI평활:-75.8
18:00:06  RSSI샘플:14425
18:00:06  RSSI경과ms:2
18:00:06  차량수신:7084
18:00:06  시각ms:780473
18:00:06  IMU시각ms:780473
18:00:06  위험:0
18:00:06  GPS유효:1
18:00:06  위도:37.496479
18:00:06  경도:126.958023
18:00:06  속도:0.324
18:00:06  방향:167.4
18:00:06  GPS원시속도:0.252
18:00:06  GPS원시방향유효:1
18:00:06  GPS원시방향:167.4
18:00:06  가속도:3.917,4.707,5.148
18:00:06  자이로:-13.382,-15.634,-17.374
18:00:06  자력계:-28.950,62.400,11.850
18:00:06  송신:7626
18:00:06  GPS위성:7
18:00:06  GPS_HDOP:1.26
18:00:06  원시위도:37.496480
18:00:06  원시경도:126.958025
18:00:06  GPS채택:1451
18:00:06  GPS이상치거부:0
18:00:06  GPS품질거부:1
18:00:06  GPS재기준:0
18:00:06  RSSI원시:-77
18:00:06  RSSI평활:-75.8
18:00:06  RSSI샘플:14425
18:00:06  RSSI경과ms:24
18:00:06  차량수신:7084
18:00:06  시각ms:780495
18:00:06  IMU시각ms:780495
18:00:06  위험:0
18:00:06  GPS유효:1
18:00:06  위도:37.496479
18:00:06  경도:126.958023
18:00:06  속도:0.324
18:00:06  방향:167.4
18:00:06  GPS원시속도:0.252
18:00:06  GPS원시방향유효:1
18:00:06  GPS원시방향:167.4
18:00:06  가속도:3.677,5.310,4.697
18:00:06  자이로:-16.908,-26.664,-12.840
18:00:06  자력계:-28.950,60.450,12.600
18:00:06  송신:7626
18:00:06  GPS위성:7
18:00:06  GPS_HDOP:1.26
18:00:06  원시위도:37.496480
18:00:06  원시경도:126.958025
18:00:06  GPS채택:1451
18:00:06  GPS이상치거부:0
18:00:06  GPS품질거부:1
18:00:06  GPS재기준:0
18:00:06  RSSI원시:-77
18:00:06  RSSI평활:-75.8
18:00:06  RSSI샘플:14425
18:00:06  RSSI경과ms:46
18:00:06  차량수신:7084
18:00:06  시각ms:780517
18:00:06  IMU시각ms:780517
18:00:06  위험:0
18:00:06  GPS유효:1
18:00:06  위도:37.496479
18:00:06  경도:126.958023
18:00:06  속도:0.324
18:00:06  방향:167.4
18:00:06  GPS원시속도:0.252
18:00:06  GPS원시방향유효:1
18:00:06  GPS원시방향:167.4
18:00:06  가속도:4.132,5.669,5.253
18:00:06  자이로:-13.130,-32.176,-7.870
18:00:06  자력계:-28.800,61.500,12.000
18:00:06  송신:7626
18:00:06  GPS위성:7
18:00:06  GPS_HDOP:1.26
18:00:06  원시위도:37.496480
18:00:06  원시경도:126.958025
18:00:06  GPS채택:1451
18:00:06  GPS이상치거부:0
18:00:06  GPS품질거부:1
18:00:06  GPS재기준:0
18:00:06  RSSI원시:-77
18:00:06  RSSI평활:-75.8
18:00:06  RSSI샘플:14425
18:00:06  RSSI경과ms:68
18:00:06  차량수신:7084
18:00:06  시각ms:780551
18:00:06  IMU시각ms:780539
18:00:06  위험:0
18:00:06  GPS유효:1
18:00:06  위도:37.496479
18:00:06  경도:126.958023
18:00:06  속도:0.324
18:00:06  방향:167.4
18:00:06  GPS원시속도:0.252
18:00:06  GPS원시방향유효:1
18:00:06  GPS원시방향:167.4
18:00:06  가속도:4.946,5.574,4.329
18:00:06  자이로:-6.397,-24.427,-7.710
18:00:06  자력계:-29.250,60.300,11.700
18:00:06  송신:7627
18:00:06  GPS위성:7
18:00:06  GPS_HDOP:1.26
18:00:06  원시위도:37.496480
18:00:06  원시경도:126.958025
18:00:06  GPS채택:1451
18:00:06  GPS이상치거부:0
18:00:06  GPS품질거부:1
18:00:06  GPS재기준:0
18:00:06  RSSI원시:-77
18:00:06  RSSI평활:-75.8
18:00:06  RSSI샘플:14425
18:00:06  RSSI경과ms:102
18:00:06  차량수신:7084
18:00:06  시각ms:780565
18:00:06  IMU시각ms:780565
18:00:06  위험:0
18:00:06  GPS유효:1
18:00:06  위도:37.496479
18:00:06  경도:126.958023
18:00:06  속도:0.324
18:00:06  방향:167.4
18:00:06  GPS원시속도:0.252
18:00:06  GPS원시방향유효:1
18:00:06  GPS원시방향:167.4
18:00:06  가속도:5.516,6.019,4.214
18:00:06  자이로:9.718,-26.885,-0.817
18:00:06  자력계:-30.300,60.600,11.700
18:00:06  송신:7627
18:00:06  GPS위성:7
18:00:06  GPS_HDOP:1.26
18:00:06  원시위도:37.496480
18:00:06  원시경도:126.958025
18:00:06  GPS채택:1451
18:00:06  GPS이상치거부:0
18:00:06  GPS품질거부:1
18:00:06  GPS재기준:0
18:00:06  RSSI원시:-66
18:00:06  RSSI평활:-72.3
18:00:06  RSSI샘플:14427
18:00:06  RSSI경과ms:9
18:00:06  차량수신:7085
18:00:06  시각ms:780587
18:00:06  IMU시각ms:780587
18:00:06  위험:0
18:00:06  GPS유효:1
18:00:06  위도:37.496479
18:00:06  경도:126.958023
18:00:06  속도:0.324
18:00:06  방향:167.4
18:00:06  GPS원시속도:0.252
18:00:06  GPS원시방향유효:1
18:00:06  GPS원시방향:167.4
18:00:06  가속도:6.431,7.005,5.899
18:00:06  자이로:21.069,-33.008,-0.031
18:00:06  자력계:-29.700,59.250,10.350
18:00:06  송신:7627
18:00:06  GPS위성:7
18:00:06  GPS_HDOP:1.26
18:00:06  원시위도:37.496480
18:00:06  원시경도:126.958025
18:00:06  GPS채택:1451
18:00:06  GPS이상치거부:0
18:00:06  GPS품질거부:1
18:00:06  GPS재기준:0
18:00:06  RSSI원시:-66
18:00:06  RSSI평활:-72.3
18:00:06  RSSI샘플:14427
18:00:06  RSSI경과ms:31
18:00:06  차량수신:7085
18:00:06  시각ms:780609
18:00:06  IMU시각ms:780609
18:00:06  위험:0
18:00:06  GPS유효:1
18:00:06  위도:37.496479
18:00:06  경도:126.958023
18:00:06  속도:0.324
18:00:06  방향:167.4
18:00:06  GPS원시속도:0.252
18:00:06  GPS원시방향유효:1
18:00:06  GPS원시방향:167.4
18:00:06  가속도:7.594,7.657,8.035
18:00:06  자이로:12.076,-41.710,3.008
18:00:06  자력계:-33.000,61.050,11.250
18:00:06  송신:7627
18:00:06  GPS위성:7
18:00:06  GPS_HDOP:1.26
18:00:06  원시위도:37.496480
18:00:06  원시경도:126.958025
18:00:06  GPS채택:1451
18:00:06  GPS이상치거부:0
18:00:06  GPS품질거부:1
18:00:06  GPS재기준:0
18:00:06  RSSI원시:-66
18:00:06  RSSI평활:-72.3
18:00:06  RSSI샘플:14427
18:00:06  RSSI경과ms:53
18:00:06  차량수신:7085
18:00:07  시각ms:780631
18:00:07  IMU시각ms:780631
18:00:07  위험:0
18:00:07  GPS유효:1
18:00:07  위도:37.496479
18:00:07  경도:126.958023
18:00:07  속도:0.324
18:00:07  방향:167.4
18:00:07  GPS원시속도:0.252
18:00:07  GPS원시방향유효:1
18:00:07  GPS원시방향:167.4
18:00:07  가속도:6.752,8.112,6.996
18:00:07  자이로:-11.198,-66.527,7.969
18:00:07  자력계:-32.700,58.950,13.200
18:00:07  송신:7627
18:00:07  GPS위성:7
18:00:07  GPS_HDOP:1.26
18:00:07  원시위도:37.496480
18:00:07  원시경도:126.958025
18:00:07  GPS채택:1451
18:00:07  GPS이상치거부:0
18:00:07  GPS품질거부:1
18:00:07  GPS재기준:0
18:00:07  RSSI원시:-66
18:00:07  RSSI평활:-72.3
18:00:07  RSSI샘플:14427
18:00:07  RSSI경과ms:75
18:00:07  차량수신:7085
18:00:07  시각ms:780659
18:00:07  IMU시각ms:780659
18:00:07  위험:0
18:00:07  GPS유효:1
18:00:07  위도:37.496479
18:00:07  경도:126.958023
18:00:07  속도:0.281
18:00:07  방향:167.4
18:00:07  GPS원시속도:0.201
18:00:07  GPS원시방향유효:1
18:00:07  GPS원시방향:167.4
18:00:07  가속도:-19.613,19.613,19.613
18:00:07  자이로:-250.137,-250.137,-26.618
18:00:07  자력계:-33.750,59.550,10.500
18:00:07  송신:7628
18:00:07  GPS위성:7
18:00:07  GPS_HDOP:1.26
18:00:07  원시위도:37.496478
18:00:07  원시경도:126.958020
18:00:07  GPS채택:1452
18:00:07  GPS이상치거부:0
18:00:07  GPS품질거부:1
18:00:07  GPS재기준:0
18:00:07  RSSI원시:-64
18:00:07  RSSI평활:-70.6
18:00:07  RSSI샘플:14428
18:00:07  RSSI경과ms:2
18:00:07  차량수신:7085
18:00:07  시각ms:780681
18:00:07  IMU시각ms:780681
18:00:07  위험:0
18:00:07  GPS유효:1
18:00:07  위도:37.496479
18:00:07  경도:126.958023
18:00:07  속도:0.281
18:00:07  방향:167.4
18:00:07  GPS원시속도:0.201
18:00:07  GPS원시방향유효:1
18:00:07  GPS원시방향:167.4
18:00:07  가속도:11.123,3.519,11.502
18:00:07  자이로:-166.344,-86.198,8.916
18:00:07  자력계:-35.700,59.700,12.600
18:00:07  송신:7628
18:00:07  GPS위성:7
18:00:07  GPS_HDOP:1.26
18:00:07  원시위도:37.496478
18:00:07  원시경도:126.958020
18:00:07  GPS채택:1452
18:00:07  GPS이상치거부:0
18:00:07  GPS품질거부:1
18:00:07  GPS재기준:0
18:00:07  RSSI원시:-64
18:00:07  RSSI평활:-69.3
18:00:07  RSSI샘플:14429
18:00:07  RSSI경과ms:21
18:00:07  차량수신:7086
18:00:07  시각ms:780703
18:00:07  IMU시각ms:780703
18:00:07  위험:0
18:00:07  GPS유효:1
18:00:07  위도:37.496479
18:00:07  경도:126.958023
18:00:07  속도:0.281
18:00:07  방향:167.4
18:00:07  GPS원시속도:0.201
18:00:07  GPS원시방향유효:1
18:00:07  GPS원시방향:167.4
18:00:07  가속도:9.888,2.749,4.664
18:00:07  자이로:-176.137,-24.321,4.481
18:00:07  자력계:-39.000,57.600,11.250
18:00:07  송신:7628
18:00:07  GPS위성:7
18:00:07  GPS_HDOP:1.26
18:00:07  원시위도:37.496478
18:00:07  원시경도:126.958020
18:00:07  GPS채택:1452
18:00:07  GPS이상치거부:0
18:00:07  GPS품질거부:1
18:00:07  GPS재기준:0
18:00:07  RSSI원시:-64
18:00:07  RSSI평활:-69.3
18:00:07  RSSI샘플:14429
18:00:07  RSSI경과ms:43
18:00:07  차량수신:7086
18:00:07  시각ms:780760
18:00:07  IMU시각ms:780760
18:00:07  위험:0
18:00:07  GPS유효:1
18:00:07  위도:37.496479
18:00:07  경도:126.958023
18:00:07  속도:0.281
18:00:07  방향:167.4
18:00:07  GPS원시속도:0.201
18:00:07  GPS원시방향유효:1
18:00:07  GPS원시방향:167.4
18:00:07  가속도:3.146,2.207,-0.287
18:00:07  자이로:-68.908,-39.397,6.374
18:00:07  자력계:-42.000,51.450,10.950
18:00:07  송신:7629
18:00:07  GPS위성:7
18:00:07  GPS_HDOP:1.26
18:00:07  원시위도:37.496478
18:00:07  원시경도:126.958020
18:00:07  GPS채택:1452
18:00:07  GPS이상치거부:0
18:00:07  GPS품질거부:1
18:00:07  GPS재기준:0
18:00:07  RSSI원시:-62
18:00:07  RSSI평활:-66.7
18:00:07  RSSI샘플:14431
18:00:07  RSSI경과ms:6
18:00:07  차량수신:7087
18:00:07  시각ms:780781
18:00:07  IMU시각ms:780781
18:00:07  위험:0
18:00:07  GPS유효:1
18:00:07  위도:37.496479
18:00:07  경도:126.958023
18:00:07  속도:0.253
18:00:07  방향:167.4
18:00:07  GPS원시속도:0.201
18:00:07  GPS원시방향유효:1
18:00:07  GPS원시방향:167.4
18:00:07  가속도:4.635,1.628,7.020
18:00:07  자이로:-34.260,9.282,-2.481
18:00:07  자력계:-42.000,50.250,10.200
18:00:07  송신:7629
18:00:07  GPS위성:7
18:00:07  GPS_HDOP:1.26
18:00:07  원시위도:37.496478
18:00:07  원시경도:126.958020
18:00:07  GPS채택:1453
18:00:07  GPS이상치거부:0
18:00:07  GPS품질거부:1
18:00:07  GPS재기준:0
18:00:07  RSSI원시:-62
18:00:07  RSSI평활:-66.7
18:00:07  RSSI샘플:14431
18:00:07  RSSI경과ms:27
18:00:07  차량수신:7087
18:00:07  시각ms:780803
18:00:07  IMU시각ms:780803
18:00:07  위험:0
18:00:07  GPS유효:1
18:00:07  위도:37.496479
18:00:07  경도:126.958023
18:00:07  속도:0.253
18:00:07  방향:167.4
18:00:07  GPS원시속도:0.201
18:00:07  GPS원시방향유효:1
18:00:07  GPS원시방향:167.4
18:00:07  가속도:3.496,3.108,6.397
18:00:07  자이로:-6.069,14.893,-1.885
18:00:07  자력계:-39.750,48.750,7.950
18:00:07  송신:7629
18:00:07  GPS위성:7
18:00:07  GPS_HDOP:1.26
18:00:07  원시위도:37.496478
18:00:07  원시경도:126.958020
18:00:07  GPS채택:1453
18:00:07  GPS이상치거부:0
18:00:07  GPS품질거부:1
18:00:07  GPS재기준:0
18:00:07  RSSI원시:-62
18:00:07  RSSI평활:-66.7
18:00:07  RSSI샘플:14431
18:00:07  RSSI경과ms:49
18:00:07  차량수신:7087
18:00:07  시각ms:780825
18:00:07  IMU시각ms:780825
18:00:07  위험:0
18:00:07  GPS유효:1
18:00:07  위도:37.496479
18:00:07  경도:126.958023
18:00:07  속도:0.253
18:00:07  방향:167.4
18:00:07  GPS원시속도:0.201
18:00:07  GPS원시방향유효:1
18:00:07  GPS원시방향:167.4
18:00:07  가속도:3.266,2.667,6.335
18:00:07  자이로:8.611,27.649,0.573
18:00:07  자력계:-42.000,49.200,9.000
18:00:07  송신:7629
18:00:07  GPS위성:7
18:00:07  GPS_HDOP:1.26
18:00:07  원시위도:37.496478
18:00:07  원시경도:126.958020
18:00:07  GPS채택:1453
18:00:07  GPS이상치거부:0
18:00:07  GPS품질거부:1
18:00:07  GPS재기준:0
18:00:07  RSSI원시:-62
18:00:07  RSSI평활:-66.7
18:00:07  RSSI샘플:14431
18:00:07  RSSI경과ms:71
18:00:07  차량수신:7087
18:00:07  시각ms:780860
18:00:07  IMU시각ms:780860
18:00:07  위험:0
18:00:07  GPS유효:1
18:00:07  위도:37.496479
18:00:07  경도:126.958023
18:00:07  속도:0.253
18:00:07  방향:167.4
18:00:07  GPS원시속도:0.201
18:00:07  GPS원시방향유효:1
18:00:07  GPS원시방향:167.4
18:00:07  가속도:3.381,3.390,5.708
18:00:07  자이로:3.313,19.137,-4.382
18:00:07  자력계:-41.250,48.750,10.950
18:00:07  송신:7630
18:00:07  GPS위성:7
18:00:07  GPS_HDOP:1.26
18:00:07  원시위도:37.496478
18:00:07  원시경도:126.958020
18:00:07  GPS채택:1453
18:00:07  GPS이상치거부:0
18:00:07  GPS품질거부:1
18:00:07  GPS재기준:0
18:00:07  RSSI원시:-63
18:00:07  RSSI평활:-65.5
18:00:07  RSSI샘플:14433
18:00:07  RSSI경과ms:2
18:00:07  차량수신:7088
18:00:07  시각ms:780882
18:00:07  IMU시각ms:780882
18:00:07  위험:0
18:00:07  GPS유효:1
18:00:07  위도:37.496479
18:00:07  경도:126.958023
18:00:07  속도:0.253
18:00:07  방향:167.4
18:00:07  GPS원시속도:0.201
18:00:07  GPS원시방향유효:1
18:00:07  GPS원시방향:167.4
18:00:07  가속도:4.286,3.668,6.177
18:00:07  자이로:-10.031,5.305,-6.229
18:00:07  자력계:-40.800,49.500,10.500
18:00:07  송신:7630
18:00:07  GPS위성:7
18:00:07  GPS_HDOP:1.26
18:00:07  원시위도:37.496478
18:00:07  원시경도:126.958020
18:00:07  GPS채택:1453
18:00:07  GPS이상치거부:0
18:00:07  GPS품질거부:1
18:00:07  GPS재기준:0
18:00:07  RSSI원시:-63
18:00:07  RSSI평활:-65.5
18:00:07  RSSI샘플:14433
18:00:07  RSSI경과ms:24
18:00:07  차량수신:7088
18:00:07  시각ms:780904
18:00:07  IMU시각ms:780904
18:00:07  위험:0
18:00:07  GPS유효:1
18:00:07  위도:37.496479
18:00:07  경도:126.958023
18:00:07  속도:0.253
18:00:07  방향:167.4
18:00:07  GPS원시속도:0.201
18:00:07  GPS원시방향유효:1
18:00:07  GPS원시방향:167.4
18:00:07  가속도:5.674,3.788,6.306
18:00:07  자이로:-18.351,-6.282,-5.718
18:00:07  자력계:-38.700,48.600,11.850
18:00:07  송신:7630
18:00:07  GPS위성:7
18:00:07  GPS_HDOP:1.26
18:00:07  원시위도:37.496478
18:00:07  원시경도:126.958020
18:00:07  GPS채택:1453
18:00:07  GPS이상치거부:0
18:00:07  GPS품질거부:1
18:00:07  GPS재기준:0
18:00:07  RSSI원시:-63
18:00:07  RSSI평활:-65.5
18:00:07  RSSI샘플:14433
18:00:07  RSSI경과ms:46
18:00:07  차량수신:7088
18:00:07  시각ms:780926
18:00:07  IMU시각ms:780926
18:00:07  위험:0
18:00:07  GPS유효:1
18:00:07  위도:37.496479
18:00:07  경도:126.958023
18:00:07  속도:0.253
18:00:07  방향:167.4
18:00:07  GPS원시속도:0.201
18:00:07  GPS원시방향유효:1
18:00:07  GPS원시방향:167.4
18:00:07  가속도:5.574,3.467,4.803
18:00:07  자이로:-22.260,-16.031,-8.046
18:00:07  자력계:-37.800,48.750,9.750
18:00:07  송신:7630
18:00:07  GPS위성:7
18:00:07  GPS_HDOP:1.26
18:00:07  원시위도:37.496478
18:00:07  원시경도:126.958020
18:00:07  GPS채택:1453
18:00:07  GPS이상치거부:0
18:00:07  GPS품질거부:1
18:00:07  GPS재기준:0
18:00:07  RSSI원시:-63
18:00:07  RSSI평활:-65.5
18:00:07  RSSI샘플:14433
18:00:07  RSSI경과ms:68
18:00:07  차량수신:7088
18:00:07  시각ms:780961
18:00:07  IMU시각ms:780961
18:00:07  위험:0
18:00:07  GPS유효:1
18:00:07  위도:37.496479
18:00:07  경도:126.958023
18:00:07  속도:0.253
18:00:07  방향:167.4
18:00:07  GPS원시속도:0.201
18:00:07  GPS원시방향유효:1
18:00:07  GPS원시방향:167.4
18:00:07  가속도:5.952,3.735,4.118
18:00:07  자이로:-5.260,-5.962,-13.924
18:00:07  자력계:-40.950,48.900,11.400
18:00:07  송신:7631
18:00:07  GPS위성:7
18:00:07  GPS_HDOP:1.26
18:00:07  원시위도:37.496478
18:00:07  원시경도:126.958020
18:00:07  GPS채택:1453
18:00:07  GPS이상치거부:0
18:00:07  GPS품질거부:1
18:00:07  GPS재기준:0
18:00:07  RSSI원시:-64
18:00:07  RSSI평활:-65.2
18:00:07  RSSI샘플:14434
18:00:07  RSSI경과ms:14
18:00:07  차량수신:7088
18:00:07  시각ms:780982
18:00:07  IMU시각ms:780982
18:00:07  위험:0
18:00:07  GPS유효:1
18:00:07  위도:37.496479
18:00:07  경도:126.958023
18:00:07  속도:0.253
18:00:07  방향:167.4
18:00:07  GPS원시속도:0.201
18:00:07  GPS원시방향유효:1
18:00:07  GPS원시방향:167.4
18:00:07  가속도:6.249,4.391,3.677
18:00:07  자이로:16.305,2.641,-11.466
18:00:07  자력계:-39.300,48.000,10.950
18:00:07  송신:7631
18:00:07  GPS위성:7
18:00:07  GPS_HDOP:1.26
18:00:07  원시위도:37.496478
18:00:07  원시경도:126.958020
18:00:07  GPS채택:1453
18:00:07  GPS이상치거부:0
18:00:07  GPS품질거부:1
18:00:07  GPS재기준:0
18:00:07  RSSI원시:-64
18:00:07  RSSI평활:-65.0
18:00:07  RSSI샘플:14435
18:00:07  RSSI경과ms:19
18:00:07  차량수신:7089
18:00:07  시각ms:781004
18:00:07  IMU시각ms:781004
18:00:07  위험:0
18:00:07  GPS유효:1
18:00:07  위도:37.496479
18:00:07  경도:126.958023
18:00:07  속도:0.253
18:00:07  방향:167.4
18:00:07  GPS원시속도:0.201
18:00:07  GPS원시방향유효:1
18:00:07  GPS원시방향:167.4
18:00:07  가속도:6.685,4.808,4.377
18:00:07  자이로:38.015,10.939,-10.908
18:00:07  자력계:-38.700,47.400,11.100
18:00:07  송신:7631
18:00:07  GPS위성:7
18:00:07  GPS_HDOP:1.26
18:00:07  원시위도:37.496478
18:00:07  원시경도:126.958020
18:00:07  GPS채택:1453
18:00:07  GPS이상치거부:0
18:00:07  GPS품질거부:1
18:00:07  GPS재기준:0
18:00:07  RSSI원시:-64
18:00:07  RSSI평활:-65.0
18:00:07  RSSI샘플:14435
18:00:07  RSSI경과ms:41
18:00:07  차량수신:7089
18:00:07  시각ms:781026
18:00:07  IMU시각ms:781026
18:00:07  위험:0
18:00:07  GPS유효:1
18:00:07  위도:37.496479
18:00:07  경도:126.958023
18:00:07  속도:0.253
18:00:07  방향:167.4
18:00:07  GPS원시속도:0.201
18:00:07  GPS원시방향유효:1
18:00:07  GPS원시방향:167.4
18:00:07  가속도:7.657,5.732,5.923
18:00:07  자이로:53.298,7.496,-11.786
18:00:07  자력계:-37.800,50.250,10.500
18:00:07  송신:7631
18:00:07  GPS위성:7
18:00:07  GPS_HDOP:1.26
18:00:07  원시위도:37.496478
18:00:07  원시경도:126.958020
18:00:07  GPS채택:1453
18:00:07  GPS이상치거부:0
18:00:07  GPS품질거부:1
18:00:07  GPS재기준:0
18:00:07  RSSI원시:-64
18:00:07  RSSI평활:-65.0
18:00:07  RSSI샘플:14435
18:00:07  RSSI경과ms:63
18:00:07  차량수신:7089
18:00:07  시각ms:781061
18:00:07  IMU시각ms:781061
18:00:07  위험:0
18:00:07  GPS유효:1
18:00:07  위도:37.496479
18:00:07  경도:126.958023
18:00:07  속도:0.253
18:00:07  방향:167.4
18:00:07  GPS원시속도:0.201
18:00:07  GPS원시방향유효:1
18:00:07  GPS원시방향:167.4
18:00:07  가속도:8.083,7.029,7.992
18:00:07  자이로:34.786,-16.351,-6.107
18:00:07  자력계:-40.050,49.950,12.000
18:00:07  송신:7632
18:00:07  GPS위성:7
18:00:07  GPS_HDOP:1.26
18:00:07  원시위도:37.496478
18:00:07  원시경도:126.958020
18:00:07  GPS채택:1453
18:00:07  GPS이상치거부:0
18:00:07  GPS품질거부:1
18:00:07  GPS재기준:0
18:00:07  RSSI원시:-62
18:00:07  RSSI평활:-63.9
18:00:07  RSSI샘플:14437
18:00:07  RSSI경과ms:3
18:00:07  차량수신:7090
18:00:07  시각ms:781083
18:00:07  IMU시각ms:781083
18:00:07  위험:0
18:00:07  GPS유효:1
18:00:07  위도:37.496479
18:00:07  경도:126.958023
18:00:07  속도:0.253
18:00:07  방향:167.4
18:00:07  GPS원시속도:0.201
18:00:07  GPS원시방향유효:1
18:00:07  GPS원시방향:167.4
18:00:07  가속도:19.613,-0.565,8.921
18:00:07  자이로:64.031,-93.305,8.183
18:00:07  자력계:-38.550,50.250,12.300
18:00:07  송신:7632
18:00:07  GPS위성:7
18:00:07  GPS_HDOP:1.26
18:00:07  원시위도:37.496478
18:00:07  원시경도:126.958020
18:00:07  GPS채택:1453
18:00:07  GPS이상치거부:0
18:00:07  GPS품질거부:1
18:00:07  GPS재기준:0
18:00:07  RSSI원시:-62
18:00:07  RSSI평활:-63.9
18:00:07  RSSI샘플:14437
18:00:07  RSSI경과ms:25
18:00:07  차량수신:7090
18:00:07  시각ms:781105
18:00:07  IMU시각ms:781105
18:00:07  위험:0
18:00:07  GPS유효:1
18:00:07  위도:37.496479
18:00:07  경도:126.958023
18:00:07  속도:0.253
18:00:07  방향:167.4
18:00:07  GPS원시속도:0.201
18:00:07  GPS원시방향유효:1
18:00:07  GPS원시방향:167.4
18:00:07  가속도:7.863,3.031,12.828
18:00:07  자이로:-104.786,-42.870,13.252
18:00:07  자력계:-39.150,53.550,11.850
18:00:07  송신:7632
18:00:07  GPS위성:7
18:00:07  GPS_HDOP:1.26
18:00:07  원시위도:37.496478
18:00:07  원시경도:126.958020
18:00:07  GPS채택:1453
18:00:07  GPS이상치거부:0
18:00:07  GPS품질거부:1
18:00:07  GPS재기준:0
18:00:07  RSSI원시:-62
18:00:07  RSSI평활:-63.9
18:00:07  RSSI샘플:14437
18:00:07  RSSI경과ms:47
18:00:07  차량수신:7090
18:00:07  시각ms:781127
18:00:07  IMU시각ms:781127
18:00:07  위험:0
18:00:07  GPS유효:1
18:00:07  위도:37.496479
18:00:07  경도:126.958023
18:00:07  속도:0.253
18:00:07  방향:167.4
18:00:07  GPS원시속도:0.201
18:00:07  GPS원시방향유효:1
18:00:07  GPS원시방향:167.4
18:00:07  가속도:8.533,2.322,-0.986
18:00:07  자이로:-100.824,7.000,7.038
18:00:07  자력계:-42.000,50.250,12.750
18:00:07  송신:7632
18:00:07  GPS위성:7
18:00:07  GPS_HDOP:1.26
18:00:07  원시위도:37.496478
18:00:07  원시경도:126.958020
18:00:07  GPS채택:1453
18:00:07  GPS이상치거부:0
18:00:07  GPS품질거부:1
18:00:07  GPS재기준:0
18:00:07  RSSI원시:-62
18:00:07  RSSI평활:-63.9
18:00:07  RSSI샘플:14437
18:00:07  RSSI경과ms:69
18:00:07  차량수신:7090
18:00:07  시각ms:781161
18:00:07  IMU시각ms:781161
18:00:07  위험:0
18:00:07  GPS유효:1
18:00:07  위도:37.496479
18:00:07  경도:126.958023
18:00:07  속도:0.253
18:00:07  방향:167.4
18:00:07  GPS원시속도:0.201
18:00:07  GPS원시방향유효:1
18:00:07  GPS원시방향:167.4
18:00:07  가속도:7.192,5.100,14.653
18:00:07  자이로:-38.611,6.748,-1.107
18:00:07  자력계:-41.250,47.550,11.250
18:00:07  송신:7633
18:00:07  GPS위성:7
18:00:07  GPS_HDOP:1.26
18:00:07  원시위도:37.496478
18:00:07  원시경도:126.958020
18:00:07  GPS채택:1453
18:00:07  GPS이상치거부:0
18:00:07  GPS품질거부:1
18:00:07  GPS재기준:0
18:00:07  RSSI원시:-61
18:00:07  RSSI평활:-63.0
18:00:07  RSSI샘플:14439
18:00:07  RSSI경과ms:2
18:00:07  차량수신:7091
18:00:07  시각ms:781183
18:00:07  IMU시각ms:781183
18:00:07  위험:0
18:00:07  GPS유효:1
18:00:07  위도:37.496479
18:00:07  경도:126.958023
18:00:07  속도:0.253
18:00:07  방향:167.4
18:00:07  GPS원시속도:0.201
18:00:07  GPS원시방향유효:1
18:00:07  GPS원시방향:167.4
18:00:07  가속도:6.871,2.792,5.986
18:00:07  자이로:-28.611,-3.328,6.328
18:00:07  자력계:-41.400,47.850,12.600
18:00:07  송신:7633
18:00:07  GPS위성:7
18:00:07  GPS_HDOP:1.26
18:00:07  원시위도:37.496478
18:00:07  원시경도:126.958020
18:00:07  GPS채택:1453
18:00:07  GPS이상치거부:0
18:00:07  GPS품질거부:1
18:00:07  GPS재기준:0
18:00:07  RSSI원시:-61
18:00:07  RSSI평활:-63.0
18:00:07  RSSI샘플:14439
18:00:07  RSSI경과ms:24
18:00:07  차량수신:7091
18:00:07  시각ms:781205
18:00:07  IMU시각ms:781205
18:00:07  위험:0
18:00:07  GPS유효:1
18:00:07  위도:37.496479
18:00:07  경도:126.958023
18:00:07  속도:0.253
18:00:07  방향:167.4
18:00:07  GPS원시속도:0.201
18:00:07  GPS원시방향유효:1
18:00:07  GPS원시방향:167.4
18:00:07  가속도:5.042,2.054,7.087
18:00:07  자이로:-17.252,24.611,-2.359
18:00:07  자력계:-40.200,44.250,9.600
18:00:07  송신:7633
18:00:07  GPS위성:7
18:00:07  GPS_HDOP:1.26
18:00:07  원시위도:37.496478
18:00:07  원시경도:126.958020
18:00:07  GPS채택:1453
18:00:07  GPS이상치거부:0
18:00:07  GPS품질거부:1
18:00:07  GPS재기준:0
18:00:07  RSSI원시:-61
18:00:07  RSSI평활:-63.0
18:00:07  RSSI샘플:14439
18:00:07  RSSI경과ms:46
18:00:07  차량수신:7091
18:00:07  시각ms:781227
18:00:07  IMU시각ms:781227
18:00:07  위험:0
18:00:07  GPS유효:1
18:00:07  위도:37.496479
18:00:07  경도:126.958023
18:00:07  속도:0.253
18:00:07  방향:167.4
18:00:07  GPS원시속도:0.201
18:00:07  GPS원시방향유효:1
18:00:07  GPS원시방향:167.4
18:00:07  가속도:3.285,3.352,6.709
18:00:07  자이로:-8.282,28.420,-5.015
18:00:07  자력계:-40.500,44.550,10.500
18:00:07  송신:7633
18:00:07  GPS위성:7
18:00:07  GPS_HDOP:1.26
18:00:07  원시위도:37.496478
18:00:07  원시경도:126.958020
18:00:07  GPS채택:1453
18:00:07  GPS이상치거부:0
18:00:07  GPS품질거부:1
18:00:07  GPS재기준:0
18:00:07  RSSI원시:-61
18:00:07  RSSI평활:-63.0
18:00:07  RSSI샘플:14439
18:00:07  RSSI경과ms:68
18:00:07  차량수신:7091
18:00:07  시각ms:781260
18:00:07  IMU시각ms:781260
18:00:07  위험:0
18:00:07  GPS유효:1
18:00:07  위도:37.496479
18:00:07  경도:126.958023
18:00:07  속도:0.253
18:00:07  방향:167.4
18:00:07  GPS원시속도:0.201
18:00:07  GPS원시방향유효:1
18:00:07  GPS원시방향:167.4
18:00:07  가속도:3.338,3.108,5.746
18:00:07  자이로:-14.939,27.534,-0.962
18:00:07  자력계:-40.950,45.900,10.650
18:00:07  송신:7634
18:00:07  GPS위성:7
18:00:07  GPS_HDOP:1.26
18:00:07  원시위도:37.496478
18:00:07  원시경도:126.958020
18:00:07  GPS채택:1453
18:00:07  GPS이상치거부:0
18:00:07  GPS품질거부:1
18:00:07  GPS재기준:0
18:00:07  RSSI원시:-62
18:00:07  RSSI평활:-62.8
18:00:07  RSSI샘플:14440
18:00:07  RSSI경과ms:11
18:00:07  차량수신:7091
18:00:07  시각ms:781282
18:00:07  IMU시각ms:781282
18:00:07  위험:0
18:00:07  GPS유효:1
18:00:07  위도:37.496479
18:00:07  경도:126.958023
18:00:07  속도:0.253
18:00:07  방향:167.4
18:00:07  GPS원시속도:0.201
18:00:07  GPS원시방향유효:1
18:00:07  GPS원시방향:167.4
18:00:07  가속도:3.591,2.830,4.745
18:00:07  자이로:-15.519,25.901,-3.977
18:00:07  자력계:-38.250,45.600,9.000
18:00:07  송신:7634
18:00:07  GPS위성:7
18:00:07  GPS_HDOP:1.26
18:00:07  원시위도:37.496478
18:00:07  원시경도:126.958020
18:00:07  GPS채택:1453
18:00:07  GPS이상치거부:0
18:00:07  GPS품질거부:1
18:00:07  GPS재기준:0
18:00:07  RSSI원시:-61
18:00:07  RSSI평활:-62.5
18:00:07  RSSI샘플:14441
18:00:07  RSSI경과ms:19
18:00:07  차량수신:7092
18:00:07  시각ms:781304
18:00:07  IMU시각ms:781304
18:00:07  위험:0
18:00:07  GPS유효:1
18:00:07  위도:37.496479
18:00:07  경도:126.958023
18:00:07  속도:0.253
18:00:07  방향:167.4
18:00:07  GPS원시속도:0.201
18:00:07  GPS원시방향유효:1
18:00:07  GPS원시방향:167.4
18:00:07  가속도:3.821,2.820,4.784
18:00:07  자이로:-8.053,24.908,-3.969
18:00:07  자력계:-38.250,44.100,11.700
18:00:07  송신:7634
18:00:07  GPS위성:7
18:00:07  GPS_HDOP:1.26
18:00:07  원시위도:37.496478
18:00:07  원시경도:126.958020
18:00:07  GPS채택:1453
18:00:07  GPS이상치거부:0
18:00:07  GPS품질거부:1
18:00:07  GPS재기준:0
18:00:07  RSSI원시:-61
18:00:07  RSSI평활:-62.5
18:00:07  RSSI샘플:14441
18:00:07  RSSI경과ms:41
18:00:07  차량수신:7092
18:00:07  시각ms:781326
18:00:07  IMU시각ms:781326
18:00:07  위험:0
18:00:07  GPS유효:1
18:00:07  위도:37.496479
18:00:07  경도:126.958023
18:00:07  속도:0.253
18:00:07  방향:167.4
18:00:07  GPS원시속도:0.201
18:00:07  GPS원시방향유효:1
18:00:07  GPS원시방향:167.4
18:00:07  가속도:3.864,3.156,4.329
18:00:07  자이로:-1.443,23.969,-3.855
18:00:07  자력계:-38.550,45.600,14.250
18:00:07  송신:7634
18:00:07  GPS위성:7
18:00:07  GPS_HDOP:1.26
18:00:07  원시위도:37.496478
18:00:07  원시경도:126.958020
18:00:07  GPS채택:1453
18:00:07  GPS이상치거부:0
18:00:07  GPS품질거부:1
18:00:07  GPS재기준:0
18:00:07  RSSI원시:-61
18:00:07  RSSI평활:-62.5
18:00:07  RSSI샘플:14441
18:00:07  RSSI경과ms:63
18:00:07  차량수신:7092
18:00:07  시각ms:781360
18:00:07  IMU시각ms:781348
18:00:07  위험:0
18:00:07  GPS유효:1
18:00:07  위도:37.496479
18:00:07  경도:126.958023
18:00:07  속도:0.253
18:00:07  방향:167.4
18:00:07  GPS원시속도:0.201
18:00:07  GPS원시방향유효:1
18:00:07  GPS원시방향:167.4
18:00:07  가속도:4.223,3.883,4.899
18:00:07  자이로:2.901,3.954,-7.740
18:00:07  자력계:-36.300,45.600,12.000
18:00:07  송신:7635
18:00:07  GPS위성:7
18:00:07  GPS_HDOP:1.26
18:00:07  원시위도:37.496478
18:00:07  원시경도:126.958020
18:00:07  GPS채택:1453
18:00:07  GPS이상치거부:0
18:00:07  GPS품질거부:1
18:00:07  GPS재기준:0
18:00:07  RSSI원시:-65
18:00:07  RSSI평활:-63.0
18:00:07  RSSI샘플:14442
18:00:07  RSSI경과ms:4
18:00:07  차량수신:7092
18:00:07  시각ms:781368
18:00:07  IMU시각ms:781368
18:00:07  위험:0
18:00:07  GPS유효:1
18:00:07  위도:37.496479
18:00:07  경도:126.958023
18:00:07  속도:0.253
18:00:07  방향:167.4
18:00:07  GPS원시속도:0.201
18:00:07  GPS원시방향유효:1
18:00:07  GPS원시방향:167.4
18:00:07  가속도:4.870,3.716,4.367
18:00:07  자이로:-3.794,-10.099,-6.672
18:00:07  자력계:-36.300,44.100,12.000
18:00:07  송신:7635
18:00:07  GPS위성:7
18:00:07  GPS_HDOP:1.26
18:00:07  원시위도:37.496478
18:00:07  원시경도:126.958020
18:00:07  GPS채택:1453
18:00:07  GPS이상치거부:0
18:00:07  GPS품질거부:1
18:00:07  GPS재기준:0
18:00:07  RSSI원시:-65
18:00:07  RSSI평활:-63.4
18:00:07  RSSI샘플:14443
18:00:07  RSSI경과ms:5
18:00:07  차량수신:7093
18:00:07  시각ms:781390
18:00:07  IMU시각ms:781390
18:00:07  위험:0
18:00:07  GPS유효:1
18:00:07  위도:37.496479
18:00:07  경도:126.958023
18:00:07  속도:0.253
18:00:07  방향:167.4
18:00:07  GPS원시속도:0.201
18:00:07  GPS원시방향유효:1
18:00:07  GPS원시방향:167.4
18:00:07  가속도:5.406,3.845,4.808
18:00:07  자이로:-6.977,-23.336,-5.458
18:00:07  자력계:-37.800,44.550,13.050
18:00:07  송신:7635
18:00:07  GPS위성:7
18:00:07  GPS_HDOP:1.26
18:00:07  원시위도:37.496478
18:00:07  원시경도:126.958020
18:00:07  GPS채택:1453
18:00:07  GPS이상치거부:0
18:00:07  GPS품질거부:1
18:00:07  GPS재기준:0
18:00:07  RSSI원시:-65
18:00:07  RSSI평활:-63.4
18:00:07  RSSI샘플:14443
18:00:07  RSSI경과ms:27
18:00:07  차량수신:7093
18:00:07  시각ms:781412
18:00:07  IMU시각ms:781412
18:00:07  위험:0
18:00:07  GPS유효:1
18:00:07  위도:37.496479
18:00:07  경도:126.958023
18:00:07  속도:0.253
18:00:07  방향:167.4
18:00:07  GPS원시속도:0.201
18:00:07  GPS원시방향유효:1
18:00:07  GPS원시방향:167.4
18:00:07  가속도:5.329,4.089,4.506
18:00:07  자이로:-5.053,-23.641,-2.863
18:00:07  자력계:-37.200,43.200,11.850
18:00:07  송신:7635
18:00:07  GPS위성:7
18:00:07  GPS_HDOP:1.26
18:00:07  원시위도:37.496478
18:00:07  원시경도:126.958020
18:00:07  GPS채택:1453
18:00:07  GPS이상치거부:0
18:00:07  GPS품질거부:1
18:00:07  GPS재기준:0
18:00:07  RSSI원시:-65
18:00:07  RSSI평활:-63.4
18:00:07  RSSI샘플:14443
18:00:07  RSSI경과ms:49
18:00:07  차량수신:7093
18:00:07  시각ms:781434
18:00:07  IMU시각ms:781434
18:00:07  위험:0
18:00:07  GPS유효:1
18:00:07  위도:37.496479
18:00:07  경도:126.958023
18:00:07  속도:0.253
18:00:07  방향:167.4
18:00:07  GPS원시속도:0.201
18:00:07  GPS원시방향유효:1
18:00:07  GPS원시방향:167.4
18:00:07  가속도:5.732,4.879,3.558
18:00:07  자이로:7.672,-18.534,-3.260
18:00:07  자력계:-37.050,43.050,12.000
18:00:07  송신:7635
18:00:07  GPS위성:7
18:00:07  GPS_HDOP:1.26
18:00:07  원시위도:37.496478
18:00:07  원시경도:126.958020
18:00:07  GPS채택:1453
18:00:07  GPS이상치거부:0
18:00:07  GPS품질거부:1
18:00:07  GPS재기준:0
18:00:07  RSSI원시:-65
18:00:07  RSSI평활:-63.4
18:00:07  RSSI샘플:14443
18:00:07  RSSI경과ms:71
18:00:07  차량수신:7093
18:00:07  시각ms:781467
18:00:07  IMU시각ms:781467
18:00:07  위험:0
18:00:07  GPS유효:1
18:00:07  위도:37.496479
18:00:07  경도:126.958023
18:00:08  속도:0.253
18:00:08  방향:167.4
18:00:08  GPS원시속도:0.201
18:00:08  GPS원시방향유효:1
18:00:08  GPS원시방향:167.4
18:00:08  가속도:9.108,6.440,4.865
18:00:08  자이로:38.198,-10.794,5.153
18:00:08  자력계:-36.900,43.500,13.650
18:00:08  송신:7636
18:00:08  GPS위성:7
18:00:08  GPS_HDOP:1.26
18:00:08  원시위도:37.496478
18:00:08  원시경도:126.958020
18:00:08  GPS채택:1453
18:00:08  GPS이상치거부:0
18:00:08  GPS품질거부:1
18:00:08  GPS재기준:0
18:00:08  RSSI원시:-64
18:00:08  RSSI평활:-63.6
18:00:08  RSSI샘플:14445
18:00:08  RSSI경과ms:3
18:00:08  차량수신:7094
18:00:08  시각ms:781489
18:00:08  IMU시각ms:781489
18:00:08  위험:0
18:00:08  GPS유효:1
18:00:08  위도:37.496479
18:00:08  경도:126.958023
18:00:08  속도:0.253
18:00:08  방향:167.4
18:00:08  GPS원시속도:0.201
18:00:08  GPS원시방향유효:1
18:00:08  GPS원시방향:167.4
18:00:08  가속도:10.041,7.015,7.039
18:00:08  자이로:29.290,-21.626,2.977
18:00:08  자력계:-38.400,45.150,12.900
18:00:08  송신:7636
18:00:08  GPS위성:7
18:00:08  GPS_HDOP:1.26
18:00:08  원시위도:37.496478
18:00:08  원시경도:126.958020
18:00:08  GPS채택:1453
18:00:08  GPS이상치거부:0
18:00:08  GPS품질거부:1
18:00:08  GPS재기준:0
18:00:08  RSSI원시:-64
18:00:08  RSSI평활:-63.6
18:00:08  RSSI샘플:14445
18:00:08  RSSI경과ms:25
18:00:08  차량수신:7094
18:00:08  시각ms:781511
18:00:08  IMU시각ms:781511
18:00:08  위험:0
18:00:08  GPS유효:1
18:00:08  위도:37.496479
18:00:08  경도:126.958023
18:00:08  속도:0.253
18:00:08  방향:167.4
18:00:08  GPS원시속도:0.201
18:00:08  GPS원시방향유효:1
18:00:08  GPS원시방향:167.4
18:00:08  가속도:13.384,9.826,9.936
18:00:08  자이로:5.214,-9.229,-1.107
18:00:08  자력계:-39.150,45.450,13.650
18:00:08  송신:7636
18:00:08  GPS위성:7
18:00:08  GPS_HDOP:1.26
18:00:08  원시위도:37.496478
18:00:08  원시경도:126.958020
18:00:08  GPS채택:1453
18:00:08  GPS이상치거부:0
18:00:08  GPS품질거부:1
18:00:08  GPS재기준:0
18:00:08  RSSI원시:-64
18:00:08  RSSI평활:-63.6
18:00:08  RSSI샘플:14445
18:00:08  RSSI경과ms:47
18:00:08  차량수신:7094
18:00:08  시각ms:781533
18:00:08  IMU시각ms:781533
18:00:08  위험:0
18:00:08  GPS유효:1
18:00:08  위도:37.496479
18:00:08  경도:126.958023
18:00:08  속도:0.253
18:00:08  방향:167.4
18:00:08  GPS원시속도:0.201
18:00:08  GPS원시방향유효:1
18:00:08  GPS원시방향:167.4
18:00:08  가속도:16.151,6.843,7.973
18:00:08  자이로:-14.573,-165.542,43.183
18:00:08  자력계:-39.900,46.650,12.600
18:00:08  송신:7636
18:00:08  GPS위성:7
18:00:08  GPS_HDOP:1.26
18:00:08  원시위도:37.496478
18:00:08  원시경도:126.958020
18:00:08  GPS채택:1453
18:00:08  GPS이상치거부:0
18:00:08  GPS품질거부:1
18:00:08  GPS재기준:0
18:00:08  RSSI원시:-64
18:00:08  RSSI평활:-63.6
18:00:08  RSSI샘플:14445
18:00:08  RSSI경과ms:69
18:00:08  차량수신:7094
18:00:08  시각ms:781675
18:00:08  IMU시각ms:781675
18:00:08  위험:0
18:00:08  GPS유효:1
18:00:08  위도:37.496479
18:00:08  경도:126.958015
18:00:08  속도:0.224
18:00:08  방향:167.4
18:00:08  GPS원시속도:0.170
18:00:08  GPS원시방향유효:1
18:00:08  GPS원시방향:167.4
18:00:08  가속도:5.780,4.324,4.008
18:00:08  자이로:-2.374,2.382,-3.252
18:00:08  자력계:-39.300,44.550,12.750
18:00:08  송신:7638
18:00:08  GPS위성:7
18:00:08  GPS_HDOP:1.26
18:00:08  원시위도:37.496478
18:00:08  원시경도:126.958015
18:00:08  GPS채택:1454
18:00:08  GPS이상치거부:0
18:00:08  GPS품질거부:1
18:00:08  GPS재기준:0
18:00:08  RSSI원시:-63
18:00:08  RSSI평활:-63.9
18:00:08  RSSI샘플:14449
18:00:08  RSSI경과ms:6
18:00:08  차량수신:7096
18:00:08  시각ms:781697
18:00:08  IMU시각ms:781697
18:00:08  위험:0
18:00:08  GPS유효:1
18:00:08  위도:37.496479
18:00:08  경도:126.958015
18:00:08  속도:0.224
18:00:08  방향:167.4
18:00:08  GPS원시속도:0.170
18:00:08  GPS원시방향유효:1
18:00:08  GPS원시방향:167.4
18:00:08  가속도:6.551,3.692,6.364
18:00:08  자이로:4.351,9.519,-2.847
18:00:08  자력계:-39.750,44.550,12.750
18:00:08  송신:7638
18:00:08  GPS위성:7
18:00:08  GPS_HDOP:1.26
18:00:08  원시위도:37.496478
18:00:08  원시경도:126.958015
18:00:08  GPS채택:1454
18:00:08  GPS이상치거부:0
18:00:08  GPS품질거부:1
18:00:08  GPS재기준:0
18:00:08  RSSI원시:-63
18:00:08  RSSI평활:-63.9
18:00:08  RSSI샘플:14449
18:00:08  RSSI경과ms:28
18:00:08  차량수신:7096
18:00:08  시각ms:781719
18:00:08  IMU시각ms:781719
18:00:08  위험:0
18:00:08  GPS유효:1
18:00:08  위도:37.496479
18:00:08  경도:126.958015
18:00:08  속도:0.224
18:00:08  방향:167.4
18:00:08  GPS원시속도:0.170
18:00:08  GPS원시방향유효:1
18:00:08  GPS원시방향:167.4
18:00:08  가속도:4.482,2.931,3.357
18:00:08  자이로:11.504,4.924,-0.863
18:00:08  자력계:-39.900,43.950,10.050
18:00:08  송신:7638
18:00:08  GPS위성:7
18:00:08  GPS_HDOP:1.26
18:00:08  원시위도:37.496478
18:00:08  원시경도:126.958015
18:00:08  GPS채택:1454
18:00:08  GPS이상치거부:0
18:00:08  GPS품질거부:1
18:00:08  GPS재기준:0
18:00:08  RSSI원시:-63
18:00:08  RSSI평활:-63.9
18:00:08  RSSI샘플:14449
18:00:08  RSSI경과ms:50
18:00:08  차량수신:7096
18:00:08  시각ms:781741
18:00:08  IMU시각ms:781741
18:00:08  위험:0
18:00:08  GPS유효:1
18:00:08  위도:37.496479
18:00:08  경도:126.958015
18:00:08  속도:0.224
18:00:08  방향:167.4
18:00:08  GPS원시속도:0.170
18:00:08  GPS원시방향유효:1
18:00:08  GPS원시방향:167.4
18:00:08  가속도:3.745,2.782,4.214
18:00:08  자이로:13.718,-3.489,-1.298
18:00:08  자력계:-42.150,45.900,11.400
18:00:08  송신:7638
18:00:08  GPS위성:7
18:00:08  GPS_HDOP:1.26
18:00:08  원시위도:37.496478
18:00:08  원시경도:126.958015
18:00:08  GPS채택:1454
18:00:08  GPS이상치거부:0
18:00:08  GPS품질거부:1
18:00:08  GPS재기준:0
18:00:08  RSSI원시:-63
18:00:08  RSSI평활:-63.9
18:00:08  RSSI샘플:14449
18:00:08  RSSI경과ms:72
18:00:08  차량수신:7096
18:00:08  시각ms:781776
18:00:08  IMU시각ms:781776
18:00:08  위험:0
18:00:08  GPS유효:1
18:00:08  위도:37.496479
18:00:08  경도:126.958015
18:00:08  속도:0.205
18:00:08  방향:167.4
18:00:08  GPS원시속도:0.170
18:00:08  GPS원시방향유효:1
18:00:08  GPS원시방향:167.4
18:00:08  가속도:2.782,2.342,5.425
18:00:08  자이로:16.489,-18.710,1.802
18:00:08  자력계:-40.050,45.600,12.750
18:00:08  송신:7639
18:00:08  GPS위성:7
18:00:08  GPS_HDOP:1.26
18:00:08  원시위도:37.496478
18:00:08  원시경도:126.958015
18:00:08  GPS채택:1455
18:00:08  GPS이상치거부:0
18:00:08  GPS품질거부:1
18:00:08  GPS재기준:0
18:00:08  RSSI원시:-62
18:00:08  RSSI평활:-63.2
18:00:08  RSSI샘플:14451
18:00:08  RSSI경과ms:8
18:00:08  차량수신:7097
18:00:08  시각ms:781920
18:00:08  IMU시각ms:781920
18:00:08  위험:0
18:00:08  GPS유효:1
18:00:08  위도:37.496479
18:00:08  경도:126.958015
18:00:08  속도:0.205
18:00:08  방향:167.4
18:00:08  GPS원시속도:0.170
18:00:08  GPS원시방향유효:1
18:00:08  GPS원시방향:167.4
18:00:08  가속도:10.027,4.199,9.098
18:00:08  자이로:-39.947,-9.244,-2.405
18:00:08  자력계:-36.300,53.700,13.500
18:00:08  송신:7640
18:00:08  GPS위성:7
18:00:08  GPS_HDOP:1.26
18:00:08  원시위도:37.496478
18:00:08  원시경도:126.958015
18:00:08  GPS채택:1455
18:00:08  GPS이상치거부:0
18:00:08  GPS품질거부:1
18:00:08  GPS재기준:0
18:00:08  RSSI원시:-62
18:00:08  RSSI평활:-62.8
18:00:08  RSSI샘플:14453
18:00:08  RSSI경과ms:47
18:00:08  차량수신:7098
18:00:08  시각ms:781942
18:00:08  IMU시각ms:781942
18:00:08  위험:0
18:00:08  GPS유효:1
18:00:08  위도:37.496479
18:00:08  경도:126.958015
18:00:08  속도:0.205
18:00:08  방향:167.4
18:00:08  GPS원시속도:0.170
18:00:08  GPS원시방향유효:1
18:00:08  GPS원시방향:167.4
18:00:08  가속도:3.764,7.326,3.156
18:00:08  자이로:-79.031,-61.969,-6.710
18:00:08  자력계:-37.500,53.700,13.800
18:00:08  송신:7640
18:00:08  GPS위성:7
18:00:08  GPS_HDOP:1.26
18:00:08  원시위도:37.496478
18:00:08  원시경도:126.958015
18:00:08  GPS채택:1455
18:00:08  GPS이상치거부:0
18:00:08  GPS품질거부:1
18:00:08  GPS재기준:0
18:00:08  RSSI원시:-62
18:00:08  RSSI평활:-62.8
18:00:08  RSSI샘플:14453
18:00:08  RSSI경과ms:69
18:00:08  차량수신:7098
18:00:08  시각ms:781977
18:00:08  IMU시각ms:781977
18:00:08  위험:0
18:00:08  GPS유효:1
18:00:08  위도:37.496479
18:00:08  경도:126.958015
18:00:08  속도:0.205
18:00:08  방향:167.4
18:00:08  GPS원시속도:0.170
18:00:08  GPS원시방향유효:1
18:00:08  GPS원시방향:167.4
18:00:08  가속도:4.736,4.860,6.469
18:00:08  자이로:-83.748,-57.855,-12.290
18:00:08  자력계:-38.550,51.000,13.050
18:00:08  송신:7641
18:00:08  GPS위성:7
18:00:08  GPS_HDOP:1.26
18:00:08  원시위도:37.496478
18:00:08  원시경도:126.958015
18:00:08  GPS채택:1455
18:00:08  GPS이상치거부:0
18:00:08  GPS품질거부:1
18:00:08  GPS재기준:0
18:00:08  RSSI원시:-61
18:00:08  RSSI평활:-62.3
18:00:08  RSSI샘플:14455
18:00:08  RSSI경과ms:1
18:00:08  차량수신:7099
18:00:08  시각ms:781998
18:00:08  IMU시각ms:781998
18:00:08  위험:0
18:00:08  GPS유효:1
18:00:08  위도:37.496479
18:00:08  경도:126.958015
18:00:08  속도:0.205
18:00:08  방향:167.4
18:00:08  GPS원시속도:0.170
18:00:08  GPS원시방향유효:1
18:00:08  GPS원시방향:167.4
18:00:08  가속도:3.903,4.592,3.926
18:00:08  자이로:-71.160,-32.290,-12.099
18:00:08  자력계:-39.300,47.550,12.300
18:00:08  송신:7641
18:00:08  GPS위성:7
18:00:08  GPS_HDOP:1.26
18:00:08  원시위도:37.496478
18:00:08  원시경도:126.958015
18:00:08  GPS채택:1455
18:00:08  GPS이상치거부:0
18:00:08  GPS품질거부:1
18:00:08  GPS재기준:0
18:00:08  RSSI원시:-61
18:00:08  RSSI평활:-62.3
18:00:08  RSSI샘플:14455
18:00:08  RSSI경과ms:22
18:00:08  차량수신:7099
18:00:08  시각ms:782020
18:00:08  IMU시각ms:782020
18:00:08  위험:0
18:00:08  GPS유효:1
18:00:08  위도:37.496479
18:00:08  경도:126.958015
18:00:08  속도:0.205
18:00:08  방향:167.4
18:00:08  GPS원시속도:0.170
18:00:08  GPS원시방향유효:1
18:00:08  GPS원시방향:167.4
18:00:08  가속도:4.051,4.966,4.401
18:00:08  자이로:-49.969,-13.969,-15.191
18:00:08  자력계:-40.950,47.850,11.850
18:00:08  송신:7641
18:00:08  GPS위성:7
18:00:08  GPS_HDOP:1.26
18:00:08  원시위도:37.496478
18:00:08  원시경도:126.958015
18:00:08  GPS채택:1455
18:00:08  GPS이상치거부:0
18:00:08  GPS품질거부:1
18:00:08  GPS재기준:0
18:00:08  RSSI원시:-61
18:00:08  RSSI평활:-62.3
18:00:08  RSSI샘플:14455
18:00:08  RSSI경과ms:44
18:00:08  차량수신:7099
18:00:08  시각ms:782042
18:00:08  IMU시각ms:782042
18:00:08  위험:0
18:00:08  GPS유효:1
18:00:08  위도:37.496479
18:00:08  경도:126.958015
18:00:08  속도:0.205
18:00:08  방향:167.4
18:00:08  GPS원시속도:0.170
18:00:08  GPS원시방향유효:1
18:00:08  GPS원시방향:167.4
18:00:08  가속도:5.382,4.171,4.726
18:00:08  자이로:-24.611,2.427,-12.153
18:00:08  자력계:-41.550,45.600,10.950
18:00:08  송신:7641
18:00:08  GPS위성:7
18:00:08  GPS_HDOP:1.26
18:00:08  원시위도:37.496478
18:00:08  원시경도:126.958015
18:00:08  GPS채택:1455
18:00:08  GPS이상치거부:0
18:00:08  GPS품질거부:1
18:00:08  GPS재기준:0
18:00:08  RSSI원시:-61
18:00:08  RSSI평활:-62.3
18:00:08  RSSI샘플:14455
18:00:08  RSSI경과ms:66
18:00:08  차량수신:7099
18:00:08  시각ms:782077
18:00:08  IMU시각ms:782077
18:00:08  위험:0
18:00:08  GPS유효:1
18:00:08  위도:37.496479
18:00:08  경도:126.958015
18:00:08  속도:0.205
18:00:08  방향:167.4
18:00:08  GPS원시속도:0.170
18:00:08  GPS원시방향유효:1
18:00:08  GPS원시방향:167.4
18:00:08  가속도:5.128,3.936,4.894
18:00:08  자이로:17.221,31.130,-16.198
18:00:08  자력계:-39.300,45.600,12.000
18:00:08  송신:7642
18:00:08  GPS위성:7
18:00:08  GPS_HDOP:1.26
18:00:08  원시위도:37.496478
18:00:08  원시경도:126.958015
18:00:08  GPS채택:1455
18:00:08  GPS이상치거부:0
18:00:08  GPS품질거부:1
18:00:08  GPS재기준:0
18:00:08  RSSI원시:-65
18:00:08  RSSI평활:-62.8
18:00:08  RSSI샘플:14456
18:00:08  RSSI경과ms:6
18:00:08  차량수신:7099
18:00:08  시각ms:782142
18:00:08  IMU시각ms:782142
18:00:08  위험:0
18:00:08  GPS유효:1
18:00:08  위도:37.496479
18:00:08  경도:126.958015
18:00:08  속도:0.205
18:00:08  방향:167.4
18:00:08  GPS원시속도:0.170
18:00:08  GPS원시방향유효:1
18:00:08  GPS원시방향:167.4
18:00:08  가속도:3.467,4.137,6.359
18:00:08  자이로:36.626,21.023,-10.878
18:00:08  자력계:-37.950,48.600,11.400
18:00:08  송신:7642
18:00:08  GPS위성:7
18:00:08  GPS_HDOP:1.26
18:00:08  원시위도:37.496478
18:00:08  원시경도:126.958015
18:00:08  GPS채택:1455
18:00:08  GPS이상치거부:0
18:00:08  GPS품질거부:1
18:00:08  GPS재기준:0
18:00:08  RSSI원시:-64
18:00:08  RSSI평활:-63.1
18:00:08  RSSI샘플:14457
18:00:08  RSSI경과ms:63
18:00:08  차량수신:7100
18:00:08  시각ms:782176
18:00:08  IMU시각ms:782176
18:00:08  위험:0
18:00:08  GPS유효:1
18:00:08  위도:37.496479
18:00:08  경도:126.958015
18:00:08  속도:0.205
18:00:08  방향:167.4
18:00:08  GPS원시속도:0.170
18:00:08  GPS원시방향유효:1
18:00:08  GPS원시방향:167.4
18:00:08  가속도:2.672,3.778,5.895
18:00:08  자이로:25.252,-11.969,-4.496
18:00:08  자력계:-37.650,48.150,14.400
18:00:08  송신:7643
18:00:08  GPS위성:7
18:00:08  GPS_HDOP:1.26
18:00:08  원시위도:37.496478
18:00:08  원시경도:126.958015
18:00:08  GPS채택:1455
18:00:08  GPS이상치거부:0
18:00:08  GPS품질거부:1
18:00:08  GPS재기준:0
18:00:08  RSSI원시:-66
18:00:08  RSSI평활:-64.0
18:00:08  RSSI샘플:14459
18:00:08  RSSI경과ms:3
18:00:08  차량수신:7101
18:00:08  시각ms:782198
18:00:08  IMU시각ms:782198
18:00:08  위험:0
18:00:08  GPS유효:1
18:00:08  위도:37.496479
18:00:08  경도:126.958015
18:00:08  속도:0.205
18:00:08  방향:167.4
18:00:08  GPS원시속도:0.170
18:00:08  GPS원시방향유효:1
18:00:08  GPS원시방향:167.4
18:00:08  가속도:2.830,3.730,5.938
18:00:08  자이로:23.008,-22.374,-3.000
18:00:08  자력계:-36.150,50.100,11.400
18:00:08  송신:7643
18:00:08  GPS위성:7
18:00:08  GPS_HDOP:1.26
18:00:08  원시위도:37.496478
18:00:08  원시경도:126.958015
18:00:08  GPS채택:1455
18:00:08  GPS이상치거부:0
18:00:08  GPS품질거부:1
18:00:08  GPS재기준:0
18:00:08  RSSI원시:-66
18:00:08  RSSI평활:-64.0
18:00:08  RSSI샘플:14459
18:00:08  RSSI경과ms:25
18:00:08  차량수신:7101
18:00:08  시각ms:782220
18:00:08  IMU시각ms:782220
18:00:08  위험:0
18:00:08  GPS유효:1
18:00:08  위도:37.496479
18:00:08  경도:126.958015
18:00:08  속도:0.205
18:00:08  방향:167.4
18:00:08  GPS원시속도:0.170
18:00:08  GPS원시방향유효:1
18:00:08  GPS원시방향:167.4
18:00:08  가속도:2.485,3.448,5.837
18:00:08  자이로:33.252,-31.229,1.466
18:00:08  자력계:-38.550,51.000,11.250
18:00:08  송신:7643
18:00:08  GPS위성:7
18:00:08  GPS_HDOP:1.26
18:00:08  원시위도:37.496478
18:00:08  원시경도:126.958015
18:00:08  GPS채택:1455
18:00:08  GPS이상치거부:0
18:00:08  GPS품질거부:1
18:00:08  GPS재기준:0
18:00:08  RSSI원시:-66
18:00:08  RSSI평활:-64.0
18:00:08  RSSI샘플:14459
18:00:08  RSSI경과ms:47
18:00:08  차량수신:7101
18:00:08  시각ms:782242
18:00:08  IMU시각ms:782242
18:00:08  위험:0
18:00:08  GPS유효:1
18:00:08  위도:37.496479
18:00:08  경도:126.958015
18:00:08  속도:0.205
18:00:08  방향:167.4
18:00:08  GPS원시속도:0.170
18:00:08  GPS원시방향유효:1
18:00:08  GPS원시방향:167.4
18:00:08  가속도:2.691,4.104,6.661
18:00:08  자이로:43.366,-35.626,9.107
18:00:08  자력계:-38.700,52.050,10.650
18:00:08  송신:7643
18:00:08  GPS위성:7
18:00:08  GPS_HDOP:1.26
18:00:08  원시위도:37.496478
18:00:08  원시경도:126.958015
18:00:08  GPS채택:1455
18:00:08  GPS이상치거부:0
18:00:08  GPS품질거부:1
18:00:08  GPS재기준:0
18:00:08  RSSI원시:-66
18:00:08  RSSI평활:-64.0
18:00:08  RSSI샘플:14459
18:00:08  RSSI경과ms:69
18:00:08  차량수신:7101
18:00:08  시각ms:782275
18:00:08  IMU시각ms:782275
18:00:08  위험:0
18:00:08  GPS유효:1
18:00:08  위도:37.496479
18:00:08  경도:126.958015
18:00:08  속도:0.205
18:00:08  방향:167.4
18:00:08  GPS원시속도:0.170
18:00:08  GPS원시방향유효:1
18:00:08  GPS원시방향:167.4
18:00:08  가속도:12.033,-15.380,19.613
18:00:08  자이로:-27.550,-250.137,168.374
18:00:08  자력계:-40.200,52.800,11.400
18:00:08  송신:7644
18:00:08  GPS위성:7
18:00:08  GPS_HDOP:1.26
18:00:08  원시위도:37.496478
18:00:08  원시경도:126.958015
18:00:08  GPS채택:1455
18:00:08  GPS이상치거부:0
18:00:08  GPS품질거부:1
18:00:08  GPS재기준:0
18:00:08  RSSI원시:-70
18:00:08  RSSI평활:-65.2
18:00:08  RSSI샘플:14460
18:00:08  RSSI경과ms:12
18:00:08  차량수신:7101
18:00:08  시각ms:782297
18:00:08  IMU시각ms:782297
18:00:08  위험:0
18:00:08  GPS유효:1
18:00:08  위도:37.496479
18:00:08  경도:126.958015
18:00:08  속도:0.205
18:00:08  방향:167.4
18:00:08  GPS원시속도:0.170
18:00:08  GPS원시방향유효:1
18:00:08  GPS원시방향:167.4
18:00:08  가속도:4.635,10.558,6.680
18:00:08  자이로:7.305,0.443,-5.168
18:00:08  자력계:-40.800,54.150,11.250
18:00:08  송신:7644
18:00:08  GPS위성:7
18:00:08  GPS_HDOP:1.26
18:00:08  원시위도:37.496478
18:00:08  원시경도:126.958015
18:00:08  GPS채택:1455
18:00:08  GPS이상치거부:0
18:00:08  GPS품질거부:1
18:00:08  GPS재기준:0
18:00:08  RSSI원시:-70
18:00:08  RSSI평활:-66.1
18:00:08  RSSI샘플:14461
18:00:08  RSSI경과ms:18
18:00:08  차량수신:7102
18:00:08  시각ms:782319
18:00:08  IMU시각ms:782319
18:00:08  위험:0
18:00:08  GPS유효:1
18:00:08  위도:37.496479
18:00:08  경도:126.958015
18:00:08  속도:0.205
18:00:08  방향:167.4
18:00:08  GPS원시속도:0.170
18:00:08  GPS원시방향유효:1
18:00:08  GPS원시방향:167.4
18:00:08  가속도:7.767,2.796,-0.402
18:00:08  자이로:-20.672,90.756,-0.015
18:00:08  자력계:-41.250,54.450,10.500
18:00:08  송신:7644
18:00:08  GPS위성:7
18:00:08  GPS_HDOP:1.26
18:00:08  원시위도:37.496478
18:00:08  원시경도:126.958015
18:00:08  GPS채택:1455
18:00:08  GPS이상치거부:0
18:00:08  GPS품질거부:1
18:00:08  GPS재기준:0
18:00:08  RSSI원시:-70
18:00:08  RSSI평활:-66.1
18:00:08  RSSI샘플:14461
18:00:08  RSSI경과ms:40
18:00:08  차량수신:7102
18:00:08  시각ms:782341
18:00:08  IMU시각ms:782341
18:00:08  위험:0
18:00:08  GPS유효:1
18:00:08  위도:37.496479
18:00:08  경도:126.958015
18:00:08  속도:0.205
18:00:08  방향:167.4
18:00:08  GPS원시속도:0.170
18:00:08  GPS원시방향유효:1
18:00:08  GPS원시방향:167.4
18:00:08  가속도:2.423,6.618,2.447
18:00:08  자이로:-37.634,10.626,8.229
18:00:08  자력계:-37.200,53.100,12.150
18:00:08  송신:7644
18:00:08  GPS위성:7
18:00:08  GPS_HDOP:1.26
18:00:08  원시위도:37.496478
18:00:08  원시경도:126.958015
18:00:08  GPS채택:1455
18:00:08  GPS이상치거부:0
18:00:08  GPS품질거부:1
18:00:08  GPS재기준:0
18:00:08  RSSI원시:-70
18:00:08  RSSI평활:-66.1
18:00:08  RSSI샘플:14461
18:00:08  RSSI경과ms:62
18:00:08  차량수신:7102
18:00:08  시각ms:782375
18:00:08  IMU시각ms:782363
18:00:08  위험:0
18:00:08  GPS유효:1
18:00:08  위도:37.496479
18:00:08  경도:126.958015
18:00:08  속도:0.205
18:00:08  방향:167.4
18:00:08  GPS원시속도:0.170
18:00:08  GPS원시방향유효:1
18:00:08  GPS원시방향:167.4
18:00:08  가속도:4.831,5.966,12.143
18:00:08  자이로:-1.290,14.977,-21.115
18:00:08  자력계:-38.250,54.450,13.500
18:00:08  송신:7645
18:00:08  GPS위성:7
18:00:08  GPS_HDOP:1.26
18:00:08  원시위도:37.496478
18:00:08  원시경도:126.958015
18:00:08  GPS채택:1455
18:00:08  GPS이상치거부:0
18:00:08  GPS품질거부:1
18:00:08  GPS재기준:0
18:00:08  RSSI원시:-72
18:00:08  RSSI평활:-67.3
18:00:08  RSSI샘플:14462
18:00:08  RSSI경과ms:4
18:00:08  차량수신:7102
18:00:08  시각ms:782383
18:00:08  IMU시각ms:782383
18:00:08  위험:0
18:00:08  GPS유효:1
18:00:08  위도:37.496479
18:00:08  경도:126.958015
18:00:08  속도:0.205
18:00:08  방향:167.4
18:00:08  GPS원시속도:0.170
18:00:08  GPS원시방향유효:1
18:00:08  GPS원시방향:167.4
18:00:08  가속도:2.126,7.269,8.035
18:00:08  자이로:-50.664,-27.511,-7.763
18:00:08  자력계:-37.950,55.800,12.900
18:00:08  송신:7645
18:00:08  GPS위성:7
18:00:08  GPS_HDOP:1.26
18:00:08  원시위도:37.496478
18:00:08  원시경도:126.958015
18:00:08  GPS채택:1455
18:00:08  GPS이상치거부:0
18:00:08  GPS품질거부:1
18:00:08  GPS재기준:0
18:00:08  RSSI원시:-72
18:00:08  RSSI평활:-68.2
18:00:08  RSSI샘플:14463
18:00:08  RSSI경과ms:6
18:00:08  차량수신:7103
18:00:08  시각ms:782405
18:00:08  IMU시각ms:782405
18:00:08  위험:0
18:00:08  GPS유효:1
18:00:08  위도:37.496479
18:00:08  경도:126.958015
18:00:08  속도:0.205
18:00:08  방향:167.4
18:00:08  GPS원시속도:0.170
18:00:08  GPS원시방향유효:1
18:00:08  GPS원시방향:167.4
18:00:08  가속도:3.007,4.453,3.491
18:00:08  자이로:-59.824,-12.122,-16.076
18:00:08  자력계:-39.750,52.650,10.950
18:00:08  송신:7645
18:00:08  GPS위성:7
18:00:08  GPS_HDOP:1.26
18:00:08  원시위도:37.496478
18:00:08  원시경도:126.958015
18:00:08  GPS채택:1455
18:00:08  GPS이상치거부:0
18:00:08  GPS품질거부:1
18:00:08  GPS재기준:0
18:00:08  RSSI원시:-72
18:00:08  RSSI평활:-68.2
18:00:08  RSSI샘플:14463
18:00:08  RSSI경과ms:28
18:00:08  차량수신:7103
18:00:08  시각ms:782427
18:00:08  IMU시각ms:782427
18:00:08  위험:0
18:00:08  GPS유효:1
18:00:08  위도:37.496479
18:00:08  경도:126.958015
18:00:08  속도:0.205
18:00:08  방향:167.4
18:00:08  GPS원시속도:0.170
18:00:08  GPS원시방향유효:1
18:00:08  GPS원시방향:167.4
18:00:08  가속도:3.017,4.827,5.540
18:00:08  자이로:-53.221,-11.802,-18.847
18:00:08  자력계:-38.550,51.450,12.000
18:00:08  송신:7645
18:00:08  GPS위성:7
18:00:08  GPS_HDOP:1.26
18:00:08  원시위도:37.496478
18:00:08  원시경도:126.958015
18:00:08  GPS채택:1455
18:00:08  GPS이상치거부:0
18:00:08  GPS품질거부:1
18:00:08  GPS재기준:0
18:00:08  RSSI원시:-72
18:00:08  RSSI평활:-68.2
18:00:08  RSSI샘플:14463
18:00:08  RSSI경과ms:50
18:00:08  차량수신:7103
18:00:08  시각ms:782449
18:00:08  IMU시각ms:782449
18:00:08  위험:0
18:00:08  GPS유효:1
18:00:08  위도:37.496479
18:00:08  경도:126.958015
18:00:08  속도:0.205
18:00:08  방향:167.4
18:00:08  GPS원시속도:0.170
18:00:08  GPS원시방향유효:1
18:00:08  GPS원시방향:167.4
18:00:08  가속도:2.289,4.525,5.741
18:00:08  자이로:-47.718,-6.069,-18.939
18:00:08  자력계:-37.500,51.750,11.700
18:00:08  송신:7645
18:00:08  GPS위성:7
18:00:08  GPS_HDOP:1.26
18:00:08  원시위도:37.496478
18:00:08  원시경도:126.958015
18:00:08  GPS채택:1455
18:00:08  GPS이상치거부:0
18:00:08  GPS품질거부:1
18:00:08  GPS재기준:0
18:00:08  RSSI원시:-72
18:00:08  RSSI평활:-68.2
18:00:08  RSSI샘플:14463
18:00:08  RSSI경과ms:72
18:00:08  차량수신:7103
18:00:08  시각ms:782482
18:00:08  IMU시각ms:782482
18:00:08  위험:0
18:00:08  GPS유효:1
18:00:08  위도:37.496479
18:00:08  경도:126.958015
18:00:08  속도:0.205
18:00:08  방향:167.4
18:00:08  GPS원시속도:0.170
18:00:08  GPS원시방향유효:1
18:00:08  GPS원시방향:167.4
18:00:08  가속도:2.385,3.563,3.395
18:00:08  자이로:-20.779,13.282,-18.481
18:00:08  자력계:-38.700,50.400,11.400
18:00:08  송신:7646
18:00:08  GPS위성:7
18:00:08  GPS_HDOP:1.26
18:00:08  원시위도:37.496478
18:00:08  원시경도:126.958015
18:00:08  GPS채택:1455
18:00:08  GPS이상치거부:0
18:00:08  GPS품질거부:1
18:00:08  GPS재기준:0
18:00:08  RSSI원시:-70
18:00:08  RSSI평활:-69.0
18:00:08  RSSI샘플:14465
18:00:08  RSSI경과ms:5
18:00:08  차량수신:7104
18:00:09  시각ms:782504
18:00:09  IMU시각ms:782504
18:00:09  위험:0
18:00:09  GPS유효:1
18:00:09  위도:37.496479
18:00:09  경도:126.958015
18:00:09  속도:0.205
18:00:09  방향:167.4
18:00:09  GPS원시속도:0.170
18:00:09  GPS원시방향유효:1
18:00:09  GPS원시방향:167.4
18:00:09  가속도:1.384,4.247,5.171
18:00:09  자이로:-2.931,23.183,-20.221
18:00:09  자력계:-36.150,50.100,13.950
18:00:09  송신:7646
18:00:09  GPS위성:7
18:00:09  GPS_HDOP:1.26
18:00:09  원시위도:37.496478
18:00:09  원시경도:126.958015
18:00:09  GPS채택:1455
18:00:09  GPS이상치거부:0
18:00:09  GPS품질거부:1
18:00:09  GPS재기준:0
18:00:09  RSSI원시:-70
18:00:09  RSSI평활:-69.0
18:00:09  RSSI샘플:14465
18:00:09  RSSI경과ms:27
18:00:09  차량수신:7104
18:00:09  시각ms:782526
18:00:09  IMU시각ms:782526
18:00:09  위험:0
18:00:09  GPS유효:1
18:00:09  위도:37.496479
18:00:09  경도:126.958015
18:00:09  속도:0.205
18:00:09  방향:167.4
18:00:09  GPS원시속도:0.170
18:00:09  GPS원시방향유효:1
18:00:09  GPS원시방향:167.4
18:00:09  가속도:2.351,3.960,5.272
18:00:09  자이로:15.389,33.305,-19.137
18:00:09  자력계:-36.750,48.750,13.800
18:00:09  송신:7646
18:00:09  GPS위성:7
18:00:09  GPS_HDOP:1.26
18:00:09  원시위도:37.496478
18:00:09  원시경도:126.958015
18:00:09  GPS채택:1455
18:00:09  GPS이상치거부:0
18:00:09  GPS품질거부:1
18:00:09  GPS재기준:0
18:00:09  RSSI원시:-70
18:00:09  RSSI평활:-69.0
18:00:09  RSSI샘플:14465
18:00:09  RSSI경과ms:49
18:00:09  차량수신:7104
18:00:09  시각ms:782548
18:00:09  IMU시각ms:782548
18:00:09  위험:0
18:00:09  GPS유효:1
18:00:09  위도:37.496479
18:00:09  경도:126.958015
18:00:09  속도:0.205
18:00:09  방향:167.4
18:00:09  GPS원시속도:0.170
18:00:09  GPS원시방향유효:1
18:00:09  GPS원시방향:167.4
18:00:09  가속도:3.275,3.663,4.903
18:00:09  자이로:37.435,31.695,-21.771
18:00:09  자력계:-36.750,48.000,12.300
18:00:09  송신:7646
18:00:09  GPS위성:7
18:00:09  GPS_HDOP:1.26
18:00:09  원시위도:37.496478
18:00:09  원시경도:126.958015
18:00:09  GPS채택:1455
18:00:09  GPS이상치거부:0
18:00:09  GPS품질거부:1
18:00:09  GPS재기준:0
18:00:09  RSSI원시:-70
18:00:09  RSSI평활:-69.0
18:00:09  RSSI샘플:14465
18:00:09  RSSI경과ms:71
18:00:09  차량수신:7104
18:00:09  시각ms:782582
18:00:09  IMU시각ms:782570
18:00:09  위험:0
18:00:09  GPS유효:1
18:00:09  위도:37.496479
18:00:09  경도:126.958015
18:00:09  속도:0.205
18:00:09  방향:167.4
18:00:09  GPS원시속도:0.170
18:00:09  GPS원시방향유효:1
18:00:09  GPS원시방향:167.4
18:00:09  가속도:2.500,4.286,4.673
18:00:09  자이로:47.916,19.237,-14.557
18:00:09  자력계:-34.650,48.600,13.950
18:00:09  송신:7647
18:00:09  GPS위성:7
18:00:09  GPS_HDOP:1.26
18:00:09  원시위도:37.496478
18:00:09  원시경도:126.958015
18:00:09  GPS채택:1455
18:00:09  GPS이상치거부:0
18:00:09  GPS품질거부:1
18:00:09  GPS재기준:0
18:00:09  RSSI원시:-67
18:00:09  RSSI평활:-68.6
18:00:09  RSSI샘플:14466
18:00:09  RSSI경과ms:5
18:00:09  차량수신:7104
18:00:09  시각ms:782612
18:00:09  IMU시각ms:782612
18:00:09  위험:0
18:00:09  GPS유효:1
18:00:09  위도:37.496479
18:00:09  경도:126.958015
18:00:09  속도:0.205
18:00:09  방향:167.4
18:00:09  GPS원시속도:0.170
18:00:09  GPS원시방향유효:1
18:00:09  GPS원시방향:167.4
18:00:09  가속도:6.225,5.191,7.140
18:00:09  자이로:46.176,-12.855,1.878
18:00:09  자력계:-34.650,50.400,14.700
18:00:09  송신:7647
18:00:09  GPS위성:7
18:00:09  GPS_HDOP:1.26
18:00:09  원시위도:37.496478
18:00:09  원시경도:126.958015
18:00:09  GPS채택:1455
18:00:09  GPS이상치거부:0
18:00:09  GPS품질거부:1
18:00:09  GPS재기준:0
18:00:09  RSSI원시:-67
18:00:09  RSSI평활:-68.3
18:00:09  RSSI샘플:14467
18:00:09  RSSI경과ms:29
18:00:09  차량수신:7105
18:00:09  시각ms:782634
18:00:09  IMU시각ms:782634
18:00:09  위험:0
18:00:09  GPS유효:1
18:00:09  위도:37.496479
18:00:09  경도:126.958015
18:00:09  속도:0.205
18:00:09  방향:167.4
18:00:09  GPS원시속도:0.170
18:00:09  GPS원시방향유효:1
18:00:09  GPS원시방향:167.4
18:00:09  가속도:6.273,5.411,7.772
18:00:09  자이로:34.458,-19.962,7.656
18:00:09  자력계:-33.450,51.600,13.200
18:00:09  송신:7647
18:00:09  GPS위성:7
18:00:09  GPS_HDOP:1.26
18:00:09  원시위도:37.496478
18:00:09  원시경도:126.958015
18:00:09  GPS채택:1455
18:00:09  GPS이상치거부:0
18:00:09  GPS품질거부:1
18:00:09  GPS재기준:0
18:00:09  RSSI원시:-67
18:00:09  RSSI평활:-68.3
18:00:09  RSSI샘플:14467
18:00:09  RSSI경과ms:51
18:00:09  차량수신:7105
18:00:09  시각ms:782656
18:00:09  IMU시각ms:782656
18:00:09  위험:0
18:00:09  GPS유효:1
18:00:09  위도:37.496479
18:00:09  경도:126.958008
18:00:09  속도:0.223
18:00:09  방향:167.4
18:00:09  GPS원시속도:0.257
18:00:09  GPS원시방향유효:1
18:00:09  GPS원시방향:167.4
18:00:09  가속도:8.183,6.867,8.126
18:00:09  자이로:30.718,-33.450,7.969
18:00:09  자력계:-35.700,52.800,13.950
18:00:09  송신:7647
18:00:09  GPS위성:7
18:00:09  GPS_HDOP:1.26
18:00:09  원시위도:37.496481
18:00:09  원시경도:126.958004
18:00:09  GPS채택:1456
18:00:09  GPS이상치거부:0
18:00:09  GPS품질거부:1
18:00:09  GPS재기준:0
18:00:09  RSSI원시:-67
18:00:09  RSSI평활:-68.3
18:00:09  RSSI샘플:14467
18:00:09  RSSI경과ms:73
18:00:09  차량수신:7105
18:00:09  시각ms:782691
18:00:09  IMU시각ms:782691
18:00:09  위험:0
18:00:09  GPS유효:1
18:00:09  위도:37.496479
18:00:09  경도:126.958008
18:00:09  속도:0.223
18:00:09  방향:167.4
18:00:09  GPS원시속도:0.257
18:00:09  GPS원시방향유효:1
18:00:09  GPS원시방향:167.4
18:00:09  가속도:10.204,11.052,19.613
18:00:09  자이로:-8.282,-34.519,2.603
18:00:09  자력계:-35.400,52.350,12.600
18:00:09  송신:7648
18:00:09  GPS위성:7
18:00:09  GPS_HDOP:1.26
18:00:09  원시위도:37.496481
18:00:09  원시경도:126.958004
18:00:09  GPS채택:1456
18:00:09  GPS이상치거부:0
18:00:09  GPS품질거부:1
18:00:09  GPS재기준:0
18:00:09  RSSI원시:-66
18:00:09  RSSI평활:-67.3
18:00:09  RSSI샘플:14469
18:00:09  RSSI경과ms:6
18:00:09  차량수신:7106
18:00:09  시각ms:782712
18:00:09  IMU시각ms:782712
18:00:09  위험:0
18:00:09  GPS유효:1
18:00:09  위도:37.496479
18:00:09  경도:126.958008
18:00:09  속도:0.223
18:00:09  방향:167.4
18:00:09  GPS원시속도:0.257
18:00:09  GPS원시방향유효:1
18:00:09  GPS원시방향:167.4
18:00:09  가속도:-0.876,9.835,-6.388
18:00:09  자이로:-1.687,-124.221,9.076
18:00:09  자력계:-36.450,52.350,13.200
18:00:09  송신:7648
18:00:09  GPS위성:7
18:00:09  GPS_HDOP:1.26
18:00:09  원시위도:37.496481
18:00:09  원시경도:126.958004
18:00:09  GPS채택:1456
18:00:09  GPS이상치거부:0
18:00:09  GPS품질거부:1
18:00:09  GPS재기준:0
18:00:09  RSSI원시:-66
18:00:09  RSSI평활:-67.3
18:00:09  RSSI샘플:14469
18:00:09  RSSI경과ms:27
18:00:09  차량수신:7106
18:00:09  시각ms:782734
18:00:09  IMU시각ms:782734
18:00:09  위험:0
18:00:09  GPS유효:1
18:00:09  위도:37.496479
18:00:09  경도:126.958008
18:00:09  속도:0.223
18:00:09  방향:167.4
18:00:09  GPS원시속도:0.257
18:00:09  GPS원시방향유효:1
18:00:09  GPS원시방향:167.4
18:00:09  가속도:-3.821,15.203,17.746
18:00:09  자이로:-72.550,-87.466,9.519
18:00:09  자력계:-39.450,52.350,13.950
18:00:09  송신:7648
18:00:09  GPS위성:7
18:00:09  GPS_HDOP:1.26
18:00:09  원시위도:37.496481
18:00:09  원시경도:126.958004
18:00:09  GPS채택:1456
18:00:09  GPS이상치거부:0
18:00:09  GPS품질거부:1
18:00:09  GPS재기준:0
18:00:09  RSSI원시:-66
18:00:09  RSSI평활:-67.3
18:00:09  RSSI샘플:14469
18:00:09  RSSI경과ms:49
18:00:09  차량수신:7106
18:00:09  시각ms:782756
18:00:09  IMU시각ms:782756
18:00:09  위험:0
18:00:09  GPS유효:1
18:00:09  위도:37.496479
18:00:09  경도:126.958008
18:00:09  속도:0.223
18:00:09  방향:167.4
18:00:09  GPS원시속도:0.257
18:00:09  GPS원시방향유효:1
18:00:09  GPS원시방향:167.4
18:00:09  가속도:-3.189,4.875,12.258
18:00:09  자이로:-116.985,-40.855,10.473
18:00:09  자력계:-39.750,50.700,13.800
18:00:09  송신:7648
18:00:09  GPS위성:7
18:00:09  GPS_HDOP:1.26
18:00:09  원시위도:37.496481
18:00:09  원시경도:126.958004
18:00:09  GPS채택:1456
18:00:09  GPS이상치거부:0
18:00:09  GPS품질거부:1
18:00:09  GPS재기준:0
18:00:09  RSSI원시:-66
18:00:09  RSSI평활:-67.3
18:00:09  RSSI샘플:14469
18:00:09  RSSI경과ms:71
18:00:09  차량수신:7106
18:00:09  시각ms:782791
18:00:09  IMU시각ms:782791
18:00:09  위험:0
18:00:09  GPS유효:1
18:00:09  위도:37.496479
18:00:09  경도:126.958008
18:00:09  속도:0.235
18:00:09  방향:167.4
18:00:09  GPS원시속도:0.257
18:00:09  GPS원시방향유효:1
18:00:09  GPS원시방향:167.4
18:00:09  가속도:1.020,3.855,9.031
18:00:09  자이로:-41.985,9.817,13.840
18:00:09  자력계:-40.650,48.150,11.400
18:00:09  송신:7649
18:00:09  GPS위성:7
18:00:09  GPS_HDOP:1.26
18:00:09  원시위도:37.496481
18:00:09  원시경도:126.958004
18:00:09  GPS채택:1457
18:00:09  GPS이상치거부:0
18:00:09  GPS품질거부:1
18:00:09  GPS재기준:0
18:00:09  RSSI원시:-65
18:00:09  RSSI평활:-66.6
18:00:09  RSSI샘플:14471
18:00:09  RSSI경과ms:4
18:00:09  차량수신:7107
18:00:09  시각ms:782812
18:00:09  IMU시각ms:782812
18:00:09  위험:0
18:00:09  GPS유효:1
18:00:09  위도:37.496479
18:00:09  경도:126.958008
18:00:09  속도:0.235
18:00:09  방향:167.4
18:00:09  GPS원시속도:0.257
18:00:09  GPS원시방향유효:1
18:00:09  GPS원시방향:167.4
18:00:09  가속도:4.104,2.887,1.025
18:00:09  자이로:-31.321,30.252,26.611
18:00:09  자력계:-39.300,46.800,11.250
18:00:09  송신:7649
18:00:09  GPS위성:7
18:00:09  GPS_HDOP:1.26
18:00:09  원시위도:37.496481
18:00:09  원시경도:126.958004
18:00:09  GPS채택:1457
18:00:09  GPS이상치거부:0
18:00:09  GPS품질거부:1
18:00:09  GPS재기준:0
18:00:09  RSSI원시:-65
18:00:09  RSSI평활:-66.6
18:00:09  RSSI샘플:14471
18:00:09  RSSI경과ms:25
18:00:09  차량수신:7107
18:00:09  시각ms:782834
18:00:09  IMU시각ms:782834
18:00:09  위험:0
18:00:09  GPS유효:1
18:00:09  위도:37.496479
18:00:09  경도:126.958008
18:00:09  속도:0.235
18:00:09  방향:167.4
18:00:09  GPS원시속도:0.257
18:00:09  GPS원시방향유효:1
18:00:09  GPS원시방향:167.4
18:00:09  가속도:4.295,3.677,6.804
18:00:09  자이로:23.924,67.893,16.702
18:00:09  자력계:-40.800,44.850,13.050
18:00:09  송신:7649
18:00:09  GPS위성:7
18:00:09  GPS_HDOP:1.26
18:00:09  원시위도:37.496481
18:00:09  원시경도:126.958004
18:00:09  GPS채택:1457
18:00:09  GPS이상치거부:0
18:00:09  GPS품질거부:1
18:00:09  GPS재기준:0
18:00:09  RSSI원시:-65
18:00:09  RSSI평활:-66.6
18:00:09  RSSI샘플:14471
18:00:09  RSSI경과ms:47
18:00:09  차량수신:7107
18:00:09  시각ms:782856
18:00:09  IMU시각ms:782856
18:00:09  위험:0
18:00:09  GPS유효:1
18:00:09  위도:37.496479
18:00:09  경도:126.958008
18:00:09  속도:0.235
18:00:09  방향:167.4
18:00:09  GPS원시속도:0.257
18:00:09  GPS원시방향유효:1
18:00:09  GPS원시방향:167.4
18:00:09  가속도:3.448,4.779,6.244
18:00:09  자이로:45.084,69.496,11.038
18:00:09  자력계:-37.950,47.400,13.950
18:00:09  송신:7649
18:00:09  GPS위성:7
18:00:09  GPS_HDOP:1.26
18:00:09  원시위도:37.496481
18:00:09  원시경도:126.958004
18:00:09  GPS채택:1457
18:00:09  GPS이상치거부:0
18:00:09  GPS품질거부:1
18:00:09  GPS재기준:0
18:00:09  RSSI원시:-65
18:00:09  RSSI평활:-66.6
18:00:09  RSSI샘플:14471
18:00:09  RSSI경과ms:69
18:00:09  차량수신:7107
18:00:09  시각ms:782891
18:00:09  IMU시각ms:782891
18:00:09  위험:0
18:00:09  GPS유효:1
18:00:09  위도:37.496479
18:00:09  경도:126.958008
18:00:09  속도:0.235
18:00:09  방향:167.4
18:00:09  GPS원시속도:0.257
18:00:09  GPS원시방향유효:1
18:00:09  GPS원시방향:167.4
18:00:09  가속도:3.970,4.314,7.441
18:00:09  자이로:27.374,54.176,0.718
18:00:09  자력계:-36.450,46.950,13.650
18:00:09  송신:7650
18:00:09  GPS위성:7
18:00:09  GPS_HDOP:1.26
18:00:09  원시위도:37.496481
18:00:09  원시경도:126.958004
18:00:09  GPS채택:1457
18:00:09  GPS이상치거부:0
18:00:09  GPS품질거부:1
18:00:09  GPS재기준:0
18:00:09  RSSI원시:-67
18:00:09  RSSI평활:-66.8
18:00:09  RSSI샘플:14473
18:00:09  RSSI경과ms:4
18:00:09  차량수신:7108
18:00:09  시각ms:782912
18:00:09  IMU시각ms:782912
18:00:09  위험:0
18:00:09  GPS유효:1
18:00:09  위도:37.496479
18:00:09  경도:126.958008
18:00:09  속도:0.235
18:00:09  방향:167.4
18:00:09  GPS원시속도:0.257
18:00:09  GPS원시방향유효:1
18:00:09  GPS원시방향:167.4
18:00:09  가속도:3.859,4.310,6.685
18:00:09  자이로:4.191,26.328,-2.802
18:00:09  자력계:-35.700,46.650,13.650
18:00:09  송신:7650
18:00:09  GPS위성:7
18:00:09  GPS_HDOP:1.26
18:00:09  원시위도:37.496481
18:00:09  원시경도:126.958004
18:00:09  GPS채택:1457
18:00:09  GPS이상치거부:0
18:00:09  GPS품질거부:1
18:00:09  GPS재기준:0
18:00:09  RSSI원시:-67
18:00:09  RSSI평활:-66.8
18:00:09  RSSI샘플:14473
18:00:09  RSSI경과ms:25
18:00:09  차량수신:7108
18:00:09  시각ms:782934
18:00:09  IMU시각ms:782934
18:00:09  위험:0
18:00:09  GPS유효:1
18:00:09  위도:37.496479
18:00:09  경도:126.958008
18:00:09  속도:0.235
18:00:09  방향:167.4
18:00:09  GPS원시속도:0.257
18:00:09  GPS원시방향유효:1
18:00:09  GPS원시방향:167.4
18:00:09  가속도:3.955,4.008,5.751
18:00:09  자이로:-16.649,2.344,-5.840
18:00:09  자력계:-36.000,47.550,13.500
18:00:09  송신:7650
18:00:09  GPS위성:7
18:00:09  GPS_HDOP:1.26
18:00:09  원시위도:37.496481
18:00:09  원시경도:126.958004
18:00:09  GPS채택:1457
18:00:09  GPS이상치거부:0
18:00:09  GPS품질거부:1
18:00:09  GPS재기준:0
18:00:09  RSSI원시:-67
18:00:09  RSSI평활:-66.8
18:00:09  RSSI샘플:14473
18:00:09  RSSI경과ms:47
18:00:09  차량수신:7108
18:00:09  시각ms:782956
18:00:09  IMU시각ms:782956
18:00:09  위험:0
18:00:09  GPS유효:1
18:00:09  위도:37.496479
18:00:09  경도:126.958008
18:00:09  속도:0.235
18:00:09  방향:167.4
18:00:09  GPS원시속도:0.257
18:00:09  GPS원시방향유효:1
18:00:09  GPS원시방향:167.4
18:00:09  가속도:4.223,3.922,4.535
18:00:09  자이로:-17.817,-10.069,-4.275
18:00:09  자력계:-35.400,48.150,13.950
18:00:09  송신:7650
18:00:09  GPS위성:7
18:00:09  GPS_HDOP:1.26
18:00:09  원시위도:37.496481
18:00:09  원시경도:126.958004
18:00:09  GPS채택:1457
18:00:09  GPS이상치거부:0
18:00:09  GPS품질거부:1
18:00:09  GPS재기준:0
18:00:09  RSSI원시:-67
18:00:09  RSSI평활:-66.8
18:00:09  RSSI샘플:14473
18:00:09  RSSI경과ms:69
18:00:09  차량수신:7108
18:00:09  시각ms:782991
18:00:09  IMU시각ms:782991
18:00:09  위험:0
18:00:09  GPS유효:1
18:00:09  위도:37.496479
18:00:09  경도:126.958008
18:00:09  속도:0.235
18:00:09  방향:167.4
18:00:09  GPS원시속도:0.257
18:00:09  GPS원시방향유효:1
18:00:09  GPS원시방향:167.4
18:00:09  가속도:5.875,3.850,3.596
18:00:09  자이로:19.420,1.214,3.458
18:00:09  자력계:-34.650,47.400,13.950
18:00:09  송신:7651
18:00:09  GPS위성:7
18:00:09  GPS_HDOP:1.26
18:00:09  원시위도:37.496481
18:00:09  원시경도:126.958004
18:00:09  GPS채택:1457
18:00:09  GPS이상치거부:0
18:00:09  GPS품질거부:1
18:00:09  GPS재기준:0
18:00:09  RSSI원시:-66
18:00:09  RSSI평활:-66.5
18:00:09  RSSI샘플:14475
18:00:09  RSSI경과ms:2
18:00:09  차량수신:7109
18:00:09  시각ms:783012
18:00:09  IMU시각ms:783012
18:00:09  위험:0
18:00:09  GPS유효:1
18:00:09  위도:37.496479
18:00:09  경도:126.958008
18:00:09  속도:0.235
18:00:09  방향:167.4
18:00:09  GPS원시속도:0.257
18:00:09  GPS원시방향유효:1
18:00:09  GPS원시방향:167.4
18:00:09  가속도:7.776,4.424,3.783
18:00:09  자이로:46.588,0.718,19.000
18:00:09  자력계:-33.300,48.300,13.800
18:00:09  송신:7651
18:00:09  GPS위성:7
18:00:09  GPS_HDOP:1.26
18:00:09  원시위도:37.496481
18:00:09  원시경도:126.958004
18:00:09  GPS채택:1457
18:00:09  GPS이상치거부:0
18:00:09  GPS품질거부:1
18:00:09  GPS재기준:0
18:00:09  RSSI원시:-66
18:00:09  RSSI평활:-66.5
18:00:09  RSSI샘플:14475
18:00:09  RSSI경과ms:23
18:00:09  차량수신:7109
18:00:09  시각ms:783056
18:00:09  IMU시각ms:783056
18:00:09  위험:0
18:00:09  GPS유효:1
18:00:09  위도:37.496479
18:00:09  경도:126.958008
18:00:09  속도:0.235
18:00:09  방향:167.4
18:00:09  GPS원시속도:0.257
18:00:09  GPS원시방향유효:1
18:00:09  GPS원시방향:167.4
18:00:09  가속도:9.290,6.910,9.280
18:00:09  자이로:46.107,-3.038,27.740
18:00:09  자력계:-34.200,51.300,12.900
18:00:09  송신:7651
18:00:09  GPS위성:7
18:00:09  GPS_HDOP:1.26
18:00:09  원시위도:37.496481
18:00:09  원시경도:126.958004
18:00:09  GPS채택:1457
18:00:09  GPS이상치거부:0
18:00:09  GPS품질거부:1
18:00:09  GPS재기준:0
18:00:09  RSSI원시:-66
18:00:09  RSSI평활:-66.5
18:00:09  RSSI샘플:14475
18:00:09  RSSI경과ms:67
18:00:09  차량수신:7109
18:00:09  시각ms:783091
18:00:09  IMU시각ms:783091
18:00:09  위험:0
18:00:09  GPS유효:1
18:00:09  위도:37.496479
18:00:09  경도:126.958008
18:00:09  속도:0.235
18:00:09  방향:167.4
18:00:09  GPS원시속도:0.257
18:00:09  GPS원시방향유효:1
18:00:09  GPS원시방향:167.4
18:00:09  가속도:8.566,7.460,10.621
18:00:09  자이로:15.092,-11.183,4.573
18:00:09  자력계:-34.800,51.000,12.750
18:00:09  송신:7652
18:00:09  GPS위성:7
18:00:09  GPS_HDOP:1.26
18:00:09  원시위도:37.496481
18:00:09  원시경도:126.958004
18:00:09  GPS채택:1457
18:00:09  GPS이상치거부:0
18:00:09  GPS품질거부:1
18:00:09  GPS재기준:0
18:00:09  RSSI원시:-65
18:00:09  RSSI평활:-65.8
18:00:09  RSSI샘플:14477
18:00:09  RSSI경과ms:4
18:00:09  차량수신:7110
18:00:09  시각ms:783112
18:00:09  IMU시각ms:783112
18:00:09  위험:0
18:00:09  GPS유효:1
18:00:09  위도:37.496479
18:00:09  경도:126.958008
18:00:09  속도:0.235
18:00:09  방향:167.4
18:00:09  GPS원시속도:0.257
18:00:09  GPS원시방향유효:1
18:00:09  GPS원시방향:167.4
18:00:09  가속도:19.613,19.613,-5.124
18:00:09  자이로:-12.985,-69.771,-3.435
18:00:09  자력계:-35.550,53.700,13.050
18:00:09  송신:7652
18:00:09  GPS위성:7
18:00:09  GPS_HDOP:1.26
18:00:09  원시위도:37.496481
18:00:09  원시경도:126.958004
18:00:09  GPS채택:1457
18:00:09  GPS이상치거부:0
18:00:09  GPS품질거부:1
18:00:09  GPS재기준:0
18:00:09  RSSI원시:-65
18:00:09  RSSI평활:-65.8
18:00:09  RSSI샘플:14477
18:00:09  RSSI경과ms:25
18:00:09  차량수신:7110
18:00:09  시각ms:783134
18:00:09  IMU시각ms:783134
18:00:09  위험:0
18:00:09  GPS유효:1
18:00:09  위도:37.496479
18:00:09  경도:126.958008
18:00:09  속도:0.235
18:00:09  방향:167.4
18:00:09  GPS원시속도:0.257
18:00:09  GPS원시방향유효:1
18:00:09  GPS원시방향:167.4
18:00:09  가속도:8.777,3.907,11.918
18:00:09  자이로:-74.679,-69.740,0.122
18:00:09  자력계:-36.000,52.200,13.500
18:00:09  송신:7652
18:00:09  GPS위성:7
18:00:09  GPS_HDOP:1.26
18:00:09  원시위도:37.496481
18:00:09  원시경도:126.958004
18:00:09  GPS채택:1457
18:00:09  GPS이상치거부:0
18:00:09  GPS품질거부:1
18:00:09  GPS재기준:0
18:00:09  RSSI원시:-65
18:00:09  RSSI평활:-65.8
18:00:09  RSSI샘플:14477
18:00:09  RSSI경과ms:47
18:00:09  차량수신:7110
18:00:09  시각ms:783156
18:00:09  IMU시각ms:783156
18:00:09  위험:0
18:00:09  GPS유효:1
18:00:09  위도:37.496479
18:00:09  경도:126.958008
18:00:09  속도:0.235
18:00:09  방향:167.4
18:00:09  GPS원시속도:0.257
18:00:09  GPS원시방향유효:1
18:00:09  GPS원시방향:167.4
18:00:09  가속도:7.690,5.617,4.889
18:00:09  자이로:-130.038,-64.435,5.397
18:00:09  자력계:-38.250,48.750,13.500
18:00:09  송신:7652
18:00:09  GPS위성:7
18:00:09  GPS_HDOP:1.26
18:00:09  원시위도:37.496481
18:00:09  원시경도:126.958004
18:00:09  GPS채택:1457
18:00:09  GPS이상치거부:0
18:00:09  GPS품질거부:1
18:00:09  GPS재기준:0
18:00:09  RSSI원시:-65
18:00:09  RSSI평활:-65.8
18:00:09  RSSI샘플:14477
18:00:09  RSSI경과ms:69
18:00:09  차량수신:7110
18:00:09  시각ms:783189
18:00:09  IMU시각ms:783189
18:00:09  위험:0
18:00:09  GPS유효:1
18:00:09  위도:37.496479
18:00:09  경도:126.958008
18:00:09  속도:0.235
18:00:09  방향:167.4
18:00:09  GPS원시속도:0.257
18:00:09  GPS원시방향유효:1
18:00:09  GPS원시방향:167.4
18:00:09  가속도:9.294,4.602,6.728
18:00:09  자이로:-63.672,-42.763,0.015
18:00:09  자력계:-40.050,44.850,12.000
18:00:09  송신:7653
18:00:09  GPS위성:7
18:00:09  GPS_HDOP:1.26
18:00:09  원시위도:37.496481
18:00:09  원시경도:126.958004
18:00:09  GPS채택:1457
18:00:09  GPS이상치거부:0
18:00:09  GPS품질거부:1
18:00:09  GPS재기준:0
18:00:09  RSSI원시:-63
18:00:09  RSSI평활:-64.8
18:00:09  RSSI샘플:14479
18:00:09  RSSI경과ms:2
18:00:09  차량수신:7111
18:00:09  시각ms:783211
18:00:09  IMU시각ms:783211
18:00:09  위험:0
18:00:09  GPS유효:1
18:00:09  위도:37.496479
18:00:09  경도:126.958008
18:00:09  속도:0.235
18:00:09  방향:167.4
18:00:09  GPS원시속도:0.257
18:00:09  GPS원시방향유효:1
18:00:09  GPS원시방향:167.4
18:00:09  가속도:5.871,1.609,1.101
18:00:09  자이로:-26.023,1.229,7.237
18:00:09  자력계:-42.000,46.050,12.300
18:00:09  송신:7653
18:00:09  GPS위성:7
18:00:09  GPS_HDOP:1.26
18:00:09  원시위도:37.496481
18:00:09  원시경도:126.958004
18:00:09  GPS채택:1457
18:00:09  GPS이상치거부:0
18:00:09  GPS품질거부:1
18:00:09  GPS재기준:0
18:00:09  RSSI원시:-63
18:00:09  RSSI평활:-64.8
18:00:09  RSSI샘플:14479
18:00:09  RSSI경과ms:24
18:00:09  차량수신:7111
18:00:09  시각ms:783233
18:00:09  IMU시각ms:783233
18:00:09  위험:0
18:00:09  GPS유효:1
18:00:09  위도:37.496479
18:00:09  경도:126.958008
18:00:09  속도:0.235
18:00:09  방향:167.4
18:00:09  GPS원시속도:0.257
18:00:09  GPS원시방향유효:1
18:00:09  GPS원시방향:167.4
18:00:09  가속도:4.975,3.610,6.340
18:00:09  자이로:18.481,29.130,4.748
18:00:09  자력계:-40.950,42.450,12.150
18:00:09  송신:7653
18:00:09  GPS위성:7
18:00:09  GPS_HDOP:1.26
18:00:09  원시위도:37.496481
18:00:09  원시경도:126.958004
18:00:09  GPS채택:1457
18:00:09  GPS이상치거부:0
18:00:09  GPS품질거부:1
18:00:09  GPS재기준:0
18:00:09  RSSI원시:-63
18:00:09  RSSI평활:-64.8
18:00:09  RSSI샘플:14479
18:00:09  RSSI경과ms:46
18:00:09  차량수신:7111
18:00:09  시각ms:783255
18:00:09  IMU시각ms:783255
18:00:09  위험:0
18:00:09  GPS유효:1
18:00:09  위도:37.496479
18:00:09  경도:126.958008
18:00:09  속도:0.235
18:00:09  방향:167.4
18:00:09  GPS원시속도:0.257
18:00:09  GPS원시방향유효:1
18:00:09  GPS원시방향:167.4
18:00:09  가속도:5.895,2.418,5.473
18:00:09  자이로:54.282,49.084,2.985
18:00:09  자력계:-41.700,42.450,12.150
18:00:09  송신:7653
18:00:09  GPS위성:7
18:00:09  GPS_HDOP:1.26
18:00:09  원시위도:37.496481
18:00:09  원시경도:126.958004
18:00:09  GPS채택:1457
18:00:09  GPS이상치거부:0
18:00:09  GPS품질거부:1
18:00:09  GPS재기준:0
18:00:09  RSSI원시:-63
18:00:09  RSSI평활:-64.8
18:00:09  RSSI샘플:14479
18:00:09  RSSI경과ms:68
18:00:09  차량수신:7111
18:00:09  시각ms:783289
18:00:09  IMU시각ms:783277
18:00:09  위험:0
18:00:09  GPS유효:1
18:00:09  위도:37.496479
18:00:09  경도:126.958008
18:00:09  속도:0.235
18:00:09  방향:167.4
18:00:09  GPS원시속도:0.257
18:00:09  GPS원시방향유효:1
18:00:09  GPS원시방향:167.4
18:00:09  가속도:5.239,2.629,6.383
18:00:09  자이로:67.473,49.069,0.107
18:00:09  자력계:-40.200,46.200,12.900
18:00:09  송신:7654
18:00:09  GPS위성:7
18:00:09  GPS_HDOP:1.26
18:00:09  원시위도:37.496481
18:00:09  원시경도:126.958004
18:00:09  GPS채택:1457
18:00:09  GPS이상치거부:0
18:00:09  GPS품질거부:1
18:00:09  GPS재기준:0
18:00:09  RSSI원시:-64
18:00:09  RSSI평활:-64.6
18:00:09  RSSI샘플:14480
18:00:09  RSSI경과ms:5
18:00:09  차량수신:7111
18:00:09  시각ms:783297
18:00:09  IMU시각ms:783297
18:00:09  위험:0
18:00:09  GPS유효:1
18:00:09  위도:37.496479
18:00:09  경도:126.958008
18:00:09  속도:0.235
18:00:09  방향:167.4
18:00:09  GPS원시속도:0.257
18:00:09  GPS원시방향유효:1
18:00:09  GPS원시방향:167.4
18:00:09  가속도:4.602,2.581,6.670
18:00:09  자이로:65.679,37.893,-2.763
18:00:09  자력계:-38.250,46.800,11.250
18:00:09  송신:7654
18:00:09  GPS위성:7
18:00:09  GPS_HDOP:1.26
18:00:09  원시위도:37.496481
18:00:09  원시경도:126.958004
18:00:09  GPS채택:1457
18:00:09  GPS이상치거부:0
18:00:09  GPS품질거부:1
18:00:09  GPS재기준:0
18:00:09  RSSI원시:-64
18:00:09  RSSI평활:-64.5
18:00:09  RSSI샘플:14481
18:00:09  RSSI경과ms:5
18:00:09  차량수신:7112
18:00:09  시각ms:783319
18:00:09  IMU시각ms:783319
18:00:09  위험:0
18:00:09  GPS유효:1
18:00:09  위도:37.496479
18:00:09  경도:126.958008
18:00:09  속도:0.235
18:00:09  방향:167.4
18:00:09  GPS원시속도:0.257
18:00:09  GPS원시방향유효:1
18:00:09  GPS원시방향:167.4
18:00:09  가속도:3.285,2.835,5.339
18:00:09  자이로:57.107,23.038,-1.145
18:00:09  자력계:-36.900,48.600,11.100
18:00:09  송신:7654
18:00:09  GPS위성:7
18:00:09  GPS_HDOP:1.26
18:00:09  원시위도:37.496481
18:00:09  원시경도:126.958004
18:00:09  GPS채택:1457
18:00:09  GPS이상치거부:0
18:00:09  GPS품질거부:1
18:00:09  GPS재기준:0
18:00:09  RSSI원시:-64
18:00:09  RSSI평활:-64.5
18:00:09  RSSI샘플:14481
18:00:09  RSSI경과ms:27
18:00:09  차량수신:7112
18:00:09  시각ms:783341
18:00:09  IMU시각ms:783341
18:00:09  위험:0
18:00:09  GPS유효:1
18:00:09  위도:37.496479
18:00:09  경도:126.958008
18:00:09  속도:0.235
18:00:09  방향:167.4
18:00:09  GPS원시속도:0.257
18:00:09  GPS원시방향유효:1
18:00:09  GPS원시방향:167.4
18:00:09  가속도:3.242,2.988,5.990
18:00:09  자이로:46.511,8.603,1.687
18:00:09  자력계:-38.400,50.850,12.150
18:00:09  송신:7654
18:00:09  GPS위성:7
18:00:09  GPS_HDOP:1.26
18:00:09  원시위도:37.496481
18:00:09  원시경도:126.958004
18:00:09  GPS채택:1457
18:00:09  GPS이상치거부:0
18:00:09  GPS품질거부:1
18:00:09  GPS재기준:0
18:00:09  RSSI원시:-64
18:00:09  RSSI평활:-64.5
18:00:09  RSSI샘플:14481
18:00:09  RSSI경과ms:49
18:00:09  차량수신:7112
18:00:09  시각ms:783363
18:00:09  IMU시각ms:783363
18:00:09  위험:0
18:00:09  GPS유효:1
18:00:09  위도:37.496479
18:00:09  경도:126.958008
18:00:09  속도:0.235
18:00:09  방향:167.4
18:00:09  GPS원시속도:0.257
18:00:09  GPS원시방향유효:1
18:00:09  GPS원시방향:167.4
18:00:09  가속도:-13.637,19.613,5.507
18:00:09  자이로:21.298,-108.832,7.588
18:00:09  자력계:-37.200,50.400,12.150
18:00:09  송신:7654
18:00:09  GPS위성:7
18:00:09  GPS_HDOP:1.26
18:00:09  원시위도:37.496481
18:00:09  원시경도:126.958004
18:00:09  GPS채택:1457
18:00:09  GPS이상치거부:0
18:00:09  GPS품질거부:1
18:00:09  GPS재기준:0
18:00:09  RSSI원시:-64
18:00:09  RSSI평활:-64.5
18:00:09  RSSI샘플:14481
18:00:09  RSSI경과ms:71
18:00:09  차량수신:7112
18:00:09  시각ms:783396
18:00:09  IMU시각ms:783396
18:00:09  위험:0
18:00:09  GPS유효:1
18:00:09  위도:37.496479
18:00:09  경도:126.958008
18:00:09  속도:0.235
18:00:09  방향:167.4
18:00:09  GPS원시속도:0.257
18:00:09  GPS원시방향유효:1
18:00:09  GPS원시방향:167.4
18:00:09  가속도:8.811,5.191,19.613
18:00:09  자이로:-17.924,35.000,-2.542
18:00:09  자력계:-38.700,53.100,12.150
18:00:09  송신:7655
18:00:09  GPS위성:7
18:00:09  GPS_HDOP:1.26
18:00:09  원시위도:37.496481
18:00:09  원시경도:126.958004
18:00:09  GPS채택:1457
18:00:09  GPS이상치거부:0
18:00:09  GPS품질거부:1
18:00:09  GPS재기준:0
18:00:09  RSSI원시:-66
18:00:09  RSSI평활:-65.0
18:00:09  RSSI샘플:14483
18:00:09  RSSI경과ms:5
18:00:09  차량수신:7113
18:00:09  시각ms:783418
18:00:09  IMU시각ms:783418
18:00:09  위험:0
18:00:09  GPS유효:1
18:00:09  위도:37.496479
18:00:09  경도:126.958008
18:00:09  속도:0.235
18:00:09  방향:167.4
18:00:09  GPS원시속도:0.257
18:00:09  GPS원시방향유효:1
18:00:09  GPS원시방향:167.4
18:00:09  가속도:7.269,7.317,9.285
18:00:09  자이로:33.740,23.076,-3.076
18:00:09  자력계:-39.450,51.600,13.200
18:00:09  송신:7655
18:00:09  GPS위성:7
18:00:09  GPS_HDOP:1.26
18:00:09  원시위도:37.496481
18:00:09  원시경도:126.958004
18:00:09  GPS채택:1457
18:00:09  GPS이상치거부:0
18:00:09  GPS품질거부:1
18:00:09  GPS재기준:0
18:00:09  RSSI원시:-66
18:00:09  RSSI평활:-65.0
18:00:09  RSSI샘플:14483
18:00:09  RSSI경과ms:27
18:00:09  차량수신:7113
18:00:09  시각ms:783440
18:00:09  IMU시각ms:783440
18:00:09  위험:0
18:00:09  GPS유효:1
18:00:09  위도:37.496479
18:00:09  경도:126.958008
18:00:09  속도:0.235
18:00:09  방향:167.4
18:00:09  GPS원시속도:0.257
18:00:09  GPS원시방향유효:1
18:00:09  GPS원시방향:167.4
18:00:09  가속도:7.824,7.149,15.390
18:00:09  자이로:37.702,24.725,-7.221
18:00:09  자력계:-39.000,51.750,14.250
18:00:09  송신:7655
18:00:09  GPS위성:7
18:00:09  GPS_HDOP:1.26
18:00:09  원시위도:37.496481
18:00:09  원시경도:126.958004
18:00:09  GPS채택:1457
18:00:09  GPS이상치거부:0
18:00:09  GPS품질거부:1
18:00:09  GPS재기준:0
18:00:09  RSSI원시:-66
18:00:09  RSSI평활:-65.0
18:00:09  RSSI샘플:14483
18:00:09  RSSI경과ms:49
18:00:09  차량수신:7113
18:00:09  시각ms:783462
18:00:09  IMU시각ms:783462
18:00:09  위험:0
18:00:09  GPS유효:1
18:00:09  위도:37.496479
18:00:09  경도:126.958008
18:00:09  속도:0.235
18:00:09  방향:167.4
18:00:09  GPS원시속도:0.257
18:00:09  GPS원시방향유효:1
18:00:09  GPS원시방향:167.4
18:00:09  가속도:7.997,6.053,14.183
18:00:09  자이로:-5.168,34.504,-6.153
18:00:09  자력계:-36.150,52.800,13.200
18:00:09  송신:7655
18:00:09  GPS위성:7
18:00:09  GPS_HDOP:1.26
18:00:09  원시위도:37.496481
18:00:09  원시경도:126.958004
18:00:09  GPS채택:1457
18:00:09  GPS이상치거부:0
18:00:09  GPS품질거부:1
18:00:09  GPS재기준:0
18:00:09  RSSI원시:-66
18:00:09  RSSI평활:-65.0
18:00:09  RSSI샘플:14483
18:00:09  RSSI경과ms:71
18:00:09  차량수신:7113
18:00:09  시각ms:783496
18:00:09  IMU시각ms:783484
18:00:09  위험:0
18:00:09  GPS유효:1
18:00:09  위도:37.496479
18:00:09  경도:126.958008
18:00:09  속도:0.235
18:00:09  방향:167.4
18:00:09  GPS원시속도:0.257
18:00:09  GPS원시방향유효:1
18:00:09  GPS원시방향:167.4
18:00:09  가속도:3.606,8.543,7.187
18:00:09  자이로:-28.641,0.718,-7.191
18:00:09  자력계:-37.800,52.950,12.750
18:00:09  송신:7656
18:00:09  GPS위성:7
18:00:09  GPS_HDOP:1.26
18:00:09  원시위도:37.496481
18:00:09  원시경도:126.958004
18:00:09  GPS채택:1457
18:00:09  GPS이상치거부:0
18:00:09  GPS품질거부:1
18:00:09  GPS재기준:0
18:00:09  RSSI원시:-66
18:00:09  RSSI평활:-65.2
18:00:09  RSSI샘플:14484
18:00:09  RSSI경과ms:5
18:00:09  차량수신:7113
18:00:09  시각ms:783510
18:00:09  IMU시각ms:783510
18:00:09  위험:0
18:00:09  GPS유효:1
18:00:09  위도:37.496479
18:00:09  경도:126.958008
18:00:09  속도:0.235
18:00:09  방향:167.4
18:00:09  GPS원시속도:0.257
18:00:09  GPS원시방향유효:1
18:00:09  GPS원시방향:167.4
18:00:09  가속도:9.313,2.519,-1.575
18:00:09  자이로:-69.466,-46.672,15.733
18:00:09  자력계:-38.250,51.750,11.700
18:00:09  송신:7656
18:00:09  GPS위성:7
18:00:09  GPS_HDOP:1.26
18:00:09  원시위도:37.496481
18:00:09  원시경도:126.958004
18:00:09  GPS채택:1457
18:00:09  GPS이상치거부:0
18:00:09  GPS품질거부:1
18:00:09  GPS재기준:0
18:00:09  RSSI원시:-66
18:00:09  RSSI평활:-65.4
18:00:09  RSSI샘플:14485
18:00:09  RSSI경과ms:14
18:00:09  차량수신:7114
18:00:09  시각ms:783532
18:00:09  IMU시각ms:783532
18:00:09  위험:0
18:00:09  GPS유효:1
18:00:09  위도:37.496479
18:00:09  경도:126.958008
18:00:09  속도:0.235
18:00:09  방향:167.4
18:00:09  GPS원시속도:0.257
18:00:09  GPS원시방향유효:1
18:00:09  GPS원시방향:167.4
18:00:09  가속도:4.645,7.575,1.183
18:00:09  자이로:-57.183,-25.366,-13.473
18:00:09  자력계:-37.200,50.100,12.900
18:00:09  송신:7656
18:00:09  GPS위성:7
18:00:09  GPS_HDOP:1.26
18:00:09  원시위도:37.496481
18:00:09  원시경도:126.958004
18:00:09  GPS채택:1457
18:00:09  GPS이상치거부:0
18:00:09  GPS품질거부:1
18:00:09  GPS재기준:0
18:00:09  RSSI원시:-66
18:00:09  RSSI평활:-65.4
18:00:09  RSSI샘플:14485
18:00:09  RSSI경과ms:36
18:00:09  차량수신:7114
18:00:10  시각ms:783554
18:00:10  IMU시각ms:783554
18:00:10  위험:0
18:00:10  GPS유효:1
18:00:10  위도:37.496479
18:00:10  경도:126.958008
18:00:10  속도:0.235
18:00:10  방향:167.4
18:00:10  GPS원시속도:0.257
18:00:10  GPS원시방향유효:1
18:00:10  GPS원시방향:167.4
18:00:10  가속도:5.296,5.325,6.732
18:00:10  자이로:-59.695,-39.534,-4.863
18:00:10  자력계:-36.900,49.350,11.850
18:00:10  송신:7656
18:00:10  GPS위성:7
18:00:10  GPS_HDOP:1.26
18:00:10  원시위도:37.496481
18:00:10  원시경도:126.958004
18:00:10  GPS채택:1457
18:00:10  GPS이상치거부:0
18:00:10  GPS품질거부:1
18:00:10  GPS재기준:0
18:00:10  RSSI원시:-66
18:00:10  RSSI평활:-65.4
18:00:10  RSSI샘플:14485
18:00:10  RSSI경과ms:58
18:00:10  차량수신:7114
18:00:10  시각ms:783576
18:00:10  IMU시각ms:783576
18:00:10  위험:0
18:00:10  GPS유효:1
18:00:10  위도:37.496479
18:00:10  경도:126.958008
18:00:10  속도:0.235
18:00:10  방향:167.4
18:00:10  GPS원시속도:0.257
18:00:10  GPS원시방향유효:1
18:00:10  GPS원시방향:167.4
18:00:10  가속도:5.564,3.371,3.251
18:00:10  자이로:-39.641,-22.046,-8.557
18:00:10  자력계:-40.200,49.650,12.900
18:00:10  송신:7656
18:00:10  GPS위성:7
18:00:10  GPS_HDOP:1.26
18:00:10  원시위도:37.496481
18:00:10  원시경도:126.958004
18:00:10  GPS채택:1457
18:00:10  GPS이상치거부:0
18:00:10  GPS품질거부:1
18:00:10  GPS재기준:0
18:00:10  RSSI원시:-66
18:00:10  RSSI평활:-65.4
18:00:10  RSSI샘플:14485
18:00:10  RSSI경과ms:80
18:00:10  차량수신:7114
18:00:10  시각ms:783625
18:00:10  IMU시각ms:783625
18:00:10  위험:0
18:00:10  GPS유효:1
18:00:10  위도:37.496479
18:00:10  경도:126.958008
18:00:10  속도:0.235
18:00:10  방향:167.4
18:00:10  GPS원시속도:0.257
18:00:10  GPS원시방향유효:1
18:00:10  GPS원시방향:167.4
18:00:10  가속도:3.318,3.759,4.554
18:00:10  자이로:17.534,26.023,-6.115
18:00:10  자력계:-39.750,47.550,11.250
18:00:10  송신:7657
18:00:10  GPS위성:7
18:00:10  GPS_HDOP:1.26
18:00:10  원시위도:37.496481
18:00:10  원시경도:126.958004
18:00:10  GPS채택:1457
18:00:10  GPS이상치거부:0
18:00:10  GPS품질거부:1
18:00:10  GPS재기준:0
18:00:10  RSSI원시:-63
18:00:10  RSSI평활:-64.7
18:00:10  RSSI샘플:14487
18:00:10  RSSI경과ms:28
18:00:10  차량수신:7115
18:00:10  시각ms:783647
18:00:10  IMU시각ms:783647
18:00:10  위험:0
18:00:10  GPS유효:1
18:00:10  위도:37.496479
18:00:10  경도:126.958008
18:00:10  속도:0.235
18:00:10  방향:167.4
18:00:10  GPS원시속도:0.257
18:00:10  GPS원시방향유효:1
18:00:10  GPS원시방향:167.4
18:00:10  가속도:3.955,3.318,5.258
18:00:10  자이로:30.275,32.771,-6.992
18:00:10  자력계:-37.950,48.600,10.350
18:00:10  송신:7657
18:00:10  GPS위성:7
18:00:10  GPS_HDOP:1.26
18:00:10  원시위도:37.496481
18:00:10  원시경도:126.958004
18:00:10  GPS채택:1457
18:00:10  GPS이상치거부:0
18:00:10  GPS품질거부:1
18:00:10  GPS재기준:0
18:00:10  RSSI원시:-63
18:00:10  RSSI평활:-64.7
18:00:10  RSSI샘플:14487
18:00:10  RSSI경과ms:50
18:00:10  차량수신:7115
18:00:10  시각ms:783669
18:00:10  IMU시각ms:783669
18:00:10  위험:0
18:00:10  GPS유효:1
18:00:10  위도:37.496483
18:00:10  경도:126.958000
18:00:10  속도:0.257
18:00:10  방향:167.4
18:00:10  GPS원시속도:0.298
18:00:10  GPS원시방향유효:1
18:00:10  GPS원시방향:167.4
18:00:10  가속도:3.084,3.160,4.444
18:00:10  자이로:30.389,28.420,-8.290
18:00:10  자력계:-38.250,50.250,10.200
18:00:10  송신:7657
18:00:10  GPS위성:7
18:00:10  GPS_HDOP:1.26
18:00:10  원시위도:37.496487
18:00:10  원시경도:126.957998
18:00:10  GPS채택:1458
18:00:10  GPS이상치거부:0
18:00:10  GPS품질거부:1
18:00:10  GPS재기준:0
18:00:10  RSSI원시:-63
18:00:10  RSSI평활:-64.7
18:00:10  RSSI샘플:14487
18:00:10  RSSI경과ms:72
18:00:10  차량수신:7115
18:00:10  시각ms:783725
18:00:10  IMU시각ms:783725
18:00:10  위험:0
18:00:10  GPS유효:1
18:00:10  위도:37.496483
18:00:10  경도:126.958000
18:00:10  속도:0.257
18:00:10  방향:167.4
18:00:10  GPS원시속도:0.298
18:00:10  GPS원시방향유효:1
18:00:10  GPS원시방향:167.4
18:00:10  가속도:2.514,3.764,5.013
18:00:10  자이로:29.023,3.168,-0.160
18:00:10  자력계:-38.550,54.900,10.200
18:00:10  송신:7658
18:00:10  GPS위성:7
18:00:10  GPS_HDOP:1.26
18:00:10  원시위도:37.496487
18:00:10  원시경도:126.957998
18:00:10  GPS채택:1458
18:00:10  GPS이상치거부:0
18:00:10  GPS품질거부:1
18:00:10  GPS재기준:0
18:00:10  RSSI원시:-61
18:00:10  RSSI평활:-63.4
18:00:10  RSSI샘플:14489
18:00:10  RSSI경과ms:26
18:00:10  차량수신:7116
18:00:10  시각ms:783747
18:00:10  IMU시각ms:783747
18:00:10  위험:0
18:00:10  GPS유효:1
18:00:10  위도:37.496483
18:00:10  경도:126.958000
18:00:10  속도:0.257
18:00:10  방향:167.4
18:00:10  GPS원시속도:0.298
18:00:10  GPS원시방향유효:1
18:00:10  GPS원시방향:167.4
18:00:10  가속도:3.443,4.702,5.622
18:00:10  자이로:38.115,-9.824,2.710
18:00:10  자력계:-38.250,54.450,10.200
18:00:10  송신:7658
18:00:10  GPS위성:7
18:00:10  GPS_HDOP:1.26
18:00:10  원시위도:37.496487
18:00:10  원시경도:126.957998
18:00:10  GPS채택:1458
18:00:10  GPS이상치거부:0
18:00:10  GPS품질거부:1
18:00:10  GPS재기준:0
18:00:10  RSSI원시:-61
18:00:10  RSSI평활:-63.4
18:00:10  RSSI샘플:14489
18:00:10  RSSI경과ms:48
18:00:10  차량수신:7116
18:00:10  시각ms:783769
18:00:10  IMU시각ms:783769
18:00:10  위험:0
18:00:10  GPS유효:1
18:00:10  위도:37.496483
18:00:10  경도:126.958000
18:00:10  속도:0.272
18:00:10  방향:167.4
18:00:10  GPS원시속도:0.298
18:00:10  GPS원시방향유효:1
18:00:10  GPS원시방향:167.4
18:00:10  가속도:4.669,5.631,7.120
18:00:10  자이로:51.458,-24.954,0.893
18:00:10  자력계:-40.950,55.800,8.550
18:00:10  송신:7658
18:00:10  GPS위성:7
18:00:10  GPS_HDOP:1.26
18:00:10  원시위도:37.496487
18:00:10  원시경도:126.957998
18:00:10  GPS채택:1459
18:00:10  GPS이상치거부:0
18:00:10  GPS품질거부:1
18:00:10  GPS재기준:0
18:00:10  RSSI원시:-61
18:00:10  RSSI평활:-63.4
18:00:10  RSSI샘플:14489
18:00:10  RSSI경과ms:70
18:00:10  차량수신:7116
18:00:10  시각ms:783804
18:00:10  IMU시각ms:783804
18:00:10  위험:0
18:00:10  GPS유효:1
18:00:10  위도:37.496483
18:00:10  경도:126.958000
18:00:10  속도:0.272
18:00:10  방향:167.4
18:00:10  GPS원시속도:0.298
18:00:10  GPS원시방향유효:1
18:00:10  GPS원시방향:167.4
18:00:10  가속도:-19.613,19.613,-19.613
18:00:10  자이로:4.939,-21.672,97.626
18:00:10  자력계:-41.400,57.450,11.100
18:00:10  송신:7659
18:00:10  GPS위성:7
18:00:10  GPS_HDOP:1.26
18:00:10  원시위도:37.496487
18:00:10  원시경도:126.957998
18:00:10  GPS채택:1459
18:00:10  GPS이상치거부:0
18:00:10  GPS품질거부:1
18:00:10  GPS재기준:0
18:00:10  RSSI원시:-62
18:00:10  RSSI평활:-63.1
18:00:10  RSSI샘플:14490
18:00:10  RSSI경과ms:10
18:00:10  차량수신:7116
18:00:10  시각ms:783826
18:00:10  IMU시각ms:783826
18:00:10  위험:0
18:00:10  GPS유효:1
18:00:10  위도:37.496483
18:00:10  경도:126.958000
18:00:10  속도:0.272
18:00:10  방향:167.4
18:00:10  GPS원시속도:0.298
18:00:10  GPS원시방향유효:1
18:00:10  GPS원시방향:167.4
18:00:10  가속도:-7.843,5.353,13.891
18:00:10  자이로:-52.649,37.557,-14.466
18:00:10  자력계:-43.950,58.200,11.100
18:00:10  송신:7659
18:00:10  GPS위성:7
18:00:10  GPS_HDOP:1.26
18:00:10  원시위도:37.496487
18:00:10  원시경도:126.957998
18:00:10  GPS채택:1459
18:00:10  GPS이상치거부:0
18:00:10  GPS품질거부:1
18:00:10  GPS재기준:0
18:00:10  RSSI원시:-62
18:00:10  RSSI평활:-62.9
18:00:10  RSSI샘플:14491
18:00:10  RSSI경과ms:22
18:00:10  차량수신:7117
18:00:10  시각ms:783905
18:00:10  IMU시각ms:783905
18:00:10  위험:0
18:00:10  GPS유효:1
18:00:10  위도:37.496483
18:00:10  경도:126.958000
18:00:10  속도:0.272
18:00:10  방향:167.4
18:00:10  GPS원시속도:0.298
18:00:10  GPS원시방향유효:1
18:00:10  GPS원시방향:167.4
18:00:10  가속도:4.956,3.481,8.677
18:00:10  자이로:-17.573,-10.031,-15.328
18:00:10  자력계:-42.150,58.950,10.350
18:00:10  송신:7660
18:00:10  GPS위성:7
18:00:10  GPS_HDOP:1.26
18:00:10  원시위도:37.496487
18:00:10  원시경도:126.957998
18:00:10  GPS채택:1459
18:00:10  GPS이상치거부:0
18:00:10  GPS품질거부:1
18:00:10  GPS재기준:0
18:00:10  RSSI원시:-61
18:00:10  RSSI평활:-62.5
18:00:10  RSSI샘플:14492
18:00:10  RSSI경과ms:5
18:00:10  차량수신:7117
18:00:10  시각ms:783926
18:00:10  IMU시각ms:783926
18:00:10  위험:0
18:00:10  GPS유효:1
18:00:10  위도:37.496483
18:00:10  경도:126.958000
18:00:10  속도:0.272
18:00:10  방향:167.4
18:00:10  GPS원시속도:0.298
18:00:10  GPS원시방향유효:1
18:00:10  GPS원시방향:167.4
18:00:10  가속도:1.192,5.492,6.857
18:00:10  자이로:-45.855,-31.550,-18.855
18:00:10  자력계:-40.650,57.750,10.650
18:00:10  송신:7660
18:00:10  GPS위성:7
18:00:10  GPS_HDOP:1.26
18:00:10  원시위도:37.496487
18:00:10  원시경도:126.957998
18:00:10  GPS채택:1459
18:00:10  GPS이상치거부:0
18:00:10  GPS품질거부:1
18:00:10  GPS재기준:0
18:00:10  RSSI원시:-61
18:00:10  RSSI평활:-62.2
18:00:10  RSSI샘플:14493
18:00:10  RSSI경과ms:18
18:00:10  차량수신:7118
18:00:10  시각ms:783948
18:00:10  IMU시각ms:783948
18:00:10  위험:0
18:00:10  GPS유효:1
18:00:10  위도:37.496483
18:00:10  경도:126.958000
18:00:10  속도:0.272
18:00:10  방향:167.4
18:00:10  GPS원시속도:0.298
18:00:10  GPS원시방향유효:1
18:00:10  GPS원시방향:167.4
18:00:10  가속도:0.967,4.731,6.124
18:00:10  자이로:-61.229,-41.130,-15.168
18:00:10  자력계:-40.950,57.000,10.350
18:00:10  송신:7660
18:00:10  GPS위성:7
18:00:10  GPS_HDOP:1.26
18:00:10  원시위도:37.496487
18:00:10  원시경도:126.957998
18:00:10  GPS채택:1459
18:00:10  GPS이상치거부:0
18:00:10  GPS품질거부:1
18:00:10  GPS재기준:0
18:00:10  RSSI원시:-61
18:00:10  RSSI평활:-62.2
18:00:10  RSSI샘플:14493
18:00:10  RSSI경과ms:40
18:00:10  차량수신:7118
18:00:10  시각ms:783970
18:00:10  IMU시각ms:783970
18:00:10  위험:0
18:00:10  GPS유효:1
18:00:10  위도:37.496483
18:00:10  경도:126.958000
18:00:10  속도:0.272
18:00:10  방향:167.4
18:00:10  GPS원시속도:0.298
18:00:10  GPS원시방향유효:1
18:00:10  GPS원시방향:167.4
18:00:10  가속도:2.595,3.505,5.775
18:00:10  자이로:-52.786,-23.023,-17.466
18:00:10  자력계:-42.450,54.000,8.850
18:00:10  송신:7660
18:00:10  GPS위성:7
18:00:10  GPS_HDOP:1.26
18:00:10  원시위도:37.496487
18:00:10  원시경도:126.957998
18:00:10  GPS채택:1459
18:00:10  GPS이상치거부:0
18:00:10  GPS품질거부:1
18:00:10  GPS재기준:0
18:00:10  RSSI원시:-61
18:00:10  RSSI평활:-62.2
18:00:10  RSSI샘플:14493
18:00:10  RSSI경과ms:62
18:00:10  차량수신:7118
18:00:10  시각ms:784005
18:00:10  IMU시각ms:784004
18:00:10  위험:0
18:00:10  GPS유효:1
18:00:10  위도:37.496487
18:00:10  경도:126.958000
18:00:10  속도:0.272
18:00:10  방향:167.4
18:00:10  GPS원시속도:0.298
18:00:10  GPS원시방향유효:1
18:00:10  GPS원시방향:167.4
18:00:10  가속도:2.978,3.864,5.057
18:00:10  자이로:-20.794,6.527,-16.618
18:00:10  자력계:-41.700,51.300,9.600
18:00:10  송신:7661
18:00:10  GPS위성:7
18:00:10  GPS_HDOP:1.26
18:00:10  원시위도:37.496487
18:00:10  원시경도:126.957998
18:00:10  GPS채택:1459
18:00:10  GPS이상치거부:0
18:00:10  GPS품질거부:1
18:00:10  GPS재기준:0
18:00:10  RSSI원시:-60
18:00:10  RSSI평활:-61.6
18:00:10  RSSI샘플:14495
18:00:10  RSSI경과ms:3
18:00:10  차량수신:7119
18:00:10  시각ms:784026
18:00:10  IMU시각ms:784026
18:00:10  위험:0
18:00:10  GPS유효:1
18:00:10  위도:37.496487
18:00:10  경도:126.958000
18:00:10  속도:0.272
18:00:10  방향:167.4
18:00:10  GPS원시속도:0.298
18:00:10  GPS원시방향유효:1
18:00:10  GPS원시방향:167.4
18:00:10  가속도:3.874,4.166,4.769
18:00:10  자이로:1.382,22.321,-15.252
18:00:10  자력계:-40.200,50.850,11.100
18:00:10  송신:7661
18:00:10  GPS위성:7
18:00:10  GPS_HDOP:1.26
18:00:10  원시위도:37.496487
18:00:10  원시경도:126.957998
18:00:10  GPS채택:1459
18:00:10  GPS이상치거부:0
18:00:10  GPS품질거부:1
18:00:10  GPS재기준:0
18:00:10  RSSI원시:-60
18:00:10  RSSI평활:-61.6
18:00:10  RSSI샘플:14495
18:00:10  RSSI경과ms:24
18:00:10  차량수신:7119
18:00:10  시각ms:784070
18:00:10  IMU시각ms:784070
18:00:10  위험:0
18:00:10  GPS유효:1
18:00:10  위도:37.496487
18:00:10  경도:126.958000
18:00:10  속도:0.272
18:00:10  방향:167.4
18:00:10  GPS원시속도:0.298
18:00:10  GPS원시방향유효:1
18:00:10  GPS원시방향:167.4
18:00:10  가속도:3.764,4.851,3.716
18:00:10  자이로:28.702,33.679,-17.733
18:00:10  자력계:-41.400,50.400,11.850
18:00:10  송신:7661
18:00:10  GPS위성:7
18:00:10  GPS_HDOP:1.26
18:00:10  원시위도:37.496487
18:00:10  원시경도:126.957998
18:00:10  GPS채택:1459
18:00:10  GPS이상치거부:0
18:00:10  GPS품질거부:1
18:00:10  GPS재기준:0
18:00:10  RSSI원시:-60
18:00:10  RSSI평활:-61.6
18:00:10  RSSI샘플:14495
18:00:10  RSSI경과ms:68
18:00:10  차량수신:7119
18:00:10  시각ms:784126
18:00:10  IMU시각ms:784126
18:00:10  위험:0
18:00:10  GPS유효:1
18:00:10  위도:37.496487
18:00:10  경도:126.958000
18:00:10  속도:0.272
18:00:10  방향:167.4
18:00:10  GPS원시속도:0.298
18:00:10  GPS원시방향유효:1
18:00:10  GPS원시방향:167.4
18:00:10  가속도:4.822,5.885,4.070
18:00:10  자이로:52.672,24.466,-4.649
18:00:10  자력계:-36.300,52.200,11.700
18:00:10  송신:7662
18:00:10  GPS위성:7
18:00:10  GPS_HDOP:1.26
18:00:10  원시위도:37.496487
18:00:10  원시경도:126.957998
18:00:10  GPS채택:1459
18:00:10  GPS이상치거부:0
18:00:10  GPS품질거부:1
18:00:10  GPS재기준:0
18:00:10  RSSI원시:-60
18:00:10  RSSI평활:-61.2
18:00:10  RSSI샘플:14497
18:00:10  RSSI경과ms:25
18:00:10  차량수신:7120
18:00:10  시각ms:784148
18:00:10  IMU시각ms:784148
18:00:10  위험:0
18:00:10  GPS유효:1
18:00:10  위도:37.496487
18:00:10  경도:126.958000
18:00:10  속도:0.272
18:00:10  방향:167.4
18:00:10  GPS원시속도:0.298
18:00:10  GPS원시방향유효:1
18:00:10  GPS원시방향:167.4
18:00:10  가속도:5.574,6.512,4.645
18:00:10  자이로:64.290,14.870,3.458
18:00:10  자력계:-34.650,52.800,12.900
18:00:10  송신:7662
18:00:10  GPS위성:7
18:00:10  GPS_HDOP:1.26
18:00:10  원시위도:37.496487
18:00:10  원시경도:126.957998
18:00:10  GPS채택:1459
18:00:10  GPS이상치거부:0
18:00:10  GPS품질거부:1
18:00:10  GPS재기준:0
18:00:10  RSSI원시:-60
18:00:10  RSSI평활:-61.2
18:00:10  RSSI샘플:14497
18:00:10  RSSI경과ms:47
18:00:10  차량수신:7120
18:00:10  시각ms:784170
18:00:10  IMU시각ms:784170
18:00:10  위험:0
18:00:10  GPS유효:1
18:00:10  위도:37.496487
18:00:10  경도:126.958000
18:00:10  속도:0.272
18:00:10  방향:167.4
18:00:10  GPS원시속도:0.298
18:00:10  GPS원시방향유효:1
18:00:10  GPS원시방향:167.4
18:00:10  가속도:6.948,7.614,5.449
18:00:10  자이로:67.992,-10.435,12.664
18:00:10  자력계:-36.450,54.000,12.600
18:00:10  송신:7662
18:00:10  GPS위성:7
18:00:10  GPS_HDOP:1.26
18:00:10  원시위도:37.496487
18:00:10  원시경도:126.957998
18:00:10  GPS채택:1459
18:00:10  GPS이상치거부:0
18:00:10  GPS품질거부:1
18:00:10  GPS재기준:0
18:00:10  RSSI원시:-60
18:00:10  RSSI평활:-61.2
18:00:10  RSSI샘플:14497
18:00:10  RSSI경과ms:69
18:00:10  차량수신:7120
18:00:10  시각ms:784225
18:00:10  IMU시각ms:784225
18:00:10  위험:0
18:00:10  GPS유효:1
18:00:10  위도:37.496487
18:00:10  경도:126.958000
18:00:10  속도:0.272
18:00:10  방향:167.4
18:00:10  GPS원시속도:0.298
18:00:10  GPS원시방향유효:1
18:00:10  GPS원시방향:167.4
18:00:10  가속도:10.563,6.622,12.665
18:00:10  자이로:-15.756,-23.496,22.977
18:00:10  자력계:-37.050,57.150,12.750
18:00:10  송신:7663
18:00:10  GPS위성:7
18:00:10  GPS_HDOP:1.26
18:00:10  원시위도:37.496487
18:00:10  원시경도:126.957998
18:00:10  GPS채택:1459
18:00:10  GPS이상치거부:0
18:00:10  GPS품질거부:1
18:00:10  GPS재기준:0
18:00:10  RSSI원시:-60
18:00:10  RSSI평활:-60.7
18:00:10  RSSI샘플:14499
18:00:10  RSSI경과ms:21
18:00:10  차량수신:7121
18:00:10  시각ms:784247
18:00:10  IMU시각ms:784247
18:00:10  위험:0
18:00:10  GPS유효:1
18:00:10  위도:37.496487
18:00:10  경도:126.958000
18:00:10  속도:0.272
18:00:10  방향:167.4
18:00:10  GPS원시속도:0.298
18:00:10  GPS원시방향유효:1
18:00:10  GPS원시방향:167.4
18:00:10  가속도:3.352,5.109,14.164
18:00:10  자이로:-30.382,-15.466,9.344
18:00:10  자력계:-35.550,58.800,12.300
18:00:10  송신:7663
18:00:10  GPS위성:7
18:00:10  GPS_HDOP:1.26
18:00:10  원시위도:37.496487
18:00:10  원시경도:126.957998
18:00:10  GPS채택:1459
18:00:10  GPS이상치거부:0
18:00:10  GPS품질거부:1
18:00:10  GPS재기준:0
18:00:10  RSSI원시:-60
18:00:10  RSSI평활:-60.7
18:00:10  RSSI샘플:14499
18:00:10  RSSI경과ms:43
18:00:10  차량수신:7121
18:00:10  시각ms:784303
18:00:10  IMU시각ms:784291
18:00:10  위험:0
18:00:10  GPS유효:1
18:00:10  위도:37.496487
18:00:10  경도:126.958000
18:00:10  속도:0.272
18:00:10  방향:167.4
18:00:10  GPS원시속도:0.298
18:00:10  GPS원시방향유효:1
18:00:10  GPS원시방향:167.4
18:00:10  가속도:-3.012,0.771,-19.613
18:00:10  자이로:-12.763,-62.130,24.504
18:00:10  자력계:-36.300,55.650,12.750
18:00:10  송신:7664
18:00:10  GPS위성:7
18:00:10  GPS_HDOP:1.26
18:00:10  원시위도:37.496487
18:00:10  원시경도:126.957998
18:00:10  GPS채택:1459
18:00:10  GPS이상치거부:0
18:00:10  GPS품질거부:1
18:00:10  GPS재기준:0
18:00:10  RSSI원시:-60
18:00:10  RSSI평활:-60.6
18:00:10  RSSI샘플:14500
18:00:10  RSSI경과ms:5
18:00:10  차량수신:7121
18:00:10  시각ms:784311
18:00:10  IMU시각ms:784311
18:00:10  위험:0
18:00:10  GPS유효:1
18:00:10  위도:37.496487
18:00:10  경도:126.958000
18:00:10  속도:0.272
18:00:10  방향:167.4
18:00:10  GPS원시속도:0.298
18:00:10  GPS원시방향유효:1
18:00:10  GPS원시방향:167.4
18:00:10  가속도:1.030,4.731,6.230
18:00:10  자이로:-40.634,3.771,1.740
18:00:10  자력계:-38.400,54.300,12.900
18:00:10  송신:7664
18:00:10  GPS위성:7
18:00:10  GPS_HDOP:1.26
18:00:10  원시위도:37.496487
18:00:10  원시경도:126.957998
18:00:10  GPS채택:1459
18:00:10  GPS이상치거부:0
18:00:10  GPS품질거부:1
18:00:10  GPS재기준:0
18:00:10  RSSI원시:-61
18:00:10  RSSI평활:-60.7
18:00:10  RSSI샘플:14501
18:00:10  RSSI경과ms:6
18:00:10  차량수신:7122
18:00:10  시각ms:784333
18:00:10  IMU시각ms:784333
18:00:10  위험:0
18:00:10  GPS유효:1
18:00:10  위도:37.496487
18:00:10  경도:126.958000
18:00:10  속도:0.272
18:00:10  방향:167.4
18:00:10  GPS원시속도:0.298
18:00:10  GPS원시방향유효:1
18:00:10  GPS원시방향:167.4
18:00:10  가속도:1.221,6.000,6.287
18:00:10  자이로:-50.130,-2.916,13.954
18:00:10  자력계:-37.650,52.350,13.650
18:00:10  송신:7664
18:00:10  GPS위성:7
18:00:10  GPS_HDOP:1.26
18:00:10  원시위도:37.496487
18:00:10  원시경도:126.957998
18:00:10  GPS채택:1459
18:00:10  GPS이상치거부:0
18:00:10  GPS품질거부:1
18:00:10  GPS재기준:0
18:00:10  RSSI원시:-61
18:00:10  RSSI평활:-60.7
18:00:10  RSSI샘플:14501
18:00:10  RSSI경과ms:28
18:00:10  차량수신:7122
18:00:10  시각ms:784355
18:00:10  IMU시각ms:784355
18:00:10  위험:0
18:00:10  GPS유효:1
18:00:10  위도:37.496487
18:00:10  경도:126.958000
18:00:10  속도:0.272
18:00:10  방향:167.4
18:00:10  GPS원시속도:0.298
18:00:10  GPS원시방향유효:1
18:00:10  GPS원시방향:167.4
18:00:10  가속도:4.673,2.571,4.482
18:00:10  자이로:-27.557,4.786,11.313
18:00:10  자력계:-38.550,54.150,10.950
18:00:10  송신:7664
18:00:10  GPS위성:7
18:00:10  GPS_HDOP:1.26
18:00:10  원시위도:37.496487
18:00:10  원시경도:126.957998
18:00:10  GPS채택:1459
18:00:10  GPS이상치거부:0
18:00:10  GPS품질거부:1
18:00:10  GPS재기준:0
18:00:10  RSSI원시:-61
18:00:10  RSSI평활:-60.7
18:00:10  RSSI샘플:14501
18:00:10  RSSI경과ms:50
18:00:10  차량수신:7122
18:00:10  시각ms:784377
18:00:10  IMU시각ms:784377
18:00:10  위험:0
18:00:10  GPS유효:1
18:00:10  위도:37.496487
18:00:10  경도:126.958000
18:00:10  속도:0.272
18:00:10  방향:167.4
18:00:10  GPS원시속도:0.298
18:00:10  GPS원시방향유효:1
18:00:10  GPS원시방향:167.4
18:00:10  가속도:2.270,3.333,5.804
18:00:10  자이로:-12.458,23.290,7.878
18:00:10  자력계:-38.400,50.100,10.050
18:00:10  송신:7664
18:00:10  GPS위성:7
18:00:10  GPS_HDOP:1.26
18:00:10  원시위도:37.496487
18:00:10  원시경도:126.957998
18:00:10  GPS채택:1459
18:00:10  GPS이상치거부:0
18:00:10  GPS품질거부:1
18:00:10  GPS재기준:0
18:00:10  RSSI원시:-61
18:00:10  RSSI평활:-60.7
18:00:10  RSSI샘플:14501
18:00:10  RSSI경과ms:72
18:00:10  차량수신:7122
18:00:10  시각ms:784410
18:00:10  IMU시각ms:784410
18:00:10  위험:0
18:00:10  GPS유효:1
18:00:10  위도:37.496487
18:00:10  경도:126.958000
18:00:10  속도:0.272
18:00:10  방향:167.4
18:00:10  GPS원시속도:0.298
18:00:10  GPS원시방향유효:1
18:00:10  GPS원시방향:167.4
18:00:10  가속도:2.653,3.821,4.975
18:00:10  자이로:16.008,47.649,7.931
18:00:10  자력계:-36.150,51.600,13.650
18:00:10  송신:7665
18:00:10  GPS위성:7
18:00:10  GPS_HDOP:1.26
18:00:10  원시위도:37.496487
18:00:10  원시경도:126.957998
18:00:10  GPS채택:1459
18:00:10  GPS이상치거부:0
18:00:10  GPS품질거부:1
18:00:10  GPS재기준:0
18:00:10  RSSI원시:-62
18:00:10  RSSI평활:-61.2
18:00:10  RSSI샘플:14503
18:00:10  RSSI경과ms:4
18:00:10  차량수신:7123
18:00:10  시각ms:784432
18:00:10  IMU시각ms:784432
18:00:10  위험:0
18:00:10  GPS유효:1
18:00:10  위도:37.496487
18:00:10  경도:126.958000
18:00:10  속도:0.272
18:00:10  방향:167.4
18:00:10  GPS원시속도:0.298
18:00:10  GPS원시방향유효:1
18:00:10  GPS원시방향:167.4
18:00:10  가속도:2.720,4.539,5.612
18:00:10  자이로:25.198,51.282,8.168
18:00:10  자력계:-35.550,53.700,13.500
18:00:10  송신:7665
18:00:10  GPS위성:7
18:00:10  GPS_HDOP:1.26
18:00:10  원시위도:37.496487
18:00:10  원시경도:126.957998
18:00:10  GPS채택:1459
18:00:10  GPS이상치거부:0
18:00:10  GPS품질거부:1
18:00:10  GPS재기준:0
18:00:10  RSSI원시:-62
18:00:10  RSSI평활:-61.2
18:00:10  RSSI샘플:14503
18:00:10  RSSI경과ms:26
18:00:10  차량수신:7123
18:00:10  시각ms:784454
18:00:10  IMU시각ms:784454
18:00:10  위험:0
18:00:10  GPS유효:1
18:00:10  위도:37.496487
18:00:10  경도:126.958000
18:00:10  속도:0.272
18:00:10  방향:167.4
18:00:10  GPS원시속도:0.298
18:00:10  GPS원시방향유효:1
18:00:10  GPS원시방향:167.4
18:00:10  가속도:3.936,4.477,6.436
18:00:10  자이로:32.595,44.992,-0.611
18:00:10  자력계:-34.500,50.250,14.550
18:00:10  송신:7665
18:00:10  GPS위성:7
18:00:10  GPS_HDOP:1.26
18:00:10  원시위도:37.496487
18:00:10  원시경도:126.957998
18:00:10  GPS채택:1459
18:00:10  GPS이상치거부:0
18:00:10  GPS품질거부:1
18:00:10  GPS재기준:0
18:00:10  RSSI원시:-62
18:00:10  RSSI평활:-61.2
18:00:10  RSSI샘플:14503
18:00:10  RSSI경과ms:48
18:00:10  차량수신:7123
18:00:10  시각ms:784476
18:00:10  IMU시각ms:784476
18:00:10  위험:0
18:00:10  GPS유효:1
18:00:10  위도:37.496487
18:00:10  경도:126.958000
18:00:10  속도:0.272
18:00:10  방향:167.4
18:00:10  GPS원시속도:0.298
18:00:10  GPS원시방향유효:1
18:00:10  GPS원시방향:167.4
18:00:10  가속도:4.764,4.061,8.887
18:00:10  자이로:11.221,23.069,1.221
18:00:10  자력계:-32.700,52.800,12.900
18:00:10  송신:7665
18:00:10  GPS위성:7
18:00:10  GPS_HDOP:1.26
18:00:10  원시위도:37.496487
18:00:10  원시경도:126.957998
18:00:10  GPS채택:1459
18:00:10  GPS이상치거부:0
18:00:10  GPS품질거부:1
18:00:10  GPS재기준:0
18:00:10  RSSI원시:-62
18:00:10  RSSI평활:-61.2
18:00:10  RSSI샘플:14503
18:00:10  RSSI경과ms:70
18:00:10  차량수신:7123
18:00:10  시각ms:784510
18:00:10  IMU시각ms:784498
18:00:10  위험:0
18:00:10  GPS유효:1
18:00:10  위도:37.496487
18:00:10  경도:126.958000
18:00:10  속도:0.272
18:00:10  방향:167.4
18:00:10  GPS원시속도:0.298
18:00:10  GPS원시방향유효:1
18:00:10  GPS원시방향:167.4
18:00:10  가속도:3.730,4.592,5.650
18:00:10  자이로:-2.382,5.328,1.771
18:00:10  자력계:-31.800,53.400,13.050
18:00:10  송신:7666
18:00:10  GPS위성:7
18:00:10  GPS_HDOP:1.26
18:00:10  원시위도:37.496487
18:00:10  원시경도:126.957998
18:00:10  GPS채택:1459
18:00:10  GPS이상치거부:0
18:00:10  GPS품질거부:1
18:00:10  GPS재기준:0
18:00:10  RSSI원시:-62
18:00:10  RSSI평활:-61.3
18:00:10  RSSI샘플:14504
18:00:10  RSSI경과ms:3
18:00:10  차량수신:7123
18:00:10  시각ms:784518
18:00:10  IMU시각ms:784518
18:00:10  위험:0
18:00:10  GPS유효:1
18:00:10  위도:37.496487
18:00:10  경도:126.958000
18:00:10  속도:0.272
18:00:10  방향:167.4
18:00:10  GPS원시속도:0.298
18:00:10  GPS원시방향유효:1
18:00:10  GPS원시방향:167.4
18:00:10  가속도:3.792,4.712,6.024
18:00:10  자이로:-13.305,-6.687,3.336
18:00:10  자력계:-32.550,52.950,14.850
18:00:10  송신:7666
18:00:10  GPS위성:7
18:00:10  GPS_HDOP:1.26
18:00:10  원시위도:37.496487
18:00:10  원시경도:126.957998
18:00:10  GPS채택:1459
18:00:10  GPS이상치거부:0
18:00:10  GPS품질거부:1
18:00:10  GPS재기준:0
18:00:10  RSSI원시:-62
18:00:10  RSSI평활:-61.5
18:00:10  RSSI샘플:14505
18:00:10  RSSI경과ms:6
18:00:10  차량수신:7124
18:00:10  시각ms:784540
18:00:10  IMU시각ms:784540
18:00:10  위험:0
18:00:10  GPS유효:1
18:00:10  위도:37.496487
18:00:10  경도:126.958000
18:00:10  속도:0.272
18:00:10  방향:167.4
18:00:10  GPS원시속도:0.298
18:00:10  GPS원시방향유효:1
18:00:10  GPS원시방향:167.4
18:00:10  가속도:3.950,4.951,4.405
18:00:10  자이로:-17.183,-14.237,0.740
18:00:10  자력계:-31.950,54.000,15.150
18:00:10  송신:7666
18:00:10  GPS위성:7
18:00:10  GPS_HDOP:1.26
18:00:10  원시위도:37.496487
18:00:10  원시경도:126.957998
18:00:10  GPS채택:1459
18:00:10  GPS이상치거부:0
18:00:10  GPS품질거부:1
18:00:10  GPS재기준:0
18:00:10  RSSI원시:-62
18:00:10  RSSI평활:-61.5
18:00:10  RSSI샘플:14505
18:00:10  RSSI경과ms:28
18:00:10  차량수신:7124
18:00:10  시각ms:784562
18:00:10  IMU시각ms:784562
18:00:10  위험:0
18:00:10  GPS유효:1
18:00:10  위도:37.496487
18:00:10  경도:126.958000
18:00:10  속도:0.272
18:00:10  방향:167.4
18:00:10  GPS원시속도:0.298
18:00:10  GPS원시방향유효:1
18:00:10  GPS원시방향:167.4
18:00:10  가속도:4.851,5.291,4.037
18:00:10  자이로:-6.344,-11.550,3.565
18:00:10  자력계:-32.400,51.600,14.400
18:00:10  송신:7666
18:00:10  GPS위성:7
18:00:10  GPS_HDOP:1.26
18:00:10  원시위도:37.496487
18:00:10  원시경도:126.957998
18:00:10  GPS채택:1459
18:00:10  GPS이상치거부:0
18:00:10  GPS품질거부:1
18:00:10  GPS재기준:0
18:00:10  RSSI원시:-62
18:00:10  RSSI평활:-61.5
18:00:10  RSSI샘플:14505
18:00:10  RSSI경과ms:50
18:00:10  차량수신:7124
18:00:10  시각ms:784584
18:00:10  IMU시각ms:784584
18:00:10  위험:0
18:00:10  GPS유효:1
18:00:10  위도:37.496487
18:00:10  경도:126.958000
18:00:10  속도:0.272
18:00:10  방향:167.4
18:00:10  GPS원시속도:0.298
18:00:10  GPS원시방향유효:1
18:00:10  GPS원시방향:167.4
18:00:10  가속도:5.760,5.258,4.123
18:00:10  자이로:11.458,-5.527,6.160
18:00:10  자력계:-34.500,52.650,13.800
18:00:10  송신:7666
18:00:10  GPS위성:7
18:00:10  GPS_HDOP:1.26
18:00:10  원시위도:37.496487
18:00:10  원시경도:126.957998
18:00:10  GPS채택:1459
18:00:10  GPS이상치거부:0
18:00:10  GPS품질거부:1
18:00:10  GPS재기준:0
18:00:10  RSSI원시:-62
18:00:10  RSSI평활:-61.5
18:00:10  RSSI샘플:14505
18:00:10  RSSI경과ms:72
18:00:10  차량수신:7124
18:00:10  시각ms:784619
18:00:10  IMU시각ms:784619
18:00:10  위험:0
18:00:10  GPS유효:1
18:00:10  위도:37.496487
18:00:10  경도:126.957993
18:00:10  속도:0.272
18:00:10  방향:167.4
18:00:10  GPS원시속도:0.298
18:00:10  GPS원시방향유효:1
18:00:10  GPS원시방향:167.4
18:00:10  가속도:6.546,6.211,4.693
18:00:10  자이로:42.382,9.641,15.244
18:00:10  자력계:-31.650,51.600,13.650
18:00:10  송신:7667
18:00:10  GPS위성:7
18:00:10  GPS_HDOP:1.26
18:00:10  원시위도:37.496487
18:00:10  원시경도:126.957998
18:00:10  GPS채택:1459
18:00:10  GPS이상치거부:0
18:00:10  GPS품질거부:1
18:00:10  GPS재기준:0
18:00:10  RSSI원시:-65
18:00:10  RSSI평활:-62.7
18:00:10  RSSI샘플:14507
18:00:10  RSSI경과ms:8
18:00:10  차량수신:7125
18:00:10  시각ms:784640
18:00:10  IMU시각ms:784640
18:00:10  위험:0
18:00:10  GPS유효:1
18:00:10  위도:37.496487
18:00:10  경도:126.957993
18:00:10  속도:0.272
18:00:10  방향:167.4
18:00:10  GPS원시속도:0.298
18:00:10  GPS원시방향유효:1
18:00:10  GPS원시방향:167.4
18:00:10  가속도:7.001,6.742,5.215
18:00:10  자이로:46.412,4.626,18.496
18:00:10  자력계:-34.200,52.800,13.650
18:00:10  송신:7667
18:00:10  GPS위성:7
18:00:10  GPS_HDOP:1.26
18:00:10  원시위도:37.496487
18:00:10  원시경도:126.957998
18:00:10  GPS채택:1459
18:00:10  GPS이상치거부:0
18:00:10  GPS품질거부:1
18:00:10  GPS재기준:0
18:00:10  RSSI원시:-65
18:00:10  RSSI평활:-62.7
18:00:10  RSSI샘플:14507
18:00:10  RSSI경과ms:29
18:00:10  차량수신:7125
18:00:11  시각ms:784662
18:00:11  IMU시각ms:784662
18:00:11  위험:0
18:00:11  GPS유효:1
18:00:11  위도:37.496487
18:00:11  경도:126.957993
18:00:11  속도:0.261
18:00:11  방향:167.4
18:00:11  GPS원시속도:0.242
18:00:11  GPS원시방향유효:1
18:00:11  GPS원시방향:167.4
18:00:11  가속도:7.288,6.929,6.560
18:00:11  자이로:33.412,-11.435,25.000
18:00:11  자력계:-34.200,56.550,13.950
18:00:11  송신:7667
18:00:11  GPS위성:7
18:00:11  GPS_HDOP:1.26
18:00:11  원시위도:37.496491
18:00:11  원시경도:126.957990
18:00:11  GPS채택:1460
18:00:11  GPS이상치거부:0
18:00:11  GPS품질거부:1
18:00:11  GPS재기준:0
18:00:11  RSSI원시:-65
18:00:11  RSSI평활:-62.7
18:00:11  RSSI샘플:14507
18:00:11  RSSI경과ms:51
18:00:11  차량수신:7125
18:00:11  시각ms:784684
18:00:11  IMU시각ms:784684
18:00:11  위험:0
18:00:11  GPS유효:1
18:00:11  위도:37.496487
18:00:11  경도:126.957993
18:00:11  속도:0.261
18:00:11  방향:167.4
18:00:11  GPS원시속도:0.242
18:00:11  GPS원시방향유효:1
18:00:11  GPS원시방향:167.4
18:00:11  가속도:-18.742,19.613,19.613
18:00:11  자이로:-95.145,77.527,-20.366
18:00:11  자력계:-32.550,56.100,12.300
18:00:11  송신:7667
18:00:11  GPS위성:7
18:00:11  GPS_HDOP:1.26
18:00:11  원시위도:37.496491
18:00:11  원시경도:126.957990
18:00:11  GPS채택:1460
18:00:11  GPS이상치거부:0
18:00:11  GPS품질거부:1
18:00:11  GPS재기준:0
18:00:11  RSSI원시:-65
18:00:11  RSSI평활:-62.7
18:00:11  RSSI샘플:14507
18:00:11  RSSI경과ms:73
18:00:11  차량수신:7125
18:00:11  시각ms:784719
18:00:11  IMU시각ms:784719
18:00:11  위험:0
18:00:11  GPS유효:1
18:00:11  위도:37.496487
18:00:11  경도:126.957993
18:00:11  속도:0.261
18:00:11  방향:167.4
18:00:11  GPS원시속도:0.242
18:00:11  GPS원시방향유효:1
18:00:11  GPS원시방향:167.4
18:00:11  가속도:8.753,8.174,9.941
18:00:11  자이로:-39.435,-10.481,21.405
18:00:11  자력계:-35.550,55.350,12.750
18:00:11  송신:7668
18:00:11  GPS위성:7
18:00:11  GPS_HDOP:1.26
18:00:11  원시위도:37.496491
18:00:11  원시경도:126.957990
18:00:11  GPS채택:1460
18:00:11  GPS이상치거부:0
18:00:11  GPS품질거부:1
18:00:11  GPS재기준:0
18:00:11  RSSI원시:-71
18:00:11  RSSI평활:-65.7
18:00:11  RSSI샘플:14509
18:00:11  RSSI경과ms:5
18:00:11  차량수신:7126
18:00:11  시각ms:784741
18:00:11  IMU시각ms:784741
18:00:11  위험:0
18:00:11  GPS유효:1
18:00:11  위도:37.496487
18:00:11  경도:126.957993
18:00:11  속도:0.261
18:00:11  방향:167.4
18:00:11  GPS원시속도:0.242
18:00:11  GPS원시방향유효:1
18:00:11  GPS원시방향:167.4
18:00:11  가속도:7.025,6.613,4.434
18:00:11  자이로:10.336,51.969,-0.710
18:00:11  자력계:-35.250,54.150,13.050
18:00:11  송신:7668
18:00:11  GPS위성:7
18:00:11  GPS_HDOP:1.26
18:00:11  원시위도:37.496491
18:00:11  원시경도:126.957990
18:00:11  GPS채택:1460
18:00:11  GPS이상치거부:0
18:00:11  GPS품질거부:1
18:00:11  GPS재기준:0
18:00:11  RSSI원시:-71
18:00:11  RSSI평활:-65.7
18:00:11  RSSI샘플:14509
18:00:11  RSSI경과ms:27
18:00:11  차량수신:7126
18:00:11  시각ms:784763
18:00:11  IMU시각ms:784763
18:00:11  위험:0
18:00:11  GPS유효:1
18:00:11  위도:37.496487
18:00:11  경도:126.957993
18:00:11  속도:0.261
18:00:11  방향:167.4
18:00:11  GPS원시속도:0.242
18:00:11  GPS원시방향유효:1
18:00:11  GPS원시방향:167.4
18:00:11  가속도:4.061,1.523,16.506
18:00:11  자이로:12.740,-17.779,-1.969
18:00:11  자력계:-33.750,53.400,14.250
18:00:11  송신:7668
18:00:11  GPS위성:7
18:00:11  GPS_HDOP:1.26
18:00:11  원시위도:37.496491
18:00:11  원시경도:126.957990
18:00:11  GPS채택:1460
18:00:11  GPS이상치거부:0
18:00:11  GPS품질거부:1
18:00:11  GPS재기준:0
18:00:11  RSSI원시:-71
18:00:11  RSSI평활:-65.7
18:00:11  RSSI샘플:14509
18:00:11  RSSI경과ms:49
18:00:11  차량수신:7126
18:00:11  시각ms:784785
18:00:11  IMU시각ms:784785
18:00:11  위험:0
18:00:11  GPS유효:1
18:00:11  위도:37.496490
18:00:11  경도:126.957993
18:00:11  속도:0.254
18:00:11  방향:167.4
18:00:11  GPS원시속도:0.242
18:00:11  GPS원시방향유효:1
18:00:11  GPS원시방향:167.4
18:00:11  가속도:3.314,8.633,8.782
18:00:11  자이로:-35.580,5.641,4.290
18:00:11  자력계:-34.650,53.550,12.900
18:00:11  송신:7668
18:00:11  GPS위성:7
18:00:11  GPS_HDOP:1.67
18:00:11  원시위도:37.496491
18:00:11  원시경도:126.957990
18:00:11  GPS채택:1461
18:00:11  GPS이상치거부:0
18:00:11  GPS품질거부:1
18:00:11  GPS재기준:0
18:00:11  RSSI원시:-71
18:00:11  RSSI평활:-65.7
18:00:11  RSSI샘플:14509
18:00:11  RSSI경과ms:71
18:00:11  차량수신:7126
18:00:11  시각ms:784820
18:00:11  IMU시각ms:784820
18:00:11  위험:0
18:00:11  GPS유효:1
18:00:11  위도:37.496490
18:00:11  경도:126.957993
18:00:11  속도:0.254
18:00:11  방향:167.4
18:00:11  GPS원시속도:0.242
18:00:11  GPS원시방향유효:1
18:00:11  GPS원시방향:167.4
18:00:11  가속도:6.038,5.866,1.470
18:00:11  자이로:-40.969,-12.481,5.985
18:00:11  자력계:-33.300,54.150,13.800
18:00:11  송신:7669
18:00:11  GPS위성:7
18:00:11  GPS_HDOP:1.67
18:00:11  원시위도:37.496491
18:00:11  원시경도:126.957990
18:00:11  GPS채택:1461
18:00:11  GPS이상치거부:0
18:00:11  GPS품질거부:1
18:00:11  GPS재기준:0
18:00:11  RSSI원시:-69
18:00:11  RSSI평활:-66.9
18:00:11  RSSI샘플:14511
18:00:11  RSSI경과ms:4
18:00:11  차량수신:7127
18:00:11  시각ms:784842
18:00:11  IMU시각ms:784842
18:00:11  위험:0
18:00:11  GPS유효:1
18:00:11  위도:37.496490
18:00:11  경도:126.957993
18:00:11  속도:0.254
18:00:11  방향:167.4
18:00:11  GPS원시속도:0.242
18:00:11  GPS원시방향유효:1
18:00:11  GPS원시방향:167.4
18:00:11  가속도:5.760,4.343,4.166
18:00:11  자이로:-41.244,-10.916,9.649
18:00:11  자력계:-33.150,52.800,15.150
18:00:11  송신:7669
18:00:11  GPS위성:7
18:00:11  GPS_HDOP:1.67
18:00:11  원시위도:37.496491
18:00:11  원시경도:126.957990
18:00:11  GPS채택:1461
18:00:11  GPS이상치거부:0
18:00:11  GPS품질거부:1
18:00:11  GPS재기준:0
18:00:11  RSSI원시:-69
18:00:11  RSSI평활:-66.9
18:00:11  RSSI샘플:14511
18:00:11  RSSI경과ms:26
18:00:11  차량수신:7127
18:00:11  시각ms:784864
18:00:11  IMU시각ms:784864
18:00:11  위험:0
18:00:11  GPS유효:1
18:00:11  위도:37.496490
18:00:11  경도:126.957993
18:00:11  속도:0.254
18:00:11  방향:167.4
18:00:11  GPS원시속도:0.242
18:00:11  GPS원시방향유효:1
18:00:11  GPS원시방향:167.4
18:00:11  가속도:5.593,3.879,5.296
18:00:11  자이로:-33.015,-7.405,11.198
18:00:11  자력계:-36.300,51.000,14.250
18:00:11  송신:7669
18:00:11  GPS위성:7
18:00:11  GPS_HDOP:1.67
18:00:11  원시위도:37.496491
18:00:11  원시경도:126.957990
18:00:11  GPS채택:1461
18:00:11  GPS이상치거부:0
18:00:11  GPS품질거부:1
18:00:11  GPS재기준:0
18:00:11  RSSI원시:-69
18:00:11  RSSI평활:-66.9
18:00:11  RSSI샘플:14511
18:00:11  RSSI경과ms:48
18:00:11  차량수신:7127
18:00:11  시각ms:784886
18:00:11  IMU시각ms:784886
18:00:11  위험:0
18:00:11  GPS유효:1
18:00:11  위도:37.496490
18:00:11  경도:126.957993
18:00:11  속도:0.254
18:00:11  방향:167.4
18:00:11  GPS원시속도:0.242
18:00:11  GPS원시방향유효:1
18:00:11  GPS원시방향:167.4
18:00:11  가속도:5.239,2.993,5.559
18:00:11  자이로:-17.412,-4.015,11.489
18:00:11  자력계:-34.050,50.250,13.500
18:00:11  송신:7669
18:00:11  GPS위성:7
18:00:11  GPS_HDOP:1.67
18:00:11  원시위도:37.496491
18:00:11  원시경도:126.957990
18:00:11  GPS채택:1461
18:00:11  GPS이상치거부:0
18:00:11  GPS품질거부:1
18:00:11  GPS재기준:0
18:00:11  RSSI원시:-69
18:00:11  RSSI평활:-66.9
18:00:11  RSSI샘플:14511
18:00:11  RSSI경과ms:70
18:00:11  차량수신:7127
18:00:11  시각ms:784921
18:00:11  IMU시각ms:784921
18:00:11  위험:0
18:00:11  GPS유효:1
18:00:11  위도:37.496490
18:00:11  경도:126.957993
18:00:11  속도:0.254
18:00:11  방향:167.4
18:00:11  GPS원시속도:0.242
18:00:11  GPS원시방향유효:1
18:00:11  GPS원시방향:167.4
18:00:11  가속도:4.027,2.385,4.602
18:00:11  자이로:19.855,6.000,11.038
18:00:11  자력계:-35.550,49.950,12.300
18:00:11  송신:7670
18:00:11  GPS위성:7
18:00:11  GPS_HDOP:1.67
18:00:11  원시위도:37.496491
18:00:11  원시경도:126.957990
18:00:11  GPS채택:1461
18:00:11  GPS이상치거부:0
18:00:11  GPS품질거부:1
18:00:11  GPS재기준:0
18:00:11  RSSI원시:-69
18:00:11  RSSI평활:-67.7
18:00:11  RSSI샘플:14513
18:00:11  RSSI경과ms:7
18:00:11  차량수신:7128
18:00:11  시각ms:784943
18:00:11  IMU시각ms:784943
18:00:11  위험:0
18:00:11  GPS유효:1
18:00:11  위도:37.496490
18:00:11  경도:126.957993
18:00:11  속도:0.254
18:00:11  방향:167.4
18:00:11  GPS원시속도:0.242
18:00:11  GPS원시방향유효:1
18:00:11  GPS원시방향:167.4
18:00:11  가속도:3.687,2.284,4.108
18:00:11  자이로:37.985,9.321,14.389
18:00:11  자력계:-33.900,52.350,13.650
18:00:11  송신:7670
18:00:11  GPS위성:7
18:00:11  GPS_HDOP:1.67
18:00:11  원시위도:37.496491
18:00:11  원시경도:126.957990
18:00:11  GPS채택:1461
18:00:11  GPS이상치거부:0
18:00:11  GPS품질거부:1
18:00:11  GPS재기준:0
18:00:11  RSSI원시:-69
18:00:11  RSSI평활:-67.7
18:00:11  RSSI샘플:14513
18:00:11  RSSI경과ms:29
18:00:11  차량수신:7128
18:00:11  시각ms:784987
18:00:11  IMU시각ms:784987
18:00:11  위험:0
18:00:11  GPS유효:1
18:00:11  위도:37.496490
18:00:11  경도:126.957993
18:00:11  속도:0.254
18:00:11  방향:167.4
18:00:11  GPS원시속도:0.242
18:00:11  GPS원시방향유효:1
18:00:11  GPS원시방향:167.4
18:00:11  가속도:3.299,3.917,6.292
18:00:11  자이로:48.702,-14.290,15.275
18:00:11  자력계:-36.150,52.800,13.650
18:00:11  송신:7670
18:00:11  GPS위성:7
18:00:11  GPS_HDOP:1.67
18:00:11  원시위도:37.496491
18:00:11  원시경도:126.957990
18:00:11  GPS채택:1461
18:00:11  GPS이상치거부:0
18:00:11  GPS품질거부:1
18:00:11  GPS재기준:0
18:00:11  RSSI원시:-69
18:00:11  RSSI평활:-67.7
18:00:11  RSSI샘플:14513
18:00:11  RSSI경과ms:73
18:00:11  차량수신:7128
18:00:11  시각ms:785022
18:00:11  IMU시각ms:785022
18:00:11  위험:0
18:00:11  GPS유효:1
18:00:11  위도:37.496490
18:00:11  경도:126.957993
18:00:11  속도:0.254
18:00:11  방향:167.4
18:00:11  GPS원시속도:0.242
18:00:11  GPS원시방향유효:1
18:00:11  GPS원시방향:167.4
18:00:11  가속도:-1.920,19.613,-1.566
18:00:11  자이로:-24.366,-210.992,-8.214
18:00:11  자력계:-35.250,53.400,12.000
18:00:11  송신:7671
18:00:11  GPS위성:7
18:00:11  GPS_HDOP:1.67
18:00:11  원시위도:37.496491
18:00:11  원시경도:126.957990
18:00:11  GPS채택:1461
18:00:11  GPS이상치거부:0
18:00:11  GPS품질거부:1
18:00:11  GPS재기준:0
18:00:11  RSSI원시:-68
18:00:11  RSSI평활:-67.9
18:00:11  RSSI샘플:14515
18:00:11  RSSI경과ms:4
18:00:11  차량수신:7129
18:00:11  시각ms:785044
18:00:11  IMU시각ms:785044
18:00:11  위험:0
18:00:11  GPS유효:1
18:00:11  위도:37.496490
18:00:11  경도:126.957993
18:00:11  속도:0.254
18:00:11  방향:167.4
18:00:11  GPS원시속도:0.242
18:00:11  GPS원시방향유효:1
18:00:11  GPS원시방향:167.4
18:00:11  가속도:10.190,8.906,19.613
18:00:11  자이로:-133.733,138.916,-153.130
18:00:11  자력계:-36.450,52.800,12.150
18:00:11  송신:7671
18:00:11  GPS위성:7
18:00:11  GPS_HDOP:1.67
18:00:11  원시위도:37.496491
18:00:11  원시경도:126.957990
18:00:11  GPS채택:1461
18:00:11  GPS이상치거부:0
18:00:11  GPS품질거부:1
18:00:11  GPS재기준:0
18:00:11  RSSI원시:-68
18:00:11  RSSI평활:-67.9
18:00:11  RSSI샘플:14515
18:00:11  RSSI경과ms:26
18:00:11  차량수신:7129
18:00:11  시각ms:785066
18:00:11  IMU시각ms:785066
18:00:11  위험:0
18:00:11  GPS유효:1
18:00:11  위도:37.496490
18:00:11  경도:126.957993
18:00:11  속도:0.254
18:00:11  방향:167.4
18:00:11  GPS원시속도:0.242
18:00:11  GPS원시방향유효:1
18:00:11  GPS원시방향:167.4
18:00:11  가속도:3.735,6.579,5.885
18:00:11  자이로:-7.221,42.313,-14.580
18:00:11  자력계:-37.050,55.650,12.300
18:00:11  송신:7671
18:00:11  GPS위성:7
18:00:11  GPS_HDOP:1.67
18:00:11  원시위도:37.496491
18:00:11  원시경도:126.957990
18:00:11  GPS채택:1461
18:00:11  GPS이상치거부:0
18:00:11  GPS품질거부:1
18:00:11  GPS재기준:0
18:00:11  RSSI원시:-68
18:00:11  RSSI평활:-67.9
18:00:11  RSSI샘플:14515
18:00:11  RSSI경과ms:48
18:00:11  차량수신:7129
18:00:11  시각ms:785088
18:00:11  IMU시각ms:785088
18:00:11  위험:0
18:00:11  GPS유효:1
18:00:11  위도:37.496490
18:00:11  경도:126.957993
18:00:11  속도:0.254
18:00:11  방향:167.4
18:00:11  GPS원시속도:0.242
18:00:11  GPS원시방향유효:1
18:00:11  GPS원시방향:167.4
18:00:11  가속도:12.225,2.413,8.308
18:00:11  자이로:-32.611,18.878,0.397
18:00:11  자력계:-37.650,55.800,13.200
18:00:11  송신:7671
18:00:11  GPS위성:7
18:00:11  GPS_HDOP:1.67
18:00:11  원시위도:37.496491
18:00:11  원시경도:126.957990
18:00:11  GPS채택:1461
18:00:11  GPS이상치거부:0
18:00:11  GPS품질거부:1
18:00:11  GPS재기준:0
18:00:11  RSSI원시:-68
18:00:11  RSSI평활:-67.9
18:00:11  RSSI샘플:14515
18:00:11  RSSI경과ms:70
18:00:11  차량수신:7129
18:00:11  시각ms:785123
18:00:11  IMU시각ms:785123
18:00:11  위험:0
18:00:11  GPS유효:1
18:00:11  위도:37.496490
18:00:11  경도:126.957993
18:00:11  속도:0.254
18:00:11  방향:167.4
18:00:11  GPS원시속도:0.242
18:00:11  GPS원시방향유효:1
18:00:11  GPS원시방향:167.4
18:00:11  가속도:5.071,5.138,7.106
18:00:11  자이로:-65.015,-77.664,-2.046
18:00:11  자력계:-36.300,53.400,13.050
18:00:11  송신:7672
18:00:11  GPS위성:7
18:00:11  GPS_HDOP:1.67
18:00:11  원시위도:37.496491
18:00:11  원시경도:126.957990
18:00:11  GPS채택:1461
18:00:11  GPS이상치거부:0
18:00:11  GPS품질거부:1
18:00:11  GPS재기준:0
18:00:11  RSSI원시:-69
18:00:11  RSSI평활:-68.5
18:00:11  RSSI샘플:14517
18:00:11  RSSI경과ms:7
18:00:11  차량수신:7130
18:00:11  시각ms:785167
18:00:11  IMU시각ms:785167
18:00:11  위험:0
18:00:11  GPS유효:1
18:00:11  위도:37.496490
18:00:11  경도:126.957993
18:00:11  속도:0.254
18:00:11  방향:167.4
18:00:11  GPS원시속도:0.242
18:00:11  GPS원시방향유효:1
18:00:11  GPS원시방향:167.4
18:00:11  가속도:6.680,5.037,4.367
18:00:11  자이로:-96.198,-70.496,-6.824
18:00:11  자력계:-40.200,48.900,11.100
18:00:11  송신:7672
18:00:11  GPS위성:7
18:00:11  GPS_HDOP:1.67
18:00:11  원시위도:37.496491
18:00:11  원시경도:126.957990
18:00:11  GPS채택:1461
18:00:11  GPS이상치거부:0
18:00:11  GPS품질거부:1
18:00:11  GPS재기준:0
18:00:11  RSSI원시:-69
18:00:11  RSSI평활:-68.5
18:00:11  RSSI샘플:14517
18:00:11  RSSI경과ms:51
18:00:11  차량수신:7130
18:00:11  시각ms:785222
18:00:11  IMU시각ms:785222
18:00:11  위험:0
18:00:11  GPS유효:1
18:00:11  위도:37.496490
18:00:11  경도:126.957993
18:00:11  속도:0.254
18:00:11  방향:167.4
18:00:11  GPS원시속도:0.242
18:00:11  GPS원시방향유효:1
18:00:11  GPS원시방향:167.4
18:00:11  가속도:7.427,2.643,4.664
18:00:11  자이로:-15.031,4.359,-9.908
18:00:11  자력계:-42.900,45.450,10.350
18:00:11  송신:7673
18:00:11  GPS위성:7
18:00:11  GPS_HDOP:1.67
18:00:11  원시위도:37.496491
18:00:11  원시경도:126.957990
18:00:11  GPS채택:1461
18:00:11  GPS이상치거부:0
18:00:11  GPS품질거부:1
18:00:11  GPS재기준:0
18:00:11  RSSI원시:-66
18:00:11  RSSI평활:-67.4
18:00:11  RSSI샘플:14519
18:00:11  RSSI경과ms:3
18:00:11  차량수신:7131
18:00:11  시각ms:785244
18:00:11  IMU시각ms:785244
18:00:11  위험:0
18:00:11  GPS유효:1
18:00:11  위도:37.496490
18:00:11  경도:126.957993
18:00:11  속도:0.254
18:00:11  방향:167.4
18:00:11  GPS원시속도:0.242
18:00:11  GPS원시방향유효:1
18:00:11  GPS원시방향:167.4
18:00:11  가속도:5.626,2.801,4.262
18:00:11  자이로:19.863,30.634,-10.366
18:00:11  자력계:-41.550,46.500,9.450
18:00:11  송신:7673
18:00:11  GPS위성:7
18:00:11  GPS_HDOP:1.67
18:00:11  원시위도:37.496491
18:00:11  원시경도:126.957990
18:00:11  GPS채택:1461
18:00:11  GPS이상치거부:0
18:00:11  GPS품질거부:1
18:00:11  GPS재기준:0
18:00:11  RSSI원시:-66
18:00:11  RSSI평활:-67.4
18:00:11  RSSI샘플:14519
18:00:11  RSSI경과ms:25
18:00:11  차량수신:7131
18:00:11  시각ms:785266
18:00:11  IMU시각ms:785266
18:00:11  위험:0
18:00:11  GPS유효:1
18:00:11  위도:37.496490
18:00:11  경도:126.957993
18:00:11  속도:0.254
18:00:11  방향:167.4
18:00:11  GPS원시속도:0.242
18:00:11  GPS원시방향유효:1
18:00:11  GPS원시방향:167.4
18:00:11  가속도:5.842,2.289,5.128
18:00:11  자이로:46.481,42.038,-10.191
18:00:11  자력계:-43.200,46.200,10.650
18:00:11  송신:7673
18:00:11  GPS위성:7
18:00:11  GPS_HDOP:1.67
18:00:11  원시위도:37.496491
18:00:11  원시경도:126.957990
18:00:11  GPS채택:1461
18:00:11  GPS이상치거부:0
18:00:11  GPS품질거부:1
18:00:11  GPS재기준:0
18:00:11  RSSI원시:-66
18:00:11  RSSI평활:-67.4
18:00:11  RSSI샘플:14519
18:00:11  RSSI경과ms:47
18:00:11  차량수신:7131
18:00:11  시각ms:785288
18:00:11  IMU시각ms:785288
18:00:11  위험:0
18:00:11  GPS유효:1
18:00:11  위도:37.496490
18:00:11  경도:126.957993
18:00:11  속도:0.254
18:00:11  방향:167.4
18:00:11  GPS원시속도:0.242
18:00:11  GPS원시방향유효:1
18:00:11  GPS원시방향:167.4
18:00:11  가속도:4.961,3.251,7.096
18:00:11  자이로:47.405,40.672,-11.565
18:00:11  자력계:-41.250,50.250,8.700
18:00:11  송신:7673
18:00:11  GPS위성:7
18:00:11  GPS_HDOP:1.67
18:00:11  원시위도:37.496491
18:00:11  원시경도:126.957990
18:00:11  GPS채택:1461
18:00:11  GPS이상치거부:0
18:00:11  GPS품질거부:1
18:00:11  GPS재기준:0
18:00:11  RSSI원시:-66
18:00:11  RSSI평활:-67.4
18:00:11  RSSI샘플:14519
18:00:11  RSSI경과ms:69
18:00:11  차량수신:7131
18:00:11  시각ms:785322
18:00:11  IMU시각ms:785310
18:00:11  위험:0
18:00:11  GPS유효:1
18:00:11  위도:37.496490
18:00:11  경도:126.957993
18:00:11  속도:0.254
18:00:11  방향:167.4
18:00:11  GPS원시속도:0.242
18:00:11  GPS원시방향유효:1
18:00:11  GPS원시방향:167.4
18:00:11  가속도:4.032,2.667,5.157
18:00:11  자이로:41.298,25.626,-11.351
18:00:11  자력계:-41.700,50.850,10.350
18:00:11  송신:7674
18:00:11  GPS위성:7
18:00:11  GPS_HDOP:1.67
18:00:11  원시위도:37.496491
18:00:11  원시경도:126.957990
18:00:11  GPS채택:1461
18:00:11  GPS이상치거부:0
18:00:11  GPS품질거부:1
18:00:11  GPS재기준:0
18:00:11  RSSI원시:-67
18:00:11  RSSI평활:-67.3
18:00:11  RSSI샘플:14520
18:00:11  RSSI경과ms:5
18:00:11  차량수신:7131
18:00:11  시각ms:785330
18:00:11  IMU시각ms:785330
18:00:11  위험:0
18:00:11  GPS유효:1
18:00:11  위도:37.496490
18:00:11  경도:126.957993
18:00:11  속도:0.254
18:00:11  방향:167.4
18:00:11  GPS원시속도:0.242
18:00:11  GPS원시방향유효:1
18:00:11  GPS원시방향:167.4
18:00:11  가속도:3.247,2.519,4.635
18:00:11  자이로:30.321,9.504,-7.756
18:00:11  자력계:-42.450,50.400,10.050
18:00:11  송신:7674
18:00:11  GPS위성:7
18:00:11  GPS_HDOP:1.67
18:00:11  원시위도:37.496491
18:00:11  원시경도:126.957990
18:00:11  GPS채택:1461
18:00:11  GPS이상치거부:0
18:00:11  GPS품질거부:1
18:00:11  GPS재기준:0
18:00:11  RSSI원시:-66
18:00:11  RSSI평활:-67.1
18:00:11  RSSI샘플:14521
18:00:11  RSSI경과ms:8
18:00:11  차량수신:7132
18:00:11  시각ms:785352
18:00:11  IMU시각ms:785352
18:00:11  위험:0
18:00:11  GPS유효:1
18:00:11  위도:37.496490
18:00:11  경도:126.957993
18:00:11  속도:0.254
18:00:11  방향:167.4
18:00:11  GPS원시속도:0.242
18:00:11  GPS원시방향유효:1
18:00:11  GPS원시방향:167.4
18:00:11  가속도:2.806,2.715,5.464
18:00:11  자이로:14.000,-12.847,-6.519
18:00:11  자력계:-40.800,53.400,9.450
18:00:11  송신:7674
18:00:11  GPS위성:7
18:00:11  GPS_HDOP:1.67
18:00:11  원시위도:37.496491
18:00:11  원시경도:126.957990
18:00:11  GPS채택:1461
18:00:11  GPS이상치거부:0
18:00:11  GPS품질거부:1
18:00:11  GPS재기준:0
18:00:11  RSSI원시:-66
18:00:11  RSSI평활:-67.1
18:00:11  RSSI샘플:14521
18:00:11  RSSI경과ms:30
18:00:11  차량수신:7132
18:00:11  시각ms:785374
18:00:11  IMU시각ms:785374
18:00:11  위험:0
18:00:11  GPS유효:1
18:00:11  위도:37.496490
18:00:11  경도:126.957993
18:00:11  속도:0.254
18:00:11  방향:167.4
18:00:11  GPS원시속도:0.242
18:00:11  GPS원시방향유효:1
18:00:11  GPS원시방향:167.4
18:00:11  가속도:3.184,3.069,6.057
18:00:11  자이로:-2.618,-35.061,-1.237
18:00:11  자력계:-42.300,54.150,8.700
18:00:11  송신:7674
18:00:11  GPS위성:7
18:00:11  GPS_HDOP:1.67
18:00:11  원시위도:37.496491
18:00:11  원시경도:126.957990
18:00:11  GPS채택:1461
18:00:11  GPS이상치거부:0
18:00:11  GPS품질거부:1
18:00:11  GPS재기준:0
18:00:11  RSSI원시:-66
18:00:11  RSSI평활:-67.1
18:00:11  RSSI샘플:14521
18:00:11  RSSI경과ms:52
18:00:11  차량수신:7132
18:00:11  시각ms:785396
18:00:11  IMU시각ms:785396
18:00:11  위험:0
18:00:11  GPS유효:1
18:00:11  위도:37.496490
18:00:11  경도:126.957993
18:00:11  속도:0.254
18:00:11  방향:167.4
18:00:11  GPS원시속도:0.242
18:00:11  GPS원시방향유효:1
18:00:11  GPS원시방향:167.4
18:00:11  가속도:3.783,2.974,5.435
18:00:11  자이로:-13.374,-49.580,0.824
18:00:11  자력계:-42.000,53.400,9.450
18:00:11  송신:7674
18:00:11  GPS위성:7
18:00:11  GPS_HDOP:1.67
18:00:11  원시위도:37.496491
18:00:11  원시경도:126.957990
18:00:11  GPS채택:1461
18:00:11  GPS이상치거부:0
18:00:11  GPS품질거부:1
18:00:11  GPS재기준:0
18:00:11  RSSI원시:-66
18:00:11  RSSI평활:-67.1
18:00:11  RSSI샘플:14521
18:00:11  RSSI경과ms:74
18:00:11  차량수신:7132
18:00:11  시각ms:785429
18:00:11  IMU시각ms:785429
18:00:11  위험:0
18:00:11  GPS유효:1
18:00:11  위도:37.496490
18:00:11  경도:126.957993
18:00:11  속도:0.254
18:00:11  방향:167.4
18:00:11  GPS원시속도:0.242
18:00:11  GPS원시방향유효:1
18:00:11  GPS원시방향:167.4
18:00:11  가속도:5.583,3.199,5.550
18:00:11  자이로:9.305,-41.954,-1.137
18:00:11  자력계:-44.700,53.550,10.050
18:00:11  송신:7675
18:00:11  GPS위성:7
18:00:11  GPS_HDOP:1.67
18:00:11  원시위도:37.496491
18:00:11  원시경도:126.957990
18:00:11  GPS채택:1461
18:00:11  GPS이상치거부:0
18:00:11  GPS품질거부:1
18:00:11  GPS재기준:0
18:00:11  RSSI원시:-64
18:00:11  RSSI평활:-66.5
18:00:11  RSSI샘플:14522
18:00:11  RSSI경과ms:5
18:00:11  차량수신:7133
18:00:11  시각ms:785451
18:00:11  IMU시각ms:785451
18:00:11  위험:0
18:00:11  GPS유효:1
18:00:11  위도:37.496490
18:00:11  경도:126.957993
18:00:11  속도:0.254
18:00:11  방향:167.4
18:00:11  GPS원시속도:0.242
18:00:11  GPS원시방향유효:1
18:00:11  GPS원시방향:167.4
18:00:11  가속도:9.969,-4.693,4.836
18:00:11  자이로:116.435,-25.092,5.481
18:00:11  자력계:-45.750,52.650,9.750
18:00:11  송신:7675
18:00:11  GPS위성:7
18:00:11  GPS_HDOP:1.67
18:00:11  원시위도:37.496491
18:00:11  원시경도:126.957990
18:00:11  GPS채택:1461
18:00:11  GPS이상치거부:0
18:00:11  GPS품질거부:1
18:00:11  GPS재기준:0
18:00:11  RSSI원시:-63
18:00:11  RSSI평활:-65.8
18:00:11  RSSI샘플:14523
18:00:11  RSSI경과ms:21
18:00:11  차량수신:7133
18:00:11  시각ms:785473
18:00:11  IMU시각ms:785473
18:00:11  위험:0
18:00:11  GPS유효:1
18:00:11  위도:37.496490
18:00:11  경도:126.957993
18:00:11  속도:0.254
18:00:11  방향:167.4
18:00:11  GPS원시속도:0.242
18:00:11  GPS원시방향유효:1
18:00:11  GPS원시방향:167.4
18:00:11  가속도:9.807,-1.456,15.682
18:00:11  자이로:37.802,-19.244,0.802
18:00:11  자력계:-45.750,53.700,8.700
18:00:11  송신:7675
18:00:11  GPS위성:7
18:00:11  GPS_HDOP:1.67
18:00:11  원시위도:37.496491
18:00:11  원시경도:126.957990
18:00:11  GPS채택:1461
18:00:11  GPS이상치거부:0
18:00:11  GPS품질거부:1
18:00:11  GPS재기준:0
18:00:11  RSSI원시:-63
18:00:11  RSSI평활:-65.8
18:00:11  RSSI샘플:14523
18:00:11  RSSI경과ms:43
18:00:11  차량수신:7133
18:00:12  시각ms:785529
18:00:12  IMU시각ms:785517
18:00:12  위험:0
18:00:12  GPS유효:1
18:00:12  위도:37.496490
18:00:12  경도:126.957993
18:00:12  속도:0.254
18:00:12  방향:167.4
18:00:12  GPS원시속도:0.242
18:00:12  GPS원시방향유효:1
18:00:12  GPS원시방향:167.4
18:00:12  가속도:6.603,10.664,17.679
18:00:12  자이로:36.885,57.763,-0.489
18:00:12  자력계:-44.250,55.350,10.500
18:00:12  송신:7676
18:00:12  GPS위성:7
18:00:12  GPS_HDOP:1.67
18:00:12  원시위도:37.496491
18:00:12  원시경도:126.957990
18:00:12  GPS채택:1461
18:00:12  GPS이상치거부:0
18:00:12  GPS품질거부:1
18:00:12  GPS재기준:0
18:00:12  RSSI원시:-63
18:00:12  RSSI평활:-65.8
18:00:12  RSSI샘플:14523
18:00:12  RSSI경과ms:99
18:00:12  차량수신:7133
18:00:12  시각ms:785559
18:00:12  IMU시각ms:785559
18:00:12  위험:0
18:00:12  GPS유효:1
18:00:12  위도:37.496490
18:00:12  경도:126.957993
18:00:12  속도:0.254
18:00:12  방향:167.4
18:00:12  GPS원시속도:0.242
18:00:12  GPS원시방향유효:1
18:00:12  GPS원시방향:167.4
18:00:12  가속도:1.628,7.178,1.413
18:00:12  자이로:-17.740,-10.168,-12.359
18:00:12  자력계:-41.250,55.650,10.500
18:00:12  송신:7676
18:00:12  GPS위성:7
18:00:12  GPS_HDOP:1.67
18:00:12  원시위도:37.496491
18:00:12  원시경도:126.957990
18:00:12  GPS채택:1461
18:00:12  GPS이상치거부:0
18:00:12  GPS품질거부:1
18:00:12  GPS재기준:0
18:00:12  RSSI원시:-66
18:00:12  RSSI평활:-65.7
18:00:12  RSSI샘플:14525
18:00:12  RSSI경과ms:27
18:00:12  차량수신:7134
18:00:12  시각ms:785660
18:00:12  IMU시각ms:785660
18:00:12  위험:0
18:00:12  GPS유효:1
18:00:12  위도:37.496490
18:00:12  경도:126.957993
18:00:12  속도:0.225
18:00:12  방향:167.4
18:00:12  GPS원시속도:0.170
18:00:12  GPS원시방향유효:1
18:00:12  GPS원시방향:167.4
18:00:12  가속도:2.207,3.486,5.837
18:00:12  자이로:0.076,21.977,-9.435
18:00:12  자력계:-41.700,51.300,10.650
18:00:12  송신:7677
18:00:12  GPS위성:7
18:00:12  GPS_HDOP:1.67
18:00:12  원시위도:37.496492
18:00:12  원시경도:126.957986
18:00:12  GPS채택:1462
18:00:12  GPS이상치거부:0
18:00:12  GPS품질거부:1
18:00:12  GPS재기준:0
18:00:12  RSSI원시:-66
18:00:12  RSSI평활:-66.0
18:00:12  RSSI샘플:14527
18:00:12  RSSI경과ms:30
18:00:12  차량수신:7135
18:00:12  시각ms:785704
18:00:12  IMU시각ms:785704
18:00:12  위험:0
18:00:12  GPS유효:1
18:00:12  위도:37.496490
18:00:12  경도:126.957993
18:00:12  속도:0.225
18:00:12  방향:167.4
18:00:12  GPS원시속도:0.170
18:00:12  GPS원시방향유효:1
18:00:12  GPS원시방향:167.4
18:00:12  가속도:2.380,3.668,5.373
18:00:12  자이로:19.000,31.076,-6.740
18:00:12  자력계:-42.150,53.100,11.100
18:00:12  송신:7677
18:00:12  GPS위성:7
18:00:12  GPS_HDOP:1.67
18:00:12  원시위도:37.496492
18:00:12  원시경도:126.957986
18:00:12  GPS채택:1462
18:00:12  GPS이상치거부:0
18:00:12  GPS품질거부:1
18:00:12  GPS재기준:0
18:00:12  RSSI원시:-66
18:00:12  RSSI평활:-66.0
18:00:12  RSSI샘플:14527
18:00:12  RSSI경과ms:74
18:00:12  차량수신:7135
18:00:12  시각ms:785739
18:00:12  IMU시각ms:785739
18:00:12  위험:0
18:00:12  GPS유효:1
18:00:12  위도:37.496490
18:00:12  경도:126.957993
18:00:12  속도:0.225
18:00:12  방향:167.4
18:00:12  GPS원시속도:0.170
18:00:12  GPS원시방향유효:1
18:00:12  GPS원시방향:167.4
18:00:12  가속도:3.323,4.324,5.856
18:00:12  자이로:28.588,30.985,-1.359
18:00:12  자력계:-40.500,52.200,12.750
18:00:12  송신:7678
18:00:12  GPS위성:7
18:00:12  GPS_HDOP:1.67
18:00:12  원시위도:37.496492
18:00:12  원시경도:126.957986
18:00:12  GPS채택:1462
18:00:12  GPS이상치거부:0
18:00:12  GPS품질거부:1
18:00:12  GPS재기준:0
18:00:12  RSSI원시:-67
18:00:12  RSSI평활:-66.2
18:00:12  RSSI샘플:14528
18:00:12  RSSI경과ms:2
18:00:12  차량수신:7135
18:00:12  시각ms:785941
18:00:12  IMU시각ms:785941
18:00:12  위험:0
18:00:12  GPS유효:1
18:00:12  위도:37.496490
18:00:12  경도:126.957985
18:00:12  속도:0.206
18:00:12  방향:167.4
18:00:12  GPS원시속도:0.170
18:00:12  GPS원시방향유효:1
18:00:12  GPS원시방향:167.4
18:00:12  가속도:6.900,8.064,12.277
18:00:12  자이로:31.511,28.489,-2.656
18:00:12  자력계:-40.050,53.400,12.000
18:00:12  송신:7680
18:00:12  GPS위성:7
18:00:12  GPS_HDOP:1.26
18:00:12  원시위도:37.496492
18:00:12  원시경도:126.957986
18:00:12  GPS채택:1463
18:00:12  GPS이상치거부:0
18:00:12  GPS품질거부:1
18:00:12  GPS재기준:0
18:00:12  RSSI원시:-68
18:00:12  RSSI평활:-67.4
18:00:12  RSSI샘플:14532
18:00:12  RSSI경과ms:2
18:00:12  차량수신:7137
18:00:12  시각ms:785985
18:00:12  IMU시각ms:785985
18:00:12  위험:0
18:00:12  GPS유효:1
18:00:12  위도:37.496490
18:00:12  경도:126.957985
18:00:12  속도:0.206
18:00:12  방향:167.4
18:00:12  GPS원시속도:0.170
18:00:12  GPS원시방향유효:1
18:00:12  GPS원시방향:167.4
18:00:12  가속도:3.112,5.181,6.881
18:00:12  자이로:-25.947,5.794,-7.122
18:00:12  자력계:-36.450,54.750,12.600
18:00:12  송신:7680
18:00:12  GPS위성:7
18:00:12  GPS_HDOP:1.26
18:00:12  원시위도:37.496492
18:00:12  원시경도:126.957986
18:00:12  GPS채택:1463
18:00:12  GPS이상치거부:0
18:00:12  GPS품질거부:1
18:00:12  GPS재기준:0
18:00:12  RSSI원시:-68
18:00:12  RSSI평활:-67.4
18:00:12  RSSI샘플:14532
18:00:12  RSSI경과ms:46
18:00:12  차량수신:7137
18:00:12  시각ms:786007
18:00:12  IMU시각ms:786007
18:00:12  위험:0
18:00:12  GPS유효:1
18:00:12  위도:37.496490
18:00:12  경도:126.957985
18:00:12  속도:0.206
18:00:12  방향:167.4
18:00:12  GPS원시속도:0.170
18:00:12  GPS원시방향유효:1
18:00:12  GPS원시방향:167.4
18:00:12  가속도:3.792,4.659,6.254
18:00:12  자이로:-44.137,-14.603,-4.840
18:00:12  자력계:-37.200,51.300,12.150
18:00:12  송신:7680
18:00:12  GPS위성:7
18:00:12  GPS_HDOP:1.26
18:00:12  원시위도:37.496492
18:00:12  원시경도:126.957986
18:00:12  GPS채택:1463
18:00:12  GPS이상치거부:0
18:00:12  GPS품질거부:1
18:00:12  GPS재기준:0
18:00:12  RSSI원시:-68
18:00:12  RSSI평활:-67.4
18:00:12  RSSI샘플:14532
18:00:12  RSSI경과ms:68
18:00:12  차량수신:7137
18:00:12  시각ms:786042
18:00:12  IMU시각ms:786042
18:00:12  위험:0
18:00:12  GPS유효:1
18:00:12  위도:37.496490
18:00:12  경도:126.957985
18:00:12  속도:0.206
18:00:12  방향:167.4
18:00:12  GPS원시속도:0.170
18:00:12  GPS원시방향유효:1
18:00:12  GPS원시방향:167.4
18:00:12  가속도:2.327,4.741,5.224
18:00:12  자이로:-39.824,-11.267,-5.992
18:00:12  자력계:-38.250,51.000,11.250
18:00:12  송신:7681
18:00:12  GPS위성:7
18:00:12  GPS_HDOP:1.26
18:00:12  원시위도:37.496492
18:00:12  원시경도:126.957986
18:00:12  GPS채택:1463
18:00:12  GPS이상치거부:0
18:00:12  GPS품질거부:1
18:00:12  GPS재기준:0
18:00:12  RSSI원시:-69
18:00:12  RSSI평활:-68.0
18:00:12  RSSI샘플:14534
18:00:12  RSSI경과ms:2
18:00:12  차량수신:7138
18:00:12  시각ms:786064
18:00:12  IMU시각ms:786064
18:00:12  위험:0
18:00:12  GPS유효:1
18:00:12  위도:37.496490
18:00:12  경도:126.957985
18:00:12  속도:0.206
18:00:12  방향:167.4
18:00:12  GPS원시속도:0.170
18:00:12  GPS원시방향유효:1
18:00:12  GPS원시방향:167.4
18:00:12  가속도:3.127,4.401,4.487
18:00:12  자이로:-20.405,3.221,-3.504
18:00:12  자력계:-37.650,50.400,13.200
18:00:12  송신:7681
18:00:12  GPS위성:7
18:00:12  GPS_HDOP:1.26
18:00:12  원시위도:37.496492
18:00:12  원시경도:126.957986
18:00:12  GPS채택:1463
18:00:12  GPS이상치거부:0
18:00:12  GPS품질거부:1
18:00:12  GPS재기준:0
18:00:12  RSSI원시:-69
18:00:12  RSSI평활:-68.0
18:00:12  RSSI샘플:14534
18:00:12  RSSI경과ms:24
18:00:12  차량수신:7138
18:00:12  시각ms:786143
18:00:12  IMU시각ms:786143
18:00:12  위험:0
18:00:12  GPS유효:1
18:00:12  위도:37.496490
18:00:12  경도:126.957985
18:00:12  속도:0.206
18:00:12  방향:167.4
18:00:12  GPS원시속도:0.170
18:00:12  GPS원시방향유효:1
18:00:12  GPS원시방향:167.4
18:00:12  가속도:5.784,4.970,5.516
18:00:12  자이로:32.817,17.420,0.511
18:00:12  자력계:-37.050,49.950,12.300
18:00:12  송신:7682
18:00:12  GPS위성:7
18:00:12  GPS_HDOP:1.26
18:00:12  원시위도:37.496492
18:00:12  원시경도:126.957986
18:00:12  GPS채택:1463
18:00:12  GPS이상치거부:0
18:00:12  GPS품질거부:1
18:00:12  GPS재기준:0
18:00:12  RSSI원시:-69
18:00:12  RSSI평활:-68.2
18:00:12  RSSI샘플:14535
18:00:12  RSSI경과ms:5
18:00:12  차량수신:7138
18:00:12  시각ms:786165
18:00:12  IMU시각ms:786165
18:00:12  위험:0
18:00:12  GPS유효:1
18:00:12  위도:37.496490
18:00:12  경도:126.957985
18:00:12  속도:0.206
18:00:12  방향:167.4
18:00:12  GPS원시속도:0.170
18:00:12  GPS원시방향유효:1
18:00:12  GPS원시방향:167.4
18:00:12  가속도:5.329,4.812,4.994
18:00:12  자이로:27.427,1.344,1.656
18:00:12  자력계:-37.050,52.200,12.750
18:00:12  송신:7682
18:00:12  GPS위성:7
18:00:12  GPS_HDOP:1.26
18:00:12  원시위도:37.496492
18:00:12  원시경도:126.957986
18:00:12  GPS채택:1463
18:00:12  GPS이상치거부:0
18:00:12  GPS품질거부:1
18:00:12  GPS재기준:0
18:00:12  RSSI원시:-68
18:00:12  RSSI평활:-68.1
18:00:12  RSSI샘플:14536
18:00:12  RSSI경과ms:21
18:00:12  차량수신:7139
18:00:12  시각ms:786187
18:00:12  IMU시각ms:786187
18:00:12  위험:0
18:00:12  GPS유효:1
18:00:12  위도:37.496490
18:00:12  경도:126.957985
18:00:12  속도:0.206
18:00:12  방향:167.4
18:00:12  GPS원시속도:0.170
18:00:12  GPS원시방향유효:1
18:00:12  GPS원시방향:167.4
18:00:12  가속도:4.937,5.095,4.712
18:00:12  자이로:19.977,-6.756,2.290
18:00:12  자력계:-36.000,51.750,13.500
18:00:12  송신:7682
18:00:12  GPS위성:7
18:00:12  GPS_HDOP:1.26
18:00:12  원시위도:37.496492
18:00:12  원시경도:126.957986
18:00:12  GPS채택:1463
18:00:12  GPS이상치거부:0
18:00:12  GPS품질거부:1
18:00:12  GPS재기준:0
18:00:12  RSSI원시:-68
18:00:12  RSSI평활:-68.1
18:00:12  RSSI샘플:14536
18:00:12  RSSI경과ms:43
18:00:12  차량수신:7139
18:00:12  시각ms:786209
18:00:12  IMU시각ms:786209
18:00:12  위험:0
18:00:12  GPS유효:1
18:00:12  위도:37.496490
18:00:12  경도:126.957985
18:00:12  속도:0.206
18:00:12  방향:167.4
18:00:12  GPS원시속도:0.170
18:00:12  GPS원시방향유효:1
18:00:12  GPS원시방향:167.4
18:00:12  가속도:5.315,5.210,4.597
18:00:12  자이로:18.809,-13.580,7.061
18:00:12  자력계:-37.050,51.750,12.750
18:00:12  송신:7682
18:00:12  GPS위성:7
18:00:12  GPS_HDOP:1.26
18:00:12  원시위도:37.496492
18:00:12  원시경도:126.957986
18:00:12  GPS채택:1463
18:00:12  GPS이상치거부:0
18:00:12  GPS품질거부:1
18:00:12  GPS재기준:0
18:00:12  RSSI원시:-68
18:00:12  RSSI평활:-68.1
18:00:12  RSSI샘플:14536
18:00:12  RSSI경과ms:65
18:00:12  차량수신:7139
18:00:12  시각ms:786242
18:00:12  IMU시각ms:786242
18:00:12  위험:0
18:00:12  GPS유효:1
18:00:12  위도:37.496490
18:00:12  경도:126.957985
18:00:12  속도:0.206
18:00:12  방향:167.4
18:00:12  GPS원시속도:0.170
18:00:12  GPS원시방향유효:1
18:00:12  GPS원시방향:167.4
18:00:12  가속도:5.693,4.994,4.041
18:00:12  자이로:25.611,-18.221,12.565
18:00:12  자력계:-37.050,51.450,13.500
18:00:12  송신:7683
18:00:12  GPS위성:7
18:00:12  GPS_HDOP:1.26
18:00:12  원시위도:37.496492
18:00:12  원시경도:126.957986
18:00:12  GPS채택:1463
18:00:12  GPS이상치거부:0
18:00:12  GPS품질거부:1
18:00:12  GPS재기준:0
18:00:12  RSSI원시:-67
18:00:12  RSSI평활:-67.9
18:00:12  RSSI샘플:14537
18:00:12  RSSI경과ms:12
18:00:12  차량수신:7139
18:00:12  시각ms:786264
18:00:12  IMU시각ms:786264
18:00:12  위험:0
18:00:12  GPS유효:1
18:00:12  위도:37.496490
18:00:12  경도:126.957985
18:00:12  속도:0.206
18:00:12  방향:167.4
18:00:12  GPS원시속도:0.170
18:00:12  GPS원시방향유효:1
18:00:12  GPS원시방향:167.4
18:00:12  가속도:-19.613,-1.776,-19.613
18:00:12  자이로:-3.099,59.260,-41.321
18:00:12  자력계:-38.400,52.350,14.700
18:00:12  송신:7683
18:00:12  GPS위성:7
18:00:12  GPS_HDOP:1.26
18:00:12  원시위도:37.496492
18:00:12  원시경도:126.957986
18:00:12  GPS채택:1463
18:00:12  GPS이상치거부:0
18:00:12  GPS품질거부:1
18:00:12  GPS재기준:0
18:00:12  RSSI원시:-67
18:00:12  RSSI평활:-67.7
18:00:12  RSSI샘플:14538
18:00:12  RSSI경과ms:9
18:00:12  차량수신:7140
18:00:12  시각ms:786308
18:00:12  IMU시각ms:786308
18:00:12  위험:0
18:00:12  GPS유효:1
18:00:12  위도:37.496490
18:00:12  경도:126.957985
18:00:12  속도:0.206
18:00:12  방향:167.4
18:00:12  GPS원시속도:0.170
18:00:12  GPS원시방향유효:1
18:00:12  GPS원시방향:167.4
18:00:12  가속도:0.503,4.013,-6.445
18:00:12  자이로:-21.023,1.053,23.351
18:00:12  자력계:-39.900,51.600,12.150
18:00:12  송신:7683
18:00:12  GPS위성:7
18:00:12  GPS_HDOP:1.26
18:00:12  원시위도:37.496492
18:00:12  원시경도:126.957986
18:00:12  GPS채택:1463
18:00:12  GPS이상치거부:0
18:00:12  GPS품질거부:1
18:00:12  GPS재기준:0
18:00:12  RSSI원시:-67
18:00:12  RSSI평활:-67.7
18:00:12  RSSI샘플:14538
18:00:12  RSSI경과ms:53
18:00:12  차량수신:7140
18:00:12  시각ms:786350
18:00:12  IMU시각ms:786350
18:00:12  위험:0
18:00:12  GPS유효:1
18:00:12  위도:37.496490
18:00:12  경도:126.957985
18:00:12  속도:0.206
18:00:12  방향:167.4
18:00:12  GPS원시속도:0.170
18:00:12  GPS원시방향유효:1
18:00:12  GPS원시방향:167.4
18:00:12  가속도:6.766,3.922,6.254
18:00:12  자이로:51.473,49.351,8.092
18:00:12  자력계:-39.000,54.900,13.500
18:00:12  송신:7684
18:00:12  GPS위성:7
18:00:12  GPS_HDOP:1.26
18:00:12  원시위도:37.496492
18:00:12  원시경도:126.957986
18:00:12  GPS채택:1463
18:00:12  GPS이상치거부:0
18:00:12  GPS품질거부:1
18:00:12  GPS재기준:0
18:00:12  RSSI원시:-68
18:00:12  RSSI평활:-67.8
18:00:12  RSSI샘플:14539
18:00:12  RSSI경과ms:8
18:00:12  차량수신:7140
18:00:12  시각ms:786372
18:00:12  IMU시각ms:786372
18:00:12  위험:0
18:00:12  GPS유효:1
18:00:12  위도:37.496490
18:00:12  경도:126.957985
18:00:12  속도:0.206
18:00:12  방향:167.4
18:00:12  GPS원시속도:0.170
18:00:12  GPS원시방향유효:1
18:00:12  GPS원시방향:167.4
18:00:12  가속도:6.646,5.306,6.292
18:00:12  자이로:31.840,33.061,12.275
18:00:12  자력계:-37.950,54.750,12.900
18:00:12  송신:7684
18:00:12  GPS위성:7
18:00:12  GPS_HDOP:1.26
18:00:12  원시위도:37.496492
18:00:12  원시경도:126.957986
18:00:12  GPS채택:1463
18:00:12  GPS이상치거부:0
18:00:12  GPS품질거부:1
18:00:12  GPS재기준:0
18:00:12  RSSI원시:-69
18:00:12  RSSI평활:-68.0
18:00:12  RSSI샘플:14540
18:00:12  RSSI경과ms:13
18:00:12  차량수신:7141
18:00:12  시각ms:786394
18:00:12  IMU시각ms:786394
18:00:12  위험:0
18:00:12  GPS유효:1
18:00:12  위도:37.496490
18:00:12  경도:126.957985
18:00:12  속도:0.206
18:00:12  방향:167.4
18:00:12  GPS원시속도:0.170
18:00:12  GPS원시방향유효:1
18:00:12  GPS원시방향:167.4
18:00:12  가속도:5.899,5.545,9.084
18:00:12  자이로:36.344,33.557,6.947
18:00:12  자력계:-37.950,54.750,12.900
18:00:12  송신:7684
18:00:12  GPS위성:7
18:00:12  GPS_HDOP:1.26
18:00:12  원시위도:37.496492
18:00:12  원시경도:126.957986
18:00:12  GPS채택:1463
18:00:12  GPS이상치거부:0
18:00:12  GPS품질거부:1
18:00:12  GPS재기준:0
18:00:12  RSSI원시:-69
18:00:12  RSSI평활:-68.0
18:00:12  RSSI샘플:14540
18:00:12  RSSI경과ms:35
18:00:12  차량수신:7141
18:00:12  시각ms:786416
18:00:12  IMU시각ms:786416
18:00:12  위험:0
18:00:12  GPS유효:1
18:00:12  위도:37.496490
18:00:12  경도:126.957985
18:00:12  속도:0.206
18:00:12  방향:167.4
18:00:12  GPS원시속도:0.170
18:00:12  GPS원시방향유효:1
18:00:12  GPS원시방향:167.4
18:00:12  가속도:5.239,5.756,11.564
18:00:12  자이로:15.809,32.954,8.649
18:00:12  자력계:-37.050,56.100,12.300
18:00:12  송신:7684
18:00:12  GPS위성:7
18:00:12  GPS_HDOP:1.26
18:00:12  원시위도:37.496492
18:00:12  원시경도:126.957986
18:00:12  GPS채택:1463
18:00:12  GPS이상치거부:0
18:00:12  GPS품질거부:1
18:00:12  GPS재기준:0
18:00:12  RSSI원시:-69
18:00:12  RSSI평활:-68.0
18:00:12  RSSI샘플:14540
18:00:12  RSSI경과ms:57
18:00:12  차량수신:7141
18:00:12  시각ms:786449
18:00:12  IMU시각ms:786449
18:00:12  위험:0
18:00:12  GPS유효:1
18:00:12  위도:37.496490
18:00:12  경도:126.957985
18:00:12  속도:0.206
18:00:12  방향:167.4
18:00:12  GPS원시속도:0.170
18:00:12  GPS원시방향유효:1
18:00:12  GPS원시방향:167.4
18:00:12  가속도:8.284,6.574,8.040
18:00:12  자이로:3.023,17.107,0.466
18:00:12  자력계:-36.450,54.750,11.850
18:00:12  송신:7685
18:00:12  GPS위성:7
18:00:12  GPS_HDOP:1.26
18:00:12  원시위도:37.496492
18:00:12  원시경도:126.957986
18:00:12  GPS채택:1463
18:00:12  GPS이상치거부:0
18:00:12  GPS품질거부:1
18:00:12  GPS재기준:0
18:00:12  RSSI원시:-68
18:00:12  RSSI평활:-68.0
18:00:12  RSSI샘플:14541
18:00:12  RSSI경과ms:6
18:00:12  차량수신:7141
18:00:12  시각ms:786493
18:00:12  IMU시각ms:786493
18:00:12  위험:0
18:00:12  GPS유효:1
18:00:12  위도:37.496490
18:00:12  경도:126.957985
18:00:12  속도:0.206
18:00:12  방향:167.4
18:00:12  GPS원시속도:0.170
18:00:12  GPS원시방향유효:1
18:00:12  GPS원시방향:167.4
18:00:12  가속도:3.701,6.632,12.287
18:00:12  자이로:-47.046,-3.489,-4.023
18:00:12  자력계:-34.950,55.500,11.400
18:00:12  송신:7685
18:00:12  GPS위성:7
18:00:12  GPS_HDOP:1.26
18:00:12  원시위도:37.496492
18:00:12  원시경도:126.957986
18:00:12  GPS채택:1463
18:00:12  GPS이상치거부:0
18:00:12  GPS품질거부:1
18:00:12  GPS재기준:0
18:00:12  RSSI원시:-68
18:00:12  RSSI평활:-68.0
18:00:12  RSSI샘플:14542
18:00:12  RSSI경과ms:35
18:00:12  차량수신:7142
18:00:12  시각ms:786515
18:00:12  IMU시각ms:786515
18:00:12  위험:0
18:00:12  GPS유효:1
18:00:12  위도:37.496490
18:00:12  경도:126.957985
18:00:12  속도:0.206
18:00:12  방향:167.4
18:00:12  GPS원시속도:0.170
18:00:12  GPS원시방향유효:1
18:00:12  GPS원시방향:167.4
18:00:12  가속도:3.955,3.400,1.733
18:00:12  자이로:-60.366,-25.656,1.420
18:00:12  자력계:-36.150,54.750,13.650
18:00:12  송신:7685
18:00:12  GPS위성:7
18:00:12  GPS_HDOP:1.26
18:00:12  원시위도:37.496492
18:00:12  원시경도:126.957986
18:00:12  GPS채택:1463
18:00:12  GPS이상치거부:0
18:00:12  GPS품질거부:1
18:00:12  GPS재기준:0
18:00:12  RSSI원시:-68
18:00:12  RSSI평활:-68.0
18:00:12  RSSI샘플:14542
18:00:12  RSSI경과ms:57
18:00:12  차량수신:7142
18:00:12  시각ms:786549
18:00:12  IMU시각ms:786537
18:00:12  위험:0
18:00:12  GPS유효:1
18:00:12  위도:37.496490
18:00:12  경도:126.957985
18:00:12  속도:0.206
18:00:12  방향:167.4
18:00:12  GPS원시속도:0.170
18:00:12  GPS원시방향유효:1
18:00:12  GPS원시방향:167.4
18:00:12  가속도:3.677,3.994,6.536
18:00:12  자이로:-45.427,6.977,-6.221
18:00:12  자력계:-33.150,54.000,15.150
18:00:12  송신:7686
18:00:12  GPS위성:7
18:00:12  GPS_HDOP:1.26
18:00:12  원시위도:37.496492
18:00:12  원시경도:126.957986
18:00:12  GPS채택:1463
18:00:12  GPS이상치거부:0
18:00:12  GPS품질거부:1
18:00:12  GPS재기준:0
18:00:12  RSSI원시:-68
18:00:12  RSSI평활:-68.0
18:00:12  RSSI샘플:14542
18:00:12  RSSI경과ms:91
18:00:12  차량수신:7142
18:00:12  시각ms:786557
18:00:12  IMU시각ms:786557
18:00:12  위험:0
18:00:12  GPS유효:1
18:00:12  위도:37.496490
18:00:12  경도:126.957985
18:00:12  속도:0.206
18:00:12  방향:167.4
18:00:12  GPS원시속도:0.170
18:00:12  GPS원시방향유효:1
18:00:12  GPS원시방향:167.4
18:00:12  가속도:2.658,4.563,5.392
18:00:12  자이로:-21.672,7.954,-2.466
18:00:12  자력계:-33.150,52.050,12.600
18:00:12  송신:7686
18:00:12  GPS위성:7
18:00:12  GPS_HDOP:1.26
18:00:12  원시위도:37.496492
18:00:12  원시경도:126.957986
18:00:12  GPS채택:1463
18:00:12  GPS이상치거부:0
18:00:12  GPS품질거부:1
18:00:12  GPS재기준:0
18:00:12  RSSI원시:-74
18:00:12  RSSI평활:-69.2
18:00:12  RSSI샘플:14543
18:00:12  RSSI경과ms:5
18:00:12  차량수신:7142
18:00:13  시각ms:786601
18:00:13  IMU시각ms:786601
18:00:13  위험:0
18:00:13  GPS유효:1
18:00:13  위도:37.496490
18:00:13  경도:126.957985
18:00:13  속도:0.206
18:00:13  방향:167.4
18:00:13  GPS원시속도:0.170
18:00:13  GPS원시방향유효:1
18:00:13  GPS원시방향:167.4
18:00:13  가속도:2.887,3.730,5.454
18:00:13  자이로:31.031,39.718,-3.374
18:00:13  자력계:-34.500,53.400,13.050
18:00:13  송신:7686
18:00:13  GPS위성:7
18:00:13  GPS_HDOP:1.26
18:00:13  원시위도:37.496492
18:00:13  원시경도:126.957986
18:00:13  GPS채택:1463
18:00:13  GPS이상치거부:0
18:00:13  GPS품질거부:1
18:00:13  GPS재기준:0
18:00:13  RSSI원시:-73
18:00:13  RSSI평활:-70.0
18:00:13  RSSI샘플:14544
18:00:13  RSSI경과ms:42
18:00:13  차량수신:7143
18:00:13  시각ms:786623
18:00:13  IMU시각ms:786623
18:00:13  위험:0
18:00:13  GPS유효:1
18:00:13  위도:37.496490
18:00:13  경도:126.957985
18:00:13  속도:0.206
18:00:13  방향:167.4
18:00:13  GPS원시속도:0.170
18:00:13  GPS원시방향유효:1
18:00:13  GPS원시방향:167.4
18:00:13  가속도:3.419,3.994,6.421
18:00:13  자이로:34.817,32.656,-0.878
18:00:13  자력계:-31.650,52.800,14.400
18:00:13  송신:7686
18:00:13  GPS위성:7
18:00:13  GPS_HDOP:1.26
18:00:13  원시위도:37.496492
18:00:13  원시경도:126.957986
18:00:13  GPS채택:1463
18:00:13  GPS이상치거부:0
18:00:13  GPS품질거부:1
18:00:13  GPS재기준:0
18:00:13  RSSI원시:-73
18:00:13  RSSI평활:-70.0
18:00:13  RSSI샘플:14544
18:00:13  RSSI경과ms:64
18:00:13  차량수신:7143
18:00:13  시각ms:786658
18:00:13  IMU시각ms:786658
18:00:13  위험:0
18:00:13  GPS유효:1
18:00:13  위도:37.496490
18:00:13  경도:126.957985
18:00:13  속도:0.213
18:00:13  방향:167.4
18:00:13  GPS원시속도:0.226
18:00:13  GPS원시방향유효:1
18:00:13  GPS원시방향:167.4
18:00:13  가속도:3.960,4.573,5.952
18:00:13  자이로:14.527,3.634,0.519
18:00:13  자력계:-32.400,54.750,12.150
18:00:13  송신:7687
18:00:13  GPS위성:7
18:00:13  GPS_HDOP:1.26
18:00:13  원시위도:37.496492
18:00:13  원시경도:126.957982
18:00:13  GPS채택:1464
18:00:13  GPS이상치거부:0
18:00:13  GPS품질거부:1
18:00:13  GPS재기준:0
18:00:13  RSSI원시:-65
18:00:13  RSSI평활:-69.0
18:00:13  RSSI샘플:14545
18:00:13  RSSI경과ms:13
18:00:13  차량수신:7143
18:00:13  시각ms:786680
18:00:13  IMU시각ms:786680
18:00:13  위험:0
18:00:13  GPS유효:1
18:00:13  위도:37.496490
18:00:13  경도:126.957985
18:00:13  속도:0.213
18:00:13  방향:167.4
18:00:13  GPS원시속도:0.226
18:00:13  GPS원시방향유효:1
18:00:13  GPS원시방향:167.4
18:00:13  가속도:4.879,4.458,6.235
18:00:13  자이로:-0.008,-18.160,-0.916
18:00:13  자력계:-31.650,53.550,16.200
18:00:13  송신:7687
18:00:13  GPS위성:7
18:00:13  GPS_HDOP:1.26
18:00:13  원시위도:37.496492
18:00:13  원시경도:126.957982
18:00:13  GPS채택:1464
18:00:13  GPS이상치거부:0
18:00:13  GPS품질거부:1
18:00:13  GPS재기준:0
18:00:13  RSSI원시:-65
18:00:13  RSSI평활:-68.2
18:00:13  RSSI샘플:14546
18:00:13  RSSI경과ms:20
18:00:13  차량수신:7144
18:00:13  시각ms:786724
18:00:13  IMU시각ms:786724
18:00:13  위험:0
18:00:13  GPS유효:1
18:00:13  위도:37.496490
18:00:13  경도:126.957985
18:00:13  속도:0.213
18:00:13  방향:167.4
18:00:13  GPS원시속도:0.226
18:00:13  GPS원시방향유효:1
18:00:13  GPS원시방향:167.4
18:00:13  가속도:5.746,4.559,5.291
18:00:13  자이로:0.916,-33.611,-4.099
18:00:13  자력계:-32.550,54.150,13.500
18:00:13  송신:7687
18:00:13  GPS위성:7
18:00:13  GPS_HDOP:1.26
18:00:13  원시위도:37.496492
18:00:13  원시경도:126.957982
18:00:13  GPS채택:1464
18:00:13  GPS이상치거부:0
18:00:13  GPS품질거부:1
18:00:13  GPS재기준:0
18:00:13  RSSI원시:-65
18:00:13  RSSI평활:-68.2
18:00:13  RSSI샘플:14546
18:00:13  RSSI경과ms:64
18:00:13  차량수신:7144
18:00:13  시각ms:786759
18:00:13  IMU시각ms:786759
18:00:13  위험:0
18:00:13  GPS유효:1
18:00:13  위도:37.496490
18:00:13  경도:126.957985
18:00:13  속도:0.213
18:00:13  방향:167.4
18:00:13  GPS원시속도:0.226
18:00:13  GPS원시방향유효:1
18:00:13  GPS원시방향:167.4
18:00:13  가속도:6.043,4.922,5.713
18:00:13  자이로:22.137,-25.595,-1.870
18:00:13  자력계:-34.050,52.650,13.800
18:00:13  송신:7688
18:00:13  GPS위성:7
18:00:13  GPS_HDOP:1.26
18:00:13  원시위도:37.496492
18:00:13  원시경도:126.957982
18:00:13  GPS채택:1464
18:00:13  GPS이상치거부:0
18:00:13  GPS품질거부:1
18:00:13  GPS재기준:0
18:00:13  RSSI원시:-65
18:00:13  RSSI평활:-68.2
18:00:13  RSSI샘플:14546
18:00:13  RSSI경과ms:99
18:00:13  차량수신:7144
18:00:13  시각ms:786781
18:00:13  IMU시각ms:786781
18:00:13  위험:0
18:00:13  GPS유효:1
18:00:13  위도:37.496490
18:00:13  경도:126.957985
18:00:13  속도:0.218
18:00:13  방향:167.4
18:00:13  GPS원시속도:0.226
18:00:13  GPS원시방향유효:1
18:00:13  GPS원시방향:167.4
18:00:13  가속도:6.311,5.282,5.818
18:00:13  자이로:34.115,-24.733,-1.046
18:00:13  자력계:-34.650,51.600,13.650
18:00:13  송신:7688
18:00:13  GPS위성:7
18:00:13  GPS_HDOP:1.26
18:00:13  원시위도:37.496492
18:00:13  원시경도:126.957982
18:00:13  GPS채택:1465
18:00:13  GPS이상치거부:0
18:00:13  GPS품질거부:1
18:00:13  GPS재기준:0
18:00:13  RSSI원시:-64
18:00:13  RSSI평활:-66.7
18:00:13  RSSI샘플:14548
18:00:13  RSSI경과ms:18
18:00:13  차량수신:7145
18:00:13  시각ms:786825
18:00:13  IMU시각ms:786825
18:00:13  위험:0
18:00:13  GPS유효:1
18:00:13  위도:37.496490
18:00:13  경도:126.957985
18:00:13  속도:0.218
18:00:13  방향:167.4
18:00:13  GPS원시속도:0.226
18:00:13  GPS원시방향유효:1
18:00:13  GPS원시방향:167.4
18:00:13  가속도:11.013,3.218,19.613
18:00:13  자이로:-49.275,-42.595,4.542
18:00:13  자력계:-35.400,55.050,14.400
18:00:13  송신:7688
18:00:13  GPS위성:7
18:00:13  GPS_HDOP:1.26
18:00:13  원시위도:37.496492
18:00:13  원시경도:126.957982
18:00:13  GPS채택:1465
18:00:13  GPS이상치거부:0
18:00:13  GPS품질거부:1
18:00:13  GPS재기준:0
18:00:13  RSSI원시:-64
18:00:13  RSSI평활:-66.7
18:00:13  RSSI샘플:14548
18:00:13  RSSI경과ms:62
18:00:13  차량수신:7145
18:00:13  시각ms:786860
18:00:13  IMU시각ms:786860
18:00:13  위험:0
18:00:13  GPS유효:1
18:00:13  위도:37.496490
18:00:13  경도:126.957985
18:00:13  속도:0.218
18:00:13  방향:167.4
18:00:13  GPS원시속도:0.226
18:00:13  GPS원시방향유효:1
18:00:13  GPS원시방향:167.4
18:00:13  가속도:13.748,4.587,16.328
18:00:13  자이로:-31.336,44.908,6.023
18:00:13  자력계:-34.800,52.650,12.750
18:00:13  송신:7689
18:00:13  GPS위성:7
18:00:13  GPS_HDOP:1.26
18:00:13  원시위도:37.496492
18:00:13  원시경도:126.957982
18:00:13  GPS채택:1465
18:00:13  GPS이상치거부:0
18:00:13  GPS품질거부:1
18:00:13  GPS재기준:0
18:00:13  RSSI원시:-62
18:00:13  RSSI평활:-65.7
18:00:13  RSSI샘플:14549
18:00:13  RSSI경과ms:9
18:00:13  차량수신:7145
18:00:13  시각ms:786903
18:00:13  IMU시각ms:786903
18:00:13  위험:0
18:00:13  GPS유효:1
18:00:13  위도:37.496490
18:00:13  경도:126.957985
18:00:13  속도:0.218
18:00:13  방향:167.4
18:00:13  GPS원시속도:0.226
18:00:13  GPS원시방향유효:1
18:00:13  GPS원시방향:167.4
18:00:13  가속도:4.104,3.050,7.460
18:00:13  자이로:-39.908,-4.534,0.313
18:00:13  자력계:-35.700,52.350,13.200
18:00:13  송신:7689
18:00:13  GPS위성:7
18:00:13  GPS_HDOP:1.26
18:00:13  원시위도:37.496492
18:00:13  원시경도:126.957982
18:00:13  GPS채택:1465
18:00:13  GPS이상치거부:0
18:00:13  GPS품질거부:1
18:00:13  GPS재기준:0
18:00:13  RSSI원시:-61
18:00:13  RSSI평활:-64.8
18:00:13  RSSI샘플:14550
18:00:13  RSSI경과ms:35
18:00:13  차량수신:7146
18:00:13  시각ms:787004
18:00:13  IMU시각ms:787004
18:00:13  위험:0
18:00:13  GPS유효:1
18:00:13  위도:37.496490
18:00:13  경도:126.957985
18:00:13  속도:0.218
18:00:13  방향:167.4
18:00:13  GPS원시속도:0.226
18:00:13  GPS원시방향유효:1
18:00:13  GPS원시방향:167.4
18:00:13  가속도:3.347,3.644,6.201
18:00:13  자이로:0.641,11.321,-8.458
18:00:13  자력계:-34.200,50.100,11.850
18:00:13  송신:7690
18:00:13  GPS위성:7
18:00:13  GPS_HDOP:1.26
18:00:13  원시위도:37.496492
18:00:13  원시경도:126.957982
18:00:13  GPS채택:1465
18:00:13  GPS이상치거부:0
18:00:13  GPS품질거부:1
18:00:13  GPS재기준:0
18:00:13  RSSI원시:-60
18:00:13  RSSI평활:-63.1
18:00:13  RSSI샘플:14552
18:00:13  RSSI경과ms:37
18:00:13  차량수신:7147
18:00:13  시각ms:787026
18:00:13  IMU시각ms:787026
18:00:13  위험:0
18:00:13  GPS유효:1
18:00:13  위도:37.496490
18:00:13  경도:126.957985
18:00:13  속도:0.218
18:00:13  방향:167.4
18:00:13  GPS원시속도:0.226
18:00:13  GPS원시방향유효:1
18:00:13  GPS원시방향:167.4
18:00:13  가속도:4.415,4.003,5.981
18:00:13  자이로:4.573,2.565,-9.740
18:00:13  자력계:-35.250,49.950,14.550
18:00:13  송신:7690
18:00:13  GPS위성:7
18:00:13  GPS_HDOP:1.26
18:00:13  원시위도:37.496492
18:00:13  원시경도:126.957982
18:00:13  GPS채택:1465
18:00:13  GPS이상치거부:0
18:00:13  GPS품질거부:1
18:00:13  GPS재기준:0
18:00:13  RSSI원시:-60
18:00:13  RSSI평활:-63.1
18:00:13  RSSI샘플:14552
18:00:13  RSSI경과ms:59
18:00:13  차량수신:7147
18:00:13  시각ms:787061
18:00:13  IMU시각ms:787061
18:00:13  위험:0
18:00:13  GPS유효:1
18:00:13  위도:37.496490
18:00:13  경도:126.957985
18:00:13  속도:0.218
18:00:13  방향:167.4
18:00:13  GPS원시속도:0.226
18:00:13  GPS원시방향유효:1
18:00:13  GPS원시방향:167.4
18:00:13  가속도:4.089,4.477,5.200
18:00:13  자이로:-0.290,-6.466,-8.191
18:00:13  자력계:-34.650,51.300,14.400
18:00:13  송신:7691
18:00:13  GPS위성:7
18:00:13  GPS_HDOP:1.26
18:00:13  원시위도:37.496492
18:00:13  원시경도:126.957982
18:00:13  GPS채택:1465
18:00:13  GPS이상치거부:0
18:00:13  GPS품질거부:1
18:00:13  GPS재기준:0
18:00:13  RSSI원시:-58
18:00:13  RSSI평활:-62.1
18:00:13  RSSI샘플:14553
18:00:13  RSSI경과ms:9
18:00:13  차량수신:7147
18:00:13  시각ms:787082
18:00:13  IMU시각ms:787082
18:00:13  위험:0
18:00:13  GPS유효:1
18:00:13  위도:37.496490
18:00:13  경도:126.957985
18:00:13  속도:0.218
18:00:13  방향:167.4
18:00:13  GPS원시속도:0.226
18:00:13  GPS원시방향유효:1
18:00:13  GPS원시방향:167.4
18:00:13  가속도:4.492,4.827,4.348
18:00:13  자이로:-5.519,-13.580,-4.473
18:00:13  자력계:-35.700,50.100,14.400
18:00:13  송신:7691
18:00:13  GPS위성:7
18:00:13  GPS_HDOP:1.26
18:00:13  원시위도:37.496492
18:00:13  원시경도:126.957982
18:00:13  GPS채택:1465
18:00:13  GPS이상치거부:0
18:00:13  GPS품질거부:1
18:00:13  GPS재기준:0
18:00:13  RSSI원시:-58
18:00:13  RSSI평활:-61.2
18:00:13  RSSI샘플:14554
18:00:13  RSSI경과ms:15
18:00:13  차량수신:7148
18:00:13  시각ms:787104
18:00:13  IMU시각ms:787104
18:00:13  위험:0
18:00:13  GPS유효:1
18:00:13  위도:37.496490
18:00:13  경도:126.957985
18:00:13  속도:0.218
18:00:13  방향:167.4
18:00:13  GPS원시속도:0.226
18:00:13  GPS원시방향유효:1
18:00:13  GPS원시방향:167.4
18:00:13  가속도:4.913,5.181,3.931
18:00:13  자이로:-0.870,-19.290,-3.931
18:00:13  자력계:-35.250,49.200,16.050
18:00:13  송신:7691
18:00:13  GPS위성:7
18:00:13  GPS_HDOP:1.26
18:00:13  원시위도:37.496492
18:00:13  원시경도:126.957982
18:00:13  GPS채택:1465
18:00:13  GPS이상치거부:0
18:00:13  GPS품질거부:1
18:00:13  GPS재기준:0
18:00:13  RSSI원시:-58
18:00:13  RSSI평활:-61.2
18:00:13  RSSI샘플:14554
18:00:13  RSSI경과ms:37
18:00:13  차량수신:7148
18:00:13  시각ms:787126
18:00:13  IMU시각ms:787126
18:00:13  위험:0
18:00:13  GPS유효:1
18:00:13  위도:37.496490
18:00:13  경도:126.957985
18:00:13  속도:0.218
18:00:13  방향:167.4
18:00:13  GPS원시속도:0.226
18:00:13  GPS원시방향유효:1
18:00:13  GPS원시방향:167.4
18:00:13  가속도:5.928,5.622,3.764
18:00:13  자이로:5.847,-19.626,-2.145
18:00:13  자력계:-34.050,48.750,15.600
18:00:13  송신:7691
18:00:13  GPS위성:7
18:00:13  GPS_HDOP:1.26
18:00:13  원시위도:37.496492
18:00:13  원시경도:126.957982
18:00:13  GPS채택:1465
18:00:13  GPS이상치거부:0
18:00:13  GPS품질거부:1
18:00:13  GPS재기준:0
18:00:13  RSSI원시:-58
18:00:13  RSSI평활:-61.2
18:00:13  RSSI샘플:14554
18:00:13  RSSI경과ms:59
18:00:13  차량수신:7148
18:00:13  시각ms:787160
18:00:13  IMU시각ms:787160
18:00:13  위험:0
18:00:13  GPS유효:1
18:00:13  위도:37.496490
18:00:13  경도:126.957985
18:00:13  속도:0.218
18:00:13  방향:167.4
18:00:13  GPS원시속도:0.226
18:00:13  GPS원시방향유효:1
18:00:13  GPS원시방향:167.4
18:00:13  가속도:8.179,7.077,4.779
18:00:13  자이로:23.550,-27.893,-1.832
18:00:13  자력계:-37.050,51.000,12.750
18:00:13  송신:7692
18:00:13  GPS위성:7
18:00:13  GPS_HDOP:1.26
18:00:13  원시위도:37.496492
18:00:13  원시경도:126.957982
18:00:13  GPS채택:1465
18:00:13  GPS이상치거부:0
18:00:13  GPS품질거부:1
18:00:13  GPS재기준:0
18:00:13  RSSI원시:-57
18:00:13  RSSI평활:-60.4
18:00:13  RSSI샘플:14555
18:00:13  RSSI경과ms:5
18:00:13  차량수신:7148
18:00:13  시각ms:787182
18:00:13  IMU시각ms:787182
18:00:13  위험:0
18:00:13  GPS유효:1
18:00:13  위도:37.496490
18:00:13  경도:126.957985
18:00:13  속도:0.218
18:00:13  방향:167.4
18:00:13  GPS원시속도:0.226
18:00:13  GPS원시방향유효:1
18:00:13  GPS원시방향:167.4
18:00:13  가속도:-6.771,15.170,5.626
18:00:13  자이로:0.962,-57.115,-4.962
18:00:13  자력계:-35.700,50.400,12.900
18:00:13  송신:7692
18:00:13  GPS위성:7
18:00:13  GPS_HDOP:1.26
18:00:13  원시위도:37.496492
18:00:13  원시경도:126.957982
18:00:13  GPS채택:1465
18:00:13  GPS이상치거부:0
18:00:13  GPS품질거부:1
18:00:13  GPS재기준:0
18:00:13  RSSI원시:-57
18:00:13  RSSI평활:-59.7
18:00:13  RSSI샘플:14556
18:00:13  RSSI경과ms:15
18:00:13  차량수신:7149
18:00:13  시각ms:787204
18:00:13  IMU시각ms:787204
18:00:13  위험:0
18:00:13  GPS유효:1
18:00:13  위도:37.496490
18:00:13  경도:126.957985
18:00:13  속도:0.218
18:00:13  방향:167.4
18:00:13  GPS원시속도:0.226
18:00:13  GPS원시방향유효:1
18:00:13  GPS원시방향:167.4
18:00:13  가속도:7.925,1.288,11.602
18:00:13  자이로:-38.870,-28.695,13.214
18:00:13  자력계:-37.050,51.000,13.050
18:00:13  송신:7692
18:00:13  GPS위성:7
18:00:13  GPS_HDOP:1.26
18:00:13  원시위도:37.496492
18:00:13  원시경도:126.957982
18:00:13  GPS채택:1465
18:00:13  GPS이상치거부:0
18:00:13  GPS품질거부:1
18:00:13  GPS재기준:0
18:00:13  RSSI원시:-57
18:00:13  RSSI평활:-59.7
18:00:13  RSSI샘플:14556
18:00:13  RSSI경과ms:37
18:00:13  차량수신:7149
18:00:13  시각ms:787259
18:00:13  IMU시각ms:787259
18:00:13  위험:0
18:00:13  GPS유효:1
18:00:13  위도:37.496490
18:00:13  경도:126.957985
18:00:13  속도:0.218
18:00:13  방향:167.4
18:00:13  GPS원시속도:0.226
18:00:13  GPS원시방향유효:1
18:00:13  GPS원시방향:167.4
18:00:13  가속도:9.227,4.870,8.140
18:00:13  자이로:59.176,68.496,-2.794
18:00:13  자력계:-37.800,51.750,13.800
18:00:13  송신:7693
18:00:13  GPS위성:7
18:00:13  GPS_HDOP:1.26
18:00:13  원시위도:37.496492
18:00:13  원시경도:126.957982
18:00:13  GPS채택:1465
18:00:13  GPS이상치거부:0
18:00:13  GPS품질거부:1
18:00:13  GPS재기준:0
18:00:13  RSSI원시:-57
18:00:13  RSSI평활:-59.7
18:00:13  RSSI샘플:14556
18:00:13  RSSI경과ms:92
18:00:13  차량수신:7149
18:00:13  시각ms:787281
18:00:13  IMU시각ms:787281
18:00:13  위험:0
18:00:13  GPS유효:1
18:00:13  위도:37.496490
18:00:13  경도:126.957985
18:00:13  속도:0.218
18:00:13  방향:167.4
18:00:13  GPS원시속도:0.226
18:00:13  GPS원시방향유효:1
18:00:13  GPS원시방향:167.4
18:00:13  가속도:0.144,5.282,-8.217
18:00:13  자이로:33.282,22.794,10.443
18:00:13  자력계:-35.550,51.750,13.050
18:00:13  송신:7693
18:00:13  GPS위성:7
18:00:13  GPS_HDOP:1.26
18:00:13  원시위도:37.496492
18:00:13  원시경도:126.957982
18:00:13  GPS채택:1465
18:00:13  GPS이상치거부:0
18:00:13  GPS품질거부:1
18:00:13  GPS재기준:0
18:00:13  RSSI원시:-59
18:00:13  RSSI평활:-59.0
18:00:13  RSSI샘플:14558
18:00:13  RSSI경과ms:4
18:00:13  차량수신:7150
18:00:13  시각ms:787303
18:00:13  IMU시각ms:787303
18:00:13  위험:0
18:00:13  GPS유효:1
18:00:13  위도:37.496490
18:00:13  경도:126.957985
18:00:13  속도:0.218
18:00:13  방향:167.4
18:00:13  GPS원시속도:0.226
18:00:13  GPS원시방향유효:1
18:00:13  GPS원시방향:167.4
18:00:13  가속도:5.334,5.286,6.646
18:00:13  자이로:33.947,31.405,-6.038
18:00:13  자력계:-34.200,54.000,13.200
18:00:13  송신:7693
18:00:13  GPS위성:7
18:00:13  GPS_HDOP:1.26
18:00:13  원시위도:37.496492
18:00:13  원시경도:126.957982
18:00:13  GPS채택:1465
18:00:13  GPS이상치거부:0
18:00:13  GPS품질거부:1
18:00:13  GPS재기준:0
18:00:13  RSSI원시:-59
18:00:13  RSSI평활:-59.0
18:00:13  RSSI샘플:14558
18:00:13  RSSI경과ms:26
18:00:13  차량수신:7150
18:00:13  시각ms:787325
18:00:13  IMU시각ms:787325
18:00:13  위험:0
18:00:13  GPS유효:1
18:00:13  위도:37.496490
18:00:13  경도:126.957985
18:00:13  속도:0.218
18:00:13  방향:167.4
18:00:13  GPS원시속도:0.226
18:00:13  GPS원시방향유효:1
18:00:13  GPS원시방향:167.4
18:00:13  가속도:4.855,7.207,6.019
18:00:13  자이로:-23.099,-5.191,0.809
18:00:13  자력계:-35.250,52.950,13.500
18:00:13  송신:7693
18:00:13  GPS위성:7
18:00:13  GPS_HDOP:1.26
18:00:13  원시위도:37.496492
18:00:13  원시경도:126.957982
18:00:13  GPS채택:1465
18:00:13  GPS이상치거부:0
18:00:13  GPS품질거부:1
18:00:13  GPS재기준:0
18:00:13  RSSI원시:-59
18:00:13  RSSI평활:-59.0
18:00:13  RSSI샘플:14558
18:00:13  RSSI경과ms:48
18:00:13  차량수신:7150
18:00:13  시각ms:787359
18:00:13  IMU시각ms:787347
18:00:13  위험:0
18:00:13  GPS유효:1
18:00:13  위도:37.496490
18:00:13  경도:126.957985
18:00:13  속도:0.218
18:00:13  방향:167.4
18:00:13  GPS원시속도:0.226
18:00:13  GPS원시방향유효:1
18:00:13  GPS원시방향:167.4
18:00:13  가속도:5.626,5.243,4.597
18:00:13  자이로:-48.603,-26.435,-0.137
18:00:13  자력계:-34.500,52.950,13.500
18:00:13  송신:7694
18:00:13  GPS위성:7
18:00:13  GPS_HDOP:1.26
18:00:13  원시위도:37.496492
18:00:13  원시경도:126.957982
18:00:13  GPS채택:1465
18:00:13  GPS이상치거부:0
18:00:13  GPS품질거부:1
18:00:13  GPS재기준:0
18:00:13  RSSI원시:-57
18:00:13  RSSI평활:-58.6
18:00:13  RSSI샘플:14559
18:00:13  RSSI경과ms:1
18:00:13  차량수신:7150
18:00:13  시각ms:787367
18:00:13  IMU시각ms:787367
18:00:13  위험:0
18:00:13  GPS유효:1
18:00:13  위도:37.496490
18:00:13  경도:126.957985
18:00:13  속도:0.218
18:00:13  방향:167.4
18:00:13  GPS원시속도:0.226
18:00:13  GPS원시방향유효:1
18:00:13  GPS원시방향:167.4
18:00:13  가속도:4.970,4.985,4.942
18:00:13  자이로:-61.519,-30.649,-0.053
18:00:13  자력계:-33.750,51.750,13.050
18:00:13  송신:7694
18:00:13  GPS위성:7
18:00:13  GPS_HDOP:1.26
18:00:13  원시위도:37.496492
18:00:13  원시경도:126.957982
18:00:13  GPS채택:1465
18:00:13  GPS이상치거부:0
18:00:13  GPS품질거부:1
18:00:13  GPS재기준:0
18:00:13  RSSI원시:-57
18:00:13  RSSI평활:-58.6
18:00:13  RSSI샘플:14559
18:00:13  RSSI경과ms:9
18:00:13  차량수신:7150
18:00:13  시각ms:787389
18:00:13  IMU시각ms:787389
18:00:13  위험:0
18:00:13  GPS유효:1
18:00:13  위도:37.496490
18:00:13  경도:126.957985
18:00:13  속도:0.218
18:00:13  방향:167.4
18:00:13  GPS원시속도:0.226
18:00:13  GPS원시방향유효:1
18:00:13  GPS원시방향:167.4
18:00:13  가속도:5.080,4.314,4.415
18:00:13  자이로:-46.794,-27.282,0.229
18:00:13  자력계:-37.800,49.500,14.250
18:00:13  송신:7694
18:00:13  GPS위성:7
18:00:13  GPS_HDOP:1.26
18:00:13  원시위도:37.496492
18:00:13  원시경도:126.957982
18:00:13  GPS채택:1465
18:00:13  GPS이상치거부:0
18:00:13  GPS품질거부:1
18:00:13  GPS재기준:0
18:00:13  RSSI원시:-57
18:00:13  RSSI평활:-58.3
18:00:13  RSSI샘플:14560
18:00:13  RSSI경과ms:14
18:00:13  차량수신:7151
18:00:13  시각ms:787411
18:00:13  IMU시각ms:787411
18:00:13  위험:0
18:00:13  GPS유효:1
18:00:13  위도:37.496490
18:00:13  경도:126.957985
18:00:13  속도:0.218
18:00:13  방향:167.4
18:00:13  GPS원시속도:0.226
18:00:13  GPS원시방향유효:1
18:00:13  GPS원시방향:167.4
18:00:13  가속도:4.482,3.931,4.568
18:00:13  자이로:-21.496,-7.015,-3.053
18:00:13  자력계:-35.700,50.850,14.700
18:00:13  송신:7694
18:00:13  GPS위성:7
18:00:13  GPS_HDOP:1.26
18:00:13  원시위도:37.496492
18:00:13  원시경도:126.957982
18:00:13  GPS채택:1465
18:00:13  GPS이상치거부:0
18:00:13  GPS품질거부:1
18:00:13  GPS재기준:0
18:00:13  RSSI원시:-57
18:00:13  RSSI평활:-58.3
18:00:13  RSSI샘플:14560
18:00:13  RSSI경과ms:36
18:00:13  차량수신:7151
18:00:13  시각ms:787433
18:00:13  IMU시각ms:787433
18:00:13  위험:0
18:00:13  GPS유효:1
18:00:13  위도:37.496490
18:00:13  경도:126.957985
18:00:13  속도:0.218
18:00:13  방향:167.4
18:00:13  GPS원시속도:0.226
18:00:13  GPS원시방향유효:1
18:00:13  GPS원시방향:167.4
18:00:13  가속도:3.960,3.084,4.774
18:00:13  자이로:7.954,2.053,-0.137
18:00:13  자력계:-36.900,50.100,12.900
18:00:13  송신:7694
18:00:13  GPS위성:7
18:00:13  GPS_HDOP:1.26
18:00:13  원시위도:37.496492
18:00:13  원시경도:126.957982
18:00:13  GPS채택:1465
18:00:13  GPS이상치거부:0
18:00:13  GPS품질거부:1
18:00:13  GPS재기준:0
18:00:13  RSSI원시:-57
18:00:13  RSSI평활:-58.3
18:00:13  RSSI샘플:14560
18:00:13  RSSI경과ms:58
18:00:13  차량수신:7151
18:00:13  시각ms:787466
18:00:13  IMU시각ms:787466
18:00:13  위험:0
18:00:13  GPS유효:1
18:00:13  위도:37.496490
18:00:13  경도:126.957985
18:00:13  속도:0.218
18:00:13  방향:167.4
18:00:13  GPS원시속도:0.226
18:00:13  GPS원시방향유효:1
18:00:13  GPS원시방향:167.4
18:00:13  가속도:3.409,3.323,5.205
18:00:13  자이로:25.565,1.481,4.061
18:00:13  자력계:-37.950,51.300,12.150
18:00:13  송신:7695
18:00:13  GPS위성:7
18:00:13  GPS_HDOP:1.26
18:00:13  원시위도:37.496492
18:00:13  원시경도:126.957982
18:00:13  GPS채택:1465
18:00:13  GPS이상치거부:0
18:00:13  GPS품질거부:1
18:00:13  GPS재기준:0
18:00:13  RSSI원시:-57
18:00:13  RSSI평활:-58.0
18:00:13  RSSI샘플:14561
18:00:13  RSSI경과ms:8
18:00:13  차량수신:7151
18:00:13  시각ms:787488
18:00:13  IMU시각ms:787488
18:00:13  위험:0
18:00:13  GPS유효:1
18:00:13  위도:37.496490
18:00:13  경도:126.957985
18:00:13  속도:0.218
18:00:13  방향:167.4
18:00:13  GPS원시속도:0.226
18:00:13  GPS원시방향유효:1
18:00:13  GPS원시방향:167.4
18:00:13  가속도:3.505,3.304,6.239
18:00:13  자이로:20.313,-12.939,3.443
18:00:13  자력계:-38.250,52.200,11.700
18:00:13  송신:7695
18:00:13  GPS위성:7
18:00:13  GPS_HDOP:1.26
18:00:13  원시위도:37.496492
18:00:13  원시경도:126.957982
18:00:13  GPS채택:1465
18:00:13  GPS이상치거부:0
18:00:13  GPS품질거부:1
18:00:13  GPS재기준:0
18:00:13  RSSI원시:-57
18:00:13  RSSI평활:-57.8
18:00:13  RSSI샘플:14562
18:00:13  RSSI경과ms:15
18:00:13  차량수신:7152
18:00:13  시각ms:787532
18:00:13  IMU시각ms:787532
18:00:13  위험:0
18:00:13  GPS유효:1
18:00:13  위도:37.496490
18:00:13  경도:126.957985
18:00:13  속도:0.218
18:00:13  방향:167.4
18:00:13  GPS원시속도:0.226
18:00:13  GPS원시방향유효:1
18:00:13  GPS원시방향:167.4
18:00:13  가속도:3.323,4.022,5.262
18:00:13  자이로:10.939,-39.649,7.191
18:00:13  자력계:-37.650,54.000,12.900
18:00:13  송신:7695
18:00:13  GPS위성:7
18:00:13  GPS_HDOP:1.26
18:00:13  원시위도:37.496492
18:00:13  원시경도:126.957982
18:00:13  GPS채택:1465
18:00:13  GPS이상치거부:0
18:00:13  GPS품질거부:1
18:00:13  GPS재기준:0
18:00:13  RSSI원시:-57
18:00:13  RSSI평활:-57.8
18:00:13  RSSI샘플:14562
18:00:13  RSSI경과ms:59
18:00:13  차량수신:7152
18:00:13  시각ms:787566
18:00:13  IMU시각ms:787554
18:00:13  위험:0
18:00:13  GPS유효:1
18:00:13  위도:37.496490
18:00:13  경도:126.957985
18:00:13  속도:0.218
18:00:13  방향:167.4
18:00:13  GPS원시속도:0.226
18:00:13  GPS원시방향유효:1
18:00:13  GPS원시방향:167.4
18:00:13  가속도:19.613,19.613,19.613
18:00:13  자이로:-33.351,-26.336,-9.412
18:00:13  자력계:-37.650,52.800,12.600
18:00:13  송신:7696
18:00:13  GPS위성:7
18:00:13  GPS_HDOP:1.26
18:00:13  원시위도:37.496492
18:00:13  원시경도:126.957982
18:00:13  GPS채택:1465
18:00:13  GPS이상치거부:0
18:00:13  GPS품질거부:1
18:00:13  GPS재기준:0
18:00:13  RSSI원시:-59
18:00:13  RSSI평활:-58.0
18:00:13  RSSI샘플:14563
18:00:13  RSSI경과ms:5
18:00:13  차량수신:7152
18:00:13  시각ms:787574
18:00:13  IMU시각ms:787574
18:00:13  위험:0
18:00:13  GPS유효:1
18:00:13  위도:37.496490
18:00:13  경도:126.957985
18:00:13  속도:0.218
18:00:13  방향:167.4
18:00:13  GPS원시속도:0.226
18:00:13  GPS원시방향유효:1
18:00:13  GPS원시방향:167.4
18:00:13  가속도:11.631,1.058,-19.613
18:00:13  자이로:-41.634,-9.649,-1.901
18:00:13  자력계:-40.950,54.000,13.200
18:00:13  송신:7696
18:00:13  GPS위성:7
18:00:13  GPS_HDOP:1.26
18:00:13  원시위도:37.496492
18:00:13  원시경도:126.957982
18:00:13  GPS채택:1465
18:00:13  GPS이상치거부:0
18:00:13  GPS품질거부:1
18:00:13  GPS재기준:0
18:00:13  RSSI원시:-59
18:00:13  RSSI평활:-58.2
18:00:13  RSSI샘플:14564
18:00:13  RSSI경과ms:0
18:00:13  차량수신:7153
18:00:13  시각ms:787596
18:00:13  IMU시각ms:787596
18:00:13  위험:0
18:00:13  GPS유효:1
18:00:13  위도:37.496490
18:00:13  경도:126.957985
18:00:13  속도:0.218
18:00:13  방향:167.4
18:00:13  GPS원시속도:0.226
18:00:13  GPS원시방향유효:1
18:00:13  GPS원시방향:167.4
18:00:13  가속도:1.810,6.728,8.270
18:00:13  자이로:29.252,55.756,-10.840
18:00:13  자력계:-41.400,55.500,11.850
18:00:13  송신:7696
18:00:13  GPS위성:7
18:00:13  GPS_HDOP:1.26
18:00:13  원시위도:37.496492
18:00:13  원시경도:126.957982
18:00:13  GPS채택:1465
18:00:13  GPS이상치거부:0
18:00:13  GPS품질거부:1
18:00:13  GPS재기준:0
18:00:13  RSSI원시:-59
18:00:13  RSSI평활:-58.2
18:00:13  RSSI샘플:14564
18:00:13  RSSI경과ms:22
18:00:13  차량수신:7153
18:00:14  시각ms:787618
18:00:14  IMU시각ms:787618
18:00:14  위험:0
18:00:14  GPS유효:1
18:00:14  위도:37.496490
18:00:14  경도:126.957985
18:00:14  속도:0.218
18:00:14  방향:167.4
18:00:14  GPS원시속도:0.226
18:00:14  GPS원시방향유효:1
18:00:14  GPS원시방향:167.4
18:00:14  가속도:8.720,4.755,11.052
18:00:14  자이로:40.817,42.840,-3.092
18:00:14  자력계:-39.450,55.500,12.900
18:00:14  송신:7696
18:00:14  GPS위성:7
18:00:14  GPS_HDOP:1.26
18:00:14  원시위도:37.496492
18:00:14  원시경도:126.957982
18:00:14  GPS채택:1465
18:00:14  GPS이상치거부:0
18:00:14  GPS품질거부:1
18:00:14  GPS재기준:0
18:00:14  RSSI원시:-59
18:00:14  RSSI평활:-58.2
18:00:14  RSSI샘플:14564
18:00:14  RSSI경과ms:44
18:00:14  차량수신:7153
18:00:14  시각ms:787640
18:00:14  IMU시각ms:787640
18:00:14  위험:0
18:00:14  GPS유효:1
18:00:14  위도:37.496490
18:00:14  경도:126.957985
18:00:14  속도:0.218
18:00:14  방향:167.4
18:00:14  GPS원시속도:0.226
18:00:14  GPS원시방향유효:1
18:00:14  GPS원시방향:167.4
18:00:14  가속도:7.954,6.718,14.878
18:00:14  자이로:-6.718,19.664,-3.214
18:00:14  자력계:-37.950,56.550,11.850
18:00:14  송신:7696
18:00:14  GPS위성:7
18:00:14  GPS_HDOP:1.26
18:00:14  원시위도:37.496492
18:00:14  원시경도:126.957982
18:00:14  GPS채택:1465
18:00:14  GPS이상치거부:0
18:00:14  GPS품질거부:1
18:00:14  GPS재기준:0
18:00:14  RSSI원시:-59
18:00:14  RSSI평활:-58.2
18:00:14  RSSI샘플:14564
18:00:14  RSSI경과ms:66
18:00:14  차량수신:7153
18:00:14  시각ms:787719
18:00:14  IMU시각ms:787719
18:00:14  위험:0
18:00:14  GPS유효:1
18:00:14  위도:37.496490
18:00:14  경도:126.957985
18:00:14  속도:0.226
18:00:14  방향:167.4
18:00:14  GPS원시속도:0.242
18:00:14  GPS원시방향유효:1
18:00:14  GPS원시방향:167.4
18:00:14  가속도:1.968,5.329,6.057
18:00:14  자이로:-95.962,-68.191,-14.130
18:00:14  자력계:-38.700,53.100,13.200
18:00:14  송신:7697
18:00:14  GPS위성:7
18:00:14  GPS_HDOP:1.26
18:00:14  원시위도:37.496490
18:00:14  원시경도:126.957981
18:00:14  GPS채택:1466
18:00:14  GPS이상치거부:0
18:00:14  GPS품질거부:1
18:00:14  GPS재기준:0
18:00:14  RSSI원시:-58
18:00:14  RSSI평활:-58.3
18:00:14  RSSI샘플:14566
18:00:14  RSSI경과ms:43
18:00:14  차량수신:7154
18:00:14  시각ms:787741
18:00:14  IMU시각ms:787741
18:00:14  위험:0
18:00:14  GPS유효:1
18:00:14  위도:37.496490
18:00:14  경도:126.957985
18:00:14  속도:0.226
18:00:14  방향:167.4
18:00:14  GPS원시속도:0.242
18:00:14  GPS원시방향유효:1
18:00:14  GPS원시방향:167.4
18:00:14  가속도:2.648,4.310,5.009
18:00:14  자이로:-85.252,-43.046,-15.802
18:00:14  자력계:-39.150,51.300,11.400
18:00:14  송신:7697
18:00:14  GPS위성:7
18:00:14  GPS_HDOP:1.26
18:00:14  원시위도:37.496490
18:00:14  원시경도:126.957981
18:00:14  GPS채택:1466
18:00:14  GPS이상치거부:0
18:00:14  GPS품질거부:1
18:00:14  GPS재기준:0
18:00:14  RSSI원시:-58
18:00:14  RSSI평활:-58.3
18:00:14  RSSI샘플:14566
18:00:14  RSSI경과ms:65
18:00:14  차량수신:7154
18:00:14  시각ms:787776
18:00:14  IMU시각ms:787776
18:00:14  위험:0
18:00:14  GPS유효:1
18:00:14  위도:37.496490
18:00:14  경도:126.957985
18:00:14  속도:0.232
18:00:14  방향:167.4
18:00:14  GPS원시속도:0.242
18:00:14  GPS원시방향유효:1
18:00:14  GPS원시방향:167.4
18:00:14  가속도:2.921,3.587,5.559
18:00:14  자이로:-66.542,-17.908,-10.359
18:00:14  자력계:-40.200,49.350,11.850
18:00:14  송신:7698
18:00:14  GPS위성:7
18:00:14  GPS_HDOP:1.26
18:00:14  원시위도:37.496490
18:00:14  원시경도:126.957981
18:00:14  GPS채택:1467
18:00:14  GPS이상치거부:0
18:00:14  GPS품질거부:1
18:00:14  GPS재기준:0
18:00:14  RSSI원시:-56
18:00:14  RSSI평활:-57.9
18:00:14  RSSI샘플:14567
18:00:14  RSSI경과ms:9
18:00:14  차량수신:7154
18:00:14  시각ms:787798
18:00:14  IMU시각ms:787798
18:00:14  위험:0
18:00:14  GPS유효:1
18:00:14  위도:37.496490
18:00:14  경도:126.957985
18:00:14  속도:0.232
18:00:14  방향:167.4
18:00:14  GPS원시속도:0.242
18:00:14  GPS원시방향유효:1
18:00:14  GPS원시방향:167.4
18:00:14  가속도:3.151,3.285,4.290
18:00:14  자이로:-41.840,-3.763,-7.687
18:00:14  자력계:-40.650,47.400,11.100
18:00:14  송신:7698
18:00:14  GPS위성:7
18:00:14  GPS_HDOP:1.26
18:00:14  원시위도:37.496490
18:00:14  원시경도:126.957981
18:00:14  GPS채택:1467
18:00:14  GPS이상치거부:0
18:00:14  GPS품질거부:1
18:00:14  GPS재기준:0
18:00:14  RSSI원시:-56
18:00:14  RSSI평활:-57.5
18:00:14  RSSI샘플:14568
18:00:14  RSSI경과ms:20
18:00:14  차량수신:7155
18:00:14  시각ms:787842
18:00:14  IMU시각ms:787842
18:00:14  위험:0
18:00:14  GPS유효:1
18:00:14  위도:37.496490
18:00:14  경도:126.957985
18:00:14  속도:0.232
18:00:14  방향:167.4
18:00:14  GPS원시속도:0.242
18:00:14  GPS원시방향유효:1
18:00:14  GPS원시방향:167.4
18:00:14  가속도:4.056,3.146,4.994
18:00:14  자이로:9.282,23.031,-8.611
18:00:14  자력계:-41.700,44.700,11.850
18:00:14  송신:7698
18:00:14  GPS위성:7
18:00:14  GPS_HDOP:1.26
18:00:14  원시위도:37.496490
18:00:14  원시경도:126.957981
18:00:14  GPS채택:1467
18:00:14  GPS이상치거부:0
18:00:14  GPS품질거부:1
18:00:14  GPS재기준:0
18:00:14  RSSI원시:-56
18:00:14  RSSI평활:-57.5
18:00:14  RSSI샘플:14568
18:00:14  RSSI경과ms:64
18:00:14  차량수신:7155
18:00:14  시각ms:787877
18:00:14  IMU시각ms:787877
18:00:14  위험:0
18:00:14  GPS유효:1
18:00:14  위도:37.496490
18:00:14  경도:126.957985
18:00:14  속도:0.232
18:00:14  방향:167.4
18:00:14  GPS원시속도:0.242
18:00:14  GPS원시방향유효:1
18:00:14  GPS원시방향:167.4
18:00:14  가속도:4.899,3.687,5.837
18:00:14  자이로:30.450,25.618,-11.420
18:00:14  자력계:-39.900,44.250,13.650
18:00:14  송신:7699
18:00:14  GPS위성:7
18:00:14  GPS_HDOP:1.26
18:00:14  원시위도:37.496490
18:00:14  원시경도:126.957981
18:00:14  GPS채택:1467
18:00:14  GPS이상치거부:0
18:00:14  GPS품질거부:1
18:00:14  GPS재기준:0
18:00:14  RSSI원시:-55
18:00:14  RSSI평활:-56.7
18:00:14  RSSI샘플:14570
18:00:14  RSSI경과ms:2
18:00:14  차량수신:7156
18:00:14  시각ms:787898
18:00:14  IMU시각ms:787898
18:00:14  위험:0
18:00:14  GPS유효:1
18:00:14  위도:37.496490
18:00:14  경도:126.957985
18:00:14  속도:0.232
18:00:14  방향:167.4
18:00:14  GPS원시속도:0.242
18:00:14  GPS원시방향유효:1
18:00:14  GPS원시방향:167.4
18:00:14  가속도:4.324,3.725,3.941
18:00:14  자이로:32.435,27.046,-11.878
18:00:14  자력계:-38.700,46.200,12.900
18:00:14  송신:7699
18:00:14  GPS위성:7
18:00:14  GPS_HDOP:1.26
18:00:14  원시위도:37.496490
18:00:14  원시경도:126.957981
18:00:14  GPS채택:1467
18:00:14  GPS이상치거부:0
18:00:14  GPS품질거부:1
18:00:14  GPS재기준:0
18:00:14  RSSI원시:-55
18:00:14  RSSI평활:-56.7
18:00:14  RSSI샘플:14570
18:00:14  RSSI경과ms:23
18:00:14  차량수신:7156
18:00:14  시각ms:787920
18:00:14  IMU시각ms:787920
18:00:14  위험:0
18:00:14  GPS유효:1
18:00:14  위도:37.496490
18:00:14  경도:126.957985
18:00:14  속도:0.232
18:00:14  방향:167.4
18:00:14  GPS원시속도:0.242
18:00:14  GPS원시방향유효:1
18:00:14  GPS원시방향:167.4
18:00:14  가속도:4.650,4.104,3.725
18:00:14  자이로:45.145,21.618,-11.321
18:00:14  자력계:-37.950,46.650,13.950
18:00:14  송신:7699
18:00:14  GPS위성:7
18:00:14  GPS_HDOP:1.26
18:00:14  원시위도:37.496490
18:00:14  원시경도:126.957981
18:00:14  GPS채택:1467
18:00:14  GPS이상치거부:0
18:00:14  GPS품질거부:1
18:00:14  GPS재기준:0
18:00:14  RSSI원시:-55
18:00:14  RSSI평활:-56.7
18:00:14  RSSI샘플:14570
18:00:14  RSSI경과ms:45
18:00:14  차량수신:7156
18:00:14  시각ms:787942
18:00:14  IMU시각ms:787942
18:00:14  위험:0
18:00:14  GPS유효:1
18:00:14  위도:37.496490
18:00:14  경도:126.957985
18:00:14  속도:0.232
18:00:14  방향:167.4
18:00:14  GPS원시속도:0.242
18:00:14  GPS원시방향유효:1
18:00:14  GPS원시방향:167.4
18:00:14  가속도:5.641,5.100,4.219
18:00:14  자이로:55.779,21.672,-5.061
18:00:14  자력계:-38.700,46.200,12.600
18:00:14  송신:7699
18:00:14  GPS위성:7
18:00:14  GPS_HDOP:1.26
18:00:14  원시위도:37.496490
18:00:14  원시경도:126.957981
18:00:14  GPS채택:1467
18:00:14  GPS이상치거부:0
18:00:14  GPS품질거부:1
18:00:14  GPS재기준:0
18:00:14  RSSI원시:-55
18:00:14  RSSI평활:-56.7
18:00:14  RSSI샘플:14570
18:00:14  RSSI경과ms:67
18:00:14  차량수신:7156
18:00:14  시각ms:787977
18:00:14  IMU시각ms:787977
18:00:14  위험:0
18:00:14  GPS유효:1
18:00:14  위도:37.496490
18:00:14  경도:126.957985
18:00:14  속도:0.232
18:00:14  방향:167.4
18:00:14  GPS원시속도:0.242
18:00:14  GPS원시방향유효:1
18:00:14  GPS원시방향:167.4
18:00:14  가속도:7.001,6.618,6.115
18:00:14  자이로:77.137,4.679,0.595
18:00:14  자력계:-39.000,47.550,13.500
18:00:14  송신:7700
18:00:14  GPS위성:7
18:00:14  GPS_HDOP:1.26
18:00:14  원시위도:37.496490
18:00:14  원시경도:126.957981
18:00:14  GPS채택:1467
18:00:14  GPS이상치거부:0
18:00:14  GPS품질거부:1
18:00:14  GPS재기준:0
18:00:14  RSSI원시:-55
18:00:14  RSSI평활:-56.7
18:00:14  RSSI샘플:14570
18:00:14  RSSI경과ms:102
18:00:14  차량수신:7156
18:00:14  시각ms:787999
18:00:14  IMU시각ms:787999
18:00:14  위험:0
18:00:14  GPS유효:1
18:00:14  위도:37.496490
18:00:14  경도:126.957985
18:00:14  속도:0.232
18:00:14  방향:167.4
18:00:14  GPS원시속도:0.242
18:00:14  GPS원시방향유효:1
18:00:14  GPS원시방향:167.4
18:00:14  가속도:7.633,7.728,9.711
18:00:14  자이로:68.214,-2.038,3.305
18:00:14  자력계:-37.650,52.350,13.200
18:00:14  송신:7700
18:00:14  GPS위성:7
18:00:14  GPS_HDOP:1.26
18:00:14  원시위도:37.496490
18:00:14  원시경도:126.957981
18:00:14  GPS채택:1467
18:00:14  GPS이상치거부:0
18:00:14  GPS품질거부:1
18:00:14  GPS재기준:0
18:00:14  RSSI원시:-54
18:00:14  RSSI평활:-55.8
18:00:14  RSSI샘플:14572
18:00:14  RSSI경과ms:15
18:00:14  차량수신:7157
18:00:14  시각ms:788021
18:00:14  IMU시각ms:788021
18:00:14  위험:0
18:00:14  GPS유효:1
18:00:14  위도:37.496490
18:00:14  경도:126.957985
18:00:14  속도:0.232
18:00:14  방향:167.4
18:00:14  GPS원시속도:0.242
18:00:14  GPS원시방향유효:1
18:00:14  GPS원시방향:167.4
18:00:14  가속도:-19.613,-19.613,7.025
18:00:14  자이로:-8.847,-125.870,15.733
18:00:14  자력계:-37.200,52.050,13.200
18:00:14  송신:7700
18:00:14  GPS위성:7
18:00:14  GPS_HDOP:1.26
18:00:14  원시위도:37.496490
18:00:14  원시경도:126.957981
18:00:14  GPS채택:1467
18:00:14  GPS이상치거부:0
18:00:14  GPS품질거부:1
18:00:14  GPS재기준:0
18:00:14  RSSI원시:-54
18:00:14  RSSI평활:-55.8
18:00:14  RSSI샘플:14572
18:00:14  RSSI경과ms:37
18:00:14  차량수신:7157
18:00:14  시각ms:788043
18:00:14  IMU시각ms:788043
18:00:14  위험:0
18:00:14  GPS유효:1
18:00:14  위도:37.496490
18:00:14  경도:126.957985
18:00:14  속도:0.232
18:00:14  방향:167.4
18:00:14  GPS원시속도:0.242
18:00:14  GPS원시방향유효:1
18:00:14  GPS원시방향:167.4
18:00:14  가속도:19.613,5.938,19.613
18:00:14  자이로:-52.130,-47.901,41.969
18:00:14  자력계:-37.650,50.100,11.850
18:00:14  송신:7700
18:00:14  GPS위성:7
18:00:14  GPS_HDOP:1.26
18:00:14  원시위도:37.496490
18:00:14  원시경도:126.957981
18:00:14  GPS채택:1467
18:00:14  GPS이상치거부:0
18:00:14  GPS품질거부:1
18:00:14  GPS재기준:0
18:00:14  RSSI원시:-54
18:00:14  RSSI평활:-55.8
18:00:14  RSSI샘플:14572
18:00:14  RSSI경과ms:59
18:00:14  차량수신:7157
18:00:14  시각ms:788078
18:00:14  IMU시각ms:788078
18:00:14  위험:0
18:00:14  GPS유효:1
18:00:14  위도:37.496490
18:00:14  경도:126.957985
18:00:14  속도:0.232
18:00:14  방향:167.4
18:00:14  GPS원시속도:0.242
18:00:14  GPS원시방향유효:1
18:00:14  GPS원시방향:167.4
18:00:14  가속도:18.340,9.175,17.008
18:00:14  자이로:-104.634,25.229,20.794
18:00:14  자력계:-37.050,51.000,12.750
18:00:14  송신:7701
18:00:14  GPS위성:7
18:00:14  GPS_HDOP:1.26
18:00:14  원시위도:37.496490
18:00:14  원시경도:126.957981
18:00:14  GPS채택:1467
18:00:14  GPS이상치거부:0
18:00:14  GPS품질거부:1
18:00:14  GPS재기준:0
18:00:14  RSSI원시:-54
18:00:14  RSSI평활:-55.8
18:00:14  RSSI샘플:14572
18:00:14  RSSI경과ms:94
18:00:14  차량수신:7157
18:00:14  시각ms:788100
18:00:14  IMU시각ms:788100
18:00:14  위험:0
18:00:14  GPS유효:1
18:00:14  위도:37.496490
18:00:14  경도:126.957985
18:00:14  속도:0.232
18:00:14  방향:167.4
18:00:14  GPS원시속도:0.242
18:00:14  GPS원시방향유효:1
18:00:14  GPS원시방향:167.4
18:00:14  가속도:9.864,10.745,2.667
18:00:14  자이로:-60.473,-24.954,24.672
18:00:14  자력계:-36.900,50.850,14.700
18:00:14  송신:7701
18:00:14  GPS위성:7
18:00:14  GPS_HDOP:1.26
18:00:14  원시위도:37.496490
18:00:14  원시경도:126.957981
18:00:14  GPS채택:1467
18:00:14  GPS이상치거부:0
18:00:14  GPS품질거부:1
18:00:14  GPS재기준:0
18:00:14  RSSI원시:-54
18:00:14  RSSI평활:-55.1
18:00:14  RSSI샘플:14574
18:00:14  RSSI경과ms:13
18:00:14  차량수신:7158
18:00:14  시각ms:788122
18:00:14  IMU시각ms:788122
18:00:14  위험:0
18:00:14  GPS유효:1
18:00:14  위도:37.496490
18:00:14  경도:126.957985
18:00:14  속도:0.232
18:00:14  방향:167.4
18:00:14  GPS원시속도:0.242
18:00:14  GPS원시방향유효:1
18:00:14  GPS원시방향:167.4
18:00:14  가속도:8.983,1.039,5.138
18:00:14  자이로:-80.725,-39.489,8.122
18:00:14  자력계:-37.200,47.850,14.700
18:00:14  송신:7701
18:00:14  GPS위성:7
18:00:14  GPS_HDOP:1.26
18:00:14  원시위도:37.496490
18:00:14  원시경도:126.957981
18:00:14  GPS채택:1467
18:00:14  GPS이상치거부:0
18:00:14  GPS품질거부:1
18:00:14  GPS재기준:0
18:00:14  RSSI원시:-54
18:00:14  RSSI평활:-55.1
18:00:14  RSSI샘플:14574
18:00:14  RSSI경과ms:35
18:00:14  차량수신:7158
18:00:14  시각ms:788144
18:00:14  IMU시각ms:788144
18:00:14  위험:0
18:00:14  GPS유효:1
18:00:14  위도:37.496490
18:00:14  경도:126.957985
18:00:14  속도:0.232
18:00:14  방향:167.4
18:00:14  GPS원시속도:0.242
18:00:14  GPS원시방향유효:1
18:00:14  GPS원시방향:167.4
18:00:14  가속도:3.859,5.468,2.935
18:00:14  자이로:-74.489,-19.260,-2.214
18:00:14  자력계:-37.500,46.800,12.750
18:00:14  송신:7701
18:00:14  GPS위성:7
18:00:14  GPS_HDOP:1.26
18:00:14  원시위도:37.496490
18:00:14  원시경도:126.957981
18:00:14  GPS채택:1467
18:00:14  GPS이상치거부:0
18:00:14  GPS품질거부:1
18:00:14  GPS재기준:0
18:00:14  RSSI원시:-54
18:00:14  RSSI평활:-55.1
18:00:14  RSSI샘플:14574
18:00:14  RSSI경과ms:57
18:00:14  차량수신:7158
18:00:14  시각ms:788177
18:00:14  IMU시각ms:788177
18:00:14  위험:0
18:00:14  GPS유효:1
18:00:14  위도:37.496490
18:00:14  경도:126.957985
18:00:14  속도:0.232
18:00:14  방향:167.4
18:00:14  GPS원시속도:0.242
18:00:14  GPS원시방향유효:1
18:00:14  GPS원시방향:167.4
18:00:14  가속도:4.602,4.630,5.464
18:00:14  자이로:-48.275,1.863,-0.137
18:00:14  자력계:-39.750,45.300,12.300
18:00:14  송신:7702
18:00:14  GPS위성:7
18:00:14  GPS_HDOP:1.26
18:00:14  원시위도:37.496490
18:00:14  원시경도:126.957981
18:00:14  GPS채택:1467
18:00:14  GPS이상치거부:0
18:00:14  GPS품질거부:1
18:00:14  GPS재기준:0
18:00:14  RSSI원시:-55
18:00:14  RSSI평활:-55.1
18:00:14  RSSI샘플:14575
18:00:14  RSSI경과ms:8
18:00:14  차량수신:7158
18:00:14  시각ms:788199
18:00:14  IMU시각ms:788199
18:00:14  위험:0
18:00:14  GPS유효:1
18:00:14  위도:37.496490
18:00:14  경도:126.957985
18:00:14  속도:0.232
18:00:14  방향:167.4
18:00:14  GPS원시속도:0.242
18:00:14  GPS원시방향유효:1
18:00:14  GPS원시방향:167.4
18:00:14  가속도:5.904,2.830,3.907
18:00:14  자이로:-12.389,21.595,-5.847
18:00:14  자력계:-38.400,42.750,13.950
18:00:14  송신:7702
18:00:14  GPS위성:7
18:00:14  GPS_HDOP:1.26
18:00:14  원시위도:37.496490
18:00:14  원시경도:126.957981
18:00:14  GPS채택:1467
18:00:14  GPS이상치거부:0
18:00:14  GPS품질거부:1
18:00:14  GPS재기준:0
18:00:14  RSSI원시:-54
18:00:14  RSSI평활:-54.9
18:00:14  RSSI샘플:14576
18:00:14  RSSI경과ms:19
18:00:14  차량수신:7159
18:00:14  시각ms:788221
18:00:14  IMU시각ms:788221
18:00:14  위험:0
18:00:14  GPS유효:1
18:00:14  위도:37.496490
18:00:14  경도:126.957985
18:00:14  속도:0.232
18:00:14  방향:167.4
18:00:14  GPS원시속도:0.242
18:00:14  GPS원시방향유효:1
18:00:14  GPS원시방향:167.4
18:00:14  가속도:4.286,3.285,5.009
18:00:14  자이로:21.115,39.672,-7.084
18:00:14  자력계:-39.000,44.850,13.500
18:00:14  송신:7702
18:00:14  GPS위성:7
18:00:14  GPS_HDOP:1.26
18:00:14  원시위도:37.496490
18:00:14  원시경도:126.957981
18:00:14  GPS채택:1467
18:00:14  GPS이상치거부:0
18:00:14  GPS품질거부:1
18:00:14  GPS재기준:0
18:00:14  RSSI원시:-54
18:00:14  RSSI평활:-54.9
18:00:14  RSSI샘플:14576
18:00:14  RSSI경과ms:41
18:00:14  차량수신:7159
18:00:14  시각ms:788243
18:00:14  IMU시각ms:788243
18:00:14  위험:0
18:00:14  GPS유효:1
18:00:14  위도:37.496490
18:00:14  경도:126.957985
18:00:14  속도:0.232
18:00:14  방향:167.4
18:00:14  GPS원시속도:0.242
18:00:14  GPS원시방향유효:1
18:00:14  GPS원시방향:167.4
18:00:14  가속도:4.300,3.021,5.770
18:00:14  자이로:34.611,39.305,-6.298
18:00:14  자력계:-38.700,43.950,13.650
18:00:14  송신:7702
18:00:14  GPS위성:7
18:00:14  GPS_HDOP:1.26
18:00:14  원시위도:37.496490
18:00:14  원시경도:126.957981
18:00:14  GPS채택:1467
18:00:14  GPS이상치거부:0
18:00:14  GPS품질거부:1
18:00:14  GPS재기준:0
18:00:14  RSSI원시:-54
18:00:14  RSSI평활:-54.9
18:00:14  RSSI샘플:14576
18:00:14  RSSI경과ms:63
18:00:14  차량수신:7159
18:00:14  시각ms:788384
18:00:14  IMU시각ms:788384
18:00:14  위험:0
18:00:14  GPS유효:1
18:00:14  위도:37.496490
18:00:14  경도:126.957985
18:00:14  속도:0.232
18:00:14  방향:167.4
18:00:14  GPS원시속도:0.242
18:00:14  GPS원시방향유효:1
18:00:14  GPS원시방향:167.4
18:00:14  가속도:6.167,4.645,7.451
18:00:14  자이로:25.855,-34.962,7.137
18:00:14  자력계:-38.400,47.400,13.200
18:00:14  송신:7704
18:00:14  GPS위성:7
18:00:14  GPS_HDOP:1.26
18:00:14  원시위도:37.496490
18:00:14  원시경도:126.957981
18:00:14  GPS채택:1467
18:00:14  GPS이상치거부:0
18:00:14  GPS품질거부:1
18:00:14  GPS재기준:0
18:00:14  RSSI원시:-57
18:00:14  RSSI평활:-55.5
18:00:14  RSSI샘플:14580
18:00:14  RSSI경과ms:2
18:00:14  차량수신:7161
18:00:14  시각ms:788428
18:00:14  IMU시각ms:788428
18:00:14  위험:0
18:00:14  GPS유효:1
18:00:14  위도:37.496490
18:00:14  경도:126.957985
18:00:14  속도:0.232
18:00:14  방향:167.4
18:00:14  GPS원시속도:0.242
18:00:14  GPS원시방향유효:1
18:00:14  GPS원시방향:167.4
18:00:14  가속도:19.470,12.220,19.613
18:00:14  자이로:-29.038,-35.962,40.015
18:00:14  자력계:-39.450,48.600,13.650
18:00:14  송신:7704
18:00:14  GPS위성:7
18:00:14  GPS_HDOP:1.26
18:00:14  원시위도:37.496490
18:00:14  원시경도:126.957981
18:00:14  GPS채택:1467
18:00:14  GPS이상치거부:0
18:00:14  GPS품질거부:1
18:00:14  GPS재기준:0
18:00:14  RSSI원시:-57
18:00:14  RSSI평활:-55.5
18:00:14  RSSI샘플:14580
18:00:14  RSSI경과ms:46
18:00:14  차량수신:7161
18:00:14  시각ms:788450
18:00:14  IMU시각ms:788450
18:00:14  위험:0
18:00:14  GPS유효:1
18:00:14  위도:37.496490
18:00:14  경도:126.957985
18:00:14  속도:0.232
18:00:14  방향:167.4
18:00:14  GPS원시속도:0.242
18:00:14  GPS원시방향유효:1
18:00:14  GPS원시방향:167.4
18:00:14  가속도:11.583,4.573,11.578
18:00:14  자이로:-34.336,67.511,-9.702
18:00:14  자력계:-40.200,47.850,12.150
18:00:14  송신:7704
18:00:14  GPS위성:7
18:00:14  GPS_HDOP:1.26
18:00:14  원시위도:37.496490
18:00:14  원시경도:126.957981
18:00:14  GPS채택:1467
18:00:14  GPS이상치거부:0
18:00:14  GPS품질거부:1
18:00:14  GPS재기준:0
18:00:14  RSSI원시:-57
18:00:14  RSSI평활:-55.5
18:00:14  RSSI샘플:14580
18:00:14  RSSI경과ms:68
18:00:14  차량수신:7161
18:00:14  시각ms:788558
18:00:14  IMU시각ms:788558
18:00:14  위험:0
18:00:14  GPS유효:1
18:00:15  위도:37.496490
18:00:15  경도:126.957985
18:00:15  속도:0.232
18:00:15  방향:167.4
18:00:15  GPS원시속도:0.242
18:00:15  GPS원시방향유효:1
18:00:15  GPS원시방향:167.4
18:00:15  가속도:4.788,4.367,5.871
18:00:15  자이로:-27.336,-4.397,1.557
18:00:15  자력계:-39.150,48.900,13.200
18:00:15  송신:7705
18:00:15  GPS위성:7
18:00:15  GPS_HDOP:1.26
18:00:15  원시위도:37.496490
18:00:15  원시경도:126.957981
18:00:15  GPS채택:1467
18:00:15  GPS이상치거부:0
18:00:15  GPS품질거부:1
18:00:15  GPS재기준:0
18:00:15  RSSI원시:-57
18:00:15  RSSI평활:-56.0
18:00:15  RSSI샘플:14582
18:00:15  RSSI경과ms:66
18:00:15  차량수신:7162
18:00:15  시각ms:788591
18:00:15  IMU시각ms:788591
18:00:15  위험:0
18:00:15  GPS유효:1
18:00:15  위도:37.496490
18:00:15  경도:126.957985
18:00:15  속도:0.232
18:00:15  방향:167.4
18:00:15  GPS원시속도:0.242
18:00:15  GPS원시방향유효:1
18:00:15  GPS원시방향:167.4
18:00:15  가속도:4.975,2.677,6.345
18:00:15  자이로:-11.878,9.939,11.359
18:00:15  자력계:-38.400,46.200,12.150
18:00:15  송신:7706
18:00:15  GPS위성:7
18:00:15  GPS_HDOP:1.26
18:00:15  원시위도:37.496490
18:00:15  원시경도:126.957981
18:00:15  GPS채택:1467
18:00:15  GPS이상치거부:0
18:00:15  GPS품질거부:1
18:00:15  GPS재기준:0
18:00:15  RSSI원시:-60
18:00:15  RSSI평활:-57.5
18:00:15  RSSI샘플:14584
18:00:15  RSSI경과ms:2
18:00:15  차량수신:7163
18:00:15  시각ms:788613
18:00:15  IMU시각ms:788613
18:00:15  위험:0
18:00:15  GPS유효:1
18:00:15  위도:37.496490
18:00:15  경도:126.957985
18:00:15  속도:0.232
18:00:15  방향:167.4
18:00:15  GPS원시속도:0.242
18:00:15  GPS원시방향유효:1
18:00:15  GPS원시방향:167.4
18:00:15  가속도:3.069,2.461,4.013
18:00:15  자이로:10.344,14.168,15.756
18:00:15  자력계:-37.800,47.250,12.000
18:00:15  송신:7706
18:00:15  GPS위성:7
18:00:15  GPS_HDOP:1.26
18:00:15  원시위도:37.496490
18:00:15  원시경도:126.957981
18:00:15  GPS채택:1467
18:00:15  GPS이상치거부:0
18:00:15  GPS품질거부:1
18:00:15  GPS재기준:0
18:00:15  RSSI원시:-60
18:00:15  RSSI평활:-57.5
18:00:15  RSSI샘플:14584
18:00:15  RSSI경과ms:24
18:00:15  차량수신:7163
18:00:15  시각ms:788722
18:00:15  IMU시각ms:788722
18:00:15  위험:0
18:00:15  GPS유효:1
18:00:15  위도:37.496490
18:00:15  경도:126.957977
18:00:15  속도:0.282
18:00:15  방향:167.4
18:00:15  GPS원시속도:0.376
18:00:15  GPS원시방향유효:1
18:00:15  GPS원시방향:167.4
18:00:15  가속도:4.343,5.148,8.428
18:00:15  자이로:33.519,-29.756,26.397
18:00:15  자력계:-39.750,51.750,12.300
18:00:15  송신:7707
18:00:15  GPS위성:7
18:00:15  GPS_HDOP:1.26
18:00:15  원시위도:37.496493
18:00:15  원시경도:126.957978
18:00:15  GPS채택:1468
18:00:15  GPS이상치거부:0
18:00:15  GPS품질거부:1
18:00:15  GPS재기준:0
18:00:15  RSSI원시:-59
18:00:15  RSSI평활:-58.0
18:00:15  RSSI샘플:14586
18:00:15  RSSI경과ms:28
18:00:15  차량수신:7164
18:00:15  시각ms:788744
18:00:15  IMU시각ms:788744
18:00:15  위험:0
18:00:15  GPS유효:1
18:00:15  위도:37.496490
18:00:15  경도:126.957977
18:00:15  속도:0.282
18:00:15  방향:167.4
18:00:15  GPS원시속도:0.376
18:00:15  GPS원시방향유효:1
18:00:15  GPS원시방향:167.4
18:00:15  가속도:-19.613,-19.613,6.589
18:00:15  자이로:250.130,-250.137,-51.489
18:00:15  자력계:-39.300,52.650,14.550
18:00:15  송신:7707
18:00:15  GPS위성:7
18:00:15  GPS_HDOP:1.26
18:00:15  원시위도:37.496493
18:00:15  원시경도:126.957978
18:00:15  GPS채택:1468
18:00:15  GPS이상치거부:0
18:00:15  GPS품질거부:1
18:00:15  GPS재기준:0
18:00:15  RSSI원시:-59
18:00:15  RSSI평활:-58.0
18:00:15  RSSI샘플:14586
18:00:15  RSSI경과ms:50
18:00:15  차량수신:7164
18:00:15  시각ms:788766
18:00:15  IMU시각ms:788766
18:00:15  위험:0
18:00:15  GPS유효:1
18:00:15  위도:37.496490
18:00:15  경도:126.957977
18:00:15  속도:0.282
18:00:15  방향:167.4
18:00:15  GPS원시속도:0.376
18:00:15  GPS원시방향유효:1
18:00:15  GPS원시방향:167.4
18:00:15  가속도:18.359,19.613,17.248
18:00:15  자이로:61.290,110.809,-32.618
18:00:15  자력계:-39.000,53.400,12.000
18:00:15  송신:7707
18:00:15  GPS위성:7
18:00:15  GPS_HDOP:1.26
18:00:15  원시위도:37.496493
18:00:15  원시경도:126.957978
18:00:15  GPS채택:1468
18:00:15  GPS이상치거부:0
18:00:15  GPS품질거부:1
18:00:15  GPS재기준:0
18:00:15  RSSI원시:-59
18:00:15  RSSI평활:-58.0
18:00:15  RSSI샘플:14586
18:00:15  RSSI경과ms:72
18:00:15  차량수신:7164
18:00:15  시각ms:788822
18:00:15  IMU시각ms:788822
18:00:15  위험:0
18:00:15  GPS유효:1
18:00:15  위도:37.496490
18:00:15  경도:126.957977
18:00:15  속도:0.315
18:00:15  방향:167.4
18:00:15  GPS원시속도:0.376
18:00:15  GPS원시방향유효:1
18:00:15  GPS원시방향:167.4
18:00:15  가속도:5.851,6.948,10.760
18:00:15  자이로:-11.847,-2.321,-21.244
18:00:15  자력계:-39.000,54.450,13.050
18:00:15  송신:7708
18:00:15  GPS위성:7
18:00:15  GPS_HDOP:1.67
18:00:15  원시위도:37.496493
18:00:15  원시경도:126.957978
18:00:15  GPS채택:1469
18:00:15  GPS이상치거부:0
18:00:15  GPS품질거부:1
18:00:15  GPS재기준:0
18:00:15  RSSI원시:-59
18:00:15  RSSI평활:-58.4
18:00:15  RSSI샘플:14588
18:00:15  RSSI경과ms:24
18:00:15  차량수신:7165
18:00:15  시각ms:788844
18:00:15  IMU시각ms:788844
18:00:15  위험:0
18:00:15  GPS유효:1
18:00:15  위도:37.496490
18:00:15  경도:126.957977
18:00:15  속도:0.315
18:00:15  방향:167.4
18:00:15  GPS원시속도:0.376
18:00:15  GPS원시방향유효:1
18:00:15  GPS원시방향:167.4
18:00:15  가속도:6.871,3.850,7.819
18:00:15  자이로:-57.931,-32.824,-14.206
18:00:15  자력계:-35.550,53.700,13.050
18:00:15  송신:7708
18:00:15  GPS위성:7
18:00:15  GPS_HDOP:1.67
18:00:15  원시위도:37.496493
18:00:15  원시경도:126.957978
18:00:15  GPS채택:1469
18:00:15  GPS이상치거부:0
18:00:15  GPS품질거부:1
18:00:15  GPS재기준:0
18:00:15  RSSI원시:-59
18:00:15  RSSI평활:-58.4
18:00:15  RSSI샘플:14588
18:00:15  RSSI경과ms:46
18:00:15  차량수신:7165
18:00:15  시각ms:788866
18:00:15  IMU시각ms:788866
18:00:15  위험:0
18:00:15  GPS유효:1
18:00:15  위도:37.496490
18:00:15  경도:126.957977
18:00:15  속도:0.315
18:00:15  방향:167.4
18:00:15  GPS원시속도:0.376
18:00:15  GPS원시방향유효:1
18:00:15  GPS원시방향:167.4
18:00:15  가속도:3.409,3.759,5.535
18:00:15  자이로:-60.687,-28.687,-12.802
18:00:15  자력계:-37.800,54.150,13.500
18:00:15  송신:7708
18:00:15  GPS위성:7
18:00:15  GPS_HDOP:1.67
18:00:15  원시위도:37.496493
18:00:15  원시경도:126.957978
18:00:15  GPS채택:1469
18:00:15  GPS이상치거부:0
18:00:15  GPS품질거부:1
18:00:15  GPS재기준:0
18:00:15  RSSI원시:-59
18:00:15  RSSI평활:-58.4
18:00:15  RSSI샘플:14588
18:00:15  RSSI경과ms:68
18:00:15  차량수신:7165
18:00:15  시각ms:788901
18:00:15  IMU시각ms:788901
18:00:15  위험:0
18:00:15  GPS유효:1
18:00:15  위도:37.496490
18:00:15  경도:126.957977
18:00:15  속도:0.315
18:00:15  방향:167.4
18:00:15  GPS원시속도:0.376
18:00:15  GPS원시방향유효:1
18:00:15  GPS원시방향:167.4
18:00:15  가속도:2.868,3.323,5.765
18:00:15  자이로:-50.160,-26.008,1.229
18:00:15  자력계:-40.050,51.450,11.700
18:00:15  송신:7709
18:00:15  GPS위성:7
18:00:15  GPS_HDOP:1.67
18:00:15  원시위도:37.496493
18:00:15  원시경도:126.957978
18:00:15  GPS채택:1469
18:00:15  GPS이상치거부:0
18:00:15  GPS품질거부:1
18:00:15  GPS재기준:0
18:00:15  RSSI원시:-60
18:00:15  RSSI평활:-58.6
18:00:15  RSSI샘플:14590
18:00:15  RSSI경과ms:1
18:00:15  차량수신:7166
18:00:15  시각ms:788922
18:00:15  IMU시각ms:788922
18:00:15  위험:0
18:00:15  GPS유효:1
18:00:15  위도:37.496490
18:00:15  경도:126.957977
18:00:15  속도:0.315
18:00:15  방향:167.4
18:00:15  GPS원시속도:0.376
18:00:15  GPS원시방향유효:1
18:00:15  GPS원시방향:167.4
18:00:15  가속도:3.654,3.227,5.856
18:00:15  자이로:-22.748,-5.939,-2.092
18:00:15  자력계:-37.650,51.600,12.900
18:00:15  송신:7709
18:00:15  GPS위성:7
18:00:15  GPS_HDOP:1.67
18:00:15  원시위도:37.496493
18:00:15  원시경도:126.957978
18:00:15  GPS채택:1469
18:00:15  GPS이상치거부:0
18:00:15  GPS품질거부:1
18:00:15  GPS재기준:0
18:00:15  RSSI원시:-60
18:00:15  RSSI평활:-58.6
18:00:15  RSSI샘플:14590
18:00:15  RSSI경과ms:22
18:00:15  차량수신:7166
18:00:15  시각ms:788944
18:00:15  IMU시각ms:788944
18:00:15  위험:0
18:00:15  GPS유효:1
18:00:15  위도:37.496490
18:00:15  경도:126.957977
18:00:15  속도:0.315
18:00:15  방향:167.4
18:00:15  GPS원시속도:0.376
18:00:15  GPS원시방향유효:1
18:00:15  GPS원시방향:167.4
18:00:15  가속도:3.663,2.902,5.392
18:00:15  자이로:-8.985,5.733,3.824
18:00:15  자력계:-39.900,50.100,12.150
18:00:15  송신:7709
18:00:15  GPS위성:7
18:00:15  GPS_HDOP:1.67
18:00:15  원시위도:37.496493
18:00:15  원시경도:126.957978
18:00:15  GPS채택:1469
18:00:15  GPS이상치거부:0
18:00:15  GPS품질거부:1
18:00:15  GPS재기준:0
18:00:15  RSSI원시:-60
18:00:15  RSSI평활:-58.6
18:00:15  RSSI샘플:14590
18:00:15  RSSI경과ms:44
18:00:15  차량수신:7166
18:00:15  시각ms:789001
18:00:15  IMU시각ms:789001
18:00:15  위험:0
18:00:15  GPS유효:1
18:00:15  위도:37.496490
18:00:15  경도:126.957977
18:00:15  속도:0.315
18:00:15  방향:167.4
18:00:15  GPS원시속도:0.376
18:00:15  GPS원시방향유효:1
18:00:15  GPS원시방향:167.4
18:00:15  가속도:3.572,3.912,6.383
18:00:15  자이로:-1.092,0.641,14.733
18:00:15  자력계:-38.550,50.700,12.750
18:00:15  송신:7710
18:00:15  GPS위성:7
18:00:15  GPS_HDOP:1.67
18:00:15  원시위도:37.496493
18:00:15  원시경도:126.957978
18:00:15  GPS채택:1469
18:00:15  GPS이상치거부:0
18:00:15  GPS품질거부:1
18:00:15  GPS재기준:0
18:00:15  RSSI원시:-61
18:00:15  RSSI평활:-59.1
18:00:15  RSSI샘플:14591
18:00:15  RSSI경과ms:8
18:00:15  차량수신:7166
18:00:15  시각ms:789023
18:00:15  IMU시각ms:789023
18:00:15  위험:0
18:00:15  GPS유효:1
18:00:15  위도:37.496490
18:00:15  경도:126.957977
18:00:15  속도:0.315
18:00:15  방향:167.4
18:00:15  GPS원시속도:0.376
18:00:15  GPS원시방향유효:1
18:00:15  GPS원시방향:167.4
18:00:15  가속도:2.863,3.797,5.770
18:00:15  자이로:-11.168,-12.931,15.656
18:00:15  자력계:-38.550,49.200,13.050
18:00:15  송신:7710
18:00:15  GPS위성:7
18:00:15  GPS_HDOP:1.67
18:00:15  원시위도:37.496493
18:00:15  원시경도:126.957978
18:00:15  GPS채택:1469
18:00:15  GPS이상치거부:0
18:00:15  GPS품질거부:1
18:00:15  GPS재기준:0
18:00:15  RSSI원시:-59
18:00:15  RSSI평활:-59.1
18:00:15  RSSI샘플:14592
18:00:15  RSSI경과ms:21
18:00:15  차량수신:7167
18:00:15  시각ms:789067
18:00:15  IMU시각ms:789067
18:00:15  위험:0
18:00:15  GPS유효:1
18:00:15  위도:37.496490
18:00:15  경도:126.957977
18:00:15  속도:0.315
18:00:15  방향:167.4
18:00:15  GPS원시속도:0.376
18:00:15  GPS원시방향유효:1
18:00:15  GPS원시방향:167.4
18:00:15  가속도:3.519,5.425,4.137
18:00:15  자이로:-3.176,-26.237,-0.954
18:00:15  자력계:-37.650,46.650,12.900
18:00:15  송신:7710
18:00:15  GPS위성:7
18:00:15  GPS_HDOP:1.67
18:00:15  원시위도:37.496493
18:00:15  원시경도:126.957978
18:00:15  GPS채택:1469
18:00:15  GPS이상치거부:0
18:00:15  GPS품질거부:1
18:00:15  GPS재기준:0
18:00:15  RSSI원시:-59
18:00:15  RSSI평활:-59.1
18:00:15  RSSI샘플:14592
18:00:15  RSSI경과ms:65
18:00:15  차량수신:7167
18:00:15  시각ms:789102
18:00:15  IMU시각ms:789102
18:00:15  위험:0
18:00:15  GPS유효:1
18:00:15  위도:37.496490
18:00:15  경도:126.957977
18:00:15  속도:0.315
18:00:15  방향:167.4
18:00:15  GPS원시속도:0.376
18:00:15  GPS원시방향유효:1
18:00:15  GPS원시방향:167.4
18:00:15  가속도:9.108,3.089,6.292
18:00:15  자이로:-12.427,-54.733,-3.916
18:00:15  자력계:-39.750,47.250,13.500
18:00:15  송신:7711
18:00:15  GPS위성:7
18:00:15  GPS_HDOP:1.67
18:00:15  원시위도:37.496493
18:00:15  원시경도:126.957978
18:00:15  GPS채택:1469
18:00:15  GPS이상치거부:0
18:00:15  GPS품질거부:1
18:00:15  GPS재기준:0
18:00:15  RSSI원시:-60
18:00:15  RSSI평활:-59.6
18:00:15  RSSI샘플:14594
18:00:15  RSSI경과ms:1
18:00:15  차량수신:7168
18:00:15  시각ms:789124
18:00:15  IMU시각ms:789124
18:00:15  위험:0
18:00:15  GPS유효:1
18:00:15  위도:37.496490
18:00:15  경도:126.957977
18:00:15  속도:0.315
18:00:15  방향:167.4
18:00:15  GPS원시속도:0.376
18:00:15  GPS원시방향유효:1
18:00:15  GPS원시방향:167.4
18:00:15  가속도:17.090,19.096,5.057
18:00:15  자이로:-31.069,-73.076,-11.962
18:00:15  자력계:-38.400,47.850,15.450
18:00:15  송신:7711
18:00:15  GPS위성:7
18:00:15  GPS_HDOP:1.67
18:00:15  원시위도:37.496493
18:00:15  원시경도:126.957978
18:00:15  GPS채택:1469
18:00:15  GPS이상치거부:0
18:00:15  GPS품질거부:1
18:00:15  GPS재기준:0
18:00:15  RSSI원시:-60
18:00:15  RSSI평활:-59.6
18:00:15  RSSI샘플:14594
18:00:15  RSSI경과ms:23
18:00:15  차량수신:7168
18:00:15  시각ms:789146
18:00:15  IMU시각ms:789146
18:00:15  위험:0
18:00:15  GPS유효:1
18:00:15  위도:37.496490
18:00:15  경도:126.957977
18:00:15  속도:0.315
18:00:15  방향:167.4
18:00:15  GPS원시속도:0.376
18:00:15  GPS원시방향유효:1
18:00:15  GPS원시방향:167.4
18:00:15  가속도:8.677,3.840,17.377
18:00:15  자이로:-72.511,-88.893,-14.473
18:00:15  자력계:-41.550,46.800,12.300
18:00:15  송신:7711
18:00:15  GPS위성:7
18:00:15  GPS_HDOP:1.67
18:00:15  원시위도:37.496493
18:00:15  원시경도:126.957978
18:00:15  GPS채택:1469
18:00:15  GPS이상치거부:0
18:00:15  GPS품질거부:1
18:00:15  GPS재기준:0
18:00:15  RSSI원시:-60
18:00:15  RSSI평활:-59.6
18:00:15  RSSI샘플:14594
18:00:15  RSSI경과ms:45
18:00:15  차량수신:7168
18:00:15  시각ms:789168
18:00:15  IMU시각ms:789168
18:00:15  위험:0
18:00:15  GPS유효:1
18:00:15  위도:37.496490
18:00:15  경도:126.957977
18:00:15  속도:0.315
18:00:15  방향:167.4
18:00:15  GPS원시속도:0.376
18:00:15  GPS원시방향유효:1
18:00:15  GPS원시방향:167.4
18:00:15  가속도:13.872,5.138,12.048
18:00:15  자이로:-71.656,4.611,-15.817
18:00:15  자력계:-40.950,45.900,13.650
18:00:15  송신:7711
18:00:15  GPS위성:7
18:00:15  GPS_HDOP:1.67
18:00:15  원시위도:37.496493
18:00:15  원시경도:126.957978
18:00:15  GPS채택:1469
18:00:15  GPS이상치거부:0
18:00:15  GPS품질거부:1
18:00:15  GPS재기준:0
18:00:15  RSSI원시:-60
18:00:15  RSSI평활:-59.6
18:00:15  RSSI샘플:14594
18:00:15  RSSI경과ms:67
18:00:15  차량수신:7168
18:00:15  시각ms:789201
18:00:15  IMU시각ms:789201
18:00:15  위험:0
18:00:15  GPS유효:1
18:00:15  위도:37.496490
18:00:15  경도:126.957977
18:00:15  속도:0.315
18:00:15  방향:167.4
18:00:15  GPS원시속도:0.376
18:00:15  GPS원시방향유효:1
18:00:15  GPS원시방향:167.4
18:00:15  가속도:9.414,4.233,-0.867
18:00:15  자이로:-11.366,-23.901,-9.290
18:00:15  자력계:-43.050,43.050,12.750
18:00:15  송신:7712
18:00:15  GPS위성:7
18:00:15  GPS_HDOP:1.67
18:00:15  원시위도:37.496493
18:00:15  원시경도:126.957978
18:00:15  GPS채택:1469
18:00:15  GPS이상치거부:0
18:00:15  GPS품질거부:1
18:00:15  GPS재기준:0
18:00:15  RSSI원시:-60
18:00:15  RSSI평활:-59.6
18:00:15  RSSI샘플:14594
18:00:15  RSSI경과ms:100
18:00:15  차량수신:7168
18:00:15  시각ms:789223
18:00:15  IMU시각ms:789223
18:00:15  위험:0
18:00:15  GPS유효:1
18:00:15  위도:37.496490
18:00:15  경도:126.957977
18:00:15  속도:0.315
18:00:15  방향:167.4
18:00:15  GPS원시속도:0.376
18:00:15  GPS원시방향유효:1
18:00:15  GPS원시방향:167.4
18:00:15  가속도:6.483,5.899,7.465
18:00:15  자이로:-14.405,16.924,-18.763
18:00:15  자력계:-42.750,43.800,10.950
18:00:15  송신:7712
18:00:15  GPS위성:7
18:00:15  GPS_HDOP:1.67
18:00:15  원시위도:37.496493
18:00:15  원시경도:126.957978
18:00:15  GPS채택:1469
18:00:15  GPS이상치거부:0
18:00:15  GPS품질거부:1
18:00:15  GPS재기준:0
18:00:15  RSSI원시:-62
18:00:15  RSSI평활:-60.3
18:00:15  RSSI샘플:14596
18:00:15  RSSI경과ms:19
18:00:15  차량수신:7169
18:00:15  시각ms:789245
18:00:15  IMU시각ms:789245
18:00:15  위험:0
18:00:15  GPS유효:1
18:00:15  위도:37.496490
18:00:15  경도:126.957977
18:00:15  속도:0.315
18:00:15  방향:167.4
18:00:15  GPS원시속도:0.376
18:00:15  GPS원시방향유효:1
18:00:15  GPS원시방향:167.4
18:00:15  가속도:7.977,4.841,7.230
18:00:15  자이로:-23.298,-1.191,-16.565
18:00:15  자력계:-42.300,44.850,13.050
18:00:15  송신:7712
18:00:15  GPS위성:7
18:00:15  GPS_HDOP:1.67
18:00:15  원시위도:37.496493
18:00:15  원시경도:126.957978
18:00:15  GPS채택:1469
18:00:15  GPS이상치거부:0
18:00:15  GPS품질거부:1
18:00:15  GPS재기준:0
18:00:15  RSSI원시:-62
18:00:15  RSSI평활:-60.3
18:00:15  RSSI샘플:14596
18:00:15  RSSI경과ms:41
18:00:15  차량수신:7169
18:00:15  시각ms:789267
18:00:15  IMU시각ms:789267
18:00:15  위험:0
18:00:15  GPS유효:1
18:00:15  위도:37.496490
18:00:15  경도:126.957977
18:00:15  속도:0.315
18:00:15  방향:167.4
18:00:15  GPS원시속도:0.376
18:00:15  GPS원시방향유효:1
18:00:15  GPS원시방향:167.4
18:00:15  가속도:5.459,4.712,3.247
18:00:15  자이로:-13.649,17.321,-14.450
18:00:15  자력계:-42.300,42.600,12.000
18:00:15  송신:7712
18:00:15  GPS위성:7
18:00:15  GPS_HDOP:1.67
18:00:15  원시위도:37.496493
18:00:15  원시경도:126.957978
18:00:15  GPS채택:1469
18:00:15  GPS이상치거부:0
18:00:15  GPS품질거부:1
18:00:15  GPS재기준:0
18:00:15  RSSI원시:-62
18:00:15  RSSI평활:-60.3
18:00:15  RSSI샘플:14596
18:00:15  RSSI경과ms:63
18:00:15  차량수신:7169
18:00:15  시각ms:789301
18:00:15  IMU시각ms:789289
18:00:15  위험:0
18:00:15  GPS유효:1
18:00:15  위도:37.496490
18:00:15  경도:126.957977
18:00:15  속도:0.315
18:00:15  방향:167.4
18:00:15  GPS원시속도:0.376
18:00:15  GPS원시방향유효:1
18:00:15  GPS원시방향:167.4
18:00:15  가속도:5.358,4.511,6.440
18:00:15  자이로:-4.733,23.779,-9.573
18:00:15  자력계:-41.400,42.450,13.200
18:00:15  송신:7713
18:00:15  GPS위성:7
18:00:15  GPS_HDOP:1.67
18:00:15  원시위도:37.496493
18:00:15  원시경도:126.957978
18:00:15  GPS채택:1469
18:00:15  GPS이상치거부:0
18:00:15  GPS품질거부:1
18:00:15  GPS재기준:0
18:00:15  RSSI원시:-62
18:00:15  RSSI평활:-60.6
18:00:15  RSSI샘플:14597
18:00:15  RSSI경과ms:4
18:00:15  차량수신:7169
18:00:15  시각ms:789309
18:00:15  IMU시각ms:789309
18:00:15  위험:0
18:00:15  GPS유효:1
18:00:15  위도:37.496490
18:00:15  경도:126.957977
18:00:15  속도:0.315
18:00:15  방향:167.4
18:00:15  GPS원시속도:0.376
18:00:15  GPS원시방향유효:1
18:00:15  GPS원시방향:167.4
18:00:15  가속도:5.387,4.142,5.488
18:00:15  자이로:0.275,21.595,-6.634
18:00:15  자력계:-40.800,43.350,12.000
18:00:15  송신:7713
18:00:15  GPS위성:7
18:00:15  GPS_HDOP:1.67
18:00:15  원시위도:37.496493
18:00:15  원시경도:126.957978
18:00:15  GPS채택:1469
18:00:15  GPS이상치거부:0
18:00:15  GPS품질거부:1
18:00:15  GPS재기준:0
18:00:15  RSSI원시:-62
18:00:15  RSSI평활:-60.9
18:00:15  RSSI샘플:14598
18:00:15  RSSI경과ms:3
18:00:15  차량수신:7170
18:00:15  시각ms:789331
18:00:15  IMU시각ms:789331
18:00:15  위험:0
18:00:15  GPS유효:1
18:00:15  위도:37.496490
18:00:15  경도:126.957977
18:00:15  속도:0.315
18:00:15  방향:167.4
18:00:15  GPS원시속도:0.376
18:00:15  GPS원시방향유효:1
18:00:15  GPS원시방향:167.4
18:00:15  가속도:4.185,3.668,5.100
18:00:15  자이로:-8.878,14.748,-2.305
18:00:15  자력계:-41.550,42.600,12.000
18:00:15  송신:7713
18:00:15  GPS위성:7
18:00:15  GPS_HDOP:1.67
18:00:15  원시위도:37.496493
18:00:15  원시경도:126.957978
18:00:15  GPS채택:1469
18:00:15  GPS이상치거부:0
18:00:15  GPS품질거부:1
18:00:15  GPS재기준:0
18:00:15  RSSI원시:-62
18:00:15  RSSI평활:-60.9
18:00:15  RSSI샘플:14598
18:00:15  RSSI경과ms:25
18:00:15  차량수신:7170
18:00:15  시각ms:789375
18:00:15  IMU시각ms:789375
18:00:15  위험:0
18:00:15  GPS유효:1
18:00:15  위도:37.496490
18:00:15  경도:126.957977
18:00:15  속도:0.315
18:00:15  방향:167.4
18:00:15  GPS원시속도:0.376
18:00:15  GPS원시방향유효:1
18:00:15  GPS원시방향:167.4
18:00:15  가속도:2.878,2.514,5.923
18:00:15  자이로:-8.672,-12.237,1.893
18:00:15  자력계:-41.400,44.250,12.150
18:00:15  송신:7713
18:00:15  GPS위성:7
18:00:15  GPS_HDOP:1.67
18:00:15  원시위도:37.496493
18:00:15  원시경도:126.957978
18:00:15  GPS채택:1469
18:00:15  GPS이상치거부:0
18:00:15  GPS품질거부:1
18:00:15  GPS재기준:0
18:00:15  RSSI원시:-62
18:00:15  RSSI평활:-60.9
18:00:15  RSSI샘플:14598
18:00:15  RSSI경과ms:69
18:00:15  차량수신:7170
18:00:15  시각ms:789408
18:00:15  IMU시각ms:789408
18:00:15  위험:0
18:00:15  GPS유효:1
18:00:15  위도:37.496490
18:00:15  경도:126.957977
18:00:15  속도:0.315
18:00:15  방향:167.4
18:00:15  GPS원시속도:0.376
18:00:15  GPS원시방향유효:1
18:00:15  GPS원시방향:167.4
18:00:15  가속도:1.336,1.939,6.852
18:00:15  자이로:-8.130,-24.244,6.672
18:00:15  자력계:-38.700,43.950,12.900
18:00:15  송신:7714
18:00:15  GPS위성:7
18:00:15  GPS_HDOP:1.67
18:00:15  원시위도:37.496493
18:00:15  원시경도:126.957978
18:00:15  GPS채택:1469
18:00:15  GPS이상치거부:0
18:00:15  GPS품질거부:1
18:00:15  GPS재기준:0
18:00:15  RSSI원시:-62
18:00:15  RSSI평활:-60.9
18:00:15  RSSI샘플:14598
18:00:15  RSSI경과ms:102
18:00:15  차량수신:7170
18:00:15  시각ms:789430
18:00:15  IMU시각ms:789430
18:00:15  위험:0
18:00:15  GPS유효:1
18:00:15  위도:37.496490
18:00:15  경도:126.957977
18:00:15  속도:0.315
18:00:15  방향:167.4
18:00:15  GPS원시속도:0.376
18:00:15  GPS원시방향유효:1
18:00:15  GPS원시방향:167.4
18:00:15  가속도:1.240,2.188,6.876
18:00:15  자이로:-3.237,-19.802,4.641
18:00:15  자력계:-40.500,43.350,12.000
18:00:15  송신:7714
18:00:15  GPS위성:7
18:00:15  GPS_HDOP:1.67
18:00:15  원시위도:37.496493
18:00:15  원시경도:126.957978
18:00:15  GPS채택:1469
18:00:15  GPS이상치거부:0
18:00:15  GPS품질거부:1
18:00:15  GPS재기준:0
18:00:15  RSSI원시:-62
18:00:15  RSSI평활:-61.5
18:00:15  RSSI샘플:14600
18:00:15  RSSI경과ms:19
18:00:15  차량수신:7171
18:00:15  시각ms:789452
18:00:15  IMU시각ms:789452
18:00:15  위험:0
18:00:15  GPS유효:1
18:00:15  위도:37.496490
18:00:15  경도:126.957977
18:00:15  속도:0.315
18:00:15  방향:167.4
18:00:15  GPS원시속도:0.376
18:00:15  GPS원시방향유효:1
18:00:15  GPS원시방향:167.4
18:00:15  가속도:1.733,2.423,6.340
18:00:15  자이로:14.160,-25.611,7.527
18:00:15  자력계:-40.950,43.500,12.150
18:00:15  송신:7714
18:00:15  GPS위성:7
18:00:15  GPS_HDOP:1.67
18:00:15  원시위도:37.496493
18:00:15  원시경도:126.957978
18:00:15  GPS채택:1469
18:00:15  GPS이상치거부:0
18:00:15  GPS품질거부:1
18:00:15  GPS재기준:0
18:00:15  RSSI원시:-62
18:00:15  RSSI평활:-61.5
18:00:15  RSSI샘플:14600
18:00:15  RSSI경과ms:41
18:00:15  차량수신:7171
18:00:15  시각ms:789474
18:00:15  IMU시각ms:789474
18:00:15  위험:0
18:00:15  GPS유효:1
18:00:15  위도:37.496490
18:00:15  경도:126.957977
18:00:15  속도:0.315
18:00:15  방향:167.4
18:00:15  GPS원시속도:0.376
18:00:15  GPS원시방향유효:1
18:00:15  GPS원시방향:167.4
18:00:15  가속도:3.596,2.935,5.425
18:00:15  자이로:28.855,-22.611,9.588
18:00:15  자력계:-43.800,43.800,13.050
18:00:15  송신:7714
18:00:15  GPS위성:7
18:00:15  GPS_HDOP:1.67
18:00:15  원시위도:37.496493
18:00:15  원시경도:126.957978
18:00:15  GPS채택:1469
18:00:15  GPS이상치거부:0
18:00:15  GPS품질거부:1
18:00:15  GPS재기준:0
18:00:15  RSSI원시:-62
18:00:15  RSSI평활:-61.5
18:00:15  RSSI샘플:14600
18:00:15  RSSI경과ms:63
18:00:15  차량수신:7171
18:00:15  시각ms:789508
18:00:15  IMU시각ms:789496
18:00:15  위험:0
18:00:15  GPS유효:1
18:00:15  위도:37.496490
18:00:15  경도:126.957977
18:00:15  속도:0.315
18:00:15  방향:167.4
18:00:15  GPS원시속도:0.376
18:00:15  GPS원시방향유효:1
18:00:15  GPS원시방향:167.4
18:00:15  가속도:-19.613,-19.613,4.669
18:00:15  자이로:221.817,-101.366,-39.198
18:00:15  자력계:-41.700,43.500,12.600
18:00:15  송신:7715
18:00:15  GPS위성:7
18:00:15  GPS_HDOP:1.67
18:00:15  원시위도:37.496493
18:00:15  원시경도:126.957978
18:00:15  GPS채택:1469
18:00:15  GPS이상치거부:0
18:00:15  GPS품질거부:1
18:00:15  GPS재기준:0
18:00:15  RSSI원시:-62
18:00:15  RSSI평활:-61.5
18:00:15  RSSI샘플:14600
18:00:15  RSSI경과ms:97
18:00:15  차량수신:7171
18:00:15  시각ms:789538
18:00:15  IMU시각ms:789538
18:00:15  위험:0
18:00:15  GPS유효:1
18:00:15  위도:37.496490
18:00:15  경도:126.957977
18:00:15  속도:0.315
18:00:15  방향:167.4
18:00:15  GPS원시속도:0.376
18:00:15  GPS원시방향유효:1
18:00:15  GPS원시방향:167.4
18:00:15  가속도:-2.614,0.153,4.185
18:00:15  자이로:-22.443,16.359,10.870
18:00:15  자력계:-43.050,44.550,10.500
18:00:15  송신:7715
18:00:15  GPS위성:7
18:00:15  GPS_HDOP:1.67
18:00:15  원시위도:37.496493
18:00:15  원시경도:126.957978
18:00:15  GPS채택:1469
18:00:15  GPS이상치거부:0
18:00:15  GPS품질거부:1
18:00:15  GPS재기준:0
18:00:15  RSSI원시:-68
18:00:15  RSSI평활:-63.7
18:00:15  RSSI샘플:14602
18:00:15  RSSI경과ms:25
18:00:15  차량수신:7172
18:00:16  시각ms:789582
18:00:16  IMU시각ms:789582
18:00:16  위험:0
18:00:16  GPS유효:1
18:00:16  위도:37.496490
18:00:16  경도:126.957977
18:00:16  속도:0.315
18:00:16  방향:167.4
18:00:16  GPS원시속도:0.376
18:00:16  GPS원시방향유효:1
18:00:16  GPS원시방향:167.4
18:00:16  가속도:8.140,5.277,9.151
18:00:16  자이로:34.130,34.115,-11.336
18:00:16  자력계:-41.400,43.500,12.150
18:00:16  송신:7715
18:00:16  GPS위성:7
18:00:16  GPS_HDOP:1.67
18:00:16  원시위도:37.496493
18:00:16  원시경도:126.957978
18:00:16  GPS채택:1469
18:00:16  GPS이상치거부:0
18:00:16  GPS품질거부:1
18:00:16  GPS재기준:0
18:00:16  RSSI원시:-68
18:00:16  RSSI평활:-63.7
18:00:16  RSSI샘플:14602
18:00:16  RSSI경과ms:69
18:00:16  차량수신:7172
18:00:16  시각ms:789617
18:00:16  IMU시각ms:789617
18:00:16  위험:0
18:00:16  GPS유효:1
18:00:16  위도:37.496490
18:00:16  경도:126.957977
18:00:16  속도:0.315
18:00:16  방향:167.4
18:00:16  GPS원시속도:0.376
18:00:16  GPS원시방향유효:1
18:00:16  GPS원시방향:167.4
18:00:16  가속도:8.001,6.632,9.098
18:00:16  자이로:-24.504,-15.962,-15.328
18:00:16  자력계:-39.750,42.600,11.700
18:00:16  송신:7716
18:00:16  GPS위성:7
18:00:16  GPS_HDOP:1.67
18:00:16  원시위도:37.496493
18:00:16  원시경도:126.957978
18:00:16  GPS채택:1469
18:00:16  GPS이상치거부:0
18:00:16  GPS품질거부:1
18:00:16  GPS재기준:0
18:00:16  RSSI원시:-69
18:00:16  RSSI평활:-64.7
18:00:16  RSSI샘플:14603
18:00:16  RSSI경과ms:5
18:00:16  차량수신:7172
18:00:16  시각ms:789661
18:00:16  IMU시각ms:789661
18:00:16  위험:0
18:00:16  GPS유효:1
18:00:16  위도:37.496490
18:00:16  경도:126.957977
18:00:16  속도:0.289
18:00:16  방향:167.4
18:00:16  GPS원시속도:0.242
18:00:16  GPS원시방향유효:1
18:00:16  GPS원시방향:167.4
18:00:16  가속도:6.268,5.569,5.861
18:00:16  자이로:-68.000,-49.779,-13.733
18:00:16  자력계:-40.200,42.750,12.600
18:00:16  송신:7716
18:00:16  GPS위성:7
18:00:16  GPS_HDOP:1.67
18:00:16  원시위도:37.496492
18:00:16  원시경도:126.957979
18:00:16  GPS채택:1470
18:00:16  GPS이상치거부:0
18:00:16  GPS품질거부:1
18:00:16  GPS재기준:0
18:00:16  RSSI원시:-68
18:00:16  RSSI평활:-65.4
18:00:16  RSSI샘플:14604
18:00:16  RSSI경과ms:39
18:00:16  차량수신:7173
18:00:16  시각ms:789683
18:00:16  IMU시각ms:789683
18:00:16  위험:0
18:00:16  GPS유효:1
18:00:16  위도:37.496490
18:00:16  경도:126.957977
18:00:16  속도:0.289
18:00:16  방향:167.4
18:00:16  GPS원시속도:0.242
18:00:16  GPS원시방향유효:1
18:00:16  GPS원시방향:167.4
18:00:16  가속도:5.760,5.353,5.363
18:00:16  자이로:-62.893,-39.366,-16.023
18:00:16  자력계:-43.200,39.300,11.850
18:00:16  송신:7716
18:00:16  GPS위성:7
18:00:16  GPS_HDOP:1.67
18:00:16  원시위도:37.496492
18:00:16  원시경도:126.957979
18:00:16  GPS채택:1470
18:00:16  GPS이상치거부:0
18:00:16  GPS품질거부:1
18:00:16  GPS재기준:0
18:00:16  RSSI원시:-68
18:00:16  RSSI평활:-65.4
18:00:16  RSSI샘플:14604
18:00:16  RSSI경과ms:61
18:00:16  차량수신:7173
18:00:16  시각ms:789718
18:00:16  IMU시각ms:789718
18:00:16  위험:0
18:00:16  GPS유효:1
18:00:16  위도:37.496490
18:00:16  경도:126.957977
18:00:16  속도:0.289
18:00:16  방향:167.4
18:00:16  GPS원시속도:0.242
18:00:16  GPS원시방향유효:1
18:00:16  GPS원시방향:167.4
18:00:16  가속도:4.444,4.099,4.290
18:00:16  자이로:-43.809,-11.863,-14.824
18:00:16  자력계:-44.550,38.700,10.200
18:00:16  송신:7717
18:00:16  GPS위성:7
18:00:16  GPS_HDOP:1.67
18:00:16  원시위도:37.496492
18:00:16  원시경도:126.957979
18:00:16  GPS채택:1470
18:00:16  GPS이상치거부:0
18:00:16  GPS품질거부:1
18:00:16  GPS재기준:0
18:00:16  RSSI원시:-68
18:00:16  RSSI평활:-65.4
18:00:16  RSSI샘플:14604
18:00:16  RSSI경과ms:96
18:00:16  차량수신:7173
18:00:16  시각ms:789740
18:00:16  IMU시각ms:789740
18:00:16  위험:0
18:00:16  GPS유효:1
18:00:16  위도:37.496490
18:00:16  경도:126.957977
18:00:16  속도:0.289
18:00:16  방향:167.4
18:00:16  GPS원시속도:0.242
18:00:16  GPS원시방향유효:1
18:00:16  GPS원시방향:167.4
18:00:16  가속도:3.941,3.266,4.707
18:00:16  자이로:-22.061,7.137,-16.084
18:00:16  자력계:-44.550,38.700,10.500
18:00:16  송신:7717
18:00:16  GPS위성:7
18:00:16  GPS_HDOP:1.67
18:00:16  원시위도:37.496492
18:00:16  원시경도:126.957979
18:00:16  GPS채택:1470
18:00:16  GPS이상치거부:0
18:00:16  GPS품질거부:1
18:00:16  GPS재기준:0
18:00:16  RSSI원시:-63
18:00:16  RSSI평활:-64.4
18:00:16  RSSI샘플:14606
18:00:16  RSSI경과ms:21
18:00:16  차량수신:7174
18:00:16  시각ms:789762
18:00:16  IMU시각ms:789762
18:00:16  위험:0
18:00:16  GPS유효:1
18:00:16  위도:37.496490
18:00:16  경도:126.957977
18:00:16  속도:0.289
18:00:16  방향:167.4
18:00:16  GPS원시속도:0.242
18:00:16  GPS원시방향유효:1
18:00:16  GPS원시방향:167.4
18:00:16  가속도:3.007,2.772,5.023
18:00:16  자이로:4.855,25.893,-15.336
18:00:16  자력계:-42.750,39.900,11.700
18:00:16  송신:7717
18:00:16  GPS위성:7
18:00:16  GPS_HDOP:1.67
18:00:16  원시위도:37.496492
18:00:16  원시경도:126.957979
18:00:16  GPS채택:1470
18:00:16  GPS이상치거부:0
18:00:16  GPS품질거부:1
18:00:16  GPS재기준:0
18:00:16  RSSI원시:-63
18:00:16  RSSI평활:-64.4
18:00:16  RSSI샘플:14606
18:00:16  RSSI경과ms:43
18:00:16  차량수신:7174
18:00:16  시각ms:789784
18:00:16  IMU시각ms:789784
18:00:16  위험:0
18:00:16  GPS유효:1
18:00:16  위도:37.496490
18:00:16  경도:126.957977
18:00:16  속도:0.273
18:00:16  방향:167.4
18:00:16  GPS원시속도:0.242
18:00:16  GPS원시방향유효:1
18:00:16  GPS원시방향:167.4
18:00:16  가속도:1.930,2.715,5.124
18:00:16  자이로:23.779,38.366,-16.695
18:00:16  자력계:-43.950,38.550,11.850
18:00:16  송신:7717
18:00:16  GPS위성:7
18:00:16  GPS_HDOP:1.26
18:00:16  원시위도:37.496492
18:00:16  원시경도:126.957979
18:00:16  GPS채택:1471
18:00:16  GPS이상치거부:0
18:00:16  GPS품질거부:1
18:00:16  GPS재기준:0
18:00:16  RSSI원시:-63
18:00:16  RSSI평활:-64.4
18:00:16  RSSI샘플:14606
18:00:16  RSSI경과ms:65
18:00:16  차량수신:7174
18:00:16  시각ms:789819
18:00:16  IMU시각ms:789819
18:00:16  위험:0
18:00:16  GPS유효:1
18:00:16  위도:37.496490
18:00:16  경도:126.957977
18:00:16  속도:0.273
18:00:16  방향:167.4
18:00:16  GPS원시속도:0.242
18:00:16  GPS원시방향유효:1
18:00:16  GPS원시방향:167.4
18:00:16  가속도:1.207,2.227,6.278
18:00:16  자이로:42.267,38.046,-18.198
18:00:16  자력계:-41.550,41.400,12.000
18:00:16  송신:7718
18:00:16  GPS위성:7
18:00:16  GPS_HDOP:1.26
18:00:16  원시위도:37.496492
18:00:16  원시경도:126.957979
18:00:16  GPS채택:1471
18:00:16  GPS이상치거부:0
18:00:16  GPS품질거부:1
18:00:16  GPS재기준:0
18:00:16  RSSI원시:-59
18:00:16  RSSI평활:-63.3
18:00:16  RSSI샘플:14607
18:00:16  RSSI경과ms:6
18:00:16  차량수신:7174
18:00:16  시각ms:789840
18:00:16  IMU시각ms:789840
18:00:16  위험:0
18:00:16  GPS유효:1
18:00:16  위도:37.496490
18:00:16  경도:126.957977
18:00:16  속도:0.273
18:00:16  방향:167.4
18:00:16  GPS원시속도:0.242
18:00:16  GPS원시방향유효:1
18:00:16  GPS원시방향:167.4
18:00:16  가속도:1.216,2.385,6.455
18:00:16  자이로:41.595,26.275,-15.740
18:00:16  자력계:-42.150,40.800,12.600
18:00:16  송신:7718
18:00:16  GPS위성:7
18:00:16  GPS_HDOP:1.26
18:00:16  원시위도:37.496492
18:00:16  원시경도:126.957979
18:00:16  GPS채택:1471
18:00:16  GPS이상치거부:0
18:00:16  GPS품질거부:1
18:00:16  GPS재기준:0
18:00:16  RSSI원시:-59
18:00:16  RSSI평활:-62.4
18:00:16  RSSI샘플:14608
18:00:16  RSSI경과ms:18
18:00:16  차량수신:7175
18:00:16  시각ms:789862
18:00:16  IMU시각ms:789862
18:00:16  위험:0
18:00:16  GPS유효:1
18:00:16  위도:37.496490
18:00:16  경도:126.957977
18:00:16  속도:0.273
18:00:16  방향:167.4
18:00:16  GPS원시속도:0.242
18:00:16  GPS원시방향유효:1
18:00:16  GPS원시방향:167.4
18:00:16  가속도:2.557,2.715,6.488
18:00:16  자이로:42.145,9.420,-16.321
18:00:16  자력계:-43.200,42.000,12.150
18:00:16  송신:7718
18:00:16  GPS위성:7
18:00:16  GPS_HDOP:1.26
18:00:16  원시위도:37.496492
18:00:16  원시경도:126.957979
18:00:16  GPS채택:1471
18:00:16  GPS이상치거부:0
18:00:16  GPS품질거부:1
18:00:16  GPS재기준:0
18:00:16  RSSI원시:-59
18:00:16  RSSI평활:-62.4
18:00:16  RSSI샘플:14608
18:00:16  RSSI경과ms:40
18:00:16  차량수신:7175
18:00:16  시각ms:789884
18:00:16  IMU시각ms:789884
18:00:16  위험:0
18:00:16  GPS유효:1
18:00:16  위도:37.496490
18:00:16  경도:126.957977
18:00:16  속도:0.273
18:00:16  방향:167.4
18:00:16  GPS원시속도:0.242
18:00:16  GPS원시방향유효:1
18:00:16  GPS원시방향:167.4
18:00:16  가속도:3.778,3.385,6.737
18:00:16  자이로:35.458,-22.595,-17.695
18:00:16  자력계:-40.650,45.150,13.200
18:00:16  송신:7718
18:00:16  GPS위성:7
18:00:16  GPS_HDOP:1.26
18:00:16  원시위도:37.496492
18:00:16  원시경도:126.957979
18:00:16  GPS채택:1471
18:00:16  GPS이상치거부:0
18:00:16  GPS품질거부:1
18:00:16  GPS재기준:0
18:00:16  RSSI원시:-59
18:00:16  RSSI평활:-62.4
18:00:16  RSSI샘플:14608
18:00:16  RSSI경과ms:62
18:00:16  차량수신:7175
18:00:16  시각ms:789962
18:00:16  IMU시각ms:789962
18:00:16  위험:0
18:00:16  GPS유효:1
18:00:16  위도:37.496490
18:00:16  경도:126.957977
18:00:16  속도:0.273
18:00:16  방향:167.4
18:00:16  GPS원시속도:0.242
18:00:16  GPS원시방향유효:1
18:00:16  GPS원시방향:167.4
18:00:16  가속도:19.613,19.613,-19.613
18:00:16  자이로:211.931,-250.137,250.130
18:00:16  자력계:-45.000,45.300,14.550
18:00:16  송신:7719
18:00:16  GPS위성:7
18:00:16  GPS_HDOP:1.26
18:00:16  원시위도:37.496492
18:00:16  원시경도:126.957979
18:00:16  GPS채택:1471
18:00:16  GPS이상치거부:0
18:00:16  GPS품질거부:1
18:00:16  GPS재기준:0
18:00:16  RSSI원시:-62
18:00:16  RSSI평활:-62.1
18:00:16  RSSI샘플:14610
18:00:16  RSSI경과ms:40
18:00:16  차량수신:7176
18:00:16  시각ms:789984
18:00:16  IMU시각ms:789984
18:00:16  위험:0
18:00:16  GPS유효:1
18:00:16  위도:37.496490
18:00:16  경도:126.957977
18:00:16  속도:0.273
18:00:16  방향:167.4
18:00:16  GPS원시속도:0.242
18:00:16  GPS원시방향유효:1
18:00:16  GPS원시방향:167.4
18:00:16  가속도:14.983,-4.784,17.492
18:00:16  자이로:-150.374,-58.229,44.008
18:00:16  자력계:-45.150,42.750,12.600
18:00:16  송신:7719
18:00:16  GPS위성:7
18:00:16  GPS_HDOP:1.26
18:00:16  원시위도:37.496492
18:00:16  원시경도:126.957979
18:00:16  GPS채택:1471
18:00:16  GPS이상치거부:0
18:00:16  GPS품질거부:1
18:00:16  GPS재기준:0
18:00:16  RSSI원시:-62
18:00:16  RSSI평활:-62.1
18:00:16  RSSI샘플:14610
18:00:16  RSSI경과ms:62
18:00:16  차량수신:7176
18:00:16  시각ms:790041
18:00:16  IMU시각ms:790041
18:00:16  위험:0
18:00:16  GPS유효:1
18:00:16  위도:37.496490
18:00:16  경도:126.957977
18:00:16  속도:0.273
18:00:16  방향:167.4
18:00:16  GPS원시속도:0.242
18:00:16  GPS원시방향유효:1
18:00:16  GPS원시방향:167.4
18:00:16  가속도:8.164,6.938,15.524
18:00:16  자이로:56.092,76.649,-10.015
18:00:16  자력계:-46.050,41.400,10.950
18:00:16  송신:7720
18:00:16  GPS위성:7
18:00:16  GPS_HDOP:1.26
18:00:16  원시위도:37.496492
18:00:16  원시경도:126.957979
18:00:16  GPS채택:1471
18:00:16  GPS이상치거부:0
18:00:16  GPS품질거부:1
18:00:16  GPS재기준:0
18:00:16  RSSI원시:-62
18:00:16  RSSI평활:-61.9
18:00:16  RSSI샘플:14612
18:00:16  RSSI경과ms:18
18:00:16  차량수신:7177
18:00:16  시각ms:790063
18:00:16  IMU시각ms:790063
18:00:16  위험:0
18:00:16  GPS유효:1
18:00:16  위도:37.496490
18:00:16  경도:126.957977
18:00:16  속도:0.273
18:00:16  방향:167.4
18:00:16  GPS원시속도:0.242
18:00:16  GPS원시방향유효:1
18:00:16  GPS원시방향:167.4
18:00:16  가속도:3.922,6.412,4.439
18:00:16  자이로:53.443,31.908,-13.366
18:00:16  자력계:-43.650,41.250,10.650
18:00:16  송신:7720
18:00:16  GPS위성:7
18:00:16  GPS_HDOP:1.26
18:00:16  원시위도:37.496492
18:00:16  원시경도:126.957979
18:00:16  GPS채택:1471
18:00:16  GPS이상치거부:0
18:00:16  GPS품질거부:1
18:00:16  GPS재기준:0
18:00:16  RSSI원시:-62
18:00:16  RSSI평활:-61.9
18:00:16  RSSI샘플:14612
18:00:16  RSSI경과ms:40
18:00:16  차량수신:7177
18:00:16  시각ms:790120
18:00:16  IMU시각ms:790120
18:00:16  위험:0
18:00:16  GPS유효:1
18:00:16  위도:37.496490
18:00:16  경도:126.957977
18:00:16  속도:0.273
18:00:16  방향:167.4
18:00:16  GPS원시속도:0.242
18:00:16  GPS원시방향유효:1
18:00:16  GPS원시방향:167.4
18:00:16  가속도:4.089,3.740,5.033
18:00:16  자이로:-21.458,2.237,-2.076
18:00:16  자력계:-41.700,45.150,12.150
18:00:16  송신:7721
18:00:16  GPS위성:7
18:00:16  GPS_HDOP:1.26
18:00:16  원시위도:37.496492
18:00:16  원시경도:126.957979
18:00:16  GPS채택:1471
18:00:16  GPS이상치거부:0
18:00:16  GPS품질거부:1
18:00:16  GPS재기준:0
18:00:16  RSSI원시:-62
18:00:16  RSSI평활:-61.9
18:00:16  RSSI샘플:14612
18:00:16  RSSI경과ms:97
18:00:16  차량수신:7177
18:00:16  시각ms:790185
18:00:16  IMU시각ms:790185
18:00:16  위험:0
18:00:16  GPS유효:1
18:00:16  위도:37.496490
18:00:16  경도:126.957977
18:00:16  속도:0.273
18:00:16  방향:167.4
18:00:16  GPS원시속도:0.242
18:00:16  GPS원시방향유효:1
18:00:16  GPS원시방향:167.4
18:00:16  가속도:4.908,3.232,4.156
18:00:16  자이로:-34.748,10.290,19.176
18:00:16  자력계:-43.050,41.400,11.700
18:00:16  송신:7721
18:00:16  GPS위성:7
18:00:16  GPS_HDOP:1.26
18:00:16  원시위도:37.496492
18:00:16  원시경도:126.957979
18:00:16  GPS채택:1471
18:00:16  GPS이상치거부:0
18:00:16  GPS품질거부:1
18:00:16  GPS재기준:0
18:00:16  RSSI원시:-60
18:00:16  RSSI평활:-61.4
18:00:16  RSSI샘플:14614
18:00:16  RSSI경과ms:49
18:00:16  차량수신:7178
18:00:16  시각ms:790218
18:00:16  IMU시각ms:790218
18:00:16  위험:0
18:00:16  GPS유효:1
18:00:16  위도:37.496490
18:00:16  경도:126.957977
18:00:16  속도:0.273
18:00:16  방향:167.4
18:00:16  GPS원시속도:0.242
18:00:16  GPS원시방향유효:1
18:00:16  GPS원시방향:167.4
18:00:16  가속도:5.353,2.145,5.784
18:00:16  자이로:10.611,37.008,25.298
18:00:16  자력계:-42.300,41.100,10.950
18:00:16  송신:7722
18:00:16  GPS위성:7
18:00:16  GPS_HDOP:1.26
18:00:16  원시위도:37.496492
18:00:16  원시경도:126.957979
18:00:16  GPS채택:1471
18:00:16  GPS이상치거부:0
18:00:16  GPS품질거부:1
18:00:16  GPS재기준:0
18:00:16  RSSI원시:-61
18:00:16  RSSI평활:-61.3
18:00:16  RSSI샘플:14615
18:00:16  RSSI경과ms:9
18:00:16  차량수신:7178
18:00:16  시각ms:790240
18:00:16  IMU시각ms:790240
18:00:16  위험:0
18:00:16  GPS유효:1
18:00:16  위도:37.496490
18:00:16  경도:126.957977
18:00:16  속도:0.273
18:00:16  방향:167.4
18:00:16  GPS원시속도:0.242
18:00:16  GPS원시방향유효:1
18:00:16  GPS원시방향:167.4
18:00:16  가속도:4.266,2.629,5.995
18:00:16  자이로:31.298,47.145,27.015
18:00:16  자력계:-42.750,39.900,8.700
18:00:16  송신:7722
18:00:16  GPS위성:7
18:00:16  GPS_HDOP:1.26
18:00:16  원시위도:37.496492
18:00:16  원시경도:126.957979
18:00:16  GPS채택:1471
18:00:16  GPS이상치거부:0
18:00:16  GPS품질거부:1
18:00:16  GPS재기준:0
18:00:16  RSSI원시:-61
18:00:16  RSSI평활:-61.2
18:00:16  RSSI샘플:14616
18:00:16  RSSI경과ms:7
18:00:16  차량수신:7179
18:00:16  시각ms:790262
18:00:16  IMU시각ms:790262
18:00:16  위험:0
18:00:16  GPS유효:1
18:00:16  위도:37.496490
18:00:16  경도:126.957977
18:00:16  속도:0.273
18:00:16  방향:167.4
18:00:16  GPS원시속도:0.242
18:00:16  GPS원시방향유효:1
18:00:16  GPS원시방향:167.4
18:00:16  가속도:3.199,3.218,5.229
18:00:16  자이로:46.908,45.595,30.153
18:00:16  자력계:-40.800,39.450,12.300
18:00:16  송신:7722
18:00:16  GPS위성:7
18:00:16  GPS_HDOP:1.26
18:00:16  원시위도:37.496492
18:00:16  원시경도:126.957979
18:00:16  GPS채택:1471
18:00:16  GPS이상치거부:0
18:00:16  GPS품질거부:1
18:00:16  GPS재기준:0
18:00:16  RSSI원시:-61
18:00:16  RSSI평활:-61.2
18:00:16  RSSI샘플:14616
18:00:16  RSSI경과ms:29
18:00:16  차량수신:7179
18:00:16  시각ms:790284
18:00:16  IMU시각ms:790284
18:00:16  위험:0
18:00:16  GPS유효:1
18:00:16  위도:37.496490
18:00:16  경도:126.957977
18:00:16  속도:0.273
18:00:16  방향:167.4
18:00:16  GPS원시속도:0.242
18:00:16  GPS원시방향유효:1
18:00:16  GPS원시방향:167.4
18:00:16  가속도:2.715,2.753,5.981
18:00:16  자이로:47.580,31.405,32.397
18:00:16  자력계:-38.250,41.850,12.000
18:00:16  송신:7722
18:00:16  GPS위성:7
18:00:16  GPS_HDOP:1.26
18:00:16  원시위도:37.496492
18:00:16  원시경도:126.957979
18:00:16  GPS채택:1471
18:00:16  GPS이상치거부:0
18:00:16  GPS품질거부:1
18:00:16  GPS재기준:0
18:00:16  RSSI원시:-61
18:00:16  RSSI평활:-61.2
18:00:16  RSSI샘플:14616
18:00:16  RSSI경과ms:51
18:00:16  차량수신:7179
18:00:16  시각ms:790318
18:00:16  IMU시각ms:790306
18:00:16  위험:0
18:00:16  GPS유효:1
18:00:16  위도:37.496490
18:00:16  경도:126.957977
18:00:16  속도:0.273
18:00:16  방향:167.4
18:00:16  GPS원시속도:0.242
18:00:16  GPS원시방향유효:1
18:00:16  GPS원시방향:167.4
18:00:16  가속도:2.825,3.472,6.139
18:00:16  자이로:33.779,12.641,29.214
18:00:16  자력계:-39.000,42.600,12.300
18:00:16  송신:7723
18:00:16  GPS위성:7
18:00:16  GPS_HDOP:1.26
18:00:16  원시위도:37.496492
18:00:16  원시경도:126.957979
18:00:16  GPS채택:1471
18:00:16  GPS이상치거부:0
18:00:16  GPS품질거부:1
18:00:16  GPS재기준:0
18:00:16  RSSI원시:-61
18:00:16  RSSI평활:-61.2
18:00:16  RSSI샘플:14616
18:00:16  RSSI경과ms:85
18:00:16  차량수신:7179
18:00:16  시각ms:790354
18:00:16  IMU시각ms:790354
18:00:16  위험:0
18:00:16  GPS유효:1
18:00:16  위도:37.496490
18:00:16  경도:126.957977
18:00:16  속도:0.273
18:00:16  방향:167.4
18:00:16  GPS원시속도:0.242
18:00:16  GPS원시방향유효:1
18:00:16  GPS원시방향:167.4
18:00:16  가속도:3.448,3.606,3.970
18:00:16  자이로:3.588,-28.336,25.718
18:00:16  자력계:-37.950,42.000,13.200
18:00:16  송신:7723
18:00:16  GPS위성:7
18:00:16  GPS_HDOP:1.26
18:00:16  원시위도:37.496492
18:00:16  원시경도:126.957979
18:00:16  GPS채택:1471
18:00:16  GPS이상치거부:0
18:00:16  GPS품질거부:1
18:00:16  GPS재기준:0
18:00:16  RSSI원시:-61
18:00:16  RSSI평활:-61.2
18:00:16  RSSI샘플:14618
18:00:16  RSSI경과ms:17
18:00:16  차량수신:7180
18:00:16  시각ms:790376
18:00:16  IMU시각ms:790376
18:00:16  위험:0
18:00:16  GPS유효:1
18:00:16  위도:37.496490
18:00:16  경도:126.957977
18:00:16  속도:0.273
18:00:16  방향:167.4
18:00:16  GPS원시속도:0.242
18:00:16  GPS원시방향유효:1
18:00:16  GPS원시방향:167.4
18:00:16  가속도:4.257,3.941,4.630
18:00:16  자이로:5.885,-36.122,19.588
18:00:16  자력계:-38.400,42.750,13.650
18:00:16  송신:7723
18:00:16  GPS위성:7
18:00:16  GPS_HDOP:1.26
18:00:16  원시위도:37.496492
18:00:16  원시경도:126.957979
18:00:16  GPS채택:1471
18:00:16  GPS이상치거부:0
18:00:16  GPS품질거부:1
18:00:16  GPS재기준:0
18:00:16  RSSI원시:-61
18:00:16  RSSI평활:-61.2
18:00:16  RSSI샘플:14618
18:00:16  RSSI경과ms:39
18:00:16  차량수신:7180
18:00:16  시각ms:790425
18:00:16  IMU시각ms:790425
18:00:16  위험:0
18:00:16  GPS유효:1
18:00:16  위도:37.496490
18:00:16  경도:126.957977
18:00:16  속도:0.273
18:00:16  방향:167.4
18:00:16  GPS원시속도:0.242
18:00:16  GPS원시방향유효:1
18:00:16  GPS원시방향:167.4
18:00:16  가속도:5.947,5.468,6.953
18:00:16  자이로:55.771,-12.565,21.710
18:00:16  자력계:-39.450,42.750,12.150
18:00:16  송신:7724
18:00:16  GPS위성:7
18:00:16  GPS_HDOP:1.26
18:00:16  원시위도:37.496492
18:00:16  원시경도:126.957979
18:00:16  GPS채택:1471
18:00:16  GPS이상치거부:0
18:00:16  GPS품질거부:1
18:00:16  GPS재기준:0
18:00:16  RSSI원시:-63
18:00:16  RSSI평활:-61.5
18:00:16  RSSI샘플:14619
18:00:16  RSSI경과ms:9
18:00:16  차량수신:7180
18:00:16  시각ms:790447
18:00:16  IMU시각ms:790447
18:00:16  위험:0
18:00:16  GPS유효:1
18:00:16  위도:37.496490
18:00:16  경도:126.957977
18:00:16  속도:0.273
18:00:16  방향:167.4
18:00:16  GPS원시속도:0.242
18:00:16  GPS원시방향유효:1
18:00:16  GPS원시방향:167.4
18:00:16  가속도:19.613,-19.551,9.433
18:00:16  자이로:110.695,-98.786,34.435
18:00:16  자력계:-39.000,43.050,13.050
18:00:16  송신:7724
18:00:16  GPS위성:7
18:00:16  GPS_HDOP:1.26
18:00:16  원시위도:37.496492
18:00:16  원시경도:126.957979
18:00:16  GPS채택:1471
18:00:16  GPS이상치거부:0
18:00:16  GPS품질거부:1
18:00:16  GPS재기준:0
18:00:16  RSSI원시:-64
18:00:16  RSSI평활:-62.0
18:00:16  RSSI샘플:14620
18:00:16  RSSI경과ms:16
18:00:16  차량수신:7181
18:00:16  시각ms:790469
18:00:16  IMU시각ms:790469
18:00:16  위험:0
18:00:16  GPS유효:1
18:00:16  위도:37.496490
18:00:16  경도:126.957977
18:00:16  속도:0.273
18:00:16  방향:167.4
18:00:16  GPS원시속도:0.242
18:00:16  GPS원시방향유효:1
18:00:16  GPS원시방향:167.4
18:00:16  가속도:-0.010,16.084,19.613
18:00:16  자이로:74.534,12.107,10.221
18:00:16  자력계:-39.900,45.150,13.650
18:00:16  송신:7724
18:00:16  GPS위성:7
18:00:16  GPS_HDOP:1.26
18:00:16  원시위도:37.496492
18:00:16  원시경도:126.957979
18:00:16  GPS채택:1471
18:00:16  GPS이상치거부:0
18:00:16  GPS품질거부:1
18:00:16  GPS재기준:0
18:00:16  RSSI원시:-64
18:00:16  RSSI평활:-62.0
18:00:16  RSSI샘플:14620
18:00:16  RSSI경과ms:38
18:00:16  차량수신:7181
18:00:16  시각ms:790491
18:00:16  IMU시각ms:790491
18:00:16  위험:0
18:00:16  GPS유효:1
18:00:16  위도:37.496490
18:00:16  경도:126.957977
18:00:16  속도:0.273
18:00:16  방향:167.4
18:00:16  GPS원시속도:0.242
18:00:16  GPS원시방향유효:1
18:00:16  GPS원시방향:167.4
18:00:16  가속도:8.246,6.843,14.791
18:00:16  자이로:39.115,95.817,-4.824
18:00:16  자력계:-39.000,47.250,14.250
18:00:16  송신:7724
18:00:16  GPS위성:7
18:00:16  GPS_HDOP:1.26
18:00:16  원시위도:37.496492
18:00:16  원시경도:126.957979
18:00:16  GPS채택:1471
18:00:16  GPS이상치거부:0
18:00:16  GPS품질거부:1
18:00:16  GPS재기준:0
18:00:16  RSSI원시:-64
18:00:16  RSSI평활:-62.0
18:00:16  RSSI샘플:14620
18:00:16  RSSI경과ms:60
18:00:16  차량수신:7181
18:00:16  시각ms:790524
18:00:16  IMU시각ms:790524
18:00:16  위험:0
18:00:16  GPS유효:1
18:00:16  위도:37.496490
18:00:16  경도:126.957977
18:00:16  속도:0.273
18:00:16  방향:167.4
18:00:16  GPS원시속도:0.242
18:00:16  GPS원시방향유효:1
18:00:16  GPS원시방향:167.4
18:00:16  가속도:11.009,7.183,2.595
18:00:16  자이로:11.695,72.954,22.443
18:00:16  자력계:-37.500,46.500,14.550
18:00:16  송신:7725
18:00:16  GPS위성:7
18:00:16  GPS_HDOP:1.26
18:00:16  원시위도:37.496492
18:00:16  원시경도:126.957979
18:00:16  GPS채택:1471
18:00:16  GPS이상치거부:0
18:00:16  GPS품질거부:1
18:00:16  GPS재기준:0
18:00:16  RSSI원시:-68
18:00:16  RSSI평활:-63.2
18:00:16  RSSI샘플:14621
18:00:16  RSSI경과ms:12
18:00:16  차량수신:7181
18:00:16  시각ms:790546
18:00:16  IMU시각ms:790546
18:00:16  위험:0
18:00:16  GPS유효:1
18:00:16  위도:37.496490
18:00:16  경도:126.957977
18:00:16  속도:0.273
18:00:16  방향:167.4
18:00:16  GPS원시속도:0.242
18:00:16  GPS원시방향유효:1
18:00:16  GPS원시방향:167.4
18:00:16  가속도:3.888,6.809,11.473
18:00:16  자이로:0.947,26.489,6.313
18:00:16  자력계:-35.250,46.500,12.750
18:00:16  송신:7725
18:00:16  GPS위성:7
18:00:16  GPS_HDOP:1.26
18:00:16  원시위도:37.496492
18:00:16  원시경도:126.957979
18:00:16  GPS채택:1471
18:00:16  GPS이상치거부:0
18:00:16  GPS품질거부:1
18:00:16  GPS재기준:0
18:00:16  RSSI원시:-67
18:00:16  RSSI평활:-64.0
18:00:16  RSSI샘플:14622
18:00:16  RSSI경과ms:14
18:00:16  차량수신:7182
18:00:17  시각ms:790568
18:00:17  IMU시각ms:790568
18:00:17  위험:0
18:00:17  GPS유효:1
18:00:17  위도:37.496490
18:00:17  경도:126.957977
18:00:17  속도:0.273
18:00:17  방향:167.4
18:00:17  GPS원시속도:0.242
18:00:17  GPS원시방향유효:1
18:00:17  GPS원시방향:167.4
18:00:17  가속도:1.872,7.547,1.662
18:00:17  자이로:-45.206,-13.069,13.176
18:00:17  자력계:-36.150,47.400,13.950
18:00:17  송신:7725
18:00:17  GPS위성:7
18:00:17  GPS_HDOP:1.26
18:00:17  원시위도:37.496492
18:00:17  원시경도:126.957979
18:00:17  GPS채택:1471
18:00:17  GPS이상치거부:0
18:00:17  GPS품질거부:1
18:00:17  GPS재기준:0
18:00:17  RSSI원시:-67
18:00:17  RSSI평활:-64.0
18:00:17  RSSI샘플:14622
18:00:17  RSSI경과ms:36
18:00:17  차량수신:7182
18:00:17  시각ms:790590
18:00:17  IMU시각ms:790590
18:00:17  위험:0
18:00:17  GPS유효:1
18:00:17  위도:37.496490
18:00:17  경도:126.957977
18:00:17  속도:0.273
18:00:17  방향:167.4
18:00:17  GPS원시속도:0.242
18:00:17  GPS원시방향유효:1
18:00:17  GPS원시방향:167.4
18:00:17  가속도:3.179,5.018,8.686
18:00:17  자이로:-48.756,-15.672,9.481
18:00:17  자력계:-36.000,47.550,13.800
18:00:17  송신:7725
18:00:17  GPS위성:7
18:00:17  GPS_HDOP:1.26
18:00:17  원시위도:37.496492
18:00:17  원시경도:126.957979
18:00:17  GPS채택:1471
18:00:17  GPS이상치거부:0
18:00:17  GPS품질거부:1
18:00:17  GPS재기준:0
18:00:17  RSSI원시:-67
18:00:17  RSSI평활:-64.0
18:00:17  RSSI샘플:14622
18:00:17  RSSI경과ms:58
18:00:17  차량수신:7182
18:00:17  시각ms:790624
18:00:17  IMU시각ms:790612
18:00:17  위험:0
18:00:17  GPS유효:1
18:00:17  위도:37.496490
18:00:17  경도:126.957977
18:00:17  속도:0.273
18:00:17  방향:167.4
18:00:17  GPS원시속도:0.242
18:00:17  GPS원시방향유효:1
18:00:17  GPS원시방향:167.4
18:00:17  가속도:1.872,5.066,6.661
18:00:17  자이로:-51.542,-14.947,11.015
18:00:17  자력계:-37.200,47.400,14.400
18:00:17  송신:7726
18:00:17  GPS위성:7
18:00:17  GPS_HDOP:1.26
18:00:17  원시위도:37.496492
18:00:17  원시경도:126.957979
18:00:17  GPS채택:1471
18:00:17  GPS이상치거부:0
18:00:17  GPS품질거부:1
18:00:17  GPS재기준:0
18:00:17  RSSI원시:-67
18:00:17  RSSI평활:-64.6
18:00:17  RSSI샘플:14623
18:00:17  RSSI경과ms:3
18:00:17  차량수신:7182
18:00:17  시각ms:790655
18:00:17  IMU시각ms:790655
18:00:17  위험:0
18:00:17  GPS유효:1
18:00:17  위도:37.496490
18:00:17  경도:126.957977
18:00:17  속도:0.330
18:00:17  방향:167.4
18:00:17  GPS원시속도:0.437
18:00:17  GPS원시방향유효:1
18:00:17  GPS원시방향:167.4
18:00:17  가속도:2.705,3.361,7.331
18:00:17  자이로:-44.023,3.908,3.153
18:00:17  자력계:-37.500,43.800,14.250
18:00:17  송신:7726
18:00:17  GPS위성:7
18:00:17  GPS_HDOP:1.26
18:00:17  원시위도:37.496492
18:00:17  원시경도:126.957980
18:00:17  GPS채택:1472
18:00:17  GPS이상치거부:0
18:00:17  GPS품질거부:1
18:00:17  GPS재기준:0
18:00:17  RSSI원시:-66
18:00:17  RSSI평활:-64.9
18:00:17  RSSI샘플:14624
18:00:17  RSSI경과ms:22
18:00:17  차량수신:7183
18:00:17  시각ms:790677
18:00:17  IMU시각ms:790677
18:00:17  위험:0
18:00:17  GPS유효:1
18:00:17  위도:37.496490
18:00:17  경도:126.957977
18:00:17  속도:0.330
18:00:17  방향:167.4
18:00:17  GPS원시속도:0.437
18:00:17  GPS원시방향유효:1
18:00:17  GPS원시방향:167.4
18:00:17  가속도:2.696,2.734,6.009
18:00:17  자이로:-26.611,12.885,-2.626
18:00:17  자력계:-37.050,44.850,13.500
18:00:17  송신:7726
18:00:17  GPS위성:7
18:00:17  GPS_HDOP:1.26
18:00:17  원시위도:37.496492
18:00:17  원시경도:126.957980
18:00:17  GPS채택:1472
18:00:17  GPS이상치거부:0
18:00:17  GPS품질거부:1
18:00:17  GPS재기준:0
18:00:17  RSSI원시:-66
18:00:17  RSSI평활:-64.9
18:00:17  RSSI샘플:14624
18:00:17  RSSI경과ms:44
18:00:17  차량수신:7183
18:00:17  시각ms:790699
18:00:17  IMU시각ms:790699
18:00:17  위험:0
18:00:17  GPS유효:1
18:00:17  위도:37.496490
18:00:17  경도:126.957977
18:00:17  속도:0.330
18:00:17  방향:167.4
18:00:17  GPS원시속도:0.437
18:00:17  GPS원시방향유효:1
18:00:17  GPS원시방향:167.4
18:00:17  가속도:3.218,2.466,5.267
18:00:17  자이로:-12.802,14.565,-6.183
18:00:17  자력계:-36.000,44.100,14.250
18:00:17  송신:7726
18:00:17  GPS위성:7
18:00:17  GPS_HDOP:1.26
18:00:17  원시위도:37.496492
18:00:17  원시경도:126.957980
18:00:17  GPS채택:1472
18:00:17  GPS이상치거부:0
18:00:17  GPS품질거부:1
18:00:17  GPS재기준:0
18:00:17  RSSI원시:-66
18:00:17  RSSI평활:-64.9
18:00:17  RSSI샘플:14624
18:00:17  RSSI경과ms:66
18:00:17  차량수신:7183
18:00:17  시각ms:790734
18:00:17  IMU시각ms:790734
18:00:17  위험:0
18:00:17  GPS유효:1
18:00:17  위도:37.496490
18:00:17  경도:126.957977
18:00:17  속도:0.330
18:00:17  방향:167.4
18:00:17  GPS원시속도:0.437
18:00:17  GPS원시방향유효:1
18:00:17  GPS원시방향:167.4
18:00:17  가속도:3.400,2.049,4.669
18:00:17  자이로:13.618,14.542,-11.038
18:00:17  자력계:-36.900,42.750,15.150
18:00:17  송신:7727
18:00:17  GPS위성:7
18:00:17  GPS_HDOP:1.26
18:00:17  원시위도:37.496492
18:00:17  원시경도:126.957980
18:00:17  GPS채택:1472
18:00:17  GPS이상치거부:0
18:00:17  GPS품질거부:1
18:00:17  GPS재기준:0
18:00:17  RSSI원시:-65
18:00:17  RSSI평활:-64.8
18:00:17  RSSI샘플:14626
18:00:17  RSSI경과ms:2
18:00:17  차량수신:7184
18:00:17  시각ms:790756
18:00:17  IMU시각ms:790756
18:00:17  위험:0
18:00:17  GPS유효:1
18:00:17  위도:37.496490
18:00:17  경도:126.957977
18:00:17  속도:0.330
18:00:17  방향:167.4
18:00:17  GPS원시속도:0.437
18:00:17  GPS원시방향유효:1
18:00:17  GPS원시방향:167.4
18:00:17  가속도:3.850,2.413,4.583
18:00:17  자이로:40.962,-3.412,-13.214
18:00:17  자력계:-35.250,44.550,12.750
18:00:17  송신:7727
18:00:17  GPS위성:7
18:00:17  GPS_HDOP:1.26
18:00:17  원시위도:37.496492
18:00:17  원시경도:126.957980
18:00:17  GPS채택:1472
18:00:17  GPS이상치거부:0
18:00:17  GPS품질거부:1
18:00:17  GPS재기준:0
18:00:17  RSSI원시:-65
18:00:17  RSSI평활:-64.8
18:00:17  RSSI샘플:14626
18:00:17  RSSI경과ms:24
18:00:17  차량수신:7184
18:00:17  시각ms:790778
18:00:17  IMU시각ms:790778
18:00:17  위험:0
18:00:17  GPS유효:1
18:00:17  위도:37.496490
18:00:17  경도:126.957977
18:00:17  속도:0.368
18:00:17  방향:167.4
18:00:17  GPS원시속도:0.437
18:00:17  GPS원시방향유효:1
18:00:17  GPS원시방향:167.4
18:00:17  가속도:4.353,4.314,12.637
18:00:17  자이로:7.008,-8.542,-6.817
18:00:17  자력계:-36.300,44.100,13.800
18:00:17  송신:7727
18:00:17  GPS위성:7
18:00:17  GPS_HDOP:1.26
18:00:17  원시위도:37.496492
18:00:17  원시경도:126.957980
18:00:17  GPS채택:1473
18:00:17  GPS이상치거부:0
18:00:17  GPS품질거부:1
18:00:17  GPS재기준:0
18:00:17  RSSI원시:-65
18:00:17  RSSI평활:-64.8
18:00:17  RSSI샘플:14626
18:00:17  RSSI경과ms:46
18:00:17  차량수신:7184
18:00:17  시각ms:790800
18:00:17  IMU시각ms:790800
18:00:17  위험:0
18:00:17  GPS유효:1
18:00:17  위도:37.496490
18:00:17  경도:126.957977
18:00:17  속도:0.368
18:00:17  방향:167.4
18:00:17  GPS원시속도:0.437
18:00:17  GPS원시방향유효:1
18:00:17  GPS원시방향:167.4
18:00:17  가속도:7.436,5.104,14.691
18:00:17  자이로:-2.924,-40.084,2.031
18:00:17  자력계:-37.800,45.600,14.250
18:00:17  송신:7727
18:00:17  GPS위성:7
18:00:17  GPS_HDOP:1.26
18:00:17  원시위도:37.496492
18:00:17  원시경도:126.957980
18:00:17  GPS채택:1473
18:00:17  GPS이상치거부:0
18:00:17  GPS품질거부:1
18:00:17  GPS재기준:0
18:00:17  RSSI원시:-65
18:00:17  RSSI평활:-64.8
18:00:17  RSSI샘플:14626
18:00:17  RSSI경과ms:68
18:00:17  차량수신:7184
18:00:17  시각ms:790835
18:00:17  IMU시각ms:790835
18:00:17  위험:0
18:00:17  GPS유효:1
18:00:17  위도:37.496490
18:00:17  경도:126.957977
18:00:17  속도:0.368
18:00:17  방향:167.4
18:00:17  GPS원시속도:0.437
18:00:17  GPS원시방향유효:1
18:00:17  GPS원시방향:167.4
18:00:17  가속도:6.800,3.888,6.177
18:00:17  자이로:4.763,-12.542,5.656
18:00:17  자력계:-37.200,44.700,13.950
18:00:17  송신:7728
18:00:17  GPS위성:7
18:00:17  GPS_HDOP:1.26
18:00:17  원시위도:37.496492
18:00:17  원시경도:126.957980
18:00:17  GPS채택:1473
18:00:17  GPS이상치거부:0
18:00:17  GPS품질거부:1
18:00:17  GPS재기준:0
18:00:17  RSSI원시:-64
18:00:17  RSSI평활:-64.6
18:00:17  RSSI샘플:14627
18:00:17  RSSI경과ms:8
18:00:17  차량수신:7184
18:00:17  시각ms:790878
18:00:17  IMU시각ms:790878
18:00:17  위험:0
18:00:17  GPS유효:1
18:00:17  위도:37.496490
18:00:17  경도:126.957977
18:00:17  속도:0.368
18:00:17  방향:167.4
18:00:17  GPS원시속도:0.437
18:00:17  GPS원시방향유효:1
18:00:17  GPS원시방향:167.4
18:00:17  가속도:7.321,4.731,7.417
18:00:17  자이로:31.382,-33.542,-2.687
18:00:17  자력계:-40.050,45.300,13.800
18:00:17  송신:7728
18:00:17  GPS위성:7
18:00:17  GPS_HDOP:1.26
18:00:17  원시위도:37.496492
18:00:17  원시경도:126.957980
18:00:17  GPS채택:1473
18:00:17  GPS이상치거부:0
18:00:17  GPS품질거부:1
18:00:17  GPS재기준:0
18:00:17  RSSI원시:-64
18:00:17  RSSI평활:-64.5
18:00:17  RSSI샘플:14628
18:00:17  RSSI경과ms:38
18:00:17  차량수신:7185
18:00:17  시각ms:790900
18:00:17  IMU시각ms:790900
18:00:17  위험:0
18:00:17  GPS유효:1
18:00:17  위도:37.496490
18:00:17  경도:126.957977
18:00:17  속도:0.368
18:00:17  방향:167.4
18:00:17  GPS원시속도:0.437
18:00:17  GPS원시방향유효:1
18:00:17  GPS원시방향:167.4
18:00:17  가속도:8.926,-2.634,19.613
18:00:17  자이로:92.924,67.817,-99.565
18:00:17  자력계:-40.950,44.700,13.950
18:00:17  송신:7728
18:00:17  GPS위성:7
18:00:17  GPS_HDOP:1.26
18:00:17  원시위도:37.496492
18:00:17  원시경도:126.957980
18:00:17  GPS채택:1473
18:00:17  GPS이상치거부:0
18:00:17  GPS품질거부:1
18:00:17  GPS재기준:0
18:00:17  RSSI원시:-64
18:00:17  RSSI평활:-64.5
18:00:17  RSSI샘플:14628
18:00:17  RSSI경과ms:60
18:00:17  차량수신:7185
18:00:17  시각ms:790935
18:00:17  IMU시각ms:790934
18:00:17  위험:0
18:00:17  GPS유효:1
18:00:17  위도:37.496490
18:00:17  경도:126.957977
18:00:17  속도:0.368
18:00:17  방향:167.4
18:00:17  GPS원시속도:0.437
18:00:17  GPS원시방향유효:1
18:00:17  GPS원시방향:167.4
18:00:17  가속도:9.754,5.329,9.251
18:00:17  자이로:-86.725,47.008,-4.916
18:00:17  자력계:-39.000,43.050,12.750
18:00:17  송신:7729
18:00:17  GPS위성:7
18:00:17  GPS_HDOP:1.26
18:00:17  원시위도:37.496492
18:00:17  원시경도:126.957980
18:00:17  GPS채택:1473
18:00:17  GPS이상치거부:0
18:00:17  GPS품질거부:1
18:00:17  GPS재기준:0
18:00:17  RSSI원시:-63
18:00:17  RSSI평활:-64.1
18:00:17  RSSI샘플:14630
18:00:17  RSSI경과ms:3
18:00:17  차량수신:7186
18:00:17  시각ms:790956
18:00:17  IMU시각ms:790956
18:00:17  위험:0
18:00:17  GPS유효:1
18:00:17  위도:37.496490
18:00:17  경도:126.957977
18:00:17  속도:0.368
18:00:17  방향:167.4
18:00:17  GPS원시속도:0.437
18:00:17  GPS원시방향유효:1
18:00:17  GPS원시방향:167.4
18:00:17  가속도:19.613,1.748,19.613
18:00:17  자이로:-43.840,-62.878,-6.000
18:00:17  자력계:-42.150,43.950,13.650
18:00:17  송신:7729
18:00:17  GPS위성:7
18:00:17  GPS_HDOP:1.26
18:00:17  원시위도:37.496492
18:00:17  원시경도:126.957980
18:00:17  GPS채택:1473
18:00:17  GPS이상치거부:0
18:00:17  GPS품질거부:1
18:00:17  GPS재기준:0
18:00:17  RSSI원시:-63
18:00:17  RSSI평활:-64.1
18:00:17  RSSI샘플:14630
18:00:17  RSSI경과ms:24
18:00:17  차량수신:7186
18:00:17  시각ms:790978
18:00:17  IMU시각ms:790978
18:00:17  위험:0
18:00:17  GPS유효:1
18:00:17  위도:37.496490
18:00:17  경도:126.957977
18:00:17  속도:0.368
18:00:17  방향:167.4
18:00:17  GPS원시속도:0.437
18:00:17  GPS원시방향유효:1
18:00:17  GPS원시방향:167.4
18:00:17  가속도:11.363,-0.206,7.556
18:00:17  자이로:-68.344,-29.412,-7.954
18:00:17  자력계:-41.700,42.450,11.850
18:00:17  송신:7729
18:00:17  GPS위성:7
18:00:17  GPS_HDOP:1.26
18:00:17  원시위도:37.496492
18:00:17  원시경도:126.957980
18:00:17  GPS채택:1473
18:00:17  GPS이상치거부:0
18:00:17  GPS품질거부:1
18:00:17  GPS재기준:0
18:00:17  RSSI원시:-63
18:00:17  RSSI평활:-64.1
18:00:17  RSSI샘플:14630
18:00:17  RSSI경과ms:46
18:00:17  차량수신:7186
18:00:17  시각ms:791000
18:00:17  IMU시각ms:791000
18:00:17  위험:0
18:00:17  GPS유효:1
18:00:17  위도:37.496490
18:00:17  경도:126.957977
18:00:17  속도:0.368
18:00:17  방향:167.4
18:00:17  GPS원시속도:0.437
18:00:17  GPS원시방향유효:1
18:00:17  GPS원시방향:167.4
18:00:17  가속도:7.082,3.352,7.910
18:00:17  자이로:-75.328,-24.183,-11.702
18:00:17  자력계:-42.300,43.800,12.750
18:00:17  송신:7729
18:00:17  GPS위성:7
18:00:17  GPS_HDOP:1.26
18:00:17  원시위도:37.496492
18:00:17  원시경도:126.957980
18:00:17  GPS채택:1473
18:00:17  GPS이상치거부:0
18:00:17  GPS품질거부:1
18:00:17  GPS재기준:0
18:00:17  RSSI원시:-63
18:00:17  RSSI평활:-64.1
18:00:17  RSSI샘플:14630
18:00:17  RSSI경과ms:68
18:00:17  차량수신:7186
18:00:17  시각ms:791035
18:00:17  IMU시각ms:791035
18:00:17  위험:0
18:00:17  GPS유효:1
18:00:17  위도:37.496490
18:00:17  경도:126.957977
18:00:17  속도:0.368
18:00:17  방향:167.4
18:00:17  GPS원시속도:0.437
18:00:17  GPS원시방향유효:1
18:00:17  GPS원시방향:167.4
18:00:17  가속도:8.236,0.771,4.276
18:00:17  자이로:-24.481,-2.985,-8.046
18:00:17  자력계:-43.800,38.700,12.300
18:00:17  송신:7730
18:00:17  GPS위성:7
18:00:17  GPS_HDOP:1.26
18:00:17  원시위도:37.496492
18:00:17  원시경도:126.957980
18:00:17  GPS채택:1473
18:00:17  GPS이상치거부:0
18:00:17  GPS품질거부:1
18:00:17  GPS재기준:0
18:00:17  RSSI원시:-61
18:00:17  RSSI평활:-63.5
18:00:17  RSSI샘플:14631
18:00:17  RSSI경과ms:7
18:00:17  차량수신:7186
18:00:17  시각ms:791057
18:00:17  IMU시각ms:791057
18:00:17  위험:0
18:00:17  GPS유효:1
18:00:17  위도:37.496490
18:00:17  경도:126.957977
18:00:17  속도:0.368
18:00:17  방향:167.4
18:00:17  GPS원시속도:0.437
18:00:17  GPS원시방향유효:1
18:00:17  GPS원시방향:167.4
18:00:17  가속도:6.574,2.025,4.568
18:00:17  자이로:-13.260,7.542,-4.466
18:00:17  자력계:-42.300,39.450,12.300
18:00:17  송신:7730
18:00:17  GPS위성:7
18:00:17  GPS_HDOP:1.26
18:00:17  원시위도:37.496492
18:00:17  원시경도:126.957980
18:00:17  GPS채택:1473
18:00:17  GPS이상치거부:0
18:00:17  GPS품질거부:1
18:00:17  GPS재기준:0
18:00:17  RSSI원시:-61
18:00:17  RSSI평활:-63.0
18:00:17  RSSI샘플:14632
18:00:17  RSSI경과ms:19
18:00:17  차량수신:7187
18:00:17  시각ms:791079
18:00:17  IMU시각ms:791079
18:00:17  위험:0
18:00:17  GPS유효:1
18:00:17  위도:37.496490
18:00:17  경도:126.957977
18:00:17  속도:0.368
18:00:17  방향:167.4
18:00:17  GPS원시속도:0.437
18:00:17  GPS원시방향유효:1
18:00:17  GPS원시방향:167.4
18:00:17  가속도:5.607,1.997,4.046
18:00:17  자이로:-0.092,19.786,-6.359
18:00:17  자력계:-42.000,39.900,10.950
18:00:17  송신:7730
18:00:17  GPS위성:7
18:00:17  GPS_HDOP:1.26
18:00:17  원시위도:37.496492
18:00:17  원시경도:126.957980
18:00:17  GPS채택:1473
18:00:17  GPS이상치거부:0
18:00:17  GPS품질거부:1
18:00:17  GPS재기준:0
18:00:17  RSSI원시:-61
18:00:17  RSSI평활:-63.0
18:00:17  RSSI샘플:14632
18:00:17  RSSI경과ms:41
18:00:17  차량수신:7187
18:00:17  시각ms:791101
18:00:17  IMU시각ms:791101
18:00:17  위험:0
18:00:17  GPS유효:1
18:00:17  위도:37.496490
18:00:17  경도:126.957977
18:00:17  속도:0.368
18:00:17  방향:167.4
18:00:17  GPS원시속도:0.437
18:00:17  GPS원시방향유효:1
18:00:17  GPS원시방향:167.4
18:00:17  가속도:4.774,2.284,4.788
18:00:17  자이로:6.832,27.313,0.366
18:00:17  자력계:-41.550,40.650,10.950
18:00:17  송신:7730
18:00:17  GPS위성:7
18:00:17  GPS_HDOP:1.26
18:00:17  원시위도:37.496492
18:00:17  원시경도:126.957980
18:00:17  GPS채택:1473
18:00:17  GPS이상치거부:0
18:00:17  GPS품질거부:1
18:00:17  GPS재기준:0
18:00:17  RSSI원시:-61
18:00:17  RSSI평활:-63.0
18:00:17  RSSI샘플:14632
18:00:17  RSSI경과ms:63
18:00:17  차량수신:7187
18:00:17  시각ms:791136
18:00:17  IMU시각ms:791136
18:00:17  위험:0
18:00:17  GPS유효:1
18:00:17  위도:37.496490
18:00:17  경도:126.957977
18:00:17  속도:0.368
18:00:17  방향:167.4
18:00:17  GPS원시속도:0.437
18:00:17  GPS원시방향유효:1
18:00:17  GPS원시방향:167.4
18:00:17  가속도:4.037,2.433,4.918
18:00:17  자이로:7.168,25.389,6.595
18:00:17  자력계:-41.250,39.150,10.950
18:00:17  송신:7731
18:00:17  GPS위성:7
18:00:17  GPS_HDOP:1.26
18:00:17  원시위도:37.496492
18:00:17  원시경도:126.957980
18:00:17  GPS채택:1473
18:00:17  GPS이상치거부:0
18:00:17  GPS품질거부:1
18:00:17  GPS재기준:0
18:00:17  RSSI원시:-60
18:00:17  RSSI평활:-61.8
18:00:17  RSSI샘플:14634
18:00:17  RSSI경과ms:2
18:00:17  차량수신:7188
18:00:17  시각ms:791158
18:00:17  IMU시각ms:791158
18:00:17  위험:0
18:00:17  GPS유효:1
18:00:17  위도:37.496490
18:00:17  경도:126.957977
18:00:17  속도:0.368
18:00:17  방향:167.4
18:00:17  GPS원시속도:0.437
18:00:17  GPS원시방향유효:1
18:00:17  GPS원시방향:167.4
18:00:17  가속도:3.218,2.725,5.100
18:00:17  자이로:10.595,19.076,13.702
18:00:17  자력계:-40.500,41.400,11.700
18:00:17  송신:7731
18:00:17  GPS위성:7
18:00:17  GPS_HDOP:1.26
18:00:17  원시위도:37.496492
18:00:17  원시경도:126.957980
18:00:17  GPS채택:1473
18:00:17  GPS이상치거부:0
18:00:17  GPS품질거부:1
18:00:17  GPS재기준:0
18:00:17  RSSI원시:-60
18:00:17  RSSI평활:-61.8
18:00:17  RSSI샘플:14634
18:00:17  RSSI경과ms:24
18:00:17  차량수신:7188
18:00:17  시각ms:791180
18:00:17  IMU시각ms:791180
18:00:17  위험:0
18:00:17  GPS유효:1
18:00:17  위도:37.496490
18:00:17  경도:126.957977
18:00:17  속도:0.368
18:00:17  방향:167.4
18:00:17  GPS원시속도:0.437
18:00:17  GPS원시방향유효:1
18:00:17  GPS원시방향:167.4
18:00:17  가속도:3.290,2.849,5.420
18:00:17  자이로:9.366,4.405,14.015
18:00:17  자력계:-41.400,41.250,13.200
18:00:17  송신:7731
18:00:17  GPS위성:7
18:00:17  GPS_HDOP:1.26
18:00:17  원시위도:37.496492
18:00:17  원시경도:126.957980
18:00:17  GPS채택:1473
18:00:17  GPS이상치거부:0
18:00:17  GPS품질거부:1
18:00:17  GPS재기준:0
18:00:17  RSSI원시:-60
18:00:17  RSSI평활:-61.8
18:00:17  RSSI샘플:14634
18:00:17  RSSI경과ms:46
18:00:17  차량수신:7188
18:00:17  시각ms:791202
18:00:17  IMU시각ms:791202
18:00:17  위험:0
18:00:17  GPS유효:1
18:00:17  위도:37.496490
18:00:17  경도:126.957977
18:00:17  속도:0.368
18:00:17  방향:167.4
18:00:17  GPS원시속도:0.437
18:00:17  GPS원시방향유효:1
18:00:17  GPS원시방향:167.4
18:00:17  가속도:4.008,3.031,5.679
18:00:17  자이로:10.603,-1.588,17.008
18:00:17  자력계:-40.200,41.250,11.400
18:00:17  송신:7731
18:00:17  GPS위성:7
18:00:17  GPS_HDOP:1.26
18:00:17  원시위도:37.496492
18:00:17  원시경도:126.957980
18:00:17  GPS채택:1473
18:00:17  GPS이상치거부:0
18:00:17  GPS품질거부:1
18:00:17  GPS재기준:0
18:00:17  RSSI원시:-60
18:00:17  RSSI평활:-61.8
18:00:17  RSSI샘플:14634
18:00:17  RSSI경과ms:68
18:00:17  차량수신:7188
18:00:17  시각ms:791235
18:00:17  IMU시각ms:791235
18:00:17  위험:0
18:00:17  GPS유효:1
18:00:17  위도:37.496490
18:00:17  경도:126.957977
18:00:17  속도:0.368
18:00:17  방향:167.4
18:00:17  GPS원시속도:0.437
18:00:17  GPS원시방향유효:1
18:00:17  GPS원시방향:167.4
18:00:17  가속도:4.487,3.558,5.224
18:00:17  자이로:23.008,-7.450,9.672
18:00:17  자력계:-41.250,41.850,12.300
18:00:17  송신:7732
18:00:17  GPS위성:7
18:00:17  GPS_HDOP:1.26
18:00:17  원시위도:37.496492
18:00:17  원시경도:126.957980
18:00:17  GPS채택:1473
18:00:17  GPS이상치거부:0
18:00:17  GPS품질거부:1
18:00:17  GPS재기준:0
18:00:17  RSSI원시:-62
18:00:17  RSSI평활:-61.8
18:00:17  RSSI샘플:14636
18:00:17  RSSI경과ms:1
18:00:17  차량수신:7189
18:00:17  시각ms:791257
18:00:17  IMU시각ms:791257
18:00:17  위험:0
18:00:17  GPS유효:1
18:00:17  위도:37.496490
18:00:17  경도:126.957977
18:00:17  속도:0.368
18:00:17  방향:167.4
18:00:17  GPS원시속도:0.437
18:00:17  GPS원시방향유효:1
18:00:17  GPS원시방향:167.4
18:00:17  가속도:6.053,3.812,6.574
18:00:17  자이로:28.336,-19.504,0.870
18:00:17  자력계:-40.650,42.000,12.150
18:00:17  송신:7732
18:00:17  GPS위성:7
18:00:17  GPS_HDOP:1.26
18:00:17  원시위도:37.496492
18:00:17  원시경도:126.957980
18:00:17  GPS채택:1473
18:00:17  GPS이상치거부:0
18:00:17  GPS품질거부:1
18:00:17  GPS재기준:0
18:00:17  RSSI원시:-62
18:00:17  RSSI평활:-61.8
18:00:17  RSSI샘플:14636
18:00:17  RSSI경과ms:23
18:00:17  차량수신:7189
18:00:17  시각ms:791279
18:00:17  IMU시각ms:791279
18:00:17  위험:0
18:00:17  GPS유효:1
18:00:17  위도:37.496490
18:00:17  경도:126.957977
18:00:17  속도:0.368
18:00:17  방향:167.4
18:00:17  GPS원시속도:0.437
18:00:17  GPS원시방향유효:1
18:00:17  GPS원시방향:167.4
18:00:17  가속도:6.771,4.539,7.661
18:00:17  자이로:27.397,-34.153,3.389
18:00:17  자력계:-41.550,44.550,10.200
18:00:17  송신:7732
18:00:17  GPS위성:7
18:00:17  GPS_HDOP:1.26
18:00:17  원시위도:37.496492
18:00:17  원시경도:126.957980
18:00:17  GPS채택:1473
18:00:17  GPS이상치거부:0
18:00:17  GPS품질거부:1
18:00:17  GPS재기준:0
18:00:17  RSSI원시:-62
18:00:17  RSSI평활:-61.8
18:00:17  RSSI샘플:14636
18:00:17  RSSI경과ms:45
18:00:17  차량수신:7189
18:00:17  시각ms:791335
18:00:17  IMU시각ms:791323
18:00:17  위험:0
18:00:17  GPS유효:1
18:00:17  위도:37.496490
18:00:17  경도:126.957977
18:00:17  속도:0.368
18:00:17  방향:167.4
18:00:17  GPS원시속도:0.437
18:00:17  GPS원시방향유효:1
18:00:17  GPS원시방향:167.4
18:00:17  가속도:8.356,4.386,7.757
18:00:17  자이로:16.634,-52.870,-1.878
18:00:17  자력계:-42.450,42.450,11.100
18:00:17  송신:7733
18:00:17  GPS위성:7
18:00:17  GPS_HDOP:1.26
18:00:17  원시위도:37.496492
18:00:17  원시경도:126.957980
18:00:17  GPS채택:1473
18:00:17  GPS이상치거부:0
18:00:17  GPS품질거부:1
18:00:17  GPS재기준:0
18:00:17  RSSI원시:-67
18:00:17  RSSI평활:-62.9
18:00:17  RSSI샘플:14637
18:00:17  RSSI경과ms:5
18:00:17  차량수신:7189
18:00:17  시각ms:791343
18:00:17  IMU시각ms:791343
18:00:17  위험:0
18:00:17  GPS유효:1
18:00:17  위도:37.496490
18:00:17  경도:126.957977
18:00:17  속도:0.368
18:00:17  방향:167.4
18:00:17  GPS원시속도:0.437
18:00:17  GPS원시방향유효:1
18:00:17  GPS원시방향:167.4
18:00:17  가속도:1.532,-19.613,-12.191
18:00:17  자이로:233.771,-94.405,-72.718
18:00:17  자력계:-42.750,42.600,11.250
18:00:17  송신:7733
18:00:17  GPS위성:7
18:00:17  GPS_HDOP:1.26
18:00:17  원시위도:37.496492
18:00:17  원시경도:126.957980
18:00:17  GPS채택:1473
18:00:17  GPS이상치거부:0
18:00:17  GPS품질거부:1
18:00:17  GPS재기준:0
18:00:17  RSSI원시:-67
18:00:17  RSSI평활:-62.9
18:00:17  RSSI샘플:14637
18:00:17  RSSI경과ms:13
18:00:17  차량수신:7189
18:00:17  시각ms:791365
18:00:17  IMU시각ms:791365
18:00:17  위험:0
18:00:17  GPS유효:1
18:00:17  위도:37.496490
18:00:17  경도:126.957977
18:00:17  속도:0.368
18:00:17  방향:167.4
18:00:17  GPS원시속도:0.437
18:00:17  GPS원시방향유효:1
18:00:17  GPS원시방향:167.4
18:00:17  가속도:11.641,1.350,19.613
18:00:17  자이로:-20.687,30.412,-12.595
18:00:17  자력계:-45.150,43.200,9.600
18:00:17  송신:7733
18:00:17  GPS위성:7
18:00:17  GPS_HDOP:1.26
18:00:17  원시위도:37.496492
18:00:17  원시경도:126.957980
18:00:17  GPS채택:1473
18:00:17  GPS이상치거부:0
18:00:17  GPS품질거부:1
18:00:17  GPS재기준:0
18:00:17  RSSI원시:-67
18:00:17  RSSI평활:-62.9
18:00:17  RSSI샘플:14637
18:00:17  RSSI경과ms:35
18:00:17  차량수신:7189
18:00:17  시각ms:791387
18:00:17  IMU시각ms:791387
18:00:17  위험:0
18:00:17  GPS유효:1
18:00:17  위도:37.496490
18:00:17  경도:126.957977
18:00:17  속도:0.368
18:00:17  방향:167.4
18:00:17  GPS원시속도:0.437
18:00:17  GPS원시방향유효:1
18:00:17  GPS원시방향:167.4
18:00:17  가속도:9.424,-0.340,19.613
18:00:17  자이로:52.290,25.969,-51.481
18:00:17  자력계:-43.500,42.150,12.000
18:00:17  송신:7733
18:00:17  GPS위성:7
18:00:17  GPS_HDOP:1.26
18:00:17  원시위도:37.496492
18:00:17  원시경도:126.957980
18:00:17  GPS채택:1473
18:00:17  GPS이상치거부:0
18:00:17  GPS품질거부:1
18:00:17  GPS재기준:0
18:00:17  RSSI원시:-67
18:00:17  RSSI평활:-62.9
18:00:17  RSSI샘플:14637
18:00:17  RSSI경과ms:57
18:00:17  차량수신:7189
18:00:17  시각ms:791409
18:00:17  IMU시각ms:791409
18:00:17  위험:0
18:00:17  GPS유효:1
18:00:17  위도:37.496490
18:00:17  경도:126.957977
18:00:17  속도:0.368
18:00:17  방향:167.4
18:00:17  GPS원시속도:0.437
18:00:17  GPS원시방향유효:1
18:00:17  GPS원시방향:167.4
18:00:17  가속도:11.971,11.028,19.613
18:00:17  자이로:43.382,1.863,-18.595
18:00:17  자력계:-43.650,45.450,11.100
18:00:17  송신:7733
18:00:17  GPS위성:7
18:00:17  GPS_HDOP:1.26
18:00:17  원시위도:37.496492
18:00:17  원시경도:126.957980
18:00:17  GPS채택:1473
18:00:17  GPS이상치거부:0
18:00:17  GPS품질거부:1
18:00:17  GPS재기준:0
18:00:17  RSSI원시:-67
18:00:17  RSSI평활:-62.9
18:00:17  RSSI샘플:14637
18:00:17  RSSI경과ms:79
18:00:17  차량수신:7189
18:00:17  시각ms:791442
18:00:17  IMU시각ms:791442
18:00:17  위험:0
18:00:17  GPS유효:1
18:00:17  위도:37.496490
18:00:17  경도:126.957977
18:00:17  속도:0.368
18:00:17  방향:167.4
18:00:17  GPS원시속도:0.437
18:00:17  GPS원시방향유효:1
18:00:17  GPS원시방향:167.4
18:00:17  가속도:9.127,4.899,9.390
18:00:17  자이로:-14.015,44.924,-7.214
18:00:17  자력계:-42.900,44.250,11.400
18:00:17  송신:7734
18:00:17  GPS위성:7
18:00:17  GPS_HDOP:1.26
18:00:17  원시위도:37.496492
18:00:17  원시경도:126.957980
18:00:17  GPS채택:1473
18:00:17  GPS이상치거부:0
18:00:17  GPS품질거부:1
18:00:17  GPS재기준:0
18:00:17  RSSI원시:-72
18:00:17  RSSI평활:-64.7
18:00:17  RSSI샘플:14638
18:00:17  RSSI경과ms:1
18:00:17  차량수신:7189
18:00:17  시각ms:791464
18:00:17  IMU시각ms:791464
18:00:17  위험:0
18:00:17  GPS유효:1
18:00:17  위도:37.496490
18:00:17  경도:126.957977
18:00:17  속도:0.368
18:00:17  방향:167.4
18:00:17  GPS원시속도:0.437
18:00:17  GPS원시방향유효:1
18:00:17  GPS원시방향:167.4
18:00:17  가속도:4.434,5.722,5.574
18:00:17  자이로:-17.595,19.466,-3.321
18:00:17  자력계:-41.550,43.800,13.800
18:00:17  송신:7734
18:00:17  GPS위성:7
18:00:17  GPS_HDOP:1.26
18:00:17  원시위도:37.496492
18:00:17  원시경도:126.957980
18:00:17  GPS채택:1473
18:00:17  GPS이상치거부:0
18:00:17  GPS품질거부:1
18:00:17  GPS재기준:0
18:00:17  RSSI원시:-74
18:00:17  RSSI평활:-66.6
18:00:17  RSSI샘플:14639
18:00:17  RSSI경과ms:16
18:00:17  차량수신:7190
18:00:17  시각ms:791486
18:00:17  IMU시각ms:791486
18:00:17  위험:0
18:00:17  GPS유효:1
18:00:17  위도:37.496490
18:00:17  경도:126.957977
18:00:17  속도:0.368
18:00:17  방향:167.4
18:00:17  GPS원시속도:0.437
18:00:17  GPS원시방향유효:1
18:00:17  GPS원시방향:167.4
18:00:17  가속도:5.478,3.323,4.621
18:00:17  자이로:-4.397,28.099,-2.672
18:00:17  자력계:-40.500,44.550,12.000
18:00:17  송신:7734
18:00:17  GPS위성:7
18:00:17  GPS_HDOP:1.26
18:00:17  원시위도:37.496492
18:00:17  원시경도:126.957980
18:00:17  GPS채택:1473
18:00:17  GPS이상치거부:0
18:00:17  GPS품질거부:1
18:00:17  GPS재기준:0
18:00:17  RSSI원시:-74
18:00:17  RSSI평활:-66.6
18:00:17  RSSI샘플:14639
18:00:17  RSSI경과ms:38
18:00:17  차량수신:7190
18:00:17  시각ms:791508
18:00:17  IMU시각ms:791508
18:00:17  위험:0
18:00:17  GPS유효:1
18:00:17  위도:37.496490
18:00:17  경도:126.957977
18:00:17  속도:0.368
18:00:17  방향:167.4
18:00:17  GPS원시속도:0.437
18:00:17  GPS원시방향유효:1
18:00:17  GPS원시방향:167.4
18:00:17  가속도:4.779,4.046,7.288
18:00:17  자이로:1.031,28.641,1.366
18:00:17  자력계:-40.950,45.450,12.900
18:00:17  송신:7734
18:00:17  GPS위성:7
18:00:17  GPS_HDOP:1.26
18:00:17  원시위도:37.496492
18:00:17  원시경도:126.957980
18:00:17  GPS채택:1473
18:00:17  GPS이상치거부:0
18:00:17  GPS품질거부:1
18:00:17  GPS재기준:0
18:00:17  RSSI원시:-74
18:00:17  RSSI평활:-66.6
18:00:17  RSSI샘플:14639
18:00:17  RSSI경과ms:60
18:00:17  차량수신:7190
18:00:18  시각ms:791542
18:00:18  IMU시각ms:791530
18:00:18  위험:0
18:00:18  GPS유효:1
18:00:18  위도:37.496490
18:00:18  경도:126.957977
18:00:18  속도:0.368
18:00:18  방향:167.4
18:00:18  GPS원시속도:0.437
18:00:18  GPS원시방향유효:1
18:00:18  GPS원시방향:167.4
18:00:18  가속도:3.160,3.989,4.506
18:00:18  자이로:-0.061,19.740,6.427
18:00:18  자력계:-42.150,43.950,12.900
18:00:18  송신:7735
18:00:18  GPS위성:7
18:00:18  GPS_HDOP:1.26
18:00:18  원시위도:37.496492
18:00:18  원시경도:126.957980
18:00:18  GPS채택:1473
18:00:18  GPS이상치거부:0
18:00:18  GPS품질거부:1
18:00:18  GPS재기준:0
18:00:18  RSSI원시:-74
18:00:18  RSSI평활:-66.6
18:00:18  RSSI샘플:14639
18:00:18  RSSI경과ms:94
18:00:18  차량수신:7190
18:00:18  시각ms:791578
18:00:18  IMU시각ms:791578
18:00:18  위험:0
18:00:18  GPS유효:1
18:00:18  위도:37.496490
18:00:18  경도:126.957977
18:00:18  속도:0.368
18:00:18  방향:167.4
18:00:18  GPS원시속도:0.437
18:00:18  GPS원시방향유효:1
18:00:18  GPS원시방향:167.4
18:00:18  가속도:3.117,3.601,5.253
18:00:18  자이로:-4.611,0.840,8.534
18:00:18  자력계:-39.000,43.350,12.750
18:00:18  송신:7735
18:00:18  GPS위성:7
18:00:18  GPS_HDOP:1.26
18:00:18  원시위도:37.496492
18:00:18  원시경도:126.957980
18:00:18  GPS채택:1473
18:00:18  GPS이상치거부:0
18:00:18  GPS품질거부:1
18:00:18  GPS재기준:0
18:00:18  RSSI원시:-81
18:00:18  RSSI평활:-71.9
18:00:18  RSSI샘플:14641
18:00:18  RSSI경과ms:9
18:00:18  차량수신:7191
18:00:18  시각ms:791600
18:00:18  IMU시각ms:791600
18:00:18  위험:0
18:00:18  GPS유효:1
18:00:18  위도:37.496490
18:00:18  경도:126.957977
18:00:18  속도:0.368
18:00:18  방향:167.4
18:00:18  GPS원시속도:0.437
18:00:18  GPS원시방향유효:1
18:00:18  GPS원시방향:167.4
18:00:18  가속도:2.830,3.960,4.377
18:00:18  자이로:2.298,-0.908,9.595
18:00:18  자력계:-40.200,43.950,14.400
18:00:18  송신:7735
18:00:18  GPS위성:7
18:00:18  GPS_HDOP:1.26
18:00:18  원시위도:37.496492
18:00:18  원시경도:126.957980
18:00:18  GPS채택:1473
18:00:18  GPS이상치거부:0
18:00:18  GPS품질거부:1
18:00:18  GPS재기준:0
18:00:18  RSSI원시:-81
18:00:18  RSSI평활:-71.9
18:00:18  RSSI샘플:14641
18:00:18  RSSI경과ms:31
18:00:18  차량수신:7191
18:00:18  시각ms:791622
18:00:18  IMU시각ms:791622
18:00:18  위험:0
18:00:18  GPS유효:1
18:00:18  위도:37.496490
18:00:18  경도:126.957977
18:00:18  속도:0.368
18:00:18  방향:167.4
18:00:18  GPS원시속도:0.437
18:00:18  GPS원시방향유효:1
18:00:18  GPS원시방향:167.4
18:00:18  가속도:3.045,3.974,5.286
18:00:18  자이로:13.557,-8.214,9.237
18:00:18  자력계:-38.550,45.300,12.750
18:00:18  송신:7735
18:00:18  GPS위성:7
18:00:18  GPS_HDOP:1.26
18:00:18  원시위도:37.496492
18:00:18  원시경도:126.957980
18:00:18  GPS채택:1473
18:00:18  GPS이상치거부:0
18:00:18  GPS품질거부:1
18:00:18  GPS재기준:0
18:00:18  RSSI원시:-81
18:00:18  RSSI평활:-71.9
18:00:18  RSSI샘플:14641
18:00:18  RSSI경과ms:53
18:00:18  차량수신:7191
18:00:18  시각ms:791650
18:00:18  IMU시각ms:791650
18:00:18  위험:0
18:00:18  GPS유효:1
18:00:18  위도:37.496490
18:00:18  경도:126.957977
18:00:18  속도:0.368
18:00:18  방향:167.4
18:00:18  GPS원시속도:0.437
18:00:18  GPS원시방향유효:1
18:00:18  GPS원시방향:167.4
18:00:18  가속도:3.984,4.243,5.607
18:00:18  자이로:26.679,-17.008,11.550
18:00:18  자력계:-40.650,44.250,13.650
18:00:18  송신:7736
18:00:18  GPS위성:7
18:00:18  GPS_HDOP:1.26
18:00:18  원시위도:37.496492
18:00:18  원시경도:126.957980
18:00:18  GPS채택:1473
18:00:18  GPS이상치거부:0
18:00:18  GPS품질거부:1
18:00:18  GPS재기준:0
18:00:18  RSSI원시:-72
18:00:18  RSSI평활:-71.9
18:00:18  RSSI샘플:14642
18:00:18  RSSI경과ms:7
18:00:18  차량수신:7192
18:00:18  시각ms:791672
18:00:18  IMU시각ms:791672
18:00:18  위험:0
18:00:18  GPS유효:1
18:00:18  위도:37.496490
18:00:18  경도:126.957985
18:00:18  속도:0.293
18:00:18  방향:167.4
18:00:18  GPS원시속도:0.154
18:00:18  GPS원시방향유효:1
18:00:18  GPS원시방향:167.4
18:00:18  가속도:4.448,4.405,6.292
18:00:18  자이로:33.069,-16.824,14.427
18:00:18  자력계:-39.300,46.050,13.500
18:00:18  송신:7736
18:00:18  GPS위성:7
18:00:18  GPS_HDOP:1.26
18:00:18  원시위도:37.496487
18:00:18  원시경도:126.957982
18:00:18  GPS채택:1474
18:00:18  GPS이상치거부:0
18:00:18  GPS품질거부:1
18:00:18  GPS재기준:0
18:00:18  RSSI원시:-73
18:00:18  RSSI평활:-72.1
18:00:18  RSSI샘플:14643
18:00:18  RSSI경과ms:19
18:00:18  차량수신:7192
18:00:18  시각ms:791694
18:00:18  IMU시각ms:791694
18:00:18  위험:0
18:00:18  GPS유효:1
18:00:18  위도:37.496490
18:00:18  경도:126.957985
18:00:18  속도:0.293
18:00:18  방향:167.4
18:00:18  GPS원시속도:0.154
18:00:18  GPS원시방향유효:1
18:00:18  GPS원시방향:167.4
18:00:18  가속도:4.841,4.956,6.627
18:00:18  자이로:36.443,-17.427,14.878
18:00:18  자력계:-38.700,46.650,13.650
18:00:18  송신:7736
18:00:18  GPS위성:7
18:00:18  GPS_HDOP:1.26
18:00:18  원시위도:37.496487
18:00:18  원시경도:126.957982
18:00:18  GPS채택:1474
18:00:18  GPS이상치거부:0
18:00:18  GPS품질거부:1
18:00:18  GPS재기준:0
18:00:18  RSSI원시:-73
18:00:18  RSSI평활:-72.1
18:00:18  RSSI샘플:14643
18:00:18  RSSI경과ms:41
18:00:18  차량수신:7192
18:00:18  시각ms:791716
18:00:18  IMU시각ms:791716
18:00:18  위험:0
18:00:18  GPS유효:1
18:00:18  위도:37.496490
18:00:18  경도:126.957985
18:00:18  속도:0.293
18:00:18  방향:167.4
18:00:18  GPS원시속도:0.154
18:00:18  GPS원시방향유효:1
18:00:18  GPS원시방향:167.4
18:00:18  가속도:5.880,6.388,7.288
18:00:18  자이로:35.473,-33.557,15.412
18:00:18  자력계:-39.150,45.450,13.200
18:00:18  송신:7736
18:00:18  GPS위성:7
18:00:18  GPS_HDOP:1.26
18:00:18  원시위도:37.496487
18:00:18  원시경도:126.957982
18:00:18  GPS채택:1474
18:00:18  GPS이상치거부:0
18:00:18  GPS품질거부:1
18:00:18  GPS재기준:0
18:00:18  RSSI원시:-73
18:00:18  RSSI평활:-72.1
18:00:18  RSSI샘플:14643
18:00:18  RSSI경과ms:63
18:00:18  차량수신:7192
18:00:18  시각ms:791772
18:00:18  IMU시각ms:791772
18:00:18  위험:0
18:00:18  GPS유효:1
18:00:18  위도:37.496487
18:00:18  경도:126.957985
18:00:18  속도:0.244
18:00:18  방향:167.4
18:00:18  GPS원시속도:0.154
18:00:18  GPS원시방향유효:1
18:00:18  GPS원시방향:167.4
18:00:18  가속도:11.698,6.397,16.429
18:00:18  자이로:-7.374,92.366,-21.092
18:00:18  자력계:-40.950,48.600,12.600
18:00:18  송신:7737
18:00:18  GPS위성:7
18:00:18  GPS_HDOP:1.26
18:00:18  원시위도:37.496487
18:00:18  원시경도:126.957982
18:00:18  GPS채택:1475
18:00:18  GPS이상치거부:0
18:00:18  GPS품질거부:1
18:00:18  GPS재기준:0
18:00:18  RSSI원시:-68
18:00:18  RSSI평활:-70.8
18:00:18  RSSI샘플:14645
18:00:18  RSSI경과ms:29
18:00:18  차량수신:7193
18:00:18  시각ms:791794
18:00:18  IMU시각ms:791794
18:00:18  위험:0
18:00:18  GPS유효:1
18:00:18  위도:37.496487
18:00:18  경도:126.957985
18:00:18  속도:0.244
18:00:18  방향:167.4
18:00:18  GPS원시속도:0.154
18:00:18  GPS원시방향유효:1
18:00:18  GPS원시방향:167.4
18:00:18  가속도:14.068,8.384,19.613
18:00:18  자이로:-60.038,51.786,15.221
18:00:18  자력계:-40.800,49.200,12.300
18:00:18  송신:7737
18:00:18  GPS위성:7
18:00:18  GPS_HDOP:1.26
18:00:18  원시위도:37.496487
18:00:18  원시경도:126.957982
18:00:18  GPS채택:1475
18:00:18  GPS이상치거부:0
18:00:18  GPS품질거부:1
18:00:18  GPS재기준:0
18:00:18  RSSI원시:-68
18:00:18  RSSI평활:-70.8
18:00:18  RSSI샘플:14645
18:00:18  RSSI경과ms:51
18:00:18  차량수신:7193
18:00:18  시각ms:791816
18:00:18  IMU시각ms:791816
18:00:18  위험:0
18:00:18  GPS유효:1
18:00:18  위도:37.496487
18:00:18  경도:126.957985
18:00:18  속도:0.244
18:00:18  방향:167.4
18:00:18  GPS원시속도:0.154
18:00:18  GPS원시방향유효:1
18:00:18  GPS원시방향:167.4
18:00:18  가속도:10.683,5.871,13.120
18:00:18  자이로:3.183,34.992,1.679
18:00:18  자력계:-38.550,49.500,12.750
18:00:18  송신:7737
18:00:18  GPS위성:7
18:00:18  GPS_HDOP:1.26
18:00:18  원시위도:37.496487
18:00:18  원시경도:126.957982
18:00:18  GPS채택:1475
18:00:18  GPS이상치거부:0
18:00:18  GPS품질거부:1
18:00:18  GPS재기준:0
18:00:18  RSSI원시:-68
18:00:18  RSSI평활:-70.8
18:00:18  RSSI샘플:14645
18:00:18  RSSI경과ms:73
18:00:18  차량수신:7193
18:00:18  시각ms:791851
18:00:18  IMU시각ms:791851
18:00:18  위험:0
18:00:18  GPS유효:1
18:00:18  위도:37.496487
18:00:18  경도:126.957985
18:00:18  속도:0.244
18:00:18  방향:167.4
18:00:18  GPS원시속도:0.154
18:00:18  GPS원시방향유효:1
18:00:18  GPS원시방향:167.4
18:00:18  가속도:6.570,5.708,6.603
18:00:18  자이로:-31.802,-24.931,-1.504
18:00:18  자력계:-38.250,49.200,12.000
18:00:18  송신:7738
18:00:18  GPS위성:7
18:00:18  GPS_HDOP:1.26
18:00:18  원시위도:37.496487
18:00:18  원시경도:126.957982
18:00:18  GPS채택:1475
18:00:18  GPS이상치거부:0
18:00:18  GPS품질거부:1
18:00:18  GPS재기준:0
18:00:18  RSSI원시:-65
18:00:18  RSSI평활:-69.7
18:00:18  RSSI샘플:14646
18:00:18  RSSI경과ms:2
18:00:18  차량수신:7194
18:00:18  시각ms:791873
18:00:18  IMU시각ms:791873
18:00:18  위험:0
18:00:18  GPS유효:1
18:00:18  위도:37.496487
18:00:18  경도:126.957985
18:00:18  속도:0.244
18:00:18  방향:167.4
18:00:18  GPS원시속도:0.154
18:00:18  GPS원시방향유효:1
18:00:18  GPS원시방향:167.4
18:00:18  가속도:4.568,4.448,3.151
18:00:18  자이로:-41.336,-14.855,3.435
18:00:18  자력계:-36.750,48.000,13.500
18:00:18  송신:7738
18:00:18  GPS위성:7
18:00:18  GPS_HDOP:1.26
18:00:18  원시위도:37.496487
18:00:18  원시경도:126.957982
18:00:18  GPS채택:1475
18:00:18  GPS이상치거부:0
18:00:18  GPS품질거부:1
18:00:18  GPS재기준:0
18:00:18  RSSI원시:-65
18:00:18  RSSI평활:-68.7
18:00:18  RSSI샘플:14647
18:00:18  RSSI경과ms:6
18:00:18  차량수신:7194
18:00:18  시각ms:791895
18:00:18  IMU시각ms:791895
18:00:18  위험:0
18:00:18  GPS유효:1
18:00:18  위도:37.496487
18:00:18  경도:126.957985
18:00:18  속도:0.244
18:00:18  방향:167.4
18:00:18  GPS원시속도:0.154
18:00:18  GPS원시방향유효:1
18:00:18  GPS원시방향:167.4
18:00:18  가속도:5.488,3.778,5.957
18:00:18  자이로:-42.168,-13.412,12.191
18:00:18  자력계:-37.800,46.800,13.050
18:00:18  송신:7738
18:00:18  GPS위성:7
18:00:18  GPS_HDOP:1.26
18:00:18  원시위도:37.496487
18:00:18  원시경도:126.957982
18:00:18  GPS채택:1475
18:00:18  GPS이상치거부:0
18:00:18  GPS품질거부:1
18:00:18  GPS재기준:0
18:00:18  RSSI원시:-65
18:00:18  RSSI평활:-68.7
18:00:18  RSSI샘플:14647
18:00:18  RSSI경과ms:28
18:00:18  차량수신:7194
18:00:18  시각ms:791917
18:00:18  IMU시각ms:791917
18:00:18  위험:0
18:00:18  GPS유효:1
18:00:18  위도:37.496487
18:00:18  경도:126.957985
18:00:18  속도:0.244
18:00:18  방향:167.4
18:00:18  GPS원시속도:0.154
18:00:18  GPS원시방향유효:1
18:00:18  GPS원시방향:167.4
18:00:18  가속도:4.697,3.950,5.995
18:00:18  자이로:-31.130,3.130,17.046
18:00:18  자력계:-37.500,47.550,13.500
18:00:18  송신:7738
18:00:18  GPS위성:7
18:00:18  GPS_HDOP:1.26
18:00:18  원시위도:37.496487
18:00:18  원시경도:126.957982
18:00:18  GPS채택:1475
18:00:18  GPS이상치거부:0
18:00:18  GPS품질거부:1
18:00:18  GPS재기준:0
18:00:18  RSSI원시:-65
18:00:18  RSSI평활:-68.7
18:00:18  RSSI샘플:14647
18:00:18  RSSI경과ms:50
18:00:18  차량수신:7194
18:00:18  시각ms:791952
18:00:18  IMU시각ms:791952
18:00:18  위험:0
18:00:18  GPS유효:1
18:00:18  위도:37.496487
18:00:18  경도:126.957985
18:00:18  속도:0.244
18:00:18  방향:167.4
18:00:18  GPS원시속도:0.154
18:00:18  GPS원시방향유효:1
18:00:18  GPS원시방향:167.4
18:00:18  가속도:3.745,2.806,3.663
18:00:18  자이로:-0.221,14.664,19.802
18:00:18  자력계:-37.050,45.600,12.750
18:00:18  송신:7739
18:00:18  GPS위성:7
18:00:18  GPS_HDOP:1.26
18:00:18  원시위도:37.496487
18:00:18  원시경도:126.957982
18:00:18  GPS채택:1475
18:00:18  GPS이상치거부:0
18:00:18  GPS품질거부:1
18:00:18  GPS재기준:0
18:00:18  RSSI원시:-65
18:00:18  RSSI평활:-67.4
18:00:18  RSSI샘플:14649
18:00:18  RSSI경과ms:2
18:00:18  차량수신:7195
18:00:18  시각ms:791973
18:00:18  IMU시각ms:791973
18:00:18  위험:0
18:00:18  GPS유효:1
18:00:18  위도:37.496487
18:00:18  경도:126.957985
18:00:18  속도:0.244
18:00:18  방향:167.4
18:00:18  GPS원시속도:0.154
18:00:18  GPS원시방향유효:1
18:00:18  GPS원시방향:167.4
18:00:18  가속도:3.764,2.926,4.515
18:00:18  자이로:10.740,13.863,20.031
18:00:18  자력계:-39.000,46.800,14.250
18:00:18  송신:7739
18:00:18  GPS위성:7
18:00:18  GPS_HDOP:1.26
18:00:18  원시위도:37.496487
18:00:18  원시경도:126.957982
18:00:18  GPS채택:1475
18:00:18  GPS이상치거부:0
18:00:18  GPS품질거부:1
18:00:18  GPS재기준:0
18:00:18  RSSI원시:-65
18:00:18  RSSI평활:-67.4
18:00:18  RSSI샘플:14649
18:00:18  RSSI경과ms:23
18:00:18  차량수신:7195
18:00:18  시각ms:791995
18:00:18  IMU시각ms:791995
18:00:18  위험:0
18:00:18  GPS유효:1
18:00:18  위도:37.496487
18:00:18  경도:126.957985
18:00:18  속도:0.244
18:00:18  방향:167.4
18:00:18  GPS원시속도:0.154
18:00:18  GPS원시방향유효:1
18:00:18  GPS원시방향:167.4
18:00:18  가속도:3.510,2.768,4.113
18:00:18  자이로:25.718,20.153,17.237
18:00:18  자력계:-36.900,46.950,11.850
18:00:18  송신:7739
18:00:18  GPS위성:7
18:00:18  GPS_HDOP:1.26
18:00:18  원시위도:37.496487
18:00:18  원시경도:126.957982
18:00:18  GPS채택:1475
18:00:18  GPS이상치거부:0
18:00:18  GPS품질거부:1
18:00:18  GPS재기준:0
18:00:18  RSSI원시:-65
18:00:18  RSSI평활:-67.4
18:00:18  RSSI샘플:14649
18:00:18  RSSI경과ms:45
18:00:18  차량수신:7195
18:00:18  시각ms:792052
18:00:18  IMU시각ms:792052
18:00:18  위험:0
18:00:18  GPS유효:1
18:00:18  위도:37.496487
18:00:18  경도:126.957985
18:00:18  속도:0.244
18:00:18  방향:167.4
18:00:18  GPS원시속도:0.154
18:00:18  GPS원시방향유효:1
18:00:18  GPS원시방향:167.4
18:00:18  가속도:3.539,4.506,5.962
18:00:18  자이로:56.840,-1.924,17.366
18:00:18  자력계:-36.300,49.500,14.550
18:00:18  송신:7740
18:00:18  GPS위성:7
18:00:18  GPS_HDOP:1.26
18:00:18  원시위도:37.496487
18:00:18  원시경도:126.957982
18:00:18  GPS채택:1475
18:00:18  GPS이상치거부:0
18:00:18  GPS품질거부:1
18:00:18  GPS재기준:0
18:00:18  RSSI원시:-66
18:00:18  RSSI평활:-67.1
18:00:18  RSSI샘플:14650
18:00:18  RSSI경과ms:9
18:00:18  차량수신:7195
18:00:18  시각ms:792074
18:00:18  IMU시각ms:792074
18:00:18  위험:0
18:00:18  GPS유효:1
18:00:18  위도:37.496487
18:00:18  경도:126.957985
18:00:18  속도:0.244
18:00:18  방향:167.4
18:00:18  GPS원시속도:0.154
18:00:18  GPS원시방향유효:1
18:00:18  GPS원시방향:167.4
18:00:18  가속도:4.405,4.889,6.819
18:00:18  자이로:38.145,-22.534,13.206
18:00:18  자력계:-36.750,48.000,14.550
18:00:18  송신:7740
18:00:18  GPS위성:7
18:00:18  GPS_HDOP:1.26
18:00:18  원시위도:37.496487
18:00:18  원시경도:126.957982
18:00:18  GPS채택:1475
18:00:18  GPS이상치거부:0
18:00:18  GPS품질거부:1
18:00:18  GPS재기준:0
18:00:18  RSSI원시:-67
18:00:18  RSSI평활:-67.1
18:00:18  RSSI샘플:14651
18:00:18  RSSI경과ms:22
18:00:18  차량수신:7196
18:00:18  시각ms:792096
18:00:18  IMU시각ms:792096
18:00:18  위험:0
18:00:18  GPS유효:1
18:00:18  위도:37.496487
18:00:18  경도:126.957985
18:00:18  속도:0.244
18:00:18  방향:167.4
18:00:18  GPS원시속도:0.154
18:00:18  GPS원시방향유효:1
18:00:18  GPS원시방향:167.4
18:00:18  가속도:4.702,5.435,5.296
18:00:18  자이로:8.275,-38.977,19.878
18:00:18  자력계:-36.900,50.850,13.650
18:00:18  송신:7740
18:00:18  GPS위성:7
18:00:18  GPS_HDOP:1.26
18:00:18  원시위도:37.496487
18:00:18  원시경도:126.957982
18:00:18  GPS채택:1475
18:00:18  GPS이상치거부:0
18:00:18  GPS품질거부:1
18:00:18  GPS재기준:0
18:00:18  RSSI원시:-67
18:00:18  RSSI평활:-67.1
18:00:18  RSSI샘플:14651
18:00:18  RSSI경과ms:44
18:00:18  차량수신:7196
18:00:18  시각ms:792118
18:00:18  IMU시각ms:792118
18:00:18  위험:0
18:00:18  GPS유효:1
18:00:18  위도:37.496487
18:00:18  경도:126.957985
18:00:18  속도:0.244
18:00:18  방향:167.4
18:00:18  GPS원시속도:0.154
18:00:18  GPS원시방향유효:1
18:00:18  GPS원시방향:167.4
18:00:18  가속도:19.613,-19.613,19.613
18:00:18  자이로:16.550,-250.137,44.305
18:00:18  자력계:-38.700,49.350,11.850
18:00:18  송신:7740
18:00:18  GPS위성:7
18:00:18  GPS_HDOP:1.26
18:00:18  원시위도:37.496487
18:00:18  원시경도:126.957982
18:00:18  GPS채택:1475
18:00:18  GPS이상치거부:0
18:00:18  GPS품질거부:1
18:00:18  GPS재기준:0
18:00:18  RSSI원시:-67
18:00:18  RSSI평활:-67.1
18:00:18  RSSI샘플:14651
18:00:18  RSSI경과ms:66
18:00:18  차량수신:7196
18:00:18  시각ms:792153
18:00:18  IMU시각ms:792153
18:00:18  위험:0
18:00:18  GPS유효:1
18:00:18  위도:37.496487
18:00:18  경도:126.957985
18:00:18  속도:0.244
18:00:18  방향:167.4
18:00:18  GPS원시속도:0.154
18:00:18  GPS원시방향유효:1
18:00:18  GPS원시방향:167.4
18:00:18  가속도:15.184,1.973,12.584
18:00:18  자이로:36.901,38.092,-5.786
18:00:18  자력계:-37.500,49.200,13.800
18:00:18  송신:7741
18:00:18  GPS위성:7
18:00:18  GPS_HDOP:1.26
18:00:18  원시위도:37.496487
18:00:18  원시경도:126.957982
18:00:18  GPS채택:1475
18:00:18  GPS이상치거부:0
18:00:18  GPS품질거부:1
18:00:18  GPS재기준:0
18:00:18  RSSI원시:-67
18:00:18  RSSI평활:-67.1
18:00:18  RSSI샘플:14653
18:00:18  RSSI경과ms:1
18:00:18  차량수신:7197
18:00:18  시각ms:792174
18:00:18  IMU시각ms:792174
18:00:18  위험:0
18:00:18  GPS유효:1
18:00:18  위도:37.496487
18:00:18  경도:126.957985
18:00:18  속도:0.244
18:00:18  방향:167.4
18:00:18  GPS원시속도:0.154
18:00:18  GPS원시방향유효:1
18:00:18  GPS원시방향:167.4
18:00:18  가속도:13.168,3.079,7.422
18:00:18  자이로:13.305,88.198,0.229
18:00:18  자력계:-38.250,49.200,14.550
18:00:18  송신:7741
18:00:18  GPS위성:7
18:00:18  GPS_HDOP:1.26
18:00:18  원시위도:37.496487
18:00:18  원시경도:126.957982
18:00:18  GPS채택:1475
18:00:18  GPS이상치거부:0
18:00:18  GPS품질거부:1
18:00:18  GPS재기준:0
18:00:18  RSSI원시:-67
18:00:18  RSSI평활:-67.1
18:00:18  RSSI샘플:14653
18:00:18  RSSI경과ms:22
18:00:18  차량수신:7197
18:00:18  시각ms:792196
18:00:18  IMU시각ms:792196
18:00:18  위험:0
18:00:18  GPS유효:1
18:00:18  위도:37.496487
18:00:18  경도:126.957985
18:00:18  속도:0.244
18:00:18  방향:167.4
18:00:18  GPS원시속도:0.154
18:00:18  GPS원시방향유효:1
18:00:18  GPS원시방향:167.4
18:00:18  가속도:3.845,3.974,7.547
18:00:18  자이로:36.450,35.176,-0.985
18:00:18  자력계:-36.150,49.650,12.900
18:00:18  송신:7741
18:00:18  GPS위성:7
18:00:18  GPS_HDOP:1.26
18:00:18  원시위도:37.496487
18:00:18  원시경도:126.957982
18:00:18  GPS채택:1475
18:00:18  GPS이상치거부:0
18:00:18  GPS품질거부:1
18:00:18  GPS재기준:0
18:00:18  RSSI원시:-67
18:00:18  RSSI평활:-67.1
18:00:18  RSSI샘플:14653
18:00:18  RSSI경과ms:44
18:00:18  차량수신:7197
18:00:18  시각ms:792218
18:00:18  IMU시각ms:792218
18:00:18  위험:0
18:00:18  GPS유효:1
18:00:18  위도:37.496487
18:00:18  경도:126.957985
18:00:18  속도:0.244
18:00:18  방향:167.4
18:00:18  GPS원시속도:0.154
18:00:18  GPS원시방향유효:1
18:00:18  GPS원시방향:167.4
18:00:18  가속도:0.340,15.519,12.392
18:00:18  자이로:-26.840,-0.008,-7.405
18:00:18  자력계:-34.200,50.400,13.650
18:00:18  송신:7741
18:00:18  GPS위성:7
18:00:18  GPS_HDOP:1.26
18:00:18  원시위도:37.496487
18:00:18  원시경도:126.957982
18:00:18  GPS채택:1475
18:00:18  GPS이상치거부:0
18:00:18  GPS품질거부:1
18:00:18  GPS재기준:0
18:00:18  RSSI원시:-67
18:00:18  RSSI평활:-67.1
18:00:18  RSSI샘플:14653
18:00:18  RSSI경과ms:66
18:00:18  차량수신:7197
18:00:18  시각ms:792273
18:00:18  IMU시각ms:792273
18:00:18  위험:0
18:00:18  GPS유효:1
18:00:18  위도:37.496487
18:00:18  경도:126.957985
18:00:18  속도:0.244
18:00:18  방향:167.4
18:00:18  GPS원시속도:0.154
18:00:18  GPS원시방향유효:1
18:00:18  GPS원시방향:167.4
18:00:18  가속도:5.732,5.598,4.156
18:00:18  자이로:-38.092,-18.084,-0.344
18:00:18  자력계:-36.150,48.900,14.400
18:00:18  송신:7742
18:00:18  GPS위성:7
18:00:18  GPS_HDOP:1.26
18:00:18  원시위도:37.496487
18:00:18  원시경도:126.957982
18:00:18  GPS채택:1475
18:00:18  GPS이상치거부:0
18:00:18  GPS품질거부:1
18:00:18  GPS재기준:0
18:00:18  RSSI원시:-67
18:00:18  RSSI평활:-66.9
18:00:18  RSSI샘플:14655
18:00:18  RSSI경과ms:21
18:00:18  차량수신:7198
18:00:18  시각ms:792295
18:00:18  IMU시각ms:792295
18:00:18  위험:0
18:00:18  GPS유효:1
18:00:18  위도:37.496487
18:00:18  경도:126.957985
18:00:18  속도:0.244
18:00:18  방향:167.4
18:00:18  GPS원시속도:0.154
18:00:18  GPS원시방향유효:1
18:00:18  GPS원시방향:167.4
18:00:18  가속도:4.999,5.737,5.598
18:00:18  자이로:-27.069,-6.008,0.824
18:00:18  자력계:-35.400,50.100,13.200
18:00:18  송신:7742
18:00:18  GPS위성:7
18:00:18  GPS_HDOP:1.26
18:00:18  원시위도:37.496487
18:00:18  원시경도:126.957982
18:00:18  GPS채택:1475
18:00:18  GPS이상치거부:0
18:00:18  GPS품질거부:1
18:00:18  GPS재기준:0
18:00:18  RSSI원시:-67
18:00:18  RSSI평활:-66.9
18:00:18  RSSI샘플:14655
18:00:18  RSSI경과ms:43
18:00:18  차량수신:7198
18:00:18  시각ms:792317
18:00:18  IMU시각ms:792317
18:00:18  위험:0
18:00:18  GPS유효:1
18:00:18  위도:37.496487
18:00:18  경도:126.957985
18:00:18  속도:0.244
18:00:18  방향:167.4
18:00:18  GPS원시속도:0.154
18:00:18  GPS원시방향유효:1
18:00:18  GPS원시방향:167.4
18:00:18  가속도:5.004,4.597,3.989
18:00:18  자이로:-20.939,-3.481,3.137
18:00:18  자력계:-37.050,49.950,13.500
18:00:18  송신:7742
18:00:18  GPS위성:7
18:00:18  GPS_HDOP:1.26
18:00:18  원시위도:37.496487
18:00:18  원시경도:126.957982
18:00:18  GPS채택:1475
18:00:18  GPS이상치거부:0
18:00:18  GPS품질거부:1
18:00:18  GPS재기준:0
18:00:18  RSSI원시:-67
18:00:18  RSSI평활:-66.9
18:00:18  RSSI샘플:14655
18:00:18  RSSI경과ms:65
18:00:18  차량수신:7198
18:00:18  시각ms:792351
18:00:18  IMU시각ms:792339
18:00:18  위험:0
18:00:18  GPS유효:1
18:00:18  위도:37.496487
18:00:18  경도:126.957985
18:00:18  속도:0.244
18:00:18  방향:167.4
18:00:18  GPS원시속도:0.154
18:00:18  GPS원시방향유효:1
18:00:18  GPS원시방향:167.4
18:00:18  가속도:3.965,3.926,4.357
18:00:18  자이로:-15.763,3.183,1.038
18:00:18  자력계:-35.700,48.900,13.200
18:00:18  송신:7743
18:00:18  GPS위성:7
18:00:18  GPS_HDOP:1.26
18:00:18  원시위도:37.496487
18:00:18  원시경도:126.957982
18:00:18  GPS채택:1475
18:00:18  GPS이상치거부:0
18:00:18  GPS품질거부:1
18:00:18  GPS재기준:0
18:00:18  RSSI원시:-68
18:00:18  RSSI평활:-67.1
18:00:18  RSSI샘플:14656
18:00:18  RSSI경과ms:5
18:00:18  차량수신:7198
18:00:18  시각ms:792359
18:00:18  IMU시각ms:792359
18:00:18  위험:0
18:00:18  GPS유효:1
18:00:18  위도:37.496487
18:00:18  경도:126.957985
18:00:18  속도:0.244
18:00:18  방향:167.4
18:00:18  GPS원시속도:0.154
18:00:18  GPS원시방향유효:1
18:00:18  GPS원시방향:167.4
18:00:18  가속도:3.802,3.256,4.836
18:00:18  자이로:-10.374,9.511,-0.519
18:00:18  자력계:-36.450,48.600,13.200
18:00:18  송신:7743
18:00:18  GPS위성:7
18:00:18  GPS_HDOP:1.26
18:00:18  원시위도:37.496487
18:00:18  원시경도:126.957982
18:00:18  GPS채택:1475
18:00:18  GPS이상치거부:0
18:00:18  GPS품질거부:1
18:00:18  GPS재기준:0
18:00:18  RSSI원시:-68
18:00:18  RSSI평활:-67.3
18:00:18  RSSI샘플:14657
18:00:18  RSSI경과ms:4
18:00:18  차량수신:7199
18:00:18  시각ms:792381
18:00:18  IMU시각ms:792381
18:00:18  위험:0
18:00:18  GPS유효:1
18:00:18  위도:37.496487
18:00:18  경도:126.957985
18:00:18  속도:0.244
18:00:18  방향:167.4
18:00:18  GPS원시속도:0.154
18:00:18  GPS원시방향유효:1
18:00:18  GPS원시방향:167.4
18:00:18  가속도:3.112,2.691,4.458
18:00:18  자이로:-4.802,12.229,-0.863
18:00:18  자력계:-36.300,48.750,12.300
18:00:18  송신:7743
18:00:18  GPS위성:7
18:00:18  GPS_HDOP:1.26
18:00:18  원시위도:37.496487
18:00:18  원시경도:126.957982
18:00:18  GPS채택:1475
18:00:18  GPS이상치거부:0
18:00:18  GPS품질거부:1
18:00:18  GPS재기준:0
18:00:18  RSSI원시:-68
18:00:18  RSSI평활:-67.3
18:00:18  RSSI샘플:14657
18:00:18  RSSI경과ms:26
18:00:18  차량수신:7199
18:00:18  시각ms:792403
18:00:18  IMU시각ms:792403
18:00:18  위험:0
18:00:18  GPS유효:1
18:00:18  위도:37.496487
18:00:18  경도:126.957985
18:00:18  속도:0.244
18:00:18  방향:167.4
18:00:18  GPS원시속도:0.154
18:00:18  GPS원시방향유효:1
18:00:18  GPS원시방향:167.4
18:00:18  가속도:2.916,2.207,4.353
18:00:18  자이로:1.855,11.954,-0.710
18:00:18  자력계:-37.500,47.550,13.500
18:00:18  송신:7743
18:00:18  GPS위성:7
18:00:18  GPS_HDOP:1.26
18:00:18  원시위도:37.496487
18:00:18  원시경도:126.957982
18:00:18  GPS채택:1475
18:00:18  GPS이상치거부:0
18:00:18  GPS품질거부:1
18:00:18  GPS재기준:0
18:00:18  RSSI원시:-68
18:00:18  RSSI평활:-67.3
18:00:18  RSSI샘플:14657
18:00:18  RSSI경과ms:48
18:00:18  차량수신:7199
18:00:18  시각ms:792459
18:00:18  IMU시각ms:792459
18:00:18  위험:0
18:00:18  GPS유효:1
18:00:18  위도:37.496487
18:00:18  경도:126.957985
18:00:18  속도:0.244
18:00:18  방향:167.4
18:00:18  GPS원시속도:0.154
18:00:18  GPS원시방향유효:1
18:00:18  GPS원시방향:167.4
18:00:18  가속도:5.143,4.760,7.714
18:00:18  자이로:20.290,-9.557,2.832
18:00:18  자력계:-36.000,48.300,12.750
18:00:18  송신:7744
18:00:18  GPS위성:7
18:00:18  GPS_HDOP:1.26
18:00:18  원시위도:37.496487
18:00:18  원시경도:126.957982
18:00:18  GPS채택:1475
18:00:18  GPS이상치거부:0
18:00:18  GPS품질거부:1
18:00:18  GPS재기준:0
18:00:18  RSSI원시:-66
18:00:18  RSSI평활:-66.8
18:00:18  RSSI샘플:14659
18:00:18  RSSI경과ms:3
18:00:18  차량수신:7200
18:00:18  시각ms:792481
18:00:18  IMU시각ms:792481
18:00:18  위험:0
18:00:18  GPS유효:1
18:00:18  위도:37.496487
18:00:18  경도:126.957985
18:00:18  속도:0.244
18:00:18  방향:167.4
18:00:18  GPS원시속도:0.154
18:00:18  GPS원시방향유효:1
18:00:18  GPS원시방향:167.4
18:00:18  가속도:7.882,6.086,9.783
18:00:18  자이로:-0.725,-23.718,1.664
18:00:18  자력계:-35.700,50.850,14.700
18:00:18  송신:7744
18:00:18  GPS위성:7
18:00:18  GPS_HDOP:1.26
18:00:18  원시위도:37.496487
18:00:18  원시경도:126.957982
18:00:18  GPS채택:1475
18:00:18  GPS이상치거부:0
18:00:18  GPS품질거부:1
18:00:18  GPS재기준:0
18:00:18  RSSI원시:-66
18:00:18  RSSI평활:-66.8
18:00:18  RSSI샘플:14659
18:00:18  RSSI경과ms:25
18:00:18  차량수신:7200
18:00:18  시각ms:792503
18:00:18  IMU시각ms:792503
18:00:18  위험:0
18:00:18  GPS유효:1
18:00:18  위도:37.496487
18:00:18  경도:126.957985
18:00:18  속도:0.244
18:00:18  방향:167.4
18:00:18  GPS원시속도:0.154
18:00:18  GPS원시방향유효:1
18:00:18  GPS원시방향:167.4
18:00:18  가속도:8.911,6.172,9.639
18:00:18  자이로:-23.649,-62.969,-1.588
18:00:18  자력계:-36.750,49.200,13.800
18:00:18  송신:7744
18:00:18  GPS위성:7
18:00:18  GPS_HDOP:1.26
18:00:18  원시위도:37.496487
18:00:18  원시경도:126.957982
18:00:18  GPS채택:1475
18:00:18  GPS이상치거부:0
18:00:18  GPS품질거부:1
18:00:18  GPS재기준:0
18:00:18  RSSI원시:-66
18:00:18  RSSI평활:-66.8
18:00:18  RSSI샘플:14659
18:00:18  RSSI경과ms:47
18:00:18  차량수신:7200
18:00:18  시각ms:792525
18:00:18  IMU시각ms:792525
18:00:18  위험:0
18:00:18  GPS유효:1
18:00:18  위도:37.496487
18:00:18  경도:126.957985
18:00:18  속도:0.244
18:00:18  방향:167.4
18:00:18  GPS원시속도:0.154
18:00:18  GPS원시방향유효:1
18:00:18  GPS원시방향:167.4
18:00:18  가속도:11.023,-19.613,-19.613
18:00:18  자이로:250.130,179.740,43.664
18:00:18  자력계:-37.500,48.300,15.300
18:00:18  송신:7744
18:00:18  GPS위성:7
18:00:18  GPS_HDOP:1.26
18:00:18  원시위도:37.496487
18:00:18  원시경도:126.957982
18:00:18  GPS채택:1475
18:00:18  GPS이상치거부:0
18:00:18  GPS품질거부:1
18:00:18  GPS재기준:0
18:00:18  RSSI원시:-66
18:00:18  RSSI평활:-66.8
18:00:18  RSSI샘플:14659
18:00:18  RSSI경과ms:69
18:00:18  차량수신:7200
18:00:18  시각ms:792558
18:00:18  IMU시각ms:792558
18:00:18  위험:0
18:00:18  GPS유효:1
18:00:18  위도:37.496487
18:00:18  경도:126.957985
18:00:18  속도:0.244
18:00:18  방향:167.4
18:00:18  GPS원시속도:0.154
18:00:18  GPS원시방향유효:1
18:00:18  GPS원시방향:167.4
18:00:18  가속도:6.431,7.930,5.708
18:00:18  자이로:-98.603,-50.939,-14.664
18:00:18  자력계:-38.700,46.200,13.950
18:00:18  송신:7745
18:00:18  GPS위성:7
18:00:18  GPS_HDOP:1.26
18:00:18  원시위도:37.496487
18:00:18  원시경도:126.957982
18:00:18  GPS채택:1475
18:00:18  GPS이상치거부:0
18:00:18  GPS품질거부:1
18:00:18  GPS재기준:0
18:00:18  RSSI원시:-63
18:00:18  RSSI평활:-65.4
18:00:18  RSSI샘플:14661
18:00:18  RSSI경과ms:3
18:00:18  차량수신:7201
18:00:18  시각ms:792580
18:00:18  IMU시각ms:792580
18:00:18  위험:0
18:00:18  GPS유효:1
18:00:18  위도:37.496487
18:00:18  경도:126.957985
18:00:18  속도:0.244
18:00:18  방향:167.4
18:00:18  GPS원시속도:0.154
18:00:18  GPS원시방향유효:1
18:00:18  GPS원시방향:167.4
18:00:18  가속도:8.255,1.748,-3.467
18:00:18  자이로:-95.901,-39.695,9.916
18:00:18  자력계:-41.400,44.700,11.100
18:00:18  송신:7745
18:00:18  GPS위성:7
18:00:18  GPS_HDOP:1.26
18:00:18  원시위도:37.496487
18:00:18  원시경도:126.957982
18:00:18  GPS채택:1475
18:00:18  GPS이상치거부:0
18:00:18  GPS품질거부:1
18:00:18  GPS재기준:0
18:00:18  RSSI원시:-63
18:00:18  RSSI평활:-65.4
18:00:18  RSSI샘플:14661
18:00:18  RSSI경과ms:25
18:00:18  차량수신:7201
18:00:19  시각ms:792658
18:00:19  IMU시각ms:792646
18:00:19  위험:0
18:00:19  GPS유효:1
18:00:19  위도:37.496487
18:00:19  경도:126.957985
18:00:19  속도:0.244
18:00:19  방향:167.4
18:00:19  GPS원시속도:0.154
18:00:19  GPS원시방향유효:1
18:00:19  GPS원시방향:167.4
18:00:19  가속도:5.047,2.188,5.157
18:00:19  자이로:13.519,32.405,-13.321
18:00:19  자력계:-42.450,43.950,12.150
18:00:19  송신:7746
18:00:19  GPS위성:7
18:00:19  GPS_HDOP:1.26
18:00:19  원시위도:37.496487
18:00:19  원시경도:126.957982
18:00:19  GPS채택:1475
18:00:19  GPS이상치거부:0
18:00:19  GPS품질거부:1
18:00:19  GPS재기준:0
18:00:19  RSSI원시:-59
18:00:19  RSSI평활:-64.2
18:00:19  RSSI샘플:14662
18:00:19  RSSI경과ms:3
18:00:19  차량수신:7201
18:00:19  시각ms:792667
18:00:19  IMU시각ms:792667
18:00:19  위험:0
18:00:19  GPS유효:1
18:00:19  위도:37.496487
18:00:19  경도:126.957977
18:00:19  속도:0.191
18:00:19  방향:167.4
18:00:19  GPS원시속도:0.093
18:00:19  GPS원시방향유효:1
18:00:19  GPS원시방향:167.4
18:00:19  가속도:4.453,3.213,6.555
18:00:19  자이로:7.756,27.916,-17.664
18:00:19  자력계:-42.150,43.950,10.050
18:00:19  송신:7746
18:00:19  GPS위성:7
18:00:19  GPS_HDOP:1.26
18:00:19  원시위도:37.496488
18:00:19  원시경도:126.957978
18:00:19  GPS채택:1476
18:00:19  GPS이상치거부:0
18:00:19  GPS품질거부:1
18:00:19  GPS재기준:0
18:00:19  RSSI원시:-58
18:00:19  RSSI평활:-62.9
18:00:19  RSSI샘플:14663
18:00:19  RSSI경과ms:9
18:00:19  차량수신:7202
18:00:19  시각ms:792689
18:00:19  IMU시각ms:792689
18:00:19  위험:0
18:00:19  GPS유효:1
18:00:19  위도:37.496487
18:00:19  경도:126.957977
18:00:19  속도:0.191
18:00:19  방향:167.4
18:00:19  GPS원시속도:0.093
18:00:19  GPS원시방향유효:1
18:00:19  GPS원시방향:167.4
18:00:19  가속도:4.319,2.557,5.066
18:00:19  자이로:5.382,22.092,-19.008
18:00:19  자력계:-38.700,44.250,12.900
18:00:19  송신:7746
18:00:19  GPS위성:7
18:00:19  GPS_HDOP:1.26
18:00:19  원시위도:37.496488
18:00:19  원시경도:126.957978
18:00:19  GPS채택:1476
18:00:19  GPS이상치거부:0
18:00:19  GPS품질거부:1
18:00:19  GPS재기준:0
18:00:19  RSSI원시:-58
18:00:19  RSSI평활:-62.9
18:00:19  RSSI샘플:14663
18:00:19  RSSI경과ms:31
18:00:19  차량수신:7202
18:00:19  시각ms:792711
18:00:19  IMU시각ms:792711
18:00:19  위험:0
18:00:19  GPS유효:1
18:00:19  위도:37.496487
18:00:19  경도:126.957977
18:00:19  속도:0.191
18:00:19  방향:167.4
18:00:19  GPS원시속도:0.093
18:00:19  GPS원시방향유효:1
18:00:19  GPS원시방향:167.4
18:00:19  가속도:3.812,2.509,5.569
18:00:19  자이로:9.053,16.366,-18.878
18:00:19  자력계:-39.150,45.150,11.100
18:00:19  송신:7746
18:00:19  GPS위성:7
18:00:19  GPS_HDOP:1.26
18:00:19  원시위도:37.496488
18:00:19  원시경도:126.957978
18:00:19  GPS채택:1476
18:00:19  GPS이상치거부:0
18:00:19  GPS품질거부:1
18:00:19  GPS재기준:0
18:00:19  RSSI원시:-58
18:00:19  RSSI평활:-62.9
18:00:19  RSSI샘플:14663
18:00:19  RSSI경과ms:53
18:00:19  차량수신:7202
18:00:19  시각ms:792733
18:00:19  IMU시각ms:792733
18:00:19  위험:0
18:00:19  GPS유효:1
18:00:19  위도:37.496487
18:00:19  경도:126.957977
18:00:19  속도:0.191
18:00:19  방향:167.4
18:00:19  GPS원시속도:0.093
18:00:19  GPS원시방향유효:1
18:00:19  GPS원시방향:167.4
18:00:19  가속도:3.955,2.121,5.258
18:00:19  자이로:9.374,14.756,-20.618
18:00:19  자력계:-40.050,47.250,12.300
18:00:19  송신:7746
18:00:19  GPS위성:7
18:00:19  GPS_HDOP:1.26
18:00:19  원시위도:37.496488
18:00:19  원시경도:126.957978
18:00:19  GPS채택:1476
18:00:19  GPS이상치거부:0
18:00:19  GPS품질거부:1
18:00:19  GPS재기준:0
18:00:19  RSSI원시:-58
18:00:19  RSSI평활:-62.9
18:00:19  RSSI샘플:14663
18:00:19  RSSI경과ms:75
18:00:19  차량수신:7202
18:00:19  시각ms:792768
18:00:19  IMU시각ms:792768
18:00:19  위험:0
18:00:19  GPS유효:1
18:00:19  위도:37.496487
18:00:19  경도:126.957977
18:00:19  속도:0.191
18:00:19  방향:167.4
18:00:19  GPS원시속도:0.093
18:00:19  GPS원시방향유효:1
18:00:19  GPS원시방향:167.4
18:00:19  가속도:3.721,2.586,4.377
18:00:19  자이로:27.137,0.420,-22.641
18:00:19  자력계:-39.000,45.600,11.700
18:00:19  송신:7747
18:00:19  GPS위성:7
18:00:19  GPS_HDOP:1.26
18:00:19  원시위도:37.496488
18:00:19  원시경도:126.957978
18:00:19  GPS채택:1476
18:00:19  GPS이상치거부:0
18:00:19  GPS품질거부:1
18:00:19  GPS재기준:0
18:00:19  RSSI원시:-56
18:00:19  RSSI평활:-60.6
18:00:19  RSSI샘플:14665
18:00:19  RSSI경과ms:6
18:00:19  차량수신:7203
18:00:19  시각ms:792789
18:00:19  IMU시각ms:792789
18:00:19  위험:0
18:00:19  GPS유효:1
18:00:19  위도:37.496487
18:00:19  경도:126.957977
18:00:19  속도:0.157
18:00:19  방향:167.4
18:00:19  GPS원시속도:0.093
18:00:19  GPS원시방향유효:1
18:00:19  GPS원시방향:167.4
18:00:19  가속도:4.041,2.873,4.922
18:00:19  자이로:36.099,-19.656,-21.282
18:00:19  자력계:-39.450,47.400,12.150
18:00:19  송신:7747
18:00:19  GPS위성:7
18:00:19  GPS_HDOP:1.26
18:00:19  원시위도:37.496488
18:00:19  원시경도:126.957978
18:00:19  GPS채택:1477
18:00:19  GPS이상치거부:0
18:00:19  GPS품질거부:1
18:00:19  GPS재기준:0
18:00:19  RSSI원시:-56
18:00:19  RSSI평활:-60.6
18:00:19  RSSI샘플:14665
18:00:19  RSSI경과ms:27
18:00:19  차량수신:7203
18:00:19  시각ms:792833
18:00:19  IMU시각ms:792833
18:00:19  위험:0
18:00:19  GPS유효:1
18:00:19  위도:37.496487
18:00:19  경도:126.957977
18:00:19  속도:0.157
18:00:19  방향:167.4
18:00:19  GPS원시속도:0.093
18:00:19  GPS원시방향유효:1
18:00:19  GPS원시방향:167.4
18:00:19  가속도:6.761,4.209,9.045
18:00:19  자이로:24.046,-31.840,-9.878
18:00:19  자력계:-42.150,49.650,11.100
18:00:19  송신:7747
18:00:19  GPS위성:7
18:00:19  GPS_HDOP:1.26
18:00:19  원시위도:37.496488
18:00:19  원시경도:126.957978
18:00:19  GPS채택:1477
18:00:19  GPS이상치거부:0
18:00:19  GPS품질거부:1
18:00:19  GPS재기준:0
18:00:19  RSSI원시:-56
18:00:19  RSSI평활:-60.6
18:00:19  RSSI샘플:14665
18:00:19  RSSI경과ms:71
18:00:19  차량수신:7203
18:00:19  시각ms:792868
18:00:19  IMU시각ms:792868
18:00:19  위험:0
18:00:19  GPS유효:1
18:00:19  위도:37.496487
18:00:19  경도:126.957977
18:00:19  속도:0.157
18:00:19  방향:167.4
18:00:19  GPS원시속도:0.093
18:00:19  GPS원시방향유효:1
18:00:19  GPS원시방향:167.4
18:00:19  가속도:-2.605,-4.635,-19.613
18:00:19  자이로:-46.672,1.847,32.542
18:00:19  자력계:-42.450,50.100,11.100
18:00:19  송신:7748
18:00:19  GPS위성:7
18:00:19  GPS_HDOP:1.26
18:00:19  원시위도:37.496488
18:00:19  원시경도:126.957978
18:00:19  GPS채택:1477
18:00:19  GPS이상치거부:0
18:00:19  GPS품질거부:1
18:00:19  GPS재기준:0
18:00:19  RSSI원시:-56
18:00:19  RSSI평활:-58.9
18:00:19  RSSI샘플:14667
18:00:19  RSSI경과ms:6
18:00:19  차량수신:7204
18:00:19  시각ms:792911
18:00:19  IMU시각ms:792911
18:00:19  위험:0
18:00:19  GPS유효:1
18:00:19  위도:37.496487
18:00:19  경도:126.957977
18:00:19  속도:0.157
18:00:19  방향:167.4
18:00:19  GPS원시속도:0.093
18:00:19  GPS원시방향유효:1
18:00:19  GPS원시방향:167.4
18:00:19  가속도:6.718,-0.436,-4.305
18:00:19  자이로:10.214,24.931,-0.351
18:00:19  자력계:-41.250,49.200,12.300
18:00:19  송신:7748
18:00:19  GPS위성:7
18:00:19  GPS_HDOP:1.26
18:00:19  원시위도:37.496488
18:00:19  원시경도:126.957978
18:00:19  GPS채택:1477
18:00:19  GPS이상치거부:0
18:00:19  GPS품질거부:1
18:00:19  GPS재기준:0
18:00:19  RSSI원시:-56
18:00:19  RSSI평활:-58.9
18:00:19  RSSI샘플:14667
18:00:19  RSSI경과ms:49
18:00:19  차량수신:7204
18:00:19  시각ms:792933
18:00:19  IMU시각ms:792933
18:00:19  위험:0
18:00:19  GPS유효:1
18:00:19  위도:37.496487
18:00:19  경도:126.957977
18:00:19  속도:0.157
18:00:19  방향:167.4
18:00:19  GPS원시속도:0.093
18:00:19  GPS원시방향유효:1
18:00:19  GPS원시방향:167.4
18:00:19  가속도:8.346,5.406,9.160
18:00:19  자이로:-19.695,-5.870,1.298
18:00:19  자력계:-40.500,49.950,12.000
18:00:19  송신:7748
18:00:19  GPS위성:7
18:00:19  GPS_HDOP:1.26
18:00:19  원시위도:37.496488
18:00:19  원시경도:126.957978
18:00:19  GPS채택:1477
18:00:19  GPS이상치거부:0
18:00:19  GPS품질거부:1
18:00:19  GPS재기준:0
18:00:19  RSSI원시:-56
18:00:19  RSSI평활:-58.9
18:00:19  RSSI샘플:14667
18:00:19  RSSI경과ms:71
18:00:19  차량수신:7204
18:00:19  시각ms:792968
18:00:19  IMU시각ms:792968
18:00:19  위험:0
18:00:19  GPS유효:1
18:00:19  위도:37.496487
18:00:19  경도:126.957977
18:00:19  속도:0.157
18:00:19  방향:167.4
18:00:19  GPS원시속도:0.093
18:00:19  GPS원시방향유효:1
18:00:19  GPS원시방향:167.4
18:00:19  가속도:7.049,3.692,4.654
18:00:19  자이로:-20.824,-28.076,-9.466
18:00:19  자력계:-43.500,49.200,12.000
18:00:19  송신:7749
18:00:19  GPS위성:7
18:00:19  GPS_HDOP:1.26
18:00:19  원시위도:37.496488
18:00:19  원시경도:126.957978
18:00:19  GPS채택:1477
18:00:19  GPS이상치거부:0
18:00:19  GPS품질거부:1
18:00:19  GPS재기준:0
18:00:19  RSSI원시:-56
18:00:19  RSSI평활:-57.9
18:00:19  RSSI샘플:14669
18:00:19  RSSI경과ms:5
18:00:19  차량수신:7205
18:00:19  시각ms:792989
18:00:19  IMU시각ms:792989
18:00:19  위험:0
18:00:19  GPS유효:1
18:00:19  위도:37.496487
18:00:19  경도:126.957977
18:00:19  속도:0.157
18:00:19  방향:167.4
18:00:19  GPS원시속도:0.093
18:00:19  GPS원시방향유효:1
18:00:19  GPS원시방향:167.4
18:00:19  가속도:6.517,4.999,6.541
18:00:19  자이로:-47.870,-41.061,-9.122
18:00:19  자력계:-41.550,48.000,10.200
18:00:19  송신:7749
18:00:19  GPS위성:7
18:00:19  GPS_HDOP:1.26
18:00:19  원시위도:37.496488
18:00:19  원시경도:126.957978
18:00:19  GPS채택:1477
18:00:19  GPS이상치거부:0
18:00:19  GPS품질거부:1
18:00:19  GPS재기준:0
18:00:19  RSSI원시:-56
18:00:19  RSSI평활:-57.9
18:00:19  RSSI샘플:14669
18:00:19  RSSI경과ms:26
18:00:19  차량수신:7205
18:00:19  시각ms:793011
18:00:19  IMU시각ms:793011
18:00:19  위험:0
18:00:19  GPS유효:1
18:00:19  위도:37.496487
18:00:19  경도:126.957977
18:00:19  속도:0.157
18:00:19  방향:167.4
18:00:19  GPS원시속도:0.093
18:00:19  GPS원시방향유효:1
18:00:19  GPS원시방향:167.4
18:00:19  가속도:5.914,3.658,3.874
18:00:19  자이로:-53.092,-30.191,-7.534
18:00:19  자력계:-42.450,48.600,9.300
18:00:19  송신:7749
18:00:19  GPS위성:7
18:00:19  GPS_HDOP:1.26
18:00:19  원시위도:37.496488
18:00:19  원시경도:126.957978
18:00:19  GPS채택:1477
18:00:19  GPS이상치거부:0
18:00:19  GPS품질거부:1
18:00:19  GPS재기준:0
18:00:19  RSSI원시:-56
18:00:19  RSSI평활:-57.9
18:00:19  RSSI샘플:14669
18:00:19  RSSI경과ms:48
18:00:19  차량수신:7205
18:00:19  시각ms:793033
18:00:19  IMU시각ms:793033
18:00:19  위험:0
18:00:19  GPS유효:1
18:00:19  위도:37.496487
18:00:19  경도:126.957977
18:00:19  속도:0.157
18:00:19  방향:167.4
18:00:19  GPS원시속도:0.093
18:00:19  GPS원시방향유효:1
18:00:19  GPS원시방향:167.4
18:00:19  가속도:5.535,3.041,4.626
18:00:19  자이로:-33.061,-14.260,-3.481
18:00:19  자력계:-42.750,48.300,11.250
18:00:19  송신:7749
18:00:19  GPS위성:7
18:00:19  GPS_HDOP:1.26
18:00:19  원시위도:37.496488
18:00:19  원시경도:126.957978
18:00:19  GPS채택:1477
18:00:19  GPS이상치거부:0
18:00:19  GPS품질거부:1
18:00:19  GPS재기준:0
18:00:19  RSSI원시:-56
18:00:19  RSSI평활:-57.9
18:00:19  RSSI샘플:14669
18:00:19  RSSI경과ms:70
18:00:19  차량수신:7205
18:00:19  시각ms:793068
18:00:19  IMU시각ms:793068
18:00:19  위험:0
18:00:19  GPS유효:1
18:00:19  위도:37.496487
18:00:19  경도:126.957977
18:00:19  속도:0.157
18:00:19  방향:167.4
18:00:19  GPS원시속도:0.093
18:00:19  GPS원시방향유효:1
18:00:19  GPS원시방향:167.4
18:00:19  가속도:4.659,2.452,3.850
18:00:19  자이로:6.466,24.382,-0.679
18:00:19  자력계:-43.650,47.850,12.150
18:00:19  송신:7750
18:00:19  GPS위성:7
18:00:19  GPS_HDOP:1.26
18:00:19  원시위도:37.496488
18:00:19  원시경도:126.957978
18:00:19  GPS채택:1477
18:00:19  GPS이상치거부:0
18:00:19  GPS품질거부:1
18:00:19  GPS재기준:0
18:00:19  RSSI원시:-57
18:00:19  RSSI평활:-57.6
18:00:19  RSSI샘플:14671
18:00:19  RSSI경과ms:2
18:00:19  차량수신:7206
18:00:19  시각ms:793089
18:00:19  IMU시각ms:793089
18:00:19  위험:0
18:00:19  GPS유효:1
18:00:19  위도:37.496487
18:00:19  경도:126.957977
18:00:19  속도:0.157
18:00:19  방향:167.4
18:00:19  GPS원시속도:0.093
18:00:19  GPS원시방향유효:1
18:00:19  GPS원시방향:167.4
18:00:19  가속도:4.405,2.332,5.009
18:00:19  자이로:19.046,36.504,0.153
18:00:19  자력계:-43.650,46.950,9.600
18:00:19  송신:7750
18:00:19  GPS위성:7
18:00:19  GPS_HDOP:1.26
18:00:19  원시위도:37.496488
18:00:19  원시경도:126.957978
18:00:19  GPS채택:1477
18:00:19  GPS이상치거부:0
18:00:19  GPS품질거부:1
18:00:19  GPS재기준:0
18:00:19  RSSI원시:-57
18:00:19  RSSI평활:-57.6
18:00:19  RSSI샘플:14671
18:00:19  RSSI경과ms:23
18:00:19  차량수신:7206
18:00:19  시각ms:793111
18:00:19  IMU시각ms:793111
18:00:19  위험:0
18:00:19  GPS유효:1
18:00:19  위도:37.496487
18:00:19  경도:126.957977
18:00:19  속도:0.157
18:00:19  방향:167.4
18:00:19  GPS원시속도:0.093
18:00:19  GPS원시방향유효:1
18:00:19  GPS원시방향:167.4
18:00:19  가속도:4.123,2.485,4.884
18:00:19  자이로:19.565,33.649,2.260
18:00:19  자력계:-41.700,47.400,11.100
18:00:19  송신:7750
18:00:19  GPS위성:7
18:00:19  GPS_HDOP:1.26
18:00:19  원시위도:37.496488
18:00:19  원시경도:126.957978
18:00:19  GPS채택:1477
18:00:19  GPS이상치거부:0
18:00:19  GPS품질거부:1
18:00:19  GPS재기준:0
18:00:19  RSSI원시:-57
18:00:19  RSSI평활:-57.6
18:00:19  RSSI샘플:14671
18:00:19  RSSI경과ms:45
18:00:19  차량수신:7206
18:00:19  시각ms:793133
18:00:19  IMU시각ms:793133
18:00:19  위험:0
18:00:19  GPS유효:1
18:00:19  위도:37.496487
18:00:19  경도:126.957977
18:00:19  속도:0.157
18:00:19  방향:167.4
18:00:19  GPS원시속도:0.093
18:00:19  GPS원시방향유효:1
18:00:19  GPS원시방향:167.4
18:00:19  가속도:3.203,2.777,4.458
18:00:19  자이로:18.725,21.794,4.802
18:00:19  자력계:-42.300,46.800,12.300
18:00:19  송신:7750
18:00:19  GPS위성:7
18:00:19  GPS_HDOP:1.26
18:00:19  원시위도:37.496488
18:00:19  원시경도:126.957978
18:00:19  GPS채택:1477
18:00:19  GPS이상치거부:0
18:00:19  GPS품질거부:1
18:00:19  GPS재기준:0
18:00:19  RSSI원시:-57
18:00:19  RSSI평활:-57.6
18:00:19  RSSI샘플:14671
18:00:19  RSSI경과ms:67
18:00:19  차량수신:7206
18:00:19  시각ms:793167
18:00:19  IMU시각ms:793167
18:00:19  위험:0
18:00:19  GPS유효:1
18:00:19  위도:37.496487
18:00:19  경도:126.957977
18:00:19  속도:0.157
18:00:19  방향:167.4
18:00:19  GPS원시속도:0.093
18:00:19  GPS원시방향유효:1
18:00:19  GPS원시방향:167.4
18:00:19  가속도:3.031,3.338,4.032
18:00:19  자이로:29.397,-11.252,2.458
18:00:19  자력계:-40.200,48.900,10.650
18:00:19  송신:7751
18:00:19  GPS위성:7
18:00:19  GPS_HDOP:1.26
18:00:19  원시위도:37.496488
18:00:19  원시경도:126.957978
18:00:19  GPS채택:1477
18:00:19  GPS이상치거부:0
18:00:19  GPS품질거부:1
18:00:19  GPS재기준:0
18:00:19  RSSI원시:-57
18:00:19  RSSI평활:-57.5
18:00:19  RSSI샘플:14672
18:00:19  RSSI경과ms:7
18:00:19  차량수신:7206
18:00:19  시각ms:793233
18:00:19  IMU시각ms:793233
18:00:19  위험:0
18:00:19  GPS유효:1
18:00:19  위도:37.496487
18:00:19  경도:126.957977
18:00:19  속도:0.157
18:00:19  방향:167.4
18:00:19  GPS원시속도:0.093
18:00:19  GPS원시방향유효:1
18:00:19  GPS원시방향:167.4
18:00:19  가속도:-19.613,19.613,19.613
18:00:19  자이로:-250.137,-4.115,99.191
18:00:19  자력계:-43.200,50.100,12.900
18:00:19  송신:7751
18:00:19  GPS위성:7
18:00:19  GPS_HDOP:1.26
18:00:19  원시위도:37.496488
18:00:19  원시경도:126.957978
18:00:19  GPS채택:1477
18:00:19  GPS이상치거부:0
18:00:19  GPS품질거부:1
18:00:19  GPS재기준:0
18:00:19  RSSI원시:-56
18:00:19  RSSI평활:-57.2
18:00:19  RSSI샘플:14673
18:00:19  RSSI경과ms:64
18:00:19  차량수신:7207
18:00:19  시각ms:793266
18:00:19  IMU시각ms:793266
18:00:19  위험:0
18:00:19  GPS유효:1
18:00:19  위도:37.496487
18:00:19  경도:126.957977
18:00:19  속도:0.157
18:00:19  방향:167.4
18:00:19  GPS원시속도:0.093
18:00:19  GPS원시방향유효:1
18:00:19  GPS원시방향:167.4
18:00:19  가속도:9.792,6.292,9.103
18:00:19  자이로:36.313,53.710,-14.267
18:00:19  자력계:-42.300,48.300,11.700
18:00:19  송신:7752
18:00:19  GPS위성:7
18:00:19  GPS_HDOP:1.26
18:00:19  원시위도:37.496488
18:00:19  원시경도:126.957978
18:00:19  GPS채택:1477
18:00:19  GPS이상치거부:0
18:00:19  GPS품질거부:1
18:00:19  GPS재기준:0
18:00:19  RSSI원시:-56
18:00:19  RSSI평활:-56.9
18:00:19  RSSI샘플:14674
18:00:19  RSSI경과ms:9
18:00:19  차량수신:7207
18:00:19  시각ms:793288
18:00:19  IMU시각ms:793288
18:00:19  위험:0
18:00:19  GPS유효:1
18:00:19  위도:37.496487
18:00:19  경도:126.957977
18:00:19  속도:0.157
18:00:19  방향:167.4
18:00:19  GPS원시속도:0.093
18:00:19  GPS원시방향유효:1
18:00:19  GPS원시방향:167.4
18:00:19  가속도:15.107,0.096,15.711
18:00:19  자이로:62.046,33.290,-2.947
18:00:19  자력계:-40.800,49.200,13.800
18:00:19  송신:7752
18:00:19  GPS위성:7
18:00:19  GPS_HDOP:1.26
18:00:19  원시위도:37.496488
18:00:19  원시경도:126.957978
18:00:19  GPS채택:1477
18:00:19  GPS이상치거부:0
18:00:19  GPS품질거부:1
18:00:19  GPS재기준:0
18:00:19  RSSI원시:-56
18:00:19  RSSI평활:-56.7
18:00:19  RSSI샘플:14675
18:00:19  RSSI경과ms:11
18:00:19  차량수신:7208
18:00:19  시각ms:793310
18:00:19  IMU시각ms:793310
18:00:19  위험:0
18:00:19  GPS유효:1
18:00:19  위도:37.496487
18:00:19  경도:126.957977
18:00:19  속도:0.157
18:00:19  방향:167.4
18:00:19  GPS원시속도:0.093
18:00:19  GPS원시방향유효:1
18:00:19  GPS원시방향:167.4
18:00:19  가속도:8.274,4.894,9.649
18:00:19  자이로:14.672,27.473,1.061
18:00:19  자력계:-40.200,50.100,13.650
18:00:19  송신:7752
18:00:19  GPS위성:7
18:00:19  GPS_HDOP:1.26
18:00:19  원시위도:37.496488
18:00:19  원시경도:126.957978
18:00:19  GPS채택:1477
18:00:19  GPS이상치거부:0
18:00:19  GPS품질거부:1
18:00:19  GPS재기준:0
18:00:19  RSSI원시:-56
18:00:19  RSSI평활:-56.7
18:00:19  RSSI샘플:14675
18:00:19  RSSI경과ms:33
18:00:19  차량수신:7208
18:00:19  시각ms:793332
18:00:19  IMU시각ms:793332
18:00:19  위험:0
18:00:19  GPS유효:1
18:00:19  위도:37.496487
18:00:19  경도:126.957977
18:00:19  속도:0.157
18:00:19  방향:167.4
18:00:19  GPS원시속도:0.093
18:00:19  GPS원시방향유효:1
18:00:19  GPS원시방향:167.4
18:00:19  가속도:4.477,5.004,5.401
18:00:19  자이로:-0.382,6.840,-5.229
18:00:19  자력계:-40.050,51.750,13.050
18:00:19  송신:7752
18:00:19  GPS위성:7
18:00:19  GPS_HDOP:1.26
18:00:19  원시위도:37.496488
18:00:19  원시경도:126.957978
18:00:19  GPS채택:1477
18:00:19  GPS이상치거부:0
18:00:19  GPS품질거부:1
18:00:19  GPS재기준:0
18:00:19  RSSI원시:-56
18:00:19  RSSI평활:-56.7
18:00:19  RSSI샘플:14675
18:00:19  RSSI경과ms:55
18:00:19  차량수신:7208
18:00:19  시각ms:793374
18:00:19  IMU시각ms:793374
18:00:19  위험:0
18:00:19  GPS유효:1
18:00:19  위도:37.496487
18:00:19  경도:126.957977
18:00:19  속도:0.157
18:00:19  방향:167.4
18:00:19  GPS원시속도:0.093
18:00:19  GPS원시방향유효:1
18:00:19  GPS원시방향:167.4
18:00:19  가속도:5.899,4.578,11.468
18:00:19  자이로:-42.763,-24.542,-3.397
18:00:19  자력계:-39.150,50.400,14.700
18:00:19  송신:7753
18:00:19  GPS위성:7
18:00:19  GPS_HDOP:1.26
18:00:19  원시위도:37.496488
18:00:19  원시경도:126.957978
18:00:19  GPS채택:1477
18:00:19  GPS이상치거부:0
18:00:19  GPS품질거부:1
18:00:19  GPS재기준:0
18:00:19  RSSI원시:-56
18:00:19  RSSI평활:-56.6
18:00:19  RSSI샘플:14676
18:00:19  RSSI경과ms:14
18:00:19  차량수신:7208
18:00:19  시각ms:793396
18:00:19  IMU시각ms:793396
18:00:19  위험:0
18:00:19  GPS유효:1
18:00:19  위도:37.496487
18:00:19  경도:126.957977
18:00:19  속도:0.157
18:00:19  방향:167.4
18:00:19  GPS원시속도:0.093
18:00:19  GPS원시방향유효:1
18:00:19  GPS원시방향:167.4
18:00:19  가속도:5.760,3.773,5.578
18:00:19  자이로:-52.870,-43.130,3.221
18:00:19  자력계:-39.300,50.700,15.600
18:00:19  송신:7753
18:00:19  GPS위성:7
18:00:19  GPS_HDOP:1.26
18:00:19  원시위도:37.496488
18:00:19  원시경도:126.957978
18:00:19  GPS채택:1477
18:00:19  GPS이상치거부:0
18:00:19  GPS품질거부:1
18:00:19  GPS재기준:0
18:00:19  RSSI원시:-56
18:00:19  RSSI평활:-56.5
18:00:19  RSSI샘플:14677
18:00:19  RSSI경과ms:12
18:00:19  차량수신:7209
18:00:19  시각ms:793418
18:00:19  IMU시각ms:793418
18:00:19  위험:0
18:00:19  GPS유효:1
18:00:19  위도:37.496487
18:00:19  경도:126.957977
18:00:19  속도:0.157
18:00:19  방향:167.4
18:00:19  GPS원시속도:0.093
18:00:19  GPS원시방향유효:1
18:00:19  GPS원시방향:167.4
18:00:19  가속도:4.300,4.559,5.578
18:00:19  자이로:-42.069,-28.107,2.901
18:00:19  자력계:-41.700,48.150,13.650
18:00:19  송신:7753
18:00:19  GPS위성:7
18:00:19  GPS_HDOP:1.26
18:00:19  원시위도:37.496488
18:00:19  원시경도:126.957978
18:00:19  GPS채택:1477
18:00:19  GPS이상치거부:0
18:00:19  GPS품질거부:1
18:00:19  GPS재기준:0
18:00:19  RSSI원시:-56
18:00:19  RSSI평활:-56.5
18:00:19  RSSI샘플:14677
18:00:19  RSSI경과ms:34
18:00:19  차량수신:7209
18:00:19  시각ms:793440
18:00:19  IMU시각ms:793440
18:00:19  위험:0
18:00:19  GPS유효:1
18:00:19  위도:37.496487
18:00:19  경도:126.957977
18:00:19  속도:0.157
18:00:19  방향:167.4
18:00:19  GPS원시속도:0.093
18:00:19  GPS원시방향유효:1
18:00:19  GPS원시방향:167.4
18:00:19  가속도:4.300,5.013,6.153
18:00:19  자이로:-4.420,-4.023,-0.107
18:00:19  자력계:-41.700,45.150,11.850
18:00:19  송신:7753
18:00:19  GPS위성:7
18:00:19  GPS_HDOP:1.26
18:00:19  원시위도:37.496488
18:00:19  원시경도:126.957978
18:00:19  GPS채택:1477
18:00:19  GPS이상치거부:0
18:00:19  GPS품질거부:1
18:00:19  GPS재기준:0
18:00:19  RSSI원시:-56
18:00:19  RSSI평활:-56.5
18:00:19  RSSI샘플:14677
18:00:19  RSSI경과ms:56
18:00:19  차량수신:7209
18:00:19  시각ms:793473
18:00:19  IMU시각ms:793473
18:00:19  위험:0
18:00:19  GPS유효:1
18:00:19  위도:37.496487
18:00:19  경도:126.957977
18:00:19  속도:0.157
18:00:19  방향:167.4
18:00:19  GPS원시속도:0.093
18:00:19  GPS원시방향유효:1
18:00:19  GPS원시방향:167.4
18:00:19  가속도:5.981,4.463,6.297
18:00:19  자이로:21.458,20.351,1.107
18:00:19  자력계:-40.800,48.300,15.600
18:00:19  송신:7754
18:00:19  GPS위성:7
18:00:19  GPS_HDOP:1.26
18:00:19  원시위도:37.496488
18:00:19  원시경도:126.957978
18:00:19  GPS채택:1477
18:00:19  GPS이상치거부:0
18:00:19  GPS품질거부:1
18:00:19  GPS재기준:0
18:00:19  RSSI원시:-57
18:00:19  RSSI평활:-56.6
18:00:19  RSSI샘플:14678
18:00:19  RSSI경과ms:5
18:00:19  차량수신:7209
18:00:19  시각ms:793517
18:00:19  IMU시각ms:793517
18:00:19  위험:0
18:00:19  GPS유효:1
18:00:19  위도:37.496487
18:00:19  경도:126.957977
18:00:20  속도:0.157
18:00:20  방향:167.4
18:00:20  GPS원시속도:0.093
18:00:20  GPS원시방향유효:1
18:00:20  GPS원시방향:167.4
18:00:20  가속도:5.933,5.061,8.317
18:00:20  자이로:18.351,18.336,0.634
18:00:20  자력계:-40.050,48.300,15.600
18:00:20  송신:7754
18:00:20  GPS위성:7
18:00:20  GPS_HDOP:1.26
18:00:20  원시위도:37.496488
18:00:20  원시경도:126.957978
18:00:20  GPS채택:1477
18:00:20  GPS이상치거부:0
18:00:20  GPS품질거부:1
18:00:20  GPS재기준:0
18:00:20  RSSI원시:-56
18:00:20  RSSI평활:-56.5
18:00:20  RSSI샘플:14679
18:00:20  RSSI경과ms:34
18:00:20  차량수신:7210
18:00:20  시각ms:793539
18:00:20  IMU시각ms:793539
18:00:20  위험:0
18:00:20  GPS유효:1
18:00:20  위도:37.496487
18:00:20  경도:126.957977
18:00:20  속도:0.157
18:00:20  방향:167.4
18:00:20  GPS원시속도:0.093
18:00:20  GPS원시방향유효:1
18:00:20  GPS원시방향:167.4
18:00:20  가속도:6.632,5.325,6.455
18:00:20  자이로:2.786,7.481,-4.840
18:00:20  자력계:-39.000,48.750,14.250
18:00:20  송신:7754
18:00:20  GPS위성:7
18:00:20  GPS_HDOP:1.26
18:00:20  원시위도:37.496488
18:00:20  원시경도:126.957978
18:00:20  GPS채택:1477
18:00:20  GPS이상치거부:0
18:00:20  GPS품질거부:1
18:00:20  GPS재기준:0
18:00:20  RSSI원시:-56
18:00:20  RSSI평활:-56.5
18:00:20  RSSI샘플:14679
18:00:20  RSSI경과ms:56
18:00:20  차량수신:7210
18:00:20  시각ms:793573
18:00:20  IMU시각ms:793561
18:00:20  위험:0
18:00:20  GPS유효:1
18:00:20  위도:37.496487
18:00:20  경도:126.957977
18:00:20  속도:0.157
18:00:20  방향:167.4
18:00:20  GPS원시속도:0.093
18:00:20  GPS원시방향유효:1
18:00:20  GPS원시방향:167.4
18:00:20  가속도:5.286,5.612,7.197
18:00:20  자이로:8.145,5.534,-0.023
18:00:20  자력계:-39.450,47.850,14.400
18:00:20  송신:7755
18:00:20  GPS위성:7
18:00:20  GPS_HDOP:1.26
18:00:20  원시위도:37.496488
18:00:20  원시경도:126.957978
18:00:20  GPS채택:1477
18:00:20  GPS이상치거부:0
18:00:20  GPS품질거부:1
18:00:20  GPS재기준:0
18:00:20  RSSI원시:-56
18:00:20  RSSI평활:-56.5
18:00:20  RSSI샘플:14679
18:00:20  RSSI경과ms:90
18:00:20  차량수신:7210
18:00:20  시각ms:793581
18:00:20  IMU시각ms:793581
18:00:20  위험:0
18:00:20  GPS유효:1
18:00:20  위도:37.496487
18:00:20  경도:126.957977
18:00:20  속도:0.157
18:00:20  방향:167.4
18:00:20  GPS원시속도:0.093
18:00:20  GPS원시방향유효:1
18:00:20  GPS원시방향:167.4
18:00:20  가속도:5.401,4.386,5.971
18:00:20  자이로:8.931,8.237,1.130
18:00:20  자력계:-39.300,47.250,13.800
18:00:20  송신:7755
18:00:20  GPS위성:7
18:00:20  GPS_HDOP:1.26
18:00:20  원시위도:37.496488
18:00:20  원시경도:126.957978
18:00:20  GPS채택:1477
18:00:20  GPS이상치거부:0
18:00:20  GPS품질거부:1
18:00:20  GPS재기준:0
18:00:20  RSSI원시:-57
18:00:20  RSSI평활:-56.6
18:00:20  RSSI샘플:14680
18:00:20  RSSI경과ms:3
18:00:20  차량수신:7210
18:00:20  시각ms:793603
18:00:20  IMU시각ms:793603
18:00:20  위험:0
18:00:20  GPS유효:1
18:00:20  위도:37.496487
18:00:20  경도:126.957977
18:00:20  속도:0.157
18:00:20  방향:167.4
18:00:20  GPS원시속도:0.093
18:00:20  GPS원시방향유효:1
18:00:20  GPS원시방향:167.4
18:00:20  가속도:4.875,3.941,6.100
18:00:20  자이로:-33.588,-31.954,0.557
18:00:20  자력계:-39.450,48.900,13.650
18:00:20  송신:7755
18:00:20  GPS위성:7
18:00:20  GPS_HDOP:1.26
18:00:20  원시위도:37.496488
18:00:20  원시경도:126.957978
18:00:20  GPS채택:1477
18:00:20  GPS이상치거부:0
18:00:20  GPS품질거부:1
18:00:20  GPS재기준:0
18:00:20  RSSI원시:-58
18:00:20  RSSI평활:-56.9
18:00:20  RSSI샘플:14681
18:00:20  RSSI경과ms:17
18:00:20  차량수신:7211
18:00:20  시각ms:793625
18:00:20  IMU시각ms:793625
18:00:20  위험:0
18:00:20  GPS유효:1
18:00:20  위도:37.496487
18:00:20  경도:126.957977
18:00:20  속도:0.157
18:00:20  방향:167.4
18:00:20  GPS원시속도:0.093
18:00:20  GPS원시방향유효:1
18:00:20  GPS원시방향:167.4
18:00:20  가속도:4.520,5.042,5.717
18:00:20  자이로:-49.947,-29.679,-3.198
18:00:20  자력계:-39.450,48.150,14.700
18:00:20  송신:7755
18:00:20  GPS위성:7
18:00:20  GPS_HDOP:1.26
18:00:20  원시위도:37.496488
18:00:20  원시경도:126.957978
18:00:20  GPS채택:1477
18:00:20  GPS이상치거부:0
18:00:20  GPS품질거부:1
18:00:20  GPS재기준:0
18:00:20  RSSI원시:-58
18:00:20  RSSI평활:-56.9
18:00:20  RSSI샘플:14681
18:00:20  RSSI경과ms:39
18:00:20  차량수신:7211
18:00:20  시각ms:793647
18:00:20  IMU시각ms:793647
18:00:20  위험:0
18:00:20  GPS유효:1
18:00:20  위도:37.496487
18:00:20  경도:126.957977
18:00:20  속도:0.157
18:00:20  방향:167.4
18:00:20  GPS원시속도:0.093
18:00:20  GPS원시방향유효:1
18:00:20  GPS원시방향:167.4
18:00:20  가속도:4.717,4.788,6.560
18:00:20  자이로:-18.115,-5.855,0.687
18:00:20  자력계:-39.750,47.250,13.500
18:00:20  송신:7755
18:00:20  GPS위성:7
18:00:20  GPS_HDOP:1.26
18:00:20  원시위도:37.496488
18:00:20  원시경도:126.957978
18:00:20  GPS채택:1477
18:00:20  GPS이상치거부:0
18:00:20  GPS품질거부:1
18:00:20  GPS재기준:0
18:00:20  RSSI원시:-58
18:00:20  RSSI평활:-56.9
18:00:20  RSSI샘플:14681
18:00:20  RSSI경과ms:61
18:00:20  차량수신:7211
18:00:20  시각ms:793682
18:00:20  IMU시각ms:793682
18:00:20  위험:0
18:00:20  GPS유효:1
18:00:20  위도:37.496490
18:00:20  경도:126.957977
18:00:20  속도:0.143
18:00:20  방향:167.4
18:00:20  GPS원시속도:0.118
18:00:20  GPS원시방향유효:1
18:00:20  GPS원시방향:167.4
18:00:20  가속도:5.598,4.353,5.617
18:00:20  자이로:2.382,4.221,0.626
18:00:20  자력계:-40.050,46.050,13.800
18:00:20  송신:7756
18:00:20  GPS위성:7
18:00:20  GPS_HDOP:1.26
18:00:20  원시위도:37.496491
18:00:20  원시경도:126.957974
18:00:20  GPS채택:1478
18:00:20  GPS이상치거부:0
18:00:20  GPS품질거부:1
18:00:20  GPS재기준:0
18:00:20  RSSI원시:-58
18:00:20  RSSI평활:-57.1
18:00:20  RSSI샘플:14682
18:00:20  RSSI경과ms:8
18:00:20  차량수신:7211
18:00:20  시각ms:793726
18:00:20  IMU시각ms:793726
18:00:20  위험:0
18:00:20  GPS유효:1
18:00:20  위도:37.496490
18:00:20  경도:126.957977
18:00:20  속도:0.143
18:00:20  방향:167.4
18:00:20  GPS원시속도:0.118
18:00:20  GPS원시방향유효:1
18:00:20  GPS원시방향:167.4
18:00:20  가속도:5.373,4.530,6.603
18:00:20  자이로:-11.756,-0.847,3.160
18:00:20  자력계:-39.150,45.900,13.200
18:00:20  송신:7756
18:00:20  GPS위성:7
18:00:20  GPS_HDOP:1.26
18:00:20  원시위도:37.496491
18:00:20  원시경도:126.957974
18:00:20  GPS채택:1478
18:00:20  GPS이상치거부:0
18:00:20  GPS품질거부:1
18:00:20  GPS재기준:0
18:00:20  RSSI원시:-57
18:00:20  RSSI평활:-57.1
18:00:20  RSSI샘플:14683
18:00:20  RSSI경과ms:40
18:00:20  차량수신:7212
18:00:20  시각ms:793748
18:00:20  IMU시각ms:793748
18:00:20  위험:0
18:00:20  GPS유효:1
18:00:20  위도:37.496490
18:00:20  경도:126.957977
18:00:20  속도:0.143
18:00:20  방향:167.4
18:00:20  GPS원시속도:0.118
18:00:20  GPS원시방향유효:1
18:00:20  GPS원시방향:167.4
18:00:20  가속도:5.186,4.755,6.981
18:00:20  자이로:-21.145,-9.542,4.473
18:00:20  자력계:-40.500,45.300,13.050
18:00:20  송신:7756
18:00:20  GPS위성:7
18:00:20  GPS_HDOP:1.26
18:00:20  원시위도:37.496491
18:00:20  원시경도:126.957974
18:00:20  GPS채택:1478
18:00:20  GPS이상치거부:0
18:00:20  GPS품질거부:1
18:00:20  GPS재기준:0
18:00:20  RSSI원시:-57
18:00:20  RSSI평활:-57.1
18:00:20  RSSI샘플:14683
18:00:20  RSSI경과ms:62
18:00:20  차량수신:7212
18:00:20  시각ms:793884
18:00:20  IMU시각ms:793884
18:00:20  위험:0
18:00:20  GPS유효:1
18:00:20  위도:37.496490
18:00:20  경도:126.957977
18:00:20  속도:0.135
18:00:20  방향:167.4
18:00:20  GPS원시속도:0.118
18:00:20  GPS원시방향유효:1
18:00:20  GPS원시방향:167.4
18:00:20  가속도:5.933,3.486,6.053
18:00:20  자이로:-8.420,-4.603,6.092
18:00:20  자력계:-40.500,41.850,13.500
18:00:20  송신:7758
18:00:20  GPS위성:7
18:00:20  GPS_HDOP:1.26
18:00:20  원시위도:37.496491
18:00:20  원시경도:126.957974
18:00:20  GPS채택:1479
18:00:20  GPS이상치거부:0
18:00:20  GPS품질거부:1
18:00:20  GPS재기준:0
18:00:20  RSSI원시:-57
18:00:20  RSSI평활:-57.3
18:00:20  RSSI샘플:14686
18:00:20  RSSI경과ms:7
18:00:20  차량수신:7213
18:00:20  시각ms:793906
18:00:20  IMU시각ms:793906
18:00:20  위험:0
18:00:20  GPS유효:1
18:00:20  위도:37.496490
18:00:20  경도:126.957977
18:00:20  속도:0.135
18:00:20  방향:167.4
18:00:20  GPS원시속도:0.118
18:00:20  GPS원시방향유효:1
18:00:20  GPS원시방향:167.4
18:00:20  가속도:5.775,3.950,6.311
18:00:20  자이로:9.969,5.191,6.985
18:00:20  자력계:-40.950,42.450,12.900
18:00:20  송신:7758
18:00:20  GPS위성:7
18:00:20  GPS_HDOP:1.26
18:00:20  원시위도:37.496491
18:00:20  원시경도:126.957974
18:00:20  GPS채택:1479
18:00:20  GPS이상치거부:0
18:00:20  GPS품질거부:1
18:00:20  GPS재기준:0
18:00:20  RSSI원시:-56
18:00:20  RSSI평활:-57.1
18:00:20  RSSI샘플:14687
18:00:20  RSSI경과ms:14
18:00:20  차량수신:7214
18:00:20  시각ms:793928
18:00:20  IMU시각ms:793928
18:00:20  위험:0
18:00:20  GPS유효:1
18:00:20  위도:37.496490
18:00:20  경도:126.957977
18:00:20  속도:0.135
18:00:20  방향:167.4
18:00:20  GPS원시속도:0.118
18:00:20  GPS원시방향유효:1
18:00:20  GPS원시방향:167.4
18:00:20  가속도:5.904,4.075,6.747
18:00:20  자이로:26.023,22.511,8.473
18:00:20  자력계:-41.550,40.350,12.000
18:00:20  송신:7758
18:00:20  GPS위성:7
18:00:20  GPS_HDOP:1.26
18:00:20  원시위도:37.496491
18:00:20  원시경도:126.957974
18:00:20  GPS채택:1479
18:00:20  GPS이상치거부:0
18:00:20  GPS품질거부:1
18:00:20  GPS재기준:0
18:00:20  RSSI원시:-56
18:00:20  RSSI평활:-57.1
18:00:20  RSSI샘플:14687
18:00:20  RSSI경과ms:36
18:00:20  차량수신:7214
18:00:20  시각ms:793950
18:00:20  IMU시각ms:793950
18:00:20  위험:0
18:00:20  GPS유효:1
18:00:20  위도:37.496490
18:00:20  경도:126.957977
18:00:20  속도:0.135
18:00:20  방향:167.4
18:00:20  GPS원시속도:0.118
18:00:20  GPS원시방향유효:1
18:00:20  GPS원시방향:167.4
18:00:20  가속도:5.574,3.960,6.905
18:00:20  자이로:29.137,21.489,6.038
18:00:20  자력계:-40.200,41.250,11.850
18:00:20  송신:7758
18:00:20  GPS위성:7
18:00:20  GPS_HDOP:1.26
18:00:20  원시위도:37.496491
18:00:20  원시경도:126.957974
18:00:20  GPS채택:1479
18:00:20  GPS이상치거부:0
18:00:20  GPS품질거부:1
18:00:20  GPS재기준:0
18:00:20  RSSI원시:-56
18:00:20  RSSI평활:-57.1
18:00:20  RSSI샘플:14687
18:00:20  RSSI경과ms:58
18:00:20  차량수신:7214
18:00:20  시각ms:793985
18:00:20  IMU시각ms:793985
18:00:20  위험:0
18:00:20  GPS유효:1
18:00:20  위도:37.496490
18:00:20  경도:126.957977
18:00:20  속도:0.135
18:00:20  방향:167.4
18:00:20  GPS원시속도:0.118
18:00:20  GPS원시방향유효:1
18:00:20  GPS원시방향:167.4
18:00:20  가속도:5.933,3.606,6.546
18:00:20  자이로:14.443,12.573,7.916
18:00:20  자력계:-40.500,43.050,13.800
18:00:20  송신:7759
18:00:20  GPS위성:7
18:00:20  GPS_HDOP:1.26
18:00:20  원시위도:37.496491
18:00:20  원시경도:126.957974
18:00:20  GPS채택:1479
18:00:20  GPS이상치거부:0
18:00:20  GPS품질거부:1
18:00:20  GPS재기준:0
18:00:20  RSSI원시:-63
18:00:20  RSSI평활:-58.2
18:00:20  RSSI샘플:14688
18:00:20  RSSI경과ms:12
18:00:20  차량수신:7214
18:00:20  시각ms:794007
18:00:20  IMU시각ms:794007
18:00:20  위험:0
18:00:20  GPS유효:1
18:00:20  위도:37.496490
18:00:20  경도:126.957977
18:00:20  속도:0.135
18:00:20  방향:167.4
18:00:20  GPS원시속도:0.118
18:00:20  GPS원시방향유효:1
18:00:20  GPS원시방향:167.4
18:00:20  가속도:6.105,3.314,6.393
18:00:20  자이로:0.718,9.183,7.443
18:00:20  자력계:-40.050,42.600,13.050
18:00:20  송신:7759
18:00:20  GPS위성:7
18:00:20  GPS_HDOP:1.26
18:00:20  원시위도:37.496491
18:00:20  원시경도:126.957974
18:00:20  GPS채택:1479
18:00:20  GPS이상치거부:0
18:00:20  GPS품질거부:1
18:00:20  GPS재기준:0
18:00:20  RSSI원시:-62
18:00:20  RSSI평활:-59.0
18:00:20  RSSI샘플:14689
18:00:20  RSSI경과ms:16
18:00:20  차량수신:7215
18:00:20  시각ms:794029
18:00:20  IMU시각ms:794029
18:00:20  위험:0
18:00:20  GPS유효:1
18:00:20  위도:37.496490
18:00:20  경도:126.957977
18:00:20  속도:0.135
18:00:20  방향:167.4
18:00:20  GPS원시속도:0.118
18:00:20  GPS원시방향유효:1
18:00:20  GPS원시방향:167.4
18:00:20  가속도:6.282,3.175,6.680
18:00:20  자이로:-17.282,-8.985,5.336
18:00:20  자력계:-39.300,43.350,13.050
18:00:20  송신:7759
18:00:20  GPS위성:7
18:00:20  GPS_HDOP:1.26
18:00:20  원시위도:37.496491
18:00:20  원시경도:126.957974
18:00:20  GPS채택:1479
18:00:20  GPS이상치거부:0
18:00:20  GPS품질거부:1
18:00:20  GPS재기준:0
18:00:20  RSSI원시:-62
18:00:20  RSSI평활:-59.0
18:00:20  RSSI샘플:14689
18:00:20  RSSI경과ms:38
18:00:20  차량수신:7215
18:00:20  시각ms:794051
18:00:20  IMU시각ms:794051
18:00:20  위험:0
18:00:20  GPS유효:1
18:00:20  위도:37.496490
18:00:20  경도:126.957977
18:00:20  속도:0.135
18:00:20  방향:167.4
18:00:20  GPS원시속도:0.118
18:00:20  GPS원시방향유효:1
18:00:20  GPS원시방향:167.4
18:00:20  가속도:6.522,2.806,7.116
18:00:20  자이로:-38.115,-21.435,4.595
18:00:20  자력계:-39.750,41.850,12.750
18:00:20  송신:7759
18:00:20  GPS위성:7
18:00:20  GPS_HDOP:1.26
18:00:20  원시위도:37.496491
18:00:20  원시경도:126.957974
18:00:20  GPS채택:1479
18:00:20  GPS이상치거부:0
18:00:20  GPS품질거부:1
18:00:20  GPS재기준:0
18:00:20  RSSI원시:-62
18:00:20  RSSI평활:-59.0
18:00:20  RSSI샘플:14689
18:00:20  RSSI경과ms:60
18:00:20  차량수신:7215
18:00:20  시각ms:794086
18:00:20  IMU시각ms:794086
18:00:20  위험:0
18:00:20  GPS유효:1
18:00:20  위도:37.496490
18:00:20  경도:126.957977
18:00:20  속도:0.135
18:00:20  방향:167.4
18:00:20  GPS원시속도:0.118
18:00:20  GPS원시방향유효:1
18:00:20  GPS원시방향:167.4
18:00:20  가속도:6.761,2.725,7.254
18:00:20  자이로:-36.908,-23.290,3.214
18:00:20  자력계:-40.050,41.850,12.300
18:00:20  송신:7760
18:00:20  GPS위성:7
18:00:20  GPS_HDOP:1.26
18:00:20  원시위도:37.496491
18:00:20  원시경도:126.957974
18:00:20  GPS채택:1479
18:00:20  GPS이상치거부:0
18:00:20  GPS품질거부:1
18:00:20  GPS재기준:0
18:00:20  RSSI원시:-58
18:00:20  RSSI평활:-58.8
18:00:20  RSSI샘플:14690
18:00:20  RSSI경과ms:8
18:00:20  차량수신:7215
18:00:20  시각ms:794108
18:00:20  IMU시각ms:794108
18:00:20  위험:0
18:00:20  GPS유효:1
18:00:20  위도:37.496490
18:00:20  경도:126.957977
18:00:20  속도:0.135
18:00:20  방향:167.4
18:00:20  GPS원시속도:0.118
18:00:20  GPS원시방향유효:1
18:00:20  GPS원시방향:167.4
18:00:20  가속도:6.431,2.614,6.756
18:00:20  자이로:-23.176,-17.779,3.359
18:00:20  자력계:-42.000,40.650,12.000
18:00:20  송신:7760
18:00:20  GPS위성:7
18:00:20  GPS_HDOP:1.26
18:00:20  원시위도:37.496491
18:00:20  원시경도:126.957974
18:00:20  GPS채택:1479
18:00:20  GPS이상치거부:0
18:00:20  GPS품질거부:1
18:00:20  GPS재기준:0
18:00:20  RSSI원시:-57
18:00:20  RSSI평활:-58.4
18:00:20  RSSI샘플:14691
18:00:20  RSSI경과ms:12
18:00:20  차량수신:7216
18:00:20  시각ms:794130
18:00:20  IMU시각ms:794130
18:00:20  위험:0
18:00:20  GPS유효:1
18:00:20  위도:37.496490
18:00:20  경도:126.957977
18:00:20  속도:0.135
18:00:20  방향:167.4
18:00:20  GPS원시속도:0.118
18:00:20  GPS원시방향유효:1
18:00:20  GPS원시방향:167.4
18:00:20  가속도:6.560,2.705,7.240
18:00:20  자이로:-9.084,-8.756,3.031
18:00:20  자력계:-41.400,39.750,11.100
18:00:20  송신:7760
18:00:20  GPS위성:7
18:00:20  GPS_HDOP:1.26
18:00:20  원시위도:37.496491
18:00:20  원시경도:126.957974
18:00:20  GPS채택:1479
18:00:20  GPS이상치거부:0
18:00:20  GPS품질거부:1
18:00:20  GPS재기준:0
18:00:20  RSSI원시:-57
18:00:20  RSSI평활:-58.4
18:00:20  RSSI샘플:14691
18:00:20  RSSI경과ms:34
18:00:20  차량수신:7216
18:00:20  시각ms:794152
18:00:20  IMU시각ms:794152
18:00:20  위험:0
18:00:20  GPS유효:1
18:00:20  위도:37.496490
18:00:20  경도:126.957977
18:00:20  속도:0.135
18:00:20  방향:167.4
18:00:20  GPS원시속도:0.118
18:00:20  GPS원시방향유효:1
18:00:20  GPS원시방향:167.4
18:00:20  가속도:6.436,2.959,7.168
18:00:20  자이로:7.756,-0.565,2.237
18:00:20  자력계:-40.650,39.000,13.200
18:00:20  송신:7760
18:00:20  GPS위성:7
18:00:20  GPS_HDOP:1.26
18:00:20  원시위도:37.496491
18:00:20  원시경도:126.957974
18:00:20  GPS채택:1479
18:00:20  GPS이상치거부:0
18:00:20  GPS품질거부:1
18:00:20  GPS재기준:0
18:00:20  RSSI원시:-57
18:00:20  RSSI평활:-58.4
18:00:20  RSSI샘플:14691
18:00:20  RSSI경과ms:56
18:00:20  차량수신:7216
18:00:20  시각ms:794185
18:00:20  IMU시각ms:794185
18:00:20  위험:0
18:00:20  GPS유효:1
18:00:20  위도:37.496490
18:00:20  경도:126.957977
18:00:20  속도:0.135
18:00:20  방향:167.4
18:00:20  GPS원시속도:0.118
18:00:20  GPS원시방향유효:1
18:00:20  GPS원시방향:167.4
18:00:20  가속도:6.167,3.251,6.929
18:00:20  자이로:33.053,18.328,2.924
18:00:20  자력계:-41.250,39.450,12.000
18:00:20  송신:7761
18:00:20  GPS위성:7
18:00:20  GPS_HDOP:1.26
18:00:20  원시위도:37.496491
18:00:20  원시경도:126.957974
18:00:20  GPS채택:1479
18:00:20  GPS이상치거부:0
18:00:20  GPS품질거부:1
18:00:20  GPS재기준:0
18:00:20  RSSI원시:-55
18:00:20  RSSI평활:-57.8
18:00:20  RSSI샘플:14692
18:00:20  RSSI경과ms:1
18:00:20  차량수신:7216
18:00:20  시각ms:794207
18:00:20  IMU시각ms:794207
18:00:20  위험:0
18:00:20  GPS유효:1
18:00:20  위도:37.496490
18:00:20  경도:126.957977
18:00:20  속도:0.135
18:00:20  방향:167.4
18:00:20  GPS원시속도:0.118
18:00:20  GPS원시방향유효:1
18:00:20  GPS원시방향:167.4
18:00:20  가속도:5.995,3.596,6.847
18:00:20  자이로:49.817,34.008,-2.473
18:00:20  자력계:-41.250,40.650,10.950
18:00:20  송신:7761
18:00:20  GPS위성:7
18:00:20  GPS_HDOP:1.26
18:00:20  원시위도:37.496491
18:00:20  원시경도:126.957974
18:00:20  GPS채택:1479
18:00:20  GPS이상치거부:0
18:00:20  GPS품질거부:1
18:00:20  GPS재기준:0
18:00:20  RSSI원시:-55
18:00:20  RSSI평활:-57.2
18:00:20  RSSI샘플:14693
18:00:20  RSSI경과ms:18
18:00:20  차량수신:7217
18:00:20  시각ms:794229
18:00:20  IMU시각ms:794229
18:00:20  위험:0
18:00:20  GPS유효:1
18:00:20  위도:37.496490
18:00:20  경도:126.957977
18:00:20  속도:0.135
18:00:20  방향:167.4
18:00:20  GPS원시속도:0.118
18:00:20  GPS원시방향유효:1
18:00:20  GPS원시방향:167.4
18:00:20  가속도:5.928,3.721,6.986
18:00:20  자이로:48.847,31.435,2.405
18:00:20  자력계:-40.650,41.250,11.100
18:00:20  송신:7761
18:00:20  GPS위성:7
18:00:20  GPS_HDOP:1.26
18:00:20  원시위도:37.496491
18:00:20  원시경도:126.957974
18:00:20  GPS채택:1479
18:00:20  GPS이상치거부:0
18:00:20  GPS품질거부:1
18:00:20  GPS재기준:0
18:00:20  RSSI원시:-55
18:00:20  RSSI평활:-57.2
18:00:20  RSSI샘플:14693
18:00:20  RSSI경과ms:40
18:00:20  차량수신:7217
18:00:20  시각ms:794251
18:00:20  IMU시각ms:794251
18:00:20  위험:0
18:00:20  GPS유효:1
18:00:20  위도:37.496490
18:00:20  경도:126.957977
18:00:20  속도:0.135
18:00:20  방향:167.4
18:00:20  GPS원시속도:0.118
18:00:20  GPS원시방향유효:1
18:00:20  GPS원시방향:167.4
18:00:20  가속도:5.689,4.003,6.862
18:00:20  자이로:48.153,28.351,2.252
18:00:20  자력계:-39.300,41.850,13.800
18:00:20  송신:7761
18:00:20  GPS위성:7
18:00:20  GPS_HDOP:1.26
18:00:20  원시위도:37.496491
18:00:20  원시경도:126.957974
18:00:20  GPS채택:1479
18:00:20  GPS이상치거부:0
18:00:20  GPS품질거부:1
18:00:20  GPS재기준:0
18:00:20  RSSI원시:-55
18:00:20  RSSI평활:-57.2
18:00:20  RSSI샘플:14693
18:00:20  RSSI경과ms:62
18:00:20  차량수신:7217
18:00:20  시각ms:794285
18:00:20  IMU시각ms:794273
18:00:20  위험:0
18:00:20  GPS유효:1
18:00:20  위도:37.496490
18:00:20  경도:126.957977
18:00:20  속도:0.135
18:00:20  방향:167.4
18:00:20  GPS원시속도:0.118
18:00:20  GPS원시방향유효:1
18:00:20  GPS원시방향:167.4
18:00:20  가속도:5.655,3.922,6.713
18:00:20  자이로:36.580,19.008,3.000
18:00:20  자력계:-38.550,41.400,13.050
18:00:20  송신:7762
18:00:20  GPS위성:7
18:00:20  GPS_HDOP:1.26
18:00:20  원시위도:37.496491
18:00:20  원시경도:126.957974
18:00:20  GPS채택:1479
18:00:20  GPS이상치거부:0
18:00:20  GPS품질거부:1
18:00:20  GPS재기준:0
18:00:20  RSSI원시:-55
18:00:20  RSSI평활:-57.2
18:00:20  RSSI샘플:14693
18:00:20  RSSI경과ms:96
18:00:20  차량수신:7217
18:00:20  시각ms:794293
18:00:20  IMU시각ms:794293
18:00:20  위험:0
18:00:20  GPS유효:1
18:00:20  위도:37.496490
18:00:20  경도:126.957977
18:00:20  속도:0.135
18:00:20  방향:167.4
18:00:20  GPS원시속도:0.118
18:00:20  GPS원시방향유효:1
18:00:20  GPS원시방향:167.4
18:00:20  가속도:5.871,4.046,6.445
18:00:20  자이로:24.969,14.969,2.893
18:00:20  자력계:-37.050,44.850,13.800
18:00:20  송신:7762
18:00:20  GPS위성:7
18:00:20  GPS_HDOP:1.26
18:00:20  원시위도:37.496491
18:00:20  원시경도:126.957974
18:00:20  GPS채택:1479
18:00:20  GPS이상치거부:0
18:00:20  GPS품질거부:1
18:00:20  GPS재기준:0
18:00:20  RSSI원시:-57
18:00:20  RSSI평활:-57.2
18:00:20  RSSI샘플:14694
18:00:20  RSSI경과ms:7
18:00:20  차량수신:7217
18:00:20  시각ms:794315
18:00:20  IMU시각ms:794315
18:00:20  위험:0
18:00:20  GPS유효:1
18:00:20  위도:37.496490
18:00:20  경도:126.957977
18:00:20  속도:0.135
18:00:20  방향:167.4
18:00:20  GPS원시속도:0.118
18:00:20  GPS원시방향유효:1
18:00:20  GPS원시방향:167.4
18:00:20  가속도:5.497,4.252,6.316
18:00:20  자이로:13.969,5.595,0.947
18:00:20  자력계:-38.250,44.100,13.800
18:00:20  송신:7762
18:00:20  GPS위성:7
18:00:20  GPS_HDOP:1.26
18:00:20  원시위도:37.496491
18:00:20  원시경도:126.957974
18:00:20  GPS채택:1479
18:00:20  GPS이상치거부:0
18:00:20  GPS품질거부:1
18:00:20  GPS재기준:0
18:00:20  RSSI원시:-58
18:00:20  RSSI평활:-57.3
18:00:20  RSSI샘플:14695
18:00:20  RSSI경과ms:20
18:00:20  차량수신:7218
18:00:20  시각ms:794359
18:00:20  IMU시각ms:794359
18:00:20  위험:0
18:00:20  GPS유효:1
18:00:20  위도:37.496490
18:00:20  경도:126.957977
18:00:20  속도:0.135
18:00:20  방향:167.4
18:00:20  GPS원시속도:0.118
18:00:20  GPS원시방향유효:1
18:00:20  GPS원시방향:167.4
18:00:20  가속도:5.708,4.180,6.397
18:00:20  자이로:-6.344,-8.313,0.885
18:00:20  자력계:-37.200,45.150,13.500
18:00:20  송신:7762
18:00:20  GPS위성:7
18:00:20  GPS_HDOP:1.26
18:00:20  원시위도:37.496491
18:00:20  원시경도:126.957974
18:00:20  GPS채택:1479
18:00:20  GPS이상치거부:0
18:00:20  GPS품질거부:1
18:00:20  GPS재기준:0
18:00:20  RSSI원시:-58
18:00:20  RSSI평활:-57.3
18:00:20  RSSI샘플:14695
18:00:20  RSSI경과ms:64
18:00:20  차량수신:7218
18:00:20  시각ms:794392
18:00:20  IMU시각ms:794392
18:00:20  위험:0
18:00:20  GPS유효:1
18:00:20  위도:37.496490
18:00:20  경도:126.957977
18:00:20  속도:0.135
18:00:20  방향:167.4
18:00:20  GPS원시속도:0.118
18:00:20  GPS원시방향유효:1
18:00:20  GPS원시방향:167.4
18:00:20  가속도:5.631,3.989,6.225
18:00:20  자이로:-10.511,-12.702,2.382
18:00:20  자력계:-39.300,45.300,12.750
18:00:20  송신:7763
18:00:20  GPS위성:7
18:00:20  GPS_HDOP:1.26
18:00:20  원시위도:37.496491
18:00:20  원시경도:126.957974
18:00:20  GPS채택:1479
18:00:20  GPS이상치거부:0
18:00:20  GPS품질거부:1
18:00:20  GPS재기준:0
18:00:20  RSSI원시:-60
18:00:20  RSSI평활:-57.9
18:00:20  RSSI샘플:14696
18:00:20  RSSI경과ms:2
18:00:20  차량수신:7218
18:00:20  시각ms:794414
18:00:20  IMU시각ms:794414
18:00:20  위험:0
18:00:20  GPS유효:1
18:00:20  위도:37.496490
18:00:20  경도:126.957977
18:00:20  속도:0.135
18:00:20  방향:167.4
18:00:20  GPS원시속도:0.118
18:00:20  GPS원시방향유효:1
18:00:20  GPS원시방향:167.4
18:00:20  가속도:5.804,4.008,6.144
18:00:20  자이로:-10.450,-15.679,0.527
18:00:20  자력계:-39.900,45.150,13.650
18:00:20  송신:7763
18:00:20  GPS위성:7
18:00:20  GPS_HDOP:1.26
18:00:20  원시위도:37.496491
18:00:20  원시경도:126.957974
18:00:20  GPS채택:1479
18:00:20  GPS이상치거부:0
18:00:20  GPS품질거부:1
18:00:20  GPS재기준:0
18:00:20  RSSI원시:-60
18:00:20  RSSI평활:-58.3
18:00:20  RSSI샘플:14697
18:00:20  RSSI경과ms:20
18:00:20  차량수신:7219
18:00:20  시각ms:794436
18:00:20  IMU시각ms:794436
18:00:20  위험:0
18:00:20  GPS유효:1
18:00:20  위도:37.496490
18:00:20  경도:126.957977
18:00:20  속도:0.135
18:00:20  방향:167.4
18:00:20  GPS원시속도:0.118
18:00:20  GPS원시방향유효:1
18:00:20  GPS원시방향:167.4
18:00:20  가속도:5.588,4.252,6.100
18:00:20  자이로:-10.214,-15.450,3.214
18:00:20  자력계:-39.150,42.750,15.450
18:00:20  송신:7763
18:00:20  GPS위성:7
18:00:20  GPS_HDOP:1.26
18:00:20  원시위도:37.496491
18:00:20  원시경도:126.957974
18:00:20  GPS채택:1479
18:00:20  GPS이상치거부:0
18:00:20  GPS품질거부:1
18:00:20  GPS재기준:0
18:00:20  RSSI원시:-60
18:00:20  RSSI평활:-58.3
18:00:20  RSSI샘플:14697
18:00:20  RSSI경과ms:42
18:00:20  차량수신:7219
18:00:20  시각ms:794458
18:00:20  IMU시각ms:794458
18:00:20  위험:0
18:00:20  GPS유효:1
18:00:20  위도:37.496490
18:00:20  경도:126.957977
18:00:20  속도:0.135
18:00:20  방향:167.4
18:00:20  GPS원시속도:0.118
18:00:20  GPS원시방향유효:1
18:00:20  GPS원시방향:167.4
18:00:20  가속도:5.737,4.027,6.191
18:00:20  자이로:-6.985,-7.290,1.771
18:00:20  자력계:-40.800,43.050,12.750
18:00:20  송신:7763
18:00:20  GPS위성:7
18:00:20  GPS_HDOP:1.26
18:00:20  원시위도:37.496491
18:00:20  원시경도:126.957974
18:00:20  GPS채택:1479
18:00:20  GPS이상치거부:0
18:00:20  GPS품질거부:1
18:00:20  GPS재기준:0
18:00:20  RSSI원시:-60
18:00:20  RSSI평활:-58.3
18:00:20  RSSI샘플:14697
18:00:20  RSSI경과ms:64
18:00:20  차량수신:7219
18:00:20  시각ms:794492
18:00:20  IMU시각ms:794480
18:00:20  위험:0
18:00:20  GPS유효:1
18:00:20  위도:37.496490
18:00:20  경도:126.957977
18:00:20  속도:0.135
18:00:20  방향:167.4
18:00:20  GPS원시속도:0.118
18:00:20  GPS원시방향유효:1
18:00:20  GPS원시방향:167.4
18:00:20  가속도:5.799,3.864,5.981
18:00:20  자이로:1.046,-1.099,1.389
18:00:20  자력계:-37.050,44.100,13.050
18:00:20  송신:7764
18:00:20  GPS위성:7
18:00:20  GPS_HDOP:1.26
18:00:20  원시위도:37.496491
18:00:20  원시경도:126.957974
18:00:20  GPS채택:1479
18:00:20  GPS이상치거부:0
18:00:20  GPS품질거부:1
18:00:20  GPS재기준:0
18:00:20  RSSI원시:-60
18:00:20  RSSI평활:-58.3
18:00:20  RSSI샘플:14697
18:00:20  RSSI경과ms:98
18:00:20  차량수신:7219
18:00:21  시각ms:794600
18:00:21  IMU시각ms:794600
18:00:21  위험:0
18:00:21  GPS유효:1
18:00:21  위도:37.496490
18:00:21  경도:126.957977
18:00:21  속도:0.135
18:00:21  방향:167.4
18:00:21  GPS원시속도:0.118
18:00:21  GPS원시방향유효:1
18:00:21  GPS원시방향:167.4
18:00:21  가속도:5.923,3.907,6.153
18:00:21  자이로:3.863,2.458,1.351
18:00:21  자력계:-38.400,44.250,12.900
18:00:21  송신:7765
18:00:21  GPS위성:7
18:00:21  GPS_HDOP:1.26
18:00:21  원시위도:37.496491
18:00:21  원시경도:126.957974
18:00:21  GPS채택:1479
18:00:21  GPS이상치거부:0
18:00:21  GPS품질거부:1
18:00:21  GPS재기준:0
18:00:21  RSSI원시:-61
18:00:21  RSSI평활:-59.3
18:00:21  RSSI샘플:14699
18:00:21  RSSI경과ms:102
18:00:21  차량수신:7220
18:00:21  시각ms:794645
18:00:21  IMU시각ms:794645
18:00:21  위험:0
18:00:21  GPS유효:1
18:00:21  위도:37.496490
18:00:21  경도:126.957977
18:00:21  속도:0.135
18:00:21  방향:167.4
18:00:21  GPS원시속도:0.118
18:00:21  GPS원시방향유효:1
18:00:21  GPS원시방향:167.4
18:00:21  가속도:6.110,3.874,6.167
18:00:21  자이로:-9.450,-6.595,0.824
18:00:21  자력계:-39.300,43.800,14.850
18:00:21  송신:7765
18:00:21  GPS위성:7
18:00:21  GPS_HDOP:1.26
18:00:21  원시위도:37.496491
18:00:21  원시경도:126.957974
18:00:21  GPS채택:1479
18:00:21  GPS이상치거부:0
18:00:21  GPS품질거부:1
18:00:21  GPS재기준:0
18:00:21  RSSI원시:-62
18:00:21  RSSI평활:-60.3
18:00:21  RSSI샘플:14701
18:00:21  RSSI경과ms:42
18:00:21  차량수신:7221
18:00:21  시각ms:794667
18:00:21  IMU시각ms:794667
18:00:21  위험:0
18:00:21  GPS유효:1
18:00:21  위도:37.496490
18:00:21  경도:126.957977
18:00:21  속도:0.131
18:00:21  방향:167.4
18:00:21  GPS원시속도:0.123
18:00:21  GPS원시방향유효:1
18:00:21  GPS원시방향:167.4
18:00:21  가속도:5.995,3.730,6.220
18:00:21  자이로:-13.618,-9.298,2.282
18:00:21  자력계:-38.250,44.850,13.800
18:00:21  송신:7765
18:00:21  GPS위성:7
18:00:21  GPS_HDOP:1.26
18:00:21  원시위도:37.496491
18:00:21  원시경도:126.957972
18:00:21  GPS채택:1480
18:00:21  GPS이상치거부:0
18:00:21  GPS품질거부:1
18:00:21  GPS재기준:0
18:00:21  RSSI원시:-62
18:00:21  RSSI평활:-60.3
18:00:21  RSSI샘플:14701
18:00:21  RSSI경과ms:64
18:00:21  차량수신:7221
18:00:21  시각ms:794702
18:00:21  IMU시각ms:794702
18:00:21  위험:0
18:00:21  GPS유효:1
18:00:21  위도:37.496490
18:00:21  경도:126.957977
18:00:21  속도:0.131
18:00:21  방향:167.4
18:00:21  GPS원시속도:0.123
18:00:21  GPS원시방향유효:1
18:00:21  GPS원시방향:167.4
18:00:21  가속도:6.148,3.524,6.852
18:00:21  자이로:-11.573,-9.397,0.130
18:00:21  자력계:-36.450,42.750,13.200
18:00:21  송신:7766
18:00:21  GPS위성:7
18:00:21  GPS_HDOP:1.26
18:00:21  원시위도:37.496491
18:00:21  원시경도:126.957972
18:00:21  GPS채택:1480
18:00:21  GPS이상치거부:0
18:00:21  GPS품질거부:1
18:00:21  GPS재기준:0
18:00:21  RSSI원시:-61
18:00:21  RSSI평활:-60.4
18:00:21  RSSI샘플:14702
18:00:21  RSSI경과ms:3
18:00:21  차량수신:7221
18:00:21  시각ms:794724
18:00:21  IMU시각ms:794724
18:00:21  위험:0
18:00:21  GPS유효:1
18:00:21  위도:37.496490
18:00:21  경도:126.957977
18:00:21  속도:0.131
18:00:21  방향:167.4
18:00:21  GPS원시속도:0.123
18:00:21  GPS원시방향유효:1
18:00:21  GPS원시방향:167.4
18:00:21  가속도:5.981,3.543,6.938
18:00:21  자이로:-10.656,-9.183,1.534
18:00:21  자력계:-39.900,42.750,12.150
18:00:21  송신:7766
18:00:21  GPS위성:7
18:00:21  GPS_HDOP:1.26
18:00:21  원시위도:37.496491
18:00:21  원시경도:126.957972
18:00:21  GPS채택:1480
18:00:21  GPS이상치거부:0
18:00:21  GPS품질거부:1
18:00:21  GPS재기준:0
18:00:21  RSSI원시:-62
18:00:21  RSSI평활:-60.7
18:00:21  RSSI샘플:14703
18:00:21  RSSI경과ms:17
18:00:21  차량수신:7222
18:00:21  시각ms:794825
18:00:21  IMU시각ms:794825
18:00:21  위험:0
18:00:21  GPS유효:1
18:00:21  위도:37.496490
18:00:21  경도:126.957977
18:00:21  속도:0.128
18:00:21  방향:167.4
18:00:21  GPS원시속도:0.123
18:00:21  GPS원시방향유효:1
18:00:21  GPS원시방향:167.4
18:00:21  가속도:5.952,3.654,6.531
18:00:21  자이로:10.275,3.618,1.244
18:00:21  자력계:-39.000,44.550,13.800
18:00:21  송신:7767
18:00:21  GPS위성:7
18:00:21  GPS_HDOP:1.26
18:00:21  원시위도:37.496491
18:00:21  원시경도:126.957972
18:00:21  GPS채택:1481
18:00:21  GPS이상치거부:0
18:00:21  GPS품질거부:1
18:00:21  GPS재기준:0
18:00:21  RSSI원시:-62
18:00:21  RSSI평활:-61.0
18:00:21  RSSI샘플:14705
18:00:21  RSSI경과ms:20
18:00:21  차량수신:7223
18:00:21  시각ms:794847
18:00:21  IMU시각ms:794847
18:00:21  위험:0
18:00:21  GPS유효:1
18:00:21  위도:37.496490
18:00:21  경도:126.957977
18:00:21  속도:0.128
18:00:21  방향:167.4
18:00:21  GPS원시속도:0.123
18:00:21  GPS원시방향유효:1
18:00:21  GPS원시방향:167.4
18:00:21  가속도:6.038,3.735,6.598
18:00:21  자이로:6.550,2.634,-1.649
18:00:21  자력계:-39.450,44.700,14.400
18:00:21  송신:7767
18:00:21  GPS위성:7
18:00:21  GPS_HDOP:1.26
18:00:21  원시위도:37.496491
18:00:21  원시경도:126.957972
18:00:21  GPS채택:1481
18:00:21  GPS이상치거부:0
18:00:21  GPS품질거부:1
18:00:21  GPS재기준:0
18:00:21  RSSI원시:-62
18:00:21  RSSI평활:-61.0
18:00:21  RSSI샘플:14705
18:00:21  RSSI경과ms:42
18:00:21  차량수신:7223
18:00:21  시각ms:794869
18:00:21  IMU시각ms:794869
18:00:21  위험:0
18:00:21  GPS유효:1
18:00:21  위도:37.496490
18:00:21  경도:126.957977
18:00:21  속도:0.128
18:00:21  방향:167.4
18:00:21  GPS원시속도:0.123
18:00:21  GPS원시방향유효:1
18:00:21  GPS원시방향:167.4
18:00:21  가속도:5.856,3.821,6.460
18:00:21  자이로:1.779,2.565,-2.542
18:00:21  자력계:-39.000,43.350,14.250
18:00:21  송신:7767
18:00:21  GPS위성:7
18:00:21  GPS_HDOP:1.26
18:00:21  원시위도:37.496491
18:00:21  원시경도:126.957972
18:00:21  GPS채택:1481
18:00:21  GPS이상치거부:0
18:00:21  GPS품질거부:1
18:00:21  GPS재기준:0
18:00:21  RSSI원시:-62
18:00:21  RSSI평활:-61.0
18:00:21  RSSI샘플:14705
18:00:21  RSSI경과ms:64
18:00:21  차량수신:7223
18:00:21  시각ms:794904
18:00:21  IMU시각ms:794904
18:00:21  위험:0
18:00:21  GPS유효:1
18:00:21  위도:37.496490
18:00:21  경도:126.957977
18:00:21  속도:0.128
18:00:21  방향:167.4
18:00:21  GPS원시속도:0.123
18:00:21  GPS원시방향유효:1
18:00:21  GPS원시방향:167.4
18:00:21  가속도:5.957,4.027,6.354
18:00:21  자이로:0.756,-2.466,-0.160
18:00:21  자력계:-39.000,43.050,15.300
18:00:21  송신:7768
18:00:21  GPS위성:7
18:00:21  GPS_HDOP:1.26
18:00:21  원시위도:37.496491
18:00:21  원시경도:126.957972
18:00:21  GPS채택:1481
18:00:21  GPS이상치거부:0
18:00:21  GPS품질거부:1
18:00:21  GPS재기준:0
18:00:21  RSSI원시:-61
18:00:21  RSSI평활:-61.0
18:00:21  RSSI샘플:14706
18:00:21  RSSI경과ms:13
18:00:21  차량수신:7223
18:00:21  시각ms:794926
18:00:21  IMU시각ms:794926
18:00:21  위험:0
18:00:21  GPS유효:1
18:00:21  위도:37.496490
18:00:21  경도:126.957977
18:00:21  속도:0.128
18:00:21  방향:167.4
18:00:21  GPS원시속도:0.123
18:00:21  GPS원시방향유효:1
18:00:21  GPS원시방향:167.4
18:00:21  가속도:5.703,4.075,6.397
18:00:21  자이로:2.267,-0.153,-1.573
18:00:21  자력계:-37.050,46.500,14.550
18:00:21  송신:7768
18:00:21  GPS위성:7
18:00:21  GPS_HDOP:1.26
18:00:21  원시위도:37.496491
18:00:21  원시경도:126.957972
18:00:21  GPS채택:1481
18:00:21  GPS이상치거부:0
18:00:21  GPS품질거부:1
18:00:21  GPS재기준:0
18:00:21  RSSI원시:-62
18:00:21  RSSI평활:-61.2
18:00:21  RSSI샘플:14707
18:00:21  RSSI경과ms:19
18:00:21  차량수신:7224
18:00:21  시각ms:794948
18:00:21  IMU시각ms:794948
18:00:21  위험:0
18:00:21  GPS유효:1
18:00:21  위도:37.496490
18:00:21  경도:126.957970
18:00:21  속도:0.128
18:00:21  방향:167.4
18:00:21  GPS원시속도:0.123
18:00:21  GPS원시방향유효:1
18:00:21  GPS원시방향:167.4
18:00:21  가속도:5.679,4.104,6.230
18:00:21  자이로:-1.542,-0.069,-0.489
18:00:21  자력계:-39.000,43.800,13.050
18:00:21  송신:7768
18:00:21  GPS위성:7
18:00:21  GPS_HDOP:1.26
18:00:21  원시위도:37.496491
18:00:21  원시경도:126.957972
18:00:21  GPS채택:1481
18:00:21  GPS이상치거부:0
18:00:21  GPS품질거부:1
18:00:21  GPS재기준:0
18:00:21  RSSI원시:-62
18:00:21  RSSI평활:-61.2
18:00:21  RSSI샘플:14707
18:00:21  RSSI경과ms:41
18:00:21  차량수신:7224
18:00:21  시각ms:794970
18:00:21  IMU시각ms:794970
18:00:21  위험:0
18:00:21  GPS유효:1
18:00:21  위도:37.496490
18:00:21  경도:126.957970
18:00:21  속도:0.128
18:00:21  방향:167.4
18:00:21  GPS원시속도:0.123
18:00:21  GPS원시방향유효:1
18:00:21  GPS원시방향:167.4
18:00:21  가속도:5.732,4.132,6.316
18:00:21  자이로:3.695,-3.061,-2.229
18:00:21  자력계:-39.450,45.900,13.650
18:00:21  송신:7768
18:00:21  GPS위성:7
18:00:21  GPS_HDOP:1.26
18:00:21  원시위도:37.496491
18:00:21  원시경도:126.957972
18:00:21  GPS채택:1481
18:00:21  GPS이상치거부:0
18:00:21  GPS품질거부:1
18:00:21  GPS재기준:0
18:00:21  RSSI원시:-62
18:00:21  RSSI평활:-61.2
18:00:21  RSSI샘플:14707
18:00:21  RSSI경과ms:63
18:00:21  차량수신:7224
