시각,경과초,시각ms,IMU시각ms,위험,GPS유효,위도,경도,속도,방향,GPS원시속도,GPS원시방향유효,GPS원시방향,가속도,자이로,자력계,송신,GPS위성,GPS_HDOP,원시위도,원시경도,GPS채택,GPS이상치거부,GPS품질거부,GPS재기준,RSSI원시,RSSI평활,RSSI샘플,RSSI경과ms,차량수신
17:59:55,0.108,769408,769408,0,1,37.496437,126.958054,0.048,167.4,0.026,1,167.4,"5.583,4.022,6.785","-0.924,0.725,0.412","-32.700,47.850,13.650",7517,7,1.26,37.496440,126.958055,1429,0,1,0,-69,-68.1,14210,54,6976
17:59:55,0.108,769430,769430,0,1,37.496437,126.958054,0.048,167.4,0.026,1,167.4,"5.545,4.137,6.651","-0.840,-2.733,2.481","-34.650,49.350,15.450",7517,7,1.26,37.496440,126.958055,1429,0,1,0,-69,-68.1,14210,76,6976
17:59:55,0.108,769463,769463,0,1,37.496437,126.958054,0.048,167.4,0.026,1,167.4,"5.492,4.075,6.579","-2.573,-2.153,0.725","-33.750,47.550,14.550",7518,7,1.26,37.496440,126.958055,1429,0,1,0,-69,-68.3,14212,7,6977
17:59:55,0.108,769485,769485,0,1,37.496437,126.958054,0.048,167.4,0.026,1,167.4,"5.684,4.065,6.565","0.382,-2.550,1.298","-34.050,49.200,16.350",7518,7,1.26,37.496440,126.958055,1429,0,1,0,-69,-68.3,14212,29,6977
17:59:55,0.109,769507,769507,0,1,37.496437,126.958054,0.048,167.4,0.026,1,167.4,"5.602,4.123,6.541","-1.481,-1.458,-1.672","-34.650,49.350,16.200",7518,7,1.26,37.496440,126.958055,1429,0,1,0,-69,-68.3,14212,51,6977
17:59:56,0.211,769529,769529,0,1,37.496437,126.958054,0.048,167.4,0.026,1,167.4,"5.545,4.132,6.546","-0.466,2.496,0.542","-33.150,48.150,15.450",7518,7,1.26,37.496440,126.958055,1429,0,1,0,-69,-68.3,14212,73,6977
17:59:56,0.436,769571,769571,0,1,37.496437,126.958054,0.048,167.4,0.026,1,167.4,"5.478,4.228,6.488","1.015,-2.008,-1.458","-33.150,47.850,14.700",7519,7,1.26,37.496440,126.958055,1429,0,1,0,-68,-68.3,14214,6,6978
17:59:56,0.504,769874,769874,0,1,37.496445,126.958054,0.035,167.4,0.026,1,167.4,"5.583,4.113,6.541","-1.092,-1.534,0.206","-32.400,49.650,15.900",7522,7,1.26,37.496447,126.958047,1431,0,1,0,-69,-68.6,14220,2,6981
17:59:56,0.504,769917,769917,0,1,37.496445,126.958054,0.035,167.4,0.026,1,167.4,"5.430,4.128,6.445","-0.710,-3.137,1.992","-33.300,48.000,14.550",7522,7,1.26,37.496447,126.958047,1431,0,1,0,-69,-68.6,14220,45,6981
17:59:56,0.617,769939,769939,0,1,37.496445,126.958054,0.035,167.4,0.026,1,167.4,"5.473,4.190,6.594","-0.084,-0.817,-2.573","-34.500,48.000,16.350",7522,7,1.26,37.496447,126.958047,1431,0,1,0,-69,-68.6,14220,67,6981
17:59:56,0.658,770017,770017,0,1,37.496445,126.958054,0.035,167.4,0.026,1,167.4,"5.497,4.295,6.642","-3.519,3.359,-1.817","-32.550,48.000,14.850",7523,7,1.26,37.496447,126.958047,1431,0,1,0,-68,-68.5,14222,52,6982
17:59:56,0.658,770039,770039,0,1,37.496445,126.958054,0.035,167.4,0.026,1,167.4,"5.550,4.214,6.579","-1.427,-2.824,0.832","-33.300,48.300,14.850",7523,7,1.26,37.496447,126.958047,1431,0,1,0,-68,-68.5,14222,74,6982
17:59:56,0.658,770074,770074,0,1,37.496445,126.958054,0.035,167.4,0.026,1,167.4,"5.483,4.190,6.455","-1.275,-0.870,0.298","-34.200,47.400,14.700",7524,7,1.26,37.496447,126.958047,1431,0,1,0,-68,-68.2,14224,4,6983
17:59:56,0.658,770095,770095,0,1,37.496445,126.958054,0.035,167.4,0.026,1,167.4,"5.612,4.190,6.541","-1.000,0.977,-1.160","-32.700,48.600,14.700",7524,7,1.26,37.496447,126.958047,1431,0,1,0,-68,-68.2,14224,25,6983
17:59:56,0.750,770117,770117,0,1,37.496445,126.958054,0.035,167.4,0.026,1,167.4,"5.674,4.132,6.594","-2.076,-0.046,0.237","-33.300,49.200,14.850",7524,7,1.26,37.496447,126.958047,1431,0,1,0,-68,-68.2,14224,47,6983
17:59:56,0.786,770217,770217,0,1,37.496445,126.958054,0.035,167.4,0.026,1,167.4,"5.588,4.152,6.555","0.534,1.740,-1.481","-33.150,48.150,16.200",7525,7,1.26,37.496447,126.958047,1431,0,1,0,-69,-68.3,14226,58,6984
17:59:56,0.786,770239,770239,0,1,37.496445,126.958054,0.035,167.4,0.026,1,167.4,"5.507,4.314,6.479","1.565,0.931,0.519","-34.200,50.100,13.650",7525,7,1.26,37.496447,126.958047,1431,0,1,0,-69,-68.3,14226,80,6984
17:59:56,0.872,770273,770273,0,1,37.496445,126.958054,0.035,167.4,0.026,1,167.4,"5.310,4.386,6.541","4.115,2.962,-2.427","-32.400,49.650,16.200",7526,7,1.26,37.496447,126.958047,1431,0,1,0,-69,-68.4,14228,9,6985
17:59:56,0.904,770295,770295,0,1,37.496445,126.958054,0.035,167.4,0.026,1,167.4,"5.344,4.463,6.843","7.557,5.489,-0.267","-33.300,48.750,14.250",7526,7,1.26,37.496447,126.958047,1431,0,1,0,-69,-68.4,14228,31,6985
17:59:56,0.904,770317,770317,0,1,37.496445,126.958054,0.035,167.4,0.026,1,167.4,"5.306,4.563,7.302","10.855,7.313,-0.176","-33.300,47.550,14.250",7526,7,1.26,37.496447,126.958047,1431,0,1,0,-69,-68.4,14228,53,6985
17:59:56,0.904,770339,770339,0,1,37.496445,126.958054,0.035,167.4,0.026,1,167.4,"5.205,4.573,7.331","17.695,10.519,0.214","-32.400,48.150,15.150",7526,7,1.26,37.496447,126.958047,1431,0,1,0,-69,-68.4,14228,75,6985
17:59:56,0.904,770372,770372,0,1,37.496445,126.958046,0.035,167.4,0.026,1,167.4,"5.511,4.247,6.661","28.115,17.557,0.229","-32.700,50.100,14.400",7527,7,1.26,37.496447,126.958047,1431,0,1,0,-68,-68.3,14230,6,6986
17:59:56,1.007,770394,770394,0,1,37.496445,126.958046,0.035,167.4,0.026,1,167.4,"5.349,4.199,5.952","35.298,22.458,3.351","-30.000,49.200,14.250",7527,7,1.26,37.496447,126.958047,1431,0,1,0,-68,-68.3,14230,28,6986
17:59:57,1.217,770438,770438,0,1,37.496445,126.958046,0.035,167.4,0.026,1,167.4,"5.329,4.257,7.695","43.947,30.901,-1.115","-31.650,51.600,15.150",7527,7,1.26,37.496447,126.958047,1431,0,1,0,-68,-68.3,14230,72,6986
17:59:57,1.292,770524,770524,0,1,37.496445,126.958046,0.035,167.4,0.026,1,167.4,"-7.681,17.621,-7.317","-56.885,48.351,-11.740","-29.700,53.550,14.700",7528,7,1.26,37.496447,126.958047,1431,0,1,0,-71,-69.6,14232,53,6987
17:59:57,1.292,770546,770546,0,1,37.496445,126.958046,0.035,167.4,0.026,1,167.4,"11.444,6.191,19.182","-11.160,-11.611,20.038","-27.900,52.050,16.200",7528,7,1.26,37.496447,126.958047,1431,0,1,0,-71,-69.6,14232,75,6987
17:59:57,1.292,770580,770580,0,1,37.496445,126.958046,0.035,167.4,0.026,1,167.4,"5.602,4.453,8.672","-12.008,18.282,11.550","-30.000,51.750,17.550",7529,7,1.26,37.496447,126.958047,1431,0,1,0,-69,-69.4,14234,8,6988
17:59:57,1.292,770602,770602,0,1,37.496445,126.958046,0.035,167.4,0.026,1,167.4,"4.640,1.796,4.266","22.168,50.504,8.328","-28.500,51.750,12.300",7529,7,1.26,37.496447,126.958047,1431,0,1,0,-69,-69.4,14234,30,6988
17:59:57,1.401,770702,770702,0,1,37.496449,126.958046,0.026,167.4,0.010,1,167.4,"1.839,2.902,5.564","47.809,54.565,-35.656","-19.950,57.000,14.700",7530,7,1.26,37.496453,126.958040,1432,0,1,0,-76,-71.8,14236,29,6989
17:59:57,1.452,770724,770724,0,1,37.496449,126.958046,0.026,167.4,0.010,1,167.4,"4.927,1.748,8.873","32.351,19.947,-34.466","-22.050,57.150,16.050",7530,7,1.26,37.496453,126.958040,1432,0,1,0,-76,-71.8,14236,51,6989
17:59:57,1.453,770746,770746,0,1,37.496449,126.958046,0.026,167.4,0.010,1,167.4,"2.840,4.041,6.665","4.611,5.687,-32.947","-21.000,57.600,15.300",7530,7,1.26,37.496453,126.958040,1432,0,1,0,-76,-71.8,14236,73,6989
17:59:57,1.453,770781,770781,0,1,37.496449,126.958046,0.021,167.4,0.010,1,167.4,"3.706,4.750,5.454","1.260,-18.290,-28.855","-19.650,57.000,14.400",7531,7,1.26,37.496453,126.958040,1433,0,1,0,-75,-72.3,14238,7,6990
17:59:57,1.453,770803,770803,0,1,37.496449,126.958046,0.021,167.4,0.010,1,167.4,"4.515,2.662,6.507","26.992,-4.679,-27.374","-20.700,58.200,13.950",7531,7,1.26,37.496453,126.958040,1433,0,1,0,-75,-72.3,14238,29,6990
17:59:57,1.453,770825,770825,0,1,37.496449,126.958046,0.021,167.4,0.010,1,167.4,"3.587,3.759,6.431","9.359,-23.748,-24.267","-21.150,58.500,14.700",7531,7,1.26,37.496453,126.958040,1433,0,1,0,-75,-72.3,14238,51,6990
17:59:57,1.453,770847,770847,0,1,37.496452,126.958046,0.021,167.4,0.010,1,167.4,"4.884,4.367,6.167","-4.885,-28.023,-15.191","-18.450,58.950,15.900",7531,7,1.26,37.496453,126.958040,1433,0,1,0,-75,-72.3,14238,73,6990
17:59:57,1.453,770882,770882,0,1,37.496452,126.958046,0.021,167.4,0.010,1,167.4,"4.424,6.785,3.309","0.099,-38.542,-0.305","-22.950,57.750,14.400",7532,7,1.26,37.496453,126.958040,1433,0,1,0,-77,-73.5,14240,8,6991
17:59:57,1.548,770925,770925,0,1,37.496452,126.958046,0.021,167.4,0.010,1,167.4,"4.990,5.243,2.591","45.023,-35.901,-6.122","-23.700,58.200,15.150",7532,7,1.26,37.496453,126.958040,1433,0,1,0,-77,-73.5,14240,51,6991
17:59:57,1.587,770947,770947,0,1,37.496452,126.958046,0.021,167.4,0.010,1,167.4,"4.645,6.000,6.440","58.237,-61.275,-0.550","-25.050,60.300,14.250",7532,7,1.26,37.496453,126.958040,1433,0,1,0,-77,-73.5,14240,73,6991
17:59:57,1.587,770982,770982,0,1,37.496452,126.958046,0.021,167.4,0.010,1,167.4,"5.646,6.373,6.009","80.656,-60.878,1.901","-23.550,60.300,14.850",7533,7,1.26,37.496453,126.958040,1433,0,1,0,-74,-73.5,14242,6,6992
17:59:57,1.587,771003,771003,0,1,37.496452,126.958046,0.021,167.4,0.010,1,167.4,"-19.613,-19.613,-19.613","213.863,-250.137,186.527","-27.750,64.050,11.700",7533,7,1.26,37.496453,126.958040,1433,0,1,0,-74,-73.5,14242,27,6992
17:59:57,1.587,771025,771025,0,1,37.496452,126.958046,0.021,167.4,0.010,1,167.4,"2.907,-6.225,-17.435","52.405,44.031,14.534","-26.400,63.600,12.900",7533,7,1.26,37.496453,126.958040,1433,0,1,0,-74,-73.5,14242,49,6992
17:59:57,1.587,771047,771047,0,1,37.496452,126.958046,0.021,167.4,0.010,1,167.4,"7.499,2.595,7.700","9.435,-19.679,-7.557","-25.950,64.650,13.950",7533,7,1.26,37.496453,126.958040,1433,0,1,0,-74,-73.5,14242,71,6992
17:59:57,1.671,771082,771082,0,1,37.496452,126.958046,0.021,167.4,0.010,1,167.4,"-0.924,7.111,8.653","-56.275,-24.656,1.328","-27.900,63.600,12.900",7534,7,1.26,37.496453,126.958040,1433,0,1,0,-69,-71.3,14244,3,6993
17:59:57,1.788,771126,771126,0,1,37.496452,126.958046,0.021,167.4,0.010,1,167.4,"6.019,6.153,6.211","25.687,8.290,-2.832","-27.150,61.950,12.150",7534,7,1.26,37.496453,126.958040,1433,0,1,0,-69,-71.3,14244,47,6993
17:59:57,1.820,771148,771148,0,1,37.496452,126.958046,0.021,167.4,0.010,1,167.4,"3.812,6.919,6.105","30.527,9.840,-4.718","-26.700,61.950,13.200",7534,7,1.26,37.496453,126.958040,1433,0,1,0,-69,-71.3,14244,69,6993
17:59:57,1.820,771181,771181,0,1,37.496452,126.958046,0.021,167.4,0.010,1,167.4,"3.725,6.962,7.432","11.534,-1.893,-4.672","-27.900,63.900,13.200",7535,7,1.26,37.496453,126.958040,1433,0,1,0,-69,-71.3,14244,102,6993
17:59:57,1.820,771203,771203,0,1,37.496452,126.958046,0.021,167.4,0.010,1,167.4,"3.706,7.034,7.197","21.053,7.405,-4.107","-27.450,65.850,12.900",7535,7,1.26,37.496453,126.958040,1433,0,1,0,-66,-69.5,14246,8,6994
17:59:57,1.820,771225,771225,0,1,37.496452,126.958046,0.021,167.4,0.010,1,167.4,"4.702,6.977,6.637","26.275,6.061,-7.374","-27.000,64.500,12.750",7535,7,1.26,37.496453,126.958040,1433,0,1,0,-66,-69.5,14246,30,6994
17:59:57,1.904,771247,771247,0,1,37.496452,126.958046,0.021,167.4,0.010,1,167.4,"3.443,4.870,5.339","2.076,-9.374,-3.626","-26.400,65.100,12.600",7535,7,1.26,37.496453,126.958040,1433,0,1,0,-66,-69.5,14246,52,6994
17:59:57,1.935,771355,771355,0,1,37.496452,126.958046,0.021,167.4,0.010,1,167.4,"7.068,11.765,8.308","-98.740,-75.664,1.672","-28.800,62.250,13.050",7536,7,1.26,37.496453,126.958040,1433,0,1,0,-67,-68.5,14248,67,6995
17:59:57,2.021,771389,771389,0,1,37.496452,126.958046,0.021,167.4,0.010,1,167.4,"2.586,7.963,8.447","-199.748,-144.573,5.275","-31.200,61.200,13.950",7537,7,1.26,37.496453,126.958040,1433,0,1,0,-69,-68.6,14249,24,6996
17:59:57,2.053,771411,771411,0,1,37.496452,126.958046,0.021,167.4,0.010,1,167.4,"3.572,8.485,7.594","-250.137,-167.053,0.519","-35.550,52.950,13.800",7537,7,1.26,37.496453,126.958040,1433,0,1,0,-69,-68.7,14250,14,6996
17:59:57,2.053,771433,771433,0,1,37.496452,126.958046,0.021,167.4,0.010,1,167.4,"8.787,5.966,8.011","-250.137,-189.962,-3.702","-36.450,50.850,13.650",7537,7,1.26,37.496453,126.958040,1433,0,1,0,-69,-68.7,14250,36,6996
17:59:57,2.053,771455,771455,0,1,37.496452,126.958046,0.021,167.4,0.010,1,167.4,"3.716,4.228,5.301","-250.137,-250.137,-11.939","-42.750,43.800,13.800",7537,7,1.26,37.496453,126.958040,1433,0,1,0,-69,-68.7,14250,58,6996
17:59:57,2.053,771488,771488,0,1,37.496452,126.958046,0.021,167.4,0.010,1,167.4,"8.504,2.073,3.692","-250.137,-224.244,-11.786","-45.150,33.900,8.850",7538,7,1.26,37.496453,126.958040,1433,0,1,0,-75,-69.9,14251,28,6997
17:59:57,2.139,771510,771510,0,1,37.496452,126.958046,0.021,167.4,0.010,1,167.4,"6.450,2.150,0.306","-250.137,-166.473,-7.153","-51.000,31.050,6.450",7538,7,1.26,37.496453,126.958040,1433,0,1,0,-70,-69.9,14252,9,6997
17:59:58,2.170,771532,771532,0,1,37.496452,126.958046,0.021,167.4,0.010,1,167.4,"5.440,0.761,0.517","-164.870,-88.427,7.580","-55.050,25.650,1.800",7538,7,1.26,37.496453,126.958040,1433,0,1,0,-70,-69.9,14252,31,6997
17:59:58,2.227,771554,771554,0,1,37.496452,126.958046,0.021,167.4,0.010,1,167.4,"7.058,-0.359,1.379","-45.282,5.397,6.771","-54.000,26.400,2.550",7538,7,1.26,37.496453,126.958040,1433,0,1,0,-70,-69.9,14252,53,6997
17:59:58,2.245,771697,771697,0,1,37.496452,126.958038,0.240,167.4,0.648,1,167.4,"3.668,2.093,7.570","111.863,94.183,2.473","-46.200,34.650,9.600",7540,7,1.26,37.496456,126.958042,1434,0,1,0,-74,-69.4,14256,6,6999
17:59:58,2.250,771719,771719,0,1,37.496452,126.958038,0.240,167.4,0.648,1,167.4,"5.397,6.622,5.540","141.023,38.450,-0.282","-47.250,37.200,9.450",7540,7,1.26,37.496456,126.958042,1434,0,1,0,-74,-69.4,14256,28,6999
17:59:58,2.386,771741,771741,0,1,37.496452,126.958038,0.240,167.4,0.648,1,167.4,"5.440,6.048,8.777","124.168,20.038,8.145","-44.400,41.250,9.600",7540,7,1.26,37.496456,126.958042,1434,0,1,0,-74,-69.4,14256,50,6999
17:59:58,2.435,771763,771763,0,1,37.496452,126.958038,0.240,167.4,0.648,1,167.4,"-16.223,4.922,19.613","-17.885,-17.000,-148.992","-45.150,41.700,11.400",7540,7,1.26,37.496456,126.958042,1434,0,1,0,-74,-69.4,14256,72,6999
17:59:58,2.435,771798,771798,0,1,37.496452,126.958038,0.383,167.4,0.648,1,167.4,"3.438,12.914,3.826","69.962,104.802,-4.489","-43.050,44.100,10.500",7541,7,1.67,37.496456,126.958042,1435,0,1,0,-78,-72.8,14258,5,7000
17:59:58,2.436,771820,771820,0,1,37.496452,126.958038,0.383,167.4,0.648,1,167.4,"0.373,12.613,6.000","58.366,94.168,8.206","-40.800,44.550,13.500",7541,7,1.67,37.496456,126.958042,1435,0,1,0,-78,-72.8,14258,27,7000
17:59:58,2.436,771842,771842,0,1,37.496452,126.958038,0.383,167.4,0.648,1,167.4,"7.374,3.462,0.622","44.542,23.504,3.878","-39.450,46.200,10.650",7541,7,1.67,37.496456,126.958042,1435,0,1,0,-78,-72.8,14258,49,7000
17:59:58,2.436,771899,771899,0,1,37.496452,126.958038,0.383,167.4,0.648,1,167.4,"4.013,4.003,6.646","-33.061,-26.985,2.947","-40.950,47.400,12.600",7542,7,1.67,37.496456,126.958042,1435,0,1,0,-77,-74.6,14260,9,7001
17:59:58,2.537,771921,771921,0,1,37.496452,126.958038,0.383,167.4,0.648,1,167.4,"3.970,4.003,6.096","-35.275,-25.695,4.031","-41.700,45.150,12.150",7542,7,1.67,37.496456,126.958042,1435,0,1,0,-77,-74.6,14260,31,7001
17:59:58,2.573,771943,771943,0,1,37.496452,126.958038,0.383,167.4,0.648,1,167.4,"4.616,4.113,6.460","-31.954,-18.198,1.878","-40.950,46.200,12.600",7542,7,1.67,37.496456,126.958042,1435,0,1,0,-77,-74.6,14260,53,7001
17:59:58,2.573,771965,771965,0,1,37.496452,126.958038,0.383,167.4,0.648,1,167.4,"5.420,3.213,5.952","-22.206,-9.824,1.603","-43.500,44.100,10.500",7542,7,1.67,37.496456,126.958042,1435,0,1,0,-79,-75.5,14261,2,7002
17:59:58,2.573,772000,772000,0,1,37.496452,126.958038,0.383,167.4,0.648,1,167.4,"4.453,3.419,6.100","3.168,13.275,1.481","-42.450,45.450,11.100",7543,7,1.67,37.496456,126.958042,1435,0,1,0,-76,-75.6,14262,6,7002
17:59:58,2.573,772022,772022,0,1,37.496452,126.958038,0.383,167.4,0.648,1,167.4,"4.578,3.481,6.172","20.115,31.603,3.641","-42.000,46.500,13.800",7543,7,1.67,37.496456,126.958042,1435,0,1,0,-76,-75.6,14262,28,7002
17:59:58,2.574,772044,772044,0,1,37.496452,126.958038,0.383,167.4,0.648,1,167.4,"5.114,3.136,6.742","34.053,40.427,2.275","-42.450,44.700,10.350",7543,7,1.67,37.496456,126.958042,1435,0,1,0,-76,-75.6,14262,50,7002
17:59:58,2.665,772066,772066,0,1,37.496452,126.958038,0.383,167.4,0.648,1,167.4,"4.166,3.582,7.547","27.863,39.176,-0.763","-42.300,45.600,12.750",7543,7,1.67,37.496456,126.958042,1435,0,1,0,-76,-75.6,14262,72,7002
17:59:58,2.700,772101,772101,0,1,37.496452,126.958038,0.383,167.4,0.648,1,167.4,"3.807,3.491,6.005","9.908,27.649,6.504","-40.050,45.600,13.050",7544,7,1.67,37.496456,126.958042,1435,0,1,0,-71,-74.1,14264,1,7003
17:59:58,2.701,772123,772123,0,1,37.496452,126.958038,0.383,167.4,0.648,1,167.4,"4.424,3.347,7.053","5.237,18.840,8.473","-37.800,46.050,14.550",7544,7,1.67,37.496456,126.958042,1435,0,1,0,-71,-74.1,14264,23,7003
17:59:58,2.701,772145,772145,0,1,37.496452,126.958038,0.383,167.4,0.648,1,167.4,"4.132,2.782,6.014","3.863,13.863,10.710","-39.000,47.550,13.050",7544,7,1.67,37.496456,126.958042,1435,0,1,0,-71,-74.1,14264,45,7003
17:59:58,2.701,772167,772167,0,1,37.496452,126.958038,0.383,167.4,0.648,1,167.4,"4.310,3.922,5.267","17.420,9.626,15.939","-39.300,46.050,12.300",7544,7,1.67,37.496456,126.958042,1435,0,1,0,-71,-73.5,14265,4,7004
17:59:58,2.785,772201,772201,0,1,37.496452,126.958038,0.383,167.4,0.648,1,167.4,"4.673,4.132,5.535","34.954,4.924,17.107","-38.250,46.800,13.800",7545,7,1.67,37.496456,126.958042,1435,0,1,0,-71,-73.0,14266,5,7004
17:59:58,2.893,772223,772223,0,1,37.496452,126.958038,0.383,167.4,0.648,1,167.4,"5.559,4.980,5.641","40.901,-11.794,18.015","-38.250,49.500,13.800",7545,7,1.67,37.496456,126.958042,1435,0,1,0,-71,-73.0,14266,27,7004
17:59:58,2.925,772267,772267,0,1,37.496452,126.958038,0.383,167.4,0.648,1,167.4,"11.435,5.382,8.413","35.855,14.328,14.687","-38.250,48.300,13.050",7545,7,1.67,37.496456,126.958042,1435,0,1,0,-71,-72.6,14267,2,7005
17:59:58,2.925,772300,772300,0,1,37.496452,126.958038,0.383,167.4,0.648,1,167.4,"8.255,5.253,8.667","34.389,-7.870,5.771","-38.250,49.950,12.750",7546,7,1.67,37.496456,126.958042,1435,0,1,0,-71,-72.3,14268,13,7005
17:59:58,2.925,772322,772322,0,1,37.496452,126.958038,0.383,167.4,0.648,1,167.4,"5.751,3.323,-14.557","14.855,27.031,-1.092","-38.700,50.850,13.200",7546,7,1.67,37.496456,126.958042,1435,0,1,0,-71,-72.3,14268,35,7005
17:59:58,3.028,772344,772344,0,1,37.496452,126.958038,0.383,167.4,0.648,1,167.4,"2.361,5.895,-4.041","-9.328,102.885,1.252","-37.200,51.600,13.200",7546,7,1.67,37.496456,126.958042,1435,0,1,0,-71,-72.3,14268,57,7005
17:59:58,3.083,772474,772474,0,1,37.496452,126.958038,0.383,167.4,0.648,1,167.4,"3.428,3.333,6.919","-5.939,7.168,10.061","-36.150,50.850,13.200",7547,7,1.67,37.496456,126.958042,1435,0,1,0,-66,-69.5,14271,2,7007
17:59:58,3.140,772507,772507,0,1,37.496452,126.958038,0.383,167.4,0.648,1,167.4,"4.041,4.041,6.153","3.916,0.992,7.954","-36.750,48.300,13.800",7548,7,1.67,37.496456,126.958042,1435,0,1,0,-65,-68.6,14272,3,7007
17:59:59,3.353,772551,772551,0,1,37.496452,126.958038,0.383,167.4,0.648,1,167.4,"5.358,4.506,6.852","4.916,-1.511,2.664","-34.950,49.650,13.950",7548,7,1.67,37.496456,126.958042,1435,0,1,0,-65,-68.6,14272,47,7007
17:59:59,3.437,772682,772682,0,1,37.496456,126.958046,0.436,167.4,0.535,1,167.4,"19.613,-13.159,5.746","49.573,-68.832,-1.534","-36.300,50.250,14.250",7549,7,1.67,37.496459,126.958044,1436,0,1,0,-63,-65.9,14275,16,7009
17:59:59,3.437,772739,772739,0,1,37.496456,126.958046,0.436,167.4,0.535,1,167.4,"5.751,6.282,12.321","14.198,58.290,10.794","-37.800,51.750,12.300",7550,7,1.67,37.496459,126.958044,1436,0,1,0,-63,-65.3,14276,13,7009
17:59:59,3.542,772783,772783,0,1,37.496456,126.958046,0.471,167.4,0.535,1,167.4,"8.696,3.084,6.589","27.695,9.802,-1.931","-35.700,51.300,13.950",7550,7,1.26,37.496459,126.958044,1437,0,1,0,-63,-64.8,14277,17,7010
17:59:59,3.586,772941,772941,0,1,37.496456,126.958046,0.471,167.4,0.535,1,167.4,"4.046,3.376,5.981","-7.962,15.092,-5.771","-35.250,48.750,14.550",7552,7,1.26,37.496459,126.958044,1437,0,1,0,-61,-63.3,14280,11,7011
17:59:59,3.586,772963,772963,0,1,37.496456,126.958046,0.471,167.4,0.535,1,167.4,"4.372,3.112,6.340","1.351,18.252,-6.160","-35.250,48.000,12.300",7552,7,1.26,37.496459,126.958044,1437,0,1,0,-61,-63.3,14280,33,7011
17:59:59,3.638,772985,772985,0,1,37.496456,126.958046,0.471,167.4,0.535,1,167.4,"3.893,3.132,6.134","5.420,16.802,-5.405","-36.300,47.250,12.300",7552,7,1.26,37.496459,126.958044,1437,0,1,0,-61,-62.8,14281,15,7012
17:59:59,3.658,773085,773085,0,1,37.496456,126.958046,0.471,167.4,0.535,1,167.4,"4.314,4.966,6.239","7.496,-9.725,-9.214","-36.000,48.750,11.700",7553,7,1.26,37.496459,126.958044,1437,0,1,0,-62,-62.6,14282,70,7012
17:59:59,3.658,773120,773120,0,1,37.496456,126.958046,0.471,167.4,0.535,1,167.4,"6.062,5.018,5.646","12.779,-14.740,-7.924","-35.400,48.900,13.650",7554,7,1.26,37.496459,126.958044,1437,0,1,0,-64,-62.9,14283,1,7012
17:59:59,3.658,773142,773142,0,1,37.496456,126.958046,0.471,167.4,0.535,1,167.4,"6.795,5.282,4.583","30.160,-16.458,-6.511","-36.450,48.600,13.950",7554,7,1.26,37.496459,126.958044,1437,0,1,0,-64,-62.9,14283,23,7012
17:59:59,3.782,773164,773164,0,1,37.496456,126.958046,0.471,167.4,0.535,1,167.4,"7.049,6.297,5.353","49.458,-7.702,-9.183","-36.900,47.850,13.650",7554,7,1.26,37.496459,126.958044,1437,0,1,0,-64,-62.9,14283,45,7012
17:59:59,3.827,773219,773219,0,1,37.496456,126.958046,0.471,167.4,0.535,1,167.4,"1.274,10.070,19.613","56.595,-35.611,-23.206","-35.700,53.100,13.200",7555,7,1.26,37.496459,126.958044,1437,0,1,0,-66,-64.0,14285,9,7013
17:59:59,3.827,773241,773241,0,1,37.496456,126.958046,0.471,167.4,0.535,1,167.4,"10.180,1.772,19.613","11.618,57.122,-16.366","-37.200,53.550,13.650",7555,7,1.26,37.496459,126.958044,1437,0,1,0,-66,-64.0,14285,31,7013
17:59:59,3.827,773263,773263,0,1,37.496456,126.958046,0.471,167.4,0.535,1,167.4,"10.190,3.989,16.395","-7.939,59.588,4.260","-36.450,55.050,14.700",7555,7,1.26,37.496459,126.958044,1437,0,1,0,-66,-64.0,14285,53,7013
17:59:59,3.828,773285,773285,0,1,37.496456,126.958046,0.471,167.4,0.535,1,167.4,"3.189,11.028,11.717","40.153,20.824,-15.656","-33.900,53.550,12.900",7555,7,1.26,37.496459,126.958044,1437,0,1,0,-64,-64.0,14286,3,7014
17:59:59,3.921,773319,773307,0,1,37.496456,126.958046,0.471,167.4,0.535,1,167.4,"9.242,2.523,12.119","12.786,32.763,-14.565","-34.200,54.750,12.600",7556,7,1.26,37.496459,126.958044,1437,0,1,0,-64,-64.0,14287,5,7014
17:59:59,3.958,773327,773327,0,1,37.496456,126.958046,0.471,167.4,0.535,1,167.4,"2.576,6.019,8.499","-8.427,9.580,-9.840","-33.300,54.900,11.250",7556,7,1.26,37.496459,126.958044,1437,0,1,0,-64,-64.0,14287,13,7014
17:59:59,3.958,773349,773349,0,1,37.496456,126.958046,0.471,167.4,0.535,1,167.4,"3.021,4.410,6.029","-35.229,-9.763,-9.794","-33.150,55.800,12.600",7556,7,1.26,37.496459,126.958044,1437,0,1,0,-64,-64.0,14287,35,7014
17:59:59,3.958,773371,773371,0,1,37.496456,126.958046,0.471,167.4,0.535,1,167.4,"2.394,4.956,6.163","-36.450,-4.298,-11.000","-34.650,54.000,12.900",7556,7,1.26,37.496459,126.958044,1437,0,1,0,-65,-64.2,14288,3,7015
17:59:59,4.050,773393,773393,0,1,37.496456,126.958046,0.471,167.4,0.535,1,167.4,"3.280,4.755,6.780","-34.130,-6.634,-6.855","-32.400,54.000,12.900",7556,7,1.26,37.496459,126.958044,1437,0,1,0,-65,-64.2,14288,25,7015
17:59:59,4.086,773426,773426,0,1,37.496456,126.958046,0.471,167.4,0.535,1,167.4,"2.969,4.448,4.611","-23.336,-4.779,-5.496","-33.450,54.000,13.950",7557,7,1.26,37.496459,126.958044,1437,0,1,0,-65,-64.4,14289,8,7015
17:59:59,4.086,773448,773448,0,1,37.496456,126.958046,0.471,167.4,0.535,1,167.4,"3.476,4.300,4.697","-12.076,2.137,-4.160","-33.900,54.750,11.850",7557,7,1.26,37.496459,126.958044,1437,0,1,0,-65,-64.4,14289,30,7015
17:59:59,4.086,773492,773492,0,1,37.496456,126.958046,0.471,167.4,0.535,1,167.4,"3.529,4.563,3.639","25.137,17.779,-6.145","-33.150,53.550,13.200",7557,7,1.26,37.496459,126.958044,1437,0,1,0,-65,-64.5,14290,24,7016
18:00:00,4.173,773526,773514,0,1,37.496456,126.958046,0.471,167.4,0.535,1,167.4,"3.903,5.200,4.305","44.153,23.771,-7.573","-33.750,52.650,12.300",7558,7,1.26,37.496459,126.958044,1437,0,1,0,-69,-65.4,14291,1,7016
18:00:00,4.205,773534,773534,0,1,37.496456,126.958046,0.471,167.4,0.535,1,167.4,"4.310,5.746,4.501","55.344,23.137,-4.763","-34.500,54.450,13.800",7558,7,1.26,37.496459,126.958044,1437,0,1,0,-69,-65.4,14291,9,7016
18:00:00,4.205,773556,773556,0,1,37.496456,126.958046,0.471,167.4,0.535,1,167.4,"5.258,6.397,5.406","54.397,16.321,0.053","-31.650,57.750,13.950",7558,7,1.26,37.496459,126.958044,1437,0,1,0,-69,-65.4,14291,31,7016
18:00:00,4.205,773578,773578,0,1,37.496456,126.958046,0.471,167.4,0.535,1,167.4,"5.109,7.140,3.941","49.924,2.412,4.023","-31.800,58.350,13.800",7558,7,1.26,37.496459,126.958044,1437,0,1,0,-71,-66.5,14292,10,7017
18:00:00,4.205,773600,773600,0,1,37.496456,126.958046,0.471,167.4,0.535,1,167.4,"5.612,7.599,5.890","46.412,-14.397,5.489","-30.450,57.750,14.700",7558,7,1.26,37.496459,126.958044,1437,0,1,0,-71,-66.5,14292,32,7017
18:00:00,4.205,773635,773635,0,1,37.496456,126.958046,0.471,167.4,0.535,1,167.4,"5.909,7.925,6.239","22.122,-51.473,12.214","-32.700,58.500,13.650",7559,7,1.26,37.496459,126.958044,1437,0,1,0,-71,-66.5,14292,67,7017
18:00:00,4.298,773679,773679,0,1,37.496460,126.958046,0.587,167.4,0.803,1,167.4,"-0.690,9.764,2.461","-26.977,16.687,-14.542","-34.800,60.600,13.500",7559,7,1.26,37.496465,126.958048,1438,0,1,0,-71,-68.0,14294,9,7018
18:00:00,4.437,773701,773701,0,1,37.496460,126.958046,0.587,167.4,0.803,1,167.4,"0.546,10.223,-0.043","-18.053,15.443,-17.397","-33.450,60.450,13.650",7559,7,1.26,37.496465,126.958048,1438,0,1,0,-71,-68.0,14294,31,7018
18:00:00,4.473,773802,773802,0,1,37.496460,126.958046,0.662,167.4,0.803,1,167.4,"3.165,6.704,6.124","-31.878,-16.977,-21.046","-34.800,58.800,13.500",7560,7,1.26,37.496465,126.958048,1439,0,1,0,-70,-68.7,14296,26,7019
18:00:00,4.569,773881,773881,0,1,37.496460,126.958046,0.662,167.4,0.803,1,167.4,"3.630,5.258,4.108","1.374,4.260,-15.809","-34.650,55.500,13.200",7561,7,1.26,37.496465,126.958048,1439,0,1,0,-69,-69.0,14298,11,7020
18:00:00,4.605,773903,773903,0,1,37.496460,126.958046,0.662,167.4,0.803,1,167.4,"3.132,5.406,4.286","25.939,12.885,-14.008","-33.150,55.500,12.900",7561,7,1.26,37.496465,126.958048,1439,0,1,0,-69,-69.0,14298,33,7020
18:00:00,4.605,773938,773938,0,1,37.496460,126.958046,0.662,167.4,0.803,1,167.4,"3.658,6.043,4.458","38.298,14.168,-6.840","-34.800,57.150,13.050",7562,7,1.26,37.496465,126.958048,1439,0,1,0,-69,-69.0,14298,68,7020
18:00:00,4.605,773981,773981,0,1,37.496460,126.958046,0.662,167.4,0.803,1,167.4,"4.257,6.258,5.464","19.458,-14.718,7.107","-34.950,58.500,12.150",7562,7,1.26,37.496465,126.958048,1439,0,1,0,-65,-67.7,14300,10,7021
18:00:00,4.605,774003,774003,0,1,37.496460,126.958046,0.662,167.4,0.803,1,167.4,"4.707,6.115,6.086","15.450,-22.405,8.824","-34.950,59.700,14.400",7562,7,1.26,37.496465,126.958048,1439,0,1,0,-65,-67.7,14300,32,7021
18:00:00,4.606,774038,774038,0,1,37.496460,126.958046,0.662,167.4,0.803,1,167.4,"-19.613,19.613,-5.047","62.634,-125.443,166.183","-34.650,58.500,12.900",7563,7,1.26,37.496465,126.958048,1439,0,1,0,-65,-67.7,14300,67,7021
18:00:00,4.606,774060,774060,0,1,37.496460,126.958046,0.662,167.4,0.803,1,167.4,"-4.544,19.613,-3.692","-88.412,5.366,63.214","-38.250,57.600,13.500",7563,7,1.26,37.496465,126.958048,1439,0,1,0,-65,-67.7,14300,89,7021
18:00:00,4.702,774104,774104,0,1,37.496460,126.958046,0.662,167.4,0.803,1,167.4,"8.906,5.933,11.234","40.710,55.008,-18.817","-34.650,58.500,13.650",7563,7,1.26,37.496465,126.958048,1439,0,1,0,-65,-67.2,14301,26,7022
18:00:00,4.738,774139,774139,0,1,37.496460,126.958046,0.662,167.4,0.803,1,167.4,"1.930,9.883,4.463","-26.931,6.802,-12.954","-35.250,58.800,12.750",7564,7,1.26,37.496465,126.958048,1439,0,1,0,-63,-66.3,14302,11,7022
18:00:00,4.738,774160,774160,0,1,37.496460,126.958046,0.662,167.4,0.803,1,167.4,"4.602,5.717,4.113","-47.817,-32.748,-7.954","-36.150,58.950,14.400",7564,7,1.26,37.496465,126.958048,1439,0,1,0,-63,-66.3,14302,32,7022
18:00:00,4.738,774182,774182,0,1,37.496460,126.958046,0.662,167.4,0.803,1,167.4,"2.648,6.120,5.128","-55.023,-19.397,-15.412","-34.950,58.200,12.600",7564,7,1.26,37.496465,126.958048,1439,0,1,0,-64,-65.9,14303,11,7023
18:00:00,4.738,774204,774204,0,1,37.496460,126.958046,0.662,167.4,0.803,1,167.4,"2.547,5.784,5.976","-46.649,-15.321,-10.740","-33.900,56.250,12.150",7564,7,1.26,37.496465,126.958048,1439,0,1,0,-64,-65.9,14303,33,7023
18:00:00,4.831,774237,774237,0,1,37.496460,126.958046,0.662,167.4,0.803,1,167.4,"2.701,5.315,5.756","-17.542,-2.908,-10.107","-35.400,56.550,12.900",7565,7,1.26,37.496465,126.958048,1439,0,1,0,-64,-65.5,14304,5,7023
18:00:00,4.867,774259,774259,0,1,37.496460,126.958046,0.662,167.4,0.803,1,167.4,"2.480,4.755,4.535","-4.237,5.221,-5.992","-34.800,54.450,13.500",7565,7,1.26,37.496465,126.958048,1439,0,1,0,-64,-65.5,14304,27,7023
18:00:00,4.953,774281,774281,0,1,37.496460,126.958046,0.662,167.4,0.803,1,167.4,"2.523,4.635,4.305","9.038,8.191,-4.366","-33.000,54.150,14.250",7565,7,1.26,37.496465,126.958048,1439,0,1,0,-62,-64.8,14305,4,7024
18:00:00,4.985,774345,774345,0,1,37.496460,126.958046,0.662,167.4,0.803,1,167.4,"4.132,5.871,5.401","35.664,11.412,12.977","-34.800,55.650,14.250",7566,7,1.26,37.496465,126.958048,1439,0,1,0,-61,-64.0,14306,10,7024
18:00:00,4.985,774367,774367,0,1,37.496460,126.958046,0.662,167.4,0.803,1,167.4,"4.219,6.076,5.047","31.466,-2.168,17.214","-33.450,57.750,13.650",7566,7,1.26,37.496465,126.958048,1439,0,1,0,-61,-64.0,14306,32,7024
18:00:00,5.072,774389,774389,0,1,37.496460,126.958046,0.662,167.4,0.803,1,167.4,"4.678,6.512,6.024","27.145,-15.977,20.214","-33.450,57.450,13.950",7566,7,1.26,37.496465,126.958048,1439,0,1,0,-62,-63.6,14307,10,7025
18:00:00,5.103,774411,774411,0,1,37.496460,126.958046,0.662,167.4,0.803,1,167.4,"19.613,-19.613,16.424","-226.412,-137.771,-88.511","-33.150,57.000,13.200",7566,7,1.26,37.496465,126.958048,1439,0,1,0,-62,-63.6,14307,32,7025
18:00:00,5.103,774444,774444,0,1,37.496460,126.958046,0.662,167.4,0.803,1,167.4,"0.077,10.453,14.269","-29.656,18.015,3.847","-35.250,59.550,12.750",7567,7,1.26,37.496465,126.958048,1439,0,1,0,-62,-63.6,14307,65,7025
18:00:00,5.103,774466,774466,0,1,37.496460,126.958046,0.662,167.4,0.803,1,167.4,"2.409,12.383,-0.239","-29.885,43.969,-1.718","-35.550,57.600,12.750",7567,7,1.26,37.496465,126.958048,1439,0,1,0,-61,-63.1,14308,11,7025
18:00:00,5.104,774488,774488,0,1,37.496460,126.958046,0.662,167.4,0.803,1,167.4,"1.973,0.656,-12.560","-51.405,10.344,33.153","-36.300,55.650,12.000",7567,7,1.26,37.496465,126.958048,1439,0,1,0,-60,-62.5,14309,11,7026
18:00:01,5.204,774510,774510,0,1,37.496460,126.958046,0.662,167.4,0.803,1,167.4,"4.099,6.120,9.730","-26.374,6.511,-4.466","-34.950,56.250,12.150",7567,7,1.26,37.496465,126.958048,1439,0,1,0,-60,-62.5,14309,33,7026
18:00:01,5.252,774544,774532,0,1,37.496460,126.958046,0.662,167.4,0.803,1,167.4,"2.509,6.560,3.682","-45.099,-16.405,2.198","-36.300,54.450,13.050",7568,7,1.26,37.496465,126.958048,1439,0,1,0,-58,-61.6,14310,2,7026
18:00:01,5.253,774552,774552,0,1,37.496460,126.958046,0.662,167.4,0.803,1,167.4,"2.648,5.780,5.353","-41.565,-3.191,1.733","-34.500,53.400,13.500",7568,7,1.26,37.496465,126.958048,1439,0,1,0,-58,-61.6,14310,10,7026
18:00:01,5.253,774574,774574,0,1,37.496460,126.958046,0.662,167.4,0.803,1,167.4,"2.720,5.842,6.857","-32.885,-3.450,3.740","-33.750,54.450,13.050",7568,7,1.26,37.496465,126.958048,1439,0,1,0,-58,-61.6,14310,32,7026
18:00:01,5.253,774596,774596,0,1,37.496460,126.958046,0.662,167.4,0.803,1,167.4,"3.017,5.535,5.708","-25.084,2.588,2.870","-34.200,53.100,13.200",7568,7,1.26,37.496465,126.958048,1439,0,1,0,-57,-60.7,14311,20,7027
18:00:01,5.253,774653,774653,0,1,37.496460,126.958046,0.662,167.4,0.803,1,167.4,"2.983,4.755,5.526","12.672,10.550,7.389","-35.700,52.050,13.950",7569,7,1.26,37.496465,126.958048,1439,0,1,0,-56,-59.7,14312,1,7027
18:00:01,5.253,774675,774675,0,1,37.496464,126.958046,0.530,167.4,0.283,1,167.4,"3.553,4.300,5.837","16.473,8.710,5.313","-34.500,52.650,13.800",7569,7,1.26,37.496469,126.958043,1440,0,1,0,-56,-59.7,14312,23,7027
18:00:01,5.349,774697,774697,0,1,37.496464,126.958046,0.530,167.4,0.283,1,167.4,"3.496,4.032,5.550","17.618,5.198,7.695","-35.400,55.050,12.600",7569,7,1.26,37.496469,126.958043,1440,0,1,0,-56,-59.0,14313,17,7028
18:00:01,5.390,774719,774719,0,1,37.496464,126.958046,0.530,167.4,0.283,1,167.4,"3.596,4.027,5.061","15.244,-4.496,7.328","-34.200,54.000,13.650",7569,7,1.26,37.496469,126.958043,1440,0,1,0,-56,-59.0,14313,39,7028
18:00:01,5.390,774754,774754,0,1,37.496464,126.958046,0.530,167.4,0.283,1,167.4,"5.066,4.597,6.009","25.115,-10.336,13.015","-35.700,52.050,13.200",7570,7,1.26,37.496469,126.958043,1440,0,1,0,-56,-58.4,14314,10,7028
18:00:01,5.390,774776,774776,0,1,37.496468,126.958046,0.443,167.4,0.283,1,167.4,"6.134,5.636,7.187","25.061,-19.351,13.779","-35.250,53.400,14.250",7570,7,1.26,37.496469,126.958043,1441,0,1,0,-56,-58.4,14314,32,7028
18:00:01,5.390,774798,774798,0,1,37.496468,126.958046,0.443,167.4,0.283,1,167.4,"-19.613,16.453,2.413","70.870,-71.198,60.664","-36.000,54.450,13.500",7570,7,1.26,37.496469,126.958043,1441,0,1,0,-57,-58.1,14315,21,7029
18:00:01,5.390,774820,774820,0,1,37.496468,126.958046,0.443,167.4,0.283,1,167.4,"11.770,3.591,19.446","-73.092,-7.099,24.626","-34.950,54.000,13.200",7570,7,1.26,37.496469,126.958043,1441,0,1,0,-57,-58.1,14315,43,7029
18:00:01,5.390,774855,774855,0,1,37.496468,126.958046,0.443,167.4,0.283,1,167.4,"12.493,0.819,17.655","-43.656,-8.015,11.511","-35.700,51.300,13.650",7571,7,1.26,37.496469,126.958043,1441,0,1,0,-57,-58.1,14315,78,7029
18:00:01,5.391,774877,774877,0,1,37.496468,126.958046,0.443,167.4,0.283,1,167.4,"3.974,5.114,8.021","-31.344,-1.931,-5.878","-36.900,48.900,13.650",7571,7,1.26,37.496469,126.958043,1441,0,1,0,-56,-57.7,14316,14,7029
18:00:01,5.481,774899,774899,0,1,37.496468,126.958046,0.443,167.4,0.283,1,167.4,"4.046,4.132,5.013","-38.771,-10.985,-6.725","-37.950,49.650,14.700",7571,7,1.26,37.496469,126.958043,1441,0,1,0,-55,-57.2,14317,21,7030
18:00:01,5.522,774956,774956,0,1,37.496468,126.958046,0.443,167.4,0.283,1,167.4,"2.964,3.764,5.909","-15.939,4.725,-18.878","-39.000,49.200,13.800",7572,7,1.26,37.496469,126.958043,1441,0,1,0,-56,-56.9,14318,13,7030
18:00:01,5.523,774977,774977,0,1,37.496468,126.958046,0.443,167.4,0.283,1,167.4,"3.050,3.596,5.133","-7.031,9.275,-19.359","-37.050,49.200,13.800",7572,7,1.26,37.496469,126.958043,1441,0,1,0,-56,-56.9,14318,34,7030
18:00:01,5.523,774999,774999,0,1,37.496468,126.958046,0.443,167.4,0.283,1,167.4,"2.978,3.428,5.037","6.191,11.023,-18.817","-37.950,46.950,13.200",7572,7,1.26,37.496469,126.958043,1441,0,1,0,-56,-56.7,14319,17,7031
18:00:01,5.614,775021,775021,0,1,37.496468,126.958046,0.443,167.4,0.283,1,167.4,"3.247,3.630,5.013","18.366,12.107,-17.183","-36.750,47.250,13.050",7572,7,1.26,37.496469,126.958043,1441,0,1,0,-56,-56.7,14319,39,7031
18:00:01,5.651,775056,775056,0,1,37.496468,126.958046,0.443,167.4,0.283,1,167.4,"4.362,4.472,5.794","23.473,2.863,-13.282","-35.700,49.650,15.150",7573,7,1.26,37.496469,126.958043,1441,0,1,0,-54,-56.2,14320,13,7031
18:00:01,5.651,775077,775077,0,1,37.496468,126.958046,0.443,167.4,0.283,1,167.4,"4.769,4.808,5.684","25.481,-6.260,-12.489","-36.450,51.600,12.900",7573,7,1.26,37.496469,126.958043,1441,0,1,0,-54,-55.8,14321,0,7032
18:00:01,5.738,775099,775099,0,1,37.496468,126.958046,0.443,167.4,0.283,1,167.4,"5.564,5.425,6.747","33.435,-15.962,-9.763","-35.700,50.400,12.600",7573,7,1.26,37.496469,126.958043,1441,0,1,0,-54,-55.8,14321,22,7032
18:00:01,5.771,775121,775121,0,1,37.496468,126.958046,0.443,167.4,0.283,1,167.4,"6.483,5.871,8.447","29.863,-23.786,-7.153","-36.900,50.850,14.400",7573,7,1.26,37.496469,126.958043,1441,0,1,0,-54,-55.8,14321,44,7032
18:00:01,5.771,775178,775178,0,1,37.496468,126.958046,0.443,167.4,0.283,1,167.4,"3.108,6.316,15.127","-102.496,-25.496,7.466","-39.750,49.950,13.800",7574,7,1.26,37.496469,126.958043,1441,0,1,0,-55,-55.6,14322,37,7032
18:00:01,5.857,775200,775200,0,1,37.496468,126.958046,0.443,167.4,0.283,1,167.4,"14.782,-3.486,19.613","-63.748,1.962,4.450","-39.000,48.300,14.550",7574,7,1.26,37.496469,126.958043,1441,0,1,0,-55,-55.5,14323,20,7033
18:00:01,5.889,775255,775255,0,1,37.496468,126.958046,0.443,167.4,0.283,1,167.4,"4.022,4.166,1.844","-28.947,-13.740,-10.710","-41.400,46.650,13.950",7575,7,1.26,37.496469,126.958043,1441,0,1,0,-55,-55.5,14323,75,7033
18:00:01,5.889,775277,775277,0,1,37.496468,126.958046,0.443,167.4,0.283,1,167.4,"5.066,3.117,6.072","-28.183,2.786,-18.710","-39.750,47.550,13.800",7575,7,1.26,37.496469,126.958043,1441,0,1,0,-56,-55.6,14324,17,7033
18:00:01,5.889,775299,775299,0,1,37.496468,126.958046,0.443,167.4,0.283,1,167.4,"2.586,4.492,5.449","-16.160,5.137,-21.504","-39.450,46.950,13.950",7575,7,1.26,37.496469,126.958043,1441,0,1,0,-56,-55.7,14325,13,7034
18:00:01,5.981,775321,775321,0,1,37.496468,126.958046,0.443,167.4,0.283,1,167.4,"3.768,3.405,5.674","0.771,12.908,-20.176","-39.150,46.650,14.400",7575,7,1.26,37.496469,126.958043,1441,0,1,0,-56,-55.7,14325,35,7034
18:00:01,6.017,775355,775343,0,1,37.496468,126.958046,0.443,167.4,0.283,1,167.4,"3.472,3.266,5.636","9.664,17.702,-20.656","-37.950,46.950,11.850",7576,7,1.26,37.496469,126.958043,1441,0,1,0,-56,-55.7,14325,69,7034
18:00:01,6.017,775363,775363,0,1,37.496468,126.958046,0.443,167.4,0.283,1,167.4,"3.601,3.395,6.033","19.832,20.344,-22.160","-39.150,46.650,13.200",7576,7,1.26,37.496469,126.958043,1441,0,1,0,-56,-55.7,14326,7,7034
18:00:01,6.017,775385,775385,0,1,37.496468,126.958046,0.443,167.4,0.283,1,167.4,"3.601,3.405,5.713","21.794,15.962,-18.115","-38.550,48.000,12.900",7576,7,1.26,37.496469,126.958043,1441,0,1,0,-56,-55.8,14327,1,7035
18:00:01,6.103,775429,775429,0,1,37.496468,126.958046,0.443,167.4,0.283,1,167.4,"4.975,4.693,5.636","32.481,0.122,-13.000","-37.200,47.850,13.950",7576,7,1.26,37.496469,126.958043,1441,0,1,0,-56,-55.8,14327,45,7035
18:00:01,6.134,775462,775462,0,1,37.496468,126.958046,0.443,167.4,0.283,1,167.4,"5.492,5.047,6.139","34.832,-8.000,-5.389","-37.500,49.500,14.550",7577,7,1.26,37.496469,126.958043,1441,0,1,0,-55,-55.6,14328,1,7035
18:00:01,6.134,775484,775484,0,1,37.496468,126.958046,0.443,167.4,0.283,1,167.4,"5.631,5.358,6.038","27.908,-21.443,2.481","-37.950,49.650,13.200",7577,7,1.26,37.496469,126.958043,1441,0,1,0,-55,-55.6,14328,23,7035
18:00:01,6.134,775506,775506,0,1,37.496468,126.958046,0.443,167.4,0.283,1,167.4,"19.613,-0.551,6.110","88.687,-85.450,-82.198","-37.800,51.750,13.800",7577,7,1.26,37.496469,126.958043,1441,0,1,0,-56,-55.7,14329,17,7036
18:00:01,6.134,775528,775528,0,1,37.496468,126.958046,0.443,167.4,0.283,1,167.4,"12.325,11.013,17.195","-53.191,-5.336,21.374","-39.750,52.200,13.050",7577,7,1.26,37.496469,126.958043,1441,0,1,0,-56,-55.7,14329,39,7036
18:00:02,6.221,775562,775550,0,1,37.496468,126.958046,0.443,167.4,0.283,1,167.4,"7.317,5.272,7.456","-24.573,36.183,-2.389","-39.750,52.200,11.700",7578,7,1.26,37.496469,126.958043,1441,0,1,0,-56,-55.7,14329,73,7036
18:00:02,6.252,775592,775592,0,1,37.496468,126.958046,0.443,167.4,0.283,1,167.4,"8.753,0.747,-11.741","4.832,38.779,2.160","-37.800,51.750,13.500",7578,7,1.26,37.496469,126.958043,1441,0,1,0,-54,-55.1,14331,7,7037
18:00:02,6.252,775614,775614,0,1,37.496468,126.958046,0.443,167.4,0.283,1,167.4,"6.302,3.184,5.406","16.092,16.107,-9.481","-38.700,50.850,13.650",7578,7,1.26,37.496469,126.958043,1441,0,1,0,-54,-55.1,14331,29,7037
18:00:02,6.252,775636,775636,0,1,37.496468,126.958046,0.443,167.4,0.283,1,167.4,"9.012,1.073,-0.426","-24.260,-15.412,-0.802","-37.500,50.250,12.300",7578,7,1.26,37.496469,126.958043,1441,0,1,0,-54,-55.1,14331,51,7037
18:00:02,6.252,775671,775671,0,1,37.496471,126.958038,0.376,167.4,0.252,1,167.4,"5.301,4.003,5.904","-41.115,-14.641,-1.924","-36.750,51.000,14.250",7579,7,1.26,37.496475,126.958036,1442,0,1,0,-54,-55.1,14331,86,7037
18:00:02,6.253,775693,775693,0,1,37.496471,126.958038,0.376,167.4,0.252,1,167.4,"5.152,3.706,6.388","-31.260,-7.748,8.763","-38.400,50.850,14.700",7579,7,1.26,37.496475,126.958036,1442,0,1,0,-55,-55.1,14333,8,7038
18:00:02,6.344,775715,775715,0,1,37.496471,126.958038,0.376,167.4,0.252,1,167.4,"3.136,4.271,4.793","-19.168,2.763,14.260","-37.050,48.300,14.250",7579,7,1.26,37.496475,126.958036,1442,0,1,0,-55,-55.1,14333,30,7038
18:00:02,6.376,775737,775737,0,1,37.496471,126.958038,0.376,167.4,0.252,1,167.4,"3.658,4.070,5.310","-4.420,3.771,15.817","-36.900,48.600,15.150",7579,7,1.26,37.496475,126.958036,1442,0,1,0,-55,-55.1,14333,52,7038
18:00:02,6.376,775772,775772,0,1,37.496471,126.958038,0.333,167.4,0.252,1,167.4,"3.491,3.864,5.329","-2.672,-0.069,22.618","-37.650,49.350,12.900",7580,7,1.26,37.496475,126.958036,1443,0,1,0,-55,-55.1,14333,87,7038
18:00:02,6.484,775794,775794,0,1,37.496471,126.958038,0.333,167.4,0.252,1,167.4,"3.711,4.329,5.760","-2.168,-9.092,22.397","-38.250,48.750,14.250",7580,7,1.26,37.496475,126.958036,1443,0,1,0,-57,-55.4,14335,9,7039
18:00:02,6.524,775894,775894,0,1,37.496471,126.958038,0.333,167.4,0.252,1,167.4,"13.130,-16.970,-19.613","99.992,-16.695,1.489","-39.000,48.300,13.800",7581,7,1.26,37.496475,126.958036,1443,0,1,0,-57,-56.2,14337,5,7040
18:00:02,6.524,775938,775938,0,1,37.496471,126.958038,0.333,167.4,0.252,1,167.4,"6.622,9.443,14.073","63.901,78.824,-37.359","-40.500,51.000,13.800",7581,7,1.26,37.496475,126.958036,1443,0,1,0,-57,-56.2,14337,49,7040
18:00:02,6.524,775973,775973,0,1,37.496471,126.958038,0.333,167.4,0.252,1,167.4,"4.994,8.772,10.032","21.641,45.260,-21.252","-38.250,52.200,14.250",7582,7,1.26,37.496475,126.958036,1443,0,1,0,-55,-55.9,14338,9,7040
18:00:02,6.525,775995,775995,0,1,37.496471,126.958038,0.333,167.4,0.252,1,167.4,"6.771,8.083,7.235","-21.450,-28.298,-11.305","-35.400,52.800,13.950",7582,7,1.26,37.496475,126.958036,1443,0,1,0,-55,-55.7,14339,8,7041
18:00:02,6.621,776017,776017,0,1,37.496471,126.958038,0.333,167.4,0.252,1,167.4,"5.880,4.798,6.747","-25.107,-14.366,-27.053","-34.800,52.950,13.800",7582,7,1.26,37.496475,126.958036,1443,0,1,0,-55,-55.7,14339,30,7041
18:00:02,6.657,776039,776039,0,1,37.496471,126.958038,0.333,167.4,0.252,1,167.4,"4.180,6.072,5.923","-49.328,-30.183,-25.084","-36.450,53.100,15.150",7582,7,1.26,37.496475,126.958036,1443,0,1,0,-55,-55.7,14339,52,7041
18:00:02,6.657,776074,776074,0,1,37.496471,126.958038,0.333,167.4,0.252,1,167.4,"4.439,4.865,6.273","-36.725,-9.466,-15.756","-37.500,51.750,15.600",7583,7,1.26,37.496475,126.958036,1443,0,1,0,-56,-55.8,14340,10,7041
18:00:02,6.657,776096,776096,0,1,37.496475,126.958038,0.333,167.4,0.252,1,167.4,"4.405,4.908,4.477","-17.290,8.733,-13.214","-38.550,48.750,13.800",7583,7,1.26,37.496475,126.958036,1443,0,1,0,-55,-55.6,14341,10,7042
18:00:02,6.753,776118,776118,0,1,37.496475,126.958038,0.333,167.4,0.252,1,167.4,"4.156,4.841,5.947","-6.931,18.229,-8.672","-37.950,52.050,13.650",7583,7,1.26,37.496475,126.958036,1443,0,1,0,-55,-55.6,14341,32,7042
18:00:02,6.789,776174,776174,0,1,37.496475,126.958038,0.333,167.4,0.252,1,167.4,"4.166,4.707,6.373","-8.489,16.137,-5.023","-34.800,49.950,15.300",7584,7,1.26,37.496475,126.958036,1443,0,1,0,-55,-55.5,14342,1,7042
18:00:02,6.789,776196,776196,0,1,37.496475,126.958038,0.333,167.4,0.252,1,167.4,"3.716,4.305,6.656","-0.916,11.527,-3.031","-34.800,50.250,14.850",7584,7,1.26,37.496475,126.958036,1443,0,1,0,-55,-55.4,14343,7,7043
18:00:02,6.789,776240,776240,0,1,37.496475,126.958038,0.333,167.4,0.252,1,167.4,"2.389,4.568,5.818","19.863,10.641,0.924","-36.300,49.500,14.550",7584,7,1.26,37.496475,126.958036,1443,0,1,0,-55,-55.4,14343,51,7043
18:00:02,6.883,776273,776273,0,1,37.496475,126.958038,0.333,167.4,0.252,1,167.4,"1.815,4.879,6.091","23.443,2.947,10.374","-36.450,52.800,15.450",7585,7,1.26,37.496475,126.958036,1443,0,1,0,-56,-55.5,14344,5,7043
18:00:02,6.919,776339,776339,0,1,37.496475,126.958038,0.333,167.4,0.252,1,167.4,"2.207,5.962,5.981","-2.817,-25.237,15.031","-33.900,50.400,13.200",7585,7,1.26,37.496475,126.958036,1443,0,1,0,-56,-55.6,14345,47,7044
18:00:02,6.919,776373,776361,0,1,37.496475,126.958038,0.333,167.4,0.252,1,167.4,"2.380,6.067,5.650","-12.977,-31.053,14.473","-34.050,51.450,14.850",7586,7,1.26,37.496475,126.958036,1443,0,1,0,-55,-55.5,14346,5,7044
18:00:02,6.919,776381,776381,0,1,37.496475,126.958038,0.333,167.4,0.252,1,167.4,"2.729,6.029,5.128","-9.595,-26.656,12.733","-35.250,51.750,13.800",7586,7,1.26,37.496475,126.958036,1443,0,1,0,-55,-55.5,14346,13,7044
18:00:02,7.003,776425,776425,0,1,37.496475,126.958038,0.333,167.4,0.252,1,167.4,"3.505,6.828,4.908","25.939,-13.595,7.733","-37.050,51.750,13.800",7586,7,1.26,37.496475,126.958036,1443,0,1,0,-56,-55.6,14347,29,7045
18:00:02,7.120,776447,776447,0,1,37.496475,126.958038,0.333,167.4,0.252,1,167.4,"4.884,6.694,6.766","56.130,-8.626,4.053","-37.800,52.200,13.800",7586,7,1.26,37.496475,126.958036,1443,0,1,0,-56,-55.6,14347,51,7045
18:00:02,7.151,776480,776480,0,1,37.496475,126.958038,0.333,167.4,0.252,1,167.4,"1.700,-19.613,-19.613","110.939,-83.679,69.489","-36.300,53.700,12.750",7587,7,1.26,37.496475,126.958036,1443,0,1,0,-58,-56.1,14348,5,7045
18:00:02,7.151,776502,776502,0,1,37.496475,126.958038,0.333,167.4,0.252,1,167.4,"9.318,11.052,12.771","50.748,36.458,2.443","-38.250,54.450,14.550",7587,7,1.26,37.496475,126.958036,1443,0,1,0,-57,-56.3,14349,12,7046
18:00:02,7.151,776524,776524,0,1,37.496475,126.958038,0.333,167.4,0.252,1,167.4,"3.802,8.107,4.836","20.397,84.282,-16.176","-34.950,55.500,15.150",7587,7,1.26,37.496475,126.958036,1443,0,1,0,-57,-56.3,14349,34,7046
18:00:02,7.152,776546,776546,0,1,37.496475,126.958038,0.333,167.4,0.252,1,167.4,"11.138,2.423,16.803","6.366,39.702,-4.366","-34.650,58.200,14.400",7587,7,1.26,37.496475,126.958036,1443,0,1,0,-57,-56.3,14349,56,7046
18:00:02,7.152,776580,776568,0,1,37.496475,126.958038,0.333,167.4,0.252,1,167.4,"4.750,9.270,6.335","3.702,21.214,-12.260","-33.450,57.000,14.400",7588,7,1.26,37.496475,126.958036,1443,0,1,0,-57,-56.3,14349,90,7046
18:00:03,7.250,776588,776588,0,1,37.496475,126.958038,0.333,167.4,0.252,1,167.4,"2.945,6.608,7.034","-33.733,-12.901,-10.031","-34.200,58.500,13.200",7588,7,1.26,37.496475,126.958036,1443,0,1,0,-57,-56.4,14350,8,7046
18:00:03,7.294,776610,776610,0,1,37.496475,126.958038,0.333,167.4,0.252,1,167.4,"1.595,5.693,6.306","-61.336,-14.206,-4.916","-33.450,55.800,13.950",7588,7,1.26,37.496475,126.958036,1443,0,1,0,-56,-56.3,14351,19,7047
18:00:03,7.294,776632,776632,0,1,37.496475,126.958038,0.333,167.4,0.252,1,167.4,"3.084,5.454,6.297","-76.237,-30.893,3.305","-34.200,55.500,15.150",7588,7,1.26,37.496475,126.958036,1443,0,1,0,-56,-56.3,14351,41,7047
18:00:03,7.294,776654,776654,0,1,37.496475,126.958031,0.393,167.4,0.504,1,167.4,"3.898,4.673,5.195","-73.481,-24.183,6.550","-35.250,54.150,13.800",7588,7,1.26,37.496480,126.958031,1444,0,1,0,-56,-56.3,14351,63,7047
18:00:03,7.294,776689,776689,0,1,37.496475,126.958031,0.393,167.4,0.504,1,167.4,"3.146,4.180,5.569","-62.611,-17.779,10.137","-34.650,51.300,13.200",7589,7,1.26,37.496480,126.958031,1444,0,1,0,-56,-56.3,14352,7,7047
18:00:03,7.294,776710,776710,0,1,37.496479,126.958031,0.393,167.4,0.504,1,167.4,"3.500,3.845,5.770","-46.550,-6.321,15.092","-37.050,49.200,15.300",7589,7,1.26,37.496480,126.958031,1444,0,1,0,-57,-56.4,14353,18,7048
18:00:03,7.294,776732,776732,0,1,37.496479,126.958031,0.393,167.4,0.504,1,167.4,"3.721,4.410,5.866","-26.489,7.656,15.901","-37.500,49.500,13.800",7589,7,1.26,37.496480,126.958031,1444,0,1,0,-57,-56.4,14353,40,7048
18:00:03,7.294,776754,776754,0,1,37.496479,126.958031,0.393,167.4,0.504,1,167.4,"3.371,4.286,5.832","-9.450,17.305,18.878","-37.050,47.550,15.300",7589,7,1.26,37.496480,126.958031,1444,0,1,0,-57,-56.4,14353,62,7048
18:00:03,7.385,776789,776789,0,1,37.496479,126.958031,0.432,167.4,0.504,1,167.4,"3.021,3.989,5.866","-2.641,16.542,24.580","-34.800,48.750,13.800",7590,7,1.26,37.496480,126.958031,1445,0,1,0,-57,-56.5,14354,6,7048
18:00:03,7.425,776833,776833,0,1,37.496479,126.958031,0.432,167.4,0.504,1,167.4,"2.523,4.070,5.516","-2.489,2.153,28.947","-34.800,48.750,15.300",7590,7,1.26,37.496480,126.958031,1445,0,1,0,-58,-56.8,14355,42,7049
18:00:03,7.426,776855,776855,0,1,37.496479,126.958031,0.432,167.4,0.504,1,167.4,"3.299,4.080,4.894","-2.603,-7.611,30.107","-36.000,48.000,14.550",7590,7,1.26,37.496480,126.958031,1445,0,1,0,-58,-56.8,14355,64,7049
18:00:03,7.426,776890,776890,0,1,37.496479,126.958031,0.432,167.4,0.504,1,167.4,"5.080,5.602,5.095","25.130,-27.649,29.672","-34.500,47.250,14.550",7591,7,1.26,37.496480,126.958031,1445,0,1,0,-60,-58.0,14357,1,7050
18:00:03,7.521,776912,776912,0,1,37.496479,126.958031,0.432,167.4,0.504,1,167.4,"6.019,5.578,5.511","35.832,-39.015,31.008","-36.150,46.950,14.400",7591,7,1.26,37.496480,126.958031,1445,0,1,0,-60,-58.0,14357,23,7050
18:00:03,7.659,776991,776991,0,1,37.496479,126.958031,0.432,167.4,0.504,1,167.4,"19.613,19.613,19.613","-250.137,-250.137,-234.481","-38.250,49.500,13.500",7592,7,1.26,37.496480,126.958031,1445,0,1,0,-64,-59.2,14358,16,7050
18:00:03,7.691,777013,777013,0,1,37.496479,126.958031,0.432,167.4,0.504,1,167.4,"11.602,4.702,15.165","-52.740,1.656,0.351","-40.200,48.600,13.650",7592,7,1.26,37.496480,126.958031,1445,0,1,0,-65,-60.3,14359,20,7051
18:00:03,7.691,777035,777035,0,1,37.496479,126.958031,0.432,167.4,0.504,1,167.4,"-3.251,11.272,0.297","-32.282,68.939,-16.466","-39.000,48.750,13.500",7592,7,1.26,37.496480,126.958031,1445,0,1,0,-65,-60.3,14359,42,7051
18:00:03,7.691,777057,777057,0,1,37.496479,126.958031,0.432,167.4,0.504,1,167.4,"4.142,8.188,10.017","30.870,-5.977,-8.099","-38.400,48.150,13.200",7592,7,1.26,37.496480,126.958031,1445,0,1,0,-65,-60.3,14359,64,7051
18:00:03,7.691,777092,777092,0,1,37.496479,126.958031,0.432,167.4,0.504,1,167.4,"4.975,2.605,2.447","-15.412,28.458,6.855","-38.700,48.900,12.900",7593,7,1.26,37.496480,126.958031,1445,0,1,0,-61,-60.6,14361,2,7052
18:00:03,7.691,777114,777114,0,1,37.496479,126.958031,0.432,167.4,0.504,1,167.4,"3.261,3.826,9.941","-10.786,6.450,7.611","-39.750,48.750,13.050",7593,7,1.26,37.496480,126.958031,1445,0,1,0,-61,-60.6,14361,24,7052
18:00:03,7.691,777136,777136,0,1,37.496479,126.958031,0.432,167.4,0.504,1,167.4,"3.323,2.490,4.415","-5.496,5.656,13.718","-39.450,48.150,12.900",7593,7,1.26,37.496480,126.958031,1445,0,1,0,-61,-60.6,14361,46,7052
18:00:03,7.692,777158,777158,0,1,37.496479,126.958031,0.432,167.4,0.504,1,167.4,"2.303,2.624,5.488","3.992,8.588,14.580","-39.300,47.250,12.300",7593,7,1.26,37.496480,126.958031,1445,0,1,0,-61,-60.6,14361,68,7052
18:00:03,7.783,777191,777191,0,1,37.496479,126.958031,0.432,167.4,0.504,1,167.4,"3.361,2.969,5.420","18.160,9.183,20.603","-37.950,47.400,12.900",7594,7,1.26,37.496480,126.958031,1445,0,1,0,-63,-61.8,14363,1,7053
18:00:03,7.819,777213,777213,0,1,37.496479,126.958031,0.432,167.4,0.504,1,167.4,"3.697,3.716,5.100","23.550,6.336,18.244","-38.550,46.800,13.500",7594,7,1.26,37.496480,126.958031,1445,0,1,0,-63,-61.8,14363,23,7053
18:00:03,7.819,777235,777235,0,1,37.496479,126.958031,0.432,167.4,0.504,1,167.4,"4.788,5.042,5.559","22.565,-4.969,18.450","-35.550,49.500,12.750",7594,7,1.26,37.496480,126.958031,1445,0,1,0,-63,-61.8,14363,45,7053
18:00:03,7.819,777257,777257,0,1,37.496479,126.958031,0.432,167.4,0.504,1,167.4,"6.460,5.325,6.507","31.267,-6.618,13.122","-37.800,48.750,12.300",7594,7,1.26,37.496480,126.958031,1445,0,1,0,-63,-61.8,14363,67,7053
18:00:03,7.905,777291,777279,0,1,37.496479,126.958031,0.432,167.4,0.504,1,167.4,"8.878,19.613,6.445","58.328,-40.107,16.420","-38.400,48.900,12.900",7595,7,1.26,37.496480,126.958031,1445,0,1,0,-63,-61.8,14363,101,7053
18:00:03,7.936,777299,777299,0,1,37.496479,126.958031,0.432,167.4,0.504,1,167.4,"9.524,4.511,17.842","48.313,41.313,-23.359","-39.150,50.400,13.650",7595,7,1.26,37.496480,126.958031,1445,0,1,0,-68,-64.0,14365,5,7054
18:00:03,7.936,777321,777321,0,1,37.496479,126.958031,0.432,167.4,0.504,1,167.4,"7.207,6.019,13.240","0.664,76.802,-16.702","-39.150,50.850,12.900",7595,7,1.26,37.496480,126.958031,1445,0,1,0,-68,-64.0,14365,27,7054
18:00:03,7.936,777343,777343,0,1,37.496479,126.958031,0.432,167.4,0.504,1,167.4,"2.519,4.865,-2.552","-22.504,92.382,-6.756","-36.150,52.800,12.600",7595,7,1.26,37.496480,126.958031,1445,0,1,0,-68,-64.0,14365,49,7054
18:00:03,8.023,777365,777365,0,1,37.496479,126.958031,0.432,167.4,0.504,1,167.4,"7.977,4.482,17.128","-2.115,1.977,-17.817","-36.300,52.950,12.750",7595,7,1.26,37.496480,126.958031,1445,0,1,0,-68,-64.0,14365,71,7054
18:00:03,8.054,777398,777398,0,1,37.496479,126.958031,0.432,167.4,0.504,1,167.4,"3.596,4.252,4.223","-44.290,-39.076,-2.130","-35.400,52.350,12.900",7596,7,1.26,37.496480,126.958031,1445,0,1,0,-68,-64.0,14365,104,7054
18:00:03,8.054,777420,777420,0,1,37.496479,126.958031,0.432,167.4,0.504,1,167.4,"3.601,3.017,3.749","-50.832,-4.565,-3.084","-36.900,51.300,11.400",7596,7,1.26,37.496480,126.958031,1445,0,1,0,-67,-65.1,14367,18,7055
18:00:03,8.141,777442,777442,0,1,37.496479,126.958031,0.432,167.4,0.504,1,167.4,"3.500,3.184,5.713","-36.992,-2.115,3.870","-37.800,50.250,14.550",7596,7,1.26,37.496480,126.958031,1445,0,1,0,-67,-65.1,14367,40,7055
18:00:04,8.173,777498,777486,0,1,37.496479,126.958031,0.432,167.4,0.504,1,167.4,"3.515,2.600,5.320","-3.267,26.626,8.954","-36.000,48.300,13.050",7597,7,1.26,37.496480,126.958031,1445,0,1,0,-67,-65.1,14367,96,7055
18:00:04,8.173,777506,777506,0,1,37.496479,126.958031,0.432,167.4,0.504,1,167.4,"4.099,2.782,5.842","8.985,27.832,9.351","-35.400,49.350,12.600",7597,7,1.26,37.496480,126.958031,1445,0,1,0,-74,-68.5,14369,2,7056
18:00:04,8.173,777528,777528,0,1,37.496479,126.958031,0.432,167.4,0.504,1,167.4,"4.405,3.438,5.444","15.954,24.924,7.466","-35.250,49.950,12.300",7597,7,1.26,37.496480,126.958031,1445,0,1,0,-74,-68.5,14369,24,7056
18:00:04,8.173,777550,777550,0,1,37.496479,126.958031,0.432,167.4,0.504,1,167.4,"4.635,3.926,4.683","26.481,11.771,6.015","-33.750,48.300,13.500",7597,7,1.26,37.496480,126.958031,1445,0,1,0,-74,-68.5,14369,46,7056
18:00:04,8.173,777572,777572,0,1,37.496479,126.958031,0.432,167.4,0.504,1,167.4,"4.937,4.908,4.472","39.244,-9.130,2.908","-34.200,47.850,14.400",7597,7,1.26,37.496480,126.958031,1445,0,1,0,-74,-68.5,14369,68,7056
18:00:04,8.265,777607,777607,0,1,37.496479,126.958031,0.432,167.4,0.504,1,167.4,"5.550,5.564,5.899","35.611,-24.855,3.489","-35.550,49.950,14.550",7598,7,1.26,37.496480,126.958031,1445,0,1,0,-74,-68.5,14369,103,7056
18:00:04,8.301,777629,777629,0,1,37.496479,126.958031,0.432,167.4,0.504,1,167.4,"6.182,5.669,6.091","24.397,-27.664,5.695","-34.800,51.000,13.050",7598,7,1.26,37.496480,126.958031,1445,0,1,0,-71,-69.0,14370,22,7057
18:00:04,8.301,777651,777651,0,1,37.496479,126.958031,0.432,167.4,0.504,1,167.4,"7.154,6.483,8.068","14.634,-33.878,8.084","-35.400,53.100,14.700",7598,7,1.26,37.496480,126.958031,1445,0,1,0,-71,-69.0,14370,44,7057
18:00:04,8.301,777673,777673,0,1,37.496479,126.958031,0.515,167.4,0.669,1,167.4,"8.284,9.443,10.424","7.618,-6.847,1.099","-36.000,51.750,13.050",7598,7,1.26,37.496479,126.958030,1446,0,1,0,-71,-69.0,14370,66,7057
18:00:04,8.301,777708,777708,0,1,37.496479,126.958031,0.515,167.4,0.669,1,167.4,"1.872,3.821,14.509","-27.420,63.534,-5.893","-36.300,53.700,12.750",7599,7,1.26,37.496479,126.958030,1446,0,1,0,-68,-68.6,14372,1,7058
18:00:04,8.301,777730,777730,0,1,37.496479,126.958031,0.515,167.4,0.669,1,167.4,"3.836,3.601,2.557","-12.748,75.786,-33.221","-37.650,52.050,14.400",7599,7,1.26,37.496479,126.958030,1446,0,1,0,-68,-68.6,14372,23,7058
18:00:04,8.393,777752,777752,0,1,37.496479,126.958031,0.515,167.4,0.669,1,167.4,"4.673,6.551,19.613","13.351,-3.595,-13.832","-34.650,54.750,13.200",7599,7,1.26,37.496479,126.958030,1446,0,1,0,-68,-68.6,14372,45,7058
18:00:04,8.424,777774,777774,0,1,37.496479,126.958031,0.569,167.4,0.669,1,167.4,"8.068,7.173,12.072","-31.084,12.840,-20.565","-35.400,54.000,13.650",7599,7,1.26,37.496479,126.958030,1447,0,1,0,-68,-68.6,14372,67,7058
18:00:04,8.424,777830,777830,0,1,37.496479,126.958031,0.569,167.4,0.669,1,167.4,"3.950,4.702,5.981","-13.084,14.145,-11.031","-34.800,52.650,12.750",7600,7,1.26,37.496479,126.958030,1447,0,1,0,-67,-68.0,14374,28,7059
18:00:04,8.424,777852,777852,0,1,37.496479,126.958031,0.569,167.4,0.669,1,167.4,"3.567,4.319,5.076","-6.962,19.435,-9.817","-34.650,50.100,11.850",7600,7,1.26,37.496479,126.958030,1447,0,1,0,-67,-68.0,14374,50,7059
18:00:04,8.523,777874,777874,0,1,37.496479,126.958031,0.569,167.4,0.669,1,167.4,"3.093,4.894,6.091","-4.122,21.931,-6.344","-34.950,51.600,13.200",7600,7,1.26,37.496479,126.958030,1447,0,1,0,-67,-68.0,14374,72,7059
18:00:04,8.559,777909,777909,0,1,37.496479,126.958031,0.569,167.4,0.669,1,167.4,"3.294,4.650,5.377","9.191,11.794,-0.099","-36.000,51.750,14.250",7601,7,1.26,37.496479,126.958030,1447,0,1,0,-67,-67.5,14376,4,7060
18:00:04,8.559,777930,777930,0,1,37.496479,126.958031,0.569,167.4,0.669,1,167.4,"3.160,5.152,5.516","18.527,8.985,2.412","-33.750,52.950,13.050",7601,7,1.26,37.496479,126.958030,1447,0,1,0,-67,-67.5,14376,25,7060
18:00:04,8.560,777952,777952,0,1,37.496479,126.958031,0.569,167.4,0.669,1,167.4,"3.970,5.148,6.144","19.611,6.198,5.771","-34.200,53.550,15.450",7601,7,1.26,37.496479,126.958030,1447,0,1,0,-67,-67.5,14376,47,7060
18:00:04,8.560,777974,777974,0,1,37.496479,126.958031,0.569,167.4,0.669,1,167.4,"3.941,4.951,5.875","22.588,-2.695,7.977","-31.650,53.550,12.600",7601,7,1.26,37.496479,126.958030,1447,0,1,0,-67,-67.5,14376,69,7060
18:00:04,8.560,778009,778009,0,1,37.496479,126.958031,0.569,167.4,0.669,1,167.4,"3.807,5.631,6.249","28.893,-18.214,14.679","-32.400,53.550,14.400",7602,7,1.26,37.496479,126.958030,1447,0,1,0,-65,-67.0,14377,3,7060
18:00:04,8.560,778031,778031,0,1,37.496479,126.958031,0.569,167.4,0.669,1,167.4,"4.041,6.268,6.397","22.756,-28.412,16.977","-33.900,54.750,13.200",7602,7,1.26,37.496479,126.958030,1447,0,1,0,-65,-66.6,14378,22,7061
18:00:04,8.657,778053,778053,0,1,37.496479,126.958031,0.569,167.4,0.669,1,167.4,"5.210,6.785,6.393","15.695,-43.099,17.824","-33.000,54.900,12.750",7602,7,1.26,37.496479,126.958030,1447,0,1,0,-65,-66.6,14378,44,7061
18:00:04,8.693,778075,778075,0,1,37.496479,126.958031,0.569,167.4,0.669,1,167.4,"7.178,6.522,6.167","16.649,-50.344,15.229","-34.500,54.150,13.500",7602,7,1.26,37.496479,126.958030,1447,0,1,0,-65,-66.6,14378,66,7061
18:00:04,8.693,778110,778110,0,1,37.496479,126.958031,0.569,167.4,0.669,1,167.4,"4.779,9.366,19.613","16.359,66.695,-32.252","-36.900,55.050,12.150",7603,7,1.26,37.496479,126.958030,1447,0,1,0,-65,-66.2,14380,0,7062
18:00:04,8.693,778132,778132,0,1,37.496479,126.958031,0.569,167.4,0.669,1,167.4,"9.500,1.992,-19.613","4.397,46.412,-13.855","-36.150,56.250,13.650",7603,7,1.26,37.496479,126.958030,1447,0,1,0,-65,-66.2,14380,22,7062
18:00:04,8.693,778154,778154,0,1,37.496479,126.958031,0.569,167.4,0.669,1,167.4,"3.816,10.343,13.446","-10.160,-5.328,-12.977","-36.300,56.100,14.250",7603,7,1.26,37.496479,126.958030,1447,0,1,0,-65,-66.2,14380,44,7062
18:00:04,8.792,778176,778176,0,1,37.496479,126.958031,0.569,167.4,0.669,1,167.4,"7.331,5.942,19.613","-17.229,10.511,-24.061","-34.800,56.400,14.250",7603,7,1.26,37.496479,126.958030,1447,0,1,0,-65,-66.2,14380,66,7062
18:00:04,8.828,778209,778209,0,1,37.496479,126.958031,0.569,167.4,0.669,1,167.4,"1.987,3.855,2.136","-35.237,19.084,-4.359","-35.700,55.050,14.700",7604,7,1.26,37.496479,126.958030,1447,0,1,0,-66,-66.1,14381,8,7062
18:00:04,8.828,778231,778231,0,1,37.496479,126.958031,0.569,167.4,0.669,1,167.4,"2.404,4.592,7.456","-21.237,26.618,-0.160","-34.800,54.900,14.250",7604,7,1.26,37.496479,126.958030,1447,0,1,0,-65,-65.9,14382,21,7063
18:00:04,8.828,778253,778253,0,1,37.496479,126.958031,0.569,167.4,0.669,1,167.4,"3.539,3.946,5.760","-2.763,39.336,8.573","-35.550,53.700,14.850",7604,7,1.26,37.496479,126.958030,1447,0,1,0,-65,-65.9,14382,43,7063
18:00:04,8.828,778309,778297,0,1,37.496479,126.958031,0.569,167.4,0.669,1,167.4,"3.242,4.621,5.947","25.305,41.023,14.931","-31.050,55.650,12.300",7605,7,1.26,37.496479,126.958030,1447,0,1,0,-65,-65.7,14383,4,7063
18:00:04,8.923,778317,778317,0,1,37.496479,126.958031,0.569,167.4,0.669,1,167.4,"3.438,4.803,5.775","24.015,33.847,13.656","-32.700,55.500,13.200",7605,7,1.26,37.496479,126.958030,1447,0,1,0,-65,-65.6,14384,3,7064
18:00:04,9.054,778383,778383,0,1,37.496479,126.958031,0.569,167.4,0.669,1,167.4,"4.678,4.875,6.110","1.122,-28.672,17.336","-30.300,54.900,13.800",7605,7,1.26,37.496479,126.958030,1447,0,1,0,-65,-65.6,14384,69,7064
18:00:04,9.090,778416,778416,0,1,37.496479,126.958031,0.569,167.4,0.669,1,167.4,"4.707,5.339,6.000","-3.588,-38.061,19.191","-33.000,56.100,14.850",7606,7,1.26,37.496479,126.958030,1447,0,1,0,-65,-65.5,14385,7,7064
18:00:04,9.090,778438,778438,0,1,37.496479,126.958031,0.569,167.4,0.669,1,167.4,"5.325,5.574,5.468","13.252,-26.763,18.977","-32.400,56.550,13.650",7606,7,1.26,37.496479,126.958030,1447,0,1,0,-64,-65.2,14386,20,7065
18:00:05,9.181,778460,778460,0,1,37.496479,126.958031,0.569,167.4,0.669,1,167.4,"6.024,6.527,5.746","31.450,-19.084,15.053","-33.300,56.100,12.750",7606,7,1.26,37.496479,126.958030,1447,0,1,0,-64,-65.2,14386,42,7065
18:00:05,9.217,778524,778524,0,1,37.496479,126.958031,0.569,167.4,0.669,1,167.4,"3.438,7.250,5.119","-14.443,29.366,-11.153","-36.900,57.750,12.600",7607,7,1.26,37.496479,126.958030,1447,0,1,0,-66,-65.6,14388,2,7066
18:00:05,9.217,778546,778546,0,1,37.496479,126.958031,0.569,167.4,0.669,1,167.4,"5.186,6.972,3.050","0.756,-15.008,-15.702","-33.150,56.550,12.900",7607,7,1.26,37.496479,126.958030,1447,0,1,0,-66,-65.6,14388,24,7066
18:00:05,9.217,778568,778568,0,1,37.496479,126.958031,0.569,167.4,0.669,1,167.4,"1.671,5.061,8.155","-41.870,28.153,-11.588","-33.900,58.200,12.900",7607,7,1.26,37.496479,126.958030,1447,0,1,0,-66,-65.6,14388,46,7066
18:00:05,9.217,778590,778590,0,1,37.496479,126.958031,0.569,167.4,0.669,1,167.4,"6.455,4.080,7.288","-38.351,-4.496,-6.649","-33.300,57.600,13.500",7607,7,1.26,37.496479,126.958030,1447,0,1,0,-66,-65.6,14388,68,7066
18:00:05,9.315,778668,778668,0,1,37.496479,126.958031,0.479,167.4,0.314,1,167.4,"3.950,4.779,7.676","30.160,60.916,0.702","-33.450,54.750,11.400",7608,7,1.26,37.496480,126.958027,1448,0,1,0,-64,-65.2,14390,49,7067
18:00:05,9.359,778690,778690,0,1,37.496479,126.958031,0.479,167.4,0.314,1,167.4,"2.796,4.688,6.833","36.809,60.718,8.870","-33.150,56.250,13.650",7608,7,1.26,37.496480,126.958027,1448,0,1,0,-64,-65.2,14390,71,7067
18:00:05,9.359,778747,778747,0,1,37.496479,126.958031,0.479,167.4,0.314,1,167.4,"2.705,4.511,5.449","-4.901,13.389,18.427","-29.250,59.100,12.300",7609,7,1.26,37.496480,126.958027,1448,0,1,0,-65,-65.0,14392,25,7068
18:00:05,9.526,778791,778791,0,1,37.496479,126.958031,0.421,167.4,0.314,1,167.4,"3.366,4.884,4.932","-26.305,-36.870,21.687","-32.700,57.750,12.900",7609,7,1.67,37.496480,126.958027,1449,0,1,0,-65,-65.0,14392,69,7068
18:00:05,9.603,778927,778927,0,1,37.496479,126.958031,0.421,167.4,0.314,1,167.4,"5.890,4.463,17.813","-15.374,63.237,-15.786","-36.150,58.200,11.100",7611,7,1.67,37.496480,126.958027,1449,0,1,0,-72,-68.2,14396,4,7070
18:00:05,9.603,778948,778948,0,1,37.496479,126.958031,0.421,167.4,0.314,1,167.4,"-1.135,6.852,-4.171","-2.611,106.069,-13.290","-36.750,57.900,13.500",7611,7,1.67,37.496480,126.958027,1449,0,1,0,-72,-68.2,14396,25,7070
18:00:05,9.708,778992,778992,0,1,37.496479,126.958031,0.421,167.4,0.314,1,167.4,"5.325,6.919,11.018","-33.901,3.802,-15.809","-33.900,60.150,12.600",7611,7,1.67,37.496480,126.958027,1449,0,1,0,-72,-68.2,14396,69,7070
18:00:05,9.751,779027,779027,0,1,37.496479,126.958031,0.421,167.4,0.314,1,167.4,"4.156,4.492,8.322","-50.885,-11.817,-0.305","-37.050,57.900,11.250",7612,7,1.67,37.496480,126.958027,1449,0,1,0,-70,-68.8,14398,4,7071
18:00:05,9.751,779048,779048,0,1,37.496479,126.958031,0.421,167.4,0.314,1,167.4,"3.792,4.932,6.498","-47.290,-20.504,3.328","-35.400,56.550,11.100",7612,7,1.67,37.496480,126.958027,1449,0,1,0,-70,-68.8,14398,25,7071
18:00:05,9.752,779092,779092,0,1,37.496479,126.958031,0.421,167.4,0.314,1,167.4,"3.524,3.036,5.267","-27.489,-0.687,7.733","-34.950,55.500,11.400",7612,7,1.67,37.496480,126.958027,1449,0,1,0,-70,-68.8,14398,69,7071
18:00:05,9.752,779127,779127,0,1,37.496479,126.958031,0.421,167.4,0.314,1,167.4,"4.247,2.935,5.775","-19.344,1.618,9.366","-33.900,54.300,11.100",7613,7,1.67,37.496480,126.958027,1449,0,1,0,-68,-68.5,14400,2,7072
18:00:05,9.752,779148,779148,0,1,37.496479,126.958031,0.421,167.4,0.314,1,167.4,"4.223,2.959,4.554","-11.679,0.031,8.626","-34.200,53.550,12.900",7613,7,1.67,37.496480,126.958027,1449,0,1,0,-68,-68.5,14400,23,7072
18:00:05,9.842,779170,779170,0,1,37.496479,126.958031,0.421,167.4,0.314,1,167.4,"4.592,2.998,5.061","-8.878,-4.267,8.229","-34.800,52.650,12.300",7613,7,1.67,37.496480,126.958027,1449,0,1,0,-68,-68.5,14400,45,7072
18:00:05,9.874,779192,779192,0,1,37.496479,126.958031,0.421,167.4,0.314,1,167.4,"4.875,3.199,4.889","3.496,-2.076,11.084","-33.750,52.650,12.750",7613,7,1.67,37.496480,126.958027,1449,0,1,0,-68,-68.5,14400,67,7072
18:00:05,9.874,779225,779225,0,1,37.496479,126.958031,0.421,167.4,0.314,1,167.4,"4.171,3.716,4.539","26.939,-4.542,13.267","-34.650,53.100,11.400",7614,7,1.67,37.496480,126.958027,1449,0,1,0,-68,-68.4,14401,10,7072
18:00:05,9.966,779325,779313,0,1,37.496479,126.958031,0.421,167.4,0.314,1,167.4,"-19.613,19.613,19.613","45.328,25.710,31.771","-33.900,57.750,11.400",7615,7,1.67,37.496480,126.958027,1449,0,1,0,-69,-68.5,14402,84,7073
18:00:05,10.002,779399,779399,0,1,37.496479,126.958031,0.421,167.4,0.314,1,167.4,"6.206,7.709,19.613","7.977,-10.939,-23.115","-35.700,58.200,12.150",7615,7,1.67,37.496480,126.958027,1449,0,1,0,-72,-69.8,14404,57,7074
18:00:05,10.002,779432,779432,0,1,37.496479,126.958031,0.421,167.4,0.314,1,167.4,"7.561,1.460,1.887","-57.969,-14.351,-13.710","-34.800,55.650,12.300",7616,7,1.67,37.496480,126.958027,1449,0,1,0,-72,-69.8,14404,90,7074
18:00:05,10.002,779454,779454,0,1,37.496479,126.958031,0.421,167.4,0.314,1,167.4,"6.048,3.740,8.729","-43.260,-8.947,-15.290","-34.500,55.650,12.750",7616,7,1.67,37.496480,126.958027,1449,0,1,0,-76,-71.0,14405,15,7074
18:00:05,10.002,779476,779476,0,1,37.496479,126.958031,0.421,167.4,0.314,1,167.4,"4.946,4.707,5.444","-29.260,-4.695,-8.160","-34.500,54.900,13.800",7616,7,1.67,37.496480,126.958027,1449,0,1,0,-76,-71.0,14405,37,7074
18:00:05,10.087,779498,779498,0,1,37.496479,126.958031,0.421,167.4,0.314,1,167.4,"5.310,3.677,5.823","-7.061,9.779,-5.176","-34.950,53.550,11.850",7616,7,1.67,37.496480,126.958027,1449,0,1,0,-76,-71.0,14405,59,7074
18:00:05,10.118,779540,779540,0,1,37.496479,126.958031,0.421,167.4,0.314,1,167.4,"4.171,3.907,5.727","4.695,4.954,4.992","-34.800,54.450,11.250",7617,7,1.67,37.496480,126.958027,1449,0,1,0,-75,-71.8,14406,15,7074
18:00:05,10.118,779584,779584,0,1,37.496479,126.958023,0.421,167.4,0.314,1,167.4,"4.195,3.922,4.812","-8.458,-12.305,13.550","-34.200,51.300,10.350",7617,7,1.67,37.496480,126.958027,1449,0,1,0,-76,-72.7,14407,43,7075
18:00:06,10.204,779606,779606,0,1,37.496479,126.958023,0.421,167.4,0.314,1,167.4,"4.549,4.142,4.654","0.847,-9.641,16.557","-34.950,52.800,11.850",7617,7,1.67,37.496480,126.958027,1449,0,1,0,-76,-72.7,14407,65,7075
18:00:06,10.236,779641,779641,0,1,37.496479,126.958023,0.421,167.4,0.314,1,167.4,"4.329,4.583,4.501","37.878,3.664,18.679","-34.050,54.150,12.000",7618,7,1.67,37.496480,126.958027,1449,0,1,0,-73,-72.7,14408,7,7075
18:00:06,10.236,779663,779663,0,1,37.496479,126.958023,0.362,167.4,0.252,1,167.4,"4.568,5.224,4.918","46.107,8.695,15.115","-34.800,54.150,11.250",7618,7,1.67,37.496480,126.958025,1450,0,1,0,-73,-72.8,14409,22,7076
18:00:06,10.236,779685,779685,0,1,37.496479,126.958023,0.362,167.4,0.252,1,167.4,"4.669,5.746,5.195","48.000,3.252,9.702","-34.650,55.500,11.400",7618,7,1.67,37.496480,126.958025,1450,0,1,0,-73,-72.8,14409,44,7076
18:00:06,10.323,779707,779707,0,1,37.496479,126.958023,0.362,167.4,0.252,1,167.4,"4.827,5.693,5.847","35.183,-15.947,9.763","-35.700,56.550,11.100",7618,7,1.67,37.496480,126.958025,1450,0,1,0,-73,-72.8,14409,66,7076
18:00:06,10.354,779764,779764,0,1,37.496479,126.958023,0.362,167.4,0.252,1,167.4,"0.757,8.638,12.766","76.221,-12.198,-37.687","-37.200,60.150,10.050",7619,7,1.67,37.496480,126.958025,1450,0,1,0,-77,-74.1,14411,23,7077
18:00:06,10.355,779786,779786,0,1,37.496479,126.958023,0.324,167.4,0.252,1,167.4,"9.093,6.627,11.736","40.435,78.435,-36.412","-36.750,60.300,11.700",7619,7,1.26,37.496480,126.958025,1451,0,1,0,-77,-74.1,14411,45,7077
18:00:06,10.447,779808,779808,0,1,37.496479,126.958023,0.324,167.4,0.252,1,167.4,"11.009,4.429,0.278","71.496,81.626,-40.626","-36.000,62.550,10.950",7619,7,1.26,37.496480,126.958025,1451,0,1,0,-77,-74.1,14411,67,7077
18:00:06,10.483,779843,779843,0,1,37.496479,126.958023,0.324,167.4,0.252,1,167.4,"4.472,8.456,9.203","25.573,43.947,-22.420","-33.900,63.600,11.400",7620,7,1.26,37.496480,126.958025,1451,0,1,0,-80,-75.3,14412,11,7077
18:00:06,10.587,779865,779865,0,1,37.496479,126.958023,0.324,167.4,0.252,1,167.4,"4.616,4.956,3.797","1.374,11.206,-16.366","-33.300,61.500,10.200",7620,7,1.26,37.496480,126.958025,1451,0,1,0,-82,-76.7,14413,20,7078
18:00:06,10.720,779887,779887,0,1,37.496479,126.958023,0.324,167.4,0.252,1,167.4,"1.216,5.789,6.699","-33.947,6.420,-9.282","-33.150,65.850,9.600",7620,7,1.26,37.496480,126.958025,1451,0,1,0,-82,-76.7,14413,42,7078
18:00:06,10.755,780045,780045,0,1,37.496479,126.958023,0.324,167.4,0.252,1,167.4,"3.060,5.248,4.353","37.924,21.695,8.977","-31.200,60.150,10.350",7622,7,1.26,37.496480,126.958025,1451,0,1,0,-73,-74.8,14417,4,7080
18:00:06,10.756,780066,780066,0,1,37.496479,126.958023,0.324,167.4,0.252,1,167.4,"4.525,4.946,5.722","21.878,-5.748,17.924","-30.450,60.900,9.300",7622,7,1.26,37.496480,126.958025,1451,0,1,0,-73,-74.8,14417,25,7080
18:00:06,10.756,780110,780110,0,1,37.496479,126.958023,0.324,167.4,0.252,1,167.4,"4.238,6.359,5.995","-5.702,-29.687,19.504","-31.800,62.550,10.200",7622,7,1.26,37.496480,126.958025,1451,0,1,0,-73,-74.8,14417,69,7080
18:00:06,10.756,780145,780145,0,1,37.496479,126.958023,0.324,167.4,0.252,1,167.4,"5.171,6.905,5.243","17.863,-35.473,16.389","-31.800,62.250,9.450",7623,7,1.26,37.496480,126.958025,1451,0,1,0,-72,-73.8,14419,1,7081
18:00:06,10.756,780167,780167,0,1,37.496479,126.958023,0.324,167.4,0.252,1,167.4,"5.732,7.274,6.680","25.939,-30.527,14.908","-34.050,64.050,10.950",7623,7,1.26,37.496480,126.958025,1451,0,1,0,-72,-73.8,14419,23,7081
18:00:06,10.756,780189,780189,0,1,37.496479,126.958023,0.324,167.4,0.252,1,167.4,"6.263,7.417,7.810","26.420,-33.893,16.107","-33.150,65.100,9.600",7623,7,1.26,37.496480,126.958025,1451,0,1,0,-72,-73.8,14419,45,7081
18:00:06,10.756,780211,780211,0,1,37.496479,126.958023,0.324,167.4,0.252,1,167.4,"19.613,4.630,1.508","61.626,-41.580,-4.901","-32.550,64.500,12.750",7623,7,1.26,37.496480,126.958025,1451,0,1,0,-72,-73.8,14419,67,7081
18:00:06,10.852,780244,780244,0,1,37.496479,126.958023,0.324,167.4,0.252,1,167.4,"-1.058,10.214,0.713","-17.954,50.725,-19.954","-36.000,66.000,10.200",7624,7,1.26,37.496480,126.958025,1451,0,1,0,-72,-73.8,14419,100,7081
18:00:06,10.888,780266,780266,0,1,37.496479,126.958023,0.324,167.4,0.252,1,167.4,"1.786,-2.064,-19.240","-11.191,6.733,10.198","-35.250,65.250,10.950",7624,7,1.26,37.496480,126.958025,1451,0,1,0,-72,-73.5,14421,16,7082
18:00:06,10.888,780288,780288,0,1,37.496479,126.958023,0.324,167.4,0.252,1,167.4,"4.295,5.583,10.013","6.420,43.664,-19.099","-34.500,64.500,9.750",7624,7,1.26,37.496480,126.958025,1451,0,1,0,-72,-73.5,14421,38,7082
18:00:06,10.889,780310,780310,0,1,37.496479,126.958023,0.324,167.4,0.252,1,167.4,"1.379,6.713,5.804","-22.725,4.115,-10.931","-34.800,66.000,10.200",7624,7,1.26,37.496480,126.958025,1451,0,1,0,-72,-73.5,14421,60,7082
18:00:06,10.889,780344,780332,0,1,37.496479,126.958023,0.324,167.4,0.252,1,167.4,"3.414,4.391,5.612","-25.595,17.351,-19.221","-31.950,66.600,11.100",7625,7,1.26,37.496480,126.958025,1451,0,1,0,-77,-74.2,14422,2,7082
18:00:06,10.889,780352,780352,0,1,37.496479,126.958023,0.324,167.4,0.252,1,167.4,"0.661,5.871,6.670","-34.511,19.267,-18.977","-31.950,66.300,10.350",7625,7,1.26,37.496480,126.958025,1451,0,1,0,-78,-74.9,14423,3,7083
18:00:06,10.976,780374,780374,0,1,37.496479,126.958023,0.324,167.4,0.252,1,167.4,"2.916,4.223,6.306","-23.496,16.603,-13.863","-32.700,63.150,10.650",7625,7,1.26,37.496480,126.958025,1451,0,1,0,-78,-74.9,14423,25,7083
18:00:06,11.007,780396,780396,0,1,37.496479,126.958023,0.324,167.4,0.252,1,167.4,"2.289,4.530,5.851","-11.328,26.565,-16.763","-31.200,61.950,10.050",7625,7,1.26,37.496480,126.958025,1451,0,1,0,-78,-74.9,14423,47,7083
18:00:06,11.098,780418,780418,0,1,37.496479,126.958023,0.324,167.4,0.252,1,167.4,"2.591,5.033,5.823","-6.611,20.779,-16.191","-30.450,61.950,10.350",7625,7,1.26,37.496480,126.958025,1451,0,1,0,-78,-74.9,14423,69,7083
18:00:06,11.134,780451,780451,0,1,37.496479,126.958023,0.324,167.4,0.252,1,167.4,"2.787,5.674,5.061","-3.931,2.290,-22.557","-30.450,61.950,12.600",7626,7,1.26,37.496480,126.958025,1451,0,1,0,-77,-75.8,14425,2,7084
18:00:06,11.135,780473,780473,0,1,37.496479,126.958023,0.324,167.4,0.252,1,167.4,"3.917,4.707,5.148","-13.382,-15.634,-17.374","-28.950,62.400,11.850",7626,7,1.26,37.496480,126.958025,1451,0,1,0,-77,-75.8,14425,24,7084
18:00:06,11.135,780495,780495,0,1,37.496479,126.958023,0.324,167.4,0.252,1,167.4,"3.677,5.310,4.697","-16.908,-26.664,-12.840","-28.950,60.450,12.600",7626,7,1.26,37.496480,126.958025,1451,0,1,0,-77,-75.8,14425,46,7084
18:00:06,11.135,780517,780517,0,1,37.496479,126.958023,0.324,167.4,0.252,1,167.4,"4.132,5.669,5.253","-13.130,-32.176,-7.870","-28.800,61.500,12.000",7626,7,1.26,37.496480,126.958025,1451,0,1,0,-77,-75.8,14425,68,7084
18:00:06,11.135,780551,780539,0,1,37.496479,126.958023,0.324,167.4,0.252,1,167.4,"4.946,5.574,4.329","-6.397,-24.427,-7.710","-29.250,60.300,11.700",7627,7,1.26,37.496480,126.958025,1451,0,1,0,-77,-75.8,14425,102,7084
18:00:06,11.135,780565,780565,0,1,37.496479,126.958023,0.324,167.4,0.252,1,167.4,"5.516,6.019,4.214","9.718,-26.885,-0.817","-30.300,60.600,11.700",7627,7,1.26,37.496480,126.958025,1451,0,1,0,-66,-72.3,14427,9,7085
18:00:06,11.135,780587,780587,0,1,37.496479,126.958023,0.324,167.4,0.252,1,167.4,"6.431,7.005,5.899","21.069,-33.008,-0.031","-29.700,59.250,10.350",7627,7,1.26,37.496480,126.958025,1451,0,1,0,-66,-72.3,14427,31,7085
18:00:07,11.222,780609,780609,0,1,37.496479,126.958023,0.324,167.4,0.252,1,167.4,"7.594,7.657,8.035","12.076,-41.710,3.008","-33.000,61.050,11.250",7627,7,1.26,37.496480,126.958025,1451,0,1,0,-66,-72.3,14427,53,7085
18:00:07,11.253,780631,780631,0,1,37.496479,126.958023,0.324,167.4,0.252,1,167.4,"6.752,8.112,6.996","-11.198,-66.527,7.969","-32.700,58.950,13.200",7627,7,1.26,37.496480,126.958025,1451,0,1,0,-66,-72.3,14427,75,7085
18:00:07,11.253,780659,780659,0,1,37.496479,126.958023,0.281,167.4,0.201,1,167.4,"-19.613,19.613,19.613","-250.137,-250.137,-26.618","-33.750,59.550,10.500",7628,7,1.26,37.496478,126.958020,1452,0,1,0,-64,-70.6,14428,2,7085
18:00:07,11.253,780681,780681,0,1,37.496479,126.958023,0.281,167.4,0.201,1,167.4,"11.123,3.519,11.502","-166.344,-86.198,8.916","-35.700,59.700,12.600",7628,7,1.26,37.496478,126.958020,1452,0,1,0,-64,-69.3,14429,21,7086
18:00:07,11.254,780703,780703,0,1,37.496479,126.958023,0.281,167.4,0.201,1,167.4,"9.888,2.749,4.664","-176.137,-24.321,4.481","-39.000,57.600,11.250",7628,7,1.26,37.496478,126.958020,1452,0,1,0,-64,-69.3,14429,43,7086
18:00:07,11.354,780760,780760,0,1,37.496479,126.958023,0.281,167.4,0.201,1,167.4,"3.146,2.207,-0.287","-68.908,-39.397,6.374","-42.000,51.450,10.950",7629,7,1.26,37.496478,126.958020,1452,0,1,0,-62,-66.7,14431,6,7087
18:00:07,11.403,780781,780781,0,1,37.496479,126.958023,0.253,167.4,0.201,1,167.4,"4.635,1.628,7.020","-34.260,9.282,-2.481","-42.000,50.250,10.200",7629,7,1.26,37.496478,126.958020,1453,0,1,0,-62,-66.7,14431,27,7087
18:00:07,11.403,780803,780803,0,1,37.496479,126.958023,0.253,167.4,0.201,1,167.4,"3.496,3.108,6.397","-6.069,14.893,-1.885","-39.750,48.750,7.950",7629,7,1.26,37.496478,126.958020,1453,0,1,0,-62,-66.7,14431,49,7087
18:00:07,11.403,780825,780825,0,1,37.496479,126.958023,0.253,167.4,0.201,1,167.4,"3.266,2.667,6.335","8.611,27.649,0.573","-42.000,49.200,9.000",7629,7,1.26,37.496478,126.958020,1453,0,1,0,-62,-66.7,14431,71,7087
18:00:07,11.403,780860,780860,0,1,37.496479,126.958023,0.253,167.4,0.201,1,167.4,"3.381,3.390,5.708","3.313,19.137,-4.382","-41.250,48.750,10.950",7630,7,1.26,37.496478,126.958020,1453,0,1,0,-63,-65.5,14433,2,7088
18:00:07,11.403,780882,780882,0,1,37.496479,126.958023,0.253,167.4,0.201,1,167.4,"4.286,3.668,6.177","-10.031,5.305,-6.229","-40.800,49.500,10.500",7630,7,1.26,37.496478,126.958020,1453,0,1,0,-63,-65.5,14433,24,7088
18:00:07,11.499,780904,780904,0,1,37.496479,126.958023,0.253,167.4,0.201,1,167.4,"5.674,3.788,6.306","-18.351,-6.282,-5.718","-38.700,48.600,11.850",7630,7,1.26,37.496478,126.958020,1453,0,1,0,-63,-65.5,14433,46,7088
18:00:07,11.540,780926,780926,0,1,37.496479,126.958023,0.253,167.4,0.201,1,167.4,"5.574,3.467,4.803","-22.260,-16.031,-8.046","-37.800,48.750,9.750",7630,7,1.26,37.496478,126.958020,1453,0,1,0,-63,-65.5,14433,68,7088
18:00:07,11.632,780961,780961,0,1,37.496479,126.958023,0.253,167.4,0.201,1,167.4,"5.952,3.735,4.118","-5.260,-5.962,-13.924","-40.950,48.900,11.400",7631,7,1.26,37.496478,126.958020,1453,0,1,0,-64,-65.2,14434,14,7088
18:00:07,11.673,780982,780982,0,1,37.496479,126.958023,0.253,167.4,0.201,1,167.4,"6.249,4.391,3.677","16.305,2.641,-11.466","-39.300,48.000,10.950",7631,7,1.26,37.496478,126.958020,1453,0,1,0,-64,-65.0,14435,19,7089
18:00:07,11.673,781004,781004,0,1,37.496479,126.958023,0.253,167.4,0.201,1,167.4,"6.685,4.808,4.377","38.015,10.939,-10.908","-38.700,47.400,11.100",7631,7,1.26,37.496478,126.958020,1453,0,1,0,-64,-65.0,14435,41,7089
18:00:07,11.673,781026,781026,0,1,37.496479,126.958023,0.253,167.4,0.201,1,167.4,"7.657,5.732,5.923","53.298,7.496,-11.786","-37.800,50.250,10.500",7631,7,1.26,37.496478,126.958020,1453,0,1,0,-64,-65.0,14435,63,7089
18:00:07,11.674,781061,781061,0,1,37.496479,126.958023,0.253,167.4,0.201,1,167.4,"8.083,7.029,7.992","34.786,-16.351,-6.107","-40.050,49.950,12.000",7632,7,1.26,37.496478,126.958020,1453,0,1,0,-62,-63.9,14437,3,7090
18:00:07,11.674,781083,781083,0,1,37.496479,126.958023,0.253,167.4,0.201,1,167.4,"19.613,-0.565,8.921","64.031,-93.305,8.183","-38.550,50.250,12.300",7632,7,1.26,37.496478,126.958020,1453,0,1,0,-62,-63.9,14437,25,7090
18:00:07,11.674,781105,781105,0,1,37.496479,126.958023,0.253,167.4,0.201,1,167.4,"7.863,3.031,12.828","-104.786,-42.870,13.252","-39.150,53.550,11.850",7632,7,1.26,37.496478,126.958020,1453,0,1,0,-62,-63.9,14437,47,7090
18:00:07,11.674,781127,781127,0,1,37.496479,126.958023,0.253,167.4,0.201,1,167.4,"8.533,2.322,-0.986","-100.824,7.000,7.038","-42.000,50.250,12.750",7632,7,1.26,37.496478,126.958020,1453,0,1,0,-62,-63.9,14437,69,7090
18:00:07,11.766,781161,781161,0,1,37.496479,126.958023,0.253,167.4,0.201,1,167.4,"7.192,5.100,14.653","-38.611,6.748,-1.107","-41.250,47.550,11.250",7633,7,1.26,37.496478,126.958020,1453,0,1,0,-61,-63.0,14439,2,7091
18:00:07,11.803,781183,781183,0,1,37.496479,126.958023,0.253,167.4,0.201,1,167.4,"6.871,2.792,5.986","-28.611,-3.328,6.328","-41.400,47.850,12.600",7633,7,1.26,37.496478,126.958020,1453,0,1,0,-61,-63.0,14439,24,7091
18:00:07,11.803,781205,781205,0,1,37.496479,126.958023,0.253,167.4,0.201,1,167.4,"5.042,2.054,7.087","-17.252,24.611,-2.359","-40.200,44.250,9.600",7633,7,1.26,37.496478,126.958020,1453,0,1,0,-61,-63.0,14439,46,7091
18:00:07,11.803,781227,781227,0,1,37.496479,126.958023,0.253,167.4,0.201,1,167.4,"3.285,3.352,6.709","-8.282,28.420,-5.015","-40.500,44.550,10.500",7633,7,1.26,37.496478,126.958020,1453,0,1,0,-61,-63.0,14439,68,7091
18:00:07,11.890,781260,781260,0,1,37.496479,126.958023,0.253,167.4,0.201,1,167.4,"3.338,3.108,5.746","-14.939,27.534,-0.962","-40.950,45.900,10.650",7634,7,1.26,37.496478,126.958020,1453,0,1,0,-62,-62.8,14440,11,7091
18:00:07,11.921,781282,781282,0,1,37.496479,126.958023,0.253,167.4,0.201,1,167.4,"3.591,2.830,4.745","-15.519,25.901,-3.977","-38.250,45.600,9.000",7634,7,1.26,37.496478,126.958020,1453,0,1,0,-61,-62.5,14441,19,7092
18:00:07,11.921,781304,781304,0,1,37.496479,126.958023,0.253,167.4,0.201,1,167.4,"3.821,2.820,4.784","-8.053,24.908,-3.969","-38.250,44.100,11.700",7634,7,1.26,37.496478,126.958020,1453,0,1,0,-61,-62.5,14441,41,7092
18:00:07,11.921,781326,781326,0,1,37.496479,126.958023,0.253,167.4,0.201,1,167.4,"3.864,3.156,4.329","-1.443,23.969,-3.855","-38.550,45.600,14.250",7634,7,1.26,37.496478,126.958020,1453,0,1,0,-61,-62.5,14441,63,7092
18:00:07,12.009,781360,781348,0,1,37.496479,126.958023,0.253,167.4,0.201,1,167.4,"4.223,3.883,4.899","2.901,3.954,-7.740","-36.300,45.600,12.000",7635,7,1.26,37.496478,126.958020,1453,0,1,0,-65,-63.0,14442,4,7092
18:00:07,12.041,781368,781368,0,1,37.496479,126.958023,0.253,167.4,0.201,1,167.4,"4.870,3.716,4.367","-3.794,-10.099,-6.672","-36.300,44.100,12.000",7635,7,1.26,37.496478,126.958020,1453,0,1,0,-65,-63.4,14443,5,7093
18:00:07,12.041,781390,781390,0,1,37.496479,126.958023,0.253,167.4,0.201,1,167.4,"5.406,3.845,4.808","-6.977,-23.336,-5.458","-37.800,44.550,13.050",7635,7,1.26,37.496478,126.958020,1453,0,1,0,-65,-63.4,14443,27,7093
18:00:07,12.041,781412,781412,0,1,37.496479,126.958023,0.253,167.4,0.201,1,167.4,"5.329,4.089,4.506","-5.053,-23.641,-2.863","-37.200,43.200,11.850",7635,7,1.26,37.496478,126.958020,1453,0,1,0,-65,-63.4,14443,49,7093
18:00:07,12.133,781434,781434,0,1,37.496479,126.958023,0.253,167.4,0.201,1,167.4,"5.732,4.879,3.558","7.672,-18.534,-3.260","-37.050,43.050,12.000",7635,7,1.26,37.496478,126.958020,1453,0,1,0,-65,-63.4,14443,71,7093
18:00:08,12.169,781467,781467,0,1,37.496479,126.958023,0.253,167.4,0.201,1,167.4,"9.108,6.440,4.865","38.198,-10.794,5.153","-36.900,43.500,13.650",7636,7,1.26,37.496478,126.958020,1453,0,1,0,-64,-63.6,14445,3,7094
18:00:08,12.169,781489,781489,0,1,37.496479,126.958023,0.253,167.4,0.201,1,167.4,"10.041,7.015,7.039","29.290,-21.626,2.977","-38.400,45.150,12.900",7636,7,1.26,37.496478,126.958020,1453,0,1,0,-64,-63.6,14445,25,7094
18:00:08,12.169,781511,781511,0,1,37.496479,126.958023,0.253,167.4,0.201,1,167.4,"13.384,9.826,9.936","5.214,-9.229,-1.107","-39.150,45.450,13.650",7636,7,1.26,37.496478,126.958020,1453,0,1,0,-64,-63.6,14445,47,7094
18:00:08,12.256,781533,781533,0,1,37.496479,126.958023,0.253,167.4,0.201,1,167.4,"16.151,6.843,7.973","-14.573,-165.542,43.183","-39.900,46.650,12.600",7636,7,1.26,37.496478,126.958020,1453,0,1,0,-64,-63.6,14445,69,7094
18:00:08,12.287,781675,781675,0,1,37.496479,126.958015,0.224,167.4,0.170,1,167.4,"5.780,4.324,4.008","-2.374,2.382,-3.252","-39.300,44.550,12.750",7638,7,1.26,37.496478,126.958015,1454,0,1,0,-63,-63.9,14449,6,7096
18:00:08,12.287,781697,781697,0,1,37.496479,126.958015,0.224,167.4,0.170,1,167.4,"6.551,3.692,6.364","4.351,9.519,-2.847","-39.750,44.550,12.750",7638,7,1.26,37.496478,126.958015,1454,0,1,0,-63,-63.9,14449,28,7096
18:00:08,12.374,781719,781719,0,1,37.496479,126.958015,0.224,167.4,0.170,1,167.4,"4.482,2.931,3.357","11.504,4.924,-0.863","-39.900,43.950,10.050",7638,7,1.26,37.496478,126.958015,1454,0,1,0,-63,-63.9,14449,50,7096
18:00:08,12.405,781741,781741,0,1,37.496479,126.958015,0.224,167.4,0.170,1,167.4,"3.745,2.782,4.214","13.718,-3.489,-1.298","-42.150,45.900,11.400",7638,7,1.26,37.496478,126.958015,1454,0,1,0,-63,-63.9,14449,72,7096
18:00:08,12.498,781776,781776,0,1,37.496479,126.958015,0.205,167.4,0.170,1,167.4,"2.782,2.342,5.425","16.489,-18.710,1.802","-40.050,45.600,12.750",7639,7,1.26,37.496478,126.958015,1455,0,1,0,-62,-63.2,14451,8,7097
18:00:08,12.534,781920,781920,0,1,37.496479,126.958015,0.205,167.4,0.170,1,167.4,"10.027,4.199,9.098","-39.947,-9.244,-2.405","-36.300,53.700,13.500",7640,7,1.26,37.496478,126.958015,1455,0,1,0,-62,-62.8,14453,47,7098
18:00:08,12.534,781942,781942,0,1,37.496479,126.958015,0.205,167.4,0.170,1,167.4,"3.764,7.326,3.156","-79.031,-61.969,-6.710","-37.500,53.700,13.800",7640,7,1.26,37.496478,126.958015,1455,0,1,0,-62,-62.8,14453,69,7098
18:00:08,12.640,781977,781977,0,1,37.496479,126.958015,0.205,167.4,0.170,1,167.4,"4.736,4.860,6.469","-83.748,-57.855,-12.290","-38.550,51.000,13.050",7641,7,1.26,37.496478,126.958015,1455,0,1,0,-61,-62.3,14455,1,7099
18:00:08,12.678,781998,781998,0,1,37.496479,126.958015,0.205,167.4,0.170,1,167.4,"3.903,4.592,3.926","-71.160,-32.290,-12.099","-39.300,47.550,12.300",7641,7,1.26,37.496478,126.958015,1455,0,1,0,-61,-62.3,14455,22,7099
18:00:08,12.683,782020,782020,0,1,37.496479,126.958015,0.205,167.4,0.170,1,167.4,"4.051,4.966,4.401","-49.969,-13.969,-15.191","-40.950,47.850,11.850",7641,7,1.26,37.496478,126.958015,1455,0,1,0,-61,-62.3,14455,44,7099
18:00:08,12.684,782042,782042,0,1,37.496479,126.958015,0.205,167.4,0.170,1,167.4,"5.382,4.171,4.726","-24.611,2.427,-12.153","-41.550,45.600,10.950",7641,7,1.26,37.496478,126.958015,1455,0,1,0,-61,-62.3,14455,66,7099
18:00:08,12.684,782077,782077,0,1,37.496479,126.958015,0.205,167.4,0.170,1,167.4,"5.128,3.936,4.894","17.221,31.130,-16.198","-39.300,45.600,12.000",7642,7,1.26,37.496478,126.958015,1455,0,1,0,-65,-62.8,14456,6,7099
18:00:08,12.684,782142,782142,0,1,37.496479,126.958015,0.205,167.4,0.170,1,167.4,"3.467,4.137,6.359","36.626,21.023,-10.878","-37.950,48.600,11.400",7642,7,1.26,37.496478,126.958015,1455,0,1,0,-64,-63.1,14457,63,7100
18:00:08,12.784,782176,782176,0,1,37.496479,126.958015,0.205,167.4,0.170,1,167.4,"2.672,3.778,5.895","25.252,-11.969,-4.496","-37.650,48.150,14.400",7643,7,1.26,37.496478,126.958015,1455,0,1,0,-66,-64.0,14459,3,7101
18:00:08,12.820,782198,782198,0,1,37.496479,126.958015,0.205,167.4,0.170,1,167.4,"2.830,3.730,5.938","23.008,-22.374,-3.000","-36.150,50.100,11.400",7643,7,1.26,37.496478,126.958015,1455,0,1,0,-66,-64.0,14459,25,7101
18:00:08,12.820,782220,782220,0,1,37.496479,126.958015,0.205,167.4,0.170,1,167.4,"2.485,3.448,5.837","33.252,-31.229,1.466","-38.550,51.000,11.250",7643,7,1.26,37.496478,126.958015,1455,0,1,0,-66,-64.0,14459,47,7101
18:00:08,12.821,782242,782242,0,1,37.496479,126.958015,0.205,167.4,0.170,1,167.4,"2.691,4.104,6.661","43.366,-35.626,9.107","-38.700,52.050,10.650",7643,7,1.26,37.496478,126.958015,1455,0,1,0,-66,-64.0,14459,69,7101
18:00:08,12.821,782275,782275,0,1,37.496479,126.958015,0.205,167.4,0.170,1,167.4,"12.033,-15.380,19.613","-27.550,-250.137,168.374","-40.200,52.800,11.400",7644,7,1.26,37.496478,126.958015,1455,0,1,0,-70,-65.2,14460,12,7101
18:00:08,12.821,782297,782297,0,1,37.496479,126.958015,0.205,167.4,0.170,1,167.4,"4.635,10.558,6.680","7.305,0.443,-5.168","-40.800,54.150,11.250",7644,7,1.26,37.496478,126.958015,1455,0,1,0,-70,-66.1,14461,18,7102
18:00:08,12.917,782319,782319,0,1,37.496479,126.958015,0.205,167.4,0.170,1,167.4,"7.767,2.796,-0.402","-20.672,90.756,-0.015","-41.250,54.450,10.500",7644,7,1.26,37.496478,126.958015,1455,0,1,0,-70,-66.1,14461,40,7102
18:00:08,12.953,782341,782341,0,1,37.496479,126.958015,0.205,167.4,0.170,1,167.4,"2.423,6.618,2.447","-37.634,10.626,8.229","-37.200,53.100,12.150",7644,7,1.26,37.496478,126.958015,1455,0,1,0,-70,-66.1,14461,62,7102
18:00:08,12.953,782375,782363,0,1,37.496479,126.958015,0.205,167.4,0.170,1,167.4,"4.831,5.966,12.143","-1.290,14.977,-21.115","-38.250,54.450,13.500",7645,7,1.26,37.496478,126.958015,1455,0,1,0,-72,-67.3,14462,4,7102
18:00:08,13.040,782383,782383,0,1,37.496479,126.958015,0.205,167.4,0.170,1,167.4,"2.126,7.269,8.035","-50.664,-27.511,-7.763","-37.950,55.800,12.900",7645,7,1.26,37.496478,126.958015,1455,0,1,0,-72,-68.2,14463,6,7103
18:00:08,13.072,782405,782405,0,1,37.496479,126.958015,0.205,167.4,0.170,1,167.4,"3.007,4.453,3.491","-59.824,-12.122,-16.076","-39.750,52.650,10.950",7645,7,1.26,37.496478,126.958015,1455,0,1,0,-72,-68.2,14463,28,7103
18:00:08,13.072,782427,782427,0,1,37.496479,126.958015,0.205,167.4,0.170,1,167.4,"3.017,4.827,5.540","-53.221,-11.802,-18.847","-38.550,51.450,12.000",7645,7,1.26,37.496478,126.958015,1455,0,1,0,-72,-68.2,14463,50,7103
18:00:08,13.072,782449,782449,0,1,37.496479,126.958015,0.205,167.4,0.170,1,167.4,"2.289,4.525,5.741","-47.718,-6.069,-18.939","-37.500,51.750,11.700",7645,7,1.26,37.496478,126.958015,1455,0,1,0,-72,-68.2,14463,72,7103
18:00:09,13.159,782482,782482,0,1,37.496479,126.958015,0.205,167.4,0.170,1,167.4,"2.385,3.563,3.395","-20.779,13.282,-18.481","-38.700,50.400,11.400",7646,7,1.26,37.496478,126.958015,1455,0,1,0,-70,-69.0,14465,5,7104
18:00:09,13.191,782504,782504,0,1,37.496479,126.958015,0.205,167.4,0.170,1,167.4,"1.384,4.247,5.171","-2.931,23.183,-20.221","-36.150,50.100,13.950",7646,7,1.26,37.496478,126.958015,1455,0,1,0,-70,-69.0,14465,27,7104
18:00:09,13.191,782526,782526,0,1,37.496479,126.958015,0.205,167.4,0.170,1,167.4,"2.351,3.960,5.272","15.389,33.305,-19.137","-36.750,48.750,13.800",7646,7,1.26,37.496478,126.958015,1455,0,1,0,-70,-69.0,14465,49,7104
18:00:09,13.191,782548,782548,0,1,37.496479,126.958015,0.205,167.4,0.170,1,167.4,"3.275,3.663,4.903","37.435,31.695,-21.771","-36.750,48.000,12.300",7646,7,1.26,37.496478,126.958015,1455,0,1,0,-70,-69.0,14465,71,7104
18:00:09,13.191,782582,782570,0,1,37.496479,126.958015,0.205,167.4,0.170,1,167.4,"2.500,4.286,4.673","47.916,19.237,-14.557","-34.650,48.600,13.950",7647,7,1.26,37.496478,126.958015,1455,0,1,0,-67,-68.6,14466,5,7104
18:00:09,13.191,782612,782612,0,1,37.496479,126.958015,0.205,167.4,0.170,1,167.4,"6.225,5.191,7.140","46.176,-12.855,1.878","-34.650,50.400,14.700",7647,7,1.26,37.496478,126.958015,1455,0,1,0,-67,-68.3,14467,29,7105
18:00:09,13.191,782634,782634,0,1,37.496479,126.958015,0.205,167.4,0.170,1,167.4,"6.273,5.411,7.772","34.458,-19.962,7.656","-33.450,51.600,13.200",7647,7,1.26,37.496478,126.958015,1455,0,1,0,-67,-68.3,14467,51,7105
18:00:09,13.192,782656,782656,0,1,37.496479,126.958008,0.223,167.4,0.257,1,167.4,"8.183,6.867,8.126","30.718,-33.450,7.969","-35.700,52.800,13.950",7647,7,1.26,37.496481,126.958004,1456,0,1,0,-67,-68.3,14467,73,7105
18:00:09,13.287,782691,782691,0,1,37.496479,126.958008,0.223,167.4,0.257,1,167.4,"10.204,11.052,19.613","-8.282,-34.519,2.603","-35.400,52.350,12.600",7648,7,1.26,37.496481,126.958004,1456,0,1,0,-66,-67.3,14469,6,7106
18:00:09,13.323,782712,782712,0,1,37.496479,126.958008,0.223,167.4,0.257,1,167.4,"-0.876,9.835,-6.388","-1.687,-124.221,9.076","-36.450,52.350,13.200",7648,7,1.26,37.496481,126.958004,1456,0,1,0,-66,-67.3,14469,27,7106
18:00:09,13.323,782734,782734,0,1,37.496479,126.958008,0.223,167.4,0.257,1,167.4,"-3.821,15.203,17.746","-72.550,-87.466,9.519","-39.450,52.350,13.950",7648,7,1.26,37.496481,126.958004,1456,0,1,0,-66,-67.3,14469,49,7106
18:00:09,13.323,782756,782756,0,1,37.496479,126.958008,0.223,167.4,0.257,1,167.4,"-3.189,4.875,12.258","-116.985,-40.855,10.473","-39.750,50.700,13.800",7648,7,1.26,37.496481,126.958004,1456,0,1,0,-66,-67.3,14469,71,7106
18:00:09,13.323,782791,782791,0,1,37.496479,126.958008,0.235,167.4,0.257,1,167.4,"1.020,3.855,9.031","-41.985,9.817,13.840","-40.650,48.150,11.400",7649,7,1.26,37.496481,126.958004,1457,0,1,0,-65,-66.6,14471,4,7107
18:00:09,13.323,782812,782812,0,1,37.496479,126.958008,0.235,167.4,0.257,1,167.4,"4.104,2.887,1.025","-31.321,30.252,26.611","-39.300,46.800,11.250",7649,7,1.26,37.496481,126.958004,1457,0,1,0,-65,-66.6,14471,25,7107
18:00:09,13.420,782834,782834,0,1,37.496479,126.958008,0.235,167.4,0.257,1,167.4,"4.295,3.677,6.804","23.924,67.893,16.702","-40.800,44.850,13.050",7649,7,1.26,37.496481,126.958004,1457,0,1,0,-65,-66.6,14471,47,7107
18:00:09,13.469,782856,782856,0,1,37.496479,126.958008,0.235,167.4,0.257,1,167.4,"3.448,4.779,6.244","45.084,69.496,11.038","-37.950,47.400,13.950",7649,7,1.26,37.496481,126.958004,1457,0,1,0,-65,-66.6,14471,69,7107
18:00:09,13.559,782891,782891,0,1,37.496479,126.958008,0.235,167.4,0.257,1,167.4,"3.970,4.314,7.441","27.374,54.176,0.718","-36.450,46.950,13.650",7650,7,1.26,37.496481,126.958004,1457,0,1,0,-67,-66.8,14473,4,7108
18:00:09,13.595,782912,782912,0,1,37.496479,126.958008,0.235,167.4,0.257,1,167.4,"3.859,4.310,6.685","4.191,26.328,-2.802","-35.700,46.650,13.650",7650,7,1.26,37.496481,126.958004,1457,0,1,0,-67,-66.8,14473,25,7108
18:00:09,13.600,782934,782934,0,1,37.496479,126.958008,0.235,167.4,0.257,1,167.4,"3.955,4.008,5.751","-16.649,2.344,-5.840","-36.000,47.550,13.500",7650,7,1.26,37.496481,126.958004,1457,0,1,0,-67,-66.8,14473,47,7108
18:00:09,13.600,782956,782956,0,1,37.496479,126.958008,0.235,167.4,0.257,1,167.4,"4.223,3.922,4.535","-17.817,-10.069,-4.275","-35.400,48.150,13.950",7650,7,1.26,37.496481,126.958004,1457,0,1,0,-67,-66.8,14473,69,7108
18:00:09,13.600,782991,782991,0,1,37.496479,126.958008,0.235,167.4,0.257,1,167.4,"5.875,3.850,3.596","19.420,1.214,3.458","-34.650,47.400,13.950",7651,7,1.26,37.496481,126.958004,1457,0,1,0,-66,-66.5,14475,2,7109
18:00:09,13.690,783012,783012,0,1,37.496479,126.958008,0.235,167.4,0.257,1,167.4,"7.776,4.424,3.783","46.588,0.718,19.000","-33.300,48.300,13.800",7651,7,1.26,37.496481,126.958004,1457,0,1,0,-66,-66.5,14475,23,7109
18:00:09,13.726,783056,783056,0,1,37.496479,126.958008,0.235,167.4,0.257,1,167.4,"9.290,6.910,9.280","46.107,-3.038,27.740","-34.200,51.300,12.900",7651,7,1.26,37.496481,126.958004,1457,0,1,0,-66,-66.5,14475,67,7109
18:00:09,13.726,783091,783091,0,1,37.496479,126.958008,0.235,167.4,0.257,1,167.4,"8.566,7.460,10.621","15.092,-11.183,4.573","-34.800,51.000,12.750",7652,7,1.26,37.496481,126.958004,1457,0,1,0,-65,-65.8,14477,4,7110
18:00:09,13.727,783112,783112,0,1,37.496479,126.958008,0.235,167.4,0.257,1,167.4,"19.613,19.613,-5.124","-12.985,-69.771,-3.435","-35.550,53.700,13.050",7652,7,1.26,37.496481,126.958004,1457,0,1,0,-65,-65.8,14477,25,7110
18:00:09,13.727,783134,783134,0,1,37.496479,126.958008,0.235,167.4,0.257,1,167.4,"8.777,3.907,11.918","-74.679,-69.740,0.122","-36.000,52.200,13.500",7652,7,1.26,37.496481,126.958004,1457,0,1,0,-65,-65.8,14477,47,7110
18:00:09,13.727,783156,783156,0,1,37.496479,126.958008,0.235,167.4,0.257,1,167.4,"7.690,5.617,4.889","-130.038,-64.435,5.397","-38.250,48.750,13.500",7652,7,1.26,37.496481,126.958004,1457,0,1,0,-65,-65.8,14477,69,7110
18:00:09,13.820,783189,783189,0,1,37.496479,126.958008,0.235,167.4,0.257,1,167.4,"9.294,4.602,6.728","-63.672,-42.763,0.015","-40.050,44.850,12.000",7653,7,1.26,37.496481,126.958004,1457,0,1,0,-63,-64.8,14479,2,7111
18:00:09,13.858,783211,783211,0,1,37.496479,126.958008,0.235,167.4,0.257,1,167.4,"5.871,1.609,1.101","-26.023,1.229,7.237","-42.000,46.050,12.300",7653,7,1.26,37.496481,126.958004,1457,0,1,0,-63,-64.8,14479,24,7111
18:00:09,13.858,783233,783233,0,1,37.496479,126.958008,0.235,167.4,0.257,1,167.4,"4.975,3.610,6.340","18.481,29.130,4.748","-40.950,42.450,12.150",7653,7,1.26,37.496481,126.958004,1457,0,1,0,-63,-64.8,14479,46,7111
18:00:09,13.858,783255,783255,0,1,37.496479,126.958008,0.235,167.4,0.257,1,167.4,"5.895,2.418,5.473","54.282,49.084,2.985","-41.700,42.450,12.150",7653,7,1.26,37.496481,126.958004,1457,0,1,0,-63,-64.8,14479,68,7111
18:00:09,13.858,783289,783277,0,1,37.496479,126.958008,0.235,167.4,0.257,1,167.4,"5.239,2.629,6.383","67.473,49.069,0.107","-40.200,46.200,12.900",7654,7,1.26,37.496481,126.958004,1457,0,1,0,-64,-64.6,14480,5,7111
18:00:09,13.954,783297,783297,0,1,37.496479,126.958008,0.235,167.4,0.257,1,167.4,"4.602,2.581,6.670","65.679,37.893,-2.763","-38.250,46.800,11.250",7654,7,1.26,37.496481,126.958004,1457,0,1,0,-64,-64.5,14481,5,7112
18:00:09,13.990,783319,783319,0,1,37.496479,126.958008,0.235,167.4,0.257,1,167.4,"3.285,2.835,5.339","57.107,23.038,-1.145","-36.900,48.600,11.100",7654,7,1.26,37.496481,126.958004,1457,0,1,0,-64,-64.5,14481,27,7112
18:00:09,13.990,783341,783341,0,1,37.496479,126.958008,0.235,167.4,0.257,1,167.4,"3.242,2.988,5.990","46.511,8.603,1.687","-38.400,50.850,12.150",7654,7,1.26,37.496481,126.958004,1457,0,1,0,-64,-64.5,14481,49,7112
18:00:09,13.990,783363,783363,0,1,37.496479,126.958008,0.235,167.4,0.257,1,167.4,"-13.637,19.613,5.507","21.298,-108.832,7.588","-37.200,50.400,12.150",7654,7,1.26,37.496481,126.958004,1457,0,1,0,-64,-64.5,14481,71,7112
18:00:09,14.082,783396,783396,0,1,37.496479,126.958008,0.235,167.4,0.257,1,167.4,"8.811,5.191,19.613","-17.924,35.000,-2.542","-38.700,53.100,12.150",7655,7,1.26,37.496481,126.958004,1457,0,1,0,-66,-65.0,14483,5,7113
18:00:09,14.118,783418,783418,0,1,37.496479,126.958008,0.235,167.4,0.257,1,167.4,"7.269,7.317,9.285","33.740,23.076,-3.076","-39.450,51.600,13.200",7655,7,1.26,37.496481,126.958004,1457,0,1,0,-66,-65.0,14483,27,7113
18:00:09,14.118,783440,783440,0,1,37.496479,126.958008,0.235,167.4,0.257,1,167.4,"7.824,7.149,15.390","37.702,24.725,-7.221","-39.000,51.750,14.250",7655,7,1.26,37.496481,126.958004,1457,0,1,0,-66,-65.0,14483,49,7113
18:00:09,14.118,783462,783462,0,1,37.496479,126.958008,0.235,167.4,0.257,1,167.4,"7.997,6.053,14.183","-5.168,34.504,-6.153","-36.150,52.800,13.200",7655,7,1.26,37.496481,126.958004,1457,0,1,0,-66,-65.0,14483,71,7113
18:00:09,14.118,783496,783484,0,1,37.496479,126.958008,0.235,167.4,0.257,1,167.4,"3.606,8.543,7.187","-28.641,0.718,-7.191","-37.800,52.950,12.750",7656,7,1.26,37.496481,126.958004,1457,0,1,0,-66,-65.2,14484,5,7113
18:00:09,14.118,783510,783510,0,1,37.496479,126.958008,0.235,167.4,0.257,1,167.4,"9.313,2.519,-1.575","-69.466,-46.672,15.733","-38.250,51.750,11.700",7656,7,1.26,37.496481,126.958004,1457,0,1,0,-66,-65.4,14485,14,7114
18:00:10,14.205,783532,783532,0,1,37.496479,126.958008,0.235,167.4,0.257,1,167.4,"4.645,7.575,1.183","-57.183,-25.366,-13.473","-37.200,50.100,12.900",7656,7,1.26,37.496481,126.958004,1457,0,1,0,-66,-65.4,14485,36,7114
18:00:10,14.236,783554,783554,0,1,37.496479,126.958008,0.235,167.4,0.257,1,167.4,"5.296,5.325,6.732","-59.695,-39.534,-4.863","-36.900,49.350,11.850",7656,7,1.26,37.496481,126.958004,1457,0,1,0,-66,-65.4,14485,58,7114
18:00:10,14.236,783576,783576,0,1,37.496479,126.958008,0.235,167.4,0.257,1,167.4,"5.564,3.371,3.251","-39.641,-22.046,-8.557","-40.200,49.650,12.900",7656,7,1.26,37.496481,126.958004,1457,0,1,0,-66,-65.4,14485,80,7114
18:00:10,14.236,783625,783625,0,1,37.496479,126.958008,0.235,167.4,0.257,1,167.4,"3.318,3.759,4.554","17.534,26.023,-6.115","-39.750,47.550,11.250",7657,7,1.26,37.496481,126.958004,1457,0,1,0,-63,-64.7,14487,28,7115
18:00:10,14.236,783647,783647,0,1,37.496479,126.958008,0.235,167.4,0.257,1,167.4,"3.955,3.318,5.258","30.275,32.771,-6.992","-37.950,48.600,10.350",7657,7,1.26,37.496481,126.958004,1457,0,1,0,-63,-64.7,14487,50,7115
18:00:10,14.324,783669,783669,0,1,37.496483,126.958000,0.257,167.4,0.298,1,167.4,"3.084,3.160,4.444","30.389,28.420,-8.290","-38.250,50.250,10.200",7657,7,1.26,37.496487,126.957998,1458,0,1,0,-63,-64.7,14487,72,7115
18:00:10,14.355,783725,783725,0,1,37.496483,126.958000,0.257,167.4,0.298,1,167.4,"2.514,3.764,5.013","29.023,3.168,-0.160","-38.550,54.900,10.200",7658,7,1.26,37.496487,126.957998,1458,0,1,0,-61,-63.4,14489,26,7116
18:00:10,14.355,783747,783747,0,1,37.496483,126.958000,0.257,167.4,0.298,1,167.4,"3.443,4.702,5.622","38.115,-9.824,2.710","-38.250,54.450,10.200",7658,7,1.26,37.496487,126.957998,1458,0,1,0,-61,-63.4,14489,48,7116
18:00:10,14.355,783769,783769,0,1,37.496483,126.958000,0.272,167.4,0.298,1,167.4,"4.669,5.631,7.120","51.458,-24.954,0.893","-40.950,55.800,8.550",7658,7,1.26,37.496487,126.957998,1459,0,1,0,-61,-63.4,14489,70,7116
18:00:10,14.443,783804,783804,0,1,37.496483,126.958000,0.272,167.4,0.298,1,167.4,"-19.613,19.613,-19.613","4.939,-21.672,97.626","-41.400,57.450,11.100",7659,7,1.26,37.496487,126.957998,1459,0,1,0,-62,-63.1,14490,10,7116
18:00:10,14.474,783826,783826,0,1,37.496483,126.958000,0.272,167.4,0.298,1,167.4,"-7.843,5.353,13.891","-52.649,37.557,-14.466","-43.950,58.200,11.100",7659,7,1.26,37.496487,126.957998,1459,0,1,0,-62,-62.9,14491,22,7117
18:00:10,14.474,783905,783905,0,1,37.496483,126.958000,0.272,167.4,0.298,1,167.4,"4.956,3.481,8.677","-17.573,-10.031,-15.328","-42.150,58.950,10.350",7660,7,1.26,37.496487,126.957998,1459,0,1,0,-61,-62.5,14492,5,7117
18:00:10,14.572,783926,783926,0,1,37.496483,126.958000,0.272,167.4,0.298,1,167.4,"1.192,5.492,6.857","-45.855,-31.550,-18.855","-40.650,57.750,10.650",7660,7,1.26,37.496487,126.957998,1459,0,1,0,-61,-62.2,14493,18,7118
18:00:10,14.608,783948,783948,0,1,37.496483,126.958000,0.272,167.4,0.298,1,167.4,"0.967,4.731,6.124","-61.229,-41.130,-15.168","-40.950,57.000,10.350",7660,7,1.26,37.496487,126.957998,1459,0,1,0,-61,-62.2,14493,40,7118
18:00:10,14.608,783970,783970,0,1,37.496483,126.958000,0.272,167.4,0.298,1,167.4,"2.595,3.505,5.775","-52.786,-23.023,-17.466","-42.450,54.000,8.850",7660,7,1.26,37.496487,126.957998,1459,0,1,0,-61,-62.2,14493,62,7118
18:00:10,14.609,784005,784004,0,1,37.496487,126.958000,0.272,167.4,0.298,1,167.4,"2.978,3.864,5.057","-20.794,6.527,-16.618","-41.700,51.300,9.600",7661,7,1.26,37.496487,126.957998,1459,0,1,0,-60,-61.6,14495,3,7119
18:00:10,14.716,784026,784026,0,1,37.496487,126.958000,0.272,167.4,0.298,1,167.4,"3.874,4.166,4.769","1.382,22.321,-15.252","-40.200,50.850,11.100",7661,7,1.26,37.496487,126.957998,1459,0,1,0,-60,-61.6,14495,24,7119
18:00:10,14.757,784070,784070,0,1,37.496487,126.958000,0.272,167.4,0.298,1,167.4,"3.764,4.851,3.716","28.702,33.679,-17.733","-41.400,50.400,11.850",7661,7,1.26,37.496487,126.957998,1459,0,1,0,-60,-61.6,14495,68,7119
18:00:10,14.757,784126,784126,0,1,37.496487,126.958000,0.272,167.4,0.298,1,167.4,"4.822,5.885,4.070","52.672,24.466,-4.649","-36.300,52.200,11.700",7662,7,1.26,37.496487,126.957998,1459,0,1,0,-60,-61.2,14497,25,7120
18:00:10,14.757,784148,784148,0,1,37.496487,126.958000,0.272,167.4,0.298,1,167.4,"5.574,6.512,4.645","64.290,14.870,3.458","-34.650,52.800,12.900",7662,7,1.26,37.496487,126.957998,1459,0,1,0,-60,-61.2,14497,47,7120
18:00:10,14.854,784170,784170,0,1,37.496487,126.958000,0.272,167.4,0.298,1,167.4,"6.948,7.614,5.449","67.992,-10.435,12.664","-36.450,54.000,12.600",7662,7,1.26,37.496487,126.957998,1459,0,1,0,-60,-61.2,14497,69,7120
18:00:10,14.890,784225,784225,0,1,37.496487,126.958000,0.272,167.4,0.298,1,167.4,"10.563,6.622,12.665","-15.756,-23.496,22.977","-37.050,57.150,12.750",7663,7,1.26,37.496487,126.957998,1459,0,1,0,-60,-60.7,14499,21,7121
18:00:10,14.890,784247,784247,0,1,37.496487,126.958000,0.272,167.4,0.298,1,167.4,"3.352,5.109,14.164","-30.382,-15.466,9.344","-35.550,58.800,12.300",7663,7,1.26,37.496487,126.957998,1459,0,1,0,-60,-60.7,14499,43,7121
18:00:10,14.890,784303,784291,0,1,37.496487,126.958000,0.272,167.4,0.298,1,167.4,"-3.012,0.771,-19.613","-12.763,-62.130,24.504","-36.300,55.650,12.750",7664,7,1.26,37.496487,126.957998,1459,0,1,0,-60,-60.6,14500,5,7121
18:00:10,14.891,784311,784311,0,1,37.496487,126.958000,0.272,167.4,0.298,1,167.4,"1.030,4.731,6.230","-40.634,3.771,1.740","-38.400,54.300,12.900",7664,7,1.26,37.496487,126.957998,1459,0,1,0,-61,-60.7,14501,6,7122
18:00:10,14.891,784333,784333,0,1,37.496487,126.958000,0.272,167.4,0.298,1,167.4,"1.221,6.000,6.287","-50.130,-2.916,13.954","-37.650,52.350,13.650",7664,7,1.26,37.496487,126.957998,1459,0,1,0,-61,-60.7,14501,28,7122
18:00:10,14.891,784355,784355,0,1,37.496487,126.958000,0.272,167.4,0.298,1,167.4,"4.673,2.571,4.482","-27.557,4.786,11.313","-38.550,54.150,10.950",7664,7,1.26,37.496487,126.957998,1459,0,1,0,-61,-60.7,14501,50,7122
18:00:10,14.991,784377,784377,0,1,37.496487,126.958000,0.272,167.4,0.298,1,167.4,"2.270,3.333,5.804","-12.458,23.290,7.878","-38.400,50.100,10.050",7664,7,1.26,37.496487,126.957998,1459,0,1,0,-61,-60.7,14501,72,7122
18:00:10,15.027,784410,784410,0,1,37.496487,126.958000,0.272,167.4,0.298,1,167.4,"2.653,3.821,4.975","16.008,47.649,7.931","-36.150,51.600,13.650",7665,7,1.26,37.496487,126.957998,1459,0,1,0,-62,-61.2,14503,4,7123
18:00:10,15.028,784432,784432,0,1,37.496487,126.958000,0.272,167.4,0.298,1,167.4,"2.720,4.539,5.612","25.198,51.282,8.168","-35.550,53.700,13.500",7665,7,1.26,37.496487,126.957998,1459,0,1,0,-62,-61.2,14503,26,7123
18:00:10,15.028,784454,784454,0,1,37.496487,126.958000,0.272,167.4,0.298,1,167.4,"3.936,4.477,6.436","32.595,44.992,-0.611","-34.500,50.250,14.550",7665,7,1.26,37.496487,126.957998,1459,0,1,0,-62,-61.2,14503,48,7123
18:00:10,15.028,784476,784476,0,1,37.496487,126.958000,0.272,167.4,0.298,1,167.4,"4.764,4.061,8.887","11.221,23.069,1.221","-32.700,52.800,12.900",7665,7,1.26,37.496487,126.957998,1459,0,1,0,-62,-61.2,14503,70,7123
18:00:10,15.028,784510,784498,0,1,37.496487,126.958000,0.272,167.4,0.298,1,167.4,"3.730,4.592,5.650","-2.382,5.328,1.771","-31.800,53.400,13.050",7666,7,1.26,37.496487,126.957998,1459,0,1,0,-62,-61.3,14504,3,7123
18:00:10,15.028,784518,784518,0,1,37.496487,126.958000,0.272,167.4,0.298,1,167.4,"3.792,4.712,6.024","-13.305,-6.687,3.336","-32.550,52.950,14.850",7666,7,1.26,37.496487,126.957998,1459,0,1,0,-62,-61.5,14505,6,7124
18:00:10,15.121,784540,784540,0,1,37.496487,126.958000,0.272,167.4,0.298,1,167.4,"3.950,4.951,4.405","-17.183,-14.237,0.740","-31.950,54.000,15.150",7666,7,1.26,37.496487,126.957998,1459,0,1,0,-62,-61.5,14505,28,7124
18:00:10,15.157,784562,784562,0,1,37.496487,126.958000,0.272,167.4,0.298,1,167.4,"4.851,5.291,4.037","-6.344,-11.550,3.565","-32.400,51.600,14.400",7666,7,1.26,37.496487,126.957998,1459,0,1,0,-62,-61.5,14505,50,7124
18:00:10,15.157,784584,784584,0,1,37.496487,126.958000,0.272,167.4,0.298,1,167.4,"5.760,5.258,4.123","11.458,-5.527,6.160","-34.500,52.650,13.800",7666,7,1.26,37.496487,126.957998,1459,0,1,0,-62,-61.5,14505,72,7124
18:00:10,15.157,784619,784619,0,1,37.496487,126.957993,0.272,167.4,0.298,1,167.4,"6.546,6.211,4.693","42.382,9.641,15.244","-31.650,51.600,13.650",7667,7,1.26,37.496487,126.957998,1459,0,1,0,-65,-62.7,14507,8,7125
18:00:11,15.209,784640,784640,0,1,37.496487,126.957993,0.272,167.4,0.298,1,167.4,"7.001,6.742,5.215","46.412,4.626,18.496","-34.200,52.800,13.650",7667,7,1.26,37.496487,126.957998,1459,0,1,0,-65,-62.7,14507,29,7125
18:00:11,15.351,784662,784662,0,1,37.496487,126.957993,0.261,167.4,0.242,1,167.4,"7.288,6.929,6.560","33.412,-11.435,25.000","-34.200,56.550,13.950",7667,7,1.26,37.496491,126.957990,1460,0,1,0,-65,-62.7,14507,51,7125
18:00:11,15.391,784684,784684,0,1,37.496487,126.957993,0.261,167.4,0.242,1,167.4,"-18.742,19.613,19.613","-95.145,77.527,-20.366","-32.550,56.100,12.300",7667,7,1.26,37.496491,126.957990,1460,0,1,0,-65,-62.7,14507,73,7125
18:00:11,15.391,784719,784719,0,1,37.496487,126.957993,0.261,167.4,0.242,1,167.4,"8.753,8.174,9.941","-39.435,-10.481,21.405","-35.550,55.350,12.750",7668,7,1.26,37.496491,126.957990,1460,0,1,0,-71,-65.7,14509,5,7126
18:00:11,15.391,784741,784741,0,1,37.496487,126.957993,0.261,167.4,0.242,1,167.4,"7.025,6.613,4.434","10.336,51.969,-0.710","-35.250,54.150,13.050",7668,7,1.26,37.496491,126.957990,1460,0,1,0,-71,-65.7,14509,27,7126
18:00:11,15.391,784763,784763,0,1,37.496487,126.957993,0.261,167.4,0.242,1,167.4,"4.061,1.523,16.506","12.740,-17.779,-1.969","-33.750,53.400,14.250",7668,7,1.26,37.496491,126.957990,1460,0,1,0,-71,-65.7,14509,49,7126
18:00:11,15.391,784785,784785,0,1,37.496490,126.957993,0.254,167.4,0.242,1,167.4,"3.314,8.633,8.782","-35.580,5.641,4.290","-34.650,53.550,12.900",7668,7,1.67,37.496491,126.957990,1461,0,1,0,-71,-65.7,14509,71,7126
18:00:11,15.392,784820,784820,0,1,37.496490,126.957993,0.254,167.4,0.242,1,167.4,"6.038,5.866,1.470","-40.969,-12.481,5.985","-33.300,54.150,13.800",7669,7,1.67,37.496491,126.957990,1461,0,1,0,-69,-66.9,14511,4,7127
18:00:11,15.487,784842,784842,0,1,37.496490,126.957993,0.254,167.4,0.242,1,167.4,"5.760,4.343,4.166","-41.244,-10.916,9.649","-33.150,52.800,15.150",7669,7,1.67,37.496491,126.957990,1461,0,1,0,-69,-66.9,14511,26,7127
18:00:11,15.536,784864,784864,0,1,37.496490,126.957993,0.254,167.4,0.242,1,167.4,"5.593,3.879,5.296","-33.015,-7.405,11.198","-36.300,51.000,14.250",7669,7,1.67,37.496491,126.957990,1461,0,1,0,-69,-66.9,14511,48,7127
18:00:11,15.536,784886,784886,0,1,37.496490,126.957993,0.254,167.4,0.242,1,167.4,"5.239,2.993,5.559","-17.412,-4.015,11.489","-34.050,50.250,13.500",7669,7,1.67,37.496491,126.957990,1461,0,1,0,-69,-66.9,14511,70,7127
18:00:11,15.536,784921,784921,0,1,37.496490,126.957993,0.254,167.4,0.242,1,167.4,"4.027,2.385,4.602","19.855,6.000,11.038","-35.550,49.950,12.300",7670,7,1.67,37.496491,126.957990,1461,0,1,0,-69,-67.7,14513,7,7128
18:00:11,15.632,784943,784943,0,1,37.496490,126.957993,0.254,167.4,0.242,1,167.4,"3.687,2.284,4.108","37.985,9.321,14.389","-33.900,52.350,13.650",7670,7,1.67,37.496491,126.957990,1461,0,1,0,-69,-67.7,14513,29,7128
18:00:11,15.673,784987,784987,0,1,37.496490,126.957993,0.254,167.4,0.242,1,167.4,"3.299,3.917,6.292","48.702,-14.290,15.275","-36.150,52.800,13.650",7670,7,1.67,37.496491,126.957990,1461,0,1,0,-69,-67.7,14513,73,7128
18:00:11,15.673,785022,785022,0,1,37.496490,126.957993,0.254,167.4,0.242,1,167.4,"-1.920,19.613,-1.566","-24.366,-210.992,-8.214","-35.250,53.400,12.000",7671,7,1.67,37.496491,126.957990,1461,0,1,0,-68,-67.9,14515,4,7129
18:00:11,15.674,785044,785044,0,1,37.496490,126.957993,0.254,167.4,0.242,1,167.4,"10.190,8.906,19.613","-133.733,138.916,-153.130","-36.450,52.800,12.150",7671,7,1.67,37.496491,126.957990,1461,0,1,0,-68,-67.9,14515,26,7129
18:00:11,15.674,785066,785066,0,1,37.496490,126.957993,0.254,167.4,0.242,1,167.4,"3.735,6.579,5.885","-7.221,42.313,-14.580","-37.050,55.650,12.300",7671,7,1.67,37.496491,126.957990,1461,0,1,0,-68,-67.9,14515,48,7129
18:00:11,15.674,785088,785088,0,1,37.496490,126.957993,0.254,167.4,0.242,1,167.4,"12.225,2.413,8.308","-32.611,18.878,0.397","-37.650,55.800,13.200",7671,7,1.67,37.496491,126.957990,1461,0,1,0,-68,-67.9,14515,70,7129
18:00:11,15.770,785123,785123,0,1,37.496490,126.957993,0.254,167.4,0.242,1,167.4,"5.071,5.138,7.106","-65.015,-77.664,-2.046","-36.300,53.400,13.050",7672,7,1.67,37.496491,126.957990,1461,0,1,0,-69,-68.5,14517,7,7130
18:00:11,15.811,785167,785167,0,1,37.496490,126.957993,0.254,167.4,0.242,1,167.4,"6.680,5.037,4.367","-96.198,-70.496,-6.824","-40.200,48.900,11.100",7672,7,1.67,37.496491,126.957990,1461,0,1,0,-69,-68.5,14517,51,7130
18:00:11,15.811,785222,785222,0,1,37.496490,126.957993,0.254,167.4,0.242,1,167.4,"7.427,2.643,4.664","-15.031,4.359,-9.908","-42.900,45.450,10.350",7673,7,1.67,37.496491,126.957990,1461,0,1,0,-66,-67.4,14519,3,7131
18:00:11,15.904,785244,785244,0,1,37.496490,126.957993,0.254,167.4,0.242,1,167.4,"5.626,2.801,4.262","19.863,30.634,-10.366","-41.550,46.500,9.450",7673,7,1.67,37.496491,126.957990,1461,0,1,0,-66,-67.4,14519,25,7131
18:00:11,15.942,785266,785266,0,1,37.496490,126.957993,0.254,167.4,0.242,1,167.4,"5.842,2.289,5.128","46.481,42.038,-10.191","-43.200,46.200,10.650",7673,7,1.67,37.496491,126.957990,1461,0,1,0,-66,-67.4,14519,47,7131
18:00:11,15.942,785288,785288,0,1,37.496490,126.957993,0.254,167.4,0.242,1,167.4,"4.961,3.251,7.096","47.405,40.672,-11.565","-41.250,50.250,8.700",7673,7,1.67,37.496491,126.957990,1461,0,1,0,-66,-67.4,14519,69,7131
18:00:11,15.942,785322,785310,0,1,37.496490,126.957993,0.254,167.4,0.242,1,167.4,"4.032,2.667,5.157","41.298,25.626,-11.351","-41.700,50.850,10.350",7674,7,1.67,37.496491,126.957990,1461,0,1,0,-67,-67.3,14520,5,7131
18:00:11,15.942,785330,785330,0,1,37.496490,126.957993,0.254,167.4,0.242,1,167.4,"3.247,2.519,4.635","30.321,9.504,-7.756","-42.450,50.400,10.050",7674,7,1.67,37.496491,126.957990,1461,0,1,0,-66,-67.1,14521,8,7132
18:00:11,16.037,785352,785352,0,1,37.496490,126.957993,0.254,167.4,0.242,1,167.4,"2.806,2.715,5.464","14.000,-12.847,-6.519","-40.800,53.400,9.450",7674,7,1.67,37.496491,126.957990,1461,0,1,0,-66,-67.1,14521,30,7132
18:00:11,16.073,785374,785374,0,1,37.496490,126.957993,0.254,167.4,0.242,1,167.4,"3.184,3.069,6.057","-2.618,-35.061,-1.237","-42.300,54.150,8.700",7674,7,1.67,37.496491,126.957990,1461,0,1,0,-66,-67.1,14521,52,7132
18:00:11,16.073,785396,785396,0,1,37.496490,126.957993,0.254,167.4,0.242,1,167.4,"3.783,2.974,5.435","-13.374,-49.580,0.824","-42.000,53.400,9.450",7674,7,1.67,37.496491,126.957990,1461,0,1,0,-66,-67.1,14521,74,7132
18:00:11,16.074,785429,785429,0,1,37.496490,126.957993,0.254,167.4,0.242,1,167.4,"5.583,3.199,5.550","9.305,-41.954,-1.137","-44.700,53.550,10.050",7675,7,1.67,37.496491,126.957990,1461,0,1,0,-64,-66.5,14522,5,7133
18:00:11,16.074,785451,785451,0,1,37.496490,126.957993,0.254,167.4,0.242,1,167.4,"9.969,-4.693,4.836","116.435,-25.092,5.481","-45.750,52.650,9.750",7675,7,1.67,37.496491,126.957990,1461,0,1,0,-63,-65.8,14523,21,7133
18:00:12,16.170,785473,785473,0,1,37.496490,126.957993,0.254,167.4,0.242,1,167.4,"9.807,-1.456,15.682","37.802,-19.244,0.802","-45.750,53.700,8.700",7675,7,1.67,37.496491,126.957990,1461,0,1,0,-63,-65.8,14523,43,7133
18:00:12,16.206,785529,785517,0,1,37.496490,126.957993,0.254,167.4,0.242,1,167.4,"6.603,10.664,17.679","36.885,57.763,-0.489","-44.250,55.350,10.500",7676,7,1.67,37.496491,126.957990,1461,0,1,0,-63,-65.8,14523,99,7133
18:00:12,16.206,785559,785559,0,1,37.496490,126.957993,0.254,167.4,0.242,1,167.4,"1.628,7.178,1.413","-17.740,-10.168,-12.359","-41.250,55.650,10.500",7676,7,1.67,37.496491,126.957990,1461,0,1,0,-66,-65.7,14525,27,7134
18:00:12,16.298,785660,785660,0,1,37.496490,126.957993,0.225,167.4,0.170,1,167.4,"2.207,3.486,5.837","0.076,21.977,-9.435","-41.700,51.300,10.650",7677,7,1.67,37.496492,126.957986,1462,0,1,0,-66,-66.0,14527,30,7135
18:00:12,16.334,785704,785704,0,1,37.496490,126.957993,0.225,167.4,0.170,1,167.4,"2.380,3.668,5.373","19.000,31.076,-6.740","-42.150,53.100,11.100",7677,7,1.67,37.496492,126.957986,1462,0,1,0,-66,-66.0,14527,74,7135
18:00:12,16.498,785739,785739,0,1,37.496490,126.957993,0.225,167.4,0.170,1,167.4,"3.323,4.324,5.856","28.588,30.985,-1.359","-40.500,52.200,12.750",7678,7,1.67,37.496492,126.957986,1462,0,1,0,-67,-66.2,14528,2,7135
18:00:12,16.665,785941,785941,0,1,37.496490,126.957985,0.206,167.4,0.170,1,167.4,"6.900,8.064,12.277","31.511,28.489,-2.656","-40.050,53.400,12.000",7680,7,1.26,37.496492,126.957986,1463,0,1,0,-68,-67.4,14532,2,7137
18:00:12,16.706,785985,785985,0,1,37.496490,126.957985,0.206,167.4,0.170,1,167.4,"3.112,5.181,6.881","-25.947,5.794,-7.122","-36.450,54.750,12.600",7680,7,1.26,37.496492,126.957986,1463,0,1,0,-68,-67.4,14532,46,7137
18:00:12,16.706,786007,786007,0,1,37.496490,126.957985,0.206,167.4,0.170,1,167.4,"3.792,4.659,6.254","-44.137,-14.603,-4.840","-37.200,51.300,12.150",7680,7,1.26,37.496492,126.957986,1463,0,1,0,-68,-67.4,14532,68,7137
18:00:12,16.706,786042,786042,0,1,37.496490,126.957985,0.206,167.4,0.170,1,167.4,"2.327,4.741,5.224","-39.824,-11.267,-5.992","-38.250,51.000,11.250",7681,7,1.26,37.496492,126.957986,1463,0,1,0,-69,-68.0,14534,2,7138
18:00:12,16.706,786064,786064,0,1,37.496490,126.957985,0.206,167.4,0.170,1,167.4,"3.127,4.401,4.487","-20.405,3.221,-3.504","-37.650,50.400,13.200",7681,7,1.26,37.496492,126.957986,1463,0,1,0,-69,-68.0,14534,24,7138
18:00:12,16.706,786143,786143,0,1,37.496490,126.957985,0.206,167.4,0.170,1,167.4,"5.784,4.970,5.516","32.817,17.420,0.511","-37.050,49.950,12.300",7682,7,1.26,37.496492,126.957986,1463,0,1,0,-69,-68.2,14535,5,7138
18:00:12,16.706,786165,786165,0,1,37.496490,126.957985,0.206,167.4,0.170,1,167.4,"5.329,4.812,4.994","27.427,1.344,1.656","-37.050,52.200,12.750",7682,7,1.26,37.496492,126.957986,1463,0,1,0,-68,-68.1,14536,21,7139
18:00:12,16.707,786187,786187,0,1,37.496490,126.957985,0.206,167.4,0.170,1,167.4,"4.937,5.095,4.712","19.977,-6.756,2.290","-36.000,51.750,13.500",7682,7,1.26,37.496492,126.957986,1463,0,1,0,-68,-68.1,14536,43,7139
18:00:12,16.817,786209,786209,0,1,37.496490,126.957985,0.206,167.4,0.170,1,167.4,"5.315,5.210,4.597","18.809,-13.580,7.061","-37.050,51.750,12.750",7682,7,1.26,37.496492,126.957986,1463,0,1,0,-68,-68.1,14536,65,7139
18:00:12,16.858,786242,786242,0,1,37.496490,126.957985,0.206,167.4,0.170,1,167.4,"5.693,4.994,4.041","25.611,-18.221,12.565","-37.050,51.450,13.500",7683,7,1.26,37.496492,126.957986,1463,0,1,0,-67,-67.9,14537,12,7139
18:00:12,16.858,786264,786264,0,1,37.496490,126.957985,0.206,167.4,0.170,1,167.4,"-19.613,-1.776,-19.613","-3.099,59.260,-41.321","-38.400,52.350,14.700",7683,7,1.26,37.496492,126.957986,1463,0,1,0,-67,-67.7,14538,9,7140
18:00:12,16.915,786308,786308,0,1,37.496490,126.957985,0.206,167.4,0.170,1,167.4,"0.503,4.013,-6.445","-21.023,1.053,23.351","-39.900,51.600,12.150",7683,7,1.26,37.496492,126.957986,1463,0,1,0,-67,-67.7,14538,53,7140
18:00:12,16.939,786350,786350,0,1,37.496490,126.957985,0.206,167.4,0.170,1,167.4,"6.766,3.922,6.254","51.473,49.351,8.092","-39.000,54.900,13.500",7684,7,1.26,37.496492,126.957986,1463,0,1,0,-68,-67.8,14539,8,7140
18:00:12,17.074,786372,786372,0,1,37.496490,126.957985,0.206,167.4,0.170,1,167.4,"6.646,5.306,6.292","31.840,33.061,12.275","-37.950,54.750,12.900",7684,7,1.26,37.496492,126.957986,1463,0,1,0,-69,-68.0,14540,13,7141
18:00:12,17.123,786394,786394,0,1,37.496490,126.957985,0.206,167.4,0.170,1,167.4,"5.899,5.545,9.084","36.344,33.557,6.947","-37.950,54.750,12.900",7684,7,1.26,37.496492,126.957986,1463,0,1,0,-69,-68.0,14540,35,7141
18:00:12,17.123,786416,786416,0,1,37.496490,126.957985,0.206,167.4,0.170,1,167.4,"5.239,5.756,11.564","15.809,32.954,8.649","-37.050,56.100,12.300",7684,7,1.26,37.496492,126.957986,1463,0,1,0,-69,-68.0,14540,57,7141
18:00:12,17.123,786449,786449,0,1,37.496490,126.957985,0.206,167.4,0.170,1,167.4,"8.284,6.574,8.040","3.023,17.107,0.466","-36.450,54.750,11.850",7685,7,1.26,37.496492,126.957986,1463,0,1,0,-68,-68.0,14541,6,7141
18:00:12,17.123,786493,786493,0,1,37.496490,126.957985,0.206,167.4,0.170,1,167.4,"3.701,6.632,12.287","-47.046,-3.489,-4.023","-34.950,55.500,11.400",7685,7,1.26,37.496492,126.957986,1463,0,1,0,-68,-68.0,14542,35,7142
18:00:12,17.123,786515,786515,0,1,37.496490,126.957985,0.206,167.4,0.170,1,167.4,"3.955,3.400,1.733","-60.366,-25.656,1.420","-36.150,54.750,13.650",7685,7,1.26,37.496492,126.957986,1463,0,1,0,-68,-68.0,14542,57,7142
18:00:12,17.123,786549,786537,0,1,37.496490,126.957985,0.206,167.4,0.170,1,167.4,"3.677,3.994,6.536","-45.427,6.977,-6.221","-33.150,54.000,15.150",7686,7,1.26,37.496492,126.957986,1463,0,1,0,-68,-68.0,14542,91,7142
18:00:13,17.224,786557,786557,0,1,37.496490,126.957985,0.206,167.4,0.170,1,167.4,"2.658,4.563,5.392","-21.672,7.954,-2.466","-33.150,52.050,12.600",7686,7,1.26,37.496492,126.957986,1463,0,1,0,-74,-69.2,14543,5,7142
18:00:13,17.260,786601,786601,0,1,37.496490,126.957985,0.206,167.4,0.170,1,167.4,"2.887,3.730,5.454","31.031,39.718,-3.374","-34.500,53.400,13.050",7686,7,1.26,37.496492,126.957986,1463,0,1,0,-73,-70.0,14544,42,7143
18:00:13,17.260,786623,786623,0,1,37.496490,126.957985,0.206,167.4,0.170,1,167.4,"3.419,3.994,6.421","34.817,32.656,-0.878","-31.650,52.800,14.400",7686,7,1.26,37.496492,126.957986,1463,0,1,0,-73,-70.0,14544,64,7143
18:00:13,17.260,786658,786658,0,1,37.496490,126.957985,0.213,167.4,0.226,1,167.4,"3.960,4.573,5.952","14.527,3.634,0.519","-32.400,54.750,12.150",7687,7,1.26,37.496492,126.957982,1464,0,1,0,-65,-69.0,14545,13,7143
18:00:13,17.260,786680,786680,0,1,37.496490,126.957985,0.213,167.4,0.226,1,167.4,"4.879,4.458,6.235","-0.008,-18.160,-0.916","-31.650,53.550,16.200",7687,7,1.26,37.496492,126.957982,1464,0,1,0,-65,-68.2,14546,20,7144
18:00:13,17.260,786724,786724,0,1,37.496490,126.957985,0.213,167.4,0.226,1,167.4,"5.746,4.559,5.291","0.916,-33.611,-4.099","-32.550,54.150,13.500",7687,7,1.26,37.496492,126.957982,1464,0,1,0,-65,-68.2,14546,64,7144
18:00:13,17.351,786759,786759,0,1,37.496490,126.957985,0.213,167.4,0.226,1,167.4,"6.043,4.922,5.713","22.137,-25.595,-1.870","-34.050,52.650,13.800",7688,7,1.26,37.496492,126.957982,1464,0,1,0,-65,-68.2,14546,99,7144
18:00:13,17.387,786781,786781,0,1,37.496490,126.957985,0.218,167.4,0.226,1,167.4,"6.311,5.282,5.818","34.115,-24.733,-1.046","-34.650,51.600,13.650",7688,7,1.26,37.496492,126.957982,1465,0,1,0,-64,-66.7,14548,18,7145
18:00:13,17.387,786825,786825,0,1,37.496490,126.957985,0.218,167.4,0.226,1,167.4,"11.013,3.218,19.613","-49.275,-42.595,4.542","-35.400,55.050,14.400",7688,7,1.26,37.496492,126.957982,1465,0,1,0,-64,-66.7,14548,62,7145
18:00:13,17.498,786860,786860,0,1,37.496490,126.957985,0.218,167.4,0.226,1,167.4,"13.748,4.587,16.328","-31.336,44.908,6.023","-34.800,52.650,12.750",7689,7,1.26,37.496492,126.957982,1465,0,1,0,-62,-65.7,14549,9,7145
18:00:13,17.705,786903,786903,0,1,37.496490,126.957985,0.218,167.4,0.226,1,167.4,"4.104,3.050,7.460","-39.908,-4.534,0.313","-35.700,52.350,13.200",7689,7,1.26,37.496492,126.957982,1465,0,1,0,-61,-64.8,14550,35,7146
18:00:13,17.772,787004,787004,0,1,37.496490,126.957985,0.218,167.4,0.226,1,167.4,"3.347,3.644,6.201","0.641,11.321,-8.458","-34.200,50.100,11.850",7690,7,1.26,37.496492,126.957982,1465,0,1,0,-60,-63.1,14552,37,7147
18:00:13,17.772,787026,787026,0,1,37.496490,126.957985,0.218,167.4,0.226,1,167.4,"4.415,4.003,5.981","4.573,2.565,-9.740","-35.250,49.950,14.550",7690,7,1.26,37.496492,126.957982,1465,0,1,0,-60,-63.1,14552,59,7147
18:00:13,17.773,787061,787061,0,1,37.496490,126.957985,0.218,167.4,0.226,1,167.4,"4.089,4.477,5.200","-0.290,-6.466,-8.191","-34.650,51.300,14.400",7691,7,1.26,37.496492,126.957982,1465,0,1,0,-58,-62.1,14553,9,7147
18:00:13,17.773,787082,787082,0,1,37.496490,126.957985,0.218,167.4,0.226,1,167.4,"4.492,4.827,4.348","-5.519,-13.580,-4.473","-35.700,50.100,14.400",7691,7,1.26,37.496492,126.957982,1465,0,1,0,-58,-61.2,14554,15,7148
18:00:13,17.773,787104,787104,0,1,37.496490,126.957985,0.218,167.4,0.226,1,167.4,"4.913,5.181,3.931","-0.870,-19.290,-3.931","-35.250,49.200,16.050",7691,7,1.26,37.496492,126.957982,1465,0,1,0,-58,-61.2,14554,37,7148
18:00:13,17.773,787126,787126,0,1,37.496490,126.957985,0.218,167.4,0.226,1,167.4,"5.928,5.622,3.764","5.847,-19.626,-2.145","-34.050,48.750,15.600",7691,7,1.26,37.496492,126.957982,1465,0,1,0,-58,-61.2,14554,59,7148
18:00:13,17.773,787160,787160,0,1,37.496490,126.957985,0.218,167.4,0.226,1,167.4,"8.179,7.077,4.779","23.550,-27.893,-1.832","-37.050,51.000,12.750",7692,7,1.26,37.496492,126.957982,1465,0,1,0,-57,-60.4,14555,5,7148
18:00:13,17.773,787182,787182,0,1,37.496490,126.957985,0.218,167.4,0.226,1,167.4,"-6.771,15.170,5.626","0.962,-57.115,-4.962","-35.700,50.400,12.900",7692,7,1.26,37.496492,126.957982,1465,0,1,0,-57,-59.7,14556,15,7149
18:00:13,17.874,787204,787204,0,1,37.496490,126.957985,0.218,167.4,0.226,1,167.4,"7.925,1.288,11.602","-38.870,-28.695,13.214","-37.050,51.000,13.050",7692,7,1.26,37.496492,126.957982,1465,0,1,0,-57,-59.7,14556,37,7149
18:00:13,17.917,787259,787259,0,1,37.496490,126.957985,0.218,167.4,0.226,1,167.4,"9.227,4.870,8.140","59.176,68.496,-2.794","-37.800,51.750,13.800",7693,7,1.26,37.496492,126.957982,1465,0,1,0,-57,-59.7,14556,92,7149
18:00:13,17.917,787281,787281,0,1,37.496490,126.957985,0.218,167.4,0.226,1,167.4,"0.144,5.282,-8.217","33.282,22.794,10.443","-35.550,51.750,13.050",7693,7,1.26,37.496492,126.957982,1465,0,1,0,-59,-59.0,14558,4,7150
18:00:13,17.917,787303,787303,0,1,37.496490,126.957985,0.218,167.4,0.226,1,167.4,"5.334,5.286,6.646","33.947,31.405,-6.038","-34.200,54.000,13.200",7693,7,1.26,37.496492,126.957982,1465,0,1,0,-59,-59.0,14558,26,7150
18:00:13,17.917,787325,787325,0,1,37.496490,126.957985,0.218,167.4,0.226,1,167.4,"4.855,7.207,6.019","-23.099,-5.191,0.809","-35.250,52.950,13.500",7693,7,1.26,37.496492,126.957982,1465,0,1,0,-59,-59.0,14558,48,7150
18:00:13,18.006,787359,787347,0,1,37.496490,126.957985,0.218,167.4,0.226,1,167.4,"5.626,5.243,4.597","-48.603,-26.435,-0.137","-34.500,52.950,13.500",7694,7,1.26,37.496492,126.957982,1465,0,1,0,-57,-58.6,14559,1,7150
18:00:13,18.038,787367,787367,0,1,37.496490,126.957985,0.218,167.4,0.226,1,167.4,"4.970,4.985,4.942","-61.519,-30.649,-0.053","-33.750,51.750,13.050",7694,7,1.26,37.496492,126.957982,1465,0,1,0,-57,-58.6,14559,9,7150
18:00:13,18.038,787389,787389,0,1,37.496490,126.957985,0.218,167.4,0.226,1,167.4,"5.080,4.314,4.415","-46.794,-27.282,0.229","-37.800,49.500,14.250",7694,7,1.26,37.496492,126.957982,1465,0,1,0,-57,-58.3,14560,14,7151
18:00:13,18.038,787411,787411,0,1,37.496490,126.957985,0.218,167.4,0.226,1,167.4,"4.482,3.931,4.568","-21.496,-7.015,-3.053","-35.700,50.850,14.700",7694,7,1.26,37.496492,126.957982,1465,0,1,0,-57,-58.3,14560,36,7151
18:00:13,18.038,787433,787433,0,1,37.496490,126.957985,0.218,167.4,0.226,1,167.4,"3.960,3.084,4.774","7.954,2.053,-0.137","-36.900,50.100,12.900",7694,7,1.26,37.496492,126.957982,1465,0,1,0,-57,-58.3,14560,58,7151
18:00:13,18.038,787466,787466,0,1,37.496490,126.957985,0.218,167.4,0.226,1,167.4,"3.409,3.323,5.205","25.565,1.481,4.061","-37.950,51.300,12.150",7695,7,1.26,37.496492,126.957982,1465,0,1,0,-57,-58.0,14561,8,7151
18:00:13,18.125,787488,787488,0,1,37.496490,126.957985,0.218,167.4,0.226,1,167.4,"3.505,3.304,6.239","20.313,-12.939,3.443","-38.250,52.200,11.700",7695,7,1.26,37.496492,126.957982,1465,0,1,0,-57,-57.8,14562,15,7152
18:00:13,18.157,787532,787532,0,1,37.496490,126.957985,0.218,167.4,0.226,1,167.4,"3.323,4.022,5.262","10.939,-39.649,7.191","-37.650,54.000,12.900",7695,7,1.26,37.496492,126.957982,1465,0,1,0,-57,-57.8,14562,59,7152
18:00:13,18.157,787566,787554,0,1,37.496490,126.957985,0.218,167.4,0.226,1,167.4,"19.613,19.613,19.613","-33.351,-26.336,-9.412","-37.650,52.800,12.600",7696,7,1.26,37.496492,126.957982,1465,0,1,0,-59,-58.0,14563,5,7152
18:00:13,18.157,787574,787574,0,1,37.496490,126.957985,0.218,167.4,0.226,1,167.4,"11.631,1.058,-19.613","-41.634,-9.649,-1.901","-40.950,54.000,13.200",7696,7,1.26,37.496492,126.957982,1465,0,1,0,-59,-58.2,14564,0,7153
18:00:14,18.249,787596,787596,0,1,37.496490,126.957985,0.218,167.4,0.226,1,167.4,"1.810,6.728,8.270","29.252,55.756,-10.840","-41.400,55.500,11.850",7696,7,1.26,37.496492,126.957982,1465,0,1,0,-59,-58.2,14564,22,7153
18:00:14,18.285,787618,787618,0,1,37.496490,126.957985,0.218,167.4,0.226,1,167.4,"8.720,4.755,11.052","40.817,42.840,-3.092","-39.450,55.500,12.900",7696,7,1.26,37.496492,126.957982,1465,0,1,0,-59,-58.2,14564,44,7153
18:00:14,18.371,787640,787640,0,1,37.496490,126.957985,0.218,167.4,0.226,1,167.4,"7.954,6.718,14.878","-6.718,19.664,-3.214","-37.950,56.550,11.850",7696,7,1.26,37.496492,126.957982,1465,0,1,0,-59,-58.2,14564,66,7153
18:00:14,18.402,787719,787719,0,1,37.496490,126.957985,0.226,167.4,0.242,1,167.4,"1.968,5.329,6.057","-95.962,-68.191,-14.130","-38.700,53.100,13.200",7697,7,1.26,37.496490,126.957981,1466,0,1,0,-58,-58.3,14566,43,7154
18:00:14,18.402,787741,787741,0,1,37.496490,126.957985,0.226,167.4,0.242,1,167.4,"2.648,4.310,5.009","-85.252,-43.046,-15.802","-39.150,51.300,11.400",7697,7,1.26,37.496490,126.957981,1466,0,1,0,-58,-58.3,14566,65,7154
18:00:14,18.402,787776,787776,0,1,37.496490,126.957985,0.232,167.4,0.242,1,167.4,"2.921,3.587,5.559","-66.542,-17.908,-10.359","-40.200,49.350,11.850",7698,7,1.26,37.496490,126.957981,1467,0,1,0,-56,-57.9,14567,9,7154
18:00:14,18.490,787798,787798,0,1,37.496490,126.957985,0.232,167.4,0.242,1,167.4,"3.151,3.285,4.290","-41.840,-3.763,-7.687","-40.650,47.400,11.100",7698,7,1.26,37.496490,126.957981,1467,0,1,0,-56,-57.5,14568,20,7155
18:00:14,18.521,787842,787842,0,1,37.496490,126.957985,0.232,167.4,0.242,1,167.4,"4.056,3.146,4.994","9.282,23.031,-8.611","-41.700,44.700,11.850",7698,7,1.26,37.496490,126.957981,1467,0,1,0,-56,-57.5,14568,64,7155
18:00:14,18.521,787877,787877,0,1,37.496490,126.957985,0.232,167.4,0.242,1,167.4,"4.899,3.687,5.837","30.450,25.618,-11.420","-39.900,44.250,13.650",7699,7,1.26,37.496490,126.957981,1467,0,1,0,-55,-56.7,14570,2,7156
18:00:14,18.521,787898,787898,0,1,37.496490,126.957985,0.232,167.4,0.242,1,167.4,"4.324,3.725,3.941","32.435,27.046,-11.878","-38.700,46.200,12.900",7699,7,1.26,37.496490,126.957981,1467,0,1,0,-55,-56.7,14570,23,7156
18:00:14,18.521,787920,787920,0,1,37.496490,126.957985,0.232,167.4,0.242,1,167.4,"4.650,4.104,3.725","45.145,21.618,-11.321","-37.950,46.650,13.950",7699,7,1.26,37.496490,126.957981,1467,0,1,0,-55,-56.7,14570,45,7156
18:00:14,18.521,787942,787942,0,1,37.496490,126.957985,0.232,167.4,0.242,1,167.4,"5.641,5.100,4.219","55.779,21.672,-5.061","-38.700,46.200,12.600",7699,7,1.26,37.496490,126.957981,1467,0,1,0,-55,-56.7,14570,67,7156
18:00:14,18.609,787977,787977,0,1,37.496490,126.957985,0.232,167.4,0.242,1,167.4,"7.001,6.618,6.115","77.137,4.679,0.595","-39.000,47.550,13.500",7700,7,1.26,37.496490,126.957981,1467,0,1,0,-55,-56.7,14570,102,7156
18:00:14,18.640,787999,787999,0,1,37.496490,126.957985,0.232,167.4,0.242,1,167.4,"7.633,7.728,9.711","68.214,-2.038,3.305","-37.650,52.350,13.200",7700,7,1.26,37.496490,126.957981,1467,0,1,0,-54,-55.8,14572,15,7157
18:00:14,18.641,788021,788021,0,1,37.496490,126.957985,0.232,167.4,0.242,1,167.4,"-19.613,-19.613,7.025","-8.847,-125.870,15.733","-37.200,52.050,13.200",7700,7,1.26,37.496490,126.957981,1467,0,1,0,-54,-55.8,14572,37,7157
18:00:14,18.641,788043,788043,0,1,37.496490,126.957985,0.232,167.4,0.242,1,167.4,"19.613,5.938,19.613","-52.130,-47.901,41.969","-37.650,50.100,11.850",7700,7,1.26,37.496490,126.957981,1467,0,1,0,-54,-55.8,14572,59,7157
18:00:14,18.641,788078,788078,0,1,37.496490,126.957985,0.232,167.4,0.242,1,167.4,"18.340,9.175,17.008","-104.634,25.229,20.794","-37.050,51.000,12.750",7701,7,1.26,37.496490,126.957981,1467,0,1,0,-54,-55.8,14572,94,7157
18:00:14,18.641,788100,788100,0,1,37.496490,126.957985,0.232,167.4,0.242,1,167.4,"9.864,10.745,2.667","-60.473,-24.954,24.672","-36.900,50.850,14.700",7701,7,1.26,37.496490,126.957981,1467,0,1,0,-54,-55.1,14574,13,7158
18:00:14,18.641,788122,788122,0,1,37.496490,126.957985,0.232,167.4,0.242,1,167.4,"8.983,1.039,5.138","-80.725,-39.489,8.122","-37.200,47.850,14.700",7701,7,1.26,37.496490,126.957981,1467,0,1,0,-54,-55.1,14574,35,7158
18:00:14,18.744,788144,788144,0,1,37.496490,126.957985,0.232,167.4,0.242,1,167.4,"3.859,5.468,2.935","-74.489,-19.260,-2.214","-37.500,46.800,12.750",7701,7,1.26,37.496490,126.957981,1467,0,1,0,-54,-55.1,14574,57,7158
18:00:14,18.785,788177,788177,0,1,37.496490,126.957985,0.232,167.4,0.242,1,167.4,"4.602,4.630,5.464","-48.275,1.863,-0.137","-39.750,45.300,12.300",7702,7,1.26,37.496490,126.957981,1467,0,1,0,-55,-55.1,14575,8,7158
18:00:14,18.785,788199,788199,0,1,37.496490,126.957985,0.232,167.4,0.242,1,167.4,"5.904,2.830,3.907","-12.389,21.595,-5.847","-38.400,42.750,13.950",7702,7,1.26,37.496490,126.957981,1467,0,1,0,-54,-54.9,14576,19,7159
18:00:14,18.785,788221,788221,0,1,37.496490,126.957985,0.232,167.4,0.242,1,167.4,"4.286,3.285,5.009","21.115,39.672,-7.084","-39.000,44.850,13.500",7702,7,1.26,37.496490,126.957981,1467,0,1,0,-54,-54.9,14576,41,7159
18:00:14,18.968,788243,788243,0,1,37.496490,126.957985,0.232,167.4,0.242,1,167.4,"4.300,3.021,5.770","34.611,39.305,-6.298","-38.700,43.950,13.650",7702,7,1.26,37.496490,126.957981,1467,0,1,0,-54,-54.9,14576,63,7159
18:00:14,19.036,788384,788384,0,1,37.496490,126.957985,0.232,167.4,0.242,1,167.4,"6.167,4.645,7.451","25.855,-34.962,7.137","-38.400,47.400,13.200",7704,7,1.26,37.496490,126.957981,1467,0,1,0,-57,-55.5,14580,2,7161
18:00:14,19.036,788428,788428,0,1,37.496490,126.957985,0.232,167.4,0.242,1,167.4,"19.470,12.220,19.613","-29.038,-35.962,40.015","-39.450,48.600,13.650",7704,7,1.26,37.496490,126.957981,1467,0,1,0,-57,-55.5,14580,46,7161
18:00:14,19.142,788450,788450,0,1,37.496490,126.957985,0.232,167.4,0.242,1,167.4,"11.583,4.573,11.578","-34.336,67.511,-9.702","-40.200,47.850,12.150",7704,7,1.26,37.496490,126.957981,1467,0,1,0,-57,-55.5,14580,68,7161
18:00:15,19.183,788558,788558,0,1,37.496490,126.957985,0.232,167.4,0.242,1,167.4,"4.788,4.367,5.871","-27.336,-4.397,1.557","-39.150,48.900,13.200",7705,7,1.26,37.496490,126.957981,1467,0,1,0,-57,-56.0,14582,66,7162
18:00:15,19.183,788591,788591,0,1,37.496490,126.957985,0.232,167.4,0.242,1,167.4,"4.975,2.677,6.345","-11.878,9.939,11.359","-38.400,46.200,12.150",7706,7,1.26,37.496490,126.957981,1467,0,1,0,-60,-57.5,14584,2,7163
18:00:15,19.275,788613,788613,0,1,37.496490,126.957985,0.232,167.4,0.242,1,167.4,"3.069,2.461,4.013","10.344,14.168,15.756","-37.800,47.250,12.000",7706,7,1.26,37.496490,126.957981,1467,0,1,0,-60,-57.5,14584,24,7163
18:00:15,19.307,788722,788722,0,1,37.496490,126.957977,0.282,167.4,0.376,1,167.4,"4.343,5.148,8.428","33.519,-29.756,26.397","-39.750,51.750,12.300",7707,7,1.26,37.496493,126.957978,1468,0,1,0,-59,-58.0,14586,28,7164
18:00:15,19.307,788744,788744,0,1,37.496490,126.957977,0.282,167.4,0.376,1,167.4,"-19.613,-19.613,6.589","250.130,-250.137,-51.489","-39.300,52.650,14.550",7707,7,1.26,37.496493,126.957978,1468,0,1,0,-59,-58.0,14586,50,7164
18:00:15,19.399,788766,788766,0,1,37.496490,126.957977,0.282,167.4,0.376,1,167.4,"18.359,19.613,17.248","61.290,110.809,-32.618","-39.000,53.400,12.000",7707,7,1.26,37.496493,126.957978,1468,0,1,0,-59,-58.0,14586,72,7164
18:00:15,19.435,788822,788822,0,1,37.496490,126.957977,0.315,167.4,0.376,1,167.4,"5.851,6.948,10.760","-11.847,-2.321,-21.244","-39.000,54.450,13.050",7708,7,1.67,37.496493,126.957978,1469,0,1,0,-59,-58.4,14588,24,7165
18:00:15,19.435,788844,788844,0,1,37.496490,126.957977,0.315,167.4,0.376,1,167.4,"6.871,3.850,7.819","-57.931,-32.824,-14.206","-35.550,53.700,13.050",7708,7,1.67,37.496493,126.957978,1469,0,1,0,-59,-58.4,14588,46,7165
18:00:15,19.435,788866,788866,0,1,37.496490,126.957977,0.315,167.4,0.376,1,167.4,"3.409,3.759,5.535","-60.687,-28.687,-12.802","-37.800,54.150,13.500",7708,7,1.67,37.496493,126.957978,1469,0,1,0,-59,-58.4,14588,68,7165
18:00:15,19.435,788901,788901,0,1,37.496490,126.957977,0.315,167.4,0.376,1,167.4,"2.868,3.323,5.765","-50.160,-26.008,1.229","-40.050,51.450,11.700",7709,7,1.67,37.496493,126.957978,1469,0,1,0,-60,-58.6,14590,1,7166
18:00:15,19.520,788922,788922,0,1,37.496490,126.957977,0.315,167.4,0.376,1,167.4,"3.654,3.227,5.856","-22.748,-5.939,-2.092","-37.650,51.600,12.900",7709,7,1.67,37.496493,126.957978,1469,0,1,0,-60,-58.6,14590,22,7166
18:00:15,19.551,788944,788944,0,1,37.496490,126.957977,0.315,167.4,0.376,1,167.4,"3.663,2.902,5.392","-8.985,5.733,3.824","-39.900,50.100,12.150",7709,7,1.67,37.496493,126.957978,1469,0,1,0,-60,-58.6,14590,44,7166
18:00:15,19.552,789001,789001,0,1,37.496490,126.957977,0.315,167.4,0.376,1,167.4,"3.572,3.912,6.383","-1.092,0.641,14.733","-38.550,50.700,12.750",7710,7,1.67,37.496493,126.957978,1469,0,1,0,-61,-59.1,14591,8,7166
18:00:15,19.654,789023,789023,0,1,37.496490,126.957977,0.315,167.4,0.376,1,167.4,"2.863,3.797,5.770","-11.168,-12.931,15.656","-38.550,49.200,13.050",7710,7,1.67,37.496493,126.957978,1469,0,1,0,-59,-59.1,14592,21,7167
18:00:15,19.703,789067,789067,0,1,37.496490,126.957977,0.315,167.4,0.376,1,167.4,"3.519,5.425,4.137","-3.176,-26.237,-0.954","-37.650,46.650,12.900",7710,7,1.67,37.496493,126.957978,1469,0,1,0,-59,-59.1,14592,65,7167
18:00:15,19.703,789102,789102,0,1,37.496490,126.957977,0.315,167.4,0.376,1,167.4,"9.108,3.089,6.292","-12.427,-54.733,-3.916","-39.750,47.250,13.500",7711,7,1.67,37.496493,126.957978,1469,0,1,0,-60,-59.6,14594,1,7168
18:00:15,19.703,789124,789124,0,1,37.496490,126.957977,0.315,167.4,0.376,1,167.4,"17.090,19.096,5.057","-31.069,-73.076,-11.962","-38.400,47.850,15.450",7711,7,1.67,37.496493,126.957978,1469,0,1,0,-60,-59.6,14594,23,7168
18:00:15,19.798,789146,789146,0,1,37.496490,126.957977,0.315,167.4,0.376,1,167.4,"8.677,3.840,17.377","-72.511,-88.893,-14.473","-41.550,46.800,12.300",7711,7,1.67,37.496493,126.957978,1469,0,1,0,-60,-59.6,14594,45,7168
18:00:15,19.840,789168,789168,0,1,37.496490,126.957977,0.315,167.4,0.376,1,167.4,"13.872,5.138,12.048","-71.656,4.611,-15.817","-40.950,45.900,13.650",7711,7,1.67,37.496493,126.957978,1469,0,1,0,-60,-59.6,14594,67,7168
18:00:15,19.840,789201,789201,0,1,37.496490,126.957977,0.315,167.4,0.376,1,167.4,"9.414,4.233,-0.867","-11.366,-23.901,-9.290","-43.050,43.050,12.750",7712,7,1.67,37.496493,126.957978,1469,0,1,0,-60,-59.6,14594,100,7168
18:00:15,19.840,789223,789223,0,1,37.496490,126.957977,0.315,167.4,0.376,1,167.4,"6.483,5.899,7.465","-14.405,16.924,-18.763","-42.750,43.800,10.950",7712,7,1.67,37.496493,126.957978,1469,0,1,0,-62,-60.3,14596,19,7169
18:00:15,19.932,789245,789245,0,1,37.496490,126.957977,0.315,167.4,0.376,1,167.4,"7.977,4.841,7.230","-23.298,-1.191,-16.565","-42.300,44.850,13.050",7712,7,1.67,37.496493,126.957978,1469,0,1,0,-62,-60.3,14596,41,7169
18:00:15,19.973,789267,789267,0,1,37.496490,126.957977,0.315,167.4,0.376,1,167.4,"5.459,4.712,3.247","-13.649,17.321,-14.450","-42.300,42.600,12.000",7712,7,1.67,37.496493,126.957978,1469,0,1,0,-62,-60.3,14596,63,7169
18:00:15,19.973,789301,789289,0,1,37.496490,126.957977,0.315,167.4,0.376,1,167.4,"5.358,4.511,6.440","-4.733,23.779,-9.573","-41.400,42.450,13.200",7713,7,1.67,37.496493,126.957978,1469,0,1,0,-62,-60.6,14597,4,7169
18:00:15,19.974,789309,789309,0,1,37.496490,126.957977,0.315,167.4,0.376,1,167.4,"5.387,4.142,5.488","0.275,21.595,-6.634","-40.800,43.350,12.000",7713,7,1.67,37.496493,126.957978,1469,0,1,0,-62,-60.9,14598,3,7170
18:00:15,19.974,789331,789331,0,1,37.496490,126.957977,0.315,167.4,0.376,1,167.4,"4.185,3.668,5.100","-8.878,14.748,-2.305","-41.550,42.600,12.000",7713,7,1.67,37.496493,126.957978,1469,0,1,0,-62,-60.9,14598,25,7170
18:00:15,19.974,789375,789375,0,1,37.496490,126.957977,0.315,167.4,0.376,1,167.4,"2.878,2.514,5.923","-8.672,-12.237,1.893","-41.400,44.250,12.150",7713,7,1.67,37.496493,126.957978,1469,0,1,0,-62,-60.9,14598,69,7170
18:00:15,19.974,789408,789408,0,1,37.496490,126.957977,0.315,167.4,0.376,1,167.4,"1.336,1.939,6.852","-8.130,-24.244,6.672","-38.700,43.950,12.900",7714,7,1.67,37.496493,126.957978,1469,0,1,0,-62,-60.9,14598,102,7170
18:00:15,20.070,789430,789430,0,1,37.496490,126.957977,0.315,167.4,0.376,1,167.4,"1.240,2.188,6.876","-3.237,-19.802,4.641","-40.500,43.350,12.000",7714,7,1.67,37.496493,126.957978,1469,0,1,0,-62,-61.5,14600,19,7171
18:00:15,20.107,789452,789452,0,1,37.496490,126.957977,0.315,167.4,0.376,1,167.4,"1.733,2.423,6.340","14.160,-25.611,7.527","-40.950,43.500,12.150",7714,7,1.67,37.496493,126.957978,1469,0,1,0,-62,-61.5,14600,41,7171
18:00:15,20.107,789474,789474,0,1,37.496490,126.957977,0.315,167.4,0.376,1,167.4,"3.596,2.935,5.425","28.855,-22.611,9.588","-43.800,43.800,13.050",7714,7,1.67,37.496493,126.957978,1469,0,1,0,-62,-61.5,14600,63,7171
18:00:15,20.107,789508,789496,0,1,37.496490,126.957977,0.315,167.4,0.376,1,167.4,"-19.613,-19.613,4.669","221.817,-101.366,-39.198","-41.700,43.500,12.600",7715,7,1.67,37.496493,126.957978,1469,0,1,0,-62,-61.5,14600,97,7171
18:00:16,20.192,789538,789538,0,1,37.496490,126.957977,0.315,167.4,0.376,1,167.4,"-2.614,0.153,4.185","-22.443,16.359,10.870","-43.050,44.550,10.500",7715,7,1.67,37.496493,126.957978,1469,0,1,0,-68,-63.7,14602,25,7172
18:00:16,20.223,789582,789582,0,1,37.496490,126.957977,0.315,167.4,0.376,1,167.4,"8.140,5.277,9.151","34.130,34.115,-11.336","-41.400,43.500,12.150",7715,7,1.67,37.496493,126.957978,1469,0,1,0,-68,-63.7,14602,69,7172
18:00:16,20.224,789617,789617,0,1,37.496490,126.957977,0.315,167.4,0.376,1,167.4,"8.001,6.632,9.098","-24.504,-15.962,-15.328","-39.750,42.600,11.700",7716,7,1.67,37.496493,126.957978,1469,0,1,0,-69,-64.7,14603,5,7172
18:00:16,20.308,789661,789661,0,1,37.496490,126.957977,0.289,167.4,0.242,1,167.4,"6.268,5.569,5.861","-68.000,-49.779,-13.733","-40.200,42.750,12.600",7716,7,1.67,37.496492,126.957979,1470,0,1,0,-68,-65.4,14604,39,7173
18:00:16,20.340,789683,789683,0,1,37.496490,126.957977,0.289,167.4,0.242,1,167.4,"5.760,5.353,5.363","-62.893,-39.366,-16.023","-43.200,39.300,11.850",7716,7,1.67,37.496492,126.957979,1470,0,1,0,-68,-65.4,14604,61,7173
18:00:16,20.340,789718,789718,0,1,37.496490,126.957977,0.289,167.4,0.242,1,167.4,"4.444,4.099,4.290","-43.809,-11.863,-14.824","-44.550,38.700,10.200",7717,7,1.67,37.496492,126.957979,1470,0,1,0,-68,-65.4,14604,96,7173
18:00:16,20.340,789740,789740,0,1,37.496490,126.957977,0.289,167.4,0.242,1,167.4,"3.941,3.266,4.707","-22.061,7.137,-16.084","-44.550,38.700,10.500",7717,7,1.67,37.496492,126.957979,1470,0,1,0,-63,-64.4,14606,21,7174
18:00:16,20.425,789762,789762,0,1,37.496490,126.957977,0.289,167.4,0.242,1,167.4,"3.007,2.772,5.023","4.855,25.893,-15.336","-42.750,39.900,11.700",7717,7,1.67,37.496492,126.957979,1470,0,1,0,-63,-64.4,14606,43,7174
18:00:16,20.456,789784,789784,0,1,37.496490,126.957977,0.273,167.4,0.242,1,167.4,"1.930,2.715,5.124","23.779,38.366,-16.695","-43.950,38.550,11.850",7717,7,1.26,37.496492,126.957979,1471,0,1,0,-63,-64.4,14606,65,7174
18:00:16,20.457,789819,789819,0,1,37.496490,126.957977,0.273,167.4,0.242,1,167.4,"1.207,2.227,6.278","42.267,38.046,-18.198","-41.550,41.400,12.000",7718,7,1.26,37.496492,126.957979,1471,0,1,0,-59,-63.3,14607,6,7174
18:00:16,20.457,789840,789840,0,1,37.496490,126.957977,0.273,167.4,0.242,1,167.4,"1.216,2.385,6.455","41.595,26.275,-15.740","-42.150,40.800,12.600",7718,7,1.26,37.496492,126.957979,1471,0,1,0,-59,-62.4,14608,18,7175
18:00:16,20.457,789862,789862,0,1,37.496490,126.957977,0.273,167.4,0.242,1,167.4,"2.557,2.715,6.488","42.145,9.420,-16.321","-43.200,42.000,12.150",7718,7,1.26,37.496492,126.957979,1471,0,1,0,-59,-62.4,14608,40,7175
18:00:16,20.541,789884,789884,0,1,37.496490,126.957977,0.273,167.4,0.242,1,167.4,"3.778,3.385,6.737","35.458,-22.595,-17.695","-40.650,45.150,13.200",7718,7,1.26,37.496492,126.957979,1471,0,1,0,-59,-62.4,14608,62,7175
18:00:16,20.659,789962,789962,0,1,37.496490,126.957977,0.273,167.4,0.242,1,167.4,"19.613,19.613,-19.613","211.931,-250.137,250.130","-45.000,45.300,14.550",7719,7,1.26,37.496492,126.957979,1471,0,1,0,-62,-62.1,14610,40,7176
18:00:16,20.690,789984,789984,0,1,37.496490,126.957977,0.273,167.4,0.242,1,167.4,"14.983,-4.784,17.492","-150.374,-58.229,44.008","-45.150,42.750,12.600",7719,7,1.26,37.496492,126.957979,1471,0,1,0,-62,-62.1,14610,62,7176
18:00:16,20.690,790041,790041,0,1,37.496490,126.957977,0.273,167.4,0.242,1,167.4,"8.164,6.938,15.524","56.092,76.649,-10.015","-46.050,41.400,10.950",7720,7,1.26,37.496492,126.957979,1471,0,1,0,-62,-61.9,14612,18,7177
18:00:16,20.690,790063,790063,0,1,37.496490,126.957977,0.273,167.4,0.242,1,167.4,"3.922,6.412,4.439","53.443,31.908,-13.366","-43.650,41.250,10.650",7720,7,1.26,37.496492,126.957979,1471,0,1,0,-62,-61.9,14612,40,7177
18:00:16,20.781,790120,790120,0,1,37.496490,126.957977,0.273,167.4,0.242,1,167.4,"4.089,3.740,5.033","-21.458,2.237,-2.076","-41.700,45.150,12.150",7721,7,1.26,37.496492,126.957979,1471,0,1,0,-62,-61.9,14612,97,7177
18:00:16,20.817,790185,790185,0,1,37.496490,126.957977,0.273,167.4,0.242,1,167.4,"4.908,3.232,4.156","-34.748,10.290,19.176","-43.050,41.400,11.700",7721,7,1.26,37.496492,126.957979,1471,0,1,0,-60,-61.4,14614,49,7178
18:00:16,20.817,790218,790218,0,1,37.496490,126.957977,0.273,167.4,0.242,1,167.4,"5.353,2.145,5.784","10.611,37.008,25.298","-42.300,41.100,10.950",7722,7,1.26,37.496492,126.957979,1471,0,1,0,-61,-61.3,14615,9,7178
18:00:16,20.817,790240,790240,0,1,37.496490,126.957977,0.273,167.4,0.242,1,167.4,"4.266,2.629,5.995","31.298,47.145,27.015","-42.750,39.900,8.700",7722,7,1.26,37.496492,126.957979,1471,0,1,0,-61,-61.2,14616,7,7179
18:00:16,20.817,790262,790262,0,1,37.496490,126.957977,0.273,167.4,0.242,1,167.4,"3.199,3.218,5.229","46.908,45.595,30.153","-40.800,39.450,12.300",7722,7,1.26,37.496492,126.957979,1471,0,1,0,-61,-61.2,14616,29,7179
18:00:16,20.817,790284,790284,0,1,37.496490,126.957977,0.273,167.4,0.242,1,167.4,"2.715,2.753,5.981","47.580,31.405,32.397","-38.250,41.850,12.000",7722,7,1.26,37.496492,126.957979,1471,0,1,0,-61,-61.2,14616,51,7179
18:00:16,20.919,790318,790306,0,1,37.496490,126.957977,0.273,167.4,0.242,1,167.4,"2.825,3.472,6.139","33.779,12.641,29.214","-39.000,42.600,12.300",7723,7,1.26,37.496492,126.957979,1471,0,1,0,-61,-61.2,14616,85,7179
18:00:16,20.956,790354,790354,0,1,37.496490,126.957977,0.273,167.4,0.242,1,167.4,"3.448,3.606,3.970","3.588,-28.336,25.718","-37.950,42.000,13.200",7723,7,1.26,37.496492,126.957979,1471,0,1,0,-61,-61.2,14618,17,7180
18:00:16,20.956,790376,790376,0,1,37.496490,126.957977,0.273,167.4,0.242,1,167.4,"4.257,3.941,4.630","5.885,-36.122,19.588","-38.400,42.750,13.650",7723,7,1.26,37.496492,126.957979,1471,0,1,0,-61,-61.2,14618,39,7180
18:00:16,20.957,790425,790425,0,1,37.496490,126.957977,0.273,167.4,0.242,1,167.4,"5.947,5.468,6.953","55.771,-12.565,21.710","-39.450,42.750,12.150",7724,7,1.26,37.496492,126.957979,1471,0,1,0,-63,-61.5,14619,9,7180
18:00:16,21.050,790447,790447,0,1,37.496490,126.957977,0.273,167.4,0.242,1,167.4,"19.613,-19.551,9.433","110.695,-98.786,34.435","-39.000,43.050,13.050",7724,7,1.26,37.496492,126.957979,1471,0,1,0,-64,-62.0,14620,16,7181
18:00:16,21.087,790469,790469,0,1,37.496490,126.957977,0.273,167.4,0.242,1,167.4,"-0.010,16.084,19.613","74.534,12.107,10.221","-39.900,45.150,13.650",7724,7,1.26,37.496492,126.957979,1471,0,1,0,-64,-62.0,14620,38,7181
18:00:16,21.087,790491,790491,0,1,37.496490,126.957977,0.273,167.4,0.242,1,167.4,"8.246,6.843,14.791","39.115,95.817,-4.824","-39.000,47.250,14.250",7724,7,1.26,37.496492,126.957979,1471,0,1,0,-64,-62.0,14620,60,7181
18:00:16,21.087,790524,790524,0,1,37.496490,126.957977,0.273,167.4,0.242,1,167.4,"11.009,7.183,2.595","11.695,72.954,22.443","-37.500,46.500,14.550",7725,7,1.26,37.496492,126.957979,1471,0,1,0,-68,-63.2,14621,12,7181
18:00:17,21.184,790546,790546,0,1,37.496490,126.957977,0.273,167.4,0.242,1,167.4,"3.888,6.809,11.473","0.947,26.489,6.313","-35.250,46.500,12.750",7725,7,1.26,37.496492,126.957979,1471,0,1,0,-67,-64.0,14622,14,7182
18:00:17,21.220,790568,790568,0,1,37.496490,126.957977,0.273,167.4,0.242,1,167.4,"1.872,7.547,1.662","-45.206,-13.069,13.176","-36.150,47.400,13.950",7725,7,1.26,37.496492,126.957979,1471,0,1,0,-67,-64.0,14622,36,7182
18:00:17,21.220,790590,790590,0,1,37.496490,126.957977,0.273,167.4,0.242,1,167.4,"3.179,5.018,8.686","-48.756,-15.672,9.481","-36.000,47.550,13.800",7725,7,1.26,37.496492,126.957979,1471,0,1,0,-67,-64.0,14622,58,7182
18:00:17,21.220,790624,790612,0,1,37.496490,126.957977,0.273,167.4,0.242,1,167.4,"1.872,5.066,6.661","-51.542,-14.947,11.015","-37.200,47.400,14.400",7726,7,1.26,37.496492,126.957979,1471,0,1,0,-67,-64.6,14623,3,7182
18:00:17,21.220,790655,790655,0,1,37.496490,126.957977,0.330,167.4,0.437,1,167.4,"2.705,3.361,7.331","-44.023,3.908,3.153","-37.500,43.800,14.250",7726,7,1.26,37.496492,126.957980,1472,0,1,0,-66,-64.9,14624,22,7183
18:00:17,21.306,790677,790677,0,1,37.496490,126.957977,0.330,167.4,0.437,1,167.4,"2.696,2.734,6.009","-26.611,12.885,-2.626","-37.050,44.850,13.500",7726,7,1.26,37.496492,126.957980,1472,0,1,0,-66,-64.9,14624,44,7183
18:00:17,21.337,790699,790699,0,1,37.496490,126.957977,0.330,167.4,0.437,1,167.4,"3.218,2.466,5.267","-12.802,14.565,-6.183","-36.000,44.100,14.250",7726,7,1.26,37.496492,126.957980,1472,0,1,0,-66,-64.9,14624,66,7183
18:00:17,21.337,790734,790734,0,1,37.496490,126.957977,0.330,167.4,0.437,1,167.4,"3.400,2.049,4.669","13.618,14.542,-11.038","-36.900,42.750,15.150",7727,7,1.26,37.496492,126.957980,1472,0,1,0,-65,-64.8,14626,2,7184
18:00:17,21.337,790756,790756,0,1,37.496490,126.957977,0.330,167.4,0.437,1,167.4,"3.850,2.413,4.583","40.962,-3.412,-13.214","-35.250,44.550,12.750",7727,7,1.26,37.496492,126.957980,1472,0,1,0,-65,-64.8,14626,24,7184
18:00:17,21.423,790778,790778,0,1,37.496490,126.957977,0.368,167.4,0.437,1,167.4,"4.353,4.314,12.637","7.008,-8.542,-6.817","-36.300,44.100,13.800",7727,7,1.26,37.496492,126.957980,1473,0,1,0,-65,-64.8,14626,46,7184
18:00:17,21.455,790800,790800,0,1,37.496490,126.957977,0.368,167.4,0.437,1,167.4,"7.436,5.104,14.691","-2.924,-40.084,2.031","-37.800,45.600,14.250",7727,7,1.26,37.496492,126.957980,1473,0,1,0,-65,-64.8,14626,68,7184
18:00:17,21.455,790835,790835,0,1,37.496490,126.957977,0.368,167.4,0.437,1,167.4,"6.800,3.888,6.177","4.763,-12.542,5.656","-37.200,44.700,13.950",7728,7,1.26,37.496492,126.957980,1473,0,1,0,-64,-64.6,14627,8,7184
18:00:17,21.541,790878,790878,0,1,37.496490,126.957977,0.368,167.4,0.437,1,167.4,"7.321,4.731,7.417","31.382,-33.542,-2.687","-40.050,45.300,13.800",7728,7,1.26,37.496492,126.957980,1473,0,1,0,-64,-64.5,14628,38,7185
18:00:17,21.572,790900,790900,0,1,37.496490,126.957977,0.368,167.4,0.437,1,167.4,"8.926,-2.634,19.613","92.924,67.817,-99.565","-40.950,44.700,13.950",7728,7,1.26,37.496492,126.957980,1473,0,1,0,-64,-64.5,14628,60,7185
18:00:17,21.573,790935,790934,0,1,37.496490,126.957977,0.368,167.4,0.437,1,167.4,"9.754,5.329,9.251","-86.725,47.008,-4.916","-39.000,43.050,12.750",7729,7,1.26,37.496492,126.957980,1473,0,1,0,-63,-64.1,14630,3,7186
18:00:17,21.573,790956,790956,0,1,37.496490,126.957977,0.368,167.4,0.437,1,167.4,"19.613,1.748,19.613","-43.840,-62.878,-6.000","-42.150,43.950,13.650",7729,7,1.26,37.496492,126.957980,1473,0,1,0,-63,-64.1,14630,24,7186
18:00:17,21.573,790978,790978,0,1,37.496490,126.957977,0.368,167.4,0.437,1,167.4,"11.363,-0.206,7.556","-68.344,-29.412,-7.954","-41.700,42.450,11.850",7729,7,1.26,37.496492,126.957980,1473,0,1,0,-63,-64.1,14630,46,7186
18:00:17,21.573,791000,791000,0,1,37.496490,126.957977,0.368,167.4,0.437,1,167.4,"7.082,3.352,7.910","-75.328,-24.183,-11.702","-42.300,43.800,12.750",7729,7,1.26,37.496492,126.957980,1473,0,1,0,-63,-64.1,14630,68,7186
18:00:17,21.573,791035,791035,0,1,37.496490,126.957977,0.368,167.4,0.437,1,167.4,"8.236,0.771,4.276","-24.481,-2.985,-8.046","-43.800,38.700,12.300",7730,7,1.26,37.496492,126.957980,1473,0,1,0,-61,-63.5,14631,7,7186
18:00:17,21.573,791057,791057,0,1,37.496490,126.957977,0.368,167.4,0.437,1,167.4,"6.574,2.025,4.568","-13.260,7.542,-4.466","-42.300,39.450,12.300",7730,7,1.26,37.496492,126.957980,1473,0,1,0,-61,-63.0,14632,19,7187
18:00:17,21.670,791079,791079,0,1,37.496490,126.957977,0.368,167.4,0.437,1,167.4,"5.607,1.997,4.046","-0.092,19.786,-6.359","-42.000,39.900,10.950",7730,7,1.26,37.496492,126.957980,1473,0,1,0,-61,-63.0,14632,41,7187
18:00:17,21.719,791101,791101,0,1,37.496490,126.957977,0.368,167.4,0.437,1,167.4,"4.774,2.284,4.788","6.832,27.313,0.366","-41.550,40.650,10.950",7730,7,1.26,37.496492,126.957980,1473,0,1,0,-61,-63.0,14632,63,7187
18:00:17,21.719,791136,791136,0,1,37.496490,126.957977,0.368,167.4,0.437,1,167.4,"4.037,2.433,4.918","7.168,25.389,6.595","-41.250,39.150,10.950",7731,7,1.26,37.496492,126.957980,1473,0,1,0,-60,-61.8,14634,2,7188
18:00:17,21.719,791158,791158,0,1,37.496490,126.957977,0.368,167.4,0.437,1,167.4,"3.218,2.725,5.100","10.595,19.076,13.702","-40.500,41.400,11.700",7731,7,1.26,37.496492,126.957980,1473,0,1,0,-60,-61.8,14634,24,7188
18:00:17,21.719,791180,791180,0,1,37.496490,126.957977,0.368,167.4,0.437,1,167.4,"3.290,2.849,5.420","9.366,4.405,14.015","-41.400,41.250,13.200",7731,7,1.26,37.496492,126.957980,1473,0,1,0,-60,-61.8,14634,46,7188
18:00:17,21.810,791202,791202,0,1,37.496490,126.957977,0.368,167.4,0.437,1,167.4,"4.008,3.031,5.679","10.603,-1.588,17.008","-40.200,41.250,11.400",7731,7,1.26,37.496492,126.957980,1473,0,1,0,-60,-61.8,14634,68,7188
18:00:17,21.851,791235,791235,0,1,37.496490,126.957977,0.368,167.4,0.437,1,167.4,"4.487,3.558,5.224","23.008,-7.450,9.672","-41.250,41.850,12.300",7732,7,1.26,37.496492,126.957980,1473,0,1,0,-62,-61.8,14636,1,7189
18:00:17,21.851,791257,791257,0,1,37.496490,126.957977,0.368,167.4,0.437,1,167.4,"6.053,3.812,6.574","28.336,-19.504,0.870","-40.650,42.000,12.150",7732,7,1.26,37.496492,126.957980,1473,0,1,0,-62,-61.8,14636,23,7189
18:00:17,21.851,791279,791279,0,1,37.496490,126.957977,0.368,167.4,0.437,1,167.4,"6.771,4.539,7.661","27.397,-34.153,3.389","-41.550,44.550,10.200",7732,7,1.26,37.496492,126.957980,1473,0,1,0,-62,-61.8,14636,45,7189
18:00:17,21.851,791335,791323,0,1,37.496490,126.957977,0.368,167.4,0.437,1,167.4,"8.356,4.386,7.757","16.634,-52.870,-1.878","-42.450,42.450,11.100",7733,7,1.26,37.496492,126.957980,1473,0,1,0,-67,-62.9,14637,5,7189
18:00:17,21.941,791343,791343,0,1,37.496490,126.957977,0.368,167.4,0.437,1,167.4,"1.532,-19.613,-12.191","233.771,-94.405,-72.718","-42.750,42.600,11.250",7733,7,1.26,37.496492,126.957980,1473,0,1,0,-67,-62.9,14637,13,7189
18:00:17,21.977,791365,791365,0,1,37.496490,126.957977,0.368,167.4,0.437,1,167.4,"11.641,1.350,19.613","-20.687,30.412,-12.595","-45.150,43.200,9.600",7733,7,1.26,37.496492,126.957980,1473,0,1,0,-67,-62.9,14637,35,7189
18:00:17,22.069,791387,791387,0,1,37.496490,126.957977,0.368,167.4,0.437,1,167.4,"9.424,-0.340,19.613","52.290,25.969,-51.481","-43.500,42.150,12.000",7733,7,1.26,37.496492,126.957980,1473,0,1,0,-67,-62.9,14637,57,7189
18:00:17,22.106,791409,791409,0,1,37.496490,126.957977,0.368,167.4,0.437,1,167.4,"11.971,11.028,19.613","43.382,1.863,-18.595","-43.650,45.450,11.100",7733,7,1.26,37.496492,126.957980,1473,0,1,0,-67,-62.9,14637,79,7189
18:00:17,22.107,791442,791442,0,1,37.496490,126.957977,0.368,167.4,0.437,1,167.4,"9.127,4.899,9.390","-14.015,44.924,-7.214","-42.900,44.250,11.400",7734,7,1.26,37.496492,126.957980,1473,0,1,0,-72,-64.7,14638,1,7189
18:00:17,22.107,791464,791464,0,1,37.496490,126.957977,0.368,167.4,0.437,1,167.4,"4.434,5.722,5.574","-17.595,19.466,-3.321","-41.550,43.800,13.800",7734,7,1.26,37.496492,126.957980,1473,0,1,0,-74,-66.6,14639,16,7190
18:00:17,22.107,791486,791486,0,1,37.496490,126.957977,0.368,167.4,0.437,1,167.4,"5.478,3.323,4.621","-4.397,28.099,-2.672","-40.500,44.550,12.000",7734,7,1.26,37.496492,126.957980,1473,0,1,0,-74,-66.6,14639,38,7190
18:00:18,22.199,791508,791508,0,1,37.496490,126.957977,0.368,167.4,0.437,1,167.4,"4.779,4.046,7.288","1.031,28.641,1.366","-40.950,45.450,12.900",7734,7,1.26,37.496492,126.957980,1473,0,1,0,-74,-66.6,14639,60,7190
18:00:18,22.235,791542,791530,0,1,37.496490,126.957977,0.368,167.4,0.437,1,167.4,"3.160,3.989,4.506","-0.061,19.740,6.427","-42.150,43.950,12.900",7735,7,1.26,37.496492,126.957980,1473,0,1,0,-74,-66.6,14639,94,7190
18:00:18,22.235,791578,791578,0,1,37.496490,126.957977,0.368,167.4,0.437,1,167.4,"3.117,3.601,5.253","-4.611,0.840,8.534","-39.000,43.350,12.750",7735,7,1.26,37.496492,126.957980,1473,0,1,0,-81,-71.9,14641,9,7191
18:00:18,22.235,791600,791600,0,1,37.496490,126.957977,0.368,167.4,0.437,1,167.4,"2.830,3.960,4.377","2.298,-0.908,9.595","-40.200,43.950,14.400",7735,7,1.26,37.496492,126.957980,1473,0,1,0,-81,-71.9,14641,31,7191
18:00:18,22.235,791622,791622,0,1,37.496490,126.957977,0.368,167.4,0.437,1,167.4,"3.045,3.974,5.286","13.557,-8.214,9.237","-38.550,45.300,12.750",7735,7,1.26,37.496492,126.957980,1473,0,1,0,-81,-71.9,14641,53,7191
18:00:18,22.235,791650,791650,0,1,37.496490,126.957977,0.368,167.4,0.437,1,167.4,"3.984,4.243,5.607","26.679,-17.008,11.550","-40.650,44.250,13.650",7736,7,1.26,37.496492,126.957980,1473,0,1,0,-72,-71.9,14642,7,7192
18:00:18,22.323,791672,791672,0,1,37.496490,126.957985,0.293,167.4,0.154,1,167.4,"4.448,4.405,6.292","33.069,-16.824,14.427","-39.300,46.050,13.500",7736,7,1.26,37.496487,126.957982,1474,0,1,0,-73,-72.1,14643,19,7192
18:00:18,22.354,791694,791694,0,1,37.496490,126.957985,0.293,167.4,0.154,1,167.4,"4.841,4.956,6.627","36.443,-17.427,14.878","-38.700,46.650,13.650",7736,7,1.26,37.496487,126.957982,1474,0,1,0,-73,-72.1,14643,41,7192
18:00:18,22.354,791716,791716,0,1,37.496490,126.957985,0.293,167.4,0.154,1,167.4,"5.880,6.388,7.288","35.473,-33.557,15.412","-39.150,45.450,13.200",7736,7,1.26,37.496487,126.957982,1474,0,1,0,-73,-72.1,14643,63,7192
18:00:18,22.355,791772,791772,0,1,37.496487,126.957985,0.244,167.4,0.154,1,167.4,"11.698,6.397,16.429","-7.374,92.366,-21.092","-40.950,48.600,12.600",7737,7,1.26,37.496487,126.957982,1475,0,1,0,-68,-70.8,14645,29,7193
18:00:18,22.442,791794,791794,0,1,37.496487,126.957985,0.244,167.4,0.154,1,167.4,"14.068,8.384,19.613","-60.038,51.786,15.221","-40.800,49.200,12.300",7737,7,1.26,37.496487,126.957982,1475,0,1,0,-68,-70.8,14645,51,7193
18:00:18,22.473,791816,791816,0,1,37.496487,126.957985,0.244,167.4,0.154,1,167.4,"10.683,5.871,13.120","3.183,34.992,1.679","-38.550,49.500,12.750",7737,7,1.26,37.496487,126.957982,1475,0,1,0,-68,-70.8,14645,73,7193
18:00:18,22.474,791851,791851,0,1,37.496487,126.957985,0.244,167.4,0.154,1,167.4,"6.570,5.708,6.603","-31.802,-24.931,-1.504","-38.250,49.200,12.000",7738,7,1.26,37.496487,126.957982,1475,0,1,0,-65,-69.7,14646,2,7194
18:00:18,22.474,791873,791873,0,1,37.496487,126.957985,0.244,167.4,0.154,1,167.4,"4.568,4.448,3.151","-41.336,-14.855,3.435","-36.750,48.000,13.500",7738,7,1.26,37.496487,126.957982,1475,0,1,0,-65,-68.7,14647,6,7194
18:00:18,22.474,791895,791895,0,1,37.496487,126.957985,0.244,167.4,0.154,1,167.4,"5.488,3.778,5.957","-42.168,-13.412,12.191","-37.800,46.800,13.050",7738,7,1.26,37.496487,126.957982,1475,0,1,0,-65,-68.7,14647,28,7194
18:00:18,22.564,791917,791917,0,1,37.496487,126.957985,0.244,167.4,0.154,1,167.4,"4.697,3.950,5.995","-31.130,3.130,17.046","-37.500,47.550,13.500",7738,7,1.26,37.496487,126.957982,1475,0,1,0,-65,-68.7,14647,50,7194
18:00:18,22.600,791952,791952,0,1,37.496487,126.957985,0.244,167.4,0.154,1,167.4,"3.745,2.806,3.663","-0.221,14.664,19.802","-37.050,45.600,12.750",7739,7,1.26,37.496487,126.957982,1475,0,1,0,-65,-67.4,14649,2,7195
18:00:18,22.600,791973,791973,0,1,37.496487,126.957985,0.244,167.4,0.154,1,167.4,"3.764,2.926,4.515","10.740,13.863,20.031","-39.000,46.800,14.250",7739,7,1.26,37.496487,126.957982,1475,0,1,0,-65,-67.4,14649,23,7195
18:00:18,22.600,791995,791995,0,1,37.496487,126.957985,0.244,167.4,0.154,1,167.4,"3.510,2.768,4.113","25.718,20.153,17.237","-36.900,46.950,11.850",7739,7,1.26,37.496487,126.957982,1475,0,1,0,-65,-67.4,14649,45,7195
18:00:18,22.601,792052,792052,0,1,37.496487,126.957985,0.244,167.4,0.154,1,167.4,"3.539,4.506,5.962","56.840,-1.924,17.366","-36.300,49.500,14.550",7740,7,1.26,37.496487,126.957982,1475,0,1,0,-66,-67.1,14650,9,7195
18:00:18,22.601,792074,792074,0,1,37.496487,126.957985,0.244,167.4,0.154,1,167.4,"4.405,4.889,6.819","38.145,-22.534,13.206","-36.750,48.000,14.550",7740,7,1.26,37.496487,126.957982,1475,0,1,0,-67,-67.1,14651,22,7196
18:00:18,22.687,792096,792096,0,1,37.496487,126.957985,0.244,167.4,0.154,1,167.4,"4.702,5.435,5.296","8.275,-38.977,19.878","-36.900,50.850,13.650",7740,7,1.26,37.496487,126.957982,1475,0,1,0,-67,-67.1,14651,44,7196
18:00:18,22.719,792118,792118,0,1,37.496487,126.957985,0.244,167.4,0.154,1,167.4,"19.613,-19.613,19.613","16.550,-250.137,44.305","-38.700,49.350,11.850",7740,7,1.26,37.496487,126.957982,1475,0,1,0,-67,-67.1,14651,66,7196
18:00:18,22.719,792153,792153,0,1,37.496487,126.957985,0.244,167.4,0.154,1,167.4,"15.184,1.973,12.584","36.901,38.092,-5.786","-37.500,49.200,13.800",7741,7,1.26,37.496487,126.957982,1475,0,1,0,-67,-67.1,14653,1,7197
18:00:18,22.719,792174,792174,0,1,37.496487,126.957985,0.244,167.4,0.154,1,167.4,"13.168,3.079,7.422","13.305,88.198,0.229","-38.250,49.200,14.550",7741,7,1.26,37.496487,126.957982,1475,0,1,0,-67,-67.1,14653,22,7197
18:00:18,22.719,792196,792196,0,1,37.496487,126.957985,0.244,167.4,0.154,1,167.4,"3.845,3.974,7.547","36.450,35.176,-0.985","-36.150,49.650,12.900",7741,7,1.26,37.496487,126.957982,1475,0,1,0,-67,-67.1,14653,44,7197
18:00:18,22.812,792218,792218,0,1,37.496487,126.957985,0.244,167.4,0.154,1,167.4,"0.340,15.519,12.392","-26.840,-0.008,-7.405","-34.200,50.400,13.650",7741,7,1.26,37.496487,126.957982,1475,0,1,0,-67,-67.1,14653,66,7197
18:00:18,22.843,792273,792273,0,1,37.496487,126.957985,0.244,167.4,0.154,1,167.4,"5.732,5.598,4.156","-38.092,-18.084,-0.344","-36.150,48.900,14.400",7742,7,1.26,37.496487,126.957982,1475,0,1,0,-67,-66.9,14655,21,7198
18:00:18,22.843,792295,792295,0,1,37.496487,126.957985,0.244,167.4,0.154,1,167.4,"4.999,5.737,5.598","-27.069,-6.008,0.824","-35.400,50.100,13.200",7742,7,1.26,37.496487,126.957982,1475,0,1,0,-67,-66.9,14655,43,7198
18:00:18,22.844,792317,792317,0,1,37.496487,126.957985,0.244,167.4,0.154,1,167.4,"5.004,4.597,3.989","-20.939,-3.481,3.137","-37.050,49.950,13.500",7742,7,1.26,37.496487,126.957982,1475,0,1,0,-67,-66.9,14655,65,7198
18:00:18,22.950,792351,792339,0,1,37.496487,126.957985,0.244,167.4,0.154,1,167.4,"3.965,3.926,4.357","-15.763,3.183,1.038","-35.700,48.900,13.200",7743,7,1.26,37.496487,126.957982,1475,0,1,0,-68,-67.1,14656,5,7198
18:00:18,22.990,792359,792359,0,1,37.496487,126.957985,0.244,167.4,0.154,1,167.4,"3.802,3.256,4.836","-10.374,9.511,-0.519","-36.450,48.600,13.200",7743,7,1.26,37.496487,126.957982,1475,0,1,0,-68,-67.3,14657,4,7199
18:00:18,22.990,792381,792381,0,1,37.496487,126.957985,0.244,167.4,0.154,1,167.4,"3.112,2.691,4.458","-4.802,12.229,-0.863","-36.300,48.750,12.300",7743,7,1.26,37.496487,126.957982,1475,0,1,0,-68,-67.3,14657,26,7199
18:00:18,22.990,792403,792403,0,1,37.496487,126.957985,0.244,167.4,0.154,1,167.4,"2.916,2.207,4.353","1.855,11.954,-0.710","-37.500,47.550,13.500",7743,7,1.26,37.496487,126.957982,1475,0,1,0,-68,-67.3,14657,48,7199
18:00:18,22.991,792459,792459,0,1,37.496487,126.957985,0.244,167.4,0.154,1,167.4,"5.143,4.760,7.714","20.290,-9.557,2.832","-36.000,48.300,12.750",7744,7,1.26,37.496487,126.957982,1475,0,1,0,-66,-66.8,14659,3,7200
18:00:18,23.090,792481,792481,0,1,37.496487,126.957985,0.244,167.4,0.154,1,167.4,"7.882,6.086,9.783","-0.725,-23.718,1.664","-35.700,50.850,14.700",7744,7,1.26,37.496487,126.957982,1475,0,1,0,-66,-66.8,14659,25,7200
18:00:18,23.125,792503,792503,0,1,37.496487,126.957985,0.244,167.4,0.154,1,167.4,"8.911,6.172,9.639","-23.649,-62.969,-1.588","-36.750,49.200,13.800",7744,7,1.26,37.496487,126.957982,1475,0,1,0,-66,-66.8,14659,47,7200
18:00:18,23.126,792525,792525,0,1,37.496487,126.957985,0.244,167.4,0.154,1,167.4,"11.023,-19.613,-19.613","250.130,179.740,43.664","-37.500,48.300,15.300",7744,7,1.26,37.496487,126.957982,1475,0,1,0,-66,-66.8,14659,69,7200
18:00:18,23.126,792558,792558,0,1,37.496487,126.957985,0.244,167.4,0.154,1,167.4,"6.431,7.930,5.708","-98.603,-50.939,-14.664","-38.700,46.200,13.950",7745,7,1.26,37.496487,126.957982,1475,0,1,0,-63,-65.4,14661,3,7201
18:00:19,23.224,792580,792580,0,1,37.496487,126.957985,0.244,167.4,0.154,1,167.4,"8.255,1.748,-3.467","-95.901,-39.695,9.916","-41.400,44.700,11.100",7745,7,1.26,37.496487,126.957982,1475,0,1,0,-63,-65.4,14661,25,7201
18:00:19,23.260,792658,792646,0,1,37.496487,126.957985,0.244,167.4,0.154,1,167.4,"5.047,2.188,5.157","13.519,32.405,-13.321","-42.450,43.950,12.150",7746,7,1.26,37.496487,126.957982,1475,0,1,0,-59,-64.2,14662,3,7201
18:00:19,23.260,792667,792667,0,1,37.496487,126.957977,0.191,167.4,0.093,1,167.4,"4.453,3.213,6.555","7.756,27.916,-17.664","-42.150,43.950,10.050",7746,7,1.26,37.496488,126.957978,1476,0,1,0,-58,-62.9,14663,9,7202
18:00:19,23.260,792689,792689,0,1,37.496487,126.957977,0.191,167.4,0.093,1,167.4,"4.319,2.557,5.066","5.382,22.092,-19.008","-38.700,44.250,12.900",7746,7,1.26,37.496488,126.957978,1476,0,1,0,-58,-62.9,14663,31,7202
18:00:19,23.261,792711,792711,0,1,37.496487,126.957977,0.191,167.4,0.093,1,167.4,"3.812,2.509,5.569","9.053,16.366,-18.878","-39.150,45.150,11.100",7746,7,1.26,37.496488,126.957978,1476,0,1,0,-58,-62.9,14663,53,7202
18:00:19,23.261,792733,792733,0,1,37.496487,126.957977,0.191,167.4,0.093,1,167.4,"3.955,2.121,5.258","9.374,14.756,-20.618","-40.050,47.250,12.300",7746,7,1.26,37.496488,126.957978,1476,0,1,0,-58,-62.9,14663,75,7202
18:00:19,23.355,792768,792768,0,1,37.496487,126.957977,0.191,167.4,0.093,1,167.4,"3.721,2.586,4.377","27.137,0.420,-22.641","-39.000,45.600,11.700",7747,7,1.26,37.496488,126.957978,1476,0,1,0,-56,-60.6,14665,6,7203
18:00:19,23.391,792789,792789,0,1,37.496487,126.957977,0.157,167.4,0.093,1,167.4,"4.041,2.873,4.922","36.099,-19.656,-21.282","-39.450,47.400,12.150",7747,7,1.26,37.496488,126.957978,1477,0,1,0,-56,-60.6,14665,27,7203
18:00:19,23.391,792833,792833,0,1,37.496487,126.957977,0.157,167.4,0.093,1,167.4,"6.761,4.209,9.045","24.046,-31.840,-9.878","-42.150,49.650,11.100",7747,7,1.26,37.496488,126.957978,1477,0,1,0,-56,-60.6,14665,71,7203
18:00:19,23.486,792868,792868,0,1,37.496487,126.957977,0.157,167.4,0.093,1,167.4,"-2.605,-4.635,-19.613","-46.672,1.847,32.542","-42.450,50.100,11.100",7748,7,1.26,37.496488,126.957978,1477,0,1,0,-56,-58.9,14667,6,7204
18:00:19,23.522,792911,792911,0,1,37.496487,126.957977,0.157,167.4,0.093,1,167.4,"6.718,-0.436,-4.305","10.214,24.931,-0.351","-41.250,49.200,12.300",7748,7,1.26,37.496488,126.957978,1477,0,1,0,-56,-58.9,14667,49,7204
18:00:19,23.610,792933,792933,0,1,37.496487,126.957977,0.157,167.4,0.093,1,167.4,"8.346,5.406,9.160","-19.695,-5.870,1.298","-40.500,49.950,12.000",7748,7,1.26,37.496488,126.957978,1477,0,1,0,-56,-58.9,14667,71,7204
18:00:19,23.641,792968,792968,0,1,37.496487,126.957977,0.157,167.4,0.093,1,167.4,"7.049,3.692,4.654","-20.824,-28.076,-9.466","-43.500,49.200,12.000",7749,7,1.26,37.496488,126.957978,1477,0,1,0,-56,-57.9,14669,5,7205
18:00:19,23.641,792989,792989,0,1,37.496487,126.957977,0.157,167.4,0.093,1,167.4,"6.517,4.999,6.541","-47.870,-41.061,-9.122","-41.550,48.000,10.200",7749,7,1.26,37.496488,126.957978,1477,0,1,0,-56,-57.9,14669,26,7205
18:00:19,23.641,793011,793011,0,1,37.496487,126.957977,0.157,167.4,0.093,1,167.4,"5.914,3.658,3.874","-53.092,-30.191,-7.534","-42.450,48.600,9.300",7749,7,1.26,37.496488,126.957978,1477,0,1,0,-56,-57.9,14669,48,7205
18:00:19,23.641,793033,793033,0,1,37.496487,126.957977,0.157,167.4,0.093,1,167.4,"5.535,3.041,4.626","-33.061,-14.260,-3.481","-42.750,48.300,11.250",7749,7,1.26,37.496488,126.957978,1477,0,1,0,-56,-57.9,14669,70,7205
18:00:19,23.641,793068,793068,0,1,37.496487,126.957977,0.157,167.4,0.093,1,167.4,"4.659,2.452,3.850","6.466,24.382,-0.679","-43.650,47.850,12.150",7750,7,1.26,37.496488,126.957978,1477,0,1,0,-57,-57.6,14671,2,7206
18:00:19,23.641,793089,793089,0,1,37.496487,126.957977,0.157,167.4,0.093,1,167.4,"4.405,2.332,5.009","19.046,36.504,0.153","-43.650,46.950,9.600",7750,7,1.26,37.496488,126.957978,1477,0,1,0,-57,-57.6,14671,23,7206
18:00:19,23.642,793111,793111,0,1,37.496487,126.957977,0.157,167.4,0.093,1,167.4,"4.123,2.485,4.884","19.565,33.649,2.260","-41.700,47.400,11.100",7750,7,1.26,37.496488,126.957978,1477,0,1,0,-57,-57.6,14671,45,7206
18:00:19,23.737,793133,793133,0,1,37.496487,126.957977,0.157,167.4,0.093,1,167.4,"3.203,2.777,4.458","18.725,21.794,4.802","-42.300,46.800,12.300",7750,7,1.26,37.496488,126.957978,1477,0,1,0,-57,-57.6,14671,67,7206
18:00:19,23.786,793167,793167,0,1,37.496487,126.957977,0.157,167.4,0.093,1,167.4,"3.031,3.338,4.032","29.397,-11.252,2.458","-40.200,48.900,10.650",7751,7,1.26,37.496488,126.957978,1477,0,1,0,-57,-57.5,14672,7,7206
18:00:19,23.786,793233,793233,0,1,37.496487,126.957977,0.157,167.4,0.093,1,167.4,"-19.613,19.613,19.613","-250.137,-4.115,99.191","-43.200,50.100,12.900",7751,7,1.26,37.496488,126.957978,1477,0,1,0,-56,-57.2,14673,64,7207
18:00:19,23.786,793266,793266,0,1,37.496487,126.957977,0.157,167.4,0.093,1,167.4,"9.792,6.292,9.103","36.313,53.710,-14.267","-42.300,48.300,11.700",7752,7,1.26,37.496488,126.957978,1477,0,1,0,-56,-56.9,14674,9,7207
18:00:19,23.876,793288,793288,0,1,37.496487,126.957977,0.157,167.4,0.093,1,167.4,"15.107,0.096,15.711","62.046,33.290,-2.947","-40.800,49.200,13.800",7752,7,1.26,37.496488,126.957978,1477,0,1,0,-56,-56.7,14675,11,7208
18:00:19,23.917,793310,793310,0,1,37.496487,126.957977,0.157,167.4,0.093,1,167.4,"8.274,4.894,9.649","14.672,27.473,1.061","-40.200,50.100,13.650",7752,7,1.26,37.496488,126.957978,1477,0,1,0,-56,-56.7,14675,33,7208
18:00:19,23.917,793332,793332,0,1,37.496487,126.957977,0.157,167.4,0.093,1,167.4,"4.477,5.004,5.401","-0.382,6.840,-5.229","-40.050,51.750,13.050",7752,7,1.26,37.496488,126.957978,1477,0,1,0,-56,-56.7,14675,55,7208
18:00:19,23.917,793374,793374,0,1,37.496487,126.957977,0.157,167.4,0.093,1,167.4,"5.899,4.578,11.468","-42.763,-24.542,-3.397","-39.150,50.400,14.700",7753,7,1.26,37.496488,126.957978,1477,0,1,0,-56,-56.6,14676,14,7208
18:00:19,23.917,793396,793396,0,1,37.496487,126.957977,0.157,167.4,0.093,1,167.4,"5.760,3.773,5.578","-52.870,-43.130,3.221","-39.300,50.700,15.600",7753,7,1.26,37.496488,126.957978,1477,0,1,0,-56,-56.5,14677,12,7209
18:00:19,24.008,793418,793418,0,1,37.496487,126.957977,0.157,167.4,0.093,1,167.4,"4.300,4.559,5.578","-42.069,-28.107,2.901","-41.700,48.150,13.650",7753,7,1.26,37.496488,126.957978,1477,0,1,0,-56,-56.5,14677,34,7209
18:00:19,24.044,793440,793440,0,1,37.496487,126.957977,0.157,167.4,0.093,1,167.4,"4.300,5.013,6.153","-4.420,-4.023,-0.107","-41.700,45.150,11.850",7753,7,1.26,37.496488,126.957978,1477,0,1,0,-56,-56.5,14677,56,7209
18:00:19,24.135,793473,793473,0,1,37.496487,126.957977,0.157,167.4,0.093,1,167.4,"5.981,4.463,6.297","21.458,20.351,1.107","-40.800,48.300,15.600",7754,7,1.26,37.496488,126.957978,1477,0,1,0,-57,-56.6,14678,5,7209
18:00:20,24.172,793517,793517,0,1,37.496487,126.957977,0.157,167.4,0.093,1,167.4,"5.933,5.061,8.317","18.351,18.336,0.634","-40.050,48.300,15.600",7754,7,1.26,37.496488,126.957978,1477,0,1,0,-56,-56.5,14679,34,7210
18:00:20,24.172,793539,793539,0,1,37.496487,126.957977,0.157,167.4,0.093,1,167.4,"6.632,5.325,6.455","2.786,7.481,-4.840","-39.000,48.750,14.250",7754,7,1.26,37.496488,126.957978,1477,0,1,0,-56,-56.5,14679,56,7210
18:00:20,24.172,793573,793561,0,1,37.496487,126.957977,0.157,167.4,0.093,1,167.4,"5.286,5.612,7.197","8.145,5.534,-0.023","-39.450,47.850,14.400",7755,7,1.26,37.496488,126.957978,1477,0,1,0,-56,-56.5,14679,90,7210
18:00:20,24.173,793581,793581,0,1,37.496487,126.957977,0.157,167.4,0.093,1,167.4,"5.401,4.386,5.971","8.931,8.237,1.130","-39.300,47.250,13.800",7755,7,1.26,37.496488,126.957978,1477,0,1,0,-57,-56.6,14680,3,7210
18:00:20,24.264,793603,793603,0,1,37.496487,126.957977,0.157,167.4,0.093,1,167.4,"4.875,3.941,6.100","-33.588,-31.954,0.557","-39.450,48.900,13.650",7755,7,1.26,37.496488,126.957978,1477,0,1,0,-58,-56.9,14681,17,7211
18:00:20,24.300,793625,793625,0,1,37.496487,126.957977,0.157,167.4,0.093,1,167.4,"4.520,5.042,5.717","-49.947,-29.679,-3.198","-39.450,48.150,14.700",7755,7,1.26,37.496488,126.957978,1477,0,1,0,-58,-56.9,14681,39,7211
18:00:20,24.301,793647,793647,0,1,37.496487,126.957977,0.157,167.4,0.093,1,167.4,"4.717,4.788,6.560","-18.115,-5.855,0.687","-39.750,47.250,13.500",7755,7,1.26,37.496488,126.957978,1477,0,1,0,-58,-56.9,14681,61,7211
18:00:20,24.301,793682,793682,0,1,37.496490,126.957977,0.143,167.4,0.118,1,167.4,"5.598,4.353,5.617","2.382,4.221,0.626","-40.050,46.050,13.800",7756,7,1.26,37.496491,126.957974,1478,0,1,0,-58,-57.1,14682,8,7211
18:00:20,24.301,793726,793726,0,1,37.496490,126.957977,0.143,167.4,0.118,1,167.4,"5.373,4.530,6.603","-11.756,-0.847,3.160","-39.150,45.900,13.200",7756,7,1.26,37.496491,126.957974,1478,0,1,0,-57,-57.1,14683,40,7212
18:00:20,24.438,793748,793748,0,1,37.496490,126.957977,0.143,167.4,0.118,1,167.4,"5.186,4.755,6.981","-21.145,-9.542,4.473","-40.500,45.300,13.050",7756,7,1.26,37.496491,126.957974,1478,0,1,0,-57,-57.1,14683,62,7212
18:00:20,24.490,793884,793884,0,1,37.496490,126.957977,0.135,167.4,0.118,1,167.4,"5.933,3.486,6.053","-8.420,-4.603,6.092","-40.500,41.850,13.500",7758,7,1.26,37.496491,126.957974,1479,0,1,0,-57,-57.3,14686,7,7213
18:00:20,24.606,793906,793906,0,1,37.496490,126.957977,0.135,167.4,0.118,1,167.4,"5.775,3.950,6.311","9.969,5.191,6.985","-40.950,42.450,12.900",7758,7,1.26,37.496491,126.957974,1479,0,1,0,-56,-57.1,14687,14,7214
18:00:20,24.651,793928,793928,0,1,37.496490,126.957977,0.135,167.4,0.118,1,167.4,"5.904,4.075,6.747","26.023,22.511,8.473","-41.550,40.350,12.000",7758,7,1.26,37.496491,126.957974,1479,0,1,0,-56,-57.1,14687,36,7214
18:00:20,24.652,793950,793950,0,1,37.496490,126.957977,0.135,167.4,0.118,1,167.4,"5.574,3.960,6.905","29.137,21.489,6.038","-40.200,41.250,11.850",7758,7,1.26,37.496491,126.957974,1479,0,1,0,-56,-57.1,14687,58,7214
18:00:20,24.652,793985,793985,0,1,37.496490,126.957977,0.135,167.4,0.118,1,167.4,"5.933,3.606,6.546","14.443,12.573,7.916","-40.500,43.050,13.800",7759,7,1.26,37.496491,126.957974,1479,0,1,0,-63,-58.2,14688,12,7214
18:00:20,24.652,794007,794007,0,1,37.496490,126.957977,0.135,167.4,0.118,1,167.4,"6.105,3.314,6.393","0.718,9.183,7.443","-40.050,42.600,13.050",7759,7,1.26,37.496491,126.957974,1479,0,1,0,-62,-59.0,14689,16,7215
18:00:20,24.652,794029,794029,0,1,37.496490,126.957977,0.135,167.4,0.118,1,167.4,"6.282,3.175,6.680","-17.282,-8.985,5.336","-39.300,43.350,13.050",7759,7,1.26,37.496491,126.957974,1479,0,1,0,-62,-59.0,14689,38,7215
18:00:20,24.652,794051,794051,0,1,37.496490,126.957977,0.135,167.4,0.118,1,167.4,"6.522,2.806,7.116","-38.115,-21.435,4.595","-39.750,41.850,12.750",7759,7,1.26,37.496491,126.957974,1479,0,1,0,-62,-59.0,14689,60,7215
18:00:20,24.652,794086,794086,0,1,37.496490,126.957977,0.135,167.4,0.118,1,167.4,"6.761,2.725,7.254","-36.908,-23.290,3.214","-40.050,41.850,12.300",7760,7,1.26,37.496491,126.957974,1479,0,1,0,-58,-58.8,14690,8,7215
18:00:20,24.652,794108,794108,0,1,37.496490,126.957977,0.135,167.4,0.118,1,167.4,"6.431,2.614,6.756","-23.176,-17.779,3.359","-42.000,40.650,12.000",7760,7,1.26,37.496491,126.957974,1479,0,1,0,-57,-58.4,14691,12,7216
18:00:20,24.652,794130,794130,0,1,37.496490,126.957977,0.135,167.4,0.118,1,167.4,"6.560,2.705,7.240","-9.084,-8.756,3.031","-41.400,39.750,11.100",7760,7,1.26,37.496491,126.957974,1479,0,1,0,-57,-58.4,14691,34,7216
18:00:20,24.748,794152,794152,0,1,37.496490,126.957977,0.135,167.4,0.118,1,167.4,"6.436,2.959,7.168","7.756,-0.565,2.237","-40.650,39.000,13.200",7760,7,1.26,37.496491,126.957974,1479,0,1,0,-57,-58.4,14691,56,7216
18:00:20,24.784,794185,794185,0,1,37.496490,126.957977,0.135,167.4,0.118,1,167.4,"6.167,3.251,6.929","33.053,18.328,2.924","-41.250,39.450,12.000",7761,7,1.26,37.496491,126.957974,1479,0,1,0,-55,-57.8,14692,1,7216
18:00:20,24.784,794207,794207,0,1,37.496490,126.957977,0.135,167.4,0.118,1,167.4,"5.995,3.596,6.847","49.817,34.008,-2.473","-41.250,40.650,10.950",7761,7,1.26,37.496491,126.957974,1479,0,1,0,-55,-57.2,14693,18,7217
18:00:20,24.784,794229,794229,0,1,37.496490,126.957977,0.135,167.4,0.118,1,167.4,"5.928,3.721,6.986","48.847,31.435,2.405","-40.650,41.250,11.100",7761,7,1.26,37.496491,126.957974,1479,0,1,0,-55,-57.2,14693,40,7217
18:00:20,24.784,794251,794251,0,1,37.496490,126.957977,0.135,167.4,0.118,1,167.4,"5.689,4.003,6.862","48.153,28.351,2.252","-39.300,41.850,13.800",7761,7,1.26,37.496491,126.957974,1479,0,1,0,-55,-57.2,14693,62,7217
18:00:20,24.784,794285,794273,0,1,37.496490,126.957977,0.135,167.4,0.118,1,167.4,"5.655,3.922,6.713","36.580,19.008,3.000","-38.550,41.400,13.050",7762,7,1.26,37.496491,126.957974,1479,0,1,0,-55,-57.2,14693,96,7217
18:00:20,24.875,794293,794293,0,1,37.496490,126.957977,0.135,167.4,0.118,1,167.4,"5.871,4.046,6.445","24.969,14.969,2.893","-37.050,44.850,13.800",7762,7,1.26,37.496491,126.957974,1479,0,1,0,-57,-57.2,14694,7,7217
18:00:20,24.907,794315,794315,0,1,37.496490,126.957977,0.135,167.4,0.118,1,167.4,"5.497,4.252,6.316","13.969,5.595,0.947","-38.250,44.100,13.800",7762,7,1.26,37.496491,126.957974,1479,0,1,0,-58,-57.3,14695,20,7218
18:00:20,24.907,794359,794359,0,1,37.496490,126.957977,0.135,167.4,0.118,1,167.4,"5.708,4.180,6.397","-6.344,-8.313,0.885","-37.200,45.150,13.500",7762,7,1.26,37.496491,126.957974,1479,0,1,0,-58,-57.3,14695,64,7218
18:00:20,24.907,794392,794392,0,1,37.496490,126.957977,0.135,167.4,0.118,1,167.4,"5.631,3.989,6.225","-10.511,-12.702,2.382","-39.300,45.300,12.750",7763,7,1.26,37.496491,126.957974,1479,0,1,0,-60,-57.9,14696,2,7218
18:00:20,25.017,794414,794414,0,1,37.496490,126.957977,0.135,167.4,0.118,1,167.4,"5.804,4.008,6.144","-10.450,-15.679,0.527","-39.900,45.150,13.650",7763,7,1.26,37.496491,126.957974,1479,0,1,0,-60,-58.3,14697,20,7219
18:00:20,25.058,794436,794436,0,1,37.496490,126.957977,0.135,167.4,0.118,1,167.4,"5.588,4.252,6.100","-10.214,-15.450,3.214","-39.150,42.750,15.450",7763,7,1.26,37.496491,126.957974,1479,0,1,0,-60,-58.3,14697,42,7219
18:00:20,25.115,794458,794458,0,1,37.496490,126.957977,0.135,167.4,0.118,1,167.4,"5.737,4.027,6.191","-6.985,-7.290,1.771","-40.800,43.050,12.750",7763,7,1.26,37.496491,126.957974,1479,0,1,0,-60,-58.3,14697,64,7219
18:00:21,25.274,794492,794480,0,1,37.496490,126.957977,0.135,167.4,0.118,1,167.4,"5.799,3.864,5.981","1.046,-1.099,1.389","-37.050,44.100,13.050",7764,7,1.26,37.496491,126.957974,1479,0,1,0,-60,-58.3,14697,98,7219
18:00:21,25.323,794600,794600,0,1,37.496490,126.957977,0.135,167.4,0.118,1,167.4,"5.923,3.907,6.153","3.863,2.458,1.351","-38.400,44.250,12.900",7765,7,1.26,37.496491,126.957974,1479,0,1,0,-61,-59.3,14699,102,7220
18:00:21,25.323,794645,794645,0,1,37.496490,126.957977,0.135,167.4,0.118,1,167.4,"6.110,3.874,6.167","-9.450,-6.595,0.824","-39.300,43.800,14.850",7765,7,1.26,37.496491,126.957974,1479,0,1,0,-62,-60.3,14701,42,7221
18:00:21,25.323,794667,794667,0,1,37.496490,126.957977,0.131,167.4,0.123,1,167.4,"5.995,3.730,6.220","-13.618,-9.298,2.282","-38.250,44.850,13.800",7765,7,1.26,37.496491,126.957972,1480,0,1,0,-62,-60.3,14701,64,7221
18:00:21,25.324,794702,794702,0,1,37.496490,126.957977,0.131,167.4,0.123,1,167.4,"6.148,3.524,6.852","-11.573,-9.397,0.130","-36.450,42.750,13.200",7766,7,1.26,37.496491,126.957972,1480,0,1,0,-61,-60.4,14702,3,7221
18:00:21,25.324,794724,794724,0,1,37.496490,126.957977,0.131,167.4,0.123,1,167.4,"5.981,3.543,6.938","-10.656,-9.183,1.534","-39.900,42.750,12.150",7766,7,1.26,37.496491,126.957972,1480,0,1,0,-62,-60.7,14703,17,7222
18:00:21,25.432,794825,794825,0,1,37.496490,126.957977,0.128,167.4,0.123,1,167.4,"5.952,3.654,6.531","10.275,3.618,1.244","-39.000,44.550,13.800",7767,7,1.26,37.496491,126.957972,1481,0,1,0,-62,-61.0,14705,20,7223
18:00:21,25.473,794847,794847,0,1,37.496490,126.957977,0.128,167.4,0.123,1,167.4,"6.038,3.735,6.598","6.550,2.634,-1.649","-39.450,44.700,14.400",7767,7,1.26,37.496491,126.957972,1481,0,1,0,-62,-61.0,14705,42,7223
18:00:21,25.473,794869,794869,0,1,37.496490,126.957977,0.128,167.4,0.123,1,167.4,"5.856,3.821,6.460","1.779,2.565,-2.542","-39.000,43.350,14.250",7767,7,1.26,37.496491,126.957972,1481,0,1,0,-62,-61.0,14705,64,7223
18:00:21,25.473,794904,794904,0,1,37.496490,126.957977,0.128,167.4,0.123,1,167.4,"5.957,4.027,6.354","0.756,-2.466,-0.160","-39.000,43.050,15.300",7768,7,1.26,37.496491,126.957972,1481,0,1,0,-61,-61.0,14706,13,7223
18:00:21,25.473,794926,794926,0,1,37.496490,126.957977,0.128,167.4,0.123,1,167.4,"5.703,4.075,6.397","2.267,-0.153,-1.573","-37.050,46.500,14.550",7768,7,1.26,37.496491,126.957972,1481,0,1,0,-62,-61.2,14707,19,7224
18:00:21,25.473,794948,794948,0,1,37.496490,126.957970,0.128,167.4,0.123,1,167.4,"5.679,4.104,6.230","-1.542,-0.069,-0.489","-39.000,43.800,13.050",7768,7,1.26,37.496491,126.957972,1481,0,1,0,-62,-61.2,14707,41,7224
18:00:21,25.495,794970,794970,0,1,37.496490,126.957970,0.128,167.4,0.123,1,167.4,"5.732,4.132,6.316","3.695,-3.061,-2.229","-39.450,45.900,13.650",7768,7,1.26,37.496491,126.957972,1481,0,1,0,-62,-61.2,14707,63,7224
