시각,경과초,시각ms,IMU시각ms,위험,원시위험,GPS유효,위도,경도,속도,방향,GPS원시속도,GPS원시방향유효,GPS원시방향,가속도,자이로,자력계,충격값,송신,지팡이수신,GPS위성,GPS_HDOP,원시위도,원시경도,GPS채택,GPS이상치거부,GPS품질거부,GPS재기준,계산거리,접근속도,TTC,방향오차,전방여부,위험음성횟수,충격음성횟수,마지막위험음성,RSSI원시,RSSI평활,RSSI샘플,RSSI경과ms,위험송신
18:07:22,0.158,1611495,1611495,0,0,0,0.000000,0.000000,0.00,0.0,0.000,0,0.0,"-0.96,1.02,9.55","1.7,-1.2,-0.8","-21.150,-33.150,3.450",0.06,15848,14972,0,99.00,0.000000,0.000000,0,0,0,0,-1.00,0.00,999.00,0.0,0,0,0,0,-73,-70.3,14972,45,14972
18:07:22,0.196,1611650,1611650,0,0,0,0.000000,0.000000,0.00,0.0,0.000,0,0.0,"-0.91,0.97,9.51","-0.4,1.9,-1.8","-19.350,-35.400,5.550",0.12,15849,14973,0,99.00,0.000000,0.000000,0,0,0,0,-1.00,0.00,999.00,0.0,0,0,0,0,-72,-70.6,14973,95,14973
18:07:23,0.306,1611705,1611705,0,0,0,0.000000,0.000000,0.00,0.0,0.000,0,0.0,"-0.90,0.96,9.59","-1.6,0.8,-0.6","-18.450,-34.350,6.900",0.10,15850,14974,0,99.00,0.000000,0.000000,0,0,0,0,-1.00,0.00,999.00,0.0,0,0,0,0,-71,-70.7,14974,43,14974
18:07:23,0.348,1611755,1611755,0,0,0,0.000000,0.000000,0.00,0.0,0.000,0,0.0,"-0.96,1.19,9.57","-0.6,1.2,-0.9","-19.050,-34.200,6.000",0.14,15850,14974,0,99.00,0.000000,0.000000,0,0,0,0,-1.00,0.00,999.00,0.0,0,0,0,0,-71,-70.7,14974,93,14974
18:07:23,0.441,1611810,1611810,0,0,0,0.000000,0.000000,0.00,0.0,0.000,0,0.0,"-1.11,1.02,9.59","-0.7,0.1,-2.0","-19.350,-34.200,5.250",0.16,15851,14975,0,99.00,0.000000,0.000000,0,0,0,0,-1.00,0.00,999.00,0.0,0,0,0,0,-71,-70.8,14975,44,14975
18:07:23,0.479,1611964,1611964,0,0,0,0.000000,0.000000,0.00,0.0,0.000,0,0.0,"-0.91,1.03,9.48","-0.3,-1.1,3.0","-22.050,-34.200,4.500",0.13,15852,14976,0,99.00,0.000000,0.000000,0,0,0,0,-1.00,0.00,999.00,0.0,0,0,0,0,-70,-70.6,14976,106,14976
18:07:23,0.577,1612015,1612015,0,0,0,0.000000,0.000000,0.00,0.0,0.000,0,0.0,"-0.88,1.08,9.62","0.8,-1.0,0.2","-20.550,-33.750,5.550",0.08,15853,14977,0,99.00,0.000000,0.000000,0,0,0,0,-1.00,0.00,999.00,0.0,0,0,0,0,-70,-70.5,14977,49,14977
18:07:23,0.710,1612065,1612065,0,0,0,0.000000,0.000000,0.00,0.0,0.000,0,0.0,"-0.94,1.10,9.60","-0.4,1.9,-1.3","-19.200,-34.800,6.150",0.05,15853,14978,0,99.00,0.000000,0.000000,0,0,0,0,-1.00,0.00,999.00,0.0,0,0,0,0,-67,-69.8,14978,0,14978
18:07:23,0.754,1612165,1612165,0,0,0,0.000000,0.000000,0.00,0.0,0.000,0,0.0,"-0.85,0.90,9.71","2.3,-0.1,0.0","-19.650,-34.350,3.900",0.20,15854,14979,0,99.00,0.000000,0.000000,0,0,0,0,-1.00,0.00,999.00,0.0,0,0,0,0,-66,-69.0,14979,4,14979
18:07:23,0.843,1612265,1612265,0,0,0,0.000000,0.000000,0.00,0.0,0.000,0,0.0,"-0.92,1.10,9.63","1.0,-0.7,0.2","-18.900,-34.050,4.200",0.05,15855,14979,0,99.00,0.000000,0.000000,0,0,0,0,-1.00,0.00,999.00,0.0,0,0,0,0,-66,-69.0,14979,104,14979
18:07:23,0.886,1612315,1612315,0,0,0,0.000000,0.000000,0.00,0.0,0.000,0,0.0,"-0.96,1.00,9.55","1.9,-2.3,1.7","-19.800,-33.750,5.250",0.08,15856,14979,0,99.00,0.000000,0.000000,0,0,0,0,-1.00,0.00,999.00,0.0,0,0,0,0,-66,-69.0,14979,154,14979
18:07:23,1.025,1612365,1612365,0,0,0,0.000000,0.000000,0.00,0.0,0.000,0,0.0,"-1.02,1.03,9.57","3.1,-2.1,-0.8","-19.050,-34.200,5.550",0.09,15856,14979,0,99.00,0.000000,0.000000,0,0,0,0,-1.00,0.00,999.00,0.0,0,0,0,0,-66,-69.0,14979,204,14979
18:07:23,1.208,1612567,1612567,0,0,0,0.000000,0.000000,0.00,0.0,0.000,0,0.0,"-1.08,0.99,9.70","-1.4,-0.1,-0.3","-19.200,-32.400,3.900",0.17,15858,14981,0,99.00,0.000000,0.000000,0,0,0,0,-1.00,0.00,999.00,0.0,0,0,0,0,-66,-67.9,14981,94,14981
18:07:23,1.256,1612618,1612618,0,0,0,0.000000,0.000000,0.00,0.0,0.000,0,0.0,"-0.91,1.10,9.62","0.1,1.5,-0.8","-16.800,-33.450,4.050",0.07,15859,14982,0,99.00,0.000000,0.000000,0,0,0,0,-1.00,0.00,999.00,0.0,0,0,0,0,-66,-67.6,14982,45,14982
18:07:24,1.346,1612718,1612718,0,0,0,0.000000,0.000000,0.00,0.0,0.000,0,0.0,"-0.95,1.03,9.55","-2.3,-1.1,-1.9","-19.050,-34.650,4.500",0.04,15860,14983,0,99.00,0.000000,0.000000,0,0,0,0,-1.00,0.00,999.00,0.0,0,0,0,0,-67,-67.4,14983,32,14983
18:07:24,1.385,1612873,1612873,0,0,0,0.000000,0.000000,0.00,0.0,0.000,0,0.0,"-0.90,1.09,9.61","-0.7,-1.3,-1.9","-18.450,-33.150,4.200",0.07,15861,14984,0,99.00,0.000000,0.000000,0,0,0,0,-1.00,0.00,999.00,0.0,0,0,0,0,-71,-68.2,14984,96,14984
18:07:24,1.385,1612928,1612928,0,0,0,0.000000,0.000000,0.00,0.0,0.000,0,0.0,"-0.94,1.02,9.50","2.2,0.4,-2.0","-20.400,-34.050,5.700",0.11,15862,14985,0,99.00,0.000000,0.000000,0,0,0,0,-1.00,0.00,999.00,0.0,0,0,0,0,-74,-69.3,14985,50,14985
18:07:24,1.474,1612978,1612978,0,0,0,0.000000,0.000000,0.00,0.0,0.000,0,0.0,"-0.99,1.05,9.71","0.5,1.4,-1.8","-19.950,-32.850,4.650",0.11,15862,14985,0,99.00,0.000000,0.000000,0,0,0,0,-1.00,0.00,999.00,0.0,0,0,0,0,-74,-69.3,14985,100,14985
18:07:24,1.512,1613033,1613033,0,0,0,0.000000,0.000000,0.00,0.0,0.000,0,0.0,"-1.05,1.10,9.58","2.0,-0.6,-1.5","-19.650,-33.150,4.650",0.11,15863,14986,0,99.00,0.000000,0.000000,0,0,0,0,-1.00,0.00,999.00,0.0,0,0,0,0,-67,-68.9,14986,47,14986
18:07:24,1.596,1613083,1613083,0,0,0,0.000000,0.000000,0.00,0.0,0.000,0,0.0,"-1.02,1.02,9.57","0.9,2.8,-0.8","-19.950,-34.800,5.400",0.08,15863,14987,0,99.00,0.000000,0.000000,0,0,0,0,-1.00,0.00,999.00,0.0,0,0,0,0,-65,-68.1,14987,2,14987
18:07:24,1.719,1613133,1613133,0,0,0,0.000000,0.000000,0.00,0.0,0.000,0,0.0,"-0.85,1.12,9.54","-1.1,1.0,-0.1","-19.200,-34.350,4.650",0.14,15864,14987,0,99.00,0.000000,0.000000,0,0,0,0,-1.00,0.00,999.00,0.0,0,0,0,0,-65,-68.1,14987,52,14987
18:07:24,1.754,1613183,1613183,0,0,0,0.000000,0.000000,0.00,0.0,0.000,0,0.0,"-0.94,1.00,9.69","0.5,-3.5,1.2","-19.650,-34.350,4.950",0.10,15864,14988,0,99.00,0.000000,0.000000,0,0,0,0,-1.00,0.00,999.00,0.0,0,0,0,0,-63,-67.1,14988,5,14988
18:07:24,1.755,1613233,1613233,0,0,0,0.000000,0.000000,0.00,0.0,0.000,0,0.0,"-0.93,1.15,9.67","0.5,-0.6,-2.4","-18.300,-33.000,3.750",0.13,15865,14988,0,99.00,0.000000,0.000000,0,0,0,0,-1.00,0.00,999.00,0.0,0,0,0,0,-63,-67.1,14988,55,14988
18:07:24,1.842,1613333,1613333,0,0,0,0.000000,0.000000,0.00,0.0,0.000,0,0.0,"-0.87,1.00,9.67","2.0,0.7,0.8","-21.000,-34.200,3.750",0.12,15866,14989,0,99.00,0.000000,0.000000,0,0,0,0,-1.00,0.00,999.00,0.0,0,0,0,0,-63,-66.3,14989,52,14989
18:07:24,1.881,1613383,1613383,0,0,0,0.000000,0.000000,0.00,0.0,0.000,0,0.0,"-0.96,1.04,9.58","2.0,-1.4,1.5","-18.000,-31.950,4.200",0.02,15866,14990,0,99.00,0.000000,0.000000,0,0,0,0,-1.00,0.00,999.00,0.0,0,0,0,0,-64,-65.8,14990,4,14990
18:07:24,1.974,1613433,1613433,0,0,0,0.000000,0.000000,0.00,0.0,0.000,0,0.0,"-0.94,1.02,9.56","2.9,-3.4,-0.1","-18.900,-34.800,5.400",0.04,15867,14990,0,99.00,0.000000,0.000000,0,0,0,0,-1.00,0.00,999.00,0.0,0,0,0,0,-64,-65.8,14990,54,14990
18:07:24,2.012,1613483,1613483,0,0,0,0.000000,0.000000,0.00,0.0,0.000,0,0.0,"-0.97,1.13,9.59","2.5,-1.9,1.1","-19.650,-34.050,4.950",0.09,15867,14990,0,99.00,0.000000,0.000000,0,0,0,0,-1.00,0.00,999.00,0.0,0,0,0,0,-64,-65.8,14990,104,14990
18:07:24,2.096,1613534,1613534,0,0,0,0.000000,0.000000,0.00,0.0,0.000,0,0.0,"-0.98,1.06,9.59","-0.4,-0.6,-1.5","-19.650,-34.050,5.400",0.04,15868,14991,0,99.00,0.000000,0.000000,0,0,0,0,-1.00,0.00,999.00,0.0,0,0,0,0,-63,-65.2,14991,49,14991
18:07:24,2.130,1613584,1613584,0,0,0,0.000000,0.000000,0.00,0.0,0.000,0,0.0,"-0.95,1.02,9.54","1.5,-2.0,0.2","-18.300,-34.200,4.800",0.06,15868,14991,0,99.00,0.000000,0.000000,0,0,0,0,-1.00,0.00,999.00,0.0,0,0,0,0,-63,-65.2,14991,99,14991
18:07:24,2.224,1613639,1613639,0,0,0,0.000000,0.000000,0.00,0.0,0.000,0,0.0,"-0.98,1.11,9.58","-0.7,-3.6,0.2","-19.050,-34.200,6.000",0.07,15869,14992,0,99.00,0.000000,0.000000,0,0,0,0,-1.00,0.00,999.00,0.0,0,0,0,0,-64,-65.0,14992,43,14992
18:07:25,2.263,1613689,1613689,0,0,0,0.000000,0.000000,0.00,0.0,0.000,0,0.0,"-0.98,1.03,9.65","0.9,0.3,0.7","-19.950,-34.800,5.700",0.07,15869,14992,0,99.00,0.000000,0.000000,0,0,0,0,-1.00,0.00,999.00,0.0,0,0,0,0,-64,-65.0,14992,93,14992
18:07:25,2.375,1613739,1613739,0,0,0,0.000000,0.000000,0.00,0.0,0.000,0,0.0,"-0.99,1.03,9.65","3.1,-2.7,-1.6","-19.950,-34.350,5.400",0.07,15870,14992,0,99.00,0.000000,0.000000,0,0,0,0,-1.00,0.00,999.00,0.0,0,0,0,0,-64,-65.0,14992,143,14992
18:07:25,2.418,1613789,1613789,0,0,0,0.000000,0.000000,0.00,0.0,0.000,0,0.0,"-0.99,1.06,9.49","0.7,1.0,-1.1","-19.650,-33.150,4.200",0.12,15870,14992,0,99.00,0.000000,0.000000,0,0,0,0,-1.00,0.00,999.00,0.0,0,0,0,0,-64,-65.0,14992,193,14992
18:07:25,2.418,1613844,1613844,0,0,0,0.000000,0.000000,0.00,0.0,0.000,0,0.0,"-1.03,1.03,9.64","1.4,-1.1,-1.8","-17.550,-34.650,6.300",0.10,15871,14993,0,99.00,0.000000,0.000000,0,0,0,0,-1.00,0.00,999.00,0.0,0,0,0,0,-64,-64.8,14993,47,14993
18:07:25,2.418,1613894,1613894,0,0,0,0.000000,0.000000,0.00,0.0,0.000,0,0.0,"-0.94,1.17,9.65","3.6,-0.2,2.3","-20.100,-34.950,5.550",0.13,15871,14993,0,99.00,0.000000,0.000000,0,0,0,0,-1.00,0.00,999.00,0.0,0,0,0,0,-64,-64.8,14993,97,14993
18:07:25,2.511,1613947,1613947,0,0,0,0.000000,0.000000,0.00,0.0,0.000,0,0.0,"-0.87,0.92,9.61","-1.6,0.9,-0.4","-19.800,-33.000,4.500",0.15,15872,14994,0,99.00,0.000000,0.000000,0,0,0,0,-1.00,0.00,999.00,0.0,0,0,0,0,-64,-64.6,14994,52,14994
18:07:25,2.548,1613997,1613997,0,0,0,0.000000,0.000000,0.00,0.0,0.000,0,0.0,"-1.03,1.09,9.61","-0.4,2.2,-0.2","-19.650,-33.150,4.200",0.09,15872,14995,0,99.00,0.000000,0.000000,0,0,0,0,-1.00,0.00,999.00,0.0,0,0,0,0,-64,-64.5,14995,2,14995
18:07:25,2.647,1614047,1614047,0,0,0,0.000000,0.000000,0.00,0.0,0.000,0,0.0,"-0.89,1.03,9.67","3.8,-0.2,2.2","-18.900,-33.150,5.400",0.10,15873,14995,0,99.00,0.000000,0.000000,0,0,0,0,-1.00,0.00,999.00,0.0,0,0,0,0,-64,-64.5,14995,52,14995
18:07:25,2.697,1614097,1614097,0,0,0,0.000000,0.000000,0.00,0.0,0.000,0,0.0,"-0.95,1.13,9.58","1.5,-1.5,-0.7","-19.800,-34.200,6.000",0.08,15873,14995,0,99.00,0.000000,0.000000,0,0,0,0,-1.00,0.00,999.00,0.0,0,0,0,0,-64,-64.5,14995,102,14995
18:07:25,2.697,1614148,1614148,0,0,0,0.000000,0.000000,0.00,0.0,0.000,0,0.0,"-0.92,1.13,9.63","-1.2,2.2,-3.9","-19.050,-34.950,5.550",0.10,15874,14996,0,99.00,0.000000,0.000000,0,0,0,0,-1.00,0.00,999.00,0.0,0,0,0,0,-63,-64.2,14996,50,14996
18:07:25,2.697,1614198,1614198,0,0,0,0.000000,0.000000,0.00,0.0,0.000,0,0.0,"-1.00,1.05,9.61","-0.7,-2.6,-0.3","-21.000,-34.200,4.050",0.05,15874,14997,0,99.00,0.000000,0.000000,0,0,0,0,-1.00,0.00,999.00,0.0,0,0,0,0,-63,-64.0,14997,2,14997
18:07:25,2.792,1614248,1614248,0,0,0,0.000000,0.000000,0.00,0.0,0.000,0,0.0,"-0.92,1.13,9.62","-0.6,-0.4,-1.1","-19.350,-34.650,4.050",0.08,15875,14997,0,99.00,0.000000,0.000000,0,0,0,0,-1.00,0.00,999.00,0.0,0,0,0,0,-63,-64.0,14997,52,14997
18:07:25,2.835,1614298,1614298,0,0,0,0.000000,0.000000,0.00,0.0,0.000,0,0.0,"-1.01,1.10,9.55","1.3,-2.4,-0.8","-19.950,-32.850,6.900",0.09,15875,14997,0,99.00,0.000000,0.000000,0,0,0,0,-1.00,0.00,999.00,0.0,0,0,0,0,-63,-64.0,14997,102,14997
18:07:25,2.994,1614348,1614348,0,0,0,0.000000,0.000000,0.00,0.0,0.000,0,0.0,"-0.99,1.13,9.61","1.5,0.5,0.8","-19.950,-33.600,4.950",0.09,15876,14998,0,99.00,0.000000,0.000000,0,0,0,0,-1.00,0.00,999.00,0.0,0,0,0,0,-63,-63.8,14998,42,14998
18:07:25,3.164,1614549,1614549,0,0,0,0.000000,0.000000,0.00,0.0,0.000,0,0.0,"-0.98,0.93,9.67","0.9,-0.9,-1.6","-19.200,-33.150,4.950",0.14,15878,15000,0,99.00,0.000000,0.000000,0,0,0,0,-1.00,0.00,999.00,0.0,0,0,0,0,-63,-63.5,15000,46,15000
18:07:26,3.292,1614650,1614650,0,0,0,0.000000,0.000000,0.00,0.0,0.000,0,0.0,"-0.98,1.17,9.60","-0.5,2.9,-3.4","-19.200,-34.800,4.650",0.12,15879,15001,0,99.00,0.000000,0.000000,0,0,0,0,-1.00,0.00,999.00,0.0,0,0,0,0,-64,-63.6,15001,46,15001
18:07:26,3.329,1614700,1614700,0,0,0,0.000000,0.000000,0.00,0.0,0.000,0,0.0,"-0.97,1.13,9.56","0.0,-1.5,1.3","-19.650,-34.350,4.650",0.09,15879,15001,0,99.00,0.000000,0.000000,0,0,0,0,-1.00,0.00,999.00,0.0,0,0,0,0,-64,-63.6,15001,96,15001
18:07:26,3.329,1614750,1614750,0,0,0,0.000000,0.000000,0.00,0.0,0.000,0,0.0,"-1.00,0.95,9.66","0.9,1.1,1.1","-20.550,-33.450,5.550",0.12,15880,15002,0,99.00,0.000000,0.000000,0,0,0,0,-1.00,0.00,999.00,0.0,0,0,0,0,-63,-63.5,15002,30,15002
18:07:26,3.330,1614800,1614800,0,0,0,0.000000,0.000000,0.00,0.0,0.000,0,0.0,"-0.97,1.02,9.56","0.8,-1.8,1.7","-20.550,-34.950,3.750",0.06,15880,15002,0,99.00,0.000000,0.000000,0,0,0,0,-1.00,0.00,999.00,0.0,0,0,0,0,-63,-63.5,15002,80,15002
18:07:26,3.414,1614850,1614850,0,0,0,0.000000,0.000000,0.00,0.0,0.000,0,0.0,"-1.08,1.08,9.61","2.2,-3.1,-0.8","-17.700,-35.100,4.650",0.14,15881,15003,0,99.00,0.000000,0.000000,0,0,0,0,-1.00,0.00,999.00,0.0,0,0,0,0,-64,-63.6,15003,39,15003
18:07:26,3.541,1614955,1614955,0,0,0,0.000000,0.000000,0.00,0.0,0.000,0,0.0,"-0.97,1.00,9.60","2.4,-3.1,1.1","-20.700,-34.050,4.950",0.06,15882,15004,0,99.00,0.000000,0.000000,0,0,0,0,-1.00,0.00,999.00,0.0,0,0,0,0,-63,-63.5,15004,40,15004
18:07:26,3.579,1615005,1615005,0,0,0,0.000000,0.000000,0.00,0.0,0.000,0,0.0,"-1.05,1.07,9.60","1.8,-0.6,1.8","-21.150,-33.600,3.450",0.10,15882,15004,0,99.00,0.000000,0.000000,0,0,0,0,-1.00,0.00,999.00,0.0,0,0,0,0,-63,-63.5,15004,90,15004
18:07:26,3.714,1615055,1615055,0,0,0,0.000000,0.000000,0.00,0.0,0.000,0,0.0,"-0.87,0.95,9.75","0.2,-2.3,-1.6","-18.300,-34.200,5.250",0.20,15883,15004,0,99.00,0.000000,0.000000,0,0,0,0,-1.00,0.00,999.00,0.0,0,0,0,0,-63,-63.5,15004,140,15004
18:07:26,3.896,1615255,1615255,0,0,0,0.000000,0.000000,0.00,0.0,0.000,0,0.0,"-0.96,1.01,9.55","-0.6,-0.1,-1.5","-18.450,-33.150,4.950",0.06,15885,15006,0,99.00,0.000000,0.000000,0,0,0,0,-1.00,0.00,999.00,0.0,0,0,0,0,-60,-62.4,15006,42,15006
18:07:26,3.940,1615305,1615305,0,0,0,0.000000,0.000000,0.00,0.0,0.000,0,0.0,"-0.85,1.09,9.56","1.2,1.0,-0.3","-19.050,-34.200,4.050",0.11,15885,15006,0,99.00,0.000000,0.000000,0,0,0,0,-1.00,0.00,999.00,0.0,0,0,0,0,-60,-62.4,15006,92,15006
18:07:26,3.940,1615355,1615355,0,0,0,0.000000,0.000000,0.00,0.0,0.000,0,0.0,"-1.03,1.09,9.61","1.9,-0.2,0.9","-18.450,-34.800,4.200",0.09,15886,15007,0,99.00,0.000000,0.000000,0,0,0,0,-1.00,0.00,999.00,0.0,0,0,0,0,-58,-61.5,15007,39,15007
18:07:26,3.940,1615405,1615405,0,0,0,0.000000,0.000000,0.00,0.0,0.000,0,0.0,"-1.02,1.09,9.67","0.8,-2.8,0.5","-18.300,-34.650,5.250",0.11,15886,15007,0,99.00,0.000000,0.000000,0,0,0,0,-1.00,0.00,999.00,0.0,0,0,0,0,-58,-61.5,15007,89,15007
18:07:26,4.029,1615455,1615455,0,0,0,0.000000,0.000000,0.00,0.0,0.000,0,0.0,"-1.05,1.05,9.46","-0.4,-2.3,-0.7","-19.800,-33.450,4.800",0.16,15887,15008,0,99.00,0.000000,0.000000,0,0,0,0,-1.00,0.00,999.00,0.0,0,0,0,0,-59,-61.0,15008,34,15008
18:07:26,4.068,1615555,1615555,0,0,0,0.000000,0.000000,0.00,0.0,0.000,0,0.0,"-0.98,1.19,9.54","2.2,-1.9,-0.3","-19.800,-34.950,3.750",0.16,15888,15009,0,99.00,0.000000,0.000000,0,0,0,0,-1.00,0.00,999.00,0.0,0,0,0,0,-63,-61.4,15009,33,15009
18:07:26,4.158,1615605,1615605,0,0,0,0.000000,0.000000,0.00,0.0,0.000,0,0.0,"-0.91,1.04,9.55","-2.6,0.0,-2.0","-19.800,-35.700,5.250",0.06,15888,15009,0,99.00,0.000000,0.000000,0,0,0,0,-1.00,0.00,999.00,0.0,0,0,0,0,-63,-61.4,15009,83,15009
18:07:26,4.196,1615655,1615655,0,0,0,0.000000,0.000000,0.00,0.0,0.000,0,0.0,"-0.87,1.10,9.60","-0.1,-0.4,-1.3","-18.900,-33.150,4.950",0.09,15889,15010,0,99.00,0.000000,0.000000,0,0,0,0,-1.00,0.00,999.00,0.0,0,0,0,0,-66,-62.3,15010,31,15010
18:07:27,4.291,1615705,1615705,0,0,0,0.000000,0.000000,0.00,0.0,0.000,0,0.0,"-0.86,1.15,9.68","0.1,-0.3,-2.1","-19.050,-33.450,4.500",0.16,15889,15010,0,99.00,0.000000,0.000000,0,0,0,0,-1.00,0.00,999.00,0.0,0,0,0,0,-66,-62.3,15010,81,15010
18:07:27,4.330,1615760,1615760,0,0,0,0.000000,0.000000,0.00,0.0,0.000,0,0.0,"-0.85,1.13,9.66","-1.7,2.5,-3.9","-17.850,-34.800,4.200",0.14,15890,15011,0,99.00,0.000000,0.000000,0,0,0,0,-1.00,0.00,999.00,0.0,0,0,0,0,-62,-62.3,15011,31,15011
18:07:27,4.330,1615810,1615810,0,0,0,0.000000,0.000000,0.00,0.0,0.000,0,0.0,"-0.84,1.11,9.63","-0.4,3.5,-4.5","-20.100,-33.750,3.750",0.13,15890,15011,0,99.00,0.000000,0.000000,0,0,0,0,-1.00,0.00,999.00,0.0,0,0,0,0,-62,-62.3,15011,81,15011
18:07:27,4.440,1615919,1615908,0,0,0,0.000000,0.000000,0.00,0.0,0.000,0,0.0,"-0.91,1.04,9.48","0.7,-2.9,1.5","-19.200,-34.350,4.950",0.12,15891,15012,0,99.00,0.000000,0.000000,0,0,0,0,-1.00,0.00,999.00,0.0,0,0,0,0,-60,-61.8,15012,85,15012
18:07:27,4.484,1615969,1615969,0,0,0,0.000000,0.000000,0.00,0.0,0.000,0,0.0,"-0.96,1.03,9.61","-1.1,1.7,-0.5","-17.700,-32.400,4.650",0.02,15892,15013,0,99.00,0.000000,0.000000,0,0,0,0,-1.00,0.00,999.00,0.0,0,0,0,0,-61,-61.6,15013,40,15013
18:07:27,4.484,1616019,1616019,0,0,0,0.000000,0.000000,0.00,0.0,0.000,0,0.0,"-0.89,1.10,9.57","1.2,-1.0,-2.0","-19.650,-34.350,4.650",0.08,15892,15013,0,99.00,0.000000,0.000000,0,0,0,0,-1.00,0.00,999.00,0.0,0,0,0,0,-61,-61.6,15013,90,15013
18:07:27,4.662,1616069,1616069,0,0,0,0.000000,0.000000,0.00,0.0,0.000,0,0.0,"-0.96,1.13,9.50","0.6,0.9,2.1","-18.300,-32.250,4.500",0.12,15893,15014,0,99.00,0.000000,0.000000,0,0,0,0,-1.00,0.00,999.00,0.0,0,0,0,0,-60,-61.3,15014,39,15014
18:07:27,4.752,1616169,1616169,0,0,0,0.000000,0.000000,0.00,0.0,0.000,0,0.0,"-0.96,1.07,9.60","0.1,-1.4,-0.1","-19.200,-34.350,4.650",0.03,15894,15014,0,99.00,0.000000,0.000000,0,0,0,0,-1.00,0.00,999.00,0.0,0,0,0,0,-60,-61.3,15014,139,15014
18:07:27,4.752,1616219,1616219,0,0,0,0.000000,0.000000,0.00,0.0,0.000,0,0.0,"-0.99,1.05,9.61","0.2,-0.7,-0.4","-21.150,-34.350,5.700",0.05,15894,15014,0,99.00,0.000000,0.000000,0,0,0,0,-1.00,0.00,999.00,0.0,0,0,0,0,-60,-61.3,15014,189,15014
18:07:27,4.862,1616274,1616274,0,0,0,0.000000,0.000000,0.00,0.0,0.000,0,0.0,"-0.92,0.99,9.72","2.3,-0.2,-0.3","-19.950,-34.050,5.700",0.14,15895,15015,0,99.00,0.000000,0.000000,0,0,0,0,-1.00,0.00,999.00,0.0,0,0,0,0,-57,-60.5,15015,39,15015
18:07:27,4.919,1616324,1616324,0,0,0,0.000000,0.000000,0.00,0.0,0.000,0,0.0,"-1.03,1.24,9.63","3.5,-1.5,-0.0","-18.300,-34.950,6.000",0.21,15895,15015,0,99.00,0.000000,0.000000,0,0,0,0,-1.00,0.00,999.00,0.0,0,0,0,0,-57,-60.5,15015,89,15015
18:07:27,5.012,1616374,1616374,0,0,0,0.000000,0.000000,0.00,0.0,0.000,0,0.0,"-0.99,1.16,9.60","2.0,-1.4,0.8","-18.300,-34.950,6.000",0.12,15896,15016,0,99.00,0.000000,0.000000,0,0,0,0,-1.00,0.00,999.00,0.0,0,0,0,0,-55,-59.4,15016,37,15016
18:07:27,5.051,1616474,1616474,0,0,0,0.000000,0.000000,0.00,0.0,0.000,0,0.0,"-0.96,1.14,9.53","0.1,1.9,0.1","-19.800,-33.750,5.550",0.11,15897,15017,0,99.00,0.000000,0.000000,0,0,0,0,-1.00,0.00,999.00,0.0,0,0,0,0,-54,-58.3,15017,42,15017
18:07:27,5.141,1616524,1616524,0,0,0,0.000000,0.000000,0.00,0.0,0.000,0,0.0,"-0.92,1.09,9.73","1.6,0.4,-1.5","-21.300,-35.400,4.800",0.13,15897,15017,0,99.00,0.000000,0.000000,0,0,0,0,-1.00,0.00,999.00,0.0,0,0,0,0,-54,-58.3,15017,92,15017
18:07:27,5.180,1616579,1616579,0,0,0,0.000000,0.000000,0.00,0.0,0.000,0,0.0,"-0.80,1.08,9.51","0.3,0.2,3.0","-21.000,-33.750,5.250",0.18,15898,15018,0,99.00,0.000000,0.000000,0,0,0,0,-1.00,0.00,999.00,0.0,0,0,0,0,-53,-57.2,15018,38,15018
18:07:28,5.264,1616629,1616629,0,0,0,0.000000,0.000000,0.00,0.0,0.000,0,0.0,"-0.97,1.01,9.58","-0.3,0.5,-3.2","-20.100,-35.700,4.050",0.05,15898,15018,0,99.00,0.000000,0.000000,0,0,0,0,-1.00,0.00,999.00,0.0,0,0,0,0,-53,-57.2,15018,88,15018
18:07:28,5.299,1616729,1616729,0,0,0,0.000000,0.000000,0.00,0.0,0.000,0,0.0,"-0.89,1.00,9.59","1.6,-1.6,-0.4","-19.650,-34.800,5.400",0.08,15899,15019,0,99.00,0.000000,0.000000,0,0,0,0,-1.00,0.00,999.00,0.0,0,0,0,0,-52,-56.2,15019,86,15019
18:07:28,5.300,1616779,1616779,0,0,0,0.000000,0.000000,0.00,0.0,0.000,0,0.0,"-0.90,1.06,9.63","0.2,1.4,-3.2","-17.850,-33.450,5.250",0.05,15900,15020,0,99.00,0.000000,0.000000,0,0,0,0,-1.00,0.00,999.00,0.0,0,0,0,0,-53,-55.5,15020,25,15020
18:07:28,5.300,1616829,1616829,0,0,0,0.000000,0.000000,0.00,0.0,0.000,0,0.0,"-0.91,1.09,9.45","2.3,1.8,-1.1","-19.200,-34.050,4.950",0.15,15900,15020,0,99.00,0.000000,0.000000,0,0,0,0,-1.00,0.00,999.00,0.0,0,0,0,0,-53,-55.5,15020,75,15020
18:07:28,5.391,1616879,1616879,0,0,0,0.000000,0.000000,0.00,0.0,0.000,0,0.0,"-1.05,1.04,9.71","0.5,-0.2,-0.8","-21.150,-34.350,5.400",0.15,15901,15021,0,99.00,0.000000,0.000000,0,0,0,0,-1.00,0.00,999.00,0.0,0,0,0,0,-53,-55.0,15021,28,15021
18:07:28,5.431,1616933,1616933,0,0,0,0.000000,0.000000,0.00,0.0,0.000,0,0.0,"-1.01,1.19,9.53","0.2,-0.4,3.0","-19.650,-32.850,6.150",0.16,15901,15021,0,99.00,0.000000,0.000000,0,0,0,0,-1.00,0.00,999.00,0.0,0,0,0,0,-53,-55.0,15021,82,15021
18:07:28,5.525,1616988,1616988,0,0,0,0.000000,0.000000,0.00,0.0,0.000,0,0.0,"-0.82,1.08,9.62","0.5,-0.6,0.1","-18.900,-34.350,4.950",0.13,15902,15022,0,99.00,0.000000,0.000000,0,0,0,0,-1.00,0.00,999.00,0.0,0,0,0,0,-54,-54.8,15022,37,15022
18:07:28,5.563,1617038,1617038,0,0,0,0.000000,0.000000,0.00,0.0,0.000,0,0.0,"-0.94,1.12,9.66","0.3,-2.7,-1.2","-18.300,-34.200,4.500",0.09,15902,15022,0,99.00,0.000000,0.000000,0,0,0,0,-1.00,0.00,999.00,0.0,0,0,0,0,-54,-54.8,15022,87,15022
18:07:28,5.658,1617088,1617088,0,0,0,0.000000,0.000000,0.00,0.0,0.000,0,0.0,"-0.91,0.92,9.63","0.1,-2.3,-1.8","-19.350,-34.200,4.800",0.14,15903,15023,0,99.00,0.000000,0.000000,0,0,0,0,-1.00,0.00,999.00,0.0,0,0,0,0,-53,-54.5,15023,37,15023
18:07:28,5.780,1617238,1617238,0,0,0,0.000000,0.000000,0.00,0.0,0.000,0,0.0,"-1.00,1.00,9.65","-0.5,-0.6,-2.8","-18.600,-34.650,4.500",0.10,15904,15024,0,99.00,0.000000,0.000000,0,0,0,0,-1.00,0.00,999.00,0.0,0,0,0,0,-53,-54.2,15024,89,15024
18:07:28,5.815,1617288,1617288,0,0,0,0.000000,0.000000,0.00,0.0,0.000,0,0.0,"-0.84,1.06,9.73","-1.2,-0.1,-0.9","-19.200,-33.150,4.950",0.17,15905,15025,0,99.00,0.000000,0.000000,0,0,0,0,-1.00,0.00,999.00,0.0,0,0,0,0,-51,-53.5,15025,38,15025
18:07:28,5.907,1617338,1617338,0,0,0,0.000000,0.000000,0.00,0.0,0.000,0,0.0,"-0.95,1.06,9.63","0.2,1.9,-4.3","-20.100,-34.650,4.800",0.03,15905,15025,0,99.00,0.000000,0.000000,0,0,0,0,-1.00,0.00,999.00,0.0,0,0,0,0,-51,-53.5,15025,88,15025
18:07:28,6.029,1617388,1617388,0,0,0,0.000000,0.000000,0.00,0.0,0.000,0,0.0,"-1.06,1.21,9.58","0.7,0.4,-4.1","-21.000,-33.000,5.250",0.20,15906,15026,0,99.00,0.000000,0.000000,0,0,0,0,-1.00,0.00,999.00,0.0,0,0,0,0,-51,-53.0,15026,40,15026
18:07:28,6.063,1617493,1617493,0,0,0,0.000000,0.000000,0.00,0.0,0.000,0,0.0,"-1.07,1.05,9.64","2.9,-2.3,-0.3","-19.050,-34.950,4.050",0.14,15907,15027,0,99.00,0.000000,0.000000,0,0,0,0,-1.00,0.00,999.00,0.0,0,0,0,0,-52,-52.8,15027,38,15027
18:07:28,6.147,1617543,1617543,0,0,0,0.000000,0.000000,0.00,0.0,0.000,0,0.0,"-1.05,1.01,9.59","2.1,-0.8,-1.0","-17.250,-34.350,4.650",0.13,15907,15027,0,99.00,0.000000,0.000000,0,0,0,0,-1.00,0.00,999.00,0.0,0,0,0,0,-52,-52.8,15027,88,15027
18:07:28,6.182,1617593,1617593,0,0,0,0.000000,0.000000,0.00,0.0,0.000,0,0.0,"-0.89,1.18,9.66","2.3,-3.1,-1.5","-20.100,-34.200,4.500",0.14,15908,15028,0,99.00,0.000000,0.000000,0,0,0,0,-1.00,0.00,999.00,0.0,0,0,0,0,-52,-52.7,15028,27,15028
18:07:28,6.182,1617643,1617643,0,0,0,0.000000,0.000000,0.00,0.0,0.000,0,0.0,"-0.94,1.09,9.60","0.8,-0.5,1.1","-18.300,-35.400,4.800",0.03,15908,15028,0,99.00,0.000000,0.000000,0,0,0,0,-1.00,0.00,999.00,0.0,0,0,0,0,-52,-52.7,15028,77,15028
18:07:29,6.274,1617693,1617693,0,0,0,0.000000,0.000000,0.00,0.0,0.000,0,0.0,"-0.91,0.99,9.67","2.6,-2.6,0.9","-19.950,-36.300,3.450",0.10,15909,15029,0,99.00,0.000000,0.000000,0,0,0,0,-1.00,0.00,999.00,0.0,0,0,0,0,-53,-52.7,15029,21,15029
18:07:29,6.313,1617798,1617798,0,0,0,0.000000,0.000000,0.00,0.0,0.000,0,0.0,"-0.96,1.21,9.52","1.2,-0.5,1.6","-18.900,-34.350,5.700",0.17,15910,15030,0,99.00,0.000000,0.000000,0,0,0,0,-1.00,0.00,999.00,0.0,0,0,0,0,-54,-53.0,15030,34,15030
18:07:29,6.313,1617848,1617848,0,0,0,0.000000,0.000000,0.00,0.0,0.000,0,0.0,"-0.90,0.97,9.64","4.2,-0.0,1.2","-19.200,-33.150,5.700",0.11,15910,15030,0,99.00,0.000000,0.000000,0,0,0,0,-1.00,0.00,999.00,0.0,0,0,0,0,-54,-53.0,15030,84,15030
18:07:29,6.408,1617903,1617903,0,0,0,0.000000,0.000000,0.00,0.0,0.000,0,0.0,"-0.96,1.04,9.56","0.4,-3.4,0.7","-19.350,-33.000,5.550",0.04,15911,15031,0,99.00,0.000000,0.000000,0,0,0,0,-1.00,0.00,999.00,0.0,0,0,0,0,-54,-53.2,15031,37,15031
18:07:29,6.626,1618012,1618012,0,0,0,0.000000,0.000000,0.00,0.0,0.000,0,0.0,"-0.85,1.14,9.52","3.4,-0.4,0.7","-19.200,-35.550,5.700",0.14,15912,15032,0,99.00,0.000000,0.000000,0,0,0,0,-1.00,0.00,999.00,0.0,0,0,0,0,-55,-53.5,15032,45,15032
18:07:29,6.697,1618113,1618113,0,0,0,0.000000,0.000000,0.00,0.0,0.000,0,0.0,"-0.90,1.06,9.62","-0.4,0.3,-2.1","-18.900,-34.800,6.150",0.05,15913,15033,0,99.00,0.000000,0.000000,0,0,0,0,-1.00,0.00,999.00,0.0,0,0,0,0,-53,-53.4,15033,49,15033
18:07:29,6.812,1618163,1618163,0,0,0,0.000000,0.000000,0.00,0.0,0.000,0,0.0,"-0.93,1.15,9.61","0.8,0.6,-0.7","-19.950,-36.000,4.650",0.09,15913,15033,0,99.00,0.000000,0.000000,0,0,0,0,-1.00,0.00,999.00,0.0,0,0,0,0,-53,-53.4,15033,99,15033
18:07:29,6.869,1618218,1618218,0,0,0,0.000000,0.000000,0.00,0.0,0.000,0,0.0,"-1.10,1.00,9.60","0.2,-1.3,-2.6","-18.450,-35.550,4.650",0.17,15914,15034,0,99.00,0.000000,0.000000,0,0,0,0,-1.00,0.00,999.00,0.0,0,0,0,0,-55,-53.8,15034,45,15034
18:07:29,6.869,1618268,1618268,0,0,0,0.000000,0.000000,0.00,0.0,0.000,0,0.0,"-0.99,0.96,9.62","-1.4,-1.8,-1.6","-20.550,-33.750,7.050",0.10,15914,15034,0,99.00,0.000000,0.000000,0,0,0,0,-1.00,0.00,999.00,0.0,0,0,0,0,-55,-53.8,15034,95,15034
18:07:29,6.869,1618319,1618319,0,0,0,0.000000,0.000000,0.00,0.0,0.000,0,0.0,"-0.90,1.03,9.62","-1.5,-2.2,-1.9","-18.600,-33.750,5.250",0.05,15915,15035,0,99.00,0.000000,0.000000,0,0,0,0,-1.00,0.00,999.00,0.0,0,0,0,0,-56,-54.2,15035,50,15035
18:07:29,6.963,1618369,1618369,0,0,0,0.000000,0.000000,0.00,0.0,0.000,0,0.0,"-0.87,1.07,9.59","-0.0,-0.7,-0.9","-19.350,-34.650,6.000",0.08,15915,15036,0,99.00,0.000000,0.000000,0,0,0,0,-1.00,0.00,999.00,0.0,0,0,0,0,-57,-54.8,15036,1,15036
18:07:29,7.007,1618420,1618420,0,0,0,0.000000,0.000000,0.00,0.0,0.000,0,0.0,"-0.89,1.03,9.71","2.1,1.9,-0.6","-17.850,-34.200,5.550",0.12,15916,15036,0,99.00,0.000000,0.000000,0,0,0,0,-1.00,0.00,999.00,0.0,0,0,0,0,-57,-54.8,15036,52,15036
18:07:29,7.095,1618470,1618470,0,0,0,0.000000,0.000000,0.00,0.0,0.000,0,0.0,"-0.99,1.12,9.63","1.6,-3.0,-0.4","-17.100,-34.950,5.250",0.09,15916,15036,0,99.00,0.000000,0.000000,0,0,0,0,-1.00,0.00,999.00,0.0,0,0,0,0,-57,-54.8,15036,102,15036
18:07:29,7.139,1618521,1618521,0,0,0,0.000000,0.000000,0.00,0.0,0.000,0,0.0,"-0.90,1.02,9.55","0.1,0.0,0.6","-18.600,-34.650,4.800",0.07,15917,15037,0,99.00,0.000000,0.000000,0,0,0,0,-1.00,0.00,999.00,0.0,0,0,0,0,-59,-55.6,15037,47,15037
18:07:29,7.226,1618571,1618571,0,0,0,0.000000,0.000000,0.00,0.0,0.000,0,0.0,"-0.98,1.12,9.65","0.3,-2.3,-0.5","-19.950,-34.800,4.650",0.10,15917,15037,0,99.00,0.000000,0.000000,0,0,0,0,-1.00,0.00,999.00,0.0,0,0,0,0,-59,-55.6,15037,97,15037
18:07:30,7.266,1618727,1618727,0,0,0,0.000000,0.000000,0.00,0.0,0.000,0,0.0,"-1.02,1.10,9.70","0.8,0.1,-1.0","-20.100,-34.650,3.750",0.13,15919,15039,0,99.00,0.000000,0.000000,0,0,0,0,-1.00,0.00,999.00,0.0,0,0,0,0,-61,-57.2,15039,44,15039
18:07:30,7.357,1618828,1618828,0,0,0,0.000000,0.000000,0.00,0.0,0.000,0,0.0,"-1.02,1.08,9.65","0.2,-0.0,-1.3","-19.950,-34.350,4.950",0.09,15920,15040,0,99.00,0.000000,0.000000,0,0,0,0,-1.00,0.00,999.00,0.0,0,0,0,0,-62,-58.2,15040,43,15040
18:07:30,7.395,1618878,1618878,0,0,0,0.000000,0.000000,0.00,0.0,0.000,0,0.0,"-0.92,1.07,9.70","1.8,0.2,-2.7","-18.900,-35.100,6.150",0.10,15920,15040,0,99.00,0.000000,0.000000,0,0,0,0,-1.00,0.00,999.00,0.0,0,0,0,0,-62,-58.2,15040,93,15040
18:07:30,7.479,1618933,1618933,0,0,0,0.000000,0.000000,0.00,0.0,0.000,0,0.0,"-0.92,1.05,9.66","-0.1,3.3,-1.7","-19.350,-35.700,3.300",0.07,15921,15041,0,99.00,0.000000,0.000000,0,0,0,0,-1.00,0.00,999.00,0.0,0,0,0,0,-62,-58.9,15041,49,15041
18:07:30,7.595,1618983,1618983,0,0,0,0.000000,0.000000,0.00,0.0,0.000,0,0.0,"-1.00,1.06,9.64","-0.5,-0.2,-0.2","-20.400,-34.350,5.400",0.08,15921,15041,0,99.00,0.000000,0.000000,0,0,0,0,-1.00,0.00,999.00,0.0,0,0,0,0,-62,-58.9,15041,99,15041
18:07:30,7.714,1619135,1619135,0,0,0,0.000000,0.000000,0.00,0.0,0.000,0,0.0,"-0.84,1.01,9.68","0.9,-0.2,-2.1","-19.800,-33.450,5.550",0.13,15923,15043,0,99.00,0.000000,0.000000,0,0,0,0,-1.00,0.00,999.00,0.0,0,0,0,0,-70,-62.4,15043,51,15043
18:07:30,7.841,1619286,1619286,0,0,0,0.000000,0.000000,0.00,0.0,0.000,0,0.0,"-0.91,1.11,9.62","-1.6,2.1,-3.7","-19.800,-33.750,4.800",0.07,15924,15044,0,99.00,0.000000,0.000000,0,0,0,0,-1.00,0.00,999.00,0.0,0,0,0,0,-70,-64.0,15044,101,15044
18:07:30,7.879,1619337,1619337,0,0,0,0.000000,0.000000,0.00,0.0,0.000,0,0.0,"-0.90,1.05,9.57","1.0,1.3,-0.4","-20.550,-34.650,4.050",0.05,15925,15045,0,99.00,0.000000,0.000000,0,0,0,0,-1.00,0.00,999.00,0.0,0,0,0,0,-70,-65.2,15045,51,15045
18:07:30,7.963,1619387,1619387,0,0,0,0.000000,0.000000,0.00,0.0,0.000,0,0.0,"-0.97,1.05,9.60","1.9,-1.2,0.7","-19.650,-33.600,6.150",0.03,15925,15045,0,99.00,0.000000,0.000000,0,0,0,0,-1.00,0.00,999.00,0.0,0,0,0,0,-70,-65.2,15045,101,15045
18:07:30,7.998,1619438,1619438,0,0,0,0.000000,0.000000,0.00,0.0,0.000,0,0.0,"-1.02,1.00,9.56","-0.2,-1.9,0.1","-18.600,-34.200,6.300",0.10,15926,15046,0,99.00,0.000000,0.000000,0,0,0,0,-1.00,0.00,999.00,0.0,0,0,0,0,-69,-65.9,15046,51,15046
18:07:30,8.091,1619488,1619488,0,0,0,0.000000,0.000000,0.00,0.0,0.000,0,0.0,"-0.85,0.97,9.64","0.5,0.0,2.5","-19.950,-34.350,4.200",0.13,15926,15046,0,99.00,0.000000,0.000000,0,0,0,0,-1.00,0.00,999.00,0.0,0,0,0,0,-69,-65.9,15046,101,15046
18:07:30,8.130,1619539,1619539,0,0,0,0.000000,0.000000,0.00,0.0,0.000,0,0.0,"-0.96,1.06,9.52","-1.9,0.8,-0.4","-18.600,-34.950,3.750",0.08,15927,15047,0,99.00,0.000000,0.000000,0,0,0,0,-1.00,0.00,999.00,0.0,0,0,0,0,-74,-67.5,15047,46,15047
18:07:30,8.130,1619589,1619589,0,0,0,0.000000,0.000000,0.00,0.0,0.000,0,0.0,"-0.89,1.07,9.60","-0.0,-0.9,-1.0","-18.600,-34.200,4.050",0.06,15927,15047,0,99.00,0.000000,0.000000,0,0,0,0,-1.00,0.00,999.00,0.0,0,0,0,0,-74,-67.5,15047,96,15047
18:07:30,8.214,1619640,1619640,0,0,0,0.000000,0.000000,0.00,0.0,0.000,0,0.0,"-0.93,1.00,9.62","-0.6,-0.2,-0.8","-20.100,-34.650,5.550",0.06,15928,15048,0,99.00,0.000000,0.000000,0,0,0,0,-1.00,0.00,999.00,0.0,0,0,0,0,-74,-68.8,15048,46,15048
18:07:30,8.249,1619690,1619690,0,0,0,0.000000,0.000000,0.00,0.0,0.000,0,0.0,"-0.94,1.01,9.67","0.5,-2.0,-0.6","-20.550,-34.950,4.800",0.08,15928,15048,0,99.00,0.000000,0.000000,0,0,0,0,-1.00,0.00,999.00,0.0,0,0,0,0,-74,-68.8,15048,96,15048
18:07:31,8.341,1619795,1619795,0,0,0,0.000000,0.000000,0.00,0.0,0.000,0,0.0,"-0.93,1.11,9.65","-0.1,1.3,-0.9","-18.450,-34.050,5.700",0.08,15929,15049,0,99.00,0.000000,0.000000,0,0,0,0,-1.00,0.00,999.00,0.0,0,0,0,0,-74,-69.9,15049,94,15049
18:07:31,8.380,1619850,1619850,0,0,0,0.000000,0.000000,0.00,0.0,0.000,0,0.0,"-0.94,0.97,9.56","1.8,-0.7,0.2","-17.850,-33.750,5.250",0.08,15930,15050,0,99.00,0.000000,0.000000,0,0,0,0,-1.00,0.00,999.00,0.0,0,0,0,0,-70,-69.9,15050,45,15050
18:07:31,8.380,1619900,1619900,0,0,0,0.000000,0.000000,0.00,0.0,0.000,0,0.0,"-0.86,1.01,9.54","-0.3,-1.2,-0.9","-19.200,-34.350,4.650",0.10,15930,15050,0,99.00,0.000000,0.000000,0,0,0,0,-1.00,0.00,999.00,0.0,0,0,0,0,-70,-69.9,15050,95,15050
18:07:31,8.475,1619952,1619952,0,0,0,0.000000,0.000000,0.00,0.0,0.000,0,0.0,"-0.86,1.16,9.62","-0.0,1.6,-4.1","-19.800,-34.950,4.800",0.14,15931,15051,0,99.00,0.000000,0.000000,0,0,0,0,-1.00,0.00,999.00,0.0,0,0,0,0,-69,-69.7,15051,44,15051
18:07:31,8.513,1620002,1620002,0,0,0,0.000000,0.000000,0.00,0.0,0.000,0,0.0,"-1.05,1.07,9.54","-2.3,-0.6,-3.5","-20.700,-33.600,4.200",0.12,15931,15051,0,99.00,0.000000,0.000000,0,0,0,0,-1.00,0.00,999.00,0.0,0,0,0,0,-69,-69.7,15051,94,15051
18:07:31,8.717,1620053,1620053,0,0,0,0.000000,0.000000,0.00,0.0,0.000,0,0.0,"-1.06,1.07,9.68","1.7,0.0,1.1","-19.200,-32.850,5.400",0.14,15932,15052,0,99.00,0.000000,0.000000,0,0,0,0,-1.00,0.00,999.00,0.0,0,0,0,0,-69,-69.6,15052,50,15052
18:07:31,8.991,1620255,1620255,0,0,0,0.000000,0.000000,0.00,0.0,0.000,0,0.0,"-0.89,1.11,9.52","0.6,-0.5,-1.5","-19.800,-34.200,3.750",0.10,15934,15054,0,99.00,0.000000,0.000000,0,0,0,0,-1.00,0.00,999.00,0.0,0,0,0,0,-80,-71.9,15054,51,15054
18:07:31,9.080,1620305,1620305,0,0,0,0.000000,0.000000,0.00,0.0,0.000,0,0.0,"-0.96,0.99,9.58","0.6,3.6,-3.8","-19.200,-34.050,5.400",0.08,15934,15055,0,99.00,0.000000,0.000000,0,0,0,0,-1.00,0.00,999.00,0.0,0,0,0,0,-80,-73.5,15055,1,15055
18:07:31,9.081,1620355,1620355,0,0,0,0.000000,0.000000,0.00,0.0,0.000,0,0.0,"-0.84,0.95,9.56","0.6,-1.7,0.7","-20.700,-34.350,4.950",0.15,15935,15055,0,99.00,0.000000,0.000000,0,0,0,0,-1.00,0.00,999.00,0.0,0,0,0,0,-80,-73.5,15055,51,15055
18:07:31,9.081,1620405,1620405,0,0,0,0.000000,0.000000,0.00,0.0,0.000,0,0.0,"-0.98,1.06,9.54","3.7,0.8,0.5","-19.650,-34.350,5.400",0.06,15935,15056,0,99.00,0.000000,0.000000,0,0,0,0,-1.00,0.00,999.00,0.0,0,0,0,0,-75,-73.8,15056,2,15056
18:07:31,9.081,1620455,1620455,0,0,0,0.000000,0.000000,0.00,0.0,0.000,0,0.0,"-0.98,1.02,9.56","0.3,0.8,-0.6","-19.950,-33.150,6.150",0.04,15936,15056,0,99.00,0.000000,0.000000,0,0,0,0,-1.00,0.00,999.00,0.0,0,0,0,0,-75,-73.8,15056,52,15056
18:07:31,9.191,1620505,1620505,0,0,0,0.000000,0.000000,0.00,0.0,0.000,0,0.0,"-0.79,1.07,9.62","1.1,-0.5,0.7","-18.300,-34.200,5.250",0.16,15936,15056,0,99.00,0.000000,0.000000,0,0,0,0,-1.00,0.00,999.00,0.0,0,0,0,0,-75,-73.8,15056,102,15056
18:07:31,9.240,1620555,1620555,0,0,0,0.000000,0.000000,0.00,0.0,0.000,0,0.0,"-0.89,1.08,9.48","3.5,1.5,2.1","-18.900,-35.550,4.650",0.14,15937,15057,0,99.00,0.000000,0.000000,0,0,0,0,-1.00,0.00,999.00,0.0,0,0,0,0,-69,-72.8,15057,41,15057
18:07:31,9.240,1620605,1620605,0,0,0,0.000000,0.000000,0.00,0.0,0.000,0,0.0,"-0.97,1.04,9.62","-0.5,-0.3,-2.6","-18.000,-34.800,5.400",0.03,15937,15057,0,99.00,0.000000,0.000000,0,0,0,0,-1.00,0.00,999.00,0.0,0,0,0,0,-69,-72.8,15057,91,15057
18:07:31,9.246,1620656,1620656,0,0,0,0.000000,0.000000,0.00,0.0,0.000,0,0.0,"-1.03,1.12,9.53","1.5,-0.9,-0.4","-18.900,-34.800,4.650",0.13,15938,15058,0,99.00,0.000000,0.000000,0,0,0,0,-1.00,0.00,999.00,0.0,0,0,0,0,-79,-74.1,15058,47,15058
18:07:32,9.341,1620706,1620706,0,0,0,0.000000,0.000000,0.00,0.0,0.000,0,0.0,"-1.00,1.16,9.62","2.9,0.1,3.0","-18.450,-33.600,5.400",0.12,15938,15058,0,99.00,0.000000,0.000000,0,0,0,0,-1.00,0.00,999.00,0.0,0,0,0,0,-79,-74.1,15058,97,15058
18:07:32,9.381,1620856,1620856,0,0,0,0.000000,0.000000,0.00,0.0,0.000,0,0.0,"-0.97,1.08,9.58","-0.3,0.8,-0.9","-17.100,-34.650,3.750",0.03,15940,15059,0,99.00,0.000000,0.000000,0,0,0,0,-1.00,0.00,999.00,0.0,0,0,0,0,-85,-76.3,15059,40,15059
18:07:32,9.473,1620906,1620906,0,0,0,0.000000,0.000000,0.00,0.0,0.000,0,0.0,"-0.96,0.99,9.55","-0.6,2.3,-1.4","-18.300,-36.600,5.250",0.07,15940,15059,0,99.00,0.000000,0.000000,0,0,0,0,-1.00,0.00,999.00,0.0,0,0,0,0,-85,-76.3,15059,90,15059
18:07:32,9.512,1620960,1620960,0,0,0,0.000000,0.000000,0.00,0.0,0.000,0,0.0,"-0.97,1.16,9.57","-0.9,0.0,-0.3","-18.900,-34.050,4.950",0.11,15941,15059,0,99.00,0.000000,0.000000,0,0,0,0,-1.00,0.00,999.00,0.0,0,0,0,0,-85,-76.3,15059,144,15059
18:07:32,9.595,1621010,1621010,0,0,0,0.000000,0.000000,0.00,0.0,0.000,0,0.0,"-0.87,1.13,9.60","0.2,-0.3,-0.3","-19.650,-32.850,3.450",0.11,15941,15059,0,99.00,0.000000,0.000000,0,0,0,0,-1.00,0.00,999.00,0.0,0,0,0,0,-85,-76.3,15059,194,15059
18:07:32,9.630,1621060,1621060,0,0,0,0.000000,0.000000,0.00,0.0,0.000,0,0.0,"-1.06,1.09,9.62","-0.7,-2.9,1.4","-18.900,-35.100,5.700",0.11,15942,15060,0,99.00,0.000000,0.000000,0,0,0,0,-1.00,0.00,999.00,0.0,0,0,0,0,-78,-76.6,15060,38,15060
18:07:32,9.725,1621110,1621110,0,0,0,0.000000,0.000000,0.00,0.0,0.000,0,0.0,"-0.96,1.02,9.60","-1.3,0.9,-2.0","-17.850,-34.650,3.750",0.04,15942,15060,0,99.00,0.000000,0.000000,0,0,0,0,-1.00,0.00,999.00,0.0,0,0,0,0,-78,-76.6,15060,88,15060
18:07:32,9.763,1621160,1621160,0,0,0,0.000000,0.000000,0.00,0.0,0.000,0,0.0,"-0.95,1.02,9.57","-0.5,-0.1,2.7","-19.350,-34.200,4.800",0.05,15943,15061,0,99.00,0.000000,0.000000,0,0,0,0,-1.00,0.00,999.00,0.0,0,0,0,0,-78,-76.9,15061,42,15061
18:07:32,9.764,1621210,1621210,0,0,0,0.000000,0.000000,0.00,0.0,0.000,0,0.0,"-0.93,1.05,9.59","2.9,-3.0,2.5","-19.950,-34.800,4.200",0.03,15943,15061,0,99.00,0.000000,0.000000,0,0,0,0,-1.00,0.00,999.00,0.0,0,0,0,0,-78,-76.9,15061,92,15061
18:07:32,9.857,1621260,1621260,0,0,0,0.000000,0.000000,0.00,0.0,0.000,0,0.0,"-0.93,0.98,9.60","-1.6,1.1,0.9","-19.800,-34.200,4.500",0.08,15944,15062,0,99.00,0.000000,0.000000,0,0,0,0,-1.00,0.00,999.00,0.0,0,0,0,0,-75,-76.5,15062,40,15062
18:07:32,9.896,1621360,1621360,0,0,0,0.000000,0.000000,0.00,0.0,0.000,0,0.0,"-0.87,1.09,9.65","-0.4,2.5,-2.6","-19.350,-33.450,6.000",0.10,15945,15063,0,99.00,0.000000,0.000000,0,0,0,0,-1.00,0.00,999.00,0.0,0,0,0,0,-74,-76.0,15063,40,15063
18:07:32,9.979,1621410,1621410,0,0,0,0.000000,0.000000,0.00,0.0,0.000,0,0.0,"-0.98,1.10,9.48","-1.0,1.6,0.6","-19.050,-33.750,4.500",0.14,15945,15063,0,99.00,0.000000,0.000000,0,0,0,0,-1.00,0.00,999.00,0.0,0,0,0,0,-74,-76.0,15063,90,15063
18:07:32,10.013,1621460,1621460,0,0,0,0.000000,0.000000,0.00,0.0,0.000,0,0.0,"-0.95,1.04,9.58","0.9,-2.5,1.3","-18.900,-33.150,4.950",0.03,15946,15064,0,99.00,0.000000,0.000000,0,0,0,0,-1.00,0.00,999.00,0.0,0,0,0,0,-75,-75.8,15064,35,15064
18:07:32,10.014,1621510,1621510,0,0,0,0.000000,0.000000,0.00,0.0,0.000,0,0.0,"-1.01,0.97,9.66","1.7,-0.8,1.1","-19.950,-34.800,4.200",0.12,15946,15064,0,99.00,0.000000,0.000000,0,0,0,0,-1.00,0.00,999.00,0.0,0,0,0,0,-75,-75.8,15064,85,15064
18:07:32,10.096,1621560,1621560,0,0,0,0.000000,0.000000,0.00,0.0,0.000,0,0.0,"-0.90,0.99,9.68","1.0,-5.5,1.6","-21.300,-34.650,5.550",0.11,15947,15065,0,99.00,0.000000,0.000000,0,0,0,0,-1.00,0.00,999.00,0.0,0,0,0,0,-78,-76.2,15065,33,15065
18:07:32,10.131,1621660,1621660,0,0,0,0.000000,0.000000,0.00,0.0,0.000,0,0.0,"-0.94,0.91,9.67","1.7,-2.4,0.2","-18.600,-36.150,6.000",0.14,15948,15066,0,99.00,0.000000,0.000000,0,0,0,0,-1.00,0.00,999.00,0.0,0,0,0,0,-79,-76.8,15066,25,15066
18:07:32,10.224,1621710,1621710,0,0,0,0.000000,0.000000,0.00,0.0,0.000,0,0.0,"-0.88,1.03,9.53","-1.1,1.2,0.5","-20.100,-33.000,4.800",0.09,15948,15066,0,99.00,0.000000,0.000000,0,0,0,0,-1.00,0.00,999.00,0.0,0,0,0,0,-79,-76.8,15066,75,15066
18:07:33,10.263,1621760,1621760,0,0,0,0.000000,0.000000,0.00,0.0,0.000,0,0.0,"-0.99,1.02,9.57","1.0,1.8,-1.1","-18.900,-34.050,6.150",0.06,15949,15067,0,99.00,0.000000,0.000000,0,0,0,0,-1.00,0.00,999.00,0.0,0,0,0,0,-77,-76.8,15067,26,15067
18:07:33,10.345,1621810,1621810,0,0,0,0.000000,0.000000,0.00,0.0,0.000,0,0.0,"-1.00,1.03,9.70","-1.4,1.2,-1.2","-19.350,-36.150,3.300",0.11,15949,15067,0,99.00,0.000000,0.000000,0,0,0,0,-1.00,0.00,999.00,0.0,0,0,0,0,-77,-76.8,15067,76,15067
18:07:33,10.462,1621910,1621910,0,0,0,0.000000,0.000000,0.00,0.0,0.000,0,0.0,"-0.84,1.06,9.65","0.3,-0.4,-2.9","-20.400,-34.350,4.950",0.12,15950,15068,0,99.00,0.000000,0.000000,0,0,0,0,-1.00,0.00,999.00,0.0,0,0,0,0,-80,-77.5,15068,54,15068
18:07:33,10.585,1622014,1622014,0,0,0,0.000000,0.000000,0.00,0.0,0.000,0,0.0,"-0.85,0.98,9.62","1.4,-2.1,-0.4","-20.100,-35.400,3.750",0.12,15951,15068,0,99.00,0.000000,0.000000,0,0,0,0,-1.00,0.00,999.00,0.0,0,0,0,0,-80,-77.5,15068,158,15068
18:07:33,10.620,1622064,1622064,0,0,0,0.000000,0.000000,0.00,0.0,0.000,0,0.0,"-1.02,1.10,9.56","1.0,-0.4,-0.5","-18.900,-35.100,5.700",0.10,15952,15069,0,99.00,0.000000,0.000000,0,0,0,0,-1.00,0.00,999.00,0.0,0,0,0,0,-80,-78.0,15069,21,15069
18:07:33,10.724,1622114,1622114,0,0,0,0.000000,0.000000,0.00,0.0,0.000,0,0.0,"-1.03,0.96,9.62","2.6,-0.3,-0.7","-21.300,-34.200,6.300",0.12,15952,15069,0,99.00,0.000000,0.000000,0,0,0,0,-1.00,0.00,999.00,0.0,0,0,0,0,-80,-78.0,15069,71,15069
18:07:33,10.860,1622219,1622219,0,0,0,0.000000,0.000000,0.00,0.0,0.000,0,0.0,"-0.94,1.01,9.56","1.5,-1.8,2.2","-18.900,-34.050,4.650",0.06,15953,15070,0,99.00,0.000000,0.000000,0,0,0,0,-1.00,0.00,999.00,0.0,0,0,0,0,-80,-78.4,15070,76,15070
18:07:33,10.898,1622269,1622269,0,0,0,0.000000,0.000000,0.00,0.0,0.000,0,0.0,"-0.99,1.03,9.73","-0.1,-1.9,-1.7","-19.350,-34.650,6.000",0.13,15954,15071,0,99.00,0.000000,0.000000,0,0,0,0,-1.00,0.00,999.00,0.0,0,0,0,0,-72,-77.1,15071,23,15071
18:07:33,10.898,1622369,1622369,0,0,0,0.000000,0.000000,0.00,0.0,0.000,0,0.0,"-0.89,1.04,9.61","0.6,-0.7,-3.1","-17.700,-34.800,5.700",0.06,15955,15072,0,99.00,0.000000,0.000000,0,0,0,0,-1.00,0.00,999.00,0.0,0,0,0,0,-72,-76.1,15072,27,15072
18:07:33,10.899,1622419,1622419,0,0,0,0.000000,0.000000,0.00,0.0,0.000,0,0.0,"-0.89,0.99,9.58","1.2,-1.2,-2.1","-19.650,-34.800,5.700",0.08,15955,15072,0,99.00,0.000000,0.000000,0,0,0,0,-1.00,0.00,999.00,0.0,0,0,0,0,-72,-76.1,15072,77,15072
18:07:33,11.007,1622469,1622469,0,0,0,0.000000,0.000000,0.00,0.0,0.000,0,0.0,"-1.04,1.04,9.58","0.6,1.5,-2.2","-18.300,-33.450,6.000",0.10,15956,15072,0,99.00,0.000000,0.000000,0,0,0,0,-1.00,0.00,999.00,0.0,0,0,0,0,-72,-76.1,15072,127,15072
18:07:33,11.063,1622519,1622519,0,0,0,0.000000,0.000000,0.00,0.0,0.000,0,0.0,"-0.83,1.07,9.67","-0.3,-0.5,1.1","-19.650,-35.100,4.650",0.14,15956,15072,0,99.00,0.000000,0.000000,0,0,0,0,-1.00,0.00,999.00,0.0,0,0,0,0,-72,-76.1,15072,177,15072
18:07:33,11.063,1622574,1622574,0,0,0,0.000000,0.000000,0.00,0.0,0.000,0,0.0,"-0.93,1.09,9.69","2.7,-2.4,0.8","-20.100,-33.750,4.050",0.11,15957,15073,0,99.00,0.000000,0.000000,0,0,0,0,-1.00,0.00,999.00,0.0,0,0,0,0,-74,-75.7,15073,25,15073
18:07:33,11.155,1622624,1622624,0,0,0,0.000000,0.000000,0.00,0.0,0.000,0,0.0,"-0.91,1.03,9.52","0.8,1.2,-3.5","-19.050,-33.750,6.750",0.08,15957,15073,0,99.00,0.000000,0.000000,0,0,0,0,-1.00,0.00,999.00,0.0,0,0,0,0,-74,-75.7,15073,75,15073
18:07:34,11.290,1622679,1622679,0,0,0,0.000000,0.000000,0.00,0.0,0.000,0,0.0,"-1.16,1.00,9.61","-0.1,-0.3,0.6","-20.400,-35.550,4.650",0.22,15958,15074,0,99.00,0.000000,0.000000,0,0,0,0,-1.00,0.00,999.00,0.0,0,0,0,0,-78,-76.1,15074,24,15074
18:07:34,11.333,1622729,1622729,0,0,0,0.000000,0.000000,0.00,0.0,0.000,0,0.0,"-0.99,1.02,9.64","-2.0,-2.4,-2.4","-19.950,-35.100,4.950",0.06,15958,15074,0,99.00,0.000000,0.000000,0,0,0,0,-1.00,0.00,999.00,0.0,0,0,0,0,-78,-76.1,15074,74,15074
18:07:34,11.334,1622779,1622779,0,0,0,0.000000,0.000000,0.00,0.0,0.000,0,0.0,"-0.91,1.11,9.65","1.2,-0.0,-1.1","-17.850,-34.950,5.550",0.10,15959,15075,0,99.00,0.000000,0.000000,0,0,0,0,-1.00,0.00,999.00,0.0,0,0,0,0,-77,-76.3,15075,22,15075
18:07:34,11.334,1622829,1622829,0,0,0,0.000000,0.000000,0.00,0.0,0.000,0,0.0,"-0.85,1.02,9.54","1.9,-0.2,-1.4","-18.450,-35.550,4.950",0.12,15959,15075,0,99.00,0.000000,0.000000,0,0,0,0,-1.00,0.00,999.00,0.0,0,0,0,0,-77,-76.3,15075,72,15075
18:07:34,11.423,1622879,1622879,0,0,0,0.000000,0.000000,0.00,0.0,0.000,0,0.0,"-0.98,1.07,9.57","1.6,-1.8,-0.7","-19.200,-35.100,3.900",0.05,15960,15076,0,99.00,0.000000,0.000000,0,0,0,0,-1.00,0.00,999.00,0.0,0,0,0,0,-77,-76.4,15076,24,15076
18:07:34,11.545,1622940,1622929,0,0,0,0.000000,0.000000,0.00,0.0,0.000,0,0.0,"-0.93,1.03,9.52","0.6,-1.9,1.6","-20.100,-34.650,5.250",0.07,15960,15076,0,99.00,0.000000,0.000000,0,0,0,0,-1.00,0.00,999.00,0.0,0,0,0,0,-77,-76.4,15076,85,15076
18:07:34,11.663,1622990,1622990,0,0,0,0.000000,0.000000,0.00,0.0,0.000,0,0.0,"-0.91,0.96,9.66","-0.9,0.6,0.3","-19.800,-34.950,6.300",0.11,15961,15077,0,99.00,0.000000,0.000000,0,0,0,0,-1.00,0.00,999.00,0.0,0,0,0,0,-85,-78.2,15077,35,15077
18:07:34,11.699,1623090,1623090,0,0,0,0.000000,0.000000,0.00,0.0,0.000,0,0.0,"-0.87,1.01,9.61","1.1,-2.5,-1.0","-20.100,-32.550,4.800",0.08,15962,15077,0,99.00,0.000000,0.000000,0,0,0,0,-1.00,0.00,999.00,0.0,0,0,0,0,-85,-78.2,15077,135,15077
18:07:34,11.700,1623140,1623140,0,0,0,0.000000,0.000000,0.00,0.0,0.000,0,0.0,"-0.85,0.95,9.65","0.6,1.8,-2.9","-19.800,-34.200,4.800",0.14,15962,15077,0,99.00,0.000000,0.000000,0,0,0,0,-1.00,0.00,999.00,0.0,0,0,0,0,-85,-78.2,15077,185,15077
18:07:34,11.700,1623190,1623190,0,0,0,0.000000,0.000000,0.00,0.0,0.000,0,0.0,"-0.98,0.99,9.62","0.9,2.3,-0.1","-18.600,-35.700,5.550",0.06,15963,15078,0,99.00,0.000000,0.000000,0,0,0,0,-1.00,0.00,999.00,0.0,0,0,0,0,-78,-78.1,15078,33,15078
18:07:34,11.700,1623240,1623240,0,0,0,0.000000,0.000000,0.00,0.0,0.000,0,0.0,"-0.96,1.11,9.65","2.8,-2.0,-0.2","-18.450,-34.050,6.150",0.09,15963,15078,0,99.00,0.000000,0.000000,0,0,0,0,-1.00,0.00,999.00,0.0,0,0,0,0,-78,-78.1,15078,83,15078
18:07:34,11.790,1623290,1623290,0,0,0,0.000000,0.000000,0.00,0.0,0.000,0,0.0,"-0.91,1.00,9.65","1.3,2.5,-0.2","-18.300,-33.750,3.300",0.07,15964,15079,0,99.00,0.000000,0.000000,0,0,0,0,-1.00,0.00,999.00,0.0,0,0,0,0,-77,-77.9,15079,32,15079
18:07:34,11.907,1623340,1623340,0,0,0,0.000000,0.000000,0.00,0.0,0.000,0,0.0,"-1.02,1.14,9.73","1.3,-0.7,-0.8","-18.450,-33.600,4.650",0.18,15964,15079,0,99.00,0.000000,0.000000,0,0,0,0,-1.00,0.00,999.00,0.0,0,0,0,0,-77,-77.9,15079,82,15079
18:07:34,12.028,1623440,1623440,0,0,0,0.000000,0.000000,0.00,0.0,0.000,0,0.0,"-0.97,0.96,9.55","1.4,-1.1,1.0","-18.900,-34.050,5.700",0.09,15965,15080,0,99.00,0.000000,0.000000,0,0,0,0,-1.00,0.00,999.00,0.0,0,0,0,0,-79,-78.1,15080,80,15080
18:07:34,12.063,1623540,1623540,0,0,0,0.000000,0.000000,0.00,0.0,0.000,0,0.0,"-0.86,1.06,9.57","0.8,0.2,1.6","-19.200,-35.100,5.400",0.10,15966,15081,0,99.00,0.000000,0.000000,0,0,0,0,-1.00,0.00,999.00,0.0,0,0,0,0,-75,-77.5,15081,79,15081
18:07:34,12.224,1623595,1623595,0,0,0,0.000000,0.000000,0.00,0.0,0.000,0,0.0,"-0.93,1.03,9.73","-0.8,0.6,0.3","-20.700,-34.800,4.650",0.14,15967,15082,0,99.00,0.000000,0.000000,0,0,0,0,-1.00,0.00,999.00,0.0,0,0,0,0,-78,-77.6,15082,33,15082
18:07:35,12.285,1623700,1623700,0,0,0,0.000000,0.000000,0.00,0.0,0.000,0,0.0,"-0.99,1.03,9.64","-0.1,-1.6,1.8","-19.650,-35.100,3.900",0.07,15968,15083,0,99.00,0.000000,0.000000,0,0,0,0,-1.00,0.00,999.00,0.0,0,0,0,0,-78,-77.7,15083,32,15083
18:07:35,12.285,1623750,1623750,0,0,0,0.000000,0.000000,0.00,0.0,0.000,0,0.0,"-1.02,0.98,9.50","1.2,-0.7,-1.1","-19.350,-35.400,4.500",0.13,15968,15083,0,99.00,0.000000,0.000000,0,0,0,0,-1.00,0.00,999.00,0.0,0,0,0,0,-78,-77.7,15083,82,15083
18:07:35,12.378,1623800,1623800,0,0,0,0.000000,0.000000,0.00,0.0,0.000,0,0.0,"-1.02,1.03,9.59","1.7,-2.9,0.2","-17.250,-34.350,5.700",0.07,15969,15084,0,99.00,0.000000,0.000000,0,0,0,0,-1.00,0.00,999.00,0.0,0,0,0,0,-78,-77.7,15084,31,15084
18:07:35,12.507,1623905,1623905,0,0,0,0.000000,0.000000,0.00,0.0,0.000,0,0.0,"-0.89,1.12,9.47","1.6,1.8,-1.2","-19.200,-35.550,4.650",0.16,15970,15085,0,99.00,0.000000,0.000000,0,0,0,0,-1.00,0.00,999.00,0.0,0,0,0,0,-87,-79.6,15085,28,15085
18:07:35,12.540,1623959,1623959,0,0,0,0.000000,0.000000,0.00,0.0,0.000,0,0.0,"-0.97,1.02,9.70","1.7,-1.8,0.2","-18.900,-31.950,4.950",0.10,15970,15085,0,99.00,0.000000,0.000000,0,0,0,0,-1.00,0.00,999.00,0.0,0,0,0,0,-87,-79.6,15085,82,15085
18:07:35,12.630,1624109,1624109,0,0,0,0.000000,0.000000,0.00,0.0,0.000,0,0.0,"-0.86,0.91,9.57","-0.6,-1.7,-0.2","-19.650,-36.000,6.150",0.16,15972,15086,0,99.00,0.000000,0.000000,0,0,0,0,-1.00,0.00,999.00,0.0,0,0,0,0,-86,-80.9,15086,19,15086
18:07:35,12.669,1624159,1624159,0,0,0,0.000000,0.000000,0.00,0.0,0.000,0,0.0,"-0.80,1.02,9.59","-1.4,-0.1,-1.0","-19.650,-34.350,4.950",0.14,15972,15086,0,99.00,0.000000,0.000000,0,0,0,0,-1.00,0.00,999.00,0.0,0,0,0,0,-86,-80.9,15086,69,15086
18:07:35,12.669,1624209,1624209,0,0,0,0.000000,0.000000,0.00,0.0,0.000,0,0.0,"-0.90,1.13,9.61","0.4,-2.0,-0.2","-21.150,-34.050,5.400",0.09,15973,15087,0,99.00,0.000000,0.000000,0,0,0,0,-1.00,0.00,999.00,0.0,0,0,0,0,-81,-80.9,15087,36,15087
18:07:35,12.773,1624259,1624259,0,0,0,0.000000,0.000000,0.00,0.0,0.000,0,0.0,"-0.90,1.01,9.72","-0.3,-0.9,-0.8","-21.150,-36.000,5.700",0.12,15973,15087,0,99.00,0.000000,0.000000,0,0,0,0,-1.00,0.00,999.00,0.0,0,0,0,0,-81,-80.9,15087,86,15087
18:07:35,12.910,1624309,1624309,0,0,0,0.000000,0.000000,0.00,0.0,0.000,0,0.0,"-0.95,1.03,9.60","0.9,0.3,0.4","-20.100,-33.750,5.550",0.01,15974,15088,0,99.00,0.000000,0.000000,0,0,0,0,-1.00,0.00,999.00,0.0,0,0,0,0,-84,-81.5,15088,36,15088
18:07:35,12.948,1624359,1624359,0,0,0,0.000000,0.000000,0.00,0.0,0.000,0,0.0,"-0.88,1.02,9.56","1.6,0.2,0.2","-17.850,-35.700,4.050",0.09,15974,15088,0,99.00,0.000000,0.000000,0,0,0,0,-1.00,0.00,999.00,0.0,0,0,0,0,-84,-81.5,15088,86,15088
18:07:35,12.948,1624414,1624414,0,0,0,0.000000,0.000000,0.00,0.0,0.000,0,0.0,"-0.96,1.14,9.51","-0.6,-1.1,1.9","-19.350,-34.950,5.250",0.13,15975,15089,0,99.00,0.000000,0.000000,0,0,0,0,-1.00,0.00,999.00,0.0,0,0,0,0,-80,-81.2,15089,40,15089
18:07:35,13.047,1624464,1624464,0,0,0,0.000000,0.000000,0.00,0.0,0.000,0,0.0,"-0.97,1.02,9.55","2.3,-1.6,-0.7","-19.800,-33.450,5.250",0.06,15975,15089,0,99.00,0.000000,0.000000,0,0,0,0,-1.00,0.00,999.00,0.0,0,0,0,0,-80,-81.2,15089,90,15089
18:07:35,13.099,1624514,1624514,0,0,0,0.000000,0.000000,0.00,0.0,0.000,0,0.0,"-0.87,1.10,9.64","1.8,-1.4,2.4","-18.000,-34.350,5.400",0.11,15976,15090,0,99.00,0.000000,0.000000,0,0,0,0,-1.00,0.00,999.00,0.0,0,0,0,0,-85,-82.0,15090,35,15090
18:07:35,13.099,1624564,1624564,0,0,0,0.000000,0.000000,0.00,0.0,0.000,0,0.0,"-1.00,1.15,9.63","-0.4,-0.6,0.5","-20.550,-33.750,6.000",0.12,15976,15090,0,99.00,0.000000,0.000000,0,0,0,0,-1.00,0.00,999.00,0.0,0,0,0,0,-85,-82.0,15090,85,15090
18:07:35,13.192,1624619,1624619,0,0,0,0.000000,0.000000,0.00,0.0,0.000,0,0.0,"-0.98,1.08,9.64","1.1,-1.5,-1.9","-19.650,-35.550,4.950",0.06,15977,15091,0,99.00,0.000000,0.000000,0,0,0,0,-1.00,0.00,999.00,0.0,0,0,0,0,-84,-82.4,15091,40,15091
18:07:35,13.235,1624719,1624719,0,0,0,0.000000,0.000000,0.00,0.0,0.000,0,0.0,"-0.98,1.03,9.65","0.8,-2.5,0.3","-19.200,-33.150,4.650",0.07,15978,15091,0,99.00,0.000000,0.000000,0,0,0,0,-1.00,0.00,999.00,0.0,0,0,0,0,-84,-82.4,15091,140,15091
18:07:36,13.324,1624769,1624769,0,0,0,0.000000,0.000000,0.00,0.0,0.000,0,0.0,"-1.05,1.00,9.58","-0.4,2.7,-2.2","-18.300,-34.650,5.550",0.11,15978,15091,0,99.00,0.000000,0.000000,0,0,0,0,-1.00,0.00,999.00,0.0,0,0,0,0,-84,-82.4,15091,190,15091
18:07:36,13.367,1624819,1624819,0,0,0,0.000000,0.000000,0.00,0.0,0.000,0,0.0,"-0.87,1.01,9.63","-0.3,0.4,-0.9","-18.450,-33.600,4.200",0.11,15979,15092,0,99.00,0.000000,0.000000,0,0,0,0,-1.00,0.00,999.00,0.0,0,0,0,0,-87,-83.3,15092,19,15092
18:07:36,13.367,1624869,1624869,0,0,0,0.000000,0.000000,0.00,0.0,0.000,0,0.0,"-0.88,1.03,9.53","0.1,-2.6,-2.0","-18.000,-34.800,4.950",0.10,15979,15092,0,99.00,0.000000,0.000000,0,0,0,0,-1.00,0.00,999.00,0.0,0,0,0,0,-87,-83.3,15092,69,15092
18:07:36,13.457,1624919,1624919,0,0,0,0.000000,0.000000,0.00,0.0,0.000,0,0.0,"-1.00,1.11,9.56","-0.4,2.1,0.3","-19.950,-35.100,4.950",0.08,15980,15093,0,99.00,0.000000,0.000000,0,0,0,0,-1.00,0.00,999.00,0.0,0,0,0,0,-81,-82.8,15093,25,15093
18:07:36,13.496,1624973,1624973,0,0,0,0.000000,0.000000,0.00,0.0,0.000,0,0.0,"-0.91,0.95,9.57","-0.3,-2.5,0.1","-20.400,-33.150,4.650",0.10,15980,15093,0,99.00,0.000000,0.000000,0,0,0,0,-1.00,0.00,999.00,0.0,0,0,0,0,-81,-82.8,15093,79,15093
18:07:36,13.580,1625028,1625028,0,0,0,0.000000,0.000000,0.00,0.0,0.000,0,0.0,"-1.02,1.08,9.64","0.5,0.7,0.7","-19.200,-34.800,4.200",0.09,15981,15094,0,99.00,0.000000,0.000000,0,0,0,0,-1.00,0.00,999.00,0.0,0,0,0,0,-92,-84.7,15094,37,15094
18:07:36,13.614,1625078,1625078,0,0,0,0.000000,0.000000,0.00,0.0,0.000,0,0.0,"-0.85,0.92,9.57","1.2,-2.5,0.2","-19.650,-34.050,7.200",0.16,15981,15094,0,99.00,0.000000,0.000000,0,0,0,0,-1.00,0.00,999.00,0.0,0,0,0,0,-92,-84.7,15094,87,15094
18:07:36,13.707,1625128,1625128,0,0,0,0.000000,0.000000,0.00,0.0,0.000,0,0.0,"-0.89,1.04,9.53","0.5,-2.5,0.3","-19.950,-34.050,4.650",0.10,15982,15095,0,99.00,0.000000,0.000000,0,0,0,0,-1.00,0.00,999.00,0.0,0,0,0,0,-85,-84.7,15095,38,15095
18:07:36,13.746,1625178,1625178,0,0,0,0.000000,0.000000,0.00,0.0,0.000,0,0.0,"-0.95,0.93,9.63","-0.7,-2.7,-1.2","-19.800,-35.400,5.250",0.11,15982,15095,0,99.00,0.000000,0.000000,0,0,0,0,-1.00,0.00,999.00,0.0,0,0,0,0,-85,-84.7,15095,88,15095
18:07:36,13.746,1625228,1625228,0,0,0,0.000000,0.000000,0.00,0.0,0.000,0,0.0,"-0.89,0.99,9.67","2.4,0.2,0.7","-20.700,-35.100,4.950",0.10,15983,15096,0,99.00,0.000000,0.000000,0,0,0,0,-1.00,0.00,999.00,0.0,0,0,0,0,-83,-84.4,15096,38,15096
18:07:36,13.746,1625278,1625278,0,0,0,0.000000,0.000000,0.00,0.0,0.000,0,0.0,"-0.98,1.04,9.62","-3.1,-0.2,-2.1","-19.050,-34.950,4.800",0.03,15983,15096,0,99.00,0.000000,0.000000,0,0,0,0,-1.00,0.00,999.00,0.0,0,0,0,0,-83,-84.4,15096,88,15096
18:07:36,13.829,1625329,1625329,0,0,0,0.000000,0.000000,0.00,0.0,0.000,0,0.0,"-0.96,0.98,9.56","0.9,-0.5,2.7","-18.450,-34.350,5.700",0.08,15984,15097,0,99.00,0.000000,0.000000,0,0,0,0,-1.00,0.00,999.00,0.0,0,0,0,0,-88,-85.1,15097,28,15097
18:07:36,13.863,1625379,1625379,0,0,0,0.000000,0.000000,0.00,0.0,0.000,0,0.0,"-0.91,1.11,9.55","1.5,-0.7,-0.2","-19.950,-34.800,5.400",0.09,15984,15097,0,99.00,0.000000,0.000000,0,0,0,0,-1.00,0.00,999.00,0.0,0,0,0,0,-88,-85.1,15097,78,15097
18:07:36,13.947,1625429,1625429,0,0,0,0.000000,0.000000,0.00,0.0,0.000,0,0.0,"-0.92,1.01,9.63","0.2,-0.8,-0.6","-19.200,-34.350,5.400",0.06,15985,15098,0,99.00,0.000000,0.000000,0,0,0,0,-1.00,0.00,999.00,0.0,0,0,0,0,-88,-85.7,15098,37,15098
18:07:36,13.982,1625479,1625479,0,0,0,0.000000,0.000000,0.00,0.0,0.000,0,0.0,"-0.96,0.98,9.57","-1.9,-0.3,-3.4","-19.050,-34.650,5.550",0.07,15985,15098,0,99.00,0.000000,0.000000,0,0,0,0,-1.00,0.00,999.00,0.0,0,0,0,0,-88,-85.7,15098,87,15098
18:07:36,13.982,1625529,1625529,0,0,0,0.000000,0.000000,0.00,0.0,0.000,0,0.0,"-0.92,1.00,9.54","2.7,-0.4,2.4","-19.050,-34.200,5.250",0.07,15986,15098,0,99.00,0.000000,0.000000,0,0,0,0,-1.00,0.00,999.00,0.0,0,0,0,0,-88,-85.7,15098,137,15098
18:07:36,14.072,1625579,1625579,0,0,0,0.000000,0.000000,0.00,0.0,0.000,0,0.0,"-1.05,1.07,9.60","-0.4,3.2,-2.4","-18.300,-33.750,3.750",0.10,15986,15098,0,99.00,0.000000,0.000000,0,0,0,0,-1.00,0.00,999.00,0.0,0,0,0,0,-88,-85.7,15098,187,15098
18:07:36,14.106,1625634,1625634,0,0,0,0.000000,0.000000,0.00,0.0,0.000,0,0.0,"-0.82,1.06,9.57","0.9,0.6,1.2","-19.050,-34.950,4.050",0.13,15987,15099,0,99.00,0.000000,0.000000,0,0,0,0,-1.00,0.00,999.00,0.0,0,0,0,0,-85,-85.6,15099,34,15099
18:07:36,14.190,1625684,1625684,0,0,0,0.000000,0.000000,0.00,0.0,0.000,0,0.0,"-1.06,1.12,9.62","1.0,-0.7,0.5","-19.800,-34.650,4.800",0.13,15987,15099,0,99.00,0.000000,0.000000,0,0,0,0,-1.00,0.00,999.00,0.0,0,0,0,0,-85,-85.6,15099,84,15099
18:07:36,14.229,1625739,1625739,0,0,0,0.000000,0.000000,0.00,0.0,0.000,0,0.0,"-0.92,0.96,9.55","-1.8,-1.1,0.8","-19.050,-32.250,4.050",0.09,15988,15100,0,99.00,0.000000,0.000000,0,0,0,0,-1.00,0.00,999.00,0.0,0,0,0,0,-84,-85.2,15100,40,15100
18:07:37,14.313,1625789,1625789,0,0,0,0.000000,0.000000,0.00,0.0,0.000,0,0.0,"-0.96,1.12,9.64","0.1,-0.7,1.8","-20.100,-32.250,5.550",0.09,15988,15100,0,99.00,0.000000,0.000000,0,0,0,0,-1.00,0.00,999.00,0.0,0,0,0,0,-84,-85.2,15100,90,15100
18:07:37,14.431,1625889,1625889,0,0,0,0.000000,0.000000,0.00,0.0,0.000,0,0.0,"-0.90,1.10,9.54","-0.4,0.1,-3.2","-20.700,-34.050,4.950",0.08,15989,15100,0,99.00,0.000000,0.000000,0,0,0,0,-1.00,0.00,999.00,0.0,0,0,0,0,-84,-85.2,15100,190,15100
18:07:37,14.557,1625950,1625939,0,0,0,0.000000,0.000000,0.00,0.0,0.000,0,0.0,"-0.88,1.05,9.69","-1.4,2.7,-0.9","-19.200,-34.050,4.650",0.12,15990,15100,0,99.00,0.000000,0.000000,0,0,0,0,-1.00,0.00,999.00,0.0,0,0,0,0,-84,-85.2,15100,251,15100
18:07:37,14.595,1626000,1626000,0,0,0,0.000000,0.000000,0.00,0.0,0.000,0,0.0,"-0.94,1.12,9.59","-2.1,1.8,2.4","-19.800,-33.000,5.550",0.06,15990,15100,0,99.00,0.000000,0.000000,0,0,0,0,-1.00,0.00,999.00,0.0,0,0,0,0,-84,-85.2,15100,301,15100
18:07:37,14.684,1626050,1626050,0,0,0,0.000000,0.000000,0.00,0.0,0.000,0,0.0,"-0.86,1.13,9.63","-1.0,1.3,-1.3","-18.000,-33.600,4.950",0.13,15991,15100,0,99.00,0.000000,0.000000,0,0,0,0,-1.00,0.00,999.00,0.0,0,0,0,0,-84,-85.2,15100,351,15100
18:07:37,14.775,1626151,1626151,0,0,0,0.000000,0.000000,0.00,0.0,0.000,0,0.0,"-0.90,1.11,9.58","0.3,0.5,-2.1","-18.450,-34.050,5.400",0.07,15992,15101,0,99.00,0.000000,0.000000,0,0,0,0,-1.00,0.00,999.00,0.0,0,0,0,0,-84,-85.0,15101,50,15101
18:07:37,14.799,1626302,1626302,0,0,0,0.000000,0.000000,0.00,0.0,0.000,0,0.0,"-1.01,1.00,9.56","1.8,-1.0,0.2","-18.900,-33.150,4.650",0.08,15993,15102,0,99.00,0.000000,0.000000,0,0,0,0,-1.00,0.00,999.00,0.0,0,0,0,0,-86,-85.2,15102,101,15102
18:07:37,15.011,1626352,1626352,0,0,0,0.000000,0.000000,0.00,0.0,0.000,0,0.0,"-0.97,1.05,9.55","-0.0,2.0,-0.5","-18.600,-33.750,4.800",0.05,15994,15102,0,99.00,0.000000,0.000000,0,0,0,0,-1.00,0.00,999.00,0.0,0,0,0,0,-86,-85.2,15102,151,15102
18:07:37,15.098,1626502,1626502,0,0,0,0.000000,0.000000,0.00,0.0,0.000,0,0.0,"-0.97,1.15,9.69","1.1,0.7,-2.0","-19.200,-32.400,4.650",0.15,15995,15103,0,99.00,0.000000,0.000000,0,0,0,0,-1.00,0.00,999.00,0.0,0,0,0,0,-87,-85.6,15103,85,15103
18:07:37,15.224,1626552,1626552,0,0,0,0.000000,0.000000,0.00,0.0,0.000,0,0.0,"-1.02,1.02,9.61","2.3,1.2,0.4","-19.200,-35.100,3.900",0.07,15996,15103,0,99.00,0.000000,0.000000,0,0,0,0,-1.00,0.00,999.00,0.0,0,0,0,0,-87,-85.6,15103,135,15103
18:07:38,15.286,1626602,1626602,0,0,0,0.000000,0.000000,0.00,0.0,0.000,0,0.0,"-0.91,1.14,9.49","1.3,-2.1,0.6","-19.350,-33.450,5.250",0.15,15996,15103,0,99.00,0.000000,0.000000,0,0,0,0,-1.00,0.00,999.00,0.0,0,0,0,0,-87,-85.6,15103,185,15103
18:07:38,15.377,1626657,1626657,0,0,0,0.000000,0.000000,0.00,0.0,0.000,0,0.0,"-0.87,1.02,9.60","-1.0,0.9,-0.7","-19.950,-35.550,3.900",0.08,15997,15104,0,99.00,0.000000,0.000000,0,0,0,0,-1.00,0.00,999.00,0.0,0,0,0,0,-86,-85.6,15104,46,15104
18:07:38,15.421,1626808,1626808,0,0,0,0.000000,0.000000,0.00,0.0,0.000,0,0.0,"-0.97,1.01,9.51","-0.1,0.7,-2.2","-19.050,-34.950,5.250",0.09,15998,15105,0,99.00,0.000000,0.000000,0,0,0,0,-1.00,0.00,999.00,0.0,0,0,0,0,-84,-85.3,15105,101,15105
18:07:38,15.421,1626859,1626859,0,0,0,0.000000,0.000000,0.00,0.0,0.000,0,0.0,"-1.08,0.99,9.61","0.5,0.0,-0.2","-18.450,-34.350,5.700",0.14,15999,15106,0,99.00,0.000000,0.000000,0,0,0,0,-1.00,0.00,999.00,0.0,0,0,0,0,-78,-83.9,15106,48,15106
18:07:38,15.421,1626909,1626909,0,0,0,0.000000,0.000000,0.00,0.0,0.000,0,0.0,"-1.04,0.92,9.61","-0.0,-0.2,1.5","-20.100,-32.250,5.550",0.15,15999,15106,0,99.00,0.000000,0.000000,0,0,0,0,-1.00,0.00,999.00,0.0,0,0,0,0,-78,-83.9,15106,98,15106
18:07:38,15.560,1626964,1626964,0,0,0,0.000000,0.000000,0.00,0.0,0.000,0,0.0,"-1.00,1.02,9.61","2.2,0.7,-0.9","-17.250,-34.350,4.200",0.06,16000,15107,0,99.00,0.000000,0.000000,0,0,0,0,-1.00,0.00,999.00,0.0,0,0,0,0,-82,-83.5,15107,47,15107
18:07:38,15.757,1627114,1627114,0,0,0,0.000000,0.000000,0.00,0.0,0.000,0,0.0,"-0.95,0.95,9.51","-0.1,3.5,-0.9","-18.600,-33.000,4.800",0.12,16001,15109,0,99.00,0.000000,0.000000,0,0,0,0,-1.00,0.00,999.00,0.0,0,0,0,0,-81,-82.4,15109,1,15109
18:07:38,15.805,1627164,1627164,0,0,0,0.000000,0.000000,0.00,0.0,0.000,0,0.0,"-0.98,0.97,9.69","1.2,0.3,0.5","-19.950,-35.100,4.950",0.13,16002,15109,0,99.00,0.000000,0.000000,0,0,0,0,-1.00,0.00,999.00,0.0,0,0,0,0,-81,-82.4,15109,51,15109
18:07:38,15.805,1627269,1627269,0,0,0,0.000000,0.000000,0.00,0.0,0.000,0,0.0,"-0.86,0.98,9.58","-2.0,1.6,-4.4","-18.300,-34.650,4.800",0.11,16003,15110,0,99.00,0.000000,0.000000,0,0,0,0,-1.00,0.00,999.00,0.0,0,0,0,0,-84,-82.7,15110,40,15110
18:07:38,15.894,1627319,1627319,0,0,0,0.000000,0.000000,0.00,0.0,0.000,0,0.0,"-0.85,1.05,9.56","1.3,-1.9,1.5","-19.650,-34.350,4.950",0.10,16003,15110,0,99.00,0.000000,0.000000,0,0,0,0,-1.00,0.00,999.00,0.0,0,0,0,0,-84,-82.7,15110,90,15110
18:07:38,15.934,1627369,1627369,0,0,0,0.000000,0.000000,0.00,0.0,0.000,0,0.0,"-0.93,1.08,9.59","-3.0,0.3,-4.5","-20.400,-34.350,6.450",0.04,16004,15111,0,99.00,0.000000,0.000000,0,0,0,0,-1.00,0.00,999.00,0.0,0,0,0,0,-87,-83.6,15111,19,15111
18:07:38,15.934,1627419,1627419,0,0,0,0.000000,0.000000,0.00,0.0,0.000,0,0.0,"-0.88,1.10,9.58","-1.3,2.4,-0.6","-18.900,-34.050,3.900",0.08,16004,15111,0,99.00,0.000000,0.000000,0,0,0,0,-1.00,0.00,999.00,0.0,0,0,0,0,-87,-83.6,15111,69,15111
18:07:38,16.023,1627470,1627470,0,0,0,0.000000,0.000000,0.00,0.0,0.000,0,0.0,"-0.94,1.12,9.66","0.4,-0.9,1.2","-19.800,-33.000,6.750",0.09,16005,15112,0,99.00,0.000000,0.000000,0,0,0,0,-1.00,0.00,999.00,0.0,0,0,0,0,-83,-83.5,15112,50,15112
18:07:38,16.147,1627520,1627520,0,0,0,0.000000,0.000000,0.00,0.0,0.000,0,0.0,"-0.82,1.01,9.68","1.2,2.5,-2.1","-19.200,-33.150,4.650",0.16,16005,15112,0,99.00,0.000000,0.000000,0,0,0,0,-1.00,0.00,999.00,0.0,0,0,0,0,-83,-83.5,15112,100,15112
18:07:38,16.183,1627620,1627620,0,0,0,0.000000,0.000000,0.00,0.0,0.000,0,0.0,"-0.95,0.97,9.59","0.6,2.3,-1.6","-20.550,-34.950,4.800",0.08,16006,15113,0,99.00,0.000000,0.000000,0,0,0,0,-1.00,0.00,999.00,0.0,0,0,0,0,-87,-84.2,15113,54,15113
18:07:39,16.273,1627675,1627675,0,0,0,0.000000,0.000000,0.00,0.0,0.000,0,0.0,"-0.95,1.09,9.59","-1.1,0.4,-1.9","-19.350,-34.200,4.050",0.04,16007,15114,0,99.00,0.000000,0.000000,0,0,0,0,-1.00,0.00,999.00,0.0,0,0,0,0,-90,-85.3,15114,44,15114
18:07:39,16.390,1627825,1627825,0,0,0,0.000000,0.000000,0.00,0.0,0.000,0,0.0,"-0.85,0.94,9.49","0.3,-0.6,-3.6","-17.850,-35.400,5.250",0.17,16008,15115,0,99.00,0.000000,0.000000,0,0,0,0,-1.00,0.00,999.00,0.0,0,0,0,0,-84,-85.1,15115,50,15115
18:07:39,16.424,1627876,1627876,0,0,0,0.000000,0.000000,0.00,0.0,0.000,0,0.0,"-1.10,1.03,9.53","0.8,0.0,0.1","-18.000,-35.100,6.150",0.16,16009,15116,0,99.00,0.000000,0.000000,0,0,0,0,-1.00,0.00,999.00,0.0,0,0,0,0,-78,-83.7,15116,45,15116
18:07:39,16.511,1627926,1627926,0,0,0,0.000000,0.000000,0.00,0.0,0.000,0,0.0,"-0.88,1.14,9.64","2.5,1.4,-3.2","-19.050,-35.400,5.250",0.13,16009,15116,0,99.00,0.000000,0.000000,0,0,0,0,-1.00,0.00,999.00,0.0,0,0,0,0,-78,-83.7,15116,95,15116
18:07:39,16.631,1627979,1627979,0,0,0,0.000000,0.000000,0.00,0.0,0.000,0,0.0,"-0.97,1.07,9.69","-0.6,-2.4,-2.6","-18.600,-34.200,5.250",0.10,16010,15117,0,99.00,0.000000,0.000000,0,0,0,0,-1.00,0.00,999.00,0.0,0,0,0,0,-77,-82.3,15117,44,15117
18:07:39,16.666,1628129,1628129,0,0,0,0.000000,0.000000,0.00,0.0,0.000,0,0.0,"-0.99,1.12,9.63","-1.1,1.5,0.6","-19.350,-33.000,4.050",0.09,16011,15118,0,99.00,0.000000,0.000000,0,0,0,0,-1.00,0.00,999.00,0.0,0,0,0,0,-82,-82.3,15118,87,15118
18:07:39,16.760,1628179,1628179,0,0,0,0.000000,0.000000,0.00,0.0,0.000,0,0.0,"-0.97,1.05,9.64","-0.7,0.3,-0.5","-18.900,-34.350,6.150",0.05,16012,15119,0,99.00,0.000000,0.000000,0,0,0,0,-1.00,0.00,999.00,0.0,0,0,0,0,-83,-82.4,15119,36,15119
18:07:39,16.894,1628229,1628229,0,0,0,0.000000,0.000000,0.00,0.0,0.000,0,0.0,"-1.07,0.87,9.57","-0.1,0.5,-1.2","-19.200,-34.350,4.650",0.21,16012,15119,0,99.00,0.000000,0.000000,0,0,0,0,-1.00,0.00,999.00,0.0,0,0,0,0,-83,-82.4,15119,86,15119
18:07:39,16.933,1628329,1628329,0,0,0,0.000000,0.000000,0.00,0.0,0.000,0,0.0,"-0.95,0.95,9.42","2.5,-1.5,0.3","-19.650,-34.050,5.700",0.19,16013,15120,0,99.00,0.000000,0.000000,0,0,0,0,-1.00,0.00,999.00,0.0,0,0,0,0,-81,-82.1,15120,86,15120
18:07:39,16.933,1628379,1628379,0,0,0,0.000000,0.000000,0.00,0.0,0.000,0,0.0,"-0.88,1.08,9.66","1.4,0.3,-2.2","-19.050,-33.750,6.300",0.11,16014,15121,0,99.00,0.000000,0.000000,0,0,0,0,-1.00,0.00,999.00,0.0,0,0,0,0,-81,-81.9,15121,28,15121
18:07:39,17.026,1628429,1628429,0,0,0,0.000000,0.000000,0.00,0.0,0.000,0,0.0,"-0.97,1.13,9.54","3.7,0.4,1.3","-19.650,-34.050,4.950",0.10,16014,15121,0,99.00,0.000000,0.000000,0,0,0,0,-1.00,0.00,999.00,0.0,0,0,0,0,-81,-81.9,15121,78,15121
18:07:39,17.064,1628529,1628529,0,0,0,0.000000,0.000000,0.00,0.0,0.000,0,0.0,"-0.99,1.07,9.59","0.1,-1.2,1.9","-16.950,-36.000,4.200",0.05,16015,15122,0,99.00,0.000000,0.000000,0,0,0,0,-1.00,0.00,999.00,0.0,0,0,0,0,-83,-82.1,15122,92,15122
18:07:39,17.157,1628579,1628579,0,0,0,0.000000,0.000000,0.00,0.0,0.000,0,0.0,"-0.94,1.14,9.67","-1.3,0.7,-1.9","-19.050,-34.200,5.250",0.12,16016,15122,0,99.00,0.000000,0.000000,0,0,0,0,-1.00,0.00,999.00,0.0,0,0,0,0,-83,-82.1,15122,142,15122
18:07:39,17.195,1628629,1628629,0,0,0,0.000000,0.000000,0.00,0.0,0.000,0,0.0,"-0.99,0.93,9.70","-2.0,-0.6,0.3","-18.000,-34.800,5.400",0.16,16016,15123,0,99.00,0.000000,0.000000,0,0,0,0,-1.00,0.00,999.00,0.0,0,0,0,0,-84,-82.5,15123,21,15123
18:07:40,17.291,1628679,1628679,0,0,0,0.000000,0.000000,0.00,0.0,0.000,0,0.0,"-1.01,1.09,9.53","-0.1,-1.3,0.2","-18.900,-36.300,4.950",0.09,16017,15123,0,99.00,0.000000,0.000000,0,0,0,0,-1.00,0.00,999.00,0.0,0,0,0,0,-84,-82.5,15123,71,15123
18:07:40,17.424,1628729,1628729,0,0,0,0.000000,0.000000,0.00,0.0,0.000,0,0.0,"-0.97,1.01,9.48","0.3,0.7,-1.7","-17.850,-35.400,4.800",0.12,16017,15123,0,99.00,0.000000,0.000000,0,0,0,0,-1.00,0.00,999.00,0.0,0,0,0,0,-84,-82.5,15123,121,15123
18:07:40,17.467,1628829,1628829,0,0,0,0.000000,0.000000,0.00,0.0,0.000,0,0.0,"-0.98,1.07,9.51","2.1,-1.1,-0.8","-18.900,-34.050,6.900",0.08,16018,15124,0,99.00,0.000000,0.000000,0,0,0,0,-1.00,0.00,999.00,0.0,0,0,0,0,-84,-82.8,15124,75,15124
18:07:40,17.468,1628929,1628929,0,0,0,0.000000,0.000000,0.00,0.0,0.000,0,0.0,"-1.02,1.11,9.62","1.7,0.6,-0.4","-17.700,-34.800,4.200",0.10,16019,15125,0,99.00,0.000000,0.000000,0,0,0,0,-1.00,0.00,999.00,0.0,0,0,0,0,-84,-83.0,15125,79,15125
18:07:40,17.556,1629038,1629038,0,0,0,0.000000,0.000000,0.00,0.0,0.000,0,0.0,"-0.91,1.00,9.57","1.8,-1.0,1.8","-19.050,-35.400,5.550",0.07,16020,15126,0,99.00,0.000000,0.000000,0,0,0,0,-1.00,0.00,999.00,0.0,0,0,0,0,-87,-83.8,15126,76,15126
18:07:40,17.599,1629093,1629093,0,0,0,0.000000,0.000000,0.00,0.0,0.000,0,0.0,"-0.91,1.03,9.62","-0.1,1.1,-2.4","-18.900,-33.150,5.400",0.05,16021,15127,0,99.00,0.000000,0.000000,0,0,0,0,-1.00,0.00,999.00,0.0,0,0,0,0,-91,-85.3,15127,22,15127
18:07:40,17.690,1629143,1629143,0,0,0,0.000000,0.000000,0.00,0.0,0.000,0,0.0,"-0.84,1.06,9.76","2.4,-1.0,-0.2","-19.050,-35.400,5.550",0.19,16021,15127,0,99.00,0.000000,0.000000,0,0,0,0,-1.00,0.00,999.00,0.0,0,0,0,0,-91,-85.3,15127,72,15127
18:07:40,17.813,1629193,1629193,0,0,0,0.000000,0.000000,0.00,0.0,0.000,0,0.0,"-1.02,0.90,9.61","2.3,-0.1,-0.6","-20.100,-34.950,5.550",0.16,16022,15128,0,99.00,0.000000,0.000000,0,0,0,0,-1.00,0.00,999.00,0.0,0,0,0,0,-85,-85.2,15128,39,15128
18:07:40,17.847,1629243,1629243,0,0,0,0.000000,0.000000,0.00,0.0,0.000,0,0.0,"-0.96,1.08,9.59","0.4,-2.6,0.8","-18.600,-35.700,6.300",0.03,16022,15128,0,99.00,0.000000,0.000000,0,0,0,0,-1.00,0.00,999.00,0.0,0,0,0,0,-85,-85.2,15128,89,15128
18:07:40,17.848,1629293,1629293,0,0,0,0.000000,0.000000,0.00,0.0,0.000,0,0.0,"-0.91,0.96,9.62","-0.4,-1.0,-3.3","-20.550,-33.450,4.800",0.10,16023,15129,0,99.00,0.000000,0.000000,0,0,0,0,-1.00,0.00,999.00,0.0,0,0,0,0,-83,-84.8,15129,39,15129
18:07:40,17.940,1629343,1629343,0,0,0,0.000000,0.000000,0.00,0.0,0.000,0,0.0,"-0.87,1.05,9.67","-0.7,1.5,-1.2","-18.450,-34.050,4.950",0.10,16023,15129,0,99.00,0.000000,0.000000,0,0,0,0,-1.00,0.00,999.00,0.0,0,0,0,0,-83,-84.8,15129,89,15129
18:07:40,17.974,1629398,1629398,0,0,0,0.000000,0.000000,0.00,0.0,0.000,0,0.0,"-0.87,1.01,9.59","1.6,-1.4,0.7","-17.850,-35.400,4.800",0.09,16024,15130,0,99.00,0.000000,0.000000,0,0,0,0,-1.00,0.00,999.00,0.0,0,0,0,0,-82,-84.2,15130,25,15130
18:07:40,17.978,1629448,1629448,0,0,0,0.000000,0.000000,0.00,0.0,0.000,0,0.0,"-0.86,1.23,9.54","-0.8,0.1,-2.7","-20.400,-34.050,5.400",0.20,16024,15130,0,99.00,0.000000,0.000000,0,0,0,0,-1.00,0.00,999.00,0.0,0,0,0,0,-82,-84.2,15130,75,15130
18:07:40,18.062,1629503,1629503,0,0,0,0.000000,0.000000,0.00,0.0,0.000,0,0.0,"-0.97,0.96,9.51","1.0,1.3,-3.0","-19.650,-33.600,4.950",0.13,16025,15131,0,99.00,0.000000,0.000000,0,0,0,0,-1.00,0.00,999.00,0.0,0,0,0,0,-77,-82.8,15131,26,15131
18:07:40,18.097,1629553,1629553,0,0,0,0.000000,0.000000,0.00,0.0,0.000,0,0.0,"-0.93,1.07,9.58","1.7,-0.1,1.8","-18.600,-35.700,3.000",0.03,16025,15131,0,99.00,0.000000,0.000000,0,0,0,0,-1.00,0.00,999.00,0.0,0,0,0,0,-77,-82.8,15131,76,15131
18:07:40,18.181,1629604,1629604,0,0,0,0.000000,0.000000,0.00,0.0,0.000,0,0.0,"-0.84,1.10,9.58","2.6,-1.1,0.9","-19.950,-32.850,5.400",0.11,16026,15132,0,99.00,0.000000,0.000000,0,0,0,0,-1.00,0.00,999.00,0.0,0,0,0,0,-77,-81.6,15132,43,15132
18:07:40,18.217,1629704,1629704,0,0,0,0.000000,0.000000,0.00,0.0,0.000,0,0.0,"-0.95,1.07,9.54","2.6,0.0,0.0","-18.450,-34.350,4.950",0.05,16027,15133,0,99.00,0.000000,0.000000,0,0,0,0,-1.00,0.00,999.00,0.0,0,0,0,0,-83,-81.9,15133,36,15133
18:07:40,18.218,1629754,1629754,0,0,0,0.000000,0.000000,0.00,0.0,0.000,0,0.0,"-0.99,1.02,9.61","1.9,-2.7,-0.2","-17.850,-34.650,5.550",0.07,16027,15133,0,99.00,0.000000,0.000000,0,0,0,0,-1.00,0.00,999.00,0.0,0,0,0,0,-83,-81.9,15133,86,15133
18:07:41,18.307,1629804,1629804,0,0,0,0.000000,0.000000,0.00,0.0,0.000,0,0.0,"-0.93,1.05,9.61","0.4,-1.3,-0.1","-18.900,-34.050,5.400",0.03,16028,15134,0,99.00,0.000000,0.000000,0,0,0,0,-1.00,0.00,999.00,0.0,0,0,0,0,-84,-82.3,15134,39,15134
18:07:41,18.430,1629854,1629854,0,0,0,0.000000,0.000000,0.00,0.0,0.000,0,0.0,"-1.03,1.09,9.54","0.1,-0.0,-4.5","-18.600,-33.750,5.550",0.09,16028,15134,0,99.00,0.000000,0.000000,0,0,0,0,-1.00,0.00,999.00,0.0,0,0,0,0,-84,-82.3,15134,89,15134
18:07:41,18.464,1629958,1629947,0,0,0,0.000000,0.000000,0.00,0.0,0.000,0,0.0,"-0.95,1.21,9.56","1.1,-0.9,1.3","-19.800,-33.750,5.250",0.16,16029,15135,0,99.00,0.000000,0.000000,0,0,0,0,-1.00,0.00,999.00,0.0,0,0,0,0,-75,-80.9,15135,92,15135
18:07:41,18.548,1630008,1630008,0,0,0,0.000000,0.000000,0.00,0.0,0.000,0,0.0,"-1.07,1.22,9.64","0.5,-0.5,-0.4","-19.800,-34.650,5.550",0.21,16030,15136,0,99.00,0.000000,0.000000,0,0,0,0,-1.00,0.00,999.00,0.0,0,0,0,0,-81,-80.9,15136,41,15136
18:07:41,18.584,1630058,1630058,0,0,0,0.000000,0.000000,0.00,0.0,0.000,0,0.0,"-0.91,1.07,9.59","0.9,-1.6,-0.4","-18.000,-34.050,5.400",0.04,16030,15136,0,99.00,0.000000,0.000000,0,0,0,0,-1.00,0.00,999.00,0.0,0,0,0,0,-81,-80.9,15136,91,15136
18:07:41,18.672,1630108,1630108,0,0,0,0.000000,0.000000,0.00,0.0,0.000,0,0.0,"-0.83,1.10,9.53","2.9,-2.3,1.1","-18.900,-34.050,6.900",0.14,16031,15137,0,99.00,0.000000,0.000000,0,0,0,0,-1.00,0.00,999.00,0.0,0,0,0,0,-81,-80.9,15137,34,15137
18:07:41,18.705,1630158,1630158,0,0,0,0.000000,0.000000,0.00,0.0,0.000,0,0.0,"-0.82,1.05,9.55","2.2,0.8,-0.4","-18.000,-36.000,5.400",0.13,16031,15137,0,99.00,0.000000,0.000000,0,0,0,0,-1.00,0.00,999.00,0.0,0,0,0,0,-81,-80.9,15137,84,15137
18:07:41,18.705,1630208,1630208,0,0,0,0.000000,0.000000,0.00,0.0,0.000,0,0.0,"-0.88,1.08,9.62","3.5,-0.4,1.2","-19.200,-34.350,4.650",0.07,16032,15137,0,99.00,0.000000,0.000000,0,0,0,0,-1.00,0.00,999.00,0.0,0,0,0,0,-81,-80.9,15137,134,15137
18:07:41,18.794,1630258,1630258,0,0,0,0.000000,0.000000,0.00,0.0,0.000,0,0.0,"-1.01,1.04,9.70","-1.1,-0.6,-2.1","-18.900,-34.800,6.150",0.13,16032,15137,0,99.00,0.000000,0.000000,0,0,0,0,-1.00,0.00,999.00,0.0,0,0,0,0,-81,-80.9,15137,184,15137
18:07:41,18.833,1630308,1630308,0,0,0,0.000000,0.000000,0.00,0.0,0.000,0,0.0,"-0.85,1.05,9.58","2.5,-0.3,-5.0","-19.800,-34.650,5.550",0.09,16033,15138,0,99.00,0.000000,0.000000,0,0,0,0,-1.00,0.00,999.00,0.0,0,0,0,0,-83,-81.3,15138,37,15138
18:07:41,18.833,1630358,1630358,0,0,0,0.000000,0.000000,0.00,0.0,0.000,0,0.0,"-0.90,1.06,9.65","1.6,1.4,-1.4","-19.650,-32.850,3.450",0.06,16033,15138,0,99.00,0.000000,0.000000,0,0,0,0,-1.00,0.00,999.00,0.0,0,0,0,0,-83,-81.3,15138,87,15138
18:07:41,18.929,1630408,1630408,0,0,0,0.000000,0.000000,0.00,0.0,0.000,0,0.0,"-1.01,1.04,9.74","3.3,0.3,-1.3","-19.950,-33.600,4.200",0.16,16034,15139,0,99.00,0.000000,0.000000,0,0,0,0,-1.00,0.00,999.00,0.0,0,0,0,0,-85,-82.1,15139,40,15139
18:07:41,19.061,1630458,1630458,0,0,0,0.000000,0.000000,0.00,0.0,0.000,0,0.0,"-0.91,1.11,9.64","1.1,-1.7,0.4","-19.650,-34.350,3.900",0.07,16034,15139,0,99.00,0.000000,0.000000,0,0,0,0,-1.00,0.00,999.00,0.0,0,0,0,0,-85,-82.1,15139,90,15139
18:07:41,19.099,1630508,1630508,0,0,0,0.000000,0.000000,0.00,0.0,0.000,0,0.0,"-0.86,0.98,9.58","2.1,1.7,-1.5","-18.900,-34.050,4.650",0.11,16035,15140,0,99.00,0.000000,0.000000,0,0,0,0,-1.00,0.00,999.00,0.0,0,0,0,0,-83,-82.2,15140,25,15140
18:07:41,19.193,1630608,1630608,0,0,0,0.000000,0.000000,0.00,0.0,0.000,0,0.0,"-0.88,0.99,9.62","1.3,-0.5,1.5","-20.100,-33.450,4.050",0.09,16036,15140,0,99.00,0.000000,0.000000,0,0,0,0,-1.00,0.00,999.00,0.0,0,0,0,0,-83,-82.2,15140,125,15140
18:07:41,19.232,1630658,1630658,0,0,0,0.000000,0.000000,0.00,0.0,0.000,0,0.0,"-0.91,0.85,9.63","1.3,-3.3,2.2","-19.800,-34.950,6.000",0.20,16036,15140,0,99.00,0.000000,0.000000,0,0,0,0,-1.00,0.00,999.00,0.0,0,0,0,0,-83,-82.2,15140,175,15140
18:07:41,19.232,1630713,1630713,0,0,0,0.000000,0.000000,0.00,0.0,0.000,0,0.0,"-0.75,1.10,9.60","-0.1,-1.9,-0.0","-19.650,-35.550,5.700",0.20,16037,15141,0,99.00,0.000000,0.000000,0,0,0,0,-1.00,0.00,999.00,0.0,0,0,0,0,-85,-82.8,15141,25,15141
18:07:42,19.378,1630763,1630763,0,0,0,0.000000,0.000000,0.00,0.0,0.000,0,0.0,"-0.87,0.97,9.62","1.4,-1.0,1.4","-18.900,-35.100,5.400",0.11,16037,15141,0,99.00,0.000000,0.000000,0,0,0,0,-1.00,0.00,999.00,0.0,0,0,0,0,-85,-82.8,15141,75,15141
18:07:42,19.590,1630967,1630967,0,0,0,0.000000,0.000000,0.00,0.0,0.000,0,0.0,"-1.01,0.96,9.59","1.7,0.4,-0.1","-18.300,-34.650,6.000",0.11,16039,15142,0,99.00,0.000000,0.000000,0,0,0,0,-1.00,0.00,999.00,0.0,0,0,0,0,-83,-82.8,15142,163,15142
18:07:42,19.650,1631017,1631017,0,0,0,0.000000,0.000000,0.00,0.0,0.000,0,0.0,"-1.02,1.02,9.57","-0.2,2.9,-1.6","-19.800,-35.400,5.250",0.09,16040,15142,0,99.00,0.000000,0.000000,0,0,0,0,-1.00,0.00,999.00,0.0,0,0,0,0,-83,-82.8,15142,213,15142
18:07:42,19.650,1631067,1631067,0,0,0,0.000000,0.000000,0.00,0.0,0.000,0,0.0,"-1.02,1.12,9.51","-1.0,-1.3,1.2","-18.300,-33.000,6.750",0.14,16040,15142,0,99.00,0.000000,0.000000,0,0,0,0,-1.00,0.00,999.00,0.0,0,0,0,0,-83,-82.8,15142,263,15142
18:07:42,19.650,1631117,1631117,0,0,0,0.000000,0.000000,0.00,0.0,0.000,0,0.0,"-0.94,1.07,9.61","1.5,0.2,-1.7","-19.800,-33.450,4.800",0.01,16041,15143,0,99.00,0.000000,0.000000,0,0,0,0,-1.00,0.00,999.00,0.0,0,0,0,0,-84,-83.1,15143,7,15143
18:07:42,19.744,1631167,1631167,0,0,0,0.000000,0.000000,0.00,0.0,0.000,0,0.0,"-0.97,1.07,9.60","2.3,-0.9,1.7","-21.150,-33.600,6.450",0.02,16041,15143,0,99.00,0.000000,0.000000,0,0,0,0,-1.00,0.00,999.00,0.0,0,0,0,0,-84,-83.1,15143,57,15143
18:07:42,19.784,1631218,1631218,0,0,0,0.000000,0.000000,0.00,0.0,0.000,0,0.0,"-0.92,1.15,9.61","1.4,0.1,0.2","-19.800,-35.400,5.550",0.08,16042,15144,0,99.00,0.000000,0.000000,0,0,0,0,-1.00,0.00,999.00,0.0,0,0,0,0,-88,-84.1,15144,9,15144
18:07:42,19.873,1631268,1631268,0,0,0,0.000000,0.000000,0.00,0.0,0.000,0,0.0,"-0.92,1.02,9.52","3.5,1.3,1.4","-19.650,-34.800,4.200",0.09,16042,15144,0,99.00,0.000000,0.000000,0,0,0,0,-1.00,0.00,999.00,0.0,0,0,0,0,-88,-84.1,15144,59,15144
18:07:42,19.906,1631318,1631318,0,0,0,0.000000,0.000000,0.00,0.0,0.000,0,0.0,"-0.91,1.07,9.65","-0.0,-4.2,0.2","-19.950,-33.600,6.150",0.05,16043,15145,0,99.00,0.000000,0.000000,0,0,0,0,-1.00,0.00,999.00,0.0,0,0,0,0,-80,-83.2,15145,31,15145
18:07:42,19.906,1631368,1631368,0,0,0,0.000000,0.000000,0.00,0.0,0.000,0,0.0,"-0.93,1.00,9.61","1.3,-0.5,1.1","-20.550,-34.950,5.250",0.07,16043,15145,0,99.00,0.000000,0.000000,0,0,0,0,-1.00,0.00,999.00,0.0,0,0,0,0,-80,-83.2,15145,81,15145
18:07:42,19.907,1631418,1631418,0,0,0,0.000000,0.000000,0.00,0.0,0.000,0,0.0,"-1.02,1.04,9.60","0.1,0.6,0.9","-18.600,-33.750,5.550",0.08,16044,15146,0,99.00,0.000000,0.000000,0,0,0,0,-1.00,0.00,999.00,0.0,0,0,0,0,-84,-83.4,15146,29,15146
18:07:42,19.990,1631468,1631468,0,0,0,0.000000,0.000000,0.00,0.0,0.000,0,0.0,"-0.91,1.03,9.63","-1.5,-0.8,-1.1","-19.950,-34.350,4.200",0.05,16044,15146,0,99.00,0.000000,0.000000,0,0,0,0,-1.00,0.00,999.00,0.0,0,0,0,0,-84,-83.4,15146,79,15146
18:07:42,20.024,1631518,1631518,0,0,0,0.000000,0.000000,0.00,0.0,0.000,0,0.0,"-0.96,1.13,9.58","-0.8,0.7,-2.6","-20.400,-35.100,7.200",0.08,16045,15146,0,99.00,0.000000,0.000000,0,0,0,0,-1.00,0.00,999.00,0.0,0,0,0,0,-84,-83.4,15146,129,15146
18:07:42,20.113,1631568,1631568,0,0,0,0.000000,0.000000,0.00,0.0,0.000,0,0.0,"-1.03,1.03,9.66","-0.7,-0.9,-0.1","-17.850,-34.650,4.800",0.11,16045,15146,0,99.00,0.000000,0.000000,0,0,0,0,-1.00,0.00,999.00,0.0,0,0,0,0,-84,-83.4,15146,179,15146
18:07:42,20.240,1631618,1631618,0,0,0,0.000000,0.000000,0.00,0.0,0.000,0,0.0,"-0.93,1.06,9.63","-1.1,-0.5,-1.7","-19.350,-34.200,5.250",0.03,16046,15146,0,99.00,0.000000,0.000000,0,0,0,0,-1.00,0.00,999.00,0.0,0,0,0,0,-84,-83.4,15146,229,15146
18:07:43,20.272,1631724,1631724,0,0,0,0.000000,0.000000,0.00,0.0,0.000,0,0.0,"-1.01,1.01,9.56","0.2,-1.8,-2.2","-19.200,-34.350,4.650",0.08,16047,15148,0,99.00,0.000000,0.000000,0,0,0,0,-1.00,0.00,999.00,0.0,0,0,0,0,-81,-82.7,15148,20,15148
18:07:43,20.356,1631774,1631774,0,0,0,0.000000,0.000000,0.00,0.0,0.000,0,0.0,"-0.91,0.94,9.51","1.9,0.9,0.7","-21.000,-32.550,5.550",0.14,16047,15148,0,99.00,0.000000,0.000000,0,0,0,0,-1.00,0.00,999.00,0.0,0,0,0,0,-81,-82.7,15148,70,15148
18:07:43,20.389,1631824,1631824,0,0,0,0.000000,0.000000,0.00,0.0,0.000,0,0.0,"-1.01,1.24,9.69","0.6,-1.5,1.1","-17.850,-34.200,6.750",0.21,16048,15148,0,99.00,0.000000,0.000000,0,0,0,0,-1.00,0.00,999.00,0.0,0,0,0,0,-81,-82.7,15148,120,15148
18:07:43,20.389,1631874,1631874,0,0,0,0.000000,0.000000,0.00,0.0,0.000,0,0.0,"-1.01,1.13,9.62","-1.3,0.1,-1.0","-19.050,-33.450,6.300",0.10,16048,15148,0,99.00,0.000000,0.000000,0,0,0,0,-1.00,0.00,999.00,0.0,0,0,0,0,-81,-82.7,15148,170,15148
18:07:43,20.389,1631929,1631929,0,0,0,0.000000,0.000000,0.00,0.0,0.000,0,0.0,"-0.95,1.09,9.67","0.3,-1.5,0.4","-19.350,-33.450,4.800",0.08,16049,15149,0,99.00,0.000000,0.000000,0,0,0,0,-1.00,0.00,999.00,0.0,0,0,0,0,-80,-82.2,15149,24,15149
18:07:43,20.473,1631983,1631983,0,0,0,0.000000,0.000000,0.00,0.0,0.000,0,0.0,"-0.96,1.06,9.59","-0.6,0.3,-2.2","-19.650,-35.100,4.650",0.02,16049,15149,0,99.00,0.000000,0.000000,0,0,0,0,-1.00,0.00,999.00,0.0,0,0,0,0,-80,-82.2,15149,78,15149
18:07:43,20.506,1632033,1632033,0,0,0,0.000000,0.000000,0.00,0.0,0.000,0,0.0,"-0.82,0.96,9.63","1.1,-1.2,0.4","-20.100,-36.150,5.250",0.16,16050,15150,0,99.00,0.000000,0.000000,0,0,0,0,-1.00,0.00,999.00,0.0,0,0,0,0,-87,-83.1,15150,30,15150
18:07:43,20.589,1632083,1632083,0,0,0,0.000000,0.000000,0.00,0.0,0.000,0,0.0,"-0.96,1.11,9.57","-0.2,0.4,-1.3","-19.350,-34.650,3.750",0.06,16050,15150,0,99.00,0.000000,0.000000,0,0,0,0,-1.00,0.00,999.00,0.0,0,0,0,0,-87,-83.1,15150,80,15150
18:07:43,20.622,1632138,1632138,0,0,0,0.000000,0.000000,0.00,0.0,0.000,0,0.0,"-0.85,0.99,9.59","0.1,2.3,-2.0","-18.600,-33.450,6.300",0.12,16051,15151,0,99.00,0.000000,0.000000,0,0,0,0,-1.00,0.00,999.00,0.0,0,0,0,0,-87,-83.9,15151,27,15151
18:07:43,20.707,1632188,1632188,0,0,0,0.000000,0.000000,0.00,0.0,0.000,0,0.0,"-0.85,1.07,9.58","1.0,2.4,1.4","-18.600,-34.950,5.550",0.10,16051,15151,0,99.00,0.000000,0.000000,0,0,0,0,-1.00,0.00,999.00,0.0,0,0,0,0,-87,-83.9,15151,77,15151
18:07:43,20.740,1632239,1632239,0,0,0,0.000000,0.000000,0.00,0.0,0.000,0,0.0,"-0.91,1.03,9.66","1.1,0.4,-2.5","-20.100,-36.150,4.050",0.07,16052,15152,0,99.00,0.000000,0.000000,0,0,0,0,-1.00,0.00,999.00,0.0,0,0,0,0,-82,-83.5,15152,46,15152
18:07:43,20.740,1632289,1632289,0,0,0,0.000000,0.000000,0.00,0.0,0.000,0,0.0,"-0.88,1.07,9.61","1.1,0.4,2.3","-19.650,-34.350,4.950",0.07,16052,15152,0,99.00,0.000000,0.000000,0,0,0,0,-1.00,0.00,999.00,0.0,0,0,0,0,-82,-83.5,15152,96,15152
18:07:43,20.830,1632339,1632339,0,0,0,0.000000,0.000000,0.00,0.0,0.000,0,0.0,"-1.02,1.01,9.60","-0.7,-0.2,1.7","-19.650,-34.800,5.700",0.08,16053,15153,0,99.00,0.000000,0.000000,0,0,0,0,-1.00,0.00,999.00,0.0,0,0,0,0,-85,-83.8,15153,40,15153
18:07:43,20.868,1632389,1632389,0,0,0,0.000000,0.000000,0.00,0.0,0.000,0,0.0,"-0.91,1.12,9.56","-2.2,0.3,-2.0","-16.950,-35.100,4.200",0.09,16053,15153,0,99.00,0.000000,0.000000,0,0,0,0,-1.00,0.00,999.00,0.0,0,0,0,0,-85,-83.8,15153,90,15153
18:07:43,20.963,1632439,1632439,0,0,0,0.000000,0.000000,0.00,0.0,0.000,0,0.0,"-1.10,1.07,9.54","0.2,-0.1,-0.7","-18.450,-34.350,5.700",0.17,16054,15154,0,99.00,0.000000,0.000000,0,0,0,0,-1.00,0.00,999.00,0.0,0,0,0,0,-83,-83.7,15154,38,15154
18:07:43,21.094,1632489,1632489,0,0,0,0.000000,0.000000,0.00,0.0,0.000,0,0.0,"-0.87,1.06,9.67","-0.7,-2.2,-2.1","-20.550,-33.450,5.550",0.10,16054,15154,0,99.00,0.000000,0.000000,0,0,0,0,-1.00,0.00,999.00,0.0,0,0,0,0,-83,-83.7,15154,88,15154
18:07:43,21.224,1632539,1632539,0,0,0,0.000000,0.000000,0.00,0.0,0.000,0,0.0,"-0.98,1.01,9.53","-0.5,0.4,-1.8","-18.600,-34.950,4.500",0.09,16055,15155,0,99.00,0.000000,0.000000,0,0,0,0,-1.00,0.00,999.00,0.0,0,0,0,0,-82,-83.3,15155,38,15155
18:07:43,21.257,1632689,1632689,0,0,0,0.000000,0.000000,0.00,0.0,0.000,0,0.0,"-0.93,1.00,9.54","0.1,2.8,2.0","-18.900,-33.150,3.900",0.08,16056,15155,0,99.00,0.000000,0.000000,0,0,0,0,-1.00,0.00,999.00,0.0,0,0,0,0,-82,-83.3,15155,188,15155
18:07:43,21.257,1632739,1632739,0,0,0,0.000000,0.000000,0.00,0.0,0.000,0,0.0,"-0.98,0.97,9.59","1.7,-3.2,1.3","-17.100,-34.650,4.500",0.08,16057,15155,0,99.00,0.000000,0.000000,0,0,0,0,-1.00,0.00,999.00,0.0,0,0,0,0,-82,-83.3,15155,238,15155
18:07:44,21.357,1632789,1632789,0,0,0,0.000000,0.000000,0.00,0.0,0.000,0,0.0,"-1.02,1.01,9.57","0.8,0.0,-0.6","-19.650,-34.350,4.950",0.09,16057,15155,0,99.00,0.000000,0.000000,0,0,0,0,-1.00,0.00,999.00,0.0,0,0,0,0,-82,-83.3,15155,288,15155
18:07:44,21.403,1632844,1632844,0,0,0,0.000000,0.000000,0.00,0.0,0.000,0,0.0,"-0.91,1.04,9.50","0.2,1.1,0.9","-20.400,-34.050,6.450",0.10,16058,15156,0,99.00,0.000000,0.000000,0,0,0,0,-1.00,0.00,999.00,0.0,0,0,0,0,-81,-82.9,15156,33,15156
18:07:44,21.492,1632894,1632894,0,0,0,0.000000,0.000000,0.00,0.0,0.000,0,0.0,"-0.93,1.11,9.65","-0.4,-1.9,-0.0","-19.650,-35.100,4.200",0.08,16058,15156,0,99.00,0.000000,0.000000,0,0,0,0,-1.00,0.00,999.00,0.0,0,0,0,0,-81,-82.9,15156,83,15156
18:07:44,21.623,1632944,1632944,0,0,0,0.000000,0.000000,0.00,0.0,0.000,0,0.0,"-0.98,1.02,9.59","2.6,-1.8,-0.5","-19.650,-34.350,6.150",0.04,16059,15156,0,99.00,0.000000,0.000000,0,0,0,0,-1.00,0.00,999.00,0.0,0,0,0,0,-81,-82.9,15156,133,15156
18:07:44,21.666,1633048,1633048,0,0,0,0.000000,0.000000,0.00,0.0,0.000,0,0.0,"-0.94,0.93,9.53","1.5,2.1,0.6","-19.950,-34.800,5.700",0.13,16060,15157,0,99.00,0.000000,0.000000,0,0,0,0,-1.00,0.00,999.00,0.0,0,0,0,0,-81,-82.5,15157,35,15157
18:07:44,21.666,1633098,1633098,0,0,0,0.000000,0.000000,0.00,0.0,0.000,0,0.0,"-0.98,1.15,9.64","0.4,1.2,0.8","-19.200,-34.050,6.450",0.13,16060,15157,0,99.00,0.000000,0.000000,0,0,0,0,-1.00,0.00,999.00,0.0,0,0,0,0,-81,-82.5,15157,85,15157
18:07:44,21.667,1633148,1633148,0,0,0,0.000000,0.000000,0.00,0.0,0.000,0,0.0,"-0.98,1.12,9.68","-1.8,0.1,-0.7","-19.650,-35.550,5.400",0.12,16061,15158,0,99.00,0.000000,0.000000,0,0,0,0,-1.00,0.00,999.00,0.0,0,0,0,0,-87,-83.4,15158,31,15158
18:07:44,21.757,1633198,1633198,0,0,0,0.000000,0.000000,0.00,0.0,0.000,0,0.0,"-0.93,0.99,9.47","2.8,0.7,1.0","-18.450,-34.350,5.400",0.14,16061,15158,0,99.00,0.000000,0.000000,0,0,0,0,-1.00,0.00,999.00,0.0,0,0,0,0,-87,-83.4,15158,81,15158
18:07:44,21.798,1633299,1633299,0,0,0,0.000000,0.000000,0.00,0.0,0.000,0,0.0,"-0.90,1.03,9.65","-1.2,0.7,-1.1","-19.350,-34.950,6.300",0.07,16062,15159,0,99.00,0.000000,0.000000,0,0,0,0,-1.00,0.00,999.00,0.0,0,0,0,0,-86,-83.9,15159,80,15159
18:07:44,21.890,1633349,1633349,0,0,0,0.000000,0.000000,0.00,0.0,0.000,0,0.0,"-0.94,1.01,9.62","-0.1,0.7,-0.4","-19.050,-33.750,5.250",0.05,16063,15160,0,99.00,0.000000,0.000000,0,0,0,0,-1.00,0.00,999.00,0.0,0,0,0,0,-85,-84.1,15160,32,15160
18:07:44,21.923,1633399,1633399,0,0,0,0.000000,0.000000,0.00,0.0,0.000,0,0.0,"-0.99,0.94,9.58","1.3,-2.0,0.7","-19.200,-37.500,4.950",0.12,16063,15160,0,99.00,0.000000,0.000000,0,0,0,0,-1.00,0.00,999.00,0.0,0,0,0,0,-85,-84.1,15160,82,15160
18:07:44,22.007,1633449,1633449,0,0,0,0.000000,0.000000,0.00,0.0,0.000,0,0.0,"-0.90,1.13,9.67","-0.4,-0.6,1.8","-19.650,-34.050,4.650",0.11,16064,15161,0,99.00,0.000000,0.000000,0,0,0,0,-1.00,0.00,999.00,0.0,0,0,0,0,-84,-84.1,15161,35,15161
18:07:44,22.045,1633499,1633499,0,0,0,0.000000,0.000000,0.00,0.0,0.000,0,0.0,"-0.98,1.02,9.65","2.7,-1.9,1.2","-19.200,-33.600,4.650",0.09,16064,15161,0,99.00,0.000000,0.000000,0,0,0,0,-1.00,0.00,999.00,0.0,0,0,0,0,-84,-84.1,15161,85,15161
18:07:44,22.129,1633554,1633554,0,0,0,0.000000,0.000000,0.00,0.0,0.000,0,0.0,"-0.97,1.16,9.57","2.9,-1.2,0.6","-20.550,-33.450,6.000",0.11,16065,15162,0,99.00,0.000000,0.000000,0,0,0,0,-1.00,0.00,999.00,0.0,0,0,0,0,-84,-84.1,15162,31,15162
18:07:44,22.163,1633604,1633604,0,0,0,0.000000,0.000000,0.00,0.0,0.000,0,0.0,"-0.86,1.03,9.50","1.7,-3.8,0.1","-20.100,-34.200,5.250",0.13,16065,15162,0,99.00,0.000000,0.000000,0,0,0,0,-1.00,0.00,999.00,0.0,0,0,0,0,-84,-84.1,15162,81,15162
18:07:44,22.247,1633654,1633654,0,0,0,0.000000,0.000000,0.00,0.0,0.000,0,0.0,"-1.03,1.15,9.66","-1.5,-0.1,-0.7","-18.600,-36.150,8.250",0.15,16066,15162,0,99.00,0.000000,0.000000,0,0,0,0,-1.00,0.00,999.00,0.0,0,0,0,0,-84,-84.1,15162,131,15162
18:07:45,22.283,1633704,1633704,0,0,0,0.000000,0.000000,0.00,0.0,0.000,0,0.0,"-0.94,1.11,9.59","4.7,-1.1,-1.4","-19.350,-34.200,4.050",0.05,16066,15162,0,99.00,0.000000,0.000000,0,0,0,0,-1.00,0.00,999.00,0.0,0,0,0,0,-84,-84.1,15162,181,15162
18:07:45,22.284,1633759,1633759,0,0,0,0.000000,0.000000,0.00,0.0,0.000,0,0.0,"-0.97,1.02,9.56","3.8,-1.7,0.2","-18.000,-35.550,4.650",0.06,16067,15163,0,99.00,0.000000,0.000000,0,0,0,0,-1.00,0.00,999.00,0.0,0,0,0,0,-87,-84.7,15163,33,15163
18:07:45,22.373,1633809,1633809,0,0,0,0.000000,0.000000,0.00,0.0,0.000,0,0.0,"-0.94,1.11,9.55","1.0,-1.2,0.8","-19.350,-34.650,6.000",0.08,16067,15163,0,99.00,0.000000,0.000000,0,0,0,0,-1.00,0.00,999.00,0.0,0,0,0,0,-87,-84.7,15163,83,15163
18:07:45,22.406,1633859,1633859,0,0,0,0.000000,0.000000,0.00,0.0,0.000,0,0.0,"-0.90,1.00,9.54","0.9,-2.8,0.1","-19.350,-33.450,4.800",0.07,16068,15164,0,99.00,0.000000,0.000000,0,0,0,0,-1.00,0.00,999.00,0.0,0,0,0,0,-82,-84.1,15164,32,15164
18:07:45,22.644,1633909,1633909,0,0,0,0.000000,0.000000,0.00,0.0,0.000,0,0.0,"-0.89,1.15,9.49","-0.6,-1.3,-0.5","-18.300,-33.000,4.800",0.15,16068,15164,0,99.00,0.000000,0.000000,0,0,0,0,-1.00,0.00,999.00,0.0,0,0,0,0,-82,-84.1,15164,82,15164
18:07:45,22.770,1634168,1634168,0,0,0,0.000000,0.000000,0.00,0.0,0.000,0,0.0,"-0.93,1.03,9.55","0.9,0.7,-1.4","-18.000,-33.600,4.950",0.04,16071,15166,0,99.00,0.000000,0.000000,0,0,0,0,-1.00,0.00,999.00,0.0,0,0,0,0,-85,-84.8,15166,139,15166
18:07:45,22.949,1634218,1634218,0,0,0,0.000000,0.000000,0.00,0.0,0.000,0,0.0,"-0.95,1.01,9.57","-2.2,-0.4,-1.6","-19.200,-34.050,6.150",0.05,16071,15166,0,99.00,0.000000,0.000000,0,0,0,0,-1.00,0.00,999.00,0.0,0,0,0,0,-85,-84.8,15166,189,15166
18:07:45,23.020,1634268,1634268,0,0,0,0.000000,0.000000,0.00,0.0,0.000,0,0.0,"-0.93,0.99,9.54","0.7,-1.6,0.1","-19.350,-36.150,5.250",0.07,16072,15166,0,99.00,0.000000,0.000000,0,0,0,0,-1.00,0.00,999.00,0.0,0,0,0,0,-85,-84.8,15166,239,15166
18:07:45,23.020,1634318,1634318,0,0,0,0.000000,0.000000,0.00,0.0,0.000,0,0.0,"-1.03,0.99,9.56","1.2,0.8,1.9","-19.050,-33.750,5.250",0.11,16072,15166,0,99.00,0.000000,0.000000,0,0,0,0,-1.00,0.00,999.00,0.0,0,0,0,0,-85,-84.8,15166,289,15166
18:07:45,23.021,1634368,1634368,0,0,0,0.000000,0.000000,0.00,0.0,0.000,0,0.0,"-0.95,1.01,9.65","2.1,-1.9,0.3","-20.550,-35.400,4.050",0.08,16073,15166,0,99.00,0.000000,0.000000,0,0,0,0,-1.00,0.00,999.00,0.0,0,0,0,0,-85,-84.8,15166,339,15166
18:07:45,23.021,1634418,1634418,0,0,0,0.000000,0.000000,0.00,0.0,0.000,0,0.0,"-0.94,1.07,9.60","1.3,-2.1,0.2","-19.800,-32.550,6.000",0.03,16073,15166,0,99.00,0.000000,0.000000,0,0,0,0,-1.00,0.00,999.00,0.0,0,0,0,0,-85,-84.8,15166,389,15166
18:07:45,23.141,1634468,1634468,0,0,0,0.000000,0.000000,0.00,0.0,0.000,0,0.0,"-0.95,1.06,9.68","1.3,-2.5,1.3","-19.350,-33.750,4.500",0.10,16074,15167,0,99.00,0.000000,0.000000,0,0,0,0,-1.00,0.00,999.00,0.0,0,0,0,0,-91,-86.0,15167,25,15167
18:07:45,23.189,1634518,1634518,0,0,0,0.000000,0.000000,0.00,0.0,0.000,0,0.0,"-0.85,0.98,9.61","-0.2,-0.2,-0.8","-19.950,-34.350,5.700",0.11,16074,15167,0,99.00,0.000000,0.000000,0,0,0,0,-1.00,0.00,999.00,0.0,0,0,0,0,-91,-86.0,15167,75,15167
18:07:45,23.189,1634573,1634573,0,0,0,0.000000,0.000000,0.00,0.0,0.000,0,0.0,"-0.80,1.05,9.48","2.2,-0.8,1.2","-19.950,-34.350,5.700",0.16,16075,15168,0,99.00,0.000000,0.000000,0,0,0,0,-1.00,0.00,999.00,0.0,0,0,0,0,-84,-85.6,15168,37,15168
18:07:45,23.189,1634623,1634623,0,0,0,0.000000,0.000000,0.00,0.0,0.000,0,0.0,"-0.96,1.17,9.61","-0.2,-1.1,-0.7","-19.800,-35.700,3.750",0.13,16075,15168,0,99.00,0.000000,0.000000,0,0,0,0,-1.00,0.00,999.00,0.0,0,0,0,0,-84,-85.6,15168,87,15168
18:07:46,23.290,1634678,1634678,0,0,0,0.000000,0.000000,0.00,0.0,0.000,0,0.0,"-0.95,1.23,9.66","0.2,-1.2,1.8","-19.200,-33.150,5.400",0.20,16076,15169,0,99.00,0.000000,0.000000,0,0,0,0,-1.00,0.00,999.00,0.0,0,0,0,0,-81,-84.7,15169,36,15169
18:07:46,23.333,1634783,1634783,0,0,0,0.000000,0.000000,0.00,0.0,0.000,0,0.0,"-0.98,1.14,9.51","0.9,-1.5,-0.7","-18.000,-34.350,5.700",0.13,16077,15170,0,99.00,0.000000,0.000000,0,0,0,0,-1.00,0.00,999.00,0.0,0,0,0,0,-80,-83.8,15170,40,15170
18:07:46,23.481,1634833,1634833,0,0,0,0.000000,0.000000,0.00,0.0,0.000,0,0.0,"-0.92,1.12,9.53","1.3,1.1,1.4","-18.900,-32.400,4.650",0.09,16077,15170,0,99.00,0.000000,0.000000,0,0,0,0,-1.00,0.00,999.00,0.0,0,0,0,0,-80,-83.8,15170,90,15170
18:07:46,23.694,1634987,1634987,0,0,0,0.000000,0.000000,0.00,0.0,0.000,0,0.0,"-1.00,1.10,9.60","-1.2,2.7,-1.9","-19.050,-34.200,5.250",0.08,16079,15171,0,99.00,0.000000,0.000000,0,0,0,0,-1.00,0.00,999.00,0.0,0,0,0,0,-85,-84.0,15171,41,15171
18:07:46,23.755,1635137,1635137,0,0,0,0.000000,0.000000,0.00,0.0,0.000,0,0.0,"-0.92,0.99,9.68","2.4,-1.5,-0.2","-18.300,-33.750,5.550",0.10,16080,15172,0,99.00,0.000000,0.000000,0,0,0,0,-1.00,0.00,999.00,0.0,0,0,0,0,-85,-84.2,15172,92,15172
18:07:46,23.755,1635188,1635188,0,0,0,0.000000,0.000000,0.00,0.0,0.000,0,0.0,"-0.99,1.14,9.50","0.4,1.5,-2.2","-18.450,-34.050,4.200",0.15,16081,15173,0,99.00,0.000000,0.000000,0,0,0,0,-1.00,0.00,999.00,0.0,0,0,0,0,-86,-84.6,15173,43,15173
18:07:46,23.857,1635238,1635238,0,0,0,0.000000,0.000000,0.00,0.0,0.000,0,0.0,"-0.99,1.25,9.62","-0.1,2.1,-3.1","-19.950,-34.800,4.200",0.22,16081,15173,0,99.00,0.000000,0.000000,0,0,0,0,-1.00,0.00,999.00,0.0,0,0,0,0,-86,-84.6,15173,93,15173
18:07:46,23.902,1635338,1635338,0,0,0,0.000000,0.000000,0.00,0.0,0.000,0,0.0,"-0.91,1.01,9.62","-1.2,1.3,-0.4","-19.050,-34.650,5.250",0.05,16082,15173,0,99.00,0.000000,0.000000,0,0,0,0,-1.00,0.00,999.00,0.0,0,0,0,0,-86,-84.6,15173,193,15173
18:07:46,23.902,1635388,1635388,0,0,0,0.000000,0.000000,0.00,0.0,0.000,0,0.0,"-0.95,0.97,9.51","0.2,-0.6,-1.0","-19.950,-35.100,5.400",0.10,16083,15174,0,99.00,0.000000,0.000000,0,0,0,0,-1.00,0.00,999.00,0.0,0,0,0,0,-88,-85.2,15174,20,15174
18:07:46,23.991,1635438,1635438,0,0,0,0.000000,0.000000,0.00,0.0,0.000,0,0.0,"-1.00,1.15,9.60","1.1,0.4,2.3","-19.800,-35.400,6.000",0.13,16083,15174,0,99.00,0.000000,0.000000,0,0,0,0,-1.00,0.00,999.00,0.0,0,0,0,0,-88,-85.2,15174,70,15174
18:07:46,24.029,1635493,1635493,0,0,0,0.000000,0.000000,0.00,0.0,0.000,0,0.0,"-0.97,1.02,9.54","0.3,-1.9,2.1","-19.800,-35.400,4.500",0.06,16084,15175,0,99.00,0.000000,0.000000,0,0,0,0,-1.00,0.00,999.00,0.0,0,0,0,0,-86,-85.4,15175,40,15175
18:07:46,24.029,1635543,1635543,0,0,0,0.000000,0.000000,0.00,0.0,0.000,0,0.0,"-1.02,1.10,9.64","1.6,0.2,0.2","-19.050,-33.750,6.000",0.10,16084,15175,0,99.00,0.000000,0.000000,0,0,0,0,-1.00,0.00,999.00,0.0,0,0,0,0,-86,-85.4,15175,90,15175
18:07:46,24.113,1635593,1635593,0,0,0,0.000000,0.000000,0.00,0.0,0.000,0,0.0,"-0.90,1.09,9.60","1.4,-1.3,-0.7","-19.200,-34.050,6.450",0.06,16085,15175,0,99.00,0.000000,0.000000,0,0,0,0,-1.00,0.00,999.00,0.0,0,0,0,0,-86,-85.4,15175,140,15175
18:07:46,24.150,1635643,1635643,0,0,0,0.000000,0.000000,0.00,0.0,0.000,0,0.0,"-0.95,1.12,9.57","0.4,0.1,0.8","-19.350,-35.700,3.000",0.08,16085,15175,0,99.00,0.000000,0.000000,0,0,0,0,-1.00,0.00,999.00,0.0,0,0,0,0,-86,-85.4,15175,190,15175
18:07:46,24.242,1635698,1635698,0,0,0,0.000000,0.000000,0.00,0.0,0.000,0,0.0,"-0.99,1.02,9.58","0.6,-3.0,1.2","-19.050,-34.650,5.250",0.06,16086,15176,0,99.00,0.000000,0.000000,0,0,0,0,-1.00,0.00,999.00,0.0,0,0,0,0,-81,-84.5,15176,39,15176
18:07:47,24.364,1635748,1635748,0,0,0,0.000000,0.000000,0.00,0.0,0.000,0,0.0,"-0.93,1.07,9.63","2.6,-4.2,-0.2","-19.950,-34.350,5.400",0.04,16086,15176,0,99.00,0.000000,0.000000,0,0,0,0,-1.00,0.00,999.00,0.0,0,0,0,0,-81,-84.5,15176,89,15176
18:07:47,24.398,1635798,1635798,0,0,0,0.000000,0.000000,0.00,0.0,0.000,0,0.0,"-0.95,1.02,9.62","0.2,2.8,-0.9","-19.200,-34.050,4.200",0.02,16087,15176,0,99.00,0.000000,0.000000,0,0,0,0,-1.00,0.00,999.00,0.0,0,0,0,0,-81,-84.5,15176,139,15176
18:07:47,24.490,1635898,1635898,0,0,0,0.000000,0.000000,0.00,0.0,0.000,0,0.0,"-0.92,1.02,9.54","3.5,-0.5,-0.2","-18.450,-33.600,4.200",0.07,16088,15177,0,99.00,0.000000,0.000000,0,0,0,0,-1.00,0.00,999.00,0.0,0,0,0,0,-86,-84.8,15177,81,15177
18:07:47,24.529,1635948,1635948,0,0,0,0.000000,0.000000,0.00,0.0,0.000,0,0.0,"-0.96,1.11,9.62","0.3,0.9,-0.8","-18.600,-34.200,6.000",0.07,16088,15177,0,99.00,0.000000,0.000000,0,0,0,0,-1.00,0.00,999.00,0.0,0,0,0,0,-86,-84.8,15177,131,15177
18:07:47,24.530,1636003,1636003,0,0,0,0.000000,0.000000,0.00,0.0,0.000,0,0.0,"-0.99,0.96,9.70","1.7,-0.6,1.5","-19.350,-34.200,3.300",0.13,16089,15177,0,99.00,0.000000,0.000000,0,0,0,0,-1.00,0.00,999.00,0.0,0,0,0,0,-86,-84.8,15177,186,15177
18:07:47,24.665,1636054,1636054,0,0,0,0.000000,0.000000,0.00,0.0,0.000,0,0.0,"-0.93,1.11,9.55","2.4,0.3,-0.7","-21.150,-33.150,6.150",0.09,16089,15178,0,99.00,0.000000,0.000000,0,0,0,0,-1.00,0.00,999.00,0.0,0,0,0,0,-85,-84.9,15178,25,15178
18:07:47,24.781,1636154,1636154,0,0,0,0.000000,0.000000,0.00,0.0,0.000,0,0.0,"-0.91,1.13,9.65","2.5,-0.7,-0.8","-19.050,-33.750,6.000",0.11,16090,15179,0,99.00,0.000000,0.000000,0,0,0,0,-1.00,0.00,999.00,0.0,0,0,0,0,-87,-85.3,15179,90,15179
18:07:47,25.107,1636304,1636304,0,0,0,0.000000,0.000000,0.00,0.0,0.000,0,0.0,"-0.94,1.12,9.55","-0.7,4.1,-0.2","-18.900,-36.750,3.450",0.08,16092,15180,0,99.00,0.000000,0.000000,0,0,0,0,-1.00,0.00,999.00,0.0,0,0,0,0,-86,-85.4,15180,27,15180
18:07:47,25.224,1636509,1636509,0,0,0,0.000000,0.000000,0.00,0.0,0.000,0,0.0,"-1.10,1.16,9.63","0.8,1.7,-2.4","-19.350,-33.450,6.000",0.19,16094,15182,0,99.00,0.000000,0.000000,0,0,0,0,-1.00,0.00,999.00,0.0,0,0,0,0,-81,-84.0,15182,37,15182
18:07:47,25.228,1636559,1636559,0,0,0,0.000000,0.000000,0.00,0.0,0.000,0,0.0,"-1.00,1.13,9.53","0.9,-0.3,0.2","-18.450,-34.350,4.950",0.12,16094,15182,0,99.00,0.000000,0.000000,0,0,0,0,-1.00,0.00,999.00,0.0,0,0,0,0,-81,-84.0,15182,87,15182
18:07:47,25.229,1636609,1636609,0,0,0,0.000000,0.000000,0.00,0.0,0.000,0,0.0,"-1.06,0.91,9.61","3.2,0.6,-1.8","-19.650,-34.800,4.950",0.18,16095,15183,0,99.00,0.000000,0.000000,0,0,0,0,-1.00,0.00,999.00,0.0,0,0,0,0,-87,-84.6,15183,38,15183
18:07:48,25.374,1636659,1636659,0,0,0,0.000000,0.000000,0.00,0.0,0.000,0,0.0,"-1.00,1.02,9.63","-0.7,0.6,-1.6","-18.450,-34.800,4.650",0.06,16095,15183,0,99.00,0.000000,0.000000,0,0,0,0,-1.00,0.00,999.00,0.0,0,0,0,0,-87,-84.6,15183,88,15183
18:07:48,25.429,1636714,1636714,0,0,0,0.000000,0.000000,0.00,0.0,0.000,0,0.0,"-0.97,1.13,9.53","-1.1,-2.3,0.4","-20.550,-34.200,4.500",0.11,16096,15184,0,99.00,0.000000,0.000000,0,0,0,0,-1.00,0.00,999.00,0.0,0,0,0,0,-89,-85.5,15184,36,15184
18:07:48,25.430,1636764,1636764,0,0,0,0.000000,0.000000,0.00,0.0,0.000,0,0.0,"-0.90,0.94,9.48","-0.3,-0.0,-1.6","-18.600,-32.550,6.000",0.17,16096,15184,0,99.00,0.000000,0.000000,0,0,0,0,-1.00,0.00,999.00,0.0,0,0,0,0,-89,-85.5,15184,86,15184
18:07:48,25.430,1636864,1636864,0,0,0,0.000000,0.000000,0.00,0.0,0.000,0,0.0,"-0.96,1.02,9.64","2.5,-4.1,3.9","-17.250,-34.350,4.200",0.05,16097,15184,0,99.00,0.000000,0.000000,0,0,0,0,-1.00,0.00,999.00,0.0,0,0,0,0,-89,-85.5,15184,186,15184
18:07:48,25.540,1636914,1636914,0,0,0,0.000000,0.000000,0.00,0.0,0.000,0,0.0,"-0.97,1.07,9.57","3.5,-1.3,0.6","-18.600,-34.200,4.050",0.04,16098,15184,0,99.00,0.000000,0.000000,0,0,0,0,-1.00,0.00,999.00,0.0,0,0,0,0,-89,-85.5,15184,236,15184
18:07:48,25.590,1636975,1636964,0,0,0,0.000000,0.000000,0.00,0.0,0.000,0,0.0,"-1.08,1.04,9.57","1.9,-0.8,0.6","-18.450,-35.100,5.400",0.13,16098,15184,0,99.00,0.000000,0.000000,0,0,0,0,-1.00,0.00,999.00,0.0,0,0,0,0,-89,-85.5,15184,297,15184
18:07:48,25.590,1637030,1637030,0,0,0,0.000000,0.000000,0.00,0.0,0.000,0,0.0,"-1.02,1.16,9.60","1.0,-0.1,2.2","-18.600,-34.650,5.550",0.13,16099,15185,0,99.00,0.000000,0.000000,0,0,0,0,-1.00,0.00,999.00,0.0,0,0,0,0,-86,-85.6,15185,45,15185
18:07:48,25.688,1637130,1637130,0,0,0,0.000000,0.000000,0.00,0.0,0.000,0,0.0,"-0.96,1.02,9.73","0.2,0.8,-0.9","-19.950,-34.050,4.950",0.14,16100,15185,0,99.00,0.000000,0.000000,0,0,0,0,-1.00,0.00,999.00,0.0,0,0,0,0,-86,-85.6,15185,145,15185
18:07:48,25.733,1637230,1637230,0,0,0,0.000000,0.000000,0.00,0.0,0.000,0,0.0,"-1.01,1.13,9.69","1.2,-1.4,-0.5","-19.650,-34.050,5.700",0.12,16101,15185,0,99.00,0.000000,0.000000,0,0,0,0,-1.00,0.00,999.00,0.0,0,0,0,0,-86,-85.6,15185,245,15185
18:07:48,25.823,1637280,1637280,0,0,0,0.000000,0.000000,0.00,0.0,0.000,0,0.0,"-1.00,1.00,9.58","1.0,-2.8,-3.4","-21.000,-34.200,5.250",0.07,16101,15185,0,99.00,0.000000,0.000000,0,0,0,0,-1.00,0.00,999.00,0.0,0,0,0,0,-86,-85.6,15185,295,15185
18:07:48,25.866,1637335,1637335,0,0,0,0.000000,0.000000,0.00,0.0,0.000,0,0.0,"-0.98,1.07,9.61","-0.1,-1.1,1.5","-19.200,-34.050,4.200",0.03,16102,15186,0,99.00,0.000000,0.000000,0,0,0,0,-1.00,0.00,999.00,0.0,0,0,0,0,-84,-85.3,15186,45,15186
18:07:48,25.866,1637385,1637385,0,0,0,0.000000,0.000000,0.00,0.0,0.000,0,0.0,"-0.94,1.05,9.62","2.9,-3.1,-1.2","-18.600,-34.200,6.300",0.03,16102,15186,0,99.00,0.000000,0.000000,0,0,0,0,-1.00,0.00,999.00,0.0,0,0,0,0,-84,-85.3,15186,95,15186
18:07:48,25.957,1637435,1637435,0,0,0,0.000000,0.000000,0.00,0.0,0.000,0,0.0,"-0.88,1.01,9.64","-1.2,0.2,-1.5","-20.400,-33.600,4.650",0.10,16103,15186,0,99.00,0.000000,0.000000,0,0,0,0,-1.00,0.00,999.00,0.0,0,0,0,0,-84,-85.3,15186,145,15186
18:07:49,26.474,1637485,1637485,0,0,0,0.000000,0.000000,0.00,0.0,0.000,0,0.0,"-0.88,0.88,9.54","0.7,1.1,-2.5","-17.550,-33.750,4.050",0.19,16103,15186,0,99.00,0.000000,0.000000,0,0,0,0,-1.00,0.00,999.00,0.0,0,0,0,0,-84,-85.3,15186,195,15186
18:07:49,26.807,1637935,1637935,0,0,0,0.000000,0.000000,0.00,0.0,0.000,0,0.0,"-0.97,0.94,9.63","-2.1,1.5,-1.9","-19.050,-34.650,4.800",0.13,16108,15187,0,99.00,0.000000,0.000000,0,0,0,0,-1.00,0.00,999.00,0.0,0,0,0,0,-86,-85.4,15187,334,15187
18:07:49,26.867,1638139,1638139,0,0,0,0.000000,0.000000,0.00,0.0,0.000,0,0.0,"-0.93,1.07,9.71","3.7,-1.6,0.7","-17.700,-34.350,4.200",0.11,16110,15187,0,99.00,0.000000,0.000000,0,0,0,0,-1.00,0.00,999.00,0.0,0,0,0,0,-86,-85.4,15187,538,15187
18:07:49,26.867,1638189,1638189,0,0,0,0.000000,0.000000,0.00,0.0,0.000,0,0.0,"-1.08,1.07,9.57","-0.5,-1.2,-0.7","-19.350,-34.200,4.500",0.14,16110,15187,0,99.00,0.000000,0.000000,0,0,0,0,-1.00,0.00,999.00,0.0,0,0,0,0,-86,-85.4,15187,588,15187
18:07:49,26.868,1638239,1638239,0,0,0,0.000000,0.000000,0.00,0.0,0.000,0,0.0,"-1.02,1.02,9.65","1.9,0.9,1.1","-17.100,-34.650,6.000",0.10,16111,15187,0,99.00,0.000000,0.000000,0,0,0,0,-1.00,0.00,999.00,0.0,0,0,0,0,-86,-85.4,15187,638,15187
18:07:49,26.960,1638289,1638289,0,0,0,0.000000,0.000000,0.00,0.0,0.000,0,0.0,"-0.95,1.14,9.57","2.1,0.2,-0.3","-19.350,-35.400,5.550",0.09,16111,15187,0,99.00,0.000000,0.000000,0,0,0,0,-1.00,0.00,999.00,0.0,0,0,0,0,-86,-85.4,15187,688,15187
18:07:49,27.000,1638389,1638389,0,0,0,0.000000,0.000000,0.00,0.0,0.000,0,0.0,"-0.93,1.02,9.65","-0.7,1.1,1.0","-17.250,-34.800,2.700",0.06,16112,15187,0,99.00,0.000000,0.000000,0,0,0,0,-1.00,0.00,999.00,0.0,0,0,0,0,-86,-85.4,15187,788,15187
18:07:49,27.145,1638439,1638439,0,0,0,0.000000,0.000000,0.00,0.0,0.000,0,0.0,"-0.99,1.02,9.73","-2.7,1.6,-2.8","-18.600,-35.400,6.300",0.14,16113,15188,0,99.00,0.000000,0.000000,0,0,0,0,-1.00,0.00,999.00,0.0,0,0,0,0,-84,-85.1,15188,34,15188
18:07:50,27.329,1638689,1638689,0,0,0,0.000000,0.000000,0.00,0.0,0.000,0,0.0,"-0.82,1.00,9.60","-1.2,-2.6,-1.3","-18.450,-34.800,5.700",0.14,16115,15189,0,99.00,0.000000,0.000000,0,0,0,0,-1.00,0.00,999.00,0.0,0,0,0,0,-89,-85.9,15189,162,15189
18:07:50,27.380,1638739,1638739,0,0,0,0.000000,0.000000,0.00,0.0,0.000,0,0.0,"-0.99,1.07,9.63","1.5,-1.0,1.7","-18.000,-34.050,4.200",0.06,16116,15190,0,99.00,0.000000,0.000000,0,0,0,0,-1.00,0.00,999.00,0.0,0,0,0,0,-88,-86.3,15190,23,15190
18:07:50,27.479,1638839,1638839,0,0,0,0.000000,0.000000,0.00,0.0,0.000,0,0.0,"-0.91,1.09,9.58","-1.4,1.4,-1.2","-19.200,-34.050,4.650",0.05,16117,15191,0,99.00,0.000000,0.000000,0,0,0,0,-1.00,0.00,999.00,0.0,0,0,0,0,-91,-87.3,15191,21,15191
18:07:50,27.517,1638939,1638939,0,0,0,0.000000,0.000000,0.00,0.0,0.000,0,0.0,"-1.16,1.02,9.59","1.2,-1.5,0.7","-18.900,-32.850,4.650",0.22,16118,15192,0,99.00,0.000000,0.000000,0,0,0,0,-1.00,0.00,999.00,0.0,0,0,0,0,-86,-87.0,15192,14,15192
18:07:50,27.613,1638993,1638993,0,0,0,0.000000,0.000000,0.00,0.0,0.000,0,0.0,"-1.00,0.93,9.57","-0.9,-0.5,-0.6","-19.050,-33.450,4.500",0.13,16118,15192,0,99.00,0.000000,0.000000,0,0,0,0,-1.00,0.00,999.00,0.0,0,0,0,0,-86,-87.0,15192,68,15192
18:07:50,27.663,1639043,1639043,0,0,0,0.000000,0.000000,0.00,0.0,0.000,0,0.0,"-0.92,1.21,9.60","0.1,0.6,-0.1","-18.000,-34.350,4.650",0.17,16119,15192,0,99.00,0.000000,0.000000,0,0,0,0,-1.00,0.00,999.00,0.0,0,0,0,0,-86,-87.0,15192,118,15192
18:07:50,27.664,1639093,1639093,0,0,0,0.000000,0.000000,0.00,0.0,0.000,0,0.0,"-1.05,1.15,9.49","3.3,-1.1,-2.6","-19.800,-35.400,4.050",0.17,16119,15192,0,99.00,0.000000,0.000000,0,0,0,0,-1.00,0.00,999.00,0.0,0,0,0,0,-86,-87.0,15192,168,15192
18:07:50,27.756,1639193,1639193,0,0,0,0.000000,0.000000,0.00,0.0,0.000,0,0.0,"-1.03,1.11,9.56","-1.6,-1.8,-1.3","-18.900,-34.350,5.400",0.10,16120,15192,0,99.00,0.000000,0.000000,0,0,0,0,-1.00,0.00,999.00,0.0,0,0,0,0,-86,-87.0,15192,268,15192
18:07:50,27.889,1639293,1639293,0,0,0,0.000000,0.000000,0.00,0.0,0.000,0,0.0,"-0.96,1.07,9.65","0.8,-2.0,-3.0","-19.650,-33.600,4.200",0.07,16121,15193,0,99.00,0.000000,0.000000,0,0,0,0,-1.00,0.00,999.00,0.0,0,0,0,0,-89,-87.4,15193,59,15193
18:07:50,27.931,1639393,1639393,0,0,0,0.000000,0.000000,0.00,0.0,0.000,0,0.0,"-0.95,1.09,9.51","0.2,-1.6,-3.8","-20.550,-34.650,4.500",0.08,16122,15194,0,99.00,0.000000,0.000000,0,0,0,0,-1.00,0.00,999.00,0.0,0,0,0,0,-86,-87.1,15194,67,15194
18:07:50,27.931,1639443,1639443,0,0,0,0.000000,0.000000,0.00,0.0,0.000,0,0.0,"-0.98,1.07,9.52","2.3,0.0,-1.1","-18.600,-34.200,3.000",0.07,16123,15194,0,99.00,0.000000,0.000000,0,0,0,0,-1.00,0.00,999.00,0.0,0,0,0,0,-86,-87.1,15194,117,15194
18:07:50,28.023,1639493,1639493,0,0,0,0.000000,0.000000,0.00,0.0,0.000,0,0.0,"-0.83,1.12,9.51","2.0,-2.1,-0.1","-19.200,-34.050,4.200",0.16,16123,15194,0,99.00,0.000000,0.000000,0,0,0,0,-1.00,0.00,999.00,0.0,0,0,0,0,-86,-87.1,15194,167,15194
18:07:50,28.146,1639543,1639543,0,0,0,0.000000,0.000000,0.00,0.0,0.000,0,0.0,"-1.07,1.01,9.63","2.5,-1.9,-0.2","-19.200,-34.350,3.450",0.12,16124,15194,0,99.00,0.000000,0.000000,0,0,0,0,-1.00,0.00,999.00,0.0,0,0,0,0,-86,-87.1,15194,217,15194
18:07:50,28.180,1639643,1639643,0,0,0,0.000000,0.000000,0.00,0.0,0.000,0,0.0,"-0.97,1.04,9.62","2.8,-0.7,-0.3","-21.000,-36.150,4.500",0.04,16125,15194,0,99.00,0.000000,0.000000,0,0,0,0,-1.00,0.00,999.00,0.0,0,0,0,0,-86,-87.1,15194,317,15194
18:07:51,28.396,1639693,1639693,0,0,0,0.000000,0.000000,0.00,0.0,0.000,0,0.0,"-0.98,1.01,9.69","3.6,-2.7,1.1","-19.200,-34.350,6.150",0.11,16125,15194,0,99.00,0.000000,0.000000,0,0,0,0,-1.00,0.00,999.00,0.0,0,0,0,0,-86,-87.1,15194,367,15194
18:07:51,28.520,1639893,1639893,0,0,0,0.000000,0.000000,0.00,0.0,0.000,0,0.0,"-0.86,1.02,9.56","-0.1,-0.1,-1.3","-17.250,-33.600,4.650",0.10,16127,15195,0,99.00,0.000000,0.000000,0,0,0,0,-1.00,0.00,999.00,0.0,0,0,0,0,-87,-87.1,15195,54,15195
18:07:51,28.737,1639943,1639943,0,0,0,0.000000,0.000000,0.00,0.0,0.000,0,0.0,"-0.91,1.05,9.64","0.1,1.7,-3.2","-18.450,-34.050,4.950",0.07,16128,15195,0,99.00,0.000000,0.000000,0,0,0,0,-1.00,0.00,999.00,0.0,0,0,0,0,-87,-87.1,15195,104,15195
18:07:51,28.818,1640199,1640199,0,0,0,0.000000,0.000000,0.00,0.0,0.000,0,0.0,"-0.94,1.02,9.65","-0.6,-0.1,-1.9","-19.200,-34.350,3.450",0.08,16130,15198,0,99.00,0.000000,0.000000,0,0,0,0,-1.00,0.00,999.00,0.0,0,0,0,0,-87,-86.7,15198,16,15198
18:07:51,28.818,1640249,1640249,0,0,0,0.000000,0.000000,0.00,0.0,0.000,0,0.0,"-0.87,1.08,9.65","0.2,0.7,-1.5","-16.800,-35.400,5.550",0.09,16131,15198,0,99.00,0.000000,0.000000,0,0,0,0,-1.00,0.00,999.00,0.0,0,0,0,0,-87,-86.7,15198,66,15198
18:07:51,28.819,1640299,1640299,0,0,0,0.000000,0.000000,0.00,0.0,0.000,0,0.0,"-0.91,1.05,9.45","1.0,4.1,-2.1","-19.050,-35.700,4.800",0.13,16131,15198,0,99.00,0.000000,0.000000,0,0,0,0,-1.00,0.00,999.00,0.0,0,0,0,0,-87,-86.7,15198,116,15198
18:07:51,28.925,1640349,1640349,0,0,0,0.000000,0.000000,0.00,0.0,0.000,0,0.0,"-0.99,1.00,9.69","-0.3,1.6,2.0","-18.600,-32.550,4.800",0.13,16132,15198,0,99.00,0.000000,0.000000,0,0,0,0,-1.00,0.00,999.00,0.0,0,0,0,0,-87,-86.7,15198,166,15198
18:07:51,28.967,1640399,1640399,0,0,0,0.000000,0.000000,0.00,0.0,0.000,0,0.0,"-0.90,1.06,9.50","4.0,-0.3,0.1","-21.000,-34.650,4.050",0.09,16132,15198,0,99.00,0.000000,0.000000,0,0,0,0,-1.00,0.00,999.00,0.0,0,0,0,0,-87,-86.7,15198,216,15198
18:07:51,28.967,1640499,1640499,0,0,0,0.000000,0.000000,0.00,0.0,0.000,0,0.0,"-0.92,1.21,9.61","1.3,-0.8,-1.1","-18.900,-33.150,3.900",0.17,16133,15198,0,99.00,0.000000,0.000000,0,0,0,0,-1.00,0.00,999.00,0.0,0,0,0,0,-87,-86.7,15198,316,15198
18:07:51,29.108,1640549,1640549,0,0,0,0.000000,0.000000,0.00,0.0,0.000,0,0.0,"-0.94,1.08,9.42","0.4,-3.3,0.5","-19.350,-34.200,6.000",0.17,16134,15198,0,99.00,0.000000,0.000000,0,0,0,0,-1.00,0.00,999.00,0.0,0,0,0,0,-87,-86.7,15198,366,15198
18:07:52,29.293,1640649,1640649,0,0,0,0.000000,0.000000,0.00,0.0,0.000,0,0.0,"-0.85,1.08,9.53","-1.1,1.2,0.7","-20.100,-33.750,6.000",0.11,16135,15199,0,99.00,0.000000,0.000000,0,0,0,0,-1.00,0.00,999.00,0.0,0,0,0,0,-91,-87.6,15199,82,15199
18:07:52,29.448,1640749,1640749,0,0,0,0.000000,0.000000,0.00,0.0,0.000,0,0.0,"-0.96,1.13,9.66","-1.3,0.2,-0.3","-19.050,-36.600,5.550",0.10,16136,15199,0,99.00,0.000000,0.000000,0,0,0,0,-1.00,0.00,999.00,0.0,0,0,0,0,-91,-87.6,15199,182,15199
18:07:52,29.488,1640950,1640950,0,0,0,0.000000,0.000000,0.00,0.0,0.000,0,0.0,"-1.03,0.97,9.59","0.7,-1.0,-0.7","-19.050,-34.950,4.500",0.12,16138,15201,0,99.00,0.000000,0.000000,0,0,0,0,-1.00,0.00,999.00,0.0,0,0,0,0,-82,-86.4,15201,91,15201
18:07:52,29.590,1641004,1641004,0,0,0,0.000000,0.000000,0.00,0.0,0.000,0,0.0,"-0.91,0.99,9.72","-0.8,0.1,-2.5","-21.150,-34.800,4.950",0.14,16138,15201,0,99.00,0.000000,0.000000,0,0,0,0,-1.00,0.00,999.00,0.0,0,0,0,0,-82,-86.4,15201,145,15201
18:07:52,29.632,1641054,1641054,0,0,0,0.000000,0.000000,0.00,0.0,0.000,0,0.0,"-0.94,1.18,9.59","0.2,-0.0,-1.2","-18.450,-33.600,5.700",0.12,16139,15201,0,99.00,0.000000,0.000000,0,0,0,0,-1.00,0.00,999.00,0.0,0,0,0,0,-82,-86.4,15201,195,15201
18:07:52,29.633,1641104,1641104,0,0,0,0.000000,0.000000,0.00,0.0,0.000,0,0.0,"-0.93,0.91,9.63","1.3,-0.4,-0.3","-20.400,-34.050,5.400",0.15,16139,15201,0,99.00,0.000000,0.000000,0,0,0,0,-1.00,0.00,999.00,0.0,0,0,0,0,-82,-86.4,15201,245,15201
18:07:52,29.633,1641154,1641154,0,0,0,0.000000,0.000000,0.00,0.0,0.000,0,0.0,"-0.92,0.98,9.55","0.5,-2.1,-1.1","-21.000,-34.950,5.250",0.09,16140,15202,0,99.00,0.000000,0.000000,0,0,0,0,-1.00,0.00,999.00,0.0,0,0,0,0,-84,-85.9,15202,2,15202
18:07:52,29.738,1641205,1641205,0,0,0,0.000000,0.000000,0.00,0.0,0.000,0,0.0,"-0.89,1.01,9.70","2.5,-1.4,-0.8","-19.800,-33.450,5.250",0.13,16140,15202,0,99.00,0.000000,0.000000,0,0,0,0,-1.00,0.00,999.00,0.0,0,0,0,0,-84,-85.9,15202,53,15202
18:07:52,29.877,1641305,1641305,0,0,0,0.000000,0.000000,0.00,0.0,0.000,0,0.0,"-0.95,1.02,9.50","0.9,1.7,0.7","-17.850,-34.950,5.250",0.10,16141,15203,0,99.00,0.000000,0.000000,0,0,0,0,-1.00,0.00,999.00,0.0,0,0,0,0,-93,-87.3,15203,24,15203
18:07:52,30.010,1641405,1641405,0,0,0,0.000000,0.000000,0.00,0.0,0.000,0,0.0,"-0.96,1.06,9.50","-1.3,-2.6,-0.7","-19.950,-35.550,3.900",0.09,16142,15204,0,99.00,0.000000,0.000000,0,0,0,0,-1.00,0.00,999.00,0.0,0,0,0,0,-84,-86.6,15204,28,15204
18:07:52,30.141,1641555,1641555,0,0,0,0.000000,0.000000,0.00,0.0,0.000,0,0.0,"-0.97,1.07,9.54","0.8,-0.4,1.2","-19.050,-34.200,4.800",0.06,16144,15205,0,99.00,0.000000,0.000000,0,0,0,0,-1.00,0.00,999.00,0.0,0,0,0,0,-91,-87.5,15205,92,15205
18:07:52,30.181,1641605,1641605,0,0,0,0.000000,0.000000,0.00,0.0,0.000,0,0.0,"-0.92,1.16,9.52","-1.1,1.2,-0.7","-19.050,-33.450,5.550",0.12,16144,15205,0,99.00,0.000000,0.000000,0,0,0,0,-1.00,0.00,999.00,0.0,0,0,0,0,-91,-87.5,15205,142,15205
18:07:52,30.181,1641655,1641655,0,0,0,0.000000,0.000000,0.00,0.0,0.000,0,0.0,"-0.92,1.02,9.58","0.5,1.2,-1.7","-19.800,-34.950,5.250",0.05,16145,15205,0,99.00,0.000000,0.000000,0,0,0,0,-1.00,0.00,999.00,0.0,0,0,0,0,-91,-87.5,15205,192,15205
18:07:53,30.423,1641705,1641705,0,0,0,0.000000,0.000000,0.00,0.0,0.000,0,0.0,"-0.95,0.97,9.66","-2.4,1.5,-1.4","-20.700,-34.800,4.650",0.11,16145,15206,0,99.00,0.000000,0.000000,0,0,0,0,-1.00,0.00,999.00,0.0,0,0,0,0,-80,-86.0,15206,35,15206
18:07:53,30.623,1641955,1641955,0,0,0,0.000000,0.000000,0.00,0.0,0.000,0,0.0,"-0.88,1.08,9.61","-0.8,-1.5,0.5","-18.600,-34.200,5.550",0.07,16148,15206,0,99.00,0.000000,0.000000,0,0,0,0,-1.00,0.00,999.00,0.0,0,0,0,0,-80,-86.0,15206,285,15206
18:07:53,30.665,1642010,1642010,0,0,0,0.000000,0.000000,0.00,0.0,0.000,0,0.0,"-0.98,1.00,9.58","1.0,0.5,-2.1","-18.900,-34.800,4.950",0.06,16148,15207,0,99.00,0.000000,0.000000,0,0,0,0,-1.00,0.00,999.00,0.0,0,0,0,0,-87,-86.2,15207,24,15207
18:07:53,30.665,1642060,1642060,0,0,0,0.000000,0.000000,0.00,0.0,0.000,0,0.0,"-0.98,0.93,9.55","1.1,0.5,1.5","-18.600,-33.750,4.800",0.13,16149,15207,0,99.00,0.000000,0.000000,0,0,0,0,-1.00,0.00,999.00,0.0,0,0,0,0,-87,-86.2,15207,74,15207
18:07:53,30.756,1642110,1642110,0,0,0,0.000000,0.000000,0.00,0.0,0.000,0,0.0,"-0.91,0.89,9.64","2.8,-1.8,1.0","-18.600,-33.750,4.800",0.17,16149,15208,0,99.00,0.000000,0.000000,0,0,0,0,-1.00,0.00,999.00,0.0,0,0,0,0,-88,-86.6,15208,17,15208
18:07:53,30.873,1642260,1642260,0,0,0,0.000000,0.000000,0.00,0.0,0.000,0,0.0,"-0.97,1.06,9.66","-3.1,0.5,-1.6","-19.050,-34.650,3.300",0.07,16151,15208,0,99.00,0.000000,0.000000,0,0,0,0,-1.00,0.00,999.00,0.0,0,0,0,0,-88,-86.6,15208,167,15208
18:07:53,30.906,1642410,1642410,0,0,0,0.000000,0.000000,0.00,0.0,0.000,0,0.0,"-0.81,1.04,9.52","1.8,-3.2,-0.7","-19.800,-33.750,5.550",0.16,16152,15209,0,99.00,0.000000,0.000000,0,0,0,0,-1.00,0.00,999.00,0.0,0,0,0,0,-91,-87.5,15209,30,15209
18:07:53,30.990,1642460,1642460,0,0,0,0.000000,0.000000,0.00,0.0,0.000,0,0.0,"-0.90,0.97,9.56","0.6,-0.9,-2.0","-19.650,-35.100,5.700",0.10,16153,15209,0,99.00,0.000000,0.000000,0,0,0,0,-1.00,0.00,999.00,0.0,0,0,0,0,-91,-87.5,15209,80,15209
18:07:53,31.024,1642510,1642510,0,0,0,0.000000,0.000000,0.00,0.0,0.000,0,0.0,"-1.05,1.04,9.65","-2.0,-1.3,2.6","-17.850,-33.000,5.550",0.11,16153,15209,0,99.00,0.000000,0.000000,0,0,0,0,-1.00,0.00,999.00,0.0,0,0,0,0,-91,-87.5,15209,130,15209
18:07:53,31.111,1642610,1642610,0,0,0,0.000000,0.000000,0.00,0.0,0.000,0,0.0,"-1.10,1.11,9.68","4.8,-1.5,-0.7","-19.350,-34.650,5.550",0.18,16154,15209,0,99.00,0.000000,0.000000,0,0,0,0,-1.00,0.00,999.00,0.0,0,0,0,0,-91,-87.5,15209,230,15209
18:07:53,31.139,1642660,1642660,0,0,0,0.000000,0.000000,0.00,0.0,0.000,0,0.0,"-0.93,1.11,9.56","1.7,-0.8,-2.0","-18.450,-33.150,5.700",0.07,16155,15209,0,99.00,0.000000,0.000000,0,0,0,0,-1.00,0.00,999.00,0.0,0,0,0,0,-91,-87.5,15209,280,15209
18:07:54,31.298,1642710,1642710,0,0,0,0.000000,0.000000,0.00,0.0,0.000,0,0.0,"-0.86,1.19,9.60","-1.4,1.9,-2.0","-18.900,-34.050,5.700",0.16,16155,15209,0,99.00,0.000000,0.000000,0,0,0,0,-1.00,0.00,999.00,0.0,0,0,0,0,-91,-87.5,15209,330,15209
18:07:54,31.364,1642760,1642760,0,0,0,0.000000,0.000000,0.00,0.0,0.000,0,0.0,"-0.87,1.01,9.65","-3.0,0.9,-3.1","-19.350,-34.200,3.300",0.10,16156,15209,0,99.00,0.000000,0.000000,0,0,0,0,-1.00,0.00,999.00,0.0,0,0,0,0,-91,-87.5,15209,380,15209
18:07:54,31.476,1642810,1642810,0,0,0,0.000000,0.000000,0.00,0.0,0.000,0,0.0,"-0.99,0.99,9.65","0.2,-1.6,-0.0","-19.200,-35.100,6.150",0.09,16156,15209,0,99.00,0.000000,0.000000,0,0,0,0,-1.00,0.00,999.00,0.0,0,0,0,0,-91,-87.5,15209,430,15209
18:07:54,31.518,1642865,1642865,0,0,0,0.000000,0.000000,0.00,0.0,0.000,0,0.0,"-0.91,1.08,9.68","0.4,2.3,-2.0","-21.150,-35.100,4.650",0.09,16157,15210,0,99.00,0.000000,0.000000,0,0,0,0,-1.00,0.00,999.00,0.0,0,0,0,0,-89,-87.8,15210,41,15210
18:07:54,31.612,1642965,1642965,0,0,0,0.000000,0.000000,0.00,0.0,0.000,0,0.0,"-0.95,0.99,9.60","-2.0,-2.9,-2.9","-19.200,-34.050,4.650",0.06,16158,15210,0,99.00,0.000000,0.000000,0,0,0,0,-1.00,0.00,999.00,0.0,0,0,0,0,-89,-87.8,15210,141,15210
18:07:54,31.650,1643070,1643070,0,0,0,0.000000,0.000000,0.00,0.0,0.000,0,0.0,"-0.94,1.07,9.43","2.0,1.4,-3.0","-19.200,-34.050,4.200",0.16,16159,15211,0,99.00,0.000000,0.000000,0,0,0,0,-1.00,0.00,999.00,0.0,0,0,0,0,-86,-87.4,15211,75,15211
18:07:54,31.754,1643120,1643120,0,0,0,0.000000,0.000000,0.00,0.0,0.000,0,0.0,"-0.93,1.16,9.54","1.9,-1.5,0.5","-19.200,-33.150,4.950",0.12,16159,15211,0,99.00,0.000000,0.000000,0,0,0,0,-1.00,0.00,999.00,0.0,0,0,0,0,-86,-87.4,15211,125,15211
18:07:54,31.856,1643220,1643220,0,0,0,0.000000,0.000000,0.00,0.0,0.000,0,0.0,"-0.94,0.94,9.67","3.5,-2.4,1.0","-17.550,-34.650,4.800",0.14,16160,15211,0,99.00,0.000000,0.000000,0,0,0,0,-1.00,0.00,999.00,0.0,0,0,0,0,-86,-87.4,15211,225,15211
18:07:54,31.997,1643421,1643421,0,0,0,0.000000,0.000000,0.00,0.0,0.000,0,0.0,"-0.89,1.05,9.62","1.7,-0.4,2.1","-19.950,-34.350,5.700",0.07,16162,15212,0,99.00,0.000000,0.000000,0,0,0,0,-1.00,0.00,999.00,0.0,0,0,0,0,-89,-87.7,15212,100,15212
18:07:54,32.147,1643471,1643471,0,0,0,0.000000,0.000000,0.00,0.0,0.000,0,0.0,"-0.87,0.96,9.54","1.6,-0.8,3.1","-20.100,-34.950,4.800",0.12,16163,15212,0,99.00,0.000000,0.000000,0,0,0,0,-1.00,0.00,999.00,0.0,0,0,0,0,-89,-87.7,15212,150,15212
18:07:54,32.189,1643571,1643571,0,0,0,0.000000,0.000000,0.00,0.0,0.000,0,0.0,"-0.94,1.20,9.60","-1.8,-0.3,-1.2","-19.800,-33.750,6.000",0.15,16164,15213,0,99.00,0.000000,0.000000,0,0,0,0,-1.00,0.00,999.00,0.0,0,0,0,0,-88,-87.8,15213,56,15213
18:07:54,32.189,1643621,1643621,0,0,0,0.000000,0.000000,0.00,0.0,0.000,0,0.0,"-0.91,1.07,9.60","0.8,-1.8,-1.4","-20.700,-35.100,5.400",0.05,16164,15213,0,99.00,0.000000,0.000000,0,0,0,0,-1.00,0.00,999.00,0.0,0,0,0,0,-88,-87.8,15213,106,15213
18:07:55,32.277,1643671,1643671,0,0,0,0.000000,0.000000,0.00,0.0,0.000,0,0.0,"-0.86,1.11,9.62","4.5,0.3,1.9","-19.800,-34.200,4.050",0.11,16165,15213,0,99.00,0.000000,0.000000,0,0,0,0,-1.00,0.00,999.00,0.0,0,0,0,0,-88,-87.8,15213,156,15213
18:07:55,32.367,1643771,1643771,0,0,0,0.000000,0.000000,0.00,0.0,0.000,0,0.0,"-0.97,1.00,9.58","0.1,0.5,1.4","-19.350,-32.250,6.000",0.05,16166,15214,0,99.00,0.000000,0.000000,0,0,0,0,-1.00,0.00,999.00,0.0,0,0,0,0,-92,-88.6,15214,69,15214
18:07:55,32.555,1643921,1643921,0,0,0,0.000000,0.000000,0.00,0.0,0.000,0,0.0,"-0.98,1.02,9.52","-1.2,-0.4,-1.3","-21.000,-36.150,4.500",0.07,16167,15215,0,99.00,0.000000,0.000000,0,0,0,0,-1.00,0.00,999.00,0.0,0,0,0,0,-90,-88.9,15215,108,15215
18:07:55,32.756,1644125,1644125,0,0,0,0.000000,0.000000,0.00,0.0,0.000,0,0.0,"-1.02,1.16,9.49","-1.3,-0.1,0.4","-19.350,-34.650,7.050",0.17,16169,15216,0,99.00,0.000000,0.000000,0,0,0,0,-1.00,0.00,999.00,0.0,0,0,0,0,-89,-88.9,15216,186,15216
18:07:55,32.805,1644175,1644175,0,0,0,0.000000,0.000000,0.00,0.0,0.000,0,0.0,"-0.95,1.03,9.56","-2.1,-1.1,-0.6","-17.850,-34.200,5.250",0.02,16170,15216,0,99.00,0.000000,0.000000,0,0,0,0,-1.00,0.00,999.00,0.0,0,0,0,0,-89,-88.9,15216,236,15216
18:07:55,32.805,1644225,1644225,0,0,0,0.000000,0.000000,0.00,0.0,0.000,0,0.0,"-0.93,1.02,9.52","-0.8,2.6,-3.1","-19.050,-35.700,3.750",0.07,16170,15216,0,99.00,0.000000,0.000000,0,0,0,0,-1.00,0.00,999.00,0.0,0,0,0,0,-89,-88.9,15216,286,15216
18:07:55,32.805,1644275,1644275,0,0,0,0.000000,0.000000,0.00,0.0,0.000,0,0.0,"-1.00,0.95,9.59","1.1,1.6,-3.2","-19.650,-36.300,5.700",0.11,16171,15216,0,99.00,0.000000,0.000000,0,0,0,0,-1.00,0.00,999.00,0.0,0,0,0,0,-89,-88.9,15216,336,15216
18:07:55,32.806,1644325,1644325,0,0,0,0.000000,0.000000,0.00,0.0,0.000,0,0.0,"-1.08,1.00,9.63","-0.1,3.1,-0.1","-18.450,-34.800,3.900",0.14,16171,15216,0,99.00,0.000000,0.000000,0,0,0,0,-1.00,0.00,999.00,0.0,0,0,0,0,-89,-88.9,15216,386,15216
18:07:55,32.893,1644376,1644376,0,0,0,0.000000,0.000000,0.00,0.0,0.000,0,0.0,"-0.90,1.10,9.64","-1.0,0.8,-1.4","-19.200,-34.800,4.650",0.10,16172,15217,0,99.00,0.000000,0.000000,0,0,0,0,-1.00,0.00,999.00,0.0,0,0,0,0,-91,-89.3,15217,45,15217
18:07:55,32.985,1644426,1644426,0,0,0,0.000000,0.000000,0.00,0.0,0.000,0,0.0,"-0.90,1.05,9.48","-0.2,0.3,-0.8","-20.400,-33.150,3.900",0.12,16172,15217,0,99.00,0.000000,0.000000,0,0,0,0,-1.00,0.00,999.00,0.0,0,0,0,0,-91,-89.3,15217,95,15217
18:07:55,33.121,1644526,1644526,0,0,0,0.000000,0.000000,0.00,0.0,0.000,0,0.0,"-0.97,1.03,9.66","-0.4,2.7,-1.1","-19.650,-36.300,4.200",0.07,16173,15217,0,99.00,0.000000,0.000000,0,0,0,0,-1.00,0.00,999.00,0.0,0,0,0,0,-91,-89.3,15217,195,15217
18:07:56,33.314,1644576,1644576,0,0,0,0.000000,0.000000,0.00,0.0,0.000,0,0.0,"-0.98,0.99,9.63","0.8,-1.2,1.3","-18.300,-35.400,6.000",0.09,16174,15218,0,99.00,0.000000,0.000000,0,0,0,0,-1.00,0.00,999.00,0.0,0,0,0,0,-91,-89.7,15218,18,15218
18:07:56,33.379,1644826,1644826,0,0,0,0.000000,0.000000,0.00,0.0,0.000,0,0.0,"-1.06,1.02,9.58","0.0,2.0,-3.3","-18.900,-34.800,6.450",0.11,16176,15219,0,99.00,0.000000,0.000000,0,0,0,0,-1.00,0.00,999.00,0.0,0,0,0,0,-87,-89.1,15219,153,15219
18:07:56,33.511,1644876,1644876,0,0,0,0.000000,0.000000,0.00,0.0,0.000,0,0.0,"-0.93,0.97,9.47","0.1,0.0,-0.8","-19.650,-33.600,4.200",0.14,16177,15219,0,99.00,0.000000,0.000000,0,0,0,0,-1.00,0.00,999.00,0.0,0,0,0,0,-87,-89.1,15219,203,15219
18:07:56,33.564,1645030,1645030,0,0,0,0.000000,0.000000,0.00,0.0,0.000,0,0.0,"-1.03,1.12,9.57","2.4,-1.9,0.2","-19.200,-34.050,6.150",0.11,16178,15219,0,99.00,0.000000,0.000000,0,0,0,0,-1.00,0.00,999.00,0.0,0,0,0,0,-87,-89.1,15219,357,15219
18:07:56,33.663,1645080,1645080,0,0,0,0.000000,0.000000,0.00,0.0,0.000,0,0.0,"-0.94,1.08,9.63","1.8,-0.9,-1.0","-18.900,-34.350,4.950",0.06,16179,15220,0,99.00,0.000000,0.000000,0,0,0,0,-1.00,0.00,999.00,0.0,0,0,0,0,-92,-89.7,15220,15,15220
18:07:56,33.701,1645180,1645180,0,0,0,0.000000,0.000000,0.00,0.0,0.000,0,0.0,"-0.88,1.01,9.58","3.5,-1.8,1.5","-18.600,-34.950,4.500",0.08,16180,15220,0,99.00,0.000000,0.000000,0,0,0,0,-1.00,0.00,999.00,0.0,0,0,0,0,-92,-89.7,15220,115,15220
18:07:56,33.797,1645230,1645230,0,0,0,0.000000,0.000000,0.00,0.0,0.000,0,0.0,"-0.97,1.05,9.59","-0.4,2.5,-0.2","-19.800,-34.200,3.000",0.02,16180,15220,0,99.00,0.000000,0.000000,0,0,0,0,-1.00,0.00,999.00,0.0,0,0,0,0,-92,-89.7,15220,165,15220
18:07:56,33.850,1645281,1645281,0,0,0,0.000000,0.000000,0.00,0.0,0.000,0,0.0,"-0.94,1.11,9.55","1.6,-1.1,-1.5","-18.450,-34.050,6.150",0.08,16181,15221,0,99.00,0.000000,0.000000,0,0,0,0,-1.00,0.00,999.00,0.0,0,0,0,0,-86,-89.0,15221,48,15221
18:07:56,33.851,1645331,1645331,0,0,0,0.000000,0.000000,0.00,0.0,0.000,0,0.0,"-0.89,1.05,9.62","0.6,-3.0,-1.7","-19.800,-34.200,4.800",0.07,16181,15221,0,99.00,0.000000,0.000000,0,0,0,0,-1.00,0.00,999.00,0.0,0,0,0,0,-86,-89.0,15221,98,15221
18:07:56,33.945,1645381,1645381,0,0,0,0.000000,0.000000,0.00,0.0,0.000,0,0.0,"-1.11,1.07,9.59","1.9,-1.4,-0.6","-17.850,-33.450,5.250",0.16,16182,15222,0,99.00,0.000000,0.000000,0,0,0,0,-1.00,0.00,999.00,0.0,0,0,0,0,-86,-88.4,15222,28,15222
18:07:56,33.988,1645431,1645431,0,0,0,0.000000,0.000000,0.00,0.0,0.000,0,0.0,"-0.87,0.93,9.59","1.2,1.2,0.5","-19.050,-34.950,3.000",0.14,16182,15222,0,99.00,0.000000,0.000000,0,0,0,0,-1.00,0.00,999.00,0.0,0,0,0,0,-86,-88.4,15222,78,15222
18:07:56,33.988,1645482,1645482,0,0,0,0.000000,0.000000,0.00,0.0,0.000,0,0.0,"-1.01,1.04,9.59","3.0,-2.7,-0.6","-18.600,-34.650,3.750",0.06,16183,15223,0,99.00,0.000000,0.000000,0,0,0,0,-1.00,0.00,999.00,0.0,0,0,0,0,-90,-88.7,15223,50,15223
18:07:56,34.077,1645532,1645532,0,0,0,0.000000,0.000000,0.00,0.0,0.000,0,0.0,"-0.94,1.03,9.66","0.6,-3.4,0.0","-20.700,-33.600,6.450",0.07,16183,15223,0,99.00,0.000000,0.000000,0,0,0,0,-1.00,0.00,999.00,0.0,0,0,0,0,-90,-88.7,15223,100,15223
18:07:56,34.210,1645582,1645582,0,0,0,0.000000,0.000000,0.00,0.0,0.000,0,0.0,"-1.02,0.97,9.57","1.4,-1.1,0.2","-18.600,-34.950,5.550",0.10,16184,15224,0,99.00,0.000000,0.000000,0,0,0,0,-1.00,0.00,999.00,0.0,0,0,0,0,-93,-89.6,15224,32,15224
18:07:56,34.249,1645632,1645632,0,0,0,0.000000,0.000000,0.00,0.0,0.000,0,0.0,"-0.95,0.82,9.52","2.7,-0.4,1.1","-20.700,-33.600,5.700",0.22,16184,15224,0,99.00,0.000000,0.000000,0,0,0,0,-1.00,0.00,999.00,0.0,0,0,0,0,-93,-89.6,15224,82,15224
18:07:56,34.250,1645682,1645682,0,0,0,0.000000,0.000000,0.00,0.0,0.000,0,0.0,"-1.01,0.98,9.52","0.7,-3.4,-0.7","-18.600,-33.450,4.050",0.10,16185,15224,0,99.00,0.000000,0.000000,0,0,0,0,-1.00,0.00,999.00,0.0,0,0,0,0,-93,-89.6,15224,132,15224
18:07:57,34.339,1645732,1645732,0,0,0,0.000000,0.000000,0.00,0.0,0.000,0,0.0,"-0.95,1.09,9.65","-2.4,-1.2,-1.7","-17.850,-35.400,4.800",0.08,16185,15224,0,99.00,0.000000,0.000000,0,0,0,0,-1.00,0.00,999.00,0.0,0,0,0,0,-93,-89.6,15224,182,15224
18:07:57,34.373,1645782,1645782,0,0,0,0.000000,0.000000,0.00,0.0,0.000,0,0.0,"-0.81,1.11,9.53","1.2,0.6,-0.4","-21.750,-33.000,5.550",0.17,16186,15224,0,99.00,0.000000,0.000000,0,0,0,0,-1.00,0.00,999.00,0.0,0,0,0,0,-93,-89.6,15224,232,15224
18:07:57,34.373,1645832,1645832,0,0,0,0.000000,0.000000,0.00,0.0,0.000,0,0.0,"-1.03,1.06,9.52","0.3,3.0,0.6","-20.100,-34.200,4.500",0.10,16186,15224,0,99.00,0.000000,0.000000,0,0,0,0,-1.00,0.00,999.00,0.0,0,0,0,0,-93,-89.6,15224,282,15224
18:07:57,34.457,1645882,1645882,0,0,0,0.000000,0.000000,0.00,0.0,0.000,0,0.0,"-0.93,1.11,9.57","-0.3,-1.1,-2.5","-17.550,-34.950,5.550",0.08,16187,15224,0,99.00,0.000000,0.000000,0,0,0,0,-1.00,0.00,999.00,0.0,0,0,0,0,-93,-89.6,15224,332,15224
18:07:57,34.496,1645932,1645932,0,0,0,0.000000,0.000000,0.00,0.0,0.000,0,0.0,"-0.85,1.10,9.45","0.9,4.6,-1.4","-19.050,-33.750,5.550",0.18,16187,15224,0,99.00,0.000000,0.000000,0,0,0,0,-1.00,0.00,999.00,0.0,0,0,0,0,-93,-89.6,15224,382,15224
18:07:57,34.496,1645987,1645987,0,0,0,0.000000,0.000000,0.00,0.0,0.000,0,0.0,"-1.01,0.97,9.57","-0.3,-0.5,-1.1","-19.350,-35.400,4.050",0.09,16188,15225,0,99.00,0.000000,0.000000,0,0,0,0,-1.00,0.00,999.00,0.0,0,0,0,0,-87,-89.0,15225,42,15225
18:07:57,34.496,1646041,1646041,0,0,0,0.000000,0.000000,0.00,0.0,0.000,0,0.0,"-0.92,0.87,9.54","2.0,-0.5,0.1","-18.900,-32.850,4.200",0.17,16188,15225,0,99.00,0.000000,0.000000,0,0,0,0,-1.00,0.00,999.00,0.0,0,0,0,0,-87,-89.0,15225,96,15225
18:07:57,34.581,1646091,1646091,0,0,0,0.000000,0.000000,0.00,0.0,0.000,0,0.0,"-0.86,1.10,9.65","0.2,-2.8,0.5","-19.050,-35.400,5.550",0.13,16189,15226,0,99.00,0.000000,0.000000,0,0,0,0,-1.00,0.00,999.00,0.0,0,0,0,0,-88,-88.8,15226,24,15226
18:07:57,34.706,1646191,1646191,0,0,0,0.000000,0.000000,0.00,0.0,0.000,0,0.0,"-1.03,1.05,9.56","0.6,-0.0,1.5","-19.050,-33.450,7.050",0.09,16190,15226,0,99.00,0.000000,0.000000,0,0,0,0,-1.00,0.00,999.00,0.0,0,0,0,0,-88,-88.8,15226,124,15226
18:07:57,34.791,1646241,1646241,0,0,0,0.000000,0.000000,0.00,0.0,0.000,0,0.0,"-0.84,1.11,9.59","3.1,-2.3,0.7","-19.200,-34.350,4.200",0.12,16190,15226,0,99.00,0.000000,0.000000,0,0,0,0,-1.00,0.00,999.00,0.0,0,0,0,0,-88,-88.8,15226,174,15226
18:07:57,34.816,1646291,1646291,0,0,0,0.000000,0.000000,0.00,0.0,0.000,0,0.0,"-0.97,1.05,9.57","-0.7,1.5,0.2","-19.200,-33.600,5.400",0.03,16191,15226,0,99.00,0.000000,0.000000,0,0,0,0,-1.00,0.00,999.00,0.0,0,0,0,0,-88,-88.8,15226,224,15226
18:07:57,34.927,1646341,1646341,0,0,0,0.000000,0.000000,0.00,0.0,0.000,0,0.0,"-0.92,1.02,9.55","0.9,-1.0,-2.5","-20.100,-35.400,4.800",0.06,16191,15226,0,99.00,0.000000,0.000000,0,0,0,0,-1.00,0.00,999.00,0.0,0,0,0,0,-88,-88.8,15226,274,15226
18:07:57,35.057,1646391,1646391,0,0,0,0.000000,0.000000,0.00,0.0,0.000,0,0.0,"-0.97,1.00,9.69","1.1,1.1,0.3","-19.200,-33.600,6.450",0.11,16192,15226,0,99.00,0.000000,0.000000,0,0,0,0,-1.00,0.00,999.00,0.0,0,0,0,0,-88,-88.8,15226,324,15226
18:07:57,35.096,1646441,1646441,0,0,0,0.000000,0.000000,0.00,0.0,0.000,0,0.0,"-0.98,1.03,9.61","0.9,1.6,-0.4","-18.600,-35.400,5.550",0.04,16192,15226,0,99.00,0.000000,0.000000,0,0,0,0,-1.00,0.00,999.00,0.0,0,0,0,0,-88,-88.8,15226,374,15226
18:07:57,35.180,1646491,1646491,0,0,0,0.000000,0.000000,0.00,0.0,0.000,0,0.0,"-1.07,1.02,9.62","2.1,0.4,-2.0","-18.000,-35.100,4.950",0.13,16193,15227,0,99.00,0.000000,0.000000,0,0,0,0,-1.00,0.00,999.00,0.0,0,0,0,0,-86,-88.3,15227,33,15227
18:07:57,35.214,1646541,1646541,0,0,0,0.000000,0.000000,0.00,0.0,0.000,0,0.0,"-1.08,1.09,9.59","2.5,-0.7,0.1","-19.800,-33.450,5.550",0.15,16193,15227,0,99.00,0.000000,0.000000,0,0,0,0,-1.00,0.00,999.00,0.0,0,0,0,0,-86,-88.3,15227,83,15227
18:07:57,35.214,1646591,1646591,0,0,0,0.000000,0.000000,0.00,0.0,0.000,0,0.0,"-0.88,1.07,9.44","1.5,-2.3,-1.0","-18.900,-33.600,4.200",0.17,16194,15228,0,99.00,0.000000,0.000000,0,0,0,0,-1.00,0.00,999.00,0.0,0,0,0,0,-89,-88.4,15228,32,15228
18:07:58,35.306,1646641,1646641,0,0,0,0.000000,0.000000,0.00,0.0,0.000,0,0.0,"-0.89,1.04,9.74","-0.2,-1.9,1.9","-19.350,-34.650,6.000",0.16,16194,15228,0,99.00,0.000000,0.000000,0,0,0,0,-1.00,0.00,999.00,0.0,0,0,0,0,-89,-88.4,15228,82,15228
18:07:58,35.340,1646691,1646691,0,0,0,0.000000,0.000000,0.00,0.0,0.000,0,0.0,"-1.00,1.21,9.50","0.2,0.4,-1.4","-18.450,-33.150,6.150",0.19,16195,15228,0,99.00,0.000000,0.000000,0,0,0,0,-1.00,0.00,999.00,0.0,0,0,0,0,-89,-88.4,15228,132,15228
18:07:58,35.430,1646741,1646741,0,0,0,0.000000,0.000000,0.00,0.0,0.000,0,0.0,"-0.94,1.00,9.61","0.9,-2.4,1.4","-20.550,-34.950,4.500",0.04,16195,15228,0,99.00,0.000000,0.000000,0,0,0,0,-1.00,0.00,999.00,0.0,0,0,0,0,-89,-88.4,15228,182,15228
18:07:58,35.470,1646841,1646841,0,0,0,0.000000,0.000000,0.00,0.0,0.000,0,0.0,"-1.02,1.11,9.63","1.9,-2.2,-1.5","-19.050,-34.650,4.050",0.11,16196,15228,0,99.00,0.000000,0.000000,0,0,0,0,-1.00,0.00,999.00,0.0,0,0,0,0,-89,-88.4,15228,282,15228
18:07:58,35.470,1646891,1646891,0,0,0,0.000000,0.000000,0.00,0.0,0.000,0,0.0,"-0.90,1.09,9.61","0.1,2.9,-2.1","-18.900,-34.350,4.950",0.06,16197,15228,0,99.00,0.000000,0.000000,0,0,0,0,-1.00,0.00,999.00,0.0,0,0,0,0,-89,-88.4,15228,332,15228
18:07:58,35.470,1646941,1646941,0,0,0,0.000000,0.000000,0.00,0.0,0.000,0,0.0,"-0.94,0.99,9.58","-1.1,-1.1,-2.7","-18.600,-34.950,5.550",0.05,16197,15228,0,99.00,0.000000,0.000000,0,0,0,0,-1.00,0.00,999.00,0.0,0,0,0,0,-89,-88.4,15228,382,15228
18:07:58,35.470,1646991,1646991,0,0,0,0.000000,0.000000,0.00,0.0,0.000,0,0.0,"-0.89,1.05,9.53","2.2,0.1,-1.0","-20.700,-33.600,6.150",0.08,16198,15228,0,99.00,0.000000,0.000000,0,0,0,0,-1.00,0.00,999.00,0.0,0,0,0,0,-89,-88.4,15228,432,15228
18:07:58,35.572,1647045,1647045,0,0,0,0.000000,0.000000,0.00,0.0,0.000,0,0.0,"-0.87,1.02,9.59","2.3,-0.7,-1.7","-18.300,-34.200,6.300",0.07,16198,15228,0,99.00,0.000000,0.000000,0,0,0,0,-1.00,0.00,999.00,0.0,0,0,0,0,-89,-88.4,15228,486,15228
18:07:58,35.708,1647145,1647145,0,0,0,0.000000,0.000000,0.00,0.0,0.000,0,0.0,"-0.95,0.91,9.59","3.5,0.1,-0.3","-18.000,-34.050,4.200",0.13,16199,15228,0,99.00,0.000000,0.000000,0,0,0,0,-1.00,0.00,999.00,0.0,0,0,0,0,-89,-88.4,15228,586,15228
18:07:58,35.845,1647195,1647195,0,0,0,0.000000,0.000000,0.00,0.0,0.000,0,0.0,"-0.92,1.13,9.59","0.4,0.6,-0.9","-21.300,-32.550,4.500",0.09,16200,15229,0,99.00,0.000000,0.000000,0,0,0,0,-1.00,0.00,999.00,0.0,0,0,0,0,-87,-88.1,15229,13,15229
18:07:58,35.897,1647295,1647295,0,0,0,0.000000,0.000000,0.00,0.0,0.000,0,0.0,"-0.92,0.91,9.62","1.1,3.0,-0.7","-19.200,-34.800,7.200",0.14,16201,15230,0,99.00,0.000000,0.000000,0,0,0,0,-1.00,0.00,999.00,0.0,0,0,0,0,-84,-87.3,15230,18,15230
18:07:58,35.991,1647345,1647345,0,0,0,0.000000,0.000000,0.00,0.0,0.000,0,0.0,"-0.98,1.14,9.51","0.5,0.0,1.3","-19.050,-36.900,3.300",0.13,16201,15230,0,99.00,0.000000,0.000000,0,0,0,0,-1.00,0.00,999.00,0.0,0,0,0,0,-84,-87.3,15230,68,15230
18:07:58,36.035,1647395,1647395,0,0,0,0.000000,0.000000,0.00,0.0,0.000,0,0.0,"-0.93,1.07,9.67","-1.3,-0.6,-0.5","-20.700,-34.350,4.650",0.08,16202,15230,0,99.00,0.000000,0.000000,0,0,0,0,-1.00,0.00,999.00,0.0,0,0,0,0,-84,-87.3,15230,118,15230
18:07:58,36.035,1647445,1647445,0,0,0,0.000000,0.000000,0.00,0.0,0.000,0,0.0,"-0.89,1.07,9.61","-0.1,-0.3,1.7","-19.050,-34.950,6.300",0.05,16202,15230,0,99.00,0.000000,0.000000,0,0,0,0,-1.00,0.00,999.00,0.0,0,0,0,0,-84,-87.3,15230,168,15230
18:07:58,36.036,1647495,1647495,0,0,0,0.000000,0.000000,0.00,0.0,0.000,0,0.0,"-0.97,1.02,9.54","-2.0,2.8,-0.8","-20.100,-34.650,3.300",0.06,16203,15231,0,99.00,0.000000,0.000000,0,0,0,0,-1.00,0.00,999.00,0.0,0,0,0,0,-89,-87.6,15231,10,15231
18:07:58,36.124,1647545,1647545,0,0,0,0.000000,0.000000,0.00,0.0,0.000,0,0.0,"-0.90,1.06,9.65","2.8,0.5,0.1","-19.650,-34.800,3.900",0.08,16203,15231,0,99.00,0.000000,0.000000,0,0,0,0,-1.00,0.00,999.00,0.0,0,0,0,0,-89,-87.6,15231,60,15231
18:07:59,36.376,1647745,1647745,0,0,0,0.000000,0.000000,0.00,0.0,0.000,0,0.0,"-0.91,1.17,9.50","-0.6,0.3,-3.8","-20.550,-35.400,5.550",0.14,16205,15232,0,99.00,0.000000,0.000000,0,0,0,0,-1.00,0.00,999.00,0.0,0,0,0,0,-92,-88.5,15232,130,15232
18:07:59,36.496,1647895,1647895,0,0,0,0.000000,0.000000,0.00,0.0,0.000,0,0.0,"-0.85,1.14,9.66","-0.2,0.2,-1.3","-19.050,-34.200,5.550",0.14,16207,15232,0,99.00,0.000000,0.000000,0,0,0,0,-1.00,0.00,999.00,0.0,0,0,0,0,-92,-88.5,15232,280,15232
18:07:59,36.706,1647945,1647945,0,0,0,0.000000,0.000000,0.00,0.0,0.000,0,0.0,"-0.99,0.99,9.61","0.8,-2.0,-0.4","-19.200,-34.800,6.150",0.08,16207,15232,0,99.00,0.000000,0.000000,0,0,0,0,-1.00,0.00,999.00,0.0,0,0,0,0,-92,-88.5,15232,330,15232
18:07:59,36.784,1648099,1648099,0,0,0,0.000000,0.000000,0.00,0.0,0.000,0,0.0,"-0.85,1.10,9.65","-0.8,-1.6,0.7","-19.350,-34.200,4.800",0.12,16209,15232,0,99.00,0.000000,0.000000,0,0,0,0,-1.00,0.00,999.00,0.0,0,0,0,0,-92,-88.5,15232,484,15232
18:07:59,36.784,1648149,1648149,0,0,0,0.000000,0.000000,0.00,0.0,0.000,0,0.0,"-0.91,1.04,9.46","0.7,-0.3,-2.9","-19.650,-35.100,2.700",0.13,16209,15232,0,99.00,0.000000,0.000000,0,0,0,0,-1.00,0.00,999.00,0.0,0,0,0,0,-92,-88.5,15232,534,15232
18:07:59,36.785,1648199,1648199,0,0,0,0.000000,0.000000,0.00,0.0,0.000,0,0.0,"-0.98,0.90,9.62","1.1,2.4,-2.8","-17.850,-34.950,3.000",0.15,16210,15232,0,99.00,0.000000,0.000000,0,0,0,0,-1.00,0.00,999.00,0.0,0,0,0,0,-92,-88.5,15232,584,15232
18:07:59,36.881,1648249,1648249,0,0,0,0.000000,0.000000,0.00,0.0,0.000,0,0.0,"-0.92,0.89,9.53","0.4,0.2,-0.9","-18.450,-34.800,4.950",0.17,16210,15232,0,99.00,0.000000,0.000000,0,0,0,0,-1.00,0.00,999.00,0.0,0,0,0,0,-92,-88.5,15232,634,15232
18:07:59,36.922,1648299,1648299,0,0,0,0.000000,0.000000,0.00,0.0,0.000,0,0.0,"-0.88,1.05,9.62","-0.8,2.2,-1.3","-19.200,-34.050,4.200",0.07,16211,15232,0,99.00,0.000000,0.000000,0,0,0,0,-1.00,0.00,999.00,0.0,0,0,0,0,-92,-88.5,15232,684,15232
18:07:59,37.242,1648399,1648399,0,0,0,0.000000,0.000000,0.00,0.0,0.000,0,0.0,"-0.93,1.01,9.48","1.2,1.8,-1.0","-18.000,-34.350,4.950",0.12,16212,15232,0,99.00,0.000000,0.000000,0,0,0,0,-1.00,0.00,999.00,0.0,0,0,0,0,-92,-88.5,15232,784,15232
18:08:00,37.493,1648749,1648749,0,0,0,0.000000,0.000000,0.00,0.0,0.000,0,0.0,"-0.94,0.89,9.44","1.9,2.7,-2.9","-18.900,-33.150,6.450",0.22,16215,15233,0,99.00,0.000000,0.000000,0,0,0,0,-1.00,0.00,999.00,0.0,0,0,0,0,-87,-88.2,15233,39,15233
18:08:00,37.545,1648799,1648799,0,0,0,0.000000,0.000000,0.00,0.0,0.000,0,0.0,"-0.91,0.99,9.62","-1.1,-0.6,-3.0","-19.800,-34.650,6.750",0.07,16216,15233,0,99.00,0.000000,0.000000,0,0,0,0,-1.00,0.00,999.00,0.0,0,0,0,0,-87,-88.2,15233,89,15233
18:08:00,37.545,1648850,1648850,0,0,0,0.000000,0.000000,0.00,0.0,0.000,0,0.0,"-0.94,1.02,9.60","0.2,-0.2,-1.4","-19.350,-34.950,4.500",0.04,16216,15234,0,99.00,0.000000,0.000000,0,0,0,0,-1.00,0.00,999.00,0.0,0,0,0,0,-89,-88.4,15234,47,15234
18:08:00,37.546,1648950,1648950,0,0,0,0.000000,0.000000,0.00,0.0,0.000,0,0.0,"-0.94,1.05,9.63","1.2,2.8,-2.1","-19.200,-35.100,3.150",0.05,16217,15234,0,99.00,0.000000,0.000000,0,0,0,0,-1.00,0.00,999.00,0.0,0,0,0,0,-89,-88.4,15234,147,15234
18:08:00,37.646,1649000,1649000,0,0,0,0.000000,0.000000,0.00,0.0,0.000,0,0.0,"-0.95,1.11,9.64","-1.1,-2.0,0.1","-18.450,-33.150,6.150",0.07,16218,15235,0,99.00,0.000000,0.000000,0,0,0,0,-1.00,0.00,999.00,0.0,0,0,0,0,-86,-87.9,15235,3,15235
18:08:00,37.860,1649054,1649054,0,0,0,0.000000,0.000000,0.00,0.0,0.000,0,0.0,"-0.96,0.92,9.56","0.5,0.0,-0.6","-18.600,-34.200,6.300",0.13,16218,15235,0,99.00,0.000000,0.000000,0,0,0,0,-1.00,0.00,999.00,0.0,0,0,0,0,-86,-87.9,15235,57,15235
18:08:00,38.058,1649204,1649204,0,0,0,0.000000,0.000000,0.00,0.0,0.000,0,0.0,"-0.87,0.95,9.68","0.6,-0.8,-1.2","-19.200,-34.800,5.700",0.15,16220,15236,0,99.00,0.000000,0.000000,0,0,0,0,-1.00,0.00,999.00,0.0,0,0,0,0,-84,-87.1,15236,11,15236
18:08:00,38.107,1649254,1649254,0,0,0,0.000000,0.000000,0.00,0.0,0.000,0,0.0,"-1.02,1.13,9.67","0.1,0.4,0.6","-18.300,-34.950,4.800",0.14,16220,15236,0,99.00,0.000000,0.000000,0,0,0,0,-1.00,0.00,999.00,0.0,0,0,0,0,-84,-87.1,15236,61,15236
18:08:00,38.206,1649304,1649304,0,0,0,0.000000,0.000000,0.00,0.0,0.000,0,0.0,"-0.98,1.04,9.65","-0.3,2.2,-0.3","-19.650,-36.750,3.900",0.06,16221,15237,0,99.00,0.000000,0.000000,0,0,0,0,-1.00,0.00,999.00,0.0,0,0,0,0,-85,-86.7,15237,6,15237
18:08:00,38.246,1649504,1649504,0,0,0,0.000000,0.000000,0.00,0.0,0.000,0,0.0,"-0.95,1.02,9.53","0.3,-2.6,2.0","-19.800,-34.950,4.050",0.07,16223,15237,0,99.00,0.000000,0.000000,0,0,0,0,-1.00,0.00,999.00,0.0,0,0,0,0,-85,-86.7,15237,206,15237
18:08:01,38.331,1649604,1649604,0,0,0,0.000000,0.000000,0.00,0.0,0.000,0,0.0,"-0.98,0.93,9.66","0.4,-0.7,-0.6","-20.400,-34.800,5.700",0.13,16224,15237,0,99.00,0.000000,0.000000,0,0,0,0,-1.00,0.00,999.00,0.0,0,0,0,0,-85,-86.7,15237,306,15237
18:08:01,38.368,1649704,1649704,0,0,0,0.000000,0.000000,0.00,0.0,0.000,0,0.0,"-0.97,1.13,9.63","1.9,-0.6,3.1","-21.150,-35.100,7.200",0.11,16225,15238,0,99.00,0.000000,0.000000,0,0,0,0,-1.00,0.00,999.00,0.0,0,0,0,0,-85,-86.4,15238,67,15238
18:08:01,38.606,1649754,1649754,0,0,0,0.000000,0.000000,0.00,0.0,0.000,0,0.0,"-0.88,0.94,9.55","-1.6,0.4,-1.5","-18.600,-35.400,5.250",0.12,16225,15239,0,99.00,0.000000,0.000000,0,0,0,0,-1.00,0.00,999.00,0.0,0,0,0,0,-83,-85.7,15239,32,15239
18:08:01,38.700,1650059,1650059,0,0,0,0.000000,0.000000,0.00,0.0,0.000,0,0.0,"-0.81,1.11,9.45","-0.7,-1.6,-1.6","-19.800,-34.200,4.050",0.21,16228,15241,0,99.00,0.000000,0.000000,0,0,0,0,-1.00,0.00,999.00,0.0,0,0,0,0,-84,-85.2,15241,50,15241
18:08:01,38.805,1650109,1650109,0,0,0,0.000000,0.000000,0.00,0.0,0.000,0,0.0,"-0.87,1.17,9.51","3.1,0.2,-1.2","-20.400,-35.550,5.400",0.17,16229,15241,0,99.00,0.000000,0.000000,0,0,0,0,-1.00,0.00,999.00,0.0,0,0,0,0,-84,-85.2,15241,100,15241
18:08:01,38.847,1650160,1650160,0,0,0,0.000000,0.000000,0.00,0.0,0.000,0,0.0,"-0.90,1.03,9.59","-1.2,1.7,-1.1","-18.450,-34.050,4.650",0.05,16229,15242,0,99.00,0.000000,0.000000,0,0,0,0,-1.00,0.00,999.00,0.0,0,0,0,0,-84,-85.0,15242,51,15242
18:08:01,38.899,1650210,1650210,0,0,0,0.000000,0.000000,0.00,0.0,0.000,0,0.0,"-0.99,1.06,9.59","-1.6,2.0,-2.9","-19.650,-35.100,4.200",0.05,16230,15242,0,99.00,0.000000,0.000000,0,0,0,0,-1.00,0.00,999.00,0.0,0,0,0,0,-84,-85.0,15242,101,15242
18:08:01,39.031,1650460,1650460,0,0,0,0.000000,0.000000,0.00,0.0,0.000,0,0.0,"-0.97,1.04,9.67","2.0,-3.0,2.1","-18.300,-33.000,3.750",0.08,16232,15243,0,99.00,0.000000,0.000000,0,0,0,0,-1.00,0.00,999.00,0.0,0,0,0,0,-83,-84.6,15243,155,15243
18:08:02,39.344,1650510,1650510,0,0,0,0.000000,0.000000,0.00,0.0,0.000,0,0.0,"-0.80,1.07,9.48","1.5,1.2,1.9","-20.100,-34.650,7.050",0.18,16233,15243,0,99.00,0.000000,0.000000,0,0,0,0,-1.00,0.00,999.00,0.0,0,0,0,0,-83,-84.6,15243,205,15243
18:08:02,39.612,1650861,1650861,0,0,0,0.000000,0.000000,0.00,0.0,0.000,0,0.0,"-1.00,1.03,9.68","-0.9,-3.1,-2.0","-20.400,-35.100,4.950",0.09,16236,15246,0,99.00,0.000000,0.000000,0,0,0,0,-1.00,0.00,999.00,0.0,0,0,0,0,-82,-83.8,15246,41,15246
18:08:02,39.778,1651011,1651011,0,0,0,0.000000,0.000000,0.00,0.0,0.000,0,0.0,"-1.02,1.00,9.62","0.5,-0.5,-1.8","-18.300,-33.000,6.750",0.09,16238,15246,0,99.00,0.000000,0.000000,0,0,0,0,-1.00,0.00,999.00,0.0,0,0,0,0,-82,-83.8,15246,191,15246
18:08:02,39.821,1651165,1651165,0,0,0,0.000000,0.000000,0.00,0.0,0.000,0,0.0,"-0.97,1.13,9.65","1.9,-2.3,2.5","-18.450,-32.850,5.400",0.08,16239,15246,0,99.00,0.000000,0.000000,0,0,0,0,-1.00,0.00,999.00,0.0,0,0,0,0,-82,-83.8,15246,345,15246
18:08:02,39.924,1651366,1651366,0,0,0,0.000000,0.000000,0.00,0.0,0.000,0,0.0,"-0.88,0.93,9.50","0.2,-2.6,-0.7","-19.800,-33.000,4.800",0.18,16241,15247,0,99.00,0.000000,0.000000,0,0,0,0,-1.00,0.00,999.00,0.0,0,0,0,0,-82,-83.4,15247,145,15247
18:08:02,39.981,1651468,1651468,0,0,0,0.000000,0.000000,0.00,0.0,0.000,0,0.0,"-1.02,0.97,9.52","2.7,-0.6,-1.2","-18.900,-32.400,3.900",0.13,16242,15248,0,99.00,0.000000,0.000000,0,0,0,0,-1.00,0.00,999.00,0.0,0,0,0,0,-85,-83.7,15248,46,15248
18:08:02,40.078,1651518,1651518,0,0,0,0.000000,0.000000,0.00,0.0,0.000,0,0.0,"-0.89,1.02,9.56","0.3,3.8,-1.7","-19.050,-33.750,4.800",0.08,16243,15248,0,99.00,0.000000,0.000000,0,0,0,0,-1.00,0.00,999.00,0.0,0,0,0,0,-85,-83.7,15248,96,15248
18:08:02,40.121,1651568,1651568,0,0,0,0.000000,0.000000,0.00,0.0,0.000,0,0.0,"-0.87,1.16,9.55","1.0,1.8,0.0","-18.900,-34.050,4.200",0.14,16243,15249,0,99.00,0.000000,0.000000,0,0,0,0,-1.00,0.00,999.00,0.0,0,0,0,0,-83,-83.6,15249,41,15249
18:08:02,40.209,1651619,1651619,0,0,0,0.000000,0.000000,0.00,0.0,0.000,0,0.0,"-1.01,0.96,9.50","0.8,-2.0,1.5","-17.550,-35.700,4.500",0.14,16244,15249,0,99.00,0.000000,0.000000,0,0,0,0,-1.00,0.00,999.00,0.0,0,0,0,0,-83,-83.6,15249,92,15249
18:08:02,40.252,1651669,1651669,0,0,0,0.000000,0.000000,0.00,0.0,0.000,0,0.0,"-0.94,1.09,9.58","0.1,0.4,4.0","-18.900,-34.350,5.700",0.04,16244,15250,0,99.00,0.000000,0.000000,0,0,0,0,-1.00,0.00,999.00,0.0,0,0,0,0,-84,-83.7,15250,40,15250
18:08:03,40.340,1651719,1651719,0,0,0,0.000000,0.000000,0.00,0.0,0.000,0,0.0,"-0.87,1.09,9.59","-2.5,1.5,0.4","-18.000,-36.000,5.400",0.09,16245,15250,0,99.00,0.000000,0.000000,0,0,0,0,-1.00,0.00,999.00,0.0,0,0,0,0,-84,-83.7,15250,90,15250
18:08:03,40.380,1651769,1651769,0,0,0,0.000000,0.000000,0.00,0.0,0.000,0,0.0,"-0.93,1.02,9.56","0.1,1.1,-1.9","-21.450,-34.050,6.900",0.05,16245,15251,0,99.00,0.000000,0.000000,0,0,0,0,-1.00,0.00,999.00,0.0,0,0,0,0,-85,-83.9,15251,35,15251
18:08:03,40.380,1651819,1651819,0,0,0,0.000000,0.000000,0.00,0.0,0.000,0,0.0,"-0.90,1.05,9.63","-0.2,0.5,-3.7","-21.000,-33.000,6.300",0.07,16246,15251,0,99.00,0.000000,0.000000,0,0,0,0,-1.00,0.00,999.00,0.0,0,0,0,0,-85,-83.9,15251,85,15251
18:08:03,40.472,1651869,1651869,0,0,0,0.000000,0.000000,0.00,0.0,0.000,0,0.0,"-0.95,1.12,9.58","0.6,2.6,-0.8","-20.100,-33.750,5.250",0.07,16246,15252,0,99.00,0.000000,0.000000,0,0,0,0,-1.00,0.00,999.00,0.0,0,0,0,0,-84,-83.9,15252,30,15252
18:08:03,40.506,1651969,1651969,0,0,0,0.000000,0.000000,0.00,0.0,0.000,0,0.0,"-0.97,1.02,9.55","1.7,1.0,1.2","-19.350,-32.250,4.800",0.06,16247,15252,0,99.00,0.000000,0.000000,0,0,0,0,-1.00,0.00,999.00,0.0,0,0,0,0,-84,-83.9,15252,130,15252
18:08:03,40.589,1652019,1652019,0,0,0,0.000000,0.000000,0.00,0.0,0.000,0,0.0,"-0.95,1.12,9.65","1.7,-2.1,1.2","-20.100,-33.450,6.000",0.08,16248,15252,0,99.00,0.000000,0.000000,0,0,0,0,-1.00,0.00,999.00,0.0,0,0,0,0,-84,-83.9,15252,180,15252
18:08:03,40.623,1652075,1652075,0,0,0,0.000000,0.000000,0.00,0.0,0.000,0,0.0,"-0.91,1.17,9.64","-0.8,-3.5,2.7","-19.050,-34.200,4.800",0.12,16248,15253,0,99.00,0.000000,0.000000,0,0,0,0,-1.00,0.00,999.00,0.0,0,0,0,0,-84,-84.0,15253,34,15253
18:08:03,40.623,1652125,1652125,0,0,0,0.000000,0.000000,0.00,0.0,0.000,0,0.0,"-0.93,1.21,9.68","0.7,0.8,-1.4","-19.350,-34.200,4.500",0.17,16249,15253,0,99.00,0.000000,0.000000,0,0,0,0,-1.00,0.00,999.00,0.0,0,0,0,0,-84,-84.0,15253,84,15253
18:08:03,40.706,1652175,1652175,0,0,0,0.000000,0.000000,0.00,0.0,0.000,0,0.0,"-0.93,0.99,9.58","-0.9,1.0,-2.5","-16.800,-35.400,5.250",0.08,16249,15253,0,99.00,0.000000,0.000000,0,0,0,0,-1.00,0.00,999.00,0.0,0,0,0,0,-84,-84.0,15253,134,15253
18:08:03,40.740,1652225,1652225,0,0,0,0.000000,0.000000,0.00,0.0,0.000,0,0.0,"-1.13,1.01,9.46","-0.6,-0.7,2.4","-18.450,-34.800,4.650",0.23,16250,15253,0,99.00,0.000000,0.000000,0,0,0,0,-1.00,0.00,999.00,0.0,0,0,0,0,-84,-84.0,15253,184,15253
18:08:03,40.740,1652275,1652275,0,0,0,0.000000,0.000000,0.00,0.0,0.000,0,0.0,"-0.94,1.05,9.64","-0.5,0.8,0.7","-20.700,-34.050,4.650",0.05,16250,15254,0,99.00,0.000000,0.000000,0,0,0,0,-1.00,0.00,999.00,0.0,0,0,0,0,-83,-83.8,15254,33,15254
18:08:03,40.823,1652325,1652325,0,0,0,0.000000,0.000000,0.00,0.0,0.000,0,0.0,"-0.95,1.15,9.67","0.1,-0.1,-1.2","-19.800,-34.950,4.500",0.11,16251,15254,0,99.00,0.000000,0.000000,0,0,0,0,-1.00,0.00,999.00,0.0,0,0,0,0,-83,-83.8,15254,83,15254
18:08:03,40.863,1652375,1652375,0,0,0,0.000000,0.000000,0.00,0.0,0.000,0,0.0,"-0.91,1.02,9.46","1.7,-2.5,-1.9","-19.800,-34.950,6.300",0.15,16251,15255,0,99.00,0.000000,0.000000,0,0,0,0,-1.00,0.00,999.00,0.0,0,0,0,0,-83,-83.6,15255,36,15255
18:08:03,40.916,1652425,1652425,0,0,0,0.000000,0.000000,0.00,0.0,0.000,0,0.0,"-0.97,1.03,9.69","0.0,-1.8,2.8","-19.950,-33.600,4.200",0.10,16252,15255,0,99.00,0.000000,0.000000,0,0,0,0,-1.00,0.00,999.00,0.0,0,0,0,0,-83,-83.6,15255,86,15255
