시각,경과초,시각ms,IMU시각ms,부팅횟수,리셋원인,GPS복구횟수,마지막GPS복구ms,위험,차량위험,차량위험경과ms,RSU위험,RSU위험경과ms,GPS유효,위도,경도,속도,방향,GPS원시속도,GPS원시방향유효,GPS원시방향,가속도,자이로,자력계,IMU방향유효,IMU방향,방향가속도크기,방향자이로크기,방향자세cos,자기모델잔차,자기모델반경,방향채택,방향거부,송신,GPS위성,GPS_HDOP,원시위도,원시경도,GPS채택,GPS이상치거부,GPS품질거부,GPS재기준,RSSI원시,RSSI평활,RSSI샘플,RSSI경과ms,차량수신,UWB유효,UWB보정,UWB원시거리,UWB보정거리,UWB접근속도,UWB오프셋,UWB경과ms,UWB수신
17:04:31,0.108,33628,33628,378,POWER_ON,0,0,0,0,-1,0,-1,0,0.000000,0.000000,0.000,0.0,0.000,0,0.0,"6.981,6.570,-0.450","0.718,1.122,1.893","-39.300,88.650,-57.000",0,0.0,9.60,2.31,0.7418,999.00,0.000,0,3125,261,0,99.00,0.000000,0.000000,0,0,0,0,-45,-44.7,378,64,247,1,1,0.510,0.745,-0.018,0.234,172,131
17:04:31,0.108,33674,33674,378,POWER_ON,0,0,0,0,-1,0,-1,0,0.000000,0.000000,0.000,0.0,0.000,0,0.0,"7.020,6.589,-0.565","1.237,-1.198,2.145","-37.800,90.300,-57.000",0,0.0,9.64,2.75,0.7339,999.00,0.000,0,3131,261,0,99.00,0.000000,0.000000,0,0,0,0,-47,-45.4,380,13,248,1,1,0.500,0.745,-0.012,0.234,23,132
17:04:31,0.203,33710,33710,378,POWER_ON,0,0,0,0,-1,0,-1,0,0.000000,0.000000,0.000,0.0,0.000,0,0.0,"7.087,6.642,-0.570","0.649,0.863,0.435","-39.750,89.550,-56.250",0,0.0,9.73,1.16,0.7340,999.00,0.000,0,3134,262,0,99.00,0.000000,0.000000,0,0,0,0,-47,-45.4,380,49,248,1,1,0.500,0.745,-0.012,0.234,59,132
17:04:31,0.240,33733,33733,378,POWER_ON,0,0,0,0,-1,0,-1,0,0.000000,0.000000,0.000,0.0,0.000,0,0.0,"7.149,6.627,-0.646","0.084,-2.107,2.603","-39.000,89.850,-56.550",0,0.0,9.77,3.35,0.7289,999.00,0.000,0,3137,262,0,99.00,0.000000,0.000000,0,0,0,0,-47,-45.4,380,72,248,1,1,0.500,0.745,-0.012,0.234,82,132
17:04:31,0.240,33756,33756,378,POWER_ON,0,0,0,0,-1,0,-1,0,0.000000,0.000000,0.000,0.0,0.000,0,0.0,"7.207,6.464,-0.622","-1.160,0.053,1.908","-37.800,89.100,-55.800",0,0.0,9.70,2.23,0.7305,999.00,0.000,0,3140,262,0,99.00,0.000000,0.000000,0,0,0,0,-47,-45.4,380,95,248,1,1,0.500,0.745,-0.012,0.234,105,132
17:04:32,0.336,33859,33859,378,POWER_ON,0,0,0,0,-1,0,-1,0,0.000000,0.000000,0.000,0.0,0.000,0,0.0,"7.092,6.436,-0.613","-1.069,-0.908,-1.466","-39.900,89.700,-56.850",0,0.0,9.60,2.03,0.7307,999.00,0.000,0,3152,263,0,99.00,0.000000,0.000000,0,0,0,0,-45,-45.3,381,86,249,1,1,0.500,0.745,-0.012,0.234,208,132
17:04:32,0.373,33918,33918,378,POWER_ON,0,0,0,0,-1,0,-1,0,0.000000,0.000000,0.000,0.0,0.000,0,0.0,"7.101,6.354,-0.608","-1.435,-0.443,1.878","-39.750,88.350,-56.550",0,0.0,9.55,2.40,0.7309,999.00,0.000,0,3158,264,0,99.00,0.000000,0.000000,0,0,0,0,-46,-44.8,383,40,250,1,1,0.490,0.745,-0.008,0.234,53,133
17:04:32,0.373,33941,33941,378,POWER_ON,0,0,0,0,-1,0,-1,0,0.000000,0.000000,0.000,0.0,0.000,0,0.0,"7.183,6.474,-0.493","-0.145,1.481,-0.794","-37.200,90.000,-56.100",0,0.0,9.68,1.69,0.7395,999.00,0.000,0,3161,264,0,99.00,0.000000,0.000000,0,0,0,0,-46,-44.8,383,63,250,1,1,0.490,0.745,-0.008,0.234,76,133
17:04:32,0.373,33964,33964,378,POWER_ON,0,0,0,0,-1,0,-1,0,0.000000,0.000000,0.000,0.0,0.000,0,0.0,"7.149,6.479,-0.642","-0.817,-0.947,-0.076","-37.500,90.300,-56.550",0,0.0,9.67,1.25,0.7290,999.00,0.000,0,3164,264,0,99.00,0.000000,0.000000,0,0,0,0,-46,-44.8,383,86,250,1,1,0.490,0.745,-0.008,0.234,99,133
17:04:32,0.472,34044,34044,378,POWER_ON,0,0,0,0,-1,0,-1,0,0.000000,0.000000,0.000,0.0,0.000,0,0.0,"7.077,6.436,-0.594","0.015,-1.336,-1.382","-39.150,90.900,-57.450",0,0.0,9.58,1.92,0.7320,999.00,0.000,0,3173,265,0,99.00,0.000000,0.000000,0,0,0,0,-46,-45.0,384,72,251,1,1,0.490,0.745,-0.008,0.234,179,133
17:04:32,0.510,34067,34067,378,POWER_ON,0,0,0,0,-1,0,-1,0,0.000000,0.000000,0.000,0.0,0.000,0,0.0,"7.111,6.426,-0.594","-1.000,-2.298,0.466","-39.000,90.600,-56.550",0,0.0,9.60,2.55,0.7321,999.00,0.000,0,3176,265,0,99.00,0.000000,0.000000,0,0,0,0,-47,-45.4,385,12,251,1,1,0.510,0.744,-0.006,0.234,12,134
17:04:32,0.511,34090,34090,378,POWER_ON,0,0,0,0,-1,0,-1,0,0.000000,0.000000,0.000,0.0,0.000,0,0.0,"7.053,6.421,-0.575","0.183,-2.542,1.725","-39.300,90.300,-58.500",0,0.0,9.56,3.08,0.7332,999.00,0.000,0,3179,265,0,99.00,0.000000,0.000000,0,0,0,0,-46,-45.5,386,9,252,1,1,0.510,0.744,-0.006,0.234,35,134
17:04:32,0.516,34126,34126,378,POWER_ON,0,0,0,0,-1,0,-1,0,0.000000,0.000000,0.000,0.0,0.000,0,0.0,"7.096,6.421,-0.551","-2.122,-0.687,-0.847","-37.500,89.850,-57.300",0,0.0,9.59,2.39,0.7351,999.00,0.000,0,3182,266,0,99.00,0.000000,0.000000,0,0,0,0,-46,-45.5,386,45,252,1,1,0.510,0.744,-0.006,0.234,71,134
17:04:32,0.516,34149,34149,378,POWER_ON,0,0,0,0,-1,0,-1,0,0.000000,0.000000,0.000,0.0,0.000,0,0.0,"7.130,6.412,-0.517","0.626,-2.122,-1.954","-39.300,90.600,-57.000",0,0.0,9.60,2.95,0.7375,999.00,0.000,0,3185,266,0,99.00,0.000000,0.000000,0,0,0,0,-46,-45.5,386,68,252,1,1,0.510,0.744,-0.006,0.234,94,134
17:04:32,0.516,34172,34172,378,POWER_ON,0,0,0,0,-1,0,-1,0,0.000000,0.000000,0.000,0.0,0.000,0,0.0,"7.106,6.388,-0.661","-1.534,-1.863,-0.397","-39.450,89.250,-57.900",0,0.0,9.58,2.45,0.7272,999.00,0.000,0,3188,266,0,99.00,0.000000,0.000000,0,0,0,0,-46,-45.5,386,91,252,1,1,0.510,0.744,-0.006,0.234,117,134
17:04:32,0.605,34195,34195,378,POWER_ON,0,0,0,0,-1,0,-1,0,0.000000,0.000000,0.000,0.0,0.000,0,0.0,"7.077,6.536,-0.522","0.038,-1.328,0.672","-39.000,89.100,-56.550",0,0.0,9.65,1.49,0.7372,999.00,0.000,0,3191,266,0,99.00,0.000000,0.000000,0,0,0,0,-46,-45.6,387,12,253,1,1,0.510,0.744,-0.006,0.234,140,134
17:04:32,0.638,34229,34229,378,POWER_ON,0,0,0,0,-1,0,-1,0,0.000000,0.000000,0.000,0.0,0.000,0,0.0,"7.116,6.507,-0.469","0.595,-0.992,-1.527","-37.950,90.000,-57.150",0,0.0,9.65,1.92,0.7410,999.00,0.000,0,3194,267,0,99.00,0.000000,0.000000,0,0,0,0,-46,-45.6,387,46,253,1,1,0.510,0.744,-0.006,0.234,174,134
17:04:32,0.638,34252,34252,378,POWER_ON,0,0,0,0,-1,0,-1,0,0.000000,0.000000,0.000,0.0,0.000,0,0.0,"7.235,6.642,-0.555","0.420,-1.931,0.008","-40.200,89.700,-56.400",0,0.0,9.84,1.98,0.7356,999.00,0.000,0,3197,267,0,99.00,0.000000,0.000000,0,0,0,0,-46,-45.7,388,5,253,1,1,0.490,0.741,0.001,0.234,5,135
17:04:32,0.638,34275,34275,378,POWER_ON,0,0,0,0,-1,0,-1,0,0.000000,0.000000,0.000,0.0,0.000,0,0.0,"6.943,6.541,-0.599","0.542,-0.328,1.580","-39.450,90.000,-55.350",0,0.0,9.56,1.70,0.7311,999.00,0.000,0,3200,267,0,99.00,0.000000,0.000000,0,0,0,0,-46,-45.7,388,28,253,1,1,0.490,0.741,0.001,0.234,28,135
17:04:32,0.638,34298,34298,378,POWER_ON,0,0,0,0,-1,0,-1,0,0.000000,0.000000,0.000,0.0,0.000,0,0.0,"7.101,6.565,-0.522","-1.977,-1.168,-0.695","-38.250,90.300,-56.250",0,0.0,9.68,2.40,0.7373,999.00,0.000,0,3203,267,0,99.00,0.000000,0.000000,0,0,0,0,-47,-46.0,389,17,254,1,1,0.490,0.741,0.001,0.234,51,135
17:04:32,0.875,34334,34334,378,POWER_ON,0,0,0,0,-1,0,-1,0,0.000000,0.000000,0.000,0.0,0.000,0,0.0,"6.986,6.603,-0.608","-1.115,0.053,0.153","-38.250,88.350,-57.000",0,0.0,9.63,1.13,0.7307,999.00,0.000,0,3206,268,0,99.00,0.000000,0.000000,0,0,0,0,-47,-46.0,389,53,254,1,1,0.490,0.741,0.001,0.234,87,135
17:04:32,0.984,34506,34506,378,POWER_ON,0,0,0,0,-1,0,-1,0,0.000000,0.000000,0.000,0.0,0.000,0,0.0,"7.029,6.665,-0.838","-1.695,1.137,-1.305","-38.250,87.900,-57.300",0,0.0,9.72,2.42,0.7147,999.00,0.000,0,3227,269,0,99.00,0.000000,0.000000,0,0,0,0,-49,-47.3,392,17,256,1,1,0.500,0.739,0.004,0.234,53,136
17:04:32,0.984,34542,34542,378,POWER_ON,0,0,0,0,-1,0,-1,0,0.000000,0.000000,0.000,0.0,0.000,0,0.0,"6.943,6.512,-0.685","1.176,-2.290,0.015","-38.400,89.700,-54.900",0,0.0,9.54,2.57,0.7249,999.00,0.000,0,3230,270,0,99.00,0.000000,0.000000,0,0,0,0,-49,-47.3,392,53,256,1,1,0.500,0.739,0.004,0.234,89,136
17:04:32,1.128,34565,34565,378,POWER_ON,0,0,0,0,-1,0,-1,0,0.000000,0.000000,0.000,0.0,0.000,0,0.0,"7.082,6.469,-0.599","0.977,-2.557,-0.824","-37.950,91.200,-56.400",0,0.0,9.61,2.86,0.7317,999.00,0.000,0,3233,270,0,99.00,0.000000,0.000000,0,0,0,0,-49,-47.3,392,76,256,1,1,0.500,0.739,0.004,0.234,112,136
17:04:32,1.193,34588,34588,378,POWER_ON,0,0,0,0,-1,0,-1,0,0.000000,0.000000,0.000,0.0,0.000,0,0.0,"6.881,6.594,-0.757","-1.221,-0.099,1.214","-39.450,89.700,-56.850",0,0.0,9.56,1.72,0.7195,999.00,0.000,0,3236,270,0,99.00,0.000000,0.000000,0,0,0,0,-49,-47.3,392,99,256,1,1,0.500,0.739,0.004,0.234,135,136
17:04:32,1.193,34611,34611,378,POWER_ON,0,0,0,0,-1,0,-1,0,0.000000,0.000000,0.000,0.0,0.000,0,0.0,"7.077,6.546,-0.565","1.786,-1.031,1.145","-40.050,88.350,-57.300",0,0.0,9.66,2.36,0.7342,999.00,0.000,0,3239,270,0,99.00,0.000000,0.000000,0,0,0,0,-50,-47.9,393,19,257,1,1,0.500,0.739,0.004,0.234,158,136
17:04:32,1.194,34645,34645,378,POWER_ON,0,0,0,0,-1,0,-1,0,0.000000,0.000000,0.000,0.0,0.000,0,0.0,"7.053,6.460,-0.637","0.496,-0.710,0.198","-39.150,88.950,-57.150",0,0.0,9.59,0.89,0.7288,999.00,0.000,0,3242,271,0,99.00,0.000000,0.000000,0,0,0,0,-50,-47.9,393,53,257,1,1,0.500,0.739,0.004,0.234,192,136
17:04:32,1.194,34668,34668,378,POWER_ON,0,0,0,0,-1,0,-1,0,0.000000,0.000000,0.000,0.0,0.000,0,0.0,"7.269,6.460,-0.646","-1.359,-1.160,1.382","-39.450,89.700,-57.150",0,0.0,9.75,2.26,0.7291,999.00,0.000,0,3245,271,0,99.00,0.000000,0.000000,0,0,0,0,-49,-48.1,394,13,257,1,1,0.490,0.734,0.011,0.234,13,137
17:04:32,1.194,34691,34691,378,POWER_ON,0,0,0,0,-1,0,-1,0,0.000000,0.000000,0.000,0.0,0.000,0,0.0,"7.072,6.474,-0.666","-1.916,-2.931,1.634","-38.550,89.850,-55.500",0,0.0,9.61,3.86,0.7269,999.00,0.000,0,3248,271,0,99.00,0.000000,0.000000,0,0,0,0,-50,-48.5,395,4,258,1,1,0.490,0.734,0.011,0.234,36,137
17:04:32,1.295,34796,34796,378,POWER_ON,0,0,0,0,-1,0,-1,0,0.000000,0.000000,0.000,0.0,0.000,0,0.0,"7.192,6.464,-0.522","0.298,-0.687,0.443","-38.550,87.900,-56.550",0,0.0,9.68,0.87,0.7375,999.00,0.000,0,3260,272,0,99.00,0.000000,0.000000,0,0,0,0,-50,-48.5,395,109,258,1,1,0.490,0.734,0.011,0.234,141,137
17:04:33,1.336,34876,34876,378,POWER_ON,0,0,0,0,-1,0,-1,0,0.000000,0.000000,0.000,0.0,0.000,0,0.0,"7.087,6.402,-0.460","1.794,-0.237,-0.008","-39.450,88.950,-57.150",0,0.0,9.56,1.81,0.7414,999.00,0.000,0,3269,273,0,99.00,0.000000,0.000000,0,0,0,0,-50,-49.0,397,27,259,1,1,0.500,0.734,0.007,0.234,27,138
17:04:33,1.337,34899,34899,378,POWER_ON,0,0,0,0,-1,0,-1,0,0.000000,0.000000,0.000,0.0,0.000,0,0.0,"7.140,6.570,-0.498","0.733,-0.924,-2.595","-38.250,89.850,-56.250",0,0.0,9.72,2.85,0.7391,999.00,0.000,0,3272,273,0,99.00,0.000000,0.000000,0,0,0,0,-50,-49.0,397,50,259,1,1,0.500,0.734,0.007,0.234,50,138
17:04:33,1.337,34922,34922,378,POWER_ON,0,0,0,0,-1,0,-1,0,0.000000,0.000000,0.000,0.0,0.000,0,0.0,"7.101,6.555,-0.431","1.359,1.107,-1.885","-37.800,89.100,-57.300",0,0.0,9.67,2.57,0.7436,999.00,0.000,0,3275,273,0,99.00,0.000000,0.000000,0,0,0,0,-50,-49.2,398,22,260,1,1,0.500,0.734,0.007,0.234,73,138
17:04:33,1.431,34958,34958,378,POWER_ON,0,0,0,0,-1,0,-1,0,0.000000,0.000000,0.000,0.0,0.000,0,0.0,"7.092,6.493,-0.498","1.061,-3.244,-1.901","-37.950,90.000,-57.450",0,0.0,9.63,3.91,0.7388,999.00,0.000,0,3278,274,0,99.00,0.000000,0.000000,0,0,0,0,-50,-49.2,398,58,260,1,1,0.500,0.734,0.007,0.234,109,138
17:04:33,1.471,35004,35004,378,POWER_ON,0,0,0,0,-1,0,-1,0,0.000000,0.000000,0.000,0.0,0.000,0,0.0,"7.015,6.584,-0.728","0.580,-1.855,-1.618","-39.300,90.300,-55.800",0,0.0,9.65,2.53,0.7224,999.00,0.000,0,3284,274,0,99.00,0.000000,0.000000,0,0,0,0,-50,-49.2,398,104,260,1,1,0.500,0.734,0.007,0.234,155,138
17:04:33,1.471,35027,35027,378,POWER_ON,0,0,0,0,-1,0,-1,0,0.000000,0.000000,0.000,0.0,0.000,0,0.0,"7.044,6.646,-0.713","2.389,-1.519,0.840","-38.400,87.750,-57.150",0,0.0,9.71,2.95,0.7236,999.00,0.000,0,3287,274,0,99.00,0.000000,0.000000,0,0,0,0,-50,-49.4,399,17,261,1,1,0.500,0.734,0.007,0.234,178,138
17:04:33,1.471,35061,35061,378,POWER_ON,0,0,0,0,-1,0,-1,0,0.000000,0.000000,0.000,0.0,0.000,0,0.0,"6.838,6.737,-0.699","2.656,-1.695,1.351","-39.300,90.600,-56.250",0,0.0,9.62,3.43,0.7234,999.00,0.000,0,3290,275,0,99.00,0.000000,0.000000,0,0,0,0,-51,-49.7,400,15,261,1,1,0.490,0.731,0.010,0.234,15,139
17:04:33,1.472,35084,35084,378,POWER_ON,0,0,0,0,-1,0,-1,0,0.000000,0.000000,0.000,0.0,0.000,0,0.0,"6.981,6.689,-0.785","2.153,-2.000,0.382","-37.500,90.600,-57.750",0,0.0,9.70,2.96,0.7182,999.00,0.000,0,3293,275,0,99.00,0.000000,0.000000,0,0,0,0,-51,-49.7,400,38,261,1,1,0.490,0.731,0.010,0.234,38,139
17:04:33,1.472,35107,35107,378,POWER_ON,0,0,0,0,-1,0,-1,0,0.000000,0.000000,0.000,0.0,0.000,0,0.0,"6.919,6.713,-0.781","-1.137,-0.176,-0.664","-38.400,90.000,-57.450",0,0.0,9.67,1.33,0.7181,999.00,0.000,0,3296,275,0,99.00,0.000000,0.000000,0,0,0,0,-51,-49.7,400,61,261,1,1,0.490,0.731,0.010,0.234,61,139
17:04:33,1.573,35130,35130,378,POWER_ON,0,0,0,0,-1,0,-1,0,0.000000,0.000000,0.000,0.0,0.000,0,0.0,"6.895,6.752,-0.685","2.382,-2.878,3.305","-38.400,89.700,-56.850",0,0.0,9.67,4.99,0.7248,999.00,0.000,0,3299,275,0,99.00,0.000000,0.000000,0,0,0,0,-51,-49.7,400,84,261,1,1,0.490,0.731,0.010,0.234,84,139
17:04:33,1.610,35166,35166,378,POWER_ON,0,0,0,0,-1,0,-1,0,0.000000,0.000000,0.000,0.0,0.000,0,0.0,"7.039,6.574,-0.761","0.473,-0.763,0.985","-38.550,88.350,-56.550",0,0.0,9.66,1.33,0.7201,999.00,0.000,0,3302,276,0,99.00,0.000000,0.000000,0,0,0,0,-51,-49.7,400,120,261,1,1,0.490,0.731,0.010,0.234,120,139
17:04:33,1.610,35188,35188,378,POWER_ON,0,0,0,0,-1,0,-1,0,0.000000,0.000000,0.000,0.0,0.000,0,0.0,"6.924,6.622,-0.532","2.527,-0.947,1.511","-40.050,91.050,-56.550",0,0.0,9.60,3.09,0.7358,999.00,0.000,0,3305,276,0,99.00,0.000000,0.000000,0,0,0,0,-51,-49.7,400,142,261,1,1,0.490,0.731,0.010,0.234,142,139
17:04:33,1.807,35211,35211,378,POWER_ON,0,0,0,0,-1,0,-1,0,0.000000,0.000000,0.000,0.0,0.000,0,0.0,"7.015,6.464,-0.632","1.969,-0.107,-0.053","-39.000,89.100,-56.550",0,0.0,9.56,1.97,0.7290,999.00,0.000,0,3308,276,0,99.00,0.000000,0.000000,0,0,0,0,-51,-49.7,400,165,261,1,1,0.490,0.731,0.010,0.234,165,139
17:04:33,2.028,35475,35475,378,POWER_ON,0,0,0,0,-1,0,-1,0,0.000000,0.000000,0.000,0.0,0.000,0,0.0,"6.991,6.522,-0.958","1.435,-0.519,0.679","-37.650,88.950,-57.150",0,0.0,9.61,1.67,0.7054,999.00,0.000,0,3338,279,0,99.00,0.000000,0.000000,0,0,0,0,-48,-48.7,405,20,264,1,1,0.450,0.729,0.007,0.234,20,141
17:04:33,2.082,35602,35602,378,POWER_ON,0,0,0,0,-1,0,-1,0,0.000000,0.000000,0.000,0.0,0.000,0,0.0,"7.044,6.594,-0.986","1.214,-1.183,0.702","-39.000,89.550,-57.750",0,0.0,9.70,1.83,0.7039,999.00,0.000,0,3353,280,0,99.00,0.000000,0.000000,0,0,0,0,-47,-48.4,406,70,265,1,1,0.450,0.729,0.007,0.234,147,141
17:04:33,2.083,35682,35682,378,POWER_ON,0,0,0,0,-1,0,-1,0,0.000000,0.000000,0.000,0.0,0.000,0,0.0,"7.029,6.613,-1.164","-0.420,-2.756,-0.863","-38.250,89.550,-58.050",0,0.0,9.72,2.92,0.6909,999.00,0.000,0,3362,281,0,99.00,0.000000,0.000000,0,0,0,0,-47,-47.7,408,32,266,1,1,0.460,0.727,0.008,0.234,32,142
17:04:34,2.324,35705,35705,378,POWER_ON,0,0,0,0,-1,0,-1,0,0.000000,0.000000,0.000,0.0,0.000,0,0.0,"6.977,6.551,-0.962","-1.664,-2.115,1.794","-39.150,88.200,-58.200",0,0.0,9.62,3.23,0.7050,999.00,0.000,0,3365,281,0,99.00,0.000000,0.000000,0,0,0,0,-47,-47.7,408,55,266,1,1,0.460,0.727,0.008,0.234,55,142
17:04:34,2.409,35958,35958,378,POWER_ON,0,0,0,0,-1,0,-1,0,0.000000,0.000000,0.000,0.0,0.000,0,0.0,"7.178,6.450,-0.747","-1.931,1.366,1.634","-37.800,89.850,-57.300",0,0.0,9.68,2.87,0.7216,999.00,0.000,0,3395,283,0,99.00,0.000000,0.000000,0,0,0,0,-46,-47.3,411,0,269,1,1,0.460,0.727,0.008,0.234,308,142
17:04:34,2.409,35993,35993,378,POWER_ON,0,0,0,0,-1,0,-1,0,0.000000,0.000000,0.000,0.0,0.000,0,0.0,"7.173,6.483,-0.766","-1.855,0.511,-0.458","-40.500,88.350,-56.550",0,0.0,9.70,1.98,0.7203,999.00,0.000,0,3398,284,0,99.00,0.000000,0.000000,0,0,0,0,-46,-47.3,411,35,269,1,1,0.460,0.727,0.008,0.234,343,142
17:04:34,2.409,36016,36016,378,POWER_ON,0,0,0,0,-1,0,-1,0,0.000000,0.000000,0.000,0.0,0.000,0,0.0,"7.130,6.560,-0.781","-2.450,-3.015,-0.160","-38.700,88.950,-57.450",0,0.0,9.72,3.89,0.7192,999.00,0.000,0,3401,284,0,99.00,0.000000,0.000000,0,0,0,0,-46,-47.3,411,58,269,1,1,0.460,0.727,0.008,0.234,366,142
17:04:34,2.520,36039,36039,378,POWER_ON,0,0,0,0,-1,0,-1,0,0.000000,0.000000,0.000,0.0,0.000,0,0.0,"7.125,6.393,-0.900","-1.855,-1.748,-1.565","-38.700,88.950,-58.950",0,0.0,9.61,2.99,0.7100,999.00,0.000,0,3404,284,0,99.00,0.000000,0.000000,0,0,0,0,-46,-47.3,411,81,269,1,1,0.460,0.727,0.008,0.234,389,142
17:04:34,2.560,36096,36096,378,POWER_ON,0,0,0,0,-1,0,-1,0,0.000000,0.000000,0.000,0.0,0.000,0,0.0,"7.072,6.627,-0.828","1.725,-2.962,0.443","-37.500,87.900,-56.250",0,0.0,9.73,3.46,0.7156,999.00,0.000,0,3410,285,0,99.00,0.000000,0.000000,0,0,0,0,-46,-46.4,413,40,270,1,1,0.460,0.708,0.027,0.234,41,143
17:04:34,2.560,36119,36119,378,POWER_ON,0,0,0,0,-1,0,-1,0,0.000000,0.000000,0.000,0.0,0.000,0,0.0,"7.159,6.464,-0.852","1.328,0.718,0.183","-39.450,89.250,-58.950",0,0.0,9.68,1.52,0.7140,999.00,0.000,0,3413,285,0,99.00,0.000000,0.000000,0,0,0,0,-46,-46.4,413,63,270,1,1,0.460,0.708,0.027,0.234,64,143
17:04:34,2.560,36142,36142,378,POWER_ON,0,0,0,0,-1,0,-1,0,0.000000,0.000000,0.000,0.0,0.000,0,0.0,"7.130,6.512,-0.828","-1.282,0.802,2.168","-38.400,89.250,-58.200",0,0.0,9.69,2.64,0.7157,999.00,0.000,0,3416,285,0,99.00,0.000000,0.000000,0,0,0,0,-46,-46.4,413,86,270,1,1,0.460,0.708,0.027,0.234,87,143
17:04:34,2.561,36165,36165,378,POWER_ON,0,0,0,0,-1,0,-1,0,0.000000,0.000000,0.000,0.0,0.000,0,0.0,"7.144,6.474,-0.833","-0.061,1.840,0.969","-38.400,89.250,-57.150",0,0.0,9.68,2.08,0.7153,999.00,0.000,0,3419,285,0,99.00,0.000000,0.000000,0,0,0,0,-46,-46.3,414,14,271,1,1,0.460,0.708,0.027,0.234,110,143
17:04:34,2.655,36199,36199,378,POWER_ON,0,0,0,0,-1,0,-1,0,0.000000,0.000000,0.000,0.0,0.000,0,0.0,"7.039,6.440,-0.776","-0.756,-0.863,0.702","-39.900,89.250,-57.450",0,0.0,9.57,1.34,0.7187,999.00,0.000,0,3422,286,0,99.00,0.000000,0.000000,0,0,0,0,-46,-46.3,414,48,271,1,1,0.460,0.708,0.027,0.234,144,143
17:04:34,2.685,36222,36222,378,POWER_ON,0,0,0,0,-1,0,-1,0,0.000000,0.000000,0.000,0.0,0.000,0,0.0,"7.039,6.517,-0.819","2.321,-0.595,-0.603","-39.450,88.200,-56.100",0,0.0,9.63,2.47,0.7158,999.00,0.000,0,3425,286,0,99.00,0.000000,0.000000,0,0,0,0,-46,-46.3,414,71,271,1,1,0.460,0.708,0.027,0.234,167,143
17:04:34,2.771,36245,36245,378,POWER_ON,0,0,0,0,-1,0,-1,0,0.000000,0.000000,0.000,0.0,0.000,0,0.0,"6.958,6.479,-0.852","1.046,-1.389,0.305","-38.400,88.500,-57.450",0,0.0,9.55,1.77,0.7128,999.00,0.000,0,3428,286,0,99.00,0.000000,0.000000,0,0,0,0,-46,-46.3,414,94,271,1,1,0.460,0.708,0.027,0.234,190,143
17:04:34,2.802,36302,36302,378,POWER_ON,0,0,0,0,-1,0,-1,0,0.000000,0.000000,0.000,0.0,0.000,0,0.0,"7.034,6.522,-0.848","-0.206,-1.084,1.947","-39.000,88.200,-57.150",0,0.0,9.63,2.24,0.7137,999.00,0.000,0,3434,287,0,99.00,0.000000,0.000000,0,0,0,0,-45,-45.2,416,43,272,1,1,0.460,0.703,0.027,0.234,47,144
17:04:34,2.802,36325,36325,378,POWER_ON,0,0,0,0,-1,0,-1,0,0.000000,0.000000,0.000,0.0,0.000,0,0.0,"6.948,6.570,-0.910","-0.237,0.672,-0.550","-38.400,88.500,-57.900",0,0.0,9.61,0.90,0.7087,999.00,0.000,0,3437,287,0,99.00,0.000000,0.000000,0,0,0,0,-45,-45.2,416,66,272,1,1,0.460,0.703,0.027,0.234,70,144
17:04:34,2.886,36348,36348,378,POWER_ON,0,0,0,0,-1,0,-1,0,0.000000,0.000000,0.000,0.0,0.000,0,0.0,"7.106,6.474,-0.924","-0.824,0.031,-0.206","-39.150,88.950,-57.450",0,0.0,9.66,0.85,0.7085,999.00,0.000,0,3440,287,0,99.00,0.000000,0.000000,0,0,0,0,-45,-45.2,416,89,272,1,1,0.460,0.703,0.027,0.234,93,144
17:04:34,2.919,36371,36371,378,POWER_ON,0,0,0,0,-1,0,-1,0,0.000000,0.000000,0.000,0.0,0.000,0,0.0,"7.082,6.603,-0.895","-0.885,1.626,-0.832","-39.450,89.700,-55.650",0,0.0,9.72,2.03,0.7108,999.00,0.000,0,3443,287,0,99.00,0.000000,0.000000,0,0,0,0,-46,-45.4,417,9,273,1,1,0.460,0.703,0.027,0.234,116,144
17:04:34,2.919,36405,36405,378,POWER_ON,0,0,0,0,-1,0,-1,0,0.000000,0.000000,0.000,0.0,0.000,0,0.0,"7.020,6.455,-0.833","-0.191,2.038,-1.664","-38.700,88.950,-57.450",0,0.0,9.57,2.64,0.7145,999.00,0.000,0,3446,288,0,99.00,0.000000,0.000000,0,0,0,0,-46,-45.4,417,43,273,1,1,0.460,0.703,0.027,0.234,150,144
17:04:34,2.919,36428,36428,378,POWER_ON,0,0,0,0,-1,0,-1,0,0.000000,0.000000,0.000,0.0,0.000,0,0.0,"7.096,6.555,-0.895","0.695,2.061,0.099","-38.400,90.450,-57.900",0,0.0,9.70,2.18,0.7108,999.00,0.000,0,3449,288,0,99.00,0.000000,0.000000,0,0,0,0,-46,-45.4,417,66,273,1,1,0.460,0.703,0.027,0.234,173,144
17:04:34,3.002,36451,36451,378,POWER_ON,0,0,0,0,-1,0,-1,0,0.000000,0.000000,0.000,0.0,0.000,0,0.0,"7.049,6.416,-0.881","-1.366,0.115,-0.176","-38.550,88.650,-57.750",0,0.0,9.57,1.38,0.7111,999.00,0.000,0,3452,288,0,99.00,0.000000,0.000000,0,0,0,0,-47,-45.7,418,1,273,1,1,0.480,0.700,0.023,0.234,1,145
17:04:34,3.034,36474,36474,378,POWER_ON,0,0,0,0,-1,0,-1,0,0.000000,0.000000,0.000,0.0,0.000,0,0.0,"7.173,6.570,-0.934","0.122,-1.901,1.038","-40.200,89.250,-57.150",0,0.0,9.77,2.17,0.7085,999.00,0.000,0,3455,288,0,99.00,0.000000,0.000000,0,0,0,0,-45,-45.5,419,4,274,1,1,0.480,0.700,0.023,0.234,24,145
17:04:34,3.034,36510,36510,378,POWER_ON,0,0,0,0,-1,0,-1,0,0.000000,0.000000,0.000,0.0,0.000,0,0.0,"7.130,6.483,-0.766","-1.481,-0.557,-0.115","-38.250,87.900,-59.100",0,0.0,9.67,1.59,0.7200,999.00,0.000,0,3458,289,0,99.00,0.000000,0.000000,0,0,0,0,-45,-45.5,419,40,274,1,1,0.480,0.700,0.023,0.234,60,145
17:04:34,3.035,36532,36532,378,POWER_ON,0,0,0,0,-1,0,-1,0,0.000000,0.000000,0.000,0.0,0.000,0,0.0,"7.101,6.436,-1.006","0.084,1.618,-0.427","-39.300,88.650,-58.800",0,0.0,9.64,1.68,0.7024,999.00,0.000,0,3461,289,0,99.00,0.000000,0.000000,0,0,0,0,-45,-45.5,419,62,274,1,1,0.480,0.700,0.023,0.234,82,145
17:04:34,3.035,36555,36555,378,POWER_ON,0,0,0,0,-1,0,-1,0,0.000000,0.000000,0.000,0.0,0.000,0,0.0,"7.130,6.527,-0.828","-1.366,-1.023,1.053","-38.250,89.550,-59.100",0,0.0,9.70,2.01,0.7157,999.00,0.000,0,3464,289,0,99.00,0.000000,0.000000,0,0,0,0,-45,-45.5,419,85,274,1,1,0.480,0.700,0.023,0.234,105,145
17:04:34,3.129,36578,36578,378,POWER_ON,0,0,0,0,-1,0,-1,0,0.000000,0.000000,0.000,0.0,0.000,0,0.0,"7.149,6.412,-0.747","-1.412,-0.931,-1.061","-39.000,89.550,-58.500",0,0.0,9.63,2.00,0.7213,999.00,0.000,0,3467,289,0,99.00,0.000000,0.000000,0,0,0,0,-49,-46.2,420,16,275,1,1,0.480,0.700,0.023,0.234,128,145
17:04:34,3.174,36635,36635,378,POWER_ON,0,0,0,0,-1,0,-1,0,0.000000,0.000000,0.000,0.0,0.000,0,0.0,"7.125,6.373,-0.886","1.458,-0.427,-0.137","-37.950,88.200,-57.450",0,0.0,9.60,1.53,0.7110,999.00,0.000,0,3473,290,0,99.00,0.000000,0.000000,0,0,0,0,-49,-46.2,420,73,275,1,1,0.480,0.700,0.023,0.234,185,145
17:04:34,3.174,36658,36658,378,POWER_ON,0,0,0,0,-1,0,-1,0,0.000000,0.000000,0.000,0.0,0.000,0,0.0,"7.053,6.364,-0.862","-2.252,-1.107,-0.840","-39.000,91.350,-56.550",0,0.0,9.54,2.65,0.7123,999.00,0.000,0,3476,290,0,99.00,0.000000,0.000000,0,0,0,0,-49,-46.2,420,96,275,1,1,0.480,0.700,0.023,0.234,208,145
17:04:34,3.175,36681,36681,378,POWER_ON,0,0,0,0,-1,0,-1,0,0.000000,0.000000,0.000,0.0,0.000,0,0.0,"7.130,6.531,-0.809","-0.687,0.282,-0.053","-37.950,88.500,-58.650",0,0.0,9.70,0.74,0.7171,999.00,0.000,0,3479,290,0,99.00,0.000000,0.000000,0,0,0,0,-51,-47.2,421,12,276,1,1,0.480,0.700,0.023,0.234,231,145
17:04:34,3.175,36717,36717,378,POWER_ON,0,0,0,0,-1,0,-1,0,0.000000,0.000000,0.000,0.0,0.000,0,0.0,"7.092,6.503,-0.766","-1.878,-1.374,0.443","-39.300,88.650,-56.250",0,0.0,9.65,2.37,0.7199,999.00,0.000,0,3482,291,0,99.00,0.000000,0.000000,0,0,0,0,-51,-47.2,421,48,276,1,1,0.480,0.700,0.023,0.234,267,145
17:04:34,3.175,36740,36740,378,POWER_ON,0,0,0,0,-1,0,-1,0,0.000000,0.000000,0.000,0.0,0.000,0,0.0,"7.092,6.455,-0.733","1.634,-1.519,-0.832","-39.300,87.900,-57.000",0,0.0,9.62,2.38,0.7222,999.00,0.000,0,3485,291,0,99.00,0.000000,0.000000,0,0,0,0,-51,-47.2,421,71,276,1,1,0.480,0.700,0.023,0.234,290,145
17:04:34,3.175,36763,36763,378,POWER_ON,0,0,0,0,-1,0,-1,0,0.000000,0.000000,0.000,0.0,0.000,0,0.0,"7.082,6.546,-0.809","-0.893,0.137,-2.435","-39.900,88.500,-58.650",0,0.0,9.68,2.60,0.7168,999.00,0.000,0,3488,291,0,99.00,0.000000,0.000000,0,0,0,0,-51,-47.2,421,94,276,1,1,0.480,0.700,0.023,0.234,313,145
17:04:34,3.274,36786,36786,378,POWER_ON,0,0,0,0,-1,0,-1,0,0.000000,0.000000,0.000,0.0,0.000,0,0.0,"7.092,6.637,-0.986","0.679,-2.252,-0.359","-38.550,88.650,-55.500",0,0.0,9.76,2.38,0.7044,999.00,0.000,0,3491,291,0,99.00,0.000000,0.000000,0,0,0,0,-49,-47.6,422,11,277,1,1,0.480,0.700,0.023,0.234,336,145
17:04:35,3.323,36843,36843,378,POWER_ON,0,0,0,0,-1,0,-1,0,0.000000,0.000000,0.000,0.0,0.000,0,0.0,"7.092,6.651,-0.814","-3.626,-1.947,0.397","-38.550,87.600,-57.000",0,0.0,9.76,4.13,0.7168,999.00,0.000,0,3497,292,0,99.00,0.000000,0.000000,0,0,0,0,-49,-47.6,422,68,277,1,1,0.480,0.700,0.023,0.234,393,145
17:04:35,3.323,36866,36866,378,POWER_ON,0,0,0,0,-1,0,-1,0,0.000000,0.000000,0.000,0.0,0.000,0,0.0,"6.986,6.689,-1.030","1.183,0.229,-0.924","-38.250,88.350,-57.300",0,0.0,9.73,1.52,0.7006,999.00,0.000,0,3500,292,0,99.00,0.000000,0.000000,0,0,0,0,-48,-47.6,423,9,277,1,1,0.480,0.697,0.016,0.234,9,146
17:04:35,3.323,36889,36889,378,POWER_ON,0,0,0,0,-1,0,-1,0,0.000000,0.000000,0.000,0.0,0.000,0,0.0,"6.986,6.613,-1.010","0.687,-1.237,2.229","-39.000,90.600,-58.050",0,0.0,9.67,2.64,0.7018,999.00,0.000,0,3503,292,0,99.00,0.000000,0.000000,0,0,0,0,-48,-47.7,424,15,278,1,1,0.480,0.697,0.016,0.234,32,146
17:04:35,3.425,36925,36925,378,POWER_ON,0,0,0,0,-1,0,-1,0,0.000000,0.000000,0.000,0.0,0.000,0,0.0,"7.240,6.527,-0.972","0.405,-0.351,0.061","-37.950,89.700,-57.150",0,0.0,9.80,0.54,0.7060,999.00,0.000,0,3506,293,0,99.00,0.000000,0.000000,0,0,0,0,-48,-47.7,424,51,278,1,1,0.480,0.697,0.016,0.234,68,146
17:04:35,3.471,36948,36948,378,POWER_ON,0,0,0,0,-1,0,-1,0,0.000000,0.000000,0.000,0.0,0.000,0,0.0,"7.034,6.565,-0.953","-2.107,-1.756,1.588","-38.250,89.550,-57.000",0,0.0,9.67,3.17,0.7062,999.00,0.000,0,3509,293,0,99.00,0.000000,0.000000,0,0,0,0,-48,-47.7,424,74,278,1,1,0.480,0.697,0.016,0.234,91,146
17:04:35,3.472,36971,36971,378,POWER_ON,0,0,0,0,-1,0,-1,0,0.000000,0.000000,0.000,0.0,0.000,0,0.0,"7.125,6.642,-0.934","0.695,-2.534,-1.000","-38.550,87.600,-58.800",0,0.0,9.79,2.81,0.7084,999.00,0.000,0,3512,293,0,99.00,0.000000,0.000000,0,0,0,0,-48,-47.7,424,97,278,1,1,0.480,0.697,0.016,0.234,114,146
17:04:35,3.472,36994,36994,378,POWER_ON,0,0,0,0,-1,0,-1,0,0.000000,0.000000,0.000,0.0,0.000,0,0.0,"6.919,6.560,-0.943","-2.237,0.153,-0.641","-37.950,88.950,-58.200",0,0.0,9.58,2.33,0.7061,999.00,0.000,0,3515,293,0,99.00,0.000000,0.000000,0,0,0,0,-46,-47.4,425,16,279,1,1,0.480,0.697,0.016,0.234,137,146
17:04:35,3.563,37028,37028,378,POWER_ON,0,0,0,0,-1,0,-1,0,0.000000,0.000000,0.000,0.0,0.000,0,0.0,"7.077,6.618,-0.948","-0.374,4.511,-2.160","-37.800,88.350,-57.000",0,0.0,9.74,5.02,0.7070,999.00,0.000,0,3518,294,0,99.00,0.000000,0.000000,0,0,0,0,-46,-47.4,425,50,279,1,1,0.480,0.697,0.016,0.234,171,146
17:04:35,3.599,37051,37051,378,POWER_ON,0,0,0,0,-1,0,-1,0,0.000000,0.000000,0.000,0.0,0.000,0,0.0,"7.096,6.637,-0.895","0.229,-1.634,-0.649","-39.900,87.750,-58.650",0,0.0,9.76,1.77,0.7110,999.00,0.000,0,3521,294,0,99.00,0.000000,0.000000,0,0,0,0,-48,-47.5,426,0,279,1,1,0.450,0.696,0.012,0.234,0,147
17:04:35,3.599,37097,37097,378,POWER_ON,0,0,0,0,-1,0,-1,0,0.000000,0.000000,0.000,0.0,0.000,0,0.0,"7.120,6.378,-0.919","-0.748,0.374,0.878","-39.150,89.700,-57.150",0,0.0,9.60,1.21,0.7086,999.00,0.000,0,3527,294,0,99.00,0.000000,0.000000,0,0,0,0,-48,-47.6,427,5,280,1,1,0.450,0.696,0.012,0.234,46,147
17:04:35,3.599,37133,37133,378,POWER_ON,0,0,0,0,-1,0,-1,0,0.000000,0.000000,0.000,0.0,0.000,0,0.0,"7.173,6.656,-0.795","0.061,0.916,-0.916","-39.000,87.150,-57.300",0,0.0,9.82,1.30,0.7187,999.00,0.000,0,3530,295,0,99.00,0.000000,0.000000,0,0,0,0,-48,-47.6,427,41,280,1,1,0.450,0.696,0.012,0.234,82,147
17:04:35,3.693,37156,37156,378,POWER_ON,0,0,0,0,-1,0,-1,0,0.000000,0.000000,0.000,0.0,0.000,0,0.0,"7.159,6.594,-0.939","-0.130,-1.641,0.214","-38.700,88.950,-58.650",0,0.0,9.78,1.66,0.7082,999.00,0.000,0,3533,295,0,99.00,0.000000,0.000000,0,0,0,0,-48,-47.6,427,64,280,1,1,0.450,0.696,0.012,0.234,105,147
17:04:35,3.822,37282,37282,378,POWER_ON,0,0,0,0,-1,0,-1,0,0.000000,0.000000,0.000,0.0,0.000,0,0.0,"7.106,6.555,-0.852","-1.573,-0.504,-0.153","-37.950,87.300,-58.200",0,0.0,9.71,1.66,0.7139,999.00,0.000,0,3548,296,0,99.00,0.000000,0.000000,0,0,0,0,-47,-46.7,429,24,281,1,1,0.460,0.695,0.009,0.234,24,148
17:04:35,3.859,37305,37305,378,POWER_ON,0,0,0,0,-1,0,-1,0,0.000000,0.000000,0.000,0.0,0.000,0,0.0,"7.063,6.479,-0.766","-1.015,0.603,-2.427","-37.650,88.500,-56.400",0,0.0,9.61,2.70,0.7197,999.00,0.000,0,3551,296,0,99.00,0.000000,0.000000,0,0,0,0,-47,-46.8,430,6,282,1,1,0.460,0.695,0.009,0.234,47,148
17:04:35,3.859,37387,37387,378,POWER_ON,0,0,0,0,-1,0,-1,0,0.000000,0.000000,0.000,0.0,0.000,0,0.0,"7.049,6.440,-0.924","-1.122,-1.084,-0.695","-36.300,88.350,-57.000",0,0.0,9.59,1.71,0.7080,999.00,0.000,0,3560,297,0,99.00,0.000000,0.000000,0,0,0,0,-47,-46.8,430,88,282,1,1,0.460,0.695,0.009,0.234,129,148
17:04:35,3.859,37410,37410,378,POWER_ON,0,0,0,0,-1,0,-1,0,0.000000,0.000000,0.000,0.0,0.000,0,0.0,"7.049,6.522,-0.867","-0.885,1.160,-1.702","-39.000,89.100,-58.500",0,0.0,9.64,2.24,0.7124,999.00,0.000,0,3563,297,0,99.00,0.000000,0.000000,0,0,0,0,-42,-45.8,431,11,283,1,1,0.460,0.695,0.009,0.234,152,148
17:04:35,3.955,37444,37444,378,POWER_ON,0,0,0,0,-1,0,-1,0,0.000000,0.000000,0.000,0.0,0.000,0,0.0,"7.149,6.378,-0.871","-2.305,-2.504,-3.244","-39.000,87.150,-58.050",0,0.0,9.62,4.70,0.7122,999.00,0.000,0,3566,298,0,99.00,0.000000,0.000000,0,0,0,0,-42,-45.8,431,45,283,1,1,0.460,0.695,0.009,0.234,186,148
17:04:35,4.087,37490,37490,378,POWER_ON,0,0,0,0,-1,0,-1,0,0.000000,0.000000,0.000,0.0,0.000,0,0.0,"7.039,6.455,-0.910","-1.664,0.779,-1.794","-39.000,88.650,-57.000",0,0.0,9.59,2.57,0.7090,999.00,0.000,0,3572,298,0,99.00,0.000000,0.000000,0,0,0,0,-46,-45.9,432,31,283,1,1,0.390,0.691,0.012,0.234,31,149
17:04:35,4.125,37652,37652,378,POWER_ON,0,0,0,0,-1,0,-1,0,0.000000,0.000000,0.000,0.0,0.000,0,0.0,"6.967,6.488,-0.848","-1.771,0.176,-2.145","-37.800,87.900,-57.750",0,0.0,9.56,2.79,0.7132,999.00,0.000,0,3590,300,0,99.00,0.000000,0.000000,0,0,0,0,-46,-45.9,434,49,285,1,1,0.390,0.691,0.012,0.234,193,149
17:04:35,4.125,37675,37675,378,POWER_ON,0,0,0,0,-1,0,-1,0,0.000000,0.000000,0.000,0.0,0.000,0,0.0,"7.039,6.613,-0.910","-2.122,-0.137,-0.412","-37.950,87.750,-58.650",0,0.0,9.70,2.17,0.7095,999.00,0.000,0,3593,300,0,99.00,0.000000,0.000000,0,0,0,0,-45,-45.7,435,21,285,1,1,0.430,0.689,0.012,0.234,21,150
17:04:35,4.125,37698,37698,378,POWER_ON,0,0,0,0,-1,0,-1,0,0.000000,0.000000,0.000,0.0,0.000,0,0.0,"6.895,6.594,-0.713","0.168,0.321,-2.466","-38.700,86.550,-56.850",0,0.0,9.57,2.49,0.7227,999.00,0.000,0,3596,300,0,99.00,0.000000,0.000000,0,0,0,0,-45,-45.7,435,44,285,1,1,0.430,0.689,0.012,0.234,44,150
17:04:35,4.214,37721,37721,378,POWER_ON,0,0,0,0,-1,0,-1,0,0.000000,0.000000,0.000,0.0,0.000,0,0.0,"6.977,6.613,-0.905","0.389,-1.824,-0.229","-37.950,89.700,-57.450",0,0.0,9.66,1.88,0.7094,999.00,0.000,0,3599,300,0,99.00,0.000000,0.000000,0,0,0,0,-46,-45.8,436,13,286,1,1,0.430,0.689,0.012,0.234,67,150
17:04:35,4.252,37757,37757,378,POWER_ON,0,0,0,0,-1,0,-1,0,0.000000,0.000000,0.000,0.0,0.000,0,0.0,"6.776,6.709,-0.690","-1.802,0.618,-1.557","-38.250,89.550,-57.000",0,0.0,9.56,2.46,0.7236,999.00,0.000,0,3602,301,0,99.00,0.000000,0.000000,0,0,0,0,-46,-45.8,436,49,286,1,1,0.430,0.689,0.012,0.234,103,150
17:04:35,4.252,37780,37780,378,POWER_ON,0,0,0,0,-1,0,-1,0,0.000000,0.000000,0.000,0.0,0.000,0,0.0,"6.833,6.709,-0.833","-1.107,-0.321,-0.664","-37.500,87.600,-57.750",0,0.0,9.61,1.33,0.7137,999.00,0.000,0,3605,301,0,99.00,0.000000,0.000000,0,0,0,0,-46,-45.8,436,72,286,1,1,0.430,0.689,0.012,0.234,126,150
17:04:35,4.252,37803,37803,378,POWER_ON,0,0,0,0,-1,0,-1,0,0.000000,0.000000,0.000,0.0,0.000,0,0.0,"6.914,6.862,-0.661","0.275,-2.901,-1.092","-38.250,89.100,-57.750",0,0.0,9.76,3.11,0.7266,999.00,0.000,0,3608,301,0,99.00,0.000000,0.000000,0,0,0,0,-46,-45.8,436,95,286,1,1,0.430,0.689,0.012,0.234,149,150
17:04:35,4.252,37826,37826,378,POWER_ON,0,0,0,0,-1,0,-1,0,0.000000,0.000000,0.000,0.0,0.000,0,0.0,"6.895,6.728,-0.862","0.466,-3.679,-2.458","-38.400,87.750,-57.150",0,0.0,9.67,4.45,0.7121,999.00,0.000,0,3611,301,0,99.00,0.000000,0.000000,0,0,0,0,-45,-45.6,437,20,287,1,1,0.430,0.689,0.012,0.234,172,150
17:04:35,4.253,37860,37860,378,POWER_ON,0,0,0,0,-1,0,-1,0,0.000000,0.000000,0.000,0.0,0.000,0,0.0,"6.972,6.618,-0.838","-0.786,-2.053,2.008","-38.400,87.300,-58.650",0,0.0,9.65,2.98,0.7142,999.00,0.000,0,3614,302,0,99.00,0.000000,0.000000,0,0,0,0,-45,-45.5,438,2,287,1,1,0.460,0.687,0.011,0.234,2,151
17:04:35,4.253,37883,37883,378,POWER_ON,0,0,0,0,-1,0,-1,0,0.000000,0.000000,0.000,0.0,0.000,0,0.0,"6.986,6.742,-0.843","-2.176,0.275,-0.489","-37.050,87.600,-58.050",0,0.0,9.75,2.25,0.7142,999.00,0.000,0,3617,302,0,99.00,0.000000,0.000000,0,0,0,0,-45,-45.5,438,25,287,1,1,0.460,0.687,0.011,0.234,25,151
17:04:36,4.305,37906,37906,378,POWER_ON,0,0,0,0,-1,0,-1,0,0.000000,0.000000,0.000,0.0,0.000,0,0.0,"6.977,6.651,-0.781","0.244,0.626,2.038","-37.950,88.200,-57.900",0,0.0,9.67,2.15,0.7185,999.00,0.000,0,3620,302,0,99.00,0.000000,0.000000,0,0,0,0,-45,-45.5,438,48,287,1,1,0.460,0.687,0.011,0.234,48,151
17:04:36,4.440,37929,37929,378,POWER_ON,0,0,0,0,-1,0,-1,0,0.000000,0.000000,0.000,0.0,0.000,0,0.0,"6.823,6.651,-0.766","0.290,-0.489,1.099","-37.650,87.750,-57.450",0,0.0,9.56,1.24,0.7184,999.00,0.000,0,3623,302,0,99.00,0.000000,0.000000,0,0,0,0,-46,-45.6,439,18,288,1,1,0.460,0.687,0.011,0.234,71,151
17:04:36,4.485,38011,38011,378,POWER_ON,0,0,0,0,-1,0,-1,0,0.000000,0.000000,0.000,0.0,0.000,0,0.0,"7.053,6.661,-0.876","0.122,-2.412,-1.695","-37.050,88.350,-58.800",0,0.0,9.74,2.95,0.7121,999.00,0.000,0,3632,303,0,99.00,0.000000,0.000000,0,0,0,0,-46,-45.6,439,100,288,1,1,0.460,0.687,0.011,0.234,153,151
17:04:36,4.485,38034,38034,378,POWER_ON,0,0,0,0,-1,0,-1,0,0.000000,0.000000,0.000,0.0,0.000,0,0.0,"7.010,6.651,-0.929","1.565,-0.176,1.496","-36.450,87.300,-58.200",0,0.0,9.71,2.17,0.7080,999.00,0.000,0,3635,303,0,99.00,0.000000,0.000000,0,0,0,0,-44,-45.3,440,11,289,1,1,0.460,0.687,0.011,0.234,176,151
17:04:36,4.485,38068,38068,378,POWER_ON,0,0,0,0,-1,0,-1,0,0.000000,0.000000,0.000,0.0,0.000,0,0.0,"6.996,6.503,-0.867","0.221,-1.290,-0.168","-39.300,90.300,-57.000",0,0.0,9.59,1.32,0.7120,999.00,0.000,0,3638,304,0,99.00,0.000000,0.000000,0,0,0,0,-46,-45.4,441,16,289,1,1,0.470,0.690,0.004,0.234,16,152
17:04:36,4.486,38091,38091,378,POWER_ON,0,0,0,0,-1,0,-1,0,0.000000,0.000000,0.000,0.0,0.000,0,0.0,"7.025,6.723,-1.073","-0.145,-2.206,-0.702","-38.400,88.200,-57.900",0,0.0,9.78,2.32,0.6979,999.00,0.000,0,3641,304,0,99.00,0.000000,0.000000,0,0,0,0,-46,-45.4,441,39,289,1,1,0.470,0.690,0.004,0.234,39,152
17:04:36,4.486,38114,38114,378,POWER_ON,0,0,0,0,-1,0,-1,0,0.000000,0.000000,0.000,0.0,0.000,0,0.0,"7.053,6.546,-0.905","-0.794,-0.817,-0.405","-37.950,88.200,-56.850",0,0.0,9.67,1.21,0.7098,999.00,0.000,0,3644,304,0,99.00,0.000000,0.000000,0,0,0,0,-46,-45.4,441,62,289,1,1,0.470,0.690,0.004,0.234,62,152
17:04:36,4.486,38137,38137,378,POWER_ON,0,0,0,0,-1,0,-1,0,0.000000,0.000000,0.000,0.0,0.000,0,0.0,"7.116,6.522,-1.092","2.420,-0.756,0.771","-38.250,88.650,-56.550",0,0.0,9.71,2.65,0.6965,999.00,0.000,0,3647,304,0,99.00,0.000000,0.000000,0,0,0,0,-46,-45.5,442,7,290,1,1,0.470,0.690,0.004,0.234,85,152
17:04:36,4.576,38173,38173,378,POWER_ON,0,0,0,0,-1,0,-1,0,0.000000,0.000000,0.000,0.0,0.000,0,0.0,"7.015,6.632,-1.001","0.931,-3.779,-1.763","-37.500,87.150,-58.500",0,0.0,9.71,4.27,0.7028,999.00,0.000,0,3650,305,0,99.00,0.000000,0.000000,0,0,0,0,-46,-45.5,442,43,290,1,1,0.470,0.690,0.004,0.234,121,152
17:04:36,4.608,38196,38196,378,POWER_ON,0,0,0,0,-1,0,-1,0,0.000000,0.000000,0.000,0.0,0.000,0,0.0,"6.828,6.546,-1.034","-0.183,2.107,0.519","-36.450,88.200,-58.200",0,0.0,9.52,2.18,0.6985,999.00,0.000,0,3653,305,0,99.00,0.000000,0.000000,0,0,0,0,-46,-45.5,442,66,290,1,1,0.470,0.690,0.004,0.234,144,152
17:04:36,4.608,38242,38242,378,POWER_ON,0,0,0,0,-1,0,-1,0,0.000000,0.000000,0.000,0.0,0.000,0,0.0,"6.924,6.670,-1.063","1.374,-1.443,0.504","-36.450,87.750,-57.450",0,0.0,9.67,2.06,0.6976,999.00,0.000,0,3659,305,0,99.00,0.000000,0.000000,0,0,0,0,-46,-45.6,443,17,291,1,1,0.470,0.690,0.004,0.234,190,152
17:04:36,4.608,38276,38276,378,POWER_ON,0,0,0,0,-1,0,-1,0,0.000000,0.000000,0.000,0.0,0.000,0,0.0,"7.077,6.656,-1.010","-1.649,-0.504,-0.893","-36.750,87.600,-57.750",0,0.0,9.77,1.94,0.7026,999.00,0.000,0,3662,306,0,99.00,0.000000,0.000000,0,0,0,0,-44,-45.3,444,22,291,1,1,0.470,0.691,0.000,0.234,22,153
17:04:36,4.702,38299,38299,378,POWER_ON,0,0,0,0,-1,0,-1,0,0.000000,0.000000,0.000,0.0,0.000,0,0.0,"6.962,6.608,-0.972","0.947,1.382,-0.802","-38.700,88.200,-58.200",0,0.0,9.65,1.86,0.7044,999.00,0.000,0,3665,306,0,99.00,0.000000,0.000000,0,0,0,0,-44,-45.3,444,45,291,1,1,0.470,0.691,0.000,0.234,45,153
17:04:36,4.738,38322,38322,378,POWER_ON,0,0,0,0,-1,0,-1,0,0.000000,0.000000,0.000,0.0,0.000,0,0.0,"6.991,6.627,-0.704","1.008,-1.832,-0.290","-39.000,87.150,-58.500",0,0.0,9.66,2.11,0.7240,999.00,0.000,0,3668,306,0,99.00,0.000000,0.000000,0,0,0,0,-44,-45.3,444,68,291,1,1,0.470,0.691,0.000,0.234,68,153
17:04:36,4.738,38345,38345,378,POWER_ON,0,0,0,0,-1,0,-1,0,0.000000,0.000000,0.000,0.0,0.000,0,0.0,"6.996,6.598,-0.728","-1.092,1.198,-1.611","-38.700,87.750,-57.450",0,0.0,9.64,2.29,0.7223,999.00,0.000,0,3671,306,0,99.00,0.000000,0.000000,0,0,0,0,-44,-45.0,445,16,292,1,1,0.470,0.691,0.000,0.234,91,153
17:04:36,4.825,38380,38380,378,POWER_ON,0,0,0,0,-1,0,-1,0,0.000000,0.000000,0.000,0.0,0.000,0,0.0,"7.245,6.531,-0.838","-0.786,-3.519,-0.344","-36.900,87.000,-59.400",0,0.0,9.79,3.62,0.7157,999.00,0.000,0,3674,307,0,99.00,0.000000,0.000000,0,0,0,0,-44,-45.0,445,51,292,1,1,0.470,0.691,0.000,0.234,126,153
17:04:36,4.857,38426,38426,378,POWER_ON,0,0,0,0,-1,0,-1,0,0.000000,0.000000,0.000,0.0,0.000,0,0.0,"7.010,6.536,-0.967","-0.176,-5.282,-0.130","-38.700,88.500,-57.900",0,0.0,9.63,5.29,0.7049,999.00,0.000,0,3680,307,0,99.00,0.000000,0.000000,0,0,0,0,-44,-45.0,445,97,292,1,1,0.470,0.691,0.000,0.234,172,153
17:04:36,4.857,38449,38449,378,POWER_ON,0,0,0,0,-1,0,-1,0,0.000000,0.000000,0.000,0.0,0.000,0,0.0,"7.187,6.412,-1.097","-2.511,-5.366,0.137","-37.650,88.200,-58.650",0,0.0,9.69,5.93,0.6961,999.00,0.000,0,3683,307,0,99.00,0.000000,0.000000,0,0,0,0,-45,-45.0,446,13,293,1,1,0.470,0.691,0.000,0.234,195,153
17:04:36,4.858,38483,38483,378,POWER_ON,0,0,0,0,-1,0,-1,0,0.000000,0.000000,0.000,0.0,0.000,0,0.0,"7.163,6.378,-1.250","1.305,-0.870,1.092","-38.550,88.650,-56.250",0,0.0,9.67,1.91,0.6844,999.00,0.000,0,3686,308,0,99.00,0.000000,0.000000,0,0,0,0,-45,-45.0,447,34,293,1,1,0.450,0.692,-0.001,0.234,34,154
17:04:36,4.858,38506,38506,378,POWER_ON,0,0,0,0,-1,0,-1,0,0.000000,0.000000,0.000,0.0,0.000,0,0.0,"7.010,6.426,-1.365","-0.084,0.145,-4.198","-37.200,88.200,-58.950",0,0.0,9.61,4.20,0.6747,999.00,0.000,0,3689,308,0,99.00,0.000000,0.000000,0,0,0,0,-45,-45.0,447,57,293,1,1,0.450,0.692,-0.001,0.234,57,154
17:04:36,4.952,38529,38529,378,POWER_ON,0,0,0,0,-1,0,-1,0,0.000000,0.000000,0.000,0.0,0.000,0,0.0,"7.029,6.608,-1.403","-1.122,-2.649,-0.664","-36.750,88.650,-58.500",0,0.0,9.75,2.95,0.6730,999.00,0.000,0,3692,308,0,99.00,0.000000,0.000000,0,0,0,0,-45,-45.0,447,80,293,1,1,0.450,0.692,-0.001,0.234,80,154
17:04:36,4.989,38552,38552,378,POWER_ON,0,0,0,0,-1,0,-1,0,0.000000,0.000000,0.000,0.0,0.000,0,0.0,"7.111,6.713,-1.264","-0.038,-0.786,-0.023","-36.900,88.200,-57.150",0,0.0,9.86,0.79,0.6846,999.00,0.000,0,3695,308,0,99.00,0.000000,0.000000,0,0,0,0,-46,-45.2,448,12,294,1,1,0.450,0.692,-0.001,0.234,103,154
17:04:36,5.076,38633,38633,378,POWER_ON,0,0,0,0,-1,0,-1,0,0.000000,0.000000,0.000,0.0,0.000,0,0.0,"7.058,6.464,-1.144","0.565,-1.443,-0.244","-37.650,89.250,-58.950",0,0.0,9.64,1.57,0.6919,999.00,0.000,0,3704,309,0,99.00,0.000000,0.000000,0,0,0,0,-46,-45.2,448,93,294,1,1,0.450,0.692,-0.001,0.234,184,154
17:04:36,5.108,38656,38656,378,POWER_ON,0,0,0,0,-1,0,-1,0,0.000000,0.000000,0.000,0.0,0.000,0,0.0,"7.010,6.416,-1.116","0.061,0.756,-0.137","-37.500,87.150,-58.050",0,0.0,9.57,0.77,0.6935,999.00,0.000,0,3707,309,0,99.00,0.000000,0.000000,0,0,0,0,-45,-45.2,449,8,295,1,1,0.450,0.692,-0.001,0.234,207,154
17:04:36,5.108,38690,38690,378,POWER_ON,0,0,0,0,-1,0,-1,0,0.000000,0.000000,0.000,0.0,0.000,0,0.0,"6.953,6.541,-1.274","-2.122,-0.321,-3.206","-37.650,87.750,-57.900",0,0.0,9.63,3.86,0.6817,999.00,0.000,0,3710,310,0,99.00,0.000000,0.000000,0,0,0,0,-45,-45.1,450,28,295,1,1,0.460,0.693,-0.002,0.234,28,155
17:04:36,5.108,38713,38713,378,POWER_ON,0,0,0,0,-1,0,-1,0,0.000000,0.000000,0.000,0.0,0.000,0,0.0,"7.034,6.531,-1.097","-1.420,2.664,-2.275","-39.750,87.150,-58.500",0,0.0,9.66,3.78,0.6955,999.00,0.000,0,3713,310,0,99.00,0.000000,0.000000,0,0,0,0,-45,-45.1,450,51,295,1,1,0.460,0.693,-0.002,0.234,51,155
17:04:36,5.109,38736,38736,378,POWER_ON,0,0,0,0,-1,0,-1,0,0.000000,0.000000,0.000,0.0,0.000,0,0.0,"7.034,6.584,-1.216","-2.534,-3.008,-0.992","-37.800,88.350,-58.800",0,0.0,9.71,4.06,0.6869,999.00,0.000,0,3716,310,0,99.00,0.000000,0.000000,0,0,0,0,-45,-45.1,450,74,295,1,1,0.460,0.693,-0.002,0.234,74,155
17:04:36,5.202,38759,38759,378,POWER_ON,0,0,0,0,-1,0,-1,0,0.000000,0.000000,0.000,0.0,0.000,0,0.0,"7.293,6.469,-0.962","-2.855,2.870,-3.298","-38.550,87.900,-59.550",0,0.0,9.80,5.22,0.7068,999.00,0.000,0,3719,310,0,99.00,0.000000,0.000000,0,0,0,0,-46,-45.3,451,15,296,1,1,0.460,0.693,-0.002,0.234,97,155
17:04:36,5.251,38794,38794,378,POWER_ON,0,0,0,0,-1,0,-1,0,0.000000,0.000000,0.000,0.0,0.000,0,0.0,"6.953,6.565,-1.106","-0.473,-0.031,-2.023","-37.200,88.500,-57.150",0,0.0,9.63,2.08,0.6943,999.00,0.000,0,3722,311,0,99.00,0.000000,0.000000,0,0,0,0,-46,-45.3,451,50,296,1,1,0.460,0.693,-0.002,0.234,132,155
17:04:36,5.251,38817,38817,378,POWER_ON,0,0,0,0,-1,0,-1,0,0.000000,0.000000,0.000,0.0,0.000,0,0.0,"6.953,6.699,-0.929","-4.069,-0.702,-2.443","-37.650,87.300,-58.650",0,0.0,9.70,4.80,0.7077,999.00,0.000,0,3725,311,0,99.00,0.000000,0.000000,0,0,0,0,-46,-45.3,451,73,296,1,1,0.460,0.693,-0.002,0.234,155,155
17:04:36,5.251,38840,38840,378,POWER_ON,0,0,0,0,-1,0,-1,0,0.000000,0.000000,0.000,0.0,0.000,0,0.0,"6.814,6.618,-1.025","-1.168,-3.496,-3.985","-37.200,87.750,-58.650",0,0.0,9.55,5.43,0.6993,999.00,0.000,0,3728,311,0,99.00,0.000000,0.000000,0,0,0,0,-46,-45.3,451,96,296,1,1,0.460,0.693,-0.002,0.234,178,155
17:04:37,5.338,38863,38863,378,POWER_ON,0,0,0,0,-1,0,-1,0,0.000000,0.000000,0.000,0.0,0.000,0,0.0,"6.790,6.814,-1.034","-1.160,1.504,-3.489","-37.200,88.200,-58.200",0,0.0,9.67,3.97,0.6988,999.00,0.000,0,3731,311,0,99.00,0.000000,0.000000,0,0,0,0,-41,-44.5,452,17,296,1,1,0.440,0.693,-0.002,0.234,17,156
17:04:37,5.431,38943,38943,378,POWER_ON,0,0,0,0,-1,0,-1,0,0.000000,0.000000,0.000,0.0,0.000,0,0.0,"6.833,6.843,-1.020","-2.344,1.954,-3.053","-37.950,87.750,-57.450",0,0.0,9.72,4.32,0.7003,999.00,0.000,0,3740,312,0,99.00,0.000000,0.000000,0,0,0,0,-41,-44.5,452,97,296,1,1,0.440,0.693,-0.002,0.234,97,156
17:04:37,6.063,39105,39105,378,POWER_ON,0,0,0,0,-1,0,-1,0,0.000000,0.000000,0.000,0.0,0.000,0,0.0,"6.891,6.737,-0.603","-1.855,-1.130,-0.389","-38.400,88.500,-57.900",0,0.0,9.66,2.21,0.7305,999.00,0.000,0,3758,314,0,99.00,0.000000,0.000000,0,0,0,0,-46,-45.0,455,47,298,1,1,0.450,0.690,0.003,0.234,48,157
17:04:37,6.285,39485,39485,378,POWER_ON,0,0,0,0,-1,0,-1,0,0.000000,0.000000,0.000,0.0,0.000,0,0.0,"6.704,6.766,-1.168","-4.908,2.863,1.885","-38.250,88.350,-58.800",0,0.0,9.60,5.99,0.6879,999.00,0.000,0,3803,317,0,99.00,0.000000,0.000000,0,0,0,0,-45,-44.8,461,15,302,1,1,0.480,0.687,0.006,0.234,38,159
17:04:37,6.285,39567,39567,378,POWER_ON,0,0,0,0,-1,0,-1,0,0.000000,0.000000,0.000,0.0,0.000,0,0.0,"6.996,6.536,-0.967","8.603,13.008,1.397","-37.500,88.350,-56.250",0,0.0,9.62,15.66,0.7048,999.00,0.000,0,3812,318,0,99.00,0.000000,0.000000,0,0,0,0,-45,-44.8,461,97,302,1,1,0.480,0.687,0.006,0.234,120,159
17:04:37,6.285,39624,39624,378,POWER_ON,0,0,0,0,-1,0,-1,0,0.000000,0.000000,0.000,0.0,0.000,0,0.0,"6.823,6.656,-0.230","-7.740,-1.702,0.321","-37.950,88.200,-57.450",0,0.0,9.53,7.93,0.7562,999.00,0.000,0,3818,319,0,99.00,0.000000,0.000000,0,0,0,0,-42,-44.2,462,47,303,1,1,0.480,0.687,0.006,0.234,177,159
17:04:37,6.285,39670,39670,378,POWER_ON,0,0,0,0,-1,0,-1,0,0.000000,0.000000,0.000,0.0,0.000,0,0.0,"7.254,6.215,-0.575","-11.817,-9.626,1.214","-37.050,87.900,-55.800",0,0.0,9.57,15.29,0.7334,999.00,0.000,0,3824,319,0,99.00,0.000000,0.000000,0,0,0,0,-45,-44.4,463,19,303,1,1,0.470,0.686,0.005,0.234,19,160
17:04:37,6.286,39693,39693,378,POWER_ON,0,0,0,0,-1,0,-1,0,0.000000,0.000000,0.000,0.0,0.000,0,0.0,"7.336,6.249,-0.579","-3.924,-2.725,0.649","-36.150,88.200,-56.850",0,0.0,9.65,4.82,0.7334,999.00,0.000,0,3827,319,0,99.00,0.000000,0.000000,0,0,0,0,-45,-44.5,464,4,304,1,1,0.470,0.686,0.005,0.234,42,160
17:04:38,6.443,39729,39729,378,POWER_ON,0,0,0,0,-1,0,-1,0,0.000000,0.000000,0.000,0.0,0.000,0,0.0,"7.278,6.929,-0.062","1.794,7.122,-1.588","-36.750,87.900,-57.000",0,0.0,10.05,7.51,0.7683,999.00,0.000,0,3830,320,0,99.00,0.000000,0.000000,0,0,0,0,-45,-44.5,464,40,304,1,1,0.470,0.686,0.005,0.234,78,160
17:04:38,6.499,39752,39752,378,POWER_ON,0,0,0,0,-1,0,-1,0,0.000000,0.000000,0.000,0.0,0.000,0,0.0,"7.360,6.929,-0.479","-5.595,4.336,-2.344","-37.800,89.100,-57.750",0,0.0,10.12,7.46,0.7415,999.00,0.000,0,3833,320,0,99.00,0.000000,0.000000,0,0,0,0,-45,-44.5,464,63,304,1,1,0.470,0.686,0.005,0.234,101,160
17:04:38,6.499,39775,39775,378,POWER_ON,0,0,0,0,-1,0,-1,0,0.000000,0.000000,0.000,0.0,0.000,0,0.0,"7.484,6.867,-0.498","-3.328,2.855,-4.916","-38.700,89.700,-57.150",0,0.0,10.17,6.59,0.7407,999.00,0.000,0,3836,320,0,99.00,0.000000,0.000000,0,0,0,0,-45,-44.5,464,86,304,1,1,0.470,0.686,0.005,0.234,124,160
17:04:38,6.499,39798,39798,378,POWER_ON,0,0,0,0,-1,0,-1,0,0.000000,0.000000,0.000,0.0,0.000,0,0.0,"7.173,6.929,-0.551","-0.130,11.664,-6.885","-37.050,88.650,-55.800",0,0.0,9.99,13.55,0.7358,999.00,0.000,0,3839,320,0,99.00,0.000000,0.000000,0,0,0,0,-46,-44.8,465,10,305,1,1,0.470,0.686,0.005,0.234,147,160
17:04:38,6.500,39832,39832,378,POWER_ON,0,0,0,0,-1,0,-1,0,0.000000,0.000000,0.000,0.0,0.000,0,0.0,"7.010,7.269,-0.484","-0.214,15.107,-9.168","-38.250,89.100,-57.300",0,0.0,10.11,17.67,0.7389,999.00,0.000,0,3842,321,0,99.00,0.000000,0.000000,0,0,0,0,-46,-44.8,465,44,305,1,1,0.470,0.686,0.005,0.234,181,160
17:04:38,6.500,39878,39878,378,POWER_ON,0,0,0,0,-1,0,-1,0,0.000000,0.000000,0.000,0.0,0.000,0,0.0,"6.642,7.116,-0.469","-3.916,12.382,-9.924","-36.150,89.700,-56.850",0,0.0,9.74,16.34,0.7375,999.00,0.000,0,3848,321,0,99.00,0.000000,0.000000,0,0,0,0,-45,-44.8,466,23,305,1,1,0.410,0.685,0.005,0.234,23,161
17:04:38,6.500,39901,39901,378,POWER_ON,0,0,0,0,-1,0,-1,0,0.000000,0.000000,0.000,0.0,0.000,0,0.0,"6.407,6.962,-0.402","-3.695,12.809,-8.435","-38.250,89.850,-57.300",0,0.0,9.47,15.78,0.7407,999.00,0.000,0,3851,321,0,99.00,0.000000,0.000000,0,0,0,0,-45,-44.9,467,7,306,1,1,0.410,0.685,0.005,0.234,46,161
17:04:38,6.594,39937,39937,378,POWER_ON,0,0,0,0,-1,0,-1,0,0.000000,0.000000,0.000,0.0,0.000,0,0.0,"6.321,6.517,-0.350","-9.038,9.962,-8.489","-36.750,88.650,-57.000",0,0.0,9.09,15.91,0.7453,999.00,0.000,0,3854,322,0,99.00,0.000000,0.000000,0,0,0,0,-45,-44.9,467,43,306,1,1,0.410,0.685,0.005,0.234,82,161
17:04:38,6.625,40086,40086,378,POWER_ON,0,0,0,0,-1,0,-1,0,0.000000,0.000000,0.000,0.0,0.000,0,0.0,"6.618,6.809,-0.091","-5.275,13.718,-6.603","-37.500,89.100,-55.200",0,0.0,9.50,16.11,0.7642,999.00,0.000,0,3872,323,0,99.00,0.000000,0.000000,0,0,0,0,-46,-45.3,469,38,307,1,1,0.380,0.685,0.004,0.234,38,162
17:04:38,6.626,40109,40109,378,POWER_ON,0,0,0,0,-1,0,-1,0,0.000000,0.000000,0.000,0.0,0.000,0,0.0,"6.680,6.958,-0.158","-3.687,15.237,-5.489","-37.800,91.350,-55.200",0,0.0,9.65,16.61,0.7594,999.00,0.000,0,3875,323,0,99.00,0.000000,0.000000,0,0,0,0,-46,-45.4,470,16,308,1,1,0.380,0.685,0.004,0.234,61,162
17:04:38,6.626,40145,40145,378,POWER_ON,0,0,0,0,-1,0,-1,0,0.000000,0.000000,0.000,0.0,0.000,0,0.0,"6.771,7.259,-0.287","-2.771,12.099,-3.863","-38.250,89.550,-55.800",0,0.0,9.93,13.00,0.7502,999.00,0.000,0,3878,324,0,99.00,0.000000,0.000000,0,0,0,0,-46,-45.4,470,52,308,1,1,0.380,0.685,0.004,0.234,97,162
17:04:38,6.626,40191,40191,378,POWER_ON,0,0,0,0,-1,0,-1,0,0.000000,0.000000,0.000,0.0,0.000,0,0.0,"6.833,7.317,-0.129","-6.611,9.298,1.389","-39.900,91.200,-56.100",0,0.0,10.01,11.49,0.7607,999.00,0.000,0,3884,324,0,99.00,0.000000,0.000000,0,0,0,0,-46,-45.4,470,98,308,1,1,0.380,0.685,0.004,0.234,143,162
17:04:38,6.626,40214,40214,378,POWER_ON,0,0,0,0,-1,0,-1,0,0.000000,0.000000,0.000,0.0,0.000,0,0.0,"6.718,7.049,-0.010","-7.794,4.481,1.153","-37.650,90.450,-55.650",0,0.0,9.74,9.06,0.7691,999.00,0.000,0,3887,324,0,99.00,0.000000,0.000000,0,0,0,0,-46,-45.4,470,121,308,1,1,0.380,0.685,0.004,0.234,166,162
17:04:38,6.719,40271,40271,378,POWER_ON,0,0,0,0,-1,0,-1,0,0.000000,0.000000,0.000,0.0,0.000,0,0.0,"6.905,6.613,0.096","-3.183,5.053,5.763","-37.650,91.650,-53.850",0,0.0,9.56,8.30,0.7784,999.00,0.000,0,3893,325,0,99.00,0.000000,0.000000,0,0,0,0,-41,-44.6,472,11,309,1,1,0.380,0.671,0.024,0.234,11,163
17:04:38,6.755,40317,40317,378,POWER_ON,0,0,0,0,-1,0,-1,0,0.000000,0.000000,0.000,0.0,0.000,0,0.0,"6.665,6.584,0.010","1.634,0.267,7.893","-39.000,89.550,-55.800",0,0.0,9.37,8.06,0.7721,999.00,0.000,0,3899,325,0,99.00,0.000000,0.000000,0,0,0,0,-45,-44.7,473,16,310,1,1,0.380,0.671,0.024,0.234,57,163
17:04:38,6.756,40353,40353,378,POWER_ON,0,0,0,0,-1,0,-1,0,0.000000,0.000000,0.000,0.0,0.000,0,0.0,"6.440,6.483,0.062","3.382,1.519,5.397","-39.450,89.700,-56.100",0,0.0,9.14,6.55,0.7753,999.00,0.000,0,3902,326,0,99.00,0.000000,0.000000,0,0,0,0,-45,-44.7,473,52,310,1,1,0.380,0.671,0.024,0.234,93,163
17:04:38,6.842,40376,40376,378,POWER_ON,0,0,0,0,-1,0,-1,0,0.000000,0.000000,0.000,0.0,0.000,0,0.0,"6.311,6.479,0.091","8.168,2.053,7.969","-39.150,90.000,-54.900",0,0.0,9.05,11.60,0.7768,999.00,0.000,0,3905,326,0,99.00,0.000000,0.000000,0,0,0,0,-45,-44.7,473,75,310,1,1,0.380,0.671,0.024,0.234,116,163
17:04:38,6.874,40399,40399,378,POWER_ON,0,0,0,0,-1,0,-1,0,0.000000,0.000000,0.000,0.0,0.000,0,0.0,"6.325,6.311,-0.019","8.305,3.076,8.863","-38.550,90.600,-54.450",0,0.0,8.94,12.53,0.7699,999.00,0.000,0,3908,326,0,99.00,0.000000,0.000000,0,0,0,0,-45,-44.7,473,98,310,1,1,0.380,0.671,0.024,0.234,139,163
17:04:38,6.874,40456,40456,378,POWER_ON,0,0,0,0,-1,0,-1,0,0.000000,0.000000,0.000,0.0,0.000,0,0.0,"6.321,6.622,0.019","8.053,0.496,9.718","-40.050,90.300,-55.200",0,0.0,9.15,12.63,0.7711,999.00,0.000,0,3914,327,0,99.00,0.000000,0.000000,0,0,0,0,-41,-44.0,474,42,311,1,1,0.380,0.671,0.024,0.234,196,163
17:04:38,6.969,40479,40479,378,POWER_ON,0,0,0,0,-1,0,-1,0,0.000000,0.000000,0.000,0.0,0.000,0,0.0,"6.642,6.574,0.192","5.496,-1.718,10.672","-39.450,90.450,-54.150",0,0.0,9.35,12.13,0.7843,999.00,0.000,0,3917,327,0,99.00,0.000000,0.000000,0,0,0,0,-46,-44.4,475,19,311,1,1,0.430,0.661,0.031,0.234,19,164
17:04:38,7.006,40525,40525,378,POWER_ON,0,0,0,0,-1,0,-1,0,0.000000,0.000000,0.000,0.0,0.000,0,0.0,"6.914,6.709,-0.024","4.420,-2.183,10.305","-39.750,89.850,-57.000",0,0.0,9.63,11.42,0.7703,999.00,0.000,0,3923,327,0,99.00,0.000000,0.000000,0,0,0,0,-41,-43.7,476,2,312,1,1,0.430,0.661,0.031,0.234,65,164
17:04:38,7.006,40561,40561,378,POWER_ON,0,0,0,0,-1,0,-1,0,0.000000,0.000000,0.000,0.0,0.000,0,0.0,"7.106,6.536,-0.053","8.985,0.023,5.863","-40.650,90.000,-54.600",0,0.0,9.66,10.73,0.7692,999.00,0.000,0,3926,328,0,99.00,0.000000,0.000000,0,0,0,0,-41,-43.7,476,38,312,1,1,0.430,0.661,0.031,0.234,101,164
17:04:38,7.006,40584,40584,378,POWER_ON,0,0,0,0,-1,0,-1,0,0.000000,0.000000,0.000,0.0,0.000,0,0.0,"19.613,19.613,-7.384","8.229,-6.817,7.595","-41.250,89.550,-56.250",0,0.0,28.70,13.11,0.7821,999.00,0.000,0,3929,328,0,99.00,0.000000,0.000000,0,0,0,0,-41,-43.7,476,61,312,1,1,0.430,0.661,0.031,0.234,124,164
17:04:38,7.102,40607,40607,378,POWER_ON,0,0,0,0,-1,0,-1,0,0.000000,0.000000,0.000,0.0,0.000,0,0.0,"7.661,9.519,8.035","10.099,-0.481,-2.290","-40.200,87.750,-54.150",0,0.0,14.62,10.37,0.5203,999.00,0.000,0,3932,328,0,99.00,0.000000,0.000000,0,0,0,0,-41,-43.7,476,84,312,1,1,0.430,0.661,0.031,0.234,147,164
17:04:38,7.139,40664,40664,378,POWER_ON,0,0,0,0,-1,0,-1,0,0.000000,0.000000,0.000,0.0,0.000,0,0.0,"6.823,7.063,0.713","-1.931,-1.779,3.565","-40.650,88.500,-57.900",0,0.0,9.85,4.43,0.8141,27.26,1.507,0,3938,329,0,99.00,0.000000,0.000000,0,0,0,0,-46,-44.5,478,16,313,1,1,0.430,0.655,0.031,0.234,16,165
17:04:38,7.236,40687,40687,378,POWER_ON,0,0,0,0,-1,0,-1,0,0.000000,0.000000,0.000,0.0,0.000,0,0.0,"7.120,6.378,-0.163","-1.405,-2.672,1.809","-40.650,88.200,-56.850",0,0.0,9.56,3.52,0.7619,27.26,1.507,0,3941,329,0,99.00,0.000000,0.000000,0,0,0,0,-46,-44.5,478,39,313,1,1,0.430,0.655,0.031,0.234,39,165
17:04:38,7.285,40733,40733,378,POWER_ON,0,0,0,0,-1,0,-1,0,0.000000,0.000000,0.000,0.0,0.000,0,0.0,"6.977,6.507,0.053","-4.916,-6.779,0.924","-41.250,87.150,-55.800",0,0.0,9.54,8.42,0.7760,27.26,1.507,0,3947,329,0,99.00,0.000000,0.000000,0,0,0,0,-46,-44.8,479,11,314,1,1,0.430,0.655,0.031,0.234,85,165
17:04:38,7.285,40769,40769,378,POWER_ON,0,0,0,0,-1,0,-1,0,0.000000,0.000000,0.000,0.0,0.000,0,0.0,"7.010,6.517,-0.105","-4.382,-6.611,0.351","-41.400,89.250,-57.900",0,0.0,9.57,7.94,0.7655,27.26,1.507,0,3950,330,0,99.00,0.000000,0.000000,0,0,0,0,-46,-44.8,479,47,314,1,1,0.430,0.655,0.031,0.234,121,165
17:04:38,7.286,40792,40792,378,POWER_ON,0,0,0,0,-1,0,-1,0,0.000000,0.000000,0.000,0.0,0.000,0,0.0,"6.713,6.704,-0.019","-5.458,-3.771,3.206","-39.300,87.900,-56.250",0,0.0,9.49,7.37,0.7699,27.26,1.507,0,3953,330,0,99.00,0.000000,0.000000,0,0,0,0,-46,-44.8,479,70,314,1,1,0.430,0.655,0.031,0.234,144,165
17:04:38,7.286,40815,40815,378,POWER_ON,0,0,0,0,-1,0,-1,0,0.000000,0.000000,0.000,0.0,0.000,0,0.0,"6.938,6.651,0.010","-6.290,-7.519,1.634","-40.500,88.350,-57.000",0,0.0,9.61,9.94,0.7727,27.26,1.507,0,3956,330,0,99.00,0.000000,0.000000,0,0,0,0,-46,-44.8,479,93,314,1,1,0.430,0.655,0.031,0.234,167,165
17:04:39,7.372,40838,40838,378,POWER_ON,0,0,0,0,-1,0,-1,0,0.000000,0.000000,0.000,0.0,0.000,0,0.0,"7.096,6.565,-0.072","-8.435,-10.366,2.267","-40.800,88.650,-55.500",0,0.0,9.67,13.56,0.7679,27.26,1.507,0,3959,330,0,99.00,0.000000,0.000000,0,0,0,0,-45,-44.9,480,10,315,1,1,0.430,0.655,0.031,0.234,190,165
17:04:39,7.465,40872,40872,378,POWER_ON,0,0,0,0,-1,0,-1,0,0.000000,0.000000,0.000,0.0,0.000,0,0.0,"7.072,6.517,0.297","-13.046,-16.992,0.344","-39.300,91.800,-55.500",0,0.0,9.62,21.43,0.7919,27.26,1.507,0,3962,331,0,99.00,0.000000,0.000000,0,0,0,0,-45,-44.9,480,44,315,1,1,0.430,0.655,0.031,0.234,224,165
17:04:39,7.608,41125,41125,378,POWER_ON,0,0,0,0,-1,0,-1,0,0.000000,0.000000,0.000,0.0,0.000,0,0.0,"6.455,6.986,-0.551","0.985,-1.992,-2.397","-37.950,90.000,-55.350",0,0.0,9.53,3.27,0.7305,27.26,1.507,0,3992,333,0,99.00,0.000000,0.000000,0,0,0,0,-45,-45.1,483,76,317,1,1,0.430,0.661,0.009,0.234,76,166
17:04:39,7.940,41252,41252,378,POWER_ON,0,0,0,0,-1,0,-1,0,0.000000,0.000000,0.000,0.0,0.000,0,0.0,"6.541,7.106,-0.129","0.908,-3.359,2.641","-39.300,91.350,-55.800",0,0.0,9.66,4.37,0.7598,27.26,1.507,0,4007,334,0,99.00,0.000000,0.000000,0,0,0,0,-46,-45.2,484,107,318,1,1,0.430,0.661,0.009,0.234,203,166
17:04:39,8.044,41562,41562,378,POWER_ON,0,0,0,0,-1,0,-1,0,0.000000,0.000000,0.000,0.0,0.000,0,0.0,"6.891,6.670,-0.460","-0.191,-0.763,-1.802","-38.550,89.100,-57.300",0,0.0,9.60,1.97,0.7406,27.26,1.507,0,4043,337,0,99.00,0.000000,0.000000,0,0,0,0,-47,-46.0,489,99,321,1,1,0.400,0.663,0.002,0.234,111,168
17:04:39,8.161,41597,41597,378,POWER_ON,0,0,0,0,-1,0,-1,0,0.000000,0.000000,0.000,0.0,0.000,0,0.0,"7.144,6.493,-0.445","-0.641,-6.221,1.939","-39.750,89.850,-55.800",0,0.0,9.66,6.55,0.7427,27.26,1.507,0,4046,338,0,99.00,0.000000,0.000000,0,0,0,0,-46,-46.0,490,28,322,1,1,0.400,0.663,0.002,0.234,146,168
17:04:39,8.201,41666,41666,378,POWER_ON,0,0,0,0,-1,0,-1,0,0.000000,0.000000,0.000,0.0,0.000,0,0.0,"7.187,6.340,-0.493","-4.282,-6.290,-0.718","-39.000,90.300,-56.550",0,0.0,9.60,7.64,0.7393,27.26,1.507,0,4055,338,0,99.00,0.000000,0.000000,0,0,0,0,-46,-46.0,490,97,322,1,1,0.400,0.663,0.002,0.234,215,168
17:04:39,8.201,41700,41700,378,POWER_ON,0,0,0,0,-1,0,-1,0,0.000000,0.000000,0.000,0.0,0.000,0,0.0,"7.216,6.388,-0.579","-6.534,-14.511,-0.053","-40.200,88.500,-56.100",0,0.0,9.65,15.91,0.7334,27.26,1.507,0,4058,339,0,99.00,0.000000,0.000000,0,0,0,0,-43,-45.3,492,20,323,1,1,0.400,0.663,0.000,0.234,33,169
17:04:39,8.201,41723,41723,378,POWER_ON,0,0,0,0,-1,0,-1,0,0.000000,0.000000,0.000,0.0,0.000,0,0.0,"7.350,6.570,-0.532","-6.626,-11.702,-2.695","-38.400,89.250,-55.350",0,0.0,9.87,13.72,0.7376,27.26,1.507,0,4061,339,0,99.00,0.000000,0.000000,0,0,0,0,-43,-45.3,492,43,323,1,1,0.400,0.663,0.000,0.234,56,169
17:04:39,8.201,41746,41746,378,POWER_ON,0,0,0,0,-1,0,-1,0,0.000000,0.000000,0.000,0.0,0.000,0,0.0,"7.293,6.555,-0.369","-11.489,-5.374,-4.092","-38.250,88.350,-55.800",0,0.0,9.81,13.33,0.7484,27.26,1.507,0,4064,339,0,99.00,0.000000,0.000000,0,0,0,0,-43,-45.3,492,66,323,1,1,0.400,0.663,0.000,0.234,79,169
17:04:39,8.292,41804,41804,378,POWER_ON,0,0,0,0,-1,0,-1,0,0.000000,0.000000,0.000,0.0,0.000,0,0.0,"6.977,6.421,-0.757","-5.145,-10.099,-0.542","-39.150,89.700,-55.350",0,0.0,9.51,11.35,0.7197,27.26,1.507,0,4070,340,0,99.00,0.000000,0.000000,0,0,0,0,-45,-45.2,493,18,324,1,1,0.400,0.663,0.000,0.234,137,169
17:04:40,8.324,41827,41827,378,POWER_ON,0,0,0,0,-1,0,-1,0,0.000000,0.000000,0.000,0.0,0.000,0,0.0,"6.699,6.795,-0.781","0.603,-3.565,-0.015","-38.400,91.200,-56.850",0,0.0,9.57,3.62,0.7165,27.26,1.507,0,4073,340,0,99.00,0.000000,0.000000,0,0,0,0,-45,-45.2,493,41,324,1,1,0.400,0.663,0.000,0.234,160,169
17:04:40,8.324,41850,41850,378,POWER_ON,0,0,0,0,-1,0,-1,0,0.000000,0.000000,0.000,0.0,0.000,0,0.0,"6.752,7.001,-0.503","3.542,3.069,-5.725","-37.500,89.850,-55.500",0,0.0,9.74,7.40,0.7363,27.26,1.507,0,4076,340,0,99.00,0.000000,0.000000,0,0,0,0,-45,-45.2,493,64,324,1,1,0.400,0.663,0.000,0.234,183,169
17:04:40,8.420,41873,41873,378,POWER_ON,0,0,0,0,-1,0,-1,0,0.000000,0.000000,0.000,0.0,0.000,0,0.0,"6.637,6.804,-0.800","-0.137,-2.809,-4.183","-39.000,90.600,-55.800",0,0.0,9.54,5.04,0.7145,27.26,1.507,0,4079,340,0,99.00,0.000000,0.000000,0,0,0,0,-45,-45.2,494,17,324,1,1,0.350,0.653,0.016,0.234,17,170
17:04:40,8.457,41909,41909,378,POWER_ON,0,0,0,0,-1,0,-1,0,0.000000,0.000000,0.000,0.0,0.000,0,0.0,"6.776,6.948,-0.709","-2.527,1.366,-5.031","-37.500,88.650,-55.800",0,0.0,9.73,5.79,0.7222,27.26,1.507,0,4082,341,0,99.00,0.000000,0.000000,0,0,0,0,-45,-45.1,495,9,325,1,1,0.350,0.653,0.016,0.234,53,170
17:04:40,8.458,41932,41932,378,POWER_ON,0,0,0,0,-1,0,-1,0,0.000000,0.000000,0.000,0.0,0.000,0,0.0,"6.632,6.900,-0.795","0.359,1.863,-2.977","-37.650,89.700,-56.100",0,0.0,9.60,3.53,0.7148,27.26,1.507,0,4085,341,0,99.00,0.000000,0.000000,0,0,0,0,-45,-45.1,495,32,325,1,1,0.350,0.653,0.016,0.234,76,170
17:04:40,8.556,41955,41955,378,POWER_ON,0,0,0,0,-1,0,-1,0,0.000000,0.000000,0.000,0.0,0.000,0,0.0,"6.594,7.005,-0.934","-0.656,3.435,-2.840","-37.500,89.100,-55.800",0,0.0,9.67,4.50,0.7043,27.26,1.507,0,4088,341,0,99.00,0.000000,0.000000,0,0,0,0,-45,-45.1,495,55,325,1,1,0.350,0.653,0.016,0.234,99,170
17:04:40,8.593,42012,42012,378,POWER_ON,0,0,0,0,-1,0,-1,0,0.000000,0.000000,0.000,0.0,0.000,0,0.0,"6.421,7.130,-0.460","0.863,6.122,-0.443","-37.650,90.900,-55.650",0,0.0,9.61,6.20,0.7362,27.26,1.507,0,4094,342,0,99.00,0.000000,0.000000,0,0,0,0,-45,-45.1,496,15,326,1,1,0.350,0.653,0.016,0.234,156,170
17:04:40,8.593,42035,42035,378,POWER_ON,0,0,0,0,-1,0,-1,0,0.000000,0.000000,0.000,0.0,0.000,0,0.0,"6.488,7.077,-0.034","1.603,6.710,0.863","-38.550,90.600,-55.200",0,0.0,9.60,6.95,0.7660,27.26,1.507,0,4097,342,0,99.00,0.000000,0.000000,0,0,0,0,-45,-45.1,496,38,326,1,1,0.350,0.653,0.016,0.234,179,170
17:04:40,8.593,42058,42058,378,POWER_ON,0,0,0,0,-1,0,-1,0,0.000000,0.000000,0.000,0.0,0.000,0,0.0,"6.622,7.077,0.129","1.344,2.359,2.328","-38.250,89.850,-54.450",0,0.0,9.69,3.58,0.7774,27.26,1.507,0,4100,342,0,99.00,0.000000,0.000000,0,0,0,0,-46,-45.3,497,4,326,1,1,0.430,0.647,0.021,0.234,4,171
17:04:40,8.594,42081,42081,378,POWER_ON,0,0,0,0,-1,0,-1,0,0.000000,0.000000,0.000,0.0,0.000,0,0.0,"6.996,6.742,0.134","-6.076,-2.481,2.206","-38.400,88.500,-55.350",0,0.0,9.72,6.92,0.7807,27.26,1.507,0,4103,342,0,99.00,0.000000,0.000000,0,0,0,0,-46,-45.3,497,27,326,1,1,0.430,0.647,0.021,0.234,27,171
17:04:40,8.594,42117,42117,378,POWER_ON,0,0,0,0,-1,0,-1,0,0.000000,0.000000,0.000,0.0,0.000,0,0.0,"7.254,6.426,0.196","-3.435,-4.221,3.061","-38.400,88.200,-56.100",0,0.0,9.69,6.24,0.7856,27.26,1.507,0,4106,343,0,99.00,0.000000,0.000000,0,0,0,0,-45,-45.2,498,20,327,1,1,0.430,0.647,0.021,0.234,63,171
17:04:40,8.685,42139,42139,378,POWER_ON,0,0,0,0,-1,0,-1,0,0.000000,0.000000,0.000,0.0,0.000,0,0.0,"7.456,6.354,0.067","-1.863,-1.840,2.031","-38.550,87.600,-55.800",0,0.0,9.80,3.31,0.7772,27.26,1.507,0,4109,343,0,99.00,0.000000,0.000000,0,0,0,0,-45,-45.2,498,42,327,1,1,0.430,0.647,0.021,0.234,85,171
17:04:40,8.805,42162,42162,378,POWER_ON,0,0,0,0,-1,0,-1,0,0.000000,0.000000,0.000,0.0,0.000,0,0.0,"7.230,6.397,-0.043","-2.313,-2.847,0.519","-38.700,89.250,-55.350",0,0.0,9.65,3.70,0.7701,27.26,1.507,0,4112,343,0,99.00,0.000000,0.000000,0,0,0,0,-45,-45.2,498,65,327,1,1,0.430,0.647,0.021,0.234,108,171
17:04:40,9.216,42265,42265,378,POWER_ON,0,0,0,0,-1,0,-1,0,0.000000,0.000000,0.000,0.0,0.000,0,0.0,"6.766,6.800,-0.340","0.069,-0.359,-0.496","-40.050,90.300,-54.750",0,0.0,9.60,0.62,0.7481,27.26,1.507,0,4124,344,0,99.00,0.000000,0.000000,0,0,0,0,-46,-45.5,500,13,328,1,1,0.430,0.642,0.021,0.234,12,172
17:04:41,9.538,42843,42843,378,POWER_ON,0,0,0,0,-1,0,-1,0,0.000000,0.000000,0.000,0.0,0.000,0,0.0,"6.689,6.800,-0.479","-0.893,-0.656,-1.015","-38.250,89.850,-55.200",0,0.0,9.55,1.50,0.7379,27.26,1.507,0,4190,350,0,99.00,0.000000,0.000000,0,0,0,0,-48,-47.2,507,78,333,1,1,0.450,0.655,-0.005,0.234,197,174
17:04:41,9.591,42948,42948,378,POWER_ON,0,0,0,0,-1,0,-1,0,0.000000,0.000000,0.000,0.0,0.000,0,0.0,"6.622,6.871,-0.268","1.183,1.145,3.481","-38.550,88.350,-54.750",0,0.0,9.55,3.85,0.7519,27.26,1.507,0,4202,351,0,99.00,0.000000,0.000000,0,0,0,0,-44,-46.2,509,82,334,1,1,0.450,0.662,-0.013,0.234,95,175
17:04:41,9.591,42971,42971,378,POWER_ON,0,0,0,0,-1,0,-1,0,0.000000,0.000000,0.000,0.0,0.000,0,0.0,"6.833,6.886,-0.397","0.115,-1.733,3.061","-39.000,90.600,-54.000",0,0.0,9.71,3.52,0.7443,27.26,1.507,0,4205,351,0,99.00,0.000000,0.000000,0,0,0,0,-47,-46.4,510,0,335,1,1,0.450,0.662,-0.013,0.234,118,175
17:04:41,9.692,42994,42994,378,POWER_ON,0,0,0,0,-1,0,-1,0,0.000000,0.000000,0.000,0.0,0.000,0,0.0,"6.891,6.752,-0.354","-2.527,0.794,-1.794","-37.800,88.350,-54.450",0,0.0,9.65,3.20,0.7478,27.26,1.507,0,4208,351,0,99.00,0.000000,0.000000,0,0,0,0,-47,-46.4,510,23,335,1,1,0.450,0.662,-0.013,0.234,141,175
17:04:41,9.783,43282,43282,378,POWER_ON,0,0,0,0,-1,0,-1,0,0.000000,0.000000,0.000,0.0,0.000,0,0.0,"6.905,6.862,-0.354","-1.893,2.336,-1.305","-36.150,90.000,-54.600",0,0.0,9.74,3.28,0.7477,27.26,1.507,0,4241,354,0,99.00,0.000000,0.000000,0,0,0,0,-45,-46.4,515,2,338,1,1,0.390,0.669,-0.015,0.234,28,177
17:04:41,9.926,43364,43364,378,POWER_ON,0,0,0,0,-1,0,-1,0,0.000000,0.000000,0.000,0.0,0.000,0,0.0,"6.948,6.924,-0.445","-1.008,-0.649,-1.336","-39.150,89.250,-54.900",0,0.0,9.82,1.79,0.7417,27.26,1.507,0,4250,355,0,99.00,0.000000,0.000000,0,0,0,0,-45,-46.4,515,84,338,1,1,0.390,0.669,-0.015,0.234,110,177
17:04:41,9.970,43490,43490,378,POWER_ON,0,0,0,0,-1,0,-1,0,0.000000,0.000000,0.000,0.0,0.000,0,0.0,"7.039,6.589,-0.268","0.565,0.115,-0.260","-38.550,88.650,-56.250",0,0.0,9.65,0.63,0.7545,27.26,1.507,0,4265,356,0,99.00,0.000000,0.000000,0,0,0,0,-47,-46.6,517,39,339,1,1,0.440,0.671,-0.014,0.234,39,178
17:04:41,9.971,43513,43513,378,POWER_ON,0,0,0,0,-1,0,-1,0,0.000000,0.000000,0.000,0.0,0.000,0,0.0,"6.972,6.723,-0.163","-0.985,-1.427,-0.366","-38.400,90.000,-55.650",0,0.0,9.69,1.77,0.7612,27.26,1.507,0,4268,356,0,99.00,0.000000,0.000000,0,0,0,0,-47,-46.7,518,14,340,1,1,0.440,0.671,-0.014,0.234,62,178
17:04:41,9.971,43536,43536,378,POWER_ON,0,0,0,0,-1,0,-1,0,0.000000,0.000000,0.000,0.0,0.000,0,0.0,"7.140,6.637,-0.201","-2.824,-0.244,-1.084","-39.000,90.600,-56.250",0,0.0,9.75,3.04,0.7593,27.26,1.507,0,4271,356,0,99.00,0.000000,0.000000,0,0,0,0,-47,-46.7,518,37,340,1,1,0.440,0.671,-0.014,0.234,85,178
17:04:41,9.971,43572,43572,378,POWER_ON,0,0,0,0,-1,0,-1,0,0.000000,0.000000,0.000,0.0,0.000,0,0.0,"6.838,6.685,-0.172","-0.374,2.672,0.214","-39.000,89.550,-56.250",0,0.0,9.56,2.71,0.7601,27.26,1.507,0,4274,357,0,99.00,0.000000,0.000000,0,0,0,0,-47,-46.7,518,73,340,1,1,0.440,0.671,-0.014,0.234,121,178
17:04:41,9.971,43595,43595,378,POWER_ON,0,0,0,0,-1,0,-1,0,0.000000,0.000000,0.000,0.0,0.000,0,0.0,"6.953,6.651,-0.350","0.076,0.489,-4.931","-37.200,89.700,-55.650",0,0.0,9.63,4.96,0.7486,27.26,1.507,0,4277,357,0,99.00,0.000000,0.000000,0,0,0,0,-47,-46.7,518,96,340,1,1,0.440,0.671,-0.014,0.234,144,178
17:04:41,9.972,43618,43618,378,POWER_ON,0,0,0,0,-1,0,-1,0,0.000000,0.000000,0.000,0.0,0.000,0,0.0,"6.823,6.689,-0.417","0.092,-3.305,1.038","-39.150,90.900,-54.600",0,0.0,9.56,3.47,0.7433,27.26,1.507,0,4280,357,0,99.00,0.000000,0.000000,0,0,0,0,-47,-46.7,519,20,341,1,1,0.440,0.671,-0.014,0.234,167,178
17:04:41,10.071,43641,43641,378,POWER_ON,0,0,0,0,-1,0,-1,0,0.000000,0.000000,0.000,0.0,0.000,0,0.0,"6.785,6.694,-0.278","0.015,-3.214,-1.221","-38.550,89.550,-56.250",0,0.0,9.54,3.44,0.7527,27.26,1.507,0,4283,357,0,99.00,0.000000,0.000000,0,0,0,0,-47,-46.7,519,43,341,1,1,0.440,0.671,-0.014,0.234,190,178
17:04:41,10.109,43675,43675,378,POWER_ON,0,0,0,0,-1,0,-1,0,0.000000,0.000000,0.000,0.0,0.000,0,0.0,"6.843,6.747,-0.311","0.046,0.244,2.008","-38.700,89.250,-55.650",0,0.0,9.61,2.02,0.7506,27.26,1.507,0,4286,358,0,99.00,0.000000,0.000000,0,0,0,0,-44,-46.2,520,15,341,1,1,0.420,0.665,-0.001,0.234,15,179
17:04:41,10.109,43698,43698,378,POWER_ON,0,0,0,0,-1,0,-1,0,0.000000,0.000000,0.000,0.0,0.000,0,0.0,"6.776,6.756,-0.330","-1.450,0.427,0.015","-38.400,89.700,-54.900",0,0.0,9.57,1.51,0.7489,27.26,1.507,0,4289,358,0,99.00,0.000000,0.000000,0,0,0,0,-44,-46.2,520,38,341,1,1,0.420,0.665,-0.001,0.234,38,179
17:04:41,10.205,43721,43721,378,POWER_ON,0,0,0,0,-1,0,-1,0,0.000000,0.000000,0.000,0.0,0.000,0,0.0,"6.943,6.771,-0.268","0.328,0.000,-0.023","-38.700,89.250,-56.850",0,0.0,9.70,0.33,0.7539,27.26,1.507,0,4292,358,0,99.00,0.000000,0.000000,0,0,0,0,-45,-46.0,521,6,342,1,1,0.420,0.665,-0.001,0.234,61,179
17:04:41,10.241,43744,43744,378,POWER_ON,0,0,0,0,-1,0,-1,0,0.000000,0.000000,0.000,0.0,0.000,0,0.0,"6.962,6.651,-0.306","-0.344,-1.145,1.267","-38.700,88.500,-57.150",0,0.0,9.63,1.74,0.7516,27.26,1.507,0,4295,358,0,99.00,0.000000,0.000000,0,0,0,0,-45,-46.0,521,29,342,1,1,0.420,0.665,-0.001,0.234,84,179
17:04:41,10.241,43780,43779,378,POWER_ON,0,0,0,0,-1,0,-1,0,0.000000,0.000000,0.000,0.0,0.000,0,0.0,"6.756,6.699,-0.306","-2.794,1.198,-1.252","-39.000,89.850,-55.800",0,0.0,9.52,3.29,0.7506,27.26,1.507,0,4298,359,0,99.00,0.000000,0.000000,0,0,0,0,-45,-46.0,521,65,342,1,1,0.420,0.665,-0.001,0.234,120,179
17:04:42,10.337,43802,43802,378,POWER_ON,0,0,0,0,-1,0,-1,0,0.000000,0.000000,0.000,0.0,0.000,0,0.0,"6.852,6.680,-0.292","-1.595,1.550,-0.687","-38.700,89.250,-56.400",0,0.0,9.57,2.33,0.7520,27.26,1.507,0,4301,359,0,99.00,0.000000,0.000000,0,0,0,0,-45,-46.0,521,87,342,1,1,0.420,0.665,-0.001,0.234,142,179
17:04:42,10.374,43825,43825,378,POWER_ON,0,0,0,0,-1,0,-1,0,0.000000,0.000000,0.000,0.0,0.000,0,0.0,"6.967,6.555,-0.369","1.389,-0.481,2.130","-39.450,88.500,-55.650",0,0.0,9.57,2.59,0.7474,27.26,1.507,0,4304,359,0,99.00,0.000000,0.000000,0,0,0,0,-47,-46.2,522,22,343,1,1,0.420,0.665,-0.001,0.234,165,179
17:04:42,10.374,43848,43848,378,POWER_ON,0,0,0,0,-1,0,-1,0,0.000000,0.000000,0.000,0.0,0.000,0,0.0,"6.795,6.747,-0.273","-0.382,-0.198,0.115","-38.250,88.650,-57.000",0,0.0,9.58,0.45,0.7529,27.26,1.507,0,4307,359,0,99.00,0.000000,0.000000,0,0,0,0,-47,-46.2,522,45,343,1,1,0.420,0.665,-0.001,0.234,188,179
17:04:42,10.432,43905,43905,378,POWER_ON,0,0,0,0,-1,0,-1,0,0.000000,0.000000,0.000,0.0,0.000,0,0.0,"6.962,6.819,-0.335","1.229,-1.802,-0.389","-37.650,89.250,-54.900",0,0.0,9.75,2.22,0.7494,27.26,1.507,0,4313,360,0,99.00,0.000000,0.000000,0,0,0,0,-47,-46.3,523,52,343,1,1,0.400,0.654,0.016,0.234,52,180
17:04:42,10.639,44089,44089,378,POWER_ON,0,0,0,0,-1,0,-1,0,0.000000,0.000000,0.000,0.0,0.000,0,0.0,"6.981,6.618,-0.254","-2.214,0.870,0.679","-39.450,87.750,-56.850",0,0.0,9.62,2.47,0.7553,27.26,1.507,0,4334,362,0,99.00,0.000000,0.000000,0,0,0,0,-47,-46.6,525,28,344,1,1,0.410,0.651,0.016,0.234,28,181
17:04:42,10.806,44193,44193,378,POWER_ON,0,0,0,0,-1,0,-1,0,0.000000,0.000000,0.000,0.0,0.000,0,0.0,"6.996,6.685,-0.192","-3.198,-0.550,0.534","-39.750,89.850,-54.000",0,0.0,9.68,3.29,0.7594,27.26,1.507,0,4346,363,0,99.00,0.000000,0.000000,0,0,0,0,-45,-46.3,526,68,345,1,1,0.410,0.651,0.016,0.234,132,181
17:04:42,10.936,44262,44262,378,POWER_ON,0,0,0,0,-1,0,-1,0,0.000000,0.000000,0.000,0.0,0.000,0,0.0,"6.938,6.689,-0.292","-0.916,1.809,0.511","-37.950,90.000,-55.350",0,0.0,9.64,2.09,0.7524,27.26,1.507,0,4355,363,0,99.00,0.000000,0.000000,0,0,0,0,-48,-46.7,528,5,346,1,1,0.400,0.649,0.015,0.234,5,182
17:04:42,11.068,44365,44365,378,POWER_ON,0,0,0,0,-1,0,-1,0,0.000000,0.000000,0.000,0.0,0.000,0,0.0,"6.895,6.718,-0.306","-0.405,0.473,-1.389","-39.450,90.000,-56.400",0,0.0,9.63,1.52,0.7512,27.26,1.507,0,4367,364,0,99.00,0.000000,0.000000,0,0,0,0,-47,-46.8,529,37,347,1,1,0.400,0.649,0.015,0.234,108,182
17:04:42,11.117,44445,44445,378,POWER_ON,0,0,0,0,-1,0,-1,0,0.000000,0.000000,0.000,0.0,0.000,0,0.0,"6.843,6.709,-0.335","-1.267,-0.947,0.046","-38.400,90.000,-56.100",0,0.0,9.59,1.58,0.7490,27.26,1.507,0,4376,365,0,99.00,0.000000,0.000000,0,0,0,0,-46,-46.6,530,8,348,1,1,0.400,0.649,0.015,0.234,188,182
17:04:42,11.225,44503,44502,378,POWER_ON,0,0,0,0,-1,0,-1,0,0.000000,0.000000,0.000,0.0,0.000,0,0.0,"6.986,6.766,-0.278","-0.847,1.046,-1.206","-37.200,90.000,-57.150",0,0.0,9.73,1.81,0.7535,27.26,1.507,0,4382,366,0,99.00,0.000000,0.000000,0,0,0,0,-47,-46.7,531,38,348,1,1,0.410,0.647,0.013,0.234,38,183
17:04:42,11.267,44525,44525,378,POWER_ON,0,0,0,0,-1,0,-1,0,0.000000,0.000000,0.000,0.0,0.000,0,0.0,"6.977,6.665,-0.316","0.672,-1.817,-1.656","-39.000,90.300,-56.550",0,0.0,9.65,2.55,0.7510,27.26,1.507,0,4385,366,0,99.00,0.000000,0.000000,0,0,0,0,-47,-46.7,531,60,348,1,1,0.410,0.647,0.013,0.234,60,183
17:04:42,11.267,44605,44605,378,POWER_ON,0,0,0,0,-1,0,-1,0,0.000000,0.000000,0.000,0.0,0.000,0,0.0,"6.977,6.761,-0.383","-0.374,0.336,-2.084","-37.050,88.350,-55.800",0,0.0,9.72,2.14,0.7463,27.26,1.507,0,4394,367,0,99.00,0.000000,0.000000,0,0,0,0,-48,-47.0,532,67,349,1,1,0.410,0.647,0.013,0.234,140,183
17:04:43,11.474,44674,44674,378,POWER_ON,0,0,0,0,-1,0,-1,0,0.000000,0.000000,0.000,0.0,0.000,0,0.0,"6.977,6.598,-0.397","-0.664,1.374,-0.412","-38.250,89.100,-55.800",0,0.0,9.61,1.58,0.7454,27.26,1.507,0,4403,367,0,99.00,0.000000,0.000000,0,0,0,0,-48,-47.5,534,18,350,1,1,0.460,0.646,0.010,0.234,19,184
17:04:43,11.632,45087,45087,378,POWER_ON,0,0,0,0,-1,0,-1,0,0.000000,0.000000,0.000,0.0,0.000,0,0.0,"6.914,6.699,-0.469","1.458,-1.840,-0.092","-39.000,89.550,-55.500",0,0.0,9.64,2.35,0.7401,27.26,1.507,0,4451,371,0,99.00,0.000000,0.000000,0,0,0,0,-48,-47.8,539,19,353,1,1,0.430,0.652,-0.004,0.234,35,186
17:04:43,12.065,45271,45271,378,POWER_ON,0,0,0,0,-1,0,-1,0,0.000000,0.000000,0.000,0.0,0.000,0,0.0,"7.005,6.723,-0.436","0.733,1.214,0.931","-38.700,88.200,-54.900",0,0.0,9.72,1.70,0.7428,27.26,1.507,0,4472,373,0,99.00,0.000000,0.000000,0,0,0,0,-48,-47.9,541,26,354,1,1,0.460,0.660,-0.015,0.234,26,187
17:04:44,12.379,45815,45815,378,POWER_ON,0,0,0,0,-1,0,-1,0,0.000000,0.000000,0.000,0.0,0.000,0,0.0,"7.116,6.632,-0.359","-2.122,-1.061,-1.771","-39.900,89.700,-55.650",0,0.0,9.73,2.96,0.7486,27.26,1.507,0,4535,378,0,99.00,0.000000,0.000000,0,0,0,0,-49,-48.2,549,27,360,1,1,0.460,0.668,-0.017,0.234,162,189
17:04:44,12.530,46057,46057,378,POWER_ON,0,0,0,0,-1,0,-1,0,0.000000,0.000000,0.000,0.0,0.000,0,0.0,"6.919,6.675,-0.378","0.168,0.405,-0.878","-38.700,90.000,-55.650",0,0.0,9.62,0.98,0.7464,27.26,1.507,0,4562,381,0,99.00,0.000000,0.000000,0,0,0,0,-49,-48.3,553,2,362,1,1,0.420,0.672,-0.013,0.234,2,191
17:04:44,12.566,46080,46080,378,POWER_ON,0,0,0,0,-1,0,-1,0,0.000000,0.000000,0.000,0.0,0.000,0,0.0,"6.948,6.565,-0.321","0.641,0.550,1.321","-36.900,88.950,-56.400",0,0.0,9.56,1.57,0.7506,27.26,1.507,0,4565,381,0,99.00,0.000000,0.000000,0,0,0,0,-49,-48.3,553,25,362,1,1,0.420,0.672,-0.013,0.234,25,191
17:04:44,12.566,46126,46126,378,POWER_ON,0,0,0,0,-1,0,-1,0,0.000000,0.000000,0.000,0.0,0.000,0,0.0,"6.972,6.665,-0.340","-0.290,-1.832,-2.046","-38.400,88.500,-56.850",0,0.0,9.65,2.76,0.7493,27.26,1.507,0,4571,381,0,99.00,0.000000,0.000000,0,0,0,0,-48,-48.2,554,17,363,1,1,0.420,0.672,-0.013,0.234,71,191
17:04:44,12.566,46162,46162,378,POWER_ON,0,0,0,0,-1,0,-1,0,0.000000,0.000000,0.000,0.0,0.000,0,0.0,"7.087,6.541,-0.297","-0.504,-0.786,0.115","-38.550,89.100,-54.750",0,0.0,9.65,0.94,0.7527,27.26,1.507,0,4574,382,0,99.00,0.000000,0.000000,0,0,0,0,-48,-48.2,554,53,363,1,1,0.420,0.672,-0.013,0.234,107,191
17:04:44,12.656,46185,46185,378,POWER_ON,0,0,0,0,-1,0,-1,0,0.000000,0.000000,0.000,0.0,0.000,0,0.0,"6.977,6.680,-0.292","0.756,0.275,-1.939","-38.700,89.700,-55.650",0,0.0,9.66,2.10,0.7526,27.26,1.507,0,4577,382,0,99.00,0.000000,0.000000,0,0,0,0,-48,-48.2,554,76,363,1,1,0.420,0.672,-0.013,0.234,130,191
17:04:44,12.688,46208,46208,378,POWER_ON,0,0,0,0,-1,0,-1,0,0.000000,0.000000,0.000,0.0,0.000,0,0.0,"6.924,6.527,-0.326","0.519,-0.687,-0.756","-37.950,88.500,-54.900",0,0.0,9.52,1.15,0.7502,27.26,1.507,0,4580,382,0,99.00,0.000000,0.000000,0,0,0,0,-48,-48.2,554,99,363,1,1,0.420,0.672,-0.013,0.234,153,191
17:04:44,12.740,46231,46231,378,POWER_ON,0,0,0,0,-1,0,-1,0,0.000000,0.000000,0.000,0.0,0.000,0,0.0,"6.905,6.574,-0.340","0.206,-2.267,1.603","-39.300,88.650,-56.550",0,0.0,9.54,2.78,0.7491,27.26,1.507,0,4583,382,0,99.00,0.000000,0.000000,0,0,0,0,-49,-48.4,555,2,364,1,1,0.420,0.672,-0.013,0.234,176,191
17:04:44,12.759,46311,46311,378,POWER_ON,0,0,0,0,-1,0,-1,0,0.000000,0.000000,0.000,0.0,0.000,0,0.0,"6.843,6.670,-0.436","-0.824,0.382,-0.489","-39.000,90.300,-55.500",0,0.0,9.57,1.03,0.7421,27.26,1.507,0,4592,383,0,99.00,0.000000,0.000000,0,0,0,0,-49,-48.5,556,50,364,1,1,0.430,0.669,-0.005,0.234,50,192
17:04:44,12.760,46334,46334,378,POWER_ON,0,0,0,0,-1,0,-1,0,0.000000,0.000000,0.000,0.0,0.000,0,0.0,"7.082,6.685,-0.369","-0.328,0.511,1.802","-38.550,88.350,-56.550",0,0.0,9.75,1.90,0.7478,27.26,1.507,0,4595,383,0,99.00,0.000000,0.000000,0,0,0,0,-49,-48.5,556,73,364,1,1,0.430,0.669,-0.005,0.234,73,192
17:04:44,12.760,46370,46370,378,POWER_ON,0,0,0,0,-1,0,-1,0,0.000000,0.000000,0.000,0.0,0.000,0,0.0,"7.029,6.637,-0.283","-0.664,-0.809,-0.183","-37.650,90.000,-55.650",0,0.0,9.67,1.06,0.7535,27.26,1.507,0,4598,384,0,99.00,0.000000,0.000000,0,0,0,0,-48,-48.4,557,35,365,1,1,0.430,0.669,-0.005,0.234,109,192
17:04:44,12.760,46416,46416,378,POWER_ON,0,0,0,0,-1,0,-1,0,0.000000,0.000000,0.000,0.0,0.000,0,0.0,"6.819,6.699,-0.235","1.038,-2.046,-0.779","-39.300,89.100,-55.800",0,0.0,9.56,2.42,0.7558,27.26,1.507,0,4604,384,0,99.00,0.000000,0.000000,0,0,0,0,-48,-48.4,557,81,365,1,1,0.430,0.669,-0.005,0.234,155,192
17:04:44,12.760,46439,46439,378,POWER_ON,0,0,0,0,-1,0,-1,0,0.000000,0.000000,0.000,0.0,0.000,0,0.0,"6.981,6.718,-0.263","-1.061,-0.718,1.374","-39.450,89.250,-56.100",0,0.0,9.69,1.88,0.7545,27.26,1.507,0,4607,384,0,99.00,0.000000,0.000000,0,0,0,0,-48,-48.4,557,104,365,1,1,0.430,0.669,-0.005,0.234,178,192
17:04:44,12.870,46474,46474,378,POWER_ON,0,0,0,0,-1,0,-1,0,0.000000,0.000000,0.000,0.0,0.000,0,0.0,"6.967,6.699,-0.302","-0.282,-0.664,-3.290","-37.650,89.700,-54.900",0,0.0,9.67,3.37,0.7519,27.26,1.507,0,4610,385,0,99.00,0.000000,0.000000,0,0,0,0,-48,-47.9,559,17,366,1,1,0.400,0.667,-0.001,0.234,17,193
17:04:44,13.223,46601,46601,378,POWER_ON,0,0,0,0,-1,0,-1,0,0.000000,0.000000,0.000,0.0,0.000,0,0.0,"6.972,6.565,-0.211","1.672,-0.702,-3.031","-39.900,88.500,-56.400",0,0.0,9.58,3.53,0.7582,27.26,1.507,0,4625,386,0,99.00,0.000000,0.000000,0,0,0,0,-48,-47.9,560,56,367,1,1,0.400,0.667,-0.001,0.234,144,193
17:04:45,13.463,46854,46854,378,POWER_ON,0,0,0,0,-1,0,-1,0,0.000000,0.000000,0.000,0.0,0.000,0,0.0,"7.025,6.694,-0.187","-0.450,-1.733,-0.099","-38.700,88.500,-56.100",0,0.0,9.71,1.79,0.7598,27.26,1.507,0,4655,388,0,99.00,0.000000,0.000000,0,0,0,0,-48,-47.3,564,6,369,1,1,0.440,0.666,0.002,0.234,6,195
17:04:45,13.522,47015,47015,378,POWER_ON,0,0,0,0,-1,0,-1,0,0.000000,0.000000,0.000,0.0,0.000,0,0.0,"6.972,6.713,-0.287","-1.038,-0.695,-0.550","-39.150,89.250,-54.900",0,0.0,9.68,1.36,0.7528,27.26,1.507,0,4673,390,0,99.00,0.000000,0.000000,0,0,0,0,-48,-47.1,566,53,371,1,1,0.440,0.666,0.002,0.234,167,195
17:04:45,13.523,47038,47038,378,POWER_ON,0,0,0,0,-1,0,-1,0,0.000000,0.000000,0.000,0.0,0.000,0,0.0,"6.996,6.728,-0.254","0.137,1.641,-1.267","-39.000,89.850,-55.800",0,0.0,9.71,2.08,0.7552,27.26,1.507,0,4676,390,0,99.00,0.000000,0.000000,0,0,0,0,-48,-47.1,566,76,371,1,1,0.440,0.666,0.002,0.234,190,195
17:04:45,13.523,47061,47061,378,POWER_ON,0,0,0,0,-1,0,-1,0,0.000000,0.000000,0.000,0.0,0.000,0,0.0,"6.905,6.713,-0.436","-0.076,-0.420,-0.748","-39.000,89.550,-56.250",0,0.0,9.64,0.86,0.7423,27.26,1.507,0,4679,390,0,99.00,0.000000,0.000000,0,0,0,0,-48,-47.3,567,8,371,1,1,0.430,0.665,0.002,0.234,8,196
17:04:45,13.625,47142,47142,378,POWER_ON,0,0,0,0,-1,0,-1,0,0.000000,0.000000,0.000,0.0,0.000,0,0.0,"6.847,6.627,-0.283","-2.847,-2.550,0.191","-37.050,89.550,-54.750",0,0.0,9.53,3.83,0.7528,27.26,1.507,0,4688,391,0,99.00,0.000000,0.000000,0,0,0,0,-48,-47.4,568,61,372,1,1,0.430,0.665,0.002,0.234,89,196
17:04:45,13.772,47268,47268,378,POWER_ON,0,0,0,0,-1,0,-1,0,0.000000,0.000000,0.000,0.0,0.000,0,0.0,"6.972,6.723,-0.412","-2.092,-1.878,-1.015","-39.300,88.350,-55.200",0,0.0,9.69,2.99,0.7443,27.26,1.507,0,4703,392,0,99.00,0.000000,0.000000,0,0,0,0,-48,-47.5,570,18,373,1,1,0.440,0.668,-0.003,0.234,18,197
17:04:45,13.817,47371,47371,378,POWER_ON,0,0,0,0,-1,0,-1,0,0.000000,0.000000,0.000,0.0,0.000,0,0.0,"6.943,6.598,-0.345","-1.649,0.191,0.763","-38.550,90.300,-56.250",0,0.0,9.58,1.83,0.7489,27.26,1.507,0,4715,393,0,99.00,0.000000,0.000000,0,0,0,0,-47,-47.4,571,93,374,1,1,0.440,0.668,-0.003,0.234,121,197
17:04:45,13.818,47405,47405,378,POWER_ON,0,0,0,0,-1,0,-1,0,0.000000,0.000000,0.000,0.0,0.000,0,0.0,"6.962,6.527,-0.373","-1.168,-0.153,0.321","-39.000,89.550,-57.000",0,0.0,9.55,1.22,0.7470,27.26,1.507,0,4718,394,0,99.00,0.000000,0.000000,0,0,0,0,-48,-47.5,572,15,375,1,1,0.440,0.668,-0.003,0.234,155,197
17:04:45,13.912,47428,47428,378,POWER_ON,0,0,0,0,-1,0,-1,0,0.000000,0.000000,0.000,0.0,0.000,0,0.0,"6.948,6.613,-0.354","0.214,0.695,-1.176","-37.950,88.950,-54.900",0,0.0,9.60,1.38,0.7483,27.26,1.507,0,4721,394,0,99.00,0.000000,0.000000,0,0,0,0,-48,-47.5,572,38,375,1,1,0.440,0.668,-0.003,0.234,178,197
17:04:45,13.950,47451,47451,378,POWER_ON,0,0,0,0,-1,0,-1,0,0.000000,0.000000,0.000,0.0,0.000,0,0.0,"7.068,6.579,-0.397","-2.527,1.565,0.435","-39.000,88.350,-55.200",0,0.0,9.66,3.00,0.7458,27.26,1.507,0,4724,394,0,99.00,0.000000,0.000000,0,0,0,0,-48,-47.5,572,61,375,1,1,0.440,0.668,-0.003,0.234,201,197
17:04:45,14.046,47474,47474,378,POWER_ON,0,0,0,0,-1,0,-1,0,0.000000,0.000000,0.000,0.0,0.000,0,0.0,"7.087,6.637,-0.235","1.359,-0.786,-0.191","-37.800,89.850,-54.750",0,0.0,9.71,1.58,0.7569,27.26,1.507,0,4727,394,0,99.00,0.000000,0.000000,0,0,0,0,-48,-47.6,573,14,375,1,1,0.430,0.670,-0.006,0.234,14,198
17:04:45,14.084,47533,47533,378,POWER_ON,0,0,0,0,-1,0,-1,0,0.000000,0.000000,0.000,0.0,0.000,0,0.0,"7.053,6.460,-0.354","-0.183,-2.580,-0.435","-38.700,90.000,-55.350",0,0.0,9.57,2.62,0.7487,27.26,1.507,0,4733,395,0,99.00,0.000000,0.000000,0,0,0,0,-48,-47.7,574,46,376,1,1,0.430,0.670,-0.006,0.234,73,198
17:04:45,14.085,47556,47556,378,POWER_ON,0,0,0,0,-1,0,-1,0,0.000000,0.000000,0.000,0.0,0.000,0,0.0,"7.096,6.665,-0.326","-0.244,-2.115,-0.641","-37.950,88.500,-55.650",0,0.0,9.74,2.22,0.7508,27.26,1.507,0,4736,395,0,99.00,0.000000,0.000000,0,0,0,0,-48,-47.7,574,69,376,1,1,0.430,0.670,-0.006,0.234,96,198
17:04:45,14.085,47579,47579,378,POWER_ON,0,0,0,0,-1,0,-1,0,0.000000,0.000000,0.000,0.0,0.000,0,0.0,"6.867,6.618,-0.340","0.176,-1.977,-1.290","-37.200,89.700,-55.350",0,0.0,9.54,2.37,0.7489,27.26,1.507,0,4739,395,0,99.00,0.000000,0.000000,0,0,0,0,-48,-47.7,574,92,376,1,1,0.430,0.670,-0.006,0.234,119,198
17:04:45,14.177,47613,47613,378,POWER_ON,0,0,0,0,-1,0,-1,0,0.000000,0.000000,0.000,0.0,0.000,0,0.0,"6.991,6.531,-0.316","-0.420,-3.534,0.229","-38.400,88.500,-57.450",0,0.0,9.57,3.57,0.7511,27.26,1.507,0,4742,396,0,99.00,0.000000,0.000000,0,0,0,0,-48,-47.7,575,17,377,1,1,0.430,0.670,-0.006,0.234,153,198
17:04:45,14.210,47636,47636,378,POWER_ON,0,0,0,0,-1,0,-1,0,0.000000,0.000000,0.000,0.0,0.000,0,0.0,"6.929,6.627,-0.373","0.130,-0.527,-1.267","-37.500,89.100,-55.500",0,0.0,9.60,1.38,0.7468,27.26,1.507,0,4745,396,0,99.00,0.000000,0.000000,0,0,0,0,-48,-47.7,575,40,377,1,1,0.430,0.670,-0.006,0.234,176,198
17:04:45,14.210,47659,47659,378,POWER_ON,0,0,0,0,-1,0,-1,0,0.000000,0.000000,0.000,0.0,0.000,0,0.0,"7.010,6.723,-0.488","0.290,-0.435,1.985","-38.250,89.550,-54.450",0,0.0,9.73,2.05,0.7392,27.26,1.507,0,4748,396,0,99.00,0.000000,0.000000,0,0,0,0,-48,-47.8,576,6,377,1,1,0.440,0.672,-0.006,0.234,6,199
17:04:45,14.211,47682,47682,378,POWER_ON,0,0,0,0,-1,0,-1,0,0.000000,0.000000,0.000,0.0,0.000,0,0.0,"6.958,6.570,-0.460","-0.206,-0.565,-0.840","-39.150,90.450,-55.350",0,0.0,9.58,1.03,0.7410,27.26,1.507,0,4751,396,0,99.00,0.000000,0.000000,0,0,0,0,-48,-47.8,576,29,377,1,1,0.440,0.672,-0.006,0.234,29,199
17:04:46,14.310,47718,47718,378,POWER_ON,0,0,0,0,-1,0,-1,0,0.000000,0.000000,0.000,0.0,0.000,0,0.0,"6.910,6.646,-0.283","-0.115,-0.160,-1.969","-38.250,91.050,-55.800",0,0.0,9.59,1.98,0.7530,27.26,1.507,0,4754,397,0,99.00,0.000000,0.000000,0,0,0,0,-49,-48.0,577,25,378,1,1,0.440,0.672,-0.006,0.234,65,199
17:04:46,14.343,47741,47741,378,POWER_ON,0,0,0,0,-1,0,-1,0,0.000000,0.000000,0.000,0.0,0.000,0,0.0,"6.986,6.622,-0.464","-0.092,1.107,-1.618","-37.800,89.550,-56.250",0,0.0,9.64,1.96,0.7408,27.26,1.507,0,4757,397,0,99.00,0.000000,0.000000,0,0,0,0,-49,-48.0,577,48,378,1,1,0.440,0.672,-0.006,0.234,88,199
17:04:46,14.343,47764,47764,378,POWER_ON,0,0,0,0,-1,0,-1,0,0.000000,0.000000,0.000,0.0,0.000,0,0.0,"7.015,6.622,-0.402","0.649,-2.450,1.328","-38.550,89.550,-56.550",0,0.0,9.66,2.86,0.7452,27.26,1.507,0,4760,397,0,99.00,0.000000,0.000000,0,0,0,0,-49,-48.0,577,71,378,1,1,0.440,0.672,-0.006,0.234,111,199
17:04:46,14.436,47844,47844,378,POWER_ON,0,0,0,0,-1,0,-1,0,0.000000,0.000000,0.000,0.0,0.000,0,0.0,"6.943,6.579,-0.254","-1.573,-1.092,2.344","-38.400,89.250,-54.600",0,0.0,9.57,3.03,0.7552,27.26,1.507,0,4769,398,0,99.00,0.000000,0.000000,0,0,0,0,-48,-48.0,578,49,379,1,1,0.440,0.672,-0.006,0.234,191,199
17:04:46,14.474,47926,47926,378,POWER_ON,0,0,0,0,-1,0,-1,0,0.000000,0.000000,0.000,0.0,0.000,0,0.0,"6.862,6.551,-0.421","-0.237,-0.977,0.313","-38.700,89.700,-55.650",0,0.0,9.50,1.05,0.7432,27.26,1.507,0,4778,399,0,99.00,0.000000,0.000000,0,0,0,0,-49,-48.2,580,30,380,1,1,0.400,0.669,-0.000,0.234,67,200
17:04:46,14.474,47949,47949,378,POWER_ON,0,0,0,0,-1,0,-1,0,0.000000,0.000000,0.000,0.0,0.000,0,0.0,"7.049,6.699,-0.503","0.053,-0.534,0.672","-38.250,88.350,-55.200",0,0.0,9.74,0.86,0.7384,27.26,1.507,0,4781,399,0,99.00,0.000000,0.000000,0,0,0,0,-49,-48.2,580,53,380,1,1,0.400,0.669,-0.000,0.234,90,200
17:04:46,14.564,47972,47972,378,POWER_ON,0,0,0,0,-1,0,-1,0,0.000000,0.000000,0.000,0.0,0.000,0,0.0,"7.005,6.675,-0.292","-3.183,1.038,-0.641","-37.050,89.100,-55.200",0,0.0,9.68,3.41,0.7527,27.26,1.507,0,4784,399,0,99.00,0.000000,0.000000,0,0,0,0,-49,-48.2,580,76,380,1,1,0.400,0.669,-0.000,0.234,113,200
17:04:46,14.602,47995,47995,378,POWER_ON,0,0,0,0,-1,0,-1,0,0.000000,0.000000,0.000,0.0,0.000,0,0.0,"6.900,6.689,-0.421","0.649,-1.420,1.687","-39.300,90.600,-55.800",0,0.0,9.62,2.30,0.7433,27.26,1.507,0,4787,399,0,99.00,0.000000,0.000000,0,0,0,0,-49,-48.2,580,99,380,1,1,0.400,0.669,-0.000,0.234,136,200
17:04:46,14.602,48052,48052,378,POWER_ON,0,0,0,0,-1,0,-1,0,0.000000,0.000000,0.000,0.0,0.000,0,0.0,"6.938,6.752,-0.330","-2.550,-2.336,1.771","-37.650,89.700,-54.900",0,0.0,9.69,3.89,0.7497,27.26,1.507,0,4793,400,0,99.00,0.000000,0.000000,0,0,0,0,-49,-48.4,581,51,381,1,1,0.400,0.669,-0.000,0.234,193,200
17:04:46,14.603,48075,48075,378,POWER_ON,0,0,0,0,-1,0,-1,0,0.000000,0.000000,0.000,0.0,0.000,0,0.0,"6.924,6.718,-0.460","0.031,0.397,1.847","-39.300,89.100,-56.250",0,0.0,9.66,1.89,0.7408,27.26,1.507,0,4796,400,0,99.00,0.000000,0.000000,0,0,0,0,-48,-48.3,582,20,381,1,1,0.420,0.667,0.002,0.234,20,201
17:04:46,14.603,48098,48098,378,POWER_ON,0,0,0,0,-1,0,-1,0,0.000000,0.000000,0.000,0.0,0.000,0,0.0,"6.958,6.598,-0.527","0.855,-2.580,1.298","-39.150,88.950,-56.850",0,0.0,9.60,3.01,0.7363,27.26,1.507,0,4799,400,0,99.00,0.000000,0.000000,0,0,0,0,-48,-48.3,582,43,381,1,1,0.420,0.667,0.002,0.234,43,201
17:04:46,14.603,48134,48134,378,POWER_ON,0,0,0,0,-1,0,-1,0,0.000000,0.000000,0.000,0.0,0.000,0,0.0,"6.938,6.675,-0.407","-1.756,-0.702,1.443","-37.800,88.350,-55.200",0,0.0,9.64,2.38,0.7445,27.26,1.507,0,4802,401,0,99.00,0.000000,0.000000,0,0,0,0,-49,-48.4,583,30,382,1,1,0.420,0.667,0.002,0.234,79,201
17:04:46,14.655,48157,48157,378,POWER_ON,0,0,0,0,-1,0,-1,0,0.000000,0.000000,0.000,0.0,0.000,0,0.0,"6.910,6.541,-0.479","-0.160,-1.191,2.084","-37.050,89.100,-55.800",0,0.0,9.53,2.41,0.7394,27.26,1.507,0,4805,401,0,99.00,0.000000,0.000000,0,0,0,0,-49,-48.4,583,53,382,1,1,0.420,0.667,0.002,0.234,102,201
17:04:46,14.675,48180,48180,378,POWER_ON,0,0,0,0,-1,0,-1,0,0.000000,0.000000,0.000,0.0,0.000,0,0.0,"7.077,6.551,-0.508","-0.779,-2.031,0.794","-38.250,89.100,-57.000",0,0.0,9.66,2.32,0.7382,27.26,1.507,0,4808,401,0,99.00,0.000000,0.000000,0,0,0,0,-49,-48.4,583,76,382,1,1,0.420,0.667,0.002,0.234,125,201
17:04:46,14.793,48237,48237,378,POWER_ON,0,0,0,0,-1,0,-1,0,0.000000,0.000000,0.000,0.0,0.000,0,0.0,"7.044,6.507,-0.397","-0.908,-1.656,-2.748","-76.800,88.350,-55.500",0,0.0,9.60,3.33,0.7457,27.26,1.507,0,4814,402,0,99.00,0.000000,0.000000,0,0,0,0,-45,-47.8,584,23,383,1,1,0.420,0.667,0.002,0.234,182,201
17:04:46,14.839,48411,48411,378,POWER_ON,0,0,0,0,-1,0,-1,0,0.000000,0.000000,0.000,0.0,0.000,0,0.0,"6.938,6.689,-0.345","-0.031,-1.969,0.656","-39.000,88.350,-57.000",0,0.0,9.64,2.08,0.7488,27.26,1.507,0,4835,403,0,99.00,0.000000,0.000000,0,0,0,0,-49,-48.2,586,94,384,1,1,0.430,0.666,0.003,0.234,153,202
17:04:46,14.941,48445,48445,378,POWER_ON,0,0,0,0,-1,0,-1,0,0.000000,0.000000,0.000,0.0,0.000,0,0.0,"6.943,6.646,-0.522","-0.534,-0.809,-0.656","-39.450,87.300,-56.100",0,0.0,9.63,1.17,0.7366,27.26,1.507,0,4838,404,0,99.00,0.000000,0.000000,0,0,0,0,-49,-48.4,587,22,385,1,1,0.430,0.666,0.003,0.234,187,202
17:04:46,14.983,48468,48468,378,POWER_ON,0,0,0,0,-1,0,-1,0,0.000000,0.000000,0.000,0.0,0.000,0,0.0,"6.977,6.713,-0.464","-1.008,-0.221,0.504","-39.450,89.250,-55.650",0,0.0,9.69,1.15,0.7407,27.26,1.507,0,4841,404,0,99.00,0.000000,0.000000,0,0,0,0,-49,-48.5,588,14,385,1,1,0.400,0.662,0.009,0.234,14,203
17:04:46,14.984,48491,48491,378,POWER_ON,0,0,0,0,-1,0,-1,0,0.000000,0.000000,0.000,0.0,0.000,0,0.0,"7.049,6.627,-0.536","-0.130,-2.718,0.687","-37.500,88.650,-55.500",0,0.0,9.69,2.81,0.7361,27.26,1.507,0,4844,404,0,99.00,0.000000,0.000000,0,0,0,0,-49,-48.5,588,37,385,1,1,0.400,0.662,0.009,0.234,37,203
17:04:46,15.073,48514,48514,378,POWER_ON,0,0,0,0,-1,0,-1,0,0.000000,0.000000,0.000,0.0,0.000,0,0.0,"6.972,6.594,-0.378","0.153,-0.847,1.908","-38.700,89.700,-55.650",0,0.0,9.60,2.09,0.7467,27.26,1.507,0,4847,404,0,99.00,0.000000,0.000000,0,0,0,0,-49,-48.5,588,60,385,1,1,0.400,0.662,0.009,0.234,60,203
17:04:46,15.106,48619,48619,378,POWER_ON,0,0,0,0,-1,0,-1,0,0.000000,0.000000,0.000,0.0,0.000,0,0.0,"7.053,6.445,-0.469","-1.534,-0.618,0.924","-37.500,88.650,-55.500",0,0.0,9.57,1.89,0.7407,27.26,1.507,0,4859,405,0,99.00,0.000000,0.000000,0,0,0,0,-49,-48.6,589,93,386,1,1,0.400,0.662,0.009,0.234,165,203
17:04:47,15.352,48653,48653,378,POWER_ON,0,0,0,0,-1,0,-1,0,0.000000,0.000000,0.000,0.0,0.000,0,0.0,"7.020,6.603,-0.373","-1.359,-1.740,0.565","-36.450,88.950,-56.100",0,0.0,9.64,2.28,0.7472,27.26,1.507,0,4862,406,0,99.00,0.000000,0.000000,0,0,0,0,-49,-48.6,591,1,387,1,1,0.410,0.656,0.016,0.234,1,204
17:04:47,15.637,48930,48930,378,POWER_ON,0,0,0,0,-1,0,-1,0,0.000000,0.000000,0.000,0.0,0.000,0,0.0,"7.077,6.584,-0.196","-0.290,-0.809,-0.473","-39.150,87.750,-56.400",0,0.0,9.67,0.98,0.7595,27.26,1.507,0,4895,408,0,99.00,0.000000,0.000000,0,0,0,0,-49,-48.9,594,74,389,1,1,0.420,0.655,0.012,0.234,75,205
17:04:47,15.727,49196,49196,378,POWER_ON,0,0,0,0,-1,0,-1,0,0.000000,0.000000,0.000,0.0,0.000,0,0.0,"7.096,6.656,-0.498","0.763,-2.466,-0.107","-39.150,89.250,-56.100",0,0.0,9.74,2.58,0.7390,27.26,1.507,0,4925,411,0,99.00,0.000000,0.000000,0,0,0,0,-48,-48.4,597,29,392,1,1,0.420,0.655,0.012,0.234,341,205
17:04:47,15.837,49219,49219,378,POWER_ON,0,0,0,0,-1,0,-1,0,0.000000,0.000000,0.000,0.0,0.000,0,0.0,"6.895,6.637,-0.464","-0.405,-1.099,0.939","-39.150,89.700,-56.100",0,0.0,9.58,1.50,0.7403,27.26,1.507,0,4928,411,0,99.00,0.000000,0.000000,0,0,0,0,-48,-48.4,597,52,392,1,1,0.420,0.655,0.012,0.234,364,205
17:04:47,15.889,49242,49242,378,POWER_ON,0,0,0,0,-1,0,-1,0,0.000000,0.000000,0.000,0.0,0.000,0,0.0,"6.958,6.737,-0.273","-2.733,0.137,-1.290","-38.250,89.550,-56.250",0,0.0,9.69,3.03,0.7537,27.26,1.507,0,4931,411,0,99.00,0.000000,0.000000,0,0,0,0,-48,-48.4,597,75,392,1,1,0.420,0.655,0.012,0.234,387,205
17:04:47,15.889,49345,49345,378,POWER_ON,0,0,0,0,-1,0,-1,0,0.000000,0.000000,0.000,0.0,0.000,0,0.0,"6.981,6.622,-0.460","-2.344,0.695,-0.962","-38.700,88.500,-55.350",0,0.0,9.63,2.63,0.7411,27.26,1.507,0,4943,412,0,99.00,0.000000,0.000000,0,0,0,0,-48,-48.3,599,66,393,1,1,0.430,0.655,0.006,0.234,95,206
17:04:47,15.889,49380,49380,378,POWER_ON,0,0,0,0,-1,0,-1,0,0.000000,0.000000,0.000,0.0,0.000,0,0.0,"7.039,6.551,-0.364","-0.611,-0.832,-1.824","-39.300,88.650,-54.750",0,0.0,9.62,2.10,0.7480,27.26,1.507,0,4946,413,0,99.00,0.000000,0.000000,0,0,0,0,-47,-48.0,600,8,394,1,1,0.430,0.655,0.006,0.234,130,206
17:04:47,15.890,49403,49403,378,POWER_ON,0,0,0,0,-1,0,-1,0,0.000000,0.000000,0.000,0.0,0.000,0,0.0,"7.077,6.541,-0.321","0.901,0.573,3.229","-39.000,89.550,-55.500",0,0.0,9.64,3.40,0.7511,27.26,1.507,0,4949,413,0,99.00,0.000000,0.000000,0,0,0,0,-47,-48.0,600,31,394,1,1,0.430,0.655,0.006,0.234,153,206
17:04:47,15.890,49426,49426,378,POWER_ON,0,0,0,0,-1,0,-1,0,0.000000,0.000000,0.000,0.0,0.000,0,0.0,"6.934,6.594,-0.206","0.160,1.122,1.000","-38.250,87.600,-56.550",0,0.0,9.57,1.51,0.7584,27.26,1.507,0,4952,413,0,99.00,0.000000,0.000000,0,0,0,0,-47,-48.0,600,54,394,1,1,0.430,0.655,0.006,0.234,176,206
17:04:47,15.890,49449,49449,378,POWER_ON,0,0,0,0,-1,0,-1,0,0.000000,0.000000,0.000,0.0,0.000,0,0.0,"7.005,6.541,-0.249","-1.023,-2.260,0.427","-38.250,90.300,-57.000",0,0.0,9.59,2.52,0.7558,27.26,1.507,0,4955,413,0,99.00,0.000000,0.000000,0,0,0,0,-47,-48.0,600,77,394,1,1,0.430,0.655,0.006,0.234,199,206
17:04:47,15.995,49483,49483,378,POWER_ON,0,0,0,0,-1,0,-1,0,0.000000,0.000000,0.000,0.0,0.000,0,0.0,"6.972,6.440,-0.306","-0.130,0.802,0.023","-38.400,89.700,-54.150",0,0.0,9.50,0.81,0.7517,27.26,1.507,0,4958,414,0,99.00,0.000000,0.000000,0,0,0,0,-48,-48.0,601,14,394,1,1,0.400,0.655,0.005,0.234,14,207
17:04:47,16.037,49506,49506,378,POWER_ON,0,0,0,0,-1,0,-1,0,0.000000,0.000000,0.000,0.0,0.000,0,0.0,"7.159,6.416,-0.230","-1.000,-1.130,-0.382","-39.150,90.000,-55.350",0,0.0,9.62,1.56,0.7575,27.26,1.507,0,4961,414,0,99.00,0.000000,0.000000,0,0,0,0,-48,-48.0,601,37,394,1,1,0.400,0.655,0.005,0.234,37,207
17:04:47,16.037,49529,49529,378,POWER_ON,0,0,0,0,-1,0,-1,0,0.000000,0.000000,0.000,0.0,0.000,0,0.0,"7.173,6.584,-0.225","0.802,-2.427,1.840","-39.000,90.300,-56.250",0,0.0,9.74,3.15,0.7578,27.26,1.507,0,4964,414,0,99.00,0.000000,0.000000,0,0,0,0,-48,-48.0,601,60,394,1,1,0.400,0.655,0.005,0.234,60,207
17:04:47,16.037,49552,49552,378,POWER_ON,0,0,0,0,-1,0,-1,0,0.000000,0.000000,0.000,0.0,0.000,0,0.0,"6.981,6.608,-0.168","-0.565,2.786,-0.344","-39.000,89.850,-55.200",0,0.0,9.61,2.86,0.7611,27.26,1.507,0,4967,414,0,99.00,0.000000,0.000000,0,0,0,0,-48,-48.0,601,83,394,1,1,0.400,0.655,0.005,0.234,83,207
17:04:47,16.140,49587,49587,378,POWER_ON,0,0,0,0,-1,0,-1,0,0.000000,0.000000,0.000,0.0,0.000,0,0.0,"7.068,6.527,-0.364","-0.443,-1.328,-1.076","-37.800,89.100,-57.000",0,0.0,9.63,1.77,0.7481,27.26,1.507,0,4970,415,0,99.00,0.000000,0.000000,0,0,0,0,-48,-48.0,601,118,394,1,1,0.400,0.655,0.005,0.234,118,207
17:04:47,16.176,49656,49656,378,POWER_ON,0,0,0,0,-1,0,-1,0,0.000000,0.000000,0.000,0.0,0.000,0,0.0,"7.001,6.694,-0.498","-0.176,0.893,-0.969","-37.050,89.850,-54.000",0,0.0,9.70,1.33,0.7385,27.26,1.507,0,4979,415,0,99.00,0.000000,0.000000,0,0,0,0,-47,-47.8,603,7,395,1,1,0.430,0.658,-0.002,0.234,7,208
17:04:47,16.177,49690,49690,378,POWER_ON,0,0,0,0,-1,0,-1,0,0.000000,0.000000,0.000,0.0,0.000,0,0.0,"6.962,6.728,-0.474","1.252,-0.832,-2.374","-38.400,88.200,-57.150",0,0.0,9.69,2.81,0.7400,27.26,1.507,0,4982,416,0,99.00,0.000000,0.000000,0,0,0,0,-48,-47.8,604,5,396,1,1,0.430,0.658,-0.002,0.234,41,208
17:04:47,16.177,49713,49713,378,POWER_ON,0,0,0,0,-1,0,-1,0,0.000000,0.000000,0.000,0.0,0.000,0,0.0,"6.900,6.776,-0.469","-2.420,0.015,-0.832","-37.200,89.250,-56.400",0,0.0,9.68,2.56,0.7399,27.26,1.507,0,4985,416,0,99.00,0.000000,0.000000,0,0,0,0,-48,-47.8,604,28,396,1,1,0.430,0.658,-0.002,0.234,64,208
17:04:47,16.177,49736,49736,378,POWER_ON,0,0,0,0,-1,0,-1,0,0.000000,0.000000,0.000,0.0,0.000,0,0.0,"6.972,6.766,-0.532","-0.885,0.053,-0.305","-40.050,88.650,-55.500",0,0.0,9.73,0.94,0.7360,27.26,1.507,0,4988,416,0,99.00,0.000000,0.000000,0,0,0,0,-48,-47.8,604,51,396,1,1,0.430,0.658,-0.002,0.234,87,208
17:04:47,16.271,49759,49759,378,POWER_ON,0,0,0,0,-1,0,-1,0,0.000000,0.000000,0.000,0.0,0.000,0,0.0,"6.986,6.709,-0.407","0.168,-0.260,-0.870","-38.550,89.100,-56.550",0,0.0,9.69,0.92,0.7447,27.26,1.507,0,4991,416,0,99.00,0.000000,0.000000,0,0,0,0,-48,-47.8,604,74,396,1,1,0.430,0.658,-0.002,0.234,110,208
17:04:48,16.308,49794,49794,378,POWER_ON,0,0,0,0,-1,0,-1,0,0.000000,0.000000,0.000,0.0,0.000,0,0.0,"6.948,6.651,-0.479","-0.672,-1.809,-0.122","-37.500,89.550,-55.500",0,0.0,9.63,1.93,0.7396,27.26,1.507,0,4994,417,0,99.00,0.000000,0.000000,0,0,0,0,-48,-47.8,604,109,396,1,1,0.430,0.658,-0.002,0.234,145,208
17:04:48,16.308,49840,49840,378,POWER_ON,0,0,0,0,-1,0,-1,0,0.000000,0.000000,0.000,0.0,0.000,0,0.0,"7.034,6.541,-0.407","-1.595,1.092,1.550","-37.500,88.650,-55.200",0,0.0,9.61,2.48,0.7450,27.26,1.507,0,5000,417,0,99.00,0.000000,0.000000,0,0,0,0,-47,-47.7,605,46,397,1,1,0.430,0.658,-0.002,0.234,191,208
17:04:48,16.308,49863,49863,378,POWER_ON,0,0,0,0,-1,0,-1,0,0.000000,0.000000,0.000,0.0,0.000,0,0.0,"6.967,6.541,-0.306","-2.672,2.603,-2.527","-36.450,89.250,-54.600",0,0.0,9.56,4.51,0.7517,27.26,1.507,0,5003,417,0,99.00,0.000000,0.000000,0,0,0,0,-47,-47.5,606,9,397,1,1,0.430,0.660,-0.005,0.234,9,209
17:04:48,16.407,49897,49897,378,POWER_ON,0,0,0,0,-1,0,-1,0,0.000000,0.000000,0.000,0.0,0.000,0,0.0,"6.934,6.551,-0.239","-1.427,1.863,0.374","-39.000,88.650,-55.200",0,0.0,9.54,2.38,0.7562,27.26,1.507,0,5006,418,0,99.00,0.000000,0.000000,0,0,0,0,-47,-47.5,606,43,397,1,1,0.430,0.660,-0.005,0.234,43,209
17:04:48,16.453,49920,49920,378,POWER_ON,0,0,0,0,-1,0,-1,0,0.000000,0.000000,0.000,0.0,0.000,0,0.0,"6.996,6.570,-0.230","-1.588,0.870,-0.634","-37.800,90.300,-55.500",0,0.0,9.60,1.92,0.7570,27.26,1.507,0,5009,418,0,99.00,0.000000,0.000000,0,0,0,0,-47,-47.4,607,17,398,1,1,0.430,0.660,-0.005,0.234,66,209
17:04:48,16.453,49943,49943,378,POWER_ON,0,0,0,0,-1,0,-1,0,0.000000,0.000000,0.000,0.0,0.000,0,0.0,"7.001,6.517,-0.259","-0.183,-0.374,-1.466","-38.250,88.350,-55.200",0,0.0,9.57,1.52,0.7551,27.26,1.507,0,5012,418,0,99.00,0.000000,0.000000,0,0,0,0,-47,-47.4,607,40,398,1,1,0.430,0.660,-0.005,0.234,89,209
17:04:48,16.453,49966,49966,378,POWER_ON,0,0,0,0,-1,0,-1,0,0.000000,0.000000,0.000,0.0,0.000,0,0.0,"6.991,6.527,-0.139","-0.687,-0.679,0.344","-39.750,89.100,-55.200",0,0.0,9.57,1.03,0.7632,27.26,1.507,0,5015,418,0,99.00,0.000000,0.000000,0,0,0,0,-47,-47.4,607,63,398,1,1,0.430,0.660,-0.005,0.234,112,209
17:04:48,16.558,50000,50000,378,POWER_ON,0,0,0,0,-1,0,-1,0,0.000000,0.000000,0.000,0.0,0.000,0,0.0,"6.986,6.704,-0.287","-0.985,-0.206,-0.649","-38.250,89.850,-55.200",0,0.0,9.69,1.20,0.7529,27.26,1.507,0,5018,419,0,99.00,0.000000,0.000000,0,0,0,0,-47,-47.4,607,97,398,1,1,0.430,0.660,-0.005,0.234,146,209
17:04:48,16.600,50023,50023,378,POWER_ON,0,0,0,0,-1,0,-1,0,0.000000,0.000000,0.000,0.0,0.000,0,0.0,"7.005,6.598,-0.388","-2.023,3.718,-0.427","-37.650,89.700,-55.350",0,0.0,9.63,4.25,0.7462,27.26,1.507,0,5021,419,0,99.00,0.000000,0.000000,0,0,0,0,-47,-47.3,608,12,399,1,1,0.430,0.660,-0.005,0.234,169,209
17:04:48,16.600,50069,50069,378,POWER_ON,0,0,0,0,-1,0,-1,0,0.000000,0.000000,0.000,0.0,0.000,0,0.0,"6.929,6.651,-0.364","1.107,0.038,2.366","-37.650,92.400,-56.100",0,0.0,9.61,2.61,0.7475,27.26,1.507,0,5027,419,0,99.00,0.000000,0.000000,0,0,0,0,-46,-47.1,609,13,399,1,1,0.420,0.662,-0.005,0.234,13,210
17:04:48,16.688,50104,50104,378,POWER_ON,0,0,0,0,-1,0,-1,0,0.000000,0.000000,0.000,0.0,0.000,0,0.0,"6.977,6.661,-0.292","-0.939,2.061,-2.618","-38.250,89.850,-56.250",0,0.0,9.65,3.46,0.7526,27.26,1.507,0,5030,420,0,99.00,0.000000,0.000000,0,0,0,0,-46,-46.9,610,1,400,1,1,0.420,0.662,-0.005,0.234,48,210
17:04:48,16.720,50126,50126,378,POWER_ON,0,0,0,0,-1,0,-1,0,0.000000,0.000000,0.000,0.0,0.000,0,0.0,"6.986,6.632,-0.249","-0.229,0.924,-1.076","-36.450,90.000,-55.650",0,0.0,9.64,1.44,0.7556,27.26,1.507,0,5033,420,0,99.00,0.000000,0.000000,0,0,0,0,-46,-46.9,610,23,400,1,1,0.420,0.662,-0.005,0.234,70,210
17:04:48,16.720,50149,50149,378,POWER_ON,0,0,0,0,-1,0,-1,0,0.000000,0.000000,0.000,0.0,0.000,0,0.0,"7.044,6.670,-0.225","-3.855,-0.031,-2.076","-39.000,89.850,-53.700",0,0.0,9.70,4.38,0.7574,27.26,1.507,0,5036,420,0,99.00,0.000000,0.000000,0,0,0,0,-46,-46.9,610,46,400,1,1,0.420,0.662,-0.005,0.234,93,210
17:04:48,16.720,50172,50172,378,POWER_ON,0,0,0,0,-1,0,-1,0,0.000000,0.000000,0.000,0.0,0.000,0,0.0,"6.891,6.584,-0.201","-0.550,-1.740,1.565","-38.250,89.100,-54.000",0,0.0,9.53,2.40,0.7586,27.26,1.507,0,5039,420,0,99.00,0.000000,0.000000,0,0,0,0,-46,-46.9,610,69,400,1,1,0.420,0.662,-0.005,0.234,116,210
17:04:48,16.720,50206,50206,378,POWER_ON,0,0,0,0,-1,0,-1,0,0.000000,0.000000,0.000,0.0,0.000,0,0.0,"6.914,6.742,-0.029","0.275,-2.916,1.397","-39.150,90.900,-56.400",0,0.0,9.66,3.25,0.7699,27.26,1.507,0,5042,421,0,99.00,0.000000,0.000000,0,0,0,0,-46,-46.9,610,103,400,1,1,0.420,0.662,-0.005,0.234,150,210
17:04:48,16.804,50229,50229,378,POWER_ON,0,0,0,0,-1,0,-1,0,0.000000,0.000000,0.000,0.0,0.000,0,0.0,"6.828,6.732,-0.144","-2.023,-0.160,-0.183","-36.900,89.700,-55.350",0,0.0,9.59,2.04,0.7619,27.26,1.507,0,5045,421,0,99.00,0.000000,0.000000,0,0,0,0,-46,-46.7,611,6,401,1,1,0.420,0.662,-0.005,0.234,173,210
17:04:48,16.837,50252,50252,378,POWER_ON,0,0,0,0,-1,0,-1,0,0.000000,0.000000,0.000,0.0,0.000,0,0.0,"6.881,6.618,-0.163","1.649,-3.214,-0.221","-37.950,89.250,-54.900",0,0.0,9.55,3.62,0.7611,27.26,1.507,0,5048,421,0,99.00,0.000000,0.000000,0,0,0,0,-46,-46.7,611,29,401,1,1,0.420,0.662,-0.005,0.234,196,210
17:04:48,16.919,50311,50311,378,POWER_ON,0,0,0,0,-1,0,-1,0,0.000000,0.000000,0.000,0.0,0.000,0,0.0,"6.953,6.723,-0.302","-1.427,-0.573,0.908","-39.000,89.100,-55.500",0,0.0,9.68,1.79,0.7518,27.26,1.507,0,5054,422,0,99.00,0.000000,0.000000,0,0,0,0,-46,-46.6,612,55,401,1,1,0.430,0.663,-0.005,0.234,55,211
17:04:48,16.951,50380,50380,378,POWER_ON,0,0,0,0,-1,0,-1,0,0.000000,0.000000,0.000,0.0,0.000,0,0.0,"6.900,6.694,-0.359","-2.191,1.916,-0.137","-37.500,90.300,-56.550",0,0.0,9.62,2.91,0.7476,27.26,1.507,0,5063,422,0,99.00,0.000000,0.000000,0,0,0,0,-46,-46.4,613,58,402,1,1,0.430,0.663,-0.005,0.234,124,211
17:04:48,16.952,50414,50414,378,POWER_ON,0,0,0,0,-1,0,-1,0,0.000000,0.000000,0.000,0.0,0.000,0,0.0,"7.025,6.804,-0.354","-2.099,0.435,-0.115","-36.450,87.750,-54.600",0,0.0,9.79,2.15,0.7484,27.26,1.507,0,5066,423,0,99.00,0.000000,0.000000,0,0,0,0,-46,-46.4,613,92,402,1,1,0.430,0.663,-0.005,0.234,158,211
17:04:48,16.952,50437,50437,378,POWER_ON,0,0,0,0,-1,0,-1,0,0.000000,0.000000,0.000,0.0,0.000,0,0.0,"7.001,6.642,-0.354","1.023,-3.412,2.611","-39.150,88.200,-54.900",0,0.0,9.66,4.42,0.7485,27.26,1.507,0,5069,423,0,99.00,0.000000,0.000000,0,0,0,0,-44,-46.0,614,3,403,1,1,0.430,0.663,-0.005,0.234,181,211
17:04:48,16.952,50460,50460,378,POWER_ON,0,0,0,0,-1,0,-1,0,0.000000,0.000000,0.000,0.0,0.000,0,0.0,"6.943,6.728,-0.287","-2.221,-2.336,1.244","-37.950,91.200,-54.600",0,0.0,9.67,3.46,0.7527,27.26,1.507,0,5072,423,0,99.00,0.000000,0.000000,0,0,0,0,-48,-46.4,615,11,403,1,1,0.370,0.663,-0.005,0.234,11,212
17:04:48,17.003,50483,50483,378,POWER_ON,0,0,0,0,-1,0,-1,0,0.000000,0.000000,0.000,0.0,0.000,0,0.0,"6.938,6.574,-0.354","-1.244,-2.366,2.481","-38.250,90.300,-55.200",0,0.0,9.57,3.65,0.7482,27.26,1.507,0,5075,423,0,99.00,0.000000,0.000000,0,0,0,0,-48,-46.4,615,34,403,1,1,0.370,0.663,-0.005,0.234,34,212
17:04:48,17.210,50519,50519,378,POWER_ON,0,0,0,0,-1,0,-1,0,0.000000,0.000000,0.000,0.0,0.000,0,0.0,"7.020,6.646,-0.488","-1.863,0.809,2.740","-37.650,88.200,-56.100",0,0.0,9.68,3.41,0.7393,27.26,1.507,0,5078,424,0,99.00,0.000000,0.000000,0,0,0,0,-48,-46.4,615,70,403,1,1,0.370,0.663,-0.005,0.234,70,212
17:04:49,17.380,50875,50875,378,POWER_ON,0,0,0,0,-1,0,-1,0,0.000000,0.000000,0.000,0.0,0.000,0,0.0,"7.077,6.594,-0.316","-0.107,-0.885,-0.092","-37.650,90.450,-57.150",0,0.0,9.68,0.90,0.7514,27.26,1.507,0,5120,427,0,99.00,0.000000,0.000000,0,0,0,0,-46,-46.6,620,6,406,1,1,0.390,0.660,0.002,0.234,7,214
17:04:49,17.822,51060,51060,378,POWER_ON,0,0,0,0,-1,0,-1,0,0.000000,0.000000,0.000,0.0,0.000,0,0.0,"6.934,6.546,-0.383","0.771,-1.511,0.298","-39.000,90.600,-54.000",0,0.0,9.54,1.72,0.7462,27.26,1.507,0,5141,429,0,99.00,0.000000,0.000000,0,0,0,0,-47,-46.6,622,5,407,1,1,0.400,0.651,0.015,0.234,5,215
17:04:49,17.989,51396,51396,378,POWER_ON,0,0,0,0,-1,0,-1,0,0.000000,0.000000,0.000,0.0,0.000,0,0.0,"7.044,6.551,-0.235","-0.718,-2.893,0.221","-40.050,90.600,-55.800",0,0.0,9.62,2.99,0.7568,27.26,1.507,0,5180,432,0,99.00,0.000000,0.000000,0,0,0,0,-46,-46.6,627,17,411,1,1,0.390,0.642,0.024,0.234,132,216
17:04:49,17.989,51419,51419,378,POWER_ON,0,0,0,0,-1,0,-1,0,0.000000,0.000000,0.000,0.0,0.000,0,0.0,"7.092,6.555,-0.249","-4.550,0.191,-1.641","-39.150,89.700,-55.650",0,0.0,9.66,4.84,0.7560,27.26,1.507,0,5183,432,0,99.00,0.000000,0.000000,0,0,0,0,-46,-46.6,627,40,411,1,1,0.390,0.642,0.024,0.234,155,216
17:04:49,17.989,51453,51453,378,POWER_ON,0,0,0,0,-1,0,-1,0,0.000000,0.000000,0.000,0.0,0.000,0,0.0,"7.053,6.608,-0.283","-2.672,0.145,-2.275","-39.300,87.600,-55.500",0,0.0,9.67,3.51,0.7536,27.26,1.507,0,5186,433,0,99.00,0.000000,0.000000,0,0,0,0,-47,-46.7,628,1,411,1,1,0.420,0.639,0.021,0.234,1,217
17:04:49,17.989,51499,51499,378,POWER_ON,0,0,0,0,-1,0,-1,0,0.000000,0.000000,0.000,0.0,0.000,0,0.0,"7.202,6.709,-0.244","-0.115,-0.115,-1.298","-39.150,88.500,-54.600",0,0.0,9.85,1.31,0.7565,27.26,1.507,0,5192,433,0,99.00,0.000000,0.000000,0,0,0,0,-47,-46.7,629,9,412,1,1,0.420,0.639,0.021,0.234,47,217
17:04:49,18.131,51522,51522,378,POWER_ON,0,0,0,0,-1,0,-1,0,0.000000,0.000000,0.000,0.0,0.000,0,0.0,"7.053,6.661,-0.306","-1.008,-1.824,0.443","-38.400,88.950,-54.600",0,0.0,9.71,2.13,0.7519,27.26,1.507,0,5195,433,0,99.00,0.000000,0.000000,0,0,0,0,-47,-46.7,629,32,412,1,1,0.420,0.639,0.021,0.234,70,217
17:04:49,18.177,51558,51558,378,POWER_ON,0,0,0,0,-1,0,-1,0,0.000000,0.000000,0.000,0.0,0.000,0,0.0,"7.015,6.622,-0.211","1.626,0.412,-1.634","-37.650,88.950,-56.400",0,0.0,9.65,2.34,0.7583,27.26,1.507,0,5198,434,0,99.00,0.000000,0.000000,0,0,0,0,-47,-46.7,629,68,412,1,1,0.420,0.639,0.021,0.234,106,217
17:04:49,18.177,51604,51604,378,POWER_ON,0,0,0,0,-1,0,-1,0,0.000000,0.000000,0.000,0.0,0.000,0,0.0,"6.895,6.694,-0.124","-0.137,-2.947,-0.328","-39.750,89.100,-54.450",0,0.0,9.61,2.97,0.7636,27.26,1.507,0,5204,434,0,99.00,0.000000,0.000000,0,0,0,0,-46,-46.6,630,18,413,1,1,0.420,0.639,0.021,0.234,152,217
17:04:49,18.182,51627,51627,378,POWER_ON,0,0,0,0,-1,0,-1,0,0.000000,0.000000,0.000,0.0,0.000,0,0.0,"6.828,6.780,-0.057","-1.359,-2.870,0.260","-39.150,89.250,-54.600",0,0.0,9.62,3.19,0.7675,27.26,1.507,0,5207,434,0,99.00,0.000000,0.000000,0,0,0,0,-46,-46.6,630,41,413,1,1,0.420,0.639,0.021,0.234,175,217
17:04:49,18.182,51661,51661,378,POWER_ON,0,0,0,0,-1,0,-1,0,0.000000,0.000000,0.000,0.0,0.000,0,0.0,"6.800,6.804,-0.038","1.031,-0.298,0.489","-37.800,90.300,-54.750",0,0.0,9.62,1.18,0.7686,27.26,1.507,0,5210,435,0,99.00,0.000000,0.000000,0,0,0,0,-46,-46.5,631,6,413,1,1,0.440,0.637,0.017,0.234,6,218
17:04:49,18.182,51684,51684,378,POWER_ON,0,0,0,0,-1,0,-1,0,0.000000,0.000000,0.000,0.0,0.000,0,0.0,"6.924,6.728,-0.206","-0.176,-1.244,1.733","-38.250,89.850,-54.000",0,0.0,9.66,2.14,0.7581,27.26,1.507,0,5213,435,0,99.00,0.000000,0.000000,0,0,0,0,-46,-46.5,631,29,413,1,1,0.440,0.637,0.017,0.234,29,218
17:04:49,18.183,51707,51707,378,POWER_ON,0,0,0,0,-1,0,-1,0,0.000000,0.000000,0.000,0.0,0.000,0,0.0,"6.929,6.800,-0.215","-2.321,-0.038,-0.099","-39.000,91.050,-55.800",0,0.0,9.71,2.32,0.7573,27.26,1.507,0,5216,435,0,99.00,0.000000,0.000000,0,0,0,0,-46,-46.4,632,18,414,1,1,0.440,0.637,0.017,0.234,52,218
17:04:49,18.290,51730,51730,378,POWER_ON,0,0,0,0,-1,0,-1,0,0.000000,0.000000,0.000,0.0,0.000,0,0.0,"6.867,6.847,-0.254","0.580,-1.366,0.916","-38.400,88.950,-55.350",0,0.0,9.70,1.74,0.7544,27.26,1.507,0,5219,435,0,99.00,0.000000,0.000000,0,0,0,0,-46,-46.4,632,41,414,1,1,0.440,0.637,0.017,0.234,75,218
17:04:50,18.324,51835,51835,378,POWER_ON,0,0,0,0,-1,0,-1,0,0.000000,0.000000,0.000,0.0,0.000,0,0.0,"6.881,6.752,-0.297","-2.198,-0.191,0.550","-38.400,89.250,-55.650",0,0.0,9.64,2.27,0.7517,27.26,1.507,0,5231,436,0,99.00,0.000000,0.000000,0,0,0,0,-44,-45.9,633,40,415,1,1,0.440,0.637,0.017,0.234,180,218
17:04:50,18.325,51869,51869,378,POWER_ON,0,0,0,0,-1,0,-1,0,0.000000,0.000000,0.000,0.0,0.000,0,0.0,"6.814,6.871,-0.263","-0.962,0.321,1.069","-39.000,88.350,-54.750",0,0.0,9.68,1.47,0.7534,27.26,1.507,0,5234,437,0,99.00,0.000000,0.000000,0,0,0,0,-47,-46.1,634,17,415,1,1,0.460,0.643,0.003,0.234,17,219
17:04:50,18.325,51892,51892,378,POWER_ON,0,0,0,0,-1,0,-1,0,0.000000,0.000000,0.000,0.0,0.000,0,0.0,"6.929,6.670,-0.278","-1.229,-1.382,0.885","-38.700,90.450,-54.900",0,0.0,9.62,2.05,0.7534,27.26,1.507,0,5237,437,0,99.00,0.000000,0.000000,0,0,0,0,-47,-46.3,635,1,416,1,1,0.460,0.643,0.003,0.234,40,219
17:04:50,18.422,51915,51915,378,POWER_ON,0,0,0,0,-1,0,-1,0,0.000000,0.000000,0.000,0.0,0.000,0,0.0,"6.843,6.756,-0.359","0.756,-4.656,2.718","-39.300,90.300,-54.450",0,0.0,9.62,5.44,0.7473,27.26,1.507,0,5240,437,0,99.00,0.000000,0.000000,0,0,0,0,-47,-46.3,635,24,416,1,1,0.460,0.643,0.003,0.234,63,219
17:04:50,18.555,52077,52077,378,POWER_ON,0,0,0,0,-1,0,-1,0,0.000000,0.000000,0.000,0.0,0.000,0,0.0,"7.116,6.670,-0.383","-0.702,-0.985,1.145","-39.450,89.700,-56.850",0,0.0,9.76,1.67,0.7469,27.26,1.507,0,5258,439,0,99.00,0.000000,0.000000,0,0,0,0,-47,-46.6,637,31,417,1,1,0.450,0.654,-0.014,0.234,31,220
17:04:50,18.591,52100,52100,378,POWER_ON,0,0,0,0,-1,0,-1,0,0.000000,0.000000,0.000,0.0,0.000,0,0.0,"7.049,6.565,-0.335","-2.000,-3.336,-3.267","-38.400,89.250,-54.600",0,0.0,9.64,5.08,0.7500,27.26,1.507,0,5261,439,0,99.00,0.000000,0.000000,0,0,0,0,-46,-46.4,638,4,418,1,1,0.450,0.654,-0.014,0.234,54,220
17:04:50,18.592,52123,52123,378,POWER_ON,0,0,0,0,-1,0,-1,0,0.000000,0.000000,0.000,0.0,0.000,0,0.0,"7.135,6.627,-0.407","-2.908,-1.573,0.229","-39.150,90.000,-55.650",0,0.0,9.75,3.31,0.7454,27.26,1.507,0,5264,439,0,99.00,0.000000,0.000000,0,0,0,0,-46,-46.4,638,27,418,1,1,0.450,0.654,-0.014,0.234,77,220
17:04:50,18.592,52146,52146,378,POWER_ON,0,0,0,0,-1,0,-1,0,0.000000,0.000000,0.000,0.0,0.000,0,0.0,"7.010,6.632,-0.340","0.878,-2.679,0.298","-38.250,89.100,-55.500",0,0.0,9.66,2.84,0.7495,27.26,1.507,0,5267,439,0,99.00,0.000000,0.000000,0,0,0,0,-46,-46.4,638,50,418,1,1,0.450,0.654,-0.014,0.234,100,220
17:04:50,18.700,52250,52250,378,POWER_ON,0,0,0,0,-1,0,-1,0,0.000000,0.000000,0.000,0.0,0.000,0,0.0,"7.039,6.527,-0.172","-1.634,-2.038,0.588","-40.200,90.000,-54.900",0,0.0,9.60,2.68,0.7611,27.26,1.507,0,5279,440,0,99.00,0.000000,0.000000,0,0,0,0,-46,-46.4,639,41,419,1,1,0.450,0.654,-0.014,0.234,204,220
17:04:50,18.893,52434,52434,378,POWER_ON,0,0,0,0,-1,0,-1,0,0.000000,0.000000,0.000,0.0,0.000,0,0.0,"6.943,6.527,-0.421","-1.450,-0.443,-1.733","-39.900,88.950,-55.350",0,0.0,9.54,2.30,0.7436,27.26,1.507,0,5300,442,0,99.00,0.000000,0.000000,0,0,0,0,-47,-46.5,642,17,421,1,1,0.450,0.665,-0.024,0.234,167,221
17:04:50,18.943,52537,52537,378,POWER_ON,0,0,0,0,-1,0,-1,0,0.000000,0.000000,0.000,0.0,0.000,0,0.0,"7.140,6.431,-0.230","-1.328,-1.267,-1.947","-37.800,88.650,-57.300",0,0.0,9.61,2.68,0.7574,27.26,1.507,0,5312,443,0,99.00,0.000000,0.000000,0,0,0,0,-46,-46.5,644,20,422,1,1,0.410,0.672,-0.028,0.234,85,222
17:04:50,19.043,52595,52595,378,POWER_ON,0,0,0,0,-1,0,-1,0,0.000000,0.000000,0.000,0.0,0.000,0,0.0,"7.010,6.531,-0.249","-2.496,2.244,-4.069","-37.950,90.000,-57.150",0,0.0,9.58,5.27,0.7558,27.26,1.507,0,5318,444,0,99.00,0.000000,0.000000,0,0,0,0,-46,-46.5,644,78,422,1,1,0.410,0.672,-0.028,0.234,143,222
17:04:50,19.084,52641,52641,378,POWER_ON,0,0,0,0,-1,0,-1,0,0.000000,0.000000,0.000,0.0,0.000,0,0.0,"7.015,6.531,-0.105","-1.412,-1.374,-2.588","-38.250,89.550,-55.200",0,0.0,9.59,3.25,0.7655,27.26,1.507,0,5324,444,0,99.00,0.000000,0.000000,0,0,0,0,-47,-46.6,645,23,423,1,1,0.410,0.672,-0.028,0.234,189,222
17:04:50,19.084,52664,52664,378,POWER_ON,0,0,0,0,-1,0,-1,0,0.000000,0.000000,0.000,0.0,0.000,0,0.0,"7.001,6.570,-0.206","0.466,-2.275,-1.481","-38.550,89.550,-56.250",0,0.0,9.60,2.75,0.7586,27.26,1.507,0,5327,444,0,99.00,0.000000,0.000000,0,0,0,0,-47,-46.7,646,8,423,1,1,0.400,0.676,-0.026,0.234,8,223
17:04:51,19.572,52698,52698,378,POWER_ON,0,0,0,0,-1,0,-1,0,0.000000,0.000000,0.000,0.0,0.000,0,0.0,"6.967,6.551,-0.148","0.229,-1.435,-0.733","-37.950,90.450,-54.900",0,0.0,9.56,1.63,0.7625,27.26,1.507,0,5330,445,0,99.00,0.000000,0.000000,0,0,0,0,-47,-46.7,646,42,423,1,1,0.400,0.676,-0.026,0.234,42,223
17:04:51,19.749,53180,53180,378,POWER_ON,0,0,0,0,-1,0,-1,0,0.000000,0.000000,0.000,0.0,0.000,0,0.0,"7.044,6.531,-0.192","0.687,-0.885,0.557","-38.400,88.950,-54.150",0,0.0,9.61,1.25,0.7598,27.26,1.507,0,5387,449,0,99.00,0.000000,0.000000,0,0,0,0,-47,-47.4,653,35,428,1,1,0.370,0.654,0.014,0.234,124,225
17:04:51,19.750,53215,53215,378,POWER_ON,0,0,0,0,-1,0,-1,0,0.000000,0.000000,0.000,0.0,0.000,0,0.0,"7.130,6.637,-0.086","-1.947,0.588,-0.389","-38.400,89.700,-55.350",0,0.0,9.74,2.07,0.7669,27.26,1.507,0,5390,450,0,99.00,0.000000,0.000000,0,0,0,0,-47,-47.4,653,70,428,1,1,0.370,0.654,0.014,0.234,159,225
17:04:51,19.750,53238,53238,378,POWER_ON,0,0,0,0,-1,0,-1,0,0.000000,0.000000,0.000,0.0,0.000,0,0.0,"7.053,6.728,-0.215","-0.267,-1.603,0.435","-39.150,87.750,-55.650",0,0.0,9.75,1.68,0.7580,27.26,1.507,0,5393,450,0,99.00,0.000000,0.000000,0,0,0,0,-47,-47.4,653,93,428,1,1,0.370,0.654,0.014,0.234,182,225
17:04:51,19.894,53261,53261,378,POWER_ON,0,0,0,0,-1,0,-1,0,0.000000,0.000000,0.000,0.0,0.000,0,0.0,"6.972,6.800,-0.120","0.031,-0.443,-0.466","-37.200,89.700,-54.600",0,0.0,9.74,0.64,0.7639,27.26,1.507,0,5396,450,0,99.00,0.000000,0.000000,0,0,0,0,-48,-47.6,655,12,429,1,1,0.430,0.647,0.021,0.234,12,226
17:04:51,19.956,53528,53528,378,POWER_ON,0,0,0,0,-1,0,-1,0,0.000000,0.000000,0.000,0.0,0.000,0,0.0,"6.943,6.642,0.014","-1.809,-0.107,-0.557","-37.500,90.300,-55.500",0,0.0,9.61,1.90,0.7731,27.26,1.507,0,5426,453,0,99.00,0.000000,0.000000,0,0,0,0,-48,-47.8,658,73,431,1,1,0.420,0.643,0.021,0.234,73,227
17:04:51,19.956,53551,53551,378,POWER_ON,0,0,0,0,-1,0,-1,0,0.000000,0.000000,0.000,0.0,0.000,0,0.0,"7.015,6.689,-0.110","-0.397,0.443,0.542","-37.800,88.650,-54.450",0,0.0,9.69,0.80,0.7649,27.26,1.507,0,5429,453,0,99.00,0.000000,0.000000,0,0,0,0,-48,-47.8,658,96,431,1,1,0.420,0.643,0.021,0.234,96,227
17:04:51,20.063,53631,53631,378,POWER_ON,0,0,0,0,-1,0,-1,0,0.000000,0.000000,0.000,0.0,0.000,0,0.0,"6.996,6.689,-0.201","-1.962,0.206,0.779","-39.450,89.250,-54.900",0,0.0,9.68,2.12,0.7588,27.26,1.507,0,5438,454,0,99.00,0.000000,0.000000,0,0,0,0,-48,-47.9,659,77,432,1,1,0.420,0.643,0.021,0.234,176,227
17:04:51,20.294,53677,53677,378,POWER_ON,0,0,0,0,-1,0,-1,0,0.000000,0.000000,0.000,0.0,0.000,0,0.0,"6.914,6.627,-0.182","-1.313,0.496,-0.344","-38.550,90.600,-55.200",0,0.0,9.58,1.45,0.7599,27.26,1.507,0,5444,454,0,99.00,0.000000,0.000000,0,0,0,0,-48,-47.9,661,23,433,1,1,0.450,0.647,0.009,0.234,24,228
17:04:52,20.369,53990,53990,378,POWER_ON,0,0,0,0,-1,0,-1,0,0.000000,0.000000,0.000,0.0,0.000,0,0.0,"6.905,6.780,-0.177","-0.214,0.260,0.924","-38.400,89.250,-54.600",0,0.0,9.68,0.98,0.7599,27.26,1.507,0,5480,457,0,99.00,0.000000,0.000000,0,0,0,0,-49,-48.4,665,1,436,1,1,0.450,0.653,-0.003,0.234,125,229
17:04:52,20.370,54013,54013,378,POWER_ON,0,0,0,0,-1,0,-1,0,0.000000,0.000000,0.000,0.0,0.000,0,0.0,"6.876,6.828,-0.077","-1.504,-1.290,2.252","-40.200,89.700,-54.900",0,0.0,9.69,3.00,0.7663,27.26,1.507,0,5483,457,0,99.00,0.000000,0.000000,0,0,0,0,-49,-48.4,665,24,436,1,1,0.450,0.653,-0.003,0.234,148,229
17:04:52,20.480,54047,54047,378,POWER_ON,0,0,0,0,-1,0,-1,0,0.000000,0.000000,0.000,0.0,0.000,0,0.0,"6.991,6.723,-0.263","0.282,0.565,2.046","-40.050,91.050,-55.500",0,0.0,9.70,2.14,0.7545,27.26,1.507,0,5486,458,0,99.00,0.000000,0.000000,0,0,0,0,-49,-48.4,665,58,436,1,1,0.450,0.653,-0.003,0.234,182,229
17:04:52,20.520,54093,54093,378,POWER_ON,0,0,0,0,-1,0,-1,0,0.000000,0.000000,0.000,0.0,0.000,0,0.0,"7.020,6.603,-0.177","1.206,-3.450,-2.664","-39.450,89.250,-54.600",0,0.0,9.64,4.52,0.7606,27.26,1.507,0,5492,458,0,99.00,0.000000,0.000000,0,0,0,0,-48,-48.3,667,15,437,1,1,0.430,0.657,-0.008,0.234,38,230
17:04:52,20.520,54116,54116,378,POWER_ON,0,0,0,0,-1,0,-1,0,0.000000,0.000000,0.000,0.0,0.000,0,0.0,"6.934,6.594,-0.124","0.023,-2.282,1.847","-38.250,91.050,-55.800",0,0.0,9.57,2.94,0.7639,27.26,1.507,0,5495,458,0,99.00,0.000000,0.000000,0,0,0,0,-48,-48.3,667,38,437,1,1,0.430,0.657,-0.008,0.234,61,230
17:04:52,20.520,54152,54152,378,POWER_ON,0,0,0,0,-1,0,-1,0,0.000000,0.000000,0.000,0.0,0.000,0,0.0,"6.847,6.709,-0.192","0.748,-0.275,1.931","-38.700,90.900,-56.100",0,0.0,9.59,2.09,0.7588,27.26,1.507,0,5498,459,0,99.00,0.000000,0.000000,0,0,0,0,-48,-48.3,667,74,437,1,1,0.430,0.657,-0.008,0.234,97,230
17:04:52,20.521,54175,54175,378,POWER_ON,0,0,0,0,-1,0,-1,0,0.000000,0.000000,0.000,0.0,0.000,0,0.0,"6.924,6.665,-0.225","-0.511,-2.809,0.214","-38.550,90.300,-56.250",0,0.0,9.61,2.86,0.7569,27.26,1.507,0,5501,459,0,99.00,0.000000,0.000000,0,0,0,0,-49,-48.4,668,3,438,1,1,0.430,0.657,-0.008,0.234,120,230
17:04:52,20.521,54198,54198,378,POWER_ON,0,0,0,0,-1,0,-1,0,0.000000,0.000000,0.000,0.0,0.000,0,0.0,"6.934,6.656,-0.220","0.267,-0.527,0.809","-39.300,90.600,-55.200",0,0.0,9.61,1.00,0.7573,27.26,1.507,0,5504,459,0,99.00,0.000000,0.000000,0,0,0,0,-49,-48.4,668,26,438,1,1,0.430,0.657,-0.008,0.234,143,230
17:04:52,20.619,54221,54221,378,POWER_ON,0,0,0,0,-1,0,-1,0,0.000000,0.000000,0.000,0.0,0.000,0,0.0,"6.809,6.728,-0.254","-1.344,0.160,-0.855","-38.700,90.450,-54.600",0,0.0,9.58,1.60,0.7544,27.26,1.507,0,5507,459,0,99.00,0.000000,0.000000,0,0,0,0,-49,-48.4,668,49,438,1,1,0.430,0.657,-0.008,0.234,166,230
17:04:52,20.655,54255,54255,378,POWER_ON,0,0,0,0,-1,0,-1,0,0.000000,0.000000,0.000,0.0,0.000,0,0.0,"6.886,6.632,-0.187","0.084,0.344,1.565","-39.150,90.000,-55.350",0,0.0,9.56,1.60,0.7595,27.26,1.507,0,5510,460,0,99.00,0.000000,0.000000,0,0,0,0,-49,-48.4,668,83,438,1,1,0.430,0.657,-0.008,0.234,200,230
17:04:52,20.655,54324,54324,378,POWER_ON,0,0,0,0,-1,0,-1,0,0.000000,0.000000,0.000,0.0,0.000,0,0.0,"7.020,6.685,-0.220","1.763,-1.435,1.023","-38.550,90.300,-57.750",0,0.0,9.70,2.49,0.7576,27.26,1.507,0,5519,460,0,99.00,0.000000,0.000000,0,0,0,0,-49,-48.6,670,41,439,1,1,0.420,0.659,-0.010,0.234,68,231
17:04:52,20.655,54360,54360,378,POWER_ON,0,0,0,0,-1,0,-1,0,0.000000,0.000000,0.000,0.0,0.000,0,0.0,"6.943,6.685,-0.134","0.702,2.084,2.573","-39.300,89.850,-55.200",0,0.0,9.64,3.38,0.7631,27.26,1.507,0,5522,461,0,99.00,0.000000,0.000000,0,0,0,0,-49,-48.6,670,77,439,1,1,0.420,0.659,-0.010,0.234,104,231
17:04:52,20.888,54383,54383,378,POWER_ON,0,0,0,0,-1,0,-1,0,0.000000,0.000000,0.000,0.0,0.000,0,0.0,"6.914,6.685,-0.144","-1.221,-3.611,2.076","-37.950,90.000,-55.350",0,0.0,9.62,4.34,0.7624,27.26,1.507,0,5525,461,0,99.00,0.000000,0.000000,0,0,0,0,-49,-48.6,670,100,439,1,1,0.420,0.659,-0.010,0.234,127,231
17:04:52,21.134,54532,54532,378,POWER_ON,0,0,0,0,-1,0,-1,0,0.000000,0.000000,0.000,0.0,0.000,0,0.0,"6.991,6.574,-0.235","-1.802,-0.397,-2.443","-39.900,88.950,-54.600",0,0.0,9.60,3.06,0.7567,27.26,1.507,0,5543,462,0,99.00,0.000000,0.000000,0,0,0,0,-49,-48.7,673,38,441,1,1,0.440,0.665,-0.014,0.234,71,232
