ts_ms,ped_x,ped_y,veh_x,veh_y,ped_speed_mps,veh_speed_mps,distance_m,rel_speed_mps,ttc,risk_level
0,3600,1400,3839.06,1388.82,1.2,0.0,239.32128196213557,-1.2,9999.0,0
1000,3600,1400,3836.75,1389.29,1.2,2.36,236.99212349780743,1.16,204.3035547394892,0
1000,3600,1400,3590.49,1380.07,1.2,0.0,22.082685525089712,-1.2,9999.0,1
2000,3600,1400,3833.1,1390.04,1.2,3.72,233.31269061069085,2.5200000000000005,92.58440103598842,0
2000,3600,1400,3590.16,1382.38,1.2,2.34,20.18142710513801,1.14,17.703006232577202,1
2000,3600,1400,3736.06,1265.01,1.2,0.0,191.66278642449083,-1.2,9999.0,0
3000,3600,1400,3827.87,1391.12,1.2,5.34,228.0429593300349,4.14,55.08284041788283,0
3000,3600,1400,3590.21,1386.16,1.2,3.78,16.952572076236603,2.58,6.570764370634342,1
3000,3600,1400,3737.09,1263.26,1.2,2.03,193.6272080571324,0.8299999999999998,233.2857928399186,0
3000,3600,1400,3647.11,1384.53,1.2,0.0,49.58500781486288,-1.2,9999.0,0
4000,3600,1400,3820.3,1389.41,1.2,7.07,220.554388076955,5.87,37.573149587215504,0
4000,3600,1400,3590.31,1392.39,1.2,6.23,12.321047033430215,5.03,2.4495123326899035,1
4000,3600,1400,3739.11,1259.82,1.2,3.98,197.48930224191903,2.78,71.03931735320829,0
4000,3600,1400,3645.86,1382.7,1.2,2.22,49.01458558429328,1.0200000000000002,48.05351527871889,0
4000,3600,1400,3579.33,1473.34,1.2,0.0,76.19714233486707,-1.2,9999.0,0
5000,3600,1400,3810.88,1391.35,1.2,9.62,211.057330836908,8.42,25.066191310796675,0
5000,3600,1400,3590.42,1400.49,1.2,8.09,9.59252313002156,6.89,1.3922384804095151,2
5000,3600,1400,3742.42,1254.17,1.2,6.54,203.8377916383515,5.34,38.17187109332425,0
5000,3600,1400,3644.32,1379.47,1.2,3.59,48.844071288130905,2.39,20.436849911351842,0
5000,3600,1400,3577.48,1472.15,1.2,2.21,75.58288761353334,1.01,74.83454219161717,0
5000,3600,1400,3652.9,1590.58,1.2,0.0,197.78560716088515,-1.2,9999.0,0
6000,3600,1400,3799.09,1393.77,1.2,12.04,199.18745191402007,10.84,18.375226191330267,0
6000,3600,1400,3590.06,1410.86,1.2,10.4,14.72220092241642,9.2,1.6002392306974371,1
6000,3600,1400,3746.6,1247.03,1.2,8.27,211.87586200414611,7.069999999999999,29.96829731317484,0
6000,3600,1400,3642.93,1374.75,1.2,4.92,49.80509411696745,3.72,13.38846616047512,0
6000,3600,1400,3573.83,1469.82,1.2,4.33,74.56340456282824,3.13,23.822173981734263,0
6000,3600,1400,3651.35,1590.66,1.2,1.55,197.4539391858264,0.3500000000000001,564.1541119595039,0
6000,3600,1400,3538.9,1442.25,1.2,0.0,74.28507589011394,-1.2,9999.0,0
7000,3600,1400,3785.18,1396.62,1.2,14.19,185.2108441749563,12.99,14.257955671667151,0
7000,3600,1400,3586.69,1422.84,1.2,12.49,26.435235955065632,11.29,2.341473512406168,1
7000,3600,1400,3751.51,1238.66,1.2,9.69,221.3275303707156,8.49,26.069202634948834,0
7000,3600,1400,3641.79,1368.15,1.2,6.71,52.54356858836285,5.51,9.536037856327196,0
7000,3600,1400,3569.98,1467.36,1.2,4.56,73.74666094136049,3.3599999999999994,21.94841099445253,0
7000,3600,1400,3648.16,1590.82,1.2,3.19,196.80360260930172,1.99,98.89628271824208,0
7000,3600,1400,3539.83,1443.17,1.2,1.3,74.05455961654229,0.1,740.5455961654229,0
7000,3600,1400,3748.28,1407.47,1.2,0.0,148.46804134223655,-1.2,9999.0,0
8000,3600,1400,3769.4,1399.87,1.2,16.11,169.400049881929,14.91,11.361505692952983,0
8000,3600,1400,3581.24,1433.3,1.2,11.87,38.22077445578523,10.67,3.582078205790556,0
8000,3600,1400,3757.46,1228.96,1.2,11.37,232.482974000248,10.17,22.859682792551425,0
8000,3600,1400,3640.46,1359.57,1.2,8.68,57.197871463892845,7.479999999999999,7.646774259878724,0
8000,3600,1400,3563.36,1464.96,1.2,7.07,74.58076963936477,5.87,12.705412204321085,0
8000,3600,1400,3643.1,1591.08,1.2,5.06,195.8805156211305,3.86,50.74624757024107,0
8000,3600,1400,3541.92,1445.27,1.2,2.96,73.6387078919775,1.76,41.84017493862358,0
8000,3600,1400,3745.81,1407.98,1.2,2.53,146.02820446749314,1.3299999999999998,109.79564245676177,0
8000,3600,1400,3472.15,1594.97,1.2,0.0,233.15000193008788,-1.2,9999.0,0
9000,3600,1400,3751.85,1403.47,1.2,17.92,151.88964217483684,16.720000000000002,9.084308742514164,0
9000,3600,1400,3574.82,1443.67,1.2,12.2,50.40933742869468,11.0,4.582667038972243,0
9000,3600,1400,3767.1,1219.6,1.2,13.03,245.8995119962624,11.83,20.786095688610516,0
9000,3600,1400,3638.82,1349.29,1.2,10.41,63.86310750347196,9.21,6.934105049236911,0
9000,3600,1400,3554.47,1461.77,1.2,9.5,76.7366522595299,8.3,9.245379790304806,0
9000,3600,1400,3636.54,1591.41,1.2,6.58,194.86651764733733,5.38,36.220542313631476,0
9000,3600,1400,3545.4,1448.76,1.2,4.93,73.20312561632863,3.73,19.625502846200707,0
9000,3600,1400,3740.81,1409.01,1.2,5.11,141.0979666756399,3.91,36.086436489933476,0
9000,3600,1400,3473.26,1593.29,1.2,2.01,231.13643524983232,0.8099999999999998,285.35362376522517,0
10000,3600,1400,3734.31,1407.08,1.2,17.92,134.49647764904472,16.720000000000002,8.044047706282578,0
10000,3600,1400,3569.78,1451.81,1.2,9.58,59.97936728575905,8.38,7.15744239686862,0
10000,3600,1400,3637.22,1298.05,1.2,0.0,108.53170458442084,-1.2,9999.0,0
10000,3600,1400,3774.75,1207.31,1.2,14.47,260.1288115530458,13.27,19.602774043183558,0
10000,3600,1400,3637.52,1341.22,1.2,8.18,69.73405767628897,6.98,9.990552675686098,0
10000,3600,1400,3546.21,1454.09,1.2,11.33,76.28297450938831,10.13,7.530402222052152,0
10000,3600,1400,3627.92,1591.85,1.2,8.62,193.8709594034134,7.419999999999999,26.128161644664882,0
10000,3600,1400,3550.23,1453.6,1.2,6.84,73.14378237417031,5.64,12.96875574010112,0
10000,3600,1400,3733.28,1410.56,1.2,7.65,133.69768883567156,6.45,20.728323850491712,0
10000,3600,1400,3475.37,1590.09,1.2,3.84,227.30342056379175,2.64,86.09978051658778,0
11000,3600,1400,3716.99,1410.63,1.2,17.92,117.4719413306852,16.720000000000002,7.02583381164385,0
11000,3600,1400,3567.14,1456.16,1.2,5.09,65.06708230741576,3.89,16.7267563772277,0
11000,3600,1400,3637.32,1299.39,1.2,1.34,107.30868790549997,0.1400000000000001,766.4906278964278,0
11000,3600,1400,3844.99,1328.51,1.2,0.0,255.20760215949664,-1.2,9999.0,0
11000,3600,1400,3783.39,1193.37,1.2,16.33,276.27495181431124,15.13,18.260076127846084,0
11000,3600,1400,3638.04,1336.63,1.2,4.67,73.91074685050872,3.47,21.299927046256112,0
11000,3600,1400,3536.87,1444.73,1.2,13.22,77.37034186301632,12.02,6.436800487771741,0
11000,3600,1400,3617.2,1592.39,1.2,10.74,193.15732473815237,9.54,20.247099029156434,0
11000,3600,1400,3553.59,1456.96,1.2,4.76,73.47332645252963,3.56,20.638574846216187,0
11000,3600,1400,3723.36,1412.6,1.2,10.0,124.00181288997362,8.8,14.091115101133365,0
11000,3600,1400,3478.33,1585.6,1.2,5.37,221.9255481011593,4.17,53.219555899558586,0
11000,3600,1400,3472.15,1594.97,1.2,0.0,233.15000193008788,-1.2,9999.0,0
12000,3600,1400,3697.28,1414.68,1.2,20.39,98.3814047470356,19.19,5.12670165435308,0
12000,3600,1400,3567.2,1460.85,1.2,5.0,69.12714734458525,3.8,18.19135456436454,0
12000,3600,1400,3637.57,1302.78,1.2,3.4,104.22683579577776,2.2,47.37583445262625,0
12000,3600,1400,3846.87,1328.12,1.2,1.92,257.12162744506725,0.72,357.1133714514823,0
12000,3600,1400,3666.08,1414.19,1.2,0.0,67.5864076571613,-1.2,9999.0,0
12000,3600,1400,3793.38,1177.27,1.2,18.88,294.965213711719,17.68,16.68355281174881,0
12000,3600,1400,3641.6,1331.92,1.2,5.99,79.7837477184419,4.79,16.656314763766577,0
12000,3600,1400,3527.24,1435.19,1.2,13.56,80.82297754970449,12.36,6.539075853535962,0
12000,3600,1400,3606.86,1592.72,1.2,10.34,192.8420545420527,9.14,21.098693057117362,0
12000,3600,1400,3554.5,1457.69,1.2,1.18,73.47371026428436,-0.02,9999.0,0
12000,3600,1400,3711.8,1411.7,1.2,11.62,112.41054221023953,10.42,10.787959905013391,0
12000,3600,1400,3482.62,1579.1,1.2,7.8,214.13751282762203,6.6,32.44507770115486,0
12000,3600,1400,3472.94,1593.77,1.2,1.44,231.7133066960117,0.24,965.4721112333821,0
13000,3600,1400,3681.92,1417.84,1.2,15.89,83.8400381679303,14.69,5.707286464801246,0
13000,3600,1400,3571.43,1464.49,1.2,5.65,70.53513308982986,4.45,15.850591705579742,0
13000,3600,1400,3637.94,1307.76,1.2,5.0,99.73796268222048,3.8,26.246832284794866,0
13000,3600,1400,3850.44,1327.37,1.2,3.64,260.7591043472884,2.4400000000000004,106.86848538823294,0
13000,3600,1400,3668.02,1413.97,1.2,1.98,69.43976742472572,0.78,89.02534285221245,0
13000,3600,1400,3593.18,1361.28,1.2,0.0,39.31603744021013,-1.2,9999.0,0
13000,3600,1400,3804.56,1159.28,1.2,21.09,315.8969958704894,19.89,15.88220190399645,0
13000,3600,1400,3648.61,1330.29,1.2,7.38,84.98479981737921,6.18,13.751585730967511,0
13000,3600,1400,3517.09,1425.32,1.2,14.16,86.69008305452229,12.96,6.689049618404497,0
13000,3600,1400,3596.05,1592.74,1.2,10.8,192.7804712620031,9.6,20.08129908979199,0
13000,3600,1400,3557.49,1459.5,1.2,3.5,73.12557760455653,2.3,31.79372939328545,0
13000,3600,1400,3699.22,1414.28,1.2,13.01,100.24234035575964,11.81,8.487920436558817,0
13000,3600,1400,3487.83,1571.09,1.2,9.56,204.5822499631872,8.360000000000001,24.47156100038124,0
13000,3600,1400,3474.53,1591.37,1.2,2.87,228.834433160746,1.6700000000000002,137.0266066830814,0
14000,3600,1400,3669.86,1420.21,1.2,12.46,72.7245742510743,11.260000000000002,6.4586655640385695,0
14000,3600,1400,3577.78,1468.54,1.2,7.53,72.05178693134533,6.33,11.38258877272438,0
14000,3600,1400,3638.49,1315.27,1.2,7.53,93.06262944920472,6.33,14.701837195766938,0
14000,3600,1400,3855.96,1326.22,1.2,5.64,266.3813244204631,4.44,59.99579378839258,0
14000,3600,1400,3672.09,1413.32,1.2,4.19,73.31023461973109,2.99,24.51847311696692,0
14000,3600,1400,3593.77,1360.04,1.2,1.38,40.442731114503175,0.1799999999999999,224.68183952501775,0
14000,3600,1400,3472.15,1594.97,1.2,0.0,233.15000193008788,-1.2,9999.0,0
14000,3600,1400,3817.09,1139.26,1.2,23.53,339.28368027360244,22.33,15.194074351706336,0
14000,3600,1400,3657.68,1330.54,1.2,9.11,90.28662137880666,7.909999999999999,11.414237848142436,0
14000,3600,1400,3507.0,1415.53,1.2,14.06,94.28775583287576,12.86,7.331862817486451,0
14000,3600,1400,3584.63,1593.24,1.2,11.44,193.85028888294184,10.24,18.930692273724787,0
14000,3600,1400,3563.21,1461.19,1.2,5.96,71.39832070854331,4.76,14.999647207677166,0
14000,3600,1400,3685.25,1417.15,1.2,14.46,86.95794960784208,13.260000000000002,6.55791475172263,0
14000,3600,1400,3494.0,1561.4,1.2,11.48,193.0957275550136,10.28,18.783631085118056,0
14000,3600,1400,3477.29,1587.17,1.2,5.03,223.8087420097795,3.83,58.435702874616055,0
15000,3600,1400,3662.06,1420.83,1.2,7.96,65.46245106929614,6.76,9.683794536878127,0
15000,3600,1400,3581.5,1470.97,1.2,4.45,73.34160415480427,3.25,22.566647432247468,0
15000,3600,1400,3639.18,1324.5,1.2,9.25,85.06069832772353,8.05,10.566546376114722,0
15000,3600,1400,3863.87,1324.57,1.2,8.09,274.43954124724803,6.89,39.83157347565284,0
15000,3600,1400,3677.42,1412.22,1.2,5.52,78.37847153396149,4.319999999999999,18.143164706935533,0
15000,3600,1400,3596.0,1356.87,1.2,3.9,43.31508859508438,2.7,16.042625405586808,0
15000,3600,1400,3473.3,1593.23,1.2,2.09,231.0643263249435,0.8899999999999999,259.6228385673523,0
15000,3600,1400,3739.98,1369.58,1.2,0.0,143.24725756537194,-1.2,9999.0,0
15000,3600,1400,3826.53,1115.43,1.2,25.77,363.7250689738062,24.57,14.803625110859022,0
15000,3600,1400,3668.11,1333.11,1.2,10.8,95.46331337220612,9.6,9.944095142938137,0
15000,3600,1400,3496.97,1405.79,1.2,13.97,103.19256271650607,12.77,8.080858474276122,0
15000,3600,1400,3573.32,1594.33,1.2,11.36,196.1529283492856,10.16,19.306390585559605,0
15000,3600,1400,3570.18,1463.69,1.2,7.43,70.32530483403549,6.23,11.288170920390929,0
15000,3600,1400,3675.48,1419.16,1.2,10.1,77.87384670093039,8.9,8.749870415834874,0
15000,3600,1400,3500.42,1551.32,1.2,11.96,181.1461255450968,10.760000000000002,16.835141779284086,0
15000,3600,1400,3480.87,1581.75,1.2,6.5,217.31318275705232,5.3,41.00248731265138,0
16000,3600,1400,3651.93,1419.66,1.2,10.15,55.52693490550317,8.950000000000001,6.204126805084152,0
16000,3600,1400,3584.91,1473.24,1.2,4.11,74.77837722229606,2.91,25.697036846149846,0
16000,3600,1400,3642.01,1329.72,1.2,6.34,81.87868159661595,5.14,15.929704590781315,0
16000,3600,1400,3873.94,1322.47,1.2,10.28,284.69988496660835,9.08,31.354612881785062,0
16000,3600,1400,3684.5,1410.77,1.2,7.33,85.18358351231767,6.13,13.896180018322621,0
16000,3600,1400,3600.01,1352.08,1.2,6.25,47.92000104340574,5.05,9.489109117506088,0
16000,3600,1400,3475.18,1590.38,1.2,3.42,227.650119261994,2.22,102.54509876666395,0
16000,3600,1400,3737.48,1369.88,1.2,2.51,140.74077163352487,1.3099999999999998,107.4357035370419,0
16000,3600,1400,3567.2,1449.88,1.2,0.0,59.69802676806013,-1.2,9999.0,0
16000,3600,1400,3829.68,1088.46,1.2,27.1,387.0530635455556,25.9,14.94413372762763,0
16000,3600,1400,3676.13,1336.93,1.2,8.9,98.86152841221912,7.7,12.83915953405443,0
16000,3600,1400,3487.26,1396.36,1.2,13.54,112.7987464469351,12.34,9.140903277709489,0
16000,3600,1400,3562.45,1595.39,1.2,10.92,198.96546082172168,9.72,20.469697615403465,0
16000,3600,1400,3574.45,1466.41,1.2,5.06,71.15539754649691,3.86,18.434040815154642,0
16000,3600,1400,3668.72,1420.34,1.2,6.96,71.66696589084799,5.76,12.442181578272221,0
16000,3600,1400,3507.12,1540.81,1.2,12.46,168.68358100301288,11.260000000000002,14.980779840409667,0
16000,3600,1400,3485.73,1574.38,1.2,8.82,208.485052941452,7.62,27.360243168169553,0
17000,3600,1400,3643.37,1416.86,1.2,8.94,46.53188691639301,7.739999999999999,6.01187169462442,0
17000,3600,1400,3590.57,1473.95,1.2,4.27,74.54882561113892,3.0699999999999994,24.283005085061543,0
17000,3600,1400,3647.85,1330.31,1.2,5.96,84.53590124911426,4.76,17.75964311956182,0
17000,3600,1400,3885.85,1319.98,1.2,12.17,296.8390521814809,10.97,27.059166105877928,0
17000,3600,1400,3692.98,1409.03,1.2,8.77,93.4174571480085,7.569999999999999,12.340483110701255,0
17000,3600,1400,3605.99,1346.11,1.2,8.46,54.22187934773202,7.260000000000001,7.4685784225526195,0
17000,3600,1400,3477.93,1586.2,1.2,5.01,222.64663684861728,3.81,58.4374374930754,0
17000,3600,1400,3732.66,1370.44,1.2,4.85,135.91346217354615,3.65,37.23656497905374,0
17000,3600,1400,3568.36,1448.01,1.2,2.2,57.49825823448908,1.0000000000000002,57.498258234489064,0
17000,3600,1400,3828.46,1060.37,1.2,28.02,409.3195676974168,26.82,15.261728847778404,0
17000,3600,1400,3679.92,1339.29,1.2,4.46,100.36389041881556,3.26,30.786469453624406,0
17000,3600,1400,3477.83,1387.21,1.2,13.14,122.83766930384186,11.94,10.287912001996807,0
17000,3600,1400,3551.87,1596.43,1.2,10.63,202.2405542911709,9.43,21.446506287504867,0
17000,3600,1400,3577.96,1468.65,1.2,4.16,72.10120734079291,2.96,24.35851599351112,0
17000,3600,1400,3661.97,1420.82,1.2,6.88,65.37394970475604,5.68,11.50949818745705,0
17000,3600,1400,3513.67,1530.52,1.2,12.21,156.48750525201677,11.010000000000002,14.213215735877997,0
17000,3600,1400,3491.49,1565.34,1.2,10.72,197.7668720994495,9.52,20.773831102883353,0
18000,3600,1400,3639.54,1414.48,1.2,4.44,42.107980241279655,3.24,12.996290197925818,0
18000,3600,1400,3595.95,1469.78,1.2,6.77,69.8974312832739,5.569999999999999,12.548910463783466,0
18000,3600,1400,3655.29,1330.12,1.2,7.44,89.10779146629105,6.24,14.280094786264591,0
18000,3600,1400,3899.47,1317.1,1.2,13.92,310.73250698953257,12.72,24.42865620986891,0
18000,3600,1400,3703.83,1406.8,1.2,11.24,104.05243341700368,10.04,10.363788188944591,0
18000,3600,1400,3613.8,1340.16,1.2,9.82,61.41063100148048,8.620000000000001,7.124203132422329,0
18000,3600,1400,3481.68,1580.52,1.2,6.8,215.8404336541234,5.6,38.54293458109346,0
18000,3600,1400,3725.81,1370.13,1.2,7.14,129.30728131083717,5.94,21.768902577582015,0
18000,3600,1400,3570.58,1444.43,1.2,4.22,53.28753418952701,3.02,17.644878870704307,0
18000,3600,1400,3691.77,1333.57,1.2,0.0,113.29023700213538,-1.2,9999.0,0
18000,3600,1400,3822.93,1034.14,1.2,26.71,428.4289025030873,25.51,16.794547334499697,0
18000,3600,1400,3684.55,1342.8,1.2,5.81,102.08105847805476,4.609999999999999,22.14339663298368,0
18000,3600,1400,3470.12,1379.73,1.2,10.75,131.45222440111095,9.55,13.76463082734146,0
18000,3600,1400,3545.08,1596.92,1.2,6.84,204.43505765890555,5.64,36.24735064874212,0
18000,3600,1400,3581.73,1471.13,1.2,4.52,73.43888479545434,3.3199999999999994,22.120146022727216,0
18000,3600,1400,3653.04,1419.8,1.2,8.95,56.615206437846666,7.749999999999999,7.305187927464087,0
18000,3600,1400,3520.08,1520.46,1.2,11.92,144.56077614622862,10.72,13.485147028566102,0
18000,3600,1400,3497.78,1555.47,1.2,11.71,186.06409997632528,10.510000000000002,17.703529969203164,0
19000,3600,1400,3635.41,1409.47,1.2,6.76,36.65445402676174,5.56,6.59252770265499,0
19000,3600,1400,3603.7,1464.02,1.2,9.11,64.12683057815968,7.909999999999999,8.107058227327395,0
19000,3600,1400,3664.77,1331.9,1.2,9.65,93.98277980566432,8.450000000000001,11.122222462208795,0
19000,3600,1400,3912.72,1314.27,1.2,13.54,324.25827869153915,12.34,26.27700799769361,0
19000,3600,1400,3716.14,1404.27,1.2,12.75,116.21846884209054,11.55,10.062205094553294,0
19000,3600,1400,3622.86,1335.38,1.2,10.26,68.54432142781772,9.06,7.56559839159136,0
19000,3600,1400,3486.41,1573.31,1.2,8.62,207.21738392326068,7.419999999999999,27.92687114868743,0
19000,3600,1400,3718.07,1365.62,1.2,8.96,122.97361221009996,7.760000000000001,15.847114975528344,0
19000,3600,1400,3574.16,1438.64,1.2,6.8,46.48392410285533,5.6,8.30070073265274,0
19000,3600,1400,3692.98,1331.71,1.2,2.22,115.36379197997957,1.0200000000000002,113.1017568431172,0
19000,3600,1400,3818.07,1011.96,1.2,22.62,445.1174749434132,21.42,20.780461015098652,0
19000,3600,1400,3687.39,1349.46,1.2,7.53,100.95198710278058,6.33,15.948181216868969,0
19000,3600,1400,3464.85,1374.62,1.2,7.34,137.51242452956762,6.14,22.39616034683512,0
19000,3600,1400,3540.68,1595.54,1.2,4.61,204.3398003326812,3.41,59.92369511222322,0
19000,3600,1400,3586.51,1473.92,1.2,5.58,75.14084441899762,4.38,17.155443931277993,0
19000,3600,1400,3648.12,1418.99,1.2,4.91,51.73156193273106,3.71,13.943817232542065,0
19000,3600,1400,3526.66,1510.12,1.2,12.26,132.3071048734723,11.06,11.962667710078868,0
19000,3600,1400,3504.13,1545.5,1.2,11.82,174.24496233750915,10.62,16.407246924435892,0
20000,3600,1400,3639.0,1404.89,1.2,6.5,39.3053698621448,5.3,7.416107521159397,0
20000,3600,1400,3609.68,1455.16,1.2,10.69,56.00292849485646,9.49,5.901256954147151,0
20000,3600,1400,3673.35,1335.43,1.2,9.3,97.72158103510183,8.100000000000001,12.06439272038294,0
20000,3600,1400,3926.58,1311.31,1.2,14.18,338.40864720039286,12.98,26.07154446844321,0
20000,3600,1400,3731.19,1404.45,1.2,14.99,131.26545090007505,13.79,9.5188869398169,0
20000,3600,1400,3628.33,1333.57,1.2,5.76,72.21865271520927,4.56,15.837423841054667,0
20000,3600,1400,3491.8,1564.85,1.2,10.03,197.1871255939392,8.83,22.331497802258117,0
20000,3600,1400,3709.15,1360.43,1.2,10.31,116.10128078535574,9.11,12.744377693233343,0
20000,3600,1400,3578.89,1431.01,1.2,8.98,37.51336028670325,7.78,4.821768674383451,0
20000,3600,1400,3695.11,1328.45,1.2,3.9,119.0181271907772,2.7,44.080787848435996,0
20000,3600,1400,3747.39,1397.85,1.2,0.0,147.40568035187778,-1.2,9999.0,0
20000,3600,1400,3814.17,994.19,1.2,18.12,458.85787015153176,16.92,27.11925946522055,0
20000,3600,1400,3644.8,1406.46,1.2,0.0,45.26335824925076,-1.2,9999.0,0
20000,3600,1400,3685.93,1359.04,1.2,8.86,95.19289101608362,7.659999999999999,12.42727036763494,0
20000,3600,1400,3464.52,1372.01,1.2,2.84,138.34113813323933,1.64,84.35435252026788,0
20000,3600,1400,3534.86,1594.94,1.2,5.91,205.53545484903572,4.71,43.638100817205036,0
20000,3600,1400,3590.9,1471.55,1.2,5.0,72.12636480511127,3.8,18.980622317134543,0
20000,3600,1400,3641.62,1415.78,1.2,7.16,44.51104132684373,5.96,7.46829552463821,0
20000,3600,1400,3533.54,1499.69,1.2,12.5,119.81246888366844,11.3,10.60287335253703,0
20000,3600,1400,3510.15,1536.05,1.2,11.21,163.0417891216849,10.010000000000002,16.28789102114734,0
21000,3600,1400,3643.07,1403.31,1.2,4.36,43.19700221080178,3.16,13.669937408481575,0
21000,3600,1400,3617.11,1444.16,1.2,13.27,47.35881860857607,12.07,3.923680083560569,0
21000,3600,1400,3678.66,1338.5,1.2,6.14,99.84811265116622,4.94,20.212168552867652,0
21000,3600,1400,3939.68,1308.5,1.2,13.39,351.7879366891365,12.19,28.858731475728998,0
21000,3600,1400,3747.32,1401.14,1.2,16.43,147.3244107403795,15.23,9.673303397267203,0
21000,3600,1400,3635.87,1333.21,1.2,7.76,75.81267044498556,6.56,11.556809519052678,0
21000,3600,1400,3498.2,1554.8,1.2,11.92,185.27352752079835,10.72,17.282978313507307,0
21000,3600,1400,3702.05,1356.3,1.2,8.22,111.013028514675,7.0200000000000005,15.813821725737178,0
21000,3600,1400,3583.82,1421.34,1.2,10.92,26.780365942234457,9.72,2.7551816812998413,1
21000,3600,1400,3698.37,1323.47,1.2,5.95,124.633453775461,4.75,26.238621847465474,0
21000,3600,1400,3749.81,1397.36,1.2,2.47,149.83325965886206,1.2700000000000002,117.97894461327719,0
21000,3600,1400,3811.24,980.84,1.2,13.62,469.3798495887951,12.42,37.792258420997996,0
21000,3600,1400,3643.0,1409.11,1.2,0.0,43.954432085968286,-1.2,9999.0,0
21000,3600,1400,3839.06,1388.82,1.2,0.0,239.32128196213557,-1.2,9999.0,0
21000,3600,1400,3679.92,1367.34,1.2,10.24,86.33586740167736,9.04,9.550427809920063,0
21000,3600,1400,3467.56,1372.78,1.2,3.43,135.20829116588973,2.2300000000000004,60.631520702192695,0
21000,3600,1400,3530.45,1598.28,1.2,5.72,210.1241559174005,4.52,46.48764511446914,0
21000,3600,1400,3597.76,1467.11,1.2,7.52,67.14737299403444,6.319999999999999,10.624584334499122,0
21000,3600,1400,3639.32,1414.35,1.2,2.66,41.856718696047,1.4600000000000002,28.668985408251363,0
21000,3600,1400,3540.47,1489.68,1.2,12.18,107.63978493103762,10.98,9.803259101187397,0
21000,3600,1400,3516.07,1526.75,1.2,11.02,152.01910208917818,9.82,15.480560294213664,0
22000,3600,1400,3641.99,1400.21,1.2,1.01,41.990525121746,-0.1899999999999999,9999.0,0
22000,3600,1400,3625.77,1431.33,1.2,15.48,40.56675732665842,14.28,2.8408093366007297,0
22000,3600,1400,3684.35,1340.84,1.2,6.27,103.02828786309124,5.069999999999999,20.321161314219182,0
22000,3600,1400,3953.14,1305.61,1.2,13.77,365.53704559182495,12.57,29.08011500332736,0
22000,3600,1400,3765.13,1397.47,1.2,18.19,165.14938025920665,16.990000000000002,9.720387301895624,0
22000,3600,1400,3640.37,1339.44,1.2,8.13,72.7822127995569,6.930000000000001,10.50248380945987,0
22000,3600,1400,3505.08,1544.01,1.2,12.8,172.47807541829775,11.6,14.868799605025668,0
22000,3600,1400,3698.13,1354.02,1.2,4.54,108.36815630064038,3.34,32.44555577863485,0
22000,3600,1400,3586.94,1409.92,1.2,11.9,16.400304875214974,10.7,1.5327387733845772,1
22000,3600,1400,3702.6,1316.98,1.2,7.74,131.9813638359597,6.54,20.180636672165093,0
22000,3600,1400,3753.72,1396.55,1.2,3.99,153.75870999718987,2.79,55.110648744512496,0
22000,3600,1400,3810.24,971.75,1.2,9.12,477.0732858796433,7.919999999999999,60.23652599490447,0
22000,3600,1400,3643.49,1410.79,1.2,1.79,44.80852820613482,0.5900000000000001,75.94665797649968,0
22000,3600,1400,3837.36,1389.17,1.2,1.73,237.60694118648988,0.53,448.3149833707356,0
22000,3600,1400,3630.27,1181.2,1.2,0.0,220.8839353597268,-1.2,9999.0,0
22000,3600,1400,3672.92,1377.0,1.2,11.93,76.46127385807806,10.73,7.125934189942037,0
22000,3600,1400,3471.19,1376.3,1.2,5.06,130.9721577282744,3.86,33.930610810433784,0
22000,3600,1400,3526.45,1604.6,1.2,7.47,217.4184042347841,6.27,34.67598153664819,0
22000,3600,1400,3605.38,1461.53,1.2,8.89,61.76475775067848,7.69,8.031828056005002,0
22000,3600,1400,3639.32,1414.35,1.2,0.0,41.856718696047,-1.2,9999.0,0
22000,3600,1400,3547.54,1479.51,1.2,12.39,95.25697717227858,11.19,8.512687861687095,0
22000,3600,1400,3521.82,1517.72,1.2,10.7,141.31564244626276,9.5,14.875330783817132,0
23000,3600,1400,3640.67,1397.27,1.2,0.23,40.76152352402945,-0.97,9999.0,0
23000,3600,1400,3631.92,1422.21,1.2,10.98,38.88663652207537,9.78,3.9761387036886884,0
23000,3600,1400,3689.32,1337.32,1.2,6.4,109.11848972561909,5.2,20.984324947234438,0
23000,3600,1400,3966.4,1302.76,1.2,13.57,379.0838661826695,12.37,30.64542168008646,0
23000,3600,1400,3784.85,1393.42,1.2,20.13,184.96707517825968,18.93,9.771108038999454,0
23000,3600,1400,3641.85,1348.02,1.2,8.71,66.73337171161063,7.510000000000001,8.885934981572653,0
23000,3600,1400,3512.02,1533.12,1.2,12.92,159.56633354188463,11.72,13.614874875587425,0
23000,3600,1400,3692.22,1352.67,1.2,6.27,103.65643877733768,5.069999999999999,20.44505695805477,0
23000,3600,1400,3587.2,1398.81,1.2,11.13,12.855197392494787,9.93,1.29458181193301,1
23000,3600,1400,3680.71,1339.78,1.2,0.0,100.70031032722794,-1.2,9999.0,0
23000,3600,1400,3707.64,1309.27,1.2,9.21,140.77749287439372,8.010000000000002,17.575217587315066,0
23000,3600,1400,3759.27,1395.41,1.2,5.67,159.33612584721644,4.47,35.645665737632314,0
23000,3600,1400,3809.86,967.13,1.2,4.62,481.0588908855132,3.42,140.6604944109688,0
23000,3600,1400,3641.61,1411.76,1.2,2.47,43.23990864930233,1.2700000000000002,34.04717216480498,0
23000,3600,1400,3833.44,1389.97,1.2,4.0,233.6553754999016,2.8,83.448348392822,0
23000,3600,1400,3630.12,1182.78,1.2,1.59,219.2982963910117,0.3900000000000001,562.303324079517,0
23000,3600,1400,3664.92,1388.05,1.2,13.65,66.01067262193297,12.45,5.302062057986584,0
23000,3600,1400,3475.99,1380.96,1.2,6.7,125.463148772857,5.5,22.811481595064908,0
23000,3600,1400,3521.54,1612.47,1.2,9.38,226.49386857043177,8.180000000000001,27.688736989050334,0
23000,3600,1400,3611.39,1452.62,1.2,10.74,53.838615323947415,9.54,5.643460725780652,0
23000,3600,1400,3639.32,1414.35,1.2,0.0,41.856718696047,-1.2,9999.0,0
23000,3600,1400,3553.51,1470.91,1.2,10.47,84.79120355319878,9.27,9.146839649751756,0
23000,3600,1400,3527.59,1508.67,1.2,10.73,130.58475025821352,9.53,13.702492157210234,0
24000,3600,1400,3642.47,1396.93,1.2,1.96,42.580814928791376,0.76,56.02738806419918,0
24000,3600,1400,3635.68,1416.71,1.2,6.83,39.39906724784217,5.63,6.998058125726851,0
24000,3600,1400,3693.79,1330.47,1.2,8.18,116.75180940782028,6.98,16.72662025900004,0
24000,3600,1400,3979.5,1299.95,1.2,13.39,392.4668807683013,12.19,32.195806461714625,0
24000,3600,1400,3806.95,1388.88,1.2,22.56,207.24853895745545,21.36,9.702646954937054,0
24000,3600,1400,3643.57,1358.74,1.2,10.86,60.00610385619128,9.66,6.211811993394543,0
24000,3600,1400,3518.75,1522.54,1.2,12.54,147.02929674047957,11.34,12.96554644977774,0
24000,3600,1400,3685.47,1354.21,1.2,5.47,96.9631115424828,4.27,22.70798865163532,0
24000,3600,1400,3587.04,1387.45,1.2,11.36,18.040623603412374,10.16,1.775651929469722,1
24000,3600,1400,3681.86,1340.68,1.2,1.46,101.09362986855312,0.26,388.8216533405889,0
24000,3600,1400,3713.79,1299.88,1.2,11.23,151.56575635677066,10.03,15.111241909947225,0
24000,3600,1400,3767.06,1393.81,1.2,7.96,167.174638327708,6.76,24.729976083980475,0
24000,3600,1400,3811.63,965.49,1.2,2.71,483.3075594277416,1.51,320.0712314091004,0
24000,3600,1400,3641.3,1411.76,1.2,0.31,42.941676725531046,-0.8899999999999999,9999.0,0
24000,3600,1400,3827.51,1391.19,1.2,6.06,227.68051343933695,4.859999999999999,46.847842271468515,0
24000,3600,1400,3629.78,1186.49,1.2,3.73,215.57682737251704,2.53,85.20823216305023,0
24000,3600,1400,3554.72,1474.77,1.2,0.0,87.41184873917274,-1.2,9999.0,0
24000,3600,1400,3748.28,1407.47,1.2,0.0,148.46804134223655,-1.2,9999.0,0
24000,3600,1400,3657.38,1398.78,1.2,13.19,57.39296821040024,11.99,4.786736297781505,0
24000,3600,1400,3482.07,1386.86,1.2,8.47,118.65978467871903,7.27,16.321841083730266,0
24000,3600,1400,3515.48,1622.45,1.2,11.67,237.9656128519413,10.47,22.728329785285702,0
24000,3600,1400,3618.68,1441.83,1.2,13.02,45.81147563656936,11.82,3.8757593601158513,0
24000,3600,1400,3639.32,1414.35,1.2,0.0,41.856718696047,-1.2,9999.0,0
24000,3600,1400,3557.4,1466.4,1.2,5.97,78.89055710286247,4.77,16.538900860138884,0
24000,3600,1400,3533.68,1499.47,1.2,11.04,119.55175992012845,9.84,12.149569097574028,0
25000,3600,1400,3645.89,1396.46,1.2,3.94,46.02633702566377,2.74,16.79793322104517,0
25000,3600,1400,3639.16,1411.97,1.2,5.91,40.948583614088406,4.71,8.693966797046372,0
25000,3600,1400,3699.34,1321.99,1.2,10.13,126.30912754033268,8.930000000000001,14.14435918704733,0
25000,3600,1400,3992.79,1297.09,1.2,13.6,406.0473521647445,12.4,32.745754206834235,0
25000,3600,1400,3830.8,1383.98,1.2,24.35,231.35531202027775,23.15,9.993749979277657,0
25000,3600,1400,3645.51,1371.25,1.2,12.66,53.83049879018418,11.46,4.697251203331953,0
25000,3600,1400,3525.48,1511.97,1.2,12.53,134.500971371957,11.33,11.871224304674051,0
25000,3600,1400,3681.09,1360.25,1.2,7.46,90.30864078259634,6.26,14.426300444504209,0
25000,3600,1400,3588.03,1375.87,1.2,11.69,26.93580887963086,10.49,2.5677606176959826,1
25000,3600,1400,3684.14,1342.48,1.2,2.91,101.92197996506924,1.7100000000000002,59.603497055596044,0
25000,3600,1400,3720.85,1289.08,1.2,12.9,164.0364864900489,11.7,14.020212520517001,0
25000,3600,1400,3776.55,1391.86,1.2,9.68,176.73755147110097,8.48,20.841692390460018,0
25000,3600,1400,3813.08,967.34,1.2,2.51,482.2839018669397,1.3099999999999998,368.15565028010667,0
25000,3600,1400,3641.18,1411.75,1.2,0.12,42.82353208225574,-1.08,9999.0,0
25000,3600,1400,3818.66,1389.75,1.2,8.38,218.9001098674917,7.180000000000001,30.48748048293756,0
25000,3600,1400,3629.28,1191.79,1.2,5.32,210.25870374374523,4.12,51.03366595721972,0
25000,3600,1400,3553.53,1476.48,1.2,2.09,89.49106826940879,0.8899999999999999,100.55176210045931,0
25000,3600,1400,3746.1,1407.92,1.2,2.24,146.3145119255092,1.0400000000000005,140.68703069760494,0
25000,3600,1400,3770.45,1226.32,1.2,0.0,243.34737496015848,-1.2,9999.0,0
25000,3600,1400,3656.49,1407.45,1.2,9.78,56.9791417976787,8.58,6.6409256174450695,0
25000,3600,1400,3489.57,1394.14,1.2,10.46,110.585371998289,9.260000000000002,11.94226479463164,0
25000,3600,1400,3625.85,1431.21,1.2,12.82,40.525135410014336,11.62,3.4875331678153474,0
25000,3600,1400,3639.32,1414.35,1.2,0.0,41.856718696047,-1.2,9999.0,0
25000,3600,1400,3563.8,1463.26,1.2,7.23,72.88530441728281,6.03,12.087115160411743,0
25000,3600,1400,3540.19,1490.08,1.2,11.42,108.1278988050724,10.22,10.580029237286928,0
26000,3600,1400,3649.41,1393.02,1.2,5.68,49.90058616890172,4.48,11.138523698415561,0
26000,3600,1400,3640.07,1410.89,1.2,1.41,41.523451205313066,0.2099999999999999,197.7307200253004,0
26000,3600,1400,3705.8,1312.09,1.2,11.82,137.5565632748945,10.62,12.952595411948636,0
26000,3600,1400,4006.28,1294.19,1.2,13.8,419.8323409410001,12.6,33.32002705880953,0
26000,3600,1400,3856.43,1378.72,1.2,26.16,257.3114519410279,24.96,10.308952401483488,0
26000,3600,1400,3647.57,1379.12,1.2,8.16,51.95073916702264,6.96,7.46418666192854,0
26000,3600,1400,3532.33,1501.5,1.2,12.51,121.98966718538097,11.31,10.786000635312199,0
26000,3600,1400,3675.63,1367.79,1.2,9.31,82.20329068839044,8.110000000000001,10.13604077538723,0
26000,3600,1400,3591.74,1364.33,1.2,12.19,36.61388397862222,10.99,3.3315636013305023,0
26000,3600,1400,3686.74,1345.88,1.2,4.33,102.23894561271624,3.13,32.66419987626717,0
26000,3600,1400,3728.84,1276.85,1.2,14.62,178.2292571381031,13.42,13.280868639202913,0
26000,3600,1400,3788.15,1392.74,1.2,11.19,188.29001593286893,9.99,18.847849442729622,0
26000,3600,1400,3813.49,972.19,1.2,4.89,478.1206711699462,3.69,129.5719976070315,0
26000,3600,1400,3641.18,1411.75,1.2,0.0,42.82353208225574,-1.2,9999.0,0
26000,3600,1400,3808.72,1391.79,1.2,10.15,208.8814077413304,8.950000000000001,23.338704775567642,0
26000,3600,1400,3629.03,1198.95,1.2,7.16,203.13503735200385,5.96,34.08305995838991,0
26000,3600,1400,3551.35,1479.63,1.2,3.83,93.31537601060197,2.63,35.48113156296653,0
26000,3600,1400,3741.76,1405.55,1.2,3.77,141.8686015297256,2.5700000000000003,55.20179047849244,0
26000,3600,1400,3769.69,1227.52,1.2,1.42,241.95877024815616,0.2199999999999999,1099.812592037074,0
26000,3600,1400,3659.03,1413.52,1.2,6.86,60.55849486240575,5.66,10.699380717739531,0
26000,3600,1400,3498.03,1402.35,1.2,11.78,101.9970754482694,10.58,9.64055533537518,0
26000,3600,1400,3631.41,1422.98,1.2,9.91,38.91874227155847,8.71,4.4682826947828325,0
26000,3600,1400,3639.32,1414.35,1.2,0.0,41.856718696047,-1.2,9999.0,0
26000,3600,1400,3571.32,1464.42,1.2,7.92,70.51580532050953,6.72,10.49342341079011,0
26000,3600,1400,3546.86,1480.48,1.2,11.69,96.4411219345772,10.49,9.193624588615558,0
27000,3600,1400,3647.99,1385.92,1.2,7.59,50.01286334534324,6.39,7.826739177674999,0
27000,3600,1400,3640.61,1410.27,1.2,0.83,41.88848290401563,-0.37,9999.0,0
27000,3600,1400,3713.29,1300.66,1.2,13.66,150.67534536213938,12.46,12.09272434688117,0
27000,3600,1400,4019.9,1291.27,1.2,13.93,433.7490321603036,12.73,34.07297974550696,0
27000,3600,1400,3883.6,1373.13,1.2,27.74,284.8700702074543,26.54,10.73361229116256,0
27000,3600,1400,3653.17,1388.18,1.2,10.68,54.46798417419178,9.48,5.745567950864111,0
27000,3600,1400,3539.41,1491.2,1.2,12.5,109.49241115255444,11.3,9.689593907305701,0
27000,3600,1400,3668.73,1377.32,1.2,11.77,72.37537771922165,10.57,6.847244817334119,0
27000,3600,1400,3597.73,1354.8,1.2,11.35,45.25696520978847,10.15,4.4588143063831005,0
27000,3600,1400,3686.39,1352.41,1.2,6.9,98.63082783795323,5.7,17.303654006658462,0
27000,3600,1400,3740.23,1264.23,1.2,16.73,195.18695089580143,15.53,12.568380611448902,0
27000,3600,1400,3800.97,1390.11,1.2,13.09,201.2132028471291,11.89,16.922893427008336,0
27000,3600,1400,3814.1,978.91,1.2,6.78,472.39347804558014,5.58,84.65832939884949,0
27000,3600,1400,3641.18,1411.75,1.2,0.0,42.82353208225574,-1.2,9999.0,0
27000,3600,1400,3797.29,1394.14,1.2,11.66,197.37700904613988,10.46,18.86969493748947,0
27000,3600,1400,3628.85,1208.39,1.2,9.44,193.76974634859783,8.24,23.51574591609197,0
27000,3600,1400,3547.97,1484.49,1.2,5.91,99.22540501303092,4.71,21.066964970919518,0
27000,3600,1400,3735.65,1406.8,1.2,6.24,135.82033168859522,5.04,26.94847850964191,0
27000,3600,1400,3768.18,1229.94,1.2,2.85,239.1754920555196,1.65,144.95484367001188,0
27000,3600,1400,3665.89,1414.21,1.2,7.12,67.40486777674136,5.92,11.385957394719824,0
27000,3600,1400,3508.11,1412.14,1.2,14.05,92.68846584122524,12.85,7.213110182196517,0
27000,3600,1400,3634.69,1418.14,1.2,5.96,39.14659244429849,4.76,8.22407404291985,0
27000,3600,1400,3639.32,1414.35,1.2,0.0,41.856718696047,-1.2,9999.0,0
27000,3600,1400,3579.42,1469.59,1.2,9.61,72.56930825080246,8.41,8.628930826492564,0
27000,3600,1400,3552.46,1472.42,1.2,9.83,86.62971776474865,8.63,10.038205998232751,0
28000,3600,1400,3644.07,1378.71,1.2,8.25,48.94312004766362,7.05,6.942286531583492,0
28000,3600,1400,3640.64,1410.24,1.2,0.04,41.91022786862403,-1.16,9999.0,0
28000,3600,1400,3724.83,1288.84,1.2,16.21,167.14985641633078,15.010000000000002,11.135899827870137,0
28000,3600,1400,4033.3,1288.39,1.2,13.71,447.4434959858062,12.510000000000002,35.76686618591576,0
28000,3600,1400,3911.87,1367.32,1.2,28.86,313.57754910069684,27.66,11.336860054255128,0
28000,3600,1400,3656.79,1399.6,1.2,10.27,56.79140868124329,9.07,6.261456304436967,0
28000,3600,1400,3545.77,1482.05,1.2,11.14,98.35189576210514,9.94,9.894556917716816,0
28000,3600,1400,3664.47,1383.21,1.2,7.27,66.62045481682014,6.069999999999999,10.975363231766087,0
28000,3600,1400,3606.1,1346.0,1.2,12.14,54.343444866883424,10.94,4.9674081231154865,0
28000,3600,1400,3681.98,1359.03,1.2,7.98,91.64748387162632,6.78,13.517328004664648,0
28000,3600,1400,3750.0,1247.56,1.2,19.33,213.86433456750103,18.13,11.7961574499449,0
28000,3600,1400,3816.24,1386.97,1.2,15.59,216.63221944115307,14.39,15.054358543513068,0
28000,3600,1400,3815.99,987.52,1.2,8.85,465.6086666933938,7.649999999999999,60.863877999136456,0
28000,3600,1400,3641.18,1411.75,1.2,0.0,42.82353208225574,-1.2,9999.0,0
28000,3600,1400,3783.77,1396.91,1.2,13.81,183.79597656096823,12.61,14.575414477475674,0
28000,3600,1400,3628.88,1219.61,1.2,11.23,182.6871820900417,10.03,18.214075981060986,0
28000,3600,1400,3543.37,1491.12,1.2,8.08,107.28378861692008,6.88,15.593573926877918,0
28000,3600,1400,3727.19,1408.54,1.2,8.75,127.47638094957048,7.55,16.88428886749278,0
28000,3600,1400,3763.05,1232.1,1.2,4.54,234.04211693624737,3.34,70.07249010067287,0
28000,3600,1400,3770.45,1226.32,1.2,0.0,243.34737496015848,-1.2,9999.0,0
28000,3600,1400,3584.82,1471.92,1.2,0.0,73.50454951906042,-1.2,9999.0,0
28000,3600,1400,3627.12,1412.2,1.2,0.0,29.737760507475933,-1.2,9999.0,1
28000,3600,1400,3674.51,1412.82,1.2,8.86,75.60484442150536,7.659999999999999,9.87008412813386,0
28000,3600,1400,3518.26,1421.99,1.2,14.14,84.64625035995373,12.94,6.54144129520508,0
28000,3600,1400,3635.5,1416.97,1.2,1.46,39.34756536305647,0.26,151.33678985790948,0
28000,3600,1400,3639.32,1414.35,1.2,0.0,41.856718696047,-1.2,9999.0,0
28000,3600,1400,3556.02,1467.76,1.2,5.87,80.7815449220922,4.67,17.297975358049722,0
29000,3600,1400,3641.8,1368.18,1.2,10.8,52.533345600675496,9.6,5.472223500070364,0
29000,3600,1400,3640.64,1410.24,1.2,0.0,41.91022786862403,-1.2,9999.0,0
29000,3600,1400,3734.4,1273.98,1.2,17.63,184.24006187580383,16.43,11.213637363104311,0
29000,3600,1400,4046.85,1285.57,1.2,13.84,461.2690618283432,12.64,36.492805524394235,0
29000,3600,1400,3939.4,1361.67,1.2,28.1,341.5575338065317,26.9,12.697306089462145,0
29000,3600,1400,3653.51,1404.31,1.2,6.24,53.68329535339669,5.04,10.651447490753311,0
29000,3600,1400,3549.73,1476.35,1.2,6.94,91.41332178626912,5.74,15.92566581642319,0
29000,3600,1400,3662.85,1385.45,1.2,2.77,64.51220814698554,1.57,41.09057843757041,0
29000,3600,1400,3615.65,1339.1,1.2,11.81,62.8787126140478,10.61,5.926363111597342,0
29000,3600,1400,3676.02,1367.25,1.2,10.16,82.77440969285131,8.96,9.238215367505726,0
29000,3600,1400,3761.11,1229.17,1.2,21.51,234.8176334945909,20.31,11.561675701358489,0
29000,3600,1400,3832.79,1383.57,1.2,16.9,233.3690832136939,15.7,14.864272816158847,0
29000,3600,1400,3818.2,997.6,1.2,10.36,457.752116324982,9.16,49.97293846342598,0
29000,3600,1400,3641.18,1411.75,1.2,0.0,42.82353208225574,-1.2,9999.0,0
29000,3600,1400,3768.38,1400.08,1.2,15.71,168.3800190046314,14.510000000000002,11.604412060967014,0
29000,3600,1400,3629.88,1232.78,1.2,13.2,169.86860451537245,12.0,14.155717042947705,0
29000,3600,1400,3537.64,1499.38,1.2,10.05,117.3249930747922,8.850000000000001,13.257061364383297,0
29000,3600,1400,3716.37,1410.76,1.2,11.19,116.86639593997914,9.99,11.698337931929844,0
29000,3600,1400,3759.91,1237.12,1.2,5.91,228.25665926758847,4.71,48.46213572560265,0
29000,3600,1400,3769.56,1227.74,1.2,1.68,241.7107800657637,0.48,503.5641251370077,0
29000,3600,1400,3587.56,1473.58,1.2,0.0,74.62419178791815,-1.2,9999.0,0
29000,3600,1400,3628.51,1410.18,1.2,2.39,30.27296648827157,1.1900000000000002,25.439467637203,0
29000,3600,1400,3593.18,1361.28,1.2,0.0,39.31603744021013,-1.2,9999.0,0
29000,3600,1400,3685.21,1410.63,1.2,11.08,85.87048969232683,9.88,8.691345110559395,0
29000,3600,1400,3527.63,1431.08,1.2,13.06,78.76155978648454,11.86,6.640940960074582,0
29000,3600,1400,3635.64,1416.76,1.2,0.26,39.38409831391333,-0.94,9999.0,0
29000,3600,1400,3639.32,1414.35,1.2,0.0,41.856718696047,-1.2,9999.0,0
29000,3600,1400,3561.35,1464.03,1.2,6.58,74.790797562267,5.38,13.90163523462212,0
30000,3600,1400,3639.92,1356.18,1.2,12.14,59.27730425719442,10.94,5.418400754770971,0
30000,3600,1400,3640.64,1410.24,1.2,0.0,41.91022786862403,-1.2,9999.0,0
30000,3600,1400,3744.14,1257.56,1.2,19.08,202.64622671049165,17.88,11.33368158336083,0
30000,3600,1400,4059.96,1282.9,1.2,13.38,474.63208024742704,12.18,38.968151087637686,0
30000,3600,1400,3967.54,1355.89,1.2,28.74,370.1774489349668,27.54,13.441446947529657,0
30000,3600,1400,3653.31,1406.41,1.2,2.28,53.69398662792692,1.0799999999999998,49.71665428511752,0
30000,3600,1400,3553.61,1470.76,1.2,6.82,84.61093132686808,5.62,15.055325858873324,0
30000,3600,1400,3662.78,1385.55,1.2,0.11,64.42150960665255,-1.09,9999.0,0
30000,3600,1400,3623.8,1335.07,1.2,9.12,69.1545002150982,7.919999999999999,8.731628815037652,0
30000,3600,1400,3670.66,1374.66,1.2,9.14,75.06631201810819,7.94,9.454195468275591,0
30000,3600,1400,3773.78,1208.87,1.2,23.93,258.3218250554918,22.73,11.364796526858415,0
30000,3600,1400,3851.43,1379.74,1.2,19.02,252.2449454399432,17.82,14.15515967676449,0
30000,3600,1400,3820.75,1009.23,1.2,11.95,448.8114920542922,10.75,41.74990623760858,0
30000,3600,1400,3641.18,1411.75,1.2,0.0,42.82353208225574,-1.2,9999.0,0
30000,3600,1400,3751.1,1403.63,1.2,17.64,151.1435969533608,16.44,9.19364944971781,0
30000,3600,1400,3631.11,1245.92,1.2,13.2,157.18930784248647,12.0,13.099108986873873,0
30000,3600,1400,3531.13,1509.07,1.2,11.68,128.99357270810034,10.48,12.308547014131712,0
30000,3600,1400,3703.18,1413.47,1.2,13.65,104.05552988669064,12.45,8.357873886481176,0
30000,3600,1400,3756.02,1243.62,1.2,7.58,220.9003051152262,6.38,34.623872275113825,0
30000,3600,1400,3767.49,1231.05,1.2,3.9,237.90124547803435,2.7,88.11157239927198,0
30000,3600,1400,3590.42,1472.77,1.2,2.49,73.39788348447111,1.2900000000000005,56.89758409648921,0
30000,3600,1400,3630.95,1405.87,1.2,4.56,31.501736460074508,3.3599999999999994,9.375516803593605,0
30000,3600,1400,3593.92,1359.73,1.2,1.72,40.7263956175844,0.52,78.31999157227769,0
30000,3600,1400,3697.89,1408.02,1.2,13.13,98.21798460567176,11.93,8.232857049930574,0
30000,3600,1400,3649.86,1382.87,1.2,0.0,52.72055102139977,-1.2,9999.0,0
30000,3600,1400,3537.38,1440.72,1.2,13.72,74.69526624893969,12.52,5.966075578988793,0
30000,3600,1400,3635.66,1416.73,1.2,0.03,39.38944655615245,-1.17,9999.0,0
30000,3600,1400,3639.32,1414.35,1.2,0.0,41.856718696047,-1.2,9999.0,0
30000,3600,1400,3567.84,1463.06,1.2,6.72,70.78721070927985,5.52,12.823770056028959,0
31000,3600,1400,3638.32,1346.21,1.2,10.1,66.04382257259198,8.9,7.4206542216395475,0
31000,3600,1400,3640.64,1410.24,1.2,0.0,41.91022786862403,-1.2,9999.0,0
31000,3600,1400,3754.82,1239.35,1.2,21.12,223.1090650332256,19.92,11.200254268736224,0
31000,3600,1400,4073.27,1280.39,1.2,13.55,488.1506376109735,12.35,39.526367417892594,0
31000,3600,1400,3991.84,1350.89,1.2,24.8,394.9055300954902,23.6,16.73328517353772,0
31000,3600,1400,3653.29,1406.81,1.2,0.44,53.72336735536963,-0.76,9999.0,0
31000,3600,1400,3557.2,1466.61,1.2,5.5,79.17532507037784,4.3,18.412866295436707,0
31000,3600,1400,3662.76,1385.57,1.2,0.03,64.39753489070858,-1.17,9999.0,0
31000,3600,1400,3628.93,1333.37,1.2,5.41,72.63953331347885,4.21,17.254045917690938,0
31000,3600,1400,3667.88,1378.5,1.2,4.74,71.20354204672697,3.54,20.113994928453945,0
31000,3600,1400,3787.51,1186.72,1.2,25.95,283.98654633626586,24.75,11.474203892374378,0
31000,3600,1400,3872.11,1375.49,1.2,21.12,273.2116253017065,19.92,13.715443037234259,0
31000,3600,1400,3823.68,1022.57,1.2,13.72,438.7324324688111,12.52,35.04252655501686,0
31000,3600,1400,3641.18,1411.75,1.2,0.0,42.82353208225574,-1.2,9999.0,0
31000,3600,1400,3732.04,1407.54,1.2,19.5,132.25510651766905,18.3,7.227055000965522,0
31000,3600,1400,3633.03,1258.6,1.2,12.83,145.20654565135845,11.63,12.485515533220847,0
31000,3600,1400,3524.92,1518.81,1.2,11.55,140.54473487114333,10.35,13.579201436825443,0
31000,3600,1400,3687.85,1416.62,1.2,15.86,89.40831560878429,14.66,6.098793697734263,0
31000,3600,1400,3751.08,1252.06,1.2,9.77,211.4507271210009,8.57,24.673363724737563,0
31000,3600,1400,3764.58,1235.69,1.2,5.48,232.5604276311857,4.28,54.33654851195927,0
31000,3600,1400,3594.96,1471.25,1.2,3.83,71.42803441226701,2.63,27.158948445728903,0
31000,3600,1400,3634.51,1400.1,1.2,6.29,34.5101448852365,5.09,6.779989171952161,0
31000,3600,1400,3596.22,1356.6,1.2,3.91,43.56430189960594,2.71,16.07538815483614,0
31000,3600,1400,3712.09,1405.11,1.2,14.69,112.20641782001611,13.49,8.317747799852937,0
31000,3600,1400,3649.67,1384.8,1.2,1.99,51.94370895498327,0.79,65.75153032276363,0
31000,3600,1400,3563.04,1685.27,1.2,0.0,287.6543316204364,-1.2,9999.0,0
31000,3600,1400,3547.13,1450.49,1.2,13.8,73.10592999203273,12.6,5.802057935875614,0
31000,3600,1400,3635.66,1416.73,1.2,0.0,39.38944655615245,-1.2,9999.0,0
31000,3600,1400,3639.32,1414.35,1.2,0.0,41.856718696047,-1.2,9999.0,0
31000,3600,1400,3574.28,1466.31,1.2,7.3,71.12337520112486,6.1,11.659569705102436,0
32000,3600,1400,3637.38,1340.41,1.2,5.88,70.34367420031455,4.68,15.030699615451828,0
32000,3600,1400,3640.64,1410.24,1.2,0.0,41.91022786862403,-1.2,9999.0,0
32000,3600,1400,3767.24,1219.38,1.2,23.54,246.15605212953807,22.34,11.018623640534381,0
32000,3600,1400,4086.97,1280.34,1.2,13.84,501.4561760513074,12.64,39.67216582684394,0
32000,3600,1400,4011.85,1346.78,1.2,20.43,415.27435617914085,19.23,21.595130326528384,0
32000,3600,1400,3656.54,1407.89,1.2,0.24,57.087859479927936,-0.96,9999.0,0
32000,3600,1400,3563.66,1463.29,1.2,7.38,72.98095436482046,6.18,11.809215916637616,0
32000,3600,1400,3662.76,1385.58,1.2,0.01,64.39529485917453,-1.19,9999.0,0
32000,3600,1400,3635.32,1333.01,1.2,6.54,75.73085566663045,5.34,14.18180817727162,0
32000,3600,1400,3669.79,1381.33,1.2,1.17,72.24412086806785,-0.03,9999.0,0
32000,3600,1400,3801.09,1164.83,1.2,25.66,309.4222309401832,24.46,12.650132090767915,0
32000,3600,1400,3894.96,1370.79,1.2,23.33,296.4028098719714,22.13,13.393710342158672,0
32000,3600,1400,3826.91,1037.3,1.2,15.14,427.8310859439739,13.94,30.690895691820224,0
32000,3600,1400,3641.18,1411.75,1.2,0.0,42.82353208225574,-1.2,9999.0,0
32000,3600,1400,3712.09,1411.64,1.2,20.64,112.69275797494724,19.44,5.796952570727738,0
32000,3600,1400,3634.87,1271.61,1.2,13.13,133.04100495711845,11.93,11.151802594896768,0
32000,3600,1400,3518.29,1529.23,1.2,12.35,152.89511764605177,11.15,13.712566605027064,0
32000,3600,1400,3674.83,1419.29,1.2,13.46,77.2763417871213,12.260000000000002,6.303127388835342,0
32000,3600,1400,3745.16,1262.15,1.2,11.69,200.18503465544052,10.49,19.083416077735034,0
32000,3600,1400,3760.46,1242.4,1.2,7.88,224.91147502962136,6.68,33.669382489464276,0
32000,3600,1400,3600.91,1468.16,1.2,5.89,68.16607440655514,4.69,14.534344223146084,0
32000,3600,1400,3642.64,1396.9,1.2,7.71,42.75253910588222,6.51,6.567210308123229,0
32000,3600,1400,3600.36,1351.71,1.2,6.41,48.2913418740875,5.21,9.268971568922744,0
32000,3600,1400,3727.77,1401.89,1.2,16.23,127.78397786890184,15.03,8.501928001922945,0
32000,3600,1400,3646.88,1384.2,1.2,3.36,49.470945008156136,2.16,22.903215281553766,0
32000,3600,1400,3563.6,1682.9,1.2,2.43,285.2321335333732,1.2300000000000002,231.89604352306762,0
32000,3600,1400,3730.07,1411.22,1.2,0.0,130.55302868949477,-1.2,9999.0,0
32000,3600,1400,3635.66,1416.73,1.2,0.0,39.38944655615245,-1.2,9999.0,0
32000,3600,1400,3639.32,1414.35,1.2,0.0,41.856718696047,-1.2,9999.0,0
32000,3600,1400,3579.46,1469.61,1.2,6.14,72.57715687459783,4.94,14.691732160849762,0
33000,3600,1400,3634.34,1336.17,1.2,5.54,72.4810630440807,4.34,16.700705770525506,0
33000,3600,1400,3640.64,1410.24,1.2,0.0,41.91022786862403,-1.2,9999.0,0
33000,3600,1400,3780.47,1198.08,1.2,25.02,270.81563341136706,23.82,11.369254131459574,0
33000,3600,1400,4096.6,1288.42,1.2,13.27,508.9809980736023,12.07,42.16909677494633,0
33000,3600,1400,4028.27,1343.42,1.2,16.76,431.99130697272136,15.560000000000002,27.762937466113193,0
33000,3600,1400,3656.94,1410.52,1.2,2.67,57.90366136955422,1.47,39.390245829628725,0
33000,3600,1400,3571.35,1464.44,1.2,8.1,70.52188383757209,6.9,10.220562875010447,0
33000,3600,1400,3662.76,1385.58,1.2,0.0,64.39529485917453,-1.2,9999.0,0
33000,3600,1400,3639.66,1337.11,1.2,6.29,74.35097645626452,5.09,14.60726452971798,0
33000,3600,1400,3667.87,1383.97,1.2,3.27,69.73734867343312,2.0700000000000003,33.68954042194836,0
33000,3600,1400,3814.58,1143.27,1.2,25.33,334.59657694005176,24.13,13.866414295070525,0
33000,3600,1400,3919.92,1365.67,1.2,25.47,321.7566709487156,24.27,13.2573824041498,0
33000,3600,1400,3830.5,1053.69,1.2,16.84,416.0058486367709,15.64,26.59883942690351,0
33000,3600,1400,3641.18,1411.75,1.2,0.0,42.82353208225574,-1.2,9999.0,0
33000,3600,1400,3695.83,1414.98,1.2,16.82,96.9937590775818,15.62,6.20958764901292,0
33000,3600,1400,3636.19,1285.06,1.2,13.52,120.50277880613382,12.32,9.781069708290083,0
33000,3600,1400,3511.87,1539.31,1.2,11.95,164.8459068342311,10.75,15.334502961323823,0
33000,3600,1400,3665.12,1420.74,1.2,9.97,68.34297330377122,8.770000000000001,7.7928133755725435,0
33000,3600,1400,3737.9,1274.41,1.2,14.25,186.51878752554663,13.05,14.29262739659361,0
33000,3600,1400,3755.45,1250.92,1.2,9.89,215.38233191234588,8.690000000000001,24.785078470925875,0
33000,3600,1400,3605.09,1461.96,1.2,7.47,62.16871962651319,6.27,9.915266288120126,0
33000,3600,1400,3649.85,1392.79,1.2,9.85,50.36870655476465,8.65,5.822971856042156,0
33000,3600,1400,3605.85,1346.25,1.2,7.74,54.06741162659813,6.54,8.267188322109806,0
33000,3600,1400,3644.43,1379.81,1.2,5.05,48.802264291731255,3.85,12.67591280304708,0
33000,3600,1400,3564.65,1678.47,1.2,4.55,280.70476198312,3.35,83.79246626361791,0
33000,3600,1400,3728.74,1411.49,1.2,1.34,129.2517222322393,0.1400000000000001,923.2265873731372,0
33000,3600,1400,3635.66,1320.49,1.2,0.0,87.140551409777,-1.2,9999.0,0
33000,3600,1400,3635.66,1416.73,1.2,0.0,39.38944655615245,-1.2,9999.0,0
33000,3600,1400,3639.32,1414.35,1.2,0.0,41.856718696047,-1.2,9999.0,0
33000,3600,1400,3583.06,1472.07,1.2,4.37,74.0341036279902,3.17,23.354606822709844,0
34000,3600,1400,3628.17,1336.99,1.2,6.37,69.02035207096529,5.17,13.350164810631584,0
34000,3600,1400,3640.64,1410.24,1.2,0.0,41.91022786862403,-1.2,9999.0,0
34000,3600,1400,3794.93,1174.77,1.2,27.32,297.8695315066648,26.12,11.40388711740677,0
34000,3600,1400,4100.49,1301.98,1.2,14.15,509.99819656543866,12.95,39.382100120883294,0
34000,3600,1400,4040.29,1340.98,1.2,12.26,444.2281446509214,11.06,40.16529336807608,0
34000,3600,1400,3660.17,1413.99,1.2,4.98,61.77498684742886,3.78,16.34258911307642,0
34000,3600,1400,3575.4,1467.02,1.2,4.81,71.39215923334994,3.61,19.776221394279762,0
34000,3600,1400,3662.76,1385.58,1.2,0.0,64.39529485917453,-1.2,9999.0,0
34000,3600,1400,3641.11,1343.35,1.2,6.42,69.9946755117846,5.22,13.408941668924255,0
34000,3600,1400,3664.49,1388.65,1.2,5.77,65.48116217661358,4.569999999999999,14.328481876720698,0
34000,3600,1400,3825.73,1120.12,1.2,25.73,359.5648026434179,24.53,14.65816561938108,0
34000,3600,1400,3946.39,1360.23,1.2,27.03,348.66557759549465,25.83,13.498473774506182,0
34000,3600,1400,3832.45,1072.27,1.2,18.8,401.79591262231617,17.6,22.829313217177052,0
34000,3600,1400,3641.18,1411.75,1.2,0.0,42.82353208225574,-1.2,9999.0,0
34000,3600,1400,3682.62,1417.69,1.2,13.67,84.49260618539343,12.47,6.7756701030788635,0
34000,3600,1400,3637.2,1297.77,1.2,12.75,108.78792626022424,11.55,9.418868074478288,0
34000,3600,1400,3505.72,1548.95,1.2,11.44,176.28051764162723,10.24,17.21489430094016,0
34000,3600,1400,3659.76,1420.55,1.2,5.47,63.19462081538289,4.27,14.799677005944472,0
34000,3600,1400,3729.36,1287.76,1.2,15.92,171.26537069705608,14.72,11.634875726702179,0
34000,3600,1400,3749.53,1261.02,1.2,11.71,204.14372706502655,10.510000000000002,19.42376090057341,0
34000,3600,1400,3610.31,1454.23,1.2,9.33,55.201349621182274,8.13,6.789833901744436,0
34000,3600,1400,3656.5,1383.33,1.2,11.5,58.907884871212296,10.3,5.719212123418669,0
34000,3600,1400,3614.05,1339.98,1.2,10.33,61.6425413168536,9.13,6.751647460772574,0
34000,3600,1400,3642.61,1373.52,1.2,6.55,50.167743620777,5.35,9.37714834033215,0
34000,3600,1400,3566.12,1672.3,1.2,6.35,274.3996071425759,5.15,53.28147711506328,0
34000,3600,1400,3725.43,1408.9,1.2,2.94,125.74535736956636,1.74,72.2674467641186,0
34000,3600,1400,3635.57,1319.15,1.2,1.34,88.32863295670322,0.1400000000000001,630.918806833594,0
34000,3600,1400,3554.72,1474.77,1.2,0.0,87.41184873917274,-1.2,9999.0,0
34000,3600,1400,3635.66,1416.73,1.2,0.0,39.38944655615245,-1.2,9999.0,0
34000,3600,1400,3639.32,1414.35,1.2,0.0,41.856718696047,-1.2,9999.0,0
34000,3600,1400,3586.2,1473.82,1.2,3.62,75.09881756725598,2.42,31.032569242667762,0
35000,3600,1400,3620.42,1340.12,1.2,8.39,63.26603196028668,7.19,8.799169952751972,0
35000,3600,1400,3640.64,1410.24,1.2,0.0,41.91022786862403,-1.2,9999.0,0
35000,3600,1400,3810.55,1149.71,1.2,29.41,327.0724485492473,28.21,11.59420235906584,0
35000,3600,1400,4103.61,1315.43,1.2,13.81,510.6614504737945,12.61,40.4965464293255,0
35000,3600,1400,4047.9,1339.43,1.2,7.76,451.9769185478392,6.56,68.89892051034134,0
35000,3600,1400,3667.18,1414.07,1.2,7.18,68.6375793570838,5.98,11.477856079779897,0
35000,3600,1400,3578.68,1469.11,1.2,3.89,72.32381696232572,2.6900000000000004,26.886177309414762,0
35000,3600,1400,3662.76,1385.58,1.2,0.0,64.39529485917453,-1.2,9999.0,0
35000,3600,1400,3642.34,1351.08,1.2,7.82,64.69808343374648,6.62,9.773124385762307,0
35000,3600,1400,3659.88,1395.22,1.2,8.07,60.07048193580615,6.87,8.743883833450676,0
35000,3600,1400,3829.61,1095.15,1.2,25.18,381.6467929905871,23.98,15.915212384928568,0
35000,3600,1400,3972.65,1354.84,1.2,26.81,375.376408555466,25.61,14.657415406304803,0
35000,3600,1400,3832.84,1092.85,1.2,20.67,385.42909607345433,19.47,19.796050132175363,0
35000,3600,1400,3641.18,1411.75,1.2,0.0,42.82353208225574,-1.2,9999.0,0
35000,3600,1400,3673.69,1419.52,1.2,9.23,76.23153218977045,8.030000000000001,9.493341493122097,0
35000,3600,1400,3638.15,1310.65,1.2,12.92,97.15371840542178,11.72,8.289566416844862,0
35000,3600,1400,3499.54,1558.66,1.2,11.5,187.7903277594457,10.3,18.232070656256862,0
35000,3600,1400,3657.72,1419.51,1.2,2.55,60.92814210198746,1.35,45.1319571125833,0
35000,3600,1400,3719.83,1302.34,1.2,17.42,154.58558956125245,16.220000000000002,9.530554226957609,0
35000,3600,1400,3742.52,1272.98,1.2,13.87,190.9084356438971,12.67,15.067753405201033,0
35000,3600,1400,3616.94,1444.41,1.2,11.84,47.53116556534259,10.64,4.467214808772799,0
35000,3600,1400,3664.44,1372.34,1.2,13.56,70.12552459696833,12.36,5.673586132440804,0
35000,3600,1400,3622.13,1335.62,1.2,9.19,68.07731854296274,7.989999999999999,8.5203152118852,0
35000,3600,1400,3641.33,1365.08,1.2,8.54,54.10707255063795,7.339999999999999,7.3715357698416835,0
35000,3600,1400,3568.17,1663.64,1.2,8.9,265.55451135313075,7.7,34.48759887702997,0
35000,3600,1400,3720.41,1409.93,1.2,5.19,120.8187609603739,3.99,30.280391218138817,0
35000,3600,1400,3635.34,1316.03,1.2,3.13,91.1036579946163,1.93,47.203967872858186,0
35000,3600,1400,3553.59,1476.4,1.2,1.98,89.39154378351456,0.78,114.60454331219816,0
35000,3600,1400,3640.83,1397.22,1.2,0.0,40.92453176274585,-1.2,9999.0,0
35000,3600,1400,3635.66,1416.73,1.2,0.0,39.38944655615245,-1.2,9999.0,0
35000,3600,1400,3639.32,1414.35,1.2,0.0,41.856718696047,-1.2,9999.0,0
35000,3600,1400,3588.0,1470.26,1.2,4.77,71.27739894244176,3.5699999999999994,19.965657967070527,0
36000,3600,1400,3611.89,1345.58,1.2,10.15,55.70375660581614,8.950000000000001,6.2238834196442605,0
36000,3600,1400,3640.64,1410.24,1.2,0.0,41.91022786862403,-1.2,9999.0,0
36000,3600,1400,3824.29,1124.08,1.2,29.11,355.581004132673,27.91,12.74027245190516,0
36000,3600,1400,4105.59,1325.4,1.2,10.17,511.0639960905093,8.97,56.974804469399025,0
36000,3600,1400,4051.04,1339.36,1.2,3.26,455.0981116199012,2.06,220.92141340771903,0
36000,3600,1400,3675.72,1412.57,1.2,8.8,76.75625902817286,7.6,10.099507766864852,0
36000,3600,1400,3582.86,1471.93,1.2,5.05,73.94392808067478,3.85,19.206215085889554,0
36000,3600,1400,3662.76,1385.58,1.2,0.0,64.39529485917453,-1.2,9999.0,0
36000,3600,1400,3643.98,1361.28,1.2,10.33,58.59589405410591,9.13,6.417951155980932,0
36000,3600,1400,3655.81,1403.21,1.2,9.52,55.902237880070544,8.32,6.719018975970017,0
36000,3600,1400,3829.08,1069.72,1.2,25.35,401.9484106200695,24.15,16.643826526710953,0
36000,3600,1400,3995.22,1350.2,1.2,23.05,398.3451874944642,21.85,18.230901029494927,0
36000,3600,1400,3829.74,1115.64,1.2,23.12,365.5695244409739,21.92,16.67744180843859,0
36000,3600,1400,3641.18,1411.75,1.2,0.0,42.82353208225574,-1.2,9999.0,0
36000,3600,1400,3667.02,1420.52,1.2,6.84,70.09101796949447,5.64,12.427485455584128,0
36000,3600,1400,3639.06,1322.97,1.2,12.35,86.36726521084242,11.15,7.745943068236988,0
36000,3600,1400,3493.38,1568.33,1.2,11.47,199.25564810062463,10.27,19.40171841291379,0
36000,3600,1400,3658.12,1417.58,1.2,2.34,60.72059617625625,1.14,53.263680856365134,0
36000,3600,1400,3710.32,1316.89,1.2,17.38,138.12231716851562,16.18,8.536607983220991,0
36000,3600,1400,3733.77,1286.86,1.2,16.34,175.20009275111704,15.14,11.572000842213807,0
36000,3600,1400,3623.97,1433.99,1.2,12.58,41.59183814163532,11.38,3.6548188173668996,0
36000,3600,1400,3673.7,1359.55,1.2,15.79,84.0707588879747,14.59,5.76221788128682,0
36000,3600,1400,3627.51,1333.84,1.2,5.67,71.65155755459907,4.47,16.029431220268247,0
36000,3600,1400,3639.67,1354.61,1.2,10.6,60.28234401547451,9.4,6.41301532079516,0
36000,3600,1400,3571.05,1653.24,1.2,10.81,254.8893879705469,9.61,26.52334942461466,0
36000,3600,1400,3713.66,1411.32,1.2,6.98,114.22231830951412,5.78,19.761646766351923,0
36000,3600,1400,3634.95,1310.82,1.2,5.22,95.78400127369912,4.02,23.82686598848237,0
36000,3600,1400,3551.66,1479.18,1.2,3.39,92.76975800334948,2.1900000000000004,42.36062009285364,0
36000,3600,1400,3642.39,1396.94,1.2,1.8,42.50030235186556,0.6000000000000001,70.83383725310925,0
36000,3600,1400,3928.85,1314.1,1.2,0.0,339.8839985936377,-1.2,9999.0,0
36000,3600,1400,3635.66,1416.73,1.2,0.0,39.38944655615245,-1.2,9999.0,0
36000,3600,1400,3639.32,1414.35,1.2,0.0,41.856718696047,-1.2,9999.0,0
36000,3600,1400,3591.94,1464.3,1.2,7.14,64.80319127944236,5.94,10.909628161522281,0
37000,3600,1400,3603.29,1353.3,1.2,11.58,46.81574628263448,10.38,4.510187503143976,0
37000,3600,1400,3640.64,1410.24,1.2,0.0,41.91022786862403,-1.2,9999.0,0
37000,3600,1400,3829.52,1095.88,1.2,28.64,381.0097174613791,27.44,13.885193785035682,0
37000,3600,1400,4106.61,1331.29,1.2,5.98,511.2482334443804,4.78,106.95569737330133,0
37000,3600,1400,4051.1,1341.79,1.2,3.21,454.8402072156769,2.01,226.28866030630695,0
37000,3600,1400,3685.73,1410.52,1.2,10.36,86.37304730064815,9.16,9.429371976053291,0
37000,3600,1400,3586.73,1473.99,1.2,4.42,75.17055939661485,3.22,23.344894222551194,0
37000,3600,1400,3662.76,1385.58,1.2,0.0,64.39529485917453,-1.2,9999.0,0
37000,3600,1400,3645.79,1373.09,1.2,11.95,53.11188379261275,10.75,4.940640352801186,0
37000,3600,1400,3825.29,1044.89,1.2,25.09,420.5457123785712,23.89,17.60342035908628,0
37000,3600,1400,4013.4,1346.46,1.2,18.56,416.85260176709954,17.36,24.01224664557025,0
37000,3600,1400,3821.02,1139.03,1.2,25.28,341.9871069207142,24.08,14.202122380428332,0
37000,3600,1400,3641.18,1411.75,1.2,0.0,42.82353208225574,-1.2,9999.0,0
37000,3600,1400,3663.55,1420.91,1.2,3.54,66.90164870913142,2.34,28.59044816629548,0
37000,3600,1400,3640.14,1335.2,1.2,12.28,76.2250588717384,11.08,6.879517948712852,0
37000,3600,1400,3487.37,1577.69,1.2,11.13,210.3788321100772,9.93,21.18618651662409,0
37000,3600,1400,3660.93,1417.47,1.2,2.83,63.38505975385667,1.63,38.88653972629244,0
37000,3600,1400,3702.61,1328.68,1.2,14.08,124.96141204387864,12.88,9.701972984773185,0
37000,3600,1400,3723.7,1302.26,1.2,18.39,157.65404403312957,17.19,9.171264923393226,0
37000,3600,1400,3628.51,1427.28,1.2,8.1,39.45907373469392,6.9,5.718706338361438,0
37000,3600,1400,3684.33,1344.59,1.2,18.38,100.90498996580892,17.18,5.873398717451043,0
37000,3600,1400,3629.75,1333.1,1.2,2.36,73.21661355184364,1.16,63.117770303313485,0
37000,3600,1400,3637.9,1343.6,1.2,11.15,67.9512325127368,9.95,6.82926959927003,0
37000,3600,1400,3577.08,1641.49,1.2,13.26,242.57523884353904,12.06,20.11403307160357,0
37000,3600,1400,3704.89,1413.12,1.2,9.08,105.70736256287908,7.88,13.414639919147092,0
37000,3600,1400,3634.45,1304.1,1.2,6.74,101.90001226692765,5.54,18.39350401930102,0
37000,3600,1400,3548.97,1483.06,1.2,4.72,97.48345757101566,3.52,27.694164082674906,0
37000,3600,1400,3645.22,1396.61,1.2,3.26,45.34689074236493,2.06,22.013053758429574,0
37000,3600,1400,3926.35,1314.63,1.2,2.56,337.3312309881786,1.36,248.03766984424897,0
37000,3600,1400,3635.66,1416.73,1.2,0.0,39.38944655615245,-1.2,9999.0,0
37000,3600,1400,3639.32,1414.35,1.2,0.0,41.856718696047,-1.2,9999.0,0
37000,3600,1400,3596.82,1457.07,1.2,8.73,57.158527797696046,7.53,7.590773943917137,0
38000,3600,1400,3595.45,1363.98,1.2,13.34,36.30623775606611,12.14,2.990629139708905,0
38000,3600,1400,3640.64,1410.24,1.2,0.0,41.91022786862403,-1.2,9999.0,0
38000,3600,1400,3829.02,1068.84,1.2,26.96,402.6376857672416,25.76,15.630344944380495,0
38000,3600,1400,4104.38,1332.86,1.2,3.39,508.8290125376108,2.1900000000000004,232.3420148573565,0
38000,3600,1400,4047.89,1342.7,1.2,3.4,451.5404102624702,2.2,205.2456410283955,0
38000,3600,1400,3698.1,1407.98,1.2,12.81,98.42403365032337,11.61,8.477522278236293,0
38000,3600,1400,3591.27,1471.0,1.2,5.43,71.53469717556649,4.23,16.9112759280299,0
38000,3600,1400,3662.76,1385.58,1.2,0.0,64.39529485917453,-1.2,9999.0,0
38000,3600,1400,3648.08,1380.16,1.2,7.45,52.01261385471788,6.25,8.322018216754861,0
38000,3600,1400,3820.2,1021.7,1.2,23.65,437.7201503243824,22.45,19.49755680732216,0
38000,3600,1400,4027.93,1343.49,1.2,14.83,431.64506831423415,13.63,31.66875042657624,0
38000,3600,1400,3806.92,1161.55,1.2,26.67,315.71235151637643,25.47,12.395459423493381,0
38000,3600,1400,3641.18,1411.75,1.2,0.0,42.82353208225574,-1.2,9999.0,0
38000,3600,1400,3659.54,1420.53,1.2,4.09,62.98009606216868,2.89,21.792420782757326,0
38000,3600,1400,3641.75,1347.38,1.2,12.3,67.17087836257606,11.1,6.05143048311496,0
38000,3600,1400,3480.79,1587.68,1.2,11.97,222.3393948449083,10.77,20.64432635514469,0
38000,3600,1400,3665.84,1417.44,1.2,4.88,68.11063940384074,3.68,18.508325924956722,0
38000,3600,1400,3697.37,1336.7,1.2,9.58,116.13701778502826,8.38,13.858832671244421,0
38000,3600,1400,3714.35,1316.58,1.2,17.1,141.54440610635234,15.900000000000002,8.902163906059894,0
38000,3600,1400,3630.96,1423.64,1.2,4.37,38.95344914125073,3.17,12.288154303233668,0
38000,3600,1400,3695.27,1328.21,1.2,19.75,119.29030555749276,18.55,6.43074423490527,0
38000,3600,1400,3633.51,1332.69,1.2,3.79,75.19013366127238,2.59,29.030939637556905,0
38000,3600,1400,3635.55,1336.75,1.2,7.4,72.55594393294055,6.2,11.702571602087184,0
38000,3600,1400,3589.11,1631.68,1.2,15.62,231.93579822873403,14.42,16.084313330702777,0
38000,3600,1400,3693.65,1415.43,1.2,11.63,94.91263035023326,10.43,9.09996455898689,0
38000,3600,1400,3633.86,1296.08,1.2,8.04,109.29714543390428,6.839999999999999,15.97911482951817,0
38000,3600,1400,3545.21,1488.47,1.2,6.59,104.06192867711036,5.39,19.30648027404645,0
38000,3600,1400,3649.17,1393.63,1.2,5.81,49.58090156501802,4.609999999999999,10.755076261392196,0
38000,3600,1400,3921.45,1315.68,1.2,5.02,332.3250891822642,3.82,86.99609664457178,0
38000,3600,1400,3584.82,1471.92,1.2,0.0,73.50454951906042,-1.2,9999.0,0
38000,3600,1400,3666.08,1414.19,1.2,0.0,67.5864076571613,-1.2,9999.0,0
38000,3600,1400,3635.66,1416.73,1.2,0.0,39.38944655615245,-1.2,9999.0,0
38000,3600,1400,3639.32,1414.35,1.2,0.0,41.856718696047,-1.2,9999.0,0
38000,3600,1400,3602.97,1447.95,1.2,11.0,48.04189213592657,9.8,4.902233891421078,0
39000,3600,1400,3591.09,1376.89,1.2,13.72,24.76812871413569,12.52,1.978285041065151,1
39000,3600,1400,3640.64,1410.24,1.2,0.0,41.91022786862403,-1.2,9999.0,0
39000,3600,1400,3824.93,1043.25,1.2,25.88,421.7393358462072,24.68,17.088303721483275,0
39000,3600,1400,4103.14,1330.07,1.2,3.19,507.9764408907173,1.99,255.26454316116448,0
39000,3600,1400,4042.9,1343.72,1.2,5.1,446.4614747097448,3.9,114.47730120762687,0
39000,3600,1400,3712.11,1408.37,1.2,14.46,112.4220129689912,13.260000000000002,8.47828152104006,0
39000,3600,1400,3598.0,1466.74,1.2,7.29,66.76996031150536,6.09,10.963868688260321,0
39000,3600,1400,3662.76,1385.58,1.2,0.0,64.39529485917453,-1.2,9999.0,0
39000,3600,1400,3652.69,1387.25,1.2,8.47,54.21068713823876,7.27,7.456765768671081,0
39000,3600,1400,3815.82,1001.72,1.2,20.37,452.99583971599566,19.17,23.630455905894397,0
39000,3600,1400,4039.11,1341.22,1.2,11.41,443.0267266204152,10.21,43.39145216654409,0
39000,3600,1400,3792.83,1184.23,1.2,26.81,289.37882057953027,25.61,11.299446332664205,0
39000,3600,1400,3641.18,1411.75,1.2,0.0,42.82353208225574,-1.2,9999.0,0
39000,3600,1400,3658.45,1420.39,1.2,1.11,61.90439887439327,-0.0899999999999998,9999.0,0
39000,3600,1400,3643.84,1360.42,1.2,13.2,59.063711363238994,12.0,4.921975946936583,0
39000,3600,1400,3474.54,1597.15,1.2,11.35,233.68426155819745,10.15,23.023079956472653,0
39000,3600,1400,3672.57,1416.49,1.2,6.7,74.41992340764685,5.5,13.530895165026699,0
39000,3600,1400,3694.59,1340.95,1.2,5.08,111.50861222345124,3.88,28.739333047281246,0
39000,3600,1400,3707.45,1327.12,1.2,12.6,129.83449811201942,11.4,11.388991062457844,0
39000,3600,1400,3631.52,1422.81,1.2,0.99,38.90766633968165,-0.2099999999999999,9999.0,0
39000,3600,1400,3707.14,1310.05,1.2,21.69,139.89275213534108,20.49,6.827367112510546,0
39000,3600,1400,3638.65,1335.35,1.2,6.1,75.32227426200046,4.9,15.371892706530705,0
39000,3600,1400,3628.71,1336.81,1.2,7.18,69.40634120885504,5.98,11.60641157338713,0
39000,3600,1400,3603.22,1627.26,1.2,14.89,227.28281061268137,13.69,16.602104500561094,0
39000,3600,1400,3681.56,1417.91,1.2,12.5,83.50330352746526,11.3,7.389672878536748,0
39000,3600,1400,3633.07,1286.17,1.2,9.94,118.5364661190808,8.74,13.562524727583614,0
39000,3600,1400,3540.7,1494.97,1.2,7.92,111.96334623438166,6.72,16.661212237259175,0
39000,3600,1400,3648.55,1386.84,1.2,7.17,50.30196914634674,5.97,8.425790476775,0
39000,3600,1400,3914.86,1317.09,1.2,6.74,325.5931321450133,5.54,58.77132349187966,0
39000,3600,1400,3587.56,1473.58,1.2,0.0,74.62419178791815,-1.2,9999.0,0
39000,3600,1400,3667.39,1414.04,1.2,1.34,68.83700821505813,0.1400000000000001,491.6929158218435,0
39000,3600,1400,3656.97,1399.36,1.2,0.0,56.97359476108189,-1.2,9999.0,0
39000,3600,1400,3635.66,1416.73,1.2,0.0,39.38944655615245,-1.2,9999.0,0
39000,3600,1400,3639.32,1414.35,1.2,0.0,41.856718696047,-1.2,9999.0,0
39000,3600,1400,3610.24,1437.19,1.2,12.98,38.57400290351002,11.78,3.274533353438881,0
40000,3600,1400,3590.28,1390.48,1.2,13.68,13.605469488407806,12.48,1.0901818500326768,1
40000,3600,1400,3640.64,1410.24,1.2,0.0,41.91022786862403,-1.2,9999.0,0
40000,3600,1400,3820.1,1021.22,1.2,22.46,438.0848073147481,21.26,20.606058669555413,0
40000,3600,1400,4102.29,1325.19,1.2,4.95,507.8304640330274,3.75,135.42145707547397,0
40000,3600,1400,4036.61,1345.0,1.2,6.42,440.0605550375994,5.22,84.3027883213792,0
40000,3600,1400,3728.05,1405.1,1.2,16.05,128.15152164527757,14.85,8.629732097325089,0
40000,3600,1400,3605.73,1461.01,1.2,9.08,61.27848725286877,7.88,7.776457773206697,0
40000,3600,1400,3662.76,1385.58,1.2,0.0,64.39529485917453,-1.2,9999.0,0
40000,3600,1400,3655.18,1394.75,1.2,7.98,55.4291881593081,6.78,8.17539648367376,0
40000,3600,1400,3812.4,986.11,1.2,15.92,465.2082244543834,14.72,31.603819596085827,0
40000,3600,1400,4047.38,1339.54,1.2,8.44,451.4468695206559,7.239999999999999,62.35453998904088,0
40000,3600,1400,3778.64,1207.1,1.2,27.01,262.911885619498,25.81,10.186434932952267,0
40000,3600,1400,3641.18,1411.75,1.2,0.0,42.82353208225574,-1.2,9999.0,0
40000,3600,1400,3658.39,1420.39,1.2,0.07,61.847750161182006,-1.13,9999.0,0
40000,3600,1400,3645.62,1371.98,1.2,11.7,53.53788191551837,10.5,5.0988458967160355,0
40000,3600,1400,3467.75,1607.36,1.2,12.26,245.9435547031065,11.06,22.237211094313427,0
40000,3600,1400,3680.74,1414.82,1.2,8.23,82.08885429825393,7.03,11.676935177561015,0
40000,3600,1400,3692.75,1341.88,1.2,2.17,109.45545623677236,0.97,112.84067653275501,0
40000,3600,1400,3701.66,1335.99,1.2,10.6,120.13340792635482,9.4,12.780149779399448,0
40000,3600,1400,3631.53,1422.8,1.2,0.02,38.90990747868736,-1.18,9999.0,0
40000,3600,1400,3640.86,1341.83,1.2,6.95,71.08648605747803,5.75,12.36286714043096,0
40000,3600,1400,3620.73,1339.95,1.2,8.61,63.52743816651192,7.409999999999999,8.573203531243175,0
40000,3600,1400,3618.9,1624.16,1.2,15.98,224.95536357242085,14.78,15.22025463954133,0
40000,3600,1400,3672.72,1419.72,1.2,9.14,75.34637881145963,7.94,9.489468364163681,0
40000,3600,1400,3632.02,1274.66,1.2,11.57,129.3653585779438,10.37,12.474962254382238,0
40000,3600,1400,3535.14,1503.06,1.2,9.81,121.7710277529101,8.610000000000001,14.14297651021023,0
40000,3600,1400,3644.92,1381.02,1.2,6.87,48.76522121348377,5.67,8.60056811525287,0
40000,3600,1400,3906.15,1318.95,1.2,8.91,316.69689767978474,7.71,41.076121618649125,0
40000,3600,1400,3590.42,1472.67,1.2,2.59,73.2987400983128,1.39,52.732906545548786,0
40000,3600,1400,3670.12,1413.72,1.2,2.79,71.44965220349212,1.59,44.93688817829693,0
40000,3600,1400,3656.09,1401.17,1.2,2.17,56.102201382833606,0.97,57.83732101323052,0
40000,3600,1400,3372.31,1742.77,1.2,0.0,411.5021372970012,-1.2,9999.0,0
40000,3600,1400,3635.66,1416.73,1.2,0.0,39.38944655615245,-1.2,9999.0,0
40000,3600,1400,3639.32,1414.35,1.2,0.0,41.856718696047,-1.2,9999.0,0
40000,3600,1400,3618.89,1424.38,1.2,15.45,30.84179793721502,14.25,2.1643366973484226,0
41000,3600,1400,3590.49,1405.01,1.2,14.53,10.74896274065568,13.33,0.8063737989989257,1
41000,3600,1400,3640.64,1410.24,1.2,0.0,41.91022786862403,-1.2,9999.0,0
41000,3600,1400,3816.22,1003.53,1.2,18.04,451.5966666174585,16.84,26.81690419343578,0
41000,3600,1400,4100.89,1317.9,1.2,7.43,507.57383906186527,6.23,81.47252633416778,0
41000,3600,1400,4027.94,1346.76,1.2,8.85,431.2390766152808,7.649999999999999,56.371121126180505,0
41000,3600,1400,3745.79,1401.45,1.2,18.03,145.79721053573004,16.830000000000002,8.662935860708854,0
41000,3600,1400,3611.96,1451.79,1.2,11.13,53.15304036459248,9.93,5.352773450613543,0
41000,3600,1400,3662.76,1385.58,1.2,0.0,64.39529485917453,-1.2,9999.0,0
41000,3600,1400,3651.22,1401.39,1.2,7.68,51.2388573252759,6.48,7.907231068715417,0
41000,3600,1400,3810.49,974.83,1.2,11.42,474.42129905812607,10.22,46.4208707493274,0
41000,3600,1400,4051.31,1339.46,1.2,4.07,455.3523994666109,2.87,158.65937263644977,0
41000,3600,1400,3764.45,1229.87,1.2,26.86,236.61787633228383,25.66,9.221273434617453,0
41000,3600,1400,3641.18,1411.75,1.2,0.0,42.82353208225574,-1.2,9999.0,0
41000,3600,1400,3658.35,1420.38,1.2,0.04,61.8066897673706,-1.16,9999.0,0
41000,3600,1400,3647.5,1378.94,1.2,7.22,51.95934564638009,6.02,8.631120539265797,0
41000,3600,1400,3460.97,1617.21,1.2,11.96,257.89440668614753,10.760000000000002,23.967881662281364,0
41000,3600,1400,3690.83,1412.74,1.2,10.16,91.71911741834408,8.96,10.236508640440187,0
41000,3600,1400,3691.67,1340.47,1.2,2.08,109.30329272258916,0.8800000000000001,124.2082871847604,0
41000,3600,1400,3697.6,1342.2,1.2,7.42,113.4310363172266,6.22,18.236501015631287,0
41000,3600,1400,3631.53,1422.8,1.2,0.0,38.90990747868736,-1.2,9999.0,0
41000,3600,1400,3642.3,1350.81,1.2,9.09,64.87639092921262,7.89,8.222609750217062,0
41000,3600,1400,3611.36,1345.98,1.2,11.17,55.20153983359523,9.97,5.536764276188086,0
41000,3600,1400,3634.09,1621.15,1.2,15.49,223.76204012298436,14.29,15.658645215044393,0
41000,3600,1400,3668.12,1420.4,1.2,4.72,71.10903177515489,3.52,20.201429481578092,0
41000,3600,1400,3630.21,1261.26,1.2,13.52,141.99095640215967,12.32,11.525239967707765,0
41000,3600,1400,3528.49,1513.21,1.2,12.13,133.90363773998092,10.93,12.251019006402647,0
41000,3600,1400,3642.42,1372.3,1.2,9.09,50.66306741601824,7.89,6.421174577442109,0
41000,3600,1400,3895.47,1321.24,1.2,10.91,305.78694952531885,9.71,31.49196184606785,0
41000,3600,1400,3595.23,1470.85,1.2,4.21,71.01038938070954,3.01,23.591491488607822,0
41000,3600,1400,3674.83,1412.76,1.2,4.88,75.91012119605652,3.68,20.62775032501536,0
41000,3600,1400,3656.07,1404.61,1.2,3.8,56.25919480404974,2.6,21.638151847711438,0
41000,3600,1400,3373.11,1741.58,1.2,1.44,410.0682485879636,0.24,1708.6177024498484,0
41000,3600,1400,3765.55,1394.12,1.2,0.0,165.65438992070224,-1.2,9999.0,0
41000,3600,1400,3635.66,1416.73,1.2,0.0,39.38944655615245,-1.2,9999.0,0
41000,3600,1400,3639.32,1414.35,1.2,0.0,41.856718696047,-1.2,9999.0,0
41000,3600,1400,3627.87,1411.12,1.2,15.88,30.00652095795165,14.68,2.044040937190167,0
42000,3600,1400,3587.99,1418.96,1.2,14.28,22.44374523113303,13.08,1.7158826629306596,1
42000,3600,1400,3640.64,1410.24,1.2,0.0,41.91022786862403,-1.2,9999.0,0
42000,3600,1400,3813.18,989.7,1.2,14.1,462.3762563108101,12.9,35.84312064424884,0
42000,3600,1400,4098.66,1308.29,1.2,9.86,507.0231944398598,8.66,58.54771298381753,0
42000,3600,1400,4017.41,1348.91,1.2,10.74,420.5250244634674,9.54,44.08019124355005,0
42000,3600,1400,3765.1,1397.48,1.2,19.72,165.11923086061165,18.52,8.915725208456353,0
42000,3600,1400,3619.02,1441.33,1.2,12.62,45.49647568768369,11.42,3.9839295698497104,0
42000,3600,1400,3662.76,1385.58,1.2,0.0,64.39529485917453,-1.2,9999.0,0
42000,3600,1400,3653.32,1406.35,1.2,4.11,53.696786682258896,2.91,18.452504014521956,0
42000,3600,1400,3809.9,967.53,1.2,7.29,480.7164558240128,6.09,78.93537862463265,0
42000,3600,1400,4050.2,1342.24,1.2,3.98,453.8901382493343,2.78,163.26983390263825,0
42000,3600,1400,3750.56,1252.95,1.2,26.92,210.45668461704884,25.72,8.182608266603765,0
42000,3600,1400,3641.18,1411.75,1.2,0.0,42.82353208225574,-1.2,9999.0,0
42000,3600,1400,3658.35,1420.38,1.2,0.0,61.8066897673706,-1.2,9999.0,0
42000,3600,1400,3649.46,1382.31,1.2,3.91,52.528351392367206,2.71,19.383155495338453,0
42000,3600,1400,3454.17,1626.75,1.2,11.72,269.5959039006342,10.52,25.62698706279793,0
42000,3600,1400,3702.28,1410.39,1.2,11.54,102.80637382964171,10.34,9.942589345226471,0
42000,3600,1400,3692.6,1338.16,1.2,2.59,111.35055276019052,1.39,80.10831133826657,0
42000,3600,1400,3695.93,1346.69,1.2,4.9,109.74753300188556,3.7,29.661495405915016,0
42000,3600,1400,3631.53,1422.8,1.2,0.0,38.90990747868736,-1.2,9999.0,0
42000,3600,1400,3644.0,1361.43,1.2,10.76,58.51192100760319,9.56,6.120493829247195,0
42000,3600,1400,3601.95,1354.73,1.2,12.87,45.31197854872372,11.67,3.8827745114587593,0
42000,3600,1400,3648.37,1616.78,1.2,14.93,222.11084012267384,13.73,16.177045893858253,0
42000,3600,1400,3666.02,1420.64,1.2,2.14,69.17116451238913,0.9400000000000002,73.58634522594586,0
42000,3600,1400,3627.86,1245.61,1.2,15.83,156.88356096162542,14.63,10.723414966618279,0
42000,3600,1400,3521.54,1524.12,1.2,12.94,146.8391841437427,11.74,12.507596605088816,0
42000,3600,1400,3640.77,1361.5,1.2,10.92,56.07533236638013,9.72,5.769067115882729,0
42000,3600,1400,3882.85,1323.88,1.2,12.9,292.9135997184152,11.7,25.03535040328335,0
42000,3600,1400,3601.67,1467.02,1.2,6.77,67.04080324697786,5.569999999999999,12.03605085224019,0
42000,3600,1400,3681.6,1411.37,1.2,7.01,82.38832987747708,5.81,14.180435435021874,0
42000,3600,1400,3656.88,1410.18,1.2,5.87,57.78379357570783,4.67,12.373403335269343,0
42000,3600,1400,3374.82,1739.0,1.2,3.09,406.97301188162334,1.89,215.32963591620285,0
42000,3600,1400,3768.08,1393.6,1.2,2.59,168.20180260627404,1.39,121.0084910836504,0
42000,3600,1400,3584.82,1471.92,1.2,0.0,73.50454951906042,-1.2,9999.0,0
42000,3600,1400,3635.66,1416.73,1.2,0.0,39.38944655615245,-1.2,9999.0,0
42000,3600,1400,3639.32,1414.35,1.2,0.0,41.856718696047,-1.2,9999.0,0
42000,3600,1400,3635.29,1399.44,1.2,12.92,35.29444290536397,11.72,3.011471237659042,0
43000,3600,1400,3582.19,1431.77,1.2,14.16,36.42154582112073,12.96,2.810304461506229,0
43000,3600,1400,3640.64,1410.24,1.2,0.0,41.91022786862403,-1.2,9999.0,0
43000,3600,1400,3810.99,979.71,1.2,10.19,470.2770079431907,8.99,52.31112435408128,0
43000,3600,1400,4096.12,1297.31,1.2,11.28,506.63625067695256,10.08,50.26153280525323,0
43000,3600,1400,4004.98,1351.46,1.2,12.69,407.8785750686104,11.49,35.49857050205487,0
43000,3600,1400,3786.17,1393.15,1.2,21.51,186.29597794906903,20.31,9.17262323727568,0
43000,3600,1400,3623.61,1434.53,1.2,8.21,41.83004900786042,7.010000000000001,5.96719672009421,0
43000,3600,1400,3662.76,1385.58,1.2,0.0,64.39529485917453,-1.2,9999.0,0
43000,3600,1400,3656.54,1407.86,1.2,0.72,57.08372097191978,-0.48,9999.0,0
43000,3600,1400,3811.81,965.56,1.2,3.3,483.3234834973364,2.1,230.15403976063635,0
43000,3600,1400,4044.48,1343.4,1.2,5.83,448.0692250088149,4.63,96.77521058505721,0
43000,3600,1400,3736.42,1276.78,1.2,27.74,183.83031523663345,26.54,6.926537876286114,0
43000,3600,1400,3641.18,1411.75,1.2,0.0,42.82353208225574,-1.2,9999.0,0
43000,3600,1400,3658.35,1420.38,1.2,0.0,61.8066897673706,-1.2,9999.0,0
43000,3600,1400,3649.77,1382.75,1.2,0.54,52.67461817611969,-0.6599999999999999,9999.0,0
43000,3600,1400,3447.67,1636.35,1.2,11.59,281.1863286150305,10.39,27.063169260349422,0
43000,3600,1400,3716.28,1407.52,1.2,14.09,116.52291105186158,12.89,9.039791392696786,0
43000,3600,1400,3695.24,1334.11,1.2,4.84,115.81083584880982,3.64,31.81616369472797,0
43000,3600,1400,3698.98,1350.8,1.2,5.39,110.53361660599008,4.19,26.380338092121733,0
43000,3600,1400,3631.53,1422.8,1.2,0.0,38.90990747868736,-1.2,9999.0,0
43000,3600,1400,3645.24,1369.46,1.2,8.13,54.58341506355184,6.930000000000001,7.8763946700652,0
43000,3600,1400,3593.71,1367.65,1.2,15.45,32.95582801265952,14.25,2.312689685098914,0
43000,3600,1400,3660.96,1611.13,1.2,13.81,219.7544049615389,12.61,17.42699484231078,0
43000,3600,1400,3665.82,1420.66,1.2,0.2,68.98628849271444,-1.0,9999.0,0
43000,3600,1400,3626.38,1229.58,1.2,16.1,172.44964714373884,14.900000000000002,11.573801821727438,0
43000,3600,1400,3514.43,1535.28,1.2,13.23,160.07155681132116,12.03,13.306031322636839,0
43000,3600,1400,3638.88,1349.7,1.2,11.95,63.57471509963693,10.75,5.913926986012738,0
43000,3600,1400,3870.24,1326.51,1.2,12.88,280.054347761287,11.68,23.97725580148005,0
43000,3600,1400,3606.76,1459.48,1.2,9.1,59.86291005288671,7.899999999999999,7.57758355099832,0
43000,3600,1400,3690.18,1409.6,1.2,8.89,90.68953853670206,7.69,11.793177963160215,0
43000,3600,1400,3660.24,1414.01,1.2,5.4,61.84769761276465,4.2,14.725642288753487,0
43000,3600,1400,3377.77,1734.61,1.2,5.29,401.68398648688986,4.09,98.21124363982638,0
43000,3600,1400,3772.97,1392.6,1.2,4.99,173.12822098086704,3.79,45.68026938809157,0
43000,3600,1400,3587.56,1473.58,1.2,0.0,74.62419178791815,-1.2,9999.0,0
43000,3600,1400,3546.05,1530.8,1.2,0.0,141.4893723924167,-1.2,9999.0,0
43000,3600,1400,3635.66,1416.73,1.2,0.0,39.38944655615245,-1.2,9999.0,0
43000,3600,1400,3639.32,1414.35,1.2,0.0,41.856718696047,-1.2,9999.0,0
43000,3600,1400,3644.5,1396.66,1.2,8.88,44.62516778679941,7.680000000000001,5.8105687222395055,0
44000,3600,1400,3574.87,1443.58,1.2,13.9,50.30639422578405,12.7,3.9611334036050434,0
44000,3600,1400,3640.64,1410.24,1.2,0.0,41.91022786862403,-1.2,9999.0,0
44000,3600,1400,3810.43,974.04,1.2,5.69,475.1028378151408,4.49,105.81354962475295,0
44000,3600,1400,4091.11,1286.06,1.2,12.69,504.1540991601676,11.49,43.87764135423565,0
44000,3600,1400,3991.13,1354.31,1.2,14.14,393.7896049923107,12.94,30.431963291523235,0
44000,3600,1400,3809.41,1388.38,1.2,23.72,209.7321446512192,22.52,9.313150295347212,0
44000,3600,1400,3626.15,1430.77,1.2,4.53,40.38087913852302,3.33,12.126390131688595,0
44000,3600,1400,3662.76,1385.58,1.2,0.0,64.39529485917453,-1.2,9999.0,0
44000,3600,1400,3656.69,1408.89,1.2,1.04,57.3828214712383,-0.1599999999999999,9999.0,0
44000,3600,1400,3813.12,967.84,1.2,2.83,481.8530896445512,1.63,295.6153924199701,0
44000,3600,1400,4036.65,1344.99,1.2,8.0,440.1014912494618,6.8,64.72080753668556,0
44000,3600,1400,3723.23,1297.15,1.2,24.3,160.51091987774535,23.1,6.948524670032266,0
44000,3600,1400,3641.18,1411.75,1.2,0.0,42.82353208225574,-1.2,9999.0,0
44000,3600,1400,3658.35,1420.38,1.2,0.0,61.8066897673706,-1.2,9999.0,0
44000,3600,1400,3649.78,1382.77,1.2,0.03,52.67752177162495,-1.17,9999.0,0
44000,3600,1400,3440.8,1646.55,1.2,12.3,293.4817583769048,11.1,26.439798051973405,0
44000,3600,1400,3732.22,1404.24,1.2,16.05,132.287966194964,14.85,8.908280551849428,0
44000,3600,1400,3699.25,1327.98,1.2,7.32,122.62725186515434,6.12,20.037132657704955,0
44000,3600,1400,3705.51,1354.61,1.2,7.56,114.85909715821404,6.359999999999999,18.059606471417304,0
44000,3600,1400,3631.53,1422.8,1.2,0.0,38.90990747868736,-1.2,9999.0,0
44000,3600,1400,3646.13,1374.32,1.2,4.95,52.79620535606715,3.75,14.078988094951239,0
44000,3600,1400,3590.16,1382.42,1.2,15.27,20.146513345986204,14.07,1.43187728116462,1
44000,3600,1400,3663.67,1602.72,1.2,9.44,212.48356948244265,8.24,25.786840956607115,0
44000,3600,1400,3665.72,1420.67,1.2,0.1,68.89388434396756,-1.1,9999.0,0
44000,3600,1400,3625.64,1214.54,1.2,15.06,187.22398671110497,13.86,13.508224149430374,0
44000,3600,1400,3507.55,1546.08,1.2,12.81,172.87674482127417,11.61,14.890331164623099,0
44000,3600,1400,3637.49,1341.0,1.2,8.8,69.903505634553,7.6,9.197829688756974,0
44000,3600,1400,3857.05,1329.27,1.2,13.47,266.6035172311125,12.27,21.7280780139456,0
44000,3600,1400,3612.93,1450.35,1.2,11.02,51.98372245232142,9.82,5.293658090867762,0
44000,3600,1400,3700.76,1407.43,1.2,10.96,101.03357115335498,9.760000000000002,10.351800323089648,0
44000,3600,1400,3665.92,1414.21,1.2,5.82,67.43419384852177,4.62,14.596145854658392,0
44000,3600,1400,3381.68,1728.76,1.2,7.04,394.647640307148,5.84,67.57665073752534,0
44000,3600,1400,3780.1,1391.13,1.2,7.28,180.31829330381308,6.08,29.657614030232413,0
44000,3600,1400,3587.75,1470.9,1.2,2.6,71.95048644727854,1.4,51.39320460519896,0
44000,3600,1400,3549.81,1530.92,1.2,1.99,140.2108501507641,0.79,177.48208879843554,0
44000,3600,1400,3581.42,1470.91,1.2,0.0,73.30378230350743,-1.2,9999.0,0
44000,3600,1400,3635.66,1416.73,1.2,0.0,39.38944655615245,-1.2,9999.0,0
44000,3600,1400,3639.32,1414.35,1.2,0.0,41.856718696047,-1.2,9999.0,0
44000,3600,1400,3650.07,1392.48,1.2,8.08,50.63156426578203,6.88,7.359238992119481,0
45000,3600,1400,3568.91,1453.21,1.2,11.32,61.62704114266734,10.12,6.089628571409817,0
45000,3600,1400,3640.64,1410.24,1.2,0.0,41.91022786862403,-1.2,9999.0,0
45000,3600,1400,3810.07,969.63,1.2,4.4,478.9026433420472,3.2,149.65707604438975,0
45000,3600,1400,4077.74,1282.95,1.2,14.12,491.87011507104165,12.92,38.07044234295988,0
45000,3600,1400,3974.99,1357.62,1.2,16.47,377.37721778082977,15.27,24.713635742032075,0
45000,3600,1400,3834.63,1383.19,1.2,25.74,235.2314030906589,24.54,9.58563174778561,0
45000,3600,1400,3627.12,1429.33,1.2,1.74,39.94675581320704,0.54,73.97547372816118,0
45000,3600,1400,3662.76,1385.58,1.2,0.0,64.39529485917453,-1.2,9999.0,0
45000,3600,1400,3657.6,1411.97,1.2,3.24,58.83061192950478,2.04,28.838535259561166,0
45000,3600,1400,3813.56,973.08,1.2,5.27,477.35580021614896,4.069999999999999,117.28643739954522,0
45000,3600,1400,4026.66,1347.02,1.2,10.19,429.9367813993121,8.99,47.82389114564094,0
45000,3600,1400,3712.39,1313.72,1.2,19.8,141.6889215852812,18.6,7.617683956197914,0
45000,3600,1400,3641.18,1411.75,1.2,0.0,42.82353208225574,-1.2,9999.0,0
45000,3600,1400,3658.35,1420.38,1.2,0.0,61.8066897673706,-1.2,9999.0,0
45000,3600,1400,3650.08,1383.21,1.2,0.53,52.81960336844637,-0.6699999999999999,9999.0,0
45000,3600,1400,3434.43,1655.99,1.2,11.39,304.86768441407503,10.19,29.918320354668797,0
45000,3600,1400,3749.48,1400.69,1.2,17.6,149.48159251225553,16.400000000000002,9.114731250747287,0
45000,3600,1400,3703.98,1320.74,1.2,8.65,130.7439788288547,7.45,17.549527359577812,0
45000,3600,1400,3714.2,1359.67,1.2,10.06,121.11213357876224,8.860000000000001,13.669541035977678,0
45000,3600,1400,3631.53,1422.8,1.2,0.0,38.90990747868736,-1.2,9999.0,0
45000,3600,1400,3646.42,1375.3,1.2,1.02,52.58237727604191,-0.1799999999999999,9999.0,0
45000,3600,1400,3590.39,1397.8,1.2,15.38,9.858605378044231,14.18,0.6952472057859119,2
45000,3600,1400,3663.66,1597.6,1.2,5.12,207.60143448444651,3.92,52.95954961337922,0
45000,3600,1400,3665.7,1420.67,1.2,0.01,68.87480598883731,-1.19,9999.0,0
45000,3600,1400,3625.84,1198.55,1.2,15.99,203.10048769020725,14.79,13.732284495619153,0
45000,3600,1400,3500.33,1557.42,1.2,13.44,186.32006145340344,12.24,15.222227242925117,0
45000,3600,1400,3634.34,1336.17,1.2,6.15,72.4810630440807,4.95,14.64263899880418,0
45000,3600,1400,3844.92,1331.8,1.2,12.39,254.23816865293855,11.19,22.72012231036091,0
45000,3600,1400,3618.1,1442.69,1.2,9.25,46.36858958389829,8.05,5.760073240235812,0
45000,3600,1400,3713.74,1404.77,1.2,13.43,113.83997760013813,12.23,9.308256549479815,0
45000,3600,1400,3673.48,1413.03,1.2,7.77,74.62634454400136,6.569999999999999,11.358652137595337,0
45000,3600,1400,3386.4,1721.69,1.2,8.5,386.1468840998202,7.3,52.89683343833154,0
45000,3600,1400,3789.59,1389.18,1.2,9.69,189.89850052067305,8.49,22.367314548960312,0
45000,3600,1400,3590.39,1466.58,1.2,5.03,67.26996729596345,3.83,17.563960129494372,0
45000,3600,1400,3552.15,1527.43,1.2,4.2,136.11769686561703,3.0,45.37256562187235,0
45000,3600,1400,3581.42,1470.91,1.2,0.0,73.30378230350743,-1.2,9999.0,0
45000,3600,1400,3649.05,1393.93,1.2,0.0,49.42415806060855,-1.2,9999.0,0
45000,3600,1400,3635.66,1416.73,1.2,0.0,39.38944655615245,-1.2,9999.0,0
45000,3600,1400,3639.32,1414.35,1.2,0.0,41.856718696047,-1.2,9999.0,0
45000,3600,1400,3656.17,1383.79,1.2,10.56,58.46223567398025,9.36,6.245965349784216,0
46000,3600,1400,3564.76,1458.57,1.2,6.82,68.354242735912,5.62,12.16267664340071,0
46000,3600,1400,3640.64,1410.24,1.2,0.0,41.91022786862403,-1.2,9999.0,0
46000,3600,1400,3810.34,966.22,1.2,3.54,482.0871332031172,2.34,206.02014239449454,0
46000,3600,1400,4063.7,1285.42,1.2,14.25,477.6465915297625,13.05,36.60127138159099,0
46000,3600,1400,3956.97,1361.33,1.2,18.4,359.0584211517672,17.2,20.875489601846933,0
46000,3600,1400,3861.45,1377.68,1.2,27.38,262.4010001886424,26.18,10.022956462514989,0
46000,3600,1400,3627.3,1429.06,1.2,0.32,39.8719650882673,-0.8799999999999999,9999.0,0
46000,3600,1400,3662.76,1385.58,1.2,0.0,64.39529485917453,-1.2,9999.0,0
46000,3600,1400,3662.4,1414.43,1.2,5.69,64.04673996387336,4.49,14.264307341619903,0
46000,3600,1400,3814.46,980.55,1.2,7.57,471.0959499932047,6.37,73.95540816219854,0
46000,3600,1400,4014.31,1349.55,1.2,12.61,417.370313510676,11.41,36.579343865966344,0
46000,3600,1400,3704.02,1326.53,1.2,15.3,127.34991676479416,14.1,9.031908990410933,0
46000,3600,1400,3641.18,1411.75,1.2,0.0,42.82353208225574,-1.2,9999.0,0
46000,3600,1400,3658.35,1420.38,1.2,0.0,61.8066897673706,-1.2,9999.0,0
46000,3600,1400,3650.52,1383.9,1.2,0.82,53.023394836619005,-0.38,9999.0,0
46000,3600,1400,3427.7,1665.97,1.2,12.03,316.9027151982136,10.83,29.261561883491563,0
46000,3600,1400,3763.62,1397.78,1.2,14.44,163.6350598129874,13.24,12.359143490406904,0
46000,3600,1400,3709.49,1312.3,1.2,10.08,140.28310696587798,8.88,15.797647180842112,0
46000,3600,1400,3724.68,1365.78,1.2,12.13,129.2907993632956,10.93,11.828984388224667,0
46000,3600,1400,3631.53,1422.8,1.2,0.0,38.90990747868736,-1.2,9999.0,0
46000,3600,1400,3646.72,1376.37,1.2,1.11,52.35585258593338,-0.0899999999999998,9999.0,0
46000,3600,1400,3589.76,1413.65,1.2,15.89,17.064000117205754,14.69,1.1616065430364708,1
46000,3600,1400,3664.27,1594.81,1.2,2.97,205.13792677123357,1.7700000000000002,115.8971337690585,0
46000,3600,1400,3665.7,1420.67,1.2,0.0,68.87480598883731,-1.2,9999.0,0
46000,3600,1400,3626.58,1186.25,1.2,12.34,215.39628339411988,11.14,19.335393482416507,0
46000,3600,1400,3493.48,1568.17,1.2,12.75,199.0669718963948,11.55,17.235235662025524,0
46000,3600,1400,3628.33,1336.93,1.2,6.2,69.14053659033887,5.0,13.828107318067774,0
46000,3600,1400,3831.96,1335.22,1.2,13.44,240.8358154428033,12.24,19.676128712647326,0
46000,3600,1400,3621.56,1437.56,1.2,6.18,43.30805006000609,4.98,8.696395594378732,0
46000,3600,1400,3728.13,1401.81,1.2,14.9,128.14278364387135,13.7,9.353487857216887,0
46000,3600,1400,3683.3,1411.02,1.2,10.16,84.02577223685617,8.96,9.377876365720553,0
46000,3600,1400,3392.4,1712.72,1.2,10.79,375.355242936608,9.59,39.140275592972685,0
46000,3600,1400,3801.73,1389.95,1.2,11.74,201.9801856618614,10.54,19.16320547076484,0
46000,3600,1400,3594.22,1460.92,1.2,6.83,61.19358463107069,5.63,10.869197980651988,0
46000,3600,1400,3555.81,1521.92,1.2,6.62,129.68131129812045,5.42,23.926441198915214,0
46000,3600,1400,3581.42,1470.91,1.2,0.0,73.30378230350743,-1.2,9999.0,0
46000,3600,1400,3649.61,1392.52,1.2,1.52,50.17073350071745,0.32,156.78354218974204,0
46000,3600,1400,3554.72,1474.77,1.2,0.0,87.41184873917274,-1.2,9999.0,0
46000,3600,1400,3635.66,1416.73,1.2,0.0,39.38944655615245,-1.2,9999.0,0
46000,3600,1400,3639.32,1414.35,1.2,0.0,41.856718696047,-1.2,9999.0,0
46000,3600,1400,3663.68,1373.39,1.2,12.82,69.01619012956289,11.62,5.939431164334156,0
47000,3600,1400,3557.35,1461.95,1.2,8.28,75.21186741465746,7.079999999999999,10.623145115064615,0
47000,3600,1400,3640.64,1410.24,1.2,0.0,41.91022786862403,-1.2,9999.0,0
47000,3600,1400,3813.06,967.02,1.2,3.87,482.56216594341504,2.67,180.73489361176593,0
47000,3600,1400,4050.72,1288.06,1.2,13.25,464.41262041421726,12.05,38.540466424416365,0
47000,3600,1400,3937.05,1365.41,1.2,20.33,338.8202629713874,19.13,17.7114617339983,0
47000,3600,1400,3889.57,1371.9,1.2,28.71,290.93022342135595,27.51,10.575435238871535,0
47000,3600,1400,3627.32,1429.04,1.2,0.03,39.8710922850128,-1.17,9999.0,0
47000,3600,1400,3662.76,1385.58,1.2,0.0,64.39529485917453,-1.2,9999.0,0
47000,3600,1400,3669.74,1413.78,1.2,7.49,71.08836754350158,6.29,11.301807240620283,0
47000,3600,1400,3816.63,990.43,1.2,10.15,463.3315678863249,8.950000000000001,51.768890266628475,0
47000,3600,1400,4000.35,1352.41,1.2,14.24,403.1686131136698,13.04,30.91783842896241,0
47000,3600,1400,3698.11,1335.57,1.2,10.8,117.37460117078156,9.6,12.226520955289747,0
47000,3600,1400,3641.18,1411.75,1.2,0.0,42.82353208225574,-1.2,9999.0,0
47000,3600,1400,3658.35,1420.38,1.2,0.0,61.8066897673706,-1.2,9999.0,0
47000,3600,1400,3651.79,1385.86,1.2,2.33,53.68560049026181,1.13,47.50938096483347,0
47000,3600,1400,3421.19,1675.63,1.2,11.65,328.5497116115004,10.45,31.440163790574204,0
47000,3600,1400,3780.12,1394.39,1.2,16.84,180.2073430801308,15.64,11.522208636837009,0
47000,3600,1400,3715.85,1302.59,1.2,11.61,151.36026757375924,10.41,14.539891217460061,0
47000,3600,1400,3735.59,1366.88,1.2,11.49,139.57643963076302,10.29,13.564279847498836,0
47000,3600,1400,3631.53,1422.8,1.2,0.0,38.90990747868736,-1.2,9999.0,0
47000,3600,1400,3646.95,1377.21,1.2,0.87,52.18895093791387,-0.3299999999999999,9999.0,0
47000,3600,1400,3584.49,1428.05,1.2,15.38,32.05249756259259,14.18,2.2604018027216215,0
47000,3600,1400,3666.67,1595.43,1.2,3.24,206.4891614589009,2.04,101.22017718573574,0
47000,3600,1400,3665.7,1420.67,1.2,0.0,68.87480598883731,-1.2,9999.0,0
47000,3600,1400,3627.32,1178.44,1.2,7.84,223.23802543473636,6.64,33.62018455342415,0
47000,3600,1400,3486.33,1579.28,1.2,13.21,212.2785606225933,12.010000000000002,17.67515075958312,0
47000,3600,1400,3620.63,1340.0,1.2,8.32,63.44759175886824,7.12,8.911178617818573,0
47000,3600,1400,3820.02,1339.8,1.2,12.79,228.1070809948696,11.59,19.68137023251679,0
47000,3600,1400,3622.92,1435.55,1.2,2.43,42.29809570181618,1.2300000000000002,34.388695692533474,0
47000,3600,1400,3745.18,1398.31,1.2,17.49,145.1898360767721,16.29,8.9128198942156,0
47000,3600,1400,3695.2,1408.57,1.2,12.32,95.58496168331064,11.12,8.595769935549518,0
47000,3600,1400,3399.78,1701.7,1.2,13.26,362.0924445497309,12.06,30.024249133476854,0
47000,3600,1400,3814.52,1387.33,1.2,13.05,214.8938326243915,11.85,18.13450064340857,0
47000,3600,1400,3599.05,1453.76,1.2,8.64,53.768393132025054,7.44,7.226934560756055,0
47000,3600,1400,3560.64,1514.63,1.2,8.75,121.19920173004456,7.55,16.052874401330406,0
47000,3600,1400,3581.42,1470.91,1.2,0.0,73.30378230350743,-1.2,9999.0,0
47000,3600,1400,3649.47,1389.01,1.2,3.6,50.67603970319682,2.4000000000000004,21.11501654299867,0
47000,3600,1400,3553.76,1476.15,1.2,1.68,89.08961836263524,0.48,185.60337158882342,0
47000,3600,1400,3656.97,1399.36,1.2,0.0,56.97359476108189,-1.2,9999.0,0
47000,3600,1400,3635.66,1416.73,1.2,0.0,39.38944655615245,-1.2,9999.0,0
47000,3600,1400,3639.32,1414.35,1.2,0.0,41.856718696047,-1.2,9999.0,0
47000,3600,1400,3672.42,1361.31,1.2,14.91,82.107079475524,13.71,5.988846059483881,0
48000,3600,1400,3551.14,1459.03,1.2,7.25,76.62793550657625,6.05,12.665774463896902,0
48000,3600,1400,3640.64,1410.24,1.2,0.0,41.91022786862403,-1.2,9999.0,0
48000,3600,1400,3813.56,973.11,1.2,6.13,477.32897010342873,4.93,96.82129211022895,0
48000,3600,1400,4037.63,1290.74,1.2,13.36,451.0629274280919,12.16,37.09399074244177,0
48000,3600,1400,3915.23,1369.9,1.2,22.28,316.6638010572096,21.08,15.022001947685466,0
48000,3600,1400,3919.79,1365.69,1.2,30.85,321.62527916816487,29.65,10.847395587459186,0
48000,3600,1400,3627.32,1429.03,1.2,0.0,39.86380940151113,-1.2,9999.0,0
48000,3600,1400,3662.76,1385.58,1.2,0.0,64.39529485917453,-1.2,9999.0,0
48000,3600,1400,3678.43,1412.02,1.2,9.0,79.34573271449432,7.8,10.172529835191579,0
48000,3600,1400,3819.29,1002.56,1.2,12.47,453.9236254040982,11.27,40.2771628575065,0
48000,3600,1400,3984.91,1355.59,1.2,15.77,387.46349015100753,14.57,26.593238857310055,0
48000,3600,1400,3694.64,1340.88,1.2,6.35,111.58809972393992,5.15,21.66759217940581,0
48000,3600,1400,3641.18,1411.75,1.2,0.0,42.82353208225574,-1.2,9999.0,0
48000,3600,1400,3658.35,1420.38,1.2,0.0,61.8066897673706,-1.2,9999.0,0
48000,3600,1400,3653.86,1389.72,1.2,4.39,54.83227151960799,3.1899999999999995,17.188799849406898,0
48000,3600,1400,3414.83,1685.08,1.2,11.39,339.9390170309963,10.19,33.360060552600224,0
48000,3600,1400,3796.4,1391.05,1.2,16.62,196.60382117344523,15.420000000000002,12.749923552104098,0
48000,3600,1400,3723.13,1291.44,1.2,13.32,164.15319217121552,12.12,13.543992753400621,0
48000,3600,1400,3747.88,1365.4,1.2,12.38,151.8738107772371,11.18,13.58441956862586,0
48000,3600,1400,3631.53,1422.8,1.2,0.0,38.90990747868736,-1.2,9999.0,0
48000,3600,1400,3647.61,1379.2,1.2,2.09,51.95528943235722,0.8899999999999999,58.37672969927778,0
48000,3600,1400,3576.21,1441.43,1.2,15.73,47.77456436222107,14.53,3.2879947943717185,0
48000,3600,1400,3666.86,1598.62,1.2,3.24,209.5713816340389,2.04,102.73106942845044,0
48000,3600,1400,3665.7,1420.67,1.2,0.0,68.87480598883731,-1.2,9999.0,0
48000,3600,1400,3628.25,1174.98,1.2,3.72,226.7863816458122,2.5200000000000005,89.9945958911953,0
48000,3600,1400,3478.97,1590.44,1.2,13.37,225.64497446209623,12.17,18.541082535915876,0
48000,3600,1400,3611.76,1345.68,1.2,10.55,55.57841307558176,9.35,5.944215302201258,0
48000,3600,1400,3808.45,1344.25,1.2,12.4,215.7764236426212,11.2,19.265752110948323,0
48000,3600,1400,3623.12,1435.26,1.2,0.34,42.16398937482072,-0.8599999999999999,9999.0,0
48000,3600,1400,3763.99,1394.44,1.2,19.21,164.08422745651066,18.01,9.110728898196038,0
48000,3600,1400,3708.48,1409.12,1.2,13.8,108.86268782277976,12.6,8.639895858950775,0
48000,3600,1400,3407.64,1690.01,1.2,14.09,348.0059908967086,12.89,26.998137385314866,0
48000,3600,1400,3828.66,1384.42,1.2,14.44,229.19016558308064,13.24,17.310435467000048,0
48000,3600,1400,3605.24,1444.6,1.2,11.06,44.90676563726216,9.86,4.554438705604682,0
48000,3600,1400,3566.82,1505.26,1.2,11.22,110.36566495065388,10.02,11.014537420224938,0
48000,3600,1400,3581.42,1470.91,1.2,0.0,73.30378230350743,-1.2,9999.0,0
48000,3600,1400,3647.05,1384.44,1.2,5.2,49.5561913387219,4.0,12.389047834680476,0
48000,3600,1400,3551.39,1479.57,1.2,4.16,93.24332147666128,2.96,31.501122120493676,0
48000,3600,1400,3655.58,1401.19,1.2,2.48,55.59273783508051,1.28,43.43182643365665,0
48000,3600,1400,3522.23,1430.31,1.2,0.0,83.46777222377504,-1.2,9999.0,0
48000,3600,1400,3635.66,1416.73,1.2,0.0,39.38944655615245,-1.2,9999.0,0
48000,3600,1400,3639.32,1414.35,1.2,0.0,41.856718696047,-1.2,9999.0,0
48000,3600,1400,3682.05,1347.91,1.2,16.53,97.18832543057844,15.330000000000002,6.339747255745495,0
49000,3600,1400,3544.23,1452.11,1.2,9.77,76.32656811359979,8.57,8.906250655029147,0
49000,3600,1400,3640.64,1410.24,1.2,0.0,41.91022786862403,-1.2,9999.0,0
49000,3600,1400,3814.71,981.69,1.2,8.71,470.1953213293386,7.510000000000001,62.609230536529765,0
49000,3600,1400,4024.9,1293.47,1.2,13.02,438.0509683815344,11.82,37.06014960926687,0
49000,3600,1400,3891.33,1374.81,1.2,24.4,292.41700531945804,23.2,12.604181263769744,0
49000,3600,1400,3949.48,1359.6,1.2,30.3,351.8073768413619,29.1,12.089600578740956,0
49000,3600,1400,3627.32,1429.03,1.2,0.0,39.86380940151113,-1.2,9999.0,0
49000,3600,1400,3662.76,1385.58,1.2,0.0,64.39529485917453,-1.2,9999.0,0
49000,3600,1400,3688.73,1409.9,1.2,10.66,89.2805852355371,9.46,9.437693999528234,0
49000,3600,1400,3822.3,1016.29,1.2,14.12,443.4531024809728,12.92,34.32299554806291,0
49000,3600,1400,3967.76,1359.11,1.2,17.51,370.0262283946912,16.310000000000002,22.68707715479406,0
49000,3600,1400,3692.44,1341.84,1.2,2.56,109.21418955428832,1.36,80.30455114285905,0
49000,3600,1400,3641.18,1411.75,1.2,0.0,42.82353208225574,-1.2,9999.0,0
49000,3600,1400,3658.35,1420.38,1.2,0.0,61.8066897673706,-1.2,9999.0,0
49000,3600,1400,3653.86,1389.72,1.2,0.0,54.83227151960799,-1.2,9999.0,0
49000,3600,1400,3407.92,1695.31,1.2,12.35,352.28216318740857,11.15,31.59481284192005,0
49000,3600,1400,3812.93,1387.65,1.2,16.88,213.2878510370432,15.68,13.602541520219592,0
49000,3600,1400,3731.41,1278.77,1.2,15.13,178.78842524056182,13.93,12.834775681303793,0
49000,3600,1400,3759.78,1362.55,1.2,12.28,164.11017914803475,11.08,14.811388009750429,0
49000,3600,1400,3631.53,1422.8,1.2,0.0,38.90990747868736,-1.2,9999.0,0
49000,3600,1400,3649.91,1382.95,1.2,4.43,52.74192450034398,3.2299999999999995,16.328769195152937,0
49000,3600,1400,3568.26,1454.27,1.2,15.1,62.87018768860154,13.9,4.523035085510902,0
49000,3600,1400,3666.87,1603.23,1.2,4.62,213.948661598992,3.42,62.55808818683977,0
49000,3600,1400,3665.7,1420.67,1.2,0.0,68.87480598883731,-1.2,9999.0,0
49000,3600,1400,3630.69,1176.79,1.2,4.27,225.30996471527845,3.0699999999999994,73.39086798543273,0
49000,3600,1400,3602.43,1354.17,1.2,12.64,45.89437656184026,11.44,4.011746202958065,0
49000,3600,1400,3796.44,1349.38,1.2,13.07,202.85723551305733,11.87,17.08991032123482,0
49000,3600,1400,3623.12,1435.25,1.2,0.01,42.15562714513918,-1.19,9999.0,0
49000,3600,1400,3782.17,1390.71,1.2,18.56,182.40672410851533,17.36,10.507299775836136,0
49000,3600,1400,3723.96,1405.94,1.2,15.59,124.10223688556144,14.39,8.624199922554652,0
49000,3600,1400,3415.53,1678.3,1.2,14.12,333.8863143346848,12.92,25.842593988752693,0
49000,3600,1400,3845.11,1381.04,1.2,16.78,245.84221301477103,15.580000000000002,15.779346149856933,0
49000,3600,1400,3612.49,1433.86,1.2,12.95,36.09016070897978,11.75,3.071503039062109,0
49000,3600,1400,3573.98,1494.39,1.2,13.02,97.9107374091321,11.82,8.283480322261598,0
49000,3600,1400,3581.42,1470.91,1.2,0.0,73.30378230350743,-1.2,9999.0,0
49000,3600,1400,3643.78,1377.72,1.2,7.53,49.12317986449998,6.33,7.760375965955763,0
49000,3600,1400,3547.84,1484.68,1.2,6.22,99.45535681902707,5.02,19.811824067535277,0
49000,3600,1400,3650.21,1403.68,1.2,4.61,50.34467697780972,3.41,14.763834890853289,0
49000,3600,1400,3521.03,1429.14,1.2,1.68,84.1748210571307,0.48,175.36421053568895,0
49000,3600,1400,3486.14,1626.66,1.2,0.0,253.6510500668193,-1.2,9999.0,0
49000,3600,1400,3635.66,1416.73,1.2,0.0,39.38944655615245,-1.2,9999.0,0
49000,3600,1400,3639.32,1414.35,1.2,0.0,41.856718696047,-1.2,9999.0,0
49000,3600,1400,3692.23,1332.86,1.2,18.23,114.0795884459618,17.03,6.698742715558532,0
50000,3600,1400,3536.09,1443.96,1.2,11.53,77.56912852417504,10.33,7.509112151420624,0
50000,3600,1400,3640.64,1410.24,1.2,0.0,41.91022786862403,-1.2,9999.0,0
50000,3600,1400,3816.97,991.99,1.2,10.59,462.1126929656877,9.39,49.21327933606897,0
50000,3600,1400,4011.48,1296.36,1.2,13.73,424.3312856719382,12.53,33.86522631060959,0
50000,3600,1400,3865.77,1380.06,1.2,26.09,266.5169722550517,24.89,10.707793180194926,0
50000,3600,1400,3977.14,1353.92,1.2,28.25,379.9446617601041,27.05,14.046013373756159,0
50000,3600,1400,3627.32,1429.03,1.2,0.0,39.86380940151113,-1.2,9999.0,0
50000,3600,1400,3662.76,1385.58,1.2,0.0,64.39529485917453,-1.2,9999.0,0
50000,3600,1400,3701.26,1407.33,1.2,12.97,101.52495506032024,11.77,8.625739597308431,0
50000,3600,1400,3825.83,1032.38,1.2,16.54,431.443684969429,15.34,28.12540319227047,0
50000,3600,1400,3948.44,1363.07,1.2,19.72,350.3915788086238,18.52,18.919631685130877,0
50000,3600,1400,3691.82,1339.35,1.2,2.94,110.04242318306171,1.74,63.24277194428834,0
50000,3600,1400,3641.18,1411.75,1.2,0.0,42.82353208225574,-1.2,9999.0,0
50000,3600,1400,3658.35,1420.38,1.2,0.0,61.8066897673706,-1.2,9999.0,0
50000,3600,1400,3654.65,1391.51,1.2,1.96,55.30553860148195,0.76,72.77044552826572,0
50000,3600,1400,3401.52,1704.85,1.2,11.48,363.768927892419,10.28,35.3860824798073,0
50000,3600,1400,3831.21,1383.9,1.2,18.66,231.76987315007105,17.46,13.274334086487459,0
50000,3600,1400,3740.03,1264.56,1.2,16.56,194.81374309837605,15.36,12.683186399633858,0
50000,3600,1400,3770.86,1357.5,1.2,12.18,176.06643518853912,10.98,16.035194461615585,0
50000,3600,1400,3631.53,1422.8,1.2,0.0,38.90990747868736,-1.2,9999.0,0
50000,3600,1400,3650.06,1383.18,1.2,0.26,52.81018841094957,-0.94,9999.0,0
50000,3600,1400,3666.06,1609.97,1.2,7.0,220.11661568359625,5.8,37.9511406351028,0
50000,3600,1400,3665.7,1420.67,1.2,0.0,68.87480598883731,-1.2,9999.0,0
50000,3600,1400,3630.14,1182.61,1.2,5.84,219.46943226791296,4.64,47.299446609464006,0
50000,3600,1400,3594.97,1364.99,1.2,13.24,35.36949250413414,12.04,2.9376654903765904,0
50000,3600,1400,3784.85,1354.66,1.2,12.74,190.329288602674,11.54,16.493005944772445,0
50000,3600,1400,3623.12,1435.25,1.2,0.0,42.15562714513918,-1.2,9999.0,0
50000,3600,1400,3800.17,1387.01,1.2,18.37,200.59104915224916,17.17,11.682647009449571,0
50000,3600,1400,3741.86,1402.26,1.2,18.13,141.87800111363296,16.93,8.380271772807617,0
50000,3600,1400,3423.04,1667.18,1.2,13.42,320.46839781794404,12.22,26.224909805069068,0
50000,3600,1400,3862.91,1377.38,1.2,18.18,263.88128486120405,16.98,15.540711711496115,0
50000,3600,1400,3620.47,1422.03,1.2,14.27,30.072276269015465,13.07,2.3008627596798368,0
50000,3600,1400,3582.15,1482.01,1.2,14.84,83.93010544494744,13.64,6.153233537019607,0
50000,3600,1400,3581.42,1470.91,1.2,0.0,73.30378230350743,-1.2,9999.0,0
50000,3600,1400,3641.82,1368.32,1.2,9.62,52.46460521151396,8.42,6.230950737709497,0
50000,3600,1400,3543.29,1491.24,1.2,7.98,107.42793724166916,6.78,15.844828501721114,0
50000,3600,1400,3650.06,1405.64,1.2,1.89,50.37671287410479,0.69,73.00972880305042,0
50000,3600,1400,3518.28,1426.47,1.2,3.83,85.90005413269522,2.63,32.661617540948754,0
50000,3600,1400,3489.83,1626.79,1.2,1.83,252.1331652123536,0.6300000000000001,400.21137335294213,0
50000,3600,1400,3635.66,1320.49,1.2,0.0,87.140551409777,-1.2,9999.0,0
50000,3600,1400,3635.66,1416.73,1.2,0.0,39.38944655615245,-1.2,9999.0,0
50000,3600,1400,3639.32,1414.35,1.2,0.0,41.856718696047,-1.2,9999.0,0
50000,3600,1400,3702.92,1316.5,1.2,19.54,132.53217118873445,18.34,7.226399737662729,0
51000,3600,1400,3528.79,1436.71,1.2,10.29,80.11546791974698,9.09,8.813582829455113,0
51000,3600,1400,3640.64,1410.24,1.2,0.0,41.91022786862403,-1.2,9999.0,0
51000,3600,1400,3819.61,1004.02,1.2,12.36,452.80096344862176,11.16,40.573563033030624,0
51000,3600,1400,3998.05,1299.24,1.2,13.74,410.6048953677977,12.54,32.74361207079727,0
51000,3600,1400,3838.58,1385.65,1.2,27.77,239.01116898588648,26.57,8.995527624609954,0
51000,3600,1400,4000.42,1349.13,1.2,23.77,403.6383694595944,22.57,17.883844459884553,0
51000,3600,1400,3627.32,1429.03,1.2,0.0,39.86380940151113,-1.2,9999.0,0
51000,3600,1400,3662.76,1385.58,1.2,0.0,64.39529485917453,-1.2,9999.0,0
51000,3600,1400,3715.87,1407.6,1.2,14.97,116.11897734651288,13.77,8.432750715069925,0
51000,3600,1400,3829.9,1050.97,1.2,19.11,417.9425210480504,17.91,23.335707484536595,0
51000,3600,1400,3927.09,1367.46,1.2,21.8,328.7046085773671,20.6,15.956534396959565,0
51000,3600,1400,3694.18,1335.74,1.2,4.31,114.01412193232892,3.1099999999999994,36.660489367308344,0
51000,3600,1400,3641.18,1411.75,1.2,0.0,42.82353208225574,-1.2,9999.0,0
51000,3600,1400,3658.35,1420.38,1.2,0.0,61.8066897673706,-1.2,9999.0,0
51000,3600,1400,3655.18,1394.78,1.2,3.32,55.4263547421259,2.12,26.14450695383297,0
51000,3600,1400,3394.99,1714.61,1.2,11.75,375.5110546974617,10.55,35.593464900233336,0
51000,3600,1400,3849.38,1380.17,1.2,18.54,250.16717070790887,17.34,14.427172474504548,0
51000,3600,1400,3749.4,1248.58,1.2,18.54,212.7166575517772,17.34,12.267396629283574,0
51000,3600,1400,3781.64,1352.6,1.2,11.84,187.722799893886,10.64,17.643120290778757,0
51000,3600,1400,3631.53,1422.8,1.2,0.0,38.90990747868736,-1.2,9999.0,0
51000,3600,1400,3651.09,1384.77,1.2,1.9,53.31173416800485,0.7,76.15962024000693,0
51000,3600,1400,3659.69,1615.25,1.2,8.55,223.37291375634604,7.35,30.390872619911026,0
51000,3600,1400,3665.7,1420.67,1.2,0.0,68.87480598883731,-1.2,9999.0,0
51000,3600,1400,3629.37,1190.84,1.2,8.27,211.21198474518445,7.069999999999999,29.874396710775738,0
51000,3600,1400,3591.01,1377.35,1.2,13.06,24.36888589985189,11.86,2.0547121332084224,1
51000,3600,1400,3773.02,1360.04,1.2,12.99,177.57455335717447,11.79,15.061454907309116,0
51000,3600,1400,3623.12,1435.25,1.2,0.0,42.15562714513918,-1.2,9999.0,0
51000,3600,1400,3819.41,1383.06,1.2,19.63,220.0629721238899,18.43,11.940475969825822,0
51000,3600,1400,3761.82,1398.15,1.2,20.39,161.8305746761101,19.19,8.433067987290782,0
51000,3600,1400,3430.61,1655.94,1.2,13.55,306.9173434330488,12.35,24.851606755712456,0
51000,3600,1400,3882.11,1373.43,1.2,19.6,283.35846025838026,18.4,15.399916318390233,0
51000,3600,1400,3589.61,1467.75,1.2,16.35,68.54206445679907,15.150000000000002,4.524228677016439,0
51000,3600,1400,3581.42,1470.91,1.2,0.0,73.30378230350743,-1.2,9999.0,0
51000,3600,1400,3639.98,1356.59,1.2,11.88,59.01549372834229,10.68,5.525795292915945,0
51000,3600,1400,3537.96,1498.91,1.2,9.33,116.75679723253808,8.13,14.3612296718989,0
51000,3600,1400,3648.35,1406.24,1.2,0.5,48.75100101536369,-0.7,9999.0,0
51000,3600,1400,3514.41,1422.71,1.2,5.39,88.55163578387486,4.19,21.13404195319209,0
51000,3600,1400,3491.9,1623.46,1.2,3.92,248.2337237363207,2.72,91.26239843247085,0
51000,3600,1400,3635.48,1318.04,1.2,2.46,89.3099770462405,1.26,70.88093416368294,0
51000,3600,1400,3665.97,1335.67,1.2,0.0,92.14331120596852,-1.2,9999.0,0
51000,3600,1400,3635.66,1416.73,1.2,0.0,39.38944655615245,-1.2,9999.0,0
51000,3600,1400,3639.32,1414.35,1.2,0.0,41.856718696047,-1.2,9999.0,0
51000,3600,1400,3714.76,1298.4,1.2,21.63,153.27236411042935,20.43,7.5023183607650195,0
52000,3600,1400,3522.77,1430.83,1.2,8.42,83.1562493141676,7.22,11.517486054593851,0
52000,3600,1400,3640.64,1410.24,1.2,0.0,41.91022786862403,-1.2,9999.0,0
52000,3600,1400,3822.68,1018.01,1.2,14.38,442.1569206740973,13.18,33.547566060250176,0
52000,3600,1400,3984.56,1302.14,1.2,13.8,396.816044534492,12.6,31.493336867816826,0
52000,3600,1400,3810.58,1391.41,1.2,28.58,210.7551292377008,27.38,7.6974115864755595,0
52000,3600,1400,4019.29,1345.25,1.2,19.27,422.8494609196043,18.07,23.40063425122326,0
52000,3600,1400,3627.32,1429.03,1.2,0.0,39.86380940151113,-1.2,9999.0,0
52000,3600,1400,3662.76,1385.58,1.2,0.0,64.39529485917453,-1.2,9999.0,0
52000,3600,1400,3733.26,1404.03,1.2,17.51,133.32092296410215,16.310000000000002,8.174182891729131,0
52000,3600,1400,3832.44,1072.13,1.2,21.45,401.9043300339024,20.25,19.8471274090816,0
52000,3600,1400,3903.46,1372.31,1.2,24.12,304.7207044163557,22.92,13.29496965167346,0
52000,3600,1400,3697.76,1330.26,1.2,6.54,120.08615740375758,5.34,22.48804445763251,0
52000,3600,1400,3641.18,1411.75,1.2,0.0,42.82353208225574,-1.2,9999.0,0
52000,3600,1400,3658.35,1420.38,1.2,0.0,61.8066897673706,-1.2,9999.0,0
52000,3600,1400,3656.28,1400.26,1.2,4.21,56.28060056538152,3.01,18.69787394198722,0
52000,3600,1400,3388.53,1724.27,1.2,11.62,387.13123588778,10.42,37.152709778097886,0
52000,3600,1400,3868.56,1376.22,1.2,19.59,269.61076017102874,18.39,14.660726491083672,0
52000,3600,1400,3759.62,1231.54,1.2,19.89,232.07179061661063,18.69,12.416896234168572,0
52000,3600,1400,3792.92,1347.46,1.2,12.4,199.94643782773431,11.2,17.852360520333423,0
52000,3600,1400,3631.53,1422.8,1.2,0.0,38.90990747868736,-1.2,9999.0,0
52000,3600,1400,3652.68,1387.23,1.2,2.93,54.20567590206751,1.7300000000000002,31.33276063703324,0
52000,3600,1400,3650.29,1619.55,1.2,10.34,225.2360686035875,9.14,24.642895908488786,0
52000,3600,1400,3665.7,1420.67,1.2,0.0,68.87480598883731,-1.2,9999.0,0
52000,3600,1400,3628.99,1200.74,1.2,9.91,201.357810129133,8.71,23.118003459142706,0
52000,3600,1400,3590.28,1390.87,1.2,13.61,13.335490242207,12.41,1.074576167784609,1
52000,3600,1400,3760.75,1365.63,1.2,13.48,164.38326982999212,12.28,13.386259758142682,0
52000,3600,1400,3623.12,1435.25,1.2,0.0,42.15562714513918,-1.2,9999.0,0
52000,3600,1400,3838.33,1379.17,1.2,19.32,239.2385374474605,18.12,13.203009792906208,0
52000,3600,1400,3784.26,1393.54,1.2,22.9,184.37320629635988,21.7,8.496461119647922,0
52000,3600,1400,3438.33,1644.5,1.2,13.8,293.1167666647543,12.6,23.26323544958368,0
52000,3600,1400,3902.67,1369.21,1.2,20.99,304.2320709589968,19.79,15.373020260687056,0
52000,3600,1400,3599.99,1452.37,1.2,18.55,52.37000095474497,17.35,3.0184438590631104,0
52000,3600,1400,3583.26,1472.21,1.2,2.26,74.1249735244472,1.0599999999999998,69.92922030608227,0
52000,3600,1400,3638.3,1346.09,1.2,10.63,66.1300090730375,9.43,7.012726306790827,0
52000,3600,1400,3531.35,1508.74,1.2,11.85,128.59708433708758,10.65,12.074843599726533,0
52000,3600,1400,3647.47,1407.52,1.2,1.55,48.06195272770324,0.3500000000000001,137.31986493629495,0
52000,3600,1400,3509.16,1417.62,1.2,7.32,92.53307516774755,6.12,15.119783524141758,0
52000,3600,1400,3497.64,1620.27,1.2,5.74,242.89183292157028,4.54,53.50040372721812,0
52000,3600,1400,3635.13,1313.2,1.2,4.86,93.63950501791432,3.66,25.584564212544894,0
52000,3600,1400,3663.66,1334.95,1.2,2.43,91.01702093564684,1.2300000000000002,73.99757799646083,0
52000,3600,1400,4046.41,1346.27,1.2,0.0,449.6318505177317,-1.2,9999.0,0
52000,3600,1400,3635.66,1416.73,1.2,0.0,39.38944655615245,-1.2,9999.0,0
52000,3600,1400,3639.32,1414.35,1.2,0.0,41.856718696047,-1.2,9999.0,0
52000,3600,1400,3727.46,1278.97,1.2,23.22,175.76778003946004,22.02,7.982188012691192,0
53000,3600,1400,3516.19,1424.44,1.2,9.17,87.30080011088096,7.97,10.953676299985064,0
53000,3600,1400,3640.64,1410.24,1.2,0.0,41.91022786862403,-1.2,9999.0,0
53000,3600,1400,3826.2,1034.07,1.2,16.51,430.199029403833,15.310000000000002,28.099218119126906,0
53000,3600,1400,3971.59,1304.92,1.2,13.26,383.5613829623625,12.06,31.804426447957084,0
53000,3600,1400,3782.22,1397.23,1.2,28.96,182.2410527296194,27.76,6.5648794210957995,0
53000,3600,1400,4033.76,1342.31,1.2,14.77,437.5795627083151,13.57,32.24609894681762,0
53000,3600,1400,3627.32,1429.03,1.2,0.0,39.86380940151113,-1.2,9999.0,0
53000,3600,1400,3662.76,1385.58,1.2,0.0,64.39529485917453,-1.2,9999.0,0
53000,3600,1400,3752.91,1399.99,1.2,20.07,152.91000032698958,18.87,8.103338650078939,0
53000,3600,1400,3832.77,1095.86,1.2,23.84,382.9921833406004,22.64,16.916615871934646,0
53000,3600,1400,3878.21,1377.51,1.2,25.78,279.1175454893512,24.58,11.355473779062295,0
53000,3600,1400,3702.33,1323.26,1.2,8.37,127.90800014072607,7.169999999999999,17.839330563560125,0
53000,3600,1400,3641.18,1411.75,1.2,0.0,42.82353208225574,-1.2,9999.0,0
53000,3600,1400,3658.35,1420.38,1.2,0.0,61.8066897673706,-1.2,9999.0,0
53000,3600,1400,3653.44,1404.54,1.2,5.61,53.632501340138944,4.41,12.161564929736722,0
53000,3600,1400,3381.85,1734.26,1.2,12.01,399.1480553629192,10.81,36.923964418401404,0
53000,3600,1400,3889.58,1371.9,1.2,21.46,290.94017666867524,20.26,14.360324613458797,0
53000,3600,1400,3771.2,1213.03,1.2,21.85,253.50980434689296,20.65,12.276503842464551,0
53000,3600,1400,3803.45,1342.73,1.2,11.55,211.35693837676567,10.35,20.420960229639196,0
53000,3600,1400,3631.53,1422.8,1.2,0.0,38.90990747868736,-1.2,9999.0,0
53000,3600,1400,3654.12,1390.3,1.2,3.4,54.98240082062613,2.2,24.992000373011876,0
53000,3600,1400,3638.49,1623.15,1.2,12.34,226.44514258424715,11.14,20.327212081171197,0
53000,3600,1400,3665.7,1420.67,1.2,0.0,68.87480598883731,-1.2,9999.0,0
53000,3600,1400,3628.85,1212.67,1.2,11.94,189.5385222059093,10.74,17.647907095522278,0
53000,3600,1400,3590.48,1404.41,1.2,13.54,10.491830154934856,12.34,0.8502293480498263,1
53000,3600,1400,3747.73,1368.66,1.2,13.41,151.01770922643476,12.21,12.36836275400776,0
53000,3600,1400,3623.12,1435.25,1.2,0.0,42.15562714513918,-1.2,9999.0,0
53000,3600,1400,3858.12,1375.1,1.2,20.21,259.3182299800767,19.01,13.641148341929336,0
53000,3600,1400,3808.68,1388.52,1.2,24.93,208.9955329666161,23.73,8.807228527881,0
53000,3600,1400,3445.61,1633.7,1.2,13.03,280.09277409458457,11.83,23.676481326676633,0
53000,3600,1400,3925.16,1364.59,1.2,22.96,327.0823958882531,21.76,15.031360105158688,0
53000,3600,1400,3611.37,1435.52,1.2,20.33,37.29540588329876,19.13,1.9495768888289997,0
53000,3600,1400,3587.51,1473.65,1.2,4.82,74.70155687801967,3.62,20.635789192823115,0
53000,3600,1400,3637.11,1339.53,1.2,6.67,70.94908737961336,5.47,12.970582701940286,0
53000,3600,1400,3524.55,1519.4,1.2,12.65,141.2411501652404,11.45,12.335471630152002,0
53000,3600,1400,3647.17,1407.95,1.2,0.53,47.8352526908765,-0.6699999999999999,9999.0,0
53000,3600,1400,3502.21,1410.87,1.2,9.68,98.39228120132184,8.48,11.60286334921248,0
53000,3600,1400,3501.61,1613.96,1.2,7.47,235.49835179890323,6.27,37.55954574145187,0
53000,3600,1400,3634.62,1306.31,1.2,6.9,99.881732564068,5.7,17.52311097615228,0
53000,3600,1400,3659.36,1334.12,1.2,4.38,88.67797922821669,3.18,27.886156990005247,0
53000,3600,1400,4043.94,1346.77,1.2,2.52,447.11984579081263,1.32,338.7271559021308,0
53000,3600,1400,3635.66,1416.73,1.2,0.0,39.38944655615245,-1.2,9999.0,0
53000,3600,1400,3639.32,1414.35,1.2,0.0,41.856718696047,-1.2,9999.0,0
54000,3600,1400,3508.81,1417.28,1.2,10.29,92.81279276048107,9.09,10.210428246477566,0
54000,3600,1400,3640.64,1410.24,1.2,0.0,41.91022786862403,-1.2,9999.0,0
54000,3600,1400,3830.08,1051.79,1.2,18.21,417.35717377325625,17.01,24.535989051925704,0
54000,3600,1400,3958.73,1307.68,1.2,13.16,370.4189456547815,11.96,30.97148375039979,0
54000,3600,1400,3754.93,1402.84,1.2,27.86,154.9560276336482,26.66,5.81230411228988,0
54000,3600,1400,4043.82,1340.26,1.2,10.27,447.8225764742105,9.07,49.37404371270237,0
54000,3600,1400,3627.32,1429.03,1.2,0.0,39.86380940151113,-1.2,9999.0,0
54000,3600,1400,3662.76,1385.58,1.2,0.0,64.39529485917453,-1.2,9999.0,0
54000,3600,1400,3774.55,1395.53,1.2,22.09,174.60722608185512,20.89,8.358411971366927,0
54000,3600,1400,3832.13,1121.19,1.2,24.76,362.7938160994479,23.56,15.398718849721899,0
54000,3600,1400,3851.68,1382.96,1.2,27.09,252.25618723829135,25.89,9.743383052850186,0
54000,3600,1400,3708.03,1314.54,1.2,10.41,137.74575311057706,9.21,14.956107829595771,0
54000,3600,1400,3641.18,1411.75,1.2,0.0,42.82353208225574,-1.2,9999.0,0
54000,3600,1400,3658.35,1420.38,1.2,0.0,61.8066897673706,-1.2,9999.0,0
54000,3600,1400,3656.08,1413.43,1.2,7.73,57.66568563712734,6.53,8.830886008748443,0
54000,3600,1400,3375.78,1743.33,1.2,10.91,410.0610897171296,9.71,42.230802236573595,0
54000,3600,1400,3911.88,1367.32,1.2,22.76,313.58749464862285,21.56,14.544874519880468,0
54000,3600,1400,3783.88,1192.58,1.2,23.98,277.19110880401644,22.78,12.168178612994575,0
54000,3600,1400,3815.03,1338.28,1.2,12.4,223.71244779850784,11.2,19.974325696295345,0
54000,3600,1400,3631.53,1422.8,1.2,0.0,38.90990747868736,-1.2,9999.0,0
54000,3600,1400,3655.2,1394.89,1.2,4.75,55.43601807489405,3.55,15.615779739406776,0
54000,3600,1400,3624.63,1626.28,1.2,14.22,227.6165092870023,13.02,17.48206676551477,0
54000,3600,1400,3665.7,1420.67,1.2,0.0,68.87480598883731,-1.2,9999.0,0
54000,3600,1400,3629.4,1227.18,1.2,14.53,175.30291611949866,13.33,13.151006460577545,0
54000,3600,1400,3588.36,1417.83,1.2,13.68,21.293156177513808,12.48,1.7061823860187346,1
54000,3600,1400,3735.31,1370.13,1.2,12.51,138.56771990618876,11.31,12.251787790113948,0
54000,3600,1400,3623.12,1435.25,1.2,0.0,42.15562714513918,-1.2,9999.0,0
54000,3600,1400,3879.63,1370.68,1.2,21.96,281.16294083680384,20.76,13.543494259961648,0
54000,3600,1400,3832.74,1383.58,1.2,24.56,233.3185033382477,23.36,9.98794962920581,0
54000,3600,1400,3453.15,1622.68,1.2,13.36,266.742019374526,12.16,21.936021330141944,0
54000,3600,1400,3949.28,1359.64,1.2,24.63,351.60410691571866,23.43,15.006577333150604,0
54000,3600,1400,3622.29,1419.33,1.2,19.54,29.5041183565955,18.34,1.6087305537947383,1
54000,3600,1400,3589.52,1467.88,1.2,6.15,68.68423982253873,4.95,13.875604004553278,0
54000,3600,1400,3632.9,1335.92,1.2,6.12,72.03232885309205,4.92,14.640717246563426,0
54000,3600,1400,3517.67,1530.19,1.2,12.79,154.03786872064933,11.59,13.290584013861029,0
54000,3600,1400,3647.03,1408.14,1.2,0.23,47.72924156112289,-0.97,9999.0,0
54000,3600,1400,3494.37,1403.27,1.2,10.92,105.68060276133944,9.72,10.872489996022576,0
54000,3600,1400,3509.45,1607.6,1.2,9.57,226.48854827562477,8.370000000000001,27.059563712738917,0
54000,3600,1400,3634.0,1297.88,1.2,8.46,107.63128913099564,7.260000000000001,14.825246436776258,0
54000,3600,1400,3653.29,1333.37,1.2,6.14,85.31928855774649,4.94,17.271111044078236,0
54000,3600,1400,4040.19,1347.53,1.2,3.82,443.3061436524425,2.62,169.20081818795512,0
54000,3600,1400,3581.42,1470.91,1.2,0.0,73.30378230350743,-1.2,9999.0,0
54000,3600,1400,3574.32,1466.33,1.2,0.0,71.12757060381004,-1.2,9999.0,0
54000,3600,1400,3635.66,1416.73,1.2,0.0,39.38944655615245,-1.2,9999.0,0
54000,3600,1400,3639.32,1414.35,1.2,0.0,41.856718696047,-1.2,9999.0,0
55000,3600,1400,3500.62,1409.33,1.2,11.41,99.81699905326757,10.21,9.776395597773512,0
55000,3600,1400,3640.64,1410.24,1.2,0.0,41.91022786862403,-1.2,9999.0,0
55000,3600,1400,3832.45,1072.18,1.2,20.66,401.8693256520083,19.46,20.651044483659213,0
55000,3600,1400,3945.94,1310.43,1.2,13.08,357.3475458149951,11.88,30.079759748736958,0
55000,3600,1400,3730.54,1407.85,1.2,24.96,130.7758161893857,23.76,5.504032667903438,0
55000,3600,1400,4049.48,1339.11,1.2,5.77,453.5855624906948,4.569999999999999,99.25285831306233,0
55000,3600,1400,3627.32,1429.03,1.2,0.0,39.86380940151113,-1.2,9999.0,0
55000,3600,1400,3662.76,1385.58,1.2,0.0,64.39529485917453,-1.2,9999.0,0
55000,3600,1400,3798.15,1390.69,1.2,24.09,198.3685927761752,22.89,8.666168317001974,0
55000,3600,1400,3821.7,1143.98,1.2,25.1,338.66964788714074,23.9,14.170278154273673,0
55000,3600,1400,3823.81,1388.69,1.2,28.45,224.0955871943934,27.25,8.223691273188749,0
55000,3600,1400,3641.18,1411.75,1.2,0.0,42.82353208225574,-1.2,9999.0,0
55000,3600,1400,3658.35,1420.38,1.2,0.0,61.8066897673706,-1.2,9999.0,0
55000,3600,1400,3649.77,1422.25,1.2,9.96,54.51711107533119,8.760000000000002,6.223414506316344,0
55000,3600,1400,3372.22,1748.66,1.2,6.41,416.4703158689706,5.21,79.93672089615559,0
55000,3600,1400,3934.12,1362.75,1.2,22.7,336.19003093488647,21.5,15.63674562487844,0
55000,3600,1400,3796.2,1172.71,1.2,23.28,300.25852877145707,22.08,13.598665252330484,0
55000,3600,1400,3826.84,1333.75,1.2,12.64,236.31641521485568,11.44,20.657029301997873,0
55000,3600,1400,3631.53,1422.8,1.2,0.0,38.90990747868736,-1.2,9999.0,0
55000,3600,1400,3656.02,1400.6,1.2,4.55,56.02321304602225,3.35,16.723347177917088,0
55000,3600,1400,3609.26,1629.32,1.2,15.67,229.5068844283325,14.47,15.8608766018198,0
55000,3600,1400,3665.7,1420.67,1.2,0.0,68.87480598883731,-1.2,9999.0,0
55000,3600,1400,3630.78,1242.41,1.2,15.29,160.56779409333612,14.09,11.395868991720093,0
55000,3600,1400,3583.13,1430.25,1.2,13.56,34.6360996649449,12.36,2.8022734356751537,0
55000,3600,1400,3723.6,1368.84,1.2,12.37,127.4672726624367,11.17,11.411573201650555,0
55000,3600,1400,3623.12,1435.25,1.2,0.0,42.15562714513918,-1.2,9999.0,0
55000,3600,1400,3902.26,1366.03,1.2,23.1,304.1628979675203,21.9,13.888716802169876,0
55000,3600,1400,3857.22,1378.55,1.2,24.99,258.1128259114605,23.79,10.849635389300568,0
55000,3600,1400,3460.75,1611.94,1.2,13.15,253.5924409362393,11.95,21.221124764538857,0
55000,3600,1400,3974.31,1354.5,1.2,25.56,377.0652809527814,24.36,15.478870318258679,0
55000,3600,1400,3631.01,1405.77,1.2,15.54,31.54224151831973,14.34,2.1995984322398696,0
55000,3600,1400,3594.0,1461.25,1.2,8.0,61.543175901150896,6.8,9.050467044286897,0
55000,3600,1400,3627.33,1337.26,1.2,5.76,68.43417640331472,4.56,15.007494825288317,0
55000,3600,1400,3510.6,1541.3,1.2,13.17,167.206608721067,11.97,13.968806075277108,0
55000,3600,1400,3647.02,1408.16,1.2,0.03,47.72280377345823,-1.17,9999.0,0
55000,3600,1400,3485.93,1395.07,1.2,11.77,114.17648531987678,10.57,10.801938062429212,0
55000,3600,1400,3515.7,1597.39,1.2,11.84,214.6376064439782,10.64,20.172707372554342,0
55000,3600,1400,3633.18,1287.5,1.2,10.41,117.29093059567732,9.21,12.735171617337384,0
55000,3600,1400,3648.2,1333.5,1.2,5.1,82.13093205364214,3.9,21.059213347087727,0
55000,3600,1400,4034.88,1348.61,1.2,5.42,437.90586488422383,4.22,103.76916229483977,0
55000,3600,1400,3582.56,1471.72,1.2,1.4,73.80997222598045,0.1999999999999999,369.0498611299024,0
55000,3600,1400,3575.01,1466.77,1.2,0.81,71.29328860418761,-0.3899999999999999,9999.0,0
55000,3600,1400,3675.31,1340.17,1.2,0.0,96.1832885692727,-1.2,9999.0,0
55000,3600,1400,3635.66,1416.73,1.2,0.0,39.38944655615245,-1.2,9999.0,0
55000,3600,1400,3639.32,1414.35,1.2,0.0,41.856718696047,-1.2,9999.0,0
56000,3600,1400,3492.57,1401.52,1.2,11.22,107.44075251039509,10.02,10.722629991057394,0
56000,3600,1400,3640.64,1410.24,1.2,0.0,41.91022786862403,-1.2,9999.0,0
56000,3600,1400,3832.82,1094.24,1.2,22.16,384.3102002289298,20.96,18.335410316265733,0
56000,3600,1400,3932.82,1313.25,1.2,13.43,343.93998735244514,12.23,28.122648189079733,0
56000,3600,1400,3710.39,1411.99,1.2,20.84,111.03923720919543,19.64,5.653728982138261,0
56000,3600,1400,4052.02,1340.24,1.2,3.01,455.9532190916081,1.81,251.9078558517172,0
56000,3600,1400,3627.32,1429.03,1.2,0.0,39.86380940151113,-1.2,9999.0,0
56000,3600,1400,3662.76,1385.58,1.2,0.0,64.39529485917453,-1.2,9999.0,0
56000,3600,1400,3821.67,1385.86,1.2,24.02,222.12052696678,22.82,9.73359013877213,0
56000,3600,1400,3808.41,1165.19,1.2,24.94,313.9593352649351,23.74,13.224908814866685,0
56000,3600,1400,3793.47,1394.92,1.2,30.98,193.5366820527828,29.78,6.4988811972056,0
56000,3600,1400,3641.18,1411.75,1.2,0.0,42.82353208225574,-1.2,9999.0,0
56000,3600,1400,3658.35,1420.38,1.2,0.0,61.8066897673706,-1.2,9999.0,0
56000,3600,1400,3642.51,1431.5,1.2,11.31,52.90888488713421,10.11,5.233321947293196,0
56000,3600,1400,3369.74,1748.94,1.2,2.83,418.0655345756215,1.63,256.48192305252854,0
56000,3600,1400,3955.51,1358.36,1.2,21.84,357.9402878972974,20.64,17.342068212078363,0
56000,3600,1400,3808.66,1152.72,1.2,23.46,323.55276849379595,22.26,14.53516480205732,0
56000,3600,1400,3838.42,1329.89,1.2,12.23,248.51460419862656,11.03,22.530789138588084,0
56000,3600,1400,3631.53,1422.8,1.2,0.0,38.90990747868736,-1.2,9999.0,0
56000,3600,1400,3653.39,1405.28,1.2,5.95,53.65044734203048,4.75,11.294831019374838,0
56000,3600,1400,3593.77,1633.03,1.2,15.96,233.11326388689253,14.760000000000002,15.793581564152609,0
56000,3600,1400,3665.7,1420.67,1.2,0.0,68.87480598883731,-1.2,9999.0,0
56000,3600,1400,3632.88,1257.69,1.2,15.43,146.05899664176798,14.23,10.264159988880392,0
56000,3600,1400,3576.28,1441.3,1.2,13.0,47.62697135027575,11.8,4.036184012735233,0
56000,3600,1400,3711.95,1362.06,1.2,13.48,118.20425584554884,12.28,9.625753733350884,0
56000,3600,1400,3623.12,1435.25,1.2,0.0,42.15562714513918,-1.2,9999.0,0
56000,3600,1400,3924.77,1361.4,1.2,22.98,327.0558253570788,21.78,15.016337252391128,0
56000,3600,1400,3880.56,1373.75,1.2,23.83,281.7853369144675,22.63,12.451848736830204,0
56000,3600,1400,3468.31,1600.77,1.2,13.48,240.10591204716303,12.28,19.552598700909044,0
56000,3600,1400,3996.21,1350.0,1.2,22.35,399.3524309428954,21.15,18.881911628505694,0
56000,3600,1400,3639.15,1397.73,1.2,11.04,39.21575448719567,9.84,3.9853409031702913,0
56000,3600,1400,3599.79,1452.66,1.2,10.36,52.66041872222446,9.16,5.74895400897647,0
56000,3600,1400,3620.47,1340.09,1.2,7.45,63.31057573581212,6.25,10.12969211772994,0
56000,3600,1400,3503.22,1552.88,1.2,13.73,180.93828450607148,12.53,14.440405786597884,0
56000,3600,1400,3647.02,1408.17,1.2,0.0,47.72451466489732,-1.2,9999.0,0
56000,3600,1400,3477.65,1387.04,1.2,11.54,123.03448337762865,10.34,11.898886206733911,0
56000,3600,1400,3523.19,1585.26,1.2,14.32,200.5518479097113,13.12,15.285964017508485,0
56000,3600,1400,3632.14,1276.0,1.2,11.55,128.09753939869412,10.35,12.376573854946292,0
56000,3600,1400,3641.26,1335.49,1.2,7.53,76.57628679950483,6.33,12.097359683966008,0
56000,3600,1400,4028.26,1349.96,1.2,6.75,431.1735488176428,5.55,77.6889277148906,0
56000,3600,1400,3585.04,1473.31,1.2,2.95,74.82083733827089,1.7500000000000002,42.754764193297646,0
56000,3600,1400,3576.06,1467.44,1.2,1.25,71.56309942980397,0.05,1431.2619885960794,0
56000,3600,1400,3673.14,1338.89,1.2,2.52,95.30945231192952,1.32,72.20413053934054,0
56000,3600,1400,3635.66,1416.73,1.2,0.0,39.38944655615245,-1.2,9999.0,0
56000,3600,1400,3639.32,1414.35,1.2,0.0,41.856718696047,-1.2,9999.0,0
57000,3600,1400,3484.33,1393.52,1.2,11.48,115.85136727721437,10.28,11.269588256538363,0
57000,3600,1400,3640.64,1410.24,1.2,0.0,41.91022786862403,-1.2,9999.0,0
57000,3600,1400,3829.42,1117.79,1.2,23.9,363.69770483191127,22.7,16.021925322991688,0
57000,3600,1400,3920.1,1315.97,1.2,13.0,330.945691768302,11.8,28.04624506511034,0
57000,3600,1400,3694.59,1415.23,1.2,16.34,95.80825121042564,15.14,6.328153976910544,0
57000,3600,1400,4050.12,1342.25,1.2,2.99,453.8095160967869,1.7900000000000005,253.52486932781386,0
57000,3600,1400,3627.32,1429.03,1.2,0.0,39.86380940151113,-1.2,9999.0,0
57000,3600,1400,3662.76,1385.58,1.2,0.0,64.39529485917453,-1.2,9999.0,0
57000,3600,1400,3845.07,1381.05,1.2,23.89,245.8015610202671,22.69,10.833034862065539,0
57000,3600,1400,3794.89,1186.98,1.2,25.54,288.72068249434426,24.34,11.861983668625482,0
57000,3600,1400,3764.42,1400.89,1.2,29.65,164.42240875257855,28.45,5.779346529088877,0
57000,3600,1400,3641.18,1411.75,1.2,0.0,42.82353208225574,-1.2,9999.0,0
57000,3600,1400,3658.35,1420.38,1.2,0.0,61.8066897673706,-1.2,9999.0,0
57000,3600,1400,3635.03,1442.48,1.2,13.42,55.06043316211756,12.22,4.5057637612207495,0
57000,3600,1400,3369.55,1746.89,1.2,2.14,416.4611321600132,0.9400000000000002,443.0437576170353,0
57000,3600,1400,3977.1,1353.92,1.2,22.04,379.9049570616313,20.84,18.229604465529334,0
57000,3600,1400,3821.2,1132.59,1.2,23.64,347.0411331528296,22.44,15.465291138717896,0
57000,3600,1400,3850.59,1327.34,1.2,12.44,260.9115246592225,11.24,23.212769097795594,0
57000,3600,1400,3631.53,1422.8,1.2,0.0,38.90990747868736,-1.2,9999.0,0
57000,3600,1400,3655.66,1414.72,1.2,8.18,57.573552956196686,6.98,8.248360022377748,0
57000,3600,1400,3580.86,1642.14,1.2,15.95,242.89528443343653,14.75,16.46747691074146,0
57000,3600,1400,3665.7,1420.67,1.2,0.0,68.87480598883731,-1.2,9999.0,0
57000,3600,1400,3635.07,1273.19,1.2,15.66,131.57006118414628,14.46,9.098897730577198,0
57000,3600,1400,3569.03,1453.01,1.2,13.77,61.3938189071179,12.57,4.884154248776285,0
57000,3600,1400,3703.76,1357.29,1.2,9.48,112.20642450412564,8.280000000000001,13.551500543976525,0
57000,3600,1400,3623.12,1435.25,1.2,0.0,42.15562714513918,-1.2,9999.0,0
57000,3600,1400,3904.34,1368.87,1.2,24.28,305.92795311968484,23.08,13.255110620436952,0
57000,3600,1400,3475.53,1589.84,1.2,13.1,227.0066221501036,11.9,19.076186735302823,0
57000,3600,1400,4013.7,1346.4,1.2,17.85,417.1578238508776,16.650000000000002,25.05452395500766,0
57000,3600,1400,3648.29,1394.81,1.2,10.02,48.56809858332934,8.82,5.506587140967045,0
57000,3600,1400,3606.95,1442.06,1.2,12.79,42.630342480444526,11.59,3.678200386578475,0
57000,3600,1400,3612.39,1345.21,1.2,9.59,56.17344746408211,8.39,6.695285752572361,0
57000,3600,1400,3496.26,1563.8,1.2,12.95,193.8876674778464,11.75,16.50107808322097,0
57000,3600,1400,3647.02,1408.17,1.2,0.0,47.72451466489732,-1.2,9999.0,0
57000,3600,1400,3470.25,1379.85,1.2,10.32,131.30531215453547,9.12,14.397512297646434,0
57000,3600,1400,3532.3,1571.59,1.2,16.5,184.46251136748612,15.3,12.056373291992555,0
57000,3600,1400,3630.74,1264.59,1.2,11.49,138.8553769214574,10.29,13.494205726089156,0
57000,3600,1400,3640.89,1342.0,1.2,6.67,70.96472433540477,5.47,12.97344137758771,0
57000,3600,1400,4020.09,1351.62,1.2,8.34,422.8666840743074,7.14,59.22502578071532,0
57000,3600,1400,3587.79,1470.79,1.2,5.51,71.8352852016333,4.31,16.667119536341833,0
57000,3600,1400,3578.36,1468.9,1.2,2.72,72.21841593388771,1.5200000000000002,47.512115745978754,0
57000,3600,1400,3669.57,1337.26,1.2,3.92,93.68186857658225,2.72,34.44186344727288,0
57000,3600,1400,3507.18,1592.95,1.2,0.0,214.11505061531767,-1.2,9999.0,0
57000,3600,1400,3635.66,1416.73,1.2,0.0,39.38944655615245,-1.2,9999.0,0
57000,3600,1400,3639.32,1414.35,1.2,0.0,41.856718696047,-1.2,9999.0,0
58000,3600,1400,3476.73,1386.15,1.2,10.59,124.04561822168483,9.39,13.210395976750247,0
58000,3600,1400,3640.64,1410.24,1.2,0.0,41.91022786862403,-1.2,9999.0,0
58000,3600,1400,3819.8,1140.98,1.2,25.41,339.710759912017,24.21,14.031836427592607,0
58000,3600,1400,3907.15,1318.74,1.2,13.24,317.71734308973447,12.04,26.388483645326787,0
58000,3600,1400,3683.15,1417.58,1.2,11.84,84.98811034491833,10.64,7.987604355725406,0
58000,3600,1400,4044.87,1343.32,1.2,5.35,448.4662075340793,4.15,108.06414639375403,0
58000,3600,1400,3627.32,1429.03,1.2,0.0,39.86380940151113,-1.2,9999.0,0
58000,3600,1400,3662.76,1385.58,1.2,0.0,64.39529485917453,-1.2,9999.0,0
58000,3600,1400,3867.76,1376.38,1.2,23.16,268.799780505863,21.96,12.240427163290665,0
58000,3600,1400,3781.16,1209.11,1.2,25.94,263.1690287628846,24.74,10.637390006583855,0
58000,3600,1400,3739.54,1406.0,1.2,25.4,139.6689357015367,24.2,5.771443624030442,0
58000,3600,1400,3641.18,1411.75,1.2,0.0,42.82353208225574,-1.2,9999.0,0
58000,3600,1400,3658.35,1420.38,1.2,0.0,61.8066897673706,-1.2,9999.0,0
58000,3600,1400,3626.53,1455.09,1.2,15.21,61.14531053155264,14.010000000000002,4.364404748861715,0
58000,3600,1400,3371.82,1743.5,1.2,4.07,412.3813312942281,2.87,143.6868750154105,0
58000,3600,1400,3996.11,1350.02,1.2,19.41,399.250713837809,18.21,21.924805812070783,0
58000,3600,1400,3827.32,1110.32,1.2,23.11,368.22396011123465,21.91,16.806205390745532,0
58000,3600,1400,3862.16,1324.92,1.2,11.82,272.6992335889485,10.62,25.67789393492924,0
58000,3600,1400,3631.53,1422.8,1.2,0.0,38.90990747868736,-1.2,9999.0,0
58000,3600,1400,3648.54,1423.68,1.2,10.42,54.008091986294055,9.22,5.857710627580699,0
58000,3600,1400,3573.66,1655.29,1.2,15.11,256.6452409455511,13.91,18.450412720744147,0
58000,3600,1400,3665.7,1420.67,1.2,0.0,68.87480598883731,-1.2,9999.0,0
58000,3600,1400,3636.51,1289.0,1.2,15.87,116.85024646957324,14.67,7.965251974749369,0
58000,3600,1400,3699.06,1354.56,1.2,5.43,108.98475673230634,4.23,25.764717903618518,0
58000,3600,1400,3623.12,1435.25,1.2,0.0,42.15562714513918,-1.2,9999.0,0
58000,3600,1400,3928.71,1363.86,1.2,24.88,330.6907372455419,23.68,13.964980458004304,0
58000,3600,1400,3483.11,1578.36,1.2,13.76,213.24999812426717,12.56,16.97850303537159,0
58000,3600,1400,4028.88,1343.3,1.2,15.49,432.6117709910354,14.29,30.273741846818435,0
58000,3600,1400,3649.28,1388.46,1.2,6.99,50.61314058621554,5.79,8.741475058068314,0
58000,3600,1400,3615.0,1430.13,1.2,14.39,33.657345409286314,13.19,2.5517320249648456,0
58000,3600,1400,3604.01,1352.59,1.2,11.19,47.579283306918455,9.99,4.762691021713559,0
58000,3600,1400,3488.97,1575.24,1.2,13.57,207.45293080600248,12.37,16.770649216330032,0
58000,3600,1400,3647.02,1408.17,1.2,0.0,47.72451466489732,-1.2,9999.0,0
58000,3600,1400,3464.98,1374.73,1.2,7.34,137.36438148224596,6.14,22.37204910134299,0
58000,3600,1400,3542.75,1555.92,1.2,18.92,166.09819053800683,17.720000000000002,9.373487050677586,0
58000,3600,1400,3628.94,1253.24,1.2,11.49,149.58616647270563,10.29,14.53704241717256,0
58000,3600,1400,3642.31,1350.88,1.2,9.0,64.82985809023482,7.8,8.311520267978823,0
58000,3600,1400,4010.61,1353.57,1.2,9.68,413.22671380248414,8.48,48.72956530689671,0
58000,3600,1400,3591.51,1464.93,1.2,6.91,65.48270764102539,5.71,11.468074893349455,0
58000,3600,1400,3582.27,1471.51,1.2,4.72,73.6751857819171,3.52,20.930450506226446,0
58000,3600,1400,3663.83,1334.98,1.2,6.2,91.11459433043638,5.0,18.222918866087277,0
58000,3600,1400,3765.55,1394.12,1.2,0.0,165.65438992070224,-1.2,9999.0,0
58000,3600,1400,3511.08,1592.62,1.2,2.28,212.15379044457345,1.0799999999999998,196.43869485608656,0
58000,3600,1400,3554.72,1474.77,1.2,0.0,87.41184873917274,-1.2,9999.0,0
58000,3600,1400,3635.66,1416.73,1.2,0.0,39.38944655615245,-1.2,9999.0,0
58000,3600,1400,3639.32,1414.35,1.2,0.0,41.856718696047,-1.2,9999.0,0
59000,3600,1400,3471.0,1380.58,1.2,7.98,130.45357948327828,6.78,19.24094092673721,0
59000,3600,1400,3640.64,1410.24,1.2,0.0,41.91022786862403,-1.2,9999.0,0
59000,3600,1400,3805.1,1164.45,1.2,27.8,312.3296535713507,26.6,11.741716299674838,0
59000,3600,1400,3894.22,1321.5,1.2,13.23,304.51216461744167,12.03,25.312731888399142,0
59000,3600,1400,3676.05,1419.04,1.2,7.34,78.39721997622125,6.14,12.768276869091409,0
59000,3600,1400,4037.64,1344.79,1.2,7.38,441.1087322871765,6.18,71.37681752219684,0
59000,3600,1400,3627.32,1429.03,1.2,0.0,39.86380940151113,-1.2,9999.0,0
59000,3600,1400,3662.76,1385.58,1.2,0.0,64.39529485917453,-1.2,9999.0,0
59000,3600,1400,3890.58,1371.69,1.2,23.3,291.9558057309358,22.1,13.210669942576281,0
59000,3600,1400,3767.95,1230.31,1.2,24.96,238.75070387330788,23.76,10.048430297698143,0
59000,3600,1400,3719.12,1410.2,1.2,21.06,119.5559049148137,19.86,6.019934789265544,0
59000,3600,1400,3641.18,1411.75,1.2,0.0,42.82353208225574,-1.2,9999.0,0
59000,3600,1400,3658.35,1420.38,1.2,0.0,61.8066897673706,-1.2,9999.0,0
59000,3600,1400,3616.98,1469.24,1.2,17.07,71.29164046366166,15.87,4.492226872316425,0
59000,3600,1400,3374.96,1738.81,1.2,5.65,406.7372833906426,4.45,91.40163671699833,0
59000,3600,1400,4013.24,1346.5,1.2,17.48,416.68878986601,16.28,25.595134512654173,0
59000,3600,1400,3829.7,1086.75,1.2,23.65,388.4425987195533,22.45,17.302565644523533,0
59000,3600,1400,3873.46,1322.56,1.2,11.54,284.2135204384197,10.34,27.48680081609475,0
59000,3600,1400,3631.53,1422.8,1.2,0.0,38.90990747868736,-1.2,9999.0,0
59000,3600,1400,3640.84,1433.88,1.2,12.62,53.06373526241834,11.42,4.646561756779189,0
59000,3600,1400,3569.9,1670.24,1.2,15.44,271.91113916130763,14.24,19.094883368069357,0
59000,3600,1400,3665.7,1420.67,1.2,0.0,68.87480598883731,-1.2,9999.0,0
59000,3600,1400,3637.72,1304.82,1.2,15.87,102.381789396357,14.67,6.978990415566257,0
59000,3600,1400,3693.02,1352.54,1.2,6.52,104.427831539298,5.319999999999999,19.62929164272519,0
59000,3600,1400,3623.12,1435.25,1.2,0.0,42.15562714513918,-1.2,9999.0,0
59000,3600,1400,3952.87,1358.9,1.2,24.67,355.255467093752,23.47,15.136577208937025,0
59000,3600,1400,3490.47,1566.94,1.2,13.59,199.6641793111625,12.39,16.114945868536118,0
59000,3600,1400,4041.06,1340.82,1.2,12.43,445.0125795974761,11.23,39.62712195881354,0
59000,3600,1400,3624.22,1416.45,1.2,16.52,29.27816421840673,15.32,1.9111073249612747,1
59000,3600,1400,3595.91,1363.0,1.2,13.27,37.22536903779466,12.07,3.0841233668429706,0
59000,3600,1400,3482.04,1585.78,1.2,12.61,220.06537664975832,11.41,19.287061932494154,0
59000,3600,1400,3647.02,1408.17,1.2,0.0,47.72451466489732,-1.2,9999.0,0
59000,3600,1400,3464.68,1371.95,1.2,3.18,138.1966168182132,1.98,69.7962711203097,0
59000,3600,1400,3555.56,1539.59,1.2,20.94,146.4932820985317,19.74,7.42113891076655,0
59000,3600,1400,3627.53,1242.0,1.2,11.34,160.38048790298654,10.14,15.816616164002617,0
59000,3600,1400,3644.11,1362.14,1.2,11.4,58.129783244048,10.2,5.698998357259608,0
59000,3600,1400,3998.69,1356.02,1.2,12.16,401.1084099093412,10.96,36.597482655961784,0
59000,3600,1400,3596.13,1458.08,1.2,8.26,58.20879057324581,7.06,8.244871186012155,0
59000,3600,1400,3587.0,1473.93,1.2,5.43,75.06427179424315,4.23,17.74569073149956,0
59000,3600,1400,3656.02,1333.48,1.2,7.95,86.96637741104314,6.75,12.883907764598984,0
59000,3600,1400,3767.82,1393.66,1.2,2.33,167.9397153742975,1.13,148.61921714539602,0
59000,3600,1400,3513.19,1589.05,1.2,4.14,208.02855236721703,2.9399999999999995,70.7580110092575,0
59000,3600,1400,3553.24,1476.9,1.2,2.6,90.00059777579277,1.4,64.2861412684234,0
59000,3600,1400,3579.33,1473.34,1.2,0.0,76.19714233486707,-1.2,9999.0,0
59000,3600,1400,3635.66,1416.73,1.2,0.0,39.38944655615245,-1.2,9999.0,0
59000,3600,1400,3639.32,1414.35,1.2,0.0,41.856718696047,-1.2,9999.0,0
60000,3600,1400,3468.5,1378.16,1.2,3.48,133.30129631777777,2.28,58.465480841130606,0
60000,3600,1400,3640.64,1410.24,1.2,0.0,41.91022786862403,-1.2,9999.0,0
60000,3600,1400,3789.81,1189.09,1.2,29.12,283.7443641731057,27.92,10.162763759781722,0
60000,3600,1400,3880.27,1324.42,1.2,14.25,290.28194794027405,13.05,22.24382742837349,0
60000,3600,1400,3673.3,1419.6,1.2,2.84,75.87522652354998,1.64,46.26538202655487,0
60000,3600,1400,4029.0,1346.55,1.2,8.81,432.31690054866,7.61,56.80905394857555,0
60000,3600,1400,3627.32,1429.03,1.2,0.0,39.86380940151113,-1.2,9999.0,0
60000,3600,1400,3662.76,1385.58,1.2,0.0,64.39529485917453,-1.2,9999.0,0
60000,3600,1400,3914.26,1366.83,1.2,24.16,316.00569061331817,22.96,13.763314051102707,0
60000,3600,1400,3755.14,1251.46,1.2,24.75,214.78489518585783,23.55,9.12037771489842,0
60000,3600,1400,3703.11,1413.48,1.2,16.56,103.98741510394431,15.36,6.770014004163041,0
60000,3600,1400,3641.18,1411.75,1.2,0.0,42.82353208225574,-1.2,9999.0,0
60000,3600,1400,3658.35,1420.38,1.2,0.0,61.8066897673706,-1.2,9999.0,0
60000,3600,1400,3606.32,1485.04,1.2,19.06,85.2745214000055,17.86,4.774609260918561,0
60000,3600,1400,3379.11,1732.6,1.2,7.47,399.2682708405464,6.27,63.679150054313624,0
60000,3600,1400,4027.06,1343.67,1.2,14.11,430.7589958433833,12.91,33.366304867806605,0
60000,3600,1400,3828.61,1062.61,1.2,24.07,407.54698403987743,22.87,17.820156713593242,0
60000,3600,1400,3885.69,1320.01,1.2,12.49,296.6768885504903,11.29,26.277846638661675,0
60000,3600,1400,3631.53,1422.8,1.2,0.0,38.90990747868736,-1.2,9999.0,0
60000,3600,1400,3632.35,1446.46,1.2,15.19,56.613197224675424,13.99,4.046690294830266,0
60000,3600,1400,3566.49,1684.61,1.2,14.76,286.57594490815165,13.56,21.133919241014134,0
60000,3600,1400,3665.7,1420.67,1.2,0.0,68.87480598883731,-1.2,9999.0,0
60000,3600,1400,3638.84,1319.9,1.2,15.12,89.01997303976225,13.92,6.395113005730047,0
60000,3600,1400,3687.71,1356.58,1.2,6.9,97.86899662303692,5.7,17.169999407550335,0
60000,3600,1400,3623.12,1435.25,1.2,0.0,42.15562714513918,-1.2,9999.0,0
60000,3600,1400,3976.46,1354.05,1.2,24.08,379.2539177121312,22.88,16.57578311678895,0
60000,3600,1400,3497.54,1555.84,1.2,13.16,186.5051130666395,11.96,15.5940729988829,0
60000,3600,1400,4048.83,1339.24,1.2,7.93,452.9239963834991,6.73,67.29925652057936,0
60000,3600,1400,3632.18,1403.3,1.2,14.58,32.348761954671296,13.38,2.4176952133536096,0
60000,3600,1400,3591.08,1376.98,1.2,14.89,24.68778645403432,13.69,1.8033445181909658,1
60000,3600,1400,3474.55,1597.14,1.2,13.61,233.6704561984677,12.41,18.829206784727454,0
60000,3600,1400,3647.02,1408.17,1.2,0.0,47.72451466489732,-1.2,9999.0,0
60000,3600,1400,3466.95,1372.18,1.2,2.4,135.92738833656756,1.2,113.27282361380631,0
60000,3600,1400,3568.02,1520.87,1.2,22.47,125.02910581140688,21.27,5.878190212101875,0
60000,3600,1400,3626.51,1231.03,1.2,11.02,171.03695799446393,9.82,17.417205498417914,0
60000,3600,1400,3645.73,1372.73,1.2,10.72,53.24364563025339,9.52,5.592819919144264,0
60000,3600,1400,3983.9,1355.79,1.2,14.45,386.4372317725093,13.25,29.165074096038435,0
60000,3600,1400,3601.83,1449.65,1.2,10.18,49.683713629317296,8.98,5.532707531104376,0
60000,3600,1400,3588.46,1469.45,1.2,4.85,70.4022307885198,3.65,19.288282407813647,0
60000,3600,1400,3649.45,1333.47,1.2,6.59,82.89477305596523,5.39,15.379364203333068,0
60000,3600,1400,3772.04,1392.79,1.2,4.3,172.1910151546822,3.1,55.5454887595749,0
60000,3600,1400,3516.3,1584.05,1.2,5.89,202.1882600449392,4.69,43.11050320787616,0
60000,3600,1400,3550.6,1480.71,1.2,4.63,94.62803020247232,3.43,27.58834699780534,0
60000,3600,1400,3577.33,1472.05,1.2,2.39,75.53232023445325,1.1900000000000002,63.472538012145584,0
60000,3600,1400,3635.66,1416.73,1.2,0.0,39.38944655615245,-1.2,9999.0,0
60000,3600,1400,3639.32,1414.35,1.2,0.0,41.856718696047,-1.2,9999.0,0
61000,3600,1400,3466.67,1376.38,1.2,2.55,135.40603125415046,1.35,100.3007638919633,0
61000,3600,1400,3640.64,1410.24,1.2,0.0,41.91022786862403,-1.2,9999.0,0
61000,3600,1400,3774.45,1213.86,1.2,29.25,255.10958841250945,28.05,9.09481598618572,0
61000,3600,1400,3866.47,1327.3,1.2,14.1,276.20925201737884,12.9,21.411569923827816,0
61000,3600,1400,3673.13,1419.64,1.2,0.18,75.72137412910584,-1.02,9999.0,0
61000,3600,1400,4018.41,1348.7,1.2,10.81,421.5431390735709,9.61,43.86505089215098,0
61000,3600,1400,3627.32,1429.03,1.2,0.0,39.86380940151113,-1.2,9999.0,0
61000,3600,1400,3662.76,1385.58,1.2,0.0,64.39529485917453,-1.2,9999.0,0
61000,3600,1400,3937.71,1362.02,1.2,23.94,339.83896848360405,22.74,14.944545667704665,0
61000,3600,1400,3742.23,1273.46,1.2,25.52,190.3726464069878,24.32,7.827822631866274,0
61000,3600,1400,3691.45,1415.88,1.2,12.06,92.8185159329752,10.86,8.546824671544679,0
61000,3600,1400,3641.18,1411.75,1.2,0.0,42.82353208225574,-1.2,9999.0,0
61000,3600,1400,3658.35,1420.38,1.2,0.0,61.8066897673706,-1.2,9999.0,0
61000,3600,1400,3594.7,1502.25,1.2,20.77,102.38726727479352,19.57,5.231848097843307,0
61000,3600,1400,3384.34,1724.78,1.2,9.41,389.8605955979649,8.21,47.48606523726734,0
61000,3600,1400,4036.47,1341.76,1.2,9.61,440.33845902896087,8.41,52.358913083110686,0
61000,3600,1400,3824.12,1039.58,1.2,23.41,424.4200169643275,22.21,19.10941093941141,0
61000,3600,1400,3897.06,1317.62,1.2,11.61,308.2711598576811,10.41,29.612983655877144,0
61000,3600,1400,3631.53,1422.8,1.2,0.0,38.90990747868736,-1.2,9999.0,0
61000,3600,1400,3622.48,1461.09,1.2,17.65,65.09484234561131,16.45,3.9571332732894415,0
61000,3600,1400,3665.7,1420.67,1.2,0.0,68.87480598883731,-1.2,9999.0,0
61000,3600,1400,3640.19,1335.69,1.2,15.85,75.83542839596805,14.65,5.176479753990993,0
61000,3600,1400,3682.19,1364.2,1.2,9.4,89.64840266284729,8.200000000000001,10.932732032054545,0
61000,3600,1400,3623.12,1435.25,1.2,0.0,42.15562714513918,-1.2,9999.0,0
61000,3600,1400,3996.38,1349.96,1.2,20.33,399.52610177559126,19.13,20.88479361085161,0
61000,3600,1400,3505.19,1543.83,1.2,14.24,172.2672487735262,13.04,13.210678586926857,0
61000,3600,1400,4051.88,1340.05,1.2,3.43,455.839376206137,2.2300000000000004,204.41227632562192,0
61000,3600,1400,3641.51,1397.1,1.2,10.08,41.61117758487518,8.88,4.685943421720177,0
61000,3600,1400,3590.28,1390.8,1.2,13.91,13.383512244549149,12.71,1.0529907352123642,1
61000,3600,1400,3466.97,1608.52,1.2,13.67,247.34100205990927,12.47,19.834883886119428,0
61000,3600,1400,3647.02,1408.17,1.2,0.0,47.72451466489732,-1.2,9999.0,0
61000,3600,1400,3469.97,1375.12,1.2,4.22,132.3888790646709,3.02,43.83737717373209,0
61000,3600,1400,3580.63,1501.75,1.2,22.89,103.57731122210112,21.69,4.775348604061831,0
61000,3600,1400,3625.66,1219.45,1.2,11.61,182.3643005086247,10.41,17.518184486899585,0
61000,3600,1400,3647.51,1378.95,1.2,6.47,51.964435915345206,5.27,9.86042427236152,0
61000,3600,1400,3967.78,1359.1,1.2,16.45,370.0472110420509,15.25,24.26539088800334,0
61000,3600,1400,3608.25,1440.13,1.2,11.48,40.969249443942815,10.28,3.985335549021675,0
61000,3600,1400,3592.3,1463.76,1.2,6.86,64.22326369782212,5.66,11.346866377707087,0
61000,3600,1400,3646.1,1333.56,1.2,3.35,80.8670736455821,2.1500000000000004,37.612592393293994,0
61000,3600,1400,3778.49,1391.46,1.2,6.59,178.69418485222153,5.39,33.15290999113572,0
61000,3600,1400,3520.71,1577.44,1.2,7.93,194.3498332903839,6.73,28.878132732597905,0
61000,3600,1400,3546.51,1486.59,1.2,7.16,101.77921300540676,5.96,17.077049161981,0
61000,3600,1400,3573.74,1469.76,1.2,4.25,74.53888381241036,3.05,24.43897829915094,0
61000,3600,1400,3635.66,1416.73,1.2,0.0,39.38944655615245,-1.2,9999.0,0
61000,3600,1400,3599.38,1592.75,1.2,0.0,192.75099714398368,-1.2,9999.0,0
61000,3600,1400,3639.32,1414.35,1.2,0.0,41.856718696047,-1.2,9999.0,0
62000,3600,1400,3464.4,1373.74,1.2,3.57,138.11932377477083,2.37,58.278195685557314,0
62000,3600,1400,3640.64,1410.24,1.2,0.0,41.91022786862403,-1.2,9999.0,0
62000,3600,1400,3758.99,1238.59,1.2,29.16,226.56347499100545,27.96,8.103128576216218,0
62000,3600,1400,3853.61,1329.99,1.2,13.13,263.09586123692645,11.93,22.053299349281346,0
62000,3600,1400,3673.03,1419.66,1.2,0.1,75.6299973555469,-1.1,9999.0,0
62000,3600,1400,4006.55,1351.14,1.2,12.12,409.4755207579571,10.92,37.49775831116823,0
62000,3600,1400,3627.32,1429.03,1.2,0.0,39.86380940151113,-1.2,9999.0,0
62000,3600,1400,3662.76,1385.58,1.2,0.0,64.39529485917453,-1.2,9999.0,0
62000,3600,1400,3960.48,1357.34,1.2,23.25,362.9954627815615,22.05,16.46237926446991,0
62000,3600,1400,3728.4,1295.08,1.2,25.6,165.81545886919,24.4,6.79571552742582,0
62000,3600,1400,3684.14,1417.38,1.2,7.56,85.91626155740241,6.359999999999999,13.50884615682428,0
62000,3600,1400,3641.18,1411.75,1.2,0.0,42.82353208225574,-1.2,9999.0,0
62000,3600,1400,3658.35,1420.38,1.2,0.0,61.8066897673706,-1.2,9999.0,0
62000,3600,1400,3582.16,1520.82,1.2,22.4,122.1300045033979,21.2,5.760849269028203,0
62000,3600,1400,3390.98,1714.85,1.2,11.94,377.9151795046078,10.74,35.18763310098769,0
62000,3600,1400,4041.96,1340.64,1.2,5.6,445.9285270085331,4.4,101.34739250193932,0
62000,3600,1400,3819.16,1016.93,1.2,23.1,441.3317691941064,21.9,20.152135579639562,0
62000,3600,1400,3909.06,1315.05,1.2,12.28,320.52236443031546,11.08,28.928011230172874,0
62000,3600,1400,3631.53,1422.8,1.2,0.0,38.90990747868736,-1.2,9999.0,0
62000,3600,1400,3611.88,1476.8,1.2,18.95,77.71341196987812,17.75,4.37822039266919,0
62000,3600,1400,3665.7,1420.67,1.2,0.0,68.87480598883731,-1.2,9999.0,0
62000,3600,1400,3642.3,1350.79,1.2,15.26,64.89155646153064,14.06,4.6153311850306284,0
62000,3600,1400,3675.22,1373.83,1.2,11.89,79.64243404115656,10.69,7.450180920594628,0
62000,3600,1400,3623.12,1435.25,1.2,0.0,42.15562714513918,-1.2,9999.0,0
62000,3600,1400,4011.88,1346.77,1.2,15.83,415.3053904056629,14.63,28.387244730393906,0
62000,3600,1400,3512.29,1532.69,1.2,13.21,159.05873192000502,12.010000000000002,13.243857778518318,0
62000,3600,1400,4051.0,1341.89,1.2,2.24,454.7282398312205,1.0400000000000005,437.2386921454041,0
62000,3600,1400,3649.12,1393.83,1.2,9.89,49.50599256655693,8.690000000000001,5.696892125035319,0
62000,3600,1400,3590.5,1405.31,1.2,14.51,10.883294537960436,13.31,0.8176780268940974,1
62000,3600,1400,3459.81,1618.86,1.2,12.57,259.90947597192365,11.37,22.859232715208766,0
62000,3600,1400,3647.02,1408.17,1.2,0.0,47.72451466489732,-1.2,9999.0,0
62000,3600,1400,3474.2,1379.22,1.2,5.88,127.5046995212335,4.68,27.244593914793487,0
62000,3600,1400,3592.77,1483.23,1.2,22.04,83.54343660635467,20.84,4.00880214042009,0
62000,3600,1400,3625.65,1208.07,1.2,11.38,193.6363793299184,10.18,19.021255336927155,0
62000,3600,1400,3649.53,1382.41,1.2,4.02,52.56071727060065,2.8199999999999994,18.638552223617253,0
62000,3600,1400,3949.55,1362.85,1.2,18.61,351.5185983699869,17.41,20.190614495691378,0
62000,3600,1400,3615.73,1429.05,1.2,13.37,33.035365897776856,12.17,2.7144918568427983,0
62000,3600,1400,3597.3,1456.35,1.2,8.95,56.4146479205533,7.749999999999999,7.279309409103653,0
62000,3600,1400,3645.79,1333.57,1.2,0.31,80.68251979208387,-0.8899999999999999,9999.0,0
62000,3600,1400,3787.94,1392.79,1.2,8.99,188.078248875302,7.79,24.143549277959178,0
62000,3600,1400,3526.16,1569.26,1.2,9.82,184.6653546283114,8.620000000000001,21.4228949684816,0
62000,3600,1400,3541.18,1494.28,1.2,9.36,111.1238534249061,8.16,13.618119292267904,0
62000,3600,1400,3570.58,1467.74,1.2,3.75,73.85285370248063,2.55,28.961903412737502,0
62000,3600,1400,3635.66,1416.73,1.2,0.0,39.38944655615245,-1.2,9999.0,0
62000,3600,1400,3590.97,1465.72,1.2,0.0,66.33746528169438,-1.2,9999.0,0
62000,3600,1400,3597.03,1592.74,1.2,2.35,192.76288154102696,1.15,167.61989699219737,0
62000,3600,1400,3584.82,1471.92,1.2,0.0,73.50454951906042,-1.2,9999.0,0
62000,3600,1400,3639.32,1414.35,1.2,0.0,41.856718696047,-1.2,9999.0,0
63000,3600,1400,3466.21,1371.89,1.2,3.56,136.71114146257423,2.3600000000000003,57.92844977227721,0
63000,3600,1400,3640.64,1410.24,1.2,0.0,41.91022786862403,-1.2,9999.0,0
63000,3600,1400,3743.81,1264.45,1.2,29.95,197.6236792492235,28.75,6.8738671043208175,0
63000,3600,1400,3839.86,1332.86,1.2,14.04,249.07950377339372,12.84,19.398715247149045,0
63000,3600,1400,3673.03,1419.66,1.2,0.01,75.6299973555469,-1.19,9999.0,0
63000,3600,1400,3992.35,1354.06,1.2,14.49,395.03038629958576,13.29,29.72388158762873,0
63000,3600,1400,3627.32,1429.03,1.2,0.0,39.86380940151113,-1.2,9999.0,0
63000,3600,1400,3662.76,1385.58,1.2,0.0,64.39529485917453,-1.2,9999.0,0
63000,3600,1400,3980.94,1353.13,1.2,20.89,383.81255907017953,19.69,19.49276582377753,0
63000,3600,1400,3714.28,1316.68,1.2,25.8,141.4289249057633,24.6,5.749143288852166,0
63000,3600,1400,3680.48,1418.13,1.2,3.79,82.49683206038888,2.59,31.85205871057486,0
63000,3600,1400,3641.18,1411.75,1.2,0.0,42.82353208225574,-1.2,9999.0,0
63000,3600,1400,3658.35,1420.38,1.2,0.0,61.8066897673706,-1.2,9999.0,0
63000,3600,1400,3569.06,1540.23,1.2,23.42,143.60270366535585,22.22,6.462767941735187,0
63000,3600,1400,3397.51,1705.09,1.2,11.74,366.1722384343191,10.54,34.74119909244015,0
63000,3600,1400,4045.53,1339.92,1.2,3.64,449.5626622618922,2.4400000000000004,184.24699273028367,0
63000,3600,1400,3814.11,993.91,1.2,23.48,459.0775317961009,22.28,20.604916148837564,0
63000,3600,1400,3920.48,1312.61,1.2,11.68,332.18133978295657,10.48,31.69669272738135,0
63000,3600,1400,3631.53,1422.8,1.2,0.0,38.90990747868736,-1.2,9999.0,0
63000,3600,1400,3600.35,1493.88,1.2,20.61,93.88065242636536,19.41,4.836715735515989,0
63000,3600,1400,3665.7,1420.67,1.2,0.0,68.87480598883731,-1.2,9999.0,0
63000,3600,1400,3644.17,1362.49,1.2,11.85,57.94815786545769,10.65,5.44114158361105,0
63000,3600,1400,3666.84,1385.39,1.2,14.28,68.4181094447955,13.08,5.230742312293234,0
63000,3600,1400,3623.12,1435.25,1.2,0.0,42.15562714513918,-1.2,9999.0,0
63000,3600,1400,4023.83,1344.33,1.2,12.19,427.47048763628106,10.99,38.896313706667975,0
63000,3600,1400,3519.31,1521.67,1.2,13.07,145.99474305604303,11.87,12.299472877509945,0
63000,3600,1400,4048.4,1342.6,1.2,2.74,452.0589784530334,1.5400000000000005,293.54479120326835,0
63000,3600,1400,3655.77,1384.37,1.2,11.49,57.918820775288594,10.29,5.628651192933781,0
63000,3600,1400,3587.65,1419.96,1.2,15.04,23.471772408576207,13.84,1.6959373127583965,1
63000,3600,1400,3452.2,1629.63,1.2,13.19,273.0838276061036,11.99,22.775965605179618,0
63000,3600,1400,3647.02,1408.17,1.2,0.0,47.72451466489732,-1.2,9999.0,0
63000,3600,1400,3479.87,1384.73,1.2,7.91,121.09661349517592,6.71,18.047185319698347,0
63000,3600,1400,3601.45,1467.35,1.2,18.59,67.36560695191565,17.39,3.873812935705328,0
63000,3600,1400,3625.89,1196.28,1.2,11.79,205.35854133685308,10.59,19.391741391581974,0
63000,3600,1400,3649.67,1382.62,1.2,0.26,52.62293511388367,-0.94,9999.0,0
63000,3600,1400,3929.19,1367.03,1.2,20.78,330.83693415336813,19.58,16.89667692305251,0
63000,3600,1400,3623.92,1416.9,1.2,14.67,29.28781999398396,13.47,2.174299925314325,1
63000,3600,1400,3603.04,1447.85,1.2,10.26,47.946471194447575,9.06,5.292104988349622,0
63000,3600,1400,3643.3,1333.99,1.2,2.53,78.944348119419,1.3299999999999998,59.35665272136768,0
63000,3600,1400,3799.03,1390.51,1.2,11.32,199.256119103028,10.12,19.68933983231502,0
63000,3600,1400,3532.65,1559.53,1.2,11.68,173.16420935054674,10.48,16.5233024189453,0
63000,3600,1400,3534.97,1503.31,1.2,10.96,122.07316248873056,9.760000000000002,12.507496156632227,0
63000,3600,1400,3568.21,1465.62,1.2,3.26,72.91494017003637,2.06,35.3956020242895,0
63000,3600,1400,3635.66,1416.73,1.2,0.0,39.38944655615245,-1.2,9999.0,0
63000,3600,1400,3594.94,1465.57,1.2,2.35,65.76494887096007,1.15,57.18691206170441,0
63000,3600,1400,3592.91,1592.78,1.2,4.13,192.9103327973906,2.93,65.83970402641317,0
63000,3600,1400,3587.56,1473.58,1.2,0.0,74.62419178791815,-1.2,9999.0,0
63000,3600,1400,3639.32,1414.35,1.2,0.0,41.856718696047,-1.2,9999.0,0
64000,3600,1400,3468.4,1373.59,1.2,2.84,134.22387306287948,1.64,81.84382503834115,0
64000,3600,1400,3640.64,1410.24,1.2,0.0,41.91022786862403,-1.2,9999.0,0
64000,3600,1400,3826.45,1337.33,1.2,14.17,234.96197862632997,12.97,18.11580405754279,0
64000,3600,1400,3673.03,1419.66,1.2,0.0,75.6299973555469,-1.2,9999.0,0
64000,3600,1400,3975.83,1357.45,1.2,16.87,378.2310026954426,15.670000000000002,24.13726883825415,0
64000,3600,1400,3627.32,1429.03,1.2,0.0,39.86380940151113,-1.2,9999.0,0
64000,3600,1400,3662.76,1385.58,1.2,0.0,64.39529485917453,-1.2,9999.0,0
64000,3600,1400,3998.97,1349.43,1.2,18.4,402.16213869532754,17.2,23.38151969158881,0
64000,3600,1400,3700.97,1337.04,1.2,24.33,118.99118664842352,23.13,5.144452513982859,0
64000,3600,1400,3680.29,1418.17,1.2,0.2,82.32030733664688,-1.0,9999.0,0
64000,3600,1400,3641.18,1411.75,1.2,0.0,42.82353208225574,-1.2,9999.0,0
64000,3600,1400,3658.35,1420.38,1.2,0.0,61.8066897673706,-1.2,9999.0,0
64000,3600,1400,3557.97,1556.67,1.2,19.83,162.20977097573387,18.63,8.706912022315292,0
64000,3600,1400,3403.96,1695.48,1.2,11.58,354.5985222755447,10.38,34.16170734831837,0
64000,3600,1400,4048.95,1339.22,1.2,3.49,453.0455947252989,2.29,197.8365042468554,0
64000,3600,1400,3810.2,971.21,1.2,22.99,477.5404737820658,21.79,21.91557933832335,0
64000,3600,1400,3932.2,1310.11,1.2,11.98,344.14684670936606,10.78,31.924568340386465,0
64000,3600,1400,3631.53,1422.8,1.2,0.0,38.90990747868736,-1.2,9999.0,0
64000,3600,1400,3587.87,1512.37,1.2,22.3,113.02280212417304,21.1,5.356530906358912,0
64000,3600,1400,3665.7,1420.67,1.2,0.0,68.87480598883731,-1.2,9999.0,0
64000,3600,1400,3645.51,1371.25,1.2,8.86,53.83049879018418,7.659999999999999,7.027480259815167,0
64000,3600,1400,3657.86,1398.09,1.2,15.62,57.89151664967861,14.42,4.014668283611554,0
64000,3600,1400,3623.12,1435.25,1.2,0.0,42.15562714513918,-1.2,9999.0,0
64000,3600,1400,4031.75,1342.72,1.2,8.08,435.53307670026624,6.88,63.30422626457358,0
64000,3600,1400,3526.5,1510.37,1.2,13.39,132.60387211540987,12.19,10.878086309713689,0
64000,3600,1400,4043.53,1343.59,1.2,4.97,447.1028394005122,3.77,118.59491761286796,0
64000,3600,1400,3663.62,1373.48,1.2,13.42,68.92615468746233,12.22,5.640438190463366,0
64000,3600,1400,3581.21,1433.34,1.2,14.95,38.27035014211384,13.75,2.783298192153734,0
64000,3600,1400,3444.68,1640.78,1.2,13.45,286.5297729730718,12.25,23.390185548822185,0
64000,3600,1400,3647.02,1408.17,1.2,0.0,47.72451466489732,-1.2,9999.0,0
64000,3600,1400,3486.81,1391.46,1.2,9.66,113.51170732572042,8.46,13.417459494766007,0
64000,3600,1400,3609.37,1455.63,1.2,14.15,56.41359587900784,12.95,4.356262230039216,0
64000,3600,1400,3626.67,1185.31,1.2,11.0,216.3402066191119,9.8,22.07553128766448,0
64000,3600,1400,3649.75,1382.73,1.2,0.13,52.66227682126932,-1.0699999999999998,9999.0,0
64000,3600,1400,3906.43,1371.71,1.2,23.24,307.73311326537464,22.04,13.962482453056927,0
64000,3600,1400,3632.58,1402.46,1.2,15.98,32.6727409318532,14.78,2.210604934496157,0
64000,3600,1400,3610.07,1437.44,1.2,12.55,38.77058807910975,11.35,3.4159108439744275,0
64000,3600,1400,3640.63,1337.09,1.2,4.31,74.88968553813014,3.1099999999999994,24.080284738948603,0
64000,3600,1400,3811.91,1387.86,1.2,13.15,212.25745617056648,11.95,17.76213022347837,0
64000,3600,1400,3539.88,1548.69,1.2,13.01,160.38432124119865,11.81,13.580382831600224,0
64000,3600,1400,3527.7,1514.44,1.2,13.3,135.36544463045226,12.1,11.187226828962997,0
64000,3600,1400,3570.34,1463.8,1.2,3.39,70.35734218971028,2.1900000000000004,32.1266402692741,0
64000,3600,1400,3635.66,1416.73,1.2,0.0,39.38944655615245,-1.2,9999.0,0
64000,3600,1400,3599.88,1463.96,1.2,4.1,63.96011257025745,2.8999999999999995,22.055211231123263,0
64000,3600,1400,3586.43,1593.1,1.2,6.49,193.576225038097,5.29,36.592859175443664,0
64000,3600,1400,3587.73,1470.97,1.2,2.52,72.02286997891713,1.32,54.56278028705843,0
64000,3600,1400,3572.67,1469.08,1.2,0.0,74.28980616477598,-1.2,9999.0,0
64000,3600,1400,3639.32,1414.35,1.2,0.0,41.856718696047,-1.2,9999.0,0
65000,3600,1400,3471.39,1376.49,1.2,4.17,130.74116490226035,2.97,44.0205942431853,0
65000,3600,1400,3640.64,1410.24,1.2,0.0,41.91022786862403,-1.2,9999.0,0
65000,3600,1400,3813.88,1342.16,1.2,13.46,221.5629030320736,12.260000000000002,18.072014929206652,0
65000,3600,1400,3673.03,1419.66,1.2,0.0,75.6299973555469,-1.2,9999.0,0
65000,3600,1400,3957.54,1361.21,1.2,18.67,359.63803427891213,17.470000000000002,20.58603516192971,0
65000,3600,1400,3627.32,1429.03,1.2,0.0,39.86380940151113,-1.2,9999.0,0
65000,3600,1400,3662.76,1385.58,1.2,0.0,64.39529485917453,-1.2,9999.0,0
65000,3600,1400,4012.59,1346.63,1.2,13.9,416.02748106345103,12.7,32.75806937507489,0
65000,3600,1400,3689.84,1353.53,1.2,19.83,101.14685610536804,18.63,5.42924616775996,0
65000,3600,1400,3680.28,1418.17,1.2,0.01,82.3105540012946,-1.19,9999.0,0
65000,3600,1400,3641.18,1411.75,1.2,0.0,42.82353208225574,-1.2,9999.0,0
65000,3600,1400,3658.35,1420.38,1.2,0.0,61.8066897673706,-1.2,9999.0,0
65000,3600,1400,3549.49,1569.39,1.2,15.33,176.76038074183947,14.13,12.509581085763585,0
65000,3600,1400,3410.29,1686.09,1.2,11.33,343.27448521554874,10.13,33.88691858001468,0
65000,3600,1400,4050.62,1339.18,1.2,1.73,454.7059014352023,0.53,857.9356630852873,0
65000,3600,1400,3944.59,1307.45,1.2,12.67,356.80214489265626,11.47,31.107423268758172,0
65000,3600,1400,3631.53,1422.8,1.2,0.0,38.90990747868736,-1.2,9999.0,0
65000,3600,1400,3574.5,1532.17,1.2,23.89,134.60742512952257,22.69,5.932455933429818,0
65000,3600,1400,3665.7,1420.67,1.2,0.0,68.87480598883731,-1.2,9999.0,0
65000,3600,1400,3646.47,1375.5,1.2,4.36,52.53295061197288,3.16,16.624351459485087,0
65000,3600,1400,3656.54,1407.92,1.2,11.12,57.09201345197064,9.92,5.755243291529298,0
65000,3600,1400,3623.12,1435.25,1.2,0.0,42.15562714513918,-1.2,9999.0,0
65000,3600,1400,4037.94,1341.46,1.2,6.32,441.8352353536328,5.12,86.29594440500641,0
65000,3600,1400,3534.16,1498.77,1.2,13.91,118.70306862082384,12.71,9.339344502031773,0
65000,3600,1400,4036.87,1344.95,1.2,6.8,440.3247658263159,5.6,78.62942246898498,0
65000,3600,1400,3672.98,1360.55,1.2,15.96,82.96012837502126,14.760000000000002,5.620604903456724,0
65000,3600,1400,3574.76,1443.77,1.2,12.26,50.52593888291426,11.06,4.568348904422628,0
65000,3600,1400,3437.62,1651.26,1.2,12.63,299.163587356483,11.43,26.173542200917147,0
65000,3600,1400,3647.02,1408.17,1.2,0.0,47.72451466489732,-1.2,9999.0,0
65000,3600,1400,3495.4,1399.8,1.2,11.97,104.60019120441407,10.77,9.712181170326284,0
65000,3600,1400,3614.77,1447.63,1.2,9.65,49.86752249711239,8.450000000000001,5.901481952320992,0
65000,3600,1400,3627.36,1178.02,1.2,7.32,223.65976392726523,6.12,36.545713060010655,0
65000,3600,1400,3649.79,1382.78,1.2,0.07,52.68370241355478,-1.13,9999.0,0
65000,3600,1400,3881.41,1376.85,1.2,25.54,282.3606038384249,24.34,11.600682162630438,0
65000,3600,1400,3643.47,1396.75,1.2,11.48,43.59132253098066,10.28,4.240401024414462,0
65000,3600,1400,3618.3,1425.25,1.2,14.71,31.184170663976406,13.510000000000002,2.3082287686140934,0
65000,3600,1400,3640.96,1342.41,1.2,5.37,70.67057166883535,4.17,16.94737929708282,0
65000,3600,1400,3826.79,1384.81,1.2,15.18,227.2981306566334,13.98,16.258807629229857,0
65000,3600,1400,3546.71,1535.57,1.2,14.91,145.66759763241782,13.71,10.624915946930548,0
65000,3600,1400,3520.22,1526.19,1.2,13.93,149.29422125454167,12.73,11.727747152752684,0
65000,3600,1400,3575.12,1466.84,1.2,5.66,71.32040381265375,4.46,15.991121931088285,0
65000,3600,1400,3635.66,1416.73,1.2,0.0,39.38944655615245,-1.2,9999.0,0
65000,3600,1400,3605.57,1461.25,1.2,5.43,61.502743028258514,4.23,14.539655562236055,0
65000,3600,1400,3577.85,1593.88,1.2,8.62,195.14117171934797,7.419999999999999,26.29934928832183,0
65000,3600,1400,3590.36,1466.63,1.2,5.04,67.32374395412076,3.84,17.53222498805228,0
65000,3600,1400,3571.92,1468.6,1.2,0.89,74.12453305080568,-0.3099999999999999,9999.0,0
65000,3600,1400,3637.22,1298.05,1.2,0.0,108.53170458442084,-1.2,9999.0,0
65000,3600,1400,3639.32,1414.35,1.2,0.0,41.856718696047,-1.2,9999.0,0
66000,3600,1400,3475.56,1380.54,1.2,5.81,125.95239259339228,4.609999999999999,27.321560215486397,0
66000,3600,1400,3640.64,1410.24,1.2,0.0,41.91022786862403,-1.2,9999.0,0
66000,3600,1400,3800.99,1347.31,1.2,13.88,207.78165510939584,12.68,16.38656586036245,0
66000,3600,1400,3673.03,1419.66,1.2,0.0,75.6299973555469,-1.2,9999.0,0
66000,3600,1400,3937.45,1365.33,1.2,20.5,339.2263424323056,19.3,17.576494426544333,0
66000,3600,1400,3627.32,1429.03,1.2,0.0,39.86380940151113,-1.2,9999.0,0
66000,3600,1400,3662.76,1385.58,1.2,0.0,64.39529485917453,-1.2,9999.0,0
66000,3600,1400,4023.4,1344.42,1.2,11.04,427.0324301502171,9.84,43.397604690062714,0
66000,3600,1400,3680.89,1366.0,1.2,15.33,87.74504031567812,14.13,6.209840078958112,0
66000,3600,1400,3680.28,1418.17,1.2,0.0,82.3105540012946,-1.2,9999.0,0
66000,3600,1400,3641.18,1411.75,1.2,0.0,42.82353208225574,-1.2,9999.0,0
66000,3600,1400,3658.35,1420.38,1.2,0.0,61.8066897673706,-1.2,9999.0,0
66000,3600,1400,3543.48,1578.44,1.2,10.86,187.17730631676488,9.66,19.376532745006717,0
66000,3600,1400,3416.63,1676.68,1.2,11.35,331.9282743304644,10.15,32.702293037484175,0
66000,3600,1400,4051.85,1340.86,1.2,2.46,455.70380961760674,1.26,361.6696901727038,0
66000,3600,1400,3955.85,1305.03,1.2,11.52,368.3049326305581,10.32,35.688462464201365,0
66000,3600,1400,3631.53,1422.8,1.2,0.0,38.90990747868736,-1.2,9999.0,0
66000,3600,1400,3563.43,1548.57,1.2,19.78,153.0046071201779,18.58,8.234908886984817,0
66000,3600,1400,3665.7,1420.67,1.2,0.0,68.87480598883731,-1.2,9999.0,0
66000,3600,1400,3646.63,1376.05,1.2,0.57,52.42098244024059,-0.63,9999.0,0
66000,3600,1400,3651.09,1420.8,1.2,13.19,55.16183553871293,11.99,4.600653506147867,0
66000,3600,1400,3623.12,1435.25,1.2,0.0,42.15562714513918,-1.2,9999.0,0
66000,3600,1400,4042.38,1340.56,1.2,4.53,446.3554390841453,3.33,134.04067239764123,0
66000,3600,1400,3541.83,1487.72,1.2,13.46,105.2546782808252,12.260000000000002,8.58521030023044,0
66000,3600,1400,4027.81,1346.79,1.2,9.25,431.10636761708815,8.05,53.55358603938983,0
66000,3600,1400,3683.65,1345.58,1.2,18.41,99.79408248989527,17.21,5.7986102550781675,0
66000,3600,1400,3570.58,1450.51,1.2,7.93,58.45337030488493,6.73,8.685493358823912,0
66000,3600,1400,3430.52,1661.79,1.2,12.7,311.86130651300743,11.5,27.11837447939195,0
66000,3600,1400,3647.02,1408.17,1.2,0.0,47.72451466489732,-1.2,9999.0,0
66000,3600,1400,3503.22,1407.39,1.2,10.9,97.06173550890198,9.7,10.006364485453812,0
66000,3600,1400,3618.03,1442.8,1.2,5.83,46.44266249904288,4.63,10.03081263478248,0
66000,3600,1400,3627.95,1175.35,1.2,2.82,226.382033297698,1.62,139.74199586277655,0
66000,3600,1400,3649.8,1382.79,1.2,0.01,52.68988612627683,-1.19,9999.0,0
66000,3600,1400,3854.45,1382.39,1.2,27.53,255.0586493338344,26.33,9.686997695929906,0
66000,3600,1400,3651.29,1390.74,1.2,11.38,52.119206632488144,10.18,5.11976489513636,0
66000,3600,1400,3627.67,1411.41,1.2,16.58,29.930202137640265,15.38,1.9460469530325268,1
66000,3600,1400,3642.1,1349.53,1.2,7.21,65.72389900180903,6.01,10.935756905459074,0
66000,3600,1400,3843.84,1381.3,1.2,17.41,244.5559968596151,16.21,15.086736388625237,0
66000,3600,1400,3555.84,1521.88,1.2,16.45,129.633483328961,15.25,8.500556283866295,0
66000,3600,1400,3512.69,1538.01,1.2,14.01,163.30889810417554,12.81,12.748547861372018,0
66000,3600,1400,3579.33,1469.53,1.2,5.0,72.5373683007593,3.8,19.088781131778763,0
66000,3600,1400,3635.66,1416.73,1.2,0.0,39.38944655615245,-1.2,9999.0,0
66000,3600,1400,3609.85,1454.91,1.2,7.66,55.78647327085668,6.46,8.6356769769128,0
66000,3600,1400,3566.92,1594.95,1.2,10.98,197.7366655428376,9.78,20.21847295939035,0
66000,3600,1400,3594.44,1460.59,1.2,7.29,60.84457001245049,6.09,9.990898195804679,0
66000,3600,1400,3570.14,1467.46,1.2,2.11,73.77310621086801,0.91,81.06934748447034,0
66000,3600,1400,3685.3,1359.91,1.2,0.0,94.25124985908688,-1.2,9999.0,0
66000,3600,1400,3637.35,1299.83,1.2,1.78,106.90674160220208,0.5800000000000001,184.32196827965873,0
66000,3600,1400,3971.07,1630.13,1.2,0.0,436.6380214777455,-1.2,9999.0,0
66000,3600,1400,3639.32,1414.35,1.2,0.0,41.856718696047,-1.2,9999.0,0
67000,3600,1400,3481.53,1386.34,1.2,8.33,119.25492233027514,7.13,16.72579555824336,0
67000,3600,1400,3640.64,1410.24,1.2,0.0,41.91022786862403,-1.2,9999.0,0
67000,3600,1400,3789.15,1352.7,1.2,13.02,194.9743893438316,11.82,16.49529520675394,0
67000,3600,1400,3673.03,1419.66,1.2,0.0,75.6299973555469,-1.2,9999.0,0
67000,3600,1400,3915.12,1369.92,1.2,22.8,316.5523981902521,21.6,14.655203619919078,0
67000,3600,1400,3627.32,1429.03,1.2,0.0,39.86380940151113,-1.2,9999.0,0
67000,3600,1400,3662.76,1385.58,1.2,0.0,64.39529485917453,-1.2,9999.0,0
67000,3600,1400,4030.43,1342.99,1.2,7.18,434.1890429294593,5.98,72.60686336613031,0
67000,3600,1400,3670.92,1379.76,1.2,17.0,73.75163726996175,15.8,4.667825143668465,0
67000,3600,1400,3680.28,1418.17,1.2,0.0,82.3105540012946,-1.2,9999.0,0
67000,3600,1400,3641.18,1411.75,1.2,0.0,42.82353208225574,-1.2,9999.0,0
67000,3600,1400,3658.35,1420.38,1.2,0.0,61.8066897673706,-1.2,9999.0,0
67000,3600,1400,3539.04,1585.1,1.2,8.0,194.8797875614605,6.8,28.658792288450073,0
67000,3600,1400,3422.91,1667.36,1.2,11.24,320.69025195661936,10.04,31.94126015504177,0
67000,3600,1400,4049.95,1342.29,1.2,2.52,453.6358083308678,1.32,343.66349115974833,0
67000,3600,1400,3967.38,1302.55,1.2,11.79,380.08494695265176,10.59,35.890929835000165,0
67000,3600,1400,3631.53,1422.8,1.2,0.0,38.90990747868736,-1.2,9999.0,0
67000,3600,1400,3554.89,1561.27,1.2,15.35,167.46021915667018,14.15,11.834644463368917,0
67000,3600,1400,3665.7,1420.67,1.2,0.0,68.87480598883731,-1.2,9999.0,0
67000,3600,1400,3646.63,1376.06,1.2,0.02,52.41641441380756,-1.18,9999.0,0
67000,3600,1400,3641.45,1433.01,1.2,15.0,52.98832512922053,13.8,3.83973370501598,0
67000,3600,1400,3623.12,1435.25,1.2,0.0,42.15562714513918,-1.2,9999.0,0
67000,3600,1400,4045.32,1339.96,1.2,3.0,449.3492005111394,1.8,249.63844472841075,0
67000,3600,1400,3549.69,1476.4,1.2,13.78,91.47707964293576,12.58,7.271627952538614,0
67000,3600,1400,4017.38,1348.92,1.2,10.65,420.494031824472,9.45,44.49672294438858,0
67000,3600,1400,3694.75,1329.01,1.2,19.99,118.39401420680018,18.79,6.300905492645033,0
67000,3600,1400,3567.0,1456.53,1.2,7.02,65.45716843860569,5.819999999999999,11.24693615783603,0
67000,3600,1400,3423.07,1672.85,1.2,13.34,325.19432252116565,12.14,26.787011739799475,0
67000,3600,1400,3647.02,1408.17,1.2,0.0,47.72451466489732,-1.2,9999.0,0
67000,3600,1400,3511.16,1415.1,1.2,11.07,90.11412541882667,9.87,9.130103892484973,0
67000,3600,1400,3618.77,1441.7,1.2,1.33,45.72967198657785,0.1300000000000001,351.76670758906016,0
67000,3600,1400,3629.63,1174.58,1.2,2.11,227.35899652311988,0.91,249.84505112430756,0
67000,3600,1400,3649.8,1382.79,1.2,0.0,52.68988612627683,-1.2,9999.0,0
67000,3600,1400,3827.11,1388.01,1.2,27.92,227.42627860473837,26.72,8.511462522632424,0
67000,3600,1400,3658.95,1379.92,1.2,13.2,62.27607004299465,12.0,5.189672503582887,0
67000,3600,1400,3636.15,1399.06,1.2,14.13,36.16221923499727,12.93,2.796768695668776,0
67000,3600,1400,3643.62,1359.04,1.2,9.63,59.83666100310072,8.430000000000001,7.098061803452042,0
67000,3600,1400,3863.35,1377.29,1.2,19.91,264.32738526304826,18.71,14.127599426138335,0
67000,3600,1400,3566.13,1506.3,1.2,18.69,111.56552738189328,17.490000000000002,6.378818032126545,0
67000,3600,1400,3505.3,1549.62,1.2,13.77,177.07126926748995,12.57,14.08681537529753,0
67000,3600,1400,3580.88,1470.54,1.2,1.85,73.08533368604121,0.6500000000000001,112.43897490160184,0
67000,3600,1400,3635.66,1416.73,1.2,0.0,39.38944655615245,-1.2,9999.0,0
67000,3600,1400,3613.11,1450.08,1.2,5.82,51.76754292025068,4.62,11.205095870184131,0
67000,3600,1400,3554.66,1596.15,1.2,12.32,201.32197619733432,11.12,18.10449426235021,0
67000,3600,1400,3599.92,1452.47,1.2,9.79,52.47006098719538,8.59,6.108272524702605,0
67000,3600,1400,3569.98,1467.36,1.2,0.19,73.74666094136049,-1.01,9999.0,0
67000,3600,1400,3681.85,1359.2,1.2,1.44,91.45524861920164,0.24,381.06353591334016,0
67000,3600,1400,3637.62,1303.52,1.2,3.7,103.55508099557451,2.5,41.4220323982298,0
67000,3600,1400,3968.71,1631.2,1.2,2.59,435.2016820969332,1.39,313.0947353215347,0
67000,3600,1400,3747.39,1397.85,1.2,0.0,147.40568035187778,-1.2,9999.0,0
67000,3600,1400,3639.32,1414.35,1.2,0.0,41.856718696047,-1.2,9999.0,0
68000,3600,1400,3489.01,1393.59,1.2,10.41,111.17494411961697,9.21,12.071112282260255,0
68000,3600,1400,3640.64,1410.24,1.2,0.0,41.91022786862403,-1.2,9999.0,0
68000,3600,1400,3776.86,1358.29,1.2,13.5,181.71181497084896,12.3,14.773318290312924,0
68000,3600,1400,3673.03,1419.66,1.2,0.0,75.6299973555469,-1.2,9999.0,0
68000,3600,1400,3890.43,1374.99,1.2,25.2,291.50486273817097,24.0,12.14603594742379,0
68000,3600,1400,3627.32,1429.03,1.2,0.0,39.86380940151113,-1.2,9999.0,0
68000,3600,1400,3662.76,1385.58,1.2,0.0,64.39529485917453,-1.2,9999.0,0
68000,3600,1400,4035.81,1341.89,1.2,5.49,439.6670651754574,4.29,102.4864953788945,0
68000,3600,1400,3663.62,1389.89,1.2,12.5,64.41829320930495,11.3,5.7007339123278715,0
68000,3600,1400,3680.28,1418.17,1.2,0.0,82.3105540012946,-1.2,9999.0,0
68000,3600,1400,3641.18,1411.75,1.2,0.0,42.82353208225574,-1.2,9999.0,0
68000,3600,1400,3658.35,1420.38,1.2,0.0,61.8066897673706,-1.2,9999.0,0
68000,3600,1400,3537.73,1589.53,1.2,4.75,199.49730273865856,3.55,56.196423306664386,0
68000,3600,1400,3429.54,1657.53,1.2,11.85,308.8337942971915,10.65,28.99847833776446,0
68000,3600,1400,4046.17,1343.06,1.2,3.86,449.788653147231,2.66,169.09347862677856,0
68000,3600,1400,3979.76,1299.89,1.2,12.66,392.7335861624266,11.46,34.269946436511916,0
68000,3600,1400,3631.53,1422.8,1.2,0.0,38.90990747868736,-1.2,9999.0,0
68000,3600,1400,3548.45,1570.96,1.2,11.63,178.56294156403234,10.43,17.120128625506457,0
68000,3600,1400,3665.7,1420.67,1.2,0.0,68.87480598883731,-1.2,9999.0,0
68000,3600,1400,3646.63,1376.07,1.2,0.01,52.41184789720749,-1.19,9999.0,0
68000,3600,1400,3631.91,1447.12,1.2,17.1,56.90819361041062,15.900000000000002,3.5791316736107306,0
68000,3600,1400,3623.12,1435.25,1.2,0.0,42.15562714513918,-1.2,9999.0,0
68000,3600,1400,4047.91,1339.43,1.2,2.64,451.98682834790645,1.4400000000000002,313.87974190826833,0
68000,3600,1400,3554.99,1468.78,1.2,9.28,82.1984701804116,8.08,10.173077992625199,0
68000,3600,1400,4005.66,1351.32,1.2,11.96,408.570407641082,10.760000000000002,37.971227475936985,0
68000,3600,1400,3706.46,1311.08,1.2,21.42,138.7101221973365,20.22,6.860045608176879,0
68000,3600,1400,3568.14,1462.07,1.2,6.16,69.76922315749259,4.96,14.066375636591248,0
68000,3600,1400,3415.72,1683.75,1.2,13.15,338.33885514377454,11.95,28.312874907428835,0
68000,3600,1400,3647.02,1408.17,1.2,0.0,47.72451466489732,-1.2,9999.0,0
68000,3600,1400,3519.48,1423.18,1.2,11.6,83.79011158842074,10.4,8.056741498886609,0
68000,3600,1400,3618.88,1441.53,1.2,0.2,45.62011946499046,-1.0,9999.0,0
68000,3600,1400,3630.67,1177.01,1.2,2.85,225.08929117130387,1.65,136.41775222503264,0
68000,3600,1400,3649.8,1382.79,1.2,0.0,52.68988612627683,-1.2,9999.0,0
68000,3600,1400,3800.03,1393.57,1.2,27.65,200.1333200644013,26.45,7.566477129088896,0
68000,3600,1400,3667.81,1367.68,1.2,15.1,75.11842982917034,13.9,5.404203584832398,0
68000,3600,1400,3649.19,1397.77,1.2,11.32,49.24052193062138,10.12,4.865664222393417,0
68000,3600,1400,3644.63,1365.46,1.2,6.5,56.4344619891074,5.3,10.648011696058,0
68000,3600,1400,3885.01,1372.84,1.2,22.12,286.3011800534537,20.92,13.685524859151707,0
68000,3600,1400,3577.49,1489.08,1.2,20.62,91.88006584673302,19.42,4.731208334023327,0
68000,3600,1400,3498.05,1560.99,1.2,13.48,190.5559828501849,12.28,15.517588179982484,0
68000,3600,1400,3581.17,1470.73,1.2,0.34,73.19359124950763,-0.8599999999999999,9999.0,0
68000,3600,1400,3635.66,1416.73,1.2,0.0,39.38944655615245,-1.2,9999.0,0
68000,3600,1400,3614.07,1448.66,1.2,1.72,50.65333651399494,0.52,97.41026252691334,0
68000,3600,1400,3546.55,1596.95,1.2,8.15,204.0740184344886,6.95,29.363168120070302,0
68000,3600,1400,3606.55,1442.65,1.2,11.85,43.15002896870418,10.65,4.051645912554383,0
68000,3600,1400,3569.91,1467.32,1.2,0.08,73.73866353548863,-1.12,9999.0,0
68000,3600,1400,3679.98,1361.78,1.2,3.19,88.64292865197993,1.99,44.54418525225122,0
68000,3600,1400,3638.03,1308.98,1.2,5.48,98.6454322307932,4.28,23.047998184764765,0
68000,3600,1400,3964.13,1633.29,1.2,5.04,432.4521719219365,3.84,112.61775310467097,0
68000,3600,1400,3749.88,1397.34,1.2,2.54,149.9036023583157,1.34,111.8683599688923,0
68000,3600,1400,3650.38,1330.24,1.2,0.0,86.04999709471238,-1.2,9999.0,0
68000,3600,1400,3639.32,1414.35,1.2,0.0,41.856718696047,-1.2,9999.0,0
69000,3600,1400,3498.33,1402.64,1.2,12.99,101.70426982187136,11.79,8.626316354696469,0
69000,3600,1400,3640.64,1410.24,1.2,0.0,41.91022786862403,-1.2,9999.0,0
69000,3600,1400,3764.87,1363.75,1.2,13.18,168.80811414147118,11.98,14.090827557718796,0
69000,3600,1400,3673.03,1419.66,1.2,0.0,75.6299973555469,-1.2,9999.0,0
69000,3600,1400,3863.28,1380.57,1.2,27.72,263.9959910680465,26.52,9.954599964858467,0
69000,3600,1400,3627.32,1429.03,1.2,0.0,39.86380940151113,-1.2,9999.0,0
69000,3600,1400,3662.76,1385.58,1.2,0.0,64.39529485917453,-1.2,9999.0,0
69000,3600,1400,4039.19,1341.21,1.2,3.44,443.1073461363511,2.24,197.81577952515673,0
69000,3600,1400,3657.57,1398.5,1.2,10.58,57.58953811240388,9.38,6.139609606866085,0
69000,3600,1400,3680.28,1418.17,1.2,0.0,82.3105540012946,-1.2,9999.0,0
69000,3600,1400,3641.18,1411.75,1.2,0.0,42.82353208225574,-1.2,9999.0,0
69000,3600,1400,3658.35,1420.38,1.2,0.0,61.8066897673706,-1.2,9999.0,0
69000,3600,1400,3541.34,1592.4,1.2,4.81,201.14361933703,3.61,55.71845410998061,0
69000,3600,1400,3436.16,1647.71,1.2,11.85,296.991228321646,10.65,27.886500311891645,0
69000,3600,1400,4040.81,1344.14,1.2,5.47,444.3352289656987,4.27,104.05977259149854,0
69000,3600,1400,3991.62,1297.34,1.2,12.13,404.8521952515509,10.93,37.04045702209981,0
69000,3600,1400,3631.53,1422.8,1.2,0.0,38.90990747868736,-1.2,9999.0,0
69000,3600,1400,3543.52,1578.37,1.2,8.9,187.0984962526422,7.7,24.29850600683665,0
69000,3600,1400,3665.7,1420.67,1.2,0.0,68.87480598883731,-1.2,9999.0,0
69000,3600,1400,3646.63,1376.07,1.2,0.0,52.41184789720749,-1.2,9999.0,0
69000,3600,1400,3621.23,1462.94,1.2,19.09,66.42406566900289,17.89,3.7129159121857396,0
69000,3600,1400,3623.12,1435.25,1.2,0.0,42.15562714513918,-1.2,9999.0,0
69000,3600,1400,4050.09,1338.99,1.2,2.23,454.2061516536298,1.03,440.97684626565996,0
69000,3600,1400,3558.48,1465.54,1.2,4.78,77.58480521339209,3.58,21.67173329983019,0
69000,3600,1400,3992.45,1354.04,1.2,13.49,395.13203375580656,12.29,32.15069436581014,0
69000,3600,1400,3719.47,1291.19,1.2,23.77,161.5942356645185,22.57,7.15969143396183,0
69000,3600,1400,3573.04,1465.51,1.2,6.0,70.84067828585495,4.8,14.758474642886448,0
69000,3600,1400,3408.15,1694.99,1.2,13.55,351.8885087637844,12.35,28.492996661035175,0
69000,3600,1400,3647.02,1408.17,1.2,0.0,47.72451466489732,-1.2,9999.0,0
69000,3600,1400,3527.51,1430.97,1.2,11.19,78.82855447107964,9.99,7.890746193301265,0
69000,3600,1400,3618.91,1441.49,1.2,0.06,45.59614238068825,-1.14,9999.0,0
69000,3600,1400,3630.23,1181.6,1.2,4.61,220.48222808199316,3.41,64.6575448920801,0
69000,3600,1400,3649.8,1382.79,1.2,0.0,52.68988612627683,-1.2,9999.0,0
69000,3600,1400,3773.59,1399.01,1.2,26.99,173.59282300832615,25.79,6.731012912304233,0
69000,3600,1400,3675.05,1357.69,1.2,12.34,86.15473637589533,11.14,7.733818346130639,0
69000,3600,1400,3656.38,1389.08,1.2,11.13,57.4277876989878,9.93,5.783261601106526,0
69000,3600,1400,3645.06,1368.29,1.2,2.86,55.09925317098225,1.66,33.192321187338706,0
69000,3600,1400,3908.89,1367.93,1.2,24.37,310.55034535482315,23.17,13.40312237180937,0
69000,3600,1400,3587.82,1471.86,1.2,20.29,72.8849229950885,19.09,3.817963488480278,0
69000,3600,1400,3490.5,1572.84,1.2,14.06,204.60673400452876,12.86,15.910321462249515,0
69000,3600,1400,3581.32,1470.84,1.2,0.19,73.2615042160614,-1.01,9999.0,0
69000,3600,1400,3635.66,1416.73,1.2,0.0,39.38944655615245,-1.2,9999.0,0
69000,3600,1400,3614.64,1447.81,1.2,1.02,50.00125698419982,-0.1799999999999999,9999.0,0
69000,3600,1400,3541.7,1595.86,1.2,5.04,204.352708814931,3.84,53.21685125388828,0
69000,3600,1400,3614.25,1431.25,1.2,13.75,34.34566930487743,12.55,2.736706717520114,0
69000,3600,1400,3569.91,1467.31,1.2,0.01,73.72953410947339,-1.19,9999.0,0
69000,3600,1400,3677.33,1365.45,1.2,4.53,84.69729275484539,3.33,25.43462244890252,0
69000,3600,1400,3638.57,1316.24,1.2,7.28,92.21378693015492,6.08,15.16674127140706,0
69000,3600,1400,3957.41,1635.88,1.2,7.2,428.2304081916649,6.0,71.37173469861081,0
69000,3600,1400,3753.96,1396.5,1.2,4.17,153.99977792191785,2.97,51.85177707808682,0
69000,3600,1400,3652.57,1330.19,1.2,2.2,87.39016535057026,1.0000000000000002,87.39016535057024,0
69000,3600,1400,3703.23,1353.28,1.2,0.0,113.31015532599012,-1.2,9999.0,0
69000,3600,1400,3639.32,1414.35,1.2,0.0,41.856718696047,-1.2,9999.0,0
70000,3600,1400,3508.38,1412.4,1.2,14.01,92.45531028556437,12.81,7.217432496921496,0
70000,3600,1400,3640.64,1410.24,1.2,0.0,41.91022786862403,-1.2,9999.0,0
70000,3600,1400,3752.35,1367.83,1.2,13.25,155.70944544246498,12.05,12.921945679872612,0
70000,3600,1400,3673.03,1419.66,1.2,0.0,75.6299973555469,-1.2,9999.0,0
70000,3600,1400,3834.75,1386.44,1.2,29.13,235.14131091749917,27.93,8.418951339688478,0
70000,3600,1400,3627.32,1429.03,1.2,0.0,39.86380940151113,-1.2,9999.0,0
70000,3600,1400,3662.76,1385.58,1.2,0.0,64.39529485917453,-1.2,9999.0,0
70000,3600,1400,4042.28,1340.58,1.2,3.16,446.2536664275154,1.96,227.68044205485478,0
70000,3600,1400,3656.54,1407.91,1.2,10.61,57.09062707660512,9.41,6.06701669251914,0
70000,3600,1400,3680.28,1418.17,1.2,0.0,82.3105540012946,-1.2,9999.0,0
70000,3600,1400,3641.18,1411.75,1.2,0.0,42.82353208225574,-1.2,9999.0,0
70000,3600,1400,3658.35,1420.38,1.2,0.0,61.8066897673706,-1.2,9999.0,0
70000,3600,1400,3548.37,1593.56,1.2,7.25,200.327558014368,6.05,33.11199306022612,0
70000,3600,1400,3442.47,1638.36,1.2,11.28,285.7117262206786,10.08,28.34441728379748,0
70000,3600,1400,4033.55,1345.62,1.2,7.41,436.9471214002904,6.21,70.36185529795337,0
70000,3600,1400,4003.64,1294.76,1.2,12.3,417.1339199825397,11.1,37.579632430859434,0
70000,3600,1400,3631.53,1422.8,1.2,0.0,38.90990747868736,-1.2,9999.0,0
70000,3600,1400,3539.73,1584.07,1.2,6.85,193.6859256631725,5.65,34.28069480764115,0
70000,3600,1400,3665.7,1420.67,1.2,0.0,68.87480598883731,-1.2,9999.0,0
70000,3600,1400,3646.63,1376.07,1.2,0.0,52.41184789720749,-1.2,9999.0,0
70000,3600,1400,3609.34,1480.55,1.2,21.24,81.08969169999351,20.04,4.046391801396882,0
70000,3600,1400,3623.12,1435.25,1.2,0.0,42.15562714513918,-1.2,9999.0,0
70000,3600,1400,4051.9,1340.68,1.2,2.84,455.7767791364541,1.64,277.91267020515494,0
70000,3600,1400,3564.5,1463.12,1.2,6.54,72.41812204137847,5.34,13.561446075164508,0
70000,3600,1400,3977.63,1357.08,1.2,15.13,380.06123625016016,13.93,27.28364940776455,0
70000,3600,1400,3733.08,1270.05,1.2,25.22,186.003464752676,24.02,7.743691288620982,0
70000,3600,1400,3574.41,1466.39,1.2,1.62,71.15110821343559,0.4200000000000001,169.40740050817993,0
70000,3600,1400,3400.45,1706.45,1.2,13.81,365.693594420247,12.61,29.00028504522181,0
70000,3600,1400,3647.02,1408.17,1.2,0.0,47.72451466489732,-1.2,9999.0,0
70000,3600,1400,3535.62,1438.96,1.2,11.39,75.25068770449887,10.19,7.38475836157987,0
70000,3600,1400,3618.92,1441.47,1.2,0.02,45.58209407212447,-1.18,9999.0,0
70000,3600,1400,3629.62,1188.15,1.2,6.58,213.9106516749457,5.38,39.760344177499206,0
70000,3600,1400,3649.8,1382.79,1.2,0.0,52.68988612627683,-1.2,9999.0,0
70000,3600,1400,3748.61,1404.14,1.2,25.5,148.66765519103353,24.3,6.118010501688622,0
70000,3600,1400,3680.29,1350.45,1.2,8.94,94.34874985923231,7.739999999999999,12.189760963725107,0
70000,3600,1400,3663.73,1378.79,1.2,12.67,67.16678494613244,11.47,5.855866167927849,0
70000,3600,1400,3645.11,1368.66,1.2,0.37,54.92820495883701,-0.83,9999.0,0
70000,3600,1400,3932.51,1363.08,1.2,24.11,334.5534135231625,22.91,14.602942537021496,0
70000,3600,1400,3597.99,1455.33,1.2,19.52,55.36649708984661,18.32,3.0221887057776535,0
70000,3600,1400,3483.3,1583.87,1.2,13.17,217.77756289388472,11.97,18.193614276849182,0
70000,3600,1400,3583.09,1472.09,1.2,2.17,74.0467163350272,0.97,76.33682096394557,0
70000,3600,1400,3635.66,1416.73,1.2,0.0,39.38944655615245,-1.2,9999.0,0
70000,3600,1400,3614.71,1447.71,1.2,0.13,49.926227576295055,-1.0699999999999998,9999.0,0
70000,3600,1400,3541.02,1595.65,1.2,0.71,204.34667332746096,-0.49,9999.0,0
70000,3600,1400,3623.38,1417.71,1.2,16.34,29.33033412697521,15.14,1.9372743809098552,1
70000,3600,1400,3569.91,1467.31,1.2,0.0,73.72953410947339,-1.2,9999.0,0
70000,3600,1400,3673.9,1370.19,1.2,5.85,79.68592159221107,4.65,17.136757331658295,0
70000,3600,1400,3639.26,1325.55,1.2,9.34,84.1673933301966,8.14,10.339974610589262,0
70000,3600,1400,3948.88,1639.03,1.2,9.09,422.9096774726255,7.89,53.60071957827953,0
70000,3600,1400,3760.18,1395.23,1.2,6.35,160.25100717312185,5.15,31.116700421965405,0
70000,3600,1400,3657.24,1330.46,1.2,4.7,90.06791437576408,3.5,25.73368982164688,0
70000,3600,1400,3705.03,1354.33,1.2,2.09,114.5296896005575,0.8899999999999999,128.68504449500844,0
70000,3600,1400,3639.32,1414.35,1.2,0.0,41.856718696047,-1.2,9999.0,0
70000,3600,1400,3507.18,1592.95,1.2,0.0,214.11505061531767,-1.2,9999.0,0
71000,3600,1400,3518.86,1422.58,1.2,14.61,84.223250946517,13.41,6.2806301973539895,0
71000,3600,1400,3640.64,1410.24,1.2,0.0,41.91022786862403,-1.2,9999.0,0
71000,3600,1400,3738.62,1369.74,1.2,13.87,141.8843613651623,12.67,11.19844998935772,0
71000,3600,1400,3673.03,1419.66,1.2,0.0,75.6299973555469,-1.2,9999.0,0
71000,3600,1400,3805.29,1392.49,1.2,30.07,205.42732096778167,28.87,7.115598232344359,0
71000,3600,1400,3627.32,1429.03,1.2,0.0,39.86380940151113,-1.2,9999.0,0
71000,3600,1400,3662.76,1385.58,1.2,0.0,64.39529485917453,-1.2,9999.0,0
71000,3600,1400,4045.47,1339.93,1.2,3.26,449.5018640673249,2.06,218.20478838219654,0
71000,3600,1400,3658.83,1413.34,1.2,6.11,60.32349873805389,4.91,12.285844956833786,0
71000,3600,1400,3680.28,1418.17,1.2,0.0,82.3105540012946,-1.2,9999.0,0
71000,3600,1400,3641.18,1411.75,1.2,0.0,42.82353208225574,-1.2,9999.0,0
71000,3600,1400,3658.35,1420.38,1.2,0.0,61.8066897673706,-1.2,9999.0,0
71000,3600,1400,3557.78,1592.64,1.2,9.46,197.21231705955896,8.260000000000002,23.875583179123357,0
71000,3600,1400,3449.32,1628.19,1.2,12.26,273.4504315227898,11.06,24.724270481264902,0
71000,3600,1400,4024.24,1347.51,1.2,9.51,427.4748854611225,8.31,51.44102111445517,0
71000,3600,1400,4015.62,1292.19,1.2,12.25,429.3751046579201,11.05,38.857475534653396,0
71000,3600,1400,3631.53,1422.8,1.2,0.0,38.90990747868736,-1.2,9999.0,0
71000,3600,1400,3537.71,1588.17,1.2,4.63,198.21199005105623,3.43,57.78775220147412,0
71000,3600,1400,3665.7,1420.67,1.2,0.0,68.87480598883731,-1.2,9999.0,0
71000,3600,1400,3646.63,1376.07,1.2,0.0,52.41184789720749,-1.2,9999.0,0
71000,3600,1400,3596.07,1500.21,1.2,23.72,100.28703306011204,22.52,4.453243031088457,0
71000,3600,1400,3623.12,1435.25,1.2,0.0,42.15562714513918,-1.2,9999.0,0
71000,3600,1400,4049.97,1342.28,1.2,2.69,453.6569180559245,1.49,304.4677302388755,0
71000,3600,1400,3567.27,1462.93,1.2,2.84,70.93262859925613,1.64,43.25160280442447,0
71000,3600,1400,3960.54,1360.59,1.2,17.45,362.68752349646655,16.25,22.319232215167172,0
71000,3600,1400,3746.56,1247.11,1.2,26.59,211.79042872613488,25.39,8.341489906503934,0
71000,3600,1400,3576.55,1467.75,1.2,2.53,71.6935492216698,1.3299999999999998,53.9049242268194,0
71000,3600,1400,3392.96,1717.64,1.2,13.46,379.1579238259436,12.260000000000002,30.926421192980715,0
71000,3600,1400,3647.02,1408.17,1.2,0.0,47.72451466489732,-1.2,9999.0,0
71000,3600,1400,3544.18,1447.54,1.2,12.12,73.32069284997254,10.92,6.714349162085398,0
71000,3600,1400,3618.92,1441.47,1.2,0.0,45.58209407212447,-1.2,9999.0,0
71000,3600,1400,3629.07,1197.23,1.2,9.11,204.8432029626563,7.909999999999999,25.896738680487527,0
71000,3600,1400,3649.8,1382.79,1.2,0.0,52.68988612627683,-1.2,9999.0,0
71000,3600,1400,3728.05,1408.36,1.2,21.08,128.3226094653629,19.88,6.454859631054472,0
71000,3600,1400,3681.34,1344.95,1.2,5.96,98.2176058555696,4.76,20.633950809993614,0
71000,3600,1400,3671.97,1367.4,1.2,14.06,79.00911909393729,12.86,6.143788420990458,0
71000,3600,1400,3645.12,1368.72,1.2,0.06,54.9022112487283,-1.14,9999.0,0
71000,3600,1400,3956.64,1358.13,1.2,24.64,359.0893851118408,23.44,15.319513016716757,0
71000,3600,1400,3609.63,1438.09,1.2,20.8,39.288484317927,19.6,2.0045145060166836,0
71000,3600,1400,3475.75,1595.32,1.2,13.72,231.49074473939552,12.52,18.489676097395808,0
71000,3600,1400,3586.91,1473.97,1.2,4.33,75.11929845252821,3.13,23.999775863427544,0
71000,3600,1400,3635.66,1416.73,1.2,0.0,39.38944655615245,-1.2,9999.0,0
71000,3600,1400,3614.72,1447.7,1.2,0.01,49.91961938957466,-1.19,9999.0,0
71000,3600,1400,3540.42,1595.46,1.2,0.63,204.3389047636304,-0.57,9999.0,0
71000,3600,1400,3631.7,1404.33,1.2,15.06,31.994357315001466,13.86,2.3083951886725447,0
71000,3600,1400,3569.91,1467.31,1.2,0.0,73.72953410947339,-1.2,9999.0,0
71000,3600,1400,3669.21,1376.66,1.2,7.99,73.03957625835463,6.79,10.756933175015408,0
71000,3600,1400,3640.26,1336.43,1.2,10.93,75.24634542620664,9.73,7.733437351100374,0
71000,3600,1400,3938.62,1642.82,1.2,10.94,416.6834011572814,9.74,42.7806366691254,0
71000,3600,1400,3769.29,1396.62,1.2,8.64,169.3237387373666,7.44,22.758567034592282,0
71000,3600,1400,3663.63,1331.68,1.2,6.5,93.3616586185143,5.3,17.61540728651213,0
71000,3600,1400,3708.91,1356.59,1.2,4.49,117.24255285518127,3.29,35.636034302486706,0
71000,3600,1400,3639.32,1414.35,1.2,0.0,41.856718696047,-1.2,9999.0,0
71000,3600,1400,3510.85,1593.01,1.2,1.82,212.60428641022276,0.6200000000000001,342.910139371327,0
71000,3600,1400,3472.15,1594.97,1.2,0.0,233.15000193008788,-1.2,9999.0,0
72000,3600,1400,3529.31,1432.74,1.2,14.58,77.90368219795523,13.38,5.822397772642394,0
72000,3600,1400,3640.64,1410.24,1.2,0.0,41.91022786862403,-1.2,9999.0,0
72000,3600,1400,3725.33,1369.85,1.2,13.69,128.9055134585018,12.49,10.320697634787972,0
72000,3600,1400,3673.03,1419.66,1.2,0.0,75.6299973555469,-1.2,9999.0,0
72000,3600,1400,3775.07,1398.7,1.2,30.86,175.07482657423955,29.66,5.902725103649344,0
72000,3600,1400,3627.32,1429.03,1.2,0.0,39.86380940151113,-1.2,9999.0,0
72000,3600,1400,3662.76,1385.58,1.2,0.0,64.39529485917453,-1.2,9999.0,0
72000,3600,1400,4047.48,1339.52,1.2,2.05,451.5486472131215,0.8499999999999999,531.2337026036724,0
72000,3600,1400,3664.53,1414.36,1.2,6.0,66.10847525090882,4.8,13.772599010606006,0
72000,3600,1400,3680.28,1418.17,1.2,0.0,82.3105540012946,-1.2,9999.0,0
72000,3600,1400,3641.18,1411.75,1.2,0.0,42.82353208225574,-1.2,9999.0,0
72000,3600,1400,3658.35,1420.38,1.2,0.0,61.8066897673706,-1.2,9999.0,0
72000,3600,1400,3569.52,1591.48,1.2,11.79,193.8907444928716,10.59,18.30885217118712,0
72000,3600,1400,3455.86,1618.88,1.2,11.38,262.07783958206005,10.18,25.744385027707274,0
72000,3600,1400,4012.83,1349.85,1.2,11.64,415.8649196554092,10.44,39.83380456469437,0
72000,3600,1400,4027.45,1289.64,1.2,12.1,441.4666828878481,10.9,40.50153054016955,0
72000,3600,1400,3631.53,1422.8,1.2,0.0,38.90990747868736,-1.2,9999.0,0
72000,3600,1400,3539.63,1591.6,1.2,4.28,200.8857807312403,3.08,65.22265608157151,0
72000,3600,1400,3665.7,1420.67,1.2,0.0,68.87480598883731,-1.2,9999.0,0
72000,3600,1400,3646.63,1376.07,1.2,0.0,52.41184789720749,-1.2,9999.0,0
72000,3600,1400,3581.64,1521.6,1.2,25.8,122.97824848321748,24.6,4.99911579200071,0
72000,3600,1400,3623.12,1435.25,1.2,0.0,42.15562714513918,-1.2,9999.0,0
72000,3600,1400,4045.81,1343.13,1.2,4.24,449.4226885683453,3.04,147.83641071327148,0
72000,3600,1400,3569.43,1463.45,1.2,2.22,70.43030171737173,1.0200000000000002,69.04931540918795,0
72000,3600,1400,3941.22,1364.56,1.2,19.73,343.0555086279768,18.53,18.513519084078617,0
72000,3600,1400,3761.02,1223.27,1.2,27.86,239.08352787258264,26.66,8.967874263787795,0
72000,3600,1400,3580.38,1470.21,1.2,4.56,72.89985253757376,3.3599999999999994,21.696384683801718,0
72000,3600,1400,3385.81,1728.33,1.2,12.86,392.0177865862721,11.66,33.62073641391699,0
72000,3600,1400,3647.02,1408.17,1.2,0.0,47.72451466489732,-1.2,9999.0,0
72000,3600,1400,3549.83,1453.2,1.2,8.0,73.12502239315904,6.8,10.753679763699859,0
72000,3600,1400,3618.93,1441.47,1.2,0.0,45.58624573267683,-1.2,9999.0,0
72000,3600,1400,3628.85,1208.83,1.2,11.59,193.33466166210349,10.39,18.607763393850192,0
72000,3600,1400,3649.8,1382.79,1.2,0.0,52.68988612627683,-1.2,9999.0,0
72000,3600,1400,3711.94,1411.67,1.2,16.67,112.54666809817168,15.470000000000002,7.275156308866946,0
72000,3600,1400,3676.13,1340.68,1.2,6.85,96.51237899875854,5.65,17.081836990930714,0
72000,3600,1400,3678.98,1357.72,1.2,11.95,89.584813445137,10.75,8.333471018152279,0
72000,3600,1400,3645.12,1368.73,1.2,0.02,54.89651446130245,-1.18,9999.0,0
72000,3600,1400,3980.5,1353.22,1.2,24.36,383.3648632830088,23.16,16.552887015673953,0
72000,3600,1400,3619.89,1422.9,1.2,18.33,30.331866081729935,17.13,1.7706868699200196,0
72000,3600,1400,3468.48,1606.26,1.2,13.13,244.6235843086271,11.93,20.504910671301516,0
72000,3600,1400,3591.24,1471.04,1.2,5.19,71.57806367875565,3.99,17.9393643305152,0
72000,3600,1400,3635.66,1416.73,1.2,0.0,39.38944655615245,-1.2,9999.0,0
72000,3600,1400,3614.73,1447.69,1.2,0.01,49.9130143349408,-1.19,9999.0,0
72000,3600,1400,3540.42,1595.46,1.2,0.0,204.3389047636304,-1.2,9999.0,0
72000,3600,1400,3641.28,1397.14,1.2,10.85,41.37895600423017,9.65,4.287974715464266,0
72000,3600,1400,3569.91,1467.31,1.2,0.0,73.72953410947339,-1.2,9999.0,0
72000,3600,1400,3667.17,1379.49,1.2,3.49,70.23153849945201,2.29,30.6687941045642,0
72000,3600,1400,3641.94,1348.54,1.2,12.23,66.38595634620329,11.03,6.018672379528857,0
72000,3600,1400,3927.94,1646.77,1.2,11.38,410.41451789623625,10.18,40.31576796623146,0
72000,3600,1400,3780.22,1394.37,1.2,11.16,180.30791801803915,9.96,18.10320462028505,0
72000,3600,1400,3671.16,1334.46,1.2,8.07,96.74315066194596,6.87,14.081972439875685,0
72000,3600,1400,3714.0,1359.55,1.2,5.88,120.9636412315701,4.68,25.846931887087628,0
72000,3600,1400,3639.32,1414.35,1.2,0.0,41.856718696047,-1.2,9999.0,0
72000,3600,1400,3515.24,1591.88,1.2,3.23,209.7669945439465,2.03,103.33349484923474,0
72000,3600,1400,3473.07,1593.57,1.2,1.68,231.4747714114865,0.48,482.2391071072636,0
73000,3600,1400,3538.12,1441.47,1.2,12.41,74.49090749883516,11.21,6.645040811671289,0
73000,3600,1400,3640.64,1410.24,1.2,0.0,41.91022786862403,-1.2,9999.0,0
73000,3600,1400,3713.83,1363.16,1.2,13.31,119.64302946682676,12.11,9.87968864300799,0
73000,3600,1400,3673.03,1419.66,1.2,0.0,75.6299973555469,-1.2,9999.0,0
73000,3600,1400,3627.32,1429.03,1.2,0.0,39.86380940151113,-1.2,9999.0,0
73000,3600,1400,3662.76,1385.58,1.2,0.0,64.39529485917453,-1.2,9999.0,0
73000,3600,1400,4049.95,1339.02,1.2,2.52,454.063390838768,1.32,343.98741730209696,0
73000,3600,1400,3671.96,1413.35,1.2,7.61,73.18786853024211,6.41,11.41776420128582,0
73000,3600,1400,3680.28,1418.17,1.2,0.0,82.3105540012946,-1.2,9999.0,0
73000,3600,1400,3641.18,1411.75,1.2,0.0,42.82353208225574,-1.2,9999.0,0
73000,3600,1400,3658.35,1420.38,1.2,0.0,61.8066897673706,-1.2,9999.0,0
73000,3600,1400,3582.17,1590.25,1.2,12.71,191.0836764352204,11.510000000000002,16.601535745892303,0
73000,3600,1400,3462.8,1608.99,1.2,12.08,250.0013201965141,10.88,22.978062518061954,0
73000,3600,1400,3999.8,1352.53,1.2,13.3,402.6082971077474,12.1,33.27341298411135,0
73000,3600,1400,4039.87,1287.0,1.2,12.7,454.1526361257853,11.5,39.49153357615524,0
73000,3600,1400,3631.53,1422.8,1.2,0.0,38.90990747868736,-1.2,9999.0,0
73000,3600,1400,3544.57,1593.42,1.2,5.28,201.2058182558348,4.08,49.31515153329284,0
73000,3600,1400,3665.7,1420.67,1.2,0.0,68.87480598883731,-1.2,9999.0,0
73000,3600,1400,3646.63,1376.07,1.2,0.0,52.41184789720749,-1.2,9999.0,0
73000,3600,1400,3568.42,1541.18,1.2,23.62,144.66889368485545,22.42,6.452671440002472,0
73000,3600,1400,3623.12,1435.25,1.2,0.0,42.15562714513918,-1.2,9999.0,0
73000,3600,1400,4039.51,1344.41,1.2,6.43,443.01161181169977,5.23,84.70585311887184,0
73000,3600,1400,3572.96,1465.46,1.2,4.09,70.8249475820491,2.89,24.50690227752564,0
73000,3600,1400,3919.75,1368.97,1.2,21.92,321.2521181253129,20.72,15.50444585546877,0
73000,3600,1400,3775.77,1199.6,1.2,27.94,266.56191194542413,26.74,9.968657888759317,0
73000,3600,1400,3584.18,1472.81,1.2,4.61,74.50884846781621,3.41,21.850102189975427,0
73000,3600,1400,3378.87,1738.72,1.2,12.5,404.5116998307961,11.3,35.79749556024744,0
73000,3600,1400,3647.02,1408.17,1.2,0.0,47.72451466489732,-1.2,9999.0,0
73000,3600,1400,3552.67,1456.03,1.2,4.01,73.34500528325013,2.81,26.10142536770467,0
73000,3600,1400,3618.93,1441.47,1.2,0.0,45.58624573267683,-1.2,9999.0,0
73000,3600,1400,3628.88,1219.66,1.2,10.84,182.6378109811875,9.64,18.945831014646004,0
73000,3600,1400,3649.8,1382.79,1.2,0.0,52.68988612627683,-1.2,9999.0,0
73000,3600,1400,3700.0,1414.12,1.2,12.35,100.99195215461476,11.15,9.057574184270383,0
73000,3600,1400,3668.54,1336.81,1.2,8.53,93.22396526644852,7.329999999999999,12.718139872639636,0
73000,3600,1400,3683.4,1351.73,1.2,7.45,96.3615737729517,6.25,15.417851803672272,0
73000,3600,1400,3645.13,1368.74,1.2,0.01,54.89903915370477,-1.19,9999.0,0
73000,3600,1400,4000.44,1349.13,1.2,20.36,403.6582099994995,19.16,21.067756263021895,0
73000,3600,1400,3628.17,1410.68,1.2,14.6,30.126587924954357,13.4,2.2482528302204745,0
73000,3600,1400,3460.8,1617.45,1.2,13.57,258.1881920227956,12.37,20.87212546667709,0
73000,3600,1400,3597.73,1467.14,1.2,6.86,67.17836333225165,5.66,11.868968786616898,0
73000,3600,1400,3635.66,1416.73,1.2,0.0,39.38944655615245,-1.2,9999.0,0
73000,3600,1400,3614.73,1447.69,1.2,0.0,49.9130143349408,-1.2,9999.0,0
73000,3600,1400,3540.42,1595.46,1.2,0.0,204.3389047636304,-1.2,9999.0,0
73000,3600,1400,3569.91,1467.31,1.2,0.0,73.72953410947339,-1.2,9999.0,0
73000,3600,1400,3667.16,1379.5,1.2,0.02,70.21905439408864,-1.18,9999.0,0
73000,3600,1400,3643.27,1356.86,1.2,8.43,61.10116610998523,7.229999999999999,8.451060319500034,0
73000,3600,1400,3917.71,1652.46,1.2,11.71,405.8025328900745,10.510000000000002,38.6110878106636,0
73000,3600,1400,3793.28,1391.69,1.2,13.33,193.45856016211863,12.13,15.948768356316457,0
73000,3600,1400,3676.96,1337.44,1.2,6.53,99.17961080786716,5.33,18.60780690579121,0
73000,3600,1400,3720.88,1363.56,1.2,7.97,126.25311085276287,6.77,18.648908545459804,0
73000,3600,1400,3639.32,1414.35,1.2,0.0,41.856718696047,-1.2,9999.0,0
73000,3600,1400,3517.94,1587.36,1.2,5.27,204.5424484061926,4.069999999999999,50.25612982953135,0
73000,3600,1400,3475.38,1590.07,1.2,4.19,227.2812119379865,2.99,76.01378325685167,0
74000,3600,1400,3544.31,1447.66,1.2,8.75,73.29973874441855,7.55,9.708574668134908,0
74000,3600,1400,3640.64,1410.24,1.2,0.0,41.91022786862403,-1.2,9999.0,0
74000,3600,1400,3704.86,1357.93,1.2,10.38,112.98453212718996,9.18,12.307683238255988,0
74000,3600,1400,3673.03,1419.66,1.2,0.0,75.6299973555469,-1.2,9999.0,0
74000,3600,1400,3627.32,1429.03,1.2,0.0,39.86380940151113,-1.2,9999.0,0
74000,3600,1400,3662.76,1385.58,1.2,0.0,64.39529485917453,-1.2,9999.0,0
74000,3600,1400,4051.88,1340.77,1.2,3.08,455.7452438588911,1.88,242.4176829036655,0
74000,3600,1400,3680.86,1411.52,1.2,9.21,81.67649600711346,8.010000000000002,10.196815980913039,0
74000,3600,1400,3680.28,1418.17,1.2,0.0,82.3105540012946,-1.2,9999.0,0
74000,3600,1400,3641.18,1411.75,1.2,0.0,42.82353208225574,-1.2,9999.0,0
74000,3600,1400,3658.35,1420.38,1.2,0.0,61.8066897673706,-1.2,9999.0,0
74000,3600,1400,3594.48,1589.56,1.2,12.34,189.64035435529004,11.14,17.023371127045785,0
74000,3600,1400,3467.81,1601.51,1.2,9.0,240.99891327555815,7.8,30.897296573789507,0
74000,3600,1400,3984.53,1355.66,1.2,15.59,387.0779721193136,14.39,26.89909465735327,0
74000,3600,1400,4051.28,1284.67,1.2,11.64,465.78390622691137,10.44,44.61531668840147,0
74000,3600,1400,3631.53,1422.8,1.2,0.0,38.90990747868736,-1.2,9999.0,0
74000,3600,1400,3552.09,1593.19,1.2,7.61,199.0420664080837,6.41,31.05180443183833,0
74000,3600,1400,3665.7,1420.67,1.2,0.0,68.87480598883731,-1.2,9999.0,0
74000,3600,1400,3646.63,1376.07,1.2,0.0,52.41184789720749,-1.2,9999.0,0
74000,3600,1400,3557.58,1557.25,1.2,19.39,162.87117271021293,18.19,8.953885250698896,0
74000,3600,1400,3623.12,1435.25,1.2,0.0,42.15562714513918,-1.2,9999.0,0
74000,3600,1400,4030.88,1346.16,1.2,8.81,434.23072208216695,7.61,57.060541666513394,0
74000,3600,1400,3577.28,1468.21,1.2,5.12,71.89438434258962,3.92,18.340404169027963,0
74000,3600,1400,3896.78,1373.69,1.2,23.45,297.9439284496331,22.25,13.390738357286882,0
74000,3600,1400,3790.85,1175.28,1.2,28.73,294.82673030103626,27.53,10.709289150055803,0
74000,3600,1400,3587.87,1472.3,1.2,5.06,73.31048287932632,3.86,18.99235307754568,0
74000,3600,1400,3374.42,1745.37,1.2,8.0,412.5127553179415,6.8,60.66364048793258,0
74000,3600,1400,3647.02,1408.17,1.2,0.0,47.72451466489732,-1.2,9999.0,0
74000,3600,1400,3553.55,1456.92,1.2,1.25,73.46760442535194,0.05,1469.3520885070386,0
74000,3600,1400,3618.93,1441.47,1.2,0.0,45.58624573267683,-1.2,9999.0,0
74000,3600,1400,3629.72,1231.1,1.2,11.47,171.4948640630384,10.27,16.698623569916105,0
74000,3600,1400,3649.8,1382.79,1.2,0.0,52.68988612627683,-1.2,9999.0,0
74000,3600,1400,3692.42,1415.68,1.2,7.85,93.74069980536744,6.65,14.096345835393599,0
74000,3600,1400,3658.38,1333.93,1.2,10.62,88.16728021210592,9.42,9.359583886635448,0
74000,3600,1400,3691.3,1348.2,1.2,9.12,104.97109125849856,7.919999999999999,13.25392566395184,0
74000,3600,1400,3645.13,1368.74,1.2,0.0,54.89903915370477,-1.2,9999.0,0
74000,3600,1400,4017.38,1345.65,1.2,17.29,420.9037739198831,16.09,26.159339584828036,0
74000,3600,1400,3640.23,1397.39,1.2,16.84,40.31457552796508,15.64,2.5776582818391995,0
74000,3600,1400,3452.61,1629.02,1.2,14.18,272.34899026800144,12.98,20.982202640061743,0
74000,3600,1400,3602.38,1460.26,1.2,8.31,60.30698135373714,7.11,8.481994564519992,0
74000,3600,1400,3635.66,1416.73,1.2,0.0,39.38944655615245,-1.2,9999.0,0
74000,3600,1400,3614.73,1447.68,1.2,0.0,49.90345979989771,-1.2,9999.0,0
74000,3600,1400,3540.42,1595.46,1.2,0.0,204.3389047636304,-1.2,9999.0,0
74000,3600,1400,3569.91,1467.31,1.2,0.0,73.72953410947339,-1.2,9999.0,0
74000,3600,1400,3667.16,1379.5,1.2,0.0,70.21905439408864,-1.2,9999.0,0
74000,3600,1400,3643.89,1360.74,1.2,3.93,58.88700790496991,2.7300000000000004,21.570332565923042,0
74000,3600,1400,3907.77,1658.03,1.2,11.39,401.6240204469847,10.19,39.41354469548427,0
74000,3600,1400,3808.75,1388.51,1.2,15.8,209.0659766676539,14.6,14.319587442989993,0
74000,3600,1400,3680.02,1339.35,1.2,3.6,100.40728509426,2.4000000000000004,41.83636878927499,0
74000,3600,1400,3729.62,1367.58,1.2,9.88,133.61287662497196,8.680000000000001,15.393188551264048,0
74000,3600,1400,3639.32,1414.35,1.2,0.0,41.856718696047,-1.2,9999.0,0
74000,3600,1400,3524.93,1582.66,1.2,7.68,197.48463357942572,6.48,30.476023700528657,0
74000,3600,1400,3478.56,1585.25,1.2,5.78,221.5067405294927,4.58,48.36391714617744,0
74000,3600,1400,3725.68,1281.7,1.2,0.0,172.59881923118692,-1.2,9999.0,0
75000,3600,1400,3547.51,1450.87,1.2,4.53,73.09553337926994,3.33,21.950610624405385,0
75000,3600,1400,3640.64,1410.24,1.2,0.0,41.91022786862403,-1.2,9999.0,0
75000,3600,1400,3699.19,1354.63,1.2,6.57,109.07379611987471,5.37,20.31169387707164,0
75000,3600,1400,3673.03,1419.66,1.2,0.0,75.6299973555469,-1.2,9999.0,0
75000,3600,1400,3627.32,1429.03,1.2,0.0,39.86380940151113,-1.2,9999.0,0
75000,3600,1400,3662.76,1385.58,1.2,0.0,64.39529485917453,-1.2,9999.0,0
75000,3600,1400,4049.97,1342.28,1.2,2.59,453.6569180559245,1.39,326.3718834934709,0
75000,3600,1400,3691.1,1409.41,1.2,10.6,91.5847045089953,9.4,9.743053671169713,0
75000,3600,1400,3680.28,1418.17,1.2,0.0,82.3105540012946,-1.2,9999.0,0
75000,3600,1400,3641.18,1411.75,1.2,0.0,42.82353208225574,-1.2,9999.0,0
75000,3600,1400,3658.35,1420.38,1.2,0.0,61.8066897673706,-1.2,9999.0,0
75000,3600,1400,3607.77,1589.5,1.2,13.28,189.65922835443573,12.08,15.700267247883753,0
75000,3600,1400,3472.67,1594.18,1.2,8.79,232.2042232604739,7.589999999999999,30.593441799798935,0
75000,3600,1400,3966.77,1359.31,1.2,18.13,369.0202013440456,16.93,21.796822288484677,0
75000,3600,1400,4063.11,1282.26,1.2,12.07,477.8426306850406,10.87,43.95976363247844,0
75000,3600,1400,3631.53,1422.8,1.2,0.0,38.90990747868736,-1.2,9999.0,0
75000,3600,1400,3561.72,1592.25,1.2,9.68,196.02403143492384,8.48,23.11604144279762,0
75000,3600,1400,3665.7,1420.67,1.2,0.0,68.87480598883731,-1.2,9999.0,0
75000,3600,1400,3646.63,1376.07,1.2,0.0,52.41184789720749,-1.2,9999.0,0
75000,3600,1400,3549.07,1570.02,1.2,15.39,177.48426775351098,14.19,12.507700334990203,0
75000,3600,1400,3623.12,1435.25,1.2,0.0,42.15562714513918,-1.2,9999.0,0
75000,3600,1400,4019.73,1348.43,1.2,11.38,422.88619958565687,10.18,41.540884045742324,0
75000,3600,1400,3581.05,1470.66,1.2,4.5,73.15694157084482,3.3,22.16877017298328,0
75000,3600,1400,3871.91,1378.8,1.2,25.39,272.73519776515815,24.19,11.27470846486805,0
75000,3600,1400,3805.65,1151.51,1.2,28.1,322.55108525627384,26.9,11.990746663802001,0
75000,3600,1400,3591.05,1465.61,1.2,7.53,66.21763058279859,6.33,10.46092110312774,0
75000,3600,1400,3372.47,1748.27,1.2,3.5,416.00708383391753,2.3,180.87264514518154,0
75000,3600,1400,3647.02,1408.17,1.2,0.0,47.72451466489732,-1.2,9999.0,0
75000,3600,1400,3553.79,1457.16,1.2,0.34,73.5025829478122,-0.8599999999999999,9999.0,0
75000,3600,1400,3618.93,1441.47,1.2,0.0,45.58624573267683,-1.2,9999.0,0
75000,3600,1400,3630.79,1242.54,1.2,11.5,160.44212570269696,10.3,15.57690540802883,0
75000,3600,1400,3649.8,1382.79,1.2,0.0,52.68988612627683,-1.2,9999.0,0
75000,3600,1400,3688.46,1416.49,1.2,4.09,89.98384132720722,2.89,31.136277275850247,0
75000,3600,1400,3650.37,1333.45,1.2,8.08,83.4628024930866,6.88,12.131221292599797,0
75000,3600,1400,3699.59,1351.16,1.2,8.89,110.92120491592227,7.69,14.424083864229164,0
75000,3600,1400,3645.13,1368.74,1.2,0.0,54.89903915370477,-1.2,9999.0,0
75000,3600,1400,4030.97,1342.88,1.2,13.87,434.738812737027,12.67,34.31245562249621,0
75000,3600,1400,3444.9,1640.46,1.2,13.79,286.1416110949262,12.59,22.727689523028292,0
75000,3600,1400,3608.24,1451.58,1.2,10.46,52.23403105256179,9.260000000000002,5.640824087749652,0
75000,3600,1400,3635.66,1416.73,1.2,0.0,39.38944655615245,-1.2,9999.0,0
75000,3600,1400,3614.73,1447.68,1.2,0.0,49.90345979989771,-1.2,9999.0,0
75000,3600,1400,3540.42,1595.46,1.2,0.0,204.3389047636304,-1.2,9999.0,0
75000,3600,1400,3569.91,1467.31,1.2,0.0,73.72953410947339,-1.2,9999.0,0
75000,3600,1400,3667.15,1379.5,1.2,0.0,70.20949009927371,-1.2,9999.0,0
75000,3600,1400,3643.94,1361.04,1.2,0.3,58.72482609595372,-0.8999999999999999,9999.0,0
75000,3600,1400,3897.19,1663.56,1.2,11.94,397.2225694745957,10.74,36.985341664301274,0
75000,3600,1400,3825.92,1384.98,1.2,17.53,226.4187421570927,16.330000000000002,13.865201601781548,0
75000,3600,1400,3680.61,1339.72,1.2,0.7,100.65610016288144,-0.5,9999.0,0
75000,3600,1400,3741.84,1366.14,1.2,12.31,145.82553000075137,11.11,13.125610261093733,0
75000,3600,1400,3639.32,1414.35,1.2,0.0,41.856718696047,-1.2,9999.0,0
75000,3600,1400,3530.14,1574.84,1.2,9.44,188.28023050761328,8.24,22.849542537331708,0
75000,3600,1400,3482.49,1579.29,1.2,7.14,214.3676845982156,5.94,36.08883579094538,0
75000,3600,1400,3726.42,1280.56,1.2,1.37,173.91932037585713,0.1700000000000001,1023.0548257403354,0
75000,3600,1400,3559.73,1510.2,1.2,0.0,117.32737489605744,-1.2,9999.0,0
76000,3600,1400,3548.28,1451.64,1.2,1.09,73.08657879528901,-0.1099999999999998,9999.0,0
76000,3600,1400,3640.64,1410.24,1.2,0.0,41.91022786862403,-1.2,9999.0,0
76000,3600,1400,3692.37,1350.56,1.2,7.94,104.76893862209344,6.74,15.544352911289828,0
76000,3600,1400,3673.03,1419.66,1.2,0.0,75.6299973555469,-1.2,9999.0,0
76000,3600,1400,3627.32,1429.03,1.2,0.0,39.86380940151113,-1.2,9999.0,0
76000,3600,1400,3662.76,1385.58,1.2,0.0,64.39529485917453,-1.2,9999.0,0
76000,3600,1400,4045.1,1343.27,1.2,4.98,448.7006829725133,3.78,118.70388438426278,0
76000,3600,1400,3703.74,1406.82,1.2,13.09,103.96393605476833,11.89,8.743812956666806,0
76000,3600,1400,3680.28,1418.17,1.2,0.0,82.3105540012946,-1.2,9999.0,0
76000,3600,1400,3641.18,1411.75,1.2,0.0,42.82353208225574,-1.2,9999.0,0
76000,3600,1400,3658.35,1420.38,1.2,0.0,61.8066897673706,-1.2,9999.0,0
76000,3600,1400,3621.11,1589.0,1.2,13.36,190.1752667935555,12.16,15.639413387627918,0
76000,3600,1400,3477.29,1587.18,1.2,8.39,223.81710502104173,7.19,31.128943674692866,0
76000,3600,1400,3947.58,1363.25,1.2,19.59,349.5174085793152,18.39,19.005840597026385,0
76000,3600,1400,4075.28,1280.08,1.2,12.37,490.1753612739019,11.17,43.88320154645496,0
76000,3600,1400,3631.53,1422.8,1.2,0.0,38.90990747868736,-1.2,9999.0,0
76000,3600,1400,3572.65,1591.17,1.2,10.98,193.11652285602085,9.78,19.746065731699474,0
76000,3600,1400,3665.7,1420.67,1.2,0.0,68.87480598883731,-1.2,9999.0,0
76000,3600,1400,3646.63,1376.07,1.2,0.0,52.41184789720749,-1.2,9999.0,0
76000,3600,1400,3543.04,1579.09,1.2,10.89,187.929959559406,9.69,19.394216672797317,0
76000,3600,1400,3623.12,1435.25,1.2,0.0,42.15562714513918,-1.2,9999.0,0
76000,3600,1400,4006.7,1351.11,1.2,13.3,409.6280289482152,12.1,33.85355611142275,0
76000,3600,1400,3581.21,1470.76,1.2,0.18,73.21230565963619,-1.02,9999.0,0
76000,3600,1400,3846.99,1383.92,1.2,25.44,247.51288148296425,24.24,10.210927453917668,0
76000,3600,1400,3819.66,1127.47,1.2,28.01,350.0330220136379,26.81,13.056061992302794,0
76000,3600,1400,3596.37,1457.74,1.2,9.5,57.85399294776465,8.3,6.9703605961162225,0
76000,3600,1400,3369.66,1748.78,1.2,3.47,417.9760806553409,2.2700000000000005,184.13043200675807,0
76000,3600,1400,3647.02,1408.17,1.2,0.0,47.72451466489732,-1.2,9999.0,0
76000,3600,1400,3555.75,1458.45,1.2,2.36,73.31074273256277,1.16,63.198916148761015,0
76000,3600,1400,3618.93,1441.47,1.2,0.0,45.58624573267683,-1.2,9999.0,0
76000,3600,1400,3632.19,1253.3,1.2,10.86,150.19016645573043,9.66,15.547636279061122,0
76000,3600,1400,3649.8,1382.79,1.2,0.0,52.68988612627683,-1.2,9999.0,0
76000,3600,1400,3687.62,1416.66,1.2,0.87,89.18979762282221,-0.3299999999999999,9999.0,0
76000,3600,1400,3646.49,1333.55,1.2,3.88,81.09822809408345,2.68,30.26053287092666,0
76000,3600,1400,3709.29,1356.81,1.2,11.23,117.5145956892164,10.03,11.71631063701061,0
76000,3600,1400,3645.13,1368.74,1.2,0.0,54.89903915370477,-1.2,9999.0,0
76000,3600,1400,4040.43,1340.95,1.2,9.66,444.3708894605944,8.46,52.52610986531848,0
76000,3600,1400,3437.05,1652.11,1.2,14.05,300.1868661350791,12.85,23.360845613624832,0
76000,3600,1400,3615.53,1440.78,1.2,13.03,43.63701754244902,11.83,3.6886743484741356,0
76000,3600,1400,3635.66,1416.73,1.2,0.0,39.38944655615245,-1.2,9999.0,0
76000,3600,1400,3614.73,1447.68,1.2,0.0,49.90345979989771,-1.2,9999.0,0
76000,3600,1400,3540.42,1595.46,1.2,0.0,204.3389047636304,-1.2,9999.0,0
76000,3600,1400,3569.91,1467.31,1.2,0.0,73.72953410947339,-1.2,9999.0,0
76000,3600,1400,3667.15,1379.5,1.2,0.0,70.20949009927371,-1.2,9999.0,0
76000,3600,1400,3643.96,1361.21,1.2,0.17,58.62717543938136,-1.03,9999.0,0
76000,3600,1400,3886.21,1667.88,1.2,11.84,392.015125345949,10.64,36.84352681822829,0
76000,3600,1400,3845.42,1380.98,1.2,19.91,246.15591969318965,18.71,13.156382666658986,0
76000,3600,1400,3680.62,1339.72,1.2,0.01,100.66410879752516,-1.19,9999.0,0
76000,3600,1400,3755.42,1363.89,1.2,13.77,159.55973332893237,12.57,12.693693980026442,0
76000,3600,1400,3639.32,1414.35,1.2,0.0,41.856718696047,-1.2,9999.0,0
76000,3600,1400,3536.49,1565.31,1.2,11.5,177.09013580659993,10.3,17.193217068601935,0
76000,3600,1400,3487.27,1571.96,1.2,8.75,205.61686336485155,7.55,27.234021637728684,0
76000,3600,1400,3728.49,1277.39,1.2,3.78,177.60318747139624,2.58,68.83844475635513,0
76000,3600,1400,3563.23,1510.7,1.2,1.51,116.64700124735316,0.31,376.2806491850102,0
76000,3600,1400,3928.85,1314.1,1.2,0.0,339.8839985936377,-1.2,9999.0,0
77000,3600,1400,3549.89,1453.25,1.2,2.28,73.12027489007419,1.0799999999999998,67.70395823155017,0
77000,3600,1400,3640.64,1410.24,1.2,0.0,41.91022786862403,-1.2,9999.0,0
77000,3600,1400,3684.43,1345.76,1.2,9.28,100.35139510739238,8.08,12.419727117251531,0
77000,3600,1400,3673.03,1419.66,1.2,0.0,75.6299973555469,-1.2,9999.0,0
77000,3600,1400,3627.32,1429.03,1.2,0.0,39.86380940151113,-1.2,9999.0,0
77000,3600,1400,3662.76,1385.58,1.2,0.0,64.39529485917453,-1.2,9999.0,0
77000,3600,1400,4037.87,1344.74,1.2,7.37,441.3431822289768,6.17,71.53049955088765,0
77000,3600,1400,3718.14,1403.86,1.2,14.9,118.20304226203304,13.7,8.627959289199492,0
77000,3600,1400,3680.28,1418.17,1.2,0.0,82.3105540012946,-1.2,9999.0,0
77000,3600,1400,3641.18,1411.75,1.2,0.0,42.82353208225574,-1.2,9999.0,0
77000,3600,1400,3658.35,1420.38,1.2,0.0,61.8066897673706,-1.2,9999.0,0
77000,3600,1400,3634.26,1588.33,1.2,13.16,191.42083611770164,11.96,16.005086631914853,0
77000,3600,1400,3482.01,1580.02,1.2,8.57,215.24135406561615,7.37,29.20506839424914,0
77000,3600,1400,3926.94,1367.49,1.2,21.07,328.5523758854896,19.87,16.535096924282314,0
77000,3600,1400,4087.49,1280.4,1.2,12.32,501.9468697979895,11.12,45.13910699622208,0
77000,3600,1400,3631.53,1422.8,1.2,0.0,38.90990747868736,-1.2,9999.0,0
77000,3600,1400,3585.51,1589.96,1.2,12.92,190.5118413642575,11.72,16.255276566916166,0
77000,3600,1400,3665.7,1420.67,1.2,0.0,68.87480598883731,-1.2,9999.0,0
77000,3600,1400,3646.63,1376.07,1.2,0.0,52.41184789720749,-1.2,9999.0,0
77000,3600,1400,3539.5,1584.42,1.2,6.39,194.09015018799903,5.19,37.39694608631966,0
77000,3600,1400,3623.12,1435.25,1.2,0.0,42.15562714513918,-1.2,9999.0,0
77000,3600,1400,3992.15,1354.1,1.2,14.85,394.8270919022656,13.65,28.925061677821652,0
77000,3600,1400,3581.29,1470.81,1.2,0.1,73.24015428711216,-1.1,9999.0,0
77000,3600,1400,3821.5,1389.16,1.2,26.02,221.76509103102768,24.82,8.93493517449749,0
77000,3600,1400,3825.73,1099.5,1.2,28.86,375.8381073015348,27.66,13.587784067300609,0
77000,3600,1400,3603.02,1447.89,1.2,11.88,47.98512790438314,10.68,4.492989504155725,0
77000,3600,1400,3370.24,1745.86,1.2,3.2,415.2213833607321,2.0,207.61069168036605,0
77000,3600,1400,3647.02,1408.17,1.2,0.0,47.72451466489732,-1.2,9999.0,0
77000,3600,1400,3559.47,1460.1,1.2,4.09,72.48924678874795,2.89,25.082784355968148,0
77000,3600,1400,3618.93,1441.47,1.2,0.0,45.58624573267683,-1.2,9999.0,0
77000,3600,1400,3633.89,1264.07,1.2,10.9,140.09103111905492,9.7,14.442374342170611,0
77000,3600,1400,3649.8,1382.79,1.2,0.0,52.68988612627683,-1.2,9999.0,0
77000,3600,1400,3687.56,1416.68,1.2,0.06,89.13459485519633,-1.14,9999.0,0
77000,3600,1400,3641.25,1335.53,1.2,5.86,76.53720271867795,4.66,16.424292428900845,0
77000,3600,1400,3720.27,1363.21,1.2,12.71,125.77112943756208,11.510000000000002,10.927118109258215,0
77000,3600,1400,3645.13,1368.74,1.2,0.0,54.89903915370477,-1.2,9999.0,0
77000,3600,1400,4047.47,1339.52,1.2,7.18,451.5387373194019,5.98,75.50815005341168,0
77000,3600,1400,3429.4,1663.46,1.2,13.68,313.8718394504356,12.48,25.149987135451568,0
77000,3600,1400,3620.38,1433.59,1.2,8.68,39.2890888161077,7.479999999999999,5.252551980763062,0
77000,3600,1400,3635.66,1416.73,1.2,0.0,39.38944655615245,-1.2,9999.0,0
77000,3600,1400,3614.73,1447.68,1.2,0.0,49.90345979989771,-1.2,9999.0,0
77000,3600,1400,3540.42,1595.46,1.2,0.0,204.3389047636304,-1.2,9999.0,0
77000,3600,1400,3569.91,1467.31,1.2,0.0,73.72953410947339,-1.2,9999.0,0
77000,3600,1400,3667.15,1379.5,1.2,0.0,70.20949009927371,-1.2,9999.0,0
77000,3600,1400,3643.98,1361.29,1.2,0.08,58.58928656333003,-1.12,9999.0,0
77000,3600,1400,3873.94,1669.41,1.2,12.4,384.21982210708506,11.2,34.30534125956117,0
77000,3600,1400,3867.26,1376.48,1.2,22.29,268.29293319057086,21.09,12.72133395877529,0
77000,3600,1400,3682.59,1341.26,1.2,2.5,101.34838775234674,1.3,77.96029827103595,0
77000,3600,1400,3767.87,1358.86,1.2,13.49,172.83760152235382,12.29,14.063271075862803,0
77000,3600,1400,3639.32,1414.35,1.2,0.0,41.856718696047,-1.2,9999.0,0
77000,3600,1400,3543.64,1554.58,1.2,12.95,164.53396609818896,11.75,14.002890731760763,0
77000,3600,1400,3492.95,1563.05,1.2,10.57,195.051288126995,9.37,20.81657290576254,0
77000,3600,1400,3731.45,1272.66,1.2,5.63,183.0152400757924,4.43,41.31269527670258,0
77000,3600,1400,3568.07,1509.18,1.2,3.94,113.75322984425544,2.74,41.515777315421694,0
77000,3600,1400,3927.09,1314.47,1.2,1.8,338.0876350888924,0.6000000000000001,563.4793918148206,0
78000,3600,1400,3552.44,1455.81,1.2,3.61,73.32605062322659,2.41,30.425747146567048,0
78000,3600,1400,3640.64,1410.24,1.2,0.0,41.91022786862403,-1.2,9999.0,0
78000,3600,1400,3674.85,1339.89,1.2,11.23,95.99861769838134,10.03,9.571148324863543,0
78000,3600,1400,3673.03,1419.66,1.2,0.0,75.6299973555469,-1.2,9999.0,0
78000,3600,1400,3627.32,1429.03,1.2,0.0,39.86380940151113,-1.2,9999.0,0
78000,3600,1400,3662.76,1385.58,1.2,0.0,64.39529485917453,-1.2,9999.0,0
78000,3600,1400,4028.18,1346.71,1.2,9.89,431.4834139338381,8.690000000000001,49.65286696591922,0
78000,3600,1400,3734.5,1400.5,1.2,16.91,134.5009293648189,15.71,8.561485000943277,0
78000,3600,1400,3680.28,1418.17,1.2,0.0,82.3105540012946,-1.2,9999.0,0
78000,3600,1400,3641.18,1411.75,1.2,0.0,42.82353208225574,-1.2,9999.0,0
78000,3600,1400,3658.35,1420.38,1.2,0.0,61.8066897673706,-1.2,9999.0,0
78000,3600,1400,3646.18,1587.72,1.2,11.93,193.3168145816602,10.73,18.0164785257838,0
78000,3600,1400,3487.56,1571.52,1.2,10.16,205.0898924861974,8.96,22.889496929263103,0
78000,3600,1400,3905.68,1371.86,1.2,21.71,306.97251016988463,20.51,14.966967828858342,0
78000,3600,1400,4096.4,1287.94,1.2,12.24,508.8913475389414,11.04,46.095230755338896,0
78000,3600,1400,3631.53,1422.8,1.2,0.0,38.90990747868736,-1.2,9999.0,0
78000,3600,1400,3598.26,1589.55,1.2,12.76,189.55798611506717,11.56,16.397749663933144,0
78000,3600,1400,3665.7,1420.67,1.2,0.0,68.87480598883731,-1.2,9999.0,0
78000,3600,1400,3646.63,1376.07,1.2,0.0,52.41184789720749,-1.2,9999.0,0
78000,3600,1400,3537.71,1588.58,1.2,4.62,198.601260066496,3.42,58.0705438790924,0
78000,3600,1400,3623.12,1435.25,1.2,0.0,42.15562714513918,-1.2,9999.0,0
78000,3600,1400,3975.47,1357.52,1.2,17.03,377.86541426809606,15.830000000000002,23.870209366272647,0
78000,3600,1400,3581.32,1470.84,1.2,0.05,73.2615042160614,-1.15,9999.0,0
78000,3600,1400,3795.86,1394.43,1.2,26.17,195.93918571842656,24.97,7.846983809308233,0
78000,3600,1400,3826.0,1071.69,1.2,27.98,398.57678821025183,26.78,14.883375213228224,0
78000,3600,1400,3610.55,1436.73,1.2,13.46,38.21512004429667,12.260000000000002,3.1170570998610656,0
78000,3600,1400,3373.31,1741.26,1.2,5.53,409.6910344393688,4.33,94.6168670760667,0
78000,3600,1400,3647.02,1408.17,1.2,0.0,47.72451466489732,-1.2,9999.0,0
78000,3600,1400,3565.87,1461.89,1.2,6.65,70.67693400254441,5.45,12.968244771109067,0
78000,3600,1400,3618.93,1441.47,1.2,0.0,45.58624573267683,-1.2,9999.0,0
78000,3600,1400,3635.29,1275.19,1.2,11.21,129.7032004231198,10.010000000000002,12.957362679632345,0
78000,3600,1400,3649.8,1382.79,1.2,0.0,52.68988612627683,-1.2,9999.0,0
78000,3600,1400,3687.54,1416.68,1.2,0.02,89.1149482410218,-1.18,9999.0,0
78000,3600,1400,3640.91,1342.11,1.2,6.75,70.88638938470487,5.55,12.772322411658536,0
78000,3600,1400,3732.26,1367.27,1.2,13.24,136.24962568755944,12.04,11.316414093651117,0
78000,3600,1400,3645.13,1368.74,1.2,0.0,54.89903915370477,-1.2,9999.0,0
78000,3600,1400,4050.15,1338.99,1.2,2.74,454.2656079872216,1.5400000000000005,294.97766752416976,0
78000,3600,1400,3422.15,1674.21,1.2,12.96,326.8359628315097,11.760000000000002,27.792173710162384,0
78000,3600,1400,3626.34,1424.77,1.2,10.65,36.157274510117695,9.45,3.8261666148272697,0
78000,3600,1400,3635.66,1416.73,1.2,0.0,39.38944655615245,-1.2,9999.0,0
78000,3600,1400,3614.73,1447.68,1.2,0.0,49.90345979989771,-1.2,9999.0,0
78000,3600,1400,3540.42,1595.46,1.2,0.0,204.3389047636304,-1.2,9999.0,0
78000,3600,1400,3569.91,1467.31,1.2,0.0,73.72953410947339,-1.2,9999.0,0
78000,3600,1400,3667.15,1379.5,1.2,0.0,70.20949009927371,-1.2,9999.0,0
78000,3600,1400,3643.98,1361.32,1.2,0.04,58.56946986271949,-1.16,9999.0,0
78000,3600,1400,3861.58,1670.53,1.2,12.4,376.3118086108911,11.2,33.59926862597242,0
78000,3600,1400,3890.46,1371.72,1.2,23.69,291.83346278314286,22.49,12.97614329849457,0
78000,3600,1400,3684.33,1342.62,1.2,2.21,102.0000651960576,1.01,100.99016356045307,0
78000,3600,1400,3779.96,1353.36,1.2,13.28,185.90559754886357,12.08,15.389536220932415,0
78000,3600,1400,3639.32,1414.35,1.2,0.0,41.856718696047,-1.2,9999.0,0
78000,3600,1400,3553.18,1542.97,1.2,15.19,150.4411290173004,13.99,10.753475984081515,0
78000,3600,1400,3499.65,1552.53,1.2,12.47,182.58018348112145,11.27,16.200548667357715,0
78000,3600,1400,3735.44,1266.07,1.2,7.73,190.4763463005316,6.53,29.16942516087773,0
78000,3600,1400,3574.07,1505.89,1.2,6.05,109.01860850331934,4.85,22.478063608931826,0
78000,3600,1400,3922.91,1315.37,1.2,4.27,333.8159747525572,3.0699999999999994,108.73484519627273,0
79000,3600,1400,3640.64,1410.24,1.2,0.0,41.91022786862403,-1.2,9999.0,0
79000,3600,1400,3662.4,1334.71,1.2,13.55,90.31358757130629,12.35,7.312841098891197,0
79000,3600,1400,3673.03,1419.66,1.2,0.0,75.6299973555469,-1.2,9999.0,0
79000,3600,1400,3627.32,1429.03,1.2,0.0,39.86380940151113,-1.2,9999.0,0
79000,3600,1400,3662.76,1385.58,1.2,0.0,64.39529485917453,-1.2,9999.0,0
79000,3600,1400,4016.15,1349.17,1.2,12.28,419.24278336066806,11.08,37.83779633219026,0
79000,3600,1400,3752.88,1396.72,1.2,18.77,152.91518171849395,17.57,8.70319759353978,0
79000,3600,1400,3680.28,1418.17,1.2,0.0,82.3105540012946,-1.2,9999.0,0
79000,3600,1400,3641.18,1411.75,1.2,0.0,42.82353208225574,-1.2,9999.0,0
79000,3600,1400,3658.35,1420.38,1.2,0.0,61.8066897673706,-1.2,9999.0,0
79000,3600,1400,3653.83,1587.33,1.2,7.67,194.9107431620945,6.47,30.12530806214753,0
79000,3600,1400,3493.5,1562.19,1.2,11.07,194.0305287834881,9.87,19.658614871680662,0
79000,3600,1400,3884.44,1376.22,1.2,21.68,285.4323072113597,20.48,13.937124375554674,0
79000,3600,1400,4099.78,1298.9,1.2,11.51,509.9031853205074,10.31,49.45714697580091,0
79000,3600,1400,3631.53,1422.8,1.2,0.0,38.90990747868736,-1.2,9999.0,0
79000,3600,1400,3610.6,1589.43,1.2,12.34,189.72634213519223,11.14,17.031089958275782,0
79000,3600,1400,3665.7,1420.67,1.2,0.0,68.87480598883731,-1.2,9999.0,0
79000,3600,1400,3646.63,1376.07,1.2,0.0,52.41184789720749,-1.2,9999.0,0
79000,3600,1400,3541.01,1592.26,1.2,5.4,201.10625972356,4.2,47.882442791323804,0
79000,3600,1400,3623.12,1435.25,1.2,0.0,42.15562714513918,-1.2,9999.0,0
79000,3600,1400,3957.05,1361.31,1.2,18.8,359.1401099849474,17.6,20.405688067326555,0
79000,3600,1400,3581.34,1470.85,1.2,0.01,73.26607741649597,-1.19,9999.0,0
79000,3600,1400,3769.9,1399.76,1.2,26.5,169.90016951139287,25.3,6.7154217198179,0
79000,3600,1400,3821.65,1043.26,1.2,28.95,419.99065477698434,27.75,15.134798370341779,0
79000,3600,1400,3619.04,1424.15,1.2,15.18,30.752952703764937,13.98,2.1997820245897666,0
79000,3600,1400,3377.35,1735.23,1.2,7.26,402.4328209776137,6.06,66.40805626693296,0
79000,3600,1400,3647.02,1408.17,1.2,0.0,47.72451466489732,-1.2,9999.0,0
79000,3600,1400,3571.83,1464.74,1.2,6.63,70.60323292881145,5.43,13.002437003464356,0
79000,3600,1400,3618.93,1441.47,1.2,0.0,45.58624573267683,-1.2,9999.0,0
79000,3600,1400,3636.34,1286.92,1.2,11.77,118.77576352101464,10.57,11.23706372005815,0
79000,3600,1400,3649.8,1382.79,1.2,0.0,52.68988612627683,-1.2,9999.0,0
79000,3600,1400,3687.53,1416.68,1.2,0.01,89.10512499289835,-1.19,9999.0,0
79000,3600,1400,3642.04,1349.17,1.2,7.15,65.96249313056617,5.95,11.086133299254818,0
79000,3600,1400,3645.13,1368.74,1.2,0.0,54.89903915370477,-1.2,9999.0,0
79000,3600,1400,4051.83,1339.98,1.2,2.01,455.7990229256749,0.8099999999999998,562.7148431181173,0
79000,3600,1400,3414.37,1685.76,1.2,13.93,340.7598487204736,12.73,26.768252059738696,0
79000,3600,1400,3631.18,1417.58,1.2,8.69,35.79453589585968,7.489999999999999,4.7789767551214535,0
79000,3600,1400,3635.66,1416.73,1.2,0.0,39.38944655615245,-1.2,9999.0,0
79000,3600,1400,3614.73,1447.68,1.2,0.0,49.90345979989771,-1.2,9999.0,0
79000,3600,1400,3540.42,1595.46,1.2,0.0,204.3389047636304,-1.2,9999.0,0
79000,3600,1400,3569.91,1467.31,1.2,0.0,73.72953410947339,-1.2,9999.0,0
79000,3600,1400,3667.15,1379.5,1.2,0.0,70.20949009927371,-1.2,9999.0,0
79000,3600,1400,3643.98,1361.33,1.2,0.01,58.56286622084004,-1.19,9999.0,0
79000,3600,1400,3850.14,1671.14,1.2,11.48,368.89960585503474,10.28,35.885175666832176,0
79000,3600,1400,3915.07,1366.66,1.2,25.12,316.82907142495634,23.92,13.245362517765733,0
79000,3600,1400,3686.5,1345.51,1.2,3.64,102.23213829320017,2.4400000000000004,41.89841733327875,0
79000,3600,1400,3791.9,1347.92,1.2,13.12,198.84148561102643,11.92,16.681332685488794,0
79000,3600,1400,3639.32,1414.35,1.2,0.0,41.856718696047,-1.2,9999.0,0
79000,3600,1400,3563.02,1528.41,1.2,17.58,133.62877122835494,16.38,8.15804464153571,0
79000,3600,1400,3506.61,1541.6,1.2,12.97,169.6238547492656,11.77,14.411542459580765,0
79000,3600,1400,3740.46,1257.51,1.2,9.92,200.0810128422985,8.72,22.9450702800801,0
79000,3600,1400,3578.32,1499.44,1.2,7.72,101.7759107058247,6.52,15.609802255494587,0
79000,3600,1400,3917.1,1316.61,1.2,5.94,327.88153668665143,4.74,69.1733199760868,0
79000,3600,1400,3680.71,1339.78,1.2,0.0,100.70031032722794,-1.2,9999.0,0
79000,3600,1400,3528.26,1513.57,1.2,0.0,134.33083227613812,-1.2,9999.0,0
80000,3600,1400,3640.64,1410.24,1.2,0.0,41.91022786862403,-1.2,9999.0,0
80000,3600,1400,3653.28,1333.37,1.2,9.26,85.31304296530534,8.06,10.584744784777337,0
80000,3600,1400,3673.03,1419.66,1.2,0.0,75.6299973555469,-1.2,9999.0,0
80000,3600,1400,3627.32,1429.03,1.2,0.0,39.86380940151113,-1.2,9999.0,0
80000,3600,1400,3662.76,1385.58,1.2,0.0,64.39529485917453,-1.2,9999.0,0
80000,3600,1400,4002.01,1352.07,1.2,14.43,404.85716617098456,13.23,30.601448690172678,0
80000,3600,1400,3773.71,1392.45,1.2,21.27,173.87399633067622,20.07,8.663377993556363,0
80000,3600,1400,3680.28,1418.17,1.2,0.0,82.3105540012946,-1.2,9999.0,0
80000,3600,1400,3641.18,1411.75,1.2,0.0,42.82353208225574,-1.2,9999.0,0
80000,3600,1400,3658.35,1420.38,1.2,0.0,61.8066897673706,-1.2,9999.0,0
80000,3600,1400,3657.22,1587.16,1.2,3.39,195.7115070709947,2.1900000000000004,89.3659849639245,0
80000,3600,1400,3499.81,1552.27,1.2,11.75,182.27503668906505,10.55,17.277254662470618,0
80000,3600,1400,3862.47,1380.74,1.2,22.43,263.1756989161421,21.23,12.39640597815083,0
80000,3600,1400,4102.4,1310.22,1.2,11.61,510.3589015585009,10.41,49.02583108150825,0
80000,3600,1400,3631.53,1422.8,1.2,0.0,38.90990747868736,-1.2,9999.0,0
80000,3600,1400,3623.35,1588.88,1.2,12.76,190.3178312717966,11.56,16.463480213823235,0
80000,3600,1400,3665.7,1420.67,1.2,0.0,68.87480598883731,-1.2,9999.0,0
80000,3600,1400,3646.63,1376.07,1.2,0.0,52.41184789720749,-1.2,9999.0,0
80000,3600,1400,3545.31,1593.65,1.2,4.52,201.2245477072816,3.3199999999999994,60.60980352628965,0
80000,3600,1400,3623.12,1435.25,1.2,0.0,42.15562714513918,-1.2,9999.0,0
80000,3600,1400,3936.73,1365.48,1.2,20.75,338.4947906541547,19.55,17.314311542412007,0
80000,3600,1400,3581.34,1470.85,1.2,0.0,73.26607741649597,-1.2,9999.0,0
80000,3600,1400,3746.97,1404.48,1.2,23.41,147.03826474764975,22.21,6.620363113356585,0
80000,3600,1400,3815.74,1016.27,1.2,27.74,440.2186507861746,26.54,16.58698759556046,0
80000,3600,1400,3382.37,1727.72,1.2,9.04,393.3995618960449,7.839999999999999,50.17851554796491,0
80000,3600,1400,3647.02,1408.17,1.2,0.0,47.72451466489732,-1.2,9999.0,0
80000,3600,1400,3574.94,1466.73,1.2,3.69,71.28040754653414,2.49,28.626669697403266,0
80000,3600,1400,3618.93,1441.47,1.2,0.0,45.58624573267683,-1.2,9999.0,0
80000,3600,1400,3637.26,1298.61,1.2,11.73,108.01962645741762,10.53,10.258274117513544,0
80000,3600,1400,3649.8,1382.79,1.2,0.0,52.68988612627683,-1.2,9999.0,0
80000,3600,1400,3687.53,1416.68,1.2,0.0,89.10512499289835,-1.2,9999.0,0
80000,3600,1400,3642.69,1353.25,1.2,4.13,63.30875610845632,2.93,21.607083996060176,0
80000,3600,1400,3645.13,1368.74,1.2,0.0,54.89903915370477,-1.2,9999.0,0
80000,3600,1400,4051.2,1341.68,1.2,2.04,454.953472785954,0.8400000000000001,541.6112771261356,0
80000,3600,1400,3406.54,1697.37,1.2,14.0,354.7614529511344,12.8,27.715738511807373,0
80000,3600,1400,3633.55,1414.17,1.2,4.19,36.41965678037088,2.99,12.180487217515344,0
80000,3600,1400,3635.66,1416.73,1.2,0.0,39.38944655615245,-1.2,9999.0,0
80000,3600,1400,3614.73,1447.68,1.2,0.0,49.90345979989771,-1.2,9999.0,0
80000,3600,1400,3540.42,1595.46,1.2,0.0,204.3389047636304,-1.2,9999.0,0
80000,3600,1400,3569.91,1467.31,1.2,0.0,73.72953410947339,-1.2,9999.0,0
80000,3600,1400,3667.15,1379.5,1.2,0.0,70.20949009927371,-1.2,9999.0,0
80000,3600,1400,3643.98,1361.33,1.2,0.0,58.56286622084004,-1.2,9999.0,0
80000,3600,1400,3837.88,1670.81,1.2,12.28,360.4510375904056,11.08,32.531682092996896,0
80000,3600,1400,3939.01,1361.75,1.2,24.44,341.16102151330267,23.24,14.67990626132972,0
80000,3600,1400,3686.88,1351.37,1.2,6.2,99.56410648421463,5.0,19.912821296842928,0
80000,3600,1400,3804.07,1342.49,1.2,13.32,212.0187845451437,12.12,17.493299054879845,0
80000,3600,1400,3639.32,1414.35,1.2,0.0,41.856718696047,-1.2,9999.0,0
80000,3600,1400,3572.73,1513.73,1.2,17.58,116.95369083530456,16.38,7.140029965525309,0
80000,3600,1400,3513.27,1531.14,1.2,12.4,157.22529217654528,11.2,14.037972515762972,0
80000,3600,1400,3746.67,1246.91,1.2,12.27,212.01093603868645,11.07,19.151846073955415,0
80000,3600,1400,3583.91,1490.96,1.2,10.15,92.37212620698958,8.950000000000001,10.32090795608822,0
80000,3600,1400,3909.61,1318.21,1.2,7.65,320.23109811509573,6.45,49.648232265906316,0
80000,3600,1400,3680.89,1340.17,1.2,0.43,100.61223086682836,-0.77,9999.0,0
80000,3600,1400,3526.92,1515.68,1.2,2.5,136.83036505103684,1.3,105.25412696233603,0
80000,3600,1400,3549.4,1457.28,1.2,0.0,76.42877991960873,-1.2,9999.0,0
81000,3600,1400,3640.64,1410.24,1.2,0.0,41.91022786862403,-1.2,9999.0,0
81000,3600,1400,3647.48,1333.52,1.2,5.8,81.69419073593913,4.6,17.7596066817259,0
81000,3600,1400,3673.03,1419.66,1.2,0.0,75.6299973555469,-1.2,9999.0,0
81000,3600,1400,3627.32,1429.03,1.2,0.0,39.86380940151113,-1.2,9999.0,0
81000,3600,1400,3662.76,1385.58,1.2,0.0,64.39529485917453,-1.2,9999.0,0
81000,3600,1400,3985.82,1355.4,1.2,16.53,388.38927946069794,15.330000000000002,25.335243278584336,0
81000,3600,1400,3796.32,1387.8,1.2,23.08,196.6987097059868,21.88,8.989886184003053,0
81000,3600,1400,3680.28,1418.17,1.2,0.0,82.3105540012946,-1.2,9999.0,0
81000,3600,1400,3641.18,1411.75,1.2,0.0,42.82353208225574,-1.2,9999.0,0
81000,3600,1400,3658.35,1420.38,1.2,0.0,61.8066897673706,-1.2,9999.0,0
81000,3600,1400,3659.35,1588.98,1.2,3.31,198.08044552655872,2.1100000000000003,93.87698840121264,0
81000,3600,1400,3506.18,1542.28,1.2,11.85,170.42825704677034,10.65,16.0026532438282,0
81000,3600,1400,3840.14,1385.33,1.2,22.81,240.5876732087493,21.61,11.13316396153398,0
81000,3600,1400,4104.9,1321.49,1.2,11.55,510.9675430983848,10.35,49.3688447438053,0
81000,3600,1400,3631.53,1422.8,1.2,0.0,38.90990747868736,-1.2,9999.0,0
81000,3600,1400,3635.91,1588.24,1.2,12.58,191.63461508819327,11.38,16.839597107925595,0
81000,3600,1400,3665.7,1420.67,1.2,0.0,68.87480598883731,-1.2,9999.0,0
81000,3600,1400,3646.63,1376.07,1.2,0.0,52.41184789720749,-1.2,9999.0,0
81000,3600,1400,3552.23,1593.18,1.2,6.97,198.9987067797176,5.77,34.488510707056776,0
81000,3600,1400,3623.12,1435.25,1.2,0.0,42.15562714513918,-1.2,9999.0,0
81000,3600,1400,3915.13,1369.92,1.2,22.05,316.56235294172313,20.85,15.182846663871612,0
81000,3600,1400,3581.34,1470.85,1.2,0.0,73.26607741649597,-1.2,9999.0,0
81000,3600,1400,3728.29,1408.31,1.2,19.16,128.55885889350446,17.96,7.158065639950137,0
81000,3600,1400,3809.82,989.28,1.2,27.74,461.2107444542029,26.54,17.377948170844117,0
81000,3600,1400,3388.68,1718.29,1.2,11.34,382.0532246951988,10.14,37.6778328101774,0
81000,3600,1400,3647.02,1408.17,1.2,0.0,47.72451466489732,-1.2,9999.0,0
81000,3600,1400,3575.01,1466.77,1.2,0.08,71.29328860418761,-1.12,9999.0,0
81000,3600,1400,3618.93,1441.47,1.2,0.0,45.58624573267683,-1.2,9999.0,0
81000,3600,1400,3638.09,1309.84,1.2,11.25,97.87580753179012,10.05,9.738886321571155,0
81000,3600,1400,3649.8,1382.79,1.2,0.0,52.68988612627683,-1.2,9999.0,0
81000,3600,1400,3687.53,1416.68,1.2,0.0,89.10512499289835,-1.2,9999.0,0
81000,3600,1400,3642.78,1353.82,1.2,0.58,62.95014535328749,-0.62,9999.0,0
81000,3600,1400,3645.13,1368.74,1.2,0.0,54.89903915370477,-1.2,9999.0,0
81000,3600,1400,4049.08,1342.46,1.2,2.34,452.75125400157634,1.14,397.1502228084003,0
81000,3600,1400,3399.04,1708.56,1.2,13.47,368.2311708696047,12.27,30.01069037242092,0
81000,3600,1400,3633.55,1414.17,1.2,0.0,36.41965678037088,-1.2,9999.0,0
81000,3600,1400,3635.66,1416.73,1.2,0.0,39.38944655615245,-1.2,9999.0,0
81000,3600,1400,3614.73,1447.68,1.2,0.0,49.90345979989771,-1.2,9999.0,0
81000,3600,1400,3539.87,1594.87,1.2,0.82,203.9361022477383,-0.38,9999.0,0
81000,3600,1400,3569.91,1467.31,1.2,0.0,73.72953410947339,-1.2,9999.0,0
81000,3600,1400,3667.15,1379.5,1.2,0.0,70.20949009927371,-1.2,9999.0,0
81000,3600,1400,3643.98,1361.33,1.2,0.0,58.56286622084004,-1.2,9999.0,0
81000,3600,1400,3826.48,1671.34,1.2,11.41,353.43823505670684,10.21,34.61686925139146,0
81000,3600,1400,3963.64,1356.69,1.2,25.15,366.21005679800754,23.95,15.290607799499272,0
81000,3600,1400,3685.2,1360.04,1.2,8.06,94.10548124312405,6.86,13.718000181213418,0
81000,3600,1400,3816.4,1337.76,1.2,13.21,225.17277277681697,12.010000000000002,18.748773753273685,0
81000,3600,1400,3639.32,1414.35,1.2,0.0,41.856718696047,-1.2,9999.0,0
81000,3600,1400,3582.41,1499.05,1.2,17.58,100.5997544728614,16.38,6.141621152189342,0
81000,3600,1400,3520.45,1519.88,1.2,13.35,143.87291927253042,12.15,11.841392532718553,0
81000,3600,1400,3756.79,1236.07,1.2,14.52,226.83947848643987,13.32,17.02999087736035,0
81000,3600,1400,3588.97,1483.24,1.2,9.2,83.96760387196962,7.999999999999999,10.495950483996204,0
81000,3600,1400,3900.8,1320.1,1.2,9.01,311.2308628654943,7.81,39.85030254359722,0
81000,3600,1400,3680.79,1342.24,1.2,2.41,99.31385452191448,1.2100000000000002,82.07756572059047,0
81000,3600,1400,3524.32,1519.76,1.2,4.85,141.66834508809643,3.65,38.81324522961546,0
81000,3600,1400,3548.22,1456.1,1.2,1.67,76.34381703844792,0.47,162.43365327329346,0
81000,3600,1400,3627.12,1412.2,1.2,0.0,29.737760507475933,-1.2,9999.0,1
82000,3600,1400,3640.64,1410.24,1.2,0.0,41.91022786862403,-1.2,9999.0,0
82000,3600,1400,3645.96,1333.56,1.2,1.52,80.78734554371749,0.32,252.46045482411716,0
82000,3600,1400,3673.03,1419.66,1.2,0.0,75.6299973555469,-1.2,9999.0,0
82000,3600,1400,3627.32,1429.03,1.2,0.0,39.86380940151113,-1.2,9999.0,0
82000,3600,1400,3662.76,1385.58,1.2,0.0,64.39529485917453,-1.2,9999.0,0
82000,3600,1400,3967.24,1359.21,1.2,18.96,369.49836494902087,17.76,20.805088116498922,0
82000,3600,1400,3821.26,1382.68,1.2,25.46,221.9368603905176,24.26,9.148263000433536,0
82000,3600,1400,3680.28,1418.17,1.2,0.0,82.3105540012946,-1.2,9999.0,0
82000,3600,1400,3641.18,1411.75,1.2,0.0,42.82353208225574,-1.2,9999.0,0
82000,3600,1400,3658.35,1420.38,1.2,0.0,61.8066897673706,-1.2,9999.0,0
82000,3600,1400,3657.65,1590.34,1.2,2.3,198.8789533862243,1.1,180.79904853293118,0
82000,3600,1400,3512.57,1532.25,1.2,11.89,158.53727448142905,10.69,14.830427921555572,0
82000,3600,1400,3818.28,1389.83,1.2,22.32,218.51678951513105,21.12,10.346438897496736,0
82000,3600,1400,4106.2,1328.93,1.2,7.54,511.1647336231245,6.34,80.62535230648652,0
82000,3600,1400,3631.53,1422.8,1.2,0.0,38.90990747868736,-1.2,9999.0,0
82000,3600,1400,3645.67,1587.75,1.2,9.77,193.22476911617724,8.57,22.546647504804813,0
82000,3600,1400,3665.7,1420.67,1.2,0.0,68.87480598883731,-1.2,9999.0,0
82000,3600,1400,3646.63,1376.07,1.2,0.0,52.41184789720749,-1.2,9999.0,0
82000,3600,1400,3560.48,1592.37,1.2,8.29,196.3874927280247,7.089999999999999,27.69922323385398,0
82000,3600,1400,3623.12,1435.25,1.2,0.0,42.15562714513918,-1.2,9999.0,0
82000,3600,1400,3891.75,1374.72,1.2,23.86,292.843201901632,22.66,12.923354011545985,0
82000,3600,1400,3581.34,1470.85,1.2,0.0,73.26607741649597,-1.2,9999.0,0
82000,3600,1400,3713.68,1411.31,1.2,15.11,114.24122942265616,13.91,8.212884933332578,0
82000,3600,1400,3395.73,1707.75,1.2,12.68,369.3728406366662,11.48,32.17533455023224,0
82000,3600,1400,3647.02,1408.17,1.2,0.0,47.72451466489732,-1.2,9999.0,0
82000,3600,1400,3575.03,1466.78,1.2,0.02,71.29564713220567,-1.18,9999.0,0
82000,3600,1400,3618.93,1441.47,1.2,0.0,45.58624573267683,-1.2,9999.0,0
82000,3600,1400,3638.96,1321.57,1.2,11.76,87.57366327840816,10.56,8.292960537728046,0
82000,3600,1400,3649.8,1382.79,1.2,0.0,52.68988612627683,-1.2,9999.0,0
82000,3600,1400,3687.53,1416.68,1.2,0.0,89.10512499289835,-1.2,9999.0,0
82000,3600,1400,3642.79,1353.89,1.2,0.08,62.90561342201495,-1.12,9999.0,0
82000,3600,1400,3645.13,1368.74,1.2,0.0,54.89903915370477,-1.2,9999.0,0
82000,3600,1400,4045.39,1343.21,1.2,3.76,448.9959422979231,2.56,175.3890399601262,0
82000,3600,1400,3391.31,1720.12,1.2,13.9,382.1365338462157,12.7,30.089490854032732,0
82000,3600,1400,3633.55,1414.17,1.2,0.0,36.41965678037088,-1.2,9999.0,0
82000,3600,1400,3635.66,1416.73,1.2,0.0,39.38944655615245,-1.2,9999.0,0
82000,3600,1400,3614.73,1447.68,1.2,0.0,49.90345979989771,-1.2,9999.0,0
82000,3600,1400,3540.47,1592.61,1.2,3.12,201.5996850195952,1.92,104.99983594770583,0
82000,3600,1400,3569.91,1467.31,1.2,0.0,73.72953410947339,-1.2,9999.0,0
82000,3600,1400,3667.15,1379.5,1.2,0.0,70.20949009927371,-1.2,9999.0,0
82000,3600,1400,3643.98,1361.33,1.2,0.0,58.56286622084004,-1.2,9999.0,0
82000,3600,1400,3814.17,1671.92,1.2,12.32,346.1347646509955,11.12,31.127227036960033,0
82000,3600,1400,3988.35,1351.61,1.2,25.22,391.3531839655836,24.02,16.292805327459767,0
82000,3600,1400,3679.16,1368.39,1.2,10.31,85.23788887578088,9.11,9.356519086254762,0
82000,3600,1400,3829.63,1332.68,1.2,14.17,239.29462864845092,12.97,18.449855716919885,0
82000,3600,1400,3639.32,1414.35,1.2,0.0,41.856718696047,-1.2,9999.0,0
82000,3600,1400,3592.1,1484.28,1.2,17.58,84.64944418010077,16.38,5.167853735048888,0
82000,3600,1400,3527.66,1508.56,1.2,13.42,130.45439509652408,12.22,10.67548241379084,0
82000,3600,1400,3765.35,1222.4,1.2,16.14,242.6569234536693,14.94,16.242096616711464,0
82000,3600,1400,3593.34,1473.74,1.2,10.78,74.04014586695517,9.58,7.728616478805342,0
82000,3600,1400,3889.72,1322.45,1.2,11.32,299.9194573548036,10.12,29.636310015296804,0
82000,3600,1400,3677.95,1341.82,1.2,3.09,97.26826255259203,1.89,51.464689181265626,0
82000,3600,1400,3520.83,1525.24,1.2,6.49,148.1652675224528,5.29,28.008557187609227,0
82000,3600,1400,3545.99,1453.87,1.2,3.15,76.28274378914284,1.95,39.119355789304024,0
82000,3600,1400,3630.48,1412.97,1.2,1.3,33.124783772879205,0.1,331.24783772879204,0
83000,3600,1400,3640.64,1410.24,1.2,0.0,41.91022786862403,-1.2,9999.0,0
83000,3600,1400,3645.83,1333.57,1.2,0.13,80.70522783562414,-1.0699999999999998,9999.0,0
83000,3600,1400,3673.03,1419.66,1.2,0.0,75.6299973555469,-1.2,9999.0,0
83000,3600,1400,3627.32,1429.03,1.2,0.0,39.86380940151113,-1.2,9999.0,0
83000,3600,1400,3662.76,1385.58,1.2,0.0,64.39529485917453,-1.2,9999.0,0
83000,3600,1400,3947.18,1363.33,1.2,20.48,349.1112162334517,19.28,18.107428227876127,0
83000,3600,1400,3846.09,1377.57,1.2,25.35,247.11008275665336,24.15,10.2323015634225,0
83000,3600,1400,3680.28,1418.17,1.2,0.0,82.3105540012946,-1.2,9999.0,0
83000,3600,1400,3641.18,1411.75,1.2,0.0,42.82353208225574,-1.2,9999.0,0
83000,3600,1400,3658.35,1420.38,1.2,0.0,61.8066897673706,-1.2,9999.0,0
83000,3600,1400,3653.84,1590.53,1.2,3.82,197.9909758044543,2.62,75.56907473452455,0
83000,3600,1400,3519.0,1522.14,1.2,11.98,146.55776881489436,10.78,13.595340335333429,0
83000,3600,1400,3795.91,1394.42,1.2,22.83,195.98944997116536,21.63,9.061000923308615,0
83000,3600,1400,4106.35,1331.96,1.2,3.13,510.9009337435197,1.93,264.71550971166823,0
83000,3600,1400,3631.53,1422.8,1.2,0.0,38.90990747868736,-1.2,9999.0,0
83000,3600,1400,3653.23,1587.36,1.2,7.57,194.7747481066269,6.37,30.576883533222432,0
83000,3600,1400,3665.7,1420.67,1.2,0.0,68.87480598883731,-1.2,9999.0,0
83000,3600,1400,3646.63,1376.07,1.2,0.0,52.41184789720749,-1.2,9999.0,0
83000,3600,1400,3570.19,1591.42,1.2,9.76,193.7272631820313,8.56,22.631689624069075,0
83000,3600,1400,3623.12,1435.25,1.2,0.0,42.15562714513918,-1.2,9999.0,0
83000,3600,1400,3867.88,1379.63,1.2,24.37,268.65336644084704,23.17,11.594879863653302,0
83000,3600,1400,3581.34,1470.85,1.2,0.0,73.26607741649597,-1.2,9999.0,0
83000,3600,1400,3703.43,1413.42,1.2,10.61,104.29698605424784,9.41,11.083632949441853,0
83000,3600,1400,3403.31,1696.43,1.2,13.62,355.74949191811936,12.42,28.64327632190977,0
83000,3600,1400,3647.02,1408.17,1.2,0.0,47.72451466489732,-1.2,9999.0,0
83000,3600,1400,3575.03,1466.78,1.2,0.01,71.29564713220567,-1.19,9999.0,0
83000,3600,1400,3618.93,1441.47,1.2,0.0,45.58624573267683,-1.2,9999.0,0
83000,3600,1400,3639.9,1332.54,1.2,11.01,78.37640971618956,9.81,7.9894403380417485,0
83000,3600,1400,3649.8,1382.79,1.2,0.0,52.68988612627683,-1.2,9999.0,0
83000,3600,1400,3687.53,1416.68,1.2,0.0,89.10512499289835,-1.2,9999.0,0
83000,3600,1400,3642.8,1353.91,1.2,0.02,62.897759101576966,-1.18,9999.0,0
83000,3600,1400,3645.13,1368.74,1.2,0.0,54.89903915370477,-1.2,9999.0,0
83000,3600,1400,4040.2,1344.27,1.2,5.3,443.7137285457819,4.1,108.22286062092243,0
83000,3600,1400,3383.99,1731.06,1.2,13.16,395.29867657253806,11.96,33.051728810412875,0
83000,3600,1400,3633.55,1414.17,1.2,0.0,36.41965678037088,-1.2,9999.0,0
83000,3600,1400,3635.66,1416.73,1.2,0.0,39.38944655615245,-1.2,9999.0,0
83000,3600,1400,3614.73,1447.68,1.2,0.0,49.90345979989771,-1.2,9999.0,0
83000,3600,1400,3543.43,1593.06,1.2,3.1,201.1773558331056,1.9,105.88281885952927,0
83000,3600,1400,3569.91,1467.31,1.2,0.0,73.72953410947339,-1.2,9999.0,0
83000,3600,1400,3667.15,1379.5,1.2,0.0,70.20949009927371,-1.2,9999.0,0
83000,3600,1400,3643.98,1361.33,1.2,0.0,58.56286622084004,-1.2,9999.0,0
83000,3600,1400,3802.42,1672.48,1.2,11.76,339.4395480788885,10.56,32.14389659837959,0
83000,3600,1400,4008.82,1347.4,1.2,20.9,412.1899469904623,19.7,20.92334756296763,0
83000,3600,1400,3671.91,1378.4,1.2,12.36,75.08400695221303,11.16,6.7279576122054685,0
83000,3600,1400,3842.87,1328.95,1.2,13.78,253.049282551838,12.58,20.11520529028919,0
83000,3600,1400,3639.32,1414.35,1.2,0.0,41.856718696047,-1.2,9999.0,0
83000,3600,1400,3598.93,1471.08,1.2,15.31,71.08805314537732,14.11,5.03813275303879,0
83000,3600,1400,3535.01,1497.54,1.2,13.25,117.20815543297304,12.05,9.726817878255023,0
83000,3600,1400,3774.97,1206.95,1.2,18.18,260.54328507946605,16.98,15.34412750762462,0
83000,3600,1400,3598.48,1466.04,1.2,9.26,66.05749011277976,8.06,8.195718376275403,0
83000,3600,1400,3876.58,1325.19,1.2,13.42,286.51881700858667,12.22,23.44671170283033,0
83000,3600,1400,3673.58,1339.14,1.2,5.12,95.48798877345766,3.92,24.359180809555525,0
83000,3600,1400,3516.54,1531.97,1.2,7.99,156.1462535573621,6.79,22.996502733043016,0
83000,3600,1400,3542.1,1449.97,1.2,5.51,76.48144153976187,4.31,17.745114046348466,0
83000,3600,1400,3630.85,1412.44,1.2,0.65,33.26373550880893,-0.5499999999999999,9999.0,0
83000,3600,1400,3546.05,1530.8,1.2,0.0,141.4893723924167,-1.2,9999.0,0
84000,3600,1400,3640.64,1410.24,1.2,0.0,41.91022786862403,-1.2,9999.0,0
84000,3600,1400,3645.79,1333.57,1.2,0.05,80.68251979208387,-1.15,9999.0,0
84000,3600,1400,3673.03,1419.66,1.2,0.0,75.6299973555469,-1.2,9999.0,0
84000,3600,1400,3627.32,1429.03,1.2,0.0,39.86380940151113,-1.2,9999.0,0
84000,3600,1400,3662.76,1385.58,1.2,0.0,64.39529485917453,-1.2,9999.0,0
84000,3600,1400,3924.63,1367.96,1.2,23.01,326.2072937565929,21.81,14.956776421668634,0
84000,3600,1400,3871.29,1372.39,1.2,25.72,272.69135703208485,24.52,11.12118095563152,0
84000,3600,1400,3680.28,1418.17,1.2,0.0,82.3105540012946,-1.2,9999.0,0
84000,3600,1400,3641.18,1411.75,1.2,0.0,42.82353208225574,-1.2,9999.0,0
84000,3600,1400,3658.35,1420.38,1.2,0.0,61.8066897673706,-1.2,9999.0,0
84000,3600,1400,3648.14,1590.82,1.2,5.71,196.7987093453612,4.51,43.636077460168785,0
84000,3600,1400,3525.39,1512.13,1.2,11.88,134.68403394612164,10.68,12.610864601696784,0
84000,3600,1400,3773.86,1398.95,1.2,22.52,173.86317062563896,21.32,8.154932956174434,0
84000,3600,1400,4103.95,1332.4,1.2,3.3,508.46372781153207,2.1,242.1255846721581,0
84000,3600,1400,3631.53,1422.8,1.2,0.0,38.90990747868736,-1.2,9999.0,0
84000,3600,1400,3663.36,1586.68,1.2,10.15,197.1393212933433,8.950000000000001,22.026739809312097,0
84000,3600,1400,3665.7,1420.67,1.2,0.0,68.87480598883731,-1.2,9999.0,0
84000,3600,1400,3646.63,1376.07,1.2,0.0,52.41184789720749,-1.2,9999.0,0
84000,3600,1400,3581.57,1590.3,1.2,11.44,191.19036298935148,10.24,18.670933885678856,0
84000,3600,1400,3623.12,1435.25,1.2,0.0,42.15562714513918,-1.2,9999.0,0
84000,3600,1400,3844.38,1384.46,1.2,23.99,244.8735918795656,22.79,10.74478244315777,0
84000,3600,1400,3581.34,1470.85,1.2,0.0,73.26607741649597,-1.2,9999.0,0
84000,3600,1400,3697.48,1414.64,1.2,6.16,98.57322151578494,4.96,19.873633370117933,0
84000,3600,1400,3410.89,1685.19,1.2,13.56,342.1928231275461,12.36,27.685503489283665,0
84000,3600,1400,3647.02,1408.17,1.2,0.0,47.72451466489732,-1.2,9999.0,0
84000,3600,1400,3575.04,1466.79,1.2,0.0,71.30151260667614,-1.2,9999.0,0
84000,3600,1400,3618.93,1441.47,1.2,0.0,45.58624573267683,-1.2,9999.0,0
84000,3600,1400,3640.8,1341.42,1.2,8.94,71.3880690311764,7.739999999999999,9.22326473271013,0
84000,3600,1400,3649.8,1382.79,1.2,0.0,52.68988612627683,-1.2,9999.0,0
84000,3600,1400,3687.53,1416.68,1.2,0.0,89.10512499289835,-1.2,9999.0,0
84000,3600,1400,3642.8,1353.92,1.2,0.01,62.89043170467197,-1.19,9999.0,0
84000,3600,1400,3645.13,1368.74,1.2,0.0,54.89903915370477,-1.2,9999.0,0
84000,3600,1400,4032.74,1345.79,1.2,7.6,436.1222669160562,6.4,68.14410420563378,0
84000,3600,1400,3376.97,1741.55,1.2,12.62,407.9200698666346,11.42,35.71979596030075,0
84000,3600,1400,3633.55,1414.17,1.2,0.0,36.41965678037088,-1.2,9999.0,0
84000,3600,1400,3635.66,1416.73,1.2,0.0,39.38944655615245,-1.2,9999.0,0
84000,3600,1400,3614.73,1447.68,1.2,0.0,49.90345979989771,-1.2,9999.0,0
84000,3600,1400,3548.9,1593.51,1.2,5.6,200.1432739314514,4.4,45.4871077116935,0
84000,3600,1400,3569.91,1467.31,1.2,0.0,73.72953410947339,-1.2,9999.0,0
84000,3600,1400,3667.15,1379.5,1.2,0.0,70.20949009927371,-1.2,9999.0,0
84000,3600,1400,3643.98,1361.33,1.2,0.0,58.56286622084004,-1.2,9999.0,0
84000,3600,1400,3789.9,1673.06,1.2,12.54,332.6015237487646,11.34,29.329940365852256,0
84000,3600,1400,4025.48,1343.99,1.2,17.0,429.1507316782764,15.8,27.16143871381496,0
84000,3600,1400,3663.72,1389.75,1.2,14.01,64.53914238661663,12.81,5.038184417378347,0
84000,3600,1400,3856.75,1326.05,1.2,14.19,267.18750906432734,12.99,20.568707395252297,0
84000,3600,1400,3639.32,1414.35,1.2,0.0,41.856718696047,-1.2,9999.0,0
84000,3600,1400,3604.98,1462.12,1.2,10.81,62.31929717190324,9.61,6.484838415390556,0
84000,3600,1400,3542.23,1487.14,1.2,12.67,104.55023911976488,11.47,9.115103672167818,0
84000,3600,1400,3785.5,1189.96,1.2,19.91,280.22678601447075,18.71,14.97738033214702,0
84000,3600,1400,3601.57,1461.46,1.2,5.52,61.480049609609175,4.319999999999999,14.23149296518731,0
84000,3600,1400,3862.71,1328.09,1.2,14.17,272.37399325192564,12.97,21.000307883725956,0
84000,3600,1400,3666.67,1335.98,1.2,7.6,92.43078112836658,6.4,14.442309551307277,0
84000,3600,1400,3511.3,1540.19,1.2,9.74,165.8943220848742,8.540000000000001,19.42556464694077,0
84000,3600,1400,3537.22,1445.09,1.2,6.91,77.29447910426732,5.71,13.536686358015293,0
84000,3600,1400,3630.85,1412.44,1.2,0.0,33.26373550880893,-1.2,9999.0,0
84000,3600,1400,3549.58,1531.27,1.2,1.57,140.62001742284062,0.3700000000000001,380.0541011428124,0
84000,3600,1400,3593.18,1361.28,1.2,0.0,39.31603744021013,-1.2,9999.0,0
85000,3600,1400,3640.64,1410.24,1.2,0.0,41.91022786862403,-1.2,9999.0,0
85000,3600,1400,3645.76,1333.57,1.2,0.02,80.6654975810602,-1.18,9999.0,0
85000,3600,1400,3673.03,1419.66,1.2,0.0,75.6299973555469,-1.2,9999.0,0
85000,3600,1400,3627.32,1429.03,1.2,0.0,39.86380940151113,-1.2,9999.0,0
85000,3600,1400,3662.76,1385.58,1.2,0.0,64.39529485917453,-1.2,9999.0,0
85000,3600,1400,3900.75,1372.87,1.2,24.38,301.9711896853738,23.18,13.027229926029932,0
85000,3600,1400,3895.74,1367.37,1.2,24.96,297.5346442013096,23.76,12.522501860324478,0
85000,3600,1400,3680.28,1418.17,1.2,0.0,82.3105540012946,-1.2,9999.0,0
85000,3600,1400,3641.18,1411.75,1.2,0.0,42.82353208225574,-1.2,9999.0,0
85000,3600,1400,3658.35,1420.38,1.2,0.0,61.8066897673706,-1.2,9999.0,0
85000,3600,1400,3640.56,1591.21,1.2,7.59,195.464517751944,6.39,30.58912640875493,0
85000,3600,1400,3531.88,1502.17,1.2,11.89,122.7967560646453,10.69,11.48706791998553,0
85000,3600,1400,4103.22,1330.49,1.2,2.13,507.99803985842334,0.93,546.2344514606702,0
85000,3600,1400,3631.53,1422.8,1.2,0.0,38.90990747868736,-1.2,9999.0,0
85000,3600,1400,3675.81,1585.55,1.2,12.5,200.43941378880547,11.3,17.73800122024827,0
85000,3600,1400,3665.7,1420.67,1.2,0.0,68.87480598883731,-1.2,9999.0,0
85000,3600,1400,3646.63,1376.07,1.2,0.0,52.41184789720749,-1.2,9999.0,0
85000,3600,1400,3594.87,1589.55,1.2,13.32,189.61940670722493,12.12,15.645165569903048,0
85000,3600,1400,3623.12,1435.25,1.2,0.0,42.15562714513918,-1.2,9999.0,0
85000,3600,1400,3820.95,1389.28,1.2,23.93,221.20990235520637,22.73,9.732067855486422,0
85000,3600,1400,3581.34,1470.85,1.2,0.0,73.26607741649597,-1.2,9999.0,0
85000,3600,1400,3694.83,1415.18,1.2,2.73,96.0372911946187,1.53,62.769471369031834,0
85000,3600,1400,3418.06,1674.55,1.2,12.83,329.3628183326102,11.63,28.32010475774808,0
85000,3600,1400,3647.02,1408.17,1.2,0.0,47.72451466489732,-1.2,9999.0,0
85000,3600,1400,3575.04,1466.79,1.2,0.0,71.30151260667614,-1.2,9999.0,0
85000,3600,1400,3618.93,1441.47,1.2,0.0,45.58624573267683,-1.2,9999.0,0
85000,3600,1400,3641.54,1346.05,1.2,4.69,68.08945659938844,3.49,19.509872951114165,0
85000,3600,1400,3649.8,1382.79,1.2,0.0,52.68988612627683,-1.2,9999.0,0
85000,3600,1400,3687.53,1416.68,1.2,0.0,89.10512499289835,-1.2,9999.0,0
85000,3600,1400,3642.8,1353.92,1.2,0.0,62.89043170467197,-1.2,9999.0,0
85000,3600,1400,3645.13,1368.74,1.2,0.0,54.89903915370477,-1.2,9999.0,0
85000,3600,1400,4022.99,1347.77,1.2,9.95,426.20243194988905,8.75,48.7088493657016,0
85000,3600,1400,3372.46,1748.3,1.2,8.12,416.03766848688105,6.919999999999999,60.12105035937588,0
85000,3600,1400,3633.55,1414.17,1.2,0.0,36.41965678037088,-1.2,9999.0,0
85000,3600,1400,3635.66,1416.73,1.2,0.0,39.38944655615245,-1.2,9999.0,0
85000,3600,1400,3614.73,1447.68,1.2,0.0,49.90345979989771,-1.2,9999.0,0
85000,3600,1400,3557.05,1592.71,1.2,8.19,197.43820957454005,6.989999999999999,28.245809667316177,0
85000,3600,1400,3569.91,1467.31,1.2,0.0,73.72953410947339,-1.2,9999.0,0
85000,3600,1400,3667.15,1379.5,1.2,0.0,70.20949009927371,-1.2,9999.0,0
85000,3600,1400,3643.98,1361.33,1.2,0.0,58.56286622084004,-1.2,9999.0,0
85000,3600,1400,3778.58,1674.0,1.2,11.39,327.057818130067,10.19,32.095958599614036,0
85000,3600,1400,4037.73,1341.5,1.2,12.5,441.62178716634895,11.3,39.0815740855176,0
85000,3600,1400,3657.2,1399.03,1.2,11.4,57.20822405913314,10.2,5.608649417562073,0
85000,3600,1400,3870.43,1323.2,1.2,13.97,281.12386042454654,12.77,22.01439784060662,0
85000,3600,1400,3639.32,1414.35,1.2,0.0,41.856718696047,-1.2,9999.0,0
85000,3600,1400,3608.97,1456.21,1.2,7.13,56.921217485222506,5.93,9.598856236968382,0
85000,3600,1400,3548.57,1478.01,1.2,11.12,93.4377065215108,9.92,9.419123641281331,0
85000,3600,1400,3797.15,1171.18,1.2,22.01,302.0376051090328,20.81,14.514060793322097,0
85000,3600,1400,3603.57,1458.5,1.2,3.58,58.60882953958389,2.38,24.625558630077265,0
85000,3600,1400,3849.19,1330.91,1.2,13.8,258.5905725273062,12.6,20.52306131169097,0
85000,3600,1400,3658.02,1333.86,1.2,8.95,87.98192996291915,7.749999999999999,11.352507091989569,0
85000,3600,1400,3505.34,1549.55,1.2,11.1,176.9907288532367,9.9,17.87785139931684,0
85000,3600,1400,3530.69,1438.58,1.2,9.22,79.32397178659164,8.020000000000001,9.890769549450328,0
85000,3600,1400,3630.85,1412.44,1.2,0.0,33.26373550880893,-1.2,9999.0,0
85000,3600,1400,3551.28,1528.73,1.2,3.05,137.6410233179047,1.85,74.40055314481336,0
85000,3600,1400,3593.95,1359.65,1.2,1.8,40.80104165336952,0.6000000000000001,68.0017360889492,0
85000,3600,1400,3553.19,1563.83,1.2,0.0,170.38616434440905,-1.2,9999.0,0
86000,3600,1400,3640.64,1410.24,1.2,0.0,41.91022786862403,-1.2,9999.0,0
86000,3600,1400,3645.75,1333.57,1.2,0.01,80.65982519197527,-1.19,9999.0,0
86000,3600,1400,3673.03,1419.66,1.2,0.0,75.6299973555469,-1.2,9999.0,0
86000,3600,1400,3627.32,1429.03,1.2,0.0,39.86380940151113,-1.2,9999.0,0
86000,3600,1400,3662.76,1385.58,1.2,0.0,64.39529485917453,-1.2,9999.0,0
86000,3600,1400,3877.23,1377.7,1.2,24.01,278.12544453897056,22.81,12.19313654269928,0
86000,3600,1400,3920.04,1362.38,1.2,24.81,322.2434886851865,23.61,13.648601807928271,0
86000,3600,1400,3680.28,1418.17,1.2,0.0,82.3105540012946,-1.2,9999.0,0
86000,3600,1400,3641.18,1411.75,1.2,0.0,42.82353208225574,-1.2,9999.0,0
86000,3600,1400,3658.35,1420.38,1.2,0.0,61.8066897673706,-1.2,9999.0,0
86000,3600,1400,3630.94,1591.7,1.2,9.63,194.18077556751084,8.430000000000001,23.034492949882658,0
86000,3600,1400,3538.34,1492.74,1.2,11.43,111.3672447356043,10.23,10.886338683832287,0
86000,3600,1400,4102.56,1326.72,1.2,3.83,507.8745041838588,2.63,193.10817649576381,0
86000,3600,1400,3631.53,1422.8,1.2,0.0,38.90990747868736,-1.2,9999.0,0
86000,3600,1400,3687.22,1586.91,1.2,11.9,206.25876102604707,10.7,19.276519722060474,0
86000,3600,1400,3665.7,1420.67,1.2,0.0,68.87480598883731,-1.2,9999.0,0
86000,3600,1400,3646.63,1376.07,1.2,0.0,52.41184789720749,-1.2,9999.0,0
86000,3600,1400,3607.44,1589.5,1.2,12.56,189.64599547578115,11.36,16.69418974258637,0
86000,3600,1400,3623.12,1435.25,1.2,0.0,42.15562714513918,-1.2,9999.0,0
86000,3600,1400,3797.66,1394.06,1.2,23.77,197.74923312114245,22.57,8.761596505145878,0
86000,3600,1400,3581.34,1470.85,1.2,0.0,73.26607741649597,-1.2,9999.0,0
86000,3600,1400,3694.79,1415.19,1.2,0.05,95.99937603963888,-1.15,9999.0,0
86000,3600,1400,3425.38,1663.7,1.2,13.1,316.27493482727965,11.9,26.577725615737783,0
86000,3600,1400,3647.02,1408.17,1.2,0.0,47.72451466489732,-1.2,9999.0,0
86000,3600,1400,3575.04,1466.79,1.2,0.0,71.30151260667614,-1.2,9999.0,0
86000,3600,1400,3618.93,1441.47,1.2,0.0,45.58624573267683,-1.2,9999.0,0
86000,3600,1400,3641.58,1346.32,1.2,0.27,67.90021207625202,-0.93,9999.0,0
86000,3600,1400,3649.8,1382.79,1.2,0.0,52.68988612627683,-1.2,9999.0,0
86000,3600,1400,3687.53,1416.68,1.2,0.0,89.10512499289835,-1.2,9999.0,0
86000,3600,1400,3642.8,1353.92,1.2,0.0,62.89043170467197,-1.2,9999.0,0
86000,3600,1400,3645.13,1368.74,1.2,0.0,54.89903915370477,-1.2,9999.0,0
86000,3600,1400,4010.7,1350.29,1.2,12.55,413.6974427042061,11.35,36.44911389464371,0
86000,3600,1400,3369.57,1748.62,1.2,3.62,417.892198180344,2.42,172.6827265208033,0
86000,3600,1400,3633.55,1414.17,1.2,0.0,36.41965678037088,-1.2,9999.0,0
86000,3600,1400,3635.66,1416.73,1.2,0.0,39.38944655615245,-1.2,9999.0,0
86000,3600,1400,3614.73,1447.68,1.2,0.0,49.90345979989771,-1.2,9999.0,0
86000,3600,1400,3566.93,1591.74,1.2,9.93,194.5709446448776,8.73,22.28762252518644,0
86000,3600,1400,3569.91,1467.31,1.2,0.0,73.72953410947339,-1.2,9999.0,0
86000,3600,1400,3667.15,1379.5,1.2,0.0,70.20949009927371,-1.2,9999.0,0
86000,3600,1400,3643.98,1361.33,1.2,0.0,58.56286622084004,-1.2,9999.0,0
86000,3600,1400,3767.31,1677.0,1.2,11.66,323.6072250429523,10.46,30.937593216343426,0
86000,3600,1400,4045.57,1339.91,1.2,8.0,449.6036398874014,6.8,66.11818233638256,0
86000,3600,1400,3656.48,1407.34,1.2,9.35,56.954947107340914,8.15,6.988337068385388,0
86000,3600,1400,3883.59,1320.45,1.2,13.44,294.5360599315474,12.24,24.06340358917871,0
86000,3600,1400,3639.32,1414.35,1.2,0.0,41.856718696047,-1.2,9999.0,0
86000,3600,1400,3610.49,1453.97,1.2,2.71,54.98000545652936,1.51,36.41059964008567,0
86000,3600,1400,3552.78,1471.96,1.2,7.37,86.06956488794391,6.17,13.949686367576,0
86000,3600,1400,3810.18,1150.3,1.2,24.52,326.38278508524303,23.32,13.995831264375774,0
86000,3600,1400,3604.48,1457.15,1.2,1.63,57.32532511900836,0.4299999999999999,133.31470957908925,0
86000,3600,1400,3835.83,1333.81,1.2,13.67,244.94265655454944,12.47,19.642554655537243,0
86000,3600,1400,3653.42,1333.37,1.2,4.65,85.40054625118051,3.45,24.753781522081308,0
86000,3600,1400,3498.47,1560.33,1.2,12.78,189.77368047229317,11.58,16.388055308488184,0
86000,3600,1400,3522.67,1430.73,1.2,11.23,83.21214935332455,10.03,8.296325957460075,0
86000,3600,1400,3630.85,1412.44,1.2,0.0,33.26373550880893,-1.2,9999.0,0
86000,3600,1400,3554.31,1524.18,1.2,5.46,132.31873827995798,4.26,31.060736685436147,0
86000,3600,1400,3596.54,1356.22,1.2,4.32,43.91651170118134,3.12,14.075805032429917,0
86000,3600,1400,3551.84,1565.86,1.2,2.44,172.7105242884751,1.24,139.2826808778025,0
86000,3600,1400,3928.85,1314.1,1.2,0.0,339.8839985936377,-1.2,9999.0,0
87000,3600,1400,3640.64,1410.24,1.2,0.0,41.91022786862403,-1.2,9999.0,0
87000,3600,1400,3645.75,1333.57,1.2,0.0,80.65982519197527,-1.2,9999.0,0
87000,3600,1400,3673.03,1419.66,1.2,0.0,75.6299973555469,-1.2,9999.0,0
87000,3600,1400,3627.32,1429.03,1.2,0.0,39.86380940151113,-1.2,9999.0,0
87000,3600,1400,3662.76,1385.58,1.2,0.0,64.39529485917453,-1.2,9999.0,0
87000,3600,1400,3854.51,1382.38,1.2,23.2,255.11919665129105,22.0,11.59632712051323,0
87000,3600,1400,3944.34,1357.38,1.2,24.81,346.9675777360186,23.61,14.695788976536154,0
87000,3600,1400,3680.28,1418.17,1.2,0.0,82.3105540012946,-1.2,9999.0,0
87000,3600,1400,3641.18,1411.75,1.2,0.0,42.82353208225574,-1.2,9999.0,0
87000,3600,1400,3658.35,1420.38,1.2,0.0,61.8066897673706,-1.2,9999.0,0
87000,3600,1400,3619.68,1592.27,1.2,11.28,193.27455937085972,10.08,19.174063429648783,0
87000,3600,1400,3544.4,1484.03,1.2,10.61,100.75912316013864,9.41,10.707664522862768,0
87000,3600,1400,4101.66,1321.58,1.2,5.22,507.7523530226127,4.02,126.30655547826187,0
87000,3600,1400,3631.53,1422.8,1.2,0.0,38.90990747868736,-1.2,9999.0,0
87000,3600,1400,3692.06,1597.98,1.2,12.58,218.33717960988687,11.38,19.186043902450514,0
87000,3600,1400,3665.7,1420.67,1.2,0.0,68.87480598883731,-1.2,9999.0,0
87000,3600,1400,3646.63,1376.07,1.2,0.0,52.41184789720749,-1.2,9999.0,0
87000,3600,1400,3620.4,1589.03,1.2,12.98,190.127591106604,11.78,16.139863421613242,0
87000,3600,1400,3623.12,1435.25,1.2,0.0,42.15562714513918,-1.2,9999.0,0
87000,3600,1400,3773.65,1398.99,1.2,24.51,173.65293720521987,23.31,7.449718455822389,0
87000,3600,1400,3581.34,1470.85,1.2,0.0,73.26607741649597,-1.2,9999.0,0
87000,3600,1400,3694.78,1415.19,1.2,0.01,95.98950203017016,-1.19,9999.0,0
87000,3600,1400,3432.81,1652.68,1.2,13.29,302.98461759633943,12.09,25.060762414916415,0
87000,3600,1400,3647.02,1408.17,1.2,0.0,47.72451466489732,-1.2,9999.0,0
87000,3600,1400,3575.04,1466.79,1.2,0.0,71.30151260667614,-1.2,9999.0,0
87000,3600,1400,3618.93,1441.47,1.2,0.0,45.58624573267683,-1.2,9999.0,0
87000,3600,1400,3641.61,1346.49,1.2,0.16,67.78430644330595,-1.04,9999.0,0
87000,3600,1400,3649.8,1382.79,1.2,0.0,52.68988612627683,-1.2,9999.0,0
87000,3600,1400,3687.53,1416.68,1.2,0.0,89.10512499289835,-1.2,9999.0,0
87000,3600,1400,3642.8,1353.92,1.2,0.0,62.89043170467197,-1.2,9999.0,0
87000,3600,1400,3645.13,1368.74,1.2,0.0,54.89903915370477,-1.2,9999.0,0
87000,3600,1400,3996.82,1353.14,1.2,14.16,399.577241594163,12.96,30.83157728350023,0
87000,3600,1400,3370.51,1745.46,1.2,3.5,414.73879936654095,2.3,180.32121711588738,0
87000,3600,1400,3633.55,1414.17,1.2,0.0,36.41965678037088,-1.2,9999.0,0
87000,3600,1400,3635.66,1416.73,1.2,0.0,39.38944655615245,-1.2,9999.0,0
87000,3600,1400,3614.73,1447.68,1.2,0.0,49.90345979989771,-1.2,9999.0,0
87000,3600,1400,3578.14,1590.63,1.2,11.26,191.8792758481229,10.06,19.07348666482335,0
87000,3600,1400,3569.91,1467.31,1.2,0.0,73.72953410947339,-1.2,9999.0,0
87000,3600,1400,3667.15,1379.5,1.2,0.0,70.20949009927371,-1.2,9999.0,0
87000,3600,1400,3643.98,1361.33,1.2,0.0,58.56286622084004,-1.2,9999.0,0
87000,3600,1400,3755.57,1680.45,1.2,12.51,320.70894499530266,11.31,28.356228558382195,0
87000,3600,1400,4049.47,1339.11,1.2,3.98,453.575653006199,2.78,163.15670971446008,0
87000,3600,1400,3658.83,1413.34,1.2,6.71,60.32349873805389,5.51,10.948003400735734,0
87000,3600,1400,3896.86,1317.66,1.2,13.56,308.0677444978621,12.36,24.92457479756166,0
87000,3600,1400,3639.32,1414.35,1.2,0.0,41.856718696047,-1.2,9999.0,0
87000,3600,1400,3610.53,1453.91,1.2,0.07,54.92876295712487,-1.13,9999.0,0
87000,3600,1400,3554.8,1469.05,1.2,3.54,82.52843449381538,2.34,35.268561749493756,0
87000,3600,1400,3823.15,1127.22,1.2,26.47,352.4270859340979,25.27,13.94646165152742,0
87000,3600,1400,3604.48,1457.15,1.2,0.0,57.32532511900836,-1.2,9999.0,0
87000,3600,1400,3823.62,1338.42,1.2,13.05,231.94396047321416,11.85,19.57332999773959,0
87000,3600,1400,3653.28,1333.37,1.2,0.15,85.31304296530534,-1.05,9999.0,0
87000,3600,1400,3490.8,1572.38,1.2,14.29,204.05760069156943,13.09,15.588815942824251,0
87000,3600,1400,3513.55,1421.88,1.2,12.71,89.1758762222159,11.510000000000002,7.7476869002794,0
87000,3600,1400,3630.85,1412.44,1.2,0.0,33.26373550880893,-1.2,9999.0,0
87000,3600,1400,3558.2,1518.32,1.2,7.05,125.48650285986936,5.85,21.45068424955032,0
87000,3600,1400,3600.36,1351.7,1.2,5.93,48.30134159627449,4.73,10.21170012606226,0
87000,3600,1400,3549.37,1569.57,1.2,4.46,176.96717718266285,3.26,54.28441017873094,0
87000,3600,1400,3926.86,1314.52,1.2,2.04,337.852467802146,0.8400000000000001,402.20531881207853,0
88000,3600,1400,3640.64,1410.24,1.2,0.0,41.91022786862403,-1.2,9999.0,0
88000,3600,1400,3645.75,1333.57,1.2,0.0,80.65982519197527,-1.2,9999.0,0
88000,3600,1400,3673.03,1419.66,1.2,0.0,75.6299973555469,-1.2,9999.0,0
88000,3600,1400,3627.32,1429.03,1.2,0.0,39.86380940151113,-1.2,9999.0,0
88000,3600,1400,3662.76,1385.58,1.2,0.0,64.39529485917453,-1.2,9999.0,0
88000,3600,1400,3831.64,1387.08,1.2,23.36,232.00003448275595,22.16,10.469315635503428,0
88000,3600,1400,3969.34,1352.25,1.2,25.53,372.41388011189935,24.33,15.306776823341528,0
88000,3600,1400,3680.28,1418.17,1.2,0.0,82.3105540012946,-1.2,9999.0,0
88000,3600,1400,3641.18,1411.75,1.2,0.0,42.82353208225574,-1.2,9999.0,0
88000,3600,1400,3658.35,1420.38,1.2,0.0,61.8066897673706,-1.2,9999.0,0
88000,3600,1400,3548.68,1477.86,1.2,7.51,93.25192759401811,6.31,14.778435434868165,0
88000,3600,1400,4100.25,1315.13,1.2,6.6,507.3982453655117,5.4,93.96263803065031,0
88000,3600,1400,3631.53,1422.8,1.2,0.0,38.90990747868736,-1.2,9999.0,0
88000,3600,1400,3698.83,1608.08,1.2,12.42,230.35766820316607,11.22,20.530986470870417,0
88000,3600,1400,3665.7,1420.67,1.2,0.0,68.87480598883731,-1.2,9999.0,0
88000,3600,1400,3646.63,1376.07,1.2,0.0,52.41184789720749,-1.2,9999.0,0
88000,3600,1400,3633.84,1588.35,1.2,13.46,191.3657965781764,12.260000000000002,15.6089556752183,0
88000,3600,1400,3623.12,1435.25,1.2,0.0,42.15562714513918,-1.2,9999.0,0
88000,3600,1400,3751.5,1403.54,1.2,22.61,151.5413527721064,21.41,7.078064118267464,0
88000,3600,1400,3581.34,1470.85,1.2,0.0,73.26607741649597,-1.2,9999.0,0
88000,3600,1400,3694.78,1415.19,1.2,0.0,95.98950203017016,-1.2,9999.0,0
88000,3600,1400,3440.1,1641.86,1.2,13.04,289.9383893174548,11.84,24.488039638298545,0
88000,3600,1400,3647.02,1408.17,1.2,0.0,47.72451466489732,-1.2,9999.0,0
88000,3600,1400,3575.04,1466.79,1.2,0.0,71.30151260667614,-1.2,9999.0,0
88000,3600,1400,3618.93,1441.47,1.2,0.0,45.58624573267683,-1.2,9999.0,0
88000,3600,1400,3641.61,1346.51,1.2,0.02,67.76851924013104,-1.18,9999.0,0
88000,3600,1400,3649.8,1382.79,1.2,0.0,52.68988612627683,-1.2,9999.0,0
88000,3600,1400,3687.53,1416.68,1.2,0.0,89.10512499289835,-1.2,9999.0,0
88000,3600,1400,3642.8,1353.92,1.2,0.0,62.89043170467197,-1.2,9999.0,0
88000,3600,1400,3645.13,1368.74,1.2,0.0,54.89903915370477,-1.2,9999.0,0
88000,3600,1400,3981.51,1356.28,1.2,15.64,384.0069250677651,14.44,26.593277359263514,0
88000,3600,1400,3373.49,1741.0,1.2,5.36,409.37486500761145,4.16,98.40741947298352,0
88000,3600,1400,3633.55,1414.17,1.2,0.0,36.41965678037088,-1.2,9999.0,0
88000,3600,1400,3635.66,1416.73,1.2,0.0,39.38944655615245,-1.2,9999.0,0
88000,3600,1400,3614.73,1447.68,1.2,0.0,49.90345979989771,-1.2,9999.0,0
88000,3600,1400,3591.28,1589.63,1.2,13.18,189.8303856077842,11.98,15.845608147561284,0
88000,3600,1400,3569.91,1467.31,1.2,0.0,73.72953410947339,-1.2,9999.0,0
88000,3600,1400,3667.15,1379.5,1.2,0.0,70.20949009927371,-1.2,9999.0,0
88000,3600,1400,3643.98,1361.33,1.2,0.0,58.56286622084004,-1.2,9999.0,0
88000,3600,1400,3743.61,1676.59,1.2,12.56,311.65022092082654,11.36,27.433998320495295,0
88000,3600,1400,4051.47,1339.53,1.2,2.13,455.5016814458536,0.93,489.7867542428533,0
88000,3600,1400,3665.17,1414.29,1.2,6.65,66.7183108299364,5.45,12.241891895401174,0
88000,3600,1400,3909.62,1314.93,1.2,13.05,321.09414398272656,11.85,27.096552234829247,0
88000,3600,1400,3639.32,1414.35,1.2,0.0,41.856718696047,-1.2,9999.0,0
88000,3600,1400,3610.53,1453.9,1.2,0.0,54.91894846043589,-1.2,9999.0,0
88000,3600,1400,3554.93,1468.87,1.2,0.23,82.30663278254067,-0.97,9999.0,0
88000,3600,1400,3828.67,1101.49,1.2,26.31,376.029505491258,25.11,14.975288948277898,0
88000,3600,1400,3604.48,1457.15,1.2,0.0,57.32532511900836,-1.2,9999.0,0
88000,3600,1400,3811.31,1343.15,1.2,13.19,218.82376150683447,11.99,18.250522227425726,0
88000,3600,1400,3653.25,1333.37,1.2,0.02,85.29431047848394,-1.18,9999.0,0
88000,3600,1400,3482.65,1584.86,1.2,14.9,218.96173661167364,13.7,15.982608511800997,0
88000,3600,1400,3503.43,1412.06,1.2,14.1,97.32013409361925,12.9,7.544196441365833,0
88000,3600,1400,3630.85,1412.44,1.2,0.0,33.26373550880893,-1.2,9999.0,0
88000,3600,1400,3563.47,1510.34,1.2,9.57,116.2297573773601,8.370000000000001,13.886470415455207,0
88000,3600,1400,3605.83,1346.27,1.2,7.7,54.04536797913399,6.5,8.314671996789844,0
88000,3600,1400,3545.88,1574.82,1.2,6.31,183.0054829779697,5.109999999999999,35.81320606222499,0
88000,3600,1400,3923.14,1315.32,1.2,3.8,334.05113680393293,2.6,128.48120646305114,0
88000,3600,1400,3554.72,1474.77,1.2,0.0,87.41184873917274,-1.2,9999.0,0
88000,3600,1400,3522.23,1430.31,1.2,0.0,83.46777222377504,-1.2,9999.0,0
89000,3600,1400,3640.64,1410.24,1.2,0.0,41.91022786862403,-1.2,9999.0,0
89000,3600,1400,3645.75,1333.57,1.2,0.0,80.65982519197527,-1.2,9999.0,0
89000,3600,1400,3673.03,1419.66,1.2,0.0,75.6299973555469,-1.2,9999.0,0
89000,3600,1400,3627.32,1429.03,1.2,0.0,39.86380940151113,-1.2,9999.0,0
89000,3600,1400,3662.76,1385.58,1.2,0.0,64.39529485917453,-1.2,9999.0,0
89000,3600,1400,3808.23,1391.89,1.2,23.89,208.38787152807143,22.69,9.184128317676132,0
89000,3600,1400,3992.73,1347.45,1.2,23.88,396.2301798197609,22.68,17.470466482352773,0
89000,3600,1400,3680.28,1418.17,1.2,0.0,82.3105540012946,-1.2,9999.0,0
89000,3600,1400,3641.18,1411.75,1.2,0.0,42.82353208225574,-1.2,9999.0,0
89000,3600,1400,3658.35,1420.38,1.2,0.0,61.8066897673706,-1.2,9999.0,0
89000,3600,1400,3550.4,1475.39,1.2,3.01,90.24307231028877,1.81,49.85805100015954,0
89000,3600,1400,4098.44,1307.35,1.2,7.99,506.9777668695143,6.79,74.66535594543657,0
89000,3600,1400,3631.53,1422.8,1.2,0.0,38.90990747868736,-1.2,9999.0,0
89000,3600,1400,3708.47,1616.21,1.2,12.61,241.8935819735612,11.41,21.200138647989586,0
89000,3600,1400,3665.7,1420.67,1.2,0.0,68.87480598883731,-1.2,9999.0,0
89000,3600,1400,3646.63,1376.07,1.2,0.0,52.41184789720749,-1.2,9999.0,0
89000,3600,1400,3646.4,1587.71,1.2,12.58,193.3597789096792,11.38,16.991193225806605,0
89000,3600,1400,3623.12,1435.25,1.2,0.0,42.15562714513918,-1.2,9999.0,0
89000,3600,1400,3733.19,1407.31,1.2,18.72,133.3904501829123,17.52,7.613610170257552,0
89000,3600,1400,3581.34,1470.85,1.2,0.0,73.26607741649597,-1.2,9999.0,0
89000,3600,1400,3694.78,1415.19,1.2,0.0,95.98950203017016,-1.2,9999.0,0
89000,3600,1400,3447.77,1630.5,1.2,13.71,276.2321901951328,12.510000000000002,22.08091048722084,0
89000,3600,1400,3647.02,1408.17,1.2,0.0,47.72451466489732,-1.2,9999.0,0
89000,3600,1400,3575.04,1466.79,1.2,0.0,71.30151260667614,-1.2,9999.0,0
89000,3600,1400,3618.93,1441.47,1.2,0.0,45.58624573267683,-1.2,9999.0,0
89000,3600,1400,3641.61,1346.51,1.2,0.01,67.76851924013104,-1.19,9999.0,0
89000,3600,1400,3649.8,1382.79,1.2,0.0,52.68988612627683,-1.2,9999.0,0
89000,3600,1400,3687.53,1416.68,1.2,0.0,89.10512499289835,-1.2,9999.0,0
89000,3600,1400,3642.8,1353.92,1.2,0.0,62.89043170467197,-1.2,9999.0,0
89000,3600,1400,3645.13,1368.74,1.2,0.0,54.89903915370477,-1.2,9999.0,0
89000,3600,1400,3963.93,1359.89,1.2,17.94,366.1336600204901,16.740000000000002,21.871783752717445,0
89000,3600,1400,3377.8,1734.56,1.2,7.76,401.62573821905374,6.56,61.22343570412405,0
89000,3600,1400,3633.55,1414.17,1.2,0.0,36.41965678037088,-1.2,9999.0,0
89000,3600,1400,3635.66,1416.73,1.2,0.0,39.38944655615245,-1.2,9999.0,0
89000,3600,1400,3614.73,1447.68,1.2,0.0,49.90345979989771,-1.2,9999.0,0
89000,3600,1400,3606.04,1589.54,1.2,14.75,189.63621278648228,13.55,13.995292456566958,0
89000,3600,1400,3569.91,1467.31,1.2,0.0,73.72953410947339,-1.2,9999.0,0
89000,3600,1400,3667.15,1379.5,1.2,0.0,70.20949009927371,-1.2,9999.0,0
89000,3600,1400,3643.98,1361.33,1.2,0.0,58.56286622084004,-1.2,9999.0,0
89000,3600,1400,3734.93,1668.22,1.2,12.19,300.24668740887046,10.99,27.31998975512925,0
89000,3600,1400,4050.75,1342.12,1.2,3.23,454.4509400364356,2.03,223.86745814602742,0
89000,3600,1400,3673.24,1413.08,1.2,8.28,74.39881719489878,7.079999999999999,10.508307513403784,0
89000,3600,1400,3922.9,1312.09,1.2,13.58,334.652921845903,12.38,27.031738436664213,0
89000,3600,1400,3639.32,1414.35,1.2,0.0,41.856718696047,-1.2,9999.0,0
89000,3600,1400,3610.53,1453.9,1.2,0.0,54.91894846043589,-1.2,9999.0,0
89000,3600,1400,3554.94,1468.85,1.2,0.02,82.28442197645909,-1.18,9999.0,0
89000,3600,1400,3829.49,1076.0,1.2,25.47,397.04113149647344,24.27,16.359337927337183,0
89000,3600,1400,3604.48,1457.15,1.2,0.0,57.32532511900836,-1.2,9999.0,0
89000,3600,1400,3798.71,1348.35,1.2,13.64,205.31289925379755,12.44,16.504252351591443,0
89000,3600,1400,3653.25,1333.37,1.2,0.0,85.29431047848394,-1.2,9999.0,0
89000,3600,1400,3474.77,1596.8,1.2,14.31,233.26549873481076,13.11,17.792944220809364,0
89000,3600,1400,3493.16,1402.09,1.2,14.32,106.86044029480708,13.12,8.14485063222615,0
89000,3600,1400,3630.85,1412.44,1.2,0.0,33.26373550880893,-1.2,9999.0,0
89000,3600,1400,3569.82,1500.71,1.2,11.53,105.13484912244844,10.33,10.177623341960158,0
89000,3600,1400,3613.78,1340.18,1.2,10.02,61.38665001447789,8.82,6.95993764336484,0
89000,3600,1400,3541.66,1581.17,1.2,7.61,190.331617184324,6.41,29.692919997554444,0
89000,3600,1400,3917.26,1316.58,1.2,6.02,328.0439055980162,4.819999999999999,68.05890157635191,0
89000,3600,1400,3553.74,1476.18,1.2,1.72,89.12564165266936,0.52,171.39546471667182,0
89000,3600,1400,3520.69,1428.82,1.2,2.14,84.38405358834089,0.9400000000000002,89.77026977483072,0
89000,3600,1400,3844.99,1328.51,1.2,0.0,255.20760215949664,-1.2,9999.0,0
90000,3600,1400,3640.64,1410.24,1.2,0.0,41.91022786862403,-1.2,9999.0,0
90000,3600,1400,3645.75,1333.57,1.2,0.0,80.65982519197527,-1.2,9999.0,0
90000,3600,1400,3673.03,1419.66,1.2,0.0,75.6299973555469,-1.2,9999.0,0
90000,3600,1400,3627.32,1429.03,1.2,0.0,39.86380940151113,-1.2,9999.0,0
90000,3600,1400,3662.76,1385.58,1.2,0.0,64.39529485917453,-1.2,9999.0,0
90000,3600,1400,3784.7,1396.72,1.2,24.02,184.72912168902857,22.82,8.095053535890823,0
90000,3600,1400,4012.35,1343.42,1.2,20.02,416.2136697659027,18.82,22.115497862162737,0
90000,3600,1400,3680.28,1418.17,1.2,0.0,82.3105540012946,-1.2,9999.0,0
90000,3600,1400,3641.18,1411.75,1.2,0.0,42.82353208225574,-1.2,9999.0,0
90000,3600,1400,3658.35,1420.38,1.2,0.0,61.8066897673706,-1.2,9999.0,0
90000,3600,1400,3550.56,1475.15,1.2,0.29,89.95463356603716,-0.91,9999.0,0
90000,3600,1400,4096.19,1297.62,1.2,9.98,506.6420634925604,8.780000000000001,57.70410745928933,0
90000,3600,1400,3631.53,1422.8,1.2,0.0,38.90990747868736,-1.2,9999.0,0
90000,3600,1400,3717.58,1623.9,1.2,11.92,252.89576192573887,10.72,23.591022567699518,0
90000,3600,1400,3665.7,1420.67,1.2,0.0,68.87480598883731,-1.2,9999.0,0
90000,3600,1400,3646.63,1376.07,1.2,0.0,52.41184789720749,-1.2,9999.0,0
90000,3600,1400,3659.37,1587.0,1.2,12.99,196.19836110426607,11.79,16.641082366774054,0
90000,3600,1400,3623.12,1435.25,1.2,0.0,42.15562714513918,-1.2,9999.0,0
90000,3600,1400,3719.01,1410.22,1.2,14.66,119.44801588975872,13.46,8.874295385568997,0
90000,3600,1400,3581.34,1470.85,1.2,0.0,73.26607741649597,-1.2,9999.0,0
90000,3600,1400,3694.78,1415.19,1.2,0.0,95.98950203017016,-1.2,9999.0,0
90000,3600,1400,3455.65,1619.18,1.2,13.79,262.4438890505931,12.59,20.845424070738133,0
90000,3600,1400,3647.02,1408.17,1.2,0.0,47.72451466489732,-1.2,9999.0,0
90000,3600,1400,3575.04,1466.79,1.2,0.0,71.30151260667614,-1.2,9999.0,0
90000,3600,1400,3618.93,1441.47,1.2,0.0,45.58624573267683,-1.2,9999.0,0
90000,3600,1400,3641.61,1346.51,1.2,0.0,67.76851924013104,-1.2,9999.0,0
90000,3600,1400,3649.8,1382.79,1.2,0.0,52.68988612627683,-1.2,9999.0,0
90000,3600,1400,3687.53,1416.68,1.2,0.0,89.10512499289835,-1.2,9999.0,0
90000,3600,1400,3642.8,1353.92,1.2,0.0,62.89043170467197,-1.2,9999.0,0
90000,3600,1400,3645.13,1368.74,1.2,0.0,54.89903915370477,-1.2,9999.0,0
90000,3600,1400,3944.33,1363.92,1.2,20.01,346.21512864113834,18.81,18.40590795540342,0
90000,3600,1400,3383.43,1726.14,1.2,10.13,391.4969533725648,8.930000000000001,43.84064427464331,0
90000,3600,1400,3633.55,1414.17,1.2,0.0,36.41965678037088,-1.2,9999.0,0
90000,3600,1400,3635.66,1416.73,1.2,0.0,39.38944655615245,-1.2,9999.0,0
90000,3600,1400,3614.73,1447.68,1.2,0.0,49.90345979989771,-1.2,9999.0,0
90000,3600,1400,3621.14,1589.0,1.2,15.12,190.17859921663108,13.92,13.662255690849934,0
90000,3600,1400,3569.91,1467.31,1.2,0.0,73.72953410947339,-1.2,9999.0,0
90000,3600,1400,3667.15,1379.5,1.2,0.0,70.20949009927371,-1.2,9999.0,0
90000,3600,1400,3643.98,1361.33,1.2,0.0,58.56286622084004,-1.2,9999.0,0
90000,3600,1400,3730.12,1656.96,1.2,12.27,288.0271792730679,11.07,26.018715381487613,0
90000,3600,1400,4046.18,1343.05,1.2,4.67,449.7998387060625,3.47,129.6253137481448,0
90000,3600,1400,3682.8,1411.12,1.2,9.9,83.54336837834603,8.700000000000001,9.602686020499542,0
90000,3600,1400,3935.56,1309.39,1.2,12.95,347.57831592318865,11.75,29.581133270058608,0
90000,3600,1400,3639.32,1414.35,1.2,0.0,41.856718696047,-1.2,9999.0,0
90000,3600,1400,3610.53,1453.9,1.2,0.0,54.91894846043589,-1.2,9999.0,0
90000,3600,1400,3554.94,1468.85,1.2,0.01,82.28442197645909,-1.19,9999.0,0
90000,3600,1400,3826.58,1050.77,1.2,25.36,416.2932731861037,24.16,17.230681837173165,0
90000,3600,1400,3604.48,1457.15,1.2,0.0,57.32532511900836,-1.2,9999.0,0
90000,3600,1400,3785.73,1354.26,1.2,14.25,191.2793258561939,13.05,14.657419605838612,0
90000,3600,1400,3653.25,1333.37,1.2,0.0,85.29431047848394,-1.2,9999.0,0
90000,3600,1400,3466.76,1608.83,1.2,14.44,247.7152932299496,13.24,18.709614292292265,0
90000,3600,1400,3483.29,1392.51,1.2,13.75,116.95009277465329,12.55,9.318732492004246,0
90000,3600,1400,3630.85,1412.44,1.2,0.0,33.26373550880893,-1.2,9999.0,0
90000,3600,1400,3577.58,1488.94,1.2,14.1,91.72229827037704,12.9,7.1102556798741885,0
90000,3600,1400,3622.66,1335.45,1.2,10.08,68.41182719384118,8.88,7.704034593901032,0
90000,3600,1400,3539.14,1584.96,1.2,4.55,194.71553918472972,3.35,58.12404154768051,0
90000,3600,1400,3909.93,1318.14,1.2,7.49,320.5583636406947,6.29,50.963173869744786,0
90000,3600,1400,3551.32,1479.67,1.2,4.25,93.36515035065275,3.05,30.61152470513205,0
90000,3600,1400,3517.8,1426.01,1.2,4.03,86.21693627124527,2.83,30.46534850574038,0
90000,3600,1400,3846.88,1328.11,1.2,1.93,257.1340243919503,0.73,352.2383895780141,0
90000,3600,1400,3627.12,1412.2,1.2,0.0,29.737760507475933,-1.2,9999.0,1
91000,3600,1400,3640.64,1410.24,1.2,0.0,41.91022786862403,-1.2,9999.0,0
91000,3600,1400,3645.75,1333.57,1.2,0.0,80.65982519197527,-1.2,9999.0,0
91000,3600,1400,3673.03,1419.66,1.2,0.0,75.6299973555469,-1.2,9999.0,0
91000,3600,1400,3627.32,1429.03,1.2,0.0,39.86380940151113,-1.2,9999.0,0
91000,3600,1400,3662.76,1385.58,1.2,0.0,64.39529485917453,-1.2,9999.0,0
91000,3600,1400,3761.61,1401.47,1.2,23.57,161.61668540098216,22.37,7.2247065445231184,0
91000,3600,1400,4033.33,1339.14,1.2,21.42,437.58293899556907,20.22,21.641094905814494,0
91000,3600,1400,3680.28,1418.17,1.2,0.0,82.3105540012946,-1.2,9999.0,0
91000,3600,1400,3641.18,1411.75,1.2,0.0,42.82353208225574,-1.2,9999.0,0
91000,3600,1400,3658.35,1420.38,1.2,0.0,61.8066897673706,-1.2,9999.0,0
91000,3600,1400,3550.65,1475.03,1.2,0.15,89.8049185735391,-1.05,9999.0,0
91000,3600,1400,4092.52,1286.95,1.2,11.32,505.32786673604295,10.12,49.933583669569465,0
91000,3600,1400,3631.53,1422.8,1.2,0.0,38.90990747868736,-1.2,9999.0,0
91000,3600,1400,3726.16,1632.29,1.2,12.04,264.338778275152,10.84,24.38549615084428,0
91000,3600,1400,3665.7,1420.67,1.2,0.0,68.87480598883731,-1.2,9999.0,0
91000,3600,1400,3646.63,1376.07,1.2,0.0,52.41184789720749,-1.2,9999.0,0
91000,3600,1400,3671.63,1586.01,1.2,12.29,199.3253044648371,11.09,17.973426912969984,0
91000,3600,1400,3623.12,1435.25,1.2,0.0,42.15562714513918,-1.2,9999.0,0
91000,3600,1400,3709.18,1412.24,1.2,10.16,109.863961334006,8.96,12.261602827456027,0
91000,3600,1400,3581.34,1470.85,1.2,0.0,73.26607741649597,-1.2,9999.0,0
91000,3600,1400,3694.78,1415.19,1.2,0.0,95.98950203017016,-1.2,9999.0,0
91000,3600,1400,3463.08,1608.57,1.2,12.96,249.4965556876487,11.760000000000002,21.21569351085448,0
91000,3600,1400,3647.02,1408.17,1.2,0.0,47.72451466489732,-1.2,9999.0,0
91000,3600,1400,3575.04,1466.79,1.2,0.0,71.30151260667614,-1.2,9999.0,0
91000,3600,1400,3618.93,1441.47,1.2,0.0,45.58624573267683,-1.2,9999.0,0
91000,3600,1400,3641.61,1346.51,1.2,0.0,67.76851924013104,-1.2,9999.0,0
91000,3600,1400,3649.8,1382.79,1.2,0.0,52.68988612627683,-1.2,9999.0,0
91000,3600,1400,3687.53,1416.68,1.2,0.0,89.10512499289835,-1.2,9999.0,0
91000,3600,1400,3642.8,1353.92,1.2,0.0,62.89043170467197,-1.2,9999.0,0
91000,3600,1400,3645.13,1368.74,1.2,0.0,54.89903915370477,-1.2,9999.0,0
91000,3600,1400,3923.12,1368.28,1.2,21.65,324.67320924277067,20.45,15.876440549768738,0
91000,3600,1400,3390.15,1716.1,1.2,12.08,379.4156460927777,10.88,34.87276158940971,0
91000,3600,1400,3633.55,1414.17,1.2,0.0,36.41965678037088,-1.2,9999.0,0
91000,3600,1400,3635.66,1416.73,1.2,0.0,39.38944655615245,-1.2,9999.0,0
91000,3600,1400,3614.73,1447.68,1.2,0.0,49.90345979989771,-1.2,9999.0,0
91000,3600,1400,3636.38,1588.22,1.2,15.26,191.703606643172,14.06,13.634680415588337,0
91000,3600,1400,3569.91,1467.31,1.2,0.0,73.72953410947339,-1.2,9999.0,0
91000,3600,1400,3667.15,1379.5,1.2,0.0,70.20949009927371,-1.2,9999.0,0
91000,3600,1400,3643.98,1361.33,1.2,0.0,58.56286622084004,-1.2,9999.0,0
91000,3600,1400,3727.48,1645.58,1.2,11.69,276.6960187642749,10.49,26.377122856460907,0
91000,3600,1400,4039.33,1344.45,1.2,6.99,442.8280155997359,5.79,76.48152255608565,0
91000,3600,1400,3694.32,1408.75,1.2,11.92,94.72499617313284,10.72,8.836286956448959,0
91000,3600,1400,3948.96,1306.51,1.2,13.7,361.26646910556207,12.5,28.901317528444967,0
91000,3600,1400,3639.32,1414.35,1.2,0.0,41.856718696047,-1.2,9999.0,0
91000,3600,1400,3610.53,1453.9,1.2,0.0,54.91894846043589,-1.2,9999.0,0
91000,3600,1400,3554.94,1468.85,1.2,0.0,82.28442197645909,-1.2,9999.0,0
91000,3600,1400,3821.27,1026.56,1.2,24.69,434.07124588021264,23.49,18.478980241814078,0
91000,3600,1400,3604.48,1457.15,1.2,0.0,57.32532511900836,-1.2,9999.0,0
91000,3600,1400,3773.43,1359.86,1.2,13.52,178.01456260654618,12.32,14.449233977804072,0
91000,3600,1400,3653.25,1333.37,1.2,0.0,85.29431047848394,-1.2,9999.0,0
91000,3600,1400,3458.21,1621.09,1.2,14.95,262.65032305329447,13.75,19.101841676603236,0
91000,3600,1400,3473.92,1383.41,1.2,13.06,127.16679794663376,11.86,10.722326976950571,0
91000,3600,1400,3630.85,1412.44,1.2,0.0,33.26373550880893,-1.2,9999.0,0
91000,3600,1400,3586.23,1475.66,1.2,15.95,76.90285105248057,14.75,5.213752613727497,0
91000,3600,1400,3628.54,1333.5,1.2,6.2,72.36561061719854,5.0,14.473122123439708,0
91000,3600,1400,3537.82,1589.84,1.2,5.27,199.76380553043123,4.069999999999999,49.08201610084306,0
91000,3600,1400,3900.18,1320.23,1.2,9.97,310.59826995654674,8.770000000000001,35.41599429379096,0
91000,3600,1400,3547.84,1484.68,1.2,6.1,99.45535681902707,4.9,20.29701159571981,0
91000,3600,1400,3513.93,1422.25,1.2,5.41,88.89942294525892,4.21,21.116252481059124,0
91000,3600,1400,3850.62,1327.33,1.2,3.82,260.9431227298393,2.62,99.59661172894629,0
91000,3600,1400,3627.94,1411.01,1.2,1.41,30.03104560284245,0.2099999999999999,143.0049790611546,0
91000,3600,1400,3734.03,1286.46,1.2,0.0,175.65697395776817,-1.2,9999.0,0
92000,3600,1400,3640.64,1410.24,1.2,0.0,41.91022786862403,-1.2,9999.0,0
92000,3600,1400,3645.75,1333.57,1.2,0.0,80.65982519197527,-1.2,9999.0,0
92000,3600,1400,3673.03,1419.66,1.2,0.0,75.6299973555469,-1.2,9999.0,0
92000,3600,1400,3627.32,1429.03,1.2,0.0,39.86380940151113,-1.2,9999.0,0
92000,3600,1400,3662.76,1385.58,1.2,0.0,64.39529485917453,-1.2,9999.0,0
92000,3600,1400,3680.28,1418.17,1.2,0.0,82.3105540012946,-1.2,9999.0,0
92000,3600,1400,3641.18,1411.75,1.2,0.0,42.82353208225574,-1.2,9999.0,0
92000,3600,1400,3658.35,1420.38,1.2,0.0,61.8066897673706,-1.2,9999.0,0
92000,3600,1400,3550.66,1475.01,1.2,0.03,89.78271381507697,-1.17,9999.0,0
92000,3600,1400,4081.02,1282.78,1.2,12.5,495.0967267110539,11.3,43.81386962044725,0
92000,3600,1400,3631.53,1422.8,1.2,0.0,38.90990747868736,-1.2,9999.0,0
92000,3600,1400,3730.44,1644.14,1.2,12.71,276.8012521647979,11.510000000000002,24.048762134213543,0
92000,3600,1400,3665.7,1420.67,1.2,0.0,68.87480598883731,-1.2,9999.0,0
92000,3600,1400,3646.63,1376.07,1.2,0.0,52.41184789720749,-1.2,9999.0,0
92000,3600,1400,3684.02,1585.55,1.2,12.56,203.68643278333485,11.36,17.930143730927366,0
92000,3600,1400,3623.12,1435.25,1.2,0.0,42.15562714513918,-1.2,9999.0,0
92000,3600,1400,3703.71,1413.36,1.2,5.66,104.5669818824279,4.46,23.445511632831366,0
92000,3600,1400,3581.34,1470.85,1.2,0.0,73.26607741649597,-1.2,9999.0,0
92000,3600,1400,3694.78,1415.19,1.2,0.0,95.98950203017016,-1.2,9999.0,0
92000,3600,1400,3470.37,1597.66,1.2,13.12,236.37557509184415,11.92,19.83016569562451,0
92000,3600,1400,3647.02,1408.17,1.2,0.0,47.72451466489732,-1.2,9999.0,0
92000,3600,1400,3575.04,1466.79,1.2,0.0,71.30151260667614,-1.2,9999.0,0
92000,3600,1400,3618.93,1441.47,1.2,0.0,45.58624573267683,-1.2,9999.0,0
92000,3600,1400,3641.61,1346.51,1.2,0.0,67.76851924013104,-1.2,9999.0,0
92000,3600,1400,3649.8,1382.79,1.2,0.0,52.68988612627683,-1.2,9999.0,0
92000,3600,1400,3687.53,1416.68,1.2,0.0,89.10512499289835,-1.2,9999.0,0
92000,3600,1400,3642.8,1353.92,1.2,0.0,62.89043170467197,-1.2,9999.0,0
92000,3600,1400,3645.13,1368.74,1.2,0.0,54.89903915370477,-1.2,9999.0,0
92000,3600,1400,3900.12,1373.0,1.2,23.48,301.3320666640043,22.28,13.524778575583674,0
92000,3600,1400,3397.89,1704.53,1.2,13.92,365.4955170723713,12.72,28.733924298142394,0
92000,3600,1400,3633.55,1414.17,1.2,0.0,36.41965678037088,-1.2,9999.0,0
92000,3600,1400,3635.66,1416.73,1.2,0.0,39.38944655615245,-1.2,9999.0,0
92000,3600,1400,3614.73,1447.68,1.2,0.0,49.90345979989771,-1.2,9999.0,0
92000,3600,1400,3648.31,1587.61,1.2,11.94,193.7301427243576,10.74,18.038188335601266,0
92000,3600,1400,3569.91,1467.31,1.2,0.0,73.72953410947339,-1.2,9999.0,0
92000,3600,1400,3667.15,1379.5,1.2,0.0,70.20949009927371,-1.2,9999.0,0
92000,3600,1400,3643.98,1361.33,1.2,0.0,58.56286622084004,-1.2,9999.0,0
92000,3600,1400,3723.98,1634.72,1.2,11.46,265.4515375732452,10.260000000000002,25.87246954904924,0
92000,3600,1400,4031.0,1346.14,1.2,8.5,434.3522759235871,7.3,59.5003117703544,0
92000,3600,1400,3708.27,1405.89,1.2,14.45,108.43009268648623,13.25,8.183403221621603,0
92000,3600,1400,3961.98,1303.71,1.2,13.32,374.5681306518215,12.12,30.904961274902764,0
92000,3600,1400,3639.32,1414.35,1.2,0.0,41.856718696047,-1.2,9999.0,0
92000,3600,1400,3610.53,1453.9,1.2,0.0,54.91894846043589,-1.2,9999.0,0
92000,3600,1400,3554.94,1468.84,1.2,0.0,82.27605483978911,-1.2,9999.0,0
92000,3600,1400,3816.81,1006.25,1.2,20.71,449.4948704935352,19.51,23.039204023246292,0
92000,3600,1400,3604.48,1457.15,1.2,0.0,57.32532511900836,-1.2,9999.0,0
92000,3600,1400,3761.36,1365.35,1.2,13.26,165.03839583563592,12.06,13.684775774099164,0
92000,3600,1400,3653.25,1333.37,1.2,0.0,85.29431047848394,-1.2,9999.0,0
92000,3600,1400,3450.03,1632.85,1.2,14.32,276.9659246188958,13.12,21.11020766912316,0
92000,3600,1400,3467.77,1377.45,1.2,8.56,134.1390152043767,7.36,18.225409674507702,0
92000,3600,1400,3630.85,1412.44,1.2,0.0,33.26373550880893,-1.2,9999.0,0
92000,3600,1400,3594.87,1459.96,1.2,18.11,60.17905366487584,16.91,3.5587849594840826,0
92000,3600,1400,3636.69,1331.52,1.2,8.39,77.68955206461166,7.19,10.805222818443902,0
92000,3600,1400,3541.54,1592.47,1.2,4.68,201.1523614079636,3.4799999999999995,57.80240270343783,0
92000,3600,1400,3888.45,1322.71,1.2,11.99,298.6254285890602,10.79,27.676128692220598,0
92000,3600,1400,3543.16,1491.42,1.2,8.21,107.64944031438355,7.010000000000001,15.356553539855,0
92000,3600,1400,3508.6,1417.08,1.2,7.42,92.98218323958636,6.22,14.948904057811314,0
92000,3600,1400,3855.81,1326.25,1.2,5.31,266.22888385748075,4.109999999999999,64.77588415023864,0
92000,3600,1400,3629.89,1407.74,1.2,3.56,30.875875696083384,2.3600000000000003,13.082998176306516,0
92000,3600,1400,3730.1,1286.62,1.2,2.28,172.5718238879105,1.0799999999999998,159.78872582213938,0
92000,3600,1400,3546.05,1530.8,1.2,0.0,141.4893723924167,-1.2,9999.0,0
93000,3600,1400,3640.64,1410.24,1.2,0.0,41.91022786862403,-1.2,9999.0,0
93000,3600,1400,3645.75,1333.57,1.2,0.0,80.65982519197527,-1.2,9999.0,0
93000,3600,1400,3673.03,1419.66,1.2,0.0,75.6299973555469,-1.2,9999.0,0
93000,3600,1400,3627.32,1429.03,1.2,0.0,39.86380940151113,-1.2,9999.0,0
93000,3600,1400,3662.76,1385.58,1.2,0.0,64.39529485917453,-1.2,9999.0,0
93000,3600,1400,3680.28,1418.17,1.2,0.0,82.3105540012946,-1.2,9999.0,0
93000,3600,1400,3641.18,1411.75,1.2,0.0,42.82353208225574,-1.2,9999.0,0
93000,3600,1400,3658.35,1420.38,1.2,0.0,61.8066897673706,-1.2,9999.0,0
93000,3600,1400,3550.66,1475.01,1.2,0.0,89.78271381507697,-1.2,9999.0,0
93000,3600,1400,4068.89,1284.36,1.2,12.27,482.9393768373002,11.07,43.62595996723579,0
93000,3600,1400,3631.53,1422.8,1.2,0.0,38.90990747868736,-1.2,9999.0,0
93000,3600,1400,3733.35,1656.51,1.2,12.72,289.10137080269953,11.52,25.095605104401002,0
93000,3600,1400,3665.7,1420.67,1.2,0.0,68.87480598883731,-1.2,9999.0,0
93000,3600,1400,3646.63,1376.07,1.2,0.0,52.41184789720749,-1.2,9999.0,0
93000,3600,1400,3691.44,1594.69,1.2,12.78,215.09409499100627,11.58,18.574619601986726,0
93000,3600,1400,3623.12,1435.25,1.2,0.0,42.15562714513918,-1.2,9999.0,0
93000,3600,1400,3702.37,1416.91,1.2,1.16,103.75724071119076,-0.04,9999.0,0
93000,3600,1400,3581.34,1470.85,1.2,0.0,73.26607741649597,-1.2,9999.0,0
93000,3600,1400,3694.78,1415.19,1.2,0.0,95.98950203017016,-1.2,9999.0,0
93000,3600,1400,3477.48,1586.88,1.2,12.91,223.4620433093729,11.71,19.08300967629145,0
93000,3600,1400,3647.02,1408.17,1.2,0.0,47.72451466489732,-1.2,9999.0,0
93000,3600,1400,3575.04,1466.79,1.2,0.0,71.30151260667614,-1.2,9999.0,0
93000,3600,1400,3618.93,1441.47,1.2,0.0,45.58624573267683,-1.2,9999.0,0
93000,3600,1400,3641.61,1346.51,1.2,0.0,67.76851924013104,-1.2,9999.0,0
93000,3600,1400,3649.8,1382.79,1.2,0.0,52.68988612627683,-1.2,9999.0,0
93000,3600,1400,3687.53,1416.68,1.2,0.0,89.10512499289835,-1.2,9999.0,0
93000,3600,1400,3642.8,1353.92,1.2,0.0,62.89043170467197,-1.2,9999.0,0
93000,3600,1400,3645.13,1368.74,1.2,0.0,54.89903915370477,-1.2,9999.0,0
93000,3600,1400,3875.83,1377.99,1.2,24.79,276.7067563324032,23.59,11.72983282460378,0
93000,3600,1400,3405.35,1693.41,1.2,13.39,352.1051698001608,12.19,28.88475552093198,0
93000,3600,1400,3633.55,1414.17,1.2,0.0,36.41965678037088,-1.2,9999.0,0
93000,3600,1400,3635.66,1416.73,1.2,0.0,39.38944655615245,-1.2,9999.0,0
93000,3600,1400,3614.73,1447.68,1.2,0.0,49.90345979989771,-1.2,9999.0,0
93000,3600,1400,3657.06,1587.17,1.2,8.77,195.674353199391,7.569999999999999,25.848659603618362,0
93000,3600,1400,3569.91,1467.31,1.2,0.0,73.72953410947339,-1.2,9999.0,0
93000,3600,1400,3667.15,1379.5,1.2,0.0,70.20949009927371,-1.2,9999.0,0
93000,3600,1400,3643.98,1361.33,1.2,0.0,58.56286622084004,-1.2,9999.0,0
93000,3600,1400,3715.25,1626.12,1.2,12.3,253.79680238332384,11.1,22.864576791290435,0
93000,3600,1400,4020.78,1348.22,1.2,10.43,423.9539795779728,9.23,45.93217546890279,0
93000,3600,1400,3724.16,1402.63,1.2,16.44,124.18785166029711,15.240000000000002,8.14880916406149,0
93000,3600,1400,3975.21,1300.87,1.2,13.53,388.08414164972015,12.33,31.47478845496514,0
93000,3600,1400,3639.32,1414.35,1.2,0.0,41.856718696047,-1.2,9999.0,0
93000,3600,1400,3610.53,1453.9,1.2,0.0,54.91894846043589,-1.2,9999.0,0
93000,3600,1400,3554.94,1468.84,1.2,0.0,82.27605483978911,-1.2,9999.0,0
93000,3600,1400,3813.31,990.28,1.2,16.29,461.9216757200294,15.09,30.61111171106888,0
93000,3600,1400,3605.26,1455.99,1.2,1.39,56.23653349914096,0.1899999999999999,295.9817552586368,0
93000,3600,1400,3747.69,1368.67,1.2,14.13,150.9765047946203,12.93,11.676450486822915,0
93000,3600,1400,3653.25,1333.37,1.2,0.0,85.29431047848394,-1.2,9999.0,0
93000,3600,1400,3442.09,1644.62,1.2,14.2,291.1606300652612,13.0,22.396971543481634,0
93000,3600,1400,3464.86,1374.62,1.2,4.06,137.5025963391236,2.8599999999999994,48.07783088780547,0
93000,3600,1400,3630.85,1412.44,1.2,0.0,33.26373550880893,-1.2,9999.0,0
93000,3600,1400,3605.49,1444.23,1.2,18.98,44.569417765997336,17.78,2.5067164097861268,0
93000,3600,1400,3646.94,1330.33,1.2,10.34,84.00757406329512,9.14,9.19120066338021,0
93000,3600,1400,3547.49,1593.65,1.2,6.16,200.6430228041834,4.96,40.4522223395531,0
93000,3600,1400,3875.08,1325.5,1.2,13.66,284.9899233306328,12.46,22.872385500050783,0
93000,3600,1400,3537.72,1499.25,1.2,9.53,117.17235552808532,8.33,14.066309187045055,0
93000,3600,1400,3502.04,1410.71,1.2,9.14,98.54372481289718,7.94,12.4110484651004,0
93000,3600,1400,3863.08,1324.73,1.2,7.42,273.63599781461494,6.22,43.992925693668,0
93000,3600,1400,3632.4,1402.85,1.2,5.07,32.52510568776073,3.87,8.404420074356777,0
93000,3600,1400,3727.63,1290.4,1.2,4.5,168.23072519608303,3.3,50.97900763517668,0
93000,3600,1400,3550.14,1530.44,1.2,2.56,139.64459602863272,1.36,102.67985002105347,0
93000,3600,1400,3590.97,1465.72,1.2,0.0,66.33746528169438,-1.2,9999.0,0
94000,3600,1400,3640.64,1410.24,1.2,0.0,41.91022786862403,-1.2,9999.0,0
94000,3600,1400,3645.75,1333.57,1.2,0.0,80.65982519197527,-1.2,9999.0,0
94000,3600,1400,3673.03,1419.66,1.2,0.0,75.6299973555469,-1.2,9999.0,0
94000,3600,1400,3627.32,1429.03,1.2,0.0,39.86380940151113,-1.2,9999.0,0
94000,3600,1400,3662.76,1385.58,1.2,0.0,64.39529485917453,-1.2,9999.0,0
94000,3600,1400,3680.28,1418.17,1.2,0.0,82.3105540012946,-1.2,9999.0,0
94000,3600,1400,3641.18,1411.75,1.2,0.0,42.82353208225574,-1.2,9999.0,0
94000,3600,1400,3658.35,1420.38,1.2,0.0,61.8066897673706,-1.2,9999.0,0
94000,3600,1400,3550.66,1475.0,1.2,0.0,89.77435936836316,-1.2,9999.0,0
94000,3600,1400,4057.65,1286.65,1.2,11.48,471.4782550659151,10.28,45.86364348890225,0
94000,3600,1400,3631.53,1422.8,1.2,0.0,38.90990747868736,-1.2,9999.0,0
94000,3600,1400,3738.16,1667.34,1.2,11.89,300.92999385239074,10.69,28.1506074698214,0
94000,3600,1400,3665.7,1420.67,1.2,0.0,68.87480598883731,-1.2,9999.0,0
94000,3600,1400,3646.63,1376.07,1.2,0.0,52.41184789720749,-1.2,9999.0,0
94000,3600,1400,3696.86,1606.31,1.2,13.1,227.91593998665385,11.9,19.152599998878475,0
94000,3600,1400,3623.12,1435.25,1.2,0.0,42.15562714513918,-1.2,9999.0,0
94000,3600,1400,3698.9,1417.62,1.2,3.5,100.45732626344387,2.3,43.67709837541038,0
94000,3600,1400,3581.34,1470.85,1.2,0.0,73.26607741649597,-1.2,9999.0,0
94000,3600,1400,3694.78,1415.19,1.2,0.0,95.98950203017016,-1.2,9999.0,0
94000,3600,1400,3484.86,1575.71,1.2,13.39,210.07432898857488,12.19,17.233332976913445,0
94000,3600,1400,3647.02,1408.17,1.2,0.0,47.72451466489732,-1.2,9999.0,0
94000,3600,1400,3575.04,1466.79,1.2,0.0,71.30151260667614,-1.2,9999.0,0
94000,3600,1400,3618.93,1441.47,1.2,0.0,45.58624573267683,-1.2,9999.0,0
94000,3600,1400,3641.61,1346.51,1.2,0.0,67.76851924013104,-1.2,9999.0,0
94000,3600,1400,3649.8,1382.79,1.2,0.0,52.68988612627683,-1.2,9999.0,0
94000,3600,1400,3687.53,1416.68,1.2,0.0,89.10512499289835,-1.2,9999.0,0
94000,3600,1400,3642.8,1353.92,1.2,0.0,62.89043170467197,-1.2,9999.0,0
94000,3600,1400,3645.13,1368.74,1.2,0.0,54.89903915370477,-1.2,9999.0,0
94000,3600,1400,3852.46,1382.8,1.2,23.87,253.0452362720943,22.67,11.162118935690087,0
94000,3600,1400,3413.03,1682.02,1.2,13.73,338.36823329030153,12.53,27.00464750920204,0
94000,3600,1400,3633.55,1414.17,1.2,0.0,36.41965678037088,-1.2,9999.0,0
94000,3600,1400,3635.66,1416.73,1.2,0.0,39.38944655615245,-1.2,9999.0,0
94000,3600,1400,3614.73,1447.68,1.2,0.0,49.90345979989771,-1.2,9999.0,0
94000,3600,1400,3661.33,1587.45,1.2,4.27,197.22796809783347,3.0699999999999994,64.24363781688388,0
94000,3600,1400,3569.91,1467.31,1.2,0.0,73.72953410947339,-1.2,9999.0,0
94000,3600,1400,3667.15,1379.5,1.2,0.0,70.20949009927371,-1.2,9999.0,0
94000,3600,1400,3643.98,1361.33,1.2,0.0,58.56286622084004,-1.2,9999.0,0
94000,3600,1400,3705.79,1618.13,1.2,12.39,242.429826960298,11.19,21.664863892788023,0
94000,3600,1400,4008.47,1350.75,1.2,12.57,411.4283697072916,11.37,36.18543269193418,0
94000,3600,1400,3742.58,1398.84,1.2,18.94,142.5847186763013,17.740000000000002,8.037470049396916,0
94000,3600,1400,3987.9,1298.14,1.2,12.98,401.0509563634028,11.78,34.04507269638394,0
94000,3600,1400,3639.32,1414.35,1.2,0.0,41.856718696047,-1.2,9999.0,0
94000,3600,1400,3610.53,1453.9,1.2,0.0,54.91894846043589,-1.2,9999.0,0
94000,3600,1400,3554.94,1468.84,1.2,0.0,82.27605483978911,-1.2,9999.0,0
94000,3600,1400,3810.81,978.71,1.2,11.79,471.0903524802858,10.59,44.48445254771348,0
94000,3600,1400,3607.39,1452.84,1.2,3.81,53.35426599626303,2.6100000000000003,20.442247508146753,0
94000,3600,1400,3734.01,1370.29,1.2,13.77,137.26384884593634,12.57,10.919956153216893,0
94000,3600,1400,3653.25,1333.37,1.2,0.0,85.29431047848394,-1.2,9999.0,0
94000,3600,1400,3434.33,1656.13,1.2,13.88,305.0395479278057,12.68,24.056746682003606,0
94000,3600,1400,3465.04,1371.83,1.2,3.4,137.8685986727943,2.2,62.66754485127013,0
94000,3600,1400,3630.85,1412.44,1.2,0.0,33.26373550880893,-1.2,9999.0,0
94000,3600,1400,3613.88,1431.8,1.2,15.0,34.697181441725206,13.8,2.5142885102699424,0
94000,3600,1400,3658.76,1330.75,1.2,11.88,90.82015249932157,10.68,8.503759597314753,0
94000,3600,1400,3555.9,1592.82,1.2,8.45,197.79879271623463,7.249999999999999,27.282592098790985,0
94000,3600,1400,3861.93,1328.25,1.2,13.44,271.5794311062602,12.24,22.18786201848531,0
94000,3600,1400,3531.2,1508.97,1.2,11.71,128.87164505817418,10.510000000000002,12.261812089264906,0
94000,3600,1400,3494.43,1403.32,1.2,10.6,105.62219132360411,9.4,11.236403332298309,0
94000,3600,1400,3872.85,1322.69,1.2,9.98,283.5911821619282,8.780000000000001,32.299679061723026,0
94000,3600,1400,3637.75,1398.35,1.2,6.65,37.78604239663107,5.45,6.933218788372673,0
94000,3600,1400,3724.32,1295.47,1.2,6.06,162.42531606864748,4.859999999999999,33.42084692770525,0
94000,3600,1400,3552.35,1527.12,1.2,3.99,135.75719833585245,2.79,48.65849402718726,0
94000,3600,1400,3595.04,1465.42,1.2,2.52,65.60775868752117,1.32,49.70284749054634,0
94000,3600,1400,3858.73,1374.97,1.2,0.0,259.93790373856604,-1.2,9999.0,0
95000,3600,1400,3640.64,1410.24,1.2,0.0,41.91022786862403,-1.2,9999.0,0
95000,3600,1400,3645.75,1333.57,1.2,0.0,80.65982519197527,-1.2,9999.0,0
95000,3600,1400,3673.03,1419.66,1.2,0.0,75.6299973555469,-1.2,9999.0,0
95000,3600,1400,3627.32,1429.03,1.2,0.0,39.86380940151113,-1.2,9999.0,0
95000,3600,1400,3662.76,1385.58,1.2,0.0,64.39529485917453,-1.2,9999.0,0
95000,3600,1400,3680.28,1418.17,1.2,0.0,82.3105540012946,-1.2,9999.0,0
95000,3600,1400,3641.18,1411.75,1.2,0.0,42.82353208225574,-1.2,9999.0,0
95000,3600,1400,3658.35,1420.38,1.2,0.0,61.8066897673706,-1.2,9999.0,0
95000,3600,1400,3550.66,1475.0,1.2,0.0,89.77435936836316,-1.2,9999.0,0
95000,3600,1400,4045.75,1289.07,1.2,12.15,459.3457601850702,10.95,41.949384491787235,0
95000,3600,1400,3631.53,1422.8,1.2,0.0,38.90990747868736,-1.2,9999.0,0
95000,3600,1400,3748.1,1674.67,1.2,12.64,312.0532308757594,11.44,27.277380321307643,0
95000,3600,1400,3665.7,1420.67,1.2,0.0,68.87480598883731,-1.2,9999.0,0
95000,3600,1400,3646.63,1376.07,1.2,0.0,52.41184789720749,-1.2,9999.0,0
95000,3600,1400,3706.21,1614.31,1.2,12.32,239.1847407340192,11.12,21.509419130757124,0
95000,3600,1400,3623.12,1435.25,1.2,0.0,42.15562714513918,-1.2,9999.0,0
95000,3600,1400,3693.64,1418.7,1.2,5.29,95.488950146077,4.09,23.346931576057948,0
95000,3600,1400,3581.34,1470.85,1.2,0.0,73.26607741649597,-1.2,9999.0,0
95000,3600,1400,3694.78,1415.19,1.2,0.0,95.98950203017016,-1.2,9999.0,0
95000,3600,1400,3492.14,1564.32,1.2,13.51,196.55747759879296,12.31,15.967301185929566,0
95000,3600,1400,3647.02,1408.17,1.2,0.0,47.72451466489732,-1.2,9999.0,0
95000,3600,1400,3575.04,1466.79,1.2,0.0,71.30151260667614,-1.2,9999.0,0
95000,3600,1400,3618.93,1441.47,1.2,0.0,45.58624573267683,-1.2,9999.0,0
95000,3600,1400,3641.61,1346.51,1.2,0.0,67.76851924013104,-1.2,9999.0,0
95000,3600,1400,3649.8,1382.79,1.2,0.0,52.68988612627683,-1.2,9999.0,0
95000,3600,1400,3687.53,1416.68,1.2,0.0,89.10512499289835,-1.2,9999.0,0
95000,3600,1400,3642.8,1353.92,1.2,0.0,62.89043170467197,-1.2,9999.0,0
95000,3600,1400,3645.13,1368.74,1.2,0.0,54.89903915370477,-1.2,9999.0,0
95000,3600,1400,3828.34,1387.76,1.2,24.62,228.66782283478375,23.42,9.763784066387009,0
95000,3600,1400,3420.39,1671.11,1.2,13.16,325.20821668586416,11.96,27.191322465373254,0
95000,3600,1400,3633.55,1414.17,1.2,0.0,36.41965678037088,-1.2,9999.0,0
95000,3600,1400,3635.66,1416.73,1.2,0.0,39.38944655615245,-1.2,9999.0,0
95000,3600,1400,3614.73,1447.68,1.2,0.0,49.90345979989771,-1.2,9999.0,0
95000,3600,1400,3666.24,1591.69,1.2,6.79,202.81221289656105,5.59,36.281254543213066,0
95000,3600,1400,3569.91,1467.31,1.2,0.0,73.72953410947339,-1.2,9999.0,0
95000,3600,1400,3667.15,1379.5,1.2,0.0,70.20949009927371,-1.2,9999.0,0
95000,3600,1400,3643.98,1361.33,1.2,0.0,58.56286622084004,-1.2,9999.0,0
95000,3600,1400,3696.48,1610.29,1.2,12.17,231.3661049073524,10.97,21.090802635127837,0
95000,3600,1400,3994.55,1353.61,1.2,14.21,397.26783735912994,13.010000000000002,30.535575508003834,0
95000,3600,1400,4000.99,1295.33,1.2,13.39,414.4258546471248,12.19,33.99719890460417,0
95000,3600,1400,3639.32,1414.35,1.2,0.0,41.856718696047,-1.2,9999.0,0
95000,3600,1400,3610.53,1453.9,1.2,0.0,54.91894846043589,-1.2,9999.0,0
95000,3600,1400,3554.94,1468.84,1.2,0.0,82.27605483978911,-1.2,9999.0,0
95000,3600,1400,3810.21,971.42,1.2,7.29,477.35632445794624,6.09,78.38363291591892,0
95000,3600,1400,3610.63,1448.04,1.2,5.79,49.20201723506872,4.59,10.719393733130442,0
95000,3600,1400,3721.36,1367.54,1.2,13.65,125.626037110147,12.45,10.090444747802971,0
95000,3600,1400,3653.25,1333.37,1.2,0.0,85.29431047848394,-1.2,9999.0,0
95000,3600,1400,3426.59,1667.62,1.2,13.85,318.8910354650941,12.65,25.20877750712206,0
95000,3600,1400,3467.58,1372.8,1.2,2.91,135.18467516697305,1.7100000000000002,79.05536559472107,0
95000,3600,1400,3630.85,1412.44,1.2,0.0,33.26373550880893,-1.2,9999.0,0
95000,3600,1400,3622.02,1419.73,1.2,14.57,29.56608360943329,13.37,2.211374989486409,1
95000,3600,1400,3670.06,1333.97,1.2,11.82,96.27234545808048,10.62,9.065192604339028,0
95000,3600,1400,3566.1,1591.82,1.2,10.25,194.79251114968451,9.05,21.52403438118061,0
95000,3600,1400,3849.52,1330.84,1.2,12.68,258.9272793662344,11.48,22.554641059776515,0
95000,3600,1400,3523.72,1520.7,1.2,13.91,142.7835018480778,12.71,11.233949791351518,0
95000,3600,1400,3485.19,1394.35,1.2,12.88,114.94893909906254,11.68,9.841518758481381,0
95000,3600,1400,3884.36,1320.29,1.2,11.76,295.3206625009501,10.56,27.965971827741487,0
95000,3600,1400,3646.87,1396.1,1.2,9.2,47.03197741962367,7.999999999999999,5.87899717745296,0
95000,3600,1400,3720.29,1301.64,1.2,7.36,155.38459930121766,6.16,25.224772613834034,0
95000,3600,1400,3558.59,1523.52,1.2,6.46,130.2765462391446,5.26,24.76740422797426,0
95000,3600,1400,3600.38,1463.22,1.2,4.82,63.221142033342005,3.62,17.46440387661381,0
95000,3600,1400,3860.84,1374.54,1.2,2.16,262.0796008849221,0.9600000000000002,272.99958425512716,0
95000,3600,1400,3486.14,1626.66,1.2,0.0,253.6510500668193,-1.2,9999.0,0
96000,3600,1400,3640.64,1410.24,1.2,0.0,41.91022786862403,-1.2,9999.0,0
96000,3600,1400,3645.75,1333.57,1.2,0.0,80.65982519197527,-1.2,9999.0,0
96000,3600,1400,3673.03,1419.66,1.2,0.0,75.6299973555469,-1.2,9999.0,0
96000,3600,1400,3627.32,1429.03,1.2,0.0,39.86380940151113,-1.2,9999.0,0
96000,3600,1400,3662.76,1385.58,1.2,0.0,64.39529485917453,-1.2,9999.0,0
96000,3600,1400,3680.28,1418.17,1.2,0.0,82.3105540012946,-1.2,9999.0,0
96000,3600,1400,3641.18,1411.75,1.2,0.0,42.82353208225574,-1.2,9999.0,0
96000,3600,1400,3658.35,1420.38,1.2,0.0,61.8066897673706,-1.2,9999.0,0
96000,3600,1400,3550.66,1475.0,1.2,0.0,89.77435936836316,-1.2,9999.0,0
96000,3600,1400,4033.72,1291.58,1.2,12.29,447.0659177347339,11.09,40.31252639627898,0
96000,3600,1400,3631.53,1422.8,1.2,0.0,38.90990747868736,-1.2,9999.0,0
96000,3600,1400,3759.77,1675.69,1.2,12.76,318.63996767511765,11.56,27.56401104456035,0
96000,3600,1400,3665.7,1420.67,1.2,0.0,68.87480598883731,-1.2,9999.0,0
96000,3600,1400,3646.63,1376.07,1.2,0.0,52.41184789720749,-1.2,9999.0,0
96000,3600,1400,3716.34,1622.86,1.2,13.26,251.39923468459483,12.06,20.845707685289785,0
96000,3600,1400,3623.12,1435.25,1.2,0.0,42.15562714513918,-1.2,9999.0,0
96000,3600,1400,3686.76,1420.11,1.2,6.94,89.06014653030857,5.74,15.515704970437033,0
96000,3600,1400,3581.34,1470.85,1.2,0.0,73.26607741649597,-1.2,9999.0,0
96000,3600,1400,3694.78,1415.19,1.2,0.0,95.98950203017016,-1.2,9999.0,0
96000,3600,1400,3498.93,1553.66,1.2,12.64,183.9199295889384,11.44,16.07691692211,0
96000,3600,1400,3647.02,1408.17,1.2,0.0,47.72451466489732,-1.2,9999.0,0
96000,3600,1400,3575.04,1466.79,1.2,0.0,71.30151260667614,-1.2,9999.0,0
96000,3600,1400,3618.93,1441.47,1.2,0.0,45.58624573267683,-1.2,9999.0,0
96000,3600,1400,3641.61,1346.51,1.2,0.0,67.76851924013104,-1.2,9999.0,0
96000,3600,1400,3649.8,1382.79,1.2,0.0,52.68988612627683,-1.2,9999.0,0
96000,3600,1400,3687.53,1416.68,1.2,0.0,89.10512499289835,-1.2,9999.0,0
96000,3600,1400,3642.8,1353.92,1.2,0.0,62.89043170467197,-1.2,9999.0,0
96000,3600,1400,3645.13,1368.74,1.2,0.0,54.89903915370477,-1.2,9999.0,0
96000,3600,1400,3803.96,1392.77,1.2,24.89,204.088104748905,23.69,8.614947435580625,0
96000,3600,1400,3427.75,1660.19,1.2,13.17,312.0398990513874,11.97,26.06849616135233,0
96000,3600,1400,3633.55,1414.17,1.2,0.0,36.41965678037088,-1.2,9999.0,0
96000,3600,1400,3635.66,1416.73,1.2,0.0,39.38944655615245,-1.2,9999.0,0
96000,3600,1400,3614.73,1447.68,1.2,0.0,49.90345979989771,-1.2,9999.0,0
96000,3600,1400,3666.86,1599.96,1.2,8.33,210.8417918724844,7.13,29.571078803995007,0
96000,3600,1400,3569.91,1467.31,1.2,0.0,73.72953410947339,-1.2,9999.0,0
96000,3600,1400,3667.15,1379.5,1.2,0.0,70.20949009927371,-1.2,9999.0,0
96000,3600,1400,3643.98,1361.33,1.2,0.0,58.56286622084004,-1.2,9999.0,0
96000,3600,1400,3689.26,1600.42,1.2,12.38,219.39809479573896,11.18,19.624158747382733,0
96000,3600,1400,3978.53,1356.9,1.2,16.35,380.975814061733,15.150000000000002,25.146918419916364,0
96000,3600,1400,4014.66,1292.39,1.2,13.99,428.39564388541567,12.79,33.494577317077066,0
96000,3600,1400,3639.32,1414.35,1.2,0.0,41.856718696047,-1.2,9999.0,0
96000,3600,1400,3610.53,1453.9,1.2,0.0,54.91894846043589,-1.2,9999.0,0
96000,3600,1400,3554.94,1468.84,1.2,0.0,82.27605483978911,-1.2,9999.0,0
96000,3600,1400,3809.96,968.32,1.2,3.1,480.032107259504,1.9,252.64847750500212,0
96000,3600,1400,3615.1,1441.42,1.2,7.98,44.08657845648722,6.78,6.502445200071861,0
96000,3600,1400,3709.56,1360.67,1.2,13.66,116.4055088902582,12.46,9.342336187019116,0
96000,3600,1400,3653.25,1333.37,1.2,0.0,85.29431047848394,-1.2,9999.0,0
96000,3600,1400,3418.38,1679.81,1.2,14.7,333.5857618364428,13.5,24.710056432329097,0
96000,3600,1400,3471.41,1376.52,1.2,5.34,130.7160988554969,4.14,31.573936921617612,0
96000,3600,1400,3630.85,1412.44,1.2,0.0,33.26373550880893,-1.2,9999.0,0
96000,3600,1400,3629.73,1408.02,1.2,13.64,30.792747522752837,12.44,2.4753012478097136,0
96000,3600,1400,3676.6,1337.21,1.2,7.32,99.04617155650178,6.12,16.184014960212707,0
96000,3600,1400,3577.74,1590.67,1.2,11.69,191.9649876930688,10.49,18.29980816902467,0
96000,3600,1400,3836.58,1333.61,1.2,13.23,245.71879964707625,12.03,20.425502880056214,0
96000,3600,1400,3516.46,1532.09,1.2,13.52,156.29043380834275,12.32,12.685911835092755,0
96000,3600,1400,3476.11,1385.54,1.2,12.65,124.73100536755074,11.45,10.893537586685655,0
96000,3600,1400,3897.98,1317.42,1.2,13.92,309.2111524508778,12.72,24.309052865635046,0
96000,3600,1400,3652.72,1388.7,1.2,9.88,53.91742204519777,8.680000000000001,6.211684567419097,0
96000,3600,1400,3715.4,1309.12,1.2,8.94,146.8888504958768,7.739999999999999,18.977887660965997,0
96000,3600,1400,3562.96,1516.92,1.2,7.92,122.6468426010226,6.72,18.25101824419979,0
96000,3600,1400,3604.35,1457.35,1.2,7.09,57.514737241858185,5.89,9.76481107671616,0
96000,3600,1400,3864.55,1373.78,1.2,3.79,265.84617902087683,2.59,102.64331236327291,0
96000,3600,1400,3487.16,1625.01,1.2,1.93,251.7188226970721,0.73,344.82030506448234,0
96000,3600,1400,3734.03,1286.46,1.2,0.0,175.65697395776817,-1.2,9999.0,0
97000,3600,1400,3640.64,1410.24,1.2,0.0,41.91022786862403,-1.2,9999.0,0
97000,3600,1400,3645.75,1333.57,1.2,0.0,80.65982519197527,-1.2,9999.0,0
97000,3600,1400,3673.03,1419.66,1.2,0.0,75.6299973555469,-1.2,9999.0,0
97000,3600,1400,3627.32,1429.03,1.2,0.0,39.86380940151113,-1.2,9999.0,0
97000,3600,1400,3662.76,1385.58,1.2,0.0,64.39529485917453,-1.2,9999.0,0
97000,3600,1400,3680.28,1418.17,1.2,0.0,82.3105540012946,-1.2,9999.0,0
97000,3600,1400,3641.18,1411.75,1.2,0.0,42.82353208225574,-1.2,9999.0,0
97000,3600,1400,3658.35,1420.38,1.2,0.0,61.8066897673706,-1.2,9999.0,0
97000,3600,1400,3550.66,1475.0,1.2,0.0,89.77435936836316,-1.2,9999.0,0
97000,3600,1400,4021.48,1294.21,1.2,12.52,434.5536957615249,11.32,38.388135667979235,0
97000,3600,1400,3631.53,1422.8,1.2,0.0,38.90990747868736,-1.2,9999.0,0
97000,3600,1400,3772.13,1672.4,1.2,12.79,322.22739936262417,11.59,27.802191489441256,0
97000,3600,1400,3665.7,1420.67,1.2,0.0,68.87480598883731,-1.2,9999.0,0
97000,3600,1400,3646.63,1376.07,1.2,0.0,52.41184789720749,-1.2,9999.0,0
97000,3600,1400,3725.72,1631.78,1.2,12.97,263.6806530635116,11.77,22.402774261980596,0
97000,3600,1400,3623.12,1435.25,1.2,0.0,42.15562714513918,-1.2,9999.0,0
97000,3600,1400,3677.52,1422.01,1.2,9.31,80.58405859721883,8.110000000000001,9.936382071173714,0
97000,3600,1400,3581.34,1470.85,1.2,0.0,73.26607741649597,-1.2,9999.0,0
97000,3600,1400,3694.78,1415.19,1.2,0.0,95.98950203017016,-1.2,9999.0,0
97000,3600,1400,3505.76,1542.94,1.2,12.71,171.21045879268,11.510000000000002,14.874931259138137,0
97000,3600,1400,3647.02,1408.17,1.2,0.0,47.72451466489732,-1.2,9999.0,0
97000,3600,1400,3575.04,1466.79,1.2,0.0,71.30151260667614,-1.2,9999.0,0
97000,3600,1400,3618.93,1441.47,1.2,0.0,45.58624573267683,-1.2,9999.0,0
97000,3600,1400,3641.61,1346.51,1.2,0.0,67.76851924013104,-1.2,9999.0,0
97000,3600,1400,3649.8,1382.79,1.2,0.0,52.68988612627683,-1.2,9999.0,0
97000,3600,1400,3687.53,1416.68,1.2,0.0,89.10512499289835,-1.2,9999.0,0
97000,3600,1400,3642.8,1353.92,1.2,0.0,62.89043170467197,-1.2,9999.0,0
97000,3600,1400,3645.13,1368.74,1.2,0.0,54.89903915370477,-1.2,9999.0,0
97000,3600,1400,3780.79,1400.79,1.2,24.31,180.79172602749276,23.11,7.823095024988869,0
97000,3600,1400,3435.03,1649.39,1.2,13.02,299.01584071751114,11.82,25.297448453258134,0
97000,3600,1400,3633.55,1414.17,1.2,0.0,36.41965678037088,-1.2,9999.0,0
97000,3600,1400,3635.66,1416.73,1.2,0.0,39.38944655615245,-1.2,9999.0,0
97000,3600,1400,3614.73,1447.68,1.2,0.0,49.90345979989771,-1.2,9999.0,0
97000,3600,1400,3666.41,1609.49,1.2,9.68,219.7643014686416,8.48,25.915601588283206,0
97000,3600,1400,3569.91,1467.31,1.2,0.0,73.72953410947339,-1.2,9999.0,0
97000,3600,1400,3667.15,1379.5,1.2,0.0,70.20949009927371,-1.2,9999.0,0
97000,3600,1400,3643.98,1361.33,1.2,0.0,58.56286622084004,-1.2,9999.0,0
97000,3600,1400,3685.53,1589.75,1.2,11.68,208.1356370254744,10.48,19.860270708537634,0
97000,3600,1400,3960.83,1360.53,1.2,18.07,362.9823271180017,16.87,21.516439070420965,0
97000,3600,1400,4027.37,1289.66,1.2,13.0,441.38422321147806,11.8,37.40544264504051,0
97000,3600,1400,3639.32,1414.35,1.2,0.0,41.856718696047,-1.2,9999.0,0
97000,3600,1400,3610.53,1453.9,1.2,0.0,54.91894846043589,-1.2,9999.0,0
97000,3600,1400,3554.94,1468.84,1.2,0.0,82.27605483978911,-1.2,9999.0,0
97000,3600,1400,3811.04,965.54,1.2,3.23,483.00452710093725,2.03,237.93326458174252,0
97000,3600,1400,3620.36,1433.63,1.2,9.4,39.31293044279468,8.200000000000001,4.794259810096912,0
97000,3600,1400,3701.65,1356.06,1.2,9.16,110.74044473452336,7.96,13.912116172678815,0
97000,3600,1400,3653.25,1333.37,1.2,0.0,85.29431047848394,-1.2,9999.0,0
97000,3600,1400,3410.3,1691.79,1.2,14.46,348.03375425380784,13.260000000000002,26.24688946107148,0
97000,3600,1400,3477.08,1382.01,1.2,7.89,124.2294912651582,6.69,18.56943068238538,0
97000,3600,1400,3630.85,1412.44,1.2,0.0,33.26373550880893,-1.2,9999.0,0
97000,3600,1400,3639.18,1397.71,1.2,13.46,39.24686611692693,12.260000000000002,3.201212570711821,0
97000,3600,1400,3680.21,1339.46,1.2,4.25,100.49246588675192,3.05,32.9483494710662,0
97000,3600,1400,3590.5,1589.67,1.2,12.81,189.9077641909357,11.61,16.35725789758275,0
97000,3600,1400,3823.86,1338.33,1.2,13.57,232.199243108155,12.37,18.771159507530722,0
97000,3600,1400,3508.78,1544.15,1.2,14.29,170.5881323539243,13.09,13.03194288418062,0
97000,3600,1400,3469.48,1379.1,1.2,9.25,132.18275379186196,8.05,16.420217862343097,0
97000,3600,1400,3910.62,1314.72,1.2,12.92,322.1140524721018,11.72,27.484134169974553,0
97000,3600,1400,3659.44,1379.24,1.2,11.56,62.96102921649237,10.36,6.077319422441349,0
97000,3600,1400,3709.62,1317.96,1.2,10.56,136.9200715746233,9.36,14.628212775066594,0
97000,3600,1400,3568.45,1508.59,1.2,9.98,113.08046073482365,8.780000000000001,12.879323546107475,0
97000,3600,1400,3609.62,1449.54,1.2,9.42,50.46539408347065,8.22,6.139342345921003,0
97000,3600,1400,3870.2,1375.88,1.2,5.1,271.2744263656268,3.9,69.55754522195559,0
97000,3600,1400,3489.07,1621.95,1.2,3.61,248.1275224556921,2.41,102.9574781973826,0
97000,3600,1400,3732.72,1288.47,1.2,2.39,173.35956650845648,1.1900000000000002,145.68030799029955,0
97000,3600,1400,3747.39,1397.85,1.2,0.0,147.40568035187778,-1.2,9999.0,0
98000,3600,1400,3640.64,1410.24,1.2,0.0,41.91022786862403,-1.2,9999.0,0
98000,3600,1400,3645.75,1333.57,1.2,0.0,80.65982519197527,-1.2,9999.0,0
98000,3600,1400,3673.03,1419.66,1.2,0.0,75.6299973555469,-1.2,9999.0,0
98000,3600,1400,3627.32,1429.03,1.2,0.0,39.86380940151113,-1.2,9999.0,0
98000,3600,1400,3662.76,1385.58,1.2,0.0,64.39529485917453,-1.2,9999.0,0
98000,3600,1400,3680.28,1418.17,1.2,0.0,82.3105540012946,-1.2,9999.0,0
98000,3600,1400,3641.18,1411.75,1.2,0.0,42.82353208225574,-1.2,9999.0,0
98000,3600,1400,3658.35,1420.38,1.2,0.0,61.8066897673706,-1.2,9999.0,0
98000,3600,1400,3550.66,1475.0,1.2,0.0,89.77435936836316,-1.2,9999.0,0
98000,3600,1400,4010.01,1296.67,1.2,11.74,422.8300947189073,10.54,40.11670727883371,0
98000,3600,1400,3631.53,1422.8,1.2,0.0,38.90990747868736,-1.2,9999.0,0
98000,3600,1400,3784.55,1670.11,1.2,12.7,327.13623247815275,11.5,28.446628911143716,0
98000,3600,1400,3665.7,1420.67,1.2,0.0,68.87480598883731,-1.2,9999.0,0
98000,3600,1400,3646.63,1376.07,1.2,0.0,52.41184789720749,-1.2,9999.0,0
98000,3600,1400,3730.46,1644.27,1.2,13.51,276.9253410217274,12.31,22.495965964397023,0
98000,3600,1400,3623.12,1435.25,1.2,0.0,42.15562714513918,-1.2,9999.0,0
98000,3600,1400,3666.82,1423.77,1.2,10.71,70.92196627279887,9.510000000000002,7.45762000765498,0
98000,3600,1400,3581.34,1470.85,1.2,0.0,73.26607741649597,-1.2,9999.0,0
98000,3600,1400,3694.78,1415.19,1.2,0.0,95.98950203017016,-1.2,9999.0,0
98000,3600,1400,3512.76,1531.96,1.2,13.03,158.19057873337454,11.83,13.371984677377391,0
98000,3600,1400,3647.02,1408.17,1.2,0.0,47.72451466489732,-1.2,9999.0,0
98000,3600,1400,3575.04,1466.79,1.2,0.0,71.30151260667614,-1.2,9999.0,0
98000,3600,1400,3618.93,1441.47,1.2,0.0,45.58624573267683,-1.2,9999.0,0
98000,3600,1400,3641.61,1346.51,1.2,0.0,67.76851924013104,-1.2,9999.0,0
98000,3600,1400,3649.8,1382.79,1.2,0.0,52.68988612627683,-1.2,9999.0,0
98000,3600,1400,3687.53,1416.68,1.2,0.0,89.10512499289835,-1.2,9999.0,0
98000,3600,1400,3642.8,1353.92,1.2,0.0,62.89043170467197,-1.2,9999.0,0
98000,3600,1400,3645.13,1368.74,1.2,0.0,54.89903915370477,-1.2,9999.0,0
98000,3600,1400,3757.22,1405.64,1.2,24.07,157.321130176464,22.87,6.878930047068824,0
98000,3600,1400,3442.45,1638.39,1.2,13.27,285.74778144370623,12.07,23.674215529718825,0
98000,3600,1400,3633.55,1414.17,1.2,0.0,36.41965678037088,-1.2,9999.0,0
98000,3600,1400,3635.66,1416.73,1.2,0.0,39.38944655615245,-1.2,9999.0,0
98000,3600,1400,3614.73,1447.68,1.2,0.0,49.90345979989771,-1.2,9999.0,0
98000,3600,1400,3657.05,1616.48,1.2,12.06,223.87115245158324,10.86,20.61428659775168,0
98000,3600,1400,3569.91,1467.31,1.2,0.0,73.72953410947339,-1.2,9999.0,0
98000,3600,1400,3667.15,1379.5,1.2,0.0,70.20949009927371,-1.2,9999.0,0
98000,3600,1400,3643.98,1361.33,1.2,0.0,58.56286622084004,-1.2,9999.0,0
98000,3600,1400,3674.07,1588.97,1.2,11.9,202.96804132670744,10.7,18.96897582492593,0
98000,3600,1400,3941.17,1364.57,1.2,20.07,343.00474311589346,18.87,18.177251887434736,0
98000,3600,1400,4040.33,1286.9,1.2,13.24,454.62305143932144,12.04,37.759389654428695,0
98000,3600,1400,3639.32,1414.35,1.2,0.0,41.856718696047,-1.2,9999.0,0
98000,3600,1400,3610.53,1453.9,1.2,0.0,54.91894846043589,-1.2,9999.0,0
98000,3600,1400,3554.94,1468.84,1.2,0.0,82.27605483978911,-1.2,9999.0,0
98000,3600,1400,3813.05,966.9,1.2,2.74,482.6654250099131,1.5400000000000005,313.4191071492941,0
98000,3600,1400,3623.1,1429.57,1.2,4.9,37.52325812079745,3.7,10.14142111372904,0
98000,3600,1400,3697.62,1353.72,1.2,4.66,108.03472960117952,3.46,31.223910289358244,0
98000,3600,1400,3653.25,1333.37,1.2,0.0,85.29431047848394,-1.2,9999.0,0
98000,3600,1400,3402.29,1703.7,1.2,14.34,362.3850632959367,13.14,27.578771940330036,0
98000,3600,1400,3484.12,1388.85,1.2,9.81,116.41519187803638,8.610000000000001,13.520928208831169,0
98000,3600,1400,3630.85,1412.44,1.2,0.0,33.26373550880893,-1.2,9999.0,0
98000,3600,1400,3651.56,1395.9,1.2,11.01,51.72275708041861,9.81,5.272452301775597,0
98000,3600,1400,3680.62,1339.72,1.2,0.49,100.66410879752516,-0.71,9999.0,0
98000,3600,1400,3603.74,1589.57,1.2,13.23,189.60688937905175,12.03,15.761171186953597,0
98000,3600,1400,3811.81,1342.96,1.2,12.91,219.35596116814327,11.71,18.732362183445197,0
98000,3600,1400,3501.36,1555.81,1.2,13.83,184.4088004949871,12.63,14.600855146079738,0
98000,3600,1400,3465.39,1375.13,1.2,5.7,136.88816238082833,4.5,30.419591640184073,0
98000,3600,1400,3923.58,1311.95,1.2,13.25,335.34581986361474,12.05,27.829528619387112,0
98000,3600,1400,3667.08,1368.69,1.2,13.03,74.02730915006966,11.83,6.257591644130994,0
98000,3600,1400,3702.98,1328.11,1.2,12.14,125.59081375642096,10.94,11.479964694371203,0
98000,3600,1400,3575.06,1498.57,1.2,12.0,101.67619436229892,10.8,9.414462440953603,0
98000,3600,1400,3615.28,1441.16,1.2,10.11,43.90471500875518,8.91,4.927577442060065,0
98000,3600,1400,3876.58,1374.57,1.2,6.51,277.7466134807047,5.31,52.30633022235494,0
98000,3600,1400,3494.89,1618.64,1.2,5.89,242.5934081956888,4.69,51.72567338927266,0
98000,3600,1400,3730.59,1291.73,1.2,3.89,169.63531766704725,2.6900000000000004,63.06145638180194,0
98000,3600,1400,3749.86,1397.34,1.2,2.52,149.8836055077407,1.32,113.54818599071264,0
98000,3600,1400,3656.54,1407.92,1.2,0.0,57.09201345197064,-1.2,9999.0,0
99000,3600,1400,3640.64,1410.24,1.2,0.0,41.91022786862403,-1.2,9999.0,0
99000,3600,1400,3645.75,1333.57,1.2,0.0,80.65982519197527,-1.2,9999.0,0
99000,3600,1400,3673.03,1419.66,1.2,0.0,75.6299973555469,-1.2,9999.0,0
99000,3600,1400,3627.32,1429.03,1.2,0.0,39.86380940151113,-1.2,9999.0,0
99000,3600,1400,3662.76,1385.58,1.2,0.0,64.39529485917453,-1.2,9999.0,0
99000,3600,1400,3680.28,1418.17,1.2,0.0,82.3105540012946,-1.2,9999.0,0
99000,3600,1400,3641.18,1411.75,1.2,0.0,42.82353208225574,-1.2,9999.0,0
99000,3600,1400,3658.35,1420.38,1.2,0.0,61.8066897673706,-1.2,9999.0,0
99000,3600,1400,3550.66,1475.0,1.2,0.0,89.77435936836316,-1.2,9999.0,0
99000,3600,1400,3998.68,1299.1,1.2,11.59,411.24998772036446,10.39,39.58132701832189,0
99000,3600,1400,3631.53,1422.8,1.2,0.0,38.90990747868736,-1.2,9999.0,0
99000,3600,1400,3796.63,1669.55,1.2,12.08,333.6473578495715,10.88,30.666117449409143,0
99000,3600,1400,3665.7,1420.67,1.2,0.0,68.87480598883731,-1.2,9999.0,0
99000,3600,1400,3646.63,1376.07,1.2,0.0,52.41184789720749,-1.2,9999.0,0
99000,3600,1400,3733.64,1657.32,1.2,13.46,289.95384460289523,12.260000000000002,23.65039515521168,0
99000,3600,1400,3623.12,1435.25,1.2,0.0,42.15562714513918,-1.2,9999.0,0
99000,3600,1400,3581.34,1470.85,1.2,0.0,73.26607741649597,-1.2,9999.0,0
99000,3600,1400,3694.78,1415.19,1.2,0.0,95.98950203017016,-1.2,9999.0,0
99000,3600,1400,3519.62,1521.18,1.2,12.78,145.41505011517904,11.58,12.557430925317707,0
99000,3600,1400,3647.02,1408.17,1.2,0.0,47.72451466489732,-1.2,9999.0,0
99000,3600,1400,3575.04,1466.79,1.2,0.0,71.30151260667614,-1.2,9999.0,0
99000,3600,1400,3618.93,1441.47,1.2,0.0,45.58624573267683,-1.2,9999.0,0
99000,3600,1400,3641.61,1346.51,1.2,0.0,67.76851924013104,-1.2,9999.0,0
99000,3600,1400,3649.8,1382.79,1.2,0.0,52.68988612627683,-1.2,9999.0,0
99000,3600,1400,3687.53,1416.68,1.2,0.0,89.10512499289835,-1.2,9999.0,0
99000,3600,1400,3642.8,1353.92,1.2,0.0,62.89043170467197,-1.2,9999.0,0
99000,3600,1400,3645.13,1368.74,1.2,0.0,54.89903915370477,-1.2,9999.0,0
99000,3600,1400,3737.41,1409.71,1.2,20.23,137.752648613375,19.03,7.238709858821596,0
99000,3600,1400,3449.99,1627.21,1.2,13.49,272.2634463162473,12.29,22.153250310516466,0
99000,3600,1400,3633.55,1414.17,1.2,0.0,36.41965678037088,-1.2,9999.0,0
99000,3600,1400,3635.66,1416.73,1.2,0.0,39.38944655615245,-1.2,9999.0,0
99000,3600,1400,3614.73,1447.68,1.2,0.0,49.90345979989771,-1.2,9999.0,0
99000,3600,1400,3644.29,1621.38,1.2,13.71,225.7669340271069,12.510000000000002,18.046917188417815,0
99000,3600,1400,3569.91,1467.31,1.2,0.0,73.72953410947339,-1.2,9999.0,0
99000,3600,1400,3667.15,1379.5,1.2,0.0,70.20949009927371,-1.2,9999.0,0
99000,3600,1400,3643.98,1361.33,1.2,0.0,58.56286622084004,-1.2,9999.0,0
99000,3600,1400,3919.23,1369.08,1.2,22.4,320.72393003952794,21.2,15.128487266015469,0
99000,3600,1400,4053.46,1284.23,1.2,13.4,468.00498341363846,12.2,38.36106421423266,0
99000,3600,1400,3639.32,1414.35,1.2,0.0,41.856718696047,-1.2,9999.0,0
99000,3600,1400,3610.53,1453.9,1.2,0.0,54.91894846043589,-1.2,9999.0,0
99000,3600,1400,3554.94,1468.84,1.2,0.0,82.27605483978911,-1.2,9999.0,0
99000,3600,1400,3813.41,971.32,1.2,4.45,478.86362411442354,3.25,147.34265357366877,0
99000,3600,1400,3623.32,1429.24,1.2,0.4,37.40053475553536,-0.7999999999999999,9999.0,0
99000,3600,1400,3697.32,1353.55,1.2,0.35,107.83684388927578,-0.85,9999.0,0
99000,3600,1400,3653.25,1333.37,1.2,0.0,85.29431047848394,-1.2,9999.0,0
99000,3600,1400,3394.02,1716.06,1.2,14.88,377.2554625184372,13.68,27.577153692868215,0
99000,3600,1400,3492.18,1396.67,1.2,11.23,107.87141094840668,10.03,10.754876465444335,0
99000,3600,1400,3630.85,1412.44,1.2,0.0,33.26373550880893,-1.2,9999.0,0
99000,3600,1400,3657.61,1387.32,1.2,10.55,58.98893540317553,9.35,6.3089770484679715,0
99000,3600,1400,3680.62,1339.73,1.2,0.0,100.6581208845068,-1.2,9999.0,0
99000,3600,1400,3617.12,1589.2,1.2,13.39,189.972983342369,12.19,15.58433005269639,0
99000,3600,1400,3799.32,1348.07,1.2,13.5,205.9737539105409,12.3,16.745833651263485,0
99000,3600,1400,3494.01,1567.34,1.2,13.68,198.0821943032738,12.48,15.871970697377709,0
99000,3600,1400,3464.56,1371.99,1.2,3.62,138.3060146920589,2.42,57.15124574052021,0
99000,3600,1400,3936.47,1309.19,1.2,13.17,348.5089912756913,11.97,29.115203949514726,0
99000,3600,1400,3675.93,1356.48,1.2,15.09,87.51774277253712,13.89,6.3007734177492525,0
99000,3600,1400,3698.22,1335.41,1.2,8.71,117.55439804618096,7.510000000000001,15.653049007480819,0
99000,3600,1400,3582.5,1487.29,1.2,13.51,89.02692907205096,12.31,7.2320819717344405,0
99000,3600,1400,3618.44,1436.47,1.2,5.65,40.86678969530154,4.45,9.183548246135178,0
99000,3600,1400,3884.65,1372.91,1.2,8.24,285.9361652537154,7.04,40.61593256444821,0
99000,3600,1400,3498.96,1612.16,1.2,7.63,234.9913768630671,6.43,36.546092824738274,0
99000,3600,1400,3727.18,1296.94,1.2,6.23,163.69519235457082,5.03,32.543775816018055,0
99000,3600,1400,3754.88,1396.31,1.2,5.12,154.9239506983992,3.92,39.521415994489594,0
99000,3600,1400,3653.29,1407.08,1.2,0.0,53.75825983046694,-1.2,9999.0,0
100000,3600,1400,3640.64,1410.24,1.2,0.0,41.91022786862403,-1.2,9999.0,0
100000,3600,1400,3645.75,1333.57,1.2,0.0,80.65982519197527,-1.2,9999.0,0
100000,3600,1400,3673.03,1419.66,1.2,0.0,75.6299973555469,-1.2,9999.0,0
100000,3600,1400,3627.32,1429.03,1.2,0.0,39.86380940151113,-1.2,9999.0,0
100000,3600,1400,3662.76,1385.58,1.2,0.0,64.39529485917453,-1.2,9999.0,0
100000,3600,1400,3680.28,1418.17,1.2,0.0,82.3105540012946,-1.2,9999.0,0
100000,3600,1400,3641.18,1411.75,1.2,0.0,42.82353208225574,-1.2,9999.0,0
100000,3600,1400,3658.35,1420.38,1.2,0.0,61.8066897673706,-1.2,9999.0,0
100000,3600,1400,3550.66,1475.0,1.2,0.0,89.77435936836316,-1.2,9999.0,0
100000,3600,1400,3986.32,1301.76,1.2,12.64,398.6154036160672,11.44,34.84400381259329,0
100000,3600,1400,3631.53,1422.8,1.2,0.0,38.90990747868736,-1.2,9999.0,0
100000,3600,1400,3809.21,1668.95,1.2,12.6,340.73879526699045,11.4,29.889368005876353,0
100000,3600,1400,3665.7,1420.67,1.2,0.0,68.87480598883731,-1.2,9999.0,0
100000,3600,1400,3646.63,1376.07,1.2,0.0,52.41184789720749,-1.2,9999.0,0
100000,3600,1400,3739.14,1668.4,1.2,12.47,302.32184770538834,11.27,26.82536359408947,0
100000,3600,1400,3623.12,1435.25,1.2,0.0,42.15562714513918,-1.2,9999.0,0
100000,3600,1400,3581.34,1470.85,1.2,0.0,73.26607741649597,-1.2,9999.0,0
100000,3600,1400,3694.78,1415.19,1.2,0.0,95.98950203017016,-1.2,9999.0,0
100000,3600,1400,3526.39,1510.56,1.2,12.6,132.8229863389617,11.4,11.6511391525405,0
100000,3600,1400,3647.02,1408.17,1.2,0.0,47.72451466489732,-1.2,9999.0,0
100000,3600,1400,3575.04,1466.79,1.2,0.0,71.30151260667614,-1.2,9999.0,0
100000,3600,1400,3618.93,1441.47,1.2,0.0,45.58624573267683,-1.2,9999.0,0
100000,3600,1400,3641.61,1346.51,1.2,0.0,67.76851924013104,-1.2,9999.0,0
100000,3600,1400,3649.8,1382.79,1.2,0.0,52.68988612627683,-1.2,9999.0,0
100000,3600,1400,3687.53,1416.68,1.2,0.0,89.10512499289835,-1.2,9999.0,0
100000,3600,1400,3642.8,1353.92,1.2,0.0,62.89043170467197,-1.2,9999.0,0
100000,3600,1400,3645.13,1368.74,1.2,0.0,54.89903915370477,-1.2,9999.0,0
100000,3600,1400,3721.83,1412.91,1.2,15.73,122.51210960554056,14.53,8.431666180697905,0
100000,3600,1400,3457.52,1616.56,1.2,13.05,259.2272825147847,11.85,21.875720043441746,0
100000,3600,1400,3633.55,1414.17,1.2,0.0,36.41965678037088,-1.2,9999.0,0
100000,3600,1400,3635.66,1416.73,1.2,0.0,39.38944655615245,-1.2,9999.0,0
100000,3600,1400,3614.73,1447.68,1.2,0.0,49.90345979989771,-1.2,9999.0,0
100000,3600,1400,3630.01,1625.22,1.2,14.8,227.21058183984303,13.6,16.706660429400223,0
100000,3600,1400,3569.91,1467.31,1.2,0.0,73.72953410947339,-1.2,9999.0,0
100000,3600,1400,3667.15,1379.5,1.2,0.0,70.20949009927371,-1.2,9999.0,0
100000,3600,1400,3643.98,1361.33,1.2,0.0,58.56286622084004,-1.2,9999.0,0
100000,3600,1400,3895.56,1373.94,1.2,24.16,296.70665176230875,22.96,12.922763578497767,0
100000,3600,1400,4067.13,1281.44,1.2,13.95,481.94077488836746,12.75,37.79927646183274,0
100000,3600,1400,3639.32,1414.35,1.2,0.0,41.856718696047,-1.2,9999.0,0
100000,3600,1400,3610.53,1453.9,1.2,0.0,54.91894846043589,-1.2,9999.0,0
100000,3600,1400,3554.94,1468.84,1.2,0.0,82.27605483978911,-1.2,9999.0,0
100000,3600,1400,3813.96,977.84,1.2,6.57,473.2842139771831,5.37,88.13486293802292,0
100000,3600,1400,3623.32,1429.24,1.2,0.0,37.40053475553536,-1.2,9999.0,0
100000,3600,1400,3697.3,1353.53,1.2,0.03,107.82741256285452,-1.17,9999.0,0
100000,3600,1400,3653.25,1333.37,1.2,0.0,85.29431047848394,-1.2,9999.0,0
100000,3600,1400,3386.32,1727.58,1.2,13.86,391.1109801578062,12.66,30.89344235053761,0
100000,3600,1400,3501.54,1405.76,1.2,13.05,98.62833872675746,11.85,8.32306655922004,0
100000,3600,1400,3630.85,1412.44,1.2,0.0,33.26373550880893,-1.2,9999.0,0
100000,3600,1400,3665.09,1376.9,1.2,12.84,69.06748945777612,11.64,5.933633114929219,0
100000,3600,1400,3680.62,1339.73,1.2,0.0,100.6581208845068,-1.2,9999.0,0
100000,3600,1400,3630.37,1588.53,1.2,13.27,190.9604613526056,12.07,15.82108213360444,0
100000,3600,1400,3786.95,1353.7,1.2,13.59,192.5980075182501,12.39,15.544633375161428,0
100000,3600,1400,3486.4,1579.16,1.2,14.06,212.13973130934244,12.86,16.496091081597392,0
100000,3600,1400,3467.27,1372.5,1.2,2.98,135.54889486823566,1.78,76.15106453271666,0
100000,3600,1400,3949.76,1306.34,1.2,13.59,362.0832130878207,12.39,29.223826722180846,0
100000,3600,1400,3685.58,1342.78,1.2,16.8,102.94690281888032,15.6,6.599160437107713,0
100000,3600,1400,3694.58,1340.97,1.2,6.64,111.48953897115184,5.44,20.49440054616762,0
100000,3600,1400,3590.58,1474.36,1.2,15.26,74.95429273897518,14.06,5.3310307780209945,0
100000,3600,1400,3619.1,1435.49,1.2,1.19,40.30322691795283,-0.01,9999.0,0
100000,3600,1400,3894.14,1370.96,1.2,9.69,295.57006140676685,8.49,34.8139059371928,0
100000,3600,1400,3503.86,1604.45,1.2,9.13,225.9263200691765,7.930000000000001,28.490078192834364,0
100000,3600,1400,3722.56,1304.01,1.2,8.45,155.6760537141149,7.249999999999999,21.472559132981367,0
100000,3600,1400,3762.42,1394.77,1.2,7.7,162.50418240771535,6.5,25.000643447340824,0
100000,3600,1400,3653.29,1407.08,1.2,0.0,53.75825983046694,-1.2,9999.0,0
101000,3600,1400,3640.64,1410.24,1.2,0.0,41.91022786862403,-1.2,9999.0,0
101000,3600,1400,3645.75,1333.57,1.2,0.0,80.65982519197527,-1.2,9999.0,0
101000,3600,1400,3673.03,1419.66,1.2,0.0,75.6299973555469,-1.2,9999.0,0
101000,3600,1400,3627.32,1429.03,1.2,0.0,39.86380940151113,-1.2,9999.0,0
101000,3600,1400,3662.76,1385.58,1.2,0.0,64.39529485917453,-1.2,9999.0,0
101000,3600,1400,3680.28,1418.17,1.2,0.0,82.3105540012946,-1.2,9999.0,0
101000,3600,1400,3641.18,1411.75,1.2,0.0,42.82353208225574,-1.2,9999.0,0
101000,3600,1400,3658.35,1420.38,1.2,0.0,61.8066897673706,-1.2,9999.0,0
101000,3600,1400,3550.66,1475.0,1.2,0.0,89.77435936836316,-1.2,9999.0,0
101000,3600,1400,3975.1,1304.17,1.2,11.48,387.14777398301015,10.28,37.66028929795819,0
101000,3600,1400,3631.53,1422.8,1.2,0.0,38.90990747868736,-1.2,9999.0,0
101000,3600,1400,3821.08,1668.4,1.2,11.89,347.7282364145886,10.69,32.52836636244982,0
101000,3600,1400,3665.7,1420.67,1.2,0.0,68.87480598883731,-1.2,9999.0,0
101000,3600,1400,3646.63,1376.07,1.2,0.0,52.41184789720749,-1.2,9999.0,0
101000,3600,1400,3749.31,1675.06,1.2,12.47,312.97201104891144,11.27,27.77036477807555,0
101000,3600,1400,3623.12,1435.25,1.2,0.0,42.15562714513918,-1.2,9999.0,0
101000,3600,1400,3581.34,1470.85,1.2,0.0,73.26607741649597,-1.2,9999.0,0
101000,3600,1400,3694.78,1415.19,1.2,0.0,95.98950203017016,-1.2,9999.0,0
101000,3600,1400,3533.72,1499.4,1.2,13.35,119.47132877807982,12.15,9.833031175150602,0
101000,3600,1400,3647.02,1408.17,1.2,0.0,47.72451466489732,-1.2,9999.0,0
101000,3600,1400,3575.04,1466.79,1.2,0.0,71.30151260667614,-1.2,9999.0,0
101000,3600,1400,3618.93,1441.47,1.2,0.0,45.58624573267683,-1.2,9999.0,0
101000,3600,1400,3641.61,1346.51,1.2,0.0,67.76851924013104,-1.2,9999.0,0
101000,3600,1400,3649.8,1382.79,1.2,0.0,52.68988612627683,-1.2,9999.0,0
101000,3600,1400,3687.53,1416.68,1.2,0.0,89.10512499289835,-1.2,9999.0,0
101000,3600,1400,3642.8,1353.92,1.2,0.0,62.89043170467197,-1.2,9999.0,0
101000,3600,1400,3645.13,1368.74,1.2,0.0,54.89903915370477,-1.2,9999.0,0
101000,3600,1400,3704.55,1416.46,1.2,17.41,105.83777255781624,16.21,6.529165487835671,0
101000,3600,1400,3465.38,1605.13,1.2,13.87,245.358638119794,12.67,19.365322661388635,0
101000,3600,1400,3633.55,1414.17,1.2,0.0,36.41965678037088,-1.2,9999.0,0
101000,3600,1400,3635.66,1416.73,1.2,0.0,39.38944655615245,-1.2,9999.0,0
101000,3600,1400,3614.73,1447.68,1.2,0.0,49.90345979989771,-1.2,9999.0,0
101000,3600,1400,3615.89,1628.01,1.2,14.39,228.56301581839523,13.19,17.32850764354778,0
101000,3600,1400,3569.91,1467.31,1.2,0.0,73.72953410947339,-1.2,9999.0,0
101000,3600,1400,3667.15,1379.5,1.2,0.0,70.20949009927371,-1.2,9999.0,0
101000,3600,1400,3643.98,1361.33,1.2,0.0,58.56286622084004,-1.2,9999.0,0
101000,3600,1400,3871.13,1378.96,1.2,24.95,271.9451387688334,23.75,11.450321632371931,0
101000,3600,1400,4081.12,1279.56,1.2,14.16,495.96597463938986,12.96,38.26897952464428,0
101000,3600,1400,3639.32,1414.35,1.2,0.0,41.856718696047,-1.2,9999.0,0
101000,3600,1400,3610.53,1453.9,1.2,0.0,54.91894846043589,-1.2,9999.0,0
101000,3600,1400,3554.94,1468.84,1.2,0.0,82.27605483978911,-1.2,9999.0,0
101000,3600,1400,3815.74,986.37,1.2,8.75,466.5120839806831,7.55,61.78967999744147,0
101000,3600,1400,3623.32,1429.24,1.2,0.0,37.40053475553536,-1.2,9999.0,0
101000,3600,1400,3697.3,1353.53,1.2,0.0,107.82741256285452,-1.2,9999.0,0
101000,3600,1400,3653.25,1333.37,1.2,0.0,85.29431047848394,-1.2,9999.0,0
101000,3600,1400,3379.22,1738.19,1.2,12.77,403.87657087283503,11.57,34.90722306593215,0
101000,3600,1400,3511.46,1415.39,1.2,13.83,89.8675898196897,12.63,7.1154069532612585,0
101000,3600,1400,3630.85,1412.44,1.2,0.0,33.26373550880893,-1.2,9999.0,0
101000,3600,1400,3673.58,1365.18,1.2,14.47,81.40300240163127,13.27,6.134363406302281,0
101000,3600,1400,3680.62,1339.73,1.2,0.0,100.6581208845068,-1.2,9999.0,0
101000,3600,1400,3642.7,1587.9,1.2,12.35,192.6906847774433,11.15,17.28167576479312,0
101000,3600,1400,3775.09,1359.1,1.2,13.03,179.80355419179023,11.83,15.198947945206275,0
101000,3600,1400,3478.82,1590.67,1.2,13.78,225.91954607780173,12.58,17.95862846405419,0
101000,3600,1400,3470.93,1376.04,1.2,5.09,131.2750795086411,3.89,33.74680707163011,0
101000,3600,1400,3962.78,1303.54,1.2,13.32,375.3849490856022,12.12,30.972355535115696,0
101000,3600,1400,3695.64,1327.65,1.2,18.2,119.92302572900653,17.0,7.0542956311180305,0
101000,3600,1400,3691.81,1343.97,1.2,4.1,107.5566687844133,2.8999999999999995,37.0885064773839,0
101000,3600,1400,3599.02,1459.53,1.2,17.39,59.53806597463505,16.19,3.677459294294938,0
101000,3600,1400,3619.1,1435.49,1.2,0.0,40.30322691795283,-1.2,9999.0,0
101000,3600,1400,3905.05,1368.72,1.2,11.14,306.6495408442676,9.94,30.850054410892117,0
101000,3600,1400,3509.62,1595.09,1.2,11.05,215.00849401825965,9.85,21.828273504391845,0
101000,3600,1400,3717.16,1312.27,1.2,9.87,146.36604285147553,8.67,16.88189652266154,0
101000,3600,1400,3772.41,1395.97,1.2,9.55,172.4570932145151,8.350000000000001,20.653544097546717,0
101000,3600,1400,3653.29,1407.08,1.2,0.0,53.75825983046694,-1.2,9999.0,0
102000,3600,1400,3640.64,1410.24,1.2,0.0,41.91022786862403,-1.2,9999.0,0
102000,3600,1400,3497.97,1607.76,1.2,0.0,231.4613110219504,-1.2,9999.0,0
102000,3600,1400,3645.75,1333.57,1.2,0.0,80.65982519197527,-1.2,9999.0,0
102000,3600,1400,3673.03,1419.66,1.2,0.0,75.6299973555469,-1.2,9999.0,0
102000,3600,1400,3627.32,1429.03,1.2,0.0,39.86380940151113,-1.2,9999.0,0
102000,3600,1400,3662.76,1385.58,1.2,0.0,64.39529485917453,-1.2,9999.0,0
102000,3600,1400,3680.28,1418.17,1.2,0.0,82.3105540012946,-1.2,9999.0,0
102000,3600,1400,3641.18,1411.75,1.2,0.0,42.82353208225574,-1.2,9999.0,0
102000,3600,1400,3658.35,1420.38,1.2,0.0,61.8066897673706,-1.2,9999.0,0
102000,3600,1400,3550.66,1475.0,1.2,0.0,89.77435936836316,-1.2,9999.0,0
102000,3600,1400,3963.47,1306.67,1.2,11.89,375.2611488017376,10.69,35.10394282523271,0
102000,3600,1400,3631.53,1422.8,1.2,0.0,38.90990747868736,-1.2,9999.0,0
102000,3600,1400,3832.87,1667.84,1.2,11.8,354.9178813472208,10.6,33.482818995020835,0
102000,3600,1400,3665.7,1420.67,1.2,0.0,68.87480598883731,-1.2,9999.0,0
102000,3600,1400,3646.63,1376.07,1.2,0.0,52.41184789720749,-1.2,9999.0,0
102000,3600,1400,3761.38,1675.24,1.2,13.17,319.06200337865374,11.97,26.655138126871655,0
102000,3600,1400,3623.12,1435.25,1.2,0.0,42.15562714513918,-1.2,9999.0,0
102000,3600,1400,3581.34,1470.85,1.2,0.0,73.26607741649597,-1.2,9999.0,0
102000,3600,1400,3694.78,1415.19,1.2,0.0,95.98950203017016,-1.2,9999.0,0
102000,3600,1400,3540.05,1490.29,1.2,11.1,108.3802869529324,9.9,10.947503732619433,0
102000,3600,1400,3647.02,1408.17,1.2,0.0,47.72451466489732,-1.2,9999.0,0
102000,3600,1400,3575.04,1466.79,1.2,0.0,71.30151260667614,-1.2,9999.0,0
102000,3600,1400,3618.93,1441.47,1.2,0.0,45.58624573267683,-1.2,9999.0,0
102000,3600,1400,3641.61,1346.51,1.2,0.0,67.76851924013104,-1.2,9999.0,0
102000,3600,1400,3649.8,1382.79,1.2,0.0,52.68988612627683,-1.2,9999.0,0
102000,3600,1400,3687.53,1416.68,1.2,0.0,89.10512499289835,-1.2,9999.0,0
102000,3600,1400,3642.8,1353.92,1.2,0.0,62.89043170467197,-1.2,9999.0,0
102000,3600,1400,3645.13,1368.74,1.2,0.0,54.89903915370477,-1.2,9999.0,0
102000,3600,1400,3691.74,1419.09,1.2,12.91,93.70515300665144,11.71,8.002147993736246,0
102000,3600,1400,3472.73,1594.09,1.2,13.27,232.0960598545352,12.07,19.22916817353233,0
102000,3600,1400,3633.55,1414.17,1.2,0.0,36.41965678037088,-1.2,9999.0,0
102000,3600,1400,3635.66,1416.73,1.2,0.0,39.38944655615245,-1.2,9999.0,0
102000,3600,1400,3614.73,1447.68,1.2,0.0,49.90345979989771,-1.2,9999.0,0
102000,3600,1400,3601.62,1630.83,1.2,14.54,230.8356846330306,13.34,17.30402433530964,0
102000,3600,1400,3569.91,1467.31,1.2,0.0,73.72953410947339,-1.2,9999.0,0
102000,3600,1400,3667.15,1379.5,1.2,0.0,70.20949009927371,-1.2,9999.0,0
102000,3600,1400,3643.98,1361.33,1.2,0.0,58.56286622084004,-1.2,9999.0,0
102000,3600,1400,3847.13,1383.9,1.2,24.5,247.6538852915497,23.3,10.628922115517154,0
102000,3600,1400,4093.6,1283.8,1.2,13.43,507.0930881011887,12.23,41.4630489044308,0
102000,3600,1400,3639.32,1414.35,1.2,0.0,41.856718696047,-1.2,9999.0,0
102000,3600,1400,3610.53,1453.9,1.2,0.0,54.91894846043589,-1.2,9999.0,0
102000,3600,1400,3554.94,1468.84,1.2,0.0,82.27605483978911,-1.2,9999.0,0
102000,3600,1400,3817.89,996.19,1.2,10.1,458.8448193016893,8.9,51.55559767434711,0
102000,3600,1400,3623.32,1429.24,1.2,0.0,37.40053475553536,-1.2,9999.0,0
102000,3600,1400,3697.3,1353.53,1.2,0.0,107.82741256285452,-1.2,9999.0,0
102000,3600,1400,3653.25,1333.37,1.2,0.0,85.29431047848394,-1.2,9999.0,0
102000,3600,1400,3374.62,1745.06,1.2,8.27,412.14384382154736,7.069999999999999,58.294744529214626,0
102000,3600,1400,3520.89,1424.55,1.2,13.14,82.831724598731,11.94,6.9373303684029315,0
102000,3600,1400,3630.85,1412.44,1.2,0.0,33.26373550880893,-1.2,9999.0,0
102000,3600,1400,3679.75,1356.64,1.2,10.54,90.77528353026496,9.34,9.718981106024085,0
102000,3600,1400,3681.93,1340.31,1.2,1.43,101.36775128215078,0.2299999999999999,440.7293534006557,0
102000,3600,1400,3655.44,1587.25,1.2,12.76,195.2848076528228,11.56,16.893149450936228,0
102000,3600,1400,3762.62,1364.78,1.2,13.7,166.39024250237742,12.5,13.311219400190193,0
102000,3600,1400,3471.23,1602.15,1.2,13.77,239.679651618572,12.57,19.0675936052961,0
102000,3600,1400,3476.24,1381.2,1.2,7.4,125.17978111500295,6.2,20.19028727661338,0
102000,3600,1400,3976.0,1300.7,1.2,13.52,388.8913601508781,12.32,31.56585715510374,0
102000,3600,1400,3706.44,1311.11,1.2,19.75,138.67554110224353,18.55,7.475770409824449,0
102000,3600,1400,3686.66,1345.24,1.2,5.47,102.51152715670553,4.27,24.007383409064527,0
102000,3600,1400,3606.23,1448.84,1.2,12.89,49.23574412964622,11.69,4.211783073536888,0
102000,3600,1400,3619.12,1435.46,1.2,0.03,40.28630040100479,-1.17,9999.0,0
102000,3600,1400,3917.44,1366.18,1.2,12.65,319.23650480482337,11.45,27.880917450202915,0
102000,3600,1400,3516.4,1583.91,1.2,13.06,202.01942505610697,11.86,17.03367833525354,0
102000,3600,1400,3710.87,1321.9,1.2,11.5,135.61624865774735,10.3,13.16662608327644,0
102000,3600,1400,3783.33,1393.73,1.2,11.14,183.43718761472545,9.94,18.45444543407701,0
102000,3600,1400,3653.29,1407.08,1.2,0.0,53.75825983046694,-1.2,9999.0,0
103000,3600,1400,3640.64,1410.24,1.2,0.0,41.91022786862403,-1.2,9999.0,0
103000,3600,1400,3498.87,1606.35,1.2,1.66,229.79904133829623,0.4599999999999999,499.5631333441223,0
103000,3600,1400,3645.75,1333.57,1.2,0.0,80.65982519197527,-1.2,9999.0,0
103000,3600,1400,3673.03,1419.66,1.2,0.0,75.6299973555469,-1.2,9999.0,0
103000,3600,1400,3627.32,1429.03,1.2,0.0,39.86380940151113,-1.2,9999.0,0
103000,3600,1400,3662.76,1385.58,1.2,0.0,64.39529485917453,-1.2,9999.0,0
103000,3600,1400,3680.28,1418.17,1.2,0.0,82.3105540012946,-1.2,9999.0,0
103000,3600,1400,3641.18,1411.75,1.2,0.0,42.82353208225574,-1.2,9999.0,0
103000,3600,1400,3658.35,1420.38,1.2,0.0,61.8066897673706,-1.2,9999.0,0
103000,3600,1400,3550.66,1475.0,1.2,0.0,89.77435936836316,-1.2,9999.0,0
103000,3600,1400,3952.19,1309.09,1.2,11.54,363.7340019849671,10.34,35.17736963104131,0
103000,3600,1400,3631.53,1422.8,1.2,0.0,38.90990747868736,-1.2,9999.0,0
103000,3600,1400,3845.04,1667.69,1.2,12.18,362.9084425857299,10.98,33.05177072729781,0
103000,3600,1400,3665.7,1420.67,1.2,0.0,68.87480598883731,-1.2,9999.0,0
103000,3600,1400,3646.63,1376.07,1.2,0.0,52.41184789720749,-1.2,9999.0,0
103000,3600,1400,3773.81,1671.96,1.2,12.85,322.7571187441108,11.65,27.704473711940842,0
103000,3600,1400,3623.12,1435.25,1.2,0.0,42.15562714513918,-1.2,9999.0,0
103000,3600,1400,3581.34,1470.85,1.2,0.0,73.26607741649597,-1.2,9999.0,0
103000,3600,1400,3694.78,1415.19,1.2,0.0,95.98950203017016,-1.2,9999.0,0
103000,3600,1400,3544.15,1484.38,1.2,7.19,101.18896629573804,5.99,16.892982687101508,0
103000,3600,1400,3647.02,1408.17,1.2,0.0,47.72451466489732,-1.2,9999.0,0
103000,3600,1400,3575.04,1466.79,1.2,0.0,71.30151260667614,-1.2,9999.0,0
103000,3600,1400,3618.93,1441.47,1.2,0.0,45.58624573267683,-1.2,9999.0,0
103000,3600,1400,3641.61,1346.51,1.2,0.0,67.76851924013104,-1.2,9999.0,0
103000,3600,1400,3649.8,1382.79,1.2,0.0,52.68988612627683,-1.2,9999.0,0
103000,3600,1400,3687.53,1416.68,1.2,0.0,89.10512499289835,-1.2,9999.0,0
103000,3600,1400,3642.8,1353.92,1.2,0.0,62.89043170467197,-1.2,9999.0,0
103000,3600,1400,3645.13,1368.74,1.2,0.0,54.89903915370477,-1.2,9999.0,0
103000,3600,1400,3677.14,1422.09,1.2,14.71,80.24056143871363,13.510000000000002,5.939345776366663,0
103000,3600,1400,3479.94,1583.16,1.2,13.09,219.0022584358436,11.89,18.419029304949,0
103000,3600,1400,3633.55,1414.17,1.2,0.0,36.41965678037088,-1.2,9999.0,0
103000,3600,1400,3635.66,1416.73,1.2,0.0,39.38944655615245,-1.2,9999.0,0
103000,3600,1400,3614.73,1447.68,1.2,0.0,49.90345979989771,-1.2,9999.0,0
103000,3600,1400,3588.31,1636.01,1.2,14.43,236.2993360126092,13.23,17.860871958625033,0
103000,3600,1400,3569.91,1467.31,1.2,0.0,73.72953410947339,-1.2,9999.0,0
103000,3600,1400,3667.15,1379.5,1.2,0.0,70.20949009927371,-1.2,9999.0,0
103000,3600,1400,3643.98,1361.33,1.2,0.0,58.56286622084004,-1.2,9999.0,0
103000,3600,1400,3822.78,1388.9,1.2,24.86,223.05635700423355,23.66,9.427572147262618,0
103000,3600,1400,4098.92,1295.18,1.2,12.93,509.8121210799132,11.73,43.46224391133104,0
103000,3600,1400,3639.32,1414.35,1.2,0.0,41.856718696047,-1.2,9999.0,0
103000,3600,1400,3610.53,1453.9,1.2,0.0,54.91894846043589,-1.2,9999.0,0
103000,3600,1400,3554.94,1468.84,1.2,0.0,82.27605483978911,-1.2,9999.0,0
103000,3600,1400,3820.58,1008.47,1.2,12.62,449.38989452367525,11.42,39.35112911765983,0
103000,3600,1400,3623.32,1429.24,1.2,0.0,37.40053475553536,-1.2,9999.0,0
103000,3600,1400,3697.3,1353.53,1.2,0.0,107.82741256285452,-1.2,9999.0,0
103000,3600,1400,3653.25,1333.37,1.2,0.0,85.29431047848394,-1.2,9999.0,0
103000,3600,1400,3372.24,1748.63,1.2,4.28,416.4342619189735,3.08,135.2059291944719,0
103000,3600,1400,3531.02,1434.42,1.2,14.15,77.0907050168826,12.95,5.9529501943538685,0
103000,3600,1400,3630.85,1412.44,1.2,0.0,33.26373550880893,-1.2,9999.0,0
103000,3600,1400,3683.74,1351.41,1.2,6.6,96.8161954427045,5.4,17.928925081982314,0
103000,3600,1400,3685.48,1340.74,1.2,3.68,104.01239349231416,2.4800000000000004,41.940481246900866,0
103000,3600,1400,3667.69,1586.33,1.2,12.28,198.2443063495141,11.08,17.892085410605965,0
103000,3600,1400,3749.35,1368.42,1.2,13.83,152.652281018005,12.63,12.086483057640933,0
103000,3600,1400,3463.73,1613.27,1.2,13.41,253.088138402415,12.21,20.727939263097053,0
103000,3600,1400,3483.11,1387.87,1.2,9.58,117.51769653971256,8.38,14.023591472519398,0
103000,3600,1400,3989.47,1297.8,1.2,13.78,402.6558343051791,12.58,32.00761798928292,0
103000,3600,1400,3718.12,1293.26,1.2,21.33,159.20352383034736,20.13,7.908769191770858,0
103000,3600,1400,3679.46,1342.7,1.2,7.72,97.96520606827713,6.52,15.025338354030236,0
103000,3600,1400,3614.22,1437.01,1.2,14.28,39.64780574004057,13.08,3.031177808871603,0
103000,3600,1400,3619.12,1435.46,1.2,0.0,40.28630040100479,-1.2,9999.0,0
103000,3600,1400,3931.55,1363.28,1.2,14.4,333.5772187964881,13.2,25.271001423976376,0
103000,3600,1400,3524.57,1571.65,1.2,14.71,187.49241958009927,13.510000000000002,13.878047341236066,0
103000,3600,1400,3703.33,1333.43,1.2,13.78,122.917264043746,12.58,9.770847698231002,0
103000,3600,1400,3796.32,1391.06,1.2,13.26,196.523448982558,12.06,16.295476698387894,0
103000,3600,1400,3653.29,1407.08,1.2,0.0,53.75825983046694,-1.2,9999.0,0
104000,3600,1400,3640.64,1410.24,1.2,0.0,41.91022786862403,-1.2,9999.0,0
104000,3600,1400,3500.76,1603.37,1.2,3.53,226.29170223408528,2.33,97.12090224638852,0
104000,3600,1400,3645.75,1333.57,1.2,0.0,80.65982519197527,-1.2,9999.0,0
104000,3600,1400,3673.03,1419.66,1.2,0.0,75.6299973555469,-1.2,9999.0,0
104000,3600,1400,3627.32,1429.03,1.2,0.0,39.86380940151113,-1.2,9999.0,0
104000,3600,1400,3662.76,1385.58,1.2,0.0,64.39529485917453,-1.2,9999.0,0
104000,3600,1400,3680.28,1418.17,1.2,0.0,82.3105540012946,-1.2,9999.0,0
104000,3600,1400,3641.18,1411.75,1.2,0.0,42.82353208225574,-1.2,9999.0,0
104000,3600,1400,3658.35,1420.38,1.2,0.0,61.8066897673706,-1.2,9999.0,0
104000,3600,1400,3550.66,1475.0,1.2,0.0,89.77435936836316,-1.2,9999.0,0
104000,3600,1400,3940.32,1311.64,1.2,12.14,351.6037428697256,10.94,32.139281797963946,0
104000,3600,1400,3631.53,1422.8,1.2,0.0,38.90990747868736,-1.2,9999.0,0
104000,3600,1400,3856.99,1667.73,1.2,11.98,371.11078265121847,10.78,34.42586109937092,0
104000,3600,1400,3665.7,1420.67,1.2,0.0,68.87480598883731,-1.2,9999.0,0
104000,3600,1400,3646.63,1376.07,1.2,0.0,52.41184789720749,-1.2,9999.0,0
104000,3600,1400,3786.1,1670.04,1.2,12.51,327.955502469466,11.31,28.996949820465606,0
104000,3600,1400,3623.12,1435.25,1.2,0.0,42.15562714513918,-1.2,9999.0,0
104000,3600,1400,3581.34,1470.85,1.2,0.0,73.26607741649597,-1.2,9999.0,0
104000,3600,1400,3694.78,1415.19,1.2,0.0,95.98950203017016,-1.2,9999.0,0
104000,3600,1400,3545.96,1481.77,1.2,3.18,98.0135424316456,1.98,49.50178910689172,0
104000,3600,1400,3647.02,1408.17,1.2,0.0,47.72451466489732,-1.2,9999.0,0
104000,3600,1400,3575.04,1466.79,1.2,0.0,71.30151260667614,-1.2,9999.0,0
104000,3600,1400,3618.93,1441.47,1.2,0.0,45.58624573267683,-1.2,9999.0,0
104000,3600,1400,3641.61,1346.51,1.2,0.0,67.76851924013104,-1.2,9999.0,0
104000,3600,1400,3649.8,1382.79,1.2,0.0,52.68988612627683,-1.2,9999.0,0
104000,3600,1400,3687.53,1416.68,1.2,0.0,89.10512499289835,-1.2,9999.0,0
104000,3600,1400,3642.8,1353.92,1.2,0.0,62.89043170467197,-1.2,9999.0,0
104000,3600,1400,3645.13,1368.74,1.2,0.0,54.89903915370477,-1.2,9999.0,0
104000,3600,1400,3666.63,1423.79,1.2,10.53,70.74970671317311,9.33,7.583033945677718,0
104000,3600,1400,3487.03,1572.34,1.2,12.94,206.06624298996653,11.74,17.552490885005668,0
104000,3600,1400,3633.55,1414.17,1.2,0.0,36.41965678037088,-1.2,9999.0,0
104000,3600,1400,3635.66,1416.73,1.2,0.0,39.38944655615245,-1.2,9999.0,0
104000,3600,1400,3614.73,1447.68,1.2,0.0,49.90345979989771,-1.2,9999.0,0
104000,3600,1400,3577.69,1646.43,1.2,15.06,247.43783259639184,13.86,17.852657474487145,0
104000,3600,1400,3569.91,1467.31,1.2,0.0,73.72953410947339,-1.2,9999.0,0
104000,3600,1400,3667.15,1379.5,1.2,0.0,70.20949009927371,-1.2,9999.0,0
104000,3600,1400,3643.98,1361.33,1.2,0.0,58.56286622084004,-1.2,9999.0,0
104000,3600,1400,3798.46,1393.9,1.2,24.83,198.5537247195328,23.63,8.40261213370854,0
104000,3600,1400,4102.0,1308.5,1.2,13.67,510.2707614590512,12.47,40.91986860136738,0
104000,3600,1400,3639.32,1414.35,1.2,0.0,41.856718696047,-1.2,9999.0,0
104000,3600,1400,3610.53,1453.9,1.2,0.0,54.91894846043589,-1.2,9999.0,0
104000,3600,1400,3554.94,1468.84,1.2,0.0,82.27605483978911,-1.2,9999.0,0
104000,3600,1400,3823.83,1023.25,1.2,15.2,438.2241793876736,14.0,31.301727099119542,0
104000,3600,1400,3623.32,1429.24,1.2,0.0,37.40053475553536,-1.2,9999.0,0
104000,3600,1400,3697.3,1353.53,1.2,0.0,107.82741256285452,-1.2,9999.0,0
104000,3600,1400,3653.25,1333.37,1.2,0.0,85.29431047848394,-1.2,9999.0,0
104000,3600,1400,3369.47,1747.95,1.2,3.93,417.3886479050432,2.7300000000000004,152.8896146172319,0
104000,3600,1400,3540.81,1444.16,1.2,13.81,73.84823423752265,12.61,5.856323095759132,0
104000,3600,1400,3630.85,1412.44,1.2,0.0,33.26373550880893,-1.2,9999.0,0
104000,3600,1400,3685.56,1349.68,1.2,2.51,99.26034454906946,1.3099999999999998,75.77125538096907,0
104000,3600,1400,3689.82,1336.56,1.2,6.16,109.9648398352857,4.96,22.170330611952764,0
104000,3600,1400,3680.67,1585.0,1.2,13.04,201.82331109165764,11.84,17.045887761119733,0
104000,3600,1400,3735.67,1370.09,1.2,13.79,138.92788417016948,12.59,11.034780315343088,0
104000,3600,1400,3455.57,1624.8,1.2,14.12,267.1985495843867,12.92,20.68100228981321,0
104000,3600,1400,3491.61,1396.12,1.2,11.85,108.45942328815866,10.65,10.183983407338841,0
104000,3600,1400,4002.88,1294.92,1.2,13.72,416.3581400669381,12.52,33.255442497359276,0
104000,3600,1400,3731.04,1273.32,1.2,23.81,182.2616361168746,22.61,8.061107302825059,0
104000,3600,1400,3620.24,1428.1,1.2,10.76,34.6304432544544,9.56,3.6224313027671964,0
104000,3600,1400,3619.13,1435.46,1.2,0.01,40.29104739269019,-1.19,9999.0,0
104000,3600,1400,3947.22,1360.06,1.2,16.0,349.50955923980086,14.8,23.615510759446003,0
104000,3600,1400,3533.81,1557.79,1.2,16.63,171.11049120378328,15.43,11.089467997652838,0
104000,3600,1400,3697.51,1342.34,1.2,10.65,113.28228325735694,9.45,11.987543201836713,0
104000,3600,1400,3810.59,1388.13,1.2,14.57,210.9242636587836,13.37,15.775935950544772,0
104000,3600,1400,3653.29,1407.08,1.2,0.0,53.75825983046694,-1.2,9999.0,0
105000,3600,1400,3640.64,1410.24,1.2,0.0,41.91022786862403,-1.2,9999.0,0
105000,3600,1400,3506.38,1600.49,1.2,5.44,221.27120124408412,4.24,52.18660406700097,0
105000,3600,1400,3645.75,1333.57,1.2,0.0,80.65982519197527,-1.2,9999.0,0
105000,3600,1400,3673.03,1419.66,1.2,0.0,75.6299973555469,-1.2,9999.0,0
105000,3600,1400,3627.32,1429.03,1.2,0.0,39.86380940151113,-1.2,9999.0,0
105000,3600,1400,3662.76,1385.58,1.2,0.0,64.39529485917453,-1.2,9999.0,0
105000,3600,1400,3680.28,1418.17,1.2,0.0,82.3105540012946,-1.2,9999.0,0
105000,3600,1400,3641.18,1411.75,1.2,0.0,42.82353208225574,-1.2,9999.0,0
105000,3600,1400,3658.35,1420.38,1.2,0.0,61.8066897673706,-1.2,9999.0,0
105000,3600,1400,3550.66,1475.0,1.2,0.0,89.77435936836316,-1.2,9999.0,0
105000,3600,1400,3929.04,1314.06,1.2,11.53,340.07793989025515,10.33,32.92138817911473,0
105000,3600,1400,3631.53,1422.8,1.2,0.0,38.90990747868736,-1.2,9999.0,0
105000,3600,1400,3869.33,1666.62,1.2,12.39,378.9787240730011,11.19,33.867625028865156,0
105000,3600,1400,3665.7,1420.67,1.2,0.0,68.87480598883731,-1.2,9999.0,0
105000,3600,1400,3646.63,1376.07,1.2,0.0,52.41184789720749,-1.2,9999.0,0
105000,3600,1400,3799.57,1669.41,1.2,13.49,335.2759057850715,12.29,27.280382895449268,0
105000,3600,1400,3623.12,1435.25,1.2,0.0,42.15562714513918,-1.2,9999.0,0
105000,3600,1400,3581.34,1470.85,1.2,0.0,73.26607741649597,-1.2,9999.0,0
105000,3600,1400,3694.78,1415.19,1.2,0.0,95.98950203017016,-1.2,9999.0,0
105000,3600,1400,3546.38,1481.17,1.2,0.73,97.2814129214826,-0.47,9999.0,0
105000,3600,1400,3647.02,1408.17,1.2,0.0,47.72451466489732,-1.2,9999.0,0
105000,3600,1400,3575.04,1466.79,1.2,0.0,71.30151260667614,-1.2,9999.0,0
105000,3600,1400,3618.93,1441.47,1.2,0.0,45.58624573267683,-1.2,9999.0,0
105000,3600,1400,3641.61,1346.51,1.2,0.0,67.76851924013104,-1.2,9999.0,0
105000,3600,1400,3649.8,1382.79,1.2,0.0,52.68988612627683,-1.2,9999.0,0
105000,3600,1400,3687.53,1416.68,1.2,0.0,89.10512499289835,-1.2,9999.0,0
105000,3600,1400,3642.8,1353.92,1.2,0.0,62.89043170467197,-1.2,9999.0,0
105000,3600,1400,3645.13,1368.74,1.2,0.0,54.89903915370477,-1.2,9999.0,0
105000,3600,1400,3660.04,1423.82,1.2,6.54,64.5925227870842,5.34,12.09597805001577,0
105000,3600,1400,3494.33,1560.89,1.2,13.58,192.48828795539757,12.38,15.548326975395602,0
105000,3600,1400,3633.55,1414.17,1.2,0.0,36.41965678037088,-1.2,9999.0,0
105000,3600,1400,3635.66,1416.73,1.2,0.0,39.38944655615245,-1.2,9999.0,0
105000,3600,1400,3614.73,1447.68,1.2,0.0,49.90345979989771,-1.2,9999.0,0
105000,3600,1400,3572.2,1660.57,1.2,15.24,262.0487834354512,14.04,18.664443264633277,0
105000,3600,1400,3569.91,1467.31,1.2,0.0,73.72953410947339,-1.2,9999.0,0
105000,3600,1400,3667.15,1379.5,1.2,0.0,70.20949009927371,-1.2,9999.0,0
105000,3600,1400,3643.98,1361.33,1.2,0.0,58.56286622084004,-1.2,9999.0,0
105000,3600,1400,3774.4,1398.84,1.2,24.56,174.40385775549817,23.36,7.465918568300435,0
105000,3600,1400,4104.61,1319.87,1.2,11.66,510.932548385792,10.46,48.84632393745621,0
105000,3600,1400,3639.32,1414.35,1.2,0.0,41.856718696047,-1.2,9999.0,0
105000,3600,1400,3610.53,1453.9,1.2,0.0,54.91894846043589,-1.2,9999.0,0
105000,3600,1400,3554.94,1468.84,1.2,0.0,82.27605483978911,-1.2,9999.0,0
105000,3600,1400,3827.56,1040.27,1.2,17.49,425.6632783081012,16.29,26.130342437575276,0
105000,3600,1400,3623.32,1429.24,1.2,0.0,37.40053475553536,-1.2,9999.0,0
105000,3600,1400,3697.3,1353.53,1.2,0.0,107.82741256285452,-1.2,9999.0,0
105000,3600,1400,3653.25,1333.37,1.2,0.0,85.29431047848394,-1.2,9999.0,0
105000,3600,1400,3370.5,1745.47,1.2,2.79,414.752662318158,1.59,260.85073101770945,0
105000,3600,1400,3547.79,1451.15,1.2,9.88,73.09040019044917,8.680000000000001,8.420553017332853,0
105000,3600,1400,3630.85,1412.44,1.2,0.0,33.26373550880893,-1.2,9999.0,0
105000,3600,1400,3685.56,1349.67,1.2,0.01,99.26541442012916,-1.19,9999.0,0
105000,3600,1400,3694.3,1329.7,1.2,8.2,117.62049141199856,6.999999999999999,16.802927344571224,0
105000,3600,1400,3690.84,1591.54,1.2,13.04,211.9893327504948,11.84,17.90450445527828,0
105000,3600,1400,3723.28,1368.66,1.2,13.09,127.20123427074142,11.89,10.698169408809202,0
105000,3600,1400,3447.79,1636.17,1.2,13.77,280.9700215325472,12.57,22.3524281251032,0
105000,3600,1400,3500.73,1404.97,1.2,12.71,99.394334848622,11.510000000000002,8.635476528985402,0
105000,3600,1400,4015.95,1292.12,1.2,13.36,429.71210932437066,12.16,35.33816688522785,0
105000,3600,1400,3743.86,1251.7,1.2,25.15,206.6121719550908,23.95,8.62681302526475,0
105000,3600,1400,3624.15,1422.29,1.2,7.0,32.864366721420375,5.8,5.666270124382823,0
105000,3600,1400,3619.13,1435.46,1.2,0.0,40.29104739269019,-1.2,9999.0,0
105000,3600,1400,3964.54,1356.5,1.2,17.69,367.1262202567394,16.490000000000002,22.263567025878675,0
105000,3600,1400,3544.03,1541.68,1.2,19.1,152.3347081265461,17.900000000000002,8.510318889751177,0
105000,3600,1400,3696.26,1348.02,1.2,6.15,109.397934166967,4.95,22.100592761003433,0
105000,3600,1400,3826.8,1384.8,1.2,16.55,227.3087767773169,15.35,14.80838936660045,0
105000,3600,1400,3653.29,1407.08,1.2,0.0,53.75825983046694,-1.2,9999.0,0
106000,3600,1400,3640.64,1410.24,1.2,0.0,41.91022786862403,-1.2,9999.0,0
106000,3600,1400,3510.08,1594.32,1.2,7.25,214.11648418559463,6.05,35.39115441084209,0
106000,3600,1400,3747.39,1397.85,1.2,0.0,147.40568035187778,-1.2,9999.0,0
106000,3600,1400,3645.75,1333.57,1.2,0.0,80.65982519197527,-1.2,9999.0,0
106000,3600,1400,3673.03,1419.66,1.2,0.0,75.6299973555469,-1.2,9999.0,0
106000,3600,1400,3627.32,1429.03,1.2,0.0,39.86380940151113,-1.2,9999.0,0
106000,3600,1400,3662.76,1385.58,1.2,0.0,64.39529485917453,-1.2,9999.0,0
106000,3600,1400,3680.28,1418.17,1.2,0.0,82.3105540012946,-1.2,9999.0,0
106000,3600,1400,3641.18,1411.75,1.2,0.0,42.82353208225574,-1.2,9999.0,0
106000,3600,1400,3658.35,1420.38,1.2,0.0,61.8066897673706,-1.2,9999.0,0
106000,3600,1400,3550.66,1475.0,1.2,0.0,89.77435936836316,-1.2,9999.0,0
106000,3600,1400,3917.02,1316.63,1.2,12.29,327.79908068815564,11.09,29.55807760939185,0
106000,3600,1400,3631.53,1422.8,1.2,0.0,38.90990747868736,-1.2,9999.0,0
106000,3600,1400,3881.19,1665.54,1.2,11.91,386.7548418572158,10.71,36.111563198619585,0
106000,3600,1400,3665.7,1420.67,1.2,0.0,68.87480598883731,-1.2,9999.0,0
106000,3600,1400,3646.63,1376.07,1.2,0.0,52.41184789720749,-1.2,9999.0,0
106000,3600,1400,3811.83,1668.83,1.2,12.27,342.2594305494005,11.07,30.917744403739885,0
106000,3600,1400,3623.12,1435.25,1.2,0.0,42.15562714513918,-1.2,9999.0,0
106000,3600,1400,3581.34,1470.85,1.2,0.0,73.26607741649597,-1.2,9999.0,0
106000,3600,1400,3694.78,1415.19,1.2,0.0,95.98950203017016,-1.2,9999.0,0
106000,3600,1400,3546.38,1481.17,1.2,0.01,97.2814129214826,-1.19,9999.0,0
106000,3600,1400,3647.02,1408.17,1.2,0.0,47.72451466489732,-1.2,9999.0,0
106000,3600,1400,3575.04,1466.79,1.2,0.0,71.30151260667614,-1.2,9999.0,0
106000,3600,1400,3618.93,1441.47,1.2,0.0,45.58624573267683,-1.2,9999.0,0
106000,3600,1400,3641.61,1346.51,1.2,0.0,67.76851924013104,-1.2,9999.0,0
106000,3600,1400,3649.8,1382.79,1.2,0.0,52.68988612627683,-1.2,9999.0,0
106000,3600,1400,3687.53,1416.68,1.2,0.0,89.10512499289835,-1.2,9999.0,0
106000,3600,1400,3642.8,1353.92,1.2,0.0,62.89043170467197,-1.2,9999.0,0
106000,3600,1400,3645.13,1368.74,1.2,0.0,54.89903915370477,-1.2,9999.0,0
106000,3600,1400,3652.39,1423.38,1.2,7.65,57.37017082073219,6.45,8.894600127245301,0
106000,3600,1400,3501.8,1549.15,1.2,13.91,178.57480925371303,12.71,14.049945653321245,0
106000,3600,1400,3633.55,1414.17,1.2,0.0,36.41965678037088,-1.2,9999.0,0
106000,3600,1400,3635.66,1416.73,1.2,0.0,39.38944655615245,-1.2,9999.0,0
106000,3600,1400,3614.73,1447.68,1.2,0.0,49.90345979989771,-1.2,9999.0,0
106000,3600,1400,3568.84,1674.72,1.2,14.55,276.48150751903825,13.35,20.710225282324963,0
106000,3600,1400,3569.91,1467.31,1.2,0.0,73.72953410947339,-1.2,9999.0,0
106000,3600,1400,3667.15,1379.5,1.2,0.0,70.20949009927371,-1.2,9999.0,0
106000,3600,1400,3643.98,1361.33,1.2,0.0,58.56286622084004,-1.2,9999.0,0
106000,3600,1400,3751.93,1403.45,1.2,22.94,151.96916595151777,21.74,6.99030202168895,0
106000,3600,1400,4105.97,1327.61,1.2,7.86,511.12224858638297,6.66,76.74508237032776,0
106000,3600,1400,3639.32,1414.35,1.2,0.0,41.856718696047,-1.2,9999.0,0
106000,3600,1400,3610.53,1453.9,1.2,0.0,54.91894846043589,-1.2,9999.0,0
106000,3600,1400,3554.94,1468.84,1.2,0.0,82.27605483978911,-1.2,9999.0,0
106000,3600,1400,3831.59,1059.15,1.2,19.39,412.083305412874,18.19,22.654387323412532,0
106000,3600,1400,3623.32,1429.24,1.2,0.0,37.40053475553536,-1.2,9999.0,0
106000,3600,1400,3697.3,1353.53,1.2,0.0,107.82741256285452,-1.2,9999.0,0
106000,3600,1400,3653.25,1333.37,1.2,0.0,85.29431047848394,-1.2,9999.0,0
106000,3600,1400,3373.38,1741.17,1.2,5.17,409.5773349442081,3.97,103.1680944443849,0
106000,3600,1400,3551.7,1455.07,1.2,5.53,73.25022116007577,4.33,16.916910198631818,0
106000,3600,1400,3630.85,1412.44,1.2,0.0,33.26373550880893,-1.2,9999.0,0
106000,3600,1400,3687.46,1348.73,1.2,2.16,101.3798032154334,0.9600000000000002,105.6039616827431,0
106000,3600,1400,3699.78,1321.3,1.2,10.03,127.08162101578672,8.83,14.392029560111746,0
106000,3600,1400,3694.83,1603.41,1.2,12.77,224.4289575790077,11.57,19.397489851253905,0
106000,3600,1400,3713.85,1363.17,1.2,10.91,119.65897960454106,9.71,12.323272873794135,0
106000,3600,1400,3439.75,1648.11,1.2,14.4,295.361870592668,13.2,22.375899287323335,0
106000,3600,1400,3510.17,1414.14,1.2,13.15,90.93606820178664,11.95,7.609712820233192,0
106000,3600,1400,4028.87,1289.34,1.2,13.22,442.91659767951785,12.02,36.84830263556721,0
106000,3600,1400,3757.92,1228.23,1.2,27.34,233.3316508748867,26.14,8.926229949307066,0
106000,3600,1400,3626.11,1419.38,1.2,3.51,32.51640355266878,2.31,14.076365174315487,0
106000,3600,1400,3619.13,1435.46,1.2,0.0,40.29104739269019,-1.2,9999.0,0
106000,3600,1400,3984.23,1352.46,1.2,20.1,387.1598436046797,18.9,20.484647809771413,0
106000,3600,1400,3554.81,1523.43,1.2,21.33,131.44238661862474,20.13,6.5296764341095255,0
106000,3600,1400,3700.2,1351.51,1.2,5.38,111.3163065323314,4.18,26.630695342663014,0
106000,3600,1400,3844.85,1381.09,1.2,18.42,245.5791330711955,17.220000000000002,14.261273697514255,0
106000,3600,1400,3653.29,1407.08,1.2,0.0,53.75825983046694,-1.2,9999.0,0
107000,3600,1400,3640.64,1410.24,1.2,0.0,41.91022786862403,-1.2,9999.0,0
107000,3600,1400,3514.96,1586.06,1.2,9.58,204.5730314582056,8.38,24.412056259929066,0
107000,3600,1400,3749.4,1397.44,1.2,2.04,149.421931455861,0.8400000000000001,177.88325173316784,0
107000,3600,1400,3554.72,1474.77,1.2,0.0,87.41184873917274,-1.2,9999.0,0
107000,3600,1400,3645.75,1333.57,1.2,0.0,80.65982519197527,-1.2,9999.0,0
107000,3600,1400,3673.03,1419.66,1.2,0.0,75.6299973555469,-1.2,9999.0,0
107000,3600,1400,3627.32,1429.03,1.2,0.0,39.86380940151113,-1.2,9999.0,0
107000,3600,1400,3662.76,1385.58,1.2,0.0,64.39529485917453,-1.2,9999.0,0
107000,3600,1400,3680.28,1418.17,1.2,0.0,82.3105540012946,-1.2,9999.0,0
107000,3600,1400,3641.18,1411.75,1.2,0.0,42.82353208225574,-1.2,9999.0,0
107000,3600,1400,3658.35,1420.38,1.2,0.0,61.8066897673706,-1.2,9999.0,0
107000,3600,1400,3550.66,1475.0,1.2,0.0,89.77435936836316,-1.2,9999.0,0
107000,3600,1400,3905.43,1319.11,1.2,11.86,315.9599294214377,10.66,29.63976823840879,0
107000,3600,1400,3631.53,1422.8,1.2,0.0,38.90990747868736,-1.2,9999.0,0
107000,3600,1400,3893.27,1661.96,1.2,12.67,393.2306377941576,11.47,34.28340346941217,0
107000,3600,1400,3665.7,1420.67,1.2,0.0,68.87480598883731,-1.2,9999.0,0
107000,3600,1400,3646.63,1376.07,1.2,0.0,52.41184789720749,-1.2,9999.0,0
107000,3600,1400,3825.28,1668.2,1.2,13.47,350.2603580195739,12.27,28.546076448213032,0
107000,3600,1400,3623.12,1435.25,1.2,0.0,42.15562714513918,-1.2,9999.0,0
107000,3600,1400,3581.34,1470.85,1.2,0.0,73.26607741649597,-1.2,9999.0,0
107000,3600,1400,3694.78,1415.19,1.2,0.0,95.98950203017016,-1.2,9999.0,0
107000,3600,1400,3546.39,1481.16,1.2,0.0,97.26755728401956,-1.2,9999.0,0
107000,3600,1400,3647.02,1408.17,1.2,0.0,47.72451466489732,-1.2,9999.0,0
107000,3600,1400,3575.04,1466.79,1.2,0.0,71.30151260667614,-1.2,9999.0,0
107000,3600,1400,3618.93,1441.47,1.2,0.0,45.58624573267683,-1.2,9999.0,0
107000,3600,1400,3641.61,1346.51,1.2,0.0,67.76851924013104,-1.2,9999.0,0
107000,3600,1400,3649.8,1382.79,1.2,0.0,52.68988612627683,-1.2,9999.0,0
107000,3600,1400,3687.53,1416.68,1.2,0.0,89.10512499289835,-1.2,9999.0,0
107000,3600,1400,3642.8,1353.92,1.2,0.0,62.89043170467197,-1.2,9999.0,0
107000,3600,1400,3645.13,1368.74,1.2,0.0,54.89903915370477,-1.2,9999.0,0
107000,3600,1400,3645.88,1426.85,1.2,7.66,53.15916571956341,6.46,8.228973021604244,0
107000,3600,1400,3508.88,1538.04,1.2,13.18,165.4022248943465,11.98,13.806529623902044,0
107000,3600,1400,3633.55,1414.17,1.2,0.0,36.41965678037088,-1.2,9999.0,0
107000,3600,1400,3635.66,1416.73,1.2,0.0,39.38944655615245,-1.2,9999.0,0
107000,3600,1400,3614.73,1447.68,1.2,0.0,49.90345979989771,-1.2,9999.0,0
107000,3600,1400,3565.3,1689.61,1.2,15.31,291.6814051323806,14.11,20.671963510445117,0
107000,3600,1400,3569.91,1467.31,1.2,0.0,73.72953410947339,-1.2,9999.0,0
107000,3600,1400,3667.15,1379.5,1.2,0.0,70.20949009927371,-1.2,9999.0,0
107000,3600,1400,3643.98,1361.33,1.2,0.0,58.56286622084004,-1.2,9999.0,0
107000,3600,1400,3733.34,1407.28,1.2,19.0,133.53858618391928,17.8,7.502167763141532,0
107000,3600,1400,4106.55,1330.93,1.2,3.36,511.2372906977739,2.16,236.68393087859903,0
107000,3600,1400,3639.32,1414.35,1.2,0.0,41.856718696047,-1.2,9999.0,0
107000,3600,1400,3610.53,1453.9,1.2,0.0,54.91894846043589,-1.2,9999.0,0
107000,3600,1400,3554.94,1468.84,1.2,0.0,82.27605483978911,-1.2,9999.0,0
107000,3600,1400,3832.82,1080.62,1.2,21.6,395.232509796449,20.4,19.374142637080833,0
107000,3600,1400,3623.32,1429.24,1.2,0.0,37.40053475553536,-1.2,9999.0,0
107000,3600,1400,3697.04,1353.38,1.2,0.3,107.6577261509827,-0.8999999999999999,9999.0,0
107000,3600,1400,3653.25,1333.37,1.2,0.0,85.29431047848394,-1.2,9999.0,0
107000,3600,1400,3377.57,1734.9,1.2,7.54,402.036210931304,6.34,63.41265156645174,0
107000,3600,1400,3553.68,1457.05,1.2,2.8,73.48635859804193,1.6,45.92897412377621,0
107000,3600,1400,3630.85,1412.44,1.2,0.0,33.26373550880893,-1.2,9999.0,0
107000,3600,1400,3691.97,1348.28,1.2,4.64,105.51511408324386,3.4399999999999995,30.672998280012752,0
107000,3600,1400,3706.24,1311.41,1.2,11.81,138.32977156057166,10.61,13.037678752174521,0
107000,3600,1400,3704.3,1612.7,1.2,13.36,236.89613757931988,12.16,19.481590261457228,0
107000,3600,1400,3707.61,1359.53,1.2,7.22,114.96840000626273,6.02,19.097740864827696,0
107000,3600,1400,3431.78,1659.93,1.2,14.25,309.615201984657,13.05,23.725302834073332,0
107000,3600,1400,3519.46,1423.15,1.2,12.95,83.80103877637794,11.75,7.132003300117272,0
107000,3600,1400,4042.05,1286.55,1.2,13.48,456.37605655862376,12.28,37.164173986858614,0
107000,3600,1400,3772.69,1204.56,1.2,27.92,260.80381458099885,26.72,9.760621803181095,0
107000,3600,1400,3626.49,1418.81,1.2,0.69,32.48901660561591,-0.51,9999.0,0
107000,3600,1400,3619.13,1435.46,1.2,0.0,40.29104739269019,-1.2,9999.0,0
107000,3600,1400,4005.12,1348.17,1.2,21.33,408.42204066382106,20.13,20.289222089608597,0
107000,3600,1400,3567.81,1503.75,1.2,23.6,108.62899520846172,22.4,4.84950871466347,0
107000,3600,1400,3706.69,1355.3,1.2,7.51,115.67560719529426,6.31,18.332108905751866,0
107000,3600,1400,3864.45,1377.06,1.2,20.01,265.44311273792715,18.81,14.111808226365081,0
107000,3600,1400,3653.29,1407.08,1.2,0.0,53.75825983046694,-1.2,9999.0,0
108000,3600,1400,3640.64,1410.24,1.2,0.0,41.91022786862403,-1.2,9999.0,0
108000,3600,1400,3521.43,1576.36,1.2,11.65,193.07018024542265,10.45,18.475615334490207,0
108000,3600,1400,3753.41,1396.62,1.2,4.09,153.44723034320285,2.89,53.095927454395444,0
108000,3600,1400,3553.45,1476.59,1.2,2.22,89.62661769809237,1.0200000000000002,87.86923303734544,0
108000,3600,1400,3630.27,1181.2,1.2,0.0,220.8839353597268,-1.2,9999.0,0
108000,3600,1400,3645.75,1333.57,1.2,0.0,80.65982519197527,-1.2,9999.0,0
108000,3600,1400,3673.03,1419.66,1.2,0.0,75.6299973555469,-1.2,9999.0,0
108000,3600,1400,3627.32,1429.03,1.2,0.0,39.86380940151113,-1.2,9999.0,0
108000,3600,1400,3662.76,1385.58,1.2,0.0,64.39529485917453,-1.2,9999.0,0
108000,3600,1400,3680.28,1418.17,1.2,0.0,82.3105540012946,-1.2,9999.0,0
108000,3600,1400,3641.18,1411.75,1.2,0.0,42.82353208225574,-1.2,9999.0,0
108000,3600,1400,3658.35,1420.38,1.2,0.0,61.8066897673706,-1.2,9999.0,0
108000,3600,1400,3550.66,1475.0,1.2,0.0,89.77435936836316,-1.2,9999.0,0
108000,3600,1400,3893.49,1321.66,1.2,12.21,303.7655933446049,11.010000000000002,27.58997214755721,0
108000,3600,1400,3631.53,1422.8,1.2,0.0,38.90990747868736,-1.2,9999.0,0
108000,3600,1400,3904.24,1656.35,1.2,12.33,397.8407974303287,11.13,35.74490542949943,0
108000,3600,1400,3665.7,1420.67,1.2,0.0,68.87480598883731,-1.2,9999.0,0
108000,3600,1400,3646.63,1376.07,1.2,0.0,52.41184789720749,-1.2,9999.0,0
108000,3600,1400,3837.93,1667.6,1.2,12.66,358.0788249813159,11.46,31.24597076625793,0
108000,3600,1400,3623.12,1435.25,1.2,0.0,42.15562714513918,-1.2,9999.0,0
108000,3600,1400,3581.34,1470.85,1.2,0.0,73.26607741649597,-1.2,9999.0,0
108000,3600,1400,3694.78,1415.19,1.2,0.0,95.98950203017016,-1.2,9999.0,0
108000,3600,1400,3546.39,1481.16,1.2,0.0,97.26755728401956,-1.2,9999.0,0
108000,3600,1400,3647.02,1408.17,1.2,0.0,47.72451466489732,-1.2,9999.0,0
108000,3600,1400,3575.04,1466.79,1.2,0.0,71.30151260667614,-1.2,9999.0,0
108000,3600,1400,3618.93,1441.47,1.2,0.0,45.58624573267683,-1.2,9999.0,0
108000,3600,1400,3641.61,1346.51,1.2,0.0,67.76851924013104,-1.2,9999.0,0
108000,3600,1400,3649.8,1382.79,1.2,0.0,52.68988612627683,-1.2,9999.0,0
108000,3600,1400,3687.53,1416.68,1.2,0.0,89.10512499289835,-1.2,9999.0,0
108000,3600,1400,3642.8,1353.92,1.2,0.0,62.89043170467197,-1.2,9999.0,0
108000,3600,1400,3645.13,1368.74,1.2,0.0,54.89903915370477,-1.2,9999.0,0
108000,3600,1400,3640.07,1435.0,1.2,10.2,53.20342940074458,9.0,5.911492155638287,0
108000,3600,1400,3515.95,1526.95,1.2,13.15,152.25211000179945,11.95,12.740762343246816,0
108000,3600,1400,3633.55,1414.17,1.2,0.0,36.41965678037088,-1.2,9999.0,0
108000,3600,1400,3635.66,1416.73,1.2,0.0,39.38944655615245,-1.2,9999.0,0
108000,3600,1400,3614.73,1447.68,1.2,0.0,49.90345979989771,-1.2,9999.0,0
108000,3600,1400,3569.91,1467.31,1.2,0.0,73.72953410947339,-1.2,9999.0,0
108000,3600,1400,3667.15,1379.5,1.2,0.0,70.20949009927371,-1.2,9999.0,0
108000,3600,1400,3643.98,1361.33,1.2,0.0,58.56286622084004,-1.2,9999.0,0
108000,3600,1400,3719.32,1410.16,1.2,14.5,119.75177660477544,13.3,9.003892977802664,0
108000,3600,1400,4105.18,1333.16,1.2,2.9,509.5825919318676,1.7,299.75446584227507,0
108000,3600,1400,3639.32,1414.35,1.2,0.0,41.856718696047,-1.2,9999.0,0
108000,3600,1400,3610.53,1453.9,1.2,0.0,54.91894846043589,-1.2,9999.0,0
108000,3600,1400,3554.94,1468.84,1.2,0.0,82.27605483978911,-1.2,9999.0,0
108000,3600,1400,3831.44,1104.52,1.2,24.09,375.3303931205146,22.89,16.397133819157474,0
108000,3600,1400,3623.32,1429.24,1.2,0.0,37.40053475553536,-1.2,9999.0,0
108000,3600,1400,3695.54,1352.47,1.2,1.75,106.70985193504858,0.55,194.0179126091792,0
108000,3600,1400,3653.25,1333.37,1.2,0.0,85.29431047848394,-1.2,9999.0,0
108000,3600,1400,3383.12,1726.6,1.2,9.98,392.0516476180147,8.780000000000001,44.65280724578755,0
108000,3600,1400,3553.9,1457.27,1.2,0.31,73.51913288389622,-0.8899999999999999,9999.0,0
108000,3600,1400,3630.85,1412.44,1.2,0.0,33.26373550880893,-1.2,9999.0,0
108000,3600,1400,3698.45,1350.54,1.2,6.93,110.17574188540765,5.73,19.227878164992607,0
108000,3600,1400,3713.64,1300.12,1.2,13.5,151.2946264743067,12.3,12.300376136122496,0
108000,3600,1400,3713.74,1620.67,1.2,12.35,248.25800389916932,11.15,22.26529182952191,0
108000,3600,1400,3704.3,1357.61,1.2,3.83,112.5850882666086,2.63,42.80801835232266,0
108000,3600,1400,3424.4,1670.87,1.2,13.19,322.809412657066,11.99,26.923220405093076,0
108000,3600,1400,3528.85,1432.28,1.2,13.09,78.13015359001933,11.89,6.571081042053771,0
108000,3600,1400,4055.0,1283.92,1.2,13.21,469.5738135799312,12.010000000000002,39.09856899083523,0
108000,3600,1400,3787.13,1181.28,1.2,27.49,287.84731247659766,26.29,10.948927823377621,0
108000,3600,1400,3626.54,1418.75,1.2,0.08,32.49513963656716,-1.12,9999.0,0
108000,3600,1400,3619.13,1435.46,1.2,0.0,40.29104739269019,-1.2,9999.0,0
108000,3600,1400,4021.97,1344.7,1.2,17.21,425.5781607413612,16.01,26.58202128303318,0
108000,3600,1400,3581.59,1482.86,1.2,25.02,84.88054959765505,23.82,3.563415180422126,0
108000,3600,1400,3715.17,1360.23,1.2,9.81,121.84326735605876,8.610000000000001,14.15136670802076,0
108000,3600,1400,3885.47,1372.74,1.2,21.46,286.768597478873,20.26,14.154422382965103,0
108000,3600,1400,3653.29,1407.08,1.2,0.0,53.75825983046694,-1.2,9999.0,0
109000,3600,1400,3640.64,1410.24,1.2,0.0,41.91022786862403,-1.2,9999.0,0
109000,3600,1400,3529.22,1564.67,1.2,14.03,179.23732116944856,12.83,13.970173123105889,0
109000,3600,1400,3759.11,1395.45,1.2,5.82,159.1750438982193,4.62,34.45347270524227,0
109000,3600,1400,3551.04,1480.08,1.2,4.24,93.86100361705064,3.04,30.87533013718771,0
109000,3600,1400,3630.1,1183.01,1.2,1.82,219.0677294810899,0.6200000000000001,353.33504755014496,0
109000,3600,1400,3567.2,1449.88,1.2,0.0,59.69802676806013,-1.2,9999.0,0
109000,3600,1400,3645.75,1333.57,1.2,0.0,80.65982519197527,-1.2,9999.0,0
109000,3600,1400,3673.03,1419.66,1.2,0.0,75.6299973555469,-1.2,9999.0,0
109000,3600,1400,3627.32,1429.03,1.2,0.0,39.86380940151113,-1.2,9999.0,0
109000,3600,1400,3662.76,1385.58,1.2,0.0,64.39529485917453,-1.2,9999.0,0
109000,3600,1400,3680.28,1418.17,1.2,0.0,82.3105540012946,-1.2,9999.0,0
109000,3600,1400,3641.18,1411.75,1.2,0.0,42.82353208225574,-1.2,9999.0,0
109000,3600,1400,3658.35,1420.38,1.2,0.0,61.8066897673706,-1.2,9999.0,0
109000,3600,1400,3550.66,1475.0,1.2,0.0,89.77435936836316,-1.2,9999.0,0
109000,3600,1400,3881.13,1324.24,1.2,12.62,291.15915664804373,11.42,25.49554786760453,0
109000,3600,1400,3631.53,1422.8,1.2,0.0,38.90990747868736,-1.2,9999.0,0
109000,3600,1400,3915.35,1650.12,1.2,12.74,402.49923838437246,11.54,34.878616844399694,0
109000,3600,1400,3665.7,1420.67,1.2,0.0,68.87480598883731,-1.2,9999.0,0
109000,3600,1400,3646.63,1376.07,1.2,0.0,52.41184789720749,-1.2,9999.0,0
109000,3600,1400,3851.17,1668.0,1.2,13.25,367.30146868750745,12.05,30.481449683610574,0
109000,3600,1400,3623.12,1435.25,1.2,0.0,42.15562714513918,-1.2,9999.0,0
109000,3600,1400,3581.34,1470.85,1.2,0.0,73.26607741649597,-1.2,9999.0,0
109000,3600,1400,3694.78,1415.19,1.2,0.0,95.98950203017016,-1.2,9999.0,0
109000,3600,1400,3546.39,1481.16,1.2,0.0,97.26755728401956,-1.2,9999.0,0
109000,3600,1400,3647.02,1408.17,1.2,0.0,47.72451466489732,-1.2,9999.0,0
109000,3600,1400,3575.04,1466.79,1.2,0.0,71.30151260667614,-1.2,9999.0,0
109000,3600,1400,3618.93,1441.47,1.2,0.0,45.58624573267683,-1.2,9999.0,0
109000,3600,1400,3641.61,1346.51,1.2,0.0,67.76851924013104,-1.2,9999.0,0
109000,3600,1400,3649.8,1382.79,1.2,0.0,52.68988612627683,-1.2,9999.0,0
109000,3600,1400,3687.53,1416.68,1.2,0.0,89.10512499289835,-1.2,9999.0,0
109000,3600,1400,3642.8,1353.92,1.2,0.0,62.89043170467197,-1.2,9999.0,0
109000,3600,1400,3645.13,1368.74,1.2,0.0,54.89903915370477,-1.2,9999.0,0
109000,3600,1400,3633.61,1444.6,1.2,11.57,55.84614668891669,10.37,5.385356479162652,0
109000,3600,1400,3523.54,1515.02,1.2,14.14,138.1149231618365,12.94,10.673487106787983,0
109000,3600,1400,3633.55,1414.17,1.2,0.0,36.41965678037088,-1.2,9999.0,0
109000,3600,1400,3635.66,1416.73,1.2,0.0,39.38944655615245,-1.2,9999.0,0
109000,3600,1400,3614.73,1447.68,1.2,0.0,49.90345979989771,-1.2,9999.0,0
109000,3600,1400,3569.91,1467.31,1.2,0.0,73.72953410947339,-1.2,9999.0,0
109000,3600,1400,3667.15,1379.5,1.2,0.0,70.20949009927371,-1.2,9999.0,0
109000,3600,1400,3643.98,1361.33,1.2,0.0,58.56286622084004,-1.2,9999.0,0
109000,3600,1400,3709.65,1412.14,1.2,10.0,110.31999864031916,8.8,12.53636348185445,0
109000,3600,1400,4103.26,1330.77,1.2,3.34,507.9994296256643,2.14,237.38291104003002,0
109000,3600,1400,3639.32,1414.35,1.2,0.0,41.856718696047,-1.2,9999.0,0
109000,3600,1400,3610.53,1453.9,1.2,0.0,54.91894846043589,-1.2,9999.0,0
109000,3600,1400,3554.94,1468.84,1.2,0.0,82.27605483978911,-1.2,9999.0,0
109000,3600,1400,3825.51,1130.13,1.2,26.52,351.6881814903652,25.32,13.88973860546466,0
109000,3600,1400,3623.32,1429.24,1.2,0.0,37.40053475553536,-1.2,9999.0,0
109000,3600,1400,3692.56,1350.67,1.2,3.48,104.88471051588016,2.28,46.002066015736915,0
109000,3600,1400,3653.25,1333.37,1.2,0.0,85.29431047848394,-1.2,9999.0,0
109000,3600,1400,3389.85,1716.54,1.2,12.1,379.94814659371616,10.9,34.85762812786387,0
109000,3600,1400,3553.95,1457.32,1.2,0.07,73.52676315465008,-1.13,9999.0,0
109000,3600,1400,3630.85,1412.44,1.2,0.0,33.26373550880893,-1.2,9999.0,0
109000,3600,1400,3705.88,1354.83,1.2,8.58,115.11256794981176,7.38,15.597908936288857,0
109000,3600,1400,3724.9,1288.73,1.2,15.7,167.2752907634598,14.5,11.536226949204124,0
109000,3600,1400,3723.79,1629.58,1.2,13.45,260.8274151618268,12.25,21.292033890761374,0
109000,3600,1400,3702.36,1356.48,1.2,2.24,111.22751458159992,1.0400000000000005,106.94953325153834,0
109000,3600,1400,3416.55,1682.51,1.2,14.04,336.84685333248984,12.84,26.234178608449366,0
109000,3600,1400,3538.3,1441.65,1.2,13.32,74.44200763010079,12.12,6.142079837467063,0
109000,3600,1400,4068.06,1281.25,1.2,13.33,482.8889376450862,12.13,39.80947548599226,0
109000,3600,1400,3801.46,1158.2,1.2,27.28,314.7274560631785,26.08,12.06777055456973,0
109000,3600,1400,3626.56,1418.71,1.2,0.04,32.48842409228245,-1.16,9999.0,0
109000,3600,1400,3619.13,1435.46,1.2,0.0,40.29104739269019,-1.2,9999.0,0
109000,3600,1400,4035.45,1341.96,1.2,13.75,439.3009721136522,12.55,35.004061523000175,0
109000,3600,1400,3592.81,1463.0,1.2,23.11,63.40895914616483,21.91,2.89406477161866,0
109000,3600,1400,3725.63,1366.33,1.2,12.11,130.06369900937014,10.91,11.921512283168665,0
109000,3600,1400,3908.13,1368.09,1.2,23.13,309.7778962418075,21.93,14.125759062553923,0
109000,3600,1400,3653.29,1407.08,1.2,0.0,53.75825983046694,-1.2,9999.0,0
110000,3600,1400,3640.64,1410.24,1.2,0.0,41.91022786862403,-1.2,9999.0,0
110000,3600,1400,3538.1,1551.36,1.2,15.98,163.52816148908414,14.78,11.064151656906912,0
110000,3600,1400,3766.56,1393.92,1.2,7.6,166.67093327872132,6.4,26.042333324800204,0
110000,3600,1400,3547.37,1485.35,1.2,6.42,100.27232619222512,5.22,19.209257891230866,0
110000,3600,1400,3629.77,1186.55,1.2,3.56,215.5160212142012,2.3600000000000003,91.32034797211914,0
110000,3600,1400,3568.21,1448.27,1.2,1.9,57.79789788564975,0.7,82.56842555092823,0
110000,3600,1400,3645.75,1333.57,1.2,0.0,80.65982519197527,-1.2,9999.0,0
110000,3600,1400,3730.07,1411.22,1.2,0.0,130.55302868949477,-1.2,9999.0,0
110000,3600,1400,3673.03,1419.66,1.2,0.0,75.6299973555469,-1.2,9999.0,0
110000,3600,1400,3627.32,1429.03,1.2,0.0,39.86380940151113,-1.2,9999.0,0
110000,3600,1400,3662.76,1385.58,1.2,0.0,64.39529485917453,-1.2,9999.0,0
110000,3600,1400,3680.28,1418.17,1.2,0.0,82.3105540012946,-1.2,9999.0,0
110000,3600,1400,3641.18,1411.75,1.2,0.0,42.82353208225574,-1.2,9999.0,0
110000,3600,1400,3658.35,1420.38,1.2,0.0,61.8066897673706,-1.2,9999.0,0
110000,3600,1400,3550.66,1475.0,1.2,0.0,89.77435936836316,-1.2,9999.0,0
110000,3600,1400,3869.63,1326.64,1.2,11.74,279.4316132795286,10.54,26.511538261814863,0
110000,3600,1400,3631.53,1422.8,1.2,0.0,38.90990747868736,-1.2,9999.0,0
110000,3600,1400,3926.05,1644.11,1.2,12.28,407.30614358244105,11.08,36.76048227278349,0
110000,3600,1400,3665.7,1420.67,1.2,0.0,68.87480598883731,-1.2,9999.0,0
110000,3600,1400,3646.63,1376.07,1.2,0.0,52.41184789720749,-1.2,9999.0,0
110000,3600,1400,3863.57,1667.14,1.2,12.45,375.2771302650884,11.25,33.357967134674524,0
110000,3600,1400,3623.12,1435.25,1.2,0.0,42.15562714513918,-1.2,9999.0,0
110000,3600,1400,3581.34,1470.85,1.2,0.0,73.26607741649597,-1.2,9999.0,0
110000,3600,1400,3694.78,1415.19,1.2,0.0,95.98950203017016,-1.2,9999.0,0
110000,3600,1400,3546.39,1481.16,1.2,0.0,97.26755728401956,-1.2,9999.0,0
110000,3600,1400,3647.02,1408.17,1.2,0.0,47.72451466489732,-1.2,9999.0,0
110000,3600,1400,3575.04,1466.79,1.2,0.0,71.30151260667614,-1.2,9999.0,0
110000,3600,1400,3618.93,1441.47,1.2,0.0,45.58624573267683,-1.2,9999.0,0
110000,3600,1400,3641.61,1346.51,1.2,0.0,67.76851924013104,-1.2,9999.0,0
110000,3600,1400,3649.8,1382.79,1.2,0.0,52.68988612627683,-1.2,9999.0,0
110000,3600,1400,3687.53,1416.68,1.2,0.0,89.10512499289835,-1.2,9999.0,0
110000,3600,1400,3642.8,1353.92,1.2,0.0,62.89043170467197,-1.2,9999.0,0
110000,3600,1400,3645.13,1368.74,1.2,0.0,54.89903915370477,-1.2,9999.0,0
110000,3600,1400,3625.83,1456.12,1.2,13.9,61.77898752812306,12.7,4.864487206938824,0
110000,3600,1400,3530.77,1503.83,1.2,13.32,124.79367692315178,12.12,10.296507996959718,0
110000,3600,1400,3633.55,1414.17,1.2,0.0,36.41965678037088,-1.2,9999.0,0
110000,3600,1400,3635.66,1416.73,1.2,0.0,39.38944655615245,-1.2,9999.0,0
110000,3600,1400,3614.73,1447.68,1.2,0.0,49.90345979989771,-1.2,9999.0,0
110000,3600,1400,3569.91,1467.31,1.2,0.0,73.72953410947339,-1.2,9999.0,0
110000,3600,1400,3667.15,1379.5,1.2,0.0,70.20949009927371,-1.2,9999.0,0
110000,3600,1400,3643.98,1361.33,1.2,0.0,58.56286622084004,-1.2,9999.0,0
110000,3600,1400,3704.33,1413.23,1.2,5.5,105.16549719370884,4.3,24.457092370629965,0
110000,3600,1400,4102.29,1325.2,1.2,5.65,507.8289909999231,4.45,114.11887438200519,0
110000,3600,1400,3639.32,1414.35,1.2,0.0,41.856718696047,-1.2,9999.0,0
110000,3600,1400,3610.53,1453.9,1.2,0.0,54.91894846043589,-1.2,9999.0,0
110000,3600,1400,3554.94,1468.84,1.2,0.0,82.27605483978911,-1.2,9999.0,0
110000,3600,1400,3812.54,1152.57,1.2,26.09,326.18224430523503,24.89,13.104951559069306,0
110000,3600,1400,3623.32,1429.24,1.2,0.0,37.40053475553536,-1.2,9999.0,0
110000,3600,1400,3687.88,1347.84,1.2,5.47,102.19373757721178,4.27,23.932959619955923,0
110000,3600,1400,3653.25,1333.37,1.2,0.0,85.29431047848394,-1.2,9999.0,0
110000,3600,1400,3397.79,1704.67,1.2,14.28,365.6674623206173,13.08,27.9562280061634,0
110000,3600,1400,3553.96,1457.33,1.2,0.01,73.52829727390666,-1.19,9999.0,0
110000,3600,1400,3630.85,1412.44,1.2,0.0,33.26373550880893,-1.2,9999.0,0
110000,3600,1400,3714.95,1360.11,1.2,10.49,121.67462594970227,9.29,13.097376313207997,0
110000,3600,1400,3734.52,1273.78,1.2,17.73,184.4644106596175,16.53,11.159371485760284,0
110000,3600,1400,3729.81,1641.24,1.2,13.33,273.9477572457931,12.13,22.584316343428945,0
110000,3600,1400,3699.1,1354.58,1.2,3.78,109.01278090205749,2.58,42.253015853510654,0
110000,3600,1400,3408.52,1694.43,1.2,14.37,351.21733342760865,13.17,26.66798279632564,0
110000,3600,1400,3544.53,1447.89,1.2,8.82,73.28282882094541,7.62,9.617169136607009,0
110000,3600,1400,4081.12,1279.56,1.2,13.22,495.96597463938986,12.02,41.26172833938352,0
110000,3600,1400,3815.76,1135.36,1.2,27.06,341.4479567957614,25.86,13.203710626286211,0
110000,3600,1400,3626.57,1418.7,1.2,0.02,32.49084332546649,-1.18,9999.0,0
110000,3600,1400,3619.13,1435.46,1.2,0.0,40.29104739269019,-1.2,9999.0,0
110000,3600,1400,4044.52,1340.12,1.2,9.25,448.5349984114952,8.05,55.71863334304288,0
110000,3600,1400,3603.23,1447.56,1.2,18.62,47.6695552737803,17.42,2.736484229264081,0
110000,3600,1400,3738.3,1366.56,1.2,13.12,142.2853597528574,11.92,11.936691254434345,0
110000,3600,1400,3932.79,1363.02,1.2,25.17,334.8383259126708,23.97,13.96905823582273,0
110000,3600,1400,3653.29,1407.08,1.2,0.0,53.75825983046694,-1.2,9999.0,0
111000,3600,1400,3640.64,1410.24,1.2,0.0,41.91022786862403,-1.2,9999.0,0
111000,3600,1400,3546.66,1535.66,1.2,18.01,145.76965116237344,16.810000000000002,8.671603281521321,0
111000,3600,1400,3776.74,1395.09,1.2,9.74,176.8081890071835,8.540000000000001,20.70353501255076,0
111000,3600,1400,3542.47,1492.42,1.2,8.6,108.86302081055824,7.399999999999999,14.711219028453819,0
111000,3600,1400,3629.21,1192.51,1.2,5.99,209.53597352244796,4.79,43.74446211324592,0
111000,3600,1400,3570.42,1444.69,1.2,4.21,53.59265341443732,3.01,17.804868243999113,0
111000,3600,1400,3645.75,1333.57,1.2,0.0,80.65982519197527,-1.2,9999.0,0
111000,3600,1400,3728.3,1408.31,1.2,1.3,128.56883798183776,0.1,1285.6883798183776,0
111000,3600,1400,3673.03,1419.66,1.2,0.0,75.6299973555469,-1.2,9999.0,0
111000,3600,1400,3627.32,1429.03,1.2,0.0,39.86380940151113,-1.2,9999.0,0
111000,3600,1400,3662.76,1385.58,1.2,0.0,64.39529485917453,-1.2,9999.0,0
111000,3600,1400,3680.28,1418.17,1.2,0.0,82.3105540012946,-1.2,9999.0,0
111000,3600,1400,3641.18,1411.75,1.2,0.0,42.82353208225574,-1.2,9999.0,0
111000,3600,1400,3658.35,1420.38,1.2,0.0,61.8066897673706,-1.2,9999.0,0
111000,3600,1400,3550.66,1475.0,1.2,0.0,89.77435936836316,-1.2,9999.0,0
111000,3600,1400,3857.18,1329.24,1.2,12.71,266.7368178561031,11.510000000000002,23.174354288106258,0
111000,3600,1400,3631.53,1422.8,1.2,0.0,38.90990747868736,-1.2,9999.0,0
111000,3600,1400,3937.09,1639.98,1.2,11.79,413.7874677899273,10.59,39.073415277613535,0
111000,3600,1400,3665.7,1420.67,1.2,0.0,68.87480598883731,-1.2,9999.0,0
111000,3600,1400,3646.63,1376.07,1.2,0.0,52.41184789720749,-1.2,9999.0,0
111000,3600,1400,3876.5,1665.97,1.2,12.99,383.656475118041,11.79,32.5408375842274,0
111000,3600,1400,3623.12,1435.25,1.2,0.0,42.15562714513918,-1.2,9999.0,0
111000,3600,1400,3581.34,1470.85,1.2,0.0,73.26607741649597,-1.2,9999.0,0
111000,3600,1400,3694.78,1415.19,1.2,0.0,95.98950203017016,-1.2,9999.0,0
111000,3600,1400,3546.39,1481.16,1.2,0.0,97.26755728401956,-1.2,9999.0,0
111000,3600,1400,3647.02,1408.17,1.2,0.0,47.72451466489732,-1.2,9999.0,0
111000,3600,1400,3575.04,1466.79,1.2,0.0,71.30151260667614,-1.2,9999.0,0
111000,3600,1400,3618.93,1441.47,1.2,0.0,45.58624573267683,-1.2,9999.0,0
111000,3600,1400,3641.61,1346.51,1.2,0.0,67.76851924013104,-1.2,9999.0,0
111000,3600,1400,3649.8,1382.79,1.2,0.0,52.68988612627683,-1.2,9999.0,0
111000,3600,1400,3687.53,1416.68,1.2,0.0,89.10512499289835,-1.2,9999.0,0
111000,3600,1400,3642.8,1353.92,1.2,0.0,62.89043170467197,-1.2,9999.0,0
111000,3600,1400,3645.13,1368.74,1.2,0.0,54.89903915370477,-1.2,9999.0,0
111000,3600,1400,3617.31,1468.75,1.2,15.23,70.89568816225707,14.03,5.053149548272065,0
111000,3600,1400,3536.55,1495.32,1.2,10.29,114.5067897550183,9.09,12.597006573709384,0
111000,3600,1400,3633.55,1414.17,1.2,0.0,36.41965678037088,-1.2,9999.0,0
111000,3600,1400,3635.66,1416.73,1.2,0.0,39.38944655615245,-1.2,9999.0,0
111000,3600,1400,3614.73,1447.68,1.2,0.0,49.90345979989771,-1.2,9999.0,0
111000,3600,1400,3569.91,1467.31,1.2,0.0,73.72953410947339,-1.2,9999.0,0
111000,3600,1400,3667.15,1379.5,1.2,0.0,70.20949009927371,-1.2,9999.0,0
111000,3600,1400,3643.98,1361.33,1.2,0.0,58.56286622084004,-1.2,9999.0,0
111000,3600,1400,3702.6,1416.86,1.2,1.58,103.97605301221998,0.3800000000000001,273.6211921374209,0
111000,3600,1400,4100.92,1318.04,1.2,7.29,507.5808191805518,6.09,83.34660413473758,0
111000,3600,1400,3639.32,1414.35,1.2,0.0,41.856718696047,-1.2,9999.0,0
111000,3600,1400,3610.53,1453.9,1.2,0.0,54.91894846043589,-1.2,9999.0,0
111000,3600,1400,3554.94,1468.84,1.2,0.0,82.27605483978911,-1.2,9999.0,0
111000,3600,1400,3799.08,1174.15,1.2,25.54,301.066552277067,24.34,12.36920921434129,0
111000,3600,1400,3623.32,1429.24,1.2,0.0,37.40053475553536,-1.2,9999.0,0
111000,3600,1400,3681.95,1344.26,1.2,6.92,99.10978811398988,5.72,17.326886033914317,0
111000,3600,1400,3653.25,1333.37,1.2,0.0,85.29431047848394,-1.2,9999.0,0
111000,3600,1400,3405.83,1692.69,1.2,14.43,351.2398397107026,13.23,26.54874071887397,0
111000,3600,1400,3553.96,1457.33,1.2,0.0,73.52829727390666,-1.2,9999.0,0
111000,3600,1400,3630.85,1412.44,1.2,0.0,33.26373550880893,-1.2,9999.0,0
111000,3600,1400,3726.05,1366.57,1.2,12.85,130.40769685873624,11.65,11.193793721779935,0
111000,3600,1400,3744.84,1256.37,1.2,20.23,203.98088758508743,19.03,10.71891159143917,0
111000,3600,1400,3732.45,1653.5,1.2,12.55,286.0161752418907,11.35,25.199663016906673,0
111000,3600,1400,3694.1,1352.52,1.2,5.49,105.40000189753312,4.29,24.56876501107998,0
111000,3600,1400,3400.86,1705.84,1.2,13.75,364.9586897170691,12.55,29.080373682634985,0
111000,3600,1400,3547.77,1451.13,1.2,4.59,73.09069571429741,3.39,21.560677201857644,0
111000,3600,1400,4093.78,1283.9,1.2,13.64,507.2454025420045,12.44,40.775353902090394,0
111000,3600,1400,3824.29,1108.96,1.2,28.13,367.4374582156805,26.93,13.644168518963257,0
111000,3600,1400,3626.58,1418.69,1.2,0.01,32.49326853365168,-1.19,9999.0,0
111000,3600,1400,3619.13,1435.46,1.2,0.0,40.29104739269019,-1.2,9999.0,0
111000,3600,1400,4049.9,1339.03,1.2,5.5,454.0125008190855,4.3,105.5843025160664,0
111000,3600,1400,3611.14,1435.86,1.2,14.12,37.55048867857767,12.92,2.906384572645331,0
111000,3600,1400,3750.92,1364.87,1.2,12.73,154.95471370694094,11.53,13.43926398152133,0
111000,3600,1400,3956.71,1358.11,1.2,24.42,359.1612398352584,23.22,15.467753653542568,0
111000,3600,1400,3653.29,1407.08,1.2,0.0,53.75825983046694,-1.2,9999.0,0
112000,3600,1400,3640.64,1410.24,1.2,0.0,41.91022786862403,-1.2,9999.0,0
112000,3600,1400,3557.7,1519.06,1.2,19.94,126.3509936644742,18.74,6.742315563739286,0
112000,3600,1400,3788.68,1392.63,1.2,12.18,188.82388434729316,10.98,17.197075077166954,0
112000,3600,1400,3536.36,1501.23,1.2,10.72,119.57241529717456,9.52,12.560127657266236,0
112000,3600,1400,3628.99,1200.62,1.2,8.11,201.47656067145883,6.909999999999999,29.15724467025454,0
112000,3600,1400,3573.44,1439.81,1.2,5.74,47.85676232258084,4.54,10.541137075458336,0
112000,3600,1400,3645.75,1333.57,1.2,0.0,80.65982519197527,-1.2,9999.0,0
112000,3600,1400,3725.21,1408.95,1.2,3.2,125.52946506697148,2.0,62.76473253348574,0
112000,3600,1400,3673.03,1419.66,1.2,0.0,75.6299973555469,-1.2,9999.0,0
112000,3600,1400,3627.32,1429.03,1.2,0.0,39.86380940151113,-1.2,9999.0,0
112000,3600,1400,3662.76,1385.58,1.2,0.0,64.39529485917453,-1.2,9999.0,0
112000,3600,1400,3680.28,1418.17,1.2,0.0,82.3105540012946,-1.2,9999.0,0
112000,3600,1400,3641.18,1411.75,1.2,0.0,42.82353208225574,-1.2,9999.0,0
112000,3600,1400,3658.35,1420.38,1.2,0.0,61.8066897673706,-1.2,9999.0,0
112000,3600,1400,3550.66,1475.0,1.2,0.0,89.77435936836316,-1.2,9999.0,0
112000,3600,1400,3845.96,1331.58,1.2,11.47,255.29907559566297,10.27,24.85872206384255,0
112000,3600,1400,3631.53,1422.8,1.2,0.0,38.90990747868736,-1.2,9999.0,0
112000,3600,1400,3949.09,1635.54,1.2,12.8,421.1210273781162,11.6,36.30353684294105,0
112000,3600,1400,3665.7,1420.67,1.2,0.0,68.87480598883731,-1.2,9999.0,0
112000,3600,1400,3646.63,1376.07,1.2,0.0,52.41184789720749,-1.2,9999.0,0
112000,3600,1400,3889.13,1663.55,1.2,12.94,391.222135621184,11.74,33.32386163723884,0
112000,3600,1400,3623.12,1435.25,1.2,0.0,42.15562714513918,-1.2,9999.0,0
112000,3600,1400,3581.34,1470.85,1.2,0.0,73.26607741649597,-1.2,9999.0,0
112000,3600,1400,3694.78,1415.19,1.2,0.0,95.98950203017016,-1.2,9999.0,0
112000,3600,1400,3546.39,1481.16,1.2,0.0,97.26755728401956,-1.2,9999.0,0
112000,3600,1400,3647.02,1408.17,1.2,0.0,47.72451466489732,-1.2,9999.0,0
112000,3600,1400,3575.04,1466.79,1.2,0.0,71.30151260667614,-1.2,9999.0,0
112000,3600,1400,3618.93,1441.47,1.2,0.0,45.58624573267683,-1.2,9999.0,0
112000,3600,1400,3641.61,1346.51,1.2,0.0,67.76851924013104,-1.2,9999.0,0
112000,3600,1400,3649.8,1382.79,1.2,0.0,52.68988612627683,-1.2,9999.0,0
112000,3600,1400,3687.53,1416.68,1.2,0.0,89.10512499289835,-1.2,9999.0,0
112000,3600,1400,3642.8,1353.92,1.2,0.0,62.89043170467197,-1.2,9999.0,0
112000,3600,1400,3645.13,1368.74,1.2,0.0,54.89903915370477,-1.2,9999.0,0
112000,3600,1400,3607.47,1483.33,1.2,17.59,83.66414883329648,16.39,5.10458504168984,0
112000,3600,1400,3540.36,1489.83,1.2,6.69,107.82559297309696,5.49,19.640363018779045,0
112000,3600,1400,3633.55,1414.17,1.2,0.0,36.41965678037088,-1.2,9999.0,0
112000,3600,1400,3635.66,1416.73,1.2,0.0,39.38944655615245,-1.2,9999.0,0
112000,3600,1400,3614.73,1447.68,1.2,0.0,49.90345979989771,-1.2,9999.0,0
112000,3600,1400,3569.91,1467.31,1.2,0.0,73.72953410947339,-1.2,9999.0,0
112000,3600,1400,3667.15,1379.5,1.2,0.0,70.20949009927371,-1.2,9999.0,0
112000,3600,1400,3643.98,1361.33,1.2,0.0,58.56286622084004,-1.2,9999.0,0
112000,3600,1400,3699.51,1417.5,1.2,3.11,101.0370728990109,1.91,52.89899104660257,0
112000,3600,1400,4098.71,1308.48,1.2,9.81,507.0380404861158,8.610000000000001,58.88943559652912,0
112000,3600,1400,3639.32,1414.35,1.2,0.0,41.856718696047,-1.2,9999.0,0
112000,3600,1400,3610.53,1453.9,1.2,0.0,54.91894846043589,-1.2,9999.0,0
112000,3600,1400,3554.94,1468.84,1.2,0.0,82.27605483978911,-1.2,9999.0,0
112000,3600,1400,3785.3,1196.37,1.2,26.25,275.32029874311866,25.05,10.990830289146453,0
112000,3600,1400,3623.32,1429.24,1.2,0.0,37.40053475553536,-1.2,9999.0,0
112000,3600,1400,3674.35,1339.58,1.2,8.92,95.80448267174138,7.72,12.409907081831786,0
112000,3600,1400,3653.25,1333.37,1.2,0.0,85.29431047848394,-1.2,9999.0,0
112000,3600,1400,3413.96,1680.64,1.2,14.53,336.70415976046394,13.33,25.259126763725728,0
112000,3600,1400,3553.96,1457.33,1.2,0.0,73.52829727390666,-1.2,9999.0,0
112000,3600,1400,3630.85,1412.44,1.2,0.0,33.26373550880893,-1.2,9999.0,0
112000,3600,1400,3738.79,1366.5,1.2,13.13,142.77574759040834,11.93,11.967791080503634,0
112000,3600,1400,3755.91,1237.49,1.2,21.9,225.2053023354467,20.7,10.879483204610953,0
112000,3600,1400,3737.25,1665.69,1.2,13.14,299.0463820212511,11.94,25.045760638295736,0
112000,3600,1400,3688.33,1355.73,1.2,6.93,98.80294428811312,5.73,17.243096734400194,0
112000,3600,1400,3392.95,1717.66,1.2,14.22,379.1801393796887,13.02,29.122898569868564,0
112000,3600,1400,3548.65,1452.01,1.2,1.24,73.08804690234915,0.04,1827.2011725587288,0
112000,3600,1400,4099.18,1296.31,1.2,13.88,509.835550447397,12.68,40.207850981655916,0
112000,3600,1400,3826.45,1082.0,1.2,27.22,390.3890399332439,26.02,15.003421980524363,0
112000,3600,1400,3626.58,1418.69,1.2,0.0,32.49326853365168,-1.2,9999.0,0
112000,3600,1400,3619.13,1435.46,1.2,0.0,40.29104739269019,-1.2,9999.0,0
112000,3600,1400,4051.95,1340.48,1.2,2.83,455.85242447528987,1.63,279.66406409526985,0
112000,3600,1400,3620.27,1422.34,1.2,16.31,30.165352641731136,15.11,1.996383364773735,0
112000,3600,1400,3763.97,1360.64,1.2,13.8,168.62790546051363,12.6,13.383167100040765,0
112000,3600,1400,3981.16,1353.09,1.2,24.96,384.03579741998,23.76,16.163122787036194,0
112000,3600,1400,3653.29,1407.08,1.2,0.0,53.75825983046694,-1.2,9999.0,0
113000,3600,1400,3640.64,1410.24,1.2,0.0,41.91022786862403,-1.2,9999.0,0
113000,3600,1400,3569.47,1501.23,1.2,21.37,105.73359825523777,20.17,5.242121876809011,0
113000,3600,1400,3802.7,1389.75,1.2,14.31,202.95899216344156,13.11,15.481235100186238,0
113000,3600,1400,3529.27,1511.99,1.2,12.89,132.4556265320579,11.69,11.33067806091171,0
113000,3600,1400,3628.85,1210.6,1.2,9.98,191.58466144240265,8.780000000000001,21.820576474077747,0
113000,3600,1400,3577.78,1432.81,1.2,8.23,39.6260583454876,7.03,5.636708157252859,0
113000,3600,1400,3645.75,1333.57,1.2,0.0,80.65982519197527,-1.2,9999.0,0
113000,3600,1400,3720.56,1409.9,1.2,4.81,120.96579516541024,3.61,33.50853051673414,0
113000,3600,1400,3536.79,1494.98,1.2,0.0,114.09077307126992,-1.2,9999.0,0
113000,3600,1400,3712.58,1319.28,1.2,0.0,138.52788455758642,-1.2,9999.0,0
113000,3600,1400,3673.03,1419.66,1.2,0.0,75.6299973555469,-1.2,9999.0,0
113000,3600,1400,3627.32,1429.03,1.2,0.0,39.86380940151113,-1.2,9999.0,0
113000,3600,1400,3662.76,1385.58,1.2,0.0,64.39529485917453,-1.2,9999.0,0
113000,3600,1400,3680.28,1418.17,1.2,0.0,82.3105540012946,-1.2,9999.0,0
113000,3600,1400,3641.18,1411.75,1.2,0.0,42.82353208225574,-1.2,9999.0,0
113000,3600,1400,3658.35,1420.38,1.2,0.0,61.8066897673706,-1.2,9999.0,0
113000,3600,1400,3550.66,1475.0,1.2,0.0,89.77435936836316,-1.2,9999.0,0
113000,3600,1400,3833.72,1334.55,1.2,12.61,242.71122944767083,11.41,21.271799250453185,0
113000,3600,1400,3631.53,1422.8,1.2,0.0,38.90990747868736,-1.2,9999.0,0
113000,3600,1400,3960.39,1631.36,1.2,12.05,428.26207128346056,10.85,39.47115864363692,0
113000,3600,1400,3665.7,1420.67,1.2,0.0,68.87480598883731,-1.2,9999.0,0
113000,3600,1400,3646.63,1376.07,1.2,0.0,52.41184789720749,-1.2,9999.0,0
113000,3600,1400,3901.27,1657.93,1.2,13.4,396.5999215834517,12.2,32.50819029372555,0
113000,3600,1400,3623.12,1435.25,1.2,0.0,42.15562714513918,-1.2,9999.0,0
113000,3600,1400,3581.34,1470.85,1.2,0.0,73.26607741649597,-1.2,9999.0,0
113000,3600,1400,3694.78,1415.19,1.2,0.0,95.98950203017016,-1.2,9999.0,0
113000,3600,1400,3546.39,1481.16,1.2,0.0,97.26755728401956,-1.2,9999.0,0
113000,3600,1400,3647.02,1408.17,1.2,0.0,47.72451466489732,-1.2,9999.0,0
113000,3600,1400,3575.04,1466.79,1.2,0.0,71.30151260667614,-1.2,9999.0,0
113000,3600,1400,3618.93,1441.47,1.2,0.0,45.58624573267683,-1.2,9999.0,0
113000,3600,1400,3641.61,1346.51,1.2,0.0,67.76851924013104,-1.2,9999.0,0
113000,3600,1400,3649.8,1382.79,1.2,0.0,52.68988612627683,-1.2,9999.0,0
113000,3600,1400,3687.53,1416.68,1.2,0.0,89.10512499289835,-1.2,9999.0,0
113000,3600,1400,3642.8,1353.92,1.2,0.0,62.89043170467197,-1.2,9999.0,0
113000,3600,1400,3645.13,1368.74,1.2,0.0,54.89903915370477,-1.2,9999.0,0
113000,3600,1400,3596.72,1499.26,1.2,19.22,99.31417824258529,18.02,5.511330646092413,0
113000,3600,1400,3541.61,1488.04,1.2,2.19,105.64295385874053,0.99,106.71005440276821,0
113000,3600,1400,3633.55,1414.17,1.2,0.0,36.41965678037088,-1.2,9999.0,0
113000,3600,1400,3635.66,1416.73,1.2,0.0,39.38944655615245,-1.2,9999.0,0
113000,3600,1400,3614.73,1447.68,1.2,0.0,49.90345979989771,-1.2,9999.0,0
113000,3600,1400,3569.91,1467.31,1.2,0.0,73.72953410947339,-1.2,9999.0,0
113000,3600,1400,3667.15,1379.5,1.2,0.0,70.20949009927371,-1.2,9999.0,0
113000,3600,1400,3643.98,1361.33,1.2,0.0,58.56286622084004,-1.2,9999.0,0
113000,3600,1400,3694.65,1418.49,1.2,4.9,96.43911343433231,3.7,26.064625252522244,0
113000,3600,1400,4095.9,1296.39,1.2,12.41,506.6081741346068,11.21,45.19252222431818,0
113000,3600,1400,3639.32,1414.35,1.2,0.0,41.856718696047,-1.2,9999.0,0
113000,3600,1400,3610.53,1453.9,1.2,0.0,54.91894846043589,-1.2,9999.0,0
113000,3600,1400,3554.94,1468.84,1.2,0.0,82.27605483978911,-1.2,9999.0,0
113000,3600,1400,3771.8,1218.11,1.2,25.67,250.1983455181111,24.47,10.224697405725832,0
113000,3600,1400,3623.32,1429.24,1.2,0.0,37.40053475553536,-1.2,9999.0,0
113000,3600,1400,3666.93,1336.09,1.2,8.21,92.54249294243152,7.010000000000001,13.20149685341391,0
113000,3600,1400,3653.25,1333.37,1.2,0.0,85.29431047848394,-1.2,9999.0,0
113000,3600,1400,3422.04,1668.65,1.2,14.46,322.2461545154574,13.260000000000002,24.302123266625745,0
113000,3600,1400,3553.96,1457.33,1.2,0.0,73.52829727390666,-1.2,9999.0,0
113000,3600,1400,3630.85,1412.44,1.2,0.0,33.26373550880893,-1.2,9999.0,0
113000,3600,1400,3768.25,1217.76,1.2,23.29,248.03120791545567,22.09,11.228212218897948,0
113000,3600,1400,3746.08,1674.02,1.2,12.41,310.52588748766175,11.21,27.70079281781104,0
113000,3600,1400,3684.19,1361.45,1.2,7.06,92.59621266552972,5.859999999999999,15.80140147875934,0
113000,3600,1400,3384.93,1729.65,1.2,14.42,393.6041506386844,13.22,29.77338507100487,0
113000,3600,1400,3548.66,1452.02,1.2,0.01,73.08813857254823,-1.19,9999.0,0
113000,3600,1400,4102.37,1310.07,1.2,14.12,510.3557796282902,12.92,39.50122133345899,0
113000,3600,1400,3824.27,1055.2,1.2,27.05,411.3199155158913,25.85,15.911795571214363,0
113000,3600,1400,3629.24,1420.46,1.2,0.0,35.687381523445914,-1.2,9999.0,0
113000,3600,1400,3619.13,1435.46,1.2,0.0,40.29104739269019,-1.2,9999.0,0
113000,3600,1400,4050.01,1342.27,1.2,2.85,453.69786532449126,1.65,274.9684032269644,0
113000,3600,1400,3628.83,1409.6,1.2,15.12,30.386327517487103,13.92,2.1829258274056826,0
113000,3600,1400,3776.64,1354.87,1.2,13.92,182.31403264696868,12.72,14.332864201805714,0
113000,3600,1400,4002.65,1348.67,1.2,21.94,405.90859981035146,20.74,19.571292179862656,0
113000,3600,1400,3653.29,1407.08,1.2,0.0,53.75825983046694,-1.2,9999.0,0
114000,3600,1400,3640.64,1410.24,1.2,0.0,41.91022786862403,-1.2,9999.0,0
114000,3600,1400,3582.49,1481.47,1.2,23.67,83.33043261618178,22.47,3.7085194755755135,0
114000,3600,1400,3819.18,1386.37,1.2,16.82,219.603390911889,15.62,14.059115935460243,0
114000,3600,1400,3521.6,1524.03,1.2,14.28,146.731049543033,13.08,11.217970148549924,0
114000,3600,1400,3629.08,1222.52,1.2,11.93,179.8465924058613,10.73,16.761099012661816,0
114000,3600,1400,3582.91,1424.06,1.2,10.18,29.511890823869663,8.98,3.286402096199294,1
114000,3600,1400,3645.75,1333.57,1.2,0.0,80.65982519197527,-1.2,9999.0,0
114000,3600,1400,3713.71,1411.31,1.2,7.08,114.2710820811635,5.88,19.433857496796513,0
114000,3600,1400,3537.1,1494.54,1.2,0.54,113.55272607912153,-0.6599999999999999,9999.0,0
114000,3600,1400,3711.76,1320.53,1.2,1.49,137.13416241039303,0.29,472.87642210480357,0
114000,3600,1400,3656.97,1399.36,1.2,0.0,56.97359476108189,-1.2,9999.0,0
114000,3600,1400,3673.03,1419.66,1.2,0.0,75.6299973555469,-1.2,9999.0,0
114000,3600,1400,3627.32,1429.03,1.2,0.0,39.86380940151113,-1.2,9999.0,0
114000,3600,1400,3662.76,1385.58,1.2,0.0,64.39529485917453,-1.2,9999.0,0
114000,3600,1400,3680.28,1418.17,1.2,0.0,82.3105540012946,-1.2,9999.0,0
114000,3600,1400,3641.18,1411.75,1.2,0.0,42.82353208225574,-1.2,9999.0,0
114000,3600,1400,3658.35,1420.38,1.2,0.0,61.8066897673706,-1.2,9999.0,0
114000,3600,1400,3550.66,1475.0,1.2,0.0,89.77435936836316,-1.2,9999.0,0
114000,3600,1400,3822.46,1338.86,1.2,12.05,230.70880173933557,10.85,21.26348403127517,0
114000,3600,1400,3631.53,1422.8,1.2,0.0,38.90990747868736,-1.2,9999.0,0
114000,3600,1400,3971.83,1626.27,1.2,12.52,435.2650477582595,11.32,38.45097595037628,0
114000,3600,1400,3665.7,1420.67,1.2,0.0,68.87480598883731,-1.2,9999.0,0
114000,3600,1400,3646.63,1376.07,1.2,0.0,52.41184789720749,-1.2,9999.0,0
114000,3600,1400,3911.97,1652.01,1.2,12.23,401.0415452294187,11.03,36.3591609455502,0
114000,3600,1400,3623.12,1435.25,1.2,0.0,42.15562714513918,-1.2,9999.0,0
114000,3600,1400,3581.34,1470.85,1.2,0.0,73.26607741649597,-1.2,9999.0,0
114000,3600,1400,3694.78,1415.19,1.2,0.0,95.98950203017016,-1.2,9999.0,0
114000,3600,1400,3546.39,1481.16,1.2,0.0,97.26755728401956,-1.2,9999.0,0
114000,3600,1400,3647.02,1408.17,1.2,0.0,47.72451466489732,-1.2,9999.0,0
114000,3600,1400,3575.04,1466.79,1.2,0.0,71.30151260667614,-1.2,9999.0,0
114000,3600,1400,3618.93,1441.47,1.2,0.0,45.58624573267683,-1.2,9999.0,0
114000,3600,1400,3641.61,1346.51,1.2,0.0,67.76851924013104,-1.2,9999.0,0
114000,3600,1400,3649.8,1382.79,1.2,0.0,52.68988612627683,-1.2,9999.0,0
114000,3600,1400,3687.53,1416.68,1.2,0.0,89.10512499289835,-1.2,9999.0,0
114000,3600,1400,3642.8,1353.92,1.2,0.0,62.89043170467197,-1.2,9999.0,0
114000,3600,1400,3645.13,1368.74,1.2,0.0,54.89903915370477,-1.2,9999.0,0
114000,3600,1400,3584.86,1516.83,1.2,21.2,117.80691193643936,20.0,5.890345596821968,0
114000,3600,1400,3542.04,1487.42,1.2,0.75,104.8885980457362,-0.4499999999999999,9999.0,0
114000,3600,1400,3633.55,1414.17,1.2,0.0,36.41965678037088,-1.2,9999.0,0
114000,3600,1400,3635.66,1416.73,1.2,0.0,39.38944655615245,-1.2,9999.0,0
114000,3600,1400,3614.73,1447.68,1.2,0.0,49.90345979989771,-1.2,9999.0,0
114000,3600,1400,3569.91,1467.31,1.2,0.0,73.72953410947339,-1.2,9999.0,0
114000,3600,1400,3667.15,1379.5,1.2,0.0,70.20949009927371,-1.2,9999.0,0
114000,3600,1400,3643.98,1361.33,1.2,0.0,58.56286622084004,-1.2,9999.0,0
114000,3600,1400,3687.86,1419.89,1.2,6.84,90.08324872028108,5.64,15.972207219907993,0
114000,3600,1400,4090.07,1285.47,1.2,12.95,503.2750001738613,11.75,42.83191490841373,0
114000,3600,1400,3639.32,1414.35,1.2,0.0,41.856718696047,-1.2,9999.0,0
114000,3600,1400,3610.53,1453.9,1.2,0.0,54.91894846043589,-1.2,9999.0,0
114000,3600,1400,3554.94,1468.84,1.2,0.0,82.27605483978911,-1.2,9999.0,0
114000,3600,1400,3758.42,1239.53,1.2,25.24,225.49394071681849,24.04,9.379947617172151,0
114000,3600,1400,3623.32,1429.24,1.2,0.0,37.40053475553536,-1.2,9999.0,0
114000,3600,1400,3662.74,1334.77,1.2,4.42,90.50558270073716,3.22,28.107323820104707,0
114000,3600,1400,3653.25,1333.37,1.2,0.0,85.29431047848394,-1.2,9999.0,0
114000,3600,1400,3430.32,1656.38,1.2,14.8,307.4443149580099,13.6,22.606199629265433,0
114000,3600,1400,3553.96,1457.33,1.2,0.0,73.52829727390666,-1.2,9999.0,0
114000,3600,1400,3630.85,1412.44,1.2,0.0,33.26373550880893,-1.2,9999.0,0
114000,3600,1400,3781.61,1196.25,1.2,25.26,272.94002015094827,24.06,11.344140488401841,0
114000,3600,1400,3758.21,1676.5,1.2,13.14,318.5634224138107,11.94,26.680353635997548,0
114000,3600,1400,3678.89,1368.76,1.2,9.03,84.85027813743442,7.829999999999999,10.836561703376043,0
114000,3600,1400,3378.33,1739.51,1.2,11.87,405.4684069073693,10.67,38.0007879013467,0
114000,3600,1400,3548.66,1452.02,1.2,0.0,73.08813857254823,-1.2,9999.0,0
114000,3600,1400,4104.86,1321.3,1.2,11.5,510.957248309484,10.3,49.607499835872225,0
114000,3600,1400,3818.35,1028.2,1.2,27.75,431.17509494403765,26.55,16.240116570396896,0
114000,3600,1400,3629.24,1420.46,1.2,0.0,35.687381523445914,-1.2,9999.0,0
114000,3600,1400,3619.13,1435.46,1.2,0.0,40.29104739269019,-1.2,9999.0,0
114000,3600,1400,4045.74,1343.14,1.2,4.36,449.35198586408825,3.16,142.1999955266102,0
114000,3600,1400,3639.02,1397.78,1.2,14.98,39.083101207555146,13.78,2.836219245831288,0
114000,3600,1400,3788.46,1349.49,1.2,12.98,195.1113315520142,11.78,16.562931371138728,0
114000,3600,1400,4019.73,1345.16,1.2,17.44,423.29741140243226,16.240000000000002,26.065111539558632,0
114000,3600,1400,3653.29,1407.08,1.2,0.0,53.75825983046694,-1.2,9999.0,0
115000,3600,1400,3640.64,1410.24,1.2,0.0,41.91022786862403,-1.2,9999.0,0
115000,3600,1400,3594.3,1460.8,1.2,24.1,61.066602983955086,22.9,2.666663885762231,0
115000,3600,1400,3838.12,1382.48,1.2,19.34,238.76365887630377,18.14,13.162274469476502,0
115000,3600,1400,3514.07,1535.84,1.2,14.01,160.7372716578204,12.81,12.547796382343513,0
115000,3600,1400,3630.18,1235.97,1.2,13.5,166.7833124146417,12.3,13.559618895499325,0
115000,3600,1400,3586.62,1412.97,1.2,11.69,18.63451904396793,10.49,1.7764079164888398,1
115000,3600,1400,3645.75,1333.57,1.2,0.0,80.65982519197527,-1.2,9999.0,0
115000,3600,1400,3706.53,1412.78,1.2,7.44,107.29384558305308,6.24,17.194526535745688,0
115000,3600,1400,3537.68,1493.7,1.2,1.01,112.53209497738868,-0.1899999999999999,9999.0,0
115000,3600,1400,3709.87,1323.42,1.2,3.46,133.92502865409423,2.26,59.25886223632489,0
115000,3600,1400,3656.5,1400.33,1.2,1.16,56.50096370859527,-0.04,9999.0,0
115000,3600,1400,3590.49,1380.07,1.2,0.0,22.082685525089712,-1.2,9999.0,1
115000,3600,1400,3673.03,1419.66,1.2,0.0,75.6299973555469,-1.2,9999.0,0
115000,3600,1400,3627.32,1429.03,1.2,0.0,39.86380940151113,-1.2,9999.0,0
115000,3600,1400,3662.76,1385.58,1.2,0.0,64.39529485917453,-1.2,9999.0,0
115000,3600,1400,3680.28,1418.17,1.2,0.0,82.3105540012946,-1.2,9999.0,0
115000,3600,1400,3641.18,1411.75,1.2,0.0,42.82353208225574,-1.2,9999.0,0
115000,3600,1400,3658.35,1420.38,1.2,0.0,61.8066897673706,-1.2,9999.0,0
115000,3600,1400,3550.66,1475.0,1.2,0.0,89.77435936836316,-1.2,9999.0,0
115000,3600,1400,3810.97,1343.28,1.2,12.31,218.46166551594337,11.11,19.66351624805971,0
115000,3600,1400,3631.53,1422.8,1.2,0.0,38.90990747868736,-1.2,9999.0,0
115000,3600,1400,3665.7,1420.67,1.2,0.0,68.87480598883731,-1.2,9999.0,0
115000,3600,1400,3646.63,1376.07,1.2,0.0,52.41184789720749,-1.2,9999.0,0
115000,3600,1400,3923.29,1645.66,1.2,12.98,406.0360325143571,11.78,34.46825403347683,0
115000,3600,1400,3623.12,1435.25,1.2,0.0,42.15562714513918,-1.2,9999.0,0
115000,3600,1400,3581.34,1470.85,1.2,0.0,73.26607741649597,-1.2,9999.0,0
115000,3600,1400,3694.78,1415.19,1.2,0.0,95.98950203017016,-1.2,9999.0,0
115000,3600,1400,3546.39,1481.16,1.2,0.0,97.26755728401956,-1.2,9999.0,0
115000,3600,1400,3647.02,1408.17,1.2,0.0,47.72451466489732,-1.2,9999.0,0
115000,3600,1400,3575.04,1466.79,1.2,0.0,71.30151260667614,-1.2,9999.0,0
115000,3600,1400,3618.93,1441.47,1.2,0.0,45.58624573267683,-1.2,9999.0,0
115000,3600,1400,3641.61,1346.51,1.2,0.0,67.76851924013104,-1.2,9999.0,0
115000,3600,1400,3649.8,1382.79,1.2,0.0,52.68988612627683,-1.2,9999.0,0
115000,3600,1400,3687.53,1416.68,1.2,0.0,89.10512499289835,-1.2,9999.0,0
115000,3600,1400,3642.8,1353.92,1.2,0.0,62.89043170467197,-1.2,9999.0,0
115000,3600,1400,3645.13,1368.74,1.2,0.0,54.89903915370477,-1.2,9999.0,0
115000,3600,1400,3571.91,1536.01,1.2,23.14,138.8804097056169,21.94,6.330009558141152,0
115000,3600,1400,3542.08,1487.36,1.2,0.08,104.8164872527218,-1.12,9999.0,0
115000,3600,1400,3633.55,1414.17,1.2,0.0,36.41965678037088,-1.2,9999.0,0
115000,3600,1400,3635.66,1416.73,1.2,0.0,39.38944655615245,-1.2,9999.0,0
115000,3600,1400,3614.73,1447.68,1.2,0.0,49.90345979989771,-1.2,9999.0,0
115000,3600,1400,3569.91,1467.31,1.2,0.0,73.72953410947339,-1.2,9999.0,0
115000,3600,1400,3667.15,1379.5,1.2,0.0,70.20949009927371,-1.2,9999.0,0
115000,3600,1400,3643.98,1361.33,1.2,0.0,58.56286622084004,-1.2,9999.0,0
115000,3600,1400,3678.54,1421.8,1.2,9.39,81.50933443477497,8.190000000000001,9.95229968678571,0
115000,3600,1400,4077.22,1283.03,1.2,13.44,491.3460178937037,12.24,40.14264852072743,0
115000,3600,1400,3639.32,1414.35,1.2,0.0,41.856718696047,-1.2,9999.0,0
115000,3600,1400,3610.53,1453.9,1.2,0.0,54.91894846043589,-1.2,9999.0,0
115000,3600,1400,3554.94,1468.84,1.2,0.0,82.27605483978911,-1.2,9999.0,0
115000,3600,1400,3745.52,1261.53,1.2,25.48,200.87312239321616,24.28,8.273192849802971,0
115000,3600,1400,3623.32,1429.24,1.2,0.0,37.40053475553536,-1.2,9999.0,0
115000,3600,1400,3661.16,1334.47,1.2,1.6,89.63663592527321,0.4000000000000001,224.091589813183,0
115000,3600,1400,3653.25,1333.37,1.2,0.0,85.29431047848394,-1.2,9999.0,0
115000,3600,1400,3438.24,1644.63,1.2,14.17,293.27484464235954,12.97,22.611784475124097,0
115000,3600,1400,3553.96,1457.33,1.2,0.0,73.52829727390666,-1.2,9999.0,0
115000,3600,1400,3630.85,1412.44,1.2,0.0,33.26373550880893,-1.2,9999.0,0
115000,3600,1400,3795.86,1173.26,1.2,26.95,299.62003804819204,25.75,11.635729632939498,0
115000,3600,1400,3770.52,1672.83,1.2,12.88,321.7347965327965,11.68,27.545787374383263,0
115000,3600,1400,3672.55,1377.51,1.2,10.8,75.95592537781386,9.6,7.912075560188944,0
115000,3600,1400,3373.97,1746.04,1.2,7.85,413.3197823719548,6.65,62.15335073262477,0
115000,3600,1400,3548.66,1452.02,1.2,0.0,73.08813857254823,-1.2,9999.0,0
115000,3600,1400,4106.15,1328.62,1.2,7.43,511.1584166381296,6.23,82.04789994191486,0
115000,3600,1400,3812.51,1001.57,1.2,27.37,451.5605884042584,26.17,17.254894474751943,0
115000,3600,1400,3629.24,1420.46,1.2,0.0,35.687381523445914,-1.2,9999.0,0
115000,3600,1400,3619.13,1435.46,1.2,0.0,40.29104739269019,-1.2,9999.0,0
115000,3600,1400,4039.68,1344.38,1.2,6.18,443.1840326546071,4.98,88.99277764148736,0
115000,3600,1400,3648.49,1394.6,1.2,10.48,48.78975404734051,9.28,5.257516599928935,0
115000,3600,1400,3800.3,1344.1,1.2,13.01,207.95408146992472,11.81,17.6083049508827,0
115000,3600,1400,4034.15,1342.23,1.2,14.71,437.9767064582317,13.510000000000002,32.418705141245866,0
115000,3600,1400,3653.29,1407.08,1.2,0.0,53.75825983046694,-1.2,9999.0,0
116000,3600,1400,3640.64,1410.24,1.2,0.0,41.91022786862403,-1.2,9999.0,0
116000,3600,1400,3605.26,1444.56,1.2,19.6,44.869379313736864,18.4,2.4385532235726557,0
116000,3600,1400,3858.72,1378.24,1.2,21.03,259.6334647151632,19.83,13.092963424869552,0
116000,3600,1400,3506.7,1547.42,1.2,13.73,174.46359620276104,12.53,13.923670886094257,0
116000,3600,1400,3631.66,1249.96,1.2,14.07,153.34391804046217,12.87,11.914834346578258,0
116000,3600,1400,3587.22,1400.21,1.2,12.8,12.781725235663812,11.6,1.1018728651434322,1
116000,3600,1400,3645.75,1333.57,1.2,0.0,80.65982519197527,-1.2,9999.0,0
116000,3600,1400,3703.03,1413.5,1.2,3.62,103.91068713082424,2.42,42.938300467282744,0
116000,3600,1400,3537.75,1493.6,1.2,0.13,112.41006405122266,-1.0699999999999998,9999.0,0
116000,3600,1400,3706.95,1327.89,1.2,5.34,128.98897084634774,4.14,31.156756243079165,0
116000,3600,1400,3656.31,1400.71,1.2,0.46,56.314475936476526,-0.74,9999.0,0
116000,3600,1400,3590.25,1381.38,1.2,1.33,21.018251592366,0.1300000000000001,161.67885840281528,1
116000,3600,1400,3673.03,1419.66,1.2,0.0,75.6299973555469,-1.2,9999.0,0
116000,3600,1400,3627.32,1429.03,1.2,0.0,39.86380940151113,-1.2,9999.0,0
116000,3600,1400,3662.76,1385.58,1.2,0.0,64.39529485917453,-1.2,9999.0,0
116000,3600,1400,3680.28,1418.17,1.2,0.0,82.3105540012946,-1.2,9999.0,0
116000,3600,1400,3641.18,1411.75,1.2,0.0,42.82353208225574,-1.2,9999.0,0
116000,3600,1400,3658.35,1420.38,1.2,0.0,61.8066897673706,-1.2,9999.0,0
116000,3600,1400,3550.66,1475.0,1.2,0.0,89.77435936836316,-1.2,9999.0,0
116000,3600,1400,3800.17,1347.68,1.2,11.66,206.8946864953279,10.46,19.779606739515096,0
116000,3600,1400,3631.53,1422.8,1.2,0.0,38.90990747868736,-1.2,9999.0,0
116000,3600,1400,3665.7,1420.67,1.2,0.0,68.87480598883731,-1.2,9999.0,0
116000,3600,1400,3646.63,1376.07,1.2,0.0,52.41184789720749,-1.2,9999.0,0
116000,3600,1400,3935.58,1640.53,1.2,13.34,412.8784534218272,12.14,34.0097572835113,0
116000,3600,1400,3623.12,1435.25,1.2,0.0,42.15562714513918,-1.2,9999.0,0
116000,3600,1400,3581.34,1470.85,1.2,0.0,73.26607741649597,-1.2,9999.0,0
116000,3600,1400,3694.78,1415.19,1.2,0.0,95.98950203017016,-1.2,9999.0,0
116000,3600,1400,3546.39,1481.16,1.2,0.0,97.26755728401956,-1.2,9999.0,0
116000,3600,1400,3647.02,1408.17,1.2,0.0,47.72451466489732,-1.2,9999.0,0
116000,3600,1400,3575.04,1466.79,1.2,0.0,71.30151260667614,-1.2,9999.0,0
116000,3600,1400,3618.93,1441.47,1.2,0.0,45.58624573267683,-1.2,9999.0,0
116000,3600,1400,3641.61,1346.51,1.2,0.0,67.76851924013104,-1.2,9999.0,0
116000,3600,1400,3649.8,1382.79,1.2,0.0,52.68988612627683,-1.2,9999.0,0
116000,3600,1400,3687.53,1416.68,1.2,0.0,89.10512499289835,-1.2,9999.0,0
116000,3600,1400,3642.8,1353.92,1.2,0.0,62.89043170467197,-1.2,9999.0,0
116000,3600,1400,3645.13,1368.74,1.2,0.0,54.89903915370477,-1.2,9999.0,0
116000,3600,1400,3560.18,1553.38,1.2,20.96,158.46468628688237,19.76,8.019467929498095,0
116000,3600,1400,3542.1,1487.34,1.2,0.03,104.78876657352158,-1.17,9999.0,0
116000,3600,1400,3633.55,1414.17,1.2,0.0,36.41965678037088,-1.2,9999.0,0
116000,3600,1400,3635.66,1416.73,1.2,0.0,39.38944655615245,-1.2,9999.0,0
116000,3600,1400,3614.73,1447.68,1.2,0.0,49.90345979989771,-1.2,9999.0,0
116000,3600,1400,3569.91,1467.31,1.2,0.0,73.72953410947339,-1.2,9999.0,0
116000,3600,1400,3667.15,1379.5,1.2,0.0,70.20949009927371,-1.2,9999.0,0
116000,3600,1400,3643.98,1361.33,1.2,0.0,58.56286622084004,-1.2,9999.0,0
116000,3600,1400,3666.8,1423.77,1.2,11.76,70.90312334446222,10.56,6.714310922771043,0
116000,3600,1400,4064.18,1285.32,1.2,13.24,478.136565010458,12.04,39.712339286582896,0
116000,3600,1400,3639.32,1414.35,1.2,0.0,41.856718696047,-1.2,9999.0,0
116000,3600,1400,3610.53,1453.9,1.2,0.0,54.91894846043589,-1.2,9999.0,0
116000,3600,1400,3554.94,1468.84,1.2,0.0,82.27605483978911,-1.2,9999.0,0
116000,3600,1400,3731.77,1284.06,1.2,26.48,175.51471875600637,25.28,6.942829064715442,0
116000,3600,1400,3623.32,1429.24,1.2,0.0,37.40053475553536,-1.2,9999.0,0
116000,3600,1400,3660.75,1334.39,1.2,0.42,89.41607573585405,-0.78,9999.0,0
116000,3600,1400,3653.25,1333.37,1.2,0.0,85.29431047848394,-1.2,9999.0,0
116000,3600,1400,3446.22,1632.79,1.2,14.28,278.99726253137334,13.08,21.330065942765547,0
116000,3600,1400,3553.96,1457.33,1.2,0.0,73.52829727390666,-1.2,9999.0,0
116000,3600,1400,3630.85,1412.44,1.2,0.0,33.26373550880893,-1.2,9999.0,0
116000,3600,1400,3811.21,1148.65,1.2,28.9,328.30852349581176,27.7,11.852293266996815,0
116000,3600,1400,3783.55,1670.16,1.2,13.36,326.6144946263104,12.16,26.859744623874207,0
116000,3600,1400,3668.05,1383.73,1.2,7.68,69.96795981018758,6.48,10.797524662065983,0
116000,3600,1400,3372.02,1748.84,1.2,3.43,416.7303996590601,2.2300000000000004,186.87461868119283,0
116000,3600,1400,3548.66,1452.02,1.2,0.0,73.08813857254823,-1.2,9999.0,0
116000,3600,1400,4106.55,1331.5,1.2,2.93,511.1605936493933,1.7300000000000002,295.46855124242387,0
116000,3600,1400,3807.21,973.99,1.2,28.24,473.73041299878565,27.04,17.519615865339706,0
116000,3600,1400,3629.24,1420.46,1.2,0.0,35.687381523445914,-1.2,9999.0,0
116000,3600,1400,3619.13,1435.46,1.2,0.0,40.29104739269019,-1.2,9999.0,0
116000,3600,1400,4031.91,1345.95,1.2,7.92,435.2788193790273,6.72,64.77363383616478,0
116000,3600,1400,3648.74,1387.14,1.2,8.09,50.40800730042774,6.89,7.3161113643581634,0
116000,3600,1400,3812.47,1339.27,1.2,13.1,220.9788084862436,11.9,18.569647771953242,0
116000,3600,1400,4044.16,1340.19,1.2,10.21,448.168876317845,9.010000000000002,49.74127373117036,0
116000,3600,1400,3653.29,1407.08,1.2,0.0,53.75825983046694,-1.2,9999.0,0
117000,3600,1400,3640.64,1410.24,1.2,0.0,41.91022786862403,-1.2,9999.0,0
117000,3600,1400,3613.71,1432.05,1.2,15.1,34.85923980811972,13.9,2.5078589790014183,0
117000,3600,1400,3880.71,1373.72,1.2,22.44,281.93747977166856,21.24,13.273892644617165,0
117000,3600,1400,3499.08,1559.37,1.2,14.17,188.63627249285852,12.97,14.544045681793255,0
117000,3600,1400,3633.86,1263.88,1.2,14.1,140.2681503406956,12.9,10.873500026410511,0
117000,3600,1400,3587.03,1387.13,1.2,13.08,18.271776049415447,11.88,1.5380282869878321,1
117000,3600,1400,3645.75,1333.57,1.2,0.0,80.65982519197527,-1.2,9999.0,0
117000,3600,1400,3702.16,1413.68,1.2,0.9,103.07185842896196,-0.2999999999999999,9999.0,0
117000,3600,1400,3537.8,1493.53,1.2,0.08,112.32408868982633,-1.12,9999.0,0
117000,3600,1400,3703.19,1333.65,1.2,6.88,122.68047358891307,5.68,21.59867492762554,0
117000,3600,1400,3656.15,1401.05,1.2,0.41,56.15981659514221,-0.79,9999.0,0
117000,3600,1400,3590.18,1384.25,1.2,2.88,18.560573805785296,1.68,11.047960598681724,1
117000,3600,1400,3839.06,1388.82,1.2,0.0,239.32128196213557,-1.2,9999.0,0
117000,3600,1400,3673.03,1419.66,1.2,0.0,75.6299973555469,-1.2,9999.0,0
117000,3600,1400,3627.32,1429.03,1.2,0.0,39.86380940151113,-1.2,9999.0,0
117000,3600,1400,3662.76,1385.58,1.2,0.0,64.39529485917453,-1.2,9999.0,0
117000,3600,1400,3680.28,1418.17,1.2,0.0,82.3105540012946,-1.2,9999.0,0
117000,3600,1400,3641.18,1411.75,1.2,0.0,42.82353208225574,-1.2,9999.0,0
117000,3600,1400,3658.35,1420.38,1.2,0.0,61.8066897673706,-1.2,9999.0,0
117000,3600,1400,3550.66,1475.0,1.2,0.0,89.77435936836316,-1.2,9999.0,0
117000,3600,1400,3788.84,1352.84,1.2,12.45,194.6396958485089,11.25,17.301306297645233,0
117000,3600,1400,3631.53,1422.8,1.2,0.0,38.90990747868736,-1.2,9999.0,0
117000,3600,1400,3665.7,1420.67,1.2,0.0,68.87480598883731,-1.2,9999.0,0
117000,3600,1400,3646.63,1376.07,1.2,0.0,52.41184789720749,-1.2,9999.0,0
117000,3600,1400,3947.44,1636.15,1.2,12.64,420.09686513945815,11.44,36.72175394575683,0
117000,3600,1400,3623.12,1435.25,1.2,0.0,42.15562714513918,-1.2,9999.0,0
117000,3600,1400,3581.34,1470.85,1.2,0.0,73.26607741649597,-1.2,9999.0,0
117000,3600,1400,3694.78,1415.19,1.2,0.0,95.98950203017016,-1.2,9999.0,0
117000,3600,1400,3546.39,1481.16,1.2,0.0,97.26755728401956,-1.2,9999.0,0
117000,3600,1400,3647.02,1408.17,1.2,0.0,47.72451466489732,-1.2,9999.0,0
117000,3600,1400,3575.04,1466.79,1.2,0.0,71.30151260667614,-1.2,9999.0,0
117000,3600,1400,3618.93,1441.47,1.2,0.0,45.58624573267683,-1.2,9999.0,0
117000,3600,1400,3641.61,1346.51,1.2,0.0,67.76851924013104,-1.2,9999.0,0
117000,3600,1400,3649.8,1382.79,1.2,0.0,52.68988612627683,-1.2,9999.0,0
117000,3600,1400,3687.53,1416.68,1.2,0.0,89.10512499289835,-1.2,9999.0,0
117000,3600,1400,3642.8,1353.92,1.2,0.0,62.89043170467197,-1.2,9999.0,0
117000,3600,1400,3645.13,1368.74,1.2,0.0,54.89903915370477,-1.2,9999.0,0
117000,3600,1400,3550.86,1567.33,1.2,16.81,174.39629726573887,15.61,11.172088229707807,0
117000,3600,1400,3542.1,1487.33,1.2,0.01,104.78043185633469,-1.19,9999.0,0
117000,3600,1400,3633.55,1414.17,1.2,0.0,36.41965678037088,-1.2,9999.0,0
117000,3600,1400,3635.66,1416.73,1.2,0.0,39.38944655615245,-1.2,9999.0,0
117000,3600,1400,3614.73,1447.68,1.2,0.0,49.90345979989771,-1.2,9999.0,0
117000,3600,1400,3569.91,1467.31,1.2,0.0,73.72953410947339,-1.2,9999.0,0
117000,3600,1400,3667.15,1379.5,1.2,0.0,70.20949009927371,-1.2,9999.0,0
117000,3600,1400,3643.98,1361.33,1.2,0.0,58.56286622084004,-1.2,9999.0,0
117000,3600,1400,4050.78,1288.05,1.2,13.68,464.4732617707936,12.48,37.21740879573667,0
117000,3600,1400,3639.32,1414.35,1.2,0.0,41.856718696047,-1.2,9999.0,0
117000,3600,1400,3610.53,1453.9,1.2,0.0,54.91894846043589,-1.2,9999.0,0
117000,3600,1400,3554.94,1468.84,1.2,0.0,82.27605483978911,-1.2,9999.0,0
117000,3600,1400,3719.75,1302.47,1.2,21.98,154.4414562220908,20.78,7.432216372574148,0
117000,3600,1400,3623.32,1429.24,1.2,0.0,37.40053475553536,-1.2,9999.0,0
117000,3600,1400,3660.69,1334.38,1.2,0.07,89.38266330782493,-1.13,9999.0,0
117000,3600,1400,3653.25,1333.37,1.2,0.0,85.29431047848394,-1.2,9999.0,0
117000,3600,1400,3454.79,1620.38,1.2,15.09,263.9190946104508,13.89,19.00065475957169,0
117000,3600,1400,3553.96,1457.33,1.2,0.0,73.52829727390666,-1.2,9999.0,0
117000,3600,1400,3630.85,1412.44,1.2,0.0,33.26373550880893,-1.2,9999.0,0
117000,3600,1400,3825.49,1120.79,1.2,31.35,358.8926917617576,30.15,11.903571866061613,0
117000,3600,1400,3796.11,1669.57,1.2,12.57,333.35734130209283,11.37,29.31902737925179,0
117000,3600,1400,3665.49,1387.27,1.2,4.37,66.71576275513885,3.17,21.045981941684182,0
117000,3600,1400,3369.47,1748.44,1.2,3.12,417.79721696057305,1.92,217.60271716696514,0
117000,3600,1400,3548.66,1452.02,1.2,0.0,73.08813857254823,-1.2,9999.0,0
117000,3600,1400,4104.63,1332.99,1.2,2.89,509.05969885662734,1.6900000000000002,301.2187567198978,0
117000,3600,1400,3629.24,1420.46,1.2,0.0,35.687381523445914,-1.2,9999.0,0
117000,3600,1400,3619.13,1435.46,1.2,0.0,40.29104739269019,-1.2,9999.0,0
117000,3600,1400,4022.53,1347.86,1.2,9.58,425.7348711346067,8.38,50.80368390627764,0
117000,3600,1400,3644.71,1380.6,1.2,7.69,48.73750198768918,6.49,7.509630506577685,0
117000,3600,1400,3825.32,1334.33,1.2,13.76,234.69480458672297,12.56,18.68589208493017,0
117000,3600,1400,4049.86,1339.03,1.2,5.82,453.9728631757631,4.62,98.26252449691842,0
117000,3600,1400,3653.29,1407.08,1.2,0.0,53.75825983046694,-1.2,9999.0,0
118000,3600,1400,3640.64,1410.24,1.2,0.0,41.91022786862403,-1.2,9999.0,0
118000,3600,1400,3623.49,1417.54,1.2,17.51,29.316065561394637,16.310000000000002,1.7974289124092357,1
118000,3600,1400,3904.65,1368.8,1.2,24.44,306.24346931812283,23.24,13.1774298329657,0
118000,3600,1400,3491.94,1570.59,1.2,13.31,201.9354146750885,12.11,16.67509617465636,0
118000,3600,1400,3635.49,1277.45,1.2,13.66,127.58543255403406,12.46,10.23960132857416,0
118000,3600,1400,3588.18,1375.05,1.2,12.2,27.608239712086064,11.0,2.509839973826006,1
118000,3600,1400,3645.75,1333.57,1.2,0.0,80.65982519197527,-1.2,9999.0,0
118000,3600,1400,3702.08,1413.69,1.2,0.08,102.99389545016729,-1.12,9999.0,0
118000,3600,1400,3537.82,1493.49,1.2,0.05,112.27970653684476,-1.15,9999.0,0
118000,3600,1400,3698.52,1340.8,1.2,8.54,114.93837653281868,7.339999999999999,15.659179364144237,0
118000,3600,1400,3656.14,1401.07,1.2,0.02,56.15019590348715,-1.18,9999.0,0
118000,3600,1400,3590.25,1388.69,1.2,4.44,14.932467980879744,3.24,4.608786413851773,1
118000,3600,1400,3715.27,1297.62,1.2,0.0,154.17145423196868,-1.2,9999.0,0
118000,3600,1400,3836.83,1389.28,1.2,2.28,237.0724937650928,1.0799999999999998,219.51156830101186,0
118000,3600,1400,3673.03,1419.66,1.2,0.0,75.6299973555469,-1.2,9999.0,0
118000,3600,1400,3627.32,1429.03,1.2,0.0,39.86380940151113,-1.2,9999.0,0
118000,3600,1400,3662.76,1385.58,1.2,0.0,64.39529485917453,-1.2,9999.0,0
118000,3600,1400,3680.28,1418.17,1.2,0.0,82.3105540012946,-1.2,9999.0,0
118000,3600,1400,3641.18,1411.75,1.2,0.0,42.82353208225574,-1.2,9999.0,0
118000,3600,1400,3658.35,1420.38,1.2,0.0,61.8066897673706,-1.2,9999.0,0
118000,3600,1400,3550.66,1475.0,1.2,0.0,89.77435936836316,-1.2,9999.0,0
118000,3600,1400,3777.34,1358.08,1.2,12.63,182.22722628630456,11.43,15.94288943887179,0
118000,3600,1400,3631.53,1422.8,1.2,0.0,38.90990747868736,-1.2,9999.0,0
118000,3600,1400,3665.7,1420.67,1.2,0.0,68.87480598883731,-1.2,9999.0,0
118000,3600,1400,3646.63,1376.07,1.2,0.0,52.41184789720749,-1.2,9999.0,0
118000,3600,1400,3959.4,1631.73,1.2,12.75,427.6296913218259,11.55,37.02421569885938,0
118000,3600,1400,3623.12,1435.25,1.2,0.0,42.15562714513918,-1.2,9999.0,0
118000,3600,1400,3581.34,1470.85,1.2,0.0,73.26607741649597,-1.2,9999.0,0
118000,3600,1400,3694.78,1415.19,1.2,0.0,95.98950203017016,-1.2,9999.0,0
118000,3600,1400,3546.39,1481.16,1.2,0.0,97.26755728401956,-1.2,9999.0,0
118000,3600,1400,3647.02,1408.17,1.2,0.0,47.72451466489732,-1.2,9999.0,0
118000,3600,1400,3575.04,1466.79,1.2,0.0,71.30151260667614,-1.2,9999.0,0
118000,3600,1400,3618.93,1441.47,1.2,0.0,45.58624573267683,-1.2,9999.0,0
118000,3600,1400,3641.61,1346.51,1.2,0.0,67.76851924013104,-1.2,9999.0,0
118000,3600,1400,3649.8,1382.79,1.2,0.0,52.68988612627683,-1.2,9999.0,0
118000,3600,1400,3687.53,1416.68,1.2,0.0,89.10512499289835,-1.2,9999.0,0
118000,3600,1400,3642.8,1353.92,1.2,0.0,62.89043170467197,-1.2,9999.0,0
118000,3600,1400,3645.13,1368.74,1.2,0.0,54.89903915370477,-1.2,9999.0,0
118000,3600,1400,3544.04,1577.58,1.2,12.31,186.18855496512128,11.11,16.75864581144206,0
118000,3600,1400,3542.11,1487.32,1.2,0.0,104.76657148155596,-1.2,9999.0,0
118000,3600,1400,3633.55,1414.17,1.2,0.0,36.41965678037088,-1.2,9999.0,0
118000,3600,1400,3635.66,1416.73,1.2,0.0,39.38944655615245,-1.2,9999.0,0
118000,3600,1400,3614.73,1447.68,1.2,0.0,49.90345979989771,-1.2,9999.0,0
118000,3600,1400,3569.91,1467.31,1.2,0.0,73.72953410947339,-1.2,9999.0,0
118000,3600,1400,3667.15,1379.5,1.2,0.0,70.20949009927371,-1.2,9999.0,0
118000,3600,1400,3643.98,1361.33,1.2,0.0,58.56286622084004,-1.2,9999.0,0
118000,3600,1400,4038.02,1290.66,1.2,13.03,451.460691533604,11.83,38.162357695148266,0
118000,3600,1400,3639.32,1414.35,1.2,0.0,41.856718696047,-1.2,9999.0,0
118000,3600,1400,3610.53,1453.9,1.2,0.0,54.91894846043589,-1.2,9999.0,0
118000,3600,1400,3554.94,1468.84,1.2,0.0,82.27605483978911,-1.2,9999.0,0
118000,3600,1400,3710.09,1317.24,1.2,17.65,137.72808609720832,16.45,8.37252803022543,0
118000,3600,1400,3623.32,1429.24,1.2,0.0,37.40053475553536,-1.2,9999.0,0
118000,3600,1400,3660.65,1334.37,1.2,0.03,89.36285246118784,-1.17,9999.0,0
118000,3600,1400,3653.25,1333.37,1.2,0.0,85.29431047848394,-1.2,9999.0,0
118000,3600,1400,3462.82,1608.95,1.2,13.97,249.95690608582905,12.77,19.57375928628262,0
118000,3600,1400,3553.96,1457.33,1.2,0.0,73.52829727390666,-1.2,9999.0,0
118000,3600,1400,3630.85,1412.44,1.2,0.0,33.26373550880893,-1.2,9999.0,0
118000,3600,1400,3829.67,1089.29,1.2,31.72,386.3793640969973,30.52,12.65987431510476,0
118000,3600,1400,3809.14,1668.96,1.2,13.05,340.7037146847682,11.85,28.75136832782854,0
118000,3600,1400,3665.38,1387.42,1.2,0.19,66.579282062816,-1.01,9999.0,0
118000,3600,1400,3370.15,1745.99,1.2,2.66,415.3794681974543,1.4600000000000002,284.50648506674946,0
118000,3600,1400,3548.66,1452.02,1.2,0.0,73.08813857254823,-1.2,9999.0,0
118000,3600,1400,4103.13,1330.01,1.2,3.53,507.9747995717899,2.33,218.01493543853644,0
118000,3600,1400,3629.24,1420.46,1.2,0.0,35.687381523445914,-1.2,9999.0,0
118000,3600,1400,3619.13,1435.46,1.2,0.0,40.29104739269019,-1.2,9999.0,0
118000,3600,1400,4011.04,1350.22,1.2,11.73,414.0433914458724,10.53,39.32036006133641,0
118000,3600,1400,3642.27,1371.31,1.2,9.63,51.08687698421192,8.430000000000001,6.060127756134271,0
118000,3600,1400,3838.26,1329.92,1.2,13.69,248.35264041278097,12.49,19.884118527844752,0
118000,3600,1400,4051.91,1340.64,1.2,3.04,455.7919017490327,1.84,247.71299008099604,0
118000,3600,1400,3653.29,1407.08,1.2,0.0,53.75825983046694,-1.2,9999.0,0
119000,3600,1400,3640.64,1410.24,1.2,0.0,41.91022786862403,-1.2,9999.0,0
119000,3600,1400,3630.81,1406.12,1.2,13.01,31.411948363640157,11.81,2.659775475329395,0
119000,3600,1400,3930.19,1363.56,1.2,26.07,332.19468644155046,24.87,13.35724513235024,0
119000,3600,1400,3484.48,1582.07,1.2,13.69,215.6254977965268,12.49,17.2638509044457,0
119000,3600,1400,3636.71,1291.37,1.2,13.98,114.66516907936789,12.78,8.97223545221971,0
119000,3600,1400,3592.38,1362.99,1.2,12.84,37.78630042753587,11.64,3.2462457411972396,0
119000,3600,1400,3645.75,1333.57,1.2,0.0,80.65982519197527,-1.2,9999.0,0
119000,3600,1400,3702.05,1413.7,1.2,0.04,102.96549179215354,-1.16,9999.0,0
119000,3600,1400,3537.83,1493.48,1.2,0.01,112.26584208921255,-1.19,9999.0,0
119000,3600,1400,3692.31,1349.94,1.2,11.0,105.01018855330176,9.8,10.715325362581812,0
119000,3600,1400,3656.14,1401.07,1.2,0.0,56.15019590348715,-1.2,9999.0,0
119000,3600,1400,3590.34,1395.05,1.2,6.35,10.85440463590692,5.15,2.107651385612994,1
119000,3600,1400,3716.54,1295.67,1.2,2.32,156.41713620955977,1.12,139.65815732996407,0
119000,3600,1400,3831.99,1387.01,1.2,4.3,232.3533950688044,3.1,74.95270808671108,0
119000,3600,1400,3673.03,1419.66,1.2,0.0,75.6299973555469,-1.2,9999.0,0
119000,3600,1400,3627.32,1429.03,1.2,0.0,39.86380940151113,-1.2,9999.0,0
119000,3600,1400,3662.76,1385.58,1.2,0.0,64.39529485917453,-1.2,9999.0,0
119000,3600,1400,3680.28,1418.17,1.2,0.0,82.3105540012946,-1.2,9999.0,0
119000,3600,1400,3641.18,1411.75,1.2,0.0,42.82353208225574,-1.2,9999.0,0
119000,3600,1400,3658.35,1420.38,1.2,0.0,61.8066897673706,-1.2,9999.0,0
119000,3600,1400,3550.66,1475.0,1.2,0.0,89.77435936836316,-1.2,9999.0,0
119000,3600,1400,3766.84,1362.85,1.2,11.53,170.92603107777367,10.33,16.54656641604779,0
119000,3600,1400,3631.53,1422.8,1.2,0.0,38.90990747868736,-1.2,9999.0,0
119000,3600,1400,3665.7,1420.67,1.2,0.0,68.87480598883731,-1.2,9999.0,0
119000,3600,1400,3646.63,1376.07,1.2,0.0,52.41184789720749,-1.2,9999.0,0
119000,3600,1400,3971.74,1626.31,1.2,13.48,435.208965555628,12.28,35.4404695077873,0
119000,3600,1400,3623.12,1435.25,1.2,0.0,42.15562714513918,-1.2,9999.0,0
119000,3600,1400,3581.34,1470.85,1.2,0.0,73.26607741649597,-1.2,9999.0,0
119000,3600,1400,3694.78,1415.19,1.2,0.0,95.98950203017016,-1.2,9999.0,0
119000,3600,1400,3546.39,1481.16,1.2,0.0,97.26755728401956,-1.2,9999.0,0
119000,3600,1400,3647.02,1408.17,1.2,0.0,47.72451466489732,-1.2,9999.0,0
119000,3600,1400,3575.04,1466.79,1.2,0.0,71.30151260667614,-1.2,9999.0,0
119000,3600,1400,3618.93,1441.47,1.2,0.0,45.58624573267683,-1.2,9999.0,0
119000,3600,1400,3641.61,1346.51,1.2,0.0,67.76851924013104,-1.2,9999.0,0
119000,3600,1400,3649.8,1382.79,1.2,0.0,52.68988612627683,-1.2,9999.0,0
119000,3600,1400,3687.53,1416.68,1.2,0.0,89.10512499289835,-1.2,9999.0,0
119000,3600,1400,3642.8,1353.92,1.2,0.0,62.89043170467197,-1.2,9999.0,0
119000,3600,1400,3645.13,1368.74,1.2,0.0,54.89903915370477,-1.2,9999.0,0
119000,3600,1400,3539.49,1584.44,1.2,8.23,194.11227086405447,7.03,27.611987320633634,0
119000,3600,1400,3542.11,1487.32,1.2,0.0,104.76657148155596,-1.2,9999.0,0
119000,3600,1400,3633.55,1414.17,1.2,0.0,36.41965678037088,-1.2,9999.0,0
119000,3600,1400,3635.66,1416.73,1.2,0.0,39.38944655615245,-1.2,9999.0,0
119000,3600,1400,3614.73,1447.68,1.2,0.0,49.90345979989771,-1.2,9999.0,0
119000,3600,1400,3569.91,1467.31,1.2,0.0,73.72953410947339,-1.2,9999.0,0
119000,3600,1400,3667.15,1379.5,1.2,0.0,70.20949009927371,-1.2,9999.0,0
119000,3600,1400,3643.98,1361.33,1.2,0.0,58.56286622084004,-1.2,9999.0,0
119000,3600,1400,4024.58,1293.54,1.2,13.75,437.7235520279894,12.55,34.87837067952107,0
119000,3600,1400,3639.32,1414.35,1.2,0.0,41.856718696047,-1.2,9999.0,0
119000,3600,1400,3610.53,1453.9,1.2,0.0,54.91894846043589,-1.2,9999.0,0
119000,3600,1400,3554.94,1468.84,1.2,0.0,82.27605483978911,-1.2,9999.0,0
119000,3600,1400,3702.58,1328.73,1.2,13.72,124.90824352299563,12.52,9.976696767012431,0
119000,3600,1400,3623.32,1429.24,1.2,0.0,37.40053475553536,-1.2,9999.0,0
119000,3600,1400,3660.65,1334.37,1.2,0.0,89.36285246118784,-1.2,9999.0,0
119000,3600,1400,3653.25,1333.37,1.2,0.0,85.29431047848394,-1.2,9999.0,0
119000,3600,1400,3470.8,1597.01,1.2,14.36,235.59622259280803,13.16,17.902448525289365,0
119000,3600,1400,3553.96,1457.33,1.2,0.0,73.52829727390666,-1.2,9999.0,0
119000,3600,1400,3630.85,1412.44,1.2,0.0,33.26373550880893,-1.2,9999.0,0
119000,3600,1400,3828.33,1058.75,1.2,30.47,410.5924395309782,29.27,14.027756731499084,0
119000,3600,1400,3821.78,1668.36,1.2,12.66,348.1428700978953,11.46,30.37895899632594,0
119000,3600,1400,3665.36,1387.44,1.2,0.03,66.55586525618922,-1.17,9999.0,0
119000,3600,1400,3372.66,1742.24,1.2,4.51,410.8670018387946,3.31,124.1290035766751,0
119000,3600,1400,3548.66,1452.02,1.2,0.0,73.08813857254823,-1.2,9999.0,0
119000,3600,1400,4102.29,1325.18,1.2,4.9,507.8319372587746,3.7,137.25187493480394,0
119000,3600,1400,3629.24,1420.46,1.2,0.0,35.687381523445914,-1.2,9999.0,0
119000,3600,1400,3619.13,1435.46,1.2,0.0,40.29104739269019,-1.2,9999.0,0
119000,3600,1400,3997.15,1353.07,1.2,14.18,399.9131748267368,12.98,30.809951835649983,0
119000,3600,1400,3640.5,1359.78,1.2,11.66,57.07800276814179,10.46,5.456788027547016,0
119000,3600,1400,3851.76,1327.1,1.2,13.79,262.102093848943,12.59,20.818275921282208,0
119000,3600,1400,4049.78,1342.32,1.2,2.91,453.4633731625965,1.7100000000000002,265.1832591594131,0
119000,3600,1400,3653.29,1407.08,1.2,0.0,53.75825983046694,-1.2,9999.0,0
120000,3600,1400,3640.64,1410.24,1.2,0.0,41.91022786862403,-1.2,9999.0,0
120000,3600,1400,3638.62,1397.96,1.2,10.89,38.67384128839533,9.69,3.9911084920944617,0
120000,3600,1400,3957.11,1358.03,1.2,27.49,359.56784199925346,26.29,13.676981437780658,0
120000,3600,1400,3476.71,1593.86,1.2,14.11,229.7436042635354,12.91,17.795786542489186,0
120000,3600,1400,3637.81,1306.0,1.2,14.68,101.31927802743164,13.48,7.516266915981575,0
120000,3600,1400,3599.46,1352.73,1.2,12.56,47.27308430809226,11.36,4.1613630552898115,0
120000,3600,1400,3645.75,1333.57,1.2,0.0,80.65982519197527,-1.2,9999.0,0
120000,3600,1400,3702.04,1413.7,1.2,0.01,102.95558071323764,-1.19,9999.0,0
120000,3600,1400,3537.83,1493.48,1.2,0.0,112.26584208921255,-1.2,9999.0,0
120000,3600,1400,3684.54,1360.96,1.2,13.45,93.11891966727272,12.25,7.601544462634508,0
120000,3600,1400,3656.14,1401.07,1.2,0.0,56.15019590348715,-1.2,9999.0,0
120000,3600,1400,3590.46,1402.83,1.2,7.78,9.95090448150312,6.58,1.512295513906249,2
120000,3600,1400,3718.76,1292.29,1.2,4.04,160.32897960131868,2.84,56.453866056802354,0
120000,3600,1400,3825.87,1388.26,1.2,6.24,226.17489803247383,5.04,44.87597183184005,0
120000,3600,1400,3593.18,1361.28,1.2,0.0,39.31603744021013,-1.2,9999.0,0
120000,3600,1400,3673.03,1419.66,1.2,0.0,75.6299973555469,-1.2,9999.0,0
120000,3600,1400,3627.32,1429.03,1.2,0.0,39.86380940151113,-1.2,9999.0,0
120000,3600,1400,3662.76,1385.58,1.2,0.0,64.39529485917453,-1.2,9999.0,0
120000,3600,1400,3680.28,1418.17,1.2,0.0,82.3105540012946,-1.2,9999.0,0
120000,3600,1400,3641.18,1411.75,1.2,0.0,42.82353208225574,-1.2,9999.0,0
120000,3600,1400,3658.35,1420.38,1.2,0.0,61.8066897673706,-1.2,9999.0,0
120000,3600,1400,3550.66,1475.0,1.2,0.0,89.77435936836316,-1.2,9999.0,0
120000,3600,1400,3755.6,1367.13,1.2,12.09,159.0339488914237,10.89,14.603668401416318,0
120000,3600,1400,3631.53,1422.8,1.2,0.0,38.90990747868736,-1.2,9999.0,0
120000,3600,1400,3665.7,1420.67,1.2,0.0,68.87480598883731,-1.2,9999.0,0
120000,3600,1400,3646.63,1376.07,1.2,0.0,52.41184789720749,-1.2,9999.0,0
120000,3600,1400,3983.03,1620.06,1.2,12.9,441.7447051182392,11.7,37.75595770241361,0
120000,3600,1400,3623.12,1435.25,1.2,0.0,42.15562714513918,-1.2,9999.0,0
120000,3600,1400,3581.34,1470.85,1.2,0.0,73.26607741649597,-1.2,9999.0,0
120000,3600,1400,3694.78,1415.19,1.2,0.0,95.98950203017016,-1.2,9999.0,0
120000,3600,1400,3546.39,1481.16,1.2,0.0,97.26755728401956,-1.2,9999.0,0
120000,3600,1400,3647.02,1408.17,1.2,0.0,47.72451466489732,-1.2,9999.0,0
120000,3600,1400,3575.04,1466.79,1.2,0.0,71.30151260667614,-1.2,9999.0,0
120000,3600,1400,3618.93,1441.47,1.2,0.0,45.58624573267683,-1.2,9999.0,0
120000,3600,1400,3641.61,1346.51,1.2,0.0,67.76851924013104,-1.2,9999.0,0
120000,3600,1400,3649.8,1382.79,1.2,0.0,52.68988612627683,-1.2,9999.0,0
120000,3600,1400,3687.53,1416.68,1.2,0.0,89.10512499289835,-1.2,9999.0,0
120000,3600,1400,3642.8,1353.92,1.2,0.0,62.89043170467197,-1.2,9999.0,0
120000,3600,1400,3645.13,1368.74,1.2,0.0,54.89903915370477,-1.2,9999.0,0
120000,3600,1400,3537.72,1589.3,1.2,5.31,199.2819319456734,4.109999999999999,48.48708806464074,0
120000,3600,1400,3542.11,1487.32,1.2,0.0,104.76657148155596,-1.2,9999.0,0
120000,3600,1400,3633.55,1414.17,1.2,0.0,36.41965678037088,-1.2,9999.0,0
120000,3600,1400,3635.66,1416.73,1.2,0.0,39.38944655615245,-1.2,9999.0,0
120000,3600,1400,3614.73,1447.68,1.2,0.0,49.90345979989771,-1.2,9999.0,0
120000,3600,1400,3569.91,1467.31,1.2,0.0,73.72953410947339,-1.2,9999.0,0
120000,3600,1400,3667.15,1379.5,1.2,0.0,70.20949009927371,-1.2,9999.0,0
120000,3600,1400,3643.98,1361.33,1.2,0.0,58.56286622084004,-1.2,9999.0,0
120000,3600,1400,4011.83,1296.28,1.2,13.04,424.6902251053112,11.84,35.86910685011074,0
120000,3600,1400,3639.32,1414.35,1.2,0.0,41.856718696047,-1.2,9999.0,0
120000,3600,1400,3610.53,1453.9,1.2,0.0,54.91894846043589,-1.2,9999.0,0
120000,3600,1400,3554.94,1468.84,1.2,0.0,82.27605483978911,-1.2,9999.0,0
120000,3600,1400,3697.5,1336.5,1.2,9.29,116.35506005326972,8.09,14.382578498550028,0
120000,3600,1400,3623.32,1429.24,1.2,0.0,37.40053475553536,-1.2,9999.0,0
120000,3600,1400,3660.65,1334.37,1.2,0.0,89.36285246118784,-1.2,9999.0,0
120000,3600,1400,3653.25,1333.37,1.2,0.0,85.29431047848394,-1.2,9999.0,0
120000,3600,1400,3478.67,1585.08,1.2,14.29,221.30425956135585,13.09,16.90636054708601,0
120000,3600,1400,3553.96,1457.33,1.2,0.0,73.52829727390666,-1.2,9999.0,0
120000,3600,1400,3630.85,1412.44,1.2,0.0,33.26373550880893,-1.2,9999.0,0
120000,3600,1400,3822.74,1033.29,1.2,25.97,429.0563269548649,24.77,17.321611907745858,0
120000,3600,1400,3834.43,1667.77,1.2,12.66,355.8907104716277,11.46,31.05503581776856,0
120000,3600,1400,3665.35,1387.46,1.2,0.02,66.54227303000692,-1.18,9999.0,0
120000,3600,1400,3376.42,1736.61,1.2,6.77,404.0969048384309,5.569999999999999,72.548815949449,0
120000,3600,1400,3548.66,1452.02,1.2,0.0,73.08813857254823,-1.2,9999.0,0
120000,3600,1400,4101.08,1318.71,1.2,6.59,507.630998363969,5.39,94.18014811947478,0
120000,3600,1400,3629.24,1420.46,1.2,0.0,35.687381523445914,-1.2,9999.0,0
120000,3600,1400,3619.13,1435.46,1.2,0.0,40.29104739269019,-1.2,9999.0,0
120000,3600,1400,3981.79,1356.23,1.2,15.69,384.29079744381073,14.49,26.521104033389285,0
120000,3600,1400,3638.7,1348.58,1.2,11.35,64.35609062085727,10.15,6.340501539000717,0
120000,3600,1400,3864.82,1324.37,1.2,13.34,275.40793252918496,12.14,22.68599114737932,0
120000,3600,1400,4044.77,1343.34,1.2,5.12,448.364481755636,3.92,114.37869432541736,0
120000,3600,1400,3653.29,1407.08,1.2,0.0,53.75825983046694,-1.2,9999.0,0
121000,3600,1400,3640.64,1410.24,1.2,0.0,41.91022786862403,-1.2,9999.0,0
121000,3600,1400,3650.7,1396.66,1.2,10.55,50.80989667377785,9.35,5.434213547997631,0
121000,3600,1400,3982.68,1352.78,1.2,26.1,385.58230094235375,24.9,15.48523296957244,0
121000,3600,1400,3469.31,1605.02,1.2,13.4,243.13180890208503,12.2,19.928836795252874,0
121000,3600,1400,3638.65,1317.36,1.2,11.39,91.231530185567,10.19,8.953045160507065,0
121000,3600,1400,3608.37,1344.2,1.2,12.36,56.42425808107709,11.16,5.055937104039166,0
121000,3600,1400,3645.75,1333.57,1.2,0.0,80.65982519197527,-1.2,9999.0,0
121000,3600,1400,3702.03,1413.71,1.2,0.01,102.947000927662,-1.19,9999.0,0
121000,3600,1400,3537.83,1493.48,1.2,0.0,112.26584208921255,-1.2,9999.0,0
121000,3600,1400,3677.66,1370.46,1.2,11.74,83.08843000081283,10.54,7.88315275150027,0
121000,3600,1400,3656.14,1401.07,1.2,0.0,56.15019590348715,-1.2,9999.0,0
121000,3600,1400,3589.9,1412.47,1.2,9.67,16.0471461637264,8.47,1.8945863239346397,1
121000,3600,1400,3721.75,1287.72,1.2,5.47,165.61962715813604,4.27,38.78679792930587,0
121000,3600,1400,3818.39,1389.8,1.2,7.64,218.6280679601774,6.44,33.948457757791516,0
121000,3600,1400,3593.81,1359.96,1.2,1.46,40.51564759447883,0.26,155.82941382491856,0
121000,3600,1400,3673.03,1419.66,1.2,0.0,75.6299973555469,-1.2,9999.0,0
121000,3600,1400,3839.06,1388.82,1.2,0.0,239.32128196213557,-1.2,9999.0,0
121000,3600,1400,3627.32,1429.03,1.2,0.0,39.86380940151113,-1.2,9999.0,0
121000,3600,1400,3662.76,1385.58,1.2,0.0,64.39529485917453,-1.2,9999.0,0
121000,3600,1400,3680.28,1418.17,1.2,0.0,82.3105540012946,-1.2,9999.0,0
121000,3600,1400,3641.18,1411.75,1.2,0.0,42.82353208225574,-1.2,9999.0,0
121000,3600,1400,3658.35,1420.38,1.2,0.0,61.8066897673706,-1.2,9999.0,0
121000,3600,1400,3550.66,1475.0,1.2,0.0,89.77435936836316,-1.2,9999.0,0
121000,3600,1400,3631.53,1422.8,1.2,0.0,38.90990747868736,-1.2,9999.0,0
121000,3600,1400,3665.7,1420.67,1.2,0.0,68.87480598883731,-1.2,9999.0,0
121000,3600,1400,3646.63,1376.07,1.2,0.0,52.41184789720749,-1.2,9999.0,0
121000,3600,1400,3994.68,1614.13,1.2,13.1,449.0255664213341,11.9,37.73324087574236,0
121000,3600,1400,3623.12,1435.25,1.2,0.0,42.15562714513918,-1.2,9999.0,0
121000,3600,1400,3581.34,1470.85,1.2,0.0,73.26607741649597,-1.2,9999.0,0
121000,3600,1400,3694.78,1415.19,1.2,0.0,95.98950203017016,-1.2,9999.0,0
121000,3600,1400,3546.39,1481.16,1.2,0.0,97.26755728401956,-1.2,9999.0,0
121000,3600,1400,3647.02,1408.17,1.2,0.0,47.72451466489732,-1.2,9999.0,0
121000,3600,1400,3575.04,1466.79,1.2,0.0,71.30151260667614,-1.2,9999.0,0
121000,3600,1400,3618.93,1441.47,1.2,0.0,45.58624573267683,-1.2,9999.0,0
121000,3600,1400,3641.61,1346.51,1.2,0.0,67.76851924013104,-1.2,9999.0,0
121000,3600,1400,3649.8,1382.79,1.2,0.0,52.68988612627683,-1.2,9999.0,0
121000,3600,1400,3687.53,1416.68,1.2,0.0,89.10512499289835,-1.2,9999.0,0
121000,3600,1400,3642.8,1353.92,1.2,0.0,62.89043170467197,-1.2,9999.0,0
121000,3600,1400,3645.13,1368.74,1.2,0.0,54.89903915370477,-1.2,9999.0,0
121000,3600,1400,3541.07,1592.28,1.2,4.75,201.10779025189444,3.55,56.65008176109703,0
121000,3600,1400,3542.11,1487.32,1.2,0.0,104.76657148155596,-1.2,9999.0,0
121000,3600,1400,3633.55,1414.17,1.2,0.0,36.41965678037088,-1.2,9999.0,0
121000,3600,1400,3635.66,1416.73,1.2,0.0,39.38944655615245,-1.2,9999.0,0
121000,3600,1400,3614.73,1447.68,1.2,0.0,49.90345979989771,-1.2,9999.0,0
121000,3600,1400,3569.91,1467.31,1.2,0.0,73.72953410947339,-1.2,9999.0,0
121000,3600,1400,3667.15,1379.5,1.2,0.0,70.20949009927371,-1.2,9999.0,0
121000,3600,1400,3643.98,1361.33,1.2,0.0,58.56286622084004,-1.2,9999.0,0
121000,3600,1400,3998.93,1299.05,1.2,13.19,411.50461406890673,11.99,34.32065171550515,0
121000,3600,1400,3639.32,1414.35,1.2,0.0,41.856718696047,-1.2,9999.0,0
121000,3600,1400,3610.53,1453.9,1.2,0.0,54.91894846043589,-1.2,9999.0,0
121000,3600,1400,3554.94,1468.84,1.2,0.0,82.27605483978911,-1.2,9999.0,0
121000,3600,1400,3694.37,1341.3,1.2,5.73,111.13679363739078,4.53,24.533508529225337,0
121000,3600,1400,3623.32,1429.24,1.2,0.0,37.40053475553536,-1.2,9999.0,0
121000,3600,1400,3660.65,1334.37,1.2,0.0,89.36285246118784,-1.2,9999.0,0
121000,3600,1400,3653.25,1333.37,1.2,0.0,85.29431047848394,-1.2,9999.0,0
121000,3600,1400,3486.79,1572.72,1.2,14.79,206.5156228957025,13.59,15.196145908440213,0
121000,3600,1400,3553.96,1457.33,1.2,0.0,73.52829727390666,-1.2,9999.0,0
121000,3600,1400,3630.85,1412.44,1.2,0.0,33.26373550880893,-1.2,9999.0,0
121000,3600,1400,3817.99,1011.62,1.2,22.1,445.37474614082,20.9,21.309796466067944,0
121000,3600,1400,3847.89,1667.83,1.2,13.47,364.9415857366764,12.27,29.742590524586507,0
121000,3600,1400,3665.35,1387.46,1.2,0.0,66.54227303000692,-1.2,9999.0,0
121000,3600,1400,3381.38,1729.2,1.2,8.91,395.1801417075508,7.71,51.25553070136846,0
121000,3600,1400,3548.66,1452.02,1.2,0.0,73.08813857254823,-1.2,9999.0,0
121000,3600,1400,4099.03,1309.87,1.2,9.07,507.10389251118926,7.87,64.43505622759712,0
121000,3600,1400,3629.24,1420.46,1.2,0.0,35.687381523445914,-1.2,9999.0,0
121000,3600,1400,3619.13,1435.46,1.2,0.0,40.29104739269019,-1.2,9999.0,0
121000,3600,1400,3964.7,1359.74,1.2,17.44,366.9154638332921,16.240000000000002,22.593316738503205,0
121000,3600,1400,3637.43,1340.63,1.2,8.05,70.18405659407252,6.8500000000000005,10.24584767796679,0
121000,3600,1400,3877.34,1321.76,1.2,12.79,288.1648368555749,11.59,24.863230099704477,0
121000,3600,1400,4037.5,1344.82,1.2,7.42,440.9660785139828,6.22,70.89486792829305,0
121000,3600,1400,3653.29,1407.08,1.2,0.0,53.75825983046694,-1.2,9999.0,0
122000,3600,1400,3640.64,1410.24,1.2,0.0,41.91022786862403,-1.2,9999.0,0
122000,3600,1400,3657.23,1387.86,1.2,10.91,58.50344006979422,9.71,6.025071067949971,0
122000,3600,1400,4004.86,1348.22,1.2,22.64,408.1577979164432,21.44,19.0372107237147,0
122000,3600,1400,3461.38,1616.63,1.2,14.05,257.1848776658535,12.85,20.01438736699249,0
122000,3600,1400,3639.23,1325.26,1.2,7.92,84.41007345098097,6.72,12.561022834967407,0
122000,3600,1400,3618.38,1337.59,1.2,12.02,65.06022210229546,10.82,6.012959528862796,0
122000,3600,1400,3645.75,1333.57,1.2,0.0,80.65982519197527,-1.2,9999.0,0
122000,3600,1400,3702.03,1413.71,1.2,0.0,102.947000927662,-1.2,9999.0,0
122000,3600,1400,3537.83,1493.48,1.2,0.0,112.26584208921255,-1.2,9999.0,0
122000,3600,1400,3672.88,1377.06,1.2,8.15,76.4050914533843,6.95,10.993538338616446,0
122000,3600,1400,3656.14,1401.07,1.2,0.0,56.15019590348715,-1.2,9999.0,0
122000,3600,1400,3586.63,1423.03,1.2,11.08,26.629641379485303,9.88,2.6953078319317108,1
122000,3600,1400,3725.87,1281.41,1.2,7.54,172.93595635378998,6.34,27.27696472457255,0
122000,3600,1400,3808.83,1391.77,1.2,9.76,208.9921094204276,8.56,24.41496605378827,0
122000,3600,1400,3595.58,1357.37,1.2,3.17,42.8585265729004,1.97,21.75559724512711,0
122000,3600,1400,3673.03,1419.66,1.2,0.0,75.6299973555469,-1.2,9999.0,0
122000,3600,1400,3836.72,1389.3,1.2,2.4,236.9617023909136,1.2,197.46808532576134,0
122000,3600,1400,3736.06,1265.01,1.2,0.0,191.66278642449083,-1.2,9999.0,0
122000,3600,1400,3627.32,1429.03,1.2,0.0,39.86380940151113,-1.2,9999.0,0
122000,3600,1400,3662.76,1385.58,1.2,0.0,64.39529485917453,-1.2,9999.0,0
122000,3600,1400,3680.28,1418.17,1.2,0.0,82.3105540012946,-1.2,9999.0,0
122000,3600,1400,3641.18,1411.75,1.2,0.0,42.82353208225574,-1.2,9999.0,0
122000,3600,1400,3658.35,1420.38,1.2,0.0,61.8066897673706,-1.2,9999.0,0
122000,3600,1400,3550.66,1475.0,1.2,0.0,89.77435936836316,-1.2,9999.0,0
122000,3600,1400,3631.53,1422.8,1.2,0.0,38.90990747868736,-1.2,9999.0,0
122000,3600,1400,3665.7,1420.67,1.2,0.0,68.87480598883731,-1.2,9999.0,0
122000,3600,1400,3646.63,1376.07,1.2,0.0,52.41184789720749,-1.2,9999.0,0
122000,3600,1400,4007.36,1609.98,1.2,13.35,458.294414105169,12.15,37.71970486462296,0
122000,3600,1400,3623.12,1435.25,1.2,0.0,42.15562714513918,-1.2,9999.0,0
122000,3600,1400,3581.34,1470.85,1.2,0.0,73.26607741649597,-1.2,9999.0,0
122000,3600,1400,3694.78,1415.19,1.2,0.0,95.98950203017016,-1.2,9999.0,0
122000,3600,1400,3546.39,1481.16,1.2,0.0,97.26755728401956,-1.2,9999.0,0
122000,3600,1400,3647.02,1408.17,1.2,0.0,47.72451466489732,-1.2,9999.0,0
122000,3600,1400,3575.04,1466.79,1.2,0.0,71.30151260667614,-1.2,9999.0,0
122000,3600,1400,3618.93,1441.47,1.2,0.0,45.58624573267683,-1.2,9999.0,0
122000,3600,1400,3641.61,1346.51,1.2,0.0,67.76851924013104,-1.2,9999.0,0
122000,3600,1400,3649.8,1382.79,1.2,0.0,52.68988612627683,-1.2,9999.0,0
122000,3600,1400,3687.53,1416.68,1.2,0.0,89.10512499289835,-1.2,9999.0,0
122000,3600,1400,3642.8,1353.92,1.2,0.0,62.89043170467197,-1.2,9999.0,0
122000,3600,1400,3645.13,1368.74,1.2,0.0,54.89903915370477,-1.2,9999.0,0
122000,3600,1400,3545.46,1593.69,1.2,4.61,201.22233399898727,3.41,59.00948211113996,0
122000,3600,1400,3542.11,1487.32,1.2,0.0,104.76657148155596,-1.2,9999.0,0
122000,3600,1400,3633.55,1414.17,1.2,0.0,36.41965678037088,-1.2,9999.0,0
122000,3600,1400,3635.66,1416.73,1.2,0.0,39.38944655615245,-1.2,9999.0,0
122000,3600,1400,3614.73,1447.68,1.2,0.0,49.90345979989771,-1.2,9999.0,0
122000,3600,1400,3569.91,1467.31,1.2,0.0,73.72953410947339,-1.2,9999.0,0
122000,3600,1400,3667.15,1379.5,1.2,0.0,70.20949009927371,-1.2,9999.0,0
122000,3600,1400,3643.98,1361.33,1.2,0.0,58.56286622084004,-1.2,9999.0,0
122000,3600,1400,3985.92,1301.84,1.2,13.31,398.2080260366434,12.11,32.88257853316626,0
122000,3600,1400,3639.32,1414.35,1.2,0.0,41.856718696047,-1.2,9999.0,0
122000,3600,1400,3610.53,1453.9,1.2,0.0,54.91894846043589,-1.2,9999.0,0
122000,3600,1400,3554.94,1468.84,1.2,0.0,82.27605483978911,-1.2,9999.0,0
122000,3600,1400,3691.94,1341.48,1.2,2.75,108.9841915141825,1.55,70.31238162205322,0
122000,3600,1400,3623.32,1429.24,1.2,0.0,37.40053475553536,-1.2,9999.0,0
122000,3600,1400,3660.65,1334.37,1.2,0.0,89.36285246118784,-1.2,9999.0,0
122000,3600,1400,3653.25,1333.37,1.2,0.0,85.29431047848394,-1.2,9999.0,0
122000,3600,1400,3494.78,1560.19,1.2,14.86,191.6561621759133,13.66,14.030465752263051,0
122000,3600,1400,3553.96,1457.33,1.2,0.0,73.52829727390666,-1.2,9999.0,0
122000,3600,1400,3630.85,1412.44,1.2,0.0,33.26373550880893,-1.2,9999.0,0
122000,3600,1400,3814.2,994.36,1.2,17.6,458.7215381906543,16.400000000000002,27.970825499430138,0
122000,3600,1400,3861.05,1667.37,1.2,13.2,373.6760888791254,12.0,31.13967407326045,0
122000,3600,1400,3665.35,1387.46,1.2,0.0,66.54227303000692,-1.2,9999.0,0
122000,3600,1400,3387.6,1719.91,1.2,11.18,384.00021888014606,9.98,38.47697583969399,0
122000,3600,1400,3548.66,1452.02,1.2,0.0,73.08813857254823,-1.2,9999.0,0
122000,3600,1400,4096.42,1298.61,1.2,11.56,506.6682825083884,10.36,48.90620487532707,0
122000,3600,1400,3629.24,1420.46,1.2,0.0,35.687381523445914,-1.2,9999.0,0
122000,3600,1400,3619.13,1435.46,1.2,0.0,40.29104739269019,-1.2,9999.0,0
122000,3600,1400,3945.39,1363.7,1.2,19.71,347.2923006632884,18.51,18.762414946693053,0
122000,3600,1400,3638.29,1336.17,1.2,4.61,74.43381623966346,3.41,21.82809860400688,0
122000,3600,1400,3890.78,1318.95,1.2,13.73,301.86439157343506,12.53,24.091332128765767,0
122000,3600,1400,4028.2,1346.71,1.2,9.49,431.50326082197785,8.290000000000001,52.05105679396596,0
122000,3600,1400,3653.29,1407.08,1.2,0.0,53.75825983046694,-1.2,9999.0,0
123000,3600,1400,3640.64,1410.24,1.2,0.0,41.91022786862403,-1.2,9999.0,0
123000,3600,1400,3664.89,1377.19,1.2,13.16,68.78232476443335,11.96,5.751030498698441,0
123000,3600,1400,4022.63,1344.57,1.2,18.14,426.2494595891004,16.94,25.162305760867792,0
123000,3600,1400,3453.37,1627.89,1.2,13.82,270.9874701900442,12.62,21.472858176707145,0
123000,3600,1400,3642.3,1329.87,1.2,5.9,81.89937057145208,4.7,17.425397993925973,0
123000,3600,1400,3625.97,1334.35,1.2,8.29,70.60002407931601,7.089999999999999,9.957690279170102,0
123000,3600,1400,3645.75,1333.57,1.2,0.0,80.65982519197527,-1.2,9999.0,0
123000,3600,1400,3702.03,1413.71,1.2,0.0,102.947000927662,-1.2,9999.0,0
123000,3600,1400,3537.83,1493.48,1.2,0.0,112.26584208921255,-1.2,9999.0,0
123000,3600,1400,3670.59,1380.22,1.2,3.9,73.30891146375056,2.7,27.151448690277984,0
123000,3600,1400,3656.14,1401.07,1.2,0.0,56.15019590348715,-1.2,9999.0,0
123000,3600,1400,3580.89,1433.86,1.2,12.33,38.88047967811095,11.13,3.4933045532893936,0
123000,3600,1400,3727.71,1278.59,1.2,3.37,176.21076073838404,2.17,81.20311554764241,0
123000,3600,1400,3796.8,1394.24,1.2,12.28,196.88427463868229,11.08,17.769338866307066,0
123000,3600,1400,3598.94,1353.36,1.2,5.23,46.65204389949072,4.03,11.576189553223504,0
123000,3600,1400,3673.03,1419.66,1.2,0.0,75.6299973555469,-1.2,9999.0,0
123000,3600,1400,3832.05,1387.0,1.2,4.11,232.41386038702612,2.91,79.86730597492306,0
123000,3600,1400,3737.35,1262.82,1.2,2.54,194.12206185799693,1.34,144.86721034178873,0
123000,3600,1400,3627.32,1429.03,1.2,0.0,39.86380940151113,-1.2,9999.0,0
123000,3600,1400,3662.76,1385.58,1.2,0.0,64.39529485917453,-1.2,9999.0,0
123000,3600,1400,3680.28,1418.17,1.2,0.0,82.3105540012946,-1.2,9999.0,0
123000,3600,1400,3641.18,1411.75,1.2,0.0,42.82353208225574,-1.2,9999.0,0
123000,3600,1400,3658.35,1420.38,1.2,0.0,61.8066897673706,-1.2,9999.0,0
123000,3600,1400,3550.66,1475.0,1.2,0.0,89.77435936836316,-1.2,9999.0,0
123000,3600,1400,3631.53,1422.8,1.2,0.0,38.90990747868736,-1.2,9999.0,0
123000,3600,1400,3665.7,1420.67,1.2,0.0,68.87480598883731,-1.2,9999.0,0
123000,3600,1400,3646.63,1376.07,1.2,0.0,52.41184789720749,-1.2,9999.0,0
123000,3600,1400,4020.49,1606.88,1.2,13.51,468.6269033036834,12.31,38.06879799380044,0
123000,3600,1400,3623.12,1435.25,1.2,0.0,42.15562714513918,-1.2,9999.0,0
123000,3600,1400,3581.34,1470.85,1.2,0.0,73.26607741649597,-1.2,9999.0,0
123000,3600,1400,3694.78,1415.19,1.2,0.0,95.98950203017016,-1.2,9999.0,0
123000,3600,1400,3546.39,1481.16,1.2,0.0,97.26755728401956,-1.2,9999.0,0
123000,3600,1400,3647.02,1408.17,1.2,0.0,47.72451466489732,-1.2,9999.0,0
123000,3600,1400,3575.04,1466.79,1.2,0.0,71.30151260667614,-1.2,9999.0,0
123000,3600,1400,3618.93,1441.47,1.2,0.0,45.58624573267683,-1.2,9999.0,0
123000,3600,1400,3641.61,1346.51,1.2,0.0,67.76851924013104,-1.2,9999.0,0
123000,3600,1400,3649.8,1382.79,1.2,0.0,52.68988612627683,-1.2,9999.0,0
123000,3600,1400,3687.53,1416.68,1.2,0.0,89.10512499289835,-1.2,9999.0,0
123000,3600,1400,3642.8,1353.92,1.2,0.0,62.89043170467197,-1.2,9999.0,0
123000,3600,1400,3645.13,1368.74,1.2,0.0,54.89903915370477,-1.2,9999.0,0
123000,3600,1400,3551.9,1593.21,1.2,6.48,199.10729293524133,5.28,37.70971457106843,0
123000,3600,1400,3542.11,1487.32,1.2,0.0,104.76657148155596,-1.2,9999.0,0
123000,3600,1400,3633.55,1414.17,1.2,0.0,36.41965678037088,-1.2,9999.0,0
123000,3600,1400,3635.66,1416.73,1.2,0.0,39.38944655615245,-1.2,9999.0,0
123000,3600,1400,3614.73,1447.68,1.2,0.0,49.90345979989771,-1.2,9999.0,0
123000,3600,1400,3569.91,1467.31,1.2,0.0,73.72953410947339,-1.2,9999.0,0
123000,3600,1400,3667.15,1379.5,1.2,0.0,70.20949009927371,-1.2,9999.0,0
123000,3600,1400,3643.98,1361.33,1.2,0.0,58.56286622084004,-1.2,9999.0,0
123000,3600,1400,3972.78,1304.67,1.2,13.44,384.7762171704485,12.24,31.435965455102,0
123000,3600,1400,3639.32,1414.35,1.2,0.0,41.856718696047,-1.2,9999.0,0
123000,3600,1400,3610.53,1453.9,1.2,0.0,54.91894846043589,-1.2,9999.0,0
123000,3600,1400,3554.94,1468.84,1.2,0.0,82.27605483978911,-1.2,9999.0,0
123000,3600,1400,3692.23,1338.71,1.2,3.02,110.73769457596632,1.82,60.844887129651816,0
123000,3600,1400,3623.32,1429.24,1.2,0.0,37.40053475553536,-1.2,9999.0,0
123000,3600,1400,3660.65,1334.37,1.2,0.0,89.36285246118784,-1.2,9999.0,0
123000,3600,1400,3653.25,1333.37,1.2,0.0,85.29431047848394,-1.2,9999.0,0
123000,3600,1400,3502.82,1547.55,1.2,14.98,176.6775449795473,13.78,12.821302248152925,0
123000,3600,1400,3553.96,1457.33,1.2,0.0,73.52829727390666,-1.2,9999.0,0
123000,3600,1400,3630.85,1412.44,1.2,0.0,33.26373550880893,-1.2,9999.0,0
123000,3600,1400,3811.39,981.51,1.2,13.1,468.84924250765295,11.9,39.39909600904647,0
123000,3600,1400,3873.78,1666.21,1.2,12.78,381.868108775792,11.58,32.976520619671156,0
123000,3600,1400,3665.35,1387.46,1.2,0.0,66.54227303000692,-1.2,9999.0,0
123000,3600,1400,3394.84,1709.08,1.2,13.03,370.9731418849617,11.83,31.358676406167515,0
123000,3600,1400,3548.66,1452.02,1.2,0.0,73.08813857254823,-1.2,9999.0,0
123000,3600,1400,4091.15,1286.08,1.2,13.99,504.18854499085967,12.79,39.42052736441436,0
123000,3600,1400,3629.24,1420.46,1.2,0.0,35.687381523445914,-1.2,9999.0,0
123000,3600,1400,3619.13,1435.46,1.2,0.0,40.29104739269019,-1.2,9999.0,0
123000,3600,1400,3924.2,1368.05,1.2,21.64,325.7705365744421,20.44,15.93789317878875,0
123000,3600,1400,3638.49,1335.78,1.2,0.44,74.87114597760599,-0.76,9999.0,0
123000,3600,1400,3903.52,1316.24,1.2,13.02,314.865253719746,11.82,26.638346338387986,0
123000,3600,1400,4017.43,1348.91,1.2,10.99,420.5448763211839,9.79,42.95657572228641,0
123000,3600,1400,3653.29,1407.08,1.2,0.0,53.75825983046694,-1.2,9999.0,0
124000,3600,1400,3640.64,1410.24,1.2,0.0,41.91022786862403,-1.2,9999.0,0
124000,3600,1400,3673.36,1365.48,1.2,14.46,81.07601371552512,13.260000000000002,6.1143298427997825,0
124000,3600,1400,4036.0,1341.85,1.2,13.64,439.8606853311626,12.44,35.358575991251016,0
124000,3600,1400,3445.79,1639.14,1.2,13.57,284.5499318221673,12.37,23.003228118202696,0
124000,3600,1400,3648.9,1330.28,1.2,6.67,85.15919445368195,5.47,15.568408492446427,0
124000,3600,1400,3629.57,1333.16,1.2,3.79,73.08878504941781,2.59,28.219608127188344,0
124000,3600,1400,3645.75,1333.57,1.2,0.0,80.65982519197527,-1.2,9999.0,0
124000,3600,1400,3702.03,1413.71,1.2,0.0,102.947000927662,-1.2,9999.0,0
124000,3600,1400,3537.83,1493.48,1.2,0.0,112.26584208921255,-1.2,9999.0,0
124000,3600,1400,3669.82,1381.29,1.2,1.32,72.28344554598947,0.1200000000000001,602.3620462165784,0
124000,3600,1400,3656.14,1401.07,1.2,0.0,56.15019590348715,-1.2,9999.0,0
124000,3600,1400,3574.78,1443.73,1.2,11.61,50.48129653644002,10.41,4.8493080246340075,0
124000,3600,1400,3730.45,1274.28,1.2,5.13,181.1704194950157,3.93,46.099343382955645,0
124000,3600,1400,3783.21,1397.03,1.2,13.87,183.2340716133329,12.67,14.462041958431957,0
124000,3600,1400,3603.58,1348.51,1.2,6.72,51.61430518761248,5.52,9.350417606451536,0
124000,3600,1400,3673.03,1419.66,1.2,0.0,75.6299973555469,-1.2,9999.0,0
124000,3600,1400,3826.39,1388.16,1.2,5.78,226.69939942575925,4.58,49.49768546413957,0
124000,3600,1400,3739.78,1258.66,1.2,4.81,198.784918945075,3.61,55.06507450002078,0
124000,3600,1400,3747.39,1397.85,1.2,0.0,147.40568035187778,-1.2,9999.0,0
124000,3600,1400,3627.32,1429.03,1.2,0.0,39.86380940151113,-1.2,9999.0,0
124000,3600,1400,3662.76,1385.58,1.2,0.0,64.39529485917453,-1.2,9999.0,0
124000,3600,1400,3680.28,1418.17,1.2,0.0,82.3105540012946,-1.2,9999.0,0
124000,3600,1400,3641.18,1411.75,1.2,0.0,42.82353208225574,-1.2,9999.0,0
124000,3600,1400,3658.35,1420.38,1.2,0.0,61.8066897673706,-1.2,9999.0,0
124000,3600,1400,3550.66,1475.0,1.2,0.0,89.77435936836316,-1.2,9999.0,0
124000,3600,1400,3631.53,1422.8,1.2,0.0,38.90990747868736,-1.2,9999.0,0
124000,3600,1400,3665.7,1420.67,1.2,0.0,68.87480598883731,-1.2,9999.0,0
124000,3600,1400,3646.63,1376.07,1.2,0.0,52.41184789720749,-1.2,9999.0,0
124000,3600,1400,4033.91,1605.68,1.2,13.48,480.18970261762166,12.28,39.103395978633685,0
124000,3600,1400,3623.12,1435.25,1.2,0.0,42.15562714513918,-1.2,9999.0,0
124000,3600,1400,3581.34,1470.85,1.2,0.0,73.26607741649597,-1.2,9999.0,0
124000,3600,1400,3694.78,1415.19,1.2,0.0,95.98950203017016,-1.2,9999.0,0
124000,3600,1400,3546.39,1481.16,1.2,0.0,97.26755728401956,-1.2,9999.0,0
124000,3600,1400,3647.02,1408.17,1.2,0.0,47.72451466489732,-1.2,9999.0,0
124000,3600,1400,3575.04,1466.79,1.2,0.0,71.30151260667614,-1.2,9999.0,0
124000,3600,1400,3618.93,1441.47,1.2,0.0,45.58624573267683,-1.2,9999.0,0
124000,3600,1400,3641.61,1346.51,1.2,0.0,67.76851924013104,-1.2,9999.0,0
124000,3600,1400,3649.8,1382.79,1.2,0.0,52.68988612627683,-1.2,9999.0,0
124000,3600,1400,3687.53,1416.68,1.2,0.0,89.10512499289835,-1.2,9999.0,0
124000,3600,1400,3642.8,1353.92,1.2,0.0,62.89043170467197,-1.2,9999.0,0
124000,3600,1400,3645.13,1368.74,1.2,0.0,54.89903915370477,-1.2,9999.0,0
124000,3600,1400,3560.49,1592.37,1.2,8.64,196.38548062420492,7.44,26.395897933360875,0
124000,3600,1400,3542.11,1487.32,1.2,0.0,104.76657148155596,-1.2,9999.0,0
124000,3600,1400,3633.55,1414.17,1.2,0.0,36.41965678037088,-1.2,9999.0,0
124000,3600,1400,3635.66,1416.73,1.2,0.0,39.38944655615245,-1.2,9999.0,0
124000,3600,1400,3614.73,1447.68,1.2,0.0,49.90345979989771,-1.2,9999.0,0
124000,3600,1400,3569.91,1467.31,1.2,0.0,73.72953410947339,-1.2,9999.0,0
124000,3600,1400,3667.15,1379.5,1.2,0.0,70.20949009927371,-1.2,9999.0,0
124000,3600,1400,3643.98,1361.33,1.2,0.0,58.56286622084004,-1.2,9999.0,0
124000,3600,1400,3959.53,1307.51,1.2,13.56,371.2360717925996,12.36,30.035280889368902,0
124000,3600,1400,3639.32,1414.35,1.2,0.0,41.856718696047,-1.2,9999.0,0
124000,3600,1400,3610.53,1453.9,1.2,0.0,54.91894846043589,-1.2,9999.0,0
124000,3600,1400,3554.94,1468.84,1.2,0.0,82.27605483978911,-1.2,9999.0,0
124000,3600,1400,3694.9,1334.64,1.2,4.87,115.22994228931994,3.67,31.397804438506796,0
124000,3600,1400,3623.32,1429.24,1.2,0.0,37.40053475553536,-1.2,9999.0,0
124000,3600,1400,3660.65,1334.37,1.2,0.0,89.36285246118784,-1.2,9999.0,0
124000,3600,1400,3653.25,1333.37,1.2,0.0,85.29431047848394,-1.2,9999.0,0
124000,3600,1400,3510.65,1535.26,1.2,14.57,162.107032851755,13.37,12.124684581283098,0
124000,3600,1400,3553.96,1457.33,1.2,0.0,73.52829727390666,-1.2,9999.0,0
124000,3600,1400,3630.85,1412.44,1.2,0.0,33.26373550880893,-1.2,9999.0,0
124000,3600,1400,3810.34,972.96,1.2,8.6,476.0315926490594,7.399999999999999,64.32859360122426,0
124000,3600,1400,3886.91,1664.28,1.2,13.34,390.078538886722,12.14,32.13167536134448,0
124000,3600,1400,3665.35,1387.46,1.2,0.0,66.54227303000692,-1.2,9999.0,0
124000,3600,1400,3402.58,1697.51,1.2,13.92,357.0530163715187,12.72,28.070205689584803,0
124000,3600,1400,3548.66,1452.02,1.2,0.0,73.08813857254823,-1.2,9999.0,0
124000,3600,1400,4078.91,1282.77,1.2,12.98,493.0493494570294,11.78,41.85478348531659,0
124000,3600,1400,3629.24,1420.46,1.2,0.0,35.687381523445914,-1.2,9999.0,0
124000,3600,1400,3619.13,1435.46,1.2,0.0,40.29104739269019,-1.2,9999.0,0
124000,3600,1400,3900.73,1372.88,1.2,23.95,301.9503722468313,22.75,13.272543835025552,0
124000,3600,1400,3638.51,1335.74,1.2,0.04,74.91573733201868,-1.16,9999.0,0
124000,3600,1400,3916.68,1313.42,1.2,13.46,328.30217605127126,12.260000000000002,26.778317785584928,0
124000,3600,1400,4004.66,1351.53,1.2,13.04,407.5525199284135,11.84,34.42166553449439,0
124000,3600,1400,3653.29,1407.08,1.2,0.0,53.75825983046694,-1.2,9999.0,0
125000,3600,1400,3640.64,1410.24,1.2,0.0,41.91022786862403,-1.2,9999.0,0
125000,3600,1400,3679.49,1357.01,1.2,10.46,90.37035022616637,9.260000000000002,9.759217087059001,0
125000,3600,1400,4044.97,1340.03,1.2,9.14,448.9929863594752,7.94,56.54823505786841,0
125000,3600,1400,3438.04,1650.64,1.2,13.86,298.4148977514361,12.66,23.57147691559527,0
125000,3600,1400,3657.27,1330.47,1.2,8.41,90.0792639845597,7.21,12.49365658593061,0
125000,3600,1400,3629.98,1333.04,1.2,0.42,73.36512795599832,-0.78,9999.0,0
125000,3600,1400,3645.75,1333.57,1.2,0.0,80.65982519197527,-1.2,9999.0,0
125000,3600,1400,3702.03,1413.71,1.2,0.0,102.947000927662,-1.2,9999.0,0
125000,3600,1400,3537.83,1493.48,1.2,0.0,112.26584208921255,-1.2,9999.0,0
125000,3600,1400,3669.76,1381.36,1.2,0.09,72.20739020349671,-1.11,9999.0,0
125000,3600,1400,3656.14,1401.07,1.2,0.0,56.15019590348715,-1.2,9999.0,0
125000,3600,1400,3570.2,1451.13,1.2,8.7,59.18037597041795,7.499999999999999,7.890716796055727,0
125000,3600,1400,3736.8,1270.07,1.2,6.89,188.66914135597284,5.69,33.15802132793898,0
125000,3600,1400,3768.03,1400.15,1.2,15.5,168.0300669523168,14.3,11.750354332329845,0
125000,3600,1400,3610.12,1342.9,1.2,8.64,57.98986463167497,7.44,7.7943366440423345,0
125000,3600,1400,3673.03,1419.66,1.2,0.0,75.6299973555469,-1.2,9999.0,0
125000,3600,1400,3819.05,1389.67,1.2,7.49,219.29343674629223,6.29,34.863821422304014,0
125000,3600,1400,3743.35,1252.58,1.2,7.05,205.62557939128095,5.85,35.14967169081726,0
125000,3600,1400,3749.23,1397.47,1.2,1.87,149.25144488412838,0.6700000000000002,222.76335057332588,0
125000,3600,1400,3642.21,1370.92,1.2,0.0,51.25749213529666,-1.2,9999.0,0
125000,3600,1400,3627.32,1429.03,1.2,0.0,39.86380940151113,-1.2,9999.0,0
125000,3600,1400,3662.76,1385.58,1.2,0.0,64.39529485917453,-1.2,9999.0,0
125000,3600,1400,3680.28,1418.17,1.2,0.0,82.3105540012946,-1.2,9999.0,0
125000,3600,1400,3641.18,1411.75,1.2,0.0,42.82353208225574,-1.2,9999.0,0
125000,3600,1400,3658.35,1420.38,1.2,0.0,61.8066897673706,-1.2,9999.0,0
125000,3600,1400,3550.66,1475.0,1.2,0.0,89.77435936836316,-1.2,9999.0,0
125000,3600,1400,3631.53,1422.8,1.2,0.0,38.90990747868736,-1.2,9999.0,0
125000,3600,1400,3665.7,1420.67,1.2,0.0,68.87480598883731,-1.2,9999.0,0
125000,3600,1400,3646.63,1376.07,1.2,0.0,52.41184789720749,-1.2,9999.0,0
125000,3600,1400,4046.89,1605.29,1.2,12.99,491.7872062182991,11.79,41.7122312314079,0
125000,3600,1400,3623.12,1435.25,1.2,0.0,42.15562714513918,-1.2,9999.0,0
125000,3600,1400,3581.34,1470.85,1.2,0.0,73.26607741649597,-1.2,9999.0,0
125000,3600,1400,3694.78,1415.19,1.2,0.0,95.98950203017016,-1.2,9999.0,0
125000,3600,1400,3546.39,1481.16,1.2,0.0,97.26755728401956,-1.2,9999.0,0
125000,3600,1400,3647.02,1408.17,1.2,0.0,47.72451466489732,-1.2,9999.0,0
125000,3600,1400,3575.04,1466.79,1.2,0.0,71.30151260667614,-1.2,9999.0,0
125000,3600,1400,3618.93,1441.47,1.2,0.0,45.58624573267683,-1.2,9999.0,0
125000,3600,1400,3641.61,1346.51,1.2,0.0,67.76851924013104,-1.2,9999.0,0
125000,3600,1400,3649.8,1382.79,1.2,0.0,52.68988612627683,-1.2,9999.0,0
125000,3600,1400,3687.53,1416.68,1.2,0.0,89.10512499289835,-1.2,9999.0,0
125000,3600,1400,3642.8,1353.92,1.2,0.0,62.89043170467197,-1.2,9999.0,0
125000,3600,1400,3645.13,1368.74,1.2,0.0,54.89903915370477,-1.2,9999.0,0
125000,3600,1400,3571.42,1591.29,1.2,10.98,193.41323765451003,9.78,19.77640466815031,0
125000,3600,1400,3542.11,1487.32,1.2,0.0,104.76657148155596,-1.2,9999.0,0
125000,3600,1400,3633.55,1414.17,1.2,0.0,36.41965678037088,-1.2,9999.0,0
125000,3600,1400,3635.66,1416.73,1.2,0.0,39.38944655615245,-1.2,9999.0,0
125000,3600,1400,3614.73,1447.68,1.2,0.0,49.90345979989771,-1.2,9999.0,0
125000,3600,1400,3569.91,1467.31,1.2,0.0,73.72953410947339,-1.2,9999.0,0
125000,3600,1400,3667.15,1379.5,1.2,0.0,70.20949009927371,-1.2,9999.0,0
125000,3600,1400,3643.98,1361.33,1.2,0.0,58.56286622084004,-1.2,9999.0,0
125000,3600,1400,3946.31,1310.35,1.2,13.53,357.7257868815162,12.33,29.01263478357796,0
125000,3600,1400,3639.32,1414.35,1.2,0.0,41.856718696047,-1.2,9999.0,0
125000,3600,1400,3610.53,1453.9,1.2,0.0,54.91894846043589,-1.2,9999.0,0
125000,3600,1400,3554.94,1468.84,1.2,0.0,82.27605483978911,-1.2,9999.0,0
125000,3600,1400,3698.4,1329.28,1.2,6.4,121.17705393349031,5.2,23.30327960259429,0
125000,3600,1400,3623.32,1429.24,1.2,0.0,37.40053475553536,-1.2,9999.0,0
125000,3600,1400,3660.65,1334.37,1.2,0.0,89.36285246118784,-1.2,9999.0,0
125000,3600,1400,3653.25,1333.37,1.2,0.0,85.29431047848394,-1.2,9999.0,0
125000,3600,1400,3518.42,1523.07,1.2,14.46,147.65338228432145,13.260000000000002,11.135247532754256,0
125000,3600,1400,3553.96,1457.33,1.2,0.0,73.52829727390666,-1.2,9999.0,0
125000,3600,1400,3630.85,1412.44,1.2,0.0,33.26373550880893,-1.2,9999.0,0
125000,3600,1400,3809.9,967.61,1.2,5.34,480.64448618495567,4.14,116.09770197704245,0
125000,3600,1400,3898.28,1659.44,1.2,12.38,395.3227440965169,11.18,35.359816108811884,0
125000,3600,1400,3665.35,1387.46,1.2,0.0,66.54227303000692,-1.2,9999.0,0
125000,3600,1400,3410.27,1686.11,1.2,13.75,343.3022065178142,12.55,27.3547574914593,0
125000,3600,1400,3548.66,1452.02,1.2,0.0,73.08813857254823,-1.2,9999.0,0
125000,3600,1400,4065.06,1285.14,1.2,14.06,479.0340522342853,12.86,37.249926301266356,0
125000,3600,1400,3629.24,1420.46,1.2,0.0,35.687381523445914,-1.2,9999.0,0
125000,3600,1400,3619.13,1435.46,1.2,0.0,40.29104739269019,-1.2,9999.0,0
125000,3600,1400,3878.74,1377.4,1.2,22.45,279.6546935061164,21.25,13.160220870876067,0
125000,3600,1400,3639.46,1333.96,1.2,2.01,76.93096385721421,0.8099999999999998,94.97649858915337,0
125000,3600,1400,3929.2,1310.75,1.2,12.8,341.0838643207853,11.6,29.403781406964253,0
125000,3600,1400,3989.97,1354.55,1.2,15.0,392.6096068615742,13.8,28.449971511708274,0
125000,3600,1400,3653.29,1407.08,1.2,0.0,53.75825983046694,-1.2,9999.0,0
126000,3600,1400,3640.64,1410.24,1.2,0.0,41.91022786862403,-1.2,9999.0,0
126000,3600,1400,3683.68,1351.47,1.2,6.95,96.73418888893404,5.75,16.823337198075485,0
126000,3600,1400,4049.61,1339.09,1.2,4.74,453.7170706508629,3.54,128.16866402566748,0
126000,3600,1400,3430.38,1662.0,1.2,13.7,312.11367224138064,12.5,24.96909377931045,0
126000,3600,1400,3667.03,1332.63,1.2,10.02,95.03545548899112,8.82,10.774994953400354,0
126000,3600,1400,3630.29,1332.96,1.2,0.32,73.56524790959378,-0.8799999999999999,9999.0,0
126000,3600,1400,3645.75,1333.57,1.2,0.0,80.65982519197527,-1.2,9999.0,0
126000,3600,1400,3702.03,1413.71,1.2,0.0,102.947000927662,-1.2,9999.0,0
126000,3600,1400,3537.83,1493.48,1.2,0.0,112.26584208921255,-1.2,9999.0,0
126000,3600,1400,3669.75,1381.38,1.2,0.02,72.19256817706373,-1.18,9999.0,0
126000,3600,1400,3656.14,1401.07,1.2,0.0,56.15019590348715,-1.2,9999.0,0
126000,3600,1400,3567.83,1454.95,1.2,4.5,63.6742601056346,3.3,19.295230335040788,0
126000,3600,1400,3741.31,1262.39,1.2,8.92,197.2435758142707,7.72,25.549685986304496,0
126000,3600,1400,3750.41,1403.77,1.2,17.99,150.45723977263424,16.79,8.961122082944268,0
126000,3600,1400,3617.84,1337.89,1.2,9.22,64.62134090221274,8.020000000000001,8.05752380326842,0
126000,3600,1400,3673.03,1419.66,1.2,0.0,75.6299973555469,-1.2,9999.0,0
126000,3600,1400,3809.91,1391.55,1.2,9.34,210.0800099961916,8.14,25.808355036387173,0
126000,3600,1400,3747.63,1245.27,1.2,8.46,213.85974328984884,7.260000000000001,29.457264915957136,0
126000,3600,1400,3752.5,1396.8,1.2,3.34,152.53357007557386,2.14,71.27736919419338,0
126000,3600,1400,3642.02,1369.63,1.2,1.31,51.84609242749151,0.1100000000000001,471.32811297719513,0
126000,3600,1400,3627.32,1429.03,1.2,0.0,39.86380940151113,-1.2,9999.0,0
126000,3600,1400,3662.76,1385.58,1.2,0.0,64.39529485917453,-1.2,9999.0,0
126000,3600,1400,3680.28,1418.17,1.2,0.0,82.3105540012946,-1.2,9999.0,0
126000,3600,1400,3641.18,1411.75,1.2,0.0,42.82353208225574,-1.2,9999.0,0
126000,3600,1400,3658.35,1420.38,1.2,0.0,61.8066897673706,-1.2,9999.0,0
126000,3600,1400,3550.66,1475.0,1.2,0.0,89.77435936836316,-1.2,9999.0,0
126000,3600,1400,3631.53,1422.8,1.2,0.0,38.90990747868736,-1.2,9999.0,0
126000,3600,1400,3665.7,1420.67,1.2,0.0,68.87480598883731,-1.2,9999.0,0
126000,3600,1400,3646.63,1376.07,1.2,0.0,52.41184789720749,-1.2,9999.0,0
126000,3600,1400,4060.11,1605.01,1.2,13.22,503.71649982902096,12.02,41.90653076780541,0
126000,3600,1400,3623.12,1435.25,1.2,0.0,42.15562714513918,-1.2,9999.0,0
126000,3600,1400,3581.34,1470.85,1.2,0.0,73.26607741649597,-1.2,9999.0,0
126000,3600,1400,3694.78,1415.19,1.2,0.0,95.98950203017016,-1.2,9999.0,0
126000,3600,1400,3546.39,1481.16,1.2,0.0,97.26755728401956,-1.2,9999.0,0
126000,3600,1400,3647.02,1408.17,1.2,0.0,47.72451466489732,-1.2,9999.0,0
126000,3600,1400,3575.04,1466.79,1.2,0.0,71.30151260667614,-1.2,9999.0,0
126000,3600,1400,3618.93,1441.47,1.2,0.0,45.58624573267683,-1.2,9999.0,0
126000,3600,1400,3641.61,1346.51,1.2,0.0,67.76851924013104,-1.2,9999.0,0
126000,3600,1400,3649.8,1382.79,1.2,0.0,52.68988612627683,-1.2,9999.0,0
126000,3600,1400,3687.53,1416.68,1.2,0.0,89.10512499289835,-1.2,9999.0,0
126000,3600,1400,3642.8,1353.92,1.2,0.0,62.89043170467197,-1.2,9999.0,0
126000,3600,1400,3645.13,1368.74,1.2,0.0,54.89903915370477,-1.2,9999.0,0
126000,3600,1400,3583.11,1590.16,1.2,11.75,190.90861085870387,10.55,18.095602924995625,0
126000,3600,1400,3542.11,1487.32,1.2,0.0,104.76657148155596,-1.2,9999.0,0
126000,3600,1400,3633.55,1414.17,1.2,0.0,36.41965678037088,-1.2,9999.0,0
126000,3600,1400,3635.66,1416.73,1.2,0.0,39.38944655615245,-1.2,9999.0,0
126000,3600,1400,3614.73,1447.68,1.2,0.0,49.90345979989771,-1.2,9999.0,0
126000,3600,1400,3569.91,1467.31,1.2,0.0,73.72953410947339,-1.2,9999.0,0
126000,3600,1400,3667.15,1379.5,1.2,0.0,70.20949009927371,-1.2,9999.0,0
126000,3600,1400,3643.98,1361.33,1.2,0.0,58.56286622084004,-1.2,9999.0,0
126000,3600,1400,3933.08,1313.19,1.2,13.53,344.2067147805225,12.33,27.91619746800669,0
126000,3600,1400,3639.32,1414.35,1.2,0.0,41.856718696047,-1.2,9999.0,0
126000,3600,1400,3610.53,1453.9,1.2,0.0,54.91894846043589,-1.2,9999.0,0
126000,3600,1400,3554.94,1468.84,1.2,0.0,82.27605483978911,-1.2,9999.0,0
126000,3600,1400,3703.2,1321.93,1.2,8.79,129.40311008627248,7.589999999999999,17.049158114133398,0
126000,3600,1400,3623.32,1429.24,1.2,0.0,37.40053475553536,-1.2,9999.0,0
126000,3600,1400,3660.65,1334.37,1.2,0.0,89.36285246118784,-1.2,9999.0,0
126000,3600,1400,3653.25,1333.37,1.2,0.0,85.29431047848394,-1.2,9999.0,0
126000,3600,1400,3523.77,1514.66,1.2,9.96,137.68779357662763,8.760000000000002,15.717784654866165,0
126000,3600,1400,3553.96,1457.33,1.2,0.0,73.52829727390666,-1.2,9999.0,0
126000,3600,1400,3630.85,1412.44,1.2,0.0,33.26373550880893,-1.2,9999.0,0
126000,3600,1400,3811.36,965.39,1.2,2.9,483.27932057972447,1.7,284.2819532821909,0
126000,3600,1400,3909.33,1653.49,1.2,12.55,399.9277797302908,11.35,35.23592772954104,0
126000,3600,1400,3665.35,1387.46,1.2,0.0,66.54227303000692,-1.2,9999.0,0
126000,3600,1400,3418.07,1674.55,1.2,13.95,329.3572944387294,12.75,25.83194466186113,0
126000,3600,1400,3548.66,1452.02,1.2,0.0,73.08813857254823,-1.2,9999.0,0
126000,3600,1400,4051.33,1287.94,1.2,14.01,465.0335606168656,12.81,36.3023856843767,0
126000,3600,1400,3629.24,1420.46,1.2,0.0,35.687381523445914,-1.2,9999.0,0
126000,3600,1400,3619.13,1435.46,1.2,0.0,40.29104739269019,-1.2,9999.0,0
126000,3600,1400,3860.11,1381.22,1.2,19.02,260.7870788593639,17.82,14.634516209840845,0
126000,3600,1400,3642.49,1331.3,1.2,4.08,80.77802981009123,2.88,28.047927017392787,0
126000,3600,1400,3942.52,1307.89,1.2,13.62,354.6888812748434,12.42,28.557880940003496,0
126000,3600,1400,3973.21,1357.99,1.2,17.11,375.5669636695965,15.91,23.605717389666655,0
126000,3600,1400,3653.29,1407.08,1.2,0.0,53.75825983046694,-1.2,9999.0,0
127000,3600,1400,3640.64,1410.24,1.2,0.0,41.91022786862403,-1.2,9999.0,0
127000,3600,1400,3690.32,1348.08,1.2,7.75,104.17959877058482,6.55,15.905282255051118,0
127000,3600,1400,4051.97,1340.41,1.2,3.05,455.8813979534588,1.85,246.4223772721399,0
127000,3600,1400,3422.95,1673.03,1.2,13.3,325.4106381174409,12.1,26.893441166730653,0
127000,3600,1400,3675.47,1336.52,1.2,9.3,98.61760137014068,8.100000000000001,12.17501251483218,0
127000,3600,1400,3630.29,1332.96,1.2,0.0,73.56524790959378,-1.2,9999.0,0
127000,3600,1400,3645.75,1333.57,1.2,0.0,80.65982519197527,-1.2,9999.0,0
127000,3600,1400,3702.03,1413.71,1.2,0.0,102.947000927662,-1.2,9999.0,0
127000,3600,1400,3537.83,1493.48,1.2,0.0,112.26584208921255,-1.2,9999.0,0
127000,3600,1400,3669.75,1381.38,1.2,0.01,72.19256817706373,-1.19,9999.0,0
127000,3600,1400,3656.14,1401.07,1.2,0.0,56.15019590348715,-1.2,9999.0,0
127000,3600,1400,3567.77,1455.05,1.2,0.12,63.79087238782674,-1.08,9999.0,0
127000,3600,1400,3746.64,1253.3,1.2,10.55,207.42270753222743,9.35,22.184246794890637,0
127000,3600,1400,3734.42,1407.06,1.2,16.34,134.60527478520305,15.14,8.890705071677877,0
127000,3600,1400,3621.99,1335.67,1.2,4.72,67.98462326144039,3.52,19.313813426545565,0
127000,3600,1400,3673.03,1419.66,1.2,0.0,75.6299973555469,-1.2,9999.0,0
127000,3600,1400,3798.36,1393.92,1.2,11.79,198.45315820112324,10.59,18.739674995384632,0
127000,3600,1400,3752.78,1236.49,1.2,10.17,223.77946398184096,8.97,24.947543364753727,0
127000,3600,1400,3757.46,1395.78,1.2,5.06,157.51653881418298,3.86,40.80739347517694,0
127000,3600,1400,3641.57,1366.69,1.2,2.98,53.26932513182432,1.78,29.92658715271029,0
127000,3600,1400,3567.2,1449.88,1.2,0.0,59.69802676806013,-1.2,9999.0,0
127000,3600,1400,3722.98,1303.37,1.2,0.0,156.40152588769723,-1.2,9999.0,0
127000,3600,1400,3627.32,1429.03,1.2,0.0,39.86380940151113,-1.2,9999.0,0
127000,3600,1400,3662.76,1385.58,1.2,0.0,64.39529485917453,-1.2,9999.0,0
127000,3600,1400,3680.28,1418.17,1.2,0.0,82.3105540012946,-1.2,9999.0,0
127000,3600,1400,3641.18,1411.75,1.2,0.0,42.82353208225574,-1.2,9999.0,0
127000,3600,1400,3658.35,1420.38,1.2,0.0,61.8066897673706,-1.2,9999.0,0
127000,3600,1400,3550.66,1475.0,1.2,0.0,89.77435936836316,-1.2,9999.0,0
127000,3600,1400,3631.53,1422.8,1.2,0.0,38.90990747868736,-1.2,9999.0,0
127000,3600,1400,3665.7,1420.67,1.2,0.0,68.87480598883731,-1.2,9999.0,0
127000,3600,1400,3646.63,1376.07,1.2,0.0,52.41184789720749,-1.2,9999.0,0
127000,3600,1400,4072.05,1606.69,1.2,12.24,515.317337763829,11.04,46.67729508730335,0
127000,3600,1400,3623.12,1435.25,1.2,0.0,42.15562714513918,-1.2,9999.0,0
127000,3600,1400,3581.34,1470.85,1.2,0.0,73.26607741649597,-1.2,9999.0,0
127000,3600,1400,3694.78,1415.19,1.2,0.0,95.98950203017016,-1.2,9999.0,0
127000,3600,1400,3546.39,1481.16,1.2,0.0,97.26755728401956,-1.2,9999.0,0
127000,3600,1400,3647.02,1408.17,1.2,0.0,47.72451466489732,-1.2,9999.0,0
127000,3600,1400,3575.04,1466.79,1.2,0.0,71.30151260667614,-1.2,9999.0,0
127000,3600,1400,3618.93,1441.47,1.2,0.0,45.58624573267683,-1.2,9999.0,0
127000,3600,1400,3641.61,1346.51,1.2,0.0,67.76851924013104,-1.2,9999.0,0
127000,3600,1400,3649.8,1382.79,1.2,0.0,52.68988612627683,-1.2,9999.0,0
127000,3600,1400,3687.53,1416.68,1.2,0.0,89.10512499289835,-1.2,9999.0,0
127000,3600,1400,3642.8,1353.92,1.2,0.0,62.89043170467197,-1.2,9999.0,0
127000,3600,1400,3645.13,1368.74,1.2,0.0,54.89903915370477,-1.2,9999.0,0
127000,3600,1400,3595.27,1589.55,1.2,12.18,189.60900664261703,10.98,17.268579839946906,0
127000,3600,1400,3542.11,1487.32,1.2,0.0,104.76657148155596,-1.2,9999.0,0
127000,3600,1400,3633.55,1414.17,1.2,0.0,36.41965678037088,-1.2,9999.0,0
127000,3600,1400,3635.66,1416.73,1.2,0.0,39.38944655615245,-1.2,9999.0,0
127000,3600,1400,3614.73,1447.68,1.2,0.0,49.90345979989771,-1.2,9999.0,0
127000,3600,1400,3569.91,1467.31,1.2,0.0,73.72953410947339,-1.2,9999.0,0
127000,3600,1400,3667.15,1379.5,1.2,0.0,70.20949009927371,-1.2,9999.0,0
127000,3600,1400,3643.98,1361.33,1.2,0.0,58.56286622084004,-1.2,9999.0,0
127000,3600,1400,3919.57,1316.08,1.2,13.81,330.4051320727329,12.61,26.20183442289714,0
127000,3600,1400,3639.32,1414.35,1.2,0.0,41.856718696047,-1.2,9999.0,0
127000,3600,1400,3610.53,1453.9,1.2,0.0,54.91894846043589,-1.2,9999.0,0
127000,3600,1400,3554.94,1468.84,1.2,0.0,82.27605483978911,-1.2,9999.0,0
127000,3600,1400,3709.3,1312.6,1.2,11.15,139.94731151401248,9.95,14.065056433569096,0
127000,3600,1400,3623.32,1429.24,1.2,0.0,37.40053475553536,-1.2,9999.0,0
127000,3600,1400,3660.65,1334.37,1.2,0.0,89.36285246118784,-1.2,9999.0,0
127000,3600,1400,3653.25,1333.37,1.2,0.0,85.29431047848394,-1.2,9999.0,0
127000,3600,1400,3526.7,1510.05,1.2,5.46,132.2266709102215,4.26,31.03912462681256,0
127000,3600,1400,3553.96,1457.33,1.2,0.0,73.52829727390666,-1.2,9999.0,0
127000,3600,1400,3630.85,1412.44,1.2,0.0,33.26373550880893,-1.2,9999.0,0
127000,3600,1400,3813.19,968.63,1.2,4.11,481.1756986798066,2.91,165.35247377312942,0
127000,3600,1400,3920.16,1647.42,1.2,12.42,404.6221471941445,11.22,36.06257996382749,0
127000,3600,1400,3665.35,1387.46,1.2,0.0,66.54227303000692,-1.2,9999.0,0
127000,3600,1400,3426.14,1662.57,1.2,14.44,314.9131697785915,13.24,23.784982611676096,0
127000,3600,1400,3548.66,1452.02,1.2,0.0,73.08813857254823,-1.2,9999.0,0
127000,3600,1400,4038.26,1290.6,1.2,13.34,451.70807785559936,12.14,37.20824364543652,0
127000,3600,1400,3629.24,1420.46,1.2,0.0,35.687381523445914,-1.2,9999.0,0
127000,3600,1400,3619.13,1435.46,1.2,0.0,40.29104739269019,-1.2,9999.0,0
127000,3600,1400,3842.31,1384.89,1.2,18.19,242.7806586200803,16.990000000000002,14.289620872282535,0
127000,3600,1400,3648.19,1330.3,1.2,5.86,84.73704089711896,4.66,18.183914355604927,0
127000,3600,1400,3955.01,1305.21,1.2,12.78,367.4469270520576,11.58,31.731168139210503,0
127000,3600,1400,3955.06,1361.72,1.2,18.53,357.11757447653,17.330000000000002,20.60689985438719,0
127000,3600,1400,3653.29,1407.08,1.2,0.0,53.75825983046694,-1.2,9999.0,0
128000,3600,1400,3640.64,1410.24,1.2,0.0,41.91022786862403,-1.2,9999.0,0
128000,3600,1400,3697.93,1350.31,1.2,8.02,109.8152129716096,6.819999999999999,16.10193738586651,0
128000,3600,1400,4049.35,1342.41,1.2,3.6,453.0254193751162,2.4000000000000004,188.7605914062984,0
128000,3600,1400,3415.34,1684.31,1.2,13.61,339.0154741306065,12.41,27.317927004883682,0
128000,3600,1400,3679.55,1339.05,1.2,4.8,100.2152932440954,3.6,27.83758145669317,0
128000,3600,1400,3630.29,1332.96,1.2,0.0,73.56524790959378,-1.2,9999.0,0
128000,3600,1400,3645.75,1333.57,1.2,0.0,80.65982519197527,-1.2,9999.0,0
128000,3600,1400,3702.03,1413.71,1.2,0.0,102.947000927662,-1.2,9999.0,0
128000,3600,1400,3537.83,1493.48,1.2,0.0,112.26584208921255,-1.2,9999.0,0
128000,3600,1400,3669.75,1381.38,1.2,0.0,72.19256817706373,-1.2,9999.0,0
128000,3600,1400,3656.14,1401.07,1.2,0.0,56.15019590348715,-1.2,9999.0,0
128000,3600,1400,3567.77,1455.06,1.2,0.01,63.799502349156256,-1.19,9999.0,0
128000,3600,1400,3753.24,1242.04,1.2,13.06,220.0769392735185,11.86,18.55623434009431,0
128000,3600,1400,3722.35,1409.53,1.2,12.48,122.72059077432758,11.28,10.879484997724077,0
128000,3600,1400,3622.94,1335.36,1.2,0.99,68.58989138349773,-0.2099999999999999,9999.0,0
128000,3600,1400,3673.03,1419.66,1.2,0.0,75.6299973555469,-1.2,9999.0,0
128000,3600,1400,3785.42,1396.57,1.2,13.2,185.4517222891177,12.0,15.454310190759807,0
128000,3600,1400,3759.03,1226.46,1.2,11.81,235.38621986004205,10.61,22.18531761169105,0
128000,3600,1400,3764.05,1394.43,1.2,6.73,164.14453204417154,5.53,29.682555523358324,0
128000,3600,1400,3640.76,1361.43,1.2,5.32,56.11615186379064,4.12,13.620425209657922,0
128000,3600,1400,3568.33,1448.07,1.2,2.13,57.56486602086379,0.93,61.897705398778264,0
128000,3600,1400,3721.79,1305.18,1.2,2.17,154.349073531395,0.97,159.122756217933,0
128000,3600,1400,3627.32,1429.03,1.2,0.0,39.86380940151113,-1.2,9999.0,0
128000,3600,1400,3662.76,1385.58,1.2,0.0,64.39529485917453,-1.2,9999.0,0
128000,3600,1400,3680.28,1418.17,1.2,0.0,82.3105540012946,-1.2,9999.0,0
128000,3600,1400,3641.18,1411.75,1.2,0.0,42.82353208225574,-1.2,9999.0,0
128000,3600,1400,3658.35,1420.38,1.2,0.0,61.8066897673706,-1.2,9999.0,0
128000,3600,1400,3550.66,1475.0,1.2,0.0,89.77435936836316,-1.2,9999.0,0
128000,3600,1400,3631.53,1422.8,1.2,0.0,38.90990747868736,-1.2,9999.0,0
128000,3600,1400,3665.7,1420.67,1.2,0.0,68.87480598883731,-1.2,9999.0,0
128000,3600,1400,3646.63,1376.07,1.2,0.0,52.41184789720749,-1.2,9999.0,0
128000,3600,1400,4080.33,1616.46,1.2,13.36,526.8508712149957,12.16,43.326551909127936,0
128000,3600,1400,3623.12,1435.25,1.2,0.0,42.15562714513918,-1.2,9999.0,0
128000,3600,1400,3581.34,1470.85,1.2,0.0,73.26607741649597,-1.2,9999.0,0
128000,3600,1400,3694.78,1415.19,1.2,0.0,95.98950203017016,-1.2,9999.0,0
128000,3600,1400,3546.39,1481.16,1.2,0.0,97.26755728401956,-1.2,9999.0,0
128000,3600,1400,3647.02,1408.17,1.2,0.0,47.72451466489732,-1.2,9999.0,0
128000,3600,1400,3575.04,1466.79,1.2,0.0,71.30151260667614,-1.2,9999.0,0
128000,3600,1400,3618.93,1441.47,1.2,0.0,45.58624573267683,-1.2,9999.0,0
128000,3600,1400,3641.61,1346.51,1.2,0.0,67.76851924013104,-1.2,9999.0,0
128000,3600,1400,3649.8,1382.79,1.2,0.0,52.68988612627683,-1.2,9999.0,0
128000,3600,1400,3687.53,1416.68,1.2,0.0,89.10512499289835,-1.2,9999.0,0
128000,3600,1400,3642.8,1353.92,1.2,0.0,62.89043170467197,-1.2,9999.0,0
128000,3600,1400,3645.13,1368.74,1.2,0.0,54.89903915370477,-1.2,9999.0,0
128000,3600,1400,3606.98,1589.52,1.2,11.71,189.64849274381277,10.510000000000002,18.044575903312346,0
128000,3600,1400,3542.11,1487.32,1.2,0.0,104.76657148155596,-1.2,9999.0,0
128000,3600,1400,3633.55,1414.17,1.2,0.0,36.41965678037088,-1.2,9999.0,0
128000,3600,1400,3635.66,1416.73,1.2,0.0,39.38944655615245,-1.2,9999.0,0
128000,3600,1400,3614.73,1447.68,1.2,0.0,49.90345979989771,-1.2,9999.0,0
128000,3600,1400,3569.91,1467.31,1.2,0.0,73.72953410947339,-1.2,9999.0,0
128000,3600,1400,3667.15,1379.5,1.2,0.0,70.20949009927371,-1.2,9999.0,0
128000,3600,1400,3643.98,1361.33,1.2,0.0,58.56286622084004,-1.2,9999.0,0
128000,3600,1400,3906.68,1318.84,1.2,13.18,317.2374000649985,11.98,26.480584312604215,0
128000,3600,1400,3639.32,1414.35,1.2,0.0,41.856718696047,-1.2,9999.0,0
128000,3600,1400,3610.53,1453.9,1.2,0.0,54.91894846043589,-1.2,9999.0,0
128000,3600,1400,3554.94,1468.84,1.2,0.0,82.27605483978911,-1.2,9999.0,0
128000,3600,1400,3623.32,1429.24,1.2,0.0,37.40053475553536,-1.2,9999.0,0
128000,3600,1400,3660.65,1334.37,1.2,0.0,89.36285246118784,-1.2,9999.0,0
128000,3600,1400,3653.25,1333.37,1.2,0.0,85.29431047848394,-1.2,9999.0,0
128000,3600,1400,3527.67,1508.53,1.2,1.81,130.42388508244946,0.6100000000000001,213.80964767614662,0
128000,3600,1400,3553.96,1457.33,1.2,0.0,73.52829727390666,-1.2,9999.0,0
128000,3600,1400,3630.85,1412.44,1.2,0.0,33.26373550880893,-1.2,9999.0,0
128000,3600,1400,3813.68,974.53,1.2,5.94,476.1132883043698,4.74,100.44584141442401,0
128000,3600,1400,3932.02,1641.85,1.2,13.15,410.76599530633,11.95,34.37372345659666,0
128000,3600,1400,3665.35,1387.46,1.2,0.0,66.54227303000692,-1.2,9999.0,0
128000,3600,1400,3433.83,1651.17,1.2,13.75,301.16247741045044,12.55,23.997010152227126,0
128000,3600,1400,3548.66,1452.02,1.2,0.0,73.08813857254823,-1.2,9999.0,0
128000,3600,1400,4025.39,1293.37,1.2,13.17,438.5505774708316,11.97,36.63747514376204,0
128000,3600,1400,3629.24,1420.46,1.2,0.0,35.687381523445914,-1.2,9999.0,0
128000,3600,1400,3619.13,1435.46,1.2,0.0,40.29104739269019,-1.2,9999.0,0
128000,3600,1400,3824.57,1388.53,1.2,18.11,224.86272656890043,16.91,13.297618365990564,0
128000,3600,1400,3655.55,1330.14,1.2,7.35,89.25369516160104,6.15,14.512795961235941,0
128000,3600,1400,3968.25,1302.36,1.2,13.54,380.9745819605293,12.34,30.873142784483736,0
128000,3600,1400,3934.7,1365.9,1.2,20.78,336.4326084076867,19.58,17.182462125009536,0
128000,3600,1400,3653.29,1407.08,1.2,0.0,53.75825983046694,-1.2,9999.0,0
129000,3600,1400,3640.64,1410.24,1.2,0.0,41.91022786862403,-1.2,9999.0,0
129000,3600,1400,3705.48,1354.59,1.2,8.69,114.83944662005304,7.489999999999999,15.332369375173972,0
129000,3600,1400,4044.28,1343.44,1.2,5.17,447.8657745351839,3.97,112.81253766629317,0
129000,3600,1400,3407.61,1695.78,1.2,13.83,352.845179221709,12.63,27.937068821988042,0
129000,3600,1400,3685.38,1340.79,1.2,6.27,103.90172520223148,5.069999999999999,20.49343692351706,0
129000,3600,1400,3630.29,1332.96,1.2,0.0,73.56524790959378,-1.2,9999.0,0
129000,3600,1400,3645.75,1333.57,1.2,0.0,80.65982519197527,-1.2,9999.0,0
129000,3600,1400,3702.03,1413.71,1.2,0.0,102.947000927662,-1.2,9999.0,0
129000,3600,1400,3537.83,1493.48,1.2,0.0,112.26584208921255,-1.2,9999.0,0
129000,3600,1400,3669.75,1381.38,1.2,0.0,72.19256817706373,-1.2,9999.0,0
129000,3600,1400,3656.14,1401.07,1.2,0.0,56.15019590348715,-1.2,9999.0,0
129000,3600,1400,3567.77,1455.06,1.2,0.0,63.799502349156256,-1.2,9999.0,0
129000,3600,1400,3758.37,1233.54,1.2,9.94,229.76072009810548,8.74,26.288411910538382,0
129000,3600,1400,3713.81,1411.29,1.2,8.84,114.36861545021864,7.64,14.969714064164744,0
129000,3600,1400,3623.08,1335.31,1.2,0.15,68.68393189094523,-1.05,9999.0,0
129000,3600,1400,3673.03,1419.66,1.2,0.0,75.6299973555469,-1.2,9999.0,0
129000,3600,1400,3771.2,1399.5,1.2,14.52,171.20073013862978,13.32,12.8529076680653,0
129000,3600,1400,3769.16,1216.3,1.2,13.98,249.72143600420043,12.78,19.54001846668235,0
129000,3600,1400,3772.62,1395.93,1.2,8.09,172.66797415849865,6.89,25.060663883671793,0
129000,3600,1400,3639.64,1354.44,1.2,7.08,60.39075425924058,5.88,10.270536438646358,0
129000,3600,1400,3570.6,1444.41,1.2,4.31,53.25981693547221,3.1099999999999994,17.125343066068236,0
129000,3600,1400,3719.65,1308.46,1.2,3.92,150.6509014244522,2.72,55.386360817813305,0
129000,3600,1400,3675.31,1340.17,1.2,0.0,96.1832885692727,-1.2,9999.0,0
129000,3600,1400,3372.31,1742.77,1.2,0.0,411.5021372970012,-1.2,9999.0,0
129000,3600,1400,3627.32,1429.03,1.2,0.0,39.86380940151113,-1.2,9999.0,0
129000,3600,1400,3662.76,1385.58,1.2,0.0,64.39529485917453,-1.2,9999.0,0
129000,3600,1400,3680.28,1418.17,1.2,0.0,82.3105540012946,-1.2,9999.0,0
129000,3600,1400,3641.18,1411.75,1.2,0.0,42.82353208225574,-1.2,9999.0,0
129000,3600,1400,3658.35,1420.38,1.2,0.0,61.8066897673706,-1.2,9999.0,0
129000,3600,1400,3550.66,1475.0,1.2,0.0,89.77435936836316,-1.2,9999.0,0
129000,3600,1400,3631.53,1422.8,1.2,0.0,38.90990747868736,-1.2,9999.0,0
129000,3600,1400,3665.7,1420.67,1.2,0.0,68.87480598883731,-1.2,9999.0,0
129000,3600,1400,3646.63,1376.07,1.2,0.0,52.41184789720749,-1.2,9999.0,0
129000,3600,1400,4080.53,1629.42,1.2,13.09,532.4871991888633,11.89,44.78445745911382,0
129000,3600,1400,3623.12,1435.25,1.2,0.0,42.15562714513918,-1.2,9999.0,0
129000,3600,1400,3581.34,1470.85,1.2,0.0,73.26607741649597,-1.2,9999.0,0
129000,3600,1400,3694.78,1415.19,1.2,0.0,95.98950203017016,-1.2,9999.0,0
129000,3600,1400,3546.39,1481.16,1.2,0.0,97.26755728401956,-1.2,9999.0,0
129000,3600,1400,3647.02,1408.17,1.2,0.0,47.72451466489732,-1.2,9999.0,0
129000,3600,1400,3575.04,1466.79,1.2,0.0,71.30151260667614,-1.2,9999.0,0
129000,3600,1400,3618.93,1441.47,1.2,0.0,45.58624573267683,-1.2,9999.0,0
129000,3600,1400,3641.61,1346.51,1.2,0.0,67.76851924013104,-1.2,9999.0,0
129000,3600,1400,3649.8,1382.79,1.2,0.0,52.68988612627683,-1.2,9999.0,0
129000,3600,1400,3687.53,1416.68,1.2,0.0,89.10512499289835,-1.2,9999.0,0
129000,3600,1400,3642.8,1353.92,1.2,0.0,62.89043170467197,-1.2,9999.0,0
129000,3600,1400,3645.13,1368.74,1.2,0.0,54.89903915370477,-1.2,9999.0,0
129000,3600,1400,3619.19,1589.1,1.2,12.22,190.07121323335625,11.02,17.24784149123015,0
129000,3600,1400,3542.11,1487.32,1.2,0.0,104.76657148155596,-1.2,9999.0,0
129000,3600,1400,3633.55,1414.17,1.2,0.0,36.41965678037088,-1.2,9999.0,0
129000,3600,1400,3635.66,1416.73,1.2,0.0,39.38944655615245,-1.2,9999.0,0
129000,3600,1400,3614.73,1447.68,1.2,0.0,49.90345979989771,-1.2,9999.0,0
129000,3600,1400,3569.91,1467.31,1.2,0.0,73.72953410947339,-1.2,9999.0,0
129000,3600,1400,3667.15,1379.5,1.2,0.0,70.20949009927371,-1.2,9999.0,0
129000,3600,1400,3643.98,1361.33,1.2,0.0,58.56286622084004,-1.2,9999.0,0
129000,3600,1400,3893.58,1321.64,1.2,13.4,303.8577068300226,12.2,24.906369412296936,0
129000,3600,1400,3639.32,1414.35,1.2,0.0,41.856718696047,-1.2,9999.0,0
129000,3600,1400,3610.53,1453.9,1.2,0.0,54.91894846043589,-1.2,9999.0,0
129000,3600,1400,3554.94,1468.84,1.2,0.0,82.27605483978911,-1.2,9999.0,0
129000,3600,1400,3623.32,1429.24,1.2,0.0,37.40053475553536,-1.2,9999.0,0
129000,3600,1400,3660.65,1334.37,1.2,0.0,89.36285246118784,-1.2,9999.0,0
129000,3600,1400,3653.25,1333.37,1.2,0.0,85.29431047848394,-1.2,9999.0,0
129000,3600,1400,3527.74,1508.43,1.2,0.13,130.30185148339237,-1.0699999999999998,9999.0,0
129000,3600,1400,3553.96,1457.33,1.2,0.0,73.52829727390666,-1.2,9999.0,0
129000,3600,1400,3630.85,1412.44,1.2,0.0,33.26373550880893,-1.2,9999.0,0
129000,3600,1400,3814.74,981.84,1.2,7.43,470.0755824332933,6.23,75.45354453182877,0
129000,3600,1400,3944.03,1637.41,1.2,12.79,417.9953935152877,11.59,36.06517631710852,0
129000,3600,1400,3665.35,1387.46,1.2,0.0,66.54227303000692,-1.2,9999.0,0
129000,3600,1400,3441.27,1640.14,1.2,13.3,287.858354924779,12.1,23.789946687998267,0
129000,3600,1400,3548.66,1452.02,1.2,0.0,73.08813857254823,-1.2,9999.0,0
129000,3600,1400,4011.95,1296.25,1.2,13.75,424.8139180864957,12.55,33.84971458856539,0
129000,3600,1400,3629.24,1420.46,1.2,0.0,35.687381523445914,-1.2,9999.0,0
129000,3600,1400,3619.13,1435.46,1.2,0.0,40.29104739269019,-1.2,9999.0,0
129000,3600,1400,3806.97,1392.15,1.2,17.96,207.1188146934023,16.76,12.35792450437961,0
129000,3600,1400,3664.96,1331.94,1.2,9.59,94.0848829515135,8.39,11.213931221872885,0
129000,3600,1400,3981.97,1299.42,1.2,14.03,394.9904015289484,12.83,30.78646933195233,0
129000,3600,1400,3912.92,1370.37,1.2,22.24,314.31968328439126,21.04,14.939148445075631,0
129000,3600,1400,3653.29,1407.08,1.2,0.0,53.75825983046694,-1.2,9999.0,0
130000,3600,1400,3640.64,1410.24,1.2,0.0,41.91022786862403,-1.2,9999.0,0
130000,3600,1400,3714.38,1359.77,1.2,10.3,121.24865896165626,9.1,13.324028457324864,0
130000,3600,1400,4037.43,1344.83,1.2,6.99,440.89537738561046,5.79,76.1477335726443,0
130000,3600,1400,3399.87,1707.31,1.2,13.89,366.7307636400306,12.69,28.899193352248275,0
130000,3600,1400,3690.28,1335.84,1.2,7.12,110.7564174212946,5.92,18.708854294137602,0
130000,3600,1400,3630.29,1332.96,1.2,0.0,73.56524790959378,-1.2,9999.0,0
130000,3600,1400,3645.75,1333.57,1.2,0.0,80.65982519197527,-1.2,9999.0,0
130000,3600,1400,3702.03,1413.71,1.2,0.0,102.947000927662,-1.2,9999.0,0
130000,3600,1400,3537.83,1493.48,1.2,0.0,112.26584208921255,-1.2,9999.0,0
130000,3600,1400,3669.75,1381.38,1.2,0.0,72.19256817706373,-1.2,9999.0,0
130000,3600,1400,3656.14,1401.07,1.2,0.0,56.15019590348715,-1.2,9999.0,0
130000,3600,1400,3567.77,1455.06,1.2,0.0,63.799502349156256,-1.2,9999.0,0
130000,3600,1400,3764.55,1223.67,1.2,11.65,241.1824442201381,10.45,23.07965973398451,0
130000,3600,1400,3709.62,1412.15,1.2,4.34,110.29128206707898,3.14,35.12461212327356,0
130000,3600,1400,3623.13,1335.29,1.2,0.06,68.71958236194403,-1.14,9999.0,0
130000,3600,1400,3673.03,1419.66,1.2,0.0,75.6299973555469,-1.2,9999.0,0
130000,3600,1400,3755.61,1402.7,1.2,15.91,155.63342218174105,14.71,10.580110277480696,0
130000,3600,1400,3777.42,1203.0,1.2,15.62,265.11668449948604,14.42,18.38534566570638,0
130000,3600,1400,3782.39,1393.92,1.2,9.98,182.4913107520464,8.780000000000001,20.784887329390248,0
130000,3600,1400,3638.27,1345.9,1.2,8.64,66.2676610421704,7.44,8.906943688463762,0
130000,3600,1400,3573.77,1439.28,1.2,6.04,47.23273547022233,4.84,9.75882964260792,0
130000,3600,1400,3716.33,1313.54,1.2,6.07,144.94136918078286,4.87,29.76208812747081,0
130000,3600,1400,3673.92,1339.32,1.2,1.63,95.63591793881638,0.4299999999999999,222.40911148561955,0
130000,3600,1400,3373.45,1741.06,1.2,2.06,409.4469759321713,0.8600000000000001,476.1011348048503,0
130000,3600,1400,3642.21,1370.92,1.2,0.0,51.25749213529666,-1.2,9999.0,0
130000,3600,1400,3627.32,1429.03,1.2,0.0,39.86380940151113,-1.2,9999.0,0
130000,3600,1400,3662.76,1385.58,1.2,0.0,64.39529485917453,-1.2,9999.0,0
130000,3600,1400,3680.28,1418.17,1.2,0.0,82.3105540012946,-1.2,9999.0,0
130000,3600,1400,3641.18,1411.75,1.2,0.0,42.82353208225574,-1.2,9999.0,0
130000,3600,1400,3658.35,1420.38,1.2,0.0,61.8066897673706,-1.2,9999.0,0
130000,3600,1400,3550.66,1475.0,1.2,0.0,89.77435936836316,-1.2,9999.0,0
130000,3600,1400,3631.53,1422.8,1.2,0.0,38.90990747868736,-1.2,9999.0,0
130000,3600,1400,3665.7,1420.67,1.2,0.0,68.87480598883731,-1.2,9999.0,0
130000,3600,1400,3646.63,1376.07,1.2,0.0,52.41184789720749,-1.2,9999.0,0
130000,3600,1400,4079.0,1642.04,1.2,12.72,536.6790117006626,11.52,46.58671976568252,0
130000,3600,1400,3623.12,1435.25,1.2,0.0,42.15562714513918,-1.2,9999.0,0
130000,3600,1400,3581.34,1470.85,1.2,0.0,73.26607741649597,-1.2,9999.0,0
130000,3600,1400,3694.78,1415.19,1.2,0.0,95.98950203017016,-1.2,9999.0,0
130000,3600,1400,3546.39,1481.16,1.2,0.0,97.26755728401956,-1.2,9999.0,0
130000,3600,1400,3647.02,1408.17,1.2,0.0,47.72451466489732,-1.2,9999.0,0
130000,3600,1400,3575.04,1466.79,1.2,0.0,71.30151260667614,-1.2,9999.0,0
130000,3600,1400,3618.93,1441.47,1.2,0.0,45.58624573267683,-1.2,9999.0,0
130000,3600,1400,3641.61,1346.51,1.2,0.0,67.76851924013104,-1.2,9999.0,0
130000,3600,1400,3649.8,1382.79,1.2,0.0,52.68988612627683,-1.2,9999.0,0
130000,3600,1400,3687.53,1416.68,1.2,0.0,89.10512499289835,-1.2,9999.0,0
130000,3600,1400,3642.8,1353.92,1.2,0.0,62.89043170467197,-1.2,9999.0,0
130000,3600,1400,3645.13,1368.74,1.2,0.0,54.89903915370477,-1.2,9999.0,0
130000,3600,1400,3631.35,1588.48,1.2,12.18,191.06944522869165,10.98,17.401588818642225,0
130000,3600,1400,3542.11,1487.32,1.2,0.0,104.76657148155596,-1.2,9999.0,0
130000,3600,1400,3633.55,1414.17,1.2,0.0,36.41965678037088,-1.2,9999.0,0
130000,3600,1400,3635.66,1416.73,1.2,0.0,39.38944655615245,-1.2,9999.0,0
130000,3600,1400,3614.73,1447.68,1.2,0.0,49.90345979989771,-1.2,9999.0,0
130000,3600,1400,3569.91,1467.31,1.2,0.0,73.72953410947339,-1.2,9999.0,0
130000,3600,1400,3667.15,1379.5,1.2,0.0,70.20949009927371,-1.2,9999.0,0
130000,3600,1400,3643.98,1361.33,1.2,0.0,58.56286622084004,-1.2,9999.0,0
130000,3600,1400,3880.49,1324.38,1.2,13.38,290.5047753480136,12.18,23.850966777341018,0
130000,3600,1400,3639.32,1414.35,1.2,0.0,41.856718696047,-1.2,9999.0,0
130000,3600,1400,3610.53,1453.9,1.2,0.0,54.91894846043589,-1.2,9999.0,0
130000,3600,1400,3554.94,1468.84,1.2,0.0,82.27605483978911,-1.2,9999.0,0
130000,3600,1400,3623.32,1429.24,1.2,0.0,37.40053475553536,-1.2,9999.0,0
130000,3600,1400,3660.65,1334.37,1.2,0.0,89.36285246118784,-1.2,9999.0,0
130000,3600,1400,3653.25,1333.37,1.2,0.0,85.29431047848394,-1.2,9999.0,0
130000,3600,1400,3527.75,1508.41,1.2,0.02,130.27966303303066,-1.18,9999.0,0
130000,3600,1400,3553.96,1457.33,1.2,0.0,73.52829727390666,-1.2,9999.0,0
130000,3600,1400,3630.85,1412.44,1.2,0.0,33.26373550880893,-1.2,9999.0,0
130000,3600,1400,3816.74,990.94,1.2,9.36,462.9322965618189,8.16,56.73189908845819,0
130000,3600,1400,3956.14,1632.94,1.2,12.92,425.5546301005312,11.72,36.31012202222962,0
130000,3600,1400,3665.35,1387.46,1.2,0.0,66.54227303000692,-1.2,9999.0,0
130000,3600,1400,3448.68,1629.14,1.2,13.27,274.59585211725266,12.07,22.750277723053244,0
130000,3600,1400,3548.66,1452.02,1.2,0.0,73.08813857254823,-1.2,9999.0,0
130000,3600,1400,3998.33,1299.18,1.2,13.93,410.89105770264695,12.73,32.27738080932026,0
130000,3600,1400,3629.24,1420.46,1.2,0.0,35.687381523445914,-1.2,9999.0,0
130000,3600,1400,3619.13,1435.46,1.2,0.0,40.29104739269019,-1.2,9999.0,0
130000,3600,1400,3790.38,1395.56,1.2,16.93,190.4317673078734,15.73,12.106278913405811,0
130000,3600,1400,3673.5,1335.5,1.2,9.28,97.78803607803972,8.08,12.102479712628678,0
130000,3600,1400,3995.12,1296.59,1.2,13.45,408.4280138531146,12.25,33.34106235535629,0
130000,3600,1400,3888.63,1375.36,1.2,24.8,289.6798344724742,23.6,12.27456925730823,0
130000,3600,1400,3653.29,1407.08,1.2,0.0,53.75825983046694,-1.2,9999.0,0
131000,3600,1400,3640.64,1410.24,1.2,0.0,41.91022786862403,-1.2,9999.0,0
131000,3600,1400,3724.65,1365.75,1.2,11.88,129.2698147287294,10.68,12.103915236772416,0
131000,3600,1400,4028.65,1346.62,1.2,8.96,431.9609321454894,7.760000000000001,55.66506857544966,0
131000,3600,1400,3392.59,1718.2,1.2,13.1,379.8291038085417,11.9,31.9184120847514,0
131000,3600,1400,3694.9,1328.78,1.2,8.43,118.65200546134912,7.229999999999999,16.411065762288956,0
131000,3600,1400,3630.29,1332.96,1.2,0.0,73.56524790959378,-1.2,9999.0,0
131000,3600,1400,3645.75,1333.57,1.2,0.0,80.65982519197527,-1.2,9999.0,0
131000,3600,1400,3702.03,1413.71,1.2,0.0,102.947000927662,-1.2,9999.0,0
131000,3600,1400,3537.83,1493.48,1.2,0.0,112.26584208921255,-1.2,9999.0,0
131000,3600,1400,3669.75,1381.38,1.2,0.0,72.19256817706373,-1.2,9999.0,0
131000,3600,1400,3656.14,1401.07,1.2,0.0,56.15019590348715,-1.2,9999.0,0
131000,3600,1400,3567.77,1455.06,1.2,0.0,63.799502349156256,-1.2,9999.0,0
131000,3600,1400,3771.7,1212.22,1.2,13.51,254.44492213443743,12.31,20.669774340734154,0
131000,3600,1400,3709.44,1412.18,1.2,0.18,110.11569370439445,-1.02,9999.0,0
131000,3600,1400,3623.16,1335.28,1.2,0.03,68.73910095426035,-1.17,9999.0,0
131000,3600,1400,3673.03,1419.66,1.2,0.0,75.6299973555469,-1.2,9999.0,0
131000,3600,1400,3740.49,1405.81,1.2,15.44,140.61008569800367,14.24,9.874303770927224,0
131000,3600,1400,3786.83,1187.82,1.2,17.79,282.711516037108,16.59,17.04107992990404,0
131000,3600,1400,3793.8,1391.58,1.2,11.65,193.98282501293784,10.45,18.562949762003623,0
131000,3600,1400,3637.56,1339.07,1.2,6.91,71.57666169918798,5.71,12.535317285321888,0
131000,3600,1400,3577.99,1432.47,1.2,8.0,39.22678931546669,6.8,5.768645487568631,0
131000,3600,1400,3711.75,1320.55,1.2,8.37,137.11442301960798,7.169999999999999,19.123350490879776,0
131000,3600,1400,3670.84,1337.82,1.2,3.42,94.25846381094924,2.22,42.45876748240956,0
131000,3600,1400,3375.78,1737.58,1.2,4.2,405.25900952353896,3.0,135.0863365078463,0
131000,3600,1400,3641.84,1368.43,1.2,2.53,52.4142203986667,1.3299999999999998,39.40918826967422,0
131000,3600,1400,3528.26,1513.57,1.2,0.0,134.33083227613812,-1.2,9999.0,0
131000,3600,1400,3627.32,1429.03,1.2,0.0,39.86380940151113,-1.2,9999.0,0
131000,3600,1400,3662.76,1385.58,1.2,0.0,64.39529485917453,-1.2,9999.0,0
131000,3600,1400,3680.28,1418.17,1.2,0.0,82.3105540012946,-1.2,9999.0,0
131000,3600,1400,3641.18,1411.75,1.2,0.0,42.82353208225574,-1.2,9999.0,0
131000,3600,1400,3658.35,1420.38,1.2,0.0,61.8066897673706,-1.2,9999.0,0
131000,3600,1400,3550.66,1475.0,1.2,0.0,89.77435936836316,-1.2,9999.0,0
131000,3600,1400,3631.53,1422.8,1.2,0.0,38.90990747868736,-1.2,9999.0,0
131000,3600,1400,3665.7,1420.67,1.2,0.0,68.87480598883731,-1.2,9999.0,0
131000,3600,1400,3646.63,1376.07,1.2,0.0,52.41184789720749,-1.2,9999.0,0
131000,3600,1400,4077.39,1655.36,1.2,13.42,541.396288960314,12.22,44.30411529953469,0
131000,3600,1400,3623.12,1435.25,1.2,0.0,42.15562714513918,-1.2,9999.0,0
131000,3600,1400,3581.34,1470.85,1.2,0.0,73.26607741649597,-1.2,9999.0,0
131000,3600,1400,3694.78,1415.19,1.2,0.0,95.98950203017016,-1.2,9999.0,0
131000,3600,1400,3546.39,1481.16,1.2,0.0,97.26755728401956,-1.2,9999.0,0
131000,3600,1400,3647.02,1408.17,1.2,0.0,47.72451466489732,-1.2,9999.0,0
131000,3600,1400,3575.04,1466.79,1.2,0.0,71.30151260667614,-1.2,9999.0,0
131000,3600,1400,3618.93,1441.47,1.2,0.0,45.58624573267683,-1.2,9999.0,0
131000,3600,1400,3641.61,1346.51,1.2,0.0,67.76851924013104,-1.2,9999.0,0
131000,3600,1400,3649.8,1382.79,1.2,0.0,52.68988612627683,-1.2,9999.0,0
131000,3600,1400,3687.53,1416.68,1.2,0.0,89.10512499289835,-1.2,9999.0,0
131000,3600,1400,3642.8,1353.92,1.2,0.0,62.89043170467197,-1.2,9999.0,0
131000,3600,1400,3645.13,1368.74,1.2,0.0,54.89903915370477,-1.2,9999.0,0
131000,3600,1400,3643.53,1587.86,1.2,12.19,192.83734207875813,10.99,17.546618933462977,0
131000,3600,1400,3542.11,1487.32,1.2,0.0,104.76657148155596,-1.2,9999.0,0
131000,3600,1400,3633.55,1414.17,1.2,0.0,36.41965678037088,-1.2,9999.0,0
131000,3600,1400,3635.66,1416.73,1.2,0.0,39.38944655615245,-1.2,9999.0,0
131000,3600,1400,3614.73,1447.68,1.2,0.0,49.90345979989771,-1.2,9999.0,0
131000,3600,1400,3569.91,1467.31,1.2,0.0,73.72953410947339,-1.2,9999.0,0
131000,3600,1400,3667.15,1379.5,1.2,0.0,70.20949009927371,-1.2,9999.0,0
131000,3600,1400,3643.98,1361.33,1.2,0.0,58.56286622084004,-1.2,9999.0,0
131000,3600,1400,3867.07,1327.18,1.2,13.71,276.8196837293188,12.510000000000002,22.12787240042516,0
131000,3600,1400,3639.32,1414.35,1.2,0.0,41.856718696047,-1.2,9999.0,0
131000,3600,1400,3610.53,1453.9,1.2,0.0,54.91894846043589,-1.2,9999.0,0
131000,3600,1400,3554.94,1468.84,1.2,0.0,82.27605483978911,-1.2,9999.0,0
131000,3600,1400,3623.32,1429.24,1.2,0.0,37.40053475553536,-1.2,9999.0,0
131000,3600,1400,3660.65,1334.37,1.2,0.0,89.36285246118784,-1.2,9999.0,0
131000,3600,1400,3653.25,1333.37,1.2,0.0,85.29431047848394,-1.2,9999.0,0
131000,3600,1400,3527.76,1508.4,1.2,0.01,130.2657959711604,-1.19,9999.0,0
131000,3600,1400,3553.96,1457.33,1.2,0.0,73.52829727390666,-1.2,9999.0,0
131000,3600,1400,3630.85,1412.44,1.2,0.0,33.26373550880893,-1.2,9999.0,0
131000,3600,1400,3819.18,1002.06,1.2,11.43,454.3083930547618,10.23,44.409422585998215,0
131000,3600,1400,3967.92,1628.05,1.2,12.76,432.8647928626213,11.56,37.445051285693886,0
131000,3600,1400,3665.35,1387.46,1.2,0.0,66.54227303000692,-1.2,9999.0,0
131000,3600,1400,3456.71,1617.69,1.2,13.98,260.6165002450919,12.78,20.392527405719242,0
131000,3600,1400,3548.66,1452.02,1.2,0.0,73.08813857254823,-1.2,9999.0,0
131000,3600,1400,3985.69,1301.89,1.2,12.93,397.9727983166689,11.73,33.92777479255489,0
131000,3600,1400,3629.24,1420.46,1.2,0.0,35.687381523445914,-1.2,9999.0,0
131000,3600,1400,3619.13,1435.46,1.2,0.0,40.29104739269019,-1.2,9999.0,0
131000,3600,1400,3772.37,1399.26,1.2,18.39,172.3715884361456,17.19,10.027433882265596,0
131000,3600,1400,4008.28,1293.76,1.2,13.47,421.876161924326,12.27,34.38273528315616,0
131000,3600,1400,3863.99,1380.43,1.2,25.15,264.7143838177289,23.95,11.05279264374651,0
131000,3600,1400,3653.29,1407.08,1.2,0.0,53.75825983046694,-1.2,9999.0,0
132000,3600,1400,3640.64,1410.24,1.2,0.0,41.91022786862403,-1.2,9999.0,0
132000,3600,1400,3736.36,1366.79,1.2,12.31,140.34583606220755,11.11,12.632388484447125,0
132000,3600,1400,4017.85,1348.82,1.2,11.02,420.9727008963882,9.82,42.868910478247265,0
132000,3600,1400,3384.62,1730.12,1.2,14.34,394.167171134279,13.14,29.997501608392614,0
132000,3600,1400,3700.46,1320.26,1.2,10.18,128.26020115374843,8.98,14.282873179704724,0
132000,3600,1400,3630.29,1332.96,1.2,0.0,73.56524790959378,-1.2,9999.0,0
132000,3600,1400,3645.75,1333.57,1.2,0.0,80.65982519197527,-1.2,9999.0,0
132000,3600,1400,3702.03,1413.71,1.2,0.0,102.947000927662,-1.2,9999.0,0
132000,3600,1400,3537.83,1493.48,1.2,0.0,112.26584208921255,-1.2,9999.0,0
132000,3600,1400,3669.75,1381.38,1.2,0.0,72.19256817706373,-1.2,9999.0,0
132000,3600,1400,3656.14,1401.07,1.2,0.0,56.15019590348715,-1.2,9999.0,0
132000,3600,1400,3567.77,1455.06,1.2,0.0,63.799502349156256,-1.2,9999.0,0
132000,3600,1400,3779.99,1198.85,1.2,15.68,269.9216971641961,14.48,18.641001185372655,0
132000,3600,1400,3709.34,1412.2,1.2,0.1,110.01852389484252,-1.1,9999.0,0
132000,3600,1400,3623.16,1335.28,1.2,0.0,68.73910095426035,-1.2,9999.0,0
132000,3600,1400,3673.03,1419.66,1.2,0.0,75.6299973555469,-1.2,9999.0,0
132000,3600,1400,3729.02,1408.16,1.2,11.78,129.2777861815401,10.58,12.219072417914944,0
132000,3600,1400,3797.3,1170.94,1.2,19.78,302.31733923147715,18.58,16.27111621267369,0
132000,3600,1400,3807.44,1388.78,1.2,13.92,207.74321168211495,12.72,16.332013497021613,0
132000,3600,1400,3641.73,1331.8,1.2,8.68,79.95394236684022,7.479999999999999,10.689029728187197,0
132000,3600,1400,3583.03,1423.69,1.2,10.16,29.140984883836644,8.96,3.2523420629281965,1
132000,3600,1400,3706.28,1328.92,1.2,10.0,127.8585343260278,8.8,14.529378900684975,0
132000,3600,1400,3667.97,1336.55,1.2,3.14,92.98291993694316,1.94,47.92934017368204,0
132000,3600,1400,3379.0,1732.77,1.2,5.79,399.4707409811136,4.59,87.03066252311842,0
132000,3600,1400,3641.09,1363.51,1.2,4.97,54.9536914137714,3.77,14.576575971822653,0
132000,3600,1400,3527.22,1515.21,1.2,1.95,136.27278708531662,0.75,181.69704944708883,0
132000,3600,1400,3928.85,1314.1,1.2,0.0,339.8839985936377,-1.2,9999.0,0
132000,3600,1400,3627.32,1429.03,1.2,0.0,39.86380940151113,-1.2,9999.0,0
132000,3600,1400,3662.76,1385.58,1.2,0.0,64.39529485917453,-1.2,9999.0,0
132000,3600,1400,3680.28,1418.17,1.2,0.0,82.3105540012946,-1.2,9999.0,0
132000,3600,1400,3641.18,1411.75,1.2,0.0,42.82353208225574,-1.2,9999.0,0
132000,3600,1400,3658.35,1420.38,1.2,0.0,61.8066897673706,-1.2,9999.0,0
132000,3600,1400,3550.66,1475.0,1.2,0.0,89.77435936836316,-1.2,9999.0,0
132000,3600,1400,3631.53,1422.8,1.2,0.0,38.90990747868736,-1.2,9999.0,0
132000,3600,1400,3665.7,1420.67,1.2,0.0,68.87480598883731,-1.2,9999.0,0
132000,3600,1400,3646.63,1376.07,1.2,0.0,52.41184789720749,-1.2,9999.0,0
132000,3600,1400,4083.95,1664.41,1.2,11.55,551.4709879948355,10.35,53.282221062302945,0
132000,3600,1400,3623.12,1435.25,1.2,0.0,42.15562714513918,-1.2,9999.0,0
132000,3600,1400,3581.34,1470.85,1.2,0.0,73.26607741649597,-1.2,9999.0,0
132000,3600,1400,3694.78,1415.19,1.2,0.0,95.98950203017016,-1.2,9999.0,0
132000,3600,1400,3546.39,1481.16,1.2,0.0,97.26755728401956,-1.2,9999.0,0
132000,3600,1400,3647.02,1408.17,1.2,0.0,47.72451466489732,-1.2,9999.0,0
132000,3600,1400,3575.04,1466.79,1.2,0.0,71.30151260667614,-1.2,9999.0,0
132000,3600,1400,3618.93,1441.47,1.2,0.0,45.58624573267683,-1.2,9999.0,0
132000,3600,1400,3641.61,1346.51,1.2,0.0,67.76851924013104,-1.2,9999.0,0
132000,3600,1400,3649.8,1382.79,1.2,0.0,52.68988612627683,-1.2,9999.0,0
132000,3600,1400,3687.53,1416.68,1.2,0.0,89.10512499289835,-1.2,9999.0,0
132000,3600,1400,3642.8,1353.92,1.2,0.0,62.89043170467197,-1.2,9999.0,0
132000,3600,1400,3645.13,1368.74,1.2,0.0,54.89903915370477,-1.2,9999.0,0
132000,3600,1400,3655.9,1587.23,1.2,12.39,195.39673206069756,11.19,17.461727619365288,0
132000,3600,1400,3542.11,1487.32,1.2,0.0,104.76657148155596,-1.2,9999.0,0
132000,3600,1400,3633.55,1414.17,1.2,0.0,36.41965678037088,-1.2,9999.0,0
132000,3600,1400,3635.66,1416.73,1.2,0.0,39.38944655615245,-1.2,9999.0,0
132000,3600,1400,3614.73,1447.68,1.2,0.0,49.90345979989771,-1.2,9999.0,0
132000,3600,1400,3569.91,1467.31,1.2,0.0,73.72953410947339,-1.2,9999.0,0
132000,3600,1400,3667.15,1379.5,1.2,0.0,70.20949009927371,-1.2,9999.0,0
132000,3600,1400,3643.98,1361.33,1.2,0.0,58.56286622084004,-1.2,9999.0,0
132000,3600,1400,3854.1,1329.88,1.2,13.25,263.59746660391096,12.05,21.87530843185983,0
132000,3600,1400,3639.32,1414.35,1.2,0.0,41.856718696047,-1.2,9999.0,0
132000,3600,1400,3610.53,1453.9,1.2,0.0,54.91894846043589,-1.2,9999.0,0
132000,3600,1400,3554.94,1468.84,1.2,0.0,82.27605483978911,-1.2,9999.0,0
132000,3600,1400,3623.32,1429.24,1.2,0.0,37.40053475553536,-1.2,9999.0,0
132000,3600,1400,3660.65,1334.37,1.2,0.0,89.36285246118784,-1.2,9999.0,0
132000,3600,1400,3653.25,1333.37,1.2,0.0,85.29431047848394,-1.2,9999.0,0
132000,3600,1400,3527.76,1508.4,1.2,0.0,130.2657959711604,-1.2,9999.0,0
132000,3600,1400,3553.96,1457.33,1.2,0.0,73.52829727390666,-1.2,9999.0,0
132000,3600,1400,3630.85,1412.44,1.2,0.0,33.26373550880893,-1.2,9999.0,0
132000,3600,1400,3821.96,1014.73,1.2,13.02,444.6337981980227,11.82,37.617072605585676,0
132000,3600,1400,3979.55,1621.99,1.2,13.12,439.7019019745083,11.92,36.887743454237274,0
132000,3600,1400,3665.35,1387.46,1.2,0.0,66.54227303000692,-1.2,9999.0,0
132000,3600,1400,3464.79,1606.02,1.2,14.19,246.4264281687336,12.99,18.970471760487573,0
132000,3600,1400,3548.66,1452.02,1.2,0.0,73.08813857254823,-1.2,9999.0,0
132000,3600,1400,3972.01,1304.83,1.2,13.99,383.9905845199856,12.79,30.02271966536244,0
132000,3600,1400,3629.24,1420.46,1.2,0.0,35.687381523445914,-1.2,9999.0,0
132000,3600,1400,3619.13,1435.46,1.2,0.0,40.29104739269019,-1.2,9999.0,0
132000,3600,1400,3755.48,1402.72,1.2,17.23,155.50379030750346,16.03,9.700797898159916,0
132000,3600,1400,4021.79,1290.86,1.2,13.81,435.6814704574892,12.61,34.550473470062585,0
132000,3600,1400,3840.05,1385.35,1.2,24.44,240.49662159789293,23.24,10.34839163502121,0
132000,3600,1400,3653.29,1407.08,1.2,0.0,53.75825983046694,-1.2,9999.0,0
133000,3600,1400,3640.64,1410.24,1.2,0.0,41.91022786862403,-1.2,9999.0,0
133000,3600,1400,3748.95,1365.24,1.2,12.68,152.9521497070242,11.48,13.323357988416742,0
133000,3600,1400,4004.87,1351.49,1.2,13.26,407.7657869414744,12.06,33.81142511952524,0
133000,3600,1400,3377.73,1740.41,1.2,12.38,406.5500227524284,11.18,36.36404496891131,0
133000,3600,1400,3707.1,1310.1,1.2,12.14,139.8299681756382,10.94,12.781532740003492,0
133000,3600,1400,3630.29,1332.96,1.2,0.0,73.56524790959378,-1.2,9999.0,0
133000,3600,1400,3645.75,1333.57,1.2,0.0,80.65982519197527,-1.2,9999.0,0
133000,3600,1400,3702.03,1413.71,1.2,0.0,102.947000927662,-1.2,9999.0,0
133000,3600,1400,3537.83,1493.48,1.2,0.0,112.26584208921255,-1.2,9999.0,0
133000,3600,1400,3669.75,1381.38,1.2,0.0,72.19256817706373,-1.2,9999.0,0
133000,3600,1400,3656.14,1401.07,1.2,0.0,56.15019590348715,-1.2,9999.0,0
133000,3600,1400,3567.77,1455.06,1.2,0.0,63.799502349156256,-1.2,9999.0,0
133000,3600,1400,3789.52,1183.48,1.2,18.01,287.7477033791929,16.810000000000002,17.117650409232176,0
133000,3600,1400,3709.29,1412.22,1.2,0.05,109.97105300941696,-1.15,9999.0,0
133000,3600,1400,3623.16,1335.28,1.2,0.0,68.73910095426035,-1.2,9999.0,0
133000,3600,1400,3673.03,1419.66,1.2,0.0,75.6299973555469,-1.2,9999.0,0
133000,3600,1400,3720.89,1409.83,1.2,8.42,121.28899785223707,7.22,16.799030173440038,0
133000,3600,1400,3809.07,1152.06,1.2,22.16,324.3216127549937,20.96,15.47335938716573,0
133000,3600,1400,3823.53,1385.47,1.2,16.43,224.0017450824884,15.23,14.707928107845595,0
133000,3600,1400,3649.76,1330.26,1.2,8.35,85.67219618989596,7.15,11.982125341244188,0
133000,3600,1400,3586.66,1412.73,1.2,11.56,18.43931940175679,10.36,1.7798570851116595,1
133000,3600,1400,3699.85,1338.77,1.2,11.76,117.1287129614254,10.56,11.091734181953163,0
133000,3600,1400,3667.88,1336.51,1.2,0.1,92.94446998073644,-1.1,9999.0,0
133000,3600,1400,3383.48,1726.06,1.2,8.06,391.4026494544971,6.86,57.05577980386255,0
133000,3600,1400,3640.01,1356.75,1.2,6.85,58.91827051093759,5.65,10.428012479811962,0
133000,3600,1400,3525.35,1518.14,1.2,3.48,139.74863899158387,2.28,61.293262715606964,0
133000,3600,1400,3926.87,1314.52,1.2,2.03,337.8621424486619,0.8299999999999998,407.0628222273036,0
133000,3600,1400,3734.03,1286.46,1.2,0.0,175.65697395776817,-1.2,9999.0,0
133000,3600,1400,3627.32,1429.03,1.2,0.0,39.86380940151113,-1.2,9999.0,0
133000,3600,1400,3662.76,1385.58,1.2,0.0,64.39529485917453,-1.2,9999.0,0
133000,3600,1400,3680.28,1418.17,1.2,0.0,82.3105540012946,-1.2,9999.0,0
133000,3600,1400,3641.18,1411.75,1.2,0.0,42.82353208225574,-1.2,9999.0,0
133000,3600,1400,3658.35,1420.38,1.2,0.0,61.8066897673706,-1.2,9999.0,0
133000,3600,1400,3550.66,1475.0,1.2,0.0,89.77435936836316,-1.2,9999.0,0
133000,3600,1400,3631.53,1422.8,1.2,0.0,38.90990747868736,-1.2,9999.0,0
133000,3600,1400,3665.7,1420.67,1.2,0.0,68.87480598883731,-1.2,9999.0,0
133000,3600,1400,3646.63,1376.07,1.2,0.0,52.41184789720749,-1.2,9999.0,0
133000,3600,1400,4089.77,1668.53,1.2,7.17,558.5543964557078,5.97,93.56020041134134,0
133000,3600,1400,3623.12,1435.25,1.2,0.0,42.15562714513918,-1.2,9999.0,0
133000,3600,1400,3581.34,1470.85,1.2,0.0,73.26607741649597,-1.2,9999.0,0
133000,3600,1400,3694.78,1415.19,1.2,0.0,95.98950203017016,-1.2,9999.0,0
133000,3600,1400,3546.39,1481.16,1.2,0.0,97.26755728401956,-1.2,9999.0,0
133000,3600,1400,3647.02,1408.17,1.2,0.0,47.72451466489732,-1.2,9999.0,0
133000,3600,1400,3575.04,1466.79,1.2,0.0,71.30151260667614,-1.2,9999.0,0
133000,3600,1400,3618.93,1441.47,1.2,0.0,45.58624573267683,-1.2,9999.0,0
133000,3600,1400,3641.61,1346.51,1.2,0.0,67.76851924013104,-1.2,9999.0,0
133000,3600,1400,3649.8,1382.79,1.2,0.0,52.68988612627683,-1.2,9999.0,0
133000,3600,1400,3687.53,1416.68,1.2,0.0,89.10512499289835,-1.2,9999.0,0
133000,3600,1400,3642.8,1353.92,1.2,0.0,62.89043170467197,-1.2,9999.0,0
133000,3600,1400,3645.13,1368.74,1.2,0.0,54.89903915370477,-1.2,9999.0,0
133000,3600,1400,3542.11,1487.32,1.2,0.0,104.76657148155596,-1.2,9999.0,0
133000,3600,1400,3633.55,1414.17,1.2,0.0,36.41965678037088,-1.2,9999.0,0
133000,3600,1400,3635.66,1416.73,1.2,0.0,39.38944655615245,-1.2,9999.0,0
133000,3600,1400,3614.73,1447.68,1.2,0.0,49.90345979989771,-1.2,9999.0,0
133000,3600,1400,3569.91,1467.31,1.2,0.0,73.72953410947339,-1.2,9999.0,0
133000,3600,1400,3667.15,1379.5,1.2,0.0,70.20949009927371,-1.2,9999.0,0
133000,3600,1400,3643.98,1361.33,1.2,0.0,58.56286622084004,-1.2,9999.0,0
133000,3600,1400,3840.65,1332.69,1.2,13.74,249.8860912495932,12.54,19.92712051432163,0
133000,3600,1400,3639.32,1414.35,1.2,0.0,41.856718696047,-1.2,9999.0,0
133000,3600,1400,3610.53,1453.9,1.2,0.0,54.91894846043589,-1.2,9999.0,0
133000,3600,1400,3554.94,1468.84,1.2,0.0,82.27605483978911,-1.2,9999.0,0
133000,3600,1400,3623.32,1429.24,1.2,0.0,37.40053475553536,-1.2,9999.0,0
133000,3600,1400,3660.65,1334.37,1.2,0.0,89.36285246118784,-1.2,9999.0,0
133000,3600,1400,3653.25,1333.37,1.2,0.0,85.29431047848394,-1.2,9999.0,0
133000,3600,1400,3527.76,1508.39,1.2,0.0,130.25747464157283,-1.2,9999.0,0
133000,3600,1400,3553.96,1457.33,1.2,0.0,73.52829727390666,-1.2,9999.0,0
133000,3600,1400,3630.85,1412.44,1.2,0.0,33.26373550880893,-1.2,9999.0,0
133000,3600,1400,3825.01,1028.67,1.2,14.33,434.183681176527,13.13,33.068064065234346,0
133000,3600,1400,3991.14,1615.56,1.2,13.25,446.60565737572097,12.05,37.06271015566149,0
133000,3600,1400,3665.35,1387.46,1.2,0.0,66.54227303000692,-1.2,9999.0,0
133000,3600,1400,3472.22,1594.86,1.2,13.4,233.01963007437809,12.2,19.099969678227712,0
133000,3600,1400,3548.66,1452.02,1.2,0.0,73.08813857254823,-1.2,9999.0,0
133000,3600,1400,3958.72,1307.69,1.2,13.6,370.4067689716264,12.4,29.87151362674406,0
133000,3600,1400,3629.24,1420.46,1.2,0.0,35.687381523445914,-1.2,9999.0,0
133000,3600,1400,3619.13,1435.46,1.2,0.0,40.29104739269019,-1.2,9999.0,0
133000,3600,1400,3741.97,1405.5,1.2,13.8,142.0764966488122,12.6,11.275912432445413,0
133000,3600,1400,4034.99,1288.02,1.2,13.51,449.17237281471336,12.31,36.488413713624155,0
133000,3600,1400,3817.21,1393.31,1.2,23.97,217.31300053149147,22.77,9.543829623693082,0
133000,3600,1400,3653.29,1407.08,1.2,0.0,53.75825983046694,-1.2,9999.0,0
134000,3600,1400,3640.64,1410.24,1.2,0.0,41.91022786862403,-1.2,9999.0,0
134000,3600,1400,3761.04,1361.97,1.2,12.59,165.46952136269684,11.39,14.527613815864516,0
134000,3600,1400,3990.32,1354.48,1.2,14.85,392.9653582696573,13.65,28.78867093550603,0
134000,3600,1400,3373.21,1747.18,1.2,8.14,414.68983168146286,6.94,59.75357805208398,0
134000,3600,1400,3714.64,1298.58,1.2,13.77,153.06320916536404,12.57,12.176866282049644,0
134000,3600,1400,3630.29,1332.96,1.2,0.0,73.56524790959378,-1.2,9999.0,0
134000,3600,1400,3645.75,1333.57,1.2,0.0,80.65982519197527,-1.2,9999.0,0
134000,3600,1400,3702.03,1413.71,1.2,0.0,102.947000927662,-1.2,9999.0,0
134000,3600,1400,3537.83,1493.48,1.2,0.0,112.26584208921255,-1.2,9999.0,0
134000,3600,1400,3669.75,1381.38,1.2,0.0,72.19256817706373,-1.2,9999.0,0
134000,3600,1400,3656.14,1401.07,1.2,0.0,56.15019590348715,-1.2,9999.0,0
134000,3600,1400,3567.77,1455.06,1.2,0.0,63.799502349156256,-1.2,9999.0,0
134000,3600,1400,3800.24,1166.21,1.2,20.25,307.8210871594081,19.05,16.158587252462365,0
134000,3600,1400,3709.28,1412.22,1.2,0.01,109.9611149452389,-1.19,9999.0,0
134000,3600,1400,3623.16,1335.28,1.2,0.0,68.73910095426035,-1.2,9999.0,0
134000,3600,1400,3673.03,1419.66,1.2,0.0,75.6299973555469,-1.2,9999.0,0
134000,3600,1400,3717.1,1410.61,1.2,3.92,117.57968404448098,2.72,43.2278250163533,0
134000,3600,1400,3821.46,1131.87,1.2,23.62,347.76174099518204,22.42,15.511228411917129,0
134000,3600,1400,3841.01,1381.88,1.2,17.84,241.69020356646664,16.64,14.52465165663862,0
134000,3600,1400,3659.36,1330.87,1.2,9.67,91.1184202014062,8.47,10.757782786470624,0
134000,3600,1400,3587.2,1398.8,1.2,13.96,12.856126943990745,12.760000000000002,1.007533459560403,1
134000,3600,1400,3692.3,1349.95,1.2,13.45,104.99663089832944,12.25,8.57115354272077,0
134000,3600,1400,3667.8,1336.48,1.2,0.09,92.90656812088164,-1.11,9999.0,0
134000,3600,1400,3389.21,1717.5,1.2,10.3,381.1019208820653,9.1,41.87933196506212,0
134000,3600,1400,3638.54,1347.55,1.2,9.32,65.08712699144127,8.120000000000001,8.015656033428726,0
134000,3600,1400,3522.11,1523.22,1.2,6.02,145.7738676855354,4.819999999999999,30.243541013596563,0
134000,3600,1400,3922.55,1315.44,1.2,4.41,333.44999040335887,3.21,103.87850168328937,0
134000,3600,1400,3733.29,1287.59,1.2,1.35,174.36235889663803,0.1500000000000001,1162.4157259775861,0
134000,3600,1400,3472.15,1594.97,1.2,0.0,233.15000193008788,-1.2,9999.0,0
134000,3600,1400,3627.32,1429.03,1.2,0.0,39.86380940151113,-1.2,9999.0,0
134000,3600,1400,3662.76,1385.58,1.2,0.0,64.39529485917453,-1.2,9999.0,0
134000,3600,1400,3680.28,1418.17,1.2,0.0,82.3105540012946,-1.2,9999.0,0
134000,3600,1400,3641.18,1411.75,1.2,0.0,42.82353208225574,-1.2,9999.0,0
134000,3600,1400,3658.35,1420.38,1.2,0.0,61.8066897673706,-1.2,9999.0,0
134000,3600,1400,3550.66,1475.0,1.2,0.0,89.77435936836316,-1.2,9999.0,0
134000,3600,1400,3631.53,1422.8,1.2,0.0,38.90990747868736,-1.2,9999.0,0
134000,3600,1400,3665.7,1420.67,1.2,0.0,68.87480598883731,-1.2,9999.0,0
134000,3600,1400,3646.63,1376.07,1.2,0.0,52.41184789720749,-1.2,9999.0,0
134000,3600,1400,4091.63,1671.16,1.2,3.49,561.451513935086,2.29,245.17533359610744,0
134000,3600,1400,3623.12,1435.25,1.2,0.0,42.15562714513918,-1.2,9999.0,0
134000,3600,1400,3581.34,1470.85,1.2,0.0,73.26607741649597,-1.2,9999.0,0
134000,3600,1400,3694.78,1415.19,1.2,0.0,95.98950203017016,-1.2,9999.0,0
134000,3600,1400,3546.39,1481.16,1.2,0.0,97.26755728401956,-1.2,9999.0,0
134000,3600,1400,3647.02,1408.17,1.2,0.0,47.72451466489732,-1.2,9999.0,0
134000,3600,1400,3575.04,1466.79,1.2,0.0,71.30151260667614,-1.2,9999.0,0
134000,3600,1400,3618.93,1441.47,1.2,0.0,45.58624573267683,-1.2,9999.0,0
134000,3600,1400,3641.61,1346.51,1.2,0.0,67.76851924013104,-1.2,9999.0,0
134000,3600,1400,3649.8,1382.79,1.2,0.0,52.68988612627683,-1.2,9999.0,0
134000,3600,1400,3687.53,1416.68,1.2,0.0,89.10512499289835,-1.2,9999.0,0
134000,3600,1400,3642.8,1353.92,1.2,0.0,62.89043170467197,-1.2,9999.0,0
134000,3600,1400,3645.13,1368.74,1.2,0.0,54.89903915370477,-1.2,9999.0,0
134000,3600,1400,3542.11,1487.32,1.2,0.0,104.76657148155596,-1.2,9999.0,0
134000,3600,1400,3633.55,1414.17,1.2,0.0,36.41965678037088,-1.2,9999.0,0
134000,3600,1400,3635.66,1416.73,1.2,0.0,39.38944655615245,-1.2,9999.0,0
134000,3600,1400,3614.73,1447.68,1.2,0.0,49.90345979989771,-1.2,9999.0,0
134000,3600,1400,3569.91,1467.31,1.2,0.0,73.72953410947339,-1.2,9999.0,0
134000,3600,1400,3667.15,1379.5,1.2,0.0,70.20949009927371,-1.2,9999.0,0
134000,3600,1400,3643.98,1361.33,1.2,0.0,58.56286622084004,-1.2,9999.0,0
134000,3600,1400,3828.03,1336.72,1.2,13.27,236.64750009243727,12.07,19.60625518578602,0
134000,3600,1400,3639.32,1414.35,1.2,0.0,41.856718696047,-1.2,9999.0,0
134000,3600,1400,3610.53,1453.9,1.2,0.0,54.91894846043589,-1.2,9999.0,0
134000,3600,1400,3554.94,1468.84,1.2,0.0,82.27605483978911,-1.2,9999.0,0
134000,3600,1400,3623.32,1429.24,1.2,0.0,37.40053475553536,-1.2,9999.0,0
134000,3600,1400,3660.65,1334.37,1.2,0.0,89.36285246118784,-1.2,9999.0,0
134000,3600,1400,3653.25,1333.37,1.2,0.0,85.29431047848394,-1.2,9999.0,0
134000,3600,1400,3527.76,1508.39,1.2,0.0,130.25747464157283,-1.2,9999.0,0
134000,3600,1400,3553.96,1457.33,1.2,0.0,73.52829727390666,-1.2,9999.0,0
134000,3600,1400,3630.85,1412.44,1.2,0.0,33.26373550880893,-1.2,9999.0,0
134000,3600,1400,3828.45,1044.36,1.2,16.12,422.6928105610504,14.920000000000002,28.330617329829114,0
134000,3600,1400,4003.23,1611.09,1.2,12.9,455.1411000997383,11.7,38.90094872647336,0
134000,3600,1400,3665.35,1387.46,1.2,0.0,66.54227303000692,-1.2,9999.0,0
134000,3600,1400,3479.54,1583.76,1.2,13.3,219.7233469615826,12.1,18.15895429434567,0
134000,3600,1400,3548.66,1452.02,1.2,0.0,73.08813857254823,-1.2,9999.0,0
134000,3600,1400,3947.19,1310.16,1.2,11.79,358.62532216785814,10.59,33.864525228315216,0
134000,3600,1400,3629.24,1420.46,1.2,0.0,35.687381523445914,-1.2,9999.0,0
134000,3600,1400,3619.13,1435.46,1.2,0.0,40.29104739269019,-1.2,9999.0,0
134000,3600,1400,3732.84,1407.38,1.2,9.35,133.04484206462135,8.15,16.324520498726546,0
134000,3600,1400,4048.34,1285.27,1.2,13.63,462.7869147890853,12.43,37.23144929920236,0
134000,3600,1400,3793.54,1398.17,1.2,24.17,193.54865150653976,22.97,8.42614939079407,0
134000,3600,1400,3653.29,1407.08,1.2,0.0,53.75825983046694,-1.2,9999.0,0
135000,3600,1400,3640.64,1410.24,1.2,0.0,41.91022786862403,-1.2,9999.0,0
135000,3600,1400,3772.1,1356.94,1.2,12.15,177.40511153853478,10.95,16.20138004918126,0
135000,3600,1400,3973.88,1357.85,1.2,16.78,376.24842444852857,15.580000000000002,24.14944957949477,0
135000,3600,1400,3370.54,1749.31,1.2,3.64,417.93464524970886,2.4400000000000004,171.28469067611016,0
135000,3600,1400,3725.65,1287.58,1.2,15.23,168.60064916838263,14.03,12.017152471018006,0
135000,3600,1400,3630.29,1332.96,1.2,0.0,73.56524790959378,-1.2,9999.0,0
135000,3600,1400,3645.75,1333.57,1.2,0.0,80.65982519197527,-1.2,9999.0,0
135000,3600,1400,3702.03,1413.71,1.2,0.0,102.947000927662,-1.2,9999.0,0
135000,3600,1400,3537.83,1493.48,1.2,0.0,112.26584208921255,-1.2,9999.0,0
135000,3600,1400,3669.75,1381.38,1.2,0.0,72.19256817706373,-1.2,9999.0,0
135000,3600,1400,3656.14,1401.07,1.2,0.0,56.15019590348715,-1.2,9999.0,0
135000,3600,1400,3567.77,1455.06,1.2,0.0,63.799502349156256,-1.2,9999.0,0
135000,3600,1400,3812.03,1147.35,1.2,22.16,329.8313863173123,20.96,15.73623026323055,0
135000,3600,1400,3709.28,1412.22,1.2,0.0,109.9611149452389,-1.2,9999.0,0
135000,3600,1400,3623.16,1335.28,1.2,0.0,68.73910095426035,-1.2,9999.0,0
135000,3600,1400,3673.03,1419.66,1.2,0.0,75.6299973555469,-1.2,9999.0,0
135000,3600,1400,3716.67,1410.7,1.2,0.45,117.15962999258754,-0.75,9999.0,0
135000,3600,1400,3827.87,1106.7,1.2,25.99,371.4157063184053,24.79,14.982481093925184,0
135000,3600,1400,3860.94,1377.79,1.2,20.35,261.8835002439062,19.15,13.675378602814947,0
135000,3600,1400,3670.92,1334.35,1.2,12.15,96.64144504300432,10.95,8.825702743653364,0
135000,3600,1400,3587.0,1384.7,1.2,14.1,20.077101384413005,12.9,1.5563644484041088,1
135000,3600,1400,3684.59,1360.9,1.2,13.35,93.18947419102663,12.15,7.669915571277912,0
135000,3600,1400,3667.8,1336.48,1.2,0.0,92.90656812088164,-1.2,9999.0,0
135000,3600,1400,3396.04,1707.28,1.2,12.29,368.8098154876033,11.09,33.25606992674511,0
135000,3600,1400,3637.44,1340.21,1.2,7.43,70.54500478418015,6.23,11.323435759900505,0
135000,3600,1400,3517.78,1530.02,1.2,8.05,153.83539514689056,6.8500000000000005,22.457721919254094,0
135000,3600,1400,3916.73,1316.69,1.2,5.95,327.5033572347008,4.75,68.94807520730542,0
135000,3600,1400,3731.22,1290.76,1.2,3.78,170.73976104001068,2.58,66.1782019534925,0
135000,3600,1400,3473.04,1593.62,1.2,1.62,231.53303436011015,0.4200000000000001,551.2691294288336,0
135000,3600,1400,3538.9,1442.25,1.2,0.0,74.28507589011394,-1.2,9999.0,0
135000,3600,1400,3627.32,1429.03,1.2,0.0,39.86380940151113,-1.2,9999.0,0
135000,3600,1400,3662.76,1385.58,1.2,0.0,64.39529485917453,-1.2,9999.0,0
135000,3600,1400,3680.28,1418.17,1.2,0.0,82.3105540012946,-1.2,9999.0,0
135000,3600,1400,3641.18,1411.75,1.2,0.0,42.82353208225574,-1.2,9999.0,0
135000,3600,1400,3658.35,1420.38,1.2,0.0,61.8066897673706,-1.2,9999.0,0
135000,3600,1400,3550.66,1475.0,1.2,0.0,89.77435936836316,-1.2,9999.0,0
135000,3600,1400,3631.53,1422.8,1.2,0.0,38.90990747868736,-1.2,9999.0,0
135000,3600,1400,3665.7,1420.67,1.2,0.0,68.87480598883731,-1.2,9999.0,0
135000,3600,1400,3646.63,1376.07,1.2,0.0,52.41184789720749,-1.2,9999.0,0
135000,3600,1400,4088.99,1671.81,1.2,3.2,559.4567867136833,2.0,279.72839335684165,0
135000,3600,1400,3623.12,1435.25,1.2,0.0,42.15562714513918,-1.2,9999.0,0
135000,3600,1400,3581.34,1470.85,1.2,0.0,73.26607741649597,-1.2,9999.0,0
135000,3600,1400,3694.78,1415.19,1.2,0.0,95.98950203017016,-1.2,9999.0,0
135000,3600,1400,3546.39,1481.16,1.2,0.0,97.26755728401956,-1.2,9999.0,0
135000,3600,1400,3647.02,1408.17,1.2,0.0,47.72451466489732,-1.2,9999.0,0
135000,3600,1400,3575.04,1466.79,1.2,0.0,71.30151260667614,-1.2,9999.0,0
135000,3600,1400,3618.93,1441.47,1.2,0.0,45.58624573267683,-1.2,9999.0,0
135000,3600,1400,3641.61,1346.51,1.2,0.0,67.76851924013104,-1.2,9999.0,0
135000,3600,1400,3649.8,1382.79,1.2,0.0,52.68988612627683,-1.2,9999.0,0
135000,3600,1400,3687.53,1416.68,1.2,0.0,89.10512499289835,-1.2,9999.0,0
135000,3600,1400,3642.8,1353.92,1.2,0.0,62.89043170467197,-1.2,9999.0,0
135000,3600,1400,3645.13,1368.74,1.2,0.0,54.89903915370477,-1.2,9999.0,0
135000,3600,1400,3542.11,1487.32,1.2,0.0,104.76657148155596,-1.2,9999.0,0
135000,3600,1400,3633.55,1414.17,1.2,0.0,36.41965678037088,-1.2,9999.0,0
135000,3600,1400,3635.66,1416.73,1.2,0.0,39.38944655615245,-1.2,9999.0,0
135000,3600,1400,3614.73,1447.68,1.2,0.0,49.90345979989771,-1.2,9999.0,0
135000,3600,1400,3569.91,1467.31,1.2,0.0,73.72953410947339,-1.2,9999.0,0
135000,3600,1400,3667.15,1379.5,1.2,0.0,70.20949009927371,-1.2,9999.0,0
135000,3600,1400,3643.98,1361.33,1.2,0.0,58.56286622084004,-1.2,9999.0,0
135000,3600,1400,3815.17,1341.66,1.2,13.78,222.93874607165083,12.58,17.721680927794182,0
135000,3600,1400,3639.32,1414.35,1.2,0.0,41.856718696047,-1.2,9999.0,0
135000,3600,1400,3610.53,1453.9,1.2,0.0,54.91894846043589,-1.2,9999.0,0
135000,3600,1400,3554.94,1468.84,1.2,0.0,82.27605483978911,-1.2,9999.0,0
135000,3600,1400,3623.32,1429.24,1.2,0.0,37.40053475553536,-1.2,9999.0,0
135000,3600,1400,3660.65,1334.37,1.2,0.0,89.36285246118784,-1.2,9999.0,0
135000,3600,1400,3653.25,1333.37,1.2,0.0,85.29431047848394,-1.2,9999.0,0
135000,3600,1400,3527.76,1508.39,1.2,0.0,130.25747464157283,-1.2,9999.0,0
135000,3600,1400,3553.96,1457.33,1.2,0.0,73.52829727390666,-1.2,9999.0,0
135000,3600,1400,3630.85,1412.44,1.2,0.0,33.26373550880893,-1.2,9999.0,0
135000,3600,1400,3831.75,1061.67,1.2,17.72,410.0917597318921,16.52,24.823956400235602,0
135000,3600,1400,4016.27,1607.63,1.2,13.49,465.1783849234614,12.29,37.85015337050134,0
135000,3600,1400,3665.35,1387.46,1.2,0.0,66.54227303000692,-1.2,9999.0,0
135000,3600,1400,3487.16,1572.15,1.2,13.89,205.83607093995957,12.69,16.22033655949248,0
135000,3600,1400,3548.66,1452.02,1.2,0.0,73.08813857254823,-1.2,9999.0,0
135000,3600,1400,3937.49,1312.25,1.2,9.92,348.7112883174272,8.72,39.98982664190679,0
135000,3600,1400,3629.24,1420.46,1.2,0.0,35.687381523445914,-1.2,9999.0,0
135000,3600,1400,3619.13,1435.46,1.2,0.0,40.29104739269019,-1.2,9999.0,0
135000,3600,1400,3727.34,1408.51,1.2,5.69,127.62404044693162,4.49,28.424062460341116,0
135000,3600,1400,4061.78,1282.53,1.2,13.71,476.4871134668808,12.510000000000002,38.08849827872748,0
135000,3600,1400,3773.16,1402.36,1.2,20.81,173.17608148933255,19.61,8.83100874499401,0
135000,3600,1400,3653.29,1407.08,1.2,0.0,53.75825983046694,-1.2,9999.0,0
136000,3600,1400,3640.64,1410.24,1.2,0.0,41.91022786862403,-1.2,9999.0,0
136000,3600,1400,3784.16,1351.45,1.2,13.25,190.4521149790675,12.05,15.805154770047093,0
136000,3600,1400,3955.86,1361.55,1.2,18.4,357.9311974388375,17.2,20.8099533394673,0
136000,3600,1400,3369.9,1746.36,1.2,3.74,415.8259967823079,2.54,163.71102235523935,0
136000,3600,1400,3735.28,1272.56,1.2,17.78,185.85379199790376,16.580000000000002,11.209517008317475,0
136000,3600,1400,3630.29,1332.96,1.2,0.0,73.56524790959378,-1.2,9999.0,0
136000,3600,1400,3645.75,1333.57,1.2,0.0,80.65982519197527,-1.2,9999.0,0
136000,3600,1400,3702.03,1413.71,1.2,0.0,102.947000927662,-1.2,9999.0,0
136000,3600,1400,3537.83,1493.48,1.2,0.0,112.26584208921255,-1.2,9999.0,0
136000,3600,1400,3669.75,1381.38,1.2,0.0,72.19256817706373,-1.2,9999.0,0
136000,3600,1400,3656.14,1401.07,1.2,0.0,56.15019590348715,-1.2,9999.0,0
136000,3600,1400,3567.77,1455.06,1.2,0.0,63.799502349156256,-1.2,9999.0,0
136000,3600,1400,3823.4,1126.54,1.2,23.73,353.1117834340849,22.53,15.67295976183244,0
136000,3600,1400,3709.28,1412.22,1.2,0.0,109.9611149452389,-1.2,9999.0,0
136000,3600,1400,3623.16,1335.28,1.2,0.0,68.73910095426035,-1.2,9999.0,0
136000,3600,1400,3673.03,1419.66,1.2,0.0,75.6299973555469,-1.2,9999.0,0
136000,3600,1400,3716.54,1410.73,1.2,0.13,117.03292058220195,-1.0699999999999998,9999.0,0
136000,3600,1400,3829.58,1078.94,1.2,27.79,394.6979858068697,26.59,14.843850538054522,0
136000,3600,1400,3882.3,1373.39,1.2,21.81,283.55137471012216,20.61,13.757951223198553,0
136000,3600,1400,3677.68,1337.88,1.2,7.65,99.46394723717717,6.45,15.420767013515839,0
136000,3600,1400,3589.08,1370.7,1.2,14.2,31.268776758933164,13.0,2.4052905199179357,0
136000,3600,1400,3679.21,1368.31,1.2,9.16,85.31400940056685,7.96,10.717840376955634,0
136000,3600,1400,3667.8,1336.48,1.2,0.0,92.90656812088164,-1.2,9999.0,0
136000,3600,1400,3403.27,1696.49,1.2,12.99,355.8216027730751,11.79,30.17994934462045,0
136000,3600,1400,3638.42,1335.91,1.2,4.47,74.72365422006605,3.27,22.851270403689924,0
136000,3600,1400,3512.64,1538.09,1.2,9.58,163.4032365040546,8.38,19.499192900245177,0
136000,3600,1400,3908.43,1318.46,1.2,8.49,319.02638840697784,7.29,43.762193197116304,0
136000,3600,1400,3728.07,1295.58,1.2,5.74,165.24364223775768,4.54,36.397278025937815,0
136000,3600,1400,3475.11,1590.49,1.2,3.75,227.7804912629701,2.55,89.32568284822356,0
136000,3600,1400,3540.73,1444.08,1.2,2.59,73.86460112936366,1.39,53.14000081249185,0
136000,3600,1400,3627.32,1429.03,1.2,0.0,39.86380940151113,-1.2,9999.0,0
136000,3600,1400,3662.76,1385.58,1.2,0.0,64.39529485917453,-1.2,9999.0,0
136000,3600,1400,3680.28,1418.17,1.2,0.0,82.3105540012946,-1.2,9999.0,0
136000,3600,1400,3641.18,1411.75,1.2,0.0,42.82353208225574,-1.2,9999.0,0
136000,3600,1400,3658.35,1420.38,1.2,0.0,61.8066897673706,-1.2,9999.0,0
136000,3600,1400,3550.66,1475.0,1.2,0.0,89.77435936836316,-1.2,9999.0,0
136000,3600,1400,3631.53,1422.8,1.2,0.0,38.90990747868736,-1.2,9999.0,0
136000,3600,1400,3665.7,1420.67,1.2,0.0,68.87480598883731,-1.2,9999.0,0
136000,3600,1400,3646.63,1376.07,1.2,0.0,52.41184789720749,-1.2,9999.0,0
136000,3600,1400,4084.26,1668.89,1.2,5.55,553.9039444705194,4.35,127.33424010816539,0
136000,3600,1400,3623.12,1435.25,1.2,0.0,42.15562714513918,-1.2,9999.0,0
136000,3600,1400,3581.34,1470.85,1.2,0.0,73.26607741649597,-1.2,9999.0,0
136000,3600,1400,3694.78,1415.19,1.2,0.0,95.98950203017016,-1.2,9999.0,0
136000,3600,1400,3546.39,1481.16,1.2,0.0,97.26755728401956,-1.2,9999.0,0
136000,3600,1400,3647.02,1408.17,1.2,0.0,47.72451466489732,-1.2,9999.0,0
136000,3600,1400,3575.04,1466.79,1.2,0.0,71.30151260667614,-1.2,9999.0,0
136000,3600,1400,3618.93,1441.47,1.2,0.0,45.58624573267683,-1.2,9999.0,0
136000,3600,1400,3641.61,1346.51,1.2,0.0,67.76851924013104,-1.2,9999.0,0
136000,3600,1400,3649.8,1382.79,1.2,0.0,52.68988612627683,-1.2,9999.0,0
136000,3600,1400,3687.53,1416.68,1.2,0.0,89.10512499289835,-1.2,9999.0,0
136000,3600,1400,3642.8,1353.92,1.2,0.0,62.89043170467197,-1.2,9999.0,0
136000,3600,1400,3645.13,1368.74,1.2,0.0,54.89903915370477,-1.2,9999.0,0
136000,3600,1400,3542.11,1487.32,1.2,0.0,104.76657148155596,-1.2,9999.0,0
136000,3600,1400,3633.55,1414.17,1.2,0.0,36.41965678037088,-1.2,9999.0,0
136000,3600,1400,3635.66,1416.73,1.2,0.0,39.38944655615245,-1.2,9999.0,0
136000,3600,1400,3614.73,1447.68,1.2,0.0,49.90345979989771,-1.2,9999.0,0
136000,3600,1400,3569.91,1467.31,1.2,0.0,73.72953410947339,-1.2,9999.0,0
136000,3600,1400,3667.15,1379.5,1.2,0.0,70.20949009927371,-1.2,9999.0,0
136000,3600,1400,3643.98,1361.33,1.2,0.0,58.56286622084004,-1.2,9999.0,0
136000,3600,1400,3802.45,1346.65,1.2,13.66,209.36146971207455,12.46,16.802686172718662,0
136000,3600,1400,3639.32,1414.35,1.2,0.0,41.856718696047,-1.2,9999.0,0
136000,3600,1400,3610.53,1453.9,1.2,0.0,54.91894846043589,-1.2,9999.0,0
136000,3600,1400,3554.94,1468.84,1.2,0.0,82.27605483978911,-1.2,9999.0,0
136000,3600,1400,3623.32,1429.24,1.2,0.0,37.40053475553536,-1.2,9999.0,0
136000,3600,1400,3660.65,1334.37,1.2,0.0,89.36285246118784,-1.2,9999.0,0
136000,3600,1400,3653.25,1333.37,1.2,0.0,85.29431047848394,-1.2,9999.0,0
136000,3600,1400,3527.76,1508.39,1.2,0.0,130.25747464157283,-1.2,9999.0,0
136000,3600,1400,3553.96,1457.33,1.2,0.0,73.52829727390666,-1.2,9999.0,0
136000,3600,1400,3630.85,1412.44,1.2,0.0,33.26373550880893,-1.2,9999.0,0
136000,3600,1400,3832.83,1081.09,1.2,19.53,394.858705108549,18.33,21.541664217596782,0
136000,3600,1400,4029.12,1606.11,1.2,12.96,476.0517897246054,11.760000000000002,40.480594364337186,0
136000,3600,1400,3665.35,1387.46,1.2,0.0,66.54227303000692,-1.2,9999.0,0
136000,3600,1400,3494.42,1560.75,1.2,13.51,192.3218627717608,12.31,15.6232219960813,0
136000,3600,1400,3548.66,1452.02,1.2,0.0,73.08813857254823,-1.2,9999.0,0
136000,3600,1400,3929.32,1314.0,1.2,8.36,340.3640145491296,7.159999999999999,47.53687354038123,0
136000,3600,1400,3629.24,1420.46,1.2,0.0,35.687381523445914,-1.2,9999.0,0
136000,3600,1400,3619.13,1435.46,1.2,0.0,40.29104739269019,-1.2,9999.0,0
136000,3600,1400,3724.03,1409.19,1.2,3.42,124.37000040202642,2.22,56.0225227036155,0
136000,3600,1400,4074.44,1280.21,1.2,12.88,489.3290893662465,11.68,41.89461381560329,0
136000,3600,1400,3756.77,1405.73,1.2,16.73,156.87468183234665,15.53,10.10139612571453,0
136000,3600,1400,3653.29,1407.08,1.2,0.0,53.75825983046694,-1.2,9999.0,0
137000,3600,1400,3640.64,1410.24,1.2,0.0,41.91022786862403,-1.2,9999.0,0
137000,3600,1400,3795.63,1346.23,1.2,12.6,202.88496691475208,11.4,17.796926922346675,0
137000,3600,1400,3935.52,1365.73,1.2,20.76,337.2656272139217,19.56,17.242618978216857,0
137000,3600,1400,3372.71,1742.17,1.2,5.05,410.7810280429222,3.85,106.69637092023952,0
137000,3600,1400,3745.35,1255.5,1.2,19.81,204.9557818164688,18.61,11.013206975629705,0
137000,3600,1400,3630.29,1332.96,1.2,0.0,73.56524790959378,-1.2,9999.0,0
137000,3600,1400,3645.75,1333.57,1.2,0.0,80.65982519197527,-1.2,9999.0,0
137000,3600,1400,3702.03,1413.71,1.2,0.0,102.947000927662,-1.2,9999.0,0
137000,3600,1400,3537.83,1493.48,1.2,0.0,112.26584208921255,-1.2,9999.0,0
137000,3600,1400,3669.75,1381.38,1.2,0.0,72.19256817706373,-1.2,9999.0,0
137000,3600,1400,3656.14,1401.07,1.2,0.0,56.15019590348715,-1.2,9999.0,0
137000,3600,1400,3567.77,1455.06,1.2,0.0,63.799502349156256,-1.2,9999.0,0
137000,3600,1400,3828.65,1101.61,1.2,25.48,375.9220858103446,24.28,15.482787718712709,0
137000,3600,1400,3709.28,1412.22,1.2,0.0,109.9611149452389,-1.2,9999.0,0
137000,3600,1400,3623.16,1335.28,1.2,0.0,68.73910095426035,-1.2,9999.0,0
137000,3600,1400,3673.03,1419.66,1.2,0.0,75.6299973555469,-1.2,9999.0,0
137000,3600,1400,3716.54,1410.73,1.2,0.01,117.03292058220195,-1.19,9999.0,0
137000,3600,1400,3826.6,1050.85,1.2,28.21,416.2370508496331,27.01,15.410479483511034,0
137000,3600,1400,3905.89,1368.55,1.2,24.08,307.50251153445873,22.88,13.439795084548022,0
137000,3600,1400,3684.71,1342.92,1.2,8.66,102.1465148695735,7.46,13.692562314956232,0
137000,3600,1400,3594.42,1358.75,1.2,13.11,41.6256999941142,11.91,3.495020990269874,0
137000,3600,1400,3675.98,1372.78,1.2,5.51,80.70866620134423,4.31,18.725908631402376,0
137000,3600,1400,3667.8,1336.48,1.2,0.0,92.90656812088164,-1.2,9999.0,0
137000,3600,1400,3410.69,1685.49,1.2,13.27,342.5533771545684,12.07,28.380561487536735,0
137000,3600,1400,3642.24,1331.38,1.2,6.02,80.57866963409093,4.819999999999999,16.71756631412675,0
137000,3600,1400,3506.73,1547.38,1.2,11.01,174.4137531847762,9.81,17.779179733412455,0
137000,3600,1400,3897.61,1320.78,1.2,11.06,307.97324640299536,9.86,31.23460916866079,0
137000,3600,1400,3723.62,1302.38,1.2,8.13,157.51688417436384,6.930000000000001,22.729709116069817,0
137000,3600,1400,3478.57,1585.24,1.2,6.29,221.4928949199048,5.09,43.51530352060998,0
137000,3600,1400,3542.83,1446.18,1.2,2.97,73.4915049512528,1.7700000000000002,41.52062426624451,0
137000,3600,1400,3627.32,1429.03,1.2,0.0,39.86380940151113,-1.2,9999.0,0
137000,3600,1400,3662.76,1385.58,1.2,0.0,64.39529485917453,-1.2,9999.0,0
137000,3600,1400,3680.28,1418.17,1.2,0.0,82.3105540012946,-1.2,9999.0,0
137000,3600,1400,3641.18,1411.75,1.2,0.0,42.82353208225574,-1.2,9999.0,0
137000,3600,1400,3658.35,1420.38,1.2,0.0,61.8066897673706,-1.2,9999.0,0
137000,3600,1400,3550.66,1475.0,1.2,0.0,89.77435936836316,-1.2,9999.0,0
137000,3600,1400,3631.53,1422.8,1.2,0.0,38.90990747868736,-1.2,9999.0,0
137000,3600,1400,3665.7,1420.67,1.2,0.0,68.87480598883731,-1.2,9999.0,0
137000,3600,1400,3646.63,1376.07,1.2,0.0,52.41184789720749,-1.2,9999.0,0
137000,3600,1400,4078.96,1663.97,1.2,7.26,546.8846702002169,6.06,90.24499508254405,0
137000,3600,1400,3623.12,1435.25,1.2,0.0,42.15562714513918,-1.2,9999.0,0
137000,3600,1400,3581.34,1470.85,1.2,0.0,73.26607741649597,-1.2,9999.0,0
137000,3600,1400,3694.78,1415.19,1.2,0.0,95.98950203017016,-1.2,9999.0,0
137000,3600,1400,3546.39,1481.16,1.2,0.0,97.26755728401956,-1.2,9999.0,0
137000,3600,1400,3647.02,1408.17,1.2,0.0,47.72451466489732,-1.2,9999.0,0
137000,3600,1400,3575.04,1466.79,1.2,0.0,71.30151260667614,-1.2,9999.0,0
137000,3600,1400,3618.93,1441.47,1.2,0.0,45.58624573267683,-1.2,9999.0,0
137000,3600,1400,3641.61,1346.51,1.2,0.0,67.76851924013104,-1.2,9999.0,0
137000,3600,1400,3649.8,1382.79,1.2,0.0,52.68988612627683,-1.2,9999.0,0
137000,3600,1400,3687.53,1416.68,1.2,0.0,89.10512499289835,-1.2,9999.0,0
137000,3600,1400,3642.8,1353.92,1.2,0.0,62.89043170467197,-1.2,9999.0,0
137000,3600,1400,3645.13,1368.74,1.2,0.0,54.89903915370477,-1.2,9999.0,0
137000,3600,1400,3542.11,1487.32,1.2,0.0,104.76657148155596,-1.2,9999.0,0
137000,3600,1400,3633.55,1414.17,1.2,0.0,36.41965678037088,-1.2,9999.0,0
137000,3600,1400,3635.66,1416.73,1.2,0.0,39.38944655615245,-1.2,9999.0,0
137000,3600,1400,3614.73,1447.68,1.2,0.0,49.90345979989771,-1.2,9999.0,0
137000,3600,1400,3569.91,1467.31,1.2,0.0,73.72953410947339,-1.2,9999.0,0
137000,3600,1400,3667.15,1379.5,1.2,0.0,70.20949009927371,-1.2,9999.0,0
137000,3600,1400,3643.98,1361.33,1.2,0.0,58.56286622084004,-1.2,9999.0,0
137000,3600,1400,3790.44,1352.11,1.2,13.19,196.3691566921853,11.99,16.377744511441644,0
137000,3600,1400,3639.32,1414.35,1.2,0.0,41.856718696047,-1.2,9999.0,0
137000,3600,1400,3610.53,1453.9,1.2,0.0,54.91894846043589,-1.2,9999.0,0
137000,3600,1400,3554.94,1468.84,1.2,0.0,82.27605483978911,-1.2,9999.0,0
137000,3600,1400,3623.32,1429.24,1.2,0.0,37.40053475553536,-1.2,9999.0,0
137000,3600,1400,3660.65,1334.37,1.2,0.0,89.36285246118784,-1.2,9999.0,0
137000,3600,1400,3653.25,1333.37,1.2,0.0,85.29431047848394,-1.2,9999.0,0
137000,3600,1400,3527.76,1508.39,1.2,0.0,130.25747464157283,-1.2,9999.0,0
137000,3600,1400,3553.96,1457.33,1.2,0.0,73.52829727390666,-1.2,9999.0,0
137000,3600,1400,3630.85,1412.44,1.2,0.0,33.26373550880893,-1.2,9999.0,0
137000,3600,1400,3831.78,1102.32,1.2,21.4,377.2735755390247,20.2,18.676909680149738,0
137000,3600,1400,4041.62,1605.41,1.2,12.53,487.0538907554275,11.33,42.987986827486985,0
137000,3600,1400,3665.35,1387.46,1.2,0.0,66.54227303000692,-1.2,9999.0,0
137000,3600,1400,3501.67,1549.36,1.2,13.51,178.82169471291775,12.31,14.52653896936781,0
137000,3600,1400,3548.66,1452.02,1.2,0.0,73.08813857254823,-1.2,9999.0,0
137000,3600,1400,3920.31,1315.92,1.2,9.21,331.16150516024646,8.010000000000002,41.34350875908195,0
137000,3600,1400,3629.24,1420.46,1.2,0.0,35.687381523445914,-1.2,9999.0,0
137000,3600,1400,3619.13,1435.46,1.2,0.0,40.29104739269019,-1.2,9999.0,0
137000,3600,1400,3723.89,1409.22,1.2,0.14,124.2326064284251,-1.06,9999.0,0
137000,3600,1400,4087.97,1280.59,1.2,13.7,502.3678622284668,12.5,40.18942897827734,0
137000,3600,1400,3744.07,1408.34,1.2,12.97,144.31119325956683,11.77,12.26093400676014,0
137000,3600,1400,3653.29,1407.08,1.2,0.0,53.75825983046694,-1.2,9999.0,0
138000,3600,1400,3640.64,1410.24,1.2,0.0,41.91022786862403,-1.2,9999.0,0
138000,3600,1400,3807.33,1341.24,1.2,12.73,215.49586190922548,11.53,18.690014042430658,0
138000,3600,1400,3913.71,1370.21,1.2,22.27,315.1212595176657,21.07,14.955921192105633,0
138000,3600,1400,3376.41,1736.64,1.2,6.65,404.1274275522513,5.45,74.15182156922042,0
138000,3600,1400,3756.17,1237.06,1.2,21.41,225.69561914224215,20.21,11.167521976360323,0
138000,3600,1400,3632.78,1332.38,1.2,2.55,75.14647563259369,1.35,55.66405602414347,0
138000,3600,1400,3645.75,1333.57,1.2,0.0,80.65982519197527,-1.2,9999.0,0
138000,3600,1400,3702.03,1413.71,1.2,0.0,102.947000927662,-1.2,9999.0,0
138000,3600,1400,3537.83,1493.48,1.2,0.0,112.26584208921255,-1.2,9999.0,0
138000,3600,1400,3669.75,1381.38,1.2,0.0,72.19256817706373,-1.2,9999.0,0
138000,3600,1400,3656.14,1401.07,1.2,0.0,56.15019590348715,-1.2,9999.0,0
138000,3600,1400,3567.77,1455.06,1.2,0.0,63.799502349156256,-1.2,9999.0,0
138000,3600,1400,3829.35,1073.9,1.2,27.68,398.67609973511065,26.48,15.055743947700552,0
138000,3600,1400,3709.28,1412.22,1.2,0.0,109.9611149452389,-1.2,9999.0,0
138000,3600,1400,3623.16,1335.28,1.2,0.0,68.73910095426035,-1.2,9999.0,0
138000,3600,1400,3673.03,1419.66,1.2,0.0,75.6299973555469,-1.2,9999.0,0
138000,3600,1400,3716.53,1410.73,1.2,0.0,117.02296270390715,-1.2,9999.0,0
138000,3600,1400,3821.27,1026.54,1.2,24.79,434.088452391906,23.59,18.401375684269013,0
138000,3600,1400,3931.68,1363.25,1.2,26.33,333.70973150329297,25.13,13.279336709243653,0
138000,3600,1400,3686.85,1351.42,1.2,9.41,99.51351114295976,8.21,12.121012319483526,0
138000,3600,1400,3603.15,1348.93,1.2,13.15,51.16705385304096,11.95,4.281761828706357,0
138000,3600,1400,3674.63,1374.65,1.2,2.31,78.81788756367435,1.11,71.00710591322013,0
138000,3600,1400,3667.8,1336.48,1.2,0.0,92.90656812088164,-1.2,9999.0,0
138000,3600,1400,3418.31,1674.18,1.2,13.64,328.9162940627905,12.44,26.440216564533,0
138000,3600,1400,3649.81,1330.26,1.2,7.74,85.70124678206261,6.54,13.104166174627311,0
138000,3600,1400,3499.99,1557.94,1.2,12.53,186.9412840974408,11.33,16.49967202978295,0
138000,3600,1400,3885.01,1323.43,1.2,12.88,295.1163584080017,11.68,25.266811507534392,0
138000,3600,1400,3717.79,1311.31,1.2,10.67,147.44626207537442,9.47,15.569827040694236,0
138000,3600,1400,3482.83,1578.78,1.2,7.74,213.75475971308805,6.54,32.68421402340796,0
138000,3600,1400,3543.32,1446.67,1.2,0.69,73.42146348309865,-0.51,9999.0,0
138000,3600,1400,3472.15,1594.97,1.2,0.0,233.15000193008788,-1.2,9999.0,0
138000,3600,1400,3627.32,1429.03,1.2,0.0,39.86380940151113,-1.2,9999.0,0
138000,3600,1400,3662.76,1385.58,1.2,0.0,64.39529485917453,-1.2,9999.0,0
138000,3600,1400,3680.28,1418.17,1.2,0.0,82.3105540012946,-1.2,9999.0,0
138000,3600,1400,3641.18,1411.75,1.2,0.0,42.82353208225574,-1.2,9999.0,0
138000,3600,1400,3658.35,1420.38,1.2,0.0,61.8066897673706,-1.2,9999.0,0
138000,3600,1400,3550.66,1475.0,1.2,0.0,89.77435936836316,-1.2,9999.0,0
138000,3600,1400,3631.53,1422.8,1.2,0.0,38.90990747868736,-1.2,9999.0,0
138000,3600,1400,3665.7,1420.67,1.2,0.0,68.87480598883731,-1.2,9999.0,0
138000,3600,1400,3646.63,1376.07,1.2,0.0,52.41184789720749,-1.2,9999.0,0
138000,3600,1400,4073.99,1656.94,1.2,8.71,539.1518187857663,7.510000000000001,71.79118758798485,0
138000,3600,1400,3623.12,1435.25,1.2,0.0,42.15562714513918,-1.2,9999.0,0
138000,3600,1400,3581.34,1470.85,1.2,0.0,73.26607741649597,-1.2,9999.0,0
138000,3600,1400,3694.78,1415.19,1.2,0.0,95.98950203017016,-1.2,9999.0,0
138000,3600,1400,3546.39,1481.16,1.2,0.0,97.26755728401956,-1.2,9999.0,0
138000,3600,1400,3647.02,1408.17,1.2,0.0,47.72451466489732,-1.2,9999.0,0
138000,3600,1400,3575.04,1466.79,1.2,0.0,71.30151260667614,-1.2,9999.0,0
138000,3600,1400,3618.93,1441.47,1.2,0.0,45.58624573267683,-1.2,9999.0,0
138000,3600,1400,3641.61,1346.51,1.2,0.0,67.76851924013104,-1.2,9999.0,0
138000,3600,1400,3649.8,1382.79,1.2,0.0,52.68988612627683,-1.2,9999.0,0
138000,3600,1400,3687.53,1416.68,1.2,0.0,89.10512499289835,-1.2,9999.0,0
138000,3600,1400,3642.8,1353.92,1.2,0.0,62.89043170467197,-1.2,9999.0,0
138000,3600,1400,3645.13,1368.74,1.2,0.0,54.89903915370477,-1.2,9999.0,0
138000,3600,1400,3542.11,1487.32,1.2,0.0,104.76657148155596,-1.2,9999.0,0
138000,3600,1400,3633.55,1414.17,1.2,0.0,36.41965678037088,-1.2,9999.0,0
138000,3600,1400,3635.66,1416.73,1.2,0.0,39.38944655615245,-1.2,9999.0,0
138000,3600,1400,3614.73,1447.68,1.2,0.0,49.90345979989771,-1.2,9999.0,0
138000,3600,1400,3569.91,1467.31,1.2,0.0,73.72953410947339,-1.2,9999.0,0
138000,3600,1400,3667.15,1379.5,1.2,0.0,70.20949009927371,-1.2,9999.0,0
138000,3600,1400,3643.98,1361.33,1.2,0.0,58.56286622084004,-1.2,9999.0,0
138000,3600,1400,3778.25,1357.66,1.2,13.4,183.20954696740012,12.2,15.017175980934436,0
138000,3600,1400,3639.32,1414.35,1.2,0.0,41.856718696047,-1.2,9999.0,0
138000,3600,1400,3610.53,1453.9,1.2,0.0,54.91894846043589,-1.2,9999.0,0
138000,3600,1400,3554.94,1468.84,1.2,0.0,82.27605483978911,-1.2,9999.0,0
138000,3600,1400,3623.32,1429.24,1.2,0.0,37.40053475553536,-1.2,9999.0,0
138000,3600,1400,3660.65,1334.37,1.2,0.0,89.36285246118784,-1.2,9999.0,0
138000,3600,1400,3653.25,1333.37,1.2,0.0,85.29431047848394,-1.2,9999.0,0
138000,3600,1400,3527.76,1508.39,1.2,0.0,130.25747464157283,-1.2,9999.0,0
138000,3600,1400,3553.96,1457.33,1.2,0.0,73.52829727390666,-1.2,9999.0,0
138000,3600,1400,3630.85,1412.44,1.2,0.0,33.26373550880893,-1.2,9999.0,0
138000,3600,1400,3827.22,1125.42,1.2,23.72,356.4030089659736,22.52,15.826066117494387,0
138000,3600,1400,4054.24,1605.13,1.2,12.62,498.409765654727,11.42,43.643587185177495,0
138000,3600,1400,3665.35,1387.46,1.2,0.0,66.54227303000692,-1.2,9999.0,0
138000,3600,1400,3508.92,1537.98,1.2,13.49,165.3301146192066,12.29,13.452409651684833,0
138000,3600,1400,3548.66,1452.02,1.2,0.0,73.08813857254823,-1.2,9999.0,0
138000,3600,1400,3909.28,1318.28,1.2,11.28,319.8941649983633,10.08,31.73553224190112,0
138000,3600,1400,3629.24,1420.46,1.2,0.0,35.687381523445914,-1.2,9999.0,0
138000,3600,1400,3619.13,1435.46,1.2,0.0,40.29104739269019,-1.2,9999.0,0
138000,3600,1400,3723.81,1409.23,1.2,0.09,124.15357022655444,-1.11,9999.0,0
138000,3600,1400,4097.12,1289.64,1.2,13.56,509.2225682351479,12.36,41.1992369122288,0
138000,3600,1400,3729.37,1411.36,1.2,14.93,129.8678039392365,13.73,9.458689289092243,0
138000,3600,1400,3653.29,1407.08,1.2,0.0,53.75825983046694,-1.2,9999.0,0
139000,3600,1400,3640.64,1410.24,1.2,0.0,41.91022786862403,-1.2,9999.0,0
139000,3600,1400,3819.76,1336.47,1.2,13.31,228.75864683110908,12.11,18.890061670611814,0
139000,3600,1400,3889.64,1375.15,1.2,24.57,290.70406275110764,23.37,12.439198234963955,0
139000,3600,1400,3380.98,1729.8,1.2,8.23,395.9012508189384,7.03,56.3159673995645,0
139000,3600,1400,3768.7,1217.04,1.2,23.64,248.86552915178905,22.44,11.090264222450491,0
139000,3600,1400,3637.12,1331.42,1.2,4.45,77.98147728787896,3.25,23.994300703962757,0
139000,3600,1400,3645.75,1333.57,1.2,0.0,80.65982519197527,-1.2,9999.0,0
139000,3600,1400,3702.03,1413.71,1.2,0.0,102.947000927662,-1.2,9999.0,0
139000,3600,1400,3537.83,1493.48,1.2,0.0,112.26584208921255,-1.2,9999.0,0
139000,3600,1400,3669.75,1381.38,1.2,0.0,72.19256817706373,-1.2,9999.0,0
139000,3600,1400,3656.14,1401.07,1.2,0.0,56.15019590348715,-1.2,9999.0,0
139000,3600,1400,3567.77,1455.06,1.2,0.0,63.799502349156256,-1.2,9999.0,0
139000,3600,1400,3825.89,1047.62,1.2,26.48,418.5665496668362,25.28,16.55722111023877,0
139000,3600,1400,3709.28,1412.22,1.2,0.0,109.9611149452389,-1.2,9999.0,0
139000,3600,1400,3624.83,1334.73,1.2,1.76,69.833385998389,0.56,124.70247499712322,0
139000,3600,1400,3673.03,1419.66,1.2,0.0,75.6299973555469,-1.2,9999.0,0
139000,3600,1400,3716.53,1410.73,1.2,0.0,117.02296270390715,-1.2,9999.0,0
139000,3600,1400,3816.71,1005.77,1.2,21.18,449.86722152208426,19.98,22.51587695305727,0
139000,3600,1400,3959.34,1357.57,1.2,28.25,361.83634491300086,27.05,13.376574673308719,0
139000,3600,1400,3681.55,1359.61,1.2,9.79,91.00414605939686,8.59,10.594196281652719,0
139000,3600,1400,3610.17,1342.87,1.2,9.3,58.02814661868854,8.100000000000001,7.1639687183566085,0
139000,3600,1400,3674.18,1375.26,1.2,0.76,78.19680300370327,-0.4399999999999999,9999.0,0
139000,3600,1400,3667.8,1336.48,1.2,0.0,92.90656812088164,-1.2,9999.0,0
139000,3600,1400,3425.73,1663.19,1.2,13.26,315.6564730842693,12.06,26.17383690582664,0
139000,3600,1400,3659.38,1330.87,1.2,9.64,91.13145066331396,8.440000000000001,10.797565244468476,0
139000,3600,1400,3492.6,1569.56,1.2,13.77,200.71211622620092,12.57,15.967551012426485,0
139000,3600,1400,3872.79,1325.98,1.2,12.48,282.6541075236657,11.28,25.057988255644123,0
139000,3600,1400,3710.93,1321.81,1.2,12.54,135.7171359851068,11.34,11.968001409621412,0
139000,3600,1400,3488.17,1570.56,1.2,9.8,203.9525986595904,8.600000000000001,23.715418448789578,0
139000,3600,1400,3543.35,1446.71,1.2,0.05,73.42374683983387,-1.15,9999.0,0
139000,3600,1400,3372.31,1742.77,1.2,0.0,411.5021372970012,-1.2,9999.0,0
139000,3600,1400,3473.46,1592.98,1.2,2.39,230.7675280450003,1.1900000000000002,193.92229247479014,0
139000,3600,1400,3522.23,1430.31,1.2,0.0,83.46777222377504,-1.2,9999.0,0
139000,3600,1400,3627.32,1429.03,1.2,0.0,39.86380940151113,-1.2,9999.0,0
139000,3600,1400,3662.76,1385.58,1.2,0.0,64.39529485917453,-1.2,9999.0,0
139000,3600,1400,3680.28,1418.17,1.2,0.0,82.3105540012946,-1.2,9999.0,0
139000,3600,1400,3641.18,1411.75,1.2,0.0,42.82353208225574,-1.2,9999.0,0
139000,3600,1400,3658.35,1420.38,1.2,0.0,61.8066897673706,-1.2,9999.0,0
139000,3600,1400,3550.66,1475.0,1.2,0.0,89.77435936836316,-1.2,9999.0,0
139000,3600,1400,3631.53,1422.8,1.2,0.0,38.90990747868736,-1.2,9999.0,0
139000,3600,1400,3665.7,1420.67,1.2,0.0,68.87480598883731,-1.2,9999.0,0
139000,3600,1400,3646.63,1376.07,1.2,0.0,52.41184789720749,-1.2,9999.0,0
139000,3600,1400,4075.29,1646.08,1.2,10.94,535.2157980665369,9.74,54.95028727582514,0
139000,3600,1400,3623.12,1435.25,1.2,0.0,42.15562714513918,-1.2,9999.0,0
139000,3600,1400,3581.34,1470.85,1.2,0.0,73.26607741649597,-1.2,9999.0,0
139000,3600,1400,3694.78,1415.19,1.2,0.0,95.98950203017016,-1.2,9999.0,0
139000,3600,1400,3546.39,1481.16,1.2,0.0,97.26755728401956,-1.2,9999.0,0
139000,3600,1400,3647.02,1408.17,1.2,0.0,47.72451466489732,-1.2,9999.0,0
139000,3600,1400,3575.04,1466.79,1.2,0.0,71.30151260667614,-1.2,9999.0,0
139000,3600,1400,3618.93,1441.47,1.2,0.0,45.58624573267683,-1.2,9999.0,0
139000,3600,1400,3641.61,1346.51,1.2,0.0,67.76851924013104,-1.2,9999.0,0
139000,3600,1400,3649.8,1382.79,1.2,0.0,52.68988612627683,-1.2,9999.0,0
139000,3600,1400,3687.53,1416.68,1.2,0.0,89.10512499289835,-1.2,9999.0,0
139000,3600,1400,3642.8,1353.92,1.2,0.0,62.89043170467197,-1.2,9999.0,0
139000,3600,1400,3645.13,1368.74,1.2,0.0,54.89903915370477,-1.2,9999.0,0
139000,3600,1400,3542.11,1487.32,1.2,0.0,104.76657148155596,-1.2,9999.0,0
139000,3600,1400,3633.55,1414.17,1.2,0.0,36.41965678037088,-1.2,9999.0,0
139000,3600,1400,3635.66,1416.73,1.2,0.0,39.38944655615245,-1.2,9999.0,0
139000,3600,1400,3614.73,1447.68,1.2,0.0,49.90345979989771,-1.2,9999.0,0
139000,3600,1400,3569.91,1467.31,1.2,0.0,73.72953410947339,-1.2,9999.0,0
139000,3600,1400,3667.15,1379.5,1.2,0.0,70.20949009927371,-1.2,9999.0,0
139000,3600,1400,3643.98,1361.33,1.2,0.0,58.56286622084004,-1.2,9999.0,0
139000,3600,1400,3765.53,1363.45,1.2,13.97,169.51720679624256,12.77,13.274644228366684,0
139000,3600,1400,3639.32,1414.35,1.2,0.0,41.856718696047,-1.2,9999.0,0
139000,3600,1400,3610.53,1453.9,1.2,0.0,54.91894846043589,-1.2,9999.0,0
139000,3600,1400,3554.94,1468.84,1.2,0.0,82.27605483978911,-1.2,9999.0,0
139000,3600,1400,3623.32,1429.24,1.2,0.0,37.40053475553536,-1.2,9999.0,0
139000,3600,1400,3660.65,1334.37,1.2,0.0,89.36285246118784,-1.2,9999.0,0
139000,3600,1400,3653.25,1333.37,1.2,0.0,85.29431047848394,-1.2,9999.0,0
139000,3600,1400,3527.76,1508.39,1.2,0.0,130.25747464157283,-1.2,9999.0,0
139000,3600,1400,3553.96,1457.33,1.2,0.0,73.52829727390666,-1.2,9999.0,0
139000,3600,1400,3630.85,1412.44,1.2,0.0,33.26373550880893,-1.2,9999.0,0
139000,3600,1400,3815.09,1148.5,1.2,26.31,330.9319538817611,25.11,13.179289282427762,0
139000,3600,1400,4067.24,1605.21,1.2,13.01,510.31790258622107,11.81,43.210660676225324,0
139000,3600,1400,3665.35,1387.46,1.2,0.0,66.54227303000692,-1.2,9999.0,0
139000,3600,1400,3515.66,1527.39,1.2,12.55,152.77908135605497,11.35,13.460712013749337,0
139000,3600,1400,3548.66,1452.02,1.2,0.0,73.08813857254823,-1.2,9999.0,0
139000,3600,1400,3896.6,1321.0,1.2,12.97,306.9406457281276,11.77,26.078219688031233,0
139000,3600,1400,3629.24,1420.46,1.2,0.0,35.687381523445914,-1.2,9999.0,0
139000,3600,1400,3619.13,1435.46,1.2,0.0,40.29104739269019,-1.2,9999.0,0
139000,3600,1400,3723.79,1409.24,1.2,0.02,124.13436953559636,-1.18,9999.0,0
139000,3600,1400,4100.61,1302.48,1.2,13.33,510.02011970117377,12.13,42.04617639745867,0
139000,3600,1400,3712.83,1414.76,1.2,16.67,113.79132875575354,15.470000000000002,7.355612718536103,0
139000,3600,1400,3653.29,1407.08,1.2,0.0,53.75825983046694,-1.2,9999.0,0
140000,3600,1400,3640.64,1410.24,1.2,0.0,41.91022786862403,-1.2,9999.0,0
140000,3600,1400,3863.29,1380.57,1.2,26.9,264.0059639477866,25.7,10.27260560108119,0
140000,3600,1400,3386.81,1721.09,1.2,10.49,385.4202436302483,9.29,41.487647322954615,0
140000,3600,1400,3782.4,1194.96,1.2,25.91,274.428791492438,24.71,11.10598103975872,0
140000,3600,1400,3643.59,1330.51,1.2,6.54,82.03016640236697,5.34,15.361454382465725,0
140000,3600,1400,3645.75,1333.57,1.2,0.0,80.65982519197527,-1.2,9999.0,0
140000,3600,1400,3702.03,1413.71,1.2,0.0,102.947000927662,-1.2,9999.0,0
140000,3600,1400,3537.83,1493.48,1.2,0.0,112.26584208921255,-1.2,9999.0,0
140000,3600,1400,3669.75,1381.38,1.2,0.0,72.19256817706373,-1.2,9999.0,0
140000,3600,1400,3656.14,1401.07,1.2,0.0,56.15019590348715,-1.2,9999.0,0
140000,3600,1400,3567.77,1455.06,1.2,0.0,63.799502349156256,-1.2,9999.0,0
140000,3600,1400,3820.85,1024.65,1.2,23.43,435.5024052746436,22.23,19.59075147434294,0
140000,3600,1400,3709.28,1412.22,1.2,0.0,109.9611149452389,-1.2,9999.0,0
140000,3600,1400,3628.39,1333.55,1.2,3.74,72.26060199029621,2.54,28.44905590169142,0
140000,3600,1400,3673.03,1419.66,1.2,0.0,75.6299973555469,-1.2,9999.0,0
140000,3600,1400,3716.53,1410.73,1.2,0.0,117.02296270390715,-1.2,9999.0,0
140000,3600,1400,3813.12,989.41,1.2,16.68,462.60596894117134,15.48,29.8841065207475,0
140000,3600,1400,3984.96,1352.31,1.2,26.15,387.90274257860057,24.95,15.547204111366757,0
140000,3600,1400,3676.01,1367.27,1.2,9.46,82.75731387617674,8.260000000000002,10.019045263459653,0
140000,3600,1400,3614.95,1339.49,1.2,5.86,62.32946815110805,4.66,13.375422350023188,0
140000,3600,1400,3674.16,1375.29,1.2,0.03,78.16834205738267,-1.17,9999.0,0
140000,3600,1400,3667.8,1336.48,1.2,0.0,92.90656812088164,-1.2,9999.0,0
140000,3600,1400,3433.13,1652.2,1.2,13.25,302.4077328707055,12.05,25.09607741665606,0
140000,3600,1400,3670.03,1333.96,1.2,11.16,96.2573763407253,9.96,9.664395214932258,0
140000,3600,1400,3485.02,1581.27,1.2,13.95,214.660693421036,12.75,16.836132817336157,0
140000,3600,1400,3859.95,1328.66,1.2,13.12,269.5614922424935,11.92,22.614219147860194,0
140000,3600,1400,3702.84,1334.18,1.2,14.78,122.09970515934928,13.58,8.991141764311434,0
140000,3600,1400,3494.71,1560.29,1.2,12.18,191.77817446205916,10.98,17.46613610765566,0
140000,3600,1400,3543.36,1446.71,1.2,0.01,73.41603162797611,-1.19,9999.0,0
140000,3600,1400,3373.68,1740.72,1.2,2.47,409.03650301654017,1.2700000000000002,322.0759866271969,0
140000,3600,1400,3475.73,1589.54,1.2,4.12,226.6460776188284,2.92,77.61851973247548,0
140000,3600,1400,3521.29,1429.4,1.2,1.31,84.02156925456707,0.1100000000000001,763.8324477687909,0
140000,3600,1400,3627.32,1429.03,1.2,0.0,39.86380940151113,-1.2,9999.0,0
140000,3600,1400,3662.76,1385.58,1.2,0.0,64.39529485917453,-1.2,9999.0,0
140000,3600,1400,3680.28,1418.17,1.2,0.0,82.3105540012946,-1.2,9999.0,0
140000,3600,1400,3641.18,1411.75,1.2,0.0,42.82353208225574,-1.2,9999.0,0
140000,3600,1400,3658.35,1420.38,1.2,0.0,61.8066897673706,-1.2,9999.0,0
140000,3600,1400,3550.66,1475.0,1.2,0.0,89.77435936836316,-1.2,9999.0,0
140000,3600,1400,3631.53,1422.8,1.2,0.0,38.90990747868736,-1.2,9999.0,0
140000,3600,1400,3665.7,1420.67,1.2,0.0,68.87480598883731,-1.2,9999.0,0
140000,3600,1400,3646.63,1376.07,1.2,0.0,52.41184789720749,-1.2,9999.0,0
140000,3600,1400,4076.9,1632.76,1.2,13.42,530.6701683720313,12.22,43.42636402389781,0
140000,3600,1400,3623.12,1435.25,1.2,0.0,42.15562714513918,-1.2,9999.0,0
140000,3600,1400,3581.34,1470.85,1.2,0.0,73.26607741649597,-1.2,9999.0,0
140000,3600,1400,3694.78,1415.19,1.2,0.0,95.98950203017016,-1.2,9999.0,0
140000,3600,1400,3546.39,1481.16,1.2,0.0,97.26755728401956,-1.2,9999.0,0
140000,3600,1400,3647.02,1408.17,1.2,0.0,47.72451466489732,-1.2,9999.0,0
140000,3600,1400,3575.04,1466.79,1.2,0.0,71.30151260667614,-1.2,9999.0,0
140000,3600,1400,3618.93,1441.47,1.2,0.0,45.58624573267683,-1.2,9999.0,0
140000,3600,1400,3641.61,1346.51,1.2,0.0,67.76851924013104,-1.2,9999.0,0
140000,3600,1400,3649.8,1382.79,1.2,0.0,52.68988612627683,-1.2,9999.0,0
140000,3600,1400,3687.53,1416.68,1.2,0.0,89.10512499289835,-1.2,9999.0,0
140000,3600,1400,3642.8,1353.92,1.2,0.0,62.89043170467197,-1.2,9999.0,0
140000,3600,1400,3645.13,1368.74,1.2,0.0,54.89903915370477,-1.2,9999.0,0
140000,3600,1400,3542.11,1487.32,1.2,0.0,104.76657148155596,-1.2,9999.0,0
140000,3600,1400,3633.55,1414.17,1.2,0.0,36.41965678037088,-1.2,9999.0,0
140000,3600,1400,3635.66,1416.73,1.2,0.0,39.38944655615245,-1.2,9999.0,0
140000,3600,1400,3614.73,1447.68,1.2,0.0,49.90345979989771,-1.2,9999.0,0
140000,3600,1400,3569.91,1467.31,1.2,0.0,73.72953410947339,-1.2,9999.0,0
140000,3600,1400,3667.15,1379.5,1.2,0.0,70.20949009927371,-1.2,9999.0,0
140000,3600,1400,3643.98,1361.33,1.2,0.0,58.56286622084004,-1.2,9999.0,0
140000,3600,1400,3752.47,1367.81,1.2,13.85,155.83098857415987,12.65,12.318655223253744,0
140000,3600,1400,3639.32,1414.35,1.2,0.0,41.856718696047,-1.2,9999.0,0
140000,3600,1400,3610.53,1453.9,1.2,0.0,54.91894846043589,-1.2,9999.0,0
140000,3600,1400,3554.94,1468.84,1.2,0.0,82.27605483978911,-1.2,9999.0,0
140000,3600,1400,3623.32,1429.24,1.2,0.0,37.40053475553536,-1.2,9999.0,0
140000,3600,1400,3660.65,1334.37,1.2,0.0,89.36285246118784,-1.2,9999.0,0
140000,3600,1400,3653.25,1333.37,1.2,0.0,85.29431047848394,-1.2,9999.0,0
140000,3600,1400,3527.76,1508.39,1.2,0.0,130.25747464157283,-1.2,9999.0,0
140000,3600,1400,3553.96,1457.33,1.2,0.0,73.52829727390666,-1.2,9999.0,0
140000,3600,1400,3630.85,1412.44,1.2,0.0,33.26373550880893,-1.2,9999.0,0
140000,3600,1400,3799.89,1172.85,1.2,28.82,302.5774852826958,27.62,10.955013949409697,0
140000,3600,1400,4077.94,1611.41,1.2,12.78,522.6096360573541,11.58,45.13036580806167,0
140000,3600,1400,3665.35,1387.46,1.2,0.0,66.54227303000692,-1.2,9999.0,0
140000,3600,1400,3520.68,1519.51,1.2,9.35,143.43745152504636,8.15,17.599687303686668,0
140000,3600,1400,3548.66,1452.02,1.2,0.0,73.08813857254823,-1.2,9999.0,0
140000,3600,1400,3883.85,1323.67,1.2,13.02,293.9338214632674,11.82,24.867497585724823,0
140000,3600,1400,3629.24,1420.46,1.2,0.0,35.687381523445914,-1.2,9999.0,0
140000,3600,1400,3619.13,1435.46,1.2,0.0,40.29104739269019,-1.2,9999.0,0
140000,3600,1400,3723.78,1409.24,1.2,0.0,124.12439727950364,-1.2,9999.0,0
140000,3600,1400,4103.62,1315.47,1.2,13.33,510.6646896937362,12.13,42.09931489643332,0
140000,3600,1400,3694.48,1418.53,1.2,18.48,96.27996312836854,17.28,5.5717571254842895,0
140000,3600,1400,3653.29,1407.08,1.2,0.0,53.75825983046694,-1.2,9999.0,0
141000,3600,1400,3640.64,1410.24,1.2,0.0,41.91022786862403,-1.2,9999.0,0
141000,3600,1400,3836.19,1386.14,1.2,27.68,236.59631379207923,26.48,8.934906109972781,0
141000,3600,1400,3393.9,1710.49,1.2,12.75,372.667747598313,11.55,32.26560585266779,0
141000,3600,1400,3797.19,1171.11,1.2,27.95,302.116745977445,26.75,11.294083961773646,0
141000,3600,1400,3652.3,1330.2,1.2,8.72,87.2200091722078,7.52,11.598405475027633,0
141000,3600,1400,3645.75,1333.57,1.2,0.0,80.65982519197527,-1.2,9999.0,0
141000,3600,1400,3702.03,1413.71,1.2,0.0,102.947000927662,-1.2,9999.0,0
141000,3600,1400,3537.83,1493.48,1.2,0.0,112.26584208921255,-1.2,9999.0,0
141000,3600,1400,3669.75,1381.38,1.2,0.0,72.19256817706373,-1.2,9999.0,0
141000,3600,1400,3656.14,1401.07,1.2,0.0,56.15019590348715,-1.2,9999.0,0
141000,3600,1400,3567.77,1455.06,1.2,0.0,63.799502349156256,-1.2,9999.0,0
141000,3600,1400,3816.78,1006.09,1.2,18.93,449.6205694805344,17.73,25.359310179387162,0
141000,3600,1400,3709.28,1412.22,1.2,0.0,109.9611149452389,-1.2,9999.0,0
141000,3600,1400,3630.03,1333.03,1.2,1.73,73.39469871864054,0.53,138.48056362007648,0
141000,3600,1400,3673.03,1419.66,1.2,0.0,75.6299973555469,-1.2,9999.0,0
141000,3600,1400,3716.53,1410.73,1.2,0.0,117.02296270390715,-1.2,9999.0,0
141000,3600,1400,3810.7,977.43,1.2,12.18,472.1862925795284,10.98,43.00421608192426,0
141000,3600,1400,4006.31,1347.92,1.2,21.79,409.6341569010084,20.59,19.894810922827023,0
141000,3600,1400,3673.1,1371.29,1.2,4.96,78.53581412323928,3.76,20.88718460724449,0
141000,3600,1400,3619.93,1336.74,1.2,5.69,66.32520260051975,4.49,14.771760044659185,0
141000,3600,1400,3674.15,1375.3,1.2,0.01,78.15569397043325,-1.19,9999.0,0
141000,3600,1400,3667.8,1336.48,1.2,0.0,92.90656812088164,-1.2,9999.0,0
141000,3600,1400,3440.42,1641.4,1.2,13.03,289.37818922648614,11.83,24.461385395307367,0
141000,3600,1400,3676.87,1337.38,1.2,7.66,99.14767420368452,6.46,15.347937183232897,0
141000,3600,1400,3477.05,1593.35,1.2,14.47,229.1308032543855,13.27,17.26682767553772,0
141000,3600,1400,3848.03,1331.15,1.2,12.17,257.40863116842075,10.97,23.46477950486971,0
141000,3600,1400,3697.22,1342.78,1.2,10.28,112.80893936209118,9.08,12.423892000230307,0
141000,3600,1400,3502.19,1548.54,1.2,13.93,177.85085802435697,12.73,13.971002201442024,0
141000,3600,1400,3543.36,1446.71,1.2,0.0,73.41603162797611,-1.2,9999.0,0
141000,3600,1400,3376.29,1736.82,1.2,4.69,404.3437603079835,3.49,115.85781097649955,0
141000,3600,1400,3479.08,1584.47,1.2,6.07,220.56932538320012,4.87,45.291442583819325,0
141000,3600,1400,3518.86,1427.03,1.2,3.4,85.52380078083515,2.2,38.87445490037961,0
141000,3600,1400,3627.32,1429.03,1.2,0.0,39.86380940151113,-1.2,9999.0,0
141000,3600,1400,3662.76,1385.58,1.2,0.0,64.39529485917453,-1.2,9999.0,0
141000,3600,1400,3680.28,1418.17,1.2,0.0,82.3105540012946,-1.2,9999.0,0
141000,3600,1400,3641.18,1411.75,1.2,0.0,42.82353208225574,-1.2,9999.0,0
141000,3600,1400,3658.35,1420.38,1.2,0.0,61.8066897673706,-1.2,9999.0,0
141000,3600,1400,3550.66,1475.0,1.2,0.0,89.77435936836316,-1.2,9999.0,0
141000,3600,1400,3631.53,1422.8,1.2,0.0,38.90990747868736,-1.2,9999.0,0
141000,3600,1400,3665.7,1420.67,1.2,0.0,68.87480598883731,-1.2,9999.0,0
141000,3600,1400,3646.63,1376.07,1.2,0.0,52.41184789720749,-1.2,9999.0,0
141000,3600,1400,4077.76,1620.62,1.2,12.24,526.2393010788915,11.04,47.666603358595246,0
141000,3600,1400,3623.12,1435.25,1.2,0.0,42.15562714513918,-1.2,9999.0,0
141000,3600,1400,3581.34,1470.85,1.2,0.0,73.26607741649597,-1.2,9999.0,0
141000,3600,1400,3694.78,1415.19,1.2,0.0,95.98950203017016,-1.2,9999.0,0
141000,3600,1400,3546.39,1481.16,1.2,0.0,97.26755728401956,-1.2,9999.0,0
141000,3600,1400,3647.02,1408.17,1.2,0.0,47.72451466489732,-1.2,9999.0,0
141000,3600,1400,3575.04,1466.79,1.2,0.0,71.30151260667614,-1.2,9999.0,0
141000,3600,1400,3618.93,1441.47,1.2,0.0,45.58624573267683,-1.2,9999.0,0
141000,3600,1400,3641.61,1346.51,1.2,0.0,67.76851924013104,-1.2,9999.0,0
141000,3600,1400,3649.8,1382.79,1.2,0.0,52.68988612627683,-1.2,9999.0,0
141000,3600,1400,3687.53,1416.68,1.2,0.0,89.10512499289835,-1.2,9999.0,0
141000,3600,1400,3642.8,1353.92,1.2,0.0,62.89043170467197,-1.2,9999.0,0
141000,3600,1400,3645.13,1368.74,1.2,0.0,54.89903915370477,-1.2,9999.0,0
141000,3600,1400,3542.11,1487.32,1.2,0.0,104.76657148155596,-1.2,9999.0,0
141000,3600,1400,3633.55,1414.17,1.2,0.0,36.41965678037088,-1.2,9999.0,0
141000,3600,1400,3635.66,1416.73,1.2,0.0,39.38944655615245,-1.2,9999.0,0
141000,3600,1400,3614.73,1447.68,1.2,0.0,49.90345979989771,-1.2,9999.0,0
141000,3600,1400,3569.91,1467.31,1.2,0.0,73.72953410947339,-1.2,9999.0,0
141000,3600,1400,3667.15,1379.5,1.2,0.0,70.20949009927371,-1.2,9999.0,0
141000,3600,1400,3643.98,1361.33,1.2,0.0,58.56286622084004,-1.2,9999.0,0
141000,3600,1400,3738.52,1369.76,1.2,14.09,141.78239665064206,12.89,10.999410135813967,0
141000,3600,1400,3639.32,1414.35,1.2,0.0,41.856718696047,-1.2,9999.0,0
141000,3600,1400,3610.53,1453.9,1.2,0.0,54.91894846043589,-1.2,9999.0,0
141000,3600,1400,3554.94,1468.84,1.2,0.0,82.27605483978911,-1.2,9999.0,0
141000,3600,1400,3623.32,1429.24,1.2,0.0,37.40053475553536,-1.2,9999.0,0
141000,3600,1400,3660.65,1334.37,1.2,0.0,89.36285246118784,-1.2,9999.0,0
141000,3600,1400,3653.25,1333.37,1.2,0.0,85.29431047848394,-1.2,9999.0,0
141000,3600,1400,3527.76,1508.39,1.2,0.0,130.25747464157283,-1.2,9999.0,0
141000,3600,1400,3553.96,1457.33,1.2,0.0,73.52829727390666,-1.2,9999.0,0
141000,3600,1400,3630.85,1412.44,1.2,0.0,33.26373550880893,-1.2,9999.0,0
141000,3600,1400,3783.51,1199.26,1.2,31.2,271.9788000929486,30.0,9.065960003098287,0
141000,3600,1400,4081.26,1623.33,1.2,12.64,530.5539336391731,11.44,46.377092101326326,0
141000,3600,1400,3665.35,1387.46,1.2,0.0,66.54227303000692,-1.2,9999.0,0
141000,3600,1400,3523.29,1515.42,1.2,4.85,138.58643692656227,3.65,37.96888682919514,0
141000,3600,1400,3548.66,1452.02,1.2,0.0,73.08813857254823,-1.2,9999.0,0
141000,3600,1400,3871.1,1326.34,1.2,13.02,280.92882657356466,11.82,23.767244210961476,0
141000,3600,1400,3629.24,1420.46,1.2,0.0,35.687381523445914,-1.2,9999.0,0
141000,3600,1400,3619.13,1435.46,1.2,0.0,40.29104739269019,-1.2,9999.0,0
141000,3600,1400,3723.78,1409.24,1.2,0.0,124.12439727950364,-1.2,9999.0,0
141000,3600,1400,4106.22,1329.03,1.2,13.81,511.1706459686435,12.61,40.53692672233493,0
141000,3600,1400,3680.61,1421.38,1.2,13.98,83.39710126856943,12.78,6.525594778448313,0
141000,3600,1400,3653.29,1407.08,1.2,0.0,53.75825983046694,-1.2,9999.0,0
142000,3600,1400,3640.64,1410.24,1.2,0.0,41.91022786862403,-1.2,9999.0,0
142000,3600,1400,3810.42,1394.7,1.2,26.96,210.4867368743219,25.76,8.171068978040447,0
142000,3600,1400,3401.38,1699.3,1.2,13.47,359.2080099329634,12.27,29.275306433004356,0
142000,3600,1400,3812.39,1146.77,1.2,28.58,330.50710279810926,27.38,12.071114053985,0
142000,3600,1400,3662.71,1331.51,1.2,10.54,92.86239389548388,9.34,9.942440459901913,0
142000,3600,1400,3645.75,1333.57,1.2,0.0,80.65982519197527,-1.2,9999.0,0
142000,3600,1400,3702.03,1413.71,1.2,0.0,102.947000927662,-1.2,9999.0,0
142000,3600,1400,3537.83,1493.48,1.2,0.0,112.26584208921255,-1.2,9999.0,0
142000,3600,1400,3669.75,1381.38,1.2,0.0,72.19256817706373,-1.2,9999.0,0
142000,3600,1400,3656.14,1401.07,1.2,0.0,56.15019590348715,-1.2,9999.0,0
142000,3600,1400,3567.77,1455.06,1.2,0.0,63.799502349156256,-1.2,9999.0,0
142000,3600,1400,3813.62,991.67,1.2,14.7,460.832825762228,13.5,34.13576487127615,0
142000,3600,1400,3709.28,1412.22,1.2,0.0,109.9611149452389,-1.2,9999.0,0
142000,3600,1400,3630.24,1332.98,1.2,0.21,73.52644422246995,-0.99,9999.0,0
142000,3600,1400,3673.03,1419.66,1.2,0.0,75.6299973555469,-1.2,9999.0,0
142000,3600,1400,3716.53,1410.73,1.2,0.0,117.02296270390715,-1.2,9999.0,0
142000,3600,1400,3810.04,969.25,1.2,8.18,479.2310132910849,6.98,68.6577382938517,0
142000,3600,1400,4023.25,1344.45,1.2,17.29,426.8798015835371,16.09,26.5307521183056,0
142000,3600,1400,3672.07,1372.72,1.2,1.76,77.06025759105677,0.56,137.6076028411728,0
142000,3600,1400,3621.87,1335.71,1.2,2.2,67.90803339811859,1.0000000000000002,67.90803339811858,0
142000,3600,1400,3674.15,1375.31,1.2,0.01,78.15253418795847,-1.19,9999.0,0
142000,3600,1400,3667.8,1336.48,1.2,0.0,92.90656812088164,-1.2,9999.0,0
142000,3600,1400,3448.07,1630.05,1.2,13.69,275.69136257779263,12.49,22.072967380127512,0
142000,3600,1400,3680.38,1339.58,1.2,4.14,100.55605799751712,2.9399999999999995,34.20274081548202,0
142000,3600,1400,3469.31,1605.01,1.2,14.0,243.12337649843548,12.8,18.994013788940272,0
142000,3600,1400,3836.0,1333.76,1.2,12.31,245.1198433419865,11.11,22.062992199998785,0
142000,3600,1400,3696.63,1348.72,1.2,6.41,109.39376261926462,5.21,20.99688342020434,0
142000,3600,1400,3509.89,1536.45,1.2,14.33,163.51885090105066,13.13,12.453834798252144,0
142000,3600,1400,3543.36,1446.71,1.2,0.0,73.41603162797611,-1.2,9999.0,0
142000,3600,1400,3380.03,1731.22,1.2,6.73,397.6097198258613,5.53,71.90049183107799,0
142000,3600,1400,3483.25,1578.13,1.2,7.59,212.98088975304813,6.39,33.33034268435808,0
142000,3600,1400,3515.07,1423.36,1.2,5.27,88.08401954951856,4.069999999999999,21.64226524558196,0
142000,3600,1400,3627.32,1429.03,1.2,0.0,39.86380940151113,-1.2,9999.0,0
142000,3600,1400,3372.31,1742.77,1.2,0.0,411.5021372970012,-1.2,9999.0,0
142000,3600,1400,3662.76,1385.58,1.2,0.0,64.39529485917453,-1.2,9999.0,0
142000,3600,1400,3680.28,1418.17,1.2,0.0,82.3105540012946,-1.2,9999.0,0
142000,3600,1400,3641.18,1411.75,1.2,0.0,42.82353208225574,-1.2,9999.0,0
142000,3600,1400,3658.35,1420.38,1.2,0.0,61.8066897673706,-1.2,9999.0,0
142000,3600,1400,3550.66,1475.0,1.2,0.0,89.77435936836316,-1.2,9999.0,0
142000,3600,1400,3631.53,1422.8,1.2,0.0,38.90990747868736,-1.2,9999.0,0
142000,3600,1400,3665.7,1420.67,1.2,0.0,68.87480598883731,-1.2,9999.0,0
142000,3600,1400,3646.63,1376.07,1.2,0.0,52.41184789720749,-1.2,9999.0,0
142000,3600,1400,4071.11,1609.77,1.2,13.45,515.7015464394111,12.25,42.0980854236254,0
142000,3600,1400,3623.12,1435.25,1.2,0.0,42.15562714513918,-1.2,9999.0,0
142000,3600,1400,3581.34,1470.85,1.2,0.0,73.26607741649597,-1.2,9999.0,0
142000,3600,1400,3694.78,1415.19,1.2,0.0,95.98950203017016,-1.2,9999.0,0
142000,3600,1400,3546.39,1481.16,1.2,0.0,97.26755728401956,-1.2,9999.0,0
142000,3600,1400,3647.02,1408.17,1.2,0.0,47.72451466489732,-1.2,9999.0,0
142000,3600,1400,3575.04,1466.79,1.2,0.0,71.30151260667614,-1.2,9999.0,0
142000,3600,1400,3618.93,1441.47,1.2,0.0,45.58624573267683,-1.2,9999.0,0
142000,3600,1400,3641.61,1346.51,1.2,0.0,67.76851924013104,-1.2,9999.0,0
142000,3600,1400,3649.8,1382.79,1.2,0.0,52.68988612627683,-1.2,9999.0,0
142000,3600,1400,3687.53,1416.68,1.2,0.0,89.10512499289835,-1.2,9999.0,0
142000,3600,1400,3642.8,1353.92,1.2,0.0,62.89043170467197,-1.2,9999.0,0
142000,3600,1400,3645.13,1368.74,1.2,0.0,54.89903915370477,-1.2,9999.0,0
142000,3600,1400,3542.11,1487.32,1.2,0.0,104.76657148155596,-1.2,9999.0,0
142000,3600,1400,3633.55,1414.17,1.2,0.0,36.41965678037088,-1.2,9999.0,0
142000,3600,1400,3635.66,1416.73,1.2,0.0,39.38944655615245,-1.2,9999.0,0
142000,3600,1400,3614.73,1447.68,1.2,0.0,49.90345979989771,-1.2,9999.0,0
142000,3600,1400,3569.91,1467.31,1.2,0.0,73.72953410947339,-1.2,9999.0,0
142000,3600,1400,3667.15,1379.5,1.2,0.0,70.20949009927371,-1.2,9999.0,0
142000,3600,1400,3643.98,1361.33,1.2,0.0,58.56286622084004,-1.2,9999.0,0
142000,3600,1400,3724.82,1369.55,1.2,14.18,128.48048451029456,12.98,9.898342412195266,0
142000,3600,1400,3639.32,1414.35,1.2,0.0,41.856718696047,-1.2,9999.0,0
142000,3600,1400,3610.53,1453.9,1.2,0.0,54.91894846043589,-1.2,9999.0,0
142000,3600,1400,3554.94,1468.84,1.2,0.0,82.27605483978911,-1.2,9999.0,0
142000,3600,1400,3623.32,1429.24,1.2,0.0,37.40053475553536,-1.2,9999.0,0
142000,3600,1400,3660.65,1334.37,1.2,0.0,89.36285246118784,-1.2,9999.0,0
142000,3600,1400,3653.25,1333.37,1.2,0.0,85.29431047848394,-1.2,9999.0,0
142000,3600,1400,3527.76,1508.39,1.2,0.0,130.25747464157283,-1.2,9999.0,0
142000,3600,1400,3553.96,1457.33,1.2,0.0,73.52829727390666,-1.2,9999.0,0
142000,3600,1400,3630.85,1412.44,1.2,0.0,33.26373550880893,-1.2,9999.0,0
142000,3600,1400,3767.03,1225.74,1.2,31.26,241.3826184711734,30.06,8.030027227916614,0
142000,3600,1400,4079.73,1636.06,1.2,12.82,534.6636293035089,11.62,46.01236052525894,0
142000,3600,1400,3665.35,1387.46,1.2,0.0,66.54227303000692,-1.2,9999.0,0
142000,3600,1400,3523.71,1514.76,1.2,0.78,137.80428766914326,-0.4199999999999999,9999.0,0
142000,3600,1400,3548.66,1452.02,1.2,0.0,73.08813857254823,-1.2,9999.0,0
142000,3600,1400,3857.99,1329.07,1.2,13.39,267.56289914709754,12.19,21.949376468178635,0
142000,3600,1400,3629.24,1420.46,1.2,0.0,35.687381523445914,-1.2,9999.0,0
142000,3600,1400,3619.13,1435.46,1.2,0.0,40.29104739269019,-1.2,9999.0,0
142000,3600,1400,3723.78,1409.24,1.2,0.0,124.12439727950364,-1.2,9999.0,0
142000,3600,1400,3668.85,1423.55,1.2,11.81,72.76623530182103,10.61,6.8582691142149885,0
142000,3600,1400,3653.29,1407.08,1.2,0.0,53.75825983046694,-1.2,9999.0,0
143000,3600,1400,3640.64,1410.24,1.2,0.0,41.91022786862403,-1.2,9999.0,0
143000,3600,1400,3783.55,1400.22,1.2,27.43,183.55013184413696,26.23,6.997717569353296,0
143000,3600,1400,3408.83,1688.25,1.2,13.32,345.88152798320993,12.12,28.538079866601482,0
143000,3600,1400,3825.34,1121.19,1.2,28.72,358.48728248014606,27.52,13.026427415702981,0
143000,3600,1400,3670.07,1333.98,1.2,7.81,96.27276510000128,6.609999999999999,14.564714841149968,0
143000,3600,1400,3645.75,1333.57,1.2,0.0,80.65982519197527,-1.2,9999.0,0
143000,3600,1400,3702.03,1413.71,1.2,0.0,102.947000927662,-1.2,9999.0,0
143000,3600,1400,3537.83,1493.48,1.2,0.0,112.26584208921255,-1.2,9999.0,0
143000,3600,1400,3669.75,1381.38,1.2,0.0,72.19256817706373,-1.2,9999.0,0
143000,3600,1400,3656.14,1401.07,1.2,0.0,56.15019590348715,-1.2,9999.0,0
143000,3600,1400,3567.77,1455.06,1.2,0.0,63.799502349156256,-1.2,9999.0,0
143000,3600,1400,3811.34,981.3,1.2,10.57,469.01416353879983,9.37,50.054873376606174,0
143000,3600,1400,3709.28,1412.22,1.2,0.0,109.9611149452389,-1.2,9999.0,0
143000,3600,1400,3630.27,1332.97,1.2,0.03,73.54790139766052,-1.17,9999.0,0
143000,3600,1400,3673.03,1419.66,1.2,0.0,75.6299973555469,-1.2,9999.0,0
143000,3600,1400,3716.53,1410.73,1.2,0.0,117.02296270390715,-1.2,9999.0,0
143000,3600,1400,3810.62,965.79,1.2,3.68,482.5962168314211,2.4800000000000004,194.59524872234718,0
143000,3600,1400,4035.78,1341.9,1.2,12.79,439.6360067146459,11.59,37.93235605820931,0
143000,3600,1400,3671.74,1373.17,1.2,0.56,76.59292721916277,-0.6399999999999999,9999.0,0
143000,3600,1400,3623.03,1335.32,1.2,1.22,68.6577257124063,0.02,3432.886285620315,0
143000,3600,1400,3674.15,1375.31,1.2,0.0,78.15253418795847,-1.2,9999.0,0
143000,3600,1400,3667.8,1336.48,1.2,0.0,92.90656812088164,-1.2,9999.0,0
143000,3600,1400,3455.55,1619.31,1.2,13.09,262.6074610516615,11.89,22.08641388155269,0
143000,3600,1400,3684.93,1343.09,1.2,5.75,102.23430441882012,4.55,22.46907789424618,0
143000,3600,1400,3461.63,1616.28,1.2,13.63,256.75532185331616,12.43,20.656099907748686,0
143000,3600,1400,3824.42,1338.11,1.2,12.37,232.79756978972105,11.17,20.841322273027846,0
143000,3600,1400,3700.87,1351.91,1.2,5.37,111.74705812682484,4.17,26.79785566590524,0
143000,3600,1400,3515.17,1528.16,1.2,9.83,153.69162143721437,8.63,17.808994372794245,0
143000,3600,1400,3543.36,1446.71,1.2,0.0,73.41603162797611,-1.2,9999.0,0
143000,3600,1400,3385.04,1723.74,1.2,9.0,388.6069855265085,7.8,49.82140840083442,0
143000,3600,1400,3488.69,1569.74,1.2,10.0,202.9817324293001,8.8,23.06610595787501,0
143000,3600,1400,3510.32,1418.75,1.2,6.62,91.61912955273026,5.42,16.90389844146315,0
143000,3600,1400,3627.32,1429.03,1.2,0.0,39.86380940151113,-1.2,9999.0,0
143000,3600,1400,3373.31,1741.26,1.2,1.81,409.6910344393688,0.6100000000000001,671.624646621916,0
143000,3600,1400,3546.05,1530.8,1.2,0.0,141.4893723924167,-1.2,9999.0,0
143000,3600,1400,3662.76,1385.58,1.2,0.0,64.39529485917453,-1.2,9999.0,0
143000,3600,1400,3680.28,1418.17,1.2,0.0,82.3105540012946,-1.2,9999.0,0
143000,3600,1400,3641.18,1411.75,1.2,0.0,42.82353208225574,-1.2,9999.0,0
143000,3600,1400,3658.35,1420.38,1.2,0.0,61.8066897673706,-1.2,9999.0,0
143000,3600,1400,3550.66,1475.0,1.2,0.0,89.77435936836316,-1.2,9999.0,0
143000,3600,1400,3631.53,1422.8,1.2,0.0,38.90990747868736,-1.2,9999.0,0
143000,3600,1400,3665.7,1420.67,1.2,0.0,68.87480598883731,-1.2,9999.0,0
143000,3600,1400,3646.63,1376.07,1.2,0.0,52.41184789720749,-1.2,9999.0,0
143000,3600,1400,4058.48,1608.24,1.2,12.92,503.55516877498144,11.72,42.96545808660251,0
143000,3600,1400,3623.12,1435.25,1.2,0.0,42.15562714513918,-1.2,9999.0,0
143000,3600,1400,3581.34,1470.85,1.2,0.0,73.26607741649597,-1.2,9999.0,0
143000,3600,1400,3694.78,1415.19,1.2,0.0,95.98950203017016,-1.2,9999.0,0
143000,3600,1400,3546.39,1481.16,1.2,0.0,97.26755728401956,-1.2,9999.0,0
143000,3600,1400,3647.02,1408.17,1.2,0.0,47.72451466489732,-1.2,9999.0,0
143000,3600,1400,3575.04,1466.79,1.2,0.0,71.30151260667614,-1.2,9999.0,0
143000,3600,1400,3618.93,1441.47,1.2,0.0,45.58624573267683,-1.2,9999.0,0
143000,3600,1400,3641.61,1346.51,1.2,0.0,67.76851924013104,-1.2,9999.0,0
143000,3600,1400,3649.8,1382.79,1.2,0.0,52.68988612627683,-1.2,9999.0,0
143000,3600,1400,3687.53,1416.68,1.2,0.0,89.10512499289835,-1.2,9999.0,0
143000,3600,1400,3642.8,1353.92,1.2,0.0,62.89043170467197,-1.2,9999.0,0
143000,3600,1400,3645.13,1368.74,1.2,0.0,54.89903915370477,-1.2,9999.0,0
143000,3600,1400,3542.11,1487.32,1.2,0.0,104.76657148155596,-1.2,9999.0,0
143000,3600,1400,3633.55,1414.17,1.2,0.0,36.41965678037088,-1.2,9999.0,0
143000,3600,1400,3635.66,1416.73,1.2,0.0,39.38944655615245,-1.2,9999.0,0
143000,3600,1400,3614.73,1447.68,1.2,0.0,49.90345979989771,-1.2,9999.0,0
143000,3600,1400,3569.91,1467.31,1.2,0.0,73.72953410947339,-1.2,9999.0,0
143000,3600,1400,3667.15,1379.5,1.2,0.0,70.20949009927371,-1.2,9999.0,0
143000,3600,1400,3643.98,1361.33,1.2,0.0,58.56286622084004,-1.2,9999.0,0
143000,3600,1400,3713.04,1362.69,1.2,13.64,119.03813548607012,12.44,9.56898195225644,0
143000,3600,1400,3639.32,1414.35,1.2,0.0,41.856718696047,-1.2,9999.0,0
143000,3600,1400,3610.53,1453.9,1.2,0.0,54.91894846043589,-1.2,9999.0,0
143000,3600,1400,3554.94,1468.84,1.2,0.0,82.27605483978911,-1.2,9999.0,0
143000,3600,1400,3623.32,1429.24,1.2,0.0,37.40053475553536,-1.2,9999.0,0
143000,3600,1400,3660.65,1334.37,1.2,0.0,89.36285246118784,-1.2,9999.0,0
143000,3600,1400,3653.25,1333.37,1.2,0.0,85.29431047848394,-1.2,9999.0,0
143000,3600,1400,3527.76,1508.39,1.2,0.0,130.25747464157283,-1.2,9999.0,0
143000,3600,1400,3553.96,1457.33,1.2,0.0,73.52829727390666,-1.2,9999.0,0
143000,3600,1400,3630.85,1412.44,1.2,0.0,33.26373550880893,-1.2,9999.0,0
143000,3600,1400,3750.88,1252.39,1.2,31.13,211.07696818933132,29.93,7.0523544333221295,0
143000,3600,1400,4078.1,1649.51,1.2,13.54,539.2910625070658,12.34,43.702679295548286,0
143000,3600,1400,3665.35,1387.46,1.2,0.0,66.54227303000692,-1.2,9999.0,0
143000,3600,1400,3523.73,1514.73,1.2,0.04,137.7682321872499,-1.16,9999.0,0
143000,3600,1400,3548.66,1452.02,1.2,0.0,73.08813857254823,-1.2,9999.0,0
143000,3600,1400,3845.08,1331.77,1.2,13.18,254.4003523975546,11.98,21.23542173602292,0
143000,3600,1400,3629.24,1420.46,1.2,0.0,35.687381523445914,-1.2,9999.0,0
143000,3600,1400,3619.13,1435.46,1.2,0.0,40.29104739269019,-1.2,9999.0,0
143000,3600,1400,3723.78,1409.24,1.2,0.0,124.12439727950364,-1.2,9999.0,0
143000,3600,1400,3661.49,1423.99,1.2,7.31,66.00409229737178,6.109999999999999,10.802633763890636,0
143000,3600,1400,3653.29,1407.08,1.2,0.0,53.75825983046694,-1.2,9999.0,0
144000,3600,1400,3640.64,1410.24,1.2,0.0,41.91022786862403,-1.2,9999.0,0
144000,3600,1400,3761.08,1404.84,1.2,22.93,161.15269777450197,21.73,7.416138875954991,0
144000,3600,1400,3416.84,1676.37,1.2,14.33,331.55386063202445,13.13,25.251626856970635,0
144000,3600,1400,3829.64,1092.88,1.2,28.58,383.4804088868164,27.38,14.005858615296436,0
144000,3600,1400,3676.71,1337.28,1.2,7.44,99.08694414502855,6.24,15.879317971959704,0
144000,3600,1400,3645.75,1333.57,1.2,0.0,80.65982519197527,-1.2,9999.0,0
144000,3600,1400,3702.03,1413.71,1.2,0.0,102.947000927662,-1.2,9999.0,0
144000,3600,1400,3537.83,1493.48,1.2,0.0,112.26584208921255,-1.2,9999.0,0
144000,3600,1400,3669.75,1381.38,1.2,0.0,72.19256817706373,-1.2,9999.0,0
144000,3600,1400,3656.14,1401.07,1.2,0.0,56.15019590348715,-1.2,9999.0,0
144000,3600,1400,3567.77,1455.06,1.2,0.0,63.799502349156256,-1.2,9999.0,0
144000,3600,1400,3810.53,975.27,1.2,6.07,474.0447803741753,4.87,97.33979063124748,0
144000,3600,1400,3709.28,1412.22,1.2,0.0,109.9611149452389,-1.2,9999.0,0
144000,3600,1400,3630.29,1332.96,1.2,0.02,73.56524790959378,-1.18,9999.0,0
144000,3600,1400,3673.03,1419.66,1.2,0.0,75.6299973555469,-1.2,9999.0,0
144000,3600,1400,3716.53,1410.73,1.2,0.0,117.02296270390715,-1.2,9999.0,0
144000,3600,1400,3813.05,967.01,1.2,3.33,482.566723469408,2.13,226.55714716873615,0
144000,3600,1400,4044.28,1340.17,1.2,8.68,448.2904720156343,7.479999999999999,59.93188128551262,0
144000,3600,1400,3671.62,1373.34,1.2,0.2,76.42107039292232,-1.0,9999.0,0
144000,3600,1400,3623.09,1335.31,1.2,0.06,68.68729285683061,-1.14,9999.0,0
144000,3600,1400,3674.15,1375.31,1.2,0.0,78.15253418795847,-1.2,9999.0,0
144000,3600,1400,3667.8,1336.48,1.2,0.0,92.90656812088164,-1.2,9999.0,0
144000,3600,1400,3462.89,1608.86,1.2,12.77,249.84325426154692,11.57,21.594058276711056,0
144000,3600,1400,3687.4,1350.26,1.2,7.85,100.56255565567145,6.65,15.122188820401721,0
144000,3600,1400,3453.4,1627.85,1.2,14.2,270.9375989042494,13.0,20.84135376186534,0
144000,3600,1400,3813.04,1342.48,1.2,12.2,220.6685115733552,11.0,20.060773779395927,0
144000,3600,1400,3706.92,1355.43,1.2,7.0,115.83769377883873,5.8,19.972016168765297,0
144000,3600,1400,3518.46,1523.0,1.2,6.12,147.57293654325645,4.92,29.99449929740985,0
144000,3600,1400,3543.36,1446.71,1.2,0.0,73.41603162797611,-1.2,9999.0,0
144000,3600,1400,3391.18,1714.56,1.2,11.05,377.5629563397342,9.85,38.3312646030187,0
144000,3600,1400,3494.76,1560.2,1.2,11.31,191.6755007819204,10.11,18.95900106646097,0
144000,3600,1400,3503.93,1412.55,1.2,8.9,96.88626011979215,7.7,12.58263118438859,0
144000,3600,1400,3627.32,1429.03,1.2,0.0,39.86380940151113,-1.2,9999.0,0
144000,3600,1400,3375.25,1738.37,1.2,3.49,406.2103142462041,2.29,177.38441670139918,0
144000,3600,1400,3549.91,1530.78,1.2,2.16,140.04433762205457,0.9600000000000002,145.87951835630682,0
144000,3600,1400,3662.76,1385.58,1.2,0.0,64.39529485917453,-1.2,9999.0,0
144000,3600,1400,3680.28,1418.17,1.2,0.0,82.3105540012946,-1.2,9999.0,0
144000,3600,1400,3641.18,1411.75,1.2,0.0,42.82353208225574,-1.2,9999.0,0
144000,3600,1400,3658.35,1420.38,1.2,0.0,61.8066897673706,-1.2,9999.0,0
144000,3600,1400,3550.66,1475.0,1.2,0.0,89.77435936836316,-1.2,9999.0,0
144000,3600,1400,3631.53,1422.8,1.2,0.0,38.90990747868736,-1.2,9999.0,0
144000,3600,1400,3665.7,1420.67,1.2,0.0,68.87480598883731,-1.2,9999.0,0
144000,3600,1400,3646.63,1376.07,1.2,0.0,52.41184789720749,-1.2,9999.0,0
144000,3600,1400,4046.08,1608.51,1.2,12.4,492.40611947862703,11.2,43.96483209630599,0
144000,3600,1400,3623.12,1435.25,1.2,0.0,42.15562714513918,-1.2,9999.0,0
144000,3600,1400,3581.34,1470.85,1.2,0.0,73.26607741649597,-1.2,9999.0,0
144000,3600,1400,3694.78,1415.19,1.2,0.0,95.98950203017016,-1.2,9999.0,0
144000,3600,1400,3546.39,1481.16,1.2,0.0,97.26755728401956,-1.2,9999.0,0
144000,3600,1400,3647.02,1408.17,1.2,0.0,47.72451466489732,-1.2,9999.0,0
144000,3600,1400,3575.04,1466.79,1.2,0.0,71.30151260667614,-1.2,9999.0,0
144000,3600,1400,3618.93,1441.47,1.2,0.0,45.58624573267683,-1.2,9999.0,0
144000,3600,1400,3641.61,1346.51,1.2,0.0,67.76851924013104,-1.2,9999.0,0
144000,3600,1400,3649.8,1382.79,1.2,0.0,52.68988612627683,-1.2,9999.0,0
144000,3600,1400,3687.53,1416.68,1.2,0.0,89.10512499289835,-1.2,9999.0,0
144000,3600,1400,3642.8,1353.92,1.2,0.0,62.89043170467197,-1.2,9999.0,0
144000,3600,1400,3645.13,1368.74,1.2,0.0,54.89903915370477,-1.2,9999.0,0
144000,3600,1400,3542.11,1487.32,1.2,0.0,104.76657148155596,-1.2,9999.0,0
144000,3600,1400,3633.55,1414.17,1.2,0.0,36.41965678037088,-1.2,9999.0,0
144000,3600,1400,3635.66,1416.73,1.2,0.0,39.38944655615245,-1.2,9999.0,0
144000,3600,1400,3614.73,1447.68,1.2,0.0,49.90345979989771,-1.2,9999.0,0
144000,3600,1400,3569.91,1467.31,1.2,0.0,73.72953410947339,-1.2,9999.0,0
144000,3600,1400,3667.15,1379.5,1.2,0.0,70.20949009927371,-1.2,9999.0,0
144000,3600,1400,3643.98,1361.33,1.2,0.0,58.56286622084004,-1.2,9999.0,0
144000,3600,1400,3704.31,1357.61,1.2,10.1,112.59435243385876,8.9,12.651050835265028,0
144000,3600,1400,3639.32,1414.35,1.2,0.0,41.856718696047,-1.2,9999.0,0
144000,3600,1400,3610.53,1453.9,1.2,0.0,54.91894846043589,-1.2,9999.0,0
144000,3600,1400,3554.94,1468.84,1.2,0.0,82.27605483978911,-1.2,9999.0,0
144000,3600,1400,3623.32,1429.24,1.2,0.0,37.40053475553536,-1.2,9999.0,0
144000,3600,1400,3660.65,1334.37,1.2,0.0,89.36285246118784,-1.2,9999.0,0
144000,3600,1400,3653.25,1333.37,1.2,0.0,85.29431047848394,-1.2,9999.0,0
144000,3600,1400,3527.76,1508.39,1.2,0.0,130.25747464157283,-1.2,9999.0,0
144000,3600,1400,3553.96,1457.33,1.2,0.0,73.52829727390666,-1.2,9999.0,0
144000,3600,1400,3630.85,1412.44,1.2,0.0,33.26373550880893,-1.2,9999.0,0
144000,3600,1400,4080.18,1660.69,1.2,12.16,546.380918865218,10.96,49.852273619089225,0
144000,3600,1400,3665.35,1387.46,1.2,0.0,66.54227303000692,-1.2,9999.0,0
144000,3600,1400,3523.73,1514.72,1.2,0.0,137.75990454410166,-1.2,9999.0,0
144000,3600,1400,3548.66,1452.02,1.2,0.0,73.08813857254823,-1.2,9999.0,0
144000,3600,1400,3832.96,1334.84,1.2,12.52,241.9011930520394,11.32,21.369363343819735,0
144000,3600,1400,3629.24,1420.46,1.2,0.0,35.687381523445914,-1.2,9999.0,0
144000,3600,1400,3619.13,1435.46,1.2,0.0,40.29104739269019,-1.2,9999.0,0
144000,3600,1400,3723.78,1409.24,1.2,0.0,124.12439727950364,-1.2,9999.0,0
144000,3600,1400,3657.63,1423.53,1.2,3.84,62.24851644818542,2.64,23.578983503100538,0
144000,3600,1400,3653.29,1407.08,1.2,0.0,53.75825983046694,-1.2,9999.0,0
145000,3600,1400,3640.64,1410.24,1.2,0.0,41.91022786862403,-1.2,9999.0,0
145000,3600,1400,3743.04,1408.55,1.2,18.43,143.29530383093507,17.23,8.316616589143068,0
145000,3600,1400,3424.75,1664.64,1.2,14.15,317.4065092275205,12.95,24.510155152704286,0
145000,3600,1400,3828.71,1064.23,1.2,28.57,406.2631622483141,27.37,14.843374579770334,0
145000,3600,1400,3679.96,1339.31,1.2,3.82,100.38365255359068,2.62,38.31437120366056,0
145000,3600,1400,3645.75,1333.57,1.2,0.0,80.65982519197527,-1.2,9999.0,0
145000,3600,1400,3702.03,1413.71,1.2,0.0,102.947000927662,-1.2,9999.0,0
145000,3600,1400,3537.83,1493.48,1.2,0.0,112.26584208921255,-1.2,9999.0,0
145000,3600,1400,3669.75,1381.38,1.2,0.0,72.19256817706373,-1.2,9999.0,0
145000,3600,1400,3656.14,1401.07,1.2,0.0,56.15019590348715,-1.2,9999.0,0
145000,3600,1400,3567.77,1455.06,1.2,0.0,63.799502349156256,-1.2,9999.0,0
145000,3600,1400,3810.14,970.47,1.2,4.8,478.1786700596336,3.6,132.8274083498982,0
145000,3600,1400,3709.28,1412.22,1.2,0.0,109.9611149452389,-1.2,9999.0,0
145000,3600,1400,3630.29,1332.96,1.2,0.0,73.56524790959378,-1.2,9999.0,0
145000,3600,1400,3673.03,1419.66,1.2,0.0,75.6299973555469,-1.2,9999.0,0
145000,3600,1400,3716.53,1410.73,1.2,0.0,117.02296270390715,-1.2,9999.0,0
145000,3600,1400,3813.51,972.42,1.2,5.46,477.92381872009696,4.26,112.18868984039835,0
145000,3600,1400,4050.1,1338.99,1.2,5.94,454.2160610326323,4.74,95.8261732136355,0
145000,3600,1400,3671.57,1373.4,1.2,0.08,76.35329004044304,-1.12,9999.0,0
145000,3600,1400,3623.15,1335.29,1.2,0.06,68.72631664799161,-1.14,9999.0,0
145000,3600,1400,3674.15,1375.31,1.2,0.0,78.15253418795847,-1.2,9999.0,0
145000,3600,1400,3667.8,1336.48,1.2,0.0,92.90656812088164,-1.2,9999.0,0
145000,3600,1400,3470.48,1597.5,1.2,13.66,236.1814565117253,12.46,18.95517307477731,0
145000,3600,1400,3683.03,1357.58,1.2,8.56,93.23860412940576,7.36,12.668288604538825,0
145000,3600,1400,3445.42,1639.7,1.2,14.29,285.2210833721799,13.09,21.789234787790672,0
145000,3600,1400,3801.05,1347.29,1.2,12.92,207.84476563050623,11.72,17.734195019667766,0
145000,3600,1400,3714.68,1359.95,1.2,8.97,121.472239215386,7.77,15.633492820512998,0
145000,3600,1400,3519.66,1521.11,1.2,2.24,145.3346059959568,1.0400000000000005,139.7448134576507,0
145000,3600,1400,3543.36,1446.71,1.2,0.0,73.41603162797611,-1.2,9999.0,0
145000,3600,1400,3398.07,1704.24,1.2,12.41,365.1543543489519,11.21,32.57398343880035,0
145000,3600,1400,3502.09,1548.7,1.2,13.64,178.03948466562125,12.44,14.311855680516178,0
145000,3600,1400,3496.49,1405.32,1.2,10.38,103.6466231963205,9.18,11.290481829664543,0
145000,3600,1400,3627.32,1429.03,1.2,0.0,39.86380940151113,-1.2,9999.0,0
145000,3600,1400,3378.58,1733.39,1.2,5.99,400.2195753583276,4.79,83.55314725643582,0
145000,3600,1400,3551.91,1527.78,1.2,3.6,136.52976415419462,2.4000000000000004,56.88740173091442,0
145000,3600,1400,3559.73,1510.2,1.2,0.0,117.32737489605744,-1.2,9999.0,0
145000,3600,1400,3662.76,1385.58,1.2,0.0,64.39529485917453,-1.2,9999.0,0
145000,3600,1400,3680.28,1418.17,1.2,0.0,82.3105540012946,-1.2,9999.0,0
145000,3600,1400,3641.18,1411.75,1.2,0.0,42.82353208225574,-1.2,9999.0,0
145000,3600,1400,3658.35,1420.38,1.2,0.0,61.8066897673706,-1.2,9999.0,0
145000,3600,1400,3550.66,1475.0,1.2,0.0,89.77435936836316,-1.2,9999.0,0
145000,3600,1400,3631.53,1422.8,1.2,0.0,38.90990747868736,-1.2,9999.0,0
145000,3600,1400,3665.7,1420.67,1.2,0.0,68.87480598883731,-1.2,9999.0,0
145000,3600,1400,3646.63,1376.07,1.2,0.0,52.41184789720749,-1.2,9999.0,0
145000,3600,1400,4033.54,1608.93,1.2,12.55,481.25739111207423,11.35,42.40153225657042,0
145000,3600,1400,3623.12,1435.25,1.2,0.0,42.15562714513918,-1.2,9999.0,0
145000,3600,1400,3581.34,1470.85,1.2,0.0,73.26607741649597,-1.2,9999.0,0
145000,3600,1400,3694.78,1415.19,1.2,0.0,95.98950203017016,-1.2,9999.0,0
145000,3600,1400,3546.39,1481.16,1.2,0.0,97.26755728401956,-1.2,9999.0,0
145000,3600,1400,3647.02,1408.17,1.2,0.0,47.72451466489732,-1.2,9999.0,0
145000,3600,1400,3575.04,1466.79,1.2,0.0,71.30151260667614,-1.2,9999.0,0
145000,3600,1400,3618.93,1441.47,1.2,0.0,45.58624573267683,-1.2,9999.0,0
145000,3600,1400,3641.61,1346.51,1.2,0.0,67.76851924013104,-1.2,9999.0,0
145000,3600,1400,3649.8,1382.79,1.2,0.0,52.68988612627683,-1.2,9999.0,0
145000,3600,1400,3687.53,1416.68,1.2,0.0,89.10512499289835,-1.2,9999.0,0
145000,3600,1400,3642.8,1353.92,1.2,0.0,62.89043170467197,-1.2,9999.0,0
145000,3600,1400,3645.13,1368.74,1.2,0.0,54.89903915370477,-1.2,9999.0,0
145000,3600,1400,3542.11,1487.32,1.2,0.0,104.76657148155596,-1.2,9999.0,0
145000,3600,1400,3633.55,1414.17,1.2,0.0,36.41965678037088,-1.2,9999.0,0
145000,3600,1400,3635.66,1416.73,1.2,0.0,39.38944655615245,-1.2,9999.0,0
145000,3600,1400,3614.73,1447.68,1.2,0.0,49.90345979989771,-1.2,9999.0,0
145000,3600,1400,3569.91,1467.31,1.2,0.0,73.72953410947339,-1.2,9999.0,0
145000,3600,1400,3667.15,1379.5,1.2,0.0,70.20949009927371,-1.2,9999.0,0
145000,3600,1400,3643.98,1361.33,1.2,0.0,58.56286622084004,-1.2,9999.0,0
145000,3600,1400,3698.96,1354.5,1.2,6.18,108.9189221393602,4.98,21.871269505895622,0
145000,3600,1400,3639.32,1414.35,1.2,0.0,41.856718696047,-1.2,9999.0,0
145000,3600,1400,3610.53,1453.9,1.2,0.0,54.91894846043589,-1.2,9999.0,0
145000,3600,1400,3554.94,1468.84,1.2,0.0,82.27605483978911,-1.2,9999.0,0
145000,3600,1400,3623.32,1429.24,1.2,0.0,37.40053475553536,-1.2,9999.0,0
145000,3600,1400,3660.65,1334.37,1.2,0.0,89.36285246118784,-1.2,9999.0,0
145000,3600,1400,3653.25,1333.37,1.2,0.0,85.29431047848394,-1.2,9999.0,0
145000,3600,1400,3527.76,1508.39,1.2,0.0,130.25747464157283,-1.2,9999.0,0
145000,3600,1400,3553.96,1457.33,1.2,0.0,73.52829727390666,-1.2,9999.0,0
145000,3600,1400,3630.85,1412.44,1.2,0.0,33.26373550880893,-1.2,9999.0,0
145000,3600,1400,4086.27,1666.37,1.2,8.35,554.4470126170759,7.15,77.54503672966095,0
145000,3600,1400,3665.35,1387.46,1.2,0.0,66.54227303000692,-1.2,9999.0,0
145000,3600,1400,3523.73,1514.72,1.2,0.0,137.75990454410166,-1.2,9999.0,0
145000,3600,1400,3548.66,1452.02,1.2,0.0,73.08813857254823,-1.2,9999.0,0
145000,3600,1400,3821.79,1339.12,1.2,11.96,229.9938662225582,10.760000000000002,21.374894630349274,0
145000,3600,1400,3629.24,1420.46,1.2,0.0,35.687381523445914,-1.2,9999.0,0
145000,3600,1400,3619.13,1435.46,1.2,0.0,40.29104739269019,-1.2,9999.0,0
145000,3600,1400,3723.78,1409.24,1.2,0.0,124.12439727950364,-1.2,9999.0,0
145000,3600,1400,3651.84,1423.46,1.2,5.8,56.901293482661856,4.6,12.369846409274318,0
145000,3600,1400,3653.29,1407.08,1.2,0.0,53.75825983046694,-1.2,9999.0,0
146000,3600,1400,3640.64,1410.24,1.2,0.0,41.91022786862403,-1.2,9999.0,0
146000,3600,1400,3729.31,1411.37,1.2,13.93,129.80890955554625,12.73,10.197086375141103,0
146000,3600,1400,3432.52,1653.11,1.2,13.91,303.5032495707418,12.71,23.87909123294585,0
146000,3600,1400,3824.14,1039.66,1.2,24.94,424.3626458584684,23.74,17.87542737398772,0
146000,3600,1400,3685.32,1340.82,1.2,5.72,103.83532539555137,4.52,22.972417122909597,0
146000,3600,1400,3645.75,1333.57,1.2,0.0,80.65982519197527,-1.2,9999.0,0
146000,3600,1400,3702.03,1413.71,1.2,0.0,102.947000927662,-1.2,9999.0,0
146000,3600,1400,3537.83,1493.48,1.2,0.0,112.26584208921255,-1.2,9999.0,0
146000,3600,1400,3669.75,1381.38,1.2,0.0,72.19256817706373,-1.2,9999.0,0
146000,3600,1400,3656.14,1401.07,1.2,0.0,56.15019590348715,-1.2,9999.0,0
146000,3600,1400,3567.77,1455.06,1.2,0.0,63.799502349156256,-1.2,9999.0,0
146000,3600,1400,3810.19,966.49,1.2,4.07,481.77874195526726,2.87,167.86715747570287,0
146000,3600,1400,3709.28,1412.22,1.2,0.0,109.9611149452389,-1.2,9999.0,0
146000,3600,1400,3630.29,1332.96,1.2,0.0,73.56524790959378,-1.2,9999.0,0
146000,3600,1400,3673.03,1419.66,1.2,0.0,75.6299973555469,-1.2,9999.0,0
146000,3600,1400,3716.53,1410.73,1.2,0.0,117.02296270390715,-1.2,9999.0,0
146000,3600,1400,3814.18,979.26,1.2,6.9,472.1178030957951,5.7,82.82768475364827,0
146000,3600,1400,4051.87,1340.8,1.2,2.95,455.7314306694239,1.7500000000000002,260.4179603825279,0
146000,3600,1400,3671.56,1373.42,1.2,0.03,76.33695042376259,-1.17,9999.0,0
146000,3600,1400,3623.16,1335.28,1.2,0.01,68.73910095426035,-1.19,9999.0,0
146000,3600,1400,3674.15,1375.31,1.2,0.0,78.15253418795847,-1.2,9999.0,0
146000,3600,1400,3667.8,1336.48,1.2,0.0,92.90656812088164,-1.2,9999.0,0
146000,3600,1400,3478.11,1585.93,1.2,13.86,222.3221468949956,12.66,17.560991065955417,0
146000,3600,1400,3678.51,1363.82,1.2,7.71,86.4454307641534,6.51,13.27886801292679,0
146000,3600,1400,3437.64,1651.23,1.2,13.91,299.1275355095215,12.71,23.53481790004103,0
146000,3600,1400,3789.47,1352.56,1.2,12.72,195.31880221832185,11.52,16.954757137007107,0
146000,3600,1400,3723.93,1365.34,1.2,10.71,128.68551006232195,9.510000000000002,13.531599375638478,0
146000,3600,1400,3519.69,1521.06,1.2,0.06,145.2763563006726,-1.14,9999.0,0
146000,3600,1400,3543.36,1446.71,1.2,0.0,73.41603162797611,-1.2,9999.0,0
146000,3600,1400,3405.22,1693.6,1.2,12.82,352.335363538774,11.62,30.32145985703735,0
146000,3600,1400,3508.67,1538.37,1.2,12.24,165.7933225434606,11.04,15.017511099951141,0
146000,3600,1400,3487.94,1397.02,1.2,11.92,112.0996164132598,10.72,10.457053769893637,0
146000,3600,1400,3627.32,1429.03,1.2,0.0,39.86380940151113,-1.2,9999.0,0
146000,3600,1400,3383.07,1726.68,1.2,8.07,392.1459515282543,6.87,57.080924531041376,0
146000,3600,1400,3554.9,1523.29,1.2,5.39,131.2799836227899,4.19,31.33173833479472,0
146000,3600,1400,3748.28,1407.47,1.2,0.0,148.46804134223655,-1.2,9999.0,0
146000,3600,1400,3563.75,1509.91,1.2,2.46,115.73361914327236,1.26,91.8520786851368,0
146000,3600,1400,3703.23,1353.28,1.2,0.0,113.31015532599012,-1.2,9999.0,0
146000,3600,1400,3662.76,1385.58,1.2,0.0,64.39529485917453,-1.2,9999.0,0
146000,3600,1400,3680.28,1418.17,1.2,0.0,82.3105540012946,-1.2,9999.0,0
146000,3600,1400,3641.18,1411.75,1.2,0.0,42.82353208225574,-1.2,9999.0,0
146000,3600,1400,3658.35,1420.38,1.2,0.0,61.8066897673706,-1.2,9999.0,0
146000,3600,1400,3550.66,1475.0,1.2,0.0,89.77435936836316,-1.2,9999.0,0
146000,3600,1400,3631.53,1422.8,1.2,0.0,38.90990747868736,-1.2,9999.0,0
146000,3600,1400,3665.7,1420.67,1.2,0.0,68.87480598883731,-1.2,9999.0,0
146000,3600,1400,3646.63,1376.07,1.2,0.0,52.41184789720749,-1.2,9999.0,0
146000,3600,1400,4020.9,1610.05,1.2,12.69,470.40175648056425,11.49,40.940100651049974,0
146000,3600,1400,3623.12,1435.25,1.2,0.0,42.15562714513918,-1.2,9999.0,0
146000,3600,1400,3581.34,1470.85,1.2,0.0,73.26607741649597,-1.2,9999.0,0
146000,3600,1400,3694.78,1415.19,1.2,0.0,95.98950203017016,-1.2,9999.0,0
146000,3600,1400,3546.39,1481.16,1.2,0.0,97.26755728401956,-1.2,9999.0,0
146000,3600,1400,3647.02,1408.17,1.2,0.0,47.72451466489732,-1.2,9999.0,0
146000,3600,1400,3575.04,1466.79,1.2,0.0,71.30151260667614,-1.2,9999.0,0
146000,3600,1400,3618.93,1441.47,1.2,0.0,45.58624573267683,-1.2,9999.0,0
146000,3600,1400,3641.61,1346.51,1.2,0.0,67.76851924013104,-1.2,9999.0,0
146000,3600,1400,3649.8,1382.79,1.2,0.0,52.68988612627683,-1.2,9999.0,0
146000,3600,1400,3687.53,1416.68,1.2,0.0,89.10512499289835,-1.2,9999.0,0
146000,3600,1400,3642.8,1353.92,1.2,0.0,62.89043170467197,-1.2,9999.0,0
146000,3600,1400,3645.13,1368.74,1.2,0.0,54.89903915370477,-1.2,9999.0,0
146000,3600,1400,3542.11,1487.32,1.2,0.0,104.76657148155596,-1.2,9999.0,0
146000,3600,1400,3633.55,1414.17,1.2,0.0,36.41965678037088,-1.2,9999.0,0
146000,3600,1400,3635.66,1416.73,1.2,0.0,39.38944655615245,-1.2,9999.0,0
146000,3600,1400,3614.73,1447.68,1.2,0.0,49.90345979989771,-1.2,9999.0,0
146000,3600,1400,3569.91,1467.31,1.2,0.0,73.72953410947339,-1.2,9999.0,0
146000,3600,1400,3667.15,1379.5,1.2,0.0,70.20949009927371,-1.2,9999.0,0
146000,3600,1400,3643.98,1361.33,1.2,0.0,58.56286622084004,-1.2,9999.0,0
146000,3600,1400,3693.24,1352.54,1.2,6.18,104.62384623019727,4.98,21.008804463895032,0
146000,3600,1400,3639.32,1414.35,1.2,0.0,41.856718696047,-1.2,9999.0,0
146000,3600,1400,3610.53,1453.9,1.2,0.0,54.91894846043589,-1.2,9999.0,0
146000,3600,1400,3554.94,1468.84,1.2,0.0,82.27605483978911,-1.2,9999.0,0
146000,3600,1400,3623.32,1429.24,1.2,0.0,37.40053475553536,-1.2,9999.0,0
146000,3600,1400,3660.65,1334.37,1.2,0.0,89.36285246118784,-1.2,9999.0,0
146000,3600,1400,3653.25,1333.37,1.2,0.0,85.29431047848394,-1.2,9999.0,0
146000,3600,1400,3527.76,1508.39,1.2,0.0,130.25747464157283,-1.2,9999.0,0
146000,3600,1400,3553.96,1457.33,1.2,0.0,73.52829727390666,-1.2,9999.0,0
146000,3600,1400,3630.85,1412.44,1.2,0.0,33.26373550880893,-1.2,9999.0,0
146000,3600,1400,4090.67,1669.09,1.2,5.17,559.6127920267728,3.97,140.96040101430046,0
146000,3600,1400,3665.35,1387.46,1.2,0.0,66.54227303000692,-1.2,9999.0,0
146000,3600,1400,3523.73,1514.72,1.2,0.0,137.75990454410166,-1.2,9999.0,0
146000,3600,1400,3548.66,1452.02,1.2,0.0,73.08813857254823,-1.2,9999.0,0
146000,3600,1400,3809.63,1343.79,1.2,13.03,217.03525289685092,11.83,18.34617522374057,0
146000,3600,1400,3629.24,1420.46,1.2,0.0,35.687381523445914,-1.2,9999.0,0
146000,3600,1400,3619.13,1435.46,1.2,0.0,40.29104739269019,-1.2,9999.0,0
146000,3600,1400,3723.78,1409.24,1.2,0.0,124.12439727950364,-1.2,9999.0,0
146000,3600,1400,3645.66,1427.14,1.2,7.47,53.11699539695362,6.27,8.471610111156878,0
146000,3600,1400,3653.29,1407.08,1.2,0.0,53.75825983046694,-1.2,9999.0,0
147000,3600,1400,3640.64,1410.24,1.2,0.0,41.91022786862403,-1.2,9999.0,0
147000,3600,1400,3713.23,1414.68,1.2,16.2,114.1776479876863,15.0,7.611843199179087,0
147000,3600,1400,3440.27,1641.61,1.2,13.86,289.6360906378899,12.66,22.87804823364059,0
147000,3600,1400,3819.51,1018.53,1.2,21.55,440.11816708697694,20.35,21.627428358082405,0
147000,3600,1400,3689.33,1337.31,1.2,5.44,109.13241956449052,4.24,25.73877819917229,0
147000,3600,1400,3645.75,1333.57,1.2,0.0,80.65982519197527,-1.2,9999.0,0
147000,3600,1400,3702.03,1413.71,1.2,0.0,102.947000927662,-1.2,9999.0,0
147000,3600,1400,3537.83,1493.48,1.2,0.0,112.26584208921255,-1.2,9999.0,0
147000,3600,1400,3669.75,1381.38,1.2,0.0,72.19256817706373,-1.2,9999.0,0
147000,3600,1400,3656.14,1401.07,1.2,0.0,56.15019590348715,-1.2,9999.0,0
147000,3600,1400,3567.77,1455.06,1.2,0.0,63.799502349156256,-1.2,9999.0,0
147000,3600,1400,3812.54,966.19,1.2,3.17,483.078014092962,1.97,245.21726603703655,0
147000,3600,1400,3709.28,1412.22,1.2,0.0,109.9611149452389,-1.2,9999.0,0
147000,3600,1400,3630.29,1332.96,1.2,0.0,73.56524790959378,-1.2,9999.0,0
147000,3600,1400,3673.03,1419.66,1.2,0.0,75.6299973555469,-1.2,9999.0,0
147000,3600,1400,3716.53,1410.73,1.2,0.0,117.02296270390715,-1.2,9999.0,0
147000,3600,1400,3816.03,987.69,1.2,8.66,465.4766342148659,7.46,62.39633166419114,0
147000,3600,1400,4048.89,1342.5,1.2,3.67,452.5577113474036,2.47,183.22174548477878,0
147000,3600,1400,3671.55,1373.43,1.2,0.01,76.32409449184459,-1.19,9999.0,0
147000,3600,1400,3623.16,1335.28,1.2,0.0,68.73910095426035,-1.2,9999.0,0
147000,3600,1400,3674.15,1375.31,1.2,0.0,78.15253418795847,-1.2,9999.0,0
147000,3600,1400,3667.8,1336.48,1.2,0.0,92.90656812088164,-1.2,9999.0,0
147000,3600,1400,3485.38,1574.91,1.2,13.2,209.12018673480569,12.0,17.426682227900475,0
147000,3600,1400,3676.11,1367.13,1.2,4.09,82.90457767819586,2.89,28.686705078960504,0
147000,3600,1400,3429.67,1663.05,1.2,14.25,313.38093656124005,13.05,24.013864870593107,0
147000,3600,1400,3777.51,1358.0,1.2,13.15,182.41107449932989,11.95,15.264525062705431,0
147000,3600,1400,3735.9,1366.84,1.2,12.67,139.88708160512903,11.47,12.195909468625024,0
147000,3600,1400,3519.7,1521.05,1.2,0.01,145.2624951596248,-1.19,9999.0,0
147000,3600,1400,3543.36,1446.71,1.2,0.0,73.41603162797611,-1.2,9999.0,0
147000,3600,1400,3412.48,1682.84,1.2,12.98,339.3555893159857,11.78,28.807774984379094,0
147000,3600,1400,3513.34,1531.04,1.2,8.69,157.1032692212354,7.489999999999999,20.97506932192729,0
147000,3600,1400,3478.61,1387.97,1.2,13.0,121.98464247600994,11.8,10.337681565763553,0
147000,3600,1400,3627.32,1429.03,1.2,0.0,39.86380940151113,-1.2,9999.0,0
147000,3600,1400,3388.72,1718.23,1.2,10.17,381.981113800146,8.97,42.58429362320468,0
147000,3600,1400,3558.04,1518.56,1.2,5.69,125.76611308297632,4.49,28.010270174382253,0
147000,3600,1400,3745.79,1404.72,1.2,1.88,145.86638577821824,0.6799999999999999,214.50939085032095,0
147000,3600,1400,3565.91,1506.64,1.2,3.91,111.95632050045243,2.71,41.31229538762083,0
147000,3600,1400,3705.16,1354.4,1.2,2.23,114.62105216756632,1.03,111.2825749199673,0
147000,3600,1400,3546.05,1530.8,1.2,0.0,141.4893723924167,-1.2,9999.0,0
147000,3600,1400,3662.76,1385.58,1.2,0.0,64.39529485917453,-1.2,9999.0,0
147000,3600,1400,3680.28,1418.17,1.2,0.0,82.3105540012946,-1.2,9999.0,0
147000,3600,1400,3641.18,1411.75,1.2,0.0,42.82353208225574,-1.2,9999.0,0
147000,3600,1400,3658.35,1420.38,1.2,0.0,61.8066897673706,-1.2,9999.0,0
147000,3600,1400,3550.66,1475.0,1.2,0.0,89.77435936836316,-1.2,9999.0,0
147000,3600,1400,3631.53,1422.8,1.2,0.0,38.90990747868736,-1.2,9999.0,0
147000,3600,1400,3665.7,1420.67,1.2,0.0,68.87480598883731,-1.2,9999.0,0
147000,3600,1400,3646.63,1376.07,1.2,0.0,52.41184789720749,-1.2,9999.0,0
147000,3600,1400,4008.57,1612.97,1.2,12.69,460.7446861332208,11.49,40.09962455467544,0
147000,3600,1400,3623.12,1435.25,1.2,0.0,42.15562714513918,-1.2,9999.0,0
147000,3600,1400,3581.34,1470.85,1.2,0.0,73.26607741649597,-1.2,9999.0,0
147000,3600,1400,3694.78,1415.19,1.2,0.0,95.98950203017016,-1.2,9999.0,0
147000,3600,1400,3546.39,1481.16,1.2,0.0,97.26755728401956,-1.2,9999.0,0
147000,3600,1400,3647.02,1408.17,1.2,0.0,47.72451466489732,-1.2,9999.0,0
147000,3600,1400,3575.04,1466.79,1.2,0.0,71.30151260667614,-1.2,9999.0,0
147000,3600,1400,3618.93,1441.47,1.2,0.0,45.58624573267683,-1.2,9999.0,0
147000,3600,1400,3641.61,1346.51,1.2,0.0,67.76851924013104,-1.2,9999.0,0
147000,3600,1400,3649.8,1382.79,1.2,0.0,52.68988612627683,-1.2,9999.0,0
147000,3600,1400,3687.53,1416.68,1.2,0.0,89.10512499289835,-1.2,9999.0,0
147000,3600,1400,3642.8,1353.92,1.2,0.0,62.89043170467197,-1.2,9999.0,0
147000,3600,1400,3645.13,1368.74,1.2,0.0,54.89903915370477,-1.2,9999.0,0
147000,3600,1400,3542.11,1487.32,1.2,0.0,104.76657148155596,-1.2,9999.0,0
147000,3600,1400,3633.55,1414.17,1.2,0.0,36.41965678037088,-1.2,9999.0,0
147000,3600,1400,3635.66,1416.73,1.2,0.0,39.38944655615245,-1.2,9999.0,0
147000,3600,1400,3614.73,1447.68,1.2,0.0,49.90345979989771,-1.2,9999.0,0
147000,3600,1400,3569.91,1467.31,1.2,0.0,73.72953410947339,-1.2,9999.0,0
147000,3600,1400,3667.15,1379.5,1.2,0.0,70.20949009927371,-1.2,9999.0,0
147000,3600,1400,3643.98,1361.33,1.2,0.0,58.56286622084004,-1.2,9999.0,0
147000,3600,1400,3688.27,1355.81,1.2,6.17,98.71346919240555,4.97,19.861865028653032,0
147000,3600,1400,3639.32,1414.35,1.2,0.0,41.856718696047,-1.2,9999.0,0
147000,3600,1400,3610.53,1453.9,1.2,0.0,54.91894846043589,-1.2,9999.0,0
147000,3600,1400,3554.94,1468.84,1.2,0.0,82.27605483978911,-1.2,9999.0,0
147000,3600,1400,3623.32,1429.24,1.2,0.0,37.40053475553536,-1.2,9999.0,0
147000,3600,1400,3660.65,1334.37,1.2,0.0,89.36285246118784,-1.2,9999.0,0
147000,3600,1400,3653.25,1333.37,1.2,0.0,85.29431047848394,-1.2,9999.0,0
147000,3600,1400,3527.76,1508.39,1.2,0.0,130.25747464157283,-1.2,9999.0,0
147000,3600,1400,3553.96,1457.33,1.2,0.0,73.52829727390666,-1.2,9999.0,0
147000,3600,1400,3630.85,1412.44,1.2,0.0,33.26373550880893,-1.2,9999.0,0
147000,3600,1400,4091.64,1671.07,1.2,2.35,561.4168099549565,1.15,488.1885303956144,0
147000,3600,1400,3665.35,1387.46,1.2,0.0,66.54227303000692,-1.2,9999.0,0
147000,3600,1400,3523.73,1514.72,1.2,0.0,137.75990454410166,-1.2,9999.0,0
147000,3600,1400,3548.66,1452.02,1.2,0.0,73.08813857254823,-1.2,9999.0,0
147000,3600,1400,3798.28,1348.55,1.2,12.32,204.8464324805294,11.12,18.42144176983178,0
147000,3600,1400,3629.24,1420.46,1.2,0.0,35.687381523445914,-1.2,9999.0,0
147000,3600,1400,3619.13,1435.46,1.2,0.0,40.29104739269019,-1.2,9999.0,0
147000,3600,1400,3723.78,1409.24,1.2,0.0,124.12439727950364,-1.2,9999.0,0
147000,3600,1400,3640.52,1434.34,1.2,9.04,53.11408476101224,7.839999999999999,6.774755709312787,0
147000,3600,1400,3653.29,1407.08,1.2,0.0,53.75825983046694,-1.2,9999.0,0
148000,3600,1400,3640.64,1410.24,1.2,0.0,41.91022786862403,-1.2,9999.0,0
148000,3600,1400,3695.26,1418.37,1.2,18.11,97.01507357106956,16.91,5.737142139034273,0
148000,3600,1400,3448.25,1629.79,1.2,14.26,275.37521057640606,13.06,21.085391315191888,0
148000,3600,1400,3815.58,1000.64,1.2,18.24,453.8316273685649,17.04,26.63331146529137,0
148000,3600,1400,3693.55,1330.84,1.2,7.72,116.33876439089444,6.52,17.843368771609576,0
148000,3600,1400,3645.75,1333.57,1.2,0.0,80.65982519197527,-1.2,9999.0,0
148000,3600,1400,3702.03,1413.71,1.2,0.0,102.947000927662,-1.2,9999.0,0
148000,3600,1400,3537.83,1493.48,1.2,0.0,112.26584208921255,-1.2,9999.0,0
148000,3600,1400,3669.75,1381.38,1.2,0.0,72.19256817706373,-1.2,9999.0,0
148000,3600,1400,3656.14,1401.07,1.2,0.0,56.15019590348715,-1.2,9999.0,0
148000,3600,1400,3567.77,1455.06,1.2,0.0,63.799502349156256,-1.2,9999.0,0
148000,3600,1400,3813.28,969.71,1.2,3.71,480.24768869823833,2.51,191.33374051722643,0
148000,3600,1400,3709.28,1412.22,1.2,0.0,109.9611149452389,-1.2,9999.0,0
148000,3600,1400,3630.29,1332.96,1.2,0.0,73.56524790959378,-1.2,9999.0,0
148000,3600,1400,3673.03,1419.66,1.2,0.0,75.6299973555469,-1.2,9999.0,0
148000,3600,1400,3716.53,1410.73,1.2,0.0,117.02296270390715,-1.2,9999.0,0
148000,3600,1400,3818.37,998.39,1.2,11.0,457.1389821487553,9.8,46.64683491313829,0
148000,3600,1400,4043.84,1343.53,1.2,5.15,447.4179326982773,3.95,113.27036270842463,0
148000,3600,1400,3671.55,1373.43,1.2,0.0,76.32409449184459,-1.2,9999.0,0
148000,3600,1400,3623.16,1335.28,1.2,0.0,68.73910095426035,-1.2,9999.0,0
148000,3600,1400,3674.15,1375.31,1.2,0.0,78.15253418795847,-1.2,9999.0,0
148000,3600,1400,3667.8,1336.48,1.2,0.0,92.90656812088164,-1.2,9999.0,0
148000,3600,1400,3492.63,1563.56,1.2,13.47,195.65324045361464,12.27,15.94565936867275,0
148000,3600,1400,3675.95,1367.35,1.2,0.27,82.67058122452012,-0.93,9999.0,0
148000,3600,1400,3421.8,1674.73,1.2,14.09,327.4626893250588,12.89,25.40439793057089,0
148000,3600,1400,3765.99,1363.24,1.2,12.66,170.01169871511763,11.46,14.83522676397187,0
148000,3600,1400,3749.97,1365.05,1.2,14.19,153.98864698412004,12.99,11.854399305936877,0
148000,3600,1400,3519.7,1521.05,1.2,0.0,145.2624951596248,-1.2,9999.0,0
148000,3600,1400,3543.36,1446.71,1.2,0.0,73.41603162797611,-1.2,9999.0,0
148000,3600,1400,3420.0,1671.68,1.2,13.46,325.8987916516415,12.260000000000002,26.58228316897565,0
148000,3600,1400,3515.58,1527.51,1.2,4.19,152.92330267163342,2.99,51.14491728148275,0
148000,3600,1400,3470.58,1380.17,1.2,11.2,130.93038341042163,10.0,13.093038341042163,0
148000,3600,1400,3627.32,1429.03,1.2,0.0,39.86380940151113,-1.2,9999.0,0
148000,3600,1400,3395.29,1708.41,1.2,11.81,370.1660603026702,10.61,34.88841284662302,0
148000,3600,1400,3561.09,1513.95,1.2,5.53,120.41009343074192,4.33,27.808335665298365,0
148000,3600,1400,3745.19,1404.84,1.2,0.62,145.27064982301144,-0.58,9999.0,0
148000,3600,1400,3569.48,1501.22,1.2,6.49,105.72113695945576,5.29,19.985092052827177,0
148000,3600,1400,3708.42,1356.3,1.2,3.78,116.89562181707242,2.58,45.308380549252874,0
148000,3600,1400,3550.07,1530.54,1.2,2.45,139.76300118414736,1.2500000000000002,111.81040094731786,0
148000,3600,1400,3844.99,1328.51,1.2,0.0,255.20760215949664,-1.2,9999.0,0
148000,3600,1400,3662.76,1385.58,1.2,0.0,64.39529485917453,-1.2,9999.0,0
148000,3600,1400,3680.28,1418.17,1.2,0.0,82.3105540012946,-1.2,9999.0,0
148000,3600,1400,3641.18,1411.75,1.2,0.0,42.82353208225574,-1.2,9999.0,0
148000,3600,1400,3658.35,1420.38,1.2,0.0,61.8066897673706,-1.2,9999.0,0
148000,3600,1400,3550.66,1475.0,1.2,0.0,89.77435936836316,-1.2,9999.0,0
148000,3600,1400,3631.53,1422.8,1.2,0.0,38.90990747868736,-1.2,9999.0,0
148000,3600,1400,3665.7,1420.67,1.2,0.0,68.87480598883731,-1.2,9999.0,0
148000,3600,1400,3646.63,1376.07,1.2,0.0,52.41184789720749,-1.2,9999.0,0
148000,3600,1400,3996.46,1616.89,1.2,12.75,451.9090657422133,11.55,39.12632603828686,0
148000,3600,1400,3623.12,1435.25,1.2,0.0,42.15562714513918,-1.2,9999.0,0
148000,3600,1400,3581.34,1470.85,1.2,0.0,73.26607741649597,-1.2,9999.0,0
148000,3600,1400,3694.78,1415.19,1.2,0.0,95.98950203017016,-1.2,9999.0,0
148000,3600,1400,3546.39,1481.16,1.2,0.0,97.26755728401956,-1.2,9999.0,0
148000,3600,1400,3647.02,1408.17,1.2,0.0,47.72451466489732,-1.2,9999.0,0
148000,3600,1400,3575.04,1466.79,1.2,0.0,71.30151260667614,-1.2,9999.0,0
148000,3600,1400,3618.93,1441.47,1.2,0.0,45.58624573267683,-1.2,9999.0,0
148000,3600,1400,3641.61,1346.51,1.2,0.0,67.76851924013104,-1.2,9999.0,0
148000,3600,1400,3649.8,1382.79,1.2,0.0,52.68988612627683,-1.2,9999.0,0
148000,3600,1400,3687.53,1416.68,1.2,0.0,89.10512499289835,-1.2,9999.0,0
148000,3600,1400,3642.8,1353.92,1.2,0.0,62.89043170467197,-1.2,9999.0,0
148000,3600,1400,3645.13,1368.74,1.2,0.0,54.89903915370477,-1.2,9999.0,0
148000,3600,1400,3542.11,1487.32,1.2,0.0,104.76657148155596,-1.2,9999.0,0
148000,3600,1400,3633.55,1414.17,1.2,0.0,36.41965678037088,-1.2,9999.0,0
148000,3600,1400,3635.66,1416.73,1.2,0.0,39.38944655615245,-1.2,9999.0,0
148000,3600,1400,3614.73,1447.68,1.2,0.0,49.90345979989771,-1.2,9999.0,0
148000,3600,1400,3569.91,1467.31,1.2,0.0,73.72953410947339,-1.2,9999.0,0
148000,3600,1400,3667.15,1379.5,1.2,0.0,70.20949009927371,-1.2,9999.0,0
148000,3600,1400,3643.98,1361.33,1.2,0.0,58.56286622084004,-1.2,9999.0,0
148000,3600,1400,3683.76,1362.04,1.2,7.69,91.96031317911026,6.49,14.169539781064755,0
148000,3600,1400,3639.32,1414.35,1.2,0.0,41.856718696047,-1.2,9999.0,0
148000,3600,1400,3610.53,1453.9,1.2,0.0,54.91894846043589,-1.2,9999.0,0
148000,3600,1400,3554.94,1468.84,1.2,0.0,82.27605483978911,-1.2,9999.0,0
148000,3600,1400,3623.32,1429.24,1.2,0.0,37.40053475553536,-1.2,9999.0,0
148000,3600,1400,3660.65,1334.37,1.2,0.0,89.36285246118784,-1.2,9999.0,0
148000,3600,1400,3653.25,1333.37,1.2,0.0,85.29431047848394,-1.2,9999.0,0
148000,3600,1400,3527.76,1508.39,1.2,0.0,130.25747464157283,-1.2,9999.0,0
148000,3600,1400,3553.96,1457.33,1.2,0.0,73.52829727390666,-1.2,9999.0,0
148000,3600,1400,3630.85,1412.44,1.2,0.0,33.26373550880893,-1.2,9999.0,0
148000,3600,1400,4089.22,1671.95,1.2,3.02,559.7258354766196,1.82,307.5416678442965,0
148000,3600,1400,3665.35,1387.46,1.2,0.0,66.54227303000692,-1.2,9999.0,0
148000,3600,1400,3523.73,1514.72,1.2,0.0,137.75990454410166,-1.2,9999.0,0
148000,3600,1400,3548.66,1452.02,1.2,0.0,73.08813857254823,-1.2,9999.0,0
148000,3600,1400,3785.89,1354.18,1.2,13.61,191.4538181912284,12.41,15.427382610090927,0
148000,3600,1400,3629.24,1420.46,1.2,0.0,35.687381523445914,-1.2,9999.0,0
148000,3600,1400,3619.13,1435.46,1.2,0.0,40.29104739269019,-1.2,9999.0,0
148000,3600,1400,3723.78,1409.24,1.2,0.0,124.12439727950364,-1.2,9999.0,0
148000,3600,1400,3634.64,1443.06,1.2,10.53,55.263850752548784,9.33,5.923242310026665,0
148000,3600,1400,3653.29,1407.08,1.2,0.0,53.75825983046694,-1.2,9999.0,0
149000,3600,1400,3640.64,1410.24,1.2,0.0,41.91022786862403,-1.2,9999.0,0
149000,3600,1400,3681.75,1421.14,1.2,13.61,84.43910290854589,12.41,6.804117881429967,0
149000,3600,1400,3456.36,1618.18,1.2,14.16,261.21822677600426,12.96,20.155727374691686,0
149000,3600,1400,3812.37,986.0,1.2,14.93,465.2923993576512,13.73,33.88873993864903,0
149000,3600,1400,3698.76,1322.86,1.2,9.53,125.31606920104085,8.33,15.043945882477892,0
149000,3600,1400,3645.75,1333.57,1.2,0.0,80.65982519197527,-1.2,9999.0,0
149000,3600,1400,3702.03,1413.71,1.2,0.0,102.947000927662,-1.2,9999.0,0
149000,3600,1400,3537.83,1493.48,1.2,0.0,112.26584208921255,-1.2,9999.0,0
149000,3600,1400,3669.75,1381.38,1.2,0.0,72.19256817706373,-1.2,9999.0,0
149000,3600,1400,3656.14,1401.07,1.2,0.0,56.15019590348715,-1.2,9999.0,0
149000,3600,1400,3567.77,1455.06,1.2,0.0,63.799502349156256,-1.2,9999.0,0
149000,3600,1400,3813.75,975.36,1.2,5.69,475.403188988042,4.49,105.88044298174654,0
149000,3600,1400,3709.28,1412.22,1.2,0.0,109.9611149452389,-1.2,9999.0,0
149000,3600,1400,3630.29,1332.96,1.2,0.0,73.56524790959378,-1.2,9999.0,0
149000,3600,1400,3673.03,1419.66,1.2,0.0,75.6299973555469,-1.2,9999.0,0
149000,3600,1400,3716.53,1410.73,1.2,0.0,117.02296270390715,-1.2,9999.0,0
149000,3600,1400,3821.26,1011.53,1.2,13.51,447.0625554662346,12.31,36.31702318978348,0
149000,3600,1400,4036.52,1345.02,1.2,7.46,439.9687611637899,6.26,70.28254970667571,0
149000,3600,1400,3671.55,1373.43,1.2,0.0,76.32409449184459,-1.2,9999.0,0
149000,3600,1400,3623.16,1335.28,1.2,0.0,68.73910095426035,-1.2,9999.0,0
149000,3600,1400,3674.15,1375.31,1.2,0.0,78.15253418795847,-1.2,9999.0,0
149000,3600,1400,3667.8,1336.48,1.2,0.0,92.90656812088164,-1.2,9999.0,0
149000,3600,1400,3499.99,1552.0,1.2,13.71,181.95054300551027,12.510000000000002,14.544407914109533,0
149000,3600,1400,3675.95,1367.36,1.2,0.01,82.66663232526156,-1.19,9999.0,0
149000,3600,1400,3414.21,1685.99,1.2,13.58,341.03988652355605,12.38,27.54764834600614,0
149000,3600,1400,3753.86,1367.51,1.2,12.93,157.25297993996818,11.73,13.406051145777338,0
149000,3600,1400,3762.85,1361.15,1.2,13.54,167.41996595388486,12.34,13.567258181027947,0
149000,3600,1400,3519.7,1521.05,1.2,0.0,145.2624951596248,-1.2,9999.0,0
149000,3600,1400,3543.36,1446.71,1.2,0.0,73.41603162797611,-1.2,9999.0,0
149000,3600,1400,3427.66,1660.32,1.2,13.7,312.197978853163,12.5,24.975838308253042,0
149000,3600,1400,3515.67,1527.38,1.2,0.16,152.76522280938164,-1.04,9999.0,0
149000,3600,1400,3465.32,1375.07,1.2,7.32,136.96790609482193,6.12,22.3803768128794,0
149000,3600,1400,3627.32,1429.03,1.2,0.0,39.86380940151113,-1.2,9999.0,0
149000,3600,1400,3402.84,1697.14,1.2,13.57,356.6009607390311,12.37,28.827886882702597,0
149000,3600,1400,3564.81,1508.3,1.2,6.77,113.873728752509,5.569999999999999,20.444116472622802,0
149000,3600,1400,3744.72,1404.94,1.2,0.48,144.80428861052405,-0.72,9999.0,0
149000,3600,1400,3574.46,1493.67,1.2,9.05,97.08944587338014,7.85,12.368082276863714,0
149000,3600,1400,3712.83,1358.87,1.2,5.1,120.09282160062688,3.9,30.79303117964792,0
149000,3600,1400,3555.52,1528.13,1.2,5.02,135.63099682594694,3.82,35.50549655129501,0
149000,3600,1400,3846.78,1328.13,1.2,1.83,257.0324207176987,0.6300000000000001,407.9879693931725,0
149000,3600,1400,3662.76,1385.58,1.2,0.0,64.39529485917453,-1.2,9999.0,0
149000,3600,1400,3680.28,1418.17,1.2,0.0,82.3105540012946,-1.2,9999.0,0
149000,3600,1400,3641.18,1411.75,1.2,0.0,42.82353208225574,-1.2,9999.0,0
149000,3600,1400,3658.35,1420.38,1.2,0.0,61.8066897673706,-1.2,9999.0,0
149000,3600,1400,3550.66,1475.0,1.2,0.0,89.77435936836316,-1.2,9999.0,0
149000,3600,1400,3631.53,1422.8,1.2,0.0,38.90990747868736,-1.2,9999.0,0
149000,3600,1400,3665.7,1420.67,1.2,0.0,68.87480598883731,-1.2,9999.0,0
149000,3600,1400,3646.63,1376.07,1.2,0.0,52.41184789720749,-1.2,9999.0,0
149000,3600,1400,3985.11,1622.56,1.2,12.72,444.79508281904384,11.52,38.610684272486445,0
149000,3600,1400,3623.12,1435.25,1.2,0.0,42.15562714513918,-1.2,9999.0,0
149000,3600,1400,3581.34,1470.85,1.2,0.0,73.26607741649597,-1.2,9999.0,0
149000,3600,1400,3694.78,1415.19,1.2,0.0,95.98950203017016,-1.2,9999.0,0
149000,3600,1400,3546.39,1481.16,1.2,0.0,97.26755728401956,-1.2,9999.0,0
149000,3600,1400,3647.02,1408.17,1.2,0.0,47.72451466489732,-1.2,9999.0,0
149000,3600,1400,3575.04,1466.79,1.2,0.0,71.30151260667614,-1.2,9999.0,0
149000,3600,1400,3618.93,1441.47,1.2,0.0,45.58624573267683,-1.2,9999.0,0
149000,3600,1400,3641.61,1346.51,1.2,0.0,67.76851924013104,-1.2,9999.0,0
149000,3600,1400,3649.8,1382.79,1.2,0.0,52.68988612627683,-1.2,9999.0,0
149000,3600,1400,3687.53,1416.68,1.2,0.0,89.10512499289835,-1.2,9999.0,0
149000,3600,1400,3642.8,1353.92,1.2,0.0,62.89043170467197,-1.2,9999.0,0
149000,3600,1400,3645.13,1368.74,1.2,0.0,54.89903915370477,-1.2,9999.0,0
149000,3600,1400,3542.11,1487.32,1.2,0.0,104.76657148155596,-1.2,9999.0,0
149000,3600,1400,3633.55,1414.17,1.2,0.0,36.41965678037088,-1.2,9999.0,0
149000,3600,1400,3635.66,1416.73,1.2,0.0,39.38944655615245,-1.2,9999.0,0
149000,3600,1400,3614.73,1447.68,1.2,0.0,49.90345979989771,-1.2,9999.0,0
149000,3600,1400,3569.91,1467.31,1.2,0.0,73.72953410947339,-1.2,9999.0,0
149000,3600,1400,3667.15,1379.5,1.2,0.0,70.20949009927371,-1.2,9999.0,0
149000,3600,1400,3643.98,1361.33,1.2,0.0,58.56286622084004,-1.2,9999.0,0
149000,3600,1400,3680.27,1366.85,1.2,5.94,86.84581394632676,4.74,18.321901676440245,0
149000,3600,1400,3639.32,1414.35,1.2,0.0,41.856718696047,-1.2,9999.0,0
149000,3600,1400,3610.53,1453.9,1.2,0.0,54.91894846043589,-1.2,9999.0,0
149000,3600,1400,3554.94,1468.84,1.2,0.0,82.27605483978911,-1.2,9999.0,0
149000,3600,1400,3623.32,1429.24,1.2,0.0,37.40053475553536,-1.2,9999.0,0
149000,3600,1400,3660.65,1334.37,1.2,0.0,89.36285246118784,-1.2,9999.0,0
149000,3600,1400,3653.25,1333.37,1.2,0.0,85.29431047848394,-1.2,9999.0,0
149000,3600,1400,3527.76,1508.39,1.2,0.0,130.25747464157283,-1.2,9999.0,0
149000,3600,1400,3553.96,1457.33,1.2,0.0,73.52829727390666,-1.2,9999.0,0
149000,3600,1400,3630.85,1412.44,1.2,0.0,33.26373550880893,-1.2,9999.0,0
149000,3600,1400,4084.67,1669.14,1.2,5.34,554.3837556242067,4.14,133.90911971599198,0
149000,3600,1400,3665.35,1387.46,1.2,0.0,66.54227303000692,-1.2,9999.0,0
149000,3600,1400,3523.73,1514.72,1.2,0.0,137.75990454410166,-1.2,9999.0,0
149000,3600,1400,3548.66,1452.02,1.2,0.0,73.08813857254823,-1.2,9999.0,0
149000,3600,1400,3774.96,1359.16,1.2,12.02,179.6633162334482,10.82,16.604742720281717,0
149000,3600,1400,3629.24,1420.46,1.2,0.0,35.687381523445914,-1.2,9999.0,0
149000,3600,1400,3619.13,1435.46,1.2,0.0,40.29104739269019,-1.2,9999.0,0
149000,3600,1400,3723.78,1409.24,1.2,0.0,124.12439727950364,-1.2,9999.0,0
149000,3600,1400,3627.83,1453.16,1.2,12.17,60.004120691832526,10.97,5.469837802354833,0
149000,3600,1400,3653.29,1407.08,1.2,0.0,53.75825983046694,-1.2,9999.0,0
150000,3600,1400,3640.64,1410.24,1.2,0.0,41.91022786862403,-1.2,9999.0,0
150000,3600,1400,3670.09,1423.41,1.2,11.72,73.89611762467649,10.52,7.024345781813355,0
150000,3600,1400,3464.46,1606.5,1.2,14.22,247.00878850761563,13.02,18.971489132689374,0
150000,3600,1400,3810.51,974.99,1.2,11.14,474.286791087418,9.94,47.71496892227545,0
150000,3600,1400,3705.34,1312.79,1.2,12.03,136.755620359823,10.83,12.627481104323454,0
150000,3600,1400,3645.75,1333.57,1.2,0.0,80.65982519197527,-1.2,9999.0,0
150000,3600,1400,3702.03,1413.71,1.2,0.0,102.947000927662,-1.2,9999.0,0
150000,3600,1400,3537.83,1493.48,1.2,0.0,112.26584208921255,-1.2,9999.0,0
150000,3600,1400,3669.75,1381.38,1.2,0.0,72.19256817706373,-1.2,9999.0,0
150000,3600,1400,3656.14,1401.07,1.2,0.0,56.15019590348715,-1.2,9999.0,0
150000,3600,1400,3567.77,1455.06,1.2,0.0,63.799502349156256,-1.2,9999.0,0
150000,3600,1400,3814.89,982.51,1.2,7.29,469.54830656706656,6.09,77.10152817193212,0
150000,3600,1400,3709.28,1412.22,1.2,0.0,109.9611149452389,-1.2,9999.0,0
150000,3600,1400,3630.29,1332.96,1.2,0.0,73.56524790959378,-1.2,9999.0,0
150000,3600,1400,3673.03,1419.66,1.2,0.0,75.6299973555469,-1.2,9999.0,0
150000,3600,1400,3716.53,1410.73,1.2,0.0,117.02296270390715,-1.2,9999.0,0
150000,3600,1400,3824.52,1026.43,1.2,15.31,435.8483397926393,14.11,30.889322451639924,0
150000,3600,1400,4027.48,1346.86,1.2,9.23,430.77025199054776,8.030000000000001,53.64511232759,0
150000,3600,1400,3671.55,1373.43,1.2,0.0,76.32409449184459,-1.2,9999.0,0
150000,3600,1400,3623.16,1335.28,1.2,0.0,68.73910095426035,-1.2,9999.0,0
150000,3600,1400,3674.15,1375.31,1.2,0.0,78.15253418795847,-1.2,9999.0,0
150000,3600,1400,3667.8,1336.48,1.2,0.0,92.90656812088164,-1.2,9999.0,0
150000,3600,1400,3505.85,1542.79,1.2,10.92,171.03568808877287,9.72,17.596264206663875,0
150000,3600,1400,3675.95,1367.36,1.2,0.0,82.66663232526156,-1.2,9999.0,0
150000,3600,1400,3406.13,1697.98,1.2,14.45,355.49635342714834,13.25,26.829913466199873,0
150000,3600,1400,3741.42,1369.42,1.2,12.59,144.68846809611338,11.39,12.703113968052095,0
150000,3600,1400,3775.03,1355.6,1.2,13.38,180.5736993584616,12.18,14.825426876720986,0
150000,3600,1400,3519.7,1521.05,1.2,0.0,145.2624951596248,-1.2,9999.0,0
150000,3600,1400,3543.36,1446.71,1.2,0.0,73.41603162797611,-1.2,9999.0,0
150000,3600,1400,3435.13,1649.24,1.2,13.37,298.8355643158959,12.17,24.55509977944913,0
150000,3600,1400,3515.67,1527.37,1.2,0.01,152.75688462390153,-1.19,9999.0,0
150000,3600,1400,3464.3,1372.63,1.2,2.82,138.4326800289583,1.62,85.45227162281375,0
150000,3600,1400,3627.32,1429.03,1.2,0.0,39.86380940151113,-1.2,9999.0,0
150000,3600,1400,3411.0,1685.02,1.2,14.61,341.9903513258817,13.41,25.50263619134092,0
150000,3600,1400,3569.38,1501.38,1.2,8.29,105.90320486179829,7.089999999999999,14.936982350042074,0
150000,3600,1400,3744.68,1404.95,1.2,0.04,144.7646534897243,-1.16,9999.0,0
150000,3600,1400,3580.65,1484.28,1.2,11.25,86.47277548454191,10.05,8.604256267118597,0
150000,3600,1400,3718.53,1362.19,1.2,6.6,124.41445655549856,5.4,23.039714176944177,0
150000,3600,1400,3561.84,1524.4,1.2,6.6,130.12127266515654,5.4,24.096531975028988,0
150000,3600,1400,3850.54,1327.35,1.2,3.84,260.860717816999,2.64,98.81087796098447,0
150000,3600,1400,3662.76,1385.58,1.2,0.0,64.39529485917453,-1.2,9999.0,0
150000,3600,1400,3725.68,1281.7,1.2,0.0,172.59881923118692,-1.2,9999.0,0
150000,3600,1400,3680.28,1418.17,1.2,0.0,82.3105540012946,-1.2,9999.0,0
150000,3600,1400,3641.18,1411.75,1.2,0.0,42.82353208225574,-1.2,9999.0,0
150000,3600,1400,3658.35,1420.38,1.2,0.0,61.8066897673706,-1.2,9999.0,0
150000,3600,1400,3550.66,1475.0,1.2,0.0,89.77435936836316,-1.2,9999.0,0
150000,3600,1400,3631.53,1422.8,1.2,0.0,38.90990747868736,-1.2,9999.0,0
150000,3600,1400,3665.7,1420.67,1.2,0.0,68.87480598883731,-1.2,9999.0,0
150000,3600,1400,3646.63,1376.07,1.2,0.0,52.41184789720749,-1.2,9999.0,0
150000,3600,1400,3974.33,1628.55,1.2,12.33,438.5864240944993,11.13,39.405788328346745,0
150000,3600,1400,3623.12,1435.25,1.2,0.0,42.15562714513918,-1.2,9999.0,0
150000,3600,1400,3581.34,1470.85,1.2,0.0,73.26607741649597,-1.2,9999.0,0
150000,3600,1400,3694.78,1415.19,1.2,0.0,95.98950203017016,-1.2,9999.0,0
150000,3600,1400,3546.39,1481.16,1.2,0.0,97.26755728401956,-1.2,9999.0,0
150000,3600,1400,3647.02,1408.17,1.2,0.0,47.72451466489732,-1.2,9999.0,0
150000,3600,1400,3575.04,1466.79,1.2,0.0,71.30151260667614,-1.2,9999.0,0
150000,3600,1400,3618.93,1441.47,1.2,0.0,45.58624573267683,-1.2,9999.0,0
150000,3600,1400,3641.61,1346.51,1.2,0.0,67.76851924013104,-1.2,9999.0,0
150000,3600,1400,3649.8,1382.79,1.2,0.0,52.68988612627683,-1.2,9999.0,0
150000,3600,1400,3687.53,1416.68,1.2,0.0,89.10512499289835,-1.2,9999.0,0
150000,3600,1400,3642.8,1353.92,1.2,0.0,62.89043170467197,-1.2,9999.0,0
150000,3600,1400,3645.13,1368.74,1.2,0.0,54.89903915370477,-1.2,9999.0,0
150000,3600,1400,3542.11,1487.32,1.2,0.0,104.76657148155596,-1.2,9999.0,0
150000,3600,1400,3633.55,1414.17,1.2,0.0,36.41965678037088,-1.2,9999.0,0
150000,3600,1400,3635.66,1416.73,1.2,0.0,39.38944655615245,-1.2,9999.0,0
150000,3600,1400,3614.73,1447.68,1.2,0.0,49.90345979989771,-1.2,9999.0,0
150000,3600,1400,3569.91,1467.31,1.2,0.0,73.72953410947339,-1.2,9999.0,0
150000,3600,1400,3667.15,1379.5,1.2,0.0,70.20949009927371,-1.2,9999.0,0
150000,3600,1400,3643.98,1361.33,1.2,0.0,58.56286622084004,-1.2,9999.0,0
150000,3600,1400,3679.1,1368.48,1.2,2.0,85.14881326242889,0.8,106.4360165780361,0
150000,3600,1400,3639.32,1414.35,1.2,0.0,41.856718696047,-1.2,9999.0,0
150000,3600,1400,3610.53,1453.9,1.2,0.0,54.91894846043589,-1.2,9999.0,0
150000,3600,1400,3554.94,1468.84,1.2,0.0,82.27605483978911,-1.2,9999.0,0
150000,3600,1400,3623.32,1429.24,1.2,0.0,37.40053475553536,-1.2,9999.0,0
150000,3600,1400,3660.65,1334.37,1.2,0.0,89.36285246118784,-1.2,9999.0,0
150000,3600,1400,3653.25,1333.37,1.2,0.0,85.29431047848394,-1.2,9999.0,0
150000,3600,1400,3527.76,1508.39,1.2,0.0,130.25747464157283,-1.2,9999.0,0
150000,3600,1400,3553.96,1457.33,1.2,0.0,73.52829727390666,-1.2,9999.0,0
150000,3600,1400,3630.85,1412.44,1.2,0.0,33.26373550880893,-1.2,9999.0,0
150000,3600,1400,4079.54,1664.55,1.2,6.92,547.6726340616262,5.72,95.74696399678781,0
150000,3600,1400,3665.35,1387.46,1.2,0.0,66.54227303000692,-1.2,9999.0,0
150000,3600,1400,3523.73,1514.72,1.2,0.0,137.75990454410166,-1.2,9999.0,0
150000,3600,1400,3548.66,1452.02,1.2,0.0,73.08813857254823,-1.2,9999.0,0
150000,3600,1400,3762.57,1364.8,1.2,13.61,166.33714227435814,12.41,13.403476412115886,0
150000,3600,1400,3629.24,1420.46,1.2,0.0,35.687381523445914,-1.2,9999.0,0
150000,3600,1400,3619.13,1435.46,1.2,0.0,40.29104739269019,-1.2,9999.0,0
150000,3600,1400,3723.78,1409.24,1.2,0.0,124.12439727950364,-1.2,9999.0,0
150000,3600,1400,3620.14,1464.56,1.2,13.75,67.62849399476517,12.55,5.388724621096825,0
150000,3600,1400,3653.29,1407.08,1.2,0.0,53.75825983046694,-1.2,9999.0,0
151000,3600,1400,3640.64,1410.24,1.2,0.0,41.91022786862403,-1.2,9999.0,0
151000,3600,1400,3662.25,1424.08,1.2,7.79,66.74510394028911,6.59,10.128240355127332,0
151000,3600,1400,3471.96,1595.26,1.2,13.51,233.49670061908796,12.31,18.968050415847923,0
151000,3600,1400,3809.93,967.89,1.2,7.09,480.4057212398703,5.89,81.56294078775387,0
151000,3600,1400,3712.48,1301.88,1.2,13.04,149.26246949585143,11.84,12.60662749120367,0
151000,3600,1400,3645.75,1333.57,1.2,0.0,80.65982519197527,-1.2,9999.0,0
151000,3600,1400,3702.03,1413.71,1.2,0.0,102.947000927662,-1.2,9999.0,0
151000,3600,1400,3537.83,1493.48,1.2,0.0,112.26584208921255,-1.2,9999.0,0
151000,3600,1400,3669.75,1381.38,1.2,0.0,72.19256817706373,-1.2,9999.0,0
151000,3600,1400,3656.14,1401.07,1.2,0.0,56.15019590348715,-1.2,9999.0,0
151000,3600,1400,3567.77,1455.06,1.2,0.0,63.799502349156256,-1.2,9999.0,0
151000,3600,1400,3816.86,991.49,1.2,9.22,462.5026266952438,8.020000000000001,57.66865669516755,0
151000,3600,1400,3709.28,1412.22,1.2,0.0,109.9611149452389,-1.2,9999.0,0
151000,3600,1400,3630.29,1332.96,1.2,0.0,73.56524790959378,-1.2,9999.0,0
151000,3600,1400,3673.03,1419.66,1.2,0.0,75.6299973555469,-1.2,9999.0,0
151000,3600,1400,3716.53,1410.73,1.2,0.0,117.02296270390715,-1.2,9999.0,0
151000,3600,1400,3828.28,1043.59,1.2,17.63,423.2491541633606,16.43,25.760751927167412,0
151000,3600,1400,4015.96,1349.21,1.2,11.76,419.0493356396118,10.56,39.6827022385996,0
151000,3600,1400,3671.55,1373.43,1.2,0.0,76.32409449184459,-1.2,9999.0,0
151000,3600,1400,3623.16,1335.28,1.2,0.0,68.73910095426035,-1.2,9999.0,0
151000,3600,1400,3674.15,1375.31,1.2,0.0,78.15253418795847,-1.2,9999.0,0
151000,3600,1400,3667.8,1336.48,1.2,0.0,92.90656812088164,-1.2,9999.0,0
151000,3600,1400,3509.49,1537.08,1.2,6.77,164.26498866161353,5.569999999999999,29.491021303700816,0
151000,3600,1400,3675.95,1367.36,1.2,0.0,82.66663232526156,-1.2,9999.0,0
151000,3600,1400,3398.17,1709.86,1.2,14.3,369.7953062168312,13.1,28.228649329529098,0
151000,3600,1400,3728.68,1370.91,1.2,12.83,131.92714087707637,11.63,11.343692250823418,0
151000,3600,1400,3787.81,1349.79,1.2,14.04,194.4058646234727,12.84,15.140643662264228,0
151000,3600,1400,3519.7,1521.05,1.2,0.0,145.2624951596248,-1.2,9999.0,0
151000,3600,1400,3543.36,1446.71,1.2,0.0,73.41603162797611,-1.2,9999.0,0
151000,3600,1400,3442.73,1637.97,1.2,13.59,285.2430083279869,12.39,23.02203457045899,0
151000,3600,1400,3515.67,1527.37,1.2,0.0,152.75688462390153,-1.2,9999.0,0
151000,3600,1400,3466.37,1371.92,1.2,2.58,136.548391788406,1.38,98.94810999159857,0
151000,3600,1400,3627.32,1429.03,1.2,0.0,39.86380940151113,-1.2,9999.0,0
151000,3600,1400,3419.51,1672.41,1.2,15.21,326.7779799802918,14.010000000000002,23.324623838707478,0
151000,3600,1400,3575.06,1492.77,1.2,10.32,96.06391882491572,9.12,10.53332443255655,0
151000,3600,1400,3744.68,1404.95,1.2,0.01,144.7646534897243,-1.19,9999.0,0
151000,3600,1400,3587.88,1472.62,1.2,13.81,73.62444431029671,12.61,5.838576075360564,0
151000,3600,1400,3725.49,1366.25,1.2,8.06,129.9492308557459,6.86,18.943036567892985,0
151000,3600,1400,3569.13,1519.19,1.2,8.37,123.12275581711128,7.169999999999999,17.17193247100576,0
151000,3600,1400,3856.84,1326.04,1.2,6.43,267.2767614290477,5.23,51.104543294272986,0
151000,3600,1400,3662.76,1385.58,1.2,0.0,64.39529485917453,-1.2,9999.0,0
151000,3600,1400,3726.44,1280.53,1.2,1.4,173.9544609948248,0.1999999999999999,869.7723049741245,0
151000,3600,1400,4046.41,1346.27,1.2,0.0,449.6318505177317,-1.2,9999.0,0
151000,3600,1400,3680.28,1418.17,1.2,0.0,82.3105540012946,-1.2,9999.0,0
151000,3600,1400,3641.18,1411.75,1.2,0.0,42.82353208225574,-1.2,9999.0,0
151000,3600,1400,3658.35,1420.38,1.2,0.0,61.8066897673706,-1.2,9999.0,0
151000,3600,1400,3550.66,1475.0,1.2,0.0,89.77435936836316,-1.2,9999.0,0
151000,3600,1400,3631.53,1422.8,1.2,0.0,38.90990747868736,-1.2,9999.0,0
151000,3600,1400,3665.7,1420.67,1.2,0.0,68.87480598883731,-1.2,9999.0,0
151000,3600,1400,3646.63,1376.07,1.2,0.0,52.41184789720749,-1.2,9999.0,0
151000,3600,1400,3962.72,1633.91,1.2,12.79,431.6013050258304,11.59,37.23911173648235,0
151000,3600,1400,3623.12,1435.25,1.2,0.0,42.15562714513918,-1.2,9999.0,0
151000,3600,1400,3581.34,1470.85,1.2,0.0,73.26607741649597,-1.2,9999.0,0
151000,3600,1400,3694.78,1415.19,1.2,0.0,95.98950203017016,-1.2,9999.0,0
151000,3600,1400,3546.39,1481.16,1.2,0.0,97.26755728401956,-1.2,9999.0,0
151000,3600,1400,3647.02,1408.17,1.2,0.0,47.72451466489732,-1.2,9999.0,0
151000,3600,1400,3575.04,1466.79,1.2,0.0,71.30151260667614,-1.2,9999.0,0
151000,3600,1400,3618.93,1441.47,1.2,0.0,45.58624573267683,-1.2,9999.0,0
151000,3600,1400,3641.61,1346.51,1.2,0.0,67.76851924013104,-1.2,9999.0,0
151000,3600,1400,3649.8,1382.79,1.2,0.0,52.68988612627683,-1.2,9999.0,0
151000,3600,1400,3687.53,1416.68,1.2,0.0,89.10512499289835,-1.2,9999.0,0
151000,3600,1400,3642.8,1353.92,1.2,0.0,62.89043170467197,-1.2,9999.0,0
151000,3600,1400,3645.13,1368.74,1.2,0.0,54.89903915370477,-1.2,9999.0,0
151000,3600,1400,3542.11,1487.32,1.2,0.0,104.76657148155596,-1.2,9999.0,0
151000,3600,1400,3633.55,1414.17,1.2,0.0,36.41965678037088,-1.2,9999.0,0
151000,3600,1400,3635.66,1416.73,1.2,0.0,39.38944655615245,-1.2,9999.0,0
151000,3600,1400,3614.73,1447.68,1.2,0.0,49.90345979989771,-1.2,9999.0,0
151000,3600,1400,3569.91,1467.31,1.2,0.0,73.72953410947339,-1.2,9999.0,0
151000,3600,1400,3667.15,1379.5,1.2,0.0,70.20949009927371,-1.2,9999.0,0
151000,3600,1400,3643.98,1361.33,1.2,0.0,58.56286622084004,-1.2,9999.0,0
151000,3600,1400,3678.77,1368.93,1.2,0.56,84.67619382093172,-0.6399999999999999,9999.0,0
151000,3600,1400,3639.32,1414.35,1.2,0.0,41.856718696047,-1.2,9999.0,0
151000,3600,1400,3610.53,1453.9,1.2,0.0,54.91894846043589,-1.2,9999.0,0
151000,3600,1400,3554.94,1468.84,1.2,0.0,82.27605483978911,-1.2,9999.0,0
151000,3600,1400,3623.32,1429.24,1.2,0.0,37.40053475553536,-1.2,9999.0,0
151000,3600,1400,3660.65,1334.37,1.2,0.0,89.36285246118784,-1.2,9999.0,0
151000,3600,1400,3653.25,1333.37,1.2,0.0,85.29431047848394,-1.2,9999.0,0
151000,3600,1400,3527.76,1508.39,1.2,0.0,130.25747464157283,-1.2,9999.0,0
151000,3600,1400,3553.96,1457.33,1.2,0.0,73.52829727390666,-1.2,9999.0,0
151000,3600,1400,3630.85,1412.44,1.2,0.0,33.26373550880893,-1.2,9999.0,0
151000,3600,1400,4074.13,1657.36,1.2,9.07,539.4751398350068,7.87,68.54830239326643,0
151000,3600,1400,3665.35,1387.46,1.2,0.0,66.54227303000692,-1.2,9999.0,0
151000,3600,1400,3523.73,1514.72,1.2,0.0,137.75990454410166,-1.2,9999.0,0
151000,3600,1400,3548.66,1452.02,1.2,0.0,73.08813857254823,-1.2,9999.0,0
151000,3600,1400,3750.02,1368.3,1.2,13.09,153.33261362149932,11.89,12.89593049802349,0
151000,3600,1400,3629.24,1420.46,1.2,0.0,35.687381523445914,-1.2,9999.0,0
151000,3600,1400,3619.13,1435.46,1.2,0.0,40.29104739269019,-1.2,9999.0,0
151000,3600,1400,3723.78,1409.24,1.2,0.0,124.12439727950364,-1.2,9999.0,0
151000,3600,1400,3611.45,1477.44,1.2,15.54,78.28190148431503,14.34,5.4589889459076035,0
151000,3600,1400,3653.29,1407.08,1.2,0.0,53.75825983046694,-1.2,9999.0,0
152000,3600,1400,3640.64,1410.24,1.2,0.0,41.91022786862403,-1.2,9999.0,0
152000,3600,1400,3657.66,1423.53,1.2,4.56,62.27629163654482,3.3599999999999994,18.534610606114533,0
152000,3600,1400,3479.18,1584.31,1.2,13.12,220.38068994356112,11.92,18.488312914728283,0
152000,3600,1400,3811.18,965.45,1.2,2.98,483.1466598249437,1.78,271.4307077668223,0
152000,3600,1400,3717.99,1293.46,1.2,10.06,158.97299047322454,8.860000000000001,17.942775448445204,0
152000,3600,1400,3645.75,1333.57,1.2,0.0,80.65982519197527,-1.2,9999.0,0
152000,3600,1400,3702.03,1413.71,1.2,0.0,102.947000927662,-1.2,9999.0,0
152000,3600,1400,3537.83,1493.48,1.2,0.0,112.26584208921255,-1.2,9999.0,0
152000,3600,1400,3669.75,1381.38,1.2,0.0,72.19256817706373,-1.2,9999.0,0
152000,3600,1400,3656.14,1401.07,1.2,0.0,56.15019590348715,-1.2,9999.0,0
152000,3600,1400,3567.77,1455.06,1.2,0.0,63.799502349156256,-1.2,9999.0,0
152000,3600,1400,3819.3,1002.62,1.2,11.44,453.8759240144823,10.24,44.32382070453929,0
152000,3600,1400,3709.28,1412.22,1.2,0.0,109.9611149452389,-1.2,9999.0,0
152000,3600,1400,3630.29,1332.96,1.2,0.0,73.56524790959378,-1.2,9999.0,0
152000,3600,1400,3673.03,1419.66,1.2,0.0,75.6299973555469,-1.2,9999.0,0
152000,3600,1400,3716.53,1410.73,1.2,0.0,117.02296270390715,-1.2,9999.0,0
152000,3600,1400,3831.8,1062.36,1.2,19.21,409.550985348589,18.01,22.740199075435257,0
152000,3600,1400,4002.74,1351.92,1.2,13.49,405.5997953648397,12.29,33.00242435840844,0
152000,3600,1400,3671.55,1373.43,1.2,0.0,76.32409449184459,-1.2,9999.0,0
152000,3600,1400,3623.16,1335.28,1.2,0.0,68.73910095426035,-1.2,9999.0,0
152000,3600,1400,3674.15,1375.31,1.2,0.0,78.15253418795847,-1.2,9999.0,0
152000,3600,1400,3667.8,1336.48,1.2,0.0,92.90656812088164,-1.2,9999.0,0
152000,3600,1400,3511.44,1534.03,1.2,3.63,160.64530649850926,2.43,66.10917962901615,0
152000,3600,1400,3675.95,1367.36,1.2,0.0,82.66663232526156,-1.2,9999.0,0
152000,3600,1400,3390.42,1721.44,1.2,13.93,383.728354438397,12.73,30.143625643236213,0
152000,3600,1400,3718.01,1365.58,1.2,12.16,122.927200000651,10.96,11.215985401519251,0
152000,3600,1400,3800.37,1344.07,1.2,13.81,208.0295695327949,12.61,16.497190288088415,0
152000,3600,1400,3519.7,1521.05,1.2,0.0,145.2624951596248,-1.2,9999.0,0
152000,3600,1400,3543.36,1446.71,1.2,0.0,73.41603162797611,-1.2,9999.0,0
152000,3600,1400,3450.12,1627.01,1.2,13.21,272.02491521917625,12.010000000000002,22.64986804489394,0
152000,3600,1400,3515.67,1527.37,1.2,0.0,152.75688462390153,-1.2,9999.0,0
152000,3600,1400,3468.43,1373.62,1.2,2.73,134.18855875222764,1.53,87.7049403609331,0
152000,3600,1400,3627.32,1429.03,1.2,0.0,39.86380940151113,-1.2,9999.0,0
152000,3600,1400,3427.5,1660.55,1.2,14.3,312.47808323144835,13.1,23.853288796293768,0
152000,3600,1400,3581.49,1483.0,1.2,11.7,85.0389328484313,10.5,8.098945985564885,0
152000,3600,1400,3744.67,1404.95,1.2,0.0,144.75465933779134,-1.2,9999.0,0
152000,3600,1400,3595.5,1459.02,1.2,15.79,59.1913034152822,14.59,4.056977615852104,0
152000,3600,1400,3735.35,1366.91,1.2,10.32,139.3361783601085,9.12,15.27808973246804,0
152000,3600,1400,3575.01,1510.27,1.2,10.67,113.06623280184046,9.47,11.939412122686425,0
152000,3600,1400,3864.74,1324.38,1.2,8.08,275.3282622616136,6.88,40.01864277058337,0
152000,3600,1400,3662.76,1385.58,1.2,0.0,64.39529485917453,-1.2,9999.0,0
152000,3600,1400,3728.61,1277.22,1.2,3.96,177.80736908238654,2.76,64.4229598124589,0
152000,3600,1400,4044.68,1346.62,1.2,1.77,447.8724447875755,0.5700000000000001,785.7411312062727,0
152000,3600,1400,3826.61,1337.27,1.2,0.0,235.132186227237,-1.2,9999.0,0
152000,3600,1400,3680.28,1418.17,1.2,0.0,82.3105540012946,-1.2,9999.0,0
152000,3600,1400,3641.18,1411.75,1.2,0.0,42.82353208225574,-1.2,9999.0,0
152000,3600,1400,3658.35,1420.38,1.2,0.0,61.8066897673706,-1.2,9999.0,0
152000,3600,1400,3550.66,1475.0,1.2,0.0,89.77435936836316,-1.2,9999.0,0
152000,3600,1400,3631.53,1422.8,1.2,0.0,38.90990747868736,-1.2,9999.0,0
152000,3600,1400,3665.7,1420.67,1.2,0.0,68.87480598883731,-1.2,9999.0,0
152000,3600,1400,3646.63,1376.07,1.2,0.0,52.41184789720749,-1.2,9999.0,0
152000,3600,1400,3950.81,1638.32,1.2,12.71,424.1038534368674,11.510000000000002,36.84655546801628,0
152000,3600,1400,3623.12,1435.25,1.2,0.0,42.15562714513918,-1.2,9999.0,0
152000,3600,1400,3581.34,1470.85,1.2,0.0,73.26607741649597,-1.2,9999.0,0
152000,3600,1400,3694.78,1415.19,1.2,0.0,95.98950203017016,-1.2,9999.0,0
152000,3600,1400,3546.39,1481.16,1.2,0.0,97.26755728401956,-1.2,9999.0,0
152000,3600,1400,3647.02,1408.17,1.2,0.0,47.72451466489732,-1.2,9999.0,0
152000,3600,1400,3575.04,1466.79,1.2,0.0,71.30151260667614,-1.2,9999.0,0
152000,3600,1400,3618.93,1441.47,1.2,0.0,45.58624573267683,-1.2,9999.0,0
152000,3600,1400,3641.61,1346.51,1.2,0.0,67.76851924013104,-1.2,9999.0,0
152000,3600,1400,3649.8,1382.79,1.2,0.0,52.68988612627683,-1.2,9999.0,0
152000,3600,1400,3687.53,1416.68,1.2,0.0,89.10512499289835,-1.2,9999.0,0
152000,3600,1400,3642.8,1353.92,1.2,0.0,62.89043170467197,-1.2,9999.0,0
152000,3600,1400,3645.13,1368.74,1.2,0.0,54.89903915370477,-1.2,9999.0,0
152000,3600,1400,3542.11,1487.32,1.2,0.0,104.76657148155596,-1.2,9999.0,0
152000,3600,1400,3633.55,1414.17,1.2,0.0,36.41965678037088,-1.2,9999.0,0
152000,3600,1400,3635.66,1416.73,1.2,0.0,39.38944655615245,-1.2,9999.0,0
152000,3600,1400,3614.73,1447.68,1.2,0.0,49.90345979989771,-1.2,9999.0,0
152000,3600,1400,3569.91,1467.31,1.2,0.0,73.72953410947339,-1.2,9999.0,0
152000,3600,1400,3667.15,1379.5,1.2,0.0,70.20949009927371,-1.2,9999.0,0
152000,3600,1400,3643.98,1361.33,1.2,0.0,58.56286622084004,-1.2,9999.0,0
152000,3600,1400,3678.61,1369.15,1.2,0.28,84.44675600637372,-0.92,9999.0,0
152000,3600,1400,3639.32,1414.35,1.2,0.0,41.856718696047,-1.2,9999.0,0
152000,3600,1400,3610.53,1453.9,1.2,0.0,54.91894846043589,-1.2,9999.0,0
152000,3600,1400,3554.94,1468.84,1.2,0.0,82.27605483978911,-1.2,9999.0,0
152000,3600,1400,3623.32,1429.24,1.2,0.0,37.40053475553536,-1.2,9999.0,0
152000,3600,1400,3660.65,1334.37,1.2,0.0,89.36285246118784,-1.2,9999.0,0
152000,3600,1400,3653.25,1333.37,1.2,0.0,85.29431047848394,-1.2,9999.0,0
152000,3600,1400,3527.76,1508.39,1.2,0.0,130.25747464157283,-1.2,9999.0,0
152000,3600,1400,3553.96,1457.33,1.2,0.0,73.52829727390666,-1.2,9999.0,0
152000,3600,1400,3630.85,1412.44,1.2,0.0,33.26373550880893,-1.2,9999.0,0
152000,3600,1400,4075.3,1646.03,1.2,11.45,535.2016917947851,10.25,52.21479919949123,0
152000,3600,1400,3665.35,1387.46,1.2,0.0,66.54227303000692,-1.2,9999.0,0
152000,3600,1400,3523.73,1514.72,1.2,0.0,137.75990454410166,-1.2,9999.0,0
152000,3600,1400,3548.66,1452.02,1.2,0.0,73.08813857254823,-1.2,9999.0,0
152000,3600,1400,3736.99,1369.93,1.2,13.13,140.25143493027065,11.93,11.756197395663927,0
152000,3600,1400,3629.24,1420.46,1.2,0.0,35.687381523445914,-1.2,9999.0,0
152000,3600,1400,3619.13,1435.46,1.2,0.0,40.29104739269019,-1.2,9999.0,0
152000,3600,1400,3723.78,1409.24,1.2,0.0,124.12439727950364,-1.2,9999.0,0
152000,3600,1400,3601.93,1491.54,1.2,17.01,91.5603434899629,15.810000000000002,5.791293073368937,0
152000,3600,1400,3653.29,1407.08,1.2,0.0,53.75825983046694,-1.2,9999.0,0
153000,3600,1400,3640.64,1410.24,1.2,0.0,41.91022786862403,-1.2,9999.0,0
153000,3600,1400,3650.68,1423.63,1.2,7.01,55.91814821683555,5.81,9.624466130264295,0
153000,3600,1400,3486.93,1572.51,1.2,14.12,206.2632419991503,12.92,15.964647213556525,0
153000,3600,1400,3813.08,967.34,1.2,3.01,482.2839018669397,1.81,266.4551944016241,0
153000,3600,1400,3722.0,1287.32,1.2,7.34,166.074629007564,6.14,27.047985180385016,0
153000,3600,1400,3645.75,1333.57,1.2,0.0,80.65982519197527,-1.2,9999.0,0
153000,3600,1400,3702.03,1413.71,1.2,0.0,102.947000927662,-1.2,9999.0,0
153000,3600,1400,3537.83,1493.48,1.2,0.0,112.26584208921255,-1.2,9999.0,0
153000,3600,1400,3669.75,1381.38,1.2,0.0,72.19256817706373,-1.2,9999.0,0
153000,3600,1400,3656.14,1401.07,1.2,0.0,56.15019590348715,-1.2,9999.0,0
153000,3600,1400,3567.77,1455.06,1.2,0.0,63.799502349156256,-1.2,9999.0,0
153000,3600,1400,3822.1,1015.39,1.2,13.12,444.1320322831939,11.92,37.259398681476,0
153000,3600,1400,3709.28,1412.22,1.2,0.0,109.9611149452389,-1.2,9999.0,0
153000,3600,1400,3630.29,1332.96,1.2,0.0,73.56524790959378,-1.2,9999.0,0
153000,3600,1400,3673.03,1419.66,1.2,0.0,75.6299973555469,-1.2,9999.0,0
153000,3600,1400,3716.53,1410.73,1.2,0.0,117.02296270390715,-1.2,9999.0,0
153000,3600,1400,3832.88,1083.26,1.2,21.01,393.1377900940077,19.81,19.845421004240674,0
153000,3600,1400,3987.32,1355.09,1.2,15.74,389.91497855301753,14.54,26.81671104216077,0
153000,3600,1400,3671.55,1373.43,1.2,0.0,76.32409449184459,-1.2,9999.0,0
153000,3600,1400,3623.16,1335.28,1.2,0.0,68.73910095426035,-1.2,9999.0,0
153000,3600,1400,3674.15,1375.31,1.2,0.0,78.15253418795847,-1.2,9999.0,0
153000,3600,1400,3667.8,1336.48,1.2,0.0,92.90656812088164,-1.2,9999.0,0
153000,3600,1400,3511.56,1533.83,1.2,0.23,160.4122891177605,-0.97,9999.0,0
153000,3600,1400,3675.95,1367.36,1.2,0.0,82.66663232526156,-1.2,9999.0,0
153000,3600,1400,3382.25,1733.66,1.2,14.71,398.4269796336589,13.510000000000002,29.49126422158837,0
153000,3600,1400,3707.55,1359.5,1.2,12.09,114.92281105159252,10.89,10.553058866078285,0
153000,3600,1400,3813.57,1338.84,1.2,14.2,222.1546544639569,13.0,17.08881957415053,0
153000,3600,1400,3519.7,1521.05,1.2,0.0,145.2624951596248,-1.2,9999.0,0
153000,3600,1400,3543.36,1446.71,1.2,0.0,73.41603162797611,-1.2,9999.0,0
153000,3600,1400,3457.6,1616.44,1.2,12.95,259.08306312841074,11.75,22.049622393907296,0
153000,3600,1400,3515.67,1527.37,1.2,0.0,152.75688462390153,-1.2,9999.0,0
153000,3600,1400,3471.85,1376.94,1.2,4.76,130.20824129063422,3.56,36.57534867714444,0
153000,3600,1400,3627.32,1429.03,1.2,0.0,39.86380940151113,-1.2,9999.0,0
153000,3600,1400,3435.69,1648.41,1.2,14.64,297.8343569838779,13.44,22.160294418443296,0
153000,3600,1400,3587.81,1471.74,1.2,13.12,72.76828773579878,11.92,6.104722125486475,0
153000,3600,1400,3744.67,1404.95,1.2,0.0,144.75465933779134,-1.2,9999.0,0
153000,3600,1400,3605.21,1444.64,1.2,17.36,44.94300501746639,16.16,2.781126548110544,0
153000,3600,1400,3747.13,1365.51,1.2,11.86,151.1184866255616,10.66,14.176218257557371,0
153000,3600,1400,3582.15,1499.45,1.2,12.97,101.03922505641069,11.77,8.584471117791903,0
153000,3600,1400,3873.97,1322.46,1.2,9.42,284.731474375419,8.22,34.63886549579306,0
153000,3600,1400,3662.76,1385.58,1.2,0.0,64.39529485917453,-1.2,9999.0,0
153000,3600,1400,3731.57,1272.47,1.2,5.64,183.23363719579447,4.44,41.26883720626001,0
153000,3600,1400,4041.28,1347.31,1.2,3.47,444.4145300279911,2.2700000000000005,195.77732600352027,0
153000,3600,1400,3824.84,1337.95,1.2,1.9,233.2449958734379,0.7,333.20713696205416,0
153000,3600,1400,3528.26,1513.57,1.2,0.0,134.33083227613812,-1.2,9999.0,0
153000,3600,1400,3680.28,1418.17,1.2,0.0,82.3105540012946,-1.2,9999.0,0
153000,3600,1400,3641.18,1411.75,1.2,0.0,42.82353208225574,-1.2,9999.0,0
153000,3600,1400,3658.35,1420.38,1.2,0.0,61.8066897673706,-1.2,9999.0,0
153000,3600,1400,3550.66,1475.0,1.2,0.0,89.77435936836316,-1.2,9999.0,0
153000,3600,1400,3631.53,1422.8,1.2,0.0,38.90990747868736,-1.2,9999.0,0
153000,3600,1400,3665.7,1420.67,1.2,0.0,68.87480598883731,-1.2,9999.0,0
153000,3600,1400,3646.63,1376.07,1.2,0.0,52.41184789720749,-1.2,9999.0,0
153000,3600,1400,3938.94,1642.7,1.2,12.65,416.8736182585797,11.45,36.408176267124865,0
153000,3600,1400,3623.12,1435.25,1.2,0.0,42.15562714513918,-1.2,9999.0,0
153000,3600,1400,3581.34,1470.85,1.2,0.0,73.26607741649597,-1.2,9999.0,0
153000,3600,1400,3694.78,1415.19,1.2,0.0,95.98950203017016,-1.2,9999.0,0
153000,3600,1400,3546.39,1481.16,1.2,0.0,97.26755728401956,-1.2,9999.0,0
153000,3600,1400,3647.02,1408.17,1.2,0.0,47.72451466489732,-1.2,9999.0,0
153000,3600,1400,3575.04,1466.79,1.2,0.0,71.30151260667614,-1.2,9999.0,0
153000,3600,1400,3618.93,1441.47,1.2,0.0,45.58624573267683,-1.2,9999.0,0
153000,3600,1400,3641.61,1346.51,1.2,0.0,67.76851924013104,-1.2,9999.0,0
153000,3600,1400,3649.8,1382.79,1.2,0.0,52.68988612627683,-1.2,9999.0,0
153000,3600,1400,3687.53,1416.68,1.2,0.0,89.10512499289835,-1.2,9999.0,0
153000,3600,1400,3642.8,1353.92,1.2,0.0,62.89043170467197,-1.2,9999.0,0
153000,3600,1400,3645.13,1368.74,1.2,0.0,54.89903915370477,-1.2,9999.0,0
153000,3600,1400,3542.11,1487.32,1.2,0.0,104.76657148155596,-1.2,9999.0,0
153000,3600,1400,3633.55,1414.17,1.2,0.0,36.41965678037088,-1.2,9999.0,0
153000,3600,1400,3635.66,1416.73,1.2,0.0,39.38944655615245,-1.2,9999.0,0
153000,3600,1400,3614.73,1447.68,1.2,0.0,49.90345979989771,-1.2,9999.0,0
153000,3600,1400,3569.91,1467.31,1.2,0.0,73.72953410947339,-1.2,9999.0,0
153000,3600,1400,3667.15,1379.5,1.2,0.0,70.20949009927371,-1.2,9999.0,0
153000,3600,1400,3643.98,1361.33,1.2,0.0,58.56286622084004,-1.2,9999.0,0
153000,3600,1400,3678.57,1369.21,1.2,0.07,84.3876116500522,-1.13,9999.0,0
153000,3600,1400,3639.32,1414.35,1.2,0.0,41.856718696047,-1.2,9999.0,0
153000,3600,1400,3610.53,1453.9,1.2,0.0,54.91894846043589,-1.2,9999.0,0
153000,3600,1400,3554.94,1468.84,1.2,0.0,82.27605483978911,-1.2,9999.0,0
153000,3600,1400,3623.32,1429.24,1.2,0.0,37.40053475553536,-1.2,9999.0,0
153000,3600,1400,3660.65,1334.37,1.2,0.0,89.36285246118784,-1.2,9999.0,0
153000,3600,1400,3653.25,1333.37,1.2,0.0,85.29431047848394,-1.2,9999.0,0
153000,3600,1400,3527.76,1508.39,1.2,0.0,130.25747464157283,-1.2,9999.0,0
153000,3600,1400,3553.96,1457.33,1.2,0.0,73.52829727390666,-1.2,9999.0,0
153000,3600,1400,3630.85,1412.44,1.2,0.0,33.26373550880893,-1.2,9999.0,0
153000,3600,1400,4076.86,1633.07,1.2,13.05,530.770274695183,11.85,44.79074048060617,0
153000,3600,1400,3665.35,1387.46,1.2,0.0,66.54227303000692,-1.2,9999.0,0
153000,3600,1400,3523.73,1514.72,1.2,0.0,137.75990454410166,-1.2,9999.0,0
153000,3600,1400,3548.66,1452.02,1.2,0.0,73.08813857254823,-1.2,9999.0,0
153000,3600,1400,3726.01,1370.25,1.2,11.27,129.4742545836818,10.07,12.857423493910805,0
153000,3600,1400,3629.24,1420.46,1.2,0.0,35.687381523445914,-1.2,9999.0,0
153000,3600,1400,3619.13,1435.46,1.2,0.0,40.29104739269019,-1.2,9999.0,0
153000,3600,1400,3723.78,1409.24,1.2,0.0,124.12439727950364,-1.2,9999.0,0
153000,3600,1400,3591.31,1507.27,1.2,18.99,107.62141515516322,17.79,6.049545539919237,0
153000,3600,1400,3653.29,1407.08,1.2,0.0,53.75825983046694,-1.2,9999.0,0
154000,3600,1400,3640.64,1410.24,1.2,0.0,41.91022786862403,-1.2,9999.0,0
154000,3600,1400,3644.46,1428.78,1.2,8.33,52.96206189339688,7.13,7.428059171584415,0
154000,3600,1400,3494.46,1560.67,1.2,14.03,192.2330369629529,12.83,14.983089396956577,0
154000,3600,1400,3813.49,972.21,1.2,4.91,478.1027757710677,3.71,128.8686727145735,0
154000,3600,1400,3727.14,1279.47,1.2,9.39,175.1914966543752,8.190000000000001,21.39090313240234,0
154000,3600,1400,3645.75,1333.57,1.2,0.0,80.65982519197527,-1.2,9999.0,0
154000,3600,1400,3702.03,1413.71,1.2,0.0,102.947000927662,-1.2,9999.0,0
154000,3600,1400,3537.83,1493.48,1.2,0.0,112.26584208921255,-1.2,9999.0,0
154000,3600,1400,3669.75,1381.38,1.2,0.0,72.19256817706373,-1.2,9999.0,0
154000,3600,1400,3656.14,1401.07,1.2,0.0,56.15019590348715,-1.2,9999.0,0
154000,3600,1400,3567.77,1455.06,1.2,0.0,63.799502349156256,-1.2,9999.0,0
154000,3600,1400,3825.41,1030.48,1.2,15.52,432.8448896544811,14.32,30.226598439558735,0
154000,3600,1400,3709.28,1412.22,1.2,0.0,109.9611149452389,-1.2,9999.0,0
154000,3600,1400,3630.29,1332.96,1.2,0.0,73.56524790959378,-1.2,9999.0,0
154000,3600,1400,3673.03,1419.66,1.2,0.0,75.6299973555469,-1.2,9999.0,0
154000,3600,1400,3716.53,1410.73,1.2,0.0,117.02296270390715,-1.2,9999.0,0
154000,3600,1400,3831.16,1106.4,1.2,23.36,373.67888032373446,22.16,16.862765357569245,0
154000,3600,1400,3970.32,1358.58,1.2,17.36,372.6291974604246,16.16,23.058737466610435,0
154000,3600,1400,3671.55,1373.43,1.2,0.0,76.32409449184459,-1.2,9999.0,0
154000,3600,1400,3623.16,1335.28,1.2,0.0,68.73910095426035,-1.2,9999.0,0
154000,3600,1400,3674.15,1375.31,1.2,0.0,78.15253418795847,-1.2,9999.0,0
154000,3600,1400,3667.8,1336.48,1.2,0.0,92.90656812088164,-1.2,9999.0,0
154000,3600,1400,3511.61,1533.76,1.2,0.09,160.32632254249447,-1.11,9999.0,0
154000,3600,1400,3675.95,1367.36,1.2,0.0,82.66663232526156,-1.2,9999.0,0
154000,3600,1400,3376.27,1742.59,1.2,10.74,409.1735829693798,9.54,42.8903126802285,0
154000,3600,1400,3700.99,1355.68,1.2,7.59,110.28709126638506,6.39,17.259325706789525,0
154000,3600,1400,3826.62,1333.83,1.2,13.98,236.08281025945104,12.78,18.472833353634666,0
154000,3600,1400,3519.7,1521.05,1.2,0.0,145.2624951596248,-1.2,9999.0,0
154000,3600,1400,3543.36,1446.71,1.2,0.0,73.41603162797611,-1.2,9999.0,0
154000,3600,1400,3465.05,1605.63,1.2,13.13,245.9577187241742,11.93,20.616740882160453,0
154000,3600,1400,3515.67,1527.37,1.2,0.0,152.75688462390153,-1.2,9999.0,0
154000,3600,1400,3476.41,1381.36,1.2,6.35,124.98775019976974,5.15,24.269466058207716,0
154000,3600,1400,3627.32,1429.03,1.2,0.0,39.86380940151113,-1.2,9999.0,0
154000,3600,1400,3444.2,1635.79,1.2,15.22,282.61380734139664,14.02,20.15790351935782,0
154000,3600,1400,3595.7,1458.73,1.2,15.31,58.88720489206466,14.11,4.173437625234916,0
154000,3600,1400,3744.67,1404.95,1.2,0.0,144.75465933779134,-1.2,9999.0,0
154000,3600,1400,3613.67,1432.1,1.2,15.12,34.8895242157298,13.92,2.506431337336911,0
154000,3600,1400,3758.36,1363.19,1.2,11.48,162.58187383592315,10.28,15.815357377035326,0
154000,3600,1400,3590.59,1486.63,1.2,15.32,87.13957195212755,14.12,6.171357786977873,0
154000,3600,1400,3884.74,1320.21,1.2,11.01,295.7081529143217,9.81,30.14354260084829,0
154000,3600,1400,3662.76,1385.58,1.2,0.0,64.39529485917453,-1.2,9999.0,0
154000,3600,1400,3735.59,1265.81,1.2,7.82,190.76583603989488,6.62,28.816591546811914,0
154000,3600,1400,4035.63,1348.46,1.2,5.76,438.6682898272909,4.56,96.19918636563398,0
154000,3600,1400,3821.04,1339.41,1.2,4.07,229.19386924610347,2.87,79.85849102651689,0
154000,3600,1400,3526.95,1515.63,1.2,2.45,136.772070979422,1.2500000000000002,109.4176567835376,0
154000,3600,1400,3680.28,1418.17,1.2,0.0,82.3105540012946,-1.2,9999.0,0
154000,3600,1400,3641.18,1411.75,1.2,0.0,42.82353208225574,-1.2,9999.0,0
154000,3600,1400,3658.35,1420.38,1.2,0.0,61.8066897673706,-1.2,9999.0,0
154000,3600,1400,3550.66,1475.0,1.2,0.0,89.77435936836316,-1.2,9999.0,0
154000,3600,1400,3631.53,1422.8,1.2,0.0,38.90990747868736,-1.2,9999.0,0
154000,3600,1400,3665.7,1420.67,1.2,0.0,68.87480598883731,-1.2,9999.0,0
154000,3600,1400,3646.63,1376.07,1.2,0.0,52.41184789720749,-1.2,9999.0,0
154000,3600,1400,3926.58,1647.49,1.2,13.27,409.7630980212834,12.07,33.94888964550815,0
154000,3600,1400,3623.12,1435.25,1.2,0.0,42.15562714513918,-1.2,9999.0,0
154000,3600,1400,3581.34,1470.85,1.2,0.0,73.26607741649597,-1.2,9999.0,0
154000,3600,1400,3694.78,1415.19,1.2,0.0,95.98950203017016,-1.2,9999.0,0
154000,3600,1400,3546.39,1481.16,1.2,0.0,97.26755728401956,-1.2,9999.0,0
154000,3600,1400,3647.02,1408.17,1.2,0.0,47.72451466489732,-1.2,9999.0,0
154000,3600,1400,3575.04,1466.79,1.2,0.0,71.30151260667614,-1.2,9999.0,0
154000,3600,1400,3618.93,1441.47,1.2,0.0,45.58624573267683,-1.2,9999.0,0
154000,3600,1400,3641.61,1346.51,1.2,0.0,67.76851924013104,-1.2,9999.0,0
154000,3600,1400,3649.8,1382.79,1.2,0.0,52.68988612627683,-1.2,9999.0,0
154000,3600,1400,3687.53,1416.68,1.2,0.0,89.10512499289835,-1.2,9999.0,0
154000,3600,1400,3642.8,1353.92,1.2,0.0,62.89043170467197,-1.2,9999.0,0
154000,3600,1400,3645.13,1368.74,1.2,0.0,54.89903915370477,-1.2,9999.0,0
154000,3600,1400,3542.11,1487.32,1.2,0.0,104.76657148155596,-1.2,9999.0,0
154000,3600,1400,3633.55,1414.17,1.2,0.0,36.41965678037088,-1.2,9999.0,0
154000,3600,1400,3635.66,1416.73,1.2,0.0,39.38944655615245,-1.2,9999.0,0
154000,3600,1400,3614.73,1447.68,1.2,0.0,49.90345979989771,-1.2,9999.0,0
154000,3600,1400,3569.91,1467.31,1.2,0.0,73.72953410947339,-1.2,9999.0,0
154000,3600,1400,3667.15,1379.5,1.2,0.0,70.20949009927371,-1.2,9999.0,0
154000,3600,1400,3643.98,1361.33,1.2,0.0,58.56286622084004,-1.2,9999.0,0
154000,3600,1400,3678.55,1369.23,1.2,0.03,84.36169391376649,-1.17,9999.0,0
154000,3600,1400,3639.32,1414.35,1.2,0.0,41.856718696047,-1.2,9999.0,0
154000,3600,1400,3610.53,1453.9,1.2,0.0,54.91894846043589,-1.2,9999.0,0
154000,3600,1400,3554.94,1468.84,1.2,0.0,82.27605483978911,-1.2,9999.0,0
154000,3600,1400,3623.32,1429.24,1.2,0.0,37.40053475553536,-1.2,9999.0,0
154000,3600,1400,3660.65,1334.37,1.2,0.0,89.36285246118784,-1.2,9999.0,0
154000,3600,1400,3653.25,1333.37,1.2,0.0,85.29431047848394,-1.2,9999.0,0
154000,3600,1400,3527.76,1508.39,1.2,0.0,130.25747464157283,-1.2,9999.0,0
154000,3600,1400,3553.96,1457.33,1.2,0.0,73.52829727390666,-1.2,9999.0,0
154000,3600,1400,3630.85,1412.44,1.2,0.0,33.26373550880893,-1.2,9999.0,0
154000,3600,1400,4077.63,1619.82,1.2,13.36,525.7863152460324,12.16,43.23900618799608,0
154000,3600,1400,3665.35,1387.46,1.2,0.0,66.54227303000692,-1.2,9999.0,0
154000,3600,1400,3523.73,1514.72,1.2,0.0,137.75990454410166,-1.2,9999.0,0
154000,3600,1400,3548.66,1452.02,1.2,0.0,73.08813857254823,-1.2,9999.0,0
154000,3600,1400,3715.52,1364.14,1.2,12.14,120.95788523283626,10.94,11.056479454555417,0
154000,3600,1400,3629.24,1420.46,1.2,0.0,35.687381523445914,-1.2,9999.0,0
154000,3600,1400,3619.13,1435.46,1.2,0.0,40.29104739269019,-1.2,9999.0,0
154000,3600,1400,3723.78,1409.24,1.2,0.0,124.12439727950364,-1.2,9999.0,0
154000,3600,1400,3579.81,1524.31,1.2,20.56,125.93892249816967,19.36,6.505109633169921,0
154000,3600,1400,3653.29,1407.08,1.2,0.0,53.75825983046694,-1.2,9999.0,0
155000,3600,1400,3640.64,1410.24,1.2,0.0,41.91022786862403,-1.2,9999.0,0
155000,3600,1400,3638.94,1436.67,1.2,9.82,53.48843332908536,8.620000000000001,6.205154678548185,0
155000,3600,1400,3500.77,1550.77,1.2,11.74,180.49428190388747,10.54,17.124694677788185,0
155000,3600,1400,3814.13,979.04,1.2,6.89,472.2912009555123,5.69,83.00372600272624,0
155000,3600,1400,3645.75,1333.57,1.2,0.0,80.65982519197527,-1.2,9999.0,0
155000,3600,1400,3702.03,1413.71,1.2,0.0,102.947000927662,-1.2,9999.0,0
155000,3600,1400,3537.83,1493.48,1.2,0.0,112.26584208921255,-1.2,9999.0,0
155000,3600,1400,3669.75,1381.38,1.2,0.0,72.19256817706373,-1.2,9999.0,0
155000,3600,1400,3656.14,1401.07,1.2,0.0,56.15019590348715,-1.2,9999.0,0
155000,3600,1400,3567.77,1455.06,1.2,0.0,63.799502349156256,-1.2,9999.0,0
155000,3600,1400,3829.01,1046.91,1.2,16.88,420.8540461965407,15.68,26.840181517636527,0
155000,3600,1400,3709.28,1412.22,1.2,0.0,109.9611149452389,-1.2,9999.0,0
155000,3600,1400,3630.29,1332.96,1.2,0.0,73.56524790959378,-1.2,9999.0,0
155000,3600,1400,3673.03,1419.66,1.2,0.0,75.6299973555469,-1.2,9999.0,0
155000,3600,1400,3716.53,1410.73,1.2,0.0,117.02296270390715,-1.2,9999.0,0
155000,3600,1400,3825.05,1131.38,1.2,25.94,350.4343118189199,24.74,14.164685198824573,0
155000,3600,1400,3951.28,1362.49,1.2,19.44,353.27699967589194,18.24,19.36825656117829,0
155000,3600,1400,3671.55,1373.43,1.2,0.0,76.32409449184459,-1.2,9999.0,0
155000,3600,1400,3623.16,1335.28,1.2,0.0,68.73910095426035,-1.2,9999.0,0
155000,3600,1400,3674.15,1375.31,1.2,0.0,78.15253418795847,-1.2,9999.0,0
155000,3600,1400,3667.8,1336.48,1.2,0.0,92.90656812088164,-1.2,9999.0,0
155000,3600,1400,3511.64,1533.7,1.2,0.06,160.25972544591494,-1.14,9999.0,0
155000,3600,1400,3675.95,1367.36,1.2,0.0,82.66663232526156,-1.2,9999.0,0
155000,3600,1400,3372.61,1748.07,1.2,6.59,415.7630779662858,5.39,77.13600704383781,0
155000,3600,1400,3695.87,1352.95,1.2,5.82,106.7930681271026,4.62,23.115382711494068,0
155000,3600,1400,3519.7,1521.05,1.2,0.0,145.2624951596248,-1.2,9999.0,0
155000,3600,1400,3543.36,1446.71,1.2,0.0,73.41603162797611,-1.2,9999.0,0
155000,3600,1400,3472.36,1594.65,1.2,13.18,232.76724877009653,11.98,19.429653486652466,0
155000,3600,1400,3515.67,1527.37,1.2,0.0,152.75688462390153,-1.2,9999.0,0
155000,3600,1400,3482.12,1386.91,1.2,7.96,118.60456357155918,6.76,17.545053782775028,0
155000,3600,1400,3627.32,1429.03,1.2,0.0,39.86380940151113,-1.2,9999.0,0
155000,3600,1400,3452.19,1624.04,1.2,14.21,268.40588238710416,13.010000000000002,20.630736540130986,0
155000,3600,1400,3605.47,1444.25,1.2,17.47,44.58680746588612,16.27,2.7404306985793556,0
155000,3600,1400,3744.67,1404.95,1.2,0.0,144.75465933779134,-1.2,9999.0,0
155000,3600,1400,3623.34,1417.76,1.2,17.32,29.328709484053444,16.12,1.8193988513680797,1
155000,3600,1400,3769.3,1358.21,1.2,12.02,174.3814614573466,10.82,16.116586086630925,0
155000,3600,1400,3596.34,1474.92,1.2,13.42,75.00934608433812,12.22,6.138244360420468,0
155000,3600,1400,3897.7,1317.48,1.2,13.24,308.9252990611159,12.04,25.65824743032524,0
155000,3600,1400,3662.76,1385.58,1.2,0.0,64.39529485917453,-1.2,9999.0,0
155000,3600,1400,3740.47,1257.5,1.2,9.62,200.0951546139985,8.42,23.764270144180344,0
155000,3600,1400,4028.42,1349.92,1.2,7.35,431.3371103904695,6.15,70.13611551064544,0
155000,3600,1400,3815.58,1341.51,1.2,5.85,223.37371488158576,4.65,48.037358039050694,0
155000,3600,1400,3524.57,1519.36,1.2,4.42,141.19665187248583,3.22,43.84989188586516,0
155000,3600,1400,3590.97,1465.72,1.2,0.0,66.33746528169438,-1.2,9999.0,0
155000,3600,1400,3680.28,1418.17,1.2,0.0,82.3105540012946,-1.2,9999.0,0
155000,3600,1400,3641.18,1411.75,1.2,0.0,42.82353208225574,-1.2,9999.0,0
155000,3600,1400,3658.35,1420.38,1.2,0.0,61.8066897673706,-1.2,9999.0,0
155000,3600,1400,3550.66,1475.0,1.2,0.0,89.77435936836316,-1.2,9999.0,0
155000,3600,1400,3631.53,1422.8,1.2,0.0,38.90990747868736,-1.2,9999.0,0
155000,3600,1400,3665.7,1420.67,1.2,0.0,68.87480598883731,-1.2,9999.0,0
155000,3600,1400,3646.63,1376.07,1.2,0.0,52.41184789720749,-1.2,9999.0,0
155000,3600,1400,3915.09,1653.92,1.2,13.16,404.6690925929483,11.96,33.835208410781625,0
155000,3600,1400,3623.12,1435.25,1.2,0.0,42.15562714513918,-1.2,9999.0,0
155000,3600,1400,3581.34,1470.85,1.2,0.0,73.26607741649597,-1.2,9999.0,0
155000,3600,1400,3694.78,1415.19,1.2,0.0,95.98950203017016,-1.2,9999.0,0
155000,3600,1400,3546.39,1481.16,1.2,0.0,97.26755728401956,-1.2,9999.0,0
155000,3600,1400,3647.02,1408.17,1.2,0.0,47.72451466489732,-1.2,9999.0,0
155000,3600,1400,3575.04,1466.79,1.2,0.0,71.30151260667614,-1.2,9999.0,0
155000,3600,1400,3618.93,1441.47,1.2,0.0,45.58624573267683,-1.2,9999.0,0
155000,3600,1400,3641.61,1346.51,1.2,0.0,67.76851924013104,-1.2,9999.0,0
155000,3600,1400,3649.8,1382.79,1.2,0.0,52.68988612627683,-1.2,9999.0,0
155000,3600,1400,3687.53,1416.68,1.2,0.0,89.10512499289835,-1.2,9999.0,0
155000,3600,1400,3642.8,1353.92,1.2,0.0,62.89043170467197,-1.2,9999.0,0
155000,3600,1400,3645.13,1368.74,1.2,0.0,54.89903915370477,-1.2,9999.0,0
155000,3600,1400,3542.11,1487.32,1.2,0.0,104.76657148155596,-1.2,9999.0,0
155000,3600,1400,3633.55,1414.17,1.2,0.0,36.41965678037088,-1.2,9999.0,0
155000,3600,1400,3635.66,1416.73,1.2,0.0,39.38944655615245,-1.2,9999.0,0
155000,3600,1400,3614.73,1447.68,1.2,0.0,49.90345979989771,-1.2,9999.0,0
155000,3600,1400,3569.91,1467.31,1.2,0.0,73.72953410947339,-1.2,9999.0,0
155000,3600,1400,3667.15,1379.5,1.2,0.0,70.20949009927371,-1.2,9999.0,0
155000,3600,1400,3643.98,1361.33,1.2,0.0,58.56286622084004,-1.2,9999.0,0
155000,3600,1400,3678.55,1369.23,1.2,0.01,84.36169391376649,-1.19,9999.0,0
155000,3600,1400,3639.32,1414.35,1.2,0.0,41.856718696047,-1.2,9999.0,0
155000,3600,1400,3610.53,1453.9,1.2,0.0,54.91894846043589,-1.2,9999.0,0
155000,3600,1400,3554.94,1468.84,1.2,0.0,82.27605483978911,-1.2,9999.0,0
155000,3600,1400,3623.32,1429.24,1.2,0.0,37.40053475553536,-1.2,9999.0,0
155000,3600,1400,3660.65,1334.37,1.2,0.0,89.36285246118784,-1.2,9999.0,0
155000,3600,1400,3653.25,1333.37,1.2,0.0,85.29431047848394,-1.2,9999.0,0
155000,3600,1400,3527.76,1508.39,1.2,0.0,130.25747464157283,-1.2,9999.0,0
155000,3600,1400,3553.96,1457.33,1.2,0.0,73.52829727390666,-1.2,9999.0,0
155000,3600,1400,3630.85,1412.44,1.2,0.0,33.26373550880893,-1.2,9999.0,0
155000,3600,1400,4070.62,1609.56,1.2,13.18,515.1684947665179,11.98,43.00237852808998,0
155000,3600,1400,3665.35,1387.46,1.2,0.0,66.54227303000692,-1.2,9999.0,0
155000,3600,1400,3523.73,1514.72,1.2,0.0,137.75990454410166,-1.2,9999.0,0
155000,3600,1400,3548.66,1452.02,1.2,0.0,73.08813857254823,-1.2,9999.0,0
155000,3600,1400,3708.73,1360.18,1.2,7.86,115.79225060426108,6.66,17.386223814453615,0
155000,3600,1400,3629.24,1420.46,1.2,0.0,35.687381523445914,-1.2,9999.0,0
155000,3600,1400,3619.13,1435.46,1.2,0.0,40.29104739269019,-1.2,9999.0,0
155000,3600,1400,3723.78,1409.24,1.2,0.0,124.12439727950364,-1.2,9999.0,0
155000,3600,1400,3567.49,1542.55,1.2,22.01,146.2101316598819,20.81,7.025955389710808,0
155000,3600,1400,3653.29,1407.08,1.2,0.0,53.75825983046694,-1.2,9999.0,0
156000,3600,1400,3640.64,1410.24,1.2,0.0,41.91022786862403,-1.2,9999.0,0
156000,3600,1400,3632.16,1446.74,1.2,12.13,56.73529060470204,10.93,5.1907859656634985,0
156000,3600,1400,3504.81,1544.43,1.2,7.52,172.97734244692288,6.319999999999999,27.369832665652357,0
156000,3600,1400,3815.97,987.42,1.2,8.62,465.687982773874,7.419999999999999,62.76118366224718,0
156000,3600,1400,3645.75,1333.57,1.2,0.0,80.65982519197527,-1.2,9999.0,0
156000,3600,1400,3702.03,1413.71,1.2,0.0,102.947000927662,-1.2,9999.0,0
156000,3600,1400,3537.83,1493.48,1.2,0.0,112.26584208921255,-1.2,9999.0,0
156000,3600,1400,3669.75,1381.38,1.2,0.0,72.19256817706373,-1.2,9999.0,0
156000,3600,1400,3656.14,1401.07,1.2,0.0,56.15019590348715,-1.2,9999.0,0
156000,3600,1400,3567.77,1455.06,1.2,0.0,63.799502349156256,-1.2,9999.0,0
156000,3600,1400,3832.03,1065.85,1.2,19.3,406.8097139941476,18.1,22.475674806306497,0
156000,3600,1400,3709.28,1412.22,1.2,0.0,109.9611149452389,-1.2,9999.0,0
156000,3600,1400,3630.29,1332.96,1.2,0.0,73.56524790959378,-1.2,9999.0,0
156000,3600,1400,3673.03,1419.66,1.2,0.0,75.6299973555469,-1.2,9999.0,0
156000,3600,1400,3716.53,1410.73,1.2,0.0,117.02296270390715,-1.2,9999.0,0
156000,3600,1400,3810.9,1155.2,1.2,27.88,323.11894094899486,26.68,12.110904833170721,0
156000,3600,1400,3930.51,1366.76,1.2,21.2,332.17729859218275,20.0,16.608864929609137,0
156000,3600,1400,3671.55,1373.43,1.2,0.0,76.32409449184459,-1.2,9999.0,0
156000,3600,1400,3623.16,1335.28,1.2,0.0,68.73910095426035,-1.2,9999.0,0
156000,3600,1400,3674.15,1375.31,1.2,0.0,78.15253418795847,-1.2,9999.0,0
156000,3600,1400,3667.8,1336.48,1.2,0.0,92.90656812088164,-1.2,9999.0,0
156000,3600,1400,3511.64,1533.7,1.2,0.0,160.25972544591494,-1.2,9999.0,0
156000,3600,1400,3675.95,1367.36,1.2,0.0,82.66663232526156,-1.2,9999.0,0
156000,3600,1400,3370.22,1749.27,1.2,2.88,418.07700403155405,1.68,248.8553595425917,0
156000,3600,1400,3689.89,1354.06,1.2,6.5,100.94897572536328,5.3,19.046976551955336,0
156000,3600,1400,3519.7,1521.05,1.2,0.0,145.2624951596248,-1.2,9999.0,0
156000,3600,1400,3543.36,1446.71,1.2,0.0,73.41603162797611,-1.2,9999.0,0
156000,3600,1400,3479.66,1583.59,1.2,13.26,219.5153837433723,12.06,18.201938950528383,0
156000,3600,1400,3515.67,1527.37,1.2,0.0,152.75688462390153,-1.2,9999.0,0
156000,3600,1400,3489.38,1393.95,1.2,10.12,110.78531897322846,8.92,12.419878808657899,0
156000,3600,1400,3627.32,1429.03,1.2,0.0,39.86380940151113,-1.2,9999.0,0
156000,3600,1400,3460.43,1612.39,1.2,14.27,254.1442444754555,13.07,19.44485420623225,0
156000,3600,1400,3613.87,1431.81,1.2,15.0,34.70234862368819,13.8,2.514662943745521,0
156000,3600,1400,3744.67,1404.95,1.2,0.0,144.75465933779134,-1.2,9999.0,0
156000,3600,1400,3779.93,1353.37,1.2,11.68,185.8740482154514,10.48,17.73607330300109,0
156000,3600,1400,3602.02,1466.51,1.2,10.15,66.54066801588333,8.950000000000001,7.43471151015456,0
156000,3600,1400,3910.34,1314.78,1.2,12.93,321.8281591160104,11.73,27.436330700427142,0
156000,3600,1400,3662.76,1385.58,1.2,0.0,64.39529485917453,-1.2,9999.0,0
156000,3600,1400,3749.28,1248.79,1.2,12.0,212.48289931192127,10.8,19.6743425288816,0
156000,3600,1400,4019.3,1351.78,1.2,9.31,422.0635715150031,8.110000000000001,52.04236393526548,0
156000,3600,1400,3808.4,1344.26,1.2,7.69,215.7255376630223,6.49,33.239682228508826,0
156000,3600,1400,3521.18,1524.68,1.2,6.31,147.50489754581045,5.109999999999999,28.86592906963023,0
156000,3600,1400,3592.06,1464.12,1.2,1.93,64.60973610842244,0.73,88.50648781975677,0
156000,3600,1400,3736.06,1265.01,1.2,0.0,191.66278642449083,-1.2,9999.0,0
156000,3600,1400,3680.28,1418.17,1.2,0.0,82.3105540012946,-1.2,9999.0,0
156000,3600,1400,3641.18,1411.75,1.2,0.0,42.82353208225574,-1.2,9999.0,0
156000,3600,1400,3658.35,1420.38,1.2,0.0,61.8066897673706,-1.2,9999.0,0
156000,3600,1400,3550.66,1475.0,1.2,0.0,89.77435936836316,-1.2,9999.0,0
156000,3600,1400,3631.53,1422.8,1.2,0.0,38.90990747868736,-1.2,9999.0,0
156000,3600,1400,3665.7,1420.67,1.2,0.0,68.87480598883731,-1.2,9999.0,0
156000,3600,1400,3646.63,1376.07,1.2,0.0,52.41184789720749,-1.2,9999.0,0
156000,3600,1400,3904.07,1660.1,1.2,12.63,400.13819475276296,11.43,35.00771607635721,0
156000,3600,1400,3623.12,1435.25,1.2,0.0,42.15562714513918,-1.2,9999.0,0
156000,3600,1400,3581.34,1470.85,1.2,0.0,73.26607741649597,-1.2,9999.0,0
156000,3600,1400,3694.78,1415.19,1.2,0.0,95.98950203017016,-1.2,9999.0,0
156000,3600,1400,3546.39,1481.16,1.2,0.0,97.26755728401956,-1.2,9999.0,0
156000,3600,1400,3647.02,1408.17,1.2,0.0,47.72451466489732,-1.2,9999.0,0
156000,3600,1400,3575.04,1466.79,1.2,0.0,71.30151260667614,-1.2,9999.0,0
156000,3600,1400,3618.93,1441.47,1.2,0.0,45.58624573267683,-1.2,9999.0,0
156000,3600,1400,3641.61,1346.51,1.2,0.0,67.76851924013104,-1.2,9999.0,0
156000,3600,1400,3649.8,1382.79,1.2,0.0,52.68988612627683,-1.2,9999.0,0
156000,3600,1400,3687.53,1416.68,1.2,0.0,89.10512499289835,-1.2,9999.0,0
156000,3600,1400,3642.8,1353.92,1.2,0.0,62.89043170467197,-1.2,9999.0,0
156000,3600,1400,3645.13,1368.74,1.2,0.0,54.89903915370477,-1.2,9999.0,0
156000,3600,1400,3542.11,1487.32,1.2,0.0,104.76657148155596,-1.2,9999.0,0
156000,3600,1400,3633.55,1414.17,1.2,0.0,36.41965678037088,-1.2,9999.0,0
156000,3600,1400,3635.66,1416.73,1.2,0.0,39.38944655615245,-1.2,9999.0,0
156000,3600,1400,3614.73,1447.68,1.2,0.0,49.90345979989771,-1.2,9999.0,0
156000,3600,1400,3569.91,1467.31,1.2,0.0,73.72953410947339,-1.2,9999.0,0
156000,3600,1400,3667.15,1379.5,1.2,0.0,70.20949009927371,-1.2,9999.0,0
156000,3600,1400,3643.98,1361.33,1.2,0.0,58.56286622084004,-1.2,9999.0,0
156000,3600,1400,3678.55,1369.24,1.2,0.0,84.35804703761241,-1.2,9999.0,0
156000,3600,1400,3639.32,1414.35,1.2,0.0,41.856718696047,-1.2,9999.0,0
156000,3600,1400,3610.53,1453.9,1.2,0.0,54.91894846043589,-1.2,9999.0,0
156000,3600,1400,3554.94,1468.84,1.2,0.0,82.27605483978911,-1.2,9999.0,0
156000,3600,1400,3623.32,1429.24,1.2,0.0,37.40053475553536,-1.2,9999.0,0
156000,3600,1400,3660.65,1334.37,1.2,0.0,89.36285246118784,-1.2,9999.0,0
156000,3600,1400,3653.25,1333.37,1.2,0.0,85.29431047848394,-1.2,9999.0,0
156000,3600,1400,3527.76,1508.39,1.2,0.0,130.25747464157283,-1.2,9999.0,0
156000,3600,1400,3553.96,1457.33,1.2,0.0,73.52829727390666,-1.2,9999.0,0
156000,3600,1400,3630.85,1412.44,1.2,0.0,33.26373550880893,-1.2,9999.0,0
156000,3600,1400,4058.51,1608.24,1.2,12.35,503.5824835118872,11.15,45.16434829703024,0
156000,3600,1400,3665.35,1387.46,1.2,0.0,66.54227303000692,-1.2,9999.0,0
156000,3600,1400,3523.73,1514.72,1.2,0.0,137.75990454410166,-1.2,9999.0,0
156000,3600,1400,3548.66,1452.02,1.2,0.0,73.08813857254823,-1.2,9999.0,0
156000,3600,1400,3703.46,1357.12,1.2,6.1,111.9940444845172,4.9,22.855927445819837,0
156000,3600,1400,3629.24,1420.46,1.2,0.0,35.687381523445914,-1.2,9999.0,0
156000,3600,1400,3619.13,1435.46,1.2,0.0,40.29104739269019,-1.2,9999.0,0
156000,3600,1400,3723.78,1409.24,1.2,0.0,124.12439727950364,-1.2,9999.0,0
156000,3600,1400,3556.96,1558.17,1.2,18.83,163.9212936137341,17.63,9.297861237307663,0
156000,3600,1400,3653.29,1407.08,1.2,0.0,53.75825983046694,-1.2,9999.0,0
157000,3600,1400,3640.64,1410.24,1.2,0.0,41.91022786862403,-1.2,9999.0,0
157000,3600,1400,3624.57,1457.99,1.2,13.57,62.98035407966527,12.37,5.0913786644838535,0
157000,3600,1400,3507.16,1540.74,1.2,4.38,168.60312333999045,3.18,53.01985010691523,0
157000,3600,1400,3818.2,997.58,1.2,10.44,457.7696979923418,9.24,49.5421751073963,0
157000,3600,1400,3645.75,1333.57,1.2,0.0,80.65982519197527,-1.2,9999.0,0
157000,3600,1400,3702.03,1413.71,1.2,0.0,102.947000927662,-1.2,9999.0,0
157000,3600,1400,3537.83,1493.48,1.2,0.0,112.26584208921255,-1.2,9999.0,0
157000,3600,1400,3669.75,1381.38,1.2,0.0,72.19256817706373,-1.2,9999.0,0
157000,3600,1400,3656.14,1401.07,1.2,0.0,56.15019590348715,-1.2,9999.0,0
157000,3600,1400,3567.77,1455.06,1.2,0.0,63.799502349156256,-1.2,9999.0,0
157000,3600,1400,3832.9,1086.53,1.2,20.79,390.5199750332882,19.59,19.93465926663033,0
157000,3600,1400,3709.28,1412.22,1.2,0.0,109.9611149452389,-1.2,9999.0,0
157000,3600,1400,3630.29,1332.96,1.2,0.0,73.56524790959378,-1.2,9999.0,0
157000,3600,1400,3673.03,1419.66,1.2,0.0,75.6299973555469,-1.2,9999.0,0
157000,3600,1400,3716.53,1410.73,1.2,0.0,117.02296270390715,-1.2,9999.0,0
157000,3600,1400,3796.23,1178.74,1.2,27.84,295.7400894366538,26.64,11.1013547085831,0
157000,3600,1400,3907.46,1371.49,1.2,23.53,308.7790013909625,22.33,13.827989314418383,0
157000,3600,1400,3671.55,1373.43,1.2,0.0,76.32409449184459,-1.2,9999.0,0
157000,3600,1400,3623.16,1335.28,1.2,0.0,68.73910095426035,-1.2,9999.0,0
157000,3600,1400,3674.15,1375.31,1.2,0.0,78.15253418795847,-1.2,9999.0,0
157000,3600,1400,3667.8,1336.48,1.2,0.0,92.90656812088164,-1.2,9999.0,0
157000,3600,1400,3511.64,1533.7,1.2,0.0,160.25972544591494,-1.2,9999.0,0
157000,3600,1400,3675.95,1367.36,1.2,0.0,82.66663232526156,-1.2,9999.0,0
157000,3600,1400,3369.79,1746.53,1.2,3.22,416.0284665741036,2.0200000000000005,205.95468642282353,0
157000,3600,1400,3686.19,1358.68,1.2,5.94,95.58273118089902,4.74,20.16513316052722,0
157000,3600,1400,3519.7,1521.05,1.2,0.0,145.2624951596248,-1.2,9999.0,0
157000,3600,1400,3543.36,1446.71,1.2,0.0,73.41603162797611,-1.2,9999.0,0
157000,3600,1400,3487.35,1571.84,1.2,14.04,205.47264562466705,12.84,16.00254249413295,0
157000,3600,1400,3515.67,1527.37,1.2,0.0,152.75688462390153,-1.2,9999.0,0
157000,3600,1400,3498.44,1402.75,1.2,12.63,101.59722486367426,11.43,8.888646094809646,0
157000,3600,1400,3627.32,1429.03,1.2,0.0,39.86380940151113,-1.2,9999.0,0
157000,3600,1400,3468.47,1600.53,1.2,14.32,239.81747601040263,13.12,18.27877103737825,0
157000,3600,1400,3623.61,1417.36,1.2,17.45,29.305318629900658,16.25,1.803404223378502,1
157000,3600,1400,3744.67,1404.95,1.2,0.0,144.75465933779134,-1.2,9999.0,0
157000,3600,1400,3790.88,1348.39,1.2,12.04,197.73408026943667,10.84,18.241151316368697,0
157000,3600,1400,3605.18,1461.83,1.2,5.65,62.04660587010372,4.45,13.943057498899712,0
157000,3600,1400,3923.47,1311.97,1.2,13.43,335.23442812455863,12.23,27.41082813773987,0
157000,3600,1400,3662.76,1385.58,1.2,0.0,64.39529485917453,-1.2,9999.0,0
157000,3600,1400,3756.06,1237.23,1.2,13.41,225.49677713883185,12.21,18.46820451587484,0
157000,3600,1400,4007.95,1354.12,1.2,11.59,410.5218348638716,10.39,39.511244933962615,0
157000,3600,1400,3799.19,1348.13,1.2,9.99,205.83282779964912,8.790000000000001,23.416703959004447,0
157000,3600,1400,3516.75,1531.64,1.2,8.25,155.75510296616295,7.05,22.092922406547938,0
157000,3600,1400,3594.52,1460.48,1.2,4.4,60.727759714977154,3.2,18.97742491093036,0
157000,3600,1400,3737.14,1263.17,1.2,2.12,193.72616885697175,0.9200000000000002,210.57192267062143,0
157000,3600,1400,3630.27,1181.2,1.2,0.0,220.8839353597268,-1.2,9999.0,0
157000,3600,1400,3680.28,1418.17,1.2,0.0,82.3105540012946,-1.2,9999.0,0
157000,3600,1400,3641.18,1411.75,1.2,0.0,42.82353208225574,-1.2,9999.0,0
157000,3600,1400,3658.35,1420.38,1.2,0.0,61.8066897673706,-1.2,9999.0,0
157000,3600,1400,3550.66,1475.0,1.2,0.0,89.77435936836316,-1.2,9999.0,0
157000,3600,1400,3631.53,1422.8,1.2,0.0,38.90990747868736,-1.2,9999.0,0
157000,3600,1400,3665.7,1420.67,1.2,0.0,68.87480598883731,-1.2,9999.0,0
157000,3600,1400,3646.63,1376.07,1.2,0.0,52.41184789720749,-1.2,9999.0,0
157000,3600,1400,3892.2,1665.9,1.2,13.23,395.0742335308643,12.03,32.84075091694633,0
157000,3600,1400,3623.12,1435.25,1.2,0.0,42.15562714513918,-1.2,9999.0,0
157000,3600,1400,3581.34,1470.85,1.2,0.0,73.26607741649597,-1.2,9999.0,0
157000,3600,1400,3694.78,1415.19,1.2,0.0,95.98950203017016,-1.2,9999.0,0
157000,3600,1400,3546.39,1481.16,1.2,0.0,97.26755728401956,-1.2,9999.0,0
157000,3600,1400,3647.02,1408.17,1.2,0.0,47.72451466489732,-1.2,9999.0,0
157000,3600,1400,3575.04,1466.79,1.2,0.0,71.30151260667614,-1.2,9999.0,0
157000,3600,1400,3618.93,1441.47,1.2,0.0,45.58624573267683,-1.2,9999.0,0
157000,3600,1400,3641.61,1346.51,1.2,0.0,67.76851924013104,-1.2,9999.0,0
157000,3600,1400,3649.8,1382.79,1.2,0.0,52.68988612627683,-1.2,9999.0,0
157000,3600,1400,3687.53,1416.68,1.2,0.0,89.10512499289835,-1.2,9999.0,0
157000,3600,1400,3642.8,1353.92,1.2,0.0,62.89043170467197,-1.2,9999.0,0
157000,3600,1400,3645.13,1368.74,1.2,0.0,54.89903915370477,-1.2,9999.0,0
157000,3600,1400,3542.11,1487.32,1.2,0.0,104.76657148155596,-1.2,9999.0,0
157000,3600,1400,3633.55,1414.17,1.2,0.0,36.41965678037088,-1.2,9999.0,0
157000,3600,1400,3635.66,1416.73,1.2,0.0,39.38944655615245,-1.2,9999.0,0
157000,3600,1400,3614.73,1447.68,1.2,0.0,49.90345979989771,-1.2,9999.0,0
157000,3600,1400,3569.91,1467.31,1.2,0.0,73.72953410947339,-1.2,9999.0,0
157000,3600,1400,3667.15,1379.5,1.2,0.0,70.20949009927371,-1.2,9999.0,0
157000,3600,1400,3643.98,1361.33,1.2,0.0,58.56286622084004,-1.2,9999.0,0
157000,3600,1400,3678.55,1369.24,1.2,0.0,84.35804703761241,-1.2,9999.0,0
157000,3600,1400,3639.32,1414.35,1.2,0.0,41.856718696047,-1.2,9999.0,0
157000,3600,1400,3610.53,1453.9,1.2,0.0,54.91894846043589,-1.2,9999.0,0
157000,3600,1400,3554.94,1468.84,1.2,0.0,82.27605483978911,-1.2,9999.0,0
157000,3600,1400,3623.32,1429.24,1.2,0.0,37.40053475553536,-1.2,9999.0,0
157000,3600,1400,3660.65,1334.37,1.2,0.0,89.36285246118784,-1.2,9999.0,0
157000,3600,1400,3653.25,1333.37,1.2,0.0,85.29431047848394,-1.2,9999.0,0
157000,3600,1400,3527.76,1508.39,1.2,0.0,130.25747464157283,-1.2,9999.0,0
157000,3600,1400,3553.96,1457.33,1.2,0.0,73.52829727390666,-1.2,9999.0,0
157000,3600,1400,3630.85,1412.44,1.2,0.0,33.26373550880893,-1.2,9999.0,0
157000,3600,1400,4046.08,1608.51,1.2,12.43,492.40611947862703,11.23,43.8473837469837,0
157000,3600,1400,3665.35,1387.46,1.2,0.0,66.54227303000692,-1.2,9999.0,0
157000,3600,1400,3523.73,1514.72,1.2,0.0,137.75990454410166,-1.2,9999.0,0
157000,3600,1400,3548.66,1452.02,1.2,0.0,73.08813857254823,-1.2,9999.0,0
157000,3600,1400,3698.5,1354.23,1.2,5.74,108.6146532471563,4.54,23.92393243329434,0
157000,3600,1400,3629.24,1420.46,1.2,0.0,35.687381523445914,-1.2,9999.0,0
157000,3600,1400,3619.13,1435.46,1.2,0.0,40.29104739269019,-1.2,9999.0,0
157000,3600,1400,3723.78,1409.24,1.2,0.0,124.12439727950364,-1.2,9999.0,0
157000,3600,1400,3548.7,1570.58,1.2,14.95,178.12699514672107,13.75,12.954690556125168,0
157000,3600,1400,3653.29,1407.08,1.2,0.0,53.75825983046694,-1.2,9999.0,0
158000,3600,1400,3640.64,1410.24,1.2,0.0,41.91022786862403,-1.2,9999.0,0
158000,3600,1400,3616.14,1470.48,1.2,15.06,72.30442586730081,13.86,5.216769543095297,0
158000,3600,1400,3507.54,1540.15,1.2,0.7,167.90138206697415,-0.5,9999.0,0
158000,3600,1400,3820.75,1009.22,1.2,11.96,448.8201988547307,10.760000000000002,41.71191439170359,0
158000,3600,1400,3645.75,1333.57,1.2,0.0,80.65982519197527,-1.2,9999.0,0
158000,3600,1400,3702.03,1413.71,1.2,0.0,102.947000927662,-1.2,9999.0,0
158000,3600,1400,3537.83,1493.48,1.2,0.0,112.26584208921255,-1.2,9999.0,0
158000,3600,1400,3669.75,1381.38,1.2,0.0,72.19256817706373,-1.2,9999.0,0
158000,3600,1400,3656.14,1401.07,1.2,0.0,56.15019590348715,-1.2,9999.0,0
158000,3600,1400,3567.77,1455.06,1.2,0.0,63.799502349156256,-1.2,9999.0,0
158000,3600,1400,3830.77,1108.92,1.2,22.64,371.45976807724406,21.44,17.325548884199815,0
158000,3600,1400,3709.28,1412.22,1.2,0.0,109.9611149452389,-1.2,9999.0,0
158000,3600,1400,3630.29,1332.96,1.2,0.0,73.56524790959378,-1.2,9999.0,0
158000,3600,1400,3673.03,1419.66,1.2,0.0,75.6299973555469,-1.2,9999.0,0
158000,3600,1400,3716.53,1410.73,1.2,0.0,117.02296270390715,-1.2,9999.0,0
158000,3600,1400,3781.23,1202.93,1.2,28.57,267.7328851672875,27.37,9.781983382071155,0
158000,3600,1400,3882.4,1376.64,1.2,25.59,283.36451718590325,24.39,11.618061385235885,0
158000,3600,1400,3671.55,1373.43,1.2,0.0,76.32409449184459,-1.2,9999.0,0
158000,3600,1400,3623.16,1335.28,1.2,0.0,68.73910095426035,-1.2,9999.0,0
158000,3600,1400,3674.15,1375.31,1.2,0.0,78.15253418795847,-1.2,9999.0,0
158000,3600,1400,3667.8,1336.48,1.2,0.0,92.90656812088164,-1.2,9999.0,0
158000,3600,1400,3511.64,1533.7,1.2,0.0,160.25972544591494,-1.2,9999.0,0
158000,3600,1400,3675.95,1367.36,1.2,0.0,82.66663232526156,-1.2,9999.0,0
158000,3600,1400,3372.48,1742.51,1.2,4.85,411.19150100652615,3.65,112.65520575521265,0
158000,3600,1400,3683.66,1362.17,1.2,4.31,91.81560052627206,3.1099999999999994,29.522701133849544,0
158000,3600,1400,3519.7,1521.05,1.2,0.0,145.2624951596248,-1.2,9999.0,0
158000,3600,1400,3543.36,1446.71,1.2,0.0,73.41603162797611,-1.2,9999.0,0
158000,3600,1400,3494.44,1560.71,1.2,13.19,192.2774497958614,11.99,16.036484553449657,0
158000,3600,1400,3515.67,1527.37,1.2,0.0,152.75688462390153,-1.2,9999.0,0
158000,3600,1400,3507.79,1411.83,1.2,13.03,92.96576251502488,11.83,7.858475275995341,0
158000,3600,1400,3627.32,1429.03,1.2,0.0,39.86380940151113,-1.2,9999.0,0
158000,3600,1400,3476.3,1588.68,1.2,14.21,225.61434440212344,13.010000000000002,17.341609869494498,0
158000,3600,1400,3630.9,1405.97,1.2,12.95,31.47142990078471,11.75,2.6784195660242305,0
158000,3600,1400,3744.67,1404.95,1.2,0.0,144.75465933779134,-1.2,9999.0,0
158000,3600,1400,3801.79,1343.42,1.2,11.98,209.5721844615835,10.78,19.440833437994762,0
158000,3600,1400,3605.82,1460.88,1.2,1.15,61.157557178160864,-0.05,9999.0,0
158000,3600,1400,3936.03,1309.29,1.2,12.85,348.0581345120383,11.65,29.876234722063373,0
158000,3600,1400,3662.76,1385.58,1.2,0.0,64.39529485917453,-1.2,9999.0,0
158000,3600,1400,3764.19,1224.26,1.2,15.33,240.50551698453827,14.13,17.02091415318742,0
158000,3600,1400,3994.35,1356.91,1.2,13.89,396.6972026621816,12.69,31.26061486699619,0
158000,3600,1400,3788.05,1353.2,1.2,12.24,193.7860740610637,11.04,17.553086418574612,0
158000,3600,1400,3511.21,1540.33,1.2,10.3,166.0607509316996,9.1,18.24843416831864,0
158000,3600,1400,3597.9,1455.47,1.2,6.04,55.50973698370406,4.84,11.468953922252904,0
158000,3600,1400,3739.34,1259.42,1.2,4.35,197.9352722482782,3.1499999999999995,62.83659436453278,0
158000,3600,1400,3630.09,1183.1,1.2,1.92,218.97720908806932,0.72,304.1350126223185,0
158000,3600,1400,3680.28,1418.17,1.2,0.0,82.3105540012946,-1.2,9999.0,0
158000,3600,1400,3641.18,1411.75,1.2,0.0,42.82353208225574,-1.2,9999.0,0
158000,3600,1400,3658.35,1420.38,1.2,0.0,61.8066897673706,-1.2,9999.0,0
158000,3600,1400,3550.66,1475.0,1.2,0.0,89.77435936836316,-1.2,9999.0,0
158000,3600,1400,3631.53,1422.8,1.2,0.0,38.90990747868736,-1.2,9999.0,0
158000,3600,1400,3665.7,1420.67,1.2,0.0,68.87480598883731,-1.2,9999.0,0
158000,3600,1400,3646.63,1376.07,1.2,0.0,52.41184789720749,-1.2,9999.0,0
158000,3600,1400,3879.87,1668.88,1.2,12.76,388.10265562090655,11.56,33.57289408485351,0
158000,3600,1400,3623.12,1435.25,1.2,0.0,42.15562714513918,-1.2,9999.0,0
158000,3600,1400,3581.34,1470.85,1.2,0.0,73.26607741649597,-1.2,9999.0,0
158000,3600,1400,3694.78,1415.19,1.2,0.0,95.98950203017016,-1.2,9999.0,0
158000,3600,1400,3546.39,1481.16,1.2,0.0,97.26755728401956,-1.2,9999.0,0
158000,3600,1400,3647.02,1408.17,1.2,0.0,47.72451466489732,-1.2,9999.0,0
158000,3600,1400,3575.04,1466.79,1.2,0.0,71.30151260667614,-1.2,9999.0,0
158000,3600,1400,3618.93,1441.47,1.2,0.0,45.58624573267683,-1.2,9999.0,0
158000,3600,1400,3641.61,1346.51,1.2,0.0,67.76851924013104,-1.2,9999.0,0
158000,3600,1400,3649.8,1382.79,1.2,0.0,52.68988612627683,-1.2,9999.0,0
158000,3600,1400,3687.53,1416.68,1.2,0.0,89.10512499289835,-1.2,9999.0,0
158000,3600,1400,3642.8,1353.92,1.2,0.0,62.89043170467197,-1.2,9999.0,0
158000,3600,1400,3645.13,1368.74,1.2,0.0,54.89903915370477,-1.2,9999.0,0
158000,3600,1400,3542.11,1487.32,1.2,0.0,104.76657148155596,-1.2,9999.0,0
158000,3600,1400,3633.55,1414.17,1.2,0.0,36.41965678037088,-1.2,9999.0,0
158000,3600,1400,3635.66,1416.73,1.2,0.0,39.38944655615245,-1.2,9999.0,0
158000,3600,1400,3614.73,1447.68,1.2,0.0,49.90345979989771,-1.2,9999.0,0
158000,3600,1400,3569.91,1467.31,1.2,0.0,73.72953410947339,-1.2,9999.0,0
158000,3600,1400,3667.15,1379.5,1.2,0.0,70.20949009927371,-1.2,9999.0,0
158000,3600,1400,3643.98,1361.33,1.2,0.0,58.56286622084004,-1.2,9999.0,0
158000,3600,1400,3678.54,1369.24,1.2,0.0,84.34873561589404,-1.2,9999.0,0
158000,3600,1400,3639.32,1414.35,1.2,0.0,41.856718696047,-1.2,9999.0,0
158000,3600,1400,3610.53,1453.9,1.2,0.0,54.91894846043589,-1.2,9999.0,0
158000,3600,1400,3554.94,1468.84,1.2,0.0,82.27605483978911,-1.2,9999.0,0
158000,3600,1400,3623.32,1429.24,1.2,0.0,37.40053475553536,-1.2,9999.0,0
158000,3600,1400,3660.65,1334.37,1.2,0.0,89.36285246118784,-1.2,9999.0,0
158000,3600,1400,3653.25,1333.37,1.2,0.0,85.29431047848394,-1.2,9999.0,0
158000,3600,1400,3527.76,1508.39,1.2,0.0,130.25747464157283,-1.2,9999.0,0
158000,3600,1400,3553.96,1457.33,1.2,0.0,73.52829727390666,-1.2,9999.0,0
158000,3600,1400,3630.85,1412.44,1.2,0.0,33.26373550880893,-1.2,9999.0,0
158000,3600,1400,4033.35,1608.95,1.2,12.73,481.0949230661242,11.53,41.725492026550235,0
158000,3600,1400,3665.35,1387.46,1.2,0.0,66.54227303000692,-1.2,9999.0,0
158000,3600,1400,3523.73,1514.72,1.2,0.0,137.75990454410166,-1.2,9999.0,0
158000,3600,1400,3548.66,1452.02,1.2,0.0,73.08813857254823,-1.2,9999.0,0
158000,3600,1400,3697.43,1353.61,1.2,1.24,107.91031924704872,0.04,2697.757981176218,0
158000,3600,1400,3629.24,1420.46,1.2,0.0,35.687381523445914,-1.2,9999.0,0
158000,3600,1400,3619.13,1435.46,1.2,0.0,40.29104739269019,-1.2,9999.0,0
158000,3600,1400,3723.78,1409.24,1.2,0.0,124.12439727950364,-1.2,9999.0,0
158000,3600,1400,3542.91,1579.28,1.2,10.45,188.1504358219773,9.25,20.340587656429978,0
158000,3600,1400,3653.29,1407.08,1.2,0.0,53.75825983046694,-1.2,9999.0,0
159000,3600,1400,3640.64,1410.24,1.2,0.0,41.91022786862403,-1.2,9999.0,0
159000,3600,1400,3606.71,1484.45,1.2,16.85,84.7161531232386,15.650000000000002,5.413172723529622,0
159000,3600,1400,3507.61,1540.03,1.2,0.14,167.7626686721452,-1.06,9999.0,0
159000,3600,1400,3823.59,1022.2,1.2,13.33,439.00492947118494,12.13,36.191667722274104,0
159000,3600,1400,3645.75,1333.57,1.2,0.0,80.65982519197527,-1.2,9999.0,0
159000,3600,1400,3702.03,1413.71,1.2,0.0,102.947000927662,-1.2,9999.0,0
159000,3600,1400,3537.83,1493.48,1.2,0.0,112.26584208921255,-1.2,9999.0,0
159000,3600,1400,3669.75,1381.38,1.2,0.0,72.19256817706373,-1.2,9999.0,0
159000,3600,1400,3656.14,1401.07,1.2,0.0,56.15019590348715,-1.2,9999.0,0
159000,3600,1400,3567.77,1455.06,1.2,0.0,63.799502349156256,-1.2,9999.0,0
159000,3600,1400,3824.76,1132.17,1.2,24.23,349.64262683488704,23.03,15.182050665865697,0
159000,3600,1400,3709.28,1412.22,1.2,0.0,109.9611149452389,-1.2,9999.0,0
159000,3600,1400,3630.29,1332.96,1.2,0.0,73.56524790959378,-1.2,9999.0,0
159000,3600,1400,3673.03,1419.66,1.2,0.0,75.6299973555469,-1.2,9999.0,0
159000,3600,1400,3716.53,1410.73,1.2,0.0,117.02296270390715,-1.2,9999.0,0
159000,3600,1400,3766.42,1226.72,1.2,28.07,240.2531473258988,26.87,8.941315494078854,0
159000,3600,1400,3855.28,1382.22,1.2,27.68,255.8984306321555,26.48,9.663838014809498,0
159000,3600,1400,3671.55,1373.43,1.2,0.0,76.32409449184459,-1.2,9999.0,0
159000,3600,1400,3623.16,1335.28,1.2,0.0,68.73910095426035,-1.2,9999.0,0
159000,3600,1400,3674.15,1375.31,1.2,0.0,78.15253418795847,-1.2,9999.0,0
159000,3600,1400,3667.8,1336.48,1.2,0.0,92.90656812088164,-1.2,9999.0,0
159000,3600,1400,3511.64,1533.7,1.2,0.0,160.25972544591494,-1.2,9999.0,0
159000,3600,1400,3675.95,1367.36,1.2,0.0,82.66663232526156,-1.2,9999.0,0
159000,3600,1400,3376.44,1736.59,1.2,7.12,404.0691793492792,5.92,68.254928944135,0
159000,3600,1400,3683.24,1362.75,1.2,0.72,91.19462758298847,-0.48,9999.0,0
159000,3600,1400,3519.7,1521.05,1.2,0.0,145.2624951596248,-1.2,9999.0,0
159000,3600,1400,3543.36,1446.71,1.2,0.0,73.41603162797611,-1.2,9999.0,0
159000,3600,1400,3499.42,1552.89,1.2,9.27,183.00734548099436,8.07,22.677490146343786,0
159000,3600,1400,3515.67,1527.37,1.2,0.0,152.75688462390153,-1.2,9999.0,0
159000,3600,1400,3517.11,1420.88,1.2,12.99,85.47939225333778,11.79,7.250160496466309,0
159000,3600,1400,3627.32,1429.03,1.2,0.0,39.86380940151113,-1.2,9999.0,0
159000,3600,1400,3484.56,1576.16,1.2,15.0,210.61514475459745,13.8,15.261967011202714,0
159000,3600,1400,3638.97,1397.81,1.2,11.07,39.03148728911037,9.87,3.954557982685955,0
159000,3600,1400,3744.67,1404.95,1.2,0.0,144.75465933779134,-1.2,9999.0,0
159000,3600,1400,3812.15,1339.39,1.2,11.12,220.63815309234263,9.92,22.24174930366357,0
159000,3600,1400,3606.32,1460.13,1.2,0.9,60.46122145640142,-0.2999999999999999,9999.0,0
159000,3600,1400,3948.97,1306.51,1.2,13.23,361.2761284668555,12.03,30.031265874219077,0
159000,3600,1400,3662.76,1385.58,1.2,0.0,64.39529485917453,-1.2,9999.0,0
159000,3600,1400,3773.67,1209.06,1.2,17.91,258.10724999503606,16.71,15.44627468551981,0
159000,3600,1400,3979.31,1360.0,1.2,15.36,381.4132615680791,14.16,26.93596480000559,0
159000,3600,1400,3775.49,1358.92,1.2,13.8,180.2340325798652,12.6,14.3042882999893,0
159000,3600,1400,3504.69,1550.56,1.2,12.14,178.19177786867712,10.94,16.288096697319663,0
159000,3600,1400,3602.1,1449.24,1.2,7.51,49.284760322030586,6.31,7.81058008273068,0
159000,3600,1400,3742.32,1254.33,1.2,5.9,203.6534588461489,4.7,43.330523158755085,0
159000,3600,1400,3629.75,1186.8,1.2,3.71,215.2656556443689,2.51,85.7632094200673,0
159000,3600,1400,3675.31,1340.17,1.2,0.0,96.1832885692727,-1.2,9999.0,0
159000,3600,1400,3680.28,1418.17,1.2,0.0,82.3105540012946,-1.2,9999.0,0
159000,3600,1400,3641.18,1411.75,1.2,0.0,42.82353208225574,-1.2,9999.0,0
159000,3600,1400,3658.35,1420.38,1.2,0.0,61.8066897673706,-1.2,9999.0,0
159000,3600,1400,3550.66,1475.0,1.2,0.0,89.77435936836316,-1.2,9999.0,0
159000,3600,1400,3631.53,1422.8,1.2,0.0,38.90990747868736,-1.2,9999.0,0
159000,3600,1400,3665.7,1420.67,1.2,0.0,68.87480598883731,-1.2,9999.0,0
159000,3600,1400,3646.63,1376.07,1.2,0.0,52.41184789720749,-1.2,9999.0,0
159000,3600,1400,3867.15,1670.03,1.2,12.77,379.84907976721496,11.57,32.83051683381287,0
159000,3600,1400,3623.12,1435.25,1.2,0.0,42.15562714513918,-1.2,9999.0,0
159000,3600,1400,3581.34,1470.85,1.2,0.0,73.26607741649597,-1.2,9999.0,0
159000,3600,1400,3694.78,1415.19,1.2,0.0,95.98950203017016,-1.2,9999.0,0
159000,3600,1400,3546.39,1481.16,1.2,0.0,97.26755728401956,-1.2,9999.0,0
159000,3600,1400,3647.02,1408.17,1.2,0.0,47.72451466489732,-1.2,9999.0,0
159000,3600,1400,3575.04,1466.79,1.2,0.0,71.30151260667614,-1.2,9999.0,0
159000,3600,1400,3618.93,1441.47,1.2,0.0,45.58624573267683,-1.2,9999.0,0
159000,3600,1400,3641.61,1346.51,1.2,0.0,67.76851924013104,-1.2,9999.0,0
159000,3600,1400,3649.8,1382.79,1.2,0.0,52.68988612627683,-1.2,9999.0,0
159000,3600,1400,3687.53,1416.68,1.2,0.0,89.10512499289835,-1.2,9999.0,0
159000,3600,1400,3642.8,1353.92,1.2,0.0,62.89043170467197,-1.2,9999.0,0
159000,3600,1400,3645.13,1368.74,1.2,0.0,54.89903915370477,-1.2,9999.0,0
159000,3600,1400,3542.11,1487.32,1.2,0.0,104.76657148155596,-1.2,9999.0,0
159000,3600,1400,3633.55,1414.17,1.2,0.0,36.41965678037088,-1.2,9999.0,0
159000,3600,1400,3635.66,1416.73,1.2,0.0,39.38944655615245,-1.2,9999.0,0
159000,3600,1400,3614.73,1447.68,1.2,0.0,49.90345979989771,-1.2,9999.0,0
159000,3600,1400,3569.91,1467.31,1.2,0.0,73.72953410947339,-1.2,9999.0,0
159000,3600,1400,3667.15,1379.5,1.2,0.0,70.20949009927371,-1.2,9999.0,0
159000,3600,1400,3643.98,1361.33,1.2,0.0,58.56286622084004,-1.2,9999.0,0
159000,3600,1400,3678.54,1369.24,1.2,0.0,84.34873561589404,-1.2,9999.0,0
159000,3600,1400,3639.32,1414.35,1.2,0.0,41.856718696047,-1.2,9999.0,0
159000,3600,1400,3610.53,1453.9,1.2,0.0,54.91894846043589,-1.2,9999.0,0
159000,3600,1400,3554.94,1468.84,1.2,0.0,82.27605483978911,-1.2,9999.0,0
159000,3600,1400,3623.32,1429.24,1.2,0.0,37.40053475553536,-1.2,9999.0,0
159000,3600,1400,3660.65,1334.37,1.2,0.0,89.36285246118784,-1.2,9999.0,0
159000,3600,1400,3653.25,1333.37,1.2,0.0,85.29431047848394,-1.2,9999.0,0
159000,3600,1400,3527.76,1508.39,1.2,0.0,130.25747464157283,-1.2,9999.0,0
159000,3600,1400,3553.96,1457.33,1.2,0.0,73.52829727390666,-1.2,9999.0,0
159000,3600,1400,3630.85,1412.44,1.2,0.0,33.26373550880893,-1.2,9999.0,0
159000,3600,1400,4020.14,1610.12,1.2,13.26,469.7531628419332,12.06,38.95134020248202,0
159000,3600,1400,3665.35,1387.46,1.2,0.0,66.54227303000692,-1.2,9999.0,0
159000,3600,1400,3523.73,1514.72,1.2,0.0,137.75990454410166,-1.2,9999.0,0
159000,3600,1400,3548.66,1452.02,1.2,0.0,73.08813857254823,-1.2,9999.0,0
159000,3600,1400,3697.33,1353.55,1.2,0.12,107.8458687201322,-1.08,9999.0,0
159000,3600,1400,3629.24,1420.46,1.2,0.0,35.687381523445914,-1.2,9999.0,0
159000,3600,1400,3619.13,1435.46,1.2,0.0,40.29104739269019,-1.2,9999.0,0
159000,3600,1400,3723.78,1409.24,1.2,0.0,124.12439727950364,-1.2,9999.0,0
159000,3600,1400,3539.15,1584.95,1.2,6.8,194.7029147188095,5.6,34.76837762835884,0
159000,3600,1400,3653.29,1407.08,1.2,0.0,53.75825983046694,-1.2,9999.0,0
160000,3600,1400,3640.64,1410.24,1.2,0.0,41.91022786862403,-1.2,9999.0,0
160000,3600,1400,3595.98,1500.35,1.2,19.19,100.43048790083608,17.990000000000002,5.582572979479493,0
160000,3600,1400,3507.61,1540.03,1.2,0.01,167.7626686721452,-1.19,9999.0,0
160000,3600,1400,3826.75,1036.56,1.2,14.77,428.373897547458,13.57,31.567715368272513,0
160000,3600,1400,3645.75,1333.57,1.2,0.0,80.65982519197527,-1.2,9999.0,0
160000,3600,1400,3702.03,1413.71,1.2,0.0,102.947000927662,-1.2,9999.0,0
160000,3600,1400,3537.83,1493.48,1.2,0.0,112.26584208921255,-1.2,9999.0,0
160000,3600,1400,3669.75,1381.38,1.2,0.0,72.19256817706373,-1.2,9999.0,0
160000,3600,1400,3656.14,1401.07,1.2,0.0,56.15019590348715,-1.2,9999.0,0
160000,3600,1400,3567.77,1455.06,1.2,0.0,63.799502349156256,-1.2,9999.0,0
160000,3600,1400,3811.26,1154.62,1.2,26.35,323.7933476771877,25.15,12.87448698517645,0
160000,3600,1400,3709.28,1412.22,1.2,0.0,109.9611149452389,-1.2,9999.0,0
160000,3600,1400,3630.29,1332.96,1.2,0.0,73.56524790959378,-1.2,9999.0,0
160000,3600,1400,3673.03,1419.66,1.2,0.0,75.6299973555469,-1.2,9999.0,0
160000,3600,1400,3716.53,1410.73,1.2,0.0,117.02296270390715,-1.2,9999.0,0
160000,3600,1400,3752.12,1250.28,1.2,27.55,213.4398575711668,26.35,8.10018434805187,0
160000,3600,1400,3828.16,1387.8,1.2,27.7,228.48594179949,26.5,8.62211101130151,0
160000,3600,1400,3671.55,1373.43,1.2,0.0,76.32409449184459,-1.2,9999.0,0
160000,3600,1400,3623.16,1335.28,1.2,0.0,68.73910095426035,-1.2,9999.0,0
160000,3600,1400,3674.15,1375.31,1.2,0.0,78.15253418795847,-1.2,9999.0,0
160000,3600,1400,3667.8,1336.48,1.2,0.0,92.90656812088164,-1.2,9999.0,0
160000,3600,1400,3511.64,1533.7,1.2,0.0,160.25972544591494,-1.2,9999.0,0
160000,3600,1400,3675.95,1367.36,1.2,0.0,82.66663232526156,-1.2,9999.0,0
160000,3600,1400,3381.67,1728.76,1.2,9.41,394.6531724185173,8.21,48.069813936482,0
160000,3600,1400,3683.07,1362.98,1.2,0.28,90.94561726658424,-0.92,9999.0,0
160000,3600,1400,3519.7,1521.05,1.2,0.0,145.2624951596248,-1.2,9999.0,0
160000,3600,1400,3543.36,1446.71,1.2,0.0,73.41603162797611,-1.2,9999.0,0
160000,3600,1400,3502.17,1548.58,1.2,5.12,177.895264973523,3.92,45.381445146306895,0
160000,3600,1400,3515.67,1527.37,1.2,0.0,152.75688462390153,-1.2,9999.0,0
160000,3600,1400,3523.67,1427.24,1.2,9.14,81.04496591399116,7.94,10.207174548361607,0
160000,3600,1400,3627.32,1429.03,1.2,0.0,39.86380940151113,-1.2,9999.0,0
160000,3600,1400,3491.25,1565.72,1.2,12.4,198.21624782040448,11.2,17.69787926967897,0
160000,3600,1400,3648.43,1394.66,1.2,10.43,48.72351075199717,9.23,5.278820233152456,0
160000,3600,1400,3744.67,1404.95,1.2,0.0,144.75465933779134,-1.2,9999.0,0
160000,3600,1400,3823.64,1334.98,1.2,12.31,232.9000858737496,11.11,20.96310403904137,0
160000,3600,1400,3606.33,1460.12,1.2,0.02,60.45232253602823,-1.18,9999.0,0
160000,3600,1400,3961.99,1303.71,1.2,13.32,374.5777945901223,12.12,30.90575862954805,0
160000,3600,1400,3662.76,1385.58,1.2,0.0,64.39529485917453,-1.2,9999.0,0
160000,3600,1400,3784.15,1192.16,1.2,19.81,277.6845118115161,18.61,14.92125264973219,0
160000,3600,1400,3962.06,1363.55,1.2,17.61,363.8901566407093,16.41,22.174902903151082,0
160000,3600,1400,3761.95,1365.08,1.2,14.87,165.67199189965677,13.67,12.119384923164358,0
160000,3600,1400,3498.05,1561.0,1.2,12.37,190.564431361154,11.17,17.060378814785498,0
160000,3600,1400,3607.45,1441.31,1.2,9.57,41.976405277250606,8.370000000000001,5.015102183661959,0
160000,3600,1400,3746.43,1247.32,1.2,8.12,211.5488768582806,6.919999999999999,30.57064694483824,0
160000,3600,1400,3629.25,1192.06,1.2,5.28,209.9871569882311,4.08,51.46744043829194,0
160000,3600,1400,3674.6,1339.73,1.2,0.84,95.904290310705,-0.36,9999.0,0
160000,3600,1400,3715.27,1297.62,1.2,0.0,154.17145423196868,-1.2,9999.0,0
160000,3600,1400,3680.28,1418.17,1.2,0.0,82.3105540012946,-1.2,9999.0,0
160000,3600,1400,3641.18,1411.75,1.2,0.0,42.82353208225574,-1.2,9999.0,0
160000,3600,1400,3658.35,1420.38,1.2,0.0,61.8066897673706,-1.2,9999.0,0
160000,3600,1400,3550.66,1475.0,1.2,0.0,89.77435936836316,-1.2,9999.0,0
160000,3600,1400,3631.53,1422.8,1.2,0.0,38.90990747868736,-1.2,9999.0,0
160000,3600,1400,3665.7,1420.67,1.2,0.0,68.87480598883731,-1.2,9999.0,0
160000,3600,1400,3646.63,1376.07,1.2,0.0,52.41184789720749,-1.2,9999.0,0
160000,3600,1400,3853.88,1671.22,1.2,13.32,371.5041625607983,12.12,30.652158627128575,0
160000,3600,1400,3623.12,1435.25,1.2,0.0,42.15562714513918,-1.2,9999.0,0
160000,3600,1400,3581.34,1470.85,1.2,0.0,73.26607741649597,-1.2,9999.0,0
160000,3600,1400,3694.78,1415.19,1.2,0.0,95.98950203017016,-1.2,9999.0,0
160000,3600,1400,3546.39,1481.16,1.2,0.0,97.26755728401956,-1.2,9999.0,0
160000,3600,1400,3647.02,1408.17,1.2,0.0,47.72451466489732,-1.2,9999.0,0
160000,3600,1400,3575.04,1466.79,1.2,0.0,71.30151260667614,-1.2,9999.0,0
160000,3600,1400,3618.93,1441.47,1.2,0.0,45.58624573267683,-1.2,9999.0,0
160000,3600,1400,3641.61,1346.51,1.2,0.0,67.76851924013104,-1.2,9999.0,0
160000,3600,1400,3649.8,1382.79,1.2,0.0,52.68988612627683,-1.2,9999.0,0
160000,3600,1400,3687.53,1416.68,1.2,0.0,89.10512499289835,-1.2,9999.0,0
160000,3600,1400,3642.8,1353.92,1.2,0.0,62.89043170467197,-1.2,9999.0,0
160000,3600,1400,3645.13,1368.74,1.2,0.0,54.89903915370477,-1.2,9999.0,0
160000,3600,1400,3542.11,1487.32,1.2,0.0,104.76657148155596,-1.2,9999.0,0
160000,3600,1400,3633.55,1414.17,1.2,0.0,36.41965678037088,-1.2,9999.0,0
160000,3600,1400,3635.66,1416.73,1.2,0.0,39.38944655615245,-1.2,9999.0,0
160000,3600,1400,3614.73,1447.68,1.2,0.0,49.90345979989771,-1.2,9999.0,0
160000,3600,1400,3569.91,1467.31,1.2,0.0,73.72953410947339,-1.2,9999.0,0
160000,3600,1400,3667.15,1379.5,1.2,0.0,70.20949009927371,-1.2,9999.0,0
160000,3600,1400,3643.98,1361.33,1.2,0.0,58.56286622084004,-1.2,9999.0,0
160000,3600,1400,3678.54,1369.24,1.2,0.0,84.34873561589404,-1.2,9999.0,0
160000,3600,1400,3639.32,1414.35,1.2,0.0,41.856718696047,-1.2,9999.0,0
160000,3600,1400,3610.53,1453.9,1.2,0.0,54.91894846043589,-1.2,9999.0,0
160000,3600,1400,3554.94,1468.84,1.2,0.0,82.27605483978911,-1.2,9999.0,0
160000,3600,1400,3623.32,1429.24,1.2,0.0,37.40053475553536,-1.2,9999.0,0
160000,3600,1400,3660.65,1334.37,1.2,0.0,89.36285246118784,-1.2,9999.0,0
160000,3600,1400,3653.25,1333.37,1.2,0.0,85.29431047848394,-1.2,9999.0,0
160000,3600,1400,3527.76,1508.39,1.2,0.0,130.25747464157283,-1.2,9999.0,0
160000,3600,1400,3553.96,1457.33,1.2,0.0,73.52829727390666,-1.2,9999.0,0
160000,3600,1400,3630.85,1412.44,1.2,0.0,33.26373550880893,-1.2,9999.0,0
160000,3600,1400,4007.63,1613.22,1.2,12.91,460.0271571331416,11.71,39.284983529730276,0
160000,3600,1400,3665.35,1387.46,1.2,0.0,66.54227303000692,-1.2,9999.0,0
160000,3600,1400,3523.73,1514.72,1.2,0.0,137.75990454410166,-1.2,9999.0,0
160000,3600,1400,3548.66,1452.02,1.2,0.0,73.08813857254823,-1.2,9999.0,0
160000,3600,1400,3697.31,1353.54,1.2,0.03,107.83212740180912,-1.17,9999.0,0
160000,3600,1400,3629.24,1420.46,1.2,0.0,35.687381523445914,-1.2,9999.0,0
160000,3600,1400,3619.13,1435.46,1.2,0.0,40.29104739269019,-1.2,9999.0,0
160000,3600,1400,3723.78,1409.24,1.2,0.0,124.12439727950364,-1.2,9999.0,0
160000,3600,1400,3537.72,1588.88,1.2,4.28,198.8830128492629,3.08,64.5724067692412,0
160000,3600,1400,3653.29,1407.08,1.2,0.0,53.75825983046694,-1.2,9999.0,0
161000,3600,1400,3640.64,1410.24,1.2,0.0,41.91022786862403,-1.2,9999.0,0
161000,3600,1400,3584.28,1517.68,1.2,20.91,118.72531659254489,19.71,6.023608147769908,0
161000,3600,1400,3507.61,1540.03,1.2,0.0,167.7626686721452,-1.2,9999.0,0
161000,3600,1400,3830.29,1052.71,1.2,16.6,416.7059253238427,15.400000000000002,27.05882631973004,0
161000,3600,1400,3645.75,1333.57,1.2,0.0,80.65982519197527,-1.2,9999.0,0
161000,3600,1400,3702.03,1413.71,1.2,0.0,102.947000927662,-1.2,9999.0,0
161000,3600,1400,3537.83,1493.48,1.2,0.0,112.26584208921255,-1.2,9999.0,0
161000,3600,1400,3669.75,1381.38,1.2,0.0,72.19256817706373,-1.2,9999.0,0
161000,3600,1400,3656.14,1401.07,1.2,0.0,56.15019590348715,-1.2,9999.0,0
161000,3600,1400,3567.77,1455.06,1.2,0.0,63.799502349156256,-1.2,9999.0,0
161000,3600,1400,3796.66,1178.06,1.2,27.72,296.5341788057491,26.52,11.181530120880433,0
161000,3600,1400,3709.28,1412.22,1.2,0.0,109.9611149452389,-1.2,9999.0,0
161000,3600,1400,3630.29,1332.96,1.2,0.0,73.56524790959378,-1.2,9999.0,0
161000,3600,1400,3673.03,1419.66,1.2,0.0,75.6299973555469,-1.2,9999.0,0
161000,3600,1400,3716.53,1410.73,1.2,0.0,117.02296270390715,-1.2,9999.0,0
161000,3600,1400,3738.06,1274.15,1.2,27.7,186.8121679655797,26.5,7.049515772286027,0
161000,3600,1400,3805.43,1392.46,1.2,23.2,205.5683256243528,22.0,9.344014801106946,0
161000,3600,1400,3671.55,1373.43,1.2,0.0,76.32409449184459,-1.2,9999.0,0
161000,3600,1400,3623.16,1335.28,1.2,0.0,68.73910095426035,-1.2,9999.0,0
161000,3600,1400,3674.15,1375.31,1.2,0.0,78.15253418795847,-1.2,9999.0,0
161000,3600,1400,3667.8,1336.48,1.2,0.0,92.90656812088164,-1.2,9999.0,0
161000,3600,1400,3511.64,1533.7,1.2,0.0,160.25972544591494,-1.2,9999.0,0
161000,3600,1400,3675.95,1367.36,1.2,0.0,82.66663232526156,-1.2,9999.0,0
161000,3600,1400,3388.23,1718.96,1.2,11.79,382.8603067699759,10.59,36.15300347214126,0
161000,3600,1400,3683.01,1363.08,1.2,0.12,90.85013208576,-1.08,9999.0,0
161000,3600,1400,3519.7,1521.05,1.2,0.0,145.2624951596248,-1.2,9999.0,0
161000,3600,1400,3543.36,1446.71,1.2,0.0,73.41603162797611,-1.2,9999.0,0
161000,3600,1400,3503.46,1546.56,1.2,2.4,175.4987327589575,1.2,146.2489439657979,0
161000,3600,1400,3515.67,1527.37,1.2,0.0,152.75688462390153,-1.2,9999.0,0
161000,3600,1400,3527.0,1430.47,1.2,4.64,79.10386147338195,3.4399999999999995,22.995308567843594,0
161000,3600,1400,3627.32,1429.03,1.2,0.0,39.86380940151113,-1.2,9999.0,0
161000,3600,1400,3495.85,1558.49,1.2,8.57,189.64783837418244,7.37,25.73240683503154,0
161000,3600,1400,3648.47,1386.71,1.2,8.7,50.25897929723583,7.499999999999999,6.701197239631445,0
161000,3600,1400,3744.67,1404.95,1.2,0.0,144.75465933779134,-1.2,9999.0,0
161000,3600,1400,3834.24,1330.98,1.2,11.33,244.19692463255944,10.13,24.106310427695895,0
161000,3600,1400,3606.33,1460.12,1.2,0.0,60.45232253602823,-1.2,9999.0,0
161000,3600,1400,3974.93,1300.93,1.2,13.23,387.798104430643,12.03,32.235918905290355,0
161000,3600,1400,3662.76,1385.58,1.2,0.0,64.39529485917453,-1.2,9999.0,0
161000,3600,1400,3795.49,1173.86,1.2,21.44,298.9241370314548,20.24,14.768979102344606,0
161000,3600,1400,3942.48,1367.57,1.2,19.99,344.0119987732986,18.79,18.30824900336874,0
161000,3600,1400,3748.13,1368.61,1.2,14.34,151.41938119012386,13.14,11.52354499163804,0
161000,3600,1400,3491.58,1571.15,1.2,12.04,202.60113252398185,10.84,18.690141376751093,0
161000,3600,1400,3614.12,1431.44,1.2,11.91,34.46517082505178,10.71,3.218036491601473,0
161000,3600,1400,3751.36,1238.92,1.2,9.73,221.0353274931408,8.530000000000001,25.91269958887934,0
161000,3600,1400,3629.02,1199.35,1.2,7.3,202.7377194801205,6.1,33.23569171805254,0
161000,3600,1400,3674.57,1339.72,1.2,0.03,95.88724263425256,-1.17,9999.0,0
161000,3600,1400,3716.61,1295.58,1.2,2.44,156.5293215343376,1.24,126.2333238180142,0
161000,3600,1400,3680.28,1418.17,1.2,0.0,82.3105540012946,-1.2,9999.0,0
161000,3600,1400,3641.18,1411.75,1.2,0.0,42.82353208225574,-1.2,9999.0,0
161000,3600,1400,3658.35,1420.38,1.2,0.0,61.8066897673706,-1.2,9999.0,0
161000,3600,1400,3550.66,1475.0,1.2,0.0,89.77435936836316,-1.2,9999.0,0
161000,3600,1400,3631.53,1422.8,1.2,0.0,38.90990747868736,-1.2,9999.0,0
161000,3600,1400,3665.7,1420.67,1.2,0.0,68.87480598883731,-1.2,9999.0,0
161000,3600,1400,3646.63,1376.07,1.2,0.0,52.41184789720749,-1.2,9999.0,0
161000,3600,1400,3841.58,1670.71,1.2,12.32,362.82888597794965,11.12,32.6284969404631,0
161000,3600,1400,3623.12,1435.25,1.2,0.0,42.15562714513918,-1.2,9999.0,0
161000,3600,1400,3581.34,1470.85,1.2,0.0,73.26607741649597,-1.2,9999.0,0
161000,3600,1400,3694.78,1415.19,1.2,0.0,95.98950203017016,-1.2,9999.0,0
161000,3600,1400,3546.39,1481.16,1.2,0.0,97.26755728401956,-1.2,9999.0,0
161000,3600,1400,3647.02,1408.17,1.2,0.0,47.72451466489732,-1.2,9999.0,0
161000,3600,1400,3575.04,1466.79,1.2,0.0,71.30151260667614,-1.2,9999.0,0
161000,3600,1400,3618.93,1441.47,1.2,0.0,45.58624573267683,-1.2,9999.0,0
161000,3600,1400,3641.61,1346.51,1.2,0.0,67.76851924013104,-1.2,9999.0,0
161000,3600,1400,3649.8,1382.79,1.2,0.0,52.68988612627683,-1.2,9999.0,0
161000,3600,1400,3687.53,1416.68,1.2,0.0,89.10512499289835,-1.2,9999.0,0
161000,3600,1400,3642.8,1353.92,1.2,0.0,62.89043170467197,-1.2,9999.0,0
161000,3600,1400,3645.13,1368.74,1.2,0.0,54.89903915370477,-1.2,9999.0,0
161000,3600,1400,3542.11,1487.32,1.2,0.0,104.76657148155596,-1.2,9999.0,0
161000,3600,1400,3633.55,1414.17,1.2,0.0,36.41965678037088,-1.2,9999.0,0
161000,3600,1400,3635.66,1416.73,1.2,0.0,39.38944655615245,-1.2,9999.0,0
161000,3600,1400,3614.73,1447.68,1.2,0.0,49.90345979989771,-1.2,9999.0,0
161000,3600,1400,3569.91,1467.31,1.2,0.0,73.72953410947339,-1.2,9999.0,0
161000,3600,1400,3667.15,1379.5,1.2,0.0,70.20949009927371,-1.2,9999.0,0
161000,3600,1400,3643.98,1361.33,1.2,0.0,58.56286622084004,-1.2,9999.0,0
161000,3600,1400,3678.54,1369.24,1.2,0.0,84.34873561589404,-1.2,9999.0,0
161000,3600,1400,3639.32,1414.35,1.2,0.0,41.856718696047,-1.2,9999.0,0
161000,3600,1400,3610.53,1453.9,1.2,0.0,54.91894846043589,-1.2,9999.0,0
161000,3600,1400,3554.94,1468.84,1.2,0.0,82.27605483978911,-1.2,9999.0,0
161000,3600,1400,3623.32,1429.24,1.2,0.0,37.40053475553536,-1.2,9999.0,0
161000,3600,1400,3660.65,1334.37,1.2,0.0,89.36285246118784,-1.2,9999.0,0
161000,3600,1400,3653.25,1333.37,1.2,0.0,85.29431047848394,-1.2,9999.0,0
161000,3600,1400,3527.76,1508.39,1.2,0.0,130.25747464157283,-1.2,9999.0,0
161000,3600,1400,3553.96,1457.33,1.2,0.0,73.52829727390666,-1.2,9999.0,0
161000,3600,1400,3630.85,1412.44,1.2,0.0,33.26373550880893,-1.2,9999.0,0
161000,3600,1400,3995.89,1617.09,1.2,12.37,451.5052161381969,11.17,40.42123689688423,0
161000,3600,1400,3665.35,1387.46,1.2,0.0,66.54227303000692,-1.2,9999.0,0
161000,3600,1400,3523.73,1514.72,1.2,0.0,137.75990454410166,-1.2,9999.0,0
161000,3600,1400,3548.66,1452.02,1.2,0.0,73.08813857254823,-1.2,9999.0,0
161000,3600,1400,3697.3,1353.53,1.2,0.01,107.82741256285452,-1.19,9999.0,0
161000,3600,1400,3629.24,1420.46,1.2,0.0,35.687381523445914,-1.2,9999.0,0
161000,3600,1400,3619.13,1435.46,1.2,0.0,40.29104739269019,-1.2,9999.0,0
161000,3600,1400,3723.78,1409.24,1.2,0.0,124.12439727950364,-1.2,9999.0,0
161000,3600,1400,3540.67,1592.09,1.2,4.73,201.0438186067902,3.53,56.952923118070885,0
161000,3600,1400,3653.29,1407.08,1.2,0.0,53.75825983046694,-1.2,9999.0,0
162000,3600,1400,3640.64,1410.24,1.2,0.0,41.91022786862403,-1.2,9999.0,0
162000,3600,1400,3571.29,1536.93,1.2,23.22,139.90743011005534,22.02,6.35365259355383,0
162000,3600,1400,3507.61,1540.03,1.2,0.0,167.7626686721452,-1.2,9999.0,0
162000,3600,1400,3832.37,1070.98,1.2,18.5,402.8026530448874,17.3,23.283390349415455,0
162000,3600,1400,3645.75,1333.57,1.2,0.0,80.65982519197527,-1.2,9999.0,0
162000,3600,1400,3702.03,1413.71,1.2,0.0,102.947000927662,-1.2,9999.0,0
162000,3600,1400,3537.83,1493.48,1.2,0.0,112.26584208921255,-1.2,9999.0,0
162000,3600,1400,3669.75,1381.38,1.2,0.0,72.19256817706373,-1.2,9999.0,0
162000,3600,1400,3656.14,1401.07,1.2,0.0,56.15019590348715,-1.2,9999.0,0
162000,3600,1400,3567.77,1455.06,1.2,0.0,63.799502349156256,-1.2,9999.0,0
162000,3600,1400,3784.05,1204.46,1.2,29.28,268.53359957368474,28.08,9.563162377980227,0
162000,3600,1400,3709.28,1412.22,1.2,0.0,109.9611149452389,-1.2,9999.0,0
162000,3600,1400,3630.29,1332.96,1.2,0.0,73.56524790959378,-1.2,9999.0,0
162000,3600,1400,3673.03,1419.66,1.2,0.0,75.6299973555469,-1.2,9999.0,0
162000,3600,1400,3716.53,1410.73,1.2,0.0,117.02296270390715,-1.2,9999.0,0
162000,3600,1400,3722.91,1297.64,1.2,28.02,159.9513604193473,26.82,5.9638836845394225,0
162000,3600,1400,3787.12,1396.23,1.2,18.7,187.15797418223983,17.5,10.694741381842276,0
162000,3600,1400,3671.55,1373.43,1.2,0.0,76.32409449184459,-1.2,9999.0,0
162000,3600,1400,3623.16,1335.28,1.2,0.0,68.73910095426035,-1.2,9999.0,0
162000,3600,1400,3674.15,1375.31,1.2,0.0,78.15253418795847,-1.2,9999.0,0
162000,3600,1400,3667.8,1336.48,1.2,0.0,92.90656812088164,-1.2,9999.0,0
162000,3600,1400,3511.64,1533.7,1.2,0.0,160.25972544591494,-1.2,9999.0,0
162000,3600,1400,3675.95,1367.36,1.2,0.0,82.66663232526156,-1.2,9999.0,0
162000,3600,1400,3395.55,1708.02,1.2,13.17,369.69733959010296,11.97,30.885324944870757,0
162000,3600,1400,3682.96,1363.15,1.2,0.08,90.77601059751414,-1.12,9999.0,0
162000,3600,1400,3519.7,1521.05,1.2,0.0,145.2624951596248,-1.2,9999.0,0
162000,3600,1400,3543.36,1446.71,1.2,0.0,73.41603162797611,-1.2,9999.0,0
162000,3600,1400,3503.56,1546.4,1.2,0.19,175.3101069533643,-1.01,9999.0,0
162000,3600,1400,3515.67,1527.37,1.2,0.0,152.75688462390153,-1.2,9999.0,0
162000,3600,1400,3527.35,1430.81,1.2,0.49,78.91310790990309,-0.71,9999.0,0
162000,3600,1400,3627.32,1429.03,1.2,0.0,39.86380940151113,-1.2,9999.0,0
162000,3600,1400,3498.69,1554.04,1.2,5.28,184.36929706434307,4.08,45.18855320204487,0
162000,3600,1400,3644.24,1379.24,1.2,8.62,48.86875484396938,7.419999999999999,6.58608555848644,0
162000,3600,1400,3744.67,1404.95,1.2,0.0,144.75465933779134,-1.2,9999.0,0
162000,3600,1400,3845.63,1328.37,1.2,11.69,255.8612002629552,10.49,24.39096284680221,0
162000,3600,1400,3606.33,1460.12,1.2,0.0,60.45232253602823,-1.2,9999.0,0
162000,3600,1400,3987.11,1298.31,1.2,12.46,400.2436860214039,11.260000000000002,35.54562042818862,0
162000,3600,1400,3662.76,1385.58,1.2,0.0,64.39529485917453,-1.2,9999.0,0
162000,3600,1400,3807.95,1153.85,1.2,23.48,322.23132218951025,22.28,14.462806202401715,0
162000,3600,1400,3921.18,1371.95,1.2,21.75,322.402535504918,20.55,15.688687859120096,0
162000,3600,1400,3733.67,1370.32,1.2,14.56,136.9254224021238,13.36,10.248908862434416,0
162000,3600,1400,3485.22,1580.96,1.2,11.69,214.29178705680727,10.49,20.42819705021995,0
162000,3600,1400,3621.72,1420.19,1.2,13.58,29.65458649180584,12.38,2.3953623983688077,1
162000,3600,1400,3760.15,1230.7,1.2,11.6,233.0461595907558,10.4,22.40828457603421,0
162000,3600,1400,3628.85,1209.22,1.2,9.87,192.94903705382927,8.67,22.254790894328636,0
162000,3600,1400,3674.56,1339.71,1.2,0.01,95.8857533734808,-1.19,9999.0,0
162000,3600,1400,3718.86,1292.13,1.2,4.11,160.51054949753305,2.91,55.15826443214194,0
162000,3600,1400,3928.85,1314.1,1.2,0.0,339.8839985936377,-1.2,9999.0,0
162000,3600,1400,3680.28,1418.17,1.2,0.0,82.3105540012946,-1.2,9999.0,0
162000,3600,1400,3641.18,1411.75,1.2,0.0,42.82353208225574,-1.2,9999.0,0
162000,3600,1400,3658.35,1420.38,1.2,0.0,61.8066897673706,-1.2,9999.0,0
162000,3600,1400,3550.66,1475.0,1.2,0.0,89.77435936836316,-1.2,9999.0,0
162000,3600,1400,3631.53,1422.8,1.2,0.0,38.90990747868736,-1.2,9999.0,0
162000,3600,1400,3665.7,1420.67,1.2,0.0,68.87480598883731,-1.2,9999.0,0
162000,3600,1400,3646.63,1376.07,1.2,0.0,52.41184789720749,-1.2,9999.0,0
162000,3600,1400,3828.97,1671.22,1.2,12.62,354.9472486159034,11.42,31.08119515025424,0
162000,3600,1400,3623.12,1435.25,1.2,0.0,42.15562714513918,-1.2,9999.0,0
162000,3600,1400,3581.34,1470.85,1.2,0.0,73.26607741649597,-1.2,9999.0,0
162000,3600,1400,3694.78,1415.19,1.2,0.0,95.98950203017016,-1.2,9999.0,0
162000,3600,1400,3546.39,1481.16,1.2,0.0,97.26755728401956,-1.2,9999.0,0
162000,3600,1400,3647.02,1408.17,1.2,0.0,47.72451466489732,-1.2,9999.0,0
162000,3600,1400,3575.04,1466.79,1.2,0.0,71.30151260667614,-1.2,9999.0,0
162000,3600,1400,3618.93,1441.47,1.2,0.0,45.58624573267683,-1.2,9999.0,0
162000,3600,1400,3641.61,1346.51,1.2,0.0,67.76851924013104,-1.2,9999.0,0
162000,3600,1400,3649.8,1382.79,1.2,0.0,52.68988612627683,-1.2,9999.0,0
162000,3600,1400,3687.53,1416.68,1.2,0.0,89.10512499289835,-1.2,9999.0,0
162000,3600,1400,3642.8,1353.92,1.2,0.0,62.89043170467197,-1.2,9999.0,0
162000,3600,1400,3645.13,1368.74,1.2,0.0,54.89903915370477,-1.2,9999.0,0
162000,3600,1400,3542.11,1487.32,1.2,0.0,104.76657148155596,-1.2,9999.0,0
162000,3600,1400,3633.55,1414.17,1.2,0.0,36.41965678037088,-1.2,9999.0,0
162000,3600,1400,3635.66,1416.73,1.2,0.0,39.38944655615245,-1.2,9999.0,0
162000,3600,1400,3614.73,1447.68,1.2,0.0,49.90345979989771,-1.2,9999.0,0
162000,3600,1400,3569.91,1467.31,1.2,0.0,73.72953410947339,-1.2,9999.0,0
162000,3600,1400,3667.15,1379.5,1.2,0.0,70.20949009927371,-1.2,9999.0,0
162000,3600,1400,3643.98,1361.33,1.2,0.0,58.56286622084004,-1.2,9999.0,0
162000,3600,1400,3678.54,1369.24,1.2,0.0,84.34873561589404,-1.2,9999.0,0
162000,3600,1400,3639.32,1414.35,1.2,0.0,41.856718696047,-1.2,9999.0,0
162000,3600,1400,3610.53,1453.9,1.2,0.0,54.91894846043589,-1.2,9999.0,0
162000,3600,1400,3554.94,1468.84,1.2,0.0,82.27605483978911,-1.2,9999.0,0
162000,3600,1400,3623.32,1429.24,1.2,0.0,37.40053475553536,-1.2,9999.0,0
162000,3600,1400,3660.65,1334.37,1.2,0.0,89.36285246118784,-1.2,9999.0,0
162000,3600,1400,3653.25,1333.37,1.2,0.0,85.29431047848394,-1.2,9999.0,0
162000,3600,1400,3527.76,1508.39,1.2,0.0,130.25747464157283,-1.2,9999.0,0
162000,3600,1400,3553.96,1457.33,1.2,0.0,73.52829727390666,-1.2,9999.0,0
162000,3600,1400,3630.85,1412.44,1.2,0.0,33.26373550880893,-1.2,9999.0,0
162000,3600,1400,3984.36,1622.98,1.2,12.98,444.3564897691943,11.78,37.72126398719816,0
162000,3600,1400,3665.35,1387.46,1.2,0.0,66.54227303000692,-1.2,9999.0,0
162000,3600,1400,3523.73,1514.72,1.2,0.0,137.75990454410166,-1.2,9999.0,0
162000,3600,1400,3548.66,1452.02,1.2,0.0,73.08813857254823,-1.2,9999.0,0
162000,3600,1400,3697.3,1353.53,1.2,0.0,107.82741256285452,-1.2,9999.0,0
162000,3600,1400,3629.24,1420.46,1.2,0.0,35.687381523445914,-1.2,9999.0,0
162000,3600,1400,3619.13,1435.46,1.2,0.0,40.29104739269019,-1.2,9999.0,0
162000,3600,1400,3723.78,1409.24,1.2,0.0,124.12439727950364,-1.2,9999.0,0
162000,3600,1400,3545.67,1593.76,1.2,5.27,201.2329160450645,4.069999999999999,49.442976915249275,0
162000,3600,1400,3653.29,1407.08,1.2,0.0,53.75825983046694,-1.2,9999.0,0
163000,3600,1400,3640.64,1410.24,1.2,0.0,41.91022786862403,-1.2,9999.0,0
163000,3600,1400,3559.53,1554.35,1.2,21.02,159.5673632043845,19.82,8.05082559053403,0
163000,3600,1400,3507.61,1540.03,1.2,0.0,167.7626686721452,-1.2,9999.0,0
163000,3600,1400,3832.85,1091.33,1.2,20.44,386.6475027722279,19.24,20.0960240526106,0
163000,3600,1400,3645.75,1333.57,1.2,0.0,80.65982519197527,-1.2,9999.0,0
163000,3600,1400,3702.03,1413.71,1.2,0.0,102.947000927662,-1.2,9999.0,0
163000,3600,1400,3537.83,1493.48,1.2,0.0,112.26584208921255,-1.2,9999.0,0
163000,3600,1400,3669.75,1381.38,1.2,0.0,72.19256817706373,-1.2,9999.0,0
163000,3600,1400,3656.14,1401.07,1.2,0.0,56.15019590348715,-1.2,9999.0,0
163000,3600,1400,3567.77,1455.06,1.2,0.0,63.799502349156256,-1.2,9999.0,0
163000,3600,1400,3767.39,1231.21,1.2,31.48,237.7172189808722,30.28,7.85063470874743,0
163000,3600,1400,3709.28,1412.22,1.2,0.0,109.9611149452389,-1.2,9999.0,0
163000,3600,1400,3630.29,1332.96,1.2,0.0,73.56524790959378,-1.2,9999.0,0
163000,3600,1400,3673.03,1419.66,1.2,0.0,75.6299973555469,-1.2,9999.0,0
163000,3600,1400,3716.53,1410.73,1.2,0.0,117.02296270390715,-1.2,9999.0,0
163000,3600,1400,3710.04,1317.32,1.2,23.52,137.64005231036495,22.32,6.1666690103210104,0
163000,3600,1400,3772.76,1399.18,1.2,14.66,172.76194604136663,13.46,12.835211444380878,0
163000,3600,1400,3671.55,1373.43,1.2,0.0,76.32409449184459,-1.2,9999.0,0
163000,3600,1400,3623.16,1335.28,1.2,0.0,68.73910095426035,-1.2,9999.0,0
163000,3600,1400,3674.15,1375.31,1.2,0.0,78.15253418795847,-1.2,9999.0,0
163000,3600,1400,3667.8,1336.48,1.2,0.0,92.90656812088164,-1.2,9999.0,0
163000,3600,1400,3511.64,1533.7,1.2,0.0,160.25972544591494,-1.2,9999.0,0
163000,3600,1400,3675.95,1367.36,1.2,0.0,82.66663232526156,-1.2,9999.0,0
163000,3600,1400,3403.48,1696.18,1.2,14.26,355.44718707566113,13.06,27.21647680518079,0
163000,3600,1400,3682.95,1363.16,1.2,0.02,90.76281231870222,-1.18,9999.0,0
163000,3600,1400,3519.7,1521.05,1.2,0.0,145.2624951596248,-1.2,9999.0,0
163000,3600,1400,3543.36,1446.71,1.2,0.0,73.41603162797611,-1.2,9999.0,0
163000,3600,1400,3503.57,1546.37,1.2,0.03,175.27955328560128,-1.17,9999.0,0
163000,3600,1400,3515.67,1527.37,1.2,0.0,152.75688462390153,-1.2,9999.0,0
163000,3600,1400,3527.38,1430.84,1.2,0.04,78.89721161105746,-1.16,9999.0,0
163000,3600,1400,3627.32,1429.03,1.2,0.0,39.86380940151113,-1.2,9999.0,0
163000,3600,1400,3499.52,1552.73,1.2,1.55,182.81871703958544,0.3500000000000001,522.3391915416726,0
163000,3600,1400,3641.97,1369.31,1.2,10.21,51.993816940093815,9.010000000000002,5.770678905670788,0
163000,3600,1400,3744.67,1404.95,1.2,0.0,144.75465933779134,-1.2,9999.0,0
163000,3600,1400,3857.15,1325.97,1.2,11.76,267.594027212866,10.56,25.340343486066857,0
163000,3600,1400,3606.33,1460.12,1.2,0.0,60.45232253602823,-1.2,9999.0,0
163000,3600,1400,3999.01,1295.75,1.2,12.17,412.40397985470526,10.97,37.59379943980905,0
163000,3600,1400,3662.76,1385.58,1.2,0.0,64.39529485917453,-1.2,9999.0,0
163000,3600,1400,3821.21,1132.56,1.2,24.99,347.07062350478475,23.79,14.588929109070397,0
163000,3600,1400,3897.16,1373.61,1.2,23.85,298.32951194945485,22.65,13.171280880770635,0
163000,3600,1400,3720.92,1367.28,1.2,13.82,125.26869042182896,12.62,9.926203678433357,0
163000,3600,1400,3478.41,1591.29,1.2,12.37,226.6627278579344,11.17,20.292097391041576,0
163000,3600,1400,3630.33,1406.96,1.2,15.32,31.118330610750892,14.12,2.2038477769653606,0
163000,3600,1400,3767.01,1219.75,1.2,12.93,245.7283105382855,11.73,20.948705075727663,0
163000,3600,1400,3628.95,1220.71,1.2,11.49,181.6122424287525,10.29,17.649391878401605,0
163000,3600,1400,3674.56,1339.71,1.2,0.0,95.8857533734808,-1.2,9999.0,0
163000,3600,1400,3722.25,1286.95,1.2,6.2,166.50935409159447,5.0,33.301870818318896,0
163000,3600,1400,3927.52,1314.38,1.2,1.36,338.52641669447297,0.1600000000000001,2115.790104340455,0
163000,3600,1400,3680.28,1418.17,1.2,0.0,82.3105540012946,-1.2,9999.0,0
163000,3600,1400,3641.18,1411.75,1.2,0.0,42.82353208225574,-1.2,9999.0,0
163000,3600,1400,3658.35,1420.38,1.2,0.0,61.8066897673706,-1.2,9999.0,0
163000,3600,1400,3550.66,1475.0,1.2,0.0,89.77435936836316,-1.2,9999.0,0
163000,3600,1400,3631.53,1422.8,1.2,0.0,38.90990747868736,-1.2,9999.0,0
163000,3600,1400,3665.7,1420.67,1.2,0.0,68.87480598883731,-1.2,9999.0,0
163000,3600,1400,3646.63,1376.07,1.2,0.0,52.41184789720749,-1.2,9999.0,0
163000,3600,1400,3815.91,1671.84,1.2,13.07,347.1514276220104,11.87,29.246118586521515,0
163000,3600,1400,3623.12,1435.25,1.2,0.0,42.15562714513918,-1.2,9999.0,0
163000,3600,1400,3581.34,1470.85,1.2,0.0,73.26607741649597,-1.2,9999.0,0
163000,3600,1400,3694.78,1415.19,1.2,0.0,95.98950203017016,-1.2,9999.0,0
163000,3600,1400,3546.39,1481.16,1.2,0.0,97.26755728401956,-1.2,9999.0,0
163000,3600,1400,3647.02,1408.17,1.2,0.0,47.72451466489732,-1.2,9999.0,0
163000,3600,1400,3575.04,1466.79,1.2,0.0,71.30151260667614,-1.2,9999.0,0
163000,3600,1400,3618.93,1441.47,1.2,0.0,45.58624573267683,-1.2,9999.0,0
163000,3600,1400,3641.61,1346.51,1.2,0.0,67.76851924013104,-1.2,9999.0,0
163000,3600,1400,3649.8,1382.79,1.2,0.0,52.68988612627683,-1.2,9999.0,0
163000,3600,1400,3687.53,1416.68,1.2,0.0,89.10512499289835,-1.2,9999.0,0
163000,3600,1400,3642.8,1353.92,1.2,0.0,62.89043170467197,-1.2,9999.0,0
163000,3600,1400,3645.13,1368.74,1.2,0.0,54.89903915370477,-1.2,9999.0,0
163000,3600,1400,3542.11,1487.32,1.2,0.0,104.76657148155596,-1.2,9999.0,0
163000,3600,1400,3633.55,1414.17,1.2,0.0,36.41965678037088,-1.2,9999.0,0
163000,3600,1400,3635.66,1416.73,1.2,0.0,39.38944655615245,-1.2,9999.0,0
163000,3600,1400,3614.73,1447.68,1.2,0.0,49.90345979989771,-1.2,9999.0,0
163000,3600,1400,3569.91,1467.31,1.2,0.0,73.72953410947339,-1.2,9999.0,0
163000,3600,1400,3667.15,1379.5,1.2,0.0,70.20949009927371,-1.2,9999.0,0
163000,3600,1400,3643.98,1361.33,1.2,0.0,58.56286622084004,-1.2,9999.0,0
163000,3600,1400,3678.54,1369.24,1.2,0.0,84.34873561589404,-1.2,9999.0,0
163000,3600,1400,3639.32,1414.35,1.2,0.0,41.856718696047,-1.2,9999.0,0
163000,3600,1400,3610.53,1453.9,1.2,0.0,54.91894846043589,-1.2,9999.0,0
163000,3600,1400,3554.94,1468.84,1.2,0.0,82.27605483978911,-1.2,9999.0,0
163000,3600,1400,3623.32,1429.24,1.2,0.0,37.40053475553536,-1.2,9999.0,0
163000,3600,1400,3660.65,1334.37,1.2,0.0,89.36285246118784,-1.2,9999.0,0
163000,3600,1400,3653.25,1333.37,1.2,0.0,85.29431047848394,-1.2,9999.0,0
163000,3600,1400,3527.76,1508.39,1.2,0.0,130.25747464157283,-1.2,9999.0,0
163000,3600,1400,3553.96,1457.33,1.2,0.0,73.52829727390666,-1.2,9999.0,0
163000,3600,1400,3630.85,1412.44,1.2,0.0,33.26373550880893,-1.2,9999.0,0
163000,3600,1400,3973.42,1629.06,1.2,12.5,438.076454514506,11.3,38.76782783314212,0
163000,3600,1400,3665.35,1387.46,1.2,0.0,66.54227303000692,-1.2,9999.0,0
163000,3600,1400,3523.73,1514.72,1.2,0.0,137.75990454410166,-1.2,9999.0,0
163000,3600,1400,3548.66,1452.02,1.2,0.0,73.08813857254823,-1.2,9999.0,0
163000,3600,1400,3697.3,1353.53,1.2,0.0,107.82741256285452,-1.2,9999.0,0
163000,3600,1400,3629.24,1420.46,1.2,0.0,35.687381523445914,-1.2,9999.0,0
163000,3600,1400,3619.13,1435.46,1.2,0.0,40.29104739269019,-1.2,9999.0,0
163000,3600,1400,3723.78,1409.24,1.2,0.0,124.12439727950364,-1.2,9999.0,0
163000,3600,1400,3552.81,1593.12,1.2,7.18,198.80198816913267,5.98,33.24447962694526,0
163000,3600,1400,3653.29,1407.08,1.2,0.0,53.75825983046694,-1.2,9999.0,0
164000,3600,1400,3640.64,1410.24,1.2,0.0,41.91022786862403,-1.2,9999.0,0
164000,3600,1400,3550.37,1568.06,1.2,16.52,175.2349865181037,15.32,11.43831504687361,0
164000,3600,1400,3507.61,1540.03,1.2,0.0,167.7626686721452,-1.2,9999.0,0
164000,3600,1400,3830.17,1112.83,1.2,21.79,368.0283111392384,20.59,17.8741287585837,0
164000,3600,1400,3645.75,1333.57,1.2,0.0,80.65982519197527,-1.2,9999.0,0
164000,3600,1400,3702.03,1413.71,1.2,0.0,102.947000927662,-1.2,9999.0,0
164000,3600,1400,3537.83,1493.48,1.2,0.0,112.26584208921255,-1.2,9999.0,0
164000,3600,1400,3669.75,1381.38,1.2,0.0,72.19256817706373,-1.2,9999.0,0
164000,3600,1400,3656.14,1401.07,1.2,0.0,56.15019590348715,-1.2,9999.0,0
164000,3600,1400,3567.77,1455.06,1.2,0.0,63.799502349156256,-1.2,9999.0,0
164000,3600,1400,3751.06,1258.42,1.2,31.76,207.0362770144401,30.56,6.77474728450393,0
164000,3600,1400,3709.28,1412.22,1.2,0.0,109.9611149452389,-1.2,9999.0,0
164000,3600,1400,3630.29,1332.96,1.2,0.0,73.56524790959378,-1.2,9999.0,0
164000,3600,1400,3673.03,1419.66,1.2,0.0,75.6299973555469,-1.2,9999.0,0
164000,3600,1400,3716.53,1410.73,1.2,0.0,117.02296270390715,-1.2,9999.0,0
164000,3600,1400,3699.64,1333.24,1.2,19.02,119.93759710782926,17.82,6.730504888205907,0
164000,3600,1400,3761.84,1401.42,1.2,11.15,161.84622948959932,9.95,16.265952712522548,0
164000,3600,1400,3671.55,1373.43,1.2,0.0,76.32409449184459,-1.2,9999.0,0
164000,3600,1400,3623.16,1335.28,1.2,0.0,68.73910095426035,-1.2,9999.0,0
164000,3600,1400,3674.15,1375.31,1.2,0.0,78.15253418795847,-1.2,9999.0,0
164000,3600,1400,3667.8,1336.48,1.2,0.0,92.90656812088164,-1.2,9999.0,0
164000,3600,1400,3511.64,1533.7,1.2,0.0,160.25972544591494,-1.2,9999.0,0
164000,3600,1400,3675.95,1367.36,1.2,0.0,82.66663232526156,-1.2,9999.0,0
164000,3600,1400,3411.63,1684.09,1.2,14.58,340.86710753606,13.38,25.475867528853513,0
164000,3600,1400,3682.94,1363.16,1.2,0.0,90.75367320389849,-1.2,9999.0,0
164000,3600,1400,3519.7,1521.05,1.2,0.0,145.2624951596248,-1.2,9999.0,0
164000,3600,1400,3543.36,1446.71,1.2,0.0,73.41603162797611,-1.2,9999.0,0
164000,3600,1400,3503.58,1546.36,1.2,0.02,175.2657011511379,-1.18,9999.0,0
164000,3600,1400,3515.67,1527.37,1.2,0.0,152.75688462390153,-1.2,9999.0,0
164000,3600,1400,3527.4,1430.86,1.2,0.02,78.88662497534028,-1.18,9999.0,0
164000,3600,1400,3627.32,1429.03,1.2,0.0,39.86380940151113,-1.2,9999.0,0
164000,3600,1400,3499.54,1552.71,1.2,0.03,182.79101646415785,-1.17,9999.0,0
164000,3600,1400,3640.03,1356.89,1.2,12.56,58.82918493401049,11.36,5.178625434331909,0
164000,3600,1400,3744.67,1404.95,1.2,0.0,144.75465933779134,-1.2,9999.0,0
164000,3600,1400,3868.11,1323.68,1.2,11.2,278.7610347591644,10.0,27.876103475916437,0
164000,3600,1400,3606.33,1460.12,1.2,0.0,60.45232253602823,-1.2,9999.0,0
164000,3600,1400,4012.06,1292.95,1.2,13.35,425.73835403919145,12.15,35.0401937480816,0
164000,3600,1400,3662.76,1385.58,1.2,0.0,64.39529485917453,-1.2,9999.0,0
164000,3600,1400,3827.68,1107.93,1.2,25.49,370.3283236534844,24.29,15.246122834643245,0
164000,3600,1400,3871.65,1378.85,1.2,26.05,272.4720994891037,24.85,10.96467201163395,0
164000,3600,1400,3712.08,1362.14,1.2,10.23,118.30175822869236,9.03,13.100969903509675,0
164000,3600,1400,3471.57,1601.65,1.2,12.42,239.07527559327417,11.22,21.307956826495023,0
164000,3600,1400,3639.94,1397.47,1.2,12.75,40.02005122435508,11.55,3.4649394999441623,0
164000,3600,1400,3774.66,1207.45,1.2,14.48,259.96464778888674,13.28,19.575651188922194,0
164000,3600,1400,3630.05,1234.55,1.2,13.89,168.15678695788648,12.69,13.251125843805081,0
164000,3600,1400,3674.56,1339.71,1.2,0.0,95.8857533734808,-1.2,9999.0,0
164000,3600,1400,3726.93,1279.78,1.2,8.57,174.8258370493331,7.37,23.721280468023487,0
164000,3600,1400,3924.91,1314.94,1.2,2.67,335.85966072155776,1.47,228.4759596745291,0
164000,3600,1400,3680.28,1418.17,1.2,0.0,82.3105540012946,-1.2,9999.0,0
164000,3600,1400,3641.18,1411.75,1.2,0.0,42.82353208225574,-1.2,9999.0,0
164000,3600,1400,3658.35,1420.38,1.2,0.0,61.8066897673706,-1.2,9999.0,0
164000,3600,1400,3550.66,1475.0,1.2,0.0,89.77435936836316,-1.2,9999.0,0
164000,3600,1400,3631.53,1422.8,1.2,0.0,38.90990747868736,-1.2,9999.0,0
164000,3600,1400,3665.7,1420.67,1.2,0.0,68.87480598883731,-1.2,9999.0,0
164000,3600,1400,3646.63,1376.07,1.2,0.0,52.41184789720749,-1.2,9999.0,0
164000,3600,1400,3802.65,1672.46,1.2,13.28,339.5607075325413,12.08,28.109330093753417,0
164000,3600,1400,3623.12,1435.25,1.2,0.0,42.15562714513918,-1.2,9999.0,0
164000,3600,1400,3581.34,1470.85,1.2,0.0,73.26607741649597,-1.2,9999.0,0
164000,3600,1400,3694.78,1415.19,1.2,0.0,95.98950203017016,-1.2,9999.0,0
164000,3600,1400,3546.39,1481.16,1.2,0.0,97.26755728401956,-1.2,9999.0,0
164000,3600,1400,3647.02,1408.17,1.2,0.0,47.72451466489732,-1.2,9999.0,0
164000,3600,1400,3575.04,1466.79,1.2,0.0,71.30151260667614,-1.2,9999.0,0
164000,3600,1400,3618.93,1441.47,1.2,0.0,45.58624573267683,-1.2,9999.0,0
164000,3600,1400,3641.61,1346.51,1.2,0.0,67.76851924013104,-1.2,9999.0,0
164000,3600,1400,3649.8,1382.79,1.2,0.0,52.68988612627683,-1.2,9999.0,0
164000,3600,1400,3687.53,1416.68,1.2,0.0,89.10512499289835,-1.2,9999.0,0
164000,3600,1400,3642.8,1353.92,1.2,0.0,62.89043170467197,-1.2,9999.0,0
164000,3600,1400,3645.13,1368.74,1.2,0.0,54.89903915370477,-1.2,9999.0,0
164000,3600,1400,3542.11,1487.32,1.2,0.0,104.76657148155596,-1.2,9999.0,0
164000,3600,1400,3633.55,1414.17,1.2,0.0,36.41965678037088,-1.2,9999.0,0
164000,3600,1400,3635.66,1416.73,1.2,0.0,39.38944655615245,-1.2,9999.0,0
164000,3600,1400,3614.73,1447.68,1.2,0.0,49.90345979989771,-1.2,9999.0,0
164000,3600,1400,3569.91,1467.31,1.2,0.0,73.72953410947339,-1.2,9999.0,0
164000,3600,1400,3667.15,1379.5,1.2,0.0,70.20949009927371,-1.2,9999.0,0
164000,3600,1400,3643.98,1361.33,1.2,0.0,58.56286622084004,-1.2,9999.0,0
164000,3600,1400,3678.54,1369.24,1.2,0.0,84.34873561589404,-1.2,9999.0,0
164000,3600,1400,3639.32,1414.35,1.2,0.0,41.856718696047,-1.2,9999.0,0
164000,3600,1400,3610.53,1453.9,1.2,0.0,54.91894846043589,-1.2,9999.0,0
164000,3600,1400,3554.94,1468.84,1.2,0.0,82.27605483978911,-1.2,9999.0,0
164000,3600,1400,3623.32,1429.24,1.2,0.0,37.40053475553536,-1.2,9999.0,0
164000,3600,1400,3660.65,1334.37,1.2,0.0,89.36285246118784,-1.2,9999.0,0
164000,3600,1400,3653.25,1333.37,1.2,0.0,85.29431047848394,-1.2,9999.0,0
164000,3600,1400,3527.76,1508.39,1.2,0.0,130.25747464157283,-1.2,9999.0,0
164000,3600,1400,3553.96,1457.33,1.2,0.0,73.52829727390666,-1.2,9999.0,0
164000,3600,1400,3630.85,1412.44,1.2,0.0,33.26373550880893,-1.2,9999.0,0
164000,3600,1400,3961.13,1634.5,1.2,13.44,430.5869562585473,12.24,35.178672896940135,0
164000,3600,1400,3665.35,1387.46,1.2,0.0,66.54227303000692,-1.2,9999.0,0
164000,3600,1400,3523.73,1514.72,1.2,0.0,137.75990454410166,-1.2,9999.0,0
164000,3600,1400,3548.66,1452.02,1.2,0.0,73.08813857254823,-1.2,9999.0,0
164000,3600,1400,3697.3,1353.53,1.2,0.0,107.82741256285452,-1.2,9999.0,0
164000,3600,1400,3629.24,1420.46,1.2,0.0,35.687381523445914,-1.2,9999.0,0
164000,3600,1400,3619.13,1435.46,1.2,0.0,40.29104739269019,-1.2,9999.0,0
164000,3600,1400,3723.78,1409.24,1.2,0.0,124.12439727950364,-1.2,9999.0,0
164000,3600,1400,3562.43,1592.18,1.2,9.66,195.81791874085485,8.46,23.146326092299624,0
164000,3600,1400,3653.29,1407.08,1.2,0.0,53.75825983046694,-1.2,9999.0,0
165000,3600,1400,3640.64,1410.24,1.2,0.0,41.91022786862403,-1.2,9999.0,0
165000,3600,1400,3543.72,1578.07,1.2,12.02,186.75214403053047,10.82,17.259902405779155,0
165000,3600,1400,3507.61,1540.03,1.2,0.0,167.7626686721452,-1.2,9999.0,0
165000,3600,1400,3823.67,1134.8,1.2,23.13,346.9283916026477,21.93,15.819808098615948,0
165000,3600,1400,3645.75,1333.57,1.2,0.0,80.65982519197527,-1.2,9999.0,0
165000,3600,1400,3702.03,1413.71,1.2,0.0,102.947000927662,-1.2,9999.0,0
165000,3600,1400,3537.83,1493.48,1.2,0.0,112.26584208921255,-1.2,9999.0,0
165000,3600,1400,3669.75,1381.38,1.2,0.0,72.19256817706373,-1.2,9999.0,0
165000,3600,1400,3656.14,1401.07,1.2,0.0,56.15019590348715,-1.2,9999.0,0
165000,3600,1400,3567.77,1455.06,1.2,0.0,63.799502349156256,-1.2,9999.0,0
165000,3600,1400,3735.63,1284.01,1.2,29.83,178.4633771954348,28.63,6.233439650556577,0
165000,3600,1400,3709.28,1412.22,1.2,0.0,109.9611149452389,-1.2,9999.0,0
165000,3600,1400,3630.29,1332.96,1.2,0.0,73.56524790959378,-1.2,9999.0,0
165000,3600,1400,3673.03,1419.66,1.2,0.0,75.6299973555469,-1.2,9999.0,0
165000,3600,1400,3716.53,1410.73,1.2,0.0,117.02296270390715,-1.2,9999.0,0
165000,3600,1400,3691.44,1345.55,1.2,14.82,106.42403910771294,13.62,7.813806101887882,0
165000,3600,1400,3755.26,1402.77,1.2,6.71,155.28470787556662,5.51,28.18234262714458,0
165000,3600,1400,3671.55,1373.43,1.2,0.0,76.32409449184459,-1.2,9999.0,0
165000,3600,1400,3623.16,1335.28,1.2,0.0,68.73910095426035,-1.2,9999.0,0
165000,3600,1400,3674.15,1375.31,1.2,0.0,78.15253418795847,-1.2,9999.0,0
165000,3600,1400,3667.8,1336.48,1.2,0.0,92.90656812088164,-1.2,9999.0,0
165000,3600,1400,3511.64,1533.7,1.2,0.0,160.25972544591494,-1.2,9999.0,0
165000,3600,1400,3675.95,1367.36,1.2,0.0,82.66663232526156,-1.2,9999.0,0
165000,3600,1400,3419.53,1672.38,1.2,14.12,326.7419246132948,12.92,25.289622648087835,0
165000,3600,1400,3682.94,1363.16,1.2,0.0,90.75367320389849,-1.2,9999.0,0
165000,3600,1400,3519.7,1521.05,1.2,0.0,145.2624951596248,-1.2,9999.0,0
165000,3600,1400,3543.36,1446.71,1.2,0.0,73.41603162797611,-1.2,9999.0,0
165000,3600,1400,3503.59,1546.35,1.2,0.0,175.25184906299833,-1.2,9999.0,0
165000,3600,1400,3515.67,1527.37,1.2,0.0,152.75688462390153,-1.2,9999.0,0
165000,3600,1400,3527.4,1430.86,1.2,0.01,78.88662497534028,-1.19,9999.0,0
165000,3600,1400,3627.32,1429.03,1.2,0.0,39.86380940151113,-1.2,9999.0,0
165000,3600,1400,3499.55,1552.68,1.2,0.03,182.7604577035196,-1.17,9999.0,0
165000,3600,1400,3638.36,1346.48,1.2,10.55,65.84739934120411,9.35,7.042502603337338,0
165000,3600,1400,3744.67,1404.95,1.2,0.0,144.75465933779134,-1.2,9999.0,0
165000,3600,1400,3878.98,1321.41,1.2,11.11,289.8382799079514,9.91,29.24705145388006,0
165000,3600,1400,3606.33,1460.12,1.2,0.0,60.45232253602823,-1.2,9999.0,0
165000,3600,1400,4024.59,1290.26,1.2,12.82,438.5425129904741,11.62,37.74031953446421,0
165000,3600,1400,3662.76,1385.58,1.2,0.0,64.39529485917453,-1.2,9999.0,0
165000,3600,1400,3829.66,1082.16,1.2,25.82,392.1300564863651,24.62,15.92729717653798,0
165000,3600,1400,3844.68,1384.4,1.2,27.54,245.17679824975264,26.34,9.308154831046037,0
165000,3600,1400,3706.95,1359.15,1.2,5.94,114.48591616439096,4.74,24.153146870124672,0
165000,3600,1400,3464.75,1611.81,1.2,12.23,251.30865205957392,11.03,22.78410263459419,0
165000,3600,1400,3649.42,1393.4,1.2,11.51,49.85876452540722,10.31,4.835961641649584,0
165000,3600,1400,3783.31,1193.5,1.2,16.35,276.1246205972948,15.150000000000002,18.226047564177872,0
165000,3600,1400,3631.56,1249.31,1.2,14.84,153.9594417371017,13.64,11.287349100960535,0
165000,3600,1400,3674.56,1339.71,1.2,0.0,95.8857533734808,-1.2,9999.0,0
165000,3600,1400,3732.23,1271.41,1.2,9.96,184.44555023095563,8.760000000000002,21.055428108556576,0
165000,3600,1400,3920.98,1315.78,1.2,4.02,331.845097598262,2.8199999999999994,117.6755665242064,0
165000,3600,1400,3642.21,1370.92,1.2,0.0,51.25749213529666,-1.2,9999.0,0
165000,3600,1400,3680.28,1418.17,1.2,0.0,82.3105540012946,-1.2,9999.0,0
165000,3600,1400,3641.18,1411.75,1.2,0.0,42.82353208225574,-1.2,9999.0,0
165000,3600,1400,3658.35,1420.38,1.2,0.0,61.8066897673706,-1.2,9999.0,0
165000,3600,1400,3550.66,1475.0,1.2,0.0,89.77435936836316,-1.2,9999.0,0
165000,3600,1400,3631.53,1422.8,1.2,0.0,38.90990747868736,-1.2,9999.0,0
165000,3600,1400,3665.7,1420.67,1.2,0.0,68.87480598883731,-1.2,9999.0,0
165000,3600,1400,3646.63,1376.07,1.2,0.0,52.41184789720749,-1.2,9999.0,0
165000,3600,1400,3790.22,1673.05,1.2,12.45,332.7761272988192,11.25,29.580100204339484,0
165000,3600,1400,3623.12,1435.25,1.2,0.0,42.15562714513918,-1.2,9999.0,0
165000,3600,1400,3581.34,1470.85,1.2,0.0,73.26607741649597,-1.2,9999.0,0
165000,3600,1400,3694.78,1415.19,1.2,0.0,95.98950203017016,-1.2,9999.0,0
165000,3600,1400,3546.39,1481.16,1.2,0.0,97.26755728401956,-1.2,9999.0,0
165000,3600,1400,3647.02,1408.17,1.2,0.0,47.72451466489732,-1.2,9999.0,0
165000,3600,1400,3575.04,1466.79,1.2,0.0,71.30151260667614,-1.2,9999.0,0
165000,3600,1400,3618.93,1441.47,1.2,0.0,45.58624573267683,-1.2,9999.0,0
165000,3600,1400,3641.61,1346.51,1.2,0.0,67.76851924013104,-1.2,9999.0,0
165000,3600,1400,3649.8,1382.79,1.2,0.0,52.68988612627683,-1.2,9999.0,0
165000,3600,1400,3687.53,1416.68,1.2,0.0,89.10512499289835,-1.2,9999.0,0
165000,3600,1400,3642.8,1353.92,1.2,0.0,62.89043170467197,-1.2,9999.0,0
165000,3600,1400,3645.13,1368.74,1.2,0.0,54.89903915370477,-1.2,9999.0,0
165000,3600,1400,3542.11,1487.32,1.2,0.0,104.76657148155596,-1.2,9999.0,0
165000,3600,1400,3633.55,1414.17,1.2,0.0,36.41965678037088,-1.2,9999.0,0
165000,3600,1400,3635.66,1416.73,1.2,0.0,39.38944655615245,-1.2,9999.0,0
165000,3600,1400,3614.73,1447.68,1.2,0.0,49.90345979989771,-1.2,9999.0,0
165000,3600,1400,3569.91,1467.31,1.2,0.0,73.72953410947339,-1.2,9999.0,0
165000,3600,1400,3667.15,1379.5,1.2,0.0,70.20949009927371,-1.2,9999.0,0
165000,3600,1400,3643.98,1361.33,1.2,0.0,58.56286622084004,-1.2,9999.0,0
165000,3600,1400,3678.54,1369.24,1.2,0.0,84.34873561589404,-1.2,9999.0,0
165000,3600,1400,3639.32,1414.35,1.2,0.0,41.856718696047,-1.2,9999.0,0
165000,3600,1400,3610.53,1453.9,1.2,0.0,54.91894846043589,-1.2,9999.0,0
165000,3600,1400,3554.94,1468.84,1.2,0.0,82.27605483978911,-1.2,9999.0,0
165000,3600,1400,3623.32,1429.24,1.2,0.0,37.40053475553536,-1.2,9999.0,0
165000,3600,1400,3660.65,1334.37,1.2,0.0,89.36285246118784,-1.2,9999.0,0
165000,3600,1400,3653.25,1333.37,1.2,0.0,85.29431047848394,-1.2,9999.0,0
165000,3600,1400,3527.76,1508.39,1.2,0.0,130.25747464157283,-1.2,9999.0,0
165000,3600,1400,3553.96,1457.33,1.2,0.0,73.52829727390666,-1.2,9999.0,0
165000,3600,1400,3630.85,1412.44,1.2,0.0,33.26373550880893,-1.2,9999.0,0
165000,3600,1400,3949.4,1638.84,1.2,12.51,423.2315035533154,11.31,37.42099943000136,0
165000,3600,1400,3665.35,1387.46,1.2,0.0,66.54227303000692,-1.2,9999.0,0
165000,3600,1400,3523.73,1514.72,1.2,0.0,137.75990454410166,-1.2,9999.0,0
165000,3600,1400,3548.66,1452.02,1.2,0.0,73.08813857254823,-1.2,9999.0,0
165000,3600,1400,3697.3,1353.53,1.2,0.0,107.82741256285452,-1.2,9999.0,0
165000,3600,1400,3629.24,1420.46,1.2,0.0,35.687381523445914,-1.2,9999.0,0
165000,3600,1400,3619.13,1435.46,1.2,0.0,40.29104739269019,-1.2,9999.0,0
165000,3600,1400,3723.78,1409.24,1.2,0.0,124.12439727950364,-1.2,9999.0,0
165000,3600,1400,3573.95,1591.05,1.2,11.58,192.8178026013158,10.38,18.575896204365684,0
165000,3600,1400,3653.29,1407.08,1.2,0.0,53.75825983046694,-1.2,9999.0,0
166000,3600,1400,3640.64,1410.24,1.2,0.0,41.91022786862403,-1.2,9999.0,0
166000,3600,1400,3538.89,1585.34,1.2,8.73,195.1546763467378,7.53,25.916955690137822,0
166000,3600,1400,3507.61,1540.03,1.2,0.0,167.7626686721452,-1.2,9999.0,0
166000,3600,1400,3810.71,1155.5,1.2,24.52,322.7676472324945,23.32,13.840808200364258,0
166000,3600,1400,3645.75,1333.57,1.2,0.0,80.65982519197527,-1.2,9999.0,0
166000,3600,1400,3702.03,1413.71,1.2,0.0,102.947000927662,-1.2,9999.0,0
166000,3600,1400,3537.83,1493.48,1.2,0.0,112.26584208921255,-1.2,9999.0,0
166000,3600,1400,3669.75,1381.38,1.2,0.0,72.19256817706373,-1.2,9999.0,0
166000,3600,1400,3656.14,1401.07,1.2,0.0,56.15019590348715,-1.2,9999.0,0
166000,3600,1400,3567.77,1455.06,1.2,0.0,63.799502349156256,-1.2,9999.0,0
166000,3600,1400,3721.77,1305.21,1.2,25.33,154.3148631856309,24.13,6.395145594099914,0
166000,3600,1400,3709.28,1412.22,1.2,0.0,109.9611149452389,-1.2,9999.0,0
166000,3600,1400,3630.29,1332.96,1.2,0.0,73.56524790959378,-1.2,9999.0,0
166000,3600,1400,3673.03,1419.66,1.2,0.0,75.6299973555469,-1.2,9999.0,0
166000,3600,1400,3716.53,1410.73,1.2,0.0,117.02296270390715,-1.2,9999.0,0
166000,3600,1400,3685.47,1354.2,1.2,10.56,96.96783435758458,9.36,10.359811362989806,0
166000,3600,1400,3752.61,1403.31,1.2,2.71,152.64589152676214,1.51,101.0899943885842,0
166000,3600,1400,3671.55,1373.43,1.2,0.0,76.32409449184459,-1.2,9999.0,0
166000,3600,1400,3623.16,1335.28,1.2,0.0,68.73910095426035,-1.2,9999.0,0
166000,3600,1400,3674.15,1375.31,1.2,0.0,78.15253418795847,-1.2,9999.0,0
166000,3600,1400,3667.8,1336.48,1.2,0.0,92.90656812088164,-1.2,9999.0,0
166000,3600,1400,3511.64,1533.7,1.2,0.0,160.25972544591494,-1.2,9999.0,0
166000,3600,1400,3675.95,1367.36,1.2,0.0,82.66663232526156,-1.2,9999.0,0
166000,3600,1400,3427.18,1661.03,1.2,13.7,313.05496849594965,12.5,25.044397479675972,0
166000,3600,1400,3682.94,1363.16,1.2,0.0,90.75367320389849,-1.2,9999.0,0
166000,3600,1400,3519.7,1521.05,1.2,0.0,145.2624951596248,-1.2,9999.0,0
166000,3600,1400,3543.36,1446.71,1.2,0.0,73.41603162797611,-1.2,9999.0,0
166000,3600,1400,3503.59,1546.35,1.2,0.0,175.25184906299833,-1.2,9999.0,0
166000,3600,1400,3515.67,1527.37,1.2,0.0,152.75688462390153,-1.2,9999.0,0
166000,3600,1400,3527.4,1430.86,1.2,0.0,78.88662497534028,-1.2,9999.0,0
166000,3600,1400,3627.32,1429.03,1.2,0.0,39.86380940151113,-1.2,9999.0,0
166000,3600,1400,3499.55,1552.68,1.2,0.0,182.7604577035196,-1.2,9999.0,0
166000,3600,1400,3637.13,1339.61,1.2,6.99,70.89138875773291,5.79,12.243763170592903,0
166000,3600,1400,3744.67,1404.95,1.2,0.0,144.75465933779134,-1.2,9999.0,0
166000,3600,1400,3889.86,1319.14,1.2,11.11,300.92716593886973,9.91,30.366010690097852,0
166000,3600,1400,3606.33,1460.12,1.2,0.0,60.45232253602823,-1.2,9999.0,0
166000,3600,1400,4036.81,1287.63,1.2,12.5,451.0321418701775,11.3,39.914348838068804,0
166000,3600,1400,3662.76,1385.58,1.2,0.0,64.39529485917453,-1.2,9999.0,0
166000,3600,1400,3827.8,1056.32,1.2,25.84,412.3212126485856,24.64,16.73381544840039,0
166000,3600,1400,3820.41,1389.39,1.2,24.77,220.66522199929904,23.57,9.362122274047477,0
166000,3600,1400,3704.83,1357.92,1.2,2.45,112.96041474782209,1.2500000000000002,90.36833179825766,0
166000,3600,1400,3457.43,1622.18,1.2,12.69,263.9889340483803,11.49,22.975538211347285,0
166000,3600,1400,3657.44,1382.0,1.2,13.87,60.19429873335186,12.67,4.750931233887282,0
166000,3600,1400,3792.82,1178.16,1.2,17.98,293.9260757401425,16.78,17.51645266627786,0
166000,3600,1400,3633.78,1263.34,1.2,14.2,140.77302298380908,13.0,10.828694075677621,0
166000,3600,1400,3674.56,1339.71,1.2,0.0,95.8857533734808,-1.2,9999.0,0
166000,3600,1400,3738.21,1261.34,1.2,11.72,195.77691309242783,10.52,18.609972727417095,0
166000,3600,1400,3914.9,1317.08,1.2,6.22,325.6343599806385,5.02,64.86740238658139,0
166000,3600,1400,3641.96,1369.23,1.2,1.71,52.03301355870138,0.51,102.02551678176741,0
166000,3600,1400,3680.28,1418.17,1.2,0.0,82.3105540012946,-1.2,9999.0,0
166000,3600,1400,3641.18,1411.75,1.2,0.0,42.82353208225574,-1.2,9999.0,0
166000,3600,1400,3658.35,1420.38,1.2,0.0,61.8066897673706,-1.2,9999.0,0
166000,3600,1400,3550.66,1475.0,1.2,0.0,89.77435936836316,-1.2,9999.0,0
166000,3600,1400,3631.53,1422.8,1.2,0.0,38.90990747868736,-1.2,9999.0,0
166000,3600,1400,3665.7,1420.67,1.2,0.0,68.87480598883731,-1.2,9999.0,0
166000,3600,1400,3646.63,1376.07,1.2,0.0,52.41184789720749,-1.2,9999.0,0
166000,3600,1400,3777.34,1674.33,1.2,13.0,326.6594932035498,11.8,27.683007898605915,0
166000,3600,1400,3623.12,1435.25,1.2,0.0,42.15562714513918,-1.2,9999.0,0
166000,3600,1400,3581.34,1470.85,1.2,0.0,73.26607741649597,-1.2,9999.0,0
166000,3600,1400,3694.78,1415.19,1.2,0.0,95.98950203017016,-1.2,9999.0,0
166000,3600,1400,3546.39,1481.16,1.2,0.0,97.26755728401956,-1.2,9999.0,0
166000,3600,1400,3647.02,1408.17,1.2,0.0,47.72451466489732,-1.2,9999.0,0
166000,3600,1400,3575.04,1466.79,1.2,0.0,71.30151260667614,-1.2,9999.0,0
166000,3600,1400,3618.93,1441.47,1.2,0.0,45.58624573267683,-1.2,9999.0,0
166000,3600,1400,3641.61,1346.51,1.2,0.0,67.76851924013104,-1.2,9999.0,0
166000,3600,1400,3649.8,1382.79,1.2,0.0,52.68988612627683,-1.2,9999.0,0
166000,3600,1400,3687.53,1416.68,1.2,0.0,89.10512499289835,-1.2,9999.0,0
166000,3600,1400,3642.8,1353.92,1.2,0.0,62.89043170467197,-1.2,9999.0,0
166000,3600,1400,3645.13,1368.74,1.2,0.0,54.89903915370477,-1.2,9999.0,0
166000,3600,1400,3542.11,1487.32,1.2,0.0,104.76657148155596,-1.2,9999.0,0
166000,3600,1400,3633.55,1414.17,1.2,0.0,36.41965678037088,-1.2,9999.0,0
166000,3600,1400,3635.66,1416.73,1.2,0.0,39.38944655615245,-1.2,9999.0,0
166000,3600,1400,3614.73,1447.68,1.2,0.0,49.90345979989771,-1.2,9999.0,0
166000,3600,1400,3569.91,1467.31,1.2,0.0,73.72953410947339,-1.2,9999.0,0
166000,3600,1400,3667.15,1379.5,1.2,0.0,70.20949009927371,-1.2,9999.0,0
166000,3600,1400,3643.98,1361.33,1.2,0.0,58.56286622084004,-1.2,9999.0,0
166000,3600,1400,3678.54,1369.24,1.2,0.0,84.34873561589404,-1.2,9999.0,0
166000,3600,1400,3639.32,1414.35,1.2,0.0,41.856718696047,-1.2,9999.0,0
166000,3600,1400,3610.53,1453.9,1.2,0.0,54.91894846043589,-1.2,9999.0,0
166000,3600,1400,3554.94,1468.84,1.2,0.0,82.27605483978911,-1.2,9999.0,0
166000,3600,1400,3623.32,1429.24,1.2,0.0,37.40053475553536,-1.2,9999.0,0
166000,3600,1400,3660.65,1334.37,1.2,0.0,89.36285246118784,-1.2,9999.0,0
166000,3600,1400,3653.25,1333.37,1.2,0.0,85.29431047848394,-1.2,9999.0,0
166000,3600,1400,3527.76,1508.39,1.2,0.0,130.25747464157283,-1.2,9999.0,0
166000,3600,1400,3553.96,1457.33,1.2,0.0,73.52829727390666,-1.2,9999.0,0
166000,3600,1400,3630.85,1412.44,1.2,0.0,33.26373550880893,-1.2,9999.0,0
166000,3600,1400,3937.1,1643.39,1.2,13.11,415.7825177902505,11.91,34.91037093117133,0
166000,3600,1400,3665.35,1387.46,1.2,0.0,66.54227303000692,-1.2,9999.0,0
166000,3600,1400,3523.73,1514.72,1.2,0.0,137.75990454410166,-1.2,9999.0,0
166000,3600,1400,3548.66,1452.02,1.2,0.0,73.08813857254823,-1.2,9999.0,0
166000,3600,1400,3697.3,1353.53,1.2,0.0,107.82741256285452,-1.2,9999.0,0
166000,3600,1400,3629.24,1420.46,1.2,0.0,35.687381523445914,-1.2,9999.0,0
166000,3600,1400,3619.13,1435.46,1.2,0.0,40.29104739269019,-1.2,9999.0,0
166000,3600,1400,3723.78,1409.24,1.2,0.0,124.12439727950364,-1.2,9999.0,0
166000,3600,1400,3585.65,1589.95,1.2,11.74,190.49127276597216,10.54,18.073175784247834,0
166000,3600,1400,3653.29,1407.08,1.2,0.0,53.75825983046694,-1.2,9999.0,0
167000,3600,1400,3640.64,1410.24,1.2,0.0,41.91022786862403,-1.2,9999.0,0
167000,3600,1400,3538.45,1590.65,1.2,5.83,200.33927473164127,4.63,43.269821756294014,0
167000,3600,1400,3507.61,1540.03,1.2,0.0,167.7626686721452,-1.2,9999.0,0
167000,3600,1400,3796.84,1177.77,1.2,26.33,296.8706090201589,25.13,11.813394708323075,0
167000,3600,1400,3645.75,1333.57,1.2,0.0,80.65982519197527,-1.2,9999.0,0
167000,3600,1400,3702.03,1413.71,1.2,0.0,102.947000927662,-1.2,9999.0,0
167000,3600,1400,3537.83,1493.48,1.2,0.0,112.26584208921255,-1.2,9999.0,0
167000,3600,1400,3669.75,1381.38,1.2,0.0,72.19256817706373,-1.2,9999.0,0
167000,3600,1400,3656.14,1401.07,1.2,0.0,56.15019590348715,-1.2,9999.0,0
167000,3600,1400,3567.77,1455.06,1.2,0.0,63.799502349156256,-1.2,9999.0,0
167000,3600,1400,3710.38,1322.65,1.2,20.83,134.78414929063436,19.63,6.866232770791359,0
167000,3600,1400,3709.28,1412.22,1.2,0.0,109.9611149452389,-1.2,9999.0,0
167000,3600,1400,3630.29,1332.96,1.2,0.0,73.56524790959378,-1.2,9999.0,0
167000,3600,1400,3673.03,1419.66,1.2,0.0,75.6299973555469,-1.2,9999.0,0
167000,3600,1400,3716.53,1410.73,1.2,0.0,117.02296270390715,-1.2,9999.0,0
167000,3600,1400,3681.91,1359.13,1.2,6.08,91.5401824337267,4.88,18.758234105271864,0
167000,3600,1400,3752.11,1403.42,1.2,0.51,152.14844231867784,-0.69,9999.0,0
167000,3600,1400,3671.55,1373.43,1.2,0.0,76.32409449184459,-1.2,9999.0,0
167000,3600,1400,3623.16,1335.28,1.2,0.0,68.73910095426035,-1.2,9999.0,0
167000,3600,1400,3674.15,1375.31,1.2,0.0,78.15253418795847,-1.2,9999.0,0
167000,3600,1400,3667.8,1336.48,1.2,0.0,92.90656812088164,-1.2,9999.0,0
167000,3600,1400,3511.64,1533.7,1.2,0.0,160.25972544591494,-1.2,9999.0,0
167000,3600,1400,3675.95,1367.36,1.2,0.0,82.66663232526156,-1.2,9999.0,0
167000,3600,1400,3434.95,1649.52,1.2,13.88,299.1684022419481,12.68,23.59372257428613,0
167000,3600,1400,3682.94,1363.16,1.2,0.0,90.75367320389849,-1.2,9999.0,0
167000,3600,1400,3519.7,1521.05,1.2,0.0,145.2624951596248,-1.2,9999.0,0
167000,3600,1400,3543.36,1446.71,1.2,0.0,73.41603162797611,-1.2,9999.0,0
167000,3600,1400,3503.59,1546.35,1.2,0.0,175.25184906299833,-1.2,9999.0,0
167000,3600,1400,3515.67,1527.37,1.2,0.0,152.75688462390153,-1.2,9999.0,0
167000,3600,1400,3527.4,1430.86,1.2,0.0,78.88662497534028,-1.2,9999.0,0
167000,3600,1400,3627.32,1429.03,1.2,0.0,39.86380940151113,-1.2,9999.0,0
167000,3600,1400,3499.56,1552.68,1.2,0.0,182.75496162895288,-1.2,9999.0,0
167000,3600,1400,3632.98,1335.91,1.2,6.12,72.0777947775873,4.92,14.6499582881275,0
167000,3600,1400,3744.67,1404.95,1.2,0.0,144.75465933779134,-1.2,9999.0,0
167000,3600,1400,3900.66,1316.85,1.2,11.05,311.9460820398293,9.85,31.669652998967443,0
167000,3600,1400,3606.33,1460.12,1.2,0.0,60.45232253602823,-1.2,9999.0,0
167000,3600,1400,4048.83,1285.17,1.2,12.27,463.2864101179744,11.07,41.850624220232554,0
167000,3600,1400,3662.76,1385.58,1.2,0.0,64.39529485917453,-1.2,9999.0,0
167000,3600,1400,3822.27,1031.1,1.2,25.71,430.6868501591383,24.51,17.57188291142955,0
167000,3600,1400,3800.15,1393.55,1.2,20.69,200.25390133527995,19.49,10.27469991458594,0
167000,3600,1400,3704.09,1357.48,1.2,0.86,112.4396660436166,-0.3399999999999999,9999.0,0
167000,3600,1400,3450.73,1631.81,1.2,11.73,275.7125477739451,10.53,26.18352780379346,0
167000,3600,1400,3666.97,1368.85,1.2,16.24,73.86002572433873,15.04,4.9109059657140115,0
167000,3600,1400,3803.33,1161.24,1.2,19.83,313.6071212520532,18.63,16.833447195494,0
167000,3600,1400,3635.47,1277.21,1.2,13.97,127.81042602229276,12.77,10.008647300101234,0
167000,3600,1400,3674.56,1339.71,1.2,0.0,95.8857533734808,-1.2,9999.0,0
167000,3600,1400,3747.93,1251.09,1.2,13.79,209.89872081553997,12.59,16.671860271289912,0
167000,3600,1400,3907.23,1318.72,1.2,7.84,317.79979751409536,6.64,47.861415288267374,0
167000,3600,1400,3641.32,1365.02,1.2,4.26,54.138182459332846,3.06,17.692216489978055,0
167000,3600,1400,3680.28,1418.17,1.2,0.0,82.3105540012946,-1.2,9999.0,0
167000,3600,1400,3641.18,1411.75,1.2,0.0,42.82353208225574,-1.2,9999.0,0
167000,3600,1400,3658.35,1420.38,1.2,0.0,61.8066897673706,-1.2,9999.0,0
167000,3600,1400,3550.66,1475.0,1.2,0.0,89.77435936836316,-1.2,9999.0,0
167000,3600,1400,3631.53,1422.8,1.2,0.0,38.90990747868736,-1.2,9999.0,0
167000,3600,1400,3665.7,1420.67,1.2,0.0,68.87480598883731,-1.2,9999.0,0
167000,3600,1400,3646.63,1376.07,1.2,0.0,52.41184789720749,-1.2,9999.0,0
167000,3600,1400,3764.52,1677.73,1.2,13.26,322.80146111813065,12.06,26.766290308302708,0
167000,3600,1400,3623.12,1435.25,1.2,0.0,42.15562714513918,-1.2,9999.0,0
167000,3600,1400,3581.34,1470.85,1.2,0.0,73.26607741649597,-1.2,9999.0,0
167000,3600,1400,3694.78,1415.19,1.2,0.0,95.98950203017016,-1.2,9999.0,0
167000,3600,1400,3546.39,1481.16,1.2,0.0,97.26755728401956,-1.2,9999.0,0
167000,3600,1400,3647.02,1408.17,1.2,0.0,47.72451466489732,-1.2,9999.0,0
167000,3600,1400,3575.04,1466.79,1.2,0.0,71.30151260667614,-1.2,9999.0,0
167000,3600,1400,3618.93,1441.47,1.2,0.0,45.58624573267683,-1.2,9999.0,0
167000,3600,1400,3641.61,1346.51,1.2,0.0,67.76851924013104,-1.2,9999.0,0
167000,3600,1400,3649.8,1382.79,1.2,0.0,52.68988612627683,-1.2,9999.0,0
167000,3600,1400,3687.53,1416.68,1.2,0.0,89.10512499289835,-1.2,9999.0,0
167000,3600,1400,3642.8,1353.92,1.2,0.0,62.89043170467197,-1.2,9999.0,0
167000,3600,1400,3645.13,1368.74,1.2,0.0,54.89903915370477,-1.2,9999.0,0
167000,3600,1400,3542.11,1487.32,1.2,0.0,104.76657148155596,-1.2,9999.0,0
167000,3600,1400,3633.55,1414.17,1.2,0.0,36.41965678037088,-1.2,9999.0,0
167000,3600,1400,3635.66,1416.73,1.2,0.0,39.38944655615245,-1.2,9999.0,0
167000,3600,1400,3614.73,1447.68,1.2,0.0,49.90345979989771,-1.2,9999.0,0
167000,3600,1400,3569.91,1467.31,1.2,0.0,73.72953410947339,-1.2,9999.0,0
167000,3600,1400,3667.15,1379.5,1.2,0.0,70.20949009927371,-1.2,9999.0,0
167000,3600,1400,3643.98,1361.33,1.2,0.0,58.56286622084004,-1.2,9999.0,0
167000,3600,1400,3678.54,1369.24,1.2,0.0,84.34873561589404,-1.2,9999.0,0
167000,3600,1400,3639.32,1414.35,1.2,0.0,41.856718696047,-1.2,9999.0,0
167000,3600,1400,3610.53,1453.9,1.2,0.0,54.91894846043589,-1.2,9999.0,0
167000,3600,1400,3554.94,1468.84,1.2,0.0,82.27605483978911,-1.2,9999.0,0
167000,3600,1400,3623.32,1429.24,1.2,0.0,37.40053475553536,-1.2,9999.0,0
167000,3600,1400,3660.65,1334.37,1.2,0.0,89.36285246118784,-1.2,9999.0,0
167000,3600,1400,3653.25,1333.37,1.2,0.0,85.29431047848394,-1.2,9999.0,0
167000,3600,1400,3527.76,1508.39,1.2,0.0,130.25747464157283,-1.2,9999.0,0
167000,3600,1400,3553.96,1457.33,1.2,0.0,73.52829727390666,-1.2,9999.0,0
167000,3600,1400,3630.85,1412.44,1.2,0.0,33.26373550880893,-1.2,9999.0,0
167000,3600,1400,3925.72,1647.97,1.2,12.29,409.36858611769406,11.09,36.9133080358606,0
167000,3600,1400,3665.35,1387.46,1.2,0.0,66.54227303000692,-1.2,9999.0,0
167000,3600,1400,3523.73,1514.72,1.2,0.0,137.75990454410166,-1.2,9999.0,0
167000,3600,1400,3548.66,1452.02,1.2,0.0,73.08813857254823,-1.2,9999.0,0
167000,3600,1400,3697.3,1353.53,1.2,0.0,107.82741256285452,-1.2,9999.0,0
167000,3600,1400,3629.24,1420.46,1.2,0.0,35.687381523445914,-1.2,9999.0,0
167000,3600,1400,3619.13,1435.46,1.2,0.0,40.29104739269019,-1.2,9999.0,0
167000,3600,1400,3723.78,1409.24,1.2,0.0,124.12439727950364,-1.2,9999.0,0
167000,3600,1400,3598.21,1589.55,1.2,12.57,189.55845167124568,11.37,16.671807534850103,0
167000,3600,1400,3653.29,1407.08,1.2,0.0,53.75825983046694,-1.2,9999.0,0
168000,3600,1400,3640.64,1410.24,1.2,0.0,41.91022786862403,-1.2,9999.0,0
168000,3600,1400,3542.76,1592.85,1.2,4.93,201.165454539292,3.73,53.93175724913995,0
168000,3600,1400,3507.61,1540.03,1.2,0.0,167.7626686721452,-1.2,9999.0,0
168000,3600,1400,3781.79,1202.03,1.2,28.67,268.77448725651027,27.47,9.784291490954143,0
168000,3600,1400,3645.75,1333.57,1.2,0.0,80.65982519197527,-1.2,9999.0,0
168000,3600,1400,3702.03,1413.71,1.2,0.0,102.947000927662,-1.2,9999.0,0
168000,3600,1400,3537.83,1493.48,1.2,0.0,112.26584208921255,-1.2,9999.0,0
168000,3600,1400,3669.75,1381.38,1.2,0.0,72.19256817706373,-1.2,9999.0,0
168000,3600,1400,3656.14,1401.07,1.2,0.0,56.15019590348715,-1.2,9999.0,0
168000,3600,1400,3567.77,1455.06,1.2,0.0,63.799502349156256,-1.2,9999.0,0
168000,3600,1400,3701.18,1336.72,1.2,16.82,119.33880676460596,15.62,7.6401284740464765,0
168000,3600,1400,3709.28,1412.22,1.2,0.0,109.9611149452389,-1.2,9999.0,0
168000,3600,1400,3630.29,1332.96,1.2,0.0,73.56524790959378,-1.2,9999.0,0
168000,3600,1400,3673.03,1419.66,1.2,0.0,75.6299973555469,-1.2,9999.0,0
168000,3600,1400,3716.53,1410.73,1.2,0.0,117.02296270390715,-1.2,9999.0,0
168000,3600,1400,3680.86,1360.57,1.2,1.77,89.96146119311327,0.5700000000000001,157.8271249001987,0
168000,3600,1400,3752.03,1403.43,1.2,0.08,152.06868776970512,-1.12,9999.0,0
168000,3600,1400,3671.55,1373.43,1.2,0.0,76.32409449184459,-1.2,9999.0,0
168000,3600,1400,3623.16,1335.28,1.2,0.0,68.73910095426035,-1.2,9999.0,0
168000,3600,1400,3674.15,1375.31,1.2,0.0,78.15253418795847,-1.2,9999.0,0
168000,3600,1400,3667.8,1336.48,1.2,0.0,92.90656812088164,-1.2,9999.0,0
168000,3600,1400,3511.64,1533.7,1.2,0.0,160.25972544591494,-1.2,9999.0,0
168000,3600,1400,3675.95,1367.36,1.2,0.0,82.66663232526156,-1.2,9999.0,0
168000,3600,1400,3443.14,1637.36,1.2,14.66,284.5080476893404,13.46,21.13729923397774,0
168000,3600,1400,3682.94,1363.16,1.2,0.0,90.75367320389849,-1.2,9999.0,0
168000,3600,1400,3519.7,1521.05,1.2,0.0,145.2624951596248,-1.2,9999.0,0
168000,3600,1400,3543.36,1446.71,1.2,0.0,73.41603162797611,-1.2,9999.0,0
168000,3600,1400,3503.59,1546.35,1.2,0.0,175.25184906299833,-1.2,9999.0,0
168000,3600,1400,3515.67,1527.37,1.2,0.0,152.75688462390153,-1.2,9999.0,0
168000,3600,1400,3527.4,1430.86,1.2,0.0,78.88662497534028,-1.2,9999.0,0
168000,3600,1400,3627.32,1429.03,1.2,0.0,39.86380940151113,-1.2,9999.0,0
168000,3600,1400,3499.56,1552.68,1.2,0.0,182.75496162895288,-1.2,9999.0,0
168000,3600,1400,3627.06,1337.36,1.2,6.14,68.23498516157242,4.94,13.812750032706967,0
168000,3600,1400,3744.67,1404.95,1.2,0.0,144.75465933779134,-1.2,9999.0,0
168000,3600,1400,3912.04,1314.41,1.2,11.64,323.5654643190462,10.44,30.992860566958452,0
168000,3600,1400,3606.33,1460.12,1.2,0.0,60.45232253602823,-1.2,9999.0,0
168000,3600,1400,4060.77,1282.74,1.2,12.19,475.4565179908674,10.99,43.26264949871405,0
168000,3600,1400,3662.76,1385.58,1.2,0.0,64.39529485917453,-1.2,9999.0,0
168000,3600,1400,3817.55,1009.61,1.2,21.92,446.91425866714087,20.72,21.569220978143864,0
168000,3600,1400,3784.3,1396.81,1.2,16.19,184.32760536609828,14.990000000000002,12.296704827624968,0
168000,3600,1400,3703.8,1357.32,1.2,0.33,112.2320025661132,-0.8699999999999999,9999.0,0
168000,3600,1400,3443.8,1642.09,1.2,12.39,288.1076328388401,11.19,25.74688407853799,0
168000,3600,1400,3677.49,1354.32,1.2,17.94,89.95200108946977,16.740000000000002,5.373476767590787,0
168000,3600,1400,3814.78,1142.95,1.2,21.5,334.9703731675386,20.3,16.501003604312245,0
168000,3600,1400,3636.7,1291.28,1.2,14.13,114.74723700377275,12.93,8.8744962879948,0
168000,3600,1400,3674.56,1339.71,1.2,0.0,95.8857533734808,-1.2,9999.0,0
168000,3600,1400,3755.8,1237.67,1.2,15.57,224.99926422101925,14.37,15.657568839319364,0
168000,3600,1400,3898.1,1320.67,1.2,9.34,308.47505393467384,8.14,37.89619827207295,0
168000,3600,1400,3640.44,1359.44,1.2,5.65,57.27571213001197,4.45,12.870946546070105,0
168000,3600,1400,3680.28,1418.17,1.2,0.0,82.3105540012946,-1.2,9999.0,0
168000,3600,1400,3641.18,1411.75,1.2,0.0,42.82353208225574,-1.2,9999.0,0
168000,3600,1400,3658.35,1420.38,1.2,0.0,61.8066897673706,-1.2,9999.0,0
168000,3600,1400,3550.66,1475.0,1.2,0.0,89.77435936836316,-1.2,9999.0,0
168000,3600,1400,3631.53,1422.8,1.2,0.0,38.90990747868736,-1.2,9999.0,0
168000,3600,1400,3665.7,1420.67,1.2,0.0,68.87480598883731,-1.2,9999.0,0
168000,3600,1400,3646.63,1376.07,1.2,0.0,52.41184789720749,-1.2,9999.0,0
168000,3600,1400,3752.91,1679.59,1.2,12.43,318.67230221655586,11.23,28.376874640833112,0
168000,3600,1400,3623.12,1435.25,1.2,0.0,42.15562714513918,-1.2,9999.0,0
168000,3600,1400,3581.34,1470.85,1.2,0.0,73.26607741649597,-1.2,9999.0,0
168000,3600,1400,3694.78,1415.19,1.2,0.0,95.98950203017016,-1.2,9999.0,0
168000,3600,1400,3546.39,1481.16,1.2,0.0,97.26755728401956,-1.2,9999.0,0
168000,3600,1400,3647.02,1408.17,1.2,0.0,47.72451466489732,-1.2,9999.0,0
168000,3600,1400,3575.04,1466.79,1.2,0.0,71.30151260667614,-1.2,9999.0,0
168000,3600,1400,3618.93,1441.47,1.2,0.0,45.58624573267683,-1.2,9999.0,0
168000,3600,1400,3641.61,1346.51,1.2,0.0,67.76851924013104,-1.2,9999.0,0
168000,3600,1400,3649.8,1382.79,1.2,0.0,52.68988612627683,-1.2,9999.0,0
168000,3600,1400,3687.53,1416.68,1.2,0.0,89.10512499289835,-1.2,9999.0,0
168000,3600,1400,3642.8,1353.92,1.2,0.0,62.89043170467197,-1.2,9999.0,0
168000,3600,1400,3645.13,1368.74,1.2,0.0,54.89903915370477,-1.2,9999.0,0
168000,3600,1400,3542.11,1487.32,1.2,0.0,104.76657148155596,-1.2,9999.0,0
168000,3600,1400,3633.55,1414.17,1.2,0.0,36.41965678037088,-1.2,9999.0,0
168000,3600,1400,3635.66,1416.73,1.2,0.0,39.38944655615245,-1.2,9999.0,0
168000,3600,1400,3614.73,1447.68,1.2,0.0,49.90345979989771,-1.2,9999.0,0
168000,3600,1400,3569.91,1467.31,1.2,0.0,73.72953410947339,-1.2,9999.0,0
168000,3600,1400,3667.15,1379.5,1.2,0.0,70.20949009927371,-1.2,9999.0,0
168000,3600,1400,3643.98,1361.33,1.2,0.0,58.56286622084004,-1.2,9999.0,0
168000,3600,1400,3678.54,1369.24,1.2,0.0,84.34873561589404,-1.2,9999.0,0
168000,3600,1400,3639.32,1414.35,1.2,0.0,41.856718696047,-1.2,9999.0,0
168000,3600,1400,3610.53,1453.9,1.2,0.0,54.91894846043589,-1.2,9999.0,0
168000,3600,1400,3554.94,1468.84,1.2,0.0,82.27605483978911,-1.2,9999.0,0
168000,3600,1400,3623.32,1429.24,1.2,0.0,37.40053475553536,-1.2,9999.0,0
168000,3600,1400,3660.65,1334.37,1.2,0.0,89.36285246118784,-1.2,9999.0,0
168000,3600,1400,3653.25,1333.37,1.2,0.0,85.29431047848394,-1.2,9999.0,0
168000,3600,1400,3527.76,1508.39,1.2,0.0,130.25747464157283,-1.2,9999.0,0
168000,3600,1400,3553.96,1457.33,1.2,0.0,73.52829727390666,-1.2,9999.0,0
168000,3600,1400,3630.85,1412.44,1.2,0.0,33.26373550880893,-1.2,9999.0,0
168000,3600,1400,3914.6,1654.2,1.2,12.75,404.46359539518505,11.55,35.018493107808226,0
168000,3600,1400,3665.35,1387.46,1.2,0.0,66.54227303000692,-1.2,9999.0,0
168000,3600,1400,3523.73,1514.72,1.2,0.0,137.75990454410166,-1.2,9999.0,0
168000,3600,1400,3548.66,1452.02,1.2,0.0,73.08813857254823,-1.2,9999.0,0
168000,3600,1400,3697.3,1353.53,1.2,0.0,107.82741256285452,-1.2,9999.0,0
168000,3600,1400,3629.24,1420.46,1.2,0.0,35.687381523445914,-1.2,9999.0,0
168000,3600,1400,3619.13,1435.46,1.2,0.0,40.29104739269019,-1.2,9999.0,0
168000,3600,1400,3723.78,1409.24,1.2,0.0,124.12439727950364,-1.2,9999.0,0
168000,3600,1400,3609.54,1589.46,1.2,11.33,189.70003479177333,10.13,18.726558222287593,0
168000,3600,1400,3653.29,1407.08,1.2,0.0,53.75825983046694,-1.2,9999.0,0
169000,3600,1400,3640.64,1410.24,1.2,0.0,41.91022786862403,-1.2,9999.0,0
169000,3600,1400,3549.0,1593.5,1.2,6.4,200.1080957882514,5.2,38.48232611312527,0
169000,3600,1400,3507.61,1540.03,1.2,0.0,167.7626686721452,-1.2,9999.0,0
169000,3600,1400,3766.37,1226.8,1.2,29.22,240.16081466384145,28.02,8.571049773870145,0
169000,3600,1400,3645.75,1333.57,1.2,0.0,80.65982519197527,-1.2,9999.0,0
169000,3600,1400,3702.03,1413.71,1.2,0.0,102.947000927662,-1.2,9999.0,0
169000,3600,1400,3537.83,1493.48,1.2,0.0,112.26584208921255,-1.2,9999.0,0
169000,3600,1400,3669.75,1381.38,1.2,0.0,72.19256817706373,-1.2,9999.0,0
169000,3600,1400,3656.14,1401.07,1.2,0.0,56.15019590348715,-1.2,9999.0,0
169000,3600,1400,3567.77,1455.06,1.2,0.0,63.799502349156256,-1.2,9999.0,0
169000,3600,1400,3694.3,1347.05,1.2,12.38,108.1489366568162,11.18,9.673429039071218,0
169000,3600,1400,3709.28,1412.22,1.2,0.0,109.9611149452389,-1.2,9999.0,0
169000,3600,1400,3630.29,1332.96,1.2,0.0,73.56524790959378,-1.2,9999.0,0
169000,3600,1400,3673.03,1419.66,1.2,0.0,75.6299973555469,-1.2,9999.0,0
169000,3600,1400,3716.53,1410.73,1.2,0.0,117.02296270390715,-1.2,9999.0,0
169000,3600,1400,3680.55,1361.0,1.2,0.53,89.49470654737088,-0.6699999999999999,9999.0,0
169000,3600,1400,3752.02,1403.44,1.2,0.02,152.05891621342036,-1.18,9999.0,0
169000,3600,1400,3671.55,1373.43,1.2,0.0,76.32409449184459,-1.2,9999.0,0
169000,3600,1400,3623.16,1335.28,1.2,0.0,68.73910095426035,-1.2,9999.0,0
169000,3600,1400,3674.15,1375.31,1.2,0.0,78.15253418795847,-1.2,9999.0,0
169000,3600,1400,3667.8,1336.48,1.2,0.0,92.90656812088164,-1.2,9999.0,0
169000,3600,1400,3511.64,1533.7,1.2,0.0,160.25972544591494,-1.2,9999.0,0
169000,3600,1400,3675.95,1367.36,1.2,0.0,82.66663232526156,-1.2,9999.0,0
169000,3600,1400,3451.04,1625.64,1.2,14.14,270.3747236706864,12.94,20.894491782896942,0
169000,3600,1400,3682.94,1363.16,1.2,0.0,90.75367320389849,-1.2,9999.0,0
169000,3600,1400,3519.7,1521.05,1.2,0.0,145.2624951596248,-1.2,9999.0,0
169000,3600,1400,3543.36,1446.71,1.2,0.0,73.41603162797611,-1.2,9999.0,0
169000,3600,1400,3503.59,1546.35,1.2,0.0,175.25184906299833,-1.2,9999.0,0
169000,3600,1400,3515.67,1527.37,1.2,0.0,152.75688462390153,-1.2,9999.0,0
169000,3600,1400,3527.4,1430.86,1.2,0.0,78.88662497534028,-1.2,9999.0,0
169000,3600,1400,3627.32,1429.03,1.2,0.0,39.86380940151113,-1.2,9999.0,0
169000,3600,1400,3499.56,1552.68,1.2,0.0,182.75496162895288,-1.2,9999.0,0
169000,3600,1400,3619.63,1340.56,1.2,8.11,62.59752790645978,6.909999999999999,9.058976542179419,0
169000,3600,1400,3744.67,1404.95,1.2,0.0,144.75465933779134,-1.2,9999.0,0
169000,3600,1400,3923.47,1311.97,1.2,11.69,335.23442812455863,10.49,31.95752413008185,0
169000,3600,1400,3606.33,1460.12,1.2,0.0,60.45232253602823,-1.2,9999.0,0
169000,3600,1400,4072.78,1280.46,1.2,12.23,487.6584255398446,11.03,44.21200594196234,0
169000,3600,1400,3662.76,1385.58,1.2,0.0,64.39529485917453,-1.2,9999.0,0
169000,3600,1400,3813.81,992.53,1.2,17.42,460.1592300497731,16.220000000000002,28.369866217618558,0
169000,3600,1400,3772.85,1399.16,1.2,11.69,172.85204106402668,10.49,16.477792284463934,0
169000,3600,1400,3703.79,1357.31,1.2,0.02,112.22655746301764,-1.18,9999.0,0
169000,3600,1400,3436.96,1652.25,1.2,12.25,300.3532987999299,11.05,27.18129400904343,0
169000,3600,1400,3689.18,1337.54,1.2,20.53,108.87756426371767,19.33,5.632569284206812,0
169000,3600,1400,3825.03,1122.06,1.2,23.31,357.6159175707929,22.11,16.17439699551302,0
169000,3600,1400,3637.77,1305.48,1.2,14.24,101.78704878323173,13.04,7.8057552747877095,0
169000,3600,1400,3674.56,1339.71,1.2,0.0,95.8857533734808,-1.2,9999.0,0
169000,3600,1400,3765.08,1222.83,1.2,17.51,242.15824433621916,16.310000000000002,14.847225281190626,0
169000,3600,1400,3887.2,1322.98,1.2,11.14,297.34814679092904,9.94,29.914300481984814,0
169000,3600,1400,3703.23,1353.28,1.2,0.0,113.31015532599012,-1.2,9999.0,0
169000,3600,1400,3639.25,1352.02,1.2,7.52,61.98905467903186,6.319999999999999,9.808394727694916,0
169000,3600,1400,3730.07,1411.22,1.2,0.0,130.55302868949477,-1.2,9999.0,0
169000,3600,1400,3680.28,1418.17,1.2,0.0,82.3105540012946,-1.2,9999.0,0
169000,3600,1400,3641.18,1411.75,1.2,0.0,42.82353208225574,-1.2,9999.0,0
169000,3600,1400,3658.35,1420.38,1.2,0.0,61.8066897673706,-1.2,9999.0,0
169000,3600,1400,3550.66,1475.0,1.2,0.0,89.77435936836316,-1.2,9999.0,0
169000,3600,1400,3631.53,1422.8,1.2,0.0,38.90990747868736,-1.2,9999.0,0
169000,3600,1400,3665.7,1420.67,1.2,0.0,68.87480598883731,-1.2,9999.0,0
169000,3600,1400,3646.63,1376.07,1.2,0.0,52.41184789720749,-1.2,9999.0,0
169000,3600,1400,3741.19,1674.94,1.2,12.72,309.0738094695182,11.52,26.829323738673455,0
169000,3600,1400,3623.12,1435.25,1.2,0.0,42.15562714513918,-1.2,9999.0,0
169000,3600,1400,3581.34,1470.85,1.2,0.0,73.26607741649597,-1.2,9999.0,0
169000,3600,1400,3694.78,1415.19,1.2,0.0,95.98950203017016,-1.2,9999.0,0
169000,3600,1400,3546.39,1481.16,1.2,0.0,97.26755728401956,-1.2,9999.0,0
169000,3600,1400,3647.02,1408.17,1.2,0.0,47.72451466489732,-1.2,9999.0,0
169000,3600,1400,3575.04,1466.79,1.2,0.0,71.30151260667614,-1.2,9999.0,0
169000,3600,1400,3618.93,1441.47,1.2,0.0,45.58624573267683,-1.2,9999.0,0
169000,3600,1400,3641.61,1346.51,1.2,0.0,67.76851924013104,-1.2,9999.0,0
169000,3600,1400,3649.8,1382.79,1.2,0.0,52.68988612627683,-1.2,9999.0,0
169000,3600,1400,3687.53,1416.68,1.2,0.0,89.10512499289835,-1.2,9999.0,0
169000,3600,1400,3642.8,1353.92,1.2,0.0,62.89043170467197,-1.2,9999.0,0
169000,3600,1400,3645.13,1368.74,1.2,0.0,54.89903915370477,-1.2,9999.0,0
169000,3600,1400,3542.11,1487.32,1.2,0.0,104.76657148155596,-1.2,9999.0,0
169000,3600,1400,3633.55,1414.17,1.2,0.0,36.41965678037088,-1.2,9999.0,0
169000,3600,1400,3635.66,1416.73,1.2,0.0,39.38944655615245,-1.2,9999.0,0
169000,3600,1400,3614.73,1447.68,1.2,0.0,49.90345979989771,-1.2,9999.0,0
169000,3600,1400,3569.91,1467.31,1.2,0.0,73.72953410947339,-1.2,9999.0,0
169000,3600,1400,3667.15,1379.5,1.2,0.0,70.20949009927371,-1.2,9999.0,0
169000,3600,1400,3643.98,1361.33,1.2,0.0,58.56286622084004,-1.2,9999.0,0
169000,3600,1400,3678.54,1369.24,1.2,0.0,84.34873561589404,-1.2,9999.0,0
169000,3600,1400,3639.32,1414.35,1.2,0.0,41.856718696047,-1.2,9999.0,0
169000,3600,1400,3610.53,1453.9,1.2,0.0,54.91894846043589,-1.2,9999.0,0
169000,3600,1400,3554.94,1468.84,1.2,0.0,82.27605483978911,-1.2,9999.0,0
169000,3600,1400,3623.32,1429.24,1.2,0.0,37.40053475553536,-1.2,9999.0,0
169000,3600,1400,3660.65,1334.37,1.2,0.0,89.36285246118784,-1.2,9999.0,0
169000,3600,1400,3653.25,1333.37,1.2,0.0,85.29431047848394,-1.2,9999.0,0
169000,3600,1400,3527.76,1508.39,1.2,0.0,130.25747464157283,-1.2,9999.0,0
169000,3600,1400,3553.96,1457.33,1.2,0.0,73.52829727390666,-1.2,9999.0,0
169000,3600,1400,3630.85,1412.44,1.2,0.0,33.26373550880893,-1.2,9999.0,0
169000,3600,1400,3903.06,1660.61,1.2,13.2,399.7035597789941,12.0,33.30862998158284,0
169000,3600,1400,3665.35,1387.46,1.2,0.0,66.54227303000692,-1.2,9999.0,0
169000,3600,1400,3523.73,1514.72,1.2,0.0,137.75990454410166,-1.2,9999.0,0
169000,3600,1400,3548.66,1452.02,1.2,0.0,73.08813857254823,-1.2,9999.0,0
169000,3600,1400,3697.3,1353.53,1.2,0.0,107.82741256285452,-1.2,9999.0,0
169000,3600,1400,3629.24,1420.46,1.2,0.0,35.687381523445914,-1.2,9999.0,0
169000,3600,1400,3619.13,1435.46,1.2,0.0,40.29104739269019,-1.2,9999.0,0
169000,3600,1400,3723.78,1409.24,1.2,0.0,124.12439727950364,-1.2,9999.0,0
169000,3600,1400,3620.82,1589.01,1.2,11.29,190.15323426121367,10.09,18.84571201795973,0
169000,3600,1400,3653.29,1407.08,1.2,0.0,53.75825983046694,-1.2,9999.0,0
170000,3600,1400,3640.64,1410.24,1.2,0.0,41.91022786862403,-1.2,9999.0,0
170000,3600,1400,3557.92,1592.62,1.2,8.97,197.1628534993343,7.77,25.374884620248945,0
170000,3600,1400,3507.61,1540.03,1.2,0.0,167.7626686721452,-1.2,9999.0,0
170000,3600,1400,3751.59,1251.19,1.2,28.49,212.42397275260632,27.29,7.783949166456809,0
170000,3600,1400,3645.75,1333.57,1.2,0.0,80.65982519197527,-1.2,9999.0,0
170000,3600,1400,3702.03,1413.71,1.2,0.0,102.947000927662,-1.2,9999.0,0
170000,3600,1400,3537.83,1493.48,1.2,0.0,112.26584208921255,-1.2,9999.0,0
170000,3600,1400,3669.75,1381.38,1.2,0.0,72.19256817706373,-1.2,9999.0,0
170000,3600,1400,3656.14,1401.07,1.2,0.0,56.15019590348715,-1.2,9999.0,0
170000,3600,1400,3567.77,1455.06,1.2,0.0,63.799502349156256,-1.2,9999.0,0
170000,3600,1400,3689.61,1353.86,1.2,8.22,100.79112907394196,7.0200000000000005,14.357710694293726,0
170000,3600,1400,3709.28,1412.22,1.2,0.0,109.9611149452389,-1.2,9999.0,0
170000,3600,1400,3630.29,1332.96,1.2,0.0,73.56524790959378,-1.2,9999.0,0
170000,3600,1400,3673.03,1419.66,1.2,0.0,75.6299973555469,-1.2,9999.0,0
170000,3600,1400,3716.53,1410.73,1.2,0.0,117.02296270390715,-1.2,9999.0,0
170000,3600,1400,3680.43,1361.17,1.2,0.21,89.31267435252383,-0.99,9999.0,0
170000,3600,1400,3752.02,1403.44,1.2,0.0,152.05891621342036,-1.2,9999.0,0
170000,3600,1400,3671.55,1373.43,1.2,0.0,76.32409449184459,-1.2,9999.0,0
170000,3600,1400,3623.16,1335.28,1.2,0.0,68.73910095426035,-1.2,9999.0,0
170000,3600,1400,3674.15,1375.31,1.2,0.0,78.15253418795847,-1.2,9999.0,0
170000,3600,1400,3667.8,1336.48,1.2,0.0,92.90656812088164,-1.2,9999.0,0
170000,3600,1400,3511.64,1533.7,1.2,0.0,160.25972544591494,-1.2,9999.0,0
170000,3600,1400,3675.95,1367.36,1.2,0.0,82.66663232526156,-1.2,9999.0,0
170000,3600,1400,3458.99,1614.46,1.2,13.72,256.6649794966195,12.52,20.500397723372163,0
170000,3600,1400,3682.94,1363.16,1.2,0.0,90.75367320389849,-1.2,9999.0,0
170000,3600,1400,3519.7,1521.05,1.2,0.0,145.2624951596248,-1.2,9999.0,0
170000,3600,1400,3543.36,1446.71,1.2,0.0,73.41603162797611,-1.2,9999.0,0
170000,3600,1400,3503.59,1546.35,1.2,0.0,175.25184906299833,-1.2,9999.0,0
170000,3600,1400,3515.67,1527.37,1.2,0.0,152.75688462390153,-1.2,9999.0,0
170000,3600,1400,3527.4,1430.86,1.2,0.0,78.88662497534028,-1.2,9999.0,0
170000,3600,1400,3627.32,1429.03,1.2,0.0,39.86380940151113,-1.2,9999.0,0
170000,3600,1400,3499.56,1552.68,1.2,0.0,182.75496162895288,-1.2,9999.0,0
170000,3600,1400,3610.88,1346.34,1.2,10.52,54.75189494437623,9.32,5.8746668395253465,0
170000,3600,1400,3744.67,1404.95,1.2,0.0,144.75465933779134,-1.2,9999.0,0
170000,3600,1400,3935.04,1309.5,1.2,11.83,347.0476215161256,10.63,32.647941817133166,0
170000,3600,1400,3606.33,1460.12,1.2,0.0,60.45232253602823,-1.2,9999.0,0
170000,3600,1400,4085.6,1280.15,1.2,12.95,500.171353138102,11.75,42.56777473515762,0
170000,3600,1400,3662.76,1385.58,1.2,0.0,64.39529485917453,-1.2,9999.0,0
170000,3600,1400,3811.03,979.87,1.2,12.92,470.1519730895533,11.72,40.115356065661544,0
170000,3600,1400,3766.45,1403.73,1.2,7.19,166.49178778546388,5.99,27.794956224618343,0
170000,3600,1400,3703.78,1357.3,1.2,0.01,112.22111387791536,-1.19,9999.0,0
170000,3600,1400,3429.79,1662.88,1.2,12.82,313.1730168772528,11.62,26.951206271708504,0
170000,3600,1400,3701.78,1318.25,1.2,23.04,130.54589576083976,21.84,5.9773761795256295,0
170000,3600,1400,3829.29,1097.44,1.2,24.93,379.62673470133785,23.73,15.997755360359792,0
170000,3600,1400,3638.56,1316.23,1.2,10.77,92.21868845304618,9.57,9.636226588615067,0
170000,3600,1400,3674.56,1339.71,1.2,0.0,95.8857533734808,-1.2,9999.0,0
170000,3600,1400,3775.46,1206.16,1.2,19.63,261.4577541401287,18.43,14.186530338585388,0
170000,3600,1400,3873.82,1325.77,1.2,13.66,283.7031640641325,12.46,22.769114290861356,0
170000,3600,1400,3705.11,1354.37,1.2,2.18,114.58712405850858,0.9800000000000002,116.92563679439648,0
170000,3600,1400,3637.67,1342.14,1.2,10.01,69.04207774973167,8.81,7.836785215633561,0
170000,3600,1400,3727.68,1411.71,1.2,2.41,128.2158590034788,1.2100000000000002,105.96351983758578,0
170000,3600,1400,3549.4,1457.28,1.2,0.0,76.42877991960873,-1.2,9999.0,0
170000,3600,1400,3680.28,1418.17,1.2,0.0,82.3105540012946,-1.2,9999.0,0
170000,3600,1400,3641.18,1411.75,1.2,0.0,42.82353208225574,-1.2,9999.0,0
170000,3600,1400,3658.35,1420.38,1.2,0.0,61.8066897673706,-1.2,9999.0,0
170000,3600,1400,3550.66,1475.0,1.2,0.0,89.77435936836316,-1.2,9999.0,0
170000,3600,1400,3631.53,1422.8,1.2,0.0,38.90990747868736,-1.2,9999.0,0
170000,3600,1400,3665.7,1420.67,1.2,0.0,68.87480598883731,-1.2,9999.0,0
170000,3600,1400,3646.63,1376.07,1.2,0.0,52.41184789720749,-1.2,9999.0,0
170000,3600,1400,3733.32,1664.97,1.2,12.86,296.61982957988505,11.66,25.439093445959266,0
170000,3600,1400,3623.12,1435.25,1.2,0.0,42.15562714513918,-1.2,9999.0,0
170000,3600,1400,3581.34,1470.85,1.2,0.0,73.26607741649597,-1.2,9999.0,0
170000,3600,1400,3694.78,1415.19,1.2,0.0,95.98950203017016,-1.2,9999.0,0
170000,3600,1400,3546.39,1481.16,1.2,0.0,97.26755728401956,-1.2,9999.0,0
170000,3600,1400,3647.02,1408.17,1.2,0.0,47.72451466489732,-1.2,9999.0,0
170000,3600,1400,3575.04,1466.79,1.2,0.0,71.30151260667614,-1.2,9999.0,0
170000,3600,1400,3618.93,1441.47,1.2,0.0,45.58624573267683,-1.2,9999.0,0
170000,3600,1400,3641.61,1346.51,1.2,0.0,67.76851924013104,-1.2,9999.0,0
170000,3600,1400,3649.8,1382.79,1.2,0.0,52.68988612627683,-1.2,9999.0,0
170000,3600,1400,3687.53,1416.68,1.2,0.0,89.10512499289835,-1.2,9999.0,0
170000,3600,1400,3642.8,1353.92,1.2,0.0,62.89043170467197,-1.2,9999.0,0
170000,3600,1400,3645.13,1368.74,1.2,0.0,54.89903915370477,-1.2,9999.0,0
170000,3600,1400,3542.11,1487.32,1.2,0.0,104.76657148155596,-1.2,9999.0,0
170000,3600,1400,3633.55,1414.17,1.2,0.0,36.41965678037088,-1.2,9999.0,0
170000,3600,1400,3635.66,1416.73,1.2,0.0,39.38944655615245,-1.2,9999.0,0
170000,3600,1400,3614.73,1447.68,1.2,0.0,49.90345979989771,-1.2,9999.0,0
170000,3600,1400,3569.91,1467.31,1.2,0.0,73.72953410947339,-1.2,9999.0,0
170000,3600,1400,3667.15,1379.5,1.2,0.0,70.20949009927371,-1.2,9999.0,0
170000,3600,1400,3643.98,1361.33,1.2,0.0,58.56286622084004,-1.2,9999.0,0
170000,3600,1400,3678.54,1369.24,1.2,0.0,84.34873561589404,-1.2,9999.0,0
170000,3600,1400,3639.32,1414.35,1.2,0.0,41.856718696047,-1.2,9999.0,0
170000,3600,1400,3610.53,1453.9,1.2,0.0,54.91894846043589,-1.2,9999.0,0
170000,3600,1400,3554.94,1468.84,1.2,0.0,82.27605483978911,-1.2,9999.0,0
170000,3600,1400,3623.32,1429.24,1.2,0.0,37.40053475553536,-1.2,9999.0,0
170000,3600,1400,3660.65,1334.37,1.2,0.0,89.36285246118784,-1.2,9999.0,0
170000,3600,1400,3653.25,1333.37,1.2,0.0,85.29431047848394,-1.2,9999.0,0
170000,3600,1400,3527.76,1508.39,1.2,0.0,130.25747464157283,-1.2,9999.0,0
170000,3600,1400,3553.96,1457.33,1.2,0.0,73.52829727390666,-1.2,9999.0,0
170000,3600,1400,3630.85,1412.44,1.2,0.0,33.26373550880893,-1.2,9999.0,0
170000,3600,1400,3891.89,1666.01,1.2,12.41,394.91909576519583,11.21,35.22917892642246,0
170000,3600,1400,3665.35,1387.46,1.2,0.0,66.54227303000692,-1.2,9999.0,0
170000,3600,1400,3523.73,1514.72,1.2,0.0,137.75990454410166,-1.2,9999.0,0
170000,3600,1400,3548.66,1452.02,1.2,0.0,73.08813857254823,-1.2,9999.0,0
170000,3600,1400,3697.3,1353.53,1.2,0.0,107.82741256285452,-1.2,9999.0,0
170000,3600,1400,3629.24,1420.46,1.2,0.0,35.687381523445914,-1.2,9999.0,0
170000,3600,1400,3619.13,1435.46,1.2,0.0,40.29104739269019,-1.2,9999.0,0
170000,3600,1400,3723.78,1409.24,1.2,0.0,124.12439727950364,-1.2,9999.0,0
170000,3600,1400,3633.33,1588.38,1.2,12.52,191.30581094153945,11.32,16.899806620277335,0
170000,3600,1400,3653.29,1407.08,1.2,0.0,53.75825983046694,-1.2,9999.0,0
171000,3600,1400,3640.64,1410.24,1.2,0.0,41.91022786862403,-1.2,9999.0,0
171000,3600,1400,3568.37,1591.59,1.2,10.49,194.1833798243299,9.29,20.902409023071037,0
171000,3600,1400,3507.61,1540.03,1.2,0.0,167.7626686721452,-1.2,9999.0,0
171000,3600,1400,3736.62,1276.46,1.2,29.39,184.1932572055773,28.19,6.533992806157407,0
171000,3600,1400,3645.75,1333.57,1.2,0.0,80.65982519197527,-1.2,9999.0,0
171000,3600,1400,3702.03,1413.71,1.2,0.0,102.947000927662,-1.2,9999.0,0
171000,3600,1400,3537.83,1493.48,1.2,0.0,112.26584208921255,-1.2,9999.0,0
171000,3600,1400,3669.75,1381.38,1.2,0.0,72.19256817706373,-1.2,9999.0,0
171000,3600,1400,3656.14,1401.07,1.2,0.0,56.15019590348715,-1.2,9999.0,0
171000,3600,1400,3567.77,1455.06,1.2,0.0,63.799502349156256,-1.2,9999.0,0
171000,3600,1400,3687.47,1356.91,1.2,3.72,97.50768687647124,2.5200000000000005,38.69352653828223,0
171000,3600,1400,3709.28,1412.22,1.2,0.0,109.9611149452389,-1.2,9999.0,0
171000,3600,1400,3630.29,1332.96,1.2,0.0,73.56524790959378,-1.2,9999.0,0
171000,3600,1400,3673.03,1419.66,1.2,0.0,75.6299973555469,-1.2,9999.0,0
171000,3600,1400,3716.53,1410.73,1.2,0.0,117.02296270390715,-1.2,9999.0,0
171000,3600,1400,3680.35,1361.28,1.2,0.14,89.19282986877357,-1.06,9999.0,0
171000,3600,1400,3752.02,1403.44,1.2,0.0,152.05891621342036,-1.2,9999.0,0
171000,3600,1400,3671.55,1373.43,1.2,0.0,76.32409449184459,-1.2,9999.0,0
171000,3600,1400,3623.16,1335.28,1.2,0.0,68.73910095426035,-1.2,9999.0,0
171000,3600,1400,3674.15,1375.31,1.2,0.0,78.15253418795847,-1.2,9999.0,0
171000,3600,1400,3667.8,1336.48,1.2,0.0,92.90656812088164,-1.2,9999.0,0
171000,3600,1400,3511.64,1533.7,1.2,0.0,160.25972544591494,-1.2,9999.0,0
171000,3600,1400,3675.95,1367.36,1.2,0.0,82.66663232526156,-1.2,9999.0,0
171000,3600,1400,3466.74,1603.11,1.2,13.74,242.9236499396467,12.54,19.371901909062736,0
171000,3600,1400,3682.94,1363.16,1.2,0.0,90.75367320389849,-1.2,9999.0,0
171000,3600,1400,3519.7,1521.05,1.2,0.0,145.2624951596248,-1.2,9999.0,0
171000,3600,1400,3543.36,1446.71,1.2,0.0,73.41603162797611,-1.2,9999.0,0
171000,3600,1400,3503.59,1546.35,1.2,0.0,175.25184906299833,-1.2,9999.0,0
171000,3600,1400,3515.67,1527.37,1.2,0.0,152.75688462390153,-1.2,9999.0,0
171000,3600,1400,3527.4,1430.86,1.2,0.0,78.88662497534028,-1.2,9999.0,0
171000,3600,1400,3627.32,1429.03,1.2,0.0,39.86380940151113,-1.2,9999.0,0
171000,3600,1400,3499.56,1552.68,1.2,0.0,182.75496162895288,-1.2,9999.0,0
171000,3600,1400,3601.51,1355.27,1.2,12.98,44.75548011137856,11.78,3.7992767496925777,0
171000,3600,1400,3744.67,1404.95,1.2,0.0,144.75465933779134,-1.2,9999.0,0
171000,3600,1400,3946.8,1306.97,1.2,12.03,359.06102670716035,10.83,33.154296094843986,0
171000,3600,1400,3606.33,1460.12,1.2,0.0,60.45232253602823,-1.2,9999.0,0
171000,3600,1400,4096.09,1287.21,1.2,13.36,508.7503043733735,12.16,41.83801845175769,0
171000,3600,1400,3662.76,1385.58,1.2,0.0,64.39529485917453,-1.2,9999.0,0
171000,3600,1400,3810.22,971.47,1.2,8.42,477.31583809884194,7.22,66.11022688349611,0
171000,3600,1400,3757.46,1405.58,1.2,9.17,157.55883980278608,7.97,19.76898868290917,0
171000,3600,1400,3703.78,1357.3,1.2,0.0,112.22111387791536,-1.2,9999.0,0
171000,3600,1400,3422.88,1673.13,1.2,12.37,325.5326270898203,11.17,29.14347601520325,0
171000,3600,1400,3715.13,1297.83,1.2,24.39,153.92733935204637,23.19,6.637660170420284,0
171000,3600,1400,3829.13,1070.49,1.2,26.88,401.3444866944108,25.68,15.628679388411637,0
171000,3600,1400,3639.03,1322.49,1.2,6.27,86.78214678146661,5.069999999999999,17.116794236975664,0
171000,3600,1400,3674.56,1339.71,1.2,0.0,95.8857533734808,-1.2,9999.0,0
171000,3600,1400,3786.64,1188.13,1.2,21.13,282.3533008484227,19.93,14.16725041888724,0
171000,3600,1400,3860.82,1328.48,1.2,13.28,270.44811480208193,12.08,22.38808897368228,0
171000,3600,1400,3708.85,1356.55,1.2,4.32,117.20164247995838,3.12,37.56462899998666,0
171000,3600,1400,3637.99,1336.72,1.2,5.51,73.80784849865209,4.31,17.124790834954084,0
171000,3600,1400,3722.84,1412.7,1.2,4.88,123.49475940298048,3.68,33.558358533418605,0
171000,3600,1400,3547.96,1455.84,1.2,2.04,76.32998886414164,0.8400000000000001,90.86903436207338,0
171000,3600,1400,3507.18,1592.95,1.2,0.0,214.11505061531767,-1.2,9999.0,0
171000,3600,1400,3680.28,1418.17,1.2,0.0,82.3105540012946,-1.2,9999.0,0
171000,3600,1400,3641.18,1411.75,1.2,0.0,42.82353208225574,-1.2,9999.0,0
171000,3600,1400,3658.35,1420.38,1.2,0.0,61.8066897673706,-1.2,9999.0,0
171000,3600,1400,3550.66,1475.0,1.2,0.0,89.77435936836316,-1.2,9999.0,0
171000,3600,1400,3631.53,1422.8,1.2,0.0,38.90990747868736,-1.2,9999.0,0
171000,3600,1400,3665.7,1420.67,1.2,0.0,68.87480598883731,-1.2,9999.0,0
171000,3600,1400,3646.63,1376.07,1.2,0.0,52.41184789720749,-1.2,9999.0,0
171000,3600,1400,3728.99,1652.62,1.2,13.13,283.6464075217592,11.93,23.775893337951317,0
171000,3600,1400,3623.12,1435.25,1.2,0.0,42.15562714513918,-1.2,9999.0,0
171000,3600,1400,3581.34,1470.85,1.2,0.0,73.26607741649597,-1.2,9999.0,0
171000,3600,1400,3694.78,1415.19,1.2,0.0,95.98950203017016,-1.2,9999.0,0
171000,3600,1400,3546.39,1481.16,1.2,0.0,97.26755728401956,-1.2,9999.0,0
171000,3600,1400,3647.02,1408.17,1.2,0.0,47.72451466489732,-1.2,9999.0,0
171000,3600,1400,3575.04,1466.79,1.2,0.0,71.30151260667614,-1.2,9999.0,0
171000,3600,1400,3618.93,1441.47,1.2,0.0,45.58624573267683,-1.2,9999.0,0
171000,3600,1400,3641.61,1346.51,1.2,0.0,67.76851924013104,-1.2,9999.0,0
171000,3600,1400,3649.8,1382.79,1.2,0.0,52.68988612627683,-1.2,9999.0,0
171000,3600,1400,3687.53,1416.68,1.2,0.0,89.10512499289835,-1.2,9999.0,0
171000,3600,1400,3642.8,1353.92,1.2,0.0,62.89043170467197,-1.2,9999.0,0
171000,3600,1400,3645.13,1368.74,1.2,0.0,54.89903915370477,-1.2,9999.0,0
171000,3600,1400,3542.11,1487.32,1.2,0.0,104.76657148155596,-1.2,9999.0,0
171000,3600,1400,3633.55,1414.17,1.2,0.0,36.41965678037088,-1.2,9999.0,0
171000,3600,1400,3635.66,1416.73,1.2,0.0,39.38944655615245,-1.2,9999.0,0
171000,3600,1400,3614.73,1447.68,1.2,0.0,49.90345979989771,-1.2,9999.0,0
171000,3600,1400,3569.91,1467.31,1.2,0.0,73.72953410947339,-1.2,9999.0,0
171000,3600,1400,3667.15,1379.5,1.2,0.0,70.20949009927371,-1.2,9999.0,0
171000,3600,1400,3643.98,1361.33,1.2,0.0,58.56286622084004,-1.2,9999.0,0
171000,3600,1400,3678.54,1369.24,1.2,0.0,84.34873561589404,-1.2,9999.0,0
171000,3600,1400,3639.32,1414.35,1.2,0.0,41.856718696047,-1.2,9999.0,0
171000,3600,1400,3610.53,1453.9,1.2,0.0,54.91894846043589,-1.2,9999.0,0
171000,3600,1400,3554.94,1468.84,1.2,0.0,82.27605483978911,-1.2,9999.0,0
171000,3600,1400,3623.32,1429.24,1.2,0.0,37.40053475553536,-1.2,9999.0,0
171000,3600,1400,3660.65,1334.37,1.2,0.0,89.36285246118784,-1.2,9999.0,0
171000,3600,1400,3653.25,1333.37,1.2,0.0,85.29431047848394,-1.2,9999.0,0
171000,3600,1400,3527.76,1508.39,1.2,0.0,130.25747464157283,-1.2,9999.0,0
171000,3600,1400,3553.96,1457.33,1.2,0.0,73.52829727390666,-1.2,9999.0,0
171000,3600,1400,3630.85,1412.44,1.2,0.0,33.26373550880893,-1.2,9999.0,0
171000,3600,1400,3879.93,1668.87,1.2,12.37,388.1389980406502,11.17,34.74834360256492,0
171000,3600,1400,3665.35,1387.46,1.2,0.0,66.54227303000692,-1.2,9999.0,0
171000,3600,1400,3523.73,1514.72,1.2,0.0,137.75990454410166,-1.2,9999.0,0
171000,3600,1400,3548.66,1452.02,1.2,0.0,73.08813857254823,-1.2,9999.0,0
171000,3600,1400,3697.3,1353.53,1.2,0.0,107.82741256285452,-1.2,9999.0,0
171000,3600,1400,3629.24,1420.46,1.2,0.0,35.687381523445914,-1.2,9999.0,0
171000,3600,1400,3619.13,1435.46,1.2,0.0,40.29104739269019,-1.2,9999.0,0
171000,3600,1400,3723.78,1409.24,1.2,0.0,124.12439727950364,-1.2,9999.0,0
171000,3600,1400,3645.76,1587.74,1.2,12.45,193.23634544256944,11.25,17.176564039339507,0
171000,3600,1400,3653.29,1407.08,1.2,0.0,53.75825983046694,-1.2,9999.0,0
172000,3600,1400,3640.64,1410.24,1.2,0.0,41.91022786862403,-1.2,9999.0,0
172000,3600,1400,3580.31,1590.42,1.2,12.0,191.43529585737323,10.8,17.725490357164187,0
172000,3600,1400,3507.61,1540.03,1.2,0.0,167.7626686721452,-1.2,9999.0,0
172000,3600,1400,3645.75,1333.57,1.2,0.0,80.65982519197527,-1.2,9999.0,0
172000,3600,1400,3702.03,1413.71,1.2,0.0,102.947000927662,-1.2,9999.0,0
172000,3600,1400,3537.83,1493.48,1.2,0.0,112.26584208921255,-1.2,9999.0,0
172000,3600,1400,3669.75,1381.38,1.2,0.0,72.19256817706373,-1.2,9999.0,0
172000,3600,1400,3656.14,1401.07,1.2,0.0,56.15019590348715,-1.2,9999.0,0
172000,3600,1400,3567.77,1455.06,1.2,0.0,63.799502349156256,-1.2,9999.0,0
172000,3600,1400,3687.36,1357.06,1.2,0.18,97.34276141552606,-1.02,9999.0,0
172000,3600,1400,3709.28,1412.22,1.2,0.0,109.9611149452389,-1.2,9999.0,0
172000,3600,1400,3630.29,1332.96,1.2,0.0,73.56524790959378,-1.2,9999.0,0
172000,3600,1400,3673.03,1419.66,1.2,0.0,75.6299973555469,-1.2,9999.0,0
172000,3600,1400,3716.53,1410.73,1.2,0.0,117.02296270390715,-1.2,9999.0,0
172000,3600,1400,3680.35,1361.28,1.2,0.01,89.19282986877357,-1.19,9999.0,0
172000,3600,1400,3752.02,1403.44,1.2,0.0,152.05891621342036,-1.2,9999.0,0
172000,3600,1400,3671.55,1373.43,1.2,0.0,76.32409449184459,-1.2,9999.0,0
172000,3600,1400,3623.16,1335.28,1.2,0.0,68.73910095426035,-1.2,9999.0,0
172000,3600,1400,3674.15,1375.31,1.2,0.0,78.15253418795847,-1.2,9999.0,0
172000,3600,1400,3667.8,1336.48,1.2,0.0,92.90656812088164,-1.2,9999.0,0
172000,3600,1400,3511.64,1533.7,1.2,0.0,160.25972544591494,-1.2,9999.0,0
172000,3600,1400,3675.95,1367.36,1.2,0.0,82.66663232526156,-1.2,9999.0,0
172000,3600,1400,3474.25,1591.79,1.2,13.58,229.33919551616117,12.38,18.524975405182644,0
172000,3600,1400,3682.94,1363.16,1.2,0.0,90.75367320389849,-1.2,9999.0,0
172000,3600,1400,3519.7,1521.05,1.2,0.0,145.2624951596248,-1.2,9999.0,0
172000,3600,1400,3543.36,1446.71,1.2,0.0,73.41603162797611,-1.2,9999.0,0
172000,3600,1400,3503.59,1546.35,1.2,0.0,175.25184906299833,-1.2,9999.0,0
172000,3600,1400,3515.67,1527.37,1.2,0.0,152.75688462390153,-1.2,9999.0,0
172000,3600,1400,3527.4,1430.86,1.2,0.0,78.88662497534028,-1.2,9999.0,0
172000,3600,1400,3627.32,1429.03,1.2,0.0,39.86380940151113,-1.2,9999.0,0
172000,3600,1400,3499.56,1552.68,1.2,0.0,182.75496162895288,-1.2,9999.0,0
172000,3600,1400,3744.67,1404.95,1.2,0.0,144.75465933779134,-1.2,9999.0,0
172000,3600,1400,3958.77,1304.4,1.2,12.25,371.2886651919231,11.05,33.60078418026453,0
172000,3600,1400,3606.33,1460.12,1.2,0.0,60.45232253602823,-1.2,9999.0,0
172000,3600,1400,4099.84,1299.16,1.2,12.57,509.9105129333971,11.37,44.84701081208418,0
172000,3600,1400,3662.76,1385.58,1.2,0.0,64.39529485917453,-1.2,9999.0,0
172000,3600,1400,3809.9,967.55,1.2,3.92,480.6984631762412,2.72,176.7273761677357,0
172000,3600,1400,3746.77,1407.78,1.2,10.93,146.9760568936315,9.73,15.105452918153288,0
172000,3600,1400,3703.78,1357.3,1.2,0.0,112.22111387791536,-1.2,9999.0,0
172000,3600,1400,3416.39,1682.76,1.2,11.6,337.1436632950411,10.4,32.41765993221549,0
172000,3600,1400,3729.39,1275.98,1.2,26.11,179.2281576650275,24.91,7.195028408873044,0
172000,3600,1400,3825.02,1043.65,1.2,27.12,421.4490750968614,25.92,16.259609378736936,0
172000,3600,1400,3639.16,1324.26,1.2,1.77,85.26460695974615,0.5700000000000001,149.58702975394058,0
172000,3600,1400,3674.56,1339.71,1.2,0.0,95.8857533734808,-1.2,9999.0,0
172000,3600,1400,3799.03,1168.15,1.2,23.41,305.5607360247714,22.21,13.7577999110658,0
172000,3600,1400,3848.05,1331.15,1.2,13.04,257.42790252806725,11.84,21.742221497302978,0
172000,3600,1400,3713.82,1359.45,1.2,5.75,120.82754197615722,4.55,26.555503731023567,0
172000,3600,1400,3642.22,1331.39,1.2,6.92,80.55967043130184,5.72,14.083858467010812,0
172000,3600,1400,3715.99,1414.11,1.2,6.9,116.84507777394796,5.7,20.499136451569818,0
172000,3600,1400,3545.41,1453.29,1.2,3.61,76.28821796319542,2.41,31.65486222539229,0
172000,3600,1400,3507.88,1591.76,1.2,1.38,212.73925824821328,0.1799999999999999,1181.88476804563,0
172000,3600,1400,3372.31,1742.77,1.2,0.0,411.5021372970012,-1.2,9999.0,0
172000,3600,1400,3680.28,1418.17,1.2,0.0,82.3105540012946,-1.2,9999.0,0
172000,3600,1400,3641.18,1411.75,1.2,0.0,42.82353208225574,-1.2,9999.0,0
172000,3600,1400,3658.35,1420.38,1.2,0.0,61.8066897673706,-1.2,9999.0,0
172000,3600,1400,3550.66,1475.0,1.2,0.0,89.77435936836316,-1.2,9999.0,0
172000,3600,1400,3631.53,1422.8,1.2,0.0,38.90990747868736,-1.2,9999.0,0
172000,3600,1400,3665.7,1420.67,1.2,0.0,68.87480598883731,-1.2,9999.0,0
172000,3600,1400,3646.63,1376.07,1.2,0.0,52.41184789720749,-1.2,9999.0,0
172000,3600,1400,3726.35,1640.33,1.2,12.57,271.5194862252062,11.37,23.880341796412157,0
172000,3600,1400,3623.12,1435.25,1.2,0.0,42.15562714513918,-1.2,9999.0,0
172000,3600,1400,3581.34,1470.85,1.2,0.0,73.26607741649597,-1.2,9999.0,0
172000,3600,1400,3694.78,1415.19,1.2,0.0,95.98950203017016,-1.2,9999.0,0
172000,3600,1400,3546.39,1481.16,1.2,0.0,97.26755728401956,-1.2,9999.0,0
172000,3600,1400,3647.02,1408.17,1.2,0.0,47.72451466489732,-1.2,9999.0,0
172000,3600,1400,3575.04,1466.79,1.2,0.0,71.30151260667614,-1.2,9999.0,0
172000,3600,1400,3618.93,1441.47,1.2,0.0,45.58624573267683,-1.2,9999.0,0
172000,3600,1400,3641.61,1346.51,1.2,0.0,67.76851924013104,-1.2,9999.0,0
172000,3600,1400,3649.8,1382.79,1.2,0.0,52.68988612627683,-1.2,9999.0,0
172000,3600,1400,3687.53,1416.68,1.2,0.0,89.10512499289835,-1.2,9999.0,0
172000,3600,1400,3642.8,1353.92,1.2,0.0,62.89043170467197,-1.2,9999.0,0
172000,3600,1400,3645.13,1368.74,1.2,0.0,54.89903915370477,-1.2,9999.0,0
172000,3600,1400,3542.11,1487.32,1.2,0.0,104.76657148155596,-1.2,9999.0,0
172000,3600,1400,3633.55,1414.17,1.2,0.0,36.41965678037088,-1.2,9999.0,0
172000,3600,1400,3635.66,1416.73,1.2,0.0,39.38944655615245,-1.2,9999.0,0
172000,3600,1400,3614.73,1447.68,1.2,0.0,49.90345979989771,-1.2,9999.0,0
172000,3600,1400,3569.91,1467.31,1.2,0.0,73.72953410947339,-1.2,9999.0,0
172000,3600,1400,3667.15,1379.5,1.2,0.0,70.20949009927371,-1.2,9999.0,0
172000,3600,1400,3643.98,1361.33,1.2,0.0,58.56286622084004,-1.2,9999.0,0
172000,3600,1400,3678.54,1369.24,1.2,0.0,84.34873561589404,-1.2,9999.0,0
172000,3600,1400,3639.32,1414.35,1.2,0.0,41.856718696047,-1.2,9999.0,0
172000,3600,1400,3610.53,1453.9,1.2,0.0,54.91894846043589,-1.2,9999.0,0
172000,3600,1400,3554.94,1468.84,1.2,0.0,82.27605483978911,-1.2,9999.0,0
172000,3600,1400,3623.32,1429.24,1.2,0.0,37.40053475553536,-1.2,9999.0,0
172000,3600,1400,3660.65,1334.37,1.2,0.0,89.36285246118784,-1.2,9999.0,0
172000,3600,1400,3653.25,1333.37,1.2,0.0,85.29431047848394,-1.2,9999.0,0
172000,3600,1400,3527.76,1508.39,1.2,0.0,130.25747464157283,-1.2,9999.0,0
172000,3600,1400,3553.96,1457.33,1.2,0.0,73.52829727390666,-1.2,9999.0,0
172000,3600,1400,3630.85,1412.44,1.2,0.0,33.26373550880893,-1.2,9999.0,0
172000,3600,1400,3867.69,1669.98,1.2,12.3,380.193551365617,11.1,34.25167129419973,0
172000,3600,1400,3665.35,1387.46,1.2,0.0,66.54227303000692,-1.2,9999.0,0
172000,3600,1400,3523.73,1514.72,1.2,0.0,137.75990454410166,-1.2,9999.0,0
172000,3600,1400,3548.66,1452.02,1.2,0.0,73.08813857254823,-1.2,9999.0,0
172000,3600,1400,3697.3,1353.53,1.2,0.0,107.82741256285452,-1.2,9999.0,0
172000,3600,1400,3629.24,1420.46,1.2,0.0,35.687381523445914,-1.2,9999.0,0
172000,3600,1400,3619.13,1435.46,1.2,0.0,40.29104739269019,-1.2,9999.0,0
172000,3600,1400,3723.78,1409.24,1.2,0.0,124.12439727950364,-1.2,9999.0,0
172000,3600,1400,3653.83,1587.33,1.2,8.08,194.9107431620945,6.88,28.33004987821141,0
172000,3600,1400,3653.29,1407.08,1.2,0.0,53.75825983046694,-1.2,9999.0,0
173000,3600,1400,3640.64,1410.24,1.2,0.0,41.91022786862403,-1.2,9999.0,0
173000,3600,1400,3593.91,1589.57,1.2,13.63,189.6677964231144,12.43,15.258873404916686,0
173000,3600,1400,3507.61,1540.03,1.2,0.0,167.7626686721452,-1.2,9999.0,0
173000,3600,1400,3645.75,1333.57,1.2,0.0,80.65982519197527,-1.2,9999.0,0
173000,3600,1400,3702.03,1413.71,1.2,0.0,102.947000927662,-1.2,9999.0,0
173000,3600,1400,3537.83,1493.48,1.2,0.0,112.26584208921255,-1.2,9999.0,0
173000,3600,1400,3669.75,1381.38,1.2,0.0,72.19256817706373,-1.2,9999.0,0
173000,3600,1400,3656.14,1401.07,1.2,0.0,56.15019590348715,-1.2,9999.0,0
173000,3600,1400,3567.77,1455.06,1.2,0.0,63.799502349156256,-1.2,9999.0,0
173000,3600,1400,3687.35,1357.08,1.2,0.03,97.32496545080296,-1.17,9999.0,0
173000,3600,1400,3709.28,1412.22,1.2,0.0,109.9611149452389,-1.2,9999.0,0
173000,3600,1400,3630.29,1332.96,1.2,0.0,73.56524790959378,-1.2,9999.0,0
173000,3600,1400,3673.03,1419.66,1.2,0.0,75.6299973555469,-1.2,9999.0,0
173000,3600,1400,3716.53,1410.73,1.2,0.0,117.02296270390715,-1.2,9999.0,0
173000,3600,1400,3680.35,1361.28,1.2,0.0,89.19282986877357,-1.2,9999.0,0
173000,3600,1400,3752.02,1403.44,1.2,0.0,152.05891621342036,-1.2,9999.0,0
173000,3600,1400,3671.55,1373.43,1.2,0.0,76.32409449184459,-1.2,9999.0,0
173000,3600,1400,3623.16,1335.28,1.2,0.0,68.73910095426035,-1.2,9999.0,0
173000,3600,1400,3674.15,1375.31,1.2,0.0,78.15253418795847,-1.2,9999.0,0
173000,3600,1400,3667.8,1336.48,1.2,0.0,92.90656812088164,-1.2,9999.0,0
173000,3600,1400,3511.64,1533.7,1.2,0.0,160.25972544591494,-1.2,9999.0,0
173000,3600,1400,3675.95,1367.36,1.2,0.0,82.66663232526156,-1.2,9999.0,0
173000,3600,1400,3481.9,1580.19,1.2,13.9,215.44383514039103,12.7,16.964081507117406,0
173000,3600,1400,3682.94,1363.16,1.2,0.0,90.75367320389849,-1.2,9999.0,0
173000,3600,1400,3519.7,1521.05,1.2,0.0,145.2624951596248,-1.2,9999.0,0
173000,3600,1400,3543.36,1446.71,1.2,0.0,73.41603162797611,-1.2,9999.0,0
173000,3600,1400,3503.59,1546.35,1.2,0.0,175.25184906299833,-1.2,9999.0,0
173000,3600,1400,3515.67,1527.37,1.2,0.0,152.75688462390153,-1.2,9999.0,0
173000,3600,1400,3527.4,1430.86,1.2,0.0,78.88662497534028,-1.2,9999.0,0
173000,3600,1400,3627.32,1429.03,1.2,0.0,39.86380940151113,-1.2,9999.0,0
173000,3600,1400,3499.56,1552.68,1.2,0.0,182.75496162895288,-1.2,9999.0,0
173000,3600,1400,3744.67,1404.95,1.2,0.0,144.75465933779134,-1.2,9999.0,0
173000,3600,1400,3970.51,1301.88,1.2,12.0,383.2821343344875,10.8,35.489086512452545,0
173000,3600,1400,3606.33,1460.12,1.2,0.0,60.45232253602823,-1.2,9999.0,0
173000,3600,1400,4102.83,1312.06,1.2,13.24,510.46199907534736,12.04,42.39717600293583,0
173000,3600,1400,3662.76,1385.58,1.2,0.0,64.39529485917453,-1.2,9999.0,0
173000,3600,1400,3810.99,965.57,1.2,2.41,482.9556967259004,1.2100000000000002,399.1369394428928,0
173000,3600,1400,3733.96,1410.42,1.2,13.06,134.364645647581,11.86,11.329228132173778,0
173000,3600,1400,3703.78,1357.3,1.2,0.0,112.22111387791536,-1.2,9999.0,0
173000,3600,1400,3409.81,1692.52,1.2,11.78,348.91286376400626,10.58,32.978531546692466,0
173000,3600,1400,3743.79,1251.83,1.2,28.17,206.4701261684121,26.97,7.655547874245906,0
173000,3600,1400,3820.15,1021.47,1.2,22.62,437.8938037926548,21.42,20.443221465576787,0
173000,3600,1400,3639.17,1324.34,1.2,0.09,85.19814845405983,-1.11,9999.0,0
173000,3600,1400,3674.56,1339.71,1.2,0.0,95.8857533734808,-1.2,9999.0,0
173000,3600,1400,3811.7,1147.87,1.2,23.82,329.22093934013367,22.62,14.554418184798127,0
173000,3600,1400,3835.64,1333.88,1.2,12.71,244.7408098376728,11.510000000000002,21.263319707877738,0
173000,3600,1400,3720.56,1363.38,1.2,7.81,125.99896031317076,6.609999999999999,19.06186994147818,0
173000,3600,1400,3647.95,1330.3,1.2,5.9,84.60078309330233,4.7,18.00016661559624,0
173000,3600,1400,3707.36,1415.88,1.2,8.69,108.52807931590806,7.489999999999999,14.489730215742066,0
173000,3600,1400,3541.43,1449.3,1.2,5.63,76.5567430080461,4.43,17.281431830258715,0
173000,3600,1400,3509.47,1589.05,1.2,3.13,209.6081663485467,1.93,108.6052675381071,0
173000,3600,1400,3373.47,1741.03,1.2,2.09,409.41092046988695,0.8899999999999999,460.01227019088424,0
173000,3600,1400,3666.08,1414.19,1.2,0.0,67.5864076571613,-1.2,9999.0,0
173000,3600,1400,3680.28,1418.17,1.2,0.0,82.3105540012946,-1.2,9999.0,0
173000,3600,1400,3641.18,1411.75,1.2,0.0,42.82353208225574,-1.2,9999.0,0
173000,3600,1400,3658.35,1420.38,1.2,0.0,61.8066897673706,-1.2,9999.0,0
173000,3600,1400,3550.66,1475.0,1.2,0.0,89.77435936836316,-1.2,9999.0,0
173000,3600,1400,3631.53,1422.8,1.2,0.0,38.90990747868736,-1.2,9999.0,0
173000,3600,1400,3665.7,1420.67,1.2,0.0,68.87480598883731,-1.2,9999.0,0
173000,3600,1400,3646.63,1376.07,1.2,0.0,52.41184789720749,-1.2,9999.0,0
173000,3600,1400,3719.17,1629.42,1.2,13.28,258.524709263931,12.08,21.40105209138502,0
173000,3600,1400,3623.12,1435.25,1.2,0.0,42.15562714513918,-1.2,9999.0,0
173000,3600,1400,3581.34,1470.85,1.2,0.0,73.26607741649597,-1.2,9999.0,0
173000,3600,1400,3694.78,1415.19,1.2,0.0,95.98950203017016,-1.2,9999.0,0
173000,3600,1400,3546.39,1481.16,1.2,0.0,97.26755728401956,-1.2,9999.0,0
173000,3600,1400,3647.02,1408.17,1.2,0.0,47.72451466489732,-1.2,9999.0,0
173000,3600,1400,3575.04,1466.79,1.2,0.0,71.30151260667614,-1.2,9999.0,0
173000,3600,1400,3618.93,1441.47,1.2,0.0,45.58624573267683,-1.2,9999.0,0
173000,3600,1400,3641.61,1346.51,1.2,0.0,67.76851924013104,-1.2,9999.0,0
173000,3600,1400,3649.8,1382.79,1.2,0.0,52.68988612627683,-1.2,9999.0,0
173000,3600,1400,3687.53,1416.68,1.2,0.0,89.10512499289835,-1.2,9999.0,0
173000,3600,1400,3642.8,1353.92,1.2,0.0,62.89043170467197,-1.2,9999.0,0
173000,3600,1400,3645.13,1368.74,1.2,0.0,54.89903915370477,-1.2,9999.0,0
173000,3600,1400,3542.11,1487.32,1.2,0.0,104.76657148155596,-1.2,9999.0,0
173000,3600,1400,3633.55,1414.17,1.2,0.0,36.41965678037088,-1.2,9999.0,0
173000,3600,1400,3635.66,1416.73,1.2,0.0,39.38944655615245,-1.2,9999.0,0
173000,3600,1400,3614.73,1447.68,1.2,0.0,49.90345979989771,-1.2,9999.0,0
173000,3600,1400,3569.91,1467.31,1.2,0.0,73.72953410947339,-1.2,9999.0,0
173000,3600,1400,3667.15,1379.5,1.2,0.0,70.20949009927371,-1.2,9999.0,0
173000,3600,1400,3643.98,1361.33,1.2,0.0,58.56286622084004,-1.2,9999.0,0
173000,3600,1400,3678.54,1369.24,1.2,0.0,84.34873561589404,-1.2,9999.0,0
173000,3600,1400,3639.32,1414.35,1.2,0.0,41.856718696047,-1.2,9999.0,0
173000,3600,1400,3610.53,1453.9,1.2,0.0,54.91894846043589,-1.2,9999.0,0
173000,3600,1400,3554.94,1468.84,1.2,0.0,82.27605483978911,-1.2,9999.0,0
173000,3600,1400,3623.32,1429.24,1.2,0.0,37.40053475553536,-1.2,9999.0,0
173000,3600,1400,3660.65,1334.37,1.2,0.0,89.36285246118784,-1.2,9999.0,0
173000,3600,1400,3653.25,1333.37,1.2,0.0,85.29431047848394,-1.2,9999.0,0
173000,3600,1400,3527.76,1508.39,1.2,0.0,130.25747464157283,-1.2,9999.0,0
173000,3600,1400,3553.96,1457.33,1.2,0.0,73.52829727390666,-1.2,9999.0,0
173000,3600,1400,3630.85,1412.44,1.2,0.0,33.26373550880893,-1.2,9999.0,0
173000,3600,1400,3854.67,1671.15,1.2,13.07,371.993456125239,11.87,31.338960077947686,0
173000,3600,1400,3665.35,1387.46,1.2,0.0,66.54227303000692,-1.2,9999.0,0
173000,3600,1400,3523.73,1514.72,1.2,0.0,137.75990454410166,-1.2,9999.0,0
173000,3600,1400,3548.66,1452.02,1.2,0.0,73.08813857254823,-1.2,9999.0,0
173000,3600,1400,3697.3,1353.53,1.2,0.0,107.82741256285452,-1.2,9999.0,0
173000,3600,1400,3629.24,1420.46,1.2,0.0,35.687381523445914,-1.2,9999.0,0
173000,3600,1400,3619.13,1435.46,1.2,0.0,40.29104739269019,-1.2,9999.0,0
173000,3600,1400,3723.78,1409.24,1.2,0.0,124.12439727950364,-1.2,9999.0,0
173000,3600,1400,3657.49,1587.15,1.2,3.67,195.78105781714436,2.47,79.26358616078718,0
173000,3600,1400,3653.29,1407.08,1.2,0.0,53.75825983046694,-1.2,9999.0,0
174000,3600,1400,3640.64,1410.24,1.2,0.0,41.91022786862403,-1.2,9999.0,0
174000,3600,1400,3607.14,1589.51,1.2,13.23,189.6444560223156,12.03,15.764293933692072,0
174000,3600,1400,3507.61,1540.03,1.2,0.0,167.7626686721452,-1.2,9999.0,0
174000,3600,1400,3645.75,1333.57,1.2,0.0,80.65982519197527,-1.2,9999.0,0
174000,3600,1400,3702.03,1413.71,1.2,0.0,102.947000927662,-1.2,9999.0,0
174000,3600,1400,3537.83,1493.48,1.2,0.0,112.26584208921255,-1.2,9999.0,0
174000,3600,1400,3669.75,1381.38,1.2,0.0,72.19256817706373,-1.2,9999.0,0
174000,3600,1400,3656.14,1401.07,1.2,0.0,56.15019590348715,-1.2,9999.0,0
174000,3600,1400,3567.77,1455.06,1.2,0.0,63.799502349156256,-1.2,9999.0,0
174000,3600,1400,3687.35,1357.08,1.2,0.01,97.32496545080296,-1.19,9999.0,0
174000,3600,1400,3709.28,1412.22,1.2,0.0,109.9611149452389,-1.2,9999.0,0
174000,3600,1400,3630.29,1332.96,1.2,0.0,73.56524790959378,-1.2,9999.0,0
174000,3600,1400,3673.03,1419.66,1.2,0.0,75.6299973555469,-1.2,9999.0,0
174000,3600,1400,3716.53,1410.73,1.2,0.0,117.02296270390715,-1.2,9999.0,0
174000,3600,1400,3680.35,1361.28,1.2,0.0,89.19282986877357,-1.2,9999.0,0
174000,3600,1400,3752.02,1403.44,1.2,0.0,152.05891621342036,-1.2,9999.0,0
174000,3600,1400,3671.55,1373.43,1.2,0.0,76.32409449184459,-1.2,9999.0,0
174000,3600,1400,3623.16,1335.28,1.2,0.0,68.73910095426035,-1.2,9999.0,0
174000,3600,1400,3674.15,1375.31,1.2,0.0,78.15253418795847,-1.2,9999.0,0
174000,3600,1400,3667.8,1336.48,1.2,0.0,92.90656812088164,-1.2,9999.0,0
174000,3600,1400,3511.64,1533.7,1.2,0.0,160.25972544591494,-1.2,9999.0,0
174000,3600,1400,3675.95,1367.36,1.2,0.0,82.66663232526156,-1.2,9999.0,0
174000,3600,1400,3488.32,1570.31,1.2,11.78,203.6612837531963,10.58,19.24964874793916,0
174000,3600,1400,3682.94,1363.16,1.2,0.0,90.75367320389849,-1.2,9999.0,0
174000,3600,1400,3519.7,1521.05,1.2,0.0,145.2624951596248,-1.2,9999.0,0
174000,3600,1400,3543.36,1446.71,1.2,0.0,73.41603162797611,-1.2,9999.0,0
174000,3600,1400,3503.59,1546.35,1.2,0.0,175.25184906299833,-1.2,9999.0,0
174000,3600,1400,3515.67,1527.37,1.2,0.0,152.75688462390153,-1.2,9999.0,0
174000,3600,1400,3527.4,1430.86,1.2,0.0,78.88662497534028,-1.2,9999.0,0
174000,3600,1400,3627.32,1429.03,1.2,0.0,39.86380940151113,-1.2,9999.0,0
174000,3600,1400,3499.56,1552.68,1.2,0.0,182.75496162895288,-1.2,9999.0,0
174000,3600,1400,3744.67,1404.95,1.2,0.0,144.75465933779134,-1.2,9999.0,0
174000,3600,1400,3981.86,1299.44,1.2,11.62,394.87893486485206,10.42,37.896250946722844,0
174000,3600,1400,3606.33,1460.12,1.2,0.0,60.45232253602823,-1.2,9999.0,0
174000,3600,1400,4105.19,1323.13,1.2,11.32,511.0048267873793,10.12,50.4945481015197,0
174000,3600,1400,3662.76,1385.58,1.2,0.0,64.39529485917453,-1.2,9999.0,0
174000,3600,1400,3813.0,966.77,1.2,2.65,482.7600158463831,1.45,332.93794196302287,0
174000,3600,1400,3721.95,1412.89,1.2,12.1,122.62933825149656,10.9,11.250398004724454,0
174000,3600,1400,3703.78,1357.3,1.2,0.0,112.22111387791536,-1.2,9999.0,0
174000,3600,1400,3402.73,1703.04,1.2,12.68,361.5918894278465,11.48,31.497551343889068,0
174000,3600,1400,3759.21,1226.16,1.2,29.93,235.72901751799668,28.73,8.204977985311405,0
174000,3600,1400,3816.09,1002.95,1.2,18.88,452.0437927900349,17.68,25.56808782749066,0
174000,3600,1400,3639.17,1324.34,1.2,0.0,85.19814845405983,-1.2,9999.0,0
174000,3600,1400,3674.56,1339.71,1.2,0.0,95.8857533734808,-1.2,9999.0,0
174000,3600,1400,3823.15,1127.23,1.2,23.61,352.41934595024725,22.41,15.725985986177923,0
174000,3600,1400,3823.24,1338.56,1.2,13.26,231.54043102663496,12.06,19.199040715309696,0
174000,3600,1400,3729.47,1367.6,1.2,10.09,133.4625074693262,8.89,15.012655508360652,0
174000,3600,1400,3655.79,1330.18,1.2,7.85,89.37201183815874,6.65,13.439400276414847,0
174000,3600,1400,3696.65,1418.08,1.2,10.79,98.32654219487236,9.59,10.25302838319837,0
174000,3600,1400,3535.84,1443.7,1.2,7.91,77.62857463589026,6.71,11.569087129044748,0
174000,3600,1400,3514.93,1586.11,1.2,5.33,204.6309776158048,4.13,49.54745220721666,0
174000,3600,1400,3375.54,1737.94,1.2,3.72,405.69167504399206,2.5200000000000005,160.98875993809207,0
174000,3600,1400,3668.13,1413.96,1.2,2.1,69.54551387400926,0.9000000000000001,77.27279319334362,0
174000,3600,1400,3839.06,1388.82,1.2,0.0,239.32128196213557,-1.2,9999.0,0
174000,3600,1400,3680.28,1418.17,1.2,0.0,82.3105540012946,-1.2,9999.0,0
174000,3600,1400,3641.18,1411.75,1.2,0.0,42.82353208225574,-1.2,9999.0,0
174000,3600,1400,3658.35,1420.38,1.2,0.0,61.8066897673706,-1.2,9999.0,0
174000,3600,1400,3550.66,1475.0,1.2,0.0,89.77435936836316,-1.2,9999.0,0
174000,3600,1400,3631.53,1422.8,1.2,0.0,38.90990747868736,-1.2,9999.0,0
174000,3600,1400,3665.7,1420.67,1.2,0.0,68.87480598883731,-1.2,9999.0,0
174000,3600,1400,3646.63,1376.07,1.2,0.0,52.41184789720749,-1.2,9999.0,0
174000,3600,1400,3709.25,1621.05,1.2,12.97,246.5738530339338,11.77,20.94935030024926,0
174000,3600,1400,3623.12,1435.25,1.2,0.0,42.15562714513918,-1.2,9999.0,0
174000,3600,1400,3581.34,1470.85,1.2,0.0,73.26607741649597,-1.2,9999.0,0
174000,3600,1400,3694.78,1415.19,1.2,0.0,95.98950203017016,-1.2,9999.0,0
174000,3600,1400,3546.39,1481.16,1.2,0.0,97.26755728401956,-1.2,9999.0,0
174000,3600,1400,3647.02,1408.17,1.2,0.0,47.72451466489732,-1.2,9999.0,0
174000,3600,1400,3575.04,1466.79,1.2,0.0,71.30151260667614,-1.2,9999.0,0
174000,3600,1400,3618.93,1441.47,1.2,0.0,45.58624573267683,-1.2,9999.0,0
174000,3600,1400,3641.61,1346.51,1.2,0.0,67.76851924013104,-1.2,9999.0,0
174000,3600,1400,3649.8,1382.79,1.2,0.0,52.68988612627683,-1.2,9999.0,0
174000,3600,1400,3687.53,1416.68,1.2,0.0,89.10512499289835,-1.2,9999.0,0
174000,3600,1400,3642.8,1353.92,1.2,0.0,62.89043170467197,-1.2,9999.0,0
174000,3600,1400,3645.13,1368.74,1.2,0.0,54.89903915370477,-1.2,9999.0,0
174000,3600,1400,3542.11,1487.32,1.2,0.0,104.76657148155596,-1.2,9999.0,0
174000,3600,1400,3633.55,1414.17,1.2,0.0,36.41965678037088,-1.2,9999.0,0
174000,3600,1400,3635.66,1416.73,1.2,0.0,39.38944655615245,-1.2,9999.0,0
174000,3600,1400,3614.73,1447.68,1.2,0.0,49.90345979989771,-1.2,9999.0,0
174000,3600,1400,3569.91,1467.31,1.2,0.0,73.72953410947339,-1.2,9999.0,0
174000,3600,1400,3667.15,1379.5,1.2,0.0,70.20949009927371,-1.2,9999.0,0
174000,3600,1400,3643.98,1361.33,1.2,0.0,58.56286622084004,-1.2,9999.0,0
174000,3600,1400,3678.54,1369.24,1.2,0.0,84.34873561589404,-1.2,9999.0,0
174000,3600,1400,3639.32,1414.35,1.2,0.0,41.856718696047,-1.2,9999.0,0
174000,3600,1400,3610.53,1453.9,1.2,0.0,54.91894846043589,-1.2,9999.0,0
174000,3600,1400,3554.94,1468.84,1.2,0.0,82.27605483978911,-1.2,9999.0,0
174000,3600,1400,3623.32,1429.24,1.2,0.0,37.40053475553536,-1.2,9999.0,0
174000,3600,1400,3660.65,1334.37,1.2,0.0,89.36285246118784,-1.2,9999.0,0
174000,3600,1400,3653.25,1333.37,1.2,0.0,85.29431047848394,-1.2,9999.0,0
174000,3600,1400,3527.76,1508.39,1.2,0.0,130.25747464157283,-1.2,9999.0,0
174000,3600,1400,3553.96,1457.33,1.2,0.0,73.52829727390666,-1.2,9999.0,0
174000,3600,1400,3630.85,1412.44,1.2,0.0,33.26373550880893,-1.2,9999.0,0
174000,3600,1400,3842.18,1670.74,1.2,12.52,363.2510151396689,11.32,32.08931229149018,0
174000,3600,1400,3665.35,1387.46,1.2,0.0,66.54227303000692,-1.2,9999.0,0
174000,3600,1400,3523.73,1514.72,1.2,0.0,137.75990454410166,-1.2,9999.0,0
174000,3600,1400,3548.66,1452.02,1.2,0.0,73.08813857254823,-1.2,9999.0,0
174000,3600,1400,3697.3,1353.53,1.2,0.0,107.82741256285452,-1.2,9999.0,0
174000,3600,1400,3629.24,1420.46,1.2,0.0,35.687381523445914,-1.2,9999.0,0
174000,3600,1400,3619.13,1435.46,1.2,0.0,40.29104739269019,-1.2,9999.0,0
174000,3600,1400,3723.78,1409.24,1.2,0.0,124.12439727950364,-1.2,9999.0,0
174000,3600,1400,3659.21,1588.13,1.2,2.08,197.2275868127987,0.8800000000000001,224.12225774181667,0
174000,3600,1400,3653.29,1407.08,1.2,0.0,53.75825983046694,-1.2,9999.0,0
175000,3600,1400,3640.64,1410.24,1.2,0.0,41.91022786862403,-1.2,9999.0,0
175000,3600,1400,3620.62,1589.02,1.2,13.49,190.14138108260389,12.29,15.471227101920578,0
175000,3600,1400,3507.61,1540.03,1.2,0.0,167.7626686721452,-1.2,9999.0,0
175000,3600,1400,3645.75,1333.57,1.2,0.0,80.65982519197527,-1.2,9999.0,0
175000,3600,1400,3702.03,1413.71,1.2,0.0,102.947000927662,-1.2,9999.0,0
175000,3600,1400,3537.83,1493.48,1.2,0.0,112.26584208921255,-1.2,9999.0,0
175000,3600,1400,3669.75,1381.38,1.2,0.0,72.19256817706373,-1.2,9999.0,0
175000,3600,1400,3656.14,1401.07,1.2,0.0,56.15019590348715,-1.2,9999.0,0
175000,3600,1400,3567.77,1455.06,1.2,0.0,63.799502349156256,-1.2,9999.0,0
175000,3600,1400,3687.34,1357.09,1.2,0.0,97.31158050304204,-1.2,9999.0,0
175000,3600,1400,3709.28,1412.22,1.2,0.0,109.9611149452389,-1.2,9999.0,0
175000,3600,1400,3630.29,1332.96,1.2,0.0,73.56524790959378,-1.2,9999.0,0
175000,3600,1400,3673.03,1419.66,1.2,0.0,75.6299973555469,-1.2,9999.0,0
175000,3600,1400,3716.53,1410.73,1.2,0.0,117.02296270390715,-1.2,9999.0,0
175000,3600,1400,3680.35,1361.28,1.2,0.0,89.19282986877357,-1.2,9999.0,0
175000,3600,1400,3752.02,1403.44,1.2,0.0,152.05891621342036,-1.2,9999.0,0
175000,3600,1400,3671.55,1373.43,1.2,0.0,76.32409449184459,-1.2,9999.0,0
175000,3600,1400,3623.16,1335.28,1.2,0.0,68.73910095426035,-1.2,9999.0,0
175000,3600,1400,3674.15,1375.31,1.2,0.0,78.15253418795847,-1.2,9999.0,0
175000,3600,1400,3667.8,1336.48,1.2,0.0,92.90656812088164,-1.2,9999.0,0
175000,3600,1400,3511.64,1533.7,1.2,0.0,160.25972544591494,-1.2,9999.0,0
175000,3600,1400,3675.95,1367.36,1.2,0.0,82.66663232526156,-1.2,9999.0,0
175000,3600,1400,3492.64,1563.54,1.2,8.04,195.63103332549264,6.839999999999999,28.601028263960917,0
175000,3600,1400,3682.94,1363.16,1.2,0.0,90.75367320389849,-1.2,9999.0,0
175000,3600,1400,3519.7,1521.05,1.2,0.0,145.2624951596248,-1.2,9999.0,0
175000,3600,1400,3543.36,1446.71,1.2,0.0,73.41603162797611,-1.2,9999.0,0
175000,3600,1400,3503.59,1546.35,1.2,0.0,175.25184906299833,-1.2,9999.0,0
175000,3600,1400,3515.67,1527.37,1.2,0.0,152.75688462390153,-1.2,9999.0,0
175000,3600,1400,3527.4,1430.86,1.2,0.0,78.88662497534028,-1.2,9999.0,0
175000,3600,1400,3627.32,1429.03,1.2,0.0,39.86380940151113,-1.2,9999.0,0
175000,3600,1400,3499.56,1552.68,1.2,0.0,182.75496162895288,-1.2,9999.0,0
175000,3600,1400,3744.67,1404.95,1.2,0.0,144.75465933779134,-1.2,9999.0,0
175000,3600,1400,3993.09,1297.03,1.2,11.48,406.35276423324615,10.28,39.52847901101617,0
175000,3600,1400,3606.33,1460.12,1.2,0.0,60.45232253602823,-1.2,9999.0,0
175000,3600,1400,4106.41,1330.14,1.2,7.12,511.2059347268964,5.92,86.35235383900277,0
175000,3600,1400,3662.76,1385.58,1.2,0.0,64.39529485917453,-1.2,9999.0,0
175000,3600,1400,3813.3,969.9,1.2,3.16,480.0863464003117,1.96,244.9420134695468,0
175000,3600,1400,3709.37,1415.47,1.2,12.68,110.45867009882012,11.48,9.621835374461682,0
175000,3600,1400,3703.78,1357.3,1.2,0.0,112.22111387791536,-1.2,9999.0,0
175000,3600,1400,3396.23,1712.77,1.2,11.7,373.2924936293255,10.5,35.55166605993576,0
175000,3600,1400,3775.39,1200.2,1.2,30.64,265.8602868049305,29.44,9.030580394189215,0
175000,3600,1400,3812.88,988.29,1.2,14.95,463.4900414248402,13.75,33.70836664907929,0
175000,3600,1400,3639.17,1324.34,1.2,0.0,85.19814845405983,-1.2,9999.0,0
175000,3600,1400,3674.56,1339.71,1.2,0.0,95.8857533734808,-1.2,9999.0,0
175000,3600,1400,3828.24,1104.25,1.2,23.54,373.5793892869357,22.34,16.72244356700697,0
175000,3600,1400,3810.46,1343.47,1.2,13.69,217.91983044229823,12.49,17.447544470960626,0
175000,3600,1400,3741.78,1366.15,1.2,12.4,145.76484795724946,11.2,13.01471856761156,0
175000,3600,1400,3665.2,1331.99,1.2,9.58,94.21464907327297,8.38,11.242798218767655,0
175000,3600,1400,3683.41,1420.8,1.2,13.35,85.96434202621441,12.15,7.075254487754273,0
175000,3600,1400,3529.3,1437.22,1.2,9.21,79.89880099225505,8.010000000000002,9.974881522129218,0
175000,3600,1400,3518.74,1580.39,1.2,6.86,197.84776900435364,5.66,34.95543621985046,0
175000,3600,1400,3378.98,1732.8,1.2,6.18,399.5067964378077,4.98,80.22224828068427,0
175000,3600,1400,3671.71,1413.4,1.2,3.68,72.95124467752423,2.4800000000000004,29.415824466743636,0
175000,3600,1400,3837.29,1389.18,1.2,1.81,237.53655823893715,0.6100000000000001,389.4041938343231,0
175000,3600,1400,3680.28,1418.17,1.2,0.0,82.3105540012946,-1.2,9999.0,0
175000,3600,1400,3641.18,1411.75,1.2,0.0,42.82353208225574,-1.2,9999.0,0
175000,3600,1400,3658.35,1420.38,1.2,0.0,61.8066897673706,-1.2,9999.0,0
175000,3600,1400,3550.66,1475.0,1.2,0.0,89.77435936836316,-1.2,9999.0,0
175000,3600,1400,3631.53,1422.8,1.2,0.0,38.90990747868736,-1.2,9999.0,0
175000,3600,1400,3665.7,1420.67,1.2,0.0,68.87480598883731,-1.2,9999.0,0
175000,3600,1400,3646.63,1376.07,1.2,0.0,52.41184789720749,-1.2,9999.0,0
175000,3600,1400,3699.02,1612.42,1.2,13.38,234.365562316651,12.18,19.24183598658875,0
175000,3600,1400,3623.12,1435.25,1.2,0.0,42.15562714513918,-1.2,9999.0,0
175000,3600,1400,3581.34,1470.85,1.2,0.0,73.26607741649597,-1.2,9999.0,0
175000,3600,1400,3694.78,1415.19,1.2,0.0,95.98950203017016,-1.2,9999.0,0
175000,3600,1400,3546.39,1481.16,1.2,0.0,97.26755728401956,-1.2,9999.0,0
175000,3600,1400,3647.02,1408.17,1.2,0.0,47.72451466489732,-1.2,9999.0,0
175000,3600,1400,3575.04,1466.79,1.2,0.0,71.30151260667614,-1.2,9999.0,0
175000,3600,1400,3618.93,1441.47,1.2,0.0,45.58624573267683,-1.2,9999.0,0
175000,3600,1400,3641.61,1346.51,1.2,0.0,67.76851924013104,-1.2,9999.0,0
175000,3600,1400,3649.8,1382.79,1.2,0.0,52.68988612627683,-1.2,9999.0,0
175000,3600,1400,3687.53,1416.68,1.2,0.0,89.10512499289835,-1.2,9999.0,0
175000,3600,1400,3642.8,1353.92,1.2,0.0,62.89043170467197,-1.2,9999.0,0
175000,3600,1400,3645.13,1368.74,1.2,0.0,54.89903915370477,-1.2,9999.0,0
175000,3600,1400,3542.11,1487.32,1.2,0.0,104.76657148155596,-1.2,9999.0,0
175000,3600,1400,3633.55,1414.17,1.2,0.0,36.41965678037088,-1.2,9999.0,0
175000,3600,1400,3635.66,1416.73,1.2,0.0,39.38944655615245,-1.2,9999.0,0
175000,3600,1400,3614.73,1447.68,1.2,0.0,49.90345979989771,-1.2,9999.0,0
175000,3600,1400,3569.91,1467.31,1.2,0.0,73.72953410947339,-1.2,9999.0,0
175000,3600,1400,3667.15,1379.5,1.2,0.0,70.20949009927371,-1.2,9999.0,0
175000,3600,1400,3643.98,1361.33,1.2,0.0,58.56286622084004,-1.2,9999.0,0
175000,3600,1400,3678.54,1369.24,1.2,0.0,84.34873561589404,-1.2,9999.0,0
175000,3600,1400,3639.32,1414.35,1.2,0.0,41.856718696047,-1.2,9999.0,0
175000,3600,1400,3610.53,1453.9,1.2,0.0,54.91894846043589,-1.2,9999.0,0
175000,3600,1400,3554.94,1468.84,1.2,0.0,82.27605483978911,-1.2,9999.0,0
175000,3600,1400,3623.32,1429.24,1.2,0.0,37.40053475553536,-1.2,9999.0,0
175000,3600,1400,3660.65,1334.37,1.2,0.0,89.36285246118784,-1.2,9999.0,0
175000,3600,1400,3653.25,1333.37,1.2,0.0,85.29431047848394,-1.2,9999.0,0
175000,3600,1400,3527.76,1508.39,1.2,0.0,130.25747464157283,-1.2,9999.0,0
175000,3600,1400,3553.96,1457.33,1.2,0.0,73.52829727390666,-1.2,9999.0,0
175000,3600,1400,3630.85,1412.44,1.2,0.0,33.26373550880893,-1.2,9999.0,0
175000,3600,1400,3828.84,1671.23,1.2,13.35,354.8710448881397,12.15,29.20749340643125,0
175000,3600,1400,3665.35,1387.46,1.2,0.0,66.54227303000692,-1.2,9999.0,0
175000,3600,1400,3523.73,1514.72,1.2,0.0,137.75990454410166,-1.2,9999.0,0
175000,3600,1400,3548.66,1452.02,1.2,0.0,73.08813857254823,-1.2,9999.0,0
175000,3600,1400,3697.3,1353.53,1.2,0.0,107.82741256285452,-1.2,9999.0,0
175000,3600,1400,3629.24,1420.46,1.2,0.0,35.687381523445914,-1.2,9999.0,0
175000,3600,1400,3619.13,1435.46,1.2,0.0,40.29104739269019,-1.2,9999.0,0
175000,3600,1400,3723.78,1409.24,1.2,0.0,124.12439727950364,-1.2,9999.0,0
175000,3600,1400,3657.78,1590.33,1.2,3.13,198.90710721339244,1.93,103.06067731263857,0
175000,3600,1400,3653.29,1407.08,1.2,0.0,53.75825983046694,-1.2,9999.0,0
176000,3600,1400,3640.64,1410.24,1.2,0.0,41.91022786862403,-1.2,9999.0,0
176000,3600,1400,3633.86,1588.35,1.2,13.26,191.3693342727616,12.06,15.86810400271655,0
176000,3600,1400,3507.61,1540.03,1.2,0.0,167.7626686721452,-1.2,9999.0,0
176000,3600,1400,3645.75,1333.57,1.2,0.0,80.65982519197527,-1.2,9999.0,0
176000,3600,1400,3702.03,1413.71,1.2,0.0,102.947000927662,-1.2,9999.0,0
176000,3600,1400,3537.83,1493.48,1.2,0.0,112.26584208921255,-1.2,9999.0,0
176000,3600,1400,3669.75,1381.38,1.2,0.0,72.19256817706373,-1.2,9999.0,0
176000,3600,1400,3656.14,1401.07,1.2,0.0,56.15019590348715,-1.2,9999.0,0
176000,3600,1400,3567.77,1455.06,1.2,0.0,63.799502349156256,-1.2,9999.0,0
176000,3600,1400,3687.34,1357.09,1.2,0.0,97.31158050304204,-1.2,9999.0,0
176000,3600,1400,3709.28,1412.22,1.2,0.0,109.9611149452389,-1.2,9999.0,0
176000,3600,1400,3630.29,1332.96,1.2,0.0,73.56524790959378,-1.2,9999.0,0
176000,3600,1400,3673.03,1419.66,1.2,0.0,75.6299973555469,-1.2,9999.0,0
176000,3600,1400,3716.53,1410.73,1.2,0.0,117.02296270390715,-1.2,9999.0,0
176000,3600,1400,3680.35,1361.28,1.2,0.0,89.19282986877357,-1.2,9999.0,0
176000,3600,1400,3752.02,1403.44,1.2,0.0,152.05891621342036,-1.2,9999.0,0
176000,3600,1400,3671.55,1373.43,1.2,0.0,76.32409449184459,-1.2,9999.0,0
176000,3600,1400,3623.16,1335.28,1.2,0.0,68.73910095426035,-1.2,9999.0,0
176000,3600,1400,3674.15,1375.31,1.2,0.0,78.15253418795847,-1.2,9999.0,0
176000,3600,1400,3667.8,1336.48,1.2,0.0,92.90656812088164,-1.2,9999.0,0
176000,3600,1400,3511.64,1533.7,1.2,0.0,160.25972544591494,-1.2,9999.0,0
176000,3600,1400,3675.95,1367.36,1.2,0.0,82.66663232526156,-1.2,9999.0,0
176000,3600,1400,3494.74,1560.24,1.2,3.9,191.719913415378,2.7,71.00737533902888,0
176000,3600,1400,3682.94,1363.16,1.2,0.0,90.75367320389849,-1.2,9999.0,0
176000,3600,1400,3519.7,1521.05,1.2,0.0,145.2624951596248,-1.2,9999.0,0
176000,3600,1400,3543.36,1446.71,1.2,0.0,73.41603162797611,-1.2,9999.0,0
176000,3600,1400,3503.59,1546.35,1.2,0.0,175.25184906299833,-1.2,9999.0,0
176000,3600,1400,3515.67,1527.37,1.2,0.0,152.75688462390153,-1.2,9999.0,0
176000,3600,1400,3527.4,1430.86,1.2,0.0,78.88662497534028,-1.2,9999.0,0
176000,3600,1400,3627.32,1429.03,1.2,0.0,39.86380940151113,-1.2,9999.0,0
176000,3600,1400,3499.56,1552.68,1.2,0.0,182.75496162895288,-1.2,9999.0,0
176000,3600,1400,3744.67,1404.95,1.2,0.0,144.75465933779134,-1.2,9999.0,0
176000,3600,1400,4004.24,1294.63,1.2,11.41,417.7473093869065,10.21,40.91550532682728,0
176000,3600,1400,3606.33,1460.12,1.2,0.0,60.45232253602823,-1.2,9999.0,0
176000,3600,1400,4105.73,1332.89,1.2,3.05,510.1632924858467,1.85,275.76394188424143,0
176000,3600,1400,3662.76,1385.58,1.2,0.0,64.39529485917453,-1.2,9999.0,0
176000,3600,1400,3813.67,974.38,1.2,4.52,476.2428511799416,3.3199999999999994,143.4466419216692,0
176000,3600,1400,3695.5,1418.32,1.2,13.97,97.24131015160172,12.77,7.614824600751898,0
176000,3600,1400,3703.78,1357.3,1.2,0.0,112.22111387791536,-1.2,9999.0,0
176000,3600,1400,3389.32,1723.1,1.2,12.43,385.71968111570334,11.23,34.34725566479994,0
176000,3600,1400,3791.59,1174.09,1.2,30.84,296.2128562368624,29.64,9.993686107856357,0
176000,3600,1400,3810.68,977.15,1.2,11.32,472.427967948554,10.12,46.68260552851324,0
176000,3600,1400,3639.17,1324.34,1.2,0.0,85.19814845405983,-1.2,9999.0,0
176000,3600,1400,3674.56,1339.71,1.2,0.0,95.8857533734808,-1.2,9999.0,0
176000,3600,1400,3829.62,1080.82,1.2,23.44,393.1936123591023,22.24,17.679568901038774,0
176000,3600,1400,3798.65,1348.38,1.2,12.8,205.24728232061932,11.6,17.69373123453615,0
176000,3600,1400,3755.81,1363.81,1.2,14.24,159.95772003876522,13.04,12.266696321991198,0
176000,3600,1400,3674.31,1335.89,1.2,9.92,98.1431006235282,8.72,11.254942732055985,0
176000,3600,1400,3671.01,1423.31,1.2,12.49,74.73805054990416,11.29,6.619845044278491,0
176000,3600,1400,3521.59,1429.69,1.2,10.78,83.8428541975998,9.58,8.751863694947788,0
176000,3600,1400,3523.89,1572.66,1.2,9.27,188.69077269437437,8.07,23.38175621987291,0
176000,3600,1400,3383.42,1726.15,1.2,8.0,391.51081581483805,6.8,57.5751199727703,0
176000,3600,1400,3676.79,1412.35,1.2,5.25,77.77677416812806,4.05,19.204141769908162,0
176000,3600,1400,3832.39,1386.93,1.2,4.35,232.75724908152688,3.1499999999999995,73.89119018461172,0
176000,3600,1400,3680.28,1418.17,1.2,0.0,82.3105540012946,-1.2,9999.0,0
176000,3600,1400,3641.18,1411.75,1.2,0.0,42.82353208225574,-1.2,9999.0,0
176000,3600,1400,3658.35,1420.38,1.2,0.0,61.8066897673706,-1.2,9999.0,0
176000,3600,1400,3550.66,1475.0,1.2,0.0,89.77435936836316,-1.2,9999.0,0
176000,3600,1400,3631.53,1422.8,1.2,0.0,38.90990747868736,-1.2,9999.0,0
176000,3600,1400,3665.7,1420.67,1.2,0.0,68.87480598883731,-1.2,9999.0,0
176000,3600,1400,3646.63,1376.07,1.2,0.0,52.41184789720749,-1.2,9999.0,0
176000,3600,1400,3690.89,1603.38,1.2,12.26,222.7653844294486,11.06,20.14153566269879,0
176000,3600,1400,3623.12,1435.25,1.2,0.0,42.15562714513918,-1.2,9999.0,0
176000,3600,1400,3581.34,1470.85,1.2,0.0,73.26607741649597,-1.2,9999.0,0
176000,3600,1400,3694.78,1415.19,1.2,0.0,95.98950203017016,-1.2,9999.0,0
176000,3600,1400,3546.39,1481.16,1.2,0.0,97.26755728401956,-1.2,9999.0,0
176000,3600,1400,3647.02,1408.17,1.2,0.0,47.72451466489732,-1.2,9999.0,0
176000,3600,1400,3575.04,1466.79,1.2,0.0,71.30151260667614,-1.2,9999.0,0
176000,3600,1400,3618.93,1441.47,1.2,0.0,45.58624573267683,-1.2,9999.0,0
176000,3600,1400,3641.61,1346.51,1.2,0.0,67.76851924013104,-1.2,9999.0,0
176000,3600,1400,3649.8,1382.79,1.2,0.0,52.68988612627683,-1.2,9999.0,0
176000,3600,1400,3687.53,1416.68,1.2,0.0,89.10512499289835,-1.2,9999.0,0
176000,3600,1400,3642.8,1353.92,1.2,0.0,62.89043170467197,-1.2,9999.0,0
176000,3600,1400,3645.13,1368.74,1.2,0.0,54.89903915370477,-1.2,9999.0,0
176000,3600,1400,3542.11,1487.32,1.2,0.0,104.76657148155596,-1.2,9999.0,0
176000,3600,1400,3633.55,1414.17,1.2,0.0,36.41965678037088,-1.2,9999.0,0
176000,3600,1400,3635.66,1416.73,1.2,0.0,39.38944655615245,-1.2,9999.0,0
176000,3600,1400,3614.73,1447.68,1.2,0.0,49.90345979989771,-1.2,9999.0,0
176000,3600,1400,3569.91,1467.31,1.2,0.0,73.72953410947339,-1.2,9999.0,0
176000,3600,1400,3667.15,1379.5,1.2,0.0,70.20949009927371,-1.2,9999.0,0
176000,3600,1400,3643.98,1361.33,1.2,0.0,58.56286622084004,-1.2,9999.0,0
176000,3600,1400,3678.54,1369.24,1.2,0.0,84.34873561589404,-1.2,9999.0,0
176000,3600,1400,3639.32,1414.35,1.2,0.0,41.856718696047,-1.2,9999.0,0
176000,3600,1400,3610.53,1453.9,1.2,0.0,54.91894846043589,-1.2,9999.0,0
176000,3600,1400,3554.94,1468.84,1.2,0.0,82.27605483978911,-1.2,9999.0,0
176000,3600,1400,3623.32,1429.24,1.2,0.0,37.40053475553536,-1.2,9999.0,0
176000,3600,1400,3660.65,1334.37,1.2,0.0,89.36285246118784,-1.2,9999.0,0
176000,3600,1400,3653.25,1333.37,1.2,0.0,85.29431047848394,-1.2,9999.0,0
176000,3600,1400,3527.76,1508.39,1.2,0.0,130.25747464157283,-1.2,9999.0,0
176000,3600,1400,3553.96,1457.33,1.2,0.0,73.52829727390666,-1.2,9999.0,0
176000,3600,1400,3630.85,1412.44,1.2,0.0,33.26373550880893,-1.2,9999.0,0
176000,3600,1400,3816.53,1671.81,1.2,12.32,347.513909074155,11.12,31.251250816021134,0
176000,3600,1400,3665.35,1387.46,1.2,0.0,66.54227303000692,-1.2,9999.0,0
176000,3600,1400,3523.73,1514.72,1.2,0.0,137.75990454410166,-1.2,9999.0,0
176000,3600,1400,3548.66,1452.02,1.2,0.0,73.08813857254823,-1.2,9999.0,0
176000,3600,1400,3697.3,1353.53,1.2,0.0,107.82741256285452,-1.2,9999.0,0
176000,3600,1400,3629.24,1420.46,1.2,0.0,35.687381523445914,-1.2,9999.0,0
176000,3600,1400,3619.13,1435.46,1.2,0.0,40.29104739269019,-1.2,9999.0,0
176000,3600,1400,3723.78,1409.24,1.2,0.0,124.12439727950364,-1.2,9999.0,0
176000,3600,1400,3652.74,1590.59,1.2,5.05,197.752511235635,3.85,51.36428863263247,0
176000,3600,1400,3653.29,1407.08,1.2,0.0,53.75825983046694,-1.2,9999.0,0
177000,3600,1400,3640.64,1410.24,1.2,0.0,41.91022786862403,-1.2,9999.0,0
177000,3600,1400,3647.29,1587.67,1.2,13.45,193.53649009941256,12.25,15.798897150972454,0
177000,3600,1400,3507.61,1540.03,1.2,0.0,167.7626686721452,-1.2,9999.0,0
177000,3600,1400,3645.75,1333.57,1.2,0.0,80.65982519197527,-1.2,9999.0,0
177000,3600,1400,3702.03,1413.71,1.2,0.0,102.947000927662,-1.2,9999.0,0
177000,3600,1400,3537.83,1493.48,1.2,0.0,112.26584208921255,-1.2,9999.0,0
177000,3600,1400,3669.75,1381.38,1.2,0.0,72.19256817706373,-1.2,9999.0,0
177000,3600,1400,3656.14,1401.07,1.2,0.0,56.15019590348715,-1.2,9999.0,0
177000,3600,1400,3567.77,1455.06,1.2,0.0,63.799502349156256,-1.2,9999.0,0
177000,3600,1400,3687.34,1357.09,1.2,0.0,97.31158050304204,-1.2,9999.0,0
177000,3600,1400,3709.28,1412.22,1.2,0.0,109.9611149452389,-1.2,9999.0,0
177000,3600,1400,3630.29,1332.96,1.2,0.0,73.56524790959378,-1.2,9999.0,0
177000,3600,1400,3673.03,1419.66,1.2,0.0,75.6299973555469,-1.2,9999.0,0
177000,3600,1400,3716.53,1410.73,1.2,0.0,117.02296270390715,-1.2,9999.0,0
177000,3600,1400,3680.35,1361.28,1.2,0.0,89.19282986877357,-1.2,9999.0,0
177000,3600,1400,3752.02,1403.44,1.2,0.0,152.05891621342036,-1.2,9999.0,0
177000,3600,1400,3671.55,1373.43,1.2,0.0,76.32409449184459,-1.2,9999.0,0
177000,3600,1400,3623.16,1335.28,1.2,0.0,68.73910095426035,-1.2,9999.0,0
177000,3600,1400,3674.15,1375.31,1.2,0.0,78.15253418795847,-1.2,9999.0,0
177000,3600,1400,3667.8,1336.48,1.2,0.0,92.90656812088164,-1.2,9999.0,0
177000,3600,1400,3511.64,1533.7,1.2,0.0,160.25972544591494,-1.2,9999.0,0
177000,3600,1400,3675.95,1367.36,1.2,0.0,82.66663232526156,-1.2,9999.0,0
177000,3600,1400,3495.42,1559.18,1.2,1.27,190.4606227019118,0.07,2720.8660385987396,0
177000,3600,1400,3682.94,1363.16,1.2,0.0,90.75367320389849,-1.2,9999.0,0
177000,3600,1400,3519.7,1521.05,1.2,0.0,145.2624951596248,-1.2,9999.0,0
177000,3600,1400,3543.36,1446.71,1.2,0.0,73.41603162797611,-1.2,9999.0,0
177000,3600,1400,3503.59,1546.35,1.2,0.0,175.25184906299833,-1.2,9999.0,0
177000,3600,1400,3515.67,1527.37,1.2,0.0,152.75688462390153,-1.2,9999.0,0
177000,3600,1400,3527.4,1430.86,1.2,0.0,78.88662497534028,-1.2,9999.0,0
177000,3600,1400,3627.32,1429.03,1.2,0.0,39.86380940151113,-1.2,9999.0,0
177000,3600,1400,3499.56,1552.68,1.2,0.0,182.75496162895288,-1.2,9999.0,0
177000,3600,1400,3744.67,1404.95,1.2,0.0,144.75465933779134,-1.2,9999.0,0
177000,3600,1400,4015.08,1292.3,1.2,11.09,428.8247851978707,9.89,43.359432274809976,0
177000,3600,1400,3606.33,1460.12,1.2,0.0,60.45232253602823,-1.2,9999.0,0
177000,3600,1400,4103.39,1331.48,1.2,3.27,508.0319699585848,2.0700000000000003,245.42607244376075,0
177000,3600,1400,3662.76,1385.58,1.2,0.0,64.39529485917453,-1.2,9999.0,0
177000,3600,1400,3814.54,980.93,1.2,6.64,470.7940914030252,5.44,86.54303150790903,0
177000,3600,1400,3682.84,1420.92,1.2,12.76,85.44069288108581,11.56,7.3910633980178035,0
177000,3600,1400,3703.78,1357.3,1.2,0.0,112.22111387791536,-1.2,9999.0,0
177000,3600,1400,3382.64,1733.08,1.2,12.01,397.7281181913092,10.81,36.792610378474485,0
177000,3600,1400,3807.76,1148.15,1.2,30.69,326.48528312927067,29.49,11.071050631714842,0
177000,3600,1400,3810.03,969.21,1.2,7.94,479.2625846026373,6.74,71.10720839801739,0
177000,3600,1400,3639.17,1324.34,1.2,0.0,85.19814845405983,-1.2,9999.0,0
177000,3600,1400,3674.56,1339.71,1.2,0.0,95.8857533734808,-1.2,9999.0,0
177000,3600,1400,3828.03,1057.39,1.2,23.42,411.5571564193727,22.22,18.5219242312949,0
177000,3600,1400,3787.26,1353.56,1.2,12.51,192.93258200729105,11.31,17.058583731855972,0
177000,3600,1400,3769.25,1358.24,1.2,14.59,174.32572988517788,13.39,13.019098572455405,0
177000,3600,1400,3679.05,1338.74,1.2,5.53,100.00845014297556,4.33,23.0966397558835,0
177000,3600,1400,3662.78,1424.14,1.2,8.17,67.2611923771801,6.97,9.650099336754677,0
177000,3600,1400,3512.81,1421.17,1.2,12.23,89.72326899974172,11.03,8.13447588392944,0
177000,3600,1400,3530.26,1563.11,1.2,11.46,177.39374199785047,10.260000000000002,17.289838401349947,0
177000,3600,1400,3388.83,1718.06,1.2,9.73,381.77864332620805,8.530000000000001,44.75716803355311,0
177000,3600,1400,3684.02,1410.87,1.2,7.49,84.72022957948116,6.29,13.46903490929748,0
177000,3600,1400,3826.16,1388.21,1.2,6.36,226.4671051168357,5.16,43.88897385985188,0
177000,3600,1400,3528.26,1513.57,1.2,0.0,134.33083227613812,-1.2,9999.0,0
177000,3600,1400,3680.28,1418.17,1.2,0.0,82.3105540012946,-1.2,9999.0,0
177000,3600,1400,3641.18,1411.75,1.2,0.0,42.82353208225574,-1.2,9999.0,0
177000,3600,1400,3658.35,1420.38,1.2,0.0,61.8066897673706,-1.2,9999.0,0
177000,3600,1400,3550.66,1475.0,1.2,0.0,89.77435936836316,-1.2,9999.0,0
177000,3600,1400,3631.53,1422.8,1.2,0.0,38.90990747868736,-1.2,9999.0,0
177000,3600,1400,3665.7,1420.67,1.2,0.0,68.87480598883731,-1.2,9999.0,0
177000,3600,1400,3646.63,1376.07,1.2,0.0,52.41184789720749,-1.2,9999.0,0
177000,3600,1400,3687.04,1591.33,1.2,12.94,210.1978365730722,11.74,17.904415381011262,0
177000,3600,1400,3623.12,1435.25,1.2,0.0,42.15562714513918,-1.2,9999.0,0
177000,3600,1400,3581.34,1470.85,1.2,0.0,73.26607741649597,-1.2,9999.0,0
177000,3600,1400,3694.78,1415.19,1.2,0.0,95.98950203017016,-1.2,9999.0,0
177000,3600,1400,3546.39,1481.16,1.2,0.0,97.26755728401956,-1.2,9999.0,0
177000,3600,1400,3647.02,1408.17,1.2,0.0,47.72451466489732,-1.2,9999.0,0
177000,3600,1400,3575.04,1466.79,1.2,0.0,71.30151260667614,-1.2,9999.0,0
177000,3600,1400,3618.93,1441.47,1.2,0.0,45.58624573267683,-1.2,9999.0,0
177000,3600,1400,3641.61,1346.51,1.2,0.0,67.76851924013104,-1.2,9999.0,0
177000,3600,1400,3649.8,1382.79,1.2,0.0,52.68988612627683,-1.2,9999.0,0
177000,3600,1400,3687.53,1416.68,1.2,0.0,89.10512499289835,-1.2,9999.0,0
177000,3600,1400,3642.8,1353.92,1.2,0.0,62.89043170467197,-1.2,9999.0,0
177000,3600,1400,3645.13,1368.74,1.2,0.0,54.89903915370477,-1.2,9999.0,0
177000,3600,1400,3542.11,1487.32,1.2,0.0,104.76657148155596,-1.2,9999.0,0
177000,3600,1400,3633.55,1414.17,1.2,0.0,36.41965678037088,-1.2,9999.0,0
177000,3600,1400,3635.66,1416.73,1.2,0.0,39.38944655615245,-1.2,9999.0,0
177000,3600,1400,3614.73,1447.68,1.2,0.0,49.90345979989771,-1.2,9999.0,0
177000,3600,1400,3569.91,1467.31,1.2,0.0,73.72953410947339,-1.2,9999.0,0
177000,3600,1400,3667.15,1379.5,1.2,0.0,70.20949009927371,-1.2,9999.0,0
177000,3600,1400,3643.98,1361.33,1.2,0.0,58.56286622084004,-1.2,9999.0,0
177000,3600,1400,3678.54,1369.24,1.2,0.0,84.34873561589404,-1.2,9999.0,0
177000,3600,1400,3639.32,1414.35,1.2,0.0,41.856718696047,-1.2,9999.0,0
177000,3600,1400,3610.53,1453.9,1.2,0.0,54.91894846043589,-1.2,9999.0,0
177000,3600,1400,3554.94,1468.84,1.2,0.0,82.27605483978911,-1.2,9999.0,0
177000,3600,1400,3623.32,1429.24,1.2,0.0,37.40053475553536,-1.2,9999.0,0
177000,3600,1400,3660.65,1334.37,1.2,0.0,89.36285246118784,-1.2,9999.0,0
177000,3600,1400,3653.25,1333.37,1.2,0.0,85.29431047848394,-1.2,9999.0,0
177000,3600,1400,3527.76,1508.39,1.2,0.0,130.25747464157283,-1.2,9999.0,0
177000,3600,1400,3553.96,1457.33,1.2,0.0,73.52829727390666,-1.2,9999.0,0
177000,3600,1400,3630.85,1412.44,1.2,0.0,33.26373550880893,-1.2,9999.0,0
177000,3600,1400,3803.48,1672.43,1.2,13.07,340.0326679894155,11.87,28.646391574508467,0
177000,3600,1400,3665.35,1387.46,1.2,0.0,66.54227303000692,-1.2,9999.0,0
177000,3600,1400,3523.73,1514.72,1.2,0.0,137.75990454410166,-1.2,9999.0,0
177000,3600,1400,3548.66,1452.02,1.2,0.0,73.08813857254823,-1.2,9999.0,0
177000,3600,1400,3697.3,1353.53,1.2,0.0,107.82741256285452,-1.2,9999.0,0
177000,3600,1400,3629.24,1420.46,1.2,0.0,35.687381523445914,-1.2,9999.0,0
177000,3600,1400,3619.13,1435.46,1.2,0.0,40.29104739269019,-1.2,9999.0,0
177000,3600,1400,3723.78,1409.24,1.2,0.0,124.12439727950364,-1.2,9999.0,0
177000,3600,1400,3645.69,1590.95,1.2,7.06,196.3402113679213,5.859999999999999,33.50515552353606,0
177000,3600,1400,3653.29,1407.08,1.2,0.0,53.75825983046694,-1.2,9999.0,0
178000,3600,1400,3640.64,1410.24,1.2,0.0,41.91022786862403,-1.2,9999.0,0
178000,3600,1400,3661.24,1586.85,1.2,13.97,196.62975385225892,12.77,15.397788085533197,0
178000,3600,1400,3507.61,1540.03,1.2,0.0,167.7626686721452,-1.2,9999.0,0
178000,3600,1400,3645.75,1333.57,1.2,0.0,80.65982519197527,-1.2,9999.0,0
178000,3600,1400,3702.03,1413.71,1.2,0.0,102.947000927662,-1.2,9999.0,0
178000,3600,1400,3537.83,1493.48,1.2,0.0,112.26584208921255,-1.2,9999.0,0
178000,3600,1400,3669.75,1381.38,1.2,0.0,72.19256817706373,-1.2,9999.0,0
178000,3600,1400,3656.14,1401.07,1.2,0.0,56.15019590348715,-1.2,9999.0,0
178000,3600,1400,3567.77,1455.06,1.2,0.0,63.799502349156256,-1.2,9999.0,0
178000,3600,1400,3687.34,1357.09,1.2,0.0,97.31158050304204,-1.2,9999.0,0
178000,3600,1400,3709.28,1412.22,1.2,0.0,109.9611149452389,-1.2,9999.0,0
178000,3600,1400,3630.29,1332.96,1.2,0.0,73.56524790959378,-1.2,9999.0,0
178000,3600,1400,3673.03,1419.66,1.2,0.0,75.6299973555469,-1.2,9999.0,0
178000,3600,1400,3716.53,1410.73,1.2,0.0,117.02296270390715,-1.2,9999.0,0
178000,3600,1400,3680.35,1361.28,1.2,0.0,89.19282986877357,-1.2,9999.0,0
178000,3600,1400,3752.02,1403.44,1.2,0.0,152.05891621342036,-1.2,9999.0,0
178000,3600,1400,3671.55,1373.43,1.2,0.0,76.32409449184459,-1.2,9999.0,0
178000,3600,1400,3623.16,1335.28,1.2,0.0,68.73910095426035,-1.2,9999.0,0
178000,3600,1400,3674.15,1375.31,1.2,0.0,78.15253418795847,-1.2,9999.0,0
178000,3600,1400,3667.8,1336.48,1.2,0.0,92.90656812088164,-1.2,9999.0,0
178000,3600,1400,3511.64,1533.7,1.2,0.0,160.25972544591494,-1.2,9999.0,0
178000,3600,1400,3675.95,1367.36,1.2,0.0,82.66663232526156,-1.2,9999.0,0
178000,3600,1400,3495.47,1559.09,1.2,0.1,190.35794966325943,-1.1,9999.0,0
178000,3600,1400,3682.94,1363.16,1.2,0.0,90.75367320389849,-1.2,9999.0,0
178000,3600,1400,3519.7,1521.05,1.2,0.0,145.2624951596248,-1.2,9999.0,0
178000,3600,1400,3543.36,1446.71,1.2,0.0,73.41603162797611,-1.2,9999.0,0
178000,3600,1400,3503.59,1546.35,1.2,0.0,175.25184906299833,-1.2,9999.0,0
178000,3600,1400,3515.67,1527.37,1.2,0.0,152.75688462390153,-1.2,9999.0,0
178000,3600,1400,3527.4,1430.86,1.2,0.0,78.88662497534028,-1.2,9999.0,0
178000,3600,1400,3627.32,1429.03,1.2,0.0,39.86380940151113,-1.2,9999.0,0
178000,3600,1400,3499.56,1552.68,1.2,0.0,182.75496162895288,-1.2,9999.0,0
178000,3600,1400,3744.67,1404.95,1.2,0.0,144.75465933779134,-1.2,9999.0,0
178000,3600,1400,4026.31,1289.89,1.2,11.48,440.30038405615767,10.28,42.83077665915931,0
178000,3600,1400,3606.33,1460.12,1.2,0.0,60.45232253602823,-1.2,9999.0,0
178000,3600,1400,4102.45,1326.07,1.2,5.49,507.8598698460037,4.29,118.3822540433575,0
178000,3600,1400,3662.76,1385.58,1.2,0.0,64.39529485917453,-1.2,9999.0,0
178000,3600,1400,3816.49,989.82,1.2,9.14,463.8055115023967,7.94,58.41379238065449,0
178000,3600,1400,3673.28,1422.88,1.2,9.63,76.76882700680032,8.430000000000001,9.106622420735505,0
178000,3600,1400,3703.78,1357.3,1.2,0.0,112.22111387791536,-1.2,9999.0,0
178000,3600,1400,3376.44,1742.34,1.2,11.14,408.8713112948864,9.94,41.13393473791614,0
178000,3600,1400,3821.84,1121.48,1.2,30.42,356.0707457795432,29.22,12.18585714509046,0
178000,3600,1400,3811.1,965.5,1.2,4.19,483.06672416965336,2.99,161.56077731426532,0
178000,3600,1400,3639.17,1324.34,1.2,0.0,85.19814845405983,-1.2,9999.0,0
178000,3600,1400,3674.56,1339.71,1.2,0.0,95.8857533734808,-1.2,9999.0,0
178000,3600,1400,3823.02,1034.54,1.2,23.3,428.1342453016344,22.1,19.372590285141825,0
178000,3600,1400,3775.39,1358.96,1.2,13.04,180.12754842055656,11.84,15.213475373357818,0
178000,3600,1400,3781.93,1352.46,1.2,13.94,188.03876329097665,12.74,14.759714544032704,0
178000,3600,1400,3680.5,1339.65,1.2,1.71,100.61000198787389,0.51,197.2745137017135,0
178000,3600,1400,3658.55,1423.64,1.2,4.2,63.142316238795246,3.0,21.047438746265083,0
178000,3600,1400,3502.7,1411.35,1.2,14.1,97.9597493871847,12.9,7.59377902226238,0
178000,3600,1400,3537.57,1552.16,1.2,13.15,164.4693603684285,11.95,13.763126390663475,0
178000,3600,1400,3395.64,1707.89,1.2,12.24,369.5392559661289,11.04,33.472758692584144,0
178000,3600,1400,3693.0,1409.03,1.2,9.29,93.437363511606,8.09,11.549735909963658,0
178000,3600,1400,3818.54,1389.77,1.2,7.78,218.7793054655764,6.58,33.24913456923654,0
178000,3600,1400,3527.54,1514.7,1.2,1.34,135.6707101772524,0.1400000000000001,969.0765012660879,0
178000,3600,1400,3650.38,1330.24,1.2,0.0,86.04999709471238,-1.2,9999.0,0
178000,3600,1400,3680.28,1418.17,1.2,0.0,82.3105540012946,-1.2,9999.0,0
178000,3600,1400,3641.18,1411.75,1.2,0.0,42.82353208225574,-1.2,9999.0,0
178000,3600,1400,3658.35,1420.38,1.2,0.0,61.8066897673706,-1.2,9999.0,0
178000,3600,1400,3550.66,1475.0,1.2,0.0,89.77435936836316,-1.2,9999.0,0
178000,3600,1400,3631.53,1422.8,1.2,0.0,38.90990747868736,-1.2,9999.0,0
178000,3600,1400,3665.7,1420.67,1.2,0.0,68.87480598883731,-1.2,9999.0,0
178000,3600,1400,3646.63,1376.07,1.2,0.0,52.41184789720749,-1.2,9999.0,0
178000,3600,1400,3675.18,1588.84,1.2,12.96,203.25495811910704,11.760000000000002,17.283584874073725,0
178000,3600,1400,3623.12,1435.25,1.2,0.0,42.15562714513918,-1.2,9999.0,0
178000,3600,1400,3581.34,1470.85,1.2,0.0,73.26607741649597,-1.2,9999.0,0
178000,3600,1400,3694.78,1415.19,1.2,0.0,95.98950203017016,-1.2,9999.0,0
178000,3600,1400,3546.39,1481.16,1.2,0.0,97.26755728401956,-1.2,9999.0,0
178000,3600,1400,3647.02,1408.17,1.2,0.0,47.72451466489732,-1.2,9999.0,0
178000,3600,1400,3575.04,1466.79,1.2,0.0,71.30151260667614,-1.2,9999.0,0
178000,3600,1400,3618.93,1441.47,1.2,0.0,45.58624573267683,-1.2,9999.0,0
178000,3600,1400,3641.61,1346.51,1.2,0.0,67.76851924013104,-1.2,9999.0,0
178000,3600,1400,3649.8,1382.79,1.2,0.0,52.68988612627683,-1.2,9999.0,0
178000,3600,1400,3687.53,1416.68,1.2,0.0,89.10512499289835,-1.2,9999.0,0
178000,3600,1400,3642.8,1353.92,1.2,0.0,62.89043170467197,-1.2,9999.0,0
178000,3600,1400,3645.13,1368.74,1.2,0.0,54.89903915370477,-1.2,9999.0,0
178000,3600,1400,3542.11,1487.32,1.2,0.0,104.76657148155596,-1.2,9999.0,0
178000,3600,1400,3633.55,1414.17,1.2,0.0,36.41965678037088,-1.2,9999.0,0
178000,3600,1400,3635.66,1416.73,1.2,0.0,39.38944655615245,-1.2,9999.0,0
178000,3600,1400,3614.73,1447.68,1.2,0.0,49.90345979989771,-1.2,9999.0,0
178000,3600,1400,3569.91,1467.31,1.2,0.0,73.72953410947339,-1.2,9999.0,0
178000,3600,1400,3667.15,1379.5,1.2,0.0,70.20949009927371,-1.2,9999.0,0
178000,3600,1400,3643.98,1361.33,1.2,0.0,58.56286622084004,-1.2,9999.0,0
178000,3600,1400,3678.54,1369.24,1.2,0.0,84.34873561589404,-1.2,9999.0,0
178000,3600,1400,3639.32,1414.35,1.2,0.0,41.856718696047,-1.2,9999.0,0
178000,3600,1400,3610.53,1453.9,1.2,0.0,54.91894846043589,-1.2,9999.0,0
178000,3600,1400,3554.94,1468.84,1.2,0.0,82.27605483978911,-1.2,9999.0,0
178000,3600,1400,3623.32,1429.24,1.2,0.0,37.40053475553536,-1.2,9999.0,0
178000,3600,1400,3660.65,1334.37,1.2,0.0,89.36285246118784,-1.2,9999.0,0
178000,3600,1400,3653.25,1333.37,1.2,0.0,85.29431047848394,-1.2,9999.0,0
178000,3600,1400,3527.76,1508.39,1.2,0.0,130.25747464157283,-1.2,9999.0,0
178000,3600,1400,3553.96,1457.33,1.2,0.0,73.52829727390666,-1.2,9999.0,0
178000,3600,1400,3630.85,1412.44,1.2,0.0,33.26373550880893,-1.2,9999.0,0
178000,3600,1400,3789.97,1673.06,1.2,13.52,332.64149545719624,12.32,27.00012138451268,0
178000,3600,1400,3665.35,1387.46,1.2,0.0,66.54227303000692,-1.2,9999.0,0
178000,3600,1400,3523.73,1514.72,1.2,0.0,137.75990454410166,-1.2,9999.0,0
178000,3600,1400,3548.66,1452.02,1.2,0.0,73.08813857254823,-1.2,9999.0,0
178000,3600,1400,3697.3,1353.53,1.2,0.0,107.82741256285452,-1.2,9999.0,0
178000,3600,1400,3629.24,1420.46,1.2,0.0,35.687381523445914,-1.2,9999.0,0
178000,3600,1400,3619.13,1435.46,1.2,0.0,40.29104739269019,-1.2,9999.0,0
178000,3600,1400,3723.78,1409.24,1.2,0.0,124.12439727950364,-1.2,9999.0,0
178000,3600,1400,3636.58,1591.41,1.2,9.13,194.8740221271169,7.930000000000001,24.574277695727222,0
178000,3600,1400,3653.29,1407.08,1.2,0.0,53.75825983046694,-1.2,9999.0,0
179000,3600,1400,3640.64,1410.24,1.2,0.0,41.91022786862403,-1.2,9999.0,0
179000,3600,1400,3674.13,1585.74,1.2,12.94,199.9865107951034,11.74,17.03462613246196,0
179000,3600,1400,3507.61,1540.03,1.2,0.0,167.7626686721452,-1.2,9999.0,0
179000,3600,1400,3645.75,1333.57,1.2,0.0,80.65982519197527,-1.2,9999.0,0
179000,3600,1400,3702.03,1413.71,1.2,0.0,102.947000927662,-1.2,9999.0,0
179000,3600,1400,3537.83,1493.48,1.2,0.0,112.26584208921255,-1.2,9999.0,0
179000,3600,1400,3669.75,1381.38,1.2,0.0,72.19256817706373,-1.2,9999.0,0
179000,3600,1400,3656.14,1401.07,1.2,0.0,56.15019590348715,-1.2,9999.0,0
179000,3600,1400,3567.77,1455.06,1.2,0.0,63.799502349156256,-1.2,9999.0,0
179000,3600,1400,3687.34,1357.09,1.2,0.0,97.31158050304204,-1.2,9999.0,0
179000,3600,1400,3709.28,1412.22,1.2,0.0,109.9611149452389,-1.2,9999.0,0
179000,3600,1400,3630.29,1332.96,1.2,0.0,73.56524790959378,-1.2,9999.0,0
179000,3600,1400,3673.03,1419.66,1.2,0.0,75.6299973555469,-1.2,9999.0,0
179000,3600,1400,3716.53,1410.73,1.2,0.0,117.02296270390715,-1.2,9999.0,0
179000,3600,1400,3680.35,1361.28,1.2,0.0,89.19282986877357,-1.2,9999.0,0
179000,3600,1400,3752.02,1403.44,1.2,0.0,152.05891621342036,-1.2,9999.0,0
179000,3600,1400,3671.55,1373.43,1.2,0.0,76.32409449184459,-1.2,9999.0,0
179000,3600,1400,3623.16,1335.28,1.2,0.0,68.73910095426035,-1.2,9999.0,0
179000,3600,1400,3674.15,1375.31,1.2,0.0,78.15253418795847,-1.2,9999.0,0
179000,3600,1400,3667.8,1336.48,1.2,0.0,92.90656812088164,-1.2,9999.0,0
179000,3600,1400,3511.64,1533.7,1.2,0.0,160.25972544591494,-1.2,9999.0,0
179000,3600,1400,3675.95,1367.36,1.2,0.0,82.66663232526156,-1.2,9999.0,0
179000,3600,1400,3495.52,1559.02,1.2,0.08,190.27199163303044,-1.12,9999.0,0
179000,3600,1400,3682.94,1363.16,1.2,0.0,90.75367320389849,-1.2,9999.0,0
179000,3600,1400,3519.7,1521.05,1.2,0.0,145.2624951596248,-1.2,9999.0,0
179000,3600,1400,3543.36,1446.71,1.2,0.0,73.41603162797611,-1.2,9999.0,0
179000,3600,1400,3503.59,1546.35,1.2,0.0,175.25184906299833,-1.2,9999.0,0
179000,3600,1400,3515.67,1527.37,1.2,0.0,152.75688462390153,-1.2,9999.0,0
179000,3600,1400,3527.4,1430.86,1.2,0.0,78.88662497534028,-1.2,9999.0,0
179000,3600,1400,3627.32,1429.03,1.2,0.0,39.86380940151113,-1.2,9999.0,0
179000,3600,1400,3499.56,1552.68,1.2,0.0,182.75496162895288,-1.2,9999.0,0
179000,3600,1400,3744.67,1404.95,1.2,0.0,144.75465933779134,-1.2,9999.0,0
179000,3600,1400,4037.76,1287.43,1.2,11.71,452.0020160353272,10.510000000000002,43.006852144179554,0
179000,3600,1400,3606.33,1460.12,1.2,0.0,60.45232253602823,-1.2,9999.0,0
179000,3600,1400,4101.11,1318.86,1.2,7.34,507.636613829223,6.14,82.67697293635554,0
179000,3600,1400,3662.76,1385.58,1.2,0.0,64.39529485917453,-1.2,9999.0,0
179000,3600,1400,3818.9,1000.79,1.2,11.28,455.2865406532463,10.08,45.167315540996654,0
179000,3600,1400,3668.13,1423.62,1.2,5.13,72.10826096918444,3.93,18.348158007426065,0
179000,3600,1400,3703.78,1357.3,1.2,0.0,112.22111387791536,-1.2,9999.0,0
179000,3600,1400,3372.56,1748.15,1.2,6.99,415.8573987558717,5.79,71.82338493192948,0
179000,3600,1400,3826.44,1092.08,1.2,29.96,382.2169540980621,28.76,13.289880184216345,0
179000,3600,1400,3813.17,968.35,1.2,4.12,481.41787607025975,2.92,164.8691356404999,0
179000,3600,1400,3639.17,1324.34,1.2,0.0,85.19814845405983,-1.2,9999.0,0
179000,3600,1400,3674.56,1339.71,1.2,0.0,95.8857533734808,-1.2,9999.0,0
179000,3600,1400,3818.48,1013.85,1.2,21.1,443.6725514385581,19.9,22.29510308736473,0
179000,3600,1400,3763.18,1364.52,1.2,13.42,166.99264295171793,12.22,13.66551906315204,0
179000,3600,1400,3794.72,1346.64,1.2,14.05,201.8989053957448,12.85,15.711977073598819,0
179000,3600,1400,3680.58,1339.7,1.2,0.1,100.6440579468057,-1.1,9999.0,0
179000,3600,1400,3651.81,1423.46,1.2,6.75,56.8739632872547,5.55,10.247560952658505,0
179000,3600,1400,3492.22,1401.17,1.2,14.61,107.78635024899972,13.41,8.037759153542112,0
179000,3600,1400,3544.67,1539.27,1.2,14.84,149.8584058369766,13.64,10.986686644939633,0
179000,3600,1400,3402.36,1697.84,1.2,12.09,357.449626101357,10.89,32.8236571259281,0
179000,3600,1400,3704.16,1406.73,1.2,11.56,104.377193390127,10.36,10.075018667000677,0
179000,3600,1400,3808.63,1391.81,1.2,10.12,208.79069184233296,8.92,23.4070282334454,0
179000,3600,1400,3526.01,1517.11,1.2,2.86,138.52534858284943,1.66,83.44900517039123,0
179000,3600,1400,3652.48,1330.19,1.2,2.1,87.3360549830366,0.9000000000000001,97.04006109226287,0
179000,3600,1400,4102.58,1326.87,1.2,0.0,507.8726742993759,-1.2,9999.0,0
179000,3600,1400,3680.28,1418.17,1.2,0.0,82.3105540012946,-1.2,9999.0,0
179000,3600,1400,3641.18,1411.75,1.2,0.0,42.82353208225574,-1.2,9999.0,0
179000,3600,1400,3658.35,1420.38,1.2,0.0,61.8066897673706,-1.2,9999.0,0
179000,3600,1400,3550.66,1475.0,1.2,0.0,89.77435936836316,-1.2,9999.0,0
179000,3600,1400,3631.53,1422.8,1.2,0.0,38.90990747868736,-1.2,9999.0,0
179000,3600,1400,3665.7,1420.67,1.2,0.0,68.87480598883731,-1.2,9999.0,0
179000,3600,1400,3646.63,1376.07,1.2,0.0,52.41184789720749,-1.2,9999.0,0
179000,3600,1400,3623.12,1435.25,1.2,0.0,42.15562714513918,-1.2,9999.0,0
179000,3600,1400,3581.34,1470.85,1.2,0.0,73.26607741649597,-1.2,9999.0,0
179000,3600,1400,3694.78,1415.19,1.2,0.0,95.98950203017016,-1.2,9999.0,0
179000,3600,1400,3546.39,1481.16,1.2,0.0,97.26755728401956,-1.2,9999.0,0
179000,3600,1400,3647.02,1408.17,1.2,0.0,47.72451466489732,-1.2,9999.0,0
179000,3600,1400,3575.04,1466.79,1.2,0.0,71.30151260667614,-1.2,9999.0,0
179000,3600,1400,3618.93,1441.47,1.2,0.0,45.58624573267683,-1.2,9999.0,0
179000,3600,1400,3641.61,1346.51,1.2,0.0,67.76851924013104,-1.2,9999.0,0
179000,3600,1400,3649.8,1382.79,1.2,0.0,52.68988612627683,-1.2,9999.0,0
179000,3600,1400,3687.53,1416.68,1.2,0.0,89.10512499289835,-1.2,9999.0,0
179000,3600,1400,3642.8,1353.92,1.2,0.0,62.89043170467197,-1.2,9999.0,0
179000,3600,1400,3645.13,1368.74,1.2,0.0,54.89903915370477,-1.2,9999.0,0
179000,3600,1400,3542.11,1487.32,1.2,0.0,104.76657148155596,-1.2,9999.0,0
179000,3600,1400,3633.55,1414.17,1.2,0.0,36.41965678037088,-1.2,9999.0,0
179000,3600,1400,3635.66,1416.73,1.2,0.0,39.38944655615245,-1.2,9999.0,0
179000,3600,1400,3614.73,1447.68,1.2,0.0,49.90345979989771,-1.2,9999.0,0
179000,3600,1400,3569.91,1467.31,1.2,0.0,73.72953410947339,-1.2,9999.0,0
179000,3600,1400,3667.15,1379.5,1.2,0.0,70.20949009927371,-1.2,9999.0,0
179000,3600,1400,3643.98,1361.33,1.2,0.0,58.56286622084004,-1.2,9999.0,0
179000,3600,1400,3678.54,1369.24,1.2,0.0,84.34873561589404,-1.2,9999.0,0
179000,3600,1400,3639.32,1414.35,1.2,0.0,41.856718696047,-1.2,9999.0,0
179000,3600,1400,3610.53,1453.9,1.2,0.0,54.91894846043589,-1.2,9999.0,0
179000,3600,1400,3554.94,1468.84,1.2,0.0,82.27605483978911,-1.2,9999.0,0
179000,3600,1400,3623.32,1429.24,1.2,0.0,37.40053475553536,-1.2,9999.0,0
179000,3600,1400,3660.65,1334.37,1.2,0.0,89.36285246118784,-1.2,9999.0,0
179000,3600,1400,3653.25,1333.37,1.2,0.0,85.29431047848394,-1.2,9999.0,0
179000,3600,1400,3527.76,1508.39,1.2,0.0,130.25747464157283,-1.2,9999.0,0
179000,3600,1400,3553.96,1457.33,1.2,0.0,73.52829727390666,-1.2,9999.0,0
179000,3600,1400,3630.85,1412.44,1.2,0.0,33.26373550880893,-1.2,9999.0,0
179000,3600,1400,3777.7,1674.24,1.2,12.38,326.7795397511905,11.18,29.228939154847094,0
179000,3600,1400,3665.35,1387.46,1.2,0.0,66.54227303000692,-1.2,9999.0,0
179000,3600,1400,3523.73,1514.72,1.2,0.0,137.75990454410166,-1.2,9999.0,0
179000,3600,1400,3548.66,1452.02,1.2,0.0,73.08813857254823,-1.2,9999.0,0
179000,3600,1400,3697.3,1353.53,1.2,0.0,107.82741256285452,-1.2,9999.0,0
179000,3600,1400,3629.24,1420.46,1.2,0.0,35.687381523445914,-1.2,9999.0,0
179000,3600,1400,3619.13,1435.46,1.2,0.0,40.29104739269019,-1.2,9999.0,0
179000,3600,1400,3723.78,1409.24,1.2,0.0,124.12439727950364,-1.2,9999.0,0
179000,3600,1400,3625.48,1591.97,1.2,11.11,193.6535858175624,9.91,19.541229648593582,0
179000,3600,1400,3653.29,1407.08,1.2,0.0,53.75825983046694,-1.2,9999.0,0
180000,3600,1400,3640.64,1410.24,1.2,0.0,41.91022786862403,-1.2,9999.0,0
180000,3600,1400,3687.53,1587.22,1.2,14.03,206.6708235334636,12.83,16.10840401663785,0
180000,3600,1400,3507.61,1540.03,1.2,0.0,167.7626686721452,-1.2,9999.0,0
180000,3600,1400,3645.75,1333.57,1.2,0.0,80.65982519197527,-1.2,9999.0,0
180000,3600,1400,3702.03,1413.71,1.2,0.0,102.947000927662,-1.2,9999.0,0
180000,3600,1400,3537.83,1493.48,1.2,0.0,112.26584208921255,-1.2,9999.0,0
180000,3600,1400,3669.75,1381.38,1.2,0.0,72.19256817706373,-1.2,9999.0,0
180000,3600,1400,3656.14,1401.07,1.2,0.0,56.15019590348715,-1.2,9999.0,0
180000,3600,1400,3567.77,1455.06,1.2,0.0,63.799502349156256,-1.2,9999.0,0
180000,3600,1400,3687.34,1357.09,1.2,0.0,97.31158050304204,-1.2,9999.0,0
180000,3600,1400,3709.28,1412.22,1.2,0.0,109.9611149452389,-1.2,9999.0,0
180000,3600,1400,3630.29,1332.96,1.2,0.0,73.56524790959378,-1.2,9999.0,0
180000,3600,1400,3673.03,1419.66,1.2,0.0,75.6299973555469,-1.2,9999.0,0
180000,3600,1400,3716.53,1410.73,1.2,0.0,117.02296270390715,-1.2,9999.0,0
180000,3600,1400,3680.35,1361.28,1.2,0.0,89.19282986877357,-1.2,9999.0,0
180000,3600,1400,3752.02,1403.44,1.2,0.0,152.05891621342036,-1.2,9999.0,0
180000,3600,1400,3671.55,1373.43,1.2,0.0,76.32409449184459,-1.2,9999.0,0
180000,3600,1400,3623.16,1335.28,1.2,0.0,68.73910095426035,-1.2,9999.0,0
180000,3600,1400,3674.15,1375.31,1.2,0.0,78.15253418795847,-1.2,9999.0,0
180000,3600,1400,3667.8,1336.48,1.2,0.0,92.90656812088164,-1.2,9999.0,0
180000,3600,1400,3511.64,1533.7,1.2,0.0,160.25972544591494,-1.2,9999.0,0
180000,3600,1400,3675.95,1367.36,1.2,0.0,82.66663232526156,-1.2,9999.0,0
180000,3600,1400,3495.53,1559.01,1.2,0.01,190.25814305831943,-1.19,9999.0,0
180000,3600,1400,3682.94,1363.16,1.2,0.0,90.75367320389849,-1.2,9999.0,0
180000,3600,1400,3519.7,1521.05,1.2,0.0,145.2624951596248,-1.2,9999.0,0
180000,3600,1400,3543.36,1446.71,1.2,0.0,73.41603162797611,-1.2,9999.0,0
180000,3600,1400,3503.59,1546.35,1.2,0.0,175.25184906299833,-1.2,9999.0,0
180000,3600,1400,3515.67,1527.37,1.2,0.0,152.75688462390153,-1.2,9999.0,0
180000,3600,1400,3527.4,1430.86,1.2,0.0,78.88662497534028,-1.2,9999.0,0
180000,3600,1400,3627.32,1429.03,1.2,0.0,39.86380940151113,-1.2,9999.0,0
180000,3600,1400,3499.56,1552.68,1.2,0.0,182.75496162895288,-1.2,9999.0,0
180000,3600,1400,3744.67,1404.95,1.2,0.0,144.75465933779134,-1.2,9999.0,0
180000,3600,1400,4048.63,1285.21,1.2,11.1,463.0827366680819,9.9,46.776034006876955,0
180000,3600,1400,3606.33,1460.12,1.2,0.0,60.45232253602823,-1.2,9999.0,0
180000,3600,1400,4098.97,1309.63,1.2,9.47,507.08756423324,8.270000000000001,61.31651320837242,0
180000,3600,1400,3662.76,1385.58,1.2,0.0,64.39529485917453,-1.2,9999.0,0
180000,3600,1400,3821.72,1013.66,1.2,13.22,445.4417515231368,12.02,37.05838199027761,0
180000,3600,1400,3660.62,1423.88,1.2,7.46,65.15396227398601,6.26,10.407981193927478,0
180000,3600,1400,3703.78,1357.3,1.2,0.0,112.22111387791536,-1.2,9999.0,0
180000,3600,1400,3369.99,1749.24,1.2,3.02,418.17840415306017,1.82,229.76835393025283,0
180000,3600,1400,3825.41,1062.78,1.2,29.45,405.6192753062901,28.25,14.358204435620888,0
180000,3600,1400,3813.63,973.97,1.2,5.66,476.5913740302064,4.46,106.85905247314045,0
180000,3600,1400,3639.17,1324.34,1.2,0.0,85.19814845405983,-1.2,9999.0,0
180000,3600,1400,3674.56,1339.71,1.2,0.0,95.8857533734808,-1.2,9999.0,0
180000,3600,1400,3814.73,996.73,1.2,17.46,456.8759851425768,16.26,28.098154067809148,0
180000,3600,1400,3750.13,1368.28,1.2,13.65,153.44437200497134,12.45,12.324849157025811,0
180000,3600,1400,3808.05,1340.96,1.2,14.5,216.2649395995571,13.3,16.26052177440279,0
180000,3600,1400,3680.6,1339.71,1.2,0.03,100.65408138769128,-1.17,9999.0,0
180000,3600,1400,3645.33,1427.59,1.2,8.0,53.066156823346354,6.8,7.803846591668582,0
180000,3600,1400,3482.17,1391.43,1.2,14.0,118.14124512633164,12.8,9.22978477549466,0
180000,3600,1400,3553.7,1525.09,1.2,16.83,133.38365004752268,15.63,8.533822779751931,0
180000,3600,1400,3409.23,1687.66,1.2,12.29,345.1687536553679,11.09,31.12432404466798,0
180000,3600,1400,3717.37,1407.29,1.2,13.49,117.59617765896974,12.29,9.56844407314644,0
180000,3600,1400,3796.68,1394.26,1.2,12.2,196.7637415785742,11.0,17.887612870779474,0
180000,3600,1400,3523.45,1521.12,1.2,4.75,143.28278647485888,3.55,40.36134830277715,0
180000,3600,1400,3656.52,1330.32,1.2,4.06,89.72074899375288,2.8599999999999994,31.370891256556956,0
180000,3600,1400,4102.17,1324.49,1.2,2.41,507.81538869947616,1.2100000000000002,419.6821394210546,0
180000,3600,1400,3730.07,1411.22,1.2,0.0,130.55302868949477,-1.2,9999.0,0
180000,3600,1400,3680.28,1418.17,1.2,0.0,82.3105540012946,-1.2,9999.0,0
180000,3600,1400,3641.18,1411.75,1.2,0.0,42.82353208225574,-1.2,9999.0,0
180000,3600,1400,3658.35,1420.38,1.2,0.0,61.8066897673706,-1.2,9999.0,0
180000,3600,1400,3550.66,1475.0,1.2,0.0,89.77435936836316,-1.2,9999.0,0
180000,3600,1400,3631.53,1422.8,1.2,0.0,38.90990747868736,-1.2,9999.0,0
180000,3600,1400,3665.7,1420.67,1.2,0.0,68.87480598883731,-1.2,9999.0,0
180000,3600,1400,3646.63,1376.07,1.2,0.0,52.41184789720749,-1.2,9999.0,0
180000,3600,1400,3623.12,1435.25,1.2,0.0,42.15562714513918,-1.2,9999.0,0
180000,3600,1400,3581.34,1470.85,1.2,0.0,73.26607741649597,-1.2,9999.0,0
180000,3600,1400,3694.78,1415.19,1.2,0.0,95.98950203017016,-1.2,9999.0,0
180000,3600,1400,3546.39,1481.16,1.2,0.0,97.26755728401956,-1.2,9999.0,0
180000,3600,1400,3647.02,1408.17,1.2,0.0,47.72451466489732,-1.2,9999.0,0
180000,3600,1400,3575.04,1466.79,1.2,0.0,71.30151260667614,-1.2,9999.0,0
180000,3600,1400,3618.93,1441.47,1.2,0.0,45.58624573267683,-1.2,9999.0,0
180000,3600,1400,3641.61,1346.51,1.2,0.0,67.76851924013104,-1.2,9999.0,0
180000,3600,1400,3649.8,1382.79,1.2,0.0,52.68988612627683,-1.2,9999.0,0
180000,3600,1400,3687.53,1416.68,1.2,0.0,89.10512499289835,-1.2,9999.0,0
180000,3600,1400,3642.8,1353.92,1.2,0.0,62.89043170467197,-1.2,9999.0,0
180000,3600,1400,3645.13,1368.74,1.2,0.0,54.89903915370477,-1.2,9999.0,0
180000,3600,1400,3542.11,1487.32,1.2,0.0,104.76657148155596,-1.2,9999.0,0
180000,3600,1400,3633.55,1414.17,1.2,0.0,36.41965678037088,-1.2,9999.0,0
180000,3600,1400,3635.66,1416.73,1.2,0.0,39.38944655615245,-1.2,9999.0,0
180000,3600,1400,3614.73,1447.68,1.2,0.0,49.90345979989771,-1.2,9999.0,0
180000,3600,1400,3569.91,1467.31,1.2,0.0,73.72953410947339,-1.2,9999.0,0
180000,3600,1400,3667.15,1379.5,1.2,0.0,70.20949009927371,-1.2,9999.0,0
180000,3600,1400,3643.98,1361.33,1.2,0.0,58.56286622084004,-1.2,9999.0,0
180000,3600,1400,3678.54,1369.24,1.2,0.0,84.34873561589404,-1.2,9999.0,0
180000,3600,1400,3639.32,1414.35,1.2,0.0,41.856718696047,-1.2,9999.0,0
180000,3600,1400,3610.53,1453.9,1.2,0.0,54.91894846043589,-1.2,9999.0,0
180000,3600,1400,3554.94,1468.84,1.2,0.0,82.27605483978911,-1.2,9999.0,0
180000,3600,1400,3623.32,1429.24,1.2,0.0,37.40053475553536,-1.2,9999.0,0
180000,3600,1400,3660.65,1334.37,1.2,0.0,89.36285246118784,-1.2,9999.0,0
180000,3600,1400,3653.25,1333.37,1.2,0.0,85.29431047848394,-1.2,9999.0,0
180000,3600,1400,3527.76,1508.39,1.2,0.0,130.25747464157283,-1.2,9999.0,0
180000,3600,1400,3553.96,1457.33,1.2,0.0,73.52829727390666,-1.2,9999.0,0
180000,3600,1400,3630.85,1412.44,1.2,0.0,33.26373550880893,-1.2,9999.0,0
180000,3600,1400,3765.24,1677.54,1.2,12.89,323.005741744632,11.69,27.63094454616185,0
180000,3600,1400,3665.35,1387.46,1.2,0.0,66.54227303000692,-1.2,9999.0,0
180000,3600,1400,3523.73,1514.72,1.2,0.0,137.75990454410166,-1.2,9999.0,0
180000,3600,1400,3548.66,1452.02,1.2,0.0,73.08813857254823,-1.2,9999.0,0
180000,3600,1400,3697.3,1353.53,1.2,0.0,107.82741256285452,-1.2,9999.0,0
180000,3600,1400,3629.24,1420.46,1.2,0.0,35.687381523445914,-1.2,9999.0,0
180000,3600,1400,3619.13,1435.46,1.2,0.0,40.29104739269019,-1.2,9999.0,0
180000,3600,1400,3723.78,1409.24,1.2,0.0,124.12439727950364,-1.2,9999.0,0
180000,3600,1400,3613.18,1592.57,1.2,12.32,193.020510050098,11.12,17.357959536879317,0
180000,3600,1400,3653.29,1407.08,1.2,0.0,53.75825983046694,-1.2,9999.0,0
181000,3600,1400,3640.64,1410.24,1.2,0.0,41.91022786862403,-1.2,9999.0,0
181000,3600,1400,3692.34,1599.46,1.2,13.64,219.7975595860883,12.44,17.668614114637325,0
181000,3600,1400,3507.61,1540.03,1.2,0.0,167.7626686721452,-1.2,9999.0,0
181000,3600,1400,3645.75,1333.57,1.2,0.0,80.65982519197527,-1.2,9999.0,0
181000,3600,1400,3702.03,1413.71,1.2,0.0,102.947000927662,-1.2,9999.0,0
181000,3600,1400,3537.83,1493.48,1.2,0.0,112.26584208921255,-1.2,9999.0,0
181000,3600,1400,3669.75,1381.38,1.2,0.0,72.19256817706373,-1.2,9999.0,0
181000,3600,1400,3656.14,1401.07,1.2,0.0,56.15019590348715,-1.2,9999.0,0
181000,3600,1400,3567.77,1455.06,1.2,0.0,63.799502349156256,-1.2,9999.0,0
181000,3600,1400,3687.34,1357.09,1.2,0.0,97.31158050304204,-1.2,9999.0,0
181000,3600,1400,3709.28,1412.22,1.2,0.0,109.9611149452389,-1.2,9999.0,0
181000,3600,1400,3630.29,1332.96,1.2,0.0,73.56524790959378,-1.2,9999.0,0
181000,3600,1400,3673.03,1419.66,1.2,0.0,75.6299973555469,-1.2,9999.0,0
181000,3600,1400,3716.53,1410.73,1.2,0.0,117.02296270390715,-1.2,9999.0,0
181000,3600,1400,3680.35,1361.28,1.2,0.0,89.19282986877357,-1.2,9999.0,0
181000,3600,1400,3752.02,1403.44,1.2,0.0,152.05891621342036,-1.2,9999.0,0
181000,3600,1400,3671.55,1373.43,1.2,0.0,76.32409449184459,-1.2,9999.0,0
181000,3600,1400,3623.16,1335.28,1.2,0.0,68.73910095426035,-1.2,9999.0,0
181000,3600,1400,3674.15,1375.31,1.2,0.0,78.15253418795847,-1.2,9999.0,0
181000,3600,1400,3667.8,1336.48,1.2,0.0,92.90656812088164,-1.2,9999.0,0
181000,3600,1400,3511.64,1533.7,1.2,0.0,160.25972544591494,-1.2,9999.0,0
181000,3600,1400,3675.95,1367.36,1.2,0.0,82.66663232526156,-1.2,9999.0,0
181000,3600,1400,3495.53,1559.01,1.2,0.0,190.25814305831943,-1.2,9999.0,0
181000,3600,1400,3682.94,1363.16,1.2,0.0,90.75367320389849,-1.2,9999.0,0
181000,3600,1400,3519.7,1521.05,1.2,0.0,145.2624951596248,-1.2,9999.0,0
181000,3600,1400,3543.36,1446.71,1.2,0.0,73.41603162797611,-1.2,9999.0,0
181000,3600,1400,3503.59,1546.35,1.2,0.0,175.25184906299833,-1.2,9999.0,0
181000,3600,1400,3515.67,1527.37,1.2,0.0,152.75688462390153,-1.2,9999.0,0
181000,3600,1400,3527.4,1430.86,1.2,0.0,78.88662497534028,-1.2,9999.0,0
181000,3600,1400,3627.32,1429.03,1.2,0.0,39.86380940151113,-1.2,9999.0,0
181000,3600,1400,3499.56,1552.68,1.2,0.0,182.75496162895288,-1.2,9999.0,0
181000,3600,1400,3744.67,1404.95,1.2,0.0,144.75465933779134,-1.2,9999.0,0
181000,3600,1400,4059.66,1282.96,1.2,11.26,474.32655122815953,10.06,47.149756583316055,0
181000,3600,1400,3606.33,1460.12,1.2,0.0,60.45232253602823,-1.2,9999.0,0
181000,3600,1400,4096.43,1298.66,1.2,11.26,506.6680772458437,10.06,50.364620004557025,0
181000,3600,1400,3662.76,1385.58,1.2,0.0,64.39529485917453,-1.2,9999.0,0
181000,3600,1400,3824.96,1028.42,1.2,15.18,434.3716127925488,13.98,31.070930814917652,0
181000,3600,1400,3652.58,1423.35,1.2,8.03,57.53154699814692,6.829999999999999,8.423359736185494,0
181000,3600,1400,3703.78,1357.3,1.2,0.0,112.22111387791536,-1.2,9999.0,0
181000,3600,1400,3369.78,1746.55,1.2,2.96,416.0506590548799,1.76,236.39241991754537,0
181000,3600,1400,3820.47,1037.87,1.2,25.52,423.9636279210753,24.32,17.432714963860004,0
181000,3600,1400,3814.64,981.35,1.2,7.5,470.46588834898535,6.3,74.67712513475958,0
181000,3600,1400,3639.17,1324.34,1.2,0.0,85.19814845405983,-1.2,9999.0,0
181000,3600,1400,3674.56,1339.71,1.2,0.0,95.8857533734808,-1.2,9999.0,0
181000,3600,1400,3811.62,982.56,1.2,14.45,468.0162155310433,13.25,35.32197853064478,0
181000,3600,1400,3737.46,1369.88,1.2,12.77,140.72123507132818,11.57,12.16259594393502,0
181000,3600,1400,3821.1,1335.95,1.2,13.98,230.19038316141695,12.78,18.01176707053341,0
181000,3600,1400,3680.62,1339.72,1.2,0.01,100.66410879752516,-1.19,9999.0,0
181000,3600,1400,3639.55,1435.78,1.2,10.22,53.333018853239615,9.02,5.912751535835878,0
181000,3600,1400,3472.87,1382.4,1.2,12.96,128.34249841732094,11.760000000000002,10.913477756574908,0
181000,3600,1400,3563.79,1509.85,1.2,18.29,115.6641111149002,17.09,6.767940966348753,0
181000,3600,1400,3415.48,1678.38,1.2,11.19,333.9806203958548,9.99,33.4314935331186,0
181000,3600,1400,3733.1,1404.06,1.2,15.83,133.16190746606168,14.63,9.101975903353498,0
181000,3600,1400,3782.41,1397.19,1.2,14.57,182.431642540432,13.37,13.644849853435453,0
181000,3600,1400,3519.67,1527.06,1.2,7.04,150.32349284127207,5.84,25.740324116656176,0
181000,3600,1400,3662.74,1331.51,1.2,6.34,92.8826555391262,5.14,18.070555552359185,0
181000,3600,1400,4101.48,1320.55,1.2,4.0,507.7346678138096,2.8,181.33380993350343,0
181000,3600,1400,3728.15,1411.61,1.2,1.93,128.6748405866509,0.73,176.26690491322043,0
181000,3600,1400,3546.15,1593.78,1.2,0.0,201.1231237327025,-1.2,9999.0,0
181000,3600,1400,3680.28,1418.17,1.2,0.0,82.3105540012946,-1.2,9999.0,0
181000,3600,1400,3641.18,1411.75,1.2,0.0,42.82353208225574,-1.2,9999.0,0
181000,3600,1400,3658.35,1420.38,1.2,0.0,61.8066897673706,-1.2,9999.0,0
181000,3600,1400,3550.66,1475.0,1.2,0.0,89.77435936836316,-1.2,9999.0,0
181000,3600,1400,3631.53,1422.8,1.2,0.0,38.90990747868736,-1.2,9999.0,0
181000,3600,1400,3665.7,1420.67,1.2,0.0,68.87480598883731,-1.2,9999.0,0
181000,3600,1400,3646.63,1376.07,1.2,0.0,52.41184789720749,-1.2,9999.0,0
181000,3600,1400,3623.12,1435.25,1.2,0.0,42.15562714513918,-1.2,9999.0,0
181000,3600,1400,3581.34,1470.85,1.2,0.0,73.26607741649597,-1.2,9999.0,0
181000,3600,1400,3694.78,1415.19,1.2,0.0,95.98950203017016,-1.2,9999.0,0
181000,3600,1400,3546.39,1481.16,1.2,0.0,97.26755728401956,-1.2,9999.0,0
181000,3600,1400,3647.02,1408.17,1.2,0.0,47.72451466489732,-1.2,9999.0,0
181000,3600,1400,3575.04,1466.79,1.2,0.0,71.30151260667614,-1.2,9999.0,0
181000,3600,1400,3618.93,1441.47,1.2,0.0,45.58624573267683,-1.2,9999.0,0
181000,3600,1400,3641.61,1346.51,1.2,0.0,67.76851924013104,-1.2,9999.0,0
181000,3600,1400,3649.8,1382.79,1.2,0.0,52.68988612627683,-1.2,9999.0,0
181000,3600,1400,3687.53,1416.68,1.2,0.0,89.10512499289835,-1.2,9999.0,0
181000,3600,1400,3642.8,1353.92,1.2,0.0,62.89043170467197,-1.2,9999.0,0
181000,3600,1400,3645.13,1368.74,1.2,0.0,54.89903915370477,-1.2,9999.0,0
181000,3600,1400,3542.11,1487.32,1.2,0.0,104.76657148155596,-1.2,9999.0,0
181000,3600,1400,3633.55,1414.17,1.2,0.0,36.41965678037088,-1.2,9999.0,0
181000,3600,1400,3635.66,1416.73,1.2,0.0,39.38944655615245,-1.2,9999.0,0
181000,3600,1400,3614.73,1447.68,1.2,0.0,49.90345979989771,-1.2,9999.0,0
181000,3600,1400,3569.91,1467.31,1.2,0.0,73.72953410947339,-1.2,9999.0,0
181000,3600,1400,3667.15,1379.5,1.2,0.0,70.20949009927371,-1.2,9999.0,0
181000,3600,1400,3643.98,1361.33,1.2,0.0,58.56286622084004,-1.2,9999.0,0
181000,3600,1400,3678.54,1369.24,1.2,0.0,84.34873561589404,-1.2,9999.0,0
181000,3600,1400,3639.32,1414.35,1.2,0.0,41.856718696047,-1.2,9999.0,0
181000,3600,1400,3610.53,1453.9,1.2,0.0,54.91894846043589,-1.2,9999.0,0
181000,3600,1400,3554.94,1468.84,1.2,0.0,82.27605483978911,-1.2,9999.0,0
181000,3600,1400,3623.32,1429.24,1.2,0.0,37.40053475553536,-1.2,9999.0,0
181000,3600,1400,3660.65,1334.37,1.2,0.0,89.36285246118784,-1.2,9999.0,0
181000,3600,1400,3653.25,1333.37,1.2,0.0,85.29431047848394,-1.2,9999.0,0
181000,3600,1400,3527.76,1508.39,1.2,0.0,130.25747464157283,-1.2,9999.0,0
181000,3600,1400,3553.96,1457.33,1.2,0.0,73.52829727390666,-1.2,9999.0,0
181000,3600,1400,3630.85,1412.44,1.2,0.0,33.26373550880893,-1.2,9999.0,0
181000,3600,1400,3753.68,1679.84,1.2,12.35,319.2615980665384,11.15,28.63332718085546,0
181000,3600,1400,3665.35,1387.46,1.2,0.0,66.54227303000692,-1.2,9999.0,0
181000,3600,1400,3523.73,1514.72,1.2,0.0,137.75990454410166,-1.2,9999.0,0
181000,3600,1400,3548.66,1452.02,1.2,0.0,73.08813857254823,-1.2,9999.0,0
181000,3600,1400,3697.3,1353.53,1.2,0.0,107.82741256285452,-1.2,9999.0,0
181000,3600,1400,3629.24,1420.46,1.2,0.0,35.687381523445914,-1.2,9999.0,0
181000,3600,1400,3619.13,1435.46,1.2,0.0,40.29104739269019,-1.2,9999.0,0
181000,3600,1400,3723.78,1409.24,1.2,0.0,124.12439727950364,-1.2,9999.0,0
181000,3600,1400,3601.24,1592.76,1.2,11.93,192.76398833807104,10.73,17.964956974657134,0
181000,3600,1400,3653.29,1407.08,1.2,0.0,53.75825983046694,-1.2,9999.0,0
182000,3600,1400,3640.64,1410.24,1.2,0.0,41.91022786862403,-1.2,9999.0,0
182000,3600,1400,3700.98,1609.9,1.2,13.73,232.92696366028568,12.53,18.589542191563105,0
182000,3600,1400,3507.61,1540.03,1.2,0.0,167.7626686721452,-1.2,9999.0,0
182000,3600,1400,3645.75,1333.57,1.2,0.0,80.65982519197527,-1.2,9999.0,0
182000,3600,1400,3702.03,1413.71,1.2,0.0,102.947000927662,-1.2,9999.0,0
182000,3600,1400,3537.83,1493.48,1.2,0.0,112.26584208921255,-1.2,9999.0,0
182000,3600,1400,3669.75,1381.38,1.2,0.0,72.19256817706373,-1.2,9999.0,0
182000,3600,1400,3656.14,1401.07,1.2,0.0,56.15019590348715,-1.2,9999.0,0
182000,3600,1400,3567.77,1455.06,1.2,0.0,63.799502349156256,-1.2,9999.0,0
182000,3600,1400,3687.34,1357.09,1.2,0.0,97.31158050304204,-1.2,9999.0,0
182000,3600,1400,3709.28,1412.22,1.2,0.0,109.9611149452389,-1.2,9999.0,0
182000,3600,1400,3630.29,1332.96,1.2,0.0,73.56524790959378,-1.2,9999.0,0
182000,3600,1400,3673.03,1419.66,1.2,0.0,75.6299973555469,-1.2,9999.0,0
182000,3600,1400,3716.53,1410.73,1.2,0.0,117.02296270390715,-1.2,9999.0,0
182000,3600,1400,3680.35,1361.28,1.2,0.0,89.19282986877357,-1.2,9999.0,0
182000,3600,1400,3752.02,1403.44,1.2,0.0,152.05891621342036,-1.2,9999.0,0
182000,3600,1400,3671.55,1373.43,1.2,0.0,76.32409449184459,-1.2,9999.0,0
182000,3600,1400,3623.16,1335.28,1.2,0.0,68.73910095426035,-1.2,9999.0,0
182000,3600,1400,3674.15,1375.31,1.2,0.0,78.15253418795847,-1.2,9999.0,0
182000,3600,1400,3667.8,1336.48,1.2,0.0,92.90656812088164,-1.2,9999.0,0
182000,3600,1400,3511.64,1533.7,1.2,0.0,160.25972544591494,-1.2,9999.0,0
182000,3600,1400,3675.95,1367.36,1.2,0.0,82.66663232526156,-1.2,9999.0,0
182000,3600,1400,3495.53,1559.01,1.2,0.0,190.25814305831943,-1.2,9999.0,0
182000,3600,1400,3682.94,1363.16,1.2,0.0,90.75367320389849,-1.2,9999.0,0
182000,3600,1400,3519.7,1521.05,1.2,0.0,145.2624951596248,-1.2,9999.0,0
182000,3600,1400,3543.36,1446.71,1.2,0.0,73.41603162797611,-1.2,9999.0,0
182000,3600,1400,3503.59,1546.35,1.2,0.0,175.25184906299833,-1.2,9999.0,0
182000,3600,1400,3515.67,1527.37,1.2,0.0,152.75688462390153,-1.2,9999.0,0
182000,3600,1400,3527.4,1430.86,1.2,0.0,78.88662497534028,-1.2,9999.0,0
182000,3600,1400,3627.32,1429.03,1.2,0.0,39.86380940151113,-1.2,9999.0,0
182000,3600,1400,3499.56,1552.68,1.2,0.0,182.75496162895288,-1.2,9999.0,0
182000,3600,1400,3744.67,1404.95,1.2,0.0,144.75465933779134,-1.2,9999.0,0
182000,3600,1400,4071.39,1280.67,1.2,11.96,486.259376259214,10.760000000000002,45.19139184565185,0
182000,3600,1400,3606.33,1460.12,1.2,0.0,60.45232253602823,-1.2,9999.0,0
182000,3600,1400,4092.59,1287.13,1.2,12.2,505.3558597661653,11.0,45.94144179692412,0
182000,3600,1400,3662.76,1385.58,1.2,0.0,64.39529485917453,-1.2,9999.0,0
182000,3600,1400,3828.54,1044.75,1.2,16.78,422.4134160984947,15.580000000000002,27.112542753433544,0
182000,3600,1400,3645.74,1427.04,1.2,8.09,53.13482097457352,6.89,7.711875322869887,0
182000,3600,1400,3703.78,1357.3,1.2,0.0,112.22111387791536,-1.2,9999.0,0
182000,3600,1400,3372.45,1742.55,1.2,4.81,411.2414193633711,3.61,113.91729068237427,0
182000,3600,1400,3815.76,1016.36,1.2,22.11,440.150005339089,20.91,21.049737223294546,0
182000,3600,1400,3816.6,990.31,1.2,9.21,463.4236248833242,8.010000000000002,57.85563356845494,0
182000,3600,1400,3639.17,1324.34,1.2,0.0,85.19814845405983,-1.2,9999.0,0
182000,3600,1400,3674.56,1339.71,1.2,0.0,95.8857533734808,-1.2,9999.0,0
182000,3600,1400,3810.32,972.68,1.2,9.95,476.27395981724646,8.75,54.4313096933996,0
182000,3600,1400,3724.66,1369.46,1.2,13.3,128.3464343096448,12.1,10.607143331375603,0
182000,3600,1400,3833.74,1331.15,1.2,13.52,243.6692637572492,12.32,19.778349330945552,0
182000,3600,1400,3680.62,1339.73,1.2,0.01,100.6581208845068,-1.19,9999.0,0
182000,3600,1400,3632.46,1446.29,1.2,12.68,56.536852583071855,11.48,4.924812942776294,0
182000,3600,1400,3466.81,1376.51,1.2,8.46,135.24554040706855,7.260000000000001,18.628862315023213,0
182000,3600,1400,3574.96,1492.92,1.2,20.29,96.23475463677356,19.09,5.0411081527906525,0
182000,3600,1400,3422.37,1668.17,1.2,12.32,321.66374648070007,11.12,28.926595906537777,0
182000,3600,1400,3750.86,1400.41,1.2,18.13,150.8605571380407,16.93,8.9108421227431,0
182000,3600,1400,3772.55,1399.22,1.2,10.07,172.5517629582499,8.870000000000001,19.453411832948127,0
182000,3600,1400,3514.84,1534.64,1.2,8.99,159.31150366498963,7.79,20.450770688702136,0
182000,3600,1400,3669.46,1333.71,1.2,7.12,96.01591378516376,5.92,16.218904355601985,0
182000,3600,1400,4100.3,1315.35,1.2,5.34,507.4107926522653,4.14,122.56299339426698,0
182000,3600,1400,3724.1,1412.45,1.2,4.08,124.7229429575809,2.88,43.3065774158267,0
182000,3600,1400,3548.26,1593.57,1.2,2.12,200.36559709690675,0.9200000000000002,217.78869249663774,0
182000,3600,1400,3680.28,1418.17,1.2,0.0,82.3105540012946,-1.2,9999.0,0
182000,3600,1400,3641.18,1411.75,1.2,0.0,42.82353208225574,-1.2,9999.0,0
182000,3600,1400,3658.35,1420.38,1.2,0.0,61.8066897673706,-1.2,9999.0,0
182000,3600,1400,3550.66,1475.0,1.2,0.0,89.77435936836316,-1.2,9999.0,0
182000,3600,1400,3631.53,1422.8,1.2,0.0,38.90990747868736,-1.2,9999.0,0
182000,3600,1400,3665.7,1420.67,1.2,0.0,68.87480598883731,-1.2,9999.0,0
182000,3600,1400,3646.63,1376.07,1.2,0.0,52.41184789720749,-1.2,9999.0,0
182000,3600,1400,3623.12,1435.25,1.2,0.0,42.15562714513918,-1.2,9999.0,0
182000,3600,1400,3581.34,1470.85,1.2,0.0,73.26607741649597,-1.2,9999.0,0
182000,3600,1400,3694.78,1415.19,1.2,0.0,95.98950203017016,-1.2,9999.0,0
182000,3600,1400,3546.39,1481.16,1.2,0.0,97.26755728401956,-1.2,9999.0,0
182000,3600,1400,3647.02,1408.17,1.2,0.0,47.72451466489732,-1.2,9999.0,0
182000,3600,1400,3575.04,1466.79,1.2,0.0,71.30151260667614,-1.2,9999.0,0
182000,3600,1400,3618.93,1441.47,1.2,0.0,45.58624573267683,-1.2,9999.0,0
182000,3600,1400,3641.61,1346.51,1.2,0.0,67.76851924013104,-1.2,9999.0,0
182000,3600,1400,3649.8,1382.79,1.2,0.0,52.68988612627683,-1.2,9999.0,0
182000,3600,1400,3687.53,1416.68,1.2,0.0,89.10512499289835,-1.2,9999.0,0
182000,3600,1400,3642.8,1353.92,1.2,0.0,62.89043170467197,-1.2,9999.0,0
182000,3600,1400,3645.13,1368.74,1.2,0.0,54.89903915370477,-1.2,9999.0,0
182000,3600,1400,3542.11,1487.32,1.2,0.0,104.76657148155596,-1.2,9999.0,0
182000,3600,1400,3633.55,1414.17,1.2,0.0,36.41965678037088,-1.2,9999.0,0
182000,3600,1400,3635.66,1416.73,1.2,0.0,39.38944655615245,-1.2,9999.0,0
182000,3600,1400,3614.73,1447.68,1.2,0.0,49.90345979989771,-1.2,9999.0,0
182000,3600,1400,3569.91,1467.31,1.2,0.0,73.72953410947339,-1.2,9999.0,0
182000,3600,1400,3667.15,1379.5,1.2,0.0,70.20949009927371,-1.2,9999.0,0
182000,3600,1400,3643.98,1361.33,1.2,0.0,58.56286622084004,-1.2,9999.0,0
182000,3600,1400,3678.54,1369.24,1.2,0.0,84.34873561589404,-1.2,9999.0,0
182000,3600,1400,3639.32,1414.35,1.2,0.0,41.856718696047,-1.2,9999.0,0
182000,3600,1400,3610.53,1453.9,1.2,0.0,54.91894846043589,-1.2,9999.0,0
182000,3600,1400,3554.94,1468.84,1.2,0.0,82.27605483978911,-1.2,9999.0,0
182000,3600,1400,3623.32,1429.24,1.2,0.0,37.40053475553536,-1.2,9999.0,0
182000,3600,1400,3660.65,1334.37,1.2,0.0,89.36285246118784,-1.2,9999.0,0
182000,3600,1400,3653.25,1333.37,1.2,0.0,85.29431047848394,-1.2,9999.0,0
182000,3600,1400,3527.76,1508.39,1.2,0.0,130.25747464157283,-1.2,9999.0,0
182000,3600,1400,3553.96,1457.33,1.2,0.0,73.52829727390666,-1.2,9999.0,0
182000,3600,1400,3630.85,1412.44,1.2,0.0,33.26373550880893,-1.2,9999.0,0
182000,3600,1400,3741.87,1675.45,1.2,12.68,309.8383439795662,11.48,26.9894027856765,0
182000,3600,1400,3665.35,1387.46,1.2,0.0,66.54227303000692,-1.2,9999.0,0
182000,3600,1400,3523.73,1514.72,1.2,0.0,137.75990454410166,-1.2,9999.0,0
182000,3600,1400,3548.66,1452.02,1.2,0.0,73.08813857254823,-1.2,9999.0,0
182000,3600,1400,3697.3,1353.53,1.2,0.0,107.82741256285452,-1.2,9999.0,0
182000,3600,1400,3629.24,1420.46,1.2,0.0,35.687381523445914,-1.2,9999.0,0
182000,3600,1400,3619.13,1435.46,1.2,0.0,40.29104739269019,-1.2,9999.0,0
182000,3600,1400,3723.78,1409.24,1.2,0.0,124.12439727950364,-1.2,9999.0,0
182000,3600,1400,3589.84,1592.89,1.2,11.4,193.1573910053665,10.2,18.936999118173187,0
182000,3600,1400,3653.29,1407.08,1.2,0.0,53.75825983046694,-1.2,9999.0,0
183000,3600,1400,3640.64,1410.24,1.2,0.0,41.91022786862403,-1.2,9999.0,0
183000,3600,1400,3711.33,1618.63,1.2,13.54,245.3435261016684,12.34,19.88197132104282,0
183000,3600,1400,3507.61,1540.03,1.2,0.0,167.7626686721452,-1.2,9999.0,0
183000,3600,1400,3645.75,1333.57,1.2,0.0,80.65982519197527,-1.2,9999.0,0
183000,3600,1400,3702.03,1413.71,1.2,0.0,102.947000927662,-1.2,9999.0,0
183000,3600,1400,3537.83,1493.48,1.2,0.0,112.26584208921255,-1.2,9999.0,0
183000,3600,1400,3669.75,1381.38,1.2,0.0,72.19256817706373,-1.2,9999.0,0
183000,3600,1400,3656.14,1401.07,1.2,0.0,56.15019590348715,-1.2,9999.0,0
183000,3600,1400,3567.77,1455.06,1.2,0.0,63.799502349156256,-1.2,9999.0,0
183000,3600,1400,3687.34,1357.09,1.2,0.0,97.31158050304204,-1.2,9999.0,0
183000,3600,1400,3709.28,1412.22,1.2,0.0,109.9611149452389,-1.2,9999.0,0
183000,3600,1400,3630.29,1332.96,1.2,0.0,73.56524790959378,-1.2,9999.0,0
183000,3600,1400,3673.03,1419.66,1.2,0.0,75.6299973555469,-1.2,9999.0,0
183000,3600,1400,3716.53,1410.73,1.2,0.0,117.02296270390715,-1.2,9999.0,0
183000,3600,1400,3680.35,1361.28,1.2,0.0,89.19282986877357,-1.2,9999.0,0
183000,3600,1400,3752.02,1403.44,1.2,0.0,152.05891621342036,-1.2,9999.0,0
183000,3600,1400,3671.55,1373.43,1.2,0.0,76.32409449184459,-1.2,9999.0,0
183000,3600,1400,3623.16,1335.28,1.2,0.0,68.73910095426035,-1.2,9999.0,0
183000,3600,1400,3674.15,1375.31,1.2,0.0,78.15253418795847,-1.2,9999.0,0
183000,3600,1400,3667.8,1336.48,1.2,0.0,92.90656812088164,-1.2,9999.0,0
183000,3600,1400,3511.64,1533.7,1.2,0.0,160.25972544591494,-1.2,9999.0,0
183000,3600,1400,3675.95,1367.36,1.2,0.0,82.66663232526156,-1.2,9999.0,0
183000,3600,1400,3495.53,1559.01,1.2,0.0,190.25814305831943,-1.2,9999.0,0
183000,3600,1400,3682.94,1363.16,1.2,0.0,90.75367320389849,-1.2,9999.0,0
183000,3600,1400,3519.7,1521.05,1.2,0.0,145.2624951596248,-1.2,9999.0,0
183000,3600,1400,3543.36,1446.71,1.2,0.0,73.41603162797611,-1.2,9999.0,0
183000,3600,1400,3503.59,1546.35,1.2,0.0,175.25184906299833,-1.2,9999.0,0
183000,3600,1400,3515.67,1527.37,1.2,0.0,152.75688462390153,-1.2,9999.0,0
183000,3600,1400,3527.4,1430.86,1.2,0.0,78.88662497534028,-1.2,9999.0,0
183000,3600,1400,3627.32,1429.03,1.2,0.0,39.86380940151113,-1.2,9999.0,0
183000,3600,1400,3499.56,1552.68,1.2,0.0,182.75496162895288,-1.2,9999.0,0
183000,3600,1400,3744.67,1404.95,1.2,0.0,144.75465933779134,-1.2,9999.0,0
183000,3600,1400,4082.91,1279.8,1.2,11.64,497.6445600024177,10.44,47.66710344850744,0
183000,3600,1400,3606.33,1460.12,1.2,0.0,60.45232253602823,-1.2,9999.0,0
183000,3600,1400,4081.19,1282.81,1.2,12.51,495.254795231707,11.31,43.789106563369316,0
183000,3600,1400,3662.76,1385.58,1.2,0.0,64.39529485917453,-1.2,9999.0,0
183000,3600,1400,3831.87,1063.41,1.2,19.07,408.7254885616994,17.87,22.872159404683796,0
183000,3600,1400,3640.33,1434.62,1.2,9.5,53.151230465530965,8.3,6.403762706690477,0
183000,3600,1400,3703.78,1357.3,1.2,0.0,112.22111387791536,-1.2,9999.0,0
183000,3600,1400,3376.15,1737.02,1.2,6.65,404.5878185264603,5.45,74.23629697733216,0
183000,3600,1400,3812.0,999.23,1.2,17.61,453.3879055510855,16.41,27.628757193850426,0
183000,3600,1400,3818.97,1001.09,1.2,11.07,455.0571931087343,9.87,46.10508542135099,0
183000,3600,1400,3639.17,1324.34,1.2,0.0,85.19814845405983,-1.2,9999.0,0
183000,3600,1400,3674.56,1339.71,1.2,0.0,95.8857533734808,-1.2,9999.0,0
183000,3600,1400,3809.87,967.23,1.2,5.45,480.9732734778513,4.25,113.17018199478855,0
183000,3600,1400,3716.62,1364.78,1.2,9.3,121.82230009320944,8.100000000000001,15.039790134964125,0
183000,3600,1400,3846.84,1328.12,1.2,13.46,257.0928237038134,12.260000000000002,20.970050873067976,0
183000,3600,1400,3680.62,1339.73,1.2,0.0,100.6581208845068,-1.2,9999.0,0
183000,3600,1400,3624.52,1458.07,1.2,14.21,63.03455639567864,13.010000000000002,4.845085041943015,0
183000,3600,1400,3464.36,1373.53,1.2,3.96,138.19866316285396,2.76,50.07197940683115,0
183000,3600,1400,3586.85,1474.68,1.2,21.88,75.82891862607572,20.68,3.6667755621893483,0
183000,3600,1400,3429.29,1657.9,1.2,12.38,309.2803163798176,11.18,27.66371345078869,0
183000,3600,1400,3770.84,1396.3,1.2,20.4,170.88006203182408,19.2,8.900003230824172,0
183000,3600,1400,3765.77,1400.61,1.2,6.92,165.77112233438004,5.72,28.980965443073433,0
183000,3600,1400,3509.08,1543.67,1.2,10.71,170.02210238671924,9.510000000000002,17.878244204702337,0
183000,3600,1400,3672.76,1335.17,1.2,3.61,97.45227806470211,2.41,40.43662990236602,0
183000,3600,1400,4098.75,1308.68,1.2,6.85,507.04132464721255,5.65,89.74182737118805,0
183000,3600,1400,3717.72,1413.76,1.2,6.42,118.5214579728074,5.22,22.705260148047394,0
183000,3600,1400,3551.87,1593.22,1.2,3.63,199.12424588683325,2.43,81.94413410980792,0
183000,3600,1400,3816.65,971.67,1.2,0.0,480.0039701919142,-1.2,9999.0,0
183000,3600,1400,3680.28,1418.17,1.2,0.0,82.3105540012946,-1.2,9999.0,0
183000,3600,1400,3641.18,1411.75,1.2,0.0,42.82353208225574,-1.2,9999.0,0
183000,3600,1400,3658.35,1420.38,1.2,0.0,61.8066897673706,-1.2,9999.0,0
183000,3600,1400,3550.66,1475.0,1.2,0.0,89.77435936836316,-1.2,9999.0,0
183000,3600,1400,3631.53,1422.8,1.2,0.0,38.90990747868736,-1.2,9999.0,0
183000,3600,1400,3665.7,1420.67,1.2,0.0,68.87480598883731,-1.2,9999.0,0
183000,3600,1400,3646.63,1376.07,1.2,0.0,52.41184789720749,-1.2,9999.0,0
183000,3600,1400,3623.12,1435.25,1.2,0.0,42.15562714513918,-1.2,9999.0,0
183000,3600,1400,3581.34,1470.85,1.2,0.0,73.26607741649597,-1.2,9999.0,0
183000,3600,1400,3694.78,1415.19,1.2,0.0,95.98950203017016,-1.2,9999.0,0
183000,3600,1400,3546.39,1481.16,1.2,0.0,97.26755728401956,-1.2,9999.0,0
183000,3600,1400,3647.02,1408.17,1.2,0.0,47.72451466489732,-1.2,9999.0,0
183000,3600,1400,3575.04,1466.79,1.2,0.0,71.30151260667614,-1.2,9999.0,0
183000,3600,1400,3618.93,1441.47,1.2,0.0,45.58624573267683,-1.2,9999.0,0
183000,3600,1400,3641.61,1346.51,1.2,0.0,67.76851924013104,-1.2,9999.0,0
183000,3600,1400,3649.8,1382.79,1.2,0.0,52.68988612627683,-1.2,9999.0,0
183000,3600,1400,3687.53,1416.68,1.2,0.0,89.10512499289835,-1.2,9999.0,0
183000,3600,1400,3642.8,1353.92,1.2,0.0,62.89043170467197,-1.2,9999.0,0
183000,3600,1400,3645.13,1368.74,1.2,0.0,54.89903915370477,-1.2,9999.0,0
183000,3600,1400,3542.11,1487.32,1.2,0.0,104.76657148155596,-1.2,9999.0,0
183000,3600,1400,3633.55,1414.17,1.2,0.0,36.41965678037088,-1.2,9999.0,0
183000,3600,1400,3635.66,1416.73,1.2,0.0,39.38944655615245,-1.2,9999.0,0
183000,3600,1400,3614.73,1447.68,1.2,0.0,49.90345979989771,-1.2,9999.0,0
183000,3600,1400,3569.91,1467.31,1.2,0.0,73.72953410947339,-1.2,9999.0,0
183000,3600,1400,3667.15,1379.5,1.2,0.0,70.20949009927371,-1.2,9999.0,0
183000,3600,1400,3643.98,1361.33,1.2,0.0,58.56286622084004,-1.2,9999.0,0
183000,3600,1400,3678.54,1369.24,1.2,0.0,84.34873561589404,-1.2,9999.0,0
183000,3600,1400,3639.32,1414.35,1.2,0.0,41.856718696047,-1.2,9999.0,0
183000,3600,1400,3610.53,1453.9,1.2,0.0,54.91894846043589,-1.2,9999.0,0
183000,3600,1400,3554.94,1468.84,1.2,0.0,82.27605483978911,-1.2,9999.0,0
183000,3600,1400,3623.32,1429.24,1.2,0.0,37.40053475553536,-1.2,9999.0,0
183000,3600,1400,3660.65,1334.37,1.2,0.0,89.36285246118784,-1.2,9999.0,0
183000,3600,1400,3653.25,1333.37,1.2,0.0,85.29431047848394,-1.2,9999.0,0
183000,3600,1400,3527.76,1508.39,1.2,0.0,130.25747464157283,-1.2,9999.0,0
183000,3600,1400,3553.96,1457.33,1.2,0.0,73.52829727390666,-1.2,9999.0,0
183000,3600,1400,3630.85,1412.44,1.2,0.0,33.26373550880893,-1.2,9999.0,0
183000,3600,1400,3733.85,1666.05,1.2,12.51,297.82280805875155,11.31,26.33269744109209,0
183000,3600,1400,3665.35,1387.46,1.2,0.0,66.54227303000692,-1.2,9999.0,0
183000,3600,1400,3523.73,1514.72,1.2,0.0,137.75990454410166,-1.2,9999.0,0
183000,3600,1400,3548.66,1452.02,1.2,0.0,73.08813857254823,-1.2,9999.0,0
183000,3600,1400,3697.3,1353.53,1.2,0.0,107.82741256285452,-1.2,9999.0,0
183000,3600,1400,3629.24,1420.46,1.2,0.0,35.687381523445914,-1.2,9999.0,0
183000,3600,1400,3619.13,1435.46,1.2,0.0,40.29104739269019,-1.2,9999.0,0
183000,3600,1400,3723.78,1409.24,1.2,0.0,124.12439727950364,-1.2,9999.0,0
183000,3600,1400,3578.32,1593.84,1.2,11.56,195.0486298336904,10.36,18.82708782178479,0
183000,3600,1400,3653.29,1407.08,1.2,0.0,53.75825983046694,-1.2,9999.0,0
184000,3600,1400,3640.64,1410.24,1.2,0.0,41.91022786862403,-1.2,9999.0,0
184000,3600,1400,3721.97,1627.61,1.2,13.93,258.2305036203119,12.73,20.285192743150972,0
184000,3600,1400,3507.61,1540.03,1.2,0.0,167.7626686721452,-1.2,9999.0,0
184000,3600,1400,3645.75,1333.57,1.2,0.0,80.65982519197527,-1.2,9999.0,0
184000,3600,1400,3702.03,1413.71,1.2,0.0,102.947000927662,-1.2,9999.0,0
184000,3600,1400,3537.83,1493.48,1.2,0.0,112.26584208921255,-1.2,9999.0,0
184000,3600,1400,3669.75,1381.38,1.2,0.0,72.19256817706373,-1.2,9999.0,0
184000,3600,1400,3656.14,1401.07,1.2,0.0,56.15019590348715,-1.2,9999.0,0
184000,3600,1400,3567.77,1455.06,1.2,0.0,63.799502349156256,-1.2,9999.0,0
184000,3600,1400,3687.34,1357.09,1.2,0.0,97.31158050304204,-1.2,9999.0,0
184000,3600,1400,3709.28,1412.22,1.2,0.0,109.9611149452389,-1.2,9999.0,0
184000,3600,1400,3630.29,1332.96,1.2,0.0,73.56524790959378,-1.2,9999.0,0
184000,3600,1400,3673.03,1419.66,1.2,0.0,75.6299973555469,-1.2,9999.0,0
184000,3600,1400,3716.53,1410.73,1.2,0.0,117.02296270390715,-1.2,9999.0,0
184000,3600,1400,3680.35,1361.28,1.2,0.0,89.19282986877357,-1.2,9999.0,0
184000,3600,1400,3752.02,1403.44,1.2,0.0,152.05891621342036,-1.2,9999.0,0
184000,3600,1400,3671.55,1373.43,1.2,0.0,76.32409449184459,-1.2,9999.0,0
184000,3600,1400,3623.16,1335.28,1.2,0.0,68.73910095426035,-1.2,9999.0,0
184000,3600,1400,3674.15,1375.31,1.2,0.0,78.15253418795847,-1.2,9999.0,0
184000,3600,1400,3667.8,1336.48,1.2,0.0,92.90656812088164,-1.2,9999.0,0
184000,3600,1400,3511.64,1533.7,1.2,0.0,160.25972544591494,-1.2,9999.0,0
184000,3600,1400,3675.95,1367.36,1.2,0.0,82.66663232526156,-1.2,9999.0,0
184000,3600,1400,3495.53,1559.01,1.2,0.0,190.25814305831943,-1.2,9999.0,0
184000,3600,1400,3682.94,1363.16,1.2,0.0,90.75367320389849,-1.2,9999.0,0
184000,3600,1400,3519.7,1521.05,1.2,0.0,145.2624951596248,-1.2,9999.0,0
184000,3600,1400,3543.36,1446.71,1.2,0.0,73.41603162797611,-1.2,9999.0,0
184000,3600,1400,3503.59,1546.35,1.2,0.0,175.25184906299833,-1.2,9999.0,0
184000,3600,1400,3515.67,1527.37,1.2,0.0,152.75688462390153,-1.2,9999.0,0
184000,3600,1400,3527.4,1430.86,1.2,0.0,78.88662497534028,-1.2,9999.0,0
184000,3600,1400,3627.32,1429.03,1.2,0.0,39.86380940151113,-1.2,9999.0,0
184000,3600,1400,3499.56,1552.68,1.2,0.0,182.75496162895288,-1.2,9999.0,0
184000,3600,1400,3744.67,1404.95,1.2,0.0,144.75465933779134,-1.2,9999.0,0
184000,3600,1400,4093.81,1283.91,1.2,11.86,507.2723175967716,10.66,47.586521350541425,0
184000,3600,1400,3606.33,1460.12,1.2,0.0,60.45232253602823,-1.2,9999.0,0
184000,3600,1400,4068.67,1284.4,1.2,12.68,482.7161991273962,11.48,42.04844940134113,0
184000,3600,1400,3662.76,1385.58,1.2,0.0,64.39529485917453,-1.2,9999.0,0
184000,3600,1400,3832.9,1083.8,1.2,20.5,392.7147183388981,19.3,20.34791286730042,0
184000,3600,1400,3633.75,1444.38,1.2,11.77,55.7552410092541,10.57,5.2748572383400285,0
184000,3600,1400,3703.78,1357.3,1.2,0.0,112.22111387791536,-1.2,9999.0,0
184000,3600,1400,3380.65,1730.29,1.2,8.1,396.4920006759278,6.9,57.462608793612716,0
184000,3600,1400,3809.2,986.48,1.2,13.11,463.4257550028914,11.91,38.9106427374384,0
184000,3600,1400,3821.85,1014.24,1.2,13.51,445.0035956034512,12.31,36.149764062018775,0
184000,3600,1400,3639.17,1324.34,1.2,0.0,85.19814845405983,-1.2,9999.0,0
184000,3600,1400,3674.56,1339.71,1.2,0.0,95.8857533734808,-1.2,9999.0,0
184000,3600,1400,3811.87,965.59,1.2,3.07,483.32281655225006,1.87,258.46139922580215,0
184000,3600,1400,3711.9,1362.03,1.2,5.47,118.1665388339695,4.27,27.673662490390985,0
184000,3600,1400,3860.45,1325.28,1.2,13.9,270.95623428886057,12.7,21.335136558178,0
184000,3600,1400,3680.62,1339.73,1.2,0.0,100.6581208845068,-1.2,9999.0,0
184000,3600,1400,3615.44,1471.52,1.2,16.22,73.16764312180624,15.02,4.871347744461135,0
184000,3600,1400,3465.8,1371.82,1.2,2.93,137.12677492014444,1.7300000000000002,79.26403174574823,0
184000,3600,1400,3598.11,1455.15,1.2,22.73,55.18237580967323,21.53,2.5630457877228623,0
184000,3600,1400,3436.16,1647.71,1.2,12.29,296.991228321646,11.09,26.780092725125883,0
184000,3600,1400,3793.21,1391.7,1.2,22.84,193.38819534811324,21.64,8.936607918119835,0
184000,3600,1400,3763.09,1401.16,1.2,2.74,163.0941252773994,1.5400000000000005,105.90527615415542,0
184000,3600,1400,3502.59,1553.86,1.2,12.08,182.10328854801045,10.88,16.737434609192135,0
184000,3600,1400,3673.74,1335.61,1.2,1.07,97.89616795360268,-0.1299999999999999,9999.0,0
184000,3600,1400,4096.86,1300.53,1.2,8.37,506.7189955981517,7.169999999999999,70.67210538328477,0
184000,3600,1400,3708.97,1415.55,1.2,8.82,110.07389972195932,7.62,14.445393664299123,0
184000,3600,1400,3557.48,1592.67,1.2,5.63,197.30605489948863,4.43,44.53861284412836,0
184000,3600,1400,3816.86,974.15,1.2,2.48,477.8875203434382,1.28,373.3496252683111,0
184000,3600,1400,3497.97,1607.76,1.2,0.0,231.4613110219504,-1.2,9999.0,0
184000,3600,1400,3680.28,1418.17,1.2,0.0,82.3105540012946,-1.2,9999.0,0
184000,3600,1400,3641.18,1411.75,1.2,0.0,42.82353208225574,-1.2,9999.0,0
184000,3600,1400,3658.35,1420.38,1.2,0.0,61.8066897673706,-1.2,9999.0,0
184000,3600,1400,3550.66,1475.0,1.2,0.0,89.77435936836316,-1.2,9999.0,0
184000,3600,1400,3631.53,1422.8,1.2,0.0,38.90990747868736,-1.2,9999.0,0
184000,3600,1400,3665.7,1420.67,1.2,0.0,68.87480598883731,-1.2,9999.0,0
184000,3600,1400,3646.63,1376.07,1.2,0.0,52.41184789720749,-1.2,9999.0,0
184000,3600,1400,3623.12,1435.25,1.2,0.0,42.15562714513918,-1.2,9999.0,0
184000,3600,1400,3581.34,1470.85,1.2,0.0,73.26607741649597,-1.2,9999.0,0
184000,3600,1400,3694.78,1415.19,1.2,0.0,95.98950203017016,-1.2,9999.0,0
184000,3600,1400,3546.39,1481.16,1.2,0.0,97.26755728401956,-1.2,9999.0,0
184000,3600,1400,3647.02,1408.17,1.2,0.0,47.72451466489732,-1.2,9999.0,0
184000,3600,1400,3575.04,1466.79,1.2,0.0,71.30151260667614,-1.2,9999.0,0
184000,3600,1400,3618.93,1441.47,1.2,0.0,45.58624573267683,-1.2,9999.0,0
184000,3600,1400,3641.61,1346.51,1.2,0.0,67.76851924013104,-1.2,9999.0,0
184000,3600,1400,3649.8,1382.79,1.2,0.0,52.68988612627683,-1.2,9999.0,0
184000,3600,1400,3687.53,1416.68,1.2,0.0,89.10512499289835,-1.2,9999.0,0
184000,3600,1400,3642.8,1353.92,1.2,0.0,62.89043170467197,-1.2,9999.0,0
184000,3600,1400,3645.13,1368.74,1.2,0.0,54.89903915370477,-1.2,9999.0,0
184000,3600,1400,3542.11,1487.32,1.2,0.0,104.76657148155596,-1.2,9999.0,0
184000,3600,1400,3633.55,1414.17,1.2,0.0,36.41965678037088,-1.2,9999.0,0
184000,3600,1400,3635.66,1416.73,1.2,0.0,39.38944655615245,-1.2,9999.0,0
184000,3600,1400,3614.73,1447.68,1.2,0.0,49.90345979989771,-1.2,9999.0,0
184000,3600,1400,3569.91,1467.31,1.2,0.0,73.72953410947339,-1.2,9999.0,0
184000,3600,1400,3667.15,1379.5,1.2,0.0,70.20949009927371,-1.2,9999.0,0
184000,3600,1400,3643.98,1361.33,1.2,0.0,58.56286622084004,-1.2,9999.0,0
184000,3600,1400,3678.54,1369.24,1.2,0.0,84.34873561589404,-1.2,9999.0,0
184000,3600,1400,3639.32,1414.35,1.2,0.0,41.856718696047,-1.2,9999.0,0
184000,3600,1400,3610.53,1453.9,1.2,0.0,54.91894846043589,-1.2,9999.0,0
184000,3600,1400,3554.94,1468.84,1.2,0.0,82.27605483978911,-1.2,9999.0,0
184000,3600,1400,3623.32,1429.24,1.2,0.0,37.40053475553536,-1.2,9999.0,0
184000,3600,1400,3660.65,1334.37,1.2,0.0,89.36285246118784,-1.2,9999.0,0
184000,3600,1400,3653.25,1333.37,1.2,0.0,85.29431047848394,-1.2,9999.0,0
184000,3600,1400,3527.76,1508.39,1.2,0.0,130.25747464157283,-1.2,9999.0,0
184000,3600,1400,3553.96,1457.33,1.2,0.0,73.52829727390666,-1.2,9999.0,0
184000,3600,1400,3630.85,1412.44,1.2,0.0,33.26373550880893,-1.2,9999.0,0
184000,3600,1400,3729.38,1654.42,1.2,12.5,285.42726008564784,11.3,25.259049565101577,0
184000,3600,1400,3665.35,1387.46,1.2,0.0,66.54227303000692,-1.2,9999.0,0
184000,3600,1400,3523.73,1514.72,1.2,0.0,137.75990454410166,-1.2,9999.0,0
184000,3600,1400,3548.66,1452.02,1.2,0.0,73.08813857254823,-1.2,9999.0,0
184000,3600,1400,3697.3,1353.53,1.2,0.0,107.82741256285452,-1.2,9999.0,0
184000,3600,1400,3629.24,1420.46,1.2,0.0,35.687381523445914,-1.2,9999.0,0
184000,3600,1400,3619.13,1435.46,1.2,0.0,40.29104739269019,-1.2,9999.0,0
184000,3600,1400,3723.78,1409.24,1.2,0.0,124.12439727950364,-1.2,9999.0,0
184000,3600,1400,3566.76,1594.97,1.2,11.62,197.7832108648254,10.42,18.981114286451575,0
184000,3600,1400,3653.29,1407.08,1.2,0.0,53.75825983046694,-1.2,9999.0,0
185000,3600,1400,3640.64,1410.24,1.2,0.0,41.91022786862403,-1.2,9999.0,0
185000,3600,1400,3729.23,1638.92,1.2,13.63,271.63055663897615,12.43,21.852820324937742,0
185000,3600,1400,3507.61,1540.03,1.2,0.0,167.7626686721452,-1.2,9999.0,0
185000,3600,1400,3645.75,1333.57,1.2,0.0,80.65982519197527,-1.2,9999.0,0
185000,3600,1400,3702.03,1413.71,1.2,0.0,102.947000927662,-1.2,9999.0,0
185000,3600,1400,3537.83,1493.48,1.2,0.0,112.26584208921255,-1.2,9999.0,0
185000,3600,1400,3669.75,1381.38,1.2,0.0,72.19256817706373,-1.2,9999.0,0
185000,3600,1400,3656.14,1401.07,1.2,0.0,56.15019590348715,-1.2,9999.0,0
185000,3600,1400,3567.77,1455.06,1.2,0.0,63.799502349156256,-1.2,9999.0,0
185000,3600,1400,3687.34,1357.09,1.2,0.0,97.31158050304204,-1.2,9999.0,0
185000,3600,1400,3709.28,1412.22,1.2,0.0,109.9611149452389,-1.2,9999.0,0
185000,3600,1400,3630.29,1332.96,1.2,0.0,73.56524790959378,-1.2,9999.0,0
185000,3600,1400,3673.03,1419.66,1.2,0.0,75.6299973555469,-1.2,9999.0,0
185000,3600,1400,3716.53,1410.73,1.2,0.0,117.02296270390715,-1.2,9999.0,0
185000,3600,1400,3680.35,1361.28,1.2,0.0,89.19282986877357,-1.2,9999.0,0
185000,3600,1400,3752.02,1403.44,1.2,0.0,152.05891621342036,-1.2,9999.0,0
185000,3600,1400,3671.55,1373.43,1.2,0.0,76.32409449184459,-1.2,9999.0,0
185000,3600,1400,3623.16,1335.28,1.2,0.0,68.73910095426035,-1.2,9999.0,0
185000,3600,1400,3674.15,1375.31,1.2,0.0,78.15253418795847,-1.2,9999.0,0
185000,3600,1400,3667.8,1336.48,1.2,0.0,92.90656812088164,-1.2,9999.0,0
185000,3600,1400,3511.64,1533.7,1.2,0.0,160.25972544591494,-1.2,9999.0,0
185000,3600,1400,3675.95,1367.36,1.2,0.0,82.66663232526156,-1.2,9999.0,0
185000,3600,1400,3495.53,1559.01,1.2,0.0,190.25814305831943,-1.2,9999.0,0
185000,3600,1400,3682.94,1363.16,1.2,0.0,90.75367320389849,-1.2,9999.0,0
185000,3600,1400,3519.7,1521.05,1.2,0.0,145.2624951596248,-1.2,9999.0,0
185000,3600,1400,3543.36,1446.71,1.2,0.0,73.41603162797611,-1.2,9999.0,0
185000,3600,1400,3503.59,1546.35,1.2,0.0,175.25184906299833,-1.2,9999.0,0
185000,3600,1400,3515.67,1527.37,1.2,0.0,152.75688462390153,-1.2,9999.0,0
185000,3600,1400,3527.4,1430.86,1.2,0.0,78.88662497534028,-1.2,9999.0,0
185000,3600,1400,3627.32,1429.03,1.2,0.0,39.86380940151113,-1.2,9999.0,0
185000,3600,1400,3499.56,1552.68,1.2,0.0,182.75496162895288,-1.2,9999.0,0
185000,3600,1400,3744.67,1404.95,1.2,0.0,144.75465933779134,-1.2,9999.0,0
185000,3600,1400,4098.62,1293.93,1.2,11.4,509.77715651056775,10.2,49.97815259907527,0
185000,3600,1400,3606.33,1460.12,1.2,0.0,60.45232253602823,-1.2,9999.0,0
185000,3600,1400,4055.95,1287.0,1.2,12.98,469.7439754802608,11.78,39.876398597645235,0
185000,3600,1400,3662.76,1385.58,1.2,0.0,64.39529485917453,-1.2,9999.0,0
185000,3600,1400,3831.27,1105.62,1.2,22.03,374.3599835719626,20.83,17.9721547562152,0
185000,3600,1400,3625.81,1456.16,1.2,14.21,61.806971289653134,13.010000000000002,4.750728000741978,0
185000,3600,1400,3703.78,1357.3,1.2,0.0,112.22111387791536,-1.2,9999.0,0
185000,3600,1400,3386.51,1721.54,1.2,10.53,385.9610753690064,9.33,41.367746556163596,0
185000,3600,1400,3807.06,972.16,1.2,14.56,475.3113813070333,13.36,35.57719919962824,0
185000,3600,1400,3825.24,1029.72,1.2,15.91,433.4055098865264,14.71,29.46332494130023,0
185000,3600,1400,3639.17,1324.34,1.2,0.0,85.19814845405983,-1.2,9999.0,0
185000,3600,1400,3674.56,1339.71,1.2,0.0,95.8857533734808,-1.2,9999.0,0
185000,3600,1400,3813.14,968.06,1.2,2.99,481.6646376889215,1.7900000000000005,269.0863897703471,0
185000,3600,1400,3710.74,1361.36,1.2,1.33,117.28766857602704,0.1300000000000001,902.2128352002075,0
185000,3600,1400,3873.6,1322.54,1.2,13.43,284.353673442071,12.23,23.250504778583075,0
185000,3600,1400,3680.62,1339.73,1.2,0.0,100.6581208845068,-1.2,9999.0,0
185000,3600,1400,3605.36,1486.45,1.2,18.01,86.61600371755793,16.810000000000002,5.152647454940983,0
185000,3600,1400,3468.32,1373.52,1.2,3.15,134.31609285562158,1.95,68.88004761826748,0
185000,3600,1400,3608.31,1440.04,1.2,18.23,40.89324760886565,17.03,2.401247657596339,0
185000,3600,1400,3442.54,1638.25,1.2,11.41,285.5813616117131,10.21,27.970750402714305,0
185000,3600,1400,3817.36,1386.74,1.2,24.65,217.7640861115534,23.45,9.286314972774132,0
185000,3600,1400,3762.92,1401.2,1.2,0.17,162.9244192869811,-1.03,9999.0,0
185000,3600,1400,3495.41,1565.14,1.2,13.38,195.4745193113416,12.18,16.04881110930555,0
185000,3600,1400,3674.09,1335.79,1.2,0.4,98.04209402088486,-0.7999999999999999,9999.0,0
185000,3600,1400,4093.94,1290.33,1.2,10.64,505.9686082159644,9.44,53.59836951440301,0
185000,3600,1400,3697.9,1417.83,1.2,11.15,99.5103959393189,9.95,10.001044818022,0
185000,3600,1400,3564.99,1591.93,1.2,7.55,195.096963072212,6.35,30.723931192474332,0
185000,3600,1400,3817.43,979.18,1.2,5.05,473.67212003663457,3.85,123.03171949003494,0
185000,3600,1400,3501.96,1607.44,1.2,2.4,229.44104950945464,1.2,191.2008745912122,0
185000,3600,1400,3528.26,1513.57,1.2,0.0,134.33083227613812,-1.2,9999.0,0
185000,3600,1400,3680.28,1418.17,1.2,0.0,82.3105540012946,-1.2,9999.0,0
185000,3600,1400,3641.18,1411.75,1.2,0.0,42.82353208225574,-1.2,9999.0,0
185000,3600,1400,3658.35,1420.38,1.2,0.0,61.8066897673706,-1.2,9999.0,0
185000,3600,1400,3550.66,1475.0,1.2,0.0,89.77435936836316,-1.2,9999.0,0
185000,3600,1400,3631.53,1422.8,1.2,0.0,38.90990747868736,-1.2,9999.0,0
185000,3600,1400,3665.7,1420.67,1.2,0.0,68.87480598883731,-1.2,9999.0,0
185000,3600,1400,3646.63,1376.07,1.2,0.0,52.41184789720749,-1.2,9999.0,0
185000,3600,1400,3623.12,1435.25,1.2,0.0,42.15562714513918,-1.2,9999.0,0
185000,3600,1400,3581.34,1470.85,1.2,0.0,73.26607741649597,-1.2,9999.0,0
185000,3600,1400,3694.78,1415.19,1.2,0.0,95.98950203017016,-1.2,9999.0,0
185000,3600,1400,3546.39,1481.16,1.2,0.0,97.26755728401956,-1.2,9999.0,0
185000,3600,1400,3647.02,1408.17,1.2,0.0,47.72451466489732,-1.2,9999.0,0
185000,3600,1400,3575.04,1466.79,1.2,0.0,71.30151260667614,-1.2,9999.0,0
185000,3600,1400,3618.93,1441.47,1.2,0.0,45.58624573267683,-1.2,9999.0,0
185000,3600,1400,3641.61,1346.51,1.2,0.0,67.76851924013104,-1.2,9999.0,0
185000,3600,1400,3649.8,1382.79,1.2,0.0,52.68988612627683,-1.2,9999.0,0
185000,3600,1400,3687.53,1416.68,1.2,0.0,89.10512499289835,-1.2,9999.0,0
185000,3600,1400,3642.8,1353.92,1.2,0.0,62.89043170467197,-1.2,9999.0,0
185000,3600,1400,3645.13,1368.74,1.2,0.0,54.89903915370477,-1.2,9999.0,0
185000,3600,1400,3542.11,1487.32,1.2,0.0,104.76657148155596,-1.2,9999.0,0
185000,3600,1400,3633.55,1414.17,1.2,0.0,36.41965678037088,-1.2,9999.0,0
185000,3600,1400,3635.66,1416.73,1.2,0.0,39.38944655615245,-1.2,9999.0,0
185000,3600,1400,3614.73,1447.68,1.2,0.0,49.90345979989771,-1.2,9999.0,0
185000,3600,1400,3569.91,1467.31,1.2,0.0,73.72953410947339,-1.2,9999.0,0
185000,3600,1400,3667.15,1379.5,1.2,0.0,70.20949009927371,-1.2,9999.0,0
185000,3600,1400,3643.98,1361.33,1.2,0.0,58.56286622084004,-1.2,9999.0,0
185000,3600,1400,3678.54,1369.24,1.2,0.0,84.34873561589404,-1.2,9999.0,0
185000,3600,1400,3639.32,1414.35,1.2,0.0,41.856718696047,-1.2,9999.0,0
185000,3600,1400,3610.53,1453.9,1.2,0.0,54.91894846043589,-1.2,9999.0,0
185000,3600,1400,3554.94,1468.84,1.2,0.0,82.27605483978911,-1.2,9999.0,0
185000,3600,1400,3623.32,1429.24,1.2,0.0,37.40053475553536,-1.2,9999.0,0
185000,3600,1400,3660.65,1334.37,1.2,0.0,89.36285246118784,-1.2,9999.0,0
185000,3600,1400,3653.25,1333.37,1.2,0.0,85.29431047848394,-1.2,9999.0,0
185000,3600,1400,3527.76,1508.39,1.2,0.0,130.25747464157283,-1.2,9999.0,0
185000,3600,1400,3553.96,1457.33,1.2,0.0,73.52829727390666,-1.2,9999.0,0
185000,3600,1400,3630.85,1412.44,1.2,0.0,33.26373550880893,-1.2,9999.0,0
185000,3600,1400,3726.69,1641.9,1.2,12.81,273.0676950867679,11.61,23.520042643132467,0
185000,3600,1400,3665.35,1387.46,1.2,0.0,66.54227303000692,-1.2,9999.0,0
185000,3600,1400,3523.73,1514.72,1.2,0.0,137.75990454410166,-1.2,9999.0,0
185000,3600,1400,3548.66,1452.02,1.2,0.0,73.08813857254823,-1.2,9999.0,0
185000,3600,1400,3697.3,1353.53,1.2,0.0,107.82741256285452,-1.2,9999.0,0
185000,3600,1400,3629.24,1420.46,1.2,0.0,35.687381523445914,-1.2,9999.0,0
185000,3600,1400,3619.13,1435.46,1.2,0.0,40.29104739269019,-1.2,9999.0,0
185000,3600,1400,3723.78,1409.24,1.2,0.0,124.12439727950364,-1.2,9999.0,0
185000,3600,1400,3554.43,1596.17,1.2,12.38,201.3933807253854,11.18,18.013719206206208,0
185000,3600,1400,3653.29,1407.08,1.2,0.0,53.75825983046694,-1.2,9999.0,0
186000,3600,1400,3640.64,1410.24,1.2,0.0,41.91022786862403,-1.2,9999.0,0
186000,3600,1400,3732.06,1651.69,1.2,13.09,284.231771095351,11.89,23.90511110978562,0
186000,3600,1400,3507.61,1540.03,1.2,0.0,167.7626686721452,-1.2,9999.0,0
186000,3600,1400,3645.75,1333.57,1.2,0.0,80.65982519197527,-1.2,9999.0,0
186000,3600,1400,3702.03,1413.71,1.2,0.0,102.947000927662,-1.2,9999.0,0
186000,3600,1400,3537.83,1493.48,1.2,0.0,112.26584208921255,-1.2,9999.0,0
186000,3600,1400,3669.75,1381.38,1.2,0.0,72.19256817706373,-1.2,9999.0,0
186000,3600,1400,3656.14,1401.07,1.2,0.0,56.15019590348715,-1.2,9999.0,0
186000,3600,1400,3567.77,1455.06,1.2,0.0,63.799502349156256,-1.2,9999.0,0
186000,3600,1400,3687.34,1357.09,1.2,0.0,97.31158050304204,-1.2,9999.0,0
186000,3600,1400,3709.28,1412.22,1.2,0.0,109.9611149452389,-1.2,9999.0,0
186000,3600,1400,3630.29,1332.96,1.2,0.0,73.56524790959378,-1.2,9999.0,0
186000,3600,1400,3673.03,1419.66,1.2,0.0,75.6299973555469,-1.2,9999.0,0
186000,3600,1400,3716.53,1410.73,1.2,0.0,117.02296270390715,-1.2,9999.0,0
186000,3600,1400,3680.35,1361.28,1.2,0.0,89.19282986877357,-1.2,9999.0,0
186000,3600,1400,3752.02,1403.44,1.2,0.0,152.05891621342036,-1.2,9999.0,0
186000,3600,1400,3671.55,1373.43,1.2,0.0,76.32409449184459,-1.2,9999.0,0
186000,3600,1400,3623.16,1335.28,1.2,0.0,68.73910095426035,-1.2,9999.0,0
186000,3600,1400,3674.15,1375.31,1.2,0.0,78.15253418795847,-1.2,9999.0,0
186000,3600,1400,3667.8,1336.48,1.2,0.0,92.90656812088164,-1.2,9999.0,0
186000,3600,1400,3511.64,1533.7,1.2,0.0,160.25972544591494,-1.2,9999.0,0
186000,3600,1400,3675.95,1367.36,1.2,0.0,82.66663232526156,-1.2,9999.0,0
186000,3600,1400,3495.53,1559.01,1.2,0.0,190.25814305831943,-1.2,9999.0,0
186000,3600,1400,3682.94,1363.16,1.2,0.0,90.75367320389849,-1.2,9999.0,0
186000,3600,1400,3519.7,1521.05,1.2,0.0,145.2624951596248,-1.2,9999.0,0
186000,3600,1400,3543.36,1446.71,1.2,0.0,73.41603162797611,-1.2,9999.0,0
186000,3600,1400,3503.59,1546.35,1.2,0.0,175.25184906299833,-1.2,9999.0,0
186000,3600,1400,3515.67,1527.37,1.2,0.0,152.75688462390153,-1.2,9999.0,0
186000,3600,1400,3527.4,1430.86,1.2,0.0,78.88662497534028,-1.2,9999.0,0
186000,3600,1400,3627.32,1429.03,1.2,0.0,39.86380940151113,-1.2,9999.0,0
186000,3600,1400,3499.56,1552.68,1.2,0.0,182.75496162895288,-1.2,9999.0,0
186000,3600,1400,3744.67,1404.95,1.2,0.0,144.75465933779134,-1.2,9999.0,0
186000,3600,1400,4101.36,1305.72,1.2,12.1,510.14759432932703,10.9,46.80253158984652,0
186000,3600,1400,3606.33,1460.12,1.2,0.0,60.45232253602823,-1.2,9999.0,0
186000,3600,1400,4043.34,1289.56,1.2,12.86,456.888771146764,11.66,39.18428569011698,0
186000,3600,1400,3662.76,1385.58,1.2,0.0,64.39529485917453,-1.2,9999.0,0
186000,3600,1400,3826.11,1128.47,1.2,23.61,353.3472413929392,22.41,15.767391405307418,0
186000,3600,1400,3617.09,1469.08,1.2,15.58,71.16259199888657,14.38,4.948719888656924,0
186000,3600,1400,3703.78,1357.3,1.2,0.0,112.22111387791536,-1.2,9999.0,0
186000,3600,1400,3393.27,1711.43,1.2,12.16,373.7993282497977,10.96,34.10577812498154,0
186000,3600,1400,3828.99,1046.82,1.2,17.58,420.9186768248707,16.38,25.697110917269278,0
186000,3600,1400,3639.17,1324.34,1.2,0.0,85.19814845405983,-1.2,9999.0,0
186000,3600,1400,3674.56,1339.71,1.2,0.0,95.8857533734808,-1.2,9999.0,0
186000,3600,1400,3813.56,973.03,1.2,5.01,477.4005179092289,3.81,125.30197320452201,0
186000,3600,1400,3710.41,1361.16,1.2,0.39,117.04235857158707,-0.8099999999999999,9999.0,0
186000,3600,1400,3887.7,1319.59,1.2,14.4,298.7257238672289,13.2,22.630736656608253,0
186000,3600,1400,3680.62,1339.73,1.2,0.0,100.6581208845068,-1.2,9999.0,0
186000,3600,1400,3594.07,1503.18,1.2,20.18,103.35026511818928,18.98,5.44521944774443,0
186000,3600,1400,3471.68,1376.78,1.2,4.68,130.40395239408983,3.4799999999999995,37.472400113244205,0
186000,3600,1400,3616.0,1428.66,1.2,13.73,32.82370484878276,12.53,2.6196093255213695,0
186000,3600,1400,3448.95,1628.75,1.2,11.46,274.1216244662213,10.260000000000002,26.717507257916303,0
186000,3600,1400,3843.94,1381.28,1.2,27.14,244.65723369645136,25.94,9.431658970564817,0
186000,3600,1400,3762.85,1401.21,1.2,0.07,162.85449517897862,-1.13,9999.0,0
186000,3600,1400,3487.96,1576.81,1.2,13.84,209.31970213049692,12.64,16.560103016653237,0
186000,3600,1400,3674.2,1335.83,1.2,0.11,98.09907695794077,-1.09,9999.0,0
186000,3600,1400,4084.51,1283.25,1.2,12.64,498.3778712984759,11.44,43.56449923937726,0
186000,3600,1400,3684.54,1420.57,1.2,13.46,87.00653136403031,12.260000000000002,7.096780698534282,0
186000,3600,1400,3574.33,1591.01,1.2,9.38,192.72718801456116,8.180000000000001,23.560780930875445,0
186000,3600,1400,3818.85,985.65,1.2,6.6,468.5949690297581,5.4,86.77684611662187,0
186000,3600,1400,3507.11,1605.32,1.2,4.56,225.35495224201296,3.3599999999999994,67.06992626250387,0
186000,3600,1400,3526.95,1515.62,1.2,2.43,136.76361687232463,1.2300000000000002,111.18993241652407,0
186000,3600,1400,3522.23,1430.31,1.2,0.0,83.46777222377504,-1.2,9999.0,0
186000,3600,1400,3680.28,1418.17,1.2,0.0,82.3105540012946,-1.2,9999.0,0
186000,3600,1400,3641.18,1411.75,1.2,0.0,42.82353208225574,-1.2,9999.0,0
186000,3600,1400,3658.35,1420.38,1.2,0.0,61.8066897673706,-1.2,9999.0,0
186000,3600,1400,3550.66,1475.0,1.2,0.0,89.77435936836316,-1.2,9999.0,0
186000,3600,1400,3631.53,1422.8,1.2,0.0,38.90990747868736,-1.2,9999.0,0
186000,3600,1400,3665.7,1420.67,1.2,0.0,68.87480598883731,-1.2,9999.0,0
186000,3600,1400,3646.63,1376.07,1.2,0.0,52.41184789720749,-1.2,9999.0,0
186000,3600,1400,3623.12,1435.25,1.2,0.0,42.15562714513918,-1.2,9999.0,0
186000,3600,1400,3581.34,1470.85,1.2,0.0,73.26607741649597,-1.2,9999.0,0
186000,3600,1400,3694.78,1415.19,1.2,0.0,95.98950203017016,-1.2,9999.0,0
186000,3600,1400,3546.39,1481.16,1.2,0.0,97.26755728401956,-1.2,9999.0,0
186000,3600,1400,3647.02,1408.17,1.2,0.0,47.72451466489732,-1.2,9999.0,0
186000,3600,1400,3575.04,1466.79,1.2,0.0,71.30151260667614,-1.2,9999.0,0
186000,3600,1400,3618.93,1441.47,1.2,0.0,45.58624573267683,-1.2,9999.0,0
186000,3600,1400,3641.61,1346.51,1.2,0.0,67.76851924013104,-1.2,9999.0,0
186000,3600,1400,3649.8,1382.79,1.2,0.0,52.68988612627683,-1.2,9999.0,0
186000,3600,1400,3687.53,1416.68,1.2,0.0,89.10512499289835,-1.2,9999.0,0
186000,3600,1400,3642.8,1353.92,1.2,0.0,62.89043170467197,-1.2,9999.0,0
186000,3600,1400,3645.13,1368.74,1.2,0.0,54.89903915370477,-1.2,9999.0,0
186000,3600,1400,3542.11,1487.32,1.2,0.0,104.76657148155596,-1.2,9999.0,0
186000,3600,1400,3633.55,1414.17,1.2,0.0,36.41965678037088,-1.2,9999.0,0
186000,3600,1400,3635.66,1416.73,1.2,0.0,39.38944655615245,-1.2,9999.0,0
186000,3600,1400,3614.73,1447.68,1.2,0.0,49.90345979989771,-1.2,9999.0,0
186000,3600,1400,3569.91,1467.31,1.2,0.0,73.72953410947339,-1.2,9999.0,0
186000,3600,1400,3667.15,1379.5,1.2,0.0,70.20949009927371,-1.2,9999.0,0
186000,3600,1400,3643.98,1361.33,1.2,0.0,58.56286622084004,-1.2,9999.0,0
186000,3600,1400,3678.54,1369.24,1.2,0.0,84.34873561589404,-1.2,9999.0,0
186000,3600,1400,3639.32,1414.35,1.2,0.0,41.856718696047,-1.2,9999.0,0
186000,3600,1400,3610.53,1453.9,1.2,0.0,54.91894846043589,-1.2,9999.0,0
186000,3600,1400,3554.94,1468.84,1.2,0.0,82.27605483978911,-1.2,9999.0,0
186000,3600,1400,3623.32,1429.24,1.2,0.0,37.40053475553536,-1.2,9999.0,0
186000,3600,1400,3660.65,1334.37,1.2,0.0,89.36285246118784,-1.2,9999.0,0
186000,3600,1400,3653.25,1333.37,1.2,0.0,85.29431047848394,-1.2,9999.0,0
186000,3600,1400,3527.76,1508.39,1.2,0.0,130.25747464157283,-1.2,9999.0,0
186000,3600,1400,3553.96,1457.33,1.2,0.0,73.52829727390666,-1.2,9999.0,0
186000,3600,1400,3630.85,1412.44,1.2,0.0,33.26373550880893,-1.2,9999.0,0
186000,3600,1400,3720.25,1630.37,1.2,13.42,259.8661182224415,12.22,21.265639789070498,0
186000,3600,1400,3665.35,1387.46,1.2,0.0,66.54227303000692,-1.2,9999.0,0
186000,3600,1400,3523.73,1514.72,1.2,0.0,137.75990454410166,-1.2,9999.0,0
186000,3600,1400,3548.66,1452.02,1.2,0.0,73.08813857254823,-1.2,9999.0,0
186000,3600,1400,3697.3,1353.53,1.2,0.0,107.82741256285452,-1.2,9999.0,0
186000,3600,1400,3629.24,1420.46,1.2,0.0,35.687381523445914,-1.2,9999.0,0
186000,3600,1400,3619.13,1435.46,1.2,0.0,40.29104739269019,-1.2,9999.0,0
186000,3600,1400,3723.78,1409.24,1.2,0.0,124.12439727950364,-1.2,9999.0,0
186000,3600,1400,3543.0,1596.27,1.2,11.59,204.37933579498684,10.39,19.67077341626437,0
186000,3600,1400,3653.29,1407.08,1.2,0.0,53.75825983046694,-1.2,9999.0,0
187000,3600,1400,3640.64,1410.24,1.2,0.0,41.91022786862403,-1.2,9999.0,0
187000,3600,1400,3736.75,1664.69,1.2,13.87,297.9284454361484,12.67,23.51447872424218,0
187000,3600,1400,3507.61,1540.03,1.2,0.0,167.7626686721452,-1.2,9999.0,0
187000,3600,1400,3645.75,1333.57,1.2,0.0,80.65982519197527,-1.2,9999.0,0
187000,3600,1400,3702.03,1413.71,1.2,0.0,102.947000927662,-1.2,9999.0,0
187000,3600,1400,3537.83,1493.48,1.2,0.0,112.26584208921255,-1.2,9999.0,0
187000,3600,1400,3669.75,1381.38,1.2,0.0,72.19256817706373,-1.2,9999.0,0
187000,3600,1400,3656.14,1401.07,1.2,0.0,56.15019590348715,-1.2,9999.0,0
187000,3600,1400,3567.77,1455.06,1.2,0.0,63.799502349156256,-1.2,9999.0,0
187000,3600,1400,3687.34,1357.09,1.2,0.0,97.31158050304204,-1.2,9999.0,0
187000,3600,1400,3709.28,1412.22,1.2,0.0,109.9611149452389,-1.2,9999.0,0
187000,3600,1400,3630.29,1332.96,1.2,0.0,73.56524790959378,-1.2,9999.0,0
187000,3600,1400,3673.03,1419.66,1.2,0.0,75.6299973555469,-1.2,9999.0,0
187000,3600,1400,3716.53,1410.73,1.2,0.0,117.02296270390715,-1.2,9999.0,0
187000,3600,1400,3680.35,1361.28,1.2,0.0,89.19282986877357,-1.2,9999.0,0
187000,3600,1400,3752.02,1403.44,1.2,0.0,152.05891621342036,-1.2,9999.0,0
187000,3600,1400,3671.55,1373.43,1.2,0.0,76.32409449184459,-1.2,9999.0,0
187000,3600,1400,3623.16,1335.28,1.2,0.0,68.73910095426035,-1.2,9999.0,0
187000,3600,1400,3674.15,1375.31,1.2,0.0,78.15253418795847,-1.2,9999.0,0
187000,3600,1400,3667.8,1336.48,1.2,0.0,92.90656812088164,-1.2,9999.0,0
187000,3600,1400,3511.64,1533.7,1.2,0.0,160.25972544591494,-1.2,9999.0,0
187000,3600,1400,3675.95,1367.36,1.2,0.0,82.66663232526156,-1.2,9999.0,0
187000,3600,1400,3495.53,1559.01,1.2,0.0,190.25814305831943,-1.2,9999.0,0
187000,3600,1400,3682.94,1363.16,1.2,0.0,90.75367320389849,-1.2,9999.0,0
187000,3600,1400,3519.7,1521.05,1.2,0.0,145.2624951596248,-1.2,9999.0,0
187000,3600,1400,3543.36,1446.71,1.2,0.0,73.41603162797611,-1.2,9999.0,0
187000,3600,1400,3503.59,1546.35,1.2,0.0,175.25184906299833,-1.2,9999.0,0
187000,3600,1400,3515.67,1527.37,1.2,0.0,152.75688462390153,-1.2,9999.0,0
187000,3600,1400,3527.4,1430.86,1.2,0.0,78.88662497534028,-1.2,9999.0,0
187000,3600,1400,3627.32,1429.03,1.2,0.0,39.86380940151113,-1.2,9999.0,0
187000,3600,1400,3499.56,1552.68,1.2,0.0,182.75496162895288,-1.2,9999.0,0
187000,3600,1400,3744.67,1404.95,1.2,0.0,144.75465933779134,-1.2,9999.0,0
187000,3600,1400,4103.85,1316.49,1.2,11.06,510.7237439164155,9.86,51.79753995095492,0
187000,3600,1400,3606.33,1460.12,1.2,0.0,60.45232253602823,-1.2,9999.0,0
187000,3600,1400,4031.05,1292.15,1.2,12.56,444.3373999563846,11.36,39.11420774263949,0
187000,3600,1400,3662.76,1385.58,1.2,0.0,64.39529485917453,-1.2,9999.0,0
187000,3600,1400,3813.5,1151.04,1.2,26.06,327.9684917793172,24.86,13.192618333842205,0
187000,3600,1400,3607.21,1483.71,1.2,17.65,84.01992739820719,16.45,5.107594370711683,0
187000,3600,1400,3703.78,1357.3,1.2,0.0,112.22111387791536,-1.2,9999.0,0
187000,3600,1400,3400.33,1700.88,1.2,12.69,361.10508622837216,11.49,31.427770777055887,0
187000,3600,1400,3832.03,1065.87,1.2,19.42,406.79328632611447,18.22,22.326744584309246,0
187000,3600,1400,3639.17,1324.34,1.2,0.0,85.19814845405983,-1.2,9999.0,0
187000,3600,1400,3674.56,1339.71,1.2,0.0,95.8857533734808,-1.2,9999.0,0
187000,3600,1400,3814.24,979.56,1.2,6.59,471.87770788627,5.39,87.54688458001299,0
187000,3600,1400,3710.31,1361.11,1.2,0.11,116.9646450855984,-1.09,9999.0,0
187000,3600,1400,3901.78,1316.61,1.2,14.4,313.08954070680824,13.2,23.718904599000624,0
187000,3600,1400,3680.62,1339.73,1.2,0.0,100.6581208845068,-1.2,9999.0,0
187000,3600,1400,3581.52,1521.77,1.2,22.43,123.16429393294143,21.23,5.801426939846511,0
187000,3600,1400,3476.49,1381.44,1.2,6.7,124.89673214299904,5.5,22.708496753272552,0
187000,3600,1400,3624.61,1415.87,1.2,15.42,29.283254600539244,14.22,2.0593006048199185,1
187000,3600,1400,3455.39,1619.54,1.2,11.24,262.88754953401656,10.04,26.184018877890097,0
187000,3600,1400,3871.9,1375.53,1.2,28.54,272.99888442995524,27.34,9.985328618506044,0
187000,3600,1400,3762.83,1401.22,1.2,0.02,162.83457034671716,-1.18,9999.0,0
187000,3600,1400,3480.2,1588.56,1.2,14.08,223.3985532629968,12.88,17.34460817259292,0
187000,3600,1400,3674.21,1335.84,1.2,0.01,98.10010040769588,-1.19,9999.0,0
187000,3600,1400,4071.08,1283.96,1.2,13.57,485.16146590593934,12.37,39.2208137353225,0
187000,3600,1400,3675.52,1422.42,1.2,9.09,78.77770496783974,7.89,9.984499995923922,0
187000,3600,1400,3585.9,1589.93,1.2,11.63,190.4526578969168,10.43,18.260082252820403,0
187000,3600,1400,3820.74,994.24,1.2,8.76,461.9170111610958,7.56,61.1001337514677,0
187000,3600,1400,3513.28,1601.5,1.2,6.38,219.3686586547859,5.18,42.34916190246832,0
187000,3600,1400,3524.56,1519.38,1.2,4.45,141.21890100124713,3.25,43.45196953884527,0
187000,3600,1400,3520.49,1428.62,1.2,2.42,84.5041093675333,1.22,69.26566341601091,0
187000,3600,1400,3680.28,1418.17,1.2,0.0,82.3105540012946,-1.2,9999.0,0
187000,3600,1400,3641.18,1411.75,1.2,0.0,42.82353208225574,-1.2,9999.0,0
187000,3600,1400,3658.35,1420.38,1.2,0.0,61.8066897673706,-1.2,9999.0,0
187000,3600,1400,3550.66,1475.0,1.2,0.0,89.77435936836316,-1.2,9999.0,0
187000,3600,1400,3631.53,1422.8,1.2,0.0,38.90990747868736,-1.2,9999.0,0
187000,3600,1400,3665.7,1420.67,1.2,0.0,68.87480598883731,-1.2,9999.0,0
187000,3600,1400,3646.63,1376.07,1.2,0.0,52.41184789720749,-1.2,9999.0,0
187000,3600,1400,3623.12,1435.25,1.2,0.0,42.15562714513918,-1.2,9999.0,0
187000,3600,1400,3581.34,1470.85,1.2,0.0,73.26607741649597,-1.2,9999.0,0
187000,3600,1400,3694.78,1415.19,1.2,0.0,95.98950203017016,-1.2,9999.0,0
187000,3600,1400,3546.39,1481.16,1.2,0.0,97.26755728401956,-1.2,9999.0,0
187000,3600,1400,3647.02,1408.17,1.2,0.0,47.72451466489732,-1.2,9999.0,0
187000,3600,1400,3575.04,1466.79,1.2,0.0,71.30151260667614,-1.2,9999.0,0
187000,3600,1400,3618.93,1441.47,1.2,0.0,45.58624573267683,-1.2,9999.0,0
187000,3600,1400,3641.61,1346.51,1.2,0.0,67.76851924013104,-1.2,9999.0,0
187000,3600,1400,3649.8,1382.79,1.2,0.0,52.68988612627683,-1.2,9999.0,0
187000,3600,1400,3687.53,1416.68,1.2,0.0,89.10512499289835,-1.2,9999.0,0
187000,3600,1400,3642.8,1353.92,1.2,0.0,62.89043170467197,-1.2,9999.0,0
187000,3600,1400,3645.13,1368.74,1.2,0.0,54.89903915370477,-1.2,9999.0,0
187000,3600,1400,3542.11,1487.32,1.2,0.0,104.76657148155596,-1.2,9999.0,0
187000,3600,1400,3633.55,1414.17,1.2,0.0,36.41965678037088,-1.2,9999.0,0
187000,3600,1400,3635.66,1416.73,1.2,0.0,39.38944655615245,-1.2,9999.0,0
187000,3600,1400,3614.73,1447.68,1.2,0.0,49.90345979989771,-1.2,9999.0,0
187000,3600,1400,3569.91,1467.31,1.2,0.0,73.72953410947339,-1.2,9999.0,0
187000,3600,1400,3667.15,1379.5,1.2,0.0,70.20949009927371,-1.2,9999.0,0
187000,3600,1400,3643.98,1361.33,1.2,0.0,58.56286622084004,-1.2,9999.0,0
187000,3600,1400,3678.54,1369.24,1.2,0.0,84.34873561589404,-1.2,9999.0,0
187000,3600,1400,3639.32,1414.35,1.2,0.0,41.856718696047,-1.2,9999.0,0
187000,3600,1400,3610.53,1453.9,1.2,0.0,54.91894846043589,-1.2,9999.0,0
187000,3600,1400,3554.94,1468.84,1.2,0.0,82.27605483978911,-1.2,9999.0,0
187000,3600,1400,3623.32,1429.24,1.2,0.0,37.40053475553536,-1.2,9999.0,0
187000,3600,1400,3660.65,1334.37,1.2,0.0,89.36285246118784,-1.2,9999.0,0
187000,3600,1400,3653.25,1333.37,1.2,0.0,85.29431047848394,-1.2,9999.0,0
187000,3600,1400,3527.76,1508.39,1.2,0.0,130.25747464157283,-1.2,9999.0,0
187000,3600,1400,3553.96,1457.33,1.2,0.0,73.52829727390666,-1.2,9999.0,0
187000,3600,1400,3630.85,1412.44,1.2,0.0,33.26373550880893,-1.2,9999.0,0
187000,3600,1400,3710.59,1622.18,1.2,12.67,248.18158775380596,11.47,21.6374531607503,0
187000,3600,1400,3665.35,1387.46,1.2,0.0,66.54227303000692,-1.2,9999.0,0
187000,3600,1400,3523.73,1514.72,1.2,0.0,137.75990454410166,-1.2,9999.0,0
187000,3600,1400,3548.66,1452.02,1.2,0.0,73.08813857254823,-1.2,9999.0,0
187000,3600,1400,3697.3,1353.53,1.2,0.0,107.82741256285452,-1.2,9999.0,0
187000,3600,1400,3629.24,1420.46,1.2,0.0,35.687381523445914,-1.2,9999.0,0
187000,3600,1400,3619.13,1435.46,1.2,0.0,40.29104739269019,-1.2,9999.0,0
187000,3600,1400,3723.78,1409.24,1.2,0.0,124.12439727950364,-1.2,9999.0,0
187000,3600,1400,3653.29,1407.08,1.2,0.0,53.75825983046694,-1.2,9999.0,0
188000,3600,1400,3640.64,1410.24,1.2,0.0,41.91022786862403,-1.2,9999.0,0
188000,3600,1400,3745.39,1673.8,1.2,12.81,310.00756781085187,11.61,26.701771559935562,0
188000,3600,1400,3507.61,1540.03,1.2,0.0,167.7626686721452,-1.2,9999.0,0
188000,3600,1400,3645.75,1333.57,1.2,0.0,80.65982519197527,-1.2,9999.0,0
188000,3600,1400,3702.03,1413.71,1.2,0.0,102.947000927662,-1.2,9999.0,0
188000,3600,1400,3537.83,1493.48,1.2,0.0,112.26584208921255,-1.2,9999.0,0
188000,3600,1400,3669.75,1381.38,1.2,0.0,72.19256817706373,-1.2,9999.0,0
188000,3600,1400,3656.14,1401.07,1.2,0.0,56.15019590348715,-1.2,9999.0,0
188000,3600,1400,3567.77,1455.06,1.2,0.0,63.799502349156256,-1.2,9999.0,0
188000,3600,1400,3687.34,1357.09,1.2,0.0,97.31158050304204,-1.2,9999.0,0
188000,3600,1400,3709.28,1412.22,1.2,0.0,109.9611149452389,-1.2,9999.0,0
188000,3600,1400,3630.29,1332.96,1.2,0.0,73.56524790959378,-1.2,9999.0,0
188000,3600,1400,3673.03,1419.66,1.2,0.0,75.6299973555469,-1.2,9999.0,0
188000,3600,1400,3716.53,1410.73,1.2,0.0,117.02296270390715,-1.2,9999.0,0
188000,3600,1400,3680.35,1361.28,1.2,0.0,89.19282986877357,-1.2,9999.0,0
188000,3600,1400,3752.02,1403.44,1.2,0.0,152.05891621342036,-1.2,9999.0,0
188000,3600,1400,3671.55,1373.43,1.2,0.0,76.32409449184459,-1.2,9999.0,0
188000,3600,1400,3623.16,1335.28,1.2,0.0,68.73910095426035,-1.2,9999.0,0
188000,3600,1400,3674.15,1375.31,1.2,0.0,78.15253418795847,-1.2,9999.0,0
188000,3600,1400,3667.8,1336.48,1.2,0.0,92.90656812088164,-1.2,9999.0,0
188000,3600,1400,3511.64,1533.7,1.2,0.0,160.25972544591494,-1.2,9999.0,0
188000,3600,1400,3675.95,1367.36,1.2,0.0,82.66663232526156,-1.2,9999.0,0
188000,3600,1400,3495.53,1559.01,1.2,0.0,190.25814305831943,-1.2,9999.0,0
188000,3600,1400,3682.94,1363.16,1.2,0.0,90.75367320389849,-1.2,9999.0,0
188000,3600,1400,3519.7,1521.05,1.2,0.0,145.2624951596248,-1.2,9999.0,0
188000,3600,1400,3543.36,1446.71,1.2,0.0,73.41603162797611,-1.2,9999.0,0
188000,3600,1400,3503.59,1546.35,1.2,0.0,175.25184906299833,-1.2,9999.0,0
188000,3600,1400,3515.67,1527.37,1.2,0.0,152.75688462390153,-1.2,9999.0,0
188000,3600,1400,3527.4,1430.86,1.2,0.0,78.88662497534028,-1.2,9999.0,0
188000,3600,1400,3627.32,1429.03,1.2,0.0,39.86380940151113,-1.2,9999.0,0
188000,3600,1400,3499.56,1552.68,1.2,0.0,182.75496162895288,-1.2,9999.0,0
188000,3600,1400,3744.67,1404.95,1.2,0.0,144.75465933779134,-1.2,9999.0,0
188000,3600,1400,4105.65,1325.79,1.2,9.47,511.06657746324953,8.270000000000001,61.79765144658397,0
188000,3600,1400,3606.33,1460.12,1.2,0.0,60.45232253602823,-1.2,9999.0,0
188000,3600,1400,4018.17,1294.92,1.2,13.18,431.1704480828899,11.98,35.990855432628535,0
188000,3600,1400,3662.76,1385.58,1.2,0.0,64.39529485917453,-1.2,9999.0,0
188000,3600,1400,3799.87,1172.87,1.2,25.84,302.54925846876574,24.64,12.278784840453154,0
188000,3600,1400,3596.55,1499.5,1.2,19.05,99.55979359158997,17.85,5.577579472918205,0
188000,3600,1400,3703.78,1357.3,1.2,0.0,112.22111387791536,-1.2,9999.0,0
188000,3600,1400,3407.25,1690.59,1.2,12.4,348.7049047547223,11.2,31.134366495957348,0
188000,3600,1400,3832.9,1086.92,1.2,21.15,390.20699173643726,19.95,19.55924770608708,0
188000,3600,1400,3639.17,1324.34,1.2,0.0,85.19814845405983,-1.2,9999.0,0
188000,3600,1400,3674.56,1339.71,1.2,0.0,95.8857533734808,-1.2,9999.0,0
188000,3600,1400,3815.99,987.51,1.2,8.17,465.6175256581306,6.97,66.80308832971745,0
188000,3600,1400,3710.28,1361.09,1.2,0.04,116.94300534875974,-1.16,9999.0,0
188000,3600,1400,3915.72,1313.63,1.2,14.26,327.3207834831144,13.06,25.06284712734413,0
188000,3600,1400,3680.62,1339.73,1.2,0.0,100.6581208845068,-1.2,9999.0,0
188000,3600,1400,3567.81,1542.09,1.2,24.51,145.69064554733765,23.31,6.25013494411573,0
188000,3600,1400,3482.69,1387.46,1.2,8.64,117.97833572313176,7.44,15.857303188592978,0
188000,3600,1400,3631.96,1403.77,1.2,13.42,32.181586349961094,12.22,2.6335177045794675,0
188000,3600,1400,3462.31,1609.71,1.2,12.02,250.87211921614573,10.82,23.185962958978347,0
188000,3600,1400,3901.79,1369.39,1.2,30.51,303.3383856355802,29.31,10.349313737140232,0
188000,3600,1400,3762.82,1401.22,1.2,0.01,162.82457062740886,-1.19,9999.0,0
188000,3600,1400,3472.55,1600.17,1.2,13.9,237.3005086383086,12.7,18.68507942033926,0
188000,3600,1400,3674.21,1335.84,1.2,0.0,98.10010040769588,-1.2,9999.0,0
188000,3600,1400,4057.54,1286.67,1.2,13.8,471.36667309006896,12.6,37.41005341984675,0
188000,3600,1400,3670.96,1423.31,1.2,4.59,74.6905462558683,3.39,22.032609515005397,0
188000,3600,1400,3599.87,1589.55,1.2,13.98,189.5500445792614,12.78,14.831771876311533,0
188000,3600,1400,3823.12,1005.09,1.2,11.07,453.5817925137648,9.87,45.95560207839563,0
188000,3600,1400,3517.43,1594.47,1.2,8.2,211.27324913485864,6.999999999999999,30.18189273355124,0
188000,3600,1400,3520.84,1525.22,1.2,6.93,148.1430187352748,5.73,25.853929971252146,0
188000,3600,1400,3517.02,1425.25,1.2,4.85,86.7366295171769,3.65,23.7634601416923,0
188000,3600,1400,3680.28,1418.17,1.2,0.0,82.3105540012946,-1.2,9999.0,0
188000,3600,1400,3641.18,1411.75,1.2,0.0,42.82353208225574,-1.2,9999.0,0
188000,3600,1400,3658.35,1420.38,1.2,0.0,61.8066897673706,-1.2,9999.0,0
188000,3600,1400,3550.66,1475.0,1.2,0.0,89.77435936836316,-1.2,9999.0,0
188000,3600,1400,3631.53,1422.8,1.2,0.0,38.90990747868736,-1.2,9999.0,0
188000,3600,1400,3665.7,1420.67,1.2,0.0,68.87480598883731,-1.2,9999.0,0
188000,3600,1400,3646.63,1376.07,1.2,0.0,52.41184789720749,-1.2,9999.0,0
188000,3600,1400,3623.12,1435.25,1.2,0.0,42.15562714513918,-1.2,9999.0,0
188000,3600,1400,3581.34,1470.85,1.2,0.0,73.26607741649597,-1.2,9999.0,0
188000,3600,1400,3694.78,1415.19,1.2,0.0,95.98950203017016,-1.2,9999.0,0
188000,3600,1400,3546.39,1481.16,1.2,0.0,97.26755728401956,-1.2,9999.0,0
188000,3600,1400,3647.02,1408.17,1.2,0.0,47.72451466489732,-1.2,9999.0,0
188000,3600,1400,3575.04,1466.79,1.2,0.0,71.30151260667614,-1.2,9999.0,0
188000,3600,1400,3618.93,1441.47,1.2,0.0,45.58624573267683,-1.2,9999.0,0
188000,3600,1400,3641.61,1346.51,1.2,0.0,67.76851924013104,-1.2,9999.0,0
188000,3600,1400,3649.8,1382.79,1.2,0.0,52.68988612627683,-1.2,9999.0,0
188000,3600,1400,3687.53,1416.68,1.2,0.0,89.10512499289835,-1.2,9999.0,0
188000,3600,1400,3642.8,1353.92,1.2,0.0,62.89043170467197,-1.2,9999.0,0
188000,3600,1400,3645.13,1368.74,1.2,0.0,54.89903915370477,-1.2,9999.0,0
188000,3600,1400,3542.11,1487.32,1.2,0.0,104.76657148155596,-1.2,9999.0,0
188000,3600,1400,3633.55,1414.17,1.2,0.0,36.41965678037088,-1.2,9999.0,0
188000,3600,1400,3635.66,1416.73,1.2,0.0,39.38944655615245,-1.2,9999.0,0
188000,3600,1400,3614.73,1447.68,1.2,0.0,49.90345979989771,-1.2,9999.0,0
188000,3600,1400,3569.91,1467.31,1.2,0.0,73.72953410947339,-1.2,9999.0,0
188000,3600,1400,3667.15,1379.5,1.2,0.0,70.20949009927371,-1.2,9999.0,0
188000,3600,1400,3643.98,1361.33,1.2,0.0,58.56286622084004,-1.2,9999.0,0
188000,3600,1400,3678.54,1369.24,1.2,0.0,84.34873561589404,-1.2,9999.0,0
188000,3600,1400,3639.32,1414.35,1.2,0.0,41.856718696047,-1.2,9999.0,0
188000,3600,1400,3610.53,1453.9,1.2,0.0,54.91894846043589,-1.2,9999.0,0
188000,3600,1400,3554.94,1468.84,1.2,0.0,82.27605483978911,-1.2,9999.0,0
188000,3600,1400,3623.32,1429.24,1.2,0.0,37.40053475553536,-1.2,9999.0,0
188000,3600,1400,3660.65,1334.37,1.2,0.0,89.36285246118784,-1.2,9999.0,0
188000,3600,1400,3653.25,1333.37,1.2,0.0,85.29431047848394,-1.2,9999.0,0
188000,3600,1400,3527.76,1508.39,1.2,0.0,130.25747464157283,-1.2,9999.0,0
188000,3600,1400,3553.96,1457.33,1.2,0.0,73.52829727390666,-1.2,9999.0,0
188000,3600,1400,3630.85,1412.44,1.2,0.0,33.26373550880893,-1.2,9999.0,0
188000,3600,1400,3700.65,1613.8,1.2,13.0,236.30671276965447,11.8,20.025992607597836,0
188000,3600,1400,3665.35,1387.46,1.2,0.0,66.54227303000692,-1.2,9999.0,0
188000,3600,1400,3523.73,1514.72,1.2,0.0,137.75990454410166,-1.2,9999.0,0
188000,3600,1400,3548.66,1452.02,1.2,0.0,73.08813857254823,-1.2,9999.0,0
188000,3600,1400,3697.3,1353.53,1.2,0.0,107.82741256285452,-1.2,9999.0,0
188000,3600,1400,3629.24,1420.46,1.2,0.0,35.687381523445914,-1.2,9999.0,0
188000,3600,1400,3619.13,1435.46,1.2,0.0,40.29104739269019,-1.2,9999.0,0
188000,3600,1400,3723.78,1409.24,1.2,0.0,124.12439727950364,-1.2,9999.0,0
188000,3600,1400,3653.29,1407.08,1.2,0.0,53.75825983046694,-1.2,9999.0,0
189000,3600,1400,3640.64,1410.24,1.2,0.0,41.91022786862403,-1.2,9999.0,0
189000,3600,1400,3757.46,1676.89,1.2,13.01,318.5305694905907,11.81,26.97125905932182,0
189000,3600,1400,3507.61,1540.03,1.2,0.0,167.7626686721452,-1.2,9999.0,0
189000,3600,1400,3645.75,1333.57,1.2,0.0,80.65982519197527,-1.2,9999.0,0
189000,3600,1400,3702.03,1413.71,1.2,0.0,102.947000927662,-1.2,9999.0,0
189000,3600,1400,3537.83,1493.48,1.2,0.0,112.26584208921255,-1.2,9999.0,0
189000,3600,1400,3669.75,1381.38,1.2,0.0,72.19256817706373,-1.2,9999.0,0
189000,3600,1400,3656.14,1401.07,1.2,0.0,56.15019590348715,-1.2,9999.0,0
189000,3600,1400,3567.77,1455.06,1.2,0.0,63.799502349156256,-1.2,9999.0,0
189000,3600,1400,3687.34,1357.09,1.2,0.0,97.31158050304204,-1.2,9999.0,0
189000,3600,1400,3709.28,1412.22,1.2,0.0,109.9611149452389,-1.2,9999.0,0
189000,3600,1400,3630.29,1332.96,1.2,0.0,73.56524790959378,-1.2,9999.0,0
189000,3600,1400,3673.03,1419.66,1.2,0.0,75.6299973555469,-1.2,9999.0,0
189000,3600,1400,3716.53,1410.73,1.2,0.0,117.02296270390715,-1.2,9999.0,0
189000,3600,1400,3680.35,1361.28,1.2,0.0,89.19282986877357,-1.2,9999.0,0
189000,3600,1400,3752.02,1403.44,1.2,0.0,152.05891621342036,-1.2,9999.0,0
189000,3600,1400,3671.55,1373.43,1.2,0.0,76.32409449184459,-1.2,9999.0,0
189000,3600,1400,3623.16,1335.28,1.2,0.0,68.73910095426035,-1.2,9999.0,0
189000,3600,1400,3674.15,1375.31,1.2,0.0,78.15253418795847,-1.2,9999.0,0
189000,3600,1400,3667.8,1336.48,1.2,0.0,92.90656812088164,-1.2,9999.0,0
189000,3600,1400,3511.64,1533.7,1.2,0.0,160.25972544591494,-1.2,9999.0,0
189000,3600,1400,3675.95,1367.36,1.2,0.0,82.66663232526156,-1.2,9999.0,0
189000,3600,1400,3495.53,1559.01,1.2,0.0,190.25814305831943,-1.2,9999.0,0
189000,3600,1400,3682.94,1363.16,1.2,0.0,90.75367320389849,-1.2,9999.0,0
189000,3600,1400,3519.7,1521.05,1.2,0.0,145.2624951596248,-1.2,9999.0,0
189000,3600,1400,3543.36,1446.71,1.2,0.0,73.41603162797611,-1.2,9999.0,0
189000,3600,1400,3503.59,1546.35,1.2,0.0,175.25184906299833,-1.2,9999.0,0
189000,3600,1400,3515.67,1527.37,1.2,0.0,152.75688462390153,-1.2,9999.0,0
189000,3600,1400,3527.4,1430.86,1.2,0.0,78.88662497534028,-1.2,9999.0,0
189000,3600,1400,3627.32,1429.03,1.2,0.0,39.86380940151113,-1.2,9999.0,0
189000,3600,1400,3499.56,1552.68,1.2,0.0,182.75496162895288,-1.2,9999.0,0
189000,3600,1400,3744.67,1404.95,1.2,0.0,144.75465933779134,-1.2,9999.0,0
189000,3600,1400,4106.51,1330.7,1.2,4.98,511.22878449868233,3.78,135.2457101848366,0
189000,3600,1400,3606.33,1460.12,1.2,0.0,60.45232253602823,-1.2,9999.0,0
189000,3600,1400,4005.82,1297.57,1.2,12.64,418.5472223059188,11.44,36.58629565611179,0
189000,3600,1400,3662.76,1385.58,1.2,0.0,64.39529485917453,-1.2,9999.0,0
189000,3600,1400,3785.91,1195.39,1.2,26.6,276.4557472725064,25.4,10.884084538287654,0
189000,3600,1400,3584.74,1517.0,1.2,21.11,117.99096406081276,19.91,5.926216175831882,0
189000,3600,1400,3703.78,1357.3,1.2,0.0,112.22111387791536,-1.2,9999.0,0
189000,3600,1400,3413.97,1680.62,1.2,12.03,336.6819646194313,10.83,31.0879007035486,0
189000,3600,1400,3830.61,1110.0,1.2,23.34,370.5144694880351,22.14,16.735070889251812,0
189000,3600,1400,3639.17,1324.34,1.2,0.0,85.19814845405983,-1.2,9999.0,0
189000,3600,1400,3674.56,1339.71,1.2,0.0,95.8857533734808,-1.2,9999.0,0
189000,3600,1400,3818.16,997.4,1.2,10.16,457.9088835128665,8.96,51.10590217777528,0
189000,3600,1400,3710.27,1361.08,1.2,0.01,116.93690307169932,-1.19,9999.0,0
189000,3600,1400,3928.9,1310.81,1.2,13.48,340.7786174336648,12.28,27.750701745412446,0
189000,3600,1400,3680.62,1339.73,1.2,0.0,100.6581208845068,-1.2,9999.0,0
189000,3600,1400,3553.83,1562.86,1.2,25.08,169.27802131405002,23.88,7.088694359884842,0
189000,3600,1400,3490.29,1394.83,1.2,10.58,109.83174859757086,9.38,11.709141641532074,0
189000,3600,1400,3639.07,1397.76,1.2,8.92,39.13416026951406,7.72,5.069191744755708,0
189000,3600,1400,3468.68,1600.22,1.2,11.43,239.44308467775812,10.23,23.405971131745662,0
189000,3600,1400,3931.78,1363.23,1.2,30.62,333.81132590132427,29.42,11.346408086380837,0
189000,3600,1400,3762.82,1401.22,1.2,0.0,162.82457062740886,-1.2,9999.0,0
189000,3600,1400,3465.23,1611.11,1.2,13.16,250.46034616282063,11.96,20.941500515286005,0
189000,3600,1400,3674.21,1335.84,1.2,0.0,98.10010040769588,-1.2,9999.0,0
189000,3600,1400,4043.7,1289.49,1.2,14.12,457.255016484237,12.92,35.39125514583878,0
189000,3600,1400,3670.87,1423.32,1.2,0.09,74.60817180443428,-1.11,9999.0,0
189000,3600,1400,3613.15,1589.38,1.2,13.28,189.8360000105355,12.08,15.714900663123801,0
189000,3600,1400,3826.05,1018.47,1.2,13.64,443.4678606167532,12.44,35.64854185022132,0
189000,3600,1400,3523.05,1585.47,1.2,10.66,200.7994606566461,9.46,21.22615863178077,0
189000,3600,1400,3516.14,1532.6,1.2,8.75,156.89250970011284,7.55,20.7804648609421,0
189000,3600,1400,3512.16,1420.54,1.2,6.76,90.20951834479564,5.56,16.224733515251014,0
189000,3600,1400,3715.27,1297.62,1.2,0.0,154.17145423196868,-1.2,9999.0,0
189000,3600,1400,3680.28,1418.17,1.2,0.0,82.3105540012946,-1.2,9999.0,0
189000,3600,1400,3641.18,1411.75,1.2,0.0,42.82353208225574,-1.2,9999.0,0
189000,3600,1400,3658.35,1420.38,1.2,0.0,61.8066897673706,-1.2,9999.0,0
189000,3600,1400,3550.66,1475.0,1.2,0.0,89.77435936836316,-1.2,9999.0,0
189000,3600,1400,3631.53,1422.8,1.2,0.0,38.90990747868736,-1.2,9999.0,0
189000,3600,1400,3665.7,1420.67,1.2,0.0,68.87480598883731,-1.2,9999.0,0
189000,3600,1400,3646.63,1376.07,1.2,0.0,52.41184789720749,-1.2,9999.0,0
189000,3600,1400,3623.12,1435.25,1.2,0.0,42.15562714513918,-1.2,9999.0,0
189000,3600,1400,3581.34,1470.85,1.2,0.0,73.26607741649597,-1.2,9999.0,0
189000,3600,1400,3694.78,1415.19,1.2,0.0,95.98950203017016,-1.2,9999.0,0
189000,3600,1400,3546.39,1481.16,1.2,0.0,97.26755728401956,-1.2,9999.0,0
189000,3600,1400,3647.02,1408.17,1.2,0.0,47.72451466489732,-1.2,9999.0,0
189000,3600,1400,3575.04,1466.79,1.2,0.0,71.30151260667614,-1.2,9999.0,0
189000,3600,1400,3618.93,1441.47,1.2,0.0,45.58624573267683,-1.2,9999.0,0
189000,3600,1400,3641.61,1346.51,1.2,0.0,67.76851924013104,-1.2,9999.0,0
189000,3600,1400,3649.8,1382.79,1.2,0.0,52.68988612627683,-1.2,9999.0,0
189000,3600,1400,3687.53,1416.68,1.2,0.0,89.10512499289835,-1.2,9999.0,0
189000,3600,1400,3642.8,1353.92,1.2,0.0,62.89043170467197,-1.2,9999.0,0
189000,3600,1400,3645.13,1368.74,1.2,0.0,54.89903915370477,-1.2,9999.0,0
189000,3600,1400,3542.11,1487.32,1.2,0.0,104.76657148155596,-1.2,9999.0,0
189000,3600,1400,3633.55,1414.17,1.2,0.0,36.41965678037088,-1.2,9999.0,0
189000,3600,1400,3635.66,1416.73,1.2,0.0,39.38944655615245,-1.2,9999.0,0
189000,3600,1400,3614.73,1447.68,1.2,0.0,49.90345979989771,-1.2,9999.0,0
189000,3600,1400,3569.91,1467.31,1.2,0.0,73.72953410947339,-1.2,9999.0,0
189000,3600,1400,3667.15,1379.5,1.2,0.0,70.20949009927371,-1.2,9999.0,0
189000,3600,1400,3643.98,1361.33,1.2,0.0,58.56286622084004,-1.2,9999.0,0
189000,3600,1400,3678.54,1369.24,1.2,0.0,84.34873561589404,-1.2,9999.0,0
189000,3600,1400,3639.32,1414.35,1.2,0.0,41.856718696047,-1.2,9999.0,0
189000,3600,1400,3610.53,1453.9,1.2,0.0,54.91894846043589,-1.2,9999.0,0
189000,3600,1400,3554.94,1468.84,1.2,0.0,82.27605483978911,-1.2,9999.0,0
189000,3600,1400,3623.32,1429.24,1.2,0.0,37.40053475553536,-1.2,9999.0,0
189000,3600,1400,3660.65,1334.37,1.2,0.0,89.36285246118784,-1.2,9999.0,0
189000,3600,1400,3653.25,1333.37,1.2,0.0,85.29431047848394,-1.2,9999.0,0
189000,3600,1400,3527.76,1508.39,1.2,0.0,130.25747464157283,-1.2,9999.0,0
189000,3600,1400,3553.96,1457.33,1.2,0.0,73.52829727390666,-1.2,9999.0,0
189000,3600,1400,3630.85,1412.44,1.2,0.0,33.26373550880893,-1.2,9999.0,0
189000,3600,1400,3692.06,1605.04,1.2,12.36,224.75863765381737,11.16,20.139662872205857,0
189000,3600,1400,3665.35,1387.46,1.2,0.0,66.54227303000692,-1.2,9999.0,0
189000,3600,1400,3523.73,1514.72,1.2,0.0,137.75990454410166,-1.2,9999.0,0
189000,3600,1400,3548.66,1452.02,1.2,0.0,73.08813857254823,-1.2,9999.0,0
189000,3600,1400,3697.3,1353.53,1.2,0.0,107.82741256285452,-1.2,9999.0,0
189000,3600,1400,3629.24,1420.46,1.2,0.0,35.687381523445914,-1.2,9999.0,0
189000,3600,1400,3619.13,1435.46,1.2,0.0,40.29104739269019,-1.2,9999.0,0
189000,3600,1400,3723.78,1409.24,1.2,0.0,124.12439727950364,-1.2,9999.0,0
189000,3600,1400,3653.29,1407.08,1.2,0.0,53.75825983046694,-1.2,9999.0,0
190000,3600,1400,3640.64,1410.24,1.2,0.0,41.91022786862403,-1.2,9999.0,0
190000,3600,1400,3769.73,1673.04,1.2,12.92,321.4951236022096,11.72,27.43132453943768,0
190000,3600,1400,3507.61,1540.03,1.2,0.0,167.7626686721452,-1.2,9999.0,0
190000,3600,1400,3645.75,1333.57,1.2,0.0,80.65982519197527,-1.2,9999.0,0
190000,3600,1400,3702.03,1413.71,1.2,0.0,102.947000927662,-1.2,9999.0,0
190000,3600,1400,3537.83,1493.48,1.2,0.0,112.26584208921255,-1.2,9999.0,0
190000,3600,1400,3669.75,1381.38,1.2,0.0,72.19256817706373,-1.2,9999.0,0
190000,3600,1400,3656.14,1401.07,1.2,0.0,56.15019590348715,-1.2,9999.0,0
190000,3600,1400,3567.77,1455.06,1.2,0.0,63.799502349156256,-1.2,9999.0,0
190000,3600,1400,3687.34,1357.09,1.2,0.0,97.31158050304204,-1.2,9999.0,0
190000,3600,1400,3709.28,1412.22,1.2,0.0,109.9611149452389,-1.2,9999.0,0
190000,3600,1400,3630.29,1332.96,1.2,0.0,73.56524790959378,-1.2,9999.0,0
190000,3600,1400,3673.03,1419.66,1.2,0.0,75.6299973555469,-1.2,9999.0,0
190000,3600,1400,3716.53,1410.73,1.2,0.0,117.02296270390715,-1.2,9999.0,0
190000,3600,1400,3680.35,1361.28,1.2,0.0,89.19282986877357,-1.2,9999.0,0
190000,3600,1400,3752.02,1403.44,1.2,0.0,152.05891621342036,-1.2,9999.0,0
190000,3600,1400,3671.55,1373.43,1.2,0.0,76.32409449184459,-1.2,9999.0,0
190000,3600,1400,3623.16,1335.28,1.2,0.0,68.73910095426035,-1.2,9999.0,0
190000,3600,1400,3674.15,1375.31,1.2,0.0,78.15253418795847,-1.2,9999.0,0
190000,3600,1400,3667.8,1336.48,1.2,0.0,92.90656812088164,-1.2,9999.0,0
190000,3600,1400,3511.64,1533.7,1.2,0.0,160.25972544591494,-1.2,9999.0,0
190000,3600,1400,3675.95,1367.36,1.2,0.0,82.66663232526156,-1.2,9999.0,0
190000,3600,1400,3495.53,1559.01,1.2,0.0,190.25814305831943,-1.2,9999.0,0
190000,3600,1400,3682.94,1363.16,1.2,0.0,90.75367320389849,-1.2,9999.0,0
190000,3600,1400,3519.7,1521.05,1.2,0.0,145.2624951596248,-1.2,9999.0,0
190000,3600,1400,3543.36,1446.71,1.2,0.0,73.41603162797611,-1.2,9999.0,0
190000,3600,1400,3503.59,1546.35,1.2,0.0,175.25184906299833,-1.2,9999.0,0
190000,3600,1400,3515.67,1527.37,1.2,0.0,152.75688462390153,-1.2,9999.0,0
190000,3600,1400,3527.4,1430.86,1.2,0.0,78.88662497534028,-1.2,9999.0,0
190000,3600,1400,3627.32,1429.03,1.2,0.0,39.86380940151113,-1.2,9999.0,0
190000,3600,1400,3499.56,1552.68,1.2,0.0,182.75496162895288,-1.2,9999.0,0
190000,3600,1400,3744.67,1404.95,1.2,0.0,144.75465933779134,-1.2,9999.0,0
190000,3600,1400,4105.75,1332.88,1.2,2.46,510.18443420002535,1.26,404.9082811111312,0
190000,3600,1400,3606.33,1460.12,1.2,0.0,60.45232253602823,-1.2,9999.0,0
190000,3600,1400,3993.74,1300.17,1.2,12.35,406.1984939656963,11.15,36.43035820320146,0
190000,3600,1400,3662.76,1385.58,1.2,0.0,64.39529485917453,-1.2,9999.0,0
190000,3600,1400,3774.8,1219.34,1.2,26.29,251.3823295301404,25.09,10.01922397489599,0
190000,3600,1400,3571.56,1536.53,1.2,23.57,139.46065574204073,22.37,6.234271602236957,0
190000,3600,1400,3703.78,1357.3,1.2,0.0,112.22111387791536,-1.2,9999.0,0
190000,3600,1400,3420.79,1670.51,1.2,12.19,324.48710945120763,10.99,29.525669649791414,0
190000,3600,1400,3824.15,1133.86,1.2,24.93,347.9564945506839,23.73,14.6631476843946,0
190000,3600,1400,3639.17,1324.34,1.2,0.0,85.19814845405983,-1.2,9999.0,0
190000,3600,1400,3674.56,1339.71,1.2,0.0,95.8857533734808,-1.2,9999.0,0
190000,3600,1400,3820.83,1009.6,1.2,12.54,448.5287603933553,11.34,39.55280074015479,0
190000,3600,1400,3710.26,1361.08,1.2,0.01,116.92747324730854,-1.19,9999.0,0
190000,3600,1400,3943.03,1307.78,1.2,14.44,355.20995101488944,13.24,26.828546149160832,0
190000,3600,1400,3680.62,1339.73,1.2,0.0,100.6581208845068,-1.2,9999.0,0
190000,3600,1400,3539.47,1584.45,1.2,25.92,194.1280077680705,24.72,7.853074747899292,0
190000,3600,1400,3499.7,1403.97,1.2,13.12,100.3785380447436,11.92,8.421018292344263,0
190000,3600,1400,3647.91,1395.23,1.2,9.45,48.14686905708393,8.25,5.835984128131386,0
190000,3600,1400,3475.32,1590.17,1.2,12.05,227.39773811539987,10.85,20.95831687699538,0
190000,3600,1400,3961.06,1357.22,1.2,29.9,363.58554976786405,28.7,12.66848605462941,0
190000,3600,1400,3762.82,1401.22,1.2,0.0,162.82457062740886,-1.2,9999.0,0
190000,3600,1400,3456.98,1622.81,1.2,14.32,264.76218857684336,13.12,20.180044861039892,0
190000,3600,1400,3674.21,1335.84,1.2,0.0,98.10010040769588,-1.2,9999.0,0
190000,3600,1400,4029.3,1292.53,1.2,14.72,442.5475012922344,13.52,32.73280335001734,0
190000,3600,1400,3670.87,1423.32,1.2,0.0,74.60817180443428,-1.2,9999.0,0
190000,3600,1400,3626.42,1588.73,1.2,13.3,190.5702739149,12.1,15.749609414454547,0
190000,3600,1400,3829.36,1033.54,1.2,15.38,432.3181018648191,14.18,30.487877423471023,0
190000,3600,1400,3530.3,1574.6,1.2,13.12,187.9980053085669,11.92,15.771644740651585,0
190000,3600,1400,3510.51,1541.44,1.2,10.48,167.37303755384252,9.28,18.03588766743993,0
190000,3600,1400,3505.81,1414.37,1.2,8.86,95.279866708555,7.659999999999999,12.438624896678201,0
190000,3600,1400,3716.42,1295.85,1.2,2.11,156.20767874851745,0.91,171.65678983353567,0
190000,3600,1400,3680.28,1418.17,1.2,0.0,82.3105540012946,-1.2,9999.0,0
190000,3600,1400,3567.2,1449.88,1.2,0.0,59.69802676806013,-1.2,9999.0,0
190000,3600,1400,3641.18,1411.75,1.2,0.0,42.82353208225574,-1.2,9999.0,0
190000,3600,1400,3658.35,1420.38,1.2,0.0,61.8066897673706,-1.2,9999.0,0
190000,3600,1400,3550.66,1475.0,1.2,0.0,89.77435936836316,-1.2,9999.0,0
190000,3600,1400,3631.53,1422.8,1.2,0.0,38.90990747868736,-1.2,9999.0,0
190000,3600,1400,3665.7,1420.67,1.2,0.0,68.87480598883731,-1.2,9999.0,0
190000,3600,1400,3646.63,1376.07,1.2,0.0,52.41184789720749,-1.2,9999.0,0
190000,3600,1400,3623.12,1435.25,1.2,0.0,42.15562714513918,-1.2,9999.0,0
190000,3600,1400,3581.34,1470.85,1.2,0.0,73.26607741649597,-1.2,9999.0,0
190000,3600,1400,3694.78,1415.19,1.2,0.0,95.98950203017016,-1.2,9999.0,0
190000,3600,1400,3546.39,1481.16,1.2,0.0,97.26755728401956,-1.2,9999.0,0
190000,3600,1400,3647.02,1408.17,1.2,0.0,47.72451466489732,-1.2,9999.0,0
190000,3600,1400,3575.04,1466.79,1.2,0.0,71.30151260667614,-1.2,9999.0,0
190000,3600,1400,3618.93,1441.47,1.2,0.0,45.58624573267683,-1.2,9999.0,0
190000,3600,1400,3641.61,1346.51,1.2,0.0,67.76851924013104,-1.2,9999.0,0
190000,3600,1400,3649.8,1382.79,1.2,0.0,52.68988612627683,-1.2,9999.0,0
190000,3600,1400,3687.53,1416.68,1.2,0.0,89.10512499289835,-1.2,9999.0,0
190000,3600,1400,3642.8,1353.92,1.2,0.0,62.89043170467197,-1.2,9999.0,0
190000,3600,1400,3645.13,1368.74,1.2,0.0,54.89903915370477,-1.2,9999.0,0
190000,3600,1400,3542.11,1487.32,1.2,0.0,104.76657148155596,-1.2,9999.0,0
190000,3600,1400,3633.55,1414.17,1.2,0.0,36.41965678037088,-1.2,9999.0,0
190000,3600,1400,3635.66,1416.73,1.2,0.0,39.38944655615245,-1.2,9999.0,0
190000,3600,1400,3614.73,1447.68,1.2,0.0,49.90345979989771,-1.2,9999.0,0
190000,3600,1400,3569.91,1467.31,1.2,0.0,73.72953410947339,-1.2,9999.0,0
190000,3600,1400,3667.15,1379.5,1.2,0.0,70.20949009927371,-1.2,9999.0,0
190000,3600,1400,3643.98,1361.33,1.2,0.0,58.56286622084004,-1.2,9999.0,0
190000,3600,1400,3678.54,1369.24,1.2,0.0,84.34873561589404,-1.2,9999.0,0
190000,3600,1400,3639.32,1414.35,1.2,0.0,41.856718696047,-1.2,9999.0,0
190000,3600,1400,3610.53,1453.9,1.2,0.0,54.91894846043589,-1.2,9999.0,0
190000,3600,1400,3554.94,1468.84,1.2,0.0,82.27605483978911,-1.2,9999.0,0
190000,3600,1400,3623.32,1429.24,1.2,0.0,37.40053475553536,-1.2,9999.0,0
190000,3600,1400,3660.65,1334.37,1.2,0.0,89.36285246118784,-1.2,9999.0,0
190000,3600,1400,3653.25,1333.37,1.2,0.0,85.29431047848394,-1.2,9999.0,0
190000,3600,1400,3527.76,1508.39,1.2,0.0,130.25747464157283,-1.2,9999.0,0
190000,3600,1400,3553.96,1457.33,1.2,0.0,73.52829727390666,-1.2,9999.0,0
190000,3600,1400,3630.85,1412.44,1.2,0.0,33.26373550880893,-1.2,9999.0,0
190000,3600,1400,3687.84,1592.83,1.2,13.2,211.8944890741616,12.0,17.657874089513466,0
190000,3600,1400,3665.35,1387.46,1.2,0.0,66.54227303000692,-1.2,9999.0,0
190000,3600,1400,3523.73,1514.72,1.2,0.0,137.75990454410166,-1.2,9999.0,0
190000,3600,1400,3548.66,1452.02,1.2,0.0,73.08813857254823,-1.2,9999.0,0
190000,3600,1400,3697.3,1353.53,1.2,0.0,107.82741256285452,-1.2,9999.0,0
190000,3600,1400,3629.24,1420.46,1.2,0.0,35.687381523445914,-1.2,9999.0,0
190000,3600,1400,3619.13,1435.46,1.2,0.0,40.29104739269019,-1.2,9999.0,0
190000,3600,1400,3723.78,1409.24,1.2,0.0,124.12439727950364,-1.2,9999.0,0
190000,3600,1400,3653.29,1407.08,1.2,0.0,53.75825983046694,-1.2,9999.0,0
191000,3600,1400,3640.64,1410.24,1.2,0.0,41.91022786862403,-1.2,9999.0,0
191000,3600,1400,3783.11,1670.18,1.2,13.73,326.3839832160887,12.53,26.04820297015872,0
191000,3600,1400,3507.61,1540.03,1.2,0.0,167.7626686721452,-1.2,9999.0,0
191000,3600,1400,3645.75,1333.57,1.2,0.0,80.65982519197527,-1.2,9999.0,0
191000,3600,1400,3702.03,1413.71,1.2,0.0,102.947000927662,-1.2,9999.0,0
191000,3600,1400,3537.83,1493.48,1.2,0.0,112.26584208921255,-1.2,9999.0,0
191000,3600,1400,3669.75,1381.38,1.2,0.0,72.19256817706373,-1.2,9999.0,0
191000,3600,1400,3656.14,1401.07,1.2,0.0,56.15019590348715,-1.2,9999.0,0
191000,3600,1400,3567.77,1455.06,1.2,0.0,63.799502349156256,-1.2,9999.0,0
191000,3600,1400,3687.34,1357.09,1.2,0.0,97.31158050304204,-1.2,9999.0,0
191000,3600,1400,3709.28,1412.22,1.2,0.0,109.9611149452389,-1.2,9999.0,0
191000,3600,1400,3630.29,1332.96,1.2,0.0,73.56524790959378,-1.2,9999.0,0
191000,3600,1400,3673.03,1419.66,1.2,0.0,75.6299973555469,-1.2,9999.0,0
191000,3600,1400,3716.53,1410.73,1.2,0.0,117.02296270390715,-1.2,9999.0,0
191000,3600,1400,3680.35,1361.28,1.2,0.0,89.19282986877357,-1.2,9999.0,0
191000,3600,1400,3752.02,1403.44,1.2,0.0,152.05891621342036,-1.2,9999.0,0
191000,3600,1400,3671.55,1373.43,1.2,0.0,76.32409449184459,-1.2,9999.0,0
191000,3600,1400,3623.16,1335.28,1.2,0.0,68.73910095426035,-1.2,9999.0,0
191000,3600,1400,3674.15,1375.31,1.2,0.0,78.15253418795847,-1.2,9999.0,0
191000,3600,1400,3667.8,1336.48,1.2,0.0,92.90656812088164,-1.2,9999.0,0
191000,3600,1400,3511.64,1533.7,1.2,0.0,160.25972544591494,-1.2,9999.0,0
191000,3600,1400,3675.95,1367.36,1.2,0.0,82.66663232526156,-1.2,9999.0,0
191000,3600,1400,3495.53,1559.01,1.2,0.0,190.25814305831943,-1.2,9999.0,0
191000,3600,1400,3682.94,1363.16,1.2,0.0,90.75367320389849,-1.2,9999.0,0
191000,3600,1400,3519.7,1521.05,1.2,0.0,145.2624951596248,-1.2,9999.0,0
191000,3600,1400,3543.36,1446.71,1.2,0.0,73.41603162797611,-1.2,9999.0,0
191000,3600,1400,3503.59,1546.35,1.2,0.0,175.25184906299833,-1.2,9999.0,0
191000,3600,1400,3515.67,1527.37,1.2,0.0,152.75688462390153,-1.2,9999.0,0
191000,3600,1400,3527.4,1430.86,1.2,0.0,78.88662497534028,-1.2,9999.0,0
191000,3600,1400,3627.32,1429.03,1.2,0.0,39.86380940151113,-1.2,9999.0,0
191000,3600,1400,3499.56,1552.68,1.2,0.0,182.75496162895288,-1.2,9999.0,0
191000,3600,1400,3744.67,1404.95,1.2,0.0,144.75465933779134,-1.2,9999.0,0
191000,3600,1400,4103.79,1332.23,1.2,2.4,508.327784997043,1.2,423.60648749753585,0
191000,3600,1400,3606.33,1460.12,1.2,0.0,60.45232253602823,-1.2,9999.0,0
191000,3600,1400,3981.58,1302.78,1.2,12.43,393.7702690656062,11.23,35.06413793994712,0
191000,3600,1400,3662.76,1385.58,1.2,0.0,64.39529485917453,-1.2,9999.0,0
191000,3600,1400,3760.88,1241.68,1.2,26.34,225.7157433587653,25.14,8.978350968924634,0
191000,3600,1400,3557.28,1557.69,1.2,25.52,163.37421614196043,24.32,6.7176898084687675,0
191000,3600,1400,3703.78,1357.3,1.2,0.0,112.22111387791536,-1.2,9999.0,0
191000,3600,1400,3427.29,1660.87,1.2,11.63,312.8608332789516,10.43,29.99624480143352,0
191000,3600,1400,3809.99,1156.65,1.2,26.94,321.4265430856634,25.74,12.48743368631171,0
191000,3600,1400,3639.17,1324.34,1.2,0.0,85.19814845405983,-1.2,9999.0,0
191000,3600,1400,3674.56,1339.71,1.2,0.0,95.8857533734808,-1.2,9999.0,0
191000,3600,1400,3823.91,1023.63,1.2,14.42,437.9384260372684,13.22,33.126961122334976,0
191000,3600,1400,3710.26,1361.08,1.2,0.0,116.92747324730854,-1.2,9999.0,0
191000,3600,1400,3956.62,1304.86,1.2,13.9,369.0927308956381,12.7,29.062419755562058,0
191000,3600,1400,3680.62,1339.73,1.2,0.0,100.6581208845068,-1.2,9999.0,0
191000,3600,1400,3509.47,1413.45,1.2,13.61,91.52367671810414,12.41,7.37499409493184,0
191000,3600,1400,3649.78,1390.17,1.2,5.85,50.74127806825542,4.65,10.912102810377508,0
191000,3600,1400,3482.08,1579.92,1.2,12.28,215.11934548059605,11.08,19.415103382725274,0
191000,3600,1400,3986.64,1351.96,1.2,26.11,389.6130531694233,24.91,15.640829111578617,0
191000,3600,1400,3762.82,1401.22,1.2,0.0,162.82457062740886,-1.2,9999.0,0
191000,3600,1400,3449.28,1633.96,1.2,13.55,278.30522812193084,12.35,22.53483628517659,0
191000,3600,1400,3674.21,1335.84,1.2,0.0,98.10010040769588,-1.2,9999.0,0
191000,3600,1400,4014.87,1295.63,1.2,14.76,427.79693056402346,13.56,31.54844620678639,0
191000,3600,1400,3670.87,1423.32,1.2,0.0,74.60817180443428,-1.2,9999.0,0
191000,3600,1400,3640.29,1588.02,1.2,13.88,192.2883368798014,12.68,15.164695337523769,0
191000,3600,1400,3833.03,1050.26,1.2,17.05,420.26307058793554,15.85,26.515020226368172,0
191000,3600,1400,3538.87,1561.74,1.2,15.52,172.90663521102948,14.32,12.074485699094238,0
191000,3600,1400,3503.85,1551.88,1.2,12.39,179.75638208419764,11.19,16.064019846666458,0
191000,3600,1400,3498.26,1407.04,1.2,10.53,101.98327902161196,9.33,10.930683710783704,0
191000,3600,1400,3718.52,1292.65,1.2,3.82,159.90938965551703,2.62,61.034118189128634,0
191000,3600,1400,3680.28,1418.17,1.2,0.0,82.3105540012946,-1.2,9999.0,0
191000,3600,1400,3568.1,1448.45,1.2,1.69,58.00872779160055,0.49,118.38515875836848,0
191000,3600,1400,3642.21,1370.92,1.2,0.0,51.25749213529666,-1.2,9999.0,0
191000,3600,1400,3641.18,1411.75,1.2,0.0,42.82353208225574,-1.2,9999.0,0
191000,3600,1400,3658.35,1420.38,1.2,0.0,61.8066897673706,-1.2,9999.0,0
191000,3600,1400,3550.66,1475.0,1.2,0.0,89.77435936836316,-1.2,9999.0,0
191000,3600,1400,3631.53,1422.8,1.2,0.0,38.90990747868736,-1.2,9999.0,0
191000,3600,1400,3665.7,1420.67,1.2,0.0,68.87480598883731,-1.2,9999.0,0
191000,3600,1400,3646.63,1376.07,1.2,0.0,52.41184789720749,-1.2,9999.0,0
191000,3600,1400,3623.12,1435.25,1.2,0.0,42.15562714513918,-1.2,9999.0,0
191000,3600,1400,3581.34,1470.85,1.2,0.0,73.26607741649597,-1.2,9999.0,0
191000,3600,1400,3694.78,1415.19,1.2,0.0,95.98950203017016,-1.2,9999.0,0
191000,3600,1400,3546.39,1481.16,1.2,0.0,97.26755728401956,-1.2,9999.0,0
191000,3600,1400,3647.02,1408.17,1.2,0.0,47.72451466489732,-1.2,9999.0,0
191000,3600,1400,3575.04,1466.79,1.2,0.0,71.30151260667614,-1.2,9999.0,0
191000,3600,1400,3618.93,1441.47,1.2,0.0,45.58624573267683,-1.2,9999.0,0
191000,3600,1400,3641.61,1346.51,1.2,0.0,67.76851924013104,-1.2,9999.0,0
191000,3600,1400,3649.8,1382.79,1.2,0.0,52.68988612627683,-1.2,9999.0,0
191000,3600,1400,3687.53,1416.68,1.2,0.0,89.10512499289835,-1.2,9999.0,0
191000,3600,1400,3642.8,1353.92,1.2,0.0,62.89043170467197,-1.2,9999.0,0
191000,3600,1400,3645.13,1368.74,1.2,0.0,54.89903915370477,-1.2,9999.0,0
191000,3600,1400,3542.11,1487.32,1.2,0.0,104.76657148155596,-1.2,9999.0,0
191000,3600,1400,3633.55,1414.17,1.2,0.0,36.41965678037088,-1.2,9999.0,0
191000,3600,1400,3635.66,1416.73,1.2,0.0,39.38944655615245,-1.2,9999.0,0
191000,3600,1400,3614.73,1447.68,1.2,0.0,49.90345979989771,-1.2,9999.0,0
191000,3600,1400,3569.91,1467.31,1.2,0.0,73.72953410947339,-1.2,9999.0,0
191000,3600,1400,3667.15,1379.5,1.2,0.0,70.20949009927371,-1.2,9999.0,0
191000,3600,1400,3643.98,1361.33,1.2,0.0,58.56286622084004,-1.2,9999.0,0
191000,3600,1400,3678.54,1369.24,1.2,0.0,84.34873561589404,-1.2,9999.0,0
191000,3600,1400,3639.32,1414.35,1.2,0.0,41.856718696047,-1.2,9999.0,0
191000,3600,1400,3610.53,1453.9,1.2,0.0,54.91894846043589,-1.2,9999.0,0
191000,3600,1400,3554.94,1468.84,1.2,0.0,82.27605483978911,-1.2,9999.0,0
191000,3600,1400,3623.32,1429.24,1.2,0.0,37.40053475553536,-1.2,9999.0,0
191000,3600,1400,3660.65,1334.37,1.2,0.0,89.36285246118784,-1.2,9999.0,0
191000,3600,1400,3653.25,1333.37,1.2,0.0,85.29431047848394,-1.2,9999.0,0
191000,3600,1400,3527.76,1508.39,1.2,0.0,130.25747464157283,-1.2,9999.0,0
191000,3600,1400,3553.96,1457.33,1.2,0.0,73.52829727390666,-1.2,9999.0,0
191000,3600,1400,3630.85,1412.44,1.2,0.0,33.26373550880893,-1.2,9999.0,0
191000,3600,1400,3677.6,1588.57,1.2,12.3,203.91273844465917,11.1,18.37051697699632,0
191000,3600,1400,3665.35,1387.46,1.2,0.0,66.54227303000692,-1.2,9999.0,0
191000,3600,1400,3523.73,1514.72,1.2,0.0,137.75990454410166,-1.2,9999.0,0
191000,3600,1400,3548.66,1452.02,1.2,0.0,73.08813857254823,-1.2,9999.0,0
191000,3600,1400,3697.3,1353.53,1.2,0.0,107.82741256285452,-1.2,9999.0,0
191000,3600,1400,3629.24,1420.46,1.2,0.0,35.687381523445914,-1.2,9999.0,0
191000,3600,1400,3619.13,1435.46,1.2,0.0,40.29104739269019,-1.2,9999.0,0
191000,3600,1400,3723.78,1409.24,1.2,0.0,124.12439727950364,-1.2,9999.0,0
191000,3600,1400,3653.29,1407.08,1.2,0.0,53.75825983046694,-1.2,9999.0,0
192000,3600,1400,3640.64,1410.24,1.2,0.0,41.91022786862403,-1.2,9999.0,0
192000,3600,1400,3795.89,1669.58,1.2,12.79,333.23605522212017,11.59,28.752032374643672,0
192000,3600,1400,3507.61,1540.03,1.2,0.0,167.7626686721452,-1.2,9999.0,0
192000,3600,1400,3645.75,1333.57,1.2,0.0,80.65982519197527,-1.2,9999.0,0
192000,3600,1400,3702.03,1413.71,1.2,0.0,102.947000927662,-1.2,9999.0,0
192000,3600,1400,3537.83,1493.48,1.2,0.0,112.26584208921255,-1.2,9999.0,0
192000,3600,1400,3669.75,1381.38,1.2,0.0,72.19256817706373,-1.2,9999.0,0
192000,3600,1400,3656.14,1401.07,1.2,0.0,56.15019590348715,-1.2,9999.0,0
192000,3600,1400,3567.77,1455.06,1.2,0.0,63.799502349156256,-1.2,9999.0,0
192000,3600,1400,3687.34,1357.09,1.2,0.0,97.31158050304204,-1.2,9999.0,0
192000,3600,1400,3709.28,1412.22,1.2,0.0,109.9611149452389,-1.2,9999.0,0
192000,3600,1400,3630.29,1332.96,1.2,0.0,73.56524790959378,-1.2,9999.0,0
192000,3600,1400,3673.03,1419.66,1.2,0.0,75.6299973555469,-1.2,9999.0,0
192000,3600,1400,3716.53,1410.73,1.2,0.0,117.02296270390715,-1.2,9999.0,0
192000,3600,1400,3680.35,1361.28,1.2,0.0,89.19282986877357,-1.2,9999.0,0
192000,3600,1400,3752.02,1403.44,1.2,0.0,152.05891621342036,-1.2,9999.0,0
192000,3600,1400,3671.55,1373.43,1.2,0.0,76.32409449184459,-1.2,9999.0,0
192000,3600,1400,3623.16,1335.28,1.2,0.0,68.73910095426035,-1.2,9999.0,0
192000,3600,1400,3674.15,1375.31,1.2,0.0,78.15253418795847,-1.2,9999.0,0
192000,3600,1400,3667.8,1336.48,1.2,0.0,92.90656812088164,-1.2,9999.0,0
192000,3600,1400,3511.64,1533.7,1.2,0.0,160.25972544591494,-1.2,9999.0,0
192000,3600,1400,3675.95,1367.36,1.2,0.0,82.66663232526156,-1.2,9999.0,0
192000,3600,1400,3495.53,1559.01,1.2,0.0,190.25814305831943,-1.2,9999.0,0
192000,3600,1400,3682.94,1363.16,1.2,0.0,90.75367320389849,-1.2,9999.0,0
192000,3600,1400,3519.7,1521.05,1.2,0.0,145.2624951596248,-1.2,9999.0,0
192000,3600,1400,3543.36,1446.71,1.2,0.0,73.41603162797611,-1.2,9999.0,0
192000,3600,1400,3503.59,1546.35,1.2,0.0,175.25184906299833,-1.2,9999.0,0
192000,3600,1400,3515.67,1527.37,1.2,0.0,152.75688462390153,-1.2,9999.0,0
192000,3600,1400,3527.4,1430.86,1.2,0.0,78.88662497534028,-1.2,9999.0,0
192000,3600,1400,3627.32,1429.03,1.2,0.0,39.86380940151113,-1.2,9999.0,0
192000,3600,1400,3499.56,1552.68,1.2,0.0,182.75496162895288,-1.2,9999.0,0
192000,3600,1400,3744.67,1404.95,1.2,0.0,144.75465933779134,-1.2,9999.0,0
192000,3600,1400,4103.18,1330.31,1.2,2.08,507.9830789504708,0.8800000000000001,577.2534988073531,0
192000,3600,1400,3606.33,1460.12,1.2,0.0,60.45232253602823,-1.2,9999.0,0
192000,3600,1400,3969.67,1305.33,1.2,12.19,381.5996826518598,10.99,34.722446101170135,0
192000,3600,1400,3662.76,1385.58,1.2,0.0,64.39529485917453,-1.2,9999.0,0
192000,3600,1400,3747.66,1264.21,1.2,26.14,200.6050839335832,24.94,8.043507776005741,0
192000,3600,1400,3542.38,1580.08,1.2,26.93,189.0737178986016,25.73,7.348376132864423,0
192000,3600,1400,3703.78,1357.3,1.2,0.0,112.22111387791536,-1.2,9999.0,0
192000,3600,1400,3434.13,1650.73,1.2,12.23,300.6299881914643,11.03,27.25566529387709,0
192000,3600,1400,3794.95,1180.82,1.2,28.58,293.3349193328336,27.38,10.713474044296333,0
192000,3600,1400,3639.17,1324.34,1.2,0.0,85.19814845405983,-1.2,9999.0,0
192000,3600,1400,3674.56,1339.71,1.2,0.0,95.8857533734808,-1.2,9999.0,0
192000,3600,1400,3827.4,1039.55,1.2,16.37,426.1865348647234,15.170000000000002,28.094036576448474,0
192000,3600,1400,3710.26,1361.08,1.2,0.0,116.92747324730854,-1.2,9999.0,0
192000,3600,1400,3970.41,1301.9,1.2,14.11,383.1803467037419,12.91,29.68089439998001,0
192000,3600,1400,3680.62,1339.73,1.2,0.0,100.6581208845068,-1.2,9999.0,0
192000,3600,1400,3516.6,1420.37,1.2,9.94,85.85159812140954,8.74,9.822837313662419,0
192000,3600,1400,3646.75,1384.01,1.2,6.93,49.40893239081371,5.73,8.62285032998494,0
192000,3600,1400,3487.61,1571.43,1.2,10.14,204.9872117962484,8.940000000000001,22.929218321728005,0
192000,3600,1400,4007.97,1347.58,1.2,21.77,411.32393232098696,20.57,19.996302008798587,0
192000,3600,1400,3762.82,1401.22,1.2,0.0,162.82457062740886,-1.2,9999.0,0
192000,3600,1400,3441.69,1645.22,1.2,13.57,291.8816618083431,12.37,23.595930623148192,0
192000,3600,1400,3674.21,1335.84,1.2,0.0,98.10010040769588,-1.2,9999.0,0
192000,3600,1400,4000.45,1298.73,1.2,14.75,413.0566733512483,13.55,30.483887332195447,0
192000,3600,1400,3670.87,1423.32,1.2,0.0,74.60817180443428,-1.2,9999.0,0
192000,3600,1400,3653.41,1587.35,1.2,13.14,194.81440039175732,11.94,16.316113935658066,0
192000,3600,1400,3835.43,1068.69,1.2,18.57,406.4401567266698,17.37,23.398972753406433,0
192000,3600,1400,3548.96,1546.87,1.2,18.05,155.4859430945446,16.85,9.227652409171785,0
192000,3600,1400,3497.55,1561.78,1.2,11.73,191.49091597253368,10.53,18.185272172130457,0
192000,3600,1400,3489.14,1398.19,1.2,12.7,110.87477485884708,11.5,9.641284770334527,0
192000,3600,1400,3721.32,1288.36,1.2,5.13,164.8697425242123,3.93,41.951588428552746,0
192000,3600,1400,3680.28,1418.17,1.2,0.0,82.3105540012946,-1.2,9999.0,0
192000,3600,1400,3569.91,1445.52,1.2,3.44,54.56627621525961,2.24,24.359944738955182,0
192000,3600,1400,3641.96,1369.25,1.2,1.69,52.02118895219527,0.49,106.16569173917402,0
192000,3600,1400,3507.18,1592.95,1.2,0.0,214.11505061531767,-1.2,9999.0,0
192000,3600,1400,3641.18,1411.75,1.2,0.0,42.82353208225574,-1.2,9999.0,0
192000,3600,1400,3658.35,1420.38,1.2,0.0,61.8066897673706,-1.2,9999.0,0
192000,3600,1400,3550.66,1475.0,1.2,0.0,89.77435936836316,-1.2,9999.0,0
192000,3600,1400,3631.53,1422.8,1.2,0.0,38.90990747868736,-1.2,9999.0,0
192000,3600,1400,3665.7,1420.67,1.2,0.0,68.87480598883731,-1.2,9999.0,0
192000,3600,1400,3646.63,1376.07,1.2,0.0,52.41184789720749,-1.2,9999.0,0
192000,3600,1400,3623.12,1435.25,1.2,0.0,42.15562714513918,-1.2,9999.0,0
192000,3600,1400,3581.34,1470.85,1.2,0.0,73.26607741649597,-1.2,9999.0,0
192000,3600,1400,3694.78,1415.19,1.2,0.0,95.98950203017016,-1.2,9999.0,0
192000,3600,1400,3546.39,1481.16,1.2,0.0,97.26755728401956,-1.2,9999.0,0
192000,3600,1400,3647.02,1408.17,1.2,0.0,47.72451466489732,-1.2,9999.0,0
192000,3600,1400,3575.04,1466.79,1.2,0.0,71.30151260667614,-1.2,9999.0,0
192000,3600,1400,3618.93,1441.47,1.2,0.0,45.58624573267683,-1.2,9999.0,0
192000,3600,1400,3641.61,1346.51,1.2,0.0,67.76851924013104,-1.2,9999.0,0
192000,3600,1400,3649.8,1382.79,1.2,0.0,52.68988612627683,-1.2,9999.0,0
192000,3600,1400,3687.53,1416.68,1.2,0.0,89.10512499289835,-1.2,9999.0,0
192000,3600,1400,3642.8,1353.92,1.2,0.0,62.89043170467197,-1.2,9999.0,0
192000,3600,1400,3645.13,1368.74,1.2,0.0,54.89903915370477,-1.2,9999.0,0
192000,3600,1400,3542.11,1487.32,1.2,0.0,104.76657148155596,-1.2,9999.0,0
192000,3600,1400,3633.55,1414.17,1.2,0.0,36.41965678037088,-1.2,9999.0,0
192000,3600,1400,3635.66,1416.73,1.2,0.0,39.38944655615245,-1.2,9999.0,0
192000,3600,1400,3614.73,1447.68,1.2,0.0,49.90345979989771,-1.2,9999.0,0
192000,3600,1400,3569.91,1467.31,1.2,0.0,73.72953410947339,-1.2,9999.0,0
192000,3600,1400,3667.15,1379.5,1.2,0.0,70.20949009927371,-1.2,9999.0,0
192000,3600,1400,3643.98,1361.33,1.2,0.0,58.56286622084004,-1.2,9999.0,0
192000,3600,1400,3678.54,1369.24,1.2,0.0,84.34873561589404,-1.2,9999.0,0
192000,3600,1400,3639.32,1414.35,1.2,0.0,41.856718696047,-1.2,9999.0,0
192000,3600,1400,3610.53,1453.9,1.2,0.0,54.91894846043589,-1.2,9999.0,0
192000,3600,1400,3554.94,1468.84,1.2,0.0,82.27605483978911,-1.2,9999.0,0
192000,3600,1400,3623.32,1429.24,1.2,0.0,37.40053475553536,-1.2,9999.0,0
192000,3600,1400,3660.65,1334.37,1.2,0.0,89.36285246118784,-1.2,9999.0,0
192000,3600,1400,3653.25,1333.37,1.2,0.0,85.29431047848394,-1.2,9999.0,0
192000,3600,1400,3527.76,1508.39,1.2,0.0,130.25747464157283,-1.2,9999.0,0
192000,3600,1400,3553.96,1457.33,1.2,0.0,73.52829727390666,-1.2,9999.0,0
192000,3600,1400,3630.85,1412.44,1.2,0.0,33.26373550880893,-1.2,9999.0,0
192000,3600,1400,3665.35,1387.46,1.2,0.0,66.54227303000692,-1.2,9999.0,0
192000,3600,1400,3523.73,1514.72,1.2,0.0,137.75990454410166,-1.2,9999.0,0
192000,3600,1400,3548.66,1452.02,1.2,0.0,73.08813857254823,-1.2,9999.0,0
192000,3600,1400,3697.3,1353.53,1.2,0.0,107.82741256285452,-1.2,9999.0,0
192000,3600,1400,3629.24,1420.46,1.2,0.0,35.687381523445914,-1.2,9999.0,0
192000,3600,1400,3619.13,1435.46,1.2,0.0,40.29104739269019,-1.2,9999.0,0
192000,3600,1400,3723.78,1409.24,1.2,0.0,124.12439727950364,-1.2,9999.0,0
192000,3600,1400,3653.29,1407.08,1.2,0.0,53.75825983046694,-1.2,9999.0,0
193000,3600,1400,3640.64,1410.24,1.2,0.0,41.91022786862403,-1.2,9999.0,0
193000,3600,1400,3809.64,1668.93,1.2,13.77,340.9872057717122,12.57,27.127064898306458,0
193000,3600,1400,3507.61,1540.03,1.2,0.0,167.7626686721452,-1.2,9999.0,0
193000,3600,1400,3645.75,1333.57,1.2,0.0,80.65982519197527,-1.2,9999.0,0
193000,3600,1400,3702.03,1413.71,1.2,0.0,102.947000927662,-1.2,9999.0,0
193000,3600,1400,3537.83,1493.48,1.2,0.0,112.26584208921255,-1.2,9999.0,0
193000,3600,1400,3669.75,1381.38,1.2,0.0,72.19256817706373,-1.2,9999.0,0
193000,3600,1400,3656.14,1401.07,1.2,0.0,56.15019590348715,-1.2,9999.0,0
193000,3600,1400,3567.77,1455.06,1.2,0.0,63.799502349156256,-1.2,9999.0,0
193000,3600,1400,3687.34,1357.09,1.2,0.0,97.31158050304204,-1.2,9999.0,0
193000,3600,1400,3709.28,1412.22,1.2,0.0,109.9611149452389,-1.2,9999.0,0
193000,3600,1400,3630.29,1332.96,1.2,0.0,73.56524790959378,-1.2,9999.0,0
193000,3600,1400,3673.03,1419.66,1.2,0.0,75.6299973555469,-1.2,9999.0,0
193000,3600,1400,3716.53,1410.73,1.2,0.0,117.02296270390715,-1.2,9999.0,0
193000,3600,1400,3680.35,1361.28,1.2,0.0,89.19282986877357,-1.2,9999.0,0
193000,3600,1400,3752.02,1403.44,1.2,0.0,152.05891621342036,-1.2,9999.0,0
193000,3600,1400,3671.55,1373.43,1.2,0.0,76.32409449184459,-1.2,9999.0,0
193000,3600,1400,3623.16,1335.28,1.2,0.0,68.73910095426035,-1.2,9999.0,0
193000,3600,1400,3674.15,1375.31,1.2,0.0,78.15253418795847,-1.2,9999.0,0
193000,3600,1400,3667.8,1336.48,1.2,0.0,92.90656812088164,-1.2,9999.0,0
193000,3600,1400,3511.64,1533.7,1.2,0.0,160.25972544591494,-1.2,9999.0,0
193000,3600,1400,3675.95,1367.36,1.2,0.0,82.66663232526156,-1.2,9999.0,0
193000,3600,1400,3495.53,1559.01,1.2,0.0,190.25814305831943,-1.2,9999.0,0
193000,3600,1400,3682.94,1363.16,1.2,0.0,90.75367320389849,-1.2,9999.0,0
193000,3600,1400,3519.7,1521.05,1.2,0.0,145.2624951596248,-1.2,9999.0,0
193000,3600,1400,3543.36,1446.71,1.2,0.0,73.41603162797611,-1.2,9999.0,0
193000,3600,1400,3503.59,1546.35,1.2,0.0,175.25184906299833,-1.2,9999.0,0
193000,3600,1400,3515.67,1527.37,1.2,0.0,152.75688462390153,-1.2,9999.0,0
193000,3600,1400,3527.4,1430.86,1.2,0.0,78.88662497534028,-1.2,9999.0,0
193000,3600,1400,3627.32,1429.03,1.2,0.0,39.86380940151113,-1.2,9999.0,0
193000,3600,1400,3499.56,1552.68,1.2,0.0,182.75496162895288,-1.2,9999.0,0
193000,3600,1400,3744.67,1404.95,1.2,0.0,144.75465933779134,-1.2,9999.0,0
193000,3600,1400,4102.47,1326.18,1.2,4.19,507.8636562109955,2.99,169.8540656224065,0
193000,3600,1400,3606.33,1460.12,1.2,0.0,60.45232253602823,-1.2,9999.0,0
193000,3600,1400,3957.2,1308.01,1.2,12.75,368.8549851906571,11.55,31.935496553303643,0
193000,3600,1400,3662.76,1385.58,1.2,0.0,64.39529485917453,-1.2,9999.0,0
193000,3600,1400,3734.27,1286.1,1.2,25.61,176.0728340772648,24.41,7.213143550891634,0
193000,3600,1400,3527.29,1603.26,1.2,27.77,215.87350856462217,26.57,8.124708639993306,0
193000,3600,1400,3703.78,1357.3,1.2,0.0,112.22111387791536,-1.2,9999.0,0
193000,3600,1400,3440.74,1640.92,1.2,11.83,288.801305398712,10.63,27.168514148514767,0
193000,3600,1400,3779.17,1206.24,1.2,30.03,263.9030626953769,28.83,9.153765615517756,0
193000,3600,1400,3639.17,1324.34,1.2,0.0,85.19814845405983,-1.2,9999.0,0
193000,3600,1400,3674.56,1339.71,1.2,0.0,95.8857533734808,-1.2,9999.0,0
193000,3600,1400,3831.41,1057.86,1.2,18.81,413.05007892506205,17.61,23.45542753691437,0
193000,3600,1400,3710.26,1361.08,1.2,0.0,116.92747324730854,-1.2,9999.0,0
193000,3600,1400,3984.69,1298.83,1.2,14.61,397.770995674647,13.41,29.6622666424047,0
193000,3600,1400,3680.62,1339.73,1.2,0.0,100.6581208845068,-1.2,9999.0,0
193000,3600,1400,3520.5,1424.16,1.2,5.44,83.09004513177258,4.24,19.596708757493534,0
193000,3600,1400,3644.08,1378.76,1.2,5.93,48.93039954874673,4.73,10.344693350686411,0
193000,3600,1400,3490.64,1566.68,1.2,5.64,199.35353520818248,4.44,44.89944486670776,0
193000,3600,1400,4024.89,1344.11,1.2,17.27,428.55011865591626,16.07,26.667711179584085,0
193000,3600,1400,3762.82,1401.22,1.2,0.0,162.82457062740886,-1.2,9999.0,0
193000,3600,1400,3433.77,1656.98,1.2,14.19,306.0574019689771,12.99,23.561000921399316,0
193000,3600,1400,3674.21,1335.84,1.2,0.0,98.10010040769588,-1.2,9999.0,0
193000,3600,1400,3987.26,1301.56,1.2,13.49,399.57570146344005,12.29,32.51226212070302,0
193000,3600,1400,3670.87,1423.32,1.2,0.0,74.60817180443428,-1.2,9999.0,0
193000,3600,1400,3667.43,1586.35,1.2,14.05,198.17448725807253,12.85,15.422139086231326,0
193000,3600,1400,3836.07,1089.52,1.2,20.76,390.0344539909264,19.56,19.940411758227324,0
193000,3600,1400,3560.81,1531.72,1.2,19.38,137.42639666381424,18.18,7.559207737283512,0
193000,3600,1400,3490.73,1572.49,1.2,12.7,204.1879844652961,11.5,17.75547691002575,0
193000,3600,1400,3479.17,1388.51,1.2,13.9,121.37507569513596,12.7,9.557092574420155,0
193000,3600,1400,3724.94,1282.82,1.2,6.62,171.29260345969416,5.42,31.603801376327336,0
193000,3600,1400,3680.28,1418.17,1.2,0.0,82.3105540012946,-1.2,9999.0,0
193000,3600,1400,3572.75,1440.93,1.2,5.4,49.17140835892343,4.2,11.707478180696054,0
193000,3600,1400,3641.48,1366.04,1.2,3.25,53.608506787635896,2.05,26.15049111591995,0
193000,3600,1400,3508.14,1591.31,1.2,1.89,212.22105385658605,0.69,307.56674471968995,0
193000,3600,1400,3528.26,1513.57,1.2,0.0,134.33083227613812,-1.2,9999.0,0
193000,3600,1400,3641.18,1411.75,1.2,0.0,42.82353208225574,-1.2,9999.0,0
193000,3600,1400,3658.35,1420.38,1.2,0.0,61.8066897673706,-1.2,9999.0,0
193000,3600,1400,3550.66,1475.0,1.2,0.0,89.77435936836316,-1.2,9999.0,0
193000,3600,1400,3631.53,1422.8,1.2,0.0,38.90990747868736,-1.2,9999.0,0
193000,3600,1400,3665.7,1420.67,1.2,0.0,68.87480598883731,-1.2,9999.0,0
193000,3600,1400,3646.63,1376.07,1.2,0.0,52.41184789720749,-1.2,9999.0,0
193000,3600,1400,3623.12,1435.25,1.2,0.0,42.15562714513918,-1.2,9999.0,0
193000,3600,1400,3581.34,1470.85,1.2,0.0,73.26607741649597,-1.2,9999.0,0
193000,3600,1400,3694.78,1415.19,1.2,0.0,95.98950203017016,-1.2,9999.0,0
193000,3600,1400,3546.39,1481.16,1.2,0.0,97.26755728401956,-1.2,9999.0,0
193000,3600,1400,3647.02,1408.17,1.2,0.0,47.72451466489732,-1.2,9999.0,0
193000,3600,1400,3575.04,1466.79,1.2,0.0,71.30151260667614,-1.2,9999.0,0
193000,3600,1400,3618.93,1441.47,1.2,0.0,45.58624573267683,-1.2,9999.0,0
193000,3600,1400,3641.61,1346.51,1.2,0.0,67.76851924013104,-1.2,9999.0,0
193000,3600,1400,3649.8,1382.79,1.2,0.0,52.68988612627683,-1.2,9999.0,0
193000,3600,1400,3687.53,1416.68,1.2,0.0,89.10512499289835,-1.2,9999.0,0
193000,3600,1400,3642.8,1353.92,1.2,0.0,62.89043170467197,-1.2,9999.0,0
193000,3600,1400,3645.13,1368.74,1.2,0.0,54.89903915370477,-1.2,9999.0,0
193000,3600,1400,3542.11,1487.32,1.2,0.0,104.76657148155596,-1.2,9999.0,0
193000,3600,1400,3633.55,1414.17,1.2,0.0,36.41965678037088,-1.2,9999.0,0
193000,3600,1400,3635.66,1416.73,1.2,0.0,39.38944655615245,-1.2,9999.0,0
193000,3600,1400,3614.73,1447.68,1.2,0.0,49.90345979989771,-1.2,9999.0,0
193000,3600,1400,3569.91,1467.31,1.2,0.0,73.72953410947339,-1.2,9999.0,0
193000,3600,1400,3667.15,1379.5,1.2,0.0,70.20949009927371,-1.2,9999.0,0
193000,3600,1400,3643.98,1361.33,1.2,0.0,58.56286622084004,-1.2,9999.0,0
193000,3600,1400,3678.54,1369.24,1.2,0.0,84.34873561589404,-1.2,9999.0,0
193000,3600,1400,3639.32,1414.35,1.2,0.0,41.856718696047,-1.2,9999.0,0
193000,3600,1400,3610.53,1453.9,1.2,0.0,54.91894846043589,-1.2,9999.0,0
193000,3600,1400,3554.94,1468.84,1.2,0.0,82.27605483978911,-1.2,9999.0,0
193000,3600,1400,3623.32,1429.24,1.2,0.0,37.40053475553536,-1.2,9999.0,0
193000,3600,1400,3660.65,1334.37,1.2,0.0,89.36285246118784,-1.2,9999.0,0
193000,3600,1400,3653.25,1333.37,1.2,0.0,85.29431047848394,-1.2,9999.0,0
193000,3600,1400,3527.76,1508.39,1.2,0.0,130.25747464157283,-1.2,9999.0,0
193000,3600,1400,3553.96,1457.33,1.2,0.0,73.52829727390666,-1.2,9999.0,0
193000,3600,1400,3630.85,1412.44,1.2,0.0,33.26373550880893,-1.2,9999.0,0
193000,3600,1400,3665.35,1387.46,1.2,0.0,66.54227303000692,-1.2,9999.0,0
193000,3600,1400,3523.73,1514.72,1.2,0.0,137.75990454410166,-1.2,9999.0,0
193000,3600,1400,3548.66,1452.02,1.2,0.0,73.08813857254823,-1.2,9999.0,0
193000,3600,1400,3697.3,1353.53,1.2,0.0,107.82741256285452,-1.2,9999.0,0
193000,3600,1400,3629.24,1420.46,1.2,0.0,35.687381523445914,-1.2,9999.0,0
193000,3600,1400,3619.13,1435.46,1.2,0.0,40.29104739269019,-1.2,9999.0,0
193000,3600,1400,3723.78,1409.24,1.2,0.0,124.12439727950364,-1.2,9999.0,0
193000,3600,1400,3653.29,1407.08,1.2,0.0,53.75825983046694,-1.2,9999.0,0
194000,3600,1400,3640.64,1410.24,1.2,0.0,41.91022786862403,-1.2,9999.0,0
194000,3600,1400,3823.08,1668.3,1.2,13.45,348.9263194429448,12.25,28.483781179015903,0
194000,3600,1400,3507.61,1540.03,1.2,0.0,167.7626686721452,-1.2,9999.0,0
194000,3600,1400,3645.75,1333.57,1.2,0.0,80.65982519197527,-1.2,9999.0,0
194000,3600,1400,3702.03,1413.71,1.2,0.0,102.947000927662,-1.2,9999.0,0
194000,3600,1400,3537.83,1493.48,1.2,0.0,112.26584208921255,-1.2,9999.0,0
194000,3600,1400,3669.75,1381.38,1.2,0.0,72.19256817706373,-1.2,9999.0,0
194000,3600,1400,3656.14,1401.07,1.2,0.0,56.15019590348715,-1.2,9999.0,0
194000,3600,1400,3567.77,1455.06,1.2,0.0,63.799502349156256,-1.2,9999.0,0
194000,3600,1400,3687.34,1357.09,1.2,0.0,97.31158050304204,-1.2,9999.0,0
194000,3600,1400,3709.28,1412.22,1.2,0.0,109.9611149452389,-1.2,9999.0,0
194000,3600,1400,3630.29,1332.96,1.2,0.0,73.56524790959378,-1.2,9999.0,0
194000,3600,1400,3673.03,1419.66,1.2,0.0,75.6299973555469,-1.2,9999.0,0
194000,3600,1400,3716.53,1410.73,1.2,0.0,117.02296270390715,-1.2,9999.0,0
194000,3600,1400,3680.35,1361.28,1.2,0.0,89.19282986877357,-1.2,9999.0,0
194000,3600,1400,3752.02,1403.44,1.2,0.0,152.05891621342036,-1.2,9999.0,0
194000,3600,1400,3671.55,1373.43,1.2,0.0,76.32409449184459,-1.2,9999.0,0
194000,3600,1400,3623.16,1335.28,1.2,0.0,68.73910095426035,-1.2,9999.0,0
194000,3600,1400,3674.15,1375.31,1.2,0.0,78.15253418795847,-1.2,9999.0,0
194000,3600,1400,3667.8,1336.48,1.2,0.0,92.90656812088164,-1.2,9999.0,0
194000,3600,1400,3511.64,1533.7,1.2,0.0,160.25972544591494,-1.2,9999.0,0
194000,3600,1400,3675.95,1367.36,1.2,0.0,82.66663232526156,-1.2,9999.0,0
194000,3600,1400,3495.53,1559.01,1.2,0.0,190.25814305831943,-1.2,9999.0,0
194000,3600,1400,3682.94,1363.16,1.2,0.0,90.75367320389849,-1.2,9999.0,0
194000,3600,1400,3519.7,1521.05,1.2,0.0,145.2624951596248,-1.2,9999.0,0
194000,3600,1400,3543.36,1446.71,1.2,0.0,73.41603162797611,-1.2,9999.0,0
194000,3600,1400,3503.59,1546.35,1.2,0.0,175.25184906299833,-1.2,9999.0,0
194000,3600,1400,3515.67,1527.37,1.2,0.0,152.75688462390153,-1.2,9999.0,0
194000,3600,1400,3527.4,1430.86,1.2,0.0,78.88662497534028,-1.2,9999.0,0
194000,3600,1400,3627.32,1429.03,1.2,0.0,39.86380940151113,-1.2,9999.0,0
194000,3600,1400,3499.56,1552.68,1.2,0.0,182.75496162895288,-1.2,9999.0,0
194000,3600,1400,3744.67,1404.95,1.2,0.0,144.75465933779134,-1.2,9999.0,0
194000,3600,1400,4101.49,1320.66,1.2,5.61,507.7273438569167,4.41,115.13091697435753,0
194000,3600,1400,3606.33,1460.12,1.2,0.0,60.45232253602823,-1.2,9999.0,0
194000,3600,1400,3944.82,1310.67,1.2,12.67,356.20314611187825,11.47,31.055200184121905,0
194000,3600,1400,3662.76,1385.58,1.2,0.0,64.39529485917453,-1.2,9999.0,0
194000,3600,1400,3721.44,1305.72,1.2,23.44,153.7413152018676,22.24,6.912828920947284,0
194000,3600,1400,3512.71,1626.88,1.2,27.71,243.0927364196636,26.51,9.169850487350569,0
194000,3600,1400,3703.78,1357.3,1.2,0.0,112.22111387791536,-1.2,9999.0,0
194000,3600,1400,3447.79,1630.47,1.2,12.61,276.1961350200253,11.41,24.206497372482495,0
194000,3600,1400,3761.97,1233.82,1.2,32.53,232.0561856533886,31.33,7.406836439623001,0
194000,3600,1400,3639.17,1324.34,1.2,0.0,85.19814845405983,-1.2,9999.0,0
194000,3600,1400,3674.56,1339.71,1.2,0.0,95.8857533734808,-1.2,9999.0,0
194000,3600,1400,3832.77,1078.65,1.2,20.92,396.7967935858353,19.72,20.1215412568882,0
194000,3600,1400,3710.26,1361.08,1.2,0.0,116.92747324730854,-1.2,9999.0,0
194000,3600,1400,3998.45,1295.88,1.2,14.07,411.8293055381074,12.87,31.999169039479987,0
194000,3600,1400,3680.62,1339.73,1.2,0.0,100.6581208845068,-1.2,9999.0,0
194000,3600,1400,3521.44,1425.08,1.2,1.32,82.46623551490626,0.1200000000000001,687.2186292908849,0
194000,3600,1400,3642.92,1374.73,1.2,4.2,49.80661903803555,3.0,16.60220634601185,0
194000,3600,1400,3491.32,1565.61,1.2,1.26,198.08587657882103,0.06,3301.431276313684,0
194000,3600,1400,4037.4,1341.57,1.2,12.77,441.28542339397535,11.57,38.14048603232285,0
194000,3600,1400,3762.82,1401.22,1.2,0.0,162.82457062740886,-1.2,9999.0,0
194000,3600,1400,3426.38,1667.93,1.2,13.21,319.2653900754042,12.010000000000002,26.583296425928737,0
194000,3600,1400,3674.21,1335.84,1.2,0.0,98.10010040769588,-1.2,9999.0,0
194000,3600,1400,3973.66,1304.48,1.2,13.91,385.6758561279146,12.71,30.34428451045748,0
194000,3600,1400,3670.87,1423.32,1.2,0.0,74.60817180443428,-1.2,9999.0,0
194000,3600,1400,3681.17,1584.95,1.2,13.81,201.97789829582848,12.61,16.01727980141384,0
194000,3600,1400,3833.55,1111.93,1.2,22.51,370.850276257144,21.31,17.402640837970157,0
194000,3600,1400,3572.77,1513.67,1.2,21.62,116.8860205499358,20.42,5.7240950318283925,0
194000,3600,1400,3483.81,1583.09,1.2,12.66,216.84571519861765,11.46,18.921964677017247,0
194000,3600,1400,3470.62,1380.21,1.2,11.92,130.88479094226352,10.72,12.209402140136522,0
194000,3600,1400,3729.87,1275.2,1.2,9.1,180.1145660406175,7.899999999999999,22.79931215704019,0
194000,3600,1400,3680.28,1418.17,1.2,0.0,82.3105540012946,-1.2,9999.0,0
194000,3600,1400,3576.89,1434.25,1.2,7.86,41.31748540267191,6.66,6.2038266370378246,0
194000,3600,1400,3640.64,1360.68,1.2,5.42,56.54796194382239,4.22,13.399990981948434,0
194000,3600,1400,3513.05,1589.27,1.2,4.26,208.28690645357415,3.06,68.06761648809612,0
194000,3600,1400,3527.09,1515.41,1.2,2.17,136.5113042938203,0.97,140.73330339569102,0
194000,3600,1400,3941.67,1367.74,1.2,0.0,343.18959264523164,-1.2,9999.0,0
194000,3600,1400,3641.18,1411.75,1.2,0.0,42.82353208225574,-1.2,9999.0,0
194000,3600,1400,3658.35,1420.38,1.2,0.0,61.8066897673706,-1.2,9999.0,0
194000,3600,1400,3550.66,1475.0,1.2,0.0,89.77435936836316,-1.2,9999.0,0
194000,3600,1400,3631.53,1422.8,1.2,0.0,38.90990747868736,-1.2,9999.0,0
194000,3600,1400,3665.7,1420.67,1.2,0.0,68.87480598883731,-1.2,9999.0,0
194000,3600,1400,3646.63,1376.07,1.2,0.0,52.41184789720749,-1.2,9999.0,0
194000,3600,1400,3623.12,1435.25,1.2,0.0,42.15562714513918,-1.2,9999.0,0
194000,3600,1400,3581.34,1470.85,1.2,0.0,73.26607741649597,-1.2,9999.0,0
194000,3600,1400,3694.78,1415.19,1.2,0.0,95.98950203017016,-1.2,9999.0,0
194000,3600,1400,3546.39,1481.16,1.2,0.0,97.26755728401956,-1.2,9999.0,0
194000,3600,1400,3647.02,1408.17,1.2,0.0,47.72451466489732,-1.2,9999.0,0
194000,3600,1400,3575.04,1466.79,1.2,0.0,71.30151260667614,-1.2,9999.0,0
194000,3600,1400,3618.93,1441.47,1.2,0.0,45.58624573267683,-1.2,9999.0,0
194000,3600,1400,3641.61,1346.51,1.2,0.0,67.76851924013104,-1.2,9999.0,0
194000,3600,1400,3649.8,1382.79,1.2,0.0,52.68988612627683,-1.2,9999.0,0
194000,3600,1400,3687.53,1416.68,1.2,0.0,89.10512499289835,-1.2,9999.0,0
194000,3600,1400,3642.8,1353.92,1.2,0.0,62.89043170467197,-1.2,9999.0,0
194000,3600,1400,3645.13,1368.74,1.2,0.0,54.89903915370477,-1.2,9999.0,0
194000,3600,1400,3542.11,1487.32,1.2,0.0,104.76657148155596,-1.2,9999.0,0
194000,3600,1400,3633.55,1414.17,1.2,0.0,36.41965678037088,-1.2,9999.0,0
194000,3600,1400,3635.66,1416.73,1.2,0.0,39.38944655615245,-1.2,9999.0,0
194000,3600,1400,3614.73,1447.68,1.2,0.0,49.90345979989771,-1.2,9999.0,0
194000,3600,1400,3569.91,1467.31,1.2,0.0,73.72953410947339,-1.2,9999.0,0
194000,3600,1400,3667.15,1379.5,1.2,0.0,70.20949009927371,-1.2,9999.0,0
194000,3600,1400,3643.98,1361.33,1.2,0.0,58.56286622084004,-1.2,9999.0,0
194000,3600,1400,3678.54,1369.24,1.2,0.0,84.34873561589404,-1.2,9999.0,0
194000,3600,1400,3639.32,1414.35,1.2,0.0,41.856718696047,-1.2,9999.0,0
194000,3600,1400,3610.53,1453.9,1.2,0.0,54.91894846043589,-1.2,9999.0,0
194000,3600,1400,3554.94,1468.84,1.2,0.0,82.27605483978911,-1.2,9999.0,0
194000,3600,1400,3623.32,1429.24,1.2,0.0,37.40053475553536,-1.2,9999.0,0
194000,3600,1400,3660.65,1334.37,1.2,0.0,89.36285246118784,-1.2,9999.0,0
194000,3600,1400,3653.25,1333.37,1.2,0.0,85.29431047848394,-1.2,9999.0,0
194000,3600,1400,3527.76,1508.39,1.2,0.0,130.25747464157283,-1.2,9999.0,0
194000,3600,1400,3553.96,1457.33,1.2,0.0,73.52829727390666,-1.2,9999.0,0
194000,3600,1400,3630.85,1412.44,1.2,0.0,33.26373550880893,-1.2,9999.0,0
194000,3600,1400,3665.35,1387.46,1.2,0.0,66.54227303000692,-1.2,9999.0,0
194000,3600,1400,3523.73,1514.72,1.2,0.0,137.75990454410166,-1.2,9999.0,0
194000,3600,1400,3548.66,1452.02,1.2,0.0,73.08813857254823,-1.2,9999.0,0
194000,3600,1400,3697.3,1353.53,1.2,0.0,107.82741256285452,-1.2,9999.0,0
194000,3600,1400,3629.24,1420.46,1.2,0.0,35.687381523445914,-1.2,9999.0,0
194000,3600,1400,3619.13,1435.46,1.2,0.0,40.29104739269019,-1.2,9999.0,0
194000,3600,1400,3723.78,1409.24,1.2,0.0,124.12439727950364,-1.2,9999.0,0
194000,3600,1400,3653.29,1407.08,1.2,0.0,53.75825983046694,-1.2,9999.0,0
195000,3600,1400,3640.64,1410.24,1.2,0.0,41.91022786862403,-1.2,9999.0,0
195000,3600,1400,3837.01,1667.65,1.2,13.95,357.5056119839242,12.75,28.03965584187641,0
195000,3600,1400,3507.61,1540.03,1.2,0.0,167.7626686721452,-1.2,9999.0,0
195000,3600,1400,3645.75,1333.57,1.2,0.0,80.65982519197527,-1.2,9999.0,0
195000,3600,1400,3702.03,1413.71,1.2,0.0,102.947000927662,-1.2,9999.0,0
195000,3600,1400,3537.83,1493.48,1.2,0.0,112.26584208921255,-1.2,9999.0,0
195000,3600,1400,3669.75,1381.38,1.2,0.0,72.19256817706373,-1.2,9999.0,0
195000,3600,1400,3656.14,1401.07,1.2,0.0,56.15019590348715,-1.2,9999.0,0
195000,3600,1400,3567.77,1455.06,1.2,0.0,63.799502349156256,-1.2,9999.0,0
195000,3600,1400,3687.34,1357.09,1.2,0.0,97.31158050304204,-1.2,9999.0,0
195000,3600,1400,3709.28,1412.22,1.2,0.0,109.9611149452389,-1.2,9999.0,0
195000,3600,1400,3630.29,1332.96,1.2,0.0,73.56524790959378,-1.2,9999.0,0
195000,3600,1400,3673.03,1419.66,1.2,0.0,75.6299973555469,-1.2,9999.0,0
195000,3600,1400,3716.53,1410.73,1.2,0.0,117.02296270390715,-1.2,9999.0,0
195000,3600,1400,3680.35,1361.28,1.2,0.0,89.19282986877357,-1.2,9999.0,0
195000,3600,1400,3752.02,1403.44,1.2,0.0,152.05891621342036,-1.2,9999.0,0
195000,3600,1400,3671.55,1373.43,1.2,0.0,76.32409449184459,-1.2,9999.0,0
195000,3600,1400,3623.16,1335.28,1.2,0.0,68.73910095426035,-1.2,9999.0,0
195000,3600,1400,3674.15,1375.31,1.2,0.0,78.15253418795847,-1.2,9999.0,0
195000,3600,1400,3667.8,1336.48,1.2,0.0,92.90656812088164,-1.2,9999.0,0
195000,3600,1400,3511.64,1533.7,1.2,0.0,160.25972544591494,-1.2,9999.0,0
195000,3600,1400,3675.95,1367.36,1.2,0.0,82.66663232526156,-1.2,9999.0,0
195000,3600,1400,3495.53,1559.01,1.2,0.0,190.25814305831943,-1.2,9999.0,0
195000,3600,1400,3682.94,1363.16,1.2,0.0,90.75367320389849,-1.2,9999.0,0
195000,3600,1400,3519.7,1521.05,1.2,0.0,145.2624951596248,-1.2,9999.0,0
195000,3600,1400,3543.36,1446.71,1.2,0.0,73.41603162797611,-1.2,9999.0,0
195000,3600,1400,3503.59,1546.35,1.2,0.0,175.25184906299833,-1.2,9999.0,0
195000,3600,1400,3515.67,1527.37,1.2,0.0,152.75688462390153,-1.2,9999.0,0
195000,3600,1400,3527.4,1430.86,1.2,0.0,78.88662497534028,-1.2,9999.0,0
195000,3600,1400,3627.32,1429.03,1.2,0.0,39.86380940151113,-1.2,9999.0,0
195000,3600,1400,3499.56,1552.68,1.2,0.0,182.75496162895288,-1.2,9999.0,0
195000,3600,1400,3744.67,1404.95,1.2,0.0,144.75465933779134,-1.2,9999.0,0
195000,3600,1400,4099.87,1313.51,1.2,7.33,507.2972866081583,6.13,82.75649047441408,0
195000,3600,1400,3606.33,1460.12,1.2,0.0,60.45232253602823,-1.2,9999.0,0
195000,3600,1400,3932.82,1313.25,1.2,12.28,343.93998735244514,11.08,31.041515104011296,0
195000,3600,1400,3662.76,1385.58,1.2,0.0,64.39529485917453,-1.2,9999.0,0
195000,3600,1400,3710.66,1322.22,1.2,19.71,135.26035635026238,18.51,7.307420656416119,0
195000,3600,1400,3703.78,1357.3,1.2,0.0,112.22111387791536,-1.2,9999.0,0
195000,3600,1400,3455.03,1620.05,1.2,12.69,263.51148627716384,11.49,22.933984880519045,0
195000,3600,1400,3745.9,1260.89,1.2,31.46,201.589687484256,30.26,6.661919612830667,0
195000,3600,1400,3639.17,1324.34,1.2,0.0,85.19814845405983,-1.2,9999.0,0
195000,3600,1400,3674.56,1339.71,1.2,0.0,95.8857533734808,-1.2,9999.0,0
195000,3600,1400,3831.95,1101.23,1.2,22.74,378.23843723238906,21.54,17.559816027501814,0
195000,3600,1400,3710.26,1361.08,1.2,0.0,116.92747324730854,-1.2,9999.0,0
195000,3600,1400,4012.63,1292.83,1.2,14.51,426.3202150965869,13.31,32.03006875256099,0
195000,3600,1400,3680.62,1339.73,1.2,0.0,100.6581208845068,-1.2,9999.0,0
195000,3600,1400,3521.85,1425.48,1.2,0.57,82.19886191426264,-0.63,9999.0,0
195000,3600,1400,3641.92,1369.01,1.2,5.82,52.1312430314107,4.62,11.283818837967683,0
195000,3600,1400,3491.48,1565.36,1.2,0.3,197.7890795772101,-0.8999999999999999,9999.0,0
195000,3600,1400,4045.51,1339.92,1.2,8.27,449.5428416736276,7.069999999999999,63.58456034987661,0
195000,3600,1400,3762.82,1401.22,1.2,0.0,162.82457062740886,-1.2,9999.0,0
195000,3600,1400,3418.85,1679.11,1.2,13.49,332.74271532221405,12.29,27.074264875688698,0
195000,3600,1400,3674.21,1335.84,1.2,0.0,98.10010040769588,-1.2,9999.0,0
195000,3600,1400,3960.25,1307.36,1.2,13.71,371.9707409192288,12.510000000000002,29.73387217579766,0
195000,3600,1400,3670.87,1423.32,1.2,0.0,74.60817180443428,-1.2,9999.0,0
195000,3600,1400,3691.11,1592.94,1.2,13.95,213.3702783894703,12.75,16.73492379525257,0
195000,3600,1400,3826.83,1135.78,1.2,24.8,348.22989145103554,23.6,14.755503875043878,0
195000,3600,1400,3583.76,1497.02,1.2,19.94,98.36980227691824,18.74,5.249189022247505,0
195000,3600,1400,3477.15,1593.2,1.2,12.11,228.9505678088613,10.91,20.985386600262263,0
195000,3600,1400,3465.29,1375.04,1.2,7.42,137.00286748823913,6.22,22.02618448363973,0
195000,3600,1400,3735.4,1266.14,1.2,10.67,190.39868591983503,9.47,20.105457858483106,0
195000,3600,1400,3680.28,1418.17,1.2,0.0,82.3105540012946,-1.2,9999.0,0
195000,3600,1400,3582.39,1425.36,1.2,10.46,30.8746125481762,9.260000000000002,3.3341914198894376,0
195000,3600,1400,3639.38,1352.82,1.2,7.96,61.455160889871685,6.76,9.091000131637824,0
195000,3600,1400,3516.24,1584.13,1.2,6.04,202.28592264416247,4.84,41.7946121165625,0
195000,3600,1400,3524.96,1518.76,1.2,3.98,140.48109908453876,2.78,50.532769454870056,0
195000,3600,1400,3939.82,1368.12,1.2,1.9,341.3121251874889,0.7,487.5887502678413,0
195000,3600,1400,3747.39,1397.85,1.2,0.0,147.40568035187778,-1.2,9999.0,0
195000,3600,1400,3641.18,1411.75,1.2,0.0,42.82353208225574,-1.2,9999.0,0
195000,3600,1400,3658.35,1420.38,1.2,0.0,61.8066897673706,-1.2,9999.0,0
195000,3600,1400,3550.66,1475.0,1.2,0.0,89.77435936836316,-1.2,9999.0,0
195000,3600,1400,3631.53,1422.8,1.2,0.0,38.90990747868736,-1.2,9999.0,0
195000,3600,1400,3665.7,1420.67,1.2,0.0,68.87480598883731,-1.2,9999.0,0
195000,3600,1400,3646.63,1376.07,1.2,0.0,52.41184789720749,-1.2,9999.0,0
195000,3600,1400,3623.12,1435.25,1.2,0.0,42.15562714513918,-1.2,9999.0,0
195000,3600,1400,3581.34,1470.85,1.2,0.0,73.26607741649597,-1.2,9999.0,0
195000,3600,1400,3694.78,1415.19,1.2,0.0,95.98950203017016,-1.2,9999.0,0
195000,3600,1400,3546.39,1481.16,1.2,0.0,97.26755728401956,-1.2,9999.0,0
195000,3600,1400,3647.02,1408.17,1.2,0.0,47.72451466489732,-1.2,9999.0,0
195000,3600,1400,3575.04,1466.79,1.2,0.0,71.30151260667614,-1.2,9999.0,0
195000,3600,1400,3618.93,1441.47,1.2,0.0,45.58624573267683,-1.2,9999.0,0
195000,3600,1400,3641.61,1346.51,1.2,0.0,67.76851924013104,-1.2,9999.0,0
195000,3600,1400,3649.8,1382.79,1.2,0.0,52.68988612627683,-1.2,9999.0,0
195000,3600,1400,3687.53,1416.68,1.2,0.0,89.10512499289835,-1.2,9999.0,0
195000,3600,1400,3642.8,1353.92,1.2,0.0,62.89043170467197,-1.2,9999.0,0
195000,3600,1400,3645.13,1368.74,1.2,0.0,54.89903915370477,-1.2,9999.0,0
195000,3600,1400,3542.11,1487.32,1.2,0.0,104.76657148155596,-1.2,9999.0,0
195000,3600,1400,3633.55,1414.17,1.2,0.0,36.41965678037088,-1.2,9999.0,0
195000,3600,1400,3635.66,1416.73,1.2,0.0,39.38944655615245,-1.2,9999.0,0
195000,3600,1400,3614.73,1447.68,1.2,0.0,49.90345979989771,-1.2,9999.0,0
195000,3600,1400,3569.91,1467.31,1.2,0.0,73.72953410947339,-1.2,9999.0,0
195000,3600,1400,3667.15,1379.5,1.2,0.0,70.20949009927371,-1.2,9999.0,0
195000,3600,1400,3643.98,1361.33,1.2,0.0,58.56286622084004,-1.2,9999.0,0
195000,3600,1400,3678.54,1369.24,1.2,0.0,84.34873561589404,-1.2,9999.0,0
195000,3600,1400,3639.32,1414.35,1.2,0.0,41.856718696047,-1.2,9999.0,0
195000,3600,1400,3610.53,1453.9,1.2,0.0,54.91894846043589,-1.2,9999.0,0
195000,3600,1400,3554.94,1468.84,1.2,0.0,82.27605483978911,-1.2,9999.0,0
195000,3600,1400,3623.32,1429.24,1.2,0.0,37.40053475553536,-1.2,9999.0,0
195000,3600,1400,3660.65,1334.37,1.2,0.0,89.36285246118784,-1.2,9999.0,0
195000,3600,1400,3653.25,1333.37,1.2,0.0,85.29431047848394,-1.2,9999.0,0
195000,3600,1400,3527.76,1508.39,1.2,0.0,130.25747464157283,-1.2,9999.0,0
195000,3600,1400,3553.96,1457.33,1.2,0.0,73.52829727390666,-1.2,9999.0,0
195000,3600,1400,3630.85,1412.44,1.2,0.0,33.26373550880893,-1.2,9999.0,0
195000,3600,1400,3665.35,1387.46,1.2,0.0,66.54227303000692,-1.2,9999.0,0
195000,3600,1400,3523.73,1514.72,1.2,0.0,137.75990454410166,-1.2,9999.0,0
195000,3600,1400,3548.66,1452.02,1.2,0.0,73.08813857254823,-1.2,9999.0,0
195000,3600,1400,3697.3,1353.53,1.2,0.0,107.82741256285452,-1.2,9999.0,0
195000,3600,1400,3629.24,1420.46,1.2,0.0,35.687381523445914,-1.2,9999.0,0
195000,3600,1400,3619.13,1435.46,1.2,0.0,40.29104739269019,-1.2,9999.0,0
195000,3600,1400,3723.78,1409.24,1.2,0.0,124.12439727950364,-1.2,9999.0,0
195000,3600,1400,3653.29,1407.08,1.2,0.0,53.75825983046694,-1.2,9999.0,0
196000,3600,1400,3640.64,1410.24,1.2,0.0,41.91022786862403,-1.2,9999.0,0
196000,3600,1400,3850.93,1667.98,1.2,13.94,367.1227932177461,12.74,28.816545778473007,0
196000,3600,1400,3507.61,1540.03,1.2,0.0,167.7626686721452,-1.2,9999.0,0
196000,3600,1400,3645.75,1333.57,1.2,0.0,80.65982519197527,-1.2,9999.0,0
196000,3600,1400,3702.03,1413.71,1.2,0.0,102.947000927662,-1.2,9999.0,0
196000,3600,1400,3537.83,1493.48,1.2,0.0,112.26584208921255,-1.2,9999.0,0
196000,3600,1400,3669.75,1381.38,1.2,0.0,72.19256817706373,-1.2,9999.0,0
196000,3600,1400,3656.14,1401.07,1.2,0.0,56.15019590348715,-1.2,9999.0,0
196000,3600,1400,3567.77,1455.06,1.2,0.0,63.799502349156256,-1.2,9999.0,0
196000,3600,1400,3687.34,1357.09,1.2,0.0,97.31158050304204,-1.2,9999.0,0
196000,3600,1400,3709.28,1412.22,1.2,0.0,109.9611149452389,-1.2,9999.0,0
196000,3600,1400,3630.29,1332.96,1.2,0.0,73.56524790959378,-1.2,9999.0,0
196000,3600,1400,3673.03,1419.66,1.2,0.0,75.6299973555469,-1.2,9999.0,0
196000,3600,1400,3716.53,1410.73,1.2,0.0,117.02296270390715,-1.2,9999.0,0
196000,3600,1400,3680.35,1361.28,1.2,0.0,89.19282986877357,-1.2,9999.0,0
196000,3600,1400,3752.02,1403.44,1.2,0.0,152.05891621342036,-1.2,9999.0,0
196000,3600,1400,3671.55,1373.43,1.2,0.0,76.32409449184459,-1.2,9999.0,0
196000,3600,1400,3623.16,1335.28,1.2,0.0,68.73910095426035,-1.2,9999.0,0
196000,3600,1400,3674.15,1375.31,1.2,0.0,78.15253418795847,-1.2,9999.0,0
196000,3600,1400,3667.8,1336.48,1.2,0.0,92.90656812088164,-1.2,9999.0,0
196000,3600,1400,3511.64,1533.7,1.2,0.0,160.25972544591494,-1.2,9999.0,0
196000,3600,1400,3675.95,1367.36,1.2,0.0,82.66663232526156,-1.2,9999.0,0
196000,3600,1400,3495.53,1559.01,1.2,0.0,190.25814305831943,-1.2,9999.0,0
196000,3600,1400,3682.94,1363.16,1.2,0.0,90.75367320389849,-1.2,9999.0,0
196000,3600,1400,3519.7,1521.05,1.2,0.0,145.2624951596248,-1.2,9999.0,0
196000,3600,1400,3543.36,1446.71,1.2,0.0,73.41603162797611,-1.2,9999.0,0
196000,3600,1400,3503.59,1546.35,1.2,0.0,175.25184906299833,-1.2,9999.0,0
196000,3600,1400,3515.67,1527.37,1.2,0.0,152.75688462390153,-1.2,9999.0,0
196000,3600,1400,3527.4,1430.86,1.2,0.0,78.88662497534028,-1.2,9999.0,0
196000,3600,1400,3627.32,1429.03,1.2,0.0,39.86380940151113,-1.2,9999.0,0
196000,3600,1400,3499.56,1552.68,1.2,0.0,182.75496162895288,-1.2,9999.0,0
196000,3600,1400,3744.67,1404.95,1.2,0.0,144.75465933779134,-1.2,9999.0,0
196000,3600,1400,4097.78,1304.46,1.2,9.29,506.8656824051119,8.09,62.65336000063188,0
196000,3600,1400,3606.33,1460.12,1.2,0.0,60.45232253602823,-1.2,9999.0,0
196000,3600,1400,3920.44,1315.9,1.2,12.65,331.2923234848644,11.45,28.93382737859078,0
196000,3600,1400,3662.76,1385.58,1.2,0.0,64.39529485917453,-1.2,9999.0,0
196000,3600,1400,3702.34,1334.95,1.2,15.21,121.26408413046308,14.010000000000002,8.655537768055893,0
196000,3600,1400,3703.78,1357.3,1.2,0.0,112.22111387791536,-1.2,9999.0,0
196000,3600,1400,3462.25,1609.79,1.2,12.55,250.97192392775727,11.35,22.11206378218126,0
196000,3600,1400,3731.91,1283.85,1.2,26.96,175.7585576863897,25.76,6.822925376024445,0
196000,3600,1400,3639.17,1324.34,1.2,0.0,85.19814845405983,-1.2,9999.0,0
196000,3600,1400,3674.56,1339.71,1.2,0.0,95.8857533734808,-1.2,9999.0,0
196000,3600,1400,3827.6,1124.37,1.2,23.7,357.454412338133,22.5,15.88686277058369,0
196000,3600,1400,3710.26,1361.08,1.2,0.0,116.92747324730854,-1.2,9999.0,0
196000,3600,1400,4025.72,1290.02,1.2,13.39,439.6966213197457,12.19,36.07027246265346,0
196000,3600,1400,3680.62,1339.73,1.2,0.0,100.6581208845068,-1.2,9999.0,0
196000,3600,1400,3521.98,1425.6,1.2,0.18,82.11260804529346,-1.02,9999.0,0
196000,3600,1400,3640.82,1361.83,1.2,7.26,55.88578799659194,6.06,9.222077227160387,0
196000,3600,1400,3491.49,1565.34,1.2,0.03,197.7668720994495,-1.17,9999.0,0
196000,3600,1400,4050.02,1339.0,1.2,4.6,454.1354427921256,3.3999999999999995,133.56924788003695,0
196000,3600,1400,3762.82,1401.22,1.2,0.0,162.82457062740886,-1.2,9999.0,0
196000,3600,1400,3411.44,1690.1,1.2,13.25,345.9954965024833,12.05,28.71331921182434,0
196000,3600,1400,3674.21,1335.84,1.2,0.0,98.10010040769588,-1.2,9999.0,0
196000,3600,1400,3946.3,1310.36,1.2,14.27,357.71359996511194,13.07,27.36905891087314,0
196000,3600,1400,3670.87,1423.32,1.2,0.0,74.60817180443428,-1.2,9999.0,0
196000,3600,1400,3696.29,1605.5,1.2,13.9,226.94055190732217,12.7,17.86933479585214,0
196000,3600,1400,3812.41,1158.8,1.2,27.06,321.3960922288881,25.86,12.428309830970152,0
196000,3600,1400,3592.27,1484.02,1.2,15.44,84.37483807391868,14.24,5.925199302943727,0
196000,3600,1400,3470.25,1603.61,1.2,12.49,241.43755838725664,11.29,21.38508045945586,0
196000,3600,1400,3464.77,1371.92,1.2,3.71,138.11458757133514,2.51,55.025732100133524,0
196000,3600,1400,3744.71,1256.58,1.2,12.97,203.74071880701717,11.77,17.310171521411824,0
196000,3600,1400,3680.28,1418.17,1.2,0.0,82.3105540012946,-1.2,9999.0,0
196000,3600,1400,3586.06,1414.65,1.2,11.33,20.22241578051456,10.13,1.996289810514764,1
196000,3600,1400,3637.95,1343.88,1.2,9.06,67.74700657593644,7.86,8.619212032561888,0
196000,3600,1400,3521.0,1577.0,1.2,8.56,193.82982226685343,7.36,26.335573677561605,0
196000,3600,1400,3521.7,1523.87,1.2,6.06,146.54237237058777,4.859999999999999,30.152751516581848,0
196000,3600,1400,3936.5,1368.8,1.2,3.39,337.94332365057903,2.1900000000000004,154.31201993177123,0
196000,3600,1400,3749.67,1397.38,1.2,2.32,149.69293002677188,1.12,133.65440180961772,0
196000,3600,1400,3590.49,1380.07,1.2,0.0,22.082685525089712,-1.2,9999.0,1
196000,3600,1400,3641.18,1411.75,1.2,0.0,42.82353208225574,-1.2,9999.0,0
196000,3600,1400,3658.35,1420.38,1.2,0.0,61.8066897673706,-1.2,9999.0,0
196000,3600,1400,3550.66,1475.0,1.2,0.0,89.77435936836316,-1.2,9999.0,0
196000,3600,1400,3631.53,1422.8,1.2,0.0,38.90990747868736,-1.2,9999.0,0
196000,3600,1400,3665.7,1420.67,1.2,0.0,68.87480598883731,-1.2,9999.0,0
196000,3600,1400,3646.63,1376.07,1.2,0.0,52.41184789720749,-1.2,9999.0,0
196000,3600,1400,3623.12,1435.25,1.2,0.0,42.15562714513918,-1.2,9999.0,0
196000,3600,1400,3581.34,1470.85,1.2,0.0,73.26607741649597,-1.2,9999.0,0
196000,3600,1400,3694.78,1415.19,1.2,0.0,95.98950203017016,-1.2,9999.0,0
196000,3600,1400,3546.39,1481.16,1.2,0.0,97.26755728401956,-1.2,9999.0,0
196000,3600,1400,3647.02,1408.17,1.2,0.0,47.72451466489732,-1.2,9999.0,0
196000,3600,1400,3575.04,1466.79,1.2,0.0,71.30151260667614,-1.2,9999.0,0
196000,3600,1400,3618.93,1441.47,1.2,0.0,45.58624573267683,-1.2,9999.0,0
196000,3600,1400,3641.61,1346.51,1.2,0.0,67.76851924013104,-1.2,9999.0,0
196000,3600,1400,3649.8,1382.79,1.2,0.0,52.68988612627683,-1.2,9999.0,0
196000,3600,1400,3687.53,1416.68,1.2,0.0,89.10512499289835,-1.2,9999.0,0
196000,3600,1400,3642.8,1353.92,1.2,0.0,62.89043170467197,-1.2,9999.0,0
196000,3600,1400,3645.13,1368.74,1.2,0.0,54.89903915370477,-1.2,9999.0,0
196000,3600,1400,3542.11,1487.32,1.2,0.0,104.76657148155596,-1.2,9999.0,0
196000,3600,1400,3633.55,1414.17,1.2,0.0,36.41965678037088,-1.2,9999.0,0
196000,3600,1400,3635.66,1416.73,1.2,0.0,39.38944655615245,-1.2,9999.0,0
196000,3600,1400,3614.73,1447.68,1.2,0.0,49.90345979989771,-1.2,9999.0,0
196000,3600,1400,3569.91,1467.31,1.2,0.0,73.72953410947339,-1.2,9999.0,0
196000,3600,1400,3667.15,1379.5,1.2,0.0,70.20949009927371,-1.2,9999.0,0
196000,3600,1400,3643.98,1361.33,1.2,0.0,58.56286622084004,-1.2,9999.0,0
196000,3600,1400,3678.54,1369.24,1.2,0.0,84.34873561589404,-1.2,9999.0,0
196000,3600,1400,3639.32,1414.35,1.2,0.0,41.856718696047,-1.2,9999.0,0
196000,3600,1400,3610.53,1453.9,1.2,0.0,54.91894846043589,-1.2,9999.0,0
196000,3600,1400,3554.94,1468.84,1.2,0.0,82.27605483978911,-1.2,9999.0,0
196000,3600,1400,3623.32,1429.24,1.2,0.0,37.40053475553536,-1.2,9999.0,0
196000,3600,1400,3660.65,1334.37,1.2,0.0,89.36285246118784,-1.2,9999.0,0
196000,3600,1400,3653.25,1333.37,1.2,0.0,85.29431047848394,-1.2,9999.0,0
196000,3600,1400,3527.76,1508.39,1.2,0.0,130.25747464157283,-1.2,9999.0,0
196000,3600,1400,3553.96,1457.33,1.2,0.0,73.52829727390666,-1.2,9999.0,0
196000,3600,1400,3630.85,1412.44,1.2,0.0,33.26373550880893,-1.2,9999.0,0
196000,3600,1400,3665.35,1387.46,1.2,0.0,66.54227303000692,-1.2,9999.0,0
196000,3600,1400,3523.73,1514.72,1.2,0.0,137.75990454410166,-1.2,9999.0,0
196000,3600,1400,3548.66,1452.02,1.2,0.0,73.08813857254823,-1.2,9999.0,0
196000,3600,1400,3697.3,1353.53,1.2,0.0,107.82741256285452,-1.2,9999.0,0
196000,3600,1400,3629.24,1420.46,1.2,0.0,35.687381523445914,-1.2,9999.0,0
196000,3600,1400,3619.13,1435.46,1.2,0.0,40.29104739269019,-1.2,9999.0,0
196000,3600,1400,3723.78,1409.24,1.2,0.0,124.12439727950364,-1.2,9999.0,0
196000,3600,1400,3653.29,1407.08,1.2,0.0,53.75825983046694,-1.2,9999.0,0
197000,3600,1400,3640.64,1410.24,1.2,0.0,41.91022786862403,-1.2,9999.0,0
197000,3600,1400,3864.34,1667.07,1.2,13.45,375.7685730606008,12.25,30.67498555596741,0
197000,3600,1400,3507.61,1540.03,1.2,0.0,167.7626686721452,-1.2,9999.0,0
197000,3600,1400,3645.75,1333.57,1.2,0.0,80.65982519197527,-1.2,9999.0,0
197000,3600,1400,3702.03,1413.71,1.2,0.0,102.947000927662,-1.2,9999.0,0
197000,3600,1400,3537.83,1493.48,1.2,0.0,112.26584208921255,-1.2,9999.0,0
197000,3600,1400,3669.75,1381.38,1.2,0.0,72.19256817706373,-1.2,9999.0,0
197000,3600,1400,3656.14,1401.07,1.2,0.0,56.15019590348715,-1.2,9999.0,0
197000,3600,1400,3567.77,1455.06,1.2,0.0,63.799502349156256,-1.2,9999.0,0
197000,3600,1400,3687.34,1357.09,1.2,0.0,97.31158050304204,-1.2,9999.0,0
197000,3600,1400,3709.28,1412.22,1.2,0.0,109.9611149452389,-1.2,9999.0,0
197000,3600,1400,3630.29,1332.96,1.2,0.0,73.56524790959378,-1.2,9999.0,0
197000,3600,1400,3673.03,1419.66,1.2,0.0,75.6299973555469,-1.2,9999.0,0
197000,3600,1400,3716.53,1410.73,1.2,0.0,117.02296270390715,-1.2,9999.0,0
197000,3600,1400,3680.35,1361.28,1.2,0.0,89.19282986877357,-1.2,9999.0,0
197000,3600,1400,3752.02,1403.44,1.2,0.0,152.05891621342036,-1.2,9999.0,0
197000,3600,1400,3671.55,1373.43,1.2,0.0,76.32409449184459,-1.2,9999.0,0
197000,3600,1400,3623.16,1335.28,1.2,0.0,68.73910095426035,-1.2,9999.0,0
197000,3600,1400,3674.15,1375.31,1.2,0.0,78.15253418795847,-1.2,9999.0,0
197000,3600,1400,3667.8,1336.48,1.2,0.0,92.90656812088164,-1.2,9999.0,0
197000,3600,1400,3511.64,1533.7,1.2,0.0,160.25972544591494,-1.2,9999.0,0
197000,3600,1400,3675.95,1367.36,1.2,0.0,82.66663232526156,-1.2,9999.0,0
197000,3600,1400,3495.53,1559.01,1.2,0.0,190.25814305831943,-1.2,9999.0,0
197000,3600,1400,3682.94,1363.16,1.2,0.0,90.75367320389849,-1.2,9999.0,0
197000,3600,1400,3519.7,1521.05,1.2,0.0,145.2624951596248,-1.2,9999.0,0
197000,3600,1400,3543.36,1446.71,1.2,0.0,73.41603162797611,-1.2,9999.0,0
197000,3600,1400,3503.59,1546.35,1.2,0.0,175.25184906299833,-1.2,9999.0,0
197000,3600,1400,3515.67,1527.37,1.2,0.0,152.75688462390153,-1.2,9999.0,0
197000,3600,1400,3527.4,1430.86,1.2,0.0,78.88662497534028,-1.2,9999.0,0
197000,3600,1400,3627.32,1429.03,1.2,0.0,39.86380940151113,-1.2,9999.0,0
197000,3600,1400,3499.56,1552.68,1.2,0.0,182.75496162895288,-1.2,9999.0,0
197000,3600,1400,3744.67,1404.95,1.2,0.0,144.75465933779134,-1.2,9999.0,0
197000,3600,1400,4095.1,1293.09,1.2,11.69,506.5113602872101,10.49,48.28516303977217,0
197000,3600,1400,3606.33,1460.12,1.2,0.0,60.45232253602823,-1.2,9999.0,0
197000,3600,1400,3907.59,1318.64,1.2,13.15,318.1682851888291,11.95,26.624961103667708,0
197000,3600,1400,3662.76,1385.58,1.2,0.0,64.39529485917453,-1.2,9999.0,0
197000,3600,1400,3696.46,1343.9,1.2,10.71,111.58737204540664,9.510000000000002,11.733687912240443,0
197000,3600,1400,3703.78,1357.3,1.2,0.0,112.22111387791536,-1.2,9999.0,0
197000,3600,1400,3469.23,1599.39,1.2,12.52,238.44740510225736,11.32,21.064258401259483,0
197000,3600,1400,3719.62,1302.66,1.2,22.46,154.22068603141395,21.26,7.254030387178454,0
197000,3600,1400,3639.17,1324.34,1.2,0.0,85.19814845405983,-1.2,9999.0,0
197000,3600,1400,3674.56,1339.71,1.2,0.0,95.8857533734808,-1.2,9999.0,0
197000,3600,1400,3817.3,1144.98,1.2,23.26,335.04401263117666,22.06,15.18785188717936,0
197000,3600,1400,3710.26,1361.08,1.2,0.0,116.92747324730854,-1.2,9999.0,0
197000,3600,1400,4038.97,1287.18,1.2,13.55,453.23615621439535,12.35,36.69928390399962,0
197000,3600,1400,3680.62,1339.73,1.2,0.0,100.6581208845068,-1.2,9999.0,0
197000,3600,1400,3522.0,1425.62,1.2,0.03,82.09984409242198,-1.17,9999.0,0
197000,3600,1400,3639.42,1353.09,1.2,8.85,61.27384841839146,7.649999999999999,8.00965338802503,0
197000,3600,1400,3491.5,1565.33,1.2,0.01,197.7530250084685,-1.19,9999.0,0
197000,3600,1400,4051.83,1340.94,1.2,3.18,455.6736030318192,1.98,230.13818334940365,0
197000,3600,1400,3762.82,1401.22,1.2,0.0,162.82457062740886,-1.2,9999.0,0
197000,3600,1400,3404.12,1700.96,1.2,13.09,359.09037302606714,11.89,30.201040624564097,0
197000,3600,1400,3674.21,1335.84,1.2,0.0,98.10010040769588,-1.2,9999.0,0
197000,3600,1400,3933.33,1313.14,1.2,13.27,344.46124382867794,12.07,28.538628320520125,0
197000,3600,1400,3670.87,1423.32,1.2,0.0,74.60817180443428,-1.2,9999.0,0
197000,3600,1400,3706.08,1614.2,1.2,13.13,239.0284635770393,11.93,20.035914801092986,0
197000,3600,1400,3797.31,1183.07,1.2,28.47,293.240278611244,27.27,10.753218870966043,0
197000,3600,1400,3596.65,1474.45,1.2,10.94,74.52533126394009,9.74,7.651471382334711,0
197000,3600,1400,3463.77,1613.22,1.2,11.59,253.0244677891844,10.39,24.352691798766543,0
197000,3600,1400,3467.95,1373.16,1.2,3.71,134.75009499069023,2.51,53.68529680903994,0
197000,3600,1400,3752.14,1243.91,1.2,14.7,217.9694191853525,13.5,16.145882902618705,0
197000,3600,1400,3680.28,1418.17,1.2,0.0,82.3105540012946,-1.2,9999.0,0
197000,3600,1400,3587.27,1403.24,1.2,11.54,13.1358478980232,10.34,1.2703914794993425,1
197000,3600,1400,3637.63,1338.37,1.2,5.55,72.20992868020312,4.35,16.599983604644397,0
197000,3600,1400,3526.97,1568.05,1.2,10.74,183.2325937162928,9.54,19.206770829800085,0
197000,3600,1400,3517.28,1530.8,1.2,8.22,154.7618764424881,7.0200000000000005,22.045851345083772,0
197000,3600,1400,3931.3,1369.87,1.2,5.3,332.66726153921445,4.1,81.13835647297914,0
197000,3600,1400,3754.28,1396.44,1.2,4.71,154.32106790713982,3.51,43.96611621286035,0
197000,3600,1400,3590.16,1382.47,1.2,2.43,20.102897801063456,1.2300000000000002,16.34381935045809,1
197000,3600,1400,3590.97,1465.72,1.2,0.0,66.33746528169438,-1.2,9999.0,0
197000,3600,1400,3641.18,1411.75,1.2,0.0,42.82353208225574,-1.2,9999.0,0
197000,3600,1400,3658.35,1420.38,1.2,0.0,61.8066897673706,-1.2,9999.0,0
197000,3600,1400,3550.66,1475.0,1.2,0.0,89.77435936836316,-1.2,9999.0,0
197000,3600,1400,3631.53,1422.8,1.2,0.0,38.90990747868736,-1.2,9999.0,0
197000,3600,1400,3665.7,1420.67,1.2,0.0,68.87480598883731,-1.2,9999.0,0
197000,3600,1400,3646.63,1376.07,1.2,0.0,52.41184789720749,-1.2,9999.0,0
197000,3600,1400,3623.12,1435.25,1.2,0.0,42.15562714513918,-1.2,9999.0,0
197000,3600,1400,3581.34,1470.85,1.2,0.0,73.26607741649597,-1.2,9999.0,0
197000,3600,1400,3694.78,1415.19,1.2,0.0,95.98950203017016,-1.2,9999.0,0
197000,3600,1400,3546.39,1481.16,1.2,0.0,97.26755728401956,-1.2,9999.0,0
197000,3600,1400,3647.02,1408.17,1.2,0.0,47.72451466489732,-1.2,9999.0,0
197000,3600,1400,3575.04,1466.79,1.2,0.0,71.30151260667614,-1.2,9999.0,0
197000,3600,1400,3618.93,1441.47,1.2,0.0,45.58624573267683,-1.2,9999.0,0
197000,3600,1400,3641.61,1346.51,1.2,0.0,67.76851924013104,-1.2,9999.0,0
197000,3600,1400,3649.8,1382.79,1.2,0.0,52.68988612627683,-1.2,9999.0,0
197000,3600,1400,3687.53,1416.68,1.2,0.0,89.10512499289835,-1.2,9999.0,0
197000,3600,1400,3642.8,1353.92,1.2,0.0,62.89043170467197,-1.2,9999.0,0
197000,3600,1400,3645.13,1368.74,1.2,0.0,54.89903915370477,-1.2,9999.0,0
197000,3600,1400,3542.11,1487.32,1.2,0.0,104.76657148155596,-1.2,9999.0,0
197000,3600,1400,3633.55,1414.17,1.2,0.0,36.41965678037088,-1.2,9999.0,0
197000,3600,1400,3635.66,1416.73,1.2,0.0,39.38944655615245,-1.2,9999.0,0
197000,3600,1400,3614.73,1447.68,1.2,0.0,49.90345979989771,-1.2,9999.0,0
197000,3600,1400,3569.91,1467.31,1.2,0.0,73.72953410947339,-1.2,9999.0,0
197000,3600,1400,3667.15,1379.5,1.2,0.0,70.20949009927371,-1.2,9999.0,0
197000,3600,1400,3643.98,1361.33,1.2,0.0,58.56286622084004,-1.2,9999.0,0
197000,3600,1400,3678.54,1369.24,1.2,0.0,84.34873561589404,-1.2,9999.0,0
197000,3600,1400,3639.32,1414.35,1.2,0.0,41.856718696047,-1.2,9999.0,0
197000,3600,1400,3610.53,1453.9,1.2,0.0,54.91894846043589,-1.2,9999.0,0
197000,3600,1400,3554.94,1468.84,1.2,0.0,82.27605483978911,-1.2,9999.0,0
197000,3600,1400,3623.32,1429.24,1.2,0.0,37.40053475553536,-1.2,9999.0,0
197000,3600,1400,3660.65,1334.37,1.2,0.0,89.36285246118784,-1.2,9999.0,0
197000,3600,1400,3653.25,1333.37,1.2,0.0,85.29431047848394,-1.2,9999.0,0
197000,3600,1400,3527.76,1508.39,1.2,0.0,130.25747464157283,-1.2,9999.0,0
197000,3600,1400,3553.96,1457.33,1.2,0.0,73.52829727390666,-1.2,9999.0,0
197000,3600,1400,3630.85,1412.44,1.2,0.0,33.26373550880893,-1.2,9999.0,0
197000,3600,1400,3665.35,1387.46,1.2,0.0,66.54227303000692,-1.2,9999.0,0
197000,3600,1400,3523.73,1514.72,1.2,0.0,137.75990454410166,-1.2,9999.0,0
197000,3600,1400,3548.66,1452.02,1.2,0.0,73.08813857254823,-1.2,9999.0,0
197000,3600,1400,3697.3,1353.53,1.2,0.0,107.82741256285452,-1.2,9999.0,0
197000,3600,1400,3629.24,1420.46,1.2,0.0,35.687381523445914,-1.2,9999.0,0
197000,3600,1400,3619.13,1435.46,1.2,0.0,40.29104739269019,-1.2,9999.0,0
197000,3600,1400,3723.78,1409.24,1.2,0.0,124.12439727950364,-1.2,9999.0,0
197000,3600,1400,3653.29,1407.08,1.2,0.0,53.75825983046694,-1.2,9999.0,0
198000,3600,1400,3640.64,1410.24,1.2,0.0,41.91022786862403,-1.2,9999.0,0
198000,3600,1400,3877.15,1665.91,1.2,12.87,384.0836505242056,11.67,32.91205231569885,0
198000,3600,1400,3507.61,1540.03,1.2,0.0,167.7626686721452,-1.2,9999.0,0
198000,3600,1400,3645.75,1333.57,1.2,0.0,80.65982519197527,-1.2,9999.0,0
198000,3600,1400,3702.03,1413.71,1.2,0.0,102.947000927662,-1.2,9999.0,0
198000,3600,1400,3537.83,1493.48,1.2,0.0,112.26584208921255,-1.2,9999.0,0
198000,3600,1400,3669.75,1381.38,1.2,0.0,72.19256817706373,-1.2,9999.0,0
198000,3600,1400,3656.14,1401.07,1.2,0.0,56.15019590348715,-1.2,9999.0,0
198000,3600,1400,3567.77,1455.06,1.2,0.0,63.799502349156256,-1.2,9999.0,0
198000,3600,1400,3687.34,1357.09,1.2,0.0,97.31158050304204,-1.2,9999.0,0
198000,3600,1400,3709.28,1412.22,1.2,0.0,109.9611149452389,-1.2,9999.0,0
198000,3600,1400,3630.29,1332.96,1.2,0.0,73.56524790959378,-1.2,9999.0,0
198000,3600,1400,3673.03,1419.66,1.2,0.0,75.6299973555469,-1.2,9999.0,0
198000,3600,1400,3716.53,1410.73,1.2,0.0,117.02296270390715,-1.2,9999.0,0
198000,3600,1400,3680.35,1361.28,1.2,0.0,89.19282986877357,-1.2,9999.0,0
198000,3600,1400,3752.02,1403.44,1.2,0.0,152.05891621342036,-1.2,9999.0,0
198000,3600,1400,3671.55,1373.43,1.2,0.0,76.32409449184459,-1.2,9999.0,0
198000,3600,1400,3623.16,1335.28,1.2,0.0,68.73910095426035,-1.2,9999.0,0
198000,3600,1400,3674.15,1375.31,1.2,0.0,78.15253418795847,-1.2,9999.0,0
198000,3600,1400,3667.8,1336.48,1.2,0.0,92.90656812088164,-1.2,9999.0,0
198000,3600,1400,3511.64,1533.7,1.2,0.0,160.25972544591494,-1.2,9999.0,0
198000,3600,1400,3675.95,1367.36,1.2,0.0,82.66663232526156,-1.2,9999.0,0
198000,3600,1400,3495.53,1559.01,1.2,0.0,190.25814305831943,-1.2,9999.0,0
198000,3600,1400,3682.94,1363.16,1.2,0.0,90.75367320389849,-1.2,9999.0,0
198000,3600,1400,3519.7,1521.05,1.2,0.0,145.2624951596248,-1.2,9999.0,0
198000,3600,1400,3543.36,1446.71,1.2,0.0,73.41603162797611,-1.2,9999.0,0
198000,3600,1400,3503.59,1546.35,1.2,0.0,175.25184906299833,-1.2,9999.0,0
198000,3600,1400,3515.67,1527.37,1.2,0.0,152.75688462390153,-1.2,9999.0,0
198000,3600,1400,3527.4,1430.86,1.2,0.0,78.88662497534028,-1.2,9999.0,0
198000,3600,1400,3627.32,1429.03,1.2,0.0,39.86380940151113,-1.2,9999.0,0
198000,3600,1400,3499.56,1552.68,1.2,0.0,182.75496162895288,-1.2,9999.0,0
198000,3600,1400,3744.67,1404.95,1.2,0.0,144.75465933779134,-1.2,9999.0,0
198000,3600,1400,4087.93,1284.26,1.2,12.01,501.4692737346924,10.81,46.389387024485885,0
198000,3600,1400,3606.33,1460.12,1.2,0.0,60.45232253602823,-1.2,9999.0,0
198000,3600,1400,3895.09,1321.32,1.2,12.78,305.39916584692907,11.58,26.372984960874703,0
198000,3600,1400,3662.76,1385.58,1.2,0.0,64.39529485917453,-1.2,9999.0,0
198000,3600,1400,3692.92,1349.05,1.2,6.21,105.9718306909908,5.01,21.15206201416982,0
198000,3600,1400,3703.78,1357.3,1.2,0.0,112.22111387791536,-1.2,9999.0,0
198000,3600,1400,3475.76,1589.49,1.2,11.87,226.58781454438355,10.67,21.23597137248206,0
198000,3600,1400,3709.79,1317.69,1.2,17.96,137.2180024632336,16.76,8.187231650550931,0
198000,3600,1400,3639.17,1324.34,1.2,0.0,85.19814845405983,-1.2,9999.0,0
198000,3600,1400,3674.56,1339.71,1.2,0.0,95.8857533734808,-1.2,9999.0,0
198000,3600,1400,3804.6,1165.26,1.2,24.03,311.3904744850105,22.83,13.639530200832699,0
198000,3600,1400,3710.26,1361.08,1.2,0.0,116.92747324730854,-1.2,9999.0,0
198000,3600,1400,4053.16,1284.29,1.2,14.48,467.6994651482936,13.28,35.21833321899801,0
198000,3600,1400,3680.62,1339.73,1.2,0.0,100.6581208845068,-1.2,9999.0,0
198000,3600,1400,3522.02,1425.64,1.2,0.02,82.087087900595,-1.18,9999.0,0
198000,3600,1400,3638.49,1347.29,1.2,5.87,65.26732873344815,4.67,13.97587339045999,0
198000,3600,1400,3491.5,1565.33,1.2,0.0,197.7530250084685,-1.2,9999.0,0
198000,3600,1400,4049.13,1342.45,1.2,3.27,452.8021194738383,2.0700000000000003,218.74498525306194,0
198000,3600,1400,3762.82,1401.22,1.2,0.0,162.82457062740886,-1.2,9999.0,0
198000,3600,1400,3396.56,1712.27,1.2,13.61,372.6934215947472,12.41,30.03170198184909,0
198000,3600,1400,3674.21,1335.84,1.2,0.0,98.10010040769588,-1.2,9999.0,0
198000,3600,1400,3919.06,1316.19,1.2,14.59,329.8839185228646,13.39,24.636588388563446,0
198000,3600,1400,3670.87,1423.32,1.2,0.0,74.60817180443428,-1.2,9999.0,0
198000,3600,1400,3716.09,1622.65,1.2,13.1,251.09741257129687,11.9,21.100622905150995,0
198000,3600,1400,3781.43,1208.67,1.2,30.01,263.67406736347795,28.81,9.152171723827767,0
198000,3600,1400,3600.47,1468.8,1.2,6.82,68.80160535917744,5.62,12.242278533661466,0
198000,3600,1400,3456.43,1623.59,1.2,12.7,265.71569957381143,11.5,23.105713006418387,0
198000,3600,1400,3472.41,1377.48,1.2,6.21,129.56218005266828,5.01,25.860714581370917,0
198000,3600,1400,3760.56,1230.05,1.2,16.22,233.80016274588004,15.02,15.565922952455397,0
198000,3600,1400,3680.28,1418.17,1.2,0.0,82.3105540012946,-1.2,9999.0,0
198000,3600,1400,3587.1,1391.48,1.2,11.75,15.459637770659509,10.55,1.465368509067252,1
198000,3600,1400,3640.91,1332.57,1.2,6.85,78.86972169343566,5.65,13.959242777599231,0
198000,3600,1400,3534.29,1557.08,1.2,13.17,170.27016914304156,11.97,14.224742618466294,0
198000,3600,1400,3511.63,1539.68,1.2,10.53,165.28689996487924,9.33,17.71563772399563,0
198000,3600,1400,3922.99,1368.3,1.2,7.82,324.5418772670175,6.62,49.0244527593682,0
198000,3600,1400,3760.42,1395.18,1.2,6.26,160.49239483539407,5.06,31.717864591975115,0
198000,3600,1400,3590.22,1386.53,1.2,4.06,16.645999519404192,2.8599999999999994,5.82027955223923,1
198000,3600,1400,3592.39,1463.62,1.2,2.53,64.07352417340557,1.3299999999999998,48.17558208526735,0
198000,3600,1400,3691.77,1333.57,1.2,0.0,113.29023700213538,-1.2,9999.0,0
198000,3600,1400,3641.18,1411.75,1.2,0.0,42.82353208225574,-1.2,9999.0,0
198000,3600,1400,3658.35,1420.38,1.2,0.0,61.8066897673706,-1.2,9999.0,0
198000,3600,1400,3550.66,1475.0,1.2,0.0,89.77435936836316,-1.2,9999.0,0
198000,3600,1400,3631.53,1422.8,1.2,0.0,38.90990747868736,-1.2,9999.0,0
198000,3600,1400,3665.7,1420.67,1.2,0.0,68.87480598883731,-1.2,9999.0,0
198000,3600,1400,3646.63,1376.07,1.2,0.0,52.41184789720749,-1.2,9999.0,0
198000,3600,1400,3623.12,1435.25,1.2,0.0,42.15562714513918,-1.2,9999.0,0
198000,3600,1400,3581.34,1470.85,1.2,0.0,73.26607741649597,-1.2,9999.0,0
198000,3600,1400,3694.78,1415.19,1.2,0.0,95.98950203017016,-1.2,9999.0,0
198000,3600,1400,3546.39,1481.16,1.2,0.0,97.26755728401956,-1.2,9999.0,0
198000,3600,1400,3647.02,1408.17,1.2,0.0,47.72451466489732,-1.2,9999.0,0
198000,3600,1400,3575.04,1466.79,1.2,0.0,71.30151260667614,-1.2,9999.0,0
198000,3600,1400,3618.93,1441.47,1.2,0.0,45.58624573267683,-1.2,9999.0,0
198000,3600,1400,3641.61,1346.51,1.2,0.0,67.76851924013104,-1.2,9999.0,0
198000,3600,1400,3649.8,1382.79,1.2,0.0,52.68988612627683,-1.2,9999.0,0
198000,3600,1400,3687.53,1416.68,1.2,0.0,89.10512499289835,-1.2,9999.0,0
198000,3600,1400,3642.8,1353.92,1.2,0.0,62.89043170467197,-1.2,9999.0,0
198000,3600,1400,3645.13,1368.74,1.2,0.0,54.89903915370477,-1.2,9999.0,0
198000,3600,1400,3542.11,1487.32,1.2,0.0,104.76657148155596,-1.2,9999.0,0
198000,3600,1400,3633.55,1414.17,1.2,0.0,36.41965678037088,-1.2,9999.0,0
198000,3600,1400,3635.66,1416.73,1.2,0.0,39.38944655615245,-1.2,9999.0,0
198000,3600,1400,3614.73,1447.68,1.2,0.0,49.90345979989771,-1.2,9999.0,0
198000,3600,1400,3569.91,1467.31,1.2,0.0,73.72953410947339,-1.2,9999.0,0
198000,3600,1400,3667.15,1379.5,1.2,0.0,70.20949009927371,-1.2,9999.0,0
198000,3600,1400,3643.98,1361.33,1.2,0.0,58.56286622084004,-1.2,9999.0,0
198000,3600,1400,3678.54,1369.24,1.2,0.0,84.34873561589404,-1.2,9999.0,0
198000,3600,1400,3639.32,1414.35,1.2,0.0,41.856718696047,-1.2,9999.0,0
198000,3600,1400,3610.53,1453.9,1.2,0.0,54.91894846043589,-1.2,9999.0,0
198000,3600,1400,3554.94,1468.84,1.2,0.0,82.27605483978911,-1.2,9999.0,0
198000,3600,1400,3623.32,1429.24,1.2,0.0,37.40053475553536,-1.2,9999.0,0
198000,3600,1400,3660.65,1334.37,1.2,0.0,89.36285246118784,-1.2,9999.0,0
198000,3600,1400,3653.25,1333.37,1.2,0.0,85.29431047848394,-1.2,9999.0,0
198000,3600,1400,3527.76,1508.39,1.2,0.0,130.25747464157283,-1.2,9999.0,0
198000,3600,1400,3553.96,1457.33,1.2,0.0,73.52829727390666,-1.2,9999.0,0
198000,3600,1400,3630.85,1412.44,1.2,0.0,33.26373550880893,-1.2,9999.0,0
198000,3600,1400,3665.35,1387.46,1.2,0.0,66.54227303000692,-1.2,9999.0,0
198000,3600,1400,3523.73,1514.72,1.2,0.0,137.75990454410166,-1.2,9999.0,0
198000,3600,1400,3548.66,1452.02,1.2,0.0,73.08813857254823,-1.2,9999.0,0
198000,3600,1400,3697.3,1353.53,1.2,0.0,107.82741256285452,-1.2,9999.0,0
198000,3600,1400,3629.24,1420.46,1.2,0.0,35.687381523445914,-1.2,9999.0,0
198000,3600,1400,3619.13,1435.46,1.2,0.0,40.29104739269019,-1.2,9999.0,0
198000,3600,1400,3723.78,1409.24,1.2,0.0,124.12439727950364,-1.2,9999.0,0
198000,3600,1400,3653.29,1407.08,1.2,0.0,53.75825983046694,-1.2,9999.0,0
199000,3600,1400,3640.64,1410.24,1.2,0.0,41.91022786862403,-1.2,9999.0,0
199000,3600,1400,3890.5,1663.1,1.2,13.73,391.9334892555112,12.53,31.279608081046383,0
199000,3600,1400,3507.61,1540.03,1.2,0.0,167.7626686721452,-1.2,9999.0,0
199000,3600,1400,3645.75,1333.57,1.2,0.0,80.65982519197527,-1.2,9999.0,0
199000,3600,1400,3702.03,1413.71,1.2,0.0,102.947000927662,-1.2,9999.0,0
199000,3600,1400,3537.83,1493.48,1.2,0.0,112.26584208921255,-1.2,9999.0,0
199000,3600,1400,3669.75,1381.38,1.2,0.0,72.19256817706373,-1.2,9999.0,0
199000,3600,1400,3656.14,1401.07,1.2,0.0,56.15019590348715,-1.2,9999.0,0
199000,3600,1400,3567.77,1455.06,1.2,0.0,63.799502349156256,-1.2,9999.0,0
199000,3600,1400,3687.34,1357.09,1.2,0.0,97.31158050304204,-1.2,9999.0,0
199000,3600,1400,3709.28,1412.22,1.2,0.0,109.9611149452389,-1.2,9999.0,0
199000,3600,1400,3630.29,1332.96,1.2,0.0,73.56524790959378,-1.2,9999.0,0
199000,3600,1400,3673.03,1419.66,1.2,0.0,75.6299973555469,-1.2,9999.0,0
199000,3600,1400,3716.53,1410.73,1.2,0.0,117.02296270390715,-1.2,9999.0,0
199000,3600,1400,3680.35,1361.28,1.2,0.0,89.19282986877357,-1.2,9999.0,0
199000,3600,1400,3752.02,1403.44,1.2,0.0,152.05891621342036,-1.2,9999.0,0
199000,3600,1400,3671.55,1373.43,1.2,0.0,76.32409449184459,-1.2,9999.0,0
199000,3600,1400,3623.16,1335.28,1.2,0.0,68.73910095426035,-1.2,9999.0,0
199000,3600,1400,3674.15,1375.31,1.2,0.0,78.15253418795847,-1.2,9999.0,0
199000,3600,1400,3667.8,1336.48,1.2,0.0,92.90656812088164,-1.2,9999.0,0
199000,3600,1400,3511.64,1533.7,1.2,0.0,160.25972544591494,-1.2,9999.0,0
199000,3600,1400,3675.95,1367.36,1.2,0.0,82.66663232526156,-1.2,9999.0,0
199000,3600,1400,3495.53,1559.01,1.2,0.0,190.25814305831943,-1.2,9999.0,0
199000,3600,1400,3682.94,1363.16,1.2,0.0,90.75367320389849,-1.2,9999.0,0
199000,3600,1400,3519.7,1521.05,1.2,0.0,145.2624951596248,-1.2,9999.0,0
199000,3600,1400,3543.36,1446.71,1.2,0.0,73.41603162797611,-1.2,9999.0,0
199000,3600,1400,3503.59,1546.35,1.2,0.0,175.25184906299833,-1.2,9999.0,0
199000,3600,1400,3515.67,1527.37,1.2,0.0,152.75688462390153,-1.2,9999.0,0
199000,3600,1400,3527.4,1430.86,1.2,0.0,78.88662497534028,-1.2,9999.0,0
199000,3600,1400,3627.32,1429.03,1.2,0.0,39.86380940151113,-1.2,9999.0,0
199000,3600,1400,3499.56,1552.68,1.2,0.0,182.75496162895288,-1.2,9999.0,0
199000,3600,1400,3744.67,1404.95,1.2,0.0,144.75465933779134,-1.2,9999.0,0
199000,3600,1400,4075.91,1283.23,1.2,12.32,490.0260819589095,11.12,44.06709370134079,0
199000,3600,1400,3606.33,1460.12,1.2,0.0,60.45232253602823,-1.2,9999.0,0
199000,3600,1400,3881.98,1324.06,1.2,13.39,292.0267179557377,12.19,23.95625249841983,0
199000,3600,1400,3662.76,1385.58,1.2,0.0,64.39529485917453,-1.2,9999.0,0
199000,3600,1400,3691.95,1350.46,1.2,1.71,104.44622587724253,0.51,204.7965213279265,0
199000,3600,1400,3703.78,1357.3,1.2,0.0,112.22111387791536,-1.2,9999.0,0
199000,3600,1400,3482.03,1579.99,1.2,11.37,215.2052996559331,10.17,21.160796426345435,0
199000,3600,1400,3702.43,1328.96,1.2,13.46,124.65386676714029,12.260000000000002,10.167525837450267,0
199000,3600,1400,3639.17,1324.34,1.2,0.0,85.19814845405983,-1.2,9999.0,0
199000,3600,1400,3674.56,1339.71,1.2,0.0,95.8857533734808,-1.2,9999.0,0
199000,3600,1400,3791.83,1185.84,1.2,24.31,287.5121814810635,23.11,12.44102905586601,0
199000,3600,1400,3710.26,1361.08,1.2,0.0,116.92747324730854,-1.2,9999.0,0
199000,3600,1400,4066.29,1281.61,1.2,13.4,481.084770284822,12.2,39.43317789219853,0
199000,3600,1400,3680.62,1339.73,1.2,0.0,100.6581208845068,-1.2,9999.0,0
199000,3600,1400,3522.02,1425.64,1.2,0.0,82.087087900595,-1.2,9999.0,0
199000,3600,1400,3637.44,1340.7,1.2,6.68,70.13019036050022,5.48,12.79747999279201,0
199000,3600,1400,3491.5,1565.33,1.2,0.0,197.7530250084685,-1.2,9999.0,0
199000,3600,1400,4043.41,1343.62,1.2,5.83,446.9800135352809,4.63,96.53995972684253,0
199000,3600,1400,3762.82,1401.22,1.2,0.0,162.82457062740886,-1.2,9999.0,0
199000,3600,1400,3389.31,1723.11,1.2,13.04,385.7335196738805,11.84,32.578844567050716,0
199000,3600,1400,3674.21,1335.84,1.2,0.0,98.10010040769588,-1.2,9999.0,0
199000,3600,1400,3905.39,1319.11,1.2,13.98,315.9212626589099,12.78,24.71997360398356,0
199000,3600,1400,3670.87,1423.32,1.2,0.0,74.60817180443428,-1.2,9999.0,0
199000,3600,1400,3726.3,1632.44,1.2,14.19,264.53741436704195,12.99,20.364697025946263,0
199000,3600,1400,3766.19,1233.11,1.2,28.79,235.5236467958155,27.59,8.53655841956562,0
199000,3600,1400,3601.84,1466.77,1.2,2.44,66.79534789190036,1.24,53.86721604185513,0
199000,3600,1400,3449.86,1633.11,1.2,11.57,277.2765617573904,10.37,26.738337681522705,0
199000,3600,1400,3478.46,1383.36,1.2,8.44,122.67379997375151,7.239999999999999,16.94389502399883,0
199000,3600,1400,3769.99,1214.97,1.2,17.81,251.2622156234397,16.61,15.127165299424425,0
199000,3600,1400,3680.28,1418.17,1.2,0.0,82.3105540012946,-1.2,9999.0,0
199000,3600,1400,3587.42,1379.13,1.2,12.4,24.368284715999067,11.2,2.175739706785631,1
199000,3600,1400,3647.21,1330.32,1.2,6.93,84.1670155108283,5.73,14.688833422483125,0
199000,3600,1400,3542.54,1544.71,1.2,14.85,155.70046788625913,13.65,11.406627683975028,0
199000,3600,1400,3504.8,1550.4,1.2,12.71,177.99775279480355,11.510000000000002,15.464617966533755,0
199000,3600,1400,3912.91,1370.37,1.2,10.3,314.30972781636893,9.1,34.53953052927131,0
199000,3600,1400,3769.39,1396.6,1.2,8.5,169.42411900316895,7.3,23.20878342509164,0
199000,3600,1400,3590.31,1392.85,1.2,6.32,12.042366876989025,5.12,2.352024780661919,1
199000,3600,1400,3594.92,1459.88,1.2,4.52,60.09509796980127,3.3199999999999994,18.10093312343412,0
199000,3600,1400,3692.49,1332.47,1.2,1.31,114.5194350317882,0.1100000000000001,1041.0857730162554,0
199000,3600,1400,4102.58,1326.87,1.2,0.0,507.8726742993759,-1.2,9999.0,0
199000,3600,1400,3641.18,1411.75,1.2,0.0,42.82353208225574,-1.2,9999.0,0
199000,3600,1400,3658.35,1420.38,1.2,0.0,61.8066897673706,-1.2,9999.0,0
199000,3600,1400,3550.66,1475.0,1.2,0.0,89.77435936836316,-1.2,9999.0,0
199000,3600,1400,3631.53,1422.8,1.2,0.0,38.90990747868736,-1.2,9999.0,0
199000,3600,1400,3665.7,1420.67,1.2,0.0,68.87480598883731,-1.2,9999.0,0
199000,3600,1400,3646.63,1376.07,1.2,0.0,52.41184789720749,-1.2,9999.0,0
199000,3600,1400,3623.12,1435.25,1.2,0.0,42.15562714513918,-1.2,9999.0,0
199000,3600,1400,3581.34,1470.85,1.2,0.0,73.26607741649597,-1.2,9999.0,0
199000,3600,1400,3694.78,1415.19,1.2,0.0,95.98950203017016,-1.2,9999.0,0
199000,3600,1400,3546.39,1481.16,1.2,0.0,97.26755728401956,-1.2,9999.0,0
199000,3600,1400,3647.02,1408.17,1.2,0.0,47.72451466489732,-1.2,9999.0,0
199000,3600,1400,3575.04,1466.79,1.2,0.0,71.30151260667614,-1.2,9999.0,0
199000,3600,1400,3618.93,1441.47,1.2,0.0,45.58624573267683,-1.2,9999.0,0
199000,3600,1400,3641.61,1346.51,1.2,0.0,67.76851924013104,-1.2,9999.0,0
199000,3600,1400,3649.8,1382.79,1.2,0.0,52.68988612627683,-1.2,9999.0,0
199000,3600,1400,3687.53,1416.68,1.2,0.0,89.10512499289835,-1.2,9999.0,0
199000,3600,1400,3642.8,1353.92,1.2,0.0,62.89043170467197,-1.2,9999.0,0
199000,3600,1400,3645.13,1368.74,1.2,0.0,54.89903915370477,-1.2,9999.0,0
199000,3600,1400,3542.11,1487.32,1.2,0.0,104.76657148155596,-1.2,9999.0,0
199000,3600,1400,3633.55,1414.17,1.2,0.0,36.41965678037088,-1.2,9999.0,0
199000,3600,1400,3635.66,1416.73,1.2,0.0,39.38944655615245,-1.2,9999.0,0
199000,3600,1400,3614.73,1447.68,1.2,0.0,49.90345979989771,-1.2,9999.0,0
199000,3600,1400,3569.91,1467.31,1.2,0.0,73.72953410947339,-1.2,9999.0,0
199000,3600,1400,3667.15,1379.5,1.2,0.0,70.20949009927371,-1.2,9999.0,0
199000,3600,1400,3643.98,1361.33,1.2,0.0,58.56286622084004,-1.2,9999.0,0
199000,3600,1400,3678.54,1369.24,1.2,0.0,84.34873561589404,-1.2,9999.0,0
199000,3600,1400,3639.32,1414.35,1.2,0.0,41.856718696047,-1.2,9999.0,0
199000,3600,1400,3610.53,1453.9,1.2,0.0,54.91894846043589,-1.2,9999.0,0
199000,3600,1400,3554.94,1468.84,1.2,0.0,82.27605483978911,-1.2,9999.0,0
199000,3600,1400,3623.32,1429.24,1.2,0.0,37.40053475553536,-1.2,9999.0,0
199000,3600,1400,3660.65,1334.37,1.2,0.0,89.36285246118784,-1.2,9999.0,0
199000,3600,1400,3653.25,1333.37,1.2,0.0,85.29431047848394,-1.2,9999.0,0
199000,3600,1400,3527.76,1508.39,1.2,0.0,130.25747464157283,-1.2,9999.0,0
199000,3600,1400,3553.96,1457.33,1.2,0.0,73.52829727390666,-1.2,9999.0,0
199000,3600,1400,3630.85,1412.44,1.2,0.0,33.26373550880893,-1.2,9999.0,0
199000,3600,1400,3665.35,1387.46,1.2,0.0,66.54227303000692,-1.2,9999.0,0
199000,3600,1400,3523.73,1514.72,1.2,0.0,137.75990454410166,-1.2,9999.0,0
199000,3600,1400,3548.66,1452.02,1.2,0.0,73.08813857254823,-1.2,9999.0,0
199000,3600,1400,3697.3,1353.53,1.2,0.0,107.82741256285452,-1.2,9999.0,0
199000,3600,1400,3629.24,1420.46,1.2,0.0,35.687381523445914,-1.2,9999.0,0
199000,3600,1400,3619.13,1435.46,1.2,0.0,40.29104739269019,-1.2,9999.0,0
199000,3600,1400,3723.78,1409.24,1.2,0.0,124.12439727950364,-1.2,9999.0,0
199000,3600,1400,3653.29,1407.08,1.2,0.0,53.75825983046694,-1.2,9999.0,0
