17:32:05  시각ms:1811285
17:32:05  IMU시각ms:1811285
17:32:05  위험:0
17:32:05  원시위험:0
17:32:05  GPS유효:1
17:32:05  위도:37.496570
17:32:05  경도:126.958025
17:32:05  속도:0.00
17:32:05  방향:178.0
17:32:05  GPS원시속도:0.000
17:32:05  GPS원시방향유효:1
17:32:05  GPS원시방향:182.8
17:32:05  가속도:-0.83,1.30,9.63
17:32:05  자이로:0.3,0.5,-2.4
17:32:05  자력계:7.200,1.950,-2.550
17:32:05  충격값:0.20
17:32:05  송신:17580
17:32:05  지팡이수신:16861
17:32:05  GPS위성:6
17:32:05  GPS_HDOP:1.40
17:32:05  원시위도:37.496570
17:32:05  원시경도:126.958025
17:32:05  GPS채택:1014
17:32:05  GPS이상치거부:24
17:32:05  GPS품질거부:84
17:32:05  GPS재기준:6
17:32:05  계산거리:15.21
17:32:05  접근속도:-0.07
17:32:05  TTC:999.00
17:32:05  방향오차:111.7
17:32:05  전방여부:0
17:32:05  위험음성횟수:0
17:32:05  충격음성횟수:1
17:32:05  마지막위험음성:0
17:32:05  RSSI원시:-79
17:32:05  RSSI평활:-77.9
17:32:05  RSSI샘플:16861
17:32:05  RSSI경과ms:64
17:32:05  위험송신:16860
17:32:05  시각ms:1811340
17:32:05  IMU시각ms:1811340
17:32:05  위험:0
17:32:05  원시위험:0
17:32:05  GPS유효:1
17:32:05  위도:37.496570
17:32:05  경도:126.958025
17:32:05  속도:0.00
17:32:05  방향:178.0
17:32:05  GPS원시속도:0.000
17:32:05  GPS원시방향유효:1
17:32:05  GPS원시방향:182.8
17:32:05  가속도:-0.68,1.47,9.57
17:32:05  자이로:1.3,-0.8,2.0
17:32:05  자력계:6.600,1.650,-2.400
17:32:05  충격값:0.18
17:32:05  송신:17581
17:32:05  지팡이수신:16862
17:32:05  GPS위성:6
17:32:05  GPS_HDOP:1.40
17:32:05  원시위도:37.496570
17:32:05  원시경도:126.958025
17:32:05  GPS채택:1014
17:32:05  GPS이상치거부:24
17:32:05  GPS품질거부:84
17:32:05  GPS재기준:6
17:32:05  계산거리:15.21
17:32:05  접근속도:-0.07
17:32:05  TTC:999.00
17:32:05  방향오차:111.7
17:32:05  전방여부:0
17:32:05  위험음성횟수:0
17:32:05  충격음성횟수:1
17:32:05  마지막위험음성:0
17:32:05  RSSI원시:-79
17:32:05  RSSI평활:-78.1
17:32:05  RSSI샘플:16862
17:32:05  RSSI경과ms:19
17:32:05  위험송신:16861
17:32:05  시각ms:1811390
17:32:05  IMU시각ms:1811390
17:32:05  위험:0
17:32:05  원시위험:0
17:32:05  GPS유효:1
17:32:05  위도:37.496570
17:32:05  경도:126.958025
17:32:05  속도:0.00
17:32:05  방향:178.0
17:32:05  GPS원시속도:0.000
17:32:05  GPS원시방향유효:1
17:32:05  GPS원시방향:182.8
17:32:05  가속도:-0.63,1.37,9.62
17:32:05  자이로:1.8,0.7,-1.0
17:32:05  자력계:7.950,2.250,-1.800
17:32:05  충격값:0.08
17:32:05  송신:17581
17:32:05  지팡이수신:16862
17:32:05  GPS위성:6
17:32:05  GPS_HDOP:1.40
17:32:05  원시위도:37.496570
17:32:05  원시경도:126.958025
17:32:05  GPS채택:1014
17:32:05  GPS이상치거부:24
17:32:05  GPS품질거부:84
17:32:05  GPS재기준:6
17:32:05  계산거리:15.21
17:32:05  접근속도:-0.07
17:32:05  TTC:999.00
17:32:05  방향오차:111.7
17:32:05  전방여부:0
17:32:05  위험음성횟수:0
17:32:05  충격음성횟수:1
17:32:05  마지막위험음성:0
17:32:05  RSSI원시:-79
17:32:05  RSSI평활:-78.1
17:32:05  RSSI샘플:16862
17:32:05  RSSI경과ms:69
17:32:05  위험송신:16861
17:32:05  시각ms:1811445
17:32:05  IMU시각ms:1811445
17:32:05  위험:0
17:32:05  원시위험:0
17:32:05  GPS유효:1
17:32:05  위도:37.496570
17:32:05  경도:126.958025
17:32:05  속도:0.00
17:32:05  방향:178.0
17:32:05  GPS원시속도:0.000
17:32:05  GPS원시방향유효:1
17:32:05  GPS원시방향:182.8
17:32:05  가속도:-0.73,1.41,9.53
17:32:05  자이로:2.2,-1.1,0.4
17:32:05  자력계:7.050,0.450,-2.400
17:32:05  충격값:0.15
17:32:05  송신:17582
17:32:05  지팡이수신:16863
17:32:05  GPS위성:6
17:32:05  GPS_HDOP:1.40
17:32:05  원시위도:37.496570
17:32:05  원시경도:126.958025
17:32:05  GPS채택:1014
17:32:05  GPS이상치거부:24
17:32:05  GPS품질거부:84
17:32:05  GPS재기준:6
17:32:05  계산거리:15.21
17:32:05  접근속도:0.04
17:32:05  TTC:999.00
17:32:05  방향오차:111.7
17:32:05  전방여부:0
17:32:05  위험음성횟수:0
17:32:05  충격음성횟수:1
17:32:05  마지막위험음성:0
17:32:05  RSSI원시:-77
17:32:05  RSSI평활:-77.9
17:32:05  RSSI샘플:16863
17:32:05  RSSI경과ms:26
17:32:05  위험송신:16862
17:32:05  시각ms:1811601
17:32:05  IMU시각ms:1811601
17:32:05  위험:0
17:32:05  원시위험:0
17:32:05  GPS유효:1
17:32:05  위도:37.496570
17:32:05  경도:126.958025
17:32:05  속도:0.00
17:32:05  방향:178.0
17:32:05  GPS원시속도:0.000
17:32:05  GPS원시방향유효:1
17:32:05  GPS원시방향:182.8
17:32:05  가속도:-0.58,1.26,9.61
17:32:05  자이로:2.5,-1.0,0.6
17:32:05  자력계:7.800,0.450,-2.400
17:32:05  충격값:0.07
17:32:05  송신:17583
17:32:05  지팡이수신:16864
17:32:05  GPS위성:6
17:32:05  GPS_HDOP:1.40
17:32:05  원시위도:37.496570
17:32:05  원시경도:126.958025
17:32:05  GPS채택:1014
17:32:05  GPS이상치거부:24
17:32:05  GPS품질거부:84
17:32:05  GPS재기준:6
17:32:05  계산거리:15.21
17:32:05  접근속도:0.04
17:32:05  TTC:999.00
17:32:05  방향오차:111.7
17:32:05  전방여부:0
17:32:05  위험음성횟수:0
17:32:05  충격음성횟수:1
17:32:05  마지막위험음성:0
17:32:05  RSSI원시:-78
17:32:05  RSSI평활:-77.9
17:32:05  RSSI샘플:16864
17:32:05  RSSI경과ms:76
17:32:05  위험송신:16863
17:32:05  시각ms:1811652
17:32:05  IMU시각ms:1811652
17:32:05  위험:0
17:32:05  원시위험:0
17:32:05  GPS유효:1
17:32:05  위도:37.496570
17:32:05  경도:126.958025
17:32:05  속도:0.00
17:32:05  방향:178.0
17:32:05  GPS원시속도:0.000
17:32:05  GPS원시방향유효:1
17:32:05  GPS원시방향:182.8
17:32:05  가속도:-0.52,1.22,9.60
17:32:05  자이로:1.7,0.9,-0.6
17:32:05  자력계:6.000,0.750,-0.750
17:32:05  충격값:0.14
17:32:05  송신:17584
17:32:05  지팡이수신:16864
17:32:05  GPS위성:6
17:32:05  GPS_HDOP:1.40
17:32:05  원시위도:37.496570
17:32:05  원시경도:126.958025
17:32:05  GPS채택:1014
17:32:05  GPS이상치거부:24
17:32:05  GPS품질거부:84
17:32:05  GPS재기준:6
17:32:05  계산거리:15.21
17:32:05  접근속도:0.04
17:32:05  TTC:999.00
17:32:05  방향오차:111.7
17:32:05  전방여부:0
17:32:05  위험음성횟수:0
17:32:05  충격음성횟수:1
17:32:05  마지막위험음성:0
17:32:05  RSSI원시:-78
17:32:05  RSSI평활:-77.9
17:32:05  RSSI샘플:16864
17:32:05  RSSI경과ms:127
17:32:05  위험송신:16863
17:32:05  시각ms:1811702
17:32:05  IMU시각ms:1811702
17:32:05  위험:0
17:32:05  원시위험:0
17:32:05  GPS유효:1
17:32:05  위도:37.496570
17:32:05  경도:126.958025
17:32:05  속도:0.00
17:32:05  방향:178.0
17:32:05  GPS원시속도:0.000
17:32:05  GPS원시방향유효:1
17:32:05  GPS원시방향:182.8
17:32:05  가속도:-0.57,1.35,9.57
17:32:05  자이로:2.3,-1.4,4.5
17:32:05  자력계:6.300,2.850,-1.950
17:32:05  충격값:0.08
17:32:05  송신:17584
17:32:05  지팡이수신:16864
17:32:05  GPS위성:6
17:32:05  GPS_HDOP:1.40
17:32:05  원시위도:37.496570
17:32:05  원시경도:126.958025
17:32:05  GPS채택:1014
17:32:05  GPS이상치거부:24
17:32:05  GPS품질거부:84
17:32:05  GPS재기준:6
17:32:05  계산거리:15.21
17:32:05  접근속도:0.04
17:32:05  TTC:999.00
17:32:05  방향오차:111.7
17:32:05  전방여부:0
17:32:05  위험음성횟수:0
17:32:05  충격음성횟수:1
17:32:05  마지막위험음성:0
17:32:05  RSSI원시:-78
17:32:05  RSSI평활:-77.9
17:32:05  RSSI샘플:16864
17:32:05  RSSI경과ms:177
17:32:05  위험송신:16863
17:32:05  시각ms:1811757
17:32:05  IMU시각ms:1811757
17:32:05  위험:0
17:32:05  원시위험:0
17:32:05  GPS유효:1
17:32:05  위도:37.496570
17:32:05  경도:126.958025
17:32:05  속도:0.00
17:32:05  방향:178.0
17:32:05  GPS원시속도:0.000
17:32:05  GPS원시방향유효:1
17:32:05  GPS원시방향:182.8
17:32:05  가속도:-0.64,1.25,9.64
17:32:05  자이로:-0.3,0.3,0.7
17:32:05  자력계:7.500,3.150,-3.000
17:32:05  충격값:0.07
17:32:05  송신:17585
17:32:05  지팡이수신:16865
17:32:05  GPS위성:6
17:32:05  GPS_HDOP:1.40
17:32:05  원시위도:37.496570
17:32:05  원시경도:126.958025
17:32:05  GPS채택:1014
17:32:05  GPS이상치거부:24
17:32:05  GPS품질거부:84
17:32:05  GPS재기준:6
17:32:05  계산거리:15.21
17:32:05  접근속도:0.04
17:32:05  TTC:999.00
17:32:05  방향오차:111.7
17:32:05  전방여부:0
17:32:05  위험음성횟수:0
17:32:05  충격음성횟수:1
17:32:05  마지막위험음성:0
17:32:05  RSSI원시:-79
17:32:05  RSSI평활:-78.1
17:32:05  RSSI샘플:16865
17:32:05  RSSI경과ms:25
17:32:05  위험송신:16864
17:32:05  시각ms:1811807
17:32:05  IMU시각ms:1811807
17:32:05  위험:0
17:32:05  원시위험:0
17:32:05  GPS유효:1
17:32:05  위도:37.496570
17:32:05  경도:126.958025
17:32:05  속도:0.00
17:32:05  방향:178.0
17:32:05  GPS원시속도:0.000
17:32:05  GPS원시방향유효:1
17:32:05  GPS원시방향:182.8
17:32:05  가속도:-0.67,1.37,9.59
17:32:05  자이로:-0.5,0.3,1.0
17:32:05  자력계:7.200,1.950,-1.800
17:32:05  충격값:0.08
17:32:05  송신:17585
17:32:05  지팡이수신:16865
17:32:05  GPS위성:6
17:32:05  GPS_HDOP:1.40
17:32:05  원시위도:37.496570
17:32:05  원시경도:126.958025
17:32:05  GPS채택:1014
17:32:05  GPS이상치거부:24
17:32:05  GPS품질거부:84
17:32:05  GPS재기준:6
17:32:05  계산거리:15.21
17:32:05  접근속도:0.04
17:32:05  TTC:999.00
17:32:05  방향오차:111.7
17:32:05  전방여부:0
17:32:05  위험음성횟수:0
17:32:05  충격음성횟수:1
17:32:05  마지막위험음성:0
17:32:05  RSSI원시:-79
17:32:05  RSSI평활:-78.1
17:32:05  RSSI샘플:16865
17:32:05  RSSI경과ms:75
17:32:05  위험송신:16864
17:32:06  시각ms:1811913
17:32:06  IMU시각ms:1811913
17:32:06  위험:0
17:32:06  원시위험:0
17:32:06  GPS유효:1
17:32:06  위도:37.496570
17:32:06  경도:126.958025
17:32:06  속도:0.00
17:32:06  방향:178.0
17:32:06  GPS원시속도:0.000
17:32:06  GPS원시방향유효:1
17:32:06  GPS원시방향:182.8
17:32:06  가속도:-0.65,1.21,9.62
17:32:06  자이로:0.2,1.4,-2.1
17:32:06  자력계:8.550,1.350,-1.200
17:32:06  충격값:0.10
17:32:06  송신:17586
17:32:06  지팡이수신:16866
17:32:06  GPS위성:6
17:32:06  GPS_HDOP:1.40
17:32:06  원시위도:37.496570
17:32:06  원시경도:126.958025
17:32:06  GPS채택:1015
17:32:06  GPS이상치거부:24
17:32:06  GPS품질거부:84
17:32:06  GPS재기준:6
17:32:06  계산거리:15.21
17:32:06  접근속도:0.04
17:32:06  TTC:999.00
17:32:06  방향오차:111.7
17:32:06  전방여부:0
17:32:06  위험음성횟수:0
17:32:06  충격음성횟수:1
17:32:06  마지막위험음성:0
17:32:06  RSSI원시:-79
17:32:06  RSSI평활:-78.3
17:32:06  RSSI샘플:16866
17:32:06  RSSI경과ms:78
17:32:06  위험송신:16865
17:32:06  시각ms:1812025
17:32:06  IMU시각ms:1812013
17:32:06  위험:0
17:32:06  원시위험:0
17:32:06  GPS유효:1
17:32:06  위도:37.496570
17:32:06  경도:126.958025
17:32:06  속도:0.00
17:32:06  방향:178.0
17:32:06  GPS원시속도:0.000
17:32:06  GPS원시방향유효:1
17:32:06  GPS원시방향:182.8
17:32:06  가속도:-0.70,1.29,9.48
17:32:06  자이로:2.9,0.6,-5.2
17:32:06  자력계:6.750,3.150,-2.550
17:32:06  충격값:0.14
17:32:06  송신:17588
17:32:06  지팡이수신:16867
17:32:06  GPS위성:6
17:32:06  GPS_HDOP:1.40
17:32:06  원시위도:37.496570
17:32:06  원시경도:126.958025
17:32:06  GPS채택:1015
17:32:06  GPS이상치거부:24
17:32:06  GPS품질거부:84
17:32:06  GPS재기준:6
17:32:06  계산거리:15.21
17:32:06  접근속도:0.03
17:32:06  TTC:999.00
17:32:06  방향오차:111.7
17:32:06  전방여부:0
17:32:06  위험음성횟수:0
17:32:06  충격음성횟수:1
17:32:06  마지막위험음성:0
17:32:06  RSSI원시:-77
17:32:06  RSSI평활:-78.0
17:32:06  RSSI샘플:16867
17:32:06  RSSI경과ms:82
17:32:06  위험송신:16866
17:32:06  시각ms:1812080
17:32:06  IMU시각ms:1812080
17:32:06  위험:0
17:32:06  원시위험:0
17:32:06  GPS유효:1
17:32:06  위도:37.496570
17:32:06  경도:126.958025
17:32:06  속도:0.00
17:32:06  방향:178.0
17:32:06  GPS원시속도:0.000
17:32:06  GPS원시방향유효:1
17:32:06  GPS원시방향:182.8
17:32:06  가속도:-0.67,1.32,9.58
17:32:06  자이로:0.3,3.3,-0.7
17:32:06  자력계:7.950,0.750,-3.000
17:32:06  충격값:0.04
17:32:06  송신:17588
17:32:06  지팡이수신:16868
17:32:06  GPS위성:6
17:32:06  GPS_HDOP:1.40
17:32:06  원시위도:37.496570
17:32:06  원시경도:126.958025
17:32:06  GPS채택:1016
17:32:06  GPS이상치거부:24
17:32:06  GPS품질거부:84
17:32:06  GPS재기준:6
17:32:06  계산거리:15.21
17:32:06  접근속도:0.03
17:32:06  TTC:999.00
17:32:06  방향오차:111.7
17:32:06  전방여부:0
17:32:06  위험음성횟수:0
17:32:06  충격음성횟수:1
17:32:06  마지막위험음성:0
17:32:06  RSSI원시:-77
17:32:06  RSSI평활:-77.8
17:32:06  RSSI샘플:16868
17:32:06  RSSI경과ms:26
17:32:06  위험송신:16867
17:32:06  시각ms:1812130
17:32:06  IMU시각ms:1812130
17:32:06  위험:0
17:32:06  원시위험:0
17:32:06  GPS유효:1
17:32:06  위도:37.496570
17:32:06  경도:126.958025
17:32:06  속도:0.00
17:32:06  방향:178.0
17:32:06  GPS원시속도:0.000
17:32:06  GPS원시방향유효:1
17:32:06  GPS원시방향:182.8
17:32:06  가속도:-0.60,1.38,9.58
17:32:06  자이로:-0.2,1.7,-2.1
17:32:06  자력계:7.800,1.350,-4.200
17:32:06  충격값:0.08
17:32:06  송신:17589
17:32:06  지팡이수신:16868
17:32:06  GPS위성:6
17:32:06  GPS_HDOP:1.40
17:32:06  원시위도:37.496570
17:32:06  원시경도:126.958025
17:32:06  GPS채택:1016
17:32:06  GPS이상치거부:24
17:32:06  GPS품질거부:84
17:32:06  GPS재기준:6
17:32:06  계산거리:15.21
17:32:06  접근속도:0.03
17:32:06  TTC:999.00
17:32:06  방향오차:111.7
17:32:06  전방여부:0
17:32:06  위험음성횟수:0
17:32:06  충격음성횟수:1
17:32:06  마지막위험음성:0
17:32:06  RSSI원시:-77
17:32:06  RSSI평활:-77.8
17:32:06  RSSI샘플:16868
17:32:06  RSSI경과ms:76
17:32:06  위험송신:16867
17:32:06  시각ms:1812186
17:32:06  IMU시각ms:1812186
17:32:06  위험:0
17:32:06  원시위험:0
17:32:06  GPS유효:1
17:32:06  위도:37.496570
17:32:06  경도:126.958025
17:32:06  속도:0.00
17:32:06  방향:178.0
17:32:06  GPS원시속도:0.000
17:32:06  GPS원시방향유효:1
17:32:06  GPS원시방향:182.8
17:32:06  가속도:-0.60,1.36,9.50
17:32:06  자이로:0.3,-0.2,-3.5
17:32:06  자력계:6.000,1.050,-3.000
17:32:06  충격값:0.10
17:32:06  송신:17589
17:32:06  지팡이수신:16869
17:32:06  GPS위성:6
17:32:06  GPS_HDOP:1.40
17:32:06  원시위도:37.496570
17:32:06  원시경도:126.958025
17:32:06  GPS채택:1016
17:32:06  GPS이상치거부:24
17:32:06  GPS품질거부:84
17:32:06  GPS재기준:6
17:32:06  계산거리:15.21
17:32:06  접근속도:0.03
17:32:06  TTC:999.00
17:32:06  방향오차:111.7
17:32:06  전방여부:0
17:32:06  위험음성횟수:0
17:32:06  충격음성횟수:1
17:32:06  마지막위험음성:0
17:32:06  RSSI원시:-78
17:32:06  RSSI평활:-77.9
17:32:06  RSSI샘플:16869
17:32:06  RSSI경과ms:44
17:32:06  위험송신:16868
17:32:06  시각ms:1812236
17:32:06  IMU시각ms:1812236
17:32:06  위험:0
17:32:06  원시위험:0
17:32:06  GPS유효:1
17:32:06  위도:37.496570
17:32:06  경도:126.958025
17:32:06  속도:0.00
17:32:06  방향:178.0
17:32:06  GPS원시속도:0.000
17:32:06  GPS원시방향유효:1
17:32:06  GPS원시방향:182.8
17:32:06  가속도:-0.58,1.29,9.62
17:32:06  자이로:1.4,-2.0,0.8
17:32:06  자력계:7.500,2.250,-0.300
17:32:06  충격값:0.07
17:32:06  송신:17590
17:32:06  지팡이수신:16869
17:32:06  GPS위성:6
17:32:06  GPS_HDOP:1.40
17:32:06  원시위도:37.496570
17:32:06  원시경도:126.958025
17:32:06  GPS채택:1016
17:32:06  GPS이상치거부:24
17:32:06  GPS품질거부:84
17:32:06  GPS재기준:6
17:32:06  계산거리:15.21
17:32:06  접근속도:0.03
17:32:06  TTC:999.00
17:32:06  방향오차:111.7
17:32:06  전방여부:0
17:32:06  위험음성횟수:0
17:32:06  충격음성횟수:1
17:32:06  마지막위험음성:0
17:32:06  RSSI원시:-78
17:32:06  RSSI평활:-77.9
17:32:06  RSSI샘플:16869
17:32:06  RSSI경과ms:94
17:32:06  위험송신:16868
17:32:06  시각ms:1812291
17:32:06  IMU시각ms:1812291
17:32:06  위험:0
17:32:06  원시위험:0
17:32:06  GPS유효:1
17:32:06  위도:37.496570
17:32:06  경도:126.958025
17:32:06  속도:0.00
17:32:06  방향:178.0
17:32:06  GPS원시속도:0.000
17:32:06  GPS원시방향유효:1
17:32:06  GPS원시방향:182.8
17:32:06  가속도:-0.70,1.39,9.54
17:32:06  자이로:0.9,1.4,1.1
17:32:06  자력계:8.100,0.450,-1.950
17:32:06  충격값:0.11
17:32:06  송신:17590
17:32:06  지팡이수신:16870
17:32:06  GPS위성:6
17:32:06  GPS_HDOP:1.40
17:32:06  원시위도:37.496570
17:32:06  원시경도:126.958025
17:32:06  GPS채택:1016
17:32:06  GPS이상치거부:24
17:32:06  GPS품질거부:84
17:32:06  GPS재기준:6
17:32:06  계산거리:15.21
17:32:06  접근속도:0.03
17:32:06  TTC:999.00
17:32:06  방향오차:111.7
17:32:06  전방여부:0
17:32:06  위험음성횟수:0
17:32:06  충격음성횟수:1
17:32:06  마지막위험음성:0
17:32:06  RSSI원시:-78
17:32:06  RSSI평활:-77.9
17:32:06  RSSI샘플:16870
17:32:06  RSSI경과ms:42
17:32:06  위험송신:16869
17:32:06  시각ms:1812341
17:32:06  IMU시각ms:1812341
17:32:06  위험:0
17:32:06  원시위험:0
17:32:06  GPS유효:1
17:32:06  위도:37.496570
17:32:06  경도:126.958025
17:32:06  속도:0.00
17:32:06  방향:178.0
17:32:06  GPS원시속도:0.000
17:32:06  GPS원시방향유효:1
17:32:06  GPS원시방향:182.8
17:32:06  가속도:-0.62,1.28,9.62
17:32:06  자이로:1.4,1.5,0.0
17:32:06  자력계:8.400,2.250,-1.500
17:32:06  충격값:0.04
17:32:06  송신:17591
17:32:06  지팡이수신:16870
17:32:06  GPS위성:6
17:32:06  GPS_HDOP:1.40
17:32:06  원시위도:37.496570
17:32:06  원시경도:126.958025
17:32:06  GPS채택:1016
17:32:06  GPS이상치거부:24
17:32:06  GPS품질거부:84
17:32:06  GPS재기준:6
17:32:06  계산거리:15.21
17:32:06  접근속도:0.03
17:32:06  TTC:999.00
17:32:06  방향오차:111.7
17:32:06  전방여부:0
17:32:06  위험음성횟수:0
17:32:06  충격음성횟수:1
17:32:06  마지막위험음성:0
17:32:06  RSSI원시:-78
17:32:06  RSSI평활:-77.9
17:32:06  RSSI샘플:16870
17:32:06  RSSI경과ms:92
17:32:06  위험송신:16869
17:32:06  시각ms:1812397
17:32:06  IMU시각ms:1812397
17:32:06  위험:0
17:32:06  원시위험:0
17:32:06  GPS유효:1
17:32:06  위도:37.496570
17:32:06  경도:126.958025
17:32:06  속도:0.00
17:32:06  방향:178.0
17:32:06  GPS원시속도:0.000
17:32:06  GPS원시방향유효:1
17:32:06  GPS원시방향:182.8
17:32:06  가속도:-0.62,1.22,9.56
17:32:06  자이로:0.4,0.2,-0.0
17:32:06  자력계:7.500,2.250,0.000
17:32:06  충격값:0.10
17:32:06  송신:17591
17:32:06  지팡이수신:16871
17:32:06  GPS위성:6
17:32:06  GPS_HDOP:1.40
17:32:06  원시위도:37.496570
17:32:06  원시경도:126.958025
17:32:06  GPS채택:1016
17:32:06  GPS이상치거부:24
17:32:06  GPS품질거부:84
17:32:06  GPS재기준:6
17:32:06  계산거리:15.21
17:32:06  접근속도:0.03
17:32:06  TTC:999.00
17:32:06  방향오차:111.7
17:32:06  전방여부:0
17:32:06  위험음성횟수:0
17:32:06  충격음성횟수:1
17:32:06  마지막위험음성:0
17:32:06  RSSI원시:-78
17:32:06  RSSI평활:-77.9
17:32:06  RSSI샘플:16871
17:32:06  RSSI경과ms:53
17:32:06  위험송신:16870
17:32:06  시각ms:1812447
17:32:06  IMU시각ms:1812447
17:32:06  위험:0
17:32:06  원시위험:0
17:32:06  GPS유효:1
17:32:06  위도:37.496570
17:32:06  경도:126.958025
17:32:06  속도:0.00
17:32:06  방향:178.0
17:32:06  GPS원시속도:0.000
17:32:06  GPS원시방향유효:1
17:32:06  GPS원시방향:182.8
17:32:06  가속도:-0.53,1.22,9.59
17:32:06  자이로:1.7,0.0,-1.1
17:32:06  자력계:6.600,0.450,-2.700
17:32:06  충격값:0.15
17:32:06  송신:17592
17:32:06  지팡이수신:16872
17:32:06  GPS위성:6
17:32:06  GPS_HDOP:1.40
17:32:06  원시위도:37.496570
17:32:06  원시경도:126.958025
17:32:06  GPS채택:1016
17:32:06  GPS이상치거부:24
17:32:06  GPS품질거부:84
17:32:06  GPS재기준:6
17:32:06  계산거리:15.21
17:32:06  접근속도:0.03
17:32:06  TTC:999.00
17:32:06  방향오차:111.7
17:32:06  전방여부:0
17:32:06  위험음성횟수:0
17:32:06  충격음성횟수:1
17:32:06  마지막위험음성:0
17:32:06  RSSI원시:-79
17:32:06  RSSI평활:-78.1
17:32:06  RSSI샘플:16872
17:32:06  RSSI경과ms:0
17:32:06  위험송신:16870
17:32:06  시각ms:1812503
17:32:06  IMU시각ms:1812503
17:32:06  위험:0
17:32:06  원시위험:0
17:32:06  GPS유효:1
17:32:06  위도:37.496570
17:32:06  경도:126.958025
17:32:06  속도:0.00
17:32:06  방향:178.0
17:32:06  GPS원시속도:0.000
17:32:06  GPS원시방향유효:1
17:32:06  GPS원시방향:182.8
17:32:06  가속도:-0.71,1.30,9.63
17:32:06  자이로:0.4,1.9,-3.9
17:32:06  자력계:7.050,2.100,-2.400
17:32:06  충격값:0.06
17:32:06  송신:17592
17:32:06  지팡이수신:16872
17:32:06  GPS위성:6
17:32:06  GPS_HDOP:1.40
17:32:06  원시위도:37.496570
17:32:06  원시경도:126.958025
17:32:06  GPS채택:1016
17:32:06  GPS이상치거부:24
17:32:06  GPS품질거부:84
17:32:06  GPS재기준:6
17:32:06  계산거리:15.21
17:32:06  접근속도:0.02
17:32:06  TTC:999.00
17:32:06  방향오차:111.7
17:32:06  전방여부:0
17:32:06  위험음성횟수:0
17:32:06  충격음성횟수:1
17:32:06  마지막위험음성:0
17:32:06  RSSI원시:-79
17:32:06  RSSI평활:-78.1
17:32:06  RSSI샘플:16872
17:32:06  RSSI경과ms:56
17:32:06  위험송신:16871
17:32:06  시각ms:1812576
17:32:06  IMU시각ms:1812553
17:32:06  위험:0
17:32:06  원시위험:0
17:32:06  GPS유효:1
17:32:06  위도:37.496570
17:32:06  경도:126.958025
17:32:06  속도:0.00
17:32:06  방향:178.0
17:32:06  GPS원시속도:0.000
17:32:06  GPS원시방향유효:1
17:32:06  GPS원시방향:182.8
17:32:06  가속도:-0.50,1.25,9.64
17:32:06  자이로:0.7,-0.2,1.7
17:32:06  자력계:8.100,1.350,-3.450
17:32:06  충격값:0.15
17:32:06  송신:17593
17:32:06  지팡이수신:16873
17:32:06  GPS위성:6
17:32:06  GPS_HDOP:1.40
17:32:06  원시위도:37.496570
17:32:06  원시경도:126.958025
17:32:06  GPS채택:1016
17:32:06  GPS이상치거부:24
17:32:06  GPS품질거부:84
17:32:06  GPS재기준:6
17:32:06  계산거리:15.21
17:32:06  접근속도:0.02
17:32:06  TTC:999.00
17:32:06  방향오차:111.7
17:32:06  전방여부:0
17:32:06  위험음성횟수:0
17:32:06  충격음성횟수:1
17:32:06  마지막위험음성:0
17:32:06  RSSI원시:-78
17:32:06  RSSI평활:-78.1
17:32:06  RSSI샘플:16873
17:32:06  RSSI경과ms:27
17:32:06  위험송신:16872
17:32:06  시각ms:1812620
17:32:06  IMU시각ms:1812620
17:32:06  위험:0
17:32:06  원시위험:0
17:32:06  GPS유효:1
17:32:06  위도:37.496570
17:32:06  경도:126.958025
17:32:06  속도:0.00
17:32:06  방향:178.0
17:32:06  GPS원시속도:0.000
17:32:06  GPS원시방향유효:1
17:32:06  GPS원시방향:182.8
17:32:06  가속도:-0.72,1.29,9.64
17:32:06  자이로:-0.7,-1.0,2.0
17:32:06  자력계:6.300,2.100,-2.700
17:32:06  충격값:0.09
17:32:06  송신:17593
17:32:06  지팡이수신:16873
17:32:06  GPS위성:6
17:32:06  GPS_HDOP:1.40
17:32:06  원시위도:37.496570
17:32:06  원시경도:126.958025
17:32:06  GPS채택:1016
17:32:06  GPS이상치거부:24
17:32:06  GPS품질거부:84
17:32:06  GPS재기준:6
17:32:06  계산거리:15.21
17:32:06  접근속도:0.02
17:32:06  TTC:999.00
17:32:06  방향오차:111.7
17:32:06  전방여부:0
17:32:06  위험음성횟수:0
17:32:06  충격음성횟수:1
17:32:06  마지막위험음성:0
17:32:06  RSSI원시:-78
17:32:06  RSSI평활:-78.1
17:32:06  RSSI샘플:16873
17:32:06  RSSI경과ms:71
17:32:06  위험송신:16872
17:32:06  시각ms:1812686
17:32:06  IMU시각ms:1812663
17:32:06  위험:0
17:32:06  원시위험:0
17:32:06  GPS유효:1
17:32:06  위도:37.496570
17:32:06  경도:126.958025
17:32:06  속도:0.00
17:32:06  방향:178.0
17:32:06  GPS원시속도:0.000
17:32:06  GPS원시방향유효:1
17:32:06  GPS원시방향:182.8
17:32:06  가속도:-0.54,1.44,9.76
17:32:06  자이로:0.3,4.1,-0.7
17:32:06  자력계:5.700,0.750,-2.250
17:32:06  충격값:0.22
17:32:06  송신:17594
17:32:06  지팡이수신:16874
17:32:06  GPS위성:6
17:32:06  GPS_HDOP:1.40
17:32:06  원시위도:37.496570
17:32:06  원시경도:126.958025
17:32:06  GPS채택:1016
17:32:06  GPS이상치거부:24
17:32:06  GPS품질거부:84
17:32:06  GPS재기준:6
17:32:06  계산거리:15.21
17:32:06  접근속도:0.02
17:32:06  TTC:999.00
17:32:06  방향오차:111.7
17:32:06  전방여부:0
17:32:06  위험음성횟수:0
17:32:06  충격음성횟수:1
17:32:06  마지막위험음성:0
17:32:06  RSSI원시:-78
17:32:06  RSSI평활:-78.1
17:32:06  RSSI샘플:16874
17:32:06  RSSI경과ms:29
17:32:06  위험송신:16873
17:32:06  시각ms:1812730
17:32:06  IMU시각ms:1812730
17:32:06  위험:0
17:32:06  원시위험:0
17:32:06  GPS유효:1
17:32:06  위도:37.496570
17:32:06  경도:126.958025
17:32:06  속도:0.00
17:32:06  방향:178.0
17:32:06  GPS원시속도:0.000
17:32:06  GPS원시방향유효:1
17:32:06  GPS원시방향:182.8
17:32:06  가속도:-0.68,1.16,9.62
17:32:06  자이로:-1.2,-0.7,1.7
17:32:06  자력계:7.500,0.300,-1.800
17:32:06  충격값:0.16
17:32:06  송신:17594
17:32:06  지팡이수신:16874
17:32:06  GPS위성:6
17:32:06  GPS_HDOP:1.40
17:32:06  원시위도:37.496570
17:32:06  원시경도:126.958025
17:32:06  GPS채택:1016
17:32:06  GPS이상치거부:24
17:32:06  GPS품질거부:84
17:32:06  GPS재기준:6
17:32:06  계산거리:15.21
17:32:06  접근속도:0.02
17:32:06  TTC:999.00
17:32:06  방향오차:111.7
17:32:06  전방여부:0
17:32:06  위험음성횟수:0
17:32:06  충격음성횟수:1
17:32:06  마지막위험음성:0
17:32:06  RSSI원시:-78
17:32:06  RSSI평활:-78.1
17:32:06  RSSI샘플:16874
17:32:06  RSSI경과ms:73
17:32:06  위험송신:16873
17:32:06  시각ms:1812785
17:32:06  IMU시각ms:1812785
17:32:06  위험:0
17:32:06  원시위험:0
17:32:06  GPS유효:1
17:32:07  위도:37.496570
17:32:07  경도:126.958025
17:32:07  속도:0.00
17:32:07  방향:178.0
17:32:07  GPS원시속도:0.000
17:32:07  GPS원시방향유효:1
17:32:07  GPS원시방향:182.8
17:32:07  가속도:-0.71,1.21,9.63
17:32:07  자이로:-1.1,0.0,1.4
17:32:07  자력계:7.500,1.050,-3.750
17:32:07  충격값:0.12
17:32:07  송신:17595
17:32:07  지팡이수신:16875
17:32:07  GPS위성:6
17:32:07  GPS_HDOP:1.40
17:32:07  원시위도:37.496570
17:32:07  원시경도:126.958025
17:32:07  GPS채택:1016
17:32:07  GPS이상치거부:24
17:32:07  GPS품질거부:84
17:32:07  GPS재기준:6
17:32:07  계산거리:15.21
17:32:07  접근속도:0.02
17:32:07  TTC:999.00
17:32:07  방향오차:111.7
17:32:07  전방여부:0
17:32:07  위험음성횟수:0
17:32:07  충격음성횟수:1
17:32:07  마지막위험음성:0
17:32:07  RSSI원시:-79
17:32:07  RSSI평활:-78.3
17:32:07  RSSI샘플:16875
17:32:07  RSSI경과ms:28
17:32:07  위험송신:16874
17:32:07  시각ms:1812835
17:32:07  IMU시각ms:1812835
17:32:07  위험:0
17:32:07  원시위험:0
17:32:07  GPS유효:1
17:32:07  위도:37.496570
17:32:07  경도:126.958025
17:32:07  속도:0.00
17:32:07  방향:178.0
17:32:07  GPS원시속도:0.000
17:32:07  GPS원시방향유효:1
17:32:07  GPS원시방향:182.8
17:32:07  가속도:-0.60,1.40,9.54
17:32:07  자이로:2.4,-3.0,-0.8
17:32:07  자력계:6.600,2.100,-3.450
17:32:07  충격값:0.12
17:32:07  송신:17595
17:32:07  지팡이수신:16875
17:32:07  GPS위성:6
17:32:07  GPS_HDOP:1.40
17:32:07  원시위도:37.496570
17:32:07  원시경도:126.958025
17:32:07  GPS채택:1016
17:32:07  GPS이상치거부:24
17:32:07  GPS품질거부:84
17:32:07  GPS재기준:6
17:32:07  계산거리:15.21
17:32:07  접근속도:0.02
17:32:07  TTC:999.00
17:32:07  방향오차:111.7
17:32:07  전방여부:0
17:32:07  위험음성횟수:0
17:32:07  충격음성횟수:1
17:32:07  마지막위험음성:0
17:32:07  RSSI원시:-79
17:32:07  RSSI평활:-78.3
17:32:07  RSSI샘플:16875
17:32:07  RSSI경과ms:78
17:32:07  위험송신:16874
17:32:07  시각ms:1812891
17:32:07  IMU시각ms:1812891
17:32:07  위험:0
17:32:07  원시위험:0
17:32:07  GPS유효:1
17:32:07  위도:37.496570
17:32:07  경도:126.958025
17:32:07  속도:0.00
17:32:07  방향:178.0
17:32:07  GPS원시속도:0.000
17:32:07  GPS원시방향유효:1
17:32:07  GPS원시방향:182.8
17:32:07  가속도:-0.63,1.42,9.60
17:32:07  자이로:2.9,-2.5,-0.6
17:32:07  자력계:7.200,1.050,-1.800
17:32:07  충격값:0.11
17:32:07  송신:17596
17:32:07  지팡이수신:16876
17:32:07  GPS위성:6
17:32:07  GPS_HDOP:1.40
17:32:07  원시위도:37.496568
17:32:07  원시경도:126.958025
17:32:07  GPS채택:1017
17:32:07  GPS이상치거부:24
17:32:07  GPS품질거부:84
17:32:07  GPS재기준:6
17:32:07  계산거리:15.21
17:32:07  접근속도:0.02
17:32:07  TTC:999.00
17:32:07  방향오차:111.7
17:32:07  전방여부:0
17:32:07  위험음성횟수:0
17:32:07  충격음성횟수:1
17:32:07  마지막위험음성:0
17:32:07  RSSI원시:-77
17:32:07  RSSI평활:-78.0
17:32:07  RSSI샘플:16876
17:32:07  RSSI경과ms:30
17:32:07  위험송신:16875
17:32:07  시각ms:1812941
17:32:07  IMU시각ms:1812941
17:32:07  위험:0
17:32:07  원시위험:0
17:32:07  GPS유효:1
17:32:07  위도:37.496570
17:32:07  경도:126.958025
17:32:07  속도:0.00
17:32:07  방향:178.0
17:32:07  GPS원시속도:0.000
17:32:07  GPS원시방향유효:1
17:32:07  GPS원시방향:182.8
17:32:07  가속도:-0.70,1.33,9.55
17:32:07  자이로:-0.3,1.0,2.1
17:32:07  자력계:8.850,0.150,-1.950
17:32:07  충격값:0.09
17:32:07  송신:17596
17:32:07  지팡이수신:16876
17:32:07  GPS위성:6
17:32:07  GPS_HDOP:1.40
17:32:07  원시위도:37.496568
17:32:07  원시경도:126.958025
17:32:07  GPS채택:1017
17:32:07  GPS이상치거부:24
17:32:07  GPS품질거부:84
17:32:07  GPS재기준:6
17:32:07  계산거리:15.21
17:32:07  접근속도:0.02
17:32:07  TTC:999.00
17:32:07  방향오차:111.7
17:32:07  전방여부:0
17:32:07  위험음성횟수:0
17:32:07  충격음성횟수:1
17:32:07  마지막위험음성:0
17:32:07  RSSI원시:-77
17:32:07  RSSI평활:-78.0
17:32:07  RSSI샘플:16876
17:32:07  RSSI경과ms:80
17:32:07  위험송신:16875
17:32:07  시각ms:1813052
17:32:07  IMU시각ms:1813052
17:32:07  위험:0
17:32:07  원시위험:0
17:32:07  GPS유효:1
17:32:07  위도:37.496570
17:32:07  경도:126.958025
17:32:07  속도:0.00
17:32:07  방향:178.0
17:32:07  GPS원시속도:0.000
17:32:07  GPS원시방향유효:1
17:32:07  GPS원시방향:182.8
17:32:07  가속도:-0.41,1.13,9.70
17:32:07  자이로:0.8,-1.6,0.5
17:32:07  자력계:5.850,1.650,-2.700
17:32:07  충격값:0.29
17:32:07  송신:17597
17:32:07  지팡이수신:16877
17:32:07  GPS위성:6
17:32:07  GPS_HDOP:1.40
17:32:07  원시위도:37.496568
17:32:07  원시경도:126.958025
17:32:07  GPS채택:1018
17:32:07  GPS이상치거부:24
17:32:07  GPS품질거부:84
17:32:07  GPS재기준:6
17:32:07  계산거리:15.07
17:32:07  접근속도:0.09
17:32:07  TTC:999.00
17:32:07  방향오차:110.3
17:32:07  전방여부:0
17:32:07  위험음성횟수:0
17:32:07  충격음성횟수:1
17:32:07  마지막위험음성:0
17:32:07  RSSI원시:-78
17:32:07  RSSI평활:-78.0
17:32:07  RSSI샘플:16877
17:32:07  RSSI경과ms:93
17:32:07  위험송신:16876
17:32:07  시각ms:1813107
17:32:07  IMU시각ms:1813107
17:32:07  위험:0
17:32:07  원시위험:0
17:32:07  GPS유효:1
17:32:07  위도:37.496570
17:32:07  경도:126.958025
17:32:07  속도:0.00
17:32:07  방향:178.0
17:32:07  GPS원시속도:0.000
17:32:07  GPS원시방향유효:1
17:32:07  GPS원시방향:182.8
17:32:07  가속도:-0.54,1.31,9.58
17:32:07  자이로:-0.3,-0.3,0.9
17:32:07  자력계:6.450,0.750,-0.750
17:32:07  충격값:0.08
17:32:07  송신:17598
17:32:07  지팡이수신:16878
17:32:07  GPS위성:6
17:32:07  GPS_HDOP:1.40
17:32:07  원시위도:37.496568
17:32:07  원시경도:126.958025
17:32:07  GPS채택:1018
17:32:07  GPS이상치거부:24
17:32:07  GPS품질거부:84
17:32:07  GPS재기준:6
17:32:07  계산거리:14.44
17:32:07  접근속도:0.09
17:32:07  TTC:999.00
17:32:07  방향오차:111.2
17:32:07  전방여부:0
17:32:07  위험음성횟수:0
17:32:07  충격음성횟수:1
17:32:07  마지막위험음성:0
17:32:07  RSSI원시:-78
17:32:07  RSSI평활:-78.0
17:32:07  RSSI샘플:16878
17:32:07  RSSI경과ms:43
17:32:07  위험송신:16877
17:32:07  시각ms:1813207
17:32:07  IMU시각ms:1813207
17:32:07  위험:0
17:32:07  원시위험:0
17:32:07  GPS유효:1
17:32:07  위도:37.496570
17:32:07  경도:126.958025
17:32:07  속도:0.00
17:32:07  방향:178.0
17:32:07  GPS원시속도:0.000
17:32:07  GPS원시방향유효:1
17:32:07  GPS원시방향:182.8
17:32:07  가속도:-0.56,1.29,9.53
17:32:07  자이로:0.7,-0.4,0.0
17:32:07  자력계:7.500,1.050,-3.300
17:32:07  충격값:0.09
17:32:07  송신:17599
17:32:07  지팡이수신:16878
17:32:07  GPS위성:6
17:32:07  GPS_HDOP:1.40
17:32:07  원시위도:37.496568
17:32:07  원시경도:126.958025
17:32:07  GPS채택:1018
17:32:07  GPS이상치거부:24
17:32:07  GPS품질거부:84
17:32:07  GPS재기준:6
17:32:07  계산거리:14.44
17:32:07  접근속도:0.09
17:32:07  TTC:999.00
17:32:07  방향오차:111.2
17:32:07  전방여부:0
17:32:07  위험음성횟수:0
17:32:07  충격음성횟수:1
17:32:07  마지막위험음성:0
17:32:07  RSSI원시:-78
17:32:07  RSSI평활:-78.0
17:32:07  RSSI샘플:16878
17:32:07  RSSI경과ms:143
17:32:07  위험송신:16877
17:32:07  시각ms:1813257
17:32:07  IMU시각ms:1813257
17:32:07  위험:0
17:32:07  원시위험:0
17:32:07  GPS유효:1
17:32:07  위도:37.496570
17:32:07  경도:126.958025
17:32:07  속도:0.00
17:32:07  방향:178.0
17:32:07  GPS원시속도:0.000
17:32:07  GPS원시방향유효:1
17:32:07  GPS원시방향:182.8
17:32:07  가속도:-0.61,1.18,9.57
17:32:07  자이로:2.2,-1.2,0.1
17:32:07  자력계:6.300,1.350,-3.150
17:32:07  충격값:0.13
17:32:07  송신:17599
17:32:07  지팡이수신:16878
17:32:07  GPS위성:6
17:32:07  GPS_HDOP:1.40
17:32:07  원시위도:37.496568
17:32:07  원시경도:126.958025
17:32:07  GPS채택:1018
17:32:07  GPS이상치거부:24
17:32:07  GPS품질거부:84
17:32:07  GPS재기준:6
17:32:07  계산거리:14.44
17:32:07  접근속도:0.09
17:32:07  TTC:999.00
17:32:07  방향오차:111.2
17:32:07  전방여부:0
17:32:07  위험음성횟수:0
17:32:07  충격음성횟수:1
17:32:07  마지막위험음성:0
17:32:07  RSSI원시:-78
17:32:07  RSSI평활:-78.0
17:32:07  RSSI샘플:16878
17:32:07  RSSI경과ms:193
17:32:07  위험송신:16877
17:32:07  시각ms:1813312
17:32:07  IMU시각ms:1813312
17:32:07  위험:0
17:32:07  원시위험:0
17:32:07  GPS유효:1
17:32:07  위도:37.496570
17:32:07  경도:126.958025
17:32:07  속도:0.00
17:32:07  방향:178.0
17:32:07  GPS원시속도:0.000
17:32:07  GPS원시방향유효:1
17:32:07  GPS원시방향:182.8
17:32:07  가속도:-0.63,1.27,9.62
17:32:07  자이로:-2.5,1.3,-1.6
17:32:07  자력계:7.500,0.750,-3.750
17:32:07  충격값:0.04
17:32:07  송신:17600
17:32:07  지팡이수신:16879
17:32:07  GPS위성:6
17:32:07  GPS_HDOP:1.40
17:32:07  원시위도:37.496568
17:32:07  원시경도:126.958025
17:32:07  GPS채택:1018
17:32:07  GPS이상치거부:24
17:32:07  GPS품질거부:84
17:32:07  GPS재기준:6
17:32:07  계산거리:14.44
17:32:07  접근속도:0.09
17:32:07  TTC:999.00
17:32:07  방향오차:111.2
17:32:07  전방여부:0
17:32:07  위험음성횟수:0
17:32:07  충격음성횟수:1
17:32:07  마지막위험음성:0
17:32:07  RSSI원시:-77
17:32:07  RSSI평활:-77.8
17:32:07  RSSI샘플:16879
17:32:07  RSSI경과ms:50
17:32:07  위험송신:16878
17:32:07  시각ms:1813374
17:32:07  IMU시각ms:1813362
17:32:07  위험:0
17:32:07  원시위험:0
17:32:07  GPS유효:1
17:32:07  위도:37.496570
17:32:07  경도:126.958025
17:32:07  속도:0.00
17:32:07  방향:178.0
17:32:07  GPS원시속도:0.000
17:32:07  GPS원시방향유효:1
17:32:07  GPS원시방향:182.8
17:32:07  가속도:-0.75,1.28,9.62
17:32:07  자이로:2.8,0.3,-0.4
17:32:07  자력계:6.750,1.050,-1.050
17:32:07  충격값:0.13
17:32:07  송신:17600
17:32:07  지팡이수신:16880
17:32:07  GPS위성:6
17:32:07  GPS_HDOP:1.40
17:32:07  원시위도:37.496568
17:32:07  원시경도:126.958025
17:32:07  GPS채택:1018
17:32:07  GPS이상치거부:24
17:32:07  GPS품질거부:84
17:32:07  GPS재기준:6
17:32:07  계산거리:14.44
17:32:07  접근속도:0.09
17:32:07  TTC:999.00
17:32:07  방향오차:111.2
17:32:07  전방여부:0
17:32:07  위험음성횟수:0
17:32:07  충격음성횟수:1
17:32:07  마지막위험음성:0
17:32:07  RSSI원시:-78
17:32:07  RSSI평활:-77.8
17:32:07  RSSI샘플:16880
17:32:07  RSSI경과ms:13
17:32:07  위험송신:16879
17:32:07  시각ms:1813424
17:32:07  IMU시각ms:1813424
17:32:07  위험:0
17:32:07  원시위험:0
17:32:07  GPS유효:1
17:32:07  위도:37.496570
17:32:07  경도:126.958025
17:32:07  속도:0.00
17:32:07  방향:178.0
17:32:07  GPS원시속도:0.000
17:32:07  GPS원시방향유효:1
17:32:07  GPS원시방향:182.8
17:32:07  가속도:-0.79,1.31,9.70
17:32:07  자이로:1.5,3.0,-2.3
17:32:07  자력계:7.200,1.500,-2.550
17:32:07  충격값:0.19
17:32:07  송신:17601
17:32:07  지팡이수신:16880
17:32:07  GPS위성:6
17:32:07  GPS_HDOP:1.40
17:32:07  원시위도:37.496568
17:32:07  원시경도:126.958025
17:32:07  GPS채택:1018
17:32:07  GPS이상치거부:24
17:32:07  GPS품질거부:84
17:32:07  GPS재기준:6
17:32:07  계산거리:14.44
17:32:07  접근속도:0.09
17:32:07  TTC:999.00
17:32:07  방향오차:111.2
17:32:07  전방여부:0
17:32:07  위험음성횟수:0
17:32:07  충격음성횟수:1
17:32:07  마지막위험음성:0
17:32:07  RSSI원시:-78
17:32:07  RSSI평활:-77.8
17:32:07  RSSI샘플:16880
17:32:07  RSSI경과ms:63
17:32:07  위험송신:16879
17:32:07  시각ms:1813479
17:32:07  IMU시각ms:1813467
17:32:07  위험:0
17:32:07  원시위험:0
17:32:07  GPS유효:1
17:32:07  위도:37.496570
17:32:07  경도:126.958025
17:32:07  속도:0.00
17:32:07  방향:178.0
17:32:07  GPS원시속도:0.000
17:32:07  GPS원시방향유효:1
17:32:07  GPS원시방향:182.8
17:32:07  가속도:-0.55,1.37,9.50
17:32:07  자이로:-2.1,-1.5,2.8
17:32:07  자력계:5.850,0.900,-2.400
17:32:07  충격값:0.15
17:32:07  송신:17601
17:32:07  지팡이수신:16881
17:32:07  GPS위성:6
17:32:07  GPS_HDOP:1.40
17:32:07  원시위도:37.496568
17:32:07  원시경도:126.958025
17:32:07  GPS채택:1018
17:32:07  GPS이상치거부:24
17:32:07  GPS품질거부:84
17:32:07  GPS재기준:6
17:32:07  계산거리:14.44
17:32:07  접근속도:0.44
17:32:07  TTC:999.00
17:32:07  방향오차:111.2
17:32:07  전방여부:0
17:32:07  위험음성횟수:0
17:32:07  충격음성횟수:1
17:32:07  마지막위험음성:0
17:32:07  RSSI원시:-78
17:32:07  RSSI평활:-77.9
17:32:07  RSSI샘플:16881
17:32:07  RSSI경과ms:17
17:32:07  위험송신:16880
17:32:07  시각ms:1813529
17:32:07  IMU시각ms:1813529
17:32:07  위험:0
17:32:07  원시위험:0
17:32:07  GPS유효:1
17:32:07  위도:37.496570
17:32:07  경도:126.958025
17:32:07  속도:0.00
17:32:07  방향:178.0
17:32:07  GPS원시속도:0.000
17:32:07  GPS원시방향유효:1
17:32:07  GPS원시방향:182.8
17:32:07  가속도:-0.74,1.12,9.60
17:32:07  자이로:-1.3,0.5,-1.4
17:32:07  자력계:7.800,2.100,-2.700
17:32:07  충격값:0.22
17:32:07  송신:17602
17:32:07  지팡이수신:16881
17:32:07  GPS위성:6
17:32:07  GPS_HDOP:1.40
17:32:07  원시위도:37.496568
17:32:07  원시경도:126.958025
17:32:07  GPS채택:1018
17:32:07  GPS이상치거부:24
17:32:07  GPS품질거부:84
17:32:07  GPS재기준:6
17:32:07  계산거리:14.44
17:32:07  접근속도:0.44
17:32:07  TTC:999.00
17:32:07  방향오차:111.2
17:32:07  전방여부:0
17:32:07  위험음성횟수:0
17:32:07  충격음성횟수:1
17:32:07  마지막위험음성:0
17:32:07  RSSI원시:-78
17:32:07  RSSI평활:-77.9
17:32:07  RSSI샘플:16881
17:32:07  RSSI경과ms:67
17:32:07  위험송신:16880
17:32:07  시각ms:1813584
17:32:07  IMU시각ms:1813572
17:32:07  위험:0
17:32:07  원시위험:0
17:32:07  GPS유효:1
17:32:07  위도:37.496570
17:32:07  경도:126.958025
17:32:07  속도:0.00
17:32:07  방향:178.0
17:32:07  GPS원시속도:0.000
17:32:07  GPS원시방향유효:1
17:32:07  GPS원시방향:182.8
17:32:07  가속도:-0.61,1.30,9.66
17:32:07  자이로:-0.2,-0.5,1.2
17:32:07  자력계:6.000,0.750,-2.550
17:32:07  충격값:0.06
17:32:07  송신:17602
17:32:07  지팡이수신:16882
17:32:07  GPS위성:6
17:32:07  GPS_HDOP:1.40
17:32:07  원시위도:37.496568
17:32:07  원시경도:126.958025
17:32:07  GPS채택:1018
17:32:07  GPS이상치거부:24
17:32:07  GPS품질거부:84
17:32:07  GPS재기준:6
17:32:07  계산거리:14.44
17:32:07  접근속도:0.44
17:32:07  TTC:999.00
17:32:07  방향오차:111.2
17:32:07  전방여부:0
17:32:07  위험음성횟수:0
17:32:07  충격음성횟수:1
17:32:07  마지막위험음성:0
17:32:07  RSSI원시:-78
17:32:07  RSSI평활:-77.9
17:32:07  RSSI샘플:16882
17:32:07  RSSI경과ms:15
17:32:07  위험송신:16881
17:32:07  시각ms:1813746
17:32:07  IMU시각ms:1813746
17:32:07  위험:0
17:32:07  원시위험:0
17:32:07  GPS유효:1
17:32:07  위도:37.496570
17:32:07  경도:126.958025
17:32:07  속도:0.00
17:32:07  방향:178.0
17:32:07  GPS원시속도:0.000
17:32:07  GPS원시방향유효:1
17:32:08  GPS원시방향:182.8
17:32:08  가속도:-0.56,1.50,9.50
17:32:08  자이로:2.1,-0.1,-1.1
17:32:08  자력계:8.550,2.550,-3.150
17:32:08  충격값:0.23
17:32:08  송신:17604
17:32:08  지팡이수신:16883
17:32:08  GPS위성:6
17:32:08  GPS_HDOP:1.40
17:32:08  원시위도:37.496568
17:32:08  원시경도:126.958025
17:32:08  GPS채택:1018
17:32:08  GPS이상치거부:24
17:32:08  GPS품질거부:84
17:32:08  GPS재기준:6
17:32:08  계산거리:14.44
17:32:08  접근속도:0.44
17:32:08  TTC:999.00
17:32:08  방향오차:111.2
17:32:08  전방여부:0
17:32:08  위험음성횟수:0
17:32:08  충격음성횟수:1
17:32:08  마지막위험음성:0
17:32:08  RSSI원시:-77
17:32:08  RSSI평활:-77.7
17:32:08  RSSI샘플:16883
17:32:08  RSSI경과ms:66
17:32:08  위험송신:16882
17:32:08  시각ms:1813796
17:32:08  IMU시각ms:1813796
17:32:08  위험:0
17:32:08  원시위험:0
17:32:08  GPS유효:1
17:32:08  위도:37.496570
17:32:08  경도:126.958025
17:32:08  속도:0.00
17:32:08  방향:178.0
17:32:08  GPS원시속도:0.000
17:32:08  GPS원시방향유효:1
17:32:08  GPS원시방향:182.8
17:32:08  가속도:-0.54,1.23,9.63
17:32:08  자이로:-0.4,2.4,0.9
17:32:08  자력계:7.800,2.100,-0.900
17:32:08  충격값:0.10
17:32:08  송신:17604
17:32:08  지팡이수신:16883
17:32:08  GPS위성:6
17:32:08  GPS_HDOP:1.40
17:32:08  원시위도:37.496568
17:32:08  원시경도:126.958025
17:32:08  GPS채택:1018
17:32:08  GPS이상치거부:24
17:32:08  GPS품질거부:84
17:32:08  GPS재기준:6
17:32:08  계산거리:14.44
17:32:08  접근속도:0.44
17:32:08  TTC:999.00
17:32:08  방향오차:111.2
17:32:08  전방여부:0
17:32:08  위험음성횟수:0
17:32:08  충격음성횟수:1
17:32:08  마지막위험음성:0
17:32:08  RSSI원시:-77
17:32:08  RSSI평활:-77.7
17:32:08  RSSI샘플:16883
17:32:08  RSSI경과ms:116
17:32:08  위험송신:16882
17:32:08  시각ms:1813847
17:32:08  IMU시각ms:1813847
17:32:08  위험:0
17:32:08  원시위험:0
17:32:08  GPS유효:1
17:32:08  위도:37.496570
17:32:08  경도:126.958025
17:32:08  속도:0.00
17:32:08  방향:178.0
17:32:08  GPS원시속도:0.000
17:32:08  GPS원시방향유효:1
17:32:08  GPS원시방향:182.8
17:32:08  가속도:-0.71,1.44,9.70
17:32:08  자이로:3.9,-3.0,0.1
17:32:08  자력계:7.950,3.450,-2.550
17:32:08  충격값:0.20
17:32:08  송신:17605
17:32:08  지팡이수신:16883
17:32:08  GPS위성:6
17:32:08  GPS_HDOP:1.40
17:32:08  원시위도:37.496568
17:32:08  원시경도:126.958025
17:32:08  GPS채택:1018
17:32:08  GPS이상치거부:24
17:32:08  GPS품질거부:84
17:32:08  GPS재기준:6
17:32:08  계산거리:14.44
17:32:08  접근속도:0.44
17:32:08  TTC:999.00
17:32:08  방향오차:111.2
17:32:08  전방여부:0
17:32:08  위험음성횟수:0
17:32:08  충격음성횟수:1
17:32:08  마지막위험음성:0
17:32:08  RSSI원시:-77
17:32:08  RSSI평활:-77.7
17:32:08  RSSI샘플:16883
17:32:08  RSSI경과ms:167
17:32:08  위험송신:16882
17:32:08  시각ms:1813897
17:32:08  IMU시각ms:1813897
17:32:08  위험:0
17:32:08  원시위험:0
17:32:08  GPS유효:1
17:32:08  위도:37.496570
17:32:08  경도:126.958025
17:32:08  속도:0.00
17:32:08  방향:178.0
17:32:08  GPS원시속도:0.000
17:32:08  GPS원시방향유효:1
17:32:08  GPS원시방향:182.8
17:32:08  가속도:-0.67,1.40,9.54
17:32:08  자이로:-1.9,-4.1,0.9
17:32:08  자력계:8.400,1.500,-1.800
17:32:08  충격값:0.13
17:32:08  송신:17605
17:32:08  지팡이수신:16883
17:32:08  GPS위성:6
17:32:08  GPS_HDOP:1.40
17:32:08  원시위도:37.496568
17:32:08  원시경도:126.958025
17:32:08  GPS채택:1019
17:32:08  GPS이상치거부:24
17:32:08  GPS품질거부:84
17:32:08  GPS재기준:6
17:32:08  계산거리:14.44
17:32:08  접근속도:0.44
17:32:08  TTC:999.00
17:32:08  방향오차:111.2
17:32:08  전방여부:0
17:32:08  위험음성횟수:0
17:32:08  충격음성횟수:1
17:32:08  마지막위험음성:0
17:32:08  RSSI원시:-77
17:32:08  RSSI평활:-77.7
17:32:08  RSSI샘플:16883
17:32:08  RSSI경과ms:217
17:32:08  위험송신:16882
17:32:08  시각ms:1813948
17:32:08  IMU시각ms:1813948
17:32:08  위험:0
17:32:08  원시위험:0
17:32:08  GPS유효:1
17:32:08  위도:37.496570
17:32:08  경도:126.958025
17:32:08  속도:0.00
17:32:08  방향:178.0
17:32:08  GPS원시속도:0.000
17:32:08  GPS원시방향유효:1
17:32:08  GPS원시방향:182.8
17:32:08  가속도:-0.76,1.22,9.80
17:32:08  자이로:-0.5,-0.1,-2.7
17:32:08  자력계:7.050,2.100,-0.900
17:32:08  충격값:0.23
17:32:08  송신:17606
17:32:08  지팡이수신:16883
17:32:08  GPS위성:6
17:32:08  GPS_HDOP:1.40
17:32:08  원시위도:37.496568
17:32:08  원시경도:126.958025
17:32:08  GPS채택:1019
17:32:08  GPS이상치거부:24
17:32:08  GPS품질거부:84
17:32:08  GPS재기준:6
17:32:08  계산거리:14.44
17:32:08  접근속도:0.44
17:32:08  TTC:999.00
17:32:08  방향오차:111.2
17:32:08  전방여부:0
17:32:08  위험음성횟수:0
17:32:08  충격음성횟수:1
17:32:08  마지막위험음성:0
17:32:08  RSSI원시:-77
17:32:08  RSSI평활:-77.7
17:32:08  RSSI샘플:16883
17:32:08  RSSI경과ms:268
17:32:08  위험송신:16882
17:32:08  시각ms:1813998
17:32:08  IMU시각ms:1813998
17:32:08  위험:0
17:32:08  원시위험:0
17:32:08  GPS유효:1
17:32:08  위도:37.496570
17:32:08  경도:126.958025
17:32:08  속도:0.00
17:32:08  방향:178.0
17:32:08  GPS원시속도:0.000
17:32:08  GPS원시방향유효:1
17:32:08  GPS원시방향:182.8
17:32:08  가속도:-0.68,1.10,9.56
17:32:08  자이로:3.0,-4.0,0.2
17:32:08  자력계:7.200,1.950,-1.800
17:32:08  충격값:0.20
17:32:08  송신:17606
17:32:08  지팡이수신:16883
17:32:08  GPS위성:6
17:32:08  GPS_HDOP:1.40
17:32:08  원시위도:37.496568
17:32:08  원시경도:126.958025
17:32:08  GPS채택:1019
17:32:08  GPS이상치거부:24
17:32:08  GPS품질거부:84
17:32:08  GPS재기준:6
17:32:08  계산거리:14.44
17:32:08  접근속도:0.44
17:32:08  TTC:999.00
17:32:08  방향오차:111.2
17:32:08  전방여부:0
17:32:08  위험음성횟수:0
17:32:08  충격음성횟수:1
17:32:08  마지막위험음성:0
17:32:08  RSSI원시:-77
17:32:08  RSSI평활:-77.7
17:32:08  RSSI샘플:16883
17:32:08  RSSI경과ms:318
17:32:08  위험송신:16882
17:32:08  시각ms:1814053
17:32:08  IMU시각ms:1814053
17:32:08  위험:0
17:32:08  원시위험:0
17:32:08  GPS유효:1
17:32:08  위도:37.496570
17:32:08  경도:126.958025
17:32:08  속도:0.00
17:32:08  방향:178.0
17:32:08  GPS원시속도:0.000
17:32:08  GPS원시방향유효:1
17:32:08  GPS원시방향:182.8
17:32:08  가속도:-0.69,1.19,9.52
17:32:08  자이로:-3.2,-3.9,-1.4
17:32:08  자력계:7.050,1.650,-1.650
17:32:08  충격값:0.16
17:32:08  송신:17607
17:32:08  지팡이수신:16883
17:32:08  GPS위성:6
17:32:08  GPS_HDOP:1.40
17:32:08  원시위도:37.496568
17:32:08  원시경도:126.958025
17:32:08  GPS채택:1019
17:32:08  GPS이상치거부:24
17:32:08  GPS품질거부:84
17:32:08  GPS재기준:6
17:32:08  계산거리:14.44
17:32:08  접근속도:0.44
17:32:08  TTC:999.00
17:32:08  방향오차:111.2
17:32:08  전방여부:0
17:32:08  위험음성횟수:0
17:32:08  충격음성횟수:1
17:32:08  마지막위험음성:0
17:32:08  RSSI원시:-77
17:32:08  RSSI평활:-77.7
17:32:08  RSSI샘플:16883
17:32:08  RSSI경과ms:373
17:32:08  위험송신:16882
17:32:08  시각ms:1814154
17:32:08  IMU시각ms:1814154
17:32:08  위험:0
17:32:08  원시위험:0
17:32:08  GPS유효:1
17:32:08  위도:37.496570
17:32:08  경도:126.958025
17:32:08  속도:0.00
17:32:08  방향:178.0
17:32:08  GPS원시속도:0.000
17:32:08  GPS원시방향유효:1
17:32:08  GPS원시방향:182.8
17:32:08  가속도:-0.26,1.41,10.10
17:32:08  자이로:-4.4,-8.5,-0.7
17:32:08  자력계:6.300,0.900,-1.650
17:32:08  충격값:0.59
17:32:08  송신:17608
17:32:08  지팡이수신:16883
17:32:08  GPS위성:6
17:32:08  GPS_HDOP:1.40
17:32:08  원시위도:37.496568
17:32:08  원시경도:126.958025
17:32:08  GPS채택:1019
17:32:08  GPS이상치거부:24
17:32:08  GPS품질거부:84
17:32:08  GPS재기준:6
17:32:08  계산거리:14.44
17:32:08  접근속도:0.44
17:32:08  TTC:999.00
17:32:08  방향오차:111.2
17:32:08  전방여부:0
17:32:08  위험음성횟수:0
17:32:08  충격음성횟수:1
17:32:08  마지막위험음성:0
17:32:08  RSSI원시:-77
17:32:08  RSSI평활:-77.7
17:32:08  RSSI샘플:16883
17:32:08  RSSI경과ms:474
17:32:08  위험송신:16882
17:32:08  시각ms:1814209
17:32:08  IMU시각ms:1814209
17:32:08  위험:0
17:32:08  원시위험:0
17:32:08  GPS유효:1
17:32:08  위도:37.496570
17:32:08  경도:126.958025
17:32:08  속도:0.00
17:32:08  방향:178.0
17:32:08  GPS원시속도:0.000
17:32:08  GPS원시방향유효:1
17:32:08  GPS원시방향:182.8
17:32:08  가속도:-0.55,1.80,10.00
17:32:08  자이로:-9.3,-19.2,1.9
17:32:08  자력계:6.600,1.650,-2.400
17:32:08  충격값:0.57
17:32:08  송신:17608
17:32:08  지팡이수신:16884
17:32:08  GPS위성:6
17:32:08  GPS_HDOP:1.40
17:32:08  원시위도:37.496568
17:32:08  원시경도:126.958025
17:32:08  GPS채택:1019
17:32:08  GPS이상치거부:24
17:32:08  GPS품질거부:84
17:32:08  GPS재기준:6
17:32:08  계산거리:14.45
17:32:08  접근속도:0.31
17:32:08  TTC:999.00
17:32:08  방향오차:111.2
17:32:08  전방여부:0
17:32:08  위험음성횟수:0
17:32:08  충격음성횟수:1
17:32:08  마지막위험음성:0
17:32:08  RSSI원시:-78
17:32:08  RSSI평활:-77.8
17:32:08  RSSI샘플:16884
17:32:08  RSSI경과ms:30
17:32:08  위험송신:16883
17:32:08  시각ms:1814260
17:32:08  IMU시각ms:1814260
17:32:08  위험:0
17:32:08  원시위험:0
17:32:08  GPS유효:1
17:32:08  위도:37.496570
17:32:08  경도:126.958025
17:32:08  속도:0.00
17:32:08  방향:178.0
17:32:08  GPS원시속도:0.000
17:32:08  GPS원시방향유효:1
17:32:08  GPS원시방향:182.8
17:32:08  가속도:-0.49,1.26,9.95
17:32:08  자이로:-16.0,-31.2,5.5
17:32:08  자력계:5.700,0.000,-0.750
17:32:08  충격값:0.28
17:32:08  송신:17609
17:32:08  지팡이수신:16884
17:32:08  GPS위성:6
17:32:08  GPS_HDOP:1.40
17:32:08  원시위도:37.496568
17:32:08  원시경도:126.958025
17:32:08  GPS채택:1020
17:32:08  GPS이상치거부:24
17:32:08  GPS품질거부:84
17:32:08  GPS재기준:6
17:32:08  계산거리:14.45
17:32:08  접근속도:0.31
17:32:08  TTC:999.00
17:32:08  방향오차:111.2
17:32:08  전방여부:0
17:32:08  위험음성횟수:0
17:32:08  충격음성횟수:1
17:32:08  마지막위험음성:0
17:32:08  RSSI원시:-78
17:32:08  RSSI평활:-77.8
17:32:08  RSSI샘플:16884
17:32:08  RSSI경과ms:81
17:32:08  위험송신:16883
17:32:08  시각ms:1814322
17:32:08  IMU시각ms:1814310
17:32:08  위험:0
17:32:08  원시위험:0
17:32:08  GPS유효:1
17:32:08  위도:37.496570
17:32:08  경도:126.958025
17:32:08  속도:0.00
17:32:08  방향:178.0
17:32:08  GPS원시속도:0.000
17:32:08  GPS원시방향유효:1
17:32:08  GPS원시방향:182.8
17:32:08  가속도:-0.28,1.26,9.83
17:32:08  자이로:-23.8,-43.1,6.6
17:32:08  자력계:3.150,0.150,-1.950
17:32:08  충격값:0.33
17:32:08  송신:17609
17:32:08  지팡이수신:16885
17:32:08  GPS위성:6
17:32:08  GPS_HDOP:1.40
17:32:08  원시위도:37.496568
17:32:08  원시경도:126.958025
17:32:08  GPS채택:1020
17:32:08  GPS이상치거부:24
17:32:08  GPS품질거부:84
17:32:08  GPS재기준:6
17:32:08  계산거리:14.31
17:32:08  접근속도:0.31
17:32:08  TTC:999.00
17:32:08  방향오차:109.7
17:32:08  전방여부:0
17:32:08  위험음성횟수:0
17:32:08  충격음성횟수:1
17:32:08  마지막위험음성:0
17:32:08  RSSI원시:-79
17:32:08  RSSI평활:-78.0
17:32:08  RSSI샘플:16885
17:32:08  RSSI경과ms:18
17:32:08  위험송신:16884
17:32:08  시각ms:1814372
17:32:08  IMU시각ms:1814372
17:32:08  위험:0
17:32:08  원시위험:0
17:32:08  GPS유효:1
17:32:08  위도:37.496570
17:32:08  경도:126.958025
17:32:08  속도:0.00
17:32:08  방향:178.0
17:32:08  GPS원시속도:0.000
17:32:08  GPS원시방향유효:1
17:32:08  GPS원시방향:182.8
17:32:08  가속도:0.76,0.02,9.66
17:32:08  자이로:-25.8,-47.2,6.3
17:32:08  자력계:2.550,-1.950,-0.750
17:32:08  충격값:1.71
17:32:08  송신:17610
17:32:08  지팡이수신:16885
17:32:08  GPS위성:6
17:32:08  GPS_HDOP:1.40
17:32:08  원시위도:37.496568
17:32:08  원시경도:126.958025
17:32:08  GPS채택:1020
17:32:08  GPS이상치거부:24
17:32:08  GPS품질거부:84
17:32:08  GPS재기준:6
17:32:08  계산거리:14.31
17:32:08  접근속도:0.31
17:32:08  TTC:999.00
17:32:08  방향오차:109.7
17:32:08  전방여부:0
17:32:08  위험음성횟수:0
17:32:08  충격음성횟수:1
17:32:08  마지막위험음성:0
17:32:08  RSSI원시:-79
17:32:08  RSSI평활:-78.0
17:32:08  RSSI샘플:16885
17:32:08  RSSI경과ms:68
17:32:08  위험송신:16884
17:32:08  시각ms:1814427
17:32:08  IMU시각ms:1814427
17:32:08  위험:0
17:32:08  원시위험:0
17:32:08  GPS유효:1
17:32:08  위도:37.496570
17:32:08  경도:126.958025
17:32:08  속도:0.00
17:32:08  방향:178.0
17:32:08  GPS원시속도:0.000
17:32:08  GPS원시방향유효:1
17:32:08  GPS원시방향:182.8
17:32:08  가속도:1.31,0.15,9.33
17:32:08  자이로:-22.7,-36.8,1.7
17:32:08  자력계:1.500,-1.500,1.500
17:32:08  충격값:1.88
17:32:08  송신:17610
17:32:08  지팡이수신:16886
17:32:08  GPS위성:6
17:32:08  GPS_HDOP:1.40
17:32:08  원시위도:37.496568
17:32:08  원시경도:126.958025
17:32:08  GPS채택:1020
17:32:08  GPS이상치거부:24
17:32:08  GPS품질거부:84
17:32:08  GPS재기준:6
17:32:08  계산거리:14.31
17:32:08  접근속도:0.31
17:32:08  TTC:999.00
17:32:08  방향오차:109.7
17:32:08  전방여부:0
17:32:08  위험음성횟수:0
17:32:08  충격음성횟수:1
17:32:08  마지막위험음성:0
17:32:08  RSSI원시:-78
17:32:08  RSSI평활:-78.0
17:32:08  RSSI샘플:16886
17:32:08  RSSI경과ms:46
17:32:08  위험송신:16885
17:32:08  시각ms:1814477
17:32:08  IMU시각ms:1814477
17:32:08  위험:0
17:32:08  원시위험:0
17:32:08  GPS유효:1
17:32:08  위도:37.496570
17:32:08  경도:126.958025
17:32:08  속도:0.00
17:32:08  방향:178.0
17:32:08  GPS원시속도:0.000
17:32:08  GPS원시방향유효:1
17:32:08  GPS원시방향:182.8
17:32:08  가속도:1.62,0.17,9.42
17:32:08  자이로:-16.6,-28.9,2.5
17:32:08  자력계:-0.450,-1.350,0.450
17:32:08  충격값:1.84
17:32:08  송신:17611
17:32:08  지팡이수신:16886
17:32:08  GPS위성:6
17:32:08  GPS_HDOP:1.40
17:32:08  원시위도:37.496568
17:32:08  원시경도:126.958025
17:32:08  GPS채택:1020
17:32:08  GPS이상치거부:24
17:32:08  GPS품질거부:84
17:32:08  GPS재기준:6
17:32:08  계산거리:14.31
17:32:08  접근속도:0.31
17:32:08  TTC:999.00
17:32:08  방향오차:109.7
17:32:08  전방여부:0
17:32:08  위험음성횟수:0
17:32:08  충격음성횟수:1
17:32:08  마지막위험음성:0
17:32:08  RSSI원시:-78
17:32:08  RSSI평활:-78.0
17:32:08  RSSI샘플:16886
17:32:08  RSSI경과ms:96
17:32:08  위험송신:16885
17:32:08  시각ms:1814582
17:32:08  IMU시각ms:1814582
17:32:08  위험:0
17:32:08  원시위험:0
17:32:08  GPS유효:1
17:32:08  위도:37.496570
17:32:08  경도:126.958025
17:32:08  속도:0.00
17:32:08  방향:178.0
17:32:08  GPS원시속도:0.000
17:32:08  GPS원시방향유효:1
17:32:08  GPS원시방향:182.8
17:32:08  가속도:1.75,0.03,9.97
17:32:08  자이로:-14.9,-28.5,2.0
17:32:08  자력계:-2.100,-3.600,0.900
17:32:08  충격값:1.58
17:32:08  송신:17612
17:32:08  지팡이수신:16887
17:32:08  GPS위성:6
17:32:08  GPS_HDOP:1.40
17:32:08  원시위도:37.496568
17:32:08  원시경도:126.958025
17:32:08  GPS채택:1020
17:32:08  GPS이상치거부:24
17:32:08  GPS품질거부:84
17:32:08  GPS재기준:6
17:32:08  계산거리:14.31
17:32:08  접근속도:0.31
17:32:08  TTC:999.00
17:32:08  방향오차:109.7
17:32:08  전방여부:0
17:32:08  위험음성횟수:0
17:32:08  충격음성횟수:1
17:32:08  마지막위험음성:0
17:32:08  RSSI원시:-77
17:32:08  RSSI평활:-77.8
17:32:08  RSSI샘플:16887
17:32:08  RSSI경과ms:96
17:32:08  위험송신:16886
17:32:08  시각ms:1814687
17:32:08  IMU시각ms:1814687
17:32:08  위험:0
17:32:08  원시위험:0
17:32:08  GPS유효:1
17:32:08  위도:37.496570
17:32:08  경도:126.958025
17:32:08  속도:0.00
17:32:08  방향:178.0
17:32:08  GPS원시속도:0.000
17:32:08  GPS원시방향유효:1
17:32:08  GPS원시방향:182.8
17:32:08  가속도:2.42,-0.66,9.37
17:32:08  자이로:-9.9,-21.6,1.0
17:32:08  자력계:-3.600,-5.700,1.200
17:32:08  충격값:1.96
17:32:08  송신:17613
17:32:08  지팡이수신:16888
17:32:08  GPS위성:6
17:32:08  GPS_HDOP:1.40
17:32:08  원시위도:37.496568
17:32:08  원시경도:126.958025
17:32:08  GPS채택:1020
17:32:08  GPS이상치거부:24
17:32:08  GPS품질거부:84
17:32:08  GPS재기준:6
17:32:08  계산거리:14.31
17:32:08  접근속도:0.31
17:32:08  TTC:999.00
17:32:08  방향오차:109.7
17:32:08  전방여부:0
17:32:08  위험음성횟수:0
17:32:08  충격음성횟수:1
17:32:08  마지막위험음성:0
17:32:08  RSSI원시:-76
17:32:08  RSSI평활:-77.5
17:32:08  RSSI샘플:16888
17:32:08  RSSI경과ms:101
17:32:08  위험송신:16887
17:32:08  시각ms:1814742
17:32:08  IMU시각ms:1814742
17:32:08  위험:0
17:32:08  원시위험:0
17:32:08  GPS유효:1
17:32:08  위도:37.496570
17:32:08  경도:126.958025
17:32:08  속도:0.00
17:32:08  방향:178.0
17:32:08  GPS원시속도:0.000
17:32:08  GPS원시방향유효:1
17:32:08  GPS원시방향:182.8
17:32:08  가속도:2.60,-0.43,9.31
17:32:08  자이로:-9.6,-17.3,-1.7
17:32:08  자력계:-5.850,-7.650,0.150
17:32:08  충격값:1.78
17:32:08  송신:17613
17:32:08  지팡이수신:16889
17:32:08  GPS위성:6
17:32:08  GPS_HDOP:1.40
17:32:08  원시위도:37.496568
17:32:08  원시경도:126.958025
17:32:08  GPS채택:1020
17:32:08  GPS이상치거부:24
17:32:08  GPS품질거부:84
17:32:08  GPS재기준:6
17:32:08  계산거리:14.31
17:32:08  접근속도:0.29
17:32:08  TTC:999.00
17:32:08  방향오차:109.7
17:32:08  전방여부:0
17:32:08  위험음성횟수:0
17:32:08  충격음성횟수:1
17:32:08  마지막위험음성:0
17:32:08  RSSI원시:-76
17:32:08  RSSI평활:-77.2
17:32:08  RSSI샘플:16889
17:32:08  RSSI경과ms:53
17:32:08  위험송신:16888
17:32:09  시각ms:1814792
17:32:09  IMU시각ms:1814792
17:32:09  위험:0
17:32:09  원시위험:0
17:32:09  GPS유효:1
17:32:09  위도:37.496570
17:32:09  경도:126.958025
17:32:09  속도:0.00
17:32:09  방향:178.0
17:32:09  GPS원시속도:0.000
17:32:09  GPS원시방향유효:1
17:32:09  GPS원시방향:182.8
17:32:09  가속도:2.51,-0.58,9.27
17:32:09  자이로:-8.5,-18.6,3.5
17:32:09  자력계:-4.500,-5.100,1.050
17:32:09  충격값:1.54
17:32:09  송신:17614
17:32:09  지팡이수신:16889
17:32:09  GPS위성:6
17:32:09  GPS_HDOP:1.40
17:32:09  원시위도:37.496568
17:32:09  원시경도:126.958025
17:32:09  GPS채택:1020
17:32:09  GPS이상치거부:24
17:32:09  GPS품질거부:84
17:32:09  GPS재기준:6
17:32:09  계산거리:14.31
17:32:09  접근속도:0.29
17:32:09  TTC:999.00
17:32:09  방향오차:109.7
17:32:09  전방여부:0
17:32:09  위험음성횟수:0
17:32:09  충격음성횟수:1
17:32:09  마지막위험음성:0
17:32:09  RSSI원시:-76
17:32:09  RSSI평활:-77.2
17:32:09  RSSI샘플:16889
17:32:09  RSSI경과ms:103
17:32:09  위험송신:16888
17:32:09  시각ms:1815016
17:32:09  IMU시각ms:1815016
17:32:09  위험:0
17:32:09  원시위험:0
17:32:09  GPS유효:1
17:32:09  위도:37.496569
17:32:09  경도:126.958025
17:32:09  속도:0.00
17:32:09  방향:178.0
17:32:09  GPS원시속도:0.000
17:32:09  GPS원시방향유효:1
17:32:09  GPS원시방향:182.8
17:32:09  가속도:3.05,-0.92,9.13
17:32:09  자이로:5.6,0.2,1.0
17:32:09  자력계:-6.600,-7.200,-0.450
17:32:09  충격값:1.32
17:32:09  송신:17616
17:32:09  지팡이수신:16892
17:32:09  GPS위성:6
17:32:09  GPS_HDOP:1.40
17:32:09  원시위도:37.496567
17:32:09  원시경도:126.958028
17:32:09  GPS채택:1021
17:32:09  GPS이상치거부:24
17:32:09  GPS품질거부:84
17:32:09  GPS재기준:6
17:32:09  계산거리:14.34
17:32:09  접근속도:0.29
17:32:09  TTC:999.00
17:32:09  방향오차:109.7
17:32:09  전방여부:0
17:32:09  위험음성횟수:0
17:32:09  충격음성횟수:1
17:32:09  마지막위험음성:0
17:32:09  RSSI원시:-77
17:32:09  RSSI평활:-76.8
17:32:09  RSSI샘플:16892
17:32:09  RSSI경과ms:22
17:32:09  위험송신:16891
17:32:09  시각ms:1815072
17:32:09  IMU시각ms:1815072
17:32:09  위험:0
17:32:09  원시위험:0
17:32:09  GPS유효:1
17:32:09  위도:37.496569
17:32:09  경도:126.958026
17:32:09  속도:0.04
17:32:09  방향:178.0
17:32:09  GPS원시속도:0.082
17:32:09  GPS원시방향유효:1
17:32:09  GPS원시방향:182.8
17:32:09  가속도:2.92,-0.74,9.22
17:32:09  자이로:0.0,4.4,0.0
17:32:09  자력계:-4.350,-6.450,0.900
17:32:09  충격값:0.97
17:32:09  송신:17616
17:32:09  지팡이수신:16892
17:32:09  GPS위성:6
17:32:09  GPS_HDOP:1.40
17:32:09  원시위도:37.496567
17:32:09  원시경도:126.958028
17:32:09  GPS채택:1022
17:32:09  GPS이상치거부:24
17:32:09  GPS품질거부:84
17:32:09  GPS재기준:6
17:32:09  계산거리:14.34
17:32:09  접근속도:0.29
17:32:09  TTC:999.00
17:32:09  방향오차:109.7
17:32:09  전방여부:0
17:32:09  위험음성횟수:0
17:32:09  충격음성횟수:1
17:32:09  마지막위험음성:0
17:32:09  RSSI원시:-77
17:32:09  RSSI평활:-76.8
17:32:09  RSSI샘플:16892
17:32:09  RSSI경과ms:78
17:32:09  위험송신:16891
17:32:09  시각ms:1815128
17:32:09  IMU시각ms:1815128
17:32:09  위험:0
17:32:09  원시위험:0
17:32:09  GPS유효:1
17:32:09  위도:37.496569
17:32:09  경도:126.958026
17:32:09  속도:0.04
17:32:09  방향:178.0
17:32:09  GPS원시속도:0.082
17:32:09  GPS원시방향유효:1
17:32:09  GPS원시방향:182.8
17:32:09  가속도:2.96,-0.85,9.30
17:32:09  자이로:0.3,-1.6,-0.3
17:32:09  자력계:-6.600,-7.950,0.450
17:32:09  충격값:0.95
17:32:09  송신:17617
17:32:09  지팡이수신:16893
17:32:09  GPS위성:6
17:32:09  GPS_HDOP:1.40
17:32:09  원시위도:37.496567
17:32:09  원시경도:126.958028
17:32:09  GPS채택:1022
17:32:09  GPS이상치거부:24
17:32:09  GPS품질거부:84
17:32:09  GPS재기준:6
17:32:09  계산거리:14.37
17:32:09  접근속도:0.29
17:32:09  TTC:999.00
17:32:09  방향오차:109.7
17:32:09  전방여부:0
17:32:09  위험음성횟수:0
17:32:09  충격음성횟수:1
17:32:09  마지막위험음성:0
17:32:09  RSSI원시:-77
17:32:09  RSSI평활:-76.9
17:32:09  RSSI샘플:16893
17:32:09  RSSI경과ms:32
17:32:09  위험송신:16892
17:32:09  시각ms:1815178
17:32:09  IMU시각ms:1815178
17:32:09  위험:0
17:32:09  원시위험:0
17:32:09  GPS유효:1
17:32:09  위도:37.496569
17:32:09  경도:126.958026
17:32:09  속도:0.04
17:32:09  방향:178.0
17:32:09  GPS원시속도:0.082
17:32:09  GPS원시방향유효:1
17:32:09  GPS원시방향:182.8
17:32:09  가속도:2.85,-0.76,9.24
17:32:09  자이로:4.9,1.1,1.0
17:32:09  자력계:-6.600,-7.950,0.450
17:32:09  충격값:0.70
17:32:09  송신:17617
17:32:09  지팡이수신:16893
17:32:09  GPS위성:6
17:32:09  GPS_HDOP:1.40
17:32:09  원시위도:37.496567
17:32:09  원시경도:126.958028
17:32:09  GPS채택:1022
17:32:09  GPS이상치거부:24
17:32:09  GPS품질거부:84
17:32:09  GPS재기준:6
17:32:09  계산거리:14.37
17:32:09  접근속도:0.29
17:32:09  TTC:999.00
17:32:09  방향오차:109.7
17:32:09  전방여부:0
17:32:09  위험음성횟수:0
17:32:09  충격음성횟수:1
17:32:09  마지막위험음성:0
17:32:09  RSSI원시:-77
17:32:09  RSSI평활:-76.9
17:32:09  RSSI샘플:16893
17:32:09  RSSI경과ms:82
17:32:09  위험송신:16892
17:32:09  시각ms:1815284
17:32:09  IMU시각ms:1815284
17:32:09  위험:0
17:32:09  원시위험:0
17:32:09  GPS유효:1
17:32:09  위도:37.496569
17:32:09  경도:126.958026
17:32:09  속도:0.04
17:32:09  방향:178.0
17:32:09  GPS원시속도:0.082
17:32:09  GPS원시방향유효:1
17:32:09  GPS원시방향:182.8
17:32:09  가속도:2.99,-0.74,9.12
17:32:09  자이로:0.6,0.5,1.0
17:32:09  자력계:-4.650,-7.650,-0.150
17:32:09  충격값:0.68
17:32:09  송신:17618
17:32:09  지팡이수신:16894
17:32:09  GPS위성:6
17:32:09  GPS_HDOP:1.40
17:32:09  원시위도:37.496567
17:32:09  원시경도:126.958028
17:32:09  GPS채택:1022
17:32:09  GPS이상치거부:24
17:32:09  GPS품질거부:84
17:32:09  GPS재기준:6
17:32:09  계산거리:14.37
17:32:09  접근속도:0.17
17:32:09  TTC:999.00
17:32:09  방향오차:109.7
17:32:09  전방여부:0
17:32:09  위험음성횟수:0
17:32:09  충격음성횟수:1
17:32:09  마지막위험음성:0
17:32:09  RSSI원시:-77
17:32:09  RSSI평활:-76.9
17:32:09  RSSI샘플:16894
17:32:09  RSSI경과ms:88
17:32:09  위험송신:16893
17:32:09  시각ms:1815340
17:32:09  IMU시각ms:1815340
17:32:09  위험:0
17:32:09  원시위험:0
17:32:09  GPS유효:1
17:32:09  위도:37.496569
17:32:09  경도:126.958026
17:32:09  속도:0.04
17:32:09  방향:178.0
17:32:09  GPS원시속도:0.082
17:32:09  GPS원시방향유효:1
17:32:09  GPS원시방향:182.8
17:32:09  가속도:2.85,-0.77,9.27
17:32:09  자이로:2.8,-0.0,-0.1
17:32:09  자력계:-4.950,-5.850,1.050
17:32:09  충격값:0.48
17:32:09  송신:17619
17:32:09  지팡이수신:16895
17:32:09  GPS위성:6
17:32:09  GPS_HDOP:1.40
17:32:09  원시위도:37.496567
17:32:09  원시경도:126.958028
17:32:09  GPS채택:1022
17:32:09  GPS이상치거부:24
17:32:09  GPS품질거부:84
17:32:09  GPS재기준:6
17:32:09  계산거리:14.37
17:32:09  접근속도:0.17
17:32:09  TTC:999.00
17:32:09  방향오차:109.7
17:32:09  전방여부:0
17:32:09  위험음성횟수:0
17:32:09  충격음성횟수:1
17:32:09  마지막위험음성:0
17:32:09  RSSI원시:-75
17:32:09  RSSI평활:-76.5
17:32:09  RSSI샘플:16895
17:32:09  RSSI경과ms:42
17:32:09  위험송신:16894
17:32:09  시각ms:1815390
17:32:09  IMU시각ms:1815390
17:32:09  위험:0
17:32:09  원시위험:0
17:32:09  GPS유효:1
17:32:09  위도:37.496569
17:32:09  경도:126.958026
17:32:09  속도:0.04
17:32:09  방향:178.0
17:32:09  GPS원시속도:0.082
17:32:09  GPS원시방향유효:1
17:32:09  GPS원시방향:182.8
17:32:09  가속도:2.88,-0.77,9.28
17:32:09  자이로:2.2,0.4,0.1
17:32:09  자력계:-7.350,-6.000,0.150
17:32:09  충격값:0.44
17:32:09  송신:17619
17:32:09  지팡이수신:16895
17:32:09  GPS위성:6
17:32:09  GPS_HDOP:1.40
17:32:09  원시위도:37.496567
17:32:09  원시경도:126.958028
17:32:09  GPS채택:1022
17:32:09  GPS이상치거부:24
17:32:09  GPS품질거부:84
17:32:09  GPS재기준:6
17:32:09  계산거리:14.37
17:32:09  접근속도:0.17
17:32:09  TTC:999.00
17:32:09  방향오차:109.7
17:32:09  전방여부:0
17:32:09  위험음성횟수:0
17:32:09  충격음성횟수:1
17:32:09  마지막위험음성:0
17:32:09  RSSI원시:-75
17:32:09  RSSI평활:-76.5
17:32:09  RSSI샘플:16895
17:32:09  RSSI경과ms:92
17:32:09  위험송신:16894
17:32:09  시각ms:1815446
17:32:09  IMU시각ms:1815446
17:32:09  위험:0
17:32:09  원시위험:0
17:32:09  GPS유효:1
17:32:09  위도:37.496569
17:32:09  경도:126.958026
17:32:09  속도:0.04
17:32:09  방향:178.0
17:32:09  GPS원시속도:0.082
17:32:09  GPS원시방향유효:1
17:32:09  GPS원시방향:182.8
17:32:09  가속도:2.81,-0.68,9.23
17:32:09  자이로:1.3,-0.6,-1.1
17:32:09  자력계:-6.600,-7.950,0.450
17:32:09  충격값:0.30
17:32:09  송신:17620
17:32:09  지팡이수신:16896
17:32:09  GPS위성:6
17:32:09  GPS_HDOP:1.40
17:32:09  원시위도:37.496567
17:32:09  원시경도:126.958028
17:32:09  GPS채택:1022
17:32:09  GPS이상치거부:24
17:32:09  GPS품질거부:84
17:32:09  GPS재기준:6
17:32:09  계산거리:14.37
17:32:09  접근속도:0.17
17:32:09  TTC:999.00
17:32:09  방향오차:109.7
17:32:09  전방여부:0
17:32:09  위험음성횟수:0
17:32:09  충격음성횟수:1
17:32:09  마지막위험음성:0
17:32:09  RSSI원시:-77
17:32:09  RSSI평활:-76.6
17:32:09  RSSI샘플:16896
17:32:09  RSSI경과ms:47
17:32:09  위험송신:16895
17:32:09  시각ms:1815496
17:32:09  IMU시각ms:1815496
17:32:09  위험:0
17:32:09  원시위험:0
17:32:09  GPS유효:1
17:32:09  위도:37.496569
17:32:09  경도:126.958026
17:32:09  속도:0.04
17:32:09  방향:178.0
17:32:09  GPS원시속도:0.082
17:32:09  GPS원시방향유효:1
17:32:09  GPS원시방향:182.8
17:32:09  가속도:2.65,-0.91,9.26
17:32:09  자이로:3.9,-1.5,-0.3
17:32:09  자력계:-5.100,-7.650,1.650
17:32:09  충격값:0.35
17:32:09  송신:17620
17:32:09  지팡이수신:16896
17:32:09  GPS위성:6
17:32:09  GPS_HDOP:1.40
17:32:09  원시위도:37.496567
17:32:09  원시경도:126.958028
17:32:09  GPS채택:1022
17:32:09  GPS이상치거부:24
17:32:09  GPS품질거부:84
17:32:09  GPS재기준:6
17:32:09  계산거리:14.37
17:32:09  접근속도:0.17
17:32:09  TTC:999.00
17:32:09  방향오차:109.7
17:32:09  전방여부:0
17:32:09  위험음성횟수:0
17:32:09  충격음성횟수:1
17:32:09  마지막위험음성:0
17:32:09  RSSI원시:-77
17:32:09  RSSI평활:-76.6
17:32:09  RSSI샘플:16896
17:32:09  RSSI경과ms:97
17:32:09  위험송신:16895
17:32:09  시각ms:1815599
17:32:09  IMU시각ms:1815599
17:32:09  위험:0
17:32:09  원시위험:0
17:32:09  GPS유효:1
17:32:09  위도:37.496569
17:32:09  경도:126.958026
17:32:09  속도:0.04
17:32:09  방향:178.0
17:32:09  GPS원시속도:0.082
17:32:09  GPS원시방향유효:1
17:32:09  GPS원시방향:182.8
17:32:09  가속도:2.81,-0.67,9.28
17:32:09  자이로:-0.8,-4.1,-1.3
17:32:09  자력계:-5.850,-8.400,1.200
17:32:09  충격값:0.22
17:32:09  송신:17621
17:32:09  지팡이수신:16897
17:32:09  GPS위성:6
17:32:09  GPS_HDOP:1.40
17:32:09  원시위도:37.496567
17:32:09  원시경도:126.958028
17:32:09  GPS채택:1022
17:32:09  GPS이상치거부:24
17:32:09  GPS품질거부:84
17:32:09  GPS재기준:6
17:32:09  계산거리:14.37
17:32:09  접근속도:0.17
17:32:09  TTC:999.00
17:32:09  방향오차:109.7
17:32:09  전방여부:0
17:32:09  위험음성횟수:0
17:32:09  충격음성횟수:1
17:32:09  마지막위험음성:0
17:32:09  RSSI원시:-76
17:32:09  RSSI평활:-76.5
17:32:09  RSSI샘플:16897
17:32:09  RSSI경과ms:103
17:32:09  위험송신:16896
17:32:09  시각ms:1815699
17:32:09  IMU시각ms:1815699
17:32:09  위험:0
17:32:09  원시위험:0
17:32:09  GPS유효:1
17:32:09  위도:37.496569
17:32:09  경도:126.958026
17:32:09  속도:0.04
17:32:09  방향:178.0
17:32:09  GPS원시속도:0.082
17:32:09  GPS원시방향유효:1
17:32:09  GPS원시방향:182.8
17:32:09  가속도:2.81,-0.77,9.13
17:32:09  자이로:3.6,2.1,-1.5
17:32:09  자력계:-6.000,-7.800,-0.300
17:32:09  충격값:0.22
17:32:09  송신:17622
17:32:09  지팡이수신:16897
17:32:09  GPS위성:6
17:32:09  GPS_HDOP:1.40
17:32:09  원시위도:37.496567
17:32:09  원시경도:126.958028
17:32:09  GPS채택:1022
17:32:09  GPS이상치거부:24
17:32:09  GPS품질거부:84
17:32:09  GPS재기준:6
17:32:09  계산거리:14.37
17:32:09  접근속도:0.17
17:32:09  TTC:999.00
17:32:09  방향오차:109.7
17:32:09  전방여부:0
17:32:09  위험음성횟수:0
17:32:09  충격음성횟수:1
17:32:09  마지막위험음성:0
17:32:09  RSSI원시:-76
17:32:09  RSSI평활:-76.5
17:32:09  RSSI샘플:16897
17:32:09  RSSI경과ms:203
17:32:09  위험송신:16896
17:32:09  시각ms:1815755
17:32:09  IMU시각ms:1815755
17:32:09  위험:0
17:32:09  원시위험:0
17:32:09  GPS유효:1
17:32:09  위도:37.496569
17:32:09  경도:126.958026
17:32:09  속도:0.04
17:32:09  방향:178.0
17:32:09  GPS원시속도:0.082
17:32:09  GPS원시방향유효:1
17:32:09  GPS원시방향:182.8
17:32:09  가속도:2.77,-0.79,9.27
17:32:09  자이로:0.7,0.8,0.8
17:32:09  자력계:-6.450,-6.300,-0.750
17:32:09  충격값:0.17
17:32:09  송신:17623
17:32:09  지팡이수신:16898
17:32:09  GPS위성:6
17:32:09  GPS_HDOP:1.40
17:32:09  원시위도:37.496567
17:32:09  원시경도:126.958028
17:32:09  GPS채택:1022
17:32:09  GPS이상치거부:24
17:32:09  GPS품질거부:84
17:32:09  GPS재기준:6
17:32:09  계산거리:14.37
17:32:09  접근속도:0.12
17:32:09  TTC:999.00
17:32:09  방향오차:109.7
17:32:09  전방여부:0
17:32:09  위험음성횟수:0
17:32:09  충격음성횟수:1
17:32:09  마지막위험음성:0
17:32:09  RSSI원시:-77
17:32:09  RSSI평활:-76.6
17:32:09  RSSI샘플:16898
17:32:09  RSSI경과ms:52
17:32:09  위험송신:16897
17:32:10  시각ms:1815805
17:32:10  IMU시각ms:1815805
17:32:10  위험:0
17:32:10  원시위험:0
17:32:10  GPS유효:1
17:32:10  위도:37.496569
17:32:10  경도:126.958026
17:32:10  속도:0.04
17:32:10  방향:178.0
17:32:10  GPS원시속도:0.082
17:32:10  GPS원시방향유효:1
17:32:10  GPS원시방향:182.8
17:32:10  가속도:2.77,-0.70,9.28
17:32:10  자이로:1.2,-2.6,0.7
17:32:10  자력계:-4.500,-6.600,1.050
17:32:10  충격값:0.09
17:32:10  송신:17623
17:32:10  지팡이수신:16898
17:32:10  GPS위성:6
17:32:10  GPS_HDOP:1.40
17:32:10  원시위도:37.496567
17:32:10  원시경도:126.958028
17:32:10  GPS채택:1022
17:32:10  GPS이상치거부:24
17:32:10  GPS품질거부:84
17:32:10  GPS재기준:6
17:32:10  계산거리:14.37
17:32:10  접근속도:0.12
17:32:10  TTC:999.00
17:32:10  방향오차:109.7
17:32:10  전방여부:0
17:32:10  위험음성횟수:0
17:32:10  충격음성횟수:1
17:32:10  마지막위험음성:0
17:32:10  RSSI원시:-77
17:32:10  RSSI평활:-76.6
17:32:10  RSSI샘플:16898
17:32:10  RSSI경과ms:102
17:32:10  위험송신:16897
17:32:10  시각ms:1815859
17:32:10  IMU시각ms:1815859
17:32:10  위험:0
17:32:10  원시위험:0
17:32:10  GPS유효:1
17:32:10  위도:37.496569
17:32:10  경도:126.958026
17:32:10  속도:0.04
17:32:10  방향:178.0
17:32:10  GPS원시속도:0.082
17:32:10  GPS원시방향유효:1
17:32:10  GPS원시방향:182.8
17:32:10  가속도:2.79,-0.79,9.39
17:32:10  자이로:-2.2,0.7,-0.6
17:32:10  자력계:-7.800,-7.200,0.450
17:32:10  충격값:0.19
17:32:10  송신:17624
17:32:10  지팡이수신:16899
17:32:10  GPS위성:6
17:32:10  GPS_HDOP:1.40
17:32:10  원시위도:37.496567
17:32:10  원시경도:126.958028
17:32:10  GPS채택:1022
17:32:10  GPS이상치거부:24
17:32:10  GPS품질거부:84
17:32:10  GPS재기준:6
17:32:10  계산거리:14.37
17:32:10  접근속도:0.12
17:32:10  TTC:999.00
17:32:10  방향오차:109.7
17:32:10  전방여부:0
17:32:10  위험음성횟수:0
17:32:10  충격음성횟수:1
17:32:10  마지막위험음성:0
17:32:10  RSSI원시:-77
17:32:10  RSSI평활:-76.7
17:32:10  RSSI샘플:16899
17:32:10  RSSI경과ms:45
17:32:10  위험송신:16898
17:32:10  시각ms:1815972
17:32:10  IMU시각ms:1815972
17:32:10  위험:0
17:32:10  원시위험:0
17:32:10  GPS유효:1
17:32:10  위도:37.496569
17:32:10  경도:126.958026
17:32:10  속도:0.06
17:32:10  방향:178.0
17:32:10  GPS원시속도:0.082
17:32:10  GPS원시방향유효:1
17:32:10  GPS원시방향:182.8
17:32:10  가속도:3.03,-0.75,9.25
17:32:10  자이로:2.1,-6.3,2.0
17:32:10  자력계:-7.050,-6.450,0.150
17:32:10  충격값:0.29
17:32:10  송신:17625
17:32:10  지팡이수신:16900
17:32:10  GPS위성:6
17:32:10  GPS_HDOP:1.40
17:32:10  원시위도:37.496567
17:32:10  원시경도:126.958027
17:32:10  GPS채택:1023
17:32:10  GPS이상치거부:24
17:32:10  GPS품질거부:84
17:32:10  GPS재기준:6
17:32:10  계산거리:14.39
17:32:10  접근속도:0.12
17:32:10  TTC:999.00
17:32:10  방향오차:109.7
17:32:10  전방여부:0
17:32:10  위험음성횟수:0
17:32:10  충격음성횟수:1
17:32:10  마지막위험음성:0
17:32:10  RSSI원시:-76
17:32:10  RSSI평활:-76.5
17:32:10  RSSI샘플:16900
17:32:10  RSSI경과ms:64
17:32:10  위험송신:16899
17:32:10  시각ms:1816050
17:32:10  IMU시각ms:1816015
17:32:10  위험:0
17:32:10  원시위험:0
17:32:10  GPS유효:1
17:32:10  위도:37.496569
17:32:10  경도:126.958026
17:32:10  속도:0.06
17:32:10  방향:178.0
17:32:10  GPS원시속도:0.082
17:32:10  GPS원시방향유효:1
17:32:10  GPS원시방향:182.8
17:32:10  가속도:2.94,-0.90,9.23
17:32:10  자이로:-2.5,-0.2,1.5
17:32:10  자력계:-5.400,-7.200,0.450
17:32:10  충격값:0.26
17:32:10  송신:17626
17:32:10  지팡이수신:16901
17:32:10  GPS위성:6
17:32:10  GPS_HDOP:1.40
17:32:10  원시위도:37.496567
17:32:10  원시경도:126.958027
17:32:10  GPS채택:1023
17:32:10  GPS이상치거부:24
17:32:10  GPS품질거부:84
17:32:10  GPS재기준:6
17:32:10  계산거리:14.39
17:32:10  접근속도:0.12
17:32:10  TTC:999.00
17:32:10  방향오차:109.7
17:32:10  전방여부:0
17:32:10  위험음성횟수:0
17:32:10  충격음성횟수:1
17:32:10  마지막위험음성:0
17:32:10  RSSI원시:-76
17:32:10  RSSI평활:-76.4
17:32:10  RSSI샘플:16901
17:32:10  RSSI경과ms:42
17:32:10  위험송신:16900
17:32:10  시각ms:1816149
17:32:10  IMU시각ms:1816149
17:32:10  위험:0
17:32:10  원시위험:0
17:32:10  GPS유효:1
17:32:10  위도:37.496569
17:32:10  경도:126.958026
17:32:10  속도:0.03
17:32:10  방향:178.0
17:32:10  GPS원시속도:0.000
17:32:10  GPS원시방향유효:1
17:32:10  GPS원시방향:182.8
17:32:10  가속도:2.96,-0.78,9.17
17:32:10  자이로:-1.7,-4.0,-1.3
17:32:10  자력계:-6.600,-7.200,-0.450
17:32:10  충격값:0.21
17:32:10  송신:17627
17:32:10  지팡이수신:16902
17:32:10  GPS위성:6
17:32:10  GPS_HDOP:1.40
17:32:10  원시위도:37.496567
17:32:10  원시경도:126.958027
17:32:10  GPS채택:1024
17:32:10  GPS이상치거부:24
17:32:10  GPS품질거부:84
17:32:10  GPS재기준:6
17:32:10  계산거리:14.28
17:32:10  접근속도:0.12
17:32:10  TTC:999.00
17:32:10  방향오차:109.7
17:32:10  전방여부:0
17:32:10  위험음성횟수:0
17:32:10  충격음성횟수:1
17:32:10  마지막위험음성:0
17:32:10  RSSI원시:-77
17:32:10  RSSI평활:-76.5
17:32:10  RSSI샘플:16902
17:32:10  RSSI경과ms:40
17:32:10  위험송신:16901
17:32:10  시각ms:1816199
17:32:10  IMU시각ms:1816199
17:32:10  위험:0
17:32:10  원시위험:0
17:32:10  GPS유효:1
17:32:10  위도:37.496569
17:32:10  경도:126.958026
17:32:10  속도:0.03
17:32:10  방향:178.0
17:32:10  GPS원시속도:0.000
17:32:10  GPS원시방향유효:1
17:32:10  GPS원시방향:182.8
17:32:10  가속도:3.01,-0.95,9.03
17:32:10  자이로:-1.1,-1.8,-1.9
17:32:10  자력계:-6.600,-7.200,-0.900
17:32:10  충격값:0.37
17:32:10  송신:17627
17:32:10  지팡이수신:16902
17:32:10  GPS위성:6
17:32:10  GPS_HDOP:1.40
17:32:10  원시위도:37.496567
17:32:10  원시경도:126.958027
17:32:10  GPS채택:1024
17:32:10  GPS이상치거부:24
17:32:10  GPS품질거부:84
17:32:10  GPS재기준:6
17:32:10  계산거리:14.28
17:32:10  접근속도:0.12
17:32:10  TTC:999.00
17:32:10  방향오차:109.7
17:32:10  전방여부:0
17:32:10  위험음성횟수:0
17:32:10  충격음성횟수:1
17:32:10  마지막위험음성:0
17:32:10  RSSI원시:-77
17:32:10  RSSI평활:-76.5
17:32:10  RSSI샘플:16902
17:32:10  RSSI경과ms:90
17:32:10  위험송신:16901
17:32:10  시각ms:1816304
17:32:10  IMU시각ms:1816304
17:32:10  위험:0
17:32:10  원시위험:0
17:32:10  GPS유효:1
17:32:10  위도:37.496569
17:32:10  경도:126.958026
17:32:10  속도:0.03
17:32:10  방향:178.0
17:32:10  GPS원시속도:0.000
17:32:10  GPS원시방향유효:1
17:32:10  GPS원시방향:182.8
17:32:10  가속도:2.74,-0.69,9.20
17:32:10  자이로:1.9,1.5,-0.2
17:32:10  자력계:-6.000,-7.800,0.300
17:32:10  충격값:0.12
17:32:10  송신:17628
17:32:10  지팡이수신:16903
17:32:10  GPS위성:6
17:32:10  GPS_HDOP:1.40
17:32:10  원시위도:37.496567
17:32:10  원시경도:126.958027
17:32:10  GPS채택:1024
17:32:10  GPS이상치거부:24
17:32:10  GPS품질거부:84
17:32:10  GPS재기준:6
17:32:10  계산거리:14.28
17:32:10  접근속도:0.14
17:32:10  TTC:999.00
17:32:10  방향오차:109.7
17:32:10  전방여부:0
17:32:10  위험음성횟수:0
17:32:10  충격음성횟수:1
17:32:10  마지막위험음성:0
17:32:10  RSSI원시:-77
17:32:10  RSSI평활:-76.6
17:32:10  RSSI샘플:16903
17:32:10  RSSI경과ms:81
17:32:10  위험송신:16902
17:32:10  시각ms:1816354
17:32:10  IMU시각ms:1816354
17:32:10  위험:0
17:32:10  원시위험:0
17:32:10  GPS유효:1
17:32:10  위도:37.496569
17:32:10  경도:126.958026
17:32:10  속도:0.03
17:32:10  방향:178.0
17:32:10  GPS원시속도:0.000
17:32:10  GPS원시방향유효:1
17:32:10  GPS원시방향:182.8
17:32:10  가속도:2.94,-0.83,9.27
17:32:10  자이로:3.3,-0.1,-1.6
17:32:10  자력계:-4.350,-7.950,0.900
17:32:10  충격값:0.14
17:32:10  송신:17629
17:32:10  지팡이수신:16903
17:32:10  GPS위성:6
17:32:10  GPS_HDOP:1.40
17:32:10  원시위도:37.496567
17:32:10  원시경도:126.958027
17:32:10  GPS채택:1024
17:32:10  GPS이상치거부:24
17:32:10  GPS품질거부:84
17:32:10  GPS재기준:6
17:32:10  계산거리:14.28
17:32:10  접근속도:0.14
17:32:10  TTC:999.00
17:32:10  방향오차:109.7
17:32:10  전방여부:0
17:32:10  위험음성횟수:0
17:32:10  충격음성횟수:1
17:32:10  마지막위험음성:0
17:32:10  RSSI원시:-77
17:32:10  RSSI평활:-76.6
17:32:10  RSSI샘플:16903
17:32:10  RSSI경과ms:131
17:32:10  위험송신:16902
17:32:10  시각ms:1816404
17:32:10  IMU시각ms:1816404
17:32:10  위험:0
17:32:10  원시위험:0
17:32:10  GPS유효:1
17:32:10  위도:37.496569
17:32:10  경도:126.958026
17:32:10  속도:0.03
17:32:10  방향:178.0
17:32:10  GPS원시속도:0.000
17:32:10  GPS원시방향유효:1
17:32:10  GPS원시방향:182.8
17:32:10  가속도:2.81,-0.72,9.18
17:32:10  자이로:-0.8,-1.6,-1.9
17:32:10  자력계:-6.000,-7.350,1.050
17:32:10  충격값:0.07
17:32:10  송신:17629
17:32:10  지팡이수신:16903
17:32:10  GPS위성:6
17:32:10  GPS_HDOP:1.40
17:32:10  원시위도:37.496567
17:32:10  원시경도:126.958027
17:32:10  GPS채택:1024
17:32:10  GPS이상치거부:24
17:32:10  GPS품질거부:84
17:32:10  GPS재기준:6
17:32:10  계산거리:14.28
17:32:10  접근속도:0.14
17:32:10  TTC:999.00
17:32:10  방향오차:109.7
17:32:10  전방여부:0
17:32:10  위험음성횟수:0
17:32:10  충격음성횟수:1
17:32:10  마지막위험음성:0
17:32:10  RSSI원시:-77
17:32:10  RSSI평활:-76.6
17:32:10  RSSI샘플:16903
17:32:10  RSSI경과ms:181
17:32:10  위험송신:16902
17:32:10  시각ms:1816459
17:32:10  IMU시각ms:1816459
17:32:10  위험:0
17:32:10  원시위험:0
17:32:10  GPS유효:1
17:32:10  위도:37.496569
17:32:10  경도:126.958026
17:32:10  속도:0.03
17:32:10  방향:178.0
17:32:10  GPS원시속도:0.000
17:32:10  GPS원시방향유효:1
17:32:10  GPS원시방향:182.8
17:32:10  가속도:2.99,-0.79,9.16
17:32:10  자이로:-1.6,-4.6,1.0
17:32:10  자력계:-7.350,-4.800,-0.150
17:32:10  충격값:0.17
17:32:10  송신:17630
17:32:10  지팡이수신:16904
17:32:10  GPS위성:6
17:32:10  GPS_HDOP:1.40
17:32:10  원시위도:37.496567
17:32:10  원시경도:126.958027
17:32:10  GPS채택:1024
17:32:10  GPS이상치거부:24
17:32:10  GPS품질거부:84
17:32:10  GPS재기준:6
17:32:10  계산거리:14.28
17:32:10  접근속도:0.14
17:32:10  TTC:999.00
17:32:10  방향오차:109.7
17:32:10  전방여부:0
17:32:10  위험음성횟수:0
17:32:10  충격음성횟수:1
17:32:10  마지막위험음성:0
17:32:10  RSSI원시:-76
17:32:10  RSSI평활:-76.5
17:32:10  RSSI샘플:16904
17:32:10  RSSI경과ms:39
17:32:10  위험송신:16903
17:32:10  시각ms:1816509
17:32:10  IMU시각ms:1816509
17:32:10  위험:0
17:32:10  원시위험:0
17:32:10  GPS유효:1
17:32:10  위도:37.496569
17:32:10  경도:126.958026
17:32:10  속도:0.03
17:32:10  방향:178.0
17:32:10  GPS원시속도:0.000
17:32:10  GPS원시방향유효:1
17:32:10  GPS원시방향:182.8
17:32:10  가속도:3.05,-0.91,9.14
17:32:10  자이로:1.2,-0.1,-0.5
17:32:10  자력계:-6.750,-8.250,1.500
17:32:10  충격값:0.24
17:32:10  송신:17630
17:32:10  지팡이수신:16904
17:32:10  GPS위성:6
17:32:10  GPS_HDOP:1.40
17:32:10  원시위도:37.496567
17:32:10  원시경도:126.958027
17:32:10  GPS채택:1024
17:32:10  GPS이상치거부:24
17:32:10  GPS품질거부:84
17:32:10  GPS재기준:6
17:32:10  계산거리:14.28
17:32:10  접근속도:0.14
17:32:10  TTC:999.00
17:32:10  방향오차:109.7
17:32:10  전방여부:0
17:32:10  위험음성횟수:0
17:32:10  충격음성횟수:1
17:32:10  마지막위험음성:0
17:32:10  RSSI원시:-76
17:32:10  RSSI평활:-76.5
17:32:10  RSSI샘플:16904
17:32:10  RSSI경과ms:89
17:32:10  위험송신:16903
17:32:10  시각ms:1816614
17:32:10  IMU시각ms:1816614
17:32:10  위험:0
17:32:10  원시위험:0
17:32:10  GPS유효:1
17:32:10  위도:37.496569
17:32:10  경도:126.958026
17:32:10  속도:0.03
17:32:10  방향:178.0
17:32:10  GPS원시속도:0.000
17:32:10  GPS원시방향유효:1
17:32:10  GPS원시방향:182.8
17:32:10  가속도:3.04,-0.79,9.20
17:32:10  자이로:-1.6,-0.2,-0.7
17:32:10  자력계:-5.100,-7.200,1.200
17:32:10  충격값:0.14
17:32:10  송신:17631
17:32:10  지팡이수신:16905
17:32:10  GPS위성:6
17:32:10  GPS_HDOP:1.40
17:32:10  원시위도:37.496567
17:32:10  원시경도:126.958027
17:32:10  GPS채택:1024
17:32:10  GPS이상치거부:24
17:32:10  GPS품질거부:84
17:32:10  GPS재기준:6
17:32:10  계산거리:14.28
17:32:10  접근속도:0.14
17:32:10  TTC:999.00
17:32:10  방향오차:109.7
17:32:10  전방여부:0
17:32:10  위험음성횟수:0
17:32:10  충격음성횟수:1
17:32:10  마지막위험음성:0
17:32:10  RSSI원시:-77
17:32:10  RSSI평활:-76.6
17:32:10  RSSI샘플:16905
17:32:10  RSSI경과ms:94
17:32:10  위험송신:16904
17:32:10  시각ms:1816664
17:32:10  IMU시각ms:1816664
17:32:10  위험:0
17:32:10  원시위험:0
17:32:10  GPS유효:1
17:32:10  위도:37.496569
17:32:10  경도:126.958026
17:32:10  속도:0.03
17:32:10  방향:178.0
17:32:10  GPS원시속도:0.000
17:32:10  GPS원시방향유효:1
17:32:10  GPS원시방향:182.8
17:32:10  가속도:3.04,-1.02,9.11
17:32:10  자이로:-0.5,-1.9,0.9
17:32:10  자력계:-8.700,-7.350,-0.750
17:32:10  충격값:0.28
17:32:10  송신:17632
17:32:10  지팡이수신:16905
17:32:10  GPS위성:6
17:32:10  GPS_HDOP:1.40
17:32:10  원시위도:37.496567
17:32:10  원시경도:126.958027
17:32:10  GPS채택:1024
17:32:10  GPS이상치거부:24
17:32:10  GPS품질거부:84
17:32:10  GPS재기준:6
17:32:10  계산거리:14.28
17:32:10  접근속도:0.14
17:32:10  TTC:999.00
17:32:10  방향오차:109.7
17:32:10  전방여부:0
17:32:10  위험음성횟수:0
17:32:10  충격음성횟수:1
17:32:10  마지막위험음성:0
17:32:10  RSSI원시:-77
17:32:10  RSSI평활:-76.6
17:32:10  RSSI샘플:16905
17:32:10  RSSI경과ms:144
17:32:10  위험송신:16904
17:32:10  시각ms:1816714
17:32:10  IMU시각ms:1816714
17:32:10  위험:0
17:32:10  원시위험:0
17:32:10  GPS유효:1
17:32:10  위도:37.496569
17:32:10  경도:126.958026
17:32:10  속도:0.03
17:32:10  방향:178.0
17:32:10  GPS원시속도:0.000
17:32:10  GPS원시방향유효:1
17:32:10  GPS원시방향:182.8
17:32:10  가속도:3.13,-0.79,9.14
17:32:10  자이로:-3.6,0.7,-0.3
17:32:10  자력계:-6.450,-7.350,-1.500
17:32:10  충격값:0.20
17:32:10  송신:17632
17:32:10  지팡이수신:16905
17:32:10  GPS위성:6
17:32:10  GPS_HDOP:1.40
17:32:10  원시위도:37.496567
17:32:10  원시경도:126.958027
17:32:10  GPS채택:1024
17:32:10  GPS이상치거부:24
17:32:10  GPS품질거부:84
17:32:10  GPS재기준:6
17:32:10  계산거리:14.28
17:32:10  접근속도:0.14
17:32:10  TTC:999.00
17:32:10  방향오차:109.7
17:32:10  전방여부:0
17:32:10  위험음성횟수:0
17:32:10  충격음성횟수:1
17:32:10  마지막위험음성:0
17:32:10  RSSI원시:-77
17:32:10  RSSI평활:-76.6
17:32:10  RSSI샘플:16905
17:32:10  RSSI경과ms:194
17:32:10  위험송신:16904
17:32:11  시각ms:1816870
17:32:11  IMU시각ms:1816870
17:32:11  위험:0
17:32:11  원시위험:0
17:32:11  GPS유효:1
17:32:11  위도:37.496569
17:32:11  경도:126.958026
17:32:11  속도:0.03
17:32:11  방향:178.0
17:32:11  GPS원시속도:0.000
17:32:11  GPS원시방향유효:1
17:32:11  GPS원시방향:182.8
17:32:11  가속도:2.96,-0.98,9.09
17:32:11  자이로:1.8,-5.5,0.8
17:32:11  자력계:-6.600,-6.750,-0.150
17:32:11  충격값:0.20
17:32:11  송신:17634
17:32:11  지팡이수신:16906
17:32:11  GPS위성:6
17:32:11  GPS_HDOP:1.40
17:32:11  원시위도:37.496567
17:32:11  원시경도:126.958027
17:32:11  GPS채택:1024
17:32:11  GPS이상치거부:24
17:32:11  GPS품질거부:84
17:32:11  GPS재기준:6
17:32:11  계산거리:14.28
17:32:11  접근속도:0.10
17:32:11  TTC:999.00
17:32:11  방향오차:109.7
17:32:11  전방여부:0
17:32:11  위험음성횟수:0
17:32:11  충격음성횟수:1
17:32:11  마지막위험음성:0
17:32:11  RSSI원시:-77
17:32:11  RSSI평활:-76.7
17:32:11  RSSI샘플:16906
17:32:11  RSSI경과ms:45
17:32:11  위험송신:16905
17:32:11  시각ms:1816920
17:32:11  IMU시각ms:1816920
17:32:11  위험:0
17:32:11  원시위험:0
17:32:11  GPS유효:1
17:32:11  위도:37.496568
17:32:11  경도:126.958026
17:32:11  속도:0.02
17:32:11  방향:178.0
17:32:11  GPS원시속도:0.000
17:32:11  GPS원시방향유효:1
17:32:11  GPS원시방향:182.8
17:32:11  가속도:3.07,-0.89,9.05
17:32:11  자이로:-0.1,-0.6,-0.2
17:32:11  자력계:-5.700,-7.050,1.050
17:32:11  충격값:0.19
17:32:11  송신:17634
17:32:11  지팡이수신:16906
17:32:11  GPS위성:6
17:32:11  GPS_HDOP:1.40
17:32:11  원시위도:37.496567
17:32:11  원시경도:126.958027
17:32:11  GPS채택:1025
17:32:11  GPS이상치거부:24
17:32:11  GPS품질거부:84
17:32:11  GPS재기준:6
17:32:11  계산거리:14.28
17:32:11  접근속도:0.10
17:32:11  TTC:999.00
17:32:11  방향오차:109.7
17:32:11  전방여부:0
17:32:11  위험음성횟수:0
17:32:11  충격음성횟수:1
17:32:11  마지막위험음성:0
17:32:11  RSSI원시:-77
17:32:11  RSSI평활:-76.7
17:32:11  RSSI샘플:16906
17:32:11  RSSI경과ms:95
17:32:11  위험송신:16905
17:32:11  시각ms:1816976
17:32:11  IMU시각ms:1816976
17:32:11  위험:0
17:32:11  원시위험:0
17:32:11  GPS유효:1
17:32:11  위도:37.496568
17:32:11  경도:126.958026
17:32:11  속도:0.02
17:32:11  방향:178.0
17:32:11  GPS원시속도:0.000
17:32:11  GPS원시방향유효:1
17:32:11  GPS원시방향:182.8
17:32:11  가속도:3.10,-0.80,9.22
17:32:11  자이로:0.4,-0.4,1.9
17:32:11  자력계:-5.850,-8.850,0.900
17:32:11  충격값:0.13
17:32:11  송신:17635
17:32:11  지팡이수신:16907
17:32:11  GPS위성:6
17:32:11  GPS_HDOP:1.40
17:32:11  원시위도:37.496567
17:32:11  원시경도:126.958027
17:32:11  GPS채택:1025
17:32:11  GPS이상치거부:24
17:32:11  GPS품질거부:84
17:32:11  GPS재기준:6
17:32:11  계산거리:14.29
17:32:11  접근속도:0.10
17:32:11  TTC:999.00
17:32:11  방향오차:109.7
17:32:11  전방여부:0
17:32:11  위험음성횟수:0
17:32:11  충격음성횟수:1
17:32:11  마지막위험음성:0
17:32:11  RSSI원시:-76
17:32:11  RSSI평활:-76.5
17:32:11  RSSI샘플:16907
17:32:11  RSSI경과ms:42
17:32:11  위험송신:16906
17:32:11  시각ms:1817026
17:32:11  IMU시각ms:1817026
17:32:11  위험:0
17:32:11  원시위험:0
17:32:11  GPS유효:1
17:32:11  위도:37.496568
17:32:11  경도:126.958026
17:32:11  속도:0.02
17:32:11  방향:178.0
17:32:11  GPS원시속도:0.000
17:32:11  GPS원시방향유효:1
17:32:11  GPS원시방향:182.8
17:32:11  가속도:2.88,-0.90,9.14
17:32:11  자이로:-0.7,-2.8,-1.8
17:32:11  자력계:-5.850,-7.200,0.450
17:32:11  충격값:0.14
17:32:11  송신:17635
17:32:11  지팡이수신:16907
17:32:11  GPS위성:6
17:32:11  GPS_HDOP:1.40
17:32:11  원시위도:37.496567
17:32:11  원시경도:126.958027
17:32:11  GPS채택:1025
17:32:11  GPS이상치거부:24
17:32:11  GPS품질거부:84
17:32:11  GPS재기준:6
17:32:11  계산거리:14.29
17:32:11  접근속도:0.10
17:32:11  TTC:999.00
17:32:11  방향오차:109.7
17:32:11  전방여부:0
17:32:11  위험음성횟수:0
17:32:11  충격음성횟수:1
17:32:11  마지막위험음성:0
17:32:11  RSSI원시:-76
17:32:11  RSSI평활:-76.5
17:32:11  RSSI샘플:16907
17:32:11  RSSI경과ms:92
17:32:11  위험송신:16906
17:32:11  시각ms:1817079
17:32:11  IMU시각ms:1817079
17:32:11  위험:0
17:32:11  원시위험:0
17:32:11  GPS유효:1
17:32:11  위도:37.496568
17:32:11  경도:126.958026
17:32:11  속도:0.01
17:32:11  방향:178.0
17:32:11  GPS원시속도:0.000
17:32:11  GPS원시방향유효:1
17:32:11  GPS원시방향:182.8
17:32:11  가속도:3.15,-0.89,9.25
17:32:11  자이로:-2.8,-4.0,-1.1
17:32:11  자력계:-6.600,-8.400,0.900
17:32:11  충격값:0.16
17:32:11  송신:17636
17:32:11  지팡이수신:16908
17:32:11  GPS위성:6
17:32:11  GPS_HDOP:1.40
17:32:11  원시위도:37.496567
17:32:11  원시경도:126.958027
17:32:11  GPS채택:1026
17:32:11  GPS이상치거부:24
17:32:11  GPS품질거부:84
17:32:11  GPS재기준:6
17:32:11  계산거리:14.30
17:32:11  접근속도:0.10
17:32:11  TTC:999.00
17:32:11  방향오차:109.6
17:32:11  전방여부:0
17:32:11  위험음성횟수:0
17:32:11  충격음성횟수:1
17:32:11  마지막위험음성:0
17:32:11  RSSI원시:-76
17:32:11  RSSI평활:-76.4
17:32:11  RSSI샘플:16908
17:32:11  RSSI경과ms:52
17:32:11  위험송신:16907
17:32:11  시각ms:1817141
17:32:11  IMU시각ms:1817129
17:32:11  위험:0
17:32:11  원시위험:0
17:32:11  GPS유효:1
17:32:11  위도:37.496568
17:32:11  경도:126.958026
17:32:11  속도:0.01
17:32:11  방향:178.0
17:32:11  GPS원시속도:0.000
17:32:11  GPS원시방향유효:1
17:32:11  GPS원시방향:182.8
17:32:11  가속도:3.12,-1.00,9.09
17:32:11  자이로:1.1,-1.8,-0.6
17:32:11  자력계:-6.000,-8.550,1.800
17:32:11  충격값:0.19
17:32:11  송신:17636
17:32:11  지팡이수신:16909
17:32:11  GPS위성:6
17:32:11  GPS_HDOP:1.40
17:32:11  원시위도:37.496567
17:32:11  원시경도:126.958027
17:32:11  GPS채택:1026
17:32:11  GPS이상치거부:24
17:32:11  GPS품질거부:84
17:32:11  GPS재기준:6
17:32:11  계산거리:14.30
17:32:11  접근속도:0.10
17:32:11  TTC:999.00
17:32:11  방향오차:109.6
17:32:11  전방여부:0
17:32:11  위험음성횟수:0
17:32:11  충격음성횟수:1
17:32:11  마지막위험음성:0
17:32:11  RSSI원시:-77
17:32:11  RSSI평활:-76.6
17:32:11  RSSI샘플:16909
17:32:11  RSSI경과ms:16
17:32:11  위험송신:16908
17:32:11  시각ms:1817191
17:32:11  IMU시각ms:1817191
17:32:11  위험:0
17:32:11  원시위험:0
17:32:11  GPS유효:1
17:32:11  위도:37.496568
17:32:11  경도:126.958026
17:32:11  속도:0.01
17:32:11  방향:178.0
17:32:11  GPS원시속도:0.000
17:32:11  GPS원시방향유효:1
17:32:11  GPS원시방향:182.8
17:32:11  가속도:3.17,-0.94,8.99
17:32:11  자이로:0.7,-2.0,-2.0
17:32:11  자력계:-7.050,-7.950,2.400
17:32:11  충격값:0.23
17:32:11  송신:17637
17:32:11  지팡이수신:16909
17:32:11  GPS위성:6
17:32:11  GPS_HDOP:1.40
17:32:11  원시위도:37.496567
17:32:11  원시경도:126.958027
17:32:11  GPS채택:1026
17:32:11  GPS이상치거부:24
17:32:11  GPS품질거부:84
17:32:11  GPS재기준:6
17:32:11  계산거리:14.30
17:32:11  접근속도:0.10
17:32:11  TTC:999.00
17:32:11  방향오차:109.6
17:32:11  전방여부:0
17:32:11  위험음성횟수:0
17:32:11  충격음성횟수:1
17:32:11  마지막위험음성:0
17:32:11  RSSI원시:-77
17:32:11  RSSI평활:-76.6
17:32:11  RSSI샘플:16909
17:32:11  RSSI경과ms:66
17:32:11  위험송신:16908
17:32:11  시각ms:1817246
17:32:11  IMU시각ms:1817246
17:32:11  위험:0
17:32:11  원시위험:0
17:32:11  GPS유효:1
17:32:11  위도:37.496568
17:32:11  경도:126.958026
17:32:11  속도:0.01
17:32:11  방향:178.0
17:32:11  GPS원시속도:0.000
17:32:11  GPS원시방향유효:1
17:32:11  GPS원시방향:182.8
17:32:11  가속도:2.89,-0.87,9.07
17:32:11  자이로:2.1,0.1,0.2
17:32:11  자력계:-7.350,-6.750,-0.450
17:32:11  충격값:0.17
17:32:11  송신:17637
17:32:11  지팡이수신:16910
17:32:11  GPS위성:6
17:32:11  GPS_HDOP:1.40
17:32:11  원시위도:37.496567
17:32:11  원시경도:126.958027
17:32:11  GPS채택:1026
17:32:11  GPS이상치거부:24
17:32:11  GPS품질거부:84
17:32:11  GPS재기준:6
17:32:11  계산거리:14.30
17:32:11  접근속도:0.10
17:32:11  TTC:999.00
17:32:11  방향오차:109.6
17:32:11  전방여부:0
17:32:11  위험음성횟수:0
17:32:11  충격음성횟수:1
17:32:11  마지막위험음성:0
17:32:11  RSSI원시:-76
17:32:11  RSSI평활:-76.4
17:32:11  RSSI샘플:16910
17:32:11  RSSI경과ms:21
17:32:11  위험송신:16909
17:32:11  시각ms:1817296
17:32:11  IMU시각ms:1817296
17:32:11  위험:0
17:32:11  원시위험:0
17:32:11  GPS유효:1
17:32:11  위도:37.496568
17:32:11  경도:126.958026
17:32:11  속도:0.01
17:32:11  방향:178.0
17:32:11  GPS원시속도:0.000
17:32:11  GPS원시방향유효:1
17:32:11  GPS원시방향:182.8
17:32:11  가속도:3.21,-1.13,9.12
17:32:11  자이로:0.3,0.5,-2.0
17:32:11  자력계:-7.950,-7.350,0.000
17:32:11  충격값:0.31
17:32:11  송신:17638
17:32:11  지팡이수신:16910
17:32:11  GPS위성:6
17:32:11  GPS_HDOP:1.40
17:32:11  원시위도:37.496567
17:32:11  원시경도:126.958027
17:32:11  GPS채택:1026
17:32:11  GPS이상치거부:24
17:32:11  GPS품질거부:84
17:32:11  GPS재기준:6
17:32:11  계산거리:14.30
17:32:11  접근속도:0.10
17:32:11  TTC:999.00
17:32:11  방향오차:109.6
17:32:11  전방여부:0
17:32:11  위험음성횟수:0
17:32:11  충격음성횟수:1
17:32:11  마지막위험음성:0
17:32:11  RSSI원시:-76
17:32:11  RSSI평활:-76.4
17:32:11  RSSI샘플:16910
17:32:11  RSSI경과ms:71
17:32:11  위험송신:16909
17:32:11  시각ms:1817358
17:32:11  IMU시각ms:1817346
17:32:11  위험:0
17:32:11  원시위험:0
17:32:11  GPS유효:1
17:32:11  위도:37.496568
17:32:11  경도:126.958026
17:32:11  속도:0.01
17:32:11  방향:178.0
17:32:11  GPS원시속도:0.000
17:32:11  GPS원시방향유효:1
17:32:11  GPS원시방향:182.8
17:32:11  가속도:3.00,-0.77,9.08
17:32:11  자이로:-1.5,0.4,-2.7
17:32:11  자력계:-6.450,-7.800,-0.300
17:32:11  충격값:0.14
17:32:11  송신:17638
17:32:11  지팡이수신:16911
17:32:11  GPS위성:6
17:32:11  GPS_HDOP:1.40
17:32:11  원시위도:37.496567
17:32:11  원시경도:126.958027
17:32:11  GPS채택:1026
17:32:11  GPS이상치거부:24
17:32:11  GPS품질거부:84
17:32:11  GPS재기준:6
17:32:11  계산거리:14.30
17:32:11  접근속도:0.05
17:32:11  TTC:999.00
17:32:11  방향오차:109.6
17:32:11  전방여부:0
17:32:11  위험음성횟수:0
17:32:11  충격음성횟수:1
17:32:11  마지막위험음성:0
17:32:11  RSSI원시:-77
17:32:11  RSSI평활:-76.6
17:32:11  RSSI샘플:16911
17:32:11  RSSI경과ms:17
17:32:11  위험송신:16910
17:32:11  시각ms:1817408
17:32:11  IMU시각ms:1817408
17:32:11  위험:0
17:32:11  원시위험:0
17:32:11  GPS유효:1
17:32:11  위도:37.496568
17:32:11  경도:126.958026
17:32:11  속도:0.01
17:32:11  방향:178.0
17:32:11  GPS원시속도:0.000
17:32:11  GPS원시방향유효:1
17:32:11  GPS원시방향:182.8
17:32:11  가속도:3.21,-0.87,9.01
17:32:11  자이로:0.7,-2.2,-0.1
17:32:11  자력계:-6.000,-7.800,0.000
17:32:11  충격값:0.20
17:32:11  송신:17639
17:32:11  지팡이수신:16911
17:32:11  GPS위성:6
17:32:11  GPS_HDOP:1.40
17:32:11  원시위도:37.496567
17:32:11  원시경도:126.958027
17:32:11  GPS채택:1026
17:32:11  GPS이상치거부:24
17:32:11  GPS품질거부:84
17:32:11  GPS재기준:6
17:32:11  계산거리:14.30
17:32:11  접근속도:0.05
17:32:11  TTC:999.00
17:32:11  방향오차:109.6
17:32:11  전방여부:0
17:32:11  위험음성횟수:0
17:32:11  충격음성횟수:1
17:32:11  마지막위험음성:0
17:32:11  RSSI원시:-77
17:32:11  RSSI평활:-76.6
17:32:11  RSSI샘플:16911
17:32:11  RSSI경과ms:67
17:32:11  위험송신:16910
17:32:11  시각ms:1817463
17:32:11  IMU시각ms:1817463
17:32:11  위험:0
17:32:11  원시위험:0
17:32:11  GPS유효:1
17:32:11  위도:37.496568
17:32:11  경도:126.958026
17:32:11  속도:0.01
17:32:11  방향:178.0
17:32:11  GPS원시속도:0.000
17:32:11  GPS원시방향유효:1
17:32:11  GPS원시방향:182.8
17:32:11  가속도:3.13,-1.05,9.14
17:32:11  자이로:3.1,-0.4,1.5
17:32:11  자력계:-6.750,-7.800,0.000
17:32:11  충격값:0.17
17:32:11  송신:17639
17:32:11  지팡이수신:16912
17:32:11  GPS위성:6
17:32:11  GPS_HDOP:1.40
17:32:11  원시위도:37.496567
17:32:11  원시경도:126.958027
17:32:11  GPS채택:1026
17:32:11  GPS이상치거부:24
17:32:11  GPS품질거부:84
17:32:11  GPS재기준:6
17:32:11  계산거리:14.30
17:32:11  접근속도:0.05
17:32:11  TTC:999.00
17:32:11  방향오차:109.6
17:32:11  전방여부:0
17:32:11  위험음성횟수:0
17:32:11  충격음성횟수:1
17:32:11  마지막위험음성:0
17:32:11  RSSI원시:-77
17:32:11  RSSI평활:-76.6
17:32:11  RSSI샘플:16912
17:32:11  RSSI경과ms:38
17:32:11  위험송신:16911
17:32:11  시각ms:1817568
17:32:11  IMU시각ms:1817568
17:32:11  위험:0
17:32:11  원시위험:0
17:32:11  GPS유효:1
17:32:11  위도:37.496568
17:32:11  경도:126.958026
17:32:11  속도:0.01
17:32:11  방향:178.0
17:32:11  GPS원시속도:0.000
17:32:11  GPS원시방향유효:1
17:32:11  GPS원시방향:182.8
17:32:11  가속도:3.10,-1.01,9.17
17:32:11  자이로:-0.8,-3.6,0.7
17:32:11  자력계:-7.200,-8.550,-0.300
17:32:11  충격값:0.12
17:32:11  송신:17640
17:32:11  지팡이수신:16913
17:32:11  GPS위성:6
17:32:11  GPS_HDOP:1.40
17:32:11  원시위도:37.496567
17:32:11  원시경도:126.958027
17:32:11  GPS채택:1026
17:32:11  GPS이상치거부:24
17:32:11  GPS품질거부:84
17:32:11  GPS재기준:6
17:32:11  계산거리:14.30
17:32:11  접근속도:0.05
17:32:11  TTC:999.00
17:32:11  방향오차:109.6
17:32:11  전방여부:0
17:32:11  위험음성횟수:0
17:32:11  충격음성횟수:1
17:32:11  마지막위험음성:0
17:32:11  RSSI원시:-76
17:32:11  RSSI평활:-76.5
17:32:11  RSSI샘플:16913
17:32:11  RSSI경과ms:37
17:32:11  위험송신:16912
17:32:11  시각ms:1817673
17:32:11  IMU시각ms:1817673
17:32:11  위험:0
17:32:11  원시위험:0
17:32:11  GPS유효:1
17:32:11  위도:37.496568
17:32:11  경도:126.958026
17:32:11  속도:0.01
17:32:11  방향:178.0
17:32:11  GPS원시속도:0.000
17:32:11  GPS원시방향유효:1
17:32:11  GPS원시방향:182.8
17:32:11  가속도:3.17,-0.88,9.17
17:32:11  자이로:-0.4,-6.6,-0.3
17:32:11  자력계:-7.350,-7.950,0.150
17:32:11  충격값:0.07
17:32:11  송신:17641
17:32:11  지팡이수신:16914
17:32:11  GPS위성:6
17:32:11  GPS_HDOP:1.40
17:32:11  원시위도:37.496567
17:32:11  원시경도:126.958027
17:32:11  GPS채택:1026
17:32:11  GPS이상치거부:24
17:32:11  GPS품질거부:84
17:32:11  GPS재기준:6
17:32:11  계산거리:14.30
17:32:11  접근속도:0.05
17:32:11  TTC:999.00
17:32:11  방향오차:109.6
17:32:11  전방여부:0
17:32:11  위험음성횟수:0
17:32:11  충격음성횟수:1
17:32:11  마지막위험음성:0
17:32:11  RSSI원시:-75
17:32:11  RSSI평활:-76.2
17:32:11  RSSI샘플:16914
17:32:11  RSSI경과ms:38
17:32:11  위험송신:16913
17:32:12  시각ms:1817829
17:32:12  IMU시각ms:1817829
17:32:12  위험:0
17:32:12  원시위험:0
17:32:12  GPS유효:1
17:32:12  위도:37.496568
17:32:12  경도:126.958026
17:32:12  속도:0.01
17:32:12  방향:178.0
17:32:12  GPS원시속도:0.000
17:32:12  GPS원시방향유효:1
17:32:12  GPS원시방향:182.8
17:32:12  가속도:3.10,-0.91,9.20
17:32:12  자이로:-0.1,-0.6,-1.2
17:32:12  자력계:-7.050,-7.650,-0.150
17:32:12  충격값:0.09
17:32:12  송신:17643
17:32:12  지팡이수신:16915
17:32:12  GPS위성:6
17:32:12  GPS_HDOP:1.40
17:32:12  원시위도:37.496567
17:32:12  원시경도:126.958027
17:32:12  GPS채택:1026
17:32:12  GPS이상치거부:24
17:32:12  GPS품질거부:84
17:32:12  GPS재기준:6
17:32:12  계산거리:14.30
17:32:12  접근속도:0.05
17:32:12  TTC:999.00
17:32:12  방향오차:109.6
17:32:12  전방여부:0
17:32:12  위험음성횟수:0
17:32:12  충격음성횟수:1
17:32:12  마지막위험음성:0
17:32:12  RSSI원시:-76
17:32:12  RSSI평활:-76.2
17:32:12  RSSI샘플:16915
17:32:12  RSSI경과ms:89
17:32:12  위험송신:16914
17:32:12  시각ms:1817884
17:32:12  IMU시각ms:1817884
17:32:12  위험:0
17:32:12  원시위험:0
17:32:12  GPS유효:1
17:32:12  위도:37.496568
17:32:12  경도:126.958026
17:32:12  속도:0.01
17:32:12  방향:178.0
17:32:12  GPS원시속도:0.000
17:32:12  GPS원시방향유효:1
17:32:12  GPS원시방향:182.8
17:32:12  가속도:3.08,-0.95,9.06
17:32:12  자이로:0.5,-2.9,-1.9
17:32:12  자력계:-7.800,-9.600,0.900
17:32:12  충격값:0.09
17:32:12  송신:17643
17:32:12  지팡이수신:16916
17:32:12  GPS위성:6
17:32:12  GPS_HDOP:1.40
17:32:12  원시위도:37.496567
17:32:12  원시경도:126.958027
17:32:12  GPS채택:1026
17:32:12  GPS이상치거부:24
17:32:12  GPS품질거부:84
17:32:12  GPS재기준:6
17:32:12  계산거리:14.30
17:32:12  접근속도:0.05
17:32:12  TTC:999.00
17:32:12  방향오차:109.6
17:32:12  전방여부:0
17:32:12  위험음성횟수:0
17:32:12  충격음성횟수:1
17:32:12  마지막위험음성:0
17:32:12  RSSI원시:-75
17:32:12  RSSI평활:-75.9
17:32:12  RSSI샘플:16916
17:32:12  RSSI경과ms:40
17:32:12  위험송신:16915
17:32:12  시각ms:1817935
17:32:12  IMU시각ms:1817935
17:32:12  위험:0
17:32:12  원시위험:0
17:32:12  GPS유효:1
17:32:12  위도:37.496568
17:32:12  경도:126.958026
17:32:12  속도:0.00
17:32:12  방향:178.0
17:32:12  GPS원시속도:0.000
17:32:12  GPS원시방향유효:1
17:32:12  GPS원시방향:182.8
17:32:12  가속도:3.22,-0.88,9.21
17:32:12  자이로:-1.9,-7.5,2.2
17:32:12  자력계:-7.800,-6.750,-1.200
17:32:12  충격값:0.12
17:32:12  송신:17644
17:32:12  지팡이수신:16916
17:32:12  GPS위성:6
17:32:12  GPS_HDOP:1.40
17:32:12  원시위도:37.496567
17:32:12  원시경도:126.958027
17:32:12  GPS채택:1027
17:32:12  GPS이상치거부:24
17:32:12  GPS품질거부:84
17:32:12  GPS재기준:6
17:32:12  계산거리:14.30
17:32:12  접근속도:0.05
17:32:12  TTC:999.00
17:32:12  방향오차:109.6
17:32:12  전방여부:0
17:32:12  위험음성횟수:0
17:32:12  충격음성횟수:1
17:32:12  마지막위험음성:0
17:32:12  RSSI원시:-75
17:32:12  RSSI평활:-75.9
17:32:12  RSSI샘플:16916
17:32:12  RSSI경과ms:91
17:32:12  위험송신:16915
17:32:12  시각ms:1817990
17:32:12  IMU시각ms:1817990
17:32:12  위험:0
17:32:12  원시위험:0
17:32:12  GPS유효:1
17:32:12  위도:37.496568
17:32:12  경도:126.958026
17:32:12  속도:0.00
17:32:12  방향:178.0
17:32:12  GPS원시속도:0.000
17:32:12  GPS원시방향유효:1
17:32:12  GPS원시방향:182.8
17:32:12  가속도:3.35,-1.02,9.01
17:32:12  자이로:-4.7,-4.9,-3.2
17:32:12  자력계:-7.200,-7.800,-0.300
17:32:12  충격값:0.23
17:32:12  송신:17644
17:32:12  지팡이수신:16917
17:32:12  GPS위성:6
17:32:12  GPS_HDOP:1.40
17:32:12  원시위도:37.496567
17:32:12  원시경도:126.958027
17:32:12  GPS채택:1027
17:32:12  GPS이상치거부:24
17:32:12  GPS품질거부:84
17:32:12  GPS재기준:6
17:32:12  계산거리:14.31
17:32:12  접근속도:0.03
17:32:12  TTC:999.00
17:32:12  방향오차:109.6
17:32:12  전방여부:0
17:32:12  위험음성횟수:0
17:32:12  충격음성횟수:1
17:32:12  마지막위험음성:0
17:32:12  RSSI원시:-75
17:32:12  RSSI평활:-75.7
17:32:12  RSSI샘플:16917
17:32:12  RSSI경과ms:45
17:32:12  위험송신:16916
17:32:12  시각ms:1818041
17:32:12  IMU시각ms:1818041
17:32:12  위험:0
17:32:12  원시위험:0
17:32:12  GPS유효:1
17:32:12  위도:37.496568
17:32:12  경도:126.958026
17:32:12  속도:0.00
17:32:12  방향:178.0
17:32:12  GPS원시속도:0.000
17:32:12  GPS원시방향유효:1
17:32:12  GPS원시방향:182.8
17:32:12  가속도:3.41,-0.98,9.12
17:32:12  자이로:1.5,-5.6,-0.1
17:32:12  자력계:-6.600,-6.750,1.200
17:32:12  충격값:0.22
17:32:12  송신:17645
17:32:12  지팡이수신:16917
17:32:12  GPS위성:6
17:32:12  GPS_HDOP:1.40
17:32:12  원시위도:37.496567
17:32:12  원시경도:126.958027
17:32:12  GPS채택:1028
17:32:12  GPS이상치거부:24
17:32:12  GPS품질거부:84
17:32:12  GPS재기준:6
17:32:12  계산거리:14.31
17:32:12  접근속도:0.03
17:32:12  TTC:999.00
17:32:12  방향오차:109.6
17:32:12  전방여부:0
17:32:12  위험음성횟수:0
17:32:12  충격음성횟수:1
17:32:12  마지막위험음성:0
17:32:12  RSSI원시:-75
17:32:12  RSSI평활:-75.7
17:32:12  RSSI샘플:16917
17:32:12  RSSI경과ms:96
17:32:12  위험송신:16916
17:32:12  시각ms:1818199
17:32:12  IMU시각ms:1818199
17:32:12  위험:0
17:32:12  원시위험:0
17:32:12  GPS유효:1
17:32:12  위도:37.496568
17:32:12  경도:126.958026
17:32:12  속도:0.00
17:32:12  방향:178.0
17:32:12  GPS원시속도:0.000
17:32:12  GPS원시방향유효:1
17:32:12  GPS원시방향:182.8
17:32:12  가속도:3.34,-1.06,9.09
17:32:12  자이로:-2.1,0.8,-1.8
17:32:12  자력계:-8.850,-7.200,-0.150
17:32:12  충격값:0.11
17:32:12  송신:17646
17:32:12  지팡이수신:16919
17:32:12  GPS위성:6
17:32:12  GPS_HDOP:1.40
17:32:12  원시위도:37.496567
17:32:12  원시경도:126.958027
17:32:12  GPS채택:1028
17:32:12  GPS이상치거부:24
17:32:12  GPS품질거부:84
17:32:12  GPS재기준:6
17:32:12  계산거리:13.55
17:32:12  접근속도:0.03
17:32:12  TTC:999.00
17:32:12  방향오차:108.2
17:32:12  전방여부:0
17:32:12  위험음성횟수:0
17:32:12  충격음성횟수:1
17:32:12  마지막위험음성:0
17:32:12  RSSI원시:-76
17:32:12  RSSI평활:-75.8
17:32:12  RSSI샘플:16919
17:32:12  RSSI경과ms:49
17:32:12  위험송신:16918
17:32:12  시각ms:1818261
17:32:12  IMU시각ms:1818249
17:32:12  위험:0
17:32:12  원시위험:0
17:32:12  GPS유효:1
17:32:12  위도:37.496568
17:32:12  경도:126.958026
17:32:12  속도:0.00
17:32:12  방향:178.0
17:32:12  GPS원시속도:0.000
17:32:12  GPS원시방향유효:1
17:32:12  GPS원시방향:182.8
17:32:12  가속도:3.36,-1.11,9.02
17:32:12  자이로:-0.7,-1.2,-0.2
17:32:12  자력계:-10.200,-7.050,0.300
17:32:12  충격값:0.16
17:32:12  송신:17647
17:32:12  지팡이수신:16920
17:32:12  GPS위성:6
17:32:12  GPS_HDOP:1.40
17:32:12  원시위도:37.496567
17:32:12  원시경도:126.958027
17:32:12  GPS채택:1028
17:32:12  GPS이상치거부:24
17:32:12  GPS품질거부:84
17:32:12  GPS재기준:6
17:32:12  계산거리:13.55
17:32:12  접근속도:0.03
17:32:12  TTC:999.00
17:32:12  방향오차:108.2
17:32:12  전방여부:0
17:32:12  위험음성횟수:0
17:32:12  충격음성횟수:1
17:32:12  마지막위험음성:0
17:32:12  RSSI원시:-76
17:32:12  RSSI평활:-75.9
17:32:12  RSSI샘플:16920
17:32:12  RSSI경과ms:18
17:32:12  위험송신:16919
17:32:12  시각ms:1818311
17:32:12  IMU시각ms:1818311
17:32:12  위험:0
17:32:12  원시위험:0
17:32:12  GPS유효:1
17:32:12  위도:37.496568
17:32:12  경도:126.958026
17:32:12  속도:0.00
17:32:12  방향:178.0
17:32:12  GPS원시속도:0.000
17:32:12  GPS원시방향유효:1
17:32:12  GPS원시방향:182.8
17:32:12  가속도:3.46,-1.17,8.99
17:32:12  자이로:-1.7,0.0,-0.8
17:32:12  자력계:-9.450,-9.000,0.000
17:32:12  충격값:0.24
17:32:12  송신:17647
17:32:12  지팡이수신:16920
17:32:12  GPS위성:6
17:32:12  GPS_HDOP:1.40
17:32:12  원시위도:37.496567
17:32:12  원시경도:126.958027
17:32:12  GPS채택:1028
17:32:12  GPS이상치거부:24
17:32:12  GPS품질거부:84
17:32:12  GPS재기준:6
17:32:12  계산거리:13.55
17:32:12  접근속도:0.03
17:32:12  TTC:999.00
17:32:12  방향오차:108.2
17:32:12  전방여부:0
17:32:12  위험음성횟수:0
17:32:12  충격음성횟수:1
17:32:12  마지막위험음성:0
17:32:12  RSSI원시:-76
17:32:12  RSSI평활:-75.9
17:32:12  RSSI샘플:16920
17:32:12  RSSI경과ms:68
17:32:12  위험송신:16919
17:32:12  시각ms:1818366
17:32:12  IMU시각ms:1818366
17:32:12  위험:0
17:32:12  원시위험:0
17:32:12  GPS유효:1
17:32:12  위도:37.496568
17:32:12  경도:126.958026
17:32:12  속도:0.00
17:32:12  방향:178.0
17:32:12  GPS원시속도:0.000
17:32:12  GPS원시방향유효:1
17:32:12  GPS원시방향:182.8
17:32:12  가속도:3.41,-0.95,9.17
17:32:12  자이로:0.7,1.9,-2.1
17:32:12  자력계:-8.100,-9.150,1.650
17:32:12  충격값:0.17
17:32:12  송신:17648
17:32:12  지팡이수신:16921
17:32:12  GPS위성:6
17:32:12  GPS_HDOP:1.40
17:32:12  원시위도:37.496567
17:32:12  원시경도:126.958027
17:32:12  GPS채택:1028
17:32:12  GPS이상치거부:24
17:32:12  GPS품질거부:84
17:32:12  GPS재기준:6
17:32:12  계산거리:13.55
17:32:12  접근속도:0.03
17:32:12  TTC:999.00
17:32:12  방향오차:108.2
17:32:12  전방여부:0
17:32:12  위험음성횟수:0
17:32:12  충격음성횟수:1
17:32:12  마지막위험음성:0
17:32:12  RSSI원시:-76
17:32:12  RSSI평활:-75.9
17:32:12  RSSI샘플:16921
17:32:12  RSSI경과ms:23
17:32:12  위험송신:16920
17:32:12  시각ms:1818471
17:32:12  IMU시각ms:1818471
17:32:12  위험:0
17:32:12  원시위험:0
17:32:12  GPS유효:1
17:32:12  위도:37.496568
17:32:12  경도:126.958026
17:32:12  속도:0.00
17:32:12  방향:178.0
17:32:12  GPS원시속도:0.000
17:32:12  GPS원시방향유효:1
17:32:12  GPS원시방향:182.8
17:32:12  가속도:3.48,-1.22,9.02
17:32:12  자이로:2.2,-0.0,1.5
17:32:12  자력계:-8.400,-9.450,0.300
17:32:12  충격값:0.23
17:32:12  송신:17649
17:32:12  지팡이수신:16922
17:32:12  GPS위성:6
17:32:12  GPS_HDOP:1.40
17:32:12  원시위도:37.496567
17:32:12  원시경도:126.958027
17:32:12  GPS채택:1028
17:32:12  GPS이상치거부:24
17:32:12  GPS품질거부:84
17:32:12  GPS재기준:6
17:32:12  계산거리:13.55
17:32:12  접근속도:0.03
17:32:12  TTC:999.00
17:32:12  방향오차:108.2
17:32:12  전방여부:0
17:32:12  위험음성횟수:0
17:32:12  충격음성횟수:1
17:32:12  마지막위험음성:0
17:32:12  RSSI원시:-76
17:32:12  RSSI평활:-75.9
17:32:12  RSSI샘플:16922
17:32:12  RSSI경과ms:27
17:32:12  위험송신:16921
17:32:12  시각ms:1818521
17:32:12  IMU시각ms:1818521
17:32:12  위험:0
17:32:12  원시위험:0
17:32:12  GPS유효:1
17:32:12  위도:37.496568
17:32:12  경도:126.958026
17:32:12  속도:0.00
17:32:12  방향:178.0
17:32:12  GPS원시속도:0.000
17:32:12  GPS원시방향유효:1
17:32:12  GPS원시방향:182.8
17:32:12  가속도:3.42,-0.92,8.94
17:32:12  자이로:-0.6,-0.5,-1.6
17:32:12  자력계:-7.950,-8.250,1.050
17:32:12  충격값:0.18
17:32:12  송신:17649
17:32:12  지팡이수신:16922
17:32:12  GPS위성:6
17:32:12  GPS_HDOP:1.40
17:32:12  원시위도:37.496567
17:32:12  원시경도:126.958027
17:32:12  GPS채택:1028
17:32:12  GPS이상치거부:24
17:32:12  GPS품질거부:84
17:32:12  GPS재기준:6
17:32:12  계산거리:13.55
17:32:12  접근속도:0.03
17:32:12  TTC:999.00
17:32:12  방향오차:108.2
17:32:12  전방여부:0
17:32:12  위험음성횟수:0
17:32:12  충격음성횟수:1
17:32:12  마지막위험음성:0
17:32:12  RSSI원시:-76
17:32:12  RSSI평활:-75.9
17:32:12  RSSI샘플:16922
17:32:12  RSSI경과ms:77
17:32:12  위험송신:16921
17:32:12  시각ms:1818633
17:32:12  IMU시각ms:1818633
17:32:12  위험:0
17:32:12  원시위험:0
17:32:12  GPS유효:1
17:32:12  위도:37.496568
17:32:12  경도:126.958026
17:32:12  속도:0.00
17:32:12  방향:178.0
17:32:12  GPS원시속도:0.000
17:32:12  GPS원시방향유효:1
17:32:12  GPS원시방향:182.8
17:32:12  가속도:3.29,-0.96,9.07
17:32:12  자이로:0.6,0.4,-1.7
17:32:12  자력계:-7.200,-9.000,0.300
17:32:12  충격값:0.12
17:32:12  송신:17650
17:32:12  지팡이수신:16923
17:32:12  GPS위성:6
17:32:12  GPS_HDOP:1.40
17:32:12  원시위도:37.496567
17:32:12  원시경도:126.958027
17:32:12  GPS채택:1028
17:32:12  GPS이상치거부:24
17:32:12  GPS품질거부:84
17:32:12  GPS재기준:6
17:32:12  계산거리:13.55
17:32:12  접근속도:0.39
17:32:12  TTC:999.00
17:32:12  방향오차:108.2
17:32:12  전방여부:0
17:32:12  위험음성횟수:0
17:32:12  충격음성횟수:1
17:32:12  마지막위험음성:0
17:32:12  RSSI원시:-76
17:32:12  RSSI평활:-75.9
17:32:12  RSSI샘플:16923
17:32:12  RSSI경과ms:68
17:32:12  위험송신:16922
17:32:12  시각ms:1818688
17:32:12  IMU시각ms:1818688
17:32:12  위험:0
17:32:12  원시위험:0
17:32:12  GPS유효:1
17:32:12  위도:37.496568
17:32:12  경도:126.958026
17:32:12  속도:0.00
17:32:12  방향:178.0
17:32:12  GPS원시속도:0.000
17:32:12  GPS원시방향유효:1
17:32:12  GPS원시방향:182.8
17:32:12  가속도:3.39,-1.03,9.00
17:32:12  자이로:2.3,-0.8,3.0
17:32:12  자력계:-8.100,-7.200,-0.150
17:32:12  충격값:0.05
17:32:12  송신:17651
17:32:12  지팡이수신:16924
17:32:12  GPS위성:6
17:32:12  GPS_HDOP:1.40
17:32:12  원시위도:37.496567
17:32:12  원시경도:126.958027
17:32:12  GPS채택:1028
17:32:12  GPS이상치거부:24
17:32:12  GPS품질거부:84
17:32:12  GPS재기준:6
17:32:12  계산거리:13.55
17:32:12  접근속도:0.39
17:32:12  TTC:999.00
17:32:12  방향오차:108.2
17:32:12  전방여부:0
17:32:12  위험음성횟수:0
17:32:12  충격음성횟수:1
17:32:12  마지막위험음성:0
17:32:12  RSSI원시:-76
17:32:12  RSSI평활:-75.9
17:32:12  RSSI샘플:16924
17:32:12  RSSI경과ms:35
17:32:12  위험송신:16923
17:32:12  시각ms:1818738
17:32:12  IMU시각ms:1818738
17:32:12  위험:0
17:32:12  원시위험:0
17:32:12  GPS유효:1
17:32:12  위도:37.496568
17:32:12  경도:126.958026
17:32:12  속도:0.00
17:32:12  방향:178.0
17:32:12  GPS원시속도:0.000
17:32:12  GPS원시방향유효:1
17:32:12  GPS원시방향:182.8
17:32:12  가속도:3.42,-1.15,9.04
17:32:12  자이로:0.2,-1.9,0.9
17:32:12  자력계:-8.100,-8.400,0.450
17:32:12  충격값:0.12
17:32:12  송신:17651
17:32:12  지팡이수신:16924
17:32:12  GPS위성:6
17:32:12  GPS_HDOP:1.40
17:32:12  원시위도:37.496567
17:32:12  원시경도:126.958027
17:32:12  GPS채택:1028
17:32:12  GPS이상치거부:24
17:32:12  GPS품질거부:84
17:32:12  GPS재기준:6
17:32:12  계산거리:13.55
17:32:12  접근속도:0.39
17:32:12  TTC:999.00
17:32:12  방향오차:108.2
17:32:12  전방여부:0
17:32:12  위험음성횟수:0
17:32:12  충격음성횟수:1
17:32:12  마지막위험음성:0
17:32:12  RSSI원시:-76
17:32:12  RSSI평활:-75.9
17:32:12  RSSI샘플:16924
17:32:12  RSSI경과ms:85
17:32:12  위험송신:16923
17:32:12  시각ms:1818793
17:32:12  IMU시각ms:1818793
17:32:12  위험:0
17:32:12  원시위험:0
17:32:12  GPS유효:1
17:32:12  위도:37.496568
17:32:12  경도:126.958026
17:32:12  속도:0.00
17:32:12  방향:178.0
17:32:12  GPS원시속도:0.000
17:32:12  GPS원시방향유효:1
17:32:12  GPS원시방향:182.8
17:32:12  가속도:3.40,-1.01,9.05
17:32:12  자이로:2.3,-0.7,1.2
17:32:12  자력계:-10.050,-8.850,1.200
17:32:12  충격값:0.06
17:32:12  송신:17652
17:32:12  지팡이수신:16925
17:32:12  GPS위성:6
17:32:12  GPS_HDOP:1.40
17:32:12  원시위도:37.496567
17:32:12  원시경도:126.958027
17:32:12  GPS채택:1028
17:32:12  GPS이상치거부:24
17:32:12  GPS품질거부:84
17:32:12  GPS재기준:6
17:32:12  계산거리:13.55
17:32:12  접근속도:0.39
17:32:12  TTC:999.00
17:32:12  방향오차:108.2
17:32:12  전방여부:0
17:32:12  위험음성횟수:0
17:32:12  충격음성횟수:1
17:32:12  마지막위험음성:0
17:32:12  RSSI원시:-74
17:32:12  RSSI평활:-75.6
17:32:12  RSSI샘플:16925
17:32:12  RSSI경과ms:33
17:32:12  위험송신:16924
17:32:13  시각ms:1818843
17:32:13  IMU시각ms:1818843
17:32:13  위험:0
17:32:13  원시위험:0
17:32:13  GPS유효:1
17:32:13  위도:37.496568
17:32:13  경도:126.958026
17:32:13  속도:0.00
17:32:13  방향:178.0
17:32:13  GPS원시속도:0.000
17:32:13  GPS원시방향유효:1
17:32:13  GPS원시방향:182.8
17:32:13  가속도:3.43,-1.14,8.92
17:32:13  자이로:0.5,-1.1,0.4
17:32:13  자력계:-9.300,-8.400,0.150
17:32:13  충격값:0.16
17:32:13  송신:17652
17:32:13  지팡이수신:16925
17:32:13  GPS위성:6
17:32:13  GPS_HDOP:1.40
17:32:13  원시위도:37.496567
17:32:13  원시경도:126.958027
17:32:13  GPS채택:1028
17:32:13  GPS이상치거부:24
17:32:13  GPS품질거부:84
17:32:13  GPS재기준:6
17:32:13  계산거리:13.55
17:32:13  접근속도:0.39
17:32:13  TTC:999.00
17:32:13  방향오차:108.2
17:32:13  전방여부:0
17:32:13  위험음성횟수:0
17:32:13  충격음성횟수:1
17:32:13  마지막위험음성:0
17:32:13  RSSI원시:-74
17:32:13  RSSI평활:-75.6
17:32:13  RSSI샘플:16925
17:32:13  RSSI경과ms:83
17:32:13  위험송신:16924
17:32:13  시각ms:1818897
17:32:13  IMU시각ms:1818897
17:32:13  위험:0
17:32:13  원시위험:0
17:32:13  GPS유효:1
17:32:13  위도:37.496568
17:32:13  경도:126.958026
17:32:13  속도:0.00
17:32:13  방향:178.0
17:32:13  GPS원시속도:0.000
17:32:13  GPS원시방향유효:1
17:32:13  GPS원시방향:182.8
17:32:13  가속도:3.35,-1.10,9.04
17:32:13  자이로:1.7,-1.7,0.2
17:32:13  자력계:-9.150,-8.250,0.000
17:32:13  충격값:0.04
17:32:13  송신:17653
17:32:13  지팡이수신:16926
17:32:13  GPS위성:6
17:32:13  GPS_HDOP:1.40
17:32:13  원시위도:37.496567
17:32:13  원시경도:126.958027
17:32:13  GPS채택:1029
17:32:13  GPS이상치거부:24
17:32:13  GPS품질거부:84
17:32:13  GPS재기준:6
17:32:13  계산거리:13.55
17:32:13  접근속도:0.39
17:32:13  TTC:999.00
17:32:13  방향오차:108.2
17:32:13  전방여부:0
17:32:13  위험음성횟수:0
17:32:13  충격음성횟수:1
17:32:13  마지막위험음성:0
17:32:13  RSSI원시:-76
17:32:13  RSSI평활:-75.6
17:32:13  RSSI샘플:16926
17:32:13  RSSI경과ms:39
17:32:13  위험송신:16925
17:32:13  시각ms:1818947
17:32:13  IMU시각ms:1818947
17:32:13  위험:0
17:32:13  원시위험:0
17:32:13  GPS유효:1
17:32:13  위도:37.496568
17:32:13  경도:126.958026
17:32:13  속도:0.00
17:32:13  방향:178.0
17:32:13  GPS원시속도:0.000
17:32:13  GPS원시방향유효:1
17:32:13  GPS원시방향:182.8
17:32:13  가속도:3.43,-1.12,9.08
17:32:13  자이로:1.6,-0.8,-1.2
17:32:13  자력계:-8.550,-8.850,0.150
17:32:13  충격값:0.09
17:32:13  송신:17653
17:32:13  지팡이수신:16926
17:32:13  GPS위성:6
17:32:13  GPS_HDOP:1.40
17:32:13  원시위도:37.496567
17:32:13  원시경도:126.958027
17:32:13  GPS채택:1029
17:32:13  GPS이상치거부:24
17:32:13  GPS품질거부:84
17:32:13  GPS재기준:6
17:32:13  계산거리:13.55
17:32:13  접근속도:0.39
17:32:13  TTC:999.00
17:32:13  방향오차:108.2
17:32:13  전방여부:0
17:32:13  위험음성횟수:0
17:32:13  충격음성횟수:1
17:32:13  마지막위험음성:0
17:32:13  RSSI원시:-76
17:32:13  RSSI평활:-75.6
17:32:13  RSSI샘플:16926
17:32:13  RSSI경과ms:89
17:32:13  위험송신:16925
17:32:13  시각ms:1819001
17:32:13  IMU시각ms:1819001
17:32:13  위험:0
17:32:13  원시위험:0
17:32:13  GPS유효:1
17:32:13  위도:37.496568
17:32:13  경도:126.958026
17:32:13  속도:0.00
17:32:13  방향:178.0
17:32:13  GPS원시속도:0.000
17:32:13  GPS원시방향유효:1
17:32:13  GPS원시방향:182.8
17:32:13  가속도:3.43,-1.07,9.05
17:32:13  자이로:0.8,4.2,-1.5
17:32:13  자력계:-7.500,-9.000,1.800
17:32:13  충격값:0.06
17:32:13  송신:17654
17:32:13  지팡이수신:16927
17:32:13  GPS위성:6
17:32:13  GPS_HDOP:1.40
17:32:13  원시위도:37.496567
17:32:13  원시경도:126.958027
17:32:13  GPS채택:1029
17:32:13  GPS이상치거부:24
17:32:13  GPS품질거부:84
17:32:13  GPS재기준:6
17:32:13  계산거리:13.56
17:32:13  접근속도:0.39
17:32:13  TTC:999.00
17:32:13  방향오차:108.2
17:32:13  전방여부:0
17:32:13  위험음성횟수:0
17:32:13  충격음성횟수:1
17:32:13  마지막위험음성:0
17:32:13  RSSI원시:-75
17:32:13  RSSI평활:-75.5
17:32:13  RSSI샘플:16927
17:32:13  RSSI경과ms:40
17:32:13  위험송신:16926
17:32:13  시각ms:1819167
17:32:13  IMU시각ms:1819167
17:32:13  위험:0
17:32:13  원시위험:0
17:32:13  GPS유효:1
17:32:13  위도:37.496568
17:32:13  경도:126.958026
17:32:13  속도:0.00
17:32:13  방향:178.0
17:32:13  GPS원시속도:0.000
17:32:13  GPS원시방향유효:1
17:32:13  GPS원시방향:182.8
17:32:13  가속도:3.45,-1.10,8.85
17:32:13  자이로:-0.4,-2.8,-0.4
17:32:13  자력계:-8.550,-7.650,-0.450
17:32:13  충격값:0.20
17:32:13  송신:17655
17:32:13  지팡이수신:16928
17:32:13  GPS위성:6
17:32:13  GPS_HDOP:1.40
17:32:13  원시위도:37.496567
17:32:13  원시경도:126.958027
17:32:13  GPS채택:1029
17:32:13  GPS이상치거부:24
17:32:13  GPS품질거부:84
17:32:13  GPS재기준:6
17:32:13  계산거리:13.56
17:32:13  접근속도:0.27
17:32:13  TTC:999.00
17:32:13  방향오차:108.2
17:32:13  전방여부:0
17:32:13  위험음성횟수:0
17:32:13  충격음성횟수:1
17:32:13  마지막위험음성:0
17:32:13  RSSI원시:-77
17:32:13  RSSI평활:-75.8
17:32:13  RSSI샘플:16928
17:32:13  RSSI경과ms:92
17:32:13  위험송신:16927
17:32:13  시각ms:1819285
17:32:13  IMU시각ms:1819273
17:32:13  위험:0
17:32:13  원시위험:0
17:32:13  GPS유효:1
17:32:13  위도:37.496568
17:32:13  경도:126.958026
17:32:13  속도:0.00
17:32:13  방향:178.0
17:32:13  GPS원시속도:0.000
17:32:13  GPS원시방향유효:1
17:32:13  GPS원시방향:182.8
17:32:13  가속도:3.35,-1.08,9.12
17:32:13  자이로:0.2,0.4,-1.3
17:32:13  자력계:-9.450,-9.000,1.050
17:32:13  충격값:0.11
17:32:13  송신:17656
17:32:13  지팡이수신:16930
17:32:13  GPS위성:6
17:32:13  GPS_HDOP:1.40
17:32:13  원시위도:37.496567
17:32:13  원시경도:126.958027
17:32:13  GPS채택:1030
17:32:13  GPS이상치거부:24
17:32:13  GPS품질거부:84
17:32:13  GPS재기준:6
17:32:13  계산거리:13.57
17:32:13  접근속도:0.27
17:32:13  TTC:999.00
17:32:13  방향오차:108.2
17:32:13  전방여부:0
17:32:13  위험음성횟수:0
17:32:13  충격음성횟수:1
17:32:13  마지막위험음성:0
17:32:13  RSSI원시:-74
17:32:13  RSSI평활:-75.5
17:32:13  RSSI샘플:16930
17:32:13  RSSI경과ms:17
17:32:13  위험송신:16929
17:32:13  시각ms:1819386
17:32:13  IMU시각ms:1819386
17:32:13  위험:0
17:32:13  원시위험:0
17:32:13  GPS유효:1
17:32:13  위도:37.496568
17:32:13  경도:126.958026
17:32:13  속도:0.00
17:32:13  방향:178.0
17:32:13  GPS원시속도:0.000
17:32:13  GPS원시방향유효:1
17:32:13  GPS원시방향:182.8
17:32:13  가속도:3.42,-1.18,9.09
17:32:13  자이로:1.3,0.4,0.0
17:32:13  자력계:-10.050,-8.850,0.150
17:32:13  충격값:0.13
17:32:13  송신:17657
17:32:13  지팡이수신:16930
17:32:13  GPS위성:6
17:32:13  GPS_HDOP:1.40
17:32:13  원시위도:37.496567
17:32:13  원시경도:126.958027
17:32:13  GPS채택:1030
17:32:13  GPS이상치거부:24
17:32:13  GPS품질거부:84
17:32:13  GPS재기준:6
17:32:13  계산거리:13.57
17:32:13  접근속도:0.27
17:32:13  TTC:999.00
17:32:13  방향오차:108.2
17:32:13  전방여부:0
17:32:13  위험음성횟수:0
17:32:13  충격음성횟수:1
17:32:13  마지막위험음성:0
17:32:13  RSSI원시:-74
17:32:13  RSSI평활:-75.5
17:32:13  RSSI샘플:16930
17:32:13  RSSI경과ms:118
17:32:13  위험송신:16929
17:32:13  시각ms:1819494
17:32:13  IMU시각ms:1819494
17:32:13  위험:0
17:32:13  원시위험:0
17:32:13  GPS유효:1
17:32:13  위도:37.496568
17:32:13  경도:126.958026
17:32:13  속도:0.00
17:32:13  방향:178.0
17:32:13  GPS원시속도:0.000
17:32:13  GPS원시방향유효:1
17:32:13  GPS원시방향:182.8
17:32:13  가속도:3.33,-1.10,8.95
17:32:13  자이로:-2.6,-1.2,0.3
17:32:13  자력계:-9.300,-9.150,0.150
17:32:13  충격값:0.10
17:32:13  송신:17658
17:32:13  지팡이수신:16932
17:32:13  GPS위성:6
17:32:13  GPS_HDOP:1.40
17:32:13  원시위도:37.496567
17:32:13  원시경도:126.958027
17:32:13  GPS채택:1030
17:32:13  GPS이상치거부:24
17:32:13  GPS품질거부:84
17:32:13  GPS재기준:6
17:32:13  계산거리:13.57
17:32:13  접근속도:0.27
17:32:13  TTC:999.00
17:32:13  방향오차:108.2
17:32:13  전방여부:0
17:32:13  위험음성횟수:0
17:32:13  충격음성횟수:1
17:32:13  마지막위험음성:0
17:32:13  RSSI원시:-76
17:32:13  RSSI평활:-75.7
17:32:13  RSSI샘플:16932
17:32:13  RSSI경과ms:30
17:32:13  위험송신:16931
17:32:13  시각ms:1819544
17:32:13  IMU시각ms:1819544
17:32:13  위험:0
17:32:13  원시위험:0
17:32:13  GPS유효:1
17:32:13  위도:37.496568
17:32:13  경도:126.958026
17:32:13  속도:0.00
17:32:13  방향:178.0
17:32:13  GPS원시속도:0.000
17:32:13  GPS원시방향유효:1
17:32:13  GPS원시방향:182.8
17:32:13  가속도:3.36,-1.02,8.97
17:32:13  자이로:-1.6,0.3,-3.9
17:32:13  자력계:-8.550,-7.200,0.450
17:32:13  충격값:0.08
17:32:13  송신:17659
17:32:13  지팡이수신:16932
17:32:13  GPS위성:6
17:32:13  GPS_HDOP:1.40
17:32:13  원시위도:37.496567
17:32:13  원시경도:126.958027
17:32:13  GPS채택:1030
17:32:13  GPS이상치거부:24
17:32:13  GPS품질거부:84
17:32:13  GPS재기준:6
17:32:13  계산거리:13.57
17:32:13  접근속도:0.27
17:32:13  TTC:999.00
17:32:13  방향오차:108.2
17:32:13  전방여부:0
17:32:13  위험음성횟수:0
17:32:13  충격음성횟수:1
17:32:13  마지막위험음성:0
17:32:13  RSSI원시:-76
17:32:13  RSSI평활:-75.7
17:32:13  RSSI샘플:16932
17:32:13  RSSI경과ms:80
17:32:13  위험송신:16931
17:32:13  시각ms:1819599
17:32:13  IMU시각ms:1819599
17:32:13  위험:0
17:32:13  원시위험:0
17:32:13  GPS유효:1
17:32:13  위도:37.496568
17:32:13  경도:126.958026
17:32:13  속도:0.00
17:32:13  방향:178.0
17:32:13  GPS원시속도:0.000
17:32:13  GPS원시방향유효:1
17:32:13  GPS원시방향:182.8
17:32:13  가속도:3.52,-1.16,9.08
17:32:13  자이로:1.8,-2.3,0.6
17:32:13  자력계:-7.950,-9.450,0.300
17:32:13  충격값:0.17
17:32:13  송신:17659
17:32:13  지팡이수신:16933
17:32:13  GPS위성:6
17:32:13  GPS_HDOP:1.40
17:32:13  원시위도:37.496567
17:32:13  원시경도:126.958027
17:32:13  GPS채택:1030
17:32:13  GPS이상치거부:24
17:32:13  GPS품질거부:84
17:32:13  GPS재기준:6
17:32:13  계산거리:13.57
17:32:13  접근속도:0.18
17:32:13  TTC:999.00
17:32:13  방향오차:108.2
17:32:13  전방여부:0
17:32:13  위험음성횟수:0
17:32:13  충격음성횟수:1
17:32:13  마지막위험음성:0
17:32:13  RSSI원시:-78
17:32:13  RSSI평활:-76.1
17:32:13  RSSI샘플:16933
17:32:13  RSSI경과ms:25
17:32:13  위험송신:16932
17:32:13  시각ms:1819649
17:32:13  IMU시각ms:1819649
17:32:13  위험:0
17:32:13  원시위험:0
17:32:13  GPS유효:1
17:32:13  위도:37.496568
17:32:13  경도:126.958026
17:32:13  속도:0.00
17:32:13  방향:178.0
17:32:13  GPS원시속도:0.000
17:32:13  GPS원시방향유효:1
17:32:13  GPS원시방향:182.8
17:32:13  가속도:3.25,-1.02,9.12
17:32:13  자이로:-0.3,2.4,-0.1
17:32:13  자력계:-8.850,-8.850,-0.900
17:32:13  충격값:0.17
17:32:13  송신:17660
17:32:13  지팡이수신:16933
17:32:13  GPS위성:6
17:32:13  GPS_HDOP:1.40
17:32:13  원시위도:37.496567
17:32:13  원시경도:126.958027
17:32:13  GPS채택:1030
17:32:13  GPS이상치거부:24
17:32:13  GPS품질거부:84
17:32:13  GPS재기준:6
17:32:13  계산거리:13.57
17:32:13  접근속도:0.18
17:32:13  TTC:999.00
17:32:13  방향오차:108.2
17:32:13  전방여부:0
17:32:13  위험음성횟수:0
17:32:13  충격음성횟수:1
17:32:13  마지막위험음성:0
17:32:13  RSSI원시:-78
17:32:13  RSSI평활:-76.1
17:32:13  RSSI샘플:16933
17:32:13  RSSI경과ms:75
17:32:13  위험송신:16932
17:32:13  시각ms:1819704
17:32:13  IMU시각ms:1819704
17:32:13  위험:0
17:32:13  원시위험:0
17:32:13  GPS유효:1
17:32:13  위도:37.496568
17:32:13  경도:126.958026
17:32:13  속도:0.00
17:32:13  방향:178.0
17:32:13  GPS원시속도:0.000
17:32:13  GPS원시방향유효:1
17:32:13  GPS원시방향:182.8
17:32:13  가속도:3.41,-1.07,8.97
17:32:13  자이로:-0.4,-1.2,1.4
17:32:13  자력계:-8.550,-7.650,0.450
17:32:13  충격값:0.07
17:32:13  송신:17660
17:32:13  지팡이수신:16934
17:32:13  GPS위성:6
17:32:13  GPS_HDOP:1.40
17:32:13  원시위도:37.496567
17:32:13  원시경도:126.958027
17:32:13  GPS채택:1030
17:32:13  GPS이상치거부:24
17:32:13  GPS품질거부:84
17:32:13  GPS재기준:6
17:32:13  계산거리:13.57
17:32:13  접근속도:0.18
17:32:13  TTC:999.00
17:32:13  방향오차:108.2
17:32:13  전방여부:0
17:32:13  위험음성횟수:0
17:32:13  충격음성횟수:1
17:32:13  마지막위험음성:0
17:32:13  RSSI원시:-76
17:32:13  RSSI평활:-76.1
17:32:13  RSSI샘플:16934
17:32:13  RSSI경과ms:26
17:32:13  위험송신:16933
17:32:13  시각ms:1819754
17:32:13  IMU시각ms:1819754
17:32:13  위험:0
17:32:13  원시위험:0
17:32:13  GPS유효:1
17:32:13  위도:37.496568
17:32:13  경도:126.958026
17:32:13  속도:0.00
17:32:13  방향:178.0
17:32:13  GPS원시속도:0.000
17:32:13  GPS원시방향유효:1
17:32:13  GPS원시방향:182.8
17:32:13  가속도:3.36,-1.13,9.08
17:32:13  자이로:-0.2,-0.4,-1.0
17:32:13  자력계:-9.300,-10.350,0.450
17:32:13  충격값:0.08
17:32:13  송신:17661
17:32:13  지팡이수신:16934
17:32:13  GPS위성:6
17:32:13  GPS_HDOP:1.40
17:32:13  원시위도:37.496567
17:32:13  원시경도:126.958027
17:32:13  GPS채택:1030
17:32:13  GPS이상치거부:24
17:32:13  GPS품질거부:84
17:32:13  GPS재기준:6
17:32:13  계산거리:13.57
17:32:13  접근속도:0.18
17:32:13  TTC:999.00
17:32:13  방향오차:108.2
17:32:13  전방여부:0
17:32:13  위험음성횟수:0
17:32:13  충격음성횟수:1
17:32:13  마지막위험음성:0
17:32:13  RSSI원시:-76
17:32:13  RSSI평활:-76.1
17:32:13  RSSI샘플:16934
17:32:13  RSSI경과ms:76
17:32:13  위험송신:16933
17:32:14  시각ms:1819809
17:32:14  IMU시각ms:1819809
17:32:14  위험:0
17:32:14  원시위험:0
17:32:14  GPS유효:1
17:32:14  위도:37.496568
17:32:14  경도:126.958026
17:32:14  속도:0.00
17:32:14  방향:178.0
17:32:14  GPS원시속도:0.000
17:32:14  GPS원시방향유효:1
17:32:14  GPS원시방향:182.8
17:32:14  가속도:3.39,-1.11,8.94
17:32:14  자이로:1.6,-1.7,-3.5
17:32:14  자력계:-9.150,-9.000,-0.300
17:32:14  충격값:0.09
17:32:14  송신:17661
17:32:14  지팡이수신:16935
17:32:14  GPS위성:6
17:32:14  GPS_HDOP:1.40
17:32:14  원시위도:37.496567
17:32:14  원시경도:126.958027
17:32:14  GPS채택:1030
17:32:14  GPS이상치거부:24
17:32:14  GPS품질거부:84
17:32:14  GPS재기준:6
17:32:14  계산거리:13.57
17:32:14  접근속도:0.18
17:32:14  TTC:999.00
17:32:14  방향오차:108.2
17:32:14  전방여부:0
17:32:14  위험음성횟수:0
17:32:14  충격음성횟수:1
17:32:14  마지막위험음성:0
17:32:14  RSSI원시:-75
17:32:14  RSSI평활:-75.9
17:32:14  RSSI샘플:16935
17:32:14  RSSI경과ms:28
17:32:14  위험송신:16934
17:32:14  시각ms:1819860
17:32:14  IMU시각ms:1819860
17:32:14  위험:0
17:32:14  원시위험:0
17:32:14  GPS유효:1
17:32:14  위도:37.496568
17:32:14  경도:126.958026
17:32:14  속도:0.00
17:32:14  방향:178.0
17:32:14  GPS원시속도:0.000
17:32:14  GPS원시방향유효:1
17:32:14  GPS원시방향:182.8
17:32:14  가속도:3.45,-1.02,9.01
17:32:14  자이로:-0.3,-1.4,-1.4
17:32:14  자력계:-9.300,-7.950,-1.650
17:32:14  충격값:0.09
17:32:14  송신:17662
17:32:14  지팡이수신:16935
17:32:14  GPS위성:6
17:32:14  GPS_HDOP:1.40
17:32:14  원시위도:37.496567
17:32:14  원시경도:126.958027
17:32:14  GPS채택:1030
17:32:14  GPS이상치거부:24
17:32:14  GPS품질거부:84
17:32:14  GPS재기준:6
17:32:14  계산거리:13.57
17:32:14  접근속도:0.18
17:32:14  TTC:999.00
17:32:14  방향오차:108.2
17:32:14  전방여부:0
17:32:14  위험음성횟수:0
17:32:14  충격음성횟수:1
17:32:14  마지막위험음성:0
17:32:14  RSSI원시:-75
17:32:14  RSSI평활:-75.9
17:32:14  RSSI샘플:16935
17:32:14  RSSI경과ms:79
17:32:14  위험송신:16934
17:32:14  시각ms:1819910
17:32:14  IMU시각ms:1819910
17:32:14  위험:0
17:32:14  원시위험:0
17:32:14  GPS유효:1
17:32:14  위도:37.496568
17:32:14  경도:126.958026
17:32:14  속도:0.00
17:32:14  방향:178.0
17:32:14  GPS원시속도:0.000
17:32:14  GPS원시방향유효:1
17:32:14  GPS원시방향:182.8
17:32:14  가속도:3.41,-1.17,8.95
17:32:14  자이로:0.6,-3.7,1.0
17:32:14  자력계:-9.150,-10.200,1.050
17:32:14  충격값:0.10
17:32:14  송신:17662
17:32:14  지팡이수신:16935
17:32:14  GPS위성:6
17:32:14  GPS_HDOP:1.40
17:32:14  원시위도:37.496567
17:32:14  원시경도:126.958027
17:32:14  GPS채택:1031
17:32:14  GPS이상치거부:24
17:32:14  GPS품질거부:84
17:32:14  GPS재기준:6
17:32:14  계산거리:13.57
17:32:14  접근속도:0.18
17:32:14  TTC:999.00
17:32:14  방향오차:108.2
17:32:14  전방여부:0
17:32:14  위험음성횟수:0
17:32:14  충격음성횟수:1
17:32:14  마지막위험음성:0
17:32:14  RSSI원시:-75
17:32:14  RSSI평활:-75.9
17:32:14  RSSI샘플:16935
17:32:14  RSSI경과ms:129
17:32:14  위험송신:16934
17:32:14  시각ms:1819964
17:32:14  IMU시각ms:1819964
17:32:14  위험:0
17:32:14  원시위험:0
17:32:14  GPS유효:1
17:32:14  위도:37.496568
17:32:14  경도:126.958026
17:32:14  속도:0.00
17:32:14  방향:178.0
17:32:14  GPS원시속도:0.000
17:32:14  GPS원시방향유효:1
17:32:14  GPS원시방향:182.8
17:32:14  가속도:3.55,-1.18,9.06
17:32:14  자이로:0.9,0.5,-0.2
17:32:14  자력계:-8.400,-9.450,1.050
17:32:14  충격값:0.16
17:32:14  송신:17663
17:32:14  지팡이수신:16936
17:32:14  GPS위성:6
17:32:14  GPS_HDOP:1.40
17:32:14  원시위도:37.496567
17:32:14  원시경도:126.958027
17:32:14  GPS채택:1031
17:32:14  GPS이상치거부:24
17:32:14  GPS품질거부:84
17:32:14  GPS재기준:6
17:32:14  계산거리:13.58
17:32:14  접근속도:0.18
17:32:14  TTC:999.00
17:32:14  방향오차:108.2
17:32:14  전방여부:0
17:32:14  위험음성횟수:0
17:32:14  충격음성횟수:1
17:32:14  마지막위험음성:0
17:32:14  RSSI원시:-76
17:32:14  RSSI평활:-75.9
17:32:14  RSSI샘플:16936
17:32:14  RSSI경과ms:45
17:32:14  위험송신:16935
17:32:14  시각ms:1820019
17:32:14  IMU시각ms:1820019
17:32:14  위험:0
17:32:14  원시위험:0
17:32:14  GPS유효:1
17:32:14  위도:37.496568
17:32:14  경도:126.958026
17:32:14  속도:0.00
17:32:14  방향:178.0
17:32:14  GPS원시속도:0.000
17:32:14  GPS원시방향유효:1
17:32:14  GPS원시방향:182.8
17:32:14  가속도:3.55,-1.11,9.00
17:32:14  자이로:2.6,-3.6,0.3
17:32:14  자력계:-10.200,-10.200,0.000
17:32:14  충격값:0.12
17:32:14  송신:17663
17:32:14  지팡이수신:16937
17:32:14  GPS위성:6
17:32:14  GPS_HDOP:1.40
17:32:14  원시위도:37.496567
17:32:14  원시경도:126.958027
17:32:14  GPS채택:1031
17:32:14  GPS이상치거부:24
17:32:14  GPS품질거부:84
17:32:14  GPS재기준:6
17:32:14  계산거리:13.58
17:32:14  접근속도:0.18
17:32:14  TTC:999.00
17:32:14  방향오차:108.2
17:32:14  전방여부:0
17:32:14  위험음성횟수:0
17:32:14  충격음성횟수:1
17:32:14  마지막위험음성:0
17:32:14  RSSI원시:-75
17:32:14  RSSI평활:-75.7
17:32:14  RSSI샘플:16937
17:32:14  RSSI경과ms:40
17:32:14  위험송신:16936
17:32:14  시각ms:1820074
17:32:14  IMU시각ms:1820074
17:32:14  위험:0
17:32:14  원시위험:0
17:32:14  GPS유효:1
17:32:14  위도:37.496568
17:32:14  경도:126.958026
17:32:14  속도:0.00
17:32:14  방향:178.0
17:32:14  GPS원시속도:0.000
17:32:14  GPS원시방향유효:1
17:32:14  GPS원시방향:182.8
17:32:14  가속도:3.53,-1.23,8.92
17:32:14  자이로:1.1,3.5,1.0
17:32:14  자력계:-7.800,-8.850,0.150
17:32:14  충격값:0.18
17:32:14  송신:17664
17:32:14  지팡이수신:16937
17:32:14  GPS위성:6
17:32:14  GPS_HDOP:1.40
17:32:14  원시위도:37.496567
17:32:14  원시경도:126.958027
17:32:14  GPS채택:1032
17:32:14  GPS이상치거부:24
17:32:14  GPS품질거부:84
17:32:14  GPS재기준:6
17:32:14  계산거리:13.58
17:32:14  접근속도:0.18
17:32:14  TTC:999.00
17:32:14  방향오차:108.2
17:32:14  전방여부:0
17:32:14  위험음성횟수:0
17:32:14  충격음성횟수:1
17:32:14  마지막위험음성:0
17:32:14  RSSI원시:-75
17:32:14  RSSI평활:-75.7
17:32:14  RSSI샘플:16937
17:32:14  RSSI경과ms:95
17:32:14  위험송신:16936
17:32:14  시각ms:1820394
17:32:14  IMU시각ms:1820382
17:32:14  위험:0
17:32:14  원시위험:0
17:32:14  GPS유효:1
17:32:14  위도:37.496568
17:32:14  경도:126.958026
17:32:14  속도:0.00
17:32:14  방향:178.0
17:32:14  GPS원시속도:0.000
17:32:14  GPS원시방향유효:1
17:32:14  GPS원시방향:182.8
17:32:14  가속도:3.55,-1.14,8.99
17:32:14  자이로:2.6,1.3,3.0
17:32:14  자력계:-8.400,-9.000,0.000
17:32:14  충격값:0.07
17:32:14  송신:17667
17:32:14  지팡이수신:16941
17:32:14  GPS위성:6
17:32:14  GPS_HDOP:1.40
17:32:14  원시위도:37.496567
17:32:14  원시경도:126.958027
17:32:14  GPS채택:1032
17:32:14  GPS이상치거부:24
17:32:14  GPS품질거부:84
17:32:14  GPS재기준:6
17:32:14  계산거리:13.47
17:32:14  접근속도:0.18
17:32:14  TTC:999.00
17:32:14  방향오차:106.6
17:32:14  전방여부:0
17:32:14  위험음성횟수:0
17:32:14  충격음성횟수:1
17:32:14  마지막위험음성:0
17:32:14  RSSI원시:-75
17:32:14  RSSI평활:-75.5
17:32:14  RSSI샘플:16941
17:32:14  RSSI경과ms:12
17:32:14  위험송신:16940
17:32:14  시각ms:1820444
17:32:14  IMU시각ms:1820444
17:32:14  위험:0
17:32:14  원시위험:0
17:32:14  GPS유효:1
17:32:14  위도:37.496568
17:32:14  경도:126.958026
17:32:14  속도:0.00
17:32:14  방향:178.0
17:32:14  GPS원시속도:0.000
17:32:14  GPS원시방향유효:1
17:32:14  GPS원시방향:182.8
17:32:14  가속도:3.55,-1.17,8.92
17:32:14  자이로:0.9,0.6,-0.9
17:32:14  자력계:-7.500,-8.250,0.000
17:32:14  충격값:0.10
17:32:14  송신:17667
17:32:14  지팡이수신:16941
17:32:14  GPS위성:6
17:32:14  GPS_HDOP:1.40
17:32:14  원시위도:37.496567
17:32:14  원시경도:126.958027
17:32:14  GPS채택:1032
17:32:14  GPS이상치거부:24
17:32:14  GPS품질거부:84
17:32:14  GPS재기준:6
17:32:14  계산거리:13.47
17:32:14  접근속도:0.18
17:32:14  TTC:999.00
17:32:14  방향오차:106.6
17:32:14  전방여부:0
17:32:14  위험음성횟수:0
17:32:14  충격음성횟수:1
17:32:14  마지막위험음성:0
17:32:14  RSSI원시:-75
17:32:14  RSSI평활:-75.5
17:32:14  RSSI샘플:16941
17:32:14  RSSI경과ms:62
17:32:14  위험송신:16940
17:32:14  시각ms:1820611
17:32:14  IMU시각ms:1820599
17:32:14  위험:0
17:32:14  원시위험:0
17:32:14  GPS유효:1
17:32:14  위도:37.496568
17:32:14  경도:126.958026
17:32:14  속도:0.00
17:32:14  방향:178.0
17:32:14  GPS원시속도:0.000
17:32:14  GPS원시방향유효:1
17:32:14  GPS원시방향:182.8
17:32:14  가속도:3.50,-1.07,9.06
17:32:14  자이로:2.8,-2.2,-0.1
17:32:14  자력계:-8.400,-7.800,0.750
17:32:14  충격값:0.11
17:32:14  송신:17669
17:32:14  지팡이수신:16943
17:32:14  GPS위성:6
17:32:14  GPS_HDOP:1.40
17:32:14  원시위도:37.496567
17:32:14  원시경도:126.958027
17:32:14  GPS채택:1032
17:32:14  GPS이상치거부:24
17:32:14  GPS품질거부:84
17:32:14  GPS재기준:6
17:32:14  계산거리:13.47
17:32:14  접근속도:0.13
17:32:14  TTC:999.00
17:32:14  방향오차:106.6
17:32:14  전방여부:0
17:32:14  위험음성횟수:0
17:32:14  충격음성횟수:1
17:32:14  마지막위험음성:0
17:32:14  RSSI원시:-79
17:32:14  RSSI평활:-76.5
17:32:14  RSSI샘플:16943
17:32:14  RSSI경과ms:18
17:32:14  위험송신:16942
17:32:14  시각ms:1820661
17:32:14  IMU시각ms:1820661
17:32:14  위험:0
17:32:14  원시위험:0
17:32:14  GPS유효:1
17:32:14  위도:37.496568
17:32:14  경도:126.958026
17:32:14  속도:0.00
17:32:14  방향:178.0
17:32:14  GPS원시속도:0.000
17:32:14  GPS원시방향유효:1
17:32:14  GPS원시방향:182.8
17:32:14  가속도:3.49,-1.23,9.02
17:32:14  자이로:-0.2,1.2,-2.7
17:32:14  자력계:-7.950,-8.250,0.000
17:32:14  충격값:0.09
17:32:14  송신:17669
17:32:14  지팡이수신:16943
17:32:14  GPS위성:6
17:32:14  GPS_HDOP:1.40
17:32:14  원시위도:37.496567
17:32:14  원시경도:126.958027
17:32:14  GPS채택:1032
17:32:14  GPS이상치거부:24
17:32:14  GPS품질거부:84
17:32:14  GPS재기준:6
17:32:14  계산거리:13.47
17:32:14  접근속도:0.13
17:32:14  TTC:999.00
17:32:14  방향오차:106.6
17:32:14  전방여부:0
17:32:14  위험음성횟수:0
17:32:14  충격음성횟수:1
17:32:14  마지막위험음성:0
17:32:14  RSSI원시:-79
17:32:14  RSSI평활:-76.5
17:32:14  RSSI샘플:16943
17:32:14  RSSI경과ms:68
17:32:14  위험송신:16942
17:32:14  시각ms:1820712
17:32:14  IMU시각ms:1820712
17:32:14  위험:0
17:32:14  원시위험:0
17:32:14  GPS유효:1
17:32:14  위도:37.496568
17:32:14  경도:126.958026
17:32:14  속도:0.00
17:32:14  방향:178.0
17:32:14  GPS원시속도:0.000
17:32:14  GPS원시방향유효:1
17:32:14  GPS원시방향:182.8
17:32:14  가속도:3.46,-1.17,8.94
17:32:14  자이로:2.0,1.4,-0.1
17:32:14  자력계:-9.150,-8.550,0.000
17:32:14  충격값:0.07
17:32:14  송신:17670
17:32:14  지팡이수신:16943
17:32:14  GPS위성:6
17:32:14  GPS_HDOP:1.40
17:32:14  원시위도:37.496567
17:32:14  원시경도:126.958027
17:32:14  GPS채택:1032
17:32:14  GPS이상치거부:24
17:32:14  GPS품질거부:84
17:32:14  GPS재기준:6
17:32:14  계산거리:13.47
17:32:14  접근속도:0.13
17:32:14  TTC:999.00
17:32:14  방향오차:106.6
17:32:14  전방여부:0
17:32:14  위험음성횟수:0
17:32:14  충격음성횟수:1
17:32:14  마지막위험음성:0
17:32:14  RSSI원시:-79
17:32:14  RSSI평활:-76.5
17:32:14  RSSI샘플:16943
17:32:14  RSSI경과ms:119
17:32:14  위험송신:16942
17:32:14  시각ms:1820762
17:32:14  IMU시각ms:1820762
17:32:14  위험:0
17:32:14  원시위험:0
17:32:14  GPS유효:1
17:32:14  위도:37.496568
17:32:14  경도:126.958026
17:32:14  속도:0.00
17:32:14  방향:178.0
17:32:14  GPS원시속도:0.000
17:32:14  GPS원시방향유효:1
17:32:14  GPS원시방향:182.8
17:32:14  가속도:3.50,-1.25,8.98
17:32:14  자이로:0.3,3.1,-3.0
17:32:14  자력계:-8.700,-8.550,0.300
17:32:14  충격값:0.10
17:32:14  송신:17670
17:32:14  지팡이수신:16943
17:32:14  GPS위성:6
17:32:14  GPS_HDOP:1.40
17:32:14  원시위도:37.496567
17:32:14  원시경도:126.958027
17:32:14  GPS채택:1032
17:32:14  GPS이상치거부:24
17:32:14  GPS품질거부:84
17:32:14  GPS재기준:6
17:32:14  계산거리:13.47
17:32:14  접근속도:0.13
17:32:14  TTC:999.00
17:32:14  방향오차:106.6
17:32:14  전방여부:0
17:32:14  위험음성횟수:0
17:32:14  충격음성횟수:1
17:32:14  마지막위험음성:0
17:32:14  RSSI원시:-79
17:32:14  RSSI평활:-76.5
17:32:14  RSSI샘플:16943
17:32:14  RSSI경과ms:169
17:32:14  위험송신:16942
17:32:14  시각ms:1820818
17:32:14  IMU시각ms:1820818
17:32:14  위험:0
17:32:14  원시위험:0
17:32:14  GPS유효:1
17:32:14  위도:37.496568
17:32:14  경도:126.958026
17:32:14  속도:0.00
17:32:14  방향:178.0
17:32:14  GPS원시속도:0.000
17:32:14  GPS원시방향유효:1
17:32:14  GPS원시방향:182.8
17:32:14  가속도:3.49,-1.16,8.93
17:32:14  자이로:0.4,-0.3,2.1
17:32:14  자력계:-8.550,-8.400,0.150
17:32:14  충격값:0.06
17:32:14  송신:17671
17:32:14  지팡이수신:16944
17:32:14  GPS위성:6
17:32:14  GPS_HDOP:1.40
17:32:14  원시위도:37.496567
17:32:14  원시경도:126.958027
17:32:14  GPS채택:1032
17:32:14  GPS이상치거부:24
17:32:14  GPS품질거부:84
17:32:14  GPS재기준:6
17:32:14  계산거리:13.47
17:32:14  접근속도:0.13
17:32:14  TTC:999.00
17:32:14  방향오차:106.6
17:32:14  전방여부:0
17:32:14  위험음성횟수:0
17:32:14  충격음성횟수:1
17:32:14  마지막위험음성:0
17:32:14  RSSI원시:-77
17:32:14  RSSI평활:-76.6
17:32:14  RSSI샘플:16944
17:32:14  RSSI경과ms:23
17:32:14  위험송신:16943
17:32:15  시각ms:1821186
17:32:15  IMU시각ms:1821186
17:32:15  위험:0
17:32:15  원시위험:0
17:32:15  GPS유효:1
17:32:15  위도:37.496568
17:32:15  경도:126.958026
17:32:15  속도:0.00
17:32:15  방향:178.0
17:32:15  GPS원시속도:0.000
17:32:15  GPS원시방향유효:1
17:32:15  GPS원시방향:182.8
17:32:15  가속도:3.58,-1.24,8.86
17:32:15  자이로:-0.4,0.7,-1.3
17:32:15  자력계:-10.050,-8.400,0.150
17:32:15  충격값:0.12
17:32:15  송신:17674
17:32:15  지팡이수신:16946
17:32:15  GPS위성:6
17:32:15  GPS_HDOP:1.40
17:32:15  원시위도:37.496567
17:32:15  원시경도:126.958027
17:32:15  GPS채택:1034
17:32:15  GPS이상치거부:24
17:32:15  GPS품질거부:84
17:32:15  GPS재기준:6
17:32:15  계산거리:13.48
17:32:15  접근속도:0.08
17:32:15  TTC:999.00
17:32:15  방향오차:106.6
17:32:15  전방여부:0
17:32:15  위험음성횟수:0
17:32:15  충격음성횟수:1
17:32:15  마지막위험음성:0
17:32:15  RSSI원시:-76
17:32:15  RSSI평활:-76.5
17:32:15  RSSI샘플:16946
17:32:15  RSSI경과ms:87
17:32:15  위험송신:16945
17:32:15  시각ms:1821242
17:32:15  IMU시각ms:1821230
17:32:15  위험:0
17:32:15  원시위험:0
17:32:15  GPS유효:1
17:32:15  위도:37.496568
17:32:15  경도:126.958026
17:32:15  속도:0.00
17:32:15  방향:178.0
17:32:15  GPS원시속도:0.000
17:32:15  GPS원시방향유효:1
17:32:15  GPS원시방향:182.8
17:32:15  가속도:3.55,-1.04,8.97
17:32:15  자이로:-1.2,2.5,-1.8
17:32:15  자력계:-8.550,-7.950,-0.150
17:32:15  충격값:0.13
17:32:15  송신:17675
17:32:15  지팡이수신:16947
17:32:15  GPS위성:6
17:32:15  GPS_HDOP:1.40
17:32:15  원시위도:37.496567
17:32:15  원시경도:126.958027
17:32:15  GPS채택:1034
17:32:15  GPS이상치거부:24
17:32:15  GPS품질거부:84
17:32:15  GPS재기준:6
17:32:15  계산거리:13.48
17:32:15  접근속도:0.08
17:32:15  TTC:999.00
17:32:15  방향오차:106.6
17:32:15  전방여부:0
17:32:15  위험음성횟수:0
17:32:15  충격음성횟수:1
17:32:15  마지막위험음성:0
17:32:15  RSSI원시:-77
17:32:15  RSSI평활:-76.6
17:32:15  RSSI샘플:16947
17:32:15  RSSI경과ms:14
17:32:15  위험송신:16946
17:32:15  시각ms:1821292
17:32:15  IMU시각ms:1821292
17:32:15  위험:0
17:32:15  원시위험:0
17:32:15  GPS유효:1
17:32:15  위도:37.496568
17:32:15  경도:126.958026
17:32:15  속도:0.00
17:32:15  방향:178.0
17:32:15  GPS원시속도:0.000
17:32:15  GPS원시방향유효:1
17:32:15  GPS원시방향:182.8
17:32:15  가속도:3.59,-1.15,8.94
17:32:15  자이로:0.8,-1.4,-1.2
17:32:15  자력계:-10.050,-6.750,0.150
17:32:15  충격값:0.05
17:32:15  송신:17675
17:32:15  지팡이수신:16947
17:32:15  GPS위성:6
17:32:15  GPS_HDOP:1.40
17:32:15  원시위도:37.496567
17:32:15  원시경도:126.958027
17:32:15  GPS채택:1034
17:32:15  GPS이상치거부:24
17:32:15  GPS품질거부:84
17:32:15  GPS재기준:6
17:32:15  계산거리:13.48
17:32:15  접근속도:0.08
17:32:15  TTC:999.00
17:32:15  방향오차:106.6
17:32:15  전방여부:0
17:32:15  위험음성횟수:0
17:32:15  충격음성횟수:1
17:32:15  마지막위험음성:0
17:32:15  RSSI원시:-77
17:32:15  RSSI평활:-76.6
17:32:15  RSSI샘플:16947
17:32:15  RSSI경과ms:64
17:32:15  위험송신:16946
17:32:15  시각ms:1821454
17:32:15  IMU시각ms:1821454
17:32:15  위험:0
17:32:15  원시위험:0
17:32:15  GPS유효:1
17:32:15  위도:37.496568
17:32:15  경도:126.958026
17:32:15  속도:0.00
17:32:15  방향:178.0
17:32:15  GPS원시속도:0.000
17:32:15  GPS원시방향유효:1
17:32:15  GPS원시방향:182.8
17:32:15  가속도:3.57,-1.34,8.93
17:32:15  자이로:2.0,0.9,-2.0
17:32:15  자력계:-9.900,-9.000,1.050
17:32:15  충격값:0.15
17:32:15  송신:17677
17:32:15  지팡이수신:16949
17:32:15  GPS위성:6
17:32:15  GPS_HDOP:1.40
17:32:15  원시위도:37.496567
17:32:15  원시경도:126.958027
17:32:15  GPS채택:1034
17:32:15  GPS이상치거부:24
17:32:15  GPS품질거부:84
17:32:15  GPS재기준:6
17:32:15  계산거리:13.48
17:32:15  접근속도:0.08
17:32:15  TTC:999.00
17:32:15  방향오차:106.6
17:32:15  전방여부:0
17:32:15  위험음성횟수:0
17:32:15  충격음성횟수:1
17:32:15  마지막위험음성:0
17:32:15  RSSI원시:-76
17:32:15  RSSI평활:-76.6
17:32:15  RSSI샘플:16949
17:32:15  RSSI경과ms:46
17:32:15  위험송신:16948
17:32:15  시각ms:1821527
17:32:15  IMU시각ms:1821504
17:32:15  위험:0
17:32:15  원시위험:0
17:32:15  GPS유효:1
17:32:15  위도:37.496568
17:32:15  경도:126.958026
17:32:15  속도:0.00
17:32:15  방향:178.0
17:32:15  GPS원시속도:0.000
17:32:15  GPS원시방향유효:1
17:32:15  GPS원시방향:182.8
17:32:15  가속도:3.65,-1.33,9.07
17:32:15  자이로:-0.1,-1.9,-1.2
17:32:15  자력계:-9.150,-6.300,1.500
17:32:15  충격값:0.21
17:32:15  송신:17678
17:32:15  지팡이수신:16950
17:32:15  GPS위성:6
17:32:15  GPS_HDOP:1.40
17:32:15  원시위도:37.496567
17:32:15  원시경도:126.958027
17:32:15  GPS채택:1034
17:32:15  GPS이상치거부:24
17:32:15  GPS품질거부:84
17:32:15  GPS재기준:6
17:32:15  계산거리:13.48
17:32:15  접근속도:0.08
17:32:15  TTC:999.00
17:32:15  방향오차:106.6
17:32:15  전방여부:0
17:32:15  위험음성횟수:0
17:32:15  충격음성횟수:1
17:32:15  마지막위험음성:0
17:32:15  RSSI원시:-76
17:32:15  RSSI평활:-76.4
17:32:15  RSSI샘플:16950
17:32:15  RSSI경과ms:30
17:32:15  위험송신:16949
17:32:15  시각ms:1821571
17:32:15  IMU시각ms:1821571
17:32:15  위험:0
17:32:15  원시위험:0
17:32:15  GPS유효:1
17:32:15  위도:37.496568
17:32:15  경도:126.958026
17:32:15  속도:0.00
17:32:15  방향:178.0
17:32:15  GPS원시속도:0.000
17:32:15  GPS원시방향유효:1
17:32:15  GPS원시방향:182.8
17:32:15  가속도:3.62,-1.24,8.99
17:32:15  자이로:2.0,0.1,-2.3
17:32:15  자력계:-7.950,-7.350,1.050
17:32:15  충격값:0.08
17:32:15  송신:17678
17:32:15  지팡이수신:16950
17:32:15  GPS위성:6
17:32:15  GPS_HDOP:1.40
17:32:15  원시위도:37.496567
17:32:15  원시경도:126.958027
17:32:15  GPS채택:1034
17:32:15  GPS이상치거부:24
17:32:15  GPS품질거부:84
17:32:15  GPS재기준:6
17:32:15  계산거리:13.48
17:32:15  접근속도:0.08
17:32:15  TTC:999.00
17:32:15  방향오차:106.6
17:32:15  전방여부:0
17:32:15  위험음성횟수:0
17:32:15  충격음성횟수:1
17:32:15  마지막위험음성:0
17:32:15  RSSI원시:-76
17:32:15  RSSI평활:-76.4
17:32:15  RSSI샘플:16950
17:32:15  RSSI경과ms:74
17:32:15  위험송신:16949
