19:17:57  시각ms:45098
19:17:57  IMU시각ms:45087
19:17:57  위험:0
19:17:57  원시위험:0
19:17:57  GPS유효:0
19:17:57  위도:0.000000
19:17:57  경도:0.000000
19:17:57  속도:0.00
19:17:57  방향:0.0
19:17:57  이동방향유효:0
19:17:57  GPS이동방향:0.0
19:17:57  차체방향유효:0
19:17:57  차체방향:0.0
19:17:57  후진판정:0
19:17:57  IMU요회전속도:0.00
19:17:57  방향가속도크기:9.65
19:17:57  방향자이로크기:2.91
19:17:57  방향자세cos:0.9997
19:17:57  자기모델잔차:0.37
19:17:57  자기모델반경:1.671
19:17:57  방향채택:0
19:17:57  방향거부:5556
19:17:57  GPS원시속도:0.000
19:17:57  GPS원시방향유효:0
19:17:57  GPS원시방향:0.0
19:17:57  가속도:-0.26,0.35,9.64
19:17:57  자이로:1.5,-1.6,1.9
19:17:57  자력계:-0.750,-79.500,4.050
19:17:57  충격값:0.08
19:17:57  충격피크:0.20
19:17:57  마지막충격발생값:0.00
19:17:57  마지막충격발생ms:0
19:17:57  송신:410
19:17:57  지팡이수신:315
19:17:57  GPS위성:0
19:17:57  GPS_HDOP:99.00
19:17:57  원시위도:0.000000
19:17:57  원시경도:0.000000
19:17:57  GPS채택:0
19:17:57  GPS이상치거부:0
19:17:57  GPS품질거부:0
19:17:57  GPS재기준:0
19:17:57  계산거리:-1.00
19:17:57  접근속도:0.00
19:17:57  TTC:999.00
19:17:57  방향오차:0.0
19:17:57  전방여부:0
19:17:57  위험음성횟수:0
19:17:57  충격음성횟수:0
19:17:57  마지막위험음성:0
19:17:57  RSSI원시:-80
19:17:57  RSSI평활:-79.0
19:17:57  RSSI샘플:315
19:17:57  RSSI경과ms:23
19:17:57  위험송신:315
19:17:57  시각ms:45308
19:17:57  IMU시각ms:45297
19:17:57  위험:0
19:17:57  원시위험:0
19:17:57  GPS유효:0
19:17:57  위도:0.000000
19:17:57  경도:0.000000
19:17:57  속도:0.00
19:17:57  방향:0.0
19:17:57  이동방향유효:0
19:17:57  GPS이동방향:0.0
19:17:57  차체방향유효:0
19:17:57  차체방향:0.0
19:17:57  후진판정:0
19:17:57  IMU요회전속도:0.00
19:17:57  방향가속도크기:9.83
19:17:57  방향자이로크기:1.73
19:17:57  방향자세cos:0.9996
19:17:57  자기모델잔차:0.06
19:17:57  자기모델반경:1.626
19:17:57  방향채택:0
19:17:57  방향거부:5582
19:17:57  GPS원시속도:0.000
19:17:57  GPS원시방향유효:0
19:17:57  GPS원시방향:0.0
19:17:57  가속도:-0.18,0.37,9.82
19:17:57  자이로:-0.4,-1.4,-1.0
19:17:57  자력계:-0.450,-78.150,3.450
19:17:57  충격값:0.14
19:17:57  충격피크:0.21
19:17:57  마지막충격발생값:0.00
19:17:57  마지막충격발생ms:0
19:17:57  송신:412
19:17:57  지팡이수신:317
19:17:57  GPS위성:0
19:17:57  GPS_HDOP:99.00
19:17:57  원시위도:0.000000
19:17:57  원시경도:0.000000
19:17:57  GPS채택:0
19:17:57  GPS이상치거부:0
19:17:57  GPS품질거부:0
19:17:57  GPS재기준:0
19:17:57  계산거리:-1.00
19:17:57  접근속도:0.00
19:17:57  TTC:999.00
19:17:57  방향오차:0.0
19:17:57  전방여부:0
19:17:57  위험음성횟수:0
19:17:57  충격음성횟수:0
19:17:57  마지막위험음성:0
19:17:57  RSSI원시:-79
19:17:57  RSSI평활:-78.8
19:17:57  RSSI샘플:317
19:17:57  RSSI경과ms:21
19:17:57  위험송신:317
19:17:57  시각ms:45414
19:17:57  IMU시각ms:45402
19:17:57  위험:0
19:17:57  원시위험:0
19:17:57  GPS유효:0
19:17:57  위도:0.000000
19:17:57  경도:0.000000
19:17:57  속도:0.00
19:17:57  방향:0.0
19:17:57  이동방향유효:0
19:17:57  GPS이동방향:0.0
19:17:57  차체방향유효:0
19:17:57  차체방향:0.0
19:17:57  후진판정:0
19:17:57  IMU요회전속도:0.00
19:17:57  방향가속도크기:9.84
19:17:57  방향자이로크기:1.01
19:17:57  방향자세cos:0.9998
19:17:57  자기모델잔차:1.33
19:17:57  자기모델반경:1.645
19:17:57  방향채택:0
19:17:57  방향거부:5595
19:17:57  GPS원시속도:0.000
19:17:57  GPS원시방향유효:0
19:17:57  GPS원시방향:0.0
19:17:57  가속도:-0.26,0.41,9.83
19:17:57  자이로:-1.0,-0.1,-0.2
19:17:57  자력계:-1.500,-78.750,2.250
19:17:57  충격값:0.12
19:17:57  충격피크:0.19
19:17:57  마지막충격발생값:0.00
19:17:57  마지막충격발생ms:0
19:17:57  송신:413
19:17:57  지팡이수신:318
19:17:57  GPS위성:0
19:17:57  GPS_HDOP:99.00
19:17:57  원시위도:0.000000
19:17:57  원시경도:0.000000
19:17:57  GPS채택:0
19:17:57  GPS이상치거부:0
19:17:57  GPS품질거부:0
19:17:57  GPS재기준:0
19:17:57  계산거리:-1.00
19:17:57  접근속도:0.00
19:17:57  TTC:999.00
19:17:57  방향오차:0.0
19:17:57  전방여부:0
19:17:57  위험음성횟수:0
19:17:57  충격음성횟수:0
19:17:57  마지막위험음성:0
19:17:57  RSSI원시:-78
19:17:57  RSSI평활:-78.7
19:17:57  RSSI샘플:318
19:17:57  RSSI경과ms:25
19:17:57  위험송신:318
19:17:57  시각ms:45518
19:17:57  IMU시각ms:45507
19:17:57  위험:0
19:17:57  원시위험:0
19:17:57  GPS유효:0
19:17:57  위도:0.000000
19:17:57  경도:0.000000
19:17:57  속도:0.00
19:17:57  방향:0.0
19:17:57  이동방향유효:0
19:17:57  GPS이동방향:0.0
19:17:57  차체방향유효:0
19:17:57  차체방향:0.0
19:17:57  후진판정:0
19:17:57  IMU요회전속도:0.00
19:17:57  방향가속도크기:9.59
19:17:57  방향자이로크기:2.39
19:17:57  방향자세cos:0.9999
19:17:57  자기모델잔차:0.35
19:17:57  자기모델반경:1.637
19:17:57  방향채택:0
19:17:57  방향거부:5608
19:17:57  GPS원시속도:0.000
19:17:57  GPS원시방향유효:0
19:17:57  GPS원시방향:0.0
19:17:57  가속도:-0.28,0.42,9.57
19:17:57  자이로:-2.3,0.8,0.2
19:17:57  자력계:-0.450,-78.450,3.900
19:17:57  충격값:0.14
19:17:57  충격피크:0.20
19:17:57  마지막충격발생값:0.00
19:17:57  마지막충격발생ms:0
19:17:57  송신:414
19:17:57  지팡이수신:319
19:17:57  GPS위성:0
19:17:57  GPS_HDOP:99.00
19:17:57  원시위도:0.000000
19:17:57  원시경도:0.000000
19:17:57  GPS채택:0
19:17:57  GPS이상치거부:0
19:17:57  GPS품질거부:0
19:17:57  GPS재기준:0
19:17:57  계산거리:-1.00
19:17:57  접근속도:0.00
19:17:57  TTC:999.00
19:17:57  방향오차:0.0
19:17:57  전방여부:0
19:17:57  위험음성횟수:0
19:17:57  충격음성횟수:0
19:17:57  마지막위험음성:0
19:17:57  RSSI원시:-78
19:17:57  RSSI평활:-78.5
19:17:57  RSSI샘플:319
19:17:57  RSSI경과ms:24
19:17:57  위험송신:319
19:17:57  시각ms:45620
19:17:57  IMU시각ms:45609
19:17:57  위험:0
19:17:57  원시위험:0
19:17:57  GPS유효:0
19:17:57  위도:0.000000
19:17:57  경도:0.000000
19:17:57  속도:0.00
19:17:57  방향:0.0
19:17:57  이동방향유효:0
19:17:57  GPS이동방향:0.0
19:17:57  차체방향유효:0
19:17:57  차체방향:0.0
19:17:57  후진판정:0
19:17:57  IMU요회전속도:0.00
19:17:57  방향가속도크기:9.68
19:17:57  방향자이로크기:4.21
19:17:57  방향자세cos:0.9999
19:17:57  자기모델잔차:1.47
19:17:57  자기모델반경:1.621
19:17:57  방향채택:0
19:17:57  방향거부:5619
19:17:57  GPS원시속도:0.000
19:17:57  GPS원시방향유효:0
19:17:57  GPS원시방향:0.0
19:17:57  가속도:-0.31,0.43,9.66
19:17:57  자이로:3.4,-1.1,-2.2
19:17:57  자력계:-1.200,-77.700,4.950
19:17:57  충격값:0.06
19:17:57  충격피크:0.19
19:17:57  마지막충격발생값:0.00
19:17:57  마지막충격발생ms:0
19:17:57  송신:415
19:17:57  지팡이수신:320
19:17:57  GPS위성:0
19:17:57  GPS_HDOP:99.00
19:17:57  원시위도:0.000000
19:17:57  원시경도:0.000000
19:17:57  GPS채택:0
19:17:57  GPS이상치거부:0
19:17:57  GPS품질거부:0
19:17:57  GPS재기준:0
19:17:57  계산거리:-1.00
19:17:57  접근속도:0.00
19:17:57  TTC:999.00
19:17:57  방향오차:0.0
19:17:57  전방여부:0
19:17:57  위험음성횟수:0
19:17:57  충격음성횟수:0
19:17:57  마지막위험음성:0
19:17:57  RSSI원시:-79
19:17:57  RSSI평활:-78.6
19:17:57  RSSI샘플:320
19:17:57  RSSI경과ms:23
19:17:57  위험송신:320
19:17:57  시각ms:45724
19:17:57  IMU시각ms:45713
19:17:57  위험:0
19:17:57  원시위험:0
19:17:57  GPS유효:0
19:17:57  위도:0.000000
19:17:57  경도:0.000000
19:17:57  속도:0.00
19:17:57  방향:0.0
19:17:57  이동방향유효:0
19:17:57  GPS이동방향:0.0
19:17:57  차체방향유효:0
19:17:57  차체방향:0.0
19:17:57  후진판정:0
19:17:57  IMU요회전속도:0.00
19:17:57  방향가속도크기:9.71
19:17:57  방향자이로크기:4.31
19:17:57  방향자세cos:0.9995
19:17:57  자기모델잔차:0.86
19:17:57  자기모델반경:1.647
19:17:57  방향채택:0
19:17:57  방향거부:5632
19:17:57  GPS원시속도:0.000
19:17:57  GPS원시방향유효:0
19:17:57  GPS원시방향:0.0
19:17:57  가속도:-0.15,0.40,9.70
19:17:57  자이로:1.3,-2.8,-3.0
19:17:57  자력계:-3.150,-78.450,2.700
19:17:57  충격값:0.11
19:17:57  충격피크:0.15
19:17:57  마지막충격발생값:0.00
19:17:57  마지막충격발생ms:0
19:17:57  송신:416
19:17:57  지팡이수신:321
19:17:57  GPS위성:0
19:17:57  GPS_HDOP:99.00
19:17:57  원시위도:0.000000
19:17:57  원시경도:0.000000
19:17:57  GPS채택:0
19:17:57  GPS이상치거부:0
19:17:57  GPS품질거부:0
19:17:57  GPS재기준:0
19:17:57  계산거리:-1.00
19:17:57  접근속도:0.00
19:17:57  TTC:999.00
19:17:57  방향오차:0.0
19:17:57  전방여부:0
19:17:57  위험음성횟수:0
19:17:57  충격음성횟수:0
19:17:57  마지막위험음성:0
19:17:57  RSSI원시:-80
19:17:57  RSSI평활:-78.9
19:17:57  RSSI샘플:321
19:17:57  RSSI경과ms:23
19:17:57  위험송신:321
19:17:58  시각ms:46346
19:17:58  IMU시각ms:46334
19:17:58  위험:0
19:17:58  원시위험:0
19:17:58  GPS유효:0
19:17:58  위도:0.000000
19:17:58  경도:0.000000
19:17:58  속도:0.00
19:17:58  방향:0.0
19:17:58  이동방향유효:0
19:17:58  GPS이동방향:0.0
19:17:58  차체방향유효:0
19:17:58  차체방향:0.0
19:17:58  후진판정:0
19:17:58  IMU요회전속도:0.00
19:17:58  방향가속도크기:9.71
19:17:58  방향자이로크기:2.61
19:17:58  방향자세cos:0.9998
19:17:58  자기모델잔차:0.59
19:17:58  자기모델반경:1.648
19:17:58  방향채택:0
19:17:58  방향거부:5711
19:17:58  GPS원시속도:0.000
19:17:58  GPS원시방향유효:0
19:17:58  GPS원시방향:0.0
19:17:58  가속도:-0.27,0.39,9.70
19:17:58  자이로:0.4,2.1,-1.5
19:17:58  자력계:-1.500,-78.750,3.000
19:17:58  충격값:0.02
19:17:58  충격피크:0.20
19:17:58  마지막충격발생값:0.00
19:17:58  마지막충격발생ms:0
19:17:58  송신:422
19:17:58  지팡이수신:326
19:17:58  GPS위성:0
19:17:58  GPS_HDOP:99.00
19:17:58  원시위도:0.000000
19:17:58  원시경도:0.000000
19:17:58  GPS채택:0
19:17:58  GPS이상치거부:0
19:17:58  GPS품질거부:0
19:17:58  GPS재기준:0
19:17:58  계산거리:-1.00
19:17:58  접근속도:0.00
19:17:58  TTC:999.00
19:17:58  방향오차:0.0
19:17:58  전방여부:0
19:17:58  위험음성횟수:0
19:17:58  충격음성횟수:0
19:17:58  마지막위험음성:0
19:17:58  RSSI원시:-77
19:17:58  RSSI평활:-77.3
19:17:58  RSSI샘플:326
19:17:58  RSSI경과ms:17
19:17:58  위험송신:326
19:17:58  시각ms:46438
19:17:58  IMU시각ms:46438
19:17:58  위험:0
19:17:58  원시위험:0
19:17:58  GPS유효:0
19:17:58  위도:0.000000
19:17:58  경도:0.000000
19:17:58  속도:0.00
19:17:58  방향:0.0
19:17:58  이동방향유효:0
19:17:58  GPS이동방향:0.0
19:17:58  차체방향유효:0
19:17:58  차체방향:0.0
19:17:58  후진판정:0
19:17:58  IMU요회전속도:0.00
19:17:58  방향가속도크기:9.74
19:17:58  방향자이로크기:2.68
19:17:58  방향자세cos:0.9997
19:17:58  자기모델잔차:0.38
19:17:58  자기모델반경:1.676
19:17:58  방향채택:0
19:17:58  방향거부:5724
19:17:58  GPS원시속도:0.000
19:17:58  GPS원시방향유효:0
19:17:58  GPS원시방향:0.0
19:17:58  가속도:-0.20,0.43,9.73
19:17:58  자이로:1.7,-2.0,-0.5
19:17:58  자력계:-2.250,-79.500,3.300
19:17:58  충격값:0.08
19:17:58  충격피크:0.14
19:17:58  마지막충격발생값:0.00
19:17:58  마지막충격발생ms:0
19:17:58  송신:423
19:17:58  지팡이수신:326
19:17:58  GPS위성:0
19:17:58  GPS_HDOP:99.00
19:17:58  원시위도:0.000000
19:17:58  원시경도:0.000000
19:17:58  GPS채택:0
19:17:58  GPS이상치거부:0
19:17:58  GPS품질거부:0
19:17:58  GPS재기준:0
19:17:58  계산거리:-1.00
19:17:58  접근속도:0.00
19:17:58  TTC:999.00
19:17:58  방향오차:0.0
19:17:58  전방여부:0
19:17:58  위험음성횟수:0
19:17:58  충격음성횟수:0
19:17:58  마지막위험음성:0
19:17:58  RSSI원시:-77
19:17:58  RSSI평활:-77.3
19:17:58  RSSI샘플:326
19:17:58  RSSI경과ms:109
19:17:58  위험송신:326
19:17:58  시각ms:46539
19:17:58  IMU시각ms:46539
19:17:58  위험:0
19:17:58  원시위험:0
19:17:58  GPS유효:0
19:17:58  위도:0.000000
19:17:58  경도:0.000000
19:17:58  속도:0.00
19:17:58  방향:0.0
19:17:58  이동방향유효:0
19:17:58  GPS이동방향:0.0
19:17:58  차체방향유효:0
19:17:58  차체방향:0.0
19:17:58  후진판정:0
19:17:58  IMU요회전속도:0.00
19:17:58  방향가속도크기:9.72
19:17:58  방향자이로크기:2.01
19:17:58  방향자세cos:0.9997
19:17:58  자기모델잔차:0.36
19:17:58  자기모델반경:1.625
19:17:58  방향채택:0
19:17:58  방향거부:5738
19:17:58  GPS원시속도:0.000
19:17:58  GPS원시방향유효:0
19:17:58  GPS원시방향:0.0
19:17:58  가속도:-0.23,0.36,9.71
19:17:58  자이로:0.6,0.6,-1.8
19:17:58  자력계:-0.450,-78.150,3.150
19:17:58  충격값:0.04
19:17:58  충격피크:0.16
19:17:58  마지막충격발생값:0.00
19:17:58  마지막충격발생ms:0
19:17:58  송신:424
19:17:58  지팡이수신:327
19:17:58  GPS위성:0
19:17:58  GPS_HDOP:99.00
19:17:58  원시위도:0.000000
19:17:58  원시경도:0.000000
19:17:58  GPS채택:0
19:17:58  GPS이상치거부:0
19:17:58  GPS품질거부:0
19:17:58  GPS재기준:0
19:17:58  계산거리:-1.00
19:17:58  접근속도:0.00
19:17:58  TTC:999.00
19:17:58  방향오차:0.0
19:17:58  전방여부:0
19:17:58  위험음성횟수:0
19:17:58  충격음성횟수:0
19:17:58  마지막위험음성:0
19:17:58  RSSI원시:-76
19:17:58  RSSI평활:-77.0
19:17:58  RSSI샘플:327
19:17:58  RSSI경과ms:97
19:17:58  위험송신:327
19:17:58  시각ms:46643
19:17:58  IMU시각ms:46643
19:17:58  위험:0
19:17:58  원시위험:0
19:17:58  GPS유효:0
19:17:58  위도:0.000000
19:17:58  경도:0.000000
19:17:58  속도:0.00
19:17:58  방향:0.0
19:17:58  이동방향유효:0
19:17:58  GPS이동방향:0.0
19:17:58  차체방향유효:0
19:17:58  차체방향:0.0
19:17:58  후진판정:0
19:17:58  IMU요회전속도:0.00
19:17:58  방향가속도크기:9.72
19:17:58  방향자이로크기:2.94
19:17:58  방향자세cos:0.9999
19:17:58  자기모델잔차:2.45
19:17:58  자기모델반경:1.641
19:17:58  방향채택:0
19:17:58  방향거부:5751
19:17:58  GPS원시속도:0.000
19:17:58  GPS원시방향유효:0
19:17:58  GPS원시방향:0.0
19:17:58  가속도:-0.31,0.41,9.71
19:17:58  자이로:0.7,-2.7,-1.0
19:17:58  자력계:-0.750,-78.300,6.000
19:17:58  충격값:0.05
19:17:58  충격피크:0.17
19:17:58  마지막충격발생값:0.00
19:17:58  마지막충격발생ms:0
19:17:58  송신:425
19:17:58  지팡이수신:327
19:17:58  GPS위성:0
19:17:58  GPS_HDOP:99.00
19:17:58  원시위도:0.000000
19:17:58  원시경도:0.000000
19:17:58  GPS채택:0
19:17:58  GPS이상치거부:0
19:17:58  GPS품질거부:0
19:17:58  GPS재기준:0
19:17:58  계산거리:-1.00
19:17:58  접근속도:0.00
19:17:58  TTC:999.00
19:17:58  방향오차:0.0
19:17:58  전방여부:0
19:17:58  위험음성횟수:0
19:17:58  충격음성횟수:0
19:17:58  마지막위험음성:0
19:17:58  RSSI원시:-76
19:17:58  RSSI평활:-77.0
19:17:58  RSSI샘플:327
19:17:58  RSSI경과ms:201
19:17:58  위험송신:327
19:17:58  시각ms:46744
19:17:58  IMU시각ms:46744
19:17:58  위험:0
19:17:58  원시위험:0
19:17:58  GPS유효:0
19:17:58  위도:0.000000
19:17:58  경도:0.000000
19:17:58  속도:0.00
19:17:58  방향:0.0
19:17:58  이동방향유효:0
19:17:58  GPS이동방향:0.0
19:17:58  차체방향유효:0
19:17:58  차체방향:0.0
19:17:58  후진판정:0
19:17:58  IMU요회전속도:0.00
19:17:58  방향가속도크기:9.80
19:17:58  방향자이로크기:1.09
19:17:58  방향자세cos:0.9996
19:17:58  자기모델잔차:1.23
19:17:58  자기모델반경:1.657
19:17:58  방향채택:0
19:17:58  방향거부:5765
19:17:58  GPS원시속도:0.000
19:17:58  GPS원시방향유효:0
19:17:58  GPS원시방향:0.0
19:17:58  가속도:-0.26,0.29,9.79
19:17:58  자이로:0.5,-0.6,-0.8
19:17:58  자력계:-0.900,-79.200,2.400
19:17:58  충격값:0.14
19:17:58  충격피크:0.18
19:17:58  마지막충격발생값:0.00
19:17:58  마지막충격발생ms:0
19:17:58  송신:426
19:17:58  지팡이수신:328
19:17:58  GPS위성:0
19:17:58  GPS_HDOP:99.00
19:17:58  원시위도:0.000000
19:17:58  원시경도:0.000000
19:17:58  GPS채택:0
19:17:58  GPS이상치거부:0
19:17:58  GPS품질거부:0
19:17:58  GPS재기준:0
19:17:58  계산거리:-1.00
19:17:58  접근속도:0.00
19:17:58  TTC:999.00
19:17:58  방향오차:0.0
19:17:58  전방여부:0
19:17:58  위험음성횟수:0
19:17:58  충격음성횟수:0
19:17:58  마지막위험음성:0
19:17:58  RSSI원시:-75
19:17:58  RSSI평활:-76.6
19:17:58  RSSI샘플:328
19:17:58  RSSI경과ms:97
19:17:58  위험송신:328
19:17:59  시각ms:47045
19:17:59  IMU시각ms:47045
19:17:59  위험:0
19:17:59  원시위험:0
19:17:59  GPS유효:0
19:17:59  위도:0.000000
19:17:59  경도:0.000000
19:17:59  속도:0.00
19:17:59  방향:0.0
19:17:59  이동방향유효:0
19:17:59  GPS이동방향:0.0
19:17:59  차체방향유효:0
19:17:59  차체방향:0.0
19:17:59  후진판정:0
19:17:59  IMU요회전속도:0.00
19:17:59  방향가속도크기:9.65
19:17:59  방향자이로크기:3.02
19:17:59  방향자세cos:0.9997
19:17:59  자기모델잔차:0.58
19:17:59  자기모델반경:1.642
19:17:59  방향채택:0
19:17:59  방향거부:5807
19:17:59  GPS원시속도:0.000
19:17:59  GPS원시방향유효:0
19:17:59  GPS원시방향:0.0
19:17:59  가속도:-0.19,0.42,9.63
19:17:59  자이로:0.5,-2.7,-1.2
19:17:59  자력계:-0.300,-78.750,3.000
19:17:59  충격값:0.10
19:17:59  충격피크:0.17
19:17:59  마지막충격발생값:0.00
19:17:59  마지막충격발생ms:0
19:17:59  송신:429
19:17:59  지팡이수신:331
19:17:59  GPS위성:0
19:17:59  GPS_HDOP:99.00
19:17:59  원시위도:0.000000
19:17:59  원시경도:0.000000
19:17:59  GPS채택:0
19:17:59  GPS이상치거부:0
19:17:59  GPS품질거부:0
19:17:59  GPS재기준:0
19:17:59  계산거리:-1.00
19:17:59  접근속도:0.00
19:17:59  TTC:999.00
19:17:59  방향오차:0.0
19:17:59  전방여부:0
19:17:59  위험음성횟수:0
19:17:59  충격음성횟수:0
19:17:59  마지막위험음성:0
19:17:59  RSSI원시:-72
19:17:59  RSSI평활:-74.9
19:17:59  RSSI샘플:331
19:17:59  RSSI경과ms:86
19:17:59  위험송신:331
19:17:59  시각ms:47145
19:17:59  IMU시각ms:47145
19:17:59  위험:0
19:17:59  원시위험:0
19:17:59  GPS유효:0
19:17:59  위도:0.000000
19:17:59  경도:0.000000
19:17:59  속도:0.00
19:17:59  방향:0.0
19:17:59  이동방향유효:0
19:17:59  GPS이동방향:0.0
19:17:59  차체방향유효:0
19:17:59  차체방향:0.0
19:17:59  후진판정:0
19:17:59  IMU요회전속도:0.00
19:17:59  방향가속도크기:9.89
19:17:59  방향자이로크기:1.77
19:17:59  방향자세cos:0.9998
19:17:59  자기모델잔차:1.10
19:17:59  자기모델반경:1.638
19:17:59  방향채택:0
19:17:59  방향거부:5821
19:17:59  GPS원시속도:0.000
19:17:59  GPS원시방향유효:0
19:17:59  GPS원시방향:0.0
19:17:59  가속도:-0.25,0.42,9.88
19:17:59  자이로:1.2,1.0,-0.7
19:17:59  자력계:-0.150,-78.450,4.650
19:17:59  충격값:0.18
19:17:59  충격피크:0.21
19:17:59  마지막충격발생값:0.00
19:17:59  마지막충격발생ms:0
19:17:59  송신:430
19:17:59  지팡이수신:332
19:17:59  GPS위성:0
19:17:59  GPS_HDOP:99.00
19:17:59  원시위도:0.000000
19:17:59  원시경도:0.000000
19:17:59  GPS채택:0
19:17:59  GPS이상치거부:0
19:17:59  GPS품질거부:0
19:17:59  GPS재기준:0
19:17:59  계산거리:-1.00
19:17:59  접근속도:0.00
19:17:59  TTC:999.00
19:17:59  방향오차:0.0
19:17:59  전방여부:0
19:17:59  위험음성횟수:0
19:17:59  충격음성횟수:0
19:17:59  마지막위험음성:0
19:17:59  RSSI원시:-80
19:17:59  RSSI평활:-76.0
19:17:59  RSSI샘플:332
19:17:59  RSSI경과ms:87
19:17:59  위험송신:332
19:17:59  시각ms:47245
19:17:59  IMU시각ms:47245
19:17:59  위험:0
19:17:59  원시위험:0
19:17:59  GPS유효:0
19:17:59  위도:0.000000
19:17:59  경도:0.000000
19:17:59  속도:0.00
19:17:59  방향:0.0
19:17:59  이동방향유효:0
19:17:59  GPS이동방향:0.0
19:17:59  차체방향유효:0
19:17:59  차체방향:0.0
19:17:59  후진판정:0
19:17:59  IMU요회전속도:0.00
19:17:59  방향가속도크기:9.77
19:17:59  방향자이로크기:2.08
19:17:59  방향자세cos:0.9997
19:17:59  자기모델잔차:1.99
19:17:59  자기모델반경:1.682
19:17:59  방향채택:0
19:17:59  방향거부:5835
19:17:59  GPS원시속도:0.000
19:17:59  GPS원시방향유효:0
19:17:59  GPS원시방향:0.0
19:17:59  가속도:-0.34,0.29,9.76
19:17:59  자이로:1.3,-1.6,0.2
19:17:59  자력계:-0.900,-79.650,5.700
19:17:59  충격값:0.14
19:17:59  충격피크:0.17
19:17:59  마지막충격발생값:0.00
19:17:59  마지막충격발생ms:0
19:17:59  송신:431
19:17:59  지팡이수신:333
19:17:59  GPS위성:0
19:17:59  GPS_HDOP:99.00
19:17:59  원시위도:0.000000
19:17:59  원시경도:0.000000
19:17:59  GPS채택:0
19:17:59  GPS이상치거부:0
19:17:59  GPS품질거부:0
19:17:59  GPS재기준:0
19:17:59  계산거리:-1.00
19:17:59  접근속도:0.00
19:17:59  TTC:999.00
19:17:59  방향오차:0.0
19:17:59  전방여부:0
19:17:59  위험음성횟수:0
19:17:59  충격음성횟수:0
19:17:59  마지막위험음성:0
19:17:59  RSSI원시:-80
19:17:59  RSSI평활:-76.8
19:17:59  RSSI샘플:333
19:17:59  RSSI경과ms:83
19:17:59  위험송신:333
19:17:59  시각ms:47447
19:17:59  IMU시각ms:47447
19:17:59  위험:0
19:17:59  원시위험:0
19:17:59  GPS유효:0
19:17:59  위도:0.000000
19:17:59  경도:0.000000
19:17:59  속도:0.00
19:17:59  방향:0.0
19:17:59  이동방향유효:0
19:17:59  GPS이동방향:0.0
19:17:59  차체방향유효:0
19:17:59  차체방향:0.0
19:17:59  후진판정:0
19:17:59  IMU요회전속도:0.00
19:17:59  방향가속도크기:9.67
19:17:59  방향자이로크기:1.36
19:17:59  방향자세cos:0.9996
19:17:59  자기모델잔차:1.09
19:17:59  자기모델반경:1.643
19:17:59  방향채택:0
19:17:59  방향거부:5863
19:17:59  GPS원시속도:0.000
19:17:59  GPS원시방향유효:0
19:17:59  GPS원시방향:0.0
19:17:59  가속도:-0.16,0.45,9.66
19:17:59  자이로:0.2,-0.1,-1.3
19:17:59  자력계:-1.200,-78.450,4.650
19:17:59  충격값:0.13
19:17:59  충격피크:0.19
19:17:59  마지막충격발생값:0.00
19:17:59  마지막충격발생ms:0
19:17:59  송신:433
19:17:59  지팡이수신:335
19:17:59  GPS위성:0
19:17:59  GPS_HDOP:99.00
19:17:59  원시위도:0.000000
19:17:59  원시경도:0.000000
19:17:59  GPS채택:0
19:17:59  GPS이상치거부:0
19:17:59  GPS품질거부:0
19:17:59  GPS재기준:0
19:17:59  계산거리:-1.00
19:17:59  접근속도:0.00
19:17:59  TTC:999.00
19:17:59  방향오차:0.0
19:17:59  전방여부:0
19:17:59  위험음성횟수:0
19:17:59  충격음성횟수:0
19:17:59  마지막위험음성:0
19:17:59  RSSI원시:-83
19:17:59  RSSI평활:-78.5
19:17:59  RSSI샘플:335
19:17:59  RSSI경과ms:77
19:17:59  위험송신:335
19:17:59  시각ms:47547
19:17:59  IMU시각ms:47547
19:17:59  위험:0
19:17:59  원시위험:0
19:17:59  GPS유효:0
19:17:59  위도:0.000000
19:17:59  경도:0.000000
19:17:59  속도:0.00
19:17:59  방향:0.0
19:17:59  이동방향유효:0
19:17:59  GPS이동방향:0.0
19:17:59  차체방향유효:0
19:17:59  차체방향:0.0
19:17:59  후진판정:0
19:17:59  IMU요회전속도:0.00
19:17:59  방향가속도크기:9.82
19:17:59  방향자이로크기:2.76
19:17:59  방향자세cos:0.9997
19:17:59  자기모델잔차:0.72
19:17:59  자기모델반경:1.625
19:17:59  방향채택:0
19:17:59  방향거부:5877
19:17:59  GPS원시속도:0.000
19:17:59  GPS원시방향유효:0
19:17:59  GPS원시방향:0.0
19:17:59  가속도:-0.22,0.40,9.81
19:17:59  자이로:2.1,-1.1,-1.3
19:17:59  자력계:-2.400,-77.700,4.200
19:17:59  충격값:0.11
19:17:59  충격피크:0.19
19:17:59  마지막충격발생값:0.00
19:17:59  마지막충격발생ms:0
19:17:59  송신:434
19:17:59  지팡이수신:335
19:17:59  GPS위성:0
19:17:59  GPS_HDOP:99.00
19:17:59  원시위도:0.000000
19:17:59  원시경도:0.000000
19:17:59  GPS채택:0
19:17:59  GPS이상치거부:0
19:17:59  GPS품질거부:0
19:17:59  GPS재기준:0
19:17:59  계산거리:-1.00
19:17:59  접근속도:0.00
19:17:59  TTC:999.00
19:17:59  방향오차:0.0
19:17:59  전방여부:0
19:17:59  위험음성횟수:0
19:17:59  충격음성횟수:0
19:17:59  마지막위험음성:0
19:17:59  RSSI원시:-83
19:17:59  RSSI평활:-78.5
19:17:59  RSSI샘플:335
19:17:59  RSSI경과ms:177
19:17:59  위험송신:335
19:17:59  시각ms:47749
19:17:59  IMU시각ms:47749
19:17:59  위험:0
19:17:59  원시위험:0
19:17:59  GPS유효:0
19:17:59  위도:0.000000
19:17:59  경도:0.000000
19:17:59  속도:0.00
19:17:59  방향:0.0
19:17:59  이동방향유효:0
19:17:59  GPS이동방향:0.0
19:17:59  차체방향유효:0
19:17:59  차체방향:0.0
19:17:59  후진판정:0
19:17:59  IMU요회전속도:0.00
19:17:59  방향가속도크기:9.73
19:17:59  방향자이로크기:5.88
19:17:59  방향자세cos:0.9999
19:17:59  자기모델잔차:1.40
19:17:59  자기모델반경:1.595
19:17:59  방향채택:0
19:17:59  방향거부:5902
19:17:59  GPS원시속도:0.000
19:17:59  GPS원시방향유효:0
19:17:59  GPS원시방향:0.0
19:17:59  가속도:-0.30,0.45,9.71
19:17:59  자이로:3.2,-1.0,-4.9
19:17:59  자력계:0.300,-77.100,4.800
19:17:59  충격값:0.09
19:17:59  충격피크:0.18
19:17:59  마지막충격발생값:0.00
19:17:59  마지막충격발생ms:0
19:17:59  송신:436
19:17:59  지팡이수신:337
19:17:59  GPS위성:0
19:17:59  GPS_HDOP:99.00
19:17:59  원시위도:0.000000
19:17:59  원시경도:0.000000
19:17:59  GPS채택:0
19:17:59  GPS이상치거부:0
19:17:59  GPS품질거부:0
19:17:59  GPS재기준:0
19:17:59  계산거리:-1.00
19:17:59  접근속도:0.00
19:17:59  TTC:999.00
19:17:59  방향오차:0.0
19:17:59  전방여부:0
19:17:59  위험음성횟수:0
19:17:59  충격음성횟수:0
19:17:59  마지막위험음성:0
19:17:59  RSSI원시:-80
19:17:59  RSSI평활:-78.6
19:17:59  RSSI샘플:337
19:17:59  RSSI경과ms:67
19:17:59  위험송신:337
19:18:00  시각ms:48049
19:18:00  IMU시각ms:48049
19:18:00  위험:0
19:18:00  원시위험:0
19:18:00  GPS유효:0
19:18:00  위도:0.000000
19:18:00  경도:0.000000
19:18:00  속도:0.00
19:18:00  방향:0.0
19:18:00  이동방향유효:0
19:18:00  GPS이동방향:0.0
19:18:00  차체방향유효:0
19:18:00  차체방향:0.0
19:18:00  후진판정:0
19:18:00  IMU요회전속도:0.00
19:18:00  방향가속도크기:9.58
19:18:00  방향자이로크기:4.43
19:18:00  방향자세cos:0.9998
19:18:00  자기모델잔차:0.02
19:18:00  자기모델반경:1.614
19:18:00  방향채택:0
19:18:00  방향거부:5944
19:18:00  GPS원시속도:0.000
19:18:00  GPS원시방향유효:0
19:18:00  GPS원시방향:0.0
19:18:00  가속도:-0.27,0.42,9.56
19:18:00  자이로:3.9,0.7,2.0
19:18:00  자력계:-0.900,-77.700,3.450
19:18:00  충격값:0.15
19:18:00  충격피크:0.20
19:18:00  마지막충격발생값:0.00
19:18:00  마지막충격발생ms:0
19:18:00  송신:439
19:18:00  지팡이수신:339
19:18:00  GPS위성:0
19:18:00  GPS_HDOP:99.00
19:18:00  원시위도:0.000000
19:18:00  원시경도:0.000000
19:18:00  GPS채택:0
19:18:00  GPS이상치거부:0
19:18:00  GPS품질거부:0
19:18:00  GPS재기준:0
19:18:00  계산거리:-1.00
19:18:00  접근속도:0.00
19:18:00  TTC:999.00
19:18:00  방향오차:0.0
19:18:00  전방여부:0
19:18:00  위험음성횟수:0
19:18:00  충격음성횟수:0
19:18:00  마지막위험음성:0
19:18:00  RSSI원시:-78
19:18:00  RSSI평활:-78.5
19:18:00  RSSI샘플:339
19:18:00  RSSI경과ms:55
19:18:00  위험송신:339
19:18:00  시각ms:48149
19:18:00  IMU시각ms:48149
19:18:00  위험:0
19:18:00  원시위험:0
19:18:00  GPS유효:0
19:18:00  위도:0.000000
19:18:00  경도:0.000000
19:18:00  속도:0.00
19:18:00  방향:0.0
19:18:00  이동방향유효:0
19:18:00  GPS이동방향:0.0
19:18:00  차체방향유효:0
19:18:00  차체방향:0.0
19:18:00  후진판정:0
19:18:00  IMU요회전속도:0.00
19:18:00  방향가속도크기:9.63
19:18:00  방향자이로크기:4.51
19:18:00  방향자세cos:0.9997
19:18:00  자기모델잔차:1.78
19:18:00  자기모델반경:1.658
19:18:00  방향채택:0
19:18:00  방향거부:5958
19:18:00  GPS원시속도:0.000
19:18:00  GPS원시방향유효:0
19:18:00  GPS원시방향:0.0
19:18:00  가속도:-0.22,0.37,9.62
19:18:00  자이로:1.8,-3.2,-2.6
19:18:00  자력계:-0.900,-78.900,5.400
19:18:00  충격값:0.10
19:18:00  충격피크:0.17
19:18:00  마지막충격발생값:0.00
19:18:00  마지막충격발생ms:0
19:18:00  송신:440
19:18:00  지팡이수신:339
19:18:00  GPS위성:0
19:18:00  GPS_HDOP:99.00
19:18:00  원시위도:0.000000
19:18:00  원시경도:0.000000
19:18:00  GPS채택:0
19:18:00  GPS이상치거부:0
19:18:00  GPS품질거부:0
19:18:00  GPS재기준:0
19:18:00  계산거리:-1.00
19:18:00  접근속도:0.00
19:18:00  TTC:999.00
19:18:00  방향오차:0.0
19:18:00  전방여부:0
19:18:00  위험음성횟수:0
19:18:00  충격음성횟수:0
19:18:00  마지막위험음성:0
19:18:00  RSSI원시:-78
19:18:00  RSSI평활:-78.5
19:18:00  RSSI샘플:339
19:18:00  RSSI경과ms:155
19:18:00  위험송신:339
19:18:00  시각ms:48249
19:18:00  IMU시각ms:48249
19:18:00  위험:0
19:18:00  원시위험:0
19:18:00  GPS유효:0
19:18:00  위도:0.000000
19:18:00  경도:0.000000
19:18:00  속도:0.00
19:18:00  방향:0.0
19:18:00  이동방향유효:0
19:18:00  GPS이동방향:0.0
19:18:00  차체방향유효:0
19:18:00  차체방향:0.0
19:18:00  후진판정:0
19:18:00  IMU요회전속도:0.00
19:18:00  방향가속도크기:9.72
19:18:00  방향자이로크기:2.53
19:18:00  방향자세cos:0.9997
19:18:00  자기모델잔차:2.13
19:18:00  자기모델반경:1.649
19:18:00  방향채택:0
19:18:00  방향거부:5972
19:18:00  GPS원시속도:0.000
19:18:00  GPS원시방향유효:0
19:18:00  GPS원시방향:0.0
19:18:00  가속도:-0.21,0.51,9.71
19:18:00  자이로:1.3,0.6,-2.1
19:18:00  자력계:-1.650,-78.450,5.700
19:18:00  충격값:0.12
19:18:00  충격피크:0.18
19:18:00  마지막충격발생값:0.00
19:18:00  마지막충격발생ms:0
19:18:00  송신:441
19:18:00  지팡이수신:340
19:18:00  GPS위성:0
19:18:00  GPS_HDOP:99.00
19:18:00  원시위도:0.000000
19:18:00  원시경도:0.000000
19:18:00  GPS채택:0
19:18:00  GPS이상치거부:0
19:18:00  GPS품질거부:0
19:18:00  GPS재기준:0
19:18:00  계산거리:-1.00
19:18:00  접근속도:0.00
19:18:00  TTC:999.00
19:18:00  방향오차:0.0
19:18:00  전방여부:0
19:18:00  위험음성횟수:0
19:18:00  충격음성횟수:0
19:18:00  마지막위험음성:0
19:18:00  RSSI원시:-78
19:18:00  RSSI평활:-78.4
19:18:00  RSSI샘플:340
19:18:00  RSSI경과ms:45
19:18:00  위험송신:340
19:18:00  시각ms:48351
19:18:00  IMU시각ms:48350
19:18:00  위험:0
19:18:00  원시위험:0
19:18:00  GPS유효:1
19:18:00  위도:37.497013
19:18:00  경도:126.957335
19:18:00  속도:0.00
19:18:00  방향:0.0
19:18:00  이동방향유효:0
19:18:00  GPS이동방향:0.0
19:18:00  차체방향유효:0
19:18:00  차체방향:0.0
19:18:00  후진판정:0
19:18:00  IMU요회전속도:0.00
19:18:00  방향가속도크기:9.65
19:18:00  방향자이로크기:3.79
19:18:00  방향자세cos:0.9997
19:18:00  자기모델잔차:0.49
19:18:00  자기모델반경:1.659
19:18:00  방향채택:0
19:18:00  방향거부:5986
19:18:00  GPS원시속도:0.000
19:18:00  GPS원시방향유효:0
19:18:00  GPS원시방향:0.0
19:18:00  가속도:-0.29,0.28,9.64
19:18:00  자이로:3.7,0.5,0.5
19:18:00  자력계:-0.900,-79.200,3.150
19:18:00  충격값:0.15
19:18:00  충격피크:0.20
19:18:00  마지막충격발생값:0.00
19:18:00  마지막충격발생ms:0
19:18:00  송신:442
19:18:00  지팡이수신:341
19:18:00  GPS위성:4
19:18:00  GPS_HDOP:2.70
19:18:00  원시위도:37.497013
19:18:00  원시경도:126.957335
19:18:00  GPS채택:1
19:18:00  GPS이상치거부:0
19:18:00  GPS품질거부:0
19:18:00  GPS재기준:0
19:18:00  계산거리:-1.00
19:18:00  접근속도:0.00
19:18:00  TTC:999.00
19:18:00  방향오차:0.0
19:18:00  전방여부:0
19:18:00  위험음성횟수:0
19:18:00  충격음성횟수:0
19:18:00  마지막위험음성:0
19:18:00  RSSI원시:-79
19:18:00  RSSI평활:-78.5
19:18:00  RSSI샘플:341
19:18:00  RSSI경과ms:45
19:18:00  위험송신:341
19:18:00  시각ms:48456
19:18:00  IMU시각ms:48455
19:18:00  위험:0
19:18:00  원시위험:0
19:18:00  GPS유효:1
19:18:00  위도:37.497013
19:18:00  경도:126.957335
19:18:00  속도:0.00
19:18:00  방향:0.0
19:18:00  이동방향유효:0
19:18:00  GPS이동방향:0.0
19:18:00  차체방향유효:0
19:18:00  차체방향:0.0
19:18:00  후진판정:0
19:18:00  IMU요회전속도:0.00
19:18:00  방향가속도크기:9.63
19:18:00  방향자이로크기:2.25
19:18:00  방향자세cos:0.9996
19:18:00  자기모델잔차:1.65
19:18:00  자기모델반경:1.656
19:18:00  방향채택:0
19:18:00  방향거부:5999
19:18:00  GPS원시속도:0.000
19:18:00  GPS원시방향유효:0
19:18:00  GPS원시방향:0.0
19:18:00  가속도:-0.18,0.53,9.62
19:18:00  자이로:1.3,-1.8,0.5
19:18:00  자력계:-1.500,-78.750,5.250
19:18:00  충격값:0.18
19:18:00  충격피크:0.19
19:18:00  마지막충격발생값:0.00
19:18:00  마지막충격발생ms:0
19:18:00  송신:443
19:18:00  지팡이수신:342
19:18:00  GPS위성:4
19:18:00  GPS_HDOP:2.70
19:18:00  원시위도:37.497013
19:18:00  원시경도:126.957335
19:18:00  GPS채택:1
19:18:00  GPS이상치거부:0
19:18:00  GPS품질거부:0
19:18:00  GPS재기준:0
19:18:00  계산거리:57.07
19:18:00  접근속도:0.00
19:18:00  TTC:999.00
19:18:00  방향오차:135.4
19:18:00  전방여부:0
19:18:00  위험음성횟수:0
19:18:00  충격음성횟수:0
19:18:00  마지막위험음성:0
19:18:00  RSSI원시:-78
19:18:00  RSSI평활:-78.4
19:18:00  RSSI샘플:342
19:18:00  RSSI경과ms:42
19:18:00  위험송신:342
19:18:00  시각ms:48767
19:18:00  IMU시각ms:48767
19:18:00  위험:0
19:18:00  원시위험:0
19:18:00  GPS유효:1
19:18:00  위도:37.497014
19:18:00  경도:126.957335
19:18:00  속도:0.37
19:18:00  방향:0.0
19:18:00  이동방향유효:0
19:18:00  GPS이동방향:308.6
19:18:00  차체방향유효:0
19:18:00  차체방향:0.0
19:18:00  후진판정:0
19:18:00  IMU요회전속도:0.00
19:18:00  방향가속도크기:9.73
19:18:00  방향자이로크기:2.53
19:18:00  방향자세cos:0.9993
19:18:00  자기모델잔차:0.79
19:18:00  자기모델반경:1.597
19:18:00  방향채택:0
19:18:00  방향거부:6036
19:18:00  GPS원시속도:0.741
19:18:00  GPS원시방향유효:1
19:18:00  GPS원시방향:308.6
19:18:00  가속도:-0.16,0.26,9.72
19:18:00  자이로:1.9,-1.6,-0.4
19:18:00  자력계:0.450,-77.250,4.200
19:18:00  충격값:0.15
19:18:00  충격피크:0.20
19:18:00  마지막충격발생값:0.00
19:18:00  마지막충격발생ms:0
19:18:00  송신:446
19:18:00  지팡이수신:345
19:18:00  GPS위성:4
19:18:00  GPS_HDOP:2.70
19:18:00  원시위도:37.497013
19:18:00  원시경도:126.957335
19:18:00  GPS채택:2
19:18:00  GPS이상치거부:0
19:18:00  GPS품질거부:0
19:18:00  GPS재기준:0
19:18:00  계산거리:57.07
19:18:00  접근속도:0.00
19:18:00  TTC:999.00
19:18:00  방향오차:135.3
19:18:00  전방여부:0
19:18:00  위험음성횟수:0
19:18:00  충격음성횟수:0
19:18:00  마지막위험음성:0
19:18:00  RSSI원시:-79
19:18:00  RSSI평활:-78.4
19:18:00  RSSI샘플:345
19:18:00  RSSI경과ms:45
19:18:00  위험송신:345
19:18:01  시각ms:48872
19:18:01  IMU시각ms:48872
19:18:01  위험:0
19:18:01  원시위험:0
19:18:01  GPS유효:1
19:18:01  위도:37.497014
19:18:01  경도:126.957334
19:18:01  속도:0.37
19:18:01  방향:0.0
19:18:01  이동방향유효:0
19:18:01  GPS이동방향:308.6
19:18:01  차체방향유효:0
19:18:01  차체방향:0.0
19:18:01  후진판정:0
19:18:01  IMU요회전속도:0.00
19:18:01  방향가속도크기:9.62
19:18:01  방향자이로크기:3.33
19:18:01  방향자세cos:0.9996
19:18:01  자기모델잔차:1.53
19:18:01  자기모델반경:1.683
19:18:01  방향채택:0
19:18:01  방향거부:6049
19:18:01  GPS원시속도:0.741
19:18:01  GPS원시방향유효:1
19:18:01  GPS원시방향:308.6
19:18:01  가속도:-0.21,0.36,9.62
19:18:01  자이로:3.1,-0.7,-0.9
19:18:01  자력계:-0.300,-79.800,5.250
19:18:01  충격값:0.10
19:18:01  충격피크:0.23
19:18:01  마지막충격발생값:0.00
19:18:01  마지막충격발생ms:0
19:18:01  송신:447
19:18:01  지팡이수신:346
19:18:01  GPS위성:4
19:18:01  GPS_HDOP:2.70
19:18:01  원시위도:37.497013
19:18:01  원시경도:126.957335
19:18:01  GPS채택:2
19:18:01  GPS이상치거부:0
19:18:01  GPS품질거부:0
19:18:01  GPS재기준:0
19:18:01  계산거리:57.07
19:18:01  접근속도:0.00
19:18:01  TTC:999.00
19:18:01  방향오차:135.3
19:18:01  전방여부:0
19:18:01  위험음성횟수:0
19:18:01  충격음성횟수:0
19:18:01  마지막위험음성:0
19:18:01  RSSI원시:-80
19:18:01  RSSI평활:-78.7
19:18:01  RSSI샘플:346
19:18:01  RSSI경과ms:46
19:18:01  위험송신:346
19:18:01  시각ms:48972
19:18:01  IMU시각ms:48972
19:18:01  위험:0
19:18:01  원시위험:0
19:18:01  GPS유효:1
19:18:01  위도:37.497014
19:18:01  경도:126.957334
19:18:01  속도:0.37
19:18:01  방향:0.0
19:18:01  이동방향유효:0
19:18:01  GPS이동방향:308.6
19:18:01  차체방향유효:0
19:18:01  차체방향:0.0
19:18:01  후진판정:0
19:18:01  IMU요회전속도:0.00
19:18:01  방향가속도크기:9.77
19:18:01  방향자이로크기:2.03
19:18:01  방향자세cos:0.9998
19:18:01  자기모델잔차:0.78
19:18:01  자기모델반경:1.607
19:18:01  방향채택:0
19:18:01  방향거부:6063
19:18:01  GPS원시속도:0.741
19:18:01  GPS원시방향유효:1
19:18:01  GPS원시방향:308.6
19:18:01  가속도:-0.25,0.45,9.76
19:18:01  자이로:1.5,-0.9,1.0
19:18:01  자력계:-1.650,-77.250,4.200
19:18:01  충격값:0.09
19:18:01  충격피크:0.21
19:18:01  마지막충격발생값:0.00
19:18:01  마지막충격발생ms:0
19:18:01  송신:448
19:18:01  지팡이수신:346
19:18:01  GPS위성:4
19:18:01  GPS_HDOP:2.70
19:18:01  원시위도:37.497013
19:18:01  원시경도:126.957335
19:18:01  GPS채택:2
19:18:01  GPS이상치거부:0
19:18:01  GPS품질거부:0
19:18:01  GPS재기준:0
19:18:01  계산거리:57.07
19:18:01  접근속도:0.00
19:18:01  TTC:999.00
19:18:01  방향오차:135.3
19:18:01  전방여부:0
19:18:01  위험음성횟수:0
19:18:01  충격음성횟수:0
19:18:01  마지막위험음성:0
19:18:01  RSSI원시:-80
19:18:01  RSSI평활:-78.7
19:18:01  RSSI샘플:346
19:18:01  RSSI경과ms:146
19:18:01  위험송신:346
19:18:01  시각ms:49077
19:18:01  IMU시각ms:49077
19:18:01  위험:0
19:18:01  원시위험:0
19:18:01  GPS유효:1
19:18:01  위도:37.497014
19:18:01  경도:126.957334
19:18:01  속도:0.37
19:18:01  방향:0.0
19:18:01  이동방향유효:0
19:18:01  GPS이동방향:308.6
19:18:01  차체방향유효:0
19:18:01  차체방향:0.0
19:18:01  후진판정:0
19:18:01  IMU요회전속도:0.00
19:18:01  방향가속도크기:9.78
19:18:01  방향자이로크기:0.89
19:18:01  방향자세cos:1.0000
19:18:01  자기모델잔차:0.16
19:18:01  자기모델반경:1.648
19:18:01  방향채택:0
19:18:01  방향거부:6076
19:18:01  GPS원시속도:0.741
19:18:01  GPS원시방향유효:1
19:18:01  GPS원시방향:308.6
19:18:01  가속도:-0.39,0.43,9.76
19:18:01  자이로:0.7,-0.6,0.1
19:18:01  자력계:-1.050,-78.750,3.750
19:18:01  충격값:0.15
19:18:01  충격피크:0.20
19:18:01  마지막충격발생값:0.00
19:18:01  마지막충격발생ms:0
19:18:01  송신:449
19:18:01  지팡이수신:347
19:18:01  GPS위성:4
19:18:01  GPS_HDOP:2.70
19:18:01  원시위도:37.497013
19:18:01  원시경도:126.957335
19:18:01  GPS채택:2
19:18:01  GPS이상치거부:0
19:18:01  GPS품질거부:0
19:18:01  GPS재기준:0
19:18:01  계산거리:57.37
19:18:01  접근속도:0.00
19:18:01  TTC:999.00
19:18:01  방향오차:135.3
19:18:01  전방여부:0
19:18:01  위험음성횟수:0
19:18:01  충격음성횟수:0
19:18:01  마지막위험음성:0
19:18:01  RSSI원시:-78
19:18:01  RSSI평활:-78.6
19:18:01  RSSI샘플:347
19:18:01  RSSI경과ms:42
19:18:01  위험송신:347
19:18:01  시각ms:49177
19:18:01  IMU시각ms:49177
19:18:01  위험:0
19:18:01  원시위험:0
19:18:01  GPS유효:1
19:18:01  위도:37.497014
19:18:01  경도:126.957334
19:18:01  속도:0.37
19:18:01  방향:0.0
19:18:01  이동방향유효:0
19:18:01  GPS이동방향:308.6
19:18:01  차체방향유효:0
19:18:01  차체방향:0.0
19:18:01  후진판정:0
19:18:01  IMU요회전속도:0.00
19:18:01  방향가속도크기:9.74
19:18:01  방향자이로크기:2.82
19:18:01  방향자세cos:0.9998
19:18:01  자기모델잔차:2.07
19:18:01  자기모델반경:1.667
19:18:01  방향채택:0
19:18:01  방향거부:6090
19:18:01  GPS원시속도:0.741
19:18:01  GPS원시방향유효:1
19:18:01  GPS원시방향:308.6
19:18:01  가속도:-0.33,0.31,9.73
19:18:01  자이로:2.1,1.5,-1.1
19:18:01  자력계:-2.400,-78.900,5.700
19:18:01  충격값:0.11
19:18:01  충격피크:0.23
19:18:01  마지막충격발생값:0.00
19:18:01  마지막충격발생ms:0
19:18:01  송신:450
19:18:01  지팡이수신:347
19:18:01  GPS위성:4
19:18:01  GPS_HDOP:2.70
19:18:01  원시위도:37.497013
19:18:01  원시경도:126.957335
19:18:01  GPS채택:2
19:18:01  GPS이상치거부:0
19:18:01  GPS품질거부:0
19:18:01  GPS재기준:0
19:18:01  계산거리:57.37
19:18:01  접근속도:0.00
19:18:01  TTC:999.00
19:18:01  방향오차:135.3
19:18:01  전방여부:0
19:18:01  위험음성횟수:0
19:18:01  충격음성횟수:0
19:18:01  마지막위험음성:0
19:18:01  RSSI원시:-78
19:18:01  RSSI평활:-78.6
19:18:01  RSSI샘플:347
19:18:01  RSSI경과ms:142
19:18:01  위험송신:347
19:18:01  시각ms:49388
19:18:01  IMU시각ms:49387
19:18:01  위험:0
19:18:01  원시위험:0
19:18:01  GPS유효:1
19:18:01  위도:37.497033
19:18:01  경도:126.957327
19:18:01  속도:0.56
19:18:01  방향:308.6
19:18:01  이동방향유효:1
19:18:01  GPS이동방향:308.6
19:18:01  차체방향유효:0
19:18:01  차체방향:0.0
19:18:01  후진판정:0
19:18:01  IMU요회전속도:0.00
19:18:01  방향가속도크기:9.65
19:18:01  방향자이로크기:3.11
19:18:01  방향자세cos:0.9997
19:18:01  자기모델잔차:1.64
19:18:01  자기모델반경:1.660
19:18:01  방향채택:0
19:18:01  방향거부:6116
19:18:01  GPS원시속도:0.741
19:18:01  GPS원시방향유효:1
19:18:01  GPS원시방향:308.6
19:18:01  가속도:-0.23,0.39,9.64
19:18:01  자이로:1.9,-2.0,-1.4
19:18:01  자력계:-2.250,-78.750,5.250
19:18:01  충격값:0.06
19:18:01  충격피크:0.20
19:18:01  마지막충격발생값:0.00
19:18:01  마지막충격발생ms:0
19:18:01  송신:452
19:18:01  지팡이수신:349
19:18:01  GPS위성:4
19:18:01  GPS_HDOP:2.70
19:18:01  원시위도:37.497052
19:18:01  원시경도:126.957320
19:18:01  GPS채택:3
19:18:01  GPS이상치거부:0
19:18:01  GPS품질거부:0
19:18:01  GPS재기준:0
19:18:01  계산거리:59.66
19:18:01  접근속도:-0.55
19:18:01  TTC:999.00
19:18:01  방향오차:-172.3
19:18:01  전방여부:0
19:18:01  위험음성횟수:0
19:18:01  충격음성횟수:0
19:18:01  마지막위험음성:0
19:18:01  RSSI원시:-80
19:18:01  RSSI평활:-78.9
19:18:01  RSSI샘플:349
19:18:01  RSSI경과ms:41
19:18:01  위험송신:349
19:18:01  시각ms:49492
19:18:01  IMU시각ms:49492
19:18:01  위험:0
19:18:01  원시위험:0
19:18:01  GPS유효:1
19:18:01  위도:37.497043
19:18:01  경도:126.957323
19:18:01  속도:0.70
19:18:01  방향:308.6
19:18:01  이동방향유효:1
19:18:01  GPS이동방향:308.6
19:18:01  차체방향유효:0
19:18:01  차체방향:0.0
19:18:01  후진판정:0
19:18:01  IMU요회전속도:0.00
19:18:01  방향가속도크기:9.73
19:18:01  방향자이로크기:3.10
19:18:01  방향자세cos:0.9999
19:18:01  자기모델잔차:1.30
19:18:01  자기모델반경:1.626
19:18:01  방향채택:0
19:18:01  방향거부:6129
19:18:01  GPS원시속도:0.849
19:18:01  GPS원시방향유효:1
19:18:01  GPS원시방향:308.5
19:18:01  가속도:-0.35,0.36,9.72
19:18:01  자이로:3.0,-0.3,0.6
19:18:01  자력계:-1.500,-77.850,4.800
19:18:01  충격값:0.10
19:18:01  충격피크:0.18
19:18:01  마지막충격발생값:0.00
19:18:01  마지막충격발생ms:0
19:18:01  송신:453
19:18:01  지팡이수신:350
19:18:01  GPS위성:4
19:18:01  GPS_HDOP:2.70
19:18:01  원시위도:37.497052
19:18:01  원시경도:126.957320
19:18:01  GPS채택:4
19:18:01  GPS이상치거부:0
19:18:01  GPS품질거부:0
19:18:01  GPS재기준:0
19:18:01  계산거리:59.66
19:18:01  접근속도:-0.55
19:18:01  TTC:999.00
19:18:01  방향오차:-172.4
19:18:01  전방여부:0
19:18:01  위험음성횟수:0
19:18:01  충격음성횟수:0
19:18:01  마지막위험음성:0
19:18:01  RSSI원시:-78
19:18:01  RSSI평활:-78.7
19:18:01  RSSI샘플:350
19:18:01  RSSI경과ms:41
19:18:01  위험송신:350
19:18:01  시각ms:49613
19:18:01  IMU시각ms:49590
19:18:01  위험:0
19:18:01  원시위험:0
19:18:01  GPS유효:1
19:18:01  위도:37.497044
19:18:01  경도:126.957322
19:18:01  속도:0.70
19:18:01  방향:308.6
19:18:01  이동방향유효:1
19:18:01  GPS이동방향:308.6
19:18:01  차체방향유효:0
19:18:01  차체방향:0.0
19:18:01  후진판정:0
19:18:01  IMU요회전속도:0.00
19:18:01  방향가속도크기:9.61
19:18:01  방향자이로크기:2.64
19:18:01  방향자세cos:0.9997
19:18:01  자기모델잔차:0.48
19:18:01  자기모델반경:1.602
19:18:01  방향채택:0
19:18:01  방향거부:6141
19:18:01  GPS원시속도:0.849
19:18:01  GPS원시방향유효:1
19:18:01  GPS원시방향:308.5
19:18:01  가속도:-0.42,0.25,9.60
19:18:01  자이로:1.8,-1.3,1.4
19:18:01  자력계:-0.900,-77.250,3.900
19:18:01  충격값:0.23
19:18:01  충격피크:0.23
19:18:01  마지막충격발생값:0.00
19:18:01  마지막충격발생ms:0
19:18:01  송신:454
19:18:01  지팡이수신:351
19:18:01  GPS위성:4
19:18:01  GPS_HDOP:2.70
19:18:01  원시위도:37.497052
19:18:01  원시경도:126.957320
19:18:01  GPS채택:4
19:18:01  GPS이상치거부:0
19:18:01  GPS품질거부:0
19:18:01  GPS재기준:0
19:18:01  계산거리:61.05
19:18:01  접근속도:-0.69
19:18:01  TTC:999.00
19:18:01  방향오차:-171.3
19:18:01  전방여부:0
19:18:01  위험음성횟수:0
19:18:01  충격음성횟수:0
19:18:01  마지막위험음성:0
19:18:01  RSSI원시:-78
19:18:01  RSSI평활:-78.6
19:18:01  RSSI샘플:351
19:18:01  RSSI경과ms:55
19:18:01  위험송신:351
19:18:01  시각ms:49704
19:18:01  IMU시각ms:49704
19:18:01  위험:0
19:18:01  원시위험:0
19:18:01  GPS유효:1
19:18:01  위도:37.497045
19:18:01  경도:126.957321
19:18:01  속도:0.70
19:18:01  방향:308.6
19:18:01  이동방향유효:1
19:18:01  GPS이동방향:308.6
19:18:01  차체방향유효:0
19:18:01  차체방향:0.0
19:18:01  후진판정:0
19:18:01  IMU요회전속도:0.00
19:18:01  방향가속도크기:9.64
19:18:01  방향자이로크기:1.85
19:18:01  방향자세cos:0.9998
19:18:01  자기모델잔차:0.22
19:18:01  자기모델반경:1.631
19:18:01  방향채택:0
19:18:01  방향거부:6152
19:18:01  GPS원시속도:0.849
19:18:01  GPS원시방향유효:1
19:18:01  GPS원시방향:308.5
19:18:01  가속도:-0.27,0.47,9.62
19:18:01  자이로:0.1,-1.5,-1.1
19:18:01  자력계:-0.300,-78.300,3.750
19:18:01  충격값:0.11
19:18:01  충격피크:0.18
19:18:01  마지막충격발생값:0.00
19:18:01  마지막충격발생ms:0
19:18:01  송신:455
19:18:01  지팡이수신:352
19:18:01  GPS위성:4
19:18:01  GPS_HDOP:2.70
19:18:01  원시위도:37.497052
19:18:01  원시경도:126.957320
19:18:01  GPS채택:4
19:18:01  GPS이상치거부:0
19:18:01  GPS품질거부:0
19:18:01  GPS재기준:0
19:18:01  계산거리:61.05
19:18:01  접근속도:-0.69
19:18:01  TTC:999.00
19:18:01  방향오차:-171.4
19:18:01  전방여부:0
19:18:01  위험음성횟수:0
19:18:01  충격음성횟수:0
19:18:01  마지막위험음성:0
19:18:01  RSSI원시:-79
19:18:01  RSSI평활:-78.7
19:18:01  RSSI샘플:352
19:18:01  RSSI경과ms:45
19:18:01  위험송신:352
19:18:01  시각ms:49809
19:18:01  IMU시각ms:49809
19:18:01  위험:0
19:18:01  원시위험:0
19:18:01  GPS유효:1
19:18:01  위도:37.497047
19:18:01  경도:126.957321
19:18:01  속도:0.70
19:18:01  방향:308.6
19:18:01  이동방향유효:1
19:18:01  GPS이동방향:308.6
19:18:01  차체방향유효:0
19:18:01  차체방향:0.0
19:18:01  후진판정:0
19:18:01  IMU요회전속도:0.00
19:18:01  방향가속도크기:9.80
19:18:01  방향자이로크기:3.53
19:18:01  방향자세cos:0.9999
19:18:01  자기모델잔차:0.51
19:18:01  자기모델반경:1.638
19:18:01  방향채택:0
19:18:01  방향거부:6165
19:18:01  GPS원시속도:0.849
19:18:01  GPS원시방향유효:1
19:18:01  GPS원시방향:308.5
19:18:01  가속도:-0.31,0.41,9.78
19:18:01  자이로:2.6,-2.0,1.3
19:18:01  자력계:-1.500,-78.300,4.050
19:18:01  충격값:0.09
19:18:01  충격피크:0.20
19:18:01  마지막충격발생값:0.00
19:18:01  마지막충격발생ms:0
19:18:01  송신:456
19:18:01  지팡이수신:353
19:18:01  GPS위성:4
19:18:01  GPS_HDOP:2.70
19:18:01  원시위도:37.497052
19:18:01  원시경도:126.957320
19:18:01  GPS채택:4
19:18:01  GPS이상치거부:0
19:18:01  GPS품질거부:0
19:18:01  GPS재기준:0
19:18:01  계산거리:61.36
19:18:01  접근속도:-0.69
19:18:01  TTC:999.00
19:18:01  방향오차:-171.3
19:18:01  전방여부:0
19:18:01  위험음성횟수:0
19:18:01  충격음성횟수:0
19:18:01  마지막위험음성:0
19:18:01  RSSI원시:-78
19:18:01  RSSI평활:-78.5
19:18:01  RSSI샘플:353
19:18:01  RSSI경과ms:46
19:18:01  위험송신:353
19:18:02  시각ms:50019
19:18:02  IMU시각ms:50019
19:18:02  위험:0
19:18:02  원시위험:0
19:18:02  GPS유효:1
19:18:02  위도:37.497049
19:18:02  경도:126.957319
19:18:02  속도:0.70
19:18:02  방향:308.6
19:18:02  이동방향유효:1
19:18:02  GPS이동방향:308.6
19:18:02  차체방향유효:0
19:18:02  차체방향:0.0
19:18:02  후진판정:0
19:18:02  IMU요회전속도:0.00
19:18:02  방향가속도크기:9.76
19:18:02  방향자이로크기:2.94
19:18:02  방향자세cos:0.9998
19:18:02  자기모델잔차:0.29
19:18:02  자기모델반경:1.653
19:18:02  방향채택:0
19:18:02  방향거부:6191
19:18:02  GPS원시속도:0.849
19:18:02  GPS원시방향유효:1
19:18:02  GPS원시방향:308.5
19:18:02  가속도:-0.27,0.52,9.74
19:18:02  자이로:0.7,2.8,-0.6
19:18:02  자력계:-0.900,-78.900,3.900
19:18:02  충격값:0.14
19:18:02  충격피크:0.21
19:18:02  마지막충격발생값:0.00
19:18:02  마지막충격발생ms:0
19:18:02  송신:458
19:18:02  지팡이수신:355
19:18:02  GPS위성:4
19:18:02  GPS_HDOP:2.70
19:18:02  원시위도:37.497052
19:18:02  원시경도:126.957320
19:18:02  GPS채택:4
19:18:02  GPS이상치거부:0
19:18:02  GPS품질거부:0
19:18:02  GPS재기준:0
19:18:02  계산거리:62.13
19:18:02  접근속도:-0.69
19:18:02  TTC:999.00
19:18:02  방향오차:-171.6
19:18:02  전방여부:0
19:18:02  위험음성횟수:0
19:18:02  충격음성횟수:0
19:18:02  마지막위험음성:0
19:18:02  RSSI원시:-78
19:18:02  RSSI평활:-78.2
19:18:02  RSSI샘플:355
19:18:02  RSSI경과ms:47
19:18:02  위험송신:355
19:18:02  시각ms:50124
19:18:02  IMU시각ms:50124
19:18:02  위험:0
19:18:02  원시위험:0
19:18:02  GPS유효:1
19:18:02  위도:37.497050
19:18:02  경도:126.957318
19:18:02  속도:0.70
19:18:02  방향:308.6
19:18:02  이동방향유효:1
19:18:02  GPS이동방향:308.6
19:18:02  차체방향유효:0
19:18:02  차체방향:0.0
19:18:02  후진판정:0
19:18:02  IMU요회전속도:0.00
19:18:02  방향가속도크기:9.69
19:18:02  방향자이로크기:0.94
19:18:02  방향자세cos:0.9998
19:18:02  자기모델잔차:1.01
19:18:02  자기모델반경:1.625
19:18:02  방향채택:0
19:18:02  방향거부:6204
19:18:02  GPS원시속도:0.849
19:18:02  GPS원시방향유효:1
19:18:02  GPS원시방향:308.5
19:18:02  가속도:-0.29,0.39,9.68
19:18:02  자이로:-0.3,0.9,0.2
19:18:02  자력계:-1.500,-77.850,4.500
19:18:02  충격값:0.04
19:18:02  충격피크:0.19
19:18:02  마지막충격발생값:0.00
19:18:02  마지막충격발생ms:0
19:18:02  송신:459
19:18:02  지팡이수신:356
19:18:02  GPS위성:4
19:18:02  GPS_HDOP:2.70
19:18:02  원시위도:37.497052
19:18:02  원시경도:126.957320
19:18:02  GPS채택:4
19:18:02  GPS이상치거부:0
19:18:02  GPS품질거부:0
19:18:02  GPS재기준:0
19:18:02  계산거리:62.75
19:18:02  접근속도:-0.69
19:18:02  TTC:999.00
19:18:02  방향오차:-171.2
19:18:02  전방여부:0
19:18:02  위험음성횟수:0
19:18:02  충격음성횟수:0
19:18:02  마지막위험음성:0
19:18:02  RSSI원시:-77
19:18:02  RSSI평활:-78.0
19:18:02  RSSI샘플:356
19:18:02  RSSI경과ms:47
19:18:02  위험송신:356
19:18:02  시각ms:50229
19:18:02  IMU시각ms:50229
19:18:02  위험:0
19:18:02  원시위험:0
19:18:02  GPS유효:1
19:18:02  위도:37.497051
19:18:02  경도:126.957318
19:18:02  속도:0.70
19:18:02  방향:308.6
19:18:02  이동방향유효:1
19:18:02  GPS이동방향:308.6
19:18:02  차체방향유효:0
19:18:02  차체방향:0.0
19:18:02  후진판정:0
19:18:02  IMU요회전속도:0.00
19:18:02  방향가속도크기:9.74
19:18:02  방향자이로크기:3.84
19:18:02  방향자세cos:0.9995
19:18:02  자기모델잔차:0.26
19:18:02  자기모델반경:1.623
19:18:02  방향채택:0
19:18:02  방향거부:6217
19:18:02  GPS원시속도:0.849
19:18:02  GPS원시방향유효:1
19:18:02  GPS원시방향:308.5
19:18:02  가속도:-0.22,0.26,9.73
19:18:02  자이로:0.0,3.8,-0.4
19:18:02  자력계:-1.500,-77.850,3.750
19:18:02  충격값:0.13
19:18:02  충격피크:0.18
19:18:02  마지막충격발생값:0.00
19:18:02  마지막충격발생ms:0
19:18:02  송신:460
19:18:02  지팡이수신:357
19:18:02  GPS위성:4
19:18:02  GPS_HDOP:2.70
19:18:02  원시위도:37.497052
19:18:02  원시경도:126.957320
19:18:02  GPS채택:4
19:18:02  GPS이상치거부:0
19:18:02  GPS품질거부:0
19:18:02  GPS재기준:0
19:18:02  계산거리:62.75
19:18:02  접근속도:-0.69
19:18:02  TTC:999.00
19:18:02  방향오차:-171.2
19:18:02  전방여부:0
19:18:02  위험음성횟수:0
19:18:02  충격음성횟수:0
19:18:02  마지막위험음성:0
19:18:02  RSSI원시:-76
19:18:02  RSSI평활:-77.6
19:18:02  RSSI샘플:357
19:18:02  RSSI경과ms:47
19:18:02  위험송신:357
19:18:02  시각ms:50335
19:18:02  IMU시각ms:50334
19:18:02  위험:0
19:18:02  원시위험:0
19:18:02  GPS유효:1
19:18:02  위도:37.497052
19:18:02  경도:126.957306
19:18:02  속도:0.78
19:18:02  방향:308.6
19:18:02  이동방향유효:1
19:18:02  GPS이동방향:308.6
19:18:02  차체방향유효:0
19:18:02  차체방향:0.0
19:18:02  후진판정:0
19:18:02  IMU요회전속도:0.00
19:18:02  방향가속도크기:9.82
19:18:02  방향자이로크기:1.51
19:18:02  방향자세cos:0.9999
19:18:02  자기모델잔차:1.17
19:18:02  자기모델반경:1.626
19:18:02  방향채택:0
19:18:02  방향거부:6230
19:18:02  GPS원시속도:0.849
19:18:02  GPS원시방향유효:1
19:18:02  GPS원시방향:308.5
19:18:02  가속도:-0.33,0.44,9.80
19:18:02  자이로:0.1,-1.5,-0.4
19:18:02  자력계:-2.400,-77.700,4.650
19:18:02  충격값:0.13
19:18:02  충격피크:0.17
19:18:02  마지막충격발생값:0.00
19:18:02  마지막충격발생ms:0
19:18:02  송신:461
19:18:02  지팡이수신:358
19:18:02  GPS위성:4
19:18:02  GPS_HDOP:2.70
19:18:02  원시위도:37.497050
19:18:02  원시경도:126.957295
19:18:02  GPS채택:5
19:18:02  GPS이상치거부:0
19:18:02  GPS품질거부:0
19:18:02  GPS재기준:0
19:18:02  계산거리:62.75
19:18:02  접근속도:-0.69
19:18:02  TTC:999.00
19:18:02  방향오차:-171.2
19:18:02  전방여부:0
19:18:02  위험음성횟수:0
19:18:02  충격음성횟수:0
19:18:02  마지막위험음성:0
19:18:02  RSSI원시:-76
19:18:02  RSSI평활:-77.2
19:18:02  RSSI샘플:358
19:18:02  RSSI경과ms:49
19:18:02  위험송신:358
19:18:02  시각ms:50440
19:18:02  IMU시각ms:50439
19:18:02  위험:0
19:18:02  원시위험:0
19:18:02  GPS유효:1
19:18:02  위도:37.497053
19:18:02  경도:126.957305
19:18:02  속도:0.78
19:18:02  방향:308.6
19:18:02  이동방향유효:1
19:18:02  GPS이동방향:308.6
19:18:02  차체방향유효:0
19:18:02  차체방향:0.0
19:18:02  후진판정:0
19:18:02  IMU요회전속도:0.00
19:18:02  방향가속도크기:9.66
19:18:02  방향자이로크기:1.44
19:18:02  방향자세cos:0.9994
19:18:02  자기모델잔차:0.58
19:18:02  자기모델반경:1.660
19:18:02  방향채택:0
19:18:02  방향거부:6243
19:18:02  GPS원시속도:0.849
19:18:02  GPS원시방향유효:1
19:18:02  GPS원시방향:308.5
19:18:02  가속도:-0.11,0.42,9.65
19:18:02  자이로:-0.3,-1.3,-0.5
19:18:02  자력계:-2.100,-78.900,4.200
19:18:02  충격값:0.17
19:18:02  충격피크:0.22
19:18:02  마지막충격발생값:0.00
19:18:02  마지막충격발생ms:0
19:18:02  송신:462
19:18:02  지팡이수신:359
19:18:02  GPS위성:4
19:18:02  GPS_HDOP:2.70
19:18:02  원시위도:37.497050
19:18:02  원시경도:126.957295
19:18:02  GPS채택:5
19:18:02  GPS이상치거부:0
19:18:02  GPS품질거부:0
19:18:02  GPS재기준:0
19:18:02  계산거리:63.67
19:18:02  접근속도:-0.77
19:18:02  TTC:999.00
19:18:02  방향오차:-172.0
19:18:02  전방여부:0
19:18:02  위험음성횟수:0
19:18:02  충격음성횟수:0
19:18:02  마지막위험음성:0
19:18:02  RSSI원시:-77
19:18:02  RSSI평활:-77.2
19:18:02  RSSI샘플:359
19:18:02  RSSI경과ms:49
19:18:02  위험송신:359
19:18:02  시각ms:50545
19:18:02  IMU시각ms:50544
19:18:02  위험:0
19:18:02  원시위험:0
19:18:02  GPS유효:1
19:18:02  위도:37.497054
19:18:02  경도:126.957304
19:18:02  속도:0.78
19:18:02  방향:308.6
19:18:02  이동방향유효:1
19:18:02  GPS이동방향:308.6
19:18:02  차체방향유효:0
19:18:02  차체방향:0.0
19:18:02  후진판정:0
19:18:02  IMU요회전속도:0.00
19:18:02  방향가속도크기:9.70
19:18:02  방향자이로크기:2.08
19:18:02  방향자세cos:0.9998
19:18:02  자기모델잔차:0.59
19:18:02  자기모델반경:1.652
19:18:02  방향채택:0
19:18:02  방향거부:6256
19:18:02  GPS원시속도:0.849
19:18:02  GPS원시방향유효:1
19:18:02  GPS원시방향:308.5
19:18:02  가속도:-0.29,0.39,9.69
19:18:02  자이로:2.0,-0.0,-0.5
19:18:02  자력계:-0.450,-78.900,4.200
19:18:02  충격값:0.03
19:18:02  충격피크:0.13
19:18:02  마지막충격발생값:0.00
19:18:02  마지막충격발생ms:0
19:18:02  송신:463
19:18:02  지팡이수신:360
19:18:02  GPS위성:4
19:18:02  GPS_HDOP:2.70
19:18:02  원시위도:37.497050
19:18:02  원시경도:126.957295
19:18:02  GPS채택:5
19:18:02  GPS이상치거부:0
19:18:02  GPS품질거부:0
19:18:02  GPS재기준:0
19:18:02  계산거리:63.98
19:18:02  접근속도:-0.77
19:18:02  TTC:999.00
19:18:02  방향오차:-171.7
19:18:02  전방여부:0
19:18:02  위험음성횟수:0
19:18:02  충격음성횟수:0
19:18:02  마지막위험음성:0
19:18:02  RSSI원시:-79
19:18:02  RSSI평활:-77.6
19:18:02  RSSI샘플:360
19:18:02  RSSI경과ms:51
19:18:02  위험송신:360
19:18:02  시각ms:50649
19:18:02  IMU시각ms:50648
19:18:02  위험:0
19:18:02  원시위험:0
19:18:02  GPS유효:1
19:18:02  위도:37.497055
19:18:02  경도:126.957303
19:18:02  속도:0.78
19:18:02  방향:308.6
19:18:02  이동방향유효:1
19:18:02  GPS이동방향:308.6
19:18:02  차체방향유효:0
19:18:02  차체방향:0.0
19:18:02  후진판정:0
19:18:02  IMU요회전속도:0.00
19:18:02  방향가속도크기:9.64
19:18:02  방향자이로크기:2.17
19:18:02  방향자세cos:0.9995
19:18:02  자기모델잔차:0.78
19:18:02  자기모델반경:1.685
19:18:02  방향채택:0
19:18:02  방향거부:6267
19:18:02  GPS원시속도:0.849
19:18:02  GPS원시방향유효:1
19:18:02  GPS원시방향:308.5
19:18:02  가속도:-0.21,0.29,9.63
19:18:02  자이로:0.2,-2.0,-0.9
19:18:02  자력계:-1.500,-79.800,4.500
19:18:02  충격값:0.12
19:18:02  충격피크:0.17
19:18:02  마지막충격발생값:0.00
19:18:02  마지막충격발생ms:0
19:18:02  송신:464
19:18:02  지팡이수신:361
19:18:02  GPS위성:4
19:18:02  GPS_HDOP:2.70
19:18:02  원시위도:37.497050
19:18:02  원시경도:126.957295
19:18:02  GPS채택:5
19:18:02  GPS이상치거부:0
19:18:02  GPS품질거부:0
19:18:02  GPS재기준:0
19:18:02  계산거리:63.98
19:18:02  접근속도:-0.77
19:18:02  TTC:999.00
19:18:02  방향오차:-171.7
19:18:02  전방여부:0
19:18:02  위험음성횟수:0
19:18:02  충격음성횟수:0
19:18:02  마지막위험음성:0
19:18:02  RSSI원시:-78
19:18:02  RSSI평활:-77.6
19:18:02  RSSI샘플:361
19:18:02  RSSI경과ms:51
19:18:02  위험송신:361
19:18:02  시각ms:50753
19:18:02  IMU시각ms:50753
19:18:02  위험:0
19:18:02  원시위험:0
19:18:02  GPS유효:1
19:18:02  위도:37.497055
19:18:02  경도:126.957302
19:18:02  속도:0.53
19:18:02  방향:308.6
19:18:02  이동방향유효:1
19:18:02  GPS이동방향:308.6
19:18:02  차체방향유효:0
19:18:02  차체방향:0.0
19:18:02  후진판정:0
19:18:02  IMU요회전속도:0.00
19:18:02  방향가속도크기:9.79
19:18:02  방향자이로크기:1.50
19:18:02  방향자세cos:0.9999
19:18:02  자기모델잔차:1.56
19:18:02  자기모델반경:1.600
19:18:02  방향채택:0
19:18:02  방향거부:6280
19:18:02  GPS원시속도:0.278
19:18:02  GPS원시방향유효:1
19:18:02  GPS원시방향:308.5
19:18:02  가속도:-0.32,0.38,9.77
19:18:02  자이로:-0.2,-0.7,-1.3
19:18:02  자력계:-1.650,-76.950,4.950
19:18:02  충격값:0.10
19:18:02  충격피크:0.20
19:18:02  마지막충격발생값:0.00
19:18:02  마지막충격발생ms:0
19:18:02  송신:465
19:18:02  지팡이수신:362
19:18:02  GPS위성:4
19:18:02  GPS_HDOP:2.70
19:18:02  원시위도:37.497050
19:18:02  원시경도:126.957295
19:18:02  GPS채택:6
19:18:02  GPS이상치거부:0
19:18:02  GPS품질거부:0
19:18:02  GPS재기준:0
19:18:02  계산거리:64.44
19:18:02  접근속도:-0.52
19:18:02  TTC:999.00
19:18:02  방향오차:-171.8
19:18:02  전방여부:0
19:18:02  위험음성횟수:0
19:18:02  충격음성횟수:0
19:18:02  마지막위험음성:0
19:18:02  RSSI원시:-78
19:18:02  RSSI평활:-77.7
19:18:02  RSSI샘플:362
19:18:02  RSSI경과ms:50
19:18:02  위험송신:362
19:18:03  시각ms:50858
19:18:03  IMU시각ms:50858
19:18:03  위험:0
19:18:03  원시위험:0
19:18:03  GPS유효:1
19:18:03  위도:37.497055
19:18:03  경도:126.957302
19:18:03  속도:0.53
19:18:03  방향:308.6
19:18:03  이동방향유효:1
19:18:03  GPS이동방향:308.6
19:18:03  차체방향유효:0
19:18:03  차체방향:0.0
19:18:03  후진판정:0
19:18:03  IMU요회전속도:0.00
19:18:03  방향가속도크기:9.78
19:18:03  방향자이로크기:2.83
19:18:03  방향자세cos:0.9999
19:18:03  자기모델잔차:0.54
19:18:03  자기모델반경:1.635
19:18:03  방향채택:0
19:18:03  방향거부:6293
19:18:03  GPS원시속도:0.278
19:18:03  GPS원시방향유효:1
19:18:03  GPS원시방향:308.5
19:18:03  가속도:-0.36,0.36,9.77
19:18:03  자이로:0.5,-1.9,-2.1
19:18:03  자력계:-1.800,-78.300,3.000
19:18:03  충격값:0.11
19:18:03  충격피크:0.28
19:18:03  마지막충격발생값:0.00
19:18:03  마지막충격발생ms:0
19:18:03  송신:466
19:18:03  지팡이수신:363
19:18:03  GPS위성:4
19:18:03  GPS_HDOP:2.70
19:18:03  원시위도:37.497050
19:18:03  원시경도:126.957295
19:18:03  GPS채택:6
19:18:03  GPS이상치거부:0
19:18:03  GPS품질거부:0
19:18:03  GPS재기준:0
19:18:03  계산거리:64.44
19:18:03  접근속도:-0.52
19:18:03  TTC:999.00
19:18:03  방향오차:-171.8
19:18:03  전방여부:0
19:18:03  위험음성횟수:0
19:18:03  충격음성횟수:0
19:18:03  마지막위험음성:0
19:18:03  RSSI원시:-79
19:18:03  RSSI평활:-78.0
19:18:03  RSSI샘플:363
19:18:03  RSSI경과ms:52
19:18:03  위험송신:363
19:18:03  시각ms:51068
19:18:03  IMU시각ms:51068
19:18:03  위험:0
19:18:03  원시위험:0
19:18:03  GPS유효:1
19:18:03  위도:37.497055
19:18:03  경도:126.957302
19:18:03  속도:0.53
19:18:03  방향:308.6
19:18:03  이동방향유효:1
19:18:03  GPS이동방향:308.6
19:18:03  차체방향유효:0
19:18:03  차체방향:0.0
19:18:03  후진판정:0
19:18:03  IMU요회전속도:0.00
19:18:03  방향가속도크기:9.68
19:18:03  방향자이로크기:3.16
19:18:03  방향자세cos:0.9999
19:18:03  자기모델잔차:0.41
19:18:03  자기모델반경:1.679
19:18:03  방향채택:0
19:18:03  방향거부:6319
19:18:03  GPS원시속도:0.278
19:18:03  GPS원시방향유효:1
19:18:03  GPS원시방향:308.5
19:18:03  가속도:-0.34,0.41,9.66
19:18:03  자이로:2.2,-2.3,-0.3
19:18:03  자력계:-1.050,-79.800,3.300
19:18:03  충격값:0.08
19:18:03  충격피크:0.22
19:18:03  마지막충격발생값:0.00
19:18:03  마지막충격발생ms:0
19:18:03  송신:468
19:18:03  지팡이수신:365
19:18:03  GPS위성:4
19:18:03  GPS_HDOP:2.70
19:18:03  원시위도:37.497050
19:18:03  원시경도:126.957295
19:18:03  GPS채택:6
19:18:03  GPS이상치거부:0
19:18:03  GPS품질거부:0
19:18:03  GPS재기준:0
19:18:03  계산거리:65.06
19:18:03  접근속도:-0.52
19:18:03  TTC:999.00
19:18:03  방향오차:-171.6
19:18:03  전방여부:0
19:18:03  위험음성횟수:0
19:18:03  충격음성횟수:0
19:18:03  마지막위험음성:0
19:18:03  RSSI원시:-78
19:18:03  RSSI평활:-78.0
19:18:03  RSSI샘플:365
19:18:03  RSSI경과ms:51
19:18:03  위험송신:365
19:18:03  시각ms:51279
19:18:03  IMU시각ms:51278
19:18:03  위험:0
19:18:03  원시위험:0
19:18:03  GPS유효:1
19:18:03  위도:37.497055
19:18:03  경도:126.957301
19:18:03  속도:0.53
19:18:03  방향:308.6
19:18:03  이동방향유효:1
19:18:03  GPS이동방향:308.6
19:18:03  차체방향유효:0
19:18:03  차체방향:0.0
19:18:03  후진판정:0
19:18:03  IMU요회전속도:0.00
19:18:03  방향가속도크기:9.68
19:18:03  방향자이로크기:2.80
19:18:03  방향자세cos:0.9999
19:18:03  자기모델잔차:0.34
19:18:03  자기모델반경:1.640
19:18:03  방향채택:0
19:18:03  방향거부:6345
19:18:03  GPS원시속도:0.278
19:18:03  GPS원시방향유효:1
19:18:03  GPS원시방향:308.5
19:18:03  가속도:-0.32,0.40,9.66
19:18:03  자이로:-0.8,2.3,-1.3
19:18:03  자력계:-1.200,-78.450,3.900
19:18:03  충격값:0.07
19:18:03  충격피크:0.16
19:18:03  마지막충격발생값:0.00
19:18:03  마지막충격발생ms:0
19:18:03  송신:470
19:18:03  지팡이수신:367
19:18:03  GPS위성:4
19:18:03  GPS_HDOP:2.70
19:18:03  원시위도:37.497050
19:18:03  원시경도:126.957295
19:18:03  GPS채택:6
19:18:03  GPS이상치거부:0
19:18:03  GPS품질거부:0
19:18:03  GPS재기준:0
19:18:03  계산거리:65.52
19:18:03  접근속도:-0.52
19:18:03  TTC:999.00
19:18:03  방향오차:-172.0
19:18:03  전방여부:0
19:18:03  위험음성횟수:0
19:18:03  충격음성횟수:0
19:18:03  마지막위험음성:0
19:18:03  RSSI원시:-79
19:18:03  RSSI평활:-78.5
19:18:03  RSSI샘플:367
19:18:03  RSSI경과ms:54
19:18:03  위험송신:367
19:18:03  시각ms:51384
19:18:03  IMU시각ms:51383
19:18:03  위험:0
19:18:03  원시위험:0
19:18:03  GPS유효:1
19:18:03  위도:37.497054
19:18:03  경도:126.957303
19:18:03  속도:0.40
19:18:03  방향:308.6
19:18:03  이동방향유효:0
19:18:03  GPS이동방향:308.6
19:18:03  차체방향유효:0
19:18:03  차체방향:0.0
19:18:03  후진판정:0
19:18:03  IMU요회전속도:0.00
19:18:03  방향가속도크기:9.72
19:18:03  방향자이로크기:1.59
19:18:03  방향자세cos:0.9997
19:18:03  자기모델잔차:0.73
19:18:03  자기모델반경:1.615
19:18:03  방향채택:0
19:18:03  방향거부:6358
19:18:03  GPS원시속도:0.278
19:18:03  GPS원시방향유효:1
19:18:03  GPS원시방향:308.5
19:18:03  가속도:-0.23,0.38,9.71
19:18:03  자이로:0.8,-0.9,-1.0
19:18:03  자력계:-0.450,-77.700,4.200
19:18:03  충격값:0.03
19:18:03  충격피크:0.15
19:18:03  마지막충격발생값:0.00
19:18:03  마지막충격발생ms:0
19:18:03  송신:471
19:18:03  지팡이수신:368
19:18:03  GPS위성:4
19:18:03  GPS_HDOP:2.70
19:18:03  원시위도:37.497037
19:18:03  원시경도:126.957317
19:18:03  GPS채택:7
19:18:03  GPS이상치거부:0
19:18:03  GPS품질거부:0
19:18:03  GPS재기준:0
19:18:03  계산거리:65.06
19:18:03  접근속도:0.00
19:18:03  TTC:999.00
19:18:03  방향오차:-172.0
19:18:03  전방여부:0
19:18:03  위험음성횟수:0
19:18:03  충격음성횟수:0
19:18:03  마지막위험음성:0
19:18:03  RSSI원시:-79
19:18:03  RSSI평활:-78.6
19:18:03  RSSI샘플:368
19:18:03  RSSI경과ms:56
19:18:03  위험송신:368
19:18:03  시각ms:51488
19:18:03  IMU시각ms:51488
19:18:03  위험:0
19:18:03  원시위험:0
19:18:03  GPS유효:1
19:18:03  위도:37.497053
19:18:03  경도:126.957304
19:18:03  속도:0.40
19:18:03  방향:308.6
19:18:03  이동방향유효:0
19:18:03  GPS이동방향:308.6
19:18:03  차체방향유효:0
19:18:03  차체방향:0.0
19:18:03  후진판정:0
19:18:03  IMU요회전속도:0.00
19:18:03  방향가속도크기:9.74
19:18:03  방향자이로크기:3.12
19:18:03  방향자세cos:0.9995
19:18:03  자기모델잔차:0.64
19:18:03  자기모델반경:1.641
19:18:03  방향채택:0
19:18:03  방향거부:6371
19:18:03  GPS원시속도:0.391
19:18:03  GPS원시방향유효:1
19:18:03  GPS원시방향:308.5
19:18:03  가속도:-0.18,0.35,9.73
19:18:03  자이로:-1.3,-1.1,-2.6
19:18:03  자력계:-1.200,-78.450,4.200
19:18:03  충격값:0.09
19:18:03  충격피크:0.19
19:18:03  마지막충격발생값:0.00
19:18:03  마지막충격발생ms:0
19:18:03  송신:472
19:18:03  지팡이수신:369
19:18:03  GPS위성:4
19:18:03  GPS_HDOP:2.70
19:18:03  원시위도:37.497037
19:18:03  원시경도:126.957317
19:18:03  GPS채택:8
19:18:03  GPS이상치거부:0
19:18:03  GPS품질거부:0
19:18:03  GPS재기준:0
19:18:03  계산거리:65.06
19:18:03  접근속도:0.00
19:18:03  TTC:999.00
19:18:03  방향오차:-172.0
19:18:03  전방여부:0
19:18:03  위험음성횟수:0
19:18:03  충격음성횟수:0
19:18:03  마지막위험음성:0
19:18:03  RSSI원시:-81
19:18:03  RSSI평활:-79.1
19:18:03  RSSI샘플:369
19:18:03  RSSI경과ms:56
19:18:03  위험송신:369
19:18:03  시각ms:51593
19:18:03  IMU시각ms:51593
19:18:03  위험:0
19:18:03  원시위험:0
19:18:03  GPS유효:1
19:18:03  위도:37.497053
19:18:03  경도:126.957304
19:18:03  속도:0.40
19:18:03  방향:308.6
19:18:03  이동방향유효:0
19:18:03  GPS이동방향:308.6
19:18:03  차체방향유효:0
19:18:03  차체방향:0.0
19:18:03  후진판정:0
19:18:03  IMU요회전속도:0.00
19:18:03  방향가속도크기:9.70
19:18:03  방향자이로크기:3.08
19:18:03  방향자세cos:0.9995
19:18:03  자기모델잔차:0.43
19:18:03  자기모델반경:1.616
19:18:03  방향채택:0
19:18:03  방향거부:6384
19:18:03  GPS원시속도:0.391
19:18:03  GPS원시방향유효:1
19:18:03  GPS원시방향:308.5
19:18:03  가속도:-0.15,0.38,9.69
19:18:03  자이로:1.2,-0.1,-2.8
19:18:03  자력계:-0.900,-77.700,3.900
19:18:03  충격값:0.10
19:18:03  충격피크:0.22
19:18:03  마지막충격발생값:0.00
19:18:03  마지막충격발생ms:0
19:18:03  송신:473
19:18:03  지팡이수신:370
19:18:03  GPS위성:4
19:18:03  GPS_HDOP:2.70
19:18:03  원시위도:37.497037
19:18:03  원시경도:126.957317
19:18:03  GPS채택:8
19:18:03  GPS이상치거부:0
19:18:03  GPS품질거부:0
19:18:03  GPS재기준:0
19:18:03  계산거리:65.06
19:18:03  접근속도:0.00
19:18:03  TTC:999.00
19:18:03  방향오차:-171.8
19:18:03  전방여부:0
19:18:03  위험음성횟수:0
19:18:03  충격음성횟수:0
19:18:03  마지막위험음성:0
19:18:03  RSSI원시:-80
19:18:03  RSSI평활:-79.3
19:18:03  RSSI샘플:370
19:18:03  RSSI경과ms:57
19:18:03  위험송신:370
19:18:04  시각ms:51901
19:18:04  IMU시각ms:51901
19:18:04  위험:0
19:18:04  원시위험:0
19:18:04  GPS유효:1
19:18:04  위도:37.497052
19:18:04  경도:126.957304
19:18:04  속도:0.40
19:18:04  방향:308.6
19:18:04  이동방향유효:0
19:18:04  GPS이동방향:308.6
19:18:04  차체방향유효:0
19:18:04  차체방향:0.0
19:18:04  후진판정:0
19:18:04  IMU요회전속도:0.00
19:18:04  방향가속도크기:9.62
19:18:04  방향자이로크기:1.04
19:18:04  방향자세cos:0.9997
19:18:04  자기모델잔차:1.83
19:18:04  자기모델반경:1.650
19:18:04  방향채택:0
19:18:04  방향거부:6422
19:18:04  GPS원시속도:0.391
19:18:04  GPS원시방향유효:1
19:18:04  GPS원시방향:308.5
19:18:04  가속도:-0.24,0.34,9.61
19:18:04  자이로:-0.9,0.5,0.2
19:18:04  자력계:-2.100,-78.450,5.400
19:18:04  충격값:0.09
19:18:04  충격피크:0.23
19:18:04  마지막충격발생값:0.00
19:18:04  마지막충격발생ms:0
19:18:04  송신:476
19:18:04  지팡이수신:372
19:18:04  GPS위성:4
19:18:04  GPS_HDOP:2.70
19:18:04  원시위도:37.497037
19:18:04  원시경도:126.957317
19:18:04  GPS채택:8
19:18:04  GPS이상치거부:0
19:18:04  GPS품질거부:0
19:18:04  GPS재기준:0
19:18:04  계산거리:65.06
19:18:04  접근속도:0.00
19:18:04  TTC:999.00
19:18:04  방향오차:-171.8
19:18:04  전방여부:0
19:18:04  위험음성횟수:0
19:18:04  충격음성횟수:0
19:18:04  마지막위험음성:0
19:18:04  RSSI원시:-79
19:18:04  RSSI평활:-79.0
19:18:04  RSSI샘플:372
19:18:04  RSSI경과ms:53
19:18:04  위험송신:372
19:18:04  시각ms:52006
19:18:04  IMU시각ms:52006
19:18:04  위험:0
19:18:04  원시위험:0
19:18:04  GPS유효:1
19:18:04  위도:37.497052
19:18:04  경도:126.957304
19:18:04  속도:0.40
19:18:04  방향:308.6
19:18:04  이동방향유효:0
19:18:04  GPS이동방향:308.6
19:18:04  차체방향유효:0
19:18:04  차체방향:0.0
19:18:04  후진판정:0
19:18:04  IMU요회전속도:0.00
19:18:04  방향가속도크기:9.71
19:18:04  방향자이로크기:3.16
19:18:04  방향자세cos:0.9997
19:18:04  자기모델잔차:1.09
19:18:04  자기모델반경:1.639
19:18:04  방향채택:0
19:18:04  방향거부:6435
19:18:04  GPS원시속도:0.391
19:18:04  GPS원시방향유효:1
19:18:04  GPS원시방향:308.5
19:18:04  가속도:-0.23,0.37,9.70
19:18:04  자이로:2.7,1.2,-1.0
19:18:04  자력계:-0.450,-78.450,4.650
19:18:04  충격값:0.04
19:18:04  충격피크:0.16
19:18:04  마지막충격발생값:0.00
19:18:04  마지막충격발생ms:0
19:18:04  송신:477
19:18:04  지팡이수신:373
19:18:04  GPS위성:4
19:18:04  GPS_HDOP:2.70
19:18:04  원시위도:37.497037
19:18:04  원시경도:126.957317
19:18:04  GPS채택:8
19:18:04  GPS이상치거부:0
19:18:04  GPS품질거부:0
19:18:04  GPS재기준:0
19:18:04  계산거리:65.37
19:18:04  접근속도:0.00
19:18:04  TTC:999.00
19:18:04  방향오차:-171.6
19:18:04  전방여부:0
19:18:04  위험음성횟수:0
19:18:04  충격음성횟수:0
19:18:04  마지막위험음성:0
19:18:04  RSSI원시:-79
19:18:04  RSSI평활:-79.0
19:18:04  RSSI샘플:373
19:18:04  RSSI경과ms:51
19:18:04  위험송신:373
19:18:04  시각ms:52106
19:18:04  IMU시각ms:52106
19:18:04  위험:0
19:18:04  원시위험:0
19:18:04  GPS유효:1
19:18:04  위도:37.497052
19:18:04  경도:126.957304
19:18:04  속도:0.40
19:18:04  방향:308.6
19:18:04  이동방향유효:0
19:18:04  GPS이동방향:308.6
19:18:04  차체방향유효:0
19:18:04  차체방향:0.0
19:18:04  후진판정:0
19:18:04  IMU요회전속도:0.00
19:18:04  방향가속도크기:9.69
19:18:04  방향자이로크기:3.54
19:18:04  방향자세cos:0.9995
19:18:04  자기모델잔차:1.62
19:18:04  자기모델반경:1.660
19:18:04  방향채택:0
19:18:04  방향거부:6449
19:18:04  GPS원시속도:0.391
19:18:04  GPS원시방향유효:1
19:18:04  GPS원시방향:308.5
19:18:04  가속도:-0.19,0.33,9.68
19:18:04  자이로:1.5,-1.6,-2.8
19:18:04  자력계:-0.300,-79.050,5.250
19:18:04  충격값:0.09
19:18:04  충격피크:0.22
19:18:04  마지막충격발생값:0.00
19:18:04  마지막충격발생ms:0
19:18:04  송신:478
19:18:04  지팡이수신:373
19:18:04  GPS위성:4
19:18:04  GPS_HDOP:2.70
19:18:04  원시위도:37.497037
19:18:04  원시경도:126.957317
19:18:04  GPS채택:8
19:18:04  GPS이상치거부:0
19:18:04  GPS품질거부:0
19:18:04  GPS재기준:0
19:18:04  계산거리:65.37
19:18:04  접근속도:0.00
19:18:04  TTC:999.00
19:18:04  방향오차:-171.6
19:18:04  전방여부:0
19:18:04  위험음성횟수:0
19:18:04  충격음성횟수:0
19:18:04  마지막위험음성:0
19:18:04  RSSI원시:-79
19:18:04  RSSI평활:-79.0
19:18:04  RSSI샘플:373
19:18:04  RSSI경과ms:151
19:18:04  위험송신:373
19:18:04  시각ms:52206
19:18:04  IMU시각ms:52206
19:18:04  위험:0
19:18:04  원시위험:0
19:18:04  GPS유효:1
19:18:04  위도:37.497052
19:18:04  경도:126.957304
19:18:04  속도:0.40
19:18:04  방향:308.6
19:18:04  이동방향유효:0
19:18:04  GPS이동방향:308.6
19:18:04  차체방향유효:0
19:18:04  차체방향:0.0
19:18:04  후진판정:0
19:18:04  IMU요회전속도:0.00
19:18:04  방향가속도크기:9.78
19:18:04  방향자이로크기:4.06
19:18:04  방향자세cos:0.9999
19:18:04  자기모델잔차:0.23
19:18:04  자기모델반경:1.627
19:18:04  방향채택:0
19:18:04  방향거부:6463
19:18:04  GPS원시속도:0.391
19:18:04  GPS원시방향유효:1
19:18:04  GPS원시방향:308.5
19:18:04  가속도:-0.33,0.45,9.76
19:18:04  자이로:2.4,2.8,1.7
19:18:04  자력계:0.300,-78.300,3.300
19:18:04  충격값:0.12
19:18:04  충격피크:0.18
19:18:04  마지막충격발생값:0.00
19:18:04  마지막충격발생ms:0
19:18:04  송신:479
19:18:04  지팡이수신:373
19:18:04  GPS위성:4
19:18:04  GPS_HDOP:2.70
19:18:04  원시위도:37.497037
19:18:04  원시경도:126.957317
19:18:04  GPS채택:8
19:18:04  GPS이상치거부:0
19:18:04  GPS품질거부:0
19:18:04  GPS재기준:0
19:18:04  계산거리:65.37
19:18:04  접근속도:0.00
19:18:04  TTC:999.00
19:18:04  방향오차:-171.6
19:18:04  전방여부:0
19:18:04  위험음성횟수:0
19:18:04  충격음성횟수:0
19:18:04  마지막위험음성:0
19:18:04  RSSI원시:-79
19:18:04  RSSI평활:-79.0
19:18:04  RSSI샘플:373
19:18:04  RSSI경과ms:251
19:18:04  위험송신:373
19:18:04  시각ms:52307
19:18:04  IMU시각ms:52306
19:18:04  위험:0
19:18:04  원시위험:0
19:18:04  GPS유효:1
19:18:04  위도:37.497052
19:18:04  경도:126.957304
19:18:04  속도:0.40
19:18:04  방향:308.6
19:18:04  이동방향유효:0
19:18:04  GPS이동방향:308.6
19:18:04  차체방향유효:0
19:18:04  차체방향:0.0
19:18:04  후진판정:0
19:18:04  IMU요회전속도:0.00
19:18:04  방향가속도크기:9.63
19:18:04  방향자이로크기:2.37
19:18:04  방향자세cos:0.9998
19:18:04  자기모델잔차:0.38
19:18:04  자기모델반경:1.628
19:18:04  방향채택:0
19:18:04  방향거부:6477
19:18:04  GPS원시속도:0.391
19:18:04  GPS원시방향유효:1
19:18:04  GPS원시방향:308.5
19:18:04  가속도:-0.26,0.41,9.62
19:18:04  자이로:-0.1,-2.3,0.7
19:18:04  자력계:-0.450,-78.150,3.900
19:18:04  충격값:0.08
19:18:04  충격피크:0.19
19:18:04  마지막충격발생값:0.00
19:18:04  마지막충격발생ms:0
19:18:04  송신:480
19:18:04  지팡이수신:373
19:18:04  GPS위성:4
19:18:04  GPS_HDOP:2.70
19:18:04  원시위도:37.497037
19:18:04  원시경도:126.957317
19:18:04  GPS채택:8
19:18:04  GPS이상치거부:0
19:18:04  GPS품질거부:0
19:18:04  GPS재기준:0
19:18:04  계산거리:65.37
19:18:04  접근속도:0.00
19:18:04  TTC:999.00
19:18:04  방향오차:-171.6
19:18:04  전방여부:0
19:18:04  위험음성횟수:0
19:18:04  충격음성횟수:0
19:18:04  마지막위험음성:0
19:18:04  RSSI원시:-79
19:18:04  RSSI평활:-79.0
19:18:04  RSSI샘플:373
19:18:04  RSSI경과ms:352
19:18:04  위험송신:373
19:18:04  시각ms:52412
19:18:04  IMU시각ms:52411
19:18:04  위험:0
19:18:04  원시위험:0
19:18:04  GPS유효:1
19:18:04  위도:37.497051
19:18:04  경도:126.957306
19:18:04  속도:0.39
19:18:04  방향:308.6
19:18:04  이동방향유효:0
19:18:04  GPS이동방향:308.6
19:18:04  차체방향유효:0
19:18:04  차체방향:0.0
19:18:04  후진판정:0
19:18:04  IMU요회전속도:0.00
19:18:04  방향가속도크기:9.71
19:18:04  방향자이로크기:4.30
19:18:04  방향자세cos:0.9996
19:18:04  자기모델잔차:0.73
19:18:04  자기모델반경:1.696
19:18:04  방향채택:0
19:18:04  방향거부:6490
19:18:04  GPS원시속도:0.391
19:18:04  GPS원시방향유효:1
19:18:04  GPS원시방향:308.5
19:18:04  가속도:-0.25,0.29,9.71
19:18:04  자이로:2.5,-2.4,2.6
19:18:04  자력계:-0.750,-80.250,4.500
19:18:04  충격값:0.09
19:18:04  충격피크:0.21
19:18:04  마지막충격발생값:0.00
19:18:04  마지막충격발생ms:0
19:18:04  송신:481
19:18:04  지팡이수신:374
19:18:04  GPS위성:4
19:18:04  GPS_HDOP:2.70
19:18:04  원시위도:37.497033
19:18:04  원시경도:126.957327
19:18:04  GPS채택:9
19:18:04  GPS이상치거부:0
19:18:04  GPS품질거부:0
19:18:04  GPS재기준:0
19:18:04  계산거리:65.68
19:18:04  접근속도:0.00
19:18:04  TTC:999.00
19:18:04  방향오차:-171.1
19:18:04  전방여부:0
19:18:04  위험음성횟수:0
19:18:04  충격음성횟수:0
19:18:04  마지막위험음성:0
19:18:04  RSSI원시:-77
19:18:04  RSSI평활:-78.6
19:18:04  RSSI샘플:374
19:18:04  RSSI경과ms:36
19:18:04  위험송신:374
19:18:04  시각ms:52517
19:18:04  IMU시각ms:52516
19:18:04  위험:0
19:18:04  원시위험:0
19:18:04  GPS유효:1
19:18:04  위도:37.497050
19:18:04  경도:126.957307
19:18:04  속도:0.27
19:18:04  방향:308.6
19:18:04  이동방향유효:0
19:18:04  GPS이동방향:308.6
19:18:04  차체방향유효:0
19:18:04  차체방향:0.0
19:18:04  후진판정:0
19:18:04  IMU요회전속도:0.00
19:18:04  방향가속도크기:9.67
19:18:04  방향자이로크기:0.74
19:18:04  방향자세cos:0.9997
19:18:04  자기모델잔차:0.94
19:18:04  자기모델반경:1.686
19:18:04  방향채택:0
19:18:04  방향거부:6503
19:18:04  GPS원시속도:0.154
19:18:04  GPS원시방향유효:1
19:18:04  GPS원시방향:308.5
19:18:04  가속도:-0.19,0.47,9.65
19:18:04  자이로:0.3,0.2,0.6
19:18:04  자력계:-2.400,-79.650,4.650
19:18:04  충격값:0.12
19:18:04  충격피크:0.14
19:18:04  마지막충격발생값:0.00
19:18:04  마지막충격발생ms:0
19:18:04  송신:482
19:18:04  지팡이수신:375
19:18:04  GPS위성:4
19:18:04  GPS_HDOP:2.70
19:18:04  원시위도:37.497033
19:18:04  원시경도:126.957327
19:18:04  GPS채택:10
19:18:04  GPS이상치거부:0
19:18:04  GPS품질거부:0
19:18:04  GPS재기준:0
19:18:04  계산거리:65.68
19:18:04  접근속도:0.00
19:18:04  TTC:999.00
19:18:04  방향오차:-171.0
19:18:04  전방여부:0
19:18:04  위험음성횟수:0
19:18:04  충격음성횟수:0
19:18:04  마지막위험음성:0
19:18:04  RSSI원시:-78
19:18:04  RSSI평활:-78.5
19:18:04  RSSI샘플:375
19:18:04  RSSI경과ms:45
19:18:04  위험송신:375
19:18:04  시각ms:52720
19:18:04  IMU시각ms:52720
19:18:04  위험:0
19:18:04  원시위험:0
19:18:04  GPS유효:1
19:18:04  위도:37.497050
19:18:04  경도:126.957307
19:18:04  속도:0.27
19:18:04  방향:308.6
19:18:04  이동방향유효:0
19:18:04  GPS이동방향:308.6
19:18:04  차체방향유효:0
19:18:04  차체방향:0.0
19:18:04  후진판정:0
19:18:04  IMU요회전속도:0.00
19:18:04  방향가속도크기:9.76
19:18:04  방향자이로크기:0.43
19:18:04  방향자세cos:0.9998
19:18:04  자기모델잔차:1.35
19:18:04  자기모델반경:1.610
19:18:04  방향채택:0
19:18:04  방향거부:6525
19:18:04  GPS원시속도:0.154
19:18:04  GPS원시방향유효:1
19:18:04  GPS원시방향:308.5
19:18:04  가속도:-0.31,0.35,9.75
19:18:04  자이로:-0.3,0.3,0.2
19:18:04  자력계:0.000,-77.550,4.800
19:18:04  충격값:0.07
19:18:04  충격피크:0.19
19:18:04  마지막충격발생값:0.00
19:18:04  마지막충격발생ms:0
19:18:04  송신:484
19:18:04  지팡이수신:377
19:18:04  GPS위성:4
19:18:04  GPS_HDOP:2.70
19:18:04  원시위도:37.497033
19:18:04  원시경도:126.957327
19:18:04  GPS채택:10
19:18:04  GPS이상치거부:0
19:18:04  GPS품질거부:0
19:18:04  GPS재기준:0
19:18:04  계산거리:65.68
19:18:04  접근속도:0.00
19:18:04  TTC:999.00
19:18:04  방향오차:-171.0
19:18:04  전방여부:0
19:18:04  위험음성횟수:0
19:18:04  충격음성횟수:0
19:18:04  마지막위험음성:0
19:18:04  RSSI원시:-76
19:18:04  RSSI평활:-77.6
19:18:04  RSSI샘플:377
19:18:04  RSSI경과ms:33
19:18:04  위험송신:377
19:18:05  시각ms:53035
19:18:05  IMU시각ms:53035
19:18:05  위험:0
19:18:05  원시위험:0
19:18:05  GPS유효:1
19:18:05  위도:37.497049
19:18:05  경도:126.957307
19:18:05  속도:0.27
19:18:05  방향:308.6
19:18:05  이동방향유효:0
19:18:05  GPS이동방향:308.6
19:18:05  차체방향유효:0
19:18:05  차체방향:0.0
19:18:05  후진판정:0
19:18:05  IMU요회전속도:0.00
19:18:05  방향가속도크기:9.70
19:18:05  방향자이로크기:1.52
19:18:05  방향자세cos:0.9998
19:18:05  자기모델잔차:1.65
19:18:05  자기모델반경:1.652
19:18:05  방향채택:0
19:18:05  방향거부:6564
19:18:05  GPS원시속도:0.154
19:18:05  GPS원시방향유효:1
19:18:05  GPS원시방향:308.5
19:18:05  가속도:-0.23,0.50,9.68
19:18:05  자이로:1.0,-0.9,-0.6
19:18:05  자력계:-0.750,-78.750,5.250
19:18:05  충격값:0.13
19:18:05  충격피크:0.15
19:18:05  마지막충격발생값:0.00
19:18:05  마지막충격발생ms:0
19:18:05  송신:487
19:18:05  지팡이수신:380
19:18:05  GPS위성:4
19:18:05  GPS_HDOP:2.70
19:18:05  원시위도:37.497033
19:18:05  원시경도:126.957327
19:18:05  GPS채택:10
19:18:05  GPS이상치거부:0
19:18:05  GPS품질거부:0
19:18:05  GPS재기준:0
19:18:05  계산거리:65.99
19:18:05  접근속도:0.00
19:18:05  TTC:999.00
19:18:05  방향오차:-170.8
19:18:05  전방여부:0
19:18:05  위험음성횟수:0
19:18:05  충격음성횟수:0
19:18:05  마지막위험음성:0
19:18:05  RSSI원시:-77
19:18:05  RSSI평활:-77.0
19:18:05  RSSI샘플:380
19:18:05  RSSI경과ms:41
19:18:05  위험송신:380
19:18:05  시각ms:53246
19:18:05  IMU시각ms:53245
19:18:05  위험:0
19:18:05  원시위험:0
19:18:05  GPS유효:1
19:18:05  위도:37.497049
19:18:05  경도:126.957307
19:18:05  속도:0.27
19:18:05  방향:308.6
19:18:05  이동방향유효:0
19:18:05  GPS이동방향:308.6
19:18:05  차체방향유효:0
19:18:05  차체방향:0.0
19:18:05  후진판정:0
19:18:05  IMU요회전속도:0.00
19:18:05  방향가속도크기:9.77
19:18:05  방향자이로크기:4.56
19:18:05  방향자세cos:0.9997
19:18:05  자기모델잔차:0.99
19:18:05  자기모델반경:1.672
19:18:05  방향채택:0
19:18:05  방향거부:6590
19:18:05  GPS원시속도:0.154
19:18:05  GPS원시방향유효:1
19:18:05  GPS원시방향:308.5
19:18:05  가속도:-0.24,0.58,9.75
19:18:05  자이로:1.2,0.5,-4.4
19:18:05  자력계:-2.400,-79.200,4.650
19:18:05  충격값:0.21
19:18:05  충격피크:0.21
19:18:05  마지막충격발생값:0.00
19:18:05  마지막충격발생ms:0
19:18:05  송신:489
19:18:05  지팡이수신:382
19:18:05  GPS위성:4
19:18:05  GPS_HDOP:2.70
19:18:05  원시위도:37.497033
19:18:05  원시경도:126.957327
19:18:05  GPS채택:10
19:18:05  GPS이상치거부:0
19:18:05  GPS품질거부:0
19:18:05  GPS재기준:0
19:18:05  계산거리:66.76
19:18:05  접근속도:0.00
19:18:05  TTC:999.00
19:18:05  방향오차:-171.0
19:18:05  전방여부:0
19:18:05  위험음성횟수:0
19:18:05  충격음성횟수:0
19:18:05  마지막위험음성:0
19:18:05  RSSI원시:-75
19:18:05  RSSI평활:-76.1
19:18:05  RSSI샘플:382
19:18:05  RSSI경과ms:40
19:18:05  위험송신:382
19:18:05  시각ms:53352
19:18:05  IMU시각ms:53351
19:18:05  위험:0
19:18:05  원시위험:0
19:18:05  GPS유효:1
19:18:05  위도:37.497048
19:18:05  경도:126.957309
19:18:05  속도:0.21
19:18:05  방향:308.6
19:18:05  이동방향유효:0
19:18:05  GPS이동방향:308.6
19:18:05  차체방향유효:0
19:18:05  차체방향:0.0
19:18:05  후진판정:0
19:18:05  IMU요회전속도:0.00
19:18:05  방향가속도크기:9.80
19:18:05  방향자이로크기:2.69
19:18:05  방향자세cos:0.9999
19:18:05  자기모델잔차:0.07
19:18:05  자기모델반경:1.628
19:18:05  방향채택:0
19:18:05  방향거부:6603
19:18:05  GPS원시속도:0.154
19:18:05  GPS원시방향유효:1
19:18:05  GPS원시방향:308.5
19:18:05  가속도:-0.32,0.40,9.79
19:18:05  자이로:0.7,-1.4,2.2
19:18:05  자력계:-0.900,-78.150,3.450
19:18:05  충격값:0.10
19:18:05  충격피크:0.14
19:18:05  마지막충격발생값:0.00
19:18:05  마지막충격발생ms:0
19:18:05  송신:490
19:18:05  지팡이수신:383
19:18:05  GPS위성:4
19:18:05  GPS_HDOP:2.70
19:18:05  원시위도:37.497033
19:18:05  원시경도:126.957333
19:18:05  GPS채택:11
19:18:05  GPS이상치거부:0
19:18:05  GPS품질거부:0
19:18:05  GPS재기준:0
19:18:05  계산거리:66.76
19:18:05  접근속도:0.00
19:18:05  TTC:999.00
19:18:05  방향오차:-171.0
19:18:05  전방여부:0
19:18:05  위험음성횟수:0
19:18:05  충격음성횟수:0
19:18:05  마지막위험음성:0
19:18:05  RSSI원시:-79
19:18:05  RSSI평활:-76.7
19:18:05  RSSI샘플:383
19:18:05  RSSI경과ms:44
19:18:05  위험송신:383
19:18:05  시각ms:53457
19:18:05  IMU시각ms:53456
19:18:05  위험:0
19:18:05  원시위험:0
19:18:05  GPS유효:1
19:18:05  위도:37.497048
19:18:05  경도:126.957309
19:18:05  속도:0.21
19:18:05  방향:308.6
19:18:05  이동방향유효:0
19:18:05  GPS이동방향:308.6
19:18:05  차체방향유효:0
19:18:05  차체방향:0.0
19:18:05  후진판정:0
19:18:05  IMU요회전속도:0.00
19:18:05  방향가속도크기:9.73
19:18:05  방향자이로크기:4.73
19:18:05  방향자세cos:0.9998
19:18:05  자기모델잔차:0.65
19:18:05  자기모델반경:1.638
19:18:05  방향채택:0
19:18:05  방향거부:6616
19:18:05  GPS원시속도:0.154
19:18:05  GPS원시방향유효:1
19:18:05  GPS원시방향:308.5
19:18:05  가속도:-0.28,0.41,9.72
19:18:05  자이로:3.1,-3.5,-0.8
19:18:05  자력계:-0.450,-78.450,4.200
19:18:05  충격값:0.04
19:18:05  충격피크:0.19
19:18:05  마지막충격발생값:0.00
19:18:05  마지막충격발생ms:0
19:18:05  송신:491
19:18:05  지팡이수신:384
19:18:05  GPS위성:4
19:18:05  GPS_HDOP:2.70
19:18:05  원시위도:37.497033
19:18:05  원시경도:126.957333
19:18:05  GPS채택:11
19:18:05  GPS이상치거부:0
19:18:05  GPS품질거부:0
19:18:05  GPS재기준:0
19:18:05  계산거리:66.45
19:18:05  접근속도:0.00
19:18:05  TTC:999.00
19:18:05  방향오차:-171.0
19:18:05  전방여부:0
19:18:05  위험음성횟수:0
19:18:05  충격음성횟수:0
19:18:05  마지막위험음성:0
19:18:05  RSSI원시:-74
19:18:05  RSSI평활:-76.2
19:18:05  RSSI샘플:384
19:18:05  RSSI경과ms:47
19:18:05  위험송신:384
19:18:05  시각ms:53557
19:18:05  IMU시각ms:53556
19:18:05  위험:0
19:18:05  원시위험:0
19:18:05  GPS유효:1
19:18:05  위도:37.497047
19:18:05  경도:126.957311
19:18:05  속도:0.27
19:18:05  방향:308.6
19:18:05  이동방향유효:0
19:18:05  GPS이동방향:308.6
19:18:05  차체방향유효:0
19:18:05  차체방향:0.0
19:18:05  후진판정:0
19:18:05  IMU요회전속도:0.00
19:18:05  방향가속도크기:9.59
19:18:05  방향자이로크기:2.99
19:18:05  방향자세cos:0.9995
19:18:05  자기모델잔차:0.16
19:18:05  자기모델반경:1.647
19:18:05  방향채택:0
19:18:05  방향거부:6630
19:18:05  GPS원시속도:0.329
19:18:05  GPS원시방향유효:1
19:18:05  GPS원시방향:308.5
19:18:05  가속도:-0.18,0.30,9.58
19:18:05  자이로:2.9,-0.1,-0.7
19:18:05  자력계:-0.750,-78.750,3.750
19:18:05  충격값:0.16
19:18:05  충격피크:0.18
19:18:05  마지막충격발생값:0.00
19:18:05  마지막충격발생ms:0
19:18:05  송신:492
19:18:05  지팡이수신:384
19:18:05  GPS위성:4
19:18:05  GPS_HDOP:2.70
19:18:05  원시위도:37.497033
19:18:05  원시경도:126.957333
19:18:05  GPS채택:12
19:18:05  GPS이상치거부:0
19:18:05  GPS품질거부:0
19:18:05  GPS재기준:0
19:18:05  계산거리:66.45
19:18:05  접근속도:0.00
19:18:05  TTC:999.00
19:18:05  방향오차:-171.0
19:18:05  전방여부:0
19:18:05  위험음성횟수:0
19:18:05  충격음성횟수:0
19:18:05  마지막위험음성:0
19:18:05  RSSI원시:-74
19:18:05  RSSI평활:-76.2
19:18:05  RSSI샘플:384
19:18:05  RSSI경과ms:147
19:18:05  위험송신:384
19:18:05  시각ms:53763
19:18:05  IMU시각ms:53763
19:18:05  위험:0
19:18:05  원시위험:0
19:18:05  GPS유효:1
19:18:05  위도:37.497047
19:18:05  경도:126.957311
19:18:05  속도:0.27
19:18:05  방향:308.6
19:18:05  이동방향유효:0
19:18:05  GPS이동방향:308.6
19:18:05  차체방향유효:0
19:18:05  차체방향:0.0
19:18:05  후진판정:0
19:18:05  IMU요회전속도:0.00
19:18:05  방향가속도크기:9.76
19:18:05  방향자이로크기:4.15
19:18:05  방향자세cos:0.9999
19:18:05  자기모델잔차:1.33
19:18:05  자기모델반경:1.658
19:18:05  방향채택:0
19:18:05  방향거부:6654
19:18:05  GPS원시속도:0.329
19:18:05  GPS원시방향유효:1
19:18:05  GPS원시방향:308.5
19:18:05  가속도:-0.30,0.41,9.75
19:18:05  자이로:2.3,-2.2,-2.7
19:18:05  자력계:-1.200,-78.900,4.950
19:18:05  충격값:0.07
19:18:05  충격피크:0.13
19:18:05  마지막충격발생값:0.00
19:18:05  마지막충격발생ms:0
19:18:05  송신:494
19:18:05  지팡이수신:386
19:18:05  GPS위성:4
19:18:05  GPS_HDOP:2.70
19:18:05  원시위도:37.497033
19:18:05  원시경도:126.957333
19:18:05  GPS채택:12
19:18:05  GPS이상치거부:0
19:18:05  GPS품질거부:0
19:18:05  GPS재기준:0
19:18:05  계산거리:65.99
19:18:05  접근속도:0.00
19:18:05  TTC:999.00
19:18:05  방향오차:-170.9
19:18:05  전방여부:0
19:18:05  위험음성횟수:0
19:18:05  충격음성횟수:0
19:18:05  마지막위험음성:0
19:18:05  RSSI원시:-77
19:18:05  RSSI평활:-76.6
19:18:05  RSSI샘플:386
19:18:05  RSSI경과ms:36
19:18:05  위험송신:386
19:18:06  시각ms:53868
19:18:06  IMU시각ms:53868
19:18:06  위험:0
19:18:06  원시위험:0
19:18:06  GPS유효:1
19:18:06  위도:37.497047
19:18:06  경도:126.957311
19:18:06  속도:0.27
19:18:06  방향:308.6
19:18:06  이동방향유효:0
19:18:06  GPS이동방향:308.6
19:18:06  차체방향유효:0
19:18:06  차체방향:0.0
19:18:06  후진판정:0
19:18:06  IMU요회전속도:0.00
19:18:06  방향가속도크기:9.86
19:18:06  방향자이로크기:3.91
19:18:06  방향자세cos:0.9998
19:18:06  자기모델잔차:1.30
19:18:06  자기모델반경:1.669
19:18:06  방향채택:0
19:18:06  방향거부:6667
19:18:06  GPS원시속도:0.329
19:18:06  GPS원시방향유효:1
19:18:06  GPS원시방향:308.5
19:18:06  가속도:-0.25,0.42,9.84
19:18:06  자이로:-1.1,0.9,-3.7
19:18:06  자력계:-1.650,-79.200,4.950
19:18:06  충격값:0.15
19:18:06  충격피크:0.15
19:18:06  마지막충격발생값:0.00
19:18:06  마지막충격발생ms:0
19:18:06  송신:495
19:18:06  지팡이수신:387
19:18:06  GPS위성:4
19:18:06  GPS_HDOP:2.70
19:18:06  원시위도:37.497033
19:18:06  원시경도:126.957333
19:18:06  GPS채택:12
19:18:06  GPS이상치거부:0
19:18:06  GPS품질거부:0
19:18:06  GPS재기준:0
19:18:06  계산거리:65.99
19:18:06  접근속도:0.00
19:18:06  TTC:999.00
19:18:06  방향오차:-170.9
19:18:06  전방여부:0
19:18:06  위험음성횟수:0
19:18:06  충격음성횟수:0
19:18:06  마지막위험음성:0
19:18:06  RSSI원시:-74
19:18:06  RSSI평활:-76.1
19:18:06  RSSI샘플:387
19:18:06  RSSI경과ms:39
19:18:06  위험송신:387
19:18:06  시각ms:53973
19:18:06  IMU시각ms:53973
19:18:06  위험:0
19:18:06  원시위험:0
19:18:06  GPS유효:1
19:18:06  위도:37.497047
19:18:06  경도:126.957311
19:18:06  속도:0.27
19:18:06  방향:308.6
19:18:06  이동방향유효:0
19:18:06  GPS이동방향:308.6
19:18:06  차체방향유효:0
19:18:06  차체방향:0.0
19:18:06  후진판정:0
19:18:06  IMU요회전속도:0.00
19:18:06  방향가속도크기:9.74
19:18:06  방향자이로크기:3.75
19:18:06  방향자세cos:0.9996
19:18:06  자기모델잔차:1.98
19:18:06  자기모델반경:1.605
19:18:06  방향채택:0
19:18:06  방향거부:6680
19:18:06  GPS원시속도:0.329
19:18:06  GPS원시방향유효:1
19:18:06  GPS원시방향:308.5
19:18:06  가속도:-0.26,0.29,9.73
19:18:06  자이로:0.2,2.4,-2.9
19:18:06  자력계:-0.450,-77.250,5.400
19:18:06  충격값:0.09
19:18:06  충격피크:0.14
19:18:06  마지막충격발생값:0.00
19:18:06  마지막충격발생ms:0
19:18:06  송신:496
19:18:06  지팡이수신:388
19:18:06  GPS위성:4
19:18:06  GPS_HDOP:2.70
19:18:06  원시위도:37.497033
19:18:06  원시경도:126.957333
19:18:06  GPS채택:12
19:18:06  GPS이상치거부:0
19:18:06  GPS품질거부:0
19:18:06  GPS재기준:0
19:18:06  계산거리:66.30
19:18:06  접근속도:0.00
19:18:06  TTC:999.00
19:18:06  방향오차:-170.7
19:18:06  전방여부:0
19:18:06  위험음성횟수:0
19:18:06  충격음성횟수:0
19:18:06  마지막위험음성:0
19:18:06  RSSI원시:-78
19:18:06  RSSI평활:-76.5
19:18:06  RSSI샘플:388
19:18:06  RSSI경과ms:42
19:18:06  위험송신:388
19:18:06  시각ms:54078
19:18:06  IMU시각ms:54078
19:18:06  위험:0
19:18:06  원시위험:0
19:18:06  GPS유효:1
19:18:06  위도:37.497047
19:18:06  경도:126.957311
19:18:06  속도:0.27
19:18:06  방향:308.6
19:18:06  이동방향유효:0
19:18:06  GPS이동방향:308.6
19:18:06  차체방향유효:0
19:18:06  차체방향:0.0
19:18:06  후진판정:0
19:18:06  IMU요회전속도:0.00
19:18:06  방향가속도크기:9.68
19:18:06  방향자이로크기:2.02
19:18:06  방향자세cos:0.9995
19:18:06  자기모델잔차:0.05
19:18:06  자기모델반경:1.672
19:18:06  방향채택:0
19:18:06  방향거부:6693
19:18:06  GPS원시속도:0.329
19:18:06  GPS원시방향유효:1
19:18:06  GPS원시방향:308.5
19:18:06  가속도:-0.14,0.36,9.67
19:18:06  자이로:0.2,-0.1,-2.0
19:18:06  자력계:1.050,-79.800,3.750
19:18:06  충격값:0.12
19:18:06  충격피크:0.18
19:18:06  마지막충격발생값:0.00
19:18:06  마지막충격발생ms:0
19:18:06  송신:497
19:18:06  지팡이수신:389
19:18:06  GPS위성:4
19:18:06  GPS_HDOP:2.70
19:18:06  원시위도:37.497033
19:18:06  원시경도:126.957333
19:18:06  GPS채택:12
19:18:06  GPS이상치거부:0
19:18:06  GPS품질거부:0
19:18:06  GPS재기준:0
19:18:06  계산거리:66.30
19:18:06  접근속도:0.00
19:18:06  TTC:999.00
19:18:06  방향오차:-170.7
19:18:06  전방여부:0
19:18:06  위험음성횟수:0
19:18:06  충격음성횟수:0
19:18:06  마지막위험음성:0
19:18:06  RSSI원시:-80
19:18:06  RSSI평활:-77.2
19:18:06  RSSI샘플:389
19:18:06  RSSI경과ms:44
19:18:06  위험송신:389
19:18:06  시각ms:54183
19:18:06  IMU시각ms:54183
19:18:06  위험:0
19:18:06  원시위험:0
19:18:06  GPS유효:1
19:18:06  위도:37.497047
19:18:06  경도:126.957311
19:18:06  속도:0.27
19:18:06  방향:308.6
19:18:06  이동방향유효:0
19:18:06  GPS이동방향:308.6
19:18:06  차체방향유효:0
19:18:06  차체방향:0.0
19:18:06  후진판정:0
19:18:06  IMU요회전속도:0.00
19:18:06  방향가속도크기:9.73
19:18:06  방향자이로크기:1.38
19:18:06  방향자세cos:0.9995
19:18:06  자기모델잔차:1.17
19:18:06  자기모델반경:1.626
19:18:06  방향채택:0
19:18:06  방향거부:6706
19:18:06  GPS원시속도:0.329
19:18:06  GPS원시방향유효:1
19:18:06  GPS원시방향:308.5
19:18:06  가속도:-0.13,0.39,9.73
19:18:06  자이로:-0.7,0.4,-1.1
19:18:06  자력계:-2.400,-77.700,4.650
19:18:06  충격값:0.12
19:18:06  충격피크:0.17
19:18:06  마지막충격발생값:0.00
19:18:06  마지막충격발생ms:0
19:18:06  송신:498
19:18:06  지팡이수신:390
19:18:06  GPS위성:4
19:18:06  GPS_HDOP:2.70
19:18:06  원시위도:37.497033
19:18:06  원시경도:126.957333
19:18:06  GPS채택:12
19:18:06  GPS이상치거부:0
19:18:06  GPS품질거부:0
19:18:06  GPS재기준:0
19:18:06  계산거리:66.62
19:18:06  접근속도:0.00
19:18:06  TTC:999.00
19:18:06  방향오차:-170.5
19:18:06  전방여부:0
19:18:06  위험음성횟수:0
19:18:06  충격음성횟수:0
19:18:06  마지막위험음성:0
19:18:06  RSSI원시:-79
19:18:06  RSSI평활:-77.5
19:18:06  RSSI샘플:390
19:18:06  RSSI경과ms:44
19:18:06  위험송신:390
19:18:06  시각ms:54289
19:18:06  IMU시각ms:54288
19:18:06  위험:0
19:18:06  원시위험:0
19:18:06  GPS유효:1
19:18:06  위도:37.497047
19:18:06  경도:126.957311
19:18:06  속도:0.27
19:18:06  방향:308.6
19:18:06  이동방향유효:0
19:18:06  GPS이동방향:308.6
19:18:06  차체방향유효:0
19:18:06  차체방향:0.0
19:18:06  후진판정:0
19:18:06  IMU요회전속도:0.00
19:18:06  방향가속도크기:9.77
19:18:06  방향자이로크기:2.24
19:18:06  방향자세cos:0.9997
19:18:06  자기모델잔차:0.50
19:18:06  자기모델반경:1.639
19:18:06  방향채택:0
19:18:06  방향거부:6719
19:18:06  GPS원시속도:0.329
19:18:06  GPS원시방향유효:1
19:18:06  GPS원시방향:308.5
19:18:06  가속도:-0.27,0.30,9.76
19:18:06  자이로:-1.4,0.1,-1.8
19:18:06  자력계:-1.800,-78.300,4.050
19:18:06  충격값:0.10
19:18:06  충격피크:0.17
19:18:06  마지막충격발생값:0.00
19:18:06  마지막충격발생ms:0
19:18:06  송신:499
19:18:06  지팡이수신:391
19:18:06  GPS위성:4
19:18:06  GPS_HDOP:2.70
19:18:06  원시위도:37.497033
19:18:06  원시경도:126.957333
19:18:06  GPS채택:12
19:18:06  GPS이상치거부:0
19:18:06  GPS품질거부:0
19:18:06  GPS재기준:0
19:18:06  계산거리:66.62
19:18:06  접근속도:0.00
19:18:06  TTC:999.00
19:18:06  방향오차:-170.5
19:18:06  전방여부:0
19:18:06  위험음성횟수:0
19:18:06  충격음성횟수:0
19:18:06  마지막위험음성:0
19:18:06  RSSI원시:-78
19:18:06  RSSI평활:-77.6
19:18:06  RSSI샘플:391
19:18:06  RSSI경과ms:45
19:18:06  위험송신:391
19:18:06  시각ms:54394
19:18:06  IMU시각ms:54393
19:18:06  위험:0
19:18:06  원시위험:0
19:18:06  GPS유효:1
19:18:06  위도:37.497046
19:18:06  경도:126.957314
19:18:06  속도:0.30
19:18:06  방향:308.6
19:18:06  이동방향유효:0
19:18:06  GPS이동방향:308.6
19:18:06  차체방향유효:0
19:18:06  차체방향:0.0
19:18:06  후진판정:0
19:18:06  IMU요회전속도:0.00
19:18:06  방향가속도크기:9.77
19:18:06  방향자이로크기:1.26
19:18:06  방향자세cos:0.9995
19:18:06  자기모델잔차:0.26
19:18:06  자기모델반경:1.662
19:18:06  방향채택:0
19:18:06  방향거부:6732
19:18:06  GPS원시속도:0.329
19:18:06  GPS원시방향유효:1
19:18:06  GPS원시방향:308.5
19:18:06  가속도:-0.17,0.37,9.76
19:18:06  자이로:1.2,-0.2,-0.1
19:18:06  자력계:-0.900,-79.200,3.900
19:18:06  충격값:0.10
19:18:06  충격피크:0.17
19:18:06  마지막충격발생값:0.00
19:18:06  마지막충격발생ms:0
19:18:06  송신:500
19:18:06  지팡이수신:392
19:18:06  GPS위성:4
19:18:06  GPS_HDOP:2.70
19:18:06  원시위도:37.497030
19:18:06  원시경도:126.957340
19:18:06  GPS채택:13
19:18:06  GPS이상치거부:0
19:18:06  GPS품질거부:0
19:18:06  GPS재기준:0
19:18:06  계산거리:66.62
19:18:06  접근속도:0.00
19:18:06  TTC:999.00
19:18:06  방향오차:-170.3
19:18:06  전방여부:0
19:18:06  위험음성횟수:0
19:18:06  충격음성횟수:0
19:18:06  마지막위험음성:0
19:18:06  RSSI원시:-76
19:18:06  RSSI평활:-77.3
19:18:06  RSSI샘플:392
19:18:06  RSSI경과ms:46
19:18:06  위험송신:392
19:18:06  시각ms:54603
19:18:06  IMU시각ms:54603
19:18:06  위험:0
19:18:06  원시위험:0
19:18:06  GPS유효:1
19:18:06  위도:37.497044
19:18:06  경도:126.957316
19:18:06  속도:0.36
19:18:06  방향:308.6
19:18:06  이동방향유효:0
19:18:06  GPS이동방향:308.6
19:18:06  차체방향유효:0
19:18:06  차체방향:0.0
19:18:06  후진판정:0
19:18:06  IMU요회전속도:0.00
19:18:06  방향가속도크기:9.80
19:18:06  방향자이로크기:1.72
19:18:06  방향자세cos:0.9995
19:18:06  자기모델잔차:0.87
19:18:06  자기모델반경:1.662
19:18:06  방향채택:0
19:18:06  방향거부:6758
19:18:06  GPS원시속도:0.412
19:18:06  GPS원시방향유효:1
19:18:06  GPS원시방향:308.5
19:18:06  가속도:-0.18,0.35,9.80
19:18:06  자이로:0.6,0.3,1.6
19:18:06  자력계:-1.500,-79.050,4.500
19:18:06  충격값:0.11
19:18:06  충격피크:0.21
19:18:06  마지막충격발생값:0.00
19:18:06  마지막충격발생ms:0
19:18:06  송신:502
19:18:06  지팡이수신:394
19:18:06  GPS위성:4
19:18:06  GPS_HDOP:2.70
19:18:06  원시위도:37.497030
19:18:06  원시경도:126.957340
19:18:06  GPS채택:14
19:18:06  GPS이상치거부:0
19:18:06  GPS품질거부:0
19:18:06  GPS재기준:0
19:18:06  계산거리:66.30
19:18:06  접근속도:0.00
19:18:06  TTC:999.00
19:18:06  방향오차:-170.3
19:18:06  전방여부:0
19:18:06  위험음성횟수:0
19:18:06  충격음성횟수:0
19:18:06  마지막위험음성:0
19:18:06  RSSI원시:-77
19:18:06  RSSI평활:-77.2
19:18:06  RSSI샘플:394
19:18:06  RSSI경과ms:48
19:18:06  위험송신:394
19:18:06  시각ms:54706
19:18:06  IMU시각ms:54706
19:18:06  위험:0
19:18:06  원시위험:0
19:18:06  GPS유효:1
19:18:06  위도:37.497044
19:18:06  경도:126.957316
19:18:06  속도:0.36
19:18:06  방향:308.6
19:18:06  이동방향유효:0
19:18:06  GPS이동방향:308.6
19:18:06  차체방향유효:0
19:18:06  차체방향:0.0
19:18:06  후진판정:0
19:18:06  IMU요회전속도:0.00
19:18:06  방향가속도크기:9.69
19:18:06  방향자이로크기:1.49
19:18:06  방향자세cos:0.9998
19:18:06  자기모델잔차:0.49
19:18:06  자기모델반경:1.659
19:18:06  방향채택:0
19:18:06  방향거부:6769
19:18:06  GPS원시속도:0.412
19:18:06  GPS원시방향유효:1
19:18:06  GPS원시방향:308.5
19:18:06  가속도:-0.26,0.41,9.68
19:18:06  자이로:-0.6,0.9,-1.0
19:18:06  자력계:-0.900,-79.200,3.150
19:18:06  충격값:0.05
19:18:06  충격피크:0.13
19:18:06  마지막충격발생값:0.00
19:18:06  마지막충격발생ms:0
19:18:06  송신:503
19:18:06  지팡이수신:395
19:18:06  GPS위성:4
19:18:06  GPS_HDOP:2.70
19:18:06  원시위도:37.497030
19:18:06  원시경도:126.957340
19:18:06  GPS채택:14
19:18:06  GPS이상치거부:0
19:18:06  GPS품질거부:0
19:18:06  GPS재기준:0
19:18:06  계산거리:66.30
19:18:06  접근속도:0.00
19:18:06  TTC:999.00
19:18:06  방향오차:-170.3
19:18:06  전방여부:0
19:18:06  위험음성횟수:0
19:18:06  충격음성횟수:0
19:18:06  마지막위험음성:0
19:18:06  RSSI원시:-79
19:18:06  RSSI평활:-77.6
19:18:06  RSSI샘플:395
19:18:06  RSSI경과ms:45
19:18:06  위험송신:395
19:18:06  시각ms:54811
19:18:06  IMU시각ms:54811
19:18:06  위험:0
19:18:06  원시위험:0
19:18:06  GPS유효:1
19:18:06  위도:37.497044
19:18:06  경도:126.957316
19:18:06  속도:0.36
19:18:06  방향:308.6
19:18:06  이동방향유효:0
19:18:06  GPS이동방향:308.6
19:18:06  차체방향유효:0
19:18:06  차체방향:0.0
19:18:06  후진판정:0
19:18:06  IMU요회전속도:0.00
19:18:06  방향가속도크기:9.65
19:18:06  방향자이로크기:1.24
19:18:06  방향자세cos:0.9998
19:18:06  자기모델잔차:1.38
19:18:06  자기모델반경:1.646
19:18:06  방향채택:0
19:18:06  방향거부:6782
19:18:06  GPS원시속도:0.412
19:18:06  GPS원시방향유효:1
19:18:06  GPS원시방향:308.5
19:18:06  가속도:-0.25,0.39,9.64
19:18:06  자이로:-0.7,0.1,-1.0
19:18:06  자력계:-1.650,-78.450,4.950
19:18:06  충격값:0.07
19:18:06  충격피크:0.16
19:18:06  마지막충격발생값:0.00
19:18:06  마지막충격발생ms:0
19:18:06  송신:504
19:18:06  지팡이수신:396
19:18:06  GPS위성:4
19:18:06  GPS_HDOP:2.70
19:18:06  원시위도:37.497030
19:18:06  원시경도:126.957340
19:18:06  GPS채택:14
19:18:06  GPS이상치거부:0
19:18:06  GPS품질거부:0
19:18:06  GPS재기준:0
19:18:06  계산거리:66.30
19:18:06  접근속도:0.00
19:18:06  TTC:999.00
19:18:06  방향오차:-170.3
19:18:06  전방여부:0
19:18:06  위험음성횟수:0
19:18:06  충격음성횟수:0
19:18:06  마지막위험음성:0
19:18:06  RSSI원시:-76
19:18:06  RSSI평활:-77.2
19:18:06  RSSI샘플:396
19:18:06  RSSI경과ms:48
19:18:06  위험송신:396
19:18:07  시각ms:54916
19:18:07  IMU시각ms:54916
19:18:07  위험:0
19:18:07  원시위험:0
19:18:07  GPS유효:1
19:18:07  위도:37.497044
19:18:07  경도:126.957316
19:18:07  속도:0.36
19:18:07  방향:308.6
19:18:07  이동방향유효:0
19:18:07  GPS이동방향:308.6
19:18:07  차체방향유효:0
19:18:07  차체방향:0.0
19:18:07  후진판정:0
19:18:07  IMU요회전속도:0.00
19:18:07  방향가속도크기:9.72
19:18:07  방향자이로크기:2.24
19:18:07  방향자세cos:0.9998
19:18:07  자기모델잔차:0.21
19:18:07  자기모델반경:1.633
19:18:07  방향채택:0
19:18:07  방향거부:6795
19:18:07  GPS원시속도:0.412
19:18:07  GPS원시방향유효:1
19:18:07  GPS원시방향:308.5
19:18:07  가속도:-0.40,0.29,9.71
19:18:07  자이로:-1.0,-0.2,-2.0
19:18:07  자력계:-0.750,-78.300,3.750
19:18:07  충격값:0.17
19:18:07  충격피크:0.17
19:18:07  마지막충격발생값:0.00
19:18:07  마지막충격발생ms:0
19:18:07  송신:505
19:18:07  지팡이수신:397
19:18:07  GPS위성:4
19:18:07  GPS_HDOP:2.70
19:18:07  원시위도:37.497030
19:18:07  원시경도:126.957340
19:18:07  GPS채택:14
19:18:07  GPS이상치거부:0
19:18:07  GPS품질거부:0
19:18:07  GPS재기준:0
19:18:07  계산거리:66.30
19:18:07  접근속도:0.00
19:18:07  TTC:999.00
19:18:07  방향오차:-170.3
19:18:07  전방여부:0
19:18:07  위험음성횟수:0
19:18:07  충격음성횟수:0
19:18:07  마지막위험음성:0
19:18:07  RSSI원시:-75
19:18:07  RSSI평활:-76.8
19:18:07  RSSI샘플:397
19:18:07  RSSI경과ms:46
19:18:07  위험송신:397
19:18:07  시각ms:55021
19:18:07  IMU시각ms:55021
19:18:07  위험:0
19:18:07  원시위험:0
19:18:07  GPS유효:1
19:18:07  위도:37.497044
19:18:07  경도:126.957316
19:18:07  속도:0.36
19:18:07  방향:308.6
19:18:07  이동방향유효:0
19:18:07  GPS이동방향:308.6
19:18:07  차체방향유효:0
19:18:07  차체방향:0.0
19:18:07  후진판정:0
19:18:07  IMU요회전속도:0.00
19:18:07  방향가속도크기:9.72
19:18:07  방향자이로크기:2.48
19:18:07  방향자세cos:0.9996
19:18:07  자기모델잔차:1.65
19:18:07  자기모델반경:1.656
19:18:07  방향채택:0
19:18:07  방향거부:6808
19:18:07  GPS원시속도:0.412
19:18:07  GPS원시방향유효:1
19:18:07  GPS원시방향:308.5
19:18:07  가속도:-0.25,0.30,9.71
19:18:07  자이로:-0.9,2.1,-1.0
19:18:07  자력계:-1.500,-78.750,5.250
19:18:07  충격값:0.08
19:18:07  충격피크:0.17
19:18:07  마지막충격발생값:0.00
19:18:07  마지막충격발생ms:0
19:18:07  송신:506
19:18:07  지팡이수신:398
19:18:07  GPS위성:4
19:18:07  GPS_HDOP:2.70
19:18:07  원시위도:37.497030
19:18:07  원시경도:126.957340
19:18:07  GPS채택:14
19:18:07  GPS이상치거부:0
19:18:07  GPS품질거부:0
19:18:07  GPS재기준:0
19:18:07  계산거리:67.07
19:18:07  접근속도:0.00
19:18:07  TTC:999.00
19:18:07  방향오차:-170.6
19:18:07  전방여부:0
19:18:07  위험음성횟수:0
19:18:07  충격음성횟수:0
19:18:07  마지막위험음성:0
19:18:07  RSSI원시:-77
19:18:07  RSSI평활:-76.8
19:18:07  RSSI샘플:398
19:18:07  RSSI경과ms:47
19:18:07  위험송신:398
19:18:07  시각ms:55126
19:18:07  IMU시각ms:55126
19:18:07  위험:0
19:18:07  원시위험:0
19:18:07  GPS유효:1
19:18:07  위도:37.497044
19:18:07  경도:126.957316
19:18:07  속도:0.36
19:18:07  방향:308.6
19:18:07  이동방향유효:0
19:18:07  GPS이동방향:308.6
19:18:07  차체방향유효:0
19:18:07  차체방향:0.0
19:18:07  후진판정:0
19:18:07  IMU요회전속도:0.00
19:18:07  방향가속도크기:9.63
19:18:07  방향자이로크기:2.36
19:18:07  방향자세cos:0.9997
19:18:07  자기모델잔차:0.14
19:18:07  자기모델반경:1.697
19:18:07  방향채택:0
19:18:07  방향거부:6821
19:18:07  GPS원시속도:0.412
19:18:07  GPS원시방향유효:1
19:18:07  GPS원시방향:308.5
19:18:07  가속도:-0.26,0.34,9.62
19:18:07  자이로:1.5,1.2,-1.4
19:18:07  자력계:-2.400,-80.100,3.900
19:18:07  충격값:0.10
19:18:07  충격피크:0.16
19:18:07  마지막충격발생값:0.00
19:18:07  마지막충격발생ms:0
19:18:07  송신:507
19:18:07  지팡이수신:399
19:18:07  GPS위성:4
19:18:07  GPS_HDOP:2.70
19:18:07  원시위도:37.497030
19:18:07  원시경도:126.957340
19:18:07  GPS채택:14
19:18:07  GPS이상치거부:0
19:18:07  GPS품질거부:0
19:18:07  GPS재기준:0
19:18:07  계산거리:67.38
19:18:07  접근속도:0.00
19:18:07  TTC:999.00
19:18:07  방향오차:-170.2
19:18:07  전방여부:0
19:18:07  위험음성횟수:0
19:18:07  충격음성횟수:0
19:18:07  마지막위험음성:0
19:18:07  RSSI원시:-77
19:18:07  RSSI평활:-76.9
19:18:07  RSSI샘플:399
19:18:07  RSSI경과ms:51
19:18:07  위험송신:399
19:18:07  시각ms:55231
19:18:07  IMU시각ms:55231
19:18:07  위험:0
19:18:07  원시위험:0
19:18:07  GPS유효:1
19:18:07  위도:37.497044
19:18:07  경도:126.957316
19:18:07  속도:0.36
19:18:07  방향:308.6
19:18:07  이동방향유효:0
19:18:07  GPS이동방향:308.6
19:18:07  차체방향유효:0
19:18:07  차체방향:0.0
19:18:07  후진판정:0
19:18:07  IMU요회전속도:0.00
19:18:07  방향가속도크기:9.69
19:18:07  방향자이로크기:1.59
19:18:07  방향자세cos:0.9999
19:18:07  자기모델잔차:1.65
19:18:07  자기모델반경:1.652
19:18:07  방향채택:0
19:18:07  방향거부:6834
19:18:07  GPS원시속도:0.412
19:18:07  GPS원시방향유효:1
19:18:07  GPS원시방향:308.5
19:18:07  가속도:-0.33,0.45,9.67
19:18:07  자이로:-1.0,1.1,-0.6
19:18:07  자력계:-2.100,-78.900,1.950
19:18:07  충격값:0.10
19:18:07  충격피크:0.15
19:18:07  마지막충격발생값:0.00
19:18:07  마지막충격발생ms:0
19:18:07  송신:508
19:18:07  지팡이수신:400
19:18:07  GPS위성:4
19:18:07  GPS_HDOP:2.70
19:18:07  원시위도:37.497030
19:18:07  원시경도:126.957340
19:18:07  GPS채택:14
19:18:07  GPS이상치거부:0
19:18:07  GPS품질거부:0
19:18:07  GPS재기준:0
19:18:07  계산거리:67.38
19:18:07  접근속도:0.00
19:18:07  TTC:999.00
19:18:07  방향오차:-170.2
19:18:07  전방여부:0
19:18:07  위험음성횟수:0
19:18:07  충격음성횟수:0
19:18:07  마지막위험음성:0
19:18:07  RSSI원시:-76
19:18:07  RSSI평활:-76.7
19:18:07  RSSI샘플:400
19:18:07  RSSI경과ms:52
19:18:07  위험송신:400
19:18:07  시각ms:55337
19:18:07  IMU시각ms:55336
19:18:07  위험:0
19:18:07  원시위험:0
19:18:07  GPS유효:1
19:18:07  위도:37.497043
19:18:07  경도:126.957318
19:18:07  속도:0.38
19:18:07  방향:308.6
19:18:07  이동방향유효:0
19:18:07  GPS이동방향:308.6
19:18:07  차체방향유효:0
19:18:07  차체방향:0.0
19:18:07  후진판정:0
19:18:07  IMU요회전속도:0.00
19:18:07  방향가속도크기:9.67
19:18:07  방향자이로크기:0.92
19:18:07  방향자세cos:0.9991
19:18:07  자기모델잔차:0.43
19:18:07  자기모델반경:1.657
19:18:07  방향채택:0
19:18:07  방향거부:6847
19:18:07  GPS원시속도:0.412
19:18:07  GPS원시방향유효:1
19:18:07  GPS원시방향:308.5
19:18:07  가속도:-0.15,0.20,9.67
19:18:07  자이로:-0.3,0.7,0.5
19:18:07  자력계:-0.750,-79.050,4.050
19:18:07  충격값:0.23
19:18:07  충격피크:0.23
19:18:07  마지막충격발생값:0.00
19:18:07  마지막충격발생ms:0
19:18:07  송신:509
19:18:07  지팡이수신:401
19:18:07  GPS위성:4
19:18:07  GPS_HDOP:2.70
19:18:07  원시위도:37.497027
19:18:07  원시경도:126.957347
19:18:07  GPS채택:15
19:18:07  GPS이상치거부:0
19:18:07  GPS품질거부:0
19:18:07  GPS재기준:0
19:18:07  계산거리:67.38
19:18:07  접근속도:0.00
19:18:07  TTC:999.00
19:18:07  방향오차:-170.2
19:18:07  전방여부:0
19:18:07  위험음성횟수:0
19:18:07  충격음성횟수:0
19:18:07  마지막위험음성:0
19:18:07  RSSI원시:-74
19:18:07  RSSI평활:-76.2
19:18:07  RSSI샘플:401
19:18:07  RSSI경과ms:53
19:18:07  위험송신:401
19:18:07  시각ms:55547
19:18:07  IMU시각ms:55546
19:18:07  위험:0
19:18:07  원시위험:0
19:18:07  GPS유효:1
19:18:07  위도:37.497043
19:18:07  경도:126.957318
19:18:07  속도:0.38
19:18:07  방향:308.6
19:18:07  이동방향유효:0
19:18:07  GPS이동방향:308.6
19:18:07  차체방향유효:0
19:18:07  차체방향:0.0
19:18:07  후진판정:0
19:18:07  IMU요회전속도:0.00
19:18:07  방향가속도크기:9.70
19:18:07  방향자이로크기:2.10
19:18:07  방향자세cos:0.9997
19:18:07  자기모델잔차:1.17
19:18:07  자기모델반경:1.661
19:18:07  방향채택:0
19:18:07  방향거부:6873
19:18:07  GPS원시속도:0.412
19:18:07  GPS원시방향유효:1
19:18:07  GPS원시방향:308.5
19:18:07  가속도:-0.24,0.34,9.69
19:18:07  자이로:-1.4,-0.9,-1.3
19:18:07  자력계:-1.050,-79.050,4.800
19:18:07  충격값:0.06
19:18:07  충격피크:0.22
19:18:07  마지막충격발생값:0.00
19:18:07  마지막충격발생ms:0
19:18:07  송신:511
19:18:07  지팡이수신:403
19:18:07  GPS위성:4
19:18:07  GPS_HDOP:2.70
19:18:07  원시위도:37.497027
19:18:07  원시경도:126.957347
19:18:07  GPS채택:15
19:18:07  GPS이상치거부:0
19:18:07  GPS품질거부:0
19:18:07  GPS재기준:0
19:18:07  계산거리:66.93
19:18:07  접근속도:0.00
19:18:07  TTC:999.00
19:18:07  방향오차:-170.1
19:18:07  전방여부:0
19:18:07  위험음성횟수:0
19:18:07  충격음성횟수:0
19:18:07  마지막위험음성:0
19:18:07  RSSI원시:-74
19:18:07  RSSI평활:-75.2
19:18:07  RSSI샘플:403
19:18:07  RSSI경과ms:54
19:18:07  위험송신:403
19:18:07  시각ms:55650
19:18:07  IMU시각ms:55649
19:18:07  위험:0
19:18:07  원시위험:0
19:18:07  GPS유효:1
19:18:07  위도:37.497043
19:18:07  경도:126.957318
19:18:07  속도:0.38
19:18:07  방향:308.6
19:18:07  이동방향유효:0
19:18:07  GPS이동방향:308.6
19:18:07  차체방향유효:0
19:18:07  차체방향:0.0
19:18:07  후진판정:0
19:18:07  IMU요회전속도:0.00
19:18:07  방향가속도크기:9.81
19:18:07  방향자이로크기:3.98
19:18:07  방향자세cos:0.9998
19:18:07  자기모델잔차:0.96
19:18:07  자기모델반경:1.637
19:18:07  방향채택:0
19:18:07  방향거부:6884
19:18:07  GPS원시속도:0.412
19:18:07  GPS원시방향유효:1
19:18:07  GPS원시방향:308.5
19:18:07  가속도:-0.33,0.32,9.80
19:18:07  자이로:1.3,1.8,-3.3
19:18:07  자력계:-1.050,-78.300,4.500
19:18:07  충격값:0.13
19:18:07  충격피크:0.16
19:18:07  마지막충격발생값:0.00
19:18:07  마지막충격발생ms:0
19:18:07  송신:512
19:18:07  지팡이수신:404
19:18:07  GPS위성:4
19:18:07  GPS_HDOP:2.70
19:18:07  원시위도:37.497027
19:18:07  원시경도:126.957347
19:18:07  GPS채택:15
19:18:07  GPS이상치거부:0
19:18:07  GPS품질거부:0
19:18:07  GPS재기준:0
19:18:07  계산거리:66.93
19:18:07  접근속도:0.00
19:18:07  TTC:999.00
19:18:07  방향오차:-170.1
19:18:07  전방여부:0
19:18:07  위험음성횟수:0
19:18:07  충격음성횟수:0
19:18:07  마지막위험음성:0
19:18:07  RSSI원시:-75
19:18:07  RSSI평활:-75.2
19:18:07  RSSI샘플:404
19:18:07  RSSI경과ms:55
19:18:07  위험송신:404
19:18:07  시각ms:55754
19:18:07  IMU시각ms:55754
19:18:07  위험:0
19:18:07  원시위험:0
19:18:07  GPS유효:1
19:18:07  위도:37.497042
19:18:07  경도:126.957321
19:18:07  속도:0.40
19:18:07  방향:308.6
19:18:07  이동방향유효:0
19:18:07  GPS이동방향:308.6
19:18:07  차체방향유효:0
19:18:07  차체방향:0.0
19:18:07  후진판정:0
19:18:07  IMU요회전속도:0.00
19:18:07  방향가속도크기:9.75
19:18:07  방향자이로크기:3.46
19:18:07  방향자세cos:0.9997
19:18:07  자기모델잔차:2.30
19:18:07  자기모델반경:1.601
19:18:07  방향채택:0
19:18:07  방향거부:6897
19:18:07  GPS원시속도:0.422
19:18:07  GPS원시방향유효:1
19:18:07  GPS원시방향:308.5
19:18:07  가속도:-0.23,0.41,9.74
19:18:07  자이로:-2.1,0.3,-2.7
19:18:07  자력계:-1.200,-76.950,5.700
19:18:07  충격값:0.06
19:18:07  충격피크:0.17
19:18:07  마지막충격발생값:0.00
19:18:07  마지막충격발생ms:0
19:18:07  송신:513
19:18:07  지팡이수신:405
19:18:07  GPS위성:4
19:18:07  GPS_HDOP:2.70
19:18:07  원시위도:37.497027
19:18:07  원시경도:126.957347
19:18:07  GPS채택:16
19:18:07  GPS이상치거부:0
19:18:07  GPS품질거부:0
19:18:07  GPS재기준:0
19:18:07  계산거리:66.62
19:18:07  접근속도:0.00
19:18:07  TTC:999.00
19:18:07  방향오차:-170.6
19:18:07  전방여부:0
19:18:07  위험음성횟수:0
19:18:07  충격음성횟수:0
19:18:07  마지막위험음성:0
19:18:07  RSSI원시:-75
19:18:07  RSSI평활:-75.1
19:18:07  RSSI샘플:405
19:18:07  RSSI경과ms:55
19:18:07  위험송신:405
19:18:08  시각ms:55859
19:18:08  IMU시각ms:55859
19:18:08  위험:0
19:18:08  원시위험:0
19:18:08  GPS유효:1
19:18:08  위도:37.497042
19:18:08  경도:126.957321
19:18:08  속도:0.40
19:18:08  방향:308.6
19:18:08  이동방향유효:0
19:18:08  GPS이동방향:308.6
19:18:08  차체방향유효:0
19:18:08  차체방향:0.0
19:18:08  후진판정:0
19:18:08  IMU요회전속도:0.00
19:18:08  방향가속도크기:9.79
19:18:08  방향자이로크기:0.97
19:18:08  방향자세cos:0.9997
19:18:08  자기모델잔차:0.81
19:18:08  자기모델반경:1.623
19:18:08  방향채택:0
19:18:08  방향거부:6910
19:18:08  GPS원시속도:0.422
19:18:08  GPS원시방향유효:1
19:18:08  GPS원시방향:308.5
19:18:08  가속도:-0.20,0.44,9.78
19:18:08  자이로:0.8,0.6,0.1
19:18:08  자력계:-0.450,-78.150,2.700
19:18:08  충격값:0.11
19:18:08  충격피크:0.19
19:18:08  마지막충격발생값:0.00
19:18:08  마지막충격발생ms:0
19:18:08  송신:514
19:18:08  지팡이수신:406
19:18:08  GPS위성:4
19:18:08  GPS_HDOP:2.70
19:18:08  원시위도:37.497027
19:18:08  원시경도:126.957347
19:18:08  GPS채택:16
19:18:08  GPS이상치거부:0
19:18:08  GPS품질거부:0
19:18:08  GPS재기준:0
19:18:08  계산거리:66.62
19:18:08  접근속도:0.00
19:18:08  TTC:999.00
19:18:08  방향오차:-170.6
19:18:08  전방여부:0
19:18:08  위험음성횟수:0
19:18:08  충격음성횟수:0
19:18:08  마지막위험음성:0
19:18:08  RSSI원시:-76
19:18:08  RSSI평활:-75.3
19:18:08  RSSI샘플:406
19:18:08  RSSI경과ms:53
19:18:08  위험송신:406
19:18:08  시각ms:55964
19:18:08  IMU시각ms:55964
19:18:08  위험:0
19:18:08  원시위험:0
19:18:08  GPS유효:1
19:18:08  위도:37.497042
19:18:08  경도:126.957321
19:18:08  속도:0.40
19:18:08  방향:308.6
19:18:08  이동방향유효:0
19:18:08  GPS이동방향:308.6
19:18:08  차체방향유효:0
19:18:08  차체방향:0.0
19:18:08  후진판정:0
19:18:08  IMU요회전속도:0.00
19:18:08  방향가속도크기:9.71
19:18:08  방향자이로크기:2.54
19:18:08  방향자세cos:0.9994
19:18:08  자기모델잔차:0.34
19:18:08  자기모델반경:1.640
19:18:08  방향채택:0
19:18:08  방향거부:6923
19:18:08  GPS원시속도:0.422
19:18:08  GPS원시방향유효:1
19:18:08  GPS원시방향:308.5
19:18:08  가속도:-0.13,0.32,9.70
19:18:08  자이로:1.1,0.7,-2.2
19:18:08  자력계:-1.200,-78.450,3.900
19:18:08  충격값:0.15
19:18:08  충격피크:0.21
19:18:08  마지막충격발생값:0.00
19:18:08  마지막충격발생ms:0
19:18:08  송신:515
19:18:08  지팡이수신:407
19:18:08  GPS위성:4
19:18:08  GPS_HDOP:2.70
19:18:08  원시위도:37.497027
19:18:08  원시경도:126.957347
19:18:08  GPS채택:16
19:18:08  GPS이상치거부:0
19:18:08  GPS품질거부:0
19:18:08  GPS재기준:0
19:18:08  계산거리:66.62
19:18:08  접근속도:0.00
19:18:08  TTC:999.00
19:18:08  방향오차:-170.6
19:18:08  전방여부:0
19:18:08  위험음성횟수:0
19:18:08  충격음성횟수:0
19:18:08  마지막위험음성:0
19:18:08  RSSI원시:-76
19:18:08  RSSI평활:-75.5
19:18:08  RSSI샘플:407
19:18:08  RSSI경과ms:57
19:18:08  위험송신:407
19:18:08  시각ms:56069
19:18:08  IMU시각ms:56069
19:18:08  위험:0
19:18:08  원시위험:0
19:18:08  GPS유효:1
19:18:08  위도:37.497042
19:18:08  경도:126.957321
19:18:08  속도:0.40
19:18:08  방향:308.6
19:18:08  이동방향유효:0
19:18:08  GPS이동방향:308.6
19:18:08  차체방향유효:0
19:18:08  차체방향:0.0
19:18:08  후진판정:0
19:18:08  IMU요회전속도:0.00
19:18:08  방향가속도크기:9.68
19:18:08  방향자이로크기:2.56
19:18:08  방향자세cos:0.9998
19:18:08  자기모델잔차:0.60
19:18:08  자기모델반경:1.647
19:18:08  방향채택:0
19:18:08  방향거부:6936
19:18:08  GPS원시속도:0.422
19:18:08  GPS원시방향유효:1
19:18:08  GPS원시방향:308.5
19:18:08  가속도:-0.25,0.41,9.66
19:18:08  자이로:-0.7,1.5,-2.0
19:18:08  자력계:0.900,-78.900,4.200
19:18:08  충격값:0.05
19:18:08  충격피크:0.21
19:18:08  마지막충격발생값:0.00
19:18:08  마지막충격발생ms:0
19:18:08  송신:516
19:18:08  지팡이수신:408
19:18:08  GPS위성:4
19:18:08  GPS_HDOP:2.70
19:18:08  원시위도:37.497027
19:18:08  원시경도:126.957347
19:18:08  GPS채택:16
19:18:08  GPS이상치거부:0
19:18:08  GPS품질거부:0
19:18:08  GPS재기준:0
19:18:08  계산거리:66.93
19:18:08  접근속도:0.00
19:18:08  TTC:999.00
19:18:08  방향오차:-170.4
19:18:08  전방여부:0
19:18:08  위험음성횟수:0
19:18:08  충격음성횟수:0
19:18:08  마지막위험음성:0
19:18:08  RSSI원시:-75
19:18:08  RSSI평활:-75.4
19:18:08  RSSI샘플:408
19:18:08  RSSI경과ms:54
19:18:08  위험송신:408
19:18:08  시각ms:56174
19:18:08  IMU시각ms:56174
19:18:08  위험:0
19:18:08  원시위험:0
19:18:08  GPS유효:1
19:18:08  위도:37.497042
19:18:08  경도:126.957321
19:18:08  속도:0.40
19:18:08  방향:308.6
19:18:08  이동방향유효:0
19:18:08  GPS이동방향:308.6
19:18:08  차체방향유효:0
19:18:08  차체방향:0.0
19:18:08  후진판정:0
19:18:08  IMU요회전속도:0.00
19:18:08  방향가속도크기:9.73
19:18:08  방향자이로크기:2.09
19:18:08  방향자세cos:0.9992
19:18:08  자기모델잔차:3.54
19:18:08  자기모델반경:1.635
19:18:08  방향채택:0
19:18:08  방향거부:6949
19:18:08  GPS원시속도:0.422
19:18:08  GPS원시방향유효:1
19:18:08  GPS원시방향:308.5
19:18:08  가속도:-0.06,0.45,9.72
19:18:08  자이로:2.0,0.5,0.3
19:18:08  자력계:-1.500,-77.850,7.050
19:18:08  충격값:0.21
19:18:08  충격피크:0.21
19:18:08  마지막충격발생값:0.00
19:18:08  마지막충격발생ms:0
19:18:08  송신:517
19:18:08  지팡이수신:409
19:18:08  GPS위성:4
19:18:08  GPS_HDOP:2.70
19:18:08  원시위도:37.497027
19:18:08  원시경도:126.957347
19:18:08  GPS채택:16
19:18:08  GPS이상치거부:0
19:18:08  GPS품질거부:0
19:18:08  GPS재기준:0
19:18:08  계산거리:66.93
19:18:08  접근속도:0.00
19:18:08  TTC:999.00
19:18:08  방향오차:-170.4
19:18:08  전방여부:0
19:18:08  위험음성횟수:0
19:18:08  충격음성횟수:0
19:18:08  마지막위험음성:0
19:18:08  RSSI원시:-75
19:18:08  RSSI평활:-75.3
19:18:08  RSSI샘플:409
19:18:08  RSSI경과ms:58
19:18:08  위험송신:409
19:18:08  시각ms:56280
19:18:08  IMU시각ms:56279
19:18:08  위험:0
19:18:08  원시위험:0
19:18:08  GPS유효:1
19:18:08  위도:37.497042
19:18:08  경도:126.957321
19:18:08  속도:0.40
19:18:08  방향:308.6
19:18:08  이동방향유효:0
19:18:08  GPS이동방향:308.6
19:18:08  차체방향유효:0
19:18:08  차체방향:0.0
19:18:08  후진판정:0
19:18:08  IMU요회전속도:0.00
19:18:08  방향가속도크기:9.68
19:18:08  방향자이로크기:2.74
19:18:08  방향자세cos:0.9995
19:18:08  자기모델잔차:0.37
19:18:08  자기모델반경:1.674
19:18:08  방향채택:0
19:18:08  방향거부:6962
19:18:08  GPS원시속도:0.422
19:18:08  GPS원시방향유효:1
19:18:08  GPS원시방향:308.5
19:18:08  가속도:-0.23,0.25,9.67
19:18:08  자이로:2.1,-1.8,0.2
19:18:08  자력계:-1.500,-79.500,4.050
19:18:08  충격값:0.12
19:18:08  충격피크:0.20
19:18:08  마지막충격발생값:0.00
19:18:08  마지막충격발생ms:0
19:18:08  송신:518
19:18:08  지팡이수신:410
19:18:08  GPS위성:4
19:18:08  GPS_HDOP:2.70
19:18:08  원시위도:37.497027
19:18:08  원시경도:126.957347
19:18:08  GPS채택:16
19:18:08  GPS이상치거부:0
19:18:08  GPS품질거부:0
19:18:08  GPS재기준:0
19:18:08  계산거리:66.93
19:18:08  접근속도:0.00
19:18:08  TTC:999.00
19:18:08  방향오차:-170.4
19:18:08  전방여부:0
19:18:08  위험음성횟수:0
19:18:08  충격음성횟수:0
19:18:08  마지막위험음성:0
19:18:08  RSSI원시:-74
19:18:08  RSSI평활:-75.0
19:18:08  RSSI샘플:410
19:18:08  RSSI경과ms:60
19:18:08  위험송신:410
19:18:08  시각ms:56385
19:18:08  IMU시각ms:56384
19:18:08  위험:0
19:18:08  원시위험:0
19:18:08  GPS유효:1
19:18:08  위도:37.497040
19:18:08  경도:126.957323
19:18:08  속도:0.41
19:18:08  방향:308.6
19:18:08  이동방향유효:0
19:18:08  GPS이동방향:308.6
19:18:08  차체방향유효:0
19:18:08  차체방향:0.0
19:18:08  후진판정:0
19:18:08  IMU요회전속도:0.00
19:18:08  방향가속도크기:9.75
19:18:08  방향자이로크기:2.86
19:18:08  방향자세cos:0.9995
19:18:08  자기모델잔차:1.70
19:18:08  자기모델반경:1.638
19:18:08  방향채택:0
19:18:08  방향거부:6975
19:18:08  GPS원시속도:0.422
19:18:08  GPS원시방향유효:1
19:18:08  GPS원시방향:308.5
19:18:08  가속도:-0.21,0.28,9.74
19:18:08  자이로:1.8,-2.1,0.8
19:18:08  자력계:-0.750,-78.300,5.250
19:18:08  충격값:0.11
19:18:08  충격피크:0.17
19:18:08  마지막충격발생값:0.00
19:18:08  마지막충격발생ms:0
19:18:08  송신:519
19:18:08  지팡이수신:411
19:18:08  GPS위성:4
19:18:08  GPS_HDOP:2.70
19:18:08  원시위도:37.497022
19:18:08  원시경도:126.957352
19:18:08  GPS채택:17
19:18:08  GPS이상치거부:0
19:18:08  GPS품질거부:0
19:18:08  GPS재기준:0
19:18:08  계산거리:66.93
19:18:08  접근속도:0.00
19:18:08  TTC:999.00
19:18:08  방향오차:-170.2
19:18:08  전방여부:0
19:18:08  위험음성횟수:0
19:18:08  충격음성횟수:0
19:18:08  마지막위험음성:0
19:18:08  RSSI원시:-75
19:18:08  RSSI평활:-75.0
19:18:08  RSSI샘플:411
19:18:08  RSSI경과ms:61
19:18:08  위험송신:411
19:18:08  시각ms:56489
19:18:08  IMU시각ms:56489
19:18:08  위험:0
19:18:08  원시위험:0
19:18:08  GPS유효:1
19:18:08  위도:37.497039
19:18:08  경도:126.957325
19:18:08  속도:0.37
19:18:08  방향:308.6
19:18:08  이동방향유효:0
19:18:08  GPS이동방향:308.6
19:18:08  차체방향유효:0
19:18:08  차체방향:0.0
19:18:08  후진판정:0
19:18:08  IMU요회전속도:0.00
19:18:08  방향가속도크기:9.67
19:18:08  방향자이로크기:3.24
19:18:08  방향자세cos:0.9998
19:18:08  자기모델잔차:0.26
19:18:08  자기모델반경:1.686
19:18:08  방향채택:0
19:18:08  방향거부:6988
19:18:08  GPS원시속도:0.319
19:18:08  GPS원시방향유효:1
19:18:08  GPS원시방향:308.5
19:18:08  가속도:-0.25,0.42,9.65
19:18:08  자이로:2.3,-2.0,-1.2
19:18:08  자력계:-3.150,-79.650,3.450
19:18:08  충격값:0.06
19:18:08  충격피크:0.26
19:18:08  마지막충격발생값:0.00
19:18:08  마지막충격발생ms:0
19:18:08  송신:520
19:18:08  지팡이수신:412
19:18:08  GPS위성:4
19:18:08  GPS_HDOP:2.70
19:18:08  원시위도:37.497022
19:18:08  원시경도:126.957352
19:18:08  GPS채택:18
19:18:08  GPS이상치거부:0
19:18:08  GPS품질거부:0
19:18:08  GPS재기준:0
19:18:08  계산거리:66.93
19:18:08  접근속도:0.00
19:18:08  TTC:999.00
19:18:08  방향오차:-170.2
19:18:08  전방여부:0
19:18:08  위험음성횟수:0
19:18:08  충격음성횟수:0
19:18:08  마지막위험음성:0
19:18:08  RSSI원시:-74
19:18:08  RSSI평활:-74.8
19:18:08  RSSI샘플:412
19:18:08  RSSI경과ms:61
19:18:08  위험송신:412
19:18:08  시각ms:56697
19:18:08  IMU시각ms:56697
19:18:08  위험:0
19:18:08  원시위험:0
19:18:08  GPS유효:1
19:18:08  위도:37.497039
19:18:08  경도:126.957325
19:18:08  속도:0.37
19:18:08  방향:308.6
19:18:08  이동방향유효:0
19:18:08  GPS이동방향:308.6
19:18:08  차체방향유효:0
19:18:08  차체방향:0.0
19:18:08  후진판정:0
19:18:08  IMU요회전속도:0.00
19:18:08  방향가속도크기:9.68
19:18:08  방향자이로크기:3.40
19:18:08  방향자세cos:0.9996
19:18:08  자기모델잔차:1.57
19:18:08  자기모델반경:1.633
19:18:08  방향채택:0
19:18:08  방향거부:7012
19:18:08  GPS원시속도:0.319
19:18:08  GPS원시방향유효:1
19:18:08  GPS원시방향:308.5
19:18:08  가속도:-0.16,0.49,9.66
19:18:08  자이로:2.9,0.2,1.7
19:18:08  자력계:-2.850,-78.150,1.950
19:18:08  충격값:0.15
19:18:08  충격피크:0.19
19:18:08  마지막충격발생값:0.00
19:18:08  마지막충격발생ms:0
19:18:08  송신:522
19:18:08  지팡이수신:414
19:18:08  GPS위성:4
19:18:08  GPS_HDOP:2.70
19:18:08  원시위도:37.497022
19:18:08  원시경도:126.957352
19:18:08  GPS채택:18
19:18:08  GPS이상치거부:0
19:18:08  GPS품질거부:0
19:18:08  GPS재기준:0
19:18:08  계산거리:66.49
19:18:08  접근속도:0.00
19:18:08  TTC:999.00
19:18:08  방향오차:-170.1
19:18:08  전방여부:0
19:18:08  위험음성횟수:0
19:18:08  충격음성횟수:0
19:18:08  마지막위험음성:0
19:18:08  RSSI원시:-75
19:18:08  RSSI평활:-74.7
19:18:08  RSSI샘플:414
19:18:08  RSSI경과ms:60
19:18:08  위험송신:414
19:18:09  시각ms:56802
19:18:09  IMU시각ms:56802
19:18:09  위험:0
19:18:09  원시위험:0
19:18:09  GPS유효:1
19:18:09  위도:37.497039
19:18:09  경도:126.957325
19:18:09  속도:0.37
19:18:09  방향:308.6
19:18:09  이동방향유효:0
19:18:09  GPS이동방향:308.6
19:18:09  차체방향유효:0
19:18:09  차체방향:0.0
19:18:09  후진판정:0
19:18:09  IMU요회전속도:0.00
19:18:09  방향가속도크기:9.70
19:18:09  방향자이로크기:1.96
19:18:09  방향자세cos:0.9997
19:18:09  자기모델잔차:0.30
19:18:09  자기모델반경:1.695
19:18:09  방향채택:0
19:18:09  방향거부:7025
19:18:09  GPS원시속도:0.319
19:18:09  GPS원시방향유효:1
19:18:09  GPS원시방향:308.5
19:18:09  가속도:-0.25,0.32,9.69
19:18:09  자이로:0.2,0.6,-1.9
19:18:09  자력계:-2.400,-80.100,3.450
19:18:09  충격값:0.07
19:18:09  충격피크:0.15
19:18:09  마지막충격발생값:0.00
19:18:09  마지막충격발생ms:0
19:18:09  송신:523
19:18:09  지팡이수신:415
19:18:09  GPS위성:4
19:18:09  GPS_HDOP:2.70
19:18:09  원시위도:37.497022
19:18:09  원시경도:126.957352
19:18:09  GPS채택:18
19:18:09  GPS이상치거부:0
19:18:09  GPS품질거부:0
19:18:09  GPS재기준:0
19:18:09  계산거리:66.49
19:18:09  접근속도:0.00
19:18:09  TTC:999.00
19:18:09  방향오차:-170.1
19:18:09  전방여부:0
19:18:09  위험음성횟수:0
19:18:09  충격음성횟수:0
19:18:09  마지막위험음성:0
19:18:09  RSSI원시:-77
19:18:09  RSSI평활:-75.2
19:18:09  RSSI샘플:415
19:18:09  RSSI경과ms:62
19:18:09  위험송신:415
19:18:09  시각ms:57117
19:18:09  IMU시각ms:57117
19:18:09  위험:0
19:18:09  원시위험:0
19:18:09  GPS유효:1
19:18:09  위도:37.497039
19:18:09  경도:126.957325
19:18:09  속도:0.37
19:18:09  방향:308.6
19:18:09  이동방향유효:0
19:18:09  GPS이동방향:308.6
19:18:09  차체방향유효:0
19:18:09  차체방향:0.0
19:18:09  후진판정:0
19:18:09  IMU요회전속도:0.00
19:18:09  방향가속도크기:9.67
19:18:09  방향자이로크기:2.78
19:18:09  방향자세cos:0.9999
19:18:09  자기모델잔차:1.04
19:18:09  자기모델반경:1.689
19:18:09  방향채택:0
19:18:09  방향거부:7064
19:18:09  GPS원시속도:0.319
19:18:09  GPS원시방향유효:1
19:18:09  GPS원시방향:308.5
19:18:09  가속도:-0.29,0.44,9.65
19:18:09  자이로:-2.3,-1.6,0.1
19:18:09  자력계:-1.650,-80.100,2.700
19:18:09  충격값:0.08
19:18:09  충격피크:0.21
19:18:09  마지막충격발생값:0.00
19:18:09  마지막충격발생ms:0
19:18:09  송신:526
19:18:09  지팡이수신:418
19:18:09  GPS위성:4
19:18:09  GPS_HDOP:2.70
19:18:09  원시위도:37.497022
19:18:09  원시경도:126.957352
19:18:09  GPS채택:18
19:18:09  GPS이상치거부:0
19:18:09  GPS품질거부:0
19:18:09  GPS재기준:0
19:18:09  계산거리:67.25
19:18:09  접근속도:0.00
19:18:09  TTC:999.00
19:18:09  방향오차:-170.0
19:18:09  전방여부:0
19:18:09  위험음성횟수:0
19:18:09  충격음성횟수:0
19:18:09  마지막위험음성:0
19:18:09  RSSI원시:-74
19:18:09  RSSI평활:-74.7
19:18:09  RSSI샘플:418
19:18:09  RSSI경과ms:64
19:18:09  위험송신:418
19:18:09  시각ms:57222
19:18:09  IMU시각ms:57222
19:18:09  위험:0
19:18:09  원시위험:0
19:18:09  GPS유효:1
19:18:09  위도:37.497039
19:18:09  경도:126.957325
19:18:09  속도:0.37
19:18:09  방향:308.6
19:18:09  이동방향유효:0
19:18:09  GPS이동방향:308.6
19:18:09  차체방향유효:0
19:18:09  차체방향:0.0
19:18:09  후진판정:0
19:18:09  IMU요회전속도:0.00
19:18:09  방향가속도크기:9.67
19:18:09  방향자이로크기:1.33
19:18:09  방향자세cos:0.9998
19:18:09  자기모델잔차:0.78
19:18:09  자기모델반경:1.685
19:18:09  방향채택:0
19:18:09  방향거부:7077
19:18:09  GPS원시속도:0.319
19:18:09  GPS원시방향유효:1
19:18:09  GPS원시방향:308.5
19:18:09  가속도:-0.24,0.45,9.65
19:18:09  자이로:1.2,0.3,-0.6
19:18:09  자력계:-1.500,-79.800,4.500
19:18:09  충격값:0.08
19:18:09  충격피크:0.15
19:18:09  마지막충격발생값:0.00
19:18:09  마지막충격발생ms:0
19:18:09  송신:527
19:18:09  지팡이수신:419
19:18:09  GPS위성:4
19:18:09  GPS_HDOP:2.70
19:18:09  원시위도:37.497022
19:18:09  원시경도:126.957352
19:18:09  GPS채택:18
19:18:09  GPS이상치거부:0
19:18:09  GPS품질거부:0
19:18:09  GPS재기준:0
19:18:09  계산거리:67.25
19:18:09  접근속도:0.00
19:18:09  TTC:999.00
19:18:09  방향오차:-170.0
19:18:09  전방여부:0
19:18:09  위험음성횟수:0
19:18:09  충격음성횟수:0
19:18:09  마지막위험음성:0
19:18:09  RSSI원시:-75
19:18:09  RSSI평활:-74.8
19:18:09  RSSI샘플:419
19:18:09  RSSI경과ms:63
19:18:09  위험송신:419
19:18:09  시각ms:57328
19:18:09  IMU시각ms:57327
19:18:09  위험:0
19:18:09  원시위험:0
19:18:09  GPS유효:1
19:18:09  위도:37.497037
19:18:09  경도:126.957328
19:18:09  속도:0.34
19:18:09  방향:308.6
19:18:09  이동방향유효:0
19:18:09  GPS이동방향:308.6
19:18:09  차체방향유효:0
19:18:09  차체방향:0.0
19:18:09  후진판정:0
19:18:09  IMU요회전속도:0.00
19:18:09  방향가속도크기:9.61
19:18:09  방향자이로크기:0.59
19:18:09  방향자세cos:0.9996
19:18:09  자기모델잔차:1.26
19:18:09  자기모델반경:1.637
19:18:09  방향채택:0
19:18:09  방향거부:7090
19:18:09  GPS원시속도:0.319
19:18:09  GPS원시방향유효:1
19:18:09  GPS원시방향:308.5
19:18:09  가속도:-0.18,0.39,9.61
19:18:09  자이로:-0.2,0.2,0.5
19:18:09  자력계:-0.750,-78.300,4.800
19:18:09  충격값:0.11
19:18:09  충격피크:0.16
19:18:09  마지막충격발생값:0.00
19:18:09  마지막충격발생ms:0
19:18:09  송신:528
19:18:09  지팡이수신:420
19:18:09  GPS위성:4
19:18:09  GPS_HDOP:2.70
19:18:09  원시위도:37.497018
19:18:09  원시경도:126.957358
19:18:09  GPS채택:19
19:18:09  GPS이상치거부:0
19:18:09  GPS품질거부:0
19:18:09  GPS재기준:0
19:18:09  계산거리:67.25
19:18:09  접근속도:0.00
19:18:09  TTC:999.00
19:18:09  방향오차:-170.0
19:18:09  전방여부:0
19:18:09  위험음성횟수:0
19:18:09  충격음성횟수:0
19:18:09  마지막위험음성:0
19:18:09  RSSI원시:-76
19:18:09  RSSI평활:-75.0
19:18:09  RSSI샘플:420
19:18:09  RSSI경과ms:62
19:18:09  위험송신:420
19:18:09  시각ms:57433
19:18:09  IMU시각ms:57432
19:18:09  위험:0
19:18:09  원시위험:0
19:18:09  GPS유효:1
19:18:09  위도:37.497037
19:18:09  경도:126.957328
19:18:09  속도:0.34
19:18:09  방향:308.6
19:18:09  이동방향유효:0
19:18:09  GPS이동방향:308.6
19:18:09  차체방향유효:0
19:18:09  차체방향:0.0
19:18:09  후진판정:0
19:18:09  IMU요회전속도:0.00
19:18:09  방향가속도크기:9.71
19:18:09  방향자이로크기:3.68
19:18:09  방향자세cos:0.9998
19:18:09  자기모델잔차:1.75
19:18:09  자기모델반경:1.669
19:18:09  방향채택:0
19:18:09  방향거부:7103
19:18:09  GPS원시속도:0.319
19:18:09  GPS원시방향유효:1
19:18:09  GPS원시방향:308.5
19:18:09  가속도:-0.27,0.38,9.70
19:18:09  자이로:1.8,-3.0,-1.0
19:18:09  자력계:-1.200,-79.200,5.400
19:18:09  충격값:0.03
19:18:09  충격피크:0.16
19:18:09  마지막충격발생값:0.00
19:18:09  마지막충격발생ms:0
19:18:09  송신:529
19:18:09  지팡이수신:421
19:18:09  GPS위성:4
19:18:09  GPS_HDOP:2.70
19:18:09  원시위도:37.497018
19:18:09  원시경도:126.957358
19:18:09  GPS채택:19
19:18:09  GPS이상치거부:0
19:18:09  GPS품질거부:0
19:18:09  GPS재기준:0
19:18:09  계산거리:66.93
19:18:09  접근속도:0.00
19:18:09  TTC:999.00
19:18:09  방향오차:-170.2
19:18:09  전방여부:0
19:18:09  위험음성횟수:0
19:18:09  충격음성횟수:0
19:18:09  마지막위험음성:0
19:18:09  RSSI원시:-77
19:18:09  RSSI평활:-75.4
19:18:09  RSSI샘플:421
19:18:09  RSSI경과ms:61
19:18:09  위험송신:421
19:18:09  시각ms:57532
19:18:09  IMU시각ms:57532
19:18:09  위험:0
19:18:09  원시위험:0
19:18:09  GPS유효:1
19:18:09  위도:37.497035
19:18:09  경도:126.957330
19:18:09  속도:0.35
19:18:09  방향:308.6
19:18:09  이동방향유효:0
19:18:09  GPS이동방향:308.6
19:18:09  차체방향유효:0
19:18:09  차체방향:0.0
19:18:09  후진판정:0
19:18:09  IMU요회전속도:0.00
19:18:09  방향가속도크기:9.74
19:18:09  방향자이로크기:2.04
19:18:09  방향자세cos:0.9999
19:18:09  자기모델잔차:0.55
19:18:09  자기모델반경:1.629
19:18:09  방향채택:0
19:18:09  방향거부:7117
19:18:09  GPS원시속도:0.360
19:18:09  GPS원시방향유효:1
19:18:09  GPS원시방향:308.5
19:18:09  가속도:-0.35,0.42,9.73
19:18:09  자이로:-1.1,1.3,-1.2
19:18:09  자력계:-2.550,-77.850,4.050
19:18:09  충격값:0.11
19:18:09  충격피크:0.18
19:18:09  마지막충격발생값:0.00
19:18:09  마지막충격발생ms:0
19:18:09  송신:530
19:18:09  지팡이수신:421
19:18:09  GPS위성:4
19:18:09  GPS_HDOP:2.70
19:18:09  원시위도:37.497018
19:18:09  원시경도:126.957358
19:18:09  GPS채택:20
19:18:09  GPS이상치거부:0
19:18:09  GPS품질거부:0
19:18:09  GPS재기준:0
19:18:09  계산거리:66.93
19:18:09  접근속도:0.00
19:18:09  TTC:999.00
19:18:09  방향오차:-170.2
19:18:09  전방여부:0
19:18:09  위험음성횟수:0
19:18:09  충격음성횟수:0
19:18:09  마지막위험음성:0
19:18:09  RSSI원시:-77
19:18:09  RSSI평활:-75.4
19:18:09  RSSI샘플:421
19:18:09  RSSI경과ms:160
19:18:09  위험송신:421
19:18:09  시각ms:57636
19:18:09  IMU시각ms:57636
19:18:09  위험:0
19:18:09  원시위험:0
19:18:09  GPS유효:1
19:18:09  위도:37.497035
19:18:09  경도:126.957330
19:18:09  속도:0.35
19:18:09  방향:308.6
19:18:09  이동방향유효:0
19:18:09  GPS이동방향:308.6
19:18:09  차체방향유효:0
19:18:09  차체방향:0.0
19:18:09  후진판정:0
19:18:09  IMU요회전속도:0.00
19:18:09  방향가속도크기:9.71
19:18:09  방향자이로크기:3.04
19:18:09  방향자세cos:0.9998
19:18:09  자기모델잔차:1.01
19:18:09  자기모델반경:1.623
19:18:09  방향채택:0
19:18:09  방향거부:7130
19:18:09  GPS원시속도:0.360
19:18:09  GPS원시방향유효:1
19:18:09  GPS원시방향:308.5
19:18:09  가속도:-0.26,0.36,9.70
19:18:09  자이로:2.4,1.1,1.5
19:18:09  자력계:-1.050,-77.850,4.500
19:18:09  충격값:0.02
19:18:09  충격피크:0.14
19:18:09  마지막충격발생값:0.00
19:18:09  마지막충격발생ms:0
19:18:09  송신:531
19:18:09  지팡이수신:421
19:18:09  GPS위성:4
19:18:09  GPS_HDOP:2.70
19:18:09  원시위도:37.497018
19:18:09  원시경도:126.957358
19:18:09  GPS채택:20
19:18:09  GPS이상치거부:0
19:18:09  GPS품질거부:0
19:18:09  GPS재기준:0
19:18:09  계산거리:66.93
19:18:09  접근속도:0.00
19:18:09  TTC:999.00
19:18:09  방향오차:-170.2
19:18:09  전방여부:0
19:18:09  위험음성횟수:0
19:18:09  충격음성횟수:0
19:18:09  마지막위험음성:0
19:18:09  RSSI원시:-77
19:18:09  RSSI평활:-75.4
19:18:09  RSSI샘플:421
19:18:09  RSSI경과ms:264
19:18:09  위험송신:421
19:18:09  시각ms:57741
19:18:09  IMU시각ms:57741
19:18:09  위험:0
19:18:09  원시위험:0
19:18:09  GPS유효:1
19:18:09  위도:37.497035
19:18:09  경도:126.957330
19:18:09  속도:0.35
19:18:09  방향:308.6
19:18:09  이동방향유효:0
19:18:09  GPS이동방향:308.6
19:18:09  차체방향유효:0
19:18:09  차체방향:0.0
19:18:09  후진판정:0
19:18:09  IMU요회전속도:0.00
19:18:09  방향가속도크기:9.60
19:18:09  방향자이로크기:1.34
19:18:09  방향자세cos:0.9998
19:18:09  자기모델잔차:1.33
19:18:09  자기모델반경:1.626
19:18:09  방향채택:0
19:18:09  방향거부:7143
19:18:09  GPS원시속도:0.360
19:18:09  GPS원시방향유효:1
19:18:09  GPS원시방향:308.5
19:18:09  가속도:-0.28,0.37,9.59
19:18:09  자이로:-1.1,-0.1,0.7
19:18:09  자력계:-3.000,-77.550,4.800
19:18:09  충격값:0.10
19:18:09  충격피크:0.20
19:18:09  마지막충격발생값:0.00
19:18:09  마지막충격발생ms:0
19:18:09  송신:532
19:18:09  지팡이수신:422
19:18:09  GPS위성:4
19:18:09  GPS_HDOP:2.70
19:18:09  원시위도:37.497018
19:18:09  원시경도:126.957358
19:18:09  GPS채택:20
19:18:09  GPS이상치거부:0
19:18:09  GPS품질거부:0
19:18:09  GPS재기준:0
19:18:09  계산거리:66.93
19:18:09  접근속도:0.00
19:18:09  TTC:999.00
19:18:09  방향오차:-170.0
19:18:09  전방여부:0
19:18:09  위험음성횟수:0
19:18:09  충격음성횟수:0
19:18:09  마지막위험음성:0
19:18:09  RSSI원시:-78
19:18:09  RSSI평활:-75.9
19:18:09  RSSI샘플:422
19:18:09  RSSI경과ms:65
19:18:09  위험송신:422
19:18:10  시각ms:57846
19:18:10  IMU시각ms:57846
19:18:10  위험:0
19:18:10  원시위험:0
19:18:10  GPS유효:1
19:18:10  위도:37.497035
19:18:10  경도:126.957330
19:18:10  속도:0.35
19:18:10  방향:308.6
19:18:10  이동방향유효:0
19:18:10  GPS이동방향:308.6
19:18:10  차체방향유효:0
19:18:10  차체방향:0.0
19:18:10  후진판정:0
19:18:10  IMU요회전속도:0.00
19:18:10  방향가속도크기:9.69
19:18:10  방향자이로크기:1.82
19:18:10  방향자세cos:0.9997
19:18:10  자기모델잔차:0.73
19:18:10  자기모델반경:1.618
19:18:10  방향채택:0
19:18:10  방향거부:7156
19:18:10  GPS원시속도:0.360
19:18:10  GPS원시방향유효:1
19:18:10  GPS원시방향:308.5
19:18:10  가속도:-0.21,0.37,9.68
19:18:10  자이로:-0.0,1.7,0.6
19:18:10  자력계:-1.200,-77.700,4.200
19:18:10  충격값:0.06
19:18:10  충격피크:0.18
19:18:10  마지막충격발생값:0.00
19:18:10  마지막충격발생ms:0
19:18:10  송신:533
19:18:10  지팡이수신:423
19:18:10  GPS위성:4
19:18:10  GPS_HDOP:2.70
19:18:10  원시위도:37.497018
19:18:10  원시경도:126.957358
19:18:10  GPS채택:20
19:18:10  GPS이상치거부:0
19:18:10  GPS품질거부:0
19:18:10  GPS재기준:0
19:18:10  계산거리:66.93
19:18:10  접근속도:0.00
19:18:10  TTC:999.00
19:18:10  방향오차:-170.0
19:18:10  전방여부:0
19:18:10  위험음성횟수:0
19:18:10  충격음성횟수:0
19:18:10  마지막위험음성:0
19:18:10  RSSI원시:-76
19:18:10  RSSI평활:-76.0
19:18:10  RSSI샘플:423
19:18:10  RSSI경과ms:65
19:18:10  위험송신:423
19:18:10  시각ms:57951
19:18:10  IMU시각ms:57951
19:18:10  위험:0
19:18:10  원시위험:0
19:18:10  GPS유효:1
19:18:10  위도:37.497035
19:18:10  경도:126.957330
19:18:10  속도:0.35
19:18:10  방향:308.6
19:18:10  이동방향유효:0
19:18:10  GPS이동방향:308.6
19:18:10  차체방향유효:0
19:18:10  차체방향:0.0
19:18:10  후진판정:0
19:18:10  IMU요회전속도:0.00
19:18:10  방향가속도크기:9.67
19:18:10  방향자이로크기:3.00
19:18:10  방향자세cos:0.9996
19:18:10  자기모델잔차:1.69
19:18:10  자기모델반경:1.683
19:18:10  방향채택:0
19:18:10  방향거부:7169
19:18:10  GPS원시속도:0.360
19:18:10  GPS원시방향유효:1
19:18:10  GPS원시방향:308.5
19:18:10  가속도:-0.23,0.29,9.66
19:18:10  자이로:0.2,1.2,-2.8
19:18:10  자력계:-1.200,-79.650,5.400
19:18:10  충격값:0.12
19:18:10  충격피크:0.17
19:18:10  마지막충격발생값:0.00
19:18:10  마지막충격발생ms:0
19:18:10  송신:534
19:18:10  지팡이수신:424
19:18:10  GPS위성:4
19:18:10  GPS_HDOP:2.70
19:18:10  원시위도:37.497018
19:18:10  원시경도:126.957358
19:18:10  GPS채택:20
19:18:10  GPS이상치거부:0
19:18:10  GPS품질거부:0
19:18:10  GPS재기준:0
19:18:10  계산거리:66.93
19:18:10  접근속도:0.00
19:18:10  TTC:999.00
19:18:10  방향오차:-170.0
19:18:10  전방여부:0
19:18:10  위험음성횟수:0
19:18:10  충격음성횟수:0
19:18:10  마지막위험음성:0
19:18:10  RSSI원시:-74
19:18:10  RSSI평활:-75.6
19:18:10  RSSI샘플:424
19:18:10  RSSI경과ms:64
19:18:10  위험송신:424
19:18:10  시각ms:58056
19:18:10  IMU시각ms:58056
19:18:10  위험:0
19:18:10  원시위험:0
19:18:10  GPS유효:1
19:18:10  위도:37.497035
19:18:10  경도:126.957331
19:18:10  속도:0.35
19:18:10  방향:308.6
19:18:10  이동방향유효:0
19:18:10  GPS이동방향:308.6
19:18:10  차체방향유효:0
19:18:10  차체방향:0.0
19:18:10  후진판정:0
19:18:10  IMU요회전속도:0.00
19:18:10  방향가속도크기:9.74
19:18:10  방향자이로크기:3.12
19:18:10  방향자세cos:0.9999
19:18:10  자기모델잔차:1.01
19:18:10  자기모델반경:1.622
19:18:10  방향채택:0
19:18:10  방향거부:7182
19:18:10  GPS원시속도:0.360
19:18:10  GPS원시방향유효:1
19:18:10  GPS원시방향:308.5
19:18:10  가속도:-0.34,0.51,9.72
19:18:10  자이로:-1.2,2.9,-0.0
19:18:10  자력계:-0.750,-77.850,4.500
19:18:10  충격값:0.14
19:18:10  충격피크:0.17
19:18:10  마지막충격발생값:0.00
19:18:10  마지막충격발생ms:0
19:18:10  송신:535
19:18:10  지팡이수신:425
19:18:10  GPS위성:4
19:18:10  GPS_HDOP:2.70
19:18:10  원시위도:37.497018
19:18:10  원시경도:126.957358
19:18:10  GPS채택:20
19:18:10  GPS이상치거부:0
19:18:10  GPS품질거부:0
19:18:10  GPS재기준:0
19:18:10  계산거리:66.93
19:18:10  접근속도:0.00
19:18:10  TTC:999.00
19:18:10  방향오차:-170.0
19:18:10  전방여부:0
19:18:10  위험음성횟수:0
19:18:10  충격음성횟수:0
19:18:10  마지막위험음성:0
19:18:10  RSSI원시:-74
19:18:10  RSSI평활:-75.2
19:18:10  RSSI샘플:425
19:18:10  RSSI경과ms:67
19:18:10  위험송신:425
19:18:10  시각ms:58476
19:18:10  IMU시각ms:58476
19:18:10  위험:0
19:18:10  원시위험:0
19:18:10  GPS유효:1
19:18:10  위도:37.497032
19:18:10  경도:126.957335
19:18:10  속도:0.30
19:18:10  방향:308.6
19:18:10  이동방향유효:0
19:18:10  GPS이동방향:308.6
19:18:10  차체방향유효:0
19:18:10  차체방향:0.0
19:18:10  후진판정:0
19:18:10  IMU요회전속도:0.00
19:18:10  방향가속도크기:9.57
19:18:10  방향자이로크기:1.47
19:18:10  방향자세cos:0.9997
19:18:10  자기모델잔차:1.96
19:18:10  자기모델반경:1.649
19:18:10  방향채택:0
19:18:10  방향거부:7234
19:18:10  GPS원시속도:0.237
19:18:10  GPS원시방향유효:1
19:18:10  GPS원시방향:308.5
19:18:10  가속도:-0.24,0.37,9.56
19:18:10  자이로:-1.4,0.3,0.1
19:18:10  자력계:0.300,-78.750,5.550
19:18:10  충격값:0.16
19:18:10  충격피크:0.16
19:18:10  마지막충격발생값:0.00
19:18:10  마지막충격발생ms:0
19:18:10  송신:539
19:18:10  지팡이수신:429
19:18:10  GPS위성:4
19:18:10  GPS_HDOP:2.70
19:18:10  원시위도:37.497015
19:18:10  원시경도:126.957362
19:18:10  GPS채택:22
19:18:10  GPS이상치거부:0
19:18:10  GPS품질거부:0
19:18:10  GPS재기준:0
19:18:10  계산거리:66.49
19:18:10  접근속도:0.00
19:18:10  TTC:999.00
19:18:10  방향오차:-170.0
19:18:10  전방여부:0
19:18:10  위험음성횟수:0
19:18:10  충격음성횟수:0
19:18:10  마지막위험음성:0
19:18:10  RSSI원시:-76
19:18:10  RSSI평활:-75.2
19:18:10  RSSI샘플:429
19:18:10  RSSI경과ms:64
19:18:10  위험송신:429
19:18:10  시각ms:58683
19:18:10  IMU시각ms:58683
19:18:10  위험:0
19:18:10  원시위험:0
19:18:10  GPS유효:1
19:18:10  위도:37.497032
19:18:10  경도:126.957335
19:18:10  속도:0.30
19:18:10  방향:308.6
19:18:10  이동방향유효:0
19:18:10  GPS이동방향:308.6
19:18:10  차체방향유효:0
19:18:10  차체방향:0.0
19:18:10  후진판정:0
19:18:10  IMU요회전속도:0.00
19:18:10  방향가속도크기:9.69
19:18:10  방향자이로크기:4.90
19:18:10  방향자세cos:0.9996
19:18:10  자기모델잔차:1.41
19:18:10  자기모델반경:1.639
19:18:10  방향채택:0
19:18:10  방향거부:7258
19:18:10  GPS원시속도:0.237
19:18:10  GPS원시방향유효:1
19:18:10  GPS원시방향:308.5
19:18:10  가속도:-0.16,0.43,9.68
19:18:10  자이로:1.7,-4.2,-1.9
19:18:10  자력계:-2.100,-78.150,4.950
19:18:10  충격값:0.12
19:18:10  충격피크:0.12
19:18:10  마지막충격발생값:0.00
19:18:10  마지막충격발생ms:0
19:18:10  송신:541
19:18:10  지팡이수신:431
19:18:10  GPS위성:4
19:18:10  GPS_HDOP:2.70
19:18:10  원시위도:37.497015
19:18:10  원시경도:126.957362
19:18:10  GPS채택:22
19:18:10  GPS이상치거부:0
19:18:10  GPS품질거부:0
19:18:10  GPS재기준:0
19:18:10  계산거리:66.49
19:18:10  접근속도:0.00
19:18:10  TTC:999.00
19:18:10  방향오차:-169.9
19:18:10  전방여부:0
19:18:10  위험음성횟수:0
19:18:10  충격음성횟수:0
19:18:10  마지막위험음성:0
19:18:10  RSSI원시:-76
19:18:10  RSSI평활:-75.8
19:18:10  RSSI샘플:431
19:18:10  RSSI경과ms:65
19:18:10  위험송신:431
19:18:10  시각ms:58788
19:18:10  IMU시각ms:58788
19:18:10  위험:0
19:18:10  원시위험:0
19:18:10  GPS유효:1
19:18:10  위도:37.497032
19:18:10  경도:126.957335
19:18:10  속도:0.30
19:18:10  방향:308.6
19:18:10  이동방향유효:0
19:18:10  GPS이동방향:308.6
19:18:10  차체방향유효:0
19:18:10  차체방향:0.0
19:18:10  후진판정:0
19:18:10  IMU요회전속도:0.00
19:18:10  방향가속도크기:9.69
19:18:10  방향자이로크기:1.83
19:18:10  방향자세cos:0.9997
19:18:10  자기모델잔차:1.33
19:18:10  자기모델반경:1.660
19:18:10  방향채택:0
19:18:10  방향거부:7271
19:18:10  GPS원시속도:0.237
19:18:10  GPS원시방향유효:1
19:18:10  GPS원시방향:308.5
19:18:10  가속도:-0.23,0.39,9.68
19:18:10  자이로:1.5,-1.0,-0.4
19:18:10  자력계:-1.650,-78.900,4.950
19:18:10  충격값:0.05
19:18:10  충격피크:0.20
19:18:10  마지막충격발생값:0.00
19:18:10  마지막충격발생ms:0
19:18:10  송신:542
19:18:10  지팡이수신:432
19:18:10  GPS위성:4
19:18:10  GPS_HDOP:2.70
19:18:10  원시위도:37.497015
19:18:10  원시경도:126.957362
19:18:10  GPS채택:22
19:18:10  GPS이상치거부:0
19:18:10  GPS품질거부:0
19:18:10  GPS재기준:0
19:18:10  계산거리:66.49
19:18:10  접근속도:0.00
19:18:10  TTC:999.00
19:18:10  방향오차:-169.9
19:18:10  전방여부:0
19:18:10  위험음성횟수:0
19:18:10  충격음성횟수:0
19:18:10  마지막위험음성:0
19:18:10  RSSI원시:-73
19:18:10  RSSI평활:-75.2
19:18:10  RSSI샘플:432
19:18:10  RSSI경과ms:70
19:18:10  위험송신:432
19:18:11  시각ms:58893
19:18:11  IMU시각ms:58893
19:18:11  위험:0
19:18:11  원시위험:0
19:18:11  GPS유효:1
19:18:11  위도:37.497032
19:18:11  경도:126.957335
19:18:11  속도:0.30
19:18:11  방향:308.6
19:18:11  이동방향유효:0
19:18:11  GPS이동방향:308.6
19:18:11  차체방향유효:0
19:18:11  차체방향:0.0
19:18:11  후진판정:0
19:18:11  IMU요회전속도:0.00
19:18:11  방향가속도크기:9.84
19:18:11  방향자이로크기:1.72
19:18:11  방향자세cos:0.9999
19:18:11  자기모델잔차:2.55
19:18:11  자기모델반경:1.646
19:18:11  방향채택:0
19:18:11  방향거부:7284
19:18:11  GPS원시속도:0.237
19:18:11  GPS원시방향유효:1
19:18:11  GPS원시방향:308.5
19:18:11  가속도:-0.34,0.45,9.82
19:18:11  자이로:1.6,-0.5,0.5
19:18:11  자력계:-0.750,-79.050,1.050
19:18:11  충격값:0.15
19:18:11  충격피크:0.20
19:18:11  마지막충격발생값:0.00
19:18:11  마지막충격발생ms:0
19:18:11  송신:543
19:18:11  지팡이수신:433
19:18:11  GPS위성:4
19:18:11  GPS_HDOP:2.70
19:18:11  원시위도:37.497015
19:18:11  원시경도:126.957362
19:18:11  GPS채택:22
19:18:11  GPS이상치거부:0
19:18:11  GPS품질거부:0
19:18:11  GPS재기준:0
19:18:11  계산거리:66.49
19:18:11  접근속도:0.00
19:18:11  TTC:999.00
19:18:11  방향오차:-169.8
19:18:11  전방여부:0
19:18:11  위험음성횟수:0
19:18:11  충격음성횟수:0
19:18:11  마지막위험음성:0
19:18:11  RSSI원시:-74
19:18:11  RSSI평활:-75.0
19:18:11  RSSI샘플:433
19:18:11  RSSI경과ms:68
19:18:11  위험송신:433
19:18:11  시각ms:58998
19:18:11  IMU시각ms:58998
19:18:11  위험:0
19:18:11  원시위험:0
19:18:11  GPS유효:1
19:18:11  위도:37.497032
19:18:11  경도:126.957335
19:18:11  속도:0.30
19:18:11  방향:308.6
19:18:11  이동방향유효:0
19:18:11  GPS이동방향:308.6
19:18:11  차체방향유효:0
19:18:11  차체방향:0.0
19:18:11  후진판정:0
19:18:11  IMU요회전속도:0.00
19:18:11  방향가속도크기:9.71
19:18:11  방향자이로크기:1.94
19:18:11  방향자세cos:0.9998
19:18:11  자기모델잔차:0.30
19:18:11  자기모델반경:1.608
19:18:11  방향채택:0
19:18:11  방향거부:7297
19:18:11  GPS원시속도:0.237
19:18:11  GPS원시방향유효:1
19:18:11  GPS원시방향:308.5
19:18:11  가속도:-0.28,0.39,9.70
19:18:11  자이로:0.4,-0.9,1.7
19:18:11  자력계:-0.300,-77.550,3.750
19:18:11  충격값:0.03
19:18:11  충격피크:0.19
19:18:11  마지막충격발생값:0.00
19:18:11  마지막충격발생ms:0
19:18:11  송신:544
19:18:11  지팡이수신:434
19:18:11  GPS위성:4
19:18:11  GPS_HDOP:2.70
19:18:11  원시위도:37.497015
19:18:11  원시경도:126.957362
19:18:11  GPS채택:22
19:18:11  GPS이상치거부:0
19:18:11  GPS품질거부:0
19:18:11  GPS재기준:0
19:18:11  계산거리:66.49
19:18:11  접근속도:0.00
19:18:11  TTC:999.00
19:18:11  방향오차:-169.8
19:18:11  전방여부:0
19:18:11  위험음성횟수:0
19:18:11  충격음성횟수:0
19:18:11  마지막위험음성:0
19:18:11  RSSI원시:-73
19:18:11  RSSI평활:-74.6
19:18:11  RSSI샘플:434
19:18:11  RSSI경과ms:66
19:18:11  위험송신:434
19:18:11  시각ms:59103
19:18:11  IMU시각ms:59103
19:18:11  위험:0
19:18:11  원시위험:0
19:18:11  GPS유효:1
19:18:11  위도:37.497032
19:18:11  경도:126.957335
19:18:11  속도:0.30
19:18:11  방향:308.6
19:18:11  이동방향유효:0
19:18:11  GPS이동방향:308.6
19:18:11  차체방향유효:0
19:18:11  차체방향:0.0
19:18:11  후진판정:0
19:18:11  IMU요회전속도:0.00
19:18:11  방향가속도크기:9.68
19:18:11  방향자이로크기:2.27
19:18:11  방향자세cos:0.9998
19:18:11  자기모델잔차:1.82
19:18:11  자기모델반경:1.658
19:18:11  방향채택:0
19:18:11  방향거부:7310
19:18:11  GPS원시속도:0.237
19:18:11  GPS원시방향유효:1
19:18:11  GPS원시방향:308.5
19:18:11  가속도:-0.24,0.39,9.67
19:18:11  자이로:1.5,1.7,-0.3
19:18:11  자력계:-2.550,-79.050,1.800
19:18:11  충격값:0.04
19:18:11  충격피크:0.13
19:18:11  마지막충격발생값:0.00
19:18:11  마지막충격발생ms:0
19:18:11  송신:545
19:18:11  지팡이수신:435
19:18:11  GPS위성:4
19:18:11  GPS_HDOP:2.70
19:18:11  원시위도:37.497015
19:18:11  원시경도:126.957362
19:18:11  GPS채택:22
19:18:11  GPS이상치거부:0
19:18:11  GPS품질거부:0
19:18:11  GPS재기준:0
19:18:11  계산거리:66.49
19:18:11  접근속도:0.00
19:18:11  TTC:999.00
19:18:11  방향오차:-169.8
19:18:11  전방여부:0
19:18:11  위험음성횟수:0
19:18:11  충격음성횟수:0
19:18:11  마지막위험음성:0
19:18:11  RSSI원시:-76
19:18:11  RSSI평활:-74.9
19:18:11  RSSI샘플:435
19:18:11  RSSI경과ms:71
19:18:11  위험송신:435
19:18:11  시각ms:59314
19:18:11  IMU시각ms:59313
19:18:11  위험:0
19:18:11  원시위험:0
19:18:11  GPS유효:1
19:18:11  위도:37.497032
19:18:11  경도:126.957335
19:18:11  속도:0.30
19:18:11  방향:308.6
19:18:11  이동방향유효:0
19:18:11  GPS이동방향:308.6
19:18:11  차체방향유효:0
19:18:11  차체방향:0.0
19:18:11  후진판정:0
19:18:11  IMU요회전속도:0.00
19:18:11  방향가속도크기:9.73
19:18:11  방향자이로크기:2.97
19:18:11  방향자세cos:0.9997
19:18:11  자기모델잔차:1.87
19:18:11  자기모델반경:1.636
19:18:11  방향채택:0
19:18:11  방향거부:7336
19:18:11  GPS원시속도:0.237
19:18:11  GPS원시방향유효:1
19:18:11  GPS원시방향:308.5
19:18:11  가속도:-0.20,0.44,9.72
19:18:11  자이로:0.3,1.4,-2.6
19:18:11  자력계:-1.200,-78.150,5.400
19:18:11  충격값:0.09
19:18:11  충격피크:0.15
19:18:11  마지막충격발생값:0.00
19:18:11  마지막충격발생ms:0
19:18:11  송신:547
19:18:11  지팡이수신:437
19:18:11  GPS위성:4
19:18:11  GPS_HDOP:2.70
19:18:11  원시위도:37.497015
19:18:11  원시경도:126.957362
19:18:11  GPS채택:22
19:18:11  GPS이상치거부:0
19:18:11  GPS품질거부:0
19:18:11  GPS재기준:0
19:18:11  계산거리:67.25
19:18:11  접근속도:0.00
19:18:11  TTC:999.00
19:18:11  방향오차:-170.2
19:18:11  전방여부:0
19:18:11  위험음성횟수:0
19:18:11  충격음성횟수:0
19:18:11  마지막위험음성:0
19:18:11  RSSI원시:-77
19:18:11  RSSI평활:-75.3
19:18:11  RSSI샘플:437
19:18:11  RSSI경과ms:73
19:18:11  위험송신:437
19:18:11  시각ms:59419
19:18:11  IMU시각ms:59418
19:18:11  위험:0
19:18:11  원시위험:0
19:18:11  GPS유효:1
19:18:11  위도:37.497031
19:18:11  경도:126.957338
19:18:11  속도:0.27
19:18:11  방향:308.6
19:18:11  이동방향유효:0
19:18:11  GPS이동방향:308.6
19:18:11  차체방향유효:0
19:18:11  차체방향:0.0
19:18:11  후진판정:0
19:18:11  IMU요회전속도:0.00
19:18:11  방향가속도크기:9.72
19:18:11  방향자이로크기:2.93
19:18:11  방향자세cos:0.9998
19:18:11  자기모델잔차:0.38
19:18:11  자기모델반경:1.630
19:18:11  방향채택:0
19:18:11  방향거부:7349
19:18:11  GPS원시속도:0.237
19:18:11  GPS원시방향유효:1
19:18:11  GPS원시방향:308.5
19:18:11  가속도:-0.37,0.28,9.71
19:18:11  자이로:-1.6,-1.7,1.7
19:18:11  자력계:-0.900,-78.150,3.900
19:18:11  충격값:0.14
19:18:11  충격피크:0.19
19:18:11  마지막충격발생값:0.00
19:18:11  마지막충격발생ms:0
19:18:11  송신:548
19:18:11  지팡이수신:438
19:18:11  GPS위성:4
19:18:11  GPS_HDOP:2.70
19:18:11  원시위도:37.497013
19:18:11  원시경도:126.957368
19:18:11  GPS채택:23
19:18:11  GPS이상치거부:0
19:18:11  GPS품질거부:0
19:18:11  GPS재기준:0
19:18:11  계산거리:67.25
19:18:11  접근속도:0.00
19:18:11  TTC:999.00
19:18:11  방향오차:-170.0
19:18:11  전방여부:0
19:18:11  위험음성횟수:0
19:18:11  충격음성횟수:0
19:18:11  마지막위험음성:0
19:18:11  RSSI원시:-76
19:18:11  RSSI평활:-75.5
19:18:11  RSSI샘플:438
19:18:11  RSSI경과ms:68
19:18:11  위험송신:438
19:18:11  시각ms:59523
19:18:11  IMU시각ms:59523
19:18:11  위험:0
19:18:11  원시위험:0
19:18:11  GPS유효:1
19:18:11  위도:37.497029
19:18:11  경도:126.957340
19:18:11  속도:0.27
19:18:11  방향:308.6
19:18:11  이동방향유효:0
19:18:11  GPS이동방향:308.6
19:18:11  차체방향유효:0
19:18:11  차체방향:0.0
19:18:11  후진판정:0
19:18:11  IMU요회전속도:0.00
19:18:11  방향가속도크기:9.63
19:18:11  방향자이로크기:2.10
19:18:11  방향자세cos:0.9997
19:18:11  자기모델잔차:0.24
19:18:11  자기모델반경:1.676
19:18:11  방향채택:0
19:18:11  방향거부:7362
19:18:11  GPS원시속도:0.278
19:18:11  GPS원시방향유효:1
19:18:11  GPS원시방향:308.5
19:18:11  가속도:-0.26,0.34,9.62
19:18:11  자이로:-1.2,0.7,-1.6
19:18:11  자력계:-1.200,-79.650,3.450
19:18:11  충격값:0.09
19:18:11  충격피크:0.14
19:18:11  마지막충격발생값:0.00
19:18:11  마지막충격발생ms:0
19:18:11  송신:549
19:18:11  지팡이수신:439
19:18:11  GPS위성:4
19:18:11  GPS_HDOP:2.70
19:18:11  원시위도:37.497013
19:18:11  원시경도:126.957368
19:18:11  GPS채택:24
19:18:11  GPS이상치거부:0
19:18:11  GPS품질거부:0
19:18:11  GPS재기준:0
19:18:11  계산거리:67.25
19:18:11  접근속도:0.00
19:18:11  TTC:999.00
19:18:11  방향오차:-170.0
19:18:11  전방여부:0
19:18:11  위험음성횟수:0
19:18:11  충격음성횟수:0
19:18:11  마지막위험음성:0
19:18:11  RSSI원시:-78
19:18:11  RSSI평활:-76.0
19:18:11  RSSI샘플:439
19:18:11  RSSI경과ms:68
19:18:11  위험송신:439
19:18:11  시각ms:59646
19:18:11  IMU시각ms:59623
19:18:11  위험:0
19:18:11  원시위험:0
19:18:11  GPS유효:1
19:18:11  위도:37.497029
19:18:11  경도:126.957341
19:18:11  속도:0.27
19:18:11  방향:308.6
19:18:11  이동방향유효:0
19:18:11  GPS이동방향:308.6
19:18:11  차체방향유효:0
19:18:11  차체방향:0.0
19:18:11  후진판정:0
19:18:11  IMU요회전속도:0.00
19:18:11  방향가속도크기:9.77
19:18:11  방향자이로크기:2.24
19:18:11  방향자세cos:0.9998
19:18:11  자기모델잔차:0.54
19:18:11  자기모델반경:1.674
19:18:11  방향채택:0
19:18:11  방향거부:7376
19:18:11  GPS원시속도:0.278
19:18:11  GPS원시방향유효:1
19:18:11  GPS원시방향:308.5
19:18:11  가속도:-0.26,0.38,9.76
19:18:11  자이로:-0.8,-0.9,-1.9
19:18:11  자력계:-1.200,-79.650,3.150
19:18:11  충격값:0.06
19:18:11  충격피크:0.16
19:18:11  마지막충격발생값:0.00
19:18:11  마지막충격발생ms:0
19:18:11  송신:550
19:18:11  지팡이수신:439
19:18:11  GPS위성:4
19:18:11  GPS_HDOP:2.70
19:18:11  원시위도:37.497013
19:18:11  원시경도:126.957368
19:18:11  GPS채택:24
19:18:11  GPS이상치거부:0
19:18:11  GPS품질거부:0
19:18:11  GPS재기준:0
19:18:11  계산거리:67.25
19:18:11  접근속도:0.00
19:18:11  TTC:999.00
19:18:11  방향오차:-170.0
19:18:11  전방여부:0
19:18:11  위험음성횟수:0
19:18:11  충격음성횟수:0
19:18:11  마지막위험음성:0
19:18:11  RSSI원시:-78
19:18:11  RSSI평활:-76.0
19:18:11  RSSI샘플:439
19:18:11  RSSI경과ms:191
19:18:11  위험송신:439
19:18:11  시각ms:59737
19:18:11  IMU시각ms:59737
19:18:11  위험:0
19:18:11  원시위험:0
19:18:11  GPS유효:1
19:18:11  위도:37.497029
19:18:11  경도:126.957341
19:18:11  속도:0.27
19:18:11  방향:308.6
19:18:11  이동방향유효:0
19:18:11  GPS이동방향:308.6
19:18:11  차체방향유효:0
19:18:11  차체방향:0.0
19:18:11  후진판정:0
19:18:11  IMU요회전속도:0.00
19:18:11  방향가속도크기:9.69
19:18:11  방향자이로크기:1.47
19:18:11  방향자세cos:0.9997
19:18:11  자기모델잔차:1.25
19:18:11  자기모델반경:1.644
19:18:11  방향채택:0
19:18:11  방향거부:7387
19:18:11  GPS원시속도:0.278
19:18:11  GPS원시방향유효:1
19:18:11  GPS원시방향:308.5
19:18:11  가속도:-0.22,0.40,9.68
19:18:11  자이로:0.6,0.7,-1.1
19:18:11  자력계:-2.250,-78.300,4.800
19:18:11  충격값:0.06
19:18:11  충격피크:0.17
19:18:11  마지막충격발생값:0.00
19:18:11  마지막충격발생ms:0
19:18:11  송신:551
19:18:11  지팡이수신:440
19:18:11  GPS위성:4
19:18:11  GPS_HDOP:2.70
19:18:11  원시위도:37.497013
19:18:11  원시경도:126.957368
19:18:11  GPS채택:24
19:18:11  GPS이상치거부:0
19:18:11  GPS품질거부:0
19:18:11  GPS재기준:0
19:18:11  계산거리:66.49
19:18:11  접근속도:0.00
19:18:11  TTC:999.00
19:18:11  방향오차:-169.9
19:18:11  전방여부:0
19:18:11  위험음성횟수:0
19:18:11  충격음성횟수:0
19:18:11  마지막위험음성:0
19:18:11  RSSI원시:-78
19:18:11  RSSI평활:-76.4
19:18:11  RSSI샘플:440
19:18:11  RSSI경과ms:66
19:18:11  위험송신:440
19:18:12  시각ms:59842
19:18:12  IMU시각ms:59842
19:18:12  위험:0
19:18:12  원시위험:0
19:18:12  GPS유효:1
19:18:12  위도:37.497029
19:18:12  경도:126.957341
19:18:12  속도:0.27
19:18:12  방향:308.6
19:18:12  이동방향유효:0
19:18:12  GPS이동방향:308.6
19:18:12  차체방향유효:0
19:18:12  차체방향:0.0
19:18:12  후진판정:0
19:18:12  IMU요회전속도:0.00
19:18:12  방향가속도크기:9.74
19:18:12  방향자이로크기:2.91
19:18:12  방향자세cos:0.9998
19:18:12  자기모델잔차:1.30
19:18:12  자기모델반경:1.628
19:18:12  방향채택:0
19:18:12  방향거부:7400
19:18:12  GPS원시속도:0.278
19:18:12  GPS원시방향유효:1
19:18:12  GPS원시방향:308.5
19:18:12  가속도:-0.24,0.48,9.73
19:18:12  자이로:-0.1,-0.9,2.7
19:18:12  자력계:-1.800,-77.850,4.800
19:18:12  충격값:0.10
19:18:12  충격피크:0.22
19:18:12  마지막충격발생값:0.00
19:18:12  마지막충격발생ms:0
19:18:12  송신:552
19:18:12  지팡이수신:441
19:18:12  GPS위성:4
19:18:12  GPS_HDOP:2.70
19:18:12  원시위도:37.497013
19:18:12  원시경도:126.957368
19:18:12  GPS채택:24
19:18:12  GPS이상치거부:0
19:18:12  GPS품질거부:0
19:18:12  GPS재기준:0
19:18:12  계산거리:66.49
19:18:12  접근속도:0.00
19:18:12  TTC:999.00
19:18:12  방향오차:-169.9
19:18:12  전방여부:0
19:18:12  위험음성횟수:0
19:18:12  충격음성횟수:0
19:18:12  마지막위험음성:0
19:18:12  RSSI원시:-79
19:18:12  RSSI평활:-76.9
19:18:12  RSSI샘플:441
19:18:12  RSSI경과ms:77
19:18:12  위험송신:441
19:18:12  시각ms:59942
19:18:12  IMU시각ms:59942
19:18:12  위험:0
19:18:12  원시위험:0
19:18:12  GPS유효:1
19:18:12  위도:37.497029
19:18:12  경도:126.957341
19:18:12  속도:0.27
19:18:12  방향:308.6
19:18:12  이동방향유효:0
19:18:12  GPS이동방향:308.6
19:18:12  차체방향유효:0
19:18:12  차체방향:0.0
19:18:12  후진판정:0
19:18:12  IMU요회전속도:0.00
19:18:12  방향가속도크기:9.75
19:18:12  방향자이로크기:1.49
19:18:12  방향자세cos:0.9993
19:18:12  자기모델잔차:2.52
19:18:12  자기모델반경:1.667
19:18:12  방향채택:0
19:18:12  방향거부:7414
19:18:12  GPS원시속도:0.278
19:18:12  GPS원시방향유효:1
19:18:12  GPS원시방향:308.5
19:18:12  가속도:-0.29,0.16,9.75
19:18:12  자이로:-0.9,-0.7,1.0
19:18:12  자력계:-2.100,-78.900,6.150
19:18:12  충격값:0.22
19:18:12  충격피크:0.22
19:18:12  마지막충격발생값:0.00
19:18:12  마지막충격발생ms:0
19:18:12  송신:553
19:18:12  지팡이수신:441
19:18:12  GPS위성:4
19:18:12  GPS_HDOP:2.70
19:18:12  원시위도:37.497013
19:18:12  원시경도:126.957368
19:18:12  GPS채택:24
19:18:12  GPS이상치거부:0
19:18:12  GPS품질거부:0
19:18:12  GPS재기준:0
19:18:12  계산거리:66.49
19:18:12  접근속도:0.00
19:18:12  TTC:999.00
19:18:12  방향오차:-169.9
19:18:12  전방여부:0
19:18:12  위험음성횟수:0
19:18:12  충격음성횟수:0
19:18:12  마지막위험음성:0
19:18:12  RSSI원시:-79
19:18:12  RSSI평활:-76.9
19:18:12  RSSI샘플:441
19:18:12  RSSI경과ms:177
19:18:12  위험송신:441
19:18:12  시각ms:60047
19:18:12  IMU시각ms:60047
19:18:12  위험:0
19:18:12  원시위험:0
19:18:12  GPS유효:1
19:18:12  위도:37.497029
19:18:12  경도:126.957341
19:18:12  속도:0.27
19:18:12  방향:308.6
19:18:12  이동방향유효:0
19:18:12  GPS이동방향:308.6
19:18:12  차체방향유효:0
19:18:12  차체방향:0.0
19:18:12  후진판정:0
19:18:12  IMU요회전속도:0.00
19:18:12  방향가속도크기:9.69
19:18:12  방향자이로크기:1.07
19:18:12  방향자세cos:0.9996
19:18:12  자기모델잔차:1.76
19:18:12  자기모델반경:1.622
19:18:12  방향채택:0
19:18:12  방향거부:7427
19:18:12  GPS원시속도:0.278
19:18:12  GPS원시방향유효:1
19:18:12  GPS원시방향:308.5
19:18:12  가속도:-0.18,0.47,9.68
19:18:12  자이로:0.5,0.7,-0.6
19:18:12  자력계:-0.300,-77.850,5.250
19:18:12  충격값:0.12
19:18:12  충격피크:0.24
19:18:12  마지막충격발생값:0.00
19:18:12  마지막충격발생ms:0
19:18:12  송신:554
19:18:12  지팡이수신:442
19:18:12  GPS위성:4
19:18:12  GPS_HDOP:2.70
19:18:12  원시위도:37.497013
19:18:12  원시경도:126.957368
19:18:12  GPS채택:24
19:18:12  GPS이상치거부:0
19:18:12  GPS품질거부:0
19:18:12  GPS재기준:0
19:18:12  계산거리:66.49
19:18:12  접근속도:0.00
19:18:12  TTC:999.00
19:18:12  방향오차:-169.9
19:18:12  전방여부:0
19:18:12  위험음성횟수:0
19:18:12  충격음성횟수:0
19:18:12  마지막위험음성:0
19:18:12  RSSI원시:-77
19:18:12  RSSI평활:-76.9
19:18:12  RSSI샘플:442
19:18:12  RSSI경과ms:77
19:18:12  위험송신:442
19:18:12  시각ms:60147
19:18:12  IMU시각ms:60147
19:18:12  위험:0
19:18:12  원시위험:0
19:18:12  GPS유효:1
19:18:12  위도:37.497029
19:18:12  경도:126.957341
19:18:12  속도:0.27
19:18:12  방향:308.6
19:18:12  이동방향유효:0
19:18:12  GPS이동방향:308.6
19:18:12  차체방향유효:0
19:18:12  차체방향:0.0
19:18:12  후진판정:0
19:18:12  IMU요회전속도:0.00
19:18:12  방향가속도크기:9.65
19:18:12  방향자이로크기:3.39
19:18:12  방향자세cos:0.9998
19:18:12  자기모델잔차:0.16
19:18:12  자기모델반경:1.652
19:18:12  방향채택:0
19:18:12  방향거부:7441
19:18:12  GPS원시속도:0.278
19:18:12  GPS원시방향유효:1
19:18:12  GPS원시방향:308.5
19:18:12  가속도:-0.24,0.39,9.64
19:18:12  자이로:0.1,1.8,-2.9
19:18:12  자력계:-1.200,-78.900,3.450
19:18:12  충격값:0.07
19:18:12  충격피크:0.19
19:18:12  마지막충격발생값:0.00
19:18:12  마지막충격발생ms:0
19:18:12  송신:555
19:18:12  지팡이수신:442
19:18:12  GPS위성:4
19:18:12  GPS_HDOP:2.70
19:18:12  원시위도:37.497013
19:18:12  원시경도:126.957368
19:18:12  GPS채택:24
19:18:12  GPS이상치거부:0
19:18:12  GPS품질거부:0
19:18:12  GPS재기준:0
19:18:12  계산거리:66.49
19:18:12  접근속도:0.00
19:18:12  TTC:999.00
19:18:12  방향오차:-169.9
19:18:12  전방여부:0
19:18:12  위험음성횟수:0
19:18:12  충격음성횟수:0
19:18:12  마지막위험음성:0
19:18:12  RSSI원시:-77
19:18:12  RSSI평활:-76.9
19:18:12  RSSI샘플:442
19:18:12  RSSI경과ms:177
19:18:12  위험송신:442
19:18:12  시각ms:60253
19:18:12  IMU시각ms:60252
19:18:12  위험:0
19:18:12  원시위험:0
19:18:12  GPS유효:1
19:18:12  위도:37.497029
19:18:12  경도:126.957341
19:18:12  속도:0.27
19:18:12  방향:308.6
19:18:12  이동방향유효:0
19:18:12  GPS이동방향:308.6
19:18:12  차체방향유효:0
19:18:12  차체방향:0.0
19:18:12  후진판정:0
19:18:12  IMU요회전속도:0.00
19:18:12  방향가속도크기:9.75
19:18:12  방향자이로크기:2.64
19:18:12  방향자세cos:0.9999
19:18:12  자기모델잔차:0.88
19:18:12  자기모델반경:1.657
19:18:12  방향채택:0
19:18:12  방향거부:7454
19:18:12  GPS원시속도:0.278
19:18:12  GPS원시방향유효:1
19:18:12  GPS원시방향:308.5
19:18:12  가속도:-0.31,0.41,9.74
19:18:12  자이로:-0.9,1.5,-2.0
19:18:12  자력계:-0.300,-79.050,4.500
19:18:12  충격값:0.06
19:18:12  충격피크:0.19
19:18:12  마지막충격발생값:0.00
19:18:12  마지막충격발생ms:0
19:18:12  송신:556
19:18:12  지팡이수신:443
19:18:12  GPS위성:4
19:18:12  GPS_HDOP:2.70
19:18:12  원시위도:37.497013
19:18:12  원시경도:126.957368
19:18:12  GPS채택:24
19:18:12  GPS이상치거부:0
19:18:12  GPS품질거부:0
19:18:12  GPS재기준:0
19:18:12  계산거리:66.49
19:18:12  접근속도:0.00
19:18:12  TTC:999.00
19:18:12  방향오차:-169.9
19:18:12  전방여부:0
19:18:12  위험음성횟수:0
19:18:12  충격음성횟수:0
19:18:12  마지막위험음성:0
19:18:12  RSSI원시:-74
19:18:12  RSSI평활:-76.3
19:18:12  RSSI샘플:443
19:18:12  RSSI경과ms:69
19:18:12  위험송신:443
19:18:12  시각ms:60358
19:18:12  IMU시각ms:60357
19:18:12  위험:0
19:18:12  원시위험:0
19:18:12  GPS유효:1
19:18:12  위도:37.497028
19:18:12  경도:126.957343
19:18:12  속도:0.27
19:18:12  방향:308.6
19:18:12  이동방향유효:0
19:18:12  GPS이동방향:308.6
19:18:12  차체방향유효:0
19:18:12  차체방향:0.0
19:18:12  후진판정:0
19:18:12  IMU요회전속도:0.00
19:18:12  방향가속도크기:9.63
19:18:12  방향자이로크기:1.91
19:18:12  방향자세cos:0.9998
19:18:12  자기모델잔차:0.89
19:18:12  자기모델반경:1.662
19:18:12  방향채택:0
19:18:12  방향거부:7467
19:18:12  GPS원시속도:0.278
19:18:12  GPS원시방향유효:1
19:18:12  GPS원시방향:308.5
19:18:12  가속도:-0.34,0.33,9.62
19:18:12  자이로:0.7,-1.5,1.0
19:18:12  자력계:-3.150,-78.750,4.500
19:18:12  충격값:0.13
19:18:12  충격피크:0.17
19:18:12  마지막충격발생값:0.00
19:18:12  마지막충격발생ms:0
19:18:12  송신:557
19:18:12  지팡이수신:444
19:18:12  GPS위성:4
19:18:12  GPS_HDOP:2.70
19:18:12  원시위도:37.497008
19:18:12  원시경도:126.957375
19:18:12  GPS채택:25
19:18:12  GPS이상치거부:0
19:18:12  GPS품질거부:0
19:18:12  GPS재기준:0
19:18:12  계산거리:66.49
19:18:12  접근속도:0.00
19:18:12  TTC:999.00
19:18:12  방향오차:-169.9
19:18:12  전방여부:0
19:18:12  위험음성횟수:0
19:18:12  충격음성횟수:0
19:18:12  마지막위험음성:0
19:18:12  RSSI원시:-73
19:18:12  RSSI평활:-75.7
19:18:12  RSSI샘플:444
19:18:12  RSSI경과ms:73
19:18:12  위험송신:444
19:18:12  시각ms:60563
19:18:12  IMU시각ms:60562
19:18:12  위험:0
19:18:12  원시위험:0
19:18:12  GPS유효:1
19:18:12  위도:37.497028
19:18:12  경도:126.957343
19:18:12  속도:0.27
19:18:12  방향:308.6
19:18:12  이동방향유효:0
19:18:12  GPS이동방향:308.6
19:18:12  차체방향유효:0
19:18:12  차체방향:0.0
19:18:12  후진판정:0
19:18:12  IMU요회전속도:0.00
19:18:12  방향가속도크기:9.74
19:18:12  방향자이로크기:3.65
19:18:12  방향자세cos:0.9999
19:18:12  자기모델잔차:0.47
19:18:12  자기모델반경:1.699
19:18:12  방향채택:0
19:18:12  방향거부:7494
19:18:12  GPS원시속도:0.278
19:18:12  GPS원시방향유효:1
19:18:12  GPS원시방향:308.5
19:18:12  가속도:-0.33,0.47,9.73
19:18:12  자이로:3.6,-0.2,0.5
19:18:12  자력계:-2.250,-80.250,3.300
19:18:12  충격값:0.11
19:18:12  충격피크:0.16
19:18:12  마지막충격발생값:0.00
19:18:12  마지막충격발생ms:0
19:18:12  송신:559
19:18:12  지팡이수신:445
19:18:12  GPS위성:4
19:18:12  GPS_HDOP:2.70
19:18:12  원시위도:37.497008
19:18:12  원시경도:126.957375
19:18:12  GPS채택:25
19:18:12  GPS이상치거부:0
19:18:12  GPS품질거부:0
19:18:12  GPS재기준:0
19:18:12  계산거리:66.49
19:18:12  접근속도:0.00
19:18:12  TTC:999.00
19:18:12  방향오차:-169.7
19:18:12  전방여부:0
19:18:12  위험음성횟수:0
19:18:12  충격음성횟수:0
19:18:12  마지막위험음성:0
19:18:12  RSSI원시:-74
19:18:12  RSSI평활:-75.3
19:18:12  RSSI샘플:445
19:18:12  RSSI경과ms:175
19:18:12  위험송신:445
19:18:13  시각ms:60772
19:18:13  IMU시각ms:60772
19:18:13  위험:0
19:18:13  원시위험:0
19:18:13  GPS유효:1
19:18:13  위도:37.497026
19:18:13  경도:126.957346
19:18:13  속도:0.31
19:18:13  방향:308.6
19:18:13  이동방향유효:0
19:18:13  GPS이동방향:308.6
19:18:13  차체방향유효:0
19:18:13  차체방향:0.0
19:18:13  후진판정:0
19:18:13  IMU요회전속도:0.00
19:18:13  방향가속도크기:9.69
19:18:13  방향자이로크기:0.62
19:18:13  방향자세cos:0.9999
19:18:13  자기모델잔차:1.83
19:18:13  자기모델반경:1.646
19:18:13  방향채택:0
19:18:13  방향거부:7520
19:18:13  GPS원시속도:0.340
19:18:13  GPS원시방향유효:1
19:18:13  GPS원시방향:308.5
19:18:13  가속도:-0.31,0.43,9.67
19:18:13  자이로:0.6,0.2,-0.1
19:18:13  자력계:-1.200,-78.450,5.400
19:18:13  충격값:0.06
19:18:13  충격피크:0.20
19:18:13  마지막충격발생값:0.00
19:18:13  마지막충격발생ms:0
19:18:13  송신:561
19:18:13  지팡이수신:446
19:18:13  GPS위성:4
19:18:13  GPS_HDOP:2.70
19:18:13  원시위도:37.497008
19:18:13  원시경도:126.957375
19:18:13  GPS채택:26
19:18:13  GPS이상치거부:0
19:18:13  GPS품질거부:0
19:18:13  GPS재기준:0
19:18:13  계산거리:66.17
19:18:13  접근속도:0.00
19:18:13  TTC:999.00
19:18:13  방향오차:-169.8
19:18:13  전방여부:0
19:18:13  위험음성횟수:0
19:18:13  충격음성횟수:0
19:18:13  마지막위험음성:0
19:18:13  RSSI원시:-75
19:18:13  RSSI평활:-75.3
19:18:13  RSSI샘플:446
19:18:13  RSSI경과ms:70
19:18:13  위험송신:446
19:18:13  시각ms:60877
19:18:13  IMU시각ms:60877
19:18:13  위험:0
19:18:13  원시위험:0
19:18:13  GPS유효:1
19:18:13  위도:37.497026
19:18:13  경도:126.957346
19:18:13  속도:0.31
19:18:13  방향:308.6
19:18:13  이동방향유효:0
19:18:13  GPS이동방향:308.6
19:18:13  차체방향유효:0
19:18:13  차체방향:0.0
19:18:13  후진판정:0
19:18:13  IMU요회전속도:0.00
19:18:13  방향가속도크기:9.79
19:18:13  방향자이로크기:3.67
19:18:13  방향자세cos:0.9992
19:18:13  자기모델잔차:1.57
19:18:13  자기모델반경:1.672
19:18:13  방향채택:0
19:18:13  방향거부:7533
19:18:13  GPS원시속도:0.340
19:18:13  GPS원시방향유효:1
19:18:13  GPS원시방향:308.5
19:18:13  가속도:-0.17,0.20,9.79
19:18:13  자이로:2.4,-2.7,0.7
19:18:13  자력계:0.000,-79.500,5.250
19:18:13  충격값:0.22
19:18:13  충격피크:0.22
19:18:13  마지막충격발생값:0.00
19:18:13  마지막충격발생ms:0
19:18:13  송신:562
19:18:13  지팡이수신:447
19:18:13  GPS위성:4
19:18:13  GPS_HDOP:2.70
19:18:13  원시위도:37.497008
19:18:13  원시경도:126.957375
19:18:13  GPS채택:26
19:18:13  GPS이상치거부:0
19:18:13  GPS품질거부:0
19:18:13  GPS재기준:0
19:18:13  계산거리:66.17
19:18:13  접근속도:0.00
19:18:13  TTC:999.00
19:18:13  방향오차:-169.8
19:18:13  전방여부:0
19:18:13  위험음성횟수:0
19:18:13  충격음성횟수:0
19:18:13  마지막위험음성:0
19:18:13  RSSI원시:-72
19:18:13  RSSI평활:-74.6
19:18:13  RSSI샘플:447
19:18:13  RSSI경과ms:73
19:18:13  위험송신:447
19:18:13  시각ms:60982
19:18:13  IMU시각ms:60982
19:18:13  위험:0
19:18:13  원시위험:0
19:18:13  GPS유효:1
19:18:13  위도:37.497026
19:18:13  경도:126.957346
19:18:13  속도:0.31
19:18:13  방향:308.6
19:18:13  이동방향유효:0
19:18:13  GPS이동방향:308.6
19:18:13  차체방향유효:0
19:18:13  차체방향:0.0
19:18:13  후진판정:0
19:18:13  IMU요회전속도:0.00
19:18:13  방향가속도크기:9.69
19:18:13  방향자이로크기:2.48
19:18:13  방향자세cos:0.9999
19:18:13  자기모델잔차:1.00
19:18:13  자기모델반경:1.631
19:18:13  방향채택:0
19:18:13  방향거부:7546
19:18:13  GPS원시속도:0.340
19:18:13  GPS원시방향유효:1
19:18:13  GPS원시방향:308.5
19:18:13  가속도:-0.29,0.44,9.68
19:18:13  자이로:0.4,-1.1,2.2
19:18:13  자력계:-2.550,-77.850,4.500
19:18:13  충격값:0.07
19:18:13  충격피크:0.17
19:18:13  마지막충격발생값:0.00
19:18:13  마지막충격발생ms:0
19:18:13  송신:563
19:18:13  지팡이수신:448
19:18:13  GPS위성:4
19:18:13  GPS_HDOP:2.70
19:18:13  원시위도:37.497008
19:18:13  원시경도:126.957375
19:18:13  GPS채택:26
19:18:13  GPS이상치거부:0
19:18:13  GPS품질거부:0
19:18:13  GPS재기준:0
19:18:13  계산거리:66.17
19:18:13  접근속도:0.00
19:18:13  TTC:999.00
19:18:13  방향오차:-169.8
19:18:13  전방여부:0
19:18:13  위험음성횟수:0
19:18:13  충격음성횟수:0
19:18:13  마지막위험음성:0
19:18:13  RSSI원시:-70
19:18:13  RSSI평활:-73.7
19:18:13  RSSI샘플:448
19:18:13  RSSI경과ms:67
19:18:13  위험송신:448
19:18:13  시각ms:61087
19:18:13  IMU시각ms:61087
19:18:13  위험:0
19:18:13  원시위험:0
19:18:13  GPS유효:1
19:18:13  위도:37.497026
19:18:13  경도:126.957346
19:18:13  속도:0.31
19:18:13  방향:308.6
19:18:13  이동방향유효:0
19:18:13  GPS이동방향:308.6
19:18:13  차체방향유효:0
19:18:13  차체방향:0.0
19:18:13  후진판정:0
19:18:13  IMU요회전속도:0.00
19:18:13  방향가속도크기:9.69
19:18:13  방향자이로크기:3.51
19:18:13  방향자세cos:0.9997
19:18:13  자기모델잔차:1.21
19:18:13  자기모델반경:1.646
19:18:13  방향채택:0
19:18:13  방향거부:7559
19:18:13  GPS원시속도:0.340
19:18:13  GPS원시방향유효:1
19:18:13  GPS원시방향:308.5
19:18:13  가속도:-0.24,0.36,9.68
19:18:13  자이로:3.5,0.3,-0.4
19:18:13  자력계:0.300,-78.750,4.800
19:18:13  충격값:0.05
19:18:13  충격피크:0.21
19:18:13  마지막충격발생값:0.00
19:18:13  마지막충격발생ms:0
19:18:13  송신:564
19:18:13  지팡이수신:449
19:18:13  GPS위성:4
19:18:13  GPS_HDOP:2.70
19:18:13  원시위도:37.497008
19:18:13  원시경도:126.957375
19:18:13  GPS채택:26
19:18:13  GPS이상치거부:0
19:18:13  GPS품질거부:0
19:18:13  GPS재기준:0
19:18:13  계산거리:66.49
19:18:13  접근속도:0.00
19:18:13  TTC:999.00
19:18:13  방향오차:-169.5
19:18:13  전방여부:0
19:18:13  위험음성횟수:0
19:18:13  충격음성횟수:0
19:18:13  마지막위험음성:0
19:18:13  RSSI원시:-71
19:18:13  RSSI평활:-73.2
19:18:13  RSSI샘플:449
19:18:13  RSSI경과ms:73
19:18:13  위험송신:449
19:18:13  시각ms:61192
19:18:13  IMU시각ms:61192
19:18:13  위험:0
19:18:13  원시위험:0
19:18:13  GPS유효:1
19:18:13  위도:37.497026
19:18:13  경도:126.957346
19:18:13  속도:0.31
19:18:13  방향:308.6
19:18:13  이동방향유효:0
19:18:13  GPS이동방향:308.6
19:18:13  차체방향유효:0
19:18:13  차체방향:0.0
19:18:13  후진판정:0
19:18:13  IMU요회전속도:0.00
19:18:13  방향가속도크기:9.78
19:18:13  방향자이로크기:2.39
19:18:13  방향자세cos:0.9995
19:18:13  자기모델잔차:1.24
19:18:13  자기모델반경:1.685
19:18:13  방향채택:0
19:18:13  방향거부:7572
19:18:13  GPS원시속도:0.340
19:18:13  GPS원시방향유효:1
19:18:13  GPS원시방향:308.5
19:18:13  가속도:-0.23,0.28,9.78
19:18:13  자이로:0.3,1.8,-1.5
19:18:13  자력계:-2.100,-79.650,4.950
19:18:13  충격값:0.14
19:18:13  충격피크:0.15
19:18:13  마지막충격발생값:0.00
19:18:13  마지막충격발생ms:0
19:18:13  송신:565
19:18:13  지팡이수신:450
19:18:13  GPS위성:4
19:18:13  GPS_HDOP:2.70
19:18:13  원시위도:37.497008
19:18:13  원시경도:126.957375
19:18:13  GPS채택:26
19:18:13  GPS이상치거부:0
19:18:13  GPS품질거부:0
19:18:13  GPS재기준:0
19:18:13  계산거리:66.49
19:18:13  접근속도:0.00
19:18:13  TTC:999.00
19:18:13  방향오차:-169.5
19:18:13  전방여부:0
19:18:13  위험음성횟수:0
19:18:13  충격음성횟수:0
19:18:13  마지막위험음성:0
19:18:13  RSSI원시:-70
19:18:13  RSSI평활:-72.5
19:18:13  RSSI샘플:450
19:18:13  RSSI경과ms:75
19:18:13  위험송신:450
19:18:14  시각ms:61820
19:18:14  IMU시각ms:61820
19:18:14  위험:0
19:18:14  원시위험:0
19:18:14  GPS유효:1
19:18:14  위도:37.497023
19:18:14  경도:126.957351
19:18:14  속도:0.37
19:18:14  방향:308.6
19:18:14  이동방향유효:0
19:18:14  GPS이동방향:308.6
19:18:14  차체방향유효:0
19:18:14  차체방향:0.0
19:18:14  후진판정:0
19:18:14  IMU요회전속도:0.00
19:18:14  방향가속도크기:9.65
19:18:14  방향자이로크기:1.74
19:18:14  방향자세cos:0.9998
19:18:14  자기모델잔차:0.03
19:18:14  자기모델반경:1.688
19:18:14  방향채택:0
19:18:14  방향거부:7648
19:18:14  GPS원시속도:0.412
19:18:14  GPS원시방향유효:1
19:18:14  GPS원시방향:308.5
19:18:14  가속도:-0.27,0.46,9.63
19:18:14  자이로:1.0,-1.3,0.6
19:18:14  자력계:-2.550,-79.800,3.750
19:18:14  충격값:0.10
19:18:14  충격피크:0.15
19:18:14  마지막충격발생값:0.00
19:18:14  마지막충격발생ms:0
19:18:14  송신:571
19:18:14  지팡이수신:456
19:18:14  GPS위성:4
19:18:14  GPS_HDOP:2.70
19:18:14  원시위도:37.497005
19:18:14  원시경도:126.957382
19:18:14  GPS채택:28
19:18:14  GPS이상치거부:0
19:18:14  GPS품질거부:0
19:18:14  GPS재기준:0
19:18:14  계산거리:66.05
19:18:14  접근속도:0.00
19:18:14  TTC:999.00
19:18:14  방향오차:-169.2
19:18:14  전방여부:0
19:18:14  위험음성횟수:0
19:18:14  충격음성횟수:0
19:18:14  마지막위험음성:0
19:18:14  RSSI원시:-72
19:18:14  RSSI평활:-72.9
19:18:14  RSSI샘플:456
19:18:14  RSSI경과ms:79
19:18:14  위험송신:456
19:18:14  시각ms:61925
19:18:14  IMU시각ms:61925
19:18:14  위험:0
19:18:14  원시위험:0
19:18:14  GPS유효:1
19:18:14  위도:37.497023
19:18:14  경도:126.957351
19:18:14  속도:0.37
19:18:14  방향:308.6
19:18:14  이동방향유효:0
19:18:14  GPS이동방향:308.6
19:18:14  차체방향유효:0
19:18:14  차체방향:0.0
19:18:14  후진판정:0
19:18:14  IMU요회전속도:0.00
19:18:14  방향가속도크기:9.69
19:18:14  방향자이로크기:4.09
19:18:14  방향자세cos:0.9999
19:18:14  자기모델잔차:0.04
19:18:14  자기모델반경:1.679
19:18:14  방향채택:0
19:18:14  방향거부:7661
19:18:14  GPS원시속도:0.412
19:18:14  GPS원시방향유효:1
19:18:14  GPS원시방향:308.5
19:18:14  가속도:-0.31,0.49,9.68
19:18:14  자이로:1.6,-2.9,-2.4
19:18:14  자력계:-0.750,-79.800,3.750
19:18:14  충격값:0.12
19:18:14  충격피크:0.18
19:18:14  마지막충격발생값:0.00
19:18:14  마지막충격발생ms:0
19:18:14  송신:572
19:18:14  지팡이수신:457
19:18:14  GPS위성:4
19:18:14  GPS_HDOP:2.70
19:18:14  원시위도:37.497005
19:18:14  원시경도:126.957382
19:18:14  GPS채택:28
19:18:14  GPS이상치거부:0
19:18:14  GPS품질거부:0
19:18:14  GPS재기준:0
19:18:14  계산거리:66.05
19:18:14  접근속도:0.00
19:18:14  TTC:999.00
19:18:14  방향오차:-169.2
19:18:14  전방여부:0
19:18:14  위험음성횟수:0
19:18:14  충격음성횟수:0
19:18:14  마지막위험음성:0
19:18:14  RSSI원시:-72
19:18:14  RSSI평활:-72.8
19:18:14  RSSI샘플:457
19:18:14  RSSI경과ms:80
19:18:14  위험송신:457
19:18:14  시각ms:62135
19:18:14  IMU시각ms:62135
19:18:14  위험:0
19:18:14  원시위험:0
19:18:14  GPS유효:1
19:18:14  위도:37.497023
19:18:14  경도:126.957351
19:18:14  속도:0.37
19:18:14  방향:308.6
19:18:14  이동방향유효:0
19:18:14  GPS이동방향:308.6
19:18:14  차체방향유효:0
19:18:14  차체방향:0.0
19:18:14  후진판정:0
19:18:14  IMU요회전속도:0.00
19:18:14  방향가속도크기:9.73
19:18:14  방향자이로크기:2.57
19:18:14  방향자세cos:0.9999
19:18:14  자기모델잔차:0.35
19:18:14  자기모델반경:1.634
19:18:14  방향채택:0
19:18:14  방향거부:7687
19:18:14  GPS원시속도:0.412
19:18:14  GPS원시방향유효:1
19:18:14  GPS원시방향:308.5
19:18:14  가속도:-0.36,0.37,9.72
19:18:14  자이로:-0.0,-2.2,-1.3
19:18:14  자력계:0.150,-78.450,3.900
19:18:14  충격값:0.09
19:18:14  충격피크:0.23
19:18:14  마지막충격발생값:0.00
19:18:14  마지막충격발생ms:0
19:18:14  송신:574
19:18:14  지팡이수신:459
19:18:14  GPS위성:4
19:18:14  GPS_HDOP:2.70
19:18:14  원시위도:37.497005
19:18:14  원시경도:126.957382
19:18:14  GPS채택:28
19:18:14  GPS이상치거부:0
19:18:14  GPS품질거부:0
19:18:14  GPS재기준:0
19:18:14  계산거리:66.05
19:18:14  접근속도:0.00
19:18:14  TTC:999.00
19:18:14  방향오차:-169.1
19:18:14  전방여부:0
19:18:14  위험음성횟수:0
19:18:14  충격음성횟수:0
19:18:14  마지막위험음성:0
19:18:14  RSSI원시:-77
19:18:14  RSSI평활:-73.3
19:18:14  RSSI샘플:459
19:18:14  RSSI경과ms:82
19:18:14  위험송신:459
19:18:14  시각ms:62235
19:18:14  IMU시각ms:62235
19:18:14  위험:0
19:18:14  원시위험:0
19:18:14  GPS유효:1
19:18:14  위도:37.497023
19:18:14  경도:126.957351
19:18:14  속도:0.37
19:18:14  방향:308.6
19:18:14  이동방향유효:0
19:18:14  GPS이동방향:308.6
19:18:14  차체방향유효:0
19:18:14  차체방향:0.0
19:18:14  후진판정:0
19:18:14  IMU요회전속도:0.00
19:18:14  방향가속도크기:9.82
19:18:14  방향자이로크기:3.45
19:18:14  방향자세cos:0.9997
19:18:14  자기모델잔차:1.52
19:18:14  자기모델반경:1.609
19:18:14  방향채택:0
19:18:14  방향거부:7701
19:18:14  GPS원시속도:0.412
19:18:14  GPS원시방향유효:1
19:18:14  GPS원시방향:308.5
19:18:14  가속도:-0.24,0.39,9.81
19:18:14  자이로:2.5,-1.3,-2.1
19:18:14  자력계:-1.650,-77.250,4.950
19:18:14  충격값:0.10
19:18:14  충격피크:0.18
19:18:14  마지막충격발생값:0.00
19:18:14  마지막충격발생ms:0
19:18:14  송신:575
19:18:14  지팡이수신:459
19:18:14  GPS위성:4
19:18:14  GPS_HDOP:2.70
19:18:14  원시위도:37.497005
19:18:14  원시경도:126.957382
19:18:14  GPS채택:28
19:18:14  GPS이상치거부:0
19:18:14  GPS품질거부:0
19:18:14  GPS재기준:0
19:18:14  계산거리:66.05
19:18:14  접근속도:0.00
19:18:14  TTC:999.00
19:18:14  방향오차:-169.1
19:18:14  전방여부:0
19:18:14  위험음성횟수:0
19:18:14  충격음성횟수:0
19:18:14  마지막위험음성:0
19:18:14  RSSI원시:-77
19:18:14  RSSI평활:-73.3
19:18:14  RSSI샘플:459
19:18:14  RSSI경과ms:182
19:18:14  위험송신:459
19:18:14  시각ms:62341
19:18:14  IMU시각ms:62340
19:18:14  위험:0
19:18:14  원시위험:0
19:18:14  GPS유효:1
19:18:14  위도:37.497021
19:18:14  경도:126.957354
19:18:14  속도:0.39
19:18:14  방향:308.6
19:18:14  이동방향유효:0
19:18:14  GPS이동방향:308.6
19:18:14  차체방향유효:0
19:18:14  차체방향:0.0
19:18:14  후진판정:0
19:18:14  IMU요회전속도:0.00
19:18:14  방향가속도크기:9.73
19:18:14  방향자이로크기:3.85
19:18:14  방향자세cos:0.9999
19:18:14  자기모델잔차:1.62
19:18:14  자기모델반경:1.658
19:18:14  방향채택:0
19:18:14  방향거부:7714
19:18:14  GPS원시속도:0.412
19:18:14  GPS원시방향유효:1
19:18:14  GPS원시방향:308.5
19:18:14  가속도:-0.37,0.37,9.71
19:18:14  자이로:3.5,-1.7,-0.0
19:18:14  자력계:0.000,-79.050,5.250
19:18:14  충격값:0.10
19:18:14  충격피크:0.20
19:18:14  마지막충격발생값:0.00
19:18:14  마지막충격발생ms:0
19:18:14  송신:576
19:18:14  지팡이수신:460
19:18:14  GPS위성:4
19:18:14  GPS_HDOP:2.70
19:18:14  원시위도:37.496998
19:18:14  원시경도:126.957387
19:18:14  GPS채택:29
19:18:14  GPS이상치거부:0
19:18:14  GPS품질거부:0
19:18:14  GPS재기준:0
19:18:14  계산거리:66.05
19:18:14  접근속도:0.00
19:18:14  TTC:999.00
19:18:14  방향오차:-169.1
19:18:14  전방여부:0
19:18:14  위험음성횟수:0
19:18:14  충격음성횟수:0
19:18:14  마지막위험음성:0
19:18:14  RSSI원시:-82
19:18:14  RSSI평활:-75.1
19:18:14  RSSI샘플:460
19:18:14  RSSI경과ms:78
19:18:14  위험송신:460
19:18:14  시각ms:62446
19:18:14  IMU시각ms:62445
19:18:14  위험:0
19:18:14  원시위험:0
19:18:14  GPS유효:1
19:18:14  위도:37.497021
19:18:14  경도:126.957354
19:18:14  속도:0.39
19:18:14  방향:308.6
19:18:14  이동방향유효:0
19:18:14  GPS이동방향:308.6
19:18:14  차체방향유효:0
19:18:14  차체방향:0.0
19:18:14  후진판정:0
19:18:14  IMU요회전속도:0.00
19:18:14  방향가속도크기:9.58
19:18:14  방향자이로크기:3.47
19:18:14  방향자세cos:0.9996
19:18:14  자기모델잔차:0.78
19:18:14  자기모델반경:1.683
19:18:14  방향채택:0
19:18:14  방향거부:7727
19:18:14  GPS원시속도:0.412
19:18:14  GPS원시방향유효:1
19:18:14  GPS원시방향:308.5
19:18:14  가속도:-0.17,0.37,9.57
19:18:14  자이로:0.9,-0.1,-3.3
19:18:14  자력계:-1.050,-79.800,4.500
19:18:14  충격값:0.16
19:18:14  충격피크:0.16
19:18:14  마지막충격발생값:0.00
19:18:14  마지막충격발생ms:0
19:18:14  송신:577
19:18:14  지팡이수신:461
19:18:14  GPS위성:4
19:18:14  GPS_HDOP:2.70
19:18:14  원시위도:37.496998
19:18:14  원시경도:126.957387
19:18:14  GPS채택:29
19:18:14  GPS이상치거부:0
19:18:14  GPS품질거부:0
19:18:14  GPS재기준:0
19:18:14  계산거리:65.73
19:18:14  접근속도:0.00
19:18:14  TTC:999.00
19:18:14  방향오차:-169.2
19:18:14  전방여부:0
19:18:14  위험음성횟수:0
19:18:14  충격음성횟수:0
19:18:14  마지막위험음성:0
19:18:14  RSSI원시:-79
19:18:14  RSSI평활:-75.8
19:18:14  RSSI샘플:461
19:18:14  RSSI경과ms:78
19:18:14  위험송신:461
19:18:14  시각ms:62550
19:18:14  IMU시각ms:62550
19:18:14  위험:0
19:18:14  원시위험:0
19:18:14  GPS유효:1
19:18:14  위도:37.497009
19:18:14  경도:126.957372
19:18:14  속도:0.44
19:18:14  방향:308.6
19:18:14  이동방향유효:0
19:18:14  GPS이동방향:308.6
19:18:14  차체방향유효:0
19:18:14  차체방향:0.0
19:18:14  후진판정:0
19:18:14  IMU요회전속도:0.00
19:18:14  방향가속도크기:9.70
19:18:14  방향자이로크기:2.75
19:18:14  방향자세cos:0.9998
19:18:14  자기모델잔차:0.88
19:18:14  자기모델반경:1.657
19:18:14  방향채택:0
19:18:14  방향거부:7740
19:18:14  GPS원시속도:0.489
19:18:14  GPS원시방향유효:1
19:18:14  GPS원시방향:308.5
19:18:14  가속도:-0.29,0.37,9.69
19:18:14  자이로:-2.1,-1.2,-1.4
19:18:14  자력계:-0.300,-79.050,4.500
19:18:14  충격값:0.03
19:18:14  충격피크:0.19
19:18:14  마지막충격발생값:0.00
19:18:14  마지막충격발생ms:0
19:18:14  송신:578
19:18:14  지팡이수신:462
19:18:14  GPS위성:4
19:18:14  GPS_HDOP:2.70
19:18:14  원시위도:37.496998
19:18:14  원시경도:126.957387
19:18:14  GPS채택:30
19:18:14  GPS이상치거부:0
19:18:14  GPS품질거부:0
19:18:14  GPS재기준:0
19:18:14  계산거리:63.88
19:18:14  접근속도:0.00
19:18:14  TTC:999.00
19:18:14  방향오차:-169.2
19:18:14  전방여부:0
19:18:14  위험음성횟수:0
19:18:14  충격음성횟수:0
19:18:14  마지막위험음성:0
19:18:14  RSSI원시:-75
19:18:14  RSSI평활:-75.7
19:18:14  RSSI샘플:462
19:18:14  RSSI경과ms:78
19:18:14  위험송신:462
19:18:14  시각ms:62652
19:18:14  IMU시각ms:62652
19:18:14  위험:0
19:18:14  원시위험:0
19:18:14  GPS유효:1
19:18:14  위도:37.497008
19:18:14  경도:126.957373
19:18:14  속도:0.44
19:18:14  방향:308.6
19:18:14  이동방향유효:0
19:18:14  GPS이동방향:308.6
19:18:14  차체방향유효:0
19:18:14  차체방향:0.0
19:18:14  후진판정:0
19:18:14  IMU요회전속도:0.00
19:18:14  방향가속도크기:9.71
19:18:14  방향자이로크기:3.33
19:18:14  방향자세cos:0.9999
19:18:14  자기모델잔차:0.91
19:18:14  자기모델반경:1.645
19:18:14  방향채택:0
19:18:14  방향거부:7751
19:18:14  GPS원시속도:0.489
19:18:14  GPS원시방향유효:1
19:18:14  GPS원시방향:308.5
19:18:14  가속도:-0.31,0.57,9.69
19:18:14  자이로:-1.8,0.2,-2.8
19:18:14  자력계:0.300,-78.750,4.500
19:18:14  충격값:0.19
19:18:14  충격피크:0.19
19:18:14  마지막충격발생값:0.00
19:18:14  마지막충격발생ms:0
19:18:14  송신:579
19:18:14  지팡이수신:463
19:18:14  GPS위성:4
19:18:14  GPS_HDOP:2.70
19:18:14  원시위도:37.496998
19:18:14  원시경도:126.957387
19:18:14  GPS채택:30
19:18:14  GPS이상치거부:0
19:18:14  GPS품질거부:0
19:18:14  GPS재기준:0
19:18:14  계산거리:63.44
19:18:14  접근속도:0.00
19:18:14  TTC:999.00
19:18:14  방향오차:-169.1
19:18:14  전방여부:0
19:18:14  위험음성횟수:0
19:18:14  충격음성횟수:0
19:18:14  마지막위험음성:0
19:18:14  RSSI원시:-78
19:18:14  RSSI평활:-76.1
19:18:14  RSSI샘플:463
19:18:14  RSSI경과ms:76
19:18:14  위험송신:463
19:18:14  시각ms:62757
19:18:14  IMU시각ms:62757
19:18:14  위험:0
19:18:14  원시위험:0
19:18:14  GPS유효:1
19:18:14  위도:37.497007
19:18:14  경도:126.957374
19:18:14  속도:0.44
19:18:14  방향:308.6
19:18:14  이동방향유효:0
19:18:14  GPS이동방향:308.6
19:18:14  차체방향유효:0
19:18:14  차체방향:0.0
19:18:14  후진판정:0
19:18:14  IMU요회전속도:0.00
19:18:14  방향가속도크기:9.71
19:18:14  방향자이로크기:1.81
19:18:14  방향자세cos:0.9996
19:18:14  자기모델잔차:1.39
19:18:14  자기모델반경:1.644
19:18:14  방향채택:0
19:18:14  방향거부:7764
19:18:14  GPS원시속도:0.489
19:18:14  GPS원시방향유효:1
19:18:14  GPS원시방향:308.5
19:18:14  가속도:-0.18,0.37,9.70
19:18:14  자이로:1.3,-0.8,0.9
19:18:14  자력계:-1.200,-78.450,4.950
19:18:14  충격값:0.08
19:18:14  충격피크:0.17
19:18:14  마지막충격발생값:0.00
19:18:14  마지막충격발생ms:0
19:18:14  송신:580
19:18:14  지팡이수신:464
19:18:14  GPS위성:4
19:18:14  GPS_HDOP:2.70
19:18:14  원시위도:37.496998
19:18:14  원시경도:126.957387
19:18:14  GPS채택:30
19:18:14  GPS이상치거부:0
19:18:14  GPS품질거부:0
19:18:14  GPS재기준:0
19:18:14  계산거리:63.44
19:18:14  접근속도:0.00
19:18:14  TTC:999.00
19:18:14  방향오차:-169.0
19:18:14  전방여부:0
19:18:14  위험음성횟수:0
19:18:14  충격음성횟수:0
19:18:14  마지막위험음성:0
19:18:14  RSSI원시:-77
19:18:14  RSSI평활:-76.3
19:18:14  RSSI샘플:464
19:18:14  RSSI경과ms:75
19:18:14  위험송신:464
19:18:15  시각ms:62862
19:18:15  IMU시각ms:62862
19:18:15  위험:0
19:18:15  원시위험:0
19:18:15  GPS유효:1
19:18:15  위도:37.497006
19:18:15  경도:126.957376
19:18:15  속도:0.44
19:18:15  방향:308.6
19:18:15  이동방향유효:0
19:18:15  GPS이동방향:308.6
19:18:15  차체방향유효:0
19:18:15  차체방향:0.0
19:18:15  후진판정:0
19:18:15  IMU요회전속도:0.00
19:18:15  방향가속도크기:9.73
19:18:15  방향자이로크기:2.63
19:18:15  방향자세cos:0.9996
19:18:15  자기모델잔차:1.44
19:18:15  자기모델반경:1.591
19:18:15  방향채택:0
19:18:15  방향거부:7777
19:18:15  GPS원시속도:0.489
19:18:15  GPS원시방향유효:1
19:18:15  GPS원시방향:308.5
19:18:15  가속도:-0.17,0.42,9.72
19:18:15  자이로:0.8,-2.1,1.3
19:18:15  자력계:-1.800,-76.650,4.800
19:18:15  충격값:0.09
19:18:15  충격피크:0.13
19:18:15  마지막충격발생값:0.00
19:18:15  마지막충격발생ms:0
19:18:15  송신:581
19:18:15  지팡이수신:465
19:18:15  GPS위성:4
19:18:15  GPS_HDOP:2.70
19:18:15  원시위도:37.496998
19:18:15  원시경도:126.957387
19:18:15  GPS채택:30
19:18:15  GPS이상치거부:0
19:18:15  GPS품질거부:0
19:18:15  GPS재기준:0
19:18:15  계산거리:63.12
19:18:15  접근속도:0.00
19:18:15  TTC:999.00
19:18:15  방향오차:-169.3
19:18:15  전방여부:0
19:18:15  위험음성횟수:0
19:18:15  충격음성횟수:0
19:18:15  마지막위험음성:0
19:18:15  RSSI원시:-78
19:18:15  RSSI평활:-76.7
19:18:15  RSSI샘플:465
19:18:15  RSSI경과ms:78
19:18:15  위험송신:465
19:18:15  시각ms:62967
19:18:15  IMU시각ms:62967
19:18:15  위험:0
19:18:15  원시위험:0
19:18:15  GPS유효:1
19:18:15  위도:37.497005
19:18:15  경도:126.957377
19:18:15  속도:0.44
19:18:15  방향:308.6
19:18:15  이동방향유효:0
19:18:15  GPS이동방향:308.6
19:18:15  차체방향유효:0
19:18:15  차체방향:0.0
19:18:15  후진판정:0
19:18:15  IMU요회전속도:0.00
19:18:15  방향가속도크기:9.68
19:18:15  방향자이로크기:0.85
19:18:15  방향자세cos:0.9999
19:18:15  자기모델잔차:0.47
19:18:15  자기모델반경:1.613
19:18:15  방향채택:0
19:18:15  방향거부:7790
19:18:15  GPS원시속도:0.489
19:18:15  GPS원시방향유효:1
19:18:15  GPS원시방향:308.5
19:18:15  가속도:-0.31,0.38,9.66
19:18:15  자이로:-0.1,-0.7,0.4
19:18:15  자력계:0.000,-77.850,3.000
19:18:15  충격값:0.07
19:18:15  충격피크:0.18
19:18:15  마지막충격발생값:0.00
19:18:15  마지막충격발생ms:0
19:18:15  송신:582
19:18:15  지팡이수신:466
19:18:15  GPS위성:4
19:18:15  GPS_HDOP:2.70
19:18:15  원시위도:37.496998
19:18:15  원시경도:126.957387
19:18:15  GPS채택:30
19:18:15  GPS이상치거부:0
19:18:15  GPS품질거부:0
19:18:15  GPS재기준:0
19:18:15  계산거리:63.12
19:18:15  접근속도:0.00
19:18:15  TTC:999.00
19:18:15  방향오차:-169.2
19:18:15  전방여부:0
19:18:15  위험음성횟수:0
19:18:15  충격음성횟수:0
19:18:15  마지막위험음성:0
19:18:15  RSSI원시:-78
19:18:15  RSSI평활:-76.9
19:18:15  RSSI샘플:466
19:18:15  RSSI경과ms:79
19:18:15  위험송신:466
19:18:15  시각ms:63072
19:18:15  IMU시각ms:63072
19:18:15  위험:0
19:18:15  원시위험:0
19:18:15  GPS유효:1
19:18:15  위도:37.497004
19:18:15  경도:126.957379
19:18:15  속도:0.44
19:18:15  방향:308.6
19:18:15  이동방향유효:0
19:18:15  GPS이동방향:308.6
19:18:15  차체방향유효:0
19:18:15  차체방향:0.0
19:18:15  후진판정:0
19:18:15  IMU요회전속도:0.00
19:18:15  방향가속도크기:9.62
19:18:15  방향자이로크기:2.36
19:18:15  방향자세cos:0.9999
19:18:15  자기모델잔차:0.81
19:18:15  자기모델반경:1.625
19:18:15  방향채택:0
19:18:15  방향거부:7803
19:18:15  GPS원시속도:0.489
19:18:15  GPS원시방향유효:1
19:18:15  GPS원시방향:308.5
19:18:15  가속도:-0.34,0.35,9.61
19:18:15  자이로:-0.9,-1.4,1.7
19:18:15  자력계:-0.900,-78.150,2.700
19:18:15  충격값:0.13
19:18:15  충격피크:0.16
19:18:15  마지막충격발생값:0.00
19:18:15  마지막충격발생ms:0
19:18:15  송신:583
19:18:15  지팡이수신:467
19:18:15  GPS위성:4
19:18:15  GPS_HDOP:2.70
19:18:15  원시위도:37.496998
19:18:15  원시경도:126.957387
19:18:15  GPS채택:30
19:18:15  GPS이상치거부:0
19:18:15  GPS품질거부:0
19:18:15  GPS재기준:0
19:18:15  계산거리:63.12
19:18:15  접근속도:0.00
19:18:15  TTC:999.00
19:18:15  방향오차:-169.1
19:18:15  전방여부:0
19:18:15  위험음성횟수:0
19:18:15  충격음성횟수:0
19:18:15  마지막위험음성:0
19:18:15  RSSI원시:-79
19:18:15  RSSI평활:-77.3
19:18:15  RSSI샘플:467
19:18:15  RSSI경과ms:76
19:18:15  위험송신:467
19:18:15  시각ms:63283
19:18:15  IMU시각ms:63282
19:18:15  위험:0
19:18:15  원시위험:0
19:18:15  GPS유효:1
19:18:15  위도:37.497003
19:18:15  경도:126.957380
19:18:15  속도:0.44
19:18:15  방향:308.6
19:18:15  이동방향유효:0
19:18:15  GPS이동방향:308.6
19:18:15  차체방향유효:0
19:18:15  차체방향:0.0
19:18:15  후진판정:0
19:18:15  IMU요회전속도:0.00
19:18:15  방향가속도크기:9.76
19:18:15  방향자이로크기:1.07
19:18:15  방향자세cos:0.9997
19:18:15  자기모델잔차:1.05
19:18:15  자기모델반경:1.651
19:18:15  방향채택:0
19:18:15  방향거부:7829
19:18:15  GPS원시속도:0.489
19:18:15  GPS원시방향유효:1
19:18:15  GPS원시방향:308.5
19:18:15  가속도:-0.21,0.41,9.75
19:18:15  자이로:-1.0,0.5,0.0
19:18:15  자력계:0.150,-78.900,4.650
19:18:15  충격값:0.08
19:18:15  충격피크:0.17
19:18:15  마지막충격발생값:0.00
19:18:15  마지막충격발생ms:0
19:18:15  송신:585
19:18:15  지팡이수신:469
19:18:15  GPS위성:4
19:18:15  GPS_HDOP:2.70
19:18:15  원시위도:37.496998
19:18:15  원시경도:126.957387
19:18:15  GPS채택:30
19:18:15  GPS이상치거부:0
19:18:15  GPS품질거부:0
19:18:15  GPS재기준:0
19:18:15  계산거리:62.36
19:18:15  접근속도:0.00
19:18:15  TTC:999.00
19:18:15  방향오차:-169.1
19:18:15  전방여부:0
19:18:15  위험음성횟수:0
19:18:15  충격음성횟수:0
19:18:15  마지막위험음성:0
19:18:15  RSSI원시:-78
19:18:15  RSSI평활:-77.7
19:18:15  RSSI샘플:469
19:18:15  RSSI경과ms:72
19:18:15  위험송신:469
19:18:15  시각ms:63598
19:18:15  IMU시각ms:63598
19:18:15  위험:0
19:18:15  원시위험:0
19:18:15  GPS유효:1
19:18:15  위도:37.496998
19:18:15  경도:126.957388
19:18:15  속도:0.40
19:18:15  방향:308.6
19:18:15  이동방향유효:0
19:18:15  GPS이동방향:308.6
19:18:15  차체방향유효:0
19:18:15  차체방향:0.0
19:18:15  후진판정:0
19:18:15  IMU요회전속도:0.00
19:18:15  방향가속도크기:9.78
19:18:15  방향자이로크기:2.95
19:18:15  방향자세cos:0.9999
19:18:15  자기모델잔차:0.04
19:18:15  자기모델반경:1.598
19:18:15  방향채택:0
19:18:15  방향거부:7868
19:18:15  GPS원시속도:0.345
19:18:15  GPS원시방향유효:1
19:18:15  GPS원시방향:308.5
19:18:15  가속도:-0.31,0.57,9.75
19:18:15  자이로:2.8,-0.3,1.0
19:18:15  자력계:-0.450,-77.250,3.450
19:18:15  충격값:0.20
19:18:15  충격피크:0.20
19:18:15  마지막충격발생값:0.00
19:18:15  마지막충격발생ms:0
19:18:15  송신:588
19:18:15  지팡이수신:472
19:18:15  GPS위성:4
19:18:15  GPS_HDOP:2.70
19:18:15  원시위도:37.496997
19:18:15  원시경도:126.957392
19:18:15  GPS채택:32
19:18:15  GPS이상치거부:0
19:18:15  GPS품질거부:0
19:18:15  GPS재기준:0
19:18:15  계산거리:61.60
19:18:15  접근속도:0.00
19:18:15  TTC:999.00
19:18:15  방향오차:-168.8
19:18:15  전방여부:0
19:18:15  위험음성횟수:0
19:18:15  충격음성횟수:0
19:18:15  마지막위험음성:0
19:18:15  RSSI원시:-76
19:18:15  RSSI평활:-77.3
19:18:15  RSSI샘플:472
19:18:15  RSSI경과ms:81
19:18:15  위험송신:472
19:18:15  시각ms:63806
19:18:15  IMU시각ms:63806
19:18:15  위험:0
19:18:15  원시위험:0
19:18:15  GPS유효:1
19:18:15  위도:37.496998
19:18:15  경도:126.957389
19:18:15  속도:0.40
19:18:15  방향:308.6
19:18:15  이동방향유효:0
19:18:15  GPS이동방향:308.6
19:18:15  차체방향유효:0
19:18:15  차체방향:0.0
19:18:15  후진판정:0
19:18:15  IMU요회전속도:0.00
19:18:15  방향가속도크기:9.74
19:18:15  방향자이로크기:2.76
19:18:15  방향자세cos:0.9998
19:18:15  자기모델잔차:0.05
19:18:15  자기모델반경:1.594
19:18:15  방향채택:0
19:18:15  방향거부:7892
19:18:15  GPS원시속도:0.345
19:18:15  GPS원시방향유효:1
19:18:15  GPS원시방향:308.5
19:18:15  가속도:-0.26,0.38,9.73
19:18:15  자이로:1.4,-0.1,-2.4
19:18:15  자력계:0.450,-77.250,3.450
19:18:15  충격값:0.02
19:18:15  충격피크:0.17
19:18:15  마지막충격발생값:0.00
19:18:15  마지막충격발생ms:0
19:18:15  송신:590
19:18:15  지팡이수신:474
19:18:15  GPS위성:4
19:18:15  GPS_HDOP:2.70
19:18:15  원시위도:37.496997
19:18:15  원시경도:126.957392
19:18:15  GPS채택:32
19:18:15  GPS이상치거부:0
19:18:15  GPS품질거부:0
19:18:15  GPS재기준:0
19:18:15  계산거리:61.60
19:18:15  접근속도:0.00
19:18:15  TTC:999.00
19:18:15  방향오차:-168.8
19:18:15  전방여부:0
19:18:15  위험음성횟수:0
19:18:15  충격음성횟수:0
19:18:15  마지막위험음성:0
19:18:15  RSSI원시:-74
19:18:15  RSSI평활:-76.1
19:18:15  RSSI샘플:474
19:18:15  RSSI경과ms:81
19:18:15  위험송신:474
19:18:16  시각ms:64016
19:18:16  IMU시각ms:64016
19:18:16  위험:0
19:18:16  원시위험:0
19:18:16  GPS유효:1
19:18:16  위도:37.496998
19:18:16  경도:126.957389
19:18:16  속도:0.40
19:18:16  방향:308.6
19:18:16  이동방향유효:0
19:18:16  GPS이동방향:308.6
19:18:16  차체방향유효:0
19:18:16  차체방향:0.0
19:18:16  후진판정:0
19:18:16  IMU요회전속도:0.00
19:18:16  방향가속도크기:9.76
19:18:16  방향자이로크기:1.88
19:18:16  방향자세cos:0.9998
19:18:16  자기모델잔차:1.04
19:18:16  자기모델반경:1.657
19:18:16  방향채택:0
19:18:16  방향거부:7918
19:18:16  GPS원시속도:0.345
19:18:16  GPS원시방향유효:1
19:18:16  GPS원시방향:308.5
19:18:16  가속도:-0.27,0.35,9.75
19:18:16  자이로:1.4,-1.3,-0.3
19:18:16  자력계:-1.200,-78.900,4.650
19:18:16  충격값:0.06
19:18:16  충격피크:0.18
19:18:16  마지막충격발생값:0.00
19:18:16  마지막충격발생ms:0
19:18:16  송신:592
19:18:16  지팡이수신:476
19:18:16  GPS위성:4
19:18:16  GPS_HDOP:2.70
19:18:16  원시위도:37.496997
19:18:16  원시경도:126.957392
19:18:16  GPS채택:32
19:18:16  GPS이상치거부:0
19:18:16  GPS품질거부:0
19:18:16  GPS재기준:0
19:18:16  계산거리:61.60
19:18:16  접근속도:0.00
19:18:16  TTC:999.00
19:18:16  방향오차:-168.8
19:18:16  전방여부:0
19:18:16  위험음성횟수:0
19:18:16  충격음성횟수:0
19:18:16  마지막위험음성:0
19:18:16  RSSI원시:-73
19:18:16  RSSI평활:-75.0
19:18:16  RSSI샘플:476
19:18:16  RSSI경과ms:80
19:18:16  위험송신:476
19:18:16  시각ms:64121
19:18:16  IMU시각ms:64121
19:18:16  위험:0
19:18:16  원시위험:0
19:18:16  GPS유효:1
19:18:16  위도:37.496998
19:18:16  경도:126.957389
19:18:16  속도:0.40
19:18:16  방향:308.6
19:18:16  이동방향유효:0
19:18:16  GPS이동방향:308.6
19:18:16  차체방향유효:0
19:18:16  차체방향:0.0
19:18:16  후진판정:0
19:18:16  IMU요회전속도:0.00
19:18:16  방향가속도크기:9.67
19:18:16  방향자이로크기:2.87
19:18:16  방향자세cos:0.9999
19:18:16  자기모델잔차:1.52
19:18:16  자기모델반경:1.609
19:18:16  방향채택:0
19:18:16  방향거부:7931
19:18:16  GPS원시속도:0.345
19:18:16  GPS원시방향유효:1
19:18:16  GPS원시방향:308.5
19:18:16  가속도:-0.31,0.40,9.65
19:18:16  자이로:1.3,2.6,0.3
19:18:16  자력계:-1.650,-77.250,4.950
19:18:16  충격값:0.08
19:18:16  충격피크:0.14
19:18:16  마지막충격발생값:0.00
19:18:16  마지막충격발생ms:0
19:18:16  송신:593
19:18:16  지팡이수신:477
19:18:16  GPS위성:4
19:18:16  GPS_HDOP:2.70
19:18:16  원시위도:37.496997
19:18:16  원시경도:126.957392
19:18:16  GPS채택:32
19:18:16  GPS이상치거부:0
19:18:16  GPS품질거부:0
19:18:16  GPS재기준:0
19:18:16  계산거리:61.60
19:18:16  접근속도:0.00
19:18:16  TTC:999.00
19:18:16  방향오차:-168.8
19:18:16  전방여부:0
19:18:16  위험음성횟수:0
19:18:16  충격음성횟수:0
19:18:16  마지막위험음성:0
19:18:16  RSSI원시:-73
19:18:16  RSSI평활:-74.6
19:18:16  RSSI샘플:477
19:18:16  RSSI경과ms:83
19:18:16  위험송신:477
19:18:16  시각ms:64226
19:18:16  IMU시각ms:64226
19:18:16  위험:0
19:18:16  원시위험:0
19:18:16  GPS유효:1
19:18:16  위도:37.496998
19:18:16  경도:126.957389
19:18:16  속도:0.40
19:18:16  방향:308.6
19:18:16  이동방향유효:0
19:18:16  GPS이동방향:308.6
19:18:16  차체방향유효:0
19:18:16  차체방향:0.0
19:18:16  후진판정:0
19:18:16  IMU요회전속도:0.00
19:18:16  방향가속도크기:9.75
19:18:16  방향자이로크기:1.00
19:18:16  방향자세cos:0.9994
19:18:16  자기모델잔차:1.16
19:18:16  자기모델반경:1.703
19:18:16  방향채택:0
19:18:16  방향거부:7944
19:18:16  GPS원시속도:0.345
19:18:16  GPS원시방향유효:1
19:18:16  GPS원시방향:308.5
19:18:16  가속도:-0.14,0.31,9.75
19:18:16  자이로:-0.5,-0.8,0.2
19:18:16  자력계:-0.900,-80.400,4.950
19:18:16  충격값:0.15
19:18:16  충격피크:0.20
19:18:16  마지막충격발생값:0.00
19:18:16  마지막충격발생ms:0
19:18:16  송신:594
19:18:16  지팡이수신:478
19:18:16  GPS위성:4
19:18:16  GPS_HDOP:2.70
19:18:16  원시위도:37.496997
19:18:16  원시경도:126.957392
19:18:16  GPS채택:32
19:18:16  GPS이상치거부:0
19:18:16  GPS품질거부:0
19:18:16  GPS재기준:0
19:18:16  계산거리:61.60
19:18:16  접근속도:0.00
19:18:16  TTC:999.00
19:18:16  방향오차:-168.8
19:18:16  전방여부:0
19:18:16  위험음성횟수:0
19:18:16  충격음성횟수:0
19:18:16  마지막위험음성:0
19:18:16  RSSI원시:-73
19:18:16  RSSI평활:-74.3
19:18:16  RSSI샘플:478
19:18:16  RSSI경과ms:80
19:18:16  위험송신:478
19:18:16  시각ms:64537
19:18:16  IMU시각ms:64537
19:18:16  위험:0
19:18:16  원시위험:0
19:18:16  GPS유효:1
19:18:16  위도:37.496997
19:18:16  경도:126.957390
19:18:16  속도:0.34
19:18:16  방향:308.6
19:18:16  이동방향유효:0
19:18:16  GPS이동방향:308.6
19:18:16  차체방향유효:0
19:18:16  차체방향:0.0
19:18:16  후진판정:0
19:18:16  IMU요회전속도:0.00
19:18:16  방향가속도크기:9.60
19:18:16  방향자이로크기:3.55
19:18:16  방향자세cos:0.9997
19:18:16  자기모델잔차:1.17
19:18:16  자기모델반경:1.701
19:18:16  방향채택:0
19:18:16  방향거부:7984
19:18:16  GPS원시속도:0.298
19:18:16  GPS원시방향유효:1
19:18:16  GPS원시방향:308.5
19:18:16  가속도:-0.21,0.50,9.58
19:18:16  자이로:1.9,2.9,-0.7
19:18:16  자력계:-0.450,-80.400,4.950
19:18:16  충격값:0.17
19:18:16  충격피크:0.17
19:18:16  마지막충격발생값:0.00
19:18:16  마지막충격발생ms:0
19:18:16  송신:597
19:18:16  지팡이수신:480
19:18:16  GPS위성:4
19:18:16  GPS_HDOP:2.70
19:18:16  원시위도:37.496993
19:18:16  원시경도:126.957397
19:18:16  GPS채택:34
19:18:16  GPS이상치거부:0
19:18:16  GPS품질거부:0
19:18:16  GPS재기준:0
19:18:16  계산거리:61.60
19:18:16  접근속도:0.00
19:18:16  TTC:999.00
19:18:16  방향오차:-168.7
19:18:16  전방여부:0
19:18:16  위험음성횟수:0
19:18:16  충격음성횟수:0
19:18:16  마지막위험음성:0
19:18:16  RSSI원시:-72
19:18:16  RSSI평활:-73.5
19:18:16  RSSI샘플:480
19:18:16  RSSI경과ms:80
19:18:16  위험송신:480
19:18:16  시각ms:64665
19:18:16  IMU시각ms:64642
19:18:16  위험:0
19:18:16  원시위험:0
19:18:16  GPS유효:1
19:18:16  위도:37.496997
19:18:16  경도:126.957390
19:18:16  속도:0.34
19:18:16  방향:308.6
19:18:16  이동방향유효:0
19:18:16  GPS이동방향:308.6
19:18:16  차체방향유효:0
19:18:16  차체방향:0.0
19:18:16  후진판정:0
19:18:16  IMU요회전속도:0.00
19:18:16  방향가속도크기:9.71
19:18:16  방향자이로크기:2.24
19:18:16  방향자세cos:0.9998
19:18:16  자기모델잔차:0.42
19:18:16  자기모델반경:1.662
19:18:16  방향채택:0
19:18:16  방향거부:7997
19:18:16  GPS원시속도:0.298
19:18:16  GPS원시방향유효:1
19:18:16  GPS원시방향:308.5
19:18:16  가속도:-0.27,0.43,9.70
19:18:16  자이로:0.8,0.1,-2.1
19:18:16  자력계:-1.800,-79.050,4.050
19:18:16  충격값:0.04
19:18:16  충격피크:0.16
19:18:16  마지막충격발생값:0.00
19:18:16  마지막충격발생ms:0
19:18:16  송신:598
19:18:16  지팡이수신:481
19:18:16  GPS위성:4
19:18:16  GPS_HDOP:2.70
19:18:16  원시위도:37.496993
19:18:16  원시경도:126.957397
19:18:16  GPS채택:34
19:18:16  GPS이상치거부:0
19:18:16  GPS품질거부:0
19:18:16  GPS재기준:0
19:18:16  계산거리:61.60
19:18:16  접근속도:0.00
19:18:16  TTC:999.00
19:18:16  방향오차:-168.7
19:18:16  전방여부:0
19:18:16  위험음성횟수:0
19:18:16  충격음성횟수:0
19:18:16  마지막위험음성:0
19:18:16  RSSI원시:-72
19:18:16  RSSI평활:-73.2
19:18:16  RSSI샘플:481
19:18:16  RSSI경과ms:103
19:18:16  위험송신:481
19:18:16  시각ms:64755
19:18:16  IMU시각ms:64755
19:18:16  위험:0
19:18:16  원시위험:0
19:18:16  GPS유효:1
19:18:16  위도:37.496997
19:18:16  경도:126.957390
19:18:16  속도:0.34
19:18:16  방향:308.6
19:18:16  이동방향유효:0
19:18:16  GPS이동방향:308.6
19:18:16  차체방향유효:0
19:18:16  차체방향:0.0
19:18:16  후진판정:0
19:18:16  IMU요회전속도:0.00
19:18:16  방향가속도크기:9.84
19:18:16  방향자이로크기:5.14
19:18:16  방향자세cos:0.9998
19:18:16  자기모델잔차:1.30
19:18:16  자기모델반경:1.666
19:18:16  방향채택:0
19:18:16  방향거부:8008
19:18:16  GPS원시속도:0.298
19:18:16  GPS원시방향유효:1
19:18:16  GPS원시방향:308.5
19:18:16  가속도:-0.27,0.46,9.82
19:18:16  자이로:2.9,-3.9,-1.7
19:18:16  자력계:-0.900,-79.200,4.950
19:18:16  충격값:0.14
19:18:16  충격피크:0.18
19:18:16  마지막충격발생값:0.00
19:18:16  마지막충격발생ms:0
19:18:16  송신:599
19:18:16  지팡이수신:482
19:18:16  GPS위성:4
19:18:16  GPS_HDOP:2.70
19:18:16  원시위도:37.496993
19:18:16  원시경도:126.957397
19:18:16  GPS채택:34
19:18:16  GPS이상치거부:0
19:18:16  GPS품질거부:0
19:18:16  GPS재기준:0
19:18:16  계산거리:61.60
19:18:16  접근속도:0.00
19:18:16  TTC:999.00
19:18:16  방향오차:-168.7
19:18:16  전방여부:0
19:18:16  위험음성횟수:0
19:18:16  충격음성횟수:0
19:18:16  마지막위험음성:0
19:18:16  RSSI원시:-74
19:18:16  RSSI평활:-73.3
19:18:16  RSSI샘플:482
19:18:16  RSSI경과ms:87
19:18:16  위험송신:482
19:18:17  시각ms:64860
19:18:17  IMU시각ms:64860
19:18:17  위험:0
19:18:17  원시위험:0
19:18:17  GPS유효:1
19:18:17  위도:37.496997
19:18:17  경도:126.957390
19:18:17  속도:0.34
19:18:17  방향:308.6
19:18:17  이동방향유효:0
19:18:17  GPS이동방향:308.6
19:18:17  차체방향유효:0
19:18:17  차체방향:0.0
19:18:17  후진판정:0
19:18:17  IMU요회전속도:0.00
19:18:17  방향가속도크기:9.66
19:18:17  방향자이로크기:2.91
19:18:17  방향자세cos:0.9996
19:18:17  자기모델잔차:0.64
19:18:17  자기모델반경:1.641
19:18:17  방향채택:0
19:18:17  방향거부:8021
19:18:17  GPS원시속도:0.298
19:18:17  GPS원시방향유효:1
19:18:17  GPS원시방향:308.5
19:18:17  가속도:-0.26,0.28,9.65
19:18:17  자이로:1.2,-2.6,-0.3
19:18:17  자력계:-1.200,-78.450,4.200
19:18:17  충격값:0.11
19:18:17  충격피크:0.14
19:18:17  마지막충격발생값:0.00
19:18:17  마지막충격발생ms:0
19:18:17  송신:600
19:18:17  지팡이수신:483
19:18:17  GPS위성:4
19:18:17  GPS_HDOP:2.70
19:18:17  원시위도:37.496993
19:18:17  원시경도:126.957397
19:18:17  GPS채택:34
19:18:17  GPS이상치거부:0
19:18:17  GPS품질거부:0
19:18:17  GPS재기준:0
19:18:17  계산거리:61.60
19:18:17  접근속도:0.00
19:18:17  TTC:999.00
19:18:17  방향오차:-168.7
19:18:17  전방여부:0
19:18:17  위험음성횟수:0
19:18:17  충격음성횟수:0
19:18:17  마지막위험음성:0
19:18:17  RSSI원시:-75
19:18:17  RSSI평활:-73.7
19:18:17  RSSI샘플:483
19:18:17  RSSI경과ms:91
19:18:17  위험송신:483
19:18:17  시각ms:64965
19:18:17  IMU시각ms:64965
19:18:17  위험:0
19:18:17  원시위험:0
19:18:17  GPS유효:1
19:18:17  위도:37.496997
19:18:17  경도:126.957390
19:18:17  속도:0.34
19:18:17  방향:308.6
19:18:17  이동방향유효:0
19:18:17  GPS이동방향:308.6
19:18:17  차체방향유효:0
19:18:17  차체방향:0.0
19:18:17  후진판정:0
19:18:17  IMU요회전속도:0.00
19:18:17  방향가속도크기:9.63
19:18:17  방향자이로크기:0.73
19:18:17  방향자세cos:1.0000
19:18:17  자기모델잔차:1.26
19:18:17  자기모델반경:1.637
19:18:17  방향채택:0
19:18:17  방향거부:8034
19:18:17  GPS원시속도:0.298
19:18:17  GPS원시방향유효:1
19:18:17  GPS원시방향:308.5
19:18:17  가속도:-0.35,0.44,9.61
19:18:17  자이로:-0.6,-0.3,-0.2
19:18:17  자력계:-0.750,-78.300,4.800
19:18:17  충격값:0.14
19:18:17  충격피크:0.18
19:18:17  마지막충격발생값:0.00
19:18:17  마지막충격발생ms:0
19:18:17  송신:601
19:18:17  지팡이수신:484
19:18:17  GPS위성:4
19:18:17  GPS_HDOP:2.70
19:18:17  원시위도:37.496993
19:18:17  원시경도:126.957397
19:18:17  GPS채택:34
19:18:17  GPS이상치거부:0
19:18:17  GPS품질거부:0
19:18:17  GPS재기준:0
19:18:17  계산거리:61.60
19:18:17  접근속도:0.00
19:18:17  TTC:999.00
19:18:17  방향오차:-168.7
19:18:17  전방여부:0
19:18:17  위험음성횟수:0
19:18:17  충격음성횟수:0
19:18:17  마지막위험음성:0
19:18:17  RSSI원시:-76
19:18:17  RSSI평활:-74.1
19:18:17  RSSI샘플:484
19:18:17  RSSI경과ms:84
19:18:17  위험송신:484
19:18:17  시각ms:65070
19:18:17  IMU시각ms:65070
19:18:17  위험:0
19:18:17  원시위험:0
19:18:17  GPS유효:1
19:18:17  위도:37.496997
19:18:17  경도:126.957390
19:18:17  속도:0.34
19:18:17  방향:308.6
19:18:17  이동방향유효:0
19:18:17  GPS이동방향:308.6
19:18:17  차체방향유효:0
19:18:17  차체방향:0.0
19:18:17  후진판정:0
19:18:17  IMU요회전속도:0.00
19:18:17  방향가속도크기:9.67
19:18:17  방향자이로크기:0.87
19:18:17  방향자세cos:0.9998
19:18:17  자기모델잔차:0.37
19:18:17  자기모델반경:1.711
19:18:17  방향채택:0
19:18:17  방향거부:8047
19:18:17  GPS원시속도:0.298
19:18:17  GPS원시방향유효:1
19:18:17  GPS원시방향:308.5
19:18:17  가속도:-0.23,0.44,9.65
19:18:17  자이로:-0.1,-0.2,-0.8
19:18:17  자력계:-0.150,-80.850,4.200
19:18:17  충격값:0.08
19:18:17  충격피크:0.15
19:18:17  마지막충격발생값:0.00
19:18:17  마지막충격발생ms:0
19:18:17  송신:602
19:18:17  지팡이수신:485
19:18:17  GPS위성:4
19:18:17  GPS_HDOP:2.70
19:18:17  원시위도:37.496993
19:18:17  원시경도:126.957397
19:18:17  GPS채택:34
19:18:17  GPS이상치거부:0
19:18:17  GPS품질거부:0
19:18:17  GPS재기준:0
19:18:17  계산거리:61.93
19:18:17  접근속도:0.00
19:18:17  TTC:999.00
19:18:17  방향오차:-168.5
19:18:17  전방여부:0
19:18:17  위험음성횟수:0
19:18:17  충격음성횟수:0
19:18:17  마지막위험음성:0
19:18:17  RSSI원시:-78
19:18:17  RSSI평활:-74.9
19:18:17  RSSI샘플:485
19:18:17  RSSI경과ms:91
19:18:17  위험송신:485
19:18:17  시각ms:65175
19:18:17  IMU시각ms:65175
19:18:17  위험:0
19:18:17  원시위험:0
19:18:17  GPS유효:1
19:18:17  위도:37.496997
19:18:17  경도:126.957390
19:18:17  속도:0.34
19:18:17  방향:308.6
19:18:17  이동방향유효:0
19:18:17  GPS이동방향:308.6
19:18:17  차체방향유효:0
19:18:17  차체방향:0.0
19:18:17  후진판정:0
19:18:17  IMU요회전속도:0.00
19:18:17  방향가속도크기:9.68
19:18:17  방향자이로크기:3.36
19:18:17  방향자세cos:0.9999
19:18:17  자기모델잔차:0.04
19:18:17  자기모델반경:1.597
19:18:17  방향채택:0
19:18:17  방향거부:8060
19:18:17  GPS원시속도:0.298
19:18:17  GPS원시방향유효:1
19:18:17  GPS원시방향:308.5
19:18:17  가속도:-0.31,0.40,9.66
19:18:17  자이로:3.2,-0.9,-0.2
19:18:17  자력계:-0.150,-77.250,3.450
19:18:17  충격값:0.06
19:18:17  충격피크:0.16
19:18:17  마지막충격발생값:0.00
19:18:17  마지막충격발생ms:0
19:18:17  송신:603
19:18:17  지팡이수신:486
19:18:17  GPS위성:4
19:18:17  GPS_HDOP:2.70
19:18:17  원시위도:37.496993
19:18:17  원시경도:126.957397
19:18:17  GPS채택:34
19:18:17  GPS이상치거부:0
19:18:17  GPS품질거부:0
19:18:17  GPS재기준:0
19:18:17  계산거리:61.93
19:18:17  접근속도:0.00
19:18:17  TTC:999.00
19:18:17  방향오차:-168.5
19:18:17  전방여부:0
19:18:17  위험음성횟수:0
19:18:17  충격음성횟수:0
19:18:17  마지막위험음성:0
19:18:17  RSSI원시:-78
19:18:17  RSSI평활:-75.5
19:18:17  RSSI샘플:486
19:18:17  RSSI경과ms:92
19:18:17  위험송신:486
19:18:17  시각ms:65281
19:18:17  IMU시각ms:65280
19:18:17  위험:0
19:18:17  원시위험:0
19:18:17  GPS유효:1
19:18:17  위도:37.496997
19:18:17  경도:126.957390
19:18:17  속도:0.34
19:18:17  방향:308.6
19:18:17  이동방향유효:0
19:18:17  GPS이동방향:308.6
19:18:17  차체방향유효:0
19:18:17  차체방향:0.0
19:18:17  후진판정:0
19:18:17  IMU요회전속도:0.00
19:18:17  방향가속도크기:9.79
19:18:17  방향자이로크기:3.38
19:18:17  방향자세cos:0.9998
19:18:17  자기모델잔차:1.47
19:18:17  자기모델반경:1.619
19:18:17  방향채택:0
19:18:17  방향거부:8073
19:18:17  GPS원시속도:0.298
19:18:17  GPS원시방향유효:1
19:18:17  GPS원시방향:308.5
19:18:17  가속도:-0.26,0.42,9.77
19:18:17  자이로:0.2,-1.9,-2.8
19:18:17  자력계:-0.900,-77.700,4.950
19:18:17  충격값:0.08
19:18:17  충격피크:0.18
19:18:17  마지막충격발생값:0.00
19:18:17  마지막충격발생ms:0
19:18:17  송신:604
19:18:17  지팡이수신:487
19:18:17  GPS위성:4
19:18:17  GPS_HDOP:2.70
19:18:17  원시위도:37.496993
19:18:17  원시경도:126.957397
19:18:17  GPS채택:34
19:18:17  GPS이상치거부:0
19:18:17  GPS품질거부:0
19:18:17  GPS재기준:0
19:18:17  계산거리:61.93
19:18:17  접근속도:0.00
19:18:17  TTC:999.00
19:18:17  방향오차:-168.5
19:18:17  전방여부:0
19:18:17  위험음성횟수:0
19:18:17  충격음성횟수:0
19:18:17  마지막위험음성:0
19:18:17  RSSI원시:-78
19:18:17  RSSI평활:-76.0
19:18:17  RSSI샘플:487
19:18:17  RSSI경과ms:93
19:18:17  위험송신:487
19:18:17  시각ms:65386
19:18:17  IMU시각ms:65385
19:18:17  위험:0
19:18:17  원시위험:0
19:18:17  GPS유효:1
19:18:17  위도:37.496996
19:18:17  경도:126.957391
19:18:17  속도:0.32
19:18:17  방향:308.6
19:18:17  이동방향유효:0
19:18:17  GPS이동방향:308.6
19:18:17  차체방향유효:0
19:18:17  차체방향:0.0
19:18:17  후진판정:0
19:18:17  IMU요회전속도:0.00
19:18:17  방향가속도크기:9.67
19:18:17  방향자이로크기:1.64
19:18:17  방향자세cos:0.9998
19:18:17  자기모델잔차:0.51
19:18:17  자기모델반경:1.638
19:18:17  방향채택:0
19:18:17  방향거부:8086
19:18:17  GPS원시속도:0.298
19:18:17  GPS원시방향유효:1
19:18:17  GPS원시방향:308.5
19:18:17  가속도:-0.28,0.41,9.66
19:18:17  자이로:-0.3,0.9,1.3
19:18:17  자력계:-1.500,-78.300,4.050
19:18:17  충격값:0.06
19:18:17  충격피크:0.19
19:18:17  마지막충격발생값:0.00
19:18:17  마지막충격발생ms:0
19:18:17  송신:605
19:18:17  지팡이수신:488
19:18:17  GPS위성:4
19:18:17  GPS_HDOP:2.70
19:18:17  원시위도:37.496992
19:18:17  원시경도:126.957398
19:18:17  GPS채택:35
19:18:17  GPS이상치거부:0
19:18:17  GPS품질거부:0
19:18:17  GPS재기준:0
19:18:17  계산거리:61.93
19:18:17  접근속도:0.00
19:18:17  TTC:999.00
19:18:17  방향오차:-168.5
19:18:17  전방여부:0
19:18:17  위험음성횟수:0
19:18:17  충격음성횟수:0
19:18:17  마지막위험음성:0
19:18:17  RSSI원시:-77
19:18:17  RSSI평활:-76.2
19:18:17  RSSI샘플:488
19:18:17  RSSI경과ms:94
19:18:17  위험송신:488
19:18:17  시각ms:65491
19:18:17  IMU시각ms:65490
19:18:17  위험:0
19:18:17  원시위험:0
19:18:17  GPS유효:1
19:18:17  위도:37.496996
19:18:17  경도:126.957391
19:18:17  속도:0.32
19:18:17  방향:308.6
19:18:17  이동방향유효:0
19:18:17  GPS이동방향:308.6
19:18:17  차체방향유효:0
19:18:17  차체방향:0.0
19:18:17  후진판정:0
19:18:17  IMU요회전속도:0.00
19:18:17  방향가속도크기:9.72
19:18:17  방향자이로크기:3.22
19:18:17  방향자세cos:0.9997
19:18:17  자기모델잔차:1.70
19:18:17  자기모델반경:1.642
19:18:17  방향채택:0
19:18:17  방향거부:8099
19:18:17  GPS원시속도:0.298
19:18:17  GPS원시방향유효:1
19:18:17  GPS원시방향:308.5
19:18:17  가속도:-0.32,0.28,9.71
19:18:17  자이로:1.7,2.7,0.1
19:18:17  자력계:-1.500,-78.300,5.250
19:18:17  충격값:0.12
19:18:17  충격피크:0.19
19:18:17  마지막충격발생값:0.00
19:18:17  마지막충격발생ms:0
19:18:17  송신:606
19:18:17  지팡이수신:489
19:18:17  GPS위성:4
19:18:17  GPS_HDOP:2.70
19:18:17  원시위도:37.496992
19:18:17  원시경도:126.957398
19:18:17  GPS채택:35
19:18:17  GPS이상치거부:0
19:18:17  GPS품질거부:0
19:18:17  GPS재기준:0
19:18:17  계산거리:61.93
19:18:17  접근속도:0.00
19:18:17  TTC:999.00
19:18:17  방향오차:-168.4
19:18:17  전방여부:0
19:18:17  위험음성횟수:0
19:18:17  충격음성횟수:0
19:18:17  마지막위험음성:0
19:18:17  RSSI원시:-81
19:18:17  RSSI평활:-77.2
19:18:17  RSSI샘플:489
19:18:17  RSSI경과ms:86
19:18:17  위험송신:489
19:18:17  시각ms:65596
19:18:17  IMU시각ms:65595
19:18:17  위험:0
19:18:17  원시위험:0
19:18:17  GPS유효:1
19:18:17  위도:37.496997
19:18:17  경도:126.957391
19:18:17  속도:0.32
19:18:17  방향:308.6
19:18:17  이동방향유효:0
19:18:17  GPS이동방향:308.6
19:18:17  차체방향유효:0
19:18:17  차체방향:0.0
19:18:17  후진판정:0
19:18:17  IMU요회전속도:0.00
19:18:17  방향가속도크기:9.83
19:18:17  방향자이로크기:0.76
19:18:17  방향자세cos:1.0000
19:18:17  자기모델잔차:0.37
19:18:17  자기모델반경:1.671
19:18:17  방향채택:0
19:18:17  방향거부:8112
19:18:17  GPS원시속도:0.298
19:18:17  GPS원시방향유효:1
19:18:17  GPS원시방향:308.5
19:18:17  가속도:-0.40,0.50,9.81
19:18:17  자이로:-0.4,-0.0,-0.6
19:18:17  자력계:-0.750,-79.500,4.050
19:18:17  충격값:0.20
19:18:17  충격피크:0.20
19:18:17  마지막충격발생값:0.00
19:18:17  마지막충격발생ms:0
19:18:17  송신:607
19:18:17  지팡이수신:490
19:18:17  GPS위성:4
19:18:17  GPS_HDOP:2.70
19:18:17  원시위도:37.496992
19:18:17  원시경도:126.957398
19:18:17  GPS채택:35
19:18:17  GPS이상치거부:0
19:18:17  GPS품질거부:0
19:18:17  GPS재기준:0
19:18:17  계산거리:61.93
19:18:17  접근속도:0.00
19:18:17  TTC:999.00
19:18:17  방향오차:-168.4
19:18:17  전방여부:0
19:18:17  위험음성횟수:0
19:18:17  충격음성횟수:0
19:18:17  마지막위험음성:0
19:18:17  RSSI원시:-81
19:18:17  RSSI평활:-77.9
19:18:17  RSSI샘플:490
19:18:17  RSSI경과ms:91
19:18:17  위험송신:490
