14:31:25  시각ms:251690
14:31:25  IMU시각ms:251689
14:31:25  위험:1
14:31:25  원시위험:0
14:31:25  GPS유효:1
14:31:25  위도:37.496565
14:31:25  경도:126.957993
14:31:25  속도:0.02
14:31:25  방향:0.0
14:31:25  이동방향유효:0
14:31:25  GPS이동방향:34.7
14:31:25  차체방향유효:1
14:31:25  차체방향:308.3
14:31:25  후진판정:1
14:31:25  IMU요회전속도:0.00
14:31:25  방향가속도크기:9.68
14:31:25  방향자이로크기:2.69
14:31:25  방향자세cos:0.9917
14:31:25  자기모델잔차:21.30
14:31:25  자기모델반경:2.690
14:31:25  방향채택:0
14:31:25  방향거부:28642
14:31:25  GPS원시속도:0.015
14:31:25  GPS원시방향유효:1
14:31:25  GPS원시방향:34.7
14:31:25  가속도:-1.18,1.47,9.49
14:31:25  자이로:1.2,-1.3,-2.1
14:31:25  자력계:-40.200,38.700,11.700
14:31:25  충격값:0.07
14:31:25  충격피크:0.23
14:31:25  마지막충격발생값:111.97
14:31:25  마지막충격발생ms:136944
14:31:25  송신:2380
14:31:25  지팡이수신:2275
14:31:25  GPS위성:9
14:31:25  GPS_HDOP:0.95
14:31:25  원시위도:37.496566
14:31:25  원시경도:126.957992
14:31:25  GPS채택:1086
14:31:25  GPS이상치거부:24
14:31:25  GPS품질거부:2
14:31:25  GPS재기준:0
14:31:25  계산거리:-1.00
14:31:25  접근속도:0.00
14:31:25  TTC:999.00
14:31:25  방향오차:0.0
14:31:25  전방여부:0
14:31:25  위험음성횟수:6
14:31:25  충격음성횟수:1
14:31:25  마지막위험음성:1
14:31:25  RSSI원시:-80
14:31:25  RSSI평활:-81.5
14:31:25  RSSI샘플:2275
14:31:25  RSSI경과ms:229
14:31:25  RSSI구간:1
14:31:25  RSSI거리:12.00
14:31:25  상대보정:1
14:31:25  상대보정중:0
14:31:25  보정동쪽:12.63
14:31:25  보정북쪽:-31.94
14:31:25  위험송신:0
14:31:25  시각ms:251796
14:31:25  IMU시각ms:251795
14:31:25  위험:1
14:31:25  원시위험:0
14:31:25  GPS유효:1
14:31:25  위도:37.496566
14:31:25  경도:126.957993
14:31:25  속도:0.02
14:31:25  방향:0.0
14:31:25  이동방향유효:0
14:31:25  GPS이동방향:34.7
14:31:25  차체방향유효:1
14:31:25  차체방향:308.3
14:31:25  후진판정:1
14:31:25  IMU요회전속도:0.00
14:31:25  방향가속도크기:9.81
14:31:25  방향자이로크기:3.93
14:31:25  방향자세cos:0.9934
14:31:25  자기모델잔차:19.91
14:31:25  자기모델반경:2.790
14:31:25  방향채택:0
14:31:25  방향거부:28653
14:31:25  GPS원시속도:0.021
14:31:25  GPS원시방향유효:1
14:31:25  GPS원시방향:34.7
14:31:25  가속도:-1.15,1.36,9.64
14:31:25  자이로:1.5,-2.4,-2.7
14:31:25  자력계:-42.000,40.950,10.050
14:31:25  충격값:0.12
14:31:25  충격피크:0.19
14:31:25  마지막충격발생값:111.97
14:31:25  마지막충격발생ms:136944
14:31:25  송신:2381
14:31:25  지팡이수신:2276
14:31:25  GPS위성:9
14:31:25  GPS_HDOP:1.00
14:31:25  원시위도:37.496566
14:31:25  원시경도:126.957992
14:31:25  GPS채택:1087
14:31:25  GPS이상치거부:24
14:31:25  GPS품질거부:2
14:31:25  GPS재기준:0
14:31:25  계산거리:-1.00
14:31:25  접근속도:0.00
14:31:25  TTC:999.00
14:31:25  방향오차:0.0
14:31:25  전방여부:0
14:31:25  위험음성횟수:6
14:31:25  충격음성횟수:1
14:31:25  마지막위험음성:1
14:31:25  RSSI원시:-84
14:31:25  RSSI평활:-82.0
14:31:25  RSSI샘플:2276
14:31:25  RSSI경과ms:23
14:31:25  RSSI구간:1
14:31:25  RSSI거리:12.00
14:31:25  상대보정:1
14:31:25  상대보정중:0
14:31:25  보정동쪽:12.63
14:31:25  보정북쪽:-31.94
14:31:25  위험송신:0
14:31:25  시각ms:252108
14:31:25  IMU시각ms:252095
14:31:25  위험:1
14:31:25  원시위험:0
14:31:25  GPS유효:1
14:31:25  위도:37.496566
14:31:25  경도:126.957993
14:31:25  속도:0.01
14:31:25  방향:0.0
14:31:25  이동방향유효:0
14:31:25  GPS이동방향:34.7
14:31:25  차체방향유효:1
14:31:25  차체방향:308.3
14:31:25  후진판정:1
14:31:25  IMU요회전속도:0.00
14:31:25  방향가속도크기:9.66
14:31:25  방향자이로크기:1.87
14:31:25  방향자세cos:0.9930
14:31:25  자기모델잔차:21.07
14:31:25  자기모델반경:2.705
14:31:25  방향채택:0
14:31:25  방향거부:28689
14:31:25  GPS원시속도:0.000
14:31:25  GPS원시방향유효:1
14:31:25  GPS원시방향:34.7
14:31:25  가속도:-1.12,1.38,9.49
14:31:25  자이로:0.4,-1.8,0.3
14:31:25  자력계:-41.550,38.100,11.550
14:31:25  충격값:0.08
14:31:25  충격피크:0.20
14:31:25  마지막충격발생값:111.97
14:31:25  마지막충격발생ms:136944
14:31:25  송신:2384
14:31:25  지팡이수신:2279
14:31:25  GPS위성:9
14:31:25  GPS_HDOP:1.00
14:31:25  원시위도:37.496566
14:31:25  원시경도:126.957992
14:31:25  GPS채택:1088
14:31:25  GPS이상치거부:24
14:31:25  GPS품질거부:2
14:31:25  GPS재기준:0
14:31:25  계산거리:-1.00
14:31:25  접근속도:0.00
14:31:25  TTC:999.00
14:31:25  방향오차:0.0
14:31:25  전방여부:0
14:31:25  위험음성횟수:6
14:31:25  충격음성횟수:1
14:31:25  마지막위험음성:1
14:31:25  RSSI원시:-80
14:31:25  RSSI평활:-80.7
14:31:25  RSSI샘플:2279
14:31:25  RSSI경과ms:18
14:31:25  RSSI구간:1
14:31:25  RSSI거리:12.00
14:31:25  상대보정:1
14:31:25  상대보정중:0
14:31:25  보정동쪽:12.63
14:31:25  보정북쪽:-31.94
14:31:25  위험송신:0
14:31:25  시각ms:252199
14:31:25  IMU시각ms:252199
14:31:25  위험:1
14:31:25  원시위험:0
14:31:25  GPS유효:1
14:31:25  위도:37.496566
14:31:25  경도:126.957993
14:31:25  속도:0.02
14:31:25  방향:0.0
14:31:25  이동방향유효:0
14:31:25  GPS이동방향:34.7
14:31:25  차체방향유효:1
14:31:25  차체방향:308.3
14:31:25  후진판정:1
14:31:25  IMU요회전속도:0.00
14:31:25  방향가속도크기:9.76
14:31:25  방향자이로크기:2.97
14:31:25  방향자세cos:0.9923
14:31:25  자기모델잔차:22.08
14:31:25  자기모델반경:2.749
14:31:25  방향채택:0
14:31:25  방향거부:28700
14:31:25  GPS원시속도:0.031
14:31:25  GPS원시방향유효:1
14:31:25  GPS원시방향:34.7
14:31:25  가속도:-1.12,1.48,9.58
14:31:25  자이로:2.9,0.0,-0.6
14:31:25  자력계:-42.450,39.150,12.450
14:31:25  충격값:0.07
14:31:25  충격피크:0.16
14:31:25  마지막충격발생값:111.97
14:31:25  마지막충격발생ms:136944
14:31:25  송신:2385
14:31:25  지팡이수신:2279
14:31:25  GPS위성:9
14:31:25  GPS_HDOP:1.00
14:31:25  원시위도:37.496566
14:31:25  원시경도:126.957992
14:31:25  GPS채택:1089
14:31:25  GPS이상치거부:24
14:31:25  GPS품질거부:2
14:31:25  GPS재기준:0
14:31:25  계산거리:-1.00
14:31:25  접근속도:0.00
14:31:25  TTC:999.00
14:31:25  방향오차:0.0
14:31:25  전방여부:0
14:31:25  위험음성횟수:6
14:31:25  충격음성횟수:1
14:31:25  마지막위험음성:1
14:31:25  RSSI원시:-80
14:31:25  RSSI평활:-80.7
14:31:25  RSSI샘플:2279
14:31:25  RSSI경과ms:109
14:31:25  RSSI구간:1
14:31:25  RSSI거리:12.00
14:31:25  상대보정:1
14:31:25  상대보정중:0
14:31:25  보정동쪽:12.63
14:31:25  보정북쪽:-31.94
14:31:25  위험송신:0
14:31:25  시각ms:252300
14:31:25  IMU시각ms:252299
14:31:25  위험:1
14:31:25  원시위험:0
14:31:25  GPS유효:1
14:31:25  위도:37.496566
14:31:25  경도:126.957993
14:31:25  속도:0.02
14:31:25  방향:0.0
14:31:25  이동방향유효:0
14:31:25  GPS이동방향:34.7
14:31:25  차체방향유효:1
14:31:25  차체방향:308.3
14:31:25  후진판정:1
14:31:25  IMU요회전속도:0.00
14:31:25  방향가속도크기:9.73
14:31:25  방향자이로크기:3.80
14:31:25  방향자세cos:0.9909
14:31:25  자기모델잔차:23.24
14:31:25  자기모델반경:2.685
14:31:25  방향채택:0
14:31:25  방향거부:28712
14:31:25  GPS원시속도:0.031
14:31:25  GPS원시방향유효:1
14:31:25  GPS원시방향:34.7
14:31:25  가속도:-1.20,1.54,9.53
14:31:25  자이로:1.5,-2.6,2.4
14:31:25  자력계:-40.200,38.700,13.650
14:31:25  충격값:0.12
14:31:25  충격피크:0.12
14:31:25  마지막충격발생값:111.97
14:31:25  마지막충격발생ms:136944
14:31:25  송신:2386
14:31:25  지팡이수신:2280
14:31:25  GPS위성:9
14:31:25  GPS_HDOP:1.00
14:31:25  원시위도:37.496566
14:31:25  원시경도:126.957992
14:31:25  GPS채택:1089
14:31:25  GPS이상치거부:24
14:31:25  GPS품질거부:2
14:31:25  GPS재기준:0
14:31:25  계산거리:-1.00
14:31:25  접근속도:0.00
14:31:25  TTC:999.00
14:31:25  방향오차:0.0
14:31:25  전방여부:0
14:31:25  위험음성횟수:6
14:31:25  충격음성횟수:1
14:31:25  마지막위험음성:1
14:31:25  RSSI원시:-77
14:31:25  RSSI평활:-79.9
14:31:25  RSSI샘플:2280
14:31:25  RSSI경과ms:95
14:31:25  RSSI구간:1
14:31:25  RSSI거리:12.00
14:31:25  상대보정:1
14:31:25  상대보정중:0
14:31:25  보정동쪽:12.63
14:31:25  보정북쪽:-31.94
14:31:25  위험송신:0
14:31:25  시각ms:252401
14:31:25  IMU시각ms:252400
14:31:25  위험:1
14:31:25  원시위험:0
14:31:25  GPS유효:1
14:31:25  위도:37.496566
14:31:25  경도:126.957993
14:31:25  속도:0.01
14:31:25  방향:0.0
14:31:25  이동방향유효:0
14:31:25  GPS이동방향:34.7
14:31:25  차체방향유효:1
14:31:25  차체방향:308.3
14:31:25  후진판정:1
14:31:25  IMU요회전속도:0.00
14:31:25  방향가속도크기:9.76
14:31:25  방향자이로크기:3.65
14:31:25  방향자세cos:0.9929
14:31:25  자기모델잔차:21.67
14:31:25  자기모델반경:2.707
14:31:25  방향채택:0
14:31:25  방향거부:28724
14:31:25  GPS원시속도:0.005
14:31:25  GPS원시방향유효:1
14:31:25  GPS원시방향:34.7
14:31:25  가속도:-1.18,1.36,9.59
14:31:25  자이로:1.9,2.2,-2.3
14:31:25  자력계:-40.350,39.300,12.000
14:31:25  충격값:0.08
14:31:25  충격피크:0.16
14:31:25  마지막충격발생값:111.97
14:31:25  마지막충격발생ms:136944
14:31:25  송신:2387
14:31:25  지팡이수신:2280
14:31:25  GPS위성:9
14:31:25  GPS_HDOP:1.00
14:31:25  원시위도:37.496566
14:31:25  원시경도:126.957992
14:31:25  GPS채택:1090
14:31:25  GPS이상치거부:24
14:31:25  GPS품질거부:2
14:31:25  GPS재기준:0
14:31:25  계산거리:-1.00
14:31:25  접근속도:0.00
14:31:25  TTC:999.00
14:31:25  방향오차:0.0
14:31:25  전방여부:0
14:31:25  위험음성횟수:6
14:31:25  충격음성횟수:1
14:31:25  마지막위험음성:1
14:31:25  RSSI원시:-77
14:31:25  RSSI평활:-79.9
14:31:25  RSSI샘플:2280
14:31:25  RSSI경과ms:196
14:31:25  RSSI구간:1
14:31:25  RSSI거리:12.00
14:31:25  상대보정:1
14:31:25  상대보정중:0
14:31:25  보정동쪽:12.63
14:31:25  보정북쪽:-31.94
14:31:25  위험송신:0
14:31:26  시각ms:252501
14:31:26  IMU시각ms:252500
14:31:26  위험:1
14:31:26  원시위험:0
14:31:26  GPS유효:1
14:31:26  위도:37.496566
14:31:26  경도:126.957993
14:31:26  속도:0.01
14:31:26  방향:0.0
14:31:26  이동방향유효:0
14:31:26  GPS이동방향:34.7
14:31:26  차체방향유효:1
14:31:26  차체방향:308.3
14:31:26  후진판정:1
14:31:26  IMU요회전속도:0.00
14:31:26  방향가속도크기:9.62
14:31:26  방향자이로크기:0.75
14:31:26  방향자세cos:0.9922
14:31:26  자기모델잔차:22.74
14:31:26  자기모델반경:2.668
14:31:26  방향채택:0
14:31:26  방향거부:28736
14:31:26  GPS원시속도:0.005
14:31:26  GPS원시방향유효:1
14:31:26  GPS원시방향:34.7
14:31:26  가속도:-1.18,1.40,9.44
14:31:26  자이로:-0.1,0.3,0.7
14:31:26  자력계:-39.900,38.250,13.200
14:31:26  충격값:0.13
14:31:26  충격피크:0.18
14:31:26  마지막충격발생값:111.97
14:31:26  마지막충격발생ms:136944
14:31:26  송신:2388
14:31:26  지팡이수신:2281
14:31:26  GPS위성:9
14:31:26  GPS_HDOP:1.00
14:31:26  원시위도:37.496566
14:31:26  원시경도:126.957992
14:31:26  GPS채택:1090
14:31:26  GPS이상치거부:24
14:31:26  GPS품질거부:2
14:31:26  GPS재기준:0
14:31:26  계산거리:-1.00
14:31:26  접근속도:0.00
14:31:26  TTC:999.00
14:31:26  방향오차:0.0
14:31:26  전방여부:0
14:31:26  위험음성횟수:6
14:31:26  충격음성횟수:1
14:31:26  마지막위험음성:1
14:31:26  RSSI원시:-79
14:31:26  RSSI평활:-79.7
14:31:26  RSSI샘플:2281
14:31:26  RSSI경과ms:85
14:31:26  RSSI구간:1
14:31:26  RSSI거리:12.00
14:31:26  상대보정:1
14:31:26  상대보정중:0
14:31:26  보정동쪽:12.63
14:31:26  보정북쪽:-31.94
14:31:26  위험송신:0
14:31:26  시각ms:252601
14:31:26  IMU시각ms:252600
14:31:26  위험:1
14:31:26  원시위험:0
14:31:26  GPS유효:1
14:31:26  위도:37.496566
14:31:26  경도:126.957993
14:31:26  속도:0.02
14:31:26  방향:0.0
14:31:26  이동방향유효:0
14:31:26  GPS이동방향:34.7
14:31:26  차체방향유효:1
14:31:26  차체방향:308.3
14:31:26  후진판정:1
14:31:26  IMU요회전속도:0.00
14:31:26  방향가속도크기:9.73
14:31:26  방향자이로크기:1.85
14:31:26  방향자세cos:0.9926
14:31:26  자기모델잔차:20.95
14:31:26  자기모델반경:2.680
14:31:26  방향채택:0
14:31:26  방향거부:28748
14:31:26  GPS원시속도:0.021
14:31:26  GPS원시방향유효:1
14:31:26  GPS원시방향:34.7
14:31:26  가속도:-1.15,1.42,9.55
14:31:26  자이로:-0.5,0.9,-1.5
14:31:26  자력계:-40.200,38.250,11.400
14:31:26  충격값:0.02
14:31:26  충격피크:0.17
14:31:26  마지막충격발생값:111.97
14:31:26  마지막충격발생ms:136944
14:31:26  송신:2389
14:31:26  지팡이수신:2282
14:31:26  GPS위성:9
14:31:26  GPS_HDOP:1.00
14:31:26  원시위도:37.496566
14:31:26  원시경도:126.957992
14:31:26  GPS채택:1091
14:31:26  GPS이상치거부:24
14:31:26  GPS품질거부:2
14:31:26  GPS재기준:0
14:31:26  계산거리:-1.00
14:31:26  접근속도:0.00
14:31:26  TTC:999.00
14:31:26  방향오차:0.0
14:31:26  전방여부:0
14:31:26  위험음성횟수:6
14:31:26  충격음성횟수:1
14:31:26  마지막위험음성:1
14:31:26  RSSI원시:-74
14:31:26  RSSI평활:-78.6
14:31:26  RSSI샘플:2282
14:31:26  RSSI경과ms:89
14:31:26  RSSI구간:1
14:31:26  RSSI거리:12.00
14:31:26  상대보정:1
14:31:26  상대보정중:0
14:31:26  보정동쪽:12.63
14:31:26  보정북쪽:-31.94
14:31:26  위험송신:0
14:31:26  시각ms:252807
14:31:26  IMU시각ms:252806
14:31:26  위험:1
14:31:26  원시위험:0
14:31:26  GPS유효:1
14:31:26  위도:37.496566
14:31:26  경도:126.957993
14:31:26  속도:0.04
14:31:26  방향:0.0
14:31:26  이동방향유효:0
14:31:26  GPS이동방향:34.7
14:31:26  차체방향유효:1
14:31:26  차체방향:308.3
14:31:26  후진판정:1
14:31:26  IMU요회전속도:0.00
14:31:26  방향가속도크기:9.75
14:31:26  방향자이로크기:1.67
14:31:26  방향자세cos:0.9915
14:31:26  자기모델잔차:22.98
14:31:26  자기모델반경:2.686
14:31:26  방향채택:0
14:31:26  방향거부:28771
14:31:26  GPS원시속도:0.057
14:31:26  GPS원시방향유효:1
14:31:26  GPS원시방향:34.7
14:31:26  가속도:-1.18,1.50,9.56
14:31:26  자이로:1.2,-0.7,-0.9
14:31:26  자력계:-41.250,37.800,13.500
14:31:26  충격값:0.08
14:31:26  충격피크:0.19
14:31:26  마지막충격발생값:111.97
14:31:26  마지막충격발생ms:136944
14:31:26  송신:2391
14:31:26  지팡이수신:2284
14:31:26  GPS위성:9
14:31:26  GPS_HDOP:1.00
14:31:26  원시위도:37.496566
14:31:26  원시경도:126.957992
14:31:26  GPS채택:1092
14:31:26  GPS이상치거부:24
14:31:26  GPS품질거부:2
14:31:26  GPS재기준:0
14:31:26  계산거리:-1.00
14:31:26  접근속도:0.00
14:31:26  TTC:999.00
14:31:26  방향오차:0.0
14:31:26  전방여부:0
14:31:26  위험음성횟수:6
14:31:26  충격음성횟수:1
14:31:26  마지막위험음성:1
14:31:26  RSSI원시:-79
14:31:26  RSSI평활:-77.8
14:31:26  RSSI샘플:2284
14:31:26  RSSI경과ms:84
14:31:26  RSSI구간:1
14:31:26  RSSI거리:11.96
14:31:26  상대보정:1
14:31:26  상대보정중:0
14:31:26  보정동쪽:12.63
14:31:26  보정북쪽:-31.94
14:31:26  위험송신:0
14:31:26  시각ms:252907
14:31:26  IMU시각ms:252906
14:31:26  위험:1
14:31:26  원시위험:0
14:31:26  GPS유효:1
14:31:26  위도:37.496566
14:31:26  경도:126.957993
14:31:26  속도:0.04
14:31:26  방향:0.0
14:31:26  이동방향유효:0
14:31:26  GPS이동방향:34.7
14:31:26  차체방향유효:1
14:31:26  차체방향:308.3
14:31:26  후진판정:1
14:31:26  IMU요회전속도:0.00
14:31:26  방향가속도크기:9.77
14:31:26  방향자이로크기:3.36
14:31:26  방향자세cos:0.9925
14:31:26  자기모델잔차:20.92
14:31:26  자기모델반경:2.709
14:31:26  방향채택:0
14:31:26  방향거부:28783
14:31:26  GPS원시속도:0.057
14:31:26  GPS원시방향유효:1
14:31:26  GPS원시방향:34.7
14:31:26  가속도:-1.11,1.47,9.59
14:31:26  자이로:0.0,1.8,-2.8
14:31:26  자력계:-40.350,39.300,11.250
14:31:26  충격값:0.06
14:31:26  충격피크:0.20
14:31:26  마지막충격발생값:111.97
14:31:26  마지막충격발생ms:136944
14:31:26  송신:2392
14:31:26  지팡이수신:2284
14:31:26  GPS위성:9
14:31:26  GPS_HDOP:1.00
14:31:26  원시위도:37.496566
14:31:26  원시경도:126.957992
14:31:26  GPS채택:1092
14:31:26  GPS이상치거부:24
14:31:26  GPS품질거부:2
14:31:26  GPS재기준:0
14:31:26  계산거리:-1.00
14:31:26  접근속도:0.00
14:31:26  TTC:999.00
14:31:26  방향오차:0.0
14:31:26  전방여부:0
14:31:26  위험음성횟수:6
14:31:26  충격음성횟수:1
14:31:26  마지막위험음성:1
14:31:26  RSSI원시:-79
14:31:26  RSSI평활:-77.8
14:31:26  RSSI샘플:2284
14:31:26  RSSI경과ms:184
14:31:26  RSSI구간:1
14:31:26  RSSI거리:11.96
14:31:26  상대보정:1
14:31:26  상대보정중:0
14:31:26  보정동쪽:12.63
14:31:26  보정북쪽:-31.94
14:31:26  위험송신:0
14:31:26  시각ms:253114
14:31:26  IMU시각ms:253113
14:31:26  위험:1
14:31:26  원시위험:0
14:31:26  GPS유효:1
14:31:26  위도:37.496566
14:31:26  경도:126.957993
14:31:26  속도:0.05
14:31:26  방향:0.0
14:31:26  이동방향유효:0
14:31:26  GPS이동방향:34.7
14:31:26  차체방향유효:1
14:31:26  차체방향:308.3
14:31:26  후진판정:1
14:31:26  IMU요회전속도:0.00
14:31:26  방향가속도크기:9.69
14:31:26  방향자이로크기:2.55
14:31:26  방향자세cos:0.9926
14:31:26  자기모델잔차:19.64
14:31:26  자기모델반경:2.694
14:31:26  방향채택:0
14:31:26  방향거부:28808
14:31:26  GPS원시속도:0.057
14:31:26  GPS원시방향유효:1
14:31:26  GPS원시방향:34.7
14:31:26  가속도:-1.13,1.42,9.51
14:31:26  자이로:0.8,-2.4,-0.5
14:31:26  자력계:-40.350,38.550,10.050
14:31:26  충격값:0.06
14:31:26  충격피크:0.18
14:31:26  마지막충격발생값:111.97
14:31:26  마지막충격발생ms:136944
14:31:26  송신:2394
14:31:26  지팡이수신:2284
14:31:26  GPS위성:9
14:31:26  GPS_HDOP:1.00
14:31:26  원시위도:37.496566
14:31:26  원시경도:126.957991
14:31:26  GPS채택:1093
14:31:26  GPS이상치거부:24
14:31:26  GPS품질거부:2
14:31:26  GPS재기준:0
14:31:26  계산거리:-1.00
14:31:26  접근속도:0.00
14:31:26  TTC:999.00
14:31:26  방향오차:0.0
14:31:26  전방여부:0
14:31:26  위험음성횟수:6
14:31:26  충격음성횟수:1
14:31:26  마지막위험음성:1
14:31:26  RSSI원시:-79
14:31:26  RSSI평활:-77.8
14:31:26  RSSI샘플:2284
14:31:26  RSSI경과ms:391
14:31:26  RSSI구간:1
14:31:26  RSSI거리:11.96
14:31:26  상대보정:1
14:31:26  상대보정중:0
14:31:26  보정동쪽:12.63
14:31:26  보정북쪽:-31.94
14:31:26  위험송신:0
14:31:26  시각ms:253214
14:31:26  IMU시각ms:253213
14:31:26  위험:1
14:31:26  원시위험:0
14:31:26  GPS유효:1
14:31:26  위도:37.496566
14:31:26  경도:126.957992
14:31:26  속도:0.03
14:31:26  방향:0.0
14:31:26  이동방향유효:0
14:31:26  GPS이동방향:34.7
14:31:26  차체방향유효:1
14:31:26  차체방향:308.3
14:31:26  후진판정:1
14:31:26  IMU요회전속도:0.00
14:31:26  방향가속도크기:9.63
14:31:26  방향자이로크기:4.48
14:31:26  방향자세cos:0.9929
14:31:26  자기모델잔차:22.69
14:31:26  자기모델반경:2.700
14:31:26  방향채택:0
14:31:26  방향거부:28820
14:31:26  GPS원시속도:0.015
14:31:26  GPS원시방향유효:1
14:31:26  GPS원시방향:34.7
14:31:26  가속도:-1.05,1.44,9.46
14:31:26  자이로:3.5,-2.8,0.4
14:31:26  자력계:-41.700,37.950,13.200
14:31:26  충격값:0.15
14:31:26  충격피크:0.18
14:31:26  마지막충격발생값:111.97
14:31:26  마지막충격발생ms:136944
14:31:26  송신:2395
14:31:26  지팡이수신:2285
14:31:26  GPS위성:9
14:31:26  GPS_HDOP:0.95
14:31:26  원시위도:37.496566
14:31:26  원시경도:126.957991
14:31:26  GPS채택:1094
14:31:26  GPS이상치거부:24
14:31:26  GPS품질거부:2
14:31:26  GPS재기준:0
14:31:26  계산거리:-1.00
14:31:26  접근속도:0.00
14:31:26  TTC:999.00
14:31:26  방향오차:0.0
14:31:26  전방여부:0
14:31:26  위험음성횟수:6
14:31:26  충격음성횟수:1
14:31:26  마지막위험음성:1
14:31:26  RSSI원시:-78
14:31:26  RSSI평활:-77.8
14:31:26  RSSI샘플:2285
14:31:26  RSSI경과ms:65
14:31:26  RSSI구간:1
14:31:26  RSSI거리:12.00
14:31:26  상대보정:1
14:31:26  상대보정중:0
14:31:26  보정동쪽:12.63
14:31:26  보정북쪽:-31.94
14:31:26  위험송신:0
14:31:26  시각ms:253315
14:31:26  IMU시각ms:253314
14:31:26  위험:1
14:31:26  원시위험:0
14:31:26  GPS유효:1
14:31:26  위도:37.496566
14:31:26  경도:126.957992
14:31:26  속도:0.03
14:31:26  방향:0.0
14:31:26  이동방향유효:0
14:31:26  GPS이동방향:34.7
14:31:26  차체방향유효:1
14:31:26  차체방향:308.3
14:31:26  후진판정:1
14:31:26  IMU요회전속도:0.00
14:31:26  방향가속도크기:9.88
14:31:26  방향자이로크기:2.22
14:31:26  방향자세cos:0.9922
14:31:26  자기모델잔차:21.61
14:31:26  자기모델반경:2.696
14:31:26  방향채택:0
14:31:26  방향거부:28832
14:31:26  GPS원시속도:0.015
14:31:26  GPS원시방향유효:1
14:31:26  GPS원시방향:34.7
14:31:26  가속도:-1.21,1.44,9.70
14:31:26  자이로:0.4,-2.0,0.8
14:31:26  자력계:-40.350,38.850,12.000
14:31:26  충격값:0.14
14:31:26  충격피크:0.15
14:31:26  마지막충격발생값:111.97
14:31:26  마지막충격발생ms:136944
14:31:26  송신:2396
14:31:26  지팡이수신:2286
14:31:26  GPS위성:9
14:31:26  GPS_HDOP:0.95
14:31:26  원시위도:37.496566
14:31:26  원시경도:126.957991
14:31:26  GPS채택:1094
14:31:26  GPS이상치거부:24
14:31:26  GPS품질거부:2
14:31:26  GPS재기준:0
14:31:26  계산거리:-1.00
14:31:26  접근속도:0.00
14:31:26  TTC:999.00
14:31:26  방향오차:0.0
14:31:26  전방여부:0
14:31:26  위험음성횟수:6
14:31:26  충격음성횟수:1
14:31:26  마지막위험음성:1
14:31:26  RSSI원시:-81
14:31:26  RSSI평활:-78.5
14:31:26  RSSI샘플:2286
14:31:26  RSSI경과ms:62
14:31:26  RSSI구간:1
14:31:26  RSSI거리:12.00
14:31:26  상대보정:1
14:31:26  상대보정중:0
14:31:26  보정동쪽:12.63
14:31:26  보정북쪽:-31.94
14:31:26  위험송신:0
14:31:26  시각ms:253415
14:31:26  IMU시각ms:253414
14:31:26  위험:1
14:31:26  원시위험:0
14:31:26  GPS유효:1
14:31:26  위도:37.496566
14:31:26  경도:126.957992
14:31:26  속도:0.04
14:31:26  방향:0.0
14:31:26  이동방향유효:0
14:31:26  GPS이동방향:34.7
14:31:26  차체방향유효:1
14:31:26  차체방향:308.3
14:31:26  후진판정:1
14:31:26  IMU요회전속도:0.00
14:31:26  방향가속도크기:9.74
14:31:26  방향자이로크기:2.19
14:31:26  방향자세cos:0.9919
14:31:26  자기모델잔차:20.95
14:31:26  자기모델반경:2.689
14:31:26  방향채택:0
14:31:26  방향거부:28844
14:31:26  GPS원시속도:0.051
14:31:26  GPS원시방향유효:1
14:31:26  GPS원시방향:34.7
14:31:26  가속도:-1.13,1.49,9.56
14:31:26  자이로:0.4,2.1,-0.3
14:31:26  자력계:-40.650,38.250,11.400
14:31:26  충격값:0.07
14:31:26  충격피크:0.18
14:31:26  마지막충격발생값:111.97
14:31:26  마지막충격발생ms:136944
14:31:26  송신:2397
14:31:26  지팡이수신:2287
14:31:26  GPS위성:9
14:31:26  GPS_HDOP:1.00
14:31:26  원시위도:37.496566
14:31:26  원시경도:126.957992
14:31:26  GPS채택:1095
14:31:26  GPS이상치거부:24
14:31:26  GPS품질거부:2
14:31:26  GPS재기준:0
14:31:26  계산거리:-1.00
14:31:26  접근속도:0.00
14:31:26  TTC:999.00
14:31:26  방향오차:0.0
14:31:26  전방여부:0
14:31:26  위험음성횟수:6
14:31:26  충격음성횟수:1
14:31:26  마지막위험음성:1
14:31:26  RSSI원시:-81
14:31:26  RSSI평활:-79.0
14:31:26  RSSI샘플:2287
14:31:26  RSSI경과ms:59
14:31:26  RSSI구간:1
14:31:26  RSSI거리:12.00
14:31:26  상대보정:1
14:31:26  상대보정중:0
14:31:26  보정동쪽:12.63
14:31:26  보정북쪽:-31.94
14:31:26  위험송신:0
14:31:27  시각ms:253516
14:31:27  IMU시각ms:253515
14:31:27  위험:1
14:31:27  원시위험:0
14:31:27  GPS유효:1
14:31:27  위도:37.496566
14:31:27  경도:126.957992
14:31:27  속도:0.04
14:31:27  방향:0.0
14:31:27  이동방향유효:0
14:31:27  GPS이동방향:34.7
14:31:27  차체방향유효:1
14:31:27  차체방향:308.3
14:31:27  후진판정:1
14:31:27  IMU요회전속도:0.00
14:31:27  방향가속도크기:9.75
14:31:27  방향자이로크기:3.54
14:31:27  방향자세cos:0.9941
14:31:27  자기모델잔차:20.97
14:31:27  자기모델반경:2.721
14:31:27  방향채택:0
14:31:27  방향거부:28856
14:31:27  GPS원시속도:0.051
14:31:27  GPS원시방향유효:1
14:31:27  GPS원시방향:34.7
14:31:27  가속도:-1.02,1.36,9.60
14:31:27  자이로:0.4,1.6,-3.1
14:31:27  자력계:-40.350,39.750,11.250
14:31:27  충격값:0.15
14:31:27  충격피크:0.15
14:31:27  마지막충격발생값:111.97
14:31:27  마지막충격발생ms:136944
14:31:27  송신:2398
14:31:27  지팡이수신:2288
14:31:27  GPS위성:9
14:31:27  GPS_HDOP:1.00
14:31:27  원시위도:37.496566
14:31:27  원시경도:126.957992
14:31:27  GPS채택:1095
14:31:27  GPS이상치거부:24
14:31:27  GPS품질거부:2
14:31:27  GPS재기준:0
14:31:27  계산거리:-1.00
14:31:27  접근속도:0.00
14:31:27  TTC:999.00
14:31:27  방향오차:0.0
14:31:27  전방여부:0
14:31:27  위험음성횟수:6
14:31:27  충격음성횟수:1
14:31:27  마지막위험음성:1
14:31:27  RSSI원시:-81
14:31:27  RSSI평활:-79.4
14:31:27  RSSI샘플:2288
14:31:27  RSSI경과ms:54
14:31:27  RSSI구간:1
14:31:27  RSSI거리:12.00
14:31:27  상대보정:1
14:31:27  상대보정중:0
14:31:27  보정동쪽:12.63
14:31:27  보정북쪽:-31.94
14:31:27  위험송신:0
14:31:27  시각ms:253617
14:31:27  IMU시각ms:253616
14:31:27  위험:1
14:31:27  원시위험:0
14:31:27  GPS유효:1
14:31:27  위도:37.496566
14:31:27  경도:126.957992
14:31:27  속도:0.13
14:31:27  방향:0.0
14:31:27  이동방향유효:0
14:31:27  GPS이동방향:34.7
14:31:27  차체방향유효:1
14:31:27  차체방향:308.3
14:31:27  후진판정:1
14:31:27  IMU요회전속도:0.00
14:31:27  방향가속도크기:9.76
14:31:27  방향자이로크기:5.16
14:31:27  방향자세cos:0.9915
14:31:27  자기모델잔차:20.30
14:31:27  자기모델반경:2.667
14:31:27  방향채택:0
14:31:27  방향거부:28868
14:31:27  GPS원시속도:0.211
14:31:27  GPS원시방향유효:1
14:31:27  GPS원시방향:34.7
14:31:27  가속도:-1.25,1.46,9.57
14:31:27  자이로:-1.6,4.2,-2.5
14:31:27  자력계:-40.050,37.800,10.800
14:31:27  충격값:0.11
14:31:27  충격피크:0.18
14:31:27  마지막충격발생값:111.97
14:31:27  마지막충격발생ms:136944
14:31:27  송신:2399
14:31:27  지팡이수신:2289
14:31:27  GPS위성:9
14:31:27  GPS_HDOP:1.00
14:31:27  원시위도:37.496565
14:31:27  원시경도:126.957992
14:31:27  GPS채택:1096
14:31:27  GPS이상치거부:24
14:31:27  GPS품질거부:2
14:31:27  GPS재기준:0
14:31:27  계산거리:-1.00
14:31:27  접근속도:0.00
14:31:27  TTC:999.00
14:31:27  방향오차:0.0
14:31:27  전방여부:0
14:31:27  위험음성횟수:6
14:31:27  충격음성횟수:1
14:31:27  마지막위험음성:1
14:31:27  RSSI원시:-83
14:31:27  RSSI평활:-80.1
14:31:27  RSSI샘플:2289
14:31:27  RSSI경과ms:42
14:31:27  RSSI구간:1
14:31:27  RSSI거리:12.00
14:31:27  상대보정:1
14:31:27  상대보정중:0
14:31:27  보정동쪽:12.63
14:31:27  보정북쪽:-31.94
14:31:27  위험송신:0
14:31:27  시각ms:253739
14:31:27  IMU시각ms:253716
14:31:27  위험:1
14:31:27  원시위험:0
14:31:27  GPS유효:1
14:31:27  위도:37.496566
14:31:27  경도:126.957992
14:31:27  속도:0.13
14:31:27  방향:0.0
14:31:27  이동방향유효:0
14:31:27  GPS이동방향:34.7
14:31:27  차체방향유효:1
14:31:27  차체방향:308.3
14:31:27  후진판정:1
14:31:27  IMU요회전속도:0.00
14:31:27  방향가속도크기:9.71
14:31:27  방향자이로크기:2.62
14:31:27  방향자세cos:0.9901
14:31:27  자기모델잔차:21.80
14:31:27  자기모델반경:2.693
14:31:27  방향채택:0
14:31:27  방향거부:28880
14:31:27  GPS원시속도:0.211
14:31:27  GPS원시방향유효:1
14:31:27  GPS원시방향:34.7
14:31:27  가속도:0.31,1.61,9.57
14:31:27  자이로:-2.2,-0.4,-1.3
14:31:27  자력계:-39.900,39.150,12.150
14:31:27  충격값:1.44
14:31:27  충격피크:1.44
14:31:27  마지막충격발생값:111.97
14:31:27  마지막충격발생ms:136944
14:31:27  송신:2400
14:31:27  지팡이수신:2290
14:31:27  GPS위성:9
14:31:27  GPS_HDOP:1.00
14:31:27  원시위도:37.496565
14:31:27  원시경도:126.957992
14:31:27  GPS채택:1096
14:31:27  GPS이상치거부:24
14:31:27  GPS품질거부:2
14:31:27  GPS재기준:0
14:31:27  계산거리:-1.00
14:31:27  접근속도:0.00
14:31:27  TTC:999.00
14:31:27  방향오차:0.0
14:31:27  전방여부:0
14:31:27  위험음성횟수:6
14:31:27  충격음성횟수:1
14:31:27  마지막위험음성:1
14:31:27  RSSI원시:-79
14:31:27  RSSI평활:-79.9
14:31:27  RSSI샘플:2290
14:31:27  RSSI경과ms:66
14:31:27  RSSI구간:1
14:31:27  RSSI거리:12.00
14:31:27  상대보정:1
14:31:27  상대보정중:0
14:31:27  보정동쪽:12.63
14:31:27  보정북쪽:-31.94
14:31:27  위험송신:0
14:31:27  시각ms:253832
14:31:27  IMU시각ms:253831
14:31:27  위험:1
14:31:27  원시위험:0
14:31:27  GPS유효:1
14:31:27  위도:37.496566
14:31:27  경도:126.957992
14:31:27  속도:0.12
14:31:27  방향:0.0
14:31:27  이동방향유효:0
14:31:27  GPS이동방향:34.7
14:31:27  차체방향유효:1
14:31:27  차체방향:308.3
14:31:27  후진판정:1
14:31:27  IMU요회전속도:0.00
14:31:27  방향가속도크기:9.62
14:31:27  방향자이로크기:2.87
14:31:27  방향자세cos:0.9911
14:31:27  자기모델잔차:21.09
14:31:27  자기모델반경:2.703
14:31:27  방향채택:0
14:31:27  방향거부:28891
14:31:27  GPS원시속도:0.123
14:31:27  GPS원시방향유효:1
14:31:27  GPS원시방향:34.7
14:31:27  가속도:-0.90,1.66,9.43
14:31:27  자이로:1.0,-1.5,-2.2
14:31:27  자력계:-39.900,39.450,11.400
14:31:27  충격값:0.36
14:31:27  충격피크:3.02
14:31:27  마지막충격발생값:111.97
14:31:27  마지막충격발생ms:136944
14:31:27  송신:2401
14:31:27  지팡이수신:2291
14:31:27  GPS위성:9
14:31:27  GPS_HDOP:1.00
14:31:27  원시위도:37.496565
14:31:27  원시경도:126.957992
14:31:27  GPS채택:1097
14:31:27  GPS이상치거부:24
14:31:27  GPS품질거부:2
14:31:27  GPS재기준:0
14:31:27  계산거리:-1.00
14:31:27  접근속도:0.00
14:31:27  TTC:999.00
14:31:27  방향오차:0.0
14:31:27  전방여부:0
14:31:27  위험음성횟수:6
14:31:27  충격음성횟수:1
14:31:27  마지막위험음성:1
14:31:27  RSSI원시:-78
14:31:27  RSSI평활:-79.5
14:31:27  RSSI샘플:2291
14:31:27  RSSI경과ms:53
14:31:27  RSSI구간:1
14:31:27  RSSI거리:12.00
14:31:27  상대보정:1
14:31:27  상대보정중:0
14:31:27  보정동쪽:12.63
14:31:27  보정북쪽:-31.94
14:31:27  위험송신:0
14:31:27  시각ms:253939
14:31:27  IMU시각ms:253938
14:31:27  위험:0
14:31:27  원시위험:0
14:31:27  GPS유효:1
14:31:27  위도:37.496566
14:31:27  경도:126.957992
14:31:27  속도:0.12
14:31:27  방향:0.0
14:31:27  이동방향유효:0
14:31:27  GPS이동방향:34.7
14:31:27  차체방향유효:1
14:31:27  차체방향:308.3
14:31:27  후진판정:1
14:31:27  IMU요회전속도:0.00
14:31:27  방향가속도크기:10.77
14:31:27  방향자이로크기:12.86
14:31:27  방향자세cos:0.9667
14:31:27  자기모델잔차:21.73
14:31:27  자기모델반경:2.732
14:31:27  방향채택:0
14:31:27  방향거부:28904
14:31:27  GPS원시속도:0.123
14:31:27  GPS원시방향유효:1
14:31:27  GPS원시방향:34.7
14:31:27  가속도:-2.94,1.73,10.21
14:31:27  자이로:-5.7,-11.2,-2.7
14:31:27  자력계:-42.150,38.700,12.150
14:31:27  충격값:1.96
14:31:27  충격피크:2.00
14:31:27  마지막충격발생값:111.97
14:31:27  마지막충격발생ms:136944
14:31:27  송신:2402
14:31:27  지팡이수신:2292
14:31:27  GPS위성:9
14:31:27  GPS_HDOP:1.00
14:31:27  원시위도:37.496565
14:31:27  원시경도:126.957992
14:31:27  GPS채택:1097
14:31:27  GPS이상치거부:24
14:31:27  GPS품질거부:2
14:31:27  GPS재기준:0
14:31:27  계산거리:-1.00
14:31:27  접근속도:0.00
14:31:27  TTC:999.00
14:31:27  방향오차:0.0
14:31:27  전방여부:0
14:31:27  위험음성횟수:6
14:31:27  충격음성횟수:1
14:31:27  마지막위험음성:1
14:31:27  RSSI원시:-81
14:31:27  RSSI평활:-79.8
14:31:27  RSSI샘플:2292
14:31:27  RSSI경과ms:51
14:31:27  RSSI구간:1
14:31:27  RSSI거리:12.00
14:31:27  상대보정:1
14:31:27  상대보정중:0
14:31:27  보정동쪽:12.63
14:31:27  보정북쪽:-31.94
14:31:27  위험송신:0
14:31:27  시각ms:254040
14:31:27  IMU시각ms:254039
14:31:27  위험:0
14:31:27  원시위험:0
14:31:27  GPS유효:1
14:31:27  위도:37.496566
14:31:27  경도:126.957992
14:31:27  속도:0.10
14:31:27  방향:0.0
14:31:27  이동방향유효:0
14:31:27  GPS이동방향:34.7
14:31:27  차체방향유효:1
14:31:27  차체방향:308.4
14:31:27  후진판정:1
14:31:27  IMU요회전속도:0.00
14:31:27  방향가속도크기:9.50
14:31:27  방향자이로크기:22.64
14:31:27  방향자세cos:0.9983
14:31:27  자기모델잔차:21.12
14:31:27  자기모델반경:2.790
14:31:27  방향채택:0
14:31:27  방향거부:28916
14:31:27  GPS원시속도:0.077
14:31:27  GPS원시방향유효:1
14:31:27  GPS원시방향:34.7
14:31:27  가속도:-0.23,0.99,9.45
14:31:27  자이로:21.6,6.5,-2.1
14:31:27  자력계:-43.350,39.900,11.400
14:31:27  충격값:0.97
14:31:27  충격피크:3.71
14:31:27  마지막충격발생값:111.97
14:31:27  마지막충격발생ms:136944
14:31:27  송신:2403
14:31:27  지팡이수신:2293
14:31:27  GPS위성:9
14:31:27  GPS_HDOP:1.00
14:31:27  원시위도:37.496565
14:31:27  원시경도:126.957992
14:31:27  GPS채택:1098
14:31:27  GPS이상치거부:24
14:31:27  GPS품질거부:2
14:31:27  GPS재기준:0
14:31:27  계산거리:-1.00
14:31:27  접근속도:0.00
14:31:27  TTC:999.00
14:31:27  방향오차:0.0
14:31:27  전방여부:0
14:31:27  위험음성횟수:6
14:31:27  충격음성횟수:1
14:31:27  마지막위험음성:1
14:31:27  RSSI원시:-88
14:31:27  RSSI평활:-81.4
14:31:27  RSSI샘플:2293
14:31:27  RSSI경과ms:51
14:31:27  RSSI구간:1
14:31:27  RSSI거리:12.00
14:31:27  상대보정:1
14:31:27  상대보정중:0
14:31:27  보정동쪽:12.63
14:31:27  보정북쪽:-31.94
14:31:27  위험송신:0
14:31:27  시각ms:254148
14:31:27  IMU시각ms:254147
14:31:27  위험:0
14:31:27  원시위험:0
14:31:27  GPS유효:1
14:31:27  위도:37.496566
14:31:27  경도:126.957992
14:31:27  속도:0.10
14:31:27  방향:0.0
14:31:27  이동방향유효:0
14:31:27  GPS이동방향:34.7
14:31:27  차체방향유효:1
14:31:27  차체방향:307.5
14:31:27  후진판정:1
14:31:27  IMU요회전속도:-18.27
14:31:27  방향가속도크기:10.89
14:31:27  방향자이로크기:27.03
14:31:27  방향자세cos:0.9763
14:31:27  자기모델잔차:21.04
14:31:27  자기모델반경:2.735
14:31:27  방향채택:0
14:31:27  방향거부:28929
14:31:27  GPS원시속도:0.077
14:31:27  GPS원시방향유효:1
14:31:27  GPS원시방향:34.7
14:31:27  가속도:-0.60,2.87,10.48
14:31:27  자이로:15.4,4.9,21.7
14:31:27  자력계:-41.700,39.150,11.400
14:31:27  충격값:1.50
14:31:27  충격피크:2.36
14:31:27  마지막충격발생값:111.97
14:31:27  마지막충격발생ms:136944
14:31:27  송신:2404
14:31:27  지팡이수신:2294
14:31:27  GPS위성:9
14:31:27  GPS_HDOP:1.00
14:31:27  원시위도:37.496565
14:31:27  원시경도:126.957992
14:31:27  GPS채택:1098
14:31:27  GPS이상치거부:24
14:31:27  GPS품질거부:2
14:31:27  GPS재기준:0
14:31:27  계산거리:-1.00
14:31:27  접근속도:0.00
14:31:27  TTC:999.00
14:31:27  방향오차:0.0
14:31:27  전방여부:0
14:31:27  위험음성횟수:6
14:31:27  충격음성횟수:1
14:31:27  마지막위험음성:1
14:31:27  RSSI원시:-78
14:31:27  RSSI평활:-80.8
14:31:27  RSSI샘플:2294
14:31:27  RSSI경과ms:44
14:31:27  RSSI구간:1
14:31:27  RSSI거리:12.00
14:31:27  상대보정:1
14:31:27  상대보정중:0
14:31:27  보정동쪽:12.63
14:31:27  보정북쪽:-31.94
14:31:27  위험송신:0
14:31:27  시각ms:254248
14:31:27  IMU시각ms:254247
14:31:27  위험:0
14:31:27  원시위험:0
14:31:27  GPS유효:1
14:31:27  위도:37.496565
14:31:27  경도:126.957992
14:31:27  속도:0.07
14:31:27  방향:0.0
14:31:27  이동방향유효:0
14:31:27  GPS이동방향:34.7
14:31:27  차체방향유효:1
14:31:27  차체방향:305.0
14:31:27  후진판정:1
14:31:27  IMU요회전속도:-26.33
14:31:27  방향가속도크기:11.80
14:31:27  방향자이로크기:30.57
14:31:27  방향자세cos:0.9775
14:31:27  자기모델잔차:21.73
14:31:27  자기모델반경:2.812
14:31:27  방향채택:0
14:31:27  방향거부:28941
14:31:27  GPS원시속도:0.036
14:31:27  GPS원시방향유효:1
14:31:27  GPS원시방향:34.7
14:31:27  가속도:-0.37,3.05,11.39
14:31:27  자이로:-7.8,13.4,26.3
14:31:27  자력계:-44.250,40.050,12.000
14:31:27  충격값:1.90
14:31:27  충격피크:2.79
14:31:27  마지막충격발생값:111.97
14:31:27  마지막충격발생ms:136944
14:31:27  송신:2405
14:31:27  지팡이수신:2295
14:31:27  GPS위성:9
14:31:27  GPS_HDOP:1.00
14:31:27  원시위도:37.496565
14:31:27  원시경도:126.957992
14:31:27  GPS채택:1099
14:31:27  GPS이상치거부:24
14:31:27  GPS품질거부:2
14:31:27  GPS재기준:0
14:31:27  계산거리:-1.00
14:31:27  접근속도:0.00
14:31:27  TTC:999.00
14:31:27  방향오차:0.0
14:31:27  전방여부:0
14:31:27  위험음성횟수:6
14:31:27  충격음성횟수:1
14:31:27  마지막위험음성:1
14:31:27  RSSI원시:-81
14:31:27  RSSI평활:-80.8
14:31:27  RSSI샘플:2295
14:31:27  RSSI경과ms:39
14:31:27  RSSI구간:1
14:31:27  RSSI거리:12.00
14:31:27  상대보정:1
14:31:27  상대보정중:0
14:31:27  보정동쪽:12.63
14:31:27  보정북쪽:-31.94
14:31:27  위험송신:0
14:31:27  시각ms:254457
14:31:27  IMU시각ms:254456
14:31:27  위험:0
14:31:27  원시위험:0
14:31:27  GPS유효:1
14:31:27  위도:37.496565
14:31:28  경도:126.957992
14:31:28  속도:0.08
14:31:28  방향:0.0
14:31:28  이동방향유효:0
14:31:28  GPS이동방향:34.7
14:31:28  차체방향유효:1
14:31:28  차체방향:299.3
14:31:28  후진판정:1
14:31:28  IMU요회전속도:-26.99
14:31:28  방향가속도크기:11.36
14:31:28  방향자이로크기:31.65
14:31:28  방향자세cos:0.9859
14:31:28  자기모델잔차:22.63
14:31:28  자기모델반경:2.733
14:31:28  방향채택:0
14:31:28  방향거부:28966
14:31:28  GPS원시속도:0.087
14:31:28  GPS원시방향유효:1
14:31:28  GPS원시방향:34.7
14:31:28  가속도:0.21,2.32,11.12
14:31:28  자이로:0.7,16.7,26.8
14:31:28  자력계:-43.650,37.500,13.200
14:31:28  충격값:0.96
14:31:28  충격피크:1.73
14:31:28  마지막충격발생값:111.97
14:31:28  마지막충격발생ms:136944
14:31:28  송신:2407
14:31:28  지팡이수신:2296
14:31:28  GPS위성:9
14:31:28  GPS_HDOP:1.00
14:31:28  원시위도:37.496565
14:31:28  원시경도:126.957991
14:31:28  GPS채택:1100
14:31:28  GPS이상치거부:24
14:31:28  GPS품질거부:2
14:31:28  GPS재기준:0
14:31:28  계산거리:-1.00
14:31:28  접근속도:0.00
14:31:28  TTC:999.00
14:31:28  방향오차:0.0
14:31:28  전방여부:0
14:31:28  위험음성횟수:6
14:31:28  충격음성횟수:1
14:31:28  마지막위험음성:1
14:31:28  RSSI원시:-84
14:31:28  RSSI평활:-81.4
14:31:28  RSSI샘플:2296
14:31:28  RSSI경과ms:46
14:31:28  RSSI구간:1
14:31:28  RSSI거리:12.00
14:31:28  상대보정:1
14:31:28  상대보정중:0
14:31:28  보정동쪽:12.63
14:31:28  보정북쪽:-31.94
14:31:28  위험송신:0
14:31:28  시각ms:254558
14:31:28  IMU시각ms:254557
14:31:28  위험:0
14:31:28  원시위험:0
14:31:28  GPS유효:1
14:31:28  위도:37.496565
14:31:28  경도:126.957992
14:31:28  속도:0.08
14:31:28  방향:0.0
14:31:28  이동방향유효:0
14:31:28  GPS이동방향:34.7
14:31:28  차체방향유효:1
14:31:28  차체방향:297.0
14:31:28  후진판정:1
14:31:28  IMU요회전속도:-20.81
14:31:28  방향가속도크기:9.83
14:31:28  방향자이로크기:31.28
14:31:28  방향자세cos:0.9868
14:31:28  자기모델잔차:22.19
14:31:28  자기모델반경:2.716
14:31:28  방향채택:0
14:31:28  방향거부:28978
14:31:28  GPS원시속도:0.087
14:31:28  GPS원시방향유효:1
14:31:28  GPS원시방향:34.7
14:31:28  가속도:0.35,1.86,9.64
14:31:28  자이로:-4.1,24.6,18.8
14:31:28  자력계:-44.100,36.300,12.900
14:31:28  충격값:1.32
14:31:28  충격피크:1.32
14:31:28  마지막충격발생값:111.97
14:31:28  마지막충격발생ms:136944
14:31:28  송신:2408
14:31:28  지팡이수신:2297
14:31:28  GPS위성:9
14:31:28  GPS_HDOP:1.00
14:31:28  원시위도:37.496565
14:31:28  원시경도:126.957991
14:31:28  GPS채택:1100
14:31:28  GPS이상치거부:24
14:31:28  GPS품질거부:2
14:31:28  GPS재기준:0
14:31:28  계산거리:-1.00
14:31:28  접근속도:0.00
14:31:28  TTC:999.00
14:31:28  방향오차:0.0
14:31:28  전방여부:0
14:31:28  위험음성횟수:6
14:31:28  충격음성횟수:1
14:31:28  마지막위험음성:1
14:31:28  RSSI원시:-83
14:31:28  RSSI평활:-81.8
14:31:28  RSSI샘플:2297
14:31:28  RSSI경과ms:40
14:31:28  RSSI구간:1
14:31:28  RSSI거리:12.00
14:31:28  상대보정:1
14:31:28  상대보정중:0
14:31:28  보정동쪽:12.63
14:31:28  보정북쪽:-31.94
14:31:28  위험송신:0
14:31:28  시각ms:254665
14:31:28  IMU시각ms:254664
14:31:28  위험:0
14:31:28  원시위험:0
14:31:28  GPS유효:1
14:31:28  위도:37.496565
14:31:28  경도:126.957992
14:31:28  속도:0.15
14:31:28  방향:0.0
14:31:28  이동방향유효:0
14:31:28  GPS이동방향:34.7
14:31:28  차체방향유효:1
14:31:28  차체방향:295.9
14:31:28  후진판정:1
14:31:28  IMU요회전속도:-4.35
14:31:28  방향가속도크기:9.40
14:31:28  방향자이로크기:13.12
14:31:28  방향자세cos:0.9959
14:31:28  자기모델잔차:23.65
14:31:28  자기모델반경:2.630
14:31:28  방향채택:0
14:31:28  방향거부:28991
14:31:28  GPS원시속도:0.216
14:31:28  GPS원시방향유효:1
14:31:28  GPS원시방향:34.7
14:31:28  가속도:-0.13,1.26,9.32
14:31:28  자이로:-1.6,12.2,4.6
14:31:28  자력계:-42.300,34.650,14.550
14:31:28  충격값:1.21
14:31:28  충격피크:2.11
14:31:28  마지막충격발생값:111.97
14:31:28  마지막충격발생ms:136944
14:31:28  송신:2409
14:31:28  지팡이수신:2297
14:31:28  GPS위성:9
14:31:28  GPS_HDOP:1.00
14:31:28  원시위도:37.496565
14:31:28  원시경도:126.957991
14:31:28  GPS채택:1101
14:31:28  GPS이상치거부:24
14:31:28  GPS품질거부:2
14:31:28  GPS재기준:0
14:31:28  계산거리:-1.00
14:31:28  접근속도:0.00
14:31:28  TTC:999.00
14:31:28  방향오차:0.0
14:31:28  전방여부:0
14:31:28  위험음성횟수:6
14:31:28  충격음성횟수:1
14:31:28  마지막위험음성:1
14:31:28  RSSI원시:-83
14:31:28  RSSI평활:-81.8
14:31:28  RSSI샘플:2297
14:31:28  RSSI경과ms:147
14:31:28  RSSI구간:1
14:31:28  RSSI거리:12.00
14:31:28  상대보정:1
14:31:28  상대보정중:0
14:31:28  보정동쪽:12.63
14:31:28  보정북쪽:-31.94
14:31:28  위험송신:0
14:31:28  시각ms:254768
14:31:28  IMU시각ms:254767
14:31:28  위험:0
14:31:28  원시위험:0
14:31:28  GPS유효:1
14:31:28  위도:37.496565
14:31:28  경도:126.957992
14:31:28  속도:0.15
14:31:28  방향:0.0
14:31:28  이동방향유효:0
14:31:28  GPS이동방향:34.7
14:31:28  차체방향유효:1
14:31:28  차체방향:295.7
14:31:28  후진판정:1
14:31:28  IMU요회전속도:0.00
14:31:28  방향가속도크기:9.34
14:31:28  방향자이로크기:14.98
14:31:28  방향자세cos:0.9795
14:31:28  자기모델잔차:23.66
14:31:28  자기모델반경:2.643
14:31:28  방향채택:0
14:31:28  방향거부:29002
14:31:28  GPS원시속도:0.216
14:31:28  GPS원시방향유효:1
14:31:28  GPS원시방향:34.7
14:31:28  가속도:-0.70,2.31,9.03
14:31:28  자이로:-6.4,-13.0,3.9
14:31:28  자력계:-41.400,36.000,14.400
14:31:28  충격값:1.23
14:31:28  충격피크:1.23
14:31:28  마지막충격발생값:111.97
14:31:28  마지막충격발생ms:136944
14:31:28  송신:2410
14:31:28  지팡이수신:2297
14:31:28  GPS위성:9
14:31:28  GPS_HDOP:1.00
14:31:28  원시위도:37.496565
14:31:28  원시경도:126.957991
14:31:28  GPS채택:1101
14:31:28  GPS이상치거부:24
14:31:28  GPS품질거부:2
14:31:28  GPS재기준:0
14:31:28  계산거리:-1.00
14:31:28  접근속도:0.00
14:31:28  TTC:999.00
14:31:28  방향오차:0.0
14:31:28  전방여부:0
14:31:28  위험음성횟수:6
14:31:28  충격음성횟수:1
14:31:28  마지막위험음성:1
14:31:28  RSSI원시:-83
14:31:28  RSSI평활:-81.8
14:31:28  RSSI샘플:2297
14:31:28  RSSI경과ms:250
14:31:28  RSSI구간:1
14:31:28  RSSI거리:12.00
14:31:28  상대보정:1
14:31:28  상대보정중:0
14:31:28  보정동쪽:12.63
14:31:28  보정북쪽:-31.94
14:31:28  위험송신:0
14:31:28  시각ms:254869
14:31:28  IMU시각ms:254868
14:31:28  위험:0
14:31:28  원시위험:0
14:31:28  GPS유효:1
14:31:28  위도:37.496565
14:31:28  경도:126.957992
14:31:28  속도:0.20
14:31:28  방향:0.0
14:31:28  이동방향유효:0
14:31:28  GPS이동방향:34.7
14:31:28  차체방향유효:1
14:31:28  차체방향:295.7
14:31:28  후진판정:1
14:31:28  IMU요회전속도:4.30
14:31:28  방향가속도크기:7.99
14:31:28  방향자이로크기:12.67
14:31:28  방향자세cos:0.9602
14:31:28  자기모델잔차:25.83
14:31:28  자기모델반경:2.642
14:31:28  방향채택:0
14:31:28  방향거부:29014
14:31:28  GPS원시속도:0.247
14:31:28  GPS원시방향유효:1
14:31:28  GPS원시방향:34.7
14:31:28  가속도:-0.86,2.55,7.52
14:31:28  자이로:-8.8,-5.6,-7.2
14:31:28  자력계:-43.800,33.450,16.500
14:31:28  충격값:2.31
14:31:28  충격피크:2.46
14:31:28  마지막충격발생값:111.97
14:31:28  마지막충격발생ms:136944
14:31:28  송신:2411
14:31:28  지팡이수신:2297
14:31:28  GPS위성:9
14:31:28  GPS_HDOP:1.00
14:31:28  원시위도:37.496564
14:31:28  원시경도:126.957990
14:31:28  GPS채택:1102
14:31:28  GPS이상치거부:24
14:31:28  GPS품질거부:2
14:31:28  GPS재기준:0
14:31:28  계산거리:-1.00
14:31:28  접근속도:0.00
14:31:28  TTC:999.00
14:31:28  방향오차:0.0
14:31:28  전방여부:0
14:31:28  위험음성횟수:6
14:31:28  충격음성횟수:1
14:31:28  마지막위험음성:1
14:31:28  RSSI원시:-83
14:31:28  RSSI평활:-81.8
14:31:28  RSSI샘플:2297
14:31:28  RSSI경과ms:351
14:31:28  RSSI구간:1
14:31:28  RSSI거리:12.00
14:31:28  상대보정:1
14:31:28  상대보정중:0
14:31:28  보정동쪽:12.63
14:31:28  보정북쪽:-31.94
14:31:28  위험송신:0
14:31:28  시각ms:254970
14:31:28  IMU시각ms:254969
14:31:28  위험:0
14:31:28  원시위험:0
14:31:28  GPS유효:1
14:31:28  위도:37.496565
14:31:28  경도:126.957992
14:31:28  속도:0.20
14:31:28  방향:0.0
14:31:28  이동방향유효:0
14:31:28  GPS이동방향:34.7
14:31:28  차체방향유효:1
14:31:28  차체방향:297.2
14:31:28  후진판정:1
14:31:28  IMU요회전속도:18.27
14:31:28  방향가속도크기:8.93
14:31:28  방향자이로크기:21.90
14:31:28  방향자세cos:0.9760
14:31:28  자기모델잔차:25.64
14:31:28  자기모델반경:2.603
14:31:28  방향채택:0
14:31:28  방향거부:29026
14:31:28  GPS원시속도:0.247
14:31:28  GPS원시방향유효:1
14:31:28  GPS원시방향:34.7
14:31:28  가속도:-0.69,2.35,8.59
14:31:28  자이로:-1.0,-4.4,-21.4
14:31:28  자력계:-43.500,32.550,16.800
14:31:28  충격값:0.91
14:31:28  충격피크:1.79
14:31:28  마지막충격발생값:111.97
14:31:28  마지막충격발생ms:136944
14:31:28  송신:2412
14:31:28  지팡이수신:2298
14:31:28  GPS위성:9
14:31:28  GPS_HDOP:1.00
14:31:28  원시위도:37.496564
14:31:28  원시경도:126.957990
14:31:28  GPS채택:1102
14:31:28  GPS이상치거부:24
14:31:28  GPS품질거부:2
14:31:28  GPS재기준:0
14:31:28  계산거리:-1.00
14:31:28  접근속도:0.00
14:31:28  TTC:999.00
14:31:28  방향오차:0.0
14:31:28  전방여부:0
14:31:28  위험음성횟수:6
14:31:28  충격음성횟수:1
14:31:28  마지막위험음성:1
14:31:28  RSSI원시:-80
14:31:28  RSSI평활:-81.4
14:31:28  RSSI샘플:2298
14:31:28  RSSI경과ms:24
14:31:28  RSSI구간:1
14:31:28  RSSI거리:12.00
14:31:28  상대보정:1
14:31:28  상대보정중:0
14:31:28  보정동쪽:12.63
14:31:28  보정북쪽:-31.94
14:31:28  위험송신:0
14:31:28  시각ms:255173
14:31:28  IMU시각ms:255172
14:31:28  위험:0
14:31:28  원시위험:0
14:31:28  GPS유효:1
14:31:28  위도:37.496565
14:31:28  경도:126.957992
14:31:28  속도:0.23
14:31:28  방향:0.0
14:31:28  이동방향유효:0
14:31:28  GPS이동방향:34.7
14:31:28  차체방향유효:1
14:31:28  차체방향:298.6
14:31:28  후진판정:1
14:31:28  IMU요회전속도:7.39
14:31:28  방향가속도크기:9.13
14:31:28  방향자이로크기:20.10
14:31:28  방향자세cos:0.9722
14:31:28  자기모델잔차:23.85
14:31:28  자기모델반경:2.654
14:31:28  방향채택:0
14:31:28  방향거부:29050
14:31:28  GPS원시속도:0.268
14:31:28  GPS원시방향유효:1
14:31:28  GPS원시방향:34.7
14:31:28  가속도:-0.98,2.49,8.73
14:31:28  자이로:7.8,-17.3,-6.7
14:31:28  자력계:-42.900,35.100,14.700
14:31:28  충격값:0.57
14:31:28  충격피크:1.37
14:31:28  마지막충격발생값:111.97
14:31:28  마지막충격발생ms:136944
14:31:28  송신:2414
14:31:28  지팡이수신:2300
14:31:28  GPS위성:9
14:31:28  GPS_HDOP:1.00
14:31:28  원시위도:37.496563
14:31:28  원시경도:126.957989
14:31:28  GPS채택:1103
14:31:28  GPS이상치거부:24
14:31:28  GPS품질거부:2
14:31:28  GPS재기준:0
14:31:28  계산거리:-1.00
14:31:28  접근속도:0.00
14:31:28  TTC:999.00
14:31:28  방향오차:0.0
14:31:28  전방여부:0
14:31:28  위험음성횟수:6
14:31:28  충격음성횟수:1
14:31:28  마지막위험음성:1
14:31:28  RSSI원시:-81
14:31:28  RSSI평활:-80.9
14:31:28  RSSI샘플:2300
14:31:28  RSSI경과ms:22
14:31:28  RSSI구간:1
14:31:28  RSSI거리:12.00
14:31:28  상대보정:1
14:31:28  상대보정중:0
14:31:28  보정동쪽:12.63
14:31:28  보정북쪽:-31.94
14:31:28  위험송신:0
14:31:28  시각ms:255275
14:31:28  IMU시각ms:255274
14:31:28  위험:0
14:31:28  원시위험:0
14:31:28  GPS유효:1
14:31:28  위도:37.496562
14:31:28  경도:126.957990
14:31:28  속도:0.44
14:31:28  방향:237.9
14:31:28  이동방향유효:1
14:31:28  GPS이동방향:237.9
14:31:28  차체방향유효:1
14:31:28  차체방향:299.8
14:31:28  후진판정:1
14:31:28  IMU요회전속도:7.99
14:31:28  방향가속도크기:9.26
14:31:28  방향자이로크기:13.11
14:31:28  방향자세cos:0.9837
14:31:28  자기모델잔차:21.71
14:31:28  자기모델반경:2.699
14:31:28  방향채택:0
14:31:28  방향거부:29062
14:31:28  GPS원시속도:0.648
14:31:28  GPS원시방향유효:1
14:31:28  GPS원시방향:237.9
14:31:28  가속도:-0.72,2.09,9.00
14:31:28  자이로:-3.5,1.5,-12.6
14:31:28  자력계:-43.650,36.000,12.450
14:31:28  충격값:0.13
14:31:28  충격피크:0.64
14:31:28  마지막충격발생값:111.97
14:31:28  마지막충격발생ms:136944
14:31:28  송신:2415
14:31:28  지팡이수신:2301
14:31:28  GPS위성:9
14:31:28  GPS_HDOP:1.00
14:31:28  원시위도:37.496560
14:31:28  원시경도:126.957988
14:31:28  GPS채택:1104
14:31:28  GPS이상치거부:24
14:31:28  GPS품질거부:2
14:31:28  GPS재기준:0
14:31:28  계산거리:-1.00
14:31:28  접근속도:0.00
14:31:28  TTC:999.00
14:31:28  방향오차:0.0
14:31:28  전방여부:0
14:31:28  위험음성횟수:6
14:31:28  충격음성횟수:1
14:31:28  마지막위험음성:1
14:31:28  RSSI원시:-80
14:31:28  RSSI평활:-80.8
14:31:28  RSSI샘플:2301
14:31:28  RSSI경과ms:15
14:31:28  RSSI구간:1
14:31:28  RSSI거리:12.00
14:31:28  상대보정:1
14:31:28  상대보정중:0
14:31:28  보정동쪽:12.63
14:31:28  보정북쪽:-31.94
14:31:28  위험송신:0
14:31:28  시각ms:255375
14:31:28  IMU시각ms:255374
14:31:28  위험:0
14:31:28  원시위험:0
14:31:28  GPS유효:1
14:31:28  위도:37.496562
14:31:28  경도:126.957989
14:31:28  속도:0.44
14:31:28  방향:237.9
14:31:28  이동방향유효:1
14:31:28  GPS이동방향:237.9
14:31:28  차체방향유효:1
14:31:28  차체방향:300.6
14:31:28  후진판정:1
14:31:28  IMU요회전속도:0.00
14:31:28  방향가속도크기:10.23
14:31:28  방향자이로크기:14.86
14:31:28  방향자세cos:0.9691
14:31:28  자기모델잔차:25.00
14:31:28  자기모델반경:2.662
14:31:28  방향채택:0
14:31:28  방향거부:29074
14:31:28  GPS원시속도:0.648
14:31:28  GPS원시방향유효:1
14:31:28  GPS원시방향:237.9
14:31:28  가속도:-1.63,2.72,9.73
14:31:28  자이로:-6.3,-12.7,4.3
14:31:28  자력계:-43.650,34.800,15.900
14:31:28  충격값:1.16
14:31:28  충격피크:1.75
14:31:28  마지막충격발생값:111.97
14:31:28  마지막충격발생ms:136944
14:31:28  송신:2416
14:31:28  지팡이수신:2302
14:31:28  GPS위성:9
14:31:28  GPS_HDOP:1.00
14:31:28  원시위도:37.496560
14:31:28  원시경도:126.957988
14:31:28  GPS채택:1104
14:31:28  GPS이상치거부:24
14:31:28  GPS품질거부:2
14:31:28  GPS재기준:0
14:31:28  계산거리:-1.00
14:31:28  접근속도:0.00
14:31:28  TTC:999.00
14:31:28  방향오차:0.0
14:31:28  전방여부:0
14:31:28  위험음성횟수:6
14:31:28  충격음성횟수:1
14:31:28  마지막위험음성:1
14:31:28  RSSI원시:-84
14:31:28  RSSI평활:-81.4
14:31:28  RSSI샘플:2302
14:31:28  RSSI경과ms:13
14:31:28  RSSI구간:1
14:31:28  RSSI거리:12.00
14:31:28  상대보정:1
14:31:28  상대보정중:0
14:31:28  보정동쪽:12.63
14:31:28  보정북쪽:-31.94
14:31:28  위험송신:0
14:31:28  시각ms:255476
14:31:28  IMU시각ms:255475
14:31:28  위험:0
14:31:28  원시위험:0
14:31:28  GPS유효:1
14:31:28  위도:37.496560
14:31:28  경도:126.957988
14:31:28  속도:0.67
14:31:28  방향:227.4
14:31:28  이동방향유효:1
14:31:28  GPS이동방향:227.4
14:31:28  차체방향유효:1
14:31:28  차체방향:291.7
14:31:28  후진판정:0
14:31:28  IMU요회전속도:0.00
14:31:28  방향가속도크기:11.65
14:31:28  방향자이로크기:35.44
14:31:28  방향자세cos:0.9815
14:31:28  자기모델잔차:25.00
14:31:28  자기모델반경:2.655
14:31:28  방향채택:0
14:31:28  방향거부:29086
14:31:28  GPS원시속도:0.890
14:31:28  GPS원시방향유효:1
14:31:28  GPS원시방향:207.9
14:31:28  가속도:-1.78,2.39,11.26
14:31:28  자이로:31.5,-14.1,8.1
14:31:28  자력계:-43.350,34.800,15.900
14:31:28  충격값:2.13
14:31:28  충격피크:2.38
14:31:28  마지막충격발생값:111.97
14:31:28  마지막충격발생ms:136944
14:31:28  송신:2417
14:31:28  지팡이수신:2302
14:31:28  GPS위성:9
14:31:28  GPS_HDOP:1.00
14:31:28  원시위도:37.496558
14:31:28  원시경도:126.957987
14:31:28  GPS채택:1105
14:31:28  GPS이상치거부:24
14:31:28  GPS품질거부:2
14:31:28  GPS재기준:0
14:31:28  계산거리:-1.00
14:31:28  접근속도:0.00
14:31:28  TTC:999.00
14:31:28  방향오차:0.0
14:31:28  전방여부:0
14:31:28  위험음성횟수:6
14:31:28  충격음성횟수:1
14:31:28  마지막위험음성:1
14:31:28  RSSI원시:-84
14:31:28  RSSI평활:-81.4
14:31:28  RSSI샘플:2302
14:31:28  RSSI경과ms:114
14:31:28  RSSI구간:1
14:31:28  RSSI거리:12.00
14:31:28  상대보정:1
14:31:28  상대보정중:0
14:31:28  보정동쪽:12.63
14:31:28  보정북쪽:-31.94
14:31:28  위험송신:0
14:31:29  시각ms:255676
14:31:29  IMU시각ms:255675
14:31:29  위험:0
14:31:29  원시위험:0
14:31:29  GPS유효:1
14:31:29  위도:37.496557
14:31:29  경도:126.957986
14:31:29  속도:0.75
14:31:29  방향:218.6
14:31:29  이동방향유효:1
14:31:29  GPS이동방향:218.6
14:31:29  차체방향유효:1
14:31:29  차체방향:279.5
14:31:29  후진판정:0
14:31:29  IMU요회전속도:-27.13
14:31:29  방향가속도크기:10.62
14:31:29  방향자이로크기:43.44
14:31:29  방향자세cos:0.9591
14:31:29  자기모델잔차:20.48
14:31:29  자기모델반경:2.716
14:31:29  방향채택:0
14:31:29  방향거부:29110
14:31:29  GPS원시속도:0.839
14:31:29  GPS원시방향유효:1
14:31:29  GPS원시방향:202.3
14:31:29  가속도:-0.29,3.50,10.02
14:31:29  자이로:26.6,-5.9,33.8
14:31:29  자력계:-45.750,36.150,11.550
14:31:29  충격값:0.83
14:31:29  충격피크:1.79
14:31:29  마지막충격발생값:111.97
14:31:29  마지막충격발생ms:136944
14:31:29  송신:2419
14:31:29  지팡이수신:2302
14:31:29  GPS위성:9
14:31:29  GPS_HDOP:1.00
14:31:29  원시위도:37.496556
14:31:29  원시경도:126.957986
14:31:29  GPS채택:1106
14:31:29  GPS이상치거부:24
14:31:29  GPS품질거부:2
14:31:29  GPS재기준:0
14:31:29  계산거리:-1.00
14:31:29  접근속도:0.00
14:31:29  TTC:999.00
14:31:29  방향오차:0.0
14:31:29  전방여부:0
14:31:29  위험음성횟수:6
14:31:29  충격음성횟수:1
14:31:29  마지막위험음성:1
14:31:29  RSSI원시:-84
14:31:29  RSSI평활:-81.4
14:31:29  RSSI샘플:2302
14:31:29  RSSI경과ms:314
14:31:29  RSSI구간:1
14:31:29  RSSI거리:12.00
14:31:29  상대보정:1
14:31:29  상대보정중:0
14:31:29  보정동쪽:12.63
14:31:29  보정북쪽:-31.94
14:31:29  위험송신:0
14:31:29  시각ms:255780
14:31:29  IMU시각ms:255779
14:31:29  위험:0
14:31:29  원시위험:0
14:31:29  GPS유효:1
14:31:29  위도:37.496557
14:31:29  경도:126.957986
14:31:29  속도:0.75
14:31:29  방향:218.6
14:31:29  이동방향유효:1
14:31:29  GPS이동방향:218.6
14:31:29  차체방향유효:1
14:31:29  차체방향:274.7
14:31:29  후진판정:0
14:31:29  IMU요회전속도:-54.27
14:31:29  방향가속도크기:9.36
14:31:29  방향자이로크기:65.23
14:31:29  방향자세cos:0.9529
14:31:29  자기모델잔차:20.48
14:31:29  자기모델반경:2.716
14:31:29  방향채택:0
14:31:29  방향거부:29121
14:31:29  GPS원시속도:0.839
14:31:29  GPS원시방향유효:1
14:31:29  GPS원시방향:202.3
14:31:29  가속도:0.15,3.04,8.85
14:31:29  자이로:12.4,-11.2,63.1
14:31:29  자력계:-47.250,35.700,8.550
14:31:29  충격값:1.08
14:31:29  충격피크:1.40
14:31:29  마지막충격발생값:111.97
14:31:29  마지막충격발생ms:136944
14:31:29  송신:2420
14:31:29  지팡이수신:2303
14:31:29  GPS위성:9
14:31:29  GPS_HDOP:1.00
14:31:29  원시위도:37.496556
14:31:29  원시경도:126.957986
14:31:29  GPS채택:1106
14:31:29  GPS이상치거부:24
14:31:29  GPS품질거부:2
14:31:29  GPS재기준:0
14:31:29  계산거리:-1.00
14:31:29  접근속도:0.00
14:31:29  TTC:999.00
14:31:29  방향오차:0.0
14:31:29  전방여부:0
14:31:29  위험음성횟수:6
14:31:29  충격음성횟수:1
14:31:29  마지막위험음성:1
14:31:29  RSSI원시:-77
14:31:29  RSSI평활:-80.5
14:31:29  RSSI샘플:2303
14:31:29  RSSI경과ms:99
14:31:29  RSSI구간:1
14:31:29  RSSI거리:12.00
14:31:29  상대보정:1
14:31:29  상대보정중:0
14:31:29  보정동쪽:12.63
14:31:29  보정북쪽:-31.94
14:31:29  위험송신:0
14:31:29  시각ms:255881
14:31:29  IMU시각ms:255880
14:31:29  위험:0
14:31:29  원시위험:0
14:31:29  GPS유효:1
14:31:29  위도:37.496555
14:31:29  경도:126.957985
14:31:29  속도:0.92
14:31:29  방향:209.6
14:31:29  이동방향유효:1
14:31:29  GPS이동방향:209.6
14:31:29  차체방향유효:1
14:31:29  차체방향:262.6
14:31:29  후진판정:0
14:31:29  IMU요회전속도:-32.12
14:31:29  방향가속도크기:7.52
14:31:29  방향자이로크기:43.56
14:31:29  방향자세cos:0.9476
14:31:29  자기모델잔차:20.48
14:31:29  자기모델반경:2.716
14:31:29  방향채택:0
14:31:29  방향거부:29133
14:31:29  GPS원시속도:1.096
14:31:29  GPS원시방향유효:1
14:31:29  GPS원시방향:192.8
14:31:29  가속도:0.15,2.71,7.01
14:31:29  자이로:23.2,0.4,36.8
14:31:29  자력계:-48.600,32.400,8.400
14:31:29  충격값:2.38
14:31:29  충격피크:2.38
14:31:29  마지막충격발생값:111.97
14:31:29  마지막충격발생ms:136944
14:31:29  송신:2421
14:31:29  지팡이수신:2304
14:31:29  GPS위성:9
14:31:29  GPS_HDOP:1.00
14:31:29  원시위도:37.496554
14:31:29  원시경도:126.957986
14:31:29  GPS채택:1107
14:31:29  GPS이상치거부:24
14:31:29  GPS품질거부:2
14:31:29  GPS재기준:0
14:31:29  계산거리:-1.00
14:31:29  접근속도:0.00
14:31:29  TTC:999.00
14:31:29  방향오차:0.0
14:31:29  전방여부:0
14:31:29  위험음성횟수:6
14:31:29  충격음성횟수:1
14:31:29  마지막위험음성:1
14:31:29  RSSI원시:-79
14:31:29  RSSI평활:-80.2
14:31:29  RSSI샘플:2304
14:31:29  RSSI경과ms:97
14:31:29  RSSI구간:1
14:31:29  RSSI거리:12.00
14:31:29  상대보정:1
14:31:29  상대보정중:0
14:31:29  보정동쪽:12.63
14:31:29  보정북쪽:-31.94
14:31:29  위험송신:0
14:31:29  시각ms:256082
14:31:29  IMU시각ms:256081
14:31:29  위험:1
14:31:29  원시위험:0
14:31:29  GPS유효:1
14:31:29  위도:37.496552
14:31:29  경도:126.957984
14:31:29  속도:1.05
14:31:29  방향:203.0
14:31:29  이동방향유효:1
14:31:29  GPS이동방향:203.0
14:31:29  차체방향유효:1
14:31:29  차체방향:250.1
14:31:29  후진판정:0
14:31:29  IMU요회전속도:-21.53
14:31:29  방향가속도크기:8.28
14:31:29  방향자이로크기:31.83
14:31:29  방향자세cos:0.9737
14:31:29  자기모델잔차:16.25
14:31:29  자기모델반경:2.762
14:31:29  방향채택:0
14:31:29  방향거부:29157
14:31:29  GPS원시속도:1.178
14:31:29  GPS원시방향유효:1
14:31:29  GPS원시방향:190.9
14:31:29  가속도:-0.01,2.25,7.97
14:31:29  자이로:18.7,15.4,20.6
14:31:29  자력계:-51.000,30.450,7.650
14:31:29  충격값:0.98
14:31:29  충격피크:1.62
14:31:29  마지막충격발생값:111.97
14:31:29  마지막충격발생ms:136944
14:31:29  송신:2423
14:31:29  지팡이수신:2306
14:31:29  GPS위성:9
14:31:29  GPS_HDOP:1.00
14:31:29  원시위도:37.496552
14:31:29  원시경도:126.957985
14:31:29  GPS채택:1108
14:31:29  GPS이상치거부:24
14:31:29  GPS품질거부:2
14:31:29  GPS재기준:0
14:31:29  계산거리:-1.00
14:31:29  접근속도:0.00
14:31:29  TTC:999.00
14:31:29  방향오차:0.0
14:31:29  전방여부:0
14:31:29  위험음성횟수:7
14:31:29  충격음성횟수:1
14:31:29  마지막위험음성:1
14:31:29  RSSI원시:-74
14:31:29  RSSI평활:-78.3
14:31:29  RSSI샘플:2306
14:31:29  RSSI경과ms:85
14:31:29  RSSI구간:1
14:31:29  RSSI거리:12.00
14:31:29  상대보정:1
14:31:29  상대보정중:0
14:31:29  보정동쪽:12.63
14:31:29  보정북쪽:-31.94
14:31:29  위험송신:0
14:31:30  시각ms:256484
14:31:30  IMU시각ms:256483
14:31:30  위험:2
14:31:30  원시위험:0
14:31:30  GPS유효:1
14:31:30  위도:37.496548
14:31:30  경도:126.957984
14:31:30  속도:1.10
14:31:30  방향:192.3
14:31:30  이동방향유효:1
14:31:30  GPS이동방향:192.3
14:31:30  차체방향유효:1
14:31:30  차체방향:237.0
14:31:30  후진판정:0
14:31:30  IMU요회전속도:0.00
14:31:30  방향가속도크기:8.56
14:31:30  방향자이로크기:24.74
14:31:30  방향자세cos:0.9059
14:31:30  자기모델잔차:17.17
14:31:30  자기모델반경:2.691
14:31:30  방향채택:0
14:31:30  방향거부:29205
14:31:30  GPS원시속도:1.075
14:31:30  GPS원시방향유효:1
14:31:30  GPS원시방향:183.4
14:31:30  가속도:1.04,3.73,7.64
14:31:30  자이로:23.9,4.8,-4.2
14:31:30  자력계:-50.700,29.850,9.300
14:31:30  충격값:1.81
14:31:30  충격피크:1.92
14:31:30  마지막충격발생값:111.97
14:31:30  마지막충격발생ms:136944
14:31:30  송신:2427
14:31:30  지팡이수신:2308
14:31:30  GPS위성:9
14:31:30  GPS_HDOP:1.00
14:31:30  원시위도:37.496549
14:31:30  원시경도:126.957984
14:31:30  GPS채택:1110
14:31:30  GPS이상치거부:24
14:31:30  GPS품질거부:2
14:31:30  GPS재기준:0
14:31:30  계산거리:-1.00
14:31:30  접근속도:0.00
14:31:30  TTC:999.00
14:31:30  방향오차:0.0
14:31:30  전방여부:0
14:31:30  위험음성횟수:8
14:31:30  충격음성횟수:1
14:31:30  마지막위험음성:2
14:31:30  RSSI원시:-78
14:31:30  RSSI평활:-77.7
14:31:30  RSSI샘플:2308
14:31:30  RSSI경과ms:171
14:31:30  RSSI구간:1
14:31:30  RSSI거리:11.88
14:31:30  상대보정:1
14:31:30  상대보정중:0
14:31:30  보정동쪽:12.63
14:31:30  보정북쪽:-31.94
14:31:30  위험송신:0
14:31:30  시각ms:256585
14:31:30  IMU시각ms:256584
14:31:30  위험:2
14:31:30  원시위험:0
14:31:30  GPS유효:1
14:31:30  위도:37.496547
14:31:30  경도:126.957984
14:31:30  속도:1.10
14:31:30  방향:192.3
14:31:30  이동방향유효:1
14:31:30  GPS이동방향:192.3
14:31:30  차체방향유효:1
14:31:30  차체방향:236.7
14:31:30  후진판정:0
14:31:30  IMU요회전속도:-12.85
14:31:30  방향가속도크기:8.13
14:31:30  방향자이로크기:20.17
14:31:30  방향자세cos:0.9202
14:31:30  자기모델잔차:17.17
14:31:30  자기모델반경:2.691
14:31:30  방향채택:0
14:31:30  방향거부:29217
14:31:30  GPS원시속도:1.075
14:31:30  GPS원시방향유효:1
14:31:30  GPS원시방향:183.4
14:31:30  가속도:0.89,3.30,7.37
14:31:30  자이로:-6.9,-4.9,18.3
14:31:30  자력계:-49.800,30.450,8.400
14:31:30  충격값:1.31
14:31:30  충격피크:2.78
14:31:30  마지막충격발생값:111.97
14:31:30  마지막충격발생ms:136944
14:31:30  송신:2428
14:31:30  지팡이수신:2309
14:31:30  GPS위성:9
14:31:30  GPS_HDOP:1.00
14:31:30  원시위도:37.496549
14:31:30  원시경도:126.957984
14:31:30  GPS채택:1110
14:31:30  GPS이상치거부:24
14:31:30  GPS품질거부:2
14:31:30  GPS재기준:0
14:31:30  계산거리:-1.00
14:31:30  접근속도:0.00
14:31:30  TTC:999.00
14:31:30  방향오차:0.0
14:31:30  전방여부:0
14:31:30  위험음성횟수:8
14:31:30  충격음성횟수:1
14:31:30  마지막위험음성:2
14:31:30  RSSI원시:-78
14:31:30  RSSI평활:-77.8
14:31:30  RSSI샘플:2309
14:31:30  RSSI경과ms:62
14:31:30  RSSI구간:1
14:31:30  RSSI거리:11.95
14:31:30  상대보정:1
14:31:30  상대보정중:0
14:31:30  보정동쪽:12.63
14:31:30  보정북쪽:-31.94
14:31:30  위험송신:0
14:31:30  시각ms:256687
14:31:30  IMU시각ms:256686
14:31:30  위험:2
14:31:30  원시위험:0
14:31:30  GPS유효:1
14:31:30  위도:37.496547
14:31:30  경도:126.957983
14:31:30  속도:1.04
14:31:30  방향:190.3
14:31:30  이동방향유효:1
14:31:30  GPS이동방향:190.3
14:31:30  차체방향유효:1
14:31:30  차체방향:227.9
14:31:30  후진판정:0
14:31:30  IMU요회전속도:-47.55
14:31:30  방향가속도크기:12.77
14:31:30  방향자이로크기:53.11
14:31:30  방향자세cos:0.9001
14:31:30  자기모델잔차:17.17
14:31:30  자기모델반경:2.691
14:31:30  방향채택:0
14:31:30  방향거부:29229
14:31:30  GPS원시속도:0.977
14:31:30  GPS원시방향유효:1
14:31:30  GPS원시방향:186.7
14:31:30  가속도:1.09,5.42,11.52
14:31:30  자이로:-13.7,15.3,49.0
14:31:30  자력계:-49.950,27.150,8.250
14:31:30  충격값:3.52
14:31:30  충격피크:3.52
14:31:30  마지막충격발생값:111.97
14:31:30  마지막충격발생ms:136944
14:31:30  송신:2429
14:31:30  지팡이수신:2310
14:31:30  GPS위성:9
14:31:30  GPS_HDOP:1.00
14:31:30  원시위도:37.496548
14:31:30  원시경도:126.957983
14:31:30  GPS채택:1111
14:31:30  GPS이상치거부:24
14:31:30  GPS품질거부:2
14:31:30  GPS재기준:0
14:31:30  계산거리:-1.00
14:31:30  접근속도:0.00
14:31:30  TTC:999.00
14:31:30  방향오차:0.0
14:31:30  전방여부:0
14:31:30  위험음성횟수:8
14:31:30  충격음성횟수:1
14:31:30  마지막위험음성:2
14:31:30  RSSI원시:-74
14:31:30  RSSI평활:-77.0
14:31:30  RSSI샘플:2310
14:31:30  RSSI경과ms:56
14:31:30  RSSI구간:1
14:31:30  RSSI거리:11.12
14:31:30  상대보정:1
14:31:30  상대보정중:0
14:31:30  보정동쪽:12.63
14:31:30  보정북쪽:-31.94
14:31:30  위험송신:0
14:31:30  시각ms:256892
14:31:30  IMU시각ms:256891
14:31:30  위험:2
14:31:30  원시위험:0
14:31:30  GPS유효:1
14:31:30  위도:37.496545
14:31:30  경도:126.957983
14:31:30  속도:1.05
14:31:30  방향:188.6
14:31:30  이동방향유효:1
14:31:30  GPS이동방향:188.6
14:31:30  차체방향유효:1
14:31:30  차체방향:215.2
14:31:30  후진판정:0
14:31:30  IMU요회전속도:-36.69
14:31:30  방향가속도크기:9.18
14:31:30  방향자이로크기:40.40
14:31:30  방향자세cos:0.9694
14:31:30  자기모델잔차:17.78
14:31:30  자기모델반경:2.516
14:31:30  방향채택:0
14:31:30  방향거부:29252
14:31:30  GPS원시속도:1.060
14:31:30  GPS원시방향유효:1
14:31:30  GPS원시방향:185.3
14:31:30  가속도:0.45,2.53,8.82
14:31:30  자이로:-5.4,20.2,34.6
14:31:30  자력계:-48.000,22.800,10.050
14:31:30  충격값:1.17
14:31:30  충격피크:5.70
14:31:30  마지막충격발생값:111.97
14:31:30  마지막충격발생ms:136944
14:31:30  송신:2431
14:31:30  지팡이수신:2311
14:31:30  GPS위성:9
14:31:30  GPS_HDOP:1.00
14:31:30  원시위도:37.496546
14:31:30  원시경도:126.957983
14:31:30  GPS채택:1112
14:31:30  GPS이상치거부:24
14:31:30  GPS품질거부:2
14:31:30  GPS재기준:0
14:31:30  계산거리:-1.00
14:31:30  접근속도:0.00
14:31:30  TTC:999.00
14:31:30  방향오차:0.0
14:31:30  전방여부:0
14:31:30  위험음성횟수:8
14:31:30  충격음성횟수:1
14:31:30  마지막위험음성:2
14:31:30  RSSI원시:-79
14:31:30  RSSI평활:-77.4
14:31:30  RSSI샘플:2311
14:31:30  RSSI경과ms:159
14:31:30  RSSI구간:1
14:31:30  RSSI거리:11.55
14:31:30  상대보정:1
14:31:30  상대보정중:0
14:31:30  보정동쪽:12.63
14:31:30  보정북쪽:-31.94
14:31:30  위험송신:0
14:31:30  시각ms:257000
14:31:30  IMU시각ms:256999
14:31:30  위험:2
14:31:30  원시위험:0
14:31:30  GPS유효:1
14:31:30  위도:37.496544
14:31:30  경도:126.957983
14:31:30  속도:1.18
14:31:30  방향:184.0
14:31:30  이동방향유효:1
14:31:30  GPS이동방향:184.0
14:31:30  차체방향유효:1
14:31:30  차체방향:209.1
14:31:30  후진판정:0
14:31:30  IMU요회전속도:-4.92
14:31:30  방향가속도크기:8.29
14:31:30  방향자이로크기:27.85
14:31:30  방향자세cos:0.9767
14:31:30  자기모델잔차:19.57
14:31:30  자기모델반경:2.455
14:31:30  방향채택:0
14:31:30  방향거부:29265
14:31:30  GPS원시속도:1.312
14:31:30  GPS원시방향유효:1
14:31:30  GPS원시방향:175.4
14:31:30  가속도:0.79,1.75,8.06
14:31:30  자이로:-26.1,-1.5,9.7
14:31:30  자력계:-47.850,20.250,12.150
14:31:30  충격값:1.84
14:31:30  충격피크:2.13
14:31:30  마지막충격발생값:111.97
14:31:30  마지막충격발생ms:136944
14:31:30  송신:2432
14:31:30  지팡이수신:2311
14:31:30  GPS위성:9
14:31:30  GPS_HDOP:1.00
14:31:30  원시위도:37.496544
14:31:30  원시경도:126.957983
14:31:30  GPS채택:1113
14:31:30  GPS이상치거부:24
14:31:30  GPS품질거부:2
14:31:30  GPS재기준:0
14:31:30  계산거리:-1.00
14:31:30  접근속도:0.00
14:31:30  TTC:999.00
14:31:30  방향오차:0.0
14:31:30  전방여부:0
14:31:30  위험음성횟수:8
14:31:30  충격음성횟수:1
14:31:30  마지막위험음성:2
14:31:30  RSSI원시:-79
14:31:30  RSSI평활:-77.4
14:31:30  RSSI샘플:2311
14:31:30  RSSI경과ms:267
14:31:30  RSSI구간:1
14:31:30  RSSI거리:11.55
14:31:30  상대보정:1
14:31:30  상대보정중:0
14:31:30  보정동쪽:12.63
14:31:30  보정북쪽:-31.94
14:31:30  위험송신:0
14:31:30  시각ms:257100
14:31:30  IMU시각ms:257099
14:31:30  위험:2
14:31:30  원시위험:0
14:31:30  GPS유효:1
14:31:30  위도:37.496543
14:31:30  경도:126.957983
14:31:30  속도:1.18
14:31:30  방향:184.0
14:31:30  이동방향유효:1
14:31:30  GPS이동방향:184.0
14:31:30  차체방향유효:1
14:31:30  차체방향:209.4
14:31:30  후진판정:0
14:31:30  IMU요회전속도:9.67
14:31:30  방향가속도크기:9.72
14:31:30  방향자이로크기:23.58
14:31:30  방향자세cos:0.9966
14:31:30  자기모델잔차:18.59
14:31:30  자기모델반경:2.451
14:31:30  방향채택:0
14:31:30  방향거부:29277
14:31:30  GPS원시속도:1.312
14:31:30  GPS원시방향유효:1
14:31:30  GPS원시방향:175.4
14:31:30  가속도:0.18,-0.02,9.72
14:31:30  자이로:-16.3,-14.8,-8.4
14:31:30  자력계:-49.050,18.300,11.400
14:31:30  충격값:2.95
14:31:30  충격피크:3.02
14:31:30  마지막충격발생값:111.97
14:31:30  마지막충격발생ms:136944
14:31:30  송신:2433
14:31:30  지팡이수신:2312
14:31:30  GPS위성:9
14:31:30  GPS_HDOP:1.00
14:31:30  원시위도:37.496544
14:31:30  원시경도:126.957983
14:31:30  GPS채택:1113
14:31:30  GPS이상치거부:24
14:31:30  GPS품질거부:2
14:31:30  GPS재기준:0
14:31:30  계산거리:-1.00
14:31:30  접근속도:0.00
14:31:30  TTC:999.00
14:31:30  방향오차:0.0
14:31:30  전방여부:0
14:31:30  위험음성횟수:8
14:31:30  충격음성횟수:1
14:31:30  마지막위험음성:2
14:31:30  RSSI원시:-77
14:31:30  RSSI평활:-77.3
14:31:30  RSSI샘플:2312
14:31:30  RSSI경과ms:51
14:31:30  RSSI구간:1
14:31:30  RSSI거리:11.46
14:31:30  상대보정:1
14:31:30  상대보정중:0
14:31:30  보정동쪽:12.63
14:31:30  보정북쪽:-31.94
14:31:30  위험송신:0
14:31:30  시각ms:257202
14:31:30  IMU시각ms:257201
14:31:30  위험:2
14:31:30  원시위험:0
14:31:30  GPS유효:1
14:31:30  위도:37.496542
14:31:30  경도:126.957984
14:31:30  속도:1.31
14:31:30  방향:177.5
14:31:30  이동방향유효:1
14:31:30  GPS이동방향:177.5
14:31:30  차체방향유효:1
14:31:30  차체방향:206.7
14:31:30  후진판정:0
14:31:30  IMU요회전속도:20.92
14:31:30  방향가속도크기:11.44
14:31:30  방향자이로크기:27.22
14:31:30  방향자세cos:0.9872
14:31:30  자기모델잔차:17.32
14:31:30  자기모델반경:2.490
14:31:30  방향채택:0
14:31:30  방향거부:29289
14:31:30  GPS원시속도:1.430
14:31:30  GPS원시방향유효:1
14:31:30  GPS원시방향:165.4
14:31:30  가속도:0.35,2.16,11.23
14:31:30  자이로:-3.7,-17.7,-20.3
14:31:30  자력계:-49.950,18.900,10.050
14:31:30  충격값:1.92
14:31:30  충격피크:2.51
14:31:30  마지막충격발생값:111.97
14:31:30  마지막충격발생ms:136944
14:31:30  송신:2434
14:31:30  지팡이수신:2313
14:31:30  GPS위성:9
14:31:30  GPS_HDOP:1.00
14:31:30  원시위도:37.496542
14:31:30  원시경도:126.957985
14:31:30  GPS채택:1114
14:31:30  GPS이상치거부:24
14:31:30  GPS품질거부:2
14:31:30  GPS재기준:0
14:31:30  계산거리:-1.00
14:31:30  접근속도:0.00
14:31:30  TTC:999.00
14:31:30  방향오차:0.0
14:31:30  전방여부:0
14:31:30  위험음성횟수:8
14:31:30  충격음성횟수:1
14:31:30  마지막위험음성:2
14:31:30  RSSI원시:-82
14:31:30  RSSI평활:-78.3
14:31:30  RSSI샘플:2313
14:31:30  RSSI경과ms:47
14:31:30  RSSI구간:1
14:31:30  RSSI거리:12.00
14:31:30  상대보정:1
14:31:30  상대보정중:0
14:31:30  보정동쪽:12.63
14:31:30  보정북쪽:-31.94
14:31:30  위험송신:0
14:31:30  시각ms:257302
14:31:30  IMU시각ms:257301
14:31:30  위험:2
14:31:30  원시위험:0
14:31:30  GPS유효:1
14:31:30  위도:37.496541
14:31:30  경도:126.957984
14:31:30  속도:1.31
14:31:30  방향:177.5
14:31:30  이동방향유효:1
14:31:30  GPS이동방향:177.5
14:31:30  차체방향유효:1
14:31:30  차체방향:208.3
14:31:30  후진판정:0
14:31:30  IMU요회전속도:0.00
14:31:30  방향가속도크기:10.92
14:31:30  방향자이로크기:21.58
14:31:30  방향자세cos:0.9861
14:31:30  자기모델잔차:15.77
14:31:30  자기모델반경:2.505
14:31:30  방향채택:0
14:31:30  방향거부:29301
14:31:30  GPS원시속도:1.430
14:31:30  GPS원시방향유효:1
14:31:30  GPS원시방향:165.4
14:31:30  가속도:-0.93,2.29,10.64
14:31:30  자이로:13.0,16.7,-4.3
14:31:30  자력계:-50.700,18.450,8.550
14:31:30  충격값:1.49
14:31:30  충격피크:3.74
14:31:30  마지막충격발생값:111.97
14:31:30  마지막충격발생ms:136944
14:31:30  송신:2435
14:31:30  지팡이수신:2314
14:31:30  GPS위성:9
14:31:30  GPS_HDOP:1.00
14:31:30  원시위도:37.496542
14:31:30  원시경도:126.957985
14:31:30  GPS채택:1114
14:31:30  GPS이상치거부:24
14:31:30  GPS품질거부:2
14:31:30  GPS재기준:0
14:31:30  계산거리:-1.00
14:31:30  접근속도:0.00
14:31:30  TTC:999.00
14:31:30  방향오차:0.0
14:31:30  전방여부:0
14:31:30  위험음성횟수:8
14:31:30  충격음성횟수:1
14:31:30  마지막위험음성:2
14:31:30  RSSI원시:-77
14:31:30  RSSI평활:-78.0
14:31:30  RSSI샘플:2314
14:31:30  RSSI경과ms:42
14:31:30  RSSI구간:1
14:31:30  RSSI거리:12.00
14:31:30  상대보정:1
14:31:30  상대보정중:0
14:31:30  보정동쪽:12.63
14:31:30  보정북쪽:-31.94
14:31:30  위험송신:0
14:31:31  시각ms:257509
14:31:31  IMU시각ms:257508
14:31:31  위험:2
14:31:31  원시위험:0
14:31:31  GPS유효:1
14:31:31  위도:37.496539
14:31:31  경도:126.957985
14:31:31  속도:1.33
14:31:31  방향:171.2
14:31:31  이동방향유효:1
14:31:31  GPS이동방향:171.2
14:31:31  차체방향유효:1
14:31:31  차체방향:205.2
14:31:31  후진판정:0
14:31:31  IMU요회전속도:10.19
14:31:31  방향가속도크기:8.08
14:31:31  방향자이로크기:30.58
14:31:31  방향자세cos:0.9580
14:31:31  자기모델잔차:17.99
14:31:31  자기모델반경:2.519
14:31:31  방향채택:0
14:31:31  방향거부:29326
14:31:31  GPS원시속도:1.353
14:31:31  GPS원시방향유효:1
14:31:31  GPS원시방향:159.6
14:31:31  가속도:1.46,1.83,7.74
14:31:31  자이로:-12.7,-27.1,-6.3
14:31:31  자력계:-51.750,20.550,10.950
14:31:31  충격값:1.77
14:31:31  충격피크:3.62
14:31:31  마지막충격발생값:111.97
14:31:31  마지막충격발생ms:136944
14:31:31  송신:2437
14:31:31  지팡이수신:2315
14:31:31  GPS위성:9
14:31:31  GPS_HDOP:1.00
14:31:31  원시위도:37.496540
14:31:31  원시경도:126.957985
14:31:31  GPS채택:1115
14:31:31  GPS이상치거부:24
14:31:31  GPS품질거부:2
14:31:31  GPS재기준:0
14:31:31  계산거리:-1.00
14:31:31  접근속도:0.00
14:31:31  TTC:999.00
14:31:31  방향오차:0.0
14:31:31  전방여부:0
14:31:31  위험음성횟수:8
14:31:31  충격음성횟수:1
14:31:31  마지막위험음성:2
14:31:31  RSSI원시:-82
14:31:31  RSSI평활:-78.8
14:31:31  RSSI샘플:2315
14:31:31  RSSI경과ms:140
14:31:31  RSSI구간:1
14:31:31  RSSI거리:12.00
14:31:31  상대보정:1
14:31:31  상대보정중:0
14:31:31  보정동쪽:12.63
14:31:31  보정북쪽:-31.94
14:31:31  위험송신:0
14:31:31  시각ms:257710
14:31:31  IMU시각ms:257709
14:31:31  위험:2
14:31:31  원시위험:0
14:31:31  GPS유효:1
14:31:31  위도:37.496536
14:31:31  경도:126.957986
14:31:31  속도:1.35
14:31:31  방향:165.7
14:31:31  이동방향유효:1
14:31:31  GPS이동방향:165.7
14:31:31  차체방향유효:1
14:31:31  차체방향:199.4
14:31:31  후진판정:0
14:31:31  IMU요회전속도:-21.67
14:31:31  방향가속도크기:12.54
14:31:31  방향자이로크기:27.08
14:31:31  방향자세cos:0.9369
14:31:31  자기모델잔차:18.06
14:31:31  자기모델반경:2.531
14:31:31  방향채택:0
14:31:31  방향거부:29350
14:31:31  GPS원시속도:1.374
14:31:31  GPS원시방향유효:1
14:31:31  GPS원시방향:155.6
14:31:31  가속도:1.30,4.56,11.61
14:31:31  자이로:1.1,18.0,20.2
14:31:31  자력계:-51.300,17.850,9.900
14:31:31  충격값:2.97
14:31:31  충격피크:2.97
14:31:31  마지막충격발생값:111.97
14:31:31  마지막충격발생ms:136944
14:31:31  송신:2439
14:31:31  지팡이수신:2316
14:31:31  GPS위성:9
14:31:31  GPS_HDOP:1.00
14:31:31  원시위도:37.496538
14:31:31  원시경도:126.957986
14:31:31  GPS채택:1116
14:31:31  GPS이상치거부:24
14:31:31  GPS품질거부:2
14:31:31  GPS재기준:0
14:31:31  계산거리:-1.00
14:31:31  접근속도:0.00
14:31:31  TTC:999.00
14:31:31  방향오차:0.0
14:31:31  전방여부:0
14:31:31  위험음성횟수:8
14:31:31  충격음성횟수:1
14:31:31  마지막위험음성:2
14:31:31  RSSI원시:-81
14:31:31  RSSI평활:-79.2
14:31:31  RSSI샘플:2316
14:31:31  RSSI경과ms:28
14:31:31  RSSI구간:1
14:31:31  RSSI거리:12.00
14:31:31  상대보정:1
14:31:31  상대보정중:0
14:31:31  보정동쪽:12.63
14:31:31  보정북쪽:-31.94
14:31:31  위험송신:0
14:31:31  시각ms:257922
14:31:31  IMU시각ms:257921
14:31:31  위험:2
14:31:31  원시위험:0
14:31:31  GPS유효:1
14:31:31  위도:37.496535
14:31:31  경도:126.957987
14:31:31  속도:1.30
14:31:31  방향:161.4
14:31:31  이동방향유효:1
14:31:31  GPS이동방향:161.4
14:31:31  차체방향유효:1
14:31:31  차체방향:189.5
14:31:31  후진판정:0
14:31:31  IMU요회전속도:-4.58
14:31:31  방향가속도크기:7.89
14:31:31  방향자이로크기:21.08
14:31:31  방향자세cos:0.9790
14:31:31  자기모델잔차:16.74
14:31:31  자기모델반경:2.402
14:31:31  방향채택:0
14:31:31  방향거부:29374
14:31:31  GPS원시속도:1.250
14:31:31  GPS원시방향유효:1
14:31:31  GPS원시방향:153.3
14:31:31  가속도:0.24,1.88,7.66
14:31:31  자이로:-18.9,-0.8,9.2
14:31:31  자력계:-49.350,15.150,9.900
14:31:31  충격값:1.76
14:31:31  충격피크:3.21
14:31:31  마지막충격발생값:111.97
14:31:31  마지막충격발생ms:136944
14:31:31  송신:2441
14:31:31  지팡이수신:2318
14:31:31  GPS위성:9
14:31:31  GPS_HDOP:1.00
14:31:31  원시위도:37.496537
14:31:31  원시경도:126.957987
14:31:31  GPS채택:1117
14:31:31  GPS이상치거부:24
14:31:31  GPS품질거부:2
14:31:31  GPS재기준:0
14:31:31  계산거리:-1.00
14:31:31  접근속도:0.00
14:31:31  TTC:999.00
14:31:31  방향오차:0.0
14:31:31  전방여부:0
14:31:31  위험음성횟수:8
14:31:31  충격음성횟수:1
14:31:31  마지막위험음성:2
14:31:31  RSSI원시:-83
14:31:31  RSSI평활:-79.5
14:31:31  RSSI샘플:2318
14:31:31  RSSI경과ms:29
14:31:31  RSSI구간:1
14:31:31  RSSI거리:12.00
14:31:31  상대보정:1
14:31:31  상대보정중:0
14:31:31  보정동쪽:12.63
14:31:31  보정북쪽:-31.94
14:31:31  위험송신:0
14:31:31  시각ms:258131
14:31:31  IMU시각ms:258130
14:31:31  위험:2
14:31:31  원시위험:0
14:31:31  GPS유효:1
14:31:31  위도:37.496533
14:31:31  경도:126.957987
14:31:31  속도:1.32
14:31:31  방향:160.7
14:31:31  이동방향유효:1
14:31:31  GPS이동방향:160.7
14:31:31  차체방향유효:1
14:31:31  차체방향:188.1
14:31:31  후진판정:0
14:31:31  IMU요회전속도:27.08
14:31:31  방향가속도크기:11.93
14:31:31  방향자이로크기:31.42
14:31:31  방향자세cos:0.9886
14:31:31  자기모델잔차:16.41
14:31:31  자기모델반경:2.435
14:31:31  방향채택:0
14:31:31  방향거부:29399
14:31:31  GPS원시속도:1.332
14:31:31  GPS원시방향유효:1
14:31:31  GPS원시방향:159.4
14:31:31  가속도:0.53,2.03,11.74
14:31:31  자이로:-9.7,-4.8,-29.5
14:31:31  자력계:-49.800,16.200,9.450
14:31:31  충격값:2.44
14:31:31  충격피크:3.23
14:31:31  마지막충격발생값:111.97
14:31:31  마지막충격발생ms:136944
14:31:31  송신:2443
14:31:31  지팡이수신:2318
14:31:31  GPS위성:9
14:31:31  GPS_HDOP:1.00
14:31:31  원시위도:37.496535
14:31:31  원시경도:126.957986
14:31:31  GPS채택:1118
14:31:31  GPS이상치거부:24
14:31:31  GPS품질거부:2
14:31:31  GPS재기준:0
14:31:31  계산거리:-1.00
14:31:31  접근속도:0.00
14:31:31  TTC:999.00
14:31:31  방향오차:0.0
14:31:31  전방여부:0
14:31:31  위험음성횟수:8
14:31:31  충격음성횟수:1
14:31:31  마지막위험음성:2
14:31:31  RSSI원시:-83
14:31:31  RSSI평활:-79.5
14:31:31  RSSI샘플:2318
14:31:31  RSSI경과ms:238
14:31:31  RSSI구간:1
14:31:31  RSSI거리:12.00
14:31:31  상대보정:1
14:31:31  상대보정중:0
14:31:31  보정동쪽:12.63
14:31:31  보정북쪽:-31.94
14:31:31  위험송신:0
14:31:31  시각ms:258332
14:31:31  IMU시각ms:258331
14:31:31  위험:2
14:31:31  원시위험:0
14:31:31  GPS유효:1
14:31:31  위도:37.496531
14:31:31  경도:126.957987
14:31:31  속도:1.34
14:31:31  방향:161.3
14:31:31  이동방향유효:1
14:31:31  GPS이동방향:161.3
14:31:31  차체방향유효:1
14:31:31  차체방향:189.0
14:31:31  후진판정:0
14:31:31  IMU요회전속도:2.09
14:31:31  방향가속도크기:8.87
14:31:31  방향자이로크기:18.71
14:31:31  방향자세cos:0.9813
14:31:31  자기모델잔차:18.09
14:31:31  자기모델반경:2.506
14:31:31  방향채택:0
14:31:31  방향거부:29423
14:31:31  GPS원시속도:1.368
14:31:31  GPS원시방향유효:1
14:31:31  GPS원시방향:162.4
14:31:31  가속도:0.61,1.81,8.66
14:31:31  자이로:-12.4,12.0,-7.3
14:31:31  자력계:-50.400,19.200,10.800
14:31:31  충격값:1.04
14:31:31  충격피크:1.04
14:31:31  마지막충격발생값:111.97
14:31:31  마지막충격발생ms:136944
14:31:31  송신:2445
14:31:31  지팡이수신:2320
14:31:31  GPS위성:9
14:31:31  GPS_HDOP:1.00
14:31:31  원시위도:37.496533
14:31:31  원시경도:126.957986
14:31:31  GPS채택:1119
14:31:31  GPS이상치거부:24
14:31:31  GPS품질거부:2
14:31:31  GPS재기준:0
14:31:31  계산거리:-1.00
14:31:31  접근속도:0.00
14:31:31  TTC:999.00
14:31:31  방향오차:0.0
14:31:31  전방여부:0
14:31:31  위험음성횟수:8
14:31:31  충격음성횟수:1
14:31:31  마지막위험음성:2
14:31:31  RSSI원시:-82
14:31:31  RSSI평활:-80.5
14:31:31  RSSI샘플:2320
14:31:31  RSSI경과ms:17
14:31:31  RSSI구간:1
14:31:31  RSSI거리:12.00
14:31:31  상대보정:1
14:31:31  상대보정중:0
14:31:31  보정동쪽:12.63
14:31:31  보정북쪽:-31.94
14:31:31  위험송신:0
14:31:31  시각ms:258432
14:31:31  IMU시각ms:258431
14:31:31  위험:2
14:31:31  원시위험:0
14:31:31  GPS유효:1
14:31:31  위도:37.496530
14:31:31  경도:126.957987
14:31:31  속도:1.39
14:31:31  방향:163.2
14:31:31  이동방향유효:1
14:31:31  GPS이동방향:163.2
14:31:31  차체방향유효:1
14:31:31  차체방향:186.0
14:31:31  후진판정:0
14:31:31  IMU요회전속도:2.88
14:31:31  방향가속도크기:8.46
14:31:31  방향자이로크기:21.61
14:31:31  방향자세cos:0.9537
14:31:31  자기모델잔차:18.77
14:31:31  자기모델반경:2.425
14:31:31  방향채택:0
14:31:31  방향거부:29435
14:31:31  GPS원시속도:1.430
14:31:31  GPS원시방향유효:1
14:31:31  GPS원시방향:166.8
14:31:31  가속도:-0.43,2.94,7.92
14:31:31  자이로:-20.3,4.2,-6.2
14:31:31  자력계:-49.050,18.600,12.150
14:31:31  충격값:1.96
14:31:31  충격피크:1.96
14:31:31  마지막충격발생값:111.97
14:31:31  마지막충격발생ms:136944
14:31:31  송신:2446
14:31:31  지팡이수신:2320
14:31:31  GPS위성:9
14:31:31  GPS_HDOP:1.00
14:31:31  원시위도:37.496531
14:31:31  원시경도:126.957986
14:31:31  GPS채택:1120
14:31:31  GPS이상치거부:24
14:31:31  GPS품질거부:2
14:31:31  GPS재기준:0
14:31:31  계산거리:-1.00
14:31:31  접근속도:0.00
14:31:31  TTC:999.00
14:31:31  방향오차:0.0
14:31:31  전방여부:0
14:31:31  위험음성횟수:8
14:31:31  충격음성횟수:1
14:31:31  마지막위험음성:2
14:31:31  RSSI원시:-82
14:31:31  RSSI평활:-80.5
14:31:31  RSSI샘플:2320
14:31:31  RSSI경과ms:117
14:31:31  RSSI구간:1
14:31:31  RSSI거리:12.00
14:31:31  상대보정:1
14:31:31  상대보정중:0
14:31:31  보정동쪽:12.63
14:31:31  보정북쪽:-31.94
14:31:31  위험송신:0
14:31:32  시각ms:258544
14:31:32  IMU시각ms:258531
14:31:32  위험:2
14:31:32  원시위험:0
14:31:32  GPS유효:1
14:31:32  위도:37.496529
14:31:32  경도:126.957987
14:31:32  속도:1.39
14:31:32  방향:163.2
14:31:32  이동방향유효:1
14:31:32  GPS이동방향:163.2
14:31:32  차체방향유효:1
14:31:32  차체방향:186.0
14:31:32  후진판정:0
14:31:32  IMU요회전속도:-10.60
14:31:32  방향가속도크기:9.52
14:31:32  방향자이로크기:45.52
14:31:32  방향자세cos:0.9874
14:31:32  자기모델잔차:18.76
14:31:32  자기모델반경:2.470
14:31:32  방향채택:0
14:31:32  방향거부:29447
14:31:32  GPS원시속도:1.430
14:31:32  GPS원시방향유효:1
14:31:32  GPS원시방향:166.8
14:31:32  가속도:0.84,1.43,9.38
14:31:32  자이로:-34.6,-21.5,20.3
14:31:32  자력계:-49.650,18.450,11.550
14:31:32  충격값:0.73
14:31:32  충격피크:1.84
14:31:32  마지막충격발생값:111.97
14:31:32  마지막충격발생ms:136944
14:31:32  송신:2447
14:31:32  지팡이수신:2321
14:31:32  GPS위성:9
14:31:32  GPS_HDOP:1.00
14:31:32  원시위도:37.496531
14:31:32  원시경도:126.957986
14:31:32  GPS채택:1120
14:31:32  GPS이상치거부:24
14:31:32  GPS품질거부:2
14:31:32  GPS재기준:0
14:31:32  계산거리:-1.00
14:31:32  접근속도:0.00
14:31:32  TTC:999.00
14:31:32  방향오차:0.0
14:31:32  전방여부:0
14:31:32  위험음성횟수:8
14:31:32  충격음성횟수:1
14:31:32  마지막위험음성:2
14:31:32  RSSI원시:-78
14:31:32  RSSI평활:-80.0
14:31:32  RSSI샘플:2321
14:31:32  RSSI경과ms:17
14:31:32  RSSI구간:1
14:31:32  RSSI거리:12.00
14:31:32  상대보정:1
14:31:32  상대보정중:0
14:31:32  보정동쪽:12.63
14:31:32  보정북쪽:-31.94
14:31:32  위험송신:0
14:31:32  시각ms:258755
14:31:32  IMU시각ms:258731
14:31:32  위험:2
14:31:32  원시위험:0
14:31:32  GPS유효:1
14:31:32  위도:37.496528
14:31:32  경도:126.957986
14:31:32  속도:1.28
14:31:32  방향:166.0
14:31:32  이동방향유효:1
14:31:32  GPS이동방향:166.0
14:31:32  차체방향유효:1
14:31:32  차체방향:177.2
14:31:32  후진판정:0
14:31:32  IMU요회전속도:-46.52
14:31:32  방향가속도크기:9.97
14:31:32  방향자이로크기:53.07
14:31:32  방향자세cos:0.9794
14:31:32  자기모델잔차:16.65
14:31:32  자기모델반경:2.443
14:31:32  방향채택:0
14:31:32  방향거부:29468
14:31:32  GPS원시속도:1.173
14:31:32  GPS원시방향유효:1
14:31:32  GPS원시방향:171.1
14:31:32  가속도:0.94,2.00,9.73
14:31:32  자이로:23.6,13.3,45.7
14:31:32  자력계:-50.100,11.550,10.200
14:31:32  충격값:0.20
14:31:32  충격피크:1.94
14:31:32  마지막충격발생값:111.97
14:31:32  마지막충격발생ms:136944
14:31:32  송신:2449
14:31:32  지팡이수신:2323
14:31:32  GPS위성:9
14:31:32  GPS_HDOP:1.00
14:31:32  원시위도:37.496530
14:31:32  원시경도:126.957985
14:31:32  GPS채택:1121
14:31:32  GPS이상치거부:24
14:31:32  GPS품질거부:2
14:31:32  GPS재기준:0
14:31:32  계산거리:-1.00
14:31:32  접근속도:0.00
14:31:32  TTC:999.00
14:31:32  방향오차:0.0
14:31:32  전방여부:0
14:31:32  위험음성횟수:8
14:31:32  충격음성횟수:1
14:31:32  마지막위험음성:2
14:31:32  RSSI원시:-85
14:31:32  RSSI평활:-80.5
14:31:32  RSSI샘플:2323
14:31:32  RSSI경과ms:5
14:31:32  RSSI구간:1
14:31:32  RSSI거리:12.00
14:31:32  상대보정:1
14:31:32  상대보정중:0
14:31:32  보정동쪽:12.63
14:31:32  보정북쪽:-31.94
14:31:32  위험송신:0
14:31:32  시각ms:259258
14:31:32  IMU시각ms:259257
14:31:32  위험:2
14:31:32  원시위험:0
14:31:32  GPS유효:1
14:31:32  위도:37.496528
14:31:32  경도:126.957983
14:31:32  속도:0.76
14:31:32  방향:173.6
14:31:32  이동방향유효:1
14:31:32  GPS이동방향:173.6
14:31:32  차체방향유효:1
14:31:32  차체방향:177.2
14:31:32  후진판정:0
14:31:32  IMU요회전속도:26.05
14:31:32  방향가속도크기:14.67
14:31:32  방향자이로크기:44.10
14:31:32  방향자세cos:0.9201
14:31:32  자기모델잔차:16.74
14:31:32  자기모델반경:2.359
14:31:32  방향채택:0
14:31:32  방향거부:29527
14:31:32  GPS원시속도:0.725
14:31:32  GPS원시방향유효:1
14:31:32  GPS원시방향:175.4
14:31:32  가속도:0.06,6.09,13.35
14:31:32  자이로:-32.7,7.4,-28.7
14:31:32  자력계:-49.650,13.350,9.000
14:31:32  충격값:5.56
14:31:32  충격피크:6.19
14:31:32  마지막충격발생값:111.97
14:31:32  마지막충격발생ms:136944
14:31:32  송신:2454
14:31:32  지팡이수신:2326
14:31:32  GPS위성:9
14:31:32  GPS_HDOP:1.00
14:31:32  원시위도:37.496529
14:31:32  원시경도:126.957983
14:31:32  GPS채택:1124
14:31:32  GPS이상치거부:24
14:31:32  GPS품질거부:2
14:31:32  GPS재기준:0
14:31:32  계산거리:-1.00
14:31:32  접근속도:0.00
14:31:32  TTC:999.00
14:31:32  방향오차:0.0
14:31:32  전방여부:0
14:31:32  위험음성횟수:8
14:31:32  충격음성횟수:1
14:31:32  마지막위험음성:2
14:31:32  RSSI원시:-82
14:31:32  RSSI평활:-80.1
14:31:32  RSSI샘플:2326
14:31:32  RSSI경과ms:99
14:31:32  RSSI구간:1
14:31:32  RSSI거리:12.00
14:31:32  상대보정:1
14:31:32  상대보정중:0
14:31:32  보정동쪽:12.63
14:31:32  보정북쪽:-31.94
14:31:32  위험송신:0
14:31:32  시각ms:259460
14:31:32  IMU시각ms:259459
14:31:32  위험:2
14:31:32  원시위험:0
14:31:32  GPS유효:1
14:31:32  위도:37.496527
14:31:32  경도:126.957983
14:31:32  속도:0.77
14:31:32  방향:173.6
14:31:32  이동방향유효:1
14:31:32  GPS이동방향:173.6
14:31:32  차체방향유효:1
14:31:32  차체방향:177.1
14:31:32  후진판정:0
14:31:32  IMU요회전속도:0.00
14:31:32  방향가속도크기:9.08
14:31:32  방향자이로크기:11.77
14:31:32  방향자세cos:0.9659
14:31:32  자기모델잔차:16.77
14:31:32  자기모델반경:2.391
14:31:32  방향채택:0
14:31:32  방향거부:29551
14:31:32  GPS원시속도:0.782
14:31:32  GPS원시방향유효:1
14:31:32  GPS원시방향:173.5
14:31:32  가속도:1.84,1.14,8.82
14:31:32  자이로:-9.5,-6.5,2.7
14:31:32  자력계:-49.650,14.100,10.050
14:31:32  충격값:0.95
14:31:32  충격피크:3.56
14:31:32  마지막충격발생값:111.97
14:31:32  마지막충격발생ms:136944
14:31:32  송신:2456
14:31:32  지팡이수신:2328
14:31:32  GPS위성:9
14:31:32  GPS_HDOP:1.00
14:31:32  원시위도:37.496528
14:31:32  원시경도:126.957983
14:31:32  GPS채택:1125
14:31:32  GPS이상치거부:24
14:31:32  GPS품질거부:2
14:31:32  GPS재기준:0
14:31:32  계산거리:-1.00
14:31:32  접근속도:0.00
14:31:32  TTC:999.00
14:31:32  방향오차:0.0
14:31:32  전방여부:0
14:31:32  위험음성횟수:8
14:31:32  충격음성횟수:1
14:31:32  마지막위험음성:2
14:31:32  RSSI원시:-82
14:31:32  RSSI평활:-80.4
14:31:32  RSSI샘플:2328
14:31:32  RSSI경과ms:90
14:31:32  RSSI구간:1
14:31:32  RSSI거리:12.00
14:31:32  상대보정:1
14:31:32  상대보정중:0
14:31:32  보정동쪽:12.63
14:31:32  보정북쪽:-31.94
14:31:32  위험송신:0
14:31:33  시각ms:259560
14:31:33  IMU시각ms:259559
14:31:33  위험:2
14:31:33  원시위험:0
14:31:33  GPS유효:1
14:31:33  위도:37.496526
14:31:33  경도:126.957983
14:31:33  속도:0.77
14:31:33  방향:173.6
14:31:33  이동방향유효:1
14:31:33  GPS이동방향:173.6
14:31:33  차체방향유효:1
14:31:33  차체방향:176.5
14:31:33  후진판정:0
14:31:33  IMU요회전속도:-12.24
14:31:33  방향가속도크기:11.14
14:31:33  방향자이로크기:21.24
14:31:33  방향자세cos:0.9874
14:31:33  자기모델잔차:15.20
14:31:33  자기모델반경:2.421
14:31:33  방향채택:0
14:31:33  방향거부:29563
14:31:33  GPS원시속도:0.782
14:31:33  GPS원시방향유효:1
14:31:33  GPS원시방향:173.5
14:31:33  가속도:0.90,1.61,10.98
14:31:33  자이로:11.5,-9.3,15.3
14:31:33  자력계:-51.750,12.300,8.700
14:31:33  충격값:1.63
14:31:33  충격피크:2.16
14:31:33  마지막충격발생값:111.97
14:31:33  마지막충격발생ms:136944
14:31:33  송신:2457
14:31:33  지팡이수신:2329
14:31:33  GPS위성:9
14:31:33  GPS_HDOP:1.00
14:31:33  원시위도:37.496528
14:31:33  원시경도:126.957983
14:31:33  GPS채택:1125
14:31:33  GPS이상치거부:24
14:31:33  GPS품질거부:2
14:31:33  GPS재기준:0
14:31:33  계산거리:-1.00
14:31:33  접근속도:0.00
14:31:33  TTC:999.00
14:31:33  방향오차:0.0
14:31:33  전방여부:0
14:31:33  위험음성횟수:8
14:31:33  충격음성횟수:1
14:31:33  마지막위험음성:2
14:31:33  RSSI원시:-80
14:31:33  RSSI평활:-80.4
14:31:33  RSSI샘플:2329
14:31:33  RSSI경과ms:84
14:31:33  RSSI구간:1
14:31:33  RSSI거리:12.00
14:31:33  상대보정:1
14:31:33  상대보정중:0
14:31:33  보정동쪽:12.63
14:31:33  보정북쪽:-31.94
14:31:33  위험송신:0
14:31:33  시각ms:259765
14:31:33  IMU시각ms:259764
14:31:33  위험:2
14:31:33  원시위험:0
14:31:33  GPS유효:1
14:31:33  위도:37.496525
14:31:33  경도:126.957983
14:31:33  속도:0.78
14:31:33  방향:172.4
14:31:33  이동방향유효:1
14:31:33  GPS이동방향:172.4
14:31:33  차체방향유효:1
14:31:33  차체방향:172.2
14:31:33  후진판정:0
14:31:33  IMU요회전속도:-23.93
14:31:33  방향가속도크기:9.26
14:31:33  방향자이로크기:31.80
14:31:33  방향자세cos:0.9539
14:31:33  자기모델잔차:16.75
14:31:33  자기모델반경:2.364
14:31:33  방향채택:0
14:31:33  방향거부:29586
14:31:33  GPS원시속도:0.787
14:31:33  GPS원시방향유효:1
14:31:33  GPS원시방향:170.3
14:31:33  가속도:2.34,-0.02,8.96
14:31:33  자이로:-4.4,19.8,24.5
14:31:33  자력계:-50.700,10.200,9.000
14:31:33  충격값:2.07
14:31:33  충격피크:3.18
14:31:33  마지막충격발생값:111.97
14:31:33  마지막충격발생ms:136944
14:31:33  송신:2459
14:31:33  지팡이수신:2330
14:31:33  GPS위성:9
14:31:33  GPS_HDOP:1.00
14:31:33  원시위도:37.496527
14:31:33  원시경도:126.957983
14:31:33  GPS채택:1126
14:31:33  GPS이상치거부:24
14:31:33  GPS품질거부:2
14:31:33  GPS재기준:0
14:31:33  계산거리:-1.00
14:31:33  접근속도:0.00
14:31:33  TTC:999.00
14:31:33  방향오차:0.0
14:31:33  전방여부:0
14:31:33  위험음성횟수:8
14:31:33  충격음성횟수:1
14:31:33  마지막위험음성:2
14:31:33  RSSI원시:-78
14:31:33  RSSI평활:-79.9
14:31:33  RSSI샘플:2330
14:31:33  RSSI경과ms:183
14:31:33  RSSI구간:1
14:31:33  RSSI거리:12.00
14:31:33  상대보정:1
14:31:33  상대보정중:0
14:31:33  보정동쪽:12.63
14:31:33  보정북쪽:-31.94
14:31:33  위험송신:0
14:31:33  시각ms:259868
14:31:33  IMU시각ms:259866
14:31:33  위험:3
14:31:33  원시위험:0
14:31:33  GPS유효:1
14:31:33  위도:37.496524
14:31:33  경도:126.957983
14:31:33  속도:0.84
14:31:33  방향:173.2
14:31:33  이동방향유효:1
14:31:33  GPS이동방향:173.2
14:31:33  차체방향유효:1
14:31:33  차체방향:170.2
14:31:33  후진판정:0
14:31:33  IMU요회전속도:-14.78
14:31:33  방향가속도크기:7.97
14:31:33  방향자이로크기:23.59
14:31:33  방향자세cos:0.9946
14:31:33  자기모델잔차:18.51
14:31:33  자기모델반경:2.325
14:31:33  방향채택:0
14:31:33  방향거부:29598
14:31:33  GPS원시속도:0.905
14:31:33  GPS원시방향유효:1
14:31:33  GPS원시방향:174.7
14:31:33  가속도:0.33,0.85,7.92
14:31:33  자이로:-6.7,15.7,16.2
14:31:33  자력계:-49.350,11.100,12.150
14:31:33  충격값:1.85
14:31:33  충격피크:1.89
14:31:33  마지막충격발생값:111.97
14:31:33  마지막충격발생ms:136944
14:31:33  송신:2460
14:31:33  지팡이수신:2330
14:31:33  GPS위성:9
14:31:33  GPS_HDOP:1.00
14:31:33  원시위도:37.496525
14:31:33  원시경도:126.957983
14:31:33  GPS채택:1127
14:31:33  GPS이상치거부:24
14:31:33  GPS품질거부:2
14:31:33  GPS재기준:0
14:31:33  계산거리:-1.00
14:31:33  접근속도:0.00
14:31:33  TTC:999.00
14:31:33  방향오차:0.0
14:31:33  전방여부:0
14:31:33  위험음성횟수:9
14:31:33  충격음성횟수:1
14:31:33  마지막위험음성:3
14:31:33  RSSI원시:-78
14:31:33  RSSI평활:-79.9
14:31:33  RSSI샘플:2330
14:31:33  RSSI경과ms:286
14:31:33  RSSI구간:1
14:31:33  RSSI거리:12.00
14:31:33  상대보정:1
14:31:33  상대보정중:0
14:31:33  보정동쪽:12.63
14:31:33  보정북쪽:-31.94
14:31:33  위험송신:0
14:31:33  시각ms:260170
14:31:33  IMU시각ms:260169
14:31:33  위험:3
14:31:33  원시위험:0
14:31:33  GPS유효:1
14:31:33  위도:37.496522
14:31:33  경도:126.957983
14:31:33  속도:0.91
14:31:33  방향:177.3
14:31:33  이동방향유효:1
14:31:33  GPS이동방향:177.3
14:31:33  차체방향유효:1
14:31:33  차체방향:175.4
14:31:33  후진판정:0
14:31:33  IMU요회전속도:26.02
14:31:33  방향가속도크기:10.70
14:31:33  방향자이로크기:69.30
14:31:33  방향자세cos:0.9595
14:31:33  자기모델잔차:14.50
14:31:33  자기모델반경:2.385
14:31:33  방향채택:0
14:31:33  방향거부:29634
14:31:33  GPS원시속도:0.972
14:31:33  GPS원시방향유효:1
14:31:33  GPS원시방향:184.9
14:31:33  가속도:0.22,2.14,10.48
14:31:33  자이로:33.1,46.8,-38.9
14:31:33  자력계:-51.750,11.100,10.200
14:31:33  충격값:1.69
14:31:33  충격피크:3.28
14:31:33  마지막충격발생값:111.97
14:31:33  마지막충격발생ms:136944
14:31:33  송신:2463
14:31:33  지팡이수신:2332
14:31:33  GPS위성:9
14:31:33  GPS_HDOP:1.00
14:31:33  원시위도:37.496523
14:31:33  원시경도:126.957982
14:31:33  GPS채택:1128
14:31:33  GPS이상치거부:24
14:31:33  GPS품질거부:2
14:31:33  GPS재기준:0
14:31:33  계산거리:-1.00
14:31:33  접근속도:0.00
14:31:33  TTC:999.00
14:31:33  방향오차:0.0
14:31:33  전방여부:0
14:31:33  위험음성횟수:9
14:31:33  충격음성횟수:1
14:31:33  마지막위험음성:3
14:31:33  RSSI원시:-80
14:31:33  RSSI평활:-79.4
14:31:33  RSSI샘플:2332
14:31:33  RSSI경과ms:52
14:31:33  RSSI구간:1
14:31:33  RSSI거리:12.00
14:31:33  상대보정:1
14:31:33  상대보정중:0
14:31:33  보정동쪽:12.63
14:31:33  보정북쪽:-31.94
14:31:33  위험송신:0
14:31:34  시각ms:260479
14:31:34  IMU시각ms:260478
14:31:34  위험:0
14:31:34  원시위험:0
14:31:34  GPS유효:1
14:31:34  위도:37.496520
14:31:34  경도:126.957982
14:31:34  속도:0.81
14:31:34  방향:183.5
14:31:34  이동방향유효:1
14:31:34  GPS이동방향:183.5
14:31:34  차체방향유효:1
14:31:34  차체방향:179.2
14:31:34  후진판정:0
14:31:34  IMU요회전속도:-16.41
14:31:34  방향가속도크기:10.45
14:31:34  방향자이로크기:24.36
14:31:34  방향자세cos:0.9493
14:31:34  자기모델잔차:14.46
14:31:34  자기모델반경:2.451
14:31:34  방향채택:0
14:31:34  방향거부:29671
14:31:34  GPS원시속도:0.828
14:31:34  GPS원시방향유효:1
14:31:34  GPS원시방향:188.3
14:31:34  가속도:2.79,1.00,10.02
14:31:34  자이로:7.1,-11.9,20.0
14:31:34  자력계:-52.500,14.250,7.950
14:31:34  충격값:1.79
14:31:34  충격피크:5.03
14:31:34  마지막충격발생값:111.97
14:31:34  마지막충격발생ms:136944
14:31:34  송신:2466
14:31:34  지팡이수신:2333
14:31:34  GPS위성:9
14:31:34  GPS_HDOP:1.00
14:31:34  원시위도:37.496521
14:31:34  원시경도:126.957982
14:31:34  GPS채택:1130
14:31:34  GPS이상치거부:24
14:31:34  GPS품질거부:2
14:31:34  GPS재기준:0
14:31:34  계산거리:-1.00
14:31:34  접근속도:0.00
14:31:34  TTC:999.00
14:31:34  방향오차:0.0
14:31:34  전방여부:0
14:31:34  위험음성횟수:9
14:31:34  충격음성횟수:1
14:31:34  마지막위험음성:3
14:31:34  RSSI원시:-79
14:31:34  RSSI평활:-79.4
14:31:34  RSSI샘플:2333
14:31:34  RSSI경과ms:258
14:31:34  RSSI구간:1
14:31:34  RSSI거리:12.00
14:31:34  상대보정:1
14:31:34  상대보정중:0
14:31:34  보정동쪽:12.63
14:31:34  보정북쪽:-31.94
14:31:34  위험송신:0
14:31:34  시각ms:261001
14:31:34  IMU시각ms:261000
14:31:34  위험:0
14:31:34  원시위험:0
14:31:34  GPS유효:1
14:31:34  위도:37.496515
14:31:34  경도:126.957981
14:31:34  속도:0.99
14:31:34  방향:185.9
14:31:34  이동방향유효:1
14:31:34  GPS이동방향:185.9
14:31:34  차체방향유효:1
14:31:34  차체방향:176.9
14:31:34  후진판정:0
14:31:34  IMU요회전속도:1.85
14:31:34  방향가속도크기:10.05
14:31:34  방향자이로크기:45.74
14:31:34  방향자세cos:0.9692
14:31:34  자기모델잔차:14.69
14:31:34  자기모델반경:2.416
14:31:34  방향채택:0
14:31:34  방향거부:29732
14:31:34  GPS원시속도:1.065
14:31:34  GPS원시방향유효:1
14:31:34  GPS원시방향:186.3
14:31:34  가속도:1.40,2.00,9.75
14:31:34  자이로:37.6,-25.2,-6.5
14:31:34  자력계:-51.900,12.900,9.300
14:31:34  충격값:0.89
14:31:34  충격피크:3.30
14:31:34  마지막충격발생값:111.97
14:31:34  마지막충격발생ms:136944
14:31:34  송신:2471
14:31:34  지팡이수신:2336
14:31:34  GPS위성:9
14:31:34  GPS_HDOP:1.00
14:31:34  원시위도:37.496514
14:31:34  원시경도:126.957981
14:31:34  GPS채택:1133
14:31:34  GPS이상치거부:24
14:31:34  GPS품질거부:2
14:31:34  GPS재기준:0
14:31:34  계산거리:-1.00
14:31:34  접근속도:0.00
14:31:34  TTC:999.00
14:31:34  방향오차:0.0
14:31:34  전방여부:0
14:31:34  위험음성횟수:9
14:31:34  충격음성횟수:1
14:31:34  마지막위험음성:3
14:31:34  RSSI원시:-80
14:31:34  RSSI평활:-80.5
14:31:34  RSSI샘플:2336
14:31:34  RSSI경과ms:152
14:31:34  RSSI구간:1
14:31:34  RSSI거리:12.00
14:31:34  상대보정:1
14:31:34  상대보정중:0
14:31:34  보정동쪽:12.63
14:31:34  보정북쪽:-31.94
14:31:34  위험송신:0
14:31:34  시각ms:261107
14:31:34  IMU시각ms:261106
14:31:34  위험:0
14:31:34  원시위험:0
14:31:34  GPS유효:1
14:31:34  위도:37.496514
14:31:34  경도:126.957981
14:31:34  속도:0.99
14:31:34  방향:185.9
14:31:34  이동방향유효:1
14:31:34  GPS이동방향:185.9
14:31:34  차체방향유효:1
14:31:34  차체방향:178.7
14:31:34  후진판정:0
14:31:34  IMU요회전속도:17.55
14:31:34  방향가속도크기:11.79
14:31:34  방향자이로크기:22.66
14:31:34  방향자세cos:0.9753
14:31:34  자기모델잔차:14.68
14:31:34  자기모델반경:2.465
14:31:34  방향채택:0
14:31:34  방향거부:29745
14:31:34  GPS원시속도:1.065
14:31:34  GPS원시방향유효:1
14:31:34  GPS원시방향:186.3
14:31:34  가속도:1.18,2.54,11.45
14:31:34  자이로:-6.0,-11.5,-18.6
14:31:34  자력계:-52.050,14.250,7.950
14:31:34  충격값:2.22
14:31:34  충격피크:2.49
14:31:34  마지막충격발생값:111.97
14:31:34  마지막충격발생ms:136944
14:31:34  송신:2472
14:31:34  지팡이수신:2336
14:31:34  GPS위성:9
14:31:34  GPS_HDOP:1.00
14:31:34  원시위도:37.496514
14:31:34  원시경도:126.957981
14:31:34  GPS채택:1133
14:31:34  GPS이상치거부:24
14:31:34  GPS품질거부:2
14:31:34  GPS재기준:0
14:31:34  계산거리:-1.00
14:31:34  접근속도:0.00
14:31:34  TTC:999.00
14:31:34  방향오차:0.0
14:31:34  전방여부:0
14:31:34  위험음성횟수:9
14:31:34  충격음성횟수:1
14:31:34  마지막위험음성:3
14:31:34  RSSI원시:-80
14:31:34  RSSI평활:-80.5
14:31:34  RSSI샘플:2336
14:31:34  RSSI경과ms:258
14:31:34  RSSI구간:1
14:31:34  RSSI거리:12.00
14:31:34  상대보정:1
14:31:34  상대보정중:0
14:31:34  보정동쪽:12.63
14:31:34  보정북쪽:-31.94
14:31:34  위험송신:0
14:31:34  시각ms:261315
14:31:34  IMU시각ms:261314
14:31:34  위험:0
14:31:34  원시위험:0
14:31:34  GPS유효:1
14:31:34  위도:37.496511
14:31:34  경도:126.957980
14:31:34  속도:1.09
14:31:34  방향:186.7
14:31:34  이동방향유효:1
14:31:34  GPS이동방향:186.7
14:31:34  차체방향유효:1
14:31:34  차체방향:185.2
14:31:34  후진판정:0
14:31:34  IMU요회전속도:16.29
14:31:34  방향가속도크기:9.74
14:31:34  방향자이로크기:20.13
14:31:34  방향자세cos:0.9492
14:31:34  자기모델잔차:16.71
14:31:34  자기모델반경:2.635
14:31:34  방향채택:0
14:31:34  방향거부:29770
14:31:34  GPS원시속도:1.194
14:31:34  GPS원시방향유효:1
14:31:34  GPS원시방향:188.3
14:31:34  가속도:-0.26,3.51,9.08
14:31:34  자이로:-4.9,-7.2,-18.2
14:31:34  자력계:-51.900,19.200,9.000
14:31:34  충격값:2.27
14:31:34  충격피크:2.65
14:31:34  마지막충격발생값:111.97
14:31:34  마지막충격발생ms:136944
14:31:34  송신:2474
14:31:34  지팡이수신:2338
14:31:34  GPS위성:9
14:31:34  GPS_HDOP:1.00
14:31:34  원시위도:37.496511
14:31:34  원시경도:126.957979
14:31:34  GPS채택:1134
14:31:34  GPS이상치거부:24
14:31:34  GPS품질거부:2
14:31:34  GPS재기준:0
14:31:34  계산거리:-1.00
14:31:34  접근속도:0.00
14:31:34  TTC:999.00
14:31:34  방향오차:0.0
14:31:34  전방여부:0
14:31:34  위험음성횟수:9
14:31:34  충격음성횟수:1
14:31:34  마지막위험음성:3
14:31:34  RSSI원시:-81
14:31:34  RSSI평활:-80.7
14:31:34  RSSI샘플:2338
14:31:34  RSSI경과ms:45
14:31:34  RSSI구간:1
14:31:34  RSSI거리:12.00
14:31:34  상대보정:1
14:31:34  상대보정중:0
14:31:34  보정동쪽:12.63
14:31:34  보정북쪽:-31.94
14:31:34  위험송신:0
14:31:35  시각ms:262028
14:31:35  IMU시각ms:262027
14:31:35  위험:0
14:31:35  원시위험:0
14:31:35  GPS유효:1
14:31:35  위도:37.496501
14:31:35  경도:126.957975
14:31:35  속도:1.19
14:31:35  방향:190.8
14:31:35  이동방향유효:1
14:31:35  GPS이동방향:190.8
14:31:35  차체방향유효:1
14:31:35  차체방향:174.2
14:31:35  후진판정:0
14:31:35  IMU요회전속도:2.13
14:31:35  방향가속도크기:10.19
14:31:35  방향자이로크기:30.99
14:31:35  방향자세cos:0.9734
14:31:35  자기모델잔차:16.79
14:31:35  자기모델반경:2.218
14:31:35  방향채택:0
14:31:35  방향거부:29854
14:31:35  GPS원시속도:1.240
14:31:35  GPS원시방향유효:1
14:31:35  GPS원시방향:191.5
14:31:35  가속도:0.84,2.43,9.85
14:31:35  자이로:-30.9,-0.8,1.9
14:31:35  자력계:-48.300,6.450,10.950
14:31:35  충격값:1.57
14:31:35  충격피크:1.85
14:31:35  마지막충격발생값:111.97
14:31:35  마지막충격발생ms:136944
14:31:35  송신:2481
14:31:35  지팡이수신:2342
14:31:35  GPS위성:9
14:31:35  GPS_HDOP:1.00
14:31:35  원시위도:37.496500
14:31:35  원시경도:126.957974
14:31:35  GPS채택:1138
14:31:35  GPS이상치거부:24
14:31:35  GPS품질거부:2
14:31:35  GPS재기준:0
14:31:35  계산거리:-1.00
14:31:35  접근속도:0.00
14:31:35  TTC:999.00
14:31:35  방향오차:0.0
14:31:35  전방여부:0
14:31:35  위험음성횟수:9
14:31:35  충격음성횟수:1
14:31:35  마지막위험음성:3
14:31:35  RSSI원시:-83
14:31:35  RSSI평활:-80.7
14:31:35  RSSI샘플:2342
14:31:35  RSSI경과ms:231
14:31:35  RSSI구간:1
14:31:35  RSSI거리:12.00
14:31:35  상대보정:1
14:31:35  상대보정중:0
14:31:35  보정동쪽:12.63
14:31:35  보정북쪽:-31.94
14:31:35  위험송신:0
14:31:35  시각ms:262337
14:31:35  IMU시각ms:262336
14:31:35  위험:0
14:31:35  원시위험:0
14:31:35  GPS유효:1
14:31:35  위도:37.496496
14:31:35  경도:126.957973
14:31:35  속도:1.29
14:31:35  방향:188.9
14:31:35  이동방향유효:1
14:31:35  GPS이동방향:188.9
14:31:35  차체방향유효:1
14:31:35  차체방향:173.4
14:31:35  후진판정:0
14:31:35  IMU요회전속도:7.38
14:31:35  방향가속도크기:8.91
14:31:35  방향자이로크기:32.17
14:31:35  방향자세cos:0.9869
14:31:35  자기모델잔차:19.93
14:31:35  자기모델반경:2.154
14:31:35  방향채택:0
14:31:35  방향거부:29891
14:31:35  GPS원시속도:1.394
14:31:35  GPS원시방향유효:1
14:31:35  GPS원시방향:185.6
14:31:35  가속도:-0.24,1.86,8.71
14:31:35  자이로:21.6,17.5,-16.1
14:31:35  자력계:-45.600,7.650,13.950
14:31:35  충격값:1.52
14:31:35  충격피크:11.45
14:31:35  마지막충격발생값:111.97
14:31:35  마지막충격발생ms:136944
14:31:35  송신:2484
14:31:35  지팡이수신:2344
14:31:35  GPS위성:9
14:31:35  GPS_HDOP:1.00
14:31:35  원시위도:37.496496
14:31:35  원시경도:126.957973
14:31:35  GPS채택:1139
14:31:35  GPS이상치거부:24
14:31:35  GPS품질거부:2
14:31:35  GPS재기준:0
14:31:35  계산거리:-1.00
14:31:35  접근속도:0.00
14:31:35  TTC:999.00
14:31:35  방향오차:0.0
14:31:35  전방여부:0
14:31:35  위험음성횟수:9
14:31:35  충격음성횟수:1
14:31:35  마지막위험음성:3
14:31:35  RSSI원시:-81
14:31:35  RSSI평활:-80.7
14:31:35  RSSI샘플:2344
14:31:35  RSSI경과ms:117
14:31:35  RSSI구간:1
14:31:35  RSSI거리:12.00
14:31:35  상대보정:1
14:31:35  상대보정중:0
14:31:35  보정동쪽:12.63
14:31:35  보정북쪽:-31.94
14:31:35  위험송신:0
14:31:35  시각ms:262449
14:31:35  IMU시각ms:262436
14:31:35  위험:0
14:31:35  원시위험:0
14:31:35  GPS유효:1
14:31:35  위도:37.496494
14:31:35  경도:126.957973
14:31:35  속도:1.27
14:31:35  방향:186.7
14:31:35  이동방향유효:1
14:31:35  GPS이동방향:186.7
14:31:35  차체방향유효:1
14:31:35  차체방향:175.0
14:31:35  후진판정:0
14:31:35  IMU요회전속도:0.00
14:31:35  방향가속도크기:8.77
14:31:35  방향자이로크기:24.81
14:31:35  방향자세cos:0.9596
14:31:35  자기모델잔차:22.06
14:31:35  자기모델반경:2.135
14:31:35  방향채택:0
14:31:35  방향거부:29903
14:31:35  GPS원시속도:1.255
14:31:35  GPS원시방향유효:1
14:31:35  GPS원시방향:182.6
14:31:35  가속도:0.83,2.57,8.34
14:31:35  자이로:-12.0,-21.1,5.4
14:31:35  자력계:-46.350,9.150,13.200
14:31:35  충격값:1.27
14:31:35  충격피크:2.55
14:31:35  마지막충격발생값:111.97
14:31:35  마지막충격발생ms:136944
14:31:35  송신:2485
14:31:35  지팡이수신:2345
14:31:35  GPS위성:8
14:31:35  GPS_HDOP:1.00
14:31:35  원시위도:37.496493
14:31:35  원시경도:126.957973
14:31:35  GPS채택:1140
14:31:35  GPS이상치거부:24
14:31:35  GPS품질거부:2
14:31:35  GPS재기준:0
14:31:35  계산거리:-1.00
14:31:35  접근속도:0.00
14:31:35  TTC:999.00
14:31:35  방향오차:0.0
14:31:35  전방여부:0
14:31:35  위험음성횟수:9
14:31:35  충격음성횟수:1
14:31:35  마지막위험음성:3
14:31:35  RSSI원시:-86
14:31:35  RSSI평활:-81.7
14:31:35  RSSI샘플:2345
14:31:35  RSSI경과ms:17
14:31:35  RSSI구간:1
14:31:35  RSSI거리:12.00
14:31:35  상대보정:1
14:31:35  상대보정중:0
14:31:35  보정동쪽:12.63
14:31:35  보정북쪽:-31.94
14:31:35  위험송신:0
14:31:38  시각ms:264520
14:31:38  IMU시각ms:264519
14:31:38  위험:0
14:31:38  원시위험:0
14:31:38  GPS유효:1
14:31:38  위도:37.496468
14:31:38  경도:126.957965
14:31:38  속도:1.39
14:31:38  방향:182.1
14:31:38  이동방향유효:1
14:31:38  GPS이동방향:182.1
14:31:38  차체방향유효:1
14:31:38  차체방향:192.5
14:31:38  후진판정:0
14:31:38  IMU요회전속도:-18.43
14:31:38  방향가속도크기:9.61
14:31:38  방향자이로크기:39.35
14:31:38  방향자세cos:0.9807
14:31:38  자기모델잔차:17.38
14:31:38  자기모델반경:2.384
14:31:38  방향채택:0
14:31:38  방향거부:30144
14:31:38  GPS원시속도:1.230
14:31:38  GPS원시방향유효:1
14:31:38  GPS원시방향:180.6
14:31:38  가속도:1.36,1.04,9.45
14:31:38  자이로:-29.9,3.5,25.3
14:31:38  자력계:-49.350,14.250,10.650
14:31:38  충격값:0.93
14:31:38  충격피크:7.71
14:31:38  마지막충격발생값:111.97
14:31:38  마지막충격발생ms:136944
14:31:38  송신:2505
14:31:38  지팡이수신:2355
14:31:38  GPS위성:8
14:31:38  GPS_HDOP:1.00
14:31:38  원시위도:37.496470
14:31:38  원시경도:126.957965
14:31:38  GPS채택:1150
14:31:38  GPS이상치거부:24
14:31:38  GPS품질거부:2
14:31:38  GPS재기준:0
14:31:38  계산거리:-1.00
14:31:38  접근속도:0.00
14:31:38  TTC:999.00
14:31:38  방향오차:0.0
14:31:38  전방여부:0
14:31:38  위험음성횟수:9
14:31:38  충격음성횟수:1
14:31:38  마지막위험음성:3
14:31:38  RSSI원시:-84
14:31:38  RSSI평활:-83.2
14:31:38  RSSI샘플:2355
14:31:38  RSSI경과ms:372
14:31:38  RSSI구간:1
14:31:38  RSSI거리:12.00
14:31:38  상대보정:1
14:31:38  상대보정중:0
14:31:38  보정동쪽:12.63
14:31:38  보정북쪽:-31.94
14:31:38  위험송신:0
14:31:38  시각ms:264945
14:31:38  IMU시각ms:264944
14:31:38  위험:0
14:31:38  원시위험:0
14:31:38  GPS유효:1
14:31:38  위도:37.496464
14:31:38  경도:126.957964
14:31:38  속도:1.45
14:31:38  방향:182.6
14:31:38  이동방향유효:1
14:31:38  GPS이동방향:182.6
14:31:38  차체방향유효:1
14:31:38  차체방향:167.2
14:31:38  후진판정:0
14:31:38  IMU요회전속도:-72.60
14:31:38  방향가속도크기:5.45
14:31:38  방향자이로크기:96.10
14:31:38  방향자세cos:0.9709
14:31:38  자기모델잔차:17.57
14:31:38  자기모델반경:2.385
14:31:38  방향채택:0
14:31:38  방향거부:30194
14:31:38  GPS원시속도:1.523
14:31:38  GPS원시방향유효:1
14:31:38  GPS원시방향:184.1
14:31:38  가속도:1.27,-2.07,4.87
14:31:38  자이로:-43.1,-10.1,85.3
14:31:38  자력계:-42.000,-1.500,11.550
14:31:38  충격값:5.58
14:31:38  충격피크:12.89
14:31:38  마지막충격발생값:111.97
14:31:38  마지막충격발생ms:136944
14:31:38  송신:2509
14:31:38  지팡이수신:2357
14:31:38  GPS위성:9
14:31:38  GPS_HDOP:1.00
14:31:38  원시위도:37.496465
14:31:38  원시경도:126.957963
14:31:38  GPS채택:1152
14:31:38  GPS이상치거부:24
14:31:38  GPS품질거부:2
14:31:38  GPS재기준:0
14:31:38  계산거리:-1.00
14:31:38  접근속도:0.00
14:31:38  TTC:999.00
14:31:38  방향오차:0.0
14:31:38  전방여부:0
14:31:38  위험음성횟수:9
14:31:38  충격음성횟수:1
14:31:38  마지막위험음성:3
14:31:38  RSSI원시:-81
14:31:38  RSSI평활:-83.2
14:31:38  RSSI샘플:2357
14:31:38  RSSI경과ms:42
14:31:38  RSSI구간:1
14:31:38  RSSI거리:12.00
14:31:38  상대보정:1
14:31:38  상대보정중:0
14:31:38  보정동쪽:12.63
14:31:38  보정북쪽:-31.94
14:31:38  위험송신:0
14:31:38  시각ms:265052
14:31:38  IMU시각ms:265051
14:31:38  위험:0
14:31:38  원시위험:0
14:31:38  GPS유효:1
14:31:38  위도:37.496462
14:31:38  경도:126.957963
14:31:38  속도:1.56
14:31:38  방향:183.1
14:31:38  이동방향유효:1
14:31:38  GPS이동방향:183.1
14:31:38  차체방향유효:1
14:31:38  차체방향:163.3
14:31:38  후진판정:0
14:31:38  IMU요회전속도:-38.29
14:31:38  방향가속도크기:10.07
14:31:38  방향자이로크기:42.30
14:31:38  방향자세cos:0.9875
14:31:38  자기모델잔차:13.52
14:31:38  자기모델반경:1.687
14:31:38  방향채택:0
14:31:38  방향거부:30207
14:31:38  GPS원시속도:1.677
14:31:38  GPS원시방향유효:1
14:31:38  GPS원시방향:184.0
14:31:38  가속도:1.13,0.51,9.99
14:31:38  자이로:-4.2,9.2,41.1
14:31:38  자력계:-38.250,-9.600,9.450
14:31:38  충격값:1.15
14:31:38  충격피크:4.18
14:31:38  마지막충격발생값:111.97
14:31:38  마지막충격발생ms:136944
14:31:38  송신:2510
14:31:38  지팡이수신:2357
14:31:38  GPS위성:9
14:31:38  GPS_HDOP:1.00
14:31:38  원시위도:37.496462
14:31:38  원시경도:126.957962
14:31:38  GPS채택:1153
14:31:38  GPS이상치거부:24
14:31:38  GPS품질거부:2
14:31:38  GPS재기준:0
14:31:38  계산거리:-1.00
14:31:38  접근속도:0.00
14:31:38  TTC:999.00
14:31:38  방향오차:0.0
14:31:38  전방여부:0
14:31:38  위험음성횟수:9
14:31:38  충격음성횟수:1
14:31:38  마지막위험음성:3
14:31:38  RSSI원시:-81
14:31:38  RSSI평활:-83.2
14:31:38  RSSI샘플:2357
14:31:38  RSSI경과ms:149
14:31:38  RSSI구간:1
14:31:38  RSSI거리:12.00
14:31:38  상대보정:1
14:31:38  상대보정중:0
14:31:38  보정동쪽:12.63
14:31:38  보정북쪽:-31.94
14:31:38  위험송신:0
14:31:38  시각ms:265253
14:31:38  IMU시각ms:265252
14:31:38  위험:0
14:31:38  원시위험:0
14:31:38  GPS유효:1
14:31:38  위도:37.496458
14:31:38  경도:126.957962
14:31:38  속도:1.90
14:31:38  방향:182.6
14:31:38  이동방향유효:1
14:31:38  GPS이동방향:182.6
14:31:38  차체방향유효:1
14:31:38  차체방향:160.2
14:31:38  후진판정:0
14:31:38  IMU요회전속도:-36.68
14:31:38  방향가속도크기:9.42
14:31:38  방향자이로크기:62.37
14:31:38  방향자세cos:0.9719
14:31:38  자기모델잔차:12.89
14:31:38  자기모델반경:1.568
14:31:38  방향채택:0
14:31:38  방향거부:30231
14:31:38  GPS원시속도:2.243
14:31:38  GPS원시방향유효:1
14:31:38  GPS원시방향:181.7
14:31:38  가속도:-0.93,0.36,9.37
14:31:38  자이로:37.3,38.1,32.4
14:31:38  자력계:-34.950,-9.600,10.200
14:31:38  충격값:1.99
14:31:38  충격피크:1.99
14:31:38  마지막충격발생값:111.97
14:31:38  마지막충격발생ms:136944
14:31:38  송신:2512
14:31:38  지팡이수신:2358
14:31:38  GPS위성:9
14:31:38  GPS_HDOP:1.00
14:31:38  원시위도:37.496458
14:31:38  원시경도:126.957962
14:31:38  GPS채택:1154
14:31:38  GPS이상치거부:24
14:31:38  GPS품질거부:2
14:31:38  GPS재기준:0
14:31:38  계산거리:-1.00
14:31:38  접근속도:0.00
14:31:38  TTC:999.00
14:31:38  방향오차:0.0
14:31:38  전방여부:0
14:31:38  위험음성횟수:9
14:31:38  충격음성횟수:1
14:31:38  마지막위험음성:3
14:31:38  RSSI원시:-81
14:31:38  RSSI평활:-82.8
14:31:38  RSSI샘플:2358
14:31:38  RSSI경과ms:72
14:31:38  RSSI구간:1
14:31:38  RSSI거리:12.00
14:31:38  상대보정:1
14:31:38  상대보정중:0
14:31:38  보정동쪽:12.63
14:31:38  보정북쪽:-31.94
14:31:38  위험송신:0
14:31:39  시각ms:265353
14:31:39  IMU시각ms:265352
14:31:39  위험:0
14:31:39  원시위험:0
14:31:39  GPS유효:1
14:31:39  위도:37.496456
14:31:39  경도:126.957962
14:31:39  속도:1.90
14:31:39  방향:182.6
14:31:39  이동방향유효:1
14:31:39  GPS이동방향:182.6
14:31:39  차체방향유효:1
14:31:39  차체방향:155.9
14:31:39  후진판정:0
14:31:39  IMU요회전속도:-53.80
14:31:39  방향가속도크기:9.27
14:31:39  방향자이로크기:57.83
14:31:39  방향자세cos:0.9913
14:31:39  자기모델잔차:16.30
14:31:39  자기모델반경:1.502
14:31:39  방향채택:0
14:31:39  방향거부:30243
14:31:39  GPS원시속도:2.243
14:31:39  GPS원시방향유효:1
14:31:39  GPS원시방향:181.7
14:31:39  가속도:0.55,-0.49,9.24
14:31:39  자이로:-7.8,11.6,56.1
14:31:39  자력계:-31.200,-11.400,10.800
14:31:39  충격값:1.29
14:31:39  충격피크:7.50
14:31:39  마지막충격발생값:111.97
14:31:39  마지막충격발생ms:136944
14:31:39  송신:2513
14:31:39  지팡이수신:2359
14:31:39  GPS위성:9
14:31:39  GPS_HDOP:1.00
14:31:39  원시위도:37.496458
14:31:39  원시경도:126.957962
14:31:39  GPS채택:1154
14:31:39  GPS이상치거부:24
14:31:39  GPS품질거부:2
14:31:39  GPS재기준:0
14:31:39  계산거리:-1.00
14:31:39  접근속도:0.00
14:31:39  TTC:999.00
14:31:39  방향오차:0.0
14:31:39  전방여부:0
14:31:39  위험음성횟수:9
14:31:39  충격음성횟수:1
14:31:39  마지막위험음성:3
14:31:39  RSSI원시:-85
14:31:39  RSSI평활:-83.2
14:31:39  RSSI샘플:2359
14:31:39  RSSI경과ms:74
14:31:39  RSSI구간:1
14:31:39  RSSI거리:12.00
14:31:39  상대보정:1
14:31:39  상대보정중:0
14:31:39  보정동쪽:12.63
14:31:39  보정북쪽:-31.94
14:31:39  위험송신:0
14:31:39  시각ms:265657
14:31:39  IMU시각ms:265656
14:31:39  위험:0
14:31:39  원시위험:0
14:31:39  GPS유효:1
14:31:39  위도:37.496450
14:31:39  경도:126.957964
14:31:39  속도:2.15
14:31:39  방향:176.9
14:31:39  이동방향유효:1
14:31:39  GPS이동방향:176.9
14:31:39  차체방향유효:1
14:31:39  차체방향:138.3
14:31:39  후진판정:0
14:31:39  IMU요회전속도:-75.81
14:31:39  방향가속도크기:9.96
14:31:39  방향자이로크기:86.40
14:31:39  방향자세cos:0.9913
14:31:39  자기모델잔차:16.30
14:31:39  자기모델반경:1.502
14:31:39  방향채택:0
14:31:39  방향거부:30279
14:31:39  GPS원시속도:2.099
14:31:39  GPS원시방향유효:1
14:31:39  GPS원시방향:170.2
14:31:39  가속도:-0.02,0.15,9.96
14:31:39  자이로:-28.1,21.5,78.8
14:31:39  자력계:-14.700,-15.450,10.650
14:31:39  충격값:0.84
14:31:39  충격피크:1.14
14:31:39  마지막충격발생값:111.97
14:31:39  마지막충격발생ms:136944
14:31:39  송신:2516
14:31:39  지팡이수신:2362
14:31:39  GPS위성:9
14:31:39  GPS_HDOP:1.00
14:31:39  원시위도:37.496451
14:31:39  원시경도:126.957965
14:31:39  GPS채택:1156
14:31:39  GPS이상치거부:24
14:31:39  GPS품질거부:2
14:31:39  GPS재기준:0
14:31:39  계산거리:-1.00
14:31:39  접근속도:0.00
14:31:39  TTC:999.00
14:31:39  방향오차:0.0
14:31:39  전방여부:0
14:31:39  위험음성횟수:9
14:31:39  충격음성횟수:1
14:31:39  마지막위험음성:3
14:31:39  RSSI원시:-83
14:31:39  RSSI평활:-82.2
14:31:39  RSSI샘플:2362
14:31:39  RSSI경과ms:63
14:31:39  RSSI구간:1
14:31:39  RSSI거리:12.00
14:31:39  상대보정:1
14:31:39  상대보정중:0
14:31:39  보정동쪽:12.63
14:31:39  보정북쪽:-31.94
14:31:39  위험송신:0
14:31:39  시각ms:265863
14:31:39  IMU시각ms:265862
14:31:39  위험:0
14:31:39  원시위험:0
14:31:39  GPS유효:1
14:31:39  위도:37.496447
14:31:39  경도:126.957965
14:31:39  속도:1.93
14:31:39  방향:173.3
14:31:39  이동방향유효:1
14:31:39  GPS이동방향:173.3
14:31:39  차체방향유효:1
14:31:39  차체방향:129.5
14:31:39  후진판정:0
14:31:39  IMU요회전속도:-62.68
14:31:39  방향가속도크기:8.34
14:31:39  방향자이로크기:65.78
14:31:39  방향자세cos:0.9913
14:31:39  자기모델잔차:16.30
14:31:39  자기모델반경:1.502
14:31:39  방향채택:0
14:31:39  방향거부:30301
14:31:39  GPS원시속도:1.703
14:31:39  GPS원시방향유효:1
14:31:39  GPS원시방향:166.7
14:31:39  가속도:-0.74,1.25,8.22
14:31:39  자이로:-5.4,11.0,64.6
14:31:39  자력계:-3.600,-12.300,9.150
14:31:39  충격값:1.36
14:31:39  충격피크:2.62
14:31:39  마지막충격발생값:111.97
14:31:39  마지막충격발생ms:136944
14:31:39  송신:2518
14:31:39  지팡이수신:2364
14:31:39  GPS위성:9
14:31:39  GPS_HDOP:0.95
14:31:39  원시위도:37.496449
14:31:39  원시경도:126.957966
14:31:39  GPS채택:1157
14:31:39  GPS이상치거부:24
14:31:39  GPS품질거부:2
14:31:39  GPS재기준:0
14:31:39  계산거리:-1.00
14:31:39  접근속도:0.00
14:31:39  TTC:999.00
14:31:39  방향오차:0.0
14:31:39  전방여부:0
14:31:39  위험음성횟수:9
14:31:39  충격음성횟수:1
14:31:39  마지막위험음성:3
14:31:39  RSSI원시:-81
14:31:39  RSSI평활:-82.4
14:31:39  RSSI샘플:2364
14:31:39  RSSI경과ms:57
14:31:39  RSSI구간:1
14:31:39  RSSI거리:12.00
14:31:39  상대보정:1
14:31:39  상대보정중:0
14:31:39  보정동쪽:12.63
14:31:39  보정북쪽:-31.94
14:31:39  위험송신:0
14:31:41  시각ms:267600
14:31:41  IMU시각ms:267599
14:31:41  위험:0
14:31:41  원시위험:0
14:31:41  GPS유효:1
14:31:41  위도:37.496445
14:31:41  경도:126.957972
14:31:41  속도:0.08
14:31:41  방향:150.5
14:31:41  이동방향유효:0
14:31:41  GPS이동방향:150.5
14:31:41  차체방향유효:1
14:31:41  차체방향:141.7
14:31:41  후진판정:0
14:31:41  IMU요회전속도:0.00
14:31:41  방향가속도크기:9.85
14:31:41  방향자이로크기:4.58
14:31:41  방향자세cos:0.9908
14:31:41  자기모델잔차:21.84
14:31:41  자기모델반경:0.850
14:31:41  방향채택:2
14:31:41  방향거부:30500
14:31:41  GPS원시속도:0.031
14:31:41  GPS원시방향유효:1
14:31:41  GPS원시방향:135.4
14:31:41  가속도:-1.42,1.38,9.65
14:31:41  자이로:0.7,4.4,0.9
14:31:41  자력계:-5.400,-4.050,16.950
14:31:41  충격값:1.71
14:31:41  충격피크:7.43
14:31:41  마지막충격발생값:111.97
14:31:41  마지막충격발생ms:136944
14:31:41  송신:2535
14:31:41  지팡이수신:2372
14:31:41  GPS위성:9
14:31:41  GPS_HDOP:0.95
14:31:41  원시위도:37.496446
14:31:41  원시경도:126.957974
14:31:41  GPS채택:1166
14:31:41  GPS이상치거부:24
14:31:41  GPS품질거부:2
14:31:41  GPS재기준:0
14:31:41  계산거리:-1.00
14:31:41  접근속도:0.00
14:31:41  TTC:999.00
14:31:41  방향오차:0.0
14:31:41  전방여부:0
14:31:41  위험음성횟수:9
14:31:41  충격음성횟수:1
14:31:41  마지막위험음성:3
14:31:41  RSSI원시:-83
14:31:41  RSSI평활:-80.7
14:31:41  RSSI샘플:2372
14:31:41  RSSI경과ms:105
14:31:41  RSSI구간:1
14:31:41  RSSI거리:12.00
14:31:41  상대보정:1
14:31:41  상대보정중:0
14:31:41  보정동쪽:12.63
14:31:41  보정북쪽:-31.94
14:31:41  위험송신:0
14:31:41  시각ms:267700
14:31:41  IMU시각ms:267699
14:31:41  위험:0
14:31:41  원시위험:0
14:31:41  GPS유효:1
14:31:41  위도:37.496445
14:31:41  경도:126.957972
14:31:41  속도:0.08
14:31:41  방향:150.5
14:31:41  이동방향유효:0
14:31:41  GPS이동방향:150.5
14:31:41  차체방향유효:1
14:31:41  차체방향:141.7
14:31:41  후진판정:0
14:31:41  IMU요회전속도:0.00
14:31:41  방향가속도크기:9.62
14:31:41  방향자이로크기:1.94
14:31:41  방향자세cos:0.9992
14:31:41  자기모델잔차:22.14
14:31:41  자기모델반경:0.875
14:31:41  방향채택:2
14:31:41  방향거부:30512
14:31:41  GPS원시속도:0.031
14:31:41  GPS원시방향유효:1
14:31:41  GPS원시방향:135.4
14:31:41  가속도:-0.69,0.76,9.57
14:31:41  자이로:1.4,-1.2,-0.5
14:31:41  자력계:-6.450,-3.900,17.250
14:31:41  충격값:1.58
14:31:41  충격피크:1.88
14:31:41  마지막충격발생값:111.97
14:31:41  마지막충격발생ms:136944
14:31:41  송신:2536
14:31:41  지팡이수신:2372
14:31:41  GPS위성:9
14:31:41  GPS_HDOP:0.95
14:31:41  원시위도:37.496446
14:31:41  원시경도:126.957974
14:31:41  GPS채택:1166
14:31:41  GPS이상치거부:24
14:31:41  GPS품질거부:2
14:31:41  GPS재기준:0
14:31:41  계산거리:-1.00
14:31:41  접근속도:0.00
14:31:41  TTC:999.00
14:31:41  방향오차:0.0
14:31:41  전방여부:0
14:31:41  위험음성횟수:9
14:31:41  충격음성횟수:1
14:31:41  마지막위험음성:3
14:31:41  RSSI원시:-83
14:31:41  RSSI평활:-80.7
14:31:41  RSSI샘플:2372
14:31:41  RSSI경과ms:205
14:31:41  RSSI구간:1
14:31:41  RSSI거리:12.00
14:31:41  상대보정:1
14:31:41  상대보정중:0
14:31:41  보정동쪽:12.63
14:31:41  보정북쪽:-31.94
14:31:41  위험송신:0
14:31:41  시각ms:267903
14:31:41  IMU시각ms:267902
14:31:41  위험:0
14:31:41  원시위험:0
14:31:41  GPS유효:1
14:31:41  위도:37.496445
14:31:41  경도:126.957972
14:31:41  속도:0.06
14:31:41  방향:150.5
14:31:41  이동방향유효:0
14:31:41  GPS이동방향:150.5
14:31:41  차체방향유효:1
14:31:41  차체방향:141.7
14:31:41  후진판정:0
14:31:41  IMU요회전속도:0.00
14:31:41  방향가속도크기:9.81
14:31:41  방향자이로크기:0.77
14:31:41  방향자세cos:0.9993
14:31:41  자기모델잔차:21.39
14:31:41  자기모델반경:0.846
14:31:41  방향채택:2
14:31:41  방향거부:30535
14:31:41  GPS원시속도:0.031
14:31:41  GPS원시방향유효:1
14:31:41  GPS원시방향:135.4
14:31:41  가속도:-0.62,0.81,9.76
14:31:41  자이로:0.5,-0.5,0.4
14:31:41  자력계:-6.600,-5.250,16.650
14:31:41  충격값:0.89
14:31:41  충격피크:1.18
14:31:41  마지막충격발생값:111.97
14:31:41  마지막충격발생ms:136944
14:31:41  송신:2538
14:31:41  지팡이수신:2374
14:31:41  GPS위성:9
14:31:41  GPS_HDOP:0.95
14:31:41  원시위도:37.496444
14:31:41  원시경도:126.957974
14:31:41  GPS채택:1167
14:31:41  GPS이상치거부:24
14:31:41  GPS품질거부:2
14:31:41  GPS재기준:0
14:31:41  계산거리:-1.00
14:31:41  접근속도:0.00
14:31:41  TTC:999.00
14:31:41  방향오차:0.0
14:31:41  전방여부:0
14:31:41  위험음성횟수:9
14:31:41  충격음성횟수:1
14:31:41  마지막위험음성:3
14:31:41  RSSI원시:-83
14:31:41  RSSI평활:-81.2
14:31:41  RSSI샘플:2374
14:31:41  RSSI경과ms:85
14:31:41  RSSI구간:1
14:31:41  RSSI거리:12.00
14:31:41  상대보정:1
14:31:41  상대보정중:0
14:31:41  보정동쪽:12.63
14:31:41  보정북쪽:-31.94
14:31:41  위험송신:0
14:31:41  시각ms:268105
14:31:41  IMU시각ms:268104
14:31:41  위험:0
14:31:41  원시위험:0
14:31:41  GPS유효:1
14:31:41  위도:37.496445
14:31:41  경도:126.957973
14:31:41  속도:0.06
14:31:41  방향:150.5
14:31:41  이동방향유효:0
14:31:41  GPS이동방향:150.5
14:31:41  차체방향유효:1
14:31:41  차체방향:141.7
14:31:41  후진판정:0
14:31:41  IMU요회전속도:0.19
14:31:41  방향가속도크기:9.75
14:31:41  방향자이로크기:4.01
14:31:41  방향자세cos:0.9980
14:31:41  자기모델잔차:21.39
14:31:41  자기모델반경:0.839
14:31:41  방향채택:2
14:31:41  방향거부:30559
14:31:41  GPS원시속도:0.067
14:31:41  GPS원시방향유효:1
14:31:41  GPS원시방향:135.4
14:31:41  가속도:-0.68,1.05,9.67
14:31:41  자이로:-0.5,0.7,-3.9
14:31:41  자력계:-6.300,-5.250,16.650
14:31:41  충격값:0.54
14:31:41  충격피크:0.73
14:31:41  마지막충격발생값:111.97
14:31:41  마지막충격발생ms:136944
14:31:41  송신:2540
14:31:41  지팡이수신:2376
14:31:41  GPS위성:9
14:31:41  GPS_HDOP:0.95
14:31:41  원시위도:37.496443
14:31:41  원시경도:126.957974
14:31:41  GPS채택:1168
14:31:41  GPS이상치거부:24
14:31:41  GPS품질거부:2
14:31:41  GPS재기준:0
14:31:41  계산거리:-1.00
14:31:41  접근속도:0.00
14:31:41  TTC:999.00
14:31:41  방향오차:0.0
14:31:41  전방여부:0
14:31:41  위험음성횟수:9
14:31:41  충격음성횟수:1
14:31:41  마지막위험음성:3
14:31:41  RSSI원시:-81
14:31:41  RSSI평활:-80.8
14:31:41  RSSI샘플:2376
14:31:41  RSSI경과ms:85
14:31:41  RSSI구간:1
14:31:41  RSSI거리:12.00
14:31:41  상대보정:1
14:31:41  상대보정중:0
14:31:41  보정동쪽:12.63
14:31:41  보정북쪽:-31.94
14:31:41  위험송신:0
14:31:41  시각ms:268206
14:31:41  IMU시각ms:268205
14:31:41  위험:0
14:31:41  원시위험:0
14:31:41  GPS유효:1
14:31:41  위도:37.496445
14:31:41  경도:126.957973
14:31:41  속도:0.05
14:31:41  방향:150.5
14:31:41  이동방향유효:0
14:31:41  GPS이동방향:150.5
14:31:41  차체방향유효:1
14:31:41  차체방향:141.7
14:31:41  후진판정:0
14:31:41  IMU요회전속도:0.00
14:31:41  방향가속도크기:9.74
14:31:41  방향자이로크기:2.17
14:31:41  방향자세cos:0.9978
14:31:41  자기모델잔차:22.23
14:31:41  자기모델반경:0.793
14:31:41  방향채택:2
14:31:41  방향거부:30571
14:31:41  GPS원시속도:0.036
14:31:41  GPS원시방향유효:1
14:31:41  GPS원시방향:135.4
14:31:41  가속도:-0.71,1.06,9.66
14:31:41  자이로:-2.1,0.4,-0.3
14:31:41  자력계:-4.950,-5.850,17.550
14:31:41  충격값:0.43
14:31:41  충격피크:0.65
14:31:41  마지막충격발생값:111.97
14:31:41  마지막충격발생ms:136944
14:31:41  송신:2541
14:31:41  지팡이수신:2377
14:31:41  GPS위성:9
14:31:41  GPS_HDOP:0.95
14:31:41  원시위도:37.496442
14:31:41  원시경도:126.957974
14:31:41  GPS채택:1169
14:31:41  GPS이상치거부:24
14:31:41  GPS품질거부:2
14:31:41  GPS재기준:0
14:31:41  계산거리:-1.00
14:31:41  접근속도:0.00
14:31:41  TTC:999.00
14:31:41  방향오차:0.0
14:31:41  전방여부:0
14:31:41  위험음성횟수:9
14:31:41  충격음성횟수:1
14:31:41  마지막위험음성:3
14:31:41  RSSI원시:-78
14:31:41  RSSI평활:-80.3
14:31:41  RSSI샘플:2377
14:31:41  RSSI경과ms:79
14:31:41  RSSI구간:1
14:31:41  RSSI거리:12.00
14:31:41  상대보정:1
14:31:41  상대보정중:0
14:31:41  보정동쪽:12.63
14:31:41  보정북쪽:-31.94
14:31:41  위험송신:0
14:31:41  시각ms:268307
14:31:41  IMU시각ms:268306
14:31:41  위험:0
14:31:41  원시위험:0
14:31:41  GPS유효:1
14:31:41  위도:37.496445
14:31:41  경도:126.957973
14:31:41  속도:0.05
14:31:41  방향:150.5
14:31:41  이동방향유효:0
14:31:41  GPS이동방향:150.5
14:31:41  차체방향유효:1
14:31:41  차체방향:141.7
14:31:41  후진판정:0
14:31:41  IMU요회전속도:0.00
14:31:41  방향가속도크기:9.77
14:31:41  방향자이로크기:3.54
14:31:41  방향자세cos:0.9976
14:31:41  자기모델잔차:22.75
14:31:41  자기모델반경:0.843
14:31:41  방향채택:2
14:31:41  방향거부:30583
14:31:41  GPS원시속도:0.036
14:31:41  GPS원시방향유효:1
14:31:41  GPS원시방향:135.4
14:31:41  가속도:-0.86,1.01,9.68
14:31:41  자이로:3.2,1.5,0.3
14:31:41  자력계:-6.450,-5.100,18.000
14:31:41  충격값:0.33
14:31:41  충격피크:0.53
14:31:41  마지막충격발생값:111.97
14:31:41  마지막충격발생ms:136944
14:31:41  송신:2542
14:31:41  지팡이수신:2378
14:31:41  GPS위성:9
14:31:41  GPS_HDOP:0.95
14:31:41  원시위도:37.496442
14:31:41  원시경도:126.957974
14:31:41  GPS채택:1169
14:31:41  GPS이상치거부:24
14:31:41  GPS품질거부:2
14:31:41  GPS재기준:0
14:31:41  계산거리:-1.00
14:31:41  접근속도:0.00
14:31:41  TTC:999.00
14:31:41  방향오차:0.0
14:31:41  전방여부:0
14:31:41  위험음성횟수:9
14:31:41  충격음성횟수:1
14:31:41  마지막위험음성:3
14:31:41  RSSI원시:-80
14:31:41  RSSI평활:-80.2
14:31:41  RSSI샘플:2378
14:31:41  RSSI경과ms:75
14:31:41  RSSI구간:1
14:31:41  RSSI거리:12.00
14:31:41  상대보정:1
14:31:41  상대보정중:0
14:31:41  보정동쪽:12.63
14:31:41  보정북쪽:-31.94
14:31:41  위험송신:0
14:31:42  시각ms:268508
14:31:42  IMU시각ms:268507
14:31:42  위험:0
14:31:42  원시위험:0
14:31:42  GPS유효:1
14:31:42  위도:37.496444
14:31:42  경도:126.957973
14:31:42  속도:0.10
14:31:42  방향:150.5
14:31:42  이동방향유효:0
14:31:42  GPS이동방향:150.5
14:31:42  차체방향유효:1
14:31:42  차체방향:141.7
14:31:42  후진판정:0
14:31:42  IMU요회전속도:0.00
14:31:42  방향가속도크기:9.75
14:31:42  방향자이로크기:2.24
14:31:42  방향자세cos:0.9990
14:31:42  자기모델잔차:21.24
14:31:42  자기모델반경:0.807
14:31:42  방향채택:2
14:31:42  방향거부:30607
14:31:42  GPS원시속도:0.159
14:31:42  GPS원시방향유효:1
14:31:42  GPS원시방향:135.4
14:31:42  가속도:-0.67,0.86,9.69
14:31:42  자이로:2.2,0.3,0.5
14:31:42  자력계:-4.950,-5.400,16.500
14:31:42  충격값:0.27
14:31:42  충격피크:0.35
14:31:42  마지막충격발생값:111.97
14:31:42  마지막충격발생ms:136944
14:31:42  송신:2544
14:31:42  지팡이수신:2380
14:31:42  GPS위성:9
14:31:42  GPS_HDOP:0.95
14:31:42  원시위도:37.496440
14:31:42  원시경도:126.957974
14:31:42  GPS채택:1170
14:31:42  GPS이상치거부:24
14:31:42  GPS품질거부:2
14:31:42  GPS재기준:0
14:31:42  계산거리:-1.00
14:31:42  접근속도:0.00
14:31:42  TTC:999.00
14:31:42  방향오차:0.0
14:31:42  전방여부:0
14:31:42  위험음성횟수:9
14:31:42  충격음성횟수:1
14:31:42  마지막위험음성:3
14:31:42  RSSI원시:-79
14:31:42  RSSI평활:-79.8
14:31:42  RSSI샘플:2380
14:31:42  RSSI경과ms:64
14:31:42  RSSI구간:1
14:31:42  RSSI거리:12.00
14:31:42  상대보정:1
14:31:42  상대보정중:0
14:31:42  보정동쪽:12.63
14:31:42  보정북쪽:-31.94
14:31:42  위험송신:0
14:31:42  시각ms:268608
14:31:42  IMU시각ms:268607
14:31:42  위험:0
14:31:42  원시위험:0
14:31:42  GPS유효:1
14:31:42  위도:37.496444
14:31:42  경도:126.957973
14:31:42  속도:0.08
14:31:42  방향:150.5
14:31:42  이동방향유효:0
14:31:42  GPS이동방향:150.5
14:31:42  차체방향유효:1
14:31:42  차체방향:141.7
14:31:42  후진판정:0
14:31:42  IMU요회전속도:0.00
14:31:42  방향가속도크기:9.70
14:31:42  방향자이로크기:1.56
14:31:42  방향자세cos:0.9979
14:31:42  자기모델잔차:22.20
14:31:42  자기모델반경:0.829
14:31:42  방향채택:2
14:31:42  방향거부:30619
14:31:42  GPS원시속도:0.062
14:31:42  GPS원시방향유효:1
14:31:42  GPS원시방향:135.4
14:31:42  가속도:-0.78,1.01,9.62
14:31:42  자이로:0.5,1.1,-0.9
14:31:42  자력계:-5.400,-4.800,17.400
14:31:42  충격값:0.22
14:31:42  충격피크:0.29
14:31:42  마지막충격발생값:111.97
14:31:42  마지막충격발생ms:136944
14:31:42  송신:2545
14:31:42  지팡이수신:2380
14:31:42  GPS위성:9
14:31:42  GPS_HDOP:0.95
14:31:42  원시위도:37.496440
14:31:42  원시경도:126.957973
14:31:42  GPS채택:1171
14:31:42  GPS이상치거부:24
14:31:42  GPS품질거부:2
14:31:42  GPS재기준:0
14:31:42  계산거리:-1.00
14:31:42  접근속도:0.00
14:31:42  TTC:999.00
14:31:42  방향오차:0.0
14:31:42  전방여부:0
14:31:42  위험음성횟수:9
14:31:42  충격음성횟수:1
14:31:42  마지막위험음성:3
14:31:42  RSSI원시:-79
14:31:42  RSSI평활:-79.8
14:31:42  RSSI샘플:2380
14:31:42  RSSI경과ms:164
14:31:42  RSSI구간:1
14:31:42  RSSI거리:12.00
14:31:42  상대보정:1
14:31:42  상대보정중:0
14:31:42  보정동쪽:12.63
14:31:42  보정북쪽:-31.94
14:31:42  위험송신:0
14:31:42  시각ms:269229
14:31:42  IMU시각ms:269228
14:31:42  위험:0
14:31:42  원시위험:0
14:31:42  GPS유효:1
14:31:42  위도:37.496442
14:31:42  경도:126.957973
14:31:42  속도:0.06
14:31:42  방향:150.5
14:31:42  이동방향유효:0
14:31:42  GPS이동방향:150.5
14:31:42  차체방향유효:1
14:31:42  차체방향:141.7
14:31:42  후진판정:0
14:31:42  IMU요회전속도:0.00
14:31:42  방향가속도크기:9.70
14:31:42  방향자이로크기:2.47
14:31:42  방향자세cos:0.9973
14:31:42  자기모델잔차:22.90
14:31:42  자기모델반경:0.794
14:31:42  방향채택:2
14:31:42  방향거부:30692
14:31:42  GPS원시속도:0.041
14:31:42  GPS원시방향유효:1
14:31:42  GPS원시방향:135.4
14:31:42  가속도:-0.88,1.03,9.60
14:31:42  자이로:-1.2,2.2,0.1
14:31:42  자력계:-4.350,-5.250,18.150
14:31:42  충격값:0.20
14:31:42  충격피크:0.21
14:31:42  마지막충격발생값:111.97
14:31:42  마지막충격발생ms:136944
14:31:42  송신:2551
14:31:42  지팡이수신:2383
14:31:42  GPS위성:9
14:31:42  GPS_HDOP:0.95
14:31:42  원시위도:37.496436
14:31:42  원시경도:126.957973
14:31:42  GPS채택:1174
14:31:42  GPS이상치거부:24
14:31:42  GPS품질거부:2
14:31:42  GPS재기준:0
14:31:42  계산거리:-1.00
14:31:42  접근속도:0.00
14:31:42  TTC:999.00
14:31:42  방향오차:0.0
14:31:42  전방여부:0
14:31:42  위험음성횟수:9
14:31:42  충격음성횟수:1
14:31:42  마지막위험음성:3
14:31:42  RSSI원시:-78
14:31:42  RSSI평활:-79.4
14:31:42  RSSI샘플:2383
14:31:42  RSSI경과ms:47
14:31:42  RSSI구간:1
14:31:42  RSSI거리:12.00
14:31:42  상대보정:1
14:31:42  상대보정중:0
14:31:42  보정동쪽:12.63
14:31:42  보정북쪽:-31.94
14:31:42  위험송신:0
14:31:43  시각ms:269961
14:31:43  IMU시각ms:269960
14:31:43  위험:0
14:31:43  원시위험:0
14:31:43  GPS유효:1
14:31:43  위도:37.496440
14:31:43  경도:126.957973
14:31:43  속도:0.03
14:31:43  방향:150.5
14:31:43  이동방향유효:0
14:31:43  GPS이동방향:150.5
14:31:43  차체방향유효:1
14:31:43  차체방향:141.7
14:31:43  후진판정:0
14:31:43  IMU요회전속도:0.00
14:31:43  방향가속도크기:9.65
14:31:43  방향자이로크기:2.36
14:31:43  방향자세cos:0.9984
14:31:43  자기모델잔차:22.20
14:31:43  자기모델반경:0.829
14:31:43  방향채택:2
14:31:43  방향거부:30778
14:31:43  GPS원시속도:0.021
14:31:43  GPS원시방향유효:1
14:31:43  GPS원시방향:135.4
14:31:43  가속도:-0.78,0.89,9.58
14:31:43  자이로:1.5,-0.5,1.8
14:31:43  자력계:-5.400,-4.800,17.400
14:31:43  충격값:0.13
14:31:43  충격피크:0.20
14:31:43  마지막충격발생값:111.97
14:31:43  마지막충격발생ms:136944
14:31:43  송신:2558
14:31:43  지팡이수신:2389
14:31:43  GPS위성:9
14:31:43  GPS_HDOP:0.95
14:31:43  원시위도:37.496432
14:31:43  원시경도:126.957971
14:31:43  GPS채택:1177
14:31:43  GPS이상치거부:24
14:31:43  GPS품질거부:2
14:31:43  GPS재기준:0
14:31:43  계산거리:-1.00
14:31:43  접근속도:0.00
14:31:43  TTC:999.00
14:31:43  방향오차:0.0
14:31:43  전방여부:0
14:31:43  위험음성횟수:9
14:31:43  충격음성횟수:1
14:31:43  마지막위험음성:3
14:31:43  RSSI원시:-79
14:31:43  RSSI평활:-78.9
14:31:43  RSSI샘플:2389
14:31:43  RSSI경과ms:141
14:31:43  RSSI구간:1
14:31:43  RSSI거리:12.00
14:31:43  상대보정:1
14:31:43  상대보정중:0
14:31:43  보정동쪽:12.63
14:31:43  보정북쪽:-31.94
14:31:43  위험송신:0
14:31:43  시각ms:270367
14:31:43  IMU시각ms:270365
14:31:43  위험:0
14:31:43  원시위험:0
14:31:43  GPS유효:1
14:31:43  위도:37.496439
14:31:43  경도:126.957972
14:31:43  속도:0.02
14:31:43  방향:150.5
14:31:43  이동방향유효:0
14:31:43  GPS이동방향:150.5
14:31:43  차체방향유효:1
14:31:43  차체방향:141.7
14:31:43  후진판정:0
14:31:43  IMU요회전속도:0.00
14:31:43  방향가속도크기:9.74
14:31:43  방향자이로크기:2.12
14:31:43  방향자세cos:0.9983
14:31:43  자기모델잔차:22.45
14:31:43  자기모델반경:0.795
14:31:43  방향채택:2
14:31:43  방향거부:30826
14:31:43  GPS원시속도:0.005
14:31:43  GPS원시방향유효:1
14:31:43  GPS원시방향:135.4
14:31:43  가속도:-0.81,0.90,9.66
14:31:43  자이로:0.2,-0.8,1.9
14:31:43  자력계:-4.350,-5.250,17.700
14:31:43  충격값:0.09
14:31:43  충격피크:0.12
14:31:43  마지막충격발생값:111.97
14:31:43  마지막충격발생ms:136944
14:31:43  송신:2562
14:31:43  지팡이수신:2393
14:31:43  GPS위성:9
14:31:43  GPS_HDOP:0.95
14:31:43  원시위도:37.496431
14:31:43  원시경도:126.957970
14:31:43  GPS채택:1179
14:31:43  GPS이상치거부:24
14:31:43  GPS품질거부:2
14:31:43  GPS재기준:0
14:31:43  계산거리:-1.00
14:31:43  접근속도:0.00
14:31:43  TTC:999.00
14:31:43  방향오차:0.0
14:31:43  전방여부:0
14:31:43  위험음성횟수:9
14:31:43  충격음성횟수:1
14:31:43  마지막위험음성:3
14:31:43  RSSI원시:-81
14:31:43  RSSI평활:-79.3
14:31:43  RSSI샘플:2393
14:31:43  RSSI경과ms:19
14:31:43  RSSI구간:1
14:31:43  RSSI거리:12.00
14:31:43  상대보정:1
14:31:43  상대보정중:0
14:31:43  보정동쪽:12.63
14:31:43  보정북쪽:-31.94
14:31:43  위험송신:0
14:31:44  시각ms:270678
14:31:44  IMU시각ms:270677
14:31:44  위험:0
14:31:44  원시위험:0
14:31:44  GPS유효:1
14:31:44  위도:37.496437
14:31:44  경도:126.957972
14:31:44  속도:0.01
14:31:44  방향:150.5
14:31:44  이동방향유효:0
14:31:44  GPS이동방향:150.5
14:31:44  차체방향유효:1
14:31:44  차체방향:141.7
14:31:44  후진판정:0
14:31:44  IMU요회전속도:0.00
14:31:44  방향가속도크기:9.79
14:31:44  방향자이로크기:3.19
14:31:44  방향자세cos:0.9985
14:31:44  자기모델잔차:22.58
14:31:44  자기모델반경:0.857
14:31:44  방향채택:2
14:31:44  방향거부:30863
14:31:44  GPS원시속도:0.005
14:31:44  GPS원시방향유효:1
14:31:44  GPS원시방향:135.4
14:31:44  가속도:-0.72,0.93,9.72
14:31:44  자이로:1.1,0.1,-3.0
14:31:44  자력계:-5.850,-4.050,17.700
14:31:44  충격값:0.04
14:31:44  충격피크:0.15
14:31:44  마지막충격발생값:111.97
14:31:44  마지막충격발생ms:136944
14:31:44  송신:2565
14:31:44  지팡이수신:2396
14:31:44  GPS위성:9
14:31:44  GPS_HDOP:0.95
14:31:44  원시위도:37.496429
14:31:44  원시경도:126.957969
14:31:44  GPS채택:1181
14:31:44  GPS이상치거부:24
14:31:44  GPS품질거부:2
14:31:44  GPS재기준:0
14:31:44  계산거리:-1.00
14:31:44  접근속도:0.00
14:31:44  TTC:999.00
14:31:44  방향오차:0.0
14:31:44  전방여부:0
14:31:44  위험음성횟수:9
14:31:44  충격음성횟수:1
14:31:44  마지막위험음성:3
14:31:44  RSSI원시:-81
14:31:44  RSSI평활:-79.5
14:31:44  RSSI샘플:2396
14:31:44  RSSI경과ms:11
14:31:44  RSSI구간:1
14:31:44  RSSI거리:12.00
14:31:44  상대보정:1
14:31:44  상대보정중:0
14:31:44  보정동쪽:12.63
14:31:44  보정북쪽:-31.94
14:31:44  위험송신:0
14:31:44  시각ms:270998
14:31:44  IMU시각ms:270985
14:31:44  위험:0
14:31:44  원시위험:0
14:31:44  GPS유효:1
14:31:44  위도:37.496437
14:31:44  경도:126.957972
14:31:44  속도:0.01
14:31:44  방향:150.5
14:31:44  이동방향유효:0
14:31:44  GPS이동방향:150.5
14:31:44  차체방향유효:1
14:31:44  차체방향:141.7
14:31:44  후진판정:0
14:31:44  IMU요회전속도:0.00
14:31:44  방향가속도크기:9.77
14:31:44  방향자이로크기:2.41
14:31:44  방향자세cos:0.9986
14:31:44  자기모델잔차:21.63
14:31:44  자기모델반경:0.861
14:31:44  방향채택:2
14:31:44  방향거부:30897
14:31:44  GPS원시속도:0.021
14:31:44  GPS원시방향유효:1
14:31:44  GPS원시방향:135.4
14:31:44  가속도:-0.68,0.94,9.71
14:31:44  자이로:0.1,0.3,-2.4
14:31:44  자력계:-7.800,-5.700,16.950
14:31:44  충격값:0.06
14:31:44  충격피크:0.17
14:31:44  마지막충격발생값:111.97
14:31:44  마지막충격발생ms:136944
14:31:44  송신:2568
14:31:44  지팡이수신:2399
14:31:44  GPS위성:9
14:31:44  GPS_HDOP:0.95
14:31:44  원시위도:37.496428
14:31:44  원시경도:126.957969
14:31:44  GPS채택:1182
14:31:44  GPS이상치거부:24
14:31:44  GPS품질거부:2
14:31:44  GPS재기준:0
14:31:44  계산거리:-1.00
14:31:44  접근속도:0.00
14:31:44  TTC:999.00
14:31:44  방향오차:0.0
14:31:44  전방여부:0
14:31:44  위험음성횟수:9
14:31:44  충격음성횟수:1
14:31:44  마지막위험음성:3
14:31:44  RSSI원시:-79
14:31:44  RSSI평활:-79.3
14:31:44  RSSI샘플:2399
14:31:44  RSSI경과ms:18
14:31:44  RSSI구간:1
14:31:44  RSSI거리:12.00
14:31:44  상대보정:1
14:31:44  상대보정중:0
14:31:44  보정동쪽:12.63
14:31:44  보정북쪽:-31.94
14:31:44  위험송신:0
14:31:44  시각ms:271090
14:31:44  IMU시각ms:271089
14:31:44  위험:0
14:31:44  원시위험:0
14:31:44  GPS유효:1
14:31:44  위도:37.496436
14:31:44  경도:126.957971
14:31:44  속도:0.03
14:31:44  방향:150.5
14:31:44  이동방향유효:0
14:31:44  GPS이동방향:150.5
14:31:44  차체방향유효:1
14:31:44  차체방향:141.7
14:31:44  후진판정:0
14:31:44  IMU요회전속도:0.00
14:31:44  방향가속도크기:9.73
14:31:44  방향자이로크기:1.20
14:31:44  방향자세cos:0.9982
14:31:44  자기모델잔차:23.11
14:31:44  자기모델반경:0.821
14:31:44  방향채택:2
14:31:44  방향거부:30908
14:31:44  GPS원시속도:0.046
14:31:44  GPS원시방향유효:1
14:31:44  GPS원시방향:135.4
14:31:44  가속도:-0.74,0.97,9.65
14:31:44  자이로:-0.6,-0.9,0.6
14:31:44  자력계:-4.950,-4.650,18.300
14:31:44  충격값:0.04
14:31:44  충격피크:0.23
14:31:44  마지막충격발생값:111.97
14:31:44  마지막충격발생ms:136944
14:31:44  송신:2569
14:31:44  지팡이수신:2399
14:31:44  GPS위성:9
14:31:44  GPS_HDOP:0.95
14:31:44  원시위도:37.496428
14:31:44  원시경도:126.957968
14:31:44  GPS채택:1183
14:31:44  GPS이상치거부:24
14:31:44  GPS품질거부:2
14:31:44  GPS재기준:0
14:31:44  계산거리:-1.00
14:31:44  접근속도:0.00
14:31:44  TTC:999.00
14:31:44  방향오차:0.0
14:31:44  전방여부:0
14:31:44  위험음성횟수:9
14:31:44  충격음성횟수:1
14:31:44  마지막위험음성:3
14:31:44  RSSI원시:-79
14:31:44  RSSI평활:-79.3
14:31:44  RSSI샘플:2399
14:31:44  RSSI경과ms:110
14:31:44  RSSI구간:1
14:31:44  RSSI거리:12.00
14:31:44  상대보정:1
14:31:44  상대보정중:0
14:31:44  보정동쪽:12.63
14:31:44  보정북쪽:-31.94
14:31:44  위험송신:0
14:31:44  시각ms:271292
14:31:44  IMU시각ms:271291
14:31:44  위험:0
14:31:44  원시위험:0
14:31:44  GPS유효:1
14:31:44  위도:37.496435
14:31:44  경도:126.957971
14:31:44  속도:0.02
14:31:44  방향:150.5
14:31:44  이동방향유효:0
14:31:44  GPS이동방향:150.5
14:31:44  차체방향유효:1
14:31:44  차체방향:141.7
14:31:44  후진판정:0
14:31:44  IMU요회전속도:0.00
14:31:44  방향가속도크기:9.64
14:31:44  방향자이로크기:2.94
14:31:44  방향자세cos:0.9984
14:31:44  자기모델잔차:22.15
14:31:44  자기모델반경:0.818
14:31:44  방향채택:2
14:31:44  방향거부:30932
14:31:44  GPS원시속도:0.005
14:31:44  GPS원시방향유효:1
14:31:44  GPS원시방향:135.4
14:31:44  가속도:-0.71,0.94,9.57
14:31:44  자이로:2.1,-1.0,-1.8
14:31:44  자력계:-5.400,-5.250,17.400
14:31:44  충격값:0.10
14:31:44  충격피크:0.17
14:31:44  마지막충격발생값:111.97
14:31:44  마지막충격발생ms:136944
14:31:44  송신:2571
14:31:44  지팡이수신:2400
14:31:44  GPS위성:9
14:31:44  GPS_HDOP:0.95
14:31:44  원시위도:37.496427
14:31:44  원시경도:126.957968
14:31:44  GPS채택:1184
14:31:44  GPS이상치거부:24
14:31:44  GPS품질거부:2
14:31:44  GPS재기준:0
14:31:44  계산거리:-1.00
14:31:44  접근속도:0.00
14:31:44  TTC:999.00
14:31:44  방향오차:0.0
14:31:44  전방여부:0
14:31:44  위험음성횟수:9
14:31:44  충격음성횟수:1
14:31:44  마지막위험음성:3
14:31:44  RSSI원시:-79
14:31:44  RSSI평활:-79.3
14:31:44  RSSI샘플:2400
14:31:44  RSSI경과ms:89
14:31:44  RSSI구간:1
14:31:44  RSSI거리:12.00
14:31:44  상대보정:1
14:31:44  상대보정중:0
14:31:44  보정동쪽:12.63
14:31:44  보정북쪽:-31.94
14:31:44  위험송신:0
14:31:45  시각ms:272029
14:31:45  IMU시각ms:272028
14:31:45  위험:0
14:31:45  원시위험:0
14:31:45  GPS유효:1
14:31:45  위도:37.496432
14:31:45  경도:126.957970
14:31:45  속도:0.05
14:31:45  방향:150.5
14:31:45  이동방향유효:0
14:31:45  GPS이동방향:150.5
14:31:45  차체방향유효:1
14:31:45  차체방향:141.6
14:31:45  후진판정:0
14:31:45  IMU요회전속도:0.00
14:31:45  방향가속도크기:10.26
14:31:45  방향자이로크기:4.83
14:31:45  방향자세cos:0.9993
14:31:45  자기모델잔차:21.58
14:31:45  자기모델반경:0.789
14:31:45  방향채택:2
14:31:45  방향거부:31018
14:31:45  GPS원시속도:0.067
14:31:45  GPS원시방향유효:1
14:31:45  GPS원시방향:135.4
14:31:45  가속도:-0.54,0.88,10.20
14:31:45  자이로:1.7,-3.7,2.7
14:31:45  자력계:-3.750,-5.100,16.800
14:31:45  충격값:0.52
14:31:45  충격피크:1.04
14:31:45  마지막충격발생값:111.97
14:31:45  마지막충격발생ms:136944
14:31:45  송신:2578
14:31:45  지팡이수신:2402
14:31:45  GPS위성:8
14:31:45  GPS_HDOP:1.06
14:31:45  원시위도:37.496425
14:31:45  원시경도:126.957967
14:31:45  GPS채택:1188
14:31:45  GPS이상치거부:24
14:31:45  GPS품질거부:2
14:31:45  GPS재기준:0
14:31:45  계산거리:-1.00
14:31:45  접근속도:0.00
14:31:45  TTC:999.00
14:31:45  방향오차:0.0
14:31:45  전방여부:0
14:31:45  위험음성횟수:9
14:31:45  충격음성횟수:1
14:31:45  마지막위험음성:3
14:31:45  RSSI원시:-85
14:31:45  RSSI평활:-81.5
14:31:45  RSSI샘플:2402
14:31:45  RSSI경과ms:128
14:31:45  RSSI구간:1
14:31:45  RSSI거리:12.00
14:31:45  상대보정:1
14:31:45  상대보정중:0
14:31:45  보정동쪽:12.63
14:31:45  보정북쪽:-31.94
14:31:45  위험송신:0
14:31:45  시각ms:272446
14:31:45  IMU시각ms:272445
14:31:45  위험:0
14:31:45  원시위험:0
14:31:45  GPS유효:1
14:31:45  위도:37.496431
14:31:45  경도:126.957970
14:31:45  속도:0.10
14:31:45  방향:150.5
14:31:45  이동방향유효:0
14:31:45  GPS이동방향:150.5
14:31:45  차체방향유효:1
14:31:45  차체방향:137.5
14:31:46  후진판정:0
14:31:46  IMU요회전속도:0.00
14:31:46  방향가속도크기:13.49
14:31:46  방향자이로크기:38.98
14:31:46  방향자세cos:0.9901
14:31:46  자기모델잔차:22.72
14:31:46  자기모델반경:0.819
14:31:46  방향채택:2
14:31:46  방향거부:31068
14:31:46  GPS원시속도:0.134
14:31:46  GPS원시방향유효:1
14:31:46  GPS원시방향:135.4
14:31:46  가속도:-0.18,1.16,13.44
14:31:46  자이로:15.1,-35.7,3.6
14:31:46  자력계:-8.850,-11.550,12.900
14:31:46  충격값:2.83
14:31:46  충격피크:2.83
14:31:46  마지막충격발생값:111.97
14:31:46  마지막충격발생ms:136944
14:31:46  송신:2582
14:31:46  지팡이수신:2404
14:31:46  GPS위성:9
14:31:46  GPS_HDOP:1.06
14:31:46  원시위도:37.496424
14:31:46  원시경도:126.957968
14:31:46  GPS채택:1190
14:31:46  GPS이상치거부:24
14:31:46  GPS품질거부:2
14:31:46  GPS재기준:0
14:31:46  계산거리:-1.00
14:31:46  접근속도:0.00
14:31:46  TTC:999.00
14:31:46  방향오차:0.0
14:31:46  전방여부:0
14:31:46  위험음성횟수:9
14:31:46  충격음성횟수:1
14:31:46  마지막위험음성:3
14:31:46  RSSI원시:-76
14:31:46  RSSI평활:-80.0
14:31:46  RSSI샘플:2404
14:31:46  RSSI경과ms:93
14:31:46  RSSI구간:1
14:31:46  RSSI거리:12.00
14:31:46  상대보정:1
14:31:46  상대보정중:0
14:31:46  보정동쪽:12.63
14:31:46  보정북쪽:-31.94
14:31:46  위험송신:0
14:31:46  시각ms:272967
14:31:46  IMU시각ms:272966
14:31:46  위험:0
14:31:46  원시위험:0
14:31:46  GPS유효:1
14:31:46  위도:37.496430
14:31:46  경도:126.957969
14:31:46  속도:0.09
14:31:46  방향:150.5
14:31:46  이동방향유효:0
14:31:46  GPS이동방향:150.5
14:31:46  차체방향유효:1
14:31:46  차체방향:116.4
14:31:46  후진판정:0
14:31:46  IMU요회전속도:-33.57
14:31:46  방향가속도크기:8.87
14:31:46  방향자이로크기:46.25
14:31:46  방향자세cos:0.9890
14:31:46  자기모델잔차:17.27
14:31:46  자기모델반경:0.841
14:31:46  방향채택:2
14:31:46  방향거부:31129
14:31:46  GPS원시속도:0.077
14:31:46  GPS원시방향유효:1
14:31:46  GPS원시방향:135.4
14:31:46  가속도:-1.27,-0.49,8.76
14:31:46  자이로:25.8,0.5,38.4
14:31:46  자력계:5.400,0.450,10.950
14:31:46  충격값:1.30
14:31:46  충격피크:1.59
14:31:46  마지막충격발생값:111.97
14:31:46  마지막충격발생ms:136944
14:31:46  송신:2587
14:31:46  지팡이수신:2407
14:31:46  GPS위성:8
14:31:46  GPS_HDOP:1.00
14:31:46  원시위도:37.496423
14:31:46  원시경도:126.957967
14:31:46  GPS채택:1192
14:31:46  GPS이상치거부:24
14:31:46  GPS품질거부:2
14:31:46  GPS재기준:0
14:31:46  계산거리:-1.00
14:31:46  접근속도:0.00
14:31:46  TTC:999.00
14:31:46  방향오차:0.0
14:31:46  전방여부:0
14:31:46  위험음성횟수:9
14:31:46  충격음성횟수:1
14:31:46  마지막위험음성:3
14:31:46  RSSI원시:-88
14:31:46  RSSI평활:-82.5
14:31:46  RSSI샘플:2407
14:31:46  RSSI경과ms:83
14:31:46  RSSI구간:1
14:31:46  RSSI거리:12.00
14:31:46  상대보정:1
14:31:46  상대보정중:0
14:31:46  보정동쪽:12.63
14:31:46  보정북쪽:-31.94
14:31:46  위험송신:0
14:31:46  시각ms:273070
14:31:46  IMU시각ms:273069
14:31:46  위험:0
14:31:46  원시위험:0
14:31:46  GPS유효:1
14:31:46  위도:37.496429
14:31:46  경도:126.957969
14:31:46  속도:0.06
14:31:46  방향:150.5
14:31:46  이동방향유효:0
14:31:46  GPS이동방향:150.5
14:31:46  차체방향유효:1
14:31:46  차체방향:113.2
14:31:46  후진판정:0
14:31:46  IMU요회전속도:-31.59
14:31:46  방향가속도크기:8.09
14:31:46  방향자이로크기:35.52
14:31:46  방향자세cos:0.9828
14:31:46  자기모델잔차:17.64
14:31:46  자기모델반경:0.950
14:31:46  방향채택:2
14:31:46  방향거부:31141
14:31:46  GPS원시속도:0.041
14:31:46  GPS원시방향유효:1
14:31:46  GPS원시방향:135.4
14:31:46  가속도:-1.00,-0.96,7.97
14:31:46  자이로:-3.1,-10.1,33.9
14:31:46  자력계:6.600,4.050,11.700
14:31:46  충격값:1.70
14:31:46  충격피크:2.46
14:31:46  마지막충격발생값:111.97
14:31:46  마지막충격발생ms:136944
14:31:46  송신:2588
14:31:46  지팡이수신:2408
14:31:46  GPS위성:8
14:31:46  GPS_HDOP:1.00
14:31:46  원시위도:37.496423
14:31:46  원시경도:126.957967
14:31:46  GPS채택:1193
14:31:46  GPS이상치거부:24
14:31:46  GPS품질거부:2
14:31:46  GPS재기준:0
14:31:46  계산거리:-1.00
14:31:46  접근속도:0.00
14:31:46  TTC:999.00
14:31:46  방향오차:0.0
14:31:46  전방여부:0
14:31:46  위험음성횟수:9
14:31:46  충격음성횟수:1
14:31:46  마지막위험음성:3
14:31:46  RSSI원시:-78
14:31:46  RSSI평활:-81.6
14:31:46  RSSI샘플:2408
14:31:46  RSSI경과ms:77
14:31:46  RSSI구간:1
14:31:46  RSSI거리:12.00
14:31:46  상대보정:1
14:31:46  상대보정중:0
14:31:46  보정동쪽:12.63
14:31:46  보정북쪽:-31.94
14:31:46  위험송신:0
14:31:46  시각ms:273177
14:31:46  IMU시각ms:273176
14:31:46  위험:0
14:31:46  원시위험:0
14:31:46  GPS유효:1
14:31:46  위도:37.496429
14:31:46  경도:126.957969
14:31:46  속도:0.06
14:31:46  방향:150.5
14:31:46  이동방향유효:0
14:31:46  GPS이동방향:150.5
14:31:46  차체방향유효:1
14:31:46  차체방향:108.9
14:31:46  후진판정:0
14:31:46  IMU요회전속도:-35.97
14:31:46  방향가속도크기:9.86
14:31:46  방향자이로크기:39.32
14:31:46  방향자세cos:0.9841
14:31:46  자기모델잔차:18.89
14:31:46  자기모델반경:1.000
14:31:46  방향채택:2
14:31:46  방향거부:31154
14:31:46  GPS원시속도:0.041
14:31:46  GPS원시방향유효:1
14:31:46  GPS원시방향:135.4
14:31:46  가속도:-0.11,-1.24,9.78
14:31:46  자이로:2.2,6.0,38.8
14:31:46  자력계:7.200,5.850,12.750
14:31:46  충격값:1.27
14:31:46  충격피크:1.62
14:31:46  마지막충격발생값:111.97
14:31:46  마지막충격발생ms:136944
14:31:46  송신:2589
14:31:46  지팡이수신:2409
14:31:46  GPS위성:8
14:31:46  GPS_HDOP:1.00
14:31:46  원시위도:37.496423
14:31:46  원시경도:126.957967
14:31:46  GPS채택:1193
14:31:46  GPS이상치거부:24
14:31:46  GPS품질거부:2
14:31:46  GPS재기준:0
14:31:46  계산거리:-1.00
14:31:46  접근속도:0.00
14:31:46  TTC:999.00
14:31:46  방향오차:0.0
14:31:46  전방여부:0
14:31:46  위험음성횟수:9
14:31:46  충격음성횟수:1
14:31:46  마지막위험음성:3
14:31:46  RSSI원시:-86
14:31:46  RSSI평활:-82.5
14:31:46  RSSI샘플:2409
14:31:46  RSSI경과ms:87
14:31:46  RSSI구간:1
14:31:46  RSSI거리:12.00
14:31:46  상대보정:1
14:31:46  상대보정중:0
14:31:46  보정동쪽:12.63
14:31:46  보정북쪽:-31.94
14:31:46  위험송신:0
14:31:46  시각ms:273385
14:31:46  IMU시각ms:273384
14:31:46  위험:0
14:31:46  원시위험:0
14:31:46  GPS유효:1
14:31:46  위도:37.496429
14:31:46  경도:126.957969
14:31:46  속도:0.20
14:31:46  방향:150.5
14:31:46  이동방향유효:0
14:31:46  GPS이동방향:150.5
14:31:46  차체방향유효:1
14:31:46  차체방향:102.1
14:31:46  후진판정:0
14:31:46  IMU요회전속도:-11.37
14:31:46  방향가속도크기:9.23
14:31:46  방향자이로크기:39.15
14:31:46  방향자세cos:0.9988
14:31:46  자기모델잔차:19.15
14:31:46  자기모델반경:1.022
14:31:46  방향채택:2
14:31:46  방향거부:31179
14:31:46  GPS원시속도:0.329
14:31:46  GPS원시방향유효:1
14:31:46  GPS원시방향:135.4
14:31:46  가속도:-0.11,0.13,9.23
14:31:46  자이로:-34.7,-13.7,11.8
14:31:46  자력계:8.850,6.750,12.900
14:31:46  충격값:0.51
14:31:46  충격피크:0.88
14:31:46  마지막충격발생값:111.97
14:31:46  마지막충격발생ms:136944
14:31:46  송신:2591
14:31:46  지팡이수신:2410
14:31:46  GPS위성:8
14:31:46  GPS_HDOP:1.00
14:31:46  원시위도:37.496423
14:31:46  원시경도:126.957965
14:31:46  GPS채택:1194
14:31:46  GPS이상치거부:24
14:31:46  GPS품질거부:2
14:31:46  GPS재기준:0
14:31:46  계산거리:-1.00
14:31:46  접근속도:0.00
14:31:46  TTC:999.00
14:31:46  방향오차:0.0
14:31:46  전방여부:0
14:31:46  위험음성횟수:9
14:31:46  충격음성횟수:1
14:31:46  마지막위험음성:3
14:31:46  RSSI원시:-80
14:31:46  RSSI평활:-82.0
14:31:46  RSSI샘플:2410
14:31:46  RSSI경과ms:121
14:31:46  RSSI구간:1
14:31:46  RSSI거리:12.00
14:31:46  상대보정:1
14:31:46  상대보정중:0
14:31:46  보정동쪽:12.63
14:31:46  보정북쪽:-31.94
14:31:46  위험송신:0
14:31:47  시각ms:273486
14:31:47  IMU시각ms:273485
14:31:47  위험:0
14:31:47  원시위험:0
14:31:47  GPS유효:1
14:31:47  위도:37.496425
14:31:47  경도:126.957965
14:31:47  속도:0.46
14:31:47  방향:226.1
14:31:47  이동방향유효:1
14:31:47  GPS이동방향:226.1
14:31:47  차체방향유효:1
14:31:47  차체방향:102.1
14:31:47  후진판정:0
14:31:47  IMU요회전속도:12.07
14:31:47  방향가속도크기:9.26
14:31:47  방향자이로크기:26.21
14:31:47  방향자세cos:0.9966
14:31:47  자기모델잔차:18.30
14:31:47  자기모델반경:1.033
14:31:47  방향채택:2
14:31:47  방향거부:31191
14:31:47  GPS원시속도:0.731
14:31:47  GPS원시방향유효:1
14:31:47  GPS원시방향:226.1
14:31:47  가속도:0.05,-0.15,9.26
14:31:47  자이로:-19.2,-6.8,-16.5
14:31:47  자력계:9.900,7.050,12.000
14:31:47  충격값:0.44
14:31:47  충격피크:0.93
14:31:47  마지막충격발생값:111.97
14:31:47  마지막충격발생ms:136944
14:31:47  송신:2592
14:31:47  지팡이수신:2411
14:31:47  GPS위성:8
14:31:47  GPS_HDOP:1.00
14:31:47  원시위도:37.496423
14:31:47  원시경도:126.957962
14:31:47  GPS채택:1195
14:31:47  GPS이상치거부:24
14:31:47  GPS품질거부:2
14:31:47  GPS재기준:0
14:31:47  계산거리:-1.00
14:31:47  접근속도:0.00
14:31:47  TTC:999.00
14:31:47  방향오차:0.0
14:31:47  전방여부:0
14:31:47  위험음성횟수:9
14:31:47  충격음성횟수:1
14:31:47  마지막위험음성:3
14:31:47  RSSI원시:-77
14:31:47  RSSI평활:-81.0
14:31:47  RSSI샘플:2411
14:31:47  RSSI경과ms:79
14:31:47  RSSI구간:1
14:31:47  RSSI거리:12.00
14:31:47  상대보정:1
14:31:47  상대보정중:0
14:31:47  보정동쪽:12.63
14:31:47  보정북쪽:-31.94
14:31:47  위험송신:0
14:31:47  시각ms:273586
14:31:47  IMU시각ms:273585
14:31:47  위험:0
14:31:47  원시위험:0
14:31:47  GPS유효:1
14:31:47  위도:37.496425
14:31:47  경도:126.957965
14:31:47  속도:0.46
14:31:47  방향:226.1
14:31:47  이동방향유효:1
14:31:47  GPS이동방향:226.1
14:31:47  차체방향유효:1
14:31:47  차체방향:105.5
14:31:47  후진판정:0
14:31:47  IMU요회전속도:48.26
14:31:47  방향가속도크기:10.32
14:31:47  방향자이로크기:54.42
14:31:47  방향자세cos:0.9955
14:31:47  자기모델잔차:18.44
14:31:47  자기모델반경:0.958
14:31:47  방향채택:2
14:31:47  방향거부:31203
14:31:47  GPS원시속도:0.731
14:31:47  GPS원시방향유효:1
14:31:47  GPS원시방향:226.1
14:31:47  가속도:-0.68,-0.92,10.26
14:31:47  자이로:0.5,-15.4,-52.2
14:31:47  자력계:7.800,1.650,12.450
14:31:47  충격값:1.16
14:31:47  충격피크:1.16
14:31:47  마지막충격발생값:111.97
14:31:47  마지막충격발생ms:136944
14:31:47  송신:2593
14:31:47  지팡이수신:2411
14:31:47  GPS위성:8
14:31:47  GPS_HDOP:1.00
14:31:47  원시위도:37.496423
14:31:47  원시경도:126.957962
14:31:47  GPS채택:1195
14:31:47  GPS이상치거부:24
14:31:47  GPS품질거부:2
14:31:47  GPS재기준:0
14:31:47  계산거리:-1.00
14:31:47  접근속도:0.00
14:31:47  TTC:999.00
14:31:47  방향오차:0.0
14:31:47  전방여부:0
14:31:47  위험음성횟수:9
14:31:47  충격음성횟수:1
14:31:47  마지막위험음성:3
14:31:47  RSSI원시:-77
14:31:47  RSSI평활:-81.0
14:31:47  RSSI샘플:2411
14:31:47  RSSI경과ms:179
14:31:47  RSSI구간:1
14:31:47  RSSI거리:12.00
14:31:47  상대보정:1
14:31:47  상대보정중:0
14:31:47  보정동쪽:12.63
14:31:47  보정북쪽:-31.94
14:31:47  위험송신:0
14:31:47  시각ms:273688
14:31:47  IMU시각ms:273687
14:31:47  위험:0
14:31:47  원시위험:0
14:31:47  GPS유효:1
14:31:47  위도:37.496423
14:31:47  경도:126.957962
14:31:47  속도:0.59
14:31:47  방향:232.7
14:31:47  이동방향유효:1
14:31:47  GPS이동방향:232.7
14:31:47  차체방향유효:1
14:31:47  차체방향:110.5
14:31:47  후진판정:0
14:31:47  IMU요회전속도:43.51
14:31:47  방향가속도크기:10.25
14:31:47  방향자이로크기:52.80
14:31:47  방향자세cos:0.9955
14:31:47  자기모델잔차:18.44
14:31:47  자기모델반경:0.958
14:31:47  방향채택:2
14:31:47  방향거부:31215
14:31:47  GPS원시속도:0.715
14:31:47  GPS원시방향유효:1
14:31:47  GPS원시방향:245.1
14:31:47  가속도:1.07,-0.82,10.17
14:31:47  자이로:9.0,-20.7,-47.7
14:31:47  자력계:4.950,3.150,15.000
14:31:47  충격값:1.41
14:31:47  충격피크:1.58
14:31:47  마지막충격발생값:111.97
14:31:47  마지막충격발생ms:136944
14:31:47  송신:2594
14:31:47  지팡이수신:2412
14:31:47  GPS위성:8
14:31:47  GPS_HDOP:1.00
14:31:47  원시위도:37.496423
14:31:47  원시경도:126.957960
14:31:47  GPS채택:1196
14:31:47  GPS이상치거부:24
14:31:47  GPS품질거부:2
14:31:47  GPS재기준:0
14:31:47  계산거리:-1.00
14:31:47  접근속도:0.00
14:31:47  TTC:999.00
14:31:47  방향오차:0.0
14:31:47  전방여부:0
14:31:47  위험음성횟수:9
14:31:47  충격음성횟수:1
14:31:47  마지막위험음성:3
14:31:47  RSSI원시:-76
14:31:47  RSSI평활:-80.0
14:31:47  RSSI샘플:2412
14:31:47  RSSI경과ms:44
14:31:47  RSSI구간:1
14:31:47  RSSI거리:12.00
14:31:47  상대보정:1
14:31:47  상대보정중:0
14:31:47  보정동쪽:12.63
14:31:47  보정북쪽:-31.94
14:31:47  위험송신:0
14:31:47  시각ms:273812
14:31:47  IMU시각ms:273788
14:31:47  위험:0
14:31:47  원시위험:0
14:31:47  GPS유효:1
14:31:47  위도:37.496423
14:31:47  경도:126.957962
14:31:47  속도:0.59
14:31:47  방향:232.7
14:31:47  이동방향유효:1
14:31:47  GPS이동방향:232.7
14:31:47  차체방향유효:1
14:31:47  차체방향:113.7
14:31:47  후진판정:0
14:31:47  IMU요회전속도:18.13
14:31:47  방향가속도크기:8.73
14:31:47  방향자이로크기:24.66
14:31:47  방향자세cos:0.9486
14:31:47  자기모델잔차:18.44
14:31:47  자기모델반경:0.958
14:31:47  방향채택:2
14:31:47  방향거부:31227
14:31:47  GPS원시속도:0.715
14:31:47  GPS원시방향유효:1
14:31:47  GPS원시방향:245.1
14:31:47  가속도:2.09,-0.82,8.44
14:31:47  자이로:8.1,9.2,-21.4
14:31:47  자력계:1.500,0.300,15.300
14:31:47  충격값:2.12
14:31:47  충격피크:2.29
14:31:47  마지막충격발생값:111.97
14:31:47  마지막충격발생ms:136944
14:31:47  송신:2595
14:31:47  지팡이수신:2413
14:31:47  GPS위성:8
14:31:47  GPS_HDOP:1.00
14:31:47  원시위도:37.496423
14:31:47  원시경도:126.957960
14:31:47  GPS채택:1196
14:31:47  GPS이상치거부:24
14:31:47  GPS품질거부:2
14:31:47  GPS재기준:0
14:31:47  계산거리:-1.00
14:31:47  접근속도:0.00
14:31:47  TTC:999.00
14:31:47  방향오차:0.0
14:31:47  전방여부:0
14:31:47  위험음성횟수:9
14:31:47  충격음성횟수:1
14:31:47  마지막위험음성:3
14:31:47  RSSI원시:-80
14:31:47  RSSI평활:-80.0
14:31:47  RSSI샘플:2413
14:31:47  RSSI경과ms:75
14:31:47  RSSI구간:1
14:31:47  RSSI거리:12.00
14:31:47  상대보정:1
14:31:47  상대보정중:0
14:31:47  보정동쪽:12.63
14:31:47  보정북쪽:-31.94
14:31:47  위험송신:0
14:31:47  시각ms:273905
14:31:47  IMU시각ms:273904
14:31:47  위험:0
14:31:47  원시위험:0
14:31:47  GPS유효:1
14:31:47  위도:37.496422
14:31:47  경도:126.957959
14:31:47  속도:0.71
14:31:47  방향:242.0
14:31:47  이동방향유효:1
14:31:47  GPS이동방향:242.0
14:31:47  차체방향유효:1
14:31:47  차체방향:107.2
14:31:47  후진판정:1
14:31:47  IMU요회전속도:-13.28
14:31:47  방향가속도크기:8.38
14:31:47  방향자이로크기:18.97
14:31:47  방향자세cos:0.9780
14:31:47  자기모델잔차:20.56
14:31:47  자기모델반경:0.834
14:31:47  방향채택:2
14:31:47  방향거부:31238
14:31:47  GPS원시속도:0.823
14:31:47  GPS원시방향유효:1
14:31:47  GPS원시방향:259.3
14:31:47  가속도:0.63,-1.02,8.29
14:31:47  자이로:10.1,3.7,15.6
14:31:47  자력계:3.150,-0.150,15.150
14:31:47  충격값:1.07
14:31:47  충격피크:2.15
14:31:47  마지막충격발생값:111.97
14:31:47  마지막충격발생ms:136944
14:31:47  송신:2596
14:31:47  지팡이수신:2414
14:31:47  GPS위성:8
14:31:47  GPS_HDOP:1.00
14:31:47  원시위도:37.496422
14:31:47  원시경도:126.957958
14:31:47  GPS채택:1197
14:31:47  GPS이상치거부:24
14:31:47  GPS품질거부:2
14:31:47  GPS재기준:0
14:31:47  계산거리:-1.00
14:31:47  접근속도:0.00
14:31:47  TTC:999.00
14:31:47  방향오차:0.0
14:31:47  전방여부:0
14:31:47  위험음성횟수:9
14:31:47  충격음성횟수:1
14:31:47  마지막위험음성:3
14:31:47  RSSI원시:-81
14:31:47  RSSI평활:-80.2
14:31:47  RSSI샘플:2414
14:31:47  RSSI경과ms:69
14:31:47  RSSI구간:1
14:31:47  RSSI거리:12.00
14:31:47  상대보정:1
14:31:47  상대보정중:0
14:31:47  보정동쪽:12.63
14:31:47  보정북쪽:-31.94
14:31:47  위험송신:0
14:31:47  시각ms:274006
14:31:47  IMU시각ms:274005
14:31:47  위험:0
14:31:47  원시위험:0
14:31:47  GPS유효:1
14:31:47  위도:37.496422
14:31:47  경도:126.957957
14:31:47  속도:0.78
14:31:47  방향:252.3
14:31:47  이동방향유효:1
14:31:47  GPS이동방향:252.3
14:31:47  차체방향유효:1
14:31:47  차체방향:101.2
14:31:47  후진판정:1
14:31:47  IMU요회전속도:-18.90
14:31:47  방향가속도크기:9.82
14:31:47  방향자이로크기:27.17
14:31:47  방향자세cos:0.9919
14:31:47  자기모델잔차:22.53
14:31:47  자기모델반경:0.910
14:31:47  방향채택:2
14:31:47  방향거부:31250
14:31:47  GPS원시속도:0.859
14:31:47  GPS원시방향유효:1
14:31:47  GPS원시방향:271.3
14:31:47  가속도:0.37,-0.45,9.80
14:31:47  자이로:11.0,-14.6,20.1
14:31:47  자력계:3.750,2.700,16.800
14:31:47  충격값:0.59
14:31:47  충격피크:0.80
14:31:47  마지막충격발생값:111.97
14:31:47  마지막충격발생ms:136944
14:31:47  송신:2597
14:31:47  지팡이수신:2415
14:31:47  GPS위성:8
14:31:47  GPS_HDOP:1.00
14:31:47  원시위도:37.496423
14:31:47  원시경도:126.957956
14:31:47  GPS채택:1198
14:31:47  GPS이상치거부:24
14:31:47  GPS품질거부:2
14:31:47  GPS재기준:0
14:31:47  계산거리:-1.00
14:31:47  접근속도:0.00
14:31:47  TTC:999.00
14:31:47  방향오차:0.0
14:31:47  전방여부:0
14:31:47  위험음성횟수:9
14:31:47  충격음성횟수:1
14:31:47  마지막위험음성:3
14:31:47  RSSI원시:-79
14:31:47  RSSI평활:-80.0
14:31:47  RSSI샘플:2415
14:31:47  RSSI경과ms:62
14:31:47  RSSI구간:1
14:31:47  RSSI거리:12.00
14:31:47  상대보정:1
14:31:47  상대보정중:0
14:31:47  보정동쪽:12.63
14:31:47  보정북쪽:-31.94
14:31:47  위험송신:0
14:31:47  시각ms:274418
14:31:47  IMU시각ms:274416
14:31:47  위험:0
14:31:47  원시위험:0
14:31:47  GPS유효:1
14:31:47  위도:37.496422
14:31:47  경도:126.957953
14:31:47  속도:0.47
14:31:47  방향:258.9
14:31:47  이동방향유효:1
14:31:47  GPS이동방향:258.9
14:31:47  차체방향유효:1
14:31:47  차체방향:99.1
14:31:47  후진판정:1
14:31:47  IMU요회전속도:20.61
14:31:47  방향가속도크기:9.69
14:31:47  방향자이로크기:31.22
14:31:47  방향자세cos:0.9843
14:31:47  자기모델잔차:21.90
14:31:47  자기모델반경:0.928
14:31:47  방향채택:2
14:31:47  방향거부:31299
14:31:47  GPS원시속도:0.309
14:31:47  GPS원시방향유효:1
14:31:47  GPS원시방향:271.3
14:31:47  가속도:1.13,-0.20,9.62
14:31:47  자이로:-18.2,-10.0,-23.3
14:31:47  자력계:1.650,2.550,16.200
14:31:47  충격값:0.55
14:31:47  충격피크:0.69
14:31:47  마지막충격발생값:111.97
14:31:47  마지막충격발생ms:136944
14:31:47  송신:2601
14:31:47  지팡이수신:2418
14:31:47  GPS위성:8
14:31:47  GPS_HDOP:1.00
14:31:47  원시위도:37.496423
14:31:47  원시경도:126.957954
14:31:47  GPS채택:1200
14:31:47  GPS이상치거부:24
14:31:47  GPS품질거부:2
14:31:47  GPS재기준:0
14:31:47  계산거리:-1.00
14:31:47  접근속도:0.00
14:31:47  TTC:999.00
14:31:47  방향오차:0.0
14:31:47  전방여부:0
14:31:47  위험음성횟수:9
14:31:47  충격음성횟수:1
14:31:47  마지막위험음성:3
14:31:47  RSSI원시:-81
14:31:47  RSSI평활:-80.8
14:31:47  RSSI샘플:2418
14:31:47  RSSI경과ms:62
14:31:47  RSSI구간:1
14:31:47  RSSI거리:12.00
14:31:47  상대보정:1
14:31:47  상대보정중:0
14:31:47  보정동쪽:12.63
14:31:47  보정북쪽:-31.94
14:31:47  위험송신:0
14:31:48  시각ms:274627
14:31:48  IMU시각ms:274626
14:31:48  위험:0
14:31:48  원시위험:0
14:31:48  GPS유효:1
14:31:48  위도:37.496422
14:31:48  경도:126.957953
14:31:48  속도:0.40
14:31:48  방향:258.9
14:31:48  이동방향유효:0
14:31:48  GPS이동방향:258.9
14:31:48  차체방향유효:1
14:31:48  차체방향:107.5
14:31:48  후진판정:1
14:31:48  IMU요회전속도:45.40
14:31:48  방향가속도크기:9.19
14:31:48  방향자이로크기:49.99
14:31:48  방향자세cos:0.9807
14:31:48  자기모델잔차:20.36
14:31:48  자기모델반경:0.821
14:31:48  방향채택:2
14:31:48  방향거부:31324
14:31:48  GPS원시속도:0.324
14:31:48  GPS원시방향유효:1
14:31:48  GPS원시방향:271.3
14:31:48  가속도:1.69,-0.57,9.01
14:31:48  자이로:2.6,-4.8,-49.7
14:31:48  자력계:-3.300,-1.950,18.000
14:31:48  충격값:1.09
14:31:48  충격피크:1.10
14:31:48  마지막충격발생값:111.97
14:31:48  마지막충격발생ms:136944
14:31:48  송신:2603
14:31:48  지팡이수신:2420
14:31:48  GPS위성:8
14:31:48  GPS_HDOP:1.00
14:31:48  원시위도:37.496423
14:31:48  원시경도:126.957952
14:31:48  GPS채택:1201
14:31:48  GPS이상치거부:24
14:31:48  GPS품질거부:2
14:31:48  GPS재기준:0
14:31:48  계산거리:-1.00
14:31:48  접근속도:0.00
14:31:48  TTC:999.00
14:31:48  방향오차:0.0
14:31:48  전방여부:0
14:31:48  위험음성횟수:9
14:31:48  충격음성횟수:1
14:31:48  마지막위험음성:3
14:31:48  RSSI원시:-79
14:31:48  RSSI평활:-80.1
14:31:48  RSSI샘플:2420
14:31:48  RSSI경과ms:62
14:31:48  RSSI구간:1
14:31:48  RSSI거리:12.00
14:31:48  상대보정:1
14:31:48  상대보정중:0
14:31:48  보정동쪽:12.63
14:31:48  보정북쪽:-31.94
14:31:48  위험송신:0
14:31:48  시각ms:274839
14:31:48  IMU시각ms:274838
14:31:48  위험:0
14:31:48  원시위험:0
14:31:48  GPS유효:1
14:31:48  위도:37.496422
14:31:48  경도:126.957953
14:31:48  속도:0.33
14:31:48  방향:258.9
14:31:48  이동방향유효:0
14:31:48  GPS이동방향:258.9
14:31:48  차체방향유효:1
14:31:48  차체방향:110.7
14:31:48  후진판정:1
14:31:48  IMU요회전속도:15.37
14:31:48  방향가속도크기:9.92
14:31:48  방향자이로크기:19.30
14:31:48  방향자세cos:0.9631
14:31:48  자기모델잔차:20.06
14:31:48  자기모델반경:0.834
14:31:48  방향채택:2
14:31:48  방향거부:31348
14:31:48  GPS원시속도:0.257
14:31:48  GPS원시방향유효:1
14:31:48  GPS원시방향:271.3
14:31:48  가속도:1.68,-1.15,9.71
14:31:48  자이로:-0.6,-2.8,-19.1
14:31:48  자력계:-6.300,-5.700,15.450
14:31:48  충격값:0.75
14:31:48  충격피크:1.04
14:31:48  마지막충격발생값:111.97
14:31:48  마지막충격발생ms:136944
14:31:48  송신:2605
14:31:48  지팡이수신:2422
14:31:48  GPS위성:8
14:31:48  GPS_HDOP:1.00
14:31:48  원시위도:37.496423
14:31:48  원시경도:126.957951
14:31:48  GPS채택:1202
14:31:48  GPS이상치거부:24
14:31:48  GPS품질거부:2
14:31:48  GPS재기준:0
14:31:48  계산거리:-1.00
14:31:48  접근속도:0.00
14:31:48  TTC:999.00
14:31:48  방향오차:0.0
14:31:48  전방여부:0
14:31:48  위험음성횟수:9
14:31:48  충격음성횟수:1
14:31:48  마지막위험음성:3
14:31:48  RSSI원시:-77
14:31:48  RSSI평활:-78.8
14:31:48  RSSI샘플:2422
14:31:48  RSSI경과ms:63
14:31:48  RSSI구간:1
14:31:48  RSSI거리:12.00
14:31:48  상대보정:1
14:31:48  상대보정중:0
14:31:48  보정동쪽:12.63
14:31:48  보정북쪽:-31.94
14:31:48  위험송신:0
14:31:49  시각ms:275456
14:31:49  IMU시각ms:275455
14:31:49  위험:0
14:31:49  원시위험:0
14:31:49  GPS유효:1
14:31:49  위도:37.496423
14:31:49  경도:126.957952
14:31:49  속도:0.07
14:31:49  방향:258.9
14:31:49  이동방향유효:0
14:31:49  GPS이동방향:258.9
14:31:49  차체방향유효:1
14:31:49  차체방향:111.4
14:31:49  후진판정:1
14:31:49  IMU요회전속도:-1.69
14:31:49  방향가속도크기:9.71
14:31:49  방향자이로크기:4.90
14:31:49  방향자세cos:0.9755
14:31:49  자기모델잔차:19.32
14:31:49  자기모델반경:0.805
14:31:49  방향채택:2
14:31:49  방향거부:31422
14:31:49  GPS원시속도:0.015
14:31:49  GPS원시방향유효:1
14:31:49  GPS원시방향:271.3
14:31:49  가속도:1.42,-0.59,9.59
14:31:49  자이로:2.9,0.2,4.0
14:31:49  자력계:-5.850,-6.450,14.700
14:31:49  충격값:0.04
14:31:49  충격피크:0.26
14:31:49  마지막충격발생값:111.97
14:31:49  마지막충격발생ms:136944
14:31:49  송신:2611
14:31:49  지팡이수신:2426
14:31:49  GPS위성:8
14:31:49  GPS_HDOP:1.00
14:31:49  원시위도:37.496424
14:31:49  원시경도:126.957951
14:31:49  GPS채택:1205
14:31:49  GPS이상치거부:24
14:31:49  GPS품질거부:2
14:31:49  GPS재기준:0
14:31:49  계산거리:-1.00
14:31:49  접근속도:0.00
14:31:49  TTC:999.00
14:31:49  방향오차:0.0
14:31:49  전방여부:0
14:31:49  위험음성횟수:9
14:31:49  충격음성횟수:1
14:31:49  마지막위험음성:3
14:31:49  RSSI원시:-79
14:31:49  RSSI평활:-79.8
14:31:49  RSSI샘플:2426
14:31:49  RSSI경과ms:47
14:31:49  RSSI구간:1
14:31:49  RSSI거리:12.00
14:31:49  상대보정:1
14:31:49  상대보정중:0
14:31:49  보정동쪽:12.63
14:31:49  보정북쪽:-31.94
14:31:49  위험송신:0
14:31:49  시각ms:275556
14:31:49  IMU시각ms:275555
14:31:49  위험:0
14:31:49  원시위험:0
14:31:49  GPS유효:1
14:31:49  위도:37.496423
14:31:49  경도:126.957952
14:31:49  속도:0.07
14:31:49  방향:258.9
14:31:49  이동방향유효:0
14:31:49  GPS이동방향:258.9
14:31:49  차체방향유효:1
14:31:49  차체방향:111.3
14:31:49  후진판정:1
14:31:49  IMU요회전속도:0.00
14:31:49  방향가속도크기:9.94
14:31:49  방향자이로크기:6.74
14:31:49  방향자세cos:0.9773
14:31:49  자기모델잔차:21.42
14:31:49  자기모델반경:0.822
14:31:49  방향채택:2
14:31:49  방향거부:31434
14:31:49  GPS원시속도:0.015
14:31:49  GPS원시방향유효:1
14:31:49  GPS원시방향:271.3
14:31:49  가속도:1.45,-0.44,9.82
14:31:49  자이로:-0.4,6.3,2.3
14:31:49  자력계:-3.750,-3.900,16.500
14:31:49  충격값:0.23
14:31:49  충격피크:0.38
14:31:49  마지막충격발생값:111.97
14:31:49  마지막충격발생ms:136944
14:31:49  송신:2612
14:31:49  지팡이수신:2427
14:31:49  GPS위성:8
14:31:49  GPS_HDOP:1.00
14:31:49  원시위도:37.496424
14:31:49  원시경도:126.957951
14:31:49  GPS채택:1205
14:31:49  GPS이상치거부:24
14:31:49  GPS품질거부:2
14:31:49  GPS재기준:0
14:31:49  계산거리:-1.00
14:31:49  접근속도:0.00
14:31:49  TTC:999.00
14:31:49  방향오차:0.0
14:31:49  전방여부:0
14:31:49  위험음성횟수:9
14:31:49  충격음성횟수:1
14:31:49  마지막위험음성:3
14:31:49  RSSI원시:-79
14:31:49  RSSI평활:-79.6
14:31:49  RSSI샘플:2427
14:31:49  RSSI경과ms:43
14:31:49  RSSI구간:1
14:31:49  RSSI거리:12.00
14:31:49  상대보정:1
14:31:49  상대보정중:0
14:31:49  보정동쪽:12.63
14:31:49  보정북쪽:-31.94
14:31:49  위험송신:0
14:31:49  시각ms:276169
14:31:49  IMU시각ms:276168
14:31:49  위험:0
14:31:49  원시위험:0
14:31:49  GPS유효:1
14:31:49  위도:37.496423
14:31:49  경도:126.957952
14:31:49  속도:0.05
14:31:49  방향:258.9
14:31:49  이동방향유효:0
14:31:49  GPS이동방향:258.9
14:31:49  차체방향유효:1
14:31:49  차체방향:112.1
14:31:49  후진판정:1
14:31:49  IMU요회전속도:4.86
14:31:49  방향가속도크기:9.43
14:31:49  방향자이로크기:10.01
14:31:49  방향자세cos:0.9712
14:31:49  자기모델잔차:18.32
14:31:49  자기모델반경:0.846
14:31:49  방향채택:2
14:31:49  방향거부:31506
14:31:49  GPS원시속도:0.041
14:31:49  GPS원시방향유효:1
14:31:49  GPS원시방향:271.3
14:31:49  가속도:1.66,-0.39,9.28
14:31:49  자이로:-6.8,-0.9,-7.3
14:31:49  자력계:-7.050,-6.000,13.650
14:31:49  충격값:0.37
14:31:49  충격피크:0.37
14:31:49  마지막충격발생값:111.97
14:31:49  마지막충격발생ms:136944
14:31:49  송신:2618
14:31:49  지팡이수신:2431
14:31:49  GPS위성:8
14:31:49  GPS_HDOP:1.00
14:31:49  원시위도:37.496425
14:31:49  원시경도:126.957951
14:31:49  GPS채택:1208
14:31:49  GPS이상치거부:24
14:31:49  GPS품질거부:2
14:31:49  GPS재기준:0
14:31:49  계산거리:-1.00
14:31:49  접근속도:0.00
14:31:49  TTC:999.00
14:31:49  방향오차:0.0
14:31:49  전방여부:0
14:31:49  위험음성횟수:9
14:31:49  충격음성횟수:1
14:31:49  마지막위험음성:3
14:31:49  RSSI원시:-83
14:31:49  RSSI평활:-81.1
14:31:49  RSSI샘플:2431
14:31:49  RSSI경과ms:23
14:31:49  RSSI구간:1
14:31:49  RSSI거리:12.00
14:31:49  상대보정:1
14:31:49  상대보정중:0
14:31:49  보정동쪽:12.63
14:31:49  보정북쪽:-31.94
14:31:49  위험송신:0
14:31:50  시각ms:276589
14:31:50  IMU시각ms:276588
14:31:50  위험:0
14:31:50  원시위험:0
14:31:50  GPS유효:1
14:31:50  위도:37.496424
14:31:50  경도:126.957952
14:31:50  속도:0.06
14:31:50  방향:258.9
14:31:50  이동방향유효:0
14:31:50  GPS이동방향:258.9
14:31:50  차체방향유효:1
14:31:50  차체방향:112.3
14:31:50  후진판정:1
14:31:50  IMU요회전속도:0.00
14:31:50  방향가속도크기:9.72
14:31:50  방향자이로크기:2.98
14:31:50  방향자세cos:0.9725
14:31:50  자기모델잔차:19.81
14:31:50  자기모델반경:0.785
14:31:50  방향채택:2
14:31:50  방향거부:31555
14:31:50  GPS원시속도:0.072
14:31:50  GPS원시방향유효:1
14:31:50  GPS원시방향:271.3
14:31:50  가속도:1.59,-0.55,9.58
14:31:50  자이로:0.0,0.5,-2.9
14:31:50  자력계:-6.000,-7.350,15.300
14:31:50  충격값:0.09
14:31:50  충격피크:0.31
14:31:50  마지막충격발생값:111.97
14:31:50  마지막충격발생ms:136944
14:31:50  송신:2622
14:31:50  지팡이수신:2435
14:31:50  GPS위성:8
14:31:50  GPS_HDOP:1.00
14:31:50  원시위도:37.496426
14:31:50  원시경도:126.957951
14:31:50  GPS채택:1211
14:31:50  GPS이상치거부:24
14:31:50  GPS품질거부:2
14:31:50  GPS재기준:0
14:31:50  계산거리:-1.00
14:31:50  접근속도:0.00
14:31:50  TTC:999.00
14:31:50  방향오차:0.0
14:31:50  전방여부:0
14:31:50  위험음성횟수:9
14:31:50  충격음성횟수:1
14:31:50  마지막위험음성:3
14:31:50  RSSI원시:-85
14:31:50  RSSI평활:-81.0
14:31:50  RSSI샘플:2435
14:31:50  RSSI경과ms:20
14:31:50  RSSI구간:1
14:31:50  RSSI거리:12.00
14:31:50  상대보정:1
14:31:50  상대보정중:0
14:31:50  보정동쪽:12.63
14:31:50  보정북쪽:-31.94
14:31:50  위험송신:0
14:31:50  시각ms:277207
14:31:50  IMU시각ms:277206
14:31:50  위험:0
14:31:50  원시위험:0
14:31:50  GPS유효:1
14:31:50  위도:37.496424
14:31:50  경도:126.957952
14:31:50  속도:0.07
14:31:50  방향:258.9
14:31:50  이동방향유효:0
14:31:50  GPS이동방향:258.9
14:31:50  차체방향유효:1
14:31:50  차체방향:112.5
14:31:50  후진판정:1
14:31:50  IMU요회전속도:3.37
14:31:50  방향가속도크기:9.80
14:31:50  방향자이로크기:8.98
14:31:50  방향자세cos:0.9619
14:31:50  자기모델잔차:19.40
14:31:50  자기모델반경:0.840
14:31:50  방향채택:2
14:31:50  방향거부:31627
14:31:50  GPS원시속도:0.082
14:31:50  GPS원시방향유효:1
14:31:50  GPS원시방향:271.3
14:31:50  가속도:1.94,-0.77,9.58
14:31:50  자이로:-1.4,-5.6,-6.9
14:31:50  자력계:-7.500,-6.600,15.000
14:31:50  충격값:0.29
14:31:50  충격피크:0.35
14:31:50  마지막충격발생값:111.97
14:31:50  마지막충격발생ms:136944
14:31:50  송신:2628
14:31:50  지팡이수신:2439
14:31:50  GPS위성:8
14:31:50  GPS_HDOP:1.00
14:31:50  원시위도:37.496427
14:31:50  원시경도:126.957950
14:31:50  GPS채택:1214
14:31:50  GPS이상치거부:24
14:31:50  GPS품질거부:2
14:31:50  GPS재기준:0
14:31:50  계산거리:-1.00
14:31:50  접근속도:0.00
14:31:50  TTC:999.00
14:31:50  방향오차:0.0
14:31:50  전방여부:0
14:31:50  위험음성횟수:9
14:31:50  충격음성횟수:1
14:31:50  마지막위험음성:3
14:31:50  RSSI원시:-80
14:31:50  RSSI평활:-80.7
14:31:50  RSSI샘플:2439
14:31:50  RSSI경과ms:105
14:31:50  RSSI구간:1
14:31:50  RSSI거리:12.00
14:31:50  상대보정:1
14:31:50  상대보정중:0
14:31:50  보정동쪽:12.63
14:31:50  보정북쪽:-31.94
14:31:50  위험송신:0
14:31:50  시각ms:277314
14:31:50  IMU시각ms:277313
14:31:50  위험:0
14:31:50  원시위험:0
14:31:50  GPS유효:1
14:31:50  위도:37.496424
14:31:50  경도:126.957952
14:31:50  속도:0.07
14:31:50  방향:258.9
14:31:50  이동방향유효:0
14:31:50  GPS이동방향:258.9
14:31:50  차체방향유효:1
14:31:50  차체방향:112.8
14:31:50  후진판정:1
14:31:50  IMU요회전속도:4.74
14:31:50  방향가속도크기:9.68
14:31:50  방향자이로크기:13.65
14:31:50  방향자세cos:0.9502
14:31:50  자기모델잔차:19.40
14:31:50  자기모델반경:0.840
14:31:50  방향채택:2
14:31:50  방향거부:31640
14:31:50  GPS원시속도:0.082
14:31:50  GPS원시방향유효:1
14:31:50  GPS원시방향:271.3
14:31:50  가속도:2.18,-1.07,9.37
14:31:50  자이로:-11.3,5.1,-5.7
14:31:50  자력계:-7.350,-6.450,14.700
14:31:50  충격값:0.58
14:31:50  충격피크:0.58
14:31:50  마지막충격발생값:111.97
14:31:50  마지막충격발생ms:136944
14:31:50  송신:2629
14:31:50  지팡이수신:2439
14:31:50  GPS위성:8
14:31:50  GPS_HDOP:1.00
14:31:50  원시위도:37.496427
14:31:50  원시경도:126.957950
14:31:50  GPS채택:1214
14:31:50  GPS이상치거부:24
14:31:50  GPS품질거부:2
14:31:50  GPS재기준:0
14:31:50  계산거리:-1.00
14:31:50  접근속도:0.00
14:31:50  TTC:999.00
14:31:50  방향오차:0.0
14:31:50  전방여부:0
14:31:50  위험음성횟수:9
14:31:50  충격음성횟수:1
14:31:50  마지막위험음성:3
14:31:50  RSSI원시:-80
14:31:50  RSSI평활:-80.7
14:31:50  RSSI샘플:2439
14:31:50  RSSI경과ms:212
14:31:50  RSSI구간:1
14:31:50  RSSI거리:12.00
14:31:50  상대보정:1
14:31:50  상대보정중:0
14:31:50  보정동쪽:12.63
14:31:50  보정북쪽:-31.94
14:31:50  위험송신:0
14:31:50  시각ms:277415
14:31:50  IMU시각ms:277414
14:31:50  위험:0
14:31:50  원시위험:0
14:31:50  GPS유효:1
14:31:50  위도:37.496424
14:31:50  경도:126.957951
14:31:50  속도:0.05
14:31:50  방향:258.9
14:31:50  이동방향유효:0
14:31:50  GPS이동방향:258.9
14:31:50  차체방향유효:1
14:31:50  차체방향:113.6
14:31:50  후진판정:1
14:31:50  IMU요회전속도:18.24
14:31:50  방향가속도크기:9.98
14:31:50  방향자이로크기:23.12
14:31:50  방향자세cos:0.9360
14:31:50  자기모델잔차:19.40
14:31:50  자기모델반경:0.840
14:31:50  방향채택:2
14:31:50  방향거부:31652
14:31:50  GPS원시속도:0.026
14:31:50  GPS원시방향유효:1
14:31:50  GPS원시방향:271.3
14:31:50  가속도:2.30,-1.74,9.55
14:31:50  자이로:-12.3,0.8,-19.5
14:31:50  자력계:-5.850,-6.000,13.650
14:31:50  충격값:1.02
14:31:50  충격피크:1.25
14:31:50  마지막충격발생값:111.97
14:31:50  마지막충격발생ms:136944
14:31:50  송신:2630
14:31:50  지팡이수신:2439
14:31:50  GPS위성:8
14:31:50  GPS_HDOP:1.00
14:31:50  원시위도:37.496427
14:31:50  원시경도:126.957950
14:31:50  GPS채택:1215
14:31:50  GPS이상치거부:24
14:31:50  GPS품질거부:2
14:31:50  GPS재기준:0
14:31:50  계산거리:-1.00
14:31:50  접근속도:0.00
14:31:50  TTC:999.00
14:31:50  방향오차:0.0
14:31:50  전방여부:0
14:31:50  위험음성횟수:9
14:31:50  충격음성횟수:1
14:31:50  마지막위험음성:3
14:31:50  RSSI원시:-80
14:31:50  RSSI평활:-80.7
14:31:50  RSSI샘플:2439
14:31:50  RSSI경과ms:313
14:31:50  RSSI구간:1
14:31:50  RSSI거리:12.00
14:31:50  상대보정:1
14:31:50  상대보정중:0
14:31:50  보정동쪽:12.63
14:31:50  보정북쪽:-31.94
14:31:50  위험송신:0
14:31:51  시각ms:277615
14:31:51  IMU시각ms:277613
14:31:51  위험:0
14:31:51  원시위험:0
14:31:51  GPS유효:1
14:31:51  위도:37.496425
14:31:51  경도:126.957951
14:31:51  속도:0.05
14:31:51  방향:258.9
14:31:51  이동방향유효:0
14:31:51  GPS이동방향:258.9
14:31:51  차체방향유효:1
14:31:51  차체방향:119.3
14:31:51  후진판정:1
14:31:51  IMU요회전속도:33.19
14:31:51  방향가속도크기:10.06
14:31:51  방향자이로크기:37.91
14:31:51  방향자세cos:0.9439
14:31:51  자기모델잔차:19.40
14:31:51  자기모델반경:0.840
14:31:51  방향채택:2
14:31:51  방향거부:31676
14:31:51  GPS원시속도:0.051
14:31:51  GPS원시방향유효:1
14:31:51  GPS원시방향:271.3
14:31:51  가속도:2.40,-1.25,9.69
14:31:51  자이로:-8.5,-6.0,-36.5
14:31:51  자력계:-10.800,-7.650,13.950
14:31:51  충격값:0.42
14:31:51  충격피크:0.81
14:31:51  마지막충격발생값:111.97
14:31:51  마지막충격발생ms:136944
14:31:51  송신:2632
14:31:51  지팡이수신:2440
14:31:51  GPS위성:8
14:31:51  GPS_HDOP:1.00
14:31:51  원시위도:37.496427
14:31:51  원시경도:126.957950
14:31:51  GPS채택:1216
14:31:51  GPS이상치거부:24
14:31:51  GPS품질거부:2
14:31:51  GPS재기준:0
14:31:51  계산거리:-1.00
14:31:51  접근속도:0.00
14:31:51  TTC:999.00
14:31:51  방향오차:0.0
14:31:51  전방여부:0
14:31:51  위험음성횟수:9
14:31:51  충격음성횟수:1
14:31:51  마지막위험음성:3
14:31:51  RSSI원시:-79
14:31:51  RSSI평활:-80.4
14:31:51  RSSI샘플:2440
14:31:51  RSSI경과ms:188
14:31:51  RSSI구간:1
14:31:51  RSSI거리:12.00
14:31:51  상대보정:1
14:31:51  상대보정중:0
14:31:51  보정동쪽:12.63
14:31:51  보정북쪽:-31.94
14:31:51  위험송신:0
14:31:51  시각ms:277716
14:31:51  IMU시각ms:277715
14:31:51  위험:0
14:31:51  원시위험:0
14:31:51  GPS유효:1
14:31:51  위도:37.496425
14:31:51  경도:126.957951
14:31:51  속도:0.05
14:31:51  방향:258.9
14:31:51  이동방향유효:0
14:31:51  GPS이동방향:258.9
14:31:51  차체방향유효:1
14:31:51  차체방향:122.9
14:31:51  후진판정:1
14:31:51  IMU요회전속도:41.97
14:31:51  방향가속도크기:10.30
14:31:51  방향자이로크기:45.41
14:31:51  방향자세cos:0.9252
14:31:51  자기모델잔차:19.40
14:31:51  자기모델반경:0.840
14:31:51  방향채택:2
14:31:51  방향거부:31688
14:31:51  GPS원시속도:0.051
14:31:51  GPS원시방향유효:1
14:31:51  GPS원시방향:271.3
14:31:51  가속도:2.80,-1.63,9.78
14:31:51  자이로:-6.8,6.7,-44.4
14:31:51  자력계:-10.950,-9.450,12.750
14:31:51  충격값:0.76
14:31:51  충격피크:0.90
14:31:51  마지막충격발생값:111.97
14:31:51  마지막충격발생ms:136944
14:31:51  송신:2633
14:31:51  지팡이수신:2441
14:31:51  GPS위성:8
14:31:51  GPS_HDOP:1.00
14:31:51  원시위도:37.496427
14:31:51  원시경도:126.957950
14:31:51  GPS채택:1216
14:31:51  GPS이상치거부:24
14:31:51  GPS품질거부:2
14:31:51  GPS재기준:0
14:31:51  계산거리:-1.00
14:31:51  접근속도:0.00
14:31:51  TTC:999.00
14:31:51  방향오차:0.0
14:31:51  전방여부:0
14:31:51  위험음성횟수:9
14:31:51  충격음성횟수:1
14:31:51  마지막위험음성:3
14:31:51  RSSI원시:-80
14:31:51  RSSI평활:-80.3
14:31:51  RSSI샘플:2441
14:31:51  RSSI경과ms:79
14:31:51  RSSI구간:1
14:31:51  RSSI거리:12.00
14:31:51  상대보정:1
14:31:51  상대보정중:0
14:31:51  보정동쪽:12.63
14:31:51  보정북쪽:-31.94
14:31:51  위험송신:0
14:31:51  시각ms:277831
14:31:51  IMU시각ms:277807
14:31:51  위험:0
14:31:51  원시위험:0
14:31:51  GPS유효:1
14:31:51  위도:37.496425
14:31:51  경도:126.957951
14:31:51  속도:0.10
14:31:51  방향:258.9
14:31:51  이동방향유효:0
14:31:51  GPS이동방향:258.9
14:31:51  차체방향유효:1
14:31:51  차체방향:127.4
14:31:51  후진판정:1
14:31:51  IMU요회전속도:55.88
14:31:51  방향가속도크기:9.92
14:31:51  방향자이로크기:60.16
14:31:51  방향자세cos:0.9252
14:31:51  자기모델잔차:19.40
14:31:51  자기모델반경:0.840
14:31:51  방향채택:2
14:31:51  방향거부:31699
14:31:51  GPS원시속도:0.149
14:31:51  GPS원시방향유효:1
14:31:51  GPS원시방향:271.3
14:31:51  가속도:2.40,-1.58,9.49
14:31:51  자이로:-4.7,1.5,-60.0
14:31:51  자력계:-15.600,-10.950,12.000
14:31:51  충격값:0.37
14:31:51  충격피크:0.71
14:31:51  마지막충격발생값:111.97
14:31:51  마지막충격발생ms:136944
14:31:51  송신:2634
14:31:51  지팡이수신:2442
14:31:51  GPS위성:8
14:31:51  GPS_HDOP:1.00
14:31:51  원시위도:37.496427
14:31:51  원시경도:126.957950
14:31:51  GPS채택:1217
14:31:51  GPS이상치거부:24
14:31:51  GPS품질거부:2
14:31:51  GPS재기준:0
14:31:51  계산거리:-1.00
14:31:51  접근속도:0.00
14:31:51  TTC:999.00
14:31:51  방향오차:0.0
14:31:51  전방여부:0
14:31:51  위험음성횟수:9
14:31:51  충격음성횟수:1
14:31:51  마지막위험음성:3
14:31:51  RSSI원시:-83
14:31:51  RSSI평활:-80.8
14:31:51  RSSI샘플:2442
14:31:51  RSSI경과ms:93
14:31:51  RSSI구간:1
14:31:51  RSSI거리:12.00
14:31:51  상대보정:1
14:31:51  상대보정중:0
14:31:51  보정동쪽:12.63
14:31:51  보정북쪽:-31.94
14:31:51  위험송신:0
14:31:51  시각ms:277923
14:31:51  IMU시각ms:277922
14:31:51  위험:0
14:31:51  원시위험:0
14:31:51  GPS유효:1
14:31:51  위도:37.496425
14:31:51  경도:126.957951
14:31:51  속도:0.10
14:31:51  방향:258.9
14:31:51  이동방향유효:0
14:31:51  GPS이동방향:258.9
14:31:51  차체방향유효:1
14:31:51  차체방향:134.9
14:31:51  후진판정:1
14:31:51  IMU요회전속도:72.78
14:31:51  방향가속도크기:9.80
14:31:51  방향자이로크기:81.52
14:31:51  방향자세cos:0.9252
14:31:51  자기모델잔차:19.40
14:31:51  자기모델반경:0.840
14:31:51  방향채택:2
14:31:51  방향거부:31710
14:31:51  GPS원시속도:0.149
14:31:51  GPS원시방향유효:1
14:31:51  GPS원시방향:271.3
14:31:51  가속도:2.98,-1.99,9.12
14:31:51  자이로:4.8,-6.2,-81.1
14:31:51  자력계:-17.700,-11.550,11.700
14:31:51  충격값:0.98
14:31:51  충격피크:0.98
14:31:51  마지막충격발생값:111.97
14:31:51  마지막충격발생ms:136944
14:31:51  송신:2635
14:31:51  지팡이수신:2443
14:31:51  GPS위성:8
14:31:51  GPS_HDOP:1.00
14:31:51  원시위도:37.496427
14:31:51  원시경도:126.957950
14:31:51  GPS채택:1217
14:31:51  GPS이상치거부:24
14:31:51  GPS품질거부:2
14:31:51  GPS재기준:0
14:31:51  계산거리:-1.00
14:31:51  접근속도:0.00
14:31:51  TTC:999.00
14:31:51  방향오차:0.0
14:31:51  전방여부:0
14:31:51  위험음성횟수:9
14:31:51  충격음성횟수:1
14:31:51  마지막위험음성:3
14:31:51  RSSI원시:-79
14:31:51  RSSI평활:-80.5
14:31:51  RSSI샘플:2443
14:31:51  RSSI경과ms:82
14:31:51  RSSI구간:1
14:31:51  RSSI거리:12.00
14:31:51  상대보정:1
14:31:51  상대보정중:0
14:31:51  보정동쪽:12.63
14:31:51  보정북쪽:-31.94
14:31:51  위험송신:0
14:31:51  시각ms:278444
14:31:51  IMU시각ms:278443
14:31:51  위험:0
14:31:52  원시위험:0
14:31:52  GPS유효:1
14:31:52  위도:37.496428
14:31:52  경도:126.957952
14:31:52  속도:0.50
14:31:52  방향:249.6
14:31:52  이동방향유효:1
14:31:52  GPS이동방향:249.6
14:31:52  차체방향유효:1
14:31:52  차체방향:144.1
14:31:52  후진판정:1
14:31:52  IMU요회전속도:37.28
14:31:52  방향가속도크기:9.64
14:31:52  방향자이로크기:41.15
14:31:52  방향자세cos:0.9770
14:31:52  자기모델잔차:11.79
14:31:52  자기모델반경:1.627
14:31:52  방향채택:2
14:31:52  방향거부:31773
14:31:52  GPS원시속도:0.674
14:31:52  GPS원시방향유효:1
14:31:52  GPS원시방향:209.2
14:31:52  가속도:1.55,1.04,9.46
14:31:52  자이로:-12.7,7.0,-38.5
14:31:52  자력계:-36.600,-10.500,7.800
14:31:52  충격값:1.65
14:31:52  충격피크:1.65
14:31:52  마지막충격발생값:111.97
14:31:52  마지막충격발생ms:136944
14:31:52  송신:2640
14:31:52  지팡이수신:2444
14:31:52  GPS위성:8
14:31:52  GPS_HDOP:1.00
14:31:52  원시위도:37.496429
14:31:52  원시경도:126.957953
14:31:52  GPS채택:1220
14:31:52  GPS이상치거부:24
14:31:52  GPS품질거부:2
14:31:52  GPS재기준:0
14:31:52  계산거리:-1.00
14:31:52  접근속도:0.00
14:31:52  TTC:999.00
14:31:52  방향오차:0.0
14:31:52  전방여부:0
14:31:52  위험음성횟수:9
14:31:52  충격음성횟수:1
14:31:52  마지막위험음성:3
14:31:52  RSSI원시:-78
14:31:52  RSSI평활:-80.0
14:31:52  RSSI샘플:2444
14:31:52  RSSI경과ms:507
14:31:52  RSSI구간:1
14:31:52  RSSI거리:12.00
14:31:52  상대보정:1
14:31:52  상대보정중:0
14:31:52  보정동쪽:12.63
14:31:52  보정북쪽:-31.94
14:31:52  위험송신:0
14:31:52  시각ms:278551
14:31:52  IMU시각ms:278550
14:31:52  위험:0
14:31:52  원시위험:0
14:31:52  GPS유효:1
14:31:52  위도:37.496428
14:31:52  경도:126.957952
14:31:52  속도:0.50
14:31:52  방향:249.6
14:31:52  이동방향유효:1
14:31:52  GPS이동방향:249.6
14:31:52  차체방향유효:1
14:31:52  차체방향:149.2
14:31:52  후진판정:1
14:31:52  IMU요회전속도:53.64
14:31:52  방향가속도크기:8.26
14:31:52  방향자이로크기:64.46
14:31:52  방향자세cos:0.9794
14:31:52  자기모델잔차:11.79
14:31:52  자기모델반경:1.627
14:31:52  방향채택:2
14:31:52  방향거부:31786
14:31:52  GPS원시속도:0.674
14:31:52  GPS원시방향유효:1
14:31:52  GPS원시방향:209.2
14:31:52  가속도:0.82,1.15,8.14
14:31:52  자이로:-19.2,29.4,-54.1
14:31:52  자력계:-37.200,-11.100,6.900
14:31:52  충격값:2.00
14:31:52  충격피크:2.26
14:31:52  마지막충격발생값:111.97
14:31:52  마지막충격발생ms:136944
14:31:52  송신:2641
14:31:52  지팡이수신:2444
14:31:52  GPS위성:8
14:31:52  GPS_HDOP:1.00
14:31:52  원시위도:37.496429
14:31:52  원시경도:126.957953
14:31:52  GPS채택:1220
14:31:52  GPS이상치거부:24
14:31:52  GPS품질거부:2
14:31:52  GPS재기준:0
14:31:52  계산거리:-1.00
14:31:52  접근속도:0.00
14:31:52  TTC:999.00
14:31:52  방향오차:0.0
14:31:52  전방여부:0
14:31:52  위험음성횟수:9
14:31:52  충격음성횟수:1
14:31:52  마지막위험음성:3
14:31:52  RSSI원시:-78
14:31:52  RSSI평활:-80.0
14:31:52  RSSI샘플:2444
14:31:52  RSSI경과ms:614
14:31:52  RSSI구간:1
14:31:52  RSSI거리:12.00
14:31:52  상대보정:1
14:31:52  상대보정중:0
14:31:52  보정동쪽:12.63
14:31:52  보정북쪽:-31.94
14:31:52  위험송신:0
14:31:52  시각ms:278651
14:31:52  IMU시각ms:278650
14:31:52  위험:0
14:31:52  원시위험:0
14:31:52  GPS유효:1
14:31:52  위도:37.496428
14:31:52  경도:126.957953
14:31:52  속도:0.66
14:31:52  방향:215.4
14:31:52  이동방향유효:1
14:31:52  GPS이동방향:215.4
14:31:52  차체방향유효:1
14:31:52  차체방향:153.3
14:31:52  후진판정:1
14:31:52  IMU요회전속도:24.22
14:31:52  방향가속도크기:8.72
14:31:52  방향자이로크기:34.12
14:31:52  방향자세cos:0.9854
14:31:52  자기모델잔차:9.94
14:31:52  자기모델반경:1.637
14:31:52  방향채택:2
14:31:52  방향거부:31798
14:31:52  GPS원시속도:0.818
14:31:52  GPS원시방향유효:1
14:31:52  GPS원시방향:151.9
14:31:52  가속도:1.06,0.73,8.62
14:31:52  자이로:-12.8,-18.5,-25.6
14:31:52  자력계:-37.500,-12.300,6.150
14:31:52  충격값:0.99
14:31:52  충격피크:1.82
14:31:52  마지막충격발생값:111.97
14:31:52  마지막충격발생ms:136944
14:31:52  송신:2642
14:31:52  지팡이수신:2444
14:31:52  GPS위성:9
14:31:52  GPS_HDOP:1.00
14:31:52  원시위도:37.496429
14:31:52  원시경도:126.957954
14:31:52  GPS채택:1221
14:31:52  GPS이상치거부:24
14:31:52  GPS품질거부:2
14:31:52  GPS재기준:0
14:31:52  계산거리:-1.00
14:31:52  접근속도:0.00
14:31:52  TTC:999.00
14:31:52  방향오차:0.0
14:31:52  전방여부:0
14:31:52  위험음성횟수:9
14:31:52  충격음성횟수:1
14:31:52  마지막위험음성:3
14:31:52  RSSI원시:-78
14:31:52  RSSI평활:-80.0
14:31:52  RSSI샘플:2444
14:31:52  RSSI경과ms:714
14:31:52  RSSI구간:1
14:31:52  RSSI거리:12.00
14:31:52  상대보정:1
14:31:52  상대보정중:0
14:31:52  보정동쪽:12.63
14:31:52  보정북쪽:-31.94
14:31:52  위험송신:0
14:31:52  시각ms:279374
14:31:52  IMU시각ms:279373
14:31:52  위험:0
14:31:52  원시위험:0
14:31:52  GPS유효:1
14:31:52  위도:37.496429
14:31:52  경도:126.957957
14:31:52  속도:0.53
14:31:53  방향:168.7
14:31:53  이동방향유효:1
14:31:53  GPS이동방향:168.7
14:31:53  차체방향유효:1
14:31:53  차체방향:134.2
14:31:53  후진판정:0
14:31:53  IMU요회전속도:-72.46
14:31:53  방향가속도크기:7.20
14:31:53  방향자이로크기:76.50
14:31:53  방향자세cos:0.9295
14:31:53  자기모델잔차:10.22
14:31:53  자기모델반경:1.699
14:31:53  방향채택:2
14:31:53  방향거부:31882
14:31:53  GPS원시속도:0.581
14:31:53  GPS원시방향유효:1
14:31:53  GPS원시방향:134.5
14:31:53  가속도:0.22,-1.02,7.12
14:31:53  자이로:8.9,10.1,75.3
14:31:53  자력계:-26.250,-14.100,9.000
14:31:53  충격값:2.13
14:31:53  충격피크:2.27
14:31:53  마지막충격발생값:111.97
14:31:53  마지막충격발생ms:136944
14:31:53  송신:2649
14:31:53  지팡이수신:2448
14:31:53  GPS위성:9
14:31:53  GPS_HDOP:1.00
14:31:53  원시위도:37.496429
14:31:53  원시경도:126.957958
14:31:53  GPS채택:1224
14:31:53  GPS이상치거부:24
14:31:53  GPS품질거부:2
14:31:53  GPS재기준:0
14:31:53  계산거리:-1.00
14:31:53  접근속도:0.00
14:31:53  TTC:999.00
14:31:53  방향오차:0.0
14:31:53  전방여부:0
14:31:53  위험음성횟수:9
14:31:53  충격음성횟수:1
14:31:53  마지막위험음성:3
14:31:53  RSSI원시:-83
14:31:53  RSSI평활:-82.5
14:31:53  RSSI샘플:2448
14:31:53  RSSI경과ms:173
14:31:53  RSSI구간:1
14:31:53  RSSI거리:12.00
14:31:53  상대보정:1
14:31:53  상대보정중:0
14:31:53  보정동쪽:12.63
14:31:53  보정북쪽:-31.94
14:31:53  위험송신:0
14:31:53  시각ms:279474
14:31:53  IMU시각ms:279473
14:31:53  위험:0
14:31:53  원시위험:0
14:31:53  GPS유효:1
14:31:53  위도:37.496429
14:31:53  경도:126.957959
14:31:53  속도:0.61
14:31:53  방향:156.7
14:31:53  이동방향유효:1
14:31:53  GPS이동방향:156.7
14:31:53  차체방향유효:1
14:31:53  차체방향:130.5
14:31:53  후진판정:0
14:31:53  IMU요회전속도:-64.05
14:31:53  방향가속도크기:7.00
14:31:53  방향자이로크기:76.40
14:31:53  방향자세cos:0.9295
14:31:53  자기모델잔차:10.22
14:31:53  자기모델반경:1.699
14:31:53  방향채택:2
14:31:53  방향거부:31894
14:31:53  GPS원시속도:0.689
14:31:53  GPS원시방향유효:1
14:31:53  GPS원시방향:134.5
14:31:53  가속도:0.91,-0.57,6.91
14:31:53  자이로:18.3,31.8,67.0
14:31:53  자력계:-20.550,-16.050,9.750
14:31:53  충격값:1.47
14:31:53  충격피크:2.47
14:31:53  마지막충격발생값:111.97
14:31:53  마지막충격발생ms:136944
14:31:53  송신:2650
14:31:53  지팡이수신:2449
14:31:53  GPS위성:9
14:31:53  GPS_HDOP:1.00
14:31:53  원시위도:37.496430
14:31:53  원시경도:126.957960
14:31:53  GPS채택:1225
14:31:53  GPS이상치거부:24
14:31:53  GPS품질거부:2
14:31:53  GPS재기준:0
14:31:53  계산거리:-1.00
14:31:53  접근속도:0.00
14:31:53  TTC:999.00
14:31:53  방향오차:0.0
14:31:53  전방여부:0
14:31:53  위험음성횟수:9
14:31:53  충격음성횟수:1
14:31:53  마지막위험음성:3
14:31:53  RSSI원시:-82
14:31:53  RSSI평활:-82.4
14:31:53  RSSI샘플:2449
14:31:53  RSSI경과ms:59
14:31:53  RSSI구간:1
14:31:53  RSSI거리:12.00
14:31:53  상대보정:1
14:31:53  상대보정중:0
14:31:53  보정동쪽:12.63
14:31:53  보정북쪽:-31.94
14:31:53  위험송신:0
14:31:53  시각ms:279878
14:31:53  IMU시각ms:279877
14:31:53  위험:0
14:31:53  원시위험:0
14:31:53  GPS유효:1
14:31:53  위도:37.496429
14:31:53  경도:126.957963
14:31:53  속도:0.68
14:31:53  방향:143.9
14:31:53  이동방향유효:1
14:31:53  GPS이동방향:143.9
14:31:53  차체방향유효:1
14:31:53  차체방향:123.8
14:31:53  후진판정:0
14:31:53  IMU요회전속도:19.89
14:31:53  방향가속도크기:12.10
14:31:53  방향자이로크기:52.31
14:31:53  방향자세cos:0.9638
14:31:53  자기모델잔차:13.66
14:31:53  자기모델반경:0.714
14:31:53  방향채택:2
14:31:53  방향거부:31941
14:31:53  GPS원시속도:0.684
14:31:53  GPS원시방향유효:1
14:31:53  GPS원시방향:134.5
14:31:53  가속도:-0.45,-1.19,12.04
14:31:53  자이로:36.9,31.3,-19.9
14:31:53  자력계:-10.050,-15.450,10.650
14:31:53  충격값:2.89
14:31:53  충격피크:3.91
14:31:53  마지막충격발생값:111.97
14:31:53  마지막충격발생ms:136944
14:31:53  송신:2654
14:31:53  지팡이수신:2451
14:31:53  GPS위성:9
14:31:53  GPS_HDOP:1.00
14:31:53  원시위도:37.496429
14:31:53  원시경도:126.957963
14:31:53  GPS채택:1227
14:31:53  GPS이상치거부:24
14:31:53  GPS품질거부:2
14:31:53  GPS재기준:0
14:31:53  계산거리:-1.00
14:31:53  접근속도:0.00
14:31:53  TTC:999.00
14:31:53  방향오차:0.0
14:31:53  전방여부:0
14:31:53  위험음성횟수:9
14:31:53  충격음성횟수:1
14:31:53  마지막위험음성:3
14:31:53  RSSI원시:-82
14:31:53  RSSI평활:-82.4
14:31:53  RSSI샘플:2451
14:31:53  RSSI경과ms:255
14:31:53  RSSI구간:1
14:31:53  RSSI거리:12.00
14:31:53  상대보정:1
14:31:53  상대보정중:0
14:31:53  보정동쪽:12.63
14:31:53  보정북쪽:-31.94
14:31:53  위험송신:0
14:31:55  시각ms:281626
14:31:55  IMU시각ms:281625
14:31:55  위험:0
14:31:55  원시위험:0
14:31:55  GPS유효:1
14:31:55  위도:37.496430
14:31:55  경도:126.957965
14:31:55  속도:0.15
14:31:55  방향:143.9
14:31:55  이동방향유효:0
14:31:55  GPS이동방향:143.9
14:31:55  차체방향유효:1
14:31:55  차체방향:120.8
14:31:55  후진판정:0
14:31:55  IMU요회전속도:0.00
14:31:55  방향가속도크기:9.80
14:31:55  방향자이로크기:1.89
14:31:55  방향자세cos:0.9999
14:31:55  자기모델잔차:21.92
14:31:55  자기모델반경:0.816
14:31:55  방향채택:2
14:31:55  방향거부:32143
14:31:55  GPS원시속도:0.129
14:31:55  GPS원시방향유효:1
14:31:55  GPS원시방향:134.5
14:31:55  가속도:-0.36,0.57,9.78
14:31:55  자이로:0.9,-1.5,0.7
14:31:55  자력계:-6.000,-5.850,17.250
14:31:55  충격값:0.08
14:31:55  충격피크:0.33
14:31:55  마지막충격발생값:111.97
14:31:55  마지막충격발생ms:136944
14:31:55  송신:2671
14:31:55  지팡이수신:2462
14:31:55  GPS위성:9
14:31:55  GPS_HDOP:1.00
14:31:55  원시위도:37.496434
14:31:55  원시경도:126.957967
14:31:55  GPS채택:1236
14:31:55  GPS이상치거부:24
14:31:55  GPS품질거부:2
14:31:55  GPS재기준:0
14:31:55  계산거리:-1.00
14:31:55  접근속도:0.00
14:31:55  TTC:999.00
14:31:55  방향오차:0.0
14:31:55  전방여부:0
14:31:55  위험음성횟수:9
14:31:55  충격음성횟수:1
14:31:55  마지막위험음성:3
14:31:55  RSSI원시:-85
14:31:55  RSSI평활:-83.2
14:31:55  RSSI샘플:2462
14:31:55  RSSI경과ms:207
14:31:55  RSSI구간:1
14:31:55  RSSI거리:12.00
14:31:55  상대보정:1
14:31:55  상대보정중:0
14:31:55  보정동쪽:12.63
14:31:55  보정북쪽:-31.94
14:31:55  위험송신:0
14:31:58  시각ms:284685
14:31:58  IMU시각ms:284684
14:31:58  위험:0
14:31:58  원시위험:0
14:31:58  GPS유효:1
14:31:58  위도:37.496431
14:31:58  경도:126.957965
14:31:58  속도:0.03
14:31:58  방향:143.9
14:31:58  이동방향유효:0
14:31:58  GPS이동방향:143.9
14:31:58  차체방향유효:1
14:31:58  차체방향:120.8
14:31:58  후진판정:0
14:31:58  IMU요회전속도:0.00
14:31:58  방향가속도크기:9.78
14:31:58  방향자이로크기:2.82
14:31:58  방향자세cos:0.9999
14:31:58  자기모델잔차:21.86
14:31:58  자기모델반경:0.850
14:31:58  방향채택:2
14:31:58  방향거부:32502
14:31:58  GPS원시속도:0.031
14:31:58  GPS원시방향유효:1
14:31:58  GPS원시방향:134.5
14:31:58  가속도:-0.37,0.63,9.75
14:31:58  자이로:1.2,1.4,-2.1
14:31:58  자력계:-7.950,-6.300,17.250
14:31:58  충격값:0.05
14:31:58  충격피크:0.21
14:31:58  마지막충격발생값:111.97
14:31:58  마지막충격발생ms:136944
14:31:58  송신:2701
14:31:58  지팡이수신:2479
14:31:58  GPS위성:9
14:31:58  GPS_HDOP:1.16
14:31:58  원시위도:37.496430
14:31:58  원시경도:126.957964
14:31:58  GPS채택:1251
14:31:58  GPS이상치거부:24
14:31:58  GPS품질거부:2
14:31:58  GPS재기준:0
14:31:58  계산거리:-1.00
14:31:58  접근속도:0.00
14:31:58  TTC:999.00
14:31:58  방향오차:0.0
14:31:58  전방여부:0
14:31:58  위험음성횟수:9
14:31:58  충격음성횟수:1
14:31:58  마지막위험음성:3
14:31:58  RSSI원시:-79
14:31:58  RSSI평활:-79.6
14:31:58  RSSI샘플:2479
14:31:58  RSSI경과ms:216
14:31:58  RSSI구간:1
14:31:58  RSSI거리:12.00
14:31:58  상대보정:1
14:31:58  상대보정중:0
14:31:58  보정동쪽:12.63
14:31:58  보정북쪽:-31.94
14:31:58  위험송신:0
14:32:03  시각ms:289758
14:32:03  IMU시각ms:289757
14:32:03  위험:0
14:32:03  원시위험:0
14:32:03  GPS유효:1
14:32:03  위도:37.496431
14:32:03  경도:126.957960
14:32:03  속도:0.01
14:32:03  방향:143.9
14:32:03  이동방향유효:0
14:32:03  GPS이동방향:143.9
14:32:03  차체방향유효:1
14:32:03  차체방향:120.8
14:32:03  후진판정:0
14:32:03  IMU요회전속도:0.00
14:32:03  방향가속도크기:9.71
14:32:03  방향자이로크기:0.74
14:32:03  방향자세cos:0.9999
14:32:03  자기모델잔차:20.86
14:32:03  자기모델반경:0.839
14:32:03  방향채택:2
14:32:03  방향거부:33099
14:32:03  GPS원시속도:0.015
14:32:03  GPS원시방향유효:1
14:32:03  GPS원시방향:134.5
14:32:03  가속도:-0.39,0.64,9.68
14:32:03  자이로:-0.6,0.3,0.2
14:32:03  자력계:-7.050,-6.000,16.200
14:32:03  충격값:0.06
14:32:03  충격피크:0.17
14:32:03  마지막충격발생값:111.97
14:32:03  마지막충격발생ms:136944
14:32:03  송신:2750
14:32:03  지팡이수신:2505
14:32:03  GPS위성:9
14:32:03  GPS_HDOP:1.06
14:32:03  원시위도:37.496432
14:32:03  원시경도:126.957957
14:32:03  GPS채택:1276
14:32:03  GPS이상치거부:24
14:32:03  GPS품질거부:2
14:32:03  GPS재기준:0
14:32:03  계산거리:-1.00
14:32:03  접근속도:0.00
14:32:03  TTC:999.00
14:32:03  방향오차:0.0
14:32:03  전방여부:0
14:32:03  위험음성횟수:9
14:32:03  충격음성횟수:1
14:32:03  마지막위험음성:3
14:32:03  RSSI원시:-81
14:32:03  RSSI평활:-80.8
14:32:03  RSSI샘플:2505
14:32:03  RSSI경과ms:109
14:32:03  RSSI구간:1
14:32:03  RSSI거리:12.00
14:32:03  상대보정:1
14:32:03  상대보정중:0
14:32:03  보정동쪽:12.63
14:32:03  보정북쪽:-31.94
14:32:03  위험송신:0
14:32:03  시각ms:290081
14:32:03  IMU시각ms:290068
14:32:03  위험:0
14:32:03  원시위험:0
14:32:03  GPS유효:1
14:32:03  위도:37.496431
14:32:03  경도:126.957960
14:32:03  속도:0.01
14:32:03  방향:143.9
14:32:03  이동방향유효:0
14:32:03  GPS이동방향:143.9
14:32:03  차체방향유효:1
14:32:03  차체방향:120.8
14:32:03  후진판정:0
14:32:03  IMU요회전속도:0.00
14:32:03  방향가속도크기:9.77
14:32:03  방향자이로크기:3.38
14:32:03  방향자세cos:0.9998
14:32:03  자기모델잔차:23.41
14:32:03  자기모델반경:0.829
14:32:03  방향채택:2
14:32:03  방향거부:33132
14:32:03  GPS원시속도:0.010
14:32:03  GPS원시방향유효:1
14:32:03  GPS원시방향:134.5
14:32:03  가속도:-0.31,0.61,9.75
14:32:03  자이로:3.1,-0.9,1.0
14:32:03  자력계:-6.750,-5.850,18.750
14:32:03  충격값:0.10
14:32:03  충격피크:0.18
14:32:03  마지막충격발생값:111.97
14:32:03  마지막충격발생ms:136944
14:32:03  송신:2753
14:32:03  지팡이수신:2507
14:32:03  GPS위성:9
14:32:03  GPS_HDOP:0.95
14:32:03  원시위도:37.496432
14:32:03  원시경도:126.957957
14:32:03  GPS채택:1278
14:32:03  GPS이상치거부:24
14:32:03  GPS품질거부:2
14:32:03  GPS재기준:0
14:32:03  계산거리:-1.00
14:32:03  접근속도:0.00
14:32:03  TTC:999.00
14:32:03  방향오차:0.0
14:32:03  전방여부:0
14:32:03  위험음성횟수:9
14:32:03  충격음성횟수:1
14:32:03  마지막위험음성:3
14:32:03  RSSI원시:-83
14:32:03  RSSI평활:-81.1
14:32:03  RSSI샘플:2507
14:32:03  RSSI경과ms:14
14:32:03  RSSI구간:1
14:32:03  RSSI거리:12.00
14:32:03  상대보정:1
14:32:03  상대보정중:0
14:32:03  보정동쪽:12.63
14:32:03  보정북쪽:-31.94
14:32:03  위험송신:0
14:32:03  시각ms:290172
14:32:03  IMU시각ms:290171
14:32:03  위험:0
14:32:03  원시위험:0
14:32:03  GPS유효:1
14:32:03  위도:37.496431
14:32:03  경도:126.957960
14:32:03  속도:0.01
14:32:03  방향:143.9
14:32:03  이동방향유효:0
14:32:03  GPS이동방향:143.9
14:32:03  차체방향유효:1
14:32:03  차체방향:120.8
14:32:03  후진판정:0
14:32:03  IMU요회전속도:0.00
14:32:03  방향가속도크기:9.73
14:32:03  방향자이로크기:2.04
14:32:03  방향자세cos:0.9999
14:32:03  자기모델잔차:20.64
14:32:03  자기모델반경:0.828
14:32:03  방향채택:2
14:32:03  방향거부:33143
14:32:03  GPS원시속도:0.010
14:32:03  GPS원시방향유효:1
14:32:03  GPS원시방향:134.5
14:32:03  가속도:-0.44,0.64,9.70
14:32:03  자이로:-0.1,-2.0,0.3
14:32:03  자력계:-7.200,-6.600,16.050
14:32:03  충격값:0.06
14:32:03  충격피크:0.22
14:32:03  마지막충격발생값:111.97
14:32:03  마지막충격발생ms:136944
14:32:03  송신:2754
14:32:03  지팡이수신:2507
14:32:03  GPS위성:9
14:32:03  GPS_HDOP:0.95
14:32:03  원시위도:37.496432
14:32:03  원시경도:126.957957
14:32:03  GPS채택:1278
14:32:03  GPS이상치거부:24
14:32:03  GPS품질거부:2
14:32:03  GPS재기준:0
14:32:03  계산거리:-1.00
14:32:03  접근속도:0.00
14:32:03  TTC:999.00
14:32:03  방향오차:0.0
14:32:03  전방여부:0
14:32:03  위험음성횟수:9
14:32:03  충격음성횟수:1
14:32:03  마지막위험음성:3
14:32:03  RSSI원시:-83
14:32:03  RSSI평활:-81.1
14:32:03  RSSI샘플:2507
14:32:03  RSSI경과ms:105
14:32:03  RSSI구간:1
14:32:03  RSSI거리:12.00
14:32:03  상대보정:1
14:32:03  상대보정중:0
14:32:03  보정동쪽:12.63
14:32:03  보정북쪽:-31.94
14:32:03  위험송신:0
14:32:04  시각ms:290685
14:32:04  IMU시각ms:290684
14:32:04  위험:2
14:32:04  원시위험:0
14:32:04  GPS유효:1
14:32:04  위도:37.496432
14:32:04  경도:126.957959
14:32:04  속도:0.03
14:32:04  방향:143.9
14:32:04  이동방향유효:0
14:32:04  GPS이동방향:143.9
14:32:04  차체방향유효:1
14:32:04  차체방향:120.8
14:32:04  후진판정:0
14:32:04  IMU요회전속도:0.00
14:32:04  방향가속도크기:9.74
14:32:04  방향자이로크기:3.05
14:32:04  방향자세cos:0.9996
14:32:04  자기모델잔차:20.72
14:32:04  자기모델반경:0.800
14:32:04  방향채택:2
14:32:04  방향거부:33204
14:32:04  GPS원시속도:0.051
14:32:04  GPS원시방향유효:1
14:32:04  GPS원시방향:134.5
14:32:04  가속도:-0.37,0.74,9.70
14:32:04  자이로:0.7,-2.6,1.5
14:32:04  자력계:-6.600,-7.200,16.200
14:32:04  충격값:0.09
14:32:04  충격피크:0.29
14:32:04  마지막충격발생값:111.97
14:32:04  마지막충격발생ms:136944
14:32:04  송신:2759
14:32:04  지팡이수신:2511
14:32:04  GPS위성:9
14:32:04  GPS_HDOP:1.06
14:32:04  원시위도:37.496432
14:32:04  원시경도:126.957955
14:32:04  GPS채택:1281
14:32:04  GPS이상치거부:24
14:32:04  GPS품질거부:2
14:32:04  GPS재기준:0
14:32:04  계산거리:-1.00
14:32:04  접근속도:0.00
14:32:04  TTC:999.00
14:32:04  방향오차:0.0
14:32:04  전방여부:0
14:32:04  위험음성횟수:11
14:32:04  충격음성횟수:1
14:32:04  마지막위험음성:2
14:32:04  RSSI원시:-81
14:32:04  RSSI평활:-81.0
14:32:04  RSSI샘플:2511
14:32:04  RSSI경과ms:88
14:32:04  RSSI구간:1
14:32:04  RSSI거리:12.00
14:32:04  상대보정:1
14:32:04  상대보정중:0
14:32:04  보정동쪽:12.63
14:32:04  보정북쪽:-31.94
14:32:04  위험송신:0
14:32:04  시각ms:291099
14:32:04  IMU시각ms:291098
14:32:04  위험:2
14:32:04  원시위험:0
14:32:04  GPS유효:1
14:32:04  위도:37.496432
14:32:04  경도:126.957958
14:32:04  속도:0.02
14:32:04  방향:143.9
14:32:04  이동방향유효:0
14:32:04  GPS이동방향:143.9
14:32:04  차체방향유효:1
14:32:04  차체방향:120.8
14:32:04  후진판정:0
14:32:04  IMU요회전속도:0.00
14:32:04  방향가속도크기:9.55
14:32:04  방향자이로크기:1.92
14:32:04  방향자세cos:0.9983
14:32:04  자기모델잔차:19.81
14:32:04  자기모델반경:0.785
14:32:04  방향채택:2
14:32:04  방향거부:33252
14:32:04  GPS원시속도:0.010
14:32:04  GPS원시방향유효:1
14:32:04  GPS원시방향:134.5
14:32:04  가속도:-0.21,0.99,9.50
14:32:04  자이로:-1.7,-0.3,-0.9
14:32:04  자력계:-6.000,-7.350,15.300
14:32:04  충격값:0.37
14:32:04  충격피크:4.19
14:32:04  마지막충격발생값:111.97
14:32:04  마지막충격발생ms:136944
14:32:04  송신:2763
14:32:04  지팡이수신:2514
14:32:04  GPS위성:9
14:32:04  GPS_HDOP:1.06
14:32:04  원시위도:37.496432
14:32:04  원시경도:126.957955
14:32:04  GPS채택:1283
14:32:04  GPS이상치거부:24
14:32:04  GPS품질거부:2
14:32:04  GPS재기준:0
14:32:04  계산거리:-1.00
14:32:04  접근속도:0.00
14:32:04  TTC:999.00
14:32:04  방향오차:0.0
14:32:04  전방여부:0
14:32:04  위험음성횟수:11
14:32:04  충격음성횟수:1
14:32:04  마지막위험음성:2
14:32:04  RSSI원시:-82
14:32:04  RSSI평활:-81.3
14:32:04  RSSI샘플:2514
14:32:04  RSSI경과ms:80
14:32:04  RSSI구간:1
14:32:04  RSSI거리:12.00
14:32:04  상대보정:1
14:32:04  상대보정중:0
14:32:04  보정동쪽:12.63
14:32:04  보정북쪽:-31.94
14:32:04  위험송신:0
14:32:05  시각ms:292125
14:32:05  IMU시각ms:292124
14:32:05  위험:2
14:32:05  원시위험:0
14:32:05  GPS유효:1
14:32:05  위도:37.496432
14:32:05  경도:126.957957
14:32:05  속도:0.30
14:32:05  방향:143.9
14:32:05  이동방향유효:0
14:32:05  GPS이동방향:143.9
14:32:05  차체방향유효:1
14:32:05  차체방향:121.8
14:32:05  후진판정:0
14:32:05  IMU요회전속도:9.65
14:32:05  방향가속도크기:13.61
14:32:05  방향자이로크기:16.26
14:32:05  방향자세cos:0.9590
14:32:05  자기모델잔차:19.28
14:32:05  자기모델반경:0.868
14:32:05  방향채택:2
14:32:05  방향거부:33374
14:32:05  GPS원시속도:0.355
14:32:05  GPS원시방향유효:1
14:32:05  GPS원시방향:57.5
14:32:05  가속도:-2.11,2.92,13.13
14:32:05  자이로:8.9,4.1,-13.0
14:32:05  자력계:-6.600,-5.250,14.700
14:32:05  충격값:4.30
14:32:05  충격피크:9.69
14:32:05  마지막충격발생값:111.97
14:32:05  마지막충격발생ms:136944
14:32:05  송신:2773
14:32:05  지팡이수신:2519
14:32:05  GPS위성:9
14:32:05  GPS_HDOP:0.95
14:32:05  원시위도:37.496433
14:32:05  원시경도:126.957954
14:32:05  GPS채택:1288
14:32:05  GPS이상치거부:24
14:32:05  GPS품질거부:2
14:32:05  GPS재기준:0
14:32:05  계산거리:-1.00
14:32:05  접근속도:0.00
14:32:05  TTC:999.00
14:32:05  방향오차:0.0
14:32:05  전방여부:0
14:32:05  위험음성횟수:11
14:32:05  충격음성횟수:1
14:32:05  마지막위험음성:2
14:32:05  RSSI원시:-81
14:32:05  RSSI평활:-81.8
14:32:05  RSSI샘플:2519
14:32:05  RSSI경과ms:260
14:32:05  RSSI구간:1
14:32:05  RSSI거리:12.00
14:32:05  상대보정:1
14:32:05  상대보정중:0
14:32:05  보정동쪽:12.63
14:32:05  보정북쪽:-31.94
14:32:05  위험송신:0
14:32:07  시각ms:294395
14:32:07  IMU시각ms:294394
14:32:07  위험:2
14:32:07  원시위험:0
14:32:07  GPS유효:1
14:32:07  위도:37.496431
14:32:07  경도:126.957957
14:32:07  속도:0.01
14:32:07  방향:143.9
14:32:07  이동방향유효:0
14:32:07  GPS이동방향:143.9
14:32:07  차체방향유효:1
14:32:07  차체방향:121.9
14:32:07  후진판정:0
14:32:07  IMU요회전속도:1.00
14:32:07  방향가속도크기:10.57
14:32:07  방향자이로크기:7.51
14:32:07  방향자세cos:0.9699
14:32:07  자기모델잔차:17.59
14:32:07  자기모델반경:0.859
14:32:07  방향채택:2
14:32:07  방향거부:33641
14:32:07  GPS원시속도:0.015
14:32:07  GPS원시방향유효:1
14:32:07  GPS원시방향:57.5
14:32:07  가속도:0.84,2.72,10.18
14:32:07  자이로:-1.1,-6.2,-4.0
14:32:07  자력계:-6.000,-4.650,12.750
14:32:07  충격값:2.21
14:32:07  충격피크:3.59
14:32:07  마지막충격발생값:111.97
14:32:07  마지막충격발생ms:136944
14:32:07  송신:2795
14:32:07  지팡이수신:2532
14:32:07  GPS위성:8
14:32:07  GPS_HDOP:1.06
14:32:07  원시위도:37.496429
14:32:07  원시경도:126.957958
14:32:07  GPS채택:1300
14:32:07  GPS이상치거부:24
14:32:07  GPS품질거부:2
14:32:07  GPS재기준:0
14:32:07  계산거리:-1.00
14:32:07  접근속도:0.00
14:32:08  TTC:999.00
14:32:08  방향오차:0.0
14:32:08  전방여부:0
14:32:08  위험음성횟수:11
14:32:08  충격음성횟수:1
14:32:08  마지막위험음성:2
14:32:08  RSSI원시:-79
14:32:08  RSSI평활:-80.5
14:32:08  RSSI샘플:2532
14:32:08  RSSI경과ms:162
14:32:08  RSSI구간:1
14:32:08  RSSI거리:12.00
14:32:08  상대보정:1
14:32:08  상대보정중:0
14:32:08  보정동쪽:12.63
14:32:08  보정북쪽:-31.94
14:32:08  위험송신:0
14:32:08  시각ms:294604
14:32:08  IMU시각ms:294603
14:32:08  위험:0
14:32:08  원시위험:0
14:32:08  GPS유효:1
14:32:08  위도:37.496431
14:32:08  경도:126.957957
14:32:08  속도:0.03
14:32:08  방향:143.9
14:32:08  이동방향유효:0
14:32:08  GPS이동방향:143.9
14:32:08  차체방향유효:1
14:32:08  차체방향:122.1
14:32:08  후진판정:0
14:32:08  IMU요회전속도:0.00
14:32:08  방향가속도크기:9.13
14:32:08  방향자이로크기:18.01
14:32:08  방향자세cos:0.9665
14:32:08  자기모델잔차:19.15
14:32:08  자기모델반경:0.815
14:32:08  방향채택:2
14:32:08  방향거부:33665
14:32:08  GPS원시속도:0.041
14:32:08  GPS원시방향유효:1
14:32:08  GPS원시방향:57.5
14:32:08  가속도:1.92,0.14,8.93
14:32:08  자이로:15.1,9.8,0.3
14:32:08  자력계:-6.450,-6.600,14.550
14:32:08  충격값:2.28
14:32:08  충격피크:7.01
14:32:08  마지막충격발생값:111.97
14:32:08  마지막충격발생ms:136944
14:32:08  송신:2797
14:32:08  지팡이수신:2533
14:32:08  GPS위성:8
14:32:08  GPS_HDOP:1.06
14:32:08  원시위도:37.496429
14:32:08  원시경도:126.957959
14:32:08  GPS채택:1301
14:32:08  GPS이상치거부:24
14:32:08  GPS품질거부:2
14:32:08  GPS재기준:0
14:32:08  계산거리:-1.00
14:32:08  접근속도:0.00
14:32:08  TTC:999.00
14:32:08  방향오차:0.0
14:32:08  전방여부:0
14:32:08  위험음성횟수:11
14:32:08  충격음성횟수:1
14:32:08  마지막위험음성:2
14:32:08  RSSI원시:-80
14:32:08  RSSI평활:-80.4
14:32:08  RSSI샘플:2533
14:32:08  RSSI경과ms:107
14:32:08  RSSI구간:1
14:32:08  RSSI거리:12.00
14:32:08  상대보정:1
14:32:08  상대보정중:0
14:32:08  보정동쪽:12.63
14:32:08  보정북쪽:-31.94
14:32:08  위험송신:0
14:32:08  시각ms:294704
14:32:08  IMU시각ms:294703
14:32:08  위험:0
14:32:08  원시위험:0
14:32:08  GPS유효:1
14:32:08  위도:37.496431
14:32:08  경도:126.957957
14:32:08  속도:0.03
14:32:08  방향:143.9
14:32:08  이동방향유효:0
14:32:08  GPS이동방향:143.9
14:32:08  차체방향유효:1
14:32:08  차체방향:122.0
14:32:08  후진판정:0
14:32:08  IMU요회전속도:0.00
14:32:08  방향가속도크기:8.30
14:32:08  방향자이로크기:10.10
14:32:08  방향자세cos:0.9664
14:32:08  자기모델잔차:17.71
14:32:08  자기모델반경:0.778
14:32:08  방향채택:2
14:32:08  방향거부:33677
14:32:08  GPS원시속도:0.041
14:32:08  GPS원시방향유효:1
14:32:08  GPS원시방향:57.5
14:32:08  가속도:-0.61,2.51,7.89
14:32:08  자이로:9.8,2.5,-0.5
14:32:08  자력계:-4.200,-6.300,13.050
14:32:08  충격값:2.42
14:32:08  충격피크:3.16
14:32:08  마지막충격발생값:111.97
14:32:08  마지막충격발생ms:136944
14:32:08  송신:2798
14:32:08  지팡이수신:2533
14:32:08  GPS위성:8
14:32:08  GPS_HDOP:1.06
14:32:08  원시위도:37.496429
14:32:08  원시경도:126.957959
14:32:08  GPS채택:1301
14:32:08  GPS이상치거부:24
14:32:08  GPS품질거부:2
14:32:08  GPS재기준:0
14:32:08  계산거리:-1.00
14:32:08  접근속도:0.00
14:32:08  TTC:999.00
14:32:08  방향오차:0.0
14:32:08  전방여부:0
14:32:08  위험음성횟수:11
14:32:08  충격음성횟수:1
14:32:08  마지막위험음성:2
14:32:08  RSSI원시:-80
14:32:08  RSSI평활:-80.4
14:32:08  RSSI샘플:2533
14:32:08  RSSI경과ms:207
14:32:08  RSSI구간:1
14:32:08  RSSI거리:12.00
14:32:08  상대보정:1
14:32:08  상대보정중:0
14:32:08  보정동쪽:12.63
14:32:08  보정북쪽:-31.94
14:32:08  위험송신:0
14:32:09  시각ms:295548
14:32:09  IMU시각ms:295547
14:32:09  위험:0
14:32:09  원시위험:0
14:32:09  GPS유효:1
14:32:09  위도:37.496431
14:32:09  경도:126.957958
14:32:09  속도:0.36
14:32:09  방향:143.9
14:32:09  이동방향유효:0
14:32:09  GPS이동방향:20.6
14:32:09  차체방향유효:1
14:32:09  차체방향:128.4
14:32:09  후진판정:0
14:32:09  IMU요회전속도:18.60
14:32:09  방향가속도크기:5.18
14:32:09  방향자이로크기:34.61
14:32:09  방향자세cos:0.9762
14:32:09  자기모델잔차:19.57
14:32:09  자기모델반경:0.915
14:32:09  방향채택:2
14:32:09  방향거부:33776
14:32:09  GPS원시속도:0.432
14:32:09  GPS원시방향유효:1
14:32:09  GPS원시방향:20.6
14:32:09  가속도:3.11,0.51,4.11
14:32:09  자이로:-24.7,-12.6,-20.7
14:32:09  자력계:-9.300,-8.400,13.950
14:32:09  충격값:7.00
14:32:09  충격피크:18.36
14:32:09  마지막충격발생값:111.97
14:32:09  마지막충격발생ms:136944
14:32:09  송신:2806
14:32:09  지팡이수신:2537
14:32:09  GPS위성:9
14:32:09  GPS_HDOP:1.06
14:32:09  원시위도:37.496430
14:32:09  원시경도:126.957962
14:32:09  GPS채택:1305
14:32:09  GPS이상치거부:24
14:32:09  GPS품질거부:2
14:32:09  GPS재기준:0
14:32:09  계산거리:-1.00
14:32:09  접근속도:0.00
14:32:09  TTC:999.00
14:32:09  방향오차:0.0
14:32:09  전방여부:0
14:32:09  위험음성횟수:11
14:32:09  충격음성횟수:1
14:32:09  마지막위험음성:2
14:32:09  RSSI원시:-75
14:32:09  RSSI평활:-78.8
14:32:09  RSSI샘플:2537
14:32:09  RSSI경과ms:139
14:32:09  RSSI구간:1
14:32:09  RSSI거리:12.00
14:32:09  상대보정:1
14:32:09  상대보정중:0
14:32:09  보정동쪽:12.63
14:32:09  보정북쪽:-31.94
14:32:09  위험송신:0
14:32:09  시각ms:296163
14:32:09  IMU시각ms:296162
14:32:09  위험:0
14:32:09  원시위험:0
14:32:09  GPS유효:1
14:32:09  위도:37.496432
14:32:09  경도:126.957963
14:32:09  속도:0.46
14:32:09  방향:23.1
14:32:09  이동방향유효:1
14:32:09  GPS이동방향:23.1
14:32:09  차체방향유효:1
14:32:09  차체방향:141.3
14:32:09  후진판정:1
14:32:09  IMU요회전속도:-6.38
14:32:09  방향가속도크기:11.36
14:32:09  방향자이로크기:58.12
14:32:09  방향자세cos:0.8928
14:32:09  자기모델잔차:17.59
14:32:09  자기모델반경:0.808
14:32:09  방향채택:2
14:32:09  방향거부:33847
14:32:09  GPS원시속도:0.489
14:32:09  GPS원시방향유효:1
14:32:09  GPS원시방향:28.4
14:32:09  가속도:-0.26,-0.37,11.35
14:32:09  자이로:-51.3,-25.0,10.9
14:32:09  자력계:-7.950,-7.350,13.050
14:32:09  충격값:1.94
14:32:09  충격피크:12.19
14:32:09  마지막충격발생값:111.97
14:32:09  마지막충격발생ms:136944
14:32:09  송신:2812
14:32:09  지팡이수신:2542
14:32:09  GPS위성:9
14:32:09  GPS_HDOP:1.09
14:32:09  원시위도:37.496432
14:32:09  원시경도:126.957964
14:32:09  GPS채택:1308
14:32:09  GPS이상치거부:24
14:32:09  GPS품질거부:2
14:32:09  GPS재기준:0
14:32:09  계산거리:-1.00
14:32:09  접근속도:0.00
14:32:09  TTC:999.00
14:32:09  방향오차:0.0
14:32:09  전방여부:0
14:32:09  위험음성횟수:11
14:32:09  충격음성횟수:1
14:32:09  마지막위험음성:2
14:32:09  RSSI원시:-79
14:32:09  RSSI평활:-79.1
14:32:09  RSSI샘플:2542
14:32:09  RSSI경과ms:64
14:32:09  RSSI구간:1
14:32:09  RSSI거리:12.00
14:32:09  상대보정:1
14:32:09  상대보정중:0
14:32:09  보정동쪽:12.63
14:32:09  보정북쪽:-31.94
14:32:09  위험송신:0
14:32:09  시각ms:296264
14:32:09  IMU시각ms:296263
14:32:09  위험:0
14:32:09  원시위험:0
14:32:09  GPS유효:1
14:32:09  위도:37.496433
14:32:09  경도:126.957964
14:32:09  속도:0.49
14:32:09  방향:24.4
14:32:09  이동방향유효:1
14:32:09  GPS이동방향:24.4
14:32:09  차체방향유효:1
14:32:09  차체방향:147.0
14:32:09  후진판정:1
14:32:09  IMU요회전속도:-16.70
14:32:09  방향가속도크기:6.00
14:32:09  방향자이로크기:22.88
14:32:09  방향자세cos:0.9806
14:32:09  자기모델잔차:17.23
14:32:09  자기모델반경:0.791
14:32:09  방향채택:2
14:32:09  방향거부:33859
14:32:09  GPS원시속도:0.514
14:32:09  GPS원시방향유효:1
14:32:09  GPS원시방향:26.8
14:32:09  가속도:-2.06,-2.55,5.02
14:32:09  자이로:-0.5,-10.2,20.5
14:32:09  자력계:-7.200,-5.850,15.000
14:32:09  충격값:6.15
14:32:09  충격피크:12.15
14:32:09  마지막충격발생값:111.97
14:32:09  마지막충격발생ms:136944
14:32:09  송신:2813
14:32:09  지팡이수신:2543
14:32:09  GPS위성:9
14:32:09  GPS_HDOP:1.09
14:32:09  원시위도:37.496433
14:32:09  원시경도:126.957965
14:32:09  GPS채택:1309
14:32:09  GPS이상치거부:24
14:32:09  GPS품질거부:2
14:32:09  GPS재기준:0
14:32:09  계산거리:-1.00
14:32:09  접근속도:0.00
14:32:09  TTC:999.00
14:32:09  방향오차:0.0
14:32:09  전방여부:0
14:32:09  위험음성횟수:11
14:32:09  충격음성횟수:1
14:32:09  마지막위험음성:2
14:32:09  RSSI원시:-80
14:32:09  RSSI평활:-79.3
14:32:09  RSSI샘플:2543
14:32:09  RSSI경과ms:74
14:32:09  RSSI구간:1
14:32:09  RSSI거리:12.00
14:32:09  상대보정:1
14:32:09  상대보정중:0
14:32:09  보정동쪽:12.63
14:32:09  보정북쪽:-31.94
14:32:09  위험송신:0
14:32:10  시각ms:296464
14:32:10  IMU시각ms:296463
14:32:10  위험:0
14:32:10  원시위험:0
14:32:10  GPS유효:1
14:32:10  위도:37.496434
14:32:10  경도:126.957965
14:32:10  속도:0.50
14:32:10  방향:26.5
14:32:10  이동방향유효:1
14:32:10  GPS이동방향:26.5
14:32:10  차체방향유효:1
14:32:10  차체방향:151.1
14:32:10  후진판정:1
14:32:10  IMU요회전속도:-12.88
14:32:10  방향가속도크기:5.85
14:32:10  방향자이로크기:27.71
14:32:10  방향자세cos:0.5794
14:32:10  자기모델잔차:17.23
14:32:10  자기모델반경:0.791
14:32:10  방향채택:2
14:32:10  방향거부:33883
14:32:10  GPS원시속도:0.509
14:32:10  GPS원시방향유효:1
14:32:10  GPS원시방향:30.4
14:32:10  가속도:0.58,-4.16,4.07
14:32:10  자이로:21.6,-5.7,16.4
14:32:10  자력계:-4.650,-5.250,12.450
14:32:10  충격값:7.82
14:32:10  충격피크:15.45
14:32:10  마지막충격발생값:111.97
14:32:10  마지막충격발생ms:136944
14:32:10  송신:2815
14:32:10  지팡이수신:2545
14:32:10  GPS위성:9
14:32:10  GPS_HDOP:1.09
14:32:10  원시위도:37.496434
14:32:10  원시경도:126.957965
14:32:10  GPS채택:1310
14:32:10  GPS이상치거부:24
14:32:10  GPS품질거부:2
14:32:10  GPS재기준:0
14:32:10  계산거리:-1.00
14:32:10  접근속도:0.00
14:32:10  TTC:999.00
14:32:10  방향오차:0.0
14:32:10  전방여부:0
14:32:10  위험음성횟수:11
14:32:10  충격음성횟수:1
14:32:10  마지막위험음성:2
14:32:10  RSSI원시:-75
14:32:10  RSSI평활:-77.7
14:32:10  RSSI샘플:2545
14:32:10  RSSI경과ms:63
14:32:10  RSSI구간:1
14:32:10  RSSI거리:11.91
14:32:10  상대보정:1
14:32:10  상대보정중:0
14:32:10  보정동쪽:12.63
14:32:10  보정북쪽:-31.94
14:32:10  위험송신:0
14:32:10  시각ms:297088
14:32:10  IMU시각ms:297087
14:32:10  위험:0
14:32:10  원시위험:0
14:32:10  GPS유효:1
14:32:10  위도:37.496437
14:32:10  경도:126.957966
14:32:10  속도:0.52
14:32:10  방향:20.6
14:32:10  이동방향유효:1
14:32:10  GPS이동방향:20.6
14:32:10  차체방향유효:1
14:32:10  차체방향:166.0
14:32:10  후진판정:1
14:32:10  IMU요회전속도:-3.01
14:32:10  방향가속도크기:9.88
14:32:10  방향자이로크기:29.52
14:32:10  방향자세cos:0.9108
14:32:10  자기모델잔차:16.94
14:32:10  자기모델반경:0.748
14:32:10  방향채택:2
14:32:10  방향거부:33955
14:32:10  GPS원시속도:0.561
14:32:10  GPS원시방향유효:1
14:32:10  GPS원시방향:14.6
14:32:10  가속도:-4.48,0.57,8.79
14:32:10  자이로:21.2,20.2,4.1
14:32:10  자력계:-3.150,-6.000,13.650
14:32:10  충격값:4.49
14:32:10  충격피크:15.35
14:32:10  마지막충격발생값:111.97
14:32:10  마지막충격발생ms:136944
14:32:10  송신:2821
14:32:10  지팡이수신:2549
14:32:10  GPS위성:9
14:32:10  GPS_HDOP:0.95
14:32:10  원시위도:37.496437
14:32:10  원시경도:126.957966
14:32:10  GPS채택:1313
14:32:10  GPS이상치거부:24
14:32:10  GPS품질거부:2
14:32:10  GPS재기준:0
14:32:10  계산거리:-1.00
14:32:10  접근속도:0.00
14:32:10  TTC:999.00
14:32:10  방향오차:0.0
14:32:10  전방여부:0
14:32:10  위험음성횟수:11
14:32:10  충격음성횟수:1
14:32:10  마지막위험음성:2
14:32:10  RSSI원시:-76
14:32:10  RSSI평활:-78.1
14:32:10  RSSI샘플:2549
14:32:10  RSSI경과ms:168
14:32:10  RSSI구간:1
14:32:10  RSSI거리:12.00
14:32:10  상대보정:1
14:32:10  상대보정중:0
14:32:10  보정동쪽:12.63
14:32:10  보정북쪽:-31.94
14:32:10  위험송신:0
14:32:11  시각ms:297726
14:32:11  IMU시각ms:297725
14:32:11  위험:0
14:32:11  원시위험:0
14:32:11  GPS유효:1
14:32:11  위도:37.496441
14:32:11  경도:126.957967
14:32:11  속도:0.60
14:32:11  방향:13.1
14:32:11  이동방향유효:1
14:32:11  GPS이동방향:13.1
14:32:11  차체방향유효:1
14:32:11  차체방향:175.9
14:32:11  후진판정:1
14:32:11  IMU요회전속도:-0.43
14:32:11  방향가속도크기:11.76
14:32:11  방향자이로크기:39.76
14:32:11  방향자세cos:0.8845
14:32:11  자기모델잔차:19.52
14:32:11  자기모델반경:0.779
14:32:11  방향채택:2
14:32:11  방향거부:34032
14:32:11  GPS원시속도:0.602
14:32:11  GPS원시방향유효:1
14:32:11  GPS원시방향:10.7
14:32:11  가속도:2.15,-4.29,10.74
14:32:11  자이로:-6.9,39.2,0.1
14:32:11  자력계:-4.650,-5.700,12.450
14:32:11  충격값:5.69
14:32:11  충격피크:12.99
14:32:11  마지막충격발생값:111.97
14:32:11  마지막충격발생ms:136944
14:32:11  송신:2827
14:32:11  지팡이수신:2551
14:32:11  GPS위성:9
14:32:11  GPS_HDOP:0.95
14:32:11  원시위도:37.496440
14:32:11  원시경도:126.957967
14:32:11  GPS채택:1316
14:32:11  GPS이상치거부:24
14:32:11  GPS품질거부:2
14:32:11  GPS재기준:0
14:32:11  계산거리:-1.00
14:32:11  접근속도:0.00
14:32:11  TTC:999.00
14:32:11  방향오차:0.0
14:32:11  전방여부:0
14:32:11  위험음성횟수:11
14:32:11  충격음성횟수:1
14:32:11  마지막위험음성:2
14:32:11  RSSI원시:-78
14:32:11  RSSI평활:-78.9
14:32:11  RSSI샘플:2551
14:32:11  RSSI경과ms:483
14:32:11  RSSI구간:1
14:32:11  RSSI거리:12.00
14:32:11  상대보정:1
14:32:11  상대보정중:0
14:32:11  보정동쪽:12.63
14:32:11  보정북쪽:-31.94
14:32:11  위험송신:0
14:32:12  시각ms:298446
14:32:12  IMU시각ms:298445
14:32:12  위험:0
14:32:12  원시위험:0
14:32:12  GPS유효:1
14:32:12  위도:37.496447
14:32:12  경도:126.957968
14:32:12  속도:0.73
14:32:12  방향:11.6
14:32:12  이동방향유효:1
14:32:12  GPS이동방향:11.6
14:32:12  차체방향유효:1
14:32:12  차체방향:182.8
14:32:12  후진판정:1
14:32:12  IMU요회전속도:3.24
14:32:12  방향가속도크기:13.95
14:32:12  방향자이로크기:27.68
14:32:12  방향자세cos:0.9097
14:32:12  자기모델잔차:15.96
14:32:12  자기모델반경:0.732
14:32:12  방향채택:2
14:32:12  방향거부:34115
14:32:12  GPS원시속도:0.684
14:32:12  GPS원시방향유효:1
14:32:12  GPS원시방향:12.1
14:32:12  가속도:-2.35,5.38,12.66
14:32:12  자이로:-11.5,23.3,-9.5
14:32:12  자력계:-5.850,-8.850,11.400
14:32:12  충격값:5.95
14:32:12  충격피크:11.40
14:32:12  마지막충격발생값:111.97
14:32:12  마지막충격발생ms:136944
14:32:12  송신:2834
14:32:12  지팡이수신:2556
14:32:12  GPS위성:9
14:32:12  GPS_HDOP:1.09
14:32:12  원시위도:37.496447
14:32:12  원시경도:126.957967
14:32:12  GPS채택:1320
14:32:12  GPS이상치거부:24
14:32:12  GPS품질거부:2
14:32:12  GPS재기준:0
14:32:12  계산거리:-1.00
14:32:12  접근속도:0.00
14:32:12  TTC:999.00
14:32:12  방향오차:0.0
14:32:12  전방여부:0
14:32:12  위험음성횟수:11
14:32:12  충격음성횟수:1
14:32:12  마지막위험음성:2
14:32:12  RSSI원시:-78
14:32:12  RSSI평활:-78.8
14:32:12  RSSI샘플:2556
14:32:12  RSSI경과ms:45
14:32:12  RSSI구간:1
14:32:12  RSSI거리:12.00
14:32:12  상대보정:1
14:32:12  상대보정중:0
14:32:12  보정동쪽:12.63
14:32:12  보정북쪽:-31.94
14:32:12  위험송신:0
14:32:12  시각ms:298861
14:32:12  IMU시각ms:298860
14:32:12  위험:0
14:32:12  원시위험:0
14:32:12  GPS유효:1
14:32:12  위도:37.496451
14:32:12  경도:126.957967
14:32:12  속도:0.85
14:32:12  방향:10.3
14:32:12  이동방향유효:1
14:32:12  GPS이동방향:10.3
14:32:12  차체방향유효:1
14:32:12  차체방향:185.1
14:32:12  후진판정:1
14:32:12  IMU요회전속도:8.82
14:32:12  방향가속도크기:9.70
14:32:12  방향자이로크기:18.73
14:32:12  방향자세cos:0.7994
14:32:12  자기모델잔차:16.59
14:32:12  자기모델반경:0.743
14:32:12  방향채택:2
14:32:12  방향거부:34165
14:32:12  GPS원시속도:0.911
14:32:12  GPS원시방향유효:1
14:32:12  GPS원시방향:9.1
14:32:12  가속도:2.65,-4.60,8.12
14:32:12  자이로:-12.0,5.4,-13.4
14:32:12  자력계:-5.100,-7.950,11.700
14:32:12  충격값:6.33
14:32:12  충격피크:9.48
14:32:12  마지막충격발생값:111.97
14:32:12  마지막충격발생ms:136944
14:32:12  송신:2838
14:32:12  지팡이수신:2558
14:32:12  GPS위성:9
14:32:12  GPS_HDOP:1.09
14:32:12  원시위도:37.496451
14:32:12  원시경도:126.957967
14:32:12  GPS채택:1322
14:32:12  GPS이상치거부:24
14:32:12  GPS품질거부:2
14:32:12  GPS재기준:0
14:32:12  계산거리:-1.00
14:32:12  접근속도:0.00
14:32:12  TTC:999.00
14:32:12  방향오차:0.0
14:32:12  전방여부:0
14:32:12  위험음성횟수:11
14:32:12  충격음성횟수:1
14:32:12  마지막위험음성:2
14:32:12  RSSI원시:-80
14:32:12  RSSI평활:-79.9
14:32:12  RSSI샘플:2558
14:32:12  RSSI경과ms:39
14:32:12  RSSI구간:1
14:32:12  RSSI거리:12.00
14:32:12  상대보정:1
14:32:12  상대보정중:0
14:32:12  보정동쪽:12.63
14:32:12  보정북쪽:-31.94
14:32:12  위험송신:0
14:32:12  시각ms:298967
14:32:12  IMU시각ms:298966
14:32:12  위험:0
14:32:12  원시위험:0
14:32:12  GPS유효:1
14:32:12  위도:37.496452
14:32:12  경도:126.957968
14:32:12  속도:0.85
14:32:12  방향:10.3
14:32:12  이동방향유효:1
14:32:12  GPS이동방향:10.3
14:32:12  차체방향유효:1
14:32:12  차체방향:185.1
14:32:12  후진판정:1
14:32:12  IMU요회전속도:0.00
14:32:12  방향가속도크기:10.02
14:32:12  방향자이로크기:34.34
14:32:12  방향자세cos:0.9966
14:32:12  자기모델잔차:16.49
14:32:12  자기모델반경:0.702
14:32:12  방향채택:2
14:32:12  방향거부:34176
14:32:12  GPS원시속도:0.911
14:32:12  GPS원시방향유효:1
14:32:12  GPS원시방향:9.1
14:32:12  가속도:-0.18,-0.28,10.02
14:32:12  자이로:34.3,-2.3,-0.9
14:32:12  자력계:-3.900,-9.150,12.150
14:32:12  충격값:1.25
14:32:12  충격피크:9.83
14:32:12  마지막충격발생값:111.97
14:32:12  마지막충격발생ms:136944
14:32:12  송신:2839
14:32:12  지팡이수신:2559
14:32:12  GPS위성:9
14:32:12  GPS_HDOP:1.09
14:32:12  원시위도:37.496451
14:32:12  원시경도:126.957967
14:32:12  GPS채택:1322
14:32:12  GPS이상치거부:24
14:32:12  GPS품질거부:2
14:32:12  GPS재기준:0
14:32:12  계산거리:-1.00
14:32:12  접근속도:0.00
14:32:12  TTC:999.00
14:32:12  방향오차:0.0
14:32:12  전방여부:0
14:32:12  위험음성횟수:11
14:32:12  충격음성횟수:1
14:32:12  마지막위험음성:2
14:32:12  RSSI원시:-81
14:32:12  RSSI평활:-80.1
14:32:12  RSSI샘플:2559
14:32:12  RSSI경과ms:42
14:32:12  RSSI구간:1
14:32:12  RSSI거리:12.00
14:32:12  상대보정:1
14:32:12  상대보정중:0
14:32:12  보정동쪽:12.63
14:32:12  보정북쪽:-31.94
14:32:12  위험송신:0
14:32:12  시각ms:299175
14:32:12  IMU시각ms:299174
14:32:12  위험:0
14:32:12  원시위험:0
14:32:12  GPS유효:1
14:32:12  위도:37.496454
14:32:12  경도:126.957968
14:32:12  속도:0.86
14:32:12  방향:10.5
14:32:12  이동방향유효:1
14:32:12  GPS이동방향:10.5
14:32:12  차체방향유효:1
14:32:12  차체방향:186.7
14:32:12  후진판정:1
14:32:12  IMU요회전속도:11.14
14:32:12  방향가속도크기:79.89
14:32:12  방향자이로크기:68.44
14:32:12  방향자세cos:0.8147
14:32:12  자기모델잔차:17.36
14:32:12  자기모델반경:0.784
14:32:12  방향채택:2
14:32:12  방향거부:34201
14:32:12  GPS원시속도:0.864
14:32:12  GPS원시방향유효:1
14:32:12  GPS원시방향:10.9
14:32:12  가속도:1.47,15.04,78.45
14:32:12  자이로:-35.5,54.7,-20.9
14:32:12  자력계:-3.900,-6.300,14.250
14:32:12  충격값:68.97
14:32:12  충격피크:68.97
14:32:12  마지막충격발생값:111.97
14:32:12  마지막충격발생ms:136944
14:32:12  송신:2841
14:32:12  지팡이수신:2561
14:32:12  GPS위성:9
14:32:12  GPS_HDOP:0.95
14:32:12  원시위도:37.496453
14:32:12  원시경도:126.957967
14:32:12  GPS채택:1323
14:32:12  GPS이상치거부:24
14:32:12  GPS품질거부:2
14:32:12  GPS재기준:0
14:32:12  계산거리:-1.00
14:32:12  접근속도:0.00
14:32:12  TTC:999.00
14:32:12  방향오차:0.0
14:32:12  전방여부:0
14:32:12  위험음성횟수:11
14:32:12  충격음성횟수:1
14:32:12  마지막위험음성:2
14:32:12  RSSI원시:-75
14:32:12  RSSI평활:-78.6
14:32:12  RSSI샘플:2561
14:32:12  RSSI경과ms:38
14:32:12  RSSI구간:1
14:32:12  RSSI거리:12.00
14:32:12  상대보정:1
14:32:12  상대보정중:0
14:32:12  보정동쪽:12.63
14:32:12  보정북쪽:-31.94
14:32:12  위험송신:0
14:32:12  시각ms:299378
14:32:12  IMU시각ms:299377
14:32:12  위험:0
14:32:12  원시위험:0
14:32:12  GPS유효:1
14:32:12  위도:37.496456
14:32:12  경도:126.957968
14:32:12  속도:0.83
14:32:12  방향:11.8
14:32:12  이동방향유효:1
14:32:12  GPS이동방향:11.8
14:32:12  차체방향유효:1
14:32:12  차체방향:187.6
14:32:12  후진판정:1
14:32:12  IMU요회전속도:0.00
14:32:12  방향가속도크기:11.16
14:32:12  방향자이로크기:20.77
14:32:12  방향자세cos:0.9692
14:32:12  자기모델잔차:16.96
14:32:12  자기모델반경:0.812
14:32:12  방향채택:2
14:32:12  방향거부:34225
14:32:12  GPS원시속도:0.808
14:32:12  GPS원시방향유효:1
14:32:12  GPS원시방향:14.1
14:32:12  가속도:2.22,1.01,10.89
14:32:12  자이로:-15.8,-13.4,1.5
14:32:12  자력계:-5.700,-6.300,12.300
14:32:12  충격값:2.79
14:32:12  충격피크:18.10
14:32:12  마지막충격발생값:111.97
14:32:12  마지막충격발생ms:136944
14:32:12  송신:2843
14:32:12  지팡이수신:2563
14:32:12  GPS위성:9
14:32:12  GPS_HDOP:0.95
14:32:12  원시위도:37.496455
14:32:12  원시경도:126.957968
14:32:12  GPS채택:1324
14:32:12  GPS이상치거부:24
14:32:12  GPS품질거부:2
14:32:12  GPS재기준:0
14:32:12  계산거리:-1.00
14:32:12  접근속도:0.00
14:32:12  TTC:999.00
14:32:12  방향오차:0.0
14:32:12  전방여부:0
14:32:12  위험음성횟수:11
14:32:12  충격음성횟수:1
14:32:12  마지막위험음성:2
14:32:12  RSSI원시:-78
14:32:12  RSSI평활:-77.7
14:32:12  RSSI샘플:2563
14:32:12  RSSI경과ms:23
14:32:12  RSSI구간:1
14:32:12  RSSI거리:11.92
14:32:12  상대보정:1
14:32:12  상대보정중:0
14:32:12  보정동쪽:12.63
14:32:12  보정북쪽:-31.94
14:32:12  위험송신:0
14:32:13  시각ms:299681
14:32:13  IMU시각ms:299680
14:32:13  위험:0
14:32:13  원시위험:0
14:32:13  GPS유효:1
14:32:13  위도:37.496459
14:32:13  경도:126.957968
14:32:13  속도:0.84
14:32:13  방향:11.0
14:32:13  이동방향유효:1
14:32:13  GPS이동방향:11.0
14:32:13  차체방향유효:1
14:32:13  차체방향:189.1
14:32:13  후진판정:1
14:32:13  IMU요회전속도:5.03
14:32:13  방향가속도크기:11.40
14:32:13  방향자이로크기:16.92
14:32:13  방향자세cos:0.8375
14:32:13  자기모델잔차:17.93
14:32:13  자기모델반경:0.751
14:32:13  방향채택:2
14:32:13  방향거부:34261
14:32:13  GPS원시속도:0.869
14:32:13  GPS원시방향유효:1
14:32:13  GPS원시방향:10.9
14:32:13  가속도:-4.62,-4.14,9.57
14:32:13  자이로:-1.1,-15.4,-6.9
14:32:13  자력계:-4.950,-7.800,13.050
14:32:13  충격값:7.03
14:32:13  충격피크:16.55
14:32:13  마지막충격발생값:111.97
14:32:13  마지막충격발생ms:136944
14:32:13  송신:2846
14:32:13  지팡이수신:2565
14:32:13  GPS위성:9
14:32:13  GPS_HDOP:0.95
14:32:13  원시위도:37.496459
14:32:13  원시경도:126.957968
14:32:13  GPS채택:1326
14:32:13  GPS이상치거부:24
14:32:13  GPS품질거부:2
14:32:13  GPS재기준:0
14:32:13  계산거리:-1.00
14:32:13  접근속도:0.00
14:32:13  TTC:999.00
14:32:13  방향오차:0.0
14:32:13  전방여부:0
14:32:13  위험음성횟수:11
14:32:13  충격음성횟수:1
14:32:13  마지막위험음성:2
14:32:13  RSSI원시:-74
14:32:13  RSSI평활:-76.6
14:32:13  RSSI샘플:2565
14:32:13  RSSI경과ms:17
14:32:13  RSSI구간:1
14:32:13  RSSI거리:10.64
14:32:13  상대보정:1
14:32:13  상대보정중:0
14:32:13  보정동쪽:12.63
14:32:13  보정북쪽:-31.94
14:32:13  위험송신:0
14:32:13  시각ms:300118
14:32:13  IMU시각ms:300117
14:32:13  위험:0
14:32:13  원시위험:0
14:32:13  GPS유효:1
14:32:13  위도:37.496463
14:32:13  경도:126.957969
14:32:13  속도:0.87
14:32:13  방향:13.2
14:32:13  이동방향유효:1
14:32:13  GPS이동방향:13.2
14:32:13  차체방향유효:1
14:32:13  차체방향:190.2
14:32:13  후진판정:1
14:32:13  IMU요회전속도:0.00
14:32:13  방향가속도크기:28.08
14:32:13  방향자이로크기:7.35
14:32:13  방향자세cos:0.9965
14:32:13  자기모델잔차:18.12
14:32:13  자기모델반경:0.775
14:32:13  방향채택:2
14:32:13  방향거부:34308
14:32:13  GPS원시속도:0.895
14:32:13  GPS원시방향유효:1
14:32:13  GPS원시방향:15.8
14:32:13  가속도:-0.03,3.07,27.91
14:32:13  자이로:7.3,-1.1,0.3
14:32:13  자력계:-5.850,-7.950,13.950
14:32:13  충격값:17.22
14:32:13  충격피크:17.22
14:32:13  마지막충격발생값:111.97
14:32:13  마지막충격발생ms:136944
14:32:13  송신:2850
14:32:13  지팡이수신:2569
14:32:13  GPS위성:8
14:32:13  GPS_HDOP:1.00
14:32:13  원시위도:37.496462
14:32:13  원시경도:126.957969
14:32:13  GPS채택:1328
14:32:13  GPS이상치거부:24
14:32:13  GPS품질거부:2
14:32:13  GPS재기준:0
14:32:13  계산거리:-1.00
14:32:13  접근속도:0.00
14:32:13  TTC:999.00
14:32:13  방향오차:0.0
14:32:13  전방여부:0
14:32:13  위험음성횟수:11
14:32:13  충격음성횟수:1
14:32:13  마지막위험음성:2
14:32:13  RSSI원시:-74
14:32:13  RSSI평활:-75.4
14:32:13  RSSI샘플:2569
14:32:13  RSSI경과ms:31
14:32:13  RSSI구간:1
14:32:13  RSSI거리:9.57
14:32:13  상대보정:1
14:32:13  상대보정중:0
14:32:13  보정동쪽:12.63
14:32:13  보정북쪽:-31.94
14:32:13  위험송신:0
14:32:13  시각ms:300218
14:32:13  IMU시각ms:300217
14:32:13  위험:0
14:32:13  원시위험:0
14:32:13  GPS유효:1
14:32:13  위도:37.496464
14:32:13  경도:126.957969
14:32:13  속도:0.87
14:32:13  방향:13.4
14:32:13  이동방향유효:1
14:32:13  GPS이동방향:13.4
14:32:13  차체방향유효:1
14:32:13  차체방향:190.6
14:32:13  후진판정:1
14:32:13  IMU요회전속도:-10.39
14:32:13  방향가속도크기:11.04
14:32:13  방향자이로크기:28.58
14:32:13  방향자세cos:0.8640
14:32:13  자기모델잔차:17.40
14:32:13  자기모델반경:0.764
14:32:13  방향채택:2
14:32:13  방향거부:34320
14:32:13  GPS원시속도:0.864
14:32:13  GPS원시방향유효:1
14:32:13  GPS원시방향:13.9
14:32:13  가속도:-4.04,4.69,9.15
14:32:13  자이로:-14.2,22.8,9.8
14:32:13  자력계:-5.850,-8.400,13.200
14:32:13  충격값:5.26
14:32:13  충격피크:14.05
14:32:13  마지막충격발생값:111.97
14:32:13  마지막충격발생ms:136944
14:32:13  송신:2851
14:32:13  지팡이수신:2570
14:32:13  GPS위성:9
14:32:13  GPS_HDOP:1.00
14:32:13  원시위도:37.496464
14:32:13  원시경도:126.957969
14:32:13  GPS채택:1329
14:32:13  GPS이상치거부:24
14:32:13  GPS품질거부:2
14:32:13  GPS재기준:0
14:32:13  계산거리:-1.00
14:32:13  접근속도:0.00
14:32:13  TTC:999.00
14:32:13  방향오차:0.0
14:32:13  전방여부:0
14:32:13  위험음성횟수:11
14:32:13  충격음성횟수:1
14:32:13  마지막위험음성:2
14:32:13  RSSI원시:-82
14:32:13  RSSI평활:-76.8
14:32:13  RSSI샘플:2570
14:32:13  RSSI경과ms:23
14:32:13  RSSI구간:1
14:32:13  RSSI거리:10.85
14:32:13  상대보정:1
14:32:13  상대보정중:0
14:32:13  보정동쪽:12.63
14:32:13  보정북쪽:-31.94
14:32:13  위험송신:0
14:32:13  시각ms:300432
14:32:13  IMU시각ms:300431
14:32:13  위험:0
14:32:13  원시위험:0
14:32:13  GPS유효:1
14:32:13  위도:37.496466
14:32:14  경도:126.957969
14:32:14  속도:0.91
14:32:14  방향:13.4
14:32:14  이동방향유효:1
14:32:14  GPS이동방향:13.4
14:32:14  차체방향유효:1
14:32:14  차체방향:191.2
14:32:14  후진판정:1
14:32:14  IMU요회전속도:0.00
14:32:14  방향가속도크기:6.26
14:32:14  방향자이로크기:31.15
14:32:14  방향자세cos:0.8303
14:32:14  자기모델잔차:18.74
14:32:14  자기모델반경:0.720
14:32:14  방향채택:2
14:32:14  방향거부:34346
14:32:14  GPS원시속도:0.957
14:32:14  GPS원시방향유효:1
14:32:14  GPS원시방향:13.2
14:32:14  가속도:4.14,0.92,4.60
14:32:14  자이로:-31.0,2.7,-1.0
14:32:14  자력계:-4.200,-5.850,14.550
14:32:14  충격값:7.06
14:32:14  충격피크:9.42
14:32:14  마지막충격발생값:111.97
14:32:14  마지막충격발생ms:136944
14:32:14  송신:2853
14:32:14  지팡이수신:2571
14:32:14  GPS위성:9
14:32:14  GPS_HDOP:1.00
14:32:14  원시위도:37.496466
14:32:14  원시경도:126.957969
14:32:14  GPS채택:1330
14:32:14  GPS이상치거부:24
14:32:14  GPS품질거부:2
14:32:14  GPS재기준:0
14:32:14  계산거리:-1.00
14:32:14  접근속도:0.00
14:32:14  TTC:999.00
14:32:14  방향오차:0.0
14:32:14  전방여부:0
14:32:14  위험음성횟수:11
14:32:14  충격음성횟수:1
14:32:14  마지막위험음성:2
14:32:14  RSSI원시:-82
14:32:14  RSSI평활:-77.8
14:32:14  RSSI샘플:2571
14:32:14  RSSI경과ms:132
14:32:14  RSSI구간:1
14:32:14  RSSI거리:11.99
14:32:14  상대보정:1
14:32:14  상대보정중:0
14:32:14  보정동쪽:12.63
14:32:14  보정북쪽:-31.94
14:32:14  위험송신:0
14:32:14  시각ms:300739
14:32:14  IMU시각ms:300738
14:32:14  위험:0
14:32:14  원시위험:0
14:32:14  GPS유효:1
14:32:14  위도:37.496469
14:32:14  경도:126.957969
14:32:14  속도:0.94
14:32:14  방향:13.5
14:32:14  이동방향유효:1
14:32:14  GPS이동방향:13.5
14:32:14  차체방향유효:1
14:32:14  차체방향:192.6
14:32:14  후진판정:1
14:32:14  IMU요회전속도:0.00
14:32:14  방향가속도크기:1.64
14:32:14  방향자이로크기:16.75
14:32:14  방향자세cos:0.9691
14:32:14  자기모델잔차:19.83
14:32:14  자기모델반경:0.774
14:32:14  방향채택:2
14:32:14  방향거부:34383
14:32:14  GPS원시속도:0.967
14:32:14  GPS원시방향유효:1
14:32:14  GPS원시방향:13.8
14:32:14  가속도:-0.96,-1.34,-0.06
14:32:14  자이로:-7.0,15.1,-1.8
14:32:14  자력계:-3.900,-6.000,15.150
14:32:14  충격값:11.01
14:32:14  충격피크:15.53
14:32:14  마지막충격발생값:111.97
14:32:14  마지막충격발생ms:136944
14:32:14  송신:2856
14:32:14  지팡이수신:2574
14:32:14  GPS위성:9
14:32:14  GPS_HDOP:1.00
14:32:14  원시위도:37.496468
14:32:14  원시경도:126.957969
14:32:14  GPS채택:1331
14:32:14  GPS이상치거부:24
14:32:14  GPS품질거부:2
14:32:14  GPS재기준:0
14:32:14  계산거리:-1.00
14:32:14  접근속도:0.00
14:32:14  TTC:999.00
14:32:14  방향오차:0.0
14:32:14  전방여부:0
14:32:14  위험음성횟수:11
14:32:14  충격음성횟수:1
14:32:14  마지막위험음성:2
14:32:14  RSSI원시:-77
14:32:14  RSSI평활:-78.9
14:32:14  RSSI샘플:2574
14:32:14  RSSI경과ms:18
14:32:14  RSSI구간:1
14:32:14  RSSI거리:12.00
14:32:14  상대보정:1
14:32:14  상대보정중:0
14:32:14  보정동쪽:12.63
14:32:14  보정북쪽:-31.94
14:32:14  위험송신:0
14:32:14  시각ms:301150
14:32:14  IMU시각ms:301149
14:32:14  위험:0
14:32:14  원시위험:0
14:32:14  GPS유효:1
14:32:14  위도:37.496473
14:32:14  경도:126.957970
14:32:14  속도:0.95
14:32:14  방향:14.3
14:32:14  이동방향유효:1
14:32:14  GPS이동방향:14.3
14:32:14  차체방향유효:1
14:32:14  차체방향:194.0
14:32:14  후진판정:1
14:32:14  IMU요회전속도:17.59
14:32:14  방향가속도크기:16.35
14:32:14  방향자이로크기:28.49
14:32:14  방향자세cos:0.9511
14:32:14  자기모델잔차:20.42
14:32:14  자기모델반경:0.849
14:32:14  방향채택:2
14:32:14  방향거부:34431
14:32:14  GPS원시속도:0.977
14:32:14  GPS원시방향유효:1
14:32:14  GPS원시방향:14.2
14:32:14  가속도:5.59,9.72,11.90
14:32:14  자이로:-7.5,14.3,-23.5
14:32:14  자력계:-7.350,-2.850,17.400
14:32:14  충격값:10.29
14:32:14  충격피크:29.88
14:32:14  마지막충격발생값:111.97
14:32:14  마지막충격발생ms:136944
14:32:14  송신:2860
14:32:14  지팡이수신:2574
14:32:14  GPS위성:9
14:32:14  GPS_HDOP:1.00
14:32:14  원시위도:37.496473
14:32:14  원시경도:126.957970
14:32:14  GPS채택:1333
14:32:14  GPS이상치거부:24
14:32:14  GPS품질거부:2
14:32:14  GPS재기준:0
14:32:14  계산거리:-1.00
14:32:14  접근속도:0.00
14:32:14  TTC:999.00
14:32:14  방향오차:0.0
14:32:14  전방여부:0
14:32:14  위험음성횟수:11
14:32:14  충격음성횟수:1
14:32:14  마지막위험음성:2
14:32:14  RSSI원시:-77
14:32:14  RSSI평활:-78.9
14:32:14  RSSI샘플:2574
14:32:14  RSSI경과ms:429
14:32:14  RSSI구간:1
14:32:14  RSSI거리:12.00
14:32:14  상대보정:1
14:32:14  상대보정중:0
14:32:14  보정동쪽:12.63
14:32:14  보정북쪽:-31.94
14:32:14  위험송신:0
14:32:15  시각ms:302086
14:32:15  IMU시각ms:302085
14:32:15  위험:2
14:32:15  원시위험:0
14:32:15  GPS유효:1
14:32:15  위도:37.496481
14:32:15  경도:126.957972
14:32:15  속도:0.90
14:32:15  방향:14.2
14:32:15  이동방향유효:1
14:32:15  GPS이동방향:14.2
14:32:15  차체방향유효:1
14:32:15  차체방향:185.9
14:32:15  후진판정:1
14:32:15  IMU요회전속도:0.00
14:32:15  방향가속도크기:10.66
14:32:15  방향자이로크기:39.34
14:32:15  방향자세cos:0.5468
14:32:15  자기모델잔차:17.18
14:32:15  자기모델반경:0.766
14:32:15  방향채택:2
14:32:15  방향거부:34539
14:32:15  GPS원시속도:0.869
14:32:15  GPS원시방향유효:1
14:32:15  GPS원시방향:12.4
14:32:15  가속도:-8.00,4.69,5.24
14:32:15  자이로:15.5,-35.3,7.7
14:32:15  자력계:-1.050,-5.400,12.300
14:32:15  충격값:8.87
14:32:15  충격피크:16.17
14:32:15  마지막충격발생값:111.97
14:32:15  마지막충격발생ms:136944
14:32:15  송신:2869
14:32:15  지팡이수신:2579
14:32:15  GPS위성:9
14:32:15  GPS_HDOP:1.00
14:32:15  원시위도:37.496480
14:32:15  원시경도:126.957972
14:32:15  GPS채택:1338
14:32:15  GPS이상치거부:24
14:32:15  GPS품질거부:2
14:32:15  GPS재기준:0
14:32:15  계산거리:-1.00
14:32:15  접근속도:0.00
14:32:15  TTC:999.00
14:32:15  방향오차:0.0
14:32:15  전방여부:0
14:32:15  위험음성횟수:12
14:32:15  충격음성횟수:1
14:32:15  마지막위험음성:2
14:32:15  RSSI원시:-79
14:32:15  RSSI평활:-78.6
14:32:15  RSSI샘플:2579
14:32:15  RSSI경과ms:103
14:32:15  RSSI구간:1
14:32:15  RSSI거리:12.00
14:32:15  상대보정:1
14:32:15  상대보정중:0
14:32:15  보정동쪽:12.63
14:32:15  보정북쪽:-31.94
14:32:15  위험송신:0
14:32:15  시각ms:302287
14:32:15  IMU시각ms:302286
14:32:15  위험:2
14:32:15  원시위험:0
14:32:15  GPS유효:1
14:32:15  위도:37.496482
14:32:15  경도:126.957973
14:32:15  속도:0.87
14:32:15  방향:13.0
14:32:15  이동방향유효:1
14:32:15  GPS이동방향:13.0
14:32:15  차체방향유효:1
14:32:15  차체방향:187.1
14:32:15  후진판정:1
14:32:15  IMU요회전속도:0.00
14:32:15  방향가속도크기:9.58
14:32:15  방향자이로크기:18.78
14:32:15  방향자세cos:0.8752
14:32:15  자기모델잔차:17.54
14:32:15  자기모델반경:0.744
14:32:15  방향채택:2
14:32:15  방향거부:34563
14:32:15  GPS원시속도:0.839
14:32:15  GPS원시방향유효:1
14:32:15  GPS원시방향:10.7
14:32:15  가속도:3.33,3.18,8.39
14:32:15  자이로:8.2,16.8,1.2
14:32:15  자력계:-2.550,-4.650,12.750
14:32:15  충격값:4.62
14:32:15  충격피크:15.30
14:32:15  마지막충격발생값:111.97
14:32:15  마지막충격발생ms:136944
14:32:15  송신:2871
14:32:15  지팡이수신:2581
14:32:15  GPS위성:9
14:32:15  GPS_HDOP:1.00
14:32:15  원시위도:37.496482
14:32:15  원시경도:126.957972
14:32:15  GPS채택:1339
14:32:15  GPS이상치거부:24
14:32:15  GPS품질거부:2
14:32:15  GPS재기준:0
14:32:15  계산거리:-1.00
14:32:15  접근속도:0.00
14:32:15  TTC:999.00
14:32:15  방향오차:0.0
14:32:15  전방여부:0
14:32:15  위험음성횟수:12
14:32:15  충격음성횟수:1
14:32:15  마지막위험음성:2
14:32:15  RSSI원시:-70
14:32:15  RSSI평활:-76.2
14:32:15  RSSI샘플:2581
14:32:15  RSSI경과ms:85
14:32:15  RSSI구간:1
14:32:15  RSSI거리:10.26
14:32:15  상대보정:1
14:32:15  상대보정중:0
14:32:15  보정동쪽:12.63
14:32:15  보정북쪽:-31.94
14:32:15  위험송신:0
14:32:16  시각ms:302488
14:32:16  IMU시각ms:302487
14:32:16  위험:2
14:32:16  원시위험:0
14:32:16  GPS유효:1
14:32:16  위도:37.496484
14:32:16  경도:126.957973
14:32:16  속도:0.81
14:32:16  방향:13.0
14:32:16  이동방향유효:1
14:32:16  GPS이동방향:13.0
14:32:16  차체방향유효:1
14:32:16  차체방향:187.9
14:32:16  후진판정:1
14:32:16  IMU요회전속도:1.04
14:32:16  방향가속도크기:11.56
14:32:16  방향자이로크기:4.97
14:32:16  방향자세cos:0.8790
14:32:16  자기모델잔차:17.00
14:32:16  자기모델반경:0.800
14:32:16  방향채택:2
14:32:16  방향거부:34587
14:32:16  GPS원시속도:0.746
14:32:16  GPS원시방향유효:1
14:32:16  GPS원시방향:13.0
14:32:16  가속도:-2.20,5.72,9.80
14:32:16  자이로:0.6,-2.3,-4.4
14:32:16  자력계:-2.850,-5.700,13.200
14:32:16  충격값:5.26
14:32:16  충격피크:14.25
14:32:16  마지막충격발생값:111.97
14:32:16  마지막충격발생ms:136944
14:32:16  송신:2873
14:32:16  지팡이수신:2582
14:32:16  GPS위성:9
14:32:16  GPS_HDOP:1.00
14:32:16  원시위도:37.496482
14:32:16  원시경도:126.957973
14:32:16  GPS채택:1340
14:32:16  GPS이상치거부:24
14:32:16  GPS품질거부:2
14:32:16  GPS재기준:0
14:32:16  계산거리:-1.00
14:32:16  접근속도:0.00
14:32:16  TTC:999.00
14:32:16  방향오차:0.0
14:32:16  전방여부:0
14:32:16  위험음성횟수:12
14:32:16  충격음성횟수:1
14:32:16  마지막위험음성:2
14:32:16  RSSI원시:-77
14:32:16  RSSI평활:-76.3
14:32:16  RSSI샘플:2582
14:32:16  RSSI경과ms:81
14:32:16  RSSI구간:1
14:32:16  RSSI거리:10.42
14:32:16  상대보정:1
14:32:16  상대보정중:0
14:32:16  보정동쪽:12.63
14:32:16  보정북쪽:-31.94
14:32:16  위험송신:0
14:32:16  시각ms:302689
14:32:16  IMU시각ms:302688
14:32:16  위험:2
14:32:16  원시위험:0
14:32:16  GPS유효:1
14:32:16  위도:37.496485
14:32:16  경도:126.957973
14:32:16  속도:0.81
14:32:16  방향:11.5
14:32:16  이동방향유효:1
14:32:16  GPS이동방향:11.5
14:32:16  차체방향유효:1
14:32:16  차체방향:188.2
14:32:16  후진판정:1
14:32:16  IMU요회전속도:0.00
14:32:16  방향가속도크기:15.11
14:32:16  방향자이로크기:10.21
14:32:16  방향자세cos:0.8059
14:32:16  자기모델잔차:16.20
14:32:16  자기모델반경:0.728
14:32:16  방향채택:2
14:32:16  방향거부:34611
14:32:16  GPS원시속도:0.818
14:32:16  GPS원시방향유효:1
14:32:16  GPS원시방향:8.7
14:32:16  가속도:-9.47,-6.05,10.10
14:32:16  자이로:-2.6,9.7,-1.9
14:32:16  자력계:-2.250,-6.600,12.750
14:32:16  충격값:12.04
14:32:16  충격피크:36.23
14:32:16  마지막충격발생값:111.97
14:32:16  마지막충격발생ms:136944
14:32:16  송신:2875
14:32:16  지팡이수신:2584
14:32:16  GPS위성:8
14:32:16  GPS_HDOP:1.00
14:32:16  원시위도:37.496484
14:32:16  원시경도:126.957973
14:32:16  GPS채택:1341
14:32:16  GPS이상치거부:24
14:32:16  GPS품질거부:2
14:32:16  GPS재기준:0
14:32:16  계산거리:-1.00
14:32:16  접근속도:0.00
14:32:16  TTC:999.00
14:32:16  방향오차:0.0
14:32:16  전방여부:0
14:32:16  위험음성횟수:12
14:32:16  충격음성횟수:1
14:32:16  마지막위험음성:2
14:32:16  RSSI원시:-76
14:32:16  RSSI평활:-76.9
14:32:16  RSSI샘플:2584
14:32:16  RSSI경과ms:65
14:32:16  RSSI구간:1
14:32:16  RSSI거리:10.95
14:32:16  상대보정:1
14:32:16  상대보정중:0
14:32:16  보정동쪽:12.63
14:32:16  보정북쪽:-31.94
14:32:16  위험송신:0
14:32:16  시각ms:302919
14:32:16  IMU시각ms:302895
14:32:16  위험:2
14:32:16  원시위험:0
14:32:16  GPS유효:1
14:32:16  위도:37.496486
14:32:16  경도:126.957973
14:32:16  속도:0.82
14:32:16  방향:9.8
14:32:16  이동방향유효:1
14:32:16  GPS이동방향:9.8
14:32:16  차체방향유효:1
14:32:16  차체방향:188.6
14:32:16  후진판정:1
14:32:16  IMU요회전속도:5.38
14:32:16  방향가속도크기:11.41
14:32:16  방향자이로크기:19.41
14:32:16  방향자세cos:0.6146
14:32:16  자기모델잔차:16.20
14:32:16  자기모델반경:0.728
14:32:16  방향채택:2
14:32:16  방향거부:34636
14:32:16  GPS원시속도:0.828
14:32:16  GPS원시방향유효:1
14:32:16  GPS원시방향:6.6
14:32:16  가속도:-2.78,-8.30,7.31
14:32:16  자이로:-16.5,3.5,-9.6
14:32:16  자력계:-2.100,-7.200,12.900
14:32:16  충격값:10.11
14:32:16  충격피크:15.72
14:32:16  마지막충격발생값:111.97
14:32:16  마지막충격발생ms:136944
14:32:16  송신:2877
14:32:16  지팡이수신:2585
14:32:16  GPS위성:8
14:32:16  GPS_HDOP:1.00
14:32:16  원시위도:37.496485
14:32:16  원시경도:126.957973
14:32:16  GPS채택:1342
14:32:16  GPS이상치거부:24
14:32:16  GPS품질거부:2
14:32:16  GPS재기준:0
14:32:16  계산거리:-1.00
14:32:16  접근속도:0.00
14:32:16  TTC:999.00
14:32:16  방향오차:0.0
14:32:16  전방여부:0
14:32:16  위험음성횟수:12
14:32:16  충격음성횟수:1
14:32:16  마지막위험음성:2
14:32:16  RSSI원시:-76
14:32:16  RSSI평활:-76.7
14:32:16  RSSI샘플:2585
14:32:16  RSSI경과ms:94
14:32:16  RSSI구간:1
14:32:16  RSSI거리:10.77
14:32:16  상대보정:1
14:32:16  상대보정중:0
14:32:16  보정동쪽:12.63
14:32:16  보정북쪽:-31.94
14:32:16  위험송신:0
14:32:16  시각ms:303010
14:32:16  IMU시각ms:303009
14:32:16  위험:2
14:32:16  원시위험:0
14:32:16  GPS유효:1
14:32:16  위도:37.496487
14:32:16  경도:126.957973
14:32:16  속도:0.83
14:32:16  방향:8.4
14:32:16  이동방향유효:1
14:32:16  GPS이동방향:8.4
14:32:16  차체방향유효:1
14:32:16  차체방향:188.2
14:32:16  후진판정:1
14:32:16  IMU요회전속도:1.10
14:32:16  방향가속도크기:25.63
14:32:16  방향자이로크기:24.48
14:32:16  방향자세cos:0.8586
14:32:16  자기모델잔차:16.20
14:32:16  자기모델반경:0.728
14:32:16  방향채택:2
14:32:16  방향거부:34647
14:32:16  GPS원시속도:0.844
14:32:16  GPS원시방향유효:1
14:32:16  GPS원시방향:5.7
14:32:16  가속도:-3.16,14.80,20.69
14:32:16  자이로:5.1,-23.9,-1.5
14:32:16  자력계:-3.000,-7.050,12.300
14:32:16  충격값:17.84
14:32:16  충격피크:18.55
14:32:16  마지막충격발생값:111.97
14:32:16  마지막충격발생ms:136944
14:32:16  송신:2878
14:32:16  지팡이수신:2585
14:32:16  GPS위성:8
14:32:16  GPS_HDOP:1.00
14:32:16  원시위도:37.496487
14:32:16  원시경도:126.957973
14:32:16  GPS채택:1343
14:32:16  GPS이상치거부:24
14:32:16  GPS품질거부:2
14:32:16  GPS재기준:0
14:32:16  계산거리:-1.00
14:32:16  접근속도:0.00
14:32:16  TTC:999.00
14:32:16  방향오차:0.0
14:32:16  전방여부:0
14:32:16  위험음성횟수:12
14:32:16  충격음성횟수:1
14:32:16  마지막위험음성:2
14:32:16  RSSI원시:-76
14:32:16  RSSI평활:-76.7
14:32:16  RSSI샘플:2585
14:32:16  RSSI경과ms:185
14:32:16  RSSI구간:1
14:32:16  RSSI거리:10.77
14:32:16  상대보정:1
14:32:16  상대보정중:0
14:32:16  보정동쪽:12.63
14:32:16  보정북쪽:-31.94
14:32:16  위험송신:0
14:32:16  시각ms:303110
14:32:16  IMU시각ms:303109
14:32:16  위험:2
14:32:16  원시위험:0
14:32:16  GPS유효:1
14:32:16  위도:37.496488
14:32:16  경도:126.957973
14:32:16  속도:0.83
14:32:16  방향:8.4
14:32:16  이동방향유효:1
14:32:16  GPS이동방향:8.4
14:32:16  차체방향유효:1
14:32:16  차체방향:188.5
14:32:16  후진판정:1
14:32:16  IMU요회전속도:6.02
14:32:16  방향가속도크기:10.77
14:32:16  방향자이로크기:39.87
14:32:16  방향자세cos:0.8086
14:32:16  자기모델잔차:18.57
14:32:16  자기모델반경:0.776
14:32:16  방향채택:2
14:32:16  방향거부:34659
14:32:16  GPS원시속도:0.844
14:32:16  GPS원시방향유효:1
14:32:16  GPS원시방향:5.7
14:32:16  가속도:5.60,-1.60,9.06
14:32:16  자이로:-38.2,-6.8,-9.1
14:32:16  자력계:-3.750,-6.600,13.500
14:32:16  충격값:6.18
14:32:16  충격피크:9.85
14:32:16  마지막충격발생값:111.97
14:32:16  마지막충격발생ms:136944
14:32:16  송신:2879
14:32:16  지팡이수신:2585
14:32:16  GPS위성:8
14:32:16  GPS_HDOP:1.00
14:32:16  원시위도:37.496487
14:32:16  원시경도:126.957973
14:32:16  GPS채택:1343
14:32:16  GPS이상치거부:24
14:32:16  GPS품질거부:2
14:32:16  GPS재기준:0
14:32:16  계산거리:-1.00
14:32:16  접근속도:0.00
14:32:16  TTC:999.00
14:32:16  방향오차:0.0
14:32:16  전방여부:0
14:32:16  위험음성횟수:12
14:32:16  충격음성횟수:1
14:32:16  마지막위험음성:2
14:32:16  RSSI원시:-76
14:32:16  RSSI평활:-76.7
14:32:16  RSSI샘플:2585
14:32:16  RSSI경과ms:285
14:32:16  RSSI구간:1
14:32:16  RSSI거리:10.77
14:32:16  상대보정:1
14:32:16  상대보정중:0
14:32:16  보정동쪽:12.63
14:32:16  보정북쪽:-31.94
14:32:16  위험송신:0
14:32:17  시각ms:303531
14:32:17  IMU시각ms:303530
14:32:17  위험:2
14:32:17  원시위험:0
14:32:17  GPS유효:1
14:32:17  위도:37.496490
14:32:17  경도:126.957974
14:32:17  속도:0.75
14:32:17  방향:7.3
14:32:17  이동방향유효:1
14:32:17  GPS이동방향:7.3
14:32:17  차체방향유효:1
14:32:17  차체방향:188.9
14:32:17  후진판정:1
14:32:17  IMU요회전속도:0.00
14:32:17  방향가속도크기:6.29
14:32:17  방향자이로크기:9.85
14:32:17  방향자세cos:0.9257
14:32:17  자기모델잔차:18.87
14:32:17  자기모델반경:0.767
14:32:17  방향채택:2
14:32:17  방향거부:34710
14:32:17  GPS원시속도:0.720
14:32:17  GPS원시방향유효:1
14:32:17  GPS원시방향:7.0
14:32:17  가속도:2.90,-3.61,4.26
14:32:17  자이로:-7.8,-5.7,1.8
14:32:17  자력계:-3.300,-5.850,13.500
14:32:17  충격값:7.98
14:32:17  충격피크:33.24
14:32:17  마지막충격발생값:111.97
14:32:17  마지막충격발생ms:136944
14:32:17  송신:2883
14:32:17  지팡이수신:2588
14:32:17  GPS위성:9
14:32:17  GPS_HDOP:1.00
14:32:17  원시위도:37.496489
14:32:17  원시경도:126.957973
14:32:17  GPS채택:1345
14:32:17  GPS이상치거부:24
14:32:17  GPS품질거부:2
14:32:17  GPS재기준:0
14:32:17  계산거리:-1.00
14:32:17  접근속도:0.00
14:32:17  TTC:999.00
14:32:17  방향오차:0.0
14:32:17  전방여부:0
14:32:17  위험음성횟수:12
14:32:17  충격음성횟수:1
14:32:17  마지막위험음성:2
14:32:17  RSSI원시:-72
14:32:17  RSSI평활:-76.3
14:32:17  RSSI샘플:2588
14:32:17  RSSI경과ms:79
14:32:17  RSSI구간:1
14:32:17  RSSI거리:10.34
14:32:17  상대보정:1
14:32:17  상대보정중:0
14:32:17  보정동쪽:12.63
14:32:17  보정북쪽:-31.94
14:32:17  위험송신:0
14:32:17  시각ms:303631
14:32:17  IMU시각ms:303630
14:32:17  위험:2
14:32:17  원시위험:0
14:32:17  GPS유효:1
14:32:17  위도:37.496491
14:32:17  경도:126.957974
14:32:17  속도:0.84
14:32:17  방향:7.8
14:32:17  이동방향유효:1
14:32:17  GPS이동방향:7.8
14:32:17  차체방향유효:1
14:32:17  차체방향:189.0
14:32:17  후진판정:1
14:32:17  IMU요회전속도:0.00
14:32:17  방향가속도크기:13.60
14:32:17  방향자이로크기:38.72
14:32:17  방향자세cos:0.9691
14:32:17  자기모델잔차:18.35
14:32:17  자기모델반경:0.763
14:32:17  방향채택:2
14:32:17  방향거부:34722
14:32:17  GPS원시속도:0.916
14:32:17  GPS원시방향유효:1
14:32:17  GPS원시방향:8.7
14:32:17  가속도:-1.01,3.43,13.12
14:32:17  자이로:-29.3,25.0,-3.8
14:32:17  자력계:-4.650,-5.250,12.450
14:32:17  충격값:3.79
14:32:17  충격피크:10.11
14:32:17  마지막충격발생값:111.97
14:32:17  마지막충격발생ms:136944
14:32:17  송신:2884
14:32:17  지팡이수신:2589
14:32:17  GPS위성:8
14:32:17  GPS_HDOP:1.00
14:32:17  원시위도:37.496491
14:32:17  원시경도:126.957974
14:32:17  GPS채택:1346
14:32:17  GPS이상치거부:24
14:32:17  GPS품질거부:2
14:32:17  GPS재기준:0
14:32:17  계산거리:-1.00
14:32:17  접근속도:0.00
14:32:17  TTC:999.00
14:32:17  방향오차:0.0
14:32:17  전방여부:0
14:32:17  위험음성횟수:12
14:32:17  충격음성횟수:1
14:32:17  마지막위험음성:2
14:32:17  RSSI원시:-73
14:32:17  RSSI평활:-75.6
14:32:17  RSSI샘플:2589
14:32:17  RSSI경과ms:75
14:32:17  RSSI구간:1
14:32:17  RSSI거리:9.72
14:32:17  상대보정:1
14:32:17  상대보정중:0
14:32:17  보정동쪽:12.63
14:32:17  보정북쪽:-31.94
14:32:17  위험송신:0
14:32:17  시각ms:303738
14:32:17  IMU시각ms:303737
14:32:17  위험:2
14:32:17  원시위험:0
14:32:17  GPS유효:1
14:32:17  위도:37.496492
14:32:17  경도:126.957974
14:32:17  속도:0.84
14:32:17  방향:7.8
14:32:17  이동방향유효:1
14:32:17  GPS이동방향:7.8
14:32:17  차체방향유효:1
14:32:17  차체방향:189.6
14:32:17  후진판정:1
14:32:17  IMU요회전속도:13.04
14:32:17  방향가속도크기:7.63
14:32:17  방향자이로크기:23.08
14:32:17  방향자세cos:0.4829
14:32:17  자기모델잔차:18.35
14:32:17  자기모델반경:0.763
14:32:17  방향채택:2
14:32:17  방향거부:34735
14:32:17  GPS원시속도:0.916
14:32:17  GPS원시방향유효:1
14:32:17  GPS원시방향:8.7
14:32:17  가속도:5.52,3.69,3.76
14:32:17  자이로:-15.4,-3.2,-16.9
14:32:17  자력계:-2.850,-7.200,13.200
14:32:17  충격값:8.38
14:32:17  충격피크:12.60
14:32:17  마지막충격발생값:111.97
14:32:17  마지막충격발생ms:136944
14:32:17  송신:2885
14:32:17  지팡이수신:2590
14:32:17  GPS위성:8
14:32:17  GPS_HDOP:1.00
14:32:17  원시위도:37.496491
14:32:17  원시경도:126.957974
14:32:17  GPS채택:1346
14:32:17  GPS이상치거부:24
14:32:17  GPS품질거부:2
14:32:17  GPS재기준:0
14:32:17  계산거리:-1.00
14:32:17  접근속도:0.00
14:32:17  TTC:999.00
14:32:17  방향오차:0.0
14:32:17  전방여부:0
14:32:17  위험음성횟수:12
14:32:17  충격음성횟수:1
14:32:17  마지막위험음성:2
14:32:17  RSSI원시:-77
14:32:17  RSSI평활:-75.9
14:32:17  RSSI샘플:2590
14:32:17  RSSI경과ms:77
14:32:17  RSSI구간:1
14:32:17  RSSI거리:9.98
14:32:17  상대보정:1
14:32:17  상대보정중:0
14:32:17  보정동쪽:12.63
14:32:17  보정북쪽:-31.94
14:32:17  위험송신:0
14:32:17  시각ms:303838
14:32:17  IMU시각ms:303837
14:32:17  위험:2
14:32:17  원시위험:0
14:32:17  GPS유효:1
14:32:17  위도:37.496492
14:32:17  경도:126.957974
14:32:17  속도:0.87
14:32:17  방향:9.1
14:32:17  이동방향유효:1
14:32:17  GPS이동방향:9.1
14:32:17  차체방향유효:1
14:32:17  차체방향:190.0
14:32:17  후진판정:1
14:32:17  IMU요회전속도:5.98
14:32:17  방향가속도크기:9.51
14:32:17  방향자이로크기:40.39
14:32:17  방향자세cos:0.9248
14:32:17  자기모델잔차:18.35
14:32:17  자기모델반경:0.763
14:32:17  방향채택:2
14:32:17  방향거부:34747
14:32:17  GPS원시속도:0.900
14:32:17  GPS원시방향유효:1
14:32:17  GPS원시방향:11.6
14:32:17  가속도:-2.36,-2.60,8.83
14:32:17  자이로:-37.9,-10.5,-9.3
14:32:17  자력계:-3.300,-8.250,12.750
14:32:17  충격값:4.88
14:32:17  충격피크:19.11
14:32:17  마지막충격발생값:111.97
14:32:17  마지막충격발생ms:136944
14:32:17  송신:2886
14:32:17  지팡이수신:2591
14:32:17  GPS위성:8
14:32:17  GPS_HDOP:1.00
14:32:17  원시위도:37.496492
14:32:17  원시경도:126.957974
14:32:17  GPS채택:1347
14:32:17  GPS이상치거부:24
14:32:17  GPS품질거부:2
14:32:17  GPS재기준:0
14:32:17  계산거리:-1.00
14:32:17  접근속도:0.00
14:32:17  TTC:999.00
14:32:17  방향오차:0.0
14:32:17  전방여부:0
14:32:17  위험음성횟수:12
14:32:17  충격음성횟수:1
14:32:17  마지막위험음성:2
14:32:17  RSSI원시:-81
14:32:17  RSSI평활:-76.9
14:32:17  RSSI샘플:2591
14:32:17  RSSI경과ms:71
14:32:17  RSSI구간:1
14:32:17  RSSI거리:11.00
14:32:17  상대보정:1
14:32:17  상대보정중:0
14:32:17  보정동쪽:12.63
14:32:17  보정북쪽:-31.94
14:32:17  위험송신:0
14:32:18  시각ms:304957
14:32:18  IMU시각ms:304956
14:32:18  위험:2
14:32:18  원시위험:0
14:32:18  GPS유효:1
14:32:18  위도:37.496501
14:32:18  경도:126.957976
14:32:18  속도:0.98
14:32:18  방향:9.5
14:32:18  이동방향유효:1
14:32:18  GPS이동방향:9.5
14:32:18  차체방향유효:1
14:32:18  차체방향:188.4
14:32:18  후진판정:1
14:32:18  IMU요회전속도:-29.93
14:32:18  방향가속도크기:30.03
14:32:18  방향자이로크기:35.19
14:32:18  방향자세cos:0.7687
14:32:18  자기모델잔차:18.44
14:32:18  자기모델반경:0.767
14:32:18  방향채택:2
14:32:18  방향거부:34878
14:32:18  GPS원시속도:0.983
14:32:18  GPS원시방향유효:1
14:32:18  GPS원시방향:10.3
14:32:18  가속도:2.79,-1.14,29.87
14:32:18  자이로:-4.2,-8.2,34.0
14:32:18  자력계:-4.950,-7.050,12.750
14:32:18  충격값:21.16
14:32:18  충격피크:21.16
14:32:18  마지막충격발생값:111.97
14:32:18  마지막충격발생ms:136944
14:32:18  송신:2897
14:32:18  지팡이수신:2601
14:32:18  GPS위성:8
14:32:18  GPS_HDOP:1.00
14:32:18  원시위도:37.496500
14:32:18  원시경도:126.957976
14:32:18  GPS채택:1352
14:32:18  GPS이상치거부:24
14:32:18  GPS품질거부:2
14:32:18  GPS재기준:0
14:32:18  계산거리:-1.00
14:32:18  접근속도:0.00
14:32:18  TTC:999.00
14:32:18  방향오차:0.0
14:32:18  전방여부:0
14:32:18  위험음성횟수:12
14:32:18  충격음성횟수:1
14:32:18  마지막위험음성:2
14:32:18  RSSI원시:-76
14:32:18  RSSI평활:-76.3
14:32:18  RSSI샘플:2601
14:32:18  RSSI경과ms:39
14:32:18  RSSI구간:1
14:32:18  RSSI거리:10.40
14:32:18  상대보정:1
14:32:18  상대보정중:0
14:32:18  보정동쪽:12.63
14:32:18  보정북쪽:-31.94
14:32:18  위험송신:0
14:32:19  시각ms:305475
14:32:19  IMU시각ms:305474
14:32:19  위험:2
14:32:19  원시위험:0
14:32:19  GPS유효:1
14:32:19  위도:37.496505
14:32:19  경도:126.957978
14:32:19  속도:0.99
14:32:19  방향:10.8
14:32:19  이동방향유효:1
14:32:19  GPS이동방향:10.8
14:32:19  차체방향유효:1
14:32:19  차체방향:186.2
14:32:19  후진판정:1
14:32:19  IMU요회전속도:1.89
14:32:19  방향가속도크기:10.68
14:32:19  방향자이로크기:23.43
14:32:19  방향자세cos:0.9550
14:32:19  자기모델잔차:17.54
14:32:19  자기모델반경:0.731
14:32:19  방향채택:2
14:32:19  방향거부:34940
14:32:19  GPS원시속도:1.008
14:32:19  GPS원시방향유효:1
14:32:19  GPS원시방향:7.9
14:32:19  가속도:-3.46,-0.53,10.09
14:32:19  자이로:22.6,-4.9,-3.7
14:32:19  자력계:-0.900,-5.250,12.900
14:32:19  충격값:3.14
14:32:19  충격피크:32.94
14:32:19  마지막충격발생값:111.97
14:32:19  마지막충격발생ms:136944
14:32:19  송신:2902
14:32:19  지팡이수신:2606
14:32:19  GPS위성:8
14:32:19  GPS_HDOP:1.00
14:32:19  원시위도:37.496504
14:32:19  원시경도:126.957978
14:32:19  GPS채택:1355
14:32:19  GPS이상치거부:24
14:32:19  GPS품질거부:2
14:32:19  GPS재기준:0
14:32:19  계산거리:-1.00
14:32:19  접근속도:0.00
14:32:19  TTC:999.00
14:32:19  방향오차:0.0
14:32:19  전방여부:0
14:32:19  위험음성횟수:12
14:32:19  충격음성횟수:1
14:32:19  마지막위험음성:2
14:32:19  RSSI원시:-67
14:32:19  RSSI평활:-74.9
14:32:19  RSSI샘플:2606
14:32:19  RSSI경과ms:33
14:32:19  RSSI구간:1
14:32:19  RSSI거리:9.08
14:32:19  상대보정:1
14:32:19  상대보정중:0
14:32:19  보정동쪽:12.63
14:32:19  보정북쪽:-31.94
14:32:19  위험송신:0
14:32:19  시각ms:305582
14:32:19  IMU시각ms:305581
14:32:19  위험:2
14:32:19  원시위험:0
14:32:19  GPS유효:1
14:32:19  위도:37.496506
14:32:19  경도:126.957978
14:32:19  속도:0.99
14:32:19  방향:10.8
14:32:19  이동방향유효:1
14:32:19  GPS이동방향:10.8
14:32:19  차체방향유효:1
14:32:19  차체방향:186.5
14:32:19  후진판정:1
14:32:19  IMU요회전속도:15.07
14:32:19  방향가속도크기:8.35
14:32:19  방향자이로크기:39.95
14:32:19  방향자세cos:0.4988
14:32:19  자기모델잔차:17.54
14:32:19  자기모델반경:0.731
14:32:19  방향채택:2
14:32:19  방향거부:34953
14:32:19  GPS원시속도:1.008
14:32:19  GPS원시방향유효:1
14:32:19  GPS원시방향:7.9
14:32:19  가속도:-0.43,7.43,3.79
14:32:19  자이로:-1.4,35.2,-18.8
14:32:19  자력계:-1.200,-2.850,13.950
14:32:19  충격값:9.00
14:32:19  충격피크:29.71
14:32:19  마지막충격발생값:111.97
14:32:19  마지막충격발생ms:136944
14:32:19  송신:2903
14:32:19  지팡이수신:2607
14:32:19  GPS위성:8
14:32:19  GPS_HDOP:1.00
14:32:19  원시위도:37.496504
14:32:19  원시경도:126.957978
14:32:19  GPS채택:1355
14:32:19  GPS이상치거부:24
14:32:19  GPS품질거부:2
14:32:19  GPS재기준:0
14:32:19  계산거리:-1.00
14:32:19  접근속도:0.00
14:32:19  TTC:999.00
14:32:19  방향오차:0.0
14:32:19  전방여부:0
14:32:19  위험음성횟수:12
14:32:19  충격음성횟수:1
14:32:19  마지막위험음성:2
14:32:19  RSSI원시:-84
14:32:19  RSSI평활:-76.7
14:32:19  RSSI샘플:2607
14:32:19  RSSI경과ms:29
14:32:19  RSSI구간:1
14:32:19  RSSI거리:10.80
14:32:19  상대보정:1
14:32:19  상대보정중:0
14:32:19  보정동쪽:12.63
14:32:19  보정북쪽:-31.94
14:32:19  위험송신:0
14:32:19  시각ms:305890
14:32:19  IMU시각ms:305889
14:32:19  위험:2
14:32:19  원시위험:0
14:32:19  GPS유효:1
14:32:19  위도:37.496508
14:32:19  경도:126.957979
14:32:19  속도:0.94
14:32:19  방향:8.6
14:32:19  이동방향유효:1
14:32:19  GPS이동방향:8.6
14:32:19  차체방향유효:1
14:32:19  차체방향:187.6
14:32:19  후진판정:1
14:32:19  IMU요회전속도:6.23
14:32:19  방향가속도크기:13.18
14:32:19  방향자이로크기:13.95
14:32:19  방향자세cos:0.9835
14:32:19  자기모델잔차:17.49
14:32:19  자기모델반경:0.714
14:32:19  방향채택:2
14:32:19  방향거부:34990
14:32:19  GPS원시속도:0.911
14:32:19  GPS원시방향유효:1
14:32:19  GPS원시방향:6.8
14:32:19  가속도:2.56,0.98,12.90
14:32:19  자이로:2.6,-10.0,-9.3
14:32:19  자력계:-1.500,-5.850,11.250
14:32:19  충격값:5.02
14:32:19  충격피크:9.69
14:32:19  마지막충격발생값:111.97
14:32:19  마지막충격발생ms:136944
14:32:19  송신:2906
14:32:19  지팡이수신:2609
14:32:19  GPS위성:8
14:32:19  GPS_HDOP:1.00
14:32:19  원시위도:37.496507
14:32:19  원시경도:126.957978
14:32:19  GPS채택:1357
14:32:19  GPS이상치거부:24
14:32:19  GPS품질거부:2
14:32:19  GPS재기준:0
14:32:19  계산거리:-1.00
14:32:19  접근속도:0.00
14:32:19  TTC:999.00
14:32:19  방향오차:0.0
14:32:19  전방여부:0
14:32:19  위험음성횟수:12
14:32:19  충격음성횟수:1
14:32:19  마지막위험음성:2
14:32:19  RSSI원시:-81
14:32:19  RSSI평활:-77.8
14:32:19  RSSI샘플:2609
14:32:19  RSSI경과ms:127
14:32:19  RSSI구간:1
14:32:19  RSSI거리:11.95
14:32:19  상대보정:1
14:32:19  상대보정중:0
14:32:19  보정동쪽:12.63
14:32:19  보정북쪽:-31.94
14:32:19  위험송신:0
14:32:19  시각ms:305992
14:32:19  IMU시각ms:305991
14:32:19  위험:2
14:32:19  원시위험:0
14:32:19  GPS유효:1
14:32:19  위도:37.496509
14:32:19  경도:126.957979
14:32:19  속도:0.94
14:32:19  방향:8.6
14:32:19  이동방향유효:1
14:32:19  GPS이동방향:8.6
14:32:19  차체방향유효:1
14:32:19  차체방향:188.0
14:32:19  후진판정:1
14:32:19  IMU요회전속도:5.77
14:32:19  방향가속도크기:5.27
14:32:19  방향자이로크기:18.46
14:32:19  방향자세cos:0.9826
14:32:19  자기모델잔차:18.75
14:32:19  자기모델반경:0.729
14:32:19  방향채택:2
14:32:19  방향거부:35001
14:32:19  GPS원시속도:0.911
14:32:19  GPS원시방향유효:1
14:32:19  GPS원시방향:6.8
14:32:19  가속도:1.36,-0.45,5.08
14:32:19  자이로:6.4,-15.3,-8.2
14:32:19  자력계:-1.050,-5.100,12.750
14:32:19  충격값:4.85
14:32:19  충격피크:10.89
14:32:19  마지막충격발생값:111.97
14:32:19  마지막충격발생ms:136944
14:32:19  송신:2907
14:32:19  지팡이수신:2610
14:32:19  GPS위성:8
14:32:19  GPS_HDOP:1.00
14:32:19  원시위도:37.496507
14:32:19  원시경도:126.957978
14:32:19  GPS채택:1357
14:32:19  GPS이상치거부:24
14:32:19  GPS품질거부:2
14:32:19  GPS재기준:0
14:32:19  계산거리:-1.00
14:32:19  접근속도:0.00
14:32:19  TTC:999.00
14:32:19  방향오차:0.0
14:32:19  전방여부:0
14:32:19  위험음성횟수:12
14:32:19  충격음성횟수:1
14:32:19  마지막위험음성:2
14:32:19  RSSI원시:-77
14:32:19  RSSI평활:-77.6
14:32:19  RSSI샘플:2610
14:32:19  RSSI경과ms:22
14:32:19  RSSI구간:1
14:32:19  RSSI거리:11.78
14:32:19  상대보정:1
14:32:19  상대보정중:0
14:32:19  보정동쪽:12.63
14:32:19  보정북쪽:-31.94
14:32:19  위험송신:0
14:32:20  시각ms:306412
14:32:20  IMU시각ms:306411
14:32:20  위험:2
14:32:20  원시위험:0
14:32:20  GPS유효:1
14:32:20  위도:37.496513
14:32:20  경도:126.957979
14:32:20  속도:0.97
14:32:20  방향:6.7
14:32:20  이동방향유효:1
14:32:20  GPS이동방향:6.7
14:32:20  차체방향유효:1
14:32:20  차체방향:183.3
14:32:20  후진판정:1
14:32:20  IMU요회전속도:0.00
14:32:20  방향가속도크기:22.13
14:32:20  방향자이로크기:48.18
14:32:20  방향자세cos:-0.0036
14:32:20  자기모델잔차:18.52
14:32:20  자기모델반경:0.769
14:32:20  방향채택:2
14:32:20  방향거부:35052
14:32:20  GPS원시속도:0.977
14:32:20  GPS원시방향유효:1
14:32:20  GPS원시방향:5.6
14:32:20  가속도:-6.36,6.08,20.30
14:32:20  자이로:42.1,-23.1,3.3
14:32:20  자력계:1.200,-3.300,12.900
14:32:20  충격값:14.51
14:32:20  충격피크:17.91
14:32:20  마지막충격발생값:111.97
14:32:20  마지막충격발생ms:136944
14:32:20  송신:2911
14:32:20  지팡이수신:2610
14:32:20  GPS위성:8
14:32:20  GPS_HDOP:1.00
14:32:20  원시위도:37.496513
14:32:20  원시경도:126.957979
14:32:20  GPS채택:1360
14:32:20  GPS이상치거부:24
14:32:20  GPS품질거부:2
14:32:20  GPS재기준:0
14:32:20  계산거리:-1.00
14:32:20  접근속도:0.00
14:32:20  TTC:999.00
14:32:20  방향오차:0.0
14:32:20  전방여부:0
14:32:20  위험음성횟수:12
14:32:20  충격음성횟수:1
14:32:20  마지막위험음성:2
14:32:20  RSSI원시:-77
14:32:20  RSSI평활:-77.6
14:32:20  RSSI샘플:2610
14:32:20  RSSI경과ms:442
14:32:20  RSSI구간:1
14:32:20  RSSI거리:11.78
14:32:20  상대보정:1
14:32:20  상대보정중:0
14:32:20  보정동쪽:12.63
14:32:20  보정북쪽:-31.94
14:32:20  위험송신:0
14:32:20  시각ms:306513
14:32:20  IMU시각ms:306512
14:32:20  위험:2
14:32:20  원시위험:0
14:32:20  GPS유효:1
14:32:20  위도:37.496514
14:32:20  경도:126.957979
14:32:20  속도:0.97
14:32:20  방향:6.7
14:32:20  이동방향유효:1
14:32:20  GPS이동방향:6.7
14:32:20  차체방향유효:1
14:32:20  차체방향:183.8
14:32:20  후진판정:1
14:32:20  IMU요회전속도:-0.52
14:32:20  방향가속도크기:10.99
14:32:20  방향자이로크기:58.74
14:32:20  방향자세cos:0.7088
14:32:20  자기모델잔차:18.52
14:32:20  자기모델반경:0.769
14:32:20  방향채택:2
14:32:20  방향거부:35064
14:32:20  GPS원시속도:0.977
14:32:20  GPS원시방향유효:1
14:32:20  GPS원시방향:5.6
14:32:20  가속도:4.51,3.28,9.47
14:32:20  자이로:58.5,-2.1,4.9
14:32:20  자력계:1.650,-4.050,14.400
14:32:20  충격값:5.99
14:32:20  충격피크:12.72
14:32:20  마지막충격발생값:111.97
14:32:20  마지막충격발생ms:136944
14:32:20  송신:2912
14:32:20  지팡이수신:2611
14:32:20  GPS위성:8
14:32:20  GPS_HDOP:1.00
14:32:20  원시위도:37.496513
14:32:20  원시경도:126.957979
14:32:20  GPS채택:1360
14:32:20  GPS이상치거부:24
14:32:20  GPS품질거부:2
14:32:20  GPS재기준:0
14:32:20  계산거리:-1.00
14:32:20  접근속도:0.00
14:32:20  TTC:999.00
14:32:20  방향오차:0.0
14:32:20  전방여부:0
14:32:20  위험음성횟수:12
14:32:20  충격음성횟수:1
14:32:20  마지막위험음성:2
14:32:20  RSSI원시:-74
14:32:20  RSSI평활:-76.9
14:32:20  RSSI샘플:2611
14:32:20  RSSI경과ms:98
14:32:20  RSSI구간:1
14:32:20  RSSI거리:10.99
14:32:20  상대보정:1
14:32:20  상대보정중:0
14:32:20  보정동쪽:12.63
14:32:20  보정북쪽:-31.94
14:32:20  위험송신:0
14:32:20  시각ms:306826
14:32:20  IMU시각ms:306825
14:32:20  위험:0
14:32:20  원시위험:0
14:32:20  GPS유효:1
14:32:20  위도:37.496517
14:32:20  경도:126.957980
14:32:20  속도:1.03
14:32:20  방향:5.7
14:32:20  이동방향유효:1
14:32:20  GPS이동방향:5.7
14:32:20  차체방향유효:1
14:32:20  차체방향:184.8
14:32:20  후진판정:1
14:32:20  IMU요회전속도:1.33
14:32:20  방향가속도크기:12.18
14:32:20  방향자이로크기:44.94
14:32:20  방향자세cos:0.9159
14:32:20  자기모델잔차:17.08
14:32:20  자기모델반경:0.764
14:32:20  방향채택:2
14:32:20  방향거부:35102
14:32:20  GPS원시속도:1.091
14:32:20  GPS원시방향유효:1
14:32:20  GPS원시방향:4.6
14:32:20  가속도:-5.07,2.27,10.84
14:32:20  자이로:-41.6,-14.9,-7.9
14:32:20  자력계:-0.900,-4.500,12.150
14:32:20  충격값:5.25
14:32:20  충격피크:24.73
14:32:20  마지막충격발생값:111.97
14:32:20  마지막충격발생ms:136944
14:32:20  송신:2915
14:32:20  지팡이수신:2611
14:32:20  GPS위성:8
14:32:20  GPS_HDOP:1.00
14:32:20  원시위도:37.496517
14:32:20  원시경도:126.957980
14:32:20  GPS채택:1362
14:32:20  GPS이상치거부:24
14:32:20  GPS품질거부:2
14:32:20  GPS재기준:0
14:32:20  계산거리:-1.00
14:32:20  접근속도:0.00
14:32:20  TTC:999.00
14:32:20  방향오차:0.0
14:32:20  전방여부:0
14:32:20  위험음성횟수:12
14:32:20  충격음성횟수:1
14:32:20  마지막위험음성:2
14:32:20  RSSI원시:-74
14:32:20  RSSI평활:-76.9
14:32:20  RSSI샘플:2611
14:32:20  RSSI경과ms:411
14:32:20  RSSI구간:1
14:32:20  RSSI거리:10.99
14:32:20  상대보정:1
14:32:20  상대보정중:0
14:32:20  보정동쪽:12.63
14:32:20  보정북쪽:-31.94
14:32:20  위험송신:0
14:32:20  시각ms:307036
14:32:20  IMU시각ms:307035
14:32:20  위험:0
14:32:20  원시위험:0
14:32:20  GPS유효:1
14:32:20  위도:37.496519
14:32:20  경도:126.957980
14:32:20  속도:0.98
14:32:20  방향:5.2
14:32:20  이동방향유효:1
14:32:20  GPS이동방향:5.2
14:32:20  차체방향유효:1
14:32:20  차체방향:185.3
14:32:20  후진판정:1
14:32:20  IMU요회전속도:19.58
14:32:20  방향가속도크기:12.46
14:32:20  방향자이로크기:29.39
14:32:20  방향자세cos:0.8624
14:32:20  자기모델잔차:17.16
14:32:20  자기모델반경:0.767
14:32:20  방향채택:2
14:32:20  방향거부:35126
14:32:20  GPS원시속도:0.926
14:32:20  GPS원시방향유효:1
14:32:20  GPS원시방향:4.3
14:32:20  가속도:-1.60,6.73,10.36
14:32:20  자이로:3.7,-19.1,-22.0
14:32:20  자력계:0.900,-3.600,12.150
14:32:20  충격값:6.45
14:32:20  충격피크:15.40
14:32:20  마지막충격발생값:111.97
14:32:20  마지막충격발생ms:136944
14:32:20  송신:2917
14:32:20  지팡이수신:2611
14:32:20  GPS위성:8
14:32:20  GPS_HDOP:1.00
14:32:20  원시위도:37.496518
14:32:20  원시경도:126.957980
14:32:20  GPS채택:1363
14:32:20  GPS이상치거부:24
14:32:20  GPS품질거부:2
14:32:20  GPS재기준:0
14:32:20  계산거리:-1.00
14:32:20  접근속도:0.00
14:32:20  TTC:999.00
14:32:20  방향오차:0.0
14:32:20  전방여부:0
14:32:20  위험음성횟수:12
14:32:20  충격음성횟수:1
14:32:20  마지막위험음성:2
14:32:20  RSSI원시:-74
14:32:20  RSSI평활:-76.9
14:32:20  RSSI샘플:2611
14:32:20  RSSI경과ms:621
14:32:20  RSSI구간:1
14:32:20  RSSI거리:10.99
14:32:20  상대보정:1
14:32:20  상대보정중:0
14:32:20  보정동쪽:12.63
14:32:20  보정북쪽:-31.94
14:32:20  위험송신:0
14:32:20  시각ms:307357
14:32:20  IMU시각ms:307356
14:32:20  위험:0
14:32:20  원시위험:0
14:32:20  GPS유효:1
14:32:20  위도:37.496521
14:32:20  경도:126.957981
14:32:20  속도:0.98
14:32:20  방향:4.6
14:32:20  이동방향유효:1
14:32:20  GPS이동방향:4.6
14:32:20  차체방향유효:1
14:32:20  차체방향:186.1
14:32:20  후진판정:1
14:32:20  IMU요회전속도:0.00
14:32:20  방향가속도크기:22.88
14:32:20  방향자이로크기:7.09
14:32:20  방향자세cos:0.9458
14:32:20  자기모델잔차:17.85
14:32:20  자기모델반경:0.767
14:32:20  방향채택:2
14:32:20  방향거부:35165
14:32:20  GPS원시속도:0.988
14:32:20  GPS원시방향유효:1
14:32:20  GPS원시방향:3.5
14:32:20  가속도:-3.26,2.49,22.51
14:32:20  자이로:-6.2,-1.7,-2.9
14:32:20  자력계:-1.050,-4.650,11.550
14:32:20  충격값:13.60
14:32:20  충격피크:18.67
14:32:20  마지막충격발생값:111.97
14:32:20  마지막충격발생ms:136944
14:32:20  송신:2920
14:32:20  지팡이수신:2611
14:32:20  GPS위성:8
14:32:20  GPS_HDOP:1.00
14:32:20  원시위도:37.496519
14:32:20  원시경도:126.957981
14:32:20  GPS채택:1364
14:32:20  GPS이상치거부:24
14:32:20  GPS품질거부:2
14:32:20  GPS재기준:0
14:32:20  계산거리:-1.00
14:32:20  접근속도:0.00
14:32:20  TTC:999.00
14:32:20  방향오차:0.0
14:32:20  전방여부:0
14:32:20  위험음성횟수:12
14:32:20  충격음성횟수:1
14:32:20  마지막위험음성:2
14:32:20  RSSI원시:-74
14:32:20  RSSI평활:-76.9
14:32:20  RSSI샘플:2611
14:32:20  RSSI경과ms:942
14:32:20  RSSI구간:1
14:32:20  RSSI거리:10.99
14:32:20  상대보정:1
14:32:20  상대보정중:0
14:32:20  보정동쪽:12.63
14:32:20  보정북쪽:-31.94
14:32:20  위험송신:0
14:32:21  시각ms:307571
14:32:21  IMU시각ms:307570
14:32:21  위험:0
14:32:21  원시위험:0
14:32:21  GPS유효:1
14:32:21  위도:37.496523
14:32:21  경도:126.957981
14:32:21  속도:1.03
14:32:21  방향:4.7
14:32:21  이동방향유효:1
14:32:21  GPS이동방향:4.7
14:32:21  차체방향유효:1
14:32:21  차체방향:186.4
14:32:21  후진판정:1
14:32:21  IMU요회전속도:0.00
14:32:21  방향가속도크기:18.29
14:32:21  방향자이로크기:11.17
14:32:21  방향자세cos:0.9935
14:32:21  자기모델잔차:17.04
14:32:21  자기모델반경:0.727
14:32:21  방향채택:2
14:32:21  방향거부:35191
14:32:21  GPS원시속도:1.085
14:32:21  GPS원시방향유효:1
14:32:21  GPS원시방향:5.0
14:32:21  가속도:1.30,2.18,18.11
14:32:21  자이로:1.4,-11.1,-0.8
14:32:21  자력계:-0.750,-5.400,13.800
14:32:21  충격값:9.67
14:32:21  충격피크:15.66
14:32:21  마지막충격발생값:111.97
14:32:21  마지막충격발생ms:136944
14:32:21  송신:2922
14:32:21  지팡이수신:2612
14:32:21  GPS위성:8
14:32:21  GPS_HDOP:1.00
14:32:21  원시위도:37.496522
14:32:21  원시경도:126.957981
14:32:21  GPS채택:1365
14:32:21  GPS이상치거부:24
14:32:21  GPS품질거부:2
14:32:21  GPS재기준:0
14:32:21  계산거리:-1.00
14:32:21  접근속도:0.00
14:32:21  TTC:999.00
14:32:21  방향오차:0.0
14:32:21  전방여부:0
14:32:21  위험음성횟수:12
14:32:21  충격음성횟수:1
14:32:21  마지막위험음성:2
14:32:21  RSSI원시:-72
14:32:21  RSSI평활:-75.9
14:32:21  RSSI샘플:2612
14:32:21  RSSI경과ms:90
14:32:21  RSSI구간:1
14:32:21  RSSI거리:10.02
14:32:21  상대보정:1
14:32:21  상대보정중:0
14:32:21  보정동쪽:12.63
14:32:21  보정북쪽:-31.94
14:32:21  위험송신:0
14:32:21  시각ms:308201
14:32:21  IMU시각ms:308189
14:32:21  위험:0
14:32:21  원시위험:0
14:32:21  GPS유효:1
14:32:21  위도:37.496530
14:32:21  경도:126.957981
14:32:21  속도:1.06
14:32:21  방향:3.9
14:32:21  이동방향유효:1
14:32:21  GPS이동방향:3.9
14:32:21  차체방향유효:1
14:32:21  차체방향:187.3
14:32:21  후진판정:1
14:32:21  IMU요회전속도:9.01
14:32:21  방향가속도크기:18.46
14:32:21  방향자이로크기:33.89
14:32:21  방향자세cos:0.1351
14:32:21  자기모델잔차:17.25
14:32:21  자기모델반경:0.759
14:32:21  방향채택:2
14:32:21  방향거부:35264
14:32:21  GPS원시속도:1.060
14:32:21  GPS원시방향유효:1
14:32:21  GPS원시방향:4.1
14:32:21  가속도:-3.33,8.15,16.23
14:32:21  자이로:32.9,-0.2,-8.2
14:32:21  자력계:-1.500,-3.450,12.300
14:32:21  충격값:9.04
14:32:21  충격피크:37.06
14:32:21  마지막충격발생값:111.97
14:32:21  마지막충격발생ms:136944
14:32:21  송신:2928
14:32:21  지팡이수신:2616
14:32:21  GPS위성:8
14:32:21  GPS_HDOP:1.00
14:32:21  원시위도:37.496528
14:32:21  원시경도:126.957981
14:32:21  GPS채택:1368
14:32:21  GPS이상치거부:24
14:32:21  GPS품질거부:2
14:32:21  GPS재기준:0
14:32:21  계산거리:-1.00
14:32:21  접근속도:0.00
14:32:21  TTC:999.00
14:32:21  방향오차:0.0
14:32:21  전방여부:0
14:32:21  위험음성횟수:12
14:32:21  충격음성횟수:1
14:32:21  마지막위험음성:2
14:32:21  RSSI원시:-77
14:32:21  RSSI평활:-76.7
14:32:21  RSSI샘플:2616
14:32:21  RSSI경과ms:19
14:32:21  RSSI구간:1
14:32:21  RSSI거리:10.84
14:32:21  상대보정:1
14:32:21  상대보정중:0
14:32:21  보정동쪽:12.63
14:32:21  보정북쪽:-31.94
14:32:21  위험송신:0
14:32:21  시각ms:308294
14:32:21  IMU시각ms:308293
14:32:21  위험:0
14:32:21  원시위험:0
14:32:21  GPS유효:1
14:32:21  위도:37.496531
14:32:21  경도:126.957981
14:32:21  속도:1.02
14:32:21  방향:3.6
14:32:21  이동방향유효:1
14:32:21  GPS이동방향:3.6
14:32:21  차체방향유효:1
14:32:21  차체방향:186.2
14:32:21  후진판정:1
14:32:21  IMU요회전속도:0.00
14:32:21  방향가속도크기:13.26
14:32:21  방향자이로크기:12.91
14:32:21  방향자세cos:0.9799
14:32:21  자기모델잔차:16.66
14:32:21  자기모델반경:0.713
14:32:21  방향채택:2
14:32:21  방향거부:35275
14:32:21  GPS원시속도:0.972
14:32:21  GPS원시방향유효:1
14:32:21  GPS원시방향:3.2
14:32:21  가속도:-0.32,2.40,13.03
14:32:21  자이로:-12.8,-1.1,-1.6
14:32:21  자력계:-2.250,-5.850,12.750
14:32:21  충격값:1.93
14:32:21  충격피크:20.93
14:32:21  마지막충격발생값:111.97
14:32:21  마지막충격발생ms:136944
14:32:21  송신:2929
14:32:21  지팡이수신:2617
14:32:21  GPS위성:7
14:32:21  GPS_HDOP:1.23
14:32:21  원시위도:37.496530
14:32:21  원시경도:126.957981
14:32:21  GPS채택:1369
14:32:21  GPS이상치거부:24
14:32:21  GPS품질거부:2
14:32:21  GPS재기준:0
14:32:21  계산거리:-1.00
14:32:21  접근속도:0.00
14:32:21  TTC:999.00
14:32:21  방향오차:0.0
14:32:21  전방여부:0
14:32:21  위험음성횟수:12
14:32:21  충격음성횟수:1
14:32:21  마지막위험음성:2
14:32:21  RSSI원시:-75
14:32:21  RSSI평활:-76.4
14:32:21  RSSI샘플:2617
14:32:21  RSSI경과ms:62
14:32:21  RSSI구간:1
14:32:21  RSSI거리:10.49
14:32:21  상대보정:1
14:32:21  상대보정중:0
14:32:21  보정동쪽:12.63
14:32:21  보정북쪽:-31.94
14:32:21  위험송신:0
14:32:22  시각ms:308702
14:32:22  IMU시각ms:308701
14:32:22  위험:0
14:32:22  원시위험:0
14:32:22  GPS유효:1
14:32:22  위도:37.496534
14:32:22  경도:126.957982
14:32:22  속도:0.87
14:32:22  방향:2.5
14:32:22  이동방향유효:1
14:32:22  GPS이동방향:2.5
14:32:22  차체방향유효:1
14:32:22  차체방향:172.9
14:32:22  후진판정:1
14:32:22  IMU요회전속도:-28.28
14:32:22  방향가속도크기:2.23
14:32:22  방향자이로크기:47.50
14:32:22  방향자세cos:0.9440
14:32:22  자기모델잔차:16.66
14:32:22  자기모델반경:0.713
14:32:22  방향채택:2
14:32:22  방향거부:35324
14:32:22  GPS원시속도:0.849
14:32:22  GPS원시방향유효:1
14:32:22  GPS원시방향:2.5
14:32:22  가속도:-0.43,1.65,1.44
14:32:22  자이로:-36.8,-10.2,28.3
14:32:22  자력계:3.750,0.000,12.000
14:32:22  충격값:7.96
14:32:22  충격피크:24.11
14:32:22  마지막충격발생값:111.97
14:32:22  마지막충격발생ms:136944
14:32:22  송신:2933
14:32:22  지팡이수신:2618
14:32:22  GPS위성:8
14:32:22  GPS_HDOP:1.23
14:32:22  원시위도:37.496533
14:32:22  원시경도:126.957982
14:32:22  GPS채택:1371
14:32:22  GPS이상치거부:24
14:32:22  GPS품질거부:2
14:32:22  GPS재기준:0
14:32:22  계산거리:-1.00
14:32:22  접근속도:0.00
14:32:22  TTC:999.00
14:32:22  방향오차:0.0
14:32:22  전방여부:0
14:32:22  위험음성횟수:12
14:32:22  충격음성횟수:1
14:32:22  마지막위험음성:2
14:32:22  RSSI원시:-76
14:32:22  RSSI평활:-76.3
14:32:22  RSSI샘플:2618
14:32:22  RSSI경과ms:268
14:32:22  RSSI구간:1
14:32:22  RSSI거리:10.41
14:32:22  상대보정:1
14:32:22  상대보정중:0
14:32:22  보정동쪽:12.63
14:32:22  보정북쪽:-31.94
14:32:22  위험송신:0
14:32:22  시각ms:308804
14:32:22  IMU시각ms:308803
14:32:22  위험:2
14:32:22  원시위험:0
14:32:22  GPS유효:1
14:32:22  위도:37.496534
14:32:22  경도:126.957982
14:32:22  속도:0.85
14:32:22  방향:5.1
14:32:22  이동방향유효:1
14:32:22  GPS이동방향:5.1
14:32:22  차체방향유효:1
14:32:22  차체방향:171.0
14:32:22  후진판정:1
14:32:22  IMU요회전속도:-46.29
14:32:22  방향가속도크기:9.17
14:32:22  방향자이로크기:51.77
14:32:22  방향자세cos:0.9440
14:32:22  자기모델잔차:16.66
14:32:22  자기모델반경:0.713
14:32:22  방향채택:2
14:32:22  방향거부:35336
14:32:22  GPS원시속도:0.823
14:32:22  GPS원시방향유효:1
14:32:22  GPS원시방향:10.1
14:32:22  가속도:-3.09,0.61,8.61
14:32:22  자이로:10.7,13.6,48.8
14:32:22  자력계:4.650,0.150,12.450
14:32:22  충격값:2.74
14:32:22  충격피크:13.59
14:32:22  마지막충격발생값:111.97
14:32:22  마지막충격발생ms:136944
14:32:22  송신:2934
14:32:22  지팡이수신:2619
14:32:22  GPS위성:8
14:32:22  GPS_HDOP:1.23
14:32:22  원시위도:37.496534
14:32:22  원시경도:126.957983
14:32:22  GPS채택:1372
14:32:22  GPS이상치거부:24
14:32:22  GPS품질거부:2
14:32:22  GPS재기준:0
14:32:22  계산거리:-1.00
14:32:22  접근속도:0.00
14:32:22  TTC:999.00
14:32:22  방향오차:0.0
14:32:22  전방여부:0
14:32:22  위험음성횟수:13
14:32:22  충격음성횟수:1
14:32:22  마지막위험음성:2
14:32:22  RSSI원시:-77
14:32:22  RSSI평활:-76.5
14:32:22  RSSI샘플:2619
14:32:22  RSSI경과ms:55
14:32:22  RSSI구간:1
14:32:22  RSSI거리:10.54
14:32:22  상대보정:1
14:32:22  상대보정중:0
14:32:22  보정동쪽:12.63
14:32:22  보정북쪽:-31.94
14:32:22  위험송신:0
14:32:22  시각ms:308904
14:32:22  IMU시각ms:308903
14:32:22  위험:2
14:32:22  원시위험:0
14:32:22  GPS유효:1
14:32:22  위도:37.496535
14:32:22  경도:126.957982
14:32:22  속도:0.85
14:32:22  방향:5.1
14:32:22  이동방향유효:1
14:32:22  GPS이동방향:5.1
14:32:22  차체방향유효:1
14:32:22  차체방향:169.1
14:32:22  후진판정:1
14:32:22  IMU요회전속도:-4.40
14:32:22  방향가속도크기:13.31
14:32:22  방향자이로크기:10.28
14:32:22  방향자세cos:0.9054
14:32:22  자기모델잔차:16.66
14:32:22  자기모델반경:0.713
14:32:22  방향채택:2
14:32:22  방향거부:35348
14:32:22  GPS원시속도:0.823
14:32:22  GPS원시방향유효:1
14:32:22  GPS원시방향:10.1
14:32:22  가속도:-1.61,0.15,13.21
14:32:22  자이로:-1.1,-7.4,7.0
14:32:22  자력계:5.100,1.350,12.150
14:32:22  충격값:3.40
14:32:22  충격피크:23.19
14:32:22  마지막충격발생값:111.97
14:32:22  마지막충격발생ms:136944
14:32:22  송신:2935
14:32:22  지팡이수신:2620
14:32:22  GPS위성:8
14:32:22  GPS_HDOP:1.23
14:32:22  원시위도:37.496534
14:32:22  원시경도:126.957983
14:32:22  GPS채택:1372
14:32:22  GPS이상치거부:24
14:32:22  GPS품질거부:2
14:32:22  GPS재기준:0
14:32:22  계산거리:-1.00
14:32:22  접근속도:0.00
14:32:22  TTC:999.00
14:32:22  방향오차:0.0
14:32:22  전방여부:0
14:32:22  위험음성횟수:13
14:32:22  충격음성횟수:1
14:32:22  마지막위험음성:2
14:32:22  RSSI원시:-78
14:32:22  RSSI평활:-76.8
14:32:22  RSSI샘플:2620
14:32:22  RSSI경과ms:40
14:32:22  RSSI구간:1
14:32:22  RSSI거리:10.86
14:32:22  상대보정:1
14:32:22  상대보정중:0
14:32:22  보정동쪽:12.63
14:32:22  보정북쪽:-31.94
14:32:22  위험송신:0
14:32:22  시각ms:309008
14:32:22  IMU시각ms:309007
14:32:22  위험:2
14:32:22  원시위험:0
14:32:22  GPS유효:1
14:32:22  위도:37.496536
14:32:22  경도:126.957983
14:32:22  속도:0.85
14:32:22  방향:5.3
14:32:22  이동방향유효:1
14:32:22  GPS이동방향:5.3
14:32:22  차체방향유효:1
14:32:22  차체방향:170.5
14:32:22  후진판정:1
14:32:22  IMU요회전속도:0.00
14:32:22  방향가속도크기:12.60
14:32:22  방향자이로크기:12.02
14:32:22  방향자세cos:0.9975
14:32:22  자기모델잔차:18.13
14:32:22  자기모델반경:0.921
14:32:22  방향채택:2
14:32:22  방향거부:35359
14:32:22  GPS원시속도:0.844
14:32:22  GPS원시방향유효:1
14:32:22  GPS원시방향:5.7
14:32:22  가속도:-1.44,0.45,12.51
14:32:22  자이로:1.4,11.4,-3.6
14:32:22  자력계:6.450,3.150,12.300
14:32:22  충격값:2.93
14:32:22  충격피크:9.47
14:32:22  마지막충격발생값:111.97
14:32:22  마지막충격발생ms:136944
14:32:22  송신:2936
14:32:22  지팡이수신:2620
14:32:22  GPS위성:9
14:32:22  GPS_HDOP:1.23
14:32:22  원시위도:37.496535
14:32:22  원시경도:126.957983
14:32:22  GPS채택:1373
14:32:22  GPS이상치거부:24
14:32:22  GPS품질거부:2
14:32:22  GPS재기준:0
14:32:22  계산거리:-1.00
14:32:22  접근속도:0.00
14:32:22  TTC:999.00
14:32:22  방향오차:0.0
14:32:22  전방여부:0
14:32:22  위험음성횟수:13
14:32:22  충격음성횟수:1
14:32:22  마지막위험음성:2
14:32:22  RSSI원시:-78
14:32:22  RSSI평활:-76.8
14:32:22  RSSI샘플:2620
14:32:22  RSSI경과ms:144
14:32:22  RSSI구간:1
14:32:22  RSSI거리:10.86
14:32:22  상대보정:1
14:32:22  상대보정중:0
14:32:22  보정동쪽:12.63
14:32:22  보정북쪽:-31.94
14:32:22  위험송신:0
14:32:22  시각ms:309108
14:32:22  IMU시각ms:309107
14:32:22  위험:2
14:32:22  원시위험:0
14:32:22  GPS유효:1
14:32:22  위도:37.496536
14:32:22  경도:126.957983
14:32:22  속도:0.85
14:32:22  방향:5.3
14:32:22  이동방향유효:1
14:32:22  GPS이동방향:5.3
14:32:22  차체방향유효:1
14:32:22  차체방향:172.0
14:32:22  후진판정:1
14:32:22  IMU요회전속도:24.25
14:32:22  방향가속도크기:7.31
14:32:22  방향자이로크기:34.20
14:32:22  방향자세cos:0.4796
14:32:22  자기모델잔차:18.13
14:32:22  자기모델반경:0.921
14:32:22  방향채택:2
14:32:22  방향거부:35371
14:32:22  GPS원시속도:0.844
14:32:22  GPS원시방향유효:1
14:32:22  GPS원시방향:5.7
14:32:22  가속도:-2.05,-5.95,3.72
14:32:22  자이로:-0.0,-18.9,-28.5
14:32:22  자력계:6.450,1.500,13.500
14:32:22  충격값:8.28
14:32:22  충격피크:10.35
14:32:22  마지막충격발생값:111.97
14:32:22  마지막충격발생ms:136944
14:32:22  송신:2937
14:32:22  지팡이수신:2621
14:32:22  GPS위성:9
14:32:22  GPS_HDOP:1.23
14:32:22  원시위도:37.496535
14:32:22  원시경도:126.957983
14:32:22  GPS채택:1373
14:32:22  GPS이상치거부:24
14:32:22  GPS품질거부:2
14:32:22  GPS재기준:0
14:32:22  계산거리:-1.00
14:32:22  접근속도:0.00
14:32:22  TTC:999.00
14:32:22  방향오차:0.0
14:32:22  전방여부:0
14:32:22  위험음성횟수:13
14:32:22  충격음성횟수:1
14:32:22  마지막위험음성:2
14:32:22  RSSI원시:-77
14:32:22  RSSI평활:-76.8
14:32:22  RSSI샘플:2621
14:32:22  RSSI경과ms:36
14:32:22  RSSI구간:1
14:32:22  RSSI거리:10.91
14:32:22  상대보정:1
14:32:22  상대보정중:0
14:32:22  보정동쪽:12.63
14:32:22  보정북쪽:-31.94
14:32:22  위험송신:0
14:32:22  시각ms:309208
14:32:22  IMU시각ms:309207
14:32:22  위험:2
14:32:22  원시위험:0
14:32:22  GPS유효:1
14:32:22  위도:37.496537
14:32:22  경도:126.957983
14:32:22  속도:0.83
14:32:22  방향:4.4
14:32:22  이동방향유효:1
14:32:22  GPS이동방향:4.4
14:32:22  차체방향유효:1
14:32:22  차체방향:177.7
14:32:22  후진판정:1
14:32:22  IMU요회전속도:52.76
14:32:22  방향가속도크기:10.78
14:32:22  방향자이로크기:56.35
14:32:22  방향자세cos:0.4796
14:32:22  자기모델잔차:18.13
14:32:22  자기모델반경:0.921
14:32:22  방향채택:2
14:32:22  방향거부:35383
14:32:22  GPS원시속도:0.823
14:32:22  GPS원시방향유효:1
14:32:22  GPS원시방향:2.5
14:32:22  가속도:0.98,-1.39,10.64
14:32:22  자이로:4.8,-2.0,-56.1
14:32:22  자력계:4.500,-0.750,12.000
14:32:22  충격값:2.29
14:32:22  충격피크:15.12
14:32:22  마지막충격발생값:111.97
14:32:22  마지막충격발생ms:136944
14:32:22  송신:2938
14:32:22  지팡이수신:2622
14:32:22  GPS위성:9
14:32:22  GPS_HDOP:1.23
14:32:22  원시위도:37.496536
14:32:22  원시경도:126.957983
14:32:22  GPS채택:1374
14:32:22  GPS이상치거부:24
14:32:22  GPS품질거부:2
14:32:22  GPS재기준:0
14:32:22  계산거리:-1.00
14:32:22  접근속도:0.00
14:32:22  TTC:999.00
14:32:22  방향오차:0.0
14:32:22  전방여부:0
14:32:22  위험음성횟수:13
14:32:22  충격음성횟수:1
14:32:22  마지막위험음성:2
14:32:22  RSSI원시:-74
14:32:22  RSSI평활:-76.2
14:32:22  RSSI샘플:2622
14:32:22  RSSI경과ms:32
14:32:22  RSSI구간:1
14:32:22  RSSI거리:10.34
14:32:22  상대보정:1
14:32:22  상대보정중:0
14:32:22  보정동쪽:12.63
14:32:22  보정북쪽:-31.94
14:32:22  위험송신:0
14:32:22  시각ms:309315
14:32:22  IMU시각ms:309314
14:32:22  위험:2
14:32:22  원시위험:0
14:32:22  GPS유효:1
14:32:22  위도:37.496538
14:32:22  경도:126.957983
14:32:22  속도:0.83
14:32:22  방향:4.4
14:32:22  이동방향유효:1
14:32:22  GPS이동방향:4.4
14:32:22  차체방향유효:1
14:32:22  차체방향:181.8
14:32:22  후진판정:1
14:32:22  IMU요회전속도:29.86
14:32:22  방향가속도크기:15.17
14:32:22  방향자이로크기:50.20
14:32:22  방향자세cos:0.4796
14:32:22  자기모델잔차:18.13
14:32:22  자기모델반경:0.921
14:32:22  방향채택:2
14:32:22  방향거부:35396
14:32:22  GPS원시속도:0.823
14:32:22  GPS원시방향유효:1
14:32:22  GPS원시방향:2.5
14:32:22  가속도:4.65,-3.50,14.01
14:32:22  자이로:-27.1,-25.5,-33.7
14:32:22  자력계:2.250,-3.450,12.300
14:32:22  충격값:7.26
14:32:22  충격피크:21.47
14:32:22  마지막충격발생값:111.97
14:32:22  마지막충격발생ms:136944
14:32:22  송신:2939
14:32:22  지팡이수신:2622
14:32:22  GPS위성:9
14:32:22  GPS_HDOP:1.23
14:32:22  원시위도:37.496536
14:32:22  원시경도:126.957983
14:32:22  GPS채택:1374
14:32:22  GPS이상치거부:24
14:32:22  GPS품질거부:2
14:32:22  GPS재기준:0
14:32:22  계산거리:-1.00
14:32:22  접근속도:0.00
14:32:22  TTC:999.00
14:32:22  방향오차:0.0
14:32:22  전방여부:0
14:32:22  위험음성횟수:13
14:32:22  충격음성횟수:1
14:32:22  마지막위험음성:2
14:32:22  RSSI원시:-74
14:32:22  RSSI평활:-76.2
14:32:22  RSSI샘플:2622
14:32:22  RSSI경과ms:139
14:32:22  RSSI구간:1
14:32:22  RSSI거리:10.34
14:32:22  상대보정:1
14:32:22  상대보정중:0
14:32:22  보정동쪽:12.63
14:32:22  보정북쪽:-31.94
14:32:22  위험송신:0
14:32:23  시각ms:309515
14:32:23  IMU시각ms:309515
14:32:23  위험:2
14:32:23  원시위험:0
14:32:23  GPS유효:1
14:32:23  위도:37.496539
14:32:23  경도:126.957983
14:32:23  속도:0.80
14:32:23  방향:1.8
14:32:23  이동방향유효:1
14:32:23  GPS이동방향:1.8
14:32:23  차체방향유효:1
14:32:23  차체방향:189.2
14:32:23  후진판정:1
14:32:23  IMU요회전속도:48.14
14:32:23  방향가속도크기:16.32
14:32:23  방향자이로크기:71.44
14:32:23  방향자세cos:0.9432
14:32:23  자기모델잔차:18.13
14:32:23  자기모델반경:0.921
14:32:23  방향채택:2
14:32:23  방향거부:35420
14:32:23  GPS원시속도:0.756
14:32:23  GPS원시방향유효:1
14:32:23  GPS원시방향:357.2
14:32:23  가속도:0.37,-2.88,16.06
14:32:23  자이로:-41.7,-25.7,-52.0
14:32:23  자력계:0.300,-4.200,12.300
14:32:23  충격값:6.26
14:32:23  충격피크:19.59
14:32:23  마지막충격발생값:111.97
14:32:23  마지막충격발생ms:136944
14:32:23  송신:2941
14:32:23  지팡이수신:2624
14:32:23  GPS위성:8
14:32:23  GPS_HDOP:1.23
14:32:23  원시위도:37.496538
14:32:23  원시경도:126.957982
14:32:23  GPS채택:1375
14:32:23  GPS이상치거부:24
14:32:23  GPS품질거부:2
14:32:23  GPS재기준:0
14:32:23  계산거리:-1.00
14:32:23  접근속도:0.00
14:32:23  TTC:999.00
14:32:23  방향오차:0.0
14:32:23  전방여부:0
14:32:23  위험음성횟수:13
14:32:23  충격음성횟수:1
14:32:23  마지막위험음성:2
14:32:23  RSSI원시:-72
14:32:23  RSSI평활:-75.5
14:32:23  RSSI샘플:2624
14:32:23  RSSI경과ms:24
14:32:23  RSSI구간:1
14:32:23  RSSI거리:9.64
14:32:23  상대보정:1
14:32:23  상대보정중:0
14:32:23  보정동쪽:12.63
14:32:23  보정북쪽:-31.94
14:32:23  위험송신:0
14:32:23  시각ms:309616
14:32:23  IMU시각ms:309615
14:32:23  위험:2
14:32:23  원시위험:0
14:32:23  GPS유효:1
14:32:23  위도:37.496540
14:32:23  경도:126.957982
14:32:23  속도:0.78
14:32:23  방향:359.7
14:32:23  이동방향유효:1
14:32:23  GPS이동방향:359.7
14:32:23  차체방향유효:1
14:32:23  차체방향:189.1
14:32:23  후진판정:1
14:32:23  IMU요회전속도:-3.05
14:32:23  방향가속도크기:3.22
14:32:23  방향자이로크기:31.26
14:32:23  방향자세cos:0.9609
14:32:23  자기모델잔차:17.02
14:32:23  자기모델반경:0.753
14:32:23  방향채택:2
14:32:23  방향거부:35432
14:32:23  GPS원시속도:0.761
14:32:23  GPS원시방향유효:1
14:32:23  GPS원시방향:355.7
14:32:23  가속도:2.75,-0.52,1.58
14:32:23  자이로:-19.2,24.4,3.9
14:32:23  자력계:-1.800,-4.650,12.300
14:32:23  충격값:9.46
14:32:23  충격피크:9.46
14:32:23  마지막충격발생값:111.97
14:32:23  마지막충격발생ms:136944
14:32:23  송신:2942
14:32:23  지팡이수신:2625
14:32:23  GPS위성:8
14:32:23  GPS_HDOP:1.23
14:32:23  원시위도:37.496539
14:32:23  원시경도:126.957982
14:32:23  GPS채택:1376
14:32:23  GPS이상치거부:24
14:32:23  GPS품질거부:2
14:32:23  GPS재기준:0
14:32:23  계산거리:-1.00
14:32:23  접근속도:0.00
14:32:23  TTC:999.00
14:32:23  방향오차:0.0
14:32:23  전방여부:0
14:32:23  위험음성횟수:13
14:32:23  충격음성횟수:1
14:32:23  마지막위험음성:2
14:32:23  RSSI원시:-71
14:32:23  RSSI평활:-74.6
14:32:23  RSSI샘플:2625
14:32:23  RSSI경과ms:21
14:32:23  RSSI구간:1
14:32:23  RSSI거리:8.85
14:32:23  상대보정:1
14:32:23  상대보정중:0
14:32:23  보정동쪽:12.63
14:32:23  보정북쪽:-31.94
14:32:23  위험송신:0
14:32:23  시각ms:309724
14:32:23  IMU시각ms:309723
14:32:23  위험:2
14:32:23  원시위험:0
14:32:23  GPS유효:1
14:32:23  위도:37.496540
14:32:23  경도:126.957982
14:32:23  속도:0.78
14:32:23  방향:359.7
14:32:23  이동방향유효:1
14:32:23  GPS이동방향:359.7
14:32:23  차체방향유효:1
14:32:23  차체방향:189.2
14:32:23  후진판정:1
14:32:23  IMU요회전속도:0.00
14:32:23  방향가속도크기:8.16
14:32:23  방향자이로크기:23.21
14:32:23  방향자세cos:0.9356
14:32:23  자기모델잔차:17.02
14:32:23  자기모델반경:0.753
14:32:23  방향채택:2
14:32:23  방향거부:35445
14:32:23  GPS원시속도:0.761
14:32:23  GPS원시방향유효:1
14:32:23  GPS원시방향:355.7
14:32:23  가속도:1.21,2.80,7.57
14:32:23  자이로:14.4,17.8,-3.8
14:32:23  자력계:-3.300,-5.400,12.000
14:32:23  충격값:3.42
14:32:23  충격피크:13.93
14:32:23  마지막충격발생값:111.97
14:32:23  마지막충격발생ms:136944
14:32:23  송신:2943
14:32:23  지팡이수신:2626
14:32:23  GPS위성:8
14:32:23  GPS_HDOP:1.23
14:32:23  원시위도:37.496539
14:32:23  원시경도:126.957982
14:32:23  GPS채택:1376
14:32:23  GPS이상치거부:24
14:32:23  GPS품질거부:2
14:32:23  GPS재기준:0
14:32:23  계산거리:-1.00
14:32:23  접근속도:0.00
14:32:23  TTC:999.00
14:32:23  방향오차:0.0
14:32:23  전방여부:0
14:32:23  위험음성횟수:13
14:32:23  충격음성횟수:1
14:32:23  마지막위험음성:2
14:32:23  RSSI원시:-68
14:32:23  RSSI평활:-73.3
14:32:23  RSSI샘플:2626
14:32:23  RSSI경과ms:27
14:32:23  RSSI구간:1
14:32:23  RSSI거리:7.80
14:32:23  상대보정:1
14:32:23  상대보정중:0
14:32:23  보정동쪽:12.63
14:32:23  보정북쪽:-31.94
14:32:23  위험송신:0
14:32:23  시각ms:309825
14:32:23  IMU시각ms:309824
14:32:23  위험:2
14:32:23  원시위험:0
14:32:23  GPS유효:1
14:32:23  위도:37.496541
14:32:23  경도:126.957982
14:32:23  속도:0.75
14:32:23  방향:359.7
14:32:23  이동방향유효:1
14:32:23  GPS이동방향:359.7
14:32:23  차체방향유효:1
14:32:23  차체방향:186.5
14:32:23  후진판정:1
14:32:23  IMU요회전속도:-29.95
14:32:23  방향가속도크기:10.95
14:32:23  방향자이로크기:35.80
14:32:23  방향자세cos:0.9929
14:32:23  자기모델잔차:17.57
14:32:23  자기모델반경:0.765
14:32:23  방향채택:2
14:32:23  방향거부:35457
14:32:23  GPS원시속도:0.720
14:32:23  GPS원시방향유효:1
14:32:23  GPS원시방향:359.8
14:32:23  가속도:-1.56,1.27,10.76
14:32:23  자이로:-16.3,0.0,31.9
14:32:23  자력계:-1.800,-5.100,12.750
14:32:23  충격값:1.33
14:32:23  충격피크:6.95
14:32:23  마지막충격발생값:111.97
14:32:23  마지막충격발생ms:136944
14:32:23  송신:2944
14:32:23  지팡이수신:2627
14:32:23  GPS위성:9
14:32:23  GPS_HDOP:1.23
14:32:23  원시위도:37.496541
14:32:23  원시경도:126.957982
14:32:23  GPS채택:1377
14:32:23  GPS이상치거부:24
14:32:23  GPS품질거부:2
14:32:23  GPS재기준:0
14:32:23  계산거리:-1.00
14:32:23  접근속도:0.00
14:32:23  TTC:999.00
14:32:23  방향오차:0.0
14:32:23  전방여부:0
14:32:23  위험음성횟수:13
14:32:23  충격음성횟수:1
14:32:23  마지막위험음성:2
14:32:23  RSSI원시:-74
14:32:23  RSSI평활:-73.4
14:32:23  RSSI샘플:2627
14:32:23  RSSI경과ms:22
14:32:23  RSSI구간:1
14:32:23  RSSI거리:7.91
14:32:23  상대보정:1
14:32:23  상대보정중:0
14:32:23  보정동쪽:12.63
14:32:23  보정북쪽:-31.94
14:32:23  위험송신:0
14:32:23  시각ms:309940
14:32:23  IMU시각ms:309916
14:32:23  위험:2
14:32:23  원시위험:0
14:32:23  GPS유효:1
14:32:23  위도:37.496542
14:32:23  경도:126.957982
14:32:23  속도:0.75
14:32:23  방향:359.7
14:32:23  이동방향유효:1
14:32:23  GPS이동방향:359.7
14:32:23  차체방향유효:1
14:32:23  차체방향:183.2
14:32:23  후진판정:1
14:32:23  IMU요회전속도:-36.42
14:32:23  방향가속도크기:7.21
14:32:23  방향자이로크기:48.17
14:32:23  방향자세cos:0.9057
14:32:23  자기모델잔차:17.57
14:32:23  자기모델반경:0.765
14:32:23  방향채택:2
14:32:23  방향거부:35468
14:32:23  GPS원시속도:0.720
14:32:23  GPS원시방향유효:1
14:32:23  GPS원시방향:359.8
14:32:23  가속도:1.39,-2.12,6.75
14:32:23  자이로:-1.9,-25.9,40.6
14:32:23  자력계:0.000,-2.250,14.250
14:32:23  충격값:4.06
14:32:23  충격피크:14.60
14:32:23  마지막충격발생값:111.97
14:32:23  마지막충격발생ms:136944
14:32:23  송신:2945
14:32:23  지팡이수신:2627
14:32:23  GPS위성:9
14:32:23  GPS_HDOP:1.23
14:32:23  원시위도:37.496541
14:32:23  원시경도:126.957982
14:32:23  GPS채택:1377
14:32:23  GPS이상치거부:24
14:32:23  GPS품질거부:2
14:32:23  GPS재기준:0
14:32:23  계산거리:-1.00
14:32:23  접근속도:0.00
14:32:23  TTC:999.00
14:32:23  방향오차:0.0
14:32:23  전방여부:0
14:32:23  위험음성횟수:13
14:32:23  충격음성횟수:1
14:32:23  마지막위험음성:2
14:32:23  RSSI원시:-74
14:32:23  RSSI평활:-73.4
14:32:23  RSSI샘플:2627
14:32:23  RSSI경과ms:137
14:32:23  RSSI구간:1
14:32:23  RSSI거리:7.91
14:32:23  상대보정:1
14:32:23  상대보정중:0
14:32:23  보정동쪽:12.63
14:32:23  보정북쪽:-31.94
14:32:23  위험송신:0
14:32:23  시각ms:310032
14:32:23  IMU시각ms:310031
14:32:23  위험:2
14:32:23  원시위험:0
14:32:23  GPS유효:1
14:32:23  위도:37.496542
14:32:23  경도:126.957983
14:32:23  속도:0.61
14:32:23  방향:0.3
14:32:23  이동방향유효:1
14:32:23  GPS이동방향:0.3
14:32:23  차체방향유효:1
14:32:23  차체방향:179.5
14:32:23  후진판정:1
14:32:23  IMU요회전속도:-16.68
14:32:23  방향가속도크기:12.60
14:32:23  방향자이로크기:31.03
14:32:23  방향자세cos:0.9284
14:32:23  자기모델잔차:17.57
14:32:23  자기모델반경:0.765
14:32:23  방향채택:2
14:32:23  방향거부:35479
14:32:23  GPS원시속도:0.473
14:32:23  GPS원시방향유효:1
14:32:23  GPS원시방향:1.5
14:32:23  가속도:-3.39,4.27,11.35
14:32:23  자이로:16.7,17.7,19.3
14:32:23  자력계:1.050,-2.700,11.250
14:32:23  충격값:5.37
14:32:23  충격피크:15.01
14:32:23  마지막충격발생값:111.97
14:32:23  마지막충격발생ms:136944
14:32:23  송신:2946
14:32:23  지팡이수신:2627
14:32:23  GPS위성:9
14:32:23  GPS_HDOP:1.23
14:32:23  원시위도:37.496541
14:32:23  원시경도:126.957983
14:32:23  GPS채택:1378
14:32:23  GPS이상치거부:24
14:32:23  GPS품질거부:2
14:32:23  GPS재기준:0
14:32:23  계산거리:-1.00
14:32:23  접근속도:0.00
14:32:23  TTC:999.00
14:32:23  방향오차:0.0
14:32:23  전방여부:0
14:32:23  위험음성횟수:13
14:32:23  충격음성횟수:1
14:32:23  마지막위험음성:2
14:32:23  RSSI원시:-74
14:32:23  RSSI평활:-73.4
14:32:23  RSSI샘플:2627
14:32:23  RSSI경과ms:229
14:32:23  RSSI구간:1
14:32:23  RSSI거리:7.91
14:32:23  상대보정:1
14:32:23  상대보정중:0
14:32:23  보정동쪽:12.63
14:32:23  보정북쪽:-31.94
14:32:23  위험송신:0
14:32:23  시각ms:310133
14:32:23  IMU시각ms:310133
14:32:23  위험:2
14:32:23  원시위험:0
14:32:23  GPS유효:1
14:32:23  위도:37.496543
14:32:23  경도:126.957983
14:32:23  속도:0.61
14:32:23  방향:0.3
14:32:23  이동방향유효:1
14:32:23  GPS이동방향:0.3
14:32:23  차체방향유효:1
14:32:23  차체방향:179.1
14:32:23  후진판정:1
14:32:23  IMU요회전속도:1.54
14:32:23  방향가속도크기:6.06
14:32:23  방향자이로크기:24.52
14:32:23  방향자세cos:0.9952
14:32:23  자기모델잔차:15.91
14:32:23  자기모델반경:0.812
14:32:23  방향채택:2
14:32:23  방향거부:35491
14:32:23  GPS원시속도:0.473
14:32:23  GPS원시방향유효:1
14:32:23  GPS원시방향:1.5
14:32:23  가속도:-1.28,-1.38,5.76
14:32:23  자이로:-22.2,8.2,-6.4
14:32:23  자력계:1.650,-2.100,12.450
14:32:23  충격값:3.96
14:32:23  충격피크:14.75
14:32:23  마지막충격발생값:111.97
14:32:23  마지막충격발생ms:136944
14:32:23  송신:2947
14:32:23  지팡이수신:2628
14:32:23  GPS위성:9
14:32:23  GPS_HDOP:1.23
14:32:23  원시위도:37.496541
14:32:23  원시경도:126.957983
14:32:23  GPS채택:1378
14:32:23  GPS이상치거부:24
14:32:23  GPS품질거부:2
14:32:23  GPS재기준:0
14:32:23  계산거리:-1.00
14:32:23  접근속도:0.00
14:32:23  TTC:999.00
14:32:23  방향오차:0.0
14:32:23  전방여부:0
14:32:23  위험음성횟수:13
14:32:23  충격음성횟수:1
14:32:23  마지막위험음성:2
14:32:23  RSSI원시:-69
14:32:23  RSSI평활:-72.5
14:32:23  RSSI샘플:2628
14:32:23  RSSI경과ms:11
14:32:23  RSSI구간:1
14:32:23  RSSI거리:7.27
14:32:23  상대보정:1
14:32:23  상대보정중:0
14:32:23  보정동쪽:12.63
14:32:23  보정북쪽:-31.94
14:32:23  위험송신:0
14:32:23  시각ms:310346
14:32:23  IMU시각ms:310333
14:32:23  위험:2
14:32:23  원시위험:0
14:32:23  GPS유효:1
14:32:23  위도:37.496544
14:32:23  경도:126.957983
14:32:23  속도:0.56
14:32:23  방향:0.5
14:32:23  이동방향유효:1
14:32:23  GPS이동방향:0.5
14:32:23  차체방향유효:1
14:32:23  차체방향:179.2
14:32:23  후진판정:1
14:32:23  IMU요회전속도:2.44
14:32:23  방향가속도크기:12.26
14:32:23  방향자이로크기:29.80
14:32:23  방향자세cos:0.9537
14:32:23  자기모델잔차:18.23
14:32:23  자기모델반경:0.779
14:32:23  방향채택:2
14:32:23  방향거부:35515
14:32:23  GPS원시속도:0.514
14:32:23  GPS원시방향유효:1
14:32:23  GPS원시방향:0.9
14:32:23  가속도:0.17,-3.04,11.88
14:32:23  자이로:-19.9,-21.3,-6.3
14:32:23  자력계:2.550,-2.250,12.300
14:32:23  충격값:3.77
14:32:23  충격피크:22.51
14:32:23  마지막충격발생값:111.97
14:32:23  마지막충격발생ms:136944
14:32:23  송신:2949
14:32:23  지팡이수신:2630
14:32:23  GPS위성:9
14:32:23  GPS_HDOP:1.23
14:32:23  원시위도:37.496543
14:32:23  원시경도:126.957983
14:32:23  GPS채택:1379
14:32:23  GPS이상치거부:24
14:32:23  GPS품질거부:2
14:32:23  GPS재기준:0
14:32:23  계산거리:-1.00
14:32:23  접근속도:0.00
14:32:23  TTC:999.00
14:32:23  방향오차:0.0
14:32:23  전방여부:0
14:32:23  위험음성횟수:13
14:32:23  충격음성횟수:1
14:32:23  마지막위험음성:2
14:32:23  RSSI원시:-70
14:32:23  RSSI평활:-71.8
14:32:23  RSSI샘플:2630
14:32:23  RSSI경과ms:17
14:32:23  RSSI구간:1
14:32:23  RSSI거리:6.76
14:32:23  상대보정:1
14:32:23  상대보정중:0
14:32:23  보정동쪽:12.63
14:32:23  보정북쪽:-31.94
14:32:23  위험송신:0
14:32:24  시각ms:310763
14:32:24  IMU시각ms:310763
14:32:24  위험:2
14:32:24  원시위험:0
14:32:24  GPS유효:1
14:32:24  위도:37.496547
14:32:24  경도:126.957983
14:32:24  속도:0.69
14:32:24  방향:0.7
14:32:24  이동방향유효:1
14:32:24  GPS이동방향:0.7
14:32:24  차체방향유효:1
14:32:24  차체방향:179.4
14:32:24  후진판정:1
14:32:24  IMU요회전속도:-3.02
14:32:24  방향가속도크기:5.56
14:32:24  방향자이로크기:30.56
14:32:24  방향자세cos:0.8268
14:32:24  자기모델잔차:17.56
14:32:24  자기모델반경:0.769
14:32:24  방향채택:2
14:32:24  방향거부:35562
14:32:24  GPS원시속도:0.756
14:32:24  GPS원시방향유효:1
14:32:24  GPS원시방향:0.3
14:32:24  가속도:0.54,-0.50,5.51
14:32:24  자이로:-30.1,2.0,5.0
14:32:24  자력계:2.850,-2.550,12.900
14:32:24  충격값:4.04
14:32:24  충격피크:16.36
14:32:24  마지막충격발생값:111.97
14:32:24  마지막충격발생ms:136944
14:32:24  송신:2953
14:32:24  지팡이수신:2634
14:32:24  GPS위성:9
14:32:24  GPS_HDOP:1.23
14:32:24  원시위도:37.496547
14:32:24  원시경도:126.957982
14:32:24  GPS채택:1381
14:32:24  GPS이상치거부:24
14:32:24  GPS품질거부:2
14:32:24  GPS재기준:0
14:32:24  계산거리:27.77
14:32:24  접근속도:0.69
14:32:24  TTC:999.00
14:32:24  방향오차:-4.5
14:32:24  전방여부:0
14:32:24  위험음성횟수:13
14:32:24  충격음성횟수:1
14:32:24  마지막위험음성:2
14:32:24  RSSI원시:-72
14:32:24  RSSI평활:-71.9
14:32:24  RSSI샘플:2634
14:32:24  RSSI경과ms:11
14:32:24  RSSI구간:2
14:32:24  RSSI거리:6.81
14:32:24  상대보정:1
14:32:24  상대보정중:0
14:32:24  보정동쪽:12.63
14:32:24  보정북쪽:-31.94
14:32:24  위험송신:0
14:32:24  시각ms:310970
14:32:24  IMU시각ms:310969
14:32:24  위험:2
14:32:24  원시위험:0
14:32:24  GPS유효:1
14:32:24  위도:37.496550
14:32:24  경도:126.957982
14:32:24  속도:0.74
14:32:24  방향:359.7
14:32:24  이동방향유효:1
14:32:24  GPS이동방향:359.7
14:32:24  차체방향유효:1
14:32:24  차체방향:179.6
14:32:24  후진판정:1
14:32:24  IMU요회전속도:6.38
14:32:24  방향가속도크기:5.41
14:32:24  방향자이로크기:25.25
14:32:24  방향자세cos:0.8429
14:32:24  자기모델잔차:17.50
14:32:24  자기모델반경:0.775
14:32:24  방향채택:2
14:32:24  방향거부:35585
14:32:24  GPS원시속도:0.792
14:32:24  GPS원시방향유효:1
14:32:24  GPS원시방향:357.9
14:32:24  가속도:-0.63,0.39,5.36
14:32:24  자이로:19.7,13.1,-8.7
14:32:24  자력계:2.850,-3.300,12.450
14:32:24  충격값:4.14
14:32:24  충격피크:10.52
14:32:24  마지막충격발생값:111.97
14:32:24  마지막충격발생ms:136944
14:32:24  송신:2955
14:32:24  지팡이수신:2635
14:32:24  GPS위성:9
14:32:24  GPS_HDOP:1.23
14:32:24  원시위도:37.496549
14:32:24  원시경도:126.957982
14:32:24  GPS채택:1382
14:32:24  GPS이상치거부:24
14:32:24  GPS품질거부:2
14:32:24  GPS재기준:0
14:32:24  계산거리:25.71
14:32:24  접근속도:0.74
14:32:24  TTC:999.00
14:32:24  방향오차:-5.4
14:32:24  전방여부:0
14:32:24  위험음성횟수:13
14:32:24  충격음성횟수:1
14:32:24  마지막위험음성:2
14:32:24  RSSI원시:-68
14:32:24  RSSI평활:-71.1
14:32:24  RSSI샘플:2635
14:32:24  RSSI경과ms:11
14:32:24  RSSI구간:2
14:32:24  RSSI거리:6.33
14:32:24  상대보정:1
14:32:24  상대보정중:0
14:32:24  보정동쪽:12.63
14:32:24  보정북쪽:-31.94
14:32:24  위험송신:0
14:32:24  시각ms:311081
14:32:24  IMU시각ms:311068
14:32:24  위험:2
14:32:24  원시위험:0
14:32:24  GPS유효:1
14:32:24  위도:37.496551
14:32:24  경도:126.957982
14:32:24  속도:0.81
14:32:24  방향:0.6
14:32:24  이동방향유효:1
14:32:24  GPS이동방향:0.6
14:32:24  차체방향유효:1
14:32:24  차체방향:179.9
14:32:24  후진판정:1
14:32:24  IMU요회전속도:0.00
14:32:24  방향가속도크기:3.73
14:32:24  방향자이로크기:38.11
14:32:24  방향자세cos:0.9920
14:32:24  자기모델잔차:18.04
14:32:24  자기모델반경:0.729
14:32:24  방향채택:2
14:32:24  방향거부:35597
14:32:24  GPS원시속도:0.885
14:32:24  GPS원시방향유효:1
14:32:24  GPS원시방향:2.1
14:32:24  가속도:-0.89,1.62,3.24
14:32:24  자이로:-30.6,-22.7,-0.8
14:32:24  자력계:2.550,-3.900,12.750
14:32:24  충격값:6.62
14:32:24  충격피크:12.31
14:32:24  마지막충격발생값:111.97
14:32:24  마지막충격발생ms:136944
14:32:24  송신:2956
14:32:24  지팡이수신:2636
14:32:24  GPS위성:9
14:32:24  GPS_HDOP:1.23
14:32:24  원시위도:37.496552
14:32:24  원시경도:126.957982
14:32:24  GPS채택:1383
14:32:24  GPS이상치거부:24
14:32:24  GPS품질거부:2
14:32:24  GPS재기준:0
14:32:24  계산거리:24.02
14:32:24  접근속도:0.81
14:32:24  TTC:999.00
14:32:24  방향오차:-6.6
14:32:24  전방여부:0
14:32:24  위험음성횟수:13
14:32:24  충격음성횟수:1
14:32:24  마지막위험음성:2
14:32:24  RSSI원시:-66
14:32:24  RSSI평활:-70.1
14:32:24  RSSI샘플:2636
14:32:24  RSSI경과ms:17
14:32:24  RSSI구간:2
14:32:24  RSSI거리:5.75
14:32:24  상대보정:1
14:32:24  상대보정중:0
14:32:24  보정동쪽:12.63
14:32:24  보정북쪽:-31.94
14:32:24  위험송신:0
14:32:24  시각ms:311288
14:32:24  IMU시각ms:311276
14:32:24  위험:2
14:32:24  원시위험:0
14:32:24  GPS유효:1
14:32:24  위도:37.496554
14:32:24  경도:126.957982
14:32:24  속도:0.83
14:32:24  방향:359.5
14:32:24  이동방향유효:1
14:32:24  GPS이동방향:359.5
14:32:24  차체방향유효:1
14:32:24  차체방향:180.3
14:32:24  후진판정:1
14:32:24  IMU요회전속도:0.00
14:32:24  방향가속도크기:6.81
14:32:24  방향자이로크기:32.49
14:32:24  방향자세cos:0.9400
14:32:24  자기모델잔차:18.33
14:32:24  자기모델반경:0.659
14:32:24  방향채택:2
14:32:24  방향거부:35619
14:32:24  GPS원시속도:0.854
14:32:24  GPS원시방향유효:1
14:32:24  GPS원시방향:357.6
14:32:24  가속도:5.20,-1.40,-4.17
14:32:24  자이로:31.9,5.9,0.6
14:32:24  자력계:5.250,-3.900,16.500
14:32:24  충격값:15.34
14:32:24  충격피크:15.34
14:32:24  마지막충격발생값:111.97
14:32:24  마지막충격발생ms:136944
14:32:24  송신:2958
14:32:24  지팡이수신:2638
14:32:24  GPS위성:8
14:32:24  GPS_HDOP:1.23
14:32:24  원시위도:37.496554
14:32:24  원시경도:126.957981
14:32:24  GPS채택:1384
14:32:24  GPS이상치거부:24
14:32:24  GPS품질거부:2
14:32:24  GPS재기준:0
14:32:24  계산거리:22.76
14:32:24  접근속도:0.83
14:32:24  TTC:999.00
14:32:24  방향오차:-5.9
14:32:24  전방여부:0
14:32:24  위험음성횟수:13
14:32:24  충격음성횟수:1
14:32:24  마지막위험음성:2
14:32:24  RSSI원시:-73
14:32:24  RSSI평활:-70.2
14:32:24  RSSI샘플:2638
14:32:24  RSSI경과ms:14
14:32:24  RSSI구간:2
14:32:24  RSSI거리:5.80
14:32:24  상대보정:1
14:32:24  상대보정중:0
14:32:24  보정동쪽:12.63
14:32:24  보정북쪽:-31.94
14:32:24  위험송신:0
14:32:24  시각ms:311380
14:32:24  IMU시각ms:311379
14:32:24  위험:0
14:32:24  원시위험:0
14:32:24  GPS유효:1
14:32:24  위도:37.496554
14:32:24  경도:126.957982
14:32:24  속도:0.83
14:32:24  방향:359.5
14:32:24  이동방향유효:1
14:32:24  GPS이동방향:359.5
14:32:24  차체방향유효:1
14:32:24  차체방향:180.5
14:32:24  후진판정:1
14:32:24  IMU요회전속도:-4.32
14:32:24  방향가속도크기:14.00
14:32:24  방향자이로크기:44.93
14:32:24  방향자세cos:0.8405
14:32:24  자기모델잔차:20.86
14:32:24  자기모델반경:0.646
14:32:24  방향채택:2
14:32:24  방향거부:35630
14:32:24  GPS원시속도:0.854
14:32:24  GPS원시방향유효:1
14:32:24  GPS원시방향:357.6
14:32:24  가속도:0.42,-5.54,12.85
14:32:24  자이로:21.9,-38.1,9.4
14:32:24  자력계:4.950,-4.500,17.700
14:32:24  충격값:6.93
14:32:24  충격피크:14.03
14:32:24  마지막충격발생값:111.97
14:32:24  마지막충격발생ms:136944
14:32:24  송신:2959
14:32:24  지팡이수신:2638
14:32:24  GPS위성:8
14:32:24  GPS_HDOP:1.23
14:32:24  원시위도:37.496554
14:32:24  원시경도:126.957981
14:32:24  GPS채택:1384
14:32:24  GPS이상치거부:24
14:32:24  GPS품질거부:2
14:32:24  GPS재기준:0
14:32:24  계산거리:22.76
14:32:24  접근속도:0.83
14:32:24  TTC:999.00
14:32:24  방향오차:-5.9
14:32:24  전방여부:0
14:32:24  위험음성횟수:13
14:32:24  충격음성횟수:1
14:32:24  마지막위험음성:2
14:32:24  RSSI원시:-73
14:32:24  RSSI평활:-70.2
14:32:24  RSSI샘플:2638
14:32:24  RSSI경과ms:106
14:32:24  RSSI구간:2
14:32:24  RSSI거리:5.80
14:32:24  상대보정:1
14:32:24  상대보정중:0
14:32:24  보정동쪽:12.63
14:32:24  보정북쪽:-31.94
14:32:24  위험송신:0
14:32:25  시각ms:311481
14:32:25  IMU시각ms:311480
14:32:25  위험:0
14:32:25  원시위험:0
14:32:25  GPS유효:1
14:32:25  위도:37.496556
14:32:25  경도:126.957981
14:32:25  속도:0.80
14:32:25  방향:359.2
14:32:25  이동방향유효:1
14:32:25  GPS이동방향:359.2
14:32:25  차체방향유효:1
14:32:25  차체방향:180.5
14:32:25  후진판정:1
14:32:25  IMU요회전속도:6.83
14:32:25  방향가속도크기:6.54
14:32:25  방향자이로크기:62.79
14:32:25  방향자세cos:0.9935
14:32:25  자기모델잔차:25.94
14:32:25  자기모델반경:0.766
14:32:25  방향채택:2
14:32:25  방향거부:35642
14:32:25  GPS원시속도:0.767
14:32:25  GPS원시방향유효:1
14:32:25  GPS원시방향:358.4
14:32:25  가속도:5.22,3.77,1.11
14:32:25  자이로:53.8,29.6,-13.0
14:32:25  자력계:3.300,-3.150,21.750
14:32:25  충격값:10.47
14:32:25  충격피크:10.47
14:32:25  마지막충격발생값:111.97
14:32:25  마지막충격발생ms:136944
14:32:25  송신:2960
14:32:25  지팡이수신:2639
14:32:25  GPS위성:8
14:32:25  GPS_HDOP:1.23
14:32:25  원시위도:37.496555
14:32:25  원시경도:126.957981
14:32:25  GPS채택:1385
14:32:25  GPS이상치거부:24
14:32:25  GPS품질거부:2
14:32:25  GPS재기준:0
14:32:25  계산거리:22.76
14:32:25  접근속도:0.83
14:32:25  TTC:999.00
14:32:25  방향오차:-5.9
14:32:25  전방여부:0
14:32:25  위험음성횟수:13
14:32:25  충격음성횟수:1
14:32:25  마지막위험음성:2
14:32:25  RSSI원시:-70
14:32:25  RSSI평활:-70.1
14:32:25  RSSI샘플:2639
14:32:25  RSSI경과ms:100
14:32:25  RSSI구간:2
14:32:25  RSSI거리:5.78
14:32:25  상대보정:1
14:32:25  상대보정중:0
14:32:25  보정동쪽:12.63
14:32:25  보정북쪽:-31.94
14:32:25  위험송신:0
14:32:25  시각ms:311581
14:32:25  IMU시각ms:311580
14:32:25  위험:0
14:32:25  원시위험:0
14:32:25  GPS유효:1
14:32:25  위도:37.496557
14:32:25  경도:126.957981
14:32:25  속도:0.80
14:32:25  방향:359.2
14:32:25  이동방향유효:1
14:32:25  GPS이동방향:359.2
14:32:25  차체방향유효:1
14:32:25  차체방향:180.7
14:32:25  후진판정:1
14:32:25  IMU요회전속도:0.00
14:32:25  방향가속도크기:25.74
14:32:25  방향자이로크기:57.36
14:32:25  방향자세cos:0.6323
14:32:25  자기모델잔차:25.75
14:32:25  자기모델반경:0.871
14:32:25  방향채택:2
14:32:25  방향거부:35654
14:32:25  GPS원시속도:0.767
14:32:25  GPS원시방향유효:1
14:32:25  GPS원시방향:358.4
14:32:25  가속도:-3.76,16.96,18.99
14:32:25  자이로:-57.2,4.5,-1.9
14:32:25  자력계:0.150,0.900,19.650
14:32:25  충격값:18.63
14:32:25  충격피크:18.63
14:32:25  마지막충격발생값:111.97
14:32:25  마지막충격발생ms:136944
14:32:25  송신:2961
14:32:25  지팡이수신:2640
14:32:25  GPS위성:8
14:32:25  GPS_HDOP:1.23
14:32:25  원시위도:37.496555
14:32:25  원시경도:126.957981
14:32:25  GPS채택:1385
14:32:25  GPS이상치거부:24
14:32:25  GPS품질거부:2
14:32:25  GPS재기준:0
14:32:25  계산거리:22.34
14:32:25  접근속도:0.76
14:32:25  TTC:999.00
14:32:25  방향오차:-5.6
14:32:25  전방여부:0
14:32:25  위험음성횟수:13
14:32:25  충격음성횟수:1
14:32:25  마지막위험음성:2
14:32:25  RSSI원시:-68
14:32:25  RSSI평활:-69.7
14:32:25  RSSI샘플:2640
14:32:25  RSSI경과ms:84
14:32:25  RSSI구간:2
14:32:25  RSSI거리:5.55
14:32:25  상대보정:1
14:32:25  상대보정중:0
14:32:25  보정동쪽:12.63
14:32:25  보정북쪽:-31.94
14:32:25  위험송신:0
14:32:25  시각ms:311682
14:32:25  IMU시각ms:311681
14:32:25  위험:0
14:32:25  원시위험:0
14:32:25  GPS유효:1
14:32:25  위도:37.496558
14:32:25  경도:126.957981
14:32:25  속도:0.85
14:32:25  방향:359.3
14:32:25  이동방향유효:1
14:32:25  GPS이동방향:359.3
14:32:25  차체방향유효:1
14:32:25  차체방향:180.7
14:32:25  후진판정:1
14:32:25  IMU요회전속도:0.00
14:32:25  방향가속도크기:10.31
14:32:25  방향자이로크기:19.74
14:32:25  방향자세cos:0.2951
14:32:25  자기모델잔차:23.72
14:32:25  자기모델반경:0.909
14:32:25  방향채택:2
14:32:25  방향거부:35666
14:32:25  GPS원시속도:0.905
14:32:25  GPS원시방향유효:1
14:32:25  GPS원시방향:359.6
14:32:25  가속도:2.89,-9.21,3.64
14:32:25  자이로:17.3,9.0,-3.2
14:32:25  자력계:-1.500,-0.300,16.500
14:32:25  충격값:12.94
14:32:25  충격피크:81.30
14:32:25  마지막충격발생값:111.97
14:32:25  마지막충격발생ms:136944
14:32:25  송신:2962
14:32:25  지팡이수신:2641
14:32:25  GPS위성:8
14:32:25  GPS_HDOP:1.23
14:32:25  원시위도:37.496558
14:32:25  원시경도:126.957981
14:32:25  GPS채택:1386
14:32:25  GPS이상치거부:24
14:32:25  GPS품질거부:2
14:32:25  GPS재기준:0
14:32:25  계산거리:21.85
14:32:25  접근속도:0.79
14:32:25  TTC:999.00
14:32:25  방향오차:-4.2
14:32:25  전방여부:0
14:32:25  위험음성횟수:13
14:32:25  충격음성횟수:1
14:32:25  마지막위험음성:2
14:32:25  RSSI원시:-64
14:32:25  RSSI평활:-68.6
14:32:25  RSSI샘플:2641
14:32:25  RSSI경과ms:87
14:32:25  RSSI구간:2
14:32:25  RSSI거리:4.98
14:32:25  상대보정:1
14:32:25  상대보정중:0
14:32:25  보정동쪽:12.63
14:32:25  보정북쪽:-31.94
14:32:25  위험송신:0
14:32:25  시각ms:311782
14:32:25  IMU시각ms:311781
14:32:25  위험:0
14:32:25  원시위험:0
14:32:25  GPS유효:1
14:32:25  위도:37.496559
14:32:25  경도:126.957981
14:32:25  속도:0.85
14:32:25  방향:359.3
14:32:25  이동방향유효:1
14:32:25  GPS이동방향:359.3
14:32:25  차체방향유효:1
14:32:25  차체방향:181.0
14:32:25  후진판정:1
14:32:25  IMU요회전속도:5.48
14:32:25  방향가속도크기:16.38
14:32:25  방향자이로크기:39.18
14:32:25  방향자세cos:0.6573
14:32:25  자기모델잔차:23.72
14:32:25  자기모델반경:0.909
14:32:25  방향채택:2
14:32:25  방향거부:35678
14:32:25  GPS원시속도:0.905
14:32:25  GPS원시방향유효:1
14:32:25  GPS원시방향:359.6
14:32:25  가속도:-8.64,6.10,12.51
14:32:25  자이로:36.9,10.3,-8.1
14:32:25  자력계:-0.900,-1.650,13.200
14:32:25  충격값:10.02
14:32:25  충격피크:44.86
14:32:25  마지막충격발생값:111.97
14:32:25  마지막충격발생ms:136944
14:32:25  송신:2963
14:32:25  지팡이수신:2642
14:32:25  GPS위성:8
14:32:25  GPS_HDOP:1.23
14:32:25  원시위도:37.496558
14:32:25  원시경도:126.957981
14:32:25  GPS채택:1386
14:32:25  GPS이상치거부:24
14:32:25  GPS품질거부:2
14:32:25  GPS재기준:0
14:32:25  계산거리:21.85
14:32:25  접근속도:0.79
14:32:25  TTC:999.00
14:32:25  방향오차:-4.2
14:32:25  전방여부:0
14:32:25  위험음성횟수:13
14:32:25  충격음성횟수:1
14:32:25  마지막위험음성:2
14:32:25  RSSI원시:-64
14:32:25  RSSI평활:-67.7
14:32:25  RSSI샘플:2642
14:32:25  RSSI경과ms:83
14:32:25  RSSI구간:2
14:32:25  RSSI거리:4.56
14:32:25  상대보정:1
14:32:25  상대보정중:0
14:32:25  보정동쪽:12.63
14:32:25  보정북쪽:-31.94
14:32:25  위험송신:0
14:32:25  시각ms:312089
14:32:25  IMU시각ms:312088
14:32:25  위험:0
14:32:25  원시위험:0
14:32:25  GPS유효:1
14:32:25  위도:37.496563
14:32:25  경도:126.957980
14:32:25  속도:0.79
14:32:25  방향:0.1
14:32:25  이동방향유효:1
14:32:25  GPS이동방향:0.1
14:32:25  차체방향유효:1
14:32:25  차체방향:181.1
14:32:25  후진판정:1
14:32:25  IMU요회전속도:0.00
14:32:25  방향가속도크기:14.49
14:32:25  방향자이로크기:40.35
14:32:25  방향자세cos:0.3908
14:32:25  자기모델잔차:23.72
14:32:25  자기모델반경:0.909
14:32:25  방향채택:2
14:32:25  방향거부:35713
14:32:25  GPS원시속도:0.725
14:32:25  GPS원시방향유효:1
14:32:25  GPS원시방향:0.7
14:32:25  가속도:-0.78,1.38,14.40
14:32:25  자이로:39.1,-9.4,3.1
14:32:25  자력계:-0.450,-3.300,12.450
14:32:25  충격값:5.40
14:32:25  충격피크:24.07
14:32:25  마지막충격발생값:111.97
14:32:25  마지막충격발생ms:136944
14:32:25  송신:2966
14:32:25  지팡이수신:2645
14:32:25  GPS위성:9
14:32:25  GPS_HDOP:1.23
14:32:25  원시위도:37.496562
14:32:25  원시경도:126.957981
14:32:25  GPS채택:1388
14:32:25  GPS이상치거부:24
14:32:25  GPS품질거부:2
14:32:25  GPS재기준:0
14:32:25  계산거리:21.49
14:32:25  접근속도:0.75
14:32:25  TTC:999.00
14:32:25  방향오차:-6.8
14:32:25  전방여부:0
14:32:25  위험음성횟수:13
14:32:25  충격음성횟수:1
14:32:25  마지막위험음성:2
14:32:25  RSSI원시:-70
14:32:25  RSSI평활:-68.8
14:32:25  RSSI샘플:2645
14:32:25  RSSI경과ms:70
14:32:25  RSSI구간:2
14:32:25  RSSI거리:5.09
14:32:25  상대보정:1
14:32:25  상대보정중:0
14:32:25  보정동쪽:12.63
14:32:25  보정북쪽:-31.94
14:32:25  위험송신:0
14:32:25  시각ms:312190
14:32:25  IMU시각ms:312189
14:32:25  위험:0
14:32:25  원시위험:0
14:32:25  GPS유효:1
14:32:25  위도:37.496563
14:32:25  경도:126.957980
14:32:25  속도:0.79
14:32:25  방향:0.1
14:32:25  이동방향유효:1
14:32:25  GPS이동방향:0.1
14:32:25  차체방향유효:1
14:32:25  차체방향:181.1
14:32:25  후진판정:1
14:32:25  IMU요회전속도:-12.76
14:32:25  방향가속도크기:19.71
14:32:25  방향자이로크기:74.23
14:32:25  방향자세cos:0.9280
14:32:25  자기모델잔차:17.41
14:32:25  자기모델반경:0.810
14:32:25  방향채택:2
14:32:25  방향거부:35725
14:32:25  GPS원시속도:0.725
14:32:25  GPS원시방향유효:1
14:32:25  GPS원시방향:0.7
14:32:25  가속도:-2.90,2.80,19.30
14:32:25  자이로:46.1,57.2,10.4
14:32:25  자력계:-0.450,-4.050,13.950
14:32:25  충격값:10.53
14:32:25  충격피크:12.64
14:32:25  마지막충격발생값:111.97
14:32:25  마지막충격발생ms:136944
14:32:25  송신:2967
14:32:25  지팡이수신:2646
14:32:25  GPS위성:9
14:32:25  GPS_HDOP:1.23
14:32:25  원시위도:37.496562
14:32:25  원시경도:126.957981
14:32:25  GPS채택:1388
14:32:25  GPS이상치거부:24
14:32:25  GPS품질거부:2
14:32:25  GPS재기준:0
14:32:25  계산거리:21.49
14:32:25  접근속도:0.75
14:32:25  TTC:999.00
14:32:25  방향오차:-6.8
14:32:25  전방여부:0
14:32:25  위험음성횟수:13
14:32:25  충격음성횟수:1
14:32:25  마지막위험음성:2
14:32:25  RSSI원시:-75
14:32:25  RSSI평활:-70.0
14:32:25  RSSI샘플:2646
14:32:25  RSSI경과ms:71
14:32:25  RSSI구간:2
14:32:25  RSSI거리:5.73
14:32:25  상대보정:1
14:32:25  상대보정중:0
14:32:25  보정동쪽:12.63
14:32:25  보정북쪽:-31.94
14:32:25  위험송신:0
14:32:25  시각ms:312392
14:32:25  IMU시각ms:312391
14:32:25  위험:0
14:32:25  원시위험:0
14:32:25  GPS유효:1
14:32:25  위도:37.496565
14:32:25  경도:126.957980
14:32:25  속도:0.76
14:32:25  방향:358.8
14:32:25  이동방향유효:1
14:32:25  GPS이동방향:358.8
14:32:25  차체방향유효:1
14:32:25  차체방향:181.3
14:32:26  후진판정:1
14:32:26  IMU요회전속도:1.20
14:32:26  방향가속도크기:14.47
14:32:26  방향자이로크기:5.68
14:32:26  방향자세cos:0.9913
14:32:26  자기모델잔차:16.98
14:32:26  자기모델반경:0.751
14:32:26  방향채택:2
14:32:26  방향거부:35749
14:32:26  GPS원시속도:0.736
14:32:26  GPS원시방향유효:1
14:32:26  GPS원시방향:356.3
14:32:26  가속도:-4.88,-2.71,13.35
14:32:26  자이로:-2.7,-1.8,-4.7
14:32:26  자력계:-0.450,-6.000,10.950
14:32:26  충격값:6.94
14:32:26  충격피크:17.82
14:32:26  마지막충격발생값:111.97
14:32:26  마지막충격발생ms:136944
14:32:26  송신:2969
14:32:26  지팡이수신:2648
14:32:26  GPS위성:7
14:32:26  GPS_HDOP:1.23
14:32:26  원시위도:37.496564
14:32:26  원시경도:126.957980
14:32:26  GPS채택:1389
14:32:26  GPS이상치거부:24
14:32:26  GPS품질거부:2
14:32:26  GPS재기준:0
14:32:26  계산거리:21.49
14:32:26  접근속도:0.76
14:32:26  TTC:999.00
14:32:26  방향오차:-5.5
14:32:26  전방여부:0
14:32:26  위험음성횟수:13
14:32:26  충격음성횟수:1
14:32:26  마지막위험음성:2
14:32:26  RSSI원시:-60
14:32:26  RSSI평활:-67.4
14:32:26  RSSI샘플:2648
14:32:26  RSSI경과ms:59
14:32:26  RSSI구간:2
14:32:26  RSSI거리:4.45
14:32:26  상대보정:1
14:32:26  상대보정중:0
14:32:26  보정동쪽:12.63
14:32:26  보정북쪽:-31.94
14:32:26  위험송신:0
14:32:26  시각ms:312493
14:32:26  IMU시각ms:312492
14:32:26  위험:0
14:32:26  원시위험:0
14:32:26  GPS유효:1
14:32:26  위도:37.496567
14:32:26  경도:126.957980
14:32:26  속도:0.79
14:32:26  방향:358.3
14:32:26  이동방향유효:1
14:32:26  GPS이동방향:358.3
14:32:26  차체방향유효:1
14:32:26  차체방향:181.2
14:32:26  후진판정:1
14:32:26  IMU요회전속도:-2.74
14:32:26  방향가속도크기:12.06
14:32:26  방향자이로크기:37.91
14:32:26  방향자세cos:0.9945
14:32:26  자기모델잔차:16.98
14:32:26  자기모델반경:0.751
14:32:26  방향채택:2
14:32:26  방향거부:35761
14:32:26  GPS원시속도:0.823
14:32:26  GPS원시방향유효:1
14:32:26  GPS원시방향:357.3
14:32:26  가속도:-1.03,-0.57,12.00
14:32:26  자이로:-25.6,-27.1,7.2
14:32:26  자력계:1.500,-3.900,12.000
14:32:26  충격값:2.64
14:32:26  충격피크:25.84
14:32:26  마지막충격발생값:111.97
14:32:26  마지막충격발생ms:136944
14:32:26  송신:2970
14:32:26  지팡이수신:2649
14:32:26  GPS위성:8
14:32:26  GPS_HDOP:1.23
14:32:26  원시위도:37.496566
14:32:26  원시경도:126.957980
14:32:26  GPS채택:1390
14:32:26  GPS이상치거부:24
14:32:26  GPS품질거부:2
14:32:26  GPS재기준:0
14:32:26  계산거리:21.49
14:32:26  접근속도:0.79
14:32:26  TTC:999.00
14:32:26  방향오차:-5.0
14:32:26  전방여부:0
14:32:26  위험음성횟수:13
14:32:26  충격음성횟수:1
14:32:26  마지막위험음성:2
14:32:26  RSSI원시:-58
14:32:26  RSSI평활:-65.5
14:32:26  RSSI샘플:2649
14:32:26  RSSI경과ms:54
14:32:26  RSSI구간:2
14:32:26  RSSI거리:3.72
14:32:26  상대보정:1
14:32:26  상대보정중:0
14:32:26  보정동쪽:12.63
14:32:26  보정북쪽:-31.94
14:32:26  위험송신:0
14:32:26  시각ms:312695
14:32:26  IMU시각ms:312694
14:32:26  위험:0
14:32:26  원시위험:0
14:32:26  GPS유효:1
14:32:26  위도:37.496569
14:32:26  경도:126.957980
14:32:26  속도:0.81
14:32:26  방향:358.3
14:32:26  이동방향유효:1
14:32:26  GPS이동방향:358.3
14:32:26  차체방향유효:1
14:32:26  차체방향:175.6
14:32:26  후진판정:1
14:32:26  IMU요회전속도:-9.10
14:32:26  방향가속도크기:16.11
14:32:26  방향자이로크기:72.79
14:32:26  방향자세cos:0.8399
14:32:26  자기모델잔차:16.98
14:32:26  자기모델반경:0.751
14:32:26  방향채택:2
14:32:26  방향거부:35785
14:32:26  GPS원시속도:0.818
14:32:26  GPS원시방향유효:1
14:32:26  GPS원시방향:358.5
14:32:26  가속도:6.36,-14.20,4.19
14:32:26  자이로:-69.6,-19.2,9.5
14:32:26  자력계:2.400,-2.850,11.400
14:32:26  충격값:17.76
14:32:26  충격피크:39.63
14:32:26  마지막충격발생값:111.97
14:32:26  마지막충격발생ms:136944
14:32:26  송신:2972
14:32:26  지팡이수신:2651
14:32:26  GPS위성:8
14:32:26  GPS_HDOP:1.23
14:32:26  원시위도:37.496568
14:32:26  원시경도:126.957980
14:32:26  GPS채택:1391
14:32:26  GPS이상치거부:24
14:32:26  GPS품질거부:2
14:32:26  GPS재기준:0
14:32:26  계산거리:21.49
14:32:26  접근속도:0.77
14:32:26  TTC:999.00
14:32:26  방향오차:-5.1
14:32:26  전방여부:0
14:32:26  위험음성횟수:13
14:32:26  충격음성횟수:1
14:32:26  마지막위험음성:2
14:32:26  RSSI원시:-64
14:32:26  RSSI평활:-65.3
14:32:26  RSSI샘플:2651
14:32:26  RSSI경과ms:48
14:32:26  RSSI구간:2
14:32:26  RSSI거리:3.64
14:32:26  상대보정:1
14:32:26  상대보정중:0
14:32:26  보정동쪽:12.63
14:32:26  보정북쪽:-31.94
14:32:26  위험송신:0
14:32:26  시각ms:313001
14:32:26  IMU시각ms:313000
14:32:26  위험:0
14:32:26  원시위험:0
14:32:26  GPS유효:1
14:32:26  위도:37.496572
14:32:26  경도:126.957980
14:32:26  속도:0.89
14:32:26  방향:0.2
14:32:26  이동방향유효:1
14:32:26  GPS이동방향:0.2
14:32:26  차체방향유효:1
14:32:26  차체방향:173.2
14:32:26  후진판정:1
14:32:26  IMU요회전속도:-32.75
14:32:26  방향가속도크기:9.08
14:32:26  방향자이로크기:52.04
14:32:26  방향자세cos:0.9966
14:32:26  자기모델잔차:16.03
14:32:26  자기모델반경:0.796
14:32:26  방향채택:2
14:32:26  방향거부:35820
14:32:26  GPS원시속도:0.931
14:32:26  GPS원시방향유효:1
14:32:26  GPS원시방향:1.0
14:32:26  가속도:-1.87,2.16,8.61
14:32:26  자이로:32.9,16.1,36.9
14:32:26  자력계:3.900,-1.650,10.950
14:32:26  충격값:2.21
14:32:26  충격피크:14.18
14:32:26  마지막충격발생값:111.97
14:32:26  마지막충격발생ms:136944
14:32:26  송신:2975
14:32:26  지팡이수신:2654
14:32:26  GPS위성:7
14:32:26  GPS_HDOP:1.23
14:32:26  원시위도:37.496572
14:32:26  원시경도:126.957980
14:32:26  GPS채택:1393
14:32:26  GPS이상치거부:24
14:32:26  GPS품질거부:2
14:32:26  GPS재기준:0
14:32:26  계산거리:21.07
14:32:26  접근속도:0.85
14:32:26  TTC:999.00
14:32:26  방향오차:-6.7
14:32:26  전방여부:0
14:32:26  위험음성횟수:13
14:32:26  충격음성횟수:1
14:32:26  마지막위험음성:2
14:32:26  RSSI원시:-63
14:32:26  RSSI평활:-64.3
14:32:26  RSSI샘플:2654
14:32:26  RSSI경과ms:38
14:32:26  RSSI구간:2
14:32:26  RSSI거리:3.33
14:32:26  상대보정:1
14:32:26  상대보정중:0
14:32:26  보정동쪽:12.63
14:32:26  보정북쪽:-31.94
14:32:26  위험송신:0
14:32:26  시각ms:313101
14:32:26  IMU시각ms:313100
14:32:26  위험:0
14:32:26  원시위험:0
14:32:26  GPS유효:1
14:32:26  위도:37.496573
14:32:26  경도:126.957980
14:32:26  속도:0.89
14:32:26  방향:0.2
14:32:26  이동방향유효:1
14:32:26  GPS이동방향:0.2
14:32:26  차체방향유효:1
14:32:26  차체방향:169.9
14:32:26  후진판정:1
14:32:26  IMU요회전속도:-25.90
14:32:26  방향가속도크기:5.89
14:32:26  방향자이로크기:30.38
14:32:26  방향자세cos:0.8772
14:32:26  자기모델잔차:16.03
14:32:26  자기모델반경:0.796
14:32:26  방향채택:2
14:32:26  방향거부:35832
14:32:26  GPS원시속도:0.931
14:32:26  GPS원시방향유효:1
14:32:26  GPS원시방향:1.0
14:32:26  가속도:1.41,0.41,5.71
14:32:26  자이로:8.6,0.9,29.1
14:32:26  자력계:6.000,-0.300,10.500
14:32:26  충격값:4.73
14:32:26  충격피크:12.28
14:32:26  마지막충격발생값:111.97
14:32:26  마지막충격발생ms:136944
14:32:26  송신:2976
14:32:26  지팡이수신:2655
14:32:26  GPS위성:7
14:32:26  GPS_HDOP:1.23
14:32:26  원시위도:37.496572
14:32:26  원시경도:126.957980
14:32:26  GPS채택:1393
14:32:26  GPS이상치거부:24
14:32:26  GPS품질거부:2
14:32:26  GPS재기준:0
14:32:26  계산거리:20.65
14:32:26  접근속도:0.89
14:32:26  TTC:999.00
14:32:26  방향오차:-7.2
14:32:26  전방여부:0
14:32:26  위험음성횟수:13
14:32:26  충격음성횟수:1
14:32:26  마지막위험음성:2
14:32:26  RSSI원시:-65
14:32:26  RSSI평활:-64.5
14:32:26  RSSI샘플:2655
14:32:26  RSSI경과ms:33
14:32:26  RSSI구간:2
14:32:26  RSSI거리:3.37
14:32:26  상대보정:1
14:32:26  상대보정중:0
14:32:26  보정동쪽:12.63
14:32:26  보정북쪽:-31.94
14:32:26  위험송신:0
14:32:26  시각ms:313305
14:32:26  IMU시각ms:313304
14:32:26  위험:0
14:32:26  원시위험:0
14:32:26  GPS유효:1
14:32:26  위도:37.496575
14:32:26  경도:126.957980
14:32:26  속도:0.89
14:32:26  방향:0.3
14:32:26  이동방향유효:1
14:32:26  GPS이동방향:0.3
14:32:26  차체방향유효:1
14:32:26  차체방향:171.1
14:32:26  후진판정:1
14:32:26  IMU요회전속도:-9.53
14:32:26  방향가속도크기:20.96
14:32:26  방향자이로크기:31.07
14:32:26  방향자세cos:0.7418
14:32:26  자기모델잔차:16.98
14:32:26  자기모델반경:0.818
14:32:26  방향채택:2
14:32:26  방향거부:35855
14:32:26  GPS원시속도:0.895
14:32:26  GPS원시방향유효:1
14:32:26  GPS원시방향:0.3
14:32:26  가속도:-6.57,-4.13,19.46
14:32:26  자이로:-21.1,-19.5,11.9
14:32:26  자력계:5.700,0.300,11.550
14:32:26  충격값:12.01
14:32:26  충격피크:12.01
14:32:26  마지막충격발생값:111.97
14:32:26  마지막충격발생ms:136944
14:32:26  송신:2978
14:32:26  지팡이수신:2657
14:32:26  GPS위성:7
14:32:26  GPS_HDOP:1.23
14:32:26  원시위도:37.496574
14:32:26  원시경도:126.957980
14:32:26  GPS채택:1394
14:32:26  GPS이상치거부:24
14:32:26  GPS품질거부:2
14:32:26  GPS재기준:0
14:32:26  계산거리:20.65
14:32:26  접근속도:0.89
14:32:26  TTC:999.00
14:32:26  방향오차:-7.3
14:32:26  전방여부:0
14:32:26  위험음성횟수:13
14:32:26  충격음성횟수:1
14:32:26  마지막위험음성:2
14:32:26  RSSI원시:-67
14:32:26  RSSI평활:-65.7
14:32:26  RSSI샘플:2657
14:32:26  RSSI경과ms:26
14:32:26  RSSI구간:3
14:32:26  RSSI거리:3.79
14:32:26  상대보정:1
14:32:26  상대보정중:0
14:32:26  보정동쪽:12.63
14:32:26  보정북쪽:-31.94
14:32:26  위험송신:0
14:32:26  시각ms:313405
14:32:26  IMU시각ms:313404
14:32:26  위험:0
14:32:26  원시위험:0
14:32:26  GPS유효:1
14:32:26  위도:37.496576
14:32:26  경도:126.957980
14:32:26  속도:0.92
14:32:26  방향:359.4
14:32:26  이동방향유효:1
14:32:26  GPS이동방향:359.4
14:32:26  차체방향유효:1
14:32:26  차체방향:172.0
14:32:26  후진판정:1
14:32:26  IMU요회전속도:5.96
14:32:26  방향가속도크기:14.41
14:32:26  방향자이로크기:23.55
14:32:26  방향자세cos:0.9729
14:32:26  자기모델잔차:18.37
14:32:26  자기모델반경:0.828
14:32:26  방향채택:2
14:32:26  방향거부:35867
14:32:26  GPS원시속도:0.936
14:32:26  GPS원시방향유효:1
14:32:26  GPS원시방향:357.7
14:32:26  가속도:3.56,1.99,13.82
14:32:26  자이로:-5.6,19.5,-11.9
14:32:26  자력계:3.750,0.300,11.550
14:32:26  충격값:5.17
14:32:26  충격피크:20.75
14:32:26  마지막충격발생값:111.97
14:32:26  마지막충격발생ms:136944
14:32:26  송신:2979
14:32:26  지팡이수신:2658
14:32:26  GPS위성:7
14:32:26  GPS_HDOP:1.23
14:32:26  원시위도:37.496576
14:32:26  원시경도:126.957979
14:32:26  GPS채택:1395
14:32:26  GPS이상치거부:24
14:32:26  GPS품질거부:2
14:32:26  GPS재기준:0
14:32:26  계산거리:20.65
14:32:26  접근속도:0.89
14:32:26  TTC:999.00
14:32:26  방향오차:-7.3
14:32:26  전방여부:0
14:32:26  위험음성횟수:13
14:32:26  충격음성횟수:1
14:32:26  마지막위험음성:2
14:32:26  RSSI원시:-69
14:32:26  RSSI평활:-66.4
14:32:26  RSSI샘플:2658
14:32:26  RSSI경과ms:18
14:32:26  RSSI구간:3
14:32:26  RSSI거리:4.03
14:32:26  상대보정:1
14:32:26  상대보정중:0
14:32:26  보정동쪽:12.63
14:32:26  보정북쪽:-31.94
14:32:26  위험송신:0
14:32:27  시각ms:313618
14:32:27  IMU시각ms:313605
14:32:27  위험:0
14:32:27  원시위험:0
14:32:27  GPS유효:1
14:32:27  위도:37.496578
14:32:27  경도:126.957979
14:32:27  속도:0.84
14:32:27  방향:358.9
14:32:27  이동방향유효:1
14:32:27  GPS이동방향:358.9
14:32:27  차체방향유효:1
14:32:27  차체방향:173.3
14:32:27  후진판정:1
14:32:27  IMU요회전속도:8.90
14:32:27  방향가속도크기:14.33
14:32:27  방향자이로크기:49.44
14:32:27  방향자세cos:0.9649
14:32:27  자기모델잔차:17.04
14:32:27  자기모델반경:0.854
14:32:27  방향채택:2
14:32:27  방향거부:35891
14:32:27  GPS원시속도:0.756
14:32:27  GPS원시방향유효:1
14:32:27  GPS원시방향:358.2
14:32:27  가속도:5.83,-0.27,13.09
14:32:27  자이로:47.6,6.2,-11.7
14:32:27  자력계:5.100,0.150,12.150
14:32:27  충격값:6.89
14:32:27  충격피크:16.08
14:32:27  마지막충격발생값:111.97
14:32:27  마지막충격발생ms:136944
14:32:27  송신:2981
14:32:27  지팡이수신:2660
14:32:27  GPS위성:7
14:32:27  GPS_HDOP:1.23
14:32:27  원시위도:37.496578
14:32:27  원시경도:126.957979
14:32:27  GPS채택:1396
14:32:27  GPS이상치거부:24
14:32:27  GPS품질거부:2
14:32:27  GPS재기준:0
14:32:27  계산거리:20.65
14:32:27  접근속도:0.83
14:32:27  TTC:999.00
14:32:27  방향오차:-6.0
14:32:27  전방여부:0
14:32:27  위험음성횟수:13
14:32:27  충격음성횟수:1
14:32:27  마지막위험음성:2
14:32:27  RSSI원시:-68
14:32:27  RSSI평활:-66.3
14:32:27  RSSI샘플:2660
14:32:27  RSSI경과ms:18
14:32:27  RSSI구간:3
14:32:27  RSSI거리:4.01
14:32:27  상대보정:1
14:32:27  상대보정중:0
14:32:27  보정동쪽:12.63
14:32:27  보정북쪽:-31.94
14:32:27  위험송신:0
14:32:27  시각ms:313721
14:32:27  IMU시각ms:313708
14:32:27  위험:0
14:32:27  원시위험:0
14:32:27  GPS유효:1
14:32:27  위도:37.496579
14:32:27  경도:126.957979
14:32:27  속도:0.84
14:32:27  방향:358.9
14:32:27  이동방향유효:1
14:32:27  GPS이동방향:358.9
14:32:27  차체방향유효:1
14:32:27  차체방향:173.6
14:32:27  후진판정:1
14:32:27  IMU요회전속도:0.00
14:32:27  방향가속도크기:5.86
14:32:27  방향자이로크기:34.90
14:32:27  방향자세cos:0.9448
14:32:27  자기모델잔차:17.04
14:32:27  자기모델반경:0.854
14:32:27  방향채택:2
14:32:27  방향거부:35902
14:32:27  GPS원시속도:0.756
14:32:27  GPS원시방향유효:1
14:32:27  GPS원시방향:358.2
14:32:27  가속도:-5.64,1.34,0.86
14:32:27  자이로:11.6,32.5,-5.2
14:32:27  자력계:4.650,0.450,11.400
14:32:27  충격값:10.68
14:32:27  충격피크:15.25
14:32:27  마지막충격발생값:111.97
14:32:27  마지막충격발생ms:136944
14:32:27  송신:2982
14:32:27  지팡이수신:2661
14:32:27  GPS위성:7
14:32:27  GPS_HDOP:1.23
14:32:27  원시위도:37.496578
14:32:27  원시경도:126.957979
14:32:27  GPS채택:1396
14:32:27  GPS이상치거부:24
14:32:27  GPS품질거부:2
14:32:27  GPS재기준:0
14:32:27  계산거리:20.65
14:32:27  접근속도:0.83
14:32:27  TTC:999.00
14:32:27  방향오차:-6.0
14:32:27  전방여부:0
14:32:27  위험음성횟수:13
14:32:27  충격음성횟수:1
14:32:27  마지막위험음성:2
14:32:27  RSSI원시:-65
14:32:27  RSSI평활:-66.0
14:32:27  RSSI샘플:2661
14:32:27  RSSI경과ms:19
14:32:27  RSSI구간:3
14:32:27  RSSI거리:3.92
14:32:27  상대보정:1
14:32:27  상대보정중:0
14:32:27  보정동쪽:12.63
14:32:27  보정북쪽:-31.94
14:32:27  위험송신:0
14:32:27  시각ms:313824
14:32:27  IMU시각ms:313811
14:32:27  위험:0
14:32:27  원시위험:0
14:32:27  GPS유효:1
14:32:27  위도:37.496580
14:32:27  경도:126.957979
14:32:27  속도:0.85
14:32:27  방향:356.3
14:32:27  이동방향유효:1
14:32:27  GPS이동방향:356.3
14:32:27  차체방향유효:1
14:32:27  차체방향:174.1
14:32:27  후진판정:1
14:32:27  IMU요회전속도:5.34
14:32:27  방향가속도크기:4.24
14:32:27  방향자이로크기:24.07
14:32:27  방향자세cos:0.7295
14:32:27  자기모델잔차:17.04
14:32:27  자기모델반경:0.854
14:32:27  방향채택:2
14:32:27  방향거부:35913
14:32:27  GPS원시속도:0.859
14:32:27  GPS원시방향유효:1
14:32:27  GPS원시방향:351.4
14:32:27  가속도:3.28,0.89,2.54
14:32:27  자이로:-7.6,-21.9,-6.5
14:32:27  자력계:3.900,-0.450,12.900
14:32:27  충격값:8.46
14:32:27  충격피크:14.12
14:32:27  마지막충격발생값:111.97
14:32:27  마지막충격발생ms:136944
14:32:27  송신:2983
14:32:27  지팡이수신:2662
14:32:27  GPS위성:7
14:32:27  GPS_HDOP:1.23
14:32:27  원시위도:37.496580
14:32:27  원시경도:126.957978
14:32:27  GPS채택:1397
14:32:27  GPS이상치거부:24
14:32:27  GPS품질거부:2
14:32:27  GPS재기준:0
14:32:27  계산거리:20.65
14:32:27  접근속도:0.85
14:32:27  TTC:999.00
14:32:27  방향오차:-3.3
14:32:27  전방여부:0
14:32:27  위험음성횟수:13
14:32:27  충격음성횟수:1
14:32:27  마지막위험음성:2
14:32:27  RSSI원시:-60
14:32:27  RSSI평활:-64.8
14:32:27  RSSI샘플:2662
14:32:27  RSSI경과ms:19
14:32:27  RSSI구간:3
14:32:27  RSSI거리:3.49
14:32:27  상대보정:1
14:32:27  상대보정중:0
14:32:27  보정동쪽:12.63
14:32:27  보정북쪽:-31.94
14:32:27  위험송신:0
14:32:27  시각ms:313928
14:32:27  IMU시각ms:313915
14:32:27  위험:0
14:32:27  원시위험:0
14:32:27  GPS유효:1
14:32:27  위도:37.496581
14:32:27  경도:126.957979
14:32:27  속도:0.85
14:32:27  방향:356.3
14:32:27  이동방향유효:1
14:32:27  GPS이동방향:356.3
14:32:27  차체방향유효:1
14:32:27  차체방향:173.8
14:32:27  후진판정:1
14:32:27  IMU요회전속도:-13.08
14:32:27  방향가속도크기:9.83
14:32:27  방향자이로크기:23.40
14:32:27  방향자세cos:0.6829
14:32:27  자기모델잔차:17.04
14:32:27  자기모델반경:0.854
14:32:27  방향채택:2
14:32:27  방향거부:35924
14:32:27  GPS원시속도:0.859
14:32:27  GPS원시방향유효:1
14:32:27  GPS원시방향:351.4
14:32:27  가속도:5.77,4.16,6.79
14:32:27  자이로:17.5,1.8,15.4
14:32:27  자력계:5.850,-0.900,12.450
14:32:27  충격값:7.21
14:32:27  충격피크:12.09
14:32:27  마지막충격발생값:111.97
14:32:27  마지막충격발생ms:136944
14:32:27  송신:2984
14:32:27  지팡이수신:2663
14:32:27  GPS위성:7
14:32:27  GPS_HDOP:1.23
14:32:27  원시위도:37.496580
14:32:27  원시경도:126.957978
14:32:27  GPS채택:1397
14:32:27  GPS이상치거부:24
14:32:27  GPS품질거부:2
14:32:27  GPS재기준:0
14:32:27  계산거리:20.23
14:32:27  접근속도:0.85
14:32:27  TTC:999.00
14:32:27  방향오차:-3.5
14:32:27  전방여부:0
14:32:27  위험음성횟수:13
14:32:27  충격음성횟수:1
14:32:27  마지막위험음성:2
14:32:27  RSSI원시:-62
14:32:27  RSSI평활:-64.3
14:32:27  RSSI샘플:2663
14:32:27  RSSI경과ms:18
14:32:27  RSSI구간:3
14:32:27  RSSI거리:3.31
14:32:27  상대보정:1
14:32:27  상대보정중:0
14:32:27  보정동쪽:12.63
14:32:27  보정북쪽:-31.94
14:32:27  위험송신:0
14:32:27  시각ms:314036
14:32:27  IMU시각ms:314023
14:32:27  위험:0
14:32:27  원시위험:0
14:32:27  GPS유효:1
14:32:27  위도:37.496581
14:32:27  경도:126.957979
14:32:27  속도:0.87
14:32:27  방향:354.6
14:32:27  이동방향유효:1
14:32:27  GPS이동방향:354.6
14:32:27  차체방향유효:1
14:32:27  차체방향:170.6
14:32:27  후진판정:1
14:32:27  IMU요회전속도:-34.00
14:32:27  방향가속도크기:7.75
14:32:27  방향자이로크기:37.70
14:32:27  방향자세cos:0.9757
14:32:27  자기모델잔차:17.58
14:32:27  자기모델반경:0.864
14:32:27  방향채택:2
14:32:27  방향거부:35934
14:32:27  GPS원시속도:0.890
14:32:27  GPS원시방향유효:1
14:32:27  GPS원시방향:351.5
14:32:27  가속도:-1.58,1.54,7.43
14:32:27  자이로:-4.3,-4.8,37.1
14:32:27  자력계:5.250,1.050,12.000
14:32:27  충격값:2.70
14:32:27  충격피크:8.09
14:32:27  마지막충격발생값:111.97
14:32:27  마지막충격발생ms:136944
14:32:27  송신:2985
14:32:27  지팡이수신:2664
14:32:27  GPS위성:7
14:32:27  GPS_HDOP:1.23
14:32:27  원시위도:37.496581
14:32:27  원시경도:126.957978
14:32:27  GPS채택:1398
14:32:27  GPS이상치거부:24
14:32:27  GPS품질거부:2
14:32:27  GPS재기준:0
14:32:27  계산거리:20.23
14:32:27  접근속도:0.87
14:32:27  TTC:999.00
14:32:27  방향오차:-1.8
14:32:27  전방여부:0
14:32:27  위험음성횟수:13
14:32:27  충격음성횟수:1
14:32:27  마지막위험음성:2
14:32:27  RSSI원시:-67
14:32:27  RSSI평활:-64.8
14:32:27  RSSI샘플:2664
14:32:27  RSSI경과ms:16
14:32:27  RSSI구간:3
14:32:27  RSSI거리:3.48
14:32:27  상대보정:1
14:32:27  상대보정중:0
14:32:27  보정동쪽:12.63
14:32:27  보정북쪽:-31.94
14:32:27  위험송신:0
14:32:27  시각ms:314128
14:32:27  IMU시각ms:314127
14:32:27  위험:0
14:32:27  원시위험:0
14:32:27  GPS유효:1
14:32:27  위도:37.496582
14:32:27  경도:126.957978
14:32:27  속도:0.87
14:32:27  방향:354.6
14:32:27  이동방향유효:1
14:32:27  GPS이동방향:354.6
14:32:27  차체방향유효:1
14:32:27  차체방향:167.5
14:32:27  후진판정:1
14:32:27  IMU요회전속도:-28.33
14:32:27  방향가속도크기:12.26
14:32:27  방향자이로크기:44.74
14:32:27  방향자세cos:0.9837
14:32:27  자기모델잔차:17.95
14:32:27  자기모델반경:0.907
14:32:27  방향채택:2
14:32:27  방향거부:35945
14:32:27  GPS원시속도:0.890
14:32:27  GPS원시방향유효:1
14:32:27  GPS원시방향:351.5
14:32:27  가속도:-2.75,0.61,11.93
14:32:27  자이로:13.5,32.0,28.2
14:32:27  자력계:7.350,2.850,12.150
14:32:27  충격값:3.27
14:32:27  충격피크:6.89
14:32:27  마지막충격발생값:111.97
14:32:27  마지막충격발생ms:136944
14:32:27  송신:2986
14:32:27  지팡이수신:2664
14:32:27  GPS위성:7
14:32:27  GPS_HDOP:1.23
14:32:27  원시위도:37.496581
14:32:27  원시경도:126.957978
14:32:27  GPS채택:1398
14:32:27  GPS이상치거부:24
14:32:27  GPS품질거부:2
14:32:27  GPS재기준:0
14:32:27  계산거리:20.23
14:32:27  접근속도:0.87
14:32:27  TTC:999.00
14:32:27  방향오차:-1.8
14:32:27  전방여부:0
14:32:27  위험음성횟수:13
14:32:27  충격음성횟수:1
14:32:27  마지막위험음성:2
14:32:27  RSSI원시:-67
14:32:27  RSSI평활:-64.8
14:32:27  RSSI샘플:2664
14:32:27  RSSI경과ms:108
14:32:27  RSSI구간:3
14:32:27  RSSI거리:3.48
14:32:27  상대보정:1
14:32:27  상대보정중:0
14:32:27  보정동쪽:12.63
14:32:27  보정북쪽:-31.94
14:32:27  위험송신:0
14:32:27  시각ms:314241
14:32:27  IMU시각ms:314228
14:32:27  위험:0
14:32:27  원시위험:0
14:32:27  GPS유효:1
14:32:27  위도:37.496583
14:32:27  경도:126.957978
14:32:27  속도:0.85
14:32:27  방향:353.8
14:32:27  이동방향유효:1
14:32:27  GPS이동방향:353.8
14:32:27  차체방향유효:1
14:32:27  차체방향:166.6
14:32:27  후진판정:1
14:32:27  IMU요회전속도:0.00
14:32:27  방향가속도크기:13.01
14:32:27  방향자이로크기:12.44
14:32:27  방향자세cos:0.9791
14:32:27  자기모델잔차:16.86
14:32:27  자기모델반경:0.929
14:32:27  방향채택:2
14:32:27  방향거부:35957
14:32:27  GPS원시속도:0.823
14:32:27  GPS원시방향유효:1
14:32:27  GPS원시방향:352.4
14:32:27  가속도:1.53,4.21,12.21
14:32:27  자이로:-11.3,3.7,-3.6
14:32:27  자력계:7.500,2.700,13.500
14:32:27  충격값:4.43
14:32:27  충격피크:10.15
14:32:27  마지막충격발생값:111.97
14:32:27  마지막충격발생ms:136944
14:32:27  송신:2987
14:32:27  지팡이수신:2666
14:32:27  GPS위성:7
14:32:27  GPS_HDOP:1.23
14:32:27  원시위도:37.496583
14:32:27  원시경도:126.957978
14:32:27  GPS채택:1399
14:32:27  GPS이상치거부:24
14:32:27  GPS품질거부:2
14:32:27  GPS재기준:0
14:32:27  계산거리:19.81
14:32:27  접근속도:0.99
14:32:27  TTC:999.00
14:32:27  방향오차:-1.2
14:32:27  전방여부:0
14:32:27  위험음성횟수:13
14:32:27  충격음성횟수:1
14:32:27  마지막위험음성:2
14:32:27  RSSI원시:-73
14:32:27  RSSI평활:-67.8
14:32:27  RSSI샘플:2666
14:32:27  RSSI경과ms:14
14:32:27  RSSI구간:3
14:32:27  RSSI거리:4.61
14:32:27  상대보정:1
14:32:27  상대보정중:0
14:32:27  보정동쪽:12.63
14:32:27  보정북쪽:-31.94
14:32:27  위험송신:0
14:32:27  시각ms:314334
14:32:27  IMU시각ms:314332
14:32:27  위험:0
14:32:27  원시위험:0
14:32:27  GPS유효:1
14:32:27  위도:37.496584
14:32:27  경도:126.957978
14:32:27  속도:0.85
14:32:27  방향:353.8
14:32:27  이동방향유효:1
14:32:27  GPS이동방향:353.8
14:32:27  차체방향유효:1
14:32:27  차체방향:166.5
14:32:27  후진판정:1
14:32:27  IMU요회전속도:0.00
14:32:27  방향가속도크기:13.39
14:32:27  방향자이로크기:19.16
14:32:27  방향자세cos:0.9948
14:32:27  자기모델잔차:18.18
14:32:27  자기모델반경:0.921
14:32:27  방향채택:2
14:32:27  방향거부:35968
14:32:27  GPS원시속도:0.823
14:32:27  GPS원시방향유효:1
14:32:27  GPS원시방향:352.4
14:32:27  가속도:-0.60,4.83,12.48
14:32:27  자이로:-15.9,10.1,-3.5
14:32:27  자력계:8.700,3.450,12.000
14:32:27  충격값:4.58
14:32:27  충격피크:9.76
14:32:27  마지막충격발생값:111.97
14:32:27  마지막충격발생ms:136944
14:32:27  송신:2988
14:32:27  지팡이수신:2667
14:32:27  GPS위성:7
14:32:27  GPS_HDOP:1.23
14:32:27  원시위도:37.496583
14:32:27  원시경도:126.957978
14:32:27  GPS채택:1399
14:32:27  GPS이상치거부:24
14:32:27  GPS품질거부:2
14:32:27  GPS재기준:0
14:32:27  계산거리:19.81
14:32:27  접근속도:0.99
14:32:27  TTC:999.00
14:32:27  방향오차:-1.2
14:32:27  전방여부:0
14:32:27  위험음성횟수:13
14:32:27  충격음성횟수:1
14:32:27  마지막위험음성:2
14:32:27  RSSI원시:-65
14:32:27  RSSI평활:-67.2
14:32:27  RSSI샘플:2667
14:32:27  RSSI경과ms:1
14:32:27  RSSI구간:3
14:32:27  RSSI거리:4.61
14:32:27  상대보정:1
14:32:27  상대보정중:0
14:32:27  보정동쪽:12.63
14:32:27  보정북쪽:-31.94
14:32:27  위험송신:0
14:32:27  시각ms:314453
14:32:27  IMU시각ms:314440
14:32:27  위험:0
14:32:27  원시위험:0
14:32:27  GPS유효:1
14:32:27  위도:37.496585
14:32:27  경도:126.957978
14:32:27  속도:0.83
14:32:27  방향:353.2
14:32:27  이동방향유효:1
14:32:27  GPS이동방향:353.2
14:32:27  차체방향유효:1
14:32:27  차체방향:168.4
14:32:27  후진판정:1
14:32:27  IMU요회전속도:28.23
14:32:27  방향가속도크기:8.67
14:32:27  방향자이로크기:32.63
14:32:27  방향자세cos:0.9880
14:32:27  자기모델잔차:18.48
14:32:27  자기모델반경:0.882
14:32:27  방향채택:2
14:32:27  방향거부:35981
14:32:27  GPS원시속도:0.818
14:32:27  GPS원시방향유효:1
14:32:27  GPS원시방향:352.0
14:32:27  가속도:-1.16,1.51,8.46
14:32:27  자이로:5.9,1.7,-32.0
14:32:27  자력계:8.400,2.250,12.750
14:32:27  충격값:1.92
14:32:27  충격피크:11.08
14:32:27  마지막충격발생값:111.97
14:32:27  마지막충격발생ms:136944
14:32:27  송신:2989
14:32:27  지팡이수신:2668
14:32:27  GPS위성:7
14:32:27  GPS_HDOP:1.23
14:32:27  원시위도:37.496584
14:32:27  원시경도:126.957978
14:32:27  GPS채택:1400
14:32:27  GPS이상치거부:24
14:32:27  GPS품질거부:2
14:32:27  GPS재기준:0
14:32:27  계산거리:19.39
14:32:27  접근속도:0.97
14:32:27  TTC:999.00
14:32:27  방향오차:-0.7
14:32:27  전방여부:0
14:32:27  위험음성횟수:13
14:32:27  충격음성횟수:1
14:32:27  마지막위험음성:2
14:32:27  RSSI원시:-72
14:32:27  RSSI평활:-68.2
14:32:27  RSSI샘플:2668
14:32:27  RSSI경과ms:15
14:32:27  RSSI구간:3
14:32:27  RSSI거리:4.79
14:32:27  상대보정:1
14:32:27  상대보정중:0
14:32:27  보정동쪽:12.63
14:32:27  보정북쪽:-31.94
14:32:27  위험송신:0
14:32:28  시각ms:314544
14:32:28  IMU시각ms:314543
14:32:28  위험:0
14:32:28  원시위험:0
14:32:28  GPS유효:1
14:32:28  위도:37.496586
14:32:28  경도:126.957978
14:32:28  속도:0.83
14:32:28  방향:353.2
14:32:28  이동방향유효:1
14:32:28  GPS이동방향:353.2
14:32:28  차체방향유효:1
14:32:28  차체방향:172.2
14:32:28  후진판정:1
14:32:28  IMU요회전속도:48.23
14:32:28  방향가속도크기:4.63
14:32:28  방향자이로크기:52.62
14:32:28  방향자세cos:0.9432
14:32:28  자기모델잔차:18.48
14:32:28  자기모델반경:0.882
14:32:28  방향채택:2
14:32:28  방향거부:35992
14:32:28  GPS원시속도:0.818
14:32:28  GPS원시방향유효:1
14:32:28  GPS원시방향:352.0
14:32:28  가속도:-0.80,-3.56,2.86
14:32:28  자이로:-6.6,-10.7,-51.1
14:32:28  자력계:7.350,3.300,12.450
14:32:28  충격값:8.14
14:32:28  충격피크:9.29
14:32:28  마지막충격발생값:111.97
14:32:28  마지막충격발생ms:136944
14:32:28  송신:2990
14:32:28  지팡이수신:2668
14:32:28  GPS위성:7
14:32:28  GPS_HDOP:1.23
14:32:28  원시위도:37.496584
14:32:28  원시경도:126.957978
14:32:28  GPS채택:1400
14:32:28  GPS이상치거부:24
14:32:28  GPS품질거부:2
14:32:28  GPS재기준:0
14:32:28  계산거리:19.39
14:32:28  접근속도:0.97
14:32:28  TTC:999.00
14:32:28  방향오차:-0.7
14:32:28  전방여부:0
14:32:28  위험음성횟수:13
14:32:28  충격음성횟수:1
14:32:28  마지막위험음성:2
14:32:28  RSSI원시:-72
14:32:28  RSSI평활:-68.2
14:32:28  RSSI샘플:2668
14:32:28  RSSI경과ms:106
14:32:28  RSSI구간:3
14:32:28  RSSI거리:4.79
14:32:28  상대보정:1
14:32:28  상대보정중:0
14:32:28  보정동쪽:12.63
14:32:28  보정북쪽:-31.94
14:32:28  위험송신:0
14:32:28  시각ms:314645
14:32:28  IMU시각ms:314644
14:32:28  위험:0
14:32:28  원시위험:0
14:32:28  GPS유효:1
14:32:28  위도:37.496586
14:32:28  경도:126.957977
14:32:28  속도:0.76
14:32:28  방향:352.6
14:32:28  이동방향유효:1
14:32:28  GPS이동방향:352.6
14:32:28  차체방향유효:1
14:32:28  차체방향:176.3
14:32:28  후진판정:1
14:32:28  IMU요회전속도:40.69
14:32:28  방향가속도크기:7.93
14:32:28  방향자이로크기:48.93
14:32:28  방향자세cos:0.9620
14:32:28  자기모델잔차:17.81
14:32:28  자기모델반경:0.870
14:32:28  방향채택:2
14:32:28  방향거부:36004
14:32:28  GPS원시속도:0.694
14:32:28  GPS원시방향유효:1
14:32:28  GPS원시방향:351.6
14:32:28  가속도:-2.73,-1.48,7.30
14:32:28  자이로:5.0,16.9,-45.6
14:32:28  자력계:5.250,1.050,12.300
14:32:28  충격값:4.50
14:32:28  충격피크:10.31
14:32:28  마지막충격발생값:111.97
14:32:28  마지막충격발생ms:136944
14:32:28  송신:2991
14:32:28  지팡이수신:2669
14:32:28  GPS위성:8
14:32:28  GPS_HDOP:1.23
14:32:28  원시위도:37.496585
14:32:28  원시경도:126.957977
14:32:28  GPS채택:1401
14:32:28  GPS이상치거부:24
14:32:28  GPS품질거부:2
14:32:28  GPS재기준:0
14:32:28  계산거리:19.39
14:32:28  접근속도:0.97
14:32:28  TTC:999.00
14:32:28  방향오차:-0.7
14:32:28  전방여부:0
14:32:28  위험음성횟수:13
14:32:28  충격음성횟수:1
14:32:28  마지막위험음성:2
14:32:28  RSSI원시:-62
14:32:28  RSSI평활:-66.9
14:32:28  RSSI샘플:2669
14:32:28  RSSI경과ms:96
14:32:28  RSSI구간:3
14:32:28  RSSI거리:4.26
14:32:28  상대보정:1
14:32:28  상대보정중:0
14:32:28  보정동쪽:12.63
14:32:28  보정북쪽:-31.94
14:32:28  위험송신:0
14:32:28  시각ms:314847
14:32:28  IMU시각ms:314846
14:32:28  위험:0
14:32:28  원시위험:0
14:32:28  GPS유효:1
14:32:28  위도:37.496587
14:32:28  경도:126.957977
14:32:28  속도:0.74
14:32:28  방향:350.7
14:32:28  이동방향유효:1
14:32:28  GPS이동방향:350.7
14:32:28  차체방향유효:1
14:32:28  차체방향:178.4
14:32:28  후진판정:1
14:32:28  IMU요회전속도:3.35
14:32:28  방향가속도크기:10.70
14:32:28  방향자이로크기:28.65
14:32:28  방향자세cos:0.9970
14:32:28  자기모델잔차:19.72
14:32:28  자기모델반경:0.822
14:32:28  방향채택:2
14:32:28  방향거부:36028
14:32:28  GPS원시속도:0.720
14:32:28  GPS원시방향유효:1
14:32:28  GPS원시방향:347.0
14:32:28  가속도:0.34,0.64,10.68
14:32:28  자이로:-3.5,-28.0,-4.7
14:32:28  자력계:2.400,-0.900,14.400
14:32:28  충격값:0.92
14:32:28  충격피크:12.06
14:32:28  마지막충격발생값:111.97
14:32:28  마지막충격발생ms:136944
14:32:28  송신:2993
14:32:28  지팡이수신:2671
14:32:28  GPS위성:8
14:32:28  GPS_HDOP:1.23
14:32:28  원시위도:37.496587
14:32:28  원시경도:126.957977
14:32:28  GPS채택:1402
14:32:28  GPS이상치거부:24
14:32:28  GPS품질거부:2
14:32:28  GPS재기준:0
14:32:28  계산거리:18.97
14:32:28  접근속도:0.88
14:32:28  TTC:999.00
14:32:28  방향오차:-0.3
14:32:28  전방여부:0
14:32:28  위험음성횟수:13
14:32:28  충격음성횟수:1
14:32:28  마지막위험음성:2
14:32:28  RSSI원시:-60
14:32:28  RSSI평활:-64.1
14:32:28  RSSI샘플:2671
14:32:28  RSSI경과ms:87
14:32:28  RSSI구간:3
14:32:28  RSSI거리:3.26
14:32:28  상대보정:1
14:32:28  상대보정중:0
14:32:28  보정동쪽:12.63
14:32:28  보정북쪽:-31.94
14:32:28  위험송신:0
14:32:28  시각ms:314962
14:32:28  IMU시각ms:314938
14:32:28  위험:0
14:32:28  원시위험:0
14:32:28  GPS유효:1
14:32:28  위도:37.496588
14:32:28  경도:126.957977
14:32:28  속도:0.74
14:32:28  방향:350.7
14:32:28  이동방향유효:1
14:32:28  GPS이동방향:350.7
14:32:28  차체방향유효:1
14:32:28  차체방향:178.7
14:32:28  후진판정:1
14:32:28  IMU요회전속도:0.00
14:32:28  방향가속도크기:8.04
14:32:28  방향자이로크기:31.48
14:32:28  방향자세cos:0.7712
14:32:28  자기모델잔차:18.61
14:32:28  자기모델반경:0.876
14:32:28  방향채택:2
14:32:28  방향거부:36039
14:32:28  GPS원시속도:0.720
14:32:28  GPS원시방향유효:1
14:32:28  GPS원시방향:347.0
14:32:28  가속도:-0.75,-4.78,6.42
14:32:28  자이로:31.2,-4.3,0.7
14:32:28  자력계:3.300,1.050,13.050
14:32:28  충격값:6.39
14:32:28  충격피크:13.85
14:32:28  마지막충격발생값:111.97
14:32:28  마지막충격발생ms:136944
14:32:28  송신:2994
14:32:28  지팡이수신:2672
14:32:28  GPS위성:8
14:32:28  GPS_HDOP:1.23
14:32:28  원시위도:37.496587
14:32:28  원시경도:126.957977
14:32:28  GPS채택:1402
14:32:28  GPS이상치거부:24
14:32:28  GPS품질거부:2
14:32:28  GPS재기준:0
14:32:28  계산거리:18.97
14:32:28  접근속도:0.74
14:32:28  TTC:999.00
14:32:28  방향오차:1.7
14:32:28  전방여부:0
14:32:28  위험음성횟수:13
14:32:28  충격음성횟수:1
14:32:28  마지막위험음성:2
14:32:28  RSSI원시:-61
14:32:28  RSSI평활:-63.5
14:32:28  RSSI샘플:2672
14:32:28  RSSI경과ms:102
14:32:28  RSSI구간:3
14:32:28  RSSI거리:3.07
14:32:28  상대보정:1
14:32:28  상대보정중:0
14:32:28  보정동쪽:12.63
14:32:28  보정북쪽:-31.94
14:32:28  위험송신:0
14:32:28  시각ms:315056
14:32:28  IMU시각ms:315055
14:32:28  위험:0
14:32:28  원시위험:0
14:32:28  GPS유효:1
14:32:28  위도:37.496588
14:32:28  경도:126.957977
14:32:28  속도:0.71
14:32:28  방향:350.4
14:32:28  이동방향유효:1
14:32:28  GPS이동방향:350.4
14:32:28  차체방향유효:1
14:32:28  차체방향:177.7
14:32:28  후진판정:1
14:32:28  IMU요회전속도:0.00
14:32:28  방향가속도크기:7.33
14:32:28  방향자이로크기:5.09
14:32:28  방향자세cos:0.9798
14:32:28  자기모델잔차:17.40
14:32:28  자기모델반경:0.850
14:32:28  방향채택:2
14:32:28  방향거부:36050
14:32:28  GPS원시속도:0.679
14:32:28  GPS원시방향유효:1
14:32:28  GPS원시방향:349.9
14:32:28  가속도:-0.60,-1.08,7.22
14:32:28  자이로:2.4,4.5,-0.1
14:32:28  자력계:2.250,-0.300,12.000
14:32:28  충격값:2.97
14:32:28  충격피크:8.01
14:32:28  마지막충격발생값:111.97
14:32:28  마지막충격발생ms:136944
14:32:28  송신:2995
14:32:28  지팡이수신:2673
14:32:28  GPS위성:9
14:32:28  GPS_HDOP:1.23
14:32:28  원시위도:37.496588
14:32:28  원시경도:126.957977
14:32:28  GPS채택:1403
14:32:28  GPS이상치거부:24
14:32:28  GPS품질거부:2
14:32:28  GPS재기준:0
14:32:28  계산거리:18.55
14:32:28  접근속도:0.74
14:32:28  TTC:999.00
14:32:28  방향오차:1.5
14:32:28  전방여부:0
14:32:28  위험음성횟수:13
14:32:28  충격음성횟수:1
14:32:28  마지막위험음성:2
14:32:28  RSSI원시:-57
14:32:28  RSSI평활:-62.2
14:32:28  RSSI샘플:2673
14:32:28  RSSI경과ms:91
14:32:28  RSSI구간:3
14:32:28  RSSI거리:2.71
14:32:28  상대보정:1
14:32:28  상대보정중:0
14:32:28  보정동쪽:12.63
14:32:28  보정북쪽:-31.94
14:32:28  위험송신:0
14:32:28  시각ms:315156
14:32:28  IMU시각ms:315155
14:32:28  위험:0
14:32:28  원시위험:0
14:32:28  GPS유효:1
14:32:28  위도:37.496589
14:32:28  경도:126.957977
14:32:28  속도:0.71
14:32:28  방향:350.4
14:32:28  이동방향유효:1
14:32:28  GPS이동방향:350.4
14:32:28  차체방향유효:1
14:32:28  차체방향:177.7
14:32:28  후진판정:1
14:32:28  IMU요회전속도:0.00
14:32:28  방향가속도크기:9.33
14:32:28  방향자이로크기:17.68
14:32:28  방향자세cos:0.9718
14:32:28  자기모델잔차:18.18
14:32:28  자기모델반경:0.853
14:32:28  방향채택:2
14:32:28  방향거부:36062
14:32:28  GPS원시속도:0.679
14:32:28  GPS원시방향유효:1
14:32:28  GPS원시방향:349.9
14:32:28  가속도:-2.40,-0.48,9.00
14:32:28  자이로:-17.5,2.5,0.3
14:32:28  자력계:2.550,0.000,12.750
14:32:28  충격값:1.67
14:32:28  충격피크:2.34
14:32:28  마지막충격발생값:111.97
14:32:28  마지막충격발생ms:136944
14:32:28  송신:2996
14:32:28  지팡이수신:2674
14:32:28  GPS위성:9
14:32:28  GPS_HDOP:1.23
14:32:28  원시위도:37.496588
14:32:28  원시경도:126.957977
14:32:28  GPS채택:1403
14:32:28  GPS이상치거부:24
14:32:28  GPS품질거부:2
14:32:28  GPS재기준:0
14:32:28  계산거리:18.24
14:32:28  접근속도:0.71
14:32:28  TTC:999.00
14:32:28  방향오차:-0.5
14:32:28  전방여부:0
14:32:28  위험음성횟수:13
14:32:28  충격음성횟수:1
14:32:28  마지막위험음성:2
14:32:28  RSSI원시:-62
14:32:28  RSSI평활:-62.2
14:32:28  RSSI샘플:2674
14:32:28  RSSI경과ms:85
14:32:28  RSSI구간:3
14:32:28  RSSI거리:2.70
14:32:28  상대보정:1
14:32:28  상대보정중:0
14:32:28  보정동쪽:12.63
14:32:28  보정북쪽:-31.94
14:32:28  위험송신:0
14:32:28  시각ms:315257
14:32:28  IMU시각ms:315256
14:32:28  위험:0
14:32:28  원시위험:0
14:32:28  GPS유효:1
14:32:28  위도:37.496589
14:32:28  경도:126.957977
14:32:28  속도:0.64
14:32:28  방향:352.4
14:32:28  이동방향유효:1
14:32:28  GPS이동방향:352.4
14:32:28  차체방향유효:1
14:32:28  차체방향:177.1
14:32:28  후진판정:1
14:32:28  IMU요회전속도:0.00
14:32:28  방향가속도크기:10.90
14:32:28  방향자이로크기:5.86
14:32:28  방향자세cos:0.9876
14:32:28  자기모델잔차:19.85
14:32:28  자기모델반경:0.815
14:32:28  방향채택:2
14:32:28  방향거부:36074
14:32:28  GPS원시속도:0.571
14:32:28  GPS원시방향유효:1
14:32:28  GPS원시방향:356.1
14:32:28  가속도:-1.91,-0.43,10.72
14:32:28  자이로:1.9,-4.9,2.7
14:32:28  자력계:2.550,-1.050,14.550
14:32:28  충격값:1.17
14:32:28  충격피크:2.28
14:32:28  마지막충격발생값:111.97
14:32:28  마지막충격발생ms:136944
14:32:28  송신:2997
14:32:28  지팡이수신:2675
14:32:28  GPS위성:9
14:32:28  GPS_HDOP:1.23
14:32:28  원시위도:37.496589
14:32:28  원시경도:126.957977
14:32:28  GPS채택:1404
14:32:28  GPS이상치거부:24
14:32:28  GPS품질거부:2
14:32:28  GPS재기준:0
14:32:28  계산거리:18.24
14:32:28  접근속도:0.71
14:32:28  TTC:999.00
14:32:28  방향오차:-0.5
14:32:28  전방여부:0
14:32:28  위험음성횟수:13
14:32:28  충격음성횟수:1
14:32:28  마지막위험음성:2
14:32:28  RSSI원시:-62
14:32:28  RSSI평활:-62.1
14:32:28  RSSI샘플:2675
14:32:28  RSSI경과ms:81
14:32:28  RSSI구간:3
14:32:28  RSSI거리:2.70
14:32:28  상대보정:1
14:32:28  상대보정중:0
14:32:28  보정동쪽:12.63
14:32:28  보정북쪽:-31.94
14:32:28  위험송신:0
14:32:28  시각ms:315459
14:32:28  IMU시각ms:315458
14:32:28  위험:0
14:32:28  원시위험:0
14:32:28  GPS유효:1
14:32:28  위도:37.496590
14:32:28  경도:126.957977
14:32:28  속도:0.42
14:32:28  방향:352.4
14:32:28  이동방향유효:1
14:32:28  GPS이동방향:352.4
14:32:28  차체방향유효:1
14:32:28  차체방향:177.1
14:32:28  후진판정:1
14:32:28  IMU요회전속도:0.00
14:32:28  방향가속도크기:9.68
14:32:28  방향자이로크기:1.00
14:32:28  방향자세cos:0.9998
14:32:28  자기모델잔차:19.33
14:32:28  자기모델반경:0.822
14:32:28  방향채택:2
14:32:28  방향거부:36098
14:32:28  GPS원시속도:0.206
14:32:28  GPS원시방향유효:1
14:32:28  GPS원시방향:356.1
14:32:28  가속도:-0.47,0.68,9.65
14:32:28  자이로:-0.0,0.1,-1.0
14:32:28  자력계:3.900,-0.450,13.950
14:32:28  충격값:0.52
14:32:28  충격피크:2.03
14:32:28  마지막충격발생값:111.97
14:32:28  마지막충격발생ms:136944
14:32:28  송신:2999
14:32:28  지팡이수신:2677
14:32:28  GPS위성:9
14:32:28  GPS_HDOP:1.23
14:32:28  원시위도:37.496589
14:32:28  원시경도:126.957977
14:32:28  GPS채택:1405
14:32:28  GPS이상치거부:24
14:32:28  GPS품질거부:2
14:32:28  GPS재기준:0
14:32:28  계산거리:18.24
14:32:28  접근속도:0.42
14:32:28  TTC:999.00
14:32:28  방향오차:-2.5
14:32:28  전방여부:0
14:32:28  위험음성횟수:13
14:32:28  충격음성횟수:1
14:32:28  마지막위험음성:2
14:32:28  RSSI원시:-60
14:32:28  RSSI평활:-61.7
14:32:28  RSSI샘플:2677
14:32:28  RSSI경과ms:72
14:32:28  RSSI구간:3
14:32:28  RSSI거리:2.58
14:32:28  상대보정:1
14:32:28  상대보정중:0
14:32:28  보정동쪽:12.63
14:32:28  보정북쪽:-31.94
14:32:28  위험송신:0
14:32:29  시각ms:315560
14:32:29  IMU시각ms:315559
14:32:29  위험:0
14:32:29  원시위험:0
14:32:29  GPS유효:1
14:32:29  위도:37.496590
14:32:29  경도:126.957977
14:32:29  속도:0.42
14:32:29  방향:352.4
14:32:29  이동방향유효:1
14:32:29  GPS이동방향:352.4
14:32:29  차체방향유효:1
14:32:29  차체방향:177.1
14:32:29  후진판정:1
14:32:29  IMU요회전속도:0.00
14:32:29  방향가속도크기:9.86
14:32:29  방향자이로크기:4.00
14:32:29  방향자세cos:0.9983
14:32:29  자기모델잔차:18.22
14:32:29  자기모델반경:0.865
14:32:29  방향채택:2
14:32:29  방향거부:36110
14:32:29  GPS원시속도:0.206
14:32:29  GPS원시방향유효:1
14:32:29  GPS원시방향:356.1
14:32:29  가속도:-0.29,1.04,9.80
14:32:29  자이로:3.1,1.5,2.0
14:32:29  자력계:2.250,0.300,12.750
14:32:29  충격값:0.75
14:32:29  충격피크:0.79
14:32:29  마지막충격발생값:111.97
14:32:29  마지막충격발생ms:136944
14:32:29  송신:3000
14:32:29  지팡이수신:2678
14:32:29  GPS위성:9
14:32:29  GPS_HDOP:1.23
14:32:29  원시위도:37.496589
14:32:29  원시경도:126.957977
14:32:29  GPS채택:1405
14:32:29  GPS이상치거부:24
14:32:29  GPS품질거부:2
14:32:29  GPS재기준:0
14:32:29  계산거리:18.24
14:32:29  접근속도:0.42
14:32:29  TTC:999.00
14:32:29  방향오차:-2.5
14:32:29  전방여부:0
14:32:29  위험음성횟수:13
14:32:29  충격음성횟수:1
14:32:29  마지막위험음성:2
14:32:29  RSSI원시:-60
14:32:29  RSSI평활:-61.3
14:32:29  RSSI샘플:2678
14:32:29  RSSI경과ms:67
14:32:29  RSSI구간:3
14:32:29  RSSI거리:2.50
14:32:29  상대보정:1
14:32:29  상대보정중:0
14:32:29  보정동쪽:12.63
14:32:29  보정북쪽:-31.94
14:32:29  위험송신:0
14:32:29  시각ms:315865
14:32:29  IMU시각ms:315864
14:32:29  위험:0
14:32:29  원시위험:0
14:32:29  GPS유효:1
14:32:29  위도:37.496590
14:32:29  경도:126.957977
14:32:29  속도:0.12
14:32:29  방향:352.4
14:32:29  이동방향유효:0
14:32:29  GPS이동방향:352.4
14:32:29  차체방향유효:1
14:32:29  차체방향:177.1
14:32:29  후진판정:1
14:32:29  IMU요회전속도:0.00
14:32:29  방향가속도크기:9.80
14:32:29  방향자이로크기:3.45
14:32:29  방향자세cos:0.9989
14:32:29  자기모델잔차:19.34
14:32:29  자기모델반경:0.818
14:32:29  방향채택:2
14:32:29  방향거부:36146
14:32:29  GPS원시속도:0.036
14:32:29  GPS원시방향유효:1
14:32:29  GPS원시방향:356.1
14:32:29  가속도:-0.58,0.92,9.73
14:32:29  자이로:2.6,-2.3,-0.0
14:32:29  자력계:4.350,-0.450,13.950
14:32:29  충격값:0.20
14:32:29  충격피크:0.39
14:32:29  마지막충격발생값:111.97
14:32:29  마지막충격발생ms:136944
14:32:29  송신:3003
14:32:29  지팡이수신:2681
14:32:29  GPS위성:9
14:32:29  GPS_HDOP:1.23
14:32:29  원시위도:37.496589
14:32:29  원시경도:126.957977
14:32:29  GPS채택:1407
14:32:29  GPS이상치거부:24
14:32:29  GPS품질거부:2
14:32:29  GPS재기준:0
14:32:29  계산거리:17.82
14:32:29  접근속도:0.00
14:32:29  TTC:999.00
14:32:29  방향오차:-2.7
14:32:29  전방여부:0
14:32:29  위험음성횟수:13
14:32:29  충격음성횟수:1
14:32:29  마지막위험음성:2
14:32:29  RSSI원시:-64
14:32:29  RSSI평활:-60.4
14:32:29  RSSI샘플:2681
14:32:29  RSSI경과ms:56
14:32:29  RSSI구간:3
14:32:29  RSSI거리:2.28
14:32:29  상대보정:1
14:32:29  상대보정중:0
14:32:29  보정동쪽:12.63
14:32:29  보정북쪽:-31.94
14:32:29  위험송신:0
14:32:29  시각ms:316069
14:32:29  IMU시각ms:316068
14:32:29  위험:0
14:32:29  원시위험:0
14:32:29  GPS유효:1
14:32:29  위도:37.496590
14:32:29  경도:126.957977
14:32:29  속도:0.08
14:32:29  방향:352.4
14:32:29  이동방향유효:0
14:32:29  GPS이동방향:352.4
14:32:29  차체방향유효:1
14:32:29  차체방향:177.1
14:32:29  후진판정:1
14:32:29  IMU요회전속도:0.00
14:32:29  방향가속도크기:9.82
14:32:29  방향자이로크기:2.45
14:32:29  방향자세cos:0.9994
14:32:29  자기모델잔차:19.86
14:32:29  자기모델반경:0.807
14:32:29  방향채택:2
14:32:29  방향거부:36169
14:32:29  GPS원시속도:0.036
14:32:29  GPS원시방향유효:1
14:32:29  GPS원시방향:356.1
14:32:29  가속도:-0.52,0.82,9.77
14:32:29  자이로:0.2,2.4,-0.7
14:32:29  자력계:3.300,-1.050,14.550
14:32:29  충격값:0.06
14:32:29  충격피크:0.29
14:32:29  마지막충격발생값:111.97
14:32:29  마지막충격발생ms:136944
14:32:29  송신:3005
14:32:29  지팡이수신:2682
14:32:29  GPS위성:9
14:32:29  GPS_HDOP:1.23
14:32:29  원시위도:37.496589
14:32:29  원시경도:126.957977
14:32:29  GPS채택:1408
14:32:29  GPS이상치거부:24
14:32:29  GPS품질거부:2
14:32:29  GPS재기준:0
14:32:29  계산거리:17.82
14:32:29  접근속도:0.00
14:32:29  TTC:999.00
14:32:29  방향오차:-2.7
14:32:29  전방여부:0
14:32:29  위험음성횟수:13
14:32:29  충격음성횟수:1
14:32:29  마지막위험음성:2
14:32:29  RSSI원시:-54
14:32:29  RSSI평활:-59.1
14:32:29  RSSI샘플:2682
14:32:29  RSSI경과ms:49
14:32:29  RSSI구간:3
14:32:29  RSSI거리:2.02
14:32:29  상대보정:1
14:32:29  상대보정중:0
14:32:29  보정동쪽:12.63
14:32:29  보정북쪽:-31.94
14:32:29  위험송신:0
14:32:29  시각ms:316170
14:32:29  IMU시각ms:316169
14:32:29  위험:0
14:32:29  원시위험:0
14:32:29  GPS유효:1
14:32:29  위도:37.496590
14:32:29  경도:126.957977
14:32:29  속도:0.08
14:32:29  방향:352.4
14:32:29  이동방향유효:0
14:32:29  GPS이동방향:352.4
14:32:29  차체방향유효:1
14:32:29  차체방향:177.1
14:32:29  후진판정:1
14:32:29  IMU요회전속도:0.00
14:32:29  방향가속도크기:9.80
14:32:29  방향자이로크기:5.48
14:32:29  방향자세cos:0.9995
14:32:29  자기모델잔차:17.56
14:32:29  자기모델반경:0.812
14:32:29  방향채택:2
14:32:29  방향거부:36181
14:32:29  GPS원시속도:0.036
14:32:29  GPS원시방향유효:1
14:32:29  GPS원시방향:356.1
14:32:29  가속도:-0.44,0.79,9.75
14:32:29  자이로:2.4,-4.7,-1.4
14:32:29  자력계:2.250,-1.500,12.300
14:32:29  충격값:0.09
14:32:29  충격피크:0.26
14:32:29  마지막충격발생값:111.97
14:32:29  마지막충격발생ms:136944
14:32:29  송신:3006
14:32:29  지팡이수신:2683
14:32:29  GPS위성:9
14:32:29  GPS_HDOP:1.23
14:32:29  원시위도:37.496589
14:32:29  원시경도:126.957977
14:32:29  GPS채택:1408
14:32:29  GPS이상치거부:24
14:32:29  GPS품질거부:2
14:32:29  GPS재기준:0
14:32:29  계산거리:17.82
14:32:29  접근속도:0.00
14:32:29  TTC:999.00
14:32:29  방향오차:-2.7
14:32:29  전방여부:0
14:32:29  위험음성횟수:13
14:32:29  충격음성횟수:1
14:32:29  마지막위험음성:2
14:32:29  RSSI원시:-52
14:32:29  RSSI평활:-57.7
14:32:29  RSSI샘플:2683
14:32:29  RSSI경과ms:41
14:32:29  RSSI구간:3
14:32:29  RSSI거리:1.77
14:32:29  상대보정:1
14:32:29  상대보정중:0
14:32:29  보정동쪽:12.63
14:32:29  보정북쪽:-31.94
14:32:29  위험송신:0
14:32:29  시각ms:316272
14:32:29  IMU시각ms:316271
14:32:29  위험:0
14:32:29  원시위험:0
14:32:29  GPS유효:1
14:32:29  위도:37.496590
14:32:29  경도:126.957977
14:32:29  속도:0.08
14:32:29  방향:352.4
14:32:29  이동방향유효:0
14:32:29  GPS이동방향:352.4
14:32:29  차체방향유효:1
14:32:29  차체방향:177.1
14:32:29  후진판정:1
14:32:29  IMU요회전속도:0.00
14:32:29  방향가속도크기:9.69
14:32:29  방향자이로크기:4.09
14:32:29  방향자세cos:0.9986
14:32:29  자기모델잔차:18.50
14:32:29  자기모델반경:0.877
14:32:29  방향채택:2
14:32:29  방향거부:36193
14:32:29  GPS원시속도:0.082
14:32:29  GPS원시방향유효:1
14:32:29  GPS원시방향:356.1
14:32:29  가속도:-0.54,0.98,9.63
14:32:29  자이로:3.4,-0.4,-2.2
14:32:29  자력계:4.350,1.350,12.900
14:32:29  충격값:0.17
14:32:29  충격피크:0.23
14:32:29  마지막충격발생값:111.97
14:32:29  마지막충격발생ms:136944
14:32:29  송신:3007
14:32:29  지팡이수신:2684
14:32:29  GPS위성:9
14:32:29  GPS_HDOP:1.23
14:32:29  원시위도:37.496589
14:32:29  원시경도:126.957977
14:32:29  GPS채택:1409
14:32:29  GPS이상치거부:24
14:32:29  GPS품질거부:2
14:32:29  GPS재기준:0
14:32:29  계산거리:17.82
14:32:29  접근속도:0.00
14:32:29  TTC:999.00
14:32:29  방향오차:-2.7
14:32:29  전방여부:0
14:32:29  위험음성횟수:13
14:32:29  충격음성횟수:1
14:32:29  마지막위험음성:2
14:32:29  RSSI원시:-53
14:32:29  RSSI평활:-56.7
14:32:29  RSSI샘플:2684
14:32:29  RSSI경과ms:34
14:32:29  RSSI구간:3
14:32:29  RSSI거리:1.62
14:32:29  상대보정:1
14:32:29  상대보정중:0
14:32:29  보정동쪽:12.63
14:32:29  보정북쪽:-31.94
14:32:29  위험송신:0
14:32:29  시각ms:316372
14:32:29  IMU시각ms:316371
14:32:29  위험:0
14:32:29  원시위험:0
14:32:29  GPS유효:1
14:32:29  위도:37.496590
14:32:29  경도:126.957977
14:32:29  속도:0.08
14:32:29  방향:352.4
14:32:29  이동방향유효:0
14:32:29  GPS이동방향:352.4
14:32:29  차체방향유효:1
14:32:29  차체방향:177.1
14:32:29  후진판정:1
14:32:29  IMU요회전속도:0.00
14:32:29  방향가속도크기:9.80
14:32:29  방향자이로크기:2.05
14:32:29  방향자세cos:0.9988
14:32:29  자기모델잔차:18.09
14:32:29  자기모델반경:0.888
14:32:29  방향채택:2
14:32:29  방향거부:36205
14:32:29  GPS원시속도:0.082
14:32:29  GPS원시방향유효:1
14:32:29  GPS원시방향:356.1
14:32:29  가속도:-0.47,0.95,9.74
14:32:29  자이로:2.0,0.4,0.1
14:32:29  자력계:4.350,1.650,12.450
14:32:29  충격값:0.10
14:32:29  충격피크:0.20
14:32:29  마지막충격발생값:111.97
14:32:29  마지막충격발생ms:136944
14:32:29  송신:3008
14:32:29  지팡이수신:2685
14:32:29  GPS위성:9
14:32:29  GPS_HDOP:1.23
14:32:29  원시위도:37.496589
14:32:29  원시경도:126.957977
14:32:29  GPS채택:1409
14:32:29  GPS이상치거부:24
14:32:29  GPS품질거부:2
14:32:29  GPS재기준:0
14:32:29  계산거리:17.82
14:32:29  접근속도:0.00
14:32:29  TTC:999.00
14:32:29  방향오차:-2.7
14:32:29  전방여부:0
14:32:29  위험음성횟수:13
14:32:29  충격음성횟수:1
14:32:29  마지막위험음성:2
14:32:29  RSSI원시:-59
14:32:29  RSSI평활:-57.2
14:32:29  RSSI샘플:2685
14:32:29  RSSI경과ms:31
14:32:29  RSSI구간:3
14:32:29  RSSI거리:1.69
14:32:29  상대보정:1
14:32:29  상대보정중:0
14:32:29  보정동쪽:12.63
14:32:29  보정북쪽:-31.94
14:32:29  위험송신:0
14:32:29  시각ms:316475
14:32:30  IMU시각ms:316474
14:32:30  위험:0
14:32:30  원시위험:0
14:32:30  GPS유효:1
14:32:30  위도:37.496590
14:32:30  경도:126.957977
14:32:30  속도:0.07
14:32:30  방향:352.4
14:32:30  이동방향유효:0
14:32:30  GPS이동방향:352.4
14:32:30  차체방향유효:1
14:32:30  차체방향:177.1
14:32:30  후진판정:1
14:32:30  IMU요회전속도:0.00
14:32:30  방향가속도크기:9.84
14:32:30  방향자이로크기:1.97
14:32:30  방향자세cos:0.9981
14:32:30  자기모델잔차:19.90
14:32:30  자기모델반경:0.801
14:32:30  방향채택:2
14:32:30  방향거부:36217
14:32:30  GPS원시속도:0.067
14:32:30  GPS원시방향유효:1
14:32:30  GPS원시방향:356.1
14:32:30  가속도:-0.47,1.09,9.77
14:32:30  자이로:1.6,-1.1,-0.5
14:32:30  자력계:4.950,-0.750,14.550
14:32:30  충격값:0.22
14:32:30  충격피크:0.22
14:32:30  마지막충격발생값:111.97
14:32:30  마지막충격발생ms:136944
14:32:30  송신:3009
14:32:30  지팡이수신:2686
14:32:30  GPS위성:9
14:32:30  GPS_HDOP:1.23
14:32:30  원시위도:37.496589
14:32:30  원시경도:126.957978
14:32:30  GPS채택:1410
14:32:30  GPS이상치거부:24
14:32:30  GPS품질거부:2
14:32:30  GPS재기준:0
14:32:30  계산거리:17.95
14:32:30  접근속도:0.00
14:32:30  TTC:999.00
14:32:30  방향오차:-4.8
14:32:30  전방여부:0
14:32:30  위험음성횟수:13
14:32:30  충격음성횟수:1
14:32:30  마지막위험음성:2
14:32:30  RSSI원시:-57
14:32:30  RSSI평활:-57.2
14:32:30  RSSI샘플:2686
14:32:30  RSSI경과ms:34
14:32:30  RSSI구간:3
14:32:30  RSSI거리:1.68
14:32:30  상대보정:1
14:32:30  상대보정중:0
14:32:30  보정동쪽:12.63
14:32:30  보정북쪽:-31.94
14:32:30  위험송신:0
14:32:30  시각ms:316675
14:32:30  IMU시각ms:316674
14:32:30  위험:0
14:32:30  원시위험:0
14:32:30  GPS유효:1
14:32:30  위도:37.496590
14:32:30  경도:126.957977
14:32:30  속도:0.06
14:32:30  방향:352.4
14:32:30  이동방향유효:0
14:32:30  GPS이동방향:352.4
14:32:30  차체방향유효:1
14:32:30  차체방향:177.1
14:32:30  후진판정:1
14:32:30  IMU요회전속도:0.00
14:32:30  방향가속도크기:9.82
14:32:30  방향자이로크기:2.78
14:32:30  방향자세cos:0.9991
14:32:30  자기모델잔차:18.46
14:32:30  자기모델반경:0.824
14:32:30  방향채택:2
14:32:30  방향거부:36241
14:32:30  GPS원시속도:0.041
14:32:30  GPS원시방향유효:1
14:32:30  GPS원시방향:356.1
14:32:30  가속도:-0.43,0.91,9.77
14:32:30  자이로:-0.2,-2.4,1.4
14:32:30  자력계:4.500,-0.300,13.050
14:32:30  충격값:0.06
14:32:30  충격피크:0.21
14:32:30  마지막충격발생값:111.97
14:32:30  마지막충격발생ms:136944
14:32:30  송신:3011
14:32:30  지팡이수신:2688
14:32:30  GPS위성:9
14:32:30  GPS_HDOP:1.23
14:32:30  원시위도:37.496589
14:32:30  원시경도:126.957978
14:32:30  GPS채택:1411
14:32:30  GPS이상치거부:24
14:32:30  GPS품질거부:2
14:32:30  GPS재기준:0
14:32:30  계산거리:17.95
14:32:30  접근속도:0.00
14:32:30  TTC:999.00
14:32:30  방향오차:-4.8
14:32:30  전방여부:0
14:32:30  위험음성횟수:13
14:32:30  충격음성횟수:1
14:32:30  마지막위험음성:2
14:32:30  RSSI원시:-57
14:32:30  RSSI평활:-57.1
14:32:30  RSSI샘플:2688
14:32:30  RSSI경과ms:22
14:32:30  RSSI구간:3
14:32:30  RSSI거리:1.67
14:32:30  상대보정:1
14:32:30  상대보정중:0
14:32:30  보정동쪽:12.63
14:32:30  보정북쪽:-31.94
14:32:30  위험송신:0
14:32:30  시각ms:316776
14:32:30  IMU시각ms:316775
14:32:30  위험:0
14:32:30  원시위험:0
14:32:30  GPS유효:1
14:32:30  위도:37.496590
14:32:30  경도:126.957977
14:32:30  속도:0.06
14:32:30  방향:352.4
14:32:30  이동방향유효:0
14:32:30  GPS이동방향:352.4
14:32:30  차체방향유효:1
14:32:30  차체방향:177.1
14:32:30  후진판정:1
14:32:30  IMU요회전속도:0.00
14:32:30  방향가속도크기:9.81
14:32:30  방향자이로크기:1.52
14:32:30  방향자세cos:0.9991
14:32:30  자기모델잔차:16.71
14:32:30  자기모델반경:0.836
14:32:30  방향채택:2
14:32:30  방향거부:36253
14:32:30  GPS원시속도:0.041
14:32:30  GPS원시방향유효:1
14:32:30  GPS원시방향:356.1
14:32:30  가속도:-0.48,0.90,9.75
14:32:30  자이로:-0.7,-1.1,-0.8
14:32:30  자력계:4.950,0.000,11.250
14:32:30  충격값:0.06
14:32:30  충격피크:0.19
14:32:30  마지막충격발생값:111.97
14:32:30  마지막충격발생ms:136944
14:32:30  송신:3012
14:32:30  지팡이수신:2689
14:32:30  GPS위성:9
14:32:30  GPS_HDOP:1.23
14:32:30  원시위도:37.496589
14:32:30  원시경도:126.957978
14:32:30  GPS채택:1411
14:32:30  GPS이상치거부:24
14:32:30  GPS품질거부:2
14:32:30  GPS재기준:0
14:32:30  계산거리:17.95
14:32:30  접근속도:0.00
14:32:30  TTC:999.00
14:32:30  방향오차:-4.8
14:32:30  전방여부:0
14:32:30  위험음성횟수:13
14:32:30  충격음성횟수:1
14:32:30  마지막위험음성:2
14:32:30  RSSI원시:-58
14:32:30  RSSI평활:-57.3
14:32:30  RSSI샘플:2689
14:32:30  RSSI경과ms:18
14:32:30  RSSI구간:3
14:32:30  RSSI거리:1.70
14:32:30  상대보정:1
14:32:30  상대보정중:0
14:32:30  보정동쪽:12.63
14:32:30  보정북쪽:-31.94
14:32:30  위험송신:0
14:32:30  시각ms:316878
14:32:30  IMU시각ms:316877
14:32:30  위험:0
14:32:30  원시위험:0
14:32:30  GPS유효:1
14:32:30  위도:37.496590
14:32:30  경도:126.957977
14:32:30  속도:0.05
14:32:30  방향:352.4
14:32:30  이동방향유효:0
14:32:30  GPS이동방향:352.4
14:32:30  차체방향유효:1
14:32:30  차체방향:177.1
14:32:30  후진판정:1
14:32:30  IMU요회전속도:0.00
14:32:30  방향가속도크기:9.73
14:32:30  방향자이로크기:3.78
14:32:30  방향자세cos:0.9989
14:32:30  자기모델잔차:16.35
14:32:30  자기모델반경:0.835
14:32:30  방향채택:2
14:32:30  방향거부:36265
14:32:30  GPS원시속도:0.036
14:32:30  GPS원시방향유효:1
14:32:30  GPS원시방향:356.1
14:32:30  가속도:-0.50,0.93,9.67
14:32:30  자이로:2.4,-2.8,0.7
14:32:30  자력계:3.600,-0.450,10.950
14:32:30  충격값:0.08
14:32:30  충격피크:0.21
14:32:30  마지막충격발생값:111.97
14:32:30  마지막충격발생ms:136944
14:32:30  송신:3013
14:32:30  지팡이수신:2690
14:32:30  GPS위성:9
14:32:30  GPS_HDOP:1.23
14:32:30  원시위도:37.496589
14:32:30  원시경도:126.957978
14:32:30  GPS채택:1412
14:32:30  GPS이상치거부:24
14:32:30  GPS품질거부:2
14:32:30  GPS재기준:0
14:32:30  계산거리:17.54
14:32:30  접근속도:0.00
14:32:30  TTC:999.00
14:32:30  방향오차:-5.1
14:32:30  전방여부:0
14:32:30  위험음성횟수:13
14:32:30  충격음성횟수:1
14:32:30  마지막위험음성:2
14:32:30  RSSI원시:-59
14:32:30  RSSI평활:-57.6
14:32:30  RSSI샘플:2690
14:32:30  RSSI경과ms:13
14:32:30  RSSI구간:3
14:32:30  RSSI거리:1.76
14:32:30  상대보정:1
14:32:30  상대보정중:0
14:32:30  보정동쪽:12.63
14:32:30  보정북쪽:-31.94
14:32:30  위험송신:0
14:32:30  시각ms:316997
14:32:30  IMU시각ms:316973
14:32:30  위험:0
14:32:30  원시위험:0
14:32:30  GPS유효:1
14:32:30  위도:37.496590
14:32:30  경도:126.957977
14:32:30  속도:0.05
14:32:30  방향:352.4
14:32:30  이동방향유효:0
14:32:30  GPS이동방향:352.4
14:32:30  차체방향유효:1
14:32:30  차체방향:177.1
14:32:30  후진판정:1
14:32:30  IMU요회전속도:0.00
14:32:30  방향가속도크기:9.85
14:32:30  방향자이로크기:5.67
14:32:30  방향자세cos:0.9995
14:32:30  자기모델잔차:20.14
14:32:30  자기모델반경:0.844
14:32:30  방향채택:2
14:32:30  방향거부:36275
14:32:30  GPS원시속도:0.036
14:32:30  GPS원시방향유효:1
14:32:30  GPS원시방향:356.1
14:32:30  가속도:-0.40,0.80,9.81
14:32:30  자이로:2.8,-4.8,1.1
14:32:30  자력계:3.150,0.150,14.700
14:32:30  충격값:0.14
14:32:30  충격피크:0.17
14:32:30  마지막충격발생값:111.97
14:32:30  마지막충격발생ms:136944
14:32:30  송신:3014
14:32:30  지팡이수신:2691
14:32:30  GPS위성:9
14:32:30  GPS_HDOP:1.23
14:32:30  원시위도:37.496589
14:32:30  원시경도:126.957978
14:32:30  GPS채택:1412
14:32:30  GPS이상치거부:24
14:32:30  GPS품질거부:2
14:32:30  GPS재기준:0
14:32:30  계산거리:17.54
14:32:30  접근속도:0.00
14:32:30  TTC:999.00
14:32:30  방향오차:-5.1
14:32:30  전방여부:0
14:32:30  위험음성횟수:13
14:32:30  충격음성횟수:1
14:32:30  마지막위험음성:2
14:32:30  RSSI원시:-58
14:32:30  RSSI평활:-57.7
14:32:30  RSSI샘플:2691
14:32:30  RSSI경과ms:26
14:32:30  RSSI구간:4
14:32:30  RSSI거리:1.77
14:32:30  상대보정:1
14:32:30  상대보정중:0
14:32:30  보정동쪽:12.63
14:32:30  보정북쪽:-31.94
14:32:30  위험송신:0
14:32:30  시각ms:317091
14:32:30  IMU시각ms:317090
14:32:30  위험:0
14:32:30  원시위험:0
14:32:30  GPS유효:1
14:32:30  위도:37.496590
14:32:30  경도:126.957977
14:32:30  속도:0.04
14:32:30  방향:352.4
14:32:30  이동방향유효:0
14:32:30  GPS이동방향:352.4
14:32:30  차체방향유효:1
14:32:30  차체방향:177.1
14:32:30  후진판정:1
14:32:30  IMU요회전속도:0.00
14:32:30  방향가속도크기:9.75
14:32:30  방향자이로크기:2.65
14:32:30  방향자세cos:0.9988
14:32:30  자기모델잔차:18.45
14:32:30  자기모델반경:0.835
14:32:30  방향채택:2
14:32:30  방향거부:36286
14:32:30  GPS원시속도:0.026
14:32:30  GPS원시방향유효:1
14:32:30  GPS원시방향:356.1
14:32:30  가속도:-0.48,0.95,9.69
14:32:30  자이로:-0.0,-1.2,2.4
14:32:30  자력계:3.300,-0.300,13.050
14:32:30  충격값:0.08
14:32:30  충격피크:0.20
14:32:30  마지막충격발생값:111.97
14:32:30  마지막충격발생ms:136944
14:32:30  송신:3015
14:32:30  지팡이수신:2692
14:32:30  GPS위성:9
14:32:30  GPS_HDOP:1.23
14:32:30  원시위도:37.496590
14:32:30  원시경도:126.957978
14:32:30  GPS채택:1413
14:32:30  GPS이상치거부:24
14:32:30  GPS품질거부:2
14:32:30  GPS재기준:0
14:32:30  계산거리:17.70
14:32:30  접근속도:0.00
14:32:30  TTC:999.00
14:32:30  방향오차:-7.3
14:32:30  전방여부:0
14:32:30  위험음성횟수:13
14:32:30  충격음성횟수:1
14:32:30  마지막위험음성:2
14:32:30  RSSI원시:-56
14:32:30  RSSI평활:-57.4
14:32:30  RSSI샘플:2692
14:32:30  RSSI경과ms:17
14:32:30  RSSI구간:4
14:32:30  RSSI거리:1.71
14:32:30  상대보정:1
14:32:30  상대보정중:0
14:32:30  보정동쪽:12.63
14:32:30  보정북쪽:-31.94
14:32:30  위험송신:0
14:32:30  시각ms:317296
14:32:30  IMU시각ms:317295
14:32:30  위험:0
14:32:30  원시위험:0
14:32:30  GPS유효:1
14:32:30  위도:37.496590
14:32:30  경도:126.957977
14:32:30  속도:0.03
14:32:30  방향:352.4
14:32:30  이동방향유효:0
14:32:30  GPS이동방향:352.4
14:32:30  차체방향유효:1
14:32:30  차체방향:177.1
14:32:30  후진판정:1
14:32:30  IMU요회전속도:0.00
14:32:30  방향가속도크기:9.81
14:32:30  방향자이로크기:3.12
14:32:30  방향자세cos:0.9985
14:32:30  자기모델잔차:18.58
14:32:30  자기모델반경:0.831
14:32:30  방향채택:2
14:32:30  방향거부:36309
14:32:30  GPS원시속도:0.015
14:32:30  GPS원시방향유효:1
14:32:30  GPS원시방향:356.1
14:32:30  가속도:-0.40,1.02,9.74
14:32:30  자이로:2.0,0.6,-2.3
14:32:30  자력계:3.150,-0.450,13.200
14:32:30  충격값:0.12
14:32:30  충격피크:0.16
14:32:30  마지막충격발생값:111.97
14:32:30  마지막충격발생ms:136944
14:32:30  송신:3017
14:32:30  지팡이수신:2694
14:32:30  GPS위성:8
14:32:30  GPS_HDOP:1.23
14:32:30  원시위도:37.496590
14:32:30  원시경도:126.957978
14:32:30  GPS채택:1414
14:32:30  GPS이상치거부:24
14:32:30  GPS품질거부:2
14:32:30  GPS재기준:0
14:32:30  계산거리:17.70
14:32:30  접근속도:0.00
14:32:30  TTC:999.00
14:32:30  방향오차:-7.3
14:32:30  전방여부:0
14:32:30  위험음성횟수:13
14:32:30  충격음성횟수:1
14:32:30  마지막위험음성:2
14:32:30  RSSI원시:-55
14:32:30  RSSI평활:-56.8
14:32:30  RSSI샘플:2694
14:32:30  RSSI경과ms:10
14:32:30  RSSI구간:4
14:32:30  RSSI거리:1.63
14:32:30  상대보정:1
14:32:30  상대보정중:0
14:32:30  보정동쪽:12.63
14:32:30  보정북쪽:-31.94
14:32:30  위험송신:0
14:32:30  시각ms:317408
14:32:30  IMU시각ms:317395
14:32:30  위험:0
14:32:30  원시위험:0
14:32:30  GPS유효:1
14:32:30  위도:37.496590
14:32:30  경도:126.957977
14:32:30  속도:0.04
14:32:30  방향:352.4
14:32:30  이동방향유효:0
14:32:30  GPS이동방향:352.4
14:32:30  차체방향유효:1
14:32:30  차체방향:177.1
14:32:30  후진판정:1
14:32:30  IMU요회전속도:0.00
14:32:30  방향가속도크기:9.64
14:32:30  방향자이로크기:1.95
14:32:30  방향자세cos:0.9987
14:32:30  자기모델잔차:18.40
14:32:30  자기모델반경:0.817
14:32:30  방향채택:2
14:32:30  방향거부:36321
14:32:30  GPS원시속도:0.046
14:32:30  GPS원시방향유효:1
14:32:30  GPS원시방향:356.1
14:32:30  가속도:-0.46,0.96,9.58
14:32:30  자이로:1.7,-0.8,0.3
14:32:30  자력계:3.750,-0.750,13.050
14:32:30  충격값:0.15
14:32:30  충격피크:0.19
14:32:30  마지막충격발생값:111.97
14:32:30  마지막충격발생ms:136944
14:32:30  송신:3018
14:32:30  지팡이수신:2695
14:32:30  GPS위성:8
14:32:30  GPS_HDOP:1.23
14:32:30  원시위도:37.496590
14:32:30  원시경도:126.957978
14:32:30  GPS채택:1415
14:32:30  GPS이상치거부:24
14:32:30  GPS품질거부:2
14:32:30  GPS재기준:0
14:32:30  계산거리:17.70
14:32:30  접근속도:0.00
14:32:30  TTC:999.00
14:32:30  방향오차:-7.3
14:32:30  전방여부:0
14:32:30  위험음성횟수:13
14:32:30  충격음성횟수:1
14:32:30  마지막위험음성:2
14:32:30  RSSI원시:-56
14:32:30  RSSI평활:-56.7
14:32:30  RSSI샘플:2695
14:32:30  RSSI경과ms:15
14:32:30  RSSI구간:4
14:32:30  RSSI거리:1.60
14:32:30  상대보정:1
14:32:30  상대보정중:0
14:32:30  보정동쪽:12.63
14:32:30  보정북쪽:-31.94
14:32:30  위험송신:0
14:32:31  시각ms:317708
14:32:31  IMU시각ms:317707
14:32:31  위험:0
14:32:31  원시위험:0
14:32:31  GPS유효:1
14:32:31  위도:37.496590
14:32:31  경도:126.957977
14:32:31  속도:0.04
14:32:31  방향:352.4
14:32:31  이동방향유효:0
14:32:31  GPS이동방향:352.4
14:32:31  차체방향유효:1
14:32:31  차체방향:177.1
14:32:31  후진판정:1
14:32:31  IMU요회전속도:0.00
14:32:31  방향가속도크기:9.85
14:32:31  방향자이로크기:3.80
14:32:31  방향자세cos:0.9993
14:32:31  자기모델잔차:17.85
14:32:31  자기모델반경:0.823
14:32:31  방향채택:2
14:32:31  방향거부:36354
14:32:31  GPS원시속도:0.036
14:32:31  GPS원시방향유효:1
14:32:31  GPS원시방향:356.1
14:32:31  가속도:-0.45,0.86,9.80
14:32:31  자이로:-2.4,2.9,-0.5
14:32:31  자력계:4.350,-0.450,12.450
14:32:31  충격값:0.11
14:32:31  충격피크:0.16
14:32:31  마지막충격발생값:111.97
14:32:31  마지막충격발생ms:136944
14:32:31  송신:3021
14:32:31  지팡이수신:2697
14:32:31  GPS위성:8
14:32:31  GPS_HDOP:1.23
14:32:31  원시위도:37.496591
14:32:31  원시경도:126.957978
14:32:31  GPS채택:1416
14:32:31  GPS이상치거부:24
14:32:31  GPS품질거부:2
14:32:31  GPS재기준:0
14:32:31  계산거리:17.70
14:32:31  접근속도:0.00
14:32:31  TTC:999.00
14:32:31  방향오차:-7.3
14:32:31  전방여부:0
14:32:31  위험음성횟수:13
14:32:31  충격음성횟수:1
14:32:31  마지막위험음성:2
14:32:31  RSSI원시:-55
14:32:31  RSSI평활:-56.2
14:32:31  RSSI샘플:2697
14:32:31  RSSI경과ms:108
14:32:31  RSSI구간:4
14:32:31  RSSI거리:1.54
14:32:31  상대보정:1
14:32:31  상대보정중:0
14:32:31  보정동쪽:12.63
14:32:31  보정북쪽:-31.94
14:32:31  위험송신:0
14:32:31  시각ms:317911
14:32:31  IMU시각ms:317910
14:32:31  위험:0
14:32:31  원시위험:0
14:32:31  GPS유효:1
14:32:31  위도:37.496590
14:32:31  경도:126.957977
14:32:31  속도:0.03
14:32:31  방향:352.4
14:32:31  이동방향유효:0
14:32:31  GPS이동방향:352.4
14:32:31  차체방향유효:1
14:32:31  차체방향:177.1
14:32:31  후진판정:1
14:32:31  IMU요회전속도:0.00
14:32:31  방향가속도크기:9.75
14:32:31  방향자이로크기:3.66
14:32:31  방향자세cos:0.9994
14:32:31  자기모델잔차:18.62
14:32:31  자기모델반경:0.841
14:32:31  방향채택:2
14:32:31  방향거부:36378
14:32:31  GPS원시속도:0.031
14:32:31  GPS원시방향유효:1
14:32:31  GPS원시방향:356.1
14:32:31  가속도:-0.39,0.80,9.71
14:32:31  자이로:2.6,-1.7,-1.9
14:32:31  자력계:3.150,-0.150,13.200
14:32:31  충격값:0.12
14:32:31  충격피크:0.16
14:32:31  마지막충격발생값:111.97
14:32:31  마지막충격발생ms:136944
14:32:31  송신:3023
14:32:31  지팡이수신:2699
14:32:31  GPS위성:7
14:32:31  GPS_HDOP:1.23
14:32:31  원시위도:37.496591
14:32:31  원시경도:126.957978
14:32:31  GPS채택:1417
14:32:31  GPS이상치거부:24
14:32:31  GPS품질거부:2
14:32:31  GPS재기준:0
14:32:31  계산거리:17.70
14:32:31  접근속도:0.00
14:32:31  TTC:999.00
14:32:31  방향오차:-7.3
14:32:31  전방여부:0
14:32:31  위험음성횟수:13
14:32:31  충격음성횟수:1
14:32:31  마지막위험음성:2
14:32:31  RSSI원시:-57
14:32:31  RSSI평활:-56.0
14:32:31  RSSI샘플:2699
14:32:31  RSSI경과ms:101
14:32:31  RSSI구간:4
14:32:31  RSSI거리:1.51
14:32:31  상대보정:1
14:32:31  상대보정중:0
14:32:31  보정동쪽:12.63
14:32:31  보정북쪽:-31.94
14:32:31  위험송신:0
14:32:31  시각ms:318016
14:32:31  IMU시각ms:318015
14:32:31  위험:0
14:32:31  원시위험:0
14:32:31  GPS유효:1
14:32:31  위도:37.496590
14:32:31  경도:126.957978
14:32:31  속도:0.03
14:32:31  방향:352.4
14:32:31  이동방향유효:0
14:32:31  GPS이동방향:352.4
14:32:31  차체방향유효:1
14:32:31  차체방향:177.1
14:32:31  후진판정:1
14:32:31  IMU요회전속도:0.00
14:32:31  방향가속도크기:9.70
14:32:31  방향자이로크기:2.74
14:32:31  방향자세cos:0.9986
14:32:31  자기모델잔차:17.35
14:32:31  자기모델반경:0.833
14:32:31  방향채택:2
14:32:31  방향거부:36389
14:32:31  GPS원시속도:0.031
14:32:31  GPS원시방향유효:1
14:32:31  GPS원시방향:356.1
14:32:31  가속도:-0.49,1.00,9.63
14:32:31  자이로:-0.1,-0.7,-2.6
14:32:31  자력계:2.550,-0.750,12.000
14:32:31  충격값:0.13
14:32:31  충격피크:0.17
14:32:31  마지막충격발생값:111.97
14:32:31  마지막충격발생ms:136944
14:32:31  송신:3024
14:32:31  지팡이수신:2700
14:32:31  GPS위성:7
14:32:31  GPS_HDOP:1.23
14:32:31  원시위도:37.496591
14:32:31  원시경도:126.957978
14:32:31  GPS채택:1418
14:32:31  GPS이상치거부:24
14:32:31  GPS품질거부:2
14:32:31  GPS재기준:0
14:32:31  계산거리:17.70
14:32:31  접근속도:0.00
14:32:31  TTC:999.00
14:32:31  방향오차:-7.3
14:32:31  전방여부:0
14:32:31  위험음성횟수:13
14:32:31  충격음성횟수:1
14:32:31  마지막위험음성:2
14:32:31  RSSI원시:-58
14:32:31  RSSI평활:-56.4
14:32:31  RSSI샘플:2700
14:32:31  RSSI경과ms:101
14:32:31  RSSI구간:4
14:32:31  RSSI거리:1.57
14:32:31  상대보정:1
14:32:31  상대보정중:0
14:32:31  보정동쪽:12.63
14:32:31  보정북쪽:-31.94
14:32:31  위험송신:0
14:32:31  시각ms:318117
14:32:31  IMU시각ms:318116
14:32:31  위험:0
14:32:31  원시위험:0
14:32:31  GPS유효:1
14:32:31  위도:37.496590
14:32:31  경도:126.957978
14:32:31  속도:0.03
14:32:31  방향:352.4
14:32:31  이동방향유효:0
14:32:31  GPS이동방향:352.4
14:32:31  차체방향유효:1
14:32:31  차체방향:177.1
14:32:31  후진판정:1
14:32:31  IMU요회전속도:0.00
14:32:31  방향가속도크기:9.78
14:32:31  방향자이로크기:2.79
14:32:31  방향자세cos:0.9988
14:32:31  자기모델잔차:18.59
14:32:31  자기모델반경:0.824
14:32:31  방향채택:2
14:32:31  방향거부:36401
14:32:31  GPS원시속도:0.031
14:32:31  GPS원시방향유효:1
14:32:31  GPS원시방향:356.1
14:32:31  가속도:-0.49,0.96,9.73
14:32:31  자이로:2.4,-0.9,-1.0
14:32:31  자력계:3.900,-0.450,13.200
14:32:31  충격값:0.08
14:32:31  충격피크:0.17
14:32:31  마지막충격발생값:111.97
14:32:31  마지막충격발생ms:136944
14:32:31  송신:3025
14:32:31  지팡이수신:2701
14:32:31  GPS위성:7
14:32:31  GPS_HDOP:1.23
14:32:31  원시위도:37.496591
14:32:31  원시경도:126.957978
14:32:31  GPS채택:1418
14:32:31  GPS이상치거부:24
14:32:31  GPS품질거부:2
14:32:31  GPS재기준:0
14:32:31  계산거리:18.11
14:32:31  접근속도:0.00
14:32:31  TTC:999.00
14:32:31  방향오차:-6.9
14:32:31  전방여부:0
14:32:31  위험음성횟수:13
14:32:31  충격음성횟수:1
14:32:31  마지막위험음성:2
14:32:31  RSSI원시:-61
14:32:31  RSSI평활:-57.3
14:32:31  RSSI샘플:2701
14:32:31  RSSI경과ms:96
14:32:31  RSSI구간:4
14:32:31  RSSI거리:1.71
14:32:31  상대보정:1
14:32:31  상대보정중:0
14:32:31  보정동쪽:12.63
14:32:31  보정북쪽:-31.94
14:32:31  위험송신:0
14:32:31  시각ms:318422
14:32:31  IMU시각ms:318421
14:32:31  위험:0
14:32:31  원시위험:0
14:32:31  GPS유효:1
14:32:31  위도:37.496590
14:32:31  경도:126.957978
14:32:31  속도:0.04
14:32:31  방향:352.4
14:32:31  이동방향유효:0
14:32:31  GPS이동방향:352.4
14:32:31  차체방향유효:1
14:32:31  차체방향:177.1
14:32:31  후진판정:1
14:32:31  IMU요회전속도:0.00
14:32:31  방향가속도크기:9.76
14:32:31  방향자이로크기:0.83
14:32:31  방향자세cos:0.9993
14:32:31  자기모델잔차:18.60
14:32:31  자기모델반경:0.812
14:32:31  방향채택:2
14:32:31  방향거부:36437
14:32:31  GPS원시속도:0.051
14:32:31  GPS원시방향유효:1
14:32:31  GPS원시방향:356.1
14:32:31  가속도:-0.45,0.84,9.71
14:32:31  자이로:0.6,0.6,0.2
14:32:31  자력계:5.400,-0.450,13.200
14:32:31  충격값:0.08
14:32:31  충격피크:0.30
14:32:31  마지막충격발생값:111.97
14:32:31  마지막충격발생ms:136944
14:32:31  송신:3028
14:32:31  지팡이수신:2704
14:32:31  GPS위성:8
14:32:31  GPS_HDOP:1.23
14:32:31  원시위도:37.496592
14:32:31  원시경도:126.957979
14:32:31  GPS채택:1420
14:32:31  GPS이상치거부:24
14:32:31  GPS품질거부:2
14:32:31  GPS재기준:0
14:32:32  계산거리:18.11
14:32:32  접근속도:0.00
14:32:32  TTC:999.00
14:32:32  방향오차:-6.9
14:32:32  전방여부:0
14:32:32  위험음성횟수:13
14:32:32  충격음성횟수:1
14:32:32  마지막위험음성:2
14:32:32  RSSI원시:-60
14:32:32  RSSI평활:-57.8
14:32:32  RSSI샘플:2704
14:32:32  RSSI경과ms:83
14:32:32  RSSI구간:4
14:32:32  RSSI거리:1.79
14:32:32  상대보정:1
14:32:32  상대보정중:0
14:32:32  보정동쪽:12.63
14:32:32  보정북쪽:-31.94
14:32:32  위험송신:0
14:32:32  시각ms:318522
14:32:32  IMU시각ms:318521
14:32:32  위험:0
14:32:32  원시위험:0
14:32:32  GPS유효:1
14:32:32  위도:37.496590
14:32:32  경도:126.957978
14:32:32  속도:0.04
14:32:32  방향:352.4
14:32:32  이동방향유효:0
14:32:32  GPS이동방향:352.4
14:32:32  차체방향유효:1
14:32:32  차체방향:177.1
14:32:32  후진판정:1
14:32:32  IMU요회전속도:0.00
14:32:32  방향가속도크기:9.80
14:32:32  방향자이로크기:3.53
14:32:32  방향자세cos:0.9989
14:32:32  자기모델잔차:19.36
14:32:32  자기모델반경:0.846
14:32:32  방향채택:2
14:32:32  방향거부:36449
14:32:32  GPS원시속도:0.051
14:32:32  GPS원시방향유효:1
14:32:32  GPS원시방향:356.1
14:32:32  가속도:-0.46,0.94,9.74
14:32:32  자이로:1.2,-3.1,-1.2
14:32:32  자력계:2.400,-0.150,13.950
14:32:32  충격값:0.06
14:32:32  충격피크:0.18
14:32:32  마지막충격발생값:111.97
14:32:32  마지막충격발생ms:136944
14:32:32  송신:3029
14:32:32  지팡이수신:2705
14:32:32  GPS위성:8
14:32:32  GPS_HDOP:1.23
14:32:32  원시위도:37.496592
14:32:32  원시경도:126.957979
14:32:32  GPS채택:1420
14:32:32  GPS이상치거부:24
14:32:32  GPS품질거부:2
14:32:32  GPS재기준:0
14:32:32  계산거리:18.11
14:32:32  접근속도:0.00
14:32:32  TTC:999.00
14:32:32  방향오차:-6.9
14:32:32  전방여부:0
14:32:32  위험음성횟수:13
14:32:32  충격음성횟수:1
14:32:32  마지막위험음성:2
14:32:32  RSSI원시:-56
14:32:32  RSSI평활:-57.4
14:32:32  RSSI샘플:2705
14:32:32  RSSI경과ms:79
14:32:32  RSSI구간:4
14:32:32  RSSI거리:1.73
14:32:32  상대보정:1
14:32:32  상대보정중:0
14:32:32  보정동쪽:12.63
14:32:32  보정북쪽:-31.94
14:32:32  위험송신:0
14:32:32  시각ms:318623
14:32:32  IMU시각ms:318622
14:32:32  위험:0
14:32:32  원시위험:0
14:32:32  GPS유효:1
14:32:32  위도:37.496591
14:32:32  경도:126.957978
14:32:32  속도:0.06
14:32:32  방향:352.4
14:32:32  이동방향유효:0
14:32:32  GPS이동방향:352.4
14:32:32  차체방향유효:1
14:32:32  차체방향:177.1
14:32:32  후진판정:1
14:32:32  IMU요회전속도:0.55
14:32:32  방향가속도크기:9.78
14:32:32  방향자이로크기:4.45
14:32:32  방향자세cos:0.9994
14:32:32  자기모델잔차:17.55
14:32:32  자기모델반경:0.821
14:32:32  방향채택:2
14:32:32  방향거부:36461
14:32:32  GPS원시속도:0.077
14:32:32  GPS원시방향유효:1
14:32:32  GPS원시방향:356.1
14:32:32  가속도:-0.40,0.83,9.74
14:32:32  자이로:-0.8,1.1,-4.2
14:32:32  자력계:4.650,-0.450,12.150
14:32:32  충격값:0.10
14:32:32  충격피크:0.17
14:32:32  마지막충격발생값:111.97
14:32:32  마지막충격발생ms:136944
14:32:32  송신:3030
14:32:32  지팡이수신:2706
14:32:32  GPS위성:8
14:32:32  GPS_HDOP:1.23
14:32:32  원시위도:37.496592
14:32:32  원시경도:126.957979
14:32:32  GPS채택:1421
14:32:32  GPS이상치거부:24
14:32:32  GPS품질거부:2
14:32:32  GPS재기준:0
14:32:32  계산거리:18.11
14:32:32  접근속도:0.00
14:32:32  TTC:999.00
14:32:32  방향오차:-6.9
14:32:32  전방여부:0
14:32:32  위험음성횟수:13
14:32:32  충격음성횟수:1
14:32:32  마지막위험음성:2
14:32:32  RSSI원시:-55
14:32:32  RSSI평활:-57.0
14:32:32  RSSI샘플:2706
14:32:32  RSSI경과ms:75
14:32:32  RSSI구간:4
14:32:32  RSSI거리:1.65
14:32:32  상대보정:1
14:32:32  상대보정중:0
14:32:32  보정동쪽:12.63
14:32:32  보정북쪽:-31.94
14:32:32  위험송신:0
14:32:32  시각ms:318825
14:32:32  IMU시각ms:318824
14:32:32  위험:0
14:32:32  원시위험:0
14:32:32  GPS유효:1
14:32:32  위도:37.496591
14:32:32  경도:126.957978
14:32:32  속도:0.03
14:32:32  방향:352.4
14:32:32  이동방향유효:0
14:32:32  GPS이동방향:352.4
14:32:32  차체방향유효:1
14:32:32  차체방향:177.1
14:32:32  후진판정:1
14:32:32  IMU요회전속도:0.00
14:32:32  방향가속도크기:9.89
14:32:32  방향자이로크기:2.86
14:32:32  방향자세cos:0.9986
14:32:32  자기모델잔차:17.09
14:32:32  자기모델반경:0.862
14:32:32  방향채택:2
14:32:32  방향거부:36485
14:32:32  GPS원시속도:0.010
14:32:32  GPS원시방향유효:1
14:32:32  GPS원시방향:356.1
14:32:32  가속도:-0.42,1.02,9.83
14:32:32  자이로:2.8,0.2,0.7
14:32:32  자력계:4.500,0.750,11.550
14:32:32  충격값:0.16
14:32:32  충격피크:0.16
14:32:32  마지막충격발생값:111.97
14:32:32  마지막충격발생ms:136944
14:32:32  송신:3032
14:32:32  지팡이수신:2708
14:32:32  GPS위성:8
14:32:32  GPS_HDOP:1.23
14:32:32  원시위도:37.496592
14:32:32  원시경도:126.957979
14:32:32  GPS채택:1422
14:32:32  GPS이상치거부:24
14:32:32  GPS품질거부:2
14:32:32  GPS재기준:0
14:32:32  계산거리:18.11
14:32:32  접근속도:0.00
14:32:32  TTC:999.00
14:32:32  방향오차:-6.9
14:32:32  전방여부:0
14:32:32  위험음성횟수:13
14:32:32  충격음성횟수:1
14:32:32  마지막위험음성:2
14:32:32  RSSI원시:-58
14:32:32  RSSI평활:-57.0
14:32:32  RSSI샘플:2708
14:32:32  RSSI경과ms:67
14:32:32  RSSI구간:4
14:32:32  RSSI거리:1.66
14:32:32  상대보정:1
14:32:32  상대보정중:0
14:32:32  보정동쪽:12.63
14:32:32  보정북쪽:-31.94
14:32:32  위험송신:0
14:32:32  시각ms:318925
14:32:32  IMU시각ms:318924
14:32:32  위험:0
14:32:32  원시위험:0
14:32:32  GPS유효:1
14:32:32  위도:37.496591
14:32:32  경도:126.957978
14:32:32  속도:0.03
14:32:32  방향:352.4
14:32:32  이동방향유효:0
14:32:32  GPS이동방향:352.4
14:32:32  차체방향유효:1
14:32:32  차체방향:177.1
14:32:32  후진판정:1
14:32:32  IMU요회전속도:0.00
14:32:32  방향가속도크기:9.77
14:32:32  방향자이로크기:2.19
14:32:32  방향자세cos:0.9984
14:32:32  자기모델잔차:17.44
14:32:32  자기모델반경:0.848
14:32:32  방향채택:2
14:32:32  방향거부:36497
14:32:32  GPS원시속도:0.010
14:32:32  GPS원시방향유효:1
14:32:32  GPS원시방향:356.1
14:32:32  가속도:-0.38,1.04,9.71
14:32:32  자이로:-0.2,0.8,-2.0
14:32:32  자력계:3.300,0.000,12.000
14:32:32  충격값:0.13
14:32:32  충격피크:0.17
14:32:32  마지막충격발생값:111.97
14:32:32  마지막충격발생ms:136944
14:32:32  송신:3033
14:32:32  지팡이수신:2709
14:32:32  GPS위성:8
14:32:32  GPS_HDOP:1.23
14:32:32  원시위도:37.496592
14:32:32  원시경도:126.957979
14:32:32  GPS채택:1422
14:32:32  GPS이상치거부:24
14:32:32  GPS품질거부:2
14:32:32  GPS재기준:0
14:32:32  계산거리:18.11
14:32:32  접근속도:0.00
14:32:32  TTC:999.00
14:32:32  방향오차:-6.9
14:32:32  전방여부:0
14:32:32  위험음성횟수:13
14:32:32  충격음성횟수:1
14:32:32  마지막위험음성:2
14:32:32  RSSI원시:-64
14:32:32  RSSI평활:-58.4
14:32:32  RSSI샘플:2709
14:32:32  RSSI경과ms:59
14:32:32  RSSI구간:4
14:32:32  RSSI거리:1.89
14:32:32  상대보정:1
14:32:32  상대보정중:0
14:32:32  보정동쪽:12.63
14:32:32  보정북쪽:-31.94
14:32:32  위험송신:0
14:32:32  시각ms:319030
14:32:32  IMU시각ms:319029
14:32:32  위험:0
14:32:32  원시위험:0
14:32:32  GPS유효:1
14:32:32  위도:37.496591
14:32:32  경도:126.957978
14:32:32  속도:0.02
14:32:32  방향:352.4
14:32:32  이동방향유효:0
14:32:32  GPS이동방향:352.4
14:32:32  차체방향유효:1
14:32:32  차체방향:177.1
14:32:32  후진판정:1
14:32:32  IMU요회전속도:0.00
14:32:32  방향가속도크기:9.80
14:32:32  방향자이로크기:4.10
14:32:32  방향자세cos:0.9992
14:32:32  자기모델잔차:19.24
14:32:32  자기모델반경:0.833
14:32:32  방향채택:2
14:32:32  방향거부:36508
14:32:32  GPS원시속도:0.015
14:32:32  GPS원시방향유효:1
14:32:32  GPS원시방향:356.1
14:32:32  가속도:-0.44,0.87,9.75
14:32:32  자이로:1.1,2.9,-2.7
14:32:32  자력계:4.200,0.000,13.800
14:32:32  충격값:0.07
14:32:32  충격피크:0.14
14:32:32  마지막충격발생값:111.97
14:32:32  마지막충격발생ms:136944
14:32:32  송신:3034
14:32:32  지팡이수신:2710
14:32:32  GPS위성:8
14:32:32  GPS_HDOP:1.23
14:32:32  원시위도:37.496593
14:32:32  원시경도:126.957979
14:32:32  GPS채택:1423
14:32:32  GPS이상치거부:24
14:32:32  GPS품질거부:2
14:32:32  GPS재기준:0
14:32:32  계산거리:18.11
14:32:32  접근속도:0.00
14:32:32  TTC:999.00
14:32:32  방향오차:-6.9
14:32:32  전방여부:0
14:32:32  위험음성횟수:13
14:32:32  충격음성횟수:1
14:32:32  마지막위험음성:2
14:32:32  RSSI원시:-63
14:32:32  RSSI평활:-59.3
14:32:32  RSSI샘플:2710
14:32:32  RSSI경과ms:59
14:32:32  RSSI구간:4
14:32:32  RSSI거리:2.07
14:32:32  상대보정:1
14:32:32  상대보정중:0
14:32:32  보정동쪽:12.63
14:32:32  보정북쪽:-31.94
14:32:32  위험송신:0
14:32:32  시각ms:319131
14:32:32  IMU시각ms:319130
14:32:32  위험:0
14:32:32  원시위험:0
14:32:32  GPS유효:1
14:32:32  위도:37.496591
14:32:32  경도:126.957978
14:32:32  속도:0.02
14:32:32  방향:352.4
14:32:32  이동방향유효:0
14:32:32  GPS이동방향:352.4
14:32:32  차체방향유효:1
14:32:32  차체방향:177.1
14:32:32  후진판정:1
14:32:32  IMU요회전속도:0.00
14:32:32  방향가속도크기:9.81
14:32:32  방향자이로크기:3.07
14:32:32  방향자세cos:0.9993
14:32:32  자기모델잔차:17.42
14:32:32  자기모델반경:0.828
14:32:32  방향채택:2
14:32:32  방향거부:36520
14:32:32  GPS원시속도:0.015
14:32:32  GPS원시방향유효:1
14:32:32  GPS원시방향:356.1
14:32:32  가속도:-0.45,0.86,9.76
14:32:32  자이로:-0.7,0.5,-3.0
14:32:32  자력계:4.500,-0.300,12.000
14:32:32  충격값:0.08
14:32:32  충격피크:0.15
14:32:32  마지막충격발생값:111.97
14:32:32  마지막충격발생ms:136944
14:32:32  송신:3035
14:32:32  지팡이수신:2711
14:32:32  GPS위성:8
14:32:32  GPS_HDOP:1.23
14:32:32  원시위도:37.496593
14:32:32  원시경도:126.957979
14:32:32  GPS채택:1423
14:32:32  GPS이상치거부:24
14:32:32  GPS품질거부:2
14:32:32  GPS재기준:0
14:32:32  계산거리:18.52
14:32:32  접근속도:0.00
14:32:32  TTC:999.00
14:32:32  방향오차:-6.6
14:32:32  전방여부:0
14:32:32  위험음성횟수:13
14:32:32  충격음성횟수:1
14:32:32  마지막위험음성:2
14:32:32  RSSI원시:-60
14:32:32  RSSI평활:-59.5
14:32:32  RSSI샘플:2711
14:32:32  RSSI경과ms:56
14:32:32  RSSI구간:4
14:32:32  RSSI거리:2.09
14:32:32  상대보정:1
14:32:32  상대보정중:0
14:32:32  보정동쪽:12.63
14:32:32  보정북쪽:-31.94
14:32:32  위험송신:0
14:32:32  시각ms:319231
14:32:32  IMU시각ms:319230
14:32:32  위험:0
14:32:32  원시위험:0
14:32:32  GPS유효:1
14:32:32  위도:37.496591
14:32:32  경도:126.957978
14:32:32  속도:0.03
14:32:32  방향:352.4
14:32:32  이동방향유효:0
14:32:32  GPS이동방향:352.4
14:32:32  차체방향유효:1
14:32:32  차체방향:177.1
14:32:32  후진판정:1
14:32:32  IMU요회전속도:0.00
14:32:32  방향가속도크기:9.69
14:32:32  방향자이로크기:2.31
14:32:32  방향자세cos:0.9991
14:32:32  자기모델잔차:17.61
14:32:32  자기모델반경:0.856
14:32:32  방향채택:2
14:32:32  방향거부:36532
14:32:32  GPS원시속도:0.031
14:32:32  GPS원시방향유효:1
14:32:32  GPS원시방향:356.1
14:32:32  가속도:-0.33,0.89,9.64
14:32:32  자이로:2.1,-0.9,-0.1
14:32:32  자력계:2.850,0.150,12.150
14:32:32  충격값:0.12
14:32:32  충격피크:0.21
14:32:32  마지막충격발생값:111.97
14:32:32  마지막충격발생ms:136944
14:32:32  송신:3036
14:32:32  지팡이수신:2712
14:32:32  GPS위성:8
14:32:32  GPS_HDOP:1.23
14:32:32  원시위도:37.496593
14:32:32  원시경도:126.957979
14:32:32  GPS채택:1424
14:32:32  GPS이상치거부:24
14:32:32  GPS품질거부:2
14:32:32  GPS재기준:0
14:32:32  계산거리:18.52
14:32:32  접근속도:0.00
14:32:32  TTC:999.00
14:32:32  방향오차:-6.6
14:32:32  전방여부:0
14:32:32  위험음성횟수:13
14:32:32  충격음성횟수:1
14:32:32  마지막위험음성:2
14:32:32  RSSI원시:-59
14:32:32  RSSI평활:-59.4
14:32:32  RSSI샘플:2712
14:32:32  RSSI경과ms:51
14:32:32  RSSI구간:4
14:32:32  RSSI거리:2.07
14:32:32  상대보정:1
14:32:32  상대보정중:0
14:32:32  보정동쪽:12.63
14:32:32  보정북쪽:-31.94
14:32:32  위험송신:0
14:32:32  시각ms:319431
14:32:32  IMU시각ms:319430
14:32:32  위험:0
14:32:32  원시위험:0
14:32:32  GPS유효:1
14:32:32  위도:37.496591
14:32:32  경도:126.957978
14:32:32  속도:0.03
14:32:32  방향:352.4
14:32:32  이동방향유효:0
14:32:32  GPS이동방향:352.4
14:32:32  차체방향유효:1
14:32:32  차체방향:177.1
14:32:32  후진판정:1
14:32:32  IMU요회전속도:0.00
14:32:32  방향가속도크기:9.85
14:32:32  방향자이로크기:3.82
14:32:32  방향자세cos:0.9991
14:32:32  자기모델잔차:18.82
14:32:32  자기모델반경:0.806
14:32:32  방향채택:2
14:32:32  방향거부:36556
14:32:32  GPS원시속도:0.026
14:32:32  GPS원시방향유효:1
14:32:32  GPS원시방향:356.1
14:32:32  가속도:-0.45,0.91,9.80
14:32:32  자이로:-0.6,2.5,-2.9
14:32:32  자력계:3.750,-1.050,13.500
14:32:32  충격값:0.10
14:32:32  충격피크:0.19
14:32:32  마지막충격발생값:111.97
14:32:32  마지막충격발생ms:136944
14:32:32  송신:3038
14:32:32  지팡이수신:2713
14:32:32  GPS위성:8
14:32:32  GPS_HDOP:1.23
14:32:32  원시위도:37.496594
14:32:32  원시경도:126.957979
14:32:32  GPS채택:1425
14:32:32  GPS이상치거부:24
14:32:32  GPS품질거부:2
14:32:32  GPS재기준:0
14:32:32  계산거리:18.52
14:32:32  접근속도:0.00
14:32:32  TTC:999.00
14:32:32  방향오차:-6.6
14:32:32  전방여부:0
14:32:32  위험음성횟수:13
14:32:32  충격음성횟수:1
14:32:32  마지막위험음성:2
14:32:32  RSSI원시:-64
14:32:32  RSSI평활:-60.3
14:32:32  RSSI샘플:2713
14:32:32  RSSI경과ms:38
14:32:32  RSSI구간:4
14:32:32  RSSI거리:2.27
14:32:32  상대보정:1
14:32:32  상대보정중:0
14:32:32  보정동쪽:12.63
14:32:32  보정북쪽:-31.94
14:32:32  위험송신:0
14:32:33  시각ms:319533
14:32:33  IMU시각ms:319532
14:32:33  위험:0
14:32:33  원시위험:0
14:32:33  GPS유효:1
14:32:33  위도:37.496591
14:32:33  경도:126.957978
14:32:33  속도:0.03
14:32:33  방향:352.4
14:32:33  이동방향유효:0
14:32:33  GPS이동방향:352.4
14:32:33  차체방향유효:1
14:32:33  차체방향:177.1
14:32:33  후진판정:1
14:32:33  IMU요회전속도:0.00
14:32:33  방향가속도크기:9.80
14:32:33  방향자이로크기:1.69
14:32:33  방향자세cos:0.9991
14:32:33  자기모델잔차:18.25
14:32:33  자기모델반경:0.801
14:32:33  방향채택:2
14:32:33  방향거부:36568
14:32:33  GPS원시속도:0.026
14:32:33  GPS원시방향유효:1
14:32:33  GPS원시방향:356.1
14:32:33  가속도:-0.51,0.91,9.75
14:32:33  자이로:0.9,-1.0,-1.0
14:32:33  자력계:5.100,-0.900,12.900
14:32:33  충격값:0.10
14:32:33  충격피크:0.18
14:32:33  마지막충격발생값:111.97
14:32:33  마지막충격발생ms:136944
14:32:33  송신:3039
14:32:33  지팡이수신:2714
14:32:33  GPS위성:8
14:32:33  GPS_HDOP:1.23
14:32:33  원시위도:37.496594
14:32:33  원시경도:126.957979
14:32:33  GPS채택:1425
14:32:33  GPS이상치거부:24
14:32:33  GPS품질거부:2
14:32:33  GPS재기준:0
14:32:33  계산거리:18.93
14:32:33  접근속도:0.00
14:32:33  TTC:999.00
14:32:33  방향오차:-6.3
14:32:33  전방여부:0
14:32:33  위험음성횟수:13
14:32:33  충격음성횟수:1
14:32:33  마지막위험음성:2
14:32:33  RSSI원시:-62
14:32:33  RSSI평활:-60.6
14:32:33  RSSI샘플:2714
14:32:33  RSSI경과ms:35
14:32:33  RSSI구간:4
14:32:33  RSSI거리:2.34
14:32:33  상대보정:1
14:32:33  상대보정중:0
14:32:33  보정동쪽:12.63
14:32:33  보정북쪽:-31.94
14:32:33  위험송신:0
14:32:33  시각ms:319739
14:32:33  IMU시각ms:319738
14:32:33  위험:0
14:32:33  원시위험:0
14:32:33  GPS유효:1
14:32:33  위도:37.496592
14:32:33  경도:126.957978
14:32:33  속도:0.02
14:32:33  방향:352.4
14:32:33  이동방향유효:0
14:32:33  GPS이동방향:352.4
14:32:33  차체방향유효:1
14:32:33  차체방향:177.1
14:32:33  후진판정:1
14:32:33  IMU요회전속도:0.00
14:32:33  방향가속도크기:9.74
14:32:33  방향자이로크기:2.02
14:32:33  방향자세cos:0.9989
14:32:33  자기모델잔차:17.75
14:32:33  자기모델반경:0.839
14:32:33  방향채택:2
14:32:33  방향거부:36592
14:32:33  GPS원시속도:0.010
14:32:33  GPS원시방향유효:1
14:32:33  GPS원시방향:356.1
14:32:33  가속도:-0.51,0.93,9.68
14:32:33  자이로:1.8,-0.1,0.8
14:32:33  자력계:4.200,0.000,12.300
14:32:33  충격값:0.09
14:32:33  충격피크:0.15
14:32:33  마지막충격발생값:111.97
14:32:33  마지막충격발생ms:136944
14:32:33  송신:3041
14:32:33  지팡이수신:2716
14:32:33  GPS위성:8
14:32:33  GPS_HDOP:1.23
14:32:33  원시위도:37.496594
14:32:33  원시경도:126.957979
14:32:33  GPS채택:1426
14:32:33  GPS이상치거부:24
14:32:33  GPS품질거부:2
14:32:33  GPS재기준:0
14:32:33  계산거리:19.34
14:32:33  접근속도:0.00
14:32:33  TTC:999.00
14:32:33  방향오차:-6.0
14:32:33  전방여부:0
14:32:33  위험음성횟수:13
14:32:33  충격음성횟수:1
14:32:33  마지막위험음성:2
14:32:33  RSSI원시:-58
14:32:33  RSSI평활:-60.8
14:32:33  RSSI샘플:2716
14:32:33  RSSI경과ms:24
14:32:33  RSSI구간:4
14:32:33  RSSI거리:2.38
14:32:33  상대보정:1
14:32:33  상대보정중:0
14:32:33  보정동쪽:12.63
14:32:33  보정북쪽:-31.94
14:32:33  위험송신:0
14:32:33  시각ms:320249
14:32:33  IMU시각ms:320248
14:32:33  위험:0
14:32:33  원시위험:0
14:32:33  GPS유효:1
14:32:33  위도:37.496592
14:32:33  경도:126.957978
14:32:33  속도:0.02
14:32:33  방향:352.4
14:32:33  이동방향유효:0
14:32:33  GPS이동방향:352.4
14:32:33  차체방향유효:1
14:32:33  차체방향:177.1
14:32:33  후진판정:1
14:32:33  IMU요회전속도:0.00
14:32:33  방향가속도크기:9.71
14:32:33  방향자이로크기:1.30
14:32:33  방향자세cos:0.9987
14:32:33  자기모델잔차:19.27
14:32:33  자기모델반경:0.851
14:32:33  방향채택:2
14:32:33  방향거부:36651
14:32:33  GPS원시속도:0.015
14:32:33  GPS원시방향유효:1
14:32:33  GPS원시방향:356.1
14:32:33  가속도:-0.46,0.98,9.65
14:32:33  자이로:-0.0,0.3,-1.3
14:32:33  자력계:3.300,0.300,13.800
14:32:33  충격값:0.09
14:32:33  충격피크:0.19
14:32:33  마지막충격발생값:111.97
14:32:33  마지막충격발생ms:136944
14:32:33  송신:3046
14:32:33  지팡이수신:2721
14:32:33  GPS위성:8
14:32:33  GPS_HDOP:1.23
14:32:33  원시위도:37.496595
14:32:33  원시경도:126.957979
14:32:33  GPS채택:1429
14:32:33  GPS이상치거부:24
14:32:33  GPS품질거부:2
14:32:33  GPS재기준:0
14:32:33  계산거리:18.52
14:32:33  접근속도:0.00
14:32:33  TTC:999.00
14:32:33  방향오차:-6.6
14:32:33  전방여부:0
14:32:33  위험음성횟수:13
14:32:33  충격음성횟수:1
14:32:33  마지막위험음성:2
14:32:33  RSSI원시:-58
14:32:33  RSSI평활:-56.2
14:32:33  RSSI샘플:2721
14:32:33  RSSI경과ms:14
14:32:33  RSSI구간:4
14:32:33  RSSI거리:1.53
14:32:33  상대보정:1
14:32:33  상대보정중:0
14:32:33  보정동쪽:12.63
14:32:33  보정북쪽:-31.94
14:32:33  위험송신:0
14:32:33  시각ms:320461
14:32:33  IMU시각ms:320448
14:32:33  위험:0
14:32:33  원시위험:0
14:32:33  GPS유효:1
14:32:33  위도:37.496592
14:32:33  경도:126.957979
14:32:33  속도:0.02
14:32:33  방향:352.4
14:32:33  이동방향유효:0
14:32:33  GPS이동방향:352.4
14:32:33  차체방향유효:1
14:32:33  차체방향:177.1
14:32:33  후진판정:1
14:32:33  IMU요회전속도:0.00
14:32:33  방향가속도크기:9.71
14:32:33  방향자이로크기:3.68
14:32:33  방향자세cos:0.9993
14:32:33  자기모델잔차:17.89
14:32:33  자기모델반경:0.826
14:32:33  방향채택:2
14:32:33  방향거부:36675
14:32:33  GPS원시속도:0.021
14:32:33  GPS원시방향유효:1
14:32:33  GPS원시방향:356.1
14:32:33  가속도:-0.33,0.82,9.67
14:32:33  자이로:1.3,-2.6,-2.3
14:32:33  자력계:5.100,-0.150,12.450
14:32:33  충격값:0.15
14:32:33  충격피크:0.24
14:32:33  마지막충격발생값:111.97
14:32:33  마지막충격발생ms:136944
14:32:33  송신:3048
14:32:33  지팡이수신:2723
14:32:33  GPS위성:8
14:32:33  GPS_HDOP:1.23
14:32:33  원시위도:37.496595
14:32:33  원시경도:126.957979
14:32:33  GPS채택:1430
14:32:33  GPS이상치거부:24
14:32:33  GPS품질거부:2
14:32:33  GPS재기준:0
14:32:33  계산거리:18.37
14:32:33  접근속도:0.00
14:32:33  TTC:999.00
14:32:33  방향오차:-4.5
14:32:33  전방여부:0
14:32:33  위험음성횟수:13
14:32:33  충격음성횟수:1
14:32:33  마지막위험음성:2
14:32:33  RSSI원시:-55
14:32:33  RSSI평활:-55.6
14:32:33  RSSI샘플:2723
14:32:33  RSSI경과ms:14
14:32:33  RSSI구간:4
14:32:33  RSSI거리:1.45
14:32:33  상대보정:1
14:32:33  상대보정중:0
14:32:33  보정동쪽:12.63
14:32:33  보정북쪽:-31.94
14:32:33  위험송신:0
14:32:34  시각ms:320552
14:32:34  IMU시각ms:320551
14:32:34  위험:0
14:32:34  원시위험:0
14:32:34  GPS유효:1
14:32:34  위도:37.496592
14:32:34  경도:126.957979
14:32:34  속도:0.02
14:32:34  방향:352.4
14:32:34  이동방향유효:0
14:32:34  GPS이동방향:352.4
14:32:34  차체방향유효:1
14:32:34  차체방향:177.1
14:32:34  후진판정:1
14:32:34  IMU요회전속도:0.00
14:32:34  방향가속도크기:9.75
14:32:34  방향자이로크기:1.19
14:32:34  방향자세cos:0.9990
14:32:34  자기모델잔차:19.72
14:32:34  자기모델반경:0.845
14:32:34  방향채택:2
14:32:34  방향거부:36686
14:32:34  GPS원시속도:0.021
14:32:34  GPS원시방향유효:1
14:32:34  GPS원시방향:356.1
14:32:34  가속도:-0.45,0.92,9.69
14:32:34  자이로:0.2,-1.1,-0.5
14:32:34  자력계:3.750,0.300,14.250
14:32:34  충격값:0.02
14:32:34  충격피크:0.18
14:32:34  마지막충격발생값:111.97
14:32:34  마지막충격발생ms:136944
14:32:34  송신:3049
14:32:34  지팡이수신:2723
14:32:34  GPS위성:8
14:32:34  GPS_HDOP:1.23
14:32:34  원시위도:37.496595
14:32:34  원시경도:126.957979
14:32:34  GPS채택:1430
14:32:34  GPS이상치거부:24
14:32:34  GPS품질거부:2
14:32:34  GPS재기준:0
14:32:34  계산거리:18.37
14:32:34  접근속도:0.00
14:32:34  TTC:999.00
14:32:34  방향오차:-4.5
14:32:34  전방여부:0
14:32:34  위험음성횟수:13
14:32:34  충격음성횟수:1
14:32:34  마지막위험음성:2
14:32:34  RSSI원시:-55
14:32:34  RSSI평활:-55.6
14:32:34  RSSI샘플:2723
14:32:34  RSSI경과ms:105
14:32:34  RSSI구간:4
14:32:34  RSSI거리:1.45
14:32:34  상대보정:1
14:32:34  상대보정중:0
14:32:34  보정동쪽:12.63
14:32:34  보정북쪽:-31.94
14:32:34  위험송신:0
14:32:34  시각ms:321071
14:32:34  IMU시각ms:321070
14:32:34  위험:0
14:32:34  원시위험:0
14:32:34  GPS유효:1
14:32:34  위도:37.496593
14:32:34  경도:126.957979
14:32:34  속도:0.01
14:32:34  방향:352.4
14:32:34  이동방향유효:0
14:32:34  GPS이동방향:352.4
14:32:34  차체방향유효:1
14:32:34  차체방향:177.1
14:32:34  후진판정:1
14:32:34  IMU요회전속도:0.00
14:32:34  방향가속도크기:9.82
14:32:34  방향자이로크기:4.35
14:32:34  방향자세cos:0.9993
14:32:34  자기모델잔차:17.65
14:32:34  자기모델반경:0.858
14:32:34  방향채택:2
14:32:34  방향거부:36745
14:32:34  GPS원시속도:0.000
14:32:34  GPS원시방향유효:1
14:32:34  GPS원시방향:356.1
14:32:34  가속도:-0.37,0.84,9.77
14:32:34  자이로:-1.2,1.9,-3.7
14:32:34  자력계:3.600,0.450,12.150
14:32:34  충격값:0.11
14:32:34  충격피크:0.21
14:32:34  마지막충격발생값:111.97
14:32:34  마지막충격발생ms:136944
14:32:34  송신:3054
14:32:34  지팡이수신:2728
14:32:34  GPS위성:7
14:32:34  GPS_HDOP:1.23
14:32:34  원시위도:37.496595
14:32:34  원시경도:126.957979
14:32:34  GPS채택:1433
14:32:34  GPS이상치거부:24
14:32:34  GPS품질거부:2
14:32:34  GPS재기준:0
14:32:34  계산거리:17.82
14:32:34  접근속도:0.00
14:32:34  TTC:999.00
14:32:34  방향오차:-2.7
14:32:34  전방여부:0
14:32:34  위험음성횟수:13
14:32:34  충격음성횟수:1
14:32:34  마지막위험음성:2
14:32:34  RSSI원시:-64
14:32:34  RSSI평활:-56.7
14:32:34  RSSI샘플:2728
14:32:34  RSSI경과ms:93
14:32:34  RSSI구간:4
14:32:34  RSSI거리:1.61
14:32:34  상대보정:1
14:32:34  상대보정중:0
14:32:34  보정동쪽:12.63
14:32:34  보정북쪽:-31.94
14:32:34  위험송신:0
14:32:34  시각ms:321172
14:32:34  IMU시각ms:321171
14:32:34  위험:0
14:32:34  원시위험:0
14:32:34  GPS유효:1
14:32:34  위도:37.496593
14:32:34  경도:126.957979
14:32:34  속도:0.01
14:32:34  방향:352.4
14:32:34  이동방향유효:0
14:32:34  GPS이동방향:352.4
14:32:34  차체방향유효:1
14:32:34  차체방향:177.1
14:32:34  후진판정:1
14:32:34  IMU요회전속도:0.00
14:32:34  방향가속도크기:9.73
14:32:34  방향자이로크기:0.44
14:32:34  방향자세cos:0.9992
14:32:34  자기모델잔차:16.67
14:32:34  자기모델반경:0.841
14:32:34  방향채택:2
14:32:34  방향거부:36757
14:32:34  GPS원시속도:0.000
14:32:34  GPS원시방향유효:1
14:32:34  GPS원시방향:356.1
14:32:34  가속도:-0.35,0.86,9.68
14:32:34  자이로:0.0,-0.3,0.3
14:32:34  자력계:3.300,-0.300,11.250
14:32:34  충격값:0.09
14:32:34  충격피크:0.17
14:32:34  마지막충격발생값:111.97
14:32:34  마지막충격발생ms:136944
14:32:34  송신:3055
14:32:34  지팡이수신:2729
14:32:34  GPS위성:7
14:32:34  GPS_HDOP:1.23
14:32:34  원시위도:37.496595
14:32:34  원시경도:126.957979
14:32:34  GPS채택:1433
14:32:34  GPS이상치거부:24
14:32:34  GPS품질거부:2
14:32:34  GPS재기준:0
14:32:34  계산거리:17.40
14:32:34  접근속도:0.00
14:32:34  TTC:999.00
14:32:34  방향오차:-3.0
14:32:34  전방여부:0
14:32:34  위험음성횟수:13
14:32:34  충격음성횟수:1
14:32:34  마지막위험음성:2
14:32:34  RSSI원시:-71
14:32:34  RSSI평활:-59.5
14:32:34  RSSI샘플:2729
14:32:34  RSSI경과ms:91
14:32:34  RSSI구간:4
14:32:34  RSSI거리:2.11
14:32:34  상대보정:1
14:32:34  상대보정중:0
14:32:34  보정동쪽:12.63
14:32:34  보정북쪽:-31.94
14:32:34  위험송신:0
14:32:34  시각ms:321374
14:32:34  IMU시각ms:321373
14:32:34  위험:0
14:32:34  원시위험:0
14:32:34  GPS유효:1
14:32:34  위도:37.496593
14:32:34  경도:126.957979
14:32:34  속도:0.01
14:32:34  방향:352.4
14:32:34  이동방향유효:0
14:32:34  GPS이동방향:352.4
14:32:34  차체방향유효:1
14:32:34  차체방향:177.1
14:32:34  후진판정:1
14:32:34  IMU요회전속도:0.00
14:32:34  방향가속도크기:9.81
14:32:34  방향자이로크기:1.50
14:32:34  방향자세cos:0.9995
14:32:34  자기모델잔차:19.06
14:32:34  자기모델반경:0.842
14:32:34  방향채택:2
14:32:34  방향거부:36781
14:32:34  GPS원시속도:0.005
14:32:34  GPS원시방향유효:1
14:32:34  GPS원시방향:356.1
14:32:34  가속도:-0.41,0.79,9.77
14:32:34  자이로:0.5,0.5,-1.3
14:32:34  자력계:2.850,-0.150,13.650
14:32:34  충격값:0.14
14:32:34  충격피크:0.19
14:32:34  마지막충격발생값:111.97
14:32:34  마지막충격발생ms:136944
14:32:34  송신:3057
14:32:34  지팡이수신:2731
14:32:34  GPS위성:7
14:32:34  GPS_HDOP:1.23
14:32:34  원시위도:37.496596
14:32:34  원시경도:126.957979
14:32:34  GPS채택:1434
14:32:34  GPS이상치거부:24
14:32:34  GPS품질거부:2
14:32:34  GPS재기준:0
14:32:34  계산거리:17.40
14:32:34  접근속도:0.00
14:32:34  TTC:999.00
14:32:34  방향오차:-3.0
14:32:34  전방여부:0
14:32:34  위험음성횟수:13
14:32:34  충격음성횟수:1
14:32:34  마지막위험음성:2
14:32:34  RSSI원시:-55
14:32:34  RSSI평활:-58.7
14:32:34  RSSI샘플:2731
14:32:34  RSSI경과ms:82
14:32:34  RSSI구간:4
14:32:34  RSSI거리:1.95
14:32:34  상대보정:1
14:32:34  상대보정중:0
14:32:34  보정동쪽:12.63
14:32:34  보정북쪽:-31.94
14:32:34  위험송신:0
14:32:35  시각ms:321476
14:32:35  IMU시각ms:321475
14:32:35  위험:0
14:32:35  원시위험:0
14:32:35  GPS유효:1
14:32:35  위도:37.496593
14:32:35  경도:126.957979
14:32:35  속도:0.02
14:32:35  방향:352.4
14:32:35  이동방향유효:0
14:32:35  GPS이동방향:352.4
14:32:35  차체방향유효:1
14:32:35  차체방향:177.1
14:32:35  후진판정:1
14:32:35  IMU요회전속도:0.00
14:32:35  방향가속도크기:9.72
14:32:35  방향자이로크기:1.71
14:32:35  방향자세cos:0.9991
14:32:35  자기모델잔차:19.06
14:32:35  자기모델반경:0.791
14:32:35  방향채택:2
14:32:35  방향거부:36793
14:32:35  GPS원시속도:0.026
14:32:35  GPS원시방향유효:1
14:32:35  GPS원시방향:356.1
14:32:35  가속도:-0.56,0.87,9.67
14:32:35  자이로:0.6,-1.2,1.1
14:32:35  자력계:3.750,-1.500,13.800
14:32:35  충격값:0.13
14:32:35  충격피크:0.23
14:32:35  마지막충격발생값:111.97
14:32:35  마지막충격발생ms:136944
14:32:35  송신:3058
14:32:35  지팡이수신:2732
14:32:35  GPS위성:7
14:32:35  GPS_HDOP:1.23
14:32:35  원시위도:37.496596
14:32:35  원시경도:126.957979
14:32:35  GPS채택:1435
14:32:35  GPS이상치거부:24
14:32:35  GPS품질거부:2
14:32:35  GPS재기준:0
14:32:35  계산거리:17.29
14:32:35  접근속도:0.00
14:32:35  TTC:999.00
14:32:35  방향오차:-0.8
14:32:35  전방여부:0
14:32:35  위험음성횟수:13
14:32:35  충격음성횟수:1
14:32:35  마지막위험음성:2
14:32:35  RSSI원시:-58
14:32:35  RSSI평활:-58.6
14:32:35  RSSI샘플:2732
14:32:35  RSSI경과ms:79
14:32:35  RSSI구간:4
14:32:35  RSSI거리:1.92
14:32:35  상대보정:1
14:32:35  상대보정중:0
14:32:35  보정동쪽:12.63
14:32:35  보정북쪽:-31.94
14:32:35  위험송신:0
14:32:35  시각ms:321578
14:32:35  IMU시각ms:321577
14:32:35  위험:0
14:32:35  원시위험:0
14:32:35  GPS유효:1
14:32:35  위도:37.496593
14:32:35  경도:126.957979
14:32:35  속도:0.02
14:32:35  방향:352.4
14:32:35  이동방향유효:0
14:32:35  GPS이동방향:352.4
14:32:35  차체방향유효:1
14:32:35  차체방향:177.1
14:32:35  후진판정:1
14:32:35  IMU요회전속도:0.00
14:32:35  방향가속도크기:9.86
14:32:35  방향자이로크기:5.01
14:32:35  방향자세cos:0.9990
14:32:35  자기모델잔차:18.76
14:32:35  자기모델반경:0.800
14:32:35  방향채택:2
14:32:35  방향거부:36805
14:32:35  GPS원시속도:0.026
14:32:35  GPS원시방향유효:1
14:32:35  GPS원시방향:356.1
14:32:35  가속도:-0.45,0.94,9.81
14:32:35  자이로:3.0,2.3,-3.3
14:32:35  자력계:3.000,-1.500,13.500
14:32:35  충격값:0.12
14:32:35  충격피크:0.15
14:32:35  마지막충격발생값:111.97
14:32:35  마지막충격발생ms:136944
14:32:35  송신:3059
14:32:35  지팡이수신:2733
14:32:35  GPS위성:7
14:32:35  GPS_HDOP:1.23
14:32:35  원시위도:37.496596
14:32:35  원시경도:126.957979
14:32:35  GPS채택:1435
14:32:35  GPS이상치거부:24
14:32:35  GPS품질거부:2
14:32:35  GPS재기준:0
14:32:35  계산거리:17.29
14:32:35  접근속도:0.00
14:32:35  TTC:999.00
14:32:35  방향오차:-0.8
14:32:35  전방여부:0
14:32:35  위험음성횟수:13
14:32:35  충격음성횟수:1
14:32:35  마지막위험음성:2
14:32:35  RSSI원시:-63
14:32:35  RSSI평활:-59.5
14:32:35  RSSI샘플:2733
14:32:35  RSSI경과ms:76
14:32:35  RSSI구간:4
14:32:35  RSSI거리:2.09
14:32:35  상대보정:1
14:32:35  상대보정중:0
14:32:35  보정동쪽:12.63
14:32:35  보정북쪽:-31.94
14:32:35  위험송신:0
14:32:35  시각ms:321682
14:32:35  IMU시각ms:321681
14:32:35  위험:0
14:32:35  원시위험:0
14:32:35  GPS유효:1
14:32:35  위도:37.496594
14:32:35  경도:126.957979
14:32:35  속도:0.01
14:32:35  방향:352.4
14:32:35  이동방향유효:0
14:32:35  GPS이동방향:352.4
14:32:35  차체방향유효:1
14:32:35  차체방향:177.1
14:32:35  후진판정:1
14:32:35  IMU요회전속도:0.00
14:32:35  방향가속도크기:9.81
14:32:35  방향자이로크기:3.58
14:32:35  방향자세cos:0.9996
14:32:35  자기모델잔차:17.66
14:32:35  자기모델반경:0.824
14:32:35  방향채택:2
14:32:35  방향거부:36816
14:32:35  GPS원시속도:0.010
14:32:35  GPS원시방향유효:1
14:32:35  GPS원시방향:356.1
14:32:35  가속도:-0.47,0.75,9.77
14:32:35  자이로:-2.3,2.7,-0.4
14:32:35  자력계:3.300,-0.750,12.300
14:32:35  충격값:0.17
14:32:35  충격피크:0.17
14:32:35  마지막충격발생값:111.97
14:32:35  마지막충격발생ms:136944
14:32:35  송신:3060
14:32:35  지팡이수신:2734
14:32:35  GPS위성:7
14:32:35  GPS_HDOP:1.23
14:32:35  원시위도:37.496596
14:32:35  원시경도:126.957979
14:32:35  GPS채택:1436
14:32:35  GPS이상치거부:24
14:32:35  GPS품질거부:2
14:32:35  GPS재기준:0
14:32:35  계산거리:17.29
14:32:35  접근속도:0.00
14:32:35  TTC:999.00
14:32:35  방향오차:-0.8
14:32:35  전방여부:0
14:32:35  위험음성횟수:13
14:32:35  충격음성횟수:1
14:32:35  마지막위험음성:2
14:32:35  RSSI원시:-66
14:32:35  RSSI평활:-60.8
14:32:35  RSSI샘플:2734
14:32:35  RSSI경과ms:74
14:32:35  RSSI구간:4
14:32:35  RSSI거리:2.37
14:32:35  상대보정:1
14:32:35  상대보정중:0
14:32:35  보정동쪽:12.63
14:32:35  보정북쪽:-31.94
14:32:35  위험송신:0
14:32:35  시각ms:321782
14:32:35  IMU시각ms:321781
14:32:35  위험:0
14:32:35  원시위험:0
14:32:35  GPS유효:1
14:32:35  위도:37.496594
14:32:35  경도:126.957979
14:32:35  속도:0.01
14:32:35  방향:352.4
14:32:35  이동방향유효:0
14:32:35  GPS이동방향:352.4
14:32:35  차체방향유효:1
14:32:35  차체방향:177.1
14:32:35  후진판정:1
14:32:35  IMU요회전속도:0.00
14:32:35  방향가속도크기:9.74
14:32:35  방향자이로크기:1.97
14:32:35  방향자세cos:0.9988
14:32:35  자기모델잔차:19.15
14:32:35  자기모델반경:0.808
14:32:35  방향채택:2
14:32:35  방향거부:36828
14:32:35  GPS원시속도:0.010
14:32:35  GPS원시방향유효:1
14:32:35  GPS원시방향:356.1
14:32:35  가속도:-0.41,0.96,9.69
14:32:35  자이로:1.3,-1.4,0.4
14:32:35  자력계:4.500,-0.750,13.800
14:32:35  충격값:0.06
14:32:35  충격피크:0.17
14:32:35  마지막충격발생값:111.97
14:32:35  마지막충격발생ms:136944
14:32:35  송신:3061
14:32:35  지팡이수신:2734
14:32:35  GPS위성:7
14:32:35  GPS_HDOP:1.23
14:32:35  원시위도:37.496596
14:32:35  원시경도:126.957979
14:32:35  GPS채택:1436
14:32:35  GPS이상치거부:24
14:32:35  GPS품질거부:2
14:32:35  GPS재기준:0
14:32:35  계산거리:17.29
14:32:35  접근속도:0.00
14:32:35  TTC:999.00
14:32:35  방향오차:-0.8
14:32:35  전방여부:0
14:32:35  위험음성횟수:13
14:32:35  충격음성횟수:1
14:32:35  마지막위험음성:2
14:32:35  RSSI원시:-66
14:32:35  RSSI평활:-60.8
14:32:35  RSSI샘플:2734
14:32:35  RSSI경과ms:174
14:32:35  RSSI구간:4
14:32:35  RSSI거리:2.37
14:32:35  상대보정:1
14:32:35  상대보정중:0
14:32:35  보정동쪽:12.63
14:32:35  보정북쪽:-31.94
14:32:35  위험송신:0
14:32:35  시각ms:321884
14:32:35  IMU시각ms:321883
14:32:35  위험:0
14:32:35  원시위험:0
14:32:35  GPS유효:1
14:32:35  위도:37.496594
14:32:35  경도:126.957979
14:32:35  속도:0.04
14:32:35  방향:352.4
14:32:35  이동방향유효:0
14:32:35  GPS이동방향:352.4
14:32:35  차체방향유효:1
14:32:35  차체방향:177.1
14:32:35  후진판정:1
14:32:35  IMU요회전속도:0.00
14:32:35  방향가속도크기:9.80
14:32:35  방향자이로크기:2.80
14:32:35  방향자세cos:0.9991
14:32:35  자기모델잔차:18.23
14:32:35  자기모델반경:0.850
14:32:35  방향채택:2
14:32:35  방향거부:36840
14:32:35  GPS원시속도:0.057
14:32:35  GPS원시방향유효:1
14:32:35  GPS원시방향:356.1
14:32:35  가속도:-0.48,0.90,9.75
14:32:35  자이로:-1.5,0.2,-2.3
14:32:35  자력계:3.750,0.300,12.750
14:32:35  충격값:0.07
14:32:35  충격피크:0.17
14:32:35  마지막충격발생값:111.97
14:32:35  마지막충격발생ms:136944
14:32:35  송신:3062
14:32:35  지팡이수신:2735
14:32:35  GPS위성:7
14:32:35  GPS_HDOP:1.23
14:32:35  원시위도:37.496596
14:32:35  원시경도:126.957980
14:32:35  GPS채택:1437
14:32:35  GPS이상치거부:24
14:32:35  GPS품질거부:2
14:32:35  GPS재기준:0
14:32:35  계산거리:17.29
14:32:35  접근속도:0.00
14:32:35  TTC:999.00
14:32:35  방향오차:-0.8
14:32:35  전방여부:0
14:32:35  위험음성횟수:13
14:32:35  충격음성횟수:1
14:32:35  마지막위험음성:2
14:32:35  RSSI원시:-69
14:32:35  RSSI평활:-62.4
14:32:35  RSSI샘플:2735
14:32:35  RSSI경과ms:67
14:32:35  RSSI구간:4
14:32:35  RSSI거리:2.77
14:32:35  상대보정:1
14:32:35  상대보정중:0
14:32:35  보정동쪽:12.63
14:32:35  보정북쪽:-31.94
14:32:35  위험송신:0
14:32:35  시각ms:322091
14:32:35  IMU시각ms:322090
14:32:35  위험:0
14:32:35  원시위험:0
14:32:35  GPS유효:1
14:32:35  위도:37.496594
14:32:35  경도:126.957979
14:32:35  속도:0.02
14:32:35  방향:352.4
14:32:35  이동방향유효:0
14:32:35  GPS이동방향:352.4
14:32:35  차체방향유효:1
14:32:35  차체방향:177.1
14:32:35  후진판정:1
14:32:35  IMU요회전속도:0.00
14:32:35  방향가속도크기:9.81
14:32:35  방향자이로크기:2.58
14:32:35  방향자세cos:0.9990
14:32:35  자기모델잔차:18.33
14:32:35  자기모델반경:0.828
14:32:35  방향채택:2
14:32:35  방향거부:36863
14:32:35  GPS원시속도:0.005
14:32:35  GPS원시방향유효:1
14:32:35  GPS원시방향:356.1
14:32:35  가속도:-0.39,0.93,9.75
14:32:35  자이로:0.5,-1.9,1.7
14:32:35  자력계:4.650,-0.150,12.900
14:32:35  충격값:0.06
14:32:35  충격피크:0.18
14:32:35  마지막충격발생값:111.97
14:32:35  마지막충격발생ms:136944
14:32:35  송신:3064
14:32:35  지팡이수신:2737
14:32:35  GPS위성:7
14:32:35  GPS_HDOP:1.23
14:32:35  원시위도:37.496596
14:32:35  원시경도:126.957980
14:32:35  GPS채택:1438
14:32:35  GPS이상치거부:24
14:32:35  GPS품질거부:2
14:32:35  GPS재기준:0
14:32:35  계산거리:17.29
14:32:35  접근속도:0.00
14:32:35  TTC:999.00
14:32:35  방향오차:-0.8
14:32:35  전방여부:0
14:32:35  위험음성횟수:13
14:32:35  충격음성횟수:1
14:32:35  마지막위험음성:2
14:32:35  RSSI원시:-61
14:32:35  RSSI평활:-61.3
14:32:35  RSSI샘플:2737
14:32:35  RSSI경과ms:62
14:32:35  RSSI구간:4
14:32:35  RSSI거리:2.48
14:32:35  상대보정:1
14:32:35  상대보정중:0
14:32:35  보정동쪽:12.63
14:32:35  보정북쪽:-31.94
14:32:35  위험송신:0
14:32:35  시각ms:322292
14:32:35  IMU시각ms:322291
14:32:35  위험:0
14:32:35  원시위험:0
14:32:35  GPS유효:1
14:32:35  위도:37.496594
14:32:35  경도:126.957979
14:32:35  속도:0.03
14:32:35  방향:352.4
14:32:35  이동방향유효:0
14:32:35  GPS이동방향:352.4
14:32:35  차체방향유효:1
14:32:35  차체방향:177.1
14:32:35  후진판정:1
14:32:35  IMU요회전속도:0.00
14:32:35  방향가속도크기:9.76
14:32:35  방향자이로크기:3.97
14:32:35  방향자세cos:0.9993
14:32:35  자기모델잔차:18.33
14:32:35  자기모델반경:0.834
14:32:35  방향채택:2
14:32:35  방향거부:36887
14:32:35  GPS원시속도:0.046
14:32:35  GPS원시방향유효:1
14:32:35  GPS원시방향:356.1
14:32:35  가속도:-0.47,0.84,9.72
14:32:35  자이로:3.5,-1.7,0.7
14:32:35  자력계:3.900,-0.150,12.900
14:32:35  충격값:0.08
14:32:35  충격피크:0.19
14:32:35  마지막충격발생값:111.97
14:32:35  마지막충격발생ms:136944
14:32:35  송신:3066
14:32:35  지팡이수신:2739
14:32:35  GPS위성:7
14:32:35  GPS_HDOP:1.23
14:32:35  원시위도:37.496596
14:32:35  원시경도:126.957980
14:32:35  GPS채택:1439
14:32:35  GPS이상치거부:24
14:32:35  GPS품질거부:2
14:32:35  GPS재기준:0
14:32:35  계산거리:17.29
14:32:35  접근속도:0.00
14:32:35  TTC:999.00
14:32:35  방향오차:-0.8
14:32:35  전방여부:0
14:32:35  위험음성횟수:13
14:32:35  충격음성횟수:1
14:32:35  마지막위험음성:2
14:32:35  RSSI원시:-56
14:32:35  RSSI평활:-59.5
14:32:35  RSSI샘플:2739
14:32:35  RSSI경과ms:47
14:32:35  RSSI구간:4
14:32:35  RSSI거리:2.11
14:32:35  상대보정:1
14:32:35  상대보정중:0
14:32:35  보정동쪽:12.63
14:32:35  보정북쪽:-31.94
14:32:35  위험송신:0
14:32:36  시각ms:322393
14:32:36  IMU시각ms:322392
14:32:36  위험:0
14:32:36  원시위험:0
14:32:36  GPS유효:1
14:32:36  위도:37.496594
14:32:36  경도:126.957979
14:32:36  속도:0.05
14:32:36  방향:352.4
14:32:36  이동방향유효:0
14:32:36  GPS이동방향:352.4
14:32:36  차체방향유효:1
14:32:36  차체방향:177.1
14:32:36  후진판정:1
14:32:36  IMU요회전속도:0.00
14:32:36  방향가속도크기:9.73
14:32:36  방향자이로크기:2.57
14:32:36  방향자세cos:0.9988
14:32:36  자기모델잔차:18.54
14:32:36  자기모델반경:0.810
14:32:36  방향채택:2
14:32:36  방향거부:36899
14:32:36  GPS원시속도:0.062
14:32:36  GPS원시방향유효:1
14:32:36  GPS원시방향:356.1
14:32:36  가속도:-0.34,0.94,9.68
14:32:36  자이로:2.4,-0.2,1.0
14:32:36  자력계:3.900,-0.900,13.200
14:32:36  충격값:0.09
14:32:36  충격피크:0.16
14:32:36  마지막충격발생값:111.97
14:32:36  마지막충격발생ms:136944
14:32:36  송신:3067
14:32:36  지팡이수신:2740
14:32:36  GPS위성:7
14:32:36  GPS_HDOP:1.23
14:32:36  원시위도:37.496596
14:32:36  원시경도:126.957980
14:32:36  GPS채택:1440
14:32:36  GPS이상치거부:24
14:32:36  GPS품질거부:2
14:32:36  GPS재기준:0
14:32:36  계산거리:16.87
14:32:36  접근속도:0.00
14:32:36  TTC:999.00
14:32:36  방향오차:-1.0
14:32:36  전방여부:0
14:32:36  위험음성횟수:13
14:32:36  충격음성횟수:1
14:32:36  마지막위험음성:2
14:32:36  RSSI원시:-56
14:32:36  RSSI평활:-58.8
14:32:36  RSSI샘플:2740
14:32:36  RSSI경과ms:47
14:32:36  RSSI구간:4
14:32:36  RSSI거리:1.97
14:32:36  상대보정:1
14:32:36  상대보정중:0
14:32:36  보정동쪽:12.63
14:32:36  보정북쪽:-31.94
14:32:36  위험송신:0
14:32:36  시각ms:322501
14:32:36  IMU시각ms:322500
14:32:36  위험:0
14:32:36  원시위험:0
14:32:36  GPS유효:1
14:32:36  위도:37.496594
14:32:36  경도:126.957979
14:32:36  속도:0.05
14:32:36  방향:352.4
14:32:36  이동방향유효:0
14:32:36  GPS이동방향:352.4
14:32:36  차체방향유효:1
14:32:36  차체방향:177.1
14:32:36  후진판정:1
14:32:36  IMU요회전속도:0.00
14:32:36  방향가속도크기:9.82
14:32:36  방향자이로크기:2.21
14:32:36  방향자세cos:0.9990
14:32:36  자기모델잔차:17.73
14:32:36  자기모델반경:0.810
14:32:36  방향채택:2
14:32:36  방향거부:36912
14:32:36  GPS원시속도:0.062
14:32:36  GPS원시방향유효:1
14:32:36  GPS원시방향:356.1
14:32:36  가속도:-0.39,0.92,9.77
14:32:36  자이로:-1.5,0.4,-1.6
14:32:36  자력계:2.850,-1.350,12.450
14:32:36  충격값:0.07
14:32:36  충격피크:0.22
14:32:36  마지막충격발생값:111.97
14:32:36  마지막충격발생ms:136944
14:32:36  송신:3068
14:32:36  지팡이수신:2741
14:32:36  GPS위성:7
14:32:36  GPS_HDOP:1.23
14:32:36  원시위도:37.496596
14:32:36  원시경도:126.957980
14:32:36  GPS채택:1440
14:32:36  GPS이상치거부:24
14:32:36  GPS품질거부:2
14:32:36  GPS재기준:0
14:32:36  계산거리:16.87
14:32:36  접근속도:0.00
14:32:36  TTC:999.00
14:32:36  방향오차:-1.0
14:32:36  전방여부:0
14:32:36  위험음성횟수:13
14:32:36  충격음성횟수:1
14:32:36  마지막위험음성:2
14:32:36  RSSI원시:-60
14:32:36  RSSI평활:-59.1
14:32:36  RSSI샘플:2741
14:32:36  RSSI경과ms:47
14:32:36  RSSI구간:4
14:32:36  RSSI거리:2.01
14:32:36  상대보정:1
14:32:36  상대보정중:0
14:32:36  보정동쪽:12.63
14:32:36  보정북쪽:-31.94
14:32:36  위험송신:0
14:32:36  시각ms:323014
14:32:36  IMU시각ms:323013
14:32:36  위험:0
14:32:36  원시위험:0
14:32:36  GPS유효:1
14:32:36  위도:37.496595
14:32:36  경도:126.957979
14:32:36  속도:0.05
14:32:36  방향:352.4
14:32:36  이동방향유효:0
14:32:36  GPS이동방향:352.4
14:32:36  차체방향유효:1
14:32:36  차체방향:177.1
14:32:36  후진판정:1
14:32:36  IMU요회전속도:0.00
14:32:36  방향가속도크기:9.73
14:32:36  방향자이로크기:3.17
14:32:36  방향자세cos:0.9995
14:32:36  자기모델잔차:17.79
14:32:36  자기모델반경:0.839
14:32:36  방향채택:2
14:32:36  방향거부:36972
14:32:36  GPS원시속도:0.041
14:32:36  GPS원시방향유효:1
14:32:36  GPS원시방향:356.1
14:32:36  가속도:-0.43,0.80,9.69
14:32:36  자이로:0.5,-3.1,-0.3
14:32:36  자력계:5.250,0.300,12.300
14:32:36  충격값:0.17
14:32:36  충격피크:1.47
14:32:36  마지막충격발생값:111.97
14:32:36  마지막충격발생ms:136944
14:32:36  송신:3073
14:32:36  지팡이수신:2744
14:32:36  GPS위성:7
14:32:36  GPS_HDOP:1.23
14:32:36  원시위도:37.496597
14:32:36  원시경도:126.957979
14:32:36  GPS채택:1443
14:32:36  GPS이상치거부:24
14:32:36  GPS품질거부:2
14:32:36  GPS재기준:0
14:32:36  계산거리:16.57
14:32:36  접근속도:0.00
14:32:36  TTC:999.00
14:32:36  방향오차:-3.5
14:32:36  전방여부:0
14:32:36  위험음성횟수:13
14:32:36  충격음성횟수:1
14:32:36  마지막위험음성:2
14:32:36  RSSI원시:-71
14:32:36  RSSI평활:-61.7
14:32:36  RSSI샘플:2744
14:32:36  RSSI경과ms:32
14:32:36  RSSI구간:4
14:32:36  RSSI거리:2.58
14:32:36  상대보정:1
14:32:36  상대보정중:0
14:32:36  보정동쪽:12.63
14:32:36  보정북쪽:-31.94
14:32:36  위험송신:0
14:32:36  시각ms:323116
14:32:36  IMU시각ms:323115
14:32:36  위험:0
14:32:36  원시위험:0
14:32:36  GPS유효:1
14:32:36  위도:37.496595
14:32:36  경도:126.957979
14:32:36  속도:0.05
14:32:36  방향:352.4
14:32:36  이동방향유효:0
14:32:36  GPS이동방향:352.4
14:32:36  차체방향유효:1
14:32:36  차체방향:177.1
14:32:36  후진판정:1
14:32:36  IMU요회전속도:0.00
14:32:36  방향가속도크기:9.68
14:32:36  방향자이로크기:5.45
14:32:36  방향자세cos:0.9943
14:32:36  자기모델잔차:19.24
14:32:36  자기모델반경:0.833
14:32:36  방향채택:2
14:32:36  방향거부:36984
14:32:36  GPS원시속도:0.041
14:32:36  GPS원시방향유효:1
14:32:36  GPS원시방향:356.1
14:32:36  가속도:-0.52,1.50,9.55
14:32:36  자이로:4.5,-2.1,2.2
14:32:36  자력계:4.200,0.000,13.800
14:32:36  충격값:0.63
14:32:36  충격피크:1.36
14:32:36  마지막충격발생값:111.97
14:32:36  마지막충격발생ms:136944
14:32:36  송신:3074
14:32:36  지팡이수신:2745
14:32:36  GPS위성:7
14:32:36  GPS_HDOP:1.23
14:32:36  원시위도:37.496597
14:32:36  원시경도:126.957979
14:32:36  GPS채택:1443
14:32:36  GPS이상치거부:24
14:32:36  GPS품질거부:2
14:32:36  GPS재기준:0
14:32:36  계산거리:16.30
14:32:36  접근속도:0.00
14:32:36  TTC:999.00
14:32:36  방향오차:-6.1
14:32:36  전방여부:0
14:32:36  위험음성횟수:13
14:32:36  충격음성횟수:1
14:32:36  마지막위험음성:2
14:32:36  RSSI원시:-59
14:32:36  RSSI평활:-61.1
14:32:36  RSSI샘플:2745
14:32:36  RSSI경과ms:31
14:32:36  RSSI구간:4
14:32:36  RSSI거리:2.45
14:32:36  상대보정:1
14:32:36  상대보정중:0
14:32:36  보정동쪽:12.63
14:32:36  보정북쪽:-31.94
14:32:36  위험송신:0
14:32:36  시각ms:323320
14:32:36  IMU시각ms:323319
14:32:36  위험:0
14:32:36  원시위험:0
14:32:36  GPS유효:1
14:32:36  위도:37.496595
14:32:36  경도:126.957979
14:32:36  속도:0.05
14:32:36  방향:352.4
14:32:36  이동방향유효:0
14:32:36  GPS이동방향:352.4
14:32:36  차체방향유효:1
14:32:36  차체방향:177.1
14:32:36  후진판정:1
14:32:36  IMU요회전속도:-2.34
14:32:36  방향가속도크기:8.61
14:32:36  방향자이로크기:7.13
14:32:36  방향자세cos:0.9996
14:32:36  자기모델잔차:19.51
14:32:36  자기모델반경:0.790
14:32:36  방향채택:2
14:32:36  방향거부:37007
14:32:36  GPS원시속도:0.041
14:32:36  GPS원시방향유효:1
14:32:36  GPS원시방향:356.1
14:32:36  가속도:-0.17,0.55,8.60
14:32:36  자이로:5.1,0.1,5.0
14:32:36  자력계:3.750,-1.500,14.250
14:32:36  충격값:0.97
14:32:36  충격피크:1.39
14:32:36  마지막충격발생값:111.97
14:32:36  마지막충격발생ms:136944
14:32:36  송신:3076
14:32:36  지팡이수신:2747
14:32:36  GPS위성:7
14:32:36  GPS_HDOP:1.23
14:32:36  원시위도:37.496597
14:32:36  원시경도:126.957979
14:32:36  GPS채택:1444
14:32:36  GPS이상치거부:24
14:32:36  GPS품질거부:2
14:32:36  GPS재기준:0
14:32:36  계산거리:16.30
14:32:36  접근속도:0.00
14:32:36  TTC:999.00
14:32:36  방향오차:-6.1
14:32:36  전방여부:0
14:32:36  위험음성횟수:13
14:32:36  충격음성횟수:1
14:32:36  마지막위험음성:2
14:32:36  RSSI원시:-64
14:32:36  RSSI평활:-61.8
14:32:36  RSSI샘플:2747
14:32:36  RSSI경과ms:18
14:32:36  RSSI구간:4
14:32:36  RSSI거리:2.62
14:32:36  상대보정:1
14:32:36  상대보정중:0
14:32:36  보정동쪽:12.63
14:32:36  보정북쪽:-31.94
14:32:36  위험송신:0
14:32:37  시각ms:323520
14:32:37  IMU시각ms:323519
14:32:37  위험:0
14:32:37  원시위험:0
14:32:37  GPS유효:1
14:32:37  위도:37.496595
14:32:37  경도:126.957979
14:32:37  속도:0.04
14:32:37  방향:352.4
14:32:37  이동방향유효:0
14:32:37  GPS이동방향:352.4
14:32:37  차체방향유효:1
14:32:37  차체방향:167.8
14:32:37  후진판정:1
14:32:37  IMU요회전속도:-88.32
14:32:37  방향가속도크기:11.24
14:32:37  방향자이로크기:93.62
14:32:37  방향자세cos:0.9979
14:32:37  자기모델잔차:19.03
14:32:37  자기모델반경:0.855
14:32:37  방향채택:2
14:32:37  방향거부:37031
14:32:37  GPS원시속도:0.036
14:32:37  GPS원시방향유효:1
14:32:37  GPS원시방향:356.1
14:32:37  가속도:-0.43,2.09,11.03
14:32:37  자이로:17.9,17.8,90.1
14:32:37  자력계:4.950,6.600,15.000
14:32:37  충격값:1.45
14:32:37  충격피크:1.67
14:32:37  마지막충격발생값:111.97
14:32:37  마지막충격발생ms:136944
14:32:37  송신:3078
14:32:37  지팡이수신:2749
14:32:37  GPS위성:7
14:32:37  GPS_HDOP:1.23
14:32:37  원시위도:37.496597
14:32:37  원시경도:126.957979
14:32:37  GPS채택:1445
14:32:37  GPS이상치거부:24
14:32:37  GPS품질거부:2
14:32:37  GPS재기준:0
14:32:37  계산거리:15.89
14:32:37  접근속도:0.00
14:32:37  TTC:999.00
14:32:37  방향오차:-6.5
14:32:37  전방여부:0
14:32:37  위험음성횟수:13
14:32:37  충격음성횟수:1
14:32:37  마지막위험음성:2
14:32:37  RSSI원시:-60
14:32:37  RSSI평활:-62.0
14:32:37  RSSI샘플:2749
14:32:37  RSSI경과ms:11
14:32:37  RSSI구간:4
14:32:37  RSSI거리:2.66
14:32:37  상대보정:1
14:32:37  상대보정중:0
14:32:37  보정동쪽:12.63
14:32:37  보정북쪽:-31.94
14:32:37  위험송신:0
14:32:37  시각ms:323733
14:32:37  IMU시각ms:323720
14:32:37  위험:0
14:32:37  원시위험:0
14:32:37  GPS유효:1
14:32:37  위도:37.496595
14:32:37  경도:126.957979
14:32:37  속도:0.03
14:32:37  방향:352.4
14:32:37  이동방향유효:0
14:32:37  GPS이동방향:352.4
14:32:37  차체방향유효:1
14:32:37  차체방향:156.7
14:32:37  후진판정:1
14:32:37  IMU요회전속도:-45.05
14:32:37  방향가속도크기:12.50
14:32:37  방향자이로크기:48.77
14:32:37  방향자세cos:0.9979
14:32:37  자기모델잔차:19.03
14:32:37  자기모델반경:0.855
14:32:37  방향채택:2
14:32:37  방향거부:37055
14:32:37  GPS원시속도:0.021
14:32:37  GPS원시방향유효:1
14:32:37  GPS원시방향:356.1
14:32:37  가속도:-0.40,1.87,12.35
14:32:37  자이로:-11.0,-1.3,47.5
14:32:37  자력계:10.200,9.450,12.000
14:32:37  충격값:1.67
14:32:37  충격피크:2.09
14:32:37  마지막충격발생값:111.97
14:32:37  마지막충격발생ms:136944
14:32:37  송신:3080
14:32:37  지팡이수신:2751
14:32:37  GPS위성:7
14:32:37  GPS_HDOP:1.23
14:32:37  원시위도:37.496597
14:32:37  원시경도:126.957980
14:32:37  GPS채택:1446
14:32:37  GPS이상치거부:24
14:32:37  GPS품질거부:2
14:32:37  GPS재기준:0
14:32:37  계산거리:16.07
14:32:37  접근속도:0.00
14:32:37  TTC:999.00
14:32:37  방향오차:-8.8
14:32:37  전방여부:0
14:32:37  위험음성횟수:13
14:32:37  충격음성횟수:1
14:32:37  마지막위험음성:2
14:32:37  RSSI원시:-70
14:32:37  RSSI평활:-64.9
14:32:37  RSSI샘플:2751
14:32:37  RSSI경과ms:15
14:32:37  RSSI구간:4
14:32:37  RSSI거리:3.50
14:32:37  상대보정:1
14:32:37  상대보정중:0
14:32:37  보정동쪽:12.63
14:32:37  보정북쪽:-31.94
14:32:37  위험송신:0
14:32:37  시각ms:323836
14:32:37  IMU시각ms:323823
14:32:37  위험:0
14:32:37  원시위험:0
14:32:37  GPS유효:1
14:32:37  위도:37.496595
14:32:37  경도:126.957979
14:32:37  속도:0.06
14:32:37  방향:352.4
14:32:37  이동방향유효:0
14:32:37  GPS이동방향:352.4
14:32:37  차체방향유효:1
14:32:37  차체방향:150.7
14:32:37  후진판정:1
14:32:37  IMU요회전속도:-64.12
14:32:37  방향가속도크기:12.05
14:32:37  방향자이로크기:70.39
14:32:37  방향자세cos:0.9979
14:32:37  자기모델잔차:19.03
14:32:37  자기모델반경:0.855
14:32:37  방향채택:2
14:32:37  방향거부:37066
14:32:37  GPS원시속도:0.093
14:32:37  GPS원시방향유효:1
14:32:37  GPS원시방향:356.1
14:32:37  가속도:-0.24,1.19,11.99
14:32:37  자이로:-23.5,19.9,63.3
14:32:37  자력계:9.300,9.900,11.700
14:32:37  충격값:1.04
14:32:37  충격피크:1.83
14:32:37  마지막충격발생값:111.97
14:32:37  마지막충격발생ms:136944
14:32:37  송신:3081
14:32:37  지팡이수신:2752
14:32:37  GPS위성:7
14:32:37  GPS_HDOP:1.23
14:32:37  원시위도:37.496597
14:32:37  원시경도:126.957980
14:32:37  GPS채택:1447
14:32:37  GPS이상치거부:24
14:32:37  GPS품질거부:2
14:32:37  GPS재기준:0
14:32:37  계산거리:16.07
14:32:37  접근속도:0.00
14:32:37  TTC:999.00
14:32:37  방향오차:-8.8
14:32:37  전방여부:0
14:32:37  위험음성횟수:13
14:32:37  충격음성횟수:1
14:32:37  마지막위험음성:2
14:32:37  RSSI원시:-72
14:32:37  RSSI평활:-66.3
14:32:37  RSSI샘플:2752
14:32:37  RSSI경과ms:14
14:32:37  RSSI구간:4
14:32:37  RSSI거리:4.01
14:32:37  상대보정:1
14:32:37  상대보정중:0
14:32:37  보정동쪽:12.63
14:32:37  보정북쪽:-31.94
14:32:37  위험송신:0
14:32:37  시각ms:323928
14:32:37  IMU시각ms:323927
14:32:37  위험:0
14:32:37  원시위험:0
14:32:37  GPS유효:1
14:32:37  위도:37.496595
14:32:37  경도:126.957979
14:32:37  속도:0.06
14:32:37  방향:352.4
14:32:37  이동방향유효:0
14:32:37  GPS이동방향:352.4
14:32:37  차체방향유효:1
14:32:37  차체방향:144.6
14:32:37  후진판정:1
14:32:37  IMU요회전속도:-49.95
14:32:37  방향가속도크기:10.91
14:32:37  방향자이로크기:62.37
14:32:37  방향자세cos:0.9979
14:32:37  자기모델잔차:19.03
14:32:37  자기모델반경:0.855
14:32:37  방향채택:2
14:32:37  방향거부:37077
14:32:37  GPS원시속도:0.093
14:32:37  GPS원시방향유효:1
14:32:37  GPS원시방향:356.1
14:32:37  가속도:-1.09,1.97,10.68
14:32:37  자이로:-10.3,39.8,46.9
14:32:37  자력계:13.350,14.550,9.300
14:32:37  충격값:0.82
14:32:37  충격피크:1.67
14:32:37  마지막충격발생값:111.97
14:32:37  마지막충격발생ms:136944
14:32:37  송신:3082
14:32:37  지팡이수신:2752
14:32:37  GPS위성:7
14:32:37  GPS_HDOP:1.23
14:32:37  원시위도:37.496597
14:32:37  원시경도:126.957980
14:32:37  GPS채택:1447
14:32:37  GPS이상치거부:24
14:32:37  GPS품질거부:2
14:32:37  GPS재기준:0
14:32:37  계산거리:16.07
14:32:37  접근속도:0.00
14:32:37  TTC:999.00
14:32:37  방향오차:-8.8
14:32:37  전방여부:0
14:32:37  위험음성횟수:13
14:32:37  충격음성횟수:1
14:32:37  마지막위험음성:2
14:32:37  RSSI원시:-72
14:32:37  RSSI평활:-66.3
14:32:37  RSSI샘플:2752
14:32:37  RSSI경과ms:106
14:32:37  RSSI구간:4
14:32:37  RSSI거리:4.01
14:32:37  상대보정:1
14:32:37  상대보정중:0
14:32:37  보정동쪽:12.63
14:32:37  보정북쪽:-31.94
14:32:37  위험송신:0
14:32:37  시각ms:324034
14:32:37  IMU시각ms:324033
14:32:37  위험:0
14:32:37  원시위험:0
14:32:37  GPS유효:1
14:32:37  위도:37.496596
14:32:37  경도:126.957979
14:32:37  속도:0.18
14:32:37  방향:352.4
14:32:37  이동방향유효:0
14:32:37  GPS이동방향:352.4
14:32:37  차체방향유효:1
14:32:37  차체방향:139.9
14:32:37  후진판정:1
14:32:37  IMU요회전속도:-36.36
14:32:37  방향가속도크기:9.20
14:32:37  방향자이로크기:44.63
14:32:37  방향자세cos:0.9996
14:32:37  자기모델잔차:15.10
14:32:37  자기모델반경:1.265
14:32:37  방향채택:2
14:32:37  방향거부:37088
14:32:37  GPS원시속도:0.293
14:32:37  GPS원시방향유효:1
14:32:37  GPS원시방향:356.1
14:32:37  가속도:-0.51,0.69,9.16
14:32:37  자이로:-2.7,27.2,35.3
14:32:37  자력계:13.500,13.950,7.950
14:32:37  충격값:1.94
14:32:37  충격피크:2.08
14:32:37  마지막충격발생값:111.97
14:32:37  마지막충격발생ms:136944
14:32:37  송신:3083
14:32:37  지팡이수신:2754
14:32:37  GPS위성:7
14:32:37  GPS_HDOP:1.23
14:32:37  원시위도:37.496597
14:32:37  원시경도:126.957979
14:32:37  GPS채택:1448
14:32:37  GPS이상치거부:24
14:32:37  GPS품질거부:2
14:32:37  GPS재기준:0
14:32:37  계산거리:16.07
14:32:37  접근속도:0.00
14:32:37  TTC:999.00
14:32:37  방향오차:-8.8
14:32:37  전방여부:0
14:32:37  위험음성횟수:13
14:32:37  충격음성횟수:1
14:32:37  마지막위험음성:2
14:32:37  RSSI원시:-58
14:32:37  RSSI평활:-65.5
14:32:37  RSSI샘플:2754
14:32:37  RSSI경과ms:0
14:32:37  RSSI구간:4
14:32:37  RSSI거리:4.47
14:32:37  상대보정:1
14:32:37  상대보정중:0
14:32:37  보정동쪽:12.63
14:32:37  보정북쪽:-31.94
14:32:37  위험송신:0
14:32:37  시각ms:324236
14:32:37  IMU시각ms:324235
14:32:37  위험:0
14:32:37  원시위험:0
14:32:37  GPS유효:1
14:32:37  위도:37.496596
14:32:37  경도:126.957979
14:32:37  속도:0.14
14:32:37  방향:352.4
14:32:37  이동방향유효:0
14:32:37  GPS이동방향:352.4
14:32:37  차체방향유효:1
14:32:37  차체방향:134.7
14:32:37  후진판정:1
14:32:37  IMU요회전속도:-11.25
14:32:37  방향가속도크기:7.16
14:32:37  방향자이로크기:37.90
14:32:37  방향자세cos:0.9971
14:32:37  자기모델잔차:15.98
14:32:37  자기모델반경:1.423
14:32:37  방향채택:2
14:32:37  방향거부:37112
14:32:37  GPS원시속도:0.098
14:32:37  GPS원시방향유효:1
14:32:37  GPS원시방향:356.1
14:32:37  가속도:-0.72,0.72,7.09
14:32:37  자이로:29.6,19.8,13.0
14:32:37  자력계:15.900,18.900,8.250
14:32:37  충격값:2.72
14:32:37  충격피크:2.83
14:32:37  마지막충격발생값:111.97
14:32:37  마지막충격발생ms:136944
14:32:37  송신:3085
14:32:37  지팡이수신:2755
14:32:37  GPS위성:8
14:32:37  GPS_HDOP:1.23
14:32:37  원시위도:37.496596
14:32:37  원시경도:126.957980
14:32:37  GPS채택:1449
14:32:37  GPS이상치거부:24
14:32:37  GPS품질거부:2
14:32:37  GPS재기준:0
14:32:37  계산거리:16.07
14:32:37  접근속도:0.00
14:32:37  TTC:999.00
14:32:37  방향오차:-8.8
14:32:37  전방여부:0
14:32:37  위험음성횟수:13
14:32:37  충격음성횟수:1
14:32:37  마지막위험음성:2
14:32:37  RSSI원시:-56
14:32:37  RSSI평활:-63.6
14:32:37  RSSI샘플:2755
14:32:37  RSSI경과ms:95
14:32:37  RSSI구간:4
14:32:37  RSSI거리:3.11
14:32:37  상대보정:1
14:32:37  상대보정중:0
14:32:37  보정동쪽:12.63
14:32:37  보정북쪽:-31.94
14:32:37  위험송신:0
14:32:37  시각ms:324437
14:32:37  IMU시각ms:324436
14:32:37  위험:0
14:32:37  원시위험:0
14:32:37  GPS유효:1
14:32:37  위도:37.496596
14:32:37  경도:126.957979
14:32:37  속도:0.18
14:32:37  방향:352.4
14:32:37  이동방향유효:0
14:32:37  GPS이동방향:352.4
14:32:37  차체방향유효:1
14:32:37  차체방향:135.8
14:32:37  후진판정:1
14:32:37  IMU요회전속도:9.10
14:32:37  방향가속도크기:7.31
14:32:37  방향자이로크기:52.02
14:32:37  방향자세cos:0.9880
14:32:37  자기모델잔차:14.53
14:32:37  자기모델반경:1.441
14:32:37  방향채택:2
14:32:37  방향거부:37136
14:32:37  GPS원시속도:0.216
14:32:37  GPS원시방향유효:1
14:32:37  GPS원시방향:356.1
14:32:37  가속도:-0.50,1.78,7.07
14:32:37  자이로:13.4,-50.1,-4.0
14:32:37  자력계:15.150,18.900,8.550
14:32:37  충격값:1.76
14:32:37  충격피크:2.14
14:32:37  마지막충격발생값:111.97
14:32:37  마지막충격발생ms:136944
14:32:37  송신:3087
14:32:37  지팡이수신:2756
14:32:37  GPS위성:9
14:32:37  GPS_HDOP:1.23
14:32:37  원시위도:37.496597
14:32:37  원시경도:126.957981
14:32:37  GPS채택:1450
14:32:37  GPS이상치거부:24
14:32:37  GPS품질거부:2
14:32:37  GPS재기준:0
14:32:37  계산거리:16.07
14:32:37  접근속도:0.00
14:32:37  TTC:999.00
14:32:37  방향오차:-8.8
14:32:37  전방여부:0
14:32:37  위험음성횟수:13
14:32:37  충격음성횟수:1
14:32:37  마지막위험음성:2
14:32:37  RSSI원시:-70
14:32:37  RSSI평활:-64.9
14:32:37  RSSI샘플:2756
14:32:37  RSSI경과ms:187
14:32:37  RSSI구간:4
14:32:37  RSSI거리:3.51
14:32:37  상대보정:1
14:32:37  상대보정중:0
14:32:37  보정동쪽:12.63
14:32:37  보정북쪽:-31.94
14:32:37  위험송신:0
14:32:38  시각ms:324537
14:32:38  IMU시각ms:324536
14:32:38  위험:0
14:32:38  원시위험:0
14:32:38  GPS유효:1
14:32:38  위도:37.496596
14:32:38  경도:126.957979
14:32:38  속도:0.18
14:32:38  방향:352.4
14:32:38  이동방향유효:0
14:32:38  GPS이동방향:352.4
14:32:38  차체방향유효:1
14:32:38  차체방향:135.6
14:32:38  후진판정:1
14:32:38  IMU요회전속도:-12.20
14:32:38  방향가속도크기:8.20
14:32:38  방향자이로크기:44.46
14:32:38  방향자세cos:0.9783
14:32:38  자기모델잔차:16.95
14:32:38  자기모델반경:1.400
14:32:38  방향채택:2
14:32:38  방향거부:37148
14:32:38  GPS원시속도:0.216
14:32:38  GPS원시방향유효:1
14:32:38  GPS원시방향:356.1
14:32:38  가속도:-0.39,2.09,7.92
14:32:38  자이로:1.7,-38.7,21.7
14:32:38  자력계:12.150,18.450,9.300
14:32:38  충격값:0.89
14:32:38  충격피크:1.73
14:32:38  마지막충격발생값:111.97
14:32:38  마지막충격발생ms:136944
14:32:38  송신:3088
14:32:38  지팡이수신:2757
14:32:38  GPS위성:9
14:32:38  GPS_HDOP:1.23
14:32:38  원시위도:37.496597
14:32:38  원시경도:126.957981
14:32:38  GPS채택:1450
14:32:38  GPS이상치거부:24
14:32:38  GPS품질거부:2
14:32:38  GPS재기준:0
14:32:38  계산거리:16.47
14:32:38  접근속도:0.00
14:32:38  TTC:999.00
14:32:38  방향오차:-8.4
14:32:38  전방여부:0
14:32:38  위험음성횟수:13
14:32:38  충격음성횟수:1
14:32:38  마지막위험음성:2
14:32:38  RSSI원시:-59
14:32:38  RSSI평활:-63.7
14:32:38  RSSI샘플:2757
14:32:38  RSSI경과ms:80
14:32:38  RSSI구간:4
14:32:38  RSSI거리:3.14
14:32:38  상대보정:1
14:32:38  상대보정중:0
14:32:38  보정동쪽:12.63
14:32:38  보정북쪽:-31.94
14:32:38  위험송신:0
14:32:38  시각ms:324638
14:32:38  IMU시각ms:324637
14:32:38  위험:0
14:32:38  원시위험:0
14:32:38  GPS유효:1
14:32:38  위도:37.496596
14:32:38  경도:126.957979
14:32:38  속도:0.16
14:32:38  방향:352.4
14:32:38  이동방향유효:0
14:32:38  GPS이동방향:352.4
14:32:38  차체방향유효:1
14:32:38  차체방향:134.3
14:32:38  후진판정:1
14:32:38  IMU요회전속도:-19.10
14:32:38  방향가속도크기:8.91
14:32:38  방향자이로크기:26.60
14:32:38  방향자세cos:0.9848
14:32:38  자기모델잔차:18.83
14:32:38  자기모델반경:1.460
14:32:38  방향채택:2
14:32:38  방향거부:37160
14:32:38  GPS원시속도:0.144
14:32:38  GPS원시방향유효:1
14:32:38  GPS원시방향:356.1
14:32:38  가속도:0.11,1.90,8.71
14:32:38  자이로:-9.2,-9.4,23.1
14:32:38  자력계:13.050,20.550,10.950
14:32:38  충격값:0.82
14:32:38  충격피크:0.97
14:32:38  마지막충격발생값:111.97
14:32:38  마지막충격발생ms:136944
14:32:38  송신:3089
14:32:38  지팡이수신:2758
14:32:38  GPS위성:9
14:32:38  GPS_HDOP:1.23
14:32:38  원시위도:37.496596
14:32:38  원시경도:126.957980
14:32:38  GPS채택:1451
14:32:38  GPS이상치거부:24
14:32:38  GPS품질거부:2
14:32:38  GPS재기준:0
14:32:38  계산거리:16.47
14:32:38  접근속도:0.00
14:32:38  TTC:999.00
14:32:38  방향오차:-8.4
14:32:38  전방여부:0
14:32:38  위험음성횟수:13
14:32:38  충격음성횟수:1
14:32:38  마지막위험음성:2
14:32:38  RSSI원시:-62
14:32:38  RSSI평활:-63.4
14:32:38  RSSI샘플:2758
14:32:38  RSSI경과ms:68
14:32:38  RSSI구간:4
14:32:38  RSSI거리:3.04
14:32:38  상대보정:1
14:32:38  상대보정중:0
14:32:38  보정동쪽:12.63
14:32:38  보정북쪽:-31.94
14:32:38  위험송신:0
14:32:38  시각ms:324739
14:32:38  IMU시각ms:324738
14:32:38  위험:0
14:32:38  원시위험:0
14:32:38  GPS유효:1
14:32:38  위도:37.496596
14:32:38  경도:126.957979
14:32:38  속도:0.16
14:32:38  방향:352.4
14:32:38  이동방향유효:0
14:32:38  GPS이동방향:352.4
14:32:38  차체방향유효:1
14:32:38  차체방향:132.1
14:32:38  후진판정:1
14:32:38  IMU요회전속도:-28.22
14:32:38  방향가속도크기:9.81
14:32:38  방향자이로크기:55.11
14:32:38  방향자세cos:0.9717
14:32:38  자기모델잔차:17.04
14:32:38  자기모델반경:1.423
14:32:38  방향채택:2
14:32:38  방향거부:37172
14:32:38  GPS원시속도:0.144
14:32:38  GPS원시방향유효:1
14:32:38  GPS원시방향:356.1
14:32:38  가속도:-0.23,2.30,9.53
14:32:38  자이로:-39.0,-20.7,32.9
14:32:38  자력계:11.550,18.600,10.200
14:32:38  충격값:1.02
14:32:38  충격피크:2.18
14:32:38  마지막충격발생값:111.97
14:32:38  마지막충격발생ms:136944
14:32:38  송신:3090
14:32:38  지팡이수신:2759
14:32:38  GPS위성:9
14:32:38  GPS_HDOP:1.23
14:32:38  원시위도:37.496596
14:32:38  원시경도:126.957980
14:32:38  GPS채택:1451
14:32:38  GPS이상치거부:24
14:32:38  GPS품질거부:2
14:32:38  GPS재기준:0
14:32:38  계산거리:16.88
14:32:38  접근속도:0.00
14:32:38  TTC:999.00
14:32:38  방향오차:-8.0
14:32:38  전방여부:0
14:32:38  위험음성횟수:13
14:32:38  충격음성횟수:1
14:32:38  마지막위험음성:2
14:32:38  RSSI원시:-62
14:32:38  RSSI평활:-63.1
14:32:38  RSSI샘플:2759
14:32:38  RSSI경과ms:72
14:32:38  RSSI구간:4
14:32:38  RSSI거리:2.96
14:32:38  상대보정:1
14:32:38  상대보정중:0
14:32:38  보정동쪽:12.63
14:32:38  보정북쪽:-31.94
14:32:38  위험송신:0
14:32:38  시각ms:324840
14:32:38  IMU시각ms:324839
14:32:38  위험:0
14:32:38  원시위험:0
14:32:38  GPS유효:1
14:32:38  위도:37.496596
14:32:38  경도:126.957979
14:32:38  속도:0.30
14:32:38  방향:352.4
14:32:38  이동방향유효:0
14:32:38  GPS이동방향:356.1
14:32:38  차체방향유효:1
14:32:38  차체방향:134.3
14:32:38  후진판정:1
14:32:38  IMU요회전속도:-29.67
14:32:38  방향가속도크기:9.75
14:32:38  방향자이로크기:35.08
14:32:38  방향자세cos:0.9965
14:32:38  자기모델잔차:17.82
14:32:38  자기모델반경:1.392
14:32:38  방향채택:2
14:32:38  방향거부:37184
14:32:38  GPS원시속도:0.437
14:32:38  GPS원시방향유효:1
14:32:38  GPS원시방향:356.1
14:32:38  가속도:-0.57,1.29,9.64
14:32:38  자이로:11.6,1.8,33.1
14:32:38  자력계:12.300,18.300,10.200
14:32:38  충격값:0.92
14:32:38  충격피크:1.25
14:32:38  마지막충격발생값:111.97
14:32:38  마지막충격발생ms:136944
14:32:38  송신:3091
14:32:38  지팡이수신:2760
14:32:38  GPS위성:9
14:32:38  GPS_HDOP:1.23
14:32:38  원시위도:37.496596
14:32:38  원시경도:126.957979
14:32:38  GPS채택:1452
14:32:38  GPS이상치거부:24
14:32:38  GPS품질거부:2
14:32:38  GPS재기준:0
14:32:38  계산거리:16.88
14:32:38  접근속도:0.00
14:32:38  TTC:999.00
14:32:38  방향오차:-8.0
14:32:38  전방여부:0
14:32:38  위험음성횟수:13
14:32:38  충격음성횟수:1
14:32:38  마지막위험음성:2
14:32:38  RSSI원시:-59
14:32:38  RSSI평활:-62.3
14:32:38  RSSI샘플:2760
14:32:38  RSSI경과ms:68
14:32:38  RSSI구간:4
14:32:38  RSSI거리:2.74
14:32:38  상대보정:1
14:32:38  상대보정중:0
14:32:38  보정동쪽:12.63
14:32:38  보정북쪽:-31.94
14:32:38  위험송신:0
14:32:38  시각ms:325046
14:32:38  IMU시각ms:325045
14:32:38  위험:0
14:32:38  원시위험:0
14:32:38  GPS유효:1
14:32:38  위도:37.496596
14:32:38  경도:126.957978
14:32:38  속도:0.52
14:32:38  방향:342.3
14:32:38  이동방향유효:1
14:32:38  GPS이동방향:342.3
14:32:38  차체방향유효:1
14:32:38  차체방향:136.1
14:32:38  후진판정:1
14:32:38  IMU요회전속도:0.00
14:32:38  방향가속도크기:9.55
14:32:38  방향자이로크기:13.81
14:32:38  방향자세cos:0.9936
14:32:38  자기모델잔차:23.16
14:32:38  자기모델반경:1.627
14:32:38  방향채택:2
14:32:38  방향거부:37207
14:32:38  GPS원시속도:0.751
14:32:38  GPS원시방향유효:1
14:32:38  GPS원시방향:316.7
14:32:38  가속도:0.62,0.70,9.50
14:32:38  자이로:12.0,-6.5,-2.1
14:32:38  자력계:7.800,26.100,14.700
14:32:38  충격값:1.14
14:32:38  충격피크:1.82
14:32:38  마지막충격발생값:111.97
14:32:38  마지막충격발생ms:136944
14:32:38  송신:3093
14:32:38  지팡이수신:2762
14:32:38  GPS위성:9
14:32:38  GPS_HDOP:1.23
14:32:38  원시위도:37.496596
14:32:38  원시경도:126.957977
14:32:38  GPS채택:1453
14:32:38  GPS이상치거부:24
14:32:38  GPS품질거부:2
14:32:38  GPS재기준:0
14:32:38  계산거리:17.29
14:32:38  접근속도:0.00
14:32:38  TTC:999.00
14:32:38  방향오차:-7.6
14:32:38  전방여부:0
14:32:38  위험음성횟수:13
14:32:38  충격음성횟수:1
14:32:38  마지막위험음성:2
14:32:38  RSSI원시:-71
14:32:38  RSSI평활:-64.1
14:32:38  RSSI샘플:2762
14:32:38  RSSI경과ms:63
14:32:38  RSSI구간:4
14:32:38  RSSI거리:3.27
14:32:38  상대보정:1
14:32:38  상대보정중:0
14:32:38  보정동쪽:12.63
14:32:38  보정북쪽:-31.94
14:32:38  위험송신:0
14:32:38  시각ms:325249
14:32:38  IMU시각ms:325248
14:32:38  위험:0
14:32:38  원시위험:0
14:32:38  GPS유효:1
14:32:38  위도:37.496596
14:32:38  경도:126.957976
14:32:38  속도:0.72
14:32:38  방향:324.3
14:32:38  이동방향유효:1
14:32:38  GPS이동방향:324.3
14:32:38  차체방향유효:1
14:32:38  차체방향:138.3
14:32:38  후진판정:1
14:32:38  IMU요회전속도:15.57
14:32:38  방향가속도크기:9.87
14:32:38  방향자이로크기:30.35
14:32:38  방향자세cos:0.9895
14:32:38  자기모델잔차:22.49
14:32:38  자기모델반경:1.537
14:32:38  방향채택:2
14:32:38  방향거부:37231
14:32:38  GPS원시속도:0.921
14:32:38  GPS원시방향유효:1
14:32:38  GPS원시방향:290.9
14:32:38  가속도:0.95,0.79,9.80
14:32:38  자이로:-19.5,-15.8,-17.1
14:32:38  자력계:5.850,22.950,14.400
14:32:38  충격값:1.02
14:32:38  충격피크:1.11
14:32:38  마지막충격발생값:111.97
14:32:38  마지막충격발생ms:136944
14:32:38  송신:3095
14:32:38  지팡이수신:2764
14:32:38  GPS위성:9
14:32:38  GPS_HDOP:1.23
14:32:38  원시위도:37.496596
14:32:38  원시경도:126.957975
14:32:38  GPS채택:1454
14:32:38  GPS이상치거부:24
14:32:38  GPS품질거부:2
14:32:38  GPS재기준:0
14:32:38  계산거리:17.70
14:32:38  접근속도:0.68
14:32:38  TTC:999.00
14:32:38  방향오차:20.8
14:32:38  전방여부:0
14:32:38  위험음성횟수:13
14:32:38  충격음성횟수:1
14:32:38  마지막위험음성:2
14:32:38  RSSI원시:-63
14:32:38  RSSI평활:-63.6
14:32:38  RSSI샘플:2764
14:32:38  RSSI경과ms:55
14:32:38  RSSI구간:4
14:32:38  RSSI거리:3.09
14:32:38  상대보정:1
14:32:38  상대보정중:0
14:32:38  보정동쪽:12.63
14:32:38  보정북쪽:-31.94
14:32:38  위험송신:0
14:32:38  시각ms:325350
14:32:38  IMU시각ms:325349
14:32:38  위험:0
14:32:38  원시위험:0
14:32:38  GPS유효:1
14:32:38  위도:37.496596
14:32:38  경도:126.957975
14:32:38  속도:0.72
14:32:38  방향:324.3
14:32:38  이동방향유효:1
14:32:38  GPS이동방향:324.3
14:32:38  차체방향유효:1
14:32:38  차체방향:140.5
14:32:38  후진판정:1
14:32:38  IMU요회전속도:30.26
14:32:38  방향가속도크기:8.42
14:32:38  방향자이로크기:36.96
14:32:38  방향자세cos:0.9574
14:32:38  자기모델잔차:22.88
14:32:38  자기모델반경:1.478
14:32:38  방향채택:2
14:32:38  방향거부:37243
14:32:38  GPS원시속도:0.921
14:32:38  GPS원시방향유효:1
14:32:38  GPS원시방향:290.9
14:32:38  가속도:1.90,-0.47,8.19
14:32:38  자이로:-16.6,-2.4,-32.9
14:32:38  자력계:6.300,20.550,15.450
14:32:38  충격값:2.22
14:32:38  충격피크:9.29
14:32:38  마지막충격발생값:111.97
14:32:38  마지막충격발생ms:136944
14:32:38  송신:3096
14:32:38  지팡이수신:2765
14:32:38  GPS위성:9
14:32:38  GPS_HDOP:1.23
14:32:38  원시위도:37.496596
14:32:38  원시경도:126.957975
14:32:38  GPS채택:1454
14:32:38  GPS이상치거부:24
14:32:38  GPS품질거부:2
14:32:38  GPS재기준:0
14:32:38  계산거리:17.70
14:32:38  접근속도:0.68
14:32:38  TTC:999.00
14:32:38  방향오차:20.8
14:32:38  전방여부:0
14:32:38  위험음성횟수:13
14:32:38  충격음성횟수:1
14:32:38  마지막위험음성:2
14:32:38  RSSI원시:-61
14:32:38  RSSI평활:-63.1
14:32:38  RSSI샘플:2765
14:32:38  RSSI경과ms:44
14:32:38  RSSI구간:4
14:32:38  RSSI거리:2.95
14:32:38  상대보정:1
14:32:38  상대보정중:0
14:32:38  보정동쪽:12.63
14:32:38  보정북쪽:-31.94
14:32:38  위험송신:0
14:32:38  시각ms:325450
14:32:38  IMU시각ms:325449
14:32:38  위험:0
14:32:38  원시위험:0
14:32:38  GPS유효:1
14:32:38  위도:37.496596
14:32:38  경도:126.957974
14:32:38  속도:0.72
14:32:38  방향:309.4
14:32:38  이동방향유효:1
14:32:38  GPS이동방향:309.4
14:32:38  차체방향유효:1
14:32:38  차체방향:141.9
14:32:38  후진판정:1
14:32:38  IMU요회전속도:25.78
14:32:38  방향가속도크기:9.44
14:32:38  방향자이로크기:49.26
14:32:38  방향자세cos:0.9574
14:32:38  자기모델잔차:22.88
14:32:38  자기모델반경:1.478
14:32:38  방향채택:2
14:32:38  방향거부:37255
14:32:38  GPS원시속도:0.710
14:32:38  GPS원시방향유효:1
14:32:38  GPS원시방향:281.6
14:32:38  가속도:1.73,0.01,9.28
14:32:38  자이로:-31.1,24.9,-29.0
14:32:38  자력계:10.050,17.400,14.700
14:32:38  충격값:1.25
14:32:38  충격피크:1.59
14:32:38  마지막충격발생값:111.97
14:32:38  마지막충격발생ms:136944
14:32:38  송신:3097
14:32:38  지팡이수신:2766
14:32:38  GPS위성:9
14:32:38  GPS_HDOP:1.23
14:32:38  원시위도:37.496595
14:32:38  원시경도:126.957973
14:32:38  GPS채택:1455
14:32:38  GPS이상치거부:24
14:32:38  GPS품질거부:2
14:32:38  GPS재기준:0
14:32:38  계산거리:18.11
14:32:38  접근속도:0.58
14:32:38  TTC:999.00
14:32:38  방향오차:36.1
14:32:38  전방여부:0
14:32:38  위험음성횟수:13
14:32:38  충격음성횟수:1
14:32:38  마지막위험음성:2
14:32:38  RSSI원시:-60
14:32:38  RSSI평활:-62.4
14:32:38  RSSI샘플:2766
14:32:38  RSSI경과ms:44
14:32:38  RSSI구간:4
14:32:38  RSSI거리:2.78
14:32:38  상대보정:1
14:32:38  상대보정중:0
14:32:38  보정동쪽:12.63
14:32:38  보정북쪽:-31.94
14:32:38  위험송신:0
14:32:39  시각ms:325657
14:32:39  IMU시각ms:325656
14:32:39  위험:1
14:32:39  원시위험:0
14:32:39  GPS유효:1
14:32:39  위도:37.496595
14:32:39  경도:126.957972
14:32:39  속도:0.74
14:32:39  방향:291.2
14:32:39  이동방향유효:1
14:32:39  GPS이동방향:291.2
14:32:39  차체방향유효:1
14:32:39  차체방향:140.9
14:32:39  후진판정:1
14:32:39  IMU요회전속도:-18.02
14:32:39  방향가속도크기:9.28
14:32:39  방향자이로크기:29.66
14:32:39  방향자세cos:0.9701
14:32:39  자기모델잔차:18.85
14:32:39  자기모델반경:1.259
14:32:39  방향채택:2
14:32:39  방향거부:37278
14:32:39  GPS원시속도:0.756
14:32:39  GPS원시방향유효:1
14:32:39  GPS원시방향:257.3
14:32:39  가속도:1.64,1.39,9.03
14:32:39  자이로:-16.0,12.8,21.4
14:32:39  자력계:12.300,14.250,11.700
14:32:39  충격값:0.93
14:32:39  충격피크:1.23
14:32:39  마지막충격발생값:111.97
14:32:39  마지막충격발생ms:136944
14:32:39  송신:3099
14:32:39  지팡이수신:2768
14:32:39  GPS위성:9
14:32:39  GPS_HDOP:1.23
14:32:39  원시위도:37.496594
14:32:39  원시경도:126.957972
14:32:39  GPS채택:1456
14:32:39  GPS이상치거부:24
14:32:39  GPS품질거부:2
14:32:39  GPS재기준:0
14:32:39  계산거리:18.78
14:32:39  접근속도:0.40
14:32:39  TTC:999.00
14:32:39  방향오차:57.0
14:32:39  전방여부:0
14:32:39  위험음성횟수:14
14:32:39  충격음성횟수:1
14:32:39  마지막위험음성:1
14:32:39  RSSI원시:-55
14:32:39  RSSI평활:-61.2
14:32:39  RSSI샘플:2768
14:32:39  RSSI경과ms:42
14:32:39  RSSI구간:4
14:32:39  RSSI거리:2.47
14:32:39  상대보정:1
14:32:39  상대보정중:0
14:32:39  보정동쪽:12.63
14:32:39  보정북쪽:-31.94
14:32:39  위험송신:0
14:32:39  시각ms:325757
14:32:39  IMU시각ms:325756
14:32:39  위험:1
14:32:39  원시위험:0
14:32:39  GPS유효:1
14:32:39  위도:37.496595
14:32:39  경도:126.957972
14:32:39  속도:0.74
14:32:39  방향:291.2
14:32:39  이동방향유효:1
14:32:39  GPS이동방향:291.2
14:32:39  차체방향유효:1
14:32:39  차체방향:138.4
14:32:39  후진판정:1
14:32:39  IMU요회전속도:-27.84
14:32:39  방향가속도크기:10.39
14:32:39  방향자이로크기:31.49
14:32:39  방향자세cos:0.9686
14:32:39  자기모델잔차:19.22
14:32:39  자기모델반경:1.278
14:32:39  방향채택:2
14:32:39  방향거부:37290
14:32:39  GPS원시속도:0.756
14:32:39  GPS원시방향유효:1
14:32:39  GPS원시방향:257.3
14:32:39  가속도:2.06,1.08,10.12
14:32:39  자이로:-3.3,7.1,30.5
14:32:39  자력계:13.350,14.850,12.000
14:32:39  충격값:1.29
14:32:39  충격피크:1.78
14:32:39  마지막충격발생값:111.97
14:32:39  마지막충격발생ms:136944
14:32:39  송신:3100
14:32:39  지팡이수신:2769
14:32:39  GPS위성:9
14:32:39  GPS_HDOP:1.23
14:32:39  원시위도:37.496594
14:32:39  원시경도:126.957972
14:32:39  GPS채택:1456
14:32:39  GPS이상치거부:24
14:32:39  GPS품질거부:2
14:32:39  GPS재기준:0
14:32:39  계산거리:18.78
14:32:39  접근속도:0.40
14:32:39  TTC:999.00
14:32:39  방향오차:57.0
14:32:39  전방여부:0
14:32:39  위험음성횟수:14
14:32:39  충격음성횟수:1
14:32:39  마지막위험음성:1
14:32:39  RSSI원시:-58
14:32:39  RSSI평활:-60.6
14:32:39  RSSI샘플:2769
14:32:39  RSSI경과ms:29
14:32:39  RSSI구간:4
14:32:39  RSSI거리:2.32
14:32:39  상대보정:1
14:32:39  상대보정중:0
14:32:39  보정동쪽:12.63
14:32:39  보정북쪽:-31.94
14:32:39  위험송신:0
14:32:39  시각ms:325963
14:32:39  IMU시각ms:325962
14:32:39  위험:1
14:32:39  원시위험:0
14:32:39  GPS유효:1
14:32:39  위도:37.496594
14:32:39  경도:126.957970
14:32:39  속도:0.71
14:32:39  방향:278.7
14:32:39  이동방향유효:1
14:32:39  GPS이동방향:278.7
14:32:39  차체방향유효:1
14:32:39  차체방향:129.0
14:32:39  후진판정:1
14:32:39  IMU요회전속도:-0.02
14:32:39  방향가속도크기:12.32
14:32:39  방향자이로크기:20.12
14:32:39  방향자세cos:0.9884
14:32:39  자기모델잔차:20.32
14:32:39  자기모델반경:1.454
14:32:39  방향채택:2
14:32:39  방향거부:37314
14:32:39  GPS원시속도:0.679
14:32:39  GPS원시방향유효:1
14:32:39  GPS원시방향:255.6
14:32:39  가속도:-1.24,2.34,12.03
14:32:39  자이로:19.0,-6.6,1.3
14:32:39  자력계:12.000,20.550,12.450
14:32:39  충격값:3.37
14:32:39  충격피크:3.37
14:32:39  마지막충격발생값:111.97
14:32:39  마지막충격발생ms:136944
14:32:39  송신:3102
14:32:39  지팡이수신:2771
14:32:39  GPS위성:9
14:32:39  GPS_HDOP:1.23
14:32:39  원시위도:37.496594
14:32:39  원시경도:126.957971
14:32:39  GPS채택:1457
14:32:39  GPS이상치거부:24
14:32:39  GPS품질거부:2
14:32:39  GPS재기준:0
14:32:39  계산거리:19.20
14:32:39  접근속도:0.25
14:32:39  TTC:999.00
14:32:39  방향오차:69.7
14:32:39  전방여부:0
14:32:39  위험음성횟수:14
14:32:39  충격음성횟수:1
14:32:39  마지막위험음성:1
14:32:39  RSSI원시:-57
14:32:39  RSSI평활:-59.4
14:32:39  RSSI샘플:2771
14:32:39  RSSI경과ms:30
14:32:39  RSSI구간:4
14:32:39  RSSI거리:2.09
14:32:39  상대보정:1
14:32:39  상대보정중:0
14:32:39  보정동쪽:12.63
14:32:39  보정북쪽:-31.94
14:32:39  위험송신:0
14:32:39  시각ms:326068
14:32:39  IMU시각ms:326067
14:32:39  위험:1
14:32:39  원시위험:0
14:32:39  GPS유효:1
14:32:39  위도:37.496594
14:32:39  경도:126.957969
14:32:39  속도:0.69
14:32:39  방향:270.5
14:32:39  이동방향유효:1
14:32:39  GPS이동방향:270.5
14:32:39  차체방향유효:1
14:32:39  차체방향:124.0
14:32:39  후진판정:1
14:32:39  IMU요회전속도:-11.22
14:32:39  방향가속도크기:10.59
14:32:39  방향자이로크기:15.54
14:32:39  방향자세cos:0.9842
14:32:39  자기모델잔차:18.54
14:32:39  자기모델반경:1.461
14:32:39  방향채택:2
14:32:39  방향거부:37325
14:32:39  GPS원시속도:0.674
14:32:39  GPS원시방향유효:1
14:32:39  GPS원시방향:255.4
14:32:39  가속도:0.08,2.31,10.34
14:32:39  자이로:2.8,8.2,12.9
14:32:39  자력계:13.500,20.550,10.650
14:32:39  충격값:1.67
14:32:39  충격피크:2.32
14:32:39  마지막충격발생값:111.97
14:32:39  마지막충격발생ms:136944
14:32:39  송신:3103
14:32:39  지팡이수신:2772
14:32:39  GPS위성:9
14:32:39  GPS_HDOP:1.23
14:32:39  원시위도:37.496593
14:32:39  원시경도:126.957970
14:32:39  GPS채택:1458
14:32:39  GPS이상치거부:24
14:32:39  GPS품질거부:2
14:32:39  GPS재기준:0
14:32:39  계산거리:19.61
14:32:39  접근속도:0.14
14:32:39  TTC:999.00
14:32:39  방향오차:78.1
14:32:39  전방여부:0
14:32:39  위험음성횟수:14
14:32:39  충격음성횟수:1
14:32:39  마지막위험음성:1
14:32:39  RSSI원시:-57
14:32:39  RSSI평활:-59.0
14:32:39  RSSI샘플:2772
14:32:39  RSSI경과ms:26
14:32:39  RSSI구간:4
14:32:39  RSSI거리:1.99
14:32:39  상대보정:1
14:32:39  상대보정중:0
14:32:39  보정동쪽:12.63
14:32:39  보정북쪽:-31.94
14:32:39  위험송신:0
14:32:39  시각ms:326176
14:32:39  IMU시각ms:326175
14:32:39  위험:1
14:32:39  원시위험:0
14:32:39  GPS유효:1
14:32:39  위도:37.496593
14:32:39  경도:126.957969
14:32:39  속도:0.69
14:32:39  방향:270.5
14:32:39  이동방향유효:1
14:32:39  GPS이동방향:270.5
14:32:39  차체방향유효:1
14:32:39  차체방향:120.8
14:32:39  후진판정:1
14:32:39  IMU요회전속도:-42.06
14:32:39  방향가속도크기:8.36
14:32:39  방향자이로크기:51.07
14:32:39  방향자세cos:0.9987
14:32:39  자기모델잔차:19.32
14:32:39  자기모델반경:1.388
14:32:39  방향채택:2
14:32:39  방향거부:37338
14:32:39  GPS원시속도:0.674
14:32:39  GPS원시방향유효:1
14:32:39  GPS원시방향:255.4
14:32:39  가속도:0.03,-1.48,8.23
14:32:39  자이로:16.3,-17.6,45.1
14:32:39  자력계:9.900,17.700,11.250
14:32:39  충격값:2.82
14:32:39  충격피크:3.20
14:32:39  마지막충격발생값:111.97
14:32:39  마지막충격발생ms:136944
14:32:39  송신:3104
14:32:39  지팡이수신:2773
14:32:39  GPS위성:9
14:32:39  GPS_HDOP:1.23
14:32:39  원시위도:37.496593
14:32:39  원시경도:126.957970
14:32:39  GPS채택:1458
14:32:39  GPS이상치거부:24
14:32:39  GPS품질거부:2
14:32:39  GPS재기준:0
14:32:39  계산거리:19.61
14:32:39  접근속도:0.14
14:32:39  TTC:999.00
14:32:39  방향오차:78.1
14:32:39  전방여부:0
14:32:39  위험음성횟수:14
14:32:39  충격음성횟수:1
14:32:39  마지막위험음성:1
14:32:39  RSSI원시:-58
14:32:39  RSSI평활:-58.8
14:32:39  RSSI샘플:2773
14:32:39  RSSI경과ms:30
14:32:39  RSSI구간:4
14:32:39  RSSI거리:1.96
14:32:39  상대보정:1
14:32:39  상대보정중:0
14:32:39  보정동쪽:12.63
14:32:39  보정북쪽:-31.94
14:32:39  위험송신:0
14:32:39  시각ms:326276
14:32:39  IMU시각ms:326275
14:32:39  위험:1
14:32:39  원시위험:0
14:32:39  GPS유효:1
14:32:39  위도:37.496593
14:32:39  경도:126.957967
14:32:39  속도:0.79
14:32:39  방향:265.2
14:32:39  이동방향유효:1
14:32:39  GPS이동방향:265.2
14:32:39  차체방향유효:1
14:32:39  차체방향:112.3
14:32:39  후진판정:1
14:32:39  IMU요회전속도:-48.57
14:32:39  방향가속도크기:8.95
14:32:39  방향자이로크기:73.04
14:32:39  방향자세cos:0.9987
14:32:39  자기모델잔차:19.32
14:32:39  자기모델반경:1.388
14:32:39  방향채택:2
14:32:39  방향거부:37350
14:32:39  GPS원시속도:0.895
14:32:39  GPS원시방향유효:1
14:32:39  GPS원시방향:255.2
14:32:39  가속도:0.39,0.34,8.94
14:32:39  자이로:49.9,-19.4,49.7
14:32:39  자력계:7.500,22.050,13.500
14:32:39  충격값:0.73
14:32:39  충격피크:2.37
14:32:39  마지막충격발생값:111.97
14:32:39  마지막충격발생ms:136944
14:32:39  송신:3105
14:32:39  지팡이수신:2774
14:32:39  GPS위성:9
14:32:39  GPS_HDOP:1.23
14:32:39  원시위도:37.496592
14:32:39  원시경도:126.957968
14:32:39  GPS채택:1459
14:32:39  GPS이상치거부:24
14:32:39  GPS품질거부:2
14:32:39  GPS재기준:0
14:32:39  계산거리:19.61
14:32:39  접근속도:0.09
14:32:39  TTC:999.00
14:32:39  방향오차:83.5
14:32:39  전방여부:0
14:32:39  위험음성횟수:14
14:32:39  충격음성횟수:1
14:32:39  마지막위험음성:1
14:32:39  RSSI원시:-61
14:32:39  RSSI평활:-59.2
14:32:39  RSSI샘플:2774
14:32:39  RSSI경과ms:20
14:32:39  RSSI구간:4
14:32:39  RSSI거리:2.04
14:32:39  상대보정:1
14:32:39  상대보정중:0
14:32:39  보정동쪽:12.63
14:32:39  보정북쪽:-31.94
14:32:39  위험송신:0
14:32:40  시각ms:326482
14:32:40  IMU시각ms:326481
14:32:40  위험:1
14:32:40  원시위험:0
14:32:40  GPS유효:1
14:32:40  위도:37.496592
14:32:40  경도:126.957965
14:32:40  속도:0.89
14:32:40  방향:263.6
14:32:40  이동방향유효:1
14:32:40  GPS이동방향:263.6
14:32:40  차체방향유효:1
14:32:40  차체방향:102.4
14:32:40  후진판정:1
14:32:40  IMU요회전속도:-17.11
14:32:40  방향가속도크기:10.65
14:32:40  방향자이로크기:40.20
14:32:40  방향자세cos:0.9648
14:32:40  자기모델잔차:25.38
14:32:40  자기모델반경:1.867
14:32:40  방향채택:2
14:32:40  방향거부:37373
14:32:40  GPS원시속도:0.988
14:32:40  GPS원시방향유효:1
14:32:40  GPS원시방향:260.7
14:32:40  가속도:2.33,0.60,10.38
14:32:40  자이로:-0.9,-33.8,21.8
14:32:40  자력계:1.650,30.450,17.700
14:32:40  충격값:1.69
14:32:40  충격피크:2.13
14:32:40  마지막충격발생값:111.97
14:32:40  마지막충격발생ms:136944
14:32:40  송신:3107
14:32:40  지팡이수신:2776
14:32:40  GPS위성:9
14:32:40  GPS_HDOP:1.23
14:32:40  원시위도:37.496592
14:32:40  원시경도:126.957965
14:32:40  GPS채택:1460
14:32:40  GPS이상치거부:24
14:32:40  GPS품질거부:2
14:32:40  GPS재기준:0
14:32:40  계산거리:19.91
14:32:40  접근속도:0.04
14:32:40  TTC:999.00
14:32:40  방향오차:87.2
14:32:40  전방여부:0
14:32:40  위험음성횟수:14
14:32:40  충격음성횟수:1
14:32:40  마지막위험음성:1
14:32:40  RSSI원시:-54
14:32:40  RSSI평활:-57.5
14:32:40  RSSI샘플:2776
14:32:40  RSSI경과ms:19
14:32:40  RSSI구간:4
14:32:40  RSSI거리:1.74
14:32:40  상대보정:1
14:32:40  상대보정중:0
14:32:40  보정동쪽:12.63
14:32:40  보정북쪽:-31.94
14:32:40  위험송신:0
14:32:40  시각ms:326600
14:32:40  IMU시각ms:326588
14:32:40  위험:1
14:32:40  원시위험:0
14:32:40  GPS유효:1
14:32:40  위도:37.496592
14:32:40  경도:126.957964
14:32:40  속도:0.89
14:32:40  방향:263.6
14:32:40  이동방향유효:1
14:32:40  GPS이동방향:263.6
14:32:40  차체방향유효:1
14:32:40  차체방향:101.8
14:32:40  후진판정:1
14:32:40  IMU요회전속도:-6.12
14:32:40  방향가속도크기:10.34
14:32:40  방향자이로크기:21.37
14:32:40  방향자세cos:0.9221
14:32:40  자기모델잔차:27.64
14:32:40  자기모델반경:1.803
14:32:40  방향채택:2
14:32:40  방향거부:37386
14:32:40  GPS원시속도:0.988
14:32:40  GPS원시방향유효:1
14:32:40  GPS원시방향:260.7
14:32:40  가속도:3.56,0.31,9.71
14:32:40  자이로:-11.7,15.4,9.2
14:32:40  자력계:-1.650,29.250,18.150
14:32:40  충격값:2.40
14:32:40  충격피크:2.77
14:32:40  마지막충격발생값:111.97
14:32:40  마지막충격발생ms:136944
14:32:40  송신:3108
14:32:40  지팡이수신:2777
14:32:40  GPS위성:9
14:32:40  GPS_HDOP:1.23
14:32:40  원시위도:37.496592
14:32:40  원시경도:126.957965
14:32:40  GPS채택:1460
14:32:40  GPS이상치거부:24
14:32:40  GPS품질거부:2
14:32:40  GPS재기준:0
14:32:40  계산거리:19.91
14:32:40  접근속도:0.04
14:32:40  TTC:999.00
14:32:40  방향오차:87.2
14:32:40  전방여부:0
14:32:40  위험음성횟수:14
14:32:40  충격음성횟수:1
14:32:40  마지막위험음성:1
14:32:40  RSSI원시:-56
14:32:40  RSSI평활:-57.2
14:32:40  RSSI샘플:2777
14:32:40  RSSI경과ms:19
14:32:40  RSSI구간:4
14:32:40  RSSI거리:1.69
14:32:40  상대보정:1
14:32:40  상대보정중:0
14:32:40  보정동쪽:12.63
14:32:40  보정북쪽:-31.94
14:32:40  위험송신:0
14:32:40  시각ms:326802
14:32:40  IMU시각ms:326801
14:32:40  위험:1
14:32:40  원시위험:0
14:32:40  GPS유효:1
14:32:40  위도:37.496591
14:32:40  경도:126.957960
14:32:40  속도:1.17
14:32:40  방향:255.8
14:32:40  이동방향유효:1
14:32:40  GPS이동방향:255.8
14:32:40  차체방향유효:1
14:32:40  차체방향:92.8
14:32:40  후진판정:1
14:32:40  IMU요회전속도:-36.56
14:32:40  방향가속도크기:8.03
14:32:40  방향자이로크기:47.10
14:32:40  방향자세cos:0.9637
14:32:40  자기모델잔차:24.45
14:32:40  자기모델반경:1.815
14:32:40  방향채택:2
14:32:40  방향거부:37410
14:32:40  GPS원시속도:1.348
14:32:40  GPS원시방향유효:1
14:32:40  GPS원시방향:246.7
14:32:40  가속도:0.99,1.08,7.89
14:32:40  자이로:31.1,7.0,34.6
14:32:40  자력계:4.350,30.450,15.900
14:32:40  충격값:1.52
14:32:40  충격피크:2.39
14:32:40  마지막충격발생값:111.97
14:32:40  마지막충격발생ms:136944
14:32:40  송신:3110
14:32:40  지팡이수신:2779
14:32:40  GPS위성:8
14:32:40  GPS_HDOP:1.32
14:32:40  원시위도:37.496590
14:32:40  원시경도:126.957960
14:32:40  GPS채택:1462
14:32:40  GPS이상치거부:24
14:32:40  GPS품질거부:2
14:32:40  GPS재기준:0
14:32:40  계산거리:20.74
14:32:40  접근속도:-0.01
14:32:40  TTC:999.00
14:32:40  방향오차:90.4
14:32:40  전방여부:0
14:32:40  위험음성횟수:14
14:32:40  충격음성횟수:1
14:32:40  마지막위험음성:1
14:32:40  RSSI원시:-51
14:32:40  RSSI평활:-55.4
14:32:40  RSSI샘플:2779
14:32:40  RSSI경과ms:18
14:32:40  RSSI구간:4
14:32:40  RSSI거리:1.43
14:32:40  상대보정:1
14:32:40  상대보정중:0
14:32:40  보정동쪽:12.63
14:32:40  보정북쪽:-31.94
14:32:40  위험송신:0
14:32:40  시각ms:326904
14:32:40  IMU시각ms:326903
14:32:40  위험:1
14:32:40  원시위험:0
14:32:40  GPS유효:1
14:32:40  위도:37.496590
14:32:40  경도:126.957959
14:32:40  속도:1.17
14:32:40  방향:255.8
14:32:40  이동방향유효:1
14:32:40  GPS이동방향:255.8
14:32:40  차체방향유효:1
14:32:40  차체방향:88.0
14:32:40  후진판정:1
14:32:40  IMU요회전속도:-50.79
14:32:40  방향가속도크기:9.57
14:32:40  방향자이로크기:68.04
14:32:40  방향자세cos:0.9637
14:32:40  자기모델잔차:24.45
14:32:40  자기모델반경:1.815
14:32:40  방향채택:2
14:32:40  방향거부:37422
14:32:40  GPS원시속도:1.348
14:32:40  GPS원시방향유효:1
14:32:40  GPS원시방향:246.7
14:32:40  가속도:1.13,1.37,9.40
14:32:40  자이로:26.9,-32.0,53.7
14:32:40  자력계:0.750,34.950,16.500
14:32:40  충격값:0.51
14:32:40  충격피크:1.85
14:32:40  마지막충격발생값:111.97
14:32:40  마지막충격발생ms:136944
14:32:40  송신:3111
14:32:40  지팡이수신:2780
14:32:40  GPS위성:8
14:32:40  GPS_HDOP:1.32
14:32:40  원시위도:37.496590
14:32:40  원시경도:126.957960
14:32:40  GPS채택:1462
14:32:40  GPS이상치거부:24
14:32:40  GPS품질거부:2
14:32:40  GPS재기준:0
14:32:40  계산거리:20.74
14:32:40  접근속도:-0.11
14:32:40  TTC:999.00
14:32:40  방향오차:95.3
14:32:40  전방여부:0
14:32:40  위험음성횟수:14
14:32:40  충격음성횟수:1
14:32:40  마지막위험음성:1
14:32:40  RSSI원시:-54
14:32:40  RSSI평활:-55.2
14:32:40  RSSI샘플:2780
14:32:40  RSSI경과ms:18
14:32:40  RSSI구간:4
14:32:40  RSSI거리:1.39
14:32:40  상대보정:1
14:32:40  상대보정중:0
14:32:40  보정동쪽:12.63
14:32:40  보정북쪽:-31.94
14:32:40  위험송신:0
14:32:40  시각ms:327111
14:32:40  IMU시각ms:327110
14:32:40  위험:1
14:32:40  원시위험:0
14:32:40  GPS유효:1
14:32:40  위도:37.496589
14:32:40  경도:126.957956
14:32:40  속도:1.23
14:32:40  방향:252.0
14:32:40  이동방향유효:1
14:32:40  GPS이동방향:252.0
14:32:40  차체방향유효:1
14:32:40  차체방향:81.7
14:32:40  후진판정:1
14:32:40  IMU요회전속도:9.95
14:32:40  방향가속도크기:11.86
14:32:40  방향자이로크기:35.86
14:32:40  방향자세cos:0.9706
14:32:40  자기모델잔차:28.01
14:32:40  자기모델반경:2.150
14:32:40  방향채택:2
14:32:40  방향거부:37444
14:32:40  GPS원시속도:1.296
14:32:40  GPS원시방향유효:1
14:32:40  GPS원시방향:244.9
14:32:40  가속도:2.29,1.04,11.59
14:32:40  자이로:-32.4,-13.1,-8.3
14:32:40  자력계:-5.250,40.500,18.000
14:32:40  충격값:2.22
14:32:40  충격피크:3.51
14:32:40  마지막충격발생값:111.97
14:32:40  마지막충격발생ms:136944
14:32:40  송신:3113
14:32:40  지팡이수신:2782
14:32:40  GPS위성:9
14:32:40  GPS_HDOP:1.32
14:32:40  원시위도:37.496589
14:32:40  원시경도:126.957957
14:32:40  GPS채택:1463
14:32:40  GPS이상치거부:24
14:32:40  GPS품질거부:2
14:32:40  GPS재기준:0
14:32:40  계산거리:21.07
14:32:40  접근속도:-0.24
14:32:40  TTC:999.00
14:32:40  방향오차:101.1
14:32:40  전방여부:0
14:32:40  위험음성횟수:14
14:32:40  충격음성횟수:1
14:32:40  마지막위험음성:1
14:32:40  RSSI원시:-47
14:32:40  RSSI평활:-53.2
14:32:40  RSSI샘플:2782
14:32:40  RSSI경과ms:18
14:32:40  RSSI구간:4
14:32:40  RSSI거리:1.15
14:32:40  상대보정:1
14:32:40  상대보정중:0
14:32:40  보정동쪽:12.63
14:32:40  보정북쪽:-31.94
14:32:40  위험송신:0
14:32:40  시각ms:327212
14:32:40  IMU시각ms:327211
14:32:40  위험:1
14:32:40  원시위험:0
14:32:40  GPS유효:1
14:32:40  위도:37.496588
14:32:40  경도:126.957955
14:32:40  속도:1.27
14:32:40  방향:247.6
14:32:40  이동방향유효:1
14:32:40  GPS이동방향:247.6
14:32:40  차체방향유효:1
14:32:40  차체방향:79.9
14:32:40  후진판정:1
14:32:40  IMU요회전속도:-2.53
14:32:40  방향가속도크기:10.78
14:32:40  방향자이로크기:42.85
14:32:40  방향자세cos:0.9939
14:32:40  자기모델잔차:25.78
14:32:40  자기모델반경:2.151
14:32:40  방향채택:2
14:32:40  방향거부:37456
14:32:40  GPS원시속도:1.302
14:32:40  GPS원시방향유효:1
14:32:40  GPS원시방향:239.5
14:32:40  가속도:0.60,0.04,10.76
14:32:40  자이로:-21.1,36.8,5.6
14:32:40  자력계:-4.500,40.500,15.750
14:32:40  충격값:1.38
14:32:40  충격피크:2.07
14:32:40  마지막충격발생값:111.97
14:32:40  마지막충격발생ms:136944
14:32:40  송신:3114
14:32:40  지팡이수신:2783
14:32:40  GPS위성:9
14:32:40  GPS_HDOP:1.12
14:32:40  원시위도:37.496587
14:32:40  원시경도:126.957955
14:32:40  GPS채택:1464
14:32:40  GPS이상치거부:24
14:32:40  GPS품질거부:2
14:32:40  GPS재기준:0
14:32:40  계산거리:21.07
14:32:40  접근속도:-0.34
14:32:40  TTC:999.00
14:32:40  방향오차:105.5
14:32:40  전방여부:0
14:32:40  위험음성횟수:14
14:32:40  충격음성횟수:1
14:32:40  마지막위험음성:1
14:32:40  RSSI원시:-42
14:32:40  RSSI평활:-50.9
14:32:40  RSSI샘플:2783
14:32:40  RSSI경과ms:11
14:32:40  RSSI구간:4
14:32:40  RSSI거리:0.93
14:32:40  상대보정:1
14:32:40  상대보정중:0
14:32:40  보정동쪽:12.63
14:32:40  보정북쪽:-31.94
14:32:40  위험송신:0
14:32:40  시각ms:327324
14:32:40  IMU시각ms:327311
14:32:40  위험:1
14:32:40  원시위험:0
14:32:40  GPS유효:1
14:32:40  위도:37.496587
14:32:40  경도:126.957954
14:32:40  속도:1.27
14:32:40  방향:247.6
14:32:40  이동방향유효:1
14:32:40  GPS이동방향:247.6
14:32:40  차체방향유효:1
14:32:40  차체방향:79.9
14:32:40  후진판정:1
14:32:40  IMU요회전속도:3.63
14:32:40  방향가속도크기:9.57
14:32:40  방향자이로크기:22.91
14:32:40  방향자세cos:0.9916
14:32:40  자기모델잔차:26.31
14:32:40  자기모델반경:2.150
14:32:40  방향채택:2
14:32:40  방향거부:37468
14:32:40  GPS원시속도:1.302
14:32:40  GPS원시방향유효:1
14:32:40  GPS원시방향:239.5
14:32:40  가속도:0.56,-0.27,9.55
14:32:40  자이로:8.9,19.0,-9.1
14:32:40  자력계:-2.400,41.100,16.200
14:32:40  충격값:1.02
14:32:40  충격피크:2.22
14:32:40  마지막충격발생값:111.97
14:32:40  마지막충격발생ms:136944
14:32:40  송신:3115
14:32:40  지팡이수신:2784
14:32:40  GPS위성:9
14:32:40  GPS_HDOP:1.12
14:32:40  원시위도:37.496587
14:32:40  원시경도:126.957955
14:32:40  GPS채택:1464
14:32:40  GPS이상치거부:24
14:32:40  GPS품질거부:2
14:32:40  GPS재기준:0
14:32:40  계산거리:21.49
14:32:40  접근속도:-0.34
14:32:40  TTC:999.00
14:32:40  방향오차:105.6
14:32:40  전방여부:0
14:32:40  위험음성횟수:14
14:32:40  충격음성횟수:1
14:32:40  마지막위험음성:1
14:32:40  RSSI원시:-35
14:32:40  RSSI평활:-47.8
14:32:40  RSSI샘플:2784
14:32:40  RSSI경과ms:17
14:32:40  RSSI구간:4
14:32:40  RSSI거리:0.80
14:32:40  상대보정:1
14:32:40  상대보정중:0
14:32:40  보정동쪽:12.63
14:32:40  보정북쪽:-31.94
14:32:40  위험송신:0
14:32:41  시각ms:327427
14:32:41  IMU시각ms:327414
14:32:41  위험:1
14:32:41  원시위험:0
14:32:41  GPS유효:1
14:32:41  위도:37.496586
14:32:41  경도:126.957952
14:32:41  속도:1.34
14:32:41  방향:244.5
14:32:41  이동방향유효:1
14:32:41  GPS이동방향:244.5
14:32:41  차체방향유효:1
14:32:41  차체방향:78.2
14:32:41  후진판정:1
14:32:41  IMU요회전속도:0.00
14:32:41  방향가속도크기:8.28
14:32:41  방향자이로크기:21.59
14:32:41  방향자세cos:0.9538
14:32:41  자기모델잔차:25.96
14:32:41  자기모델반경:2.135
14:32:41  방향채택:2
14:32:41  방향거부:37479
14:32:41  GPS원시속도:1.404
14:32:41  GPS원시방향유효:1
14:32:41  GPS원시방향:238.6
14:32:41  가속도:2.00,-0.40,8.03
14:32:41  자이로:10.9,18.1,-4.1
14:32:41  자력계:0.150,41.850,14.700
14:32:41  충격값:1.95
14:32:41  충격피크:1.95
14:32:41  마지막충격발생값:111.97
14:32:41  마지막충격발생ms:136944
14:32:41  송신:3116
14:32:41  지팡이수신:2785
14:32:41  GPS위성:9
14:32:41  GPS_HDOP:1.12
14:32:41  원시위도:37.496586
14:32:41  원시경도:126.957952
14:32:41  GPS채택:1465
14:32:41  GPS이상치거부:24
14:32:41  GPS품질거부:2
14:32:41  GPS재기준:0
14:32:41  계산거리:21.91
14:32:41  접근속도:-0.43
14:32:41  TTC:999.00
14:32:41  방향오차:108.9
14:32:41  전방여부:0
14:32:41  위험음성횟수:14
14:32:41  충격음성횟수:1
14:32:41  마지막위험음성:1
14:32:41  RSSI원시:-33
14:32:41  RSSI평활:-44.8
14:32:41  RSSI샘플:2785
14:32:41  RSSI경과ms:17
14:32:41  RSSI구간:4
14:32:41  RSSI거리:0.80
14:32:41  상대보정:1
14:32:41  상대보정중:0
14:32:41  보정동쪽:12.63
14:32:41  보정북쪽:-31.94
14:32:41  위험송신:0
14:32:41  시각ms:327530
14:32:41  IMU시각ms:327517
14:32:41  위험:1
14:32:41  원시위험:0
14:32:41  GPS유효:1
14:32:41  위도:37.496586
14:32:41  경도:126.957951
14:32:41  속도:1.34
14:32:41  방향:244.5
14:32:41  이동방향유효:1
14:32:41  GPS이동방향:244.5
14:32:41  차체방향유효:1
14:32:41  차체방향:78.8
14:32:41  후진판정:1
14:32:41  IMU요회전속도:14.88
14:32:41  방향가속도크기:8.64
14:32:41  방향자이로크기:22.05
14:32:41  방향자세cos:0.9690
14:32:41  자기모델잔차:23.70
14:32:41  자기모델반경:2.165
14:32:41  방향채택:2
14:32:41  방향거부:37490
14:32:41  GPS원시속도:1.404
14:32:41  GPS원시방향유효:1
14:32:41  GPS원시방향:238.6
14:32:41  가속도:1.72,0.05,8.47
14:32:41  자이로:-13.2,-6.5,-16.4
14:32:41  자력계:-0.750,41.700,13.500
14:32:41  충격값:1.04
14:32:41  충격피크:1.88
14:32:41  마지막충격발생값:111.97
14:32:41  마지막충격발생ms:136944
14:32:41  송신:3117
14:32:41  지팡이수신:2786
14:32:41  GPS위성:9
14:32:41  GPS_HDOP:1.12
14:32:41  원시위도:37.496586
14:32:41  원시경도:126.957952
14:32:41  GPS채택:1465
14:32:41  GPS이상치거부:24
14:32:41  GPS품질거부:2
14:32:41  GPS재기준:0
14:32:41  계산거리:21.91
14:32:41  접근속도:-0.43
14:32:41  TTC:999.00
14:32:41  방향오차:108.9
14:32:41  전방여부:0
14:32:41  위험음성횟수:14
14:32:41  충격음성횟수:1
14:32:41  마지막위험음성:1
14:32:41  RSSI원시:-40
14:32:41  RSSI평활:-43.8
14:32:41  RSSI샘플:2786
14:32:41  RSSI경과ms:14
14:32:41  RSSI구간:4
14:32:41  RSSI거리:0.80
14:32:41  상대보정:1
14:32:41  상대보정중:0
14:32:41  보정동쪽:12.63
14:32:41  보정북쪽:-31.94
14:32:41  위험송신:0
14:32:41  시각ms:327621
14:32:41  IMU시각ms:327620
14:32:41  위험:1
14:32:41  원시위험:0
14:32:41  GPS유효:1
14:32:41  위도:37.496585
14:32:41  경도:126.957950
14:32:41  속도:1.33
14:32:41  방향:241.2
14:32:41  이동방향유효:1
14:32:41  GPS이동방향:241.2
14:32:41  차체방향유효:1
14:32:41  차체방향:79.8
14:32:41  후진판정:1
14:32:41  IMU요회전속도:46.15
14:32:41  방향가속도크기:8.48
14:32:41  방향자이로크기:57.50
14:32:41  방향자세cos:0.9718
14:32:41  자기모델잔차:25.06
14:32:41  자기모델반경:2.123
14:32:41  방향채택:2
14:32:41  방향거부:37501
14:32:41  GPS원시속도:1.322
14:32:41  GPS원시방향유효:1
14:32:41  GPS원시방향:235.2
14:32:41  가속도:1.77,-0.20,8.29
14:32:41  자이로:-24.5,-23.9,-46.2
14:32:41  자력계:-1.650,38.250,17.700
14:32:41  충격값:1.06
14:32:41  충격피크:2.28
14:32:41  마지막충격발생값:111.97
14:32:41  마지막충격발생ms:136944
14:32:41  송신:3118
14:32:41  지팡이수신:2787
14:32:41  GPS위성:9
14:32:41  GPS_HDOP:1.12
14:32:41  원시위도:37.496584
14:32:41  원시경도:126.957950
14:32:41  GPS채택:1466
14:32:41  GPS이상치거부:24
14:32:41  GPS품질거부:2
14:32:41  GPS재기준:0
14:32:41  계산거리:21.91
14:32:41  접근속도:-0.43
14:32:41  TTC:999.00
14:32:41  방향오차:108.9
14:32:41  전방여부:0
14:32:41  위험음성횟수:14
14:32:41  충격음성횟수:1
14:32:41  마지막위험음성:1
14:32:41  RSSI원시:-42
14:32:41  RSSI평활:-43.5
14:32:41  RSSI샘플:2787
14:32:41  RSSI경과ms:0
14:32:41  RSSI구간:4
14:32:41  RSSI거리:0.80
14:32:41  상대보정:1
14:32:41  상대보정중:0
14:32:41  보정동쪽:12.63
14:32:41  보정북쪽:-31.94
14:32:41  위험송신:0
14:32:41  시각ms:327823
14:32:41  IMU시각ms:327822
14:32:41  위험:1
14:32:41  원시위험:0
14:32:41  GPS유효:1
14:32:41  위도:37.496583
14:32:41  경도:126.957948
14:32:41  속도:1.18
14:32:41  방향:238.0
14:32:41  이동방향유효:1
14:32:41  GPS이동방향:238.0
14:32:41  차체방향유효:1
14:32:41  차체방향:78.6
14:32:41  후진판정:1
14:32:41  IMU요회전속도:0.00
14:32:41  방향가속도크기:8.54
14:32:41  방향자이로크기:22.25
14:32:41  방향자세cos:0.9869
14:32:41  자기모델잔차:27.83
14:32:41  자기모델반경:2.029
14:32:41  방향채택:2
14:32:41  방향거부:37525
14:32:41  GPS원시속도:1.039
14:32:41  GPS원시방향유효:1
14:32:41  GPS원시방향:231.9
14:32:41  가속도:0.83,-0.23,8.50
14:32:41  자이로:-11.5,-19.1,0.2
14:32:41  자력계:-2.100,37.500,18.150
14:32:41  충격값:0.91
14:32:41  충격피크:1.03
14:32:41  마지막충격발생값:111.97
14:32:41  마지막충격발생ms:136944
14:32:41  송신:3120
14:32:41  지팡이수신:2788
14:32:41  GPS위성:9
14:32:41  GPS_HDOP:1.23
14:32:41  원시위도:37.496583
14:32:41  원시경도:126.957949
14:32:41  GPS채택:1467
14:32:41  GPS이상치거부:24
14:32:41  GPS품질거부:2
14:32:41  GPS재기준:0
14:32:41  계산거리:21.85
14:32:41  접근속도:-0.54
14:32:41  TTC:999.00
14:32:41  방향오차:113.9
14:32:41  전방여부:0
14:32:41  위험음성횟수:14
14:32:41  충격음성횟수:1
14:32:41  마지막위험음성:1
14:32:41  RSSI원시:-47
14:32:41  RSSI평활:-44.2
14:32:41  RSSI샘플:2788
14:32:41  RSSI경과ms:97
14:32:41  RSSI구간:4
14:32:41  RSSI거리:0.80
14:32:41  상대보정:1
14:32:41  상대보정중:0
14:32:41  보정동쪽:12.63
14:32:41  보정북쪽:-31.94
14:32:41  위험송신:0
14:32:41  시각ms:327925
14:32:41  IMU시각ms:327924
14:32:41  위험:0
14:32:41  원시위험:0
14:32:41  GPS유효:1
14:32:41  위도:37.496583
14:32:41  경도:126.957947
14:32:41  속도:1.18
14:32:41  방향:238.0
14:32:41  이동방향유효:1
14:32:41  GPS이동방향:238.0
14:32:41  차체방향유효:1
14:32:41  차체방향:79.4
14:32:41  후진판정:1
14:32:41  IMU요회전속도:8.60
14:32:41  방향가속도크기:7.65
14:32:41  방향자이로크기:12.56
14:32:41  방향자세cos:0.9475
14:32:41  자기모델잔차:28.00
14:32:41  자기모델반경:1.984
14:32:41  방향채택:2
14:32:41  방향거부:37537
14:32:41  GPS원시속도:1.039
14:32:41  GPS원시방향유효:1
14:32:41  GPS원시방향:231.9
14:32:41  가속도:1.92,-0.59,7.38
14:32:41  자이로:-4.5,-2.8,-11.4
14:32:41  자력계:0.750,34.650,17.250
14:32:41  충격값:1.58
14:32:41  충격피크:1.58
14:32:41  마지막충격발생값:111.97
14:32:41  마지막충격발생ms:136944
14:32:41  송신:3121
14:32:41  지팡이수신:2789
14:32:41  GPS위성:9
14:32:41  GPS_HDOP:1.23
14:32:41  원시위도:37.496583
14:32:41  원시경도:126.957949
14:32:41  GPS채택:1467
14:32:41  GPS이상치거부:24
14:32:41  GPS품질거부:2
14:32:41  GPS재기준:0
14:32:41  계산거리:22.76
14:32:41  접근속도:-0.51
14:32:41  TTC:999.00
14:32:41  방향오차:115.7
14:32:41  전방여부:0
14:32:41  위험음성횟수:14
14:32:41  충격음성횟수:1
14:32:41  마지막위험음성:1
14:32:41  RSSI원시:-62
14:32:41  RSSI평활:-47.7
14:32:41  RSSI샘플:2789
14:32:41  RSSI경과ms:92
14:32:41  RSSI구간:4
14:32:41  RSSI거리:0.80
14:32:41  상대보정:1
14:32:41  상대보정중:0
14:32:41  보정동쪽:12.63
14:32:41  보정북쪽:-31.94
14:32:41  위험송신:0
14:32:41  시각ms:328031
14:32:41  IMU시각ms:328030
14:32:41  위험:0
14:32:41  원시위험:0
14:32:41  GPS유효:1
14:32:41  위도:37.496582
14:32:41  경도:126.957947
14:32:41  속도:1.10
14:32:41  방향:234.6
14:32:41  이동방향유효:1
14:32:41  GPS이동방향:234.6
14:32:41  차체방향유효:1
14:32:41  차체방향:78.2
14:32:41  후진판정:1
14:32:41  IMU요회전속도:19.41
14:32:41  방향가속도크기:7.09
14:32:41  방향자이로크기:47.66
14:32:41  방향자세cos:0.9533
14:32:41  자기모델잔차:27.78
14:32:41  자기모델반경:1.964
14:32:41  방향채택:2
14:32:41  방향거부:37548
14:32:41  GPS원시속도:1.008
14:32:41  GPS원시방향유효:1
14:32:41  GPS원시방향:228.4
14:32:41  가속도:1.74,-0.73,6.84
14:32:41  자이로:-31.4,-30.8,-18.3
14:32:41  자력계:-1.650,33.600,18.150
14:32:41  충격값:1.76
14:32:41  충격피크:1.79
14:32:41  마지막충격발생값:111.97
14:32:41  마지막충격발생ms:136944
14:32:41  송신:3122
14:32:41  지팡이수신:2790
14:32:41  GPS위성:9
14:32:41  GPS_HDOP:1.23
14:32:41  원시위도:37.496582
14:32:41  원시경도:126.957948
14:32:41  GPS채택:1468
14:32:41  GPS이상치거부:24
14:32:41  GPS품질거부:2
14:32:41  GPS재기준:0
14:32:41  계산거리:22.76
14:32:41  접근속도:-0.51
14:32:41  TTC:999.00
14:32:41  방향오차:115.7
14:32:41  전방여부:0
14:32:41  위험음성횟수:14
14:32:41  충격음성횟수:1
14:32:41  마지막위험음성:1
14:32:41  RSSI원시:-52
14:32:41  RSSI평활:-48.6
14:32:41  RSSI샘플:2790
14:32:41  RSSI경과ms:95
14:32:41  RSSI구간:4
14:32:41  RSSI거리:0.80
14:32:41  상대보정:1
14:32:41  상대보정중:0
14:32:41  보정동쪽:12.63
14:32:41  보정북쪽:-31.94
14:32:41  위험송신:0
14:32:41  시각ms:328131
14:32:41  IMU시각ms:328130
14:32:41  위험:0
14:32:41  원시위험:0
14:32:41  GPS유효:1
14:32:41  위도:37.496581
14:32:41  경도:126.957946
14:32:41  속도:1.10
14:32:41  방향:234.6
14:32:41  이동방향유효:1
14:32:41  GPS이동방향:234.6
14:32:41  차체방향유효:1
14:32:41  차체방향:79.2
14:32:41  후진판정:1
14:32:41  IMU요회전속도:0.00
14:32:41  방향가속도크기:9.25
14:32:41  방향자이로크기:23.86
14:32:41  방향자세cos:0.9128
14:32:41  자기모델잔차:27.78
14:32:41  자기모델반경:1.964
14:32:41  방향채택:2
14:32:41  방향거부:37560
14:32:41  GPS원시속도:1.008
14:32:41  GPS원시방향유효:1
14:32:41  GPS원시방향:228.4
14:32:41  가속도:2.56,-1.94,8.67
14:32:41  자이로:-22.6,7.2,2.1
14:32:41  자력계:-2.250,31.800,19.500
14:32:41  충격값:1.69
14:32:41  충격피크:2.77
14:32:41  마지막충격발생값:111.97
14:32:41  마지막충격발생ms:136944
14:32:41  송신:3123
14:32:41  지팡이수신:2791
14:32:41  GPS위성:9
14:32:41  GPS_HDOP:1.23
14:32:41  원시위도:37.496582
14:32:41  원시경도:126.957948
14:32:41  GPS채택:1468
14:32:41  GPS이상치거부:24
14:32:41  GPS품질거부:2
14:32:41  GPS재기준:0
14:32:41  계산거리:22.76
14:32:41  접근속도:-0.53
14:32:41  TTC:999.00
14:32:41  방향오차:119.0
14:32:41  전방여부:0
14:32:41  위험음성횟수:14
14:32:41  충격음성횟수:1
14:32:41  마지막위험음성:1
14:32:41  RSSI원시:-62
14:32:41  RSSI평활:-51.3
14:32:41  RSSI샘플:2791
14:32:41  RSSI경과ms:84
14:32:41  RSSI구간:4
14:32:41  RSSI거리:0.96
14:32:41  상대보정:1
14:32:41  상대보정중:0
14:32:41  보정동쪽:12.63
14:32:41  보정북쪽:-31.94
14:32:41  위험송신:0
14:32:41  시각ms:328231
14:32:41  IMU시각ms:328230
14:32:41  위험:0
14:32:41  원시위험:0
14:32:41  GPS유효:1
14:32:41  위도:37.496580
14:32:41  경도:126.957945
14:32:41  속도:0.96
14:32:41  방향:231.9
14:32:41  이동방향유효:1
14:32:41  GPS이동방향:231.9
14:32:41  차체방향유효:1
14:32:41  차체방향:76.0
14:32:41  후진판정:1
14:32:41  IMU요회전속도:4.91
14:32:41  방향가속도크기:10.51
14:32:41  방향자이로크기:30.79
14:32:41  방향자세cos:0.9061
14:32:41  자기모델잔차:27.78
14:32:41  자기모델반경:1.964
14:32:41  방향채택:2
14:32:41  방향거부:37572
14:32:41  GPS원시속도:0.833
14:32:41  GPS원시방향유효:1
14:32:41  GPS원시방향:226.8
14:32:41  가속도:0.77,-3.80,9.76
14:32:41  자이로:21.9,19.1,-10.3
14:32:41  자력계:-1.200,30.450,19.200
14:32:41  충격값:3.02
14:32:41  충격피크:4.11
14:32:41  마지막충격발생값:111.97
14:32:41  마지막충격발생ms:136944
14:32:41  송신:3124
14:32:41  지팡이수신:2791
14:32:41  GPS위성:9
14:32:41  GPS_HDOP:1.01
14:32:41  원시위도:37.496581
14:32:41  원시경도:126.957947
14:32:41  GPS채택:1469
14:32:41  GPS이상치거부:24
14:32:41  GPS품질거부:2
14:32:41  GPS재기준:0
14:32:41  계산거리:22.76
14:32:41  접근속도:-0.53
14:32:41  TTC:999.00
14:32:41  방향오차:119.0
14:32:41  전방여부:0
14:32:41  위험음성횟수:14
14:32:41  충격음성횟수:1
14:32:41  마지막위험음성:1
14:32:41  RSSI원시:-62
14:32:41  RSSI평활:-51.3
14:32:41  RSSI샘플:2791
14:32:41  RSSI경과ms:184
14:32:41  RSSI구간:4
14:32:41  RSSI거리:0.96
14:32:41  상대보정:1
14:32:41  상대보정중:0
14:32:41  보정동쪽:12.63
14:32:41  보정북쪽:-31.94
14:32:41  위험송신:0
14:32:41  시각ms:328332
14:32:41  IMU시각ms:328331
14:32:41  위험:0
14:32:41  원시위험:0
14:32:41  GPS유효:1
14:32:41  위도:37.496580
14:32:41  경도:126.957945
14:32:41  속도:0.96
14:32:41  방향:231.9
14:32:41  이동방향유효:1
14:32:41  GPS이동방향:231.9
14:32:41  차체방향유효:1
14:32:41  차체방향:77.1
14:32:41  후진판정:1
14:32:41  IMU요회전속도:0.51
14:32:41  방향가속도크기:11.97
14:32:41  방향자이로크기:26.90
14:32:41  방향자세cos:0.9654
14:32:41  자기모델잔차:25.85
14:32:41  자기모델반경:1.789
14:32:41  방향채택:2
14:32:41  방향거부:37584
14:32:41  GPS원시속도:0.833
14:32:41  GPS원시방향유효:1
14:32:41  GPS원시방향:226.8
14:32:41  가속도:1.63,-1.68,11.74
14:32:41  자이로:-23.3,13.2,2.0
14:32:41  자력계:1.500,30.300,17.550
14:32:41  충격값:2.58
14:32:41  충격피크:3.01
14:32:41  마지막충격발생값:111.97
14:32:41  마지막충격발생ms:136944
14:32:41  송신:3125
14:32:41  지팡이수신:2792
14:32:41  GPS위성:9
14:32:41  GPS_HDOP:1.01
14:32:41  원시위도:37.496581
14:32:41  원시경도:126.957947
14:32:41  GPS채택:1469
14:32:41  GPS이상치거부:24
14:32:41  GPS품질거부:2
14:32:41  GPS재기준:0
14:32:41  계산거리:22.76
14:32:41  접근속도:-0.51
14:32:41  TTC:999.00
14:32:41  방향오차:121.8
14:32:41  전방여부:0
14:32:41  위험음성횟수:14
14:32:41  충격음성횟수:1
14:32:41  마지막위험음성:1
14:32:41  RSSI원시:-62
14:32:41  RSSI평활:-53.4
14:32:41  RSSI샘플:2792
14:32:41  RSSI경과ms:80
14:32:41  RSSI구간:4
14:32:41  RSSI거리:1.18
14:32:41  상대보정:1
14:32:41  상대보정중:0
14:32:41  보정동쪽:12.63
14:32:41  보정북쪽:-31.94
14:32:41  위험송신:0
14:32:42  시각ms:328433
14:32:42  IMU시각ms:328432
14:32:42  위험:0
14:32:42  원시위험:0
14:32:42  GPS유효:1
14:32:42  위도:37.496579
14:32:42  경도:126.957945
14:32:42  속도:0.80
14:32:42  방향:228.9
14:32:42  이동방향유효:1
14:32:42  GPS이동방향:228.9
14:32:42  차체방향유효:1
14:32:42  차체방향:73.8
14:32:42  후진판정:1
14:32:42  IMU요회전속도:6.13
14:32:42  방향가속도크기:12.24
14:32:42  방향자이로크기:78.38
14:32:42  방향자세cos:0.8859
14:32:42  자기모델잔차:25.85
14:32:42  자기모델반경:1.789
14:32:42  방향채택:2
14:32:42  방향거부:37596
14:32:42  GPS원시속도:0.643
14:32:42  GPS원시방향유효:1
14:32:42  GPS원시방향:223.4
14:32:42  가속도:2.71,-3.97,11.26
14:32:42  자이로:35.1,70.0,-3.7
14:32:42  자력계:2.850,27.300,16.950
14:32:42  충격값:2.91
14:32:42  충격피크:3.35
14:32:42  마지막충격발생값:111.97
14:32:42  마지막충격발생ms:136944
14:32:42  송신:3126
14:32:42  지팡이수신:2793
14:32:42  GPS위성:9
14:32:42  GPS_HDOP:1.01
14:32:42  원시위도:37.496580
14:32:42  원시경도:126.957946
14:32:42  GPS채택:1470
14:32:42  GPS이상치거부:24
14:32:42  GPS품질거부:2
14:32:42  GPS재기준:0
14:32:42  계산거리:23.18
14:32:42  접근속도:-0.51
14:32:42  TTC:999.00
14:32:42  방향오차:121.9
14:32:42  전방여부:0
14:32:42  위험음성횟수:14
14:32:42  충격음성횟수:1
14:32:42  마지막위험음성:1
14:32:42  RSSI원시:-58
14:32:42  RSSI평활:-54.3
14:32:42  RSSI샘플:2793
14:32:42  RSSI경과ms:71
14:32:42  RSSI구간:4
14:32:42  RSSI거리:1.29
14:32:42  상대보정:1
14:32:42  상대보정중:0
14:32:42  보정동쪽:12.63
14:32:42  보정북쪽:-31.94
14:32:42  위험송신:0
14:32:42  시각ms:328636
14:32:42  IMU시각ms:328635
14:32:42  위험:0
14:32:42  원시위험:0
14:32:42  GPS유효:1
14:32:42  위도:37.496578
14:32:42  경도:126.957944
14:32:42  속도:0.65
14:32:42  방향:226.2
14:32:42  이동방향유효:1
14:32:42  GPS이동방향:226.2
14:32:42  차체방향유효:1
14:32:42  차체방향:71.2
14:32:42  후진판정:1
14:32:42  IMU요회전속도:-5.33
14:32:42  방향가속도크기:10.09
14:32:42  방향자이로크기:17.29
14:32:42  방향자세cos:0.9571
14:32:42  자기모델잔차:20.18
14:32:42  자기모델반경:1.752
14:32:42  방향채택:2
14:32:42  방향거부:37620
14:32:42  GPS원시속도:0.499
14:32:42  GPS원시방향유효:1
14:32:42  GPS원시방향:221.1
14:32:42  가속도:-0.67,-2.43,9.77
14:32:42  자이로:-3.2,13.1,10.8
14:32:42  자력계:10.050,29.700,12.150
14:32:42  충격값:2.17
14:32:42  충격피크:3.02
14:32:42  마지막충격발생값:111.97
14:32:42  마지막충격발생ms:136944
14:32:42  송신:3128
14:32:42  지팡이수신:2795
14:32:42  GPS위성:9
14:32:42  GPS_HDOP:1.01
14:32:42  원시위도:37.496579
14:32:42  원시경도:126.957945
14:32:42  GPS채택:1471
14:32:42  GPS이상치거부:24
14:32:42  GPS품질거부:2
14:32:42  GPS재기준:0
14:32:42  계산거리:23.60
14:32:42  접근속도:-0.46
14:32:42  TTC:999.00
14:32:42  방향오차:125.0
14:32:42  전방여부:0
14:32:42  위험음성횟수:14
14:32:42  충격음성횟수:1
14:32:42  마지막위험음성:1
14:32:42  RSSI원시:-54
14:32:42  RSSI평활:-53.9
14:32:42  RSSI샘플:2795
14:32:42  RSSI경과ms:66
14:32:42  RSSI구간:4
14:32:42  RSSI거리:1.23
14:32:42  상대보정:1
14:32:42  상대보정중:0
14:32:42  보정동쪽:12.63
14:32:42  보정북쪽:-31.94
14:32:42  위험송신:0
14:32:42  시각ms:328743
14:32:42  IMU시각ms:328742
14:32:42  위험:0
14:32:42  원시위험:0
14:32:42  GPS유효:1
14:32:42  위도:37.496578
14:32:42  경도:126.957944
14:32:42  속도:0.65
14:32:42  방향:226.2
14:32:42  이동방향유효:1
14:32:42  GPS이동방향:226.2
14:32:42  차체방향유효:1
14:32:42  차체방향:71.6
14:32:42  후진판정:1
14:32:42  IMU요회전속도:2.75
14:32:42  방향가속도크기:8.77
14:32:42  방향자이로크기:132.53
14:32:42  방향자세cos:0.7857
14:32:42  자기모델잔차:20.70
14:32:42  자기모델반경:1.769
14:32:42  방향채택:2
14:32:42  방향거부:37633
14:32:42  GPS원시속도:0.499
14:32:42  GPS원시방향유효:1
14:32:42  GPS원시방향:221.1
14:32:42  가속도:-0.25,1.90,8.56
14:32:42  자이로:103.0,-78.3,-28.7
14:32:42  자력계:6.600,30.000,13.650
14:32:42  충격값:4.01
14:32:42  충격피크:6.84
14:32:42  마지막충격발생값:111.97
14:32:42  마지막충격발생ms:136944
14:32:42  송신:3129
14:32:42  지팡이수신:2795
14:32:42  GPS위성:9
14:32:42  GPS_HDOP:1.01
14:32:42  원시위도:37.496579
14:32:42  원시경도:126.957945
14:32:42  GPS채택:1471
14:32:42  GPS이상치거부:24
14:32:42  GPS품질거부:2
14:32:42  GPS재기준:0
14:32:42  계산거리:23.60
14:32:42  접근속도:-0.46
14:32:42  TTC:999.00
14:32:42  방향오차:125.0
14:32:42  전방여부:0
14:32:42  위험음성횟수:14
14:32:42  충격음성횟수:1
14:32:42  마지막위험음성:1
14:32:42  RSSI원시:-54
14:32:42  RSSI평활:-53.9
14:32:42  RSSI샘플:2795
14:32:42  RSSI경과ms:173
14:32:42  RSSI구간:4
14:32:42  RSSI거리:1.23
14:32:42  상대보정:1
14:32:42  상대보정중:0
14:32:42  보정동쪽:12.63
14:32:42  보정북쪽:-31.94
14:32:42  위험송신:0
14:32:42  시각ms:328844
14:32:42  IMU시각ms:328843
14:32:42  위험:0
14:32:42  원시위험:0
14:32:42  GPS유효:1
14:32:42  위도:37.496578
14:32:42  경도:126.957944
14:32:42  속도:0.45
14:32:42  방향:226.2
14:32:42  이동방향유효:1
14:32:42  GPS이동방향:226.2
14:32:42  차체방향유효:1
14:32:42  차체방향:70.9
14:32:42  후진판정:1
14:32:42  IMU요회전속도:0.72
14:32:42  방향가속도크기:9.10
14:32:42  방향자이로크기:74.34
14:32:42  방향자세cos:0.7857
14:32:42  자기모델잔차:20.70
14:32:42  자기모델반경:1.769
14:32:42  방향채택:2
14:32:42  방향거부:37645
14:32:42  GPS원시속도:0.247
14:32:42  GPS원시방향유효:1
14:32:42  GPS원시방향:221.1
14:32:42  가속도:1.58,-1.50,8.84
14:32:42  자이로:-18.9,-71.0,-11.4
14:32:42  자력계:10.650,34.200,8.550
14:32:42  충격값:2.59
14:32:42  충격피크:57.92
14:32:42  마지막충격발생값:111.97
14:32:42  마지막충격발생ms:136944
14:32:42  송신:3130
14:32:42  지팡이수신:2796
14:32:42  GPS위성:9
14:32:42  GPS_HDOP:1.01
14:32:42  원시위도:37.496578
14:32:42  원시경도:126.957946
14:32:42  GPS채택:1472
14:32:42  GPS이상치거부:24
14:32:42  GPS품질거부:2
14:32:42  GPS재기준:0
14:32:42  계산거리:23.60
14:32:42  접근속도:-0.40
14:32:42  TTC:999.00
14:32:42  방향오차:127.7
14:32:42  전방여부:0
14:32:42  위험음성횟수:14
14:32:42  충격음성횟수:1
14:32:42  마지막위험음성:1
14:32:42  RSSI원시:-56
14:32:42  RSSI평활:-54.3
14:32:42  RSSI샘플:2796
14:32:42  RSSI경과ms:66
14:32:42  RSSI구간:4
14:32:42  RSSI거리:1.28
14:32:42  상대보정:1
14:32:42  상대보정중:0
14:32:42  보정동쪽:12.63
14:32:42  보정북쪽:-31.94
14:32:42  위험송신:0
14:32:42  시각ms:328945
14:32:42  IMU시각ms:328944
14:32:42  위험:0
14:32:42  원시위험:0
14:32:42  GPS유효:1
14:32:42  위도:37.496578
14:32:42  경도:126.957944
14:32:42  속도:0.45
14:32:42  방향:226.2
14:32:42  이동방향유효:1
14:32:42  GPS이동방향:226.2
14:32:42  차체방향유효:1
14:32:42  차체방향:70.8
14:32:42  후진판정:1
14:32:42  IMU요회전속도:5.51
14:32:42  방향가속도크기:10.13
14:32:42  방향자이로크기:11.80
14:32:42  방향자세cos:0.9950
14:32:42  자기모델잔차:19.62
14:32:42  자기모델반경:1.889
14:32:42  방향채택:2
14:32:42  방향거부:37657
14:32:42  GPS원시속도:0.247
14:32:42  GPS원시방향유효:1
14:32:42  GPS원시방향:221.1
14:32:42  가속도:-1.09,1.28,9.99
14:32:42  자이로:2.4,7.8,-8.5
14:32:42  자력계:9.600,34.050,10.200
14:32:42  충격값:2.04
14:32:42  충격피크:9.32
14:32:42  마지막충격발생값:111.97
14:32:42  마지막충격발생ms:136944
14:32:42  송신:3131
14:32:42  지팡이수신:2797
14:32:42  GPS위성:9
14:32:42  GPS_HDOP:1.01
14:32:42  원시위도:37.496578
14:32:42  원시경도:126.957946
14:32:42  GPS채택:1472
14:32:42  GPS이상치거부:24
14:32:42  GPS품질거부:2
14:32:42  GPS재기준:0
14:32:42  계산거리:24.02
14:32:42  접근속도:-0.28
14:32:42  TTC:999.00
14:32:42  방향오차:127.8
14:32:42  전방여부:0
14:32:42  위험음성횟수:14
14:32:42  충격음성횟수:1
14:32:42  마지막위험음성:1
14:32:42  RSSI원시:-54
14:32:42  RSSI평활:-54.3
14:32:42  RSSI샘플:2797
14:32:42  RSSI경과ms:57
14:32:42  RSSI구간:4
14:32:42  RSSI거리:1.27
14:32:42  상대보정:1
14:32:42  상대보정중:0
14:32:42  보정동쪽:12.63
14:32:42  보정북쪽:-31.94
14:32:42  위험송신:0
14:32:42  시각ms:329050
14:32:42  IMU시각ms:329049
14:32:42  위험:0
14:32:42  원시위험:0
14:32:42  GPS유효:1
14:32:42  위도:37.496577
14:32:42  경도:126.957944
14:32:42  속도:0.33
14:32:42  방향:226.2
14:32:42  이동방향유효:0
14:32:42  GPS이동방향:226.2
14:32:42  차체방향유효:1
14:32:42  차체방향:70.8
14:32:42  후진판정:1
14:32:42  IMU요회전속도:0.00
14:32:42  방향가속도크기:9.89
14:32:42  방향자이로크기:3.74
14:32:42  방향자세cos:0.9997
14:32:42  자기모델잔차:19.52
14:32:42  자기모델반경:1.860
14:32:42  방향채택:2
14:32:42  방향거부:37668
14:32:42  GPS원시속도:0.206
14:32:42  GPS원시방향유효:1
14:32:42  GPS원시방향:221.1
14:32:42  가속도:-0.53,0.25,9.87
14:32:42  자이로:0.1,3.5,-1.2
14:32:42  자력계:10.050,33.150,10.200
14:32:42  충격값:0.73
14:32:42  충격피크:2.00
14:32:42  마지막충격발생값:111.97
14:32:42  마지막충격발생ms:136944
14:32:42  송신:3132
14:32:42  지팡이수신:2798
14:32:42  GPS위성:9
14:32:42  GPS_HDOP:1.01
14:32:42  원시위도:37.496578
14:32:42  원시경도:126.957947
14:32:42  GPS채택:1473
14:32:42  GPS이상치거부:24
14:32:42  GPS품질거부:2
14:32:42  GPS재기준:0
14:32:42  계산거리:24.02
14:32:42  접근속도:0.00
14:32:42  TTC:999.00
14:32:42  방향오차:127.8
14:32:42  전방여부:0
14:32:42  위험음성횟수:14
14:32:42  충격음성횟수:1
14:32:42  마지막위험음성:1
14:32:42  RSSI원시:-57
14:32:42  RSSI평활:-54.8
14:32:42  RSSI샘플:2798
14:32:42  RSSI경과ms:53
14:32:42  RSSI구간:4
14:32:42  RSSI거리:1.34
14:32:42  상대보정:1
14:32:42  상대보정중:0
14:32:42  보정동쪽:12.63
14:32:42  보정북쪽:-31.94
14:32:42  위험송신:0
14:32:42  시각ms:329150
14:32:42  IMU시각ms:329149
14:32:42  위험:0
14:32:42  원시위험:0
14:32:42  GPS유효:1
14:32:42  위도:37.496577
14:32:42  경도:126.957944
14:32:42  속도:0.33
14:32:42  방향:226.2
14:32:42  이동방향유효:0
14:32:42  GPS이동방향:226.2
14:32:42  차체방향유효:1
14:32:42  차체방향:70.8
14:32:42  후진판정:1
14:32:42  IMU요회전속도:0.00
14:32:42  방향가속도크기:10.81
14:32:42  방향자이로크기:2.22
14:32:42  방향자세cos:0.9998
14:32:42  자기모델잔차:20.37
14:32:42  자기모델반경:1.885
14:32:42  방향채택:2
14:32:42  방향거부:37680
14:32:42  GPS원시속도:0.206
14:32:42  GPS원시방향유효:1
14:32:42  GPS원시방향:221.1
14:32:42  가속도:-0.68,0.54,10.77
14:32:42  자이로:-2.1,0.6,-0.4
14:32:42  자력계:10.500,34.050,10.950
14:32:42  충격값:1.18
14:32:42  충격피크:2.22
14:32:42  마지막충격발생값:111.97
14:32:42  마지막충격발생ms:136944
14:32:42  송신:3133
14:32:42  지팡이수신:2799
14:32:42  GPS위성:9
14:32:42  GPS_HDOP:1.01
14:32:42  원시위도:37.496578
14:32:42  원시경도:126.957947
14:32:42  GPS채택:1473
14:32:42  GPS이상치거부:24
14:32:42  GPS품질거부:2
14:32:42  GPS재기준:0
14:32:42  계산거리:24.02
14:32:42  접근속도:0.00
14:32:42  TTC:999.00
14:32:42  방향오차:127.8
14:32:42  전방여부:0
14:32:42  위험음성횟수:14
14:32:42  충격음성횟수:1
14:32:42  마지막위험음성:1
14:32:42  RSSI원시:-52
14:32:42  RSSI평활:-54.2
14:32:42  RSSI샘플:2799
14:32:42  RSSI경과ms:54
14:32:42  RSSI구간:4
14:32:42  RSSI거리:1.27
14:32:42  상대보정:1
14:32:42  상대보정중:0
14:32:42  보정동쪽:12.63
14:32:42  보정북쪽:-31.94
14:32:42  위험송신:0
14:32:42  시각ms:329252
14:32:42  IMU시각ms:329251
14:32:42  위험:0
14:32:42  원시위험:0
14:32:42  GPS유효:1
14:32:42  위도:37.496577
14:32:42  경도:126.957944
14:32:42  속도:0.21
14:32:42  방향:226.2
14:32:42  이동방향유효:0
14:32:42  GPS이동방향:226.2
14:32:42  차체방향유효:1
14:32:42  차체방향:70.8
14:32:42  후진판정:1
14:32:42  IMU요회전속도:1.18
14:32:42  방향가속도크기:9.90
14:32:42  방향자이로크기:4.74
14:32:42  방향자세cos:0.9999
14:32:42  자기모델잔차:19.28
14:32:42  자기모델반경:1.919
14:32:42  방향채택:2
14:32:42  방향거부:37692
14:32:42  GPS원시속도:0.093
14:32:42  GPS원시방향유효:1
14:32:42  GPS원시방향:221.1
14:32:42  가속도:-0.36,0.56,9.87
14:32:42  자이로:0.7,-0.1,-4.7
14:32:42  자력계:9.900,34.950,9.750
14:32:42  충격값:0.68
14:32:42  충격피크:1.20
14:32:42  마지막충격발생값:111.97
14:32:42  마지막충격발생ms:136944
14:32:42  송신:3134
14:32:42  지팡이수신:2800
14:32:42  GPS위성:9
14:32:42  GPS_HDOP:1.01
14:32:42  원시위도:37.496577
14:32:42  원시경도:126.957947
14:32:42  GPS채택:1474
14:32:42  GPS이상치거부:24
14:32:42  GPS품질거부:2
14:32:42  GPS재기준:0
14:32:42  계산거리:24.02
14:32:42  접근속도:0.00
14:32:42  TTC:999.00
14:32:42  방향오차:127.8
14:32:42  전방여부:0
14:32:42  위험음성횟수:14
14:32:42  충격음성횟수:1
14:32:42  마지막위험음성:1
14:32:42  RSSI원시:-50
14:32:42  RSSI평활:-53.4
14:32:42  RSSI샘플:2800
14:32:42  RSSI경과ms:50
14:32:42  RSSI구간:4
14:32:42  RSSI거리:1.17
14:32:42  상대보정:1
14:32:42  상대보정중:0
14:32:42  보정동쪽:12.63
14:32:42  보정북쪽:-31.94
14:32:42  위험송신:0
14:32:42  시각ms:329353
14:32:42  IMU시각ms:329352
14:32:42  위험:0
14:32:42  원시위험:0
14:32:42  GPS유효:1
14:32:42  위도:37.496577
14:32:42  경도:126.957944
14:32:42  속도:0.21
14:32:42  방향:226.2
14:32:42  이동방향유효:0
14:32:42  GPS이동방향:226.2
14:32:42  차체방향유효:1
14:32:42  차체방향:70.8
14:32:42  후진판정:1
14:32:42  IMU요회전속도:0.00
14:32:42  방향가속도크기:9.83
14:32:42  방향자이로크기:3.28
14:32:42  방향자세cos:1.0000
14:32:42  자기모델잔차:20.63
14:32:42  자기모델반경:1.875
14:32:42  방향채택:2
14:32:42  방향거부:37704
14:32:42  GPS원시속도:0.093
14:32:42  GPS원시방향유효:1
14:32:42  GPS원시방향:221.1
14:32:42  가속도:-0.45,0.56,9.80
14:32:42  자이로:-0.3,-3.0,-1.3
14:32:42  자력계:9.900,33.750,11.250
14:32:42  충격값:0.56
14:32:42  충격피크:0.71
14:32:42  마지막충격발생값:111.97
14:32:42  마지막충격발생ms:136944
14:32:42  송신:3135
14:32:42  지팡이수신:2801
14:32:42  GPS위성:9
14:32:42  GPS_HDOP:1.01
14:32:42  원시위도:37.496577
14:32:42  원시경도:126.957947
14:32:42  GPS채택:1474
14:32:42  GPS이상치거부:24
14:32:42  GPS품질거부:2
14:32:42  GPS재기준:0
14:32:42  계산거리:24.02
14:32:42  접근속도:0.00
14:32:42  TTC:999.00
14:32:42  방향오차:127.8
14:32:42  전방여부:0
14:32:42  위험음성횟수:14
14:32:42  충격음성횟수:1
14:32:42  마지막위험음성:1
14:32:42  RSSI원시:-51
14:32:42  RSSI평활:-52.9
14:32:42  RSSI샘플:2801
14:32:42  RSSI경과ms:47
14:32:42  RSSI구간:4
14:32:42  RSSI거리:1.12
14:32:42  상대보정:1
14:32:42  상대보정중:0
14:32:42  보정동쪽:12.63
14:32:42  보정북쪽:-31.94
14:32:42  위험송신:0
14:32:43  시각ms:329454
14:32:43  IMU시각ms:329453
14:32:43  위험:0
14:32:43  원시위험:0
14:32:43  GPS유효:1
14:32:43  위도:37.496577
14:32:43  경도:126.957944
14:32:43  속도:0.15
14:32:43  방향:226.2
14:32:43  이동방향유효:0
14:32:43  GPS이동방향:226.2
14:32:43  차체방향유효:1
14:32:43  차체방향:70.8
14:32:43  후진판정:1
14:32:43  IMU요회전속도:0.00
14:32:43  방향가속도크기:9.81
14:32:43  방향자이로크기:1.13
14:32:43  방향자세cos:0.9998
14:32:43  자기모델잔차:17.65
14:32:43  자기모델반경:1.885
14:32:43  방향채택:2
14:32:43  방향거부:37716
14:32:43  GPS원시속도:0.082
14:32:43  GPS원시방향유효:1
14:32:43  GPS원시방향:221.1
14:32:43  가속도:-0.44,0.31,9.79
14:32:43  자이로:-0.7,-0.5,-0.7
14:32:43  자력계:10.650,33.750,8.250
14:32:43  충격값:0.21
14:32:43  충격피크:0.62
14:32:43  마지막충격발생값:111.97
14:32:43  마지막충격발생ms:136944
14:32:43  송신:3136
14:32:43  지팡이수신:2802
14:32:43  GPS위성:8
14:32:43  GPS_HDOP:1.01
14:32:43  원시위도:37.496577
14:32:43  원시경도:126.957947
14:32:43  GPS채택:1475
14:32:43  GPS이상치거부:24
14:32:43  GPS품질거부:2
14:32:43  GPS재기준:0
14:32:43  계산거리:24.44
14:32:43  접근속도:0.00
14:32:43  TTC:999.00
14:32:43  방향오차:127.9
14:32:43  전방여부:0
14:32:43  위험음성횟수:14
14:32:43  충격음성횟수:1
14:32:43  마지막위험음성:1
14:32:43  RSSI원시:-50
14:32:43  RSSI평활:-52.3
14:32:43  RSSI샘플:2802
14:32:43  RSSI경과ms:43
14:32:43  RSSI구간:4
14:32:43  RSSI거리:1.06
14:32:43  상대보정:1
14:32:43  상대보정중:0
14:32:43  보정동쪽:12.63
14:32:43  보정북쪽:-31.94
14:32:43  위험송신:0
14:32:43  시각ms:329556
14:32:43  IMU시각ms:329555
14:32:43  위험:0
14:32:43  원시위험:0
14:32:43  GPS유효:1
14:32:43  위도:37.496577
14:32:43  경도:126.957944
14:32:43  속도:0.15
14:32:43  방향:226.2
14:32:43  이동방향유효:0
14:32:43  GPS이동방향:226.2
14:32:43  차체방향유효:1
14:32:43  차체방향:70.9
14:32:43  후진판정:1
14:32:43  IMU요회전속도:1.04
14:32:43  방향가속도크기:9.71
14:32:43  방향자이로크기:5.06
14:32:43  방향자세cos:1.0000
14:32:43  자기모델잔차:20.10
14:32:43  자기모델반경:1.897
14:32:43  방향채택:2
14:32:43  방향거부:37728
14:32:43  GPS원시속도:0.082
14:32:43  GPS원시방향유효:1
14:32:43  GPS원시방향:221.1
14:32:43  가속도:-0.41,0.55,9.69
14:32:43  자이로:1.7,-1.6,-4.5
14:32:43  자력계:9.600,34.350,10.650
14:32:43  충격값:0.38
14:32:43  충격피크:0.45
14:32:43  마지막충격발생값:111.97
14:32:43  마지막충격발생ms:136944
14:32:43  송신:3137
14:32:43  지팡이수신:2803
14:32:43  GPS위성:8
14:32:43  GPS_HDOP:1.01
14:32:43  원시위도:37.496577
14:32:43  원시경도:126.957947
14:32:43  GPS채택:1475
14:32:43  GPS이상치거부:24
14:32:43  GPS품질거부:2
14:32:43  GPS재기준:0
14:32:43  계산거리:24.44
14:32:43  접근속도:0.00
14:32:43  TTC:999.00
14:32:43  방향오차:127.9
14:32:43  전방여부:0
14:32:43  위험음성횟수:14
14:32:43  충격음성횟수:1
14:32:43  마지막위험음성:1
14:32:43  RSSI원시:-49
14:32:43  RSSI평활:-51.7
14:32:43  RSSI샘플:2803
14:32:43  RSSI경과ms:39
14:32:43  RSSI구간:4
14:32:43  RSSI거리:1.00
14:32:43  상대보정:1
14:32:43  상대보정중:0
14:32:43  보정동쪽:12.63
14:32:43  보정북쪽:-31.94
14:32:43  위험송신:0
14:32:43  시각ms:329663
14:32:43  IMU시각ms:329662
14:32:43  위험:0
14:32:43  원시위험:0
14:32:43  GPS유효:1
14:32:43  위도:37.496577
14:32:43  경도:126.957944
14:32:43  속도:0.12
14:32:43  방향:226.2
14:32:43  이동방향유효:0
14:32:43  GPS이동방향:226.2
14:32:43  차체방향유효:1
14:32:43  차체방향:70.9
14:32:43  후진판정:1
14:32:43  IMU요회전속도:0.00
14:32:43  방향가속도크기:9.74
14:32:43  방향자이로크기:2.03
14:32:43  방향자세cos:1.0000
14:32:43  자기모델잔차:19.41
14:32:43  자기모델반경:1.913
14:32:43  방향채택:2
14:32:43  방향거부:37741
14:32:43  GPS원시속도:0.087
14:32:43  GPS원시방향유효:1
14:32:43  GPS원시방향:221.1
14:32:43  가속도:-0.47,0.50,9.71
14:32:43  자이로:-1.1,-0.4,-1.7
14:32:43  자력계:10.050,34.800,9.900
14:32:43  충격값:0.25
14:32:43  충격피크:0.40
14:32:43  마지막충격발생값:111.97
14:32:43  마지막충격발생ms:136944
14:32:43  송신:3138
14:32:43  지팡이수신:2804
14:32:43  GPS위성:8
14:32:43  GPS_HDOP:1.01
14:32:43  원시위도:37.496576
14:32:43  원시경도:126.957947
14:32:43  GPS채택:1476
14:32:43  GPS이상치거부:24
14:32:43  GPS품질거부:2
14:32:43  GPS재기준:0
14:32:43  계산거리:24.44
14:32:43  접근속도:0.00
14:32:43  TTC:999.00
14:32:43  방향오차:127.9
14:32:43  전방여부:0
14:32:43  위험음성횟수:14
14:32:43  충격음성횟수:1
14:32:43  마지막위험음성:1
14:32:43  RSSI원시:-48
14:32:43  RSSI평활:-50.9
14:32:43  RSSI샘플:2804
14:32:43  RSSI경과ms:41
14:32:43  RSSI구간:4
14:32:43  RSSI거리:0.93
14:32:43  상대보정:1
14:32:43  상대보정중:0
14:32:43  보정동쪽:12.63
14:32:43  보정북쪽:-31.94
14:32:43  위험송신:0
14:32:43  시각ms:329766
14:32:43  IMU시각ms:329764
14:32:43  위험:0
14:32:43  원시위험:0
14:32:43  GPS유효:1
14:32:43  위도:37.496577
14:32:43  경도:126.957944
14:32:43  속도:0.12
14:32:43  방향:226.2
14:32:43  이동방향유효:0
14:32:43  GPS이동방향:226.2
14:32:43  차체방향유효:1
14:32:43  차체방향:70.9
14:32:43  후진판정:1
14:32:43  IMU요회전속도:0.00
14:32:43  방향가속도크기:9.73
14:32:43  방향자이로크기:2.94
14:32:43  방향자세cos:1.0000
14:32:43  자기모델잔차:20.11
14:32:43  자기모델반경:1.895
14:32:43  방향채택:2
14:32:43  방향거부:37753
14:32:43  GPS원시속도:0.087
14:32:43  GPS원시방향유효:1
14:32:43  GPS원시방향:221.1
14:32:43  가속도:-0.45,0.56,9.70
14:32:43  자이로:-1.1,2.5,1.1
14:32:43  자력계:11.250,34.350,10.650
14:32:43  충격값:0.26
14:32:43  충격피크:0.39
14:32:43  마지막충격발생값:111.97
14:32:43  마지막충격발생ms:136944
14:32:43  송신:3139
14:32:43  지팡이수신:2805
14:32:43  GPS위성:8
14:32:43  GPS_HDOP:1.01
14:32:43  원시위도:37.496576
14:32:43  원시경도:126.957947
14:32:43  GPS채택:1476
14:32:43  GPS이상치거부:24
14:32:43  GPS품질거부:2
14:32:43  GPS재기준:0
14:32:43  계산거리:24.44
14:32:43  접근속도:0.00
14:32:43  TTC:999.00
14:32:43  방향오차:127.9
14:32:43  전방여부:0
14:32:43  위험음성횟수:14
14:32:43  충격음성횟수:1
14:32:43  마지막위험음성:1
14:32:43  RSSI원시:-46
14:32:43  RSSI평활:-49.9
14:32:43  RSSI샘플:2805
14:32:43  RSSI경과ms:18
14:32:43  RSSI구간:4
14:32:43  RSSI거리:0.85
14:32:43  상대보정:1
14:32:43  상대보정중:0
14:32:43  보정동쪽:12.63
14:32:43  보정북쪽:-31.94
14:32:43  위험송신:0
14:32:43  시각ms:329866
14:32:43  IMU시각ms:329865
14:32:43  위험:0
14:32:43  원시위험:0
14:32:43  GPS유효:1
14:32:43  위도:37.496577
14:32:43  경도:126.957945
14:32:43  속도:0.09
14:32:43  방향:226.2
14:32:43  이동방향유효:0
14:32:43  GPS이동방향:226.2
14:32:43  차체방향유효:1
14:32:43  차체방향:70.9
14:32:43  후진판정:1
14:32:43  IMU요회전속도:0.00
14:32:43  방향가속도크기:9.70
14:32:43  방향자이로크기:1.69
14:32:43  방향자세cos:1.0000
14:32:43  자기모델잔차:20.15
14:32:43  자기모델반경:1.910
14:32:43  방향채택:2
14:32:43  방향거부:37765
14:32:43  GPS원시속도:0.072
14:32:43  GPS원시방향유효:1
14:32:43  GPS원시방향:221.1
14:32:43  가속도:-0.42,0.51,9.68
14:32:43  자이로:1.5,0.0,0.8
14:32:43  자력계:10.050,34.800,10.650
14:32:43  충격값:0.18
14:32:43  충격피크:0.26
14:32:43  마지막충격발생값:111.97
14:32:43  마지막충격발생ms:136944
14:32:43  송신:3140
14:32:43  지팡이수신:2806
14:32:43  GPS위성:9
14:32:43  GPS_HDOP:1.01
14:32:43  원시위도:37.496576
14:32:43  원시경도:126.957948
14:32:43  GPS채택:1477
14:32:43  GPS이상치거부:24
14:32:43  GPS품질거부:2
14:32:43  GPS재기준:0
14:32:43  계산거리:24.44
14:32:43  접근속도:0.00
14:32:43  TTC:999.00
14:32:43  방향오차:127.9
14:32:43  전방여부:0
14:32:43  위험음성횟수:14
14:32:43  충격음성횟수:1
14:32:43  마지막위험음성:1
14:32:43  RSSI원시:-48
14:32:43  RSSI평활:-49.6
14:32:43  RSSI샘플:2806
14:32:43  RSSI경과ms:18
14:32:43  RSSI구간:4
14:32:43  RSSI거리:0.82
14:32:43  상대보정:1
14:32:43  상대보정중:0
14:32:43  보정동쪽:12.63
14:32:43  보정북쪽:-31.94
14:32:43  위험송신:0
14:32:43  시각ms:329966
14:32:43  IMU시각ms:329965
14:32:43  위험:0
14:32:43  원시위험:0
14:32:43  GPS유효:1
14:32:43  위도:37.496577
14:32:43  경도:126.957945
14:32:43  속도:0.09
14:32:43  방향:226.2
14:32:43  이동방향유효:0
14:32:43  GPS이동방향:226.2
14:32:43  차체방향유효:1
14:32:43  차체방향:70.9
14:32:43  후진판정:1
14:32:43  IMU요회전속도:0.00
14:32:43  방향가속도크기:9.74
14:32:43  방향자이로크기:2.94
14:32:43  방향자세cos:1.0000
14:32:43  자기모델잔차:19.36
14:32:43  자기모델반경:1.942
14:32:43  방향채택:2
14:32:43  방향거부:37777
14:32:43  GPS원시속도:0.072
14:32:43  GPS원시방향유효:1
14:32:43  GPS원시방향:221.1
14:32:43  가속도:-0.47,0.57,9.72
14:32:43  자이로:0.5,-0.0,-2.9
14:32:43  자력계:10.200,35.700,9.750
14:32:43  충격값:0.19
14:32:43  충격피크:0.22
14:32:43  마지막충격발생값:111.97
14:32:43  마지막충격발생ms:136944
14:32:43  송신:3141
14:32:43  지팡이수신:2807
14:32:43  GPS위성:9
14:32:43  GPS_HDOP:1.01
14:32:43  원시위도:37.496576
14:32:43  원시경도:126.957948
14:32:43  GPS채택:1477
14:32:43  GPS이상치거부:24
14:32:43  GPS품질거부:2
14:32:43  GPS재기준:0
14:32:43  계산거리:24.44
14:32:43  접근속도:0.00
14:32:43  TTC:999.00
14:32:43  방향오차:127.9
14:32:43  전방여부:0
14:32:43  위험음성횟수:14
14:32:43  충격음성횟수:1
14:32:43  마지막위험음성:1
14:32:43  RSSI원시:-48
14:32:43  RSSI평활:-49.2
14:32:43  RSSI샘플:2807
14:32:43  RSSI경과ms:25
14:32:43  RSSI구간:4
14:32:43  RSSI거리:0.80
14:32:43  상대보정:1
14:32:43  상대보정중:0
14:32:43  보정동쪽:12.63
14:32:43  보정북쪽:-31.94
14:32:43  위험송신:0
14:32:43  시각ms:330072
14:32:43  IMU시각ms:330071
14:32:43  위험:0
14:32:43  원시위험:0
14:32:43  GPS유효:1
14:32:43  위도:37.496577
14:32:43  경도:126.957945
14:32:43  속도:0.06
14:32:43  방향:226.2
14:32:43  이동방향유효:0
14:32:43  GPS이동방향:226.2
14:32:43  차체방향유효:1
14:32:43  차체방향:70.9
14:32:43  후진판정:1
14:32:43  IMU요회전속도:0.00
14:32:43  방향가속도크기:9.76
14:32:43  방향자이로크기:4.04
14:32:43  방향자세cos:0.9999
14:32:43  자기모델잔차:20.14
14:32:43  자기모델반경:1.905
14:32:43  방향채택:2
14:32:43  방향거부:37788
14:32:43  GPS원시속도:0.021
14:32:43  GPS원시방향유효:1
14:32:43  GPS원시방향:221.1
14:32:43  가속도:-0.56,0.52,9.73
14:32:43  자이로:3.2,1.2,-2.2
14:32:43  자력계:10.200,34.650,10.650
14:32:43  충격값:0.15
14:32:43  충격피크:0.31
14:32:43  마지막충격발생값:111.97
14:32:43  마지막충격발생ms:136944
14:32:43  송신:3142
14:32:43  지팡이수신:2808
14:32:43  GPS위성:9
14:32:43  GPS_HDOP:1.01
14:32:43  원시위도:37.496575
14:32:43  원시경도:126.957948
14:32:43  GPS채택:1478
14:32:43  GPS이상치거부:24
14:32:43  GPS품질거부:2
14:32:43  GPS재기준:0
14:32:43  계산거리:24.94
14:32:43  접근속도:0.00
14:32:43  TTC:999.00
14:32:43  방향오차:126.5
14:32:43  전방여부:0
14:32:43  위험음성횟수:14
14:32:43  충격음성횟수:1
14:32:43  마지막위험음성:1
14:32:43  RSSI원시:-48
14:32:43  RSSI평활:-49.0
14:32:43  RSSI샘플:2808
14:32:43  RSSI경과ms:27
14:32:43  RSSI구간:4
14:32:43  RSSI거리:0.80
14:32:43  상대보정:1
14:32:43  상대보정중:0
14:32:43  보정동쪽:12.63
14:32:43  보정북쪽:-31.94
14:32:43  위험송신:0
14:32:43  시각ms:330275
14:32:43  IMU시각ms:330274
14:32:43  위험:0
14:32:43  원시위험:0
14:32:43  GPS유효:1
14:32:43  위도:37.496577
14:32:43  경도:126.957945
14:32:43  속도:0.04
14:32:43  방향:226.2
14:32:43  이동방향유효:0
14:32:43  GPS이동방향:226.2
14:32:43  차체방향유효:1
14:32:43  차체방향:70.9
14:32:43  후진판정:1
14:32:43  IMU요회전속도:1.83
14:32:43  방향가속도크기:9.65
14:32:43  방향자이로크기:6.27
14:32:43  방향자세cos:1.0000
14:32:43  자기모델잔차:20.29
14:32:43  자기모델반경:1.904
14:32:43  방향채택:2
14:32:43  방향거부:37812
14:32:43  GPS원시속도:0.026
14:32:43  GPS원시방향유효:1
14:32:43  GPS원시방향:221.1
14:32:43  가속도:-0.45,0.47,9.63
14:32:43  자이로:2.3,2.3,-5.4
14:32:43  자력계:10.650,34.650,10.800
14:32:43  충격값:0.13
14:32:43  충격피크:0.23
14:32:43  마지막충격발생값:111.97
14:32:43  마지막충격발생ms:136944
14:32:43  송신:3144
14:32:43  지팡이수신:2810
14:32:43  GPS위성:9
14:32:43  GPS_HDOP:1.01
14:32:43  원시위도:37.496575
14:32:43  원시경도:126.957948
14:32:43  GPS채택:1479
14:32:43  GPS이상치거부:24
14:32:43  GPS품질거부:2
14:32:43  GPS재기준:0
14:32:43  계산거리:24.94
14:32:43  접근속도:0.00
14:32:43  TTC:999.00
14:32:43  방향오차:126.5
14:32:43  전방여부:0
14:32:43  위험음성횟수:14
14:32:43  충격음성횟수:1
14:32:43  마지막위험음성:1
14:32:43  RSSI원시:-49
14:32:43  RSSI평활:-48.8
14:32:43  RSSI샘플:2810
14:32:43  RSSI경과ms:19
14:32:43  RSSI구간:4
14:32:43  RSSI거리:0.80
14:32:43  상대보정:1
14:32:43  상대보정중:0
14:32:43  보정동쪽:12.63
14:32:43  보정북쪽:-31.94
14:32:43  위험송신:0
