22:13:44  시각ms:338134
22:13:44  IMU시각ms:338133
22:13:44  위험:0
22:13:44  원시위험:0
22:13:44  GPS유효:1
22:13:44  위도:37.496512
22:13:44  경도:126.957569
22:13:44  속도:0.00
22:13:44  방향:92.4
22:13:44  이동방향유효:0
22:13:44  GPS이동방향:92.4
22:13:44  차체방향유효:1
22:13:44  차체방향:100.2
22:13:44  후진판정:0
22:13:44  IMU요회전속도:0.00
22:13:44  방향가속도크기:9.71
22:13:44  방향자이로크기:3.80
22:13:44  방향자세cos:0.9999
22:13:44  자기모델잔차:22.46
22:13:44  자기모델반경:2.126
22:13:44  방향채택:0
22:13:44  방향거부:41621
22:13:44  GPS원시속도:0.005
22:13:44  GPS원시방향유효:1
22:13:44  GPS원시방향:90.9
22:13:44  가속도:-0.46,0.38,9.69
22:13:44  자이로:-1.3,1.5,-3.2
22:13:44  자력계:10.500,41.850,12.150
22:13:44  충격값:0.09
22:13:44  충격피크:0.20
22:13:44  마지막충격발생값:0.00
22:13:44  마지막충격발생ms:0
22:13:44  송신:3210
22:13:44  지팡이수신:2082
22:13:44  GPS위성:9
22:13:44  GPS_HDOP:0.94
22:13:44  원시위도:37.496513
22:13:44  원시경도:126.957570
22:13:44  GPS채택:1646
22:13:44  GPS이상치거부:1
22:13:44  GPS품질거부:1
22:13:44  GPS재기준:0
22:13:44  계산거리:-1.00
22:13:44  접근속도:0.00
22:13:44  TTC:999.00
22:13:44  방향오차:0.0
22:13:44  전방여부:0
22:13:44  위험음성횟수:83
22:13:44  충격음성횟수:0
22:13:44  마지막위험음성:1
22:13:44  RSSI원시:-78
22:13:44  RSSI평활:-82.5
22:13:44  RSSI샘플:2082
22:13:44  RSSI경과ms:131
22:13:44  RSSI구간:1
22:13:44  RSSI거리:12.00
22:13:44  상대보정:1
22:13:44  상대보정중:0
22:13:44  보정동쪽:-7.13
22:13:44  보정북쪽:-5.77
22:13:44  위험송신:2082
22:13:44  시각ms:338647
22:13:44  IMU시각ms:338646
22:13:44  위험:0
22:13:44  원시위험:0
22:13:44  GPS유효:1
22:13:44  위도:37.496512
22:13:44  경도:126.957569
22:13:44  속도:0.01
22:13:44  방향:92.4
22:13:44  이동방향유효:0
22:13:44  GPS이동방향:92.4
22:13:44  차체방향유효:1
22:13:44  차체방향:100.2
22:13:44  후진판정:0
22:13:44  IMU요회전속도:0.18
22:13:44  방향가속도크기:9.71
22:13:44  방향자이로크기:3.92
22:13:44  방향자세cos:0.9995
22:13:44  자기모델잔차:22.29
22:13:44  자기모델반경:2.122
22:13:44  방향채택:0
22:13:44  방향거부:41689
22:13:44  GPS원시속도:0.021
22:13:44  GPS원시방향유효:1
22:13:44  GPS원시방향:90.9
22:13:44  가속도:-0.43,0.18,9.70
22:13:44  자이로:-0.1,1.1,-3.8
22:13:44  자력계:10.650,41.700,12.000
22:13:44  충격값:0.12
22:13:44  충격피크:0.18
22:13:44  마지막충격발생값:0.00
22:13:44  마지막충격발생ms:0
22:13:44  송신:3215
22:13:44  지팡이수신:2084
22:13:44  GPS위성:9
22:13:44  GPS_HDOP:0.94
22:13:44  원시위도:37.496514
22:13:44  원시경도:126.957570
22:13:44  GPS채택:1648
22:13:44  GPS이상치거부:1
22:13:44  GPS품질거부:1
22:13:44  GPS재기준:0
22:13:44  계산거리:-1.00
22:13:44  접근속도:0.00
22:13:44  TTC:999.00
22:13:44  방향오차:0.0
22:13:44  전방여부:0
22:13:44  위험음성횟수:83
22:13:44  충격음성횟수:0
22:13:44  마지막위험음성:1
22:13:44  RSSI원시:-82
22:13:44  RSSI평활:-82.5
22:13:44  RSSI샘플:2084
22:13:44  RSSI경과ms:125
22:13:44  RSSI구간:1
22:13:44  RSSI거리:12.00
22:13:44  상대보정:1
22:13:44  상대보정중:0
22:13:44  보정동쪽:-7.13
22:13:44  보정북쪽:-5.77
22:13:44  위험송신:2084
22:13:44  시각ms:338752
22:13:44  IMU시각ms:338752
22:13:44  위험:0
22:13:44  원시위험:0
22:13:44  GPS유효:1
22:13:44  위도:37.496512
22:13:44  경도:126.957570
22:13:44  속도:0.02
22:13:44  방향:92.4
22:13:44  이동방향유효:0
22:13:44  GPS이동방향:92.4
22:13:44  차체방향유효:1
22:13:44  차체방향:100.2
22:13:44  후진판정:0
22:13:44  IMU요회전속도:0.00
22:13:44  방향가속도크기:9.72
22:13:44  방향자이로크기:3.49
22:13:44  방향자세cos:0.9999
22:13:44  자기모델잔차:21.58
22:13:44  자기모델반경:2.090
22:13:44  방향채택:0
22:13:44  방향거부:41702
22:13:44  GPS원시속도:0.021
22:13:44  GPS원시방향유효:1
22:13:44  GPS원시방향:90.9
22:13:44  가속도:-0.46,0.33,9.71
22:13:44  자이로:2.8,1.9,0.7
22:13:44  자력계:11.250,40.650,11.400
22:13:44  충격값:0.04
22:13:44  충격피크:0.14
22:13:44  마지막충격발생값:0.00
22:13:44  마지막충격발생ms:0
22:13:44  송신:3216
22:13:44  지팡이수신:2085
22:13:44  GPS위성:9
22:13:44  GPS_HDOP:0.94
22:13:44  원시위도:37.496514
22:13:44  원시경도:126.957570
22:13:44  GPS채택:1649
22:13:44  GPS이상치거부:1
22:13:44  GPS품질거부:1
22:13:44  GPS재기준:0
22:13:44  계산거리:-1.00
22:13:44  접근속도:0.00
22:13:44  TTC:999.00
22:13:44  방향오차:0.0
22:13:44  전방여부:0
22:13:44  위험음성횟수:83
22:13:44  충격음성횟수:0
22:13:44  마지막위험음성:1
22:13:44  RSSI원시:-83
22:13:44  RSSI평활:-82.6
22:13:44  RSSI샘플:2085
22:13:44  RSSI경과ms:21
22:13:44  RSSI구간:1
22:13:44  RSSI거리:12.00
22:13:44  상대보정:1
22:13:44  상대보정중:0
22:13:44  보정동쪽:-7.13
22:13:44  보정북쪽:-5.77
22:13:44  위험송신:2085
22:13:45  시각ms:338858
22:13:45  IMU시각ms:338857
22:13:45  위험:0
22:13:45  원시위험:0
22:13:45  GPS유효:1
22:13:45  위도:37.496512
22:13:45  경도:126.957570
22:13:45  속도:0.02
22:13:45  방향:92.4
22:13:45  이동방향유효:0
22:13:45  GPS이동방향:92.4
22:13:45  차체방향유효:1
22:13:45  차체방향:100.2
22:13:45  후진판정:0
22:13:45  IMU요회전속도:0.00
22:13:45  방향가속도크기:9.72
22:13:45  방향자이로크기:2.22
22:13:45  방향자세cos:0.9999
22:13:45  자기모델잔차:20.80
22:13:45  자기모델반경:2.128
22:13:45  방향채택:0
22:13:45  방향거부:41715
22:13:45  GPS원시속도:0.021
22:13:45  GPS원시방향유효:1
22:13:45  GPS원시방향:90.9
22:13:45  가속도:-0.45,0.34,9.70
22:13:45  자이로:1.4,0.9,1.5
22:13:45  자력계:10.200,41.700,10.500
22:13:45  충격값:0.06
22:13:45  충격피크:0.32
22:13:45  마지막충격발생값:0.00
22:13:45  마지막충격발생ms:0
22:13:45  송신:3217
22:13:45  지팡이수신:2086
22:13:45  GPS위성:9
22:13:45  GPS_HDOP:0.94
22:13:45  원시위도:37.496514
22:13:45  원시경도:126.957570
22:13:45  GPS채택:1649
22:13:45  GPS이상치거부:1
22:13:45  GPS품질거부:1
22:13:45  GPS재기준:0
22:13:45  계산거리:-1.00
22:13:45  접근속도:0.00
22:13:45  TTC:999.00
22:13:45  방향오차:0.0
22:13:45  전방여부:0
22:13:45  위험음성횟수:83
22:13:45  충격음성횟수:0
22:13:45  마지막위험음성:1
22:13:45  RSSI원시:-81
22:13:45  RSSI평활:-82.2
22:13:45  RSSI샘플:2086
22:13:45  RSSI경과ms:26
22:13:45  RSSI구간:1
22:13:45  RSSI거리:12.00
22:13:45  상대보정:1
22:13:45  상대보정중:0
22:13:45  보정동쪽:-7.13
22:13:45  보정북쪽:-5.77
22:13:45  위험송신:2086
22:13:45  시각ms:339068
22:13:45  IMU시각ms:339067
22:13:45  위험:0
22:13:45  원시위험:0
22:13:45  GPS유효:1
22:13:45  위도:37.496513
22:13:45  경도:126.957570
22:13:45  속도:0.01
22:13:45  방향:92.4
22:13:45  이동방향유효:0
22:13:45  GPS이동방향:92.4
22:13:45  차체방향유효:1
22:13:45  차체방향:100.2
22:13:45  후진판정:0
22:13:45  IMU요회전속도:0.00
22:13:45  방향가속도크기:9.83
22:13:45  방향자이로크기:2.73
22:13:45  방향자세cos:0.9999
22:13:45  자기모델잔차:21.71
22:13:45  자기모델반경:2.129
22:13:45  방향채택:0
22:13:45  방향거부:41741
22:13:45  GPS원시속도:0.010
22:13:45  GPS원시방향유효:1
22:13:45  GPS원시방향:90.9
22:13:45  가속도:-0.44,0.36,9.82
22:13:45  자이로:-1.7,-0.9,-2.0
22:13:45  자력계:10.050,41.850,11.400
22:13:45  충격값:0.12
22:13:45  충격피크:0.17
22:13:45  마지막충격발생값:0.00
22:13:45  마지막충격발생ms:0
22:13:45  송신:3219
22:13:45  지팡이수신:2087
22:13:45  GPS위성:9
22:13:45  GPS_HDOP:0.94
22:13:45  원시위도:37.496514
22:13:45  원시경도:126.957571
22:13:45  GPS채택:1650
22:13:45  GPS이상치거부:1
22:13:45  GPS품질거부:1
22:13:45  GPS재기준:0
22:13:45  계산거리:-1.00
22:13:45  접근속도:0.00
22:13:45  TTC:999.00
22:13:45  방향오차:0.0
22:13:45  전방여부:0
22:13:45  위험음성횟수:83
22:13:45  충격음성횟수:0
22:13:45  마지막위험음성:1
22:13:45  RSSI원시:-80
22:13:45  RSSI평활:-81.8
22:13:45  RSSI샘플:2087
22:13:45  RSSI경과ms:131
22:13:45  RSSI구간:1
22:13:45  RSSI거리:12.00
22:13:45  상대보정:1
22:13:45  상대보정중:0
22:13:45  보정동쪽:-7.13
22:13:45  보정북쪽:-5.77
22:13:45  위험송신:2087
22:13:45  시각ms:339169
22:13:45  IMU시각ms:339168
22:13:45  위험:0
22:13:45  원시위험:0
22:13:45  GPS유효:1
22:13:45  위도:37.496513
22:13:45  경도:126.957570
22:13:45  속도:0.02
22:13:45  방향:92.4
22:13:45  이동방향유효:0
22:13:45  GPS이동방향:92.4
22:13:45  차체방향유효:1
22:13:45  차체방향:100.2
22:13:45  후진판정:0
22:13:45  IMU요회전속도:0.00
22:13:45  방향가속도크기:9.58
22:13:45  방향자이로크기:3.19
22:13:45  방향자세cos:0.9997
22:13:45  자기모델잔차:21.53
22:13:45  자기모델반경:2.083
22:13:45  방향채택:0
22:13:45  방향거부:41755
22:13:45  GPS원시속도:0.026
22:13:45  GPS원시방향유효:1
22:13:45  GPS원시방향:90.9
22:13:45  가속도:-0.42,0.24,9.57
22:13:45  자이로:0.4,0.6,-3.1
22:13:45  자력계:9.600,40.350,11.400
22:13:45  충격값:0.18
22:13:45  충격피크:0.18
22:13:45  마지막충격발생값:0.00
22:13:45  마지막충격발생ms:0
22:13:45  송신:3220
22:13:45  지팡이수신:2087
22:13:45  GPS위성:9
22:13:45  GPS_HDOP:0.94
22:13:45  원시위도:37.496515
22:13:45  원시경도:126.957571
22:13:45  GPS채택:1651
22:13:45  GPS이상치거부:1
22:13:45  GPS품질거부:1
22:13:45  GPS재기준:0
22:13:45  계산거리:-1.00
22:13:45  접근속도:0.00
22:13:45  TTC:999.00
22:13:45  방향오차:0.0
22:13:45  전방여부:0
22:13:45  위험음성횟수:83
22:13:45  충격음성횟수:0
22:13:45  마지막위험음성:1
22:13:45  RSSI원시:-80
22:13:45  RSSI평활:-81.8
22:13:45  RSSI샘플:2087
22:13:45  RSSI경과ms:232
22:13:45  RSSI구간:1
22:13:45  RSSI거리:12.00
22:13:45  상대보정:1
22:13:45  상대보정중:0
22:13:45  보정동쪽:-7.13
22:13:45  보정북쪽:-5.77
22:13:45  위험송신:2087
22:13:46  시각ms:340630
22:13:46  IMU시각ms:340629
22:13:46  위험:0
22:13:46  원시위험:0
22:13:46  GPS유효:1
22:13:46  위도:37.496514
22:13:46  경도:126.957570
22:13:46  속도:0.01
22:13:46  방향:92.4
22:13:46  이동방향유효:0
22:13:46  GPS이동방향:92.4
22:13:46  차체방향유효:1
22:13:46  차체방향:100.2
22:13:46  후진판정:0
22:13:46  IMU요회전속도:-0.07
22:13:46  방향가속도크기:7.94
22:13:46  방향자이로크기:12.39
22:13:46  방향자세cos:0.9950
22:13:46  자기모델잔차:21.76
22:13:46  자기모델반경:2.144
22:13:46  방향채택:0
22:13:46  방향거부:41941
22:13:46  GPS원시속도:0.000
22:13:46  GPS원시방향유효:1
22:13:46  GPS원시방향:90.9
22:13:46  가속도:-1.15,0.41,7.85
22:13:46  자이로:-7.4,9.7,1.9
22:13:46  자력계:10.050,42.300,11.400
22:13:46  충격값:1.98
22:13:46  충격피크:3.52
22:13:46  마지막충격발생값:0.00
22:13:46  마지막충격발생ms:0
22:13:46  송신:3234
22:13:46  지팡이수신:2096
22:13:46  GPS위성:9
22:13:46  GPS_HDOP:0.94
22:13:46  원시위도:37.496518
22:13:46  원시경도:126.957571
22:13:46  GPS채택:1658
22:13:46  GPS이상치거부:1
22:13:46  GPS품질거부:1
22:13:46  GPS재기준:0
22:13:46  계산거리:-1.00
22:13:46  접근속도:0.00
22:13:46  TTC:999.00
22:13:46  방향오차:0.0
22:13:46  전방여부:0
22:13:46  위험음성횟수:83
22:13:46  충격음성횟수:0
22:13:46  마지막위험음성:1
22:13:46  RSSI원시:-80
22:13:46  RSSI평활:-81.2
22:13:46  RSSI샘플:2096
22:13:46  RSSI경과ms:31
22:13:46  RSSI구간:1
22:13:46  RSSI거리:12.00
22:13:46  상대보정:1
22:13:46  상대보정중:0
22:13:46  보정동쪽:-7.13
22:13:46  보정북쪽:-5.77
22:13:46  위험송신:2096
22:13:47  시각ms:340837
22:13:47  IMU시각ms:340836
22:13:47  위험:0
22:13:47  원시위험:0
22:13:47  GPS유효:1
22:13:47  위도:37.496515
22:13:47  경도:126.957570
22:13:47  속도:0.02
22:13:47  방향:92.4
22:13:47  이동방향유효:0
22:13:47  GPS이동방향:92.4
22:13:47  차체방향유효:1
22:13:47  차체방향:100.1
22:13:47  후진판정:0
22:13:47  IMU요회전속도:0.00
22:13:47  방향가속도크기:10.25
22:13:47  방향자이로크기:6.41
22:13:47  방향자세cos:0.9924
22:13:47  자기모델잔차:22.39
22:13:47  자기모델반경:2.100
22:13:47  방향채택:0
22:13:47  방향거부:41968
22:13:47  GPS원시속도:0.031
22:13:47  GPS원시방향유효:1
22:13:47  GPS원시방향:90.9
22:13:47  가속도:-0.42,1.76,10.08
22:13:47  자이로:-4.2,-3.6,-3.3
22:13:47  자력계:13.050,41.100,12.150
22:13:47  충격값:1.29
22:13:47  충격피크:3.82
22:13:47  마지막충격발생값:0.00
22:13:47  마지막충격발생ms:0
22:13:47  송신:3236
22:13:47  지팡이수신:2097
22:13:47  GPS위성:9
22:13:47  GPS_HDOP:0.94
22:13:47  원시위도:37.496518
22:13:47  원시경도:126.957571
22:13:47  GPS채택:1659
22:13:47  GPS이상치거부:1
22:13:47  GPS품질거부:1
22:13:47  GPS재기준:0
22:13:47  계산거리:-1.00
22:13:47  접근속도:0.00
22:13:47  TTC:999.00
22:13:47  방향오차:0.0
22:13:47  전방여부:0
22:13:47  위험음성횟수:83
22:13:47  충격음성횟수:0
22:13:47  마지막위험음성:1
22:13:47  RSSI원시:-82
22:13:47  RSSI평활:-81.4
22:13:47  RSSI샘플:2097
22:13:47  RSSI경과ms:137
22:13:47  RSSI구간:1
22:13:47  RSSI거리:12.00
22:13:47  상대보정:1
22:13:47  상대보정중:0
22:13:47  보정동쪽:-7.13
22:13:47  보정북쪽:-5.77
22:13:47  위험송신:2097
22:13:47  시각ms:340937
22:13:47  IMU시각ms:340936
22:13:47  위험:0
22:13:47  원시위험:0
22:13:47  GPS유효:1
22:13:47  위도:37.496515
22:13:47  경도:126.957570
22:13:47  속도:0.08
22:13:47  방향:92.4
22:13:47  이동방향유효:0
22:13:47  GPS이동방향:92.4
22:13:47  차체방향유효:1
22:13:47  차체방향:100.2
22:13:47  후진판정:0
22:13:47  IMU요회전속도:0.13
22:13:47  방향가속도크기:11.39
22:13:47  방향자이로크기:11.98
22:13:47  방향자세cos:0.9896
22:13:47  자기모델잔차:21.66
22:13:47  자기모델반경:2.115
22:13:47  방향채택:0
22:13:47  방향거부:41982
22:13:47  GPS원시속도:0.139
22:13:47  GPS원시방향유효:1
22:13:47  GPS원시방향:90.9
22:13:47  가속도:1.04,1.06,11.30
22:13:47  자이로:8.7,7.2,-3.9
22:13:47  자력계:10.500,41.400,11.400
22:13:47  충격값:2.10
22:13:47  충격피크:3.88
22:13:47  마지막충격발생값:0.00
22:13:47  마지막충격발생ms:0
22:13:47  송신:3237
22:13:47  지팡이수신:2097
22:13:47  GPS위성:9
22:13:47  GPS_HDOP:0.94
22:13:47  원시위도:37.496518
22:13:47  원시경도:126.957570
22:13:47  GPS채택:1660
22:13:47  GPS이상치거부:1
22:13:47  GPS품질거부:1
22:13:47  GPS재기준:0
22:13:47  계산거리:-1.00
22:13:47  접근속도:0.00
22:13:47  TTC:999.00
22:13:47  방향오차:0.0
22:13:47  전방여부:0
22:13:47  위험음성횟수:83
22:13:47  충격음성횟수:0
22:13:47  마지막위험음성:1
22:13:47  RSSI원시:-82
22:13:47  RSSI평활:-81.4
22:13:47  RSSI샘플:2097
22:13:47  RSSI경과ms:237
22:13:47  RSSI구간:1
22:13:47  RSSI거리:12.00
22:13:47  상대보정:1
22:13:47  상대보정중:0
22:13:47  보정동쪽:-7.13
22:13:47  보정북쪽:-5.77
22:13:47  위험송신:2097
22:13:47  시각ms:341246
22:13:47  IMU시각ms:341245
22:13:47  위험:0
22:13:47  원시위험:0
22:13:47  GPS유효:1
22:13:47  위도:37.496515
22:13:47  경도:126.957570
22:13:47  속도:0.16
22:13:47  방향:92.4
22:13:47  이동방향유효:0
22:13:47  GPS이동방향:92.4
22:13:47  차체방향유효:1
22:13:47  차체방향:100.3
22:13:47  후진판정:0
22:13:47  IMU요회전속도:0.00
22:13:47  방향가속도크기:16.71
22:13:47  방향자이로크기:3.11
22:13:47  방향자세cos:1.0000
22:13:47  자기모델잔차:21.63
22:13:47  자기모델반경:2.104
22:13:47  방향채택:0
22:13:47  방향거부:42020
22:13:47  GPS원시속도:0.247
22:13:47  GPS원시방향유효:1
22:13:47  GPS원시방향:90.9
22:13:47  가속도:0.79,2.71,16.47
22:13:47  자이로:3.1,-0.0,0.1
22:13:47  자력계:10.500,42.300,10.950
22:13:47  충격값:6.87
22:13:47  충격피크:6.87
22:13:47  마지막충격발생값:0.00
22:13:47  마지막충격발생ms:0
22:13:47  송신:3240
22:13:47  지팡이수신:2099
22:13:47  GPS위성:9
22:13:47  GPS_HDOP:0.94
22:13:47  원시위도:37.496519
22:13:47  원시경도:126.957570
22:13:47  GPS채택:1661
22:13:47  GPS이상치거부:1
22:13:47  GPS품질거부:1
22:13:47  GPS재기준:0
22:13:47  계산거리:-1.00
22:13:47  접근속도:0.00
22:13:47  TTC:999.00
22:13:47  방향오차:0.0
22:13:47  전방여부:0
22:13:47  위험음성횟수:83
22:13:47  충격음성횟수:0
22:13:47  마지막위험음성:1
22:13:47  RSSI원시:-78
22:13:47  RSSI평활:-80.6
22:13:47  RSSI샘플:2099
22:13:47  RSSI경과ms:27
22:13:47  RSSI구간:1
22:13:47  RSSI거리:12.00
22:13:47  상대보정:1
22:13:47  상대보정중:0
22:13:47  보정동쪽:-7.13
22:13:47  보정북쪽:-5.77
22:13:47  위험송신:2099
22:13:47  시각ms:341352
22:13:47  IMU시각ms:341351
22:13:47  위험:0
22:13:47  원시위험:0
22:13:47  GPS유효:1
22:13:47  위도:37.496516
22:13:47  경도:126.957570
22:13:47  속도:0.29
22:13:47  방향:92.4
22:13:47  이동방향유효:0
22:13:47  GPS이동방향:354.2
22:13:47  차체방향유효:1
22:13:47  차체방향:100.3
22:13:47  후진판정:0
22:13:47  IMU요회전속도:-3.57
22:13:47  방향가속도크기:8.20
22:13:47  방향자이로크기:27.40
22:13:47  방향자세cos:0.9532
22:13:47  자기모델잔차:21.10
22:13:47  자기모델반경:2.126
22:13:47  방향채택:0
22:13:47  방향거부:42033
22:13:47  GPS원시속도:0.422
22:13:47  GPS원시방향유효:1
22:13:47  GPS원시방향:354.2
22:13:47  가속도:2.07,-0.12,7.93
22:13:47  자이로:26.1,-5.1,6.7
22:13:47  자력계:10.650,41.700,10.800
22:13:47  충격값:3.11
22:13:47  충격피크:6.03
22:13:47  마지막충격발생값:0.00
22:13:47  마지막충격발생ms:0
22:13:47  송신:3241
22:13:47  지팡이수신:2100
22:13:47  GPS위성:9
22:13:47  GPS_HDOP:0.94
22:13:47  원시위도:37.496519
22:13:47  원시경도:126.957569
22:13:47  GPS채택:1662
22:13:47  GPS이상치거부:1
22:13:47  GPS품질거부:1
22:13:47  GPS재기준:0
22:13:47  계산거리:-1.00
22:13:47  접근속도:0.00
22:13:47  TTC:999.00
22:13:47  방향오차:0.0
22:13:47  전방여부:0
22:13:47  위험음성횟수:83
22:13:47  충격음성횟수:0
22:13:47  마지막위험음성:1
22:13:47  RSSI원시:-83
22:13:47  RSSI평활:-81.1
22:13:47  RSSI샘플:2100
22:13:47  RSSI경과ms:31
22:13:47  RSSI구간:1
22:13:47  RSSI거리:12.00
22:13:47  상대보정:1
22:13:47  상대보정중:0
22:13:47  보정동쪽:-7.13
22:13:47  보정북쪽:-5.77
22:13:47  위험송신:2100
22:13:47  시각ms:341453
22:13:47  IMU시각ms:341452
22:13:47  위험:0
22:13:47  원시위험:0
22:13:47  GPS유효:1
22:13:47  위도:37.496516
22:13:47  경도:126.957570
22:13:47  속도:0.29
22:13:47  방향:92.4
22:13:47  이동방향유효:0
22:13:47  GPS이동방향:354.2
22:13:47  차체방향유효:1
22:13:47  차체방향:100.3
22:13:47  후진판정:0
22:13:47  IMU요회전속도:0.00
22:13:47  방향가속도크기:8.75
22:13:47  방향자이로크기:21.60
22:13:47  방향자세cos:0.9343
22:13:47  자기모델잔차:22.20
22:13:47  자기모델반경:2.099
22:13:47  방향채택:0
22:13:47  방향거부:42047
22:13:47  GPS원시속도:0.422
22:13:47  GPS원시방향유효:1
22:13:47  GPS원시방향:354.2
22:13:47  가속도:-3.49,0.42,8.01
22:13:47  자이로:12.2,17.8,-1.0
22:13:47  자력계:10.200,40.950,12.000
22:13:47  충격값:3.72
22:13:47  충격피크:6.91
22:13:47  마지막충격발생값:0.00
22:13:47  마지막충격발생ms:0
22:13:47  송신:3242
22:13:47  지팡이수신:2100
22:13:47  GPS위성:9
22:13:47  GPS_HDOP:0.94
22:13:47  원시위도:37.496519
22:13:47  원시경도:126.957569
22:13:47  GPS채택:1662
22:13:47  GPS이상치거부:1
22:13:47  GPS품질거부:1
22:13:47  GPS재기준:0
22:13:47  계산거리:-1.00
22:13:47  접근속도:0.00
22:13:47  TTC:999.00
22:13:47  방향오차:0.0
22:13:47  전방여부:0
22:13:47  위험음성횟수:83
22:13:47  충격음성횟수:0
22:13:47  마지막위험음성:1
22:13:47  RSSI원시:-83
22:13:47  RSSI평활:-81.1
22:13:47  RSSI샘플:2100
22:13:47  RSSI경과ms:132
22:13:47  RSSI구간:1
22:13:47  RSSI거리:12.00
22:13:47  상대보정:1
22:13:47  상대보정중:0
22:13:47  보정동쪽:-7.13
22:13:47  보정북쪽:-5.77
22:13:47  위험송신:2100
22:13:47  시각ms:341553
22:13:47  IMU시각ms:341552
22:13:47  위험:0
22:13:47  원시위험:0
22:13:47  GPS유효:1
22:13:47  위도:37.496518
22:13:47  경도:126.957569
22:13:47  속도:0.40
22:13:47  방향:339.6
22:13:47  이동방향유효:1
22:13:47  GPS이동방향:339.6
22:13:47  차체방향유효:1
22:13:47  차체방향:100.4
22:13:47  후진판정:0
22:13:47  IMU요회전속도:0.00
22:13:47  방향가속도크기:11.27
22:13:47  방향자이로크기:21.91
22:13:47  방향자세cos:0.9774
22:13:47  자기모델잔차:21.87
22:13:47  자기모델반경:2.090
22:13:47  방향채택:0
22:13:47  방향거부:42061
22:13:47  GPS원시속도:0.514
22:13:47  GPS원시방향유효:1
22:13:47  GPS원시방향:312.4
22:13:47  가속도:0.97,2.42,10.97
22:13:47  자이로:21.6,-2.4,2.9
22:13:47  자력계:10.500,40.650,11.700
22:13:47  충격값:2.38
22:13:47  충격피크:4.60
22:13:47  마지막충격발생값:0.00
22:13:47  마지막충격발생ms:0
22:13:47  송신:3243
22:13:47  지팡이수신:2100
22:13:47  GPS위성:9
22:13:47  GPS_HDOP:0.94
22:13:47  원시위도:37.496520
22:13:47  원시경도:126.957567
22:13:47  GPS채택:1663
22:13:47  GPS이상치거부:1
22:13:47  GPS품질거부:1
22:13:47  GPS재기준:0
22:13:47  계산거리:-1.00
22:13:47  접근속도:0.00
22:13:47  TTC:999.00
22:13:47  방향오차:0.0
22:13:47  전방여부:0
22:13:47  위험음성횟수:83
22:13:47  충격음성횟수:0
22:13:47  마지막위험음성:1
22:13:47  RSSI원시:-83
22:13:47  RSSI평활:-81.1
22:13:47  RSSI샘플:2100
22:13:47  RSSI경과ms:232
22:13:47  RSSI구간:1
22:13:47  RSSI거리:12.00
22:13:47  상대보정:1
22:13:47  상대보정중:0
22:13:47  보정동쪽:-7.13
22:13:47  보정북쪽:-5.77
22:13:47  위험송신:2100
22:13:47  시각ms:341659
22:13:47  IMU시각ms:341658
22:13:47  위험:0
22:13:47  원시위험:0
22:13:47  GPS유효:1
22:13:47  위도:37.496518
22:13:47  경도:126.957569
22:13:47  속도:0.40
22:13:47  방향:339.6
22:13:47  이동방향유효:1
22:13:47  GPS이동방향:339.6
22:13:47  차체방향유효:1
22:13:47  차체방향:100.5
22:13:47  후진판정:0
22:13:47  IMU요회전속도:0.00
22:13:47  방향가속도크기:10.90
22:13:47  방향자이로크기:22.47
22:13:47  방향자세cos:0.9932
22:13:47  자기모델잔차:21.11
22:13:47  자기모델반경:2.124
22:13:47  방향채택:0
22:13:47  방향거부:42074
22:13:47  GPS원시속도:0.514
22:13:47  GPS원시방향유효:1
22:13:47  GPS원시방향:312.4
22:13:47  가속도:-1.58,1.17,10.72
22:13:47  자이로:22.3,1.2,2.8
22:13:47  자력계:12.150,41.700,10.800
22:13:47  충격값:1.69
22:13:47  충격피크:5.69
22:13:47  마지막충격발생값:0.00
22:13:47  마지막충격발생ms:0
22:13:47  송신:3244
22:13:47  지팡이수신:2101
22:13:47  GPS위성:9
22:13:47  GPS_HDOP:0.94
22:13:47  원시위도:37.496520
22:13:47  원시경도:126.957567
22:13:47  GPS채택:1663
22:13:47  GPS이상치거부:1
22:13:47  GPS품질거부:1
22:13:47  GPS재기준:0
22:13:47  계산거리:-1.00
22:13:47  접근속도:0.00
22:13:47  TTC:999.00
22:13:47  방향오차:0.0
22:13:47  전방여부:0
22:13:47  위험음성횟수:83
22:13:47  충격음성횟수:0
22:13:47  마지막위험음성:1
22:13:47  RSSI원시:-76
22:13:47  RSSI평활:-80.1
22:13:47  RSSI샘플:2101
22:13:47  RSSI경과ms:26
22:13:47  RSSI구간:1
22:13:47  RSSI거리:12.00
22:13:47  상대보정:1
22:13:47  상대보정중:0
22:13:47  보정동쪽:-7.13
22:13:47  보정북쪽:-5.77
22:13:47  위험송신:2101
22:13:48  시각ms:341860
22:13:48  IMU시각ms:341859
22:13:48  위험:0
22:13:48  원시위험:0
22:13:48  GPS유효:1
22:13:48  위도:37.496519
22:13:48  경도:126.957567
22:13:48  속도:0.50
22:13:48  방향:322.9
22:13:48  이동방향유효:1
22:13:48  GPS이동방향:322.9
22:13:48  차체방향유효:1
22:13:48  차체방향:103.9
22:13:48  후진판정:1
22:13:48  IMU요회전속도:-28.22
22:13:48  방향가속도크기:5.93
22:13:48  방향자이로크기:33.87
22:13:48  방향자세cos:0.9637
22:13:48  자기모델잔차:21.40
22:13:48  자기모델반경:2.088
22:13:48  방향채택:0
22:13:48  방향거부:42102
22:13:48  GPS원시속도:0.592
22:13:48  GPS원시방향유효:1
22:13:48  GPS원시방향:292.0
22:13:48  가속도:-0.68,-3.20,4.95
22:13:48  자이로:10.0,-7.0,31.6
22:13:48  자력계:10.200,42.450,10.050
22:13:48  충격값:5.82
22:13:48  충격피크:9.78
22:13:48  마지막충격발생값:0.00
22:13:48  마지막충격발생ms:0
22:13:48  송신:3246
22:13:48  지팡이수신:2101
22:13:48  GPS위성:9
22:13:48  GPS_HDOP:0.94
22:13:48  원시위도:37.496520
22:13:48  원시경도:126.957566
22:13:48  GPS채택:1664
22:13:48  GPS이상치거부:1
22:13:48  GPS품질거부:1
22:13:48  GPS재기준:0
22:13:48  계산거리:-1.00
22:13:48  접근속도:0.00
22:13:48  TTC:999.00
22:13:48  방향오차:0.0
22:13:48  전방여부:0
22:13:48  위험음성횟수:83
22:13:48  충격음성횟수:0
22:13:48  마지막위험음성:1
22:13:48  RSSI원시:-76
22:13:48  RSSI평활:-80.1
22:13:48  RSSI샘플:2101
22:13:48  RSSI경과ms:227
22:13:48  RSSI구간:1
22:13:48  RSSI거리:12.00
22:13:48  상대보정:1
22:13:48  상대보정중:0
22:13:48  보정동쪽:-7.13
22:13:48  보정북쪽:-5.77
22:13:48  위험송신:2101
22:13:48  시각ms:342486
22:13:48  IMU시각ms:342486
22:13:48  위험:0
22:13:48  원시위험:0
22:13:48  GPS유효:1
22:13:48  위도:37.496522
22:13:48  경도:126.957561
22:13:48  속도:0.72
22:13:48  방향:291.3
22:13:48  이동방향유효:1
22:13:48  GPS이동방향:291.3
22:13:48  차체방향유효:1
22:13:48  차체방향:107.6
22:13:48  후진판정:1
22:13:48  IMU요회전속도:1.66
22:13:48  방향가속도크기:7.94
22:13:48  방향자이로크기:17.18
22:13:48  방향자세cos:0.9272
22:13:48  자기모델잔차:20.70
22:13:48  자기모델반경:2.187
22:13:48  방향채택:0
22:13:48  방향거부:42179
22:13:48  GPS원시속도:0.792
22:13:48  GPS원시방향유효:1
22:13:48  GPS원시방향:275.2
22:13:48  가속도:1.28,-2.13,7.55
22:13:48  자이로:-7.1,-15.0,-4.3
22:13:48  자력계:8.100,42.600,8.700
22:13:48  충격값:3.70
22:13:48  충격피크:12.25
22:13:48  마지막충격발생값:0.00
22:13:48  마지막충격발생ms:0
22:13:48  송신:3252
22:13:48  지팡이수신:2105
22:13:48  GPS위성:9
22:13:48  GPS_HDOP:0.94
22:13:48  원시위도:37.496521
22:13:48  원시경도:126.957562
22:13:48  GPS채택:1667
22:13:48  GPS이상치거부:1
22:13:48  GPS품질거부:1
22:13:48  GPS재기준:0
22:13:48  계산거리:-1.00
22:13:48  접근속도:0.00
22:13:48  TTC:999.00
22:13:48  방향오차:0.0
22:13:48  전방여부:0
22:13:48  위험음성횟수:83
22:13:48  충격음성횟수:0
22:13:48  마지막위험음성:1
22:13:48  RSSI원시:-79
22:13:48  RSSI평활:-81.2
22:13:48  RSSI샘플:2105
22:13:48  RSSI경과ms:24
22:13:48  RSSI구간:1
22:13:48  RSSI거리:12.00
22:13:48  상대보정:1
22:13:48  상대보정중:0
22:13:48  보정동쪽:-7.13
22:13:48  보정북쪽:-5.77
22:13:48  위험송신:2105
22:13:48  시각ms:342592
22:13:48  IMU시각ms:342592
22:13:48  위험:0
22:13:48  원시위험:0
22:13:48  GPS유효:1
22:13:48  위도:37.496522
22:13:48  경도:126.957560
22:13:48  속도:0.74
22:13:48  방향:286.6
22:13:48  이동방향유효:1
22:13:48  GPS이동방향:286.6
22:13:48  차체방향유효:1
22:13:48  차체방향:107.6
22:13:48  후진판정:1
22:13:48  IMU요회전속도:0.00
22:13:48  방향가속도크기:11.10
22:13:48  방향자이로크기:44.38
22:13:48  방향자세cos:0.7263
22:13:48  자기모델잔차:19.40
22:13:48  자기모델반경:2.157
22:13:48  방향채택:0
22:13:48  방향거부:42192
22:13:48  GPS원시속도:0.767
22:13:48  GPS원시방향유효:1
22:13:48  GPS원시방향:277.9
22:13:48  가속도:4.61,-5.37,8.56
22:13:48  자이로:-4.1,-44.2,1.4
22:13:48  자력계:7.950,43.650,9.000
22:13:48  충격값:7.46
22:13:48  충격피크:8.98
22:13:48  마지막충격발생값:0.00
22:13:48  마지막충격발생ms:0
22:13:48  송신:3253
22:13:48  지팡이수신:2106
22:13:48  GPS위성:9
22:13:48  GPS_HDOP:0.94
22:13:48  원시위도:37.496522
22:13:48  원시경도:126.957560
22:13:48  GPS채택:1668
22:13:48  GPS이상치거부:1
22:13:48  GPS품질거부:1
22:13:48  GPS재기준:0
22:13:48  계산거리:-1.00
22:13:48  접근속도:0.00
22:13:48  TTC:999.00
22:13:48  방향오차:0.0
22:13:48  전방여부:0
22:13:48  위험음성횟수:83
22:13:48  충격음성횟수:0
22:13:48  마지막위험음성:1
22:13:48  RSSI원시:-86
22:13:48  RSSI평활:-82.2
22:13:48  RSSI샘플:2106
22:13:48  RSSI경과ms:24
22:13:48  RSSI구간:1
22:13:48  RSSI거리:12.00
22:13:48  상대보정:1
22:13:48  상대보정중:0
22:13:48  보정동쪽:-7.13
22:13:48  보정북쪽:-5.77
22:13:48  위험송신:2106
22:13:49  시각ms:342903
22:13:49  IMU시각ms:342903
22:13:49  위험:0
22:13:49  원시위험:0
22:13:49  GPS유효:1
22:13:49  위도:37.496522
22:13:49  경도:126.957557
22:13:49  속도:0.78
22:13:49  방향:282.8
22:13:49  이동방향유효:1
22:13:49  GPS이동방향:282.8
22:13:49  차체방향유효:1
22:13:49  차체방향:107.2
22:13:49  후진판정:1
22:13:49  IMU요회전속도:0.00
22:13:49  방향가속도크기:4.17
22:13:49  방향자이로크기:28.91
22:13:49  방향자세cos:0.9431
22:13:49  자기모델잔차:19.47
22:13:49  자기모델반경:2.182
22:13:49  방향채택:0
22:13:49  방향거부:42230
22:13:49  GPS원시속도:0.813
22:13:49  GPS원시방향유효:1
22:13:49  GPS원시방향:275.9
22:13:49  가속도:-0.38,-1.04,4.02
22:13:49  자이로:-8.2,27.7,-0.8
22:13:49  자력계:8.550,40.350,8.400
22:13:49  충격값:4.82
22:13:49  충격피크:7.22
22:13:49  마지막충격발생값:0.00
22:13:49  마지막충격발생ms:0
22:13:49  송신:3256
22:13:49  지팡이수신:2109
22:13:49  GPS위성:9
22:13:49  GPS_HDOP:0.94
22:13:49  원시위도:37.496522
22:13:49  원시경도:126.957559
22:13:49  GPS채택:1669
22:13:49  GPS이상치거부:1
22:13:49  GPS품질거부:1
22:13:49  GPS재기준:0
22:13:49  계산거리:-1.00
22:13:49  접근속도:0.00
22:13:49  TTC:999.00
22:13:49  방향오차:0.0
22:13:49  전방여부:0
22:13:49  위험음성횟수:83
22:13:49  충격음성횟수:0
22:13:49  마지막위험음성:1
22:13:49  RSSI원시:-84
22:13:49  RSSI평활:-82.2
22:13:49  RSSI샘플:2109
22:13:49  RSSI경과ms:26
22:13:49  RSSI구간:1
22:13:49  RSSI거리:12.00
22:13:49  상대보정:1
22:13:49  상대보정중:0
22:13:49  보정동쪽:-7.13
22:13:49  보정북쪽:-5.77
22:13:49  위험송신:2109
22:13:49  시각ms:343537
22:13:49  IMU시각ms:343513
22:13:49  위험:0
22:13:49  원시위험:0
22:13:49  GPS유효:1
22:13:49  위도:37.496522
22:13:49  경도:126.957551
22:13:49  속도:0.90
22:13:49  방향:275.3
22:13:49  이동방향유효:1
22:13:49  GPS이동방향:275.3
22:13:49  차체방향유효:1
22:13:49  차체방향:104.6
22:13:49  후진판정:1
22:13:49  IMU요회전속도:5.58
22:13:49  방향가속도크기:12.49
22:13:49  방향자이로크기:21.65
22:13:49  방향자세cos:0.9667
22:13:49  자기모델잔차:19.64
22:13:49  자기모델반경:2.098
22:13:49  방향채택:0
22:13:49  방향거부:42310
22:13:49  GPS원시속도:0.936
22:13:49  GPS원시방향유효:1
22:13:49  GPS원시방향:271.6
22:13:49  가속도:2.58,1.25,12.15
22:13:49  자이로:2.6,-19.9,-8.1
22:13:49  자력계:10.500,40.650,9.450
22:13:49  충격값:4.07
22:13:49  충격피크:9.66
22:13:49  마지막충격발생값:0.00
22:13:49  마지막충격발생ms:0
22:13:49  송신:3262
22:13:49  지팡이수신:2111
22:13:49  GPS위성:9
22:13:49  GPS_HDOP:0.94
22:13:49  원시위도:37.496522
22:13:49  원시경도:126.957553
22:13:49  GPS채택:1672
22:13:49  GPS이상치거부:1
22:13:49  GPS품질거부:1
22:13:49  GPS재기준:0
22:13:49  계산거리:-1.00
22:13:49  접근속도:0.00
22:13:49  TTC:999.00
22:13:49  방향오차:0.0
22:13:49  전방여부:0
22:13:49  위험음성횟수:83
22:13:49  충격음성횟수:0
22:13:49  마지막위험음성:1
22:13:49  RSSI원시:-76
22:13:49  RSSI평활:-80.6
22:13:49  RSSI샘플:2111
22:13:49  RSSI경과ms:27
22:13:49  RSSI구간:1
22:13:49  RSSI거리:12.00
22:13:49  상대보정:1
22:13:49  상대보정중:0
22:13:49  보정동쪽:-7.13
22:13:49  보정북쪽:-5.77
22:13:49  위험송신:2111
22:13:49  시각ms:343630
22:13:49  IMU시각ms:343629
22:13:49  위험:0
22:13:49  원시위험:0
22:13:49  GPS유효:1
22:13:49  위도:37.496523
22:13:49  경도:126.957550
22:13:49  속도:0.90
22:13:49  방향:274.2
22:13:49  이동방향유효:1
22:13:49  GPS이동방향:274.2
22:13:49  차체방향유효:1
22:13:49  차체방향:103.4
22:13:49  후진판정:1
22:13:49  IMU요회전속도:-2.05
22:13:49  방향가속도크기:9.65
22:13:49  방향자이로크기:28.29
22:13:49  방향자세cos:0.8087
22:13:49  자기모델잔차:20.09
22:13:49  자기모델반경:2.096
22:13:49  방향채택:0
22:13:49  방향거부:42321
22:13:49  GPS원시속도:0.890
22:13:49  GPS원시방향유효:1
22:13:49  GPS원시방향:272.3
22:13:49  가속도:-0.42,6.05,7.50
22:13:49  자이로:6.6,27.2,3.8
22:13:49  자력계:10.650,39.750,9.000
22:13:49  충격값:6.08
22:13:49  충격피크:9.05
22:13:49  마지막충격발생값:0.00
22:13:49  마지막충격발생ms:0
22:13:49  송신:3263
22:13:49  지팡이수신:2112
22:13:49  GPS위성:9
22:13:49  GPS_HDOP:0.94
22:13:49  원시위도:37.496522
22:13:49  원시경도:126.957551
22:13:49  GPS채택:1673
22:13:49  GPS이상치거부:1
22:13:49  GPS품질거부:1
22:13:49  GPS재기준:0
22:13:49  계산거리:-1.00
22:13:49  접근속도:0.00
22:13:49  TTC:999.00
22:13:49  방향오차:0.0
22:13:49  전방여부:0
22:13:49  위험음성횟수:83
22:13:49  충격음성횟수:0
22:13:49  마지막위험음성:1
22:13:49  RSSI원시:-76
22:13:49  RSSI평활:-79.7
22:13:49  RSSI샘플:2112
22:13:49  RSSI경과ms:22
22:13:49  RSSI구간:1
22:13:49  RSSI거리:12.00
22:13:49  상대보정:1
22:13:49  상대보정중:0
22:13:49  보정동쪽:-7.13
22:13:49  보정북쪽:-5.77
22:13:49  위험송신:2112
22:13:50  시각ms:343842
22:13:50  IMU시각ms:343841
22:13:50  위험:0
22:13:50  원시위험:0
22:13:50  GPS유효:1
22:13:50  위도:37.496523
22:13:50  경도:126.957548
22:13:50  속도:0.91
22:13:50  방향:274.2
22:13:50  이동방향유효:1
22:13:50  GPS이동방향:274.2
22:13:50  차체방향유효:1
22:13:50  차체방향:104.4
22:13:50  후진판정:1
22:13:50  IMU요회전속도:27.93
22:13:50  방향가속도크기:11.44
22:13:50  방향자이로크기:38.27
22:13:50  방향자세cos:0.6063
22:13:50  자기모델잔차:19.27
22:13:50  자기모델반경:2.000
22:13:50  방향채택:0
22:13:50  방향거부:42347
22:13:50  GPS원시속도:0.926
22:13:50  GPS원시방향유효:1
22:13:50  GPS원시방향:274.1
22:13:50  가속도:5.57,-6.56,7.53
22:13:50  자이로:16.7,-15.3,-30.9
22:13:50  자력계:10.950,38.550,10.800
22:13:50  충격값:9.19
22:13:50  충격피크:15.59
22:13:50  마지막충격발생값:0.00
22:13:50  마지막충격발생ms:0
22:13:50  송신:3265
22:13:50  지팡이수신:2114
22:13:50  GPS위성:9
22:13:50  GPS_HDOP:0.94
22:13:50  원시위도:37.496523
22:13:50  원시경도:126.957549
22:13:50  GPS채택:1674
22:13:50  GPS이상치거부:1
22:13:50  GPS품질거부:1
22:13:50  GPS재기준:0
22:13:50  계산거리:-1.00
22:13:50  접근속도:0.00
22:13:50  TTC:999.00
22:13:50  방향오차:0.0
22:13:50  전방여부:0
22:13:50  위험음성횟수:83
22:13:50  충격음성횟수:0
22:13:50  마지막위험음성:1
22:13:50  RSSI원시:-81
22:13:50  RSSI평활:-80.5
22:13:50  RSSI샘플:2114
22:13:50  RSSI경과ms:26
22:13:50  RSSI구간:1
22:13:50  RSSI거리:12.00
22:13:50  상대보정:1
22:13:50  상대보정중:0
22:13:50  보정동쪽:-7.13
22:13:50  보정북쪽:-5.77
22:13:50  위험송신:2114
22:13:50  시각ms:343942
22:13:50  IMU시각ms:343941
22:13:50  위험:0
22:13:50  원시위험:0
22:13:50  GPS유효:1
22:13:50  위도:37.496523
22:13:50  경도:126.957547
22:13:50  속도:0.91
22:13:50  방향:274.4
22:13:50  이동방향유효:1
22:13:50  GPS이동방향:274.4
22:13:50  차체방향유효:1
22:13:50  차체방향:105.7
22:13:50  후진판정:1
22:13:50  IMU요회전속도:-0.70
22:13:50  방향가속도크기:13.07
22:13:50  방향자이로크기:20.18
22:13:50  방향자세cos:0.8118
22:13:50  자기모델잔차:18.82
22:13:50  자기모델반경:1.995
22:13:50  방향채택:0
22:13:50  방향거부:42361
22:13:50  GPS원시속도:0.911
22:13:50  GPS원시방향유효:1
22:13:50  GPS원시방향:274.7
22:13:50  가속도:-2.48,1.59,12.73
22:13:50  자이로:19.9,0.3,3.6
22:13:50  자력계:11.550,36.300,10.650
22:13:50  충격값:4.18
22:13:50  충격피크:13.09
22:13:50  마지막충격발생값:0.00
22:13:50  마지막충격발생ms:0
22:13:50  송신:3266
22:13:50  지팡이수신:2114
22:13:50  GPS위성:9
22:13:50  GPS_HDOP:0.94
22:13:50  원시위도:37.496523
22:13:50  원시경도:126.957547
22:13:50  GPS채택:1675
22:13:50  GPS이상치거부:1
22:13:50  GPS품질거부:1
22:13:50  GPS재기준:0
22:13:50  계산거리:-1.00
22:13:50  접근속도:0.00
22:13:50  TTC:999.00
22:13:50  방향오차:0.0
22:13:50  전방여부:0
22:13:50  위험음성횟수:83
22:13:50  충격음성횟수:0
22:13:50  마지막위험음성:1
22:13:50  RSSI원시:-81
22:13:50  RSSI평활:-80.5
22:13:50  RSSI샘플:2114
22:13:50  RSSI경과ms:126
22:13:50  RSSI구간:1
22:13:50  RSSI거리:12.00
22:13:50  상대보정:1
22:13:50  상대보정중:0
22:13:50  보정동쪽:-7.13
22:13:50  보정북쪽:-5.77
22:13:50  위험송신:2114
22:13:50  시각ms:344048
22:13:50  IMU시각ms:344047
22:13:50  위험:0
22:13:50  원시위험:0
22:13:50  GPS유효:1
22:13:50  위도:37.496523
22:13:50  경도:126.957546
22:13:50  속도:0.91
22:13:50  방향:274.4
22:13:50  이동방향유효:1
22:13:50  GPS이동방향:274.4
22:13:50  차체방향유효:1
22:13:50  차체방향:105.7
22:13:50  후진판정:1
22:13:50  IMU요회전속도:0.00
22:13:50  방향가속도크기:3.57
22:13:50  방향자이로크기:18.50
22:13:50  방향자세cos:0.9814
22:13:50  자기모델잔차:19.51
22:13:50  자기모델반경:1.978
22:13:50  방향채택:0
22:13:50  방향거부:42374
22:13:50  GPS원시속도:0.911
22:13:50  GPS원시방향유효:1
22:13:50  GPS원시방향:274.7
22:13:50  가속도:-0.18,-2.84,2.16
22:13:50  자이로:6.6,17.1,2.3
22:13:50  자력계:12.150,37.800,9.750
22:13:50  충격값:8.09
22:13:50  충격피크:15.09
22:13:50  마지막충격발생값:0.00
22:13:50  마지막충격발생ms:0
22:13:50  송신:3267
22:13:50  지팡이수신:2115
22:13:50  GPS위성:9
22:13:50  GPS_HDOP:0.94
22:13:50  원시위도:37.496523
22:13:50  원시경도:126.957547
22:13:50  GPS채택:1675
22:13:50  GPS이상치거부:1
22:13:50  GPS품질거부:1
22:13:50  GPS재기준:0
22:13:50  계산거리:-1.00
22:13:50  접근속도:0.00
22:13:50  TTC:999.00
22:13:50  방향오차:0.0
22:13:50  전방여부:0
22:13:50  위험음성횟수:83
22:13:50  충격음성횟수:0
22:13:50  마지막위험음성:1
22:13:50  RSSI원시:-82
22:13:50  RSSI평활:-80.8
22:13:50  RSSI샘플:2115
22:13:50  RSSI경과ms:26
22:13:50  RSSI구간:1
22:13:50  RSSI거리:12.00
22:13:50  상대보정:1
22:13:50  상대보정중:0
22:13:50  보정동쪽:-7.13
22:13:50  보정북쪽:-5.77
22:13:50  위험송신:2115
22:13:50  시각ms:344666
22:13:50  IMU시각ms:344665
22:13:50  위험:0
22:13:50  원시위험:0
22:13:50  GPS유효:1
22:13:50  위도:37.496524
22:13:50  경도:126.957539
22:13:50  속도:0.95
22:13:50  방향:276.5
22:13:50  이동방향유효:1
22:13:50  GPS이동방향:276.5
22:13:50  차체방향유효:1
22:13:50  차체방향:97.6
22:13:50  후진판정:1
22:13:50  IMU요회전속도:0.00
22:13:50  방향가속도크기:15.79
22:13:50  방향자이로크기:47.32
22:13:50  방향자세cos:0.9029
22:13:50  자기모델잔차:20.25
22:13:50  자기모델반경:2.057
22:13:50  방향채택:0
22:13:50  방향거부:42455
22:13:50  GPS원시속도:0.936
22:13:50  GPS원시방향유효:1
22:13:50  GPS원시방향:277.3
22:13:50  가속도:-5.60,1.41,14.70
22:13:50  자이로:-46.7,-5.2,-5.5
22:13:50  자력계:11.250,39.450,10.650
22:13:51  충격값:7.22
22:13:51  충격피크:11.52
22:13:51  마지막충격발생값:0.00
22:13:51  마지막충격발생ms:0
22:13:51  송신:3273
22:13:51  지팡이수신:2117
22:13:51  GPS위성:9
22:13:51  GPS_HDOP:0.94
22:13:51  원시위도:37.496524
22:13:51  원시경도:126.957540
22:13:51  GPS채택:1678
22:13:51  GPS이상치거부:1
22:13:51  GPS품질거부:1
22:13:51  GPS재기준:0
22:13:51  계산거리:-1.00
22:13:51  접근속도:0.00
22:13:51  TTC:999.00
22:13:51  방향오차:0.0
22:13:51  전방여부:0
22:13:51  위험음성횟수:83
22:13:51  충격음성횟수:0
22:13:51  마지막위험음성:1
22:13:51  RSSI원시:-84
22:13:51  RSSI평활:-81.6
22:13:51  RSSI샘플:2117
22:13:51  RSSI경과ms:124
22:13:51  RSSI구간:1
22:13:51  RSSI거리:12.00
22:13:51  상대보정:1
22:13:51  상대보정중:0
22:13:51  보정동쪽:-7.13
22:13:51  보정북쪽:-5.77
22:13:51  위험송신:2117
22:13:51  시각ms:344766
22:13:51  IMU시각ms:344765
22:13:51  위험:0
22:13:51  원시위험:0
22:13:51  GPS유효:1
22:13:51  위도:37.496524
22:13:51  경도:126.957538
22:13:51  속도:0.94
22:13:51  방향:277.2
22:13:51  이동방향유효:1
22:13:51  GPS이동방향:277.2
22:13:51  차체방향유효:1
22:13:51  차체방향:97.4
22:13:51  후진판정:1
22:13:51  IMU요회전속도:-3.85
22:13:51  방향가속도크기:9.36
22:13:51  방향자이로크기:18.87
22:13:51  방향자세cos:0.8153
22:13:51  자기모델잔차:21.24
22:13:51  자기모델반경:2.033
22:13:51  방향채택:0
22:13:51  방향거부:42469
22:13:51  GPS원시속도:0.936
22:13:51  GPS원시방향유효:1
22:13:51  GPS원시방향:278.3
22:13:51  가속도:-0.66,-5.03,7.87
22:13:51  자이로:-8.7,15.5,6.3
22:13:51  자력계:12.000,39.150,11.400
22:13:51  충격값:4.96
22:13:51  충격피크:11.95
22:13:51  마지막충격발생값:0.00
22:13:51  마지막충격발생ms:0
22:13:51  송신:3274
22:13:51  지팡이수신:2117
22:13:51  GPS위성:9
22:13:51  GPS_HDOP:0.94
22:13:51  원시위도:37.496524
22:13:51  원시경도:126.957538
22:13:51  GPS채택:1679
22:13:51  GPS이상치거부:1
22:13:51  GPS품질거부:1
22:13:51  GPS재기준:0
22:13:51  계산거리:-1.00
22:13:51  접근속도:0.00
22:13:51  TTC:999.00
22:13:51  방향오차:0.0
22:13:51  전방여부:0
22:13:51  위험음성횟수:83
22:13:51  충격음성횟수:0
22:13:51  마지막위험음성:1
22:13:51  RSSI원시:-84
22:13:51  RSSI평활:-81.6
22:13:51  RSSI샘플:2117
22:13:51  RSSI경과ms:224
22:13:51  RSSI구간:1
22:13:51  RSSI거리:12.00
22:13:51  상대보정:1
22:13:51  상대보정중:0
22:13:51  보정동쪽:-7.13
22:13:51  보정북쪽:-5.77
22:13:51  위험송신:2117
22:13:51  시각ms:344883
22:13:51  IMU시각ms:344859
22:13:51  위험:0
22:13:51  원시위험:0
22:13:51  GPS유효:1
22:13:51  위도:37.496524
22:13:51  경도:126.957537
22:13:51  속도:0.94
22:13:51  방향:277.2
22:13:51  이동방향유효:1
22:13:51  GPS이동방향:277.2
22:13:51  차체방향유효:1
22:13:51  차체방향:97.4
22:13:51  후진판정:1
22:13:51  IMU요회전속도:0.00
22:13:51  방향가속도크기:9.98
22:13:51  방향자이로크기:25.89
22:13:51  방향자세cos:0.9228
22:13:51  자기모델잔차:20.45
22:13:51  자기모델반경:2.027
22:13:51  방향채택:0
22:13:51  방향거부:42482
22:13:51  GPS원시속도:0.936
22:13:51  GPS원시방향유효:1
22:13:51  GPS원시방향:278.3
22:13:51  가속도:2.98,-1.32,9.43
22:13:51  자이로:19.0,17.5,-2.3
22:13:51  자력계:11.250,37.500,10.650
22:13:51  충격값:3.73
22:13:51  충격피크:9.57
22:13:51  마지막충격발생값:0.00
22:13:51  마지막충격발생ms:0
22:13:51  송신:3275
22:13:51  지팡이수신:2118
22:13:51  GPS위성:9
22:13:51  GPS_HDOP:0.94
22:13:51  원시위도:37.496524
22:13:51  원시경도:126.957538
22:13:51  GPS채택:1679
22:13:51  GPS이상치거부:1
22:13:51  GPS품질거부:1
22:13:51  GPS재기준:0
22:13:51  계산거리:-1.00
22:13:51  접근속도:0.00
22:13:51  TTC:999.00
22:13:51  방향오차:0.0
22:13:51  전방여부:0
22:13:51  위험음성횟수:83
22:13:51  충격음성횟수:0
22:13:51  마지막위험음성:1
22:13:51  RSSI원시:-82
22:13:51  RSSI평활:-81.7
22:13:51  RSSI샘플:2118
22:13:51  RSSI경과ms:30
22:13:51  RSSI구간:1
22:13:51  RSSI거리:12.00
22:13:51  상대보정:1
22:13:51  상대보정중:0
22:13:51  보정동쪽:-7.13
22:13:51  보정북쪽:-5.77
22:13:51  위험송신:2118
22:13:51  시각ms:345098
22:13:51  IMU시각ms:345063
22:13:51  위험:0
22:13:51  원시위험:0
22:13:51  GPS유효:1
22:13:51  위도:37.496524
22:13:51  경도:126.957535
22:13:51  속도:0.97
22:13:51  방향:276.4
22:13:51  이동방향유효:1
22:13:51  GPS이동방향:276.4
22:13:51  차체방향유효:1
22:13:51  차체방향:97.5
22:13:51  후진판정:1
22:13:51  IMU요회전속도:6.41
22:13:51  방향가속도크기:11.33
22:13:51  방향자이로크기:21.48
22:13:51  방향자세cos:0.9362
22:13:51  자기모델잔차:22.19
22:13:51  자기모델반경:2.049
22:13:51  방향채택:0
22:13:51  방향거부:42507
22:13:51  GPS원시속도:0.993
22:13:51  GPS원시방향유효:1
22:13:51  GPS원시방향:274.9
22:13:51  가속도:2.57,3.09,10.60
22:13:51  자이로:18.8,-4.8,-9.3
22:13:51  자력계:12.600,39.300,12.000
22:13:51  충격값:4.12
22:13:51  충격피크:13.66
22:13:51  마지막충격발생값:0.00
22:13:51  마지막충격발생ms:0
22:13:51  송신:3277
22:13:51  지팡이수신:2119
22:13:51  GPS위성:9
22:13:51  GPS_HDOP:0.94
22:13:51  원시위도:37.496524
22:13:51  원시경도:126.957536
22:13:51  GPS채택:1680
22:13:51  GPS이상치거부:1
22:13:51  GPS품질거부:1
22:13:51  GPS재기준:0
22:13:51  계산거리:-1.00
22:13:51  접근속도:0.00
22:13:51  TTC:999.00
22:13:51  방향오차:0.0
22:13:51  전방여부:0
22:13:51  위험음성횟수:83
22:13:51  충격음성횟수:0
22:13:51  마지막위험음성:1
22:13:51  RSSI원시:-85
22:13:51  RSSI평활:-82.4
22:13:51  RSSI샘플:2119
22:13:51  RSSI경과ms:37
22:13:51  RSSI구간:1
22:13:51  RSSI거리:12.00
22:13:51  상대보정:1
22:13:51  상대보정중:0
22:13:51  보정동쪽:-7.13
22:13:51  보정북쪽:-5.77
22:13:51  위험송신:2119
22:13:51  시각ms:345193
22:13:51  IMU시각ms:345192
22:13:51  위험:0
22:13:51  원시위험:0
22:13:51  GPS유효:1
22:13:51  위도:37.496524
22:13:51  경도:126.957534
22:13:51  속도:0.97
22:13:51  방향:275.8
22:13:51  이동방향유효:1
22:13:51  GPS이동방향:275.8
22:13:51  차체방향유효:1
22:13:51  차체방향:97.7
22:13:51  후진판정:1
22:13:51  IMU요회전속도:1.98
22:13:51  방향가속도크기:15.46
22:13:51  방향자이로크기:5.69
22:13:51  방향자세cos:0.8695
22:13:51  자기모델잔차:22.19
22:13:51  자기모델반경:2.049
22:13:51  방향채택:0
22:13:51  방향거부:42520
22:13:51  GPS원시속도:0.972
22:13:51  GPS원시방향유효:1
22:13:51  GPS원시방향:274.6
22:13:51  가속도:-1.29,-1.64,15.32
22:13:51  자이로:1.3,0.8,-5.5
22:13:51  자력계:10.950,37.350,12.000
22:13:51  충격값:6.03
22:13:51  충격피크:15.54
22:13:51  마지막충격발생값:0.00
22:13:51  마지막충격발생ms:0
22:13:51  송신:3278
22:13:51  지팡이수신:2119
22:13:51  GPS위성:9
22:13:51  GPS_HDOP:0.94
22:13:51  원시위도:37.496524
22:13:51  원시경도:126.957534
22:13:51  GPS채택:1681
22:13:51  GPS이상치거부:1
22:13:51  GPS품질거부:1
22:13:51  GPS재기준:0
22:13:51  계산거리:-1.00
22:13:51  접근속도:0.00
22:13:51  TTC:999.00
22:13:51  방향오차:0.0
22:13:51  전방여부:0
22:13:51  위험음성횟수:83
22:13:51  충격음성횟수:0
22:13:51  마지막위험음성:1
22:13:51  RSSI원시:-85
22:13:51  RSSI평활:-82.4
22:13:51  RSSI샘플:2119
22:13:51  RSSI경과ms:132
22:13:51  RSSI구간:1
22:13:51  RSSI거리:12.00
22:13:51  상대보정:1
22:13:51  상대보정중:0
22:13:51  보정동쪽:-7.13
22:13:51  보정북쪽:-5.77
22:13:51  위험송신:2119
22:13:51  시각ms:345292
22:13:51  IMU시각ms:345292
22:13:51  위험:0
22:13:51  원시위험:0
22:13:51  GPS유효:1
22:13:51  위도:37.496524
22:13:51  경도:126.957533
22:13:51  속도:0.97
22:13:51  방향:275.8
22:13:51  이동방향유효:1
22:13:51  GPS이동방향:275.8
22:13:51  차체방향유효:1
22:13:51  차체방향:97.8
22:13:51  후진판정:1
22:13:51  IMU요회전속도:0.00
22:13:51  방향가속도크기:10.17
22:13:51  방향자이로크기:30.71
22:13:51  방향자세cos:0.9433
22:13:51  자기모델잔차:22.90
22:13:51  자기모델반경:2.037
22:13:51  방향채택:0
22:13:51  방향거부:42532
22:13:51  GPS원시속도:0.972
22:13:51  GPS원시방향유효:1
22:13:51  GPS원시방향:274.6
22:13:51  가속도:2.50,2.15,9.62
22:13:51  자이로:29.5,8.3,2.1
22:13:51  자력계:10.950,40.050,13.500
22:13:51  충격값:3.36
22:13:51  충격피크:14.34
22:13:51  마지막충격발생값:0.00
22:13:51  마지막충격발생ms:0
22:13:51  송신:3279
22:13:51  지팡이수신:2120
22:13:51  GPS위성:9
22:13:51  GPS_HDOP:0.94
22:13:51  원시위도:37.496524
22:13:51  원시경도:126.957534
22:13:51  GPS채택:1681
22:13:51  GPS이상치거부:1
22:13:51  GPS품질거부:1
22:13:51  GPS재기준:0
22:13:51  계산거리:-1.00
22:13:51  접근속도:0.00
22:13:51  TTC:999.00
22:13:51  방향오차:0.0
22:13:51  전방여부:0
22:13:51  위험음성횟수:83
22:13:51  충격음성횟수:0
22:13:51  마지막위험음성:1
22:13:51  RSSI원시:-84
22:13:51  RSSI평활:-82.7
22:13:51  RSSI샘플:2120
22:13:51  RSSI경과ms:23
22:13:51  RSSI구간:1
22:13:51  RSSI거리:12.00
22:13:51  상대보정:1
22:13:51  상대보정중:0
22:13:51  보정동쪽:-7.13
22:13:51  보정북쪽:-5.77
22:13:51  위험송신:2120
22:13:51  시각ms:345398
22:13:51  IMU시각ms:345398
22:13:51  위험:0
22:13:51  원시위험:0
22:13:51  GPS유효:1
22:13:51  위도:37.496524
22:13:51  경도:126.957531
22:13:51  속도:1.03
22:13:51  방향:274.6
22:13:51  이동방향유효:1
22:13:51  GPS이동방향:274.6
22:13:51  차체방향유효:1
22:13:51  차체방향:97.5
22:13:51  후진판정:1
22:13:51  IMU요회전속도:0.00
22:13:51  방향가속도크기:6.50
22:13:51  방향자이로크기:20.49
22:13:51  방향자세cos:0.8351
22:13:51  자기모델잔차:23.54
22:13:51  자기모델반경:2.006
22:13:51  방향채택:0
22:13:51  방향거부:42545
22:13:51  GPS원시속도:1.085
22:13:51  GPS원시방향유효:1
22:13:51  GPS원시방향:272.5
22:13:51  가속도:3.51,0.09,5.47
22:13:51  자이로:-11.5,17.0,-1.2
22:13:51  자력계:10.200,39.750,13.500
22:13:51  충격값:5.56
22:13:51  충격피크:9.79
22:13:51  마지막충격발생값:0.00
22:13:51  마지막충격발생ms:0
22:13:51  송신:3280
22:13:51  지팡이수신:2121
22:13:51  GPS위성:9
22:13:51  GPS_HDOP:0.94
22:13:51  원시위도:37.496524
22:13:51  원시경도:126.957532
22:13:51  GPS채택:1682
22:13:51  GPS이상치거부:1
22:13:51  GPS품질거부:1
22:13:51  GPS재기준:0
22:13:51  계산거리:-1.00
22:13:51  접근속도:0.00
22:13:51  TTC:999.00
22:13:51  방향오차:0.0
22:13:51  전방여부:0
22:13:51  위험음성횟수:83
22:13:51  충격음성횟수:0
22:13:51  마지막위험음성:1
22:13:51  RSSI원시:-80
22:13:51  RSSI평활:-82.1
22:13:51  RSSI샘플:2121
22:13:51  RSSI경과ms:26
22:13:51  RSSI구간:1
22:13:51  RSSI거리:12.00
22:13:51  상대보정:1
22:13:51  상대보정중:0
22:13:51  보정동쪽:-7.13
22:13:51  보정북쪽:-5.77
22:13:51  위험송신:2121
22:13:52  시각ms:346024
22:13:52  IMU시각ms:346023
22:13:52  위험:0
22:13:52  원시위험:0
22:13:52  GPS유효:1
22:13:52  위도:37.496525
22:13:52  경도:126.957524
22:13:52  속도:1.03
22:13:52  방향:276.4
22:13:52  이동방향유효:1
22:13:52  GPS이동방향:276.4
22:13:52  차체방향유효:1
22:13:52  차체방향:97.7
22:13:52  후진판정:1
22:13:52  IMU요회전속도:1.12
22:13:52  방향가속도크기:9.94
22:13:52  방향자이로크기:22.38
22:13:52  방향자세cos:0.9745
22:13:52  자기모델잔차:21.60
22:13:52  자기모델반경:2.014
22:13:52  방향채택:0
22:13:52  방향거부:42625
22:13:52  GPS원시속도:1.013
22:13:52  GPS원시방향유효:1
22:13:52  GPS원시방향:277.2
22:13:52  가속도:1.79,0.60,9.76
22:13:52  자이로:22.0,0.8,-3.8
22:13:52  자력계:10.800,38.250,11.700
22:13:52  충격값:2.24
22:13:52  충격피크:8.51
22:13:52  마지막충격발생값:0.00
22:13:52  마지막충격발생ms:0
22:13:52  송신:3286
22:13:52  지팡이수신:2125
22:13:52  GPS위성:9
22:13:52  GPS_HDOP:0.94
22:13:52  원시위도:37.496525
22:13:52  원시경도:126.957525
22:13:52  GPS채택:1685
22:13:52  GPS이상치거부:1
22:13:52  GPS품질거부:1
22:13:52  GPS재기준:0
22:13:52  계산거리:-1.00
22:13:52  접근속도:0.00
22:13:52  TTC:999.00
22:13:52  방향오차:0.0
22:13:52  전방여부:0
22:13:52  위험음성횟수:83
22:13:52  충격음성횟수:0
22:13:52  마지막위험음성:1
22:13:52  RSSI원시:-84
22:13:52  RSSI평활:-81.0
22:13:52  RSSI샘플:2125
22:13:52  RSSI경과ms:29
22:13:52  RSSI구간:1
22:13:52  RSSI거리:12.00
22:13:52  상대보정:1
22:13:52  상대보정중:0
22:13:52  보정동쪽:-7.13
22:13:52  보정북쪽:-5.77
22:13:52  위험송신:2125
22:13:52  시각ms:346128
22:13:52  IMU시각ms:346127
22:13:52  위험:0
22:13:52  원시위험:0
22:13:52  GPS유효:1
22:13:52  위도:37.496525
22:13:52  경도:126.957522
22:13:52  속도:1.03
22:13:52  방향:276.4
22:13:52  이동방향유효:1
22:13:52  GPS이동방향:276.4
22:13:52  차체방향유효:1
22:13:52  차체방향:97.9
22:13:52  후진판정:1
22:13:52  IMU요회전속도:-0.80
22:13:52  방향가속도크기:8.39
22:13:52  방향자이로크기:20.45
22:13:52  방향자세cos:0.9612
22:13:52  자기모델잔차:22.25
22:13:52  자기모델반경:2.063
22:13:52  방향채택:0
22:13:52  방향거부:42636
22:13:52  GPS원시속도:1.013
22:13:52  GPS원시방향유효:1
22:13:52  GPS원시방향:277.2
22:13:52  가속도:0.67,-1.67,8.20
22:13:52  자이로:-17.1,10.9,2.6
22:13:52  자력계:10.950,38.550,11.550
22:13:52  충격값:2.75
22:13:52  충격피크:9.64
22:13:52  마지막충격발생값:0.00
22:13:52  마지막충격발생ms:0
22:13:52  송신:3287
22:13:52  지팡이수신:2126
22:13:52  GPS위성:9
22:13:52  GPS_HDOP:0.94
22:13:52  원시위도:37.496525
22:13:52  원시경도:126.957525
22:13:52  GPS채택:1685
22:13:52  GPS이상치거부:1
22:13:52  GPS품질거부:1
22:13:52  GPS재기준:0
22:13:52  계산거리:-1.00
22:13:52  접근속도:0.00
22:13:52  TTC:999.00
22:13:52  방향오차:0.0
22:13:52  전방여부:0
22:13:52  위험음성횟수:83
22:13:52  충격음성횟수:0
22:13:52  마지막위험음성:1
22:13:52  RSSI원시:-74
22:13:52  RSSI평활:-79.6
22:13:52  RSSI샘플:2126
22:13:52  RSSI경과ms:29
22:13:52  RSSI구간:1
22:13:52  RSSI거리:12.00
22:13:52  상대보정:1
22:13:52  상대보정중:0
22:13:52  보정동쪽:-7.13
22:13:52  보정북쪽:-5.77
22:13:52  위험송신:2126
22:13:52  시각ms:346227
22:13:52  IMU시각ms:346227
22:13:52  위험:0
22:13:52  원시위험:0
22:13:52  GPS유효:1
22:13:52  위도:37.496526
22:13:52  경도:126.957521
22:13:52  속도:0.99
22:13:52  방향:276.5
22:13:52  이동방향유효:1
22:13:52  GPS이동방향:276.5
22:13:52  차체방향유효:1
22:13:52  차체방향:97.8
22:13:52  후진판정:1
22:13:52  IMU요회전속도:-0.57
22:13:52  방향가속도크기:18.86
22:13:52  방향자이로크기:12.56
22:13:52  방향자세cos:0.9997
22:13:52  자기모델잔차:22.07
22:13:52  자기모델반경:2.059
22:13:52  방향채택:0
22:13:52  방향거부:42648
22:13:52  GPS원시속도:0.957
22:13:52  GPS원시방향유효:1
22:13:52  GPS원시방향:276.8
22:13:52  가속도:-3.12,2.70,18.41
22:13:52  자이로:-0.9,-12.0,3.5
22:13:52  자력계:12.000,40.650,12.450
22:13:52  충격값:9.15
22:13:52  충격피크:9.15
22:13:52  마지막충격발생값:0.00
22:13:52  마지막충격발생ms:0
22:13:52  송신:3288
22:13:52  지팡이수신:2127
22:13:52  GPS위성:9
22:13:52  GPS_HDOP:0.94
22:13:52  원시위도:37.496526
22:13:52  원시경도:126.957522
22:13:52  GPS채택:1686
22:13:52  GPS이상치거부:1
22:13:52  GPS품질거부:1
22:13:52  GPS재기준:0
22:13:52  계산거리:-1.00
22:13:52  접근속도:0.00
22:13:52  TTC:999.00
22:13:52  방향오차:0.0
22:13:52  전방여부:0
22:13:52  위험음성횟수:83
22:13:52  충격음성횟수:0
22:13:52  마지막위험음성:1
22:13:52  RSSI원시:-81
22:13:52  RSSI평활:-79.9
22:13:52  RSSI샘플:2127
22:13:52  RSSI경과ms:26
22:13:52  RSSI구간:1
22:13:52  RSSI거리:12.00
22:13:52  상대보정:1
22:13:52  상대보정중:0
22:13:52  보정동쪽:-7.13
22:13:52  보정북쪽:-5.77
22:13:52  위험송신:2127
22:13:52  시각ms:346328
22:13:52  IMU시각ms:346327
22:13:52  위험:0
22:13:52  원시위험:0
22:13:52  GPS유효:1
22:13:52  위도:37.496526
22:13:52  경도:126.957520
22:13:52  속도:0.99
22:13:52  방향:276.5
22:13:52  이동방향유효:1
22:13:52  GPS이동방향:276.5
22:13:52  차체방향유효:1
22:13:52  차체방향:97.7
22:13:52  후진판정:1
22:13:52  IMU요회전속도:0.00
22:13:52  방향가속도크기:3.67
22:13:52  방향자이로크기:22.03
22:13:52  방향자세cos:0.9048
22:13:52  자기모델잔차:22.07
22:13:52  자기모델반경:2.059
22:13:52  방향채택:0
22:13:52  방향거부:42662
22:13:52  GPS원시속도:0.957
22:13:52  GPS원시방향유효:1
22:13:52  GPS원시방향:276.8
22:13:52  가속도:-3.63,-0.40,-0.42
22:13:52  자이로:21.9,-1.3,-1.8
22:13:52  자력계:10.650,39.300,11.550
22:13:52  충격값:10.57
22:13:52  충격피크:12.91
22:13:52  마지막충격발생값:0.00
22:13:52  마지막충격발생ms:0
22:13:52  송신:3289
22:13:52  지팡이수신:2127
22:13:52  GPS위성:9
22:13:52  GPS_HDOP:0.94
22:13:52  원시위도:37.496526
22:13:52  원시경도:126.957522
22:13:52  GPS채택:1686
22:13:52  GPS이상치거부:1
22:13:52  GPS품질거부:1
22:13:52  GPS재기준:0
22:13:52  계산거리:-1.00
22:13:52  접근속도:0.00
22:13:52  TTC:999.00
22:13:52  방향오차:0.0
22:13:52  전방여부:0
22:13:52  위험음성횟수:83
22:13:52  충격음성횟수:0
22:13:52  마지막위험음성:1
22:13:52  RSSI원시:-81
22:13:52  RSSI평활:-79.9
22:13:52  RSSI샘플:2127
22:13:52  RSSI경과ms:127
22:13:52  RSSI구간:1
22:13:52  RSSI거리:12.00
22:13:52  상대보정:1
22:13:52  상대보정중:0
22:13:52  보정동쪽:-7.13
22:13:52  보정북쪽:-5.77
22:13:52  위험송신:2127
22:13:52  시각ms:346646
22:13:52  IMU시각ms:346645
22:13:52  위험:0
22:13:52  원시위험:0
22:13:52  GPS유효:1
22:13:52  위도:37.496526
22:13:52  경도:126.957517
22:13:52  속도:0.99
22:13:52  방향:276.6
22:13:52  이동방향유효:1
22:13:52  GPS이동방향:276.6
22:13:52  차체방향유효:1
22:13:52  차체방향:97.6
22:13:52  후진판정:1
22:13:52  IMU요회전속도:0.00
22:13:52  방향가속도크기:18.16
22:13:52  방향자이로크기:5.92
22:13:52  방향자세cos:0.9554
22:13:52  자기모델잔차:21.89
22:13:52  자기모델반경:2.007
22:13:52  방향채택:0
22:13:52  방향거부:42701
22:13:52  GPS원시속도:0.972
22:13:52  GPS원시방향유효:1
22:13:52  GPS원시방향:276.8
22:13:52  가속도:1.77,-1.21,18.04
22:13:52  자이로:5.5,1.2,-1.9
22:13:52  자력계:13.350,38.850,11.550
22:13:52  충격값:8.85
22:13:52  충격피크:11.10
22:13:52  마지막충격발생값:0.00
22:13:52  마지막충격발생ms:0
22:13:52  송신:3292
22:13:52  지팡이수신:2130
22:13:52  GPS위성:9
22:13:52  GPS_HDOP:0.94
22:13:52  원시위도:37.496526
22:13:52  원시경도:126.957518
22:13:52  GPS채택:1688
22:13:52  GPS이상치거부:1
22:13:52  GPS품질거부:1
22:13:52  GPS재기준:0
22:13:52  계산거리:-1.00
22:13:52  접근속도:0.00
22:13:52  TTC:999.00
22:13:52  방향오차:0.0
22:13:52  전방여부:0
22:13:52  위험음성횟수:83
22:13:52  충격음성횟수:0
22:13:52  마지막위험음성:1
22:13:52  RSSI원시:-75
22:13:52  RSSI평활:-77.8
22:13:52  RSSI샘플:2130
22:13:52  RSSI경과ms:23
22:13:52  RSSI구간:1
22:13:52  RSSI거리:12.00
22:13:52  상대보정:1
22:13:52  상대보정중:0
22:13:52  보정동쪽:-7.13
22:13:52  보정북쪽:-5.77
22:13:52  위험송신:2130
22:13:55  시각ms:349675
22:13:55  IMU시각ms:349674
22:13:55  위험:0
22:13:55  원시위험:0
22:13:55  GPS유효:1
22:13:55  위도:37.496531
22:13:55  경도:126.957484
22:13:55  속도:1.04
22:13:55  방향:277.5
22:13:55  이동방향유효:1
22:13:55  GPS이동방향:277.5
22:13:55  차체방향유효:1
22:13:55  차체방향:98.8
22:13:55  후진판정:1
22:13:55  IMU요회전속도:2.01
22:13:55  방향가속도크기:10.93
22:13:55  방향자이로크기:8.37
22:13:55  방향자세cos:0.9896
22:13:55  자기모델잔차:19.15
22:13:55  자기모델반경:2.058
22:13:55  방향채택:0
22:13:55  방향거부:43075
22:13:55  GPS원시속도:1.060
22:13:55  GPS원시방향유효:1
22:13:55  GPS원시방향:277.8
22:13:55  가속도:0.98,1.10,10.83
22:13:55  자이로:-3.7,-4.9,-5.7
22:13:55  자력계:7.800,39.150,9.150
22:13:55  충격값:2.21
22:13:55  충격피크:11.34
22:13:55  마지막충격발생값:0.00
22:13:55  마지막충격발생ms:0
22:13:55  송신:3321
22:13:55  지팡이수신:2153
22:13:55  GPS위성:9
22:13:55  GPS_HDOP:0.94
22:13:55  원시위도:37.496531
22:13:55  원시경도:126.957485
22:13:55  GPS채택:1703
22:13:56  GPS이상치거부:1
22:13:56  GPS품질거부:1
22:13:56  GPS재기준:0
22:13:56  계산거리:-1.00
22:13:56  접근속도:0.00
22:13:56  TTC:999.00
22:13:56  방향오차:0.0
22:13:56  전방여부:0
22:13:56  위험음성횟수:85
22:13:56  충격음성횟수:0
22:13:56  마지막위험음성:1
22:13:56  RSSI원시:-74
22:13:56  RSSI평활:-77.5
22:13:56  RSSI샘플:2153
22:13:56  RSSI경과ms:64
22:13:56  RSSI구간:1
22:13:56  RSSI거리:11.67
22:13:56  상대보정:1
22:13:56  상대보정중:0
22:13:56  보정동쪽:-7.13
22:13:56  보정북쪽:-5.77
22:13:56  위험송신:2153
22:13:56  시각ms:349882
22:13:56  IMU시각ms:349881
22:13:56  위험:0
22:13:56  원시위험:0
22:13:56  GPS유효:1
22:13:56  위도:37.496532
22:13:56  경도:126.957481
22:13:56  속도:1.03
22:13:56  방향:278.1
22:13:56  이동방향유효:1
22:13:56  GPS이동방향:278.1
22:13:56  차체방향유효:1
22:13:56  차체방향:94.9
22:13:56  후진판정:1
22:13:56  IMU요회전속도:-37.69
22:13:56  방향가속도크기:5.69
22:13:56  방향자이로크기:46.61
22:13:56  방향자세cos:-0.1611
22:13:56  자기모델잔차:18.33
22:13:56  자기모델반경:2.011
22:13:56  방향채택:0
22:13:56  방향거부:43102
22:13:56  GPS원시속도:1.019
22:13:56  GPS원시방향유효:1
22:13:56  GPS원시방향:279.2
22:13:56  가속도:-3.69,-1.65,4.01
22:13:56  자이로:-26.1,-2.0,38.6
22:13:56  자력계:7.200,37.350,8.550
22:13:56  충격값:6.41
22:13:56  충격피크:13.14
22:13:56  마지막충격발생값:0.00
22:13:56  마지막충격발생ms:0
22:13:56  송신:3323
22:13:56  지팡이수신:2154
22:13:56  GPS위성:9
22:13:56  GPS_HDOP:0.94
22:13:56  원시위도:37.496532
22:13:56  원시경도:126.957483
22:13:56  GPS채택:1704
22:13:56  GPS이상치거부:1
22:13:56  GPS품질거부:1
22:13:56  GPS재기준:0
22:13:56  계산거리:-1.00
22:13:56  접근속도:0.00
22:13:56  TTC:999.00
22:13:56  방향오차:0.0
22:13:56  전방여부:0
22:13:56  위험음성횟수:85
22:13:56  충격음성횟수:0
22:13:56  마지막위험음성:1
22:13:56  RSSI원시:-80
22:13:56  RSSI평활:-78.0
22:13:56  RSSI샘플:2154
22:13:56  RSSI경과ms:62
22:13:56  RSSI구간:1
22:13:56  RSSI거리:12.00
22:13:56  상대보정:1
22:13:56  상대보정중:0
22:13:56  보정동쪽:-7.13
22:13:56  보정북쪽:-5.77
22:13:56  위험송신:2154
22:13:56  시각ms:349982
22:13:56  IMU시각ms:349981
22:13:56  위험:0
22:13:56  원시위험:0
22:13:56  GPS유효:1
22:13:56  위도:37.496532
22:13:56  경도:126.957480
22:13:56  속도:0.97
22:13:56  방향:277.9
22:13:56  이동방향유효:1
22:13:56  GPS이동방향:277.9
22:13:56  차체방향유효:1
22:13:56  차체방향:94.3
22:13:56  후진판정:1
22:13:56  IMU요회전속도:0.00
22:13:56  방향가속도크기:10.02
22:13:56  방향자이로크기:6.91
22:13:56  방향자세cos:0.9991
22:13:56  자기모델잔차:19.90
22:13:56  자기모델반경:2.078
22:13:56  방향채택:0
22:13:56  방향거부:43116
22:13:56  GPS원시속도:0.911
22:13:56  GPS원시방향유효:1
22:13:56  GPS원시방향:277.4
22:13:56  가속도:-0.50,0.08,10.00
22:13:56  자이로:3.3,6.1,0.3
22:13:56  자력계:4.350,39.450,9.900
22:13:56  충격값:0.64
22:13:56  충격피크:7.50
22:13:56  마지막충격발생값:0.00
22:13:56  마지막충격발생ms:0
22:13:56  송신:3324
22:13:56  지팡이수신:2154
22:13:56  GPS위성:9
22:13:56  GPS_HDOP:0.94
22:13:56  원시위도:37.496532
22:13:56  원시경도:126.957481
22:13:56  GPS채택:1705
22:13:56  GPS이상치거부:1
22:13:56  GPS품질거부:1
22:13:56  GPS재기준:0
22:13:56  계산거리:-1.00
22:13:56  접근속도:0.00
22:13:56  TTC:999.00
22:13:56  방향오차:0.0
22:13:56  전방여부:0
22:13:56  위험음성횟수:85
22:13:56  충격음성횟수:0
22:13:56  마지막위험음성:1
22:13:56  RSSI원시:-80
22:13:56  RSSI평활:-78.0
22:13:56  RSSI샘플:2154
22:13:56  RSSI경과ms:162
22:13:56  RSSI구간:1
22:13:56  RSSI거리:12.00
22:13:56  상대보정:1
22:13:56  상대보정중:0
22:13:56  보정동쪽:-7.13
22:13:56  보정북쪽:-5.77
22:13:56  위험송신:2154
22:13:56  시각ms:350088
22:13:56  IMU시각ms:350087
22:13:56  위험:0
22:13:56  원시위험:0
22:13:56  GPS유효:1
22:13:56  위도:37.496532
22:13:56  경도:126.957479
22:13:56  속도:0.97
22:13:56  방향:277.9
22:13:56  이동방향유효:1
22:13:56  GPS이동방향:277.9
22:13:56  차체방향유효:1
22:13:56  차체방향:94.3
22:13:56  후진판정:1
22:13:56  IMU요회전속도:-0.25
22:13:56  방향가속도크기:9.26
22:13:56  방향자이로크기:24.18
22:13:56  방향자세cos:0.9859
22:13:56  자기모델잔차:18.64
22:13:56  자기모델반경:2.050
22:13:56  방향채택:0
22:13:56  방향거부:43129
22:13:56  GPS원시속도:0.911
22:13:56  GPS원시방향유효:1
22:13:56  GPS원시방향:277.4
22:13:56  가속도:-1.47,-0.68,9.12
22:13:56  자이로:8.1,22.5,3.4
22:13:56  자력계:6.300,38.700,8.700
22:13:56  충격값:1.18
22:13:56  충격피크:7.91
22:13:56  마지막충격발생값:0.00
22:13:56  마지막충격발생ms:0
22:13:56  송신:3325
22:13:56  지팡이수신:2155
22:13:56  GPS위성:9
22:13:56  GPS_HDOP:0.94
22:13:56  원시위도:37.496532
22:13:56  원시경도:126.957481
22:13:56  GPS채택:1705
22:13:56  GPS이상치거부:1
22:13:56  GPS품질거부:1
22:13:56  GPS재기준:0
22:13:56  계산거리:-1.00
22:13:56  접근속도:0.00
22:13:56  TTC:999.00
22:13:56  방향오차:0.0
22:13:56  전방여부:0
22:13:56  위험음성횟수:85
22:13:56  충격음성횟수:0
22:13:56  마지막위험음성:1
22:13:56  RSSI원시:-76
22:13:56  RSSI평활:-77.6
22:13:56  RSSI샘플:2155
22:13:56  RSSI경과ms:62
22:13:56  RSSI구간:1
22:13:56  RSSI거리:11.77
22:13:56  상대보정:1
22:13:56  상대보정중:0
22:13:56  보정동쪽:-7.13
22:13:56  보정북쪽:-5.77
22:13:56  위험송신:2155
22:13:57  시각ms:351460
22:13:57  IMU시각ms:351459
22:13:57  위험:0
22:13:57  원시위험:0
22:13:57  GPS유효:1
22:13:57  위도:37.496533
22:13:57  경도:126.957471
22:13:57  속도:0.29
22:13:57  방향:276.8
22:13:57  이동방향유효:0
22:13:57  GPS이동방향:276.8
22:13:57  차체방향유효:1
22:13:57  차체방향:98.5
22:13:57  후진판정:1
22:13:57  IMU요회전속도:0.00
22:13:57  방향가속도크기:9.71
22:13:57  방향자이로크기:4.45
22:13:57  방향자세cos:0.9993
22:13:57  자기모델잔차:19.57
22:13:57  자기모델반경:1.918
22:13:57  방향채택:0
22:13:57  방향거부:43294
22:13:57  GPS원시속도:0.093
22:13:57  GPS원시방향유효:1
22:13:57  GPS원시방향:277.8
22:13:57  가속도:-0.48,0.12,9.70
22:13:57  자이로:-0.5,-4.0,1.9
22:13:57  자력계:9.900,34.950,10.050
22:13:57  충격값:0.35
22:13:57  충격피크:0.85
22:13:57  마지막충격발생값:0.00
22:13:57  마지막충격발생ms:0
22:13:57  송신:3338
22:13:57  지팡이수신:2168
22:13:57  GPS위성:9
22:13:57  GPS_HDOP:0.94
22:13:57  원시위도:37.496533
22:13:57  원시경도:126.957472
22:13:57  GPS채택:1712
22:13:57  GPS이상치거부:1
22:13:57  GPS품질거부:1
22:13:57  GPS재기준:0
22:13:57  계산거리:-1.00
22:13:57  접근속도:0.00
22:13:57  TTC:999.00
22:13:57  방향오차:0.0
22:13:57  전방여부:0
22:13:57  위험음성횟수:85
22:13:57  충격음성횟수:0
22:13:57  마지막위험음성:1
22:13:57  RSSI원시:-76
22:13:57  RSSI평활:-76.8
22:13:57  RSSI샘플:2168
22:13:57  RSSI경과ms:93
22:13:57  RSSI구간:1
22:13:57  RSSI거리:10.86
22:13:57  상대보정:1
22:13:57  상대보정중:0
22:13:57  보정동쪽:-7.13
22:13:57  보정북쪽:-5.77
22:13:57  위험송신:2168
22:13:58  시각ms:351981
22:13:58  IMU시각ms:351980
22:13:58  위험:0
22:13:58  원시위험:0
22:13:58  GPS유효:1
22:13:58  위도:37.496533
22:13:58  경도:126.957471
22:13:58  속도:0.05
22:13:58  방향:276.8
22:13:58  이동방향유효:0
22:13:58  GPS이동방향:276.8
22:13:58  차체방향유효:1
22:13:58  차체방향:98.5
22:13:58  후진판정:1
22:13:58  IMU요회전속도:0.00
22:13:58  방향가속도크기:10.00
22:13:58  방향자이로크기:6.46
22:13:58  방향자세cos:0.9951
22:13:58  자기모델잔차:19.41
22:13:58  자기모델반경:1.913
22:13:58  방향채택:0
22:13:58  방향거부:43358
22:13:58  GPS원시속도:0.005
22:13:58  GPS원시방향유효:1
22:13:58  GPS원시방향:277.8
22:13:58  가속도:-0.44,1.48,9.88
22:13:58  자이로:-4.9,2.6,-3.2
22:13:58  자력계:10.050,34.800,9.900
22:13:58  충격값:1.43
22:13:58  충격피크:2.34
22:13:58  마지막충격발생값:0.00
22:13:58  마지막충격발생ms:0
22:13:58  송신:3343
22:13:58  지팡이수신:2173
22:13:58  GPS위성:9
22:13:58  GPS_HDOP:0.94
22:13:58  원시위도:37.496534
22:13:58  원시경도:126.957472
22:13:58  GPS채택:1715
22:13:58  GPS이상치거부:1
22:13:58  GPS품질거부:1
22:13:58  GPS재기준:0
22:13:58  계산거리:-1.00
22:13:58  접근속도:0.00
22:13:58  TTC:999.00
22:13:58  방향오차:0.0
22:13:58  전방여부:0
22:13:58  위험음성횟수:86
22:13:58  충격음성횟수:0
22:13:58  마지막위험음성:1
22:13:58  RSSI원시:-76
22:13:58  RSSI평활:-76.1
22:13:58  RSSI샘플:2173
22:13:58  RSSI경과ms:95
22:13:58  RSSI구간:1
22:13:58  RSSI거리:10.24
22:13:58  상대보정:1
22:13:58  상대보정중:0
22:13:58  보정동쪽:-7.13
22:13:58  보정북쪽:-5.77
22:13:58  위험송신:2173
22:13:58  시각ms:352191
22:13:58  IMU시각ms:352190
22:13:58  위험:0
22:13:58  원시위험:0
22:13:58  GPS유효:1
22:13:58  위도:37.496533
22:13:58  경도:126.957472
22:13:58  속도:0.03
22:13:58  방향:276.8
22:13:58  이동방향유효:0
22:13:58  GPS이동방향:276.8
22:13:58  차체방향유효:1
22:13:58  차체방향:98.5
22:13:58  후진판정:1
22:13:58  IMU요회전속도:0.00
22:13:58  방향가속도크기:9.31
22:13:58  방향자이로크기:3.54
22:13:58  방향자세cos:0.9959
22:13:58  자기모델잔차:20.35
22:13:58  자기모델반경:1.936
22:13:58  방향채택:0
22:13:58  방향거부:43382
22:13:58  GPS원시속도:0.000
22:13:58  GPS원시방향유효:1
22:13:58  GPS원시방향:277.8
22:13:58  가속도:0.11,-0.19,9.30
22:13:58  자이로:3.5,-0.5,-0.1
22:13:58  자력계:7.200,35.400,10.800
22:13:58  충격값:0.77
22:13:58  충격피크:2.45
22:13:58  마지막충격발생값:0.00
22:13:58  마지막충격발생ms:0
22:13:58  송신:3345
22:13:58  지팡이수신:2175
22:13:58  GPS위성:9
22:13:58  GPS_HDOP:0.94
22:13:58  원시위도:37.496534
22:13:58  원시경도:126.957472
22:13:58  GPS채택:1716
22:13:58  GPS이상치거부:1
22:13:58  GPS품질거부:1
22:13:58  GPS재기준:0
22:13:58  계산거리:-1.00
22:13:58  접근속도:0.00
22:13:58  TTC:999.00
22:13:58  방향오차:0.0
22:13:58  전방여부:0
22:13:58  위험음성횟수:86
22:13:58  충격음성횟수:0
22:13:58  마지막위험음성:1
22:13:58  RSSI원시:-73
22:13:58  RSSI평활:-75.3
22:13:58  RSSI샘플:2175
22:13:58  RSSI경과ms:100
22:13:58  RSSI구간:1
22:13:58  RSSI거리:9.48
22:13:58  상대보정:1
22:13:58  상대보정중:0
22:13:58  보정동쪽:-7.13
22:13:58  보정북쪽:-5.77
22:13:58  위험송신:2175
22:13:58  시각ms:352296
22:13:58  IMU시각ms:352295
22:13:58  위험:0
22:13:58  원시위험:0
22:13:58  GPS유효:1
22:13:58  위도:37.496533
22:13:58  경도:126.957472
22:13:58  속도:0.03
22:13:58  방향:276.8
22:13:58  이동방향유효:0
22:13:58  GPS이동방향:276.8
22:13:58  차체방향유효:1
22:13:58  차체방향:98.5
22:13:58  후진판정:1
22:13:58  IMU요회전속도:-0.74
22:13:58  방향가속도크기:9.69
22:13:58  방향자이로크기:3.98
22:13:58  방향자세cos:0.9993
22:13:58  자기모델잔차:18.82
22:13:58  자기모델반경:1.925
22:13:58  방향채택:0
22:13:58  방향거부:43395
22:13:58  GPS원시속도:0.000
22:13:58  GPS원시방향유효:1
22:13:58  GPS원시방향:277.8
22:13:58  가속도:-0.48,0.11,9.68
22:13:58  자이로:2.1,0.6,3.3
22:13:58  자력계:7.950,34.950,9.300
22:13:58  충격값:0.07
22:13:58  충격피크:2.39
22:13:58  마지막충격발생값:0.00
22:13:58  마지막충격발생ms:0
22:13:58  송신:3346
22:13:58  지팡이수신:2176
22:13:58  GPS위성:9
22:13:58  GPS_HDOP:0.94
22:13:58  원시위도:37.496534
22:13:58  원시경도:126.957472
22:13:58  GPS채택:1716
22:13:58  GPS이상치거부:1
22:13:58  GPS품질거부:1
22:13:58  GPS재기준:0
22:13:58  계산거리:-1.00
22:13:58  접근속도:0.00
22:13:58  TTC:999.00
22:13:58  방향오차:0.0
22:13:58  전방여부:0
22:13:58  위험음성횟수:86
22:13:58  충격음성횟수:0
22:13:58  마지막위험음성:1
22:13:58  RSSI원시:-75
22:13:58  RSSI평활:-75.3
22:13:58  RSSI샘플:2176
22:13:58  RSSI경과ms:92
22:13:58  RSSI구간:1
22:13:58  RSSI거리:9.42
22:13:58  상대보정:1
22:13:58  상대보정중:0
22:13:58  보정동쪽:-7.13
22:13:58  보정북쪽:-5.77
22:13:58  위험송신:2176
22:13:59  시각ms:352924
22:13:59  IMU시각ms:352923
22:13:59  위험:0
22:13:59  원시위험:0
22:13:59  GPS유효:1
22:13:59  위도:37.496534
22:13:59  경도:126.957472
22:13:59  속도:0.01
22:13:59  방향:276.8
22:13:59  이동방향유효:0
22:13:59  GPS이동방향:276.8
22:13:59  차체방향유효:1
22:13:59  차체방향:98.4
22:13:59  후진판정:1
22:13:59  IMU요회전속도:-1.43
22:13:59  방향가속도크기:9.93
22:13:59  방향자이로크기:5.27
22:13:59  방향자세cos:0.9983
22:13:59  자기모델잔차:18.74
22:13:59  자기모델반경:1.943
22:13:59  방향채택:0
22:13:59  방향거부:43472
22:13:59  GPS원시속도:0.000
22:13:59  GPS원시방향유효:1
22:13:59  GPS원시방향:277.8
22:13:59  가속도:-0.97,0.26,9.88
22:13:59  자이로:3.1,-1.2,4.1
22:13:59  자력계:8.550,35.550,9.150
22:13:59  충격값:0.41
22:13:59  충격피크:1.92
22:13:59  마지막충격발생값:0.00
22:13:59  마지막충격발생ms:0
22:13:59  송신:3352
22:13:59  지팡이수신:2182
22:13:59  GPS위성:9
22:13:59  GPS_HDOP:0.94
22:13:59  원시위도:37.496534
22:13:59  원시경도:126.957472
22:13:59  GPS채택:1719
22:13:59  GPS이상치거부:1
22:13:59  GPS품질거부:1
22:13:59  GPS재기준:0
22:13:59  계산거리:-1.00
22:13:59  접근속도:0.00
22:13:59  TTC:999.00
22:13:59  방향오차:0.0
22:13:59  전방여부:0
22:13:59  위험음성횟수:87
22:13:59  충격음성횟수:0
22:13:59  마지막위험음성:1
22:13:59  RSSI원시:-72
22:13:59  RSSI평활:-73.9
22:13:59  RSSI샘플:2182
22:13:59  RSSI경과ms:105
22:13:59  RSSI구간:1
22:13:59  RSSI거리:8.29
22:13:59  상대보정:1
22:13:59  상대보정중:0
22:13:59  보정동쪽:-7.13
22:13:59  보정북쪽:-5.77
22:13:59  위험송신:2182
22:13:59  시각ms:353236
22:13:59  IMU시각ms:353235
22:13:59  위험:0
22:13:59  원시위험:0
22:13:59  GPS유효:1
22:13:59  위도:37.496534
22:13:59  경도:126.957472
22:13:59  속도:0.10
22:13:59  방향:276.8
22:13:59  이동방향유효:0
22:13:59  GPS이동방향:276.8
22:13:59  차체방향유효:1
22:13:59  차체방향:98.0
22:13:59  후진판정:1
22:13:59  IMU요회전속도:-1.26
22:13:59  방향가속도크기:9.21
22:13:59  방향자이로크기:6.45
22:13:59  방향자세cos:0.9662
22:13:59  자기모델잔차:19.65
22:13:59  자기모델반경:1.946
22:13:59  방향채택:0
22:13:59  방향거부:43507
22:13:59  GPS원시속도:0.175
22:13:59  GPS원시방향유효:1
22:13:59  GPS원시방향:277.8
22:13:59  가속도:-1.74,-1.52,8.92
22:13:59  자이로:4.5,2.1,4.1
22:13:59  자력계:7.950,35.700,10.050
22:13:59  충격값:1.76
22:13:59  충격피크:3.84
22:13:59  마지막충격발생값:0.00
22:13:59  마지막충격발생ms:0
22:13:59  송신:3355
22:13:59  지팡이수신:2185
22:13:59  GPS위성:9
22:13:59  GPS_HDOP:0.94
22:13:59  원시위도:37.496535
22:13:59  원시경도:126.957473
22:13:59  GPS채택:1721
22:13:59  GPS이상치거부:1
22:13:59  GPS품질거부:1
22:13:59  GPS재기준:0
22:13:59  계산거리:-1.00
22:13:59  접근속도:0.00
22:13:59  TTC:999.00
22:13:59  방향오차:0.0
22:13:59  전방여부:0
22:13:59  위험음성횟수:87
22:13:59  충격음성횟수:0
22:13:59  마지막위험음성:1
22:13:59  RSSI원시:-74
22:13:59  RSSI평활:-74.7
22:13:59  RSSI샘플:2185
22:13:59  RSSI경과ms:99
22:13:59  RSSI구간:1
22:13:59  RSSI거리:8.92
22:13:59  상대보정:1
22:13:59  상대보정중:0
22:13:59  보정동쪽:-7.13
22:13:59  보정북쪽:-5.77
22:13:59  위험송신:2185
22:13:59  시각ms:353336
22:13:59  IMU시각ms:353335
22:13:59  위험:0
22:13:59  원시위험:0
22:13:59  GPS유효:1
22:13:59  위도:37.496534
22:13:59  경도:126.957472
22:13:59  속도:0.10
22:13:59  방향:276.8
22:13:59  이동방향유효:0
22:13:59  GPS이동방향:276.8
22:13:59  차체방향유효:1
22:13:59  차체방향:97.9
22:13:59  후진판정:1
22:13:59  IMU요회전속도:-3.73
22:13:59  방향가속도크기:11.54
22:13:59  방향자이로크기:7.04
22:13:59  방향자세cos:0.9947
22:13:59  자기모델잔차:18.88
22:13:59  자기모델반경:2.024
22:13:59  방향채택:0
22:13:59  방향거부:43521
22:13:59  GPS원시속도:0.175
22:13:59  GPS원시방향유효:1
22:13:59  GPS원시방향:277.8
22:13:59  가속도:-1.12,1.59,11.37
22:13:59  자이로:-3.9,-0.3,5.9
22:13:59  자력계:8.400,38.100,9.000
22:13:59  충격값:2.44
22:13:59  충격피크:3.59
22:13:59  마지막충격발생값:0.00
22:13:59  마지막충격발생ms:0
22:13:59  송신:3356
22:13:59  지팡이수신:2185
22:13:59  GPS위성:9
22:13:59  GPS_HDOP:0.94
22:13:59  원시위도:37.496535
22:13:59  원시경도:126.957473
22:13:59  GPS채택:1721
22:13:59  GPS이상치거부:1
22:13:59  GPS품질거부:1
22:13:59  GPS재기준:0
22:13:59  계산거리:-1.00
22:13:59  접근속도:0.00
22:13:59  TTC:999.00
22:13:59  방향오차:0.0
22:13:59  전방여부:0
22:13:59  위험음성횟수:87
22:13:59  충격음성횟수:0
22:13:59  마지막위험음성:1
22:13:59  RSSI원시:-74
22:13:59  RSSI평활:-74.7
22:13:59  RSSI샘플:2185
22:13:59  RSSI경과ms:199
22:13:59  RSSI구간:1
22:13:59  RSSI거리:8.92
22:13:59  상대보정:1
22:13:59  상대보정중:0
22:13:59  보정동쪽:-7.13
22:13:59  보정북쪽:-5.77
22:13:59  위험송신:2185
22:13:59  시각ms:353436
22:13:59  IMU시각ms:353435
22:13:59  위험:0
22:13:59  원시위험:0
22:13:59  GPS유효:1
22:13:59  위도:37.496534
22:13:59  경도:126.957472
22:13:59  속도:0.21
22:13:59  방향:276.8
22:13:59  이동방향유효:0
22:13:59  GPS이동방향:276.8
22:13:59  차체방향유효:1
22:13:59  차체방향:97.8
22:13:59  후진판정:1
22:13:59  IMU요회전속도:-3.64
22:13:59  방향가속도크기:9.10
22:13:59  방향자이로크기:7.30
22:13:59  방향자세cos:0.9896
22:13:59  자기모델잔차:19.70
22:13:59  자기모델반경:2.006
22:13:59  방향채택:0
22:13:59  방향거부:43533
22:13:59  GPS원시속도:0.324
22:13:59  GPS원시방향유효:1
22:13:59  GPS원시방향:199.8
22:13:59  가속도:-1.71,0.56,8.92
22:13:59  자이로:-1.7,3.7,6.0
22:13:59  자력계:7.050,37.500,9.900
22:13:59  충격값:1.46
22:13:59  충격피크:3.19
22:13:59  마지막충격발생값:0.00
22:13:59  마지막충격발생ms:0
22:13:59  송신:3357
22:13:59  지팡이수신:2186
22:13:59  GPS위성:9
22:13:59  GPS_HDOP:0.94
22:13:59  원시위도:37.496535
22:13:59  원시경도:126.957473
22:13:59  GPS채택:1722
22:13:59  GPS이상치거부:1
22:13:59  GPS품질거부:1
22:13:59  GPS재기준:0
22:13:59  계산거리:-1.00
22:13:59  접근속도:0.00
22:13:59  TTC:999.00
22:13:59  방향오차:0.0
22:13:59  전방여부:0
22:13:59  위험음성횟수:87
22:13:59  충격음성횟수:0
22:13:59  마지막위험음성:1
22:13:59  RSSI원시:-84
22:13:59  RSSI평활:-76.6
22:13:59  RSSI샘플:2186
22:13:59  RSSI경과ms:94
22:13:59  RSSI구간:1
22:13:59  RSSI거리:10.65
22:13:59  상대보정:1
22:13:59  상대보정중:0
22:13:59  보정동쪽:-7.13
22:13:59  보정북쪽:-5.77
22:13:59  위험송신:2186
22:14:00  시각ms:354580
22:14:00  IMU시각ms:354579
22:14:00  위험:0
22:14:00  원시위험:0
22:14:00  GPS유효:1
22:14:00  위도:37.496534
22:14:00  경도:126.957481
22:14:00  속도:0.70
22:14:00  방향:100.4
22:14:00  이동방향유효:1
22:14:00  GPS이동방향:100.4
22:14:00  차체방향유효:1
22:14:00  차체방향:99.4
22:14:00  후진판정:0
22:14:00  IMU요회전속도:-7.06
22:14:00  방향가속도크기:7.44
22:14:00  방향자이로크기:22.88
22:14:00  방향자세cos:0.9999
22:14:00  자기모델잔차:21.37
22:14:00  자기모델반경:2.103
22:14:00  방향채택:0
22:14:00  방향거부:43677
22:14:00  GPS원시속도:0.725
22:14:00  GPS원시방향유효:1
22:14:00  GPS원시방향:97.5
22:14:00  가속도:-0.39,0.27,7.42
22:14:00  자이로:5.7,20.3,9.0
22:14:00  자력계:4.950,40.500,11.250
22:14:00  충격값:2.70
22:14:00  충격피크:9.51
22:14:00  마지막충격발생값:0.00
22:14:00  마지막충격발생ms:0
22:14:00  송신:3368
22:14:00  지팡이수신:2194
22:14:00  GPS위성:9
22:14:00  GPS_HDOP:0.94
22:14:00  원시위도:37.496534
22:14:00  원시경도:126.957482
22:14:00  GPS채택:1728
22:14:00  GPS이상치거부:1
22:14:00  GPS품질거부:1
22:14:00  GPS재기준:0
22:14:00  계산거리:-1.00
22:14:00  접근속도:0.00
22:14:00  TTC:999.00
22:14:00  방향오차:0.0
22:14:00  전방여부:0
22:14:00  위험음성횟수:87
22:14:00  충격음성횟수:0
22:14:00  마지막위험음성:1
22:14:00  RSSI원시:-79
22:14:00  RSSI평활:-78.7
22:14:00  RSSI샘플:2194
22:14:00  RSSI경과ms:101
22:14:00  RSSI구간:1
22:14:00  RSSI거리:12.00
22:14:00  상대보정:1
22:14:00  상대보정중:0
22:14:00  보정동쪽:-7.13
22:14:00  보정북쪽:-5.77
22:14:00  위험송신:2194
22:14:01  시각ms:354993
22:14:01  IMU시각ms:354992
22:14:01  위험:0
22:14:01  원시위험:0
22:14:01  GPS유효:1
22:14:01  위도:37.496534
22:14:01  경도:126.957485
22:14:01  속도:0.80
22:14:01  방향:98.8
22:14:01  이동방향유효:1
22:14:01  GPS이동방향:98.8
22:14:01  차체방향유효:1
22:14:01  차체방향:98.2
22:14:01  후진판정:0
22:14:01  IMU요회전속도:0.00
22:14:01  방향가속도크기:6.81
22:14:01  방향자이로크기:13.86
22:14:01  방향자세cos:0.9970
22:14:01  자기모델잔차:22.29
22:14:01  자기모델반경:2.147
22:14:01  방향채택:0
22:14:01  방향거부:43729
22:14:01  GPS원시속도:0.844
22:14:01  GPS원시방향유효:1
22:14:01  GPS원시방향:96.8
22:14:01  가속도:0.17,-3.79,5.66
22:14:01  자이로:-1.5,-13.7,1.6
22:14:01  자력계:5.250,42.900,12.300
22:14:01  충격값:6.20
22:14:01  충격피크:8.67
22:14:01  마지막충격발생값:0.00
22:14:01  마지막충격발생ms:0
22:14:01  송신:3372
22:14:01  지팡이수신:2197
22:14:01  GPS위성:9
22:14:01  GPS_HDOP:0.94
22:14:01  원시위도:37.496534
22:14:01  원시경도:126.957485
22:14:01  GPS채택:1730
22:14:01  GPS이상치거부:1
22:14:01  GPS품질거부:1
22:14:01  GPS재기준:0
22:14:01  계산거리:-1.00
22:14:01  접근속도:0.00
22:14:01  TTC:999.00
22:14:01  방향오차:0.0
22:14:01  전방여부:0
22:14:01  위험음성횟수:88
22:14:01  충격음성횟수:0
22:14:01  마지막위험음성:1
22:14:01  RSSI원시:-77
22:14:01  RSSI평활:-78.9
22:14:01  RSSI샘플:2197
22:14:01  RSSI경과ms:99
22:14:01  RSSI구간:1
22:14:01  RSSI거리:12.00
22:14:01  상대보정:1
22:14:01  상대보정중:0
22:14:01  보정동쪽:-7.13
22:14:01  보정북쪽:-5.77
22:14:01  위험송신:2197
22:14:01  시각ms:355308
22:14:01  IMU시각ms:355307
22:14:01  위험:0
22:14:01  원시위험:0
22:14:01  GPS유효:1
22:14:01  위도:37.496533
22:14:01  경도:126.957488
22:14:01  속도:0.83
22:14:01  방향:98.0
22:14:01  이동방향유효:1
22:14:01  GPS이동방향:98.0
22:14:01  차체방향유효:1
22:14:01  차체방향:101.3
22:14:01  후진판정:0
22:14:01  IMU요회전속도:27.81
22:14:01  방향가속도크기:8.73
22:14:01  방향자이로크기:47.87
22:14:01  방향자세cos:0.9375
22:14:01  자기모델잔차:22.75
22:14:01  자기모델반경:2.172
22:14:01  방향채택:0
22:14:01  방향거부:43766
22:14:01  GPS원시속도:0.854
22:14:01  GPS원시방향유효:1
22:14:01  GPS원시방향:96.7
22:14:01  가속도:-0.60,-0.23,8.71
22:14:01  자이로:-34.9,0.5,-32.7
22:14:01  자력계:9.150,43.650,14.550
22:14:01  충격값:1.36
22:14:01  충격피크:13.88
22:14:01  마지막충격발생값:0.00
22:14:01  마지막충격발생ms:0
22:14:01  송신:3375
22:14:01  지팡이수신:2200
22:14:01  GPS위성:9
22:14:01  GPS_HDOP:0.94
22:14:01  원시위도:37.496533
22:14:01  원시경도:126.957487
22:14:01  GPS채택:1731
22:14:01  GPS이상치거부:1
22:14:01  GPS품질거부:1
22:14:01  GPS재기준:0
22:14:01  계산거리:-1.00
22:14:01  접근속도:0.00
22:14:01  TTC:999.00
22:14:01  방향오차:0.0
22:14:01  전방여부:0
22:14:01  위험음성횟수:88
22:14:01  충격음성횟수:0
22:14:01  마지막위험음성:1
22:14:01  RSSI원시:-79
22:14:01  RSSI평활:-78.6
22:14:01  RSSI샘플:2200
22:14:01  RSSI경과ms:102
22:14:01  RSSI구간:1
22:14:01  RSSI거리:12.00
22:14:01  상대보정:1
22:14:01  상대보정중:0
22:14:01  보정동쪽:-7.13
22:14:01  보정북쪽:-5.77
22:14:01  위험송신:2200
22:14:02  시각ms:355825
22:14:02  IMU시각ms:355824
22:14:02  위험:1
22:14:02  원시위험:0
22:14:02  GPS유효:1
22:14:02  위도:37.496533
22:14:02  경도:126.957494
22:14:02  속도:0.89
22:14:02  방향:96.7
22:14:02  이동방향유효:1
22:14:02  GPS이동방향:96.7
22:14:02  차체방향유효:1
22:14:02  차체방향:99.1
22:14:02  후진판정:0
22:14:02  IMU요회전속도:-8.74
22:14:02  방향가속도크기:14.71
22:14:02  방향자이로크기:20.98
22:14:02  방향자세cos:0.8507
22:14:02  자기모델잔차:25.41
22:14:02  자기모델반경:2.148
22:14:02  방향채택:0
22:14:02  방향거부:43829
22:14:02  GPS원시속도:0.885
22:14:02  GPS원시방향유효:1
22:14:02  GPS원시방향:97.1
22:14:02  가속도:1.93,0.21,14.58
22:14:02  자이로:-13.5,12.5,10.0
22:14:02  자력계:10.950,41.250,14.250
22:14:02  충격값:5.16
22:14:02  충격피크:10.04
22:14:02  마지막충격발생값:0.00
22:14:02  마지막충격발생ms:0
22:14:02  송신:3380
22:14:02  지팡이수신:2205
22:14:02  GPS위성:9
22:14:02  GPS_HDOP:0.94
22:14:02  원시위도:37.496533
22:14:02  원시경도:126.957493
22:14:02  GPS채택:1734
22:14:02  GPS이상치거부:1
22:14:02  GPS품질거부:1
22:14:02  GPS재기준:0
22:14:02  계산거리:-1.00
22:14:02  접근속도:0.00
22:14:02  TTC:999.00
22:14:02  방향오차:0.0
22:14:02  전방여부:0
22:14:02  위험음성횟수:89
22:14:02  충격음성횟수:0
22:14:02  마지막위험음성:1
22:14:02  RSSI원시:-77
22:14:02  RSSI평활:-77.1
22:14:02  RSSI샘플:2205
22:14:02  RSSI경과ms:98
22:14:02  RSSI구간:1
22:14:02  RSSI거리:11.26
22:14:02  상대보정:1
22:14:02  상대보정중:0
22:14:02  보정동쪽:-7.13
22:14:02  보정북쪽:-5.77
22:14:02  위험송신:2205
22:14:02  시각ms:355930
22:14:02  IMU시각ms:355929
22:14:02  위험:0
22:14:02  원시위험:0
22:14:02  GPS유효:1
22:14:02  위도:37.496533
22:14:02  경도:126.957495
22:14:02  속도:0.89
22:14:02  방향:96.7
22:14:02  이동방향유효:1
22:14:02  GPS이동방향:96.7
22:14:02  차체방향유효:1
22:14:02  차체방향:98.8
22:14:02  후진판정:0
22:14:02  IMU요회전속도:0.00
22:14:02  방향가속도크기:15.83
22:14:02  방향자이로크기:20.28
22:14:02  방향자세cos:0.9697
22:14:02  자기모델잔차:22.63
22:14:02  자기모델반경:2.085
22:14:02  방향채택:0
22:14:02  방향거부:43842
22:14:02  GPS원시속도:0.885
22:14:02  GPS원시방향유효:1
22:14:02  GPS원시방향:97.1
22:14:02  가속도:-2.94,-0.28,15.55
22:14:02  자이로:-2.8,-20.1,0.9
22:14:02  자력계:12.300,40.650,12.450
22:14:02  충격값:5.61
22:14:02  충격피크:7.65
22:14:02  마지막충격발생값:0.00
22:14:02  마지막충격발생ms:0
22:14:02  송신:3381
22:14:02  지팡이수신:2206
22:14:02  GPS위성:9
22:14:02  GPS_HDOP:0.94
22:14:02  원시위도:37.496533
22:14:02  원시경도:126.957493
22:14:02  GPS채택:1734
22:14:02  GPS이상치거부:1
22:14:02  GPS품질거부:1
22:14:02  GPS재기준:0
22:14:02  계산거리:-1.00
22:14:02  접근속도:0.00
22:14:02  TTC:999.00
22:14:02  방향오차:0.0
22:14:02  전방여부:0
22:14:02  위험음성횟수:89
22:14:02  충격음성횟수:0
22:14:02  마지막위험음성:1
22:14:02  RSSI원시:-79
22:14:02  RSSI평활:-77.5
22:14:02  RSSI샘플:2206
22:14:02  RSSI경과ms:98
22:14:02  RSSI구간:1
22:14:02  RSSI거리:11.66
22:14:02  상대보정:1
22:14:02  상대보정중:0
22:14:02  보정동쪽:-7.13
22:14:02  보정북쪽:-5.77
22:14:02  위험송신:2206
22:14:02  시각ms:356348
22:14:02  IMU시각ms:356347
22:14:02  위험:0
22:14:02  원시위험:0
22:14:02  GPS유효:1
22:14:02  위도:37.496532
22:14:02  경도:126.957500
22:14:02  속도:0.94
22:14:02  방향:96.2
22:14:02  이동방향유효:1
22:14:02  GPS이동방향:96.2
22:14:02  차체방향유효:1
22:14:02  차체방향:100.0
22:14:02  후진판정:0
22:14:02  IMU요회전속도:40.90
22:14:02  방향가속도크기:12.72
22:14:02  방향자이로크기:84.51
22:14:02  방향자세cos:0.9980
22:14:02  자기모델잔차:23.91
22:14:02  자기모델반경:2.105
22:14:02  방향채택:0
22:14:02  방향거부:43890
22:14:02  GPS원시속도:0.983
22:14:02  GPS원시방향유효:1
22:14:02  GPS원시방향:93.9
22:14:02  가속도:1.58,-0.03,12.62
22:14:02  자이로:67.0,-29.7,-42.1
22:14:02  자력계:11.700,40.950,13.050
22:14:02  충격값:2.96
22:14:02  충격피크:10.18
22:14:02  마지막충격발생값:0.00
22:14:02  마지막충격발생ms:0
22:14:02  송신:3385
22:14:02  지팡이수신:2210
22:14:02  GPS위성:9
22:14:02  GPS_HDOP:0.94
22:14:02  원시위도:37.496532
22:14:02  원시경도:126.957500
22:14:02  GPS채택:1737
22:14:02  GPS이상치거부:1
22:14:02  GPS품질거부:1
22:14:02  GPS재기준:0
22:14:02  계산거리:-1.00
22:14:02  접근속도:0.00
22:14:02  TTC:999.00
22:14:02  방향오차:0.0
22:14:02  전방여부:0
22:14:02  위험음성횟수:89
22:14:02  충격음성횟수:0
22:14:02  마지막위험음성:1
22:14:02  RSSI원시:-80
22:14:02  RSSI평활:-78.3
22:14:02  RSSI샘플:2210
22:14:02  RSSI경과ms:103
22:14:02  RSSI구간:1
22:14:02  RSSI거리:12.00
22:14:02  상대보정:1
22:14:02  상대보정중:0
22:14:02  보정동쪽:-7.13
22:14:02  보정북쪽:-5.77
22:14:02  위험송신:2210
22:14:02  시각ms:356660
22:14:02  IMU시각ms:356659
22:14:02  위험:0
22:14:02  원시위험:0
22:14:02  GPS유효:1
22:14:02  위도:37.496532
22:14:02  경도:126.957503
22:14:02  속도:0.94
22:14:02  방향:95.7
22:14:02  이동방향유효:1
22:14:02  GPS이동방향:95.7
22:14:02  차체방향유효:1
22:14:02  차체방향:100.8
22:14:02  후진판정:0
22:14:02  IMU요회전속도:-0.77
22:14:02  방향가속도크기:17.99
22:14:02  방향자이로크기:14.12
22:14:02  방향자세cos:0.9196
22:14:02  자기모델잔차:25.43
22:14:02  자기모델반경:2.071
22:14:02  방향채택:0
22:14:02  방향거부:43930
22:14:02  GPS원시속도:0.952
22:14:02  GPS원시방향유효:1
22:14:02  GPS원시방향:94.7
22:14:02  가속도:-3.17,2.64,17.52
22:14:02  자이로:12.3,-5.9,3.7
22:14:02  자력계:9.600,42.300,13.950
22:14:02  충격값:8.47
22:14:02  충격피크:12.33
22:14:02  마지막충격발생값:0.00
22:14:02  마지막충격발생ms:0
22:14:02  송신:3388
22:14:02  지팡이수신:2212
22:14:02  GPS위성:9
22:14:02  GPS_HDOP:0.94
22:14:02  원시위도:37.496532
22:14:02  원시경도:126.957502
22:14:02  GPS채택:1738
22:14:02  GPS이상치거부:1
22:14:02  GPS품질거부:1
22:14:02  GPS재기준:0
22:14:02  계산거리:-1.00
22:14:02  접근속도:0.00
22:14:02  TTC:999.00
22:14:02  방향오차:0.0
22:14:02  전방여부:0
22:14:02  위험음성횟수:89
22:14:02  충격음성횟수:0
22:14:02  마지막위험음성:1
22:14:02  RSSI원시:-75
22:14:02  RSSI평활:-78.6
22:14:02  RSSI샘플:2212
22:14:02  RSSI경과ms:105
22:14:02  RSSI구간:1
22:14:02  RSSI거리:12.00
22:14:02  상대보정:1
22:14:02  상대보정중:0
22:14:02  보정동쪽:-7.13
22:14:02  보정북쪽:-5.77
22:14:02  위험송신:2212
22:14:02  시각ms:356760
22:14:02  IMU시각ms:356759
22:14:02  위험:0
22:14:02  원시위험:0
22:14:02  GPS유효:1
22:14:02  위도:37.496532
22:14:02  경도:126.957504
22:14:02  속도:0.94
22:14:02  방향:95.9
22:14:02  이동방향유효:1
22:14:02  GPS이동방향:95.9
22:14:02  차체방향유효:1
22:14:02  차체방향:99.9
22:14:02  후진판정:0
22:14:02  IMU요회전속도:-6.44
22:14:02  방향가속도크기:15.63
22:14:02  방향자이로크기:25.57
22:14:02  방향자세cos:0.8509
22:14:02  자기모델잔차:25.43
22:14:02  자기모델반경:2.071
22:14:02  방향채택:0
22:14:02  방향거부:43944
22:14:02  GPS원시속도:0.931
22:14:02  GPS원시방향유효:1
22:14:02  GPS원시방향:96.3
22:14:02  가속도:-1.02,2.49,15.40
22:14:02  자이로:-2.6,24.1,8.1
22:14:02  자력계:10.500,41.400,13.200
22:14:02  충격값:5.55
22:14:02  충격피크:13.58
22:14:02  마지막충격발생값:0.00
22:14:02  마지막충격발생ms:0
22:14:02  송신:3389
22:14:02  지팡이수신:2212
22:14:02  GPS위성:9
22:14:02  GPS_HDOP:0.94
22:14:02  원시위도:37.496532
22:14:02  원시경도:126.957504
22:14:02  GPS채택:1739
22:14:02  GPS이상치거부:1
22:14:02  GPS품질거부:1
22:14:02  GPS재기준:0
22:14:02  계산거리:-1.00
22:14:02  접근속도:0.00
22:14:02  TTC:999.00
22:14:02  방향오차:0.0
22:14:02  전방여부:0
22:14:02  위험음성횟수:89
22:14:02  충격음성횟수:0
22:14:02  마지막위험음성:1
22:14:02  RSSI원시:-75
22:14:02  RSSI평활:-78.6
22:14:02  RSSI샘플:2212
22:14:02  RSSI경과ms:205
22:14:02  RSSI구간:1
22:14:02  RSSI거리:12.00
22:14:02  상대보정:1
22:14:02  상대보정중:0
22:14:02  보정동쪽:-7.13
22:14:02  보정북쪽:-5.77
22:14:02  위험송신:2212
22:14:03  시각ms:356866
22:14:03  IMU시각ms:356865
22:14:03  위험:1
22:14:03  원시위험:0
22:14:03  GPS유효:1
22:14:03  위도:37.496532
22:14:03  경도:126.957505
22:14:03  속도:0.94
22:14:03  방향:95.9
22:14:03  이동방향유효:1
22:14:03  GPS이동방향:95.9
22:14:03  차체방향유효:1
22:14:03  차체방향:99.3
22:14:03  후진판정:0
22:14:03  IMU요회전속도:-3.46
22:14:03  방향가속도크기:13.11
22:14:03  방향자이로크기:35.95
22:14:03  방향자세cos:0.9572
22:14:03  자기모델잔차:25.34
22:14:03  자기모델반경:2.095
22:14:03  방향채택:0
22:14:03  방향거부:43957
22:14:03  GPS원시속도:0.931
22:14:03  GPS원시방향유효:1
22:14:03  GPS원시방향:96.3
22:14:03  가속도:-0.11,-0.88,13.08
22:14:03  자이로:34.6,5.1,8.3
22:14:03  자력계:10.050,40.650,15.450
22:14:03  충격값:3.23
22:14:03  충격피크:18.34
22:14:03  마지막충격발생값:0.00
22:14:03  마지막충격발생ms:0
22:14:03  송신:3390
22:14:03  지팡이수신:2213
22:14:03  GPS위성:9
22:14:03  GPS_HDOP:0.94
22:14:03  원시위도:37.496532
22:14:03  원시경도:126.957504
22:14:03  GPS채택:1739
22:14:03  GPS이상치거부:1
22:14:03  GPS품질거부:1
22:14:03  GPS재기준:0
22:14:03  계산거리:-1.00
22:14:03  접근속도:0.00
22:14:03  TTC:999.00
22:14:03  방향오차:0.0
22:14:03  전방여부:0
22:14:03  위험음성횟수:90
22:14:03  충격음성횟수:0
22:14:03  마지막위험음성:1
22:14:03  RSSI원시:-73
22:14:03  RSSI평활:-77.5
22:14:03  RSSI샘플:2213
22:14:03  RSSI경과ms:93
22:14:03  RSSI구간:1
22:14:03  RSSI거리:11.59
22:14:03  상대보정:1
22:14:03  상대보정중:0
22:14:03  보정동쪽:-7.13
22:14:03  보정북쪽:-5.77
22:14:03  위험송신:2213
22:14:04  시각ms:357835
22:14:04  IMU시각ms:357811
22:14:04  위험:0
22:14:04  원시위험:0
22:14:04  GPS유효:1
22:14:04  위도:37.496531
22:14:04  경도:126.957516
22:14:04  속도:1.02
22:14:04  방향:94.9
22:14:04  이동방향유효:1
22:14:04  GPS이동방향:94.9
22:14:04  차체방향유효:1
22:14:04  차체방향:98.0
22:14:04  후진판정:0
22:14:04  IMU요회전속도:33.53
22:14:04  방향가속도크기:7.49
22:14:04  방향자이로크기:57.13
22:14:04  방향자세cos:0.9567
22:14:04  자기모델잔차:23.12
22:14:04  자기모델반경:2.144
22:14:04  방향채택:0
22:14:04  방향거부:44073
22:14:04  GPS원시속도:1.019
22:14:04  GPS원시방향유효:1
22:14:04  GPS원시방향:94.0
22:14:04  가속도:6.42,0.28,3.85
22:14:04  자이로:-15.0,40.0,-38.0
22:14:04  자력계:10.500,41.850,10.650
22:14:04  충격값:8.90
22:14:04  충격피크:10.31
22:14:04  마지막충격발생값:0.00
22:14:04  마지막충격발생ms:0
22:14:04  송신:3399
22:14:04  지팡이수신:2221
22:14:04  GPS위성:9
22:14:04  GPS_HDOP:0.94
22:14:04  원시위도:37.496531
22:14:04  원시경도:126.957515
22:14:04  GPS채택:1744
22:14:04  GPS이상치거부:1
22:14:04  GPS품질거부:1
22:14:04  GPS재기준:0
22:14:04  계산거리:-1.00
22:14:04  접근속도:0.00
22:14:04  TTC:999.00
22:14:04  방향오차:0.0
22:14:04  전방여부:0
22:14:04  위험음성횟수:90
22:14:04  충격음성횟수:0
22:14:04  마지막위험음성:1
22:14:04  RSSI원시:-75
22:14:04  RSSI평활:-77.6
22:14:04  RSSI샘플:2221
22:14:04  RSSI경과ms:30
22:14:04  RSSI구간:1
22:14:04  RSSI거리:11.81
22:14:04  상대보정:1
22:14:04  상대보정중:0
22:14:04  보정동쪽:-7.13
22:14:04  보정북쪽:-5.77
22:14:04  위험송신:2221
22:14:04  시각ms:358040
22:14:04  IMU시각ms:358016
22:14:04  위험:0
22:14:04  원시위험:0
22:14:04  GPS유효:1
22:14:04  위도:37.496531
22:14:04  경도:126.957518
22:14:04  속도:1.01
22:14:04  방향:94.9
22:14:04  이동방향유효:1
22:14:04  GPS이동방향:94.9
22:14:04  차체방향유효:1
22:14:04  차체방향:99.8
22:14:04  후진판정:0
22:14:04  IMU요회전속도:-7.05
22:14:04  방향가속도크기:13.18
22:14:04  방향자이로크기:37.36
22:14:04  방향자세cos:0.9781
22:14:04  자기모델잔차:21.65
22:14:04  자기모델반경:2.074
22:14:04  방향채택:0
22:14:04  방향거부:44095
22:14:04  GPS원시속도:0.998
22:14:04  GPS원시방향유효:1
22:14:04  GPS원시방향:94.9
22:14:04  가속도:0.73,-0.89,13.13
22:14:04  자이로:13.4,-33.3,10.5
22:14:04  자력계:10.950,40.500,10.800
22:14:04  충격값:4.03
22:14:04  충격피크:12.63
22:14:04  마지막충격발생값:0.00
22:14:04  마지막충격발생ms:0
22:14:04  송신:3401
22:14:04  지팡이수신:2223
22:14:04  GPS위성:9
22:14:04  GPS_HDOP:0.94
22:14:04  원시위도:37.496531
22:14:04  원시경도:126.957517
22:14:04  GPS채택:1745
22:14:04  GPS이상치거부:1
22:14:04  GPS품질거부:1
22:14:04  GPS재기준:0
22:14:04  계산거리:-1.00
22:14:04  접근속도:0.00
22:14:04  TTC:999.00
22:14:04  방향오차:0.0
22:14:04  전방여부:0
22:14:04  위험음성횟수:90
22:14:04  충격음성횟수:0
22:14:04  마지막위험음성:1
22:14:04  RSSI원시:-83
22:14:04  RSSI평활:-78.9
22:14:04  RSSI샘플:2223
22:14:04  RSSI경과ms:31
22:14:04  RSSI구간:1
22:14:04  RSSI거리:12.00
22:14:04  상대보정:1
22:14:04  상대보정중:0
22:14:04  보정동쪽:-7.13
22:14:04  보정북쪽:-5.77
22:14:04  위험송신:2223
22:14:05  시각ms:358881
22:14:05  IMU시각ms:358880
22:14:05  위험:1
22:14:05  원시위험:0
22:14:05  GPS유효:1
22:14:05  위도:37.496530
22:14:05  경도:126.957528
22:14:05  속도:1.04
22:14:05  방향:94.2
22:14:05  이동방향유효:1
22:14:05  GPS이동방향:94.2
22:14:05  차체방향유효:1
22:14:05  차체방향:95.3
22:14:05  후진판정:0
22:14:05  IMU요회전속도:-4.45
22:14:05  방향가속도크기:9.82
22:14:05  방향자이로크기:37.48
22:14:05  방향자세cos:0.9462
22:14:05  자기모델잔차:23.93
22:14:05  자기모델반경:2.124
22:14:05  방향채택:0
22:14:05  방향거부:44195
22:14:05  GPS원시속도:1.049
22:14:05  GPS원시방향유효:1
22:14:05  GPS원시방향:94.1
22:14:05  가속도:2.69,1.11,9.38
22:14:05  자이로:35.9,-4.3,10.0
22:14:05  자력계:8.100,42.600,13.200
22:14:05  충격값:3.74
22:14:05  충격피크:16.86
22:14:05  마지막충격발생값:0.00
22:14:05  마지막충격발생ms:0
22:14:05  송신:3409
22:14:05  지팡이수신:2231
22:14:05  GPS위성:9
22:14:05  GPS_HDOP:0.94
22:14:05  원시위도:37.496530
22:14:05  원시경도:126.957526
22:14:05  GPS채택:1749
22:14:05  GPS이상치거부:1
22:14:05  GPS품질거부:1
22:14:05  GPS재기준:0
22:14:05  계산거리:-1.00
22:14:05  접근속도:0.00
22:14:05  TTC:999.00
22:14:05  방향오차:0.0
22:14:05  전방여부:0
22:14:05  위험음성횟수:91
22:14:05  충격음성횟수:0
22:14:05  마지막위험음성:1
22:14:05  RSSI원시:-76
22:14:05  RSSI평활:-78.8
22:14:05  RSSI샘플:2231
22:14:05  RSSI경과ms:49
22:14:05  RSSI구간:1
22:14:05  RSSI거리:12.00
22:14:05  상대보정:1
22:14:05  상대보정중:0
22:14:05  보정동쪽:-7.13
22:14:05  보정북쪽:-5.77
22:14:05  위험송신:2231
22:14:05  시각ms:358981
22:14:05  IMU시각ms:358980
22:14:05  위험:1
22:14:05  원시위험:0
22:14:05  GPS유효:1
22:14:05  위도:37.496530
22:14:05  경도:126.957529
22:14:05  속도:1.01
22:14:05  방향:94.7
22:14:05  이동방향유효:1
22:14:05  GPS이동방향:94.7
22:14:05  차체방향유효:1
22:14:05  차체방향:95.1
22:14:05  후진판정:0
22:14:05  IMU요회전속도:4.06
22:14:05  방향가속도크기:9.28
22:14:05  방향자이로크기:20.20
22:14:05  방향자세cos:0.7137
22:14:05  자기모델잔차:22.39
22:14:05  자기모델반경:2.116
22:14:05  방향채택:0
22:14:05  방향거부:44209
22:14:05  GPS원시속도:0.988
22:14:05  GPS원시방향유효:1
22:14:05  GPS원시방향:95.7
22:14:05  가속도:3.76,-4.73,7.04
22:14:05  자이로:-11.6,-14.4,-8.1
22:14:05  자력계:8.700,42.000,12.750
22:14:05  충격값:6.96
22:14:05  충격피크:7.67
22:14:05  마지막충격발생값:0.00
22:14:05  마지막충격발생ms:0
22:14:05  송신:3410
22:14:05  지팡이수신:2231
22:14:05  GPS위성:9
22:14:05  GPS_HDOP:0.94
22:14:05  원시위도:37.496530
22:14:05  원시경도:126.957528
22:14:05  GPS채택:1750
22:14:05  GPS이상치거부:1
22:14:05  GPS품질거부:1
22:14:05  GPS재기준:0
22:14:05  계산거리:-1.00
22:14:05  접근속도:0.00
22:14:05  TTC:999.00
22:14:05  방향오차:0.0
22:14:05  전방여부:0
22:14:05  위험음성횟수:91
22:14:05  충격음성횟수:0
22:14:05  마지막위험음성:1
22:14:05  RSSI원시:-76
22:14:05  RSSI평활:-78.8
22:14:05  RSSI샘플:2231
22:14:05  RSSI경과ms:149
22:14:05  RSSI구간:1
22:14:05  RSSI거리:12.00
22:14:05  상대보정:1
22:14:05  상대보정중:0
22:14:05  보정동쪽:-7.13
22:14:05  보정북쪽:-5.77
22:14:05  위험송신:2231
22:14:05  시각ms:359087
22:14:05  IMU시각ms:359086
22:14:05  위험:0
22:14:05  원시위험:0
22:14:05  GPS유효:1
22:14:05  위도:37.496530
22:14:05  경도:126.957530
22:14:05  속도:1.01
22:14:05  방향:94.7
22:14:05  이동방향유효:1
22:14:05  GPS이동방향:94.7
22:14:05  차체방향유효:1
22:14:05  차체방향:94.5
22:14:05  후진판정:0
22:14:05  IMU요회전속도:-9.51
22:14:05  방향가속도크기:5.78
22:14:05  방향자이로크기:22.36
22:14:05  방향자세cos:0.9198
22:14:05  자기모델잔차:24.55
22:14:05  자기모델반경:2.082
22:14:05  방향채택:0
22:14:05  방향거부:44222
22:14:05  GPS원시속도:0.988
22:14:05  GPS원시방향유효:1
22:14:05  GPS원시방향:95.7
22:14:05  가속도:-0.10,-4.21,3.96
22:14:05  자이로:18.5,-0.8,12.6
22:14:05  자력계:9.900,41.250,12.300
22:14:05  충격값:6.37
22:14:05  충격피크:26.74
22:14:05  마지막충격발생값:0.00
22:14:05  마지막충격발생ms:0
22:14:05  송신:3411
22:14:05  지팡이수신:2232
22:14:05  GPS위성:9
22:14:05  GPS_HDOP:0.94
22:14:05  원시위도:37.496530
22:14:05  원시경도:126.957528
22:14:05  GPS채택:1750
22:14:05  GPS이상치거부:1
22:14:05  GPS품질거부:1
22:14:05  GPS재기준:0
22:14:05  계산거리:-1.00
22:14:05  접근속도:0.00
22:14:05  TTC:999.00
22:14:05  방향오차:0.0
22:14:05  전방여부:0
22:14:05  위험음성횟수:91
22:14:05  충격음성횟수:0
22:14:05  마지막위험음성:1
22:14:05  RSSI원시:-78
22:14:05  RSSI평활:-78.6
22:14:05  RSSI샘플:2232
22:14:05  RSSI경과ms:48
22:14:05  RSSI구간:1
22:14:05  RSSI거리:12.00
22:14:05  상대보정:1
22:14:05  상대보정중:0
22:14:05  보정동쪽:-7.13
22:14:05  보정북쪽:-5.77
22:14:05  위험송신:2232
22:14:05  시각ms:359192
22:14:05  IMU시각ms:359191
22:14:05  위험:0
22:14:05  원시위험:0
22:14:05  GPS유효:1
22:14:05  위도:37.496530
22:14:05  경도:126.957531
22:14:05  속도:1.01
22:14:05  방향:94.7
22:14:05  이동방향유효:1
22:14:05  GPS이동방향:94.7
22:14:05  차체방향유효:1
22:14:05  차체방향:97.2
22:14:05  후진판정:0
22:14:05  IMU요회전속도:35.44
22:14:05  방향가속도크기:5.69
22:14:05  방향자이로크기:48.17
22:14:05  방향자세cos:0.9944
22:14:05  자기모델잔차:22.95
22:14:05  자기모델반경:2.096
22:14:05  방향채택:0
22:14:05  방향거부:44233
22:14:05  GPS원시속도:1.013
22:14:05  GPS원시방향유효:1
22:14:05  GPS원시방향:94.7
22:14:05  가속도:-2.21,-3.83,3.58
22:14:05  자이로:-22.5,16.1,-39.5
22:14:05  자력계:11.250,39.900,12.450
22:14:05  충격값:7.18
22:14:05  충격피크:12.38
22:14:05  마지막충격발생값:0.00
22:14:05  마지막충격발생ms:0
22:14:05  송신:3412
22:14:05  지팡이수신:2233
22:14:05  GPS위성:9
22:14:05  GPS_HDOP:0.94
22:14:05  원시위도:37.496530
22:14:05  원시경도:126.957531
22:14:05  GPS채택:1751
22:14:05  GPS이상치거부:1
22:14:05  GPS품질거부:1
22:14:05  GPS재기준:0
22:14:05  계산거리:-1.00
22:14:05  접근속도:0.00
22:14:05  TTC:999.00
22:14:05  방향오차:0.0
22:14:05  전방여부:0
22:14:05  위험음성횟수:91
22:14:05  충격음성횟수:0
22:14:05  마지막위험음성:1
22:14:05  RSSI원시:-80
22:14:05  RSSI평활:-78.9
22:14:05  RSSI샘플:2233
22:14:05  RSSI경과ms:49
22:14:05  RSSI구간:1
22:14:05  RSSI거리:12.00
22:14:05  상대보정:1
22:14:05  상대보정중:0
22:14:05  보정동쪽:-7.13
22:14:05  보정북쪽:-5.77
22:14:05  위험송신:2233
22:14:05  시각ms:359293
22:14:05  IMU시각ms:359292
22:14:05  위험:0
22:14:05  원시위험:0
22:14:05  GPS유효:1
22:14:05  위도:37.496530
22:14:05  경도:126.957532
22:14:05  속도:1.01
22:14:05  방향:94.7
22:14:05  이동방향유효:1
22:14:05  GPS이동방향:94.7
22:14:05  차체방향유효:1
22:14:05  차체방향:98.4
22:14:05  후진판정:0
22:14:05  IMU요회전속도:-18.22
22:14:05  방향가속도크기:11.85
22:14:05  방향자이로크기:29.99
22:14:05  방향자세cos:0.9887
22:14:05  자기모델잔차:23.72
22:14:05  자기모델반경:2.016
22:14:05  방향채택:0
22:14:05  방향거부:44247
22:14:05  GPS원시속도:1.013
22:14:05  GPS원시방향유효:1
22:14:05  GPS원시방향:94.7
22:14:05  가속도:-1.71,1.90,11.57
22:14:05  자이로:-11.8,-18.6,20.4
22:14:05  자력계:10.650,38.550,13.800
22:14:05  충격값:2.72
22:14:05  충격피크:11.13
22:14:05  마지막충격발생값:0.00
22:14:05  마지막충격발생ms:0
22:14:05  송신:3413
22:14:05  지팡이수신:2233
22:14:05  GPS위성:9
22:14:05  GPS_HDOP:0.94
22:14:05  원시위도:37.496530
22:14:05  원시경도:126.957531
22:14:05  GPS채택:1751
22:14:05  GPS이상치거부:1
22:14:05  GPS품질거부:1
22:14:05  GPS재기준:0
22:14:05  계산거리:-1.00
22:14:05  접근속도:0.00
22:14:05  TTC:999.00
22:14:05  방향오차:0.0
22:14:05  전방여부:0
22:14:05  위험음성횟수:91
22:14:05  충격음성횟수:0
22:14:05  마지막위험음성:1
22:14:05  RSSI원시:-80
22:14:05  RSSI평활:-78.9
22:14:05  RSSI샘플:2233
22:14:05  RSSI경과ms:150
22:14:05  RSSI구간:1
22:14:05  RSSI거리:12.00
22:14:05  상대보정:1
22:14:05  상대보정중:0
22:14:05  보정동쪽:-7.13
22:14:05  보정북쪽:-5.77
22:14:05  위험송신:2233
22:14:05  시각ms:359393
22:14:05  IMU시각ms:359392
22:14:05  위험:0
22:14:05  원시위험:0
22:14:05  GPS유효:1
22:14:05  위도:37.496529
22:14:05  경도:126.957534
22:14:05  속도:1.03
22:14:05  방향:94.9
22:14:05  이동방향유효:1
22:14:05  GPS이동방향:94.9
22:14:05  차체방향유효:1
22:14:05  차체방향:97.0
22:14:05  후진판정:0
22:14:05  IMU요회전속도:-8.42
22:14:05  방향가속도크기:12.70
22:14:05  방향자이로크기:17.77
22:14:05  방향자세cos:0.9937
22:14:05  자기모델잔차:21.32
22:14:05  자기모델반경:2.064
22:14:05  방향채택:0
22:14:05  방향거부:44261
22:14:05  GPS원시속도:1.049
22:14:05  GPS원시방향유효:1
22:14:05  GPS원시방향:95.2
22:14:05  가속도:-1.99,0.53,12.54
22:14:05  자이로:13.4,0.1,11.7
22:14:05  자력계:10.200,39.750,11.250
22:14:05  충격값:3.08
22:14:05  충격피크:9.49
22:14:05  마지막충격발생값:0.00
22:14:05  마지막충격발생ms:0
22:14:05  송신:3414
22:14:05  지팡이수신:2233
22:14:05  GPS위성:9
22:14:05  GPS_HDOP:1.14
22:14:05  원시위도:37.496529
22:14:05  원시경도:126.957533
22:14:05  GPS채택:1752
22:14:05  GPS이상치거부:1
22:14:05  GPS품질거부:1
22:14:05  GPS재기준:0
22:14:05  계산거리:-1.00
22:14:05  접근속도:0.00
22:14:05  TTC:999.00
22:14:05  방향오차:0.0
22:14:05  전방여부:0
22:14:05  위험음성횟수:91
22:14:05  충격음성횟수:0
22:14:05  마지막위험음성:1
22:14:05  RSSI원시:-80
22:14:05  RSSI평활:-78.9
22:14:05  RSSI샘플:2233
22:14:05  RSSI경과ms:250
22:14:05  RSSI구간:1
22:14:05  RSSI거리:12.00
22:14:05  상대보정:1
22:14:05  상대보정중:0
22:14:05  보정동쪽:-7.13
22:14:05  보정북쪽:-5.77
22:14:05  위험송신:2233
22:14:05  시각ms:359595
22:14:05  IMU시각ms:359594
22:14:05  위험:0
22:14:05  원시위험:0
22:14:05  GPS유효:1
22:14:05  위도:37.496529
22:14:05  경도:126.957536
22:14:05  속도:1.02
22:14:05  방향:94.3
22:14:05  이동방향유효:1
22:14:05  GPS이동방향:94.3
22:14:05  차체방향유효:1
22:14:05  차체방향:96.3
22:14:05  후진판정:0
22:14:05  IMU요회전속도:-2.77
22:14:05  방향가속도크기:4.97
22:14:05  방향자이로크기:24.31
22:14:05  방향자세cos:0.9387
22:14:05  자기모델잔차:20.84
22:14:05  자기모델반경:2.136
22:14:05  방향채택:0
22:14:05  방향거부:44289
22:14:05  GPS원시속도:1.013
22:14:05  GPS원시방향유효:1
22:14:05  GPS원시방향:93.2
22:14:05  가속도:0.11,0.61,4.93
22:14:05  자이로:21.0,-10.0,7.0
22:14:05  자력계:10.800,40.650,11.400
22:14:05  충격값:5.09
22:14:05  충격피크:10.55
22:14:05  마지막충격발생값:0.00
22:14:05  마지막충격발생ms:0
22:14:05  송신:3416
22:14:05  지팡이수신:2233
22:14:05  GPS위성:9
22:14:05  GPS_HDOP:0.94
22:14:05  원시위도:37.496529
22:14:05  원시경도:126.957535
22:14:05  GPS채택:1753
22:14:05  GPS이상치거부:1
22:14:05  GPS품질거부:1
22:14:05  GPS재기준:0
22:14:05  계산거리:-1.00
22:14:05  접근속도:0.00
22:14:05  TTC:999.00
22:14:05  방향오차:0.0
22:14:05  전방여부:0
22:14:05  위험음성횟수:91
22:14:05  충격음성횟수:0
22:14:05  마지막위험음성:1
22:14:05  RSSI원시:-80
22:14:05  RSSI평활:-78.9
22:14:05  RSSI샘플:2233
22:14:05  RSSI경과ms:452
22:14:05  RSSI구간:1
22:14:05  RSSI거리:12.00
22:14:05  상대보정:1
22:14:05  상대보정중:0
22:14:05  보정동쪽:-7.13
22:14:05  보정북쪽:-5.77
22:14:05  위험송신:2233
22:14:05  시각ms:359694
22:14:05  IMU시각ms:359694
22:14:05  위험:0
22:14:05  원시위험:0
22:14:05  GPS유효:1
22:14:05  위도:37.496529
22:14:05  경도:126.957537
22:14:05  속도:1.02
22:14:05  방향:94.3
22:14:05  이동방향유효:1
22:14:05  GPS이동방향:94.3
22:14:05  차체방향유효:1
22:14:05  차체방향:96.6
22:14:05  후진판정:0
22:14:05  IMU요회전속도:17.27
22:14:05  방향가속도크기:11.84
22:14:05  방향자이로크기:39.97
22:14:05  방향자세cos:0.9749
22:14:05  자기모델잔차:21.34
22:14:05  자기모델반경:2.061
22:14:05  방향채택:0
22:14:05  방향거부:44301
22:14:05  GPS원시속도:1.013
22:14:05  GPS원시방향유효:1
22:14:05  GPS원시방향:93.2
22:14:05  가속도:2.08,0.21,11.65
22:14:05  자이로:10.6,-32.5,-20.6
22:14:05  자력계:12.600,39.750,11.250
22:14:05  충격값:3.21
22:14:05  충격피크:10.29
22:14:05  마지막충격발생값:0.00
22:14:05  마지막충격발생ms:0
22:14:05  송신:3417
22:14:05  지팡이수신:2234
22:14:05  GPS위성:9
22:14:05  GPS_HDOP:0.94
22:14:05  원시위도:37.496529
22:14:05  원시경도:126.957535
22:14:05  GPS채택:1753
22:14:05  GPS이상치거부:1
22:14:05  GPS품질거부:1
22:14:05  GPS재기준:0
22:14:05  계산거리:-1.00
22:14:05  접근속도:0.00
22:14:05  TTC:999.00
22:14:05  방향오차:0.0
22:14:05  전방여부:0
22:14:05  위험음성횟수:91
22:14:05  충격음성횟수:0
22:14:05  마지막위험음성:1
22:14:05  RSSI원시:-84
22:14:05  RSSI평활:-79.9
22:14:05  RSSI샘플:2234
22:14:05  RSSI경과ms:25
22:14:05  RSSI구간:1
22:14:05  RSSI거리:12.00
22:14:05  상대보정:1
22:14:05  상대보정중:0
22:14:05  보정동쪽:-7.13
22:14:05  보정북쪽:-5.77
22:14:05  위험송신:2234
22:14:06  시각ms:359901
22:14:06  IMU시각ms:359900
22:14:06  위험:0
22:14:06  원시위험:0
22:14:06  GPS유효:1
22:14:06  위도:37.496529
22:14:06  경도:126.957539
22:14:06  속도:0.99
22:14:06  방향:94.1
22:14:06  이동방향유효:1
22:14:06  GPS이동방향:94.1
22:14:06  차체방향유효:1
22:14:06  차체방향:102.6
22:14:06  후진판정:0
22:14:06  IMU요회전속도:26.69
22:14:06  방향가속도크기:14.85
22:14:06  방향자이로크기:51.41
22:14:06  방향자세cos:0.9889
22:14:06  자기모델잔차:20.96
22:14:06  자기모델반경:2.088
22:14:06  방향채택:0
22:14:06  방향거부:44328
22:14:06  GPS원시속도:0.967
22:14:06  GPS원시방향유효:1
22:14:06  GPS원시방향:93.8
22:14:06  가속도:-1.44,7.04,13.00
22:14:06  자이로:-14.5,38.6,-30.7
22:14:06  자력계:12.300,36.000,10.200
22:14:06  충격값:7.77
22:14:06  충격피크:15.63
22:14:06  마지막충격발생값:0.00
22:14:06  마지막충격발생ms:0
22:14:06  송신:3419
22:14:06  지팡이수신:2235
22:14:06  GPS위성:9
22:14:06  GPS_HDOP:0.94
22:14:06  원시위도:37.496529
22:14:06  원시경도:126.957538
22:14:06  GPS채택:1754
22:14:06  GPS이상치거부:1
22:14:06  GPS품질거부:1
22:14:06  GPS재기준:0
22:14:06  계산거리:-1.00
22:14:06  접근속도:0.00
22:14:06  TTC:999.00
22:14:06  방향오차:0.0
22:14:06  전방여부:0
22:14:06  위험음성횟수:91
22:14:06  충격음성횟수:0
22:14:06  마지막위험음성:1
22:14:06  RSSI원시:-88
22:14:06  RSSI평활:-81.5
22:14:06  RSSI샘플:2235
22:14:06  RSSI경과ms:132
22:14:06  RSSI구간:1
22:14:06  RSSI거리:12.00
22:14:06  상대보정:1
22:14:06  상대보정중:0
22:14:06  보정동쪽:-7.13
22:14:06  보정북쪽:-5.77
22:14:06  위험송신:2235
22:14:06  시각ms:360000
22:14:06  IMU시각ms:360000
22:14:06  위험:0
22:14:06  원시위험:0
22:14:06  GPS유효:1
22:14:06  위도:37.496529
22:14:06  경도:126.957540
22:14:06  속도:1.00
22:14:06  방향:94.3
22:14:06  이동방향유효:1
22:14:06  GPS이동방향:94.3
22:14:06  차체방향유효:1
22:14:06  차체방향:103.2
22:14:06  후진판정:0
22:14:06  IMU요회전속도:0.00
22:14:06  방향가속도크기:10.82
22:14:06  방향자이로크기:28.99
22:14:06  방향자세cos:0.9709
22:14:06  자기모델잔차:20.55
22:14:06  자기모델반경:1.931
22:14:06  방향채택:0
22:14:06  방향거부:44340
22:14:06  GPS원시속도:1.013
22:14:06  GPS원시방향유효:1
22:14:06  GPS원시방향:94.7
22:14:06  가속도:2.06,1.04,10.57
22:14:06  자이로:21.4,-19.4,2.5
22:14:06  자력계:11.550,35.550,10.950
22:14:06  충격값:2.72
22:14:06  충격피크:18.40
22:14:06  마지막충격발생값:0.00
22:14:06  마지막충격발생ms:0
22:14:06  송신:3420
22:14:06  지팡이수신:2236
22:14:06  GPS위성:9
22:14:06  GPS_HDOP:0.94
22:14:06  원시위도:37.496529
22:14:06  원시경도:126.957540
22:14:06  GPS채택:1755
22:14:06  GPS이상치거부:1
22:14:06  GPS품질거부:1
22:14:06  GPS재기준:0
22:14:06  계산거리:-1.00
22:14:06  접근속도:0.00
22:14:06  TTC:999.00
22:14:06  방향오차:0.0
22:14:06  전방여부:0
22:14:06  위험음성횟수:92
22:14:06  충격음성횟수:0
22:14:06  마지막위험음성:1
22:14:06  RSSI원시:-80
22:14:06  RSSI평활:-81.2
22:14:06  RSSI샘플:2236
22:14:06  RSSI경과ms:24
22:14:06  RSSI구간:1
22:14:06  RSSI거리:12.00
22:14:06  상대보정:1
22:14:06  상대보정중:0
22:14:06  보정동쪽:-7.13
22:14:06  보정북쪽:-5.77
22:14:06  위험송신:2236
22:14:06  시각ms:360117
22:14:06  IMU시각ms:360093
22:14:06  위험:0
22:14:06  원시위험:0
22:14:06  GPS유효:1
22:14:06  위도:37.496529
22:14:06  경도:126.957541
22:14:06  속도:1.00
22:14:06  방향:94.3
22:14:06  이동방향유효:1
22:14:06  GPS이동방향:94.3
22:14:06  차체방향유효:1
22:14:06  차체방향:102.4
22:14:06  후진판정:0
22:14:06  IMU요회전속도:-4.13
22:14:06  방향가속도크기:3.59
22:14:06  방향자이로크기:26.72
22:14:06  방향자세cos:0.8854
22:14:06  자기모델잔차:20.34
22:14:06  자기모델반경:1.955
22:14:06  방향채택:0
22:14:06  방향거부:44353
22:14:06  GPS원시속도:1.013
22:14:06  GPS원시방향유효:1
22:14:06  GPS원시방향:94.7
22:14:06  가속도:-3.08,1.02,1.53
22:14:06  자이로:-8.4,-24.6,6.2
22:14:06  자력계:11.550,35.100,10.200
22:14:06  충격값:8.51
22:14:06  충격피크:15.06
22:14:06  마지막충격발생값:0.00
22:14:06  마지막충격발생ms:0
22:14:06  송신:3421
22:14:06  지팡이수신:2237
22:14:06  GPS위성:9
22:14:06  GPS_HDOP:0.94
22:14:06  원시위도:37.496529
22:14:06  원시경도:126.957540
22:14:06  GPS채택:1755
22:14:06  GPS이상치거부:1
22:14:06  GPS품질거부:1
22:14:06  GPS재기준:0
22:14:06  계산거리:-1.00
22:14:06  접근속도:0.00
22:14:06  TTC:999.00
22:14:06  방향오차:0.0
22:14:06  전방여부:0
22:14:06  위험음성횟수:92
22:14:06  충격음성횟수:0
22:14:06  마지막위험음성:1
22:14:06  RSSI원시:-79
22:14:06  RSSI평활:-80.8
22:14:06  RSSI샘플:2237
22:14:06  RSSI경과ms:28
22:14:06  RSSI구간:1
22:14:06  RSSI거리:12.00
22:14:06  상대보정:1
22:14:06  상대보정중:0
22:14:06  보정동쪽:-7.13
22:14:06  보정북쪽:-5.77
22:14:06  위험송신:2237
22:14:06  시각ms:360226
22:14:06  IMU시각ms:360202
22:14:06  위험:0
22:14:06  원시위험:0
22:14:06  GPS유효:1
22:14:06  위도:37.496529
22:14:06  경도:126.957542
22:14:06  속도:0.97
22:14:06  방향:95.0
22:14:06  이동방향유효:1
22:14:06  GPS이동방향:95.0
22:14:06  차체방향유효:1
22:14:06  차체방향:100.7
22:14:06  후진판정:0
22:14:06  IMU요회전속도:-5.24
22:14:06  방향가속도크기:8.55
22:14:06  방향자이로크기:39.00
22:14:06  방향자세cos:0.9762
22:14:06  자기모델잔차:19.41
22:14:06  자기모델반경:1.956
22:14:06  방향채택:0
22:14:06  방향거부:44363
22:14:06  GPS원시속도:0.926
22:14:06  GPS원시방향유효:1
22:14:06  GPS원시방향:96.2
22:14:06  가속도:-1.77,-0.81,8.32
22:14:06  자이로:35.0,14.6,9.2
22:14:06  자력계:9.900,36.150,9.750
22:14:06  충격값:2.00
22:14:06  충격피크:7.55
22:14:06  마지막충격발생값:0.00
22:14:06  마지막충격발생ms:0
22:14:06  송신:3422
22:14:06  지팡이수신:2238
22:14:06  GPS위성:9
22:14:06  GPS_HDOP:0.94
22:14:06  원시위도:37.496529
22:14:06  원시경도:126.957542
22:14:06  GPS채택:1756
22:14:06  GPS이상치거부:1
22:14:06  GPS품질거부:1
22:14:06  GPS재기준:0
22:14:06  계산거리:-1.00
22:14:06  접근속도:0.00
22:14:06  TTC:999.00
22:14:06  방향오차:0.0
22:14:06  전방여부:0
22:14:06  위험음성횟수:92
22:14:06  충격음성횟수:0
22:14:06  마지막위험음성:1
22:14:06  RSSI원시:-82
22:14:06  RSSI평활:-81.0
22:14:06  RSSI샘플:2238
22:14:06  RSSI경과ms:27
22:14:06  RSSI구간:1
22:14:06  RSSI거리:12.00
22:14:06  상대보정:1
22:14:06  상대보정중:0
22:14:06  보정동쪽:-7.13
22:14:06  보정북쪽:-5.77
22:14:06  위험송신:2238
22:14:06  시각ms:360329
22:14:06  IMU시각ms:360305
22:14:06  위험:0
22:14:06  원시위험:0
22:14:06  GPS유효:1
22:14:06  위도:37.496529
22:14:06  경도:126.957544
22:14:06  속도:0.97
22:14:06  방향:95.0
22:14:06  이동방향유효:1
22:14:06  GPS이동방향:95.0
22:14:06  차체방향유효:1
22:14:06  차체방향:100.6
22:14:06  후진판정:0
22:14:06  IMU요회전속도:-2.67
22:14:06  방향가속도크기:14.06
22:14:06  방향자이로크기:30.19
22:14:06  방향자세cos:0.5067
22:14:06  자기모델잔차:20.63
22:14:06  자기모델반경:1.955
22:14:06  방향채택:0
22:14:06  방향거부:44374
22:14:06  GPS원시속도:0.926
22:14:06  GPS원시방향유효:1
22:14:06  GPS원시방향:96.2
22:14:06  가속도:-8.61,2.94,10.72
22:14:06  자이로:24.0,-16.7,7.4
22:14:06  자력계:10.950,36.900,10.500
22:14:06  충격값:8.52
22:14:06  충격피크:11.02
22:14:06  마지막충격발생값:0.00
22:14:06  마지막충격발생ms:0
22:14:06  송신:3423
22:14:06  지팡이수신:2239
22:14:06  GPS위성:9
22:14:06  GPS_HDOP:0.94
22:14:06  원시위도:37.496529
22:14:06  원시경도:126.957542
22:14:06  GPS채택:1756
22:14:06  GPS이상치거부:1
22:14:06  GPS품질거부:1
22:14:06  GPS재기준:0
22:14:06  계산거리:-1.00
22:14:06  접근속도:0.00
22:14:06  TTC:999.00
22:14:06  방향오차:0.0
22:14:06  전방여부:0
22:14:06  위험음성횟수:92
22:14:06  충격음성횟수:0
22:14:06  마지막위험음성:1
22:14:06  RSSI원시:-75
22:14:06  RSSI평활:-79.8
22:14:06  RSSI샘플:2239
22:14:06  RSSI경과ms:29
22:14:06  RSSI구간:1
22:14:06  RSSI거리:12.00
22:14:06  상대보정:1
22:14:06  상대보정중:0
22:14:06  보정동쪽:-7.13
22:14:06  보정북쪽:-5.77
22:14:06  위험송신:2239
22:14:06  시각ms:360422
22:14:06  IMU시각ms:360422
22:14:06  위험:0
22:14:06  원시위험:0
22:14:06  GPS유효:1
22:14:06  위도:37.496528
22:14:06  경도:126.957545
22:14:06  속도:0.94
22:14:06  방향:96.5
22:14:06  이동방향유효:1
22:14:06  GPS이동방향:96.5
22:14:06  차체방향유효:1
22:14:06  차체방향:99.2
22:14:06  후진판정:0
22:14:06  IMU요회전속도:0.00
22:14:06  방향가속도크기:14.75
22:14:06  방향자이로크기:30.17
22:14:06  방향자세cos:0.7595
22:14:06  자기모델잔차:18.94
22:14:06  자기모델반경:1.991
22:14:06  방향채택:0
22:14:06  방향거부:44385
22:14:06  GPS원시속도:0.916
22:14:06  GPS원시방향유효:1
22:14:06  GPS원시방향:99.2
22:14:06  가속도:2.95,-0.47,14.45
22:14:06  자이로:-15.8,25.6,-1.4
22:14:06  자력계:9.600,37.950,9.900
22:14:06  충격값:6.26
22:14:06  충격피크:10.29
22:14:06  마지막충격발생값:0.00
22:14:06  마지막충격발생ms:0
22:14:06  송신:3424
22:14:06  지팡이수신:2240
22:14:06  GPS위성:9
22:14:06  GPS_HDOP:0.94
22:14:06  원시위도:37.496528
22:14:06  원시경도:126.957544
22:14:06  GPS채택:1757
22:14:06  GPS이상치거부:1
22:14:06  GPS품질거부:1
22:14:06  GPS재기준:0
22:14:06  계산거리:-1.00
22:14:06  접근속도:0.00
22:14:06  TTC:999.00
22:14:06  방향오차:0.0
22:14:06  전방여부:0
22:14:06  위험음성횟수:92
22:14:06  충격음성횟수:0
22:14:06  마지막위험음성:1
22:14:06  RSSI원시:-76
22:14:06  RSSI평활:-79.1
22:14:06  RSSI샘플:2240
22:14:06  RSSI경과ms:20
22:14:06  RSSI구간:1
22:14:06  RSSI거리:12.00
22:14:06  상대보정:1
22:14:06  상대보정중:0
22:14:06  보정동쪽:-7.13
22:14:06  보정북쪽:-5.77
22:14:06  위험송신:2240
22:14:07  시각ms:361055
22:14:07  IMU시각ms:361054
22:14:07  위험:0
22:14:07  원시위험:0
22:14:07  GPS유효:1
22:14:07  위도:37.496527
22:14:07  경도:126.957551
22:14:07  속도:0.96
22:14:07  방향:98.7
22:14:07  이동방향유효:1
22:14:07  GPS이동방향:98.7
22:14:07  차체방향유효:1
22:14:07  차체방향:97.1
22:14:07  후진판정:0
22:14:07  IMU요회전속도:-1.05
22:14:07  방향가속도크기:7.92
22:14:07  방향자이로크기:50.62
22:14:07  방향자세cos:0.8146
22:14:07  자기모델잔차:21.35
22:14:07  자기모델반경:2.074
22:14:07  방향채택:0
22:14:07  방향거부:44463
22:14:07  GPS원시속도:0.962
22:14:07  GPS원시방향유효:1
22:14:07  GPS원시방향:99.5
22:14:07  가속도:0.31,1.92,7.68
22:14:07  자이로:-6.4,-50.0,4.3
22:14:07  자력계:9.600,40.350,10.200
22:14:07  충격값:2.43
22:14:07  충격피크:9.71
22:14:07  마지막충격발생값:0.00
22:14:07  마지막충격발생ms:0
22:14:07  송신:3430
22:14:07  지팡이수신:2246
22:14:07  GPS위성:9
22:14:07  GPS_HDOP:0.94
22:14:07  원시위도:37.496527
22:14:07  원시경도:126.957550
22:14:07  GPS채택:1760
22:14:07  GPS이상치거부:1
22:14:07  GPS품질거부:1
22:14:07  GPS재기준:0
22:14:07  계산거리:-1.00
22:14:07  접근속도:0.00
22:14:07  TTC:999.00
22:14:07  방향오차:0.0
22:14:07  전방여부:0
22:14:07  위험음성횟수:92
22:14:07  충격음성횟수:0
22:14:07  마지막위험음성:1
22:14:07  RSSI원시:-83
22:14:07  RSSI평활:-81.2
22:14:07  RSSI샘플:2246
22:14:07  RSSI경과ms:38
22:14:07  RSSI구간:1
22:14:07  RSSI거리:12.00
22:14:07  상대보정:1
22:14:07  상대보정중:0
22:14:07  보정동쪽:-7.13
22:14:07  보정북쪽:-5.77
22:14:07  위험송신:2246
22:14:07  시각ms:361267
22:14:07  IMU시각ms:361266
22:14:07  위험:0
22:14:07  원시위험:0
22:14:07  GPS유효:1
22:14:07  위도:37.496527
22:14:07  경도:126.957554
22:14:07  속도:0.98
22:14:07  방향:98.8
22:14:07  이동방향유효:1
22:14:07  GPS이동방향:98.8
22:14:07  차체방향유효:1
22:14:07  차체방향:96.5
22:14:07  후진판정:0
22:14:07  IMU요회전속도:-13.25
22:14:07  방향가속도크기:11.49
22:14:07  방향자이로크기:23.92
22:14:07  방향자세cos:0.8531
22:14:07  자기모델잔차:19.51
22:14:07  자기모델반경:2.112
22:14:07  방향채택:0
22:14:07  방향거부:44489
22:14:07  GPS원시속도:1.008
22:14:07  GPS원시방향유효:1
22:14:07  GPS원시방향:99.0
22:14:07  가속도:-6.39,-0.21,9.54
22:14:07  자이로:9.8,14.6,16.3
22:14:07  자력계:9.900,42.000,10.500
22:14:07  충격값:5.90
22:14:07  충격피크:10.20
22:14:07  마지막충격발생값:0.00
22:14:07  마지막충격발생ms:0
22:14:07  송신:3432
22:14:07  지팡이수신:2247
22:14:07  GPS위성:9
22:14:07  GPS_HDOP:0.94
22:14:07  원시위도:37.496527
22:14:07  원시경도:126.957552
22:14:07  GPS채택:1761
22:14:07  GPS이상치거부:1
22:14:07  GPS품질거부:1
22:14:07  GPS재기준:0
22:14:07  계산거리:-1.00
22:14:07  접근속도:0.00
22:14:07  TTC:999.00
22:14:07  방향오차:0.0
22:14:07  전방여부:0
22:14:07  위험음성횟수:92
22:14:07  충격음성횟수:0
22:14:07  마지막위험음성:1
22:14:07  RSSI원시:-77
22:14:07  RSSI평활:-80.4
22:14:07  RSSI샘플:2247
22:14:07  RSSI경과ms:43
22:14:07  RSSI구간:1
22:14:07  RSSI거리:12.00
22:14:07  상대보정:1
22:14:07  상대보정중:0
22:14:07  보정동쪽:-7.13
22:14:07  보정북쪽:-5.77
22:14:07  위험송신:2247
22:14:07  시각ms:361373
22:14:07  IMU시각ms:361372
22:14:07  위험:0
22:14:07  원시위험:0
22:14:07  GPS유효:1
22:14:07  위도:37.496527
22:14:07  경도:126.957555
22:14:07  속도:1.00
22:14:07  방향:97.6
22:14:07  이동방향유효:1
22:14:07  GPS이동방향:97.6
22:14:07  차체방향유효:1
22:14:07  차체방향:96.2
22:14:07  후진판정:0
22:14:07  IMU요회전속도:0.00
22:14:07  방향가속도크기:17.22
22:14:07  방향자이로크기:23.44
22:14:07  방향자세cos:0.9130
22:14:07  자기모델잔차:20.20
22:14:07  자기모델반경:2.140
22:14:07  방향채택:0
22:14:07  방향거부:44502
22:14:07  GPS원시속도:1.019
22:14:07  GPS원시방향유효:1
22:14:07  GPS원시방향:95.5
22:14:07  가속도:-4.86,2.18,16.38
22:14:07  자이로:6.5,-22.4,2.4
22:14:07  자력계:8.850,42.600,10.200
22:14:07  충격값:8.37
22:14:07  충격피크:11.81
22:14:07  마지막충격발생값:0.00
22:14:07  마지막충격발생ms:0
22:14:07  송신:3433
22:14:07  지팡이수신:2248
22:14:07  GPS위성:9
22:14:07  GPS_HDOP:0.94
22:14:07  원시위도:37.496527
22:14:07  원시경도:126.957555
22:14:07  GPS채택:1762
22:14:07  GPS이상치거부:1
22:14:07  GPS품질거부:1
22:14:07  GPS재기준:0
22:14:07  계산거리:-1.00
22:14:07  접근속도:0.00
22:14:07  TTC:999.00
22:14:07  방향오차:0.0
22:14:07  전방여부:0
22:14:07  위험음성횟수:92
22:14:07  충격음성횟수:0
22:14:07  마지막위험음성:1
22:14:07  RSSI원시:-83
22:14:07  RSSI평활:-80.9
22:14:07  RSSI샘플:2248
22:14:07  RSSI경과ms:47
22:14:07  RSSI구간:1
22:14:07  RSSI거리:12.00
22:14:07  상대보정:1
22:14:07  상대보정중:0
22:14:07  보정동쪽:-7.13
22:14:07  보정북쪽:-5.77
22:14:07  위험송신:2248
22:14:08  시각ms:362193
22:14:08  IMU시각ms:362192
22:14:08  위험:0
22:14:08  원시위험:0
22:14:08  GPS유효:1
22:14:08  위도:37.496526
22:14:08  경도:126.957564
22:14:08  속도:0.98
22:14:08  방향:97.2
22:14:08  이동방향유효:1
22:14:08  GPS이동방향:97.2
22:14:08  차체방향유효:1
22:14:08  차체방향:106.4
22:14:08  후진판정:0
22:14:08  IMU요회전속도:0.20
22:14:08  방향가속도크기:8.95
22:14:08  방향자이로크기:23.71
22:14:08  방향자세cos:0.6700
22:14:08  자기모델잔차:19.88
22:14:08  자기모델반경:1.959
22:14:08  방향채택:0
22:14:08  방향거부:44609
22:14:08  GPS원시속도:0.921
22:14:08  GPS원시방향유효:1
22:14:08  GPS원시방향:99.9
22:14:08  가속도:-3.80,-5.33,6.11
22:14:08  자이로:21.9,8.6,-2.9
22:14:08  자력계:12.000,37.500,11.400
22:14:08  충격값:7.46
22:14:08  충격피크:13.39
22:14:08  마지막충격발생값:0.00
22:14:08  마지막충격발생ms:0
22:14:08  송신:3441
22:14:08  지팡이수신:2251
22:14:08  GPS위성:9
22:14:08  GPS_HDOP:0.94
22:14:08  원시위도:37.496526
22:14:08  원시경도:126.957564
22:14:08  GPS채택:1766
22:14:08  GPS이상치거부:1
22:14:08  GPS품질거부:1
22:14:08  GPS재기준:0
22:14:08  계산거리:-1.00
22:14:08  접근속도:0.00
22:14:08  TTC:999.00
22:14:08  방향오차:0.0
22:14:08  전방여부:0
22:14:08  위험음성횟수:92
22:14:08  충격음성횟수:0
22:14:08  마지막위험음성:1
22:14:08  RSSI원시:-81
22:14:08  RSSI평활:-80.3
22:14:08  RSSI샘플:2251
22:14:08  RSSI경과ms:347
22:14:08  RSSI구간:1
22:14:08  RSSI거리:12.00
22:14:08  상대보정:1
22:14:08  상대보정중:0
22:14:08  보정동쪽:-7.13
22:14:08  보정북쪽:-5.77
22:14:08  위험송신:2251
22:14:08  시각ms:362506
22:14:08  IMU시각ms:362505
22:14:08  위험:0
22:14:08  원시위험:0
22:14:08  GPS유효:1
22:14:08  위도:37.496526
22:14:08  경도:126.957567
22:14:08  속도:0.96
22:14:08  방향:99.1
22:14:08  이동방향유효:1
22:14:08  GPS이동방향:99.1
22:14:08  차체방향유효:1
22:14:08  차체방향:101.6
22:14:08  후진판정:0
22:14:08  IMU요회전속도:-38.77
22:14:08  방향가속도크기:12.84
22:14:08  방향자이로크기:42.39
22:14:08  방향자세cos:0.9885
22:14:08  자기모델잔차:21.14
22:14:08  자기모델반경:2.010
22:14:08  방향채택:0
22:14:08  방향거부:44649
22:14:08  GPS원시속도:0.936
22:14:08  GPS원시방향유효:1
22:14:08  GPS원시방향:102.6
22:14:08  가속도:-1.49,-1.08,12.70
22:14:08  자이로:4.9,-5.6,41.7
22:14:08  자력계:11.400,38.100,11.250
22:14:08  충격값:3.95
22:14:08  충격피크:8.97
22:14:08  마지막충격발생값:0.00
22:14:08  마지막충격발생ms:0
22:14:08  송신:3444
22:14:08  지팡이수신:2253
22:14:08  GPS위성:9
22:14:08  GPS_HDOP:0.94
22:14:08  원시위도:37.496526
22:14:08  원시경도:126.957566
22:14:08  GPS채택:1767
22:14:08  GPS이상치거부:1
22:14:08  GPS품질거부:1
22:14:08  GPS재기준:0
22:14:08  계산거리:-1.00
22:14:08  접근속도:0.00
22:14:08  TTC:999.00
22:14:08  방향오차:0.0
22:14:08  전방여부:0
22:14:08  위험음성횟수:92
22:14:08  충격음성횟수:0
22:14:08  마지막위험음성:1
22:14:08  RSSI원시:-80
22:14:08  RSSI평활:-79.6
22:14:08  RSSI샘플:2253
22:14:08  RSSI경과ms:37
22:14:08  RSSI구간:1
22:14:08  RSSI거리:12.00
22:14:08  상대보정:1
22:14:08  상대보정중:0
22:14:08  보정동쪽:-7.13
22:14:08  보정북쪽:-5.77
22:14:08  위험송신:2253
22:14:08  시각ms:362607
22:14:08  IMU시각ms:362606
22:14:08  위험:0
22:14:08  원시위험:0
22:14:08  GPS유효:1
22:14:08  위도:37.496525
22:14:08  경도:126.957568
22:14:08  속도:0.99
22:14:08  방향:101.4
22:14:08  이동방향유효:1
22:14:08  GPS이동방향:101.4
22:14:08  차체방향유효:1
22:14:08  차체방향:97.7
22:14:08  후진판정:0
22:14:08  IMU요회전속도:-45.27
22:14:08  방향가속도크기:12.88
22:14:08  방향자이로크기:56.07
22:14:08  방향자세cos:0.5514
22:14:08  자기모델잔차:21.14
22:14:08  자기모델반경:2.010
22:14:08  방향채택:0
22:14:08  방향거부:44663
22:14:08  GPS원시속도:1.019
22:14:08  GPS원시방향유효:1
22:14:08  GPS원시방향:105.6
22:14:08  가속도:-2.17,4.37,11.92
22:14:08  자이로:22.7,-15.7,48.8
22:14:08  자력계:9.900,40.050,12.300
22:14:08  충격값:4.95
22:14:08  충격피크:15.58
22:14:08  마지막충격발생값:0.00
22:14:08  마지막충격발생ms:0
22:14:08  송신:3445
22:14:08  지팡이수신:2253
22:14:08  GPS위성:9
22:14:08  GPS_HDOP:0.94
22:14:08  원시위도:37.496525
22:14:08  원시경도:126.957568
22:14:08  GPS채택:1768
22:14:08  GPS이상치거부:1
22:14:08  GPS품질거부:1
22:14:08  GPS재기준:0
22:14:08  계산거리:-1.00
22:14:08  접근속도:0.00
22:14:08  TTC:999.00
22:14:08  방향오차:0.0
22:14:08  전방여부:0
22:14:08  위험음성횟수:92
22:14:08  충격음성횟수:0
22:14:08  마지막위험음성:1
22:14:08  RSSI원시:-80
22:14:08  RSSI평활:-79.6
22:14:08  RSSI샘플:2253
22:14:08  RSSI경과ms:138
22:14:08  RSSI구간:1
22:14:08  RSSI거리:12.00
22:14:08  상대보정:1
22:14:08  상대보정중:0
22:14:08  보정동쪽:-7.13
22:14:08  보정북쪽:-5.77
22:14:08  위험송신:2253
22:14:08  시각ms:362706
22:14:08  IMU시각ms:362706
22:14:08  위험:0
22:14:08  원시위험:0
22:14:08  GPS유효:1
22:14:08  위도:37.496525
22:14:08  경도:126.957569
22:14:08  속도:0.99
22:14:08  방향:101.4
22:14:08  이동방향유효:1
22:14:08  GPS이동방향:101.4
22:14:08  차체방향유효:1
22:14:08  차체방향:93.5
22:14:08  후진판정:0
22:14:08  IMU요회전속도:-47.08
22:14:08  방향가속도크기:3.89
22:14:08  방향자이로크기:53.94
22:14:08  방향자세cos:0.5514
22:14:08  자기모델잔차:21.14
22:14:08  자기모델반경:2.010
22:14:08  방향채택:0
22:14:08  방향거부:44675
22:14:08  GPS원시속도:1.019
22:14:08  GPS원시방향유효:1
22:14:08  GPS원시방향:105.6
22:14:08  가속도:2.04,-1.30,3.05
22:14:08  자이로:20.9,3.2,49.6
22:14:08  자력계:8.700,41.250,12.750
22:14:08  충격값:7.37
22:14:08  충격피크:13.00
22:14:08  마지막충격발생값:0.00
22:14:08  마지막충격발생ms:0
22:14:08  송신:3446
22:14:08  지팡이수신:2254
22:14:08  GPS위성:9
22:14:08  GPS_HDOP:0.94
22:14:08  원시위도:37.496525
22:14:08  원시경도:126.957568
22:14:08  GPS채택:1768
22:14:08  GPS이상치거부:1
22:14:08  GPS품질거부:1
22:14:08  GPS재기준:0
22:14:08  계산거리:-1.00
22:14:08  접근속도:0.00
22:14:08  TTC:999.00
22:14:08  방향오차:0.0
22:14:08  전방여부:0
22:14:08  위험음성횟수:92
22:14:08  충격음성횟수:0
22:14:08  마지막위험음성:1
22:14:08  RSSI원시:-78
22:14:08  RSSI평활:-79.3
22:14:08  RSSI샘플:2254
22:14:08  RSSI경과ms:24
22:14:08  RSSI구간:1
22:14:08  RSSI거리:12.00
22:14:08  상대보정:1
22:14:08  상대보정중:0
22:14:08  보정동쪽:-7.13
22:14:08  보정북쪽:-5.77
22:14:08  위험송신:2254
22:14:09  시각ms:362911
22:14:09  IMU시각ms:362911
22:14:09  위험:0
22:14:09  원시위험:0
22:14:09  GPS유효:1
22:14:09  위도:37.496525
22:14:09  경도:126.957571
22:14:09  속도:0.92
22:14:09  방향:103.4
22:14:09  이동방향유효:1
22:14:09  GPS이동방향:103.4
22:14:09  차체방향유효:1
22:14:09  차체방향:86.6
22:14:09  후진판정:0
22:14:09  IMU요회전속도:-45.46
22:14:09  방향가속도크기:13.36
22:14:09  방향자이로크기:50.11
22:14:09  방향자세cos:0.5514
22:14:09  자기모델잔차:21.14
22:14:09  자기모델반경:2.010
22:14:09  방향채택:0
22:14:09  방향거부:44700
22:14:09  GPS원시속도:0.844
22:14:09  GPS원시방향유효:1
22:14:09  GPS원시방향:107.2
22:14:09  가속도:-0.50,-1.92,13.22
22:14:09  자이로:-3.0,14.8,47.8
22:14:09  자력계:5.250,44.850,11.250
22:14:09  충격값:3.75
22:14:09  충격피크:9.68
22:14:09  마지막충격발생값:0.00
22:14:09  마지막충격발생ms:0
22:14:09  송신:3448
22:14:09  지팡이수신:2256
22:14:09  GPS위성:9
22:14:09  GPS_HDOP:0.94
22:14:09  원시위도:37.496525
22:14:09  원시경도:126.957569
22:14:09  GPS채택:1769
22:14:09  GPS이상치거부:1
22:14:09  GPS품질거부:1
22:14:09  GPS재기준:0
22:14:09  계산거리:-1.00
22:14:09  접근속도:0.00
22:14:09  TTC:999.00
22:14:09  방향오차:0.0
22:14:09  전방여부:0
22:14:09  위험음성횟수:92
22:14:09  충격음성횟수:0
22:14:09  마지막위험음성:1
22:14:09  RSSI원시:-82
22:14:09  RSSI평활:-78.8
22:14:09  RSSI샘플:2256
22:14:09  RSSI경과ms:26
22:14:09  RSSI구간:1
22:14:09  RSSI거리:12.00
22:14:09  상대보정:1
22:14:09  상대보정중:0
22:14:09  보정동쪽:-7.13
22:14:09  보정북쪽:-5.77
22:14:09  위험송신:2256
22:14:09  시각ms:363638
22:14:09  IMU시각ms:363614
22:14:09  위험:0
22:14:09  원시위험:0
22:14:09  GPS유효:1
22:14:09  위도:37.496525
22:14:09  경도:126.957578
22:14:09  속도:0.81
22:14:09  방향:90.2
22:14:09  이동방향유효:1
22:14:09  GPS이동방향:90.2
22:14:09  차체방향유효:1
22:14:09  차체방향:77.6
22:14:09  후진판정:0
22:14:09  IMU요회전속도:0.00
22:14:09  방향가속도크기:12.26
22:14:09  방향자이로크기:14.10
22:14:09  방향자세cos:0.9849
22:14:09  자기모델잔차:23.03
22:14:09  자기모델반경:2.511
22:14:09  방향채택:0
22:14:09  방향거부:44791
22:14:09  GPS원시속도:0.741
22:14:09  GPS원시방향유효:1
22:14:09  GPS원시방향:80.4
22:14:09  가속도:0.99,2.06,12.04
22:14:09  자이로:-0.3,-14.1,1.1
22:14:09  자력계:-0.300,52.650,11.550
22:14:09  충격값:2.67
22:14:09  충격피크:8.16
22:14:09  마지막충격발생값:0.00
22:14:09  마지막충격발생ms:0
22:14:09  송신:3455
22:14:09  지팡이수신:2260
22:14:09  GPS위성:9
22:14:09  GPS_HDOP:0.94
22:14:09  원시위도:37.496526
22:14:09  원시경도:126.957577
22:14:09  GPS채택:1773
22:14:09  GPS이상치거부:1
22:14:09  GPS품질거부:1
22:14:09  GPS재기준:0
22:14:09  계산거리:-1.00
22:14:09  접근속도:0.00
22:14:09  TTC:999.00
22:14:09  방향오차:0.0
22:14:09  전방여부:0
22:14:09  위험음성횟수:92
22:14:09  충격음성횟수:0
22:14:09  마지막위험음성:1
22:14:09  RSSI원시:-85
22:14:09  RSSI평활:-80.3
22:14:09  RSSI샘플:2260
22:14:09  RSSI경과ms:27
22:14:09  RSSI구간:1
22:14:09  RSSI거리:12.00
22:14:09  상대보정:1
22:14:09  상대보정중:0
22:14:09  보정동쪽:-7.13
22:14:09  보정북쪽:-5.77
22:14:09  위험송신:2260
22:14:10  시각ms:364049
22:14:10  IMU시각ms:364025
22:14:10  위험:0
22:14:10  원시위험:0
22:14:10  GPS유효:1
22:14:10  위도:37.496527
22:14:10  경도:126.957580
22:14:10  속도:0.70
22:14:10  방향:81.2
22:14:10  이동방향유효:1
22:14:10  GPS이동방향:81.2
22:14:10  차체방향유효:1
22:14:10  차체방향:78.2
22:14:10  후진판정:0
22:14:10  IMU요회전속도:0.00
22:14:10  방향가속도크기:15.04
22:14:10  방향자이로크기:14.95
22:14:10  방향자세cos:0.9848
22:14:10  자기모델잔차:22.86
22:14:10  자기모델반경:2.557
22:14:10  방향채택:0
22:14:10  방향거부:44835
22:14:10  GPS원시속도:0.628
22:14:10  GPS원시방향유효:1
22:14:10  GPS원시방향:74.1
22:14:10  가속도:1.50,2.63,14.73
22:14:10  자이로:0.0,14.9,-0.4
22:14:10  자력계:-1.650,54.000,11.700
22:14:10  충격값:5.37
22:14:10  충격피크:5.37
22:14:10  마지막충격발생값:0.00
22:14:10  마지막충격발생ms:0
22:14:10  송신:3459
22:14:10  지팡이수신:2264
22:14:10  GPS위성:9
22:14:10  GPS_HDOP:0.94
22:14:10  원시위도:37.496527
22:14:10  원시경도:126.957579
22:14:10  GPS채택:1775
22:14:10  GPS이상치거부:1
22:14:10  GPS품질거부:1
22:14:10  GPS재기준:0
22:14:10  계산거리:-1.00
22:14:10  접근속도:0.00
22:14:10  TTC:999.00
22:14:10  방향오차:0.0
22:14:10  전방여부:0
22:14:10  위험음성횟수:92
22:14:10  충격음성횟수:0
22:14:10  마지막위험음성:1
22:14:10  RSSI원시:-86
22:14:10  RSSI평활:-81.2
22:14:10  RSSI샘플:2264
22:14:10  RSSI경과ms:27
22:14:10  RSSI구간:1
22:14:10  RSSI거리:12.00
22:14:10  상대보정:1
22:14:10  상대보정중:0
22:14:10  보정동쪽:-7.13
22:14:10  보정북쪽:-5.77
22:14:10  위험송신:2264
22:14:10  시각ms:364767
22:14:11  IMU시각ms:364766
22:14:11  위험:0
22:14:11  원시위험:0
22:14:11  GPS유효:1
22:14:11  위도:37.496527
22:14:11  경도:126.957582
22:14:11  속도:0.18
22:14:11  방향:77.9
22:14:11  이동방향유효:0
22:14:11  GPS이동방향:77.9
22:14:11  차체방향유효:1
22:14:11  차체방향:78.0
22:14:11  후진판정:0
22:14:11  IMU요회전속도:0.00
22:14:11  방향가속도크기:10.23
22:14:11  방향자이로크기:9.21
22:14:11  방향자세cos:0.9971
22:14:11  자기모델잔차:23.08
22:14:11  자기모델반경:2.576
22:14:11  방향채택:0
22:14:11  방향거부:44925
22:14:11  GPS원시속도:0.062
22:14:11  GPS원시방향유효:1
22:14:11  GPS원시방향:67.0
22:14:11  가속도:-1.24,0.53,10.14
22:14:11  자이로:7.0,5.8,-1.4
22:14:11  자력계:-1.650,54.450,11.400
22:14:11  충격값:1.12
22:14:11  충격피크:3.61
22:14:11  마지막충격발생값:0.00
22:14:11  마지막충격발생ms:0
22:14:11  송신:3466
22:14:11  지팡이수신:2268
22:14:11  GPS위성:9
22:14:11  GPS_HDOP:0.94
22:14:11  원시위도:37.496527
22:14:11  원시경도:126.957581
22:14:11  GPS채택:1779
22:14:11  GPS이상치거부:1
22:14:11  GPS품질거부:1
22:14:11  GPS재기준:0
22:14:11  계산거리:-1.00
22:14:11  접근속도:0.00
22:14:11  TTC:999.00
22:14:11  방향오차:0.0
22:14:11  전방여부:0
22:14:11  위험음성횟수:92
22:14:11  충격음성횟수:0
22:14:11  마지막위험음성:1
22:14:11  RSSI원시:-84
22:14:11  RSSI평활:-82.5
22:14:11  RSSI샘플:2268
22:14:11  RSSI경과ms:333
22:14:11  RSSI구간:1
22:14:11  RSSI거리:12.00
22:14:11  상대보정:1
22:14:11  상대보정중:0
22:14:11  보정동쪽:-7.13
22:14:11  보정북쪽:-5.77
22:14:11  위험송신:2268
22:14:11  시각ms:365068
22:14:11  IMU시각ms:365067
22:14:11  위험:0
22:14:11  원시위험:0
22:14:11  GPS유효:1
22:14:11  위도:37.496527
22:14:11  경도:126.957582
22:14:11  속도:0.15
22:14:11  방향:77.9
22:14:11  이동방향유효:0
22:14:11  GPS이동방향:77.9
22:14:11  차체방향유효:1
22:14:11  차체방향:78.1
22:14:11  후진판정:0
22:14:11  IMU요회전속도:0.00
22:14:11  방향가속도크기:9.78
22:14:11  방향자이로크기:1.82
22:14:11  방향자세cos:1.0000
22:14:11  자기모델잔차:24.57
22:14:11  자기모델반경:2.617
22:14:11  방향채택:0
22:14:11  방향거부:44967
22:14:11  GPS원시속도:0.123
22:14:11  GPS원시방향유효:1
22:14:11  GPS원시방향:67.0
22:14:11  가속도:-0.52,0.45,9.75
22:14:11  자이로:0.9,0.0,1.6
22:14:11  자력계:-2.250,55.800,12.750
22:14:11  충격값:0.16
22:14:11  충격피크:0.26
22:14:11  마지막충격발생값:0.00
22:14:11  마지막충격발생ms:0
22:14:11  송신:3469
22:14:11  지팡이수신:2268
22:14:11  GPS위성:9
22:14:11  GPS_HDOP:0.94
22:14:11  원시위도:37.496527
22:14:11  원시경도:126.957580
22:14:11  GPS채택:1780
22:14:11  GPS이상치거부:1
22:14:11  GPS품질거부:1
22:14:11  GPS재기준:0
22:14:11  계산거리:-1.00
22:14:11  접근속도:0.00
22:14:11  TTC:999.00
22:14:11  방향오차:0.0
22:14:11  전방여부:0
22:14:11  위험음성횟수:92
22:14:11  충격음성횟수:0
22:14:11  마지막위험음성:1
22:14:11  RSSI원시:-84
22:14:11  RSSI평활:-82.5
22:14:11  RSSI샘플:2268
22:14:11  RSSI경과ms:634
22:14:11  RSSI구간:1
22:14:11  RSSI거리:12.00
22:14:11  상대보정:1
22:14:11  상대보정중:0
22:14:11  보정동쪽:-7.13
22:14:11  보정북쪽:-5.77
22:14:11  위험송신:2268
22:14:11  시각ms:365273
22:14:11  IMU시각ms:365272
22:14:11  위험:0
22:14:11  원시위험:0
22:14:11  GPS유효:1
22:14:11  위도:37.496527
22:14:11  경도:126.957582
22:14:11  속도:0.10
22:14:11  방향:77.9
22:14:11  이동방향유효:0
22:14:11  GPS이동방향:77.9
22:14:11  차체방향유효:1
22:14:11  차체방향:78.0
22:14:11  후진판정:0
22:14:11  IMU요회전속도:0.00
22:14:11  방향가속도크기:9.79
22:14:11  방향자이로크기:1.60
22:14:11  방향자세cos:0.9999
22:14:11  자기모델잔차:23.33
22:14:11  자기모델반경:2.558
22:14:11  방향채택:0
22:14:11  방향거부:44994
22:14:11  GPS원시속도:0.051
22:14:11  GPS원시방향유효:1
22:14:11  GPS원시방향:67.0
22:14:11  가속도:-0.58,0.44,9.76
22:14:11  자이로:-0.1,1.3,-0.9
22:14:11  자력계:-1.200,54.000,11.700
22:14:11  충격값:0.15
22:14:11  충격피크:0.18
22:14:11  마지막충격발생값:0.00
22:14:11  마지막충격발생ms:0
22:14:11  송신:3471
22:14:11  지팡이수신:2268
22:14:11  GPS위성:9
22:14:11  GPS_HDOP:0.94
22:14:11  원시위도:37.496527
22:14:11  원시경도:126.957580
22:14:11  GPS채택:1781
22:14:11  GPS이상치거부:1
22:14:11  GPS품질거부:1
22:14:11  GPS재기준:0
22:14:11  계산거리:-1.00
22:14:11  접근속도:0.00
22:14:11  TTC:999.00
22:14:11  방향오차:0.0
22:14:11  전방여부:0
22:14:11  위험음성횟수:92
22:14:11  충격음성횟수:0
22:14:11  마지막위험음성:1
22:14:11  RSSI원시:-84
22:14:11  RSSI평활:-82.5
22:14:11  RSSI샘플:2268
22:14:11  RSSI경과ms:839
22:14:11  RSSI구간:1
22:14:11  RSSI거리:12.00
22:14:11  상대보정:1
22:14:11  상대보정중:0
22:14:11  보정동쪽:-7.13
22:14:11  보정북쪽:-5.77
22:14:11  위험송신:2268
22:14:12  시각ms:365885
22:14:12  IMU시각ms:365884
22:14:12  위험:0
22:14:12  원시위험:0
22:14:12  GPS유효:1
22:14:12  위도:37.496527
22:14:12  경도:126.957581
22:14:12  속도:0.02
22:14:12  방향:77.9
22:14:12  이동방향유효:0
22:14:12  GPS이동방향:77.9
22:14:12  차체방향유효:1
22:14:12  차체방향:78.0
22:14:12  후진판정:0
22:14:12  IMU요회전속도:0.00
22:14:12  방향가속도크기:9.74
22:14:12  방향자이로크기:2.14
22:14:12  방향자세cos:0.9999
22:14:12  자기모델잔차:23.12
22:14:12  자기모델반경:2.606
22:14:12  방향채택:0
22:14:12  방향거부:45076
22:14:12  GPS원시속도:0.015
22:14:12  GPS원시방향유효:1
22:14:12  GPS원시방향:67.0
22:14:12  가속도:-0.42,0.37,9.72
22:14:12  자이로:1.5,-0.1,1.6
22:14:12  자력계:-3.900,54.900,11.400
22:14:12  충격값:0.12
22:14:12  충격피크:0.18
22:14:12  마지막충격발생값:0.00
22:14:12  마지막충격발생ms:0
22:14:12  송신:3477
22:14:12  지팡이수신:2270
22:14:12  GPS위성:9
22:14:12  GPS_HDOP:0.94
22:14:12  원시위도:37.496527
22:14:12  원시경도:126.957580
22:14:12  GPS채택:1784
22:14:12  GPS이상치거부:1
22:14:12  GPS품질거부:1
22:14:12  GPS재기준:0
22:14:12  계산거리:-1.00
22:14:12  접근속도:0.00
22:14:12  TTC:999.00
22:14:12  방향오차:0.0
22:14:12  전방여부:0
22:14:12  위험음성횟수:92
22:14:12  충격음성횟수:0
22:14:12  마지막위험음성:1
22:14:12  RSSI원시:-81
22:14:12  RSSI평활:-81.0
22:14:12  RSSI샘플:2270
22:14:12  RSSI경과ms:302
22:14:12  RSSI구간:1
22:14:12  RSSI거리:12.00
22:14:12  상대보정:1
22:14:12  상대보정중:0
22:14:12  보정동쪽:-7.13
22:14:12  보정북쪽:-5.77
22:14:12  위험송신:2270
22:14:12  시각ms:365990
22:14:12  IMU시각ms:365989
22:14:12  위험:0
22:14:12  원시위험:0
22:14:12  GPS유효:1
22:14:12  위도:37.496527
22:14:12  경도:126.957581
22:14:12  속도:0.01
22:14:12  방향:77.9
22:14:12  이동방향유효:0
22:14:12  GPS이동방향:77.9
22:14:12  차체방향유효:1
22:14:12  차체방향:78.0
22:14:12  후진판정:0
22:14:12  IMU요회전속도:0.00
22:14:12  방향가속도크기:9.74
22:14:12  방향자이로크기:2.93
22:14:12  방향자세cos:0.9996
22:14:12  자기모델잔차:23.66
22:14:12  자기모델반경:2.570
22:14:12  방향채택:0
22:14:12  방향거부:45089
22:14:12  GPS원시속도:0.005
22:14:12  GPS원시방향유효:1
22:14:12  GPS원시방향:67.0
22:14:12  가속도:-0.54,0.22,9.72
22:14:12  자이로:2.1,-1.6,-1.3
22:14:12  자력계:-1.800,54.300,12.000
22:14:12  충격값:0.10
22:14:12  충격피크:0.17
22:14:12  마지막충격발생값:0.00
22:14:12  마지막충격발생ms:0
22:14:12  송신:3478
22:14:12  지팡이수신:2271
22:14:12  GPS위성:9
22:14:12  GPS_HDOP:0.94
22:14:12  원시위도:37.496527
22:14:12  원시경도:126.957580
22:14:12  GPS채택:1785
22:14:12  GPS이상치거부:1
22:14:12  GPS품질거부:1
22:14:12  GPS재기준:0
22:14:12  계산거리:-1.00
22:14:12  접근속도:0.00
22:14:12  TTC:999.00
22:14:12  방향오차:0.0
22:14:12  전방여부:0
22:14:12  위험음성횟수:92
22:14:12  충격음성횟수:0
22:14:12  마지막위험음성:1
22:14:12  RSSI원시:-83
22:14:12  RSSI평활:-81.4
22:14:12  RSSI샘플:2271
22:14:12  RSSI경과ms:94
22:14:12  RSSI구간:1
22:14:12  RSSI거리:12.00
22:14:12  상대보정:1
22:14:12  상대보정중:0
22:14:12  보정동쪽:-7.13
22:14:12  보정북쪽:-5.77
22:14:12  위험송신:2271
22:14:12  시각ms:366090
22:14:12  IMU시각ms:366089
22:14:12  위험:0
22:14:12  원시위험:0
22:14:12  GPS유효:1
22:14:12  위도:37.496527
22:14:12  경도:126.957581
22:14:12  속도:0.01
22:14:12  방향:77.9
22:14:12  이동방향유효:0
22:14:12  GPS이동방향:77.9
22:14:12  차체방향유효:1
22:14:12  차체방향:78.0
22:14:12  후진판정:0
22:14:12  IMU요회전속도:0.00
22:14:12  방향가속도크기:9.82
22:14:12  방향자이로크기:2.85
22:14:12  방향자세cos:0.9998
22:14:12  자기모델잔차:22.38
22:14:12  자기모델반경:2.546
22:14:12  방향채택:0
22:14:12  방향거부:45101
22:14:12  GPS원시속도:0.005
22:14:12  GPS원시방향유효:1
22:14:12  GPS원시방향:67.0
22:14:12  가속도:-0.56,0.30,9.80
22:14:12  자이로:0.6,2.7,-0.8
22:14:12  자력계:-1.050,53.550,10.800
22:14:12  충격값:0.09
22:14:12  충격피크:0.17
22:14:12  마지막충격발생값:0.00
22:14:12  마지막충격발생ms:0
22:14:12  송신:3479
22:14:12  지팡이수신:2272
22:14:12  GPS위성:9
22:14:12  GPS_HDOP:0.94
22:14:12  원시위도:37.496527
22:14:12  원시경도:126.957580
22:14:12  GPS채택:1785
22:14:12  GPS이상치거부:1
22:14:12  GPS품질거부:1
22:14:12  GPS재기준:0
22:14:12  계산거리:-1.00
22:14:12  접근속도:0.00
22:14:12  TTC:999.00
22:14:12  방향오차:0.0
22:14:12  전방여부:0
22:14:12  위험음성횟수:92
22:14:12  충격음성횟수:0
22:14:12  마지막위험음성:1
22:14:12  RSSI원시:-81
22:14:12  RSSI평활:-81.3
22:14:12  RSSI샘플:2272
22:14:12  RSSI경과ms:91
22:14:12  RSSI구간:1
22:14:12  RSSI거리:12.00
22:14:12  상대보정:1
22:14:12  상대보정중:0
22:14:12  보정동쪽:-7.13
22:14:12  보정북쪽:-5.77
22:14:12  위험송신:2272
22:14:12  시각ms:366193
22:14:12  IMU시각ms:366192
22:14:12  위험:0
22:14:12  원시위험:0
22:14:12  GPS유효:1
22:14:12  위도:37.496527
22:14:12  경도:126.957581
22:14:12  속도:0.01
22:14:12  방향:77.9
22:14:12  이동방향유효:0
22:14:12  GPS이동방향:77.9
22:14:12  차체방향유효:1
22:14:12  차체방향:78.1
22:14:12  후진판정:0
22:14:12  IMU요회전속도:0.00
22:14:12  방향가속도크기:8.13
22:14:12  방향자이로크기:3.58
22:14:12  방향자세cos:0.9926
22:14:12  자기모델잔차:22.84
22:14:12  자기모델반경:2.540
22:14:12  방향채택:0
22:14:12  방향거부:45112
22:14:12  GPS원시속도:0.010
22:14:12  GPS원시방향유효:1
22:14:12  GPS원시방향:67.0
22:14:12  가속도:-0.95,-0.40,8.06
22:14:12  자이로:-3.0,-1.5,-1.1
22:14:12  자력계:-0.300,53.550,11.250
22:14:12  충격값:1.96
22:14:12  충격피크:5.04
22:14:12  마지막충격발생값:0.00
22:14:12  마지막충격발생ms:0
22:14:12  송신:3480
22:14:12  지팡이수신:2273
22:14:12  GPS위성:9
22:14:12  GPS_HDOP:0.94
22:14:12  원시위도:37.496527
22:14:12  원시경도:126.957581
22:14:12  GPS채택:1786
22:14:12  GPS이상치거부:1
22:14:12  GPS품질거부:1
22:14:12  GPS재기준:0
22:14:12  계산거리:-1.00
22:14:12  접근속도:0.00
22:14:12  TTC:999.00
22:14:12  방향오차:0.0
22:14:12  전방여부:0
22:14:12  위험음성횟수:92
22:14:12  충격음성횟수:0
22:14:12  마지막위험음성:1
22:14:12  RSSI원시:-81
22:14:12  RSSI평활:-81.3
22:14:12  RSSI샘플:2273
22:14:12  RSSI경과ms:91
22:14:12  RSSI구간:1
22:14:12  RSSI거리:12.00
22:14:12  상대보정:1
22:14:12  상대보정중:0
22:14:12  보정동쪽:-7.13
22:14:12  보정북쪽:-5.77
22:14:12  위험송신:2273
22:14:12  시각ms:366299
22:14:12  IMU시각ms:366298
22:14:12  위험:0
22:14:12  원시위험:0
22:14:12  GPS유효:1
22:14:12  위도:37.496527
22:14:12  경도:126.957581
22:14:12  속도:0.01
22:14:12  방향:77.9
22:14:12  이동방향유효:0
22:14:12  GPS이동방향:77.9
22:14:12  차체방향유효:1
22:14:12  차체방향:78.0
22:14:12  후진판정:0
22:14:12  IMU요회전속도:0.00
22:14:12  방향가속도크기:9.90
22:14:12  방향자이로크기:3.40
22:14:12  방향자세cos:0.9905
22:14:12  자기모델잔차:21.01
22:14:12  자기모델반경:2.538
22:14:12  방향채택:0
22:14:12  방향거부:45125
22:14:12  GPS원시속도:0.010
22:14:12  GPS원시방향유효:1
22:14:12  GPS원시방향:67.0
22:14:12  가속도:0.02,1.77,9.74
22:14:12  자이로:3.3,-0.3,-0.7
22:14:12  자력계:-0.450,53.250,9.450
22:14:12  충격값:1.25
22:14:12  충격피크:3.25
22:14:12  마지막충격발생값:0.00
22:14:12  마지막충격발생ms:0
22:14:12  송신:3481
22:14:12  지팡이수신:2274
22:14:12  GPS위성:9
22:14:12  GPS_HDOP:0.94
22:14:12  원시위도:37.496527
22:14:12  원시경도:126.957581
22:14:12  GPS채택:1786
22:14:12  GPS이상치거부:1
22:14:12  GPS품질거부:1
22:14:12  GPS재기준:0
22:14:12  계산거리:-1.00
22:14:12  접근속도:0.00
22:14:12  TTC:999.00
22:14:12  방향오차:0.0
22:14:12  전방여부:0
22:14:12  위험음성횟수:92
22:14:12  충격음성횟수:0
22:14:12  마지막위험음성:1
22:14:12  RSSI원시:-83
22:14:12  RSSI평활:-81.6
22:14:12  RSSI샘플:2274
22:14:12  RSSI경과ms:94
22:14:12  RSSI구간:1
22:14:12  RSSI거리:12.00
22:14:12  상대보정:1
22:14:12  상대보정중:0
22:14:12  보정동쪽:-7.13
22:14:12  보정북쪽:-5.77
22:14:12  위험송신:2274
22:14:12  시각ms:366400
22:14:12  IMU시각ms:366399
22:14:12  위험:0
22:14:12  원시위험:0
22:14:12  GPS유효:1
22:14:12  위도:37.496527
22:14:12  경도:126.957581
22:14:12  속도:0.02
22:14:12  방향:77.9
22:14:12  이동방향유효:0
22:14:12  GPS이동방향:77.9
22:14:12  차체방향유효:1
22:14:12  차체방향:78.0
22:14:12  후진판정:0
22:14:12  IMU요회전속도:0.00
22:14:12  방향가속도크기:10.40
22:14:12  방향자이로크기:6.45
22:14:12  방향자세cos:0.9934
22:14:12  자기모델잔차:23.99
22:14:12  자기모델반경:2.578
22:14:12  방향채택:0
22:14:12  방향거부:45139
22:14:12  GPS원시속도:0.021
22:14:12  GPS원시방향유효:1
22:14:12  GPS원시방향:67.0
22:14:12  가속도:0.46,-0.24,10.39
22:14:12  자이로:5.5,-2.5,2.3
22:14:12  자력계:-1.800,54.600,12.300
22:14:12  충격값:1.20
22:14:12  충격피크:1.90
22:14:12  마지막충격발생값:0.00
22:14:12  마지막충격발생ms:0
22:14:12  송신:3482
22:14:12  지팡이수신:2274
22:14:12  GPS위성:9
22:14:12  GPS_HDOP:0.94
22:14:12  원시위도:37.496527
22:14:12  원시경도:126.957581
22:14:12  GPS채택:1787
22:14:12  GPS이상치거부:1
22:14:12  GPS품질거부:1
22:14:12  GPS재기준:0
22:14:12  계산거리:-1.00
22:14:12  접근속도:0.00
22:14:12  TTC:999.00
22:14:12  방향오차:0.0
22:14:12  전방여부:0
22:14:12  위험음성횟수:92
22:14:12  충격음성횟수:0
22:14:12  마지막위험음성:1
22:14:12  RSSI원시:-83
22:14:12  RSSI평활:-81.6
22:14:12  RSSI샘플:2274
22:14:12  RSSI경과ms:195
22:14:12  RSSI구간:1
22:14:12  RSSI거리:12.00
22:14:12  상대보정:1
22:14:12  상대보정중:0
22:14:12  보정동쪽:-7.13
22:14:12  보정북쪽:-5.77
22:14:12  위험송신:2274
22:14:12  시각ms:366506
22:14:12  IMU시각ms:366505
22:14:12  위험:0
22:14:12  원시위험:0
22:14:12  GPS유효:1
22:14:12  위도:37.496527
22:14:12  경도:126.957581
22:14:12  속도:0.02
22:14:12  방향:77.9
22:14:12  이동방향유효:0
22:14:12  GPS이동방향:77.9
22:14:12  차체방향유효:1
22:14:12  차체방향:78.1
22:14:12  후진판정:0
22:14:12  IMU요회전속도:0.00
22:14:12  방향가속도크기:8.83
22:14:12  방향자이로크기:6.48
22:14:12  방향자세cos:0.9948
22:14:12  자기모델잔차:21.75
22:14:12  자기모델반경:2.538
22:14:12  방향채택:0
22:14:12  방향거부:45152
22:14:12  GPS원시속도:0.021
22:14:12  GPS원시방향유효:1
22:14:12  GPS원시방향:67.0
22:14:12  가속도:-1.16,0.91,8.71
22:14:12  자이로:6.1,-0.1,-2.1
22:14:12  자력계:-0.900,53.250,10.200
22:14:12  충격값:1.40
22:14:12  충격피크:2.77
22:14:12  마지막충격발생값:0.00
22:14:12  마지막충격발생ms:0
22:14:12  송신:3483
22:14:12  지팡이수신:2275
22:14:12  GPS위성:9
22:14:12  GPS_HDOP:0.94
22:14:12  원시위도:37.496527
22:14:12  원시경도:126.957581
22:14:12  GPS채택:1787
22:14:12  GPS이상치거부:1
22:14:12  GPS품질거부:1
22:14:12  GPS재기준:0
22:14:12  계산거리:-1.00
22:14:12  접근속도:0.00
22:14:12  TTC:999.00
22:14:12  방향오차:0.0
22:14:12  전방여부:0
22:14:12  위험음성횟수:92
22:14:12  충격음성횟수:0
22:14:12  마지막위험음성:1
22:14:12  RSSI원시:-88
22:14:12  RSSI평활:-82.9
22:14:12  RSSI샘플:2275
22:14:12  RSSI경과ms:93
22:14:12  RSSI구간:1
22:14:12  RSSI거리:12.00
22:14:12  상대보정:1
22:14:12  상대보정중:0
22:14:12  보정동쪽:-7.13
22:14:12  보정북쪽:-5.77
22:14:12  위험송신:2275
22:14:13  시각ms:367231
22:14:13  IMU시각ms:367230
22:14:13  위험:0
22:14:13  원시위험:0
22:14:13  GPS유효:1
22:14:13  위도:37.496526
22:14:13  경도:126.957579
22:14:13  속도:0.35
22:14:13  방향:77.9
22:14:13  이동방향유효:0
22:14:13  GPS이동방향:212.9
22:14:13  차체방향유효:1
22:14:13  차체방향:83.1
22:14:13  후진판정:0
22:14:13  IMU요회전속도:20.89
22:14:13  방향가속도크기:5.60
22:14:13  방향자이로크기:26.36
22:14:13  방향자세cos:0.9617
22:14:13  자기모델잔차:22.88
22:14:13  자기모델반경:2.449
22:14:13  방향채택:0
22:14:13  방향거부:45244
22:14:13  GPS원시속도:0.458
22:14:13  GPS원시방향유효:1
22:14:13  GPS원시방향:212.9
22:14:13  가속도:-0.29,-2.80,4.85
22:14:13  자이로:-8.8,0.7,-24.8
22:14:13  자력계:3.000,51.150,12.000
22:14:13  충격값:6.30
22:14:13  충격피크:7.32
22:14:13  마지막충격발생값:0.00
22:14:13  마지막충격발생ms:0
22:14:13  송신:3490
22:14:13  지팡이수신:2279
22:14:13  GPS위성:9
22:14:13  GPS_HDOP:0.94
22:14:13  원시위도:37.496526
22:14:13  원시경도:126.957577
22:14:13  GPS채택:1791
22:14:13  GPS이상치거부:1
22:14:13  GPS품질거부:1
22:14:13  GPS재기준:0
22:14:13  계산거리:-1.00
22:14:13  접근속도:0.00
22:14:13  TTC:999.00
22:14:13  방향오차:0.0
22:14:13  전방여부:0
22:14:13  위험음성횟수:92
22:14:13  충격음성횟수:0
22:14:13  마지막위험음성:1
22:14:13  RSSI원시:-81
22:14:13  RSSI평활:-81.3
22:14:13  RSSI샘플:2279
22:14:13  RSSI경과ms:93
22:14:13  RSSI구간:1
22:14:13  RSSI거리:12.00
22:14:13  상대보정:1
22:14:13  상대보정중:0
22:14:13  보정동쪽:-7.13
22:14:13  보정북쪽:-5.77
22:14:13  위험송신:2279
22:14:13  시각ms:367336
22:14:13  IMU시각ms:367335
22:14:13  위험:0
22:14:13  원시위험:0
22:14:13  GPS유효:1
22:14:13  위도:37.496526
22:14:13  경도:126.957579
22:14:13  속도:0.35
22:14:13  방향:77.9
22:14:13  이동방향유효:0
22:14:13  GPS이동방향:212.9
22:14:13  차체방향유효:1
22:14:13  차체방향:85.0
22:14:13  후진판정:0
22:14:13  IMU요회전속도:24.48
22:14:13  방향가속도크기:9.57
22:14:13  방향자이로크기:36.56
22:14:13  방향자세cos:0.7065
22:14:13  자기모델잔차:22.80
22:14:13  자기모델반경:2.416
22:14:13  방향채택:0
22:14:13  방향거부:45257
22:14:13  GPS원시속도:0.458
22:14:13  GPS원시방향유효:1
22:14:13  GPS원시방향:212.9
22:14:13  가속도:4.12,-4.77,7.20
22:14:13  자이로:-6.4,20.8,-29.4
22:14:13  자력계:3.150,51.300,12.450
22:14:13  충격값:7.54
22:14:13  충격피크:10.55
22:14:13  마지막충격발생값:0.00
22:14:13  마지막충격발생ms:0
22:14:13  송신:3491
22:14:13  지팡이수신:2280
22:14:13  GPS위성:9
22:14:13  GPS_HDOP:0.94
22:14:13  원시위도:37.496526
22:14:13  원시경도:126.957577
22:14:13  GPS채택:1791
22:14:13  GPS이상치거부:1
22:14:13  GPS품질거부:1
22:14:13  GPS재기준:0
22:14:13  계산거리:-1.00
22:14:13  접근속도:0.00
22:14:13  TTC:999.00
22:14:13  방향오차:0.0
22:14:13  전방여부:0
22:14:13  위험음성횟수:92
22:14:13  충격음성횟수:0
22:14:13  마지막위험음성:1
22:14:13  RSSI원시:-83
22:14:13  RSSI평활:-81.7
22:14:13  RSSI샘플:2280
22:14:13  RSSI경과ms:95
22:14:13  RSSI구간:1
22:14:13  RSSI거리:12.00
22:14:13  상대보정:1
22:14:13  상대보정중:0
22:14:13  보정동쪽:-7.13
22:14:13  보정북쪽:-5.77
22:14:13  위험송신:2280
22:14:13  시각ms:367553
22:14:13  IMU시각ms:367541
22:14:13  위험:0
22:14:13  원시위험:0
22:14:13  GPS유효:1
22:14:13  위도:37.496526
22:14:13  경도:126.957577
22:14:13  속도:0.42
22:14:13  방향:228.0
22:14:13  이동방향유효:1
22:14:13  GPS이동방향:228.0
22:14:13  차체방향유효:1
22:14:13  차체방향:84.5
22:14:13  후진판정:1
22:14:13  IMU요회전속도:20.61
22:14:13  방향가속도크기:18.12
22:14:13  방향자이로크기:33.43
22:14:13  방향자세cos:0.9565
22:14:13  자기모델잔차:22.80
22:14:13  자기모델반경:2.416
22:14:13  방향채택:0
22:14:13  방향거부:45282
22:14:13  GPS원시속도:0.458
22:14:13  GPS원시방향유효:1
22:14:13  GPS원시방향:246.7
22:14:13  가속도:2.61,4.13,17.45
22:14:13  자이로:-14.3,16.2,-25.5
22:14:13  자력계:3.300,49.500,11.250
22:14:13  충격값:8.70
22:14:13  충격피크:8.70
22:14:13  마지막충격발생값:0.00
22:14:13  마지막충격발생ms:0
22:14:13  송신:3493
22:14:13  지팡이수신:2282
22:14:13  GPS위성:9
22:14:13  GPS_HDOP:0.94
22:14:13  원시위도:37.496525
22:14:13  원시경도:126.957576
22:14:13  GPS채택:1793
22:14:13  GPS이상치거부:1
22:14:13  GPS품질거부:1
22:14:13  GPS재기준:0
22:14:13  계산거리:-1.00
22:14:13  접근속도:0.00
22:14:13  TTC:999.00
22:14:13  방향오차:0.0
22:14:13  전방여부:0
22:14:13  위험음성횟수:92
22:14:13  충격음성횟수:0
22:14:13  마지막위험음성:1
22:14:13  RSSI원시:-78
22:14:13  RSSI평활:-80.2
22:14:13  RSSI샘플:2282
22:14:13  RSSI경과ms:106
22:14:13  RSSI구간:1
22:14:13  RSSI거리:12.00
22:14:13  상대보정:1
22:14:13  상대보정중:0
22:14:13  보정동쪽:-7.13
22:14:13  보정북쪽:-5.77
22:14:13  위험송신:2282
22:14:14  시각ms:368059
22:14:14  IMU시각ms:368058
22:14:14  위험:0
22:14:14  원시위험:0
22:14:14  GPS유효:1
22:14:14  위도:37.496525
22:14:14  경도:126.957573
22:14:14  속도:0.49
22:14:14  방향:242.6
22:14:14  이동방향유효:1
22:14:14  GPS이동방향:242.6
22:14:14  차체방향유효:1
22:14:14  차체방향:89.6
22:14:14  후진판정:1
22:14:14  IMU요회전속도:27.11
22:14:14  방향가속도크기:21.02
22:14:14  방향자이로크기:35.53
22:14:14  방향자세cos:0.9689
22:14:14  자기모델잔차:22.89
22:14:14  자기모델반경:2.163
22:14:14  방향채택:0
22:14:14  방향거부:45349
22:14:14  GPS원시속도:0.520
22:14:14  GPS원시방향유효:1
22:14:14  GPS원시방향:253.3
22:14:14  가속도:2.58,0.42,20.85
22:14:14  자이로:9.0,-15.7,-30.6
22:14:14  자력계:9.600,42.300,10.650
22:14:14  충격값:11.62
22:14:14  충격피크:11.62
22:14:14  마지막충격발생값:0.00
22:14:14  마지막충격발생ms:0
22:14:14  송신:3498
22:14:14  지팡이수신:2284
22:14:14  GPS위성:9
22:14:14  GPS_HDOP:0.94
22:14:14  원시위도:37.496525
22:14:14  원시경도:126.957573
22:14:14  GPS채택:1795
22:14:14  GPS이상치거부:1
22:14:14  GPS품질거부:1
22:14:14  GPS재기준:0
22:14:14  계산거리:-1.00
22:14:14  접근속도:0.00
22:14:14  TTC:999.00
22:14:14  방향오차:0.0
22:14:14  전방여부:0
22:14:14  위험음성횟수:92
22:14:14  충격음성횟수:0
22:14:14  마지막위험음성:1
22:14:14  RSSI원시:-78
22:14:14  RSSI평활:-80.7
22:14:14  RSSI샘플:2284
22:14:14  RSSI경과ms:284
22:14:14  RSSI구간:1
22:14:14  RSSI거리:12.00
22:14:14  상대보정:1
22:14:14  상대보정중:0
22:14:14  보정동쪽:-7.13
22:14:14  보정북쪽:-5.77
22:14:14  위험송신:2284
22:14:14  시각ms:368180
22:14:14  IMU시각ms:368156
22:14:14  위험:0
22:14:14  원시위험:0
22:14:14  GPS유효:1
22:14:14  위도:37.496525
22:14:14  경도:126.957572
22:14:14  속도:0.50
22:14:14  방향:249.3
22:14:14  이동방향유효:1
22:14:14  GPS이동방향:249.3
22:14:14  차체방향유효:1
22:14:14  차체방향:88.5
22:14:14  후진판정:1
22:14:14  IMU요회전속도:0.00
22:14:14  방향가속도크기:11.81
22:14:14  방향자이로크기:57.09
22:14:14  방향자세cos:0.9601
22:14:14  자기모델잔차:22.50
22:14:14  자기모델반경:2.143
22:14:14  방향채택:0
22:14:14  방향거부:45361
22:14:14  GPS원시속도:0.504
22:14:14  GPS원시방향유효:1
22:14:14  GPS원시방향:261.6
22:14:14  가속도:-3.50,0.28,11.28
22:14:14  자이로:1.4,57.1,-0.3
22:14:14  자력계:10.200,40.950,12.000
22:14:14  충격값:3.58
22:14:14  충격피크:9.79
22:14:14  마지막충격발생값:0.00
22:14:14  마지막충격발생ms:0
22:14:14  송신:3499
22:14:14  지팡이수신:2285
22:14:14  GPS위성:9
22:14:14  GPS_HDOP:0.94
22:14:14  원시위도:37.496525
22:14:14  원시경도:126.957572
22:14:14  GPS채택:1796
22:14:14  GPS이상치거부:1
22:14:14  GPS품질거부:1
22:14:14  GPS재기준:0
22:14:14  계산거리:-1.00
22:14:14  접근속도:0.00
22:14:14  TTC:999.00
22:14:14  방향오차:0.0
22:14:14  전방여부:0
22:14:14  위험음성횟수:92
22:14:14  충격음성횟수:0
22:14:14  마지막위험음성:1
22:14:14  RSSI원시:-85
22:14:14  RSSI평활:-81.5
22:14:14  RSSI샘플:2285
22:14:14  RSSI경과ms:103
22:14:14  RSSI구간:1
22:14:14  RSSI거리:12.00
22:14:14  상대보정:1
22:14:14  상대보정중:0
22:14:14  보정동쪽:-7.13
22:14:14  보정북쪽:-5.77
22:14:14  위험송신:2285
22:14:14  시각ms:368272
22:14:14  IMU시각ms:368271
22:14:14  위험:0
22:14:14  원시위험:0
22:14:14  GPS유효:1
22:14:14  위도:37.496525
22:14:14  경도:126.957571
22:14:14  속도:0.50
22:14:14  방향:249.3
22:14:14  이동방향유효:1
22:14:14  GPS이동방향:249.3
22:14:14  차체방향유효:1
22:14:14  차체방향:88.7
22:14:14  후진판정:1
22:14:14  IMU요회전속도:0.00
22:14:14  방향가속도크기:8.24
22:14:14  방향자이로크기:25.95
22:14:14  방향자세cos:0.8910
22:14:14  자기모델잔차:22.31
22:14:14  자기모델반경:2.090
22:14:14  방향채택:0
22:14:14  방향거부:45372
22:14:14  GPS원시속도:0.504
22:14:14  GPS원시방향유효:1
22:14:14  GPS원시방향:261.6
22:14:14  가속도:-3.62,2.13,7.09
22:14:14  자이로:-25.7,-1.6,-3.1
22:14:14  자력계:8.400,41.700,12.750
22:14:14  충격값:4.60
22:14:14  충격피크:10.03
22:14:14  마지막충격발생값:0.00
22:14:14  마지막충격발생ms:0
22:14:14  송신:3500
22:14:14  지팡이수신:2286
22:14:14  GPS위성:9
22:14:14  GPS_HDOP:0.94
22:14:14  원시위도:37.496525
22:14:14  원시경도:126.957572
22:14:14  GPS채택:1796
22:14:14  GPS이상치거부:1
22:14:14  GPS품질거부:1
22:14:14  GPS재기준:0
22:14:14  계산거리:-1.00
22:14:14  접근속도:0.00
22:14:14  TTC:999.00
22:14:14  방향오차:0.0
22:14:14  전방여부:0
22:14:14  위험음성횟수:92
22:14:14  충격음성횟수:0
22:14:14  마지막위험음성:1
22:14:14  RSSI원시:-86
22:14:14  RSSI평활:-82.4
22:14:14  RSSI샘플:2286
22:14:14  RSSI경과ms:92
22:14:14  RSSI구간:1
22:14:14  RSSI거리:12.00
22:14:14  상대보정:1
22:14:14  상대보정중:0
22:14:14  보정동쪽:-7.13
22:14:14  보정북쪽:-5.77
22:14:14  위험송신:2286
22:14:14  시각ms:368372
22:14:14  IMU시각ms:368371
22:14:14  위험:0
22:14:14  원시위험:0
22:14:14  GPS유효:1
22:14:14  위도:37.496525
22:14:14  경도:126.957570
22:14:14  속도:0.56
22:14:14  방향:254.0
22:14:14  이동방향유효:1
22:14:14  GPS이동방향:254.0
22:14:14  차체방향유효:1
22:14:14  차체방향:87.1
22:14:14  후진판정:1
22:14:14  IMU요회전속도:3.16
22:14:14  방향가속도크기:9.77
22:14:14  방향자이로크기:21.91
22:14:14  방향자세cos:0.9758
22:14:14  자기모델잔차:21.01
22:14:14  자기모델반경:2.102
22:14:14  방향채택:0
22:14:14  방향거부:45386
22:14:14  GPS원시속도:0.622
22:14:14  GPS원시방향유효:1
22:14:14  GPS원시방향:262.9
22:14:14  가속도:1.39,-0.64,9.65
22:14:14  자이로:18.4,-10.3,-5.8
22:14:14  자력계:10.650,40.950,10.800
22:14:14  충격값:2.01
22:14:14  충격피크:10.68
22:14:14  마지막충격발생값:0.00
22:14:14  마지막충격발생ms:0
22:14:14  송신:3501
22:14:14  지팡이수신:2286
22:14:14  GPS위성:9
22:14:14  GPS_HDOP:0.94
22:14:14  원시위도:37.496525
22:14:14  원시경도:126.957570
22:14:14  GPS채택:1797
22:14:14  GPS이상치거부:1
22:14:14  GPS품질거부:1
22:14:14  GPS재기준:0
22:14:14  계산거리:-1.00
22:14:14  접근속도:0.00
22:14:14  TTC:999.00
22:14:14  방향오차:0.0
22:14:14  전방여부:0
22:14:14  위험음성횟수:92
22:14:14  충격음성횟수:0
22:14:14  마지막위험음성:1
22:14:14  RSSI원시:-86
22:14:14  RSSI평활:-82.4
22:14:14  RSSI샘플:2286
22:14:14  RSSI경과ms:192
22:14:14  RSSI구간:1
22:14:14  RSSI거리:12.00
22:14:14  상대보정:1
22:14:14  상대보정중:0
22:14:14  보정동쪽:-7.13
22:14:14  보정북쪽:-5.77
22:14:14  위험송신:2286
22:14:14  시각ms:368478
22:14:14  IMU시각ms:368477
22:14:14  위험:0
22:14:14  원시위험:0
22:14:14  GPS유효:1
22:14:14  위도:37.496524
22:14:14  경도:126.957570
22:14:14  속도:0.56
22:14:14  방향:254.0
22:14:14  이동방향유효:1
22:14:14  GPS이동방향:254.0
22:14:14  차체방향유효:1
22:14:14  차체방향:87.3
22:14:14  후진판정:1
22:14:14  IMU요회전속도:0.00
22:14:14  방향가속도크기:8.68
22:14:14  방향자이로크기:27.07
22:14:14  방향자세cos:0.9225
22:14:14  자기모델잔차:22.21
22:14:14  자기모델반경:2.098
22:14:14  방향채택:0
22:14:14  방향거부:45399
22:14:14  GPS원시속도:0.622
22:14:14  GPS원시방향유효:1
22:14:14  GPS원시방향:262.9
22:14:14  가속도:1.92,-2.04,8.21
22:14:14  자이로:3.4,26.8,-2.4
22:14:14  자력계:11.250,42.600,11.700
22:14:14  충격값:3.45
22:14:14  충격피크:6.80
22:14:14  마지막충격발생값:0.00
22:14:14  마지막충격발생ms:0
22:14:14  송신:3502
22:14:14  지팡이수신:2287
22:14:14  GPS위성:9
22:14:14  GPS_HDOP:0.94
22:14:14  원시위도:37.496525
22:14:14  원시경도:126.957570
22:14:14  GPS채택:1797
22:14:14  GPS이상치거부:1
22:14:14  GPS품질거부:1
22:14:14  GPS재기준:0
22:14:14  계산거리:-1.00
22:14:14  접근속도:0.00
22:14:14  TTC:999.00
22:14:14  방향오차:0.0
22:14:14  전방여부:0
22:14:14  위험음성횟수:92
22:14:14  충격음성횟수:0
22:14:14  마지막위험음성:1
22:14:14  RSSI원시:-84
22:14:14  RSSI평활:-82.7
22:14:14  RSSI샘플:2287
22:14:14  RSSI경과ms:86
22:14:14  RSSI구간:1
22:14:14  RSSI거리:12.00
22:14:14  상대보정:1
22:14:14  상대보정중:0
22:14:14  보정동쪽:-7.13
22:14:14  보정북쪽:-5.77
22:14:14  위험송신:2287
22:14:15  시각ms:368789
22:14:15  IMU시각ms:368788
22:14:15  위험:0
22:14:15  원시위험:0
22:14:15  GPS유효:1
22:14:15  위도:37.496525
22:14:15  경도:126.957567
22:14:15  속도:0.57
22:14:15  방향:265.2
22:14:15  이동방향유효:1
22:14:15  GPS이동방향:265.2
22:14:15  차체방향유효:1
22:14:15  차체방향:86.9
22:14:15  후진판정:1
22:14:15  IMU요회전속도:0.00
22:14:15  방향가속도크기:9.05
22:14:15  방향자이로크기:18.40
22:14:15  방향자세cos:0.9800
22:14:15  자기모델잔차:20.80
22:14:15  자기모델반경:2.128
22:14:15  방향채택:0
22:14:15  방향거부:45439
22:14:15  GPS원시속도:0.576
22:14:15  GPS원시방향유효:1
22:14:15  GPS원시방향:273.1
22:14:15  가속도:1.39,0.34,8.94
22:14:15  자이로:15.1,-10.4,-1.8
22:14:15  자력계:9.900,41.700,10.500
22:14:15  충격값:1.86
22:14:15  충격피크:7.93
22:14:15  마지막충격발생값:0.00
22:14:15  마지막충격발생ms:0
22:14:15  송신:3505
22:14:15  지팡이수신:2289
22:14:15  GPS위성:9
22:14:15  GPS_HDOP:0.94
22:14:15  원시위도:37.496525
22:14:15  원시경도:126.957567
22:14:15  GPS채택:1799
22:14:15  GPS이상치거부:1
22:14:15  GPS품질거부:1
22:14:15  GPS재기준:0
22:14:15  계산거리:-1.00
22:14:15  접근속도:0.00
22:14:15  TTC:999.00
22:14:15  방향오차:0.0
22:14:15  전방여부:0
22:14:15  위험음성횟수:92
22:14:15  충격음성횟수:0
22:14:15  마지막위험음성:1
22:14:15  RSSI원시:-84
22:14:15  RSSI평활:-81.6
22:14:15  RSSI샘플:2289
22:14:15  RSSI경과ms:86
22:14:15  RSSI구간:1
22:14:15  RSSI거리:12.00
22:14:15  상대보정:1
22:14:15  상대보정중:0
22:14:15  보정동쪽:-7.13
22:14:15  보정북쪽:-5.77
22:14:15  위험송신:2289
22:14:15  시각ms:369001
22:14:15  IMU시각ms:369000
22:14:15  위험:0
22:14:15  원시위험:0
22:14:15  GPS유효:1
22:14:15  위도:37.496525
22:14:15  경도:126.957566
22:14:15  속도:0.57
22:14:15  방향:271.6
22:14:15  이동방향유효:1
22:14:15  GPS이동방향:271.6
22:14:15  차체방향유효:1
22:14:15  차체방향:87.8
22:14:15  후진판정:1
22:14:15  IMU요회전속도:0.00
22:14:15  방향가속도크기:16.81
22:14:15  방향자이로크기:22.08
22:14:15  방향자세cos:0.9965
22:14:15  자기모델잔차:22.47
22:14:15  자기모델반경:2.124
22:14:15  방향채택:0
22:14:15  방향거부:45465
22:14:15  GPS원시속도:0.576
22:14:15  GPS원시방향유효:1
22:14:15  GPS원시방향:283.5
22:14:15  가속도:-0.96,0.97,16.76
22:14:15  자이로:20.0,9.2,2.3
22:14:15  자력계:10.500,42.600,12.150
22:14:15  충격값:6.94
22:14:15  충격피크:8.81
22:14:15  마지막충격발생값:0.00
22:14:15  마지막충격발생ms:0
22:14:15  송신:3507
22:14:15  지팡이수신:2291
22:14:15  GPS위성:9
22:14:15  GPS_HDOP:0.94
22:14:15  원시위도:37.496525
22:14:15  원시경도:126.957566
22:14:15  GPS채택:1800
22:14:15  GPS이상치거부:1
22:14:15  GPS품질거부:1
22:14:15  GPS재기준:0
22:14:15  계산거리:-1.00
22:14:15  접근속도:0.00
22:14:15  TTC:999.00
22:14:15  방향오차:0.0
22:14:15  전방여부:0
22:14:15  위험음성횟수:92
22:14:15  충격음성횟수:0
22:14:15  마지막위험음성:1
22:14:15  RSSI원시:-83
22:14:15  RSSI평활:-81.6
22:14:15  RSSI샘플:2291
22:14:15  RSSI경과ms:94
22:14:15  RSSI구간:1
22:14:15  RSSI거리:12.00
22:14:15  상대보정:1
22:14:15  상대보정중:0
22:14:15  보정동쪽:-7.13
22:14:15  보정북쪽:-5.77
22:14:15  위험송신:2291
22:14:15  시각ms:369101
22:14:15  IMU시각ms:369100
22:14:15  위험:0
22:14:15  원시위험:0
22:14:15  GPS유효:1
22:14:15  위도:37.496525
22:14:15  경도:126.957565
22:14:15  속도:0.57
22:14:15  방향:271.6
22:14:15  이동방향유효:1
22:14:15  GPS이동방향:271.6
22:14:15  차체방향유효:1
22:14:15  차체방향:87.9
22:14:15  후진판정:1
22:14:15  IMU요회전속도:9.62
22:14:15  방향가속도크기:10.10
22:14:15  방향자이로크기:45.74
22:14:15  방향자세cos:0.8652
22:14:15  자기모델잔차:22.90
22:14:15  자기모델반경:2.162
22:14:15  방향채택:0
22:14:15  방향거부:45477
22:14:15  GPS원시속도:0.576
22:14:15  GPS원시방향유효:1
22:14:15  GPS원시방향:283.5
22:14:15  가속도:-0.27,5.13,8.69
22:14:15  자이로:13.0,-42.7,-10.2
22:14:15  자력계:10.500,40.650,12.450
22:14:15  충격값:4.63
22:14:15  충격피크:10.66
22:14:15  마지막충격발생값:0.00
22:14:15  마지막충격발생ms:0
22:14:15  송신:3508
22:14:15  지팡이수신:2292
22:14:15  GPS위성:9
22:14:15  GPS_HDOP:0.94
22:14:15  원시위도:37.496525
22:14:15  원시경도:126.957566
22:14:15  GPS채택:1800
22:14:15  GPS이상치거부:1
22:14:15  GPS품질거부:1
22:14:15  GPS재기준:0
22:14:15  계산거리:-1.00
22:14:15  접근속도:0.00
22:14:15  TTC:999.00
22:14:15  방향오차:0.0
22:14:15  전방여부:0
22:14:15  위험음성횟수:92
22:14:15  충격음성횟수:0
22:14:15  마지막위험음성:1
22:14:15  RSSI원시:-80
22:14:15  RSSI평활:-81.3
22:14:15  RSSI샘플:2292
22:14:15  RSSI경과ms:91
22:14:15  RSSI구간:1
22:14:15  RSSI거리:12.00
22:14:15  상대보정:1
22:14:15  상대보정중:0
22:14:15  보정동쪽:-7.13
22:14:15  보정북쪽:-5.77
22:14:15  위험송신:2292
22:14:15  시각ms:369207
22:14:15  IMU시각ms:369206
22:14:15  위험:0
22:14:15  원시위험:0
22:14:15  GPS유효:1
22:14:15  위도:37.496525
22:14:15  경도:126.957564
22:14:15  속도:0.65
22:14:15  방향:274.0
22:14:15  이동방향유효:1
22:14:15  GPS이동방향:274.0
22:14:15  차체방향유효:1
22:14:15  차체방향:88.7
22:14:15  후진판정:1
22:14:15  IMU요회전속도:0.00
22:14:15  방향가속도크기:7.57
22:14:15  방향자이로크기:6.63
22:14:15  방향자세cos:0.8091
22:14:15  자기모델잔차:21.66
22:14:15  자기모델반경:2.115
22:14:15  방향채택:0
22:14:15  방향거부:45490
22:14:15  GPS원시속도:0.736
22:14:15  GPS원시방향유효:1
22:14:15  GPS원시방향:278.3
22:14:15  가속도:-4.71,0.63,5.89
22:14:15  자이로:6.4,-1.1,-1.5
22:14:15  자력계:10.200,41.250,12.000
22:14:15  충격값:6.16
22:14:15  충격피크:9.82
22:14:15  마지막충격발생값:0.00
22:14:15  마지막충격발생ms:0
22:14:15  송신:3509
22:14:15  지팡이수신:2292
22:14:15  GPS위성:9
22:14:15  GPS_HDOP:0.94
22:14:15  원시위도:37.496525
22:14:15  원시경도:126.957565
22:14:15  GPS채택:1801
22:14:15  GPS이상치거부:1
22:14:15  GPS품질거부:1
22:14:15  GPS재기준:0
22:14:15  계산거리:-1.00
22:14:15  접근속도:0.00
22:14:15  TTC:999.00
22:14:15  방향오차:0.0
22:14:15  전방여부:0
22:14:15  위험음성횟수:92
22:14:15  충격음성횟수:0
22:14:15  마지막위험음성:1
22:14:15  RSSI원시:-80
22:14:15  RSSI평활:-81.3
22:14:15  RSSI샘플:2292
22:14:15  RSSI경과ms:197
22:14:15  RSSI구간:1
22:14:15  RSSI거리:12.00
22:14:15  상대보정:1
22:14:15  상대보정중:0
22:14:15  보정동쪽:-7.13
22:14:15  보정북쪽:-5.77
22:14:15  위험송신:2292
22:14:15  시각ms:369313
22:14:15  IMU시각ms:369312
22:14:15  위험:0
22:14:15  원시위험:0
22:14:15  GPS유효:1
22:14:15  위도:37.496525
22:14:15  경도:126.957564
22:14:15  속도:0.65
22:14:15  방향:274.0
22:14:15  이동방향유효:1
22:14:15  GPS이동방향:274.0
22:14:15  차체방향유효:1
22:14:15  차체방향:88.8
22:14:15  후진판정:1
22:14:15  IMU요회전속도:0.95
22:14:15  방향가속도크기:9.09
22:14:15  방향자이로크기:11.06
22:14:15  방향자세cos:0.9562
22:14:15  자기모델잔차:21.02
22:14:15  자기모델반경:2.145
22:14:15  방향채택:0
22:14:15  방향거부:45503
22:14:15  GPS원시속도:0.736
22:14:15  GPS원시방향유효:1
22:14:15  GPS원시방향:278.3
22:14:15  가속도:1.63,-1.29,8.85
22:14:15  자이로:-5.0,-9.0,-4.1
22:14:15  자력계:10.200,41.250,10.500
22:14:15  충격값:2.79
22:14:15  충격피크:7.84
22:14:15  마지막충격발생값:0.00
22:14:15  마지막충격발생ms:0
22:14:15  송신:3510
22:14:15  지팡이수신:2293
22:14:15  GPS위성:9
22:14:15  GPS_HDOP:0.94
22:14:15  원시위도:37.496525
22:14:15  원시경도:126.957565
22:14:15  GPS채택:1801
22:14:15  GPS이상치거부:1
22:14:15  GPS품질거부:1
22:14:15  GPS재기준:0
22:14:15  계산거리:-1.00
22:14:15  접근속도:0.00
22:14:15  TTC:999.00
22:14:15  방향오차:0.0
22:14:15  전방여부:0
22:14:15  위험음성횟수:92
22:14:15  충격음성횟수:0
22:14:15  마지막위험음성:1
22:14:15  RSSI원시:-79
22:14:15  RSSI평활:-80.8
22:14:15  RSSI샘플:2293
22:14:15  RSSI경과ms:94
22:14:15  RSSI구간:1
22:14:15  RSSI거리:12.00
22:14:15  상대보정:1
22:14:15  상대보정중:0
22:14:15  보정동쪽:-7.13
22:14:15  보정북쪽:-5.77
22:14:15  위험송신:2293
22:14:15  시각ms:369414
22:14:15  IMU시각ms:369413
22:14:15  위험:0
22:14:15  원시위험:0
22:14:15  GPS유효:1
22:14:15  위도:37.496526
22:14:15  경도:126.957563
22:14:15  속도:0.71
22:14:15  방향:276.9
22:14:15  이동방향유효:1
22:14:15  GPS이동방향:276.9
22:14:15  차체방향유효:1
22:14:15  차체방향:89.9
22:14:15  후진판정:1
22:14:15  IMU요회전속도:4.13
22:14:15  방향가속도크기:18.61
22:14:15  방향자이로크기:8.48
22:14:15  방향자세cos:0.9891
22:14:15  자기모델잔차:21.27
22:14:15  자기모델반경:2.130
22:14:15  방향채택:0
22:14:15  방향거부:45517
22:14:15  GPS원시속도:0.772
22:14:15  GPS원시방향유효:1
22:14:15  GPS원시방향:282.3
22:14:15  가속도:-3.26,-0.20,18.32
22:14:15  자이로:0.8,-4.1,-7.4
22:14:15  자력계:10.800,41.100,10.650
22:14:15  충격값:9.07
22:14:15  충격피크:19.62
22:14:15  마지막충격발생값:0.00
22:14:15  마지막충격발생ms:0
22:14:15  송신:3511
22:14:15  지팡이수신:2293
22:14:15  GPS위성:9
22:14:15  GPS_HDOP:0.94
22:14:15  원시위도:37.496526
22:14:15  원시경도:126.957563
22:14:15  GPS채택:1802
22:14:15  GPS이상치거부:1
22:14:15  GPS품질거부:1
22:14:15  GPS재기준:0
22:14:15  계산거리:-1.00
22:14:15  접근속도:0.00
22:14:15  TTC:999.00
22:14:15  방향오차:0.0
22:14:15  전방여부:0
22:14:15  위험음성횟수:92
22:14:15  충격음성횟수:0
22:14:15  마지막위험음성:1
22:14:15  RSSI원시:-79
22:14:15  RSSI평활:-80.8
22:14:15  RSSI샘플:2293
22:14:15  RSSI경과ms:195
22:14:15  RSSI구간:1
22:14:15  RSSI거리:12.00
22:14:15  상대보정:1
22:14:15  상대보정중:0
22:14:15  보정동쪽:-7.13
22:14:15  보정북쪽:-5.77
22:14:15  위험송신:2293
22:14:15  시각ms:369520
22:14:15  IMU시각ms:369519
22:14:15  위험:0
22:14:15  원시위험:0
22:14:15  GPS유효:1
22:14:15  위도:37.496526
22:14:15  경도:126.957562
22:14:15  속도:0.71
22:14:15  방향:276.9
22:14:15  이동방향유효:1
22:14:15  GPS이동방향:276.9
22:14:15  차체방향유효:1
22:14:15  차체방향:90.0
22:14:15  후진판정:1
22:14:15  IMU요회전속도:-0.20
22:14:15  방향가속도크기:16.53
22:14:15  방향자이로크기:15.73
22:14:15  방향자세cos:0.8183
22:14:15  자기모델잔차:21.27
22:14:15  자기모델반경:2.130
22:14:15  방향채택:0
22:14:15  방향거부:45530
22:14:15  GPS원시속도:0.772
22:14:15  GPS원시방향유효:1
22:14:15  GPS원시방향:282.3
22:14:15  가속도:-2.51,3.06,16.05
22:14:15  자이로:15.3,1.9,3.0
22:14:15  자력계:10.800,40.650,11.700
22:14:15  충격값:7.15
22:14:15  충격피크:9.57
22:14:15  마지막충격발생값:0.00
22:14:15  마지막충격발생ms:0
22:14:15  송신:3512
22:14:15  지팡이수신:2294
22:14:15  GPS위성:9
22:14:15  GPS_HDOP:0.94
22:14:15  원시위도:37.496526
22:14:15  원시경도:126.957563
22:14:15  GPS채택:1802
22:14:15  GPS이상치거부:1
22:14:15  GPS품질거부:1
22:14:15  GPS재기준:0
22:14:15  계산거리:-1.00
22:14:15  접근속도:0.00
22:14:15  TTC:999.00
22:14:15  방향오차:0.0
22:14:15  전방여부:0
22:14:15  위험음성횟수:92
22:14:15  충격음성횟수:0
22:14:15  마지막위험음성:1
22:14:15  RSSI원시:-85
22:14:15  RSSI평활:-81.7
22:14:15  RSSI샘플:2294
22:14:15  RSSI경과ms:93
22:14:15  RSSI구간:1
22:14:15  RSSI거리:12.00
22:14:15  상대보정:1
22:14:15  상대보정중:0
22:14:15  보정동쪽:-7.13
22:14:15  보정북쪽:-5.77
22:14:15  위험송신:2294
22:14:15  시각ms:369626
22:14:15  IMU시각ms:369625
22:14:15  위험:0
22:14:15  원시위험:0
22:14:15  GPS유효:1
22:14:15  위도:37.496526
22:14:15  경도:126.957561
22:14:15  속도:0.76
22:14:15  방향:278.8
22:14:15  이동방향유효:1
22:14:15  GPS이동방향:278.8
22:14:15  차체방향유효:1
22:14:15  차체방향:88.5
22:14:15  후진판정:1
22:14:15  IMU요회전속도:-22.09
22:14:15  방향가속도크기:6.48
22:14:15  방향자이로크기:27.07
22:14:15  방향자세cos:0.9984
22:14:15  자기모델잔차:21.06
22:14:15  자기모델반경:2.154
22:14:15  방향채택:0
22:14:15  방향거부:45543
22:14:15  GPS원시속도:0.803
22:14:15  GPS원시방향유효:1
22:14:15  GPS원시방향:282.4
22:14:15  가속도:-0.02,2.35,6.04
22:14:15  자이로:-6.5,11.5,23.6
22:14:15  자력계:11.250,41.850,9.150
22:14:15  충격값:4.20
22:14:15  충격피크:12.97
22:14:15  마지막충격발생값:0.00
22:14:15  마지막충격발생ms:0
22:14:15  송신:3513
22:14:15  지팡이수신:2295
22:14:15  GPS위성:9
22:14:15  GPS_HDOP:0.94
22:14:15  원시위도:37.496526
22:14:15  원시경도:126.957561
22:14:15  GPS채택:1803
22:14:15  GPS이상치거부:1
22:14:15  GPS품질거부:1
22:14:15  GPS재기준:0
22:14:15  계산거리:-1.00
22:14:15  접근속도:0.00
22:14:15  TTC:999.00
22:14:15  방향오차:0.0
22:14:15  전방여부:0
22:14:15  위험음성횟수:92
22:14:15  충격음성횟수:0
22:14:15  마지막위험음성:1
22:14:15  RSSI원시:-82
22:14:15  RSSI평활:-81.7
22:14:15  RSSI샘플:2295
22:14:15  RSSI경과ms:98
22:14:15  RSSI구간:1
22:14:15  RSSI거리:12.00
22:14:15  상대보정:1
22:14:15  상대보정중:0
22:14:15  보정동쪽:-7.13
22:14:15  보정북쪽:-5.77
22:14:15  위험송신:2295
22:14:15  시각ms:369726
22:14:15  IMU시각ms:369725
22:14:15  위험:0
22:14:15  원시위험:0
22:14:15  GPS유효:1
22:14:15  위도:37.496526
22:14:15  경도:126.957560
22:14:15  속도:0.76
22:14:15  방향:278.8
22:14:15  이동방향유효:1
22:14:15  GPS이동방향:278.8
22:14:15  차체방향유효:1
22:14:15  차체방향:86.4
22:14:15  후진판정:1
22:14:15  IMU요회전속도:0.00
22:14:15  방향가속도크기:7.90
22:14:15  방향자이로크기:10.00
22:14:15  방향자세cos:0.8750
22:14:15  자기모델잔차:20.88
22:14:15  자기모델반경:2.154
22:14:15  방향채택:0
22:14:15  방향거부:45557
22:14:15  GPS원시속도:0.803
22:14:15  GPS원시방향유효:1
22:14:15  GPS원시방향:282.4
22:14:15  가속도:3.45,0.99,7.03
22:14:15  자이로:9.7,-0.4,2.4
22:14:15  자력계:9.300,43.500,9.150
22:14:15  충격값:4.49
22:14:15  충격피크:11.52
22:14:15  마지막충격발생값:0.00
22:14:15  마지막충격발생ms:0
22:14:15  송신:3514
22:14:15  지팡이수신:2295
22:14:15  GPS위성:9
22:14:15  GPS_HDOP:0.94
22:14:15  원시위도:37.496526
22:14:15  원시경도:126.957561
22:14:15  GPS채택:1803
22:14:15  GPS이상치거부:1
22:14:15  GPS품질거부:1
22:14:15  GPS재기준:0
22:14:15  계산거리:-1.00
22:14:15  접근속도:0.00
22:14:15  TTC:999.00
22:14:15  방향오차:0.0
22:14:15  전방여부:0
22:14:15  위험음성횟수:92
22:14:15  충격음성횟수:0
22:14:15  마지막위험음성:1
22:14:15  RSSI원시:-82
22:14:15  RSSI평활:-81.7
22:14:15  RSSI샘플:2295
22:14:15  RSSI경과ms:198
22:14:15  RSSI구간:1
22:14:15  RSSI거리:12.00
22:14:15  상대보정:1
22:14:15  상대보정중:0
22:14:15  보정동쪽:-7.13
22:14:15  보정북쪽:-5.77
22:14:15  위험송신:2295
22:14:16  시각ms:369831
22:14:16  IMU시각ms:369830
22:14:16  위험:0
22:14:16  원시위험:0
22:14:16  GPS유효:1
22:14:16  위도:37.496526
22:14:16  경도:126.957559
22:14:16  속도:0.78
22:14:16  방향:279.5
22:14:16  이동방향유효:1
22:14:16  GPS이동방향:279.5
22:14:16  차체방향유효:1
22:14:16  차체방향:88.1
22:14:16  후진판정:1
22:14:16  IMU요회전속도:0.00
22:14:16  방향가속도크기:8.12
22:14:16  방향자이로크기:62.39
22:14:16  방향자세cos:0.9430
22:14:16  자기모델잔차:19.61
22:14:16  자기모델반경:2.177
22:14:16  방향채택:0
22:14:16  방향거부:45570
22:14:16  GPS원시속도:0.808
22:14:16  GPS원시방향유효:1
22:14:16  GPS원시방향:280.8
22:14:16  가속도:1.08,-0.05,8.05
22:14:16  자이로:-54.5,30.1,-4.3
22:14:16  자력계:9.300,43.500,10.200
22:14:16  충격값:2.20
22:14:16  충격피크:11.59
22:14:16  마지막충격발생값:0.00
22:14:16  마지막충격발생ms:0
22:14:16  송신:3515
22:14:16  지팡이수신:2296
22:14:16  GPS위성:9
22:14:16  GPS_HDOP:0.94
22:14:16  원시위도:37.496526
22:14:16  원시경도:126.957560
22:14:16  GPS채택:1804
22:14:16  GPS이상치거부:1
22:14:16  GPS품질거부:1
22:14:16  GPS재기준:0
22:14:16  계산거리:-1.00
22:14:16  접근속도:0.00
22:14:16  TTC:999.00
22:14:16  방향오차:0.0
22:14:16  전방여부:0
22:14:16  위험음성횟수:92
22:14:16  충격음성횟수:0
22:14:16  마지막위험음성:1
22:14:16  RSSI원시:-76
22:14:16  RSSI평활:-80.6
22:14:16  RSSI샘플:2296
22:14:16  RSSI경과ms:90
22:14:16  RSSI구간:1
22:14:16  RSSI거리:12.00
22:14:16  상대보정:1
22:14:16  상대보정중:0
22:14:16  보정동쪽:-7.13
22:14:16  보정북쪽:-5.77
22:14:16  위험송신:2296
22:14:16  시각ms:369931
22:14:16  IMU시각ms:369930
22:14:16  위험:0
22:14:16  원시위험:0
22:14:16  GPS유효:1
22:14:16  위도:37.496527
22:14:16  경도:126.957558
22:14:16  속도:0.78
22:14:16  방향:279.5
22:14:16  이동방향유효:1
22:14:16  GPS이동방향:279.5
22:14:16  차체방향유효:1
22:14:16  차체방향:88.1
22:14:16  후진판정:1
22:14:16  IMU요회전속도:0.00
22:14:16  방향가속도크기:6.12
22:14:16  방향자이로크기:22.16
22:14:16  방향자세cos:0.7740
22:14:16  자기모델잔차:19.69
22:14:16  자기모델반경:2.156
22:14:16  방향채택:0
22:14:16  방향거부:45584
22:14:16  GPS원시속도:0.808
22:14:16  GPS원시방향유효:1
22:14:16  GPS원시방향:280.8
22:14:16  가속도:-2.81,-1.44,5.24
22:14:16  자이로:20.9,6.7,-2.8
22:14:16  자력계:10.200,42.900,10.500
22:14:16  충격값:5.41
22:14:16  충격피크:14.64
22:14:16  마지막충격발생값:0.00
22:14:16  마지막충격발생ms:0
22:14:16  송신:3516
22:14:16  지팡이수신:2296
22:14:16  GPS위성:9
22:14:16  GPS_HDOP:0.94
22:14:16  원시위도:37.496526
22:14:16  원시경도:126.957560
22:14:16  GPS채택:1804
22:14:16  GPS이상치거부:1
22:14:16  GPS품질거부:1
22:14:16  GPS재기준:0
22:14:16  계산거리:-1.00
22:14:16  접근속도:0.00
22:14:16  TTC:999.00
22:14:16  방향오차:0.0
22:14:16  전방여부:0
22:14:16  위험음성횟수:92
22:14:16  충격음성횟수:0
22:14:16  마지막위험음성:1
22:14:16  RSSI원시:-76
22:14:16  RSSI평활:-80.6
22:14:16  RSSI샘플:2296
22:14:16  RSSI경과ms:190
22:14:16  RSSI구간:1
22:14:16  RSSI거리:12.00
22:14:16  상대보정:1
22:14:16  상대보정중:0
22:14:16  보정동쪽:-7.13
22:14:16  보정북쪽:-5.77
22:14:16  위험송신:2296
22:14:16  시각ms:370037
22:14:16  IMU시각ms:370036
22:14:16  위험:0
22:14:16  원시위험:0
22:14:16  GPS유효:1
22:14:16  위도:37.496527
22:14:16  경도:126.957557
22:14:16  속도:0.79
22:14:16  방향:281.0
22:14:16  이동방향유효:1
22:14:16  GPS이동방향:281.0
22:14:16  차체방향유효:1
22:14:16  차체방향:89.6
22:14:16  후진판정:1
22:14:16  IMU요회전속도:-7.34
22:14:16  방향가속도크기:14.22
22:14:16  방향자이로크기:24.90
22:14:16  방향자세cos:0.9665
22:14:16  자기모델잔차:19.56
22:14:16  자기모델반경:2.163
22:14:16  방향채택:0
22:14:16  방향거부:45597
22:14:16  GPS원시속도:0.803
22:14:16  GPS원시방향유효:1
22:14:16  GPS원시방향:283.8
22:14:16  가속도:3.58,1.82,13.64
22:14:16  자이로:9.2,21.6,8.4
22:14:16  자력계:9.150,41.250,9.750
22:14:16  충격값:5.60
22:14:16  충격피크:9.23
22:14:16  마지막충격발생값:0.00
22:14:16  마지막충격발생ms:0
22:14:16  송신:3517
22:14:16  지팡이수신:2297
22:14:16  GPS위성:9
22:14:16  GPS_HDOP:0.94
22:14:16  원시위도:37.496527
22:14:16  원시경도:126.957558
22:14:16  GPS채택:1805
22:14:16  GPS이상치거부:1
22:14:16  GPS품질거부:1
22:14:16  GPS재기준:0
22:14:16  계산거리:-1.00
22:14:16  접근속도:0.00
22:14:16  TTC:999.00
22:14:16  방향오차:0.0
22:14:16  전방여부:0
22:14:16  위험음성횟수:92
22:14:16  충격음성횟수:0
22:14:16  마지막위험음성:1
22:14:16  RSSI원시:-81
22:14:16  RSSI평활:-80.7
22:14:16  RSSI샘플:2297
22:14:16  RSSI경과ms:95
22:14:16  RSSI구간:1
22:14:16  RSSI거리:12.00
22:14:16  상대보정:1
22:14:16  상대보정중:0
22:14:16  보정동쪽:-7.13
22:14:16  보정북쪽:-5.77
22:14:16  위험송신:2297
22:14:16  시각ms:370142
22:14:16  IMU시각ms:370141
22:14:16  위험:0
22:14:16  원시위험:0
22:14:16  GPS유효:1
22:14:16  위도:37.496527
22:14:16  경도:126.957556
22:14:16  속도:0.84
22:14:16  방향:279.7
22:14:16  이동방향유효:1
22:14:16  GPS이동방향:279.7
22:14:16  차체방향유효:1
22:14:16  차체방향:91.0
22:14:16  후진판정:1
22:14:16  IMU요회전속도:0.28
22:14:16  방향가속도크기:9.40
22:14:16  방향자이로크기:43.03
22:14:16  방향자세cos:0.8983
22:14:16  자기모델잔차:19.92
22:14:16  자기모델반경:2.173
22:14:16  방향채택:0
22:14:16  방향거부:45610
22:14:16  GPS원시속도:0.895
22:14:16  GPS원시방향유효:1
22:14:16  GPS원시방향:277.1
22:14:16  가속도:3.37,-1.30,8.68
22:14:16  자이로:-11.0,41.0,-6.9
22:14:16  자력계:9.300,41.400,10.950
22:14:16  충격값:4.37
22:14:16  충격피크:15.28
22:14:16  마지막충격발생값:0.00
22:14:16  마지막충격발생ms:0
22:14:16  송신:3518
22:14:16  지팡이수신:2298
22:14:16  GPS위성:9
22:14:16  GPS_HDOP:0.94
22:14:16  원시위도:37.496527
22:14:16  원시경도:126.957556
22:14:16  GPS채택:1806
22:14:16  GPS이상치거부:1
22:14:16  GPS품질거부:1
22:14:16  GPS재기준:0
22:14:16  계산거리:-1.00
22:14:16  접근속도:0.00
22:14:16  TTC:999.00
22:14:16  방향오차:0.0
22:14:16  전방여부:0
22:14:16  위험음성횟수:92
22:14:16  충격음성횟수:0
22:14:16  마지막위험음성:1
22:14:16  RSSI원시:-80
22:14:16  RSSI평활:-80.5
22:14:16  RSSI샘플:2298
22:14:16  RSSI경과ms:97
22:14:16  RSSI구간:1
22:14:16  RSSI거리:12.00
22:14:16  상대보정:1
22:14:16  상대보정중:0
22:14:16  보정동쪽:-7.13
22:14:16  보정북쪽:-5.77
22:14:16  위험송신:2298
22:14:16  시각ms:370248
22:14:16  IMU시각ms:370247
22:14:16  위험:0
22:14:16  원시위험:0
22:14:16  GPS유효:1
22:14:16  위도:37.496527
22:14:16  경도:126.957555
22:14:16  속도:0.84
22:14:16  방향:279.7
22:14:16  이동방향유효:1
22:14:16  GPS이동방향:279.7
22:14:16  차체방향유효:1
22:14:16  차체방향:91.1
22:14:16  후진판정:1
22:14:16  IMU요회전속도:0.00
22:14:16  방향가속도크기:13.57
22:14:16  방향자이로크기:54.97
22:14:16  방향자세cos:0.9956
22:14:16  자기모델잔차:18.68
22:14:16  자기모델반경:2.125
22:14:16  방향채택:0
22:14:16  방향거부:45623
22:14:16  GPS원시속도:0.895
22:14:16  GPS원시방향유효:1
22:14:16  GPS원시방향:277.1
22:14:16  가속도:-3.97,-2.24,12.79
22:14:16  자이로:-49.5,23.5,-4.7
22:14:16  자력계:10.050,42.600,9.150
22:14:16  충격값:5.36
22:14:16  충격피크:9.11
22:14:16  마지막충격발생값:0.00
22:14:16  마지막충격발생ms:0
22:14:16  송신:3519
22:14:16  지팡이수신:2298
22:14:16  GPS위성:9
22:14:16  GPS_HDOP:0.94
22:14:16  원시위도:37.496527
22:14:16  원시경도:126.957556
22:14:16  GPS채택:1806
22:14:16  GPS이상치거부:1
22:14:16  GPS품질거부:1
22:14:16  GPS재기준:0
22:14:16  계산거리:-1.00
22:14:16  접근속도:0.00
22:14:16  TTC:999.00
22:14:16  방향오차:0.0
22:14:16  전방여부:0
22:14:16  위험음성횟수:92
22:14:16  충격음성횟수:0
22:14:16  마지막위험음성:1
22:14:16  RSSI원시:-80
22:14:16  RSSI평활:-80.5
22:14:16  RSSI샘플:2298
22:14:16  RSSI경과ms:203
22:14:16  RSSI구간:1
22:14:16  RSSI거리:12.00
22:14:16  상대보정:1
22:14:16  상대보정중:0
22:14:16  보정동쪽:-7.13
22:14:16  보정북쪽:-5.77
22:14:16  위험송신:2298
22:14:16  시각ms:370559
22:14:16  IMU시각ms:370558
22:14:16  위험:0
22:14:16  원시위험:0
22:14:16  GPS유효:1
22:14:16  위도:37.496527
22:14:16  경도:126.957552
22:14:16  속도:0.88
22:14:16  방향:278.3
22:14:16  이동방향유효:1
22:14:16  GPS이동방향:278.3
22:14:16  차체방향유효:1
22:14:16  차체방향:93.3
22:14:16  후진판정:1
22:14:16  IMU요회전속도:0.00
22:14:16  방향가속도크기:7.61
22:14:16  방향자이로크기:27.05
22:14:16  방향자세cos:0.9880
22:14:16  자기모델잔차:19.42
22:14:16  자기모델반경:2.079
22:14:16  방향채택:0
22:14:16  방향거부:45663
22:14:16  GPS원시속도:0.895
22:14:16  GPS원시방향유효:1
22:14:16  GPS원시방향:277.5
22:14:16  가속도:0.74,0.84,7.53
22:14:16  자이로:14.1,23.0,-2.4
22:14:16  자력계:10.950,40.050,9.300
22:14:16  충격값:2.73
22:14:16  충격피크:10.56
22:14:16  마지막충격발생값:0.00
22:14:16  마지막충격발생ms:0
22:14:16  송신:3522
22:14:16  지팡이수신:2300
22:14:16  GPS위성:9
22:14:16  GPS_HDOP:0.94
22:14:16  원시위도:37.496527
22:14:16  원시경도:126.957552
22:14:16  GPS채택:1808
22:14:16  GPS이상치거부:1
22:14:16  GPS품질거부:1
22:14:16  GPS재기준:0
22:14:16  계산거리:-1.00
22:14:16  접근속도:0.00
22:14:16  TTC:999.00
22:14:16  방향오차:0.0
22:14:16  전방여부:0
22:14:16  위험음성횟수:92
22:14:16  충격음성횟수:0
22:14:16  마지막위험음성:1
22:14:16  RSSI원시:-78
22:14:16  RSSI평활:-79.9
22:14:16  RSSI샘플:2300
22:14:16  RSSI경과ms:203
22:14:16  RSSI구간:1
22:14:16  RSSI거리:12.00
22:14:16  상대보정:1
22:14:16  상대보정중:0
22:14:16  보정동쪽:-7.13
22:14:16  보정북쪽:-5.77
22:14:16  위험송신:2300
22:14:17  시각ms:370866
22:14:17  IMU시각ms:370865
22:14:17  위험:0
22:14:17  원시위험:0
22:14:17  GPS유효:1
22:14:17  위도:37.496528
22:14:17  경도:126.957549
22:14:17  속도:0.89
22:14:17  방향:277.4
22:14:17  이동방향유효:1
22:14:17  GPS이동방향:277.4
22:14:17  차체방향유효:1
22:14:17  차체방향:94.2
22:14:17  후진판정:1
22:14:17  IMU요회전속도:-8.67
22:14:17  방향가속도크기:7.31
22:14:17  방향자이로크기:37.37
22:14:17  방향자세cos:0.5558
22:14:17  자기모델잔차:20.69
22:14:17  자기모델반경:2.056
22:14:17  방향채택:0
22:14:17  방향거부:45704
22:14:17  GPS원시속도:0.890
22:14:17  GPS원시방향유효:1
22:14:17  GPS원시방향:275.7
22:14:17  가속도:5.16,-2.66,4.44
22:14:17  자이로:-0.6,-35.3,12.1
22:14:17  자력계:9.450,38.100,10.500
22:14:17  충격값:7.92
22:14:17  충격피크:9.13
22:14:17  마지막충격발생값:0.00
22:14:17  마지막충격발생ms:0
22:14:17  송신:3525
22:14:17  지팡이수신:2301
22:14:17  GPS위성:9
22:14:17  GPS_HDOP:0.94
22:14:17  원시위도:37.496528
22:14:17  원시경도:126.957550
22:14:17  GPS채택:1809
22:14:17  GPS이상치거부:1
22:14:17  GPS품질거부:1
22:14:17  GPS재기준:0
22:14:17  계산거리:-1.00
22:14:17  접근속도:0.00
22:14:17  TTC:999.00
22:14:17  방향오차:0.0
22:14:17  전방여부:0
22:14:17  위험음성횟수:92
22:14:17  충격음성횟수:0
22:14:17  마지막위험음성:1
22:14:17  RSSI원시:-77
22:14:17  RSSI평활:-79.4
22:14:17  RSSI샘플:2301
22:14:17  RSSI경과ms:193
22:14:17  RSSI구간:1
22:14:17  RSSI거리:12.00
22:14:17  상대보정:1
22:14:17  상대보정중:0
22:14:17  보정동쪽:-7.13
22:14:17  보정북쪽:-5.77
22:14:17  위험송신:2301
22:14:17  시각ms:370971
22:14:17  IMU시각ms:370970
22:14:17  위험:0
22:14:17  원시위험:0
22:14:17  GPS유효:1
22:14:17  위도:37.496528
22:14:17  경도:126.957548
22:14:17  속도:0.92
22:14:17  방향:277.5
22:14:17  이동방향유효:1
22:14:17  GPS이동방향:277.5
22:14:17  차체방향유효:1
22:14:17  차체방향:91.7
22:14:17  후진판정:1
22:14:17  IMU요회전속도:-32.08
22:14:17  방향가속도크기:13.46
22:14:17  방향자이로크기:44.17
22:14:17  방향자세cos:0.9695
22:14:17  자기모델잔차:18.06
22:14:17  자기모델반경:2.126
22:14:17  방향채택:0
22:14:17  방향거부:45717
22:14:17  GPS원시속도:0.962
22:14:17  GPS원시방향유효:1
22:14:17  GPS원시방향:277.8
22:14:17  가속도:-5.45,1.06,12.26
22:14:17  자이로:25.9,-1.2,35.8
22:14:17  자력계:9.900,40.500,9.000
22:14:17  충격값:5.74
22:14:17  충격피크:10.19
22:14:17  마지막충격발생값:0.00
22:14:17  마지막충격발생ms:0
22:14:17  송신:3526
22:14:17  지팡이수신:2302
22:14:17  GPS위성:9
22:14:17  GPS_HDOP:0.94
22:14:17  원시위도:37.496528
22:14:17  원시경도:126.957548
22:14:17  GPS채택:1810
22:14:17  GPS이상치거부:1
22:14:17  GPS품질거부:1
22:14:17  GPS재기준:0
22:14:17  계산거리:-1.00
22:14:17  접근속도:0.00
22:14:17  TTC:999.00
22:14:17  방향오차:0.0
22:14:17  전방여부:0
22:14:17  위험음성횟수:92
22:14:17  충격음성횟수:0
22:14:17  마지막위험음성:1
22:14:17  RSSI원시:-75
22:14:17  RSSI평활:-78.5
22:14:17  RSSI샘플:2302
22:14:17  RSSI경과ms:92
22:14:17  RSSI구간:1
22:14:17  RSSI거리:12.00
22:14:17  상대보정:1
22:14:17  상대보정중:0
22:14:17  보정동쪽:-7.13
22:14:17  보정북쪽:-5.77
22:14:17  위험송신:2302
22:14:17  시각ms:371072
22:14:17  IMU시각ms:371071
22:14:17  위험:0
22:14:17  원시위험:0
22:14:17  GPS유효:1
22:14:17  위도:37.496528
22:14:17  경도:126.957547
22:14:17  속도:0.92
22:14:17  방향:277.5
22:14:17  이동방향유효:1
22:14:17  GPS이동방향:277.5
22:14:17  차체방향유효:1
22:14:17  차체방향:90.8
22:14:17  후진판정:1
22:14:17  IMU요회전속도:0.00
22:14:17  방향가속도크기:5.63
22:14:17  방향자이로크기:6.22
22:14:17  방향자세cos:0.9921
22:14:17  자기모델잔차:17.81
22:14:17  자기모델반경:2.140
22:14:17  방향채택:0
22:14:17  방향거부:45731
22:14:17  GPS원시속도:0.962
22:14:17  GPS원시방향유효:1
22:14:17  GPS원시방향:277.8
22:14:17  가속도:0.88,-2.67,4.88
22:14:17  자이로:-3.7,3.4,-3.6
22:14:17  자력계:10.050,40.650,7.650
22:14:17  충격값:5.81
22:14:17  충격피크:7.18
22:14:17  마지막충격발생값:0.00
22:14:17  마지막충격발생ms:0
22:14:17  송신:3527
22:14:17  지팡이수신:2302
22:14:17  GPS위성:9
22:14:17  GPS_HDOP:0.94
22:14:17  원시위도:37.496528
22:14:17  원시경도:126.957548
22:14:17  GPS채택:1810
22:14:17  GPS이상치거부:1
22:14:17  GPS품질거부:1
22:14:17  GPS재기준:0
22:14:17  계산거리:-1.00
22:14:17  접근속도:0.00
22:14:17  TTC:999.00
22:14:17  방향오차:0.0
22:14:17  전방여부:0
22:14:17  위험음성횟수:92
22:14:17  충격음성횟수:0
22:14:17  마지막위험음성:1
22:14:17  RSSI원시:-75
22:14:17  RSSI평활:-78.5
22:14:17  RSSI샘플:2302
22:14:17  RSSI경과ms:193
22:14:17  RSSI구간:1
22:14:17  RSSI거리:12.00
22:14:17  상대보정:1
22:14:17  상대보정중:0
22:14:17  보정동쪽:-7.13
22:14:17  보정북쪽:-5.77
22:14:17  위험송신:2302
22:14:17  시각ms:371285
22:14:17  IMU시각ms:371284
22:14:17  위험:2
22:14:17  원시위험:0
22:14:17  GPS유효:1
22:14:17  위도:37.496528
22:14:17  경도:126.957545
22:14:17  속도:0.93
22:14:17  방향:277.3
22:14:17  이동방향유효:1
22:14:17  GPS이동방향:277.3
22:14:17  차체방향유효:1
22:14:17  차체방향:92.1
22:14:17  후진판정:1
22:14:17  IMU요회전속도:0.00
22:14:17  방향가속도크기:5.90
22:14:17  방향자이로크기:16.77
22:14:17  방향자세cos:0.2477
22:14:17  자기모델잔차:19.38
22:14:17  자기모델반경:2.073
22:14:17  방향채택:0
22:14:17  방향거부:45754
22:14:17  GPS원시속도:0.936
22:14:17  GPS원시방향유효:1
22:14:17  GPS원시방향:276.8
22:14:17  가속도:1.43,-5.16,-2.49
22:14:17  자이로:14.6,-8.0,-2.1
22:14:17  자력계:9.450,40.500,10.050
22:14:17  충격값:13.22
22:14:17  충격피크:15.11
22:14:17  마지막충격발생값:0.00
22:14:17  마지막충격발생ms:0
22:14:17  송신:3529
22:14:17  지팡이수신:2304
22:14:17  GPS위성:9
22:14:17  GPS_HDOP:0.94
22:14:17  원시위도:37.496528
22:14:17  원시경도:126.957546
22:14:17  GPS채택:1811
22:14:17  GPS이상치거부:1
22:14:17  GPS품질거부:1
22:14:17  GPS재기준:0
22:14:17  계산거리:-1.00
22:14:17  접근속도:0.00
22:14:17  TTC:999.00
22:14:17  방향오차:0.0
22:14:17  전방여부:0
22:14:17  위험음성횟수:93
22:14:17  충격음성횟수:0
22:14:17  마지막위험음성:2
22:14:17  RSSI원시:-77
22:14:17  RSSI평활:-78.4
22:14:17  RSSI샘플:2304
22:14:17  RSSI경과ms:95
22:14:17  RSSI구간:1
22:14:17  RSSI거리:12.00
22:14:17  상대보정:1
22:14:17  상대보정중:0
22:14:17  보정동쪽:-7.13
22:14:17  보정북쪽:-5.77
22:14:17  위험송신:2304
22:14:17  시각ms:371385
22:14:17  IMU시각ms:371384
22:14:17  위험:2
22:14:17  원시위험:0
22:14:17  GPS유효:1
22:14:17  위도:37.496529
22:14:17  경도:126.957544
22:14:17  속도:0.91
22:14:17  방향:276.8
22:14:17  이동방향유효:1
22:14:17  GPS이동방향:276.8
22:14:17  차체방향유효:1
22:14:17  차체방향:92.7
22:14:17  후진판정:1
22:14:17  IMU요회전속도:0.00
22:14:17  방향가속도크기:16.80
22:14:17  방향자이로크기:36.12
22:14:17  방향자세cos:-0.2385
22:14:17  자기모델잔차:19.38
22:14:17  자기모델반경:2.073
22:14:17  방향채택:0
22:14:17  방향거부:45768
22:14:17  GPS원시속도:0.890
22:14:17  GPS원시방향유효:1
22:14:17  GPS원시방향:275.9
22:14:17  가속도:-0.73,0.75,16.76
22:14:17  자이로:4.9,-35.7,-2.2
22:14:17  자력계:9.900,40.950,8.250
22:14:17  충격값:7.37
22:14:17  충격피크:13.58
22:14:17  마지막충격발생값:0.00
22:14:17  마지막충격발생ms:0
22:14:17  송신:3530
22:14:17  지팡이수신:2304
22:14:17  GPS위성:9
22:14:17  GPS_HDOP:0.94
22:14:17  원시위도:37.496528
22:14:17  원시경도:126.957544
22:14:17  GPS채택:1812
22:14:17  GPS이상치거부:1
22:14:17  GPS품질거부:1
22:14:17  GPS재기준:0
22:14:17  계산거리:-1.00
22:14:17  접근속도:0.00
22:14:17  TTC:999.00
22:14:17  방향오차:0.0
22:14:17  전방여부:0
22:14:17  위험음성횟수:93
22:14:17  충격음성횟수:0
22:14:17  마지막위험음성:2
22:14:17  RSSI원시:-77
22:14:17  RSSI평활:-78.4
22:14:17  RSSI샘플:2304
22:14:17  RSSI경과ms:195
22:14:17  RSSI구간:1
22:14:17  RSSI거리:12.00
22:14:17  상대보정:1
22:14:17  상대보정중:0
22:14:17  보정동쪽:-7.13
22:14:17  보정북쪽:-5.77
22:14:17  위험송신:2304
22:14:17  시각ms:371491
22:14:17  IMU시각ms:371490
22:14:17  위험:0
22:14:17  원시위험:0
22:14:17  GPS유효:1
22:14:17  위도:37.496529
22:14:17  경도:126.957543
22:14:17  속도:0.91
22:14:17  방향:276.8
22:14:17  이동방향유효:1
22:14:17  GPS이동방향:276.8
22:14:17  차체방향유효:1
22:14:17  차체방향:93.8
22:14:17  후진판정:1
22:14:17  IMU요회전속도:20.50
22:14:17  방향가속도크기:4.80
22:14:17  방향자이로크기:38.20
22:14:17  방향자세cos:0.9971
22:14:17  자기모델잔차:20.12
22:14:17  자기모델반경:2.069
22:14:17  방향채택:0
22:14:17  방향거부:45781
22:14:17  GPS원시속도:0.890
22:14:17  GPS원시방향유효:1
22:14:17  GPS원시방향:275.9
22:14:17  가속도:-4.39,-1.94,-0.06
22:14:17  자이로:-21.8,-20.1,-24.1
22:14:17  자력계:9.600,39.150,9.150
22:14:17  충격값:10.73
22:14:17  충격피크:10.73
22:14:17  마지막충격발생값:0.00
22:14:17  마지막충격발생ms:0
22:14:17  송신:3531
22:14:17  지팡이수신:2305
22:14:17  GPS위성:9
22:14:17  GPS_HDOP:0.94
22:14:17  원시위도:37.496528
22:14:17  원시경도:126.957544
22:14:17  GPS채택:1812
22:14:17  GPS이상치거부:1
22:14:17  GPS품질거부:1
22:14:17  GPS재기준:0
22:14:17  계산거리:-1.00
22:14:17  접근속도:0.00
22:14:17  TTC:999.00
22:14:17  방향오차:0.0
22:14:17  전방여부:0
22:14:17  위험음성횟수:93
22:14:17  충격음성횟수:0
22:14:17  마지막위험음성:2
22:14:17  RSSI원시:-79
22:14:17  RSSI평활:-78.5
22:14:17  RSSI샘플:2305
22:14:17  RSSI경과ms:91
22:14:17  RSSI구간:1
22:14:17  RSSI거리:12.00
22:14:17  상대보정:1
22:14:17  상대보정중:0
22:14:17  보정동쪽:-7.13
22:14:17  보정북쪽:-5.77
22:14:17  위험송신:2305
22:14:17  시각ms:371597
22:14:17  IMU시각ms:371596
22:14:17  위험:0
22:14:17  원시위험:0
22:14:17  GPS유효:1
22:14:17  위도:37.496529
22:14:17  경도:126.957542
22:14:17  속도:0.96
22:14:17  방향:275.6
22:14:17  이동방향유효:1
22:14:17  GPS이동방향:275.6
22:14:17  차체방향유효:1
22:14:17  차체방향:95.6
22:14:17  후진판정:1
22:14:17  IMU요회전속도:0.00
22:14:17  방향가속도크기:14.16
22:14:17  방향자이로크기:41.45
22:14:17  방향자세cos:0.9664
22:14:17  자기모델잔차:20.77
22:14:17  자기모델반경:2.036
22:14:17  방향채택:0
22:14:17  방향거부:45794
22:14:17  GPS원시속도:1.013
22:14:17  GPS원시방향유효:1
22:14:17  GPS원시방향:273.4
22:14:17  가속도:2.32,2.21,13.79
22:14:17  자이로:32.2,-26.1,-1.1
22:14:17  자력계:10.650,38.850,10.800
22:14:17  충격값:4.84
22:14:17  충격피크:10.40
22:14:17  마지막충격발생값:0.00
22:14:17  마지막충격발생ms:0
22:14:17  송신:3532
22:14:17  지팡이수신:2306
22:14:17  GPS위성:9
22:14:17  GPS_HDOP:0.94
22:14:17  원시위도:37.496528
22:14:17  원시경도:126.957542
22:14:17  GPS채택:1813
22:14:17  GPS이상치거부:1
22:14:17  GPS품질거부:1
22:14:17  GPS재기준:0
22:14:17  계산거리:-1.00
22:14:17  접근속도:0.00
22:14:17  TTC:999.00
22:14:17  방향오차:0.0
22:14:17  전방여부:0
22:14:17  위험음성횟수:93
22:14:17  충격음성횟수:0
22:14:17  마지막위험음성:2
22:14:17  RSSI원시:-75
22:14:17  RSSI평활:-77.8
22:14:17  RSSI샘플:2306
22:14:17  RSSI경과ms:93
22:14:17  RSSI구간:1
22:14:17  RSSI거리:12.00
22:14:17  상대보정:1
22:14:17  상대보정중:0
22:14:17  보정동쪽:-7.13
22:14:17  보정북쪽:-5.77
22:14:17  위험송신:2306
22:14:17  시각ms:371703
22:14:17  IMU시각ms:371702
22:14:17  위험:0
22:14:17  원시위험:0
22:14:17  GPS유효:1
22:14:17  위도:37.496529
22:14:17  경도:126.957541
22:14:17  속도:0.96
22:14:17  방향:275.6
22:14:17  이동방향유효:1
22:14:17  GPS이동방향:275.6
22:14:17  차체방향유효:1
22:14:17  차체방향:95.4
22:14:17  후진판정:1
22:14:17  IMU요회전속도:0.00
22:14:17  방향가속도크기:9.77
22:14:17  방향자이로크기:7.19
22:14:17  방향자세cos:0.8678
22:14:17  자기모델잔차:19.16
22:14:17  자기모델반경:2.009
22:14:17  방향채택:0
22:14:17  방향거부:45807
22:14:17  GPS원시속도:1.013
22:14:17  GPS원시방향유효:1
22:14:17  GPS원시방향:273.4
22:14:17  가속도:2.68,4.19,8.41
22:14:17  자이로:-5.6,-3.5,-2.9
22:14:17  자력계:10.650,37.800,9.300
22:14:17  충격값:4.68
22:14:17  충격피크:9.81
22:14:17  마지막충격발생값:0.00
22:14:17  마지막충격발생ms:0
22:14:17  송신:3533
22:14:17  지팡이수신:2307
22:14:17  GPS위성:9
22:14:17  GPS_HDOP:0.94
22:14:17  원시위도:37.496528
22:14:17  원시경도:126.957542
22:14:17  GPS채택:1813
22:14:17  GPS이상치거부:1
22:14:17  GPS품질거부:1
22:14:17  GPS재기준:0
22:14:17  계산거리:-1.00
22:14:17  접근속도:0.00
22:14:17  TTC:999.00
22:14:17  방향오차:0.0
22:14:17  전방여부:0
22:14:17  위험음성횟수:93
22:14:17  충격음성횟수:0
22:14:17  마지막위험음성:2
22:14:17  RSSI원시:-82
22:14:17  RSSI평활:-78.7
22:14:17  RSSI샘플:2307
22:14:17  RSSI경과ms:93
22:14:17  RSSI구간:1
22:14:17  RSSI거리:12.00
22:14:17  상대보정:1
22:14:17  상대보정중:0
22:14:17  보정동쪽:-7.13
22:14:17  보정북쪽:-5.77
22:14:17  위험송신:2307
22:14:18  시각ms:371803
22:14:18  IMU시각ms:371802
22:14:18  위험:0
22:14:18  원시위험:0
22:14:18  GPS유효:1
22:14:18  위도:37.496529
22:14:18  경도:126.957539
22:14:18  속도:0.95
22:14:18  방향:274.7
22:14:18  이동방향유효:1
22:14:18  GPS이동방향:274.7
22:14:18  차체방향유효:1
22:14:18  차체방향:95.4
22:14:18  후진판정:1
22:14:18  IMU요회전속도:-0.08
22:14:18  방향가속도크기:7.85
22:14:18  방향자이로크기:22.03
22:14:18  방향자세cos:0.7371
22:14:18  자기모델잔차:20.30
22:14:18  자기모델반경:1.990
22:14:18  방향채택:0
22:14:18  방향거부:45819
22:14:18  GPS원시속도:0.947
22:14:18  GPS원시방향유효:1
22:14:18  GPS원시방향:273.1
22:14:18  가속도:-3.84,4.19,5.42
22:14:18  자이로:-20.2,8.4,2.7
22:14:18  자력계:13.050,38.700,9.450
22:14:18  충격값:6.91
22:14:18  충격피크:10.54
22:14:18  마지막충격발생값:0.00
22:14:18  마지막충격발생ms:0
22:14:18  송신:3534
22:14:18  지팡이수신:2308
22:14:18  GPS위성:9
22:14:18  GPS_HDOP:0.94
22:14:18  원시위도:37.496528
22:14:18  원시경도:126.957540
22:14:18  GPS채택:1814
22:14:18  GPS이상치거부:1
22:14:18  GPS품질거부:1
22:14:18  GPS재기준:0
22:14:18  계산거리:-1.00
22:14:18  접근속도:0.00
22:14:18  TTC:999.00
22:14:18  방향오차:0.0
22:14:18  전방여부:0
22:14:18  위험음성횟수:93
22:14:18  충격음성횟수:0
22:14:18  마지막위험음성:2
22:14:18  RSSI원시:-75
22:14:18  RSSI평활:-77.9
22:14:18  RSSI샘플:2308
22:14:18  RSSI경과ms:95
22:14:18  RSSI구간:1
22:14:18  RSSI거리:12.00
22:14:18  상대보정:1
22:14:18  상대보정중:0
22:14:18  보정동쪽:-7.13
22:14:18  보정북쪽:-5.77
22:14:18  위험송신:2308
22:14:18  시각ms:372004
22:14:18  IMU시각ms:372003
22:14:18  위험:0
22:14:18  원시위험:0
22:14:18  GPS유효:1
22:14:18  위도:37.496529
22:14:18  경도:126.957537
22:14:18  속도:0.96
22:14:18  방향:274.5
22:14:18  이동방향유효:1
22:14:18  GPS이동방향:274.5
22:14:18  차체방향유효:1
22:14:18  차체방향:95.8
22:14:18  후진판정:1
22:14:18  IMU요회전속도:2.46
22:14:18  방향가속도크기:11.55
22:14:18  방향자이로크기:11.09
22:14:18  방향자세cos:0.9919
22:14:18  자기모델잔차:20.53
22:14:18  자기모델반경:2.007
22:14:18  방향채택:0
22:14:18  방향거부:45845
22:14:18  GPS원시속도:0.962
22:14:18  GPS원시방향유효:1
22:14:18  GPS원시방향:273.9
22:14:18  가속도:0.10,-0.76,11.52
22:14:18  자이로:-8.8,2.3,-6.4
22:14:18  자력계:12.000,37.950,10.650
22:14:18  충격값:2.10
22:14:18  충격피크:10.32
22:14:18  마지막충격발생값:0.00
22:14:18  마지막충격발생ms:0
22:14:18  송신:3536
22:14:18  지팡이수신:2309
22:14:18  GPS위성:9
22:14:18  GPS_HDOP:0.94
22:14:18  원시위도:37.496529
22:14:18  원시경도:126.957538
22:14:18  GPS채택:1815
22:14:18  GPS이상치거부:1
22:14:18  GPS품질거부:1
22:14:18  GPS재기준:0
22:14:18  계산거리:-1.00
22:14:18  접근속도:0.00
22:14:18  TTC:999.00
22:14:18  방향오차:0.0
22:14:18  전방여부:0
22:14:18  위험음성횟수:93
22:14:18  충격음성횟수:0
22:14:18  마지막위험음성:2
22:14:18  RSSI원시:-83
22:14:18  RSSI평활:-78.9
22:14:18  RSSI샘플:2309
22:14:18  RSSI경과ms:86
22:14:18  RSSI구간:1
22:14:18  RSSI거리:12.00
22:14:18  상대보정:1
22:14:18  상대보정중:0
22:14:18  보정동쪽:-7.13
22:14:18  보정북쪽:-5.77
22:14:18  위험송신:2309
22:14:18  시각ms:372105
22:14:18  IMU시각ms:372104
22:14:18  위험:0
22:14:18  원시위험:0
22:14:18  GPS유효:1
22:14:18  위도:37.496529
22:14:18  경도:126.957536
22:14:18  속도:0.96
22:14:18  방향:274.5
22:14:18  이동방향유효:1
22:14:18  GPS이동방향:274.5
22:14:18  차체방향유효:1
22:14:18  차체방향:96.1
22:14:18  후진판정:1
22:14:18  IMU요회전속도:0.00
22:14:18  방향가속도크기:11.85
22:14:18  방향자이로크기:22.00
22:14:18  방향자세cos:0.9985
22:14:18  자기모델잔차:20.36
22:14:18  자기모델반경:2.004
22:14:18  방향채택:0
22:14:18  방향거부:45859
22:14:18  GPS원시속도:0.962
22:14:18  GPS원시방향유효:1
22:14:18  GPS원시방향:273.9
22:14:18  가속도:-0.24,0.01,11.85
22:14:18  자이로:12.7,17.8,-2.2
22:14:18  자력계:11.400,37.800,10.500
22:14:18  충격값:1.84
22:14:18  충격피크:8.36
22:14:18  마지막충격발생값:0.00
22:14:18  마지막충격발생ms:0
22:14:18  송신:3537
22:14:18  지팡이수신:2309
22:14:18  GPS위성:9
22:14:18  GPS_HDOP:0.94
22:14:18  원시위도:37.496529
22:14:18  원시경도:126.957538
22:14:18  GPS채택:1815
22:14:18  GPS이상치거부:1
22:14:18  GPS품질거부:1
22:14:18  GPS재기준:0
22:14:18  계산거리:-1.00
22:14:18  접근속도:0.00
22:14:18  TTC:999.00
22:14:18  방향오차:0.0
22:14:18  전방여부:0
22:14:18  위험음성횟수:93
22:14:18  충격음성횟수:0
22:14:18  마지막위험음성:2
22:14:18  RSSI원시:-83
22:14:18  RSSI평활:-78.9
22:14:18  RSSI샘플:2309
22:14:18  RSSI경과ms:187
22:14:18  RSSI구간:1
22:14:18  RSSI거리:12.00
22:14:18  상대보정:1
22:14:18  상대보정중:0
22:14:18  보정동쪽:-7.13
22:14:18  보정북쪽:-5.77
22:14:18  위험송신:2309
22:14:18  시각ms:372317
22:14:18  IMU시각ms:372316
22:14:18  위험:2
22:14:18  원시위험:0
22:14:18  GPS유효:1
22:14:18  위도:37.496529
22:14:18  경도:126.957534
22:14:18  속도:0.99
22:14:18  방향:275.0
22:14:18  이동방향유효:1
22:14:18  GPS이동방향:275.0
22:14:18  차체방향유효:1
22:14:18  차체방향:96.0
22:14:18  후진판정:1
22:14:18  IMU요회전속도:0.00
22:14:18  방향가속도크기:5.15
22:14:18  방향자이로크기:24.61
22:14:18  방향자세cos:0.8258
22:14:18  자기모델잔차:20.44
22:14:18  자기모델반경:2.028
22:14:18  방향채택:0
22:14:18  방향거부:45885
22:14:18  GPS원시속도:1.024
22:14:18  GPS원시방향유효:1
22:14:18  GPS원시방향:276.1
22:14:18  가속도:1.14,-0.00,5.02
22:14:18  자이로:24.4,-2.7,-2.1
22:14:18  자력계:12.750,36.300,9.450
22:14:18  충격값:5.10
22:14:18  충격피크:9.74
22:14:18  마지막충격발생값:0.00
22:14:18  마지막충격발생ms:0
22:14:18  송신:3539
22:14:18  지팡이수신:2310
22:14:18  GPS위성:9
22:14:18  GPS_HDOP:0.94
22:14:18  원시위도:37.496529
22:14:18  원시경도:126.957536
22:14:18  GPS채택:1816
22:14:18  GPS이상치거부:1
22:14:18  GPS품질거부:1
22:14:18  GPS재기준:0
22:14:18  계산거리:-1.00
22:14:18  접근속도:0.00
22:14:18  TTC:999.00
22:14:18  방향오차:0.0
22:14:18  전방여부:0
22:14:18  위험음성횟수:94
22:14:18  충격음성횟수:0
22:14:18  마지막위험음성:2
22:14:18  RSSI원시:-85
22:14:18  RSSI평활:-80.2
22:14:18  RSSI샘플:2310
22:14:18  RSSI경과ms:88
22:14:18  RSSI구간:1
22:14:18  RSSI거리:12.00
22:14:18  상대보정:1
22:14:18  상대보정중:0
22:14:18  보정동쪽:-7.13
22:14:18  보정북쪽:-5.77
22:14:18  위험송신:2310
22:14:18  시각ms:372523
22:14:18  IMU시각ms:372522
22:14:18  위험:0
22:14:18  원시위험:0
22:14:18  GPS유효:1
22:14:18  위도:37.496529
22:14:18  경도:126.957532
22:14:18  속도:0.98
22:14:18  방향:275.5
22:14:18  이동방향유효:1
22:14:18  GPS이동방향:275.5
22:14:18  차체방향유효:1
22:14:18  차체방향:96.1
22:14:18  후진판정:1
22:14:18  IMU요회전속도:4.84
22:14:18  방향가속도크기:17.90
22:14:18  방향자이로크기:26.10
22:14:18  방향자세cos:0.9215
22:14:18  자기모델잔차:21.85
22:14:18  자기모델반경:1.998
22:14:18  방향채택:0
22:14:18  방향거부:45910
22:14:18  GPS원시속도:0.977
22:14:18  GPS원시방향유효:1
22:14:18  GPS원시방향:276.3
22:14:18  가속도:-1.30,2.86,17.62
22:14:18  자이로:-5.1,-24.9,-6.0
22:14:18  자력계:13.650,36.900,12.300
22:14:18  충격값:8.09
22:14:18  충격피크:14.29
22:14:18  마지막충격발생값:0.00
22:14:18  마지막충격발생ms:0
22:14:18  송신:3541
22:14:18  지팡이수신:2312
22:14:18  GPS위성:9
22:14:18  GPS_HDOP:0.94
22:14:18  원시위도:37.496529
22:14:18  원시경도:126.957533
22:14:18  GPS채택:1817
22:14:18  GPS이상치거부:1
22:14:18  GPS품질거부:1
22:14:18  GPS재기준:0
22:14:18  계산거리:-1.00
22:14:18  접근속도:0.00
22:14:18  TTC:999.00
22:14:18  방향오차:0.0
22:14:18  전방여부:0
22:14:18  위험음성횟수:94
22:14:18  충격음성횟수:0
22:14:18  마지막위험음성:2
22:14:18  RSSI원시:-83
22:14:18  RSSI평활:-81.0
22:14:18  RSSI샘플:2312
22:14:18  RSSI경과ms:89
22:14:18  RSSI구간:1
22:14:18  RSSI거리:12.00
22:14:18  상대보정:1
22:14:18  상대보정중:0
22:14:18  보정동쪽:-7.13
22:14:18  보정북쪽:-5.77
22:14:18  위험송신:2312
22:14:18  시각ms:372629
22:14:18  IMU시각ms:372628
22:14:18  위험:0
22:14:18  원시위험:0
22:14:18  GPS유효:1
22:14:18  위도:37.496530
22:14:18  경도:126.957530
22:14:18  속도:0.99
22:14:18  방향:276.2
22:14:18  이동방향유효:1
22:14:18  GPS이동방향:276.2
22:14:18  차체방향유효:1
22:14:18  차체방향:96.4
22:14:18  후진판정:1
22:14:18  IMU요회전속도:5.37
22:14:18  방향가속도크기:11.55
22:14:18  방향자이로크기:23.03
22:14:18  방향자세cos:0.9268
22:14:18  자기모델잔차:23.06
22:14:18  자기모델반경:2.042
22:14:18  방향채택:0
22:14:18  방향거부:45923
22:14:18  GPS원시속도:0.998
22:14:18  GPS원시방향유효:1
22:14:18  GPS원시방향:277.5
22:14:18  가속도:1.96,4.11,10.62
22:14:18  자이로:15.1,14.9,-8.9
22:14:18  자력계:12.600,37.800,14.250
22:14:18  충격값:4.41
22:14:18  충격피크:12.35
22:14:18  마지막충격발생값:0.00
22:14:18  마지막충격발생ms:0
22:14:18  송신:3542
22:14:18  지팡이수신:2313
22:14:18  GPS위성:9
22:14:18  GPS_HDOP:0.94
22:14:18  원시위도:37.496530
22:14:18  원시경도:126.957531
22:14:18  GPS채택:1818
22:14:18  GPS이상치거부:1
22:14:18  GPS품질거부:1
22:14:18  GPS재기준:0
22:14:18  계산거리:-1.00
22:14:18  접근속도:0.00
22:14:18  TTC:999.00
22:14:18  방향오차:0.0
22:14:18  전방여부:0
22:14:18  위험음성횟수:94
22:14:18  충격음성횟수:0
22:14:18  마지막위험음성:2
22:14:18  RSSI원시:-81
22:14:18  RSSI평활:-81.0
22:14:18  RSSI샘플:2313
22:14:18  RSSI경과ms:93
22:14:18  RSSI구간:1
22:14:18  RSSI거리:12.00
22:14:18  상대보정:1
22:14:18  상대보정중:0
22:14:18  보정동쪽:-7.13
22:14:18  보정북쪽:-5.77
22:14:18  위험송신:2313
22:14:18  시각ms:372734
22:14:18  IMU시각ms:372733
22:14:18  위험:0
22:14:18  원시위험:0
22:14:18  GPS유효:1
22:14:18  위도:37.496530
22:14:18  경도:126.957529
22:14:18  속도:0.99
22:14:18  방향:276.2
22:14:18  이동방향유효:1
22:14:18  GPS이동방향:276.2
22:14:18  차체방향유효:1
22:14:18  차체방향:96.8
22:14:18  후진판정:1
22:14:18  IMU요회전속도:7.94
22:14:18  방향가속도크기:10.60
22:14:18  방향자이로크기:23.48
22:14:18  방향자세cos:0.9959
22:14:18  자기모델잔차:24.24
22:14:18  자기모델반경:2.040
22:14:18  방향채택:0
22:14:18  방향거부:45936
22:14:18  GPS원시속도:0.998
22:14:18  GPS원시방향유효:1
22:14:18  GPS원시방향:277.5
22:14:18  가속도:0.21,1.19,10.53
22:14:18  자이로:20.2,-6.7,-9.9
22:14:18  자력계:9.450,39.300,14.250
22:14:18  충격값:1.12
22:14:18  충격피크:11.39
22:14:18  마지막충격발생값:0.00
22:14:18  마지막충격발생ms:0
22:14:18  송신:3543
22:14:18  지팡이수신:2314
22:14:18  GPS위성:9
22:14:18  GPS_HDOP:0.94
22:14:18  원시위도:37.496530
22:14:18  원시경도:126.957531
22:14:18  GPS채택:1818
22:14:18  GPS이상치거부:1
22:14:18  GPS품질거부:1
22:14:18  GPS재기준:0
22:14:18  계산거리:-1.00
22:14:18  접근속도:0.00
22:14:18  TTC:999.00
22:14:18  방향오차:0.0
22:14:18  전방여부:0
22:14:18  위험음성횟수:94
22:14:18  충격음성횟수:0
22:14:18  마지막위험음성:2
22:14:18  RSSI원시:-74
22:14:18  RSSI평활:-79.6
22:14:18  RSSI샘플:2314
22:14:18  RSSI경과ms:94
22:14:18  RSSI구간:1
22:14:18  RSSI거리:12.00
22:14:18  상대보정:1
22:14:18  상대보정중:0
22:14:18  보정동쪽:-7.13
22:14:18  보정북쪽:-5.77
22:14:18  위험송신:2314
22:14:19  시각ms:372939
22:14:19  IMU시각ms:372938
22:14:19  위험:0
22:14:19  원시위험:0
22:14:19  GPS유효:1
22:14:19  위도:37.496530
22:14:19  경도:126.957527
22:14:19  속도:1.06
22:14:19  방향:276.6
22:14:19  이동방향유효:1
22:14:19  GPS이동방향:276.6
22:14:19  차체방향유효:1
22:14:19  차체방향:96.9
22:14:19  후진판정:1
22:14:19  IMU요회전속도:-7.02
22:14:19  방향가속도크기:18.76
22:14:19  방향자이로크기:16.76
22:14:19  방향자세cos:0.9574
22:14:19  자기모델잔차:23.05
22:14:19  자기모델반경:1.999
22:14:19  방향채택:0
22:14:19  방향거부:45961
22:14:19  GPS원시속도:1.127
22:14:19  GPS원시방향유효:1
22:14:19  GPS원시방향:277.3
22:14:19  가속도:0.34,2.55,18.58
22:14:19  자이로:-7.8,11.9,8.9
22:14:19  자력계:9.900,39.300,13.800
22:14:19  충격값:9.13
22:14:19  충격피크:11.44
22:14:19  마지막충격발생값:0.00
22:14:19  마지막충격발생ms:0
22:14:19  송신:3545
22:14:19  지팡이수신:2316
22:14:19  GPS위성:9
22:14:19  GPS_HDOP:0.94
22:14:19  원시위도:37.496530
22:14:19  원시경도:126.957529
22:14:19  GPS채택:1819
22:14:19  GPS이상치거부:1
22:14:19  GPS품질거부:1
22:14:19  GPS재기준:0
22:14:19  계산거리:-1.00
22:14:19  접근속도:0.00
22:14:19  TTC:999.00
22:14:19  방향오차:0.0
22:14:19  전방여부:0
22:14:19  위험음성횟수:94
22:14:19  충격음성횟수:0
22:14:19  마지막위험음성:2
22:14:19  RSSI원시:-86
22:14:19  RSSI평활:-80.8
22:14:19  RSSI샘플:2316
22:14:19  RSSI경과ms:96
22:14:19  RSSI구간:1
22:14:19  RSSI거리:12.00
22:14:19  상대보정:1
22:14:19  상대보정중:0
22:14:19  보정동쪽:-7.13
22:14:19  보정북쪽:-5.77
22:14:19  위험송신:2316
22:14:19  시각ms:373150
22:14:19  IMU시각ms:373149
22:14:19  위험:0
22:14:19  원시위험:0
22:14:19  GPS유효:1
22:14:19  위도:37.496530
22:14:19  경도:126.957524
22:14:19  속도:1.06
22:14:19  방향:275.6
22:14:19  이동방향유효:1
22:14:19  GPS이동방향:275.6
22:14:19  차체방향유효:1
22:14:19  차체방향:97.1
22:14:19  후진판정:1
22:14:19  IMU요회전속도:7.59
22:14:19  방향가속도크기:11.38
22:14:19  방향자이로크기:16.91
22:14:19  방향자세cos:0.7701
22:14:19  자기모델잔차:21.56
22:14:19  자기모델반경:2.049
22:14:19  방향채택:0
22:14:19  방향거부:45987
22:14:19  GPS원시속도:1.049
22:14:19  GPS원시방향유효:1
22:14:19  GPS원시방향:274.6
22:14:19  가속도:-7.62,1.00,8.38
22:14:19  자이로:-2.4,-12.8,-10.7
22:14:19  자력계:10.950,38.550,11.550
22:14:19  충격값:7.34
22:14:19  충격피크:8.73
22:14:19  마지막충격발생값:0.00
22:14:19  마지막충격발생ms:0
22:14:19  송신:3547
22:14:19  지팡이수신:2318
22:14:19  GPS위성:9
22:14:19  GPS_HDOP:0.94
22:14:19  원시위도:37.496530
22:14:19  원시경도:126.957524
22:14:19  GPS채택:1821
22:14:19  GPS이상치거부:1
22:14:19  GPS품질거부:1
22:14:19  GPS재기준:0
22:14:19  계산거리:-1.00
22:14:19  접근속도:0.00
22:14:19  TTC:999.00
22:14:19  방향오차:0.0
22:14:19  전방여부:0
22:14:19  위험음성횟수:94
22:14:19  충격음성횟수:0
22:14:19  마지막위험음성:2
22:14:19  RSSI원시:-73
22:14:19  RSSI평활:-78.9
22:14:19  RSSI샘플:2318
22:14:19  RSSI경과ms:101
22:14:19  RSSI구간:1
22:14:19  RSSI거리:12.00
22:14:19  상대보정:1
22:14:19  상대보정중:0
22:14:19  보정동쪽:-7.13
22:14:19  보정북쪽:-5.77
22:14:19  위험송신:2318
22:14:19  시각ms:373355
22:14:19  IMU시각ms:373354
22:14:19  위험:0
22:14:19  원시위험:0
22:14:19  GPS유효:1
22:14:19  위도:37.496530
22:14:19  경도:126.957521
22:14:19  속도:1.07
22:14:19  방향:276.1
22:14:19  이동방향유효:1
22:14:19  GPS이동방향:276.1
22:14:19  차체방향유효:1
22:14:19  차체방향:97.5
22:14:19  후진판정:1
22:14:19  IMU요회전속도:0.00
22:14:19  방향가속도크기:16.17
22:14:19  방향자이로크기:29.94
22:14:19  방향자세cos:0.9414
22:14:19  자기모델잔차:22.49
22:14:19  자기모델반경:2.048
22:14:19  방향채택:0
22:14:19  방향거부:46012
22:14:19  GPS원시속도:1.070
22:14:19  GPS원시방향유효:1
22:14:19  GPS원시방향:277.0
22:14:19  가속도:-2.84,0.06,15.92
22:14:19  자이로:29.7,-4.0,1.0
22:14:19  자력계:10.950,37.350,11.250
22:14:19  충격값:6.33
22:14:19  충격피크:9.89
22:14:19  마지막충격발생값:0.00
22:14:19  마지막충격발생ms:0
22:14:19  송신:3549
22:14:19  지팡이수신:2319
22:14:19  GPS위성:9
22:14:19  GPS_HDOP:0.94
22:14:19  원시위도:37.496530
22:14:19  원시경도:126.957521
22:14:19  GPS채택:1822
22:14:19  GPS이상치거부:1
22:14:19  GPS품질거부:1
22:14:19  GPS재기준:0
22:14:19  계산거리:-1.00
22:14:19  접근속도:0.00
22:14:19  TTC:999.00
22:14:19  방향오차:0.0
22:14:19  전방여부:0
22:14:19  위험음성횟수:94
22:14:19  충격음성횟수:0
22:14:19  마지막위험음성:2
22:14:19  RSSI원시:-77
22:14:19  RSSI평활:-78.6
22:14:19  RSSI샘플:2319
22:14:19  RSSI경과ms:203
22:14:19  RSSI구간:1
22:14:19  RSSI거리:12.00
22:14:19  상대보정:1
22:14:19  상대보정중:0
22:14:19  보정동쪽:-7.13
22:14:19  보정북쪽:-5.77
22:14:19  위험송신:2319
22:14:19  시각ms:373561
22:14:19  IMU시각ms:373560
22:14:19  위험:0
22:14:19  원시위험:0
22:14:19  GPS유효:1
22:14:19  위도:37.496531
22:14:19  경도:126.957519
22:14:19  속도:1.07
22:14:19  방향:276.9
22:14:19  이동방향유효:1
22:14:19  GPS이동방향:276.9
22:14:19  차체방향유효:1
22:14:19  차체방향:97.7
22:14:19  후진판정:1
22:14:19  IMU요회전속도:6.33
22:14:19  방향가속도크기:19.90
22:14:19  방향자이로크기:21.55
22:14:19  방향자세cos:0.8657
22:14:19  자기모델잔차:20.67
22:14:19  자기모델반경:2.045
22:14:19  방향채택:0
22:14:19  방향거부:46039
22:14:19  GPS원시속도:1.075
22:14:19  GPS원시방향유효:1
22:14:19  GPS원시방향:278.3
22:14:19  가속도:-3.78,1.13,19.51
22:14:19  자이로:18.5,5.1,-9.7
22:14:19  자력계:12.750,36.750,11.700
22:14:19  충격값:10.52
22:14:19  충격피크:10.87
22:14:19  마지막충격발생값:0.00
22:14:19  마지막충격발생ms:0
22:14:19  송신:3551
22:14:19  지팡이수신:2320
22:14:19  GPS위성:9
22:14:19  GPS_HDOP:0.94
22:14:19  원시위도:37.496530
22:14:19  원시경도:126.957519
22:14:19  GPS채택:1823
22:14:19  GPS이상치거부:1
22:14:19  GPS품질거부:1
22:14:19  GPS재기준:0
22:14:19  계산거리:-1.00
22:14:19  접근속도:0.00
22:14:19  TTC:999.00
22:14:19  방향오차:0.0
22:14:19  전방여부:0
22:14:19  위험음성횟수:94
22:14:19  충격음성횟수:0
22:14:19  마지막위험음성:2
22:14:19  RSSI원시:-82
22:14:19  RSSI평활:-79.2
22:14:19  RSSI샘플:2320
22:14:19  RSSI경과ms:201
22:14:19  RSSI구간:1
22:14:19  RSSI거리:12.00
22:14:19  상대보정:1
22:14:19  상대보정중:0
22:14:19  보정동쪽:-7.13
22:14:19  보정북쪽:-5.77
22:14:19  위험송신:2320
22:14:19  시각ms:373667
22:14:19  IMU시각ms:373666
22:14:19  위험:0
22:14:19  원시위험:0
22:14:19  GPS유효:1
22:14:19  위도:37.496531
22:14:19  경도:126.957518
22:14:19  속도:1.07
22:14:19  방향:276.9
22:14:19  이동방향유효:1
22:14:19  GPS이동방향:276.9
22:14:19  차체방향유효:1
22:14:19  차체방향:97.9
22:14:19  후진판정:1
22:14:19  IMU요회전속도:1.60
22:14:19  방향가속도크기:13.42
22:14:19  방향자이로크기:29.05
22:14:19  방향자세cos:0.9857
22:14:19  자기모델잔차:20.45
22:14:19  자기모델반경:2.027
22:14:19  방향채택:0
22:14:19  방향거부:46052
22:14:19  GPS원시속도:1.075
22:14:19  GPS원시방향유효:1
22:14:19  GPS원시방향:278.3
22:14:19  가속도:6.55,-2.98,11.33
22:14:19  자이로:-27.1,-9.0,-5.2
22:14:19  자력계:12.150,38.100,11.550
22:14:19  충격값:7.69
22:14:19  충격피크:12.65
22:14:19  마지막충격발생값:0.00
22:14:19  마지막충격발생ms:0
22:14:19  송신:3552
22:14:19  지팡이수신:2321
22:14:19  GPS위성:9
22:14:19  GPS_HDOP:0.94
22:14:19  원시위도:37.496530
22:14:19  원시경도:126.957519
22:14:19  GPS채택:1823
22:14:19  GPS이상치거부:1
22:14:19  GPS품질거부:1
22:14:19  GPS재기준:0
22:14:19  계산거리:-1.00
22:14:19  접근속도:0.00
22:14:19  TTC:999.00
22:14:19  방향오차:0.0
22:14:19  전방여부:0
22:14:19  위험음성횟수:94
22:14:19  충격음성횟수:0
22:14:19  마지막위험음성:2
22:14:19  RSSI원시:-80
22:14:19  RSSI평활:-79.4
22:14:19  RSSI샘플:2321
22:14:19  RSSI경과ms:103
22:14:19  RSSI구간:1
22:14:19  RSSI거리:12.00
22:14:19  상대보정:1
22:14:19  상대보정중:0
22:14:19  보정동쪽:-7.13
22:14:19  보정북쪽:-5.77
22:14:19  위험송신:2321
22:14:19  시각ms:373773
22:14:19  IMU시각ms:373772
22:14:19  위험:0
22:14:19  원시위험:0
22:14:19  GPS유효:1
22:14:19  위도:37.496531
22:14:19  경도:126.957516
22:14:19  속도:1.08
22:14:19  방향:277.7
22:14:19  이동방향유효:1
22:14:19  GPS이동방향:277.7
22:14:19  차체방향유효:1
22:14:19  차체방향:98.4
22:14:19  후진판정:1
22:14:19  IMU요회전속도:0.00
22:14:19  방향가속도크기:7.77
22:14:19  방향자이로크기:12.52
22:14:19  방향자세cos:0.6469
22:14:19  자기모델잔차:21.30
22:14:19  자기모델반경:1.971
22:14:19  방향채택:0
22:14:19  방향거부:46065
22:14:19  GPS원시속도:1.096
22:14:19  GPS원시방향유효:1
22:14:19  GPS원시방향:279.2
22:14:19  가속도:-5.06,-3.18,4.97
22:14:19  자이로:-4.0,11.3,-3.6
22:14:19  자력계:12.600,35.700,11.250
22:14:19  충격값:7.71
22:14:19  충격피크:7.71
22:14:19  마지막충격발생값:0.00
22:14:19  마지막충격발생ms:0
22:14:19  송신:3553
22:14:19  지팡이수신:2322
22:14:19  GPS위성:9
22:14:19  GPS_HDOP:0.94
22:14:19  원시위도:37.496531
22:14:19  원시경도:126.957516
22:14:19  GPS채택:1824
22:14:19  GPS이상치거부:1
22:14:19  GPS품질거부:1
22:14:19  GPS재기준:0
22:14:19  계산거리:-1.00
22:14:19  접근속도:0.00
22:14:19  TTC:999.00
22:14:19  방향오차:0.0
22:14:19  전방여부:0
22:14:19  위험음성횟수:94
22:14:19  충격음성횟수:0
22:14:19  마지막위험음성:2
22:14:19  RSSI원시:-76
22:14:19  RSSI평활:-78.7
22:14:19  RSSI샘플:2322
22:14:19  RSSI경과ms:92
22:14:19  RSSI구간:1
22:14:19  RSSI거리:12.00
22:14:19  상대보정:1
22:14:19  상대보정중:0
22:14:19  보정동쪽:-7.13
22:14:19  보정북쪽:-5.77
22:14:19  위험송신:2322
22:14:20  시각ms:373996
22:14:20  IMU시각ms:373995
22:14:20  위험:0
22:14:20  원시위험:0
22:14:20  GPS유효:1
22:14:20  위도:37.496531
22:14:20  경도:126.957513
22:14:20  속도:1.07
22:14:20  방향:278.3
22:14:20  이동방향유효:1
22:14:20  GPS이동방향:278.3
22:14:20  차체방향유효:1
22:14:20  차체방향:93.3
22:14:20  후진판정:1
22:14:20  IMU요회전속도:-19.58
22:14:20  방향가속도크기:6.57
22:14:20  방향자이로크기:25.73
22:14:20  방향자세cos:0.8915
22:14:20  자기모델잔차:21.30
22:14:20  자기모델반경:1.971
22:14:20  방향채택:0
22:14:20  방향거부:46091
22:14:20  GPS원시속도:1.065
22:14:20  GPS원시방향유효:1
22:14:20  GPS원시방향:279.3
22:14:20  가속도:4.11,-4.48,2.47
22:14:20  자이로:11.1,-4.6,22.8
22:14:20  자력계:11.250,39.450,11.400
22:14:20  충격값:9.92
22:14:20  충격피크:10.16
22:14:20  마지막충격발생값:0.00
22:14:20  마지막충격발생ms:0
22:14:20  송신:3555
22:14:20  지팡이수신:2324
22:14:20  GPS위성:8
22:14:20  GPS_HDOP:1.03
22:14:20  원시위도:37.496531
22:14:20  원시경도:126.957514
22:14:20  GPS채택:1825
22:14:20  GPS이상치거부:1
22:14:20  GPS품질거부:1
22:14:20  GPS재기준:0
22:14:20  계산거리:-1.00
22:14:20  접근속도:0.00
22:14:20  TTC:999.00
22:14:20  방향오차:0.0
22:14:20  전방여부:0
22:14:20  위험음성횟수:94
22:14:20  충격음성횟수:0
22:14:20  마지막위험음성:2
22:14:20  RSSI원시:-77
22:14:20  RSSI평활:-78.1
22:14:20  RSSI샘플:2324
22:14:20  RSSI경과ms:124
22:14:20  RSSI구간:1
22:14:20  RSSI거리:12.00
22:14:20  상대보정:1
22:14:20  상대보정중:0
22:14:20  보정동쪽:-7.13
22:14:20  보정북쪽:-5.77
22:14:20  위험송신:2324
22:14:20  시각ms:374102
22:14:20  IMU시각ms:374102
22:14:20  위험:0
22:14:20  원시위험:0
22:14:20  GPS유효:1
22:14:20  위도:37.496531
22:14:20  경도:126.957512
22:14:20  속도:1.07
22:14:20  방향:278.3
22:14:20  이동방향유효:1
22:14:20  GPS이동방향:278.3
22:14:20  차체방향유효:1
22:14:20  차체방향:93.0
22:14:20  후진판정:1
22:14:20  IMU요회전속도:1.15
22:14:20  방향가속도크기:10.60
22:14:20  방향자이로크기:24.55
22:14:20  방향자세cos:0.9716
22:14:20  자기모델잔차:23.81
22:14:20  자기모델반경:2.082
22:14:20  방향채택:0
22:14:20  방향거부:46104
22:14:20  GPS원시속도:1.065
22:14:20  GPS원시방향유효:1
22:14:20  GPS원시방향:279.3
22:14:20  가속도:1.81,-0.52,10.43
22:14:20  자이로:-17.4,16.4,-5.5
22:14:20  자력계:10.800,40.650,13.650
22:14:20  충격값:2.32
22:14:20  충격피크:14.22
22:14:20  마지막충격발생값:0.00
22:14:20  마지막충격발생ms:0
22:14:20  송신:3556
22:14:20  지팡이수신:2325
22:14:20  GPS위성:8
22:14:20  GPS_HDOP:1.03
22:14:20  원시위도:37.496531
22:14:20  원시경도:126.957514
22:14:20  GPS채택:1825
22:14:20  GPS이상치거부:1
22:14:20  GPS품질거부:1
22:14:20  GPS재기준:0
22:14:20  계산거리:-1.00
22:14:20  접근속도:0.00
22:14:20  TTC:999.00
22:14:20  방향오차:0.0
22:14:20  전방여부:0
22:14:20  위험음성횟수:94
22:14:20  충격음성횟수:0
22:14:20  마지막위험음성:2
22:14:20  RSSI원시:-79
22:14:20  RSSI평활:-78.3
22:14:20  RSSI샘플:2325
22:14:20  RSSI경과ms:22
22:14:20  RSSI구간:1
22:14:20  RSSI거리:12.00
22:14:20  상대보정:1
22:14:20  상대보정중:0
22:14:20  보정동쪽:-7.13
22:14:20  보정북쪽:-5.77
22:14:20  위험송신:2325
22:14:20  시각ms:374217
22:14:20  IMU시각ms:374194
22:14:20  위험:0
22:14:20  원시위험:0
22:14:20  GPS유효:1
22:14:20  위도:37.496532
22:14:20  경도:126.957511
22:14:20  속도:1.08
22:14:20  방향:279.4
22:14:20  이동방향유효:1
22:14:20  GPS이동방향:279.4
22:14:20  차체방향유효:1
22:14:20  차체방향:93.9
22:14:20  후진판정:1
22:14:20  IMU요회전속도:4.64
22:14:20  방향가속도크기:6.87
22:14:20  방향자이로크기:29.41
22:14:20  방향자세cos:0.9935
22:14:20  자기모델잔차:22.55
22:14:20  자기모델반경:2.062
22:14:20  방향채택:0
22:14:20  방향거부:46115
22:14:20  GPS원시속도:1.080
22:14:20  GPS원시방향유효:1
22:14:20  GPS원시방향:281.5
22:14:20  가속도:-0.86,2.05,6.50
22:14:20  자이로:-27.5,3.8,-9.8
22:14:20  자력계:10.950,42.000,13.500
22:14:20  충격값:3.71
22:14:20  충격피크:10.23
22:14:20  마지막충격발생값:0.00
22:14:20  마지막충격발생ms:0
22:14:20  송신:3557
22:14:20  지팡이수신:2326
22:14:20  GPS위성:9
22:14:20  GPS_HDOP:1.03
22:14:20  원시위도:37.496532
22:14:20  원시경도:126.957512
22:14:20  GPS채택:1826
22:14:20  GPS이상치거부:1
22:14:20  GPS품질거부:1
22:14:20  GPS재기준:0
22:14:20  계산거리:-1.00
22:14:20  접근속도:0.00
22:14:20  TTC:999.00
22:14:20  방향오차:0.0
22:14:20  전방여부:0
22:14:20  위험음성횟수:94
22:14:20  충격음성횟수:0
22:14:20  마지막위험음성:2
22:14:20  RSSI원시:-85
22:14:20  RSSI평활:-79.6
22:14:20  RSSI샘플:2326
22:14:20  RSSI경과ms:34
22:14:20  RSSI구간:1
22:14:20  RSSI거리:12.00
22:14:20  상대보정:1
22:14:20  상대보정중:0
22:14:20  보정동쪽:-7.13
22:14:20  보정북쪽:-5.77
22:14:20  위험송신:2326
22:14:20  시각ms:374310
22:14:20  IMU시각ms:374310
22:14:20  위험:0
22:14:20  원시위험:0
22:14:20  GPS유효:1
22:14:20  위도:37.496532
22:14:20  경도:126.957510
22:14:20  속도:1.08
22:14:20  방향:279.4
22:14:20  이동방향유효:1
22:14:20  GPS이동방향:279.4
22:14:20  차체방향유효:1
22:14:20  차체방향:93.9
22:14:20  후진판정:1
22:14:20  IMU요회전속도:0.00
22:14:20  방향가속도크기:14.14
22:14:20  방향자이로크기:31.90
22:14:20  방향자세cos:0.8750
22:14:20  자기모델잔차:24.64
22:14:20  자기모델반경:2.060
22:14:20  방향채택:0
22:14:20  방향거부:46126
22:14:20  GPS원시속도:1.080
22:14:20  GPS원시방향유효:1
22:14:20  GPS원시방향:281.5
22:14:20  가속도:-6.92,-2.62,12.05
22:14:20  자이로:-31.6,-4.6,-1.1
22:14:20  자력계:12.150,40.050,14.550
22:14:20  충격값:7.39
22:14:20  충격피크:7.81
22:14:20  마지막충격발생값:0.00
22:14:20  마지막충격발생ms:0
22:14:20  송신:3558
22:14:20  지팡이수신:2327
22:14:20  GPS위성:9
22:14:20  GPS_HDOP:1.03
22:14:20  원시위도:37.496532
22:14:20  원시경도:126.957512
22:14:20  GPS채택:1826
22:14:20  GPS이상치거부:1
22:14:20  GPS품질거부:1
22:14:20  GPS재기준:0
22:14:20  계산거리:-1.00
22:14:20  접근속도:0.00
22:14:20  TTC:999.00
22:14:20  방향오차:0.0
22:14:20  전방여부:0
22:14:20  위험음성횟수:94
22:14:20  충격음성횟수:0
22:14:20  마지막위험음성:2
22:14:20  RSSI원시:-79
22:14:20  RSSI평활:-79.5
22:14:20  RSSI샘플:2327
22:14:20  RSSI경과ms:22
22:14:20  RSSI구간:1
22:14:20  RSSI거리:12.00
22:14:20  상대보정:1
22:14:20  상대보정중:0
22:14:20  보정동쪽:-7.13
22:14:20  보정북쪽:-5.77
22:14:20  위험송신:2327
22:14:21  시각ms:374832
22:14:21  IMU시각ms:374808
22:14:21  위험:0
22:14:21  원시위험:0
22:14:21  GPS유효:1
22:14:21  위도:37.496532
22:14:21  경도:126.957504
22:14:21  속도:1.08
22:14:21  방향:277.1
22:14:21  이동방향유효:1
22:14:21  GPS이동방향:277.1
22:14:21  차체방향유효:1
22:14:21  차체방향:95.5
22:14:21  후진판정:1
22:14:21  IMU요회전속도:-8.69
22:14:21  방향가속도크기:16.78
22:14:21  방향자이로크기:31.19
22:14:21  방향자세cos:0.3421
22:14:21  자기모델잔차:23.24
22:14:21  자기모델반경:2.097
22:14:21  방향채택:0
22:14:21  방향거부:46185
22:14:21  GPS원시속도:1.106
22:14:21  GPS원시방향유효:1
22:14:21  GPS원시방향:276.1
22:14:21  가속도:0.01,4.50,16.17
22:14:21  자이로:-17.2,23.4,11.3
22:14:21  자력계:12.150,40.950,12.750
22:14:21  충격값:8.11
22:14:21  충격피크:14.16
22:14:21  마지막충격발생값:0.00
22:14:21  마지막충격발생ms:0
22:14:21  송신:3563
22:14:21  지팡이수신:2331
22:14:21  GPS위성:9
22:14:21  GPS_HDOP:0.94
22:14:21  원시위도:37.496532
22:14:21  원시경도:126.957504
22:14:21  GPS채택:1829
22:14:21  GPS이상치거부:1
22:14:21  GPS품질거부:1
22:14:21  GPS재기준:0
22:14:21  계산거리:-1.00
22:14:21  접근속도:0.00
22:14:21  TTC:999.00
22:14:21  방향오차:0.0
22:14:21  전방여부:0
22:14:21  위험음성횟수:95
22:14:21  충격음성횟수:0
22:14:21  마지막위험음성:2
22:14:21  RSSI원시:-79
22:14:21  RSSI평활:-78.5
22:14:21  RSSI샘플:2331
22:14:21  RSSI경과ms:26
22:14:21  RSSI구간:1
22:14:21  RSSI거리:12.00
22:14:21  상대보정:1
22:14:21  상대보정중:0
22:14:21  보정동쪽:-7.13
22:14:21  보정북쪽:-5.77
22:14:21  위험송신:2331
22:14:21  시각ms:375340
22:14:21  IMU시각ms:375339
22:14:21  위험:0
22:14:21  원시위험:0
22:14:21  GPS유효:1
22:14:21  위도:37.496533
22:14:21  경도:126.957497
22:14:21  속도:1.08
22:14:21  방향:276.0
22:14:21  이동방향유효:1
22:14:21  GPS이동방향:276.0
22:14:21  차체방향유효:1
22:14:21  차체방향:96.5
22:14:21  후진판정:1
22:14:21  IMU요회전속도:7.56
22:14:21  방향가속도크기:12.83
22:14:21  방향자이로크기:15.38
22:14:21  방향자세cos:0.9851
22:14:21  자기모델잔차:23.91
22:14:21  자기모델반경:2.105
22:14:21  방향채택:0
22:14:21  방향거부:46244
22:14:21  GPS원시속도:1.121
22:14:21  GPS원시방향유효:1
22:14:21  GPS원시방향:275.8
22:14:21  가속도:-2.53,1.64,12.47
22:14:21  자이로:8.1,-7.3,-10.8
22:14:21  자력계:12.000,41.400,13.650
22:14:21  충격값:3.61
22:14:21  충격피크:10.13
22:14:21  마지막충격발생값:0.00
22:14:21  마지막충격발생ms:0
22:14:21  송신:3568
22:14:21  지팡이수신:2334
22:14:21  GPS위성:9
22:14:21  GPS_HDOP:0.94
22:14:21  원시위도:37.496533
22:14:21  원시경도:126.957497
22:14:21  GPS채택:1832
22:14:21  GPS이상치거부:1
22:14:21  GPS품질거부:1
22:14:21  GPS재기준:0
22:14:21  계산거리:-1.00
22:14:21  접근속도:0.00
22:14:21  TTC:999.00
22:14:21  방향오차:0.0
22:14:21  전방여부:0
22:14:21  위험음성횟수:96
22:14:21  충격음성횟수:0
22:14:21  마지막위험음성:3
22:14:21  RSSI원시:-77
22:14:21  RSSI평활:-77.5
22:14:21  RSSI샘플:2334
22:14:21  RSSI경과ms:121
22:14:21  RSSI구간:1
22:14:21  RSSI거리:11.67
22:14:21  상대보정:1
22:14:21  상대보정중:0
22:14:21  보정동쪽:-7.13
22:14:21  보정북쪽:-5.77
22:14:21  위험송신:2334
22:14:22  시각ms:375863
22:14:22  IMU시각ms:375862
22:14:22  위험:0
22:14:22  원시위험:0
22:14:22  GPS유효:1
22:14:22  위도:37.496533
22:14:22  경도:126.957491
22:14:22  속도:1.07
22:14:22  방향:276.2
22:14:22  이동방향유효:1
22:14:22  GPS이동방향:276.2
22:14:22  차체방향유효:1
22:14:22  차체방향:88.3
22:14:22  후진판정:1
22:14:22  IMU요회전속도:-0.05
22:14:22  방향가속도크기:15.14
22:14:22  방향자이로크기:61.72
22:14:22  방향자세cos:0.7535
22:14:22  자기모델잔차:25.08
22:14:22  자기모델반경:2.139
22:14:22  방향채택:0
22:14:22  방향거부:46305
22:14:22  GPS원시속도:1.070
22:14:22  GPS원시방향유효:1
22:14:22  GPS원시방향:277.0
22:14:22  가속도:-1.87,4.92,14.19
22:14:22  자이로:54.4,-28.4,6.8
22:14:22  자력계:7.350,46.200,14.700
22:14:22  충격값:6.76
22:14:22  충격피크:14.79
22:14:22  마지막충격발생값:0.00
22:14:22  마지막충격발생ms:0
22:14:22  송신:3573
22:14:22  지팡이수신:2339
22:14:22  GPS위성:9
22:14:22  GPS_HDOP:0.94
22:14:22  원시위도:37.496533
22:14:22  원시경도:126.957492
22:14:22  GPS채택:1834
22:14:22  GPS이상치거부:1
22:14:22  GPS품질거부:1
22:14:22  GPS재기준:0
22:14:22  계산거리:-1.00
22:14:22  접근속도:0.00
22:14:22  TTC:999.00
22:14:22  방향오차:0.0
22:14:22  전방여부:0
22:14:22  위험음성횟수:96
22:14:22  충격음성횟수:0
22:14:22  마지막위험음성:3
22:14:22  RSSI원시:-80
22:14:22  RSSI평활:-78.6
22:14:22  RSSI샘플:2339
22:14:22  RSSI경과ms:27
22:14:22  RSSI구간:1
22:14:22  RSSI거리:12.00
22:14:22  상대보정:1
22:14:22  상대보정중:0
22:14:22  보정동쪽:-7.13
22:14:22  보정북쪽:-5.77
22:14:22  위험송신:2339
22:14:22  시각ms:376375
22:14:22  IMU시각ms:376375
22:14:22  위험:0
22:14:22  원시위험:0
22:14:22  GPS유효:1
22:14:22  위도:37.496533
22:14:22  경도:126.957485
22:14:22  속도:1.07
22:14:22  방향:273.2
22:14:22  이동방향유효:1
22:14:22  GPS이동방향:273.2
22:14:22  차체방향유효:1
22:14:22  차체방향:90.6
22:14:22  후진판정:1
22:14:22  IMU요회전속도:0.00
22:14:22  방향가속도크기:14.31
22:14:22  방향자이로크기:31.70
22:14:22  방향자세cos:0.9805
22:14:22  자기모델잔차:22.63
22:14:22  자기모델반경:2.164
22:14:22  방향채택:0
22:14:22  방향거부:46368
22:14:22  GPS원시속도:1.049
22:14:22  GPS원시방향유효:1
22:14:22  GPS원시방향:270.3
22:14:22  가속도:-2.99,3.18,13.63
22:14:22  자이로:-29.9,9.8,-3.6
22:14:22  자력계:5.100,44.550,12.150
22:14:22  충격값:5.51
22:14:22  충격피크:8.77
22:14:22  마지막충격발생값:0.00
22:14:22  마지막충격발생ms:0
22:14:22  송신:3578
22:14:22  지팡이수신:2342
22:14:22  GPS위성:9
22:14:22  GPS_HDOP:0.94
22:14:22  원시위도:37.496533
22:14:22  원시경도:126.957485
22:14:22  GPS채택:1837
22:14:22  GPS이상치거부:1
22:14:22  GPS품질거부:1
22:14:22  GPS재기준:0
22:14:22  계산거리:-1.00
22:14:22  접근속도:0.00
22:14:22  TTC:999.00
22:14:22  방향오차:0.0
22:14:22  전방여부:0
22:14:22  위험음성횟수:96
22:14:22  충격음성횟수:0
22:14:22  마지막위험음성:3
22:14:22  RSSI원시:-77
22:14:22  RSSI평활:-78.4
22:14:22  RSSI샘플:2342
22:14:22  RSSI경과ms:23
22:14:22  RSSI구간:1
22:14:22  RSSI거리:12.00
22:14:22  상대보정:1
22:14:22  상대보정중:0
22:14:22  보정동쪽:-7.13
22:14:22  보정북쪽:-5.77
22:14:22  위험송신:2342
22:14:23  시각ms:376897
22:14:23  IMU시각ms:376897
22:14:23  위험:0
22:14:23  원시위험:0
22:14:23  GPS유효:1
22:14:23  위도:37.496533
22:14:23  경도:126.957478
22:14:23  속도:1.10
22:14:23  방향:271.5
22:14:23  이동방향유효:1
22:14:23  GPS이동방향:271.5
22:14:23  차체방향유효:1
22:14:23  차체방향:91.2
22:14:23  후진판정:1
22:14:23  IMU요회전속도:-4.88
22:14:23  방향가속도크기:11.05
22:14:23  방향자이로크기:36.85
22:14:23  방향자세cos:0.8589
22:14:23  자기모델잔차:20.26
22:14:23  자기모델반경:2.133
22:14:23  방향채택:0
22:14:23  방향거부:46432
22:14:23  GPS원시속도:1.106
22:14:23  GPS원시방향유효:1
22:14:23  GPS원시방향:270.1
22:14:23  가속도:-2.51,-4.79,9.63
22:14:23  자이로:-10.1,35.0,5.9
22:14:23  자력계:5.250,41.250,10.050
22:14:23  충격값:5.66
22:14:23  충격피크:9.36
22:14:23  마지막충격발생값:0.00
22:14:23  마지막충격발생ms:0
22:14:23  송신:3583
22:14:23  지팡이수신:2346
22:14:23  GPS위성:9
22:14:23  GPS_HDOP:0.94
22:14:23  원시위도:37.496533
22:14:23  원시경도:126.957480
22:14:23  GPS채택:1839
22:14:23  GPS이상치거부:1
22:14:23  GPS품질거부:1
22:14:23  GPS재기준:0
22:14:23  계산거리:-1.00
22:14:23  접근속도:0.00
22:14:23  TTC:999.00
22:14:23  방향오차:0.0
22:14:23  전방여부:0
22:14:23  위험음성횟수:96
22:14:23  충격음성횟수:0
22:14:23  마지막위험음성:3
22:14:23  RSSI원시:-75
22:14:23  RSSI평활:-76.9
22:14:23  RSSI샘플:2346
22:14:23  RSSI경과ms:25
22:14:23  RSSI구간:1
22:14:23  RSSI거리:11.01
22:14:23  상대보정:1
22:14:23  상대보정중:0
22:14:23  보정동쪽:-7.13
22:14:23  보정북쪽:-5.77
22:14:23  위험송신:2346
22:14:23  시각ms:376998
22:14:23  IMU시각ms:376997
22:14:23  위험:0
22:14:23  원시위험:0
22:14:23  GPS유효:1
22:14:23  위도:37.496533
22:14:23  경도:126.957477
22:14:23  속도:1.08
22:14:23  방향:270.5
22:14:23  이동방향유효:1
22:14:23  GPS이동방향:270.5
22:14:23  차체방향유효:1
22:14:23  차체방향:91.3
22:14:23  후진판정:1
22:14:23  IMU요회전속도:0.00
22:14:23  방향가속도크기:9.26
22:14:23  방향자이로크기:26.59
22:14:23  방향자세cos:0.9773
22:14:23  자기모델잔차:20.87
22:14:23  자기모델반경:2.138
22:14:23  방향채택:0
22:14:23  방향거부:46446
22:14:23  GPS원시속도:1.070
22:14:23  GPS원시방향유효:1
22:14:23  GPS원시방향:268.6
22:14:23  가속도:-1.32,-1.29,9.08
22:14:23  자이로:-23.4,-11.9,-3.9
22:14:23  자력계:3.900,41.400,10.650
22:14:23  충격값:2.05
22:14:23  충격피크:6.50
22:14:23  마지막충격발생값:0.00
22:14:23  마지막충격발생ms:0
22:14:23  송신:3584
22:14:23  지팡이수신:2346
22:14:23  GPS위성:9
22:14:23  GPS_HDOP:0.94
22:14:23  원시위도:37.496533
22:14:23  원시경도:126.957477
22:14:23  GPS채택:1840
22:14:23  GPS이상치거부:1
22:14:23  GPS품질거부:1
22:14:23  GPS재기준:0
22:14:23  계산거리:-1.00
22:14:23  접근속도:0.00
22:14:23  TTC:999.00
22:14:23  방향오차:0.0
22:14:23  전방여부:0
22:14:23  위험음성횟수:96
22:14:23  충격음성횟수:0
22:14:23  마지막위험음성:3
22:14:23  RSSI원시:-75
22:14:23  RSSI평활:-76.9
22:14:23  RSSI샘플:2346
22:14:23  RSSI경과ms:126
22:14:23  RSSI구간:1
22:14:23  RSSI거리:11.01
22:14:23  상대보정:1
22:14:23  상대보정중:0
22:14:23  보정동쪽:-7.13
22:14:23  보정북쪽:-5.77
22:14:23  위험송신:2346
22:14:24  시각ms:377836
22:14:24  IMU시각ms:377835
22:14:24  위험:0
22:14:24  원시위험:0
22:14:24  GPS유효:1
22:14:24  위도:37.496533
22:14:24  경도:126.957468
22:14:24  속도:0.80
22:14:24  방향:270.7
22:14:24  이동방향유효:1
22:14:24  GPS이동방향:270.7
22:14:24  차체방향유효:1
22:14:24  차체방향:94.4
22:14:24  후진판정:1
22:14:24  IMU요회전속도:25.84
22:14:24  방향가속도크기:12.19
22:14:24  방향자이로크기:32.41
22:14:24  방향자세cos:0.9947
22:14:24  자기모델잔차:21.91
22:14:24  자기모델반경:1.982
22:14:24  방향채택:0
22:14:24  방향거부:46544
22:14:24  GPS원시속도:0.731
22:14:24  GPS원시방향유효:1
22:14:24  GPS원시방향:270.7
22:14:24  가속도:-1.80,0.48,12.04
22:14:24  자이로:3.6,13.8,-29.1
22:14:24  자력계:9.300,37.200,12.150
22:14:24  충격값:2.65
22:14:24  충격피크:9.94
22:14:24  마지막충격발생값:0.00
22:14:24  마지막충격발생ms:0
22:14:24  송신:3592
22:14:24  지팡이수신:2352
22:14:24  GPS위성:9
22:14:24  GPS_HDOP:0.94
22:14:24  원시위도:37.496533
22:14:24  원시경도:126.957470
22:14:24  GPS채택:1844
22:14:24  GPS이상치거부:1
22:14:24  GPS품질거부:1
22:14:24  GPS재기준:0
22:14:24  계산거리:-1.00
22:14:24  접근속도:0.00
22:14:24  TTC:999.00
22:14:24  방향오차:0.0
22:14:24  전방여부:0
22:14:24  위험음성횟수:97
22:14:24  충격음성횟수:0
22:14:24  마지막위험음성:3
22:14:24  RSSI원시:-83
22:14:24  RSSI평활:-78.1
22:14:24  RSSI샘플:2352
22:14:24  RSSI경과ms:24
22:14:24  RSSI구간:1
22:14:24  RSSI거리:12.00
22:14:24  상대보정:1
22:14:24  상대보정중:0
22:14:24  보정동쪽:-7.13
22:14:24  보정북쪽:-5.77
22:14:24  위험송신:2352
22:14:24  시각ms:377935
22:14:24  IMU시각ms:377935
22:14:24  위험:0
22:14:24  원시위험:0
22:14:24  GPS유효:1
22:14:24  위도:37.496533
22:14:24  경도:126.957467
22:14:24  속도:0.80
22:14:24  방향:270.7
22:14:24  이동방향유효:1
22:14:24  GPS이동방향:270.7
22:14:24  차체방향유효:1
22:14:24  차체방향:97.0
22:14:24  후진판정:1
22:14:24  IMU요회전속도:35.72
22:14:24  방향가속도크기:7.39
22:14:24  방향자이로크기:79.17
22:14:24  방향자세cos:0.9836
22:14:24  자기모델잔차:22.55
22:14:24  자기모델반경:1.953
22:14:24  방향채택:0
22:14:24  방향거부:46556
22:14:24  GPS원시속도:0.731
22:14:24  GPS원시방향유효:1
22:14:24  GPS원시방향:270.7
22:14:24  가속도:0.32,3.02,6.74
22:14:24  자이로:-62.4,-25.5,-41.5
22:14:24  자력계:9.900,35.700,13.500
22:14:24  충격값:4.27
22:14:24  충격피크:4.57
22:14:24  마지막충격발생값:0.00
22:14:24  마지막충격발생ms:0
22:14:24  송신:3593
22:14:24  지팡이수신:2353
22:14:24  GPS위성:9
22:14:24  GPS_HDOP:0.94
22:14:24  원시위도:37.496533
22:14:24  원시경도:126.957470
22:14:24  GPS채택:1844
22:14:24  GPS이상치거부:1
22:14:24  GPS품질거부:1
22:14:24  GPS재기준:0
22:14:24  계산거리:-1.00
22:14:24  접근속도:0.00
22:14:24  TTC:999.00
22:14:24  방향오차:0.0
22:14:24  전방여부:0
22:14:24  위험음성횟수:97
22:14:24  충격음성횟수:0
22:14:24  마지막위험음성:3
22:14:24  RSSI원시:-77
22:14:24  RSSI평활:-77.9
22:14:24  RSSI샘플:2353
22:14:24  RSSI경과ms:22
22:14:24  RSSI구간:1
22:14:24  RSSI거리:12.00
22:14:24  상대보정:1
22:14:24  상대보정중:0
22:14:24  보정동쪽:-7.13
22:14:24  보정북쪽:-5.77
22:14:24  위험송신:2353
22:14:24  시각ms:378036
22:14:24  IMU시각ms:378035
22:14:24  위험:0
22:14:24  원시위험:0
22:14:24  GPS유효:1
22:14:24  위도:37.496533
22:14:24  경도:126.957467
22:14:24  속도:0.73
22:14:24  방향:270.8
22:14:24  이동방향유효:1
22:14:24  GPS이동방향:270.8
22:14:24  차체방향유효:1
22:14:24  차체방향:99.7
22:14:24  후진판정:1
22:14:24  IMU요회전속도:37.25
22:14:24  방향가속도크기:13.33
22:14:24  방향자이로크기:46.65
22:14:24  방향자세cos:0.9836
22:14:24  자기모델잔차:22.55
22:14:24  자기모델반경:1.953
22:14:24  방향채택:0
22:14:24  방향거부:46570
22:14:24  GPS원시속도:0.653
22:14:24  GPS원시방향유효:1
22:14:24  GPS원시방향:271.1
22:14:24  가속도:-1.66,2.27,13.03
22:14:24  자이로:-10.0,-16.4,-42.5
22:14:24  자력계:10.650,33.750,13.500
22:14:24  충격값:4.66
22:14:24  충격피크:24.13
22:14:24  마지막충격발생값:0.00
22:14:24  마지막충격발생ms:0
22:14:24  송신:3594
22:14:24  지팡이수신:2353
22:14:24  GPS위성:9
22:14:24  GPS_HDOP:0.94
22:14:24  원시위도:37.496533
22:14:24  원시경도:126.957468
22:14:24  GPS채택:1845
22:14:24  GPS이상치거부:1
22:14:24  GPS품질거부:1
22:14:24  GPS재기준:0
22:14:24  계산거리:-1.00
22:14:24  접근속도:0.00
22:14:24  TTC:999.00
22:14:24  방향오차:0.0
22:14:24  전방여부:0
22:14:24  위험음성횟수:97
22:14:24  충격음성횟수:0
22:14:24  마지막위험음성:3
22:14:24  RSSI원시:-77
22:14:24  RSSI평활:-77.9
22:14:24  RSSI샘플:2353
22:14:24  RSSI경과ms:123
22:14:24  RSSI구간:1
22:14:24  RSSI거리:12.00
22:14:24  상대보정:1
22:14:24  상대보정중:0
22:14:24  보정동쪽:-7.13
22:14:24  보정북쪽:-5.77
22:14:24  위험송신:2353
22:14:24  시각ms:378142
22:14:24  IMU시각ms:378141
22:14:24  위험:0
22:14:24  원시위험:0
22:14:24  GPS유효:1
22:14:24  위도:37.496533
22:14:24  경도:126.957466
22:14:24  속도:0.73
22:14:24  방향:270.8
22:14:24  이동방향유효:1
22:14:24  GPS이동방향:270.8
22:14:24  차체방향유효:1
22:14:24  차체방향:99.4
22:14:24  후진판정:1
22:14:24  IMU요회전속도:4.47
22:14:24  방향가속도크기:11.66
22:14:24  방향자이로크기:29.99
22:14:24  방향자세cos:0.9807
22:14:24  자기모델잔차:24.51
22:14:24  자기모델반경:1.823
22:14:24  방향채택:0
22:14:24  방향거부:46583
22:14:24  GPS원시속도:0.741
22:14:24  GPS원시방향유효:1
22:14:24  GPS원시방향:270.8
22:14:24  가속도:-2.60,-0.37,11.36
22:14:24  자이로:-16.2,24.0,-7.6
22:14:24  자력계:9.900,32.550,15.300
22:14:24  충격값:2.62
22:14:24  충격피크:10.31
22:14:24  마지막충격발생값:0.00
22:14:24  마지막충격발생ms:0
22:14:24  송신:3595
22:14:24  지팡이수신:2354
22:14:24  GPS위성:9
22:14:24  GPS_HDOP:0.94
22:14:24  원시위도:37.496533
22:14:24  원시경도:126.957467
22:14:24  GPS채택:1846
22:14:24  GPS이상치거부:1
22:14:24  GPS품질거부:1
22:14:24  GPS재기준:0
22:14:24  계산거리:-1.00
22:14:24  접근속도:0.00
22:14:24  TTC:999.00
22:14:24  방향오차:0.0
22:14:24  전방여부:0
22:14:24  위험음성횟수:97
22:14:24  충격음성횟수:0
22:14:24  마지막위험음성:3
22:14:24  RSSI원시:-76
22:14:24  RSSI평활:-77.5
22:14:24  RSSI샘플:2354
22:14:24  RSSI경과ms:22
22:14:24  RSSI구간:1
22:14:24  RSSI거리:11.62
22:14:24  상대보정:1
22:14:24  상대보정중:0
22:14:24  보정동쪽:-7.13
22:14:24  보정북쪽:-5.77
22:14:24  위험송신:2354
22:14:25  시각ms:378974
22:14:25  IMU시각ms:378950
22:14:25  위험:0
22:14:25  원시위험:0
22:14:25  GPS유효:1
22:14:25  위도:37.496533
22:14:25  경도:126.957461
22:14:25  속도:0.54
22:14:25  방향:278.6
22:14:25  이동방향유효:1
22:14:25  GPS이동방향:278.6
22:14:25  차체방향유효:1
22:14:25  차체방향:95.3
22:14:25  후진판정:1
22:14:25  IMU요회전속도:-1.33
22:14:25  방향가속도크기:8.51
22:14:25  방향자이로크기:26.35
22:14:25  방향자세cos:0.9705
22:14:25  자기모델잔차:24.31
22:14:25  자기모델반경:2.024
22:14:25  방향채택:0
22:14:25  방향거부:46674
22:14:25  GPS원시속도:0.494
22:14:25  GPS원시방향유효:1
22:14:25  GPS원시방향:282.8
22:14:25  가속도:1.31,-0.75,8.37
22:14:25  자이로:-22.0,14.3,2.3
22:14:25  자력계:8.100,38.700,14.400
22:14:25  충격값:2.36
22:14:25  충격피크:7.74
22:14:25  마지막충격발생값:0.00
22:14:25  마지막충격발생ms:0
22:14:25  송신:3603
22:14:25  지팡이수신:2361
22:14:25  GPS위성:9
22:14:25  GPS_HDOP:0.94
22:14:25  원시위도:37.496533
22:14:25  원시경도:126.957461
22:14:25  GPS채택:1850
22:14:25  GPS이상치거부:1
22:14:25  GPS품질거부:1
22:14:25  GPS재기준:0
22:14:25  계산거리:-1.00
22:14:25  접근속도:0.00
22:14:25  TTC:999.00
22:14:25  방향오차:0.0
22:14:25  전방여부:0
22:14:25  위험음성횟수:98
22:14:25  충격음성횟수:0
22:14:25  마지막위험음성:1
22:14:25  RSSI원시:-77
22:14:25  RSSI평활:-76.4
22:14:25  RSSI샘플:2361
22:14:25  RSSI경과ms:26
22:14:25  RSSI구간:1
22:14:25  RSSI거리:10.51
22:14:25  상대보정:1
22:14:25  상대보정중:0
22:14:25  보정동쪽:-7.13
22:14:25  보정북쪽:-5.77
22:14:25  위험송신:2361
22:14:26  시각ms:380317
22:14:26  IMU시각ms:380293
22:14:26  위험:0
22:14:26  원시위험:0
22:14:26  GPS유효:1
22:14:26  위도:37.496533
22:14:26  경도:126.957458
22:14:26  속도:0.15
22:14:26  방향:279.5
22:14:26  이동방향유효:0
22:14:26  GPS이동방향:279.5
22:14:26  차체방향유효:1
22:14:26  차체방향:96.0
22:14:26  후진판정:1
22:14:26  IMU요회전속도:0.00
22:14:26  방향가속도크기:9.19
22:14:26  방향자이로크기:3.02
22:14:26  방향자세cos:0.9986
22:14:26  자기모델잔차:25.93
22:14:26  자기모델반경:2.014
22:14:26  방향채택:0
22:14:26  방향거부:46814
22:14:26  GPS원시속도:0.129
22:14:26  GPS원시방향유효:1
22:14:26  GPS원시방향:280.1
22:14:26  가속도:-0.70,0.06,9.17
22:14:26  자이로:2.6,1.5,-0.6
22:14:26  자력계:7.950,38.550,16.050
22:14:26  충격값:0.64
22:14:26  충격피크:1.27
22:14:26  마지막충격발생값:0.00
22:14:26  마지막충격발생ms:0
22:14:26  송신:3616
22:14:26  지팡이수신:2374
22:14:26  GPS위성:9
22:14:26  GPS_HDOP:0.94
22:14:26  원시위도:37.496533
22:14:26  원시경도:126.957458
22:14:26  GPS채택:1856
22:14:26  GPS이상치거부:1
22:14:26  GPS품질거부:1
22:14:26  GPS재기준:0
22:14:26  계산거리:-1.00
22:14:26  접근속도:0.00
22:14:26  TTC:999.00
22:14:26  방향오차:0.0
22:14:26  전방여부:0
22:14:26  위험음성횟수:99
22:14:26  충격음성횟수:0
22:14:26  마지막위험음성:1
22:14:26  RSSI원시:-78
22:14:26  RSSI평활:-79.4
22:14:26  RSSI샘플:2374
22:14:26  RSSI경과ms:30
22:14:26  RSSI구간:1
22:14:26  RSSI거리:12.00
22:14:26  상대보정:1
22:14:26  상대보정중:0
22:14:26  보정동쪽:-7.13
22:14:26  보정북쪽:-5.77
22:14:26  위험송신:2374
22:14:26  시각ms:380517
22:14:26  IMU시각ms:380517
22:14:26  위험:0
22:14:26  원시위험:0
22:14:26  GPS유효:1
22:14:26  위도:37.496533
22:14:26  경도:126.957458
22:14:26  속도:0.10
22:14:26  방향:279.5
22:14:26  이동방향유효:0
22:14:26  GPS이동방향:279.5
22:14:26  차체방향유효:1
22:14:26  차체방향:96.0
22:14:26  후진판정:1
22:14:26  IMU요회전속도:0.00
22:14:26  방향가속도크기:11.01
22:14:26  방향자이로크기:5.68
22:14:26  방향자세cos:1.0000
22:14:26  자기모델잔차:24.57
22:14:26  자기모델반경:2.006
22:14:26  방향채택:0
22:14:26  방향거부:46840
22:14:26  GPS원시속도:0.057
22:14:26  GPS원시방향유효:1
22:14:26  GPS원시방향:280.1
22:14:26  가속도:-0.47,0.62,10.98
22:14:26  자이로:5.6,0.8,0.5
22:14:26  자력계:9.300,38.250,14.700
22:14:26  충격값:1.30
22:14:26  충격피크:1.79
22:14:26  마지막충격발생값:0.00
22:14:26  마지막충격발생ms:0
22:14:26  송신:3618
22:14:26  지팡이수신:2375
22:14:26  GPS위성:9
22:14:26  GPS_HDOP:0.94
22:14:26  원시위도:37.496533
22:14:26  원시경도:126.957458
22:14:26  GPS채택:1857
22:14:26  GPS이상치거부:1
22:14:26  GPS품질거부:1
22:14:26  GPS재기준:0
22:14:26  계산거리:-1.00
22:14:26  접근속도:0.00
22:14:26  TTC:999.00
22:14:26  방향오차:0.0
22:14:26  전방여부:0
22:14:26  위험음성횟수:99
22:14:26  충격음성횟수:0
22:14:26  마지막위험음성:1
22:14:26  RSSI원시:-79
22:14:26  RSSI평활:-79.3
22:14:26  RSSI샘플:2375
22:14:26  RSSI경과ms:22
22:14:26  RSSI구간:1
22:14:26  RSSI거리:12.00
22:14:26  상대보정:1
22:14:26  상대보정중:0
22:14:26  보정동쪽:-7.13
22:14:26  보정북쪽:-5.77
22:14:26  위험송신:2375
22:14:27  시각ms:381046
22:14:27  IMU시각ms:381045
22:14:27  위험:0
22:14:27  원시위험:0
22:14:27  GPS유효:1
22:14:27  위도:37.496533
22:14:27  경도:126.957458
22:14:27  속도:0.03
22:14:27  방향:279.5
22:14:27  이동방향유효:0
22:14:27  GPS이동방향:279.5
22:14:27  차체방향유효:1
22:14:27  차체방향:96.0
22:14:27  후진판정:1
22:14:27  IMU요회전속도:0.00
22:14:27  방향가속도크기:9.88
22:14:27  방향자이로크기:1.95
22:14:27  방향자세cos:0.9994
22:14:27  자기모델잔차:24.98
22:14:27  자기모델반경:1.996
22:14:27  방향채택:0
22:14:27  방향거부:46905
22:14:27  GPS원시속도:0.021
22:14:27  GPS원시방향유효:1
22:14:27  GPS원시방향:280.1
22:14:27  가속도:-0.17,0.31,9.88
22:14:27  자이로:-1.6,1.1,0.0
22:14:27  자력계:8.550,37.950,15.150
22:14:27  충격값:0.24
22:14:27  충격피크:0.41
22:14:27  마지막충격발생값:0.00
22:14:27  마지막충격발생ms:0
22:14:27  송신:3623
22:14:27  지팡이수신:2380
22:14:27  GPS위성:9
22:14:27  GPS_HDOP:0.94
22:14:27  원시위도:37.496533
22:14:27  원시경도:126.957458
22:14:27  GPS채택:1860
22:14:27  GPS이상치거부:1
22:14:27  GPS품질거부:1
22:14:27  GPS재기준:0
22:14:27  계산거리:-1.00
22:14:27  접근속도:0.00
22:14:27  TTC:999.00
22:14:27  방향오차:0.0
22:14:27  전방여부:0
22:14:27  위험음성횟수:99
22:14:27  충격음성횟수:0
22:14:27  마지막위험음성:1
22:14:27  RSSI원시:-78
22:14:27  RSSI평활:-78.8
22:14:27  RSSI샘플:2380
22:14:27  RSSI경과ms:34
22:14:27  RSSI구간:1
22:14:27  RSSI거리:12.00
22:14:27  상대보정:1
22:14:27  상대보정중:0
22:14:27  보정동쪽:-7.13
22:14:27  보정북쪽:-5.77
22:14:27  위험송신:2380
22:14:27  시각ms:381358
22:14:27  IMU시각ms:381357
22:14:27  위험:0
22:14:27  원시위험:0
22:14:27  GPS유효:1
22:14:27  위도:37.496533
22:14:27  경도:126.957458
22:14:27  속도:0.02
22:14:27  방향:279.5
22:14:27  이동방향유효:0
22:14:27  GPS이동방향:279.5
22:14:27  차체방향유효:1
22:14:27  차체방향:96.0
22:14:27  후진판정:1
22:14:27  IMU요회전속도:0.00
22:14:27  방향가속도크기:9.63
22:14:27  방향자이로크기:2.25
22:14:27  방향자세cos:0.9993
22:14:27  자기모델잔차:25.50
22:14:27  자기모델반경:2.058
22:14:27  방향채택:0
22:14:27  방향거부:46940
22:14:27  GPS원시속도:0.015
22:14:27  GPS원시방향유효:1
22:14:27  GPS원시방향:280.1
22:14:27  가속도:-0.43,0.11,9.62
22:14:27  자이로:-0.6,-2.1,0.4
22:14:27  자력계:8.100,39.900,15.450
22:14:27  충격값:0.19
22:14:27  충격피크:0.53
22:14:27  마지막충격발생값:0.00
22:14:27  마지막충격발생ms:0
22:14:27  송신:3626
22:14:27  지팡이수신:2383
22:14:27  GPS위성:9
22:14:27  GPS_HDOP:0.94
22:14:27  원시위도:37.496533
22:14:27  원시경도:126.957457
22:14:27  GPS채택:1862
22:14:27  GPS이상치거부:1
22:14:27  GPS품질거부:1
22:14:27  GPS재기준:0
22:14:27  계산거리:-1.00
22:14:27  접근속도:0.00
22:14:27  TTC:999.00
22:14:27  방향오차:0.0
22:14:27  전방여부:0
22:14:27  위험음성횟수:99
22:14:27  충격음성횟수:0
22:14:27  마지막위험음성:1
22:14:27  RSSI원시:-80
22:14:27  RSSI평활:-79.0
22:14:27  RSSI샘플:2383
22:14:27  RSSI경과ms:38
22:14:27  RSSI구간:1
22:14:27  RSSI거리:12.00
22:14:27  상대보정:1
22:14:27  상대보정중:0
22:14:27  보정동쪽:-7.13
22:14:27  보정북쪽:-5.77
22:14:27  위험송신:2383
22:14:27  시각ms:381463
22:14:27  IMU시각ms:381462
22:14:27  위험:0
22:14:27  원시위험:0
22:14:27  GPS유효:1
22:14:27  위도:37.496533
22:14:27  경도:126.957458
22:14:27  속도:0.02
22:14:27  방향:279.5
22:14:27  이동방향유효:0
22:14:27  GPS이동방향:279.5
22:14:27  차체방향유효:1
22:14:27  차체방향:96.0
22:14:27  후진판정:1
22:14:27  IMU요회전속도:0.00
22:14:27  방향가속도크기:11.71
22:14:27  방향자이로크기:3.56
22:14:27  방향자세cos:0.9964
22:14:27  자기모델잔차:24.74
22:14:27  자기모델반경:2.064
22:14:27  방향채택:0
22:14:27  방향거부:46953
22:14:27  GPS원시속도:0.015
22:14:27  GPS원시방향유효:1
22:14:27  GPS원시방향:280.1
22:14:27  가속도:0.45,0.38,11.69
22:14:27  자이로:2.5,-1.5,-2.0
22:14:27  자력계:7.050,39.900,14.700
22:14:27  충격값:2.21
22:14:27  충격피크:5.31
22:14:27  마지막충격발생값:0.00
22:14:27  마지막충격발생ms:0
22:14:27  송신:3627
22:14:27  지팡이수신:2384
22:14:27  GPS위성:9
22:14:27  GPS_HDOP:0.94
22:14:27  원시위도:37.496533
22:14:27  원시경도:126.957457
22:14:27  GPS채택:1862
22:14:27  GPS이상치거부:1
22:14:27  GPS품질거부:1
22:14:27  GPS재기준:0
22:14:27  계산거리:-1.00
22:14:27  접근속도:0.00
22:14:27  TTC:999.00
22:14:27  방향오차:0.0
22:14:27  전방여부:0
22:14:27  위험음성횟수:99
22:14:27  충격음성횟수:0
22:14:27  마지막위험음성:1
22:14:27  RSSI원시:-80
22:14:27  RSSI평활:-79.2
22:14:27  RSSI샘플:2384
22:14:27  RSSI경과ms:40
22:14:27  RSSI구간:1
22:14:27  RSSI거리:12.00
22:14:27  상대보정:1
22:14:27  상대보정중:0
22:14:27  보정동쪽:-7.13
22:14:27  보정북쪽:-5.77
22:14:27  위험송신:2384
22:14:31  시각ms:384898
22:14:31  IMU시각ms:384897
22:14:31  위험:0
22:14:31  원시위험:0
22:14:31  GPS유효:1
22:14:31  위도:37.496531
22:14:31  경도:126.957479
22:14:31  속도:0.84
22:14:31  방향:92.6
22:14:31  이동방향유효:1
22:14:31  GPS이동방향:92.6
22:14:31  차체방향유효:1
22:14:31  차체방향:98.4
22:14:31  후진판정:0
22:14:31  IMU요회전속도:0.00
22:14:31  방향가속도크기:12.30
22:14:31  방향자이로크기:32.79
22:14:31  방향자세cos:0.9908
22:14:31  자기모델잔차:24.13
22:14:31  자기모델반경:2.107
22:14:31  방향채택:0
22:14:31  방향거부:47385
22:14:31  GPS원시속도:0.864
22:14:31  GPS원시방향유효:1
22:14:31  GPS원시방향:91.7
22:14:31  가속도:-0.16,-1.02,12.26
22:14:31  자이로:10.9,-30.9,-1.2
22:14:31  자력계:6.300,41.100,13.950
22:14:31  충격값:3.08
22:14:31  충격피크:11.12
22:14:31  마지막충격발생값:0.00
22:14:31  마지막충격발생ms:0
22:14:31  송신:3660
22:14:31  지팡이수신:2408
22:14:31  GPS위성:9
22:14:31  GPS_HDOP:0.94
22:14:31  원시위도:37.496531
22:14:31  원시경도:126.957478
22:14:31  GPS채택:1879
22:14:31  GPS이상치거부:1
22:14:31  GPS품질거부:1
22:14:31  GPS재기준:0
22:14:31  계산거리:-1.00
22:14:31  접근속도:0.00
22:14:31  TTC:999.00
22:14:31  방향오차:0.0
22:14:31  전방여부:0
22:14:31  위험음성횟수:100
22:14:31  충격음성횟수:0
22:14:31  마지막위험음성:1
22:14:31  RSSI원시:-77
22:14:31  RSSI평활:-79.5
22:14:31  RSSI샘플:2408
22:14:31  RSSI경과ms:260
22:14:31  RSSI구간:1
22:14:31  RSSI거리:12.00
22:14:31  상대보정:1
22:14:31  상대보정중:0
22:14:31  보정동쪽:-7.13
22:14:31  보정북쪽:-5.77
22:14:31  위험송신:2408
22:14:31  시각ms:385110
22:14:31  IMU시각ms:385109
22:14:31  위험:0
22:14:31  원시위험:0
22:14:31  GPS유효:1
22:14:31  위도:37.496531
22:14:31  경도:126.957482
22:14:31  속도:0.87
22:14:31  방향:92.4
22:14:31  이동방향유효:1
22:14:31  GPS이동방향:92.4
22:14:31  차체방향유효:1
22:14:31  차체방향:96.9
22:14:31  후진판정:0
22:14:31  IMU요회전속도:-0.98
22:14:31  방향가속도크기:13.24
22:14:31  방향자이로크기:21.61
22:14:31  방향자세cos:0.9600
22:14:31  자기모델잔차:22.68
22:14:31  자기모델반경:2.122
22:14:31  방향채택:0
22:14:31  방향거부:47411
22:14:31  GPS원시속도:0.890
22:14:31  GPS원시방향유효:1
22:14:31  GPS원시방향:92.1
22:14:31  가속도:-4.20,0.23,12.56
22:14:31  자이로:-18.2,-11.4,2.8
22:14:31  자력계:7.950,44.400,12.750
22:14:31  충격값:5.02
22:14:31  충격피크:14.04
22:14:31  마지막충격발생값:0.00
22:14:31  마지막충격발생ms:0
22:14:31  송신:3662
22:14:31  지팡이수신:2410
22:14:31  GPS위성:9
22:14:31  GPS_HDOP:0.94
22:14:31  원시위도:37.496531
22:14:31  원시경도:126.957480
22:14:31  GPS채택:1880
22:14:31  GPS이상치거부:1
22:14:31  GPS품질거부:1
22:14:31  GPS재기준:0
22:14:31  계산거리:-1.00
22:14:31  접근속도:0.00
22:14:31  TTC:999.00
22:14:31  방향오차:0.0
22:14:31  전방여부:0
22:14:31  위험음성횟수:100
22:14:31  충격음성횟수:0
22:14:31  마지막위험음성:1
22:14:31  RSSI원시:-77
22:14:31  RSSI평활:-78.7
22:14:31  RSSI샘플:2410
22:14:31  RSSI경과ms:61
22:14:31  RSSI구간:1
22:14:31  RSSI거리:12.00
22:14:31  상대보정:1
22:14:31  상대보정중:0
22:14:31  보정동쪽:-7.13
22:14:31  보정북쪽:-5.77
22:14:31  위험송신:2410
22:14:31  시각ms:385423
22:14:31  IMU시각ms:385422
22:14:31  위험:1
22:14:31  원시위험:0
22:14:31  GPS유효:1
22:14:31  위도:37.496531
22:14:31  경도:126.957485
22:14:31  속도:0.89
22:14:31  방향:93.4
22:14:31  이동방향유효:1
22:14:31  GPS이동방향:93.4
22:14:31  차체방향유효:1
22:14:31  차체방향:95.2
22:14:31  후진판정:0
22:14:31  IMU요회전속도:0.00
22:14:31  방향가속도크기:9.67
22:14:31  방향자이로크기:20.14
22:14:31  방향자세cos:0.9780
22:14:31  자기모델잔차:25.87
22:14:31  자기모델반경:2.244
22:14:31  방향채택:0
22:14:31  방향거부:47448
22:14:31  GPS원시속도:0.890
22:14:31  GPS원시방향유효:1
22:14:31  GPS원시방향:94.5
22:14:31  가속도:0.86,-1.08,9.57
22:14:31  자이로:18.9,7.0,1.2
22:14:31  자력계:7.800,45.750,15.150
22:14:31  충격값:1.70
22:14:31  충격피크:5.50
22:14:31  마지막충격발생값:0.00
22:14:31  마지막충격발생ms:0
22:14:31  송신:3665
22:14:31  지팡이수신:2413
22:14:31  GPS위성:9
22:14:31  GPS_HDOP:0.94
22:14:31  원시위도:37.496531
22:14:31  원시경도:126.957484
22:14:31  GPS채택:1882
22:14:31  GPS이상치거부:1
22:14:31  GPS품질거부:1
22:14:31  GPS재기준:0
22:14:31  계산거리:-1.00
22:14:31  접근속도:0.00
22:14:31  TTC:999.00
22:14:31  방향오차:0.0
22:14:31  전방여부:0
22:14:31  위험음성횟수:101
22:14:31  충격음성횟수:0
22:14:31  마지막위험음성:1
22:14:31  RSSI원시:-77
22:14:31  RSSI평활:-78.5
22:14:31  RSSI샘플:2413
22:14:31  RSSI경과ms:65
22:14:31  RSSI구간:1
22:14:31  RSSI거리:12.00
22:14:31  상대보정:1
22:14:31  상대보정중:0
22:14:31  보정동쪽:-7.13
22:14:31  보정북쪽:-5.77
22:14:31  위험송신:2413
22:14:31  시각ms:385634
22:14:31  IMU시각ms:385633
22:14:31  위험:0
22:14:31  원시위험:0
22:14:31  GPS유효:1
22:14:31  위도:37.496531
22:14:31  경도:126.957487
22:14:31  속도:0.89
22:14:31  방향:93.8
22:14:31  이동방향유효:1
22:14:31  GPS이동방향:93.8
22:14:31  차체방향유효:1
22:14:31  차체방향:94.5
22:14:31  후진판정:0
22:14:31  IMU요회전속도:-1.26
22:14:31  방향가속도크기:9.58
22:14:31  방향자이로크기:29.92
22:14:31  방향자세cos:0.9638
22:14:31  자기모델잔차:24.82
22:14:31  자기모델반경:2.203
22:14:31  방향채택:0
22:14:31  방향거부:47474
22:14:31  GPS원시속도:0.885
22:14:31  GPS원시방향유효:1
22:14:31  GPS원시방향:94.6
22:14:31  가속도:-0.79,-2.07,9.32
22:14:31  자이로:2.4,-29.6,3.9
22:14:31  자력계:9.450,44.400,14.250
22:14:31  충격값:2.08
22:14:31  충격피크:12.47
22:14:31  마지막충격발생값:0.00
22:14:31  마지막충격발생ms:0
22:14:31  송신:3667
22:14:31  지팡이수신:2415
22:14:31  GPS위성:9
22:14:31  GPS_HDOP:0.94
22:14:31  원시위도:37.496531
22:14:31  원시경도:126.957486
22:14:31  GPS채택:1883
22:14:31  GPS이상치거부:1
22:14:31  GPS품질거부:1
22:14:31  GPS재기준:0
22:14:31  계산거리:-1.00
22:14:31  접근속도:0.00
22:14:31  TTC:999.00
22:14:31  방향오차:0.0
22:14:31  전방여부:0
22:14:31  위험음성횟수:101
22:14:31  충격음성횟수:0
22:14:31  마지막위험음성:1
22:14:31  RSSI원시:-79
22:14:31  RSSI평활:-78.5
22:14:31  RSSI샘플:2415
22:14:31  RSSI경과ms:70
22:14:31  RSSI구간:1
22:14:31  RSSI거리:12.00
22:14:31  상대보정:1
22:14:31  상대보정중:0
22:14:31  보정동쪽:-7.13
22:14:31  보정북쪽:-5.77
22:14:31  위험송신:2415
22:14:33  시각ms:386984
22:14:33  IMU시각ms:386983
22:14:33  위험:0
22:14:33  원시위험:0
22:14:33  GPS유효:1
22:14:33  위도:37.496530
22:14:33  경도:126.957502
22:14:33  속도:0.96
22:14:33  방향:94.8
22:14:33  이동방향유효:1
22:14:33  GPS이동방향:94.8
22:14:33  차체방향유효:1
22:14:33  차체방향:98.0
22:14:33  후진판정:0
22:14:33  IMU요회전속도:-4.03
22:14:33  방향가속도크기:10.44
22:14:33  방향자이로크기:17.27
22:14:33  방향자세cos:0.6371
22:14:33  자기모델잔차:25.65
22:14:33  자기모델반경:2.089
22:14:33  방향채택:0
22:14:33  방향거부:47645
22:14:33  GPS원시속도:0.977
22:14:33  GPS원시방향유효:1
22:14:33  GPS원시방향:95.4
22:14:33  가속도:4.26,-6.28,7.17
22:14:33  자이로:-3.9,-15.5,6.6
22:14:33  자력계:10.500,40.350,13.950
22:14:33  충격값:8.34
22:14:33  충격피크:11.66
22:14:33  마지막충격발생값:0.00
22:14:33  마지막충격발생ms:0
22:14:33  송신:3680
22:14:33  지팡이수신:2423
22:14:33  GPS위성:9
22:14:33  GPS_HDOP:0.94
22:14:33  원시위도:37.496530
22:14:33  원시경도:126.957502
22:14:33  GPS채택:1890
22:14:33  GPS이상치거부:1
22:14:33  GPS품질거부:1
22:14:33  GPS재기준:0
22:14:33  계산거리:-1.00
22:14:33  접근속도:0.00
22:14:33  TTC:999.00
22:14:33  방향오차:0.0
22:14:33  전방여부:0
22:14:33  위험음성횟수:102
22:14:33  충격음성횟수:0
22:14:33  마지막위험음성:1
22:14:33  RSSI원시:-78
22:14:33  RSSI평활:-78.8
22:14:33  RSSI샘플:2423
22:14:33  RSSI경과ms:162
22:14:33  RSSI구간:1
22:14:33  RSSI거리:12.00
22:14:33  상대보정:1
22:14:33  상대보정중:0
22:14:33  보정동쪽:-7.13
22:14:33  보정북쪽:-5.77
22:14:33  위험송신:2423
22:14:33  시각ms:387714
22:14:33  IMU시각ms:387713
22:14:33  위험:0
22:14:33  원시위험:0
22:14:33  GPS유효:1
22:14:33  위도:37.496529
22:14:33  경도:126.957510
22:14:33  속도:0.97
22:14:33  방향:95.4
22:14:33  이동방향유효:1
22:14:33  GPS이동방향:95.4
22:14:33  차체방향유효:1
22:14:33  차체방향:96.9
22:14:33  후진판정:0
22:14:33  IMU요회전속도:-3.25
22:14:33  방향가속도크기:9.89
22:14:33  방향자이로크기:28.93
22:14:33  방향자세cos:0.7748
22:14:33  자기모델잔차:21.41
22:14:33  자기모델반경:2.043
22:14:33  방향채택:0
22:14:33  방향거부:47734
22:14:33  GPS원시속도:0.952
22:14:33  GPS원시방향유효:1
22:14:33  GPS원시방향:96.0
22:14:33  가속도:-2.30,-5.55,7.85
22:14:33  자이로:-27.8,7.3,3.5
22:14:33  자력계:9.600,39.450,12.450
22:14:33  충격값:6.50
22:14:33  충격피크:9.31
22:14:33  마지막충격발생값:0.00
22:14:33  마지막충격발생ms:0
22:14:33  송신:3687
22:14:33  지팡이수신:2429
22:14:33  GPS위성:9
22:14:33  GPS_HDOP:0.94
22:14:33  원시위도:37.496529
22:14:33  원시경도:126.957508
22:14:33  GPS채택:1893
22:14:33  GPS이상치거부:1
22:14:33  GPS품질거부:1
22:14:33  GPS재기준:0
22:14:33  계산거리:-1.00
22:14:33  접근속도:0.00
22:14:33  TTC:999.00
22:14:33  방향오차:0.0
22:14:33  전방여부:0
22:14:33  위험음성횟수:103
22:14:33  충격음성횟수:0
22:14:33  마지막위험음성:1
22:14:33  RSSI원시:-74
22:14:33  RSSI평활:-77.6
22:14:33  RSSI샘플:2429
22:14:33  RSSI경과ms:71
22:14:33  RSSI구간:1
22:14:33  RSSI거리:11.70
22:14:33  상대보정:1
22:14:33  상대보정중:0
22:14:33  보정동쪽:-7.13
22:14:33  보정북쪽:-5.77
22:14:33  위험송신:2429
22:14:34  시각ms:387820
22:14:34  IMU시각ms:387819
22:14:34  위험:0
22:14:34  원시위험:0
22:14:34  GPS유효:1
22:14:34  위도:37.496529
22:14:34  경도:126.957511
22:14:34  속도:0.98
22:14:34  방향:95.7
22:14:34  이동방향유효:1
22:14:34  GPS이동방향:95.7
22:14:34  차체방향유효:1
22:14:34  차체방향:96.2
22:14:34  후진판정:0
22:14:34  IMU요회전속도:-12.33
22:14:34  방향가속도크기:7.68
22:14:34  방향자이로크기:43.82
22:14:34  방향자세cos:0.9842
22:14:34  자기모델잔차:22.40
22:14:34  자기모델반경:2.070
22:14:34  방향채택:0
22:14:34  방향거부:47747
22:14:34  GPS원시속도:0.993
22:14:34  GPS원시방향유효:1
22:14:34  GPS원시방향:96.3
22:14:34  가속도:-1.42,1.20,7.46
22:14:34  자이로:40.4,1.1,17.1
22:14:34  자력계:9.900,40.050,12.300
22:14:34  충격값:2.83
22:14:34  충격피크:8.03
22:14:34  마지막충격발생값:0.00
22:14:34  마지막충격발생ms:0
22:14:34  송신:3688
22:14:34  지팡이수신:2430
22:14:34  GPS위성:9
22:14:34  GPS_HDOP:0.94
22:14:34  원시위도:37.496529
22:14:34  원시경도:126.957510
22:14:34  GPS채택:1894
22:14:34  GPS이상치거부:1
22:14:34  GPS품질거부:1
22:14:34  GPS재기준:0
22:14:34  계산거리:-1.00
22:14:34  접근속도:0.00
22:14:34  TTC:999.00
22:14:34  방향오차:0.0
22:14:34  전방여부:0
22:14:34  위험음성횟수:103
22:14:34  충격음성횟수:0
22:14:34  마지막위험음성:1
22:14:34  RSSI원시:-83
22:14:34  RSSI평활:-78.6
22:14:34  RSSI샘플:2430
22:14:34  RSSI경과ms:74
22:14:34  RSSI구간:1
22:14:34  RSSI거리:12.00
22:14:34  상대보정:1
22:14:34  상대보정중:0
22:14:34  보정동쪽:-7.13
22:14:34  보정북쪽:-5.77
22:14:34  위험송신:2430
22:14:34  시각ms:388241
22:14:34  IMU시각ms:388240
22:14:34  위험:0
22:14:34  원시위험:0
22:14:34  GPS유효:1
22:14:34  위도:37.496529
22:14:34  경도:126.957516
22:14:34  속도:0.97
22:14:34  방향:95.9
22:14:34  이동방향유효:1
22:14:34  GPS이동방향:95.9
22:14:34  차체방향유효:1
22:14:34  차체방향:94.5
22:14:34  후진판정:0
22:14:34  IMU요회전속도:0.00
22:14:34  방향가속도크기:10.90
22:14:34  방향자이로크기:35.30
22:14:34  방향자세cos:0.9946
22:14:34  자기모델잔차:23.62
22:14:34  자기모델반경:2.165
22:14:34  방향채택:0
22:14:34  방향거부:47799
22:14:34  GPS원시속도:0.972
22:14:34  GPS원시방향유효:1
22:14:34  GPS원시방향:95.3
22:14:34  가속도:-0.61,1.66,10.75
22:14:34  자이로:35.1,3.0,1.5
22:14:34  자력계:8.100,43.050,13.200
22:14:34  충격값:1.41
22:14:34  충격피크:7.34
22:14:34  마지막충격발생값:0.00
22:14:34  마지막충격발생ms:0
22:14:34  송신:3692
22:14:34  지팡이수신:2434
22:14:34  GPS위성:9
22:14:34  GPS_HDOP:0.94
22:14:34  원시위도:37.496529
22:14:34  원시경도:126.957515
22:14:34  GPS채택:1896
22:14:34  GPS이상치거부:1
22:14:34  GPS품질거부:1
22:14:34  GPS재기준:0
22:14:34  계산거리:-1.00
22:14:34  접근속도:0.00
22:14:34  TTC:999.00
22:14:34  방향오차:0.0
22:14:34  전방여부:0
22:14:34  위험음성횟수:103
22:14:34  충격음성횟수:0
22:14:34  마지막위험음성:1
22:14:34  RSSI원시:-75
22:14:34  RSSI평활:-77.4
22:14:34  RSSI샘플:2434
22:14:34  RSSI경과ms:85
22:14:34  RSSI구간:1
22:14:34  RSSI거리:11.55
22:14:34  상대보정:1
22:14:34  상대보정중:0
22:14:34  보정동쪽:-7.13
22:14:34  보정북쪽:-5.77
22:14:34  위험송신:2434
22:14:34  시각ms:388555
22:14:34  IMU시각ms:388554
22:14:34  위험:0
22:14:34  원시위험:0
22:14:34  GPS유효:1
22:14:34  위도:37.496529
22:14:34  경도:126.957520
22:14:34  속도:1.02
22:14:34  방향:94.0
22:14:34  이동방향유효:1
22:14:34  GPS이동방향:94.0
22:14:34  차체방향유효:1
22:14:34  차체방향:99.1
22:14:34  후진판정:0
22:14:34  IMU요회전속도:-11.00
22:14:34  방향가속도크기:7.62
22:14:34  방향자이로크기:36.99
22:14:34  방향자세cos:0.9138
22:14:34  자기모델잔차:23.56
22:14:34  자기모델반경:2.054
22:14:34  방향채택:0
22:14:34  방향거부:47836
22:14:34  GPS원시속도:1.034
22:14:34  GPS원시방향유효:1
22:14:34  GPS원시방향:91.5
22:14:34  가속도:2.58,1.45,7.02
22:14:34  자이로:-34.8,-2.4,12.3
22:14:34  자력계:8.700,39.750,13.050
22:14:34  충격값:4.25
22:14:34  충격피크:8.81
22:14:34  마지막충격발생값:0.00
22:14:34  마지막충격발생ms:0
22:14:34  송신:3695
22:14:34  지팡이수신:2437
22:14:34  GPS위성:9
22:14:34  GPS_HDOP:1.03
22:14:34  원시위도:37.496529
22:14:34  원시경도:126.957520
22:14:34  GPS채택:1898
22:14:34  GPS이상치거부:1
22:14:34  GPS품질거부:1
22:14:34  GPS재기준:0
22:14:34  계산거리:-1.00
22:14:34  접근속도:0.00
22:14:34  TTC:999.00
22:14:34  방향오차:0.0
22:14:34  전방여부:0
22:14:34  위험음성횟수:103
22:14:34  충격음성횟수:0
22:14:34  마지막위험음성:1
22:14:34  RSSI원시:-73
22:14:34  RSSI평활:-76.7
22:14:34  RSSI샘플:2437
22:14:34  RSSI경과ms:88
22:14:34  RSSI구간:1
22:14:34  RSSI거리:10.76
22:14:34  상대보정:1
22:14:34  상대보정중:0
22:14:34  보정동쪽:-7.13
22:14:34  보정북쪽:-5.77
22:14:34  위험송신:2437
22:14:34  시각ms:388661
22:14:34  IMU시각ms:388660
22:14:34  위험:0
22:14:34  원시위험:0
22:14:34  GPS유효:1
22:14:34  위도:37.496529
22:14:34  경도:126.957521
22:14:34  속도:1.02
22:14:34  방향:94.0
22:14:34  이동방향유효:1
22:14:34  GPS이동방향:94.0
22:14:34  차체방향유효:1
22:14:34  차체방향:98.5
22:14:34  후진판정:0
22:14:34  IMU요회전속도:-5.52
22:14:34  방향가속도크기:11.31
22:14:34  방향자이로크기:10.18
22:14:34  방향자세cos:0.9467
22:14:34  자기모델잔차:23.93
22:14:34  자기모델반경:2.079
22:14:34  방향채택:0
22:14:34  방향거부:47849
22:14:34  GPS원시속도:1.034
22:14:34  GPS원시방향유효:1
22:14:34  GPS원시방향:91.5
22:14:34  가속도:-4.00,-0.44,10.57
22:14:34  자이로:2.6,-5.0,8.4
22:14:34  자력계:9.300,40.350,14.400
22:14:34  충격값:3.69
22:14:34  충격피크:15.36
22:14:34  마지막충격발생값:0.00
22:14:34  마지막충격발생ms:0
22:14:34  송신:3696
22:14:34  지팡이수신:2438
22:14:34  GPS위성:9
22:14:34  GPS_HDOP:1.03
22:14:34  원시위도:37.496529
22:14:34  원시경도:126.957520
22:14:34  GPS채택:1898
22:14:34  GPS이상치거부:1
22:14:34  GPS품질거부:1
22:14:34  GPS재기준:0
22:14:34  계산거리:-1.00
22:14:34  접근속도:0.00
22:14:34  TTC:999.00
22:14:34  방향오차:0.0
22:14:34  전방여부:0
22:14:34  위험음성횟수:103
22:14:34  충격음성횟수:0
22:14:34  마지막위험음성:1
22:14:34  RSSI원시:-80
22:14:34  RSSI평활:-77.3
22:14:34  RSSI샘플:2438
22:14:34  RSSI경과ms:89
22:14:34  RSSI구간:1
22:14:34  RSSI거리:11.46
22:14:34  상대보정:1
22:14:34  상대보정중:0
22:14:34  보정동쪽:-7.13
22:14:34  보정북쪽:-5.77
22:14:34  위험송신:2438
22:14:35  시각ms:388761
22:14:35  IMU시각ms:388760
22:14:35  위험:0
22:14:35  원시위험:0
22:14:35  GPS유효:1
22:14:35  위도:37.496529
22:14:35  경도:126.957522
22:14:35  속도:1.00
22:14:35  방향:94.0
22:14:35  이동방향유효:1
22:14:35  GPS이동방향:94.0
22:14:35  차체방향유효:1
22:14:35  차체방향:97.7
22:14:35  후진판정:0
22:14:35  IMU요회전속도:-1.24
22:14:35  방향가속도크기:3.18
22:14:35  방향자이로크기:51.17
22:14:35  방향자세cos:0.8332
22:14:35  자기모델잔차:24.07
22:14:35  자기모델반경:2.073
22:14:35  방향채택:0
22:14:35  방향거부:47863
22:14:35  GPS원시속도:0.977
22:14:35  GPS원시방향유효:1
22:14:35  GPS원시방향:93.8
22:14:35  가속도:-1.38,0.15,2.86
22:14:35  자이로:24.5,-44.0,8.9
22:14:35  자력계:9.450,40.500,13.500
22:14:35  충격값:7.51
22:14:35  충격피크:9.62
22:14:35  마지막충격발생값:0.00
22:14:35  마지막충격발생ms:0
22:14:35  송신:3697
22:14:35  지팡이수신:2438
22:14:35  GPS위성:9
22:14:35  GPS_HDOP:0.94
22:14:35  원시위도:37.496529
22:14:35  원시경도:126.957522
22:14:35  GPS채택:1899
22:14:35  GPS이상치거부:1
22:14:35  GPS품질거부:1
22:14:35  GPS재기준:0
22:14:35  계산거리:-1.00
22:14:35  접근속도:0.00
22:14:35  TTC:999.00
22:14:35  방향오차:0.0
22:14:35  전방여부:0
22:14:35  위험음성횟수:103
22:14:35  충격음성횟수:0
22:14:35  마지막위험음성:1
22:14:35  RSSI원시:-80
22:14:35  RSSI평활:-77.3
22:14:35  RSSI샘플:2438
22:14:35  RSSI경과ms:189
22:14:35  RSSI구간:1
22:14:35  RSSI거리:11.46
22:14:35  상대보정:1
22:14:35  상대보정중:0
22:14:35  보정동쪽:-7.13
22:14:35  보정북쪽:-5.77
22:14:35  위험송신:2438
22:14:35  시각ms:388961
22:14:35  IMU시각ms:388960
22:14:35  위험:0
22:14:35  원시위험:0
22:14:35  GPS유효:1
22:14:35  위도:37.496529
22:14:35  경도:126.957525
22:14:35  속도:0.99
22:14:35  방향:93.9
22:14:35  이동방향유효:1
22:14:35  GPS이동방향:93.9
22:14:35  차체방향유효:1
22:14:35  차체방향:96.2
22:14:35  후진판정:0
22:14:35  IMU요회전속도:-2.95
22:14:35  방향가속도크기:12.89
22:14:35  방향자이로크기:30.39
22:14:35  방향자세cos:0.8870
22:14:35  자기모델잔차:22.92
22:14:35  자기모델반경:2.051
22:14:35  방향채택:0
22:14:35  방향거부:47891
22:14:35  GPS원시속도:0.983
22:14:35  GPS원시방향유효:1
22:14:35  GPS원시방향:93.8
22:14:35  가속도:4.16,-3.09,11.80
22:14:35  자이로:-27.2,-12.7,4.6
22:14:35  자력계:8.850,39.450,12.900
22:14:35  충격값:6.15
22:14:35  충격피크:9.76
22:14:35  마지막충격발생값:0.00
22:14:35  마지막충격발생ms:0
22:14:35  송신:3699
22:14:35  지팡이수신:2438
22:14:35  GPS위성:9
22:14:35  GPS_HDOP:0.94
22:14:35  원시위도:37.496529
22:14:35  원시경도:126.957524
22:14:35  GPS채택:1900
22:14:35  GPS이상치거부:1
22:14:35  GPS품질거부:1
22:14:35  GPS재기준:0
22:14:35  계산거리:-1.00
22:14:35  접근속도:0.00
22:14:35  TTC:999.00
22:14:35  방향오차:0.0
22:14:35  전방여부:0
22:14:35  위험음성횟수:103
22:14:35  충격음성횟수:0
22:14:35  마지막위험음성:1
22:14:35  RSSI원시:-80
22:14:35  RSSI평활:-77.3
22:14:35  RSSI샘플:2438
22:14:35  RSSI경과ms:389
22:14:35  RSSI구간:1
22:14:35  RSSI거리:11.46
22:14:35  상대보정:1
22:14:35  상대보정중:0
22:14:35  보정동쪽:-7.13
22:14:35  보정북쪽:-5.77
22:14:35  위험송신:2438
22:14:35  시각ms:389066
22:14:35  IMU시각ms:389065
22:14:35  위험:0
22:14:35  원시위험:0
22:14:35  GPS유효:1
22:14:35  위도:37.496529
22:14:35  경도:126.957526
22:14:35  속도:0.99
22:14:35  방향:93.9
22:14:35  이동방향유효:1
22:14:35  GPS이동방향:93.9
22:14:35  차체방향유효:1
22:14:35  차체방향:95.9
22:14:35  후진판정:0
22:14:35  IMU요회전속도:0.00
22:14:35  방향가속도크기:14.37
22:14:35  방향자이로크기:28.45
22:14:35  방향자세cos:0.9430
22:14:35  자기모델잔차:23.14
22:14:35  자기모델반경:2.068
22:14:35  방향채택:0
22:14:35  방향거부:47904
22:14:35  GPS원시속도:0.983
22:14:35  GPS원시방향유효:1
22:14:35  GPS원시방향:93.8
22:14:35  가속도:-7.09,0.12,12.50
22:14:35  자이로:26.8,9.4,2.3
22:14:35  자력계:8.550,41.100,15.150
22:14:35  충격값:6.99
22:14:35  충격피크:11.39
22:14:35  마지막충격발생값:0.00
22:14:35  마지막충격발생ms:0
22:14:35  송신:3700
22:14:35  지팡이수신:2439
22:14:35  GPS위성:9
22:14:35  GPS_HDOP:0.94
22:14:35  원시위도:37.496529
22:14:35  원시경도:126.957524
22:14:35  GPS채택:1900
22:14:35  GPS이상치거부:1
22:14:35  GPS품질거부:1
22:14:35  GPS재기준:0
22:14:35  계산거리:-1.00
22:14:35  접근속도:0.00
22:14:35  TTC:999.00
22:14:35  방향오차:0.0
22:14:35  전방여부:0
22:14:35  위험음성횟수:103
22:14:35  충격음성횟수:0
22:14:35  마지막위험음성:1
22:14:35  RSSI원시:-80
22:14:35  RSSI평활:-77.9
22:14:35  RSSI샘플:2439
22:14:35  RSSI경과ms:78
22:14:35  RSSI구간:1
22:14:35  RSSI거리:12.00
22:14:35  상대보정:1
22:14:35  상대보정중:0
22:14:35  보정동쪽:-7.13
22:14:35  보정북쪽:-5.77
22:14:35  위험송신:2439
22:14:35  시각ms:389285
22:14:35  IMU시각ms:389262
22:14:35  위험:0
22:14:35  원시위험:0
22:14:35  GPS유효:1
22:14:35  위도:37.496528
22:14:35  경도:126.957528
22:14:35  속도:1.01
22:14:35  방향:93.6
22:14:35  이동방향유효:1
22:14:35  GPS이동방향:93.6
22:14:35  차체방향유효:1
22:14:35  차체방향:94.5
22:14:35  후진판정:0
22:14:35  IMU요회전속도:-7.66
22:14:35  방향가속도크기:8.92
22:14:35  방향자이로크기:20.16
22:14:35  방향자세cos:0.9411
22:14:35  자기모델잔차:22.81
22:14:35  자기모델반경:2.139
22:14:35  방향채택:0
22:14:35  방향거부:47928
22:14:35  GPS원시속도:1.034
22:14:35  GPS원시방향유효:1
22:14:35  GPS원시방향:93.2
22:14:35  가속도:-0.53,3.42,8.22
22:14:35  자이로:-17.3,-3.8,9.6
22:14:35  자력계:8.550,40.350,12.450
22:14:35  충격값:3.80
22:14:35  충격피크:12.86
22:14:35  마지막충격발생값:0.00
22:14:35  마지막충격발생ms:0
22:14:35  송신:3702
22:14:35  지팡이수신:2441
22:14:35  GPS위성:9
22:14:35  GPS_HDOP:0.94
22:14:35  원시위도:37.496528
22:14:35  원시경도:126.957527
22:14:35  GPS채택:1901
22:14:35  GPS이상치거부:1
22:14:35  GPS품질거부:1
22:14:35  GPS재기준:0
22:14:35  계산거리:-1.00
22:14:35  접근속도:0.00
22:14:35  TTC:999.00
22:14:35  방향오차:0.0
22:14:35  전방여부:0
22:14:35  위험음성횟수:103
22:14:35  충격음성횟수:0
22:14:35  마지막위험음성:1
22:14:35  RSSI원시:-79
22:14:35  RSSI평활:-78.4
22:14:35  RSSI샘플:2441
22:14:35  RSSI경과ms:91
22:14:35  RSSI구간:1
22:14:35  RSSI거리:12.00
22:14:35  상대보정:1
22:14:35  상대보정중:0
22:14:35  보정동쪽:-7.13
22:14:35  보정북쪽:-5.77
22:14:35  위험송신:2441
22:14:35  시각ms:389378
22:14:35  IMU시각ms:389377
22:14:35  위험:0
22:14:35  원시위험:0
22:14:35  GPS유효:1
22:14:35  위도:37.496528
22:14:35  경도:126.957529
22:14:35  속도:0.98
22:14:35  방향:94.6
22:14:35  이동방향유효:1
22:14:35  GPS이동방향:94.6
22:14:35  차체방향유효:1
22:14:35  차체방향:94.2
22:14:35  후진판정:0
22:14:35  IMU요회전속도:-11.11
22:14:35  방향가속도크기:6.42
22:14:35  방향자이로크기:37.26
22:14:35  방향자세cos:0.9568
22:14:35  자기모델잔차:22.81
22:14:35  자기모델반경:2.139
22:14:35  방향채택:0
22:14:35  방향거부:47939
22:14:35  GPS원시속도:0.957
22:14:35  GPS원시방향유효:1
22:14:35  GPS원시방향:96.4
22:14:35  가속도:-1.95,0.89,6.05
22:14:35  자이로:30.6,15.7,14.3
22:14:35  자력계:9.450,40.950,12.300
22:14:35  충격값:4.00
22:14:35  충격피크:11.60
22:14:35  마지막충격발생값:0.00
22:14:35  마지막충격발생ms:0
22:14:35  송신:3703
22:14:35  지팡이수신:2442
22:14:35  GPS위성:9
22:14:35  GPS_HDOP:0.94
22:14:35  원시위도:37.496528
22:14:35  원시경도:126.957529
22:14:35  GPS채택:1902
22:14:35  GPS이상치거부:1
22:14:35  GPS품질거부:1
22:14:35  GPS재기준:0
22:14:35  계산거리:-1.00
22:14:35  접근속도:0.00
22:14:35  TTC:999.00
22:14:35  방향오차:0.0
22:14:35  전방여부:0
22:14:35  위험음성횟수:103
22:14:35  충격음성횟수:0
22:14:35  마지막위험음성:1
22:14:35  RSSI원시:-85
22:14:35  RSSI평활:-79.7
22:14:35  RSSI샘플:2442
22:14:35  RSSI경과ms:81
22:14:35  RSSI구간:1
22:14:35  RSSI거리:12.00
22:14:35  상대보정:1
22:14:35  상대보정중:0
22:14:35  보정동쪽:-7.13
22:14:35  보정북쪽:-5.77
22:14:35  위험송신:2442
22:14:35  시각ms:389584
22:14:35  IMU시각ms:389583
22:14:35  위험:1
22:14:35  원시위험:0
22:14:35  GPS유효:1
22:14:35  위도:37.496528
22:14:35  경도:126.957532
22:14:35  속도:0.99
22:14:35  방향:94.2
22:14:35  이동방향유효:1
22:14:35  GPS이동방향:94.2
22:14:35  차체방향유효:1
22:14:35  차체방향:96.7
22:14:35  후진판정:0
22:14:35  IMU요회전속도:37.64
22:14:35  방향가속도크기:7.36
22:14:35  방향자이로크기:47.18
22:14:35  방향자세cos:0.8541
22:14:35  자기모델잔차:22.38
22:14:35  자기모델반경:2.146
22:14:35  방향채택:0
22:14:35  방향거부:47966
22:14:35  GPS원시속도:1.003
22:14:35  GPS원시방향유효:1
22:14:35  GPS원시방향:93.4
22:14:35  가속도:5.77,3.40,3.05
22:14:35  자이로:-14.9,16.8,-41.5
22:14:35  자력계:10.500,39.450,11.400
22:14:35  충격값:9.41
22:14:35  충격피크:11.00
22:14:35  마지막충격발생값:0.00
22:14:35  마지막충격발생ms:0
22:14:35  송신:3705
22:14:35  지팡이수신:2443
22:14:35  GPS위성:9
22:14:35  GPS_HDOP:0.94
22:14:35  원시위도:37.496528
22:14:35  원시경도:126.957531
22:14:35  GPS채택:1903
22:14:35  GPS이상치거부:1
22:14:35  GPS품질거부:1
22:14:35  GPS재기준:0
22:14:35  계산거리:-1.00
22:14:35  접근속도:0.00
22:14:35  TTC:999.00
22:14:35  방향오차:0.0
22:14:35  전방여부:0
22:14:35  위험음성횟수:104
22:14:35  충격음성횟수:0
22:14:35  마지막위험음성:1
22:14:35  RSSI원시:-83
22:14:35  RSSI평활:-80.4
22:14:35  RSSI샘플:2443
22:14:35  RSSI경과ms:78
22:14:35  RSSI구간:1
22:14:35  RSSI거리:12.00
22:14:35  상대보정:1
22:14:35  상대보정중:0
22:14:35  보정동쪽:-7.13
22:14:35  보정북쪽:-5.77
22:14:35  위험송신:2443
22:14:35  시각ms:389690
22:14:35  IMU시각ms:389689
22:14:35  위험:0
22:14:35  원시위험:0
22:14:35  GPS유효:1
22:14:35  위도:37.496528
22:14:35  경도:126.957533
22:14:35  속도:0.99
22:14:35  방향:94.2
22:14:35  이동방향유효:1
22:14:35  GPS이동방향:94.2
22:14:35  차체방향유효:1
22:14:35  차체방향:98.3
22:14:35  후진판정:0
22:14:35  IMU요회전속도:-12.32
22:14:35  방향가속도크기:8.38
22:14:35  방향자이로크기:35.47
22:14:35  방향자세cos:0.9253
22:14:35  자기모델잔차:20.08
22:14:35  자기모델반경:2.052
22:14:35  방향채택:0
22:14:35  방향거부:47979
22:14:35  GPS원시속도:1.003
22:14:35  GPS원시방향유효:1
22:14:35  GPS원시방향:93.4
22:14:35  가속도:-0.95,3.50,7.56
22:14:35  자이로:-3.7,33.0,12.6
22:14:35  자력계:10.050,37.950,10.650
22:14:35  충격값:3.65
22:14:35  충격피크:11.50
22:14:35  마지막충격발생값:0.00
22:14:35  마지막충격발생ms:0
22:14:35  송신:3706
22:14:35  지팡이수신:2444
22:14:35  GPS위성:9
22:14:35  GPS_HDOP:0.94
22:14:35  원시위도:37.496528
22:14:35  원시경도:126.957531
22:14:35  GPS채택:1903
22:14:35  GPS이상치거부:1
22:14:35  GPS품질거부:1
22:14:35  GPS재기준:0
22:14:35  계산거리:-1.00
22:14:35  접근속도:0.00
22:14:35  TTC:999.00
22:14:35  방향오차:0.0
22:14:35  전방여부:0
22:14:35  위험음성횟수:104
22:14:35  충격음성횟수:0
22:14:35  마지막위험음성:1
22:14:35  RSSI원시:-78
22:14:35  RSSI평활:-79.9
22:14:35  RSSI샘플:2444
22:14:35  RSSI경과ms:82
22:14:35  RSSI구간:1
22:14:35  RSSI거리:12.00
22:14:35  상대보정:1
22:14:35  상대보정중:0
22:14:35  보정동쪽:-7.13
22:14:35  보정북쪽:-5.77
22:14:35  위험송신:2444
22:14:35  시각ms:389791
22:14:35  IMU시각ms:389790
22:14:35  위험:0
22:14:35  원시위험:0
22:14:35  GPS유효:1
22:14:35  위도:37.496528
22:14:35  경도:126.957534
22:14:35  속도:0.99
22:14:35  방향:94.0
22:14:35  이동방향유효:1
22:14:35  GPS이동방향:94.0
22:14:35  차체방향유효:1
22:14:35  차체방향:96.9
22:14:35  후진판정:0
22:14:35  IMU요회전속도:0.00
22:14:35  방향가속도크기:6.74
22:14:35  방향자이로크기:29.62
22:14:35  방향자세cos:0.9830
22:14:35  자기모델잔차:21.33
22:14:35  자기모델반경:2.063
22:14:35  방향채택:0
22:14:35  방향거부:47993
22:14:35  GPS원시속도:0.988
22:14:35  GPS원시방향유효:1
22:14:35  GPS원시방향:93.6
22:14:35  가속도:0.00,-6.30,2.40
22:14:35  자이로:-29.4,-3.6,0.1
22:14:35  자력계:10.050,39.900,11.700
22:14:35  충격값:9.96
22:14:35  충격피크:13.40
22:14:35  마지막충격발생값:0.00
22:14:35  마지막충격발생ms:0
22:14:35  송신:3707
22:14:35  지팡이수신:2444
22:14:35  GPS위성:9
22:14:35  GPS_HDOP:0.94
22:14:35  원시위도:37.496528
22:14:35  원시경도:126.957533
22:14:35  GPS채택:1904
22:14:35  GPS이상치거부:1
22:14:35  GPS품질거부:1
22:14:35  GPS재기준:0
22:14:35  계산거리:-1.00
22:14:35  접근속도:0.00
22:14:35  TTC:999.00
22:14:35  방향오차:0.0
22:14:35  전방여부:0
22:14:35  위험음성횟수:104
22:14:35  충격음성횟수:0
22:14:35  마지막위험음성:1
22:14:35  RSSI원시:-78
22:14:35  RSSI평활:-79.9
22:14:35  RSSI샘플:2444
22:14:35  RSSI경과ms:183
22:14:35  RSSI구간:1
22:14:35  RSSI거리:12.00
22:14:35  상대보정:1
22:14:35  상대보정중:0
22:14:35  보정동쪽:-7.13
22:14:35  보정북쪽:-5.77
22:14:35  위험송신:2444
22:14:36  시각ms:389897
22:14:36  IMU시각ms:389896
22:14:36  위험:0
22:14:36  원시위험:0
22:14:36  GPS유효:1
22:14:36  위도:37.496528
22:14:36  경도:126.957535
22:14:36  속도:0.99
22:14:36  방향:94.0
22:14:36  이동방향유효:1
22:14:36  GPS이동방향:94.0
22:14:36  차체방향유효:1
22:14:36  차체방향:96.4
22:14:36  후진판정:0
22:14:36  IMU요회전속도:0.00
22:14:36  방향가속도크기:6.61
22:14:36  방향자이로크기:36.67
22:14:36  방향자세cos:0.9528
22:14:36  자기모델잔차:21.33
22:14:36  자기모델반경:2.063
22:14:36  방향채택:0
22:14:36  방향거부:48006
22:14:36  GPS원시속도:0.988
22:14:36  GPS원시방향유효:1
22:14:36  GPS원시방향:93.6
22:14:36  가속도:-1.03,-4.60,4.64
22:14:36  자이로:-35.5,8.0,-4.1
22:14:36  자력계:10.950,40.500,11.550
22:14:36  충격값:7.18
22:14:36  충격피크:7.86
22:14:36  마지막충격발생값:0.00
22:14:36  마지막충격발생ms:0
22:14:36  송신:3708
22:14:36  지팡이수신:2445
22:14:36  GPS위성:9
22:14:36  GPS_HDOP:0.94
22:14:36  원시위도:37.496528
22:14:36  원시경도:126.957533
22:14:36  GPS채택:1904
22:14:36  GPS이상치거부:1
22:14:36  GPS품질거부:1
22:14:36  GPS재기준:0
22:14:36  계산거리:-1.00
22:14:36  접근속도:0.00
22:14:36  TTC:999.00
22:14:36  방향오차:0.0
22:14:36  전방여부:0
22:14:36  위험음성횟수:104
22:14:36  충격음성횟수:0
22:14:36  마지막위험음성:1
22:14:36  RSSI원시:-81
22:14:36  RSSI평활:-80.1
22:14:36  RSSI샘플:2445
22:14:36  RSSI경과ms:80
22:14:36  RSSI구간:1
22:14:36  RSSI거리:12.00
22:14:36  상대보정:1
22:14:36  상대보정중:0
22:14:36  보정동쪽:-7.13
22:14:36  보정북쪽:-5.77
22:14:36  위험송신:2445
22:14:36  시각ms:389997
22:14:36  IMU시각ms:389996
22:14:36  위험:0
22:14:36  원시위험:0
22:14:36  GPS유효:1
22:14:36  위도:37.496528
22:14:36  경도:126.957536
22:14:36  속도:0.92
22:14:36  방향:93.2
22:14:36  이동방향유효:1
22:14:36  GPS이동방향:93.2
22:14:36  차체방향유효:1
22:14:36  차체방향:95.2
22:14:36  후진판정:0
22:14:36  IMU요회전속도:-12.39
22:14:36  방향가속도크기:11.87
22:14:36  방향자이로크기:21.38
22:14:36  방향자세cos:0.9371
22:14:36  자기모델잔차:21.33
22:14:36  자기모델반경:2.063
22:14:36  방향채택:0
22:14:36  방향거부:48020
22:14:36  GPS원시속도:0.859
22:14:36  GPS원시방향유효:1
22:14:36  GPS원시방향:91.6
22:14:36  가속도:-2.32,-3.17,11.20
22:14:36  자이로:11.9,10.1,14.6
22:14:36  자력계:8.400,40.050,10.500
22:14:36  충격값:4.60
22:14:36  충격피크:10.71
22:14:36  마지막충격발생값:0.00
22:14:36  마지막충격발생ms:0
22:14:36  송신:3709
22:14:36  지팡이수신:2445
22:14:36  GPS위성:9
22:14:36  GPS_HDOP:0.94
22:14:36  원시위도:37.496528
22:14:36  원시경도:126.957535
22:14:36  GPS채택:1905
22:14:36  GPS이상치거부:1
22:14:36  GPS품질거부:1
22:14:36  GPS재기준:0
22:14:36  계산거리:-1.00
22:14:36  접근속도:0.00
22:14:36  TTC:999.00
22:14:36  방향오차:0.0
22:14:36  전방여부:0
22:14:36  위험음성횟수:104
22:14:36  충격음성횟수:0
22:14:36  마지막위험음성:1
22:14:36  RSSI원시:-81
22:14:36  RSSI평활:-80.1
22:14:36  RSSI샘플:2445
22:14:36  RSSI경과ms:180
22:14:36  RSSI구간:1
22:14:36  RSSI거리:12.00
22:14:36  상대보정:1
22:14:36  상대보정중:0
22:14:36  보정동쪽:-7.13
22:14:36  보정북쪽:-5.77
22:14:36  위험송신:2445
22:14:36  시각ms:390103
22:14:36  IMU시각ms:390102
22:14:36  위험:0
22:14:36  원시위험:0
22:14:36  GPS유효:1
22:14:36  위도:37.496528
22:14:36  경도:126.957537
22:14:36  속도:0.92
22:14:36  방향:93.2
22:14:36  이동방향유효:1
22:14:36  GPS이동방향:93.2
22:14:36  차체방향유효:1
22:14:36  차체방향:96.2
22:14:36  후진판정:0
22:14:36  IMU요회전속도:35.77
22:14:36  방향가속도크기:5.35
22:14:36  방향자이로크기:49.30
22:14:36  방향자세cos:-0.1852
22:14:36  자기모델잔차:19.92
22:14:36  자기모델반경:2.093
22:14:36  방향채택:0
22:14:36  방향거부:48033
22:14:36  GPS원시속도:0.859
22:14:36  GPS원시방향유효:1
22:14:36  GPS원시방향:91.6
22:14:36  가속도:2.64,-3.31,3.27
22:14:36  자이로:26.5,-15.2,-38.7
22:14:36  자력계:9.600,40.650,11.700
22:14:36  충격값:7.57
22:14:36  충격피크:13.40
22:14:36  마지막충격발생값:0.00
22:14:36  마지막충격발생ms:0
22:14:36  송신:3710
22:14:36  지팡이수신:2446
22:14:36  GPS위성:9
22:14:36  GPS_HDOP:0.94
22:14:36  원시위도:37.496528
22:14:36  원시경도:126.957535
22:14:36  GPS채택:1905
22:14:36  GPS이상치거부:1
22:14:36  GPS품질거부:1
22:14:36  GPS재기준:0
22:14:36  계산거리:-1.00
22:14:36  접근속도:0.00
22:14:36  TTC:999.00
22:14:36  방향오차:0.0
22:14:36  전방여부:0
22:14:36  위험음성횟수:104
22:14:36  충격음성횟수:0
22:14:36  마지막위험음성:1
22:14:36  RSSI원시:-86
22:14:36  RSSI평활:-81.3
22:14:36  RSSI샘플:2446
22:14:36  RSSI경과ms:79
22:14:36  RSSI구간:1
22:14:36  RSSI거리:12.00
22:14:36  상대보정:1
22:14:36  상대보정중:0
22:14:36  보정동쪽:-7.13
22:14:36  보정북쪽:-5.77
22:14:36  위험송신:2446
22:14:36  시각ms:390209
22:14:36  IMU시각ms:390208
22:14:36  위험:0
22:14:36  원시위험:0
22:14:36  GPS유효:1
22:14:36  위도:37.496528
22:14:36  경도:126.957538
22:14:36  속도:0.98
22:14:36  방향:93.4
22:14:36  이동방향유효:1
22:14:36  GPS이동방향:93.4
22:14:36  차체방향유효:1
22:14:36  차체방향:99.6
22:14:36  후진판정:0
22:14:36  IMU요회전속도:24.22
22:14:36  방향가속도크기:7.10
22:14:36  방향자이로크기:40.39
22:14:36  방향자세cos:0.8688
22:14:36  자기모델잔차:20.08
22:14:36  자기모델반경:2.054
22:14:36  방향채택:0
22:14:36  방향거부:48046
22:14:36  GPS원시속도:1.029
22:14:36  GPS원시방향유효:1
22:14:36  GPS원시방향:93.9
22:14:36  가속도:-3.65,-0.70,6.05
22:14:36  자이로:-18.4,-23.0,-27.7
22:14:36  자력계:10.500,37.950,9.450
22:14:36  충격값:4.97
22:14:36  충격피크:11.28
22:14:36  마지막충격발생값:0.00
22:14:36  마지막충격발생ms:0
22:14:36  송신:3711
22:14:36  지팡이수신:2447
22:14:36  GPS위성:9
22:14:36  GPS_HDOP:0.94
22:14:36  원시위도:37.496528
22:14:36  원시경도:126.957538
22:14:36  GPS채택:1906
22:14:36  GPS이상치거부:1
22:14:36  GPS품질거부:1
22:14:36  GPS재기준:0
22:14:36  계산거리:-1.00
22:14:36  접근속도:0.00
22:14:36  TTC:999.00
22:14:36  방향오차:0.0
22:14:36  전방여부:0
22:14:36  위험음성횟수:104
22:14:36  충격음성횟수:0
22:14:36  마지막위험음성:1
22:14:36  RSSI원시:-74
22:14:36  RSSI평활:-79.8
22:14:36  RSSI샘플:2447
22:14:36  RSSI경과ms:83
22:14:36  RSSI구간:1
22:14:36  RSSI거리:12.00
22:14:36  상대보정:1
22:14:36  상대보정중:0
22:14:36  보정동쪽:-7.13
22:14:36  보정북쪽:-5.77
22:14:36  위험송신:2447
22:14:36  시각ms:390315
22:14:36  IMU시각ms:390314
22:14:36  위험:0
22:14:36  원시위험:0
22:14:36  GPS유효:1
22:14:36  위도:37.496528
22:14:36  경도:126.957539
22:14:36  속도:0.98
22:14:36  방향:93.4
22:14:36  이동방향유효:1
22:14:36  GPS이동방향:93.4
22:14:36  차체방향유효:1
22:14:36  차체방향:101.5
22:14:36  후진판정:0
22:14:36  IMU요회전속도:0.00
22:14:36  방향가속도크기:13.97
22:14:36  방향자이로크기:31.04
22:14:36  방향자세cos:0.6596
22:14:36  자기모델잔차:20.16
22:14:36  자기모델반경:1.953
22:14:36  방향채택:0
22:14:36  방향거부:48059
22:14:36  GPS원시속도:1.029
22:14:36  GPS원시방향유효:1
22:14:36  GPS원시방향:93.9
22:14:36  가속도:2.01,6.78,12.05
22:14:36  자이로:-29.4,-10.1,0.1
22:14:36  자력계:10.200,36.900,9.300
22:14:36  충격값:6.95
22:14:36  충격피크:8.51
22:14:36  마지막충격발생값:0.00
22:14:36  마지막충격발생ms:0
22:14:36  송신:3712
22:14:36  지팡이수신:2447
22:14:36  GPS위성:9
22:14:36  GPS_HDOP:0.94
22:14:36  원시위도:37.496528
22:14:36  원시경도:126.957538
22:14:36  GPS채택:1906
22:14:36  GPS이상치거부:1
22:14:36  GPS품질거부:1
22:14:36  GPS재기준:0
22:14:36  계산거리:-1.00
22:14:36  접근속도:0.00
22:14:36  TTC:999.00
22:14:36  방향오차:0.0
22:14:36  전방여부:0
22:14:36  위험음성횟수:104
22:14:36  충격음성횟수:0
22:14:36  마지막위험음성:1
22:14:36  RSSI원시:-74
22:14:36  RSSI평활:-79.8
22:14:36  RSSI샘플:2447
22:14:36  RSSI경과ms:189
22:14:36  RSSI구간:1
22:14:36  RSSI거리:12.00
22:14:36  상대보정:1
22:14:36  상대보정중:0
22:14:36  보정동쪽:-7.13
22:14:36  보정북쪽:-5.77
22:14:36  위험송신:2447
22:14:36  시각ms:390421
22:14:36  IMU시각ms:390420
22:14:36  위험:0
22:14:36  원시위험:0
22:14:36  GPS유효:1
22:14:36  위도:37.496528
22:14:36  경도:126.957540
22:14:36  속도:0.95
22:14:36  방향:93.7
22:14:36  이동방향유효:1
22:14:36  GPS이동방향:93.7
22:14:36  차체방향유효:1
22:14:36  차체방향:100.1
22:14:36  후진판정:0
22:14:36  IMU요회전속도:-10.97
22:14:36  방향가속도크기:10.42
22:14:36  방향자이로크기:50.59
22:14:36  방향자세cos:0.8549
22:14:36  자기모델잔차:20.16
22:14:36  자기모델반경:1.953
22:14:36  방향채택:0
22:14:36  방향거부:48072
22:14:36  GPS원시속도:0.921
22:14:36  GPS원시방향유효:1
22:14:36  GPS원시방향:94.2
22:14:36  가속도:-5.81,-4.98,7.07
22:14:36  자이로:-5.9,48.6,12.7
22:14:36  자력계:10.800,37.200,9.150
22:14:36  충격값:7.91
22:14:36  충격피크:12.52
22:14:36  마지막충격발생값:0.00
22:14:36  마지막충격발생ms:0
22:14:36  송신:3713
22:14:36  지팡이수신:2448
22:14:36  GPS위성:9
22:14:36  GPS_HDOP:0.94
22:14:36  원시위도:37.496528
22:14:36  원시경도:126.957540
22:14:36  GPS채택:1907
22:14:36  GPS이상치거부:1
22:14:36  GPS품질거부:1
22:14:36  GPS재기준:0
22:14:36  계산거리:-1.00
22:14:36  접근속도:0.00
22:14:36  TTC:999.00
22:14:36  방향오차:0.0
22:14:36  전방여부:0
22:14:36  위험음성횟수:104
22:14:36  충격음성횟수:0
22:14:36  마지막위험음성:1
22:14:36  RSSI원시:-84
22:14:36  RSSI평활:-80.7
22:14:36  RSSI샘플:2448
22:14:36  RSSI경과ms:88
22:14:36  RSSI구간:1
22:14:36  RSSI거리:12.00
22:14:36  상대보정:1
22:14:36  상대보정중:0
22:14:36  보정동쪽:-7.13
22:14:36  보정북쪽:-5.77
22:14:36  위험송신:2448
22:14:36  시각ms:390526
22:14:36  IMU시각ms:390525
22:14:36  위험:0
22:14:36  원시위험:0
22:14:36  GPS유효:1
22:14:36  위도:37.496528
22:14:36  경도:126.957542
22:14:36  속도:0.95
22:14:36  방향:93.7
22:14:36  이동방향유효:1
22:14:36  GPS이동방향:93.7
22:14:36  차체방향유효:1
22:14:36  차체방향:99.9
22:14:36  후진판정:0
22:14:36  IMU요회전속도:-0.78
22:14:36  방향가속도크기:9.32
22:14:36  방향자이로크기:43.88
22:14:36  방향자세cos:0.4550
22:14:36  자기모델잔차:20.16
22:14:36  자기모델반경:1.953
22:14:36  방향채택:0
22:14:36  방향거부:48085
22:14:36  GPS원시속도:0.921
22:14:36  GPS원시방향유효:1
22:14:36  GPS원시방향:94.2
22:14:36  가속도:7.20,3.98,4.38
22:14:36  자이로:31.5,-30.2,4.8
22:14:36  자력계:9.150,36.600,9.000
22:14:36  충격값:9.71
22:14:36  충격피크:16.39
22:14:36  마지막충격발생값:0.00
22:14:36  마지막충격발생ms:0
22:14:36  송신:3714
22:14:36  지팡이수신:2449
22:14:36  GPS위성:9
22:14:36  GPS_HDOP:0.94
22:14:36  원시위도:37.496528
22:14:36  원시경도:126.957540
22:14:36  GPS채택:1907
22:14:36  GPS이상치거부:1
22:14:36  GPS품질거부:1
22:14:36  GPS재기준:0
22:14:36  계산거리:-1.00
22:14:36  접근속도:0.00
22:14:36  TTC:999.00
22:14:36  방향오차:0.0
22:14:36  전방여부:0
22:14:36  위험음성횟수:104
22:14:36  충격음성횟수:0
22:14:36  마지막위험음성:1
22:14:36  RSSI원시:-88
22:14:36  RSSI평활:-82.1
22:14:36  RSSI샘플:2449
22:14:36  RSSI경과ms:86
22:14:36  RSSI구간:1
22:14:36  RSSI거리:12.00
22:14:36  상대보정:1
22:14:36  상대보정중:0
22:14:36  보정동쪽:-7.13
22:14:36  보정북쪽:-5.77
22:14:36  위험송신:2449
22:14:36  시각ms:390626
22:14:36  IMU시각ms:390625
22:14:36  위험:0
22:14:36  원시위험:0
22:14:36  GPS유효:1
22:14:36  위도:37.496528
22:14:36  경도:126.957543
22:14:36  속도:0.94
22:14:36  방향:94.4
22:14:36  이동방향유효:1
22:14:36  GPS이동방향:94.4
22:14:36  차체방향유효:1
22:14:36  차체방향:99.1
22:14:36  후진판정:0
22:14:36  IMU요회전속도:-10.53
22:14:36  방향가속도크기:8.30
22:14:36  방향자이로크기:54.01
22:14:36  방향자세cos:0.9914
22:14:36  자기모델잔차:19.63
22:14:36  자기모델반경:2.019
22:14:36  방향채택:0
22:14:36  방향거부:48099
22:14:36  GPS원시속도:0.936
22:14:36  GPS원시방향유효:1
22:14:36  GPS원시방향:95.6
22:14:36  가속도:-2.53,-4.10,6.77
22:14:36  자이로:-43.6,30.5,9.4
22:14:36  자력계:9.150,38.100,9.750
22:14:36  충격값:5.81
22:14:36  충격피크:18.70
22:14:36  마지막충격발생값:0.00
22:14:36  마지막충격발생ms:0
22:14:36  송신:3715
22:14:36  지팡이수신:2449
22:14:36  GPS위성:9
22:14:36  GPS_HDOP:0.94
22:14:36  원시위도:37.496528
22:14:36  원시경도:126.957542
22:14:36  GPS채택:1908
22:14:36  GPS이상치거부:1
22:14:36  GPS품질거부:1
22:14:36  GPS재기준:0
22:14:36  계산거리:-1.00
22:14:36  접근속도:0.00
22:14:36  TTC:999.00
22:14:36  방향오차:0.0
22:14:36  전방여부:0
22:14:36  위험음성횟수:104
22:14:36  충격음성횟수:0
22:14:36  마지막위험음성:1
22:14:36  RSSI원시:-88
22:14:36  RSSI평활:-82.1
22:14:36  RSSI샘플:2449
22:14:36  RSSI경과ms:186
22:14:36  RSSI구간:1
22:14:36  RSSI거리:12.00
22:14:36  상대보정:1
22:14:36  상대보정중:0
22:14:36  보정동쪽:-7.13
22:14:36  보정북쪽:-5.77
22:14:36  위험송신:2449
22:14:36  시각ms:390726
22:14:36  IMU시각ms:390725
22:14:36  위험:0
22:14:36  원시위험:0
22:14:36  GPS유효:1
22:14:36  위도:37.496528
22:14:36  경도:126.957544
22:14:36  속도:0.94
22:14:36  방향:94.4
22:14:36  이동방향유효:1
22:14:36  GPS이동방향:94.4
22:14:36  차체방향유효:1
22:14:36  차체방향:98.7
22:14:36  후진판정:0
22:14:36  IMU요회전속도:-2.96
22:14:36  방향가속도크기:4.78
22:14:36  방향자이로크기:26.13
22:14:36  방향자세cos:0.7491
22:14:36  자기모델잔차:19.63
22:14:36  자기모델반경:2.019
22:14:36  방향채택:0
22:14:36  방향거부:48113
22:14:36  GPS원시속도:0.936
22:14:36  GPS원시방향유효:1
22:14:36  GPS원시방향:95.6
22:14:36  가속도:4.64,0.59,-1.01
22:14:36  자이로:-17.2,19.1,4.6
22:14:36  자력계:9.900,37.350,7.500
22:14:36  충격값:11.37
22:14:36  충격피크:12.18
22:14:36  마지막충격발생값:0.00
22:14:36  마지막충격발생ms:0
22:14:36  송신:3716
22:14:36  지팡이수신:2449
22:14:36  GPS위성:9
22:14:36  GPS_HDOP:0.94
22:14:36  원시위도:37.496528
22:14:36  원시경도:126.957542
22:14:36  GPS채택:1908
22:14:36  GPS이상치거부:1
22:14:36  GPS품질거부:1
22:14:36  GPS재기준:0
22:14:36  계산거리:-1.00
22:14:36  접근속도:0.00
22:14:36  TTC:999.00
22:14:36  방향오차:0.0
22:14:36  전방여부:0
22:14:36  위험음성횟수:104
22:14:36  충격음성횟수:0
22:14:36  마지막위험음성:1
22:14:36  RSSI원시:-88
22:14:36  RSSI평활:-82.1
22:14:36  RSSI샘플:2449
22:14:36  RSSI경과ms:286
22:14:36  RSSI구간:1
22:14:36  RSSI거리:12.00
22:14:36  상대보정:1
22:14:36  상대보정중:0
22:14:36  보정동쪽:-7.13
22:14:36  보정북쪽:-5.77
22:14:36  위험송신:2449
22:14:37  시각ms:390831
22:14:37  IMU시각ms:390830
22:14:37  위험:0
22:14:37  원시위험:0
22:14:37  GPS유효:1
22:14:37  위도:37.496528
22:14:37  경도:126.957545
22:14:37  속도:0.96
22:14:37  방향:96.1
22:14:37  이동방향유효:1
22:14:37  GPS이동방향:96.1
22:14:37  차체방향유효:1
22:14:37  차체방향:97.9
22:14:37  후진판정:0
22:14:37  IMU요회전속도:0.00
22:14:37  방향가속도크기:12.23
22:14:37  방향자이로크기:12.59
22:14:37  방향자세cos:0.9977
22:14:37  자기모델잔차:19.07
22:14:37  자기모델반경:2.075
22:14:37  방향채택:0
22:14:37  방향거부:48126
22:14:37  GPS원시속도:0.972
22:14:37  GPS원시방향유효:1
22:14:37  GPS원시방향:99.4
22:14:37  가속도:0.27,0.54,12.21
22:14:37  자이로:0.1,-12.3,2.6
22:14:37  자력계:8.700,39.750,9.000
22:14:37  충격값:2.63
22:14:37  충격피크:8.77
22:14:37  마지막충격발생값:0.00
22:14:37  마지막충격발생ms:0
22:14:37  송신:3717
22:14:37  지팡이수신:2450
22:14:37  GPS위성:9
22:14:37  GPS_HDOP:0.94
22:14:37  원시위도:37.496527
22:14:37  원시경도:126.957544
22:14:37  GPS채택:1909
22:14:37  GPS이상치거부:1
22:14:37  GPS품질거부:1
22:14:37  GPS재기준:0
22:14:37  계산거리:-1.00
22:14:37  접근속도:0.00
22:14:37  TTC:999.00
22:14:37  방향오차:0.0
22:14:37  전방여부:0
22:14:37  위험음성횟수:104
22:14:37  충격음성횟수:0
22:14:37  마지막위험음성:1
22:14:37  RSSI원시:-84
22:14:37  RSSI평활:-82.5
22:14:37  RSSI샘플:2450
22:14:37  RSSI경과ms:80
22:14:37  RSSI구간:1
22:14:37  RSSI거리:12.00
22:14:37  상대보정:1
22:14:37  상대보정중:0
22:14:37  보정동쪽:-7.13
22:14:37  보정북쪽:-5.77
22:14:37  위험송신:2450
22:14:37  시각ms:391038
22:14:37  IMU시각ms:391037
22:14:37  위험:0
22:14:37  원시위험:0
22:14:37  GPS유효:1
22:14:37  위도:37.496527
22:14:37  경도:126.957547
22:14:37  속도:0.96
22:14:37  방향:97.2
22:14:37  이동방향유효:1
22:14:37  GPS이동방향:97.2
22:14:37  차체방향유효:1
22:14:37  차체방향:97.1
22:14:37  후진판정:0
22:14:37  IMU요회전속도:0.00
22:14:37  방향가속도크기:5.16
22:14:37  방향자이로크기:36.02
22:14:37  방향자세cos:0.9831
22:14:37  자기모델잔차:18.42
22:14:37  자기모델반경:2.100
22:14:37  방향채택:0
22:14:37  방향거부:48153
22:14:37  GPS원시속도:0.967
22:14:37  GPS원시방향유효:1
22:14:37  GPS원시방향:99.1
22:14:37  가속도:0.28,-0.72,5.10
22:14:37  자이로:-33.7,-12.5,-1.5
22:14:37  자력계:8.850,40.350,9.450
22:14:37  충격값:4.57
22:14:37  충격피크:10.07
22:14:37  마지막충격발생값:0.00
22:14:37  마지막충격발생ms:0
22:14:37  송신:3719
22:14:37  지팡이수신:2451
22:14:37  GPS위성:9
22:14:37  GPS_HDOP:0.94
22:14:37  원시위도:37.496527
22:14:37  원시경도:126.957546
22:14:37  GPS채택:1910
22:14:37  GPS이상치거부:1
22:14:37  GPS품질거부:1
22:14:37  GPS재기준:0
22:14:37  계산거리:-1.00
22:14:37  접근속도:0.00
22:14:37  TTC:999.00
22:14:37  방향오차:0.0
22:14:37  전방여부:0
22:14:37  위험음성횟수:104
22:14:37  충격음성횟수:0
22:14:37  마지막위험음성:1
22:14:37  RSSI원시:-87
22:14:37  RSSI평활:-83.4
22:14:37  RSSI샘플:2451
22:14:37  RSSI경과ms:183
22:14:37  RSSI구간:1
22:14:37  RSSI거리:12.00
22:14:37  상대보정:1
22:14:37  상대보정중:0
22:14:37  보정동쪽:-7.13
22:14:37  보정북쪽:-5.77
22:14:37  위험송신:2451
22:14:37  시각ms:391143
22:14:37  IMU시각ms:391142
22:14:37  위험:0
22:14:37  원시위험:0
22:14:37  GPS유효:1
22:14:37  위도:37.496527
22:14:37  경도:126.957548
22:14:37  속도:0.96
22:14:37  방향:98.0
22:14:37  이동방향유효:1
22:14:37  GPS이동방향:98.0
22:14:37  차체방향유효:1
22:14:37  차체방향:97.0
22:14:37  후진판정:0
22:14:37  IMU요회전속도:-1.54
22:14:37  방향가속도크기:7.10
22:14:37  방향자이로크기:44.11
22:14:37  방향자세cos:0.8812
22:14:37  자기모델잔차:20.60
22:14:37  자기모델반경:2.078
22:14:37  방향채택:0
22:14:37  방향거부:48166
22:14:37  GPS원시속도:0.962
22:14:37  GPS원시방향유효:1
22:14:37  GPS원시방향:99.6
22:14:37  가속도:-3.59,-0.23,6.11
22:14:37  자이로:34.8,26.9,3.4
22:14:37  자력계:7.500,42.000,9.300
22:14:37  충격값:4.84
22:14:37  충격피크:7.49
22:14:37  마지막충격발생값:0.00
22:14:37  마지막충격발생ms:0
22:14:37  송신:3720
22:14:37  지팡이수신:2452
22:14:37  GPS위성:9
22:14:37  GPS_HDOP:0.94
22:14:37  원시위도:37.496527
22:14:37  원시경도:126.957548
22:14:37  GPS채택:1911
22:14:37  GPS이상치거부:1
22:14:37  GPS품질거부:1
22:14:37  GPS재기준:0
22:14:37  계산거리:-1.00
22:14:37  접근속도:0.00
22:14:37  TTC:999.00
22:14:37  방향오차:0.0
22:14:37  전방여부:0
22:14:37  위험음성횟수:104
22:14:37  충격음성횟수:0
22:14:37  마지막위험음성:1
22:14:37  RSSI원시:-78
22:14:37  RSSI평활:-82.3
22:14:37  RSSI샘플:2452
22:14:37  RSSI경과ms:83
22:14:37  RSSI구간:1
22:14:37  RSSI거리:12.00
22:14:37  상대보정:1
22:14:37  상대보정중:0
22:14:37  보정동쪽:-7.13
22:14:37  보정북쪽:-5.77
22:14:37  위험송신:2452
22:14:37  시각ms:391454
22:14:37  IMU시각ms:391453
22:14:37  위험:0
22:14:37  원시위험:0
22:14:37  GPS유효:1
22:14:37  위도:37.496527
22:14:37  경도:126.957552
22:14:37  속도:1.00
22:14:37  방향:97.8
22:14:37  이동방향유효:1
22:14:37  GPS이동방향:97.8
22:14:37  차체방향유효:1
22:14:37  차체방향:95.9
22:14:37  후진판정:0
22:14:37  IMU요회전속도:-12.59
22:14:37  방향가속도크기:14.43
22:14:37  방향자이로크기:33.94
22:14:37  방향자세cos:0.9390
22:14:37  자기모델잔차:20.45
22:14:37  자기모델반경:2.127
22:14:37  방향채택:0
22:14:37  방향거부:48204
22:14:37  GPS원시속도:1.034
22:14:37  GPS원시방향유효:1
22:14:37  GPS원시방향:97.3
22:14:37  가속도:-3.60,0.40,13.97
22:14:37  자이로:25.9,15.4,15.6
22:14:37  자력계:8.550,43.500,7.950
22:14:37  충격값:5.62
22:14:37  충격피크:10.12
22:14:37  마지막충격발생값:0.00
22:14:37  마지막충격발생ms:0
22:14:37  송신:3723
22:14:37  지팡이수신:2454
22:14:37  GPS위성:9
22:14:37  GPS_HDOP:0.94
22:14:37  원시위도:37.496527
22:14:37  원시경도:126.957550
22:14:37  GPS채택:1912
22:14:37  GPS이상치거부:1
22:14:37  GPS품질거부:1
22:14:37  GPS재기준:0
22:14:37  계산거리:-1.00
22:14:37  접근속도:0.00
22:14:37  TTC:999.00
22:14:37  방향오차:0.0
22:14:37  전방여부:0
22:14:37  위험음성횟수:104
22:14:37  충격음성횟수:0
22:14:37  마지막위험음성:1
22:14:37  RSSI원시:-79
22:14:37  RSSI평활:-81.8
22:14:37  RSSI샘플:2454
22:14:37  RSSI경과ms:188
22:14:37  RSSI구간:1
22:14:37  RSSI거리:12.00
22:14:37  상대보정:1
22:14:37  상대보정중:0
22:14:37  보정동쪽:-7.13
22:14:37  보정북쪽:-5.77
22:14:37  위험송신:2454
22:14:37  시각ms:391659
22:14:37  IMU시각ms:391658
22:14:37  위험:0
22:14:37  원시위험:0
22:14:37  GPS유효:1
22:14:37  위도:37.496527
22:14:37  경도:126.957554
22:14:37  속도:1.00
22:14:37  방향:97.5
22:14:37  이동방향유효:1
22:14:37  GPS이동방향:97.5
22:14:37  차체방향유효:1
22:14:37  차체방향:95.3
22:14:37  후진판정:0
22:14:37  IMU요회전속도:-3.38
22:14:37  방향가속도크기:10.80
22:14:37  방향자이로크기:36.11
22:14:37  방향자세cos:0.7239
22:14:37  자기모델잔차:20.73
22:14:37  자기모델반경:2.198
22:14:37  방향채택:0
22:14:37  방향거부:48231
22:14:37  GPS원시속도:0.998
22:14:37  GPS원시방향유효:1
22:14:37  GPS원시방향:97.1
22:14:37  가속도:2.31,-6.56,8.26
22:14:37  자이로:-35.3,-4.1,6.4
22:14:37  자력계:8.100,42.300,9.900
22:14:37  충격값:7.18
22:14:37  충격피크:9.83
22:14:37  마지막충격발생값:0.00
22:14:37  마지막충격발생ms:0
22:14:37  송신:3725
22:14:37  지팡이수신:2455
22:14:37  GPS위성:9
22:14:37  GPS_HDOP:0.94
22:14:37  원시위도:37.496527
22:14:37  원시경도:126.957553
22:14:37  GPS채택:1913
22:14:37  GPS이상치거부:1
22:14:37  GPS품질거부:1
22:14:37  GPS재기준:0
22:14:37  계산거리:-1.00
22:14:37  접근속도:0.00
22:14:37  TTC:999.00
22:14:37  방향오차:0.0
22:14:37  전방여부:0
22:14:37  위험음성횟수:104
22:14:37  충격음성횟수:0
22:14:37  마지막위험음성:1
22:14:37  RSSI원시:-82
22:14:37  RSSI평활:-81.8
22:14:37  RSSI샘플:2455
22:14:37  RSSI경과ms:185
22:14:37  RSSI구간:1
22:14:37  RSSI거리:12.00
22:14:37  상대보정:1
22:14:37  상대보정중:0
22:14:37  보정동쪽:-7.13
22:14:37  보정북쪽:-5.77
22:14:37  위험송신:2455
22:14:38  시각ms:391764
22:14:38  IMU시각ms:391763
22:14:38  위험:0
22:14:38  원시위험:0
22:14:38  GPS유효:1
22:14:38  위도:37.496527
22:14:38  경도:126.957555
22:14:38  속도:1.02
22:14:38  방향:97.0
22:14:38  이동방향유효:1
22:14:38  GPS이동방향:97.0
22:14:38  차체방향유효:1
22:14:38  차체방향:95.1
22:14:38  후진판정:0
22:14:38  IMU요회전속도:-3.76
22:14:38  방향가속도크기:17.84
22:14:38  방향자이로크기:15.79
22:14:38  방향자세cos:0.9536
22:14:38  자기모델잔차:19.66
22:14:38  자기모델반경:2.192
22:14:38  방향채택:0
22:14:38  방향거부:48244
22:14:38  GPS원시속도:1.034
22:14:38  GPS원시방향유효:1
22:14:38  GPS원시방향:96.1
22:14:38  가속도:-1.25,2.60,17.60
22:14:38  자이로:-14.3,3.9,5.5
22:14:38  자력계:7.800,44.250,11.400
22:14:38  충격값:8.67
22:14:38  충격피크:11.80
22:14:38  마지막충격발생값:0.00
22:14:38  마지막충격발생ms:0
22:14:38  송신:3726
22:14:38  지팡이수신:2456
22:14:38  GPS위성:9
22:14:38  GPS_HDOP:0.94
22:14:38  원시위도:37.496527
22:14:38  원시경도:126.957555
22:14:38  GPS채택:1914
22:14:38  GPS이상치거부:1
22:14:38  GPS품질거부:1
22:14:38  GPS재기준:0
22:14:38  계산거리:-1.00
22:14:38  접근속도:0.00
22:14:38  TTC:999.00
22:14:38  방향오차:0.0
22:14:38  전방여부:0
22:14:38  위험음성횟수:104
22:14:38  충격음성횟수:0
22:14:38  마지막위험음성:1
22:14:38  RSSI원시:-80
22:14:38  RSSI평활:-81.5
22:14:38  RSSI샘플:2456
22:14:38  RSSI경과ms:80
22:14:38  RSSI구간:1
22:14:38  RSSI거리:12.00
22:14:38  상대보정:1
22:14:38  상대보정중:0
22:14:38  보정동쪽:-7.13
22:14:38  보정북쪽:-5.77
22:14:38  위험송신:2456
22:14:38  시각ms:391969
22:14:38  IMU시각ms:391968
22:14:38  위험:0
22:14:38  원시위험:0
22:14:38  GPS유효:1
22:14:38  위도:37.496527
22:14:38  경도:126.957557
22:14:38  속도:1.00
22:14:38  방향:96.3
22:14:38  이동방향유효:1
22:14:38  GPS이동방향:96.3
22:14:38  차체방향유효:1
22:14:38  차체방향:94.4
22:14:38  후진판정:0
22:14:38  IMU요회전속도:-2.51
22:14:38  방향가속도크기:5.12
22:14:38  방향자이로크기:24.36
22:14:38  방향자세cos:0.7731
22:14:38  자기모델잔차:22.05
22:14:38  자기모델반경:2.192
22:14:38  방향채택:0
22:14:38  방향거부:48271
22:14:38  GPS원시속도:0.993
22:14:38  GPS원시방향유효:1
22:14:38  GPS원시방향:94.9
22:14:38  가속도:-0.08,-4.69,2.04
22:14:38  자이로:22.6,6.9,5.8
22:14:38  자력계:6.750,44.100,10.800
22:14:38  충격값:8.64
22:14:38  충격피크:13.42
22:14:38  마지막충격발생값:0.00
22:14:38  마지막충격발생ms:0
22:14:38  송신:3728
22:14:38  지팡이수신:2457
22:14:38  GPS위성:9
22:14:38  GPS_HDOP:0.94
22:14:38  원시위도:37.496527
22:14:38  원시경도:126.957557
22:14:38  GPS채택:1915
22:14:38  GPS이상치거부:1
22:14:38  GPS품질거부:1
22:14:38  GPS재기준:0
22:14:38  계산거리:-1.00
22:14:38  접근속도:0.00
22:14:38  TTC:999.00
22:14:38  방향오차:0.0
22:14:38  전방여부:0
22:14:38  위험음성횟수:104
22:14:38  충격음성횟수:0
22:14:38  마지막위험음성:1
22:14:38  RSSI원시:-90
22:14:38  RSSI평활:-83.2
22:14:38  RSSI샘플:2457
22:14:38  RSSI경과ms:180
22:14:38  RSSI구간:1
22:14:38  RSSI거리:12.00
22:14:38  상대보정:1
22:14:38  상대보정중:0
22:14:38  보정동쪽:-7.13
22:14:38  보정북쪽:-5.77
22:14:38  위험송신:2457
22:14:38  시각ms:392069
22:14:38  IMU시각ms:392068
22:14:38  위험:0
22:14:38  원시위험:0
22:14:38  GPS유효:1
22:14:38  위도:37.496527
22:14:38  경도:126.957559
22:14:38  속도:1.00
22:14:38  방향:96.3
22:14:38  이동방향유효:1
22:14:38  GPS이동방향:96.3
22:14:38  차체방향유효:1
22:14:38  차체방향:93.9
22:14:38  후진판정:0
22:14:38  IMU요회전속도:-16.22
22:14:38  방향가속도크기:9.13
22:14:38  방향자이로크기:26.24
22:14:38  방향자세cos:0.5697
22:14:38  자기모델잔차:23.38
22:14:38  자기모델반경:2.222
22:14:38  방향채택:0
22:14:38  방향거부:48285
22:14:38  GPS원시속도:0.993
22:14:38  GPS원시방향유효:1
22:14:38  GPS원시방향:94.9
22:14:38  가속도:-7.00,3.48,4.72
22:14:38  자이로:5.3,17.3,19.0
22:14:38  자력계:7.200,46.350,12.000
22:14:38  충격값:8.94
22:14:38  충격피크:10.45
22:14:38  마지막충격발생값:0.00
22:14:38  마지막충격발생ms:0
22:14:38  송신:3729
22:14:38  지팡이수신:2457
22:14:38  GPS위성:9
22:14:38  GPS_HDOP:0.94
22:14:38  원시위도:37.496527
22:14:38  원시경도:126.957557
22:14:38  GPS채택:1915
22:14:38  GPS이상치거부:1
22:14:38  GPS품질거부:1
22:14:38  GPS재기준:0
22:14:38  계산거리:-1.00
22:14:38  접근속도:0.00
22:14:38  TTC:999.00
22:14:38  방향오차:0.0
22:14:38  전방여부:0
22:14:38  위험음성횟수:104
22:14:38  충격음성횟수:0
22:14:38  마지막위험음성:1
22:14:38  RSSI원시:-90
22:14:38  RSSI평활:-83.2
22:14:38  RSSI샘플:2457
22:14:38  RSSI경과ms:280
22:14:38  RSSI구간:1
22:14:38  RSSI거리:12.00
22:14:38  상대보정:1
22:14:38  상대보정중:0
22:14:38  보정동쪽:-7.13
22:14:38  보정북쪽:-5.77
22:14:38  위험송신:2457
22:14:39  시각ms:393010
22:14:39  IMU시각ms:393009
22:14:39  위험:0
22:14:39  원시위험:0
22:14:39  GPS유효:1
22:14:39  위도:37.496527
22:14:39  경도:126.957569
22:14:39  속도:0.88
22:14:39  방향:91.3
22:14:39  이동방향유효:1
22:14:39  GPS이동방향:91.3
22:14:39  차체방향유효:1
22:14:39  차체방향:97.4
22:14:39  후진판정:0
22:14:39  IMU요회전속도:18.18
22:14:39  방향가속도크기:10.86
22:14:39  방향자이로크기:33.19
22:14:39  방향자세cos:0.8875
22:14:39  자기모델잔차:23.91
22:14:39  자기모델반경:2.156
22:14:39  방향채택:0
22:14:39  방향거부:48400
22:14:39  GPS원시속도:0.803
22:14:39  GPS원시방향유효:1
22:14:39  GPS원시방향:89.7
22:14:39  가속도:4.44,1.57,9.78
22:14:39  자이로:25.4,-4.9,-20.8
22:14:39  자력계:8.550,43.800,11.700
22:14:39  충격값:4.69
22:14:39  충격피크:15.35
22:14:39  마지막충격발생값:0.00
22:14:39  마지막충격발생ms:0
22:14:39  송신:3738
22:14:39  지팡이수신:2465
22:14:39  GPS위성:9
22:14:39  GPS_HDOP:0.94
22:14:39  원시위도:37.496527
22:14:39  원시경도:126.957568
22:14:39  GPS채택:1920
22:14:39  GPS이상치거부:1
22:14:39  GPS품질거부:1
22:14:39  GPS재기준:0
22:14:39  계산거리:-1.00
22:14:39  접근속도:0.00
22:14:39  TTC:999.00
22:14:39  방향오차:0.0
22:14:39  전방여부:0
22:14:39  위험음성횟수:104
22:14:39  충격음성횟수:0
22:14:39  마지막위험음성:1
22:14:39  RSSI원시:-77
22:14:39  RSSI평활:-79.1
22:14:39  RSSI샘플:2465
22:14:39  RSSI경과ms:83
22:14:39  RSSI구간:1
22:14:39  RSSI거리:12.00
22:14:39  상대보정:1
22:14:39  상대보정중:0
22:14:39  보정동쪽:-7.13
22:14:39  보정북쪽:-5.77
22:14:39  위험송신:2465
22:14:39  시각ms:393116
22:14:39  IMU시각ms:393115
22:14:39  위험:0
22:14:39  원시위험:0
22:14:39  GPS유효:1
22:14:39  위도:37.496527
22:14:39  경도:126.957570
22:14:39  속도:0.88
22:14:39  방향:91.3
22:14:39  이동방향유효:1
22:14:39  GPS이동방향:91.3
22:14:39  차체방향유효:1
22:14:39  차체방향:99.8
22:14:39  후진판정:0
22:14:39  IMU요회전속도:21.41
22:14:39  방향가속도크기:10.65
22:14:39  방향자이로크기:32.03
22:14:39  방향자세cos:0.9490
22:14:39  자기모델잔차:24.08
22:14:39  자기모델반경:2.116
22:14:39  방향채택:0
22:14:39  방향거부:48413
22:14:39  GPS원시속도:0.803
22:14:39  GPS원시방향유효:1
22:14:39  GPS원시방향:89.7
22:14:39  가속도:1.27,3.38,10.02
22:14:39  자이로:-18.4,4.6,-25.8
22:14:39  자력계:10.050,41.850,10.650
22:14:39  충격값:2.63
22:14:39  충격피크:7.77
22:14:39  마지막충격발생값:0.00
22:14:39  마지막충격발생ms:0
22:14:39  송신:3739
22:14:39  지팡이수신:2466
22:14:39  GPS위성:9
22:14:39  GPS_HDOP:0.94
22:14:39  원시위도:37.496527
22:14:39  원시경도:126.957568
22:14:39  GPS채택:1920
22:14:39  GPS이상치거부:1
22:14:39  GPS품질거부:1
22:14:39  GPS재기준:0
22:14:39  계산거리:-1.00
22:14:39  접근속도:0.00
22:14:39  TTC:999.00
22:14:39  방향오차:0.0
22:14:39  전방여부:0
22:14:39  위험음성횟수:104
22:14:39  충격음성횟수:0
22:14:39  마지막위험음성:1
22:14:39  RSSI원시:-78
22:14:39  RSSI평활:-78.9
22:14:39  RSSI샘플:2466
22:14:39  RSSI경과ms:84
22:14:39  RSSI구간:1
22:14:39  RSSI거리:12.00
22:14:39  상대보정:1
22:14:39  상대보정중:0
22:14:39  보정동쪽:-7.13
22:14:39  보정북쪽:-5.77
22:14:39  위험송신:2466
22:14:39  시각ms:393527
22:14:39  IMU시각ms:393526
22:14:39  위험:0
22:14:39  원시위험:0
22:14:39  GPS유효:1
22:14:39  위도:37.496527
22:14:39  경도:126.957573
22:14:39  속도:0.66
22:14:39  방향:91.1
22:14:39  이동방향유효:1
22:14:39  GPS이동방향:91.1
22:14:39  차체방향유효:1
22:14:39  차체방향:99.3
22:14:39  후진판정:0
22:14:39  IMU요회전속도:0.00
22:14:39  방향가속도크기:11.08
22:14:39  방향자이로크기:11.48
22:14:39  방향자세cos:0.9895
22:14:39  자기모델잔차:21.00
22:14:39  자기모델반경:2.054
22:14:39  방향채택:0
22:14:39  방향거부:48465
22:14:39  GPS원시속도:0.540
22:14:39  GPS원시방향유효:1
22:14:39  GPS원시방향:90.7
22:14:39  가속도:-1.25,1.95,10.83
22:14:39  자이로:-10.8,3.6,-1.7
22:14:39  자력계:11.550,39.450,10.950
22:14:39  충격값:1.95
22:14:39  충격피크:6.45
22:14:39  마지막충격발생값:0.00
22:14:39  마지막충격발생ms:0
22:14:39  송신:3743
22:14:39  지팡이수신:2468
22:14:39  GPS위성:9
22:14:39  GPS_HDOP:0.94
22:14:39  원시위도:37.496527
22:14:39  원시경도:126.957571
22:14:39  GPS채택:1922
22:14:39  GPS이상치거부:1
22:14:39  GPS품질거부:1
22:14:39  GPS재기준:0
22:14:39  계산거리:-1.00
22:14:39  접근속도:0.00
22:14:39  TTC:999.00
22:14:39  방향오차:0.0
22:14:39  전방여부:0
22:14:39  위험음성횟수:104
22:14:39  충격음성횟수:0
22:14:39  마지막위험음성:1
22:14:39  RSSI원시:-80
22:14:39  RSSI평활:-79.3
22:14:39  RSSI샘플:2468
22:14:39  RSSI경과ms:188
22:14:39  RSSI구간:1
22:14:39  RSSI거리:12.00
22:14:39  상대보정:1
22:14:39  상대보정중:0
22:14:39  보정동쪽:-7.13
22:14:39  보정북쪽:-5.77
22:14:39  위험송신:2468
22:14:39  시각ms:393737
22:14:39  IMU시각ms:393736
22:14:39  위험:0
22:14:39  원시위험:0
22:14:39  GPS유효:1
22:14:39  위도:37.496527
22:14:39  경도:126.957574
22:14:39  속도:0.45
22:14:39  방향:91.4
22:14:39  이동방향유효:1
22:14:39  GPS이동방향:91.4
22:14:39  차체방향유효:1
22:14:39  차체방향:98.3
22:14:39  후진판정:0
22:14:39  IMU요회전속도:0.00
22:14:39  방향가속도크기:11.11
22:14:39  방향자이로크기:8.35
22:14:39  방향자세cos:0.9981
22:14:39  자기모델잔차:21.50
22:14:39  자기모델반경:2.109
22:14:39  방향채택:0
22:14:39  방향거부:48491
22:14:39  GPS원시속도:0.319
22:14:39  GPS원시방향유효:1
22:14:39  GPS원시방향:91.9
22:14:39  가속도:-0.07,1.07,11.06
22:14:39  자이로:-1.3,-8.2,-0.3
22:14:39  자력계:11.400,41.250,11.250
22:14:39  충격값:1.29
22:14:39  충격피크:5.44
22:14:39  마지막충격발생값:0.00
22:14:39  마지막충격발생ms:0
22:14:39  송신:3745
22:14:39  지팡이수신:2470
22:14:39  GPS위성:9
22:14:39  GPS_HDOP:0.94
22:14:39  원시위도:37.496527
22:14:39  원시경도:126.957573
22:14:39  GPS채택:1924
22:14:39  GPS이상치거부:1
22:14:39  GPS품질거부:1
22:14:39  GPS재기준:0
22:14:39  계산거리:-1.00
22:14:39  접근속도:0.00
22:14:39  TTC:999.00
22:14:39  방향오차:0.0
22:14:39  전방여부:0
22:14:39  위험음성횟수:104
22:14:39  충격음성횟수:0
22:14:39  마지막위험음성:1
22:14:39  RSSI원시:-82
22:14:39  RSSI평활:-80.1
22:14:39  RSSI샘플:2470
22:14:39  RSSI경과ms:88
22:14:39  RSSI구간:1
22:14:39  RSSI거리:12.00
22:14:39  상대보정:1
22:14:39  상대보정중:0
22:14:39  보정동쪽:-7.13
22:14:39  보정북쪽:-5.77
22:14:39  위험송신:2470
22:14:40  시각ms:393943
22:14:40  IMU시각ms:393942
22:14:40  위험:0
22:14:40  원시위험:0
22:14:40  GPS유효:1
22:14:40  위도:37.496527
22:14:40  경도:126.957574
22:14:40  속도:0.32
22:14:40  방향:91.4
22:14:40  이동방향유효:0
22:14:40  GPS이동방향:91.4
22:14:40  차체방향유효:1
22:14:40  차체방향:98.2
22:14:40  후진판정:0
22:14:40  IMU요회전속도:0.00
22:14:40  방향가속도크기:10.07
22:14:40  방향자이로크기:8.19
22:14:40  방향자세cos:0.9959
22:14:40  자기모델잔차:21.45
22:14:40  자기모델반경:2.051
22:14:40  방향채택:0
22:14:40  방향거부:48518
22:14:40  GPS원시속도:0.190
22:14:40  GPS원시방향유효:1
22:14:40  GPS원시방향:91.9
22:14:40  가속도:0.45,0.57,10.05
22:14:40  자이로:-7.8,-2.0,-1.3
22:14:40  자력계:12.300,39.450,11.400
22:14:40  충격값:0.63
22:14:40  충격피크:3.78
22:14:40  마지막충격발생값:0.00
22:14:40  마지막충격발생ms:0
22:14:40  송신:3747
22:14:40  지팡이수신:2471
22:14:40  GPS위성:9
22:14:40  GPS_HDOP:0.94
22:14:40  원시위도:37.496527
22:14:40  원시경도:126.957573
22:14:40  GPS채택:1925
22:14:40  GPS이상치거부:1
22:14:40  GPS품질거부:1
22:14:40  GPS재기준:0
22:14:40  계산거리:-1.00
22:14:40  접근속도:0.00
22:14:40  TTC:999.00
22:14:40  방향오차:0.0
22:14:40  전방여부:0
22:14:40  위험음성횟수:104
22:14:40  충격음성횟수:0
22:14:40  마지막위험음성:1
22:14:40  RSSI원시:-74
22:14:40  RSSI평활:-78.9
22:14:40  RSSI샘플:2471
22:14:40  RSSI경과ms:191
22:14:40  RSSI구간:1
22:14:40  RSSI거리:12.00
22:14:40  상대보정:1
22:14:40  상대보정중:0
22:14:40  보정동쪽:-7.13
22:14:40  보정북쪽:-5.77
22:14:40  위험송신:2471
22:14:40  시각ms:394048
22:14:40  IMU시각ms:394047
22:14:40  위험:0
22:14:40  원시위험:0
22:14:40  GPS유효:1
22:14:40  위도:37.496527
22:14:40  경도:126.957574
22:14:40  속도:0.32
22:14:40  방향:91.4
22:14:40  이동방향유효:0
22:14:40  GPS이동방향:91.4
22:14:40  차체방향유효:1
22:14:40  차체방향:98.3
22:14:40  후진판정:0
22:14:40  IMU요회전속도:0.00
22:14:40  방향가속도크기:9.37
22:14:40  방향자이로크기:9.95
22:14:40  방향자세cos:0.9965
22:14:40  자기모델잔차:20.63
22:14:40  자기모델반경:2.073
22:14:40  방향채택:0
22:14:40  방향거부:48531
22:14:40  GPS원시속도:0.190
22:14:40  GPS원시방향유효:1
22:14:40  GPS원시방향:91.9
22:14:40  가속도:0.11,1.03,9.31
22:14:40  자이로:-0.7,9.8,-1.5
22:14:40  자력계:12.900,40.050,10.500
22:14:40  충격값:0.44
22:14:40  충격피크:2.04
22:14:40  마지막충격발생값:0.00
22:14:40  마지막충격발생ms:0
22:14:40  송신:3748
22:14:40  지팡이수신:2472
22:14:40  GPS위성:9
22:14:40  GPS_HDOP:0.94
22:14:40  원시위도:37.496527
22:14:40  원시경도:126.957573
22:14:40  GPS채택:1925
22:14:40  GPS이상치거부:1
22:14:40  GPS품질거부:1
22:14:40  GPS재기준:0
22:14:40  계산거리:-1.00
22:14:40  접근속도:0.00
22:14:40  TTC:999.00
22:14:40  방향오차:0.0
22:14:40  전방여부:0
22:14:40  위험음성횟수:104
22:14:40  충격음성횟수:0
22:14:40  마지막위험음성:1
22:14:40  RSSI원시:-77
22:14:40  RSSI평활:-78.5
22:14:40  RSSI샘플:2472
22:14:40  RSSI경과ms:85
22:14:40  RSSI구간:1
22:14:40  RSSI거리:12.00
22:14:40  상대보정:1
22:14:40  상대보정중:0
22:14:40  보정동쪽:-7.13
22:14:40  보정북쪽:-5.77
22:14:40  위험송신:2472
22:14:40  시각ms:394259
22:14:40  IMU시각ms:394258
22:14:40  위험:0
22:14:40  원시위험:0
22:14:40  GPS유효:1
22:14:40  위도:37.496527
22:14:40  경도:126.957574
22:14:40  속도:0.19
22:14:40  방향:91.4
22:14:40  이동방향유효:0
22:14:40  GPS이동방향:91.4
22:14:40  차체방향유효:1
22:14:40  차체방향:98.3
22:14:40  후진판정:0
22:14:40  IMU요회전속도:0.00
22:14:40  방향가속도크기:9.36
22:14:40  방향자이로크기:1.12
22:14:40  방향자세cos:0.9959
22:14:40  자기모델잔차:21.35
22:14:40  자기모델반경:2.074
22:14:40  방향채택:0
22:14:40  방향거부:48557
22:14:40  GPS원시속도:0.057
22:14:40  GPS원시방향유효:1
22:14:40  GPS원시방향:91.9
22:14:40  가속도:-0.79,-0.30,9.32
22:14:40  자이로:0.3,0.8,0.7
22:14:40  자력계:9.900,40.050,11.250
22:14:40  충격값:1.08
22:14:40  충격피크:2.03
22:14:40  마지막충격발생값:0.00
22:14:40  마지막충격발생ms:0
22:14:40  송신:3750
22:14:40  지팡이수신:2474
22:14:40  GPS위성:9
22:14:40  GPS_HDOP:0.94
22:14:40  원시위도:37.496527
22:14:40  원시경도:126.957573
22:14:40  GPS채택:1926
22:14:40  GPS이상치거부:1
22:14:40  GPS품질거부:1
22:14:40  GPS재기준:0
22:14:40  계산거리:-1.00
22:14:40  접근속도:0.00
22:14:40  TTC:999.00
22:14:40  방향오차:0.0
22:14:40  전방여부:0
22:14:40  위험음성횟수:104
22:14:40  충격음성횟수:0
22:14:40  마지막위험음성:1
22:14:40  RSSI원시:-79
22:14:40  RSSI평활:-78.4
22:14:40  RSSI샘플:2474
22:14:40  RSSI경과ms:93
22:14:40  RSSI구간:1
22:14:40  RSSI거리:12.00
22:14:40  상대보정:1
22:14:40  상대보정중:0
22:14:40  보정동쪽:-7.13
22:14:40  보정북쪽:-5.77
22:14:40  위험송신:2474
22:14:40  시각ms:394467
22:14:40  IMU시각ms:394466
22:14:40  위험:0
22:14:40  원시위험:0
22:14:40  GPS유효:1
22:14:40  위도:37.496527
22:14:40  경도:126.957574
22:14:40  속도:0.14
22:14:40  방향:91.4
22:14:40  이동방향유효:0
22:14:40  GPS이동방향:91.4
22:14:40  차체방향유효:1
22:14:40  차체방향:98.3
22:14:40  후진판정:0
22:14:40  IMU요회전속도:0.00
22:14:40  방향가속도크기:9.66
22:14:40  방향자이로크기:2.75
22:14:40  방향자세cos:0.9998
22:14:40  자기모델잔차:21.74
22:14:40  자기모델반경:2.051
22:14:40  방향채택:0
22:14:40  방향거부:48581
22:14:40  GPS원시속도:0.093
22:14:40  GPS원시방향유효:1
22:14:40  GPS원시방향:91.9
22:14:40  가속도:-0.35,0.29,9.65
22:14:40  자이로:-2.0,-0.9,1.6
22:14:40  자력계:11.250,39.450,11.700
22:14:40  충격값:0.15
22:14:40  충격피크:0.39
22:14:40  마지막충격발생값:0.00
22:14:40  마지막충격발생ms:0
22:14:40  송신:3752
22:14:40  지팡이수신:2476
22:14:40  GPS위성:9
22:14:40  GPS_HDOP:0.94
22:14:40  원시위도:37.496528
22:14:40  원시경도:126.957573
22:14:40  GPS채택:1927
22:14:40  GPS이상치거부:1
22:14:40  GPS품질거부:1
22:14:40  GPS재기준:0
22:14:40  계산거리:-1.00
22:14:40  접근속도:0.00
22:14:40  TTC:999.00
22:14:40  방향오차:0.0
22:14:40  전방여부:0
22:14:40  위험음성횟수:104
22:14:40  충격음성횟수:0
22:14:40  마지막위험음성:1
22:14:40  RSSI원시:-74
22:14:40  RSSI평활:-77.4
22:14:40  RSSI샘플:2476
22:14:40  RSSI경과ms:92
22:14:40  RSSI구간:1
22:14:40  RSSI거리:11.57
22:14:40  상대보정:1
22:14:40  상대보정중:0
22:14:40  보정동쪽:-7.13
22:14:40  보정북쪽:-5.77
22:14:40  위험송신:2476
22:14:40  시각ms:394777
22:14:40  IMU시각ms:394776
22:14:40  위험:0
22:14:40  원시위험:0
22:14:40  GPS유효:1
22:14:40  위도:37.496527
22:14:40  경도:126.957574
22:14:40  속도:0.05
22:14:40  방향:91.4
22:14:40  이동방향유효:0
22:14:40  GPS이동방향:91.4
22:14:41  차체방향유효:1
22:14:41  차체방향:98.3
22:14:41  후진판정:0
22:14:41  IMU요회전속도:0.00
22:14:41  방향가속도크기:9.67
22:14:41  방향자이로크기:3.35
22:14:41  방향자세cos:0.9999
22:14:41  자기모델잔차:21.04
22:14:41  자기모델반경:2.069
22:14:41  방향채택:0
22:14:41  방향거부:48619
22:14:41  GPS원시속도:0.026
22:14:41  GPS원시방향유효:1
22:14:41  GPS원시방향:91.9
22:14:41  가속도:-0.42,0.34,9.66
22:14:41  자이로:-2.9,-1.7,-0.1
22:14:41  자력계:10.800,39.900,10.950
22:14:41  충격값:0.06
22:14:41  충격피크:0.28
22:14:41  마지막충격발생값:0.00
22:14:41  마지막충격발생ms:0
22:14:41  송신:3755
22:14:41  지팡이수신:2479
22:14:41  GPS위성:9
22:14:41  GPS_HDOP:0.94
22:14:41  원시위도:37.496528
22:14:41  원시경도:126.957573
22:14:41  GPS채택:1929
22:14:41  GPS이상치거부:1
22:14:41  GPS품질거부:1
22:14:41  GPS재기준:0
22:14:41  계산거리:-1.00
22:14:41  접근속도:0.00
22:14:41  TTC:999.00
22:14:41  방향오차:0.0
22:14:41  전방여부:0
22:14:41  위험음성횟수:104
22:14:41  충격음성횟수:0
22:14:41  마지막위험음성:1
22:14:41  RSSI원시:-79
22:14:41  RSSI평활:-78.4
22:14:41  RSSI샘플:2479
22:14:41  RSSI경과ms:96
22:14:41  RSSI구간:1
22:14:41  RSSI거리:12.00
22:14:41  상대보정:1
22:14:41  상대보정중:0
22:14:41  보정동쪽:-7.13
22:14:41  보정북쪽:-5.77
22:14:41  위험송신:2479
22:14:41  시각ms:394882
22:14:41  IMU시각ms:394881
22:14:41  위험:0
22:14:41  원시위험:0
22:14:41  GPS유효:1
22:14:41  위도:37.496527
22:14:41  경도:126.957574
22:14:41  속도:0.05
22:14:41  방향:91.4
22:14:41  이동방향유효:0
22:14:41  GPS이동방향:91.4
22:14:41  차체방향유효:1
22:14:41  차체방향:98.3
22:14:41  후진판정:0
22:14:41  IMU요회전속도:0.00
22:14:41  방향가속도크기:9.75
22:14:41  방향자이로크기:4.59
22:14:41  방향자세cos:0.9997
22:14:41  자기모델잔차:21.74
22:14:41  자기모델반경:2.051
22:14:41  방향채택:0
22:14:41  방향거부:48632
22:14:41  GPS원시속도:0.026
22:14:41  GPS원시방향유효:1
22:14:41  GPS원시방향:91.9
22:14:41  가속도:-0.56,0.25,9.73
22:14:41  자이로:3.6,-2.8,0.8
22:14:41  자력계:11.550,39.450,11.700
22:14:41  충격값:0.15
22:14:41  충격피크:0.24
22:14:41  마지막충격발생값:0.00
22:14:41  마지막충격발생ms:0
22:14:41  송신:3756
22:14:41  지팡이수신:2480
22:14:41  GPS위성:9
22:14:41  GPS_HDOP:0.94
22:14:41  원시위도:37.496528
22:14:41  원시경도:126.957573
22:14:41  GPS채택:1929
22:14:41  GPS이상치거부:1
22:14:41  GPS품질거부:1
22:14:41  GPS재기준:0
22:14:41  계산거리:-1.00
22:14:41  접근속도:0.00
22:14:41  TTC:999.00
22:14:41  방향오차:0.0
22:14:41  전방여부:0
22:14:41  위험음성횟수:104
22:14:41  충격음성횟수:0
22:14:41  마지막위험음성:1
22:14:41  RSSI원시:-77
22:14:41  RSSI평활:-78.1
22:14:41  RSSI샘플:2480
22:14:41  RSSI경과ms:92
22:14:41  RSSI구간:1
22:14:41  RSSI거리:12.00
22:14:41  상대보정:1
22:14:41  상대보정중:0
22:14:41  보정동쪽:-7.13
22:14:41  보정북쪽:-5.77
22:14:41  위험송신:2480
22:14:42  시각ms:395749
22:14:42  IMU시각ms:395725
22:14:42  위험:0
22:14:42  원시위험:0
22:14:42  GPS유효:1
22:14:42  위도:37.496528
22:14:42  경도:126.957574
22:14:42  속도:0.02
22:14:42  방향:91.4
22:14:42  이동방향유효:0
22:14:42  GPS이동방향:91.4
22:14:42  차체방향유효:1
22:14:42  차체방향:98.3
22:14:42  후진판정:0
22:14:42  IMU요회전속도:0.00
22:14:42  방향가속도크기:9.63
22:14:42  방향자이로크기:2.63
22:14:42  방향자세cos:0.9996
22:14:42  자기모델잔차:21.79
22:14:42  자기모델반경:2.066
22:14:42  방향채택:0
22:14:42  방향거부:48733
22:14:42  GPS원시속도:0.005
22:14:42  GPS원시방향유효:1
22:14:42  GPS원시방향:91.9
22:14:42  가속도:-0.42,0.20,9.62
22:14:42  자이로:0.8,0.7,-2.4
22:14:42  자력계:10.800,39.900,11.700
22:14:42  충격값:0.14
22:14:42  충격피크:0.21
22:14:42  마지막충격발생값:0.00
22:14:42  마지막충격발생ms:0
22:14:42  송신:3764
22:14:42  지팡이수신:2488
22:14:42  GPS위성:9
22:14:42  GPS_HDOP:1.09
22:14:42  원시위도:37.496528
22:14:42  원시경도:126.957574
22:14:42  GPS채택:1933
22:14:42  GPS이상치거부:1
22:14:42  GPS품질거부:1
22:14:42  GPS재기준:0
22:14:42  계산거리:-1.00
22:14:42  접근속도:0.00
22:14:42  TTC:999.00
22:14:42  방향오차:0.0
22:14:42  전방여부:0
22:14:42  위험음성횟수:104
22:14:42  충격음성횟수:0
22:14:42  마지막위험음성:1
22:14:42  RSSI원시:-77
22:14:42  RSSI평활:-78.3
22:14:42  RSSI샘플:2488
22:14:42  RSSI경과ms:25
22:14:42  RSSI구간:1
22:14:42  RSSI거리:12.00
22:14:42  상대보정:1
22:14:42  상대보정중:0
22:14:42  보정동쪽:-7.13
22:14:42  보정북쪽:-5.77
22:14:42  위험송신:2488
22:14:42  시각ms:396684
22:14:42  IMU시각ms:396683
22:14:42  위험:0
22:14:42  원시위험:0
22:14:42  GPS유효:1
22:14:42  위도:37.496528
22:14:42  경도:126.957574
22:14:42  속도:0.01
22:14:42  방향:91.4
22:14:42  이동방향유효:0
22:14:42  GPS이동방향:91.4
22:14:42  차체방향유효:1
22:14:42  차체방향:98.3
22:14:42  후진판정:0
22:14:42  IMU요회전속도:0.00
22:14:43  방향가속도크기:9.70
22:14:43  방향자이로크기:2.33
22:14:43  방향자세cos:0.9996
22:14:43  자기모델잔차:21.04
22:14:43  자기모델반경:2.069
22:14:43  방향채택:0
22:14:43  방향거부:48841
22:14:43  GPS원시속도:0.000
22:14:43  GPS원시방향유효:1
22:14:43  GPS원시방향:91.9
22:14:43  가속도:-0.43,0.22,9.69
22:14:43  자이로:1.8,-1.5,-0.2
22:14:43  자력계:10.500,39.900,10.950
22:14:43  충격값:0.10
22:14:43  충격피크:0.16
22:14:43  마지막충격발생값:0.00
22:14:43  마지막충격발생ms:0
22:14:43  송신:3773
22:14:43  지팡이수신:2497
22:14:43  GPS위성:9
22:14:43  GPS_HDOP:1.09
22:14:43  원시위도:37.496528
22:14:43  원시경도:126.957575
22:14:43  GPS채택:1938
22:14:43  GPS이상치거부:1
22:14:43  GPS품질거부:1
22:14:43  GPS재기준:0
22:14:43  계산거리:-1.00
22:14:43  접근속도:0.00
22:14:43  TTC:999.00
22:14:43  방향오차:0.0
22:14:43  전방여부:0
22:14:43  위험음성횟수:104
22:14:43  충격음성횟수:0
22:14:43  마지막위험음성:1
22:14:43  RSSI원시:-80
22:14:43  RSSI평활:-79.9
22:14:43  RSSI샘플:2497
22:14:43  RSSI경과ms:27
22:14:43  RSSI구간:1
22:14:43  RSSI거리:12.00
22:14:43  상대보정:1
22:14:43  상대보정중:0
22:14:43  보정동쪽:-7.13
22:14:43  보정북쪽:-5.77
22:14:43  위험송신:2497
