시각,경과초,시각ms,IMU시각ms,위험,원시위험,GPS유효,위도,경도,속도,방향,이동방향유효,GPS이동방향,차체방향유효,차체방향,후진판정,IMU요회전속도,방향가속도크기,방향자이로크기,방향자세cos,자기모델잔차,자기모델반경,방향채택,방향거부,GPS원시속도,GPS원시방향유효,GPS원시방향,가속도,자이로,자력계,충격값,충격피크,마지막충격발생값,마지막충격발생ms,송신,지팡이수신,GPS위성,GPS_HDOP,원시위도,원시경도,GPS채택,GPS이상치거부,GPS품질거부,GPS재기준,계산거리,접근속도,TTC,방향오차,전방여부,위험음성횟수,충격음성횟수,마지막위험음성,RSSI원시,RSSI평활,RSSI샘플,RSSI경과ms,RSSI구간,RSSI거리,상대보정,상대보정중,보정동쪽,보정북쪽,위험송신
18:11:26,0.118,12435712,12435711,3,0,1,37.496692,126.957864,0.01,0.0,0,18.1,1,239.2,1,0.00,9.72,1.38,0.9987,24.66,2.760,473553,959731,0.005,1,338.3,"-0.67,0.91,9.65","1.1,-0.9,-0.1","-55.200,26.100,16.650",0.07,0.16,0.00,0,117141,98383,8,1.52,37.496696,126.957873,27746,455,1714,36,3.29,0.00,999.00,31.1,0,141,0,3,-68,-68.0,98383,90,3,4.70,1,0,-4.39,-11.29,0
18:11:26,0.241,12435813,12435812,3,0,1,37.496692,126.957864,0.01,0.0,0,18.1,1,239.2,1,0.00,9.65,1.79,0.9990,23.34,2.770,473553,959743,0.005,1,338.3,"-0.58,0.89,9.59","0.7,-1.5,0.7","-55.350,26.250,15.300",0.05,0.22,0.00,0,117142,98384,8,1.52,37.496696,126.957873,27746,455,1714,36,3.29,0.00,999.00,31.1,0,141,0,3,-67,-67.8,98384,88,3,4.62,1,0,-4.39,-11.29,0
18:11:26,0.333,12435914,12435913,3,0,1,37.496692,126.957864,0.01,0.0,0,18.1,1,239.2,1,0.00,9.56,2.73,0.9995,24.01,2.753,473553,959755,0.005,1,338.3,"-0.59,0.73,9.51","2.1,-0.6,1.7","-54.300,26.850,15.900",0.20,0.24,0.00,0,117143,98385,8,1.52,37.496696,126.957873,27746,455,1714,36,3.66,0.00,999.00,27.7,0,141,0,3,-69,-68.0,98385,80,3,4.73,1,0,-4.39,-11.29,0
18:11:26,0.639,12436116,12436115,3,0,1,37.496692,126.957864,0.01,0.0,0,18.1,1,239.2,1,0.00,9.63,2.16,0.9988,24.71,2.777,473553,959779,0.005,1,338.3,"-0.74,0.84,9.56","2.1,0.1,-0.2","-55.500,26.550,16.650",0.14,0.14,0.00,0,117145,98387,8,1.52,37.496696,126.957873,27746,455,1714,36,3.66,0.00,999.00,27.7,0,141,0,3,-68,-68.3,98387,72,3,4.87,1,0,-4.39,-11.29,0
18:11:26,0.802,12436330,12436329,0,0,1,37.496692,126.957864,0.01,0.0,0,18.1,1,239.2,1,0.00,9.49,2.70,0.9974,24.05,2.771,473553,959805,0.005,1,338.3,"-0.37,1.15,9.41","-0.5,2.0,-1.8","-55.650,25.950,16.050",0.43,0.43,0.00,0,117147,98389,8,1.52,37.496696,126.957873,27746,455,1714,36,4.01,0.00,999.00,36.2,0,141,0,3,-66,-68.0,98389,77,3,4.70,1,0,-4.39,-11.29,0
18:11:27,0.935,12436540,12436539,0,0,1,37.496692,126.957864,0.01,0.0,0,18.1,1,239.2,1,0.00,10.09,1.87,0.9968,24.75,2.795,473553,959829,0.005,1,338.3,"-0.79,1.23,9.98","1.3,0.4,-1.3","-55.950,26.850,16.650",0.51,0.53,0.00,0,117149,98390,8,1.52,37.496696,126.957873,27746,455,1714,36,4.01,0.00,999.00,36.2,0,141,0,3,-67,-67.8,98390,182,3,4.62,1,0,-4.39,-11.29,0
18:11:27,0.950,12436641,12436640,0,0,1,37.496692,126.957865,0.01,0.0,0,18.1,1,239.2,1,0.00,9.29,3.66,0.9992,24.68,2.740,473553,959841,0.010,1,338.3,"-0.52,0.83,9.24","0.8,-1.6,-3.2","-53.400,27.450,16.500",0.41,0.61,0.00,0,117150,98391,8,1.52,37.496697,126.957876,27747,455,1714,36,4.01,0.00,999.00,36.2,0,141,0,3,-73,-68.8,98391,70,3,5.10,1,0,-4.39,-11.29,0
18:11:27,1.202,12436742,12436741,0,0,1,37.496692,126.957865,0.01,0.0,0,18.1,1,239.2,1,0.00,9.66,2.56,0.9990,24.08,2.777,473553,959853,0.010,1,338.3,"-0.56,0.89,9.60","-2.0,-0.0,-1.5","-55.650,26.250,16.050",0.06,0.18,0.00,0,117151,98392,8,1.52,37.496697,126.957876,27747,455,1714,36,4.01,0.00,999.00,36.2,0,141,0,3,-71,-69.3,98392,67,3,5.32,1,0,-4.39,-11.29,0
18:11:27,1.318,12436945,12436944,0,0,1,37.496692,126.957865,0.01,0.0,0,18.1,1,239.2,1,0.00,9.78,1.57,0.9991,23.92,2.762,473553,959877,0.010,1,338.3,"-0.63,0.85,9.72","1.4,0.4,-0.5","-55.200,26.100,15.900",0.12,0.16,0.00,0,117153,98394,8,1.52,37.496697,126.957876,27747,455,1714,36,4.01,0.00,999.00,36.2,0,141,0,3,-70,-69.0,98394,60,3,5.21,1,0,-4.39,-11.29,0
18:11:27,1.402,12437046,12437045,0,0,1,37.496692,126.957865,0.01,0.0,0,18.1,1,239.2,1,0.00,9.81,2.79,0.9986,24.59,2.745,473553,959889,0.010,1,338.3,"-0.59,0.98,9.74","1.2,1.9,-1.6","-54.150,26.700,16.500",0.15,0.32,0.00,0,117154,98395,8,1.52,37.496697,126.957876,27747,455,1714,36,4.01,0.00,999.00,36.2,0,141,0,3,-68,-68.8,98395,56,3,5.11,1,0,-4.39,-11.29,0
18:11:27,1.535,12437146,12437145,0,0,1,37.496692,126.957865,0.01,0.0,0,18.1,1,239.2,1,0.00,9.66,2.08,0.9985,23.38,2.753,473553,959901,0.010,1,338.3,"-0.63,0.96,9.60","-1.0,1.8,-0.1","-53.550,27.750,15.150",0.07,0.30,0.00,0,117155,98396,8,1.52,37.496697,126.957876,27747,455,1714,36,4.01,0.00,999.00,36.2,0,141,0,3,-62,-67.5,98396,50,3,4.48,1,0,-4.39,-11.29,0
18:11:27,1.670,12437252,12437251,0,0,1,37.496692,126.957865,0.01,0.0,0,18.1,1,239.2,1,0.00,9.74,3.49,0.9985,24.59,2.765,473553,959914,0.010,1,338.3,"-0.61,0.98,9.67","-0.4,-3.1,-1.5","-54.900,26.700,16.500",0.10,0.21,0.00,0,117156,98396,8,1.52,37.496697,126.957876,27747,455,1714,36,4.01,0.00,999.00,36.2,0,141,0,3,-62,-67.5,98396,156,3,4.48,1,0,-4.39,-11.29,0
18:11:27,1.767,12437367,12437343,0,0,1,37.496692,126.957865,0.01,0.0,0,18.1,1,239.2,1,0.00,9.82,1.95,0.9989,23.48,2.774,473553,959925,0.010,1,338.3,"-0.51,0.94,9.76","1.9,0.0,-0.3","-54.600,27.450,15.300",0.18,0.18,0.00,0,117157,98397,8,1.52,37.496697,126.957876,27747,455,1714,36,4.36,0.00,999.00,32.9,0,141,0,3,-63,-66.6,98397,60,3,4.12,1,0,-4.39,-11.29,0
18:11:28,2.022,12437459,12437458,0,0,1,37.496692,126.957865,0.01,0.0,0,18.1,1,239.2,1,0.00,9.57,2.33,0.9993,24.58,2.745,473553,959936,0.010,1,338.3,"-0.56,0.82,9.52","0.5,1.4,-1.8","-55.200,25.350,16.650",0.13,0.19,0.00,0,117158,98398,8,1.52,37.496697,126.957876,27747,455,1714,36,4.36,0.00,999.00,32.9,0,141,0,3,-65,-66.3,98398,44,3,4.00,1,0,-4.39,-11.29,0
18:11:28,2.117,12437761,12437760,0,0,1,37.496692,126.957866,0.01,0.0,0,18.1,1,239.2,1,-0.18,9.56,3.10,0.9989,24.91,2.751,473553,959972,0.010,1,338.3,"-0.56,0.91,9.50","1.2,1.2,2.6","-55.200,25.650,16.950",0.13,0.22,0.00,0,117161,98401,8,1.52,37.496697,126.957876,27748,455,1714,36,4.36,0.00,999.00,32.9,0,141,0,3,-67,-65.9,98401,30,3,3.87,1,0,-4.39,-11.29,0
18:11:28,2.184,12437863,12437862,0,0,1,37.496692,126.957866,0.01,0.0,0,18.1,1,239.2,1,0.00,9.67,1.21,0.9995,23.96,2.748,473553,959984,0.010,1,338.3,"-0.50,0.79,9.63","-1.0,0.4,-0.5","-55.350,25.200,16.050",0.15,0.21,0.00,0,117162,98402,8,1.52,37.496697,126.957876,27748,455,1714,36,4.36,0.00,999.00,32.9,0,141,0,3,-66,-65.9,98402,28,3,3.87,1,0,-4.39,-11.29,0
18:11:28,2.385,12437963,12437962,0,0,1,37.496692,126.957866,0.01,0.0,0,18.1,1,239.2,1,0.00,9.71,5.54,0.9990,23.93,2.762,473553,959996,0.010,1,338.3,"-0.72,0.81,9.65","-3.6,1.5,-3.9","-54.150,27.450,15.750",0.14,0.14,0.00,0,117163,98403,8,1.52,37.496697,126.957876,27748,455,1714,36,4.36,0.00,999.00,32.9,0,141,0,3,-64,-65.5,98403,24,3,3.73,1,0,-4.39,-11.29,0
18:11:28,2.484,12438064,12438063,0,0,1,37.496692,126.957866,0.01,0.0,0,18.1,1,239.2,1,-1.09,9.57,4.97,0.9985,25.49,2.782,473553,960008,0.010,1,338.3,"-0.49,0.99,9.50","3.2,1.1,3.7","-55.500,26.850,17.400",0.19,0.19,0.00,0,117164,98404,8,1.52,37.496697,126.957876,27748,455,1714,36,4.36,0.00,999.00,32.9,0,141,0,3,-65,-65.4,98404,19,3,3.70,1,0,-4.39,-11.29,0
18:11:28,2.584,12438164,12438163,0,0,1,37.496692,126.957866,0.01,0.0,0,18.1,1,239.1,1,0.00,9.68,3.98,0.9991,24.80,2.741,473553,960020,0.010,1,338.3,"-0.49,0.88,9.63","-3.3,-0.2,-2.3","-54.600,25.950,16.800",0.12,0.20,0.00,0,117165,98405,8,1.52,37.496697,126.957876,27748,455,1714,36,4.36,0.00,999.00,32.9,0,141,0,3,-62,-64.8,98405,14,3,3.46,1,0,-4.39,-11.29,0
18:11:28,2.707,12438276,12438263,0,0,1,37.496692,126.957866,0.01,0.0,0,18.1,1,239.1,1,0.00,9.63,2.09,0.9990,24.75,2.763,473553,960032,0.010,1,338.3,"-0.55,0.89,9.58","-1.5,1.5,-0.2","-54.750,26.850,16.650",0.07,0.18,0.00,0,117166,98406,8,1.52,37.496697,126.957876,27748,455,1714,36,4.36,0.00,999.00,32.9,0,141,0,3,-60,-63.8,98406,20,3,3.16,1,0,-4.39,-11.29,0
18:11:28,2.801,12438383,12438370,0,0,1,37.496692,126.957866,0.01,0.0,0,18.1,1,239.1,1,0.00,9.67,4.37,0.9993,24.00,2.785,473553,960042,0.010,1,338.3,"-0.54,0.82,9.62","4.0,-1.8,-0.1","-55.500,26.850,15.900",0.08,0.13,0.00,0,117167,98407,8,1.52,37.496697,126.957876,27748,455,1714,36,4.36,0.00,999.00,32.9,0,141,0,3,-59,-62.8,98407,22,3,2.89,1,0,-4.39,-11.29,0
18:11:29,2.934,12438486,12438473,0,0,1,37.496692,126.957866,0.01,0.0,0,18.1,1,239.1,1,0.00,9.60,0.86,0.9992,24.30,2.776,473553,960053,0.010,1,338.3,"-0.54,0.84,9.54","0.7,0.3,-0.4","-55.200,26.850,16.200",0.10,0.19,0.00,0,117168,98408,8,1.52,37.496697,126.957876,27748,455,1714,36,4.72,0.00,999.00,30.1,0,141,0,3,-59,-62.1,98408,19,3,2.68,1,0,-4.39,-11.29,0
18:11:29,3.103,12438589,12438577,0,0,1,37.496693,126.957867,0.03,0.0,0,18.1,1,239.1,1,0.00,9.77,2.33,0.9992,25.07,2.809,473553,960064,0.057,1,338.3,"-0.65,0.82,9.71","0.7,1.4,-1.7","-55.350,28.350,16.800",0.11,0.16,0.00,0,117169,98409,8,1.52,37.496698,126.957875,27749,455,1714,36,4.72,0.00,999.00,30.1,0,141,0,3,-61,-61.9,98409,17,3,2.63,1,0,-4.39,-11.29,0
18:11:29,3.234,12438786,12438785,0,0,1,37.496693,126.957867,0.03,0.0,0,18.1,1,239.1,1,0.00,9.71,2.23,0.9978,25.38,2.772,473553,960086,0.057,1,338.3,"-0.68,1.08,9.62","-1.2,-0.5,-1.8","-54.900,27.150,17.250",0.21,0.61,0.00,0,117171,98410,8,1.52,37.496698,126.957875,27749,455,1714,36,4.72,0.00,999.00,30.1,0,141,0,3,-60,-61.5,98410,109,3,2.54,1,0,-4.39,-11.29,0
18:11:29,3.318,12438887,12438886,0,0,1,37.496693,126.957867,0.03,0.0,0,18.1,1,239.1,1,0.00,9.89,5.40,0.9995,24.36,2.761,473553,960098,0.057,1,338.3,"-0.63,0.74,9.84","1.4,3.7,-3.7","-54.300,27.300,16.200",0.25,0.53,0.00,0,117172,98411,8,1.52,37.496698,126.957875,27749,455,1714,36,4.72,0.00,999.00,30.1,0,141,0,3,-60,-61.2,98411,95,3,2.47,1,0,-4.39,-11.29,0
18:11:29,3.389,12438988,12438987,0,0,1,37.496693,126.957867,0.03,0.0,0,18.1,1,239.1,1,0.00,10.07,2.53,0.9986,24.85,2.794,473553,960110,0.057,1,338.3,"-0.67,0.99,10.00","-0.9,2.3,-0.3","-55.200,27.750,16.650",0.44,1.51,0.00,0,117173,98412,8,1.52,37.496698,126.957875,27749,455,1714,36,4.72,0.00,999.00,30.1,0,141,0,3,-62,-61.4,98412,91,3,2.50,1,0,-4.39,-11.29,0
18:11:29,3.508,12439089,12439088,0,0,1,37.496693,126.957867,0.03,0.0,0,18.1,1,239.1,1,0.00,8.86,3.52,0.9973,26.13,2.762,473553,960122,0.057,1,338.3,"-0.53,1.08,8.78","1.3,1.4,-3.0","-54.600,27.150,18.000",0.90,9.96,0.00,0,117174,98413,8,1.52,37.496698,126.957875,27749,455,1714,36,4.42,0.00,999.00,22.6,0,141,0,3,-66,-62.3,98413,85,3,2.74,1,0,-4.39,-11.29,0
18:11:29,3.584,12439196,12439195,0,0,1,37.496693,126.957867,0.03,0.0,0,18.1,1,239.1,1,0.06,9.87,4.34,0.9991,24.67,2.748,473553,960135,0.057,1,338.3,"-0.64,0.86,9.81","2.4,0.7,-3.6","-54.750,26.100,16.650",0.16,0.59,0.00,0,117175,98413,8,1.52,37.496698,126.957875,27749,455,1714,36,4.42,0.00,999.00,22.6,0,141,0,3,-66,-62.3,98413,192,3,2.74,1,0,-4.39,-11.29,0
18:11:29,3.718,12439296,12439295,0,0,1,37.496693,126.957867,0.03,0.0,0,18.1,1,239.1,1,-0.28,9.61,6.85,0.9998,23.89,2.767,473553,960147,0.057,1,338.3,"-0.50,0.67,9.58","-0.5,-6.0,3.3","-54.600,27.150,15.750",0.24,0.34,0.00,0,117176,98414,8,1.52,37.496698,126.957875,27749,455,1714,36,4.42,0.00,999.00,22.6,0,141,0,3,-61,-62.0,98414,88,3,2.67,1,0,-4.39,-11.29,0
18:11:29,3.737,12439399,12439398,0,0,1,37.496693,126.957867,0.03,0.0,0,18.1,1,239.1,1,0.00,9.56,1.64,0.9976,25.76,2.775,473553,960158,0.057,1,338.3,"-0.84,1.00,9.47","-0.1,-0.1,1.6","-55.500,26.550,17.700",0.32,0.98,0.00,0,117177,98415,8,1.52,37.496698,126.957875,27749,455,1714,36,4.42,0.00,999.00,22.6,0,141,0,3,-62,-62.0,98415,88,3,2.67,1,0,-4.39,-11.29,0
18:11:29,3.818,12439499,12439498,0,0,1,37.496693,126.957867,0.03,0.0,0,18.1,1,239.1,1,0.00,9.71,3.69,0.9995,24.54,2.727,473553,960170,0.057,1,338.3,"-0.56,0.76,9.66","2.9,2.2,-0.5","-53.850,26.250,16.500",0.11,0.34,0.00,0,117178,98416,8,1.52,37.496698,126.957875,27749,455,1714,36,4.42,0.00,999.00,22.6,0,141,0,3,-62,-62.0,98416,79,3,2.67,1,0,-4.39,-11.29,0
18:11:30,3.902,12439600,12439599,0,0,1,37.496693,126.957867,0.06,0.0,0,18.1,1,239.1,1,0.00,9.86,3.96,0.9987,25.59,2.812,473553,960182,0.077,1,338.3,"-0.57,0.96,9.80","-2.2,-3.2,-0.9","-55.950,27.750,17.400",0.19,2.39,0.00,0,117179,98417,8,1.52,37.496698,126.957873,27750,455,1714,36,4.42,0.00,999.00,22.6,0,141,0,3,-62,-62.0,98417,63,3,2.67,1,0,-4.39,-11.29,0
18:11:30,4.035,12439701,12439700,0,0,1,37.496693,126.957867,0.06,0.0,0,18.1,1,239.1,1,0.00,9.45,4.04,0.9995,24.71,2.754,473553,960194,0.077,1,338.3,"-0.37,0.16,9.44","2.1,-2.9,-1.8","-55.650,25.200,16.800",0.75,0.81,0.00,0,117180,98418,8,1.52,37.496698,126.957873,27750,455,1714,36,4.21,0.00,999.00,14.1,0,141,0,3,-63,-62.2,98418,74,3,2.72,1,0,-4.39,-11.29,0
18:11:30,4.118,12439802,12439801,0,0,1,37.496693,126.957867,0.06,0.0,0,18.1,1,239.1,1,1.38,7.14,28.61,0.9560,24.53,2.776,473553,960206,0.077,1,338.3,"1.72,-0.17,6.93","28.2,-3.4,-3.3","-54.900,25.950,16.800",3.51,6.50,0.00,0,117181,98419,8,1.52,37.496698,126.957873,27750,455,1714,36,4.21,0.00,999.00,14.1,0,141,0,3,-62,-62.2,98419,71,3,2.71,1,0,-4.39,-11.29,0
18:11:30,4.252,12439904,12439903,0,0,1,37.496693,126.957867,0.06,0.0,0,18.1,1,239.1,1,0.00,9.59,8.49,0.9985,22.68,2.755,473553,960218,0.077,1,338.3,"-0.91,0.27,9.54","1.4,8.2,-1.5","-55.200,25.650,14.700",0.77,19.56,0.00,0,117182,98420,8,1.52,37.496698,126.957873,27750,455,1714,36,4.21,0.00,999.00,14.1,0,141,0,3,-63,-62.3,98420,67,3,2.75,1,0,-4.39,-11.29,0
18:11:30,4.317,12440004,12440003,0,0,1,37.496693,126.957867,0.06,0.0,0,18.1,1,239.1,1,0.00,9.72,2.46,0.9967,23.78,2.789,473553,960230,0.077,1,338.3,"-0.74,1.21,9.62","-2.0,0.7,-1.3","-56.100,26.250,15.750",0.37,2.41,0.00,0,117183,98421,8,1.52,37.496698,126.957873,27750,455,1714,36,4.21,0.00,999.00,14.1,0,141,0,3,-63,-62.5,98421,61,3,2.79,1,0,-4.39,-11.29,0
18:11:30,4.468,12440105,12440104,0,0,1,37.496693,126.957867,0.06,0.0,0,18.1,1,239.1,1,0.00,9.35,3.17,0.9995,25.03,2.725,473553,960242,0.077,1,338.3,"-0.14,0.50,9.34","-2.0,-2.1,1.2","-53.550,26.550,16.950",0.80,1.80,0.00,0,117184,98422,8,1.52,37.496698,126.957873,27750,455,1714,36,4.21,0.00,999.00,14.1,0,141,0,3,-65,-63.0,98422,57,3,2.92,1,0,-4.39,-11.29,0
18:11:30,4.569,12440206,12440205,0,0,1,37.496693,126.957867,0.06,0.0,0,18.1,1,239.1,1,0.00,10.38,6.24,0.9998,24.66,2.760,473553,960254,0.077,1,338.3,"-0.53,0.70,10.34","4.9,3.4,1.8","-55.200,26.100,16.650",0.61,2.36,0.00,0,117185,98423,8,1.52,37.496698,126.957873,27750,455,1714,36,4.21,0.00,999.00,14.1,0,141,0,3,-66,-63.6,98423,53,3,3.10,1,0,-4.39,-11.29,0
18:11:30,4.652,12440307,12440306,0,0,1,37.496693,126.957867,0.06,0.0,0,18.1,1,239.1,1,0.00,9.39,1.78,0.9961,24.33,2.685,473553,960266,0.077,1,338.3,"-0.70,1.24,9.28","-1.2,-0.1,-1.3","-51.750,26.850,16.200",0.58,1.54,0.00,0,117186,98424,8,1.52,37.496698,126.957873,27750,455,1714,36,4.42,0.00,999.00,22.6,0,141,0,3,-66,-64.1,98424,48,3,3.24,1,0,-4.39,-11.29,0
18:11:30,4.718,12440413,12440412,0,0,1,37.496693,126.957867,0.06,0.0,0,18.1,1,239.1,1,0.00,9.28,2.33,0.9999,24.45,2.732,473553,960277,0.077,1,338.3,"-0.32,0.34,9.27","-0.9,1.4,-1.6","-54.600,25.500,16.500",0.75,1.45,0.00,0,117187,98425,8,1.52,37.496698,126.957873,27750,455,1714,36,4.42,0.00,999.00,22.6,0,141,0,3,-66,-64.5,98425,49,3,3.36,1,0,-4.39,-11.29,0
18:11:30,4.852,12440513,12440512,0,0,1,37.496693,126.957867,0.06,0.0,0,18.1,1,239.1,1,0.00,8.20,8.96,0.9987,25.24,2.729,473553,960289,0.077,1,338.3,"-0.31,-0.01,8.19","8.0,-3.9,-1.2","-55.200,24.600,17.400",1.72,1.72,0.00,0,117188,98426,8,1.52,37.496698,126.957873,27750,455,1714,36,4.42,0.00,999.00,22.6,0,141,0,3,-67,-65.0,98426,43,3,3.53,1,0,-4.39,-11.29,0
18:11:31,4.939,12440614,12440613,0,0,1,37.496693,126.957867,0.06,0.0,0,18.1,1,239.2,1,5.35,10.40,18.92,0.9806,24.45,2.741,473553,960301,0.077,1,338.3,"-2.49,0.36,10.09","9.1,13.7,-9.4","-54.900,25.500,16.500",1.96,1.96,0.00,0,117189,98427,8,1.52,37.496698,126.957873,27750,455,1714,36,4.82,0.00,999.00,20.6,0,141,0,3,-68,-65.6,98427,37,3,3.74,1,0,-4.39,-11.29,0
18:11:31,5.084,12440716,12440715,0,0,1,37.496693,126.957867,0.06,0.0,0,18.1,1,239.1,1,0.00,10.00,6.14,0.9983,24.62,2.719,473553,960313,0.077,1,338.3,"-0.26,1.05,9.95","2.6,5.3,-1.7","-54.000,25.650,16.650",0.45,3.41,0.00,0,117190,98428,8,1.52,37.496698,126.957873,27750,455,1714,36,4.82,0.00,999.00,20.6,0,141,0,3,-67,-65.9,98428,35,3,3.85,1,0,-4.39,-11.29,0
18:11:31,5.269,12440817,12440816,0,0,1,37.496693,126.957867,0.06,0.0,0,18.1,1,239.1,1,0.00,10.60,9.05,0.9998,24.10,2.697,473553,960325,0.077,1,338.3,"-0.60,0.69,10.56","-6.1,-5.9,-3.1","-52.650,26.250,16.050",0.84,1.98,0.00,0,117191,98429,8,1.52,37.496698,126.957873,27750,455,1714,36,4.82,0.00,999.00,20.6,0,141,0,3,-70,-66.7,98429,24,3,4.16,1,0,-4.39,-11.29,0
18:11:31,5.296,12440928,12440915,0,0,1,37.496693,126.957867,0.06,0.0,0,18.1,1,239.1,1,0.00,10.48,11.38,0.9984,23.39,2.748,473553,960337,0.077,1,338.3,"0.08,0.74,10.46","10.2,4.8,-1.4","-55.200,25.350,15.450",0.97,4.12,0.00,0,117192,98430,8,1.52,37.496698,126.957873,27750,455,1714,36,4.82,0.00,999.00,20.6,0,141,0,3,-69,-67.1,98430,19,3,4.35,1,0,-4.39,-11.29,0
18:11:31,5.368,12441021,12441020,0,0,1,37.496693,126.957867,0.06,0.0,0,18.1,1,239.1,1,0.00,10.13,8.51,0.9923,23.16,2.748,473553,960348,0.077,1,338.3,"-0.43,1.75,9.96","5.1,-6.8,0.2","-55.650,24.750,15.300",1.04,2.39,0.00,0,117193,98431,8,1.52,37.496698,126.957873,27750,455,1714,36,4.82,0.00,999.00,20.6,0,141,0,3,-70,-67.7,98431,24,3,4.59,1,0,-4.39,-11.29,0
18:11:31,5.439,12441121,12441120,0,0,1,37.496693,126.957867,0.06,0.0,0,18.1,1,239.1,1,0.00,9.15,2.42,0.9999,24.00,2.741,473553,960360,0.077,1,338.3,"-0.37,0.54,9.12","2.1,0.7,1.0","-54.900,25.500,16.050",0.66,1.70,0.00,0,117194,98432,8,1.52,37.496698,126.957873,27750,455,1714,36,4.82,0.00,999.00,20.6,0,141,0,3,-68,-67.8,98432,16,3,4.62,1,0,-4.39,-11.29,0
18:11:31,5.585,12441230,12441229,0,0,1,37.496693,126.957867,0.06,0.0,0,18.1,1,239.1,1,0.00,11.25,2.55,0.9864,25.94,2.749,473553,960373,0.077,1,338.3,"-0.43,2.39,10.98","0.3,-2.2,-1.3","-55.350,25.500,18.000",2.15,4.33,0.00,0,117195,98433,8,1.52,37.496698,126.957873,27750,455,1714,36,4.82,0.00,999.00,20.6,0,141,0,3,-67,-67.6,98433,14,3,4.55,1,0,-4.39,-11.29,0
18:11:31,5.652,12441329,12441329,0,0,1,37.496693,126.957867,0.06,0.0,0,18.1,1,239.1,1,0.00,9.12,2.90,0.9999,24.80,2.741,473553,960385,0.077,1,338.3,"-0.52,0.41,9.10","0.6,-0.3,-2.8","-54.600,25.950,16.800",0.72,4.09,0.00,0,117196,98434,8,1.52,37.496698,126.957873,27750,455,1714,36,4.82,0.00,999.00,20.6,0,141,0,3,-62,-66.5,98434,15,3,4.09,1,0,-4.39,-11.29,0
18:11:31,5.852,12441434,12441433,0,0,1,37.496693,126.957867,0.06,0.0,0,18.1,1,239.1,1,0.00,9.75,4.29,0.9998,24.53,2.768,473553,960396,0.077,1,338.3,"-0.55,0.66,9.72","1.3,3.3,-2.5","-55.350,26.250,16.500",0.10,0.60,0.00,0,117197,98435,8,1.52,37.496698,126.957873,27750,455,1714,36,4.82,0.00,999.00,20.6,0,141,0,3,-63,-65.8,98435,15,3,3.82,1,0,-4.39,-11.29,0
18:11:32,5.951,12441546,12441533,0,0,1,37.496693,126.957867,0.06,0.0,0,18.1,1,239.2,1,0.00,10.64,5.85,0.9952,24.86,2.782,473553,960408,0.077,1,338.3,"-0.88,1.48,10.50","-4.3,-3.4,2.1","-54.750,27.750,16.650",1.08,1.47,0.00,0,117198,98436,8,1.52,37.496698,126.957873,27750,455,1714,36,4.82,0.00,999.00,20.6,0,141,0,3,-63,-65.2,98436,17,3,3.63,1,0,-4.39,-11.29,0
18:11:32,5.960,12441649,12441636,0,0,1,37.496693,126.957867,0.06,0.0,0,18.1,1,239.2,1,0.00,9.80,3.57,0.9987,25.45,2.828,473553,960419,0.077,1,338.3,"-0.92,0.39,9.75","0.8,2.8,2.1","-57.450,26.550,17.400",0.47,0.79,0.00,0,117199,98437,8,1.52,37.496698,126.957873,27750,455,1714,36,4.82,0.00,999.00,20.6,0,141,0,3,-63,-64.8,98437,18,3,3.47,1,0,-4.39,-11.29,0
18:11:32,6.074,12441752,12441739,0,0,1,37.496693,126.957867,0.06,0.0,0,18.1,1,239.2,1,0.00,9.70,3.79,0.9990,25.28,2.734,473553,960430,0.077,1,338.3,"-0.75,0.79,9.64","3.2,-1.9,-0.4","-54.150,26.250,17.250",0.15,0.86,0.00,0,117200,98438,8,1.52,37.496698,126.957873,27750,455,1714,36,4.82,0.00,999.00,20.6,0,141,0,3,-63,-64.4,98438,15,3,3.36,1,0,-4.39,-11.29,0
18:11:32,6.167,12441856,12441843,0,0,1,37.496693,126.957867,0.06,0.0,0,18.1,1,239.2,1,0.00,9.67,2.89,0.9991,24.14,2.722,473553,960441,0.077,1,338.3,"-0.45,0.89,9.62","1.4,-2.5,0.3","-54.300,25.350,16.200",0.19,0.28,0.00,0,117201,98439,8,1.52,37.496698,126.957873,27750,455,1714,36,4.82,0.00,999.00,20.6,0,141,0,3,-65,-64.5,98439,13,3,3.39,1,0,-4.39,-11.29,0
18:11:32,6.288,12441947,12441946,0,0,1,37.496693,126.957867,0.06,0.0,0,18.1,1,239.2,1,0.00,9.72,2.57,0.9990,24.66,2.705,473553,960452,0.077,1,338.3,"-0.67,0.86,9.66","0.8,-2.3,0.8","-54.150,24.750,16.800",0.10,1.48,0.00,0,117202,98439,8,1.52,37.496698,126.957873,27750,455,1714,36,4.82,0.00,999.00,20.6,0,141,0,3,-65,-64.5,98439,104,3,3.39,1,0,-4.39,-11.29,0
18:11:32,6.433,12442047,12442046,0,0,1,37.496693,126.957867,0.06,0.0,0,18.1,1,239.2,1,0.00,9.78,3.22,0.9990,23.48,2.731,473553,960464,0.077,1,338.3,"-0.63,0.89,9.72","0.9,1.0,-2.9","-54.000,26.100,15.450",0.14,0.21,0.00,0,117203,98440,8,1.52,37.496698,126.957873,27750,455,1714,36,4.82,0.00,999.00,20.6,0,141,0,3,-63,-64.2,98440,99,3,3.30,1,0,-4.39,-11.29,0
18:11:32,6.518,12442147,12442146,0,0,1,37.496693,126.957867,0.06,0.0,0,18.1,1,239.2,1,0.00,9.76,2.06,0.9992,24.88,2.733,473553,960476,0.077,1,338.3,"-0.60,0.85,9.71","1.4,-1.1,0.9","-54.750,25.350,16.950",0.10,0.20,0.00,0,117204,98441,8,1.52,37.496698,126.957873,27750,455,1714,36,4.82,0.00,999.00,20.6,0,141,0,3,-62,-63.8,98441,94,3,3.16,1,0,-4.39,-11.29,0
18:11:32,6.588,12442247,12442246,0,0,1,37.496693,126.957867,0.06,0.0,0,18.1,1,239.2,1,0.00,9.82,1.71,0.9997,24.76,2.731,473553,960488,0.077,1,338.3,"-0.24,0.61,9.80","1.1,0.6,-1.2","-53.550,26.850,16.650",0.41,0.79,0.00,0,117205,98442,8,1.52,37.496698,126.957873,27750,455,1714,36,4.82,0.00,999.00,20.6,0,141,0,3,-62,-63.4,98442,88,3,3.05,1,0,-4.39,-11.29,0
18:11:32,6.667,12442348,12442347,0,0,1,37.496693,126.957867,0.06,0.0,0,18.1,1,239.2,1,0.00,9.28,6.26,0.9997,24.97,2.715,473553,960500,0.077,1,338.3,"-0.52,0.66,9.24","2.1,-5.9,-0.0","-53.550,26.100,16.950",0.35,1.92,0.00,0,117206,98443,8,1.52,37.496698,126.957873,27750,455,1714,36,4.82,0.00,999.00,20.6,0,141,0,3,-62,-63.1,98443,82,3,2.97,1,0,-4.39,-11.29,0
18:11:32,6.787,12442452,12442451,0,0,1,37.496693,126.957867,0.06,0.0,0,18.1,1,239.2,1,0.00,9.80,2.23,0.9986,25.02,2.757,473553,960511,0.077,1,338.3,"-0.77,0.88,9.73","-1.7,1.2,-0.9","-54.750,26.550,16.950",0.28,0.51,0.00,0,117207,98444,8,1.52,37.496698,126.957873,27750,455,1714,36,4.82,0.00,999.00,20.6,0,141,0,3,-61,-62.7,98444,83,3,2.85,1,0,-4.39,-11.29,0
18:11:33,6.889,12442553,12442552,0,0,1,37.496693,126.957867,0.06,0.0,0,18.1,1,239.2,1,0.00,9.94,3.08,0.9982,24.93,2.785,473553,960523,0.077,1,338.3,"-0.26,1.05,9.88","-2.2,-1.5,-1.5","-55.350,27.150,16.800",0.51,0.63,0.00,0,117208,98445,8,1.52,37.496698,126.957873,27750,455,1714,36,4.82,0.00,999.00,20.6,0,141,0,3,-62,-62.6,98445,71,3,2.81,1,0,-4.39,-11.29,0
18:11:33,7.018,12442660,12442659,0,0,0,0.000000,0.000000,0.00,0.0,0,18.1,1,239.2,1,0.00,9.47,6.38,0.9994,25.27,2.774,473553,960536,0.077,1,338.3,"-0.46,0.78,9.42","5.8,2.3,1.2","-55.650,26.250,17.250",0.27,5.15,0.00,0,117209,98446,8,1.52,37.496698,126.957873,27750,455,1714,36,-1.00,0.00,999.00,0.0,0,141,0,3,-64,-62.9,98446,71,3,2.89,1,0,-4.39,-11.29,0
18:11:33,7.118,12442760,12442759,0,0,0,0.000000,0.000000,0.00,0.0,0,18.1,1,239.2,1,0.00,9.73,7.36,0.9983,24.05,2.763,473553,960548,0.077,1,338.3,"-0.44,1.04,9.66","-5.6,3.3,-3.5","-55.350,25.950,16.050",0.24,0.37,0.00,0,117210,98447,8,1.52,37.496698,126.957873,27750,455,1714,36,-1.00,0.00,999.00,0.0,0,141,0,3,-66,-63.5,98447,63,3,3.07,1,0,-4.39,-11.29,0
18:11:33,7.201,12442867,12442866,0,0,0,0.000000,0.000000,0.00,0.0,0,18.1,1,239.2,1,0.00,9.70,3.12,0.9994,24.07,2.758,473553,960561,0.077,1,338.3,"-0.63,0.75,9.65","0.8,-3.0,-0.5","-55.950,24.900,16.200",0.12,0.57,0.00,0,117211,98448,8,1.52,37.496698,126.957873,27750,455,1714,36,-1.00,0.00,999.00,0.0,0,141,0,3,-69,-64.6,98448,67,3,3.41,1,0,-4.39,-11.29,0
18:11:33,7.272,12442967,12442966,0,0,0,0.000000,0.000000,0.00,0.0,0,18.1,1,239.2,1,0.00,9.76,1.72,0.9991,23.14,2.817,473553,960573,0.077,1,338.3,"-0.24,0.84,9.72","-1.3,-0.3,1.1","-56.400,27.150,15.000",0.26,0.52,0.00,0,117212,98449,8,1.52,37.496698,126.957873,27750,455,1714,36,-1.00,0.00,999.00,0.0,0,141,0,3,-66,-64.9,98449,71,3,3.50,1,0,-4.39,-11.29,0
18:11:33,7.391,12443074,12443073,0,0,0,0.000000,0.000000,0.00,0.0,0,18.1,1,239.2,1,0.00,4.81,9.76,0.9991,25.28,2.746,473553,960586,0.077,1,338.3,"0.80,-1.50,4.50","8.9,3.7,-1.8","-55.500,25.650,16.650",5.70,5.70,0.00,0,117213,98450,8,1.52,37.496698,126.957873,27750,455,1714,36,-1.00,0.00,999.00,0.0,0,141,0,3,-65,-64.9,98450,73,3,3.51,1,0,-4.39,-11.29,0
18:11:33,7.484,12443174,12443173,0,0,0,0.000000,0.000000,0.00,0.0,0,18.1,1,239.1,1,0.00,5.95,10.98,0.9986,23.18,2.751,473553,960598,0.077,1,338.3,"-1.52,-0.40,5.74","10.5,3.2,-1.0","-54.000,26.550,18.150",3.94,3.94,0.00,0,117214,98451,8,1.52,37.496698,126.957873,27750,455,1714,36,-1.00,0.00,999.00,0.0,0,141,0,3,-62,-64.3,98451,67,3,3.32,1,0,-4.39,-11.29,0
18:11:33,7.684,12443274,12443273,0,0,0,0.000000,0.000000,0.00,0.0,0,18.1,1,239.1,1,0.00,9.63,2.05,0.9996,24.72,2.757,473553,960610,0.077,1,338.3,"-0.40,0.74,9.60","1.5,-0.9,1.0","-54.750,26.550,16.650",0.26,5.51,0.00,0,117215,98452,8,1.52,37.496698,126.957873,27750,455,1714,36,-1.00,0.00,999.00,0.0,0,141,0,3,-61,-63.7,98452,61,3,3.12,1,0,-4.39,-11.29,0
18:11:33,7.818,12443397,12443373,0,0,0,0.000000,0.000000,0.00,0.0,0,18.1,1,239.1,1,0.00,9.70,3.24,0.9996,25.01,2.797,473553,960622,0.077,1,338.3,"-0.45,0.77,9.66","-1.3,-2.9,-0.5","-56.250,26.550,16.950",0.26,0.55,0.00,0,117216,98453,8,1.52,37.496698,126.957873,27750,455,1714,36,-1.00,0.00,999.00,0.0,0,141,0,3,-60,-62.9,98453,78,3,2.91,1,0,-4.39,-11.29,0
18:11:33,7.836,12443488,12443487,0,0,0,0.000000,0.000000,0.00,0.0,0,18.1,1,239.1,1,0.00,9.72,1.48,0.9991,24.08,2.769,473553,960633,0.077,1,338.3,"-0.73,0.77,9.66","0.7,0.6,-1.2","-55.350,26.250,16.050",0.32,0.34,0.00,0,117217,98454,8,1.52,37.496698,126.957873,27750,455,1714,36,-1.00,0.00,999.00,0.0,0,141,0,3,-61,-62.5,98454,64,3,2.80,1,0,-4.39,-11.29,0
18:11:34,8.020,12443588,12443587,0,0,0,0.000000,0.000000,0.00,0.0,0,18.1,1,239.1,1,0.00,9.71,2.66,0.9992,24.09,2.756,473553,960645,0.077,1,338.3,"-0.50,0.86,9.66","2.3,1.4,0.3","-54.900,26.250,16.050",0.21,0.46,0.00,0,117218,98455,8,1.52,37.496698,126.957873,27750,455,1714,36,-1.00,0.00,999.00,0.0,0,141,0,3,-60,-62.0,98455,59,3,2.67,1,0,-4.39,-11.29,0
18:11:34,8.193,12443695,12443694,0,0,0,0.000000,0.000000,0.00,0.0,0,18.1,1,239.1,1,0.00,9.64,1.55,0.9984,24.58,2.777,473553,960658,0.077,1,338.3,"-0.64,0.99,9.57","1.5,0.2,-0.5","-55.350,26.700,16.500",0.27,0.34,0.00,0,117219,98456,8,1.52,37.496698,126.957873,27750,455,1714,36,-1.00,0.00,999.00,0.0,0,141,0,3,-60,-61.6,98456,61,3,2.57,1,0,-4.39,-11.29,0
18:11:34,8.284,12443902,12443901,0,0,0,0.000000,0.000000,0.00,0.0,0,18.1,1,239.1,1,0.00,10.64,1.45,0.9942,24.75,2.763,473553,960683,0.077,1,338.3,"0.60,0.91,10.58","-1.3,0.5,0.1","-54.750,26.850,16.650",1.52,1.52,0.00,0,117221,98458,8,1.52,37.496698,126.957873,27750,455,1714,36,-1.00,0.00,999.00,0.0,0,141,0,3,-62,-61.4,98458,57,3,2.53,1,0,-4.39,-11.29,0
18:11:34,8.355,12444009,12444008,0,0,0,0.000000,0.000000,0.00,0.0,0,18.1,1,239.1,1,0.00,9.70,3.09,0.9990,24.27,2.810,473553,960696,0.077,1,338.3,"-0.02,0.59,9.68","3.0,0.3,0.6","-55.650,27.900,16.050",0.52,2.05,0.00,0,117222,98459,8,1.52,37.496698,126.957873,27750,455,1714,36,-1.00,0.00,999.00,0.0,0,141,0,3,-65,-62.2,98459,59,3,2.70,1,0,-4.39,-11.29,0
18:11:34,8.519,12444108,12444107,0,0,0,0.000000,0.000000,0.00,0.0,0,18.1,1,239.1,1,0.00,10.25,3.50,0.9993,23.71,2.714,473553,960708,0.077,1,338.3,"-0.65,0.83,10.19","1.1,-3.3,-0.3","-53.850,25.500,15.750",0.60,0.87,0.00,0,117223,98460,8,1.52,37.496698,126.957873,27750,455,1714,36,-1.00,0.00,999.00,0.0,0,141,0,3,-69,-63.5,98460,52,3,3.08,1,0,-4.39,-11.29,0
18:11:34,8.563,12444216,12444215,0,0,0,0.000000,0.000000,0.00,0.0,0,18.1,1,239.1,1,0.00,11.75,8.10,0.9919,23.98,2.727,473553,960721,0.077,1,338.3,"-0.90,2.02,11.54","4.6,-6.6,0.7","-53.550,26.550,15.900",2.25,2.25,0.00,0,117224,98461,8,1.52,37.496698,126.957873,27750,455,1714,36,-1.00,0.00,999.00,0.0,0,141,0,3,-71,-65.0,98461,55,3,3.55,1,0,-4.39,-11.29,0
18:11:34,8.719,12444316,12444315,0,0,0,0.000000,0.000000,0.00,0.0,0,18.1,1,239.1,1,0.00,9.67,3.88,0.9996,24.65,2.745,473553,960733,0.077,1,338.3,"-0.45,0.76,9.63","-3.8,0.4,0.9","-55.650,24.750,16.800",0.11,1.72,0.00,0,117225,98462,8,1.52,37.496698,126.957873,27750,455,1714,36,-1.00,0.00,999.00,0.0,0,141,0,3,-67,-65.4,98462,44,3,3.69,1,0,-4.39,-11.29,0
18:11:35,8.918,12444520,12444519,0,0,0,0.000000,0.000000,0.00,0.0,0,18.1,1,239.1,1,0.00,9.76,4.11,0.9961,23.70,2.762,473553,960756,0.077,1,338.3,"0.42,0.51,9.73","4.0,0.8,-0.3","-55.650,25.500,15.750",0.97,1.65,0.00,0,117227,98464,8,1.52,37.496698,126.957873,27750,455,1714,36,-1.00,0.00,999.00,0.0,0,141,0,3,-70,-66.6,98464,40,3,4.12,1,0,-4.39,-11.29,0
18:11:35,9.051,12444620,12444619,0,0,0,0.000000,0.000000,0.00,0.0,0,18.1,1,239.1,1,1.79,9.57,5.77,0.9997,23.24,2.808,473553,960768,0.077,1,338.3,"-0.27,0.66,9.55","-1.8,0.4,-5.5","-57.300,25.500,15.300",0.26,1.82,0.00,0,117228,98465,8,1.52,37.496698,126.957873,27750,455,1714,36,-1.00,0.00,999.00,0.0,0,141,0,3,-68,-66.9,98465,32,3,4.23,1,0,-4.39,-11.29,0
18:11:35,9.151,12444720,12444719,0,0,0,0.000000,0.000000,0.00,0.0,0,18.1,1,239.1,1,0.00,9.55,2.61,0.9999,23.09,2.693,473553,960780,0.077,1,338.3,"-0.45,0.62,9.51","2.2,0.9,1.1","-54.150,24.000,15.300",0.19,0.92,0.00,0,117229,98466,8,1.52,37.496698,126.957873,27750,455,1714,36,-1.00,0.00,999.00,0.0,0,141,0,3,-69,-67.3,98466,32,3,4.41,1,0,-4.39,-11.29,0
18:11:35,9.224,12444820,12444819,0,0,0,0.000000,0.000000,0.00,0.0,0,18.1,1,239.1,1,0.00,11.29,7.64,0.9959,23.47,2.763,473553,960792,0.077,1,338.3,"-0.82,1.53,11.16","-6.9,-3.2,-1.1","-55.200,26.100,15.450",1.67,2.90,0.00,0,117230,98467,8,1.52,37.496698,126.957873,27750,455,1714,36,-1.00,0.00,999.00,0.0,0,141,0,3,-64,-66.6,98467,24,3,4.14,1,0,-4.39,-11.29,0
18:11:35,9.353,12444927,12444926,0,0,0,0.000000,0.000000,0.00,0.0,0,18.1,1,239.2,1,0.79,9.46,7.14,0.9998,24.08,2.769,473553,960805,0.077,1,338.3,"-0.58,0.55,9.43","5.8,0.5,-4.1","-55.350,26.250,16.050",0.36,4.09,0.00,0,117231,98468,8,1.52,37.496698,126.957873,27750,455,1714,36,-1.00,0.00,999.00,0.0,0,141,0,3,-63,-65.9,98468,28,3,3.86,1,0,-4.39,-11.29,0
18:11:35,9.451,12445027,12445026,0,0,0,0.000000,0.000000,0.00,0.0,0,18.1,1,239.1,1,0.00,9.66,3.52,0.9998,23.53,2.733,473553,960817,0.077,1,338.3,"-0.43,0.66,9.62","3.4,-0.8,-0.7","-55.650,24.000,15.750",0.14,2.38,0.00,0,117232,98469,8,1.52,37.496698,126.957873,27750,455,1714,36,-1.00,0.00,999.00,0.0,0,141,0,3,-62,-65.1,98469,23,3,3.59,1,0,-4.39,-11.29,0
18:11:35,9.565,12445134,12445133,0,0,0,0.000000,0.000000,0.00,0.0,0,18.1,1,239.1,1,0.00,9.76,5.67,0.9997,24.00,2.754,473553,960830,0.077,1,338.3,"-0.64,0.60,9.72","4.9,2.2,1.8","-55.350,25.500,16.050",0.22,2.26,0.00,0,117233,98470,8,1.52,37.496698,126.957873,27750,455,1714,36,-1.00,0.00,999.00,0.0,0,141,0,3,-62,-64.5,98470,25,3,3.38,1,0,-4.39,-11.29,0
18:11:35,9.655,12445240,12445240,0,0,0,0.000000,0.000000,0.00,0.0,0,18.1,1,239.1,1,0.00,9.39,3.87,0.9997,25.27,2.786,473553,960843,0.077,1,338.3,"-0.26,0.60,9.37","0.7,-3.8,0.3","-56.100,26.250,17.250",0.38,0.80,0.00,0,117234,98471,8,1.52,37.496698,126.957873,27750,455,1714,36,-1.00,0.00,999.00,0.0,0,141,0,3,-64,-64.4,98471,25,3,3.35,1,0,-4.39,-11.29,0
18:11:35,9.774,12445347,12445346,0,0,0,0.000000,0.000000,0.00,0.0,0,18.1,1,239.1,1,0.00,9.75,4.53,0.9997,24.94,2.753,473553,960856,0.077,1,338.3,"-0.55,0.69,9.71","4.1,0.7,1.9","-54.150,27.150,16.800",0.12,0.67,0.00,0,117235,98472,8,1.52,37.496698,126.957873,27750,455,1714,36,-1.00,0.00,999.00,0.0,0,141,0,3,-67,-64.9,98472,27,3,3.52,1,0,-4.39,-11.29,0
18:11:35,9.855,12445449,12445448,0,0,0,0.000000,0.000000,0.00,0.0,0,18.1,1,239.1,1,0.00,9.51,2.84,0.9998,24.17,2.752,473553,960867,0.077,1,338.3,"-0.49,0.67,9.47","-1.5,2.4,-0.4","-55.200,25.650,16.200",0.16,0.67,0.00,0,117236,98473,8,1.52,37.496698,126.957873,27750,455,1714,36,-1.00,0.00,999.00,0.0,0,141,0,3,-70,-65.9,98473,23,3,3.88,1,0,-4.39,-11.29,0
18:11:36,9.974,12445556,12445555,0,0,0,0.000000,0.000000,0.00,0.0,0,18.1,1,239.1,1,0.00,9.70,5.88,1.0000,25.02,2.745,473553,960880,0.077,1,338.3,"-0.41,0.40,9.69","4.3,-3.6,1.9","-54.300,26.550,16.950",0.35,0.63,0.00,0,117237,98474,8,1.52,37.496698,126.957873,27750,455,1714,36,-1.00,0.00,999.00,0.0,0,141,0,3,-73,-67.3,98474,24,3,4.43,1,0,-4.39,-11.29,0
18:11:36,10.067,12445656,12445655,0,0,0,0.000000,0.000000,0.00,0.0,0,18.1,1,239.1,1,0.00,9.63,2.60,0.9995,24.22,2.749,473553,960892,0.077,1,338.3,"-0.56,0.75,9.58","-2.2,1.4,0.5","-54.750,26.100,16.200",0.08,1.08,0.00,0,117238,98475,8,1.52,37.496698,126.957873,27750,455,1714,36,-1.00,0.00,999.00,0.0,0,141,0,3,-66,-67.1,98475,19,3,4.32,1,0,-4.39,-11.29,0
18:11:36,10.138,12445756,12445755,0,0,0,0.000000,0.000000,0.00,0.0,0,18.1,1,239.2,1,0.08,10.17,13.45,0.9982,23.96,2.756,473553,960904,0.077,1,338.3,"0.13,0.65,10.15","3.9,12.1,-4.3","-55.650,25.200,16.050",0.86,2.04,0.00,0,117239,98476,8,1.52,37.496698,126.957873,27750,455,1714,36,-1.00,0.00,999.00,0.0,0,141,0,3,-61,-65.9,98476,14,3,3.85,1,0,-4.39,-11.29,0
18:11:36,10.201,12445856,12445855,0,0,0,0.000000,0.000000,0.00,0.0,0,18.1,1,239.1,1,0.00,9.67,4.88,0.9990,24.65,2.801,473553,960916,0.077,1,338.3,"-0.71,0.82,9.61","-3.8,-2.5,-1.8","-56.700,26.100,16.650",0.17,0.78,0.00,0,117240,98476,8,1.52,37.496698,126.957873,27750,455,1714,36,-1.00,0.00,999.00,0.0,0,141,0,3,-61,-65.9,98476,114,3,3.85,1,0,-4.39,-11.29,0
18:11:36,10.401,12445957,12445956,0,0,0,0.000000,0.000000,0.00,0.0,0,18.1,1,239.1,1,0.00,9.61,4.68,0.9987,24.36,2.773,473553,960928,0.077,1,338.3,"-0.56,0.94,9.54","3.3,3.2,-1.0","-54.750,27.300,16.200",0.21,0.53,0.00,0,117241,98477,8,1.52,37.496698,126.957873,27750,455,1714,36,-1.00,0.00,999.00,0.0,0,141,0,3,-60,-64.7,98477,93,3,3.44,1,0,-4.39,-11.29,0
18:11:36,10.551,12446171,12446170,0,0,0,0.000000,0.000000,0.00,0.0,0,18.1,1,239.2,1,0.00,9.59,2.24,0.9996,25.77,2.743,473553,960954,0.077,1,338.3,"-0.40,0.73,9.55","0.7,0.5,2.1","-54.300,26.550,17.700",0.17,0.31,0.00,0,117243,98480,8,1.52,37.496698,126.957873,27750,455,1714,36,-1.00,0.00,999.00,0.0,0,141,0,3,-61,-62.7,98480,6,3,2.86,1,0,-4.39,-11.29,0
18:11:36,10.717,12446277,12446276,0,0,0,0.000000,0.000000,0.00,0.0,0,18.1,1,239.2,1,0.00,9.78,3.09,0.9998,24.23,2.761,473553,960967,0.077,1,338.3,"-0.46,0.69,9.75","2.4,-1.9,0.4","-54.150,27.450,16.050",0.19,0.19,0.00,0,117244,98481,8,1.52,37.496698,126.957873,27750,455,1714,36,-1.00,0.00,999.00,0.0,0,141,0,3,-62,-62.6,98481,4,3,2.82,1,0,-4.39,-11.29,0
18:11:36,10.784,12446407,12446383,0,0,0,0.000000,0.000000,0.00,0.0,0,18.1,1,239.2,1,0.00,9.65,1.25,0.9995,26.29,2.781,473553,960980,0.077,1,338.3,"-0.60,0.74,9.60","0.3,-1.2,0.2","-55.200,27.300,18.150",0.06,0.17,0.00,0,117245,98482,8,1.52,37.496698,126.957873,27750,455,1714,36,-1.00,0.00,999.00,0.0,0,141,0,3,-60,-62.1,98482,28,3,2.68,1,0,-4.39,-11.29,0
18:11:37,10.971,12446499,12446498,0,0,0,0.000000,0.000000,0.00,0.0,0,18.1,1,239.2,1,0.00,9.68,2.58,0.9996,25.58,2.745,473553,960991,0.077,1,338.3,"-0.52,0.72,9.64","1.3,2.1,-0.7","-54.600,26.250,17.550",0.08,0.17,0.00,0,117246,98483,8,1.52,37.496698,126.957873,27750,455,1714,36,-1.00,0.00,999.00,0.0,0,141,0,3,-58,-61.3,98483,19,3,2.48,1,0,-4.39,-11.29,0
18:11:37,11.083,12446710,12446697,0,0,1,37.496726,126.957757,0.11,0.0,0,18.1,1,239.2,1,0.00,9.58,3.27,0.9995,24.64,2.774,473553,961015,0.216,1,338.3,"-0.57,0.75,9.53","2.8,1.7,-0.5","-54.900,27.150,16.500",0.10,0.18,0.00,0,117248,98485,9,1.52,37.496726,126.957757,27751,455,1714,36,12.63,0.00,999.00,81.0,0,141,0,3,-63,-61.6,98485,19,3,2.56,1,0,-4.39,-11.29,0
18:11:37,11.217,12446813,12446800,0,0,1,37.496726,126.957756,0.11,0.0,0,18.1,1,239.2,1,0.00,9.64,3.72,0.9994,23.38,2.776,473553,961026,0.216,1,338.3,"-0.58,0.78,9.59","2.2,-1.5,-2.6","-56.250,25.350,15.450",0.03,0.17,0.00,0,117249,98486,9,1.52,37.496726,126.957757,27751,455,1714,36,12.71,0.00,999.00,79.2,0,141,0,3,-63,-61.8,98486,17,3,2.63,1,0,-4.39,-11.29,0
18:11:37,11.489,12446916,12446903,0,0,1,37.496726,126.957756,0.11,0.0,0,18.1,1,239.2,1,0.00,9.64,2.22,0.9989,23.86,2.738,473553,961037,0.216,1,338.3,"-0.55,0.91,9.58","-0.9,-1.8,-0.8","-55.650,24.300,16.050",0.12,0.15,0.00,0,117250,98487,9,1.52,37.496726,126.957757,27751,455,1714,36,12.71,0.00,999.00,79.2,0,141,0,3,-63,-62.1,98487,15,3,2.68,1,0,-4.39,-11.29,0
18:11:37,11.710,12447208,12447207,0,0,1,37.496727,126.957756,0.11,0.0,0,18.1,1,239.2,1,0.00,9.66,1.24,0.9994,23.62,2.727,473553,961072,0.216,1,338.3,"-0.61,0.77,9.61","0.5,0.1,-1.1","-54.900,24.750,15.750",0.05,0.17,0.00,0,117253,98489,9,1.52,37.496726,126.957757,27751,455,1714,36,12.71,0.00,999.00,79.2,0,141,0,3,-65,-63.1,98489,97,3,2.97,1,0,-4.39,-11.29,0
18:11:37,11.800,12447512,12447511,0,0,1,37.496727,126.957756,0.11,0.0,0,18.1,1,239.2,1,0.00,9.73,2.56,0.9990,23.96,2.748,473553,961107,0.216,1,338.3,"-0.57,0.89,9.67","-0.7,0.2,-2.5","-55.350,25.200,16.050",0.11,0.13,0.00,0,117256,98492,9,1.52,37.496726,126.957757,27751,455,1714,36,12.71,0.00,999.00,79.2,0,141,0,3,-66,-64.5,98492,84,3,3.39,1,0,-4.39,-11.29,0
18:11:38,11.976,12447613,12447612,0,0,1,37.496727,126.957756,0.11,0.0,0,18.1,1,239.2,1,0.00,9.67,0.73,0.9993,22.47,2.759,473553,961119,0.010,1,338.3,"-0.67,0.76,9.62","0.6,-0.1,0.5","-55.650,25.200,14.550",0.09,0.14,0.00,0,117257,98493,8,1.52,37.496758,126.957808,27751,456,1714,36,12.71,0.00,999.00,79.2,0,141,0,3,-63,-64.2,98493,80,3,3.29,1,0,-4.39,-11.29,0
18:11:38,12.138,12447714,12447713,0,0,1,37.496727,126.957756,0.11,0.0,0,18.1,1,239.1,1,0.00,9.70,0.88,0.9992,23.91,2.802,473553,961131,0.010,1,338.3,"-0.65,0.81,9.64","-0.5,0.0,-0.7","-56.700,26.100,15.900",0.06,0.19,0.00,0,117258,98494,8,1.52,37.496758,126.957808,27751,456,1714,36,12.71,0.00,999.00,79.2,0,141,0,3,-62,-63.8,98494,75,3,3.16,1,0,-4.39,-11.29,0
18:11:38,12.235,12447916,12447915,0,0,1,37.496727,126.957756,0.11,0.0,0,18.1,1,239.1,1,0.00,9.79,3.35,0.9990,24.42,2.726,473553,961155,0.010,1,338.3,"-0.58,0.90,9.73","0.6,2.0,-2.6","-54.600,25.200,16.500",0.15,0.16,0.00,0,117260,98496,8,1.52,37.496758,126.957808,27751,456,1714,36,12.79,0.00,999.00,77.3,0,141,0,3,-62,-63.6,98496,66,3,3.11,1,0,-4.39,-11.29,0
18:11:38,12.317,12448021,12448020,0,0,1,37.496727,126.957756,0.11,0.0,0,18.1,1,239.1,1,0.00,9.68,0.97,0.9992,23.91,2.727,473553,961166,0.010,1,338.3,"-0.64,0.82,9.62","0.4,-0.7,0.6","-54.900,24.750,16.050",0.06,0.15,0.00,0,117261,98497,8,1.52,37.496758,126.957808,27751,456,1714,36,12.79,0.00,999.00,77.3,0,141,0,3,-61,-63.1,98497,66,3,2.96,1,0,-4.39,-11.29,0
18:11:38,12.603,12448128,12448127,0,0,1,37.496727,126.957756,0.11,0.0,0,18.1,1,239.1,1,0.00,9.65,3.06,0.9991,23.78,2.746,473553,961179,0.010,1,338.3,"-0.55,0.88,9.59","-0.9,-2.0,-2.1","-55.500,24.900,15.900",0.08,0.13,0.00,0,117262,98497,8,1.52,37.496758,126.957808,27751,456,1714,36,12.79,0.00,999.00,77.3,0,141,0,3,-61,-63.1,98497,173,3,2.96,1,0,-4.39,-11.29,0
18:11:38,12.767,12448335,12448334,0,0,1,37.496727,126.957756,0.11,0.0,0,18.1,1,239.1,1,0.00,9.79,1.78,0.9992,23.74,2.740,473553,961204,0.010,1,338.3,"-0.58,0.86,9.74","-0.1,-0.1,-1.8","-55.500,24.600,15.900",0.13,0.19,0.00,0,117264,98499,8,1.52,37.496758,126.957808,27751,456,1714,36,12.79,0.00,999.00,77.3,0,141,0,3,-67,-64.3,98499,63,3,3.33,1,0,-4.39,-11.29,0
18:11:38,12.780,12448439,12448438,0,0,1,37.496727,126.957756,0.11,0.0,0,18.1,1,239.1,1,0.00,9.95,3.42,0.9988,23.71,2.722,473553,961215,0.010,1,338.3,"-0.11,0.82,9.91","2.6,1.5,1.7","-54.150,25.500,15.750",0.54,1.26,0.00,0,117265,98500,8,1.52,37.496758,126.957808,27751,456,1714,36,12.79,0.00,999.00,77.3,0,141,0,3,-66,-64.7,98500,59,3,3.44,1,0,-4.39,-11.29,0
18:11:38,12.852,12448539,12448538,0,0,1,37.496727,126.957756,0.11,0.0,0,18.1,1,239.1,1,-0.07,10.05,6.35,0.9966,23.75,2.751,473553,961227,0.010,1,338.3,"-0.90,1.19,9.94","-4.7,-3.4,2.6","-54.900,25.950,15.750",0.53,1.69,0.00,0,117266,98501,8,1.52,37.496758,126.957808,27751,456,1714,36,12.79,0.00,999.00,77.3,0,141,0,3,-66,-64.9,98501,55,3,3.52,1,0,-4.39,-11.29,0
18:11:39,13.001,12448640,12448639,0,0,1,37.496727,126.957756,0.11,0.0,0,18.1,1,239.1,1,0.00,8.91,9.06,0.9861,23.39,2.701,473553,961239,0.010,1,338.3,"-1.87,0.60,8.70","8.8,1.2,-2.0","-55.350,22.800,15.750",1.64,1.64,0.00,0,117267,98502,8,1.52,37.496758,126.957808,27751,456,1714,36,12.89,0.00,999.00,75.5,0,141,0,3,-66,-65.2,98502,52,3,3.60,1,0,-4.39,-11.29,0
18:11:39,13.120,12448742,12448741,0,0,1,37.496727,126.957756,0.11,0.0,0,18.1,1,239.1,1,0.00,9.81,1.74,0.9998,21.64,2.725,473553,961251,0.010,1,338.3,"-0.40,0.70,9.78","-1.5,-0.0,0.8","-54.000,25.650,13.650",0.20,2.06,0.00,0,117268,98503,8,1.52,37.496758,126.957808,27751,456,1714,36,12.89,0.00,999.00,75.5,0,141,0,3,-69,-65.9,98503,48,3,3.87,1,0,-4.39,-11.29,0
18:11:39,13.288,12448842,12448841,0,0,1,37.496727,126.957756,0.11,0.0,0,18.1,1,239.1,1,0.00,9.67,5.89,0.9996,22.42,2.762,473553,961263,0.010,1,338.3,"-0.23,0.63,9.64","-0.7,-5.4,2.3","-56.100,24.750,14.550",0.37,0.94,0.00,0,117269,98504,8,1.52,37.496758,126.957808,27751,456,1714,36,12.89,0.00,999.00,75.5,0,141,0,3,-69,-66.5,98504,44,3,4.10,1,0,-4.39,-11.29,0
18:11:39,13.418,12448944,12448943,0,0,1,37.496727,126.957756,0.11,0.0,0,18.1,1,239.1,1,0.28,9.35,9.36,0.9611,23.67,2.728,473553,961275,0.010,1,338.3,"-2.98,0.67,8.84","6.1,5.8,-4.0","-55.650,25.200,14.550",2.63,2.68,0.00,0,117270,98505,8,1.52,37.496758,126.957808,27751,456,1714,36,12.89,0.00,999.00,75.5,0,141,0,3,-68,-66.8,98505,36,3,4.22,1,0,-4.39,-11.29,0
18:11:39,13.553,12449145,12449144,0,0,1,37.496727,126.957756,0.11,0.0,0,18.1,1,239.1,1,0.00,10.16,12.84,0.9959,24.58,2.753,473553,961299,0.010,1,338.3,"-0.31,1.40,10.06","-6.9,10.8,-1.0","-55.500,25.350,16.650",0.82,0.82,0.00,0,117272,98507,8,1.52,37.496758,126.957808,27751,456,1714,36,12.89,0.00,999.00,75.5,0,141,0,3,-70,-68.0,98507,30,3,4.70,1,0,-4.39,-11.29,0
18:11:39,13.651,12449245,12449244,0,0,1,37.496727,126.957756,0.11,0.0,0,18.1,1,239.1,1,0.00,9.21,7.29,0.9996,23.25,2.724,473553,961311,0.010,1,338.3,"-0.59,0.24,9.18","7.1,-0.3,-1.5","-55.200,24.150,15.450",0.67,1.08,0.00,0,117273,98508,8,1.52,37.496758,126.957808,27751,456,1714,36,12.89,0.00,999.00,75.5,0,141,0,3,-70,-68.4,98508,24,3,4.89,1,0,-4.39,-11.29,0
18:11:39,13.723,12449346,12449345,0,0,1,37.496727,126.957756,0.11,0.0,0,18.1,1,239.1,1,0.00,10.45,5.27,0.9946,23.04,2.791,473553,961323,0.010,1,338.3,"-1.13,1.37,10.30","4.2,-2.6,-1.8","-56.100,26.250,15.000",1.14,9.37,0.00,0,117274,98509,8,1.52,37.496758,126.957808,27751,456,1714,36,12.89,0.00,999.00,75.5,0,141,0,3,-70,-68.7,98509,12,3,5.04,1,0,-4.39,-11.29,0
18:11:39,13.851,12449462,12449449,0,0,1,37.496727,126.957756,0.11,0.0,0,18.1,1,239.1,1,0.00,9.44,8.34,0.9747,24.00,2.710,473553,961334,0.010,1,338.3,"-2.09,-0.83,9.17","4.1,-7.1,1.4","-54.750,24.150,16.200",2.23,2.23,0.00,0,117275,98510,8,1.52,37.496758,126.957808,27751,456,1714,36,12.89,0.00,999.00,75.5,0,141,0,3,-66,-68.2,98510,17,3,4.79,1,0,-4.39,-11.29,0
18:11:40,13.950,12449555,12449554,0,0,1,37.496727,126.957756,0.11,0.0,0,18.1,1,239.1,1,-1.32,9.74,7.58,0.9994,23.00,2.721,473553,961345,0.010,1,338.3,"-0.24,0.21,9.73","4.6,4.8,3.7","-54.750,24.600,15.150",0.67,1.27,0.00,0,117276,98511,8,1.52,37.496758,126.957808,27751,456,1714,36,12.89,0.00,999.00,75.5,0,141,0,3,-65,-67.5,98511,15,3,4.51,1,0,-4.39,-11.29,0
18:11:40,14.023,12449662,12449661,0,0,0,0.000000,0.000000,0.00,0.0,0,18.1,1,239.1,1,0.00,9.65,11.04,0.9989,23.34,2.778,473553,961358,0.010,1,338.3,"-0.52,0.93,9.59","-4.9,-9.8,1.4","-55.650,26.250,15.300",0.15,1.31,0.00,0,117277,98512,8,1.52,37.496758,126.957808,27751,456,1714,36,-1.00,0.00,999.00,0.0,0,141,0,3,-65,-67.0,98512,6,3,4.30,1,0,-4.39,-11.29,0
18:11:40,14.100,12449762,12449761,0,0,0,0.000000,0.000000,0.00,0.0,0,18.1,1,239.1,1,0.00,9.42,1.11,0.9988,24.13,2.734,473553,961370,0.010,1,338.3,"-0.82,0.68,9.36","-0.1,0.6,-0.9","-54.750,25.350,16.200",0.33,0.94,0.00,0,117278,98513,8,1.52,37.496758,126.957808,27751,456,1714,36,-1.00,0.00,999.00,0.0,0,141,0,3,-65,-66.6,98513,5,3,4.13,1,0,-4.39,-11.29,0
18:11:40,14.169,12449862,12449861,0,0,0,0.000000,0.000000,0.00,0.0,0,18.1,1,239.1,1,0.00,9.60,3.26,0.9980,24.06,2.730,473553,961382,0.010,1,338.3,"-0.75,0.99,9.51","3.2,0.3,-0.2","-54.150,25.950,16.050",0.28,0.59,0.00,0,117279,98514,8,1.52,37.496758,126.957808,27751,456,1714,36,-1.00,0.00,999.00,0.0,0,141,0,3,-63,-65.9,98514,3,3,3.86,1,0,-4.39,-11.29,0
18:11:40,14.289,12449970,12449969,0,0,0,0.000000,0.000000,0.00,0.0,0,18.1,1,239.1,1,-0.45,9.42,4.95,0.9985,21.68,2.731,473553,961395,0.010,1,338.3,"-0.94,0.45,9.36","-2.0,-3.3,3.1","-54.900,24.750,13.800",0.53,0.53,0.00,0,117280,98515,8,1.52,37.496758,126.957808,27751,456,1714,36,-1.00,0.00,999.00,0.0,0,141,0,3,-63,-65.3,98515,10,3,3.65,1,0,-4.39,-11.29,0
18:11:40,14.383,12450069,12450068,0,0,0,0.000000,0.000000,0.00,0.0,0,18.1,1,239.1,1,0.00,9.77,4.89,0.9883,24.49,2.790,473553,961407,0.010,1,338.3,"1.02,0.17,9.71","4.8,1.0,-0.3","-56.400,25.950,16.500",1.70,3.27,0.00,0,117281,98516,8,1.52,37.496758,126.957808,27751,456,1714,36,-1.00,0.00,999.00,0.0,0,141,0,3,-64,-65.1,98516,3,3,3.56,1,0,-4.39,-11.29,0
18:11:40,14.506,12450177,12450176,0,0,0,0.000000,0.000000,0.00,0.0,0,18.1,1,239.1,1,0.00,8.97,4.17,0.9997,23.69,2.795,473553,961420,0.010,1,338.3,"-0.34,0.23,8.96","3.1,-1.5,-2.4","-56.850,25.500,15.750",0.87,3.33,0.00,0,117282,98517,8,1.52,37.496758,126.957808,27751,456,1714,36,-1.00,0.00,999.00,0.0,0,141,0,3,-65,-65.0,98517,5,3,3.56,1,0,-4.39,-11.29,0
18:11:40,14.600,12450285,12450284,0,0,0,0.000000,0.000000,0.00,0.0,0,18.1,1,239.1,1,0.00,9.50,3.15,0.9998,23.30,2.741,473553,961433,0.010,1,338.3,"-0.56,0.58,9.46","0.8,-3.0,-0.1","-55.500,24.600,15.450",0.22,1.15,0.00,0,117283,98518,8,1.52,37.496758,126.957808,27751,456,1714,36,-1.00,0.00,999.00,0.0,0,141,0,3,-66,-65.2,98518,8,3,3.62,1,0,-4.39,-11.29,0
18:11:40,14.723,12450385,12450384,0,0,0,0.000000,0.000000,0.00,0.0,0,18.1,1,239.1,1,0.00,8.94,3.39,0.9997,22.34,2.770,473553,961445,0.010,1,338.3,"-0.43,0.66,8.91","1.7,-0.7,-2.8","-55.950,25.350,14.400",0.73,1.82,0.00,0,117284,98519,8,1.52,37.496758,126.957808,27751,456,1714,36,-1.00,0.00,999.00,0.0,0,141,0,3,-66,-65.4,98519,1,3,3.68,1,0,-4.39,-11.29,0
18:11:40,14.816,12450488,12450487,0,0,0,0.000000,0.000000,0.00,0.0,0,18.1,1,239.1,1,0.00,9.76,6.15,0.9999,23.31,2.752,473553,961456,0.010,1,338.3,"-0.31,0.51,9.74","-0.4,5.9,-1.6","-54.900,25.950,15.300",0.37,0.52,0.00,0,117285,98519,8,1.52,37.496758,126.957808,27751,456,1714,36,-1.00,0.00,999.00,0.0,0,141,0,3,-66,-65.4,98519,104,3,3.68,1,0,-4.39,-11.29,0
18:11:41,14.902,12450594,12450593,0,0,0,0.000000,0.000000,0.00,0.0,0,18.1,1,239.1,1,0.00,9.51,6.30,0.9981,21.54,2.783,473553,961469,0.010,1,338.3,"-0.82,0.91,9.43","5.9,1.7,1.4","-56.700,24.900,13.650",0.36,0.68,0.00,0,117286,98521,8,1.52,37.496758,126.957808,27751,456,1714,36,-1.00,0.00,999.00,0.0,0,141,0,3,-66,-65.4,98521,1,3,3.70,1,0,-4.39,-11.29,0
18:11:41,15.035,12450702,12450701,0,0,0,0.000000,0.000000,0.00,0.0,0,18.1,1,239.1,1,14.58,25.17,44.86,0.9976,24.08,2.797,473553,961482,0.010,1,338.3,"-3.27,-12.99,-21.31","36.8,18.4,-17.8","-55.500,26.100,14.400",33.83,33.83,0.00,0,117287,98522,8,1.52,37.496758,126.957808,27751,456,1714,36,-1.00,0.00,999.00,0.0,0,141,0,3,-70,-66.4,98522,3,3,4.03,1,0,-4.39,-11.29,0
18:11:41,15.133,12450810,12450809,0,0,0,0.000000,0.000000,0.00,0.0,0,18.1,1,239.1,1,0.00,10.04,6.72,0.9995,23.30,2.784,473553,961495,0.010,1,338.3,"-0.64,0.77,9.99","2.4,6.1,-1.5","-56.100,25.950,15.300",0.47,5.33,0.00,0,117288,98523,8,1.52,37.496758,126.957808,27751,456,1714,36,-1.00,0.00,999.00,0.0,0,141,0,3,-68,-66.7,98523,6,3,4.16,1,0,-4.39,-11.29,0
18:11:41,15.256,12450918,12450917,0,0,0,0.000000,0.000000,0.00,0.0,0,18.1,1,239.1,1,0.00,9.63,3.30,0.9999,22.67,2.776,473553,961508,0.010,1,338.3,"-0.47,0.57,9.60","-1.5,0.3,-2.9","-55.950,25.650,14.700",0.29,0.80,0.00,0,117289,98524,8,1.52,37.496758,126.957808,27751,456,1714,36,-1.00,0.00,999.00,0.0,0,141,0,3,-67,-66.7,98524,7,3,4.19,1,0,-4.39,-11.29,0
18:11:41,15.401,12451026,12451025,0,0,0,0.000000,0.000000,0.00,0.0,0,18.1,1,239.1,1,0.00,10.03,10.70,0.9962,21.47,2.747,473553,961521,0.010,1,338.3,"-1.27,0.78,9.92","10.1,3.4,0.5","-54.900,25.500,13.500",0.79,2.76,0.00,0,117290,98525,8,1.52,37.496758,126.957808,27751,456,1714,36,-1.00,0.00,999.00,0.0,0,141,0,3,-66,-66.6,98525,10,3,4.13,1,0,-4.39,-11.29,0
18:11:41,15.601,12451132,12451131,0,0,0,0.000000,0.000000,0.00,0.0,0,18.1,1,239.1,1,0.00,10.90,14.87,0.9900,23.78,2.758,473553,961534,0.010,1,338.3,"-1.24,1.88,10.67","-5.1,-13.8,2.1","-55.950,24.900,15.900",1.58,5.27,0.00,0,117291,98526,8,1.52,37.496758,126.957808,27751,456,1714,36,-1.00,0.00,999.00,0.0,0,141,0,3,-65,-66.3,98526,10,3,4.00,1,0,-4.39,-11.29,0
18:11:41,15.751,12451340,12451339,0,0,0,0.000000,0.000000,0.00,0.0,0,18.1,1,239.1,1,0.00,9.87,10.74,0.9973,22.29,2.761,473553,961559,0.010,1,338.3,"-0.13,1.14,9.80","10.6,-0.5,-1.3","-55.950,24.900,14.400",0.60,0.87,0.00,0,117293,98528,8,1.52,37.496758,126.957808,27751,456,1714,36,-1.00,0.00,999.00,0.0,0,141,0,3,-66,-66.2,98528,3,3,3.97,1,0,-4.39,-11.29,0
18:11:42,16.166,12451545,12451544,0,0,0,0.000000,0.000000,0.00,0.0,0,18.1,1,239.1,1,0.00,8.85,7.23,0.9862,21.54,2.780,473553,961582,0.010,1,338.3,"-1.81,0.04,8.67","6.4,-3.1,-1.0","-57.450,23.700,13.800",1.70,1.70,0.00,0,117295,98529,8,1.52,37.496758,126.957808,27751,456,1714,36,-1.00,0.00,999.00,0.0,0,141,0,3,-65,-65.9,98529,106,3,3.88,1,0,-4.39,-11.29,0
18:11:42,16.266,12451952,12451951,0,0,0,0.000000,0.000000,0.00,0.0,0,18.1,1,239.1,1,0.00,9.70,3.42,0.9987,23.09,2.757,473553,961631,0.010,1,338.3,"-0.82,0.79,9.63","-1.3,-3.2,0.3","-55.500,25.350,15.150",0.25,0.25,0.00,0,117299,98533,8,1.52,37.496758,126.957808,27751,456,1714,36,-1.00,0.00,999.00,0.0,0,141,0,3,-61,-63.3,98533,80,3,3.02,1,0,-4.39,-11.29,0
18:11:42,16.384,12452052,12452051,0,0,0,0.000000,0.000000,0.00,0.0,0,18.1,1,239.1,1,0.00,9.86,3.98,0.9993,23.66,2.777,473553,961643,0.010,1,338.3,"-0.62,0.81,9.81","3.5,-1.1,-1.5","-56.400,25.200,15.750",0.23,0.63,0.00,0,117300,98534,8,1.52,37.496758,126.957808,27751,456,1714,36,-1.00,0.00,999.00,0.0,0,141,0,3,-61,-62.9,98534,83,3,2.89,1,0,-4.39,-11.29,0
18:11:42,16.500,12452152,12452151,0,0,0,0.000000,0.000000,0.00,0.0,0,18.1,1,239.1,1,0.00,9.71,5.74,0.9990,23.38,2.768,473553,961655,0.010,1,338.3,"-0.44,0.91,9.65","-3.3,-4.7,-0.6","-55.950,25.350,15.450",0.19,0.44,0.00,0,117301,98535,8,1.52,37.496758,126.957808,27751,456,1714,36,-1.00,0.00,999.00,0.0,0,141,0,3,-60,-62.3,98535,79,3,2.74,1,0,-4.39,-11.29,0
18:11:42,16.567,12452252,12452251,0,0,0,0.000000,0.000000,0.00,0.0,0,18.1,1,239.1,1,0.00,9.62,2.95,0.9976,24.61,2.759,473553,961667,0.010,1,338.3,"-1.00,0.83,9.53","2.4,-1.7,0.4","-55.500,25.650,16.650",0.42,0.42,0.00,0,117302,98536,8,1.52,37.496758,126.957808,27751,456,1714,36,-1.00,0.00,999.00,0.0,0,141,0,3,-60,-61.8,98536,75,3,2.62,1,0,-4.39,-11.29,0
18:11:42,16.650,12452352,12452351,0,0,0,0.000000,0.000000,0.00,0.0,0,18.1,1,239.1,1,0.00,9.85,3.89,0.9999,22.47,2.751,473553,961679,0.010,1,338.3,"-0.54,0.55,9.82","3.3,-0.3,-2.0","-55.350,25.200,14.550",0.32,0.51,0.00,0,117303,98537,8,1.52,37.496758,126.957808,27751,456,1714,36,-1.00,0.00,999.00,0.0,0,141,0,3,-61,-61.7,98537,69,3,2.58,1,0,-4.39,-11.29,0
18:11:42,16.782,12452456,12452455,0,0,0,0.000000,0.000000,0.00,0.0,0,18.1,1,239.1,1,0.00,9.78,3.04,0.9999,23.78,2.777,473553,961690,0.010,1,338.3,"-0.43,0.62,9.75","2.7,-1.4,0.0","-55.650,26.250,15.750",0.25,0.79,0.00,0,117304,98538,8,1.52,37.496758,126.957808,27751,456,1714,36,-1.00,0.00,999.00,0.0,0,141,0,3,-60,-61.3,98538,68,3,2.50,1,0,-4.39,-11.29,0
18:11:43,17.000,12452556,12452555,0,0,0,0.000000,0.000000,0.00,0.0,0,18.1,1,239.1,1,0.00,9.82,6.60,0.9999,23.41,2.782,473553,961702,0.010,1,338.3,"-0.39,0.62,9.79","-0.1,6.6,-0.5","-56.250,25.650,15.450",0.29,1.91,0.00,0,117305,98539,8,1.52,37.496758,126.957808,27751,456,1714,36,-1.00,0.00,999.00,0.0,0,141,0,3,-60,-61.1,98539,61,3,2.44,1,0,-4.39,-11.29,0
18:11:43,17.335,12452656,12452655,0,0,0,0.000000,0.000000,0.00,0.0,0,18.1,1,239.1,1,0.00,9.74,1.69,0.9991,23.42,2.742,473553,961714,0.010,1,338.3,"-0.57,0.87,9.69","1.6,0.4,-0.4","-54.750,25.650,15.450",0.11,0.37,0.00,0,117306,98540,8,1.52,37.496758,126.957808,27751,456,1714,36,-1.00,0.00,999.00,0.0,0,141,0,3,-60,-60.9,98540,57,3,2.39,1,0,-4.39,-11.29,0
18:11:43,17.451,12453056,12453055,0,0,0,0.000000,0.000000,0.00,0.0,0,18.1,1,239.1,1,0.00,9.60,2.07,0.9993,23.89,2.775,473553,961762,0.010,1,338.3,"-0.61,0.78,9.55","-0.6,1.3,-1.5","-54.900,27.150,15.750",0.08,0.20,0.00,0,117310,98544,8,1.52,37.496758,126.957808,27751,456,1714,36,-1.00,0.00,999.00,0.0,0,141,0,3,-63,-61.9,98544,24,3,2.63,1,0,-4.39,-11.29,0
18:11:43,17.522,12453156,12453155,0,0,0,0.000000,0.000000,0.00,0.0,0,18.1,1,239.1,1,0.00,9.63,4.22,0.9993,22.64,2.749,473553,961774,0.010,1,338.3,"-0.56,0.82,9.58","1.6,-3.9,0.5","-55.200,25.350,14.700",0.05,0.19,0.00,0,117311,98545,8,1.52,37.496758,126.957808,27751,456,1714,36,-1.00,0.00,999.00,0.0,0,141,0,3,-63,-62.1,98545,22,3,2.69,1,0,-4.39,-11.29,0
18:11:43,17.652,12453256,12453255,0,0,0,0.000000,0.000000,0.00,0.0,0,18.1,1,239.1,1,0.00,9.57,3.18,0.9990,23.42,2.742,473553,961786,0.010,1,338.3,"-0.53,0.90,9.51","2.5,-1.2,1.6","-54.750,25.650,15.450",0.15,0.20,0.00,0,117312,98546,8,1.52,37.496758,126.957808,27751,456,1714,36,-1.00,0.00,999.00,0.0,0,141,0,3,-65,-62.7,98546,11,3,2.84,1,0,-4.39,-11.29,0
18:11:43,17.817,12453355,12453354,0,0,0,0.000000,0.000000,0.00,0.0,0,18.1,1,239.1,1,0.00,9.67,2.85,0.9991,23.60,2.793,473553,961798,0.010,1,338.3,"-0.68,0.81,9.62","-0.6,0.6,-2.7","-57.300,24.750,15.750",0.08,0.14,0.00,0,117313,98547,8,1.52,37.496758,126.957808,27751,456,1714,36,-1.00,0.00,999.00,0.0,0,141,0,3,-65,-63.1,98547,8,3,2.97,1,0,-4.39,-11.29,0
18:11:44,17.951,12453559,12453558,0,0,0,0.000000,0.000000,0.00,0.0,0,18.1,1,239.1,1,0.00,9.75,19.32,0.9946,23.86,2.773,473553,961821,0.010,1,338.3,"0.21,-0.29,9.74","9.7,-16.3,3.8","-55.950,25.650,15.900",1.37,2.18,0.00,0,117315,98549,8,1.52,37.496758,126.957808,27751,456,1714,36,-1.00,0.00,999.00,0.0,0,141,0,3,-61,-62.8,98549,8,3,2.89,1,0,-4.39,-11.29,0
18:11:44,18.050,12453667,12453666,0,0,0,0.000000,0.000000,0.00,0.0,0,18.1,1,239.1,1,-0.92,10.41,4.70,0.9971,23.75,2.720,473553,961834,0.010,1,338.3,"-1.26,0.42,10.32","1.4,-2.6,3.7","-54.750,24.600,15.900",1.01,11.50,0.00,0,117316,98550,8,1.52,37.496758,126.957808,27751,456,1714,36,-1.00,0.00,999.00,0.0,0,141,0,3,-61,-62.5,98550,6,3,2.79,1,0,-4.39,-11.29,0
18:11:44,18.183,12453775,12453774,0,0,0,0.000000,0.000000,0.00,0.0,0,18.1,1,239.1,1,0.00,9.75,8.64,0.9958,23.60,2.815,473553,961847,0.010,1,338.3,"-0.58,1.36,9.64","7.3,4.6,0.4","-56.250,27.300,15.450",0.59,2.39,0.00,0,117317,98551,8,1.52,37.496758,126.957808,27751,456,1714,36,-1.00,0.00,999.00,0.0,0,141,0,3,-60,-62.0,98551,14,3,2.66,1,0,-4.39,-11.29,0
18:11:44,18.450,12453882,12453881,0,0,0,0.000000,0.000000,0.00,0.0,0,18.1,1,239.1,1,-2.83,10.83,7.34,0.9940,22.95,2.764,473553,961860,0.010,1,338.3,"-1.02,-0.52,10.76","0.3,5.5,4.9","-55.650,25.500,15.000",1.76,1.90,0.00,0,117318,98552,8,1.52,37.496758,126.957808,27751,456,1714,36,-1.00,0.00,999.00,0.0,0,141,0,3,-62,-62.0,98552,15,3,2.66,1,0,-4.39,-11.29,0
18:11:44,18.550,12454205,12454204,0,0,0,0.000000,0.000000,0.00,0.0,0,18.1,1,239.0,1,0.00,8.50,2.71,0.9989,23.34,2.758,473553,961899,0.010,1,338.3,"-0.78,0.53,8.45","0.0,-2.6,0.7","-54.900,26.250,15.300",1.15,1.27,0.00,0,117321,98555,8,1.52,37.496758,126.957808,27751,456,1714,36,-1.00,0.00,999.00,0.0,0,141,0,3,-70,-65.2,98555,20,3,3.62,1,0,-4.39,-11.29,0
18:11:44,18.701,12454311,12454311,0,0,0,0.000000,0.000000,0.00,0.0,0,18.1,1,239.0,1,0.00,10.03,2.47,0.9997,22.56,2.774,473553,961912,0.010,1,338.3,"-0.68,0.39,10.00","1.4,1.9,-0.5","-55.650,25.950,14.550",0.56,1.04,0.00,0,117322,98556,8,1.52,37.496758,126.957808,27751,456,1714,36,-1.00,0.00,999.00,0.0,0,141,0,3,-70,-66.2,98556,23,3,3.97,1,0,-4.39,-11.29,0
18:11:44,18.784,12454441,12454418,0,0,0,0.000000,0.000000,0.00,0.0,0,18.1,1,239.0,1,0.00,9.52,6.88,0.9997,23.36,2.817,473553,961925,0.010,1,338.3,"-0.48,0.24,9.50","5.3,4.4,-0.3","-55.950,27.750,15.150",0.51,1.45,0.00,0,117323,98557,8,1.52,37.496758,126.957808,27751,456,1714,36,-1.00,0.00,999.00,0.0,0,141,0,3,-70,-66.9,98557,48,3,4.26,1,0,-4.39,-11.29,0
18:11:45,18.984,12454534,12454533,0,0,0,0.000000,0.000000,0.00,0.0,0,18.1,1,239.0,1,-1.46,9.11,9.68,0.9948,21.68,2.743,473553,961936,0.010,1,338.3,"-0.69,1.33,8.98","-6.5,-5.9,4.0","-55.350,24.750,13.800",0.72,3.84,0.00,0,117324,98558,8,1.52,37.496758,126.957808,27751,456,1714,36,-1.00,0.00,999.00,0.0,0,141,0,3,-71,-67.8,98558,35,3,4.61,1,0,-4.39,-11.29,0
18:11:45,19.089,12454741,12454740,0,0,0,0.000000,0.000000,0.00,0.0,0,18.1,1,239.0,1,0.00,13.17,16.43,0.9978,23.00,2.773,473553,961961,0.010,1,338.3,"-2.02,1.71,12.90","8.6,-14.0,0.7","-55.500,24.900,15.900",3.35,4.82,0.00,0,117326,98560,8,1.52,37.496758,126.957808,27751,456,1714,36,-1.00,0.00,999.00,0.0,0,141,0,3,-71,-69.2,98560,24,3,5.31,1,0,-4.39,-11.29,0
18:11:45,19.167,12454841,12454840,0,0,0,0.000000,0.000000,0.00,0.0,0,18.1,1,239.0,1,0.00,6.49,14.24,0.9861,21.52,2.756,473553,961973,0.010,1,338.3,"0.26,-0.40,6.47","14.2,0.8,0.7","-54.900,25.950,13.500",3.76,4.13,0.00,0,117327,98561,8,1.52,37.496758,126.957808,27751,456,1714,36,-1.00,0.00,999.00,0.0,0,141,0,3,-74,-70.2,98561,25,3,5.81,1,0,-4.39,-11.29,0
18:11:45,19.287,12454940,12454940,0,0,0,0.000000,0.000000,0.00,0.0,0,18.1,1,239.0,1,0.00,11.87,10.40,0.9980,22.51,2.757,473553,961985,0.010,1,338.3,"-0.59,1.34,11.78","-10.4,-1.0,-0.0","-55.350,25.500,14.550",1.93,2.76,0.00,0,117328,98562,8,1.52,37.496758,126.957808,27751,456,1714,36,-1.00,0.00,999.00,0.0,0,141,0,3,-74,-71.0,98562,15,3,6.25,1,0,-4.39,-11.29,0
18:11:45,19.384,12455047,12455046,0,0,0,0.000000,0.000000,0.00,0.0,0,18.1,1,239.0,1,0.00,9.60,7.05,0.9964,24.59,2.681,473553,961998,0.010,1,338.3,"-0.56,-0.33,9.58","4.7,-5.2,0.3","-52.800,25.350,16.650",1.16,1.60,0.00,0,117329,98563,8,1.52,37.496758,126.957808,27751,456,1714,36,-1.00,0.00,999.00,0.0,0,141,0,3,-75,-71.8,98563,20,3,6.75,1,0,-4.39,-11.29,0
18:11:45,19.456,12455147,12455146,0,0,0,0.000000,0.000000,0.00,0.0,0,18.1,1,239.0,1,0.00,9.56,5.01,0.9997,24.14,2.722,473553,962010,0.010,1,338.3,"-0.58,0.29,9.54","3.8,3.3,0.1","-54.300,25.350,16.200",0.52,1.49,0.00,0,117330,98564,8,1.52,37.496758,126.957808,27751,456,1714,36,-1.00,0.00,999.00,0.0,0,141,0,3,-72,-71.8,98564,14,3,6.78,1,0,-4.39,-11.29,0
18:11:45,19.585,12455247,12455246,0,0,0,0.000000,0.000000,0.00,0.0,0,18.1,1,239.0,1,0.00,10.87,11.98,0.9965,24.84,2.663,473553,962022,0.010,1,338.3,"-0.21,1.40,10.77","10.2,5.9,-2.2","-52.500,24.900,16.950",1.29,2.04,0.00,0,117331,98565,8,1.52,37.496758,126.957808,27751,456,1714,36,-1.00,0.00,999.00,0.0,0,141,0,3,-67,-70.8,98565,2,3,6.18,1,0,-4.39,-11.29,0
18:11:45,19.672,12455347,12455346,0,0,0,0.000000,0.000000,0.00,0.0,0,18.1,1,238.9,1,0.00,9.63,4.07,0.9965,21.75,2.748,473553,962034,0.010,1,338.3,"-1.15,0.84,9.52","-3.1,2.4,-1.2","-55.950,24.150,13.950",0.51,4.22,0.00,0,117332,98566,8,1.52,37.496758,126.957808,27751,456,1714,36,-1.00,0.00,999.00,0.0,0,141,0,3,-59,-68.5,98566,3,3,4.94,1,0,-4.39,-11.29,0
18:11:45,19.802,12455451,12455450,0,0,0,0.000000,0.000000,0.00,0.0,0,18.1,1,238.9,1,0.50,10.31,6.62,0.9998,24.98,2.652,473553,962045,0.010,1,338.3,"-0.40,0.33,10.30","-0.6,4.8,-4.5","-53.100,23.550,17.250",0.90,2.54,0.00,0,117333,98567,8,1.52,37.496758,126.957808,27751,456,1714,36,-1.00,0.00,999.00,0.0,0,141,0,3,-59,-66.6,98567,1,3,4.12,1,0,-4.39,-11.29,0
18:11:46,19.884,12455559,12455558,0,0,0,0.000000,0.000000,0.00,0.0,0,18.1,1,238.9,1,0.00,10.61,2.18,0.9959,22.91,2.778,473553,962058,0.010,1,338.3,"0.32,1.05,10.55","1.3,-0.8,1.5","-56.400,25.200,15.000",1.41,6.62,0.00,0,117334,98568,8,1.52,37.496758,126.957808,27751,456,1714,36,-1.00,0.00,999.00,0.0,0,141,0,3,-59,-65.1,98568,4,3,3.57,1,0,-4.39,-11.29,0
18:11:46,20.001,12455667,12455666,0,0,0,0.000000,0.000000,0.00,0.0,0,18.1,1,238.9,1,0.00,7.87,7.59,0.9983,24.74,2.752,473553,962071,0.010,1,338.3,"-0.74,0.13,7.83","7.3,-2.1,-0.5","-55.350,25.500,16.800",1.85,2.19,0.00,0,117335,98569,8,1.52,37.496758,126.957808,27751,456,1714,36,-1.00,0.00,999.00,0.0,0,141,0,3,-62,-64.5,98569,6,3,3.37,1,0,-4.39,-11.29,0
18:11:46,20.099,12455767,12455766,0,0,0,0.000000,0.000000,0.00,0.0,0,18.1,1,238.9,1,0.00,8.85,10.62,0.9970,23.17,2.665,473553,962083,0.010,1,338.3,"0.14,0.85,8.81","-10.1,-3.3,0.4","-53.550,23.400,15.450",1.07,3.19,0.00,0,117336,98570,8,1.52,37.496758,126.957808,27751,456,1714,36,-1.00,0.00,999.00,0.0,0,141,0,3,-66,-64.8,98570,1,3,3.47,1,0,-4.39,-11.29,0
18:11:46,20.233,12455875,12455874,0,0,0,0.000000,0.000000,0.00,0.0,0,18.1,1,238.9,1,0.00,9.75,2.63,0.9951,21.73,2.732,473553,962096,0.010,1,338.3,"-0.68,1.41,9.62","0.8,2.5,-0.1","-54.600,25.200,13.800",0.64,0.97,0.00,0,117337,98571,8,1.52,37.496758,126.957808,27751,456,1714,36,-1.00,0.00,999.00,0.0,0,141,0,3,-71,-66.0,98571,2,3,3.90,1,0,-4.39,-11.29,0
18:11:46,20.317,12455981,12455980,0,0,0,0.000000,0.000000,0.00,0.0,0,18.1,1,238.9,1,0.57,9.15,18.56,0.9998,21.72,2.653,473553,962109,0.010,1,338.3,"-0.29,0.30,9.14","-15.4,-9.3,-4.4","-52.800,23.700,13.950",0.78,1.71,0.00,0,117338,98571,8,1.52,37.496758,126.957808,27751,456,1714,36,-1.00,0.00,999.00,0.0,0,141,0,3,-71,-66.0,98571,108,3,3.90,1,0,-4.39,-11.29,0
18:11:46,20.383,12456082,12456081,0,0,0,0.000000,0.000000,0.00,0.0,0,18.1,1,238.9,1,0.00,9.46,21.75,0.9928,23.22,2.737,473553,962121,0.010,1,338.3,"-0.93,-0.55,9.40","21.7,0.2,0.2","-54.900,25.200,15.300",1.19,3.56,0.00,0,117339,98572,8,1.52,37.496758,126.957808,27751,456,1714,36,-1.00,0.00,999.00,0.0,0,141,0,3,-72,-67.2,98572,98,3,4.37,1,0,-4.39,-11.29,0
18:11:46,20.534,12456182,12456181,0,0,0,0.000000,0.000000,0.00,0.0,0,18.1,1,238.9,1,0.00,9.89,9.63,0.9973,24.05,2.763,473553,962133,0.010,1,338.3,"0.12,0.93,9.84","8.6,-4.3,-1.0","-55.350,25.950,16.050",0.84,4.45,0.00,0,117340,98573,8,1.52,37.496758,126.957808,27751,456,1714,36,-1.00,0.00,999.00,0.0,0,141,0,3,-75,-68.8,98573,96,3,5.07,1,0,-4.39,-11.29,0
18:11:46,20.617,12456282,12456281,0,0,0,0.000000,0.000000,0.00,0.0,0,18.1,1,239.1,1,0.00,11.04,13.47,1.0000,21.93,2.757,473553,962145,0.010,1,338.3,"-0.42,0.58,11.02","-12.3,-5.4,-1.0","-55.200,25.650,13.950",1.50,9.30,0.00,0,117341,98574,8,1.52,37.496758,126.957808,27751,456,1714,36,-1.00,0.00,999.00,0.0,0,141,0,3,-76,-70.2,98574,87,3,5.82,1,0,-4.39,-11.29,0
18:11:46,20.701,12456382,12456381,0,0,0,0.000000,0.000000,0.00,0.0,0,18.1,1,239.1,1,-0.76,10.96,5.31,0.9951,22.96,2.744,473553,962157,0.010,1,338.3,"-1.30,1.27,10.81","2.9,-2.5,3.6","-54.900,25.500,15.000",1.52,2.85,0.00,0,117342,98575,8,1.52,37.496758,126.957808,27751,456,1714,36,-1.00,0.00,999.00,0.0,0,141,0,3,-73,-70.8,98575,81,3,6.14,1,0,-4.39,-11.29,0
18:11:46,20.832,12456486,12456485,0,0,0,0.000000,0.000000,0.00,0.0,0,18.1,1,239.1,1,1.15,8.19,18.42,0.9971,21.82,2.712,473553,962168,0.010,1,338.3,"-0.85,0.80,8.11","11.4,13.6,-5.0","-54.300,24.600,13.950",1.40,4.71,0.00,0,117343,98576,8,1.52,37.496758,126.957808,27751,456,1714,36,-1.00,0.00,999.00,0.0,0,141,0,3,-77,-72.0,98576,86,3,6.91,1,0,-4.39,-11.29,0
18:11:47,20.917,12456593,12456592,0,0,0,0.000000,0.000000,0.00,0.0,0,18.1,1,239.0,1,-8.29,6.55,12.19,0.9971,23.79,2.769,473553,962181,0.010,1,338.3,"3.69,-2.75,4.65","-3.0,6.0,10.2","-55.350,26.250,15.750",7.18,7.18,0.00,0,117344,98576,8,1.52,37.496758,126.957808,27751,456,1714,36,-1.00,0.00,999.00,0.0,0,141,0,3,-77,-72.0,98576,193,3,6.91,1,0,-4.39,-11.29,0
18:11:47,21.067,12456693,12456692,0,0,0,0.000000,0.000000,0.00,0.0,0,18.1,1,239.0,1,0.00,10.12,13.41,0.9993,20.32,2.747,473553,962193,0.010,1,338.3,"-0.32,0.85,10.08","10.4,8.5,0.3","-55.500,24.600,12.450",0.60,3.98,0.00,0,117345,98577,8,1.52,37.496758,126.957808,27751,456,1714,36,-1.00,0.00,999.00,0.0,0,141,0,3,-69,-71.4,98577,80,3,6.53,1,0,-4.39,-11.29,0
18:11:47,21.150,12456793,12456792,0,0,0,0.000000,0.000000,0.00,0.0,0,18.1,1,239.3,1,0.00,8.51,6.03,0.9993,21.90,2.727,473553,962205,0.010,1,338.3,"-0.70,0.45,8.47","-5.6,2.3,0.1","-54.300,25.350,13.950",0.80,14.38,0.00,0,117346,98578,8,1.52,37.496758,126.957808,27751,456,1714,36,-1.00,0.00,999.00,0.0,0,141,0,3,-74,-71.9,98578,75,3,6.85,1,0,-4.39,-11.29,0
18:11:47,21.218,12456894,12456893,0,0,0,0.000000,0.000000,0.00,0.0,0,18.1,1,239.3,1,0.00,8.70,12.97,0.9981,22.68,2.731,473553,962217,0.010,1,338.3,"-0.74,0.02,8.67","-11.1,6.5,-1.9","-54.300,25.650,14.700",0.91,2.41,0.00,0,117347,98579,8,1.52,37.496758,126.957808,27751,456,1714,36,-1.00,0.00,999.00,0.0,0,141,0,3,-80,-73.5,98579,71,3,7.99,1,0,-4.39,-11.29,0
18:11:47,21.283,12456994,12456993,0,0,0,0.000000,0.000000,0.00,0.0,0,18.1,1,239.3,1,0.00,7.17,14.43,0.9950,22.83,2.716,473553,962229,0.010,1,338.3,"0.37,0.20,7.16","11.7,-8.5,0.1","-52.800,26.850,14.700",2.35,2.35,0.00,0,117348,98579,8,1.52,37.496758,126.957808,27751,456,1714,36,-1.00,0.00,999.00,0.0,0,141,0,3,-80,-73.5,98579,171,3,7.99,1,0,-4.39,-11.29,0
18:11:47,21.419,12457094,12457093,0,0,0,0.000000,0.000000,0.00,0.0,0,18.1,1,239.3,1,0.00,9.82,18.40,0.9940,23.57,2.734,473553,962241,0.010,1,338.3,"-0.46,1.55,9.68","-18.4,-0.8,0.4","-53.550,26.850,15.450",0.93,2.96,0.00,0,117349,98579,8,1.52,37.496758,126.957808,27751,456,1714,36,-1.00,0.00,999.00,0.0,0,141,0,3,-80,-73.5,98579,271,3,7.99,1,0,-4.39,-11.29,0
18:11:47,21.517,12457201,12457200,0,0,0,0.000000,0.000000,0.00,0.0,0,18.1,1,239.3,1,0.00,9.72,7.17,0.9993,22.50,2.726,473553,962254,0.010,1,338.3,"-0.75,0.28,9.69","-1.9,-6.7,1.8","-55.200,24.150,14.700",0.52,3.16,0.00,0,117350,98580,8,1.52,37.496758,126.957808,27751,456,1714,36,-1.00,0.00,999.00,0.0,0,141,0,3,-68,-72.4,98580,59,3,7.19,1,0,-4.39,-11.29,0
18:11:47,21.667,12457301,12457300,0,0,0,0.000000,0.000000,0.00,0.0,0,18.1,1,239.3,1,0.00,11.64,7.55,0.9871,23.57,2.698,473553,962266,0.010,1,338.3,"0.42,2.17,11.43","2.3,7.2,0.3","-54.150,24.300,15.750",2.63,3.40,0.00,0,117351,98581,8,1.52,37.496758,126.957808,27751,456,1714,36,-1.00,0.00,999.00,0.0,0,141,0,3,-69,-71.7,98581,54,3,6.74,1,0,-4.39,-11.29,0
18:11:47,21.853,12457401,12457400,0,0,0,0.000000,0.000000,0.00,0.0,0,18.1,1,239.3,1,0.00,9.31,14.52,0.9979,23.23,2.740,473553,962278,0.010,1,338.3,"-1.00,0.61,9.24","-11.9,-8.3,0.6","-54.000,26.550,15.150",0.40,2.45,0.00,0,117352,98582,8,1.52,37.496758,126.957808,27751,456,1714,36,-1.00,0.00,999.00,0.0,0,141,0,3,-72,-71.8,98582,50,3,6.77,1,0,-4.39,-11.29,0
18:11:48,21.951,12457612,12457611,0,0,0,0.000000,0.000000,0.00,0.0,0,18.1,1,239.7,1,6.59,11.43,22.64,0.9889,21.52,2.756,473553,962302,0.010,1,338.3,"-1.58,1.87,11.17","8.5,17.8,-11.1","-54.900,25.950,13.500",2.29,5.39,0.00,0,117354,98584,8,1.52,37.496758,126.957808,27751,456,1714,36,-1.00,0.00,999.00,0.0,0,141,0,3,-73,-72.2,98584,50,3,7.05,1,0,-4.39,-11.29,0
18:11:48,22.022,12457712,12457711,0,0,0,0.000000,0.000000,0.00,0.0,0,18.1,1,239.4,1,-0.91,8.16,32.28,0.9853,22.67,2.776,473553,962314,0.010,1,338.3,"-1.75,0.28,7.97","-28.6,-14.8,2.0","-55.950,25.650,14.700",1.85,11.37,0.00,0,117355,98585,8,1.52,37.496758,126.957808,27751,456,1714,36,-1.00,0.00,999.00,0.0,0,141,0,3,-70,-71.8,98585,44,3,6.76,1,0,-4.39,-11.29,0
18:11:48,22.100,12457813,12457812,0,0,0,0.000000,0.000000,0.00,0.0,0,18.1,1,239.4,1,0.00,9.56,15.75,0.9867,22.50,2.785,473553,962326,0.010,1,338.3,"-1.91,0.00,9.37","10.0,-12.1,-0.3","-56.400,25.500,14.550",1.29,7.73,0.00,0,117356,98586,8,1.52,37.496758,126.957808,27751,456,1714,36,-1.00,0.00,999.00,0.0,0,141,0,3,-73,-72.0,98586,40,3,6.92,1,0,-4.39,-11.29,0
18:11:48,22.300,12457913,12457912,0,0,0,0.000000,0.000000,0.00,0.0,0,18.1,1,239.4,1,0.00,9.09,3.25,0.9999,21.64,2.746,473553,962338,0.010,1,338.3,"-0.48,0.58,9.06","0.3,-2.5,2.0","-54.750,25.650,13.650",0.64,2.43,0.00,0,117357,98587,8,1.52,37.496758,126.957808,27751,456,1714,36,-1.00,0.00,999.00,0.0,0,141,0,3,-70,-71.6,98587,34,3,6.66,1,0,-4.39,-11.29,0
18:11:48,22.382,12458020,12458019,0,0,0,0.000000,0.000000,0.00,0.0,0,18.1,1,239.5,1,3.01,14.15,10.84,0.9834,22.43,2.773,473553,962351,0.010,1,338.3,"-0.60,3.28,13.75","1.5,8.1,-7.1","-57.000,26.850,14.400",4.67,4.67,0.00,0,117358,98588,8,1.52,37.496758,126.957808,27751,456,1714,36,-1.00,0.00,999.00,0.0,0,141,0,3,-68,-70.9,98588,34,3,6.21,1,0,-4.39,-11.29,0
18:11:48,22.567,12458127,12458126,0,0,0,0.000000,0.000000,0.00,0.0,0,18.1,1,239.4,1,0.00,8.49,25.88,0.9767,22.70,2.778,473553,962364,0.010,1,338.3,"-1.30,1.97,8.15","-25.4,-2.9,-3.8","-54.900,27.150,14.550",1.99,10.04,0.00,0,117359,98589,8,1.52,37.496758,126.957808,27751,456,1714,36,-1.00,0.00,999.00,0.0,0,141,0,3,-69,-70.5,98589,37,3,5.99,1,0,-4.39,-11.29,0
18:11:48,22.665,12458234,12458233,0,0,0,0.000000,0.000000,0.00,0.0,0,18.1,1,239.4,1,-1.90,6.59,8.40,0.9976,23.22,2.757,473553,962377,0.010,1,338.3,"0.19,-0.15,6.58","-4.7,6.0,3.4","-56.700,26.850,12.450",3.37,4.19,0.00,0,117360,98590,8,1.52,37.496758,126.957808,27751,456,1714,36,-1.00,0.00,999.00,0.0,0,141,0,3,-72,-70.8,98590,35,3,6.16,1,0,-4.39,-11.29,0
18:11:48,22.738,12458341,12458340,0,0,0,0.000000,0.000000,0.00,0.0,0,18.1,1,239.2,1,-15.69,8.34,18.83,0.9679,22.07,2.781,473553,962390,0.010,1,338.3,"-2.41,-0.06,7.99","-2.7,6.7,17.4","-55.200,26.850,13.950",2.48,4.31,0.00,0,117361,98591,8,1.52,37.496758,126.957808,27751,456,1714,36,-1.00,0.00,999.00,0.0,0,141,0,3,-79,-72.5,98591,40,3,7.20,1,0,-4.39,-11.29,0
18:11:49,22.867,12458454,12458431,0,0,0,0.000000,0.000000,0.00,0.0,0,18.1,1,239.1,1,0.00,8.49,6.89,0.9781,21.56,2.754,473553,962401,0.010,1,338.3,"0.23,-1.24,8.40","-6.8,1.0,0.2","-54.600,26.250,13.500",2.70,2.70,0.00,0,117362,98592,8,1.52,37.496758,126.957808,27751,456,1714,36,-1.00,0.00,999.00,0.0,0,141,0,3,-70,-72.0,98592,47,3,6.87,1,0,-4.39,-11.29,0
18:11:49,22.966,12458545,12458544,0,0,0,0.000000,0.000000,0.00,0.0,0,18.1,1,239.1,1,-1.77,10.46,20.23,0.9975,21.19,2.759,473553,962412,0.010,1,338.3,"-0.15,-0.14,10.46","19.4,-0.8,5.5","-55.200,25.650,13.200",1.23,4.20,0.00,0,117363,98593,8,1.52,37.496758,126.957808,27751,456,1714,36,-1.00,0.00,999.00,0.0,0,141,0,3,-68,-71.2,98593,33,3,6.38,1,0,-4.39,-11.29,0
18:11:49,22.975,12458646,12458645,0,0,1,37.496654,126.957635,0.28,0.0,0,338.3,1,229.4,1,1.70,8.42,15.18,0.9968,22.65,2.725,473553,962424,0.550,1,338.3,"-0.98,0.11,8.36","-13.7,-3.0,-5.9","-54.300,25.350,14.700",1.59,2.80,0.00,0,117364,98594,7,1.78,37.496654,126.957635,27752,456,1714,36,28.45,0.00,999.00,54.8,0,141,0,3,-67,-70.3,98594,26,3,5.89,1,0,-4.39,-11.29,0
18:11:49,23.117,12458747,12458746,0,0,1,37.496655,126.957635,0.28,0.0,0,338.3,1,229.4,1,0.00,10.56,2.87,0.9998,21.78,2.758,473553,962436,0.550,1,338.3,"-0.45,0.75,10.52","1.7,0.0,-2.3","-54.300,26.850,13.650",0.89,4.72,0.00,0,117365,98595,7,1.78,37.496654,126.957635,27752,456,1714,36,28.45,0.00,999.00,54.8,0,141,0,3,-66,-69.5,98595,21,3,5.42,1,0,-4.39,-11.29,0
18:11:49,23.183,12458848,12458847,0,0,1,37.496655,126.957635,0.28,0.0,0,338.3,1,229.4,1,0.00,11.14,3.30,0.9996,23.46,2.803,473553,962448,0.550,1,338.3,"-0.32,0.81,11.10","3.0,-1.1,-0.6","-56.700,26.100,15.450",1.44,1.44,0.00,0,117366,98596,7,1.78,37.496654,126.957635,27752,456,1714,36,28.45,0.00,999.00,54.8,0,141,0,3,-67,-69.0,98596,18,3,5.17,1,0,-4.39,-11.29,0
18:11:49,23.450,12458948,12458947,0,0,1,37.496656,126.957635,0.28,0.0,0,338.3,1,229.4,1,0.00,9.23,4.02,0.9999,23.14,2.789,473553,962460,0.550,1,338.3,"-0.32,0.37,9.21","-3.3,-1.4,1.7","-55.350,27.150,15.000",0.60,1.00,0.00,0,117367,98597,7,1.78,37.496654,126.957635,27752,456,1714,36,28.45,0.00,999.00,54.8,0,141,0,3,-69,-69.0,98597,12,3,5.18,1,0,-4.39,-11.29,0
18:11:49,23.479,12459060,12459047,0,0,1,37.496656,126.957634,0.28,0.0,0,338.3,1,229.4,1,0.00,10.81,5.95,0.9976,22.03,2.803,473553,962472,0.550,1,338.3,"-1.18,0.84,10.72","5.0,-3.2,0.5","-56.250,26.550,13.950",1.24,2.13,0.00,0,117368,98598,7,1.78,37.496654,126.957635,27752,456,1714,36,28.45,0.00,999.00,54.8,0,141,0,3,-70,-69.2,98598,18,3,5.28,1,0,-4.39,-11.29,0
18:11:49,23.549,12459163,12459150,0,0,1,37.496657,126.957634,0.28,0.0,0,338.3,1,229.3,1,0.00,11.28,2.02,0.9926,22.56,2.774,473553,962483,0.550,1,338.3,"0.30,1.66,11.15","1.6,-1.1,-0.6","-55.650,25.950,14.550",1.90,7.80,0.00,0,117369,98599,7,1.78,37.496654,126.957635,27752,456,1714,36,28.21,0.00,999.00,55.6,0,141,0,3,-70,-69.3,98599,16,3,5.36,1,0,-4.39,-11.29,0
18:11:49,23.618,12459253,12459252,0,0,1,37.496657,126.957634,0.28,0.0,0,338.3,1,229.3,1,0.00,9.11,3.82,0.9996,21.73,2.784,473553,962494,0.550,1,338.3,"-0.68,0.38,9.08","2.3,-3.0,-0.2","-55.500,26.550,13.650",0.78,2.90,0.00,0,117370,98600,7,1.78,37.496654,126.957635,27752,456,1714,36,28.21,0.00,999.00,55.6,0,141,0,3,-70,-69.3,98599,106,3,5.36,1,0,-4.39,-11.29,0
18:11:49,23.683,12459354,12459353,0,0,1,37.496657,126.957634,0.28,0.0,0,338.3,1,229.3,1,-0.47,9.67,5.38,0.9971,22.51,2.800,473553,962506,0.550,1,338.3,"0.02,-0.09,9.67","3.3,3.1,2.9","-55.950,26.850,14.400",0.87,1.19,0.00,0,117371,98600,7,1.78,37.496654,126.957635,27752,456,1714,36,28.21,0.00,999.00,55.6,0,141,0,3,-69,-69.3,98600,101,3,5.33,1,0,-4.39,-11.29,0
18:11:49,23.767,12459458,12459457,0,0,1,37.496657,126.957634,0.28,0.0,0,338.3,1,229.4,1,7.41,11.36,11.15,0.9755,22.51,2.757,473553,962517,0.550,1,338.3,"-1.85,2.65,10.89","-1.2,0.6,-11.1","-55.350,25.500,14.550",2.96,13.83,0.00,0,117372,98601,7,1.78,37.496654,126.957635,27752,456,1714,36,28.21,0.00,999.00,55.6,0,141,0,3,-70,-69.4,98601,100,3,5.40,1,0,-4.39,-11.29,0
18:11:50,23.989,12459559,12459558,0,0,1,37.496657,126.957634,0.28,0.0,0,338.3,1,229.4,1,-2.00,9.54,18.95,0.9993,22.40,2.791,473553,962529,0.550,1,338.3,"-0.69,0.22,9.51","-14.8,11.4,3.1","-55.350,27.150,14.250",0.41,4.79,0.00,0,117373,98602,7,1.78,37.496654,126.957635,27752,456,1714,36,28.21,0.00,999.00,55.6,0,141,0,3,-67,-68.9,98602,95,3,5.16,1,0,-4.39,-11.29,0
18:11:50,24.105,12459761,12459760,0,0,1,37.496658,126.957629,0.29,0.0,0,338.3,1,229.1,1,0.00,10.16,4.79,0.9992,22.26,2.754,473553,962553,0.314,1,338.3,"-0.23,0.83,10.12","-3.8,-1.6,-2.4","-54.900,25.950,14.250",0.81,3.33,0.00,0,117375,98604,7,1.52,37.496651,126.957583,27753,456,1714,36,29.00,0.00,999.00,55.6,0,141,0,3,-69,-68.6,98604,84,3,5.01,1,0,-4.39,-11.29,0
18:11:50,24.183,12459862,12459861,0,0,1,37.496658,126.957629,0.29,0.0,0,338.3,1,229.2,1,0.00,10.41,5.21,0.9915,23.53,2.748,473553,962565,0.314,1,338.3,"-1.70,1.06,10.21","4.7,1.7,-1.4","-54.300,26.550,15.450",1.69,1.69,0.00,0,117376,98605,7,1.52,37.496651,126.957583,27753,456,1714,36,29.00,0.00,999.00,55.6,0,141,0,3,-68,-68.5,98605,77,3,4.95,1,0,-4.39,-11.29,0
18:11:50,24.302,12459963,12459962,0,0,1,37.496658,126.957629,0.29,0.0,0,338.3,1,229.2,1,-0.70,9.97,3.36,0.9991,23.23,2.760,473553,962577,0.314,1,338.3,"-0.53,0.91,9.91","0.9,-0.2,3.2","-54.750,26.550,15.150",0.52,3.20,0.00,0,117377,98606,7,1.52,37.496651,126.957583,27753,456,1714,36,29.00,0.00,999.00,55.6,0,141,0,3,-65,-67.8,98606,63,3,4.63,1,0,-4.39,-11.29,0
18:11:50,24.388,12460064,12460063,0,0,1,37.496658,126.957629,0.29,0.0,0,338.3,1,229.1,1,0.00,10.44,5.77,0.9940,23.05,2.751,473553,962589,0.314,1,338.3,"0.62,0.18,10.42","4.3,3.0,2.4","-54.600,26.250,15.000",1.53,9.57,0.00,0,117378,98607,7,1.52,37.496651,126.957583,27753,456,1714,36,29.00,0.00,999.00,55.6,0,141,0,3,-65,-67.2,98607,66,3,4.39,1,0,-4.39,-11.29,0
18:11:50,24.518,12460165,12460164,0,0,1,37.496658,126.957629,0.29,0.0,0,338.3,1,229.1,1,0.00,9.29,10.55,0.9935,22.65,2.725,473553,962601,0.314,1,338.3,"0.60,0.18,9.27","10.3,1.5,-1.6","-54.300,25.350,14.700",1.02,1.35,0.00,0,117379,98608,7,1.52,37.496651,126.957583,27753,456,1714,36,29.00,0.00,999.00,55.6,0,141,0,3,-66,-67.0,98608,65,3,4.29,1,0,-4.39,-11.29,0
18:11:50,24.617,12460266,12460265,0,0,1,37.496658,126.957629,0.29,0.0,0,338.3,1,229.2,1,0.00,9.30,3.22,0.9999,23.10,2.768,473553,962613,0.314,1,338.3,"-0.34,0.57,9.28","3.2,-0.5,0.1","-54.900,26.700,15.000",0.28,2.83,0.00,0,117380,98609,7,1.52,37.496651,126.957583,27753,456,1714,36,29.00,0.00,999.00,55.6,0,141,0,3,-63,-66.2,98609,64,3,3.97,1,0,-4.39,-11.29,0
18:11:50,24.689,12460367,12460366,0,0,1,37.496658,126.957629,0.29,0.0,0,338.3,1,229.2,1,0.00,9.49,3.51,0.9999,24.72,2.809,473553,962625,0.314,1,338.3,"-0.55,0.49,9.46","1.1,-3.3,-0.7","-55.650,27.900,16.500",0.19,2.20,0.00,0,117381,98610,7,1.52,37.496651,126.957583,27753,456,1714,36,29.00,0.00,999.00,55.6,0,141,0,3,-64,-65.8,98610,57,3,3.81,1,0,-4.39,-11.29,0
18:11:50,24.834,12460472,12460471,0,0,1,37.496658,126.957629,0.29,0.0,0,338.3,1,229.2,1,0.00,9.15,4.45,0.9997,22.59,2.792,473553,962636,0.314,1,338.3,"-0.48,0.66,9.11","3.2,-2.8,-1.2","-56.100,26.250,14.550",0.50,2.78,0.00,0,117382,98611,7,1.52,37.496651,126.957583,27753,456,1714,36,29.00,0.00,999.00,55.6,0,141,0,3,-66,-65.8,98611,58,3,3.83,1,0,-4.39,-11.29,0
18:11:51,24.919,12460584,12460572,0,0,1,37.496658,126.957629,0.29,0.0,0,338.3,1,229.3,1,1.53,9.68,18.59,0.9903,23.66,2.804,473553,962648,0.314,1,338.3,"-1.48,1.31,9.48","17.7,-3.9,-3.9","-55.500,27.750,15.450",1.25,5.94,0.00,0,117383,98612,7,1.52,37.496637,126.957583,27753,457,1714,36,29.00,0.00,999.00,55.6,0,141,0,3,-68,-66.2,98612,64,3,3.99,1,0,-4.39,-11.29,0
18:11:51,24.982,12460678,12460677,0,0,1,37.496658,126.957629,0.29,0.0,0,338.3,1,229.6,1,0.00,7.02,24.85,0.8965,21.82,2.799,473553,962659,0.314,1,338.3,"-2.61,-1.75,6.27","24.7,2.4,0.1","-54.900,26.700,13.500",5.02,28.52,0.00,0,117384,98613,7,1.52,37.496637,126.957583,27753,457,1714,36,29.00,0.00,999.00,55.6,0,141,0,3,-71,-67.2,98613,53,3,4.37,1,0,-4.39,-11.29,0
18:11:51,25.066,12460779,12460778,0,0,1,37.496658,126.957629,0.29,0.0,0,338.3,1,229.0,1,-11.14,27.90,46.74,0.5087,21.77,2.782,473553,962671,0.314,1,338.3,"6.16,-8.83,25.74","43.3,-1.0,17.5","-56.700,25.350,13.200",19.89,19.89,0.00,0,117385,98614,7,1.52,37.496637,126.957583,27753,457,1714,36,29.00,0.00,999.00,55.6,0,141,0,3,-75,-68.8,98614,49,3,5.07,1,0,-4.39,-11.29,0
18:11:51,25.189,12460880,12460879,0,0,1,37.496658,126.957629,0.29,0.0,0,338.3,1,228.6,1,0.00,10.64,7.70,0.9997,23.87,2.741,473553,962683,0.314,1,338.3,"-0.28,0.71,10.61","5.5,-4.7,-2.5","-54.750,25.650,15.900",0.99,6.79,0.00,0,117386,98615,7,1.52,37.496637,126.957583,27753,457,1714,36,29.00,0.00,999.00,55.6,0,141,0,3,-70,-69.0,98615,44,3,5.19,1,0,-4.39,-11.29,0
18:11:51,25.317,12460981,12460980,0,0,1,37.496658,126.957629,0.29,0.0,0,338.3,1,228.7,1,0.63,8.18,4.55,0.9910,23.62,2.763,473553,962695,0.314,1,338.3,"0.69,0.14,8.15","1.9,0.5,-4.1","-54.300,27.300,15.450",1.98,5.93,0.00,0,117387,98616,7,1.52,37.496637,126.957583,27753,457,1714,36,29.00,0.00,999.00,55.6,0,141,0,3,-63,-67.8,98616,40,3,4.63,1,0,-4.39,-11.29,0
18:11:51,25.437,12461082,12461081,0,0,1,37.496658,126.957629,0.29,0.0,0,338.3,1,228.6,1,-6.32,8.06,22.60,0.9963,23.90,2.755,473553,962707,0.314,1,338.3,"-0.24,1.08,7.99","2.9,21.1,7.6","-54.150,27.150,15.750",1.67,7.31,0.00,0,117388,98617,7,1.52,37.496637,126.957583,27753,457,1714,36,29.00,0.00,999.00,55.6,0,141,0,3,-65,-67.2,98617,35,3,4.39,1,0,-4.39,-11.29,0
18:11:51,25.567,12461187,12461186,0,0,1,37.496658,126.957629,0.29,0.0,0,338.3,1,228.6,1,0.00,10.41,13.91,0.9926,23.52,2.792,473553,962719,0.314,1,338.3,"0.77,0.24,10.38","-13.1,-4.6,0.8","-55.950,26.550,15.450",1.59,2.56,0.00,0,117389,98618,7,1.52,37.496637,126.957583,27753,457,1714,36,29.00,0.00,999.00,55.6,0,141,0,3,-69,-67.6,98618,35,3,4.54,1,0,-4.39,-11.29,0
18:11:51,25.650,12461288,12461287,0,0,1,37.496658,126.957629,0.29,0.0,0,338.3,1,228.6,1,0.00,9.67,5.85,0.9961,22.04,2.763,473553,962731,0.314,1,338.3,"-1.07,1.04,9.56","5.5,-0.2,2.0","-54.750,26.550,13.950",0.71,3.09,0.00,0,117390,98619,7,1.52,37.496637,126.957583,27753,457,1714,36,29.24,0.00,999.00,54.9,0,141,0,3,-72,-68.5,98619,28,3,4.93,1,0,-4.39,-11.29,0
18:11:51,25.719,12461388,12461387,0,0,1,37.496658,126.957629,0.29,0.0,0,338.3,1,228.7,1,0.00,11.02,13.24,0.9886,22.87,2.757,473553,962743,0.314,1,338.3,"-1.11,2.08,10.77","12.4,3.7,-2.8","-54.000,27.300,14.700",2.02,2.02,0.00,0,117391,98620,7,1.52,37.496637,126.957583,27753,457,1714,36,29.24,0.00,999.00,54.9,0,141,0,3,-72,-69.2,98620,22,3,5.28,1,0,-4.39,-11.29,0
18:11:51,25.839,12461492,12461491,0,0,1,37.496658,126.957629,0.29,0.0,0,338.3,1,228.7,1,0.00,10.28,4.68,0.9921,23.16,2.749,473553,962754,0.314,1,338.3,"-0.22,1.77,10.12","-2.9,-2.9,-2.3","-53.850,27.150,15.000",1.23,1.53,0.00,0,117392,98621,7,1.52,37.496637,126.957583,27753,457,1714,36,29.24,0.00,999.00,54.9,0,141,0,3,-69,-69.1,98621,23,3,5.26,1,0,-4.39,-11.29,0
18:11:52,25.933,12461592,12461591,0,0,1,37.496649,126.957609,0.41,338.3,1,338.3,1,220.2,1,0.00,9.73,6.94,0.9974,23.71,2.751,473553,962766,0.535,1,338.3,"-0.57,1.17,9.64","-6.9,-0.5,0.0","-53.250,28.050,15.450",0.44,0.79,0.00,0,117393,98622,7,1.52,37.496639,126.957590,27754,457,1714,36,30.83,0.09,999.00,76.8,0,141,0,3,-69,-69.1,98622,18,3,5.24,1,0,-4.39,-11.29,0
18:11:52,26.002,12461693,12461692,0,0,1,37.496649,126.957609,0.41,338.3,1,338.3,1,220.2,1,0.00,9.78,2.75,0.9988,22.73,2.752,473553,962778,0.535,1,338.3,"-0.80,0.18,9.74","-2.6,0.9,-0.2","-54.750,26.100,14.700",0.60,0.93,0.00,0,117394,98623,7,1.52,37.496639,126.957590,27754,457,1714,36,30.83,0.09,999.00,76.8,0,141,0,3,-70,-69.3,98623,13,3,5.33,1,0,-4.39,-11.29,0
18:11:52,26.121,12461804,12461791,0,0,1,37.496649,126.957609,0.41,338.3,1,338.3,1,220.2,1,0.00,9.73,5.78,0.9993,24.00,2.785,473553,962790,0.535,1,338.3,"-0.14,0.25,9.73","5.8,0.5,0.1","-55.500,26.850,15.900",0.56,0.94,0.00,0,117395,98624,7,1.52,37.496639,126.957590,27754,457,1714,36,30.83,0.09,999.00,76.8,0,141,0,3,-73,-70.0,98624,19,3,5.72,1,0,-4.39,-11.29,0
18:11:52,26.217,12461908,12461895,0,0,1,37.496649,126.957608,0.41,338.3,1,338.3,1,220.2,1,0.00,9.88,2.83,0.9996,22.40,2.771,473553,962801,0.535,1,338.3,"-0.64,0.28,9.86","-1.3,2.2,-1.3","-54.600,27.150,14.250",0.46,0.91,0.00,0,117396,98625,7,1.52,37.496639,126.957590,27754,457,1714,36,30.83,0.09,999.00,76.8,0,141,0,3,-69,-69.8,98625,20,3,5.61,1,0,-4.39,-11.29,0
18:11:52,26.334,12462012,12461999,0,0,1,37.496650,126.957608,0.41,338.3,1,338.3,1,220.2,1,0.00,9.94,4.21,0.9999,22.73,2.824,473553,962812,0.535,1,338.3,"-0.47,0.34,9.92","2.9,-1.6,2.5","-56.400,27.450,14.550",0.40,4.19,0.00,0,117397,98626,7,1.52,37.496639,126.957590,27754,457,1714,36,30.83,0.09,999.00,76.8,0,141,0,3,-67,-69.3,98626,16,3,5.32,1,0,-4.39,-11.29,0
18:11:52,26.616,12462103,12462102,0,0,1,37.496650,126.957608,0.41,338.3,1,338.3,1,220.3,1,-1.68,12.02,15.11,0.9959,21.85,2.753,473553,962823,0.535,1,338.3,"-0.86,1.63,11.88","11.4,-8.3,5.4","-54.600,26.250,13.800",2.29,6.73,0.00,0,117398,98626,7,1.52,37.496639,126.957590,27754,457,1714,36,30.83,0.09,999.00,76.8,0,141,0,3,-67,-69.3,98626,107,3,5.32,1,0,-4.39,-11.29,0
18:11:52,26.767,12462409,12462408,0,0,1,37.496650,126.957608,0.41,338.3,1,338.3,1,220.6,1,0.00,8.50,11.12,0.9797,23.04,2.819,473553,962857,0.535,1,338.3,"-1.75,-0.59,8.30","-8.2,7.2,-2.2","-55.200,28.800,14.700",3.28,57.19,0.00,0,117401,98629,7,1.52,37.496639,126.957590,27754,457,1714,36,30.83,0.09,999.00,76.8,0,141,0,3,-69,-69.9,98629,105,3,5.67,1,0,-4.39,-11.29,0
18:11:53,26.883,12462513,12462512,0,0,1,37.496650,126.957608,0.41,338.3,1,338.3,1,220.6,1,0.00,9.00,2.47,0.9977,22.73,2.740,473553,962868,0.535,1,338.3,"0.19,0.60,8.97","1.8,1.6,-0.4","-54.300,26.100,14.700",1.58,12.42,0.00,0,117402,98631,7,1.52,37.496639,126.957590,27754,457,1714,36,30.28,0.10,999.00,76.0,0,141,0,3,-64,-68.0,98631,0,3,5.16,1,0,-4.39,-11.29,0
18:11:53,26.956,12462614,12462613,0,0,1,37.496649,126.957605,0.38,338.3,0,338.3,1,220.6,1,0.00,9.43,12.55,0.9987,22.70,2.790,473553,962880,0.355,1,338.3,"-0.21,0.89,9.39","3.5,11.6,-3.2","-55.350,27.150,14.550",0.90,3.16,0.00,0,117403,98631,7,1.52,37.496637,126.957585,27755,457,1714,36,30.28,0.10,999.00,76.0,0,141,0,3,-64,-68.0,98631,101,3,4.70,1,0,-4.39,-11.29,0
18:11:53,27.033,12462715,12462714,0,0,1,37.496649,126.957605,0.38,338.3,0,338.3,1,220.7,1,14.65,7.37,31.29,0.9968,23.53,2.748,473553,962892,0.355,1,338.3,"-0.59,0.90,7.29","-24.2,2.1,-19.7","-54.300,26.550,15.450",2.71,5.38,0.00,0,117404,98632,7,1.52,37.496637,126.957585,27755,457,1714,36,30.83,0.00,999.00,76.8,0,141,0,3,-67,-67.8,98632,95,3,4.61,1,0,-4.39,-11.29,0
18:11:53,27.117,12462816,12462815,0,0,1,37.496649,126.957605,0.38,338.3,0,338.3,1,220.8,1,0.00,10.08,13.44,0.9978,21.90,2.782,473553,962904,0.355,1,338.3,"-1.11,0.38,10.01","10.5,8.3,0.8","-55.350,26.700,13.800",0.91,5.79,0.00,0,117405,98633,7,1.52,37.496637,126.957585,27755,457,1714,36,30.83,0.00,999.00,76.8,0,141,0,3,-72,-68.6,98633,90,3,5.00,1,0,-4.39,-11.29,0
18:11:53,27.267,12462917,12462916,0,0,1,37.496649,126.957605,0.38,338.3,0,338.3,1,220.8,1,0.00,10.33,7.52,0.9963,22.87,2.765,473553,962916,0.355,1,338.3,"-0.39,1.39,10.23","-5.1,-5.1,2.3","-54.300,27.300,14.700",0.48,2.06,0.00,0,117406,98634,7,1.52,37.496637,126.957585,27755,457,1714,36,30.83,0.00,999.00,76.8,0,141,0,3,-70,-68.9,98634,87,3,5.13,1,0,-4.39,-11.29,0
18:11:53,27.350,12463018,12463017,0,0,1,37.496649,126.957605,0.38,338.3,0,338.3,1,220.8,1,0.00,8.76,2.45,0.9949,23.32,2.764,473553,962928,0.355,1,338.3,"-1.27,0.45,8.65","-2.4,-0.5,-0.2","-54.300,27.300,15.150",1.49,1.68,0.00,0,117407,98635,7,1.52,37.496637,126.957585,27755,457,1714,36,30.83,0.00,999.00,76.8,0,141,0,3,-73,-69.7,98635,83,3,5.55,1,0,-4.39,-11.29,0
18:11:53,27.418,12463118,12463117,0,0,1,37.496649,126.957605,0.38,338.3,0,338.3,1,220.7,1,0.00,10.26,4.51,0.9737,22.29,2.741,473553,962940,0.355,1,338.3,"-1.12,2.73,9.83","-2.1,2.6,-3.0","-55.200,24.900,14.400",1.85,4.47,0.00,0,117408,98636,7,1.52,37.496637,126.957585,27755,457,1714,36,30.83,0.00,999.00,76.8,0,141,0,3,-77,-71.2,98636,73,3,6.38,1,0,-4.39,-11.29,0
18:11:53,27.585,12463218,12463217,0,0,1,37.496649,126.957605,0.38,338.3,0,338.3,1,220.8,1,0.27,11.09,8.53,0.9988,22.41,2.759,473553,962952,0.355,1,338.3,"-0.86,0.96,11.02","6.3,-4.9,-3.0","-54.150,27.150,14.250",1.38,6.49,0.00,0,117409,98637,7,1.52,37.496637,126.957585,27755,457,1714,36,30.83,0.00,999.00,76.8,0,141,0,3,-74,-71.7,98637,72,3,6.73,1,0,-4.39,-11.29,0
18:11:53,27.716,12463319,12463318,0,0,1,37.496649,126.957605,0.38,338.3,0,338.3,1,220.8,1,0.00,9.01,7.69,0.9984,22.04,2.743,473553,962964,0.355,1,338.3,"0.09,0.55,8.99","-6.9,2.7,-2.0","-54.000,26.550,13.950",1.02,3.11,0.00,0,117410,98638,7,1.52,37.496637,126.957585,27755,457,1714,36,30.83,0.00,999.00,76.8,0,141,0,3,-73,-72.0,98638,66,3,6.89,1,0,-4.39,-11.29,0
18:11:53,27.800,12463419,12463418,0,0,1,37.496649,126.957605,0.38,338.3,0,338.3,1,220.8,1,4.03,14.37,15.10,0.6785,23.32,2.764,473553,962976,0.355,1,338.3,"-4.50,2.20,13.47","-3.8,-13.0,-6.6","-54.750,27.750,14.700",5.65,8.72,0.00,0,117411,98639,7,1.52,37.496637,126.957585,27755,457,1714,36,30.83,0.00,999.00,76.8,0,141,0,3,-73,-72.2,98639,55,3,7.03,1,0,-4.39,-11.29,0
18:11:54,27.871,12463524,12463523,0,0,1,37.496649,126.957605,0.38,338.3,0,338.3,1,220.8,1,0.00,15.42,13.99,0.9790,22.40,2.771,473553,962987,0.355,1,338.3,"-1.05,4.47,14.72","-13.0,-4.5,-2.5","-55.200,25.650,14.700",6.13,6.13,0.00,0,117412,98640,7,1.52,37.496637,126.957585,27755,457,1714,36,31.08,0.00,999.00,76.1,0,141,0,3,-75,-72.8,98640,46,3,7.41,1,0,-4.39,-11.29,0
18:11:54,28.016,12463625,12463624,0,0,1,37.496648,126.957604,0.39,338.3,0,338.3,1,220.8,1,0.00,8.99,7.18,0.9989,23.15,2.757,473553,962999,0.386,1,338.3,"-0.30,0.86,8.94","5.3,-4.4,2.0","-54.150,27.150,15.000",0.81,5.13,0.00,0,117413,98641,7,1.52,37.496638,126.957591,27756,457,1714,36,31.33,0.00,999.00,75.5,0,141,0,3,-68,-71.8,98641,44,3,6.77,1,0,-4.39,-11.29,0
18:11:54,28.032,12463727,12463726,0,0,1,37.496648,126.957604,0.39,338.3,0,338.3,1,220.8,1,0.00,9.83,4.03,0.9972,22.62,2.787,473553,963011,0.386,1,338.3,"-1.00,0.97,9.73","3.9,-1.1,0.1","-54.750,27.750,14.400",0.44,1.25,0.00,0,117414,98642,7,1.52,37.496638,126.957591,27756,457,1714,36,31.33,0.00,999.00,75.5,0,141,0,3,-69,-71.2,98642,44,3,6.42,1,0,-4.39,-11.29,0
18:11:54,28.166,12463829,12463828,0,0,1,37.496648,126.957604,0.39,338.3,0,338.3,1,220.8,1,0.00,10.13,2.30,0.9997,23.61,2.787,473553,963023,0.386,1,338.3,"-0.69,0.61,10.08","-1.5,1.3,-1.1","-55.200,27.300,15.450",0.62,2.58,0.00,0,117415,98643,7,1.52,37.496638,126.957591,27756,457,1714,36,31.33,0.00,999.00,75.5,0,141,0,3,-78,-72.6,98643,42,3,7.30,1,0,-4.39,-11.29,0
18:11:54,28.233,12463929,12463928,0,0,1,37.496648,126.957604,0.39,338.3,0,338.3,1,220.8,1,0.00,9.84,14.29,0.9995,23.66,2.816,473553,963035,0.386,1,338.3,"-0.67,0.72,9.79","-10.0,-10.0,2.3","-55.950,27.750,15.450",0.36,6.18,0.00,0,117416,98644,7,1.52,37.496638,126.957591,27756,457,1714,36,31.33,0.00,999.00,75.5,0,141,0,3,-75,-73.1,98644,42,3,7.64,1,0,-4.39,-11.29,0
18:11:54,28.367,12464030,12464029,0,0,1,37.496648,126.957604,0.39,338.3,0,338.3,1,220.8,1,0.00,9.88,12.31,0.9915,23.67,2.764,473553,963047,0.386,1,338.3,"-0.78,1.72,9.70","11.7,3.5,-1.6","-54.000,27.750,15.450",0.86,2.15,0.00,0,117417,98645,7,1.52,37.496638,126.957591,27756,457,1714,36,31.33,0.00,999.00,75.5,0,141,0,3,-80,-74.5,98645,39,3,8.72,1,0,-4.39,-11.29,0
18:11:54,28.533,12464137,12464136,0,0,1,37.496648,126.957604,0.39,338.3,0,338.3,1,221.0,1,6.75,9.05,17.39,0.9989,23.45,2.776,473553,963060,0.386,1,338.3,"-0.83,0.44,9.00","1.4,-14.9,-8.9","-54.900,27.150,15.300",0.71,1.12,0.00,0,117418,98646,7,1.52,37.496638,126.957591,27756,457,1714,36,31.33,0.00,999.00,75.5,0,141,0,3,-71,-73.8,98646,41,3,8.16,1,0,-4.39,-11.29,0
18:11:54,28.603,12464238,12464237,0,0,1,37.496648,126.957604,0.39,338.3,0,338.3,1,222.0,1,0.00,8.46,4.28,0.9897,23.40,2.759,473553,963072,0.386,1,338.3,"-1.42,1.02,8.27","2.5,-3.5,-0.3","-54.600,26.700,15.300",1.43,3.62,0.00,0,117419,98647,7,1.52,37.496638,126.957591,27756,457,1714,36,31.33,0.00,999.00,75.5,0,141,0,3,-69,-72.8,98647,37,3,7.46,1,0,-4.39,-11.29,0
18:11:54,28.682,12464339,12464338,0,0,1,37.496648,126.957604,0.39,338.3,0,338.3,1,221.9,1,-2.65,10.35,8.47,0.9962,23.32,2.712,473553,963084,0.386,1,338.3,"-1.14,1.11,10.23","-5.5,4.7,4.4","-53.400,25.950,15.300",0.94,1.36,0.00,0,117420,98648,7,1.52,37.496638,126.957591,27756,457,1714,36,31.33,0.00,999.00,75.5,0,141,0,3,-74,-73.1,98648,28,3,7.63,1,0,-4.39,-11.29,0
18:11:54,28.805,12464439,12464438,0,0,1,37.496648,126.957604,0.39,338.3,0,338.3,1,221.9,1,0.00,9.95,4.66,0.9914,23.27,2.735,473553,963096,0.386,1,338.3,"-1.21,1.54,9.75","4.0,-2.1,-1.0","-53.550,26.850,15.150",0.96,2.41,0.00,0,117421,98649,7,1.52,37.496638,126.957591,27756,457,1714,36,31.58,0.00,999.00,74.9,0,141,0,3,-84,-75.2,98649,20,3,9.39,1,0,-4.39,-11.29,0
18:11:55,28.899,12464543,12464542,0,0,1,37.496648,126.957604,0.39,338.3,0,338.3,1,221.9,1,0.00,8.54,5.24,0.9997,22.70,2.778,473553,963107,0.386,1,338.3,"-0.17,0.36,8.53","3.5,-3.7,1.3","-54.900,27.150,14.550",1.09,2.78,0.00,0,117422,98650,7,1.52,37.496638,126.957591,27756,457,1714,36,31.58,0.00,999.00,74.9,0,141,0,3,-73,-74.8,98650,24,3,9.00,1,0,-4.39,-11.29,0
18:11:55,29.020,12464644,12464643,0,0,1,37.496647,126.957603,0.38,338.3,0,338.3,1,221.9,1,0.00,8.75,4.23,0.9977,23.26,2.799,473553,963119,0.376,1,338.3,"0.16,0.63,8.72","-0.3,4.2,0.1","-55.950,26.850,15.150",1.24,3.14,0.00,0,117423,98651,7,1.52,37.496628,126.957597,27757,457,1714,36,31.58,0.00,999.00,74.9,0,141,0,3,-69,-73.6,98651,19,3,8.06,1,0,-4.39,-11.29,0
18:11:55,29.116,12464746,12464745,0,0,1,37.496647,126.957603,0.38,338.3,0,338.3,1,221.9,1,0.00,9.55,5.81,0.9985,23.48,2.782,473553,963131,0.376,1,338.3,"0.09,0.52,9.53","-5.0,-2.9,-0.5","-54.900,27.450,15.300",0.89,2.77,0.00,0,117424,98652,7,1.52,37.496628,126.957597,27757,457,1714,36,31.58,0.00,999.00,74.9,0,141,0,3,-73,-73.5,98652,15,3,7.96,1,0,-4.39,-11.29,0
18:11:55,29.267,12464857,12464844,0,0,1,37.496647,126.957603,0.38,338.3,0,338.3,1,221.9,1,0.00,9.67,10.55,0.9999,24.19,2.775,473553,963143,0.376,1,338.3,"-0.57,0.54,9.64","10.3,2.3,-0.6","-54.900,27.150,16.050",0.25,3.38,0.00,0,117425,98653,7,1.52,37.496628,126.957597,27757,457,1714,36,31.58,0.00,999.00,74.9,0,141,0,3,-72,-73.2,98653,20,3,7.74,1,0,-4.39,-11.29,0
18:11:55,29.415,12465065,12465052,0,0,1,37.496647,126.957603,0.38,338.3,0,338.3,1,222.0,1,0.00,10.35,5.85,0.9993,22.58,2.809,473553,963165,0.376,1,338.3,"-0.16,0.29,10.34","-5.1,-2.6,-1.0","-54.900,28.650,14.250",1.03,3.31,0.00,0,117427,98655,7,1.52,37.496628,126.957597,27757,457,1714,36,31.58,0.00,999.00,74.9,0,141,0,3,-69,-71.9,98655,16,3,6.80,1,0,-4.39,-11.29,0
18:11:55,29.534,12465168,12465155,0,0,1,37.496647,126.957603,0.38,338.3,0,338.3,1,222.1,1,0.00,9.28,1.90,0.9938,23.70,2.790,473553,963176,0.376,1,338.3,"-1.36,0.04,9.17","-0.6,1.7,-0.5","-54.750,28.050,15.450",1.07,2.70,0.00,0,117428,98656,7,1.52,37.496628,126.957597,27757,457,1714,36,31.58,0.00,999.00,74.9,0,141,0,3,-70,-71.5,98656,15,3,6.57,1,0,-4.39,-11.29,0
18:11:55,29.632,12465259,12465258,0,0,1,37.496647,126.957603,0.38,338.3,0,338.3,1,222.2,1,0.00,10.52,4.01,0.9981,22.39,2.811,473553,963187,0.376,1,338.3,"-0.99,0.92,10.43","1.1,2.7,-2.8","-56.100,27.150,14.250",1.02,5.10,0.00,0,117429,98656,7,1.52,37.496628,126.957597,27757,457,1714,36,31.58,0.00,999.00,74.9,0,141,0,3,-70,-71.5,98656,106,3,6.57,1,0,-4.39,-11.29,0
18:11:55,29.704,12465360,12465359,0,0,1,37.496647,126.957603,0.38,338.3,0,338.3,1,222.2,1,0.00,11.21,13.99,0.9872,22.57,2.797,473553,963199,0.376,1,338.3,"-1.36,2.11,10.93","5.0,13.0,1.0","-55.500,27.300,14.400",2.12,3.34,0.00,0,117430,98657,7,1.52,37.496628,126.957597,27757,457,1714,36,31.58,0.00,999.00,74.9,0,141,0,3,-68,-70.8,98657,101,3,6.15,1,0,-4.39,-11.29,0
18:11:55,29.823,12465484,12465460,0,0,1,37.496647,126.957603,0.38,338.3,0,338.3,1,222.2,1,1.94,9.70,14.00,0.9856,23.01,2.801,473553,963211,0.376,1,338.3,"-0.22,2.10,9.47","3.9,-12.7,-4.3","-54.750,28.500,14.700",1.48,4.67,0.00,0,117431,98659,7,1.52,37.496628,126.957597,27757,457,1714,36,31.58,0.00,999.00,74.9,0,141,0,3,-72,-71.1,98659,14,3,6.17,1,0,-4.39,-11.29,0
18:11:56,29.915,12465588,12465576,0,0,1,37.496645,126.957603,0.37,338.3,0,338.3,1,222.8,1,6.31,26.27,76.57,0.9962,22.79,2.773,473553,963222,0.350,1,338.3,"-7.75,5.17,24.57","-22.3,-73.0,-6.1","-56.100,29.100,15.000",16.45,16.45,0.00,0,117432,98660,7,1.52,37.496623,126.957603,27758,457,1714,36,31.83,0.00,999.00,74.3,0,141,0,3,-68,-70.5,98660,13,3,5.95,1,0,-4.39,-11.29,0
18:11:56,30.035,12465693,12465680,0,0,1,37.496645,126.957603,0.37,338.3,0,338.3,1,222.9,1,-1.05,11.46,12.29,0.9986,21.23,2.839,473553,963233,0.350,1,338.3,"-1.13,0.57,11.39","10.9,-3.3,4.6","-56.850,27.450,13.050",1.28,9.11,0.00,0,117433,98661,7,1.52,37.496623,126.957603,27758,457,1714,36,31.83,0.00,999.00,74.3,0,141,0,3,-67,-69.8,98661,15,3,5.58,1,0,-4.39,-11.29,0
18:11:56,30.133,12465797,12465784,0,0,1,37.496645,126.957603,0.37,338.3,0,338.3,1,222.6,1,0.79,7.24,13.52,0.9645,23.27,2.755,473553,963244,0.350,1,338.3,"-2.20,0.65,6.87","11.3,6.4,-3.8","-54.000,27.300,14.400",3.41,4.02,0.00,0,117434,98662,7,1.52,37.496623,126.957603,27758,457,1714,36,31.83,0.00,999.00,74.3,0,141,0,3,-66,-69.0,98662,14,3,5.19,1,0,-4.39,-11.29,0
18:11:56,30.217,12465889,12465888,0,0,1,37.496645,126.957603,0.37,338.3,0,338.3,1,222.6,1,0.00,10.73,10.88,0.9963,22.74,2.784,473553,963255,0.350,1,338.3,"-1.26,1.03,10.61","5.1,-9.6,0.3","-54.900,27.450,14.550",0.99,5.74,0.00,0,117435,98662,7,1.52,37.496623,126.957603,27758,457,1714,36,31.83,0.00,999.00,74.3,0,141,0,3,-66,-69.0,98662,106,3,5.19,1,0,-4.39,-11.29,0
18:11:56,30.288,12465990,12465989,0,0,1,37.496645,126.957603,0.37,338.3,0,338.3,1,222.6,1,0.00,9.84,7.04,0.9960,22.87,2.765,473553,963267,0.350,1,338.3,"-0.52,1.36,9.73","-7.0,0.8,-0.6","-54.300,27.300,14.700",0.72,2.00,0.00,0,117436,98663,7,1.52,37.496623,126.957603,27758,457,1714,36,31.83,0.00,999.00,74.3,0,141,0,3,-67,-68.6,98663,99,3,5.00,1,0,-4.39,-11.29,0
18:11:56,30.418,12466091,12466090,0,0,1,37.496645,126.957603,0.37,338.3,0,338.3,1,222.6,1,-0.95,7.81,9.64,0.9827,23.90,2.755,473553,963279,0.350,1,338.3,"0.59,-0.72,7.75","8.0,4.0,3.7","-54.150,27.150,15.750",2.80,2.80,0.00,0,117437,98664,7,1.52,37.496623,126.957603,27758,457,1714,36,31.83,0.00,999.00,74.3,0,141,0,3,-70,-68.9,98664,87,3,5.13,1,0,-4.39,-11.29,0
18:11:56,30.659,12466192,12466191,0,0,1,37.496645,126.957603,0.37,338.3,0,338.3,1,222.5,1,-3.85,10.13,11.88,0.8727,22.79,2.749,473553,963291,0.350,1,338.3,"-4.51,-2.32,8.77","-10.4,1.9,5.4","-54.300,26.550,14.700",4.82,4.82,0.00,0,117438,98665,7,1.52,37.496623,126.957603,27758,457,1714,36,31.83,0.00,999.00,74.3,0,141,0,3,-71,-69.3,98665,86,3,5.34,1,0,-4.39,-11.29,0
18:11:56,30.815,12466400,12466399,0,0,1,37.496645,126.957603,0.37,338.3,0,338.3,1,222.5,1,0.00,10.32,2.16,0.9968,23.70,2.790,473553,963316,0.350,1,338.3,"-1.13,1.00,10.20","1.5,0.3,-1.5","-54.750,28.050,15.450",0.81,2.70,0.00,0,117440,98666,7,1.52,37.496623,126.957603,27758,457,1714,36,31.83,0.00,999.00,74.3,0,141,0,3,-70,-69.4,98666,194,3,5.41,1,0,-4.39,-11.29,0
18:11:57,31.016,12466610,12466609,0,0,1,37.496644,126.957604,0.33,338.3,0,338.3,1,222.7,1,0.00,13.28,2.55,0.9313,22.57,2.797,473553,963338,0.288,1,338.3,"-0.21,4.19,12.60","-1.0,-1.4,-1.9","-54.300,27.300,14.400",4.29,5.44,0.00,0,117442,98668,7,1.52,37.496630,126.957611,27759,457,1714,36,32.09,0.00,999.00,73.7,0,141,0,3,-74,-72.2,98668,76,3,7.04,1,0,-4.39,-11.29,0
18:11:57,31.116,12466812,12466811,0,0,1,37.496644,126.957604,0.33,338.3,0,338.3,1,222.7,1,0.00,9.93,9.40,0.9952,23.25,2.775,473553,963362,0.288,1,338.3,"-1.25,1.03,9.80","5.6,7.6,-0.0","-56.100,25.500,15.300",0.61,1.87,0.00,0,117444,98669,7,1.52,37.496630,126.957611,27759,457,1714,36,32.36,0.00,999.00,73.1,0,141,0,3,-74,-72.6,98669,64,3,7.28,1,0,-4.39,-11.29,0
18:11:57,31.267,12466913,12466912,0,0,1,37.496644,126.957604,0.33,338.3,0,338.3,1,222.5,1,-15.58,4.46,31.63,0.9977,23.59,2.793,473553,963374,0.288,1,338.3,"3.60,-2.60,0.41","-23.4,-12.1,17.5","-54.600,28.350,15.300",10.46,10.46,0.00,0,117445,98670,7,1.52,37.496630,126.957611,27759,457,1714,36,32.36,0.00,999.00,73.1,0,141,0,3,-76,-73.3,98670,70,3,7.77,1,0,-4.39,-11.29,0
18:11:57,31.384,12467014,12467013,0,0,1,37.496644,126.957604,0.33,338.3,0,338.3,1,222.4,1,-0.08,9.94,3.17,0.9979,23.14,2.789,473553,963386,0.288,1,338.3,"0.10,0.81,9.90","1.7,0.8,2.6","-55.350,27.150,15.000",0.74,9.41,0.00,0,117446,98671,7,1.52,37.496630,126.957611,27759,457,1714,36,32.36,0.00,999.00,73.1,0,141,0,3,-72,-73.0,98671,67,3,7.59,1,0,-4.39,-11.29,0
18:11:57,31.451,12467115,12467114,0,0,1,37.496644,126.957604,0.33,338.3,0,338.3,1,222.4,1,0.00,10.87,2.55,0.9941,22.42,2.719,473553,963398,0.288,1,338.3,"-1.08,1.56,10.70","0.4,0.6,2.4","-52.650,27.150,14.250",1.67,1.67,0.00,0,117447,98672,7,1.52,37.496630,126.957611,27759,457,1714,36,32.36,0.00,999.00,73.1,0,141,0,3,-72,-72.8,98672,60,3,7.45,1,0,-4.39,-11.29,0
18:11:57,31.549,12467216,12467215,0,0,1,37.496644,126.957604,0.33,338.3,0,338.3,1,222.4,1,0.00,10.04,12.64,1.0000,22.07,2.781,473553,963410,0.288,1,338.3,"-0.40,0.56,10.01","-8.3,-9.5,-1.2","-55.200,26.850,13.950",0.49,2.03,0.00,0,117448,98673,7,1.52,37.496630,126.957611,27759,457,1714,36,32.36,0.00,999.00,73.1,0,141,0,3,-73,-72.8,98673,57,3,7.47,1,0,-4.39,-11.29,0
18:11:57,31.670,12467317,12467316,0,0,1,37.496644,126.957604,0.33,338.3,0,338.3,1,222.4,1,0.00,8.81,9.08,0.9969,22.87,2.789,473553,963422,0.288,1,338.3,"0.28,0.59,8.78","-9.1,0.1,0.4","-55.200,27.300,14.700",1.04,1.97,0.00,0,117449,98674,7,1.52,37.496630,126.957611,27759,457,1714,36,32.36,0.00,999.00,73.1,0,141,0,3,-68,-71.9,98674,49,3,6.82,1,0,-4.39,-11.29,0
18:11:58,31.884,12467417,12467416,0,0,1,37.496644,126.957604,0.33,338.3,0,338.3,1,222.4,1,0.00,10.37,18.10,0.9846,22.57,2.797,473553,963434,0.288,1,338.3,"-1.99,1.47,10.07","11.4,14.0,1.4","-55.500,27.300,14.400",1.83,2.94,0.00,0,117450,98674,7,1.52,37.496630,126.957611,27759,457,1714,36,32.36,0.00,999.00,73.1,0,141,0,3,-68,-71.9,98674,149,3,6.82,1,0,-4.39,-11.29,0
18:11:58,31.981,12467623,12467622,0,0,1,37.496644,126.957605,0.35,338.3,0,338.3,1,222.3,1,0.00,7.85,4.29,0.9608,23.88,2.807,473553,963457,0.365,1,338.3,"-2.34,-0.49,7.47","-1.3,-3.4,-2.2","-56.100,27.150,15.750",2.99,8.64,0.00,0,117452,98676,7,1.52,37.496638,126.957623,27760,457,1714,36,32.36,0.00,999.00,73.1,0,141,0,3,-66,-71.2,98676,43,3,6.39,1,0,-4.39,-11.29,0
18:11:58,32.050,12467724,12467723,0,0,1,37.496644,126.957605,0.35,338.3,0,338.3,1,222.4,1,-1.10,9.85,5.14,0.9981,21.51,2.788,473553,963469,0.365,1,338.3,"0.03,0.87,9.81","3.5,0.6,3.8","-56.100,25.950,13.500",0.74,10.28,0.00,0,117453,98677,7,1.52,37.496638,126.957623,27760,457,1714,36,32.36,0.00,999.00,73.1,0,141,0,3,-66,-70.2,98677,34,3,5.79,1,0,-4.39,-11.29,0
18:11:58,32.116,12467826,12467825,0,0,1,37.496644,126.957605,0.35,338.3,0,338.3,1,222.4,1,0.00,9.89,2.81,0.9982,23.53,2.760,473553,963481,0.365,1,338.3,"-0.18,1.01,9.84","2.5,0.2,-1.4","-54.750,26.550,15.450",0.46,2.20,0.00,0,117454,98678,7,1.52,37.496638,126.957623,27760,457,1714,36,32.36,0.00,999.00,73.1,0,141,0,3,-72,-70.5,98678,35,3,6.00,1,0,-4.39,-11.29,0
18:11:58,32.266,12467926,12467925,0,0,1,37.496644,126.957605,0.35,338.3,0,338.3,1,222.4,1,0.00,9.82,8.44,1.0000,22.69,2.810,473553,963493,0.365,1,338.3,"-0.44,0.43,9.80","-3.0,7.9,-0.0","-56.100,27.150,14.550",0.45,1.11,0.00,0,117455,98679,7,1.52,37.496638,126.957623,27760,457,1714,36,32.36,0.00,999.00,73.1,0,141,0,3,-76,-71.6,98679,29,3,6.66,1,0,-4.39,-11.29,0
18:11:58,32.333,12468027,12468026,0,0,1,37.496644,126.957605,0.35,338.3,0,338.3,1,222.4,1,0.00,9.26,5.58,0.9979,23.45,2.776,473553,963505,0.365,1,338.3,"-0.98,0.24,9.21","-2.3,-4.1,-3.0","-54.900,27.150,15.300",0.89,2.17,0.00,0,117456,98680,7,1.52,37.496638,126.957623,27760,457,1714,36,32.36,0.00,999.00,73.1,0,141,0,3,-71,-71.5,98680,24,3,6.58,1,0,-4.39,-11.29,0
18:11:58,32.467,12468126,12468125,0,0,1,37.496644,126.957605,0.35,338.3,0,338.3,1,222.4,1,0.00,9.82,6.84,0.9976,22.69,2.818,473553,963517,0.365,1,338.3,"0.21,0.28,9.81","-2.3,6.4,-0.7","-56.400,27.150,14.550",0.90,0.94,0.00,0,117457,98681,7,1.52,37.496638,126.957623,27760,457,1714,36,32.36,0.00,999.00,73.1,0,141,0,3,-71,-71.4,98681,17,3,6.52,1,0,-4.39,-11.29,0
18:11:58,32.566,12468238,12468225,0,0,1,37.496644,126.957605,0.35,338.3,0,338.3,1,222.3,1,0.00,9.96,8.90,0.9986,22.29,2.780,473553,963529,0.365,1,338.3,"-0.67,0.97,9.89","-7.8,-4.1,-0.9","-55.650,26.250,14.250",0.54,5.11,0.00,0,117458,98682,7,1.52,37.496638,126.957623,27760,457,1714,36,32.62,0.00,999.00,72.5,0,141,0,3,-70,-71.1,98682,20,3,6.34,1,0,-4.39,-11.29,0
18:11:58,32.702,12468341,12468328,0,0,1,37.496644,126.957605,0.35,338.3,0,338.3,1,222.3,1,1.17,10.25,15.80,0.9976,21.87,2.820,473553,963540,0.365,1,338.3,"-1.17,0.52,10.17","-13.5,-6.6,-4.9","-55.950,27.750,13.650",0.95,1.54,0.00,0,117459,98683,7,1.52,37.496638,126.957623,27760,457,1714,36,32.62,0.00,999.00,72.5,0,141,0,3,-70,-70.9,98683,16,3,6.21,1,0,-4.39,-11.29,0
18:11:58,32.799,12468444,12468431,0,0,1,37.496644,126.957605,0.35,338.3,0,338.3,1,222.3,1,-1.77,6.18,20.56,0.8615,21.38,2.752,473553,963551,0.365,1,338.3,"1.03,-0.97,6.01","16.2,12.0,3.9","-55.650,25.200,13.500",3.99,4.74,0.00,0,117460,98684,7,1.52,37.496638,126.957623,27760,457,1714,36,32.62,0.00,999.00,72.5,0,141,0,3,-69,-70.5,98684,17,3,5.99,1,0,-4.39,-11.29,0
18:11:59,32.872,12468551,12468538,0,0,1,37.496644,126.957605,0.35,338.3,0,338.3,1,222.2,1,0.00,7.88,5.68,0.9873,23.12,2.754,473553,963561,0.365,1,338.3,"0.03,-0.80,7.84","0.4,5.6,0.9","-55.200,25.650,15.150",2.10,2.10,0.00,0,117461,98685,7,1.52,37.496638,126.957623,27760,457,1714,36,32.62,0.00,999.00,72.5,0,141,0,3,-69,-70.2,98685,18,3,5.82,1,0,-4.39,-11.29,0
18:11:59,33.000,12468654,12468641,0,0,1,37.496644,126.957607,0.24,338.3,0,338.3,1,222.3,1,1.18,10.02,9.99,0.9980,22.65,2.761,473553,963572,0.129,1,338.3,"-0.46,1.13,9.95","-8.2,-3.0,-4.8","-54.600,26.700,14.550",0.79,2.50,0.00,0,117462,98686,7,1.52,37.496645,126.957628,27761,457,1714,36,32.62,0.00,999.00,72.5,0,141,0,3,-69,-70.0,98686,15,3,5.69,1,0,-4.39,-11.29,0
18:11:59,33.098,12468759,12468746,0,0,1,37.496644,126.957607,0.24,338.3,0,338.3,1,222.3,1,5.70,8.69,10.33,0.9968,21.06,2.809,473553,963583,0.129,1,338.3,"0.16,0.01,8.69","3.7,2.8,-9.2","-56.850,25.950,13.050",0.98,1.72,0.00,0,117463,98687,7,1.52,37.496645,126.957628,27761,457,1714,36,32.62,0.00,999.00,72.5,0,141,0,3,-69,-69.8,98687,14,3,5.58,1,0,-4.39,-11.29,0
18:11:59,33.218,12468851,12468850,0,0,1,37.496644,126.957607,0.24,338.3,0,338.3,1,222.5,1,0.00,10.60,6.11,0.9984,21.06,2.797,473553,963594,0.129,1,338.3,"-0.39,1.11,10.53","3.8,3.7,-3.1","-56.400,25.950,13.050",1.19,8.41,0.00,0,117464,98687,7,1.52,37.496645,126.957628,27761,457,1714,36,32.62,0.00,999.00,72.5,0,141,0,3,-69,-69.8,98687,106,3,5.58,1,0,-4.39,-11.29,0
18:11:59,33.319,12468952,12468951,0,0,1,37.496644,126.957607,0.24,338.3,0,338.3,1,222.5,1,-0.13,9.47,4.01,0.9990,22.39,2.811,473553,963606,0.129,1,338.3,"-0.65,0.11,9.45","-2.9,1.1,2.5","-56.100,27.150,14.250",0.55,1.70,0.00,0,117465,98689,7,1.52,37.496645,126.957628,27761,457,1714,36,32.62,0.00,999.00,72.5,0,141,0,3,-69,-69.5,98689,0,3,5.50,1,0,-4.39,-11.29,0
18:11:59,33.400,12469053,12469052,0,0,1,37.496644,126.957607,0.24,338.3,0,338.3,1,222.1,1,-2.73,12.29,40.15,0.9708,23.17,2.823,473553,963618,0.129,1,338.3,"2.01,-0.88,12.09","38.8,8.7,5.7","-56.400,27.450,15.000",3.52,4.68,0.00,0,117466,98689,7,1.52,37.496645,126.957628,27761,457,1714,36,32.62,0.00,999.00,72.5,0,141,0,3,-69,-69.5,98689,101,3,5.44,1,0,-4.39,-11.29,0
18:11:59,33.520,12469154,12469153,0,0,1,37.496644,126.957607,0.24,338.3,0,338.3,1,222.1,1,0.00,7.54,16.64,0.9665,23.32,2.744,473553,963630,0.129,1,338.3,"0.47,2.12,7.22","3.5,16.2,-1.6","-53.550,27.300,15.150",2.88,6.09,0.00,0,117467,98690,7,1.52,37.496645,126.957628,27761,457,1714,36,32.62,0.00,999.00,72.5,0,141,0,3,-71,-69.8,98690,97,3,5.60,1,0,-4.39,-11.29,0
18:11:59,33.616,12469254,12469253,0,0,1,37.496644,126.957607,0.24,338.3,0,338.3,1,222.1,1,0.00,10.06,10.01,0.9936,23.40,2.739,473553,963642,0.129,1,338.3,"-1.03,1.47,9.90","-2.8,9.2,-2.8","-53.850,26.700,15.300",1.30,1.42,0.00,0,117468,98690,7,1.52,37.496645,126.957628,27761,457,1714,36,32.62,0.00,999.00,72.5,0,141,0,3,-71,-69.8,98690,197,3,5.60,1,0,-4.39,-11.29,0
18:11:59,33.688,12469355,12469354,0,0,1,37.496644,126.957607,0.24,338.3,0,338.3,1,222.1,1,0.00,10.05,5.92,0.9976,22.52,2.780,473553,963654,0.129,1,338.3,"0.22,0.33,10.04","-4.9,3.3,0.8","-55.200,26.850,14.400",0.80,3.29,0.00,0,117469,98691,7,1.52,37.496645,126.957628,27761,457,1714,36,32.89,0.00,999.00,71.9,0,141,0,3,-73,-70.4,98691,85,3,5.95,1,0,-4.39,-11.29,0
18:11:59,33.818,12469455,12469454,0,0,1,37.496644,126.957607,0.24,338.3,0,338.3,1,221.9,1,0.00,9.74,9.14,0.9977,22.91,2.826,473553,963666,0.129,1,338.3,"-0.84,-0.04,9.71","8.7,-2.6,-0.8","-56.250,27.750,14.700",0.72,2.12,0.00,0,117470,98692,7,1.52,37.496645,126.957628,27761,457,1714,36,32.89,0.00,999.00,71.9,0,141,0,3,-72,-70.8,98692,82,3,6.13,1,0,-4.39,-11.29,0
18:12:00,33.900,12469560,12469559,0,0,1,37.496644,126.957607,0.24,338.3,0,338.3,1,222.0,1,0.00,8.63,7.15,0.9994,22.93,2.746,473553,963677,0.129,1,338.3,"-0.34,0.14,8.62","5.8,-4.1,1.0","-53.250,27.750,14.700",1.01,5.72,0.00,0,117471,98693,7,1.52,37.496645,126.957628,27761,457,1714,36,32.89,0.00,999.00,71.9,0,141,0,3,-72,-71.0,98693,81,3,6.27,1,0,-4.39,-11.29,0
18:12:00,33.998,12469662,12469661,0,0,1,37.496645,126.957609,0.17,338.3,0,338.3,1,222.0,1,0.00,10.03,4.19,0.9923,22.93,2.766,473553,963689,0.108,1,338.3,"0.79,0.63,9.98","3.9,-1.4,0.6","-54.000,27.750,14.700",1.31,8.92,0.00,0,117472,98694,7,1.52,37.496655,126.957628,27762,457,1714,36,32.38,0.00,999.00,71.2,0,141,0,3,-72,-71.2,98694,78,3,6.39,1,0,-4.39,-11.29,0
18:12:00,34.170,12469763,12469762,0,0,1,37.496645,126.957609,0.17,338.3,0,338.3,1,222.0,1,0.00,7.47,5.71,0.9879,22.74,2.784,473553,963701,0.108,1,338.3,"0.32,-0.59,7.44","5.6,0.6,-0.7","-54.900,27.450,14.550",2.55,7.44,0.00,0,117473,98695,7,1.52,37.496655,126.957628,27762,457,1714,36,32.38,0.00,999.00,71.2,0,141,0,3,-69,-70.8,98695,73,3,6.13,1,0,-4.39,-11.29,0
18:12:00,34.391,12469965,12469964,0,0,1,37.496645,126.957609,0.17,338.3,0,338.3,1,222.0,1,0.00,9.53,4.22,0.9999,22.78,2.781,473553,963725,0.108,1,338.3,"-0.47,0.62,9.50","3.8,-1.8,-0.3","-55.500,26.550,14.700",0.06,0.91,0.00,0,117475,98697,7,1.52,37.496655,126.957628,27762,457,1714,36,32.10,0.00,999.00,71.7,0,141,0,3,-66,-69.4,98697,61,3,5.37,1,0,-4.39,-11.29,0
18:12:00,34.616,12470166,12470165,0,0,1,37.496645,126.957609,0.17,338.3,0,338.3,1,222.0,1,0.00,9.96,8.06,0.9992,23.39,2.779,473553,963749,0.108,1,338.3,"-0.84,0.37,9.92","7.9,0.4,1.4","-55.350,26.700,15.300",0.60,0.80,0.00,0,117477,98699,7,1.52,37.496655,126.957628,27762,457,1714,36,32.10,0.00,999.00,71.7,0,141,0,3,-64,-67.6,98699,52,3,4.54,1,0,-4.39,-11.29,0
18:12:00,34.749,12470366,12470365,0,0,1,37.496645,126.957609,0.17,338.3,0,338.3,1,222.0,1,2.94,9.83,12.86,0.9982,23.89,2.787,473553,963773,0.108,1,338.3,"-0.91,0.86,9.75","-7.2,-8.5,-6.3","-55.350,27.150,15.750",0.47,0.63,0.00,0,117479,98701,7,1.52,37.496655,126.957628,27762,457,1714,36,32.10,0.00,999.00,71.7,0,141,0,3,-65,-66.3,98701,41,3,4.03,1,0,-4.39,-11.29,0
18:12:01,34.966,12470467,12470466,0,0,1,37.496645,126.957609,0.17,338.3,0,338.3,1,222.3,1,6.49,8.64,24.39,0.9885,22.17,2.760,473553,963785,0.108,1,338.3,"0.76,-0.20,8.60","-17.6,12.3,-11.6","-55.650,25.200,14.250",1.71,8.18,0.00,0,117480,98702,7,1.52,37.496655,126.957628,27762,457,1714,36,32.10,0.00,999.00,71.7,0,141,0,3,-66,-66.3,98702,27,3,4.00,1,0,-4.39,-11.29,0
18:12:01,35.068,12470672,12470671,0,0,1,37.496646,126.957610,0.18,338.3,0,338.3,1,222.3,1,0.00,9.52,7.16,0.9998,22.52,2.756,473553,963808,0.180,1,338.3,"-0.50,0.66,9.49","0.2,-6.9,-1.8","-54.300,26.850,14.400",0.40,10.66,0.00,0,117482,98704,7,1.52,37.496661,126.957622,27763,457,1714,36,31.57,0.00,999.00,72.9,0,141,0,3,-65,-65.7,98704,25,3,3.77,1,0,-4.39,-11.29,0
18:12:01,35.150,12470773,12470772,0,0,1,37.496646,126.957610,0.18,338.3,0,338.3,1,222.3,1,0.00,9.64,8.14,0.9997,21.84,2.826,473553,963820,0.180,1,338.3,"-0.32,0.27,9.63","-7.3,-3.2,-1.6","-57.300,26.250,13.800",0.52,1.33,0.00,0,117483,98705,7,1.52,37.496661,126.957622,27763,457,1714,36,31.57,0.00,999.00,72.9,0,141,0,3,-65,-65.5,98705,16,3,3.73,1,0,-4.39,-11.29,0
18:12:01,35.289,12470874,12470873,0,0,1,37.496646,126.957610,0.18,338.3,0,338.3,1,222.3,1,5.03,6.63,18.37,0.9166,21.64,2.746,473553,963832,0.180,1,338.3,"-0.63,-0.74,6.56","14.6,7.3,-8.4","-55.950,25.650,13.200",3.41,4.04,0.00,0,117484,98706,7,1.52,37.496661,126.957622,27763,457,1714,36,31.57,0.00,999.00,72.9,0,141,0,3,-64,-65.2,98706,20,3,3.62,1,0,-4.39,-11.29,0
18:12:01,35.355,12470975,12470974,0,0,1,37.496646,126.957610,0.18,338.3,0,338.3,1,221.7,1,0.00,8.26,4.88,0.9976,21.55,2.774,473553,963844,0.180,1,338.3,"-0.76,-0.01,8.22","-4.5,-1.9,0.0","-55.350,26.250,13.500",1.72,11.82,0.00,0,117485,98707,7,1.52,37.496661,126.957622,27763,457,1714,36,31.57,0.00,999.00,72.9,0,141,0,3,-63,-64.8,98707,14,3,3.47,1,0,-4.39,-11.29,0
18:12:01,35.435,12471086,12471073,0,0,1,37.496646,126.957610,0.18,338.3,0,338.3,1,221.6,1,0.00,9.44,14.66,0.9974,22.29,2.813,473553,963856,0.180,1,338.3,"0.21,0.22,9.44","13.5,5.5,-1.0","-56.850,26.250,14.250",0.52,3.00,0.00,0,117486,98708,7,1.52,37.496661,126.957622,27763,457,1714,36,31.57,0.00,999.00,72.9,0,141,0,3,-64,-64.6,98708,21,3,3.42,1,0,-4.39,-11.29,0
18:12:01,35.568,12471189,12471176,0,0,1,37.496646,126.957610,0.18,338.3,0,338.3,1,221.6,1,0.00,9.81,5.99,0.9950,22.55,2.783,473553,963867,0.180,1,338.3,"-0.54,1.46,9.68","3.2,-5.0,0.7","-54.150,28.350,14.250",0.86,1.53,0.00,0,117487,98709,7,1.52,37.496661,126.957622,27763,457,1714,36,31.57,0.00,999.00,72.9,0,141,0,3,-62,-64.1,98709,18,3,3.25,1,0,-4.39,-11.29,0
18:12:01,35.665,12471292,12471279,0,0,1,37.496646,126.957610,0.18,338.3,0,338.3,1,221.6,1,0.00,9.44,7.83,0.9971,22.74,2.776,473553,963878,0.180,1,338.3,"-0.08,1.09,9.38","7.8,-0.1,-0.3","-54.600,27.450,14.550",0.55,2.02,0.00,0,117488,98710,7,1.52,37.496661,126.957622,27763,457,1714,36,31.57,0.00,999.00,72.9,0,141,0,3,-62,-63.7,98710,16,3,3.13,1,0,-4.39,-11.29,0
18:12:01,35.799,12471383,12471382,0,0,1,37.496646,126.957610,0.18,338.3,0,338.3,1,221.6,1,0.00,9.78,3.52,0.9956,23.53,2.760,473553,963889,0.180,1,338.3,"0.09,1.24,9.70","-2.9,-1.7,-1.0","-54.750,26.550,15.450",0.61,1.05,0.00,0,117489,98710,7,1.52,37.496661,126.957622,27763,457,1714,36,31.57,0.00,999.00,72.9,0,141,0,3,-62,-63.7,98710,107,3,3.13,1,0,-4.39,-11.29,0
18:12:02,35.865,12471506,12471482,0,0,1,37.496646,126.957610,0.18,338.3,0,338.3,1,221.6,1,0.00,9.93,5.67,0.9962,22.03,2.803,473553,963901,0.180,1,338.3,"-0.09,1.28,9.84","-4.4,3.2,-1.6","-56.250,26.550,13.950",0.61,0.70,0.00,0,117490,98712,7,1.52,37.496661,126.957622,27763,457,1714,36,31.30,0.00,999.00,73.5,0,141,0,3,-62,-63.1,98712,13,3,3.03,1,0,-4.39,-11.29,0
18:12:02,35.950,12471598,12471597,0,0,1,37.496648,126.957610,0.19,338.3,0,338.3,1,221.7,1,0.00,9.39,1.54,0.9949,22.62,2.798,473553,963912,0.211,1,338.3,"0.18,-0.27,9.39","-0.6,0.8,-1.2","-55.200,27.750,14.400",0.97,1.72,0.00,0,117491,98712,7,1.52,37.496671,126.957618,27764,457,1714,36,31.30,0.00,999.00,73.5,0,141,0,3,-62,-63.1,98712,105,3,2.95,1,0,-4.39,-11.29,0
18:12:02,36.033,12471711,12471698,0,0,1,37.496648,126.957610,0.19,338.3,0,338.3,1,223.1,1,0.00,9.45,3.32,0.9977,21.60,2.783,473553,963924,0.211,1,338.3,"0.21,0.56,9.43","0.2,2.6,2.1","-55.350,26.700,13.500",1.59,86.86,0.00,0,117492,98714,7,1.52,37.496671,126.957618,27764,457,1714,36,31.30,0.00,999.00,73.5,0,141,0,3,-60,-62.3,98714,14,3,2.74,1,0,-4.39,-11.29,0
18:12:02,36.102,12471802,12471801,0,0,1,37.496648,126.957610,0.19,338.3,0,338.3,1,223.0,1,0.00,9.62,26.68,0.9702,22.43,2.797,473553,963935,0.211,1,338.3,"-1.11,2.69,9.17","26.5,2.9,1.5","-55.350,27.450,14.250",3.20,3.27,0.00,0,117493,98714,7,1.52,37.496671,126.957618,27764,457,1714,36,31.30,0.00,999.00,73.5,0,141,0,3,-60,-62.3,98714,105,3,2.74,1,0,-4.39,-11.29,0
18:12:02,36.223,12471903,12471902,0,0,1,37.496648,126.957610,0.19,338.3,0,338.3,1,223.0,1,0.61,9.64,4.62,0.9830,21.99,2.786,473553,963947,0.211,1,338.3,"1.11,1.34,9.48","-0.8,-1.6,-4.2","-54.900,27.450,13.800",2.30,3.96,0.00,0,117494,98715,7,1.52,37.496671,126.957618,27764,457,1714,36,31.30,0.00,999.00,73.5,0,141,0,3,-61,-62.0,98715,100,3,2.67,1,0,-4.39,-11.29,0
18:12:02,36.485,12472004,12472003,0,0,1,37.496648,126.957610,0.19,338.3,0,338.3,1,223.0,1,-0.15,9.48,2.92,0.9990,21.25,2.811,473553,963959,0.211,1,338.3,"-0.20,0.83,9.44","1.2,0.2,2.7","-54.750,28.800,12.900",0.86,1.64,0.00,0,117495,98716,7,1.52,37.496671,126.957618,27764,457,1714,36,31.30,0.00,999.00,73.5,0,141,0,3,-62,-62.0,98716,83,3,2.67,1,0,-4.39,-11.29,0
18:12:02,36.694,12472205,12472204,0,0,1,37.496648,126.957610,0.19,338.3,0,338.3,1,223.0,1,0.00,9.55,2.32,0.9993,21.95,2.800,473553,963983,0.211,1,338.3,"-0.60,0.79,9.50","-1.2,-2.0,-0.2","-55.650,27.150,13.800",0.52,1.37,0.00,0,117497,98718,7,1.52,37.496671,126.957618,27764,457,1714,36,31.57,0.00,999.00,72.9,0,141,0,3,-64,-62.6,98718,85,3,2.81,1,0,-4.39,-11.29,0
18:12:02,36.782,12472406,12472405,0,0,1,37.496648,126.957610,0.19,338.3,0,338.3,1,222.9,1,0.00,8.89,16.44,0.9895,22.51,2.788,473553,964007,0.211,1,338.3,"-0.80,-0.78,8.82","15.3,5.5,-2.5","-55.500,26.850,14.400",1.37,1.37,0.00,0,117499,98720,7,1.52,37.496671,126.957618,27764,457,1714,36,31.57,0.00,999.00,72.9,0,141,0,3,-64,-62.9,98720,73,3,2.91,1,0,-4.39,-11.29,0
18:12:03,36.903,12472511,12472510,0,0,1,37.496648,126.957610,0.19,338.3,0,338.3,1,223.0,1,-0.77,10.01,7.10,0.9960,22.65,2.781,473553,964018,0.211,1,338.3,"0.19,1.12,9.95","-5.5,3.4,2.9","-55.350,26.700,14.550",0.96,2.49,0.00,0,117500,98721,7,1.52,37.496671,126.957618,27764,457,1714,36,31.57,0.00,999.00,72.9,0,141,0,3,-64,-63.1,98721,73,3,2.97,1,0,-4.39,-11.29,0
18:12:03,36.988,12472612,12472611,0,0,1,37.496651,126.957611,0.17,338.3,0,338.3,1,222.9,1,0.00,10.45,7.69,0.9980,22.43,2.765,473553,964030,0.154,1,338.3,"0.15,0.71,10.42","-6.1,4.6,0.8","-55.200,26.100,14.400",0.93,1.84,0.00,0,117501,98722,7,1.52,37.496677,126.957616,27765,457,1714,36,31.57,0.00,999.00,72.9,0,141,0,3,-64,-63.3,98722,68,3,3.02,1,0,-4.39,-11.29,0
18:12:03,37.106,12472713,12472712,0,0,1,37.496651,126.957611,0.17,338.3,0,338.3,1,222.9,1,-0.29,9.90,5.45,0.9963,21.56,2.722,473553,964042,0.154,1,338.3,"0.39,0.34,9.88","4.6,0.6,2.9","-53.400,26.250,13.500",0.83,1.05,0.00,0,117502,98723,7,1.52,37.496677,126.957616,27765,457,1714,36,31.30,0.00,999.00,73.5,0,141,0,3,-64,-63.5,98723,63,3,3.06,1,0,-4.39,-11.29,0
18:12:03,37.216,12472815,12472814,0,0,1,37.496651,126.957611,0.17,338.3,0,338.3,1,222.9,1,0.00,10.24,5.25,0.9995,21.55,2.831,473553,964054,0.154,1,338.3,"-0.34,0.81,10.20","4.5,-1.3,-2.4","-55.500,28.800,13.200",0.53,1.40,0.00,0,117503,98724,7,1.52,37.496677,126.957616,27765,457,1714,36,31.30,0.00,999.00,73.5,0,141,0,3,-64,-63.6,98724,58,3,3.09,1,0,-4.39,-11.29,0
18:12:03,37.227,12472916,12472915,0,0,1,37.496651,126.957611,0.17,338.3,0,338.3,1,223.0,1,0.00,10.69,8.43,0.9688,23.32,2.724,473553,964066,0.154,1,338.3,"-1.53,2.94,10.16","-6.5,5.4,0.5","-53.850,25.950,15.300",2.58,3.50,0.00,0,117504,98725,7,1.52,37.496677,126.957616,27765,457,1714,36,30.78,0.00,999.00,72.8,0,141,0,3,-70,-64.8,98725,54,3,3.49,1,0,-4.39,-11.29,0
18:12:03,37.366,12473017,12473016,0,0,1,37.496651,126.957611,0.17,338.3,0,338.3,1,223.0,1,0.00,9.84,2.18,0.9972,22.87,2.765,473553,964078,0.154,1,338.3,"0.00,1.07,9.78","-0.8,1.9,0.6","-54.300,27.300,14.700",0.72,14.81,0.00,0,117505,98726,7,1.52,37.496677,126.957616,27765,457,1714,36,30.78,0.00,999.00,72.8,0,141,0,3,-71,-66.1,98726,51,3,3.93,1,0,-4.39,-11.29,0
18:12:03,37.449,12473118,12473117,0,0,1,37.496651,126.957611,0.17,338.3,0,338.3,1,223.0,1,0.00,9.33,12.85,0.9861,21.74,2.764,473553,964090,0.154,1,338.3,"1.02,1.04,9.21","12.0,-4.5,-0.2","-54.750,26.550,13.650",1.75,4.53,0.00,0,117506,98727,7,1.52,37.496677,126.957616,27765,457,1714,36,30.78,0.00,999.00,72.8,0,141,0,3,-67,-66.3,98727,42,3,4.00,1,0,-4.39,-11.29,0
18:12:03,37.618,12473219,12473218,0,0,1,37.496651,126.957611,0.17,338.3,0,338.3,1,223.0,1,0.00,9.46,3.40,0.9983,22.43,2.797,473553,964102,0.154,1,338.3,"-0.80,0.88,9.39","-1.2,-2.1,-2.4","-55.350,27.450,14.250",0.34,3.17,0.00,0,117507,98728,7,1.52,37.496677,126.957616,27765,457,1714,36,30.78,0.00,999.00,72.8,0,141,0,3,-68,-66.6,98728,41,3,4.13,1,0,-4.39,-11.29,0
18:12:03,37.748,12473320,12473319,0,0,1,37.496651,126.957611,0.17,338.3,0,338.3,1,223.1,1,0.00,9.40,16.38,0.9998,24.44,2.773,473553,964114,0.154,1,338.3,"-0.59,0.39,9.38","7.9,13.8,-3.8","-56.100,25.500,16.500",0.25,6.18,0.00,0,117508,98729,7,1.52,37.496677,126.957616,27765,457,1714,36,30.78,0.00,999.00,72.8,0,141,0,3,-68,-66.9,98729,36,3,4.24,1,0,-4.39,-11.29,0
18:12:03,37.821,12473421,12473420,0,0,1,37.496651,126.957611,0.17,338.3,0,338.3,1,223.2,1,0.00,10.07,8.89,0.9957,21.76,2.758,473553,964126,0.154,1,338.3,"-1.02,1.23,9.95","-7.9,3.8,1.5","-55.350,25.500,13.800",1.01,2.79,0.00,0,117509,98730,7,1.52,37.496677,126.957616,27765,457,1714,36,30.78,0.00,999.00,72.8,0,141,0,3,-76,-68.7,98730,33,3,5.05,1,0,-4.39,-11.29,0
18:12:04,37.899,12473523,12473522,0,0,1,37.496651,126.957611,0.17,338.3,0,338.3,1,223.2,1,0.00,8.68,3.47,0.9988,21.95,2.800,473553,964136,0.154,1,338.3,"-0.82,0.43,8.63","0.5,-3.2,-1.4","-55.650,27.150,13.800",0.90,7.37,0.00,0,117510,98731,7,1.52,37.496677,126.957616,27765,457,1714,36,30.78,0.00,999.00,72.8,0,141,0,3,-73,-69.6,98731,29,3,5.47,1,0,-4.39,-11.29,0
18:12:04,38.018,12473624,12473623,0,0,1,37.496653,126.957611,0.12,338.3,0,338.3,1,223.2,1,1.84,9.68,7.29,0.9893,22.07,2.757,473553,964148,0.062,1,338.3,"0.87,1.02,9.59","-1.1,4.4,-5.7","-54.300,26.850,13.950",1.30,2.52,0.00,0,117511,98732,7,1.52,37.496677,126.957611,27766,457,1714,36,30.51,0.00,999.00,73.4,0,141,0,3,-67,-69.1,98732,20,3,5.21,1,0,-4.39,-11.29,0
18:12:04,38.116,12473724,12473723,0,0,1,37.496653,126.957611,0.12,338.3,0,338.3,1,223.2,1,0.00,4.31,3.08,0.9840,22.68,2.723,473553,964160,0.062,1,338.3,"-0.43,-0.68,4.24","0.9,-0.7,-2.9","-53.550,27.300,13.650",5.40,5.40,0.00,0,117512,98732,7,1.52,37.496677,126.957611,27766,457,1714,36,30.51,0.00,999.00,73.4,0,141,0,3,-67,-69.1,98732,120,3,5.21,1,0,-4.39,-11.29,0
18:12:04,38.200,12473835,12473822,0,0,1,37.496653,126.957611,0.12,338.3,0,338.3,1,223.2,1,0.00,8.22,9.81,0.9933,22.93,2.746,473553,964172,0.062,1,338.3,"-0.74,-0.47,8.17","9.5,-2.3,-1.0","-53.250,27.750,14.700",1.59,4.25,0.00,0,117513,98733,7,1.52,37.496677,126.957611,27766,457,1714,36,30.51,0.00,999.00,73.4,0,141,0,3,-68,-68.8,98733,17,3,5.11,1,0,-4.39,-11.29,0
18:12:04,38.320,12473939,12473926,0,0,1,37.496653,126.957611,0.12,338.3,0,338.3,1,223.2,1,0.00,8.35,9.54,0.9999,23.10,2.748,473553,964183,0.062,1,338.3,"-0.26,0.39,8.34","9.0,2.9,1.3","-54.150,26.700,15.000",0.76,6.04,0.00,0,117514,98734,7,1.52,37.496677,126.957611,27766,457,1714,36,30.51,0.00,999.00,73.4,0,141,0,3,-70,-69.1,98734,15,3,5.22,1,0,-4.39,-11.29,0
18:12:04,38.416,12474043,12474030,0,0,1,37.496653,126.957611,0.12,338.3,0,338.3,1,223.2,1,2.96,7.62,11.65,0.9676,23.04,2.779,473553,964194,0.062,1,338.3,"-2.26,0.27,7.27","-2.0,9.1,-6.9","-55.650,26.250,15.000",2.48,7.40,0.00,0,117515,98735,7,1.52,37.496677,126.957611,27766,457,1714,36,30.51,0.00,999.00,73.4,0,141,0,3,-69,-69.1,98735,17,3,5.22,1,0,-4.39,-11.29,0
18:12:04,38.538,12474146,12474133,0,0,1,37.496653,126.957611,0.12,338.3,0,338.3,1,223.2,1,0.00,10.13,6.99,0.9982,22.60,2.708,473553,964205,0.062,1,338.3,"-0.46,1.11,10.06","4.2,5.5,-0.9","-54.000,24.900,14.700",1.12,2.66,0.00,0,117516,98736,7,1.52,37.496677,126.957611,27766,457,1714,36,30.51,0.00,999.00,73.4,0,141,0,3,-70,-69.2,98736,17,3,5.31,1,0,-4.39,-11.29,0
18:12:04,38.633,12474237,12474236,0,0,1,37.496653,126.957611,0.12,338.3,0,338.3,1,223.2,1,0.00,9.63,11.68,0.9959,18.92,2.725,473553,964216,0.062,1,338.3,"0.42,0.63,9.60","-5.1,10.2,-2.5","-54.000,25.350,10.950",0.85,3.58,0.00,0,117517,98736,7,1.52,37.496677,126.957611,27766,457,1714,36,30.51,0.00,999.00,73.4,0,141,0,3,-70,-69.2,98736,108,3,5.31,1,0,-4.39,-11.29,0
18:12:04,38.717,12474338,12474337,0,0,1,37.496653,126.957611,0.12,338.3,0,338.3,1,223.2,1,0.00,9.75,4.94,0.9985,22.92,2.758,473553,964228,0.062,1,338.3,"-0.23,-0.01,9.74","4.7,-0.6,-1.4","-55.650,25.200,15.000",0.71,3.99,0.00,0,117518,98737,7,1.52,37.496677,126.957611,27766,457,1714,36,30.51,0.00,999.00,73.4,0,141,0,3,-69,-69.2,98737,101,3,5.29,1,0,-4.39,-11.29,0
18:12:04,38.837,12474439,12474438,0,0,1,37.496653,126.957611,0.12,338.3,0,338.3,1,223.2,1,0.00,9.14,6.25,0.9995,22.35,2.790,473553,964240,0.062,1,338.3,"-0.69,0.53,9.10","2.2,-5.8,-0.9","-55.650,26.700,14.250",0.31,2.20,0.00,0,117519,98738,7,1.52,37.496677,126.957611,27766,457,1714,36,30.51,0.00,999.00,73.4,0,141,0,3,-68,-69.0,98738,99,3,5.17,1,0,-4.39,-11.29,0
18:12:05,38.931,12474544,12474543,0,0,1,37.496653,126.957611,0.12,338.3,0,338.3,1,223.2,1,0.00,9.65,5.36,0.9968,23.36,2.797,473553,964251,0.062,1,338.3,"0.18,0.95,9.61","5.2,-0.3,1.1","-55.200,27.750,15.150",0.74,1.62,0.00,0,117520,98739,7,1.52,37.496677,126.957611,27766,457,1714,36,31.04,0.00,999.00,74.1,0,141,0,3,-65,-68.2,98739,98,3,4.79,1,0,-4.39,-11.29,0
18:12:05,39.017,12474645,12474644,0,0,1,37.496655,126.957611,0.18,338.3,0,338.3,1,223.2,1,0.00,9.72,2.61,0.9993,21.47,2.727,473553,964263,0.252,1,338.3,"-0.61,0.81,9.66","1.4,-1.5,-1.6","-54.150,25.500,13.500",0.35,1.52,0.00,0,117521,98740,7,1.52,37.496678,126.957607,27767,457,1714,36,31.04,0.00,999.00,74.1,0,141,0,3,-67,-67.9,98740,92,3,4.69,1,0,-4.39,-11.29,0
18:12:05,39.133,12474746,12474745,0,0,1,37.496655,126.957611,0.18,338.3,0,338.3,1,223.2,1,0.00,9.72,0.96,0.9994,22.30,2.760,473553,964275,0.252,1,338.3,"-0.32,0.79,9.69","0.2,-0.8,-0.5","-54.900,26.250,14.250",0.30,0.41,0.00,0,117522,98741,7,1.52,37.496678,126.957607,27767,457,1714,36,31.04,0.00,999.00,74.1,0,141,0,3,-67,-67.7,98741,89,3,4.60,1,0,-4.39,-11.29,0
18:12:05,39.232,12474847,12474846,0,0,1,37.496655,126.957611,0.18,338.3,0,338.3,1,223.2,1,0.00,9.68,1.64,0.9991,22.47,2.759,473553,964287,0.252,1,338.3,"-0.52,0.87,9.62","-0.3,0.6,1.5","-55.650,25.200,14.550",0.21,0.40,0.00,0,117523,98742,7,1.52,37.496678,126.957607,27767,457,1714,36,31.04,0.00,999.00,74.1,0,141,0,3,-65,-67.2,98742,85,3,4.37,1,0,-4.39,-11.29,0
18:12:05,39.304,12474949,12474948,0,0,1,37.496655,126.957611,0.18,338.3,0,338.3,1,223.2,1,0.00,9.56,3.30,0.9994,22.78,2.813,473553,964299,0.252,1,338.3,"-0.54,0.78,9.51","2.6,-0.2,2.0","-55.650,27.900,14.550",0.05,0.28,0.00,0,117524,98743,7,1.52,37.496678,126.957607,27767,457,1714,36,31.04,0.00,999.00,74.1,0,141,0,3,-66,-67.0,98743,82,3,4.27,1,0,-4.39,-11.29,0
18:12:05,39.383,12475050,12475049,0,0,1,37.496655,126.957611,0.18,338.3,0,338.3,1,223.2,1,0.00,9.67,3.77,0.9993,21.80,2.805,473553,964311,0.252,1,338.3,"-0.58,0.80,9.62","1.9,-3.2,0.4","-54.900,28.350,13.500",0.10,0.23,0.00,0,117525,98744,7,1.52,37.496678,126.957607,27767,457,1714,36,31.04,0.00,999.00,74.1,0,141,0,3,-67,-67.0,98744,77,3,4.27,1,0,-4.39,-11.29,0
18:12:05,39.521,12475150,12475149,0,0,1,37.496655,126.957610,0.18,338.3,0,338.3,1,223.2,1,0.00,9.70,2.56,0.9995,22.40,2.791,473553,964323,0.252,1,338.3,"-0.51,0.77,9.65","2.5,-0.1,0.5","-55.350,27.150,14.250",0.09,0.22,0.00,0,117526,98745,7,1.52,37.496678,126.957607,27767,457,1714,36,31.04,0.00,999.00,74.1,0,141,0,3,-66,-66.8,98745,72,3,4.20,1,0,-4.39,-11.29,0
18:12:05,39.639,12475250,12475249,0,0,1,37.496655,126.957610,0.18,338.3,0,338.3,1,223.2,1,0.00,9.81,1.38,0.9992,24.30,2.784,473553,964335,0.252,1,338.3,"-0.65,0.80,9.76","-0.8,1.1,0.3","-55.500,26.850,16.200",0.23,0.27,0.00,0,117527,98746,7,1.52,37.496678,126.957607,27767,457,1714,36,31.04,0.00,999.00,74.1,0,141,0,3,-65,-66.4,98746,60,3,4.06,1,0,-4.39,-11.29,0
18:12:05,39.731,12475350,12475349,0,0,1,37.496655,126.957610,0.18,338.3,0,338.3,1,223.2,1,0.00,9.75,2.56,0.9990,22.12,2.790,473553,964347,0.252,1,338.3,"-0.45,0.92,9.69","2.5,0.3,0.1","-55.200,27.300,13.950",0.18,3.11,0.00,0,117528,98747,7,1.52,37.496678,126.957607,27767,457,1714,36,31.04,0.00,999.00,74.1,0,141,0,3,-66,-66.3,98747,61,3,4.02,1,0,-4.39,-11.29,0
18:12:05,39.852,12475450,12475449,0,0,1,37.496655,126.957610,0.18,338.3,0,338.3,1,223.2,1,0.00,9.66,2.20,0.9996,23.32,2.776,473553,964359,0.252,1,338.3,"-0.48,0.76,9.62","1.0,1.2,-1.5","-54.750,27.300,15.150",0.08,0.26,0.00,0,117529,98748,7,1.52,37.496678,126.957607,27767,457,1714,36,31.04,0.00,999.00,74.1,0,141,0,3,-74,-67.9,98748,55,3,4.66,1,0,-4.39,-11.29,0
18:12:06,39.933,12475554,12475553,0,0,1,37.496655,126.957610,0.18,338.3,0,338.3,1,223.2,1,0.00,9.77,3.80,0.9990,23.54,2.772,473553,964370,0.252,1,338.3,"-0.51,0.92,9.72","2.8,-2.5,-0.5","-54.150,27.900,15.300",0.15,4.26,0.00,0,117530,98749,7,1.52,37.496678,126.957607,27767,457,1714,36,31.04,0.00,999.00,74.1,0,141,0,3,-72,-68.7,98749,54,3,5.04,1,0,-4.39,-11.29,0
18:12:06,40.050,12475656,12475655,0,0,1,37.496655,126.957610,0.18,338.3,0,338.3,1,223.2,1,0.00,9.62,4.93,0.9989,22.74,2.732,473553,964382,0.134,1,338.3,"-0.68,0.86,9.55","3.7,2.3,-2.3","-54.000,26.100,14.700",0.12,0.28,0.00,0,117531,98750,8,1.52,37.496693,126.957613,27767,458,1714,36,31.04,0.00,999.00,74.1,0,141,0,3,-68,-68.6,98750,49,3,4.97,1,0,-4.39,-11.29,0
18:12:06,40.164,12475757,12475756,0,0,1,37.496655,126.957610,0.18,338.3,0,338.3,1,223.2,1,0.00,9.72,1.11,0.9994,22.71,2.758,473553,964394,0.134,1,338.3,"-0.55,0.79,9.67","0.5,-1.0,0.0","-54.150,27.150,14.550",0.07,0.14,0.00,0,117532,98751,8,1.52,37.496693,126.957613,27767,458,1714,36,31.04,0.00,999.00,74.1,0,141,0,3,-65,-67.8,98751,45,3,4.65,1,0,-4.39,-11.29,0
18:12:06,40.177,12475858,12475857,0,0,1,37.496655,126.957610,0.18,338.3,0,338.3,1,223.2,1,0.00,9.69,2.27,0.9993,23.43,2.828,473553,964406,0.134,1,338.3,"-0.57,0.81,9.64","1.4,-1.7,0.5","-56.850,27.150,15.300",0.03,0.18,0.00,0,117533,98752,8,1.52,37.496693,126.957613,27767,458,1714,36,31.04,0.00,999.00,74.1,0,141,0,3,-63,-66.9,98752,40,3,4.24,1,0,-4.39,-11.29,0
18:12:06,40.299,12475960,12475959,0,0,1,37.496655,126.957610,0.18,338.3,0,338.3,1,223.2,1,0.00,9.60,3.31,0.9993,22.57,2.765,473553,964418,0.134,1,338.3,"-0.60,0.79,9.55","0.8,2.2,-2.3","-54.300,27.300,14.400",0.08,0.18,0.00,0,117534,98753,8,1.52,37.496693,126.957613,27767,458,1714,36,31.04,0.00,999.00,74.1,0,141,0,3,-65,-66.5,98753,35,3,4.09,1,0,-4.39,-11.29,0
18:12:06,40.365,12476061,12476060,0,0,1,37.496655,126.957610,0.18,338.3,0,338.3,1,223.2,1,0.00,9.67,1.57,0.9990,23.42,2.754,473553,964430,0.134,1,338.3,"-0.52,0.89,9.61","0.5,1.3,0.7","-55.200,25.650,15.450",0.11,0.20,0.00,0,117535,98754,8,1.52,37.496693,126.957613,27767,458,1714,36,30.79,0.00,999.00,74.8,0,141,0,3,-65,-66.2,98754,30,3,3.97,1,0,-4.39,-11.29,0
18:12:06,40.649,12476162,12476161,0,0,1,37.496655,126.957610,0.18,338.3,0,338.3,1,223.2,1,0.00,9.64,2.41,0.9994,22.62,2.806,473553,964442,0.134,1,338.3,"-0.50,0.79,9.60","2.2,0.9,-0.3","-55.500,27.750,14.400",0.10,0.21,0.00,0,117536,98755,8,1.52,37.496693,126.957613,27767,458,1714,36,30.79,0.00,999.00,74.8,0,141,0,3,-62,-65.4,98755,25,3,3.67,1,0,-4.39,-11.29,0
18:12:06,40.749,12476263,12476262,0,0,1,37.496655,126.957610,0.18,338.3,0,338.3,1,223.2,1,0.00,9.66,1.61,0.9996,23.75,2.819,473553,964454,0.134,1,338.3,"-0.55,0.73,9.62","1.1,-0.8,0.9","-55.500,28.500,15.450",0.09,0.17,0.00,0,117537,98756,8,1.52,37.496693,126.957613,27767,458,1714,36,30.79,0.00,999.00,74.8,0,141,0,3,-63,-64.9,98756,21,3,3.51,1,0,-4.39,-11.29,0
18:12:06,40.818,12476370,12476369,0,0,1,37.496655,126.957610,0.18,338.3,0,338.3,1,223.2,1,0.00,9.72,3.47,0.9993,22.57,2.789,473553,964467,0.134,1,338.3,"-0.52,0.84,9.67","2.3,-2.0,1.6","-55.200,27.300,14.400",0.09,0.16,0.00,0,117538,98757,8,1.52,37.496693,126.957613,27767,458,1714,36,30.79,0.00,999.00,74.8,0,141,0,3,-66,-65.1,98757,23,3,3.58,1,0,-4.39,-11.29,0
18:12:07,40.882,12476586,12476574,0,0,1,37.496655,126.957610,0.18,338.3,0,338.3,1,223.2,1,0.00,9.65,1.53,0.9997,22.42,2.785,473553,964490,0.062,1,338.3,"-0.46,0.70,9.62","1.4,0.6,-0.2","-55.950,26.100,14.400",0.17,0.17,0.00,0,117540,98759,8,1.52,37.496702,126.957620,27767,459,1714,36,30.79,0.00,999.00,74.8,0,141,0,3,-65,-65.1,98759,22,3,3.57,1,0,-4.39,-11.29,0
18:12:07,41.282,12476677,12476676,0,0,1,37.496655,126.957610,0.18,338.3,0,338.3,1,223.2,1,0.00,9.62,3.16,0.9992,22.25,2.855,473553,964501,0.062,1,338.3,"-0.54,0.83,9.57","-1.6,0.8,-2.6","-56.700,28.500,13.950",0.07,0.20,0.00,0,117541,98759,8,1.52,37.496702,126.957620,27767,459,1714,36,30.79,0.00,999.00,74.8,0,141,0,3,-65,-65.1,98759,113,3,3.57,1,0,-4.39,-11.29,0
18:12:07,41.401,12476982,12476981,0,0,1,37.496655,126.957610,0.18,338.3,0,338.3,1,223.2,1,0.00,9.69,4.34,0.9994,22.35,2.790,473553,964536,0.062,1,338.3,"-0.58,0.77,9.64","0.3,2.9,-3.3","-55.650,26.700,14.250",0.05,0.14,0.00,0,117544,98761,8,1.52,37.496702,126.957620,27767,459,1714,36,30.79,0.00,999.00,74.8,0,141,0,3,-66,-66.2,98761,99,3,3.98,1,0,-4.39,-11.29,0
18:12:07,41.483,12477083,12477082,0,0,1,37.496655,126.957610,0.18,338.3,0,338.3,1,223.2,1,0.00,9.66,2.83,0.9996,24.04,2.780,473553,964548,0.062,1,338.3,"-0.54,0.73,9.62","0.5,0.2,-2.8","-54.150,28.350,15.750",0.10,0.15,0.00,0,117545,98762,8,1.52,37.496702,126.957620,27767,459,1714,36,30.79,0.00,999.00,74.8,0,141,0,3,-65,-66.0,98762,100,3,3.89,1,0,-4.39,-11.29,0
18:12:07,41.618,12477183,12477182,0,0,1,37.496655,126.957610,0.18,338.3,0,338.3,1,223.2,1,0.00,9.72,4.11,0.9991,23.18,2.783,473553,964560,0.062,1,338.3,"-0.53,0.87,9.67","-0.5,-3.9,1.3","-54.900,27.450,15.000",0.10,0.18,0.00,0,117546,98763,8,1.52,37.496702,126.957620,27767,459,1714,36,30.79,0.00,999.00,74.8,0,141,0,3,-65,-65.8,98763,94,3,3.81,1,0,-4.39,-11.29,0
18:12:07,41.637,12477283,12477282,0,0,1,37.496655,126.957610,0.18,338.3,0,338.3,1,223.2,1,0.91,9.67,5.57,0.9995,22.92,2.774,473553,964572,0.062,1,338.3,"-0.60,0.74,9.62","-0.2,2.9,-4.7","-54.300,27.750,14.700",0.08,0.18,0.00,0,117547,98764,8,1.52,37.496702,126.957620,27767,459,1714,36,30.79,0.00,999.00,74.8,0,141,0,3,-64,-65.4,98764,76,3,3.69,1,0,-4.39,-11.29,0
18:12:07,41.716,12477383,12477382,0,0,1,37.496655,126.957610,0.18,338.3,0,338.3,1,223.2,1,0.00,9.66,2.53,0.9986,22.56,2.746,473553,964584,0.062,1,338.3,"-0.65,0.93,9.59","1.3,-2.1,0.7","-54.600,25.950,14.550",0.13,0.20,0.00,0,117548,98765,8,1.52,37.496702,126.957620,27767,459,1714,36,30.79,0.00,999.00,74.8,0,141,0,3,-64,-65.1,98765,81,3,3.59,1,0,-4.39,-11.29,0
18:12:07,41.788,12477483,12477482,0,0,1,37.496655,126.957610,0.18,338.3,0,338.3,1,223.2,1,0.00,9.81,1.84,0.9996,24.00,2.733,473553,964596,0.062,1,338.3,"-0.63,0.67,9.77","1.2,-0.2,-1.4","-54.600,25.500,16.050",0.21,0.21,0.00,0,117549,98766,8,1.52,37.496702,126.957620,27767,459,1714,36,30.79,0.00,999.00,74.8,0,141,0,3,-64,-64.9,98766,70,3,3.51,1,0,-4.39,-11.29,0
18:12:08,42.000,12477582,12477581,0,0,0,0.000000,0.000000,0.00,0.0,0,338.3,1,223.2,1,0.00,9.60,2.32,0.9990,23.25,2.827,473553,964606,0.082,1,338.3,"-0.52,0.89,9.55","0.4,-0.7,-2.2","-57.000,26.850,15.150",0.13,0.22,0.00,0,117550,98767,7,1.52,37.496733,126.957677,27767,460,1714,36,30.79,0.00,999.00,74.8,0,141,0,3,-64,-64.7,98767,75,3,3.45,1,0,-4.39,-11.29,0
18:12:08,42.024,12477690,12477689,0,0,0,0.000000,0.000000,0.00,0.0,0,338.3,1,223.2,1,0.00,9.67,0.71,0.9987,24.27,2.778,473553,964619,0.082,1,338.3,"-0.51,0.97,9.61","0.1,0.2,0.7","-55.500,26.550,16.200",0.17,0.17,0.00,0,117551,98768,7,1.52,37.496733,126.957677,27767,460,1714,36,-1.00,0.00,999.00,0.0,0,141,0,3,-63,-64.4,98768,78,3,3.34,1,0,-4.39,-11.29,0
18:12:08,42.149,12477790,12477789,0,0,0,0.000000,0.000000,0.00,0.0,0,338.3,1,223.2,1,0.00,9.55,3.38,0.9992,22.70,2.778,473553,964631,0.082,1,338.3,"-0.57,0.83,9.50","1.4,-2.5,1.8","-54.900,27.150,14.550",0.12,0.21,0.00,0,117552,98769,7,1.52,37.496733,126.957677,27767,460,1714,36,-1.00,0.00,999.00,0.0,0,141,0,3,-62,-63.9,98769,72,3,3.19,1,0,-4.39,-11.29,0
18:12:08,42.215,12477890,12477889,0,0,0,0.000000,0.000000,0.00,0.0,0,338.3,1,223.2,1,0.00,9.63,2.78,0.9992,21.99,2.798,473553,964643,0.082,1,338.3,"-0.55,0.85,9.58","-2.3,1.1,-1.0","-55.350,27.450,13.800",0.05,0.20,0.00,0,117553,98770,7,1.52,37.496733,126.957677,27767,460,1714,36,-1.00,0.00,999.00,0.0,0,141,0,3,-63,-63.7,98770,66,3,3.14,1,0,-4.39,-11.29,0
18:12:08,42.350,12477990,12477989,0,0,0,0.000000,0.000000,0.00,0.0,0,338.3,1,223.2,1,0.00,9.63,2.42,0.9997,22.74,2.764,473553,964655,0.082,1,338.3,"-0.60,0.66,9.59","1.0,-1.6,-1.5","-54.150,27.450,14.550",0.16,0.17,0.00,0,117554,98771,7,1.52,37.496733,126.957677,27767,460,1714,36,-1.00,0.00,999.00,0.0,0,141,0,3,-63,-63.6,98771,60,3,3.10,1,0,-4.39,-11.29,0
18:12:08,42.534,12478097,12478096,0,0,0,0.000000,0.000000,0.00,0.0,0,338.3,1,223.2,1,0.00,9.74,3.67,0.9996,22.56,2.774,473553,964668,0.082,1,338.3,"-0.58,0.73,9.69","-1.5,3.2,-0.8","-55.650,25.950,14.550",0.11,0.17,0.00,0,117555,98772,7,1.52,37.496733,126.957677,27767,460,1714,36,-1.00,0.00,999.00,0.0,0,141,0,3,-63,-63.5,98772,61,3,3.06,1,0,-4.39,-11.29,0
18:12:08,42.647,12478204,12478203,0,0,0,0.000000,0.000000,0.00,0.0,0,338.3,1,223.2,1,0.00,9.59,2.04,0.9991,22.71,2.758,473553,964681,0.082,1,338.3,"-0.67,0.80,9.53","-1.2,1.0,-1.3","-54.150,27.150,14.550",0.12,0.20,0.00,0,117556,98773,7,1.52,37.496733,126.957677,27767,460,1714,36,-1.00,0.00,999.00,0.0,0,141,0,3,-63,-63.4,98773,62,3,3.04,1,0,-4.39,-11.29,0
18:12:08,42.716,12478311,12478310,0,0,0,0.000000,0.000000,0.00,0.0,0,338.3,1,223.2,1,0.00,9.70,5.31,0.9992,22.62,2.787,473553,964694,0.082,1,338.3,"-0.63,0.81,9.65","4.3,-2.8,1.4","-54.750,27.750,14.400",0.07,1.17,0.00,0,117557,98774,7,1.52,37.496733,126.957677,27767,460,1714,36,-1.00,0.00,999.00,0.0,0,141,0,3,-64,-63.5,98774,64,3,3.07,1,0,-4.39,-11.29,0
18:12:08,42.834,12478418,12478417,0,0,0,0.000000,0.000000,0.00,0.0,0,338.3,1,223.2,1,0.00,9.82,1.62,0.9993,22.30,2.740,473553,964707,0.082,1,338.3,"-0.63,0.80,9.77","0.7,0.6,1.4","-54.150,26.250,14.250",0.17,0.17,0.00,0,117558,98775,7,1.52,37.496733,126.957677,27767,460,1714,36,-1.00,0.00,999.00,0.0,0,141,0,3,-64,-63.6,98775,65,3,3.10,1,0,-4.39,-11.29,0
18:12:09,42.919,12478531,12478507,0,0,0,0.000000,0.000000,0.00,0.0,0,338.3,1,223.2,1,0.00,9.63,2.10,0.9995,21.16,2.764,473553,964718,0.082,1,338.3,"-0.66,0.69,9.58","1.4,-1.6,0.3","-54.600,26.700,13.050",0.15,0.19,0.00,0,117559,98776,7,1.52,37.496733,126.957677,27767,460,1714,36,-1.00,0.00,999.00,0.0,0,141,0,3,-64,-63.7,98776,72,3,3.13,1,0,-4.39,-11.29,0
18:12:09,42.999,12478624,12478623,0,0,0,0.000000,0.000000,0.00,0.0,0,338.3,1,223.2,1,0.00,9.70,2.48,0.9993,22.92,2.786,473553,964729,0.087,1,338.3,"-0.54,0.82,9.65","0.5,1.1,-2.2","-54.750,27.750,14.700",0.05,0.21,0.00,0,117560,98777,7,1.52,37.496744,126.957703,27767,461,1714,36,-1.00,0.00,999.00,0.0,0,141,0,3,-63,-63.5,98777,60,3,3.09,1,0,-4.39,-11.29,0
18:12:09,43.135,12478724,12478723,0,0,0,0.000000,0.000000,0.00,0.0,0,338.3,1,223.2,1,0.00,9.62,3.56,0.9996,23.18,2.795,473553,964741,0.087,1,338.3,"-0.53,0.71,9.58","2.2,0.6,-2.7","-55.350,27.450,15.000",0.12,0.17,0.00,0,117561,98778,7,1.52,37.496744,126.957703,27767,461,1714,36,-1.00,0.00,999.00,0.0,0,141,0,3,-64,-63.6,98778,55,3,3.11,1,0,-4.39,-11.29,0
18:12:09,43.231,12478824,12478823,0,0,0,0.000000,0.000000,0.00,0.0,0,338.3,1,223.2,1,0.00,9.64,2.00,0.9995,23.49,2.806,473553,964753,0.087,1,338.3,"-0.58,0.76,9.59","-0.7,1.0,-1.6","-54.750,28.800,15.150",0.06,0.25,0.00,0,117562,98779,7,1.52,37.496744,126.957703,27767,461,1714,36,-1.00,0.00,999.00,0.0,0,141,0,3,-66,-64.1,98779,49,3,3.26,1,0,-4.39,-11.29,0
18:12:09,43.343,12478924,12478923,0,0,0,0.000000,0.000000,0.00,0.0,0,338.3,1,223.2,1,0.00,9.82,3.02,0.9993,22.64,2.809,473553,964765,0.087,1,338.3,"-0.34,0.84,9.78","1.6,-1.1,2.3","-56.400,26.700,14.550",0.28,3.90,0.00,0,117563,98780,7,1.52,37.496744,126.957703,27767,461,1714,36,-1.00,0.00,999.00,0.0,0,141,0,3,-64,-64.1,98780,33,3,3.25,1,0,-4.39,-11.29,0
18:12:09,43.449,12479031,12479030,0,0,0,0.000000,0.000000,0.00,0.0,0,338.3,1,223.2,1,0.00,9.62,2.04,0.9994,22.07,2.781,473553,964778,0.087,1,338.3,"-0.54,0.79,9.57","0.6,-0.5,-1.9","-55.200,26.850,13.950",0.11,0.29,0.00,0,117564,98781,7,1.52,37.496744,126.957703,27767,461,1714,36,-1.00,0.00,999.00,0.0,0,141,0,3,-65,-64.3,98781,45,3,3.31,1,0,-4.39,-11.29,0
18:12:09,43.533,12479138,12479137,0,0,0,0.000000,0.000000,0.00,0.0,0,338.3,1,223.2,1,0.00,9.68,3.61,0.9994,22.03,2.783,473553,964791,0.087,1,338.3,"-0.60,0.76,9.63","1.6,2.4,-2.2","-55.500,26.550,13.950",0.07,0.23,0.00,0,117565,98782,7,1.52,37.496744,126.957703,27767,461,1714,36,-1.00,0.00,999.00,0.0,0,141,0,3,-65,-64.4,98782,47,3,3.35,1,0,-4.39,-11.29,0
18:12:09,43.616,12479245,12479244,0,0,0,0.000000,0.000000,0.00,0.0,0,338.3,1,223.2,1,0.00,9.67,1.03,0.9987,21.60,2.803,473553,964804,0.087,1,338.3,"-0.61,0.94,9.60","0.8,0.7,-0.0","-56.100,26.700,13.500",0.12,0.19,0.00,0,117566,98783,7,1.52,37.496744,126.957703,27767,461,1714,36,-1.00,0.00,999.00,0.0,0,141,0,3,-66,-64.7,98783,45,3,3.46,1,0,-4.39,-11.29,0
18:12:09,43.749,12479352,12479351,0,0,0,0.000000,0.000000,0.00,0.0,0,338.3,1,223.2,1,0.00,9.64,2.09,0.9994,23.15,2.757,473553,964817,0.087,1,338.3,"-0.61,0.75,9.59","1.5,-1.4,0.5","-54.150,27.150,15.000",0.09,0.19,0.00,0,117567,98784,7,1.52,37.496744,126.957703,27767,461,1714,36,-1.00,0.00,999.00,0.0,0,141,0,3,-65,-64.8,98784,50,3,3.47,1,0,-4.39,-11.29,0
18:12:09,43.832,12479458,12479457,0,0,0,0.000000,0.000000,0.00,0.0,0,338.3,1,223.2,1,0.00,9.60,2.31,0.9990,22.40,2.779,473553,964830,0.087,1,338.3,"-0.61,0.87,9.54","1.7,-0.2,1.5","-54.900,27.150,14.250",0.09,0.14,0.00,0,117568,98785,7,1.52,37.496744,126.957703,27767,461,1714,36,-1.00,0.00,999.00,0.0,0,141,0,3,-65,-64.8,98785,49,3,3.49,1,0,-4.39,-11.29,0
18:12:10,43.952,12479562,12479561,0,0,0,0.000000,0.000000,0.00,0.0,0,338.3,1,223.2,1,0.00,9.66,2.12,0.9989,22.82,2.768,473553,964841,0.087,1,338.3,"-0.71,0.82,9.60","1.6,-1.3,0.6","-54.750,26.850,14.700",0.12,0.16,0.00,0,117569,98786,7,1.52,37.496744,126.957703,27767,461,1714,36,-1.00,0.00,999.00,0.0,0,141,0,3,-65,-64.9,98786,47,3,3.50,1,0,-4.39,-11.29,0
18:12:10,44.033,12479663,12479662,0,0,0,0.000000,0.000000,0.00,0.0,0,338.3,1,223.2,1,0.00,9.67,2.91,0.9989,22.74,2.764,473553,964853,0.036,1,338.3,"-0.71,0.82,9.61","1.0,-2.4,-1.2","-54.150,27.450,14.550",0.11,0.24,0.00,0,117570,98787,7,1.52,37.496757,126.957730,27767,462,1714,36,-1.00,0.00,999.00,0.0,0,141,0,3,-66,-65.1,98787,43,3,3.58,1,0,-4.39,-11.29,0
18:12:10,44.173,12479763,12479762,0,0,0,0.000000,0.000000,0.00,0.0,0,338.3,1,223.2,1,0.00,9.69,1.90,0.9990,22.69,2.810,473553,964865,0.036,1,338.3,"-0.56,0.90,9.63","-0.3,0.0,-1.9","-56.100,27.150,14.550",0.08,0.20,0.00,0,117571,98788,7,1.52,37.496757,126.957730,27767,462,1714,36,-1.00,0.00,999.00,0.0,0,141,0,3,-65,-65.1,98788,37,3,3.57,1,0,-4.39,-11.29,0
18:12:10,44.264,12479863,12479862,0,0,0,0.000000,0.000000,0.00,0.0,0,338.3,1,223.2,1,0.00,9.71,3.12,0.9991,23.34,2.758,473553,964877,0.036,1,338.3,"-0.54,0.89,9.66","3.0,0.4,0.9","-54.900,26.250,15.300",0.08,0.18,0.00,0,117572,98789,7,1.52,37.496757,126.957730,27767,462,1714,36,-1.00,0.00,999.00,0.0,0,141,0,3,-66,-65.3,98789,33,3,3.63,1,0,-4.39,-11.29,0
18:12:10,44.383,12480063,12480063,0,0,0,0.000000,0.000000,0.00,0.0,0,338.3,1,223.2,1,0.00,9.62,0.63,0.9996,22.82,2.748,473553,964901,0.036,1,338.3,"-0.56,0.71,9.58","0.4,-0.0,0.5","-54.000,26.850,14.700",0.13,0.17,0.00,0,117574,98791,7,1.52,37.496757,126.957730,27767,462,1714,36,-1.00,0.00,999.00,0.0,0,141,0,3,-69,-66.3,98791,22,3,4.01,1,0,-4.39,-11.29,0
18:12:10,44.585,12480171,12480170,0,0,0,0.000000,0.000000,0.00,0.0,0,338.3,1,223.2,1,0.00,9.67,3.20,0.9990,23.76,2.780,473553,964914,0.036,1,338.3,"-0.67,0.84,9.62","1.1,0.3,-3.0","-54.000,28.500,15.450",0.08,0.19,0.00,0,117575,98792,7,1.52,37.496757,126.957730,27767,462,1714,36,-1.00,0.00,999.00,0.0,0,141,0,3,-68,-66.6,98792,25,3,4.14,1,0,-4.39,-11.29,0
18:12:10,44.698,12480277,12480277,0,0,0,0.000000,0.000000,0.00,0.0,0,338.3,1,223.2,1,0.00,9.74,2.92,0.9989,23.15,2.769,473553,964927,0.036,1,338.3,"-0.63,0.91,9.68","-2.7,-0.8,0.7","-54.600,27.150,15.000",0.11,0.19,0.00,0,117576,98793,7,1.52,37.496757,126.957730,27767,462,1714,36,-1.00,0.00,999.00,0.0,0,141,0,3,-67,-66.7,98793,24,3,4.17,1,0,-4.39,-11.29,0
18:12:10,44.768,12480384,12480384,0,0,0,0.000000,0.000000,0.00,0.0,0,338.3,1,223.2,1,0.00,9.62,2.48,0.9992,23.43,2.828,473553,964940,0.036,1,338.3,"-0.65,0.80,9.56","0.1,1.7,-1.8","-56.850,27.150,15.300",0.08,0.21,0.00,0,117577,98793,7,1.52,37.496757,126.957730,27767,462,1714,36,-1.00,0.00,999.00,0.0,0,141,0,3,-67,-66.7,98793,131,3,4.17,1,0,-4.39,-11.29,0
18:12:11,44.887,12480491,12480491,0,0,0,0.000000,0.000000,0.00,0.0,0,338.3,1,223.2,1,0.00,9.00,4.38,0.9947,23.45,2.800,473553,964953,0.036,1,338.3,"-1.24,0.83,8.88","0.9,-3.1,-2.9","-54.750,28.500,15.150",0.96,1.96,0.00,0,117578,98794,7,1.52,37.496757,126.957730,27767,462,1714,36,-1.00,0.00,999.00,0.0,0,141,0,3,-67,-66.8,98794,19,3,4.19,1,0,-4.39,-11.29,0
18:12:11,44.982,12480595,12480594,0,0,1,37.496758,126.957734,0.02,0.0,0,338.3,1,223.2,1,0.00,8.90,13.79,1.0000,21.81,2.819,473553,964964,0.031,1,338.3,"-0.32,0.45,8.89","13.6,2.2,-1.0","-56.250,27.300,13.650",0.70,1.41,0.00,0,117579,98795,7,1.52,37.496758,126.957735,27768,462,1714,36,-1.00,0.00,999.00,0.0,0,141,0,3,-63,-66.0,98795,26,3,3.90,1,0,-4.39,-11.29,0
18:12:11,45.116,12480696,12480695,0,0,1,37.496758,126.957734,0.02,0.0,0,338.3,1,223.2,1,0.00,9.46,8.76,0.9947,22.52,2.780,473553,964976,0.031,1,338.3,"-0.11,-0.45,9.45","8.6,-1.4,0.9","-55.200,26.850,14.400",1.29,1.67,0.00,0,117580,98796,7,1.52,37.496758,126.957735,27768,462,1714,36,15.16,0.00,999.00,65.8,0,141,0,3,-63,-65.4,98796,12,3,3.68,1,0,-4.39,-11.29,0
18:12:11,45.189,12480797,12480795,0,0,1,37.496758,126.957734,0.02,0.0,0,338.3,1,223.2,1,0.00,10.16,11.27,0.9922,23.37,2.785,473553,964988,0.031,1,338.3,"0.80,0.50,10.12","-9.8,-5.6,-0.1","-54.750,27.750,15.150",1.51,1.51,0.00,0,117581,98797,7,1.52,37.496758,126.957735,27768,462,1714,36,15.16,0.00,999.00,65.8,0,141,0,3,-61,-64.5,98797,14,3,3.39,1,0,-4.39,-11.29,0
18:12:11,45.267,12480908,12480895,0,0,1,37.496758,126.957734,0.02,0.0,0,338.3,1,223.2,1,-0.28,9.75,6.81,0.9970,21.84,2.772,473553,965000,0.031,1,338.3,"-0.71,1.19,9.65","6.1,-0.4,3.1","-53.400,28.650,13.500",0.44,1.44,0.00,0,117582,98798,7,1.52,37.496758,126.957735,27768,462,1714,36,15.16,0.00,999.00,65.8,0,141,0,3,-63,-64.2,98798,18,3,3.29,1,0,-4.39,-11.29,0
18:12:11,45.401,12481002,12481001,2,0,1,37.496758,126.957734,0.02,0.0,0,338.3,1,223.2,1,3.14,10.18,12.51,0.9988,23.00,2.785,473553,965011,0.031,1,338.3,"-0.93,0.68,10.11","7.3,7.4,-7.0","-56.100,25.950,15.000",0.70,0.70,0.00,0,117583,98799,7,1.52,37.496758,126.957735,27768,462,1714,36,15.16,0.00,999.00,65.8,0,142,0,2,-64,-64.2,98799,11,3,3.28,1,0,-4.39,-11.29,0
18:12:11,45.498,12481113,12481100,2,0,1,37.496758,126.957734,0.02,0.0,0,338.3,1,223.3,1,0.00,10.34,14.56,0.9928,23.22,2.793,473553,965023,0.031,1,338.3,"-1.54,1.13,10.17","-8.3,-11.9,-1.1","-55.950,26.550,15.150",1.11,1.78,0.00,0,117584,98800,7,1.52,37.496758,126.957735,27768,462,1714,36,15.16,0.00,999.00,65.8,0,142,0,2,-64,-64.1,98800,15,3,3.27,1,0,-4.39,-11.29,0
18:12:11,45.583,12481216,12481203,2,0,1,37.496758,126.957734,0.02,0.0,0,338.3,1,224.1,1,13.08,10.50,27.00,0.9974,22.33,2.842,473553,965034,0.031,1,338.3,"-0.91,1.13,10.40","-13.0,-17.3,-16.1","-57.600,26.700,14.250",0.75,1.51,0.00,0,117585,98801,7,1.52,37.496758,126.957735,27768,462,1714,36,15.16,0.00,999.00,65.8,0,142,0,2,-68,-64.9,98801,14,3,3.52,1,0,-4.39,-11.29,0
18:12:11,45.732,12481319,12481306,2,0,1,37.496759,126.957734,0.02,0.0,0,338.3,1,225.2,1,3.80,10.32,26.28,0.9951,22.52,2.867,473553,965045,0.031,1,338.3,"-0.32,1.52,10.20","7.9,23.3,-9.2","-57.300,28.350,14.250",0.70,1.12,0.00,0,117586,98802,7,1.52,37.496758,126.957735,27768,462,1714,36,15.16,0.00,999.00,65.8,0,142,0,2,-64,-64.7,98802,15,3,3.46,1,0,-4.39,-11.29,0
18:12:11,45.799,12481422,12481409,2,0,1,37.496759,126.957734,0.02,0.0,0,338.3,1,226.4,1,18.16,9.48,27.65,0.9988,22.79,2.829,473553,965056,0.031,1,338.3,"-0.52,0.92,9.42","13.0,10.3,-22.1","-55.200,29.250,14.400",0.39,0.63,0.00,0,117587,98803,7,1.52,37.496758,126.957735,27768,462,1714,36,15.16,0.00,999.00,65.8,0,142,0,2,-63,-64.4,98803,14,3,3.34,1,0,-4.39,-11.29,0
18:12:12,45.883,12481536,12481512,2,0,1,37.496759,126.957734,0.02,0.0,0,338.3,1,228.5,1,23.47,9.66,31.22,0.9980,25.48,2.850,473553,965067,0.031,1,338.3,"-1.04,0.42,9.60","13.9,7.0,-27.1","-54.150,31.800,16.800",0.74,0.82,0.00,0,117588,98804,7,1.52,37.496758,126.957735,27768,462,1714,36,15.16,0.00,999.00,65.8,0,142,0,2,-65,-64.5,98804,22,3,3.34,1,0,-4.39,-11.29,0
18:12:12,46.148,12481641,12481628,2,0,1,37.496759,126.957735,0.06,0.0,0,338.3,1,232.4,1,42.12,9.38,50.82,0.9933,25.48,2.876,473553,965078,0.103,1,338.3,"-1.27,1.18,9.21","5.1,17.5,-47.5","-53.400,35.400,16.500",0.70,0.89,0.00,0,117589,98805,7,1.52,37.496763,126.957742,27769,462,1714,36,15.16,0.00,999.00,65.8,0,142,0,2,-72,-66.0,98805,18,3,3.90,1,0,-4.39,-11.29,0
18:12:12,46.301,12481847,12481834,2,0,1,37.496759,126.957735,0.06,0.0,0,338.3,1,241.7,1,46.65,9.51,56.41,0.9933,25.48,2.876,473553,965100,0.103,1,338.3,"-1.58,0.51,9.37","-11.9,14.1,-53.3","-49.950,38.100,18.000",0.69,0.83,0.00,0,117591,98807,7,1.52,37.496763,126.957742,27769,462,1714,36,15.16,0.00,999.00,65.8,0,142,0,2,-74,-68.6,98807,15,3,4.98,1,0,-4.39,-11.29,0
18:12:12,46.433,12482042,12482041,2,0,1,37.496759,126.957735,0.06,0.0,0,338.3,1,248.2,1,23.66,11.24,27.79,0.9865,28.60,2.838,473553,965122,0.103,1,338.3,"-2.33,0.76,10.97","5.4,3.0,-27.1","-45.900,40.350,18.900",1.87,1.88,0.00,0,117593,98808,7,1.52,37.496763,126.957742,27769,462,1714,36,15.16,0.00,999.00,65.8,0,142,0,2,-78,-70.5,98808,105,3,5.95,1,0,-4.39,-11.29,0
18:12:12,46.532,12482142,12482141,2,0,1,37.496759,126.957735,0.06,0.0,0,338.3,1,250.7,1,28.39,10.41,34.71,0.9781,30.35,2.825,473553,965134,0.103,1,338.3,"-2.43,-0.40,10.12","16.4,5.4,-30.1","-44.550,41.250,20.550",1.46,2.17,0.00,0,117594,98808,7,1.52,37.496763,126.957742,27769,462,1714,36,15.16,0.00,999.00,65.8,0,142,0,2,-78,-70.5,98808,205,3,5.95,1,0,-4.39,-11.29,0
18:12:12,46.599,12482242,12482241,2,0,1,37.496759,126.957735,0.06,0.0,0,338.3,1,254.8,1,53.73,10.74,57.70,0.9725,32.43,2.894,473553,965146,0.103,1,338.3,"-2.92,-0.15,10.34","6.7,1.4,-57.3","-45.000,44.100,20.250",1.41,2.07,0.00,0,117595,98809,7,1.52,37.496763,126.957742,27769,462,1714,36,15.16,0.00,999.00,65.8,0,142,0,2,-78,-72.0,98809,97,3,6.87,1,0,-4.39,-11.29,0
18:12:12,46.750,12482342,12482341,2,0,1,37.496759,126.957735,0.06,0.0,0,338.3,1,261.4,1,70.87,9.45,75.69,0.9725,32.43,2.894,473553,965158,0.103,1,338.3,"-2.51,-0.47,9.10","11.2,-14.7,-73.4","-40.350,47.250,19.050",1.06,1.62,0.00,0,117596,98810,7,1.52,37.496763,126.957742,27769,462,1714,36,15.16,0.00,999.00,65.8,0,142,0,2,-79,-73.4,98810,91,3,7.86,1,0,-4.39,-11.29,0
18:12:12,46.832,12482442,12482441,2,0,1,37.496759,126.957735,0.06,0.0,0,338.3,1,268.1,1,58.34,8.37,63.57,0.9725,32.43,2.894,473553,965170,0.103,1,338.3,"-1.51,-0.65,8.20","18.6,-13.5,-59.3","-39.450,48.900,20.700",1.53,1.68,0.00,0,117597,98811,7,1.52,37.496763,126.957742,27769,462,1714,36,15.16,0.00,999.00,65.8,0,142,0,2,-75,-73.7,98811,87,3,8.11,1,0,-4.39,-11.29,0
18:12:24,57.972,12482546,12482545,2,0,1,37.496759,126.957735,0.06,0.0,0,338.3,1,274.2,1,62.39,10.90,66.07,0.9725,32.43,2.894,473553,965181,0.103,1,338.3,"-3.32,-0.20,10.38","13.5,-1.4,-64.7","-35.400,53.550,19.500",1.68,1.74,0.00,0,117598,98812,7,1.52,37.496763,126.957742,27769,462,1714,36,15.77,0.00,999.00,66.8,0,142,0,2,-73,-73.6,98812,85,3,8.00,1,0,-4.39,-11.29,0
18:12:24,58.166,12493754,12493753,3,0,1,37.496769,126.957828,0.04,0.0,0,338.3,1,277.6,1,6.97,9.47,13.98,0.9663,22.63,2.130,473553,965233,0.077,1,338.3,"-2.30,-1.09,9.12","7.8,8.0,-8.4","10.950,42.000,12.300",0.43,1.03,0.00,0,117603,98908,7,1.52,37.496769,126.957828,27771,462,1714,36,7.60,0.00,999.00,57.5,0,144,0,3,-76,-77.2,98908,105,3,11.32,1,0,-4.39,-11.29,0
18:12:24,58.262,12493855,12493854,3,0,1,37.496769,126.957828,0.04,0.0,0,338.3,1,277.9,1,0.00,9.38,8.30,0.9697,21.02,2.102,473553,965245,0.077,1,338.3,"-2.42,-0.66,9.04","-5.0,-6.6,0.6","10.950,40.950,10.800",0.27,0.47,0.00,0,117604,98909,7,1.52,37.496769,126.957828,27771,462,1714,36,7.60,0.00,999.00,57.5,0,144,0,3,-75,-76.8,98909,96,3,10.86,1,0,-4.39,-11.29,0
18:12:24,58.365,12493956,12493955,3,0,1,37.496769,126.957828,0.04,0.0,0,338.3,1,277.9,1,0.00,10.20,31.34,0.9620,21.18,2.106,473553,965257,0.077,1,338.3,"-2.66,-1.20,9.77","-8.8,-29.8,-4.2","9.900,40.500,11.550",0.67,0.79,0.00,0,117605,98910,7,1.52,37.496769,126.957828,27771,462,1714,36,7.60,0.00,999.00,57.5,0,144,0,3,-74,-76.2,98910,96,3,10.30,1,0,-4.39,-11.29,0
18:12:24,58.500,12494157,12494156,3,0,1,37.496769,126.957828,0.04,0.0,0,338.3,1,279.7,1,7.21,9.47,13.61,0.9682,22.07,2.061,473553,965281,0.077,1,338.3,"-2.36,-0.91,9.13","4.9,8.8,-9.2","10.200,39.750,12.000",0.23,0.48,0.00,0,117607,98912,7,1.52,37.496769,126.957828,27771,462,1714,36,7.60,0.00,999.00,57.5,0,144,0,3,-76,-75.8,98912,86,3,9.92,1,0,-4.39,-11.29,0
18:12:24,58.638,12494256,12494256,3,0,1,37.496769,126.957828,0.04,0.0,0,338.3,1,280.3,1,0.00,9.52,18.89,0.9666,22.33,2.043,473553,965293,0.077,1,338.3,"-2.46,-0.88,9.16","3.2,-18.6,-0.5","12.600,39.300,12.300",0.19,0.46,0.00,0,117608,98913,7,1.52,37.496769,126.957828,27771,462,1714,36,7.60,0.00,999.00,57.5,0,144,0,3,-76,-75.9,98913,80,3,9.95,1,0,-4.39,-11.29,0
18:12:24,58.715,12494359,12494358,3,0,1,37.496769,126.957828,0.04,0.0,0,338.3,1,280.2,1,0.00,9.80,7.98,0.9755,22.68,2.019,473553,965304,0.077,1,338.3,"-1.97,-1.04,9.54","0.4,-7.8,1.4","10.950,38.550,12.750",0.44,0.47,0.00,0,117609,98913,7,1.52,37.496769,126.957828,27771,462,1714,36,7.60,0.00,999.00,57.5,0,144,0,3,-76,-75.9,98913,183,3,9.95,1,0,-4.39,-11.29,0
18:12:24,58.797,12494466,12494465,3,0,1,37.496769,126.957828,0.04,0.0,0,338.3,1,280.0,1,-0.79,9.85,11.22,0.9706,22.19,2.050,473553,965317,0.077,1,338.3,"-2.37,-0.90,9.52","-5.9,9.2,2.7","11.250,39.450,12.150",0.14,0.52,0.00,0,117610,98914,7,1.52,37.496769,126.957828,27771,462,1714,36,7.60,0.00,999.00,57.5,0,144,0,3,-74,-75.5,98914,74,3,9.61,1,0,-4.39,-11.29,0
18:12:25,59.130,12494567,12494566,3,0,1,37.496769,126.957828,0.04,0.0,0,338.3,1,280.0,1,-0.40,9.66,3.31,0.9653,21.50,2.110,473553,965329,0.077,1,338.3,"-2.36,-1.16,9.30","-0.0,1.4,3.0","11.550,39.900,10.950",0.21,0.31,0.00,0,117611,98915,7,1.52,37.496769,126.957828,27771,462,1714,36,7.60,0.00,999.00,57.5,0,144,0,3,-73,-75.0,98915,73,3,9.17,1,0,-4.39,-11.29,0
18:12:25,59.415,12494870,12494869,3,0,1,37.496770,126.957828,0.03,0.0,0,338.3,1,279.3,1,0.00,9.63,6.55,0.9495,23.22,2.047,473553,965365,0.031,1,338.3,"-2.57,-1.66,9.13","6.0,-2.2,-1.3","10.050,39.450,13.200",0.70,0.71,0.00,0,117614,98917,8,1.05,37.496772,126.957834,27772,462,1714,36,7.39,0.00,999.00,60.3,0,144,0,3,-74,-74.6,98917,57,3,8.86,1,0,-4.39,-11.29,0
18:12:25,59.531,12495173,12495172,3,0,1,37.496770,126.957828,0.03,0.0,0,338.3,1,279.8,1,-0.77,9.81,3.74,0.9664,23.90,2.105,473553,965401,0.031,1,338.3,"-2.43,-1.06,9.45","0.9,0.7,3.5","11.250,41.400,13.650",0.15,0.43,0.00,0,117617,98920,8,1.05,37.496772,126.957834,27772,462,1714,36,7.39,0.00,999.00,60.3,0,144,0,3,-72,-74.0,98920,49,3,8.36,1,0,-4.39,-11.29,0
18:12:25,59.601,12495273,12495272,3,0,1,37.496770,126.957828,0.03,0.0,0,338.3,1,279.8,1,0.00,9.54,5.13,0.9628,22.50,2.097,473553,965413,0.031,1,338.3,"-2.12,-1.48,9.18","-2.0,4.0,-2.6","10.950,39.300,12.300",0.42,0.88,0.00,0,117618,98921,8,1.05,37.496772,126.957834,27772,462,1714,36,7.39,0.00,999.00,60.3,0,144,0,3,-75,-74.2,98921,43,3,8.52,1,0,-4.39,-11.29,0
18:12:25,59.733,12495376,12495375,3,0,1,37.496770,126.957828,0.03,0.0,0,338.3,1,279.8,1,0.00,9.78,4.34,0.9687,22.15,2.040,473553,965424,0.031,1,338.3,"-2.21,-1.19,9.46","4.2,0.1,-1.2","11.250,39.150,12.150",0.25,0.60,0.00,0,117619,98922,8,1.05,37.496772,126.957834,27772,462,1714,36,7.39,0.00,999.00,60.3,0,144,0,3,-74,-74.2,98922,40,3,8.48,1,0,-4.39,-11.29,0
18:12:25,59.833,12495476,12495475,3,0,1,37.496770,126.957828,0.03,0.0,0,338.3,1,280.1,1,0.73,9.55,6.62,0.9671,22.49,2.048,473553,965436,0.031,1,338.3,"-2.46,-0.86,9.18","-1.7,4.6,-4.4","11.550,39.450,12.450",0.31,0.47,0.00,0,117620,98923,8,1.05,37.496772,126.957834,27772,462,1714,36,7.39,0.00,999.00,60.3,0,144,0,3,-73,-73.9,98923,34,3,8.30,1,0,-4.39,-11.29,0
18:12:26,59.915,12495581,12495580,3,0,1,37.496770,126.957829,0.03,0.0,0,338.3,1,280.1,1,-0.48,9.79,3.96,0.9628,21.33,2.062,473553,965448,0.031,1,338.3,"-2.40,-1.29,9.40","1.8,0.7,3.5","11.400,39.750,11.250",0.18,0.29,0.00,0,117621,98924,8,1.05,37.496772,126.957841,27773,462,1714,36,7.39,0.00,999.00,60.3,0,144,0,3,-76,-74.4,98924,31,3,8.63,1,0,-4.39,-11.29,0
18:12:26,60.034,12495683,12495682,3,0,1,37.496770,126.957829,0.03,0.0,0,338.3,1,279.8,1,-3.82,9.77,7.74,0.9687,23.33,2.075,473553,965460,0.031,1,338.3,"-2.35,-1.02,9.43","2.9,0.2,7.2","10.800,40.350,13.200",0.16,0.25,0.00,0,117622,98925,8,1.05,37.496772,126.957841,27773,462,1714,36,6.59,0.00,999.00,60.6,0,144,0,3,-77,-74.9,98925,30,3,9.08,1,0,-4.39,-11.29,0
18:12:26,60.190,12495784,12495783,3,0,1,37.496770,126.957829,0.03,0.0,0,338.3,1,279.7,1,0.00,9.89,2.24,0.9638,21.57,2.093,473553,965472,0.031,1,338.3,"-2.49,-1.18,9.50","1.6,-1.5,0.2","11.250,39.900,12.150",0.18,0.27,0.00,0,117623,98926,8,1.05,37.496772,126.957841,27773,462,1714,36,6.59,0.00,999.00,60.6,0,144,0,3,-78,-75.5,98926,26,3,9.63,1,0,-4.39,-11.29,0
18:12:26,60.281,12495986,12495985,0,0,1,37.496770,126.957829,0.03,0.0,0,338.3,1,279.6,1,-2.68,10.52,8.86,0.9661,24.08,2.115,473553,965496,0.031,1,338.3,"-2.78,-0.91,10.10","-6.3,-5.6,2.8","10.950,41.700,13.800",0.91,0.91,0.00,0,117625,98928,8,1.05,37.496772,126.957841,27773,462,1714,36,6.59,0.00,999.00,60.6,0,144,0,3,-75,-75.3,98928,17,3,9.47,1,0,-4.39,-11.29,0
18:12:26,60.468,12496087,12496086,0,0,1,37.496770,126.957829,0.03,0.0,0,338.3,1,279.5,1,-0.54,9.48,3.63,0.9613,24.08,2.115,473553,965508,0.031,1,338.3,"-2.54,-1.06,9.07","-1.2,-2.5,2.3","10.800,41.100,12.900",0.29,0.49,0.00,0,117626,98929,8,1.05,37.496772,126.957841,27773,462,1714,36,6.59,0.00,999.00,60.6,0,144,0,3,-77,-75.7,98929,13,3,9.77,1,0,-4.39,-11.29,0
18:12:26,60.564,12496199,12496186,0,0,1,37.496770,126.957829,0.03,0.0,0,338.3,1,279.1,1,-5.66,9.69,10.18,0.9567,24.08,2.115,473553,965520,0.031,1,338.3,"-2.57,-1.37,9.25","-8.2,-0.5,6.1","8.850,41.100,11.400",0.18,0.53,0.00,0,117627,98930,8,1.05,37.496772,126.957841,27773,462,1714,36,6.59,0.00,999.00,60.6,0,144,0,3,-75,-75.5,98930,19,3,9.65,1,0,-4.39,-11.29,0
18:12:26,60.666,12496302,12496289,0,0,1,37.496770,126.957829,0.03,0.0,0,338.3,1,278.5,1,-4.82,9.89,7.54,0.9550,24.08,2.115,473553,965531,0.031,1,338.3,"-2.71,-1.38,9.41","0.5,-1.4,7.4","9.450,40.050,12.300",0.27,0.49,0.00,0,117628,98931,8,1.05,37.496772,126.957841,27773,462,1714,36,6.59,0.00,999.00,60.6,0,144,0,3,-75,-75.4,98931,14,3,9.55,1,0,-4.39,-11.29,0
18:12:26,60.749,12496398,12496397,0,0,1,37.496770,126.957829,0.03,0.0,0,338.3,1,278.4,1,0.00,9.85,3.70,0.9665,23.80,2.086,473553,965541,0.031,1,338.3,"-2.18,-1.36,9.50","-0.7,3.0,-2.1","8.850,40.650,13.650",0.37,0.65,0.00,0,117629,98932,8,1.05,37.496772,126.957841,27773,462,1714,36,6.59,0.00,999.00,60.6,0,144,0,3,-76,-75.5,98932,10,3,9.66,1,0,-4.39,-11.29,0
18:12:26,60.817,12496517,12496504,0,0,1,37.496770,126.957829,0.03,0.0,0,338.3,1,278.4,1,0.00,9.63,5.03,0.9600,24.51,2.074,473553,965554,0.031,1,338.3,"-2.45,-1.32,9.22","3.8,2.7,-2.0","9.600,41.100,13.650",0.13,0.59,0.00,0,117630,98933,8,1.05,37.496772,126.957841,27773,462,1714,36,6.59,0.00,999.00,60.6,0,144,0,3,-75,-75.4,98933,17,3,9.56,1,0,-4.39,-11.29,0
18:12:27,60.936,12496610,12496609,0,0,1,37.496770,126.957830,0.03,0.0,0,338.3,1,278.4,1,-0.20,9.80,12.40,0.9639,22.97,2.063,473553,965565,0.021,1,338.3,"-2.11,-1.53,9.45","-2.2,-12.2,0.4","9.150,40.950,12.000",0.45,0.65,0.00,0,117631,98934,8,1.05,37.496771,126.957847,27774,462,1714,36,6.59,0.00,999.00,60.6,0,144,0,3,-75,-75.3,98934,12,3,9.48,1,0,-4.39,-11.29,0
18:12:27,61.031,12496729,12496716,0,0,1,37.496770,126.957830,0.03,0.0,0,338.3,1,278.5,1,7.03,9.78,11.84,0.9645,23.72,2.106,473553,965578,0.021,1,338.3,"-2.33,-1.28,9.41","7.4,0.1,-9.2","8.400,40.050,15.000",0.13,0.61,0.00,0,117632,98935,8,1.05,37.496771,126.957847,27774,462,1714,36,6.59,0.00,999.00,60.6,0,144,0,3,-76,-75.5,98935,21,3,9.60,1,0,-4.39,-11.29,0
18:12:27,61.152,12496821,12496821,0,0,1,37.496770,126.957830,0.03,0.0,0,338.3,1,279.1,1,4.74,9.40,11.65,0.9601,23.72,2.106,473553,965589,0.021,1,338.3,"-2.29,-1.39,9.01","0.8,9.1,-7.3","8.100,40.650,13.200",0.38,0.38,0.00,0,117633,98936,8,1.05,37.496771,126.957847,27774,462,1714,36,6.39,0.00,999.00,63.9,0,144,0,3,-76,-75.6,98936,12,3,9.70,1,0,-4.39,-11.29,0
18:12:27,61.232,12496933,12496920,0,0,1,37.496770,126.957830,0.03,0.0,0,338.3,1,279.1,1,-6.72,9.27,14.74,0.9586,23.72,2.106,473553,965601,0.021,1,338.3,"-2.50,-1.16,8.85","-11.9,5.1,7.0","10.050,40.350,12.900",0.46,0.46,0.00,0,117634,98937,8,1.05,37.496771,126.957847,27774,462,1714,36,6.39,0.00,999.00,63.9,0,144,0,3,-77,-75.9,98937,18,3,9.97,1,0,-4.39,-11.29,0
18:12:27,61.370,12497024,12497023,0,0,1,37.496770,126.957830,0.03,0.0,0,338.3,1,277.7,1,-14.81,9.79,20.73,0.9700,23.51,2.041,473553,965612,0.021,1,338.3,"-2.23,-1.09,9.47","-14.8,-6.1,13.2","10.650,39.300,13.500",0.34,0.74,0.00,0,117635,98937,8,1.05,37.496771,126.957847,27774,462,1714,36,6.39,0.00,999.00,63.9,0,144,0,3,-77,-75.9,98937,109,3,9.97,1,0,-4.39,-11.29,0
18:12:27,61.511,12497125,12497124,0,0,1,37.496770,126.957830,0.03,0.0,0,338.3,1,276.9,1,-3.54,10.29,9.91,0.9623,23.74,2.030,473553,965624,0.021,1,338.3,"-2.21,-1.69,9.91","-9.0,-2.0,3.6","8.400,38.850,13.800",0.67,0.97,0.00,0,117636,98938,8,1.05,37.496771,126.957847,27774,462,1714,36,6.39,0.00,999.00,63.9,0,144,0,3,-75,-75.7,98938,99,3,9.80,1,0,-4.39,-11.29,0
18:12:27,61.598,12497225,12497224,0,0,1,37.496770,126.957830,0.03,0.0,0,338.3,1,277.1,1,6.73,9.91,14.09,0.9481,24.01,2.060,473553,965636,0.021,1,338.3,"-2.25,-2.11,9.42","3.8,10.8,-8.3","10.200,38.850,13.800",0.69,0.85,0.00,0,117637,98939,8,1.05,37.496771,126.957847,27774,462,1714,36,6.39,0.00,999.00,63.9,0,144,0,3,-75,-75.6,98939,98,3,9.68,1,0,-4.39,-11.29,0
18:12:27,61.808,12497332,12497331,0,0,1,37.496770,126.957830,0.03,0.0,0,338.3,1,278.2,1,10.06,9.14,14.65,0.9414,24.01,2.060,473553,965649,0.021,1,338.3,"-2.64,-1.69,8.59","-0.9,5.0,-13.7","11.700,38.100,11.550",0.82,0.82,0.00,0,117638,98940,8,1.05,37.496771,126.957847,27774,462,1714,36,6.39,0.00,999.00,63.9,0,144,0,3,-76,-75.6,98940,99,3,9.76,1,0,-4.39,-11.29,0
18:12:28,61.883,12497537,12497536,0,0,1,37.496770,126.957830,0.03,0.0,0,338.3,1,280.4,1,5.14,10.07,12.34,0.9347,24.01,2.060,473553,965671,0.021,1,338.3,"-2.60,-2.38,9.44","-2.4,-5.2,-10.9","9.900,34.950,12.750",0.73,0.83,0.00,0,117640,98942,8,1.05,37.496771,126.957847,27774,462,1714,36,6.39,0.00,999.00,63.9,0,144,0,3,-79,-76.5,98942,91,3,10.62,1,0,-4.39,-11.29,0
18:12:28,61.966,12497637,12497636,0,0,1,37.496770,126.957832,0.04,0.0,0,338.3,1,280.6,1,0.00,9.78,8.57,0.9300,24.01,2.060,473553,965683,0.051,1,338.3,"-2.70,-2.33,9.11","4.0,7.5,-0.6","10.500,34.800,12.150",0.53,0.64,0.00,0,117641,98942,8,1.05,37.496769,126.957852,27775,462,1714,36,6.39,0.00,999.00,63.9,0,144,0,3,-79,-76.5,98942,191,3,10.62,1,0,-4.39,-11.29,0
18:12:28,62.086,12497737,12497736,0,0,1,37.496770,126.957832,0.04,0.0,0,338.3,1,281.0,1,5.06,9.32,10.74,0.9231,24.01,2.060,473553,965695,0.051,1,338.3,"-2.72,-2.30,8.61","3.1,7.8,-6.7","11.550,36.000,12.450",0.60,0.82,0.00,0,117642,98942,8,1.05,37.496769,126.957852,27775,462,1714,36,6.39,0.00,999.00,63.9,0,144,0,3,-79,-76.5,98942,291,3,10.62,1,0,-4.39,-11.29,0
18:12:28,62.180,12497838,12497837,0,0,1,37.496770,126.957832,0.04,0.0,0,338.3,1,281.3,1,3.23,10.10,16.56,0.9294,24.01,2.060,473553,965707,0.051,1,338.3,"-2.61,-2.56,9.42","-7.9,-8.8,-11.6","10.800,33.600,12.150",0.67,0.67,0.00,0,117643,98943,8,1.05,37.496769,126.957852,27775,462,1714,36,6.39,0.00,999.00,63.9,0,144,0,3,-81,-77.4,98943,78,3,11.56,1,0,-4.39,-11.29,0
18:12:28,62.380,12497940,12497939,0,0,1,37.496770,126.957832,0.04,0.0,0,338.3,1,281.6,1,5.27,10.21,25.50,0.9379,24.01,2.060,473553,965719,0.051,1,338.3,"-1.84,-2.77,9.65","21.1,14.3,-0.3","10.950,33.450,13.050",1.03,1.27,0.00,0,117644,98944,8,1.05,37.496769,126.957852,27775,462,1714,36,6.39,0.00,999.00,63.9,0,144,0,3,-80,-77.9,98944,74,3,12.00,1,0,-4.39,-11.29,0
18:12:28,62.481,12498142,12498141,0,0,1,37.496770,126.957832,0.04,0.0,0,338.3,1,285.1,1,30.07,9.48,33.96,0.9339,24.01,2.060,473553,965743,0.051,1,338.3,"-2.88,-1.88,8.84","12.7,8.5,-30.3","14.700,34.050,8.700",0.44,0.73,0.00,0,117646,98946,8,1.05,37.496769,126.957852,27775,462,1714,36,6.22,0.00,999.00,67.4,0,144,0,3,-81,-78.9,98946,64,3,12.00,1,0,-4.39,-11.29,0
18:12:28,62.592,12498242,12498241,0,0,1,37.496770,126.957832,0.04,0.0,0,338.3,1,289.4,1,46.30,9.87,51.72,0.9394,24.01,2.060,473553,965755,0.051,1,338.3,"-2.73,-1.92,9.28","6.7,21.7,-46.5","16.500,31.950,7.200",0.20,0.91,0.00,0,117647,98947,8,1.05,37.496769,126.957852,27775,462,1714,36,6.22,0.00,999.00,67.4,0,144,0,3,-76,-78.3,98947,60,3,12.00,1,0,-4.39,-11.29,0
18:12:28,62.698,12498369,12498345,0,0,1,37.496770,126.957832,0.04,0.0,0,338.3,1,293.4,1,26.87,11.09,32.19,0.9289,24.01,2.060,473553,965766,0.051,1,338.3,"-3.68,-2.05,10.26","6.1,16.1,-27.2","17.850,30.600,5.250",1.36,1.36,0.00,0,117648,98948,8,1.05,37.496769,126.957852,27775,462,1714,36,-1.00,0.00,999.00,0.0,0,144,0,3,-73,-77.2,98948,82,1,11.36,1,0,-4.39,-11.29,0
18:12:28,62.831,12498460,12498459,0,0,1,37.496770,126.957832,0.04,0.0,0,338.3,1,294.5,1,4.90,12.49,25.79,0.9498,24.01,2.060,473553,965777,0.051,1,338.3,"-2.60,-2.73,11.90","11.3,-20.7,-10.5","17.100,26.700,5.550",2.35,2.35,0.00,0,117649,98949,8,1.05,37.496769,126.957852,27775,462,1714,36,-1.00,0.00,999.00,0.0,0,144,0,3,-75,-76.8,98949,63,1,10.89,1,0,-4.39,-11.29,0
18:12:29,62.897,12498560,12498559,0,0,1,37.496770,126.957832,0.04,0.0,0,338.3,1,296.0,1,28.38,11.51,33.59,0.9647,24.01,2.060,473553,965789,0.051,1,338.3,"-1.45,-2.33,11.18","13.0,-2.0,-30.9","16.800,27.900,5.250",1.64,2.44,0.00,0,117650,98950,8,1.05,37.496769,126.957852,27775,462,1714,36,-1.00,0.00,999.00,0.0,0,144,0,3,-74,-76.2,98950,60,1,10.33,1,0,-4.39,-11.29,0
18:12:29,63.048,12498660,12498659,0,0,1,37.496769,126.957834,0.06,0.0,0,338.3,1,300.1,1,52.68,9.52,59.31,0.9714,12.28,1.649,473553,965801,0.087,1,338.3,"-1.22,-2.13,9.20","30.6,8.4,-50.1","17.250,26.550,3.900",1.49,1.58,0.00,0,117651,98950,8,1.05,37.496761,126.957860,27776,462,1714,36,-1.00,0.00,999.00,0.0,0,144,0,3,-74,-76.2,98950,160,1,10.33,1,0,-4.39,-11.29,0
18:12:29,63.117,12498761,12498760,0,0,1,37.496769,126.957834,0.06,0.0,0,338.3,1,305.3,1,49.85,8.74,65.14,0.9714,12.28,1.649,473553,965813,0.087,1,338.3,"-1.47,-1.12,8.54","40.1,-12.3,-49.8","17.700,26.850,5.400",1.69,2.23,0.00,0,117652,98951,8,1.05,37.496761,126.957860,27776,462,1714,36,-1.00,0.00,999.00,0.0,0,144,0,3,-75,-76.0,98951,53,1,10.09,1,0,-4.39,-11.29,0
18:12:29,63.181,12498863,12498862,0,0,1,37.496769,126.957835,0.06,0.0,0,338.3,1,310.8,1,49.97,8.74,79.83,0.9714,12.28,1.649,473553,965825,0.087,1,338.3,"-0.41,0.33,8.72","32.0,-45.2,-57.5","15.000,24.150,6.900",2.61,2.74,0.00,0,117653,98952,8,1.05,37.496761,126.957860,27776,462,1714,36,-1.00,0.00,999.00,0.0,0,144,0,3,-78,-76.4,98952,49,1,10.48,1,0,-4.39,-11.29,0
18:12:29,63.315,12498964,12498963,0,0,1,37.496769,126.957835,0.06,0.0,0,338.3,1,313.3,1,5.89,8.75,26.61,0.9976,14.95,1.555,473553,965837,0.087,1,338.3,"-0.11,-0.10,8.75","25.7,-2.5,-6.3","12.150,23.100,6.750",1.86,3.07,0.00,0,117654,98953,8,1.05,37.496761,126.957860,27776,462,1714,36,-1.00,0.00,999.00,0.0,0,144,0,3,-75,-76.1,98953,45,1,10.20,1,0,-4.39,-11.29,0
18:12:29,63.414,12499065,12499064,0,0,1,37.496769,126.957835,0.06,0.0,0,338.3,1,312.9,1,0.00,9.47,43.42,0.9663,13.60,1.598,473553,965849,0.087,1,338.3,"-2.80,-0.06,9.05","40.6,14.2,6.2","13.350,24.300,5.250",1.82,1.82,0.00,0,117655,98954,8,1.05,37.496761,126.957860,27776,462,1714,36,-1.00,0.00,999.00,0.0,0,144,0,3,-79,-76.7,98954,40,1,10.78,1,0,-4.39,-11.29,0
18:12:29,63.547,12499165,12499164,0,0,1,37.496769,126.957835,0.06,0.0,0,338.3,1,314.1,1,12.59,8.90,17.87,0.9829,15.53,1.630,473553,965861,0.087,1,338.3,"-1.78,1.31,8.62","-4.0,-2.4,-17.2","13.650,25.500,7.050",2.00,2.71,0.00,0,117656,98955,8,1.05,37.496761,126.957860,27776,462,1714,36,-1.00,0.00,999.00,0.0,0,144,0,3,-71,-75.6,98955,34,1,9.67,1,0,-4.39,-11.29,0
18:12:29,63.614,12499271,12499270,0,0,1,37.496769,126.957835,0.06,0.0,0,338.3,1,315.8,1,17.36,9.76,36.35,0.9874,15.62,1.529,473553,965874,0.087,1,338.3,"-1.98,0.38,9.55","-19.2,-17.8,-25.2","13.650,22.350,7.500",0.96,1.82,0.00,0,117657,98956,8,1.05,37.496761,126.957860,27776,462,1714,36,-1.00,0.00,999.00,0.0,0,144,0,3,-76,-75.6,98956,34,1,9.76,1,0,-4.39,-11.29,0
18:12:29,63.698,12499373,12499349,0,0,1,37.496769,126.957835,0.06,0.0,0,338.3,1,316.6,1,1.47,9.91,12.73,0.9982,16.03,1.398,473553,965883,0.087,1,338.3,"-1.02,0.36,9.85","-8.8,-6.3,-6.8","11.250,18.300,8.400",1.01,1.04,0.00,0,117658,98957,8,1.05,37.496761,126.957860,27776,462,1714,36,-1.00,0.00,999.00,0.0,0,144,0,3,-73,-75.1,98957,31,1,9.28,1,0,-4.39,-11.29,0
18:12:29,63.833,12499493,12499481,0,0,1,37.496769,126.957835,0.06,0.0,0,338.3,1,316.5,1,0.00,11.34,30.48,0.9952,16.72,1.382,473553,965896,0.087,1,338.3,"-1.61,0.67,11.20","-25.2,-16.1,-5.9","10.500,17.850,9.150",1.83,1.83,0.00,0,117659,98958,8,1.05,37.496761,126.957860,27776,462,1714,36,-1.00,0.00,999.00,0.0,0,144,0,3,-73,-74.7,98958,45,1,8.91,1,0,-4.39,-11.29,0
18:12:30,64.064,12499585,12499584,0,0,1,37.496768,126.957836,0.22,0.0,0,338.3,1,318.8,1,54.78,10.07,60.97,0.9875,15.47,1.372,473553,965907,0.376,1,338.3,"-1.59,0.52,9.93","18.2,-14.2,-56.4","8.100,17.100,11.400",0.65,1.61,0.00,0,117660,98959,8,1.05,37.496756,126.957859,27777,462,1714,36,-1.00,0.00,999.00,0.0,0,144,0,3,-76,-75.0,98959,31,1,9.14,1,0,-4.39,-11.29,0
18:12:30,64.148,12499787,12499786,0,0,1,37.496768,126.957836,0.22,0.0,0,338.3,1,322.7,1,-21.67,8.12,33.02,0.9975,20.34,1.350,473553,965931,0.376,1,338.3,"0.20,0.31,8.11","13.2,-16.0,25.7","8.100,17.100,12.900",1.68,1.68,0.00,0,117662,98961,8,1.05,37.496756,126.957859,27777,462,1714,36,-1.00,0.00,999.00,0.0,0,144,0,3,-71,-73.8,98961,22,1,8.23,1,0,-4.39,-11.29,0
18:12:30,64.231,12499888,12499887,0,0,1,37.496768,126.957836,0.22,0.0,0,338.3,1,320.1,1,-25.04,9.18,39.83,0.9943,20.50,1.448,473553,965943,0.376,1,338.3,"0.35,1.07,9.11","21.1,-16.4,29.5","6.000,19.950,12.750",1.37,1.67,0.00,0,117663,98962,8,1.05,37.496756,126.957859,27777,462,1714,36,-1.00,0.00,999.00,0.0,0,144,0,3,-74,-73.9,98962,18,1,8.25,1,0,-4.39,-11.29,0
18:12:30,64.365,12499990,12499989,0,0,1,37.496768,126.957836,0.22,0.0,0,338.3,1,317.9,1,-17.90,10.59,33.30,0.9982,20.60,1.480,473553,965955,0.376,1,338.3,"0.02,0.91,10.55","25.1,-0.2,21.9","5.250,20.850,12.750",1.43,1.44,0.00,0,117664,98963,8,1.05,37.496756,126.957859,27777,462,1714,36,-1.00,0.00,999.00,0.0,0,144,0,3,-73,-73.7,98963,15,1,8.11,1,0,-4.39,-11.29,0
18:12:30,64.434,12500101,12500088,0,0,1,37.496768,126.957836,0.22,0.0,0,338.3,1,316.4,1,-12.55,10.32,44.37,0.9949,22.07,1.617,473553,965967,0.376,1,338.3,"-0.95,1.43,10.18","28.9,30.1,15.1","7.800,25.650,13.650",1.25,1.43,0.00,0,117665,98964,8,1.05,37.496756,126.957859,27777,462,1714,36,-1.00,0.00,999.00,0.0,0,144,0,3,-72,-73.4,98964,20,1,7.86,1,0,-4.39,-11.29,0
18:12:30,64.515,12500204,12500191,0,0,1,37.496768,126.957836,0.22,0.0,0,338.3,1,313.9,1,-29.18,9.82,35.59,0.9794,19.27,1.707,473553,965978,0.376,1,338.3,"-2.37,0.93,9.49","-17.9,6.8,30.0","10.950,28.350,10.500",1.69,1.69,0.00,0,117666,98965,8,1.05,37.496756,126.957859,27777,462,1714,36,-1.00,0.00,999.00,0.0,0,144,0,3,-72,-73.1,98965,17,1,7.65,1,0,-4.39,-11.29,0
18:12:30,64.718,12500318,12500294,0,0,1,37.496768,126.957836,0.22,0.0,0,338.3,1,310.2,1,-49.32,9.06,51.84,0.9982,21.44,1.688,473553,965989,0.376,1,338.3,"-0.21,-0.63,9.03","-3.3,5.5,51.4","9.450,26.700,12.000",1.35,1.63,0.00,0,117667,98966,8,1.05,37.496756,126.957859,27777,462,1714,36,4.81,0.00,999.00,65.9,0,144,0,3,-79,-74.3,98966,24,2,8.57,1,0,-4.39,-11.29,0
18:12:31,65.014,12500424,12500412,0,0,1,37.496768,126.957836,0.22,0.0,0,338.3,1,305.3,1,-23.21,9.84,30.65,0.9732,17.52,1.847,473553,965999,0.376,1,338.3,"-2.70,0.55,9.45","8.4,14.1,25.9","10.950,32.550,8.250",1.81,1.81,0.00,0,117668,98967,8,1.05,37.496756,126.957859,27777,462,1714,36,4.81,0.00,999.00,65.9,0,144,0,3,-70,-73.4,98967,27,2,7.90,1,0,-4.39,-11.29,0
18:12:31,65.044,12500629,12500616,0,0,1,37.496757,126.957849,0.89,140.8,1,140.8,1,314.7,1,74.83,9.57,82.95,0.9750,17.43,1.780,473553,966022,1.559,1,140.8,"0.95,-0.54,9.51","19.4,22.5,-77.5","8.550,24.600,11.700",2.17,2.40,0.00,0,117670,98969,8,1.05,37.496745,126.957862,27778,462,1714,36,4.93,0.00,999.00,-91.9,0,144,0,3,-72,-73.7,98969,20,2,8.12,1,0,-4.39,-11.29,0
18:12:31,65.165,12500732,12500719,1,0,1,37.496756,126.957850,0.89,140.8,1,140.8,1,320.1,1,45.03,8.53,52.67,0.9750,17.43,1.780,473553,966033,1.559,1,140.8,"-0.72,-0.28,8.49","-13.3,-9.7,-50.0","7.350,21.450,13.200",1.33,1.33,0.00,0,117671,98970,8,1.05,37.496745,126.957862,27778,462,1714,36,4.93,0.00,999.00,-91.9,0,145,0,1,-79,-74.8,98970,16,2,8.98,1,0,-4.39,-11.29,0
18:12:31,65.265,12500833,12500833,1,0,1,37.496756,126.957850,0.89,140.8,1,140.8,1,323.2,1,10.34,6.61,17.07,0.9824,20.70,1.448,473553,966045,1.559,1,140.8,"1.13,1.36,6.36","3.8,8.9,-14.1","6.750,18.000,12.750",3.30,3.78,0.00,0,117672,98971,8,1.05,37.496745,126.957862,27778,462,1714,36,4.93,0.00,999.00,-91.9,0,145,0,1,-70,-73.8,98971,12,2,8.20,1,0,-4.39,-11.29,0
18:12:31,65.335,12500945,12500932,1,0,1,37.496755,126.957851,0.89,140.8,1,140.8,1,323.3,1,-3.37,7.87,16.46,0.9457,20.72,1.376,473553,966057,1.559,1,140.8,"1.73,1.88,7.45","-12.0,-9.5,6.2","7.050,17.850,13.200",2.61,3.46,0.00,0,117673,98972,8,1.05,37.496745,126.957862,27778,462,1714,36,5.22,0.00,999.00,-95.4,0,145,0,1,-75,-74.1,98972,18,2,8.39,1,0,-4.39,-11.29,0
18:12:31,65.448,12501049,12501036,1,0,1,37.496755,126.957851,0.89,140.8,1,140.8,1,321.3,1,-29.88,9.43,35.82,0.9526,21.24,1.356,473553,966068,1.559,1,140.8,"1.63,2.46,8.95","-15.0,0.7,32.5","6.600,16.650,12.900",2.29,2.29,0.00,0,117674,98973,8,1.05,37.496745,126.957862,27778,462,1714,36,5.22,0.00,999.00,-95.4,0,145,0,1,-76,-74.4,98973,16,2,8.70,1,0,-4.39,-11.29,0
18:12:31,65.547,12501153,12501140,1,0,1,37.496754,126.957852,0.89,140.8,1,140.8,1,316.3,1,-63.09,13.11,85.39,0.9592,21.24,1.356,473553,966079,1.559,1,140.8,"-0.83,0.90,13.05","41.1,44.3,60.4","8.700,21.150,12.750",4.05,4.12,0.00,0,117675,98974,8,1.05,37.496745,126.957862,27778,462,1714,36,4.76,0.00,999.00,-101.1,0,145,0,1,-75,-74.6,98974,17,2,8.80,1,0,-4.39,-11.29,0
18:12:32,65.880,12501255,12501242,1,0,1,37.496754,126.957852,0.89,140.8,1,140.8,1,310.5,1,-39.87,12.03,50.89,0.9592,21.24,1.356,473553,966090,1.559,1,140.8,"-0.68,1.60,11.90","19.4,24.3,40.3","9.600,26.100,12.450",2.16,7.44,0.00,0,117676,98975,8,1.05,37.496745,126.957862,27778,462,1714,36,4.76,0.00,999.00,-101.1,0,145,0,1,-76,-74.8,98975,14,2,9.04,1,0,-4.39,-11.29,0
18:12:32,65.984,12501556,12501555,1,0,1,37.496754,126.957852,0.89,140.8,1,140.8,1,308.6,1,14.75,11.73,60.42,0.9196,17.20,1.719,473553,966125,1.559,1,140.8,"-4.64,-1.64,10.65","46.3,-37.4,-10.5","9.300,29.700,8.700",3.82,3.82,0.00,0,117679,98975,8,1.05,37.496745,126.957862,27778,462,1714,36,4.76,0.00,999.00,-101.1,0,145,0,1,-76,-74.8,98975,315,2,9.04,1,0,-4.39,-11.29,0
18:12:32,66.065,12501657,12501656,1,0,1,37.496749,126.957853,0.77,140.8,1,140.8,1,313.8,1,37.19,9.66,66.10,0.9196,17.20,1.719,473553,966137,0.643,1,140.8,"-0.36,1.39,9.55","25.6,-49.2,-36.0","6.000,30.300,11.250",1.52,3.37,0.00,0,117680,98976,8,1.51,37.496746,126.957852,27779,462,1714,36,4.44,0.00,999.00,-97.6,0,145,0,1,-77,-75.3,98976,95,2,9.42,1,0,-4.39,-11.29,0
18:12:32,66.186,12501757,12501756,1,0,1,37.496749,126.957853,0.77,140.8,1,140.8,1,317.4,1,26.20,8.13,47.91,0.9662,21.87,1.754,473553,966149,0.643,1,140.8,"2.26,1.12,7.73","-12.7,32.6,-32.7","3.300,29.850,14.550",3.67,4.37,0.00,0,117681,98976,8,1.51,37.496746,126.957852,27779,462,1714,36,4.44,0.00,999.00,-97.6,0,145,0,1,-77,-75.3,98976,195,2,9.42,1,0,-4.39,-11.29,0
18:12:32,66.382,12501964,12501963,1,0,1,37.496748,126.957854,0.77,140.8,1,140.8,1,314.5,1,-36.78,9.98,44.01,0.9949,16.70,1.707,473553,966174,0.643,1,140.8,"-0.96,-0.37,9.92","10.2,-10.5,41.5","10.800,28.050,7.950",1.44,2.83,0.00,0,117683,98976,8,1.51,37.496746,126.957852,27779,462,1714,36,4.44,0.00,999.00,-97.6,0,145,0,1,-77,-75.3,98976,402,2,9.42,1,0,-4.39,-11.29,0
18:12:32,66.408,12502064,12502063,1,0,1,37.496747,126.957855,0.77,140.8,1,140.8,1,311.7,1,-21.45,10.33,81.33,0.9949,16.70,1.707,473553,966186,0.643,1,140.8,"-0.86,2.42,10.00","-44.2,-62.4,27.8","8.700,31.050,10.500",1.20,3.71,0.00,0,117684,98976,8,1.51,37.496746,126.957852,27779,462,1714,36,4.44,0.00,999.00,-97.6,0,145,0,1,-77,-75.3,98976,502,2,9.42,1,0,-4.39,-11.29,0
18:12:32,66.498,12502164,12502163,1,0,1,37.496747,126.957855,0.77,140.8,1,140.8,1,310.2,1,-15.62,8.41,23.41,0.9601,22.38,1.761,473553,966198,0.643,1,140.8,"1.83,-0.43,8.20","-13.2,10.9,16.0","5.100,29.700,13.650",3.34,3.34,0.00,0,117685,98977,8,1.51,37.496746,126.957852,27779,462,1714,36,5.52,0.00,999.00,-98.5,0,145,0,1,-77,-75.6,98977,79,2,9.74,1,0,-4.39,-11.29,0
18:12:32,66.581,12502271,12502270,1,0,1,37.496746,126.957856,0.77,140.8,1,140.8,1,307.3,1,-27.86,8.22,74.00,0.9787,22.75,1.765,473553,966211,0.643,1,140.8,"-1.70,0.90,7.99","28.5,63.4,25.5","8.400,32.550,8.550",1.80,2.99,0.00,0,117686,98978,8,1.51,37.496746,126.957852,27779,462,1714,36,5.52,0.00,999.00,-98.5,0,145,0,1,-75,-75.5,98978,72,2,9.62,1,0,-4.39,-11.29,0
18:12:32,66.715,12502385,12502361,1,0,1,37.496746,126.957856,0.77,140.8,1,140.8,1,305.7,1,-6.96,11.47,48.04,0.9748,17.02,1.915,473553,966222,0.643,1,140.8,"-3.21,1.60,10.89","-16.7,-43.2,12.8","10.650,34.650,7.800",2.70,2.96,0.00,0,117687,98979,8,1.51,37.496746,126.957852,27779,462,1714,36,5.52,0.00,999.00,-98.5,0,145,0,1,-80,-76.4,98979,90,2,10.48,1,0,-4.39,-11.29,0
18:12:32,66.798,12502476,12502475,1,0,1,37.496746,126.957856,0.77,140.8,1,140.8,1,306.3,1,16.90,10.41,50.23,0.9748,17.02,1.915,473553,966233,0.643,1,140.8,"-1.07,1.66,10.22","37.7,-30.1,-13.9","6.600,33.600,10.650",0.84,1.94,0.00,0,117688,98980,8,1.51,37.496746,126.957852,27779,462,1714,36,5.52,0.00,999.00,-98.5,0,145,0,1,-75,-76.1,98980,71,2,10.21,1,0,-4.39,-11.29,0
18:12:33,66.985,12502577,12502576,1,0,1,37.496747,126.957846,0.90,140.8,1,140.8,1,311.3,1,29.68,10.44,35.16,0.9933,22.49,1.910,473553,966245,1.034,1,140.8,"-0.09,1.66,10.30","-7.1,-9.7,-33.0","5.700,34.650,13.050",1.01,1.22,0.00,0,117689,98981,7,1.51,37.496750,126.957836,27780,462,1714,36,5.52,0.00,999.00,-98.5,0,145,0,1,-77,-76.3,98981,70,2,10.38,1,0,-4.39,-11.29,0
18:12:33,67.184,12502678,12502677,1,0,1,37.496747,126.957847,0.90,140.8,1,140.8,1,312.1,1,-3.45,7.36,52.11,0.9717,22.06,1.867,473553,966257,1.034,1,140.8,"1.31,0.39,7.23","27.8,44.0,2.7","7.500,34.650,13.500",2.90,3.04,0.00,0,117690,98982,7,1.51,37.496750,126.957836,27780,462,1714,36,6.00,0.00,999.00,-93.7,0,145,0,1,-71,-75.2,98982,67,2,9.39,1,0,-4.39,-11.29,0
18:12:33,67.300,12502881,12502880,1,0,1,37.496746,126.957848,0.90,140.8,1,140.8,1,305.8,1,-43.45,11.14,49.51,0.9906,18.85,2.014,473553,966281,1.034,1,140.8,"-0.74,2.10,10.92","-5.7,-11.5,47.8","10.200,38.100,8.550",1.73,1.94,0.00,0,117692,98984,7,1.51,37.496750,126.957836,27780,462,1714,36,6.00,0.00,999.00,-93.7,0,145,0,1,-80,-76.2,98984,58,2,10.24,1,0,-4.39,-11.29,0
18:12:33,67.312,12502982,12502981,1,0,1,37.496745,126.957848,0.90,140.8,1,140.8,1,302.0,1,-19.49,11.77,26.69,0.9677,20.56,2.151,473553,966293,1.034,1,140.8,"-1.82,3.22,11.17","12.3,-3.2,23.5","8.550,42.300,10.200",2.55,3.00,0.00,0,117693,98985,7,1.51,37.496750,126.957836,27780,462,1714,36,6.00,0.00,999.00,-93.7,0,145,0,1,-78,-76.5,98985,53,2,10.61,1,0,-4.39,-11.29,0
18:12:33,67.381,12503083,12503082,1,0,1,37.496745,126.957848,0.90,140.8,1,140.8,1,302.1,1,15.63,9.84,40.59,0.9902,20.04,2.135,473553,966305,1.034,1,140.8,"-0.96,1.75,9.63","-34.0,1.4,-22.1","7.950,41.700,9.750",0.34,1.71,0.00,0,117694,98986,7,1.51,37.496750,126.957836,27780,462,1714,36,6.00,0.00,999.00,-93.7,0,145,0,1,-74,-76.0,98986,47,2,10.11,1,0,-4.39,-11.29,0
18:12:33,67.500,12503183,12503182,1,0,1,37.496744,126.957849,0.90,140.8,1,140.8,1,302.7,1,-5.81,7.77,44.38,0.9978,17.60,2.076,473553,966317,1.034,1,140.8,"-0.78,0.66,7.70","16.5,41.1,2.4","10.950,39.750,7.500",1.96,2.67,0.00,0,117695,98987,7,1.51,37.496750,126.957836,27780,462,1714,36,6.00,0.00,999.00,-93.7,0,145,0,1,-71,-75.0,98987,43,2,9.19,1,0,-4.39,-11.29,0
18:12:33,67.596,12503284,12503283,1,0,1,37.496744,126.957849,0.90,140.8,1,140.8,1,300.7,1,-21.34,9.83,25.38,0.9701,15.67,2.126,473553,966329,1.034,1,140.8,"-2.48,1.70,9.36","6.9,3.8,24.1","11.250,41.100,5.400",1.74,2.02,0.00,0,117696,98988,7,1.51,37.496750,126.957836,27780,462,1714,36,6.30,0.00,999.00,-96.6,0,145,0,1,-79,-75.8,98988,37,2,9.92,1,0,-4.39,-11.29,0
18:12:34,67.916,12503389,12503388,1,0,1,37.496744,126.957849,0.90,140.8,1,140.8,1,300.1,1,14.70,12.02,38.33,0.9697,16.71,2.167,473553,966340,1.034,1,140.8,"-2.44,2.80,11.43","-17.7,-30.1,-15.9","10.200,42.450,6.300",2.71,2.71,0.00,0,117697,98989,7,1.51,37.496750,126.957836,27780,462,1714,36,6.30,0.00,999.00,-96.6,0,145,0,1,-72,-75.0,98989,38,2,9.22,1,0,-4.39,-11.29,0
18:12:34,67.952,12503597,12503596,1,0,1,37.496743,126.957835,1.23,156.7,1,156.7,1,311.7,1,62.49,8.92,75.63,0.9973,18.68,2.082,473553,966365,1.554,1,186.2,"-1.32,1.32,8.72","-15.5,-38.5,-63.2","11.550,37.500,9.900",0.89,1.34,0.00,0,117699,98991,8,1.51,37.496744,126.957819,27781,462,1714,36,6.30,0.00,999.00,-96.6,0,145,0,1,-81,-75.8,98991,35,2,9.86,1,0,-4.39,-11.29,0
18:12:34,68.100,12503699,12503698,1,0,1,37.496742,126.957835,1.23,156.7,1,156.7,1,316.0,1,9.02,7.79,20.27,0.9656,20.26,1.857,473553,966377,1.554,1,186.2,"0.98,1.91,7.48","15.0,5.6,-12.5","11.550,34.050,11.400",2.47,2.75,0.00,0,117700,98992,8,1.51,37.496744,126.957819,27781,462,1714,36,7.30,0.00,999.00,-104.8,0,145,0,1,-77,-76.0,98992,31,2,10.10,1,0,-4.39,-11.29,0
18:12:34,68.300,12503806,12503805,1,0,1,37.496742,126.957835,1.23,156.7,1,156.7,1,315.2,1,-17.71,9.39,45.13,0.9819,22.35,1.929,473553,966390,1.554,1,186.2,"-0.01,2.07,9.16","-17.4,-32.9,25.5","10.500,33.600,10.950",0.70,2.28,0.00,0,117701,98992,8,1.51,37.496744,126.957819,27781,462,1714,36,7.30,0.00,999.00,-104.8,0,145,0,1,-77,-76.0,98992,138,2,10.10,1,0,-4.39,-11.29,0
18:12:34,68.371,12504007,12504006,1,0,1,37.496740,126.957835,1.23,156.7,1,156.7,1,312.9,1,0.00,11.65,39.27,0.9940,23.47,1.964,473553,966414,1.554,1,186.2,"-0.11,1.78,11.52","-31.4,-22.8,5.8","6.750,36.600,13.800",1.61,3.33,0.00,0,117703,98993,8,1.51,37.496744,126.957819,27781,462,1714,36,7.57,0.00,999.00,-107.4,0,145,0,1,-78,-76.4,98993,21,2,10.49,1,0,-4.39,-11.29,0
18:12:34,68.431,12504107,12504106,2,0,1,37.496739,126.957835,1.23,156.7,1,156.7,1,312.9,1,0.00,9.34,9.12,0.9874,23.95,1.925,473553,966426,1.554,1,186.2,"-0.17,1.91,9.14","-7.7,-4.8,-1.1","8.100,35.550,14.400",0.85,1.23,0.00,0,117704,98994,8,1.51,37.496744,126.957819,27781,462,1714,36,7.57,0.00,999.00,-107.4,0,146,0,2,-75,-76.1,98994,18,2,10.21,1,0,-4.39,-11.29,0
18:12:34,68.632,12504207,12504206,2,0,1,37.496739,126.957835,1.23,156.7,1,156.7,1,311.0,1,-33.60,7.76,37.95,0.9964,24.46,1.911,473553,966438,1.554,1,186.2,"-1.00,0.29,7.69","-5.8,-4.0,37.3","6.000,34.950,15.000",2.48,2.60,0.00,0,117705,98995,8,1.51,37.496744,126.957819,27781,462,1714,36,7.57,0.00,999.00,-107.4,0,146,0,2,-74,-75.7,98995,12,2,9.81,1,0,-4.39,-11.29,0
18:12:34,68.731,12504319,12504306,2,0,1,37.496738,126.957835,1.23,156.7,1,156.7,1,307.3,1,-32.27,8.54,53.66,0.9945,24.09,1.946,473553,966450,1.554,1,186.2,"-1.06,0.38,8.47","30.6,-19.1,39.7","4.650,39.150,15.450",1.42,2.74,0.00,0,117706,98996,8,1.51,37.496744,126.957819,27781,462,1714,36,7.57,0.00,999.00,-107.4,0,146,0,2,-76,-75.8,98996,18,2,9.86,1,0,-4.39,-11.29,0
18:12:34,68.850,12504425,12504412,2,0,1,37.496738,126.957835,1.23,156.7,1,156.7,1,305.4,1,-3.50,10.42,24.94,0.9947,26.72,2.064,473553,966460,1.554,1,186.2,"0.07,1.44,10.32","3.0,-22.8,9.7","1.500,39.300,16.800",1.16,1.17,0.00,0,117707,98997,8,1.51,37.496744,126.957819,27781,462,1714,36,7.57,0.00,999.00,-107.4,0,146,0,2,-70,-74.6,98997,19,2,8.84,1,0,-4.39,-11.29,0
18:12:35,68.948,12504527,12504514,2,0,1,37.496738,126.957835,1.23,156.7,1,156.7,1,306.0,1,20.13,9.88,24.96,0.9930,27.77,2.107,473553,966471,1.554,1,186.2,"0.68,0.16,9.85","8.5,-1.5,-23.4","0.900,40.650,17.700",1.59,1.69,0.00,0,117708,98998,8,1.51,37.496744,126.957819,27781,462,1714,36,7.57,0.00,999.00,-107.4,0,146,0,2,-71,-73.9,98998,15,2,8.25,1,0,-4.39,-11.29,0
18:12:35,69.017,12504632,12504619,2,0,1,37.496741,126.957820,1.16,178.7,1,178.7,1,314.2,1,8.62,9.14,25.30,0.9904,27.74,2.090,473553,966482,1.101,1,219.6,"0.85,0.50,9.08","-21.0,-8.1,-11.5","2.100,40.350,17.700",1.29,1.50,0.00,0,117709,98999,8,1.51,37.496747,126.957804,27782,462,1714,36,8.40,0.00,999.00,-121.2,0,146,0,2,-74,-73.9,98999,14,2,8.27,1,0,-4.39,-11.29,0
18:12:35,69.137,12504725,12504724,2,0,1,37.496741,126.957819,1.16,178.7,1,178.7,1,314.3,1,-3.37,8.29,51.33,0.9584,26.10,2.068,473553,966493,1.101,1,219.6,"1.83,1.08,8.02","12.3,49.8,-0.2","2.250,41.250,17.250",1.95,3.04,0.00,0,117710,98999,8,1.51,37.496747,126.957804,27782,462,1714,36,8.40,0.00,999.00,-121.2,0,146,0,2,-74,-73.9,98999,107,2,8.27,1,0,-4.39,-11.29,0
18:12:35,69.215,12504826,12504825,2,0,1,37.496740,126.957819,1.16,178.7,1,178.7,1,313.5,1,-4.57,9.30,18.97,0.9861,25.61,2.108,473553,966505,1.101,1,219.6,"0.67,1.56,9.15","-15.4,8.7,6.8","4.650,41.100,15.450",0.44,1.55,0.00,0,117711,99000,8,1.51,37.496747,126.957804,27782,462,1714,36,8.40,0.00,999.00,-121.2,0,146,0,2,-71,-73.3,99000,101,2,7.83,1,0,-4.39,-11.29,0
18:12:35,69.301,12504928,12504927,2,0,1,37.496739,126.957819,1.16,178.7,1,178.7,1,313.2,1,-7.72,11.21,32.45,0.9872,25.82,2.050,473553,966517,1.101,1,219.6,"0.67,1.90,11.02","-6.2,-28.3,14.6","3.600,39.150,15.900",1.76,1.79,0.00,0,117712,99001,8,1.51,37.496747,126.957804,27782,462,1714,36,8.64,0.00,999.00,-123.6,0,146,0,2,-68,-72.3,99001,89,2,7.07,1,0,-4.39,-11.29,0
18:12:35,69.364,12505028,12505027,2,0,1,37.496739,126.957818,1.16,178.7,1,178.7,1,311.4,1,-20.29,12.10,35.80,0.9879,26.28,2.107,473553,966529,1.101,1,219.6,"0.42,2.21,11.89","28.8,5.7,20.5","1.650,40.650,16.200",2.16,2.87,0.00,0,117713,99001,8,1.51,37.496747,126.957804,27782,462,1714,36,8.64,0.00,999.00,-123.6,0,146,0,2,-68,-72.3,99001,189,2,7.07,1,0,-4.39,-11.29,0
18:12:35,69.448,12505129,12505128,2,0,1,37.496738,126.957818,1.16,178.7,1,178.7,1,310.9,1,0.00,10.44,15.76,0.9903,25.86,2.202,473553,966541,1.101,1,219.6,"-0.12,1.92,10.26","10.9,10.3,-4.9","1.200,43.500,15.450",0.90,2.34,0.00,0,117714,99002,8,1.51,37.496747,126.957804,27782,462,1714,36,8.64,-0.64,999.00,-123.6,0,146,0,2,-67,-71.2,99002,75,2,6.40,1,0,-4.39,-11.29,0
18:12:35,69.622,12505236,12505235,2,0,1,37.496737,126.957818,1.16,178.7,1,178.7,1,311.5,1,7.88,8.07,12.32,0.9786,27.40,2.119,473553,966554,1.101,1,219.6,"1.11,-0.39,7.98","3.3,1.1,-11.8","2.250,41.250,17.250",2.50,2.64,0.00,0,117715,99003,8,1.51,37.496747,126.957804,27782,462,1714,36,8.64,-0.64,999.00,-123.6,0,146,0,2,-66,-70.2,99003,89,2,5.80,1,0,-4.39,-11.29,0
18:12:36,69.966,12505336,12505335,2,0,1,37.496737,126.957817,1.16,178.7,1,178.7,1,311.3,1,-13.90,9.04,22.25,0.9659,25.06,2.192,473553,966566,1.101,1,219.6,"-0.08,2.75,8.61","3.4,17.1,13.8","0.900,43.050,14.700",1.69,1.69,0.00,0,117716,99004,8,1.51,37.496747,126.957804,27782,462,1714,36,8.64,-0.64,999.00,-123.6,0,146,0,2,-68,-69.7,99004,78,2,5.56,1,0,-4.39,-11.29,0
18:12:36,70.181,12505746,12505745,2,0,1,37.496741,126.957801,1.04,193.0,1,193.0,1,325.9,1,14.56,8.08,44.48,0.9310,27.18,1.996,473553,966612,0.921,1,219.6,"2.53,-0.28,7.67","29.2,24.8,-22.7","2.850,34.800,17.400",2.93,3.04,0.00,0,117720,99008,7,1.51,37.496749,126.957788,27783,462,1714,36,10.16,-0.66,999.00,-129.4,0,146,0,2,-69,-69.3,99008,71,2,5.34,1,0,-4.39,-11.29,0
18:12:36,70.263,12505948,12505947,2,0,1,37.496740,126.957800,1.04,193.0,1,193.0,1,324.3,1,-13.70,10.76,22.80,0.9811,24.23,1.980,473553,966636,0.921,1,219.6,"1.59,0.68,10.62","-11.5,-6.3,18.6","4.500,36.900,14.550",1.49,1.49,0.00,0,117722,99010,7,1.51,37.496749,126.957788,27783,462,1714,36,10.36,-0.69,999.00,-131.5,0,146,0,2,-71,-69.8,99010,57,2,5.57,1,0,-4.39,-11.29,0
18:12:36,70.399,12506049,12506048,2,0,1,37.496739,126.957799,1.04,193.0,1,193.0,1,321.8,1,-27.46,12.36,30.88,0.9975,25.55,1.974,473553,966648,0.921,1,219.6,"-0.55,1.49,12.25","-3.7,2.6,30.5","3.900,36.750,15.900",3.01,3.01,0.00,0,117723,99011,7,1.51,37.496749,126.957788,27783,462,1714,36,10.36,-0.69,999.00,-131.5,0,146,0,2,-71,-70.0,99011,58,2,5.71,1,0,-4.39,-11.29,0
18:12:36,70.615,12506150,12506149,2,0,1,37.496739,126.957799,1.04,193.0,1,193.0,1,319.8,1,-18.65,10.58,21.81,0.9938,25.41,1.988,473553,966660,0.921,1,219.6,"0.00,1.59,10.46","0.3,7.1,20.6","2.250,36.900,15.750",1.07,3.12,0.00,0,117724,99012,7,1.51,37.496749,126.957788,27783,462,1714,36,10.36,-0.69,999.00,-131.5,0,146,0,2,-68,-69.6,99012,54,2,5.49,1,0,-4.39,-11.29,0
18:12:37,71.066,12506350,12506349,2,0,1,37.496738,126.957798,1.04,193.0,1,193.0,1,309.7,1,-62.18,8.39,65.77,0.9787,25.58,2.003,473553,966684,0.921,1,219.6,"-0.06,1.87,8.18","12.5,0.8,64.6","-0.750,41.250,15.300",1.64,2.45,0.00,0,117726,99014,7,1.51,37.496749,126.957788,27783,462,1714,36,10.36,-0.69,999.00,-131.5,0,146,0,2,-70,-69.4,99014,38,2,5.40,1,0,-4.39,-11.29,0
18:12:37,71.213,12506858,12506857,2,0,1,37.496743,126.957788,1.11,220.9,1,220.9,1,276.9,1,-84.52,9.16,87.88,0.9787,25.58,2.003,473553,966743,1.183,1,272.6,"1.46,1.93,8.83","19.7,13.1,84.6","-17.100,54.600,15.000",1.05,1.93,0.00,0,117731,99019,8,1.51,37.496752,126.957785,27784,462,1714,36,11.39,-1.00,999.00,-154.2,0,146,0,2,-73,-70.1,99019,16,2,5.78,1,0,-4.39,-11.29,0
18:12:37,71.281,12506958,12506957,2,0,1,37.496743,126.957787,1.11,220.9,1,220.9,1,268.8,1,-84.32,9.07,88.11,0.9787,25.58,2.003,473553,966755,1.183,1,272.6,"0.66,1.81,8.86","11.4,27.4,83.0","-19.950,58.050,12.450",0.65,1.19,0.00,0,117732,99020,8,1.51,37.496752,126.957785,27784,462,1714,36,11.39,-1.00,999.00,-154.2,0,146,0,2,-79,-71.9,99020,16,2,6.84,1,0,-4.39,-11.29,0
18:12:37,71.390,12507070,12507058,2,0,1,37.496743,126.957786,1.11,220.9,1,220.9,1,258.5,1,-113.85,10.28,118.94,0.9787,25.58,2.003,473553,966767,1.183,1,272.6,"-0.23,2.21,10.04","26.6,36.9,109.9","-23.250,58.650,12.750",1.44,1.44,0.00,0,117733,99021,8,1.51,37.496752,126.957785,27784,462,1714,36,11.39,0.00,999.00,-154.2,0,146,0,2,-80,-73.5,99021,22,2,7.98,1,0,-4.39,-11.29,0
18:12:37,71.497,12507174,12507161,2,0,1,37.496742,126.957785,1.11,220.9,1,220.9,1,246.6,1,-116.29,10.11,120.01,0.9787,25.58,2.003,473553,966778,1.183,1,272.6,"0.90,3.31,9.51","3.0,37.5,114.0","-27.000,58.950,10.500",1.55,2.62,0.00,0,117734,99022,8,1.51,37.496752,126.957785,27784,462,1714,36,11.39,0.00,999.00,-154.2,0,146,0,2,-78,-74.4,99022,18,2,8.69,1,0,-4.39,-11.29,0
18:12:37,71.615,12507265,12507264,2,0,1,37.496742,126.957785,1.11,220.9,1,220.9,1,234.1,1,-119.27,10.83,148.56,0.9787,25.58,2.003,473553,966789,1.183,1,272.6,"-0.71,3.00,10.39","-78.6,15.9,125.1","-35.250,54.900,14.400",1.58,3.90,0.00,0,117735,99022,8,1.51,37.496752,126.957785,27784,462,1714,36,11.39,0.00,999.00,-154.2,0,146,0,2,-78,-74.4,99022,109,2,8.69,1,0,-4.39,-11.29,0
18:12:37,71.683,12507372,12507371,2,0,1,37.496742,126.957784,1.11,220.9,1,220.9,1,222.2,1,-112.09,10.14,115.11,0.9787,25.58,2.003,473553,966802,1.183,1,272.6,"-1.05,1.82,9.92","-3.3,15.8,114.0","-37.200,49.800,14.400",1.37,1.37,0.00,0,117736,99022,8,1.51,37.496752,126.957785,27784,462,1714,36,11.39,0.00,999.00,-154.2,0,146,0,2,-78,-74.4,99022,216,2,8.69,1,0,-4.39,-11.29,0
18:12:37,71.839,12507487,12507474,2,0,1,37.496742,126.957784,1.11,220.9,1,220.9,1,211.5,1,-88.59,9.62,101.87,0.9787,25.58,2.003,473553,966813,1.183,1,272.6,"-1.62,1.32,9.39","6.3,-25.9,98.3","-44.100,46.950,16.200",1.67,2.04,0.00,0,117737,99023,8,1.51,37.496752,126.957785,27784,462,1714,36,11.39,0.00,999.00,-154.2,0,146,0,2,-76,-74.7,99023,17,2,8.95,1,0,-4.39,-11.29,0
18:12:38,72.021,12507590,12507578,2,0,1,37.496749,126.957781,1.09,246.8,1,246.8,1,204.4,1,-57.59,9.69,71.06,0.9787,25.58,2.003,473553,966824,1.065,1,294.8,"-0.15,-0.36,9.68","21.6,-19.4,64.9","-47.100,43.500,13.950",2.08,2.19,0.00,0,117738,99024,8,1.51,37.496756,126.957779,27785,462,1714,36,11.72,0.00,999.00,-175.0,0,146,0,2,-70,-73.8,99024,15,2,8.18,1,0,-4.39,-11.29,0
18:12:38,72.146,12507694,12507681,2,0,1,37.496749,126.957780,1.09,246.8,1,246.8,1,197.7,1,-76.01,9.02,81.20,0.9787,25.58,2.003,473553,966835,1.065,1,294.8,"0.47,1.18,8.93","0.0,-7.5,80.9","-51.300,42.600,12.450",0.98,1.22,0.00,0,117739,99025,8,1.51,37.496756,126.957779,27785,462,1714,36,11.72,0.00,999.00,-175.0,0,146,0,2,-69,-72.8,99025,13,2,7.47,1,0,-4.39,-11.29,0
18:12:38,72.218,12507887,12507886,2,0,1,37.496748,126.957778,1.09,246.8,1,246.8,1,178.2,1,-113.54,9.34,116.73,0.9787,25.58,2.003,473553,966858,1.065,1,294.8,"0.11,0.94,9.29","12.2,7.0,115.9","-54.300,32.400,12.450",0.37,1.69,0.00,0,117741,99026,8,1.51,37.496756,126.957779,27785,462,1714,36,11.59,-1.08,999.00,-173.0,0,146,0,2,-68,-71.9,99026,99,2,6.81,1,0,-4.39,-11.29,0
18:12:38,72.400,12507988,12507987,2,0,1,37.496748,126.957777,1.09,246.8,1,246.8,1,167.2,1,-106.91,10.85,110.44,0.9787,25.58,2.003,473553,966870,1.065,1,294.8,"-0.66,0.43,10.82","15.3,15.3,108.3","-55.950,25.650,13.950",1.69,2.03,0.00,0,117742,99027,8,1.51,37.496756,126.957779,27785,462,1714,36,11.59,-1.08,999.00,-173.0,0,146,0,2,-71,-71.7,99027,96,2,6.70,1,0,-4.39,-11.29,0
18:12:38,72.714,12508189,12508188,2,0,1,37.496748,126.957775,1.09,246.8,1,246.8,1,149.3,1,-73.99,9.64,80.54,0.9787,25.58,2.003,473553,966894,1.065,1,294.8,"-1.60,1.38,9.40","-28.8,2.2,75.2","-51.450,21.150,14.550",1.00,2.27,0.00,0,117744,99029,8,1.51,37.496756,126.957779,27785,462,1714,36,11.59,0.00,999.00,-173.0,0,146,0,2,-74,-73.2,99029,86,2,7.71,1,0,-4.39,-11.29,0
18:12:38,72.815,12508411,12508387,2,0,1,37.496748,126.957774,1.09,246.8,1,246.8,1,142.5,1,-8.92,10.51,33.92,0.9910,21.36,2.405,473553,966918,1.065,1,294.8,"-1.52,1.45,10.30","4.3,-29.5,16.2","-50.550,13.950,14.700",0.69,1.00,0.00,0,117746,99031,8,1.51,37.496756,126.957779,27785,462,1714,36,12.24,0.00,999.00,-172.1,0,146,0,2,-75,-75.1,99031,94,2,9.27,1,0,-4.39,-11.29,0
18:12:39,73.145,12508501,12508500,2,0,1,37.496748,126.957774,1.09,246.8,1,246.8,1,140.7,1,-21.23,10.43,31.86,0.9995,18.60,2.446,473553,966929,1.065,1,294.8,"-0.60,0.81,10.38","11.6,-12.7,26.8","-52.200,13.350,12.000",0.79,1.19,0.00,0,117747,99031,8,1.51,37.496756,126.957779,27785,462,1714,36,12.24,0.00,999.00,-172.1,0,146,0,2,-75,-75.1,99031,184,2,9.27,1,0,-4.39,-11.29,0
18:12:39,73.506,12508904,12508903,2,0,1,37.496749,126.957771,0.76,263.6,1,263.6,1,132.2,1,-24.25,10.07,36.32,0.9981,21.55,2.256,473553,966977,0.432,1,294.8,"-0.47,1.12,10.00","8.5,25.1,24.8","-47.700,10.200,15.300",0.89,1.48,0.00,0,117751,99033,7,1.73,37.496760,126.957775,27786,462,1714,36,12.24,0.00,999.00,171.1,0,146,0,2,-75,-74.4,99033,61,2,8.69,1,0,-4.39,-11.29,0
18:12:39,73.665,12509314,12509314,0,0,1,37.496749,126.957771,0.76,263.6,1,263.6,1,128.6,1,0.11,10.25,66.33,0.9649,22.44,2.062,473553,967026,0.432,1,294.8,"-2.81,0.95,9.82","-18.2,-63.8,1.7","-44.400,6.000,16.200",1.50,1.99,0.00,0,117755,99037,7,1.73,37.496760,126.957775,27786,462,1714,36,12.24,0.00,999.00,171.1,0,146,0,2,-81,-77.3,99037,45,2,11.46,1,0,-4.39,-11.29,0
18:12:39,73.764,12509417,12509416,0,0,1,37.496749,126.957771,0.76,263.6,1,263.6,1,129.9,1,9.88,10.25,30.99,0.9969,18.95,2.193,473553,967037,0.432,1,294.8,"0.24,0.91,10.21","23.8,-17.9,-8.6","-47.250,7.050,13.050",1.62,1.76,0.00,0,117756,99037,7,1.73,37.496760,126.957775,27786,462,1714,36,12.24,0.00,999.00,171.1,0,146,0,2,-81,-77.3,99037,148,2,11.46,1,0,-4.39,-11.29,0
18:12:40,73.937,12509518,12509517,0,0,1,37.496749,126.957771,0.76,263.6,1,263.6,1,130.0,1,0.00,9.82,19.74,0.9995,19.39,2.241,473553,967049,0.432,1,294.8,"-0.70,0.65,9.78","-12.9,14.1,-4.9","-48.900,7.050,13.500",0.61,1.50,0.00,0,117757,99038,7,1.73,37.496760,126.957775,27786,462,1714,36,12.24,0.00,999.00,171.1,0,146,0,2,-73,-76.5,99038,42,2,10.55,1,0,-4.39,-11.29,0
18:12:40,74.413,12509719,12509718,0,0,1,37.496750,126.957770,0.50,263.6,1,263.6,1,125.6,1,-34.48,8.58,42.34,0.9793,19.32,1.926,473553,967073,0.242,1,294.8,"-1.93,-0.37,8.36","-24.1,0.5,34.8","-40.950,2.100,13.950",1.99,1.99,0.00,0,117759,99040,6,1.73,37.496758,126.957766,27787,462,1714,36,12.24,0.00,999.00,171.1,0,146,0,2,-80,-77.4,99040,32,2,11.55,1,0,-4.39,-11.29,0
18:12:40,74.529,12510121,12510120,0,0,1,37.496750,126.957770,0.50,263.6,1,263.6,1,130.0,1,-16.20,9.67,22.15,0.9973,19.00,2.146,473553,967121,0.242,1,294.8,"-0.06,1.07,9.61","10.8,2.4,19.2","-45.450,7.350,13.050",0.59,1.49,0.00,0,117763,99042,6,1.73,37.496758,126.957766,27787,462,1714,36,12.24,0.00,999.00,171.1,0,146,0,2,-74,-76.8,99042,12,2,10.92,1,0,-4.39,-11.29,0
18:12:40,74.597,12510232,12510219,0,0,1,37.496750,126.957770,0.50,263.6,1,263.6,1,128.9,1,-3.76,10.02,20.39,0.9961,20.11,2.105,473553,967133,0.242,1,294.8,"-0.77,1.32,9.90","10.9,16.4,5.3","-44.550,6.600,14.250",0.67,0.69,0.00,0,117764,99043,6,1.73,37.496758,126.957766,27787,462,1714,36,12.36,0.00,999.00,169.2,0,146,0,2,-71,-75.7,99043,17,2,9.78,1,0,-4.39,-11.29,0
18:12:40,74.680,12510335,12510322,0,0,1,37.496750,126.957770,0.50,263.6,1,263.6,1,128.8,1,0.00,9.60,18.98,0.9921,20.17,2.091,473553,967144,0.242,1,294.8,"-1.56,0.88,9.43","1.9,18.9,-0.0","-43.800,7.050,14.250",0.93,1.17,0.00,0,117765,99044,6,1.73,37.496758,126.957766,27787,462,1714,36,12.36,0.00,999.00,169.2,0,146,0,2,-74,-75.3,99044,14,2,9.47,1,0,-4.39,-11.29,0
18:12:40,74.854,12510430,12510429,0,0,1,37.496750,126.957770,0.50,263.6,1,263.6,1,128.8,1,-0.19,10.26,11.27,0.9282,21.44,2.102,473553,967154,0.242,1,294.8,"-3.54,2.67,9.26","8.7,-5.8,4.2","-43.800,9.000,16.800",2.99,2.99,0.00,0,117766,99044,6,1.73,37.496758,126.957766,27787,462,1714,36,12.36,0.00,999.00,169.2,0,146,0,2,-74,-75.3,99044,109,2,9.47,1,0,-4.39,-11.29,0
18:12:41,75.150,12510631,12510630,0,0,1,37.496750,126.957769,0.41,308.9,1,263.6,1,128.9,1,0.00,9.67,9.34,0.9932,21.46,2.122,473553,967178,0.324,1,294.8,"-1.07,1.41,9.50","7.6,-4.3,3.4","-44.400,7.950,15.450",0.26,0.36,0.00,0,117768,99046,7,1.51,37.496755,126.957756,27788,462,1714,36,12.36,0.00,999.00,169.2,0,146,0,2,-76,-74.9,99046,98,2,9.12,1,0,-4.39,-11.29,0
18:12:41,75.234,12510934,12510933,0,0,1,37.496750,126.957769,0.41,309.1,1,263.6,1,129.1,1,0.00,9.65,9.36,0.9836,19.94,2.160,473553,967214,0.324,1,294.8,"-2.15,0.73,9.38","6.5,-6.5,2.0","-45.000,9.000,13.800",1.14,1.24,0.00,0,117771,99048,7,1.51,37.496755,126.957756,27788,462,1714,36,12.36,0.00,999.00,122.1,0,146,0,2,-74,-74.4,99048,84,2,8.70,1,0,-4.39,-11.29,0
18:12:41,75.380,12511035,12511034,0,0,1,37.496750,126.957769,0.41,309.9,1,263.6,1,129.9,1,0.00,9.99,9.02,0.9886,19.44,2.173,473553,967226,0.324,1,294.8,"0.26,1.82,9.82","-7.1,4.9,-2.5","-44.850,9.900,13.200",1.39,1.52,0.00,0,117772,99049,7,1.51,37.496755,126.957756,27788,462,1714,36,12.36,0.00,999.00,123.5,0,146,0,2,-72,-73.9,99049,80,2,8.31,1,0,-4.39,-11.29,0
18:12:41,75.498,12511136,12511135,0,0,1,37.496750,126.957769,0.41,309.9,1,263.6,1,129.9,1,0.96,9.66,5.30,0.9930,20.75,2.174,473553,967238,0.324,1,294.8,"-1.50,0.89,9.50","3.2,-0.6,-4.2","-45.900,8.400,14.700",0.63,1.16,0.00,0,117773,99050,7,1.51,37.496755,126.957756,27788,462,1714,36,12.36,0.00,999.00,122.9,0,146,0,2,-74,-74.0,99050,75,2,8.31,1,0,-4.39,-11.29,0
18:12:41,75.596,12511236,12511235,0,0,1,37.496750,126.957769,0.41,310.3,1,263.6,1,130.3,1,0.00,9.84,6.05,0.9972,19.76,2.205,473553,967250,0.324,1,294.8,"-0.45,1.22,9.75","-4.8,-3.4,-1.2","-46.650,8.850,13.650",0.56,0.81,0.00,0,117774,99051,7,1.51,37.496755,126.957756,27788,462,1714,36,12.36,0.00,999.00,122.7,0,146,0,2,-73,-73.8,99051,70,2,8.16,1,0,-4.39,-11.29,0
18:12:41,75.730,12511337,12511336,0,0,1,37.496750,126.957769,0.41,310.0,1,263.6,1,130.0,1,-2.57,9.47,12.46,0.9972,19.86,2.175,473553,967262,0.324,1,294.8,"-0.89,1.00,9.37","1.2,11.8,3.7","-45.150,9.600,13.650",0.24,0.76,0.00,0,117775,99052,7,1.51,37.496755,126.957756,27788,462,1714,36,12.36,0.00,999.00,122.5,0,146,0,2,-73,-73.6,99052,64,2,8.04,1,0,-4.39,-11.29,0
18:12:41,75.796,12511442,12511441,0,0,1,37.496750,126.957769,0.41,309.9,1,263.6,1,129.9,1,1.22,9.89,8.76,0.9985,20.68,2.180,473553,967273,0.324,1,294.8,"-0.82,0.89,9.82","-2.1,-7.4,-4.2","-45.750,9.000,14.550",0.39,0.50,0.00,0,117776,99053,7,1.51,37.496755,126.957756,27788,462,1714,36,12.36,0.00,999.00,122.9,0,146,0,2,-73,-73.5,99053,62,2,7.95,1,0,-4.39,-11.29,0
18:12:42,75.947,12511544,12511543,0,0,1,37.496750,126.957769,0.41,310.0,1,263.6,1,130.0,1,0.00,9.65,7.34,0.9982,18.92,2.139,473553,967285,0.324,1,294.8,"-0.57,1.04,9.58","5.7,4.4,1.4","-44.850,7.950,12.900",0.26,0.95,0.00,0,117777,99054,7,1.51,37.496755,126.957756,27788,462,1714,36,12.36,0.00,999.00,122.8,0,146,0,2,-78,-74.4,99054,61,2,8.66,1,0,-4.39,-11.29,0
18:12:42,76.019,12511645,12511644,0,0,1,37.496751,126.957767,0.22,310.0,0,263.6,1,129.9,1,0.00,9.73,8.13,0.9978,20.51,2.195,473553,967297,0.036,1,294.8,"-0.89,0.95,9.64","-5.2,-6.2,0.7","-46.350,8.850,14.400",0.18,0.36,0.00,0,117778,99055,7,1.51,37.496760,126.957752,27789,462,1714,36,13.00,0.00,999.00,123.7,0,146,0,2,-76,-74.7,99055,52,2,8.93,1,0,-4.39,-11.29,0
18:12:42,76.231,12511747,12511746,0,0,1,37.496751,126.957767,0.22,310.0,0,263.6,1,129.9,1,0.00,9.52,5.25,0.9978,21.25,2.181,473553,967309,0.036,1,294.8,"-0.52,1.09,9.44","3.7,3.2,1.9","-45.900,8.850,15.150",0.30,0.39,0.00,0,117779,99056,7,1.51,37.496760,126.957752,27789,462,1714,36,13.00,0.00,999.00,123.7,0,146,0,2,-76,-75.0,99056,45,2,9.15,1,0,-4.39,-11.29,0
18:12:42,76.463,12511956,12511955,0,0,1,37.496751,126.957767,0.22,310.0,0,263.6,1,129.9,1,0.00,9.75,4.53,0.9984,18.96,2.190,473553,967334,0.036,1,294.8,"-0.63,1.00,9.68","-2.7,3.3,1.5","-46.350,8.400,12.900",0.16,0.34,0.00,0,117781,99057,7,1.51,37.496760,126.957752,27789,462,1714,36,13.00,0.00,999.00,123.7,0,146,0,2,-77,-75.4,99057,33,2,9.51,1,0,-4.39,-11.29,0
18:12:42,76.601,12512270,12512269,0,0,1,37.496751,126.957767,0.22,310.0,0,263.6,1,129.9,1,0.00,9.60,5.78,0.9978,20.24,2.173,473553,967372,0.036,1,294.8,"-0.76,1.02,9.51","-1.8,5.4,0.9","-46.200,7.800,14.250",0.10,0.27,0.00,0,117784,99058,7,1.51,37.496760,126.957752,27789,462,1714,36,12.89,0.00,999.00,125.5,0,146,0,2,-76,-75.5,99058,150,2,9.63,1,0,-4.39,-11.29,0
18:12:43,76.948,12512377,12512376,0,0,1,37.496751,126.957767,0.22,310.0,0,263.6,1,129.9,1,0.00,9.71,4.05,0.9978,19.27,2.147,473553,967385,0.036,1,294.8,"-0.81,1.01,9.62","3.8,-1.0,0.8","-44.850,8.400,13.200",0.08,0.27,0.00,0,117785,99059,7,1.51,37.496760,126.957752,27789,462,1714,36,12.89,0.00,999.00,125.5,0,146,0,2,-78,-76.0,99059,49,2,10.10,1,0,-4.39,-11.29,0
18:12:43,77.216,12512682,12512681,0,0,1,37.496752,126.957766,0.12,310.0,0,263.6,1,129.9,1,0.00,9.59,3.58,0.9970,19.71,2.167,473553,967420,0.021,1,294.8,"-0.84,1.10,9.49","0.2,3.6,-0.2","-45.600,8.400,13.650",0.13,0.23,0.00,0,117788,99061,6,1.76,37.496760,126.957747,27790,462,1714,36,12.89,0.00,999.00,125.5,0,146,0,2,-79,-76.8,99061,143,2,10.85,1,0,-4.39,-11.29,0
18:12:43,77.466,12512991,12512990,0,0,1,37.496752,126.957766,0.12,310.0,0,263.6,1,129.9,1,0.21,9.51,7.61,0.9967,21.12,2.130,473553,967457,0.021,1,294.8,"-0.88,1.09,9.41","6.1,2.9,-3.6","-44.850,7.650,15.150",0.24,0.53,0.00,0,117791,99063,6,1.76,37.496760,126.957747,27790,462,1714,36,13.00,0.00,999.00,123.7,0,146,0,2,-79,-77.4,99063,27,2,11.54,1,0,-4.39,-11.29,0
18:12:43,77.547,12513200,12513199,0,0,1,37.496752,126.957766,0.12,310.0,0,263.6,1,129.8,1,0.00,9.78,5.74,0.9985,20.49,2.143,473553,967482,0.021,1,294.8,"-0.78,0.89,9.71","-3.3,-4.1,2.3","-45.450,7.350,14.550",0.15,0.23,0.00,0,117793,99064,6,1.76,37.496760,126.957747,27790,462,1714,36,12.89,0.00,999.00,125.5,0,146,0,2,-79,-77.7,99064,134,2,11.90,1,0,-4.39,-11.29,0
18:12:44,77.946,12513307,12513306,0,0,1,37.496752,126.957766,0.12,310.0,0,263.6,1,129.7,1,0.00,9.76,3.78,0.9986,19.64,2.111,473553,967495,0.021,1,294.8,"-0.71,0.91,9.69","0.7,3.4,-1.4","-44.100,7.650,13.650",0.12,0.34,0.00,0,117794,99065,6,1.76,37.496760,126.957747,27790,462,1714,36,12.89,0.00,999.00,125.5,0,146,0,2,-79,-78.0,99065,30,2,12.00,1,0,-4.39,-11.29,0
18:12:44,78.046,12513723,12513722,0,0,1,37.496752,126.957764,0.07,310.0,0,263.6,1,129.6,1,0.00,9.62,3.82,0.9989,20.41,2.137,473553,967542,0.010,1,294.8,"-0.85,0.62,9.56","0.9,3.3,-1.7","-44.850,7.950,14.400",0.23,0.25,0.00,0,117798,99068,7,1.76,37.496760,126.957742,27791,462,1714,36,12.89,0.00,999.00,125.5,0,146,0,2,-84,-80.2,99068,24,2,12.00,1,0,-4.39,-11.29,0
18:12:44,78.263,12513824,12513823,0,0,1,37.496752,126.957764,0.07,310.0,0,263.6,1,129.6,1,0.00,9.59,2.71,0.9986,20.02,2.101,473553,967554,0.010,1,294.8,"-0.88,0.72,9.52","1.0,-1.7,1.9","-44.850,5.850,14.250",0.14,0.21,0.00,0,117799,99068,7,1.76,37.496760,126.957742,27791,462,1714,36,12.89,0.00,999.00,125.5,0,146,0,2,-84,-80.2,99068,125,2,12.00,1,0,-4.39,-11.29,0
18:12:44,78.347,12514033,12514032,0,0,1,37.496752,126.957764,0.07,310.0,0,263.6,1,129.6,1,0.00,9.71,2.69,0.9991,19.42,2.114,473553,967579,0.010,1,294.8,"-0.85,0.51,9.66","-2.4,1.3,-0.0","-44.550,7.050,13.500",0.29,0.29,0.00,0,117801,99069,7,1.76,37.496760,126.957742,27791,462,1714,36,12.89,0.00,999.00,125.5,0,146,0,2,-79,-80.0,99069,18,2,12.00,1,0,-4.39,-11.29,0
18:12:44,78.464,12514133,12514132,0,0,1,37.496752,126.957764,0.07,310.0,0,263.6,1,129.6,1,0.77,9.67,6.06,0.9966,19.72,2.092,473553,967591,0.010,1,294.8,"-1.14,0.83,9.57","-3.8,-0.8,-4.6","-43.800,7.050,13.800",0.31,0.34,0.00,0,117802,99069,7,1.76,37.496760,126.957742,27791,462,1714,36,12.89,0.00,999.00,125.5,0,146,0,2,-79,-80.0,99069,118,2,12.00,1,0,-4.39,-11.29,0
18:12:45,78.874,12514233,12514232,0,0,1,37.496752,126.957764,0.07,310.0,0,263.6,1,129.6,1,0.00,9.66,1.12,0.9991,19.45,2.119,473553,967603,0.010,1,294.8,"-0.74,0.74,9.60","-0.3,-0.4,1.0","-44.550,7.350,13.500",0.09,0.40,0.00,0,117803,99069,7,1.76,37.496760,126.957742,27791,462,1714,36,12.89,0.00,999.00,125.5,0,146,0,2,-79,-80.0,99069,218,2,12.00,1,0,-4.39,-11.29,0
18:12:45,79.079,12514560,12514547,0,0,1,37.496752,126.957764,0.07,310.0,0,263.6,1,129.6,1,1.38,9.71,8.65,0.9996,18.91,2.080,473553,967637,0.010,1,294.8,"-0.67,0.61,9.66","6.8,-3.3,-4.2","-44.400,5.250,13.200",0.17,0.37,0.00,0,117806,99072,7,1.76,37.496760,126.957742,27791,462,1714,36,12.89,0.00,999.00,125.5,0,146,0,2,-77,-78.3,99072,14,2,12.00,1,0,-4.39,-11.29,0
18:12:45,79.213,12514854,12514853,0,0,1,37.496753,126.957762,0.04,310.0,0,263.6,1,129.6,1,0.00,9.56,4.53,0.9994,19.54,2.074,473553,967672,0.005,1,294.8,"-0.73,0.62,9.51","1.5,3.2,-2.9","-43.350,6.750,13.650",0.10,0.27,0.00,0,117809,99074,7,1.76,37.496761,126.957737,27792,462,1714,36,12.89,0.00,999.00,125.5,0,146,0,2,-77,-78.2,99074,101,2,12.00,1,0,-4.39,-11.29,0
18:12:45,79.279,12514955,12514954,0,0,1,37.496753,126.957762,0.04,310.0,0,263.6,1,129.6,1,-0.61,9.68,5.48,0.9993,20.63,2.110,473553,967684,0.005,1,294.8,"-0.49,0.84,9.63","-2.4,4.2,2.5","-44.400,7.200,14.700",0.29,0.29,0.00,0,117810,99075,7,1.76,37.496761,126.957737,27792,462,1714,36,12.89,0.00,999.00,125.5,0,146,0,2,-77,-77.9,99075,96,2,12.00,1,0,-4.39,-11.29,0
18:12:45,79.533,12515056,12515055,0,0,1,37.496753,126.957762,0.04,310.0,0,263.6,1,129.5,1,0.00,9.82,11.95,0.9978,19.97,2.076,473553,967696,0.005,1,294.8,"-0.72,1.07,9.73","9.1,7.4,2.3","-44.250,5.400,14.250",0.35,0.47,0.00,0,117811,99076,7,1.76,37.496761,126.957737,27792,462,1714,36,12.89,0.00,999.00,125.5,0,146,0,2,-78,-78.0,99076,92,2,12.00,1,0,-4.39,-11.29,0
18:12:45,79.629,12515256,12515255,0,0,1,37.496753,126.957761,0.04,310.0,0,263.6,1,130.2,1,6.45,10.01,15.39,0.9995,20.25,2.117,473553,967720,0.005,1,294.8,"-0.56,0.79,9.96","-6.0,-10.3,-9.8","-44.250,7.800,14.250",0.45,0.84,0.00,0,117813,99078,7,1.76,37.496761,126.957737,27792,462,1714,36,12.89,0.00,999.00,125.5,0,146,0,2,-75,-77.7,99078,77,2,11.86,1,0,-4.39,-11.29,0
18:12:45,79.688,12515363,12515362,0,0,1,37.496753,126.957761,0.04,310.0,0,263.6,1,129.9,1,-14.58,9.75,27.18,0.9915,21.20,2.102,473553,967733,0.005,1,294.8,"-1.02,1.60,9.56","-5.1,22.3,14.7","-42.750,9.450,15.000",0.77,0.79,0.00,0,117814,99078,7,1.76,37.496761,126.957737,27792,462,1714,36,12.89,0.00,999.00,125.5,0,146,0,2,-75,-77.7,99078,184,2,11.86,1,0,-4.39,-11.29,0
18:12:46,79.881,12515467,12515466,0,0,1,37.496753,126.957761,0.04,310.0,0,263.6,1,128.9,1,2.33,9.91,15.35,0.9885,19.51,2.043,473553,967744,0.005,1,294.8,"-1.43,1.61,9.68","-9.4,-10.7,-5.7","-42.450,6.450,13.650",0.77,1.29,0.00,0,117815,99079,7,1.76,37.496761,126.957737,27792,462,1714,36,12.89,0.00,999.00,125.5,0,146,0,2,-80,-78.2,99079,69,2,12.00,1,0,-4.39,-11.29,0
18:12:46,80.198,12515667,12515666,0,0,1,37.496754,126.957760,0.21,310.0,0,263.6,1,129.7,1,0.00,9.58,15.29,0.9958,20.65,2.032,473553,967768,0.386,1,294.8,"-1.06,1.09,9.46","-1.9,15.2,0.1","-41.700,7.200,14.700",0.37,0.99,0.00,0,117817,99079,8,1.76,37.496766,126.957740,27793,462,1714,36,12.89,0.00,999.00,125.5,0,146,0,2,-80,-78.2,99079,269,2,12.00,1,0,-4.39,-11.29,0
18:12:46,80.413,12515968,12515967,0,0,1,37.496754,126.957760,0.21,310.0,0,263.6,1,134.7,1,23.78,9.37,29.36,0.9997,21.72,2.125,473553,967804,0.386,1,294.8,"-0.35,0.66,9.34","-1.8,-12.7,-26.4","-42.300,11.400,15.300",0.76,1.07,0.00,0,117820,99079,8,1.76,37.496766,126.957740,27793,462,1714,36,12.89,0.00,999.00,125.5,0,146,0,2,-80,-78.2,99079,570,2,12.00,1,0,-4.39,-11.29,0
18:12:46,80.681,12516169,12516168,0,0,1,37.496754,126.957760,0.21,310.0,0,263.6,1,137.5,1,-2.36,9.02,7.33,0.9883,22.53,2.293,473553,967828,0.386,1,294.8,"0.68,1.29,8.90","-5.4,2.7,4.2","-46.950,13.500,15.900",1.48,1.84,0.00,0,117822,99081,8,1.76,37.496766,126.957740,27793,462,1714,36,13.65,0.00,999.00,124.5,0,146,0,2,-78,-77.9,99081,43,2,12.00,1,0,-4.39,-11.29,0
18:12:46,80.795,12516483,12516482,0,0,1,37.496754,126.957760,0.21,310.0,0,263.6,1,135.1,1,-8.90,11.49,14.00,0.9725,22.36,2.248,473553,967863,0.386,1,294.8,"-2.58,2.23,10.97","6.7,-2.3,12.1","-46.350,12.000,15.900",2.62,2.62,0.00,0,117825,99083,8,1.76,37.496766,126.957740,27793,462,1714,36,14.30,0.00,999.00,125.2,0,146,0,2,-80,-79.5,99083,40,2,12.00,1,0,-4.39,-11.29,0
18:12:47,81.130,12516583,12516582,0,0,1,37.496754,126.957760,0.21,310.0,0,263.6,1,135.0,1,0.00,9.79,22.29,0.9897,22.37,2.236,473553,967875,0.386,1,294.8,"-1.41,1.48,9.57","15.6,15.9,0.7","-45.000,13.350,15.750",0.84,2.21,0.00,0,117826,99083,8,1.76,37.496766,126.957740,27793,462,1714,36,14.30,0.00,999.00,125.2,0,146,0,2,-80,-79.5,99083,140,2,12.00,1,0,-4.39,-11.29,0
18:12:47,81.644,12516885,12516884,0,0,1,37.496761,126.957752,0.50,294.8,1,294.8,1,128.8,1,-8.10,9.36,25.41,0.9924,20.80,2.204,473553,967911,0.787,1,294.8,"-0.50,1.61,9.21","-16.3,-15.9,11.3","-44.250,12.600,14.250",0.49,1.23,0.00,0,117829,99085,8,1.05,37.496767,126.957746,27794,462,1714,36,14.77,0.00,999.00,144.2,0,146,0,2,-73,-77.1,99085,126,2,11.26,1,0,-4.39,-11.29,0
18:12:47,81.829,12517409,12517396,0,0,1,37.496762,126.957750,0.50,294.8,1,294.8,1,138.5,1,5.52,8.33,40.52,0.9900,22.88,2.396,473553,967971,0.787,1,294.8,"0.73,0.80,8.26","40.0,-2.3,-5.8","-49.350,15.450,16.050",1.94,2.08,0.00,0,117834,99089,8,1.05,37.496767,126.957746,27794,462,1714,36,14.86,0.00,999.00,142.6,0,146,0,2,-67,-76.1,99089,17,2,10.18,1,0,-4.39,-11.29,0
18:12:48,81.952,12517619,12517606,0,0,1,37.496765,126.957753,0.97,343.1,1,343.1,1,138.3,1,-25.07,10.48,38.83,0.9912,24.24,2.288,473553,967992,1.435,1,72.8,"-1.65,1.24,10.27","22.3,15.8,27.6","-46.500,14.100,17.550",1.34,1.34,0.00,0,117836,99091,7,1.51,37.496767,126.957757,27795,462,1714,36,14.11,0.00,999.00,95.4,0,146,0,2,-65,-72.1,99091,14,2,6.96,1,0,-4.39,-11.29,0
18:12:48,82.152,12517723,12517710,0,0,1,37.496765,126.957753,0.97,343.1,1,343.1,1,136.3,1,-7.93,11.74,38.47,0.9781,25.37,2.298,473553,968003,1.435,1,72.8,"-2.22,2.32,11.30","4.4,-35.2,15.0","-47.250,13.650,18.750",2.36,2.49,0.00,0,117837,99092,7,1.51,37.496767,126.957757,27795,462,1714,36,14.11,-0.09,999.00,95.4,0,146,0,2,-68,-71.3,99092,14,2,6.44,1,0,-4.39,-11.29,0
18:12:48,82.231,12517919,12517918,0,0,1,37.496765,126.957754,0.97,343.1,1,343.1,1,138.1,1,-9.86,8.74,17.88,0.9996,22.84,2.436,473553,968025,1.435,1,72.8,"-0.42,0.19,8.73","-11.8,8.7,10.3","-51.750,13.950,16.200",1.47,1.47,0.00,0,117839,99093,7,1.51,37.496767,126.957757,27795,462,1714,36,14.11,-0.09,999.00,95.4,0,146,0,2,-67,-70.4,99093,105,2,5.94,1,0,-4.39,-11.29,0
18:12:48,82.432,12518021,12518020,0,0,1,37.496766,126.957754,0.97,343.1,1,343.1,1,136.6,1,-14.47,8.49,42.51,0.9858,22.73,2.379,473553,968037,1.435,1,72.8,"-1.41,1.39,8.25","27.8,27.5,16.5","-49.650,14.100,16.050",1.27,1.49,0.00,0,117840,99094,7,1.51,37.496767,126.957757,27795,462,1714,36,14.11,-0.09,999.00,95.4,0,146,0,2,-68,-69.9,99094,100,2,5.67,1,0,-4.39,-11.29,0
18:12:48,82.564,12518222,12518221,0,0,1,37.496766,126.957755,0.97,343.1,1,343.1,1,135.3,1,23.68,10.52,28.27,0.9914,22.71,2.393,473553,968061,1.435,1,72.8,"-1.58,1.33,10.31","9.3,0.9,-26.7","-51.000,12.750,16.200",0.97,1.74,0.00,0,117842,99096,7,1.51,37.496767,126.957757,27795,462,1714,36,14.11,-0.09,999.00,95.4,0,146,0,2,-73,-71.4,99096,81,2,6.49,1,0,-4.39,-11.29,0
18:12:48,82.815,12518322,12518321,0,0,1,37.496766,126.957755,0.97,343.1,1,343.1,1,140.2,1,56.95,9.84,60.71,0.9827,21.61,2.347,473553,968073,1.435,1,72.8,"-0.34,0.34,9.83","10.9,-9.1,-59.0","-52.050,13.050,15.150",1.12,1.51,0.00,0,117843,99097,7,1.51,37.496767,126.957757,27795,462,1714,36,14.11,0.00,999.00,95.4,0,146,0,2,-79,-72.9,99097,84,2,7.51,1,0,-4.39,-11.29,0
18:12:49,82.914,12518526,12518525,0,0,1,37.496766,126.957755,0.97,343.1,1,343.1,1,143.4,1,-1.92,8.84,17.61,0.9906,23.05,2.606,473553,968096,1.435,1,72.8,"0.50,1.25,8.73","-12.1,-11.9,4.8","-55.650,17.250,16.050",1.36,2.09,0.00,0,117845,99099,7,1.51,37.496767,126.957757,27795,462,1714,36,14.11,0.00,999.00,95.4,0,146,0,2,-72,-73.2,99099,77,2,7.74,1,0,-4.39,-11.29,0
18:12:49,83.082,12518626,12518625,0,0,1,37.496765,126.957761,1.09,16.4,1,16.4,1,149.7,1,0.24,10.13,17.61,0.9901,21.64,2.594,473553,968108,1.214,1,78.4,"0.67,1.37,10.02","6.4,15.6,-5.2","-55.500,16.650,14.700",1.42,1.71,0.00,0,117846,99099,7,1.51,37.496764,126.957766,27796,462,1714,36,14.11,0.00,999.00,95.4,0,146,0,2,-72,-73.2,99099,177,2,7.74,1,0,-4.39,-11.29,0
18:12:49,83.214,12518827,12518826,0,0,1,37.496766,126.957762,1.09,16.4,1,16.4,1,147.2,1,-1.85,10.87,33.56,0.9760,24.07,2.426,473553,968132,1.214,1,78.4,"-1.45,2.68,10.43","-14.1,-29.6,7.3","-51.300,14.250,17.400",1.86,2.82,0.00,0,117848,99100,7,1.51,37.496764,126.957766,27796,462,1714,36,13.45,0.00,999.00,61.5,0,146,0,2,-76,-73.8,99100,166,2,8.16,1,0,-4.39,-11.29,0
18:12:49,83.286,12518928,12518927,0,0,1,37.496766,126.957763,1.09,16.4,1,16.4,1,147.3,1,0.00,10.84,8.83,0.9814,23.22,2.492,473553,968144,1.214,1,78.4,"-0.68,2.60,10.51","-8.7,-1.6,0.6","-54.000,13.500,16.650",1.51,1.76,0.00,0,117849,99101,7,1.51,37.496764,126.957766,27796,462,1714,36,13.45,0.00,999.00,61.5,0,146,0,2,-69,-72.8,99101,51,2,7.45,1,0,-4.39,-11.29,0
18:12:49,83.481,12519029,12519028,0,0,1,37.496766,126.957763,1.09,16.4,1,16.4,1,145.9,1,-18.85,8.73,26.72,0.9990,22.40,2.437,473553,968156,1.214,1,78.4,"-0.79,0.37,8.69","4.4,17.9,19.4","-52.500,12.750,15.900",1.44,1.65,0.00,0,117850,99102,7,1.51,37.496764,126.957766,27796,462,1714,36,13.45,0.00,999.00,61.5,0,146,0,2,-72,-72.7,99102,40,2,7.34,1,0,-4.39,-11.29,0
18:12:49,83.580,12519231,12519230,0,0,1,37.496767,126.957764,1.09,16.4,1,16.4,1,141.3,1,-22.61,10.15,34.60,0.9863,20.81,2.335,473553,968180,1.214,1,78.4,"-1.80,1.49,9.88","-12.0,-18.1,27.0","-51.000,9.150,14.700",1.21,1.40,0.00,0,117852,99104,7,1.51,37.496764,126.957766,27796,462,1714,36,13.45,0.52,999.00,61.5,0,146,0,2,-72,-71.8,99104,36,2,6.75,1,0,-4.39,-11.29,0
18:12:49,83.701,12519331,12519330,0,0,1,37.496767,126.957765,1.09,16.4,1,16.4,1,140.8,1,10.47,10.91,17.87,0.9955,18.72,2.308,473553,968192,1.214,1,78.4,"-0.68,1.55,10.77","7.1,7.4,-14.6","-50.700,7.800,12.750",1.23,1.42,0.00,0,117853,99105,7,1.51,37.496764,126.957766,27796,462,1714,36,13.37,0.00,999.00,63.3,0,146,0,2,-76,-72.6,99105,35,2,7.32,1,0,-4.39,-11.29,0
18:12:49,83.797,12519432,12519431,0,0,1,37.496767,126.957765,1.09,16.4,1,16.4,1,143.4,1,48.30,10.00,54.97,0.9788,19.85,2.296,473553,968204,1.214,1,78.4,"-2.83,0.72,9.56","6.2,10.8,-53.5","-51.300,9.900,12.900",1.87,1.89,0.00,0,117854,99106,7,1.51,37.496764,126.957766,27796,462,1714,36,13.45,0.52,999.00,61.5,0,146,0,2,-66,-71.3,99106,34,2,6.45,1,0,-4.39,-11.29,0
18:12:50,84.271,12519537,12519536,0,0,1,37.496767,126.957765,1.09,16.4,1,16.4,1,147.3,1,14.01,9.38,30.44,0.9997,20.30,2.443,473553,968215,1.214,1,78.4,"-0.19,0.42,9.37","19.3,-19.4,-13.3","-52.650,12.600,13.800",1.19,1.71,0.00,0,117855,99107,7,1.51,37.496764,126.957766,27796,462,1714,36,13.37,0.49,999.00,63.3,0,146,0,2,-66,-70.2,99107,33,2,5.83,1,0,-4.39,-11.29,0
18:12:50,84.445,12520044,12520043,0,0,1,37.496763,126.957770,0.98,38.1,1,38.1,1,155.6,1,18.06,10.40,28.10,0.9851,22.73,2.463,473553,968274,0.875,1,78.4,"-0.91,2.24,10.12","1.0,14.6,-24.0","-53.250,13.050,16.200",0.92,2.13,0.00,0,117860,99111,6,1.73,37.496757,126.957768,27797,462,1714,36,12.79,0.94,999.00,39.2,0,146,0,2,-71,-71.4,99111,111,2,6.54,1,0,-4.39,-11.29,0
18:12:50,84.619,12520155,12520142,0,0,1,37.496763,126.957771,0.98,38.1,1,38.1,1,154.8,1,-21.45,8.56,26.66,0.9936,22.41,2.416,473553,968286,0.875,1,78.4,"-1.35,0.34,8.45","-6.2,14.4,21.6","-51.750,12.750,15.900",1.74,1.74,0.00,0,117861,99112,6,1.73,37.496757,126.957768,27797,462,1714,36,12.79,0.00,999.00,39.2,0,146,0,2,-78,-72.7,99112,16,2,7.41,1,0,-4.39,-11.29,0
18:12:50,84.695,12520364,12520351,0,0,1,37.496763,126.957772,0.98,38.1,1,38.1,1,150.9,1,-19.25,9.90,23.46,0.9918,21.31,2.329,473553,968310,0.875,1,78.4,"-0.96,1.64,9.72","-10.1,6.4,20.2","-50.550,9.600,15.150",0.47,1.06,0.00,0,117863,99113,6,1.73,37.496757,126.957768,27797,462,1714,36,12.79,0.00,999.00,39.2,0,146,0,2,-79,-74.0,99113,14,2,8.34,1,0,-4.39,-11.29,0
18:12:50,84.797,12520469,12520445,0,0,1,37.496763,126.957772,0.98,38.1,1,38.1,1,151.1,1,17.87,10.78,25.42,0.9854,21.51,2.338,473553,968320,0.875,1,78.4,"-1.04,2.27,10.49","15.3,-0.5,-20.3","-51.300,8.850,15.450",1.24,1.52,0.00,0,117864,99114,6,1.73,37.496757,126.957768,27797,462,1714,36,12.79,0.00,999.00,39.2,0,146,0,2,-81,-75.4,99114,6,2,8.34,1,0,-4.39,-11.29,0
18:12:51,84.880,12520561,12520560,0,0,1,37.496763,126.957772,0.98,38.1,1,38.1,1,153.7,1,34.08,10.06,39.65,0.9954,21.26,2.340,473553,968331,0.875,1,78.4,"-1.21,1.10,9.93","14.9,-10.4,-35.2","-50.400,10.500,15.000",0.71,1.18,0.00,0,117865,99114,6,1.73,37.496757,126.957768,27797,462,1714,36,13.45,0.00,999.00,39.8,0,146,0,2,-81,-75.4,99114,98,2,9.53,1,0,-4.39,-11.29,0
18:12:51,84.998,12520681,12520668,0,0,1,37.496757,126.957774,0.92,54.1,1,54.1,1,165.9,1,7.81,9.59,18.01,0.9985,23.06,2.432,473553,968344,0.864,1,83.7,"-0.30,0.98,9.54","11.7,-10.4,-9.0","-52.800,12.000,16.650",0.73,0.84,0.00,0,117866,99115,7,1.73,37.496751,126.957773,27798,462,1714,36,13.55,0.00,999.00,22.1,0,146,0,2,-78,-75.9,99115,14,2,10.02,1,0,-4.39,-11.29,0
18:12:51,85.066,12520777,12520775,0,0,1,37.496757,126.957775,0.92,54.1,1,54.1,1,165.5,1,-13.94,8.52,28.86,0.9888,23.23,2.470,473553,968355,0.864,1,83.7,"-0.04,1.64,8.36","10.7,23.0,13.8","-53.250,13.500,16.650",1.22,1.59,0.00,0,117867,99116,7,1.73,37.496751,126.957773,27798,462,1714,36,13.55,0.00,999.00,22.1,0,146,0,2,-81,-76.9,99116,11,2,11.03,1,0,-4.39,-11.29,0
18:12:51,85.214,12520884,12520883,0,0,1,37.496757,126.957776,0.92,54.1,1,54.1,1,163.4,1,-21.85,9.35,24.95,0.9928,24.49,2.370,473553,968368,0.864,1,83.7,"-0.38,1.58,9.20","-7.0,4.6,23.5","-50.400,12.600,18.000",0.18,1.32,0.00,0,117868,99116,7,1.73,37.496751,126.957773,27798,462,1714,36,13.55,0.00,999.00,22.1,0,146,0,2,-81,-76.9,99116,118,2,11.03,1,0,-4.39,-11.29,0
18:12:51,85.399,12520996,12520983,0,0,1,37.496757,126.957776,0.92,54.1,1,54.1,1,161.2,1,-19.67,10.50,29.19,0.9972,23.86,2.308,473553,968380,0.864,1,83.7,"-0.57,1.30,10.41","14.8,13.7,21.1","-49.200,10.950,17.550",0.99,1.10,0.00,0,117869,99117,7,1.73,37.496751,126.957773,27798,462,1714,36,12.89,0.00,999.00,21.4,0,146,0,2,-85,-78.5,99117,19,2,12.00,1,0,-4.39,-11.29,0
18:12:51,85.530,12521188,12521187,0,0,1,37.496757,126.957778,0.92,54.1,1,54.1,1,161.7,1,1.49,9.87,26.95,0.9845,25.42,2.265,473553,968403,0.864,1,83.7,"-1.13,2.06,9.58","-24.7,-9.2,-5.6","-46.650,12.750,18.900",0.47,0.94,0.00,0,117871,99118,7,1.73,37.496751,126.957773,27798,462,1714,36,12.89,0.00,999.00,21.4,0,146,0,2,-80,-78.8,99118,101,2,12.00,1,0,-4.39,-11.29,0
18:12:51,85.818,12521307,12521294,0,0,1,37.496757,126.957779,0.92,54.1,1,54.1,1,160.5,1,-14.66,8.52,28.02,0.9871,23.55,2.290,473553,968416,0.864,1,83.7,"-1.14,1.55,8.30","20.6,2.9,18.8","-49.350,9.600,17.400",1.19,1.47,0.00,0,117872,99119,7,1.73,37.496751,126.957773,27798,462,1714,36,12.89,0.00,999.00,21.4,0,146,0,2,-77,-78.5,99119,16,2,12.00,1,0,-4.39,-11.29,0
18:12:52,86.348,12521517,12521504,0,0,1,37.496757,126.957779,0.92,54.1,1,54.1,1,158.3,1,0.00,10.35,6.55,0.9935,21.66,2.242,473553,968437,0.864,1,83.7,"-1.20,1.43,10.18","-2.7,5.4,-2.4","-48.900,7.350,15.750",0.95,1.16,0.00,0,117874,99121,7,1.73,37.496751,126.957773,27798,462,1714,36,12.79,0.00,999.00,23.2,0,146,0,2,-72,-75.7,99121,18,2,9.77,1,0,-4.39,-11.29,0
18:12:52,86.462,12522037,12522024,0,0,1,37.496753,126.957789,1.16,68.4,1,68.4,1,171.4,1,-21.79,10.48,24.67,0.9965,24.79,2.335,473553,968492,1.394,1,95.1,"-0.08,1.30,10.40","1.3,0.4,24.6","-49.200,12.600,18.300",1.23,1.23,0.00,0,117879,99126,7,1.73,37.496749,126.957788,27799,462,1714,36,12.89,0.00,999.00,7.0,0,146,0,2,-77,-76.0,99126,16,2,10.14,1,0,-4.39,-11.29,0
18:12:52,86.665,12522141,12522128,0,0,1,37.496753,126.957790,1.16,68.4,1,68.4,1,169.8,1,-2.79,11.47,33.79,0.9872,25.05,2.257,473553,968503,1.394,1,95.1,"-0.75,2.38,11.20","-19.7,-26.1,8.6","-48.300,9.600,18.900",1.65,3.12,0.00,0,117880,99127,7,1.73,37.496749,126.957788,27799,462,1714,36,12.89,0.00,999.00,7.0,0,146,0,2,-73,-75.4,99127,13,2,9.57,1,0,-4.39,-11.29,0
18:12:53,86.949,12522434,12522433,0,0,1,37.496753,126.957791,1.16,68.4,1,68.4,1,168.8,1,-17.43,8.65,32.11,0.9851,22.58,2.321,473553,968537,1.394,1,95.1,"-0.27,1.90,8.43","14.0,23.1,17.3","-50.700,9.000,16.500",1.05,1.39,0.00,0,117883,99129,7,1.73,37.496749,126.957788,27799,462,1714,36,12.14,0.00,999.00,8.2,0,146,0,2,-77,-75.7,99129,101,2,9.79,1,0,-4.39,-11.29,0
18:12:53,87.080,12522739,12522738,0,0,1,37.496748,126.957796,1.06,78.5,1,78.5,1,170.9,1,45.87,10.10,50.16,0.9740,24.84,2.207,473553,968572,0.962,1,97.2,"-1.16,1.46,9.93","13.6,-10.8,-47.1","-47.850,11.100,19.200",0.52,1.80,0.00,0,117886,99131,8,1.73,37.496743,126.957795,27800,462,1714,36,12.36,0.00,999.00,-5.7,0,146,0,2,-64,-72.6,99131,83,2,7.30,1,0,-4.39,-11.29,0
18:12:53,87.281,12522840,12522839,0,0,1,37.496748,126.957797,1.06,78.5,1,78.5,1,172.9,1,1.48,8.40,22.70,0.9933,26.22,2.313,473553,968584,0.962,1,97.2,"-0.21,1.37,8.28","21.4,6.4,-4.1","-47.250,14.550,19.500",1.35,1.40,0.00,0,117887,99132,8,1.73,37.496743,126.957795,27800,462,1714,36,12.36,1.06,999.00,-5.7,0,146,0,2,-60,-70.1,99132,79,2,5.75,1,0,-4.39,-11.29,0
18:12:53,87.464,12523042,12523041,0,0,1,37.496747,126.957799,1.06,78.5,1,78.5,1,170.7,1,-0.05,9.86,4.14,0.9900,26.25,2.302,473553,968608,0.962,1,97.2,"-0.82,1.82,9.65","-1.6,3.4,1.8","-47.550,13.500,19.650",0.52,0.95,0.00,0,117889,99134,8,1.73,37.496743,126.957795,27800,462,1714,36,11.72,1.05,999.00,-6.7,0,146,0,2,-73,-69.8,99134,70,2,5.62,1,0,-4.39,-11.29,0
18:12:53,87.768,12523249,12523248,0,0,1,37.496747,126.957801,1.06,78.5,1,78.5,1,172.3,1,10.87,9.72,14.61,1.0000,26.81,2.325,473553,968633,0.962,1,97.2,"-0.39,0.52,9.70","3.3,-3.1,-13.9","-49.350,12.000,20.400",1.36,3.16,0.00,0,117891,99135,8,1.73,37.496743,126.957795,27800,462,1714,36,11.59,1.06,999.00,-4.7,0,146,0,2,-72,-70.3,99135,68,2,5.86,1,0,-4.39,-11.29,0
18:12:54,88.205,12523573,12523572,0,0,1,37.496747,126.957802,1.06,78.5,1,78.5,1,170.0,1,-7.56,10.08,16.81,0.9657,26.19,2.337,473553,968669,0.962,1,97.2,"-1.45,2.89,9.55","-13.9,5.1,7.9","-48.450,12.150,20.250",1.23,1.24,0.00,0,117894,99138,8,1.73,37.496743,126.957795,27800,462,1714,36,12.24,1.06,999.00,-3.8,0,146,0,2,-70,-70.6,99138,77,2,6.02,1,0,-4.39,-11.29,0
18:12:54,88.313,12523878,12523877,0,0,1,37.496739,126.957805,0.96,90.2,1,90.2,1,175.9,1,26.91,9.76,42.51,0.9971,25.45,2.404,473553,968705,0.864,1,112.0,"-0.03,1.09,9.70","4.3,-34.6,-24.3","-50.400,14.550,18.750",1.25,1.97,0.00,0,117897,99141,7,1.51,37.496733,126.957801,27801,462,1714,36,12.49,0.91,999.00,-19.3,0,146,0,2,-68,-70.3,99141,67,2,5.85,1,0,-4.39,-11.29,0
18:12:54,88.372,12523979,12523978,0,0,1,37.496739,126.957806,0.96,90.2,1,90.2,1,175.4,1,-23.52,8.53,45.61,0.9927,26.61,2.413,473553,968717,0.864,1,112.0,"0.03,1.33,8.42","19.6,34.9,21.8","-51.150,14.100,18.750",1.29,2.10,0.00,0,117898,99142,7,1.51,37.496733,126.957801,27801,462,1714,36,11.86,0.90,999.00,-20.4,0,146,0,2,-72,-70.6,99142,62,2,6.05,1,0,-4.39,-11.29,0
18:12:54,88.483,12524080,12524079,0,0,1,37.496739,126.957807,0.96,90.2,1,90.2,1,172.8,1,-21.38,8.79,30.90,0.9927,27.41,2.394,473553,968729,0.864,1,112.0,"-0.78,1.42,8.64","4.5,22.5,20.7","-50.100,14.700,20.700",0.60,1.22,0.00,0,117899,99143,7,1.51,37.496733,126.957801,27801,462,1714,36,11.86,0.90,999.00,-20.4,0,146,0,2,-69,-70.3,99143,53,2,5.87,1,0,-4.39,-11.29,0
18:12:54,88.618,12524180,12524179,0,0,1,37.496738,126.957808,0.96,90.2,1,90.2,1,171.6,1,-8.45,10.52,12.55,0.9931,26.30,2.298,473553,968741,0.864,1,112.0,"-0.57,1.74,10.36","-5.6,-2.2,11.0","-47.100,13.950,19.650",1.07,1.07,0.00,0,117900,99144,7,1.51,37.496733,126.957801,27801,462,1714,36,11.86,0.90,999.00,-20.4,0,146,0,2,-69,-70.0,99144,48,2,5.72,1,0,-4.39,-11.29,0
18:12:54,88.695,12524382,12524381,0,0,1,37.496738,126.957809,0.96,90.2,1,90.2,1,173.3,1,15.69,9.79,22.88,0.9851,25.70,2.354,473553,968765,0.864,1,112.0,"-0.78,2.13,9.53","3.3,8.9,-20.8","-49.800,12.750,19.200",0.51,1.45,0.00,0,117902,99146,7,1.51,37.496733,126.957801,27801,462,1714,36,11.86,0.90,999.00,-20.4,0,146,0,2,-71,-70.5,99146,41,2,6.01,1,0,-4.39,-11.29,0
18:12:55,88.896,12524487,12524486,0,0,1,37.496738,126.957809,0.96,90.2,1,90.2,1,173.7,1,0.00,8.62,5.16,0.9869,27.94,2.357,473553,968776,0.864,1,112.0,"-1.46,1.30,8.40","3.1,4.1,-0.8","-49.200,14.100,21.300",1.29,1.29,0.00,0,117903,99147,7,1.51,37.496733,126.957801,27801,462,1714,36,11.86,0.90,999.00,-20.4,0,146,0,2,-72,-70.8,99147,40,2,6.18,1,0,-4.39,-11.29,0
18:12:55,89.101,12524588,12524587,0,0,1,37.496732,126.957810,0.92,97.2,1,97.2,1,163.9,0,-9.06,9.40,14.40,0.9776,27.89,2.340,473553,968788,0.885,1,110.3,"-1.25,2.25,9.05","5.1,-3.8,12.9","-48.900,13.650,21.300",0.70,1.21,0.00,0,117904,99148,7,1.51,37.496727,126.957807,27802,462,1714,36,11.86,0.90,999.00,-20.4,0,146,0,2,-73,-71.3,99148,36,2,6.43,1,0,-4.39,-11.29,0
18:12:55,89.307,12524891,12524890,0,1,1,37.496731,126.957812,0.92,97.2,1,97.2,1,168.1,0,24.80,9.90,42.31,0.9955,25.38,2.501,473553,968824,0.885,1,110.3,"-0.14,1.37,9.80","24.4,-27.2,-21.4","-52.500,16.650,18.450",1.03,2.20,0.00,0,117907,99151,7,1.51,37.496727,126.957807,27802,462,1714,36,12.64,0.81,999.00,-28.1,1,146,0,2,-68,-71.3,99151,22,2,6.46,1,0,-4.39,-11.29,0
18:12:55,89.694,12525091,12525090,0,1,1,37.496731,126.957814,0.92,97.2,1,97.2,1,168.2,0,-11.02,8.98,31.34,0.9926,24.57,2.546,473553,968848,0.885,1,110.3,"0.38,1.20,8.89","9.2,28.5,9.3","-54.300,16.200,17.700",1.17,1.43,0.00,0,117909,99152,7,1.51,37.496727,126.957807,27802,462,1714,36,12.01,0.81,999.00,-29.3,1,146,0,2,-67,-70.4,99152,11,2,5.95,1,0,-4.39,-11.29,0
18:12:56,89.963,12525409,12525396,0,1,1,37.496730,126.957816,0.92,97.2,1,97.2,1,166.9,0,0.00,9.59,18.70,0.9880,25.24,2.461,473553,968882,0.885,1,110.3,"0.00,1.88,9.40","-2.1,17.4,-6.6","-53.400,12.900,18.750",0.81,1.82,0.00,0,117912,99155,7,1.51,37.496727,126.957807,27802,462,1714,36,12.01,0.81,999.00,-29.3,1,146,0,2,-65,-68.2,99155,13,2,4.79,1,0,-4.39,-11.29,0
18:12:56,90.035,12525620,12525607,0,1,1,37.496724,126.957816,1.05,102.1,1,102.1,1,156.8,0,-13.84,9.99,21.46,0.9759,23.40,2.468,473553,968903,1.178,1,111.1,"-1.08,2.56,9.60","-13.9,-3.2,16.0","-53.100,13.650,16.800",0.99,1.34,0.00,0,117914,99157,6,1.75,37.496719,126.957812,27803,462,1714,36,12.35,0.83,999.00,-37.8,1,146,0,2,-67,-67.3,99157,15,2,4.40,1,0,-4.39,-11.29,0
18:12:56,90.263,12525725,12525712,0,1,1,37.496724,126.957817,1.05,102.1,1,102.1,1,156.7,0,7.31,10.28,10.97,0.9896,22.96,2.395,473553,968914,1.178,1,111.1,"0.13,1.86,10.11","0.7,-0.5,-10.9","-52.050,11.100,16.650",1.12,1.12,0.00,0,117915,99158,6,1.75,37.496719,126.957812,27803,462,1714,36,12.35,0.83,999.00,-37.8,1,146,0,2,-69,-67.6,99158,17,2,4.55,1,0,-4.39,-11.29,0
18:12:56,90.514,12525935,12525922,0,1,1,37.496723,126.957819,1.05,102.1,1,102.1,1,160.3,0,0.00,9.11,15.18,0.9955,21.64,2.517,473553,968936,1.178,1,111.1,"0.39,0.77,9.07","8.2,-12.6,1.8","-55.200,12.750,15.150",1.39,1.43,0.00,0,117917,99160,6,1.75,37.496719,126.957812,27803,462,1714,36,12.18,0.85,999.00,-36.0,1,146,0,2,-69,-68.0,99160,17,2,4.70,1,0,-4.39,-11.29,0
18:12:56,90.667,12526235,12526234,0,1,1,37.496722,126.957822,1.05,102.1,1,102.1,1,156.7,0,-5.26,11.34,13.45,0.9903,22.85,2.396,473553,968969,1.178,1,111.1,"-0.98,2.05,11.11","10.3,4.0,7.7","-51.900,11.400,16.500",1.79,1.79,0.00,0,117920,99162,6,1.75,37.496719,126.957812,27803,462,1714,36,12.18,0.85,999.00,-36.0,1,146,0,2,-68,-67.8,99162,98,3,4.63,1,0,-4.39,-11.29,0
18:12:56,90.854,12526342,12526341,0,1,1,37.496721,126.957822,1.05,102.1,1,102.1,1,157.2,0,14.14,10.78,18.54,0.9849,23.36,2.450,473553,968982,1.178,1,111.1,"-0.84,2.36,10.49","-4.1,-0.2,-18.1","-52.650,13.350,16.800",1.23,1.78,0.00,0,117921,99164,6,1.75,37.496719,126.957812,27803,462,1714,36,11.56,0.84,999.00,-37.4,1,146,0,2,-66,-67.0,99164,0,3,4.39,1,0,-4.39,-11.29,0
18:12:57,90.933,12526547,12526546,0,1,1,37.496721,126.957822,1.05,102.1,1,102.1,1,157.1,0,-8.43,8.63,23.44,0.9745,23.99,2.404,473553,969005,1.178,1,111.1,"-0.68,2.33,8.28","18.1,10.4,10.7","-51.000,13.500,17.400",1.57,1.64,0.00,0,117923,99165,6,1.75,37.496719,126.957812,27803,462,1714,36,12.18,0.85,999.00,-36.0,1,146,0,2,-67,-67.0,99165,97,3,4.29,1,0,-4.39,-11.29,0
18:12:57,91.163,12526648,12526647,0,1,1,37.496718,126.957822,0.99,105.3,1,105.3,1,150.1,0,-3.77,9.45,34.21,0.9881,22.94,2.387,473553,969017,0.926,1,111.1,"-0.89,1.84,9.23","-30.1,-14.8,6.6","-51.150,12.150,16.500",0.38,1.44,0.00,0,117924,99166,6,1.75,37.496716,126.957819,27804,462,1714,36,12.18,0.85,999.00,-36.0,1,146,0,2,-66,-66.8,99166,87,3,4.21,1,0,-4.39,-11.29,0
18:12:57,91.582,12526850,12526849,0,1,1,37.496717,126.957824,0.99,105.3,1,105.3,1,153.6,0,28.73,10.11,37.81,0.9986,20.33,2.469,473553,969041,0.926,1,111.1,"-0.16,0.95,10.06","21.9,-7.7,-29.8","-53.400,12.900,13.800",0.96,1.12,0.00,0,117926,99168,6,1.75,37.496716,126.957819,27804,462,1714,36,12.54,0.73,999.00,-42.7,1,146,0,2,-59,-64.8,99168,85,3,3.48,1,0,-4.39,-11.29,0
18:12:57,91.713,12527254,12527253,0,1,1,37.496715,126.957828,0.99,105.3,1,105.3,1,153.9,0,-4.42,10.42,24.92,0.9925,22.26,2.507,473553,969089,0.926,1,111.1,"-0.58,1.78,10.25","11.7,21.6,4.2","-53.250,15.450,15.450",0.97,0.97,0.00,0,117930,99172,6,1.75,37.496716,126.957819,27804,462,1714,36,12.54,0.73,999.00,-42.7,1,146,0,2,-63,-63.5,99172,67,3,3.08,1,0,-4.39,-11.29,0
18:12:57,91.845,12527355,12527354,0,1,1,37.496715,126.957828,0.99,105.3,1,105.3,1,153.7,0,0.00,10.06,16.23,0.9986,21.61,2.480,473553,969101,0.926,1,111.1,"0.08,0.58,10.05","-12.3,-10.3,2.4","-53.400,13.650,15.000",1.12,2.89,0.00,0,117931,99173,6,1.75,37.496716,126.957819,27804,462,1714,36,12.54,0.73,999.00,-42.7,1,146,0,2,-69,-64.6,99173,65,3,3.42,1,0,-4.39,-11.29,0
18:12:58,91.980,12527561,12527560,0,1,1,37.496715,126.957828,0.99,105.3,1,105.3,1,154.8,0,3.26,8.53,26.11,0.9974,24.32,2.498,473553,969124,0.926,1,111.1,"-0.24,1.02,8.47","25.0,-5.4,-5.0","-54.000,13.950,17.700",1.15,1.48,0.00,0,117933,99175,6,1.75,37.496716,126.957819,27804,462,1714,36,12.54,0.73,999.00,-42.7,1,146,0,2,-73,-67.3,99175,60,3,4.42,1,0,-4.39,-11.29,0
18:12:58,92.063,12527663,12527662,0,1,1,37.496709,126.957825,0.89,108.7,1,108.7,1,149.0,0,-7.81,9.15,14.26,0.9781,22.79,2.528,473553,969136,0.797,1,115.0,"-0.18,2.33,8.85","-10.3,1.5,9.8","-53.550,16.200,15.900",0.89,1.30,0.00,0,117934,99176,8,1.51,37.496704,126.957818,27805,462,1714,36,12.96,0.58,999.00,-49.4,1,146,0,2,-66,-67.1,99176,57,3,4.31,1,0,-4.39,-11.29,0
18:12:58,92.263,12527764,12527763,0,1,1,37.496708,126.957826,0.89,108.7,1,108.7,1,147.8,0,-5.69,9.86,19.92,0.9941,21.95,2.509,473553,969148,0.797,1,115.0,"-0.45,1.56,9.73","-14.7,-9.6,9.4","-54.150,14.100,15.300",0.40,0.89,0.00,0,117935,99177,8,1.51,37.496704,126.957818,27805,462,1714,36,12.96,0.58,999.00,-49.4,1,146,0,2,-64,-66.4,99177,52,3,4.07,1,0,-4.39,-11.29,0
18:12:58,92.546,12528066,12528065,0,1,1,37.496707,126.957829,0.89,108.7,1,108.7,1,152.0,0,0.00,8.88,11.63,0.9836,21.74,2.552,473553,969184,0.797,1,115.0,"0.70,1.60,8.71","8.7,-7.7,1.0","-53.550,17.400,14.700",1.28,1.31,0.00,0,117938,99180,8,1.51,37.496704,126.957818,27805,462,1714,36,12.96,0.58,999.00,-49.4,1,146,0,2,-70,-68.6,99180,37,3,4.99,1,0,-4.39,-11.29,0
18:12:58,92.646,12528269,12528268,1,1,1,37.496706,126.957830,0.89,108.7,1,108.7,1,149.6,0,-11.81,9.93,19.23,0.9862,21.31,2.509,473553,969208,0.797,1,115.0,"0.75,1.61,9.77","-6.0,13.5,12.3","-52.800,16.200,14.400",0.90,1.27,0.00,0,117940,99182,8,1.51,37.496704,126.957818,27805,462,1714,36,12.38,0.56,999.00,-51.0,1,147,0,1,-71,-69.0,99182,28,3,5.18,1,0,-4.39,-11.29,0
18:12:58,92.782,12528369,12528368,1,1,1,37.496706,126.957830,0.89,108.7,1,108.7,1,148.2,0,-1.67,11.49,13.31,0.9663,22.23,2.480,473553,969220,0.797,1,115.0,"-1.96,3.12,10.89","-2.6,12.9,2.0","-52.500,15.150,15.450",2.88,2.88,0.00,0,117941,99183,8,1.51,37.496704,126.957818,27805,462,1714,36,12.38,0.56,999.00,-51.0,1,147,0,1,-65,-68.2,99183,23,3,4.80,1,0,-4.39,-11.29,0
18:12:59,92.912,12528491,12528467,1,1,1,37.496706,126.957830,0.89,108.7,1,108.7,1,149.5,0,22.57,10.10,32.27,0.9910,21.88,2.509,473553,969232,0.797,1,115.0,"0.90,0.41,10.05","-6.7,-21.8,-22.8","-55.200,12.300,15.450",1.83,4.60,0.00,0,117942,99184,8,1.51,37.496704,126.957818,27805,462,1714,36,12.96,0.58,999.00,-49.4,1,147,0,1,-66,-67.7,99184,38,3,4.60,1,0,-4.39,-11.29,0
18:12:59,92.997,12528584,12528583,1,1,1,37.496700,126.957824,0.78,110.9,1,110.9,1,146.1,0,-2.86,10.07,15.58,0.9946,20.51,2.582,473553,969243,0.669,1,115.0,"-0.94,1.42,9.92","-13.8,-4.5,5.8","-55.500,15.900,13.650",0.74,2.33,0.00,0,117943,99185,6,1.75,37.496694,126.957815,27806,462,1714,36,12.96,0.58,999.00,-49.4,1,147,0,1,-65,-67.2,99185,27,3,4.37,1,0,-4.39,-11.29,0
18:12:59,93.009,12528685,12528684,1,1,1,37.496699,126.957825,0.78,110.9,1,110.9,1,145.4,0,-6.10,7.99,29.71,0.9503,21.21,2.489,473553,969255,0.669,1,115.0,"0.28,2.78,7.48","19.6,21.7,5.4","-54.600,13.650,14.250",2.35,2.39,0.00,0,117944,99186,6,1.75,37.496694,126.957815,27806,462,1714,36,13.97,0.47,999.00,-53.2,1,147,0,1,-71,-68.0,99186,22,3,4.70,1,0,-4.39,-11.29,0
18:12:59,93.121,12528786,12528785,1,1,1,37.496699,126.957826,0.78,110.9,1,110.9,1,145.0,0,-5.08,8.82,11.43,0.9972,21.73,2.544,473553,969267,0.669,1,115.0,"-0.97,0.76,8.73","-8.5,-0.7,7.6","-54.900,14.850,15.000",1.36,3.75,0.00,0,117945,99187,6,1.75,37.496694,126.957815,27806,462,1714,36,13.97,0.47,999.00,-53.2,1,147,0,1,-67,-67.8,99187,18,3,4.61,1,0,-4.39,-11.29,0
18:12:59,93.318,12528888,12528887,1,1,1,37.496698,126.957826,0.78,110.9,1,110.9,1,144.9,0,0.00,10.20,7.39,0.9999,19.09,2.551,473553,969279,0.669,1,115.0,"-0.37,0.43,10.18","6.1,2.6,-3.2","-55.500,13.950,12.450",1.66,1.92,0.00,0,117946,99188,6,1.75,37.496694,126.957815,27806,462,1714,36,14.20,0.45,999.00,-54.7,1,147,0,1,-65,-67.2,99188,12,3,4.38,1,0,-4.39,-11.29,0
18:12:59,93.429,12528999,12528986,1,1,1,37.496698,126.957827,0.78,110.9,1,110.9,1,146.1,0,24.03,11.94,30.90,0.9792,22.92,2.492,473553,969291,0.669,1,115.0,"-2.94,0.78,11.55","10.9,-15.5,-24.4","-53.250,14.700,16.200",3.07,3.13,0.00,0,117947,99189,6,1.75,37.496694,126.957815,27806,462,1714,36,14.20,0.45,999.00,-54.7,1,147,0,1,-60,-65.8,99189,20,3,3.81,1,0,-4.39,-11.29,0
18:12:59,93.497,12529103,12529090,1,1,1,37.496697,126.957828,0.78,110.9,1,110.9,1,148.4,0,3.95,11.43,31.83,0.9969,21.10,2.570,473553,969302,0.669,1,115.0,"-1.39,0.38,11.33","28.5,-13.9,-3.0","-53.550,18.300,13.950",1.78,2.56,0.00,0,117948,99190,6,1.75,37.496694,126.957815,27806,462,1714,36,14.20,0.45,999.00,-54.7,1,147,0,1,-57,-64.0,99190,18,3,3.23,1,0,-4.39,-11.29,0
18:13:00,94.045,12529205,12529192,1,1,1,37.496697,126.957828,0.78,110.9,1,110.9,1,147.3,0,-19.71,8.89,25.55,0.9886,19.98,2.694,473553,969313,0.669,1,115.0,"0.91,0.72,8.81","10.8,0.4,23.2","-57.300,19.200,12.750",2.14,2.59,0.00,0,117949,99191,6,1.75,37.496694,126.957815,27806,462,1714,36,14.20,0.45,999.00,-54.7,1,147,0,1,-59,-63.0,99191,14,3,2.93,1,0,-4.39,-11.29,0
18:13:00,94.213,12529726,12529713,1,1,1,37.496694,126.957830,0.59,112.3,1,112.3,1,139.8,0,-3.34,9.20,13.30,0.9949,19.80,2.485,473553,969367,0.401,1,115.0,"-0.24,1.36,9.09","-7.8,10.1,3.8","-53.550,13.500,13.200",0.60,0.99,0.00,0,117954,99196,7,1.51,37.496685,126.957818,27807,462,1714,36,13.90,0.30,999.00,-59.1,1,147,0,1,-63,-63.3,99196,15,3,3.01,1,0,-4.39,-11.29,0
18:13:00,94.220,12529830,12529817,1,1,1,37.496694,126.957830,0.59,112.3,1,112.3,1,139.8,0,0.00,9.78,6.73,0.9992,19.89,2.498,473553,969378,0.401,1,115.0,"-0.31,0.85,9.74","6.2,-0.1,-2.6","-53.550,14.250,13.200",0.60,0.86,0.00,0,117955,99197,7,1.51,37.496685,126.957818,27807,462,1714,36,13.90,0.30,999.00,-59.1,1,147,0,1,-62,-63.0,99197,13,3,2.94,1,0,-4.39,-11.29,0
18:13:00,94.332,12529923,12529922,1,1,1,37.496694,126.957830,0.59,112.3,1,112.3,1,139.8,0,-2.75,9.33,7.68,0.9965,21.21,2.480,473553,969389,0.401,1,115.0,"-0.55,1.23,9.24","5.3,1.4,5.4","-53.100,14.100,14.550",0.27,1.04,0.00,0,117956,99197,7,1.51,37.496685,126.957818,27807,462,1714,36,13.90,0.30,999.00,-59.1,1,147,0,1,-62,-63.0,99197,106,3,2.94,1,0,-4.39,-11.29,0
18:13:00,94.517,12530024,12530023,1,1,1,37.496694,126.957830,0.59,112.3,1,112.3,1,139.3,0,-8.88,9.60,15.85,0.9956,20.08,2.469,473553,969401,0.401,1,115.0,"0.18,1.13,9.53","-11.7,1.2,10.7","-53.100,13.350,13.500",0.69,0.69,0.00,0,117957,99198,7,1.51,37.496685,126.957818,27807,462,1714,36,13.90,0.30,999.00,-59.1,1,147,0,1,-60,-62.4,99198,97,3,2.78,1,0,-4.39,-11.29,0
18:13:00,94.697,12530225,12530224,1,1,1,37.496694,126.957831,0.59,112.3,1,112.3,1,138.4,0,0.00,9.88,3.48,0.9969,20.11,2.455,473553,969425,0.401,1,115.0,"-0.09,1.18,9.81","-2.2,-0.7,-2.6","-53.250,12.300,13.650",0.41,0.53,0.00,0,117959,99200,7,1.51,37.496685,126.957818,27807,462,1714,36,13.90,0.30,999.00,-59.1,1,147,0,1,-62,-62.0,99200,81,3,2.65,1,0,-4.39,-11.29,0
18:13:01,94.919,12530332,12530331,1,1,1,37.496694,126.957831,0.59,112.3,1,112.3,1,138.4,0,-1.77,9.73,10.58,0.9990,20.11,2.455,473553,969438,0.401,1,115.0,"-0.41,0.92,9.68","0.8,10.1,3.1","-53.250,12.300,13.650",0.28,0.68,0.00,0,117960,99201,7,1.51,37.496685,126.957818,27807,462,1714,36,13.90,0.30,999.00,-59.1,1,147,0,1,-62,-62.0,99201,81,3,2.66,1,0,-4.39,-11.29,0
18:13:01,95.146,12530637,12530636,1,1,1,37.496693,126.957830,0.46,112.3,1,112.3,1,138.1,0,0.00,9.64,11.29,0.9970,20.55,2.475,473553,969473,0.319,1,166.7,"-0.16,1.17,9.57","1.0,11.2,0.7","-53.250,13.500,13.950",0.12,0.30,0.00,0,117963,99204,7,1.75,37.496682,126.957817,27808,462,1714,36,13.90,0.30,999.00,-59.1,1,147,0,1,-64,-63.0,99204,82,3,2.93,1,0,-4.39,-11.29,0
18:13:01,95.329,12530839,12530838,1,1,1,37.496693,126.957830,0.46,112.3,1,112.3,1,138.1,0,0.00,9.88,2.61,0.9984,20.18,2.407,473553,969497,0.319,1,166.7,"-0.49,1.04,9.82","-1.1,-1.7,-1.6","-51.300,12.750,13.650",0.33,0.56,0.00,0,117965,99206,7,1.75,37.496682,126.957817,27808,462,1714,36,13.65,0.24,999.00,-57.7,1,147,0,1,-66,-63.9,99206,73,3,3.20,1,0,-4.39,-11.29,0
18:13:01,95.450,12531041,12531040,1,1,1,37.496693,126.957830,0.46,112.3,1,112.3,1,138.1,0,0.00,9.52,1.53,0.9983,19.87,2.388,473553,969521,0.319,1,166.7,"-0.42,1.02,9.45","-1.2,-0.6,-0.7","-51.450,11.400,13.500",0.22,0.27,0.00,0,117967,99208,7,1.75,37.496682,126.957817,27808,462,1714,36,13.65,0.24,999.00,-57.7,1,147,0,1,-67,-64.9,99208,58,3,3.50,1,0,-4.39,-11.29,0
18:13:01,95.467,12531142,12531141,1,1,1,37.496693,126.957830,0.46,112.3,1,112.3,1,138.1,0,0.00,9.89,4.50,0.9973,19.26,2.432,473553,969533,0.319,1,166.7,"-0.29,1.20,9.81","-2.2,-3.4,-1.9","-52.200,12.600,12.750",0.23,0.23,0.00,0,117968,99209,7,1.75,37.496682,126.957817,27808,462,1714,36,13.65,0.24,999.00,-57.7,1,147,0,1,-66,-65.1,99209,56,3,3.58,1,0,-4.39,-11.29,0
18:13:01,95.667,12531243,12531242,1,1,1,37.496693,126.957830,0.46,112.3,1,112.3,1,138.1,0,0.00,9.95,4.49,0.9970,21.03,2.355,473553,969545,0.319,1,166.7,"-0.22,1.22,9.87","-2.5,1.2,-3.5","-50.550,11.100,14.700",0.29,0.29,0.00,0,117969,99210,7,1.75,37.496682,126.957817,27808,462,1714,36,13.65,0.24,999.00,-57.7,1,147,0,1,-66,-65.3,99210,55,3,3.64,1,0,-4.39,-11.29,0
18:13:01,95.750,12531445,12531444,1,1,1,37.496693,126.957830,0.46,112.3,1,112.3,1,138.1,0,0.00,9.69,3.83,0.9961,21.07,2.428,473553,969569,0.319,1,166.7,"-0.22,1.31,9.60","1.7,3.2,-1.4","-52.800,11.550,14.700",0.21,0.43,0.00,0,117971,99212,7,1.75,37.496682,126.957817,27808,462,1714,36,13.65,0.24,999.00,-57.7,1,147,0,1,-67,-66.1,99212,46,3,3.92,1,0,-4.39,-11.29,0
18:13:02,95.895,12531550,12531549,1,1,1,37.496693,126.957830,0.46,112.3,1,112.3,1,138.1,0,0.00,9.77,3.22,0.9974,20.83,2.405,473553,969580,0.319,1,166.7,"-0.27,1.17,9.69","-1.8,2.3,-1.3","-51.750,12.000,14.400",0.10,0.24,0.00,0,117972,99213,7,1.75,37.496682,126.957817,27808,462,1714,36,13.65,0.24,999.00,-57.7,1,147,0,1,-73,-67.4,99213,45,3,4.47,1,0,-4.39,-11.29,0
18:13:02,96.065,12531650,12531649,1,1,1,37.496691,126.957829,0.37,138.1,0,112.3,1,138.1,0,0.00,9.59,2.72,0.9966,20.69,2.407,473553,969592,0.293,1,193.5,"-0.37,1.26,9.50","2.7,0.5,0.3","-52.500,10.800,14.400",0.19,0.27,0.00,0,117973,99213,7,1.51,37.496676,126.957816,27809,462,1714,36,13.65,0.24,999.00,-57.7,1,147,0,1,-73,-67.4,99213,145,3,4.47,1,0,-4.39,-11.29,0
18:13:02,96.146,12531762,12531750,1,0,1,37.496691,126.957829,0.37,138.1,0,112.3,1,138.1,0,0.77,9.73,5.69,0.9982,20.85,2.364,473553,969604,0.293,1,193.5,"-0.07,0.94,9.69","3.8,0.1,-4.2","-51.750,9.600,14.700",0.27,0.28,0.00,0,117974,99214,7,1.51,37.496676,126.957816,27809,462,1714,36,13.65,0.00,999.00,-83.4,0,147,0,1,-72,-68.4,99214,45,3,4.88,1,0,-4.39,-11.29,0
18:13:02,96.245,12531856,12531855,1,0,1,37.496691,126.957829,0.37,138.1,0,112.3,1,138.1,0,0.00,9.60,3.59,0.9990,19.98,2.351,473553,969615,0.293,1,193.5,"-0.23,0.85,9.56","3.2,1.5,-0.7","-51.150,9.750,13.800",0.25,0.26,0.00,0,117975,99215,7,1.51,37.496676,126.957816,27809,462,1714,36,14.20,0.00,999.00,-81.9,0,147,0,1,-72,-69.1,99215,33,3,5.23,1,0,-4.39,-11.29,0
18:13:02,96.311,12531958,12531957,1,0,1,37.496691,126.957829,0.37,138.1,0,112.3,1,138.1,0,0.00,9.69,5.38,0.9977,19.36,2.376,473553,969627,0.293,1,193.5,"-0.09,1.03,9.63","-2.0,-4.8,-1.3","-52.050,9.600,13.200",0.18,0.24,0.00,0,117976,99216,7,1.51,37.496676,126.957816,27809,462,1714,36,14.20,0.00,999.00,-81.9,0,147,0,1,-74,-70.1,99216,29,3,5.74,1,0,-4.39,-11.29,0
18:13:02,96.368,12532058,12532057,1,0,1,37.496691,126.957829,0.37,138.1,0,112.3,1,138.1,0,0.00,9.79,3.38,0.9969,20.47,2.388,473553,969639,0.293,1,193.5,"-0.18,1.21,9.71","-0.2,1.6,-2.9","-52.200,10.200,14.250",0.19,0.41,0.00,0,117977,99217,7,1.51,37.496676,126.957816,27809,462,1714,36,14.20,0.00,999.00,-81.9,0,147,0,1,-68,-69.7,99217,23,3,5.52,1,0,-4.39,-11.29,0
18:13:02,96.683,12532159,12532158,1,0,1,37.496691,126.957829,0.37,138.1,0,112.3,1,138.1,0,0.00,9.65,4.74,0.9968,20.25,2.386,473553,969651,0.293,1,193.5,"-0.44,1.25,9.56","4.7,0.4,-0.4","-51.750,10.800,13.950",0.24,0.47,0.00,0,117978,99218,7,1.51,37.496676,126.957816,27809,462,1714,36,14.20,0.00,999.00,-81.9,0,147,0,1,-67,-69.1,99218,19,3,5.25,1,0,-4.39,-11.29,0
18:13:02,96.782,12532374,12532373,1,0,1,37.496691,126.957829,0.37,138.1,0,112.3,1,138.3,0,0.68,9.76,6.51,0.9970,20.09,2.394,473553,969677,0.293,1,193.5,"-0.21,1.20,9.68","-4.4,-2.5,-4.1","-51.300,12.000,13.650",0.16,0.24,0.00,0,117980,99220,7,1.51,37.496676,126.957816,27809,462,1714,36,14.20,0.00,999.00,-81.9,0,147,0,1,-73,-69.7,99220,23,3,5.55,1,0,-4.39,-11.29,0
18:13:03,96.897,12532504,12532481,1,0,1,37.496691,126.957829,0.37,138.1,0,112.3,1,138.2,0,-4.44,9.45,8.30,0.9984,21.22,2.338,473553,969690,0.293,1,193.5,"-0.29,0.99,9.39","3.4,-2.2,7.3","-51.300,8.850,15.150",0.21,0.30,0.00,0,117981,99221,7,1.51,37.496676,126.957816,27809,462,1714,36,14.45,0.00,999.00,-83.3,0,147,0,1,-73,-70.4,99221,47,3,5.91,1,0,-4.39,-11.29,0
18:13:03,97.096,12532596,12532595,1,0,1,37.496690,126.957828,0.28,138.1,0,112.3,1,138.2,0,0.00,9.73,7.29,0.9980,20.24,2.408,473553,969701,0.190,1,193.5,"-0.03,0.94,9.69","-5.5,4.1,-2.3","-52.500,10.800,13.950",0.25,0.34,0.00,0,117982,99222,8,1.51,37.496674,126.957823,27810,462,1714,36,14.45,0.00,999.00,-83.3,0,147,0,1,-72,-70.7,99222,34,3,6.10,1,0,-4.39,-11.29,0
18:13:03,97.385,12532696,12532695,1,0,1,37.496690,126.957828,0.28,138.1,0,112.3,1,138.1,0,0.00,9.55,4.59,0.9972,19.99,2.344,473553,969712,0.190,1,193.5,"-0.38,1.18,9.47","2.5,-2.4,-3.0","-50.100,11.100,13.650",0.23,0.39,0.00,0,117983,99223,8,1.51,37.496674,126.957823,27810,462,1714,36,15.24,0.00,999.00,-83.1,0,147,0,1,-71,-70.8,99223,28,3,6.13,1,0,-4.39,-11.29,0
18:13:03,97.499,12533100,12533099,1,0,1,37.496690,126.957828,0.28,138.1,0,112.3,1,138.2,0,-1.09,9.71,5.23,0.9985,20.25,2.373,473553,969760,0.190,1,193.5,"-0.22,0.95,9.66","-3.2,-1.8,3.7","-51.300,10.800,13.950",0.10,0.28,0.00,0,117987,99227,8,1.51,37.496674,126.957823,27810,462,1714,36,15.00,0.00,999.00,-81.8,0,147,0,1,-69,-68.0,99227,10,3,4.72,1,0,-4.39,-11.29,0
18:13:03,97.613,12533219,12533206,1,0,1,37.496690,126.957828,0.28,138.1,0,112.3,1,138.1,0,-1.74,9.64,5.23,0.9981,20.34,2.351,473553,969773,0.190,1,193.5,"-0.11,0.98,9.59","2.6,-1.0,4.4","-50.100,11.550,13.950",0.08,0.23,0.00,0,117988,99228,8,1.51,37.496674,126.957823,27810,462,1714,36,15.00,0.00,999.00,-81.8,0,147,0,1,-67,-67.8,99228,16,3,4.63,1,0,-4.39,-11.29,0
18:13:03,97.730,12533322,12533309,1,0,1,37.496690,126.957828,0.28,138.1,0,112.3,1,137.9,0,-0.53,9.53,4.45,0.9972,18.63,2.361,473553,969784,0.190,1,193.5,"-0.08,1.09,9.47","-0.1,-2.9,3.3","-50.700,10.950,12.300",0.16,0.19,0.00,0,117989,99229,8,1.51,37.496674,126.957823,27810,462,1714,36,15.00,0.00,999.00,-81.8,0,147,0,1,-71,-68.4,99229,18,3,4.92,1,0,-4.39,-11.29,0
18:13:03,97.828,12533413,12533412,1,0,1,37.496690,126.957828,0.28,138.1,0,112.3,1,137.9,0,0.00,9.86,4.28,0.9986,19.45,2.366,473553,969795,0.190,1,193.5,"-0.20,0.94,9.81","-3.7,-1.1,1.8","-51.300,10.350,13.200",0.22,0.25,0.00,0,117990,99229,8,1.51,37.496674,126.957823,27810,462,1714,36,15.00,0.00,999.00,-81.8,0,147,0,1,-71,-68.4,99229,109,3,4.92,1,0,-4.39,-11.29,0
18:13:04,97.897,12533518,12533517,1,0,1,37.496690,126.957828,0.28,138.1,0,112.3,1,137.8,0,-0.69,9.62,5.31,0.9987,19.29,2.360,473553,969806,0.190,1,193.5,"-0.25,0.93,9.57","3.8,2.1,3.0","-51.150,10.200,13.050",0.15,0.44,0.00,0,117991,99230,8,1.51,37.496674,126.957823,27810,462,1714,36,15.00,0.00,999.00,-81.8,0,147,0,1,-73,-69.4,99230,99,3,5.37,1,0,-4.39,-11.29,0
18:13:04,98.014,12533620,12533619,1,0,1,37.496688,126.957828,0.19,138.1,0,112.3,1,137.8,0,0.36,9.61,4.37,0.9980,20.77,2.379,473553,969818,0.103,1,193.5,"0.01,0.89,9.57","-1.7,-1.5,-3.8","-51.900,10.200,14.550",0.17,0.27,0.00,0,117992,99231,8,1.51,37.496672,126.957825,27811,462,1714,36,15.00,0.00,999.00,-81.8,0,147,0,1,-68,-69.1,99231,99,3,5.23,1,0,-4.39,-11.29,0
18:13:04,98.112,12533721,12533720,1,0,1,37.496688,126.957828,0.19,138.1,0,112.3,1,137.8,0,0.00,9.54,3.11,0.9989,20.61,2.408,473553,969830,0.103,1,193.5,"-0.36,0.91,9.49","0.8,3.0,-0.1","-52.200,11.400,14.250",0.25,0.25,0.00,0,117993,99232,8,1.51,37.496672,126.957825,27811,462,1714,36,15.57,0.00,999.00,-80.4,0,147,0,1,-63,-67.9,99232,100,3,4.66,1,0,-4.39,-11.29,0
18:13:04,98.231,12533822,12533821,1,0,1,37.496688,126.957828,0.19,138.1,0,112.3,1,137.8,0,0.00,9.66,2.27,0.9988,18.66,2.360,473553,969842,0.103,1,193.5,"-0.17,0.86,9.62","-0.2,-1.0,-2.0","-51.300,9.900,12.450",0.10,0.27,0.00,0,117994,99233,8,1.51,37.496672,126.957825,27811,462,1714,36,15.57,0.00,999.00,-80.4,0,147,0,1,-69,-68.1,99233,99,3,4.76,1,0,-4.39,-11.29,0
18:13:04,98.534,12533923,12533922,1,0,1,37.496688,126.957828,0.19,138.1,0,112.3,1,137.9,0,0.09,9.65,5.21,0.9984,20.55,2.365,473553,969854,0.103,1,193.5,"-0.26,0.99,9.60","-2.1,2.7,-3.9","-51.750,9.600,14.400",0.11,0.22,0.00,0,117995,99234,8,1.51,37.496672,126.957825,27811,462,1714,36,15.57,0.00,999.00,-80.4,0,147,0,1,-66,-67.7,99234,94,3,4.57,1,0,-4.39,-11.29,0
18:13:04,98.731,12534226,12534225,1,0,1,37.496688,126.957828,0.19,138.1,0,112.3,1,137.9,0,0.00,9.51,4.98,0.9975,19.36,2.438,473553,969890,0.103,1,193.5,"-0.24,1.11,9.44","3.0,3.7,-1.6","-53.400,10.950,13.050",0.28,0.37,0.00,0,117998,99237,8,1.51,37.496672,126.957825,27811,462,1714,36,15.57,0.00,999.00,-80.4,0,147,0,1,-62,-64.9,99237,82,3,3.52,1,0,-4.39,-11.29,0
18:13:05,98.895,12534427,12534426,1,0,1,37.496688,126.957828,0.19,138.1,0,112.3,1,137.9,0,0.00,9.72,2.85,0.9961,21.03,2.389,473553,969914,0.103,1,193.5,"0.00,1.22,9.64","0.8,2.7,0.4","-51.750,11.100,14.700",0.22,0.27,0.00,0,118000,99239,8,1.51,37.496672,126.957825,27811,462,1714,36,15.57,0.00,999.00,-80.4,0,147,0,1,-62,-64.0,99239,74,3,3.24,1,0,-4.39,-11.29,0
18:13:05,98.961,12534532,12534531,1,0,1,37.496688,126.957828,0.19,138.1,0,112.3,1,137.9,0,0.41,9.67,4.69,0.9987,19.15,2.389,473553,969925,0.103,1,193.5,"-0.20,0.90,9.63","1.4,-2.6,-3.7","-52.050,10.350,12.900",0.15,0.27,0.00,0,118001,99240,8,1.51,37.496672,126.957825,27811,462,1714,36,15.57,0.00,999.00,-80.4,0,147,0,1,-64,-64.0,99240,73,3,3.23,1,0,-4.39,-11.29,0
18:13:05,99.151,12534636,12534635,0,0,1,37.496687,126.957828,0.13,138.1,0,112.3,1,137.9,0,0.00,9.53,3.40,0.9966,19.95,2.395,473553,969936,0.077,1,193.5,"-0.10,1.18,9.46","-3.2,-1.1,0.5","-52.050,10.800,13.650",0.22,0.30,0.00,0,118002,99241,8,1.51,37.496670,126.957827,27812,462,1714,36,15.57,0.00,999.00,-80.4,0,147,0,1,-64,-64.0,99241,71,3,3.23,1,0,-4.39,-11.29,0
18:13:05,99.246,12534838,12534837,0,0,1,37.496687,126.957828,0.13,138.1,0,112.3,1,137.8,0,0.00,9.76,4.00,0.9968,20.06,2.407,473553,969960,0.077,1,193.5,"-0.05,1.16,9.69","0.8,-3.6,-1.5","-52.650,10.500,13.800",0.16,0.17,0.00,0,118004,99243,8,1.51,37.496670,126.957827,27812,462,1714,36,15.80,0.00,999.00,-81.7,0,147,0,1,-62,-63.3,99243,63,3,3.01,1,0,-4.39,-11.29,0
18:13:05,99.414,12534939,12534938,0,0,1,37.496687,126.957828,0.13,138.1,0,112.3,1,138.0,0,5.16,9.66,14.86,0.9973,20.95,2.342,473553,969972,0.077,1,193.5,"-0.22,1.15,9.59","11.4,3.2,-8.9","-50.550,10.350,14.700",0.21,0.82,0.00,0,118005,99244,8,1.51,37.496670,126.957827,27812,462,1714,36,15.80,0.00,999.00,-81.7,0,147,0,1,-64,-63.4,99244,58,3,3.06,1,0,-4.39,-11.29,0
18:13:05,99.562,12535141,12535140,0,0,1,37.496687,126.957828,0.13,138.1,0,112.3,1,137.4,0,2.15,9.67,11.00,0.9994,19.44,2.410,473553,969996,0.077,1,193.5,"-0.19,0.71,9.64","1.2,-9.9,-4.7","-52.800,10.350,13.200",0.30,0.69,0.00,0,118007,99246,8,1.51,37.496670,126.957827,27812,462,1714,36,15.80,0.00,999.00,-81.7,0,147,0,1,-65,-64.2,99246,48,3,3.27,1,0,-4.39,-11.29,0
18:13:05,99.577,12535241,12535240,0,0,1,37.496687,126.957828,0.13,138.1,0,112.3,1,137.5,0,1.13,9.55,7.68,0.9984,20.69,2.367,473553,970008,0.077,1,193.5,"-0.23,0.98,9.50","-2.2,5.2,-5.2","-51.900,9.450,14.550",0.17,0.32,0.00,0,118008,99247,8,1.51,37.496670,126.957827,27812,462,1714,36,15.80,0.00,999.00,-81.7,0,147,0,1,-66,-64.5,99247,44,3,3.39,1,0,-4.39,-11.29,0
18:13:05,99.695,12535342,12535341,0,0,1,37.496687,126.957828,0.13,138.1,0,112.3,1,137.4,0,-3.41,9.68,7.48,0.9985,20.11,2.353,473553,970020,0.077,1,193.5,"-0.00,0.78,9.65","-3.8,-2.1,6.1","-51.300,9.600,13.950",0.26,0.40,0.00,0,118009,99248,8,1.51,37.496670,126.957827,27812,462,1714,36,15.80,0.00,999.00,-81.7,0,147,0,1,-68,-65.2,99248,39,3,3.62,1,0,-4.39,-11.29,0
18:13:06,100.012,12535442,12535441,0,0,1,37.496687,126.957828,0.13,138.1,0,112.3,1,137.2,0,0.00,9.59,7.00,0.9974,20.59,2.308,473553,970032,0.077,1,193.5,"-0.40,1.17,9.51","6.4,-2.5,-1.5","-50.400,8.550,14.550",0.34,0.51,0.00,0,118010,99249,8,1.51,37.496670,126.957827,27812,462,1714,36,16.36,0.00,999.00,-80.4,0,147,0,1,-69,-66.0,99249,29,3,3.89,1,0,-4.39,-11.29,0
18:13:06,100.112,12535748,12535747,0,0,1,37.496685,126.957828,0.11,138.1,0,112.3,1,137.4,0,-0.12,9.67,3.62,0.9970,19.76,2.337,473553,970067,0.082,1,193.5,"0.13,0.96,9.62","-2.5,0.4,2.5","-51.000,9.150,13.650",0.27,0.47,0.00,0,118013,99252,7,1.51,37.496667,126.957827,27813,462,1714,36,16.36,0.00,999.00,-80.4,0,147,0,1,-64,-65.2,99252,22,3,3.63,1,0,-4.39,-11.29,0
18:13:06,100.245,12535849,12535848,0,0,1,37.496685,126.957828,0.11,138.1,0,112.3,1,137.4,0,-0.79,9.65,5.35,0.9995,20.20,2.343,473553,970079,0.082,1,193.5,"-0.39,0.79,9.61","3.8,-1.5,3.5","-50.550,10.350,13.950",0.30,0.40,0.00,0,118014,99253,7,1.51,37.496667,126.957827,27813,462,1714,36,16.36,0.00,999.00,-80.4,0,147,0,1,-67,-65.6,99253,17,3,3.75,1,0,-4.39,-11.29,0
18:13:06,100.564,12536061,12536048,0,0,1,37.496685,126.957828,0.11,138.1,0,112.3,1,137.6,0,0.00,9.60,4.27,0.9981,20.89,2.369,473553,970103,0.082,1,193.5,"-0.29,1.05,9.54","1.9,3.7,0.8","-51.750,9.900,14.700",0.17,0.30,0.00,0,118016,99255,7,1.51,37.496667,126.957827,27813,462,1714,36,16.36,0.00,999.00,-80.4,0,147,0,1,-60,-63.7,99255,17,3,3.14,1,0,-4.39,-11.29,0
18:13:06,100.744,12536354,12536353,0,0,1,37.496685,126.957828,0.11,138.1,0,112.3,1,137.4,0,-3.05,9.47,8.09,0.9989,21.38,2.336,473553,970137,0.082,1,193.5,"-0.42,0.91,9.41","5.6,-1.0,5.7","-51.150,9.000,15.300",0.32,0.36,0.00,0,118019,99257,7,1.51,37.496667,126.957827,27813,462,1714,36,16.36,0.00,999.00,-80.4,0,147,0,1,-61,-62.8,99257,98,3,2.86,1,0,-4.39,-11.29,0
18:13:07,100.880,12536559,12536558,0,0,1,37.496685,126.957828,0.11,138.1,0,112.3,1,137.3,0,0.00,9.72,8.33,0.9986,20.73,2.390,473553,970160,0.082,1,193.5,"-0.35,0.99,9.67","-3.3,7.7,0.2","-51.750,11.100,14.400",0.19,0.38,0.00,0,118021,99259,7,1.51,37.496667,126.957827,27813,462,1714,36,16.36,0.00,999.00,-80.4,0,147,0,1,-59,-61.4,99259,94,3,2.52,1,0,-4.39,-11.29,0
18:13:07,100.965,12536661,12536660,0,0,1,37.496683,126.957828,0.07,138.1,0,112.3,1,137.2,0,-1.41,9.70,9.61,0.9990,19.91,2.331,473553,970172,0.036,1,193.5,"-0.21,0.85,9.66","4.8,-6.9,4.7","-50.100,10.350,13.650",0.08,0.29,0.00,0,118022,99260,7,1.51,37.496664,126.957826,27814,462,1714,36,16.36,0.00,999.00,-80.4,0,147,0,1,-62,-61.5,99260,88,3,2.55,1,0,-4.39,-11.29,0
18:13:07,101.080,12536762,12536761,0,0,1,37.496683,126.957828,0.07,138.1,0,112.3,1,137.2,0,0.00,9.72,4.25,0.9982,20.07,2.310,473553,970184,0.036,1,193.5,"-0.19,1.00,9.66","-1.6,1.8,-3.5","-50.100,9.150,13.950",0.10,0.26,0.00,0,118023,99261,7,1.51,37.496664,126.957826,27814,462,1714,36,16.36,0.00,999.00,-80.4,0,147,0,1,-66,-62.4,99261,85,3,2.77,1,0,-4.39,-11.29,0
18:13:07,101.183,12536864,12536863,0,0,1,37.496683,126.957828,0.07,138.1,0,112.3,1,137.2,0,0.00,9.54,2.02,0.9988,19.64,2.377,473553,970196,0.036,1,193.5,"-0.10,0.81,9.51","1.1,1.0,1.3","-52.200,9.450,13.500",0.17,0.20,0.00,0,118024,99262,7,1.51,37.496664,126.957826,27814,462,1714,36,16.36,0.00,999.00,-80.4,0,147,0,1,-60,-61.9,99262,77,3,2.65,1,0,-4.39,-11.29,0
18:13:07,101.296,12536965,12536964,0,0,1,37.496683,126.957828,0.07,138.1,0,112.3,1,137.2,0,0.00,9.69,1.51,0.9974,19.87,2.401,473553,970208,0.036,1,193.5,"0.00,1.02,9.64","-1.3,-0.6,0.3","-51.900,11.400,13.500",0.20,0.22,0.00,0,118025,99263,7,1.51,37.496664,126.957826,27814,462,1714,36,16.36,0.00,999.00,-80.4,0,147,0,1,-60,-61.5,99263,79,3,2.55,1,0,-4.39,-11.29,0
18:13:07,101.446,12537066,12537065,0,0,1,37.496683,126.957828,0.07,138.1,0,112.3,1,137.2,0,0.00,9.66,9.36,0.9993,19.50,2.374,473553,970220,0.036,1,193.5,"-0.22,0.76,9.62","2.3,8.1,-4.1","-51.300,10.800,13.200",0.19,0.36,0.00,0,118026,99264,7,1.51,37.496664,126.957826,27814,462,1714,36,16.36,0.00,999.00,-80.4,0,147,0,1,-60,-61.2,99264,63,3,2.48,1,0,-4.39,-11.29,0
18:13:07,101.819,12537167,12537166,0,0,1,37.496683,126.957828,0.07,138.1,0,112.3,1,137.2,0,0.00,9.56,3.91,0.9983,21.34,2.315,473553,970232,0.036,1,193.5,"-0.13,0.95,9.51","-1.7,1.7,-3.1","-50.700,8.550,15.300",0.09,0.18,0.00,0,118027,99265,7,1.51,37.496664,126.957826,27814,462,1714,36,16.36,0.00,999.00,-80.4,0,147,0,1,-66,-62.2,99265,62,3,2.71,1,0,-4.39,-11.29,0
18:13:08,102.016,12537576,12537575,0,0,1,37.496681,126.957827,0.05,138.1,0,112.3,1,137.0,0,-2.77,9.64,5.94,0.9994,18.99,2.360,473553,970279,0.036,1,193.5,"-0.32,0.78,9.61","2.7,0.4,5.3","-51.150,10.200,12.750",0.17,0.21,0.00,0,118031,99269,7,1.51,37.496660,126.957824,27815,462,1714,36,16.14,0.00,999.00,-79.1,0,147,0,1,-59,-60.3,99269,54,3,2.26,1,0,-4.39,-11.29,0
18:13:08,102.229,12537777,12537776,0,0,1,37.496681,126.957827,0.05,138.1,0,112.3,1,136.9,0,0.00,9.76,0.95,0.9993,21.38,2.310,473553,970303,0.036,1,193.5,"-0.24,0.80,9.73","0.6,0.7,-0.2","-51.000,7.650,15.450",0.14,0.24,0.00,0,118033,99271,7,1.51,37.496660,126.957824,27815,462,1714,36,16.36,0.00,999.00,-80.4,0,147,0,1,-63,-60.8,99271,47,3,2.37,1,0,-4.39,-11.29,0
18:13:08,102.413,12537979,12537978,0,0,1,37.496681,126.957827,0.05,138.1,0,112.3,1,136.9,0,0.00,9.80,2.02,0.9986,20.11,2.366,473553,970327,0.036,1,193.5,"-0.21,0.94,9.75","1.8,-0.9,0.3","-51.750,9.600,13.950",0.15,0.30,0.00,0,118035,99273,7,1.51,37.496660,126.957824,27815,462,1714,36,16.36,0.00,999.00,-80.4,0,147,0,1,-61,-60.5,99273,38,3,2.32,1,0,-4.39,-11.29,0
18:13:08,102.496,12538181,12538180,0,0,1,37.496681,126.957827,0.05,138.1,0,112.3,1,136.9,0,0.00,9.66,2.36,0.9983,20.72,2.310,473553,970351,0.036,1,193.5,"-0.20,0.99,9.61","0.7,2.2,-0.4","-50.550,8.400,14.700",0.13,0.20,0.00,0,118037,99275,7,1.51,37.496660,126.957824,27815,462,1714,36,16.14,0.00,999.00,-79.1,0,147,0,1,-57,-59.4,99275,29,3,2.09,1,0,-4.39,-11.29,0
18:13:08,102.607,12538281,12538280,0,0,1,37.496681,126.957827,0.05,138.1,0,112.3,1,136.9,0,0.00,9.75,1.10,0.9992,20.30,2.286,473553,970363,0.036,1,193.5,"-0.11,0.68,9.73","-1.1,0.1,-0.2","-49.650,8.550,14.250",0.23,0.27,0.00,0,118038,99276,7,1.51,37.496660,126.957824,27815,462,1714,36,16.14,0.00,999.00,-79.1,0,147,0,1,-55,-58.5,99276,23,3,1.92,1,0,-4.39,-11.29,0
18:13:08,102.730,12538381,12538380,0,0,1,37.496681,126.957827,0.05,138.1,0,112.3,1,136.9,0,0.00,9.60,2.42,0.9988,21.39,2.341,473553,970375,0.036,1,193.5,"-0.28,0.92,9.55","-1.0,-0.7,-2.1","-50.550,10.350,15.150",0.12,0.24,0.00,0,118039,99277,7,1.51,37.496660,126.957824,27815,462,1714,36,16.14,0.00,999.00,-79.1,0,147,0,1,-56,-58.0,99277,16,3,1.83,1,0,-4.39,-11.29,0
18:13:09,103.080,12538489,12538488,0,0,1,37.496681,126.957827,0.05,138.1,0,112.3,1,136.9,0,0.00,9.85,3.07,0.9993,20.57,2.295,473553,970388,0.036,1,193.5,"-0.38,0.84,9.81","1.5,-2.6,0.7","-49.350,9.600,14.400",0.24,0.32,0.00,0,118040,99278,7,1.51,37.496660,126.957824,27815,462,1714,36,16.14,0.00,999.00,-79.1,0,147,0,1,-58,-58.0,99278,17,3,1.83,1,0,-4.39,-11.29,0
18:13:09,103.195,12538805,12538792,0,0,1,37.496680,126.957827,0.05,138.1,0,112.3,1,136.9,0,0.00,9.76,4.56,0.9996,19.46,2.332,473553,970423,0.041,1,193.5,"-0.30,0.73,9.73","-3.9,-0.5,-2.3","-50.100,10.350,13.200",0.16,0.23,0.00,0,118043,99281,7,1.51,37.496659,126.957824,27816,462,1714,36,16.14,0.00,999.00,-79.1,0,147,0,1,-63,-59.6,99281,13,3,2.11,1,0,-4.39,-11.29,0
18:13:09,103.262,12538908,12538895,0,0,1,37.496680,126.957827,0.05,138.1,0,112.3,1,136.9,0,0.00,9.61,2.97,0.9994,19.63,2.291,473553,970434,0.041,1,193.5,"-0.42,0.80,9.57","2.4,0.7,1.6","-50.100,7.950,13.650",0.14,0.22,0.00,0,118044,99282,7,1.51,37.496659,126.957824,27816,462,1714,36,16.14,0.00,999.00,-79.1,0,147,0,1,-60,-59.6,99282,18,3,2.13,1,0,-4.39,-11.29,0
18:13:09,103.321,12539011,12538998,0,0,1,37.496680,126.957827,0.05,138.1,0,112.3,1,136.9,0,0.00,9.60,3.40,0.9994,19.90,2.317,473553,970445,0.041,1,193.5,"-0.25,0.76,9.56","3.0,0.9,-1.2","-50.400,9.000,13.800",0.09,0.17,0.00,0,118045,99283,7,1.51,37.496659,126.957824,27816,462,1714,36,15.57,0.00,999.00,-80.4,0,147,0,1,-55,-58.7,99283,17,3,1.95,1,0,-4.39,-11.29,0
18:13:09,103.529,12539114,12539101,0,0,1,37.496680,126.957827,0.05,138.1,0,112.3,1,136.9,0,0.00,9.71,2.24,0.9991,20.25,2.326,473553,970456,0.041,1,193.5,"-0.21,0.82,9.67","-0.5,0.9,-2.0","-51.150,8.250,14.250",0.11,0.23,0.00,0,118046,99284,7,1.51,37.496659,126.957824,27816,462,1714,36,15.57,0.00,999.00,-80.4,0,147,0,1,-56,-58.2,99284,15,3,1.85,1,0,-4.39,-11.29,0
18:13:09,103.654,12539308,12539307,0,0,1,37.496680,126.957827,0.05,138.1,0,112.3,1,136.9,0,4.23,9.67,7.88,0.9994,20.78,2.273,473553,970478,0.041,1,193.5,"-0.42,0.80,9.63","-1.0,-1.1,-7.7","-49.050,8.850,14.700",0.09,0.22,0.00,0,118048,99285,7,1.51,37.496659,126.957824,27816,462,1714,36,15.57,0.00,999.00,-80.4,0,147,0,1,-58,-58.1,99285,106,3,1.85,1,0,-4.39,-11.29,0
18:13:09,103.762,12539408,12539407,0,0,1,37.496680,126.957827,0.05,138.1,0,112.3,1,137.0,0,0.00,9.68,1.75,0.9994,20.65,2.293,473553,970490,0.041,1,193.5,"-0.37,0.82,9.64","0.0,0.2,1.7","-49.650,9.000,14.550",0.05,0.18,0.00,0,118049,99286,7,1.51,37.496659,126.957824,27816,462,1714,36,15.57,0.00,999.00,-80.4,0,147,0,1,-61,-58.7,99286,98,3,1.95,1,0,-4.39,-11.29,0
18:13:10,103.949,12539531,12539507,0,0,1,37.496680,126.957827,0.05,138.1,0,112.3,1,137.0,0,0.00,9.56,2.57,0.9991,20.82,2.287,473553,970502,0.041,1,193.5,"-0.46,0.88,9.50","2.0,1.2,-1.0","-49.350,9.150,14.700",0.17,0.28,0.00,0,118050,99288,7,1.51,37.496659,126.957824,27816,462,1714,36,15.57,0.00,999.00,-80.4,0,147,0,1,-57,-58.4,99288,14,3,1.96,1,0,-4.39,-11.29,0
18:13:10,104.583,12539728,12539727,0,0,1,37.496678,126.957827,0.04,138.1,0,112.3,1,137.0,0,0.00,9.73,2.31,0.9994,21.53,2.334,473553,970524,0.041,1,193.5,"-0.42,0.80,9.69","2.0,-0.1,-1.2","-50.400,10.200,15.300",0.09,0.20,0.00,0,118052,99289,7,1.51,37.496657,126.957824,27817,462,1714,36,15.80,0.00,999.00,-81.7,0,147,0,1,-54,-57.5,99289,105,3,1.74,1,0,-4.39,-11.29,0
18:13:10,104.783,12540334,12540333,0,0,1,37.496678,126.957827,0.04,138.1,0,112.3,1,137.0,0,0.00,9.70,5.61,0.9994,20.81,2.309,473553,970596,0.041,1,193.5,"-0.45,0.81,9.65","4.7,2.9,-1.0","-50.100,9.150,14.700",0.10,0.22,0.00,0,118058,99295,7,1.51,37.496657,126.957824,27817,462,1714,36,16.14,0.00,999.00,-79.1,0,147,0,1,-57,-56.1,99295,81,3,1.52,1,0,-4.39,-11.29,0
18:13:11,104.914,12540435,12540434,0,0,1,37.496678,126.957827,0.04,138.1,0,112.3,1,136.9,0,0.00,9.62,2.52,1.0000,20.64,2.324,473553,970608,0.041,1,193.5,"-0.40,0.49,9.60","0.1,-2.3,1.1","-50.700,9.000,14.550",0.26,0.26,0.00,0,118059,99296,7,1.51,37.496657,126.957824,27817,462,1714,36,16.14,0.00,999.00,-79.1,0,147,0,1,-54,-55.7,99296,77,3,1.46,1,0,-4.39,-11.29,0
18:13:11,105.199,12540636,12540635,0,0,1,37.496676,126.957827,0.04,138.1,0,112.3,1,136.9,0,0.00,9.56,3.24,0.9997,21.31,2.289,473553,970629,0.036,1,193.5,"-0.30,0.68,9.53","0.8,1.6,-2.7","-49.950,8.250,15.300",0.14,0.27,0.00,0,118061,99298,7,1.51,37.496658,126.957825,27818,462,1714,36,16.14,0.00,999.00,-79.1,0,147,0,1,-52,-54.4,99298,62,4,1.29,1,0,-4.39,-11.29,0
18:13:11,105.428,12540939,12540938,0,0,1,37.496676,126.957827,0.04,138.1,0,112.3,1,136.9,0,0.00,9.77,3.87,0.9998,20.34,2.325,473553,970665,0.036,1,193.5,"-0.36,0.68,9.74","2.5,-0.4,-2.9","-50.700,9.000,14.250",0.14,0.19,0.00,0,118064,99301,7,1.51,37.496658,126.957825,27818,462,1714,36,15.92,0.00,999.00,-77.8,0,147,0,1,-53,-54.3,99301,45,4,1.28,1,0,-4.39,-11.29,0
18:13:11,105.673,12541242,12541241,0,0,1,37.496676,126.957827,0.04,138.1,0,112.3,1,136.9,0,0.00,9.71,1.82,0.9994,20.81,2.335,473553,970701,0.036,1,193.5,"-0.57,0.80,9.66","-1.2,-1.2,-0.6","-51.000,9.150,14.700",0.19,0.20,0.00,0,118067,99304,7,1.51,37.496658,126.957825,27818,462,1714,36,15.72,0.00,999.00,-76.5,0,147,0,1,-57,-54.6,99304,40,4,1.32,1,0,-4.39,-11.29,0
18:13:11,105.779,12541444,12541443,0,0,1,37.496676,126.957827,0.04,138.1,0,112.3,1,136.9,0,0.00,9.62,3.85,0.9997,20.35,2.316,473553,970725,0.036,1,193.5,"-0.44,0.69,9.58","1.5,2.1,-2.9","-50.400,9.000,14.250",0.11,0.26,0.00,0,118069,99306,7,1.51,37.496658,126.957825,27818,462,1714,36,15.72,0.00,999.00,-76.5,0,147,0,1,-54,-54.7,99306,31,4,1.33,1,0,-4.39,-11.29,0
18:13:12,105.879,12541553,12541552,0,0,1,37.496676,126.957827,0.04,138.1,0,112.3,1,136.9,0,0.00,9.81,6.20,0.9994,20.04,2.315,473553,970735,0.036,1,193.5,"-0.46,0.83,9.76","5.5,-2.7,-0.7","-49.650,10.200,13.800",0.17,0.18,0.00,0,118070,99307,7,1.51,37.496658,126.957825,27818,462,1714,36,15.72,0.00,999.00,-76.5,0,147,0,1,-52,-54.2,99307,35,4,1.26,1,0,-4.39,-11.29,0
18:13:12,106.001,12541654,12541653,0,0,1,37.496675,126.957827,0.05,138.1,0,112.3,1,137.0,0,0.00,9.61,4.51,0.9993,20.30,2.321,473553,970747,0.051,1,193.5,"-0.49,0.82,9.56","-0.1,2.9,-3.5","-49.350,11.100,13.950",0.13,0.25,0.00,0,118071,99308,8,1.51,37.496657,126.957826,27819,462,1714,36,15.92,0.00,999.00,-77.8,0,147,0,1,-53,-53.9,99308,30,4,1.24,1,0,-4.39,-11.29,0
18:13:12,106.095,12541755,12541754,0,0,1,37.496675,126.957827,0.05,138.1,0,112.3,1,137.0,0,0.00,9.70,4.07,0.9992,20.12,2.331,473553,970759,0.051,1,193.5,"-0.31,0.84,9.66","0.8,-3.9,0.6","-50.550,9.600,13.950",0.10,0.26,0.00,0,118072,99309,8,1.51,37.496657,126.957826,27819,462,1714,36,15.92,0.00,999.00,-77.8,0,147,0,1,-56,-54.3,99309,23,4,1.29,1,0,-4.39,-11.29,0
18:13:12,106.296,12541856,12541855,0,0,1,37.496675,126.957827,0.05,138.1,0,112.3,1,137.0,0,0.00,9.82,1.78,0.9986,20.77,2.388,473553,970771,0.051,1,193.5,"-0.48,1.00,9.76","0.4,-0.9,1.5","-52.200,10.200,14.550",0.22,0.39,0.00,0,118073,99310,8,1.51,37.496657,126.957826,27819,462,1714,36,16.14,0.00,999.00,-79.1,0,147,0,1,-60,-55.5,99310,20,4,1.43,1,0,-4.39,-11.29,0
18:13:12,106.463,12542068,12542055,0,0,1,37.496675,126.957827,0.05,138.1,0,112.3,1,137.0,0,0.00,9.74,4.20,0.9995,20.35,2.294,473553,970795,0.051,1,193.5,"-0.49,0.77,9.70","2.4,3.3,-1.0","-49.650,9.000,14.250",0.15,0.23,0.00,0,118075,99312,8,1.51,37.496657,126.957826,27819,462,1714,36,16.14,0.00,999.00,-79.1,0,147,0,1,-61,-57.5,99312,19,4,1.73,1,0,-4.39,-11.29,0
18:13:12,106.532,12542171,12542158,0,0,1,37.496675,126.957827,0.05,138.1,0,112.3,1,137.0,0,-0.09,9.63,4.57,0.9995,19.41,2.337,473553,970806,0.051,1,193.5,"-0.34,0.76,9.59","-3.4,2.1,2.2","-50.550,9.900,13.200",0.12,0.30,0.00,0,118076,99313,8,1.51,37.496657,126.957826,27819,462,1714,36,16.14,0.00,999.00,-79.1,0,147,0,1,-57,-57.4,99313,17,4,1.72,1,0,-4.39,-11.29,0
18:13:12,106.619,12542274,12542261,0,0,1,37.496675,126.957827,0.05,138.1,0,112.3,1,137.0,0,0.00,9.66,2.44,0.9998,19.98,2.351,473553,970817,0.051,1,193.5,"-0.44,0.68,9.63","1.6,-1.0,-1.6","-51.150,9.750,13.800",0.16,0.25,0.00,0,118077,99314,8,1.51,37.496657,126.957826,27819,462,1714,36,16.14,0.00,999.00,-79.1,0,147,0,1,-54,-56.7,99314,16,4,1.61,1,0,-4.39,-11.29,0
18:13:12,106.695,12542377,12542364,0,0,1,37.496675,126.957827,0.05,138.1,0,112.3,1,137.3,0,4.98,9.69,10.34,0.9993,19.90,2.379,473553,970828,0.051,1,193.5,"-0.37,0.83,9.64","-4.3,-4.3,-8.4","-51.750,10.350,13.650",0.04,0.24,0.00,0,118078,99315,8,1.51,37.496657,126.957826,27819,462,1714,36,16.14,0.00,999.00,-79.1,0,147,0,1,-53,-56.0,99315,17,4,1.50,1,0,-4.39,-11.29,0
18:13:24,117.901,12542468,12542467,0,0,1,37.496675,126.957827,0.05,138.1,0,112.3,1,137.3,0,0.95,9.61,5.47,0.9992,20.48,2.366,473553,970839,0.051,1,193.5,"-0.49,0.84,9.56","3.3,0.1,-4.4","-51.450,10.200,14.250",0.10,0.30,0.00,0,118079,99315,8,1.51,37.496657,126.957826,27819,462,1714,36,16.14,0.00,999.00,-79.1,0,147,0,1,-53,-56.0,99315,108,4,1.50,1,0,-4.39,-11.29,0
18:13:24,118.185,12553659,12553658,2,0,1,37.496695,126.957819,0.04,0.0,0,112.3,1,137.5,0,0.00,9.70,1.81,0.9980,22.68,2.959,473553,970887,0.072,1,193.5,"-0.97,0.78,9.62","-0.2,1.0,-1.5","-24.600,58.800,10.650",0.29,0.59,0.00,0,118084,99421,8,1.51,37.496695,126.957819,27821,462,1714,36,9.85,0.00,999.00,40.6,0,148,0,2,-59,-57.8,99421,14,4,1.79,1,0,-4.39,-11.29,0
18:13:24,118.381,12553975,12553962,2,0,1,37.496695,126.957819,0.04,0.0,0,112.3,1,137.5,0,0.00,9.61,1.96,0.9985,24.99,2.931,473553,970922,0.072,1,193.5,"-0.95,0.54,9.54","0.9,-1.2,1.3","-24.450,58.200,13.050",0.26,0.65,0.00,0,118087,99423,8,1.51,37.496695,126.957819,27821,462,1714,36,9.85,0.00,999.00,40.6,0,148,0,2,-66,-61.6,99423,14,4,2.56,1,0,-4.39,-11.29,0
18:13:24,118.783,12554067,12554066,2,0,1,37.496695,126.957819,0.04,0.0,0,112.3,1,137.5,0,0.00,9.66,2.83,0.9988,23.65,2.959,473553,970933,0.072,1,193.5,"-0.84,0.74,9.60","0.7,2.2,-1.6","-23.550,59.400,11.550",0.04,0.37,0.00,0,118088,99423,8,1.51,37.496695,126.957819,27821,462,1714,36,9.85,0.00,999.00,40.6,0,148,0,2,-66,-61.6,99423,106,4,2.56,1,0,-4.39,-11.29,0
18:13:25,118.966,12554499,12554486,2,0,1,37.496695,126.957819,0.04,0.0,0,112.3,1,137.5,0,0.00,7.73,2.72,0.9964,24.17,2.937,473553,970978,0.072,1,193.5,"-0.77,-0.12,7.69","-1.7,-0.3,2.1","-23.400,58.800,12.150",2.19,2.19,0.00,0,118092,99428,8,1.51,37.496695,126.957819,27821,462,1714,36,9.85,0.00,999.00,40.6,0,148,0,2,-63,-61.4,99428,13,4,2.51,1,0,-4.39,-11.29,0
18:13:25,118.979,12554592,12554591,2,0,1,37.496695,126.957820,0.06,0.0,0,112.3,1,137.5,0,0.00,9.59,1.88,0.9961,24.25,2.921,473553,970989,0.082,1,193.5,"-0.70,1.27,9.48","-1.0,-0.5,-1.5","-23.550,58.200,12.300",0.56,1.26,0.00,0,118093,99429,8,1.50,37.496700,126.957831,27822,462,1714,36,9.85,0.00,999.00,40.6,0,148,0,2,-63,-61.7,99429,0,4,2.51,1,0,-4.39,-11.29,0
18:13:25,119.045,12554694,12554693,2,0,1,37.496695,126.957820,0.06,0.0,0,112.3,1,137.5,0,0.00,9.50,1.85,0.9982,25.06,2.921,473553,971001,0.082,1,193.5,"-0.96,0.69,9.42","-0.2,1.8,0.1","-22.800,58.650,13.050",0.27,0.71,0.00,0,118094,99429,8,1.50,37.496700,126.957831,27822,462,1714,36,9.85,0.00,999.00,40.6,0,148,0,2,-63,-61.7,99429,102,4,2.59,1,0,-4.39,-11.29,0
18:13:25,119.112,12554795,12554794,2,0,1,37.496695,126.957820,0.06,0.0,0,112.3,1,137.5,0,0.00,9.62,2.28,0.9986,23.42,3.005,473553,971013,0.082,1,193.5,"-0.90,0.69,9.55","-1.1,-0.3,-2.0","-25.200,60.150,11.250",0.13,0.41,0.00,0,118095,99430,8,1.50,37.496700,126.957831,27822,462,1714,36,9.85,0.00,999.00,40.6,0,148,0,2,-62,-61.8,99430,94,4,2.61,1,0,-4.39,-11.29,0
18:13:25,119.230,12554896,12554895,2,0,1,37.496695,126.957820,0.06,0.0,0,112.3,1,137.5,0,0.00,9.64,1.15,0.9982,24.18,2.979,473553,971025,0.082,1,193.5,"-1.01,0.57,9.57","-0.0,1.2,0.0","-23.550,60.150,12.000",0.22,0.24,0.00,0,118096,99431,8,1.50,37.496700,126.957831,27822,462,1714,36,9.85,0.00,999.00,40.6,0,148,0,2,-58,-61.0,99431,93,4,2.43,1,0,-4.39,-11.29,0
18:13:25,119.296,12554998,12554997,2,0,1,37.496695,126.957820,0.06,0.0,0,112.3,1,137.5,0,0.00,9.80,1.31,0.9975,23.90,2.926,473553,971037,0.082,1,193.5,"-1.11,0.65,9.71","-0.6,-1.0,0.6","-24.750,57.750,12.000",0.22,0.54,0.00,0,118097,99432,8,1.50,37.496700,126.957831,27822,462,1714,36,9.85,0.00,999.00,40.6,0,148,0,2,-57,-60.2,99432,83,4,2.25,1,0,-4.39,-11.29,0
18:13:25,119.430,12555099,12555098,2,0,1,37.496695,126.957820,0.06,0.0,0,112.3,1,137.5,0,0.00,9.70,2.40,0.9982,23.42,2.957,473553,971049,0.082,1,193.5,"-0.95,0.74,9.63","-0.8,-2.2,0.4","-24.600,58.800,11.400",0.04,0.34,0.00,0,118098,99433,8,1.50,37.496700,126.957831,27822,462,1714,36,9.85,0.00,999.00,40.6,0,148,0,2,-60,-60.2,99433,84,4,2.24,1,0,-4.39,-11.29,0
18:13:25,119.512,12555200,12555199,2,0,1,37.496695,126.957820,0.06,0.0,0,112.3,1,137.5,0,0.00,9.81,5.43,0.9984,24.21,2.978,473553,971061,0.082,1,193.5,"-0.99,0.55,9.74","1.1,-4.7,2.4","-25.350,59.250,12.150",0.21,0.48,0.00,0,118099,99434,8,1.50,37.496700,126.957831,27822,462,1714,36,9.85,0.00,999.00,40.6,0,148,0,2,-62,-60.5,99434,76,4,2.32,1,0,-4.39,-11.29,0
18:13:25,119.645,12555301,12555300,2,0,1,37.496695,126.957820,0.06,0.0,0,112.3,1,137.5,0,0.00,9.70,2.35,0.9991,23.70,2.978,473553,971073,0.082,1,193.5,"-0.78,0.71,9.64","1.5,-0.9,1.6","-24.000,59.850,11.550",0.14,0.18,0.00,0,118100,99435,8,1.50,37.496700,126.957831,27822,462,1714,36,9.85,0.00,999.00,40.6,0,148,0,2,-61,-60.6,99435,74,4,2.34,1,0,-4.39,-11.29,0
18:13:25,119.717,12555406,12555405,2,0,1,37.496695,126.957820,0.06,0.0,0,112.3,1,137.5,0,0.00,9.73,1.11,0.9985,24.18,2.975,473553,971084,0.082,1,193.5,"-0.91,0.73,9.66","0.5,0.8,0.6","-23.250,60.150,12.000",0.05,0.20,0.00,0,118101,99436,8,1.50,37.496700,126.957831,27822,462,1714,36,9.85,0.00,999.00,40.6,0,148,0,2,-62,-60.9,99436,72,4,2.40,1,0,-4.39,-11.29,0
18:13:26,119.950,12555513,12555512,2,0,1,37.496695,126.957820,0.06,0.0,0,112.3,1,137.5,0,0.00,9.73,2.26,0.9990,24.47,2.947,473553,971097,0.082,1,193.5,"-0.84,0.67,9.67","1.4,0.1,-1.8","-24.150,58.800,12.450",0.10,0.18,0.00,0,118102,99437,8,1.50,37.496700,126.957831,27822,462,1714,36,9.85,0.00,999.00,40.6,0,148,0,2,-62,-61.1,99437,76,4,2.45,1,0,-4.39,-11.29,0
18:13:26,120.033,12555615,12555614,2,0,1,37.496696,126.957822,0.05,0.0,0,112.3,1,137.5,0,0.00,9.16,1.76,0.9960,22.55,2.945,473553,971109,0.041,1,193.5,"-1.23,0.33,9.07","1.4,-0.9,-0.4","-23.250,58.950,10.500",0.71,0.71,0.00,0,118103,99438,8,1.50,37.496708,126.957842,27823,462,1714,36,9.85,0.00,999.00,40.6,0,148,0,2,-61,-61.1,99438,73,4,2.45,1,0,-4.39,-11.29,0
18:13:26,120.127,12555719,12555718,2,0,1,37.496696,126.957822,0.05,0.0,0,112.3,1,137.5,0,0.00,9.71,3.03,0.9985,24.83,2.978,473553,971120,0.041,1,193.5,"-0.90,0.74,9.64","1.0,0.1,-2.9","-25.200,59.400,12.750",0.08,0.35,0.00,0,118104,99439,8,1.50,37.496708,126.957842,27823,462,1714,36,9.43,0.00,999.00,37.5,0,148,0,2,-61,-61.1,99439,71,4,2.44,1,0,-4.39,-11.29,0
18:13:26,120.246,12555822,12555821,1,0,1,37.496696,126.957822,0.05,0.0,0,112.3,1,137.5,0,0.00,9.64,3.51,0.9987,25.19,2.967,473553,971132,0.041,1,193.5,"-0.87,0.69,9.58","-0.9,1.7,-3.0","-23.550,59.850,13.050",0.05,0.21,0.00,0,118105,99440,8,1.50,37.496708,126.957842,27823,462,1714,36,9.43,0.00,999.00,37.5,0,149,0,1,-60,-60.9,99440,66,4,2.39,1,0,-4.39,-11.29,0
18:13:26,120.329,12555923,12555922,1,0,1,37.496696,126.957822,0.05,0.0,0,112.3,1,137.5,0,0.02,9.72,3.75,0.9868,24.43,2.993,473553,971144,0.041,1,193.5,"-1.94,0.92,9.48","-0.5,-0.7,-3.6","-25.200,59.850,12.300",0.95,1.25,0.00,0,118106,99441,8,1.50,37.496708,126.957842,27823,462,1714,36,9.43,0.00,999.00,37.5,0,149,0,1,-61,-60.9,99441,65,4,2.40,1,0,-4.39,-11.29,0
18:13:26,120.338,12556025,12556024,1,0,1,37.496696,126.957822,0.05,0.0,0,112.3,1,137.5,0,0.00,9.70,2.76,0.9962,23.50,2.947,473553,971156,0.041,1,193.5,"-1.10,1.00,9.59","-0.2,0.5,-2.7","-25.200,58.200,11.550",0.24,1.06,0.00,0,118107,99442,8,1.50,37.496708,126.957842,27823,462,1714,36,9.43,0.00,999.00,37.5,0,149,0,1,-61,-60.9,99442,56,4,2.40,1,0,-4.39,-11.29,0
18:13:26,120.449,12556125,12556124,1,0,1,37.496696,126.957822,0.05,0.0,0,112.3,1,137.5,0,0.00,9.80,1.32,0.9977,24.25,2.980,473553,971168,0.041,1,193.5,"-0.76,-0.10,9.77","1.3,0.1,-0.0","-24.900,59.550,12.150",0.92,1.01,0.00,0,118108,99443,8,1.50,37.496708,126.957842,27823,462,1714,36,9.43,0.00,999.00,37.5,0,149,0,1,-62,-61.1,99443,56,4,2.45,1,0,-4.39,-11.29,0
18:13:26,120.544,12556225,12556224,1,0,1,37.496696,126.957822,0.05,0.0,0,112.3,1,137.5,0,0.00,9.68,2.27,0.9968,21.98,2.975,473553,971180,0.041,1,193.5,"-0.95,-0.11,9.63","-1.0,0.3,-2.0","-24.600,59.250,9.900",0.88,1.03,0.00,0,118109,99444,8,1.50,37.496708,126.957842,27823,462,1714,36,9.43,0.00,999.00,37.5,0,149,0,1,-64,-61.7,99444,51,4,2.59,1,0,-4.39,-11.29,0
18:13:26,120.629,12556325,12556324,1,0,1,37.496696,126.957822,0.05,0.0,0,112.3,1,137.5,0,0.00,9.42,4.05,0.9984,23.50,2.952,473553,971192,0.041,1,193.5,"-0.48,-0.07,9.40","2.6,-3.0,-0.8","-25.500,58.200,11.550",0.97,0.97,0.00,0,118110,99445,8,1.50,37.496708,126.957842,27823,462,1714,36,9.43,0.00,999.00,37.5,0,149,0,1,-66,-62.6,99445,46,4,2.81,1,0,-4.39,-11.29,0
18:13:26,120.763,12556430,12556429,1,0,1,37.496696,126.957822,0.05,0.0,0,112.3,1,137.5,0,0.00,9.65,3.43,0.9981,23.60,2.941,473553,971203,0.041,1,193.5,"-0.98,0.72,9.58","3.1,-1.2,-0.7","-23.250,58.950,11.550",0.05,0.77,0.00,0,118111,99446,8,1.50,37.496708,126.957842,27823,462,1714,36,9.43,0.00,999.00,37.5,0,149,0,1,-68,-63.7,99446,46,4,3.12,1,0,-4.39,-11.29,0
18:13:26,120.864,12556532,12556531,1,0,1,37.496696,126.957822,0.05,0.0,0,112.3,1,137.5,0,0.00,9.75,2.14,0.9983,24.78,2.948,473553,971215,0.041,1,193.5,"-0.95,0.71,9.68","0.2,2.0,-0.8","-24.000,58.950,12.750",0.08,0.19,0.00,0,118112,99447,8,1.50,37.496708,126.957842,27823,462,1714,36,9.43,0.00,999.00,37.5,0,149,0,1,-74,-65.7,99447,42,4,3.80,1,0,-4.39,-11.29,0
18:13:27,120.945,12556633,12556632,1,0,1,37.496697,126.957824,0.09,0.0,0,112.3,1,137.5,0,0.00,9.62,3.40,0.9986,22.66,2.946,473553,971227,0.134,1,193.5,"-0.87,0.73,9.55","0.6,-2.3,-2.4","-24.000,58.650,10.650",0.10,0.23,0.00,0,118113,99448,8,1.08,37.496712,126.957849,27824,462,1714,36,9.43,0.00,999.00,37.5,0,149,0,1,-68,-66.2,99448,37,4,3.96,1,0,-4.39,-11.29,0
18:13:27,121.067,12556734,12556733,1,0,1,37.496697,126.957824,0.09,0.0,0,112.3,1,137.5,0,0.00,9.51,2.53,0.9986,23.77,3.017,473553,971239,0.134,1,193.5,"-0.87,0.72,9.44","-1.4,0.1,-2.1","-25.200,60.600,11.550",0.18,0.18,0.00,0,118114,99449,8,1.08,37.496712,126.957849,27824,462,1714,36,9.43,0.00,999.00,37.5,0,149,0,1,-68,-66.5,99449,34,4,4.10,1,0,-4.39,-11.29,0
18:13:27,121.160,12556836,12556835,1,0,1,37.496697,126.957824,0.09,0.0,0,112.3,1,137.5,0,0.00,9.36,5.32,0.9981,24.92,2.941,473553,971251,0.134,1,193.5,"-0.97,0.64,9.28","5.2,-1.1,0.0","-23.850,58.800,12.900",0.34,0.55,0.00,0,118115,99450,8,1.08,37.496712,126.957849,27824,462,1714,36,9.43,0.00,999.00,37.5,0,149,0,1,-62,-65.6,99450,29,4,3.76,1,0,-4.39,-11.29,0
18:13:27,121.295,12556937,12556936,1,0,1,37.496697,126.957824,0.09,0.0,0,112.3,1,137.5,0,0.00,9.26,4.39,0.9996,22.91,2.978,473553,971263,0.134,1,193.5,"-0.68,0.39,9.23","3.5,1.2,-2.4","-26.850,58.350,10.950",0.55,0.55,0.00,0,118116,99451,8,1.08,37.496712,126.957849,27824,462,1714,36,9.43,0.00,999.00,37.5,0,149,0,1,-70,-66.5,99451,26,4,4.09,1,0,-4.39,-11.29,0
18:13:27,121.361,12557038,12557037,1,0,1,37.496697,126.957824,0.09,0.0,0,112.3,1,137.5,0,0.00,10.18,4.53,0.9968,24.39,2.903,473553,971275,0.134,1,193.5,"-1.16,0.91,10.07","4.4,-0.9,-0.7","-22.650,58.050,12.450",0.56,0.89,0.00,0,118117,99452,8,1.08,37.496712,126.957849,27824,462,1714,36,9.43,0.00,999.00,37.5,0,149,0,1,-62,-65.6,99452,20,4,3.75,1,0,-4.39,-11.29,0
18:13:27,121.445,12557138,12557137,1,0,1,37.496697,126.957824,0.09,0.0,0,112.3,1,137.5,0,0.00,9.83,2.05,0.9987,24.12,2.930,473553,971287,0.134,1,193.5,"-0.91,0.70,9.76","0.7,-0.5,-1.9","-23.850,58.350,12.150",0.09,1.38,0.00,0,118118,99453,8,1.08,37.496712,126.957849,27824,462,1714,36,9.43,0.00,999.00,37.5,0,149,0,1,-62,-64.9,99453,15,4,3.51,1,0,-4.39,-11.29,0
18:13:27,121.712,12557239,12557238,1,0,1,37.496697,126.957824,0.09,0.0,0,112.3,1,137.5,0,0.00,9.37,2.27,0.9995,23.78,2.947,473553,971299,0.134,1,193.5,"-0.43,0.75,9.33","1.1,-1.4,-1.5","-23.100,59.250,11.700",0.58,0.79,0.00,0,118119,99454,8,1.08,37.496712,126.957849,27824,462,1714,36,9.77,0.00,999.00,36.0,0,149,0,1,-61,-64.1,99454,10,4,3.26,1,0,-4.39,-11.29,0
18:13:27,121.793,12557458,12557445,1,0,1,37.496697,126.957824,0.09,0.0,0,112.3,1,137.5,0,0.00,9.89,1.15,0.9978,24.30,2.947,473553,971321,0.134,1,193.5,"-1.10,0.56,9.81","0.1,-0.0,-1.1","-24.450,58.650,12.300",0.26,0.55,0.00,0,118121,99456,8,1.08,37.496712,126.957849,27824,462,1714,36,9.39,0.00,999.00,32.7,0,149,0,1,-57,-62.0,99456,16,4,2.67,1,0,-4.39,-11.29,0
18:13:28,121.902,12557561,12557548,1,0,1,37.496697,126.957824,0.09,0.0,0,112.3,1,137.5,0,0.00,9.62,1.23,0.9982,24.30,2.951,473553,971332,0.134,1,193.5,"-0.99,0.61,9.55","1.0,0.5,-0.6","-24.750,58.650,12.300",0.15,0.56,0.00,0,118122,99457,8,1.08,37.496712,126.957849,27824,462,1714,36,9.39,0.00,999.00,32.7,0,149,0,1,-62,-62.0,99457,17,4,2.67,1,0,-4.39,-11.29,0
18:13:28,122.068,12557664,12557651,1,0,1,37.496699,126.957826,0.09,0.0,0,112.3,1,137.5,0,0.00,9.78,4.34,0.9978,22.93,2.928,473553,971343,0.082,1,193.5,"-1.06,0.66,9.70","2.3,-2.8,2.5","-23.400,58.350,10.950",0.13,0.28,0.00,0,118123,99458,8,1.05,37.496718,126.957856,27825,462,1714,36,9.03,0.00,999.00,34.1,0,149,0,1,-59,-61.4,99458,13,4,2.52,1,0,-4.39,-11.29,0
18:13:28,122.295,12557857,12557856,1,0,1,37.496699,126.957826,0.09,0.0,0,112.3,1,137.5,0,0.00,9.63,2.28,0.9988,23.69,2.984,473553,971366,0.082,1,193.5,"-0.81,0.77,9.56","-1.0,-2.1,-0.1","-24.450,59.850,11.550",0.15,0.22,0.00,0,118125,99459,8,1.05,37.496718,126.957856,27825,462,1714,36,9.03,0.00,999.00,34.1,0,149,0,1,-55,-60.1,99459,101,4,2.23,1,0,-4.39,-11.29,0
18:13:28,122.483,12558060,12558059,1,0,1,37.496699,126.957826,0.09,0.0,0,112.3,1,137.5,0,0.00,9.65,3.17,0.9990,22.65,2.992,473553,971390,0.082,1,193.5,"-0.81,0.68,9.59","1.3,1.9,2.2","-24.750,59.850,10.500",0.11,0.12,0.00,0,118127,99461,8,1.05,37.496718,126.957856,27825,462,1714,36,9.03,0.00,999.00,34.1,0,149,0,1,-59,-59.4,99461,93,4,2.08,1,0,-4.39,-11.29,0
18:13:28,122.678,12558261,12558260,1,0,1,37.496699,126.957826,0.09,0.0,0,112.3,1,137.5,0,0.00,9.91,1.55,0.9987,24.30,2.993,473553,971414,0.082,1,193.5,"-0.84,0.81,9.84","0.1,0.6,-1.4","-24.900,60.000,12.150",0.25,0.25,0.00,0,118129,99463,8,1.05,37.496718,126.957856,27825,462,1714,36,9.39,0.00,999.00,32.7,0,149,0,1,-59,-59.3,99463,72,4,2.05,1,0,-4.39,-11.29,0
18:13:28,122.779,12558385,12558361,1,0,1,37.496699,126.957826,0.09,0.0,0,112.3,1,137.5,0,0.00,9.51,3.43,0.9988,23.33,2.950,473553,971426,0.082,1,193.5,"-0.68,0.86,9.44","-1.1,2.7,-1.8","-25.650,58.050,11.400",0.34,0.41,0.00,0,118130,99464,8,1.05,37.496718,126.957856,27825,462,1714,36,9.39,0.00,999.00,32.7,0,149,0,1,-60,-59.4,99464,97,4,2.08,1,0,-4.39,-11.29,0
18:13:29,122.912,12558579,12558578,1,0,1,37.496701,126.957829,0.08,0.0,0,112.3,1,137.5,0,0.00,9.73,0.73,0.9985,24.89,2.968,473553,971449,0.072,1,193.5,"-0.91,0.70,9.66","0.2,0.2,-0.7","-23.550,59.850,12.750",0.03,0.31,0.00,0,118132,99466,8,1.08,37.496721,126.957861,27826,462,1714,36,9.39,0.00,999.00,32.7,0,149,0,1,-52,-57.7,99466,63,4,1.77,1,0,-4.39,-11.29,0
18:13:29,123.011,12558679,12558678,1,0,1,37.496701,126.957829,0.08,0.0,0,112.3,1,137.5,0,0.00,9.67,2.47,0.9980,23.48,2.959,473553,971461,0.072,1,193.5,"-0.98,0.76,9.59","-0.6,1.1,-2.1","-23.850,59.250,11.400",0.10,0.17,0.00,0,118133,99467,8,1.08,37.496721,126.957861,27826,462,1714,36,9.04,0.00,999.00,29.1,0,149,0,1,-54,-57.0,99467,72,4,1.65,1,0,-4.39,-11.29,0
18:13:29,123.081,12558783,12558782,1,0,1,37.496701,126.957829,0.08,0.0,0,112.3,1,137.5,0,0.00,9.67,1.42,0.9980,23.64,2.965,473553,971472,0.072,1,193.5,"-0.95,0.80,9.59","-0.3,1.1,0.9","-24.000,59.400,11.550",0.12,0.16,0.00,0,118134,99468,8,1.08,37.496721,126.957861,27826,462,1714,36,9.04,0.00,999.00,29.1,0,149,0,1,-72,-60.0,99468,71,4,2.20,1,0,-4.39,-11.29,0
18:13:29,123.212,12558884,12558883,1,0,1,37.496701,126.957829,0.08,0.0,0,112.3,1,137.5,0,0.00,9.45,2.73,0.9973,25.05,2.938,473553,971484,0.072,1,193.5,"-1.10,0.67,9.37","2.7,0.2,0.5","-24.000,58.650,13.050",0.31,0.49,0.00,0,118135,99469,8,1.08,37.496721,126.957861,27826,462,1714,36,9.04,0.00,999.00,29.1,0,149,0,1,-59,-59.8,99469,70,4,2.16,1,0,-4.39,-11.29,0
18:13:29,123.295,12558985,12558984,1,0,1,37.496701,126.957829,0.08,0.0,0,112.3,1,137.5,0,0.00,9.80,2.92,0.9980,25.26,2.964,473553,971496,0.072,1,193.5,"-0.88,0.91,9.72","-0.4,1.5,-2.5","-24.600,59.250,13.200",0.25,0.50,0.00,0,118136,99470,8,1.08,37.496721,126.957861,27826,462,1714,36,9.04,0.00,999.00,29.1,0,149,0,1,-56,-59.0,99470,68,4,2.01,1,0,-4.39,-11.29,0
18:13:29,123.413,12559086,12559085,1,0,1,37.496701,126.957829,0.08,0.0,0,112.3,1,137.5,0,0.00,9.75,1.52,0.9986,23.90,2.993,473553,971508,0.072,1,193.5,"-0.93,0.62,9.68","-1.1,-0.1,-1.1","-24.150,60.300,11.700",0.09,0.16,0.00,0,118137,99471,8,1.08,37.496721,126.957861,27826,462,1714,36,9.04,0.00,999.00,29.1,0,149,0,1,-53,-57.8,99471,59,4,1.79,1,0,-4.39,-11.29,0
18:13:29,123.510,12559187,12559186,1,0,1,37.496701,126.957829,0.08,0.0,0,112.3,1,137.5,0,0.40,9.67,4.14,0.9988,24.18,2.933,473553,971520,0.072,1,193.5,"-0.85,0.71,9.61","-0.1,-1.3,-3.9","-23.100,58.800,12.150",0.08,0.17,0.00,0,118138,99472,8,1.08,37.496721,126.957861,27826,462,1714,36,9.04,0.00,999.00,29.1,0,149,0,1,-52,-56.7,99472,58,4,1.60,1,0,-4.39,-11.29,0
18:13:29,123.644,12559288,12559287,1,0,1,37.496701,126.957829,0.08,0.0,0,112.3,1,137.5,0,0.00,9.69,2.42,0.9978,24.65,2.906,473553,971532,0.072,1,193.5,"-1.00,0.79,9.61","-2.1,-1.2,-0.3","-23.550,57.750,12.750",0.13,0.16,0.00,0,118139,99473,8,1.08,37.496721,126.957861,27826,462,1714,36,9.41,0.00,999.00,27.8,0,149,0,1,-53,-55.9,99473,56,4,1.49,1,0,-4.39,-11.29,0
18:13:29,123.711,12559393,12559392,1,0,1,37.496701,126.957829,0.08,0.0,0,112.3,1,137.5,0,0.00,9.70,0.16,0.9989,23.67,2.947,473553,971543,0.072,1,193.5,"-0.86,0.66,9.64","0.1,0.0,0.1","-24.900,58.350,11.700",0.07,0.22,0.00,0,118140,99474,8,1.08,37.496721,126.957861,27826,462,1714,36,9.41,0.00,999.00,27.8,0,149,0,1,-55,-55.7,99474,50,4,1.47,1,0,-4.39,-11.29,0
18:13:29,123.784,12559494,12559493,1,0,1,37.496701,126.957829,0.08,0.0,0,112.3,1,137.5,0,0.00,9.68,1.86,0.9984,23.12,2.982,473553,971555,0.072,1,193.5,"-0.93,0.72,9.61","-1.8,0.2,0.4","-23.850,60.000,10.950",0.04,0.19,0.00,0,118141,99475,8,1.08,37.496721,126.957861,27826,462,1714,36,9.41,0.00,999.00,27.8,0,149,0,1,-53,-55.2,99475,51,4,1.39,1,0,-4.39,-11.29,0
18:13:30,123.919,12559595,12559594,1,0,1,37.496703,126.957832,0.07,0.0,0,112.3,1,137.5,0,0.00,9.62,2.34,0.9981,24.33,2.960,473553,971567,0.051,1,193.5,"-0.98,0.70,9.54","0.7,0.6,-2.2","-24.750,58.950,12.300",0.09,0.14,0.00,0,118142,99476,8,1.08,37.496724,126.957862,27827,462,1714,36,9.41,0.00,999.00,27.8,0,149,0,1,-54,-55.0,99476,47,4,1.36,1,0,-4.39,-11.29,0
18:13:30,123.994,12559696,12559695,1,0,1,37.496703,126.957832,0.07,0.0,0,112.3,1,137.5,0,0.00,9.62,1.34,0.9979,23.56,2.943,473553,971579,0.051,1,193.5,"-0.95,0.82,9.54","-0.6,-0.9,0.8","-24.000,58.650,11.550",0.15,0.15,0.00,0,118143,99477,8,1.08,37.496724,126.957862,27827,462,1714,36,9.04,0.00,999.00,29.1,0,149,0,1,-54,-54.8,99477,42,4,1.34,1,0,-4.39,-11.29,0
18:13:30,124.078,12559797,12559796,1,0,1,37.496703,126.957832,0.07,0.0,0,112.3,1,137.5,0,0.00,9.72,3.95,0.9987,25.26,2.957,473553,971591,0.051,1,193.5,"-0.92,0.57,9.66","3.1,1.8,1.7","-24.150,59.250,13.200",0.13,0.15,0.00,0,118144,99478,8,1.08,37.496724,126.957862,27827,462,1714,36,9.04,0.00,999.00,29.1,0,149,0,1,-54,-54.6,99478,38,4,1.32,1,0,-4.39,-11.29,0
18:13:30,124.203,12559898,12559897,1,0,1,37.496703,126.957832,0.07,0.0,0,112.3,1,137.5,0,0.00,9.81,2.37,0.9985,25.52,2.967,473553,971603,0.051,1,193.5,"-0.94,0.69,9.74","2.2,0.8,0.5","-25.500,58.950,13.500",0.14,0.16,0.00,0,118145,99479,8,1.08,37.496724,126.957862,27827,462,1714,36,9.04,0.00,999.00,29.1,0,149,0,1,-54,-54.5,99479,33,4,1.30,1,0,-4.39,-11.29,0
18:13:30,124.329,12559999,12559998,1,0,1,37.496703,126.957832,0.07,0.0,0,112.3,1,137.5,0,0.00,9.75,2.99,0.9985,24.00,2.942,473553,971615,0.051,1,193.5,"-0.96,0.60,9.68","1.2,-2.7,0.0","-24.000,58.650,12.000",0.11,0.15,0.00,0,118146,99480,8,1.08,37.496724,126.957862,27827,462,1714,36,9.04,0.00,999.00,29.1,0,149,0,1,-56,-54.8,99480,29,4,1.34,1,0,-4.39,-11.29,0
18:13:30,124.432,12560100,12560099,1,0,1,37.496703,126.957832,0.07,0.0,0,112.3,1,137.5,0,0.00,9.59,0.98,0.9979,24.30,2.993,473553,971627,0.051,1,193.5,"-1.02,0.68,9.51","-0.0,0.7,-0.7","-24.900,60.000,12.150",0.14,0.17,0.00,0,118147,99481,8,1.08,37.496724,126.957862,27827,462,1714,36,9.04,0.00,999.00,29.1,0,149,0,1,-57,-55.2,99481,25,4,1.40,1,0,-4.39,-11.29,0
18:13:30,124.578,12560200,12560199,1,0,1,37.496703,126.957832,0.07,0.0,0,112.3,1,137.5,0,0.00,9.53,1.25,0.9987,23.48,2.953,473553,971639,0.051,1,193.5,"-0.89,0.65,9.47","0.8,-0.6,-0.8","-23.400,59.250,11.400",0.14,0.17,0.00,0,118148,99482,8,1.08,37.496724,126.957862,27827,462,1714,36,9.04,0.00,999.00,29.1,0,149,0,1,-59,-56.0,99482,14,4,1.50,1,0,-4.39,-11.29,0
18:13:30,124.647,12560300,12560299,1,0,1,37.496703,126.957832,0.07,0.0,0,112.3,1,137.5,0,0.00,9.76,1.02,0.9982,24.91,3.000,473553,971651,0.051,1,193.5,"-0.99,0.70,9.68","-0.2,0.2,-1.0","-25.200,60.150,12.750",0.10,0.18,0.00,0,118149,99483,8,1.08,37.496724,126.957862,27827,462,1714,36,9.04,0.00,999.00,29.1,0,149,0,1,-59,-56.6,99483,12,4,1.59,1,0,-4.39,-11.29,0
18:13:30,124.728,12560405,12560404,1,0,1,37.496703,126.957832,0.07,0.0,0,112.3,1,137.5,0,0.00,9.80,1.20,0.9982,25.68,2.938,473553,971662,0.051,1,193.5,"-0.94,0.79,9.72","0.5,0.0,-1.1","-23.550,58.950,13.650",0.15,0.22,0.00,0,118150,99484,8,1.08,37.496724,126.957862,27827,462,1714,36,9.04,0.00,999.00,29.1,0,149,0,1,-59,-57.1,99484,14,4,1.67,1,0,-4.39,-11.29,0
18:13:31,124.878,12560517,12560504,1,0,1,37.496703,126.957832,0.07,0.0,0,112.3,1,137.5,0,0.00,9.62,2.87,0.9979,24.55,2.968,473553,971674,0.051,1,193.5,"-1.00,0.74,9.54","-0.4,1.8,-2.2","-24.150,59.550,12.450",0.10,0.13,0.00,0,118151,99485,8,1.08,37.496724,126.957862,27827,462,1714,36,9.04,0.00,999.00,29.1,0,149,0,1,-58,-57.3,99485,19,4,1.70,1,0,-4.39,-11.29,0
18:13:31,124.945,12560620,12560607,1,0,1,37.496705,126.957834,0.05,0.0,0,112.3,1,137.5,0,0.00,9.70,0.53,0.9985,22.73,2.972,473553,971685,0.031,1,193.5,"-0.90,0.76,9.63","0.2,-0.4,-0.3","-24.600,59.250,10.650",0.08,0.19,0.00,0,118152,99486,8,1.15,37.496727,126.957864,27828,462,1714,36,9.04,0.00,999.00,29.1,0,149,0,1,-56,-57.0,99486,19,4,1.66,1,0,-4.39,-11.29,0
18:13:31,125.086,12560723,12560710,1,0,1,37.496705,126.957834,0.05,0.0,0,112.3,1,137.5,0,0.13,9.60,4.04,0.9984,24.26,2.969,473553,971696,0.031,1,193.5,"-0.94,0.69,9.53","-0.2,-1.8,-3.6","-24.150,59.550,12.150",0.07,0.15,0.00,0,118153,99487,8,1.15,37.496727,126.957864,27828,462,1714,36,9.04,0.00,999.00,29.1,0,149,0,1,-56,-56.8,99487,17,4,1.63,1,0,-4.39,-11.29,0
18:13:31,125.161,12560826,12560813,1,0,1,37.496705,126.957834,0.05,0.0,0,112.3,1,137.5,0,0.00,9.84,1.94,0.9991,23.34,2.972,473553,971707,0.031,1,193.5,"-0.81,0.68,9.78","0.2,-1.0,-1.7","-24.450,59.400,11.250",0.21,0.21,0.00,0,118154,99488,8,1.15,37.496727,126.957864,27828,462,1714,36,9.41,0.00,999.00,27.8,0,149,0,1,-58,-57.0,99488,13,4,1.66,1,0,-4.39,-11.29,0
18:13:31,125.245,12560917,12560916,1,0,1,37.496705,126.957834,0.05,0.0,0,112.3,1,137.5,0,0.00,9.62,2.80,0.9984,23.02,2.975,473553,971718,0.031,1,193.5,"-0.91,0.74,9.55","-0.0,2.1,-1.9","-24.900,59.250,10.950",0.08,0.14,0.00,0,118155,99488,8,1.15,37.496727,126.957864,27828,462,1714,36,9.41,0.00,999.00,27.8,0,149,0,1,-58,-57.0,99488,104,4,1.66,1,0,-4.39,-11.29,0
18:13:31,125.367,12561019,12561018,1,0,1,37.496705,126.957834,0.05,0.0,0,112.3,1,137.5,0,0.00,9.61,2.12,0.9981,25.10,2.968,473553,971730,0.031,1,193.5,"-0.97,0.72,9.54","1.7,-0.2,1.2","-22.650,60.300,12.900",0.08,0.15,0.00,0,118156,99489,8,1.15,37.496727,126.957864,27828,462,1714,36,9.41,0.00,999.00,27.8,0,149,0,1,-62,-58.0,99489,101,4,1.83,1,0,-4.39,-11.29,0
18:13:31,125.445,12561120,12561119,1,0,1,37.496705,126.957834,0.05,0.0,0,112.3,1,137.5,0,0.00,9.65,3.66,0.9982,22.84,2.965,473553,971742,0.031,1,193.5,"-0.99,0.67,9.57","0.7,-2.5,2.6","-24.750,58.950,10.800",0.07,0.17,0.00,0,118157,99490,8,1.15,37.496727,126.957864,27828,462,1714,36,9.41,0.00,999.00,27.8,0,149,0,1,-56,-57.6,99490,96,4,1.76,1,0,-4.39,-11.29,0
18:13:31,125.583,12561221,12561220,1,0,1,37.496705,126.957834,0.05,0.0,0,112.3,1,137.5,0,0.00,9.64,3.23,0.9986,23.20,2.942,473553,971754,0.031,1,193.5,"-0.91,0.65,9.57","1.3,-2.7,1.3","-24.750,58.200,11.250",0.05,0.25,0.00,0,118158,99491,8,1.15,37.496727,126.957864,27828,462,1714,36,9.41,0.00,999.00,27.8,0,149,0,1,-56,-57.3,99491,92,4,1.70,1,0,-4.39,-11.29,0
18:13:31,125.744,12561322,12561321,1,0,1,37.496705,126.957834,0.05,0.0,0,112.3,1,137.5,0,0.00,9.73,2.08,0.9984,24.30,3.000,473553,971766,0.031,1,193.5,"-0.98,0.57,9.67","1.7,-1.1,-0.2","-25.350,60.000,12.150",0.14,0.14,0.00,0,118159,99492,8,1.15,37.496727,126.957864,27828,462,1714,36,9.41,0.00,999.00,27.8,0,149,0,1,-52,-56.2,99492,83,4,1.54,1,0,-4.39,-11.29,0
18:13:32,125.879,12561526,12561525,1,0,1,37.496705,126.957834,0.05,0.0,0,112.3,1,137.5,0,0.00,9.64,2.65,0.9988,23.82,2.956,473553,971789,0.031,1,193.5,"-0.90,0.59,9.58","2.5,0.4,0.6","-23.100,59.550,11.700",0.11,0.17,0.00,0,118161,99494,8,1.15,37.496727,126.957864,27828,462,1714,36,9.41,0.00,999.00,27.8,0,149,0,1,-51,-54.4,99494,79,4,1.29,1,0,-4.39,-11.29,0
18:13:32,125.967,12561627,12561626,1,0,1,37.496707,126.957837,0.07,0.0,0,112.3,1,137.5,0,0.00,9.57,2.99,0.9989,23.46,2.906,473553,971801,0.093,1,193.5,"-0.88,0.57,9.51","2.2,-2.0,-0.3","-23.250,57.750,11.550",0.15,0.17,0.00,0,118162,99495,8,1.50,37.496729,126.957869,27829,462,1714,36,9.41,0.00,999.00,27.8,0,149,0,1,-53,-54.1,99495,75,4,1.25,1,0,-4.39,-11.29,0
18:13:32,126.102,12561728,12561727,1,0,1,37.496707,126.957837,0.07,0.0,0,112.3,1,137.5,0,0.00,9.75,1.22,0.9978,25.38,2.999,473553,971813,0.093,1,193.5,"-1.06,0.67,9.67","0.9,0.1,0.8","-24.900,60.300,13.200",0.15,0.15,0.00,0,118163,99496,8,1.50,37.496729,126.957869,27829,462,1714,36,8.73,0.00,999.00,25.2,0,149,0,1,-54,-54.1,99496,71,4,1.25,1,0,-4.39,-11.29,0
18:13:32,126.178,12561829,12561828,1,0,1,37.496707,126.957837,0.07,0.0,0,112.3,1,137.5,0,0.00,9.64,1.66,0.9989,24.25,2.927,473553,971825,0.093,1,193.5,"-0.89,0.56,9.59","-0.2,1.6,-0.2","-24.000,58.200,12.300",0.14,0.18,0.00,0,118164,99497,8,1.50,37.496729,126.957869,27829,462,1714,36,8.73,0.00,999.00,25.2,0,149,0,1,-55,-54.3,99497,60,4,1.28,1,0,-4.39,-11.29,0
18:13:32,126.261,12561930,12561929,1,0,1,37.496707,126.957837,0.07,0.0,0,112.3,1,137.5,0,0.00,9.77,1.43,0.9982,24.79,2.941,473553,971837,0.093,1,193.5,"-1.02,0.60,9.70","-0.2,0.9,1.1","-23.550,58.950,12.750",0.15,0.17,0.00,0,118165,99498,8,1.50,37.496729,126.957869,27829,462,1714,36,8.73,0.00,999.00,25.2,0,149,0,1,-60,-55.4,99498,58,4,1.42,1,0,-4.39,-11.29,0
18:13:32,126.332,12562031,12562030,1,0,1,37.496707,126.957837,0.07,0.0,0,112.3,1,137.5,0,0.00,9.73,3.35,0.9986,24.23,3.005,473553,971849,0.093,1,193.5,"-0.90,0.73,9.66","1.9,-0.4,-2.7","-24.450,60.600,12.000",0.08,0.18,0.00,0,118166,99499,8,1.50,37.496729,126.957869,27829,462,1714,36,8.73,0.00,999.00,25.2,0,149,0,1,-52,-54.7,99499,57,4,1.33,1,0,-4.39,-11.29,0
18:13:32,126.462,12562132,12562131,1,0,1,37.496707,126.957837,0.07,0.0,0,112.3,1,137.5,0,0.00,9.69,3.69,0.9987,22.41,2.998,473553,971861,0.093,1,193.5,"-0.90,0.65,9.62","-1.2,1.3,-3.2","-24.150,60.300,10.200",0.05,0.31,0.00,0,118167,99500,8,1.50,37.496729,126.957869,27829,462,1714,36,8.73,0.00,999.00,25.2,0,149,0,1,-51,-54.0,99500,54,4,1.24,1,0,-4.39,-11.29,0
18:13:32,126.578,12562233,12562232,1,0,1,37.496707,126.957837,0.07,0.0,0,112.3,1,137.5,0,0.00,9.69,0.42,0.9981,22.91,2.999,473553,971873,0.093,1,193.5,"-0.99,0.72,9.62","-0.3,-0.0,0.3","-23.400,60.750,10.650",0.07,0.15,0.00,0,118168,99501,8,1.50,37.496729,126.957869,27829,462,1714,36,9.12,0.00,999.00,24.1,0,149,0,1,-50,-53.2,99501,49,4,1.15,1,0,-4.39,-11.29,0
18:13:32,126.678,12562334,12562333,1,0,1,37.496707,126.957837,0.07,0.0,0,112.3,1,137.5,0,0.00,9.72,1.90,0.9986,24.62,3.013,473553,971885,0.093,1,193.5,"-0.87,0.76,9.65","-0.7,1.5,-1.0","-23.550,61.350,12.300",0.10,0.14,0.00,0,118169,99502,8,1.50,37.496729,126.957869,27829,462,1714,36,9.12,0.00,999.00,24.1,0,149,0,1,-48,-52.1,99502,38,4,1.04,1,0,-4.39,-11.29,0
18:13:32,126.828,12562439,12562438,1,0,1,37.496707,126.957837,0.07,0.0,0,112.3,1,137.5,0,0.00,9.72,1.55,0.9982,22.82,2.939,473553,971896,0.093,1,193.5,"-0.95,0.74,9.65","0.4,-1.3,-0.7","-23.550,58.650,10.800",0.07,0.22,0.00,0,118170,99503,8,1.50,37.496729,126.957869,27829,462,1714,36,9.12,0.00,999.00,24.1,0,149,0,1,-50,-51.7,99503,44,4,1.00,1,0,-4.39,-11.29,0
18:13:33,126.898,12562540,12562539,1,0,1,37.496707,126.957837,0.07,0.0,0,112.3,1,137.5,0,0.00,9.66,1.04,0.9985,23.02,2.975,473553,971908,0.093,1,193.5,"-0.89,0.74,9.59","0.9,-0.4,-0.2","-24.900,59.250,10.950",0.07,0.19,0.00,0,118171,99504,8,1.50,37.496729,126.957869,27829,462,1714,36,9.12,0.00,999.00,24.1,0,149,0,1,-49,-51.2,99504,39,4,0.95,1,0,-4.39,-11.29,0
18:13:33,126.994,12562642,12562641,1,0,1,37.496707,126.957837,0.07,0.0,0,112.3,1,137.5,0,0.00,9.75,2.23,0.9986,23.70,2.967,473553,971920,0.051,1,193.5,"-0.93,0.63,9.69","0.5,-1.0,1.9","-23.250,59.850,11.550",0.09,0.17,0.00,0,118172,99505,8,1.50,37.496729,126.957875,27829,463,1714,36,9.12,0.00,999.00,24.1,0,149,0,1,-49,-50.7,99505,36,4,0.91,1,0,-4.39,-11.29,0
18:13:33,127.129,12562743,12562742,1,0,1,37.496707,126.957837,0.07,0.0,0,112.3,1,137.5,0,0.00,9.63,2.24,0.9984,23.39,2.990,473553,971932,0.051,1,193.5,"-0.89,0.77,9.56","2.2,0.4,-0.0","-24.750,59.850,11.250",0.10,0.15,0.00,0,118173,99506,8,1.50,37.496729,126.957875,27829,463,1714,36,9.12,0.00,999.00,24.1,0,149,0,1,-48,-50.2,99506,31,4,0.87,1,0,-4.39,-11.29,0
18:13:33,127.195,12562844,12562843,1,0,1,37.496707,126.957837,0.07,0.0,0,112.3,1,137.5,0,0.00,9.71,3.55,0.9985,22.90,2.961,473553,971944,0.051,1,193.5,"-0.94,0.65,9.64","1.7,-1.9,2.4","-23.550,59.400,10.800",0.04,0.21,0.00,0,118174,99507,8,1.50,37.496729,126.957875,27829,463,1714,36,9.12,0.00,999.00,24.1,0,149,0,1,-50,-50.2,99507,26,4,0.86,1,0,-4.39,-11.29,0
18:13:33,127.343,12562945,12562944,1,0,1,37.496707,126.957837,0.07,0.0,0,112.3,1,137.5,0,0.00,9.70,3.48,0.9984,23.49,2.995,473553,971956,0.051,1,193.5,"-0.94,0.68,9.63","3.2,-1.2,0.5","-23.550,60.600,11.250",0.03,0.17,0.00,0,118175,99508,8,1.50,37.496729,126.957875,27829,463,1714,36,9.12,0.00,999.00,24.1,0,149,0,1,-49,-49.9,99508,21,4,0.84,1,0,-4.39,-11.29,0
18:13:33,127.409,12563047,12563045,1,0,1,37.496707,126.957837,0.07,0.0,0,112.3,1,137.5,0,0.00,9.64,1.44,0.9978,23.56,3.034,473553,971968,0.051,1,193.5,"-1.05,0.67,9.56","1.0,1.0,0.3","-24.750,61.350,11.250",0.14,0.20,0.00,0,118176,99509,8,1.50,37.496729,126.957875,27829,463,1714,36,9.12,0.00,999.00,24.1,0,149,0,1,-49,-49.7,99509,14,4,0.83,1,0,-4.39,-11.29,0
18:13:33,127.494,12563155,12563154,1,0,1,37.496707,126.957837,0.07,0.0,0,112.3,1,137.5,0,0.00,9.56,1.56,0.9990,25.22,2.988,473553,971981,0.051,1,193.5,"-0.82,0.68,9.50","0.6,1.4,-0.0","-24.450,60.150,13.050",0.14,0.16,0.00,0,118177,99510,8,1.50,37.496729,126.957875,27829,463,1714,36,9.12,0.00,999.00,24.1,0,149,0,1,-48,-49.4,99510,19,4,0.80,1,0,-4.39,-11.29,0
18:13:33,127.617,12563263,12563262,1,0,1,37.496707,126.957837,0.07,0.0,0,112.3,1,137.5,0,0.00,9.64,4.75,0.9990,23.48,3.018,473553,971994,0.051,1,193.5,"-0.82,0.67,9.58","0.8,-4.6,-0.6","-25.200,60.600,11.250",0.10,0.18,0.00,0,118178,99511,8,1.50,37.496729,126.957875,27829,463,1714,36,9.12,0.00,999.00,24.1,0,149,0,1,-48,-49.1,99511,22,4,0.80,1,0,-4.39,-11.29,0
18:13:33,127.710,12563363,12563362,1,0,1,37.496707,126.957837,0.07,0.0,0,112.3,1,137.5,0,0.00,9.68,2.58,0.9988,23.55,2.960,473553,972006,0.051,1,193.5,"-0.86,0.68,9.62","0.0,0.4,-2.5","-25.200,58.650,11.550",0.06,0.16,0.00,0,118179,99512,8,1.50,37.496729,126.957875,27829,463,1714,36,9.12,0.00,999.00,24.1,0,149,0,1,-47,-48.7,99512,18,4,0.80,1,0,-4.39,-11.29,0
18:13:33,127.844,12563466,12563465,1,0,1,37.496707,126.957837,0.07,0.0,0,112.3,1,137.5,0,0.00,9.67,2.06,0.9990,25.35,2.990,473553,972017,0.051,1,193.5,"-0.86,0.61,9.62","1.8,0.0,1.0","-24.900,60.000,13.200",0.09,0.17,0.00,0,118180,99513,8,1.50,37.496729,126.957875,27829,463,1714,36,9.12,0.00,999.00,24.1,0,149,0,1,-48,-48.6,99513,15,4,0.80,1,0,-4.39,-11.29,0
18:13:34,127.910,12563578,12563565,1,0,1,37.496707,126.957837,0.07,0.0,0,112.3,1,137.5,0,0.00,9.67,3.05,0.9988,24.10,2.953,473553,972029,0.051,1,193.5,"-0.92,0.46,9.62","2.6,0.0,1.6","-23.250,59.400,12.000",0.21,0.21,0.00,0,118181,99514,8,1.50,37.496729,126.957875,27829,463,1714,36,9.12,0.00,999.00,24.1,0,149,0,1,-47,-48.2,99514,18,4,0.80,1,0,-4.39,-11.29,0
18:13:34,128.035,12563682,12563669,1,0,1,37.496709,126.957841,0.17,0.0,0,112.3,1,137.5,0,0.00,9.61,2.88,0.9978,23.29,2.970,473553,972040,0.268,1,193.5,"-1.06,0.57,9.54","-0.9,-1.7,-2.1","-25.200,58.950,11.250",0.19,0.19,0.00,0,118182,99515,8,1.50,37.496731,126.957881,27830,463,1714,36,9.12,0.00,999.00,24.1,0,149,0,1,-47,-48.0,99515,20,4,0.80,1,0,-4.39,-11.29,0
18:13:34,128.127,12563785,12563772,1,0,1,37.496709,126.957841,0.17,0.0,0,112.3,1,137.5,0,0.00,9.72,1.06,0.9987,24.96,2.976,473553,972051,0.268,1,193.5,"-0.89,0.68,9.66","0.9,0.6,-0.3","-25.350,59.250,12.900",0.07,0.18,0.00,0,118183,99516,8,1.50,37.496731,126.957881,27830,463,1714,36,9.12,0.00,999.00,24.1,0,149,0,1,-47,-47.8,99516,15,4,0.80,1,0,-4.39,-11.29,0
18:13:34,128.195,12563888,12563875,1,0,1,37.496708,126.957841,0.17,0.0,0,112.3,1,137.5,0,0.00,9.77,1.72,0.9983,22.74,3.010,473553,972062,0.268,1,193.5,"-0.99,0.62,9.70","1.4,0.9,-0.2","-24.450,60.600,10.500",0.14,0.19,0.00,0,118184,99517,8,1.50,37.496731,126.957881,27830,463,1714,36,9.51,0.00,999.00,23.0,0,149,0,1,-47,-47.6,99517,15,4,0.80,1,0,-4.39,-11.29,0
18:13:34,128.329,12563991,12563978,1,0,1,37.496708,126.957841,0.17,0.0,0,112.3,1,137.5,0,0.00,9.84,3.09,0.9980,23.56,2.991,473553,972073,0.268,1,193.5,"-0.94,0.87,9.76","0.8,2.9,0.8","-24.600,60.000,11.400",0.25,0.26,0.00,0,118185,99518,8,1.50,37.496731,126.957881,27830,463,1714,36,9.51,0.00,999.00,23.0,0,149,0,1,-48,-47.7,99518,13,4,0.80,1,0,-4.39,-11.29,0
18:13:34,128.411,12564095,12564082,1,0,1,37.496708,126.957841,0.17,0.0,0,112.3,1,137.5,0,0.00,9.67,2.15,0.9988,24.34,2.991,473553,972084,0.268,1,193.5,"-0.90,0.58,9.61","-0.4,2.0,-0.8","-24.150,60.300,12.150",0.10,0.20,0.00,0,118186,99519,8,1.50,37.496731,126.957881,27830,463,1714,36,9.51,0.00,999.00,23.0,0,149,0,1,-48,-47.8,99519,15,4,0.80,1,0,-4.39,-11.29,0
18:13:34,128.531,12564186,12564185,1,0,1,37.496708,126.957841,0.17,0.0,0,112.3,1,137.5,0,0.00,9.49,2.79,0.9988,23.77,2.962,473553,972095,0.268,1,193.5,"-0.89,0.57,9.43","-0.6,-1.9,1.9","-24.150,59.250,11.700",0.21,0.21,0.00,0,118187,99520,8,1.50,37.496731,126.957881,27830,463,1714,36,9.51,0.00,999.00,23.0,0,149,0,1,-48,-47.8,99519,106,4,0.80,1,0,-4.39,-11.29,0
18:13:34,128.627,12564287,12564286,1,0,1,37.496708,126.957841,0.17,0.0,0,112.3,1,137.5,0,0.00,9.76,2.34,0.9983,23.30,2.942,473553,972107,0.268,1,193.5,"-0.97,0.69,9.68","1.1,-2.0,0.2","-23.250,58.950,11.250",0.09,0.21,0.00,0,118188,99520,8,1.50,37.496731,126.957881,27830,463,1714,36,9.51,0.00,999.00,23.0,0,149,0,1,-48,-47.8,99520,101,4,0.80,1,0,-4.39,-11.29,0
18:13:34,128.712,12564410,12564386,1,0,1,37.496708,126.957841,0.17,0.0,0,112.3,1,137.5,0,0.00,9.70,2.95,0.9983,23.43,2.981,473553,972119,0.268,1,193.5,"-0.98,0.61,9.63","-1.7,1.3,-2.0","-23.550,60.150,11.250",0.10,0.14,0.00,0,118189,99522,8,1.50,37.496731,126.957881,27830,463,1714,36,9.51,0.00,999.00,23.0,0,149,0,1,-47,-47.4,99522,13,4,0.80,1,0,-4.39,-11.29,0
18:13:34,128.849,12564502,12564501,1,0,1,37.496708,126.957841,0.17,0.0,0,112.3,1,137.5,0,0.00,9.65,2.55,0.9987,25.22,2.976,473553,972130,0.268,1,193.5,"-0.89,0.68,9.58","1.9,-1.7,0.3","-23.550,60.150,13.050",0.03,0.18,0.00,0,118190,99523,8,1.50,37.496731,126.957881,27830,463,1714,36,9.51,0.00,999.00,23.0,0,149,0,1,-47,-47.3,99523,0,4,0.80,1,0,-4.39,-11.29,0
18:13:35,128.927,12564604,12564603,1,0,1,37.496708,126.957841,0.17,0.0,0,112.3,1,137.5,0,0.00,9.67,1.75,0.9985,24.78,2.948,473553,972142,0.113,1,193.5,"-0.94,0.65,9.60","-0.7,-0.4,-1.6","-24.000,58.950,12.750",0.04,0.14,0.00,0,118191,99523,8,1.08,37.496734,126.957885,27830,464,1714,36,9.51,0.00,999.00,23.0,0,149,0,1,-47,-47.3,99523,102,4,0.80,1,0,-4.39,-11.29,0
18:13:35,129.027,12564705,12564704,1,0,1,37.496708,126.957841,0.17,0.0,0,112.3,1,137.5,0,0.00,9.70,1.23,0.9983,24.40,3.000,473553,972154,0.113,1,193.5,"-0.94,0.74,9.62","0.4,1.0,-0.5","-23.850,60.750,12.150",0.08,0.15,0.00,0,118192,99524,8,1.08,37.496734,126.957885,27830,464,1714,36,9.12,0.00,999.00,24.1,0,149,0,1,-46,-47.0,99524,98,4,0.80,1,0,-4.39,-11.29,0
18:13:35,129.164,12564806,12564805,1,0,1,37.496708,126.957841,0.17,0.0,0,112.3,1,137.5,0,0.00,9.72,1.44,0.9986,23.85,3.006,473553,972166,0.113,1,193.5,"-0.88,0.76,9.65","-0.1,1.4,-0.4","-25.650,60.000,11.700",0.10,0.18,0.00,0,118193,99525,8,1.08,37.496734,126.957885,27830,464,1714,36,9.12,0.00,999.00,24.1,0,149,0,1,-46,-46.8,99525,94,4,0.80,1,0,-4.39,-11.29,0
18:13:35,129.244,12564907,12564906,1,0,1,37.496708,126.957841,0.17,0.0,0,112.3,1,137.5,0,0.00,9.61,3.17,0.9991,24.78,2.959,473553,972178,0.113,1,193.5,"-0.82,0.62,9.56","1.7,1.9,-1.9","-24.750,58.950,12.750",0.13,0.19,0.00,0,118194,99526,8,1.08,37.496734,126.957885,27830,464,1714,36,9.12,0.00,999.00,24.1,0,149,0,1,-47,-46.9,99526,89,4,0.80,1,0,-4.39,-11.29,0
18:13:35,129.333,12565008,12565007,1,0,1,37.496708,126.957841,0.17,0.0,0,112.3,1,137.5,0,0.00,9.67,3.51,0.9980,23.15,2.991,473553,972190,0.113,1,193.5,"-1.03,0.63,9.60","2.2,-2.6,0.7","-23.850,60.300,10.950",0.12,0.40,0.00,0,118195,99527,8,1.08,37.496734,126.957885,27830,464,1714,36,9.12,0.00,999.00,24.1,0,149,0,1,-48,-47.1,99527,84,4,0.80,1,0,-4.39,-11.29,0
18:13:35,129.463,12565109,12565108,1,0,1,37.496708,126.957841,0.17,0.0,0,112.3,1,137.5,0,0.00,9.70,4.78,0.9988,23.55,3.007,473553,972202,0.113,1,193.5,"-0.91,0.56,9.64","0.6,3.0,-3.7","-25.650,60.000,11.400",0.14,0.26,0.00,0,118196,99528,8,1.08,37.496734,126.957885,27830,464,1714,36,9.12,0.00,999.00,24.1,0,149,0,1,-49,-47.5,99528,79,4,0.80,1,0,-4.39,-11.29,0
18:13:35,129.561,12565210,12565209,1,0,1,37.496708,126.957841,0.17,0.0,0,112.3,1,137.5,0,0.00,9.68,1.80,0.9981,24.61,2.977,473553,972214,0.113,1,193.5,"-0.96,0.78,9.60","0.4,-1.1,-1.4","-23.850,60.000,12.450",0.10,0.17,0.00,0,118197,99529,8,1.08,37.496734,126.957885,27830,464,1714,36,9.12,0.00,999.00,24.1,0,149,0,1,-49,-47.8,99529,74,4,0.80,1,0,-4.39,-11.29,0
18:13:35,129.694,12565310,12565309,1,0,1,37.496708,126.957841,0.17,0.0,0,112.3,1,137.5,0,0.00,9.66,3.81,0.9983,21.90,3.006,473553,972226,0.113,1,193.5,"-0.95,0.70,9.59","1.7,-3.4,-0.0","-25.500,59.850,9.750",0.02,0.24,0.00,0,118198,99530,8,1.08,37.496734,126.957885,27830,464,1714,36,9.12,0.00,999.00,24.1,0,149,0,1,-49,-48.0,99530,68,4,0.80,1,0,-4.39,-11.29,0
18:13:35,129.760,12565415,12565414,1,0,1,37.496708,126.957841,0.17,0.0,0,112.3,1,137.5,0,0.00,9.72,3.46,0.9990,23.21,2.931,473553,972237,0.113,1,193.5,"-0.86,0.62,9.66","2.7,-2.2,0.1","-24.000,58.200,11.250",0.12,0.20,0.00,0,118199,99531,8,1.08,37.496734,126.957885,27830,464,1714,36,9.12,0.00,999.00,24.1,0,149,0,1,-48,-48.0,99531,61,4,0.80,1,0,-4.39,-11.29,0
18:13:36,129.893,12565515,12565514,1,0,1,37.496708,126.957841,0.17,0.0,0,112.3,1,137.5,0,0.00,9.62,1.29,0.9983,21.86,2.964,473553,972249,0.113,1,193.5,"-0.98,0.61,9.55","0.9,0.9,0.3","-23.550,59.400,9.750",0.10,0.14,0.00,0,118200,99532,8,1.08,37.496734,126.957885,27830,464,1714,36,9.12,0.00,999.00,24.1,0,149,0,1,-47,-47.8,99532,48,4,0.80,1,0,-4.39,-11.29,0
18:13:36,129.960,12565617,12565616,1,0,1,37.496708,126.957841,0.17,0.0,0,112.3,1,137.5,0,0.00,9.62,1.87,0.9985,22.71,2.913,473553,972261,0.041,1,193.5,"-0.91,0.70,9.55","-0.5,0.3,-1.8","-23.550,57.750,10.800",0.05,0.26,0.00,0,118201,99533,8,1.15,37.496734,126.957892,27830,465,1714,36,9.12,0.00,999.00,24.1,0,149,0,1,-49,-48.1,99533,58,4,0.80,1,0,-4.39,-11.29,0
18:13:36,130.093,12565718,12565717,1,0,1,37.496708,126.957841,0.17,0.0,0,112.3,1,137.5,0,0.00,9.80,3.50,0.9979,22.97,2.958,473553,972273,0.041,1,193.5,"-1.02,0.76,9.72","-1.1,1.4,-3.0","-24.600,58.800,10.950",0.17,0.19,0.00,0,118202,99534,8,1.15,37.496734,126.957892,27830,465,1714,36,9.12,0.00,999.00,24.1,0,149,0,1,-47,-47.8,99534,46,4,0.80,1,0,-4.39,-11.29,0
18:13:36,130.160,12565819,12565818,1,0,1,37.496708,126.957841,0.17,0.0,0,112.3,1,137.5,0,0.00,9.87,3.93,0.9977,22.95,2.991,473553,972285,0.041,1,193.5,"-1.11,0.59,9.79","-1.9,1.9,-2.9","-24.750,59.850,10.800",0.28,0.39,0.00,0,118203,99535,8,1.15,37.496734,126.957892,27830,465,1714,36,9.12,0.00,999.00,24.1,0,149,0,1,-49,-48.1,99535,41,4,0.80,1,0,-4.39,-11.29,0
18:13:36,130.232,12565920,12565919,1,0,1,37.496708,126.957841,0.17,0.0,0,112.3,1,137.5,0,0.00,9.68,1.92,0.9983,23.03,2.960,473553,972297,0.041,1,193.5,"-0.97,0.68,9.61","-0.3,0.9,-1.7","-23.850,59.250,10.950",0.05,0.28,0.00,0,118204,99536,8,1.15,37.496734,126.957892,27830,465,1714,36,9.12,0.00,999.00,24.1,0,149,0,1,-50,-48.5,99536,39,4,0.80,1,0,-4.39,-11.29,0
18:13:36,130.377,12566021,12566020,1,0,1,37.496708,126.957841,0.17,0.0,0,112.3,1,137.5,0,0.00,9.58,2.24,0.9987,23.64,2.965,473553,972309,0.041,1,193.5,"-0.84,0.73,9.52","0.7,0.8,-2.0","-24.000,59.400,11.550",0.12,0.21,0.00,0,118205,99537,8,1.15,37.496734,126.957892,27830,465,1714,36,9.12,0.00,999.00,24.1,0,149,0,1,-51,-49.0,99537,39,4,0.80,1,0,-4.39,-11.29,0
18:13:36,130.511,12566122,12566121,1,0,1,37.496708,126.957841,0.17,0.0,0,112.3,1,137.5,0,0.00,9.61,1.23,0.9984,23.90,2.915,473553,972321,0.041,1,193.5,"-0.93,0.70,9.54","0.1,0.4,-1.2","-24.000,57.750,12.000",0.05,0.20,0.00,0,118206,99538,8,1.15,37.496734,126.957892,27830,465,1714,36,9.12,0.00,999.00,24.1,0,149,0,1,-50,-49.2,99538,36,4,0.80,1,0,-4.39,-11.29,0
18:13:36,130.577,12566222,12566221,1,0,1,37.496708,126.957841,0.17,0.0,0,112.3,1,137.5,0,0.00,9.75,3.68,0.9986,22.85,2.996,473553,972333,0.041,1,193.5,"-0.89,0.73,9.68","3.7,-0.1,0.4","-24.150,60.300,10.650",0.11,0.20,0.00,0,118207,99539,8,1.15,37.496734,126.957892,27830,465,1714,36,9.12,0.00,999.00,24.1,0,149,0,1,-51,-49.5,99539,32,4,0.81,1,0,-4.39,-11.29,0
18:13:36,130.713,12566323,12566322,1,0,1,37.496708,126.957841,0.17,0.0,0,112.3,1,137.5,0,0.00,9.65,2.67,0.9987,22.85,2.954,473553,972345,0.041,1,193.5,"-0.91,0.60,9.59","1.1,-0.9,2.3","-24.000,58.950,10.800",0.08,0.16,0.00,0,118208,99540,8,1.15,37.496734,126.957892,27830,465,1714,36,9.12,0.00,999.00,24.1,0,149,0,1,-48,-49.2,99540,27,4,0.80,1,0,-4.39,-11.29,0
18:13:36,130.738,12566428,12566427,1,0,1,37.496708,126.957841,0.17,0.0,0,112.3,1,137.5,0,0.00,9.79,3.13,0.9981,23.70,3.027,473553,972356,0.041,1,193.5,"-0.98,0.75,9.72","2.7,-1.6,0.5","-24.600,61.200,11.400",0.15,0.15,0.00,0,118209,99541,8,1.15,37.496734,126.957892,27830,465,1714,36,9.12,0.00,999.00,24.1,0,149,0,1,-49,-49.2,99541,27,4,0.80,1,0,-4.39,-11.29,0
18:13:36,130.861,12566528,12566527,1,0,1,37.496708,126.957841,0.17,0.0,0,112.3,1,137.5,0,0.00,9.68,1.89,0.9984,21.41,3.014,473553,972368,0.041,1,193.5,"-0.95,0.69,9.61","1.1,0.1,-1.5","-24.150,60.750,9.150",0.03,0.14,0.00,0,118210,99542,8,1.15,37.496734,126.957892,27830,465,1714,36,9.12,0.00,999.00,24.1,0,149,0,1,-48,-48.9,99542,21,4,0.80,1,0,-4.39,-11.29,0
18:13:37,131.027,12566630,12566629,1,0,1,37.496733,126.957901,0.09,0.0,0,112.3,1,137.5,0,0.00,9.64,0.96,0.9981,23.61,2.973,473553,972380,0.005,1,193.5,"-0.98,0.71,9.57","-0.3,-0.8,0.3","-22.650,60.300,11.400",0.06,0.21,0.00,0,118211,99543,8,1.08,37.496733,126.957901,27831,466,1714,37,5.61,0.00,999.00,-17.3,0,149,0,1,-49,-49.0,99543,12,4,0.80,1,0,-4.39,-11.29,0
18:13:37,131.096,12566730,12566729,1,0,1,37.496733,126.957901,0.09,0.0,0,112.3,1,137.5,0,0.00,9.57,4.65,0.9988,23.59,2.952,473553,972392,0.005,1,193.5,"-0.90,0.47,9.51","4.0,0.2,-2.4","-24.000,58.950,11.550",0.22,0.24,0.00,0,118212,99544,8,1.08,37.496733,126.957901,27831,466,1714,37,5.61,0.00,999.00,-17.3,0,149,0,1,-49,-49.0,99544,12,4,0.80,1,0,-4.39,-11.29,0
18:13:37,131.177,12566842,12566829,1,0,1,37.496733,126.957901,0.09,0.0,0,112.3,1,137.5,0,0.00,9.76,2.07,0.9985,23.70,3.027,473553,972404,0.005,1,193.5,"-0.97,0.59,9.70","0.3,1.8,-1.0","-24.600,61.200,11.400",0.14,0.16,0.00,0,118213,99545,8,1.08,37.496733,126.957901,27831,466,1714,37,5.61,0.00,999.00,-17.3,0,149,0,1,-50,-49.2,99545,19,4,0.80,1,0,-4.39,-11.29,0
18:13:37,131.245,12566945,12566932,1,0,1,37.496733,126.957901,0.09,0.0,0,112.3,1,137.5,0,0.00,9.67,2.82,0.9985,22.74,3.010,473553,972415,0.005,1,193.5,"-0.92,0.70,9.60","-0.1,0.0,-2.8","-24.450,60.600,10.500",0.02,0.26,0.00,0,118214,99546,8,1.08,37.496733,126.957901,27831,466,1714,37,5.61,0.00,999.00,-17.3,0,149,0,1,-54,-50.1,99546,17,4,0.86,1,0,-4.39,-11.29,0
18:13:37,131.483,12567048,12567035,1,0,1,37.496733,126.957901,0.09,0.0,0,112.3,1,137.5,0,0.00,9.77,1.94,0.9986,22.37,3.000,473553,972426,0.005,1,193.5,"-0.93,0.65,9.71","-0.7,0.5,-1.7","-24.900,60.000,10.200",0.11,0.13,0.00,0,118215,99547,8,1.08,37.496733,126.957901,27831,466,1714,37,5.45,0.00,999.00,-10.5,0,149,0,1,-51,-50.3,99547,15,4,0.88,1,0,-4.39,-11.29,0
18:13:37,131.594,12567243,12567242,1,0,1,37.496733,126.957901,0.09,0.0,0,112.3,1,137.5,0,0.00,9.62,1.78,0.9989,22.63,2.935,473553,972448,0.005,1,193.5,"-0.83,0.69,9.56","0.4,1.0,-1.4","-23.850,58.350,10.650",0.10,0.16,0.00,0,118217,99548,8,1.08,37.496733,126.957901,27831,466,1714,37,5.45,0.00,999.00,-10.5,0,149,0,1,-48,-49.8,99548,105,4,0.84,1,0,-4.39,-11.29,0
18:13:37,131.716,12567343,12567342,1,0,1,37.496733,126.957901,0.09,0.0,0,112.3,1,137.5,0,0.00,9.68,4.15,0.9985,23.34,2.977,473553,972460,0.005,1,193.5,"-0.93,0.68,9.61","2.0,3.0,2.1","-24.750,59.400,11.250",0.02,0.17,0.00,0,118218,99548,8,1.08,37.496733,126.957901,27831,466,1714,37,5.45,0.00,999.00,-10.5,0,149,0,1,-48,-49.8,99548,205,4,0.84,1,0,-4.39,-11.29,0
18:13:37,131.800,12567448,12567447,1,0,1,37.496733,126.957901,0.09,0.0,0,112.3,1,137.5,0,0.00,9.70,2.20,0.9985,24.09,2.963,473553,972471,0.005,1,193.5,"-0.95,0.63,9.63","1.4,-0.6,-1.6","-24.000,59.400,12.000",0.07,0.19,0.00,0,118219,99549,8,1.08,37.496733,126.957901,27831,466,1714,37,5.45,0.00,999.00,-10.5,0,149,0,1,-51,-50.1,99549,99,4,0.86,1,0,-4.39,-11.29,0
18:13:38,131.928,12567549,12567548,1,0,1,37.496733,126.957901,0.09,0.0,0,112.3,1,137.5,0,0.00,9.73,0.98,0.9987,23.26,2.944,473553,972483,0.005,1,193.5,"-0.91,0.62,9.66","1.0,-0.0,-0.2","-24.000,58.650,11.250",0.09,0.13,0.00,0,118220,99550,8,1.08,37.496733,126.957901,27831,466,1714,37,5.45,0.00,999.00,-10.5,0,149,0,1,-53,-50.7,99550,95,4,0.91,1,0,-4.39,-11.29,0
18:13:38,132.028,12567650,12567649,1,0,1,37.496733,126.957901,0.05,0.0,0,112.3,1,137.5,0,0.00,9.70,2.35,0.9986,24.64,2.990,473553,972495,0.005,1,193.5,"-0.87,0.74,9.63","0.5,-2.2,0.7","-24.150,60.300,12.450",0.08,0.14,0.00,0,118221,99551,8,1.05,37.496733,126.957909,27832,466,1714,37,5.45,0.00,999.00,-10.5,0,149,0,1,-54,-51.3,99551,88,4,0.97,1,0,-4.39,-11.29,0
18:13:38,132.111,12567751,12567750,1,0,1,37.496733,126.957901,0.05,0.0,0,112.3,1,137.5,0,0.00,9.52,3.73,0.9991,23.56,2.943,473553,972507,0.005,1,193.5,"-0.80,0.63,9.47","1.1,-3.5,0.5","-24.000,58.650,11.550",0.18,0.22,0.00,0,118222,99552,8,1.05,37.496733,126.957909,27832,466,1714,37,5.45,0.00,999.00,-10.5,0,149,0,1,-52,-51.5,99552,86,4,0.98,1,0,-4.39,-11.29,0
18:13:38,132.181,12567852,12567851,1,0,1,37.496733,126.957901,0.05,0.0,0,112.3,1,137.5,0,0.00,9.75,1.34,0.9981,22.90,2.919,473553,972519,0.005,1,193.5,"-0.98,0.74,9.67","0.0,0.8,-1.1","-23.400,58.050,10.950",0.11,0.22,0.00,0,118223,99553,8,1.05,37.496733,126.957909,27832,466,1714,37,5.45,0.00,999.00,-10.5,0,149,0,1,-58,-52.8,99553,81,4,1.11,1,0,-4.39,-11.29,0
18:13:38,132.248,12567954,12567953,1,0,1,37.496733,126.957901,0.05,0.0,0,112.3,1,137.5,0,0.00,9.83,2.88,0.9983,23.03,2.960,473553,972531,0.005,1,193.5,"-0.86,0.87,9.75","0.8,2.0,1.9","-23.850,59.250,10.950",0.27,0.28,0.00,0,118224,99554,8,1.05,37.496733,126.957909,27832,466,1714,37,5.45,0.00,999.00,-10.5,0,149,0,1,-61,-54.4,99554,78,4,1.30,1,0,-4.39,-11.29,0
18:13:38,132.379,12568055,12568054,1,0,1,37.496733,126.957901,0.05,0.0,0,112.3,1,137.5,0,0.00,9.56,3.11,0.9983,24.13,2.994,473553,972543,0.005,1,193.5,"-0.95,0.70,9.49","1.2,-2.1,2.0","-25.200,59.850,12.000",0.11,0.21,0.00,0,118225,99555,8,1.05,37.496733,126.957909,27832,466,1714,37,5.45,0.00,999.00,-10.5,0,149,0,1,-54,-54.3,99555,74,4,1.28,1,0,-4.39,-11.29,0
18:13:38,132.461,12568156,12568155,1,0,1,37.496733,126.957901,0.05,0.0,0,112.3,1,137.5,0,0.00,9.60,3.03,0.9982,22.60,2.962,473553,972555,0.005,1,193.5,"-0.92,0.79,9.52","-0.7,-1.0,-2.8","-23.550,59.400,10.500",0.13,0.18,0.00,0,118226,99556,8,1.05,37.496733,126.957909,27832,466,1714,37,5.45,0.00,999.00,-10.5,0,149,0,1,-54,-54.3,99556,70,4,1.28,1,0,-4.39,-11.29,0
18:13:38,132.630,12568257,12568256,1,0,1,37.496733,126.957901,0.05,0.0,0,112.3,1,137.5,0,0.00,9.72,2.13,0.9977,23.07,2.963,473553,972567,0.005,1,193.5,"-1.03,0.77,9.64","-1.5,0.8,1.2","-23.400,59.550,10.950",0.15,0.20,0.00,0,118227,99557,8,1.05,37.496733,126.957909,27832,466,1714,37,5.45,0.00,999.00,-10.5,0,149,0,1,-53,-54.0,99557,66,4,1.25,1,0,-4.39,-11.29,0
18:13:38,132.760,12568364,12568363,1,0,1,37.496733,126.957901,0.05,0.0,0,112.3,1,137.5,0,0.00,9.61,3.34,0.9992,23.48,3.007,473553,972580,0.005,1,193.5,"-0.81,0.54,9.56","0.5,0.8,-3.2","-24.450,60.600,11.250",0.18,0.18,0.00,0,118228,99558,8,1.05,37.496733,126.957909,27832,466,1714,37,5.45,0.00,999.00,-10.5,0,149,0,1,-52,-53.6,99558,65,4,1.20,1,0,-4.39,-11.29,0
18:13:38,132.830,12568468,12568467,1,0,1,37.496733,126.957901,0.05,0.0,0,112.3,1,137.5,0,0.00,9.71,1.00,0.9982,24.22,2.956,473553,972591,0.005,1,193.5,"-0.96,0.72,9.63","-0.7,-0.6,-0.4","-23.850,59.250,12.150",0.08,0.18,0.00,0,118229,99559,8,1.05,37.496733,126.957909,27832,466,1714,37,5.45,0.00,999.00,-10.5,0,149,0,1,-51,-53.1,99559,65,4,1.14,1,0,-4.39,-11.29,0
18:13:39,132.911,12568568,12568567,1,0,1,37.496733,126.957901,0.05,0.0,0,112.3,1,137.5,0,0.00,9.53,2.55,0.9984,23.64,2.965,473553,972603,0.005,1,193.5,"-0.96,0.40,9.48","1.4,-1.9,1.0","-24.000,59.400,11.550",0.29,0.29,0.00,0,118230,99560,8,1.05,37.496733,126.957909,27832,466,1714,37,5.45,0.00,999.00,-10.5,0,149,0,1,-51,-52.7,99560,62,4,1.10,1,0,-4.39,-11.29,0
18:13:39,132.996,12568670,12568669,1,0,1,37.496733,126.957903,0.03,0.0,0,112.3,1,137.5,0,0.00,9.69,3.35,0.9986,23.20,3.015,473553,972615,0.015,1,193.5,"-0.88,0.73,9.62","2.2,2.1,-1.4","-24.600,60.750,10.950",0.08,0.21,0.00,0,118231,99561,8,1.05,37.496732,126.957916,27833,466,1714,37,5.45,0.00,999.00,-10.5,0,149,0,1,-50,-52.1,99561,57,4,1.04,1,0,-4.39,-11.29,0
18:13:39,133.078,12568772,12568771,1,0,1,37.496733,126.957903,0.03,0.0,0,112.3,1,137.5,0,0.00,9.60,2.17,0.9983,24.71,2.909,473553,972627,0.015,1,193.5,"-0.98,0.61,9.53","1.4,-1.6,0.5","-22.800,58.200,12.750",0.10,0.19,0.00,0,118232,99562,8,1.05,37.496732,126.957916,27833,466,1714,37,5.45,0.00,999.00,-10.5,0,149,0,1,-51,-51.9,99562,51,4,1.02,1,0,-4.39,-11.29,0
18:13:39,133.211,12568873,12568872,0,0,1,37.496733,126.957903,0.03,0.0,0,112.3,1,137.5,0,0.00,9.63,2.64,0.9987,23.82,2.950,473553,972639,0.015,1,193.5,"-0.90,0.66,9.56","-0.6,2.5,-0.7","-22.650,59.550,11.700",0.04,0.16,0.00,0,118233,99563,8,1.05,37.496732,126.957916,27833,466,1714,37,5.45,0.00,999.00,-10.5,0,149,0,1,-50,-51.5,99563,42,4,0.98,1,0,-4.39,-11.29,0
18:13:39,133.328,12568974,12568973,0,0,1,37.496733,126.957903,0.03,0.0,0,112.3,1,137.5,0,0.00,9.73,4.53,0.9989,23.37,2.943,473553,972651,0.015,1,193.5,"-0.89,0.55,9.67","0.0,-4.2,1.7","-24.600,58.350,11.400",0.15,0.19,0.00,0,118234,99564,8,1.05,37.496732,126.957916,27833,466,1714,37,5.45,0.00,999.00,-10.5,0,149,0,1,-50,-51.2,99564,43,4,0.96,1,0,-4.39,-11.29,0
18:13:39,133.426,12569075,12569074,0,0,1,37.496733,126.957903,0.03,0.0,0,112.3,1,137.5,0,0.02,9.67,3.88,0.9985,23.07,2.959,473553,972663,0.015,1,193.5,"-0.92,0.68,9.60","1.5,0.6,-3.5","-23.100,59.550,10.950",0.01,0.14,0.00,0,118235,99565,8,1.05,37.496732,126.957916,27833,466,1714,37,5.45,0.00,999.00,-10.5,0,149,0,1,-50,-51.0,99565,38,4,0.93,1,0,-4.39,-11.29,0
18:13:39,133.548,12569177,12569176,0,0,1,37.496733,126.957903,0.03,0.0,0,112.3,1,137.5,0,0.00,9.68,2.86,0.9979,22.51,3.024,473553,972675,0.015,1,193.5,"-1.03,0.69,9.60","2.0,1.9,-0.8","-24.150,61.200,10.200",0.11,0.20,0.00,0,118236,99566,8,1.05,37.496732,126.957916,27833,466,1714,37,5.45,0.00,999.00,-10.5,0,149,0,1,-51,-51.0,99566,21,4,0.93,1,0,-4.39,-11.29,0
18:13:39,133.644,12569277,12569276,0,0,1,37.496733,126.957903,0.03,0.0,0,112.3,1,137.5,0,0.00,9.79,1.96,0.9976,23.35,2.960,473553,972687,0.015,1,193.5,"-1.10,0.62,9.71","1.2,-0.2,-1.6","-23.550,59.400,11.250",0.22,0.22,0.00,0,118237,99567,8,1.05,37.496732,126.957916,27833,466,1714,37,5.45,0.00,999.00,-10.5,0,149,0,1,-52,-51.2,99567,16,4,0.95,1,0,-4.39,-11.29,0
18:13:39,133.778,12569377,12569376,0,0,1,37.496733,126.957903,0.03,0.0,0,112.3,1,137.5,0,0.00,9.67,0.66,0.9985,23.29,2.959,473553,972699,0.015,1,193.5,"-0.95,0.59,9.61","0.3,-0.5,-0.2","-24.450,58.950,11.250",0.10,0.20,0.00,0,118238,99568,8,1.05,37.496732,126.957916,27833,466,1714,37,5.45,0.00,999.00,-10.5,0,149,0,1,-53,-51.5,99568,17,4,0.99,1,0,-4.39,-11.29,0
18:13:39,133.843,12569481,12569480,0,0,1,37.496733,126.957903,0.03,0.0,0,112.3,1,137.5,0,0.00,9.59,2.18,0.9985,22.02,2.977,473553,972710,0.015,1,193.5,"-0.93,0.67,9.52","-1.6,-1.5,-0.3","-24.150,59.550,9.900",0.07,0.14,0.00,0,118239,99569,8,1.05,37.496732,126.957916,27833,466,1714,37,5.45,0.00,999.00,-10.5,0,149,0,1,-53,-51.8,99569,19,4,1.01,1,0,-4.39,-11.29,0
18:13:40,133.967,12569581,12569580,0,0,1,37.496733,126.957904,0.03,0.0,0,112.3,1,137.5,0,0.00,9.66,1.62,0.9986,22.89,2.925,473553,972722,0.021,1,193.5,"-0.91,0.65,9.60","-0.1,1.4,-0.9","-23.850,58.050,10.950",0.04,0.22,0.00,0,118240,99570,8,1.05,37.496731,126.957924,27834,466,1714,37,5.45,0.00,999.00,-10.5,0,149,0,1,-53,-52.1,99570,14,4,1.04,1,0,-4.39,-11.29,0
18:13:40,134.061,12569683,12569682,0,0,1,37.496733,126.957904,0.03,0.0,0,112.3,1,137.5,0,0.00,9.69,3.36,0.9983,22.85,3.007,473553,972734,0.021,1,193.5,"-0.94,0.75,9.61","1.7,-2.6,-1.1","-24.900,60.300,10.650",0.06,0.21,0.00,0,118241,99571,8,1.05,37.496731,126.957924,27834,466,1714,37,5.45,0.00,999.00,-10.5,0,149,0,1,-53,-52.3,99571,12,4,1.05,1,0,-4.39,-11.29,0
18:13:40,134.194,12569795,12569782,0,0,1,37.496733,126.957904,0.03,0.0,0,112.3,1,137.5,0,0.00,9.67,2.53,0.9984,22.21,3.031,473553,972746,0.021,1,193.5,"-0.81,0.88,9.59","1.4,1.3,-1.7","-24.600,61.200,9.900",0.22,0.22,0.00,0,118242,99572,8,1.05,37.496731,126.957924,27834,466,1714,37,5.45,0.00,999.00,-10.5,0,149,0,1,-53,-52.4,99572,19,4,1.07,1,0,-4.39,-11.29,0
18:13:40,134.260,12569898,12569885,0,0,1,37.496733,126.957904,0.03,0.0,0,112.3,1,137.5,0,0.00,9.80,4.11,0.9988,23.34,2.972,473553,972757,0.021,1,193.5,"-0.89,0.63,9.73","-1.5,1.9,-3.3","-24.450,59.400,11.250",0.14,0.20,0.00,0,118243,99573,8,1.05,37.496731,126.957924,27834,466,1714,37,5.45,0.00,999.00,-10.5,0,149,0,1,-53,-52.5,99573,16,4,1.08,1,0,-4.39,-11.29,0
18:13:40,134.385,12570001,12569988,0,0,1,37.496733,126.957904,0.03,0.0,0,112.3,1,137.5,0,0.00,9.59,2.67,0.9982,22.23,2.950,473553,972768,0.021,1,193.5,"-0.94,0.72,9.52","0.6,-0.9,-2.4","-23.850,58.800,10.200",0.10,0.17,0.00,0,118244,99574,8,1.05,37.496731,126.957924,27834,466,1714,37,5.45,0.00,999.00,-10.5,0,149,0,1,-54,-52.8,99574,14,4,1.11,1,0,-4.39,-11.29,0
18:13:40,134.582,12570092,12570091,0,0,1,37.496733,126.957904,0.03,0.0,0,112.3,1,137.5,0,0.01,9.79,4.04,0.9983,23.67,2.936,473553,972779,0.021,1,193.5,"-0.93,0.76,9.71","-0.8,1.2,-3.8","-24.150,58.350,11.700",0.14,0.18,0.00,0,118245,99574,8,1.05,37.496731,126.957924,27834,466,1714,37,5.45,0.00,999.00,-10.5,0,149,0,1,-54,-52.8,99574,105,4,1.11,1,0,-4.39,-11.29,0
18:13:40,134.693,12570293,12570292,0,0,1,37.496733,126.957904,0.03,0.0,0,112.3,1,137.5,0,0.00,9.52,0.84,0.9981,22.11,2.946,473553,972803,0.021,1,193.5,"-1.01,0.56,9.45","0.1,-0.7,0.5","-23.250,58.950,10.050",0.21,0.21,0.00,0,118247,99576,8,1.05,37.496731,126.957924,27834,466,1714,37,5.45,0.00,999.00,-10.5,0,149,0,1,-55,-53.4,99576,95,4,1.18,1,0,-4.39,-11.29,0
18:13:40,134.765,12570394,12570393,0,0,1,37.496733,126.957904,0.03,0.0,0,112.3,1,137.5,0,0.00,9.64,1.71,0.9982,22.54,2.966,473553,972815,0.021,1,193.5,"-0.96,0.72,9.56","1.6,-0.7,-0.2","-24.750,58.950,10.500",0.07,0.22,0.00,0,118248,99577,8,1.05,37.496731,126.957924,27834,466,1714,37,5.45,0.00,999.00,-10.5,0,149,0,1,-56,-54.0,99577,86,4,1.24,1,0,-4.39,-11.29,0
18:13:41,134.894,12570499,12570498,0,0,1,37.496733,126.957904,0.03,0.0,0,112.3,1,137.5,0,0.00,9.72,3.25,0.9986,23.86,2.984,473553,972826,0.021,1,193.5,"-0.85,0.79,9.65","1.5,2.7,0.9","-24.150,60.000,11.700",0.14,0.14,0.00,0,118249,99578,8,1.05,37.496731,126.957924,27834,466,1714,37,5.45,0.00,999.00,-10.5,0,149,0,1,-56,-54.4,99578,86,4,1.29,1,0,-4.39,-11.29,0
18:13:41,134.994,12570600,12570599,0,0,1,37.496733,126.957906,0.02,0.0,0,112.3,1,137.5,0,0.00,9.74,1.70,0.9984,23.26,2.938,473553,972838,0.015,1,193.5,"-0.96,0.67,9.67","0.7,0.4,-1.5","-23.550,58.650,11.250",0.09,0.13,0.00,0,118250,99579,8,1.05,37.496729,126.957932,27835,466,1714,37,5.45,0.00,999.00,-10.5,0,149,0,1,-53,-54.1,99579,83,4,1.26,1,0,-4.39,-11.29,0
18:13:41,135.129,12570702,12570701,0,0,1,37.496733,126.957906,0.02,0.0,0,112.3,1,137.5,0,0.00,9.71,3.09,0.9985,22.97,2.962,473553,972850,0.015,1,193.5,"-0.93,0.69,9.64","-0.1,3.0,-0.6","-24.900,58.800,10.950",0.05,0.20,0.00,0,118251,99580,8,1.05,37.496729,126.957932,27835,466,1714,37,5.61,0.00,999.00,-17.3,0,149,0,1,-57,-54.7,99580,82,4,1.33,1,0,-4.39,-11.29,0
18:13:41,135.262,12570904,12570903,0,0,1,37.496733,126.957906,0.02,0.0,0,112.3,1,137.5,0,0.00,9.66,3.96,0.9987,23.47,2.970,473553,972874,0.015,1,193.5,"-0.85,0.75,9.59","-0.5,-3.6,1.5","-24.600,59.250,11.400",0.09,0.14,0.00,0,118253,99582,8,1.05,37.496729,126.957932,27835,466,1714,37,5.61,0.00,999.00,-17.3,0,149,0,1,-52,-54.5,99582,72,4,1.31,1,0,-4.39,-11.29,0
18:13:41,135.376,12571006,12571005,0,0,1,37.496733,126.957906,0.02,0.0,0,112.3,1,137.5,0,0.00,9.76,5.67,0.9988,23.81,2.971,473553,972886,0.015,1,193.5,"-0.85,0.74,9.70","4.4,-3.4,1.4","-24.150,59.550,11.700",0.13,0.18,0.00,0,118254,99583,8,1.05,37.496729,126.957932,27835,466,1714,37,5.61,0.00,999.00,-17.3,0,149,0,1,-54,-54.4,99583,68,4,1.29,1,0,-4.39,-11.29,0
18:13:41,135.444,12571106,12571105,0,0,1,37.496733,126.957906,0.02,0.0,0,112.3,1,137.5,0,0.00,9.65,2.57,0.9984,24.09,2.974,473553,972898,0.015,1,193.5,"-0.95,0.65,9.58","-0.8,-0.6,-2.4","-24.750,59.400,12.000",0.05,0.17,0.00,0,118255,99584,8,1.05,37.496729,126.957932,27835,466,1714,37,5.61,0.00,999.00,-17.3,0,149,0,1,-57,-54.9,99584,61,4,1.36,1,0,-4.39,-11.29,0
18:13:41,135.569,12571206,12571205,0,0,1,37.496733,126.957906,0.02,0.0,0,112.3,1,137.5,0,0.00,9.73,1.50,0.9987,22.29,2.952,473553,972910,0.015,1,193.5,"-0.91,0.64,9.67","0.6,0.7,1.2","-23.100,59.250,10.200",0.09,0.22,0.00,0,118256,99585,8,1.05,37.496729,126.957932,27835,466,1714,37,5.61,0.00,999.00,-17.3,0,149,0,1,-54,-54.7,99585,57,4,1.34,1,0,-4.39,-11.29,0
18:13:41,135.663,12571313,12571312,0,0,1,37.496733,126.957906,0.02,0.0,0,112.3,1,137.5,0,0.00,9.66,2.43,0.9982,24.00,2.952,473553,972923,0.015,1,193.5,"-0.99,0.66,9.59","2.4,-0.2,-0.1","-24.750,58.650,12.000",0.07,0.19,0.00,0,118257,99586,8,1.05,37.496729,126.957932,27835,466,1714,37,5.61,0.00,999.00,-17.3,0,149,0,1,-54,-54.6,99586,58,4,1.32,1,0,-4.39,-11.29,0
18:13:41,135.782,12571435,12571412,0,0,1,37.496733,126.957906,0.02,0.0,0,112.3,1,137.5,0,0.00,9.67,1.00,0.9981,23.03,3.009,473553,972935,0.015,1,193.5,"-1.01,0.68,9.60","-0.2,-0.1,-1.0","-24.450,60.600,10.800",0.07,0.20,0.00,0,118258,99587,8,1.05,37.496729,126.957932,27835,466,1714,37,5.61,0.00,999.00,-17.3,0,149,0,1,-52,-54.1,99587,75,4,1.25,1,0,-4.39,-11.29,0
18:13:42,135.912,12571527,12571526,0,0,1,37.496733,126.957906,0.02,0.0,0,112.3,1,137.5,0,0.00,9.63,3.58,0.9979,25.01,2.999,473553,972946,0.015,1,193.5,"-1.02,0.67,9.55","1.0,1.2,-3.2","-23.550,60.900,12.750",0.10,0.23,0.00,0,118259,99588,8,1.05,37.496729,126.957932,27835,466,1714,37,5.61,0.00,999.00,-17.3,0,149,0,1,-52,-53.7,99588,60,4,1.20,1,0,-4.39,-11.29,0
18:13:42,135.995,12571628,12571627,0,0,1,37.496732,126.957909,0.02,0.0,0,112.3,1,137.5,0,0.00,9.65,2.73,0.9990,25.22,2.933,473553,972958,0.015,1,193.5,"-0.81,0.70,9.59","1.5,-1.7,1.5","-23.400,58.800,13.200",0.12,0.20,0.00,0,118260,99589,8,1.05,37.496727,126.957935,27836,466,1714,37,6.02,0.00,999.00,-16.1,0,149,0,1,-51,-53.1,99589,57,4,1.15,1,0,-4.39,-11.29,0
18:13:42,136.117,12571729,12571728,0,0,1,37.496732,126.957909,0.02,0.0,0,112.3,1,137.5,0,0.00,9.66,3.40,0.9988,22.85,3.003,473553,972970,0.015,1,193.5,"-0.89,0.63,9.60","0.7,-3.2,1.1","-24.600,60.300,10.650",0.06,0.18,0.00,0,118261,99590,8,1.05,37.496727,126.957935,27836,466,1714,37,6.02,0.00,999.00,-16.1,0,149,0,1,-52,-52.9,99590,51,4,1.12,1,0,-4.39,-11.29,0
18:13:42,136.260,12571830,12571829,0,0,1,37.496732,126.957909,0.02,0.0,0,112.3,1,137.5,0,0.00,9.59,2.78,0.9987,23.65,2.959,473553,972982,0.015,1,193.5,"-0.88,0.68,9.53","0.5,-1.4,2.4","-23.550,59.400,11.550",0.07,0.21,0.00,0,118262,99591,8,1.05,37.496727,126.957935,27836,466,1714,37,6.02,0.00,999.00,-16.1,0,149,0,1,-51,-52.5,99591,48,4,1.08,1,0,-4.39,-11.29,0
18:13:42,136.326,12571931,12571930,0,0,1,37.496732,126.957909,0.02,0.0,0,112.3,1,137.5,0,-0.12,9.62,3.78,0.9981,22.86,2.937,473553,972994,0.015,1,193.5,"-0.93,0.81,9.54","1.1,-2.2,2.8","-22.800,58.950,10.800",0.13,0.20,0.00,0,118263,99592,8,1.05,37.496727,126.957935,27836,466,1714,37,6.02,0.00,999.00,-16.1,0,149,0,1,-51,-52.2,99592,44,4,1.05,1,0,-4.39,-11.29,0
18:13:42,136.398,12572032,12572031,0,0,1,37.496732,126.957909,0.02,0.0,0,112.3,1,137.5,0,0.00,9.70,2.00,0.9988,23.70,2.972,473553,973006,0.015,1,193.5,"-0.88,0.63,9.64","0.9,-0.7,-1.7","-23.550,59.850,11.550",0.10,0.17,0.00,0,118264,99593,8,1.05,37.496727,126.957935,27836,466,1714,37,6.02,0.00,999.00,-16.1,0,149,0,1,-53,-52.4,99593,40,4,1.07,1,0,-4.39,-11.29,0
18:13:42,136.529,12572137,12572136,0,0,1,37.496732,126.957909,0.02,0.0,0,112.3,1,137.5,0,0.00,9.74,1.84,0.9988,23.12,2.909,473553,973018,0.015,1,193.5,"-0.90,0.64,9.68","-0.2,1.3,-1.3","-24.000,57.450,11.250",0.11,0.18,0.00,0,118265,99594,8,1.05,37.496727,126.957935,27836,466,1714,37,6.02,0.00,999.00,-16.1,0,149,0,1,-51,-52.1,99594,36,4,1.04,1,0,-4.39,-11.29,0
18:13:42,136.616,12572237,12572236,0,0,1,37.496732,126.957909,0.02,0.0,0,112.3,1,137.5,0,0.00,9.70,1.42,0.9978,23.11,2.993,473553,973030,0.015,1,193.5,"-1.03,0.73,9.62","1.0,-1.0,0.1","-24.600,60.000,10.950",0.11,0.26,0.00,0,118266,99595,8,1.05,37.496727,126.957935,27836,466,1714,37,6.02,0.00,999.00,-16.1,0,149,0,1,-53,-52.3,99595,30,4,1.06,1,0,-4.39,-11.29,0
18:13:42,136.752,12572337,12572336,0,0,1,37.496732,126.957909,0.02,0.0,0,112.3,1,137.5,0,0.00,9.65,2.21,0.9981,23.03,2.971,473553,973042,0.015,1,193.5,"-1.01,0.66,9.57","1.7,0.6,-1.3","-24.600,59.250,10.950",0.08,0.19,0.00,0,118267,99596,8,1.05,37.496727,126.957935,27836,466,1714,37,6.02,0.00,999.00,-16.1,0,149,0,1,-53,-52.4,99596,28,4,1.07,1,0,-4.39,-11.29,0
18:13:42,136.827,12572451,12572439,0,0,1,37.496732,126.957909,0.02,0.0,0,112.3,1,137.5,0,0.00,9.75,1.26,0.9981,22.45,3.017,473553,973053,0.015,1,193.5,"-1.02,0.62,9.68","-0.6,0.9,-0.7","-24.600,60.750,10.200",0.13,0.22,0.00,0,118268,99597,8,1.05,37.496727,126.957935,27836,466,1714,37,6.02,0.00,999.00,-16.1,0,149,0,1,-53,-52.5,99597,32,4,1.08,1,0,-4.39,-11.29,0
18:13:43,136.910,12572555,12572542,0,0,1,37.496732,126.957909,0.02,0.0,0,112.3,1,137.5,0,0.00,9.61,3.84,0.9982,24.55,2.979,473553,973064,0.015,1,193.5,"-0.98,0.64,9.53","3.6,1.2,-0.6","-24.900,59.550,12.450",0.09,0.12,0.00,0,118269,99598,8,1.05,37.496727,126.957935,27836,466,1714,37,6.02,0.00,999.00,-16.1,0,149,0,1,-53,-52.6,99598,20,4,1.09,1,0,-4.39,-11.29,0
18:13:43,137.044,12572659,12572646,0,0,1,37.496732,126.957911,0.02,0.0,0,112.3,1,137.5,0,0.20,9.76,3.91,0.9981,23.70,3.016,473553,973075,0.026,1,193.5,"-0.92,0.86,9.68","-0.1,0.6,-3.9","-23.850,61.200,11.400",0.19,0.19,0.00,0,118270,99599,8,1.05,37.496726,126.957939,27837,466,1714,37,6.02,0.00,999.00,-16.1,0,149,0,1,-51,-52.3,99599,21,4,1.06,1,0,-4.39,-11.29,0
18:13:43,137.145,12572752,12572751,0,0,1,37.496732,126.957911,0.02,0.0,0,112.3,1,137.5,0,0.00,9.68,2.46,0.9983,23.51,3.027,473553,973086,0.026,1,193.5,"-0.99,0.61,9.61","1.1,1.5,-1.6","-25.200,60.900,11.250",0.09,0.13,0.00,0,118271,99600,8,1.05,37.496726,126.957939,27837,466,1714,37,6.02,0.00,999.00,-16.1,0,149,0,1,-52,-52.2,99600,14,4,1.05,1,0,-4.39,-11.29,0
18:13:43,137.227,12572853,12572852,0,0,1,37.496732,126.957911,0.02,0.0,0,112.3,1,137.5,0,0.00,9.68,1.93,0.9983,25.18,2.984,473553,973098,0.026,1,193.5,"-0.89,0.80,9.60","1.5,0.2,1.2","-24.750,59.850,13.050",0.12,0.16,0.00,0,118272,99601,8,1.05,37.496726,126.957939,27837,466,1714,37,6.02,0.00,999.00,-16.1,0,149,0,1,-53,-52.4,99601,13,4,1.07,1,0,-4.39,-11.29,0
18:13:43,137.349,12572964,12572951,0,0,1,37.496732,126.957911,0.02,0.0,0,112.3,1,137.5,0,0.00,9.57,0.75,0.9985,23.86,2.995,473553,973110,0.026,1,193.5,"-0.87,0.75,9.50","-0.6,-0.4,-0.1","-24.900,60.000,11.700",0.13,0.14,0.00,0,118273,99602,8,1.05,37.496726,126.957939,27837,466,1714,37,6.02,0.00,999.00,-16.1,0,149,0,1,-52,-52.3,99602,19,4,1.06,1,0,-4.39,-11.29,0
18:13:43,137.443,12573067,12573054,0,0,1,37.496732,126.957911,0.02,0.0,0,112.3,1,137.5,0,0.00,9.68,1.94,0.9991,23.59,2.963,473553,973121,0.026,1,193.5,"-0.79,0.70,9.62","0.1,1.6,-1.1","-24.750,58.950,11.550",0.12,0.20,0.00,0,118274,99603,8,1.05,37.496726,126.957939,27837,466,1714,37,6.02,0.00,999.00,-16.1,0,149,0,1,-52,-52.3,99603,14,4,1.05,1,0,-4.39,-11.29,0
18:13:43,137.513,12573170,12573157,0,0,1,37.496732,126.957911,0.02,0.0,0,112.3,1,137.5,0,0.00,9.61,2.61,0.9987,24.31,2.978,473553,973132,0.026,1,193.5,"-0.91,0.58,9.55","2.6,0.4,0.2","-23.850,60.000,12.150",0.12,0.12,0.00,0,118275,99604,8,1.05,37.496726,126.957939,27837,466,1714,37,6.02,0.00,999.00,-16.1,0,149,0,1,-51,-52.0,99604,15,4,1.03,1,0,-4.39,-11.29,0
18:13:43,137.632,12573261,12573260,0,0,1,37.496732,126.957911,0.02,0.0,0,112.3,1,137.5,0,0.00,9.64,2.90,0.9980,24.08,2.981,473553,973143,0.026,1,193.5,"-0.95,0.79,9.56","1.0,2.7,-0.6","-25.200,59.400,12.000",0.12,0.17,0.00,0,118276,99604,8,1.05,37.496726,126.957939,27837,466,1714,37,6.02,0.00,999.00,-16.1,0,149,0,1,-51,-52.0,99604,106,4,1.03,1,0,-4.39,-11.29,0
18:13:43,137.728,12573362,12573361,0,0,1,37.496732,126.957911,0.02,0.0,0,112.3,1,137.5,0,0.00,9.55,3.00,0.9980,24.45,2.959,473553,973155,0.026,1,193.5,"-0.99,0.70,9.47","2.3,-1.6,-1.1","-22.800,59.850,12.300",0.15,0.18,0.00,0,118277,99605,8,1.05,37.496726,126.957939,27837,466,1714,37,6.02,0.00,999.00,-16.1,0,149,0,1,-50,-51.6,99605,101,4,0.99,1,0,-4.39,-11.29,0
18:13:44,137.964,12573466,12573465,0,0,1,37.496732,126.957911,0.02,0.0,0,112.3,1,137.5,0,0.00,9.71,2.21,0.9986,23.08,2.991,473553,973166,0.026,1,193.5,"-0.94,0.60,9.65","-0.7,1.9,0.9","-22.500,60.900,10.800",0.11,0.19,0.00,0,118278,99606,8,1.05,37.496726,126.957939,27837,466,1714,37,6.02,0.00,999.00,-16.1,0,149,0,1,-49,-51.1,99606,100,4,0.94,1,0,-4.39,-11.29,0
18:13:44,138.094,12573667,12573666,0,0,1,37.496731,126.957914,0.02,0.0,0,112.3,1,137.5,0,0.00,9.69,1.73,0.9987,24.48,2.978,473553,973190,0.026,1,193.5,"-0.92,0.55,9.63","-1.6,-0.7,-0.1","-23.550,60.150,12.300",0.14,0.15,0.00,0,118280,99608,8,1.05,37.496725,126.957942,27838,466,1714,37,6.24,0.00,999.00,-22.1,0,149,0,1,-50,-50.9,99608,90,4,0.92,1,0,-4.39,-11.29,0
18:13:44,138.263,12573768,12573767,0,0,1,37.496731,126.957914,0.02,0.0,0,112.3,1,137.5,0,0.00,9.63,3.10,0.9980,24.46,2.953,473553,973202,0.026,1,193.5,"-0.93,0.82,9.55","-0.2,1.3,-2.8","-24.600,58.800,12.450",0.14,0.14,0.00,0,118281,99609,8,1.05,37.496725,126.957942,27838,466,1714,37,6.24,0.00,999.00,-22.1,0,149,0,1,-50,-50.7,99609,85,4,0.91,1,0,-4.39,-11.29,0
18:13:44,138.377,12574072,12574071,0,0,1,37.496731,126.957914,0.02,0.0,0,112.3,1,137.5,0,0.00,9.54,1.60,0.9987,23.95,2.928,473553,973238,0.026,1,193.5,"-0.89,0.65,9.48","0.9,1.1,-0.6","-24.000,58.200,12.000",0.14,0.16,0.00,0,118284,99612,8,1.05,37.496725,126.957942,27838,466,1714,37,6.24,0.00,999.00,-22.1,0,149,0,1,-50,-50.8,99612,73,4,0.91,1,0,-4.39,-11.29,0
18:13:44,138.578,12574173,12574172,0,0,1,37.496731,126.957914,0.02,0.0,0,112.3,1,137.5,0,0.00,9.75,3.06,0.9982,23.65,3.013,473553,973250,0.026,1,193.5,"-1.01,0.63,9.68","1.8,-2.2,1.0","-24.600,60.750,11.400",0.13,0.13,0.00,0,118285,99613,8,1.05,37.496725,126.957942,27838,466,1714,37,6.24,0.00,999.00,-22.1,0,149,0,1,-50,-50.6,99613,68,4,0.90,1,0,-4.39,-11.29,0
18:13:44,138.603,12574273,12574272,0,0,1,37.496731,126.957914,0.02,0.0,0,112.3,1,137.5,0,0.00,9.68,1.11,0.9981,22.60,2.920,473553,973262,0.026,1,193.5,"-0.97,0.74,9.61","0.9,0.6,-0.1","-23.400,58.050,10.650",0.07,0.18,0.00,0,118286,99614,8,1.05,37.496725,126.957942,27838,466,1714,37,6.63,0.00,999.00,-20.7,0,149,0,1,-50,-50.5,99614,63,4,0.89,1,0,-4.39,-11.29,0
18:13:44,138.676,12574380,12574379,0,0,1,37.496731,126.957914,0.02,0.0,0,112.3,1,137.5,0,0.53,9.69,5.58,0.9980,23.37,2.948,473553,973275,0.026,1,193.5,"-1.05,0.55,9.62","3.4,-2.5,-3.6","-24.900,58.350,11.400",0.19,0.19,0.00,0,118287,99615,8,1.05,37.496725,126.957942,27838,466,1714,37,6.63,0.00,999.00,-20.7,0,149,0,1,-50,-50.4,99615,64,4,0.88,1,0,-4.39,-11.29,0
18:13:44,138.860,12574487,12574486,0,0,1,37.496731,126.957914,0.02,0.0,0,112.3,1,137.5,0,0.00,9.60,2.78,0.9986,22.85,3.007,473553,973285,0.026,1,193.5,"-0.90,0.68,9.54","2.4,-1.2,0.8","-24.900,60.300,10.650",0.07,0.20,0.00,0,118288,99616,8,1.05,37.496725,126.957942,27838,466,1714,37,6.63,0.00,999.00,-20.7,0,149,0,1,-51,-50.5,99616,65,4,0.89,1,0,-4.39,-11.29,0
18:13:45,138.960,12574587,12574586,0,0,1,37.496731,126.957916,0.02,0.0,0,112.3,1,137.5,0,0.00,9.61,2.10,0.9987,22.01,2.952,473553,973297,0.021,1,193.5,"-0.85,0.73,9.55","2.0,-0.3,0.5","-25.200,58.200,10.050",0.11,0.19,0.00,0,118289,99617,8,1.05,37.496724,126.957945,27839,466,1714,37,6.63,0.00,999.00,-20.7,0,149,0,1,-51,-50.6,99617,59,4,0.90,1,0,-4.39,-11.29,0
18:13:45,139.082,12574688,12574687,0,0,1,37.496731,126.957916,0.02,0.0,0,112.3,1,137.5,0,0.00,9.77,1.94,0.9988,22.46,3.000,473553,973309,0.021,1,193.5,"-0.89,0.68,9.70","1.0,-1.3,1.0","-23.400,60.750,10.200",0.10,0.18,0.00,0,118290,99618,8,1.05,37.496724,126.957945,27839,466,1714,37,6.63,0.00,999.00,-20.7,0,149,0,1,-54,-51.3,99618,55,4,0.96,1,0,-4.39,-11.29,0
18:13:45,139.183,12574790,12574789,0,0,1,37.496731,126.957916,0.02,0.0,0,112.3,1,137.5,0,0.00,9.67,2.24,0.9985,24.53,2.991,473553,973321,0.021,1,193.5,"-0.94,0.66,9.61","-0.8,0.1,-2.1","-23.550,60.600,12.300",0.03,0.16,0.00,0,118291,99619,8,1.05,37.496724,126.957945,27839,466,1714,37,6.63,0.00,999.00,-20.7,0,149,0,1,-57,-52.4,99619,51,4,1.07,1,0,-4.39,-11.29,0
18:13:45,139.194,12574891,12574890,0,0,1,37.496731,126.957916,0.02,0.0,0,112.3,1,137.5,0,0.00,9.65,1.92,0.9990,23.30,2.946,473553,973333,0.021,1,193.5,"-0.83,0.64,9.59","-0.7,-1.4,-1.1","-23.550,58.950,11.250",0.10,0.14,0.00,0,118292,99620,8,1.05,37.496724,126.957945,27839,466,1714,37,6.63,0.00,999.00,-20.7,0,149,0,1,-50,-51.9,99620,47,4,1.02,1,0,-4.39,-11.29,0
18:13:45,139.327,12574992,12574991,0,0,1,37.496731,126.957916,0.02,0.0,0,112.3,1,137.5,0,0.00,9.69,0.39,0.9983,24.44,2.976,473553,973345,0.021,1,193.5,"-0.95,0.73,9.62","-0.0,0.0,-0.4","-24.000,59.850,12.300",0.06,0.17,0.00,0,118293,99621,8,1.05,37.496724,126.957945,27839,466,1714,37,6.63,0.00,999.00,-20.7,0,149,0,1,-49,-51.4,99621,37,4,0.97,1,0,-4.39,-11.29,0
18:13:45,139.464,12575092,12575091,0,0,1,37.496731,126.957916,0.02,0.0,0,112.3,1,137.5,0,0.00,9.62,2.88,0.9986,24.56,2.954,473553,973357,0.021,1,193.5,"-0.94,0.50,9.56","1.3,-1.8,1.8","-23.100,59.550,12.450",0.19,0.19,0.00,0,118294,99622,8,1.05,37.496724,126.957945,27839,466,1714,37,6.63,0.00,999.00,-20.7,0,149,0,1,-50,-51.1,99622,37,4,0.94,1,0,-4.39,-11.29,0
18:13:45,139.581,12575204,12575192,0,0,1,37.496731,126.957916,0.02,0.0,0,112.3,1,137.5,0,0.00,9.71,1.75,0.9988,23.06,2.907,473553,973369,0.021,1,193.5,"-0.90,0.61,9.65","1.3,-1.2,0.4","-24.750,57.000,11.250",0.08,0.16,0.00,0,118295,99623,8,1.05,37.496724,126.957945,27839,466,1714,37,6.63,0.00,999.00,-20.7,0,149,0,1,-51,-51.1,99623,44,4,0.94,1,0,-4.39,-11.29,0
18:13:45,139.676,12575297,12575296,0,0,1,37.496731,126.957916,0.02,0.0,0,112.3,1,137.5,0,0.00,9.67,2.38,0.9984,23.73,2.934,473553,973380,0.021,1,193.5,"-0.92,0.72,9.60","-0.4,-1.6,-1.7","-23.100,58.800,11.700",0.04,0.16,0.00,0,118296,99624,8,1.05,37.496724,126.957945,27839,466,1714,37,6.63,0.00,999.00,-20.7,0,149,0,1,-51,-51.1,99624,31,4,0.94,1,0,-4.39,-11.29,0
18:13:45,139.798,12575397,12575396,0,0,1,37.496731,126.957916,0.02,0.0,0,112.3,1,137.5,0,0.00,9.64,2.15,0.9979,24.75,2.939,473553,973392,0.021,1,193.5,"-0.99,0.77,9.56","1.6,0.9,1.1","-24.000,58.650,12.750",0.11,0.13,0.00,0,118297,99625,8,1.05,37.496724,126.957945,27839,466,1714,37,6.63,0.00,999.00,-20.7,0,149,0,1,-53,-51.4,99625,26,4,0.98,1,0,-4.39,-11.29,0
18:13:46,139.996,12575501,12575500,0,0,1,37.496731,126.957916,0.02,0.0,0,112.3,1,137.5,0,0.00,9.83,1.57,0.9985,24.47,2.936,473553,973403,0.021,1,193.5,"-0.85,0.83,9.76","1.1,0.1,-1.2","-23.400,58.800,12.450",0.21,0.21,0.00,0,118298,99626,8,1.05,37.496724,126.957945,27839,466,1714,37,7.03,0.00,999.00,-19.5,0,149,0,1,-51,-51.4,99626,25,4,0.97,1,0,-4.39,-11.29,0
18:13:46,140.110,12575714,12575701,0,0,1,37.496730,126.957919,0.02,0.0,0,112.3,1,137.5,0,0.00,9.74,2.85,0.9980,23.03,3.024,473553,973427,0.026,1,193.5,"-1.04,0.62,9.67","2.6,-0.7,-1.0","-25.500,60.600,10.800",0.15,0.19,0.00,0,118300,99628,8,1.05,37.496721,126.957953,27840,466,1714,37,7.03,0.00,999.00,-19.5,0,149,0,1,-51,-51.4,99628,14,4,0.97,1,0,-4.39,-11.29,0
18:13:46,140.122,12575817,12575804,0,0,1,37.496730,126.957919,0.02,0.0,0,112.3,1,137.5,0,0.00,9.60,1.77,0.9984,24.52,3.004,473553,973438,0.026,1,193.5,"-0.96,0.59,9.54","1.5,1.0,0.0","-24.450,60.600,12.300",0.12,0.13,0.00,0,118301,99629,8,1.05,37.496721,126.957953,27840,466,1714,37,6.84,0.00,999.00,-14.2,0,149,0,1,-50,-51.1,99629,19,4,0.95,1,0,-4.39,-11.29,0
18:13:46,140.235,12575908,12575907,0,0,1,37.496730,126.957919,0.02,0.0,0,112.3,1,137.5,0,0.00,9.73,1.38,0.9987,24.30,2.993,473553,973449,0.026,1,193.5,"-0.92,0.63,9.67","0.4,-0.7,-1.1","-24.900,60.000,12.150",0.07,0.17,0.00,0,118302,99629,8,1.05,37.496721,126.957953,27840,466,1714,37,6.84,0.00,999.00,-14.2,0,149,0,1,-50,-51.1,99629,110,4,0.95,1,0,-4.39,-11.29,0
18:13:46,140.327,12576021,12576008,0,0,1,37.496730,126.957919,0.02,0.0,0,112.3,1,137.5,0,0.00,9.66,2.58,0.9985,23.07,2.959,473553,973461,0.026,1,193.5,"-0.95,0.64,9.60","0.3,-1.3,2.2","-23.100,59.550,10.950",0.05,0.16,0.00,0,118303,99631,8,1.05,37.496721,126.957953,27840,466,1714,37,6.84,0.00,999.00,-14.2,0,149,0,1,-49,-50.2,99631,18,4,0.87,1,0,-4.39,-11.29,0
18:13:46,140.499,12576124,12576111,0,0,1,37.496730,126.957919,0.02,0.0,0,112.3,1,137.5,0,0.00,9.71,1.05,0.9989,24.03,2.968,473553,973472,0.026,1,193.5,"-0.89,0.60,9.65","0.4,0.9,0.2","-25.200,58.950,12.000",0.11,0.19,0.00,0,118304,99632,8,1.05,37.496721,126.957953,27840,466,1714,37,6.84,0.00,999.00,-14.2,0,149,0,1,-50,-50.2,99632,15,4,0.86,1,0,-4.39,-11.29,0
18:13:46,140.613,12576227,12576214,0,0,1,37.496730,126.957919,0.02,0.0,0,112.3,1,137.5,0,0.00,9.64,2.64,0.9986,23.90,2.989,473553,973483,0.026,1,193.5,"-0.85,0.77,9.58","2.3,-0.8,-1.1","-23.850,60.300,11.700",0.11,0.21,0.00,0,118305,99633,8,1.05,37.496721,126.957953,27840,466,1714,37,6.84,0.00,999.00,-14.2,0,149,0,1,-48,-49.7,99633,13,4,0.83,1,0,-4.39,-11.29,0
18:13:46,140.676,12576318,12576317,0,0,1,37.496730,126.957919,0.02,0.0,0,112.3,1,137.5,0,0.00,9.66,4.62,0.9980,23.81,2.967,473553,973494,0.026,1,193.5,"-0.96,0.78,9.58","3.3,-3.1,-0.8","-23.850,59.550,11.700",0.10,0.23,0.00,0,118306,99633,8,1.05,37.496721,126.957953,27840,466,1714,37,6.84,0.00,999.00,-14.2,0,149,0,1,-48,-49.7,99633,104,4,0.83,1,0,-4.39,-11.29,0
18:13:46,140.748,12576418,12576417,0,0,1,37.496730,126.957919,0.02,0.0,0,112.3,1,137.5,0,0.00,9.63,1.71,0.9984,21.98,2.979,473553,973506,0.026,1,193.5,"-0.91,0.72,9.56","-0.2,-1.5,-0.8","-24.900,59.250,9.900",0.05,0.17,0.00,0,118307,99634,8,1.05,37.496721,126.957953,27840,466,1714,37,6.84,0.00,999.00,-14.2,0,149,0,1,-49,-49.6,99634,93,4,0.82,1,0,-4.39,-11.29,0
18:13:46,140.826,12576521,12576520,0,0,1,37.496730,126.957919,0.02,0.0,0,112.3,1,137.5,0,0.00,9.68,1.40,0.9989,23.43,2.988,473553,973517,0.026,1,193.5,"-0.88,0.62,9.62","0.9,-0.1,1.1","-24.000,60.150,11.250",0.08,0.17,0.00,0,118308,99635,8,1.05,37.496721,126.957953,27840,466,1714,37,6.84,0.00,999.00,-14.2,0,149,0,1,-48,-49.3,99635,92,4,0.80,1,0,-4.39,-11.29,0
18:13:47,140.945,12576621,12576620,0,0,1,37.496729,126.957923,0.02,0.0,0,112.3,1,137.5,0,0.00,9.75,1.50,0.9986,25.15,2.933,473553,973529,0.026,1,193.5,"-0.92,0.64,9.69","0.7,-0.8,1.0","-22.050,59.400,13.050",0.10,0.18,0.00,0,118309,99636,8,1.05,37.496719,126.957960,27841,466,1714,37,6.84,0.00,999.00,-14.2,0,149,0,1,-47,-48.8,99636,83,4,0.80,1,0,-4.39,-11.29,0
18:13:47,141.115,12576723,12576722,0,0,1,37.496729,126.957923,0.02,0.0,0,112.3,1,137.5,0,0.07,9.70,4.40,0.9989,23.60,2.994,473553,973541,0.026,1,193.5,"-0.87,0.66,9.63","1.4,-2.5,-3.4","-24.150,60.300,11.400",0.08,0.23,0.00,0,118310,99637,8,1.05,37.496719,126.957960,27841,466,1714,37,7.03,0.00,999.00,-19.5,0,149,0,1,-47,-48.4,99637,81,4,0.80,1,0,-4.39,-11.29,0
18:13:47,141.194,12576825,12576824,0,0,1,37.496729,126.957923,0.02,0.0,0,112.3,1,137.5,0,0.00,9.74,1.77,0.9981,22.65,2.982,473553,973553,0.026,1,193.5,"-0.99,0.72,9.66","1.2,1.0,0.8","-24.000,59.850,10.500",0.09,0.15,0.00,0,118311,99638,8,1.05,37.496719,126.957960,27841,466,1714,37,7.03,0.00,999.00,-19.5,0,149,0,1,-47,-48.2,99638,81,4,0.80,1,0,-4.39,-11.29,0
18:13:47,141.294,12576926,12576925,0,0,1,37.496729,126.957923,0.02,0.0,0,112.3,1,137.5,0,0.00,9.75,2.30,0.9985,23.11,2.993,473553,973565,0.026,1,193.5,"-0.96,0.59,9.69","1.6,0.8,1.5","-24.600,60.000,10.950",0.14,0.14,0.00,0,118312,99639,8,1.05,37.496719,126.957960,27841,466,1714,37,7.28,0.00,999.00,-24.5,0,149,0,1,-45,-47.5,99639,78,4,0.80,1,0,-4.39,-11.29,0
18:13:47,141.364,12577027,12577026,0,0,1,37.496729,126.957923,0.02,0.0,0,112.3,1,137.5,0,0.00,9.58,2.42,0.9990,23.73,2.980,473553,973577,0.026,1,193.5,"-0.85,0.59,9.52","-0.4,-2.4,0.1","-23.550,60.150,11.550",0.15,0.20,0.00,0,118313,99640,8,1.05,37.496719,126.957960,27841,466,1714,37,7.28,0.00,999.00,-24.5,0,149,0,1,-47,-47.4,99640,74,4,0.80,1,0,-4.39,-11.29,0
18:13:47,141.533,12577128,12577127,0,0,1,37.496729,126.957923,0.02,0.0,0,112.3,1,137.5,0,-0.20,9.67,3.90,0.9989,23.81,2.971,473553,973589,0.026,1,193.5,"-0.86,0.65,9.61","-0.5,-2.7,2.8","-24.150,59.550,11.700",0.06,0.15,0.00,0,118314,99641,8,1.05,37.496719,126.957960,27841,466,1714,37,7.28,0.00,999.00,-24.5,0,149,0,1,-46,-47.1,99641,65,4,0.80,1,0,-4.39,-11.29,0
18:13:47,141.647,12577229,12577228,0,0,1,37.496729,126.957923,0.02,0.0,0,112.3,1,137.5,0,0.00,9.64,4.57,0.9987,23.98,2.889,473553,973601,0.026,1,193.5,"-0.89,0.66,9.57","4.1,-0.2,2.1","-23.400,57.150,12.150",0.05,0.22,0.00,0,118315,99642,8,1.05,37.496719,126.957960,27841,466,1714,37,7.28,0.00,999.00,-24.5,0,149,0,1,-46,-46.9,99642,62,4,0.80,1,0,-4.39,-11.29,0
18:13:47,141.727,12577330,12577329,0,0,1,37.496729,126.957923,0.02,0.0,0,112.3,1,137.5,0,0.00,9.74,1.59,0.9990,23.86,2.980,473553,973613,0.026,1,193.5,"-0.83,0.67,9.68","0.2,-1.1,-1.2","-23.850,60.000,11.700",0.12,0.22,0.00,0,118316,99643,8,1.05,37.496719,126.957960,27841,466,1714,37,7.28,0.00,999.00,-24.5,0,149,0,1,-46,-46.7,99643,60,4,0.80,1,0,-4.39,-11.29,0
18:13:47,141.849,12577454,12577430,0,0,1,37.496729,126.957923,0.02,0.0,0,112.3,1,137.5,0,0.00,9.57,1.67,0.9979,23.34,2.972,473553,973625,0.026,1,193.5,"-1.04,0.61,9.49","0.5,-1.5,-0.6","-24.450,59.400,11.250",0.17,0.18,0.00,0,118317,99644,8,1.05,37.496719,126.957960,27841,466,1714,37,7.28,0.00,999.00,-24.5,0,149,0,1,-46,-46.6,99644,79,4,0.80,1,0,-4.39,-11.29,0
18:13:48,141.944,12577546,12577545,0,0,1,37.496729,126.957923,0.02,0.0,0,112.3,1,137.5,0,0.00,9.67,0.95,0.9985,24.78,2.948,473553,973636,0.026,1,193.5,"-0.94,0.63,9.61","0.4,0.3,0.8","-24.000,58.950,12.750",0.06,0.19,0.00,0,118318,99645,8,1.05,37.496719,126.957960,27841,466,1714,37,7.28,0.00,999.00,-24.5,0,149,0,1,-47,-46.7,99645,65,4,0.80,1,0,-4.39,-11.29,0
18:13:48,142.016,12577648,12577647,0,0,1,37.496729,126.957923,0.02,0.0,0,112.3,1,137.5,0,0.00,9.62,3.74,0.9985,22.02,2.988,473553,973648,0.021,1,193.5,"-0.93,0.65,9.56","-0.1,-2.0,-3.1","-24.900,59.550,9.900",0.06,0.18,0.00,0,118319,99646,8,1.05,37.496715,126.957966,27841,467,1714,37,7.28,0.00,999.00,-24.5,0,149,0,1,-45,-46.3,99646,62,4,0.80,1,0,-4.39,-11.29,0
18:13:48,142.127,12577749,12577748,0,0,1,37.496729,126.957923,0.02,0.0,0,112.3,1,137.5,0,0.00,9.75,1.81,0.9982,23.28,2.975,473553,973660,0.021,1,193.5,"-0.93,0.81,9.67","-1.7,0.5,0.0","-25.500,58.950,11.250",0.14,0.15,0.00,0,118320,99647,8,1.05,37.496715,126.957966,27841,467,1714,37,7.28,0.00,999.00,-24.5,0,149,0,1,-46,-46.3,99647,57,4,0.80,1,0,-4.39,-11.29,0
18:13:48,142.226,12577850,12577849,0,0,1,37.496729,126.957923,0.02,0.0,0,112.3,1,137.5,0,0.00,9.71,2.13,0.9993,24.31,2.978,473553,973672,0.021,1,193.5,"-0.76,0.65,9.66","2.1,-0.0,0.2","-23.850,60.000,12.150",0.18,0.18,0.00,0,118321,99648,8,1.05,37.496715,126.957966,27841,467,1714,37,7.28,0.00,999.00,-24.5,0,149,0,1,-47,-46.4,99648,53,4,0.80,1,0,-4.39,-11.29,0
18:13:48,142.348,12577951,12577950,0,0,1,37.496729,126.957923,0.02,0.0,0,112.3,1,137.5,0,0.00,9.66,1.90,0.9984,23.56,2.932,473553,973684,0.021,1,193.5,"-0.97,0.60,9.59","-0.3,1.9,-0.3","-23.250,58.650,11.550",0.10,0.15,0.00,0,118322,99649,8,1.05,37.496715,126.957966,27841,467,1714,37,7.28,0.00,999.00,-24.5,0,149,0,1,-47,-46.5,99649,48,4,0.80,1,0,-4.39,-11.29,0
18:13:48,142.443,12578052,12578051,0,0,1,37.496729,126.957923,0.02,0.0,0,112.3,1,137.5,0,0.00,9.79,2.06,0.9984,22.95,2.981,473553,973696,0.021,1,193.5,"-0.94,0.72,9.72","-0.5,1.3,-1.5","-24.000,59.850,10.800",0.12,0.15,0.00,0,118323,99650,8,1.05,37.496715,126.957966,27841,467,1714,37,7.28,0.00,999.00,-24.5,0,149,0,1,-46,-46.4,99650,44,4,0.80,1,0,-4.39,-11.29,0
18:13:48,142.568,12578153,12578152,0,0,1,37.496729,126.957923,0.02,0.0,0,112.3,1,137.5,0,0.00,9.66,2.83,0.9984,23.03,2.965,473553,973708,0.021,1,193.5,"-0.95,0.68,9.59","1.7,2.2,-0.7","-24.150,59.250,10.950",0.03,0.13,0.00,0,118324,99651,8,1.05,37.496715,126.957966,27841,467,1714,37,7.28,0.00,999.00,-24.5,0,149,0,1,-46,-46.3,99651,39,4,0.80,1,0,-4.39,-11.29,0
18:13:48,142.659,12578253,12578252,0,0,1,37.496729,126.957923,0.02,0.0,0,112.3,1,137.5,0,0.00,9.48,2.09,0.9983,24.30,2.993,473553,973720,0.021,1,193.5,"-0.94,0.68,9.41","1.3,-0.9,-1.4","-24.900,60.000,12.150",0.19,0.19,0.00,0,118325,99652,8,1.05,37.496715,126.957966,27841,467,1714,37,7.28,0.00,999.00,-24.5,0,149,0,1,-46,-46.3,99652,33,4,0.80,1,0,-4.39,-11.29,0
18:13:48,142.778,12578353,12578352,0,0,1,37.496729,126.957923,0.02,0.0,0,112.3,1,137.5,0,0.00,9.73,1.86,0.9979,22.90,2.967,473553,973732,0.021,1,193.5,"-1.02,0.72,9.65","1.3,1.3,0.3","-24.000,59.400,10.800",0.11,0.12,0.00,0,118326,99653,8,1.05,37.496715,126.957966,27841,467,1714,37,7.28,0.00,999.00,-24.5,0,149,0,1,-47,-46.4,99653,27,4,0.80,1,0,-4.39,-11.29,0
18:13:48,142.864,12578469,12578434,0,0,1,37.496729,126.957923,0.02,0.0,0,112.3,1,137.5,0,0.00,9.74,1.49,0.9989,22.60,2.962,473553,973742,0.021,1,193.5,"-0.83,0.70,9.68","1.4,-0.3,0.2","-23.550,59.400,10.500",0.13,0.16,0.00,0,118327,99654,8,1.05,37.496715,126.957966,27841,467,1714,37,7.28,0.00,999.00,-24.5,0,149,0,1,-46,-46.3,99654,37,4,0.80,1,0,-4.39,-11.29,0
18:13:49,142.979,12578563,12578562,0,0,1,37.496729,126.957923,0.02,0.0,0,112.3,1,137.5,0,0.00,9.69,1.04,0.9982,23.96,2.922,473553,973753,0.021,1,193.5,"-0.92,0.80,9.62","0.2,0.5,-0.9","-23.550,58.200,12.000",0.12,0.13,0.00,0,118328,99655,8,1.05,37.496715,126.957966,27841,467,1714,37,7.28,0.00,999.00,-24.5,0,149,0,1,-47,-46.5,99655,25,4,0.80,1,0,-4.39,-11.29,0
18:13:49,143.094,12578663,12578662,0,0,1,37.496729,126.957923,0.02,0.0,0,112.3,1,137.5,0,0.00,9.60,3.15,0.9984,22.63,2.924,473553,973765,0.031,1,193.5,"-0.97,0.59,9.53","3.1,-0.0,0.5","-23.100,58.350,10.650",0.12,0.16,0.00,0,118329,99656,8,1.05,37.496713,126.957970,27841,468,1714,37,7.28,0.00,999.00,-24.5,0,149,0,1,-47,-46.6,99656,19,4,0.80,1,0,-4.39,-11.29,0
18:13:49,143.178,12578764,12578764,0,0,1,37.496729,126.957923,0.02,0.0,0,112.3,1,137.5,0,0.00,9.66,3.65,0.9978,23.47,2.970,473553,973777,0.031,1,193.5,"-1.05,0.64,9.58","0.4,3.2,-1.6","-24.600,59.250,11.400",0.13,0.17,0.00,0,118330,99657,8,1.05,37.496713,126.957970,27841,468,1714,37,7.28,0.00,999.00,-24.5,0,149,0,1,-45,-46.3,99657,13,4,0.80,1,0,-4.39,-11.29,0
18:13:49,143.187,12578876,12578863,0,0,1,37.496729,126.957923,0.02,0.0,0,112.3,1,137.5,0,0.00,9.56,2.81,0.9984,24.09,2.970,473553,973789,0.031,1,193.5,"-0.93,0.67,9.49","1.5,2.4,-0.3","-24.450,59.400,12.000",0.10,0.16,0.00,0,118331,99658,8,1.05,37.496713,126.957970,27841,468,1714,37,7.28,0.00,999.00,-24.5,0,149,0,1,-49,-46.8,99658,17,4,0.80,1,0,-4.39,-11.29,0
18:13:49,143.327,12578979,12578966,0,0,1,37.496729,126.957923,0.02,0.0,0,112.3,1,137.5,0,0.00,9.73,3.22,0.9982,23.48,2.959,473553,973800,0.031,1,193.5,"-0.94,0.79,9.65","-0.4,1.8,-2.6","-23.850,59.250,11.400",0.12,0.18,0.00,0,118332,99659,8,1.05,37.496713,126.957970,27841,468,1714,37,7.28,0.00,999.00,-24.5,0,149,0,1,-46,-46.6,99659,19,4,0.80,1,0,-4.39,-11.29,0
18:13:49,143.394,12579083,12579070,0,0,1,37.496729,126.957923,0.02,0.0,0,112.3,1,137.5,0,0.00,9.74,3.41,0.9989,23.78,3.006,473553,973811,0.031,1,193.5,"-0.82,0.74,9.68","1.9,-2.8,-0.6","-24.450,60.600,11.550",0.15,0.16,0.00,0,118333,99660,8,1.05,37.496713,126.957970,27841,468,1714,37,7.28,0.00,999.00,-24.5,0,149,0,1,-47,-46.7,99660,17,4,0.80,1,0,-4.39,-11.29,0
18:13:49,143.581,12579186,12579173,0,0,1,37.496729,126.957923,0.02,0.0,0,112.3,1,137.5,0,0.00,9.56,2.15,0.9984,24.44,2.976,473553,973822,0.031,1,193.5,"-0.95,0.64,9.50","0.2,-2.1,-0.5","-24.000,59.850,12.300",0.11,0.22,0.00,0,118334,99661,8,1.05,37.496713,126.957970,27841,468,1714,37,7.28,0.00,999.00,-24.5,0,149,0,1,-45,-46.4,99661,15,4,0.80,1,0,-4.39,-11.29,0
18:13:49,143.677,12579277,12579276,0,0,1,37.496729,126.957923,0.02,0.0,0,112.3,1,137.5,0,0.00,9.65,3.03,0.9985,23.40,2.979,473553,973833,0.031,1,193.5,"-0.92,0.69,9.58","3.0,0.4,0.0","-24.000,59.850,11.250",0.03,0.20,0.00,0,118335,99662,8,1.05,37.496713,126.957970,27841,468,1714,37,7.28,0.00,999.00,-24.5,0,149,0,1,-47,-46.5,99662,0,4,0.80,1,0,-4.39,-11.29,0
18:13:49,143.776,12579378,12579377,0,0,1,37.496729,126.957923,0.02,0.0,0,112.3,1,137.5,0,0.00,9.57,2.66,0.9983,23.57,3.017,473553,973845,0.031,1,193.5,"-0.97,0.66,9.50","2.1,-0.9,1.3","-23.550,61.350,11.250",0.12,0.20,0.00,0,118336,99662,8,1.05,37.496713,126.957970,27841,468,1714,37,7.28,0.00,999.00,-24.5,0,149,0,1,-47,-46.5,99662,101,4,0.80,1,0,-4.39,-11.29,0
18:13:50,143.977,12579482,12579481,0,0,1,37.496729,126.957923,0.02,0.0,0,112.3,1,137.5,0,0.00,9.63,4.16,0.9984,23.51,2.972,473553,973856,0.031,1,193.5,"-0.92,0.73,9.56","2.0,2.5,-2.6","-24.150,59.550,11.400",0.07,0.17,0.00,0,118337,99663,8,1.05,37.496713,126.957970,27841,468,1714,37,7.28,0.00,999.00,-24.5,0,149,0,1,-45,-46.2,99663,91,4,0.80,1,0,-4.39,-11.29,0
18:13:50,144.062,12579686,12579685,0,0,1,37.496712,126.957973,0.02,0.0,0,112.3,1,137.5,0,0.00,9.65,3.03,0.9987,24.03,2.961,473553,973879,0.021,1,193.5,"-0.91,0.62,9.59","-1.0,2.6,-1.2","-24.750,58.950,12.000",0.06,0.13,0.00,0,118339,99665,8,1.05,37.496712,126.957973,27842,469,1714,38,11.24,0.00,999.00,-38.9,0,149,0,1,-48,-46.7,99665,84,4,0.80,1,0,-4.39,-11.29,0
18:13:50,144.195,12579787,12579786,0,0,1,37.496712,126.957973,0.02,0.0,0,112.3,1,137.5,0,0.00,9.63,2.85,0.9987,24.04,2.957,473553,973891,0.021,1,193.5,"-0.88,0.69,9.57","1.4,2.2,-1.1","-24.450,58.950,12.000",0.05,0.12,0.00,0,118340,99666,8,1.05,37.496712,126.957973,27842,469,1714,38,11.24,0.00,999.00,-38.9,0,149,0,1,-48,-46.9,99666,83,4,0.80,1,0,-4.39,-11.29,0
18:13:50,144.277,12579888,12579887,0,0,1,37.496712,126.957973,0.02,0.0,0,112.3,1,137.5,0,0.00,9.69,3.64,0.9981,24.38,2.980,473553,973903,0.021,1,193.5,"-1.00,0.68,9.61","-0.8,-1.4,-3.3","-25.200,59.400,12.300",0.08,0.15,0.00,0,118341,99667,8,1.05,37.496712,126.957973,27842,469,1714,38,11.24,0.00,999.00,-38.9,0,149,0,1,-49,-47.4,99667,73,4,0.80,1,0,-4.39,-11.29,0
18:13:50,144.399,12579989,12579988,0,0,1,37.496712,126.957973,0.02,0.0,0,112.3,1,137.5,0,0.00,9.76,1.46,0.9981,25.31,2.935,473553,973915,0.021,1,193.5,"-0.98,0.74,9.68","0.1,0.8,-1.2","-21.900,59.550,13.200",0.11,0.26,0.00,0,118342,99668,8,1.05,37.496712,126.957973,27842,469,1714,38,11.24,0.00,999.00,-38.9,0,149,0,1,-46,-47.1,99668,79,4,0.80,1,0,-4.39,-11.29,0
18:13:50,144.477,12580090,12580089,0,0,1,37.496712,126.957973,0.02,0.0,0,112.3,1,137.5,0,0.00,9.57,2.71,0.9986,22.55,2.949,473553,973927,0.021,1,193.5,"-0.89,0.68,9.50","-1.3,1.5,1.9","-23.550,58.950,10.500",0.09,0.13,0.00,0,118343,99669,8,1.05,37.496712,126.957973,27842,469,1714,38,11.24,0.00,999.00,-38.9,0,149,0,1,-47,-47.1,99669,75,4,0.80,1,0,-4.39,-11.29,0
18:13:50,144.614,12580194,12580193,0,0,1,37.496712,126.957973,0.02,0.0,0,112.3,1,137.5,0,0.00,9.78,4.19,0.9985,23.89,3.010,473553,973938,0.021,1,193.5,"-0.94,0.65,9.71","-1.3,3.4,-2.1","-25.350,60.300,11.700",0.12,0.19,0.00,0,118344,99670,8,1.05,37.496712,126.957973,27842,469,1714,38,11.24,0.00,999.00,-38.9,0,149,0,1,-46,-46.9,99670,72,4,0.80,1,0,-4.39,-11.29,0
18:13:50,144.633,12580294,12580293,0,0,1,37.496712,126.957973,0.02,0.0,0,112.3,1,137.5,0,0.00,9.84,1.61,0.9987,23.59,2.963,473553,973950,0.021,1,193.5,"-0.92,0.65,9.78","-0.2,1.5,0.5","-24.750,58.950,11.550",0.18,0.23,0.00,0,118345,99671,8,1.05,37.496712,126.957973,27842,469,1714,38,11.24,0.00,999.00,-38.9,0,149,0,1,-46,-46.7,99671,67,4,0.80,1,0,-4.39,-11.29,0
18:13:50,144.776,12580394,12580393,0,0,1,37.496712,126.957973,0.02,0.0,0,112.3,1,137.5,0,0.00,9.63,2.67,0.9988,23.37,2.943,473553,973962,0.021,1,193.5,"-0.90,0.57,9.57","1.2,-2.4,-0.2","-24.600,58.350,11.400",0.11,0.22,0.00,0,118346,99672,8,1.05,37.496712,126.957973,27842,469,1714,38,11.24,0.00,999.00,-38.9,0,149,0,1,-46,-46.5,99672,61,4,0.80,1,0,-4.39,-11.29,0
18:13:50,144.859,12580501,12580500,0,0,1,37.496712,126.957973,0.02,0.0,0,112.3,1,137.5,0,0.00,9.67,2.77,0.9983,23.26,2.950,473553,973972,0.021,1,193.5,"-0.98,0.64,9.60","-2.1,0.3,-1.8","-24.450,58.650,11.250",0.07,0.12,0.00,0,118347,99673,8,1.05,37.496712,126.957973,27842,469,1714,38,11.24,0.00,999.00,-38.9,0,149,0,1,-46,-46.4,99673,62,4,0.80,1,0,-4.39,-11.29,0
18:13:51,144.927,12580602,12580602,0,0,1,37.496712,126.957973,0.01,0.0,0,112.3,1,137.5,0,0.16,9.69,4.28,0.9983,24.47,2.942,473553,973984,0.005,1,193.5,"-1.00,0.56,9.62","1.8,-1.7,-3.5","-23.850,58.800,12.450",0.14,0.19,0.00,0,118348,99674,8,1.05,37.496711,126.957975,27843,469,1714,38,11.24,0.00,999.00,-38.9,0,149,0,1,-45,-46.2,99674,58,4,0.80,1,0,-4.39,-11.29,0
18:13:51,144.993,12580703,12580702,0,0,1,37.496712,126.957973,0.01,0.0,0,112.3,1,137.5,0,0.00,9.60,1.52,0.9991,23.29,2.959,473553,973996,0.005,1,193.5,"-0.83,0.53,9.55","0.5,-1.3,0.6","-24.450,58.950,11.250",0.18,0.21,0.00,0,118349,99675,8,1.05,37.496711,126.957975,27843,469,1714,38,11.24,0.00,999.00,-38.9,0,149,0,1,-45,-45.9,99675,53,4,0.80,1,0,-4.39,-11.29,0
18:13:51,145.128,12580804,12580803,0,0,1,37.496712,126.957973,0.01,0.0,0,112.3,1,137.5,0,0.00,9.70,3.03,0.9976,23.54,2.890,473553,974008,0.005,1,193.5,"-1.06,0.71,9.61","2.9,0.8,0.4","-23.400,57.150,11.700",0.14,0.21,0.00,0,118350,99676,8,1.05,37.496711,126.957975,27843,469,1714,38,11.24,0.00,999.00,-38.9,0,149,0,1,-45,-45.7,99676,47,4,0.80,1,0,-4.39,-11.29,0
18:13:51,145.227,12580905,12580904,0,0,1,37.496712,126.957973,0.01,0.0,0,112.3,1,137.5,0,0.00,9.65,2.40,0.9988,22.96,2.964,473553,974020,0.005,1,193.5,"-0.89,0.64,9.59","-1.9,0.3,-1.5","-22.800,59.850,10.800",0.05,0.19,0.00,0,118351,99677,8,1.05,37.496711,126.957975,27843,469,1714,38,11.24,0.00,999.00,-38.9,0,149,0,1,-46,-45.8,99677,44,4,0.80,1,0,-4.39,-11.29,0
18:13:51,145.310,12581006,12581005,0,0,1,37.496712,126.957973,0.01,0.0,0,112.3,1,137.5,0,0.00,9.60,2.13,0.9985,22.98,2.937,473553,974032,0.005,1,193.5,"-0.91,0.69,9.53","-1.3,0.8,1.5","-23.100,58.800,10.950",0.06,0.18,0.00,0,118352,99678,8,1.05,37.496711,126.957975,27843,469,1714,38,11.24,0.00,999.00,-38.9,0,149,0,1,-47,-46.0,99678,40,4,0.80,1,0,-4.39,-11.29,0
18:13:51,145.433,12581107,12581106,0,0,1,37.496712,126.957973,0.01,0.0,0,112.3,1,137.5,0,0.00,9.69,4.45,0.9988,23.70,3.020,473553,974044,0.005,1,193.5,"-0.91,0.54,9.63","2.0,-2.9,2.7","-24.150,61.200,11.400",0.15,0.15,0.00,0,118353,99679,8,1.05,37.496711,126.957975,27843,469,1714,38,11.24,0.00,999.00,-38.9,0,149,0,1,-50,-46.8,99679,35,4,0.80,1,0,-4.39,-11.29,0
18:13:51,145.527,12581208,12581207,0,0,1,37.496712,126.957973,0.01,0.0,0,112.3,1,137.5,0,0.00,9.61,4.42,0.9988,24.14,2.977,473553,974056,0.005,1,193.5,"-0.89,0.62,9.55","1.3,-3.9,1.6","-24.000,59.850,12.000",0.09,0.17,0.00,0,118354,99680,8,1.05,37.496711,126.957975,27843,469,1714,38,11.68,0.00,999.00,-41.5,0,149,0,1,-50,-47.5,99680,31,4,0.80,1,0,-4.39,-11.29,0
18:13:51,145.660,12581309,12581308,0,0,1,37.496712,126.957973,0.01,0.0,0,112.3,1,137.5,0,0.00,9.68,1.65,0.9987,23.11,2.993,473553,974068,0.005,1,193.5,"-0.89,0.68,9.62","1.0,1.3,-0.1","-24.600,60.000,10.950",0.04,0.18,0.00,0,118355,99681,8,1.05,37.496711,126.957975,27843,469,1714,38,11.68,0.00,999.00,-41.5,0,149,0,1,-50,-48.0,99681,24,4,0.80,1,0,-4.39,-11.29,0
18:13:51,145.725,12581409,12581408,0,0,1,37.496712,126.957973,0.01,0.0,0,112.3,1,137.5,0,0.00,9.62,3.51,0.9979,23.26,2.950,473553,974080,0.005,1,193.5,"-0.92,0.86,9.53","-1.2,-2.1,-2.5","-24.450,58.650,11.250",0.18,0.18,0.00,0,118356,99682,8,1.05,37.496711,126.957975,27843,469,1714,38,11.68,0.00,999.00,-41.5,0,149,0,1,-48,-48.0,99682,19,4,0.80,1,0,-4.39,-11.29,0
18:13:51,145.849,12581513,12581512,0,0,1,37.496712,126.957973,0.01,0.0,0,112.3,1,137.5,0,0.00,9.64,2.13,0.9986,23.87,2.973,473553,974091,0.005,1,193.5,"-0.93,0.57,9.58","-0.2,0.0,-2.1","-23.400,60.000,11.700",0.12,0.17,0.00,0,118357,99683,8,1.05,37.496711,126.957975,27843,469,1714,38,11.68,0.00,999.00,-41.5,0,149,0,1,-51,-48.6,99683,18,4,0.80,1,0,-4.39,-11.29,0
18:13:52,145.942,12581614,12581613,0,0,1,37.496711,126.957973,0.01,0.0,0,112.3,1,137.5,0,0.00,9.64,4.35,0.9975,23.78,2.952,473553,974103,0.010,1,193.5,"-1.10,0.61,9.55","0.7,3.3,-2.7","-23.400,59.250,11.700",0.20,0.20,0.00,0,118358,99684,8,1.05,37.496710,126.957978,27844,469,1714,38,11.68,0.00,999.00,-41.5,0,149,0,1,-50,-48.9,99684,15,4,0.80,1,0,-4.39,-11.29,0
18:13:52,146.009,12581725,12581712,0,0,1,37.496711,126.957973,0.01,0.0,0,112.3,1,137.5,0,0.00,9.66,1.34,0.9981,23.56,2.932,473553,974115,0.010,1,193.5,"-1.02,0.59,9.59","0.7,1.1,-0.2","-23.250,58.650,11.550",0.13,0.13,0.00,0,118359,99685,8,1.05,37.496710,126.957978,27844,469,1714,38,11.68,0.00,999.00,-41.5,0,149,0,1,-49,-48.9,99685,16,4,0.80,1,0,-4.39,-11.29,0
18:13:52,146.246,12581829,12581816,0,0,1,37.496711,126.957973,0.01,0.0,0,112.3,1,137.5,0,0.00,9.69,1.27,0.9978,23.16,2.968,473553,974126,0.010,1,193.5,"-1.04,0.69,9.61","0.6,-0.9,0.7","-22.200,60.300,10.950",0.11,0.19,0.00,0,118360,99686,8,1.05,37.496710,126.957978,27844,469,1714,38,11.68,0.00,999.00,-41.5,0,149,0,1,-49,-48.9,99686,19,4,0.80,1,0,-4.39,-11.29,0
18:13:52,146.281,12581932,12581919,0,0,1,37.496711,126.957973,0.01,0.0,0,112.3,1,137.5,0,0.00,9.67,2.24,0.9982,24.26,3.007,473553,974137,0.010,1,193.5,"-0.93,0.77,9.59","1.1,-1.9,-0.4","-24.000,60.900,12.000",0.08,0.17,0.00,0,118361,99687,8,1.05,37.496710,126.957978,27844,469,1714,38,11.68,0.00,999.00,-41.5,0,149,0,1,-49,-48.9,99687,14,4,0.80,1,0,-4.39,-11.29,0
18:13:52,146.333,12582035,12582022,0,0,1,37.496711,126.957973,0.01,0.0,0,112.3,1,137.5,0,0.00,9.77,2.32,0.9985,24.55,2.979,473553,974148,0.010,1,193.5,"-0.95,0.65,9.70","1.7,-1.5,0.4","-24.900,59.550,12.450",0.11,0.14,0.00,0,118362,99688,8,1.05,37.496710,126.957978,27844,469,1714,38,11.68,0.00,999.00,-41.5,0,149,0,1,-49,-48.9,99688,13,4,0.80,1,0,-4.39,-11.29,0
18:13:52,146.493,12582126,12582125,0,0,1,37.496711,126.957973,0.01,0.0,0,112.3,1,137.5,0,0.00,9.59,1.87,0.9979,23.47,2.970,473553,974159,0.010,1,193.5,"-0.99,0.77,9.50","-0.4,1.6,-0.9","-24.600,59.250,11.400",0.13,0.19,0.00,0,118363,99688,8,1.05,37.496710,126.957978,27844,469,1714,38,11.68,0.00,999.00,-41.5,0,149,0,1,-49,-48.9,99688,104,4,0.80,1,0,-4.39,-11.29,0
18:13:52,146.562,12582226,12582225,0,0,1,37.496711,126.957973,0.01,0.0,0,112.3,1,137.5,0,0.00,9.65,1.84,0.9985,24.46,3.006,473553,974171,0.010,1,193.5,"-0.93,0.65,9.58","-0.0,-0.8,-1.6","-25.500,60.150,12.300",0.05,0.14,0.00,0,118364,99689,8,1.05,37.496710,126.957978,27844,469,1714,38,11.68,0.00,999.00,-41.5,0,149,0,1,-50,-49.2,99689,97,4,0.80,1,0,-4.39,-11.29,0
18:13:52,146.642,12582326,12582325,0,0,1,37.496711,126.957973,0.01,0.0,0,112.3,1,137.5,0,0.00,9.71,2.60,0.9988,24.33,2.956,473553,974183,0.010,1,193.5,"-0.85,0.71,9.65","1.2,-2.1,0.8","-24.450,58.950,12.300",0.09,0.16,0.00,0,118365,99690,8,1.05,37.496710,126.957978,27844,469,1714,38,11.68,0.00,999.00,-41.5,0,149,0,1,-50,-49.3,99690,88,4,0.80,1,0,-4.39,-11.29,0
18:13:52,146.760,12582427,12582426,0,0,1,37.496711,126.957973,0.01,0.0,0,112.3,1,137.5,0,0.00,9.67,2.68,0.9984,22.48,2.922,473553,974195,0.010,1,193.5,"-0.93,0.70,9.60","2.2,-0.3,1.6","-25.350,57.150,10.650",0.01,0.13,0.00,0,118366,99691,8,1.05,37.496710,126.957978,27844,469,1714,38,11.68,0.00,999.00,-41.5,0,149,0,1,-49,-49.3,99691,87,4,0.80,1,0,-4.39,-11.29,0
18:13:52,146.846,12582534,12582533,0,0,1,37.496711,126.957973,0.01,0.0,0,112.3,1,137.5,0,0.00,9.70,3.07,0.9987,24.14,2.977,473553,974205,0.010,1,193.5,"-0.93,0.58,9.64","2.5,-1.2,1.3","-24.000,59.850,12.000",0.12,0.13,0.00,0,118367,99692,8,1.05,37.496710,126.957978,27844,469,1714,38,11.68,0.00,999.00,-41.5,0,149,0,1,-49,-49.2,99692,88,4,0.80,1,0,-4.39,-11.29,0
18:13:53,147.046,12582635,12582634,0,0,1,37.496711,126.957974,0.02,0.0,0,112.3,1,137.5,0,0.00,9.65,2.03,0.9982,23.70,2.972,473553,974217,0.021,1,193.5,"-0.91,0.82,9.58","1.4,-0.5,-1.4","-23.550,59.850,11.550",0.13,0.14,0.00,0,118368,99693,8,1.05,37.496709,126.957980,27845,469,1714,38,11.68,0.00,999.00,-41.5,0,149,0,1,-49,-49.2,99693,78,4,0.80,1,0,-4.39,-11.29,0
18:13:53,147.277,12582838,12582837,0,0,1,37.496711,126.957974,0.02,0.0,0,112.3,1,137.5,0,0.00,9.65,3.16,0.9986,23.59,2.952,473553,974241,0.021,1,193.5,"-0.93,0.60,9.58","1.9,2.5,-0.4","-24.000,58.950,11.550",0.09,0.15,0.00,0,118370,99695,8,1.05,37.496709,126.957980,27845,469,1714,38,12.14,0.00,999.00,-43.9,0,149,0,1,-50,-49.5,99695,72,4,0.81,1,0,-4.39,-11.29,0
18:13:53,147.377,12583040,12583039,0,0,1,37.496711,126.957974,0.02,0.0,0,112.3,1,137.5,0,0.00,9.62,1.28,0.9982,24.42,2.929,473553,974265,0.021,1,193.5,"-0.97,0.69,9.55","0.7,0.5,0.9","-23.850,58.350,12.450",0.06,0.22,0.00,0,118372,99697,8,1.05,37.496709,126.957980,27845,469,1714,38,12.14,0.00,999.00,-43.9,0,149,0,1,-50,-49.7,99697,56,4,0.82,1,0,-4.39,-11.29,0
18:13:53,147.461,12583140,12583139,0,0,1,37.496711,126.957974,0.02,0.0,0,112.3,1,137.5,0,-1.32,9.56,3.79,0.9981,24.00,2.948,473553,974277,0.021,1,193.5,"-0.96,0.71,9.49","-0.3,-0.3,3.8","-24.450,58.650,12.000",0.11,0.21,0.00,0,118373,99698,8,1.05,37.496709,126.957980,27845,469,1714,38,11.83,0.00,999.00,-45.3,0,149,0,1,-50,-49.7,99698,62,4,0.83,1,0,-4.39,-11.29,0
18:13:53,147.527,12583240,12583239,0,0,1,37.496711,126.957974,0.02,0.0,0,112.3,1,137.5,0,0.00,9.65,3.59,0.9979,24.69,2.932,473553,974289,0.021,1,193.5,"-0.99,0.78,9.57","0.9,3.4,-0.6","-24.450,58.200,12.750",0.11,0.17,0.00,0,118374,99699,8,1.05,37.496709,126.957980,27845,469,1714,38,11.83,0.00,999.00,-45.3,0,149,0,1,-50,-49.8,99699,57,4,0.83,1,0,-4.39,-11.29,0
18:13:53,147.661,12583341,12583340,0,0,1,37.496711,126.957974,0.02,0.0,0,112.3,1,137.5,0,0.00,9.57,2.45,0.9984,23.59,2.945,473553,974301,0.021,1,193.5,"-0.92,0.71,9.50","-0.9,-0.7,-2.1","-23.550,58.950,11.550",0.10,0.11,0.00,0,118375,99700,8,1.05,37.496709,126.957980,27845,469,1714,38,11.83,0.00,999.00,-45.3,0,149,0,1,-50,-49.8,99700,52,4,0.84,1,0,-4.39,-11.29,0
18:13:53,147.863,12583442,12583441,0,0,1,37.496711,126.957974,0.02,0.0,0,112.3,1,137.5,0,0.00,9.61,2.19,0.9986,24.97,3.007,473553,974313,0.021,1,193.5,"-0.92,0.62,9.55","-1.6,-0.9,-1.1","-24.750,60.600,12.750",0.08,0.16,0.00,0,118376,99701,8,1.05,37.496709,126.957980,27845,469,1714,38,12.32,0.00,999.00,-47.5,0,149,0,1,-51,-50.1,99701,48,4,0.86,1,0,-4.39,-11.29,0
18:13:54,147.977,12583648,12583647,0,0,1,37.496711,126.957974,0.01,0.0,0,112.3,1,137.5,0,0.00,9.74,2.79,0.9982,23.81,2.977,473553,974336,0.005,1,193.5,"-0.90,0.84,9.66","-0.6,1.2,-2.5","-24.600,59.550,11.700",0.16,0.16,0.00,0,118378,99703,8,1.05,37.496708,126.957982,27846,469,1714,38,12.32,0.00,999.00,-47.5,0,149,0,1,-50,-50.2,99703,43,4,0.87,1,0,-4.39,-11.29,0
18:13:54,148.176,12583750,12583749,0,0,1,37.496711,126.957974,0.01,0.0,0,112.3,1,137.5,0,0.00,9.63,2.26,0.9978,23.70,2.978,473553,974348,0.005,1,193.5,"-1.03,0.71,9.55","-0.4,1.2,-1.9","-24.000,59.850,11.550",0.12,0.19,0.00,0,118379,99704,8,1.05,37.496708,126.957982,27846,469,1714,38,12.32,0.00,999.00,-47.5,0,149,0,1,-51,-50.4,99704,39,4,0.88,1,0,-4.39,-11.29,0
18:13:54,148.247,12583952,12583951,0,0,1,37.496711,126.957974,0.01,0.0,0,112.3,1,137.5,0,0.00,9.65,1.86,0.9987,23.47,2.970,473553,974372,0.005,1,193.5,"-0.85,0.76,9.59","0.5,-0.3,-1.8","-24.600,59.250,11.400",0.10,0.17,0.00,0,118381,99706,8,1.05,37.496708,126.957982,27846,469,1714,38,12.32,0.00,999.00,-47.5,0,149,0,1,-51,-50.6,99706,30,4,0.90,1,0,-4.39,-11.29,0
18:13:54,148.377,12584053,12584052,0,0,1,37.496711,126.957974,0.01,0.0,0,112.3,1,137.5,0,0.00,9.63,2.42,0.9980,24.22,3.009,473553,974384,0.005,1,193.5,"-0.99,0.72,9.55","1.7,-1.6,0.7","-24.750,60.600,12.000",0.08,0.15,0.00,0,118382,99707,8,1.05,37.496708,126.957982,27846,469,1714,38,12.32,0.00,999.00,-47.5,0,149,0,1,-50,-50.5,99707,25,4,0.89,1,0,-4.39,-11.29,0
18:13:54,148.498,12584154,12584153,0,0,1,37.496711,126.957974,0.01,0.0,0,112.3,1,137.5,0,0.00,9.64,1.21,0.9988,23.57,2.974,473553,974396,0.005,1,193.5,"-0.80,0.76,9.57","0.1,0.7,-1.0","-23.400,60.000,11.400",0.13,0.15,0.00,0,118383,99708,8,1.05,37.496708,126.957982,27846,469,1714,38,12.32,0.00,999.00,-47.5,0,149,0,1,-50,-50.4,99708,20,4,0.88,1,0,-4.39,-11.29,0
18:13:54,148.599,12584262,12584261,0,0,1,37.496711,126.957974,0.01,0.0,0,112.3,1,137.5,0,0.00,9.67,4.65,0.9984,23.45,2.923,473553,974409,0.005,1,193.5,"-0.94,0.67,9.60","3.5,-2.1,-2.3","-24.450,57.750,11.550",0.04,0.19,0.00,0,118384,99709,8,1.05,37.496708,126.957982,27846,469,1714,38,12.32,0.00,999.00,-47.5,0,149,0,1,-50,-50.3,99709,18,4,0.88,1,0,-4.39,-11.29,0
18:13:54,148.735,12584362,12584361,0,0,1,37.496711,126.957974,0.01,0.0,0,112.3,1,137.5,0,0.00,9.65,4.23,0.9983,23.06,2.991,473553,974421,0.005,1,193.5,"-0.93,0.74,9.58","1.8,3.7,-0.9","-25.350,59.550,10.950",0.04,0.19,0.00,0,118385,99710,8,1.05,37.496708,126.957982,27846,469,1714,38,12.32,0.00,999.00,-47.5,0,149,0,1,-49,-50.0,99710,17,4,0.85,1,0,-4.39,-11.29,0
18:13:54,148.810,12584486,12584462,0,0,1,37.496711,126.957974,0.01,0.0,0,112.3,1,137.5,0,0.00,9.69,2.33,0.9981,23.56,2.981,473553,974433,0.005,1,193.5,"-0.95,0.79,9.61","1.8,-1.1,1.0","-23.850,60.000,11.400",0.09,0.22,0.00,0,118386,99711,8,1.05,37.496708,126.957982,27846,469,1714,38,12.32,0.00,999.00,-47.5,0,149,0,1,-50,-50.0,99711,35,4,0.85,1,0,-4.39,-11.29,0
18:13:55,148.894,12584579,12584578,0,0,1,37.496711,126.957975,0.01,0.0,0,112.3,1,137.5,0,0.00,9.51,1.91,0.9978,25.19,2.973,473553,974444,0.015,1,193.5,"-1.03,0.67,9.43","-0.0,0.4,-1.9","-24.000,59.850,13.050",0.22,0.22,0.00,0,118387,99712,8,1.05,37.496708,126.957983,27847,469,1714,38,12.32,0.00,999.00,-47.5,0,149,0,1,-50,-50.0,99712,23,4,0.85,1,0,-4.39,-11.29,0
18:13:55,149.011,12584680,12584679,0,0,1,37.496711,126.957975,0.01,0.0,0,112.3,1,137.5,0,0.00,9.69,3.11,0.9982,22.89,2.985,473553,974456,0.015,1,193.5,"-0.99,0.66,9.62","2.1,-0.1,2.3","-25.200,59.400,10.800",0.08,0.15,0.00,0,118388,99713,8,1.05,37.496708,126.957983,27847,469,1714,38,12.32,0.00,999.00,-47.5,0,149,0,1,-50,-50.0,99713,18,4,0.85,1,0,-4.39,-11.29,0
18:13:55,149.127,12584782,12584781,0,0,1,37.496711,126.957975,0.01,0.0,0,112.3,1,137.5,0,0.00,9.68,2.76,0.9985,23.55,2.954,473553,974468,0.015,1,193.5,"-0.92,0.70,9.62","2.1,0.2,-1.8","-24.750,58.650,11.550",0.02,0.19,0.00,0,118389,99714,8,1.05,37.496708,126.957983,27847,469,1714,38,12.32,0.00,999.00,-47.5,0,149,0,1,-51,-50.2,99714,15,4,0.87,1,0,-4.39,-11.29,0
18:13:55,149.328,12584893,12584880,0,0,1,37.496711,126.957975,0.01,0.0,0,112.3,1,137.5,0,0.00,9.54,3.61,0.9987,23.45,2.917,473553,974480,0.015,1,193.5,"-0.89,0.65,9.48","1.3,-2.5,-2.3","-24.000,57.750,11.550",0.13,0.17,0.00,0,118390,99715,8,1.05,37.496708,126.957983,27847,469,1714,38,12.32,0.00,999.00,-47.5,0,149,0,1,-49,-50.0,99715,20,4,0.85,1,0,-4.39,-11.29,0
18:13:55,149.444,12585100,12585087,0,0,1,37.496711,126.957975,0.01,0.0,0,112.3,1,137.5,0,0.00,9.70,5.05,0.9987,23.65,2.959,473553,974502,0.015,1,193.5,"-0.91,0.62,9.64","4.2,-2.8,0.2","-23.550,59.400,11.550",0.07,0.22,0.00,0,118392,99717,8,1.05,37.496708,126.957983,27847,469,1714,38,12.32,0.00,999.00,-47.5,0,149,0,1,-51,-50.2,99717,17,4,0.87,1,0,-4.39,-11.29,0
18:13:55,149.527,12585191,12585190,0,0,1,37.496711,126.957975,0.01,0.0,0,112.3,1,137.5,0,0.00,9.67,1.50,0.9990,22.55,2.945,473553,974513,0.015,1,193.5,"-0.82,0.68,9.62","1.4,-0.4,-0.3","-23.250,58.950,10.500",0.09,0.20,0.00,0,118393,99717,8,1.05,37.496708,126.957983,27847,469,1714,38,12.32,0.00,999.00,-47.5,0,149,0,1,-51,-50.2,99717,108,4,0.87,1,0,-4.39,-11.29,0
18:13:56,149.914,12585292,12585291,0,0,1,37.496711,126.957975,0.01,0.0,0,112.3,1,137.5,0,-0.04,9.61,3.23,0.9985,23.78,2.994,473553,974525,0.015,1,193.5,"-0.92,0.65,9.55","1.8,0.0,2.6","-23.550,60.600,11.550",0.06,0.18,0.00,0,118394,99718,8,1.05,37.496708,126.957983,27847,469,1714,38,12.32,0.00,999.00,-47.5,0,149,0,1,-50,-50.1,99718,99,4,0.86,1,0,-4.39,-11.29,0
18:13:56,149.957,12585598,12585597,0,0,1,37.496710,126.957976,0.02,0.0,0,112.3,1,137.5,0,0.00,9.71,3.89,0.9987,23.12,2.987,473553,974560,0.026,1,193.5,"-0.91,0.67,9.64","0.0,3.6,-1.6","-24.150,60.000,10.950",0.05,0.17,0.00,0,118397,99721,8,1.05,37.496707,126.957984,27848,469,1714,38,12.32,0.00,999.00,-47.5,0,149,0,1,-50,-50.2,99721,92,4,0.87,1,0,-4.39,-11.29,0
18:13:56,150.026,12585699,12585698,0,0,1,37.496710,126.957976,0.02,0.0,0,112.3,1,137.5,0,0.00,9.66,3.35,0.9984,23.72,2.945,473553,974572,0.026,1,193.5,"-0.96,0.63,9.59","1.5,-2.5,-1.7","-23.850,58.800,11.700",0.07,0.18,0.00,0,118398,99722,8,1.05,37.496707,126.957984,27848,469,1714,38,12.83,0.00,999.00,-49.5,0,149,0,1,-50,-50.2,99722,89,4,0.87,1,0,-4.39,-11.29,0
18:13:56,150.145,12585801,12585800,0,0,1,37.496710,126.957976,0.02,0.0,0,112.3,1,137.5,0,0.00,9.64,3.34,0.9986,23.65,2.959,473553,974584,0.026,1,193.5,"-0.88,0.74,9.57","-2.7,-0.9,-1.8","-23.550,59.400,11.550",0.08,0.22,0.00,0,118399,99723,8,1.05,37.496707,126.957984,27848,469,1714,38,12.83,0.00,999.00,-49.5,0,149,0,1,-50,-50.2,99723,81,4,0.86,1,0,-4.39,-11.29,0
18:13:56,150.310,12585903,12585902,0,0,1,37.496710,126.957976,0.02,0.0,0,112.3,1,137.5,0,0.00,9.65,2.57,0.9993,22.16,2.959,473553,974596,0.026,1,193.5,"-0.79,0.58,9.60","2.5,0.4,0.6","-23.250,59.400,10.050",0.15,0.17,0.00,0,118400,99724,8,1.05,37.496707,126.957984,27848,469,1714,38,12.83,0.00,999.00,-49.5,0,149,0,1,-51,-50.3,99724,82,4,0.88,1,0,-4.39,-11.29,0
18:13:56,150.447,12586106,12586105,0,0,1,37.496710,126.957976,0.02,0.0,0,112.3,1,137.5,0,0.00,9.40,4.23,0.9988,23.34,2.983,473553,974620,0.026,1,193.5,"-0.87,0.62,9.34","4.1,-0.1,-1.2","-25.200,59.400,11.250",0.27,0.27,0.00,0,118402,99726,8,1.05,37.496707,126.957984,27848,469,1714,38,12.83,0.00,999.00,-49.5,0,149,0,1,-51,-50.4,99726,72,4,0.88,1,0,-4.39,-11.29,0
18:13:56,150.582,12586206,12586205,0,0,1,37.496710,126.957976,0.02,0.0,0,112.3,1,137.5,0,0.00,9.76,3.20,0.9973,23.12,2.987,473553,974632,0.026,1,193.5,"-1.06,0.84,9.67","0.3,-2.6,1.9","-24.150,60.000,10.950",0.21,0.21,0.00,0,118403,99727,8,1.05,37.496707,126.957984,27848,469,1714,38,12.83,0.00,999.00,-49.5,0,149,0,1,-51,-50.5,99727,67,4,0.89,1,0,-4.39,-11.29,0
18:13:56,150.649,12586307,12586306,0,0,1,37.496710,126.957976,0.02,0.0,0,112.3,1,137.5,0,0.00,9.64,2.50,0.9987,21.96,2.922,473553,974644,0.026,1,193.5,"-0.84,0.76,9.57","2.1,-1.0,-0.8","-24.000,57.750,10.050",0.11,0.17,0.00,0,118404,99728,8,1.05,37.496707,126.957984,27848,469,1714,38,12.83,0.00,999.00,-49.5,0,149,0,1,-50,-50.4,99728,63,4,0.89,1,0,-4.39,-11.29,0
18:13:56,150.844,12586408,12586407,0,0,1,37.496710,126.957976,0.02,0.0,0,112.3,1,137.5,0,0.00,9.64,4.78,0.9994,24.03,2.961,473553,974656,0.026,1,193.5,"-0.72,0.66,9.59","2.5,-4.0,1.0","-24.750,58.950,12.000",0.20,0.20,0.00,0,118405,99729,8,1.05,37.496707,126.957984,27848,469,1714,38,12.83,0.00,999.00,-49.5,0,149,0,1,-50,-50.3,99729,47,4,0.88,1,0,-4.39,-11.29,0
18:13:57,150.945,12586613,12586612,0,0,1,37.496710,126.957977,0.02,0.0,0,112.3,1,137.5,0,0.00,9.76,3.93,0.9984,22.95,2.987,473553,974679,0.021,1,193.5,"-0.91,0.77,9.69","1.5,3.5,-0.7","-24.450,59.850,10.800",0.12,0.25,0.00,0,118407,99731,7,1.50,37.496707,126.957986,27849,469,1714,38,12.83,0.00,999.00,-49.5,0,149,0,1,-50,-50.2,99731,47,4,0.87,1,0,-4.39,-11.29,0
18:13:57,151.294,12586714,12586713,0,0,1,37.496710,126.957977,0.02,0.0,0,112.3,1,137.5,0,0.00,9.65,1.80,0.9982,23.08,2.995,473553,974691,0.021,1,193.5,"-1.00,0.64,9.57","1.7,0.5,0.0","-22.800,60.900,10.800",0.10,0.22,0.00,0,118408,99732,7,1.50,37.496707,126.957986,27849,469,1714,38,12.83,0.00,999.00,-49.5,0,149,0,1,-50,-50.2,99732,45,4,0.86,1,0,-4.39,-11.29,0
18:13:57,151.644,12587018,12587017,0,0,1,37.496710,126.957977,0.02,0.0,0,112.3,1,137.5,0,0.00,9.64,1.34,0.9985,24.34,3.002,473553,974727,0.021,1,193.5,"-0.96,0.53,9.58","-1.0,0.8,-0.4","-24.900,60.300,12.150",0.15,0.23,0.00,0,118411,99735,7,1.50,37.496707,126.957986,27849,469,1714,38,12.83,0.00,999.00,-49.5,0,149,0,1,-49,-49.6,99735,32,4,0.82,1,0,-4.39,-11.29,0
18:13:57,151.678,12587321,12587320,0,0,1,37.496710,126.957977,0.02,0.0,0,112.3,1,137.5,0,0.00,9.59,2.46,0.9979,24.55,2.979,473553,974763,0.021,1,193.5,"-1.02,0.67,9.51","0.1,2.2,1.0","-24.900,59.550,12.450",0.13,0.18,0.00,0,118414,99738,7,1.50,37.496707,126.957986,27849,469,1714,38,12.83,0.00,999.00,-49.5,0,149,0,1,-48,-49.1,99738,22,4,0.80,1,0,-4.39,-11.29,0
18:13:57,151.800,12587429,12587428,0,0,1,37.496710,126.957977,0.02,0.0,0,112.3,1,137.5,0,0.00,9.68,1.75,0.9987,24.17,2.996,473553,974776,0.021,1,193.5,"-0.87,0.71,9.61","0.9,-1.1,-1.0","-24.750,60.150,12.000",0.06,0.14,0.00,0,118415,99739,7,1.50,37.496707,126.957986,27849,469,1714,38,12.83,0.00,999.00,-49.5,0,149,0,1,-46,-48.5,99739,21,4,0.80,1,0,-4.39,-11.29,0
18:13:58,151.994,12587533,12587532,0,0,1,37.496710,126.957977,0.02,0.0,0,112.3,1,137.5,0,0.00,9.72,1.20,0.9987,24.33,3.013,473553,974787,0.021,1,193.5,"-0.85,0.76,9.65","0.4,-0.6,-1.0","-25.650,60.300,12.150",0.11,0.23,0.00,0,118416,99740,7,1.50,37.496707,126.957986,27849,469,1714,38,12.83,0.00,999.00,-49.5,0,149,0,1,-46,-48.0,99740,24,4,0.80,1,0,-4.39,-11.29,0
18:13:58,152.144,12587736,12587735,0,0,1,37.496710,126.957977,0.02,0.0,0,112.3,1,137.5,0,0.00,9.59,1.11,0.9987,24.47,2.991,473553,974811,0.015,1,193.5,"-0.87,0.69,9.52","-0.1,-0.2,-1.1","-24.450,60.150,12.300",0.10,0.17,0.00,0,118418,99742,7,1.50,37.496707,126.957986,27850,469,1714,38,12.83,0.00,999.00,-49.5,0,149,0,1,-47,-47.6,99742,15,4,0.80,1,0,-4.39,-11.29,0
18:13:58,152.480,12587950,12587937,0,0,1,37.496710,126.957977,0.02,0.0,0,112.3,1,137.5,0,0.00,9.76,1.65,0.9987,23.34,2.928,473553,974834,0.015,1,193.5,"-0.92,0.63,9.69","-1.6,0.3,0.2","-24.150,58.050,11.400",0.10,0.19,0.00,0,118420,99744,7,1.50,37.496707,126.957986,27850,469,1714,38,13.35,0.00,999.00,-51.4,0,149,0,1,-48,-47.8,99744,17,4,0.80,1,0,-4.39,-11.29,0
18:13:58,152.577,12588248,12588247,0,0,1,37.496710,126.957977,0.02,0.0,0,112.3,1,137.5,0,0.00,9.64,3.47,0.9987,24.09,2.970,473553,974867,0.015,1,193.5,"-0.87,0.70,9.57","2.9,1.8,-0.8","-24.450,59.400,12.000",0.05,0.23,0.00,0,118423,99746,7,1.50,37.496707,126.957986,27850,469,1714,38,13.35,0.00,999.00,-51.4,0,149,0,1,-48,-47.7,99746,105,4,0.80,1,0,-4.39,-11.29,0
18:13:58,152.710,12588349,12588348,0,0,1,37.496710,126.957977,0.02,0.0,0,112.3,1,137.5,0,0.00,9.72,3.03,0.9986,23.86,3.028,473553,974879,0.015,1,193.5,"-0.89,0.72,9.65","-0.7,-2.6,1.5","-24.450,61.350,11.550",0.07,0.16,0.00,0,118424,99747,7,1.50,37.496707,126.957986,27850,469,1714,38,13.09,0.00,999.00,-52.9,0,149,0,1,-48,-47.8,99747,99,4,0.80,1,0,-4.39,-11.29,0
18:13:58,152.810,12588449,12588448,0,0,1,37.496710,126.957977,0.02,0.0,0,112.3,1,137.5,0,0.00,9.79,2.08,0.9982,22.60,2.909,473553,974891,0.015,1,193.5,"-1.02,0.63,9.72","1.8,0.1,1.0","-22.650,58.050,10.650",0.16,0.16,0.00,0,118425,99748,7,1.50,37.496707,126.957986,27850,469,1714,38,13.09,0.00,999.00,-52.9,0,149,0,1,-49,-48.0,99748,95,4,0.80,1,0,-4.39,-11.29,0
18:13:59,152.876,12588552,12588551,0,0,1,37.496710,126.957977,0.02,0.0,0,112.3,1,137.5,0,0.00,9.69,2.72,0.9987,24.04,2.957,473553,974902,0.015,1,193.5,"-0.88,0.70,9.63","-2.3,-1.1,-0.8","-24.450,58.950,12.000",0.05,0.23,0.00,0,118426,99749,7,1.50,37.496707,126.957986,27850,469,1714,38,13.09,0.00,999.00,-52.9,0,149,0,1,-49,-48.2,99749,92,4,0.80,1,0,-4.39,-11.29,0
18:13:59,153.012,12588653,12588652,0,0,1,37.496710,126.957978,0.02,0.0,0,112.3,1,137.5,0,-0.34,9.75,3.95,0.9982,22.95,2.987,473553,974914,0.021,1,193.5,"-0.96,0.76,9.68","0.6,2.9,2.6","-24.450,59.850,10.800",0.12,0.19,0.00,0,118427,99750,7,1.50,37.496707,126.957987,27851,469,1714,38,13.09,0.00,999.00,-52.9,0,149,0,1,-48,-48.2,99750,88,4,0.80,1,0,-4.39,-11.29,0
18:13:59,153.109,12588754,12588753,0,0,1,37.496710,126.957978,0.02,0.0,0,112.3,1,137.5,0,0.00,9.65,2.55,0.9980,23.35,2.966,473553,974926,0.021,1,193.5,"-1.04,0.52,9.58","-1.7,1.0,-1.6","-24.000,59.400,11.250",0.20,0.20,0.00,0,118428,99751,7,1.50,37.496707,126.957987,27851,469,1714,38,13.35,0.00,999.00,-51.4,0,149,0,1,-48,-48.1,99751,81,4,0.80,1,0,-4.39,-11.29,0
18:13:59,153.434,12588855,12588854,0,0,1,37.496710,126.957978,0.02,0.0,0,112.3,1,137.5,0,0.00,9.67,1.99,0.9987,23.79,3.042,473553,974938,0.021,1,193.5,"-0.89,0.68,9.60","1.6,0.5,-1.0","-24.150,61.950,11.400",0.04,0.14,0.00,0,118429,99752,7,1.50,37.496707,126.957987,27851,469,1714,38,13.35,0.00,999.00,-51.4,0,149,0,1,-48,-48.1,99752,76,4,0.80,1,0,-4.39,-11.29,0
18:13:59,153.545,12589158,12589157,0,0,1,37.496710,126.957978,0.02,0.0,0,112.3,1,137.5,0,0.00,9.69,3.20,0.9982,22.93,2.938,473553,974974,0.021,1,193.5,"-1.01,0.62,9.62","-0.9,1.3,-2.8","-24.150,58.350,10.950",0.09,0.22,0.00,0,118432,99755,7,1.50,37.496707,126.957987,27851,469,1714,38,13.35,0.00,999.00,-51.4,0,149,0,1,-46,-47.4,99755,65,4,0.80,1,0,-4.39,-11.29,0
18:13:59,153.609,12589258,12589257,0,0,1,37.496710,126.957978,0.02,0.0,0,112.3,1,137.5,0,0.00,9.64,2.66,0.9985,23.06,2.984,473553,974986,0.021,1,193.5,"-0.91,0.72,9.57","2.5,0.7,0.3","-24.900,59.550,10.950",0.06,0.17,0.00,0,118433,99756,7,1.50,37.496707,126.957987,27851,469,1714,38,13.35,0.00,999.00,-51.4,0,149,0,1,-45,-46.9,99756,60,4,0.80,1,0,-4.39,-11.29,0
18:13:59,153.735,12589359,12589358,0,0,1,37.496710,126.957978,0.02,0.0,0,112.3,1,137.5,0,0.00,9.73,1.40,0.9980,23.37,2.943,473553,974998,0.021,1,193.5,"-1.02,0.68,9.65","1.1,-0.5,-0.7","-24.600,58.350,11.400",0.11,0.15,0.00,0,118434,99757,7,1.50,37.496707,126.957987,27851,469,1714,38,13.35,0.00,999.00,-51.4,0,149,0,1,-46,-46.7,99757,55,4,0.80,1,0,-4.39,-11.29,0
18:14:00,154.036,12589460,12589459,0,0,1,37.496710,126.957978,0.02,0.0,0,112.3,1,137.5,0,0.00,9.69,4.12,0.9981,23.72,2.945,473553,975010,0.021,1,193.5,"-0.96,0.76,9.62","-3.2,1.5,-2.2","-23.850,58.800,11.700",0.09,0.21,0.00,0,118435,99758,7,1.50,37.496707,126.957987,27851,469,1714,38,13.35,0.00,999.00,-51.4,0,149,0,1,-46,-46.6,99758,50,4,0.80,1,0,-4.39,-11.29,0
18:14:00,154.278,12589769,12589768,0,0,1,37.496710,126.957979,0.03,0.0,0,112.3,1,137.5,0,0.00,9.64,1.57,0.9983,22.74,3.010,473553,975045,0.031,1,193.5,"-0.88,0.82,9.56","-0.1,1.5,0.2","-24.450,60.600,10.500",0.15,0.20,0.00,0,118438,99761,8,1.50,37.496707,126.957988,27852,469,1714,38,13.35,0.00,999.00,-51.4,0,149,0,1,-44,-45.6,99761,33,4,0.80,1,0,-4.39,-11.29,0
18:14:00,154.393,12590073,12590072,0,0,1,37.496710,126.957979,0.03,0.0,0,112.3,1,137.5,0,0.00,9.62,3.65,0.9992,25.05,2.980,473553,975081,0.031,1,193.5,"-0.81,0.54,9.57","0.4,3.2,-1.6","-24.150,60.000,12.900",0.18,0.22,0.00,0,118441,99764,8,1.50,37.496707,126.957988,27852,469,1714,38,13.35,0.00,999.00,-51.4,0,149,0,1,-46,-45.8,99764,28,4,0.80,1,0,-4.39,-11.29,0
18:14:00,154.517,12590173,12590172,0,0,1,37.496710,126.957979,0.03,0.0,0,112.3,1,137.5,0,0.00,9.55,1.97,0.9990,23.29,2.959,473553,975093,0.031,1,193.5,"-0.80,0.70,9.49","-0.3,1.9,-0.6","-24.450,58.950,11.250",0.17,0.21,0.00,0,118442,99765,8,1.50,37.496707,126.957988,27852,469,1714,38,13.35,0.00,999.00,-51.4,0,149,0,1,-47,-46.0,99765,23,4,0.80,1,0,-4.39,-11.29,0
18:14:00,154.668,12590273,12590272,0,0,1,37.496710,126.957979,0.03,0.0,0,112.3,1,137.5,0,0.00,9.61,1.64,0.9980,24.23,3.005,473553,975105,0.031,1,193.5,"-1.02,0.59,9.54","0.6,0.7,-1.3","-24.450,60.600,12.000",0.13,0.13,0.00,0,118443,99766,8,1.50,37.496707,126.957988,27852,469,1714,38,13.35,0.00,999.00,-51.4,0,149,0,1,-47,-46.2,99766,19,4,0.80,1,0,-4.39,-11.29,0
18:14:00,154.742,12590381,12590380,0,0,1,37.496710,126.957979,0.03,0.0,0,112.3,1,137.5,0,0.00,9.74,2.87,0.9987,23.48,2.963,473553,975118,0.031,1,193.5,"-0.89,0.71,9.68","2.3,1.2,1.3","-24.150,59.250,11.400",0.10,0.16,0.00,0,118444,99767,8,1.50,37.496707,126.957988,27852,469,1714,38,13.35,0.00,999.00,-51.4,0,149,0,1,-49,-46.8,99767,22,4,0.80,1,0,-4.39,-11.29,0
18:14:00,154.826,12590512,12590488,0,0,1,37.496710,126.957979,0.03,0.0,0,112.3,1,137.5,0,0.00,9.73,1.08,0.9981,23.95,2.935,473553,975131,0.031,1,193.5,"-1.03,0.53,9.66","-0.5,-0.9,-0.3","-24.450,58.200,12.000",0.18,0.18,0.00,0,118445,99768,8,1.50,37.496707,126.957988,27852,469,1714,38,13.35,0.00,999.00,-51.4,0,149,0,1,-47,-46.8,99768,47,4,0.80,1,0,-4.39,-11.29,0
18:14:01,154.950,12590605,12590604,0,0,1,37.496709,126.957980,0.02,0.0,0,112.3,1,137.5,0,0.00,9.61,4.07,0.9987,23.34,2.977,473553,975142,0.010,1,193.5,"-0.89,0.63,9.55","-0.9,3.6,-1.7","-24.750,59.400,11.250",0.08,0.17,0.00,0,118446,99769,8,1.50,37.496707,126.957988,27853,469,1714,38,13.35,0.00,999.00,-51.4,0,149,0,1,-46,-46.7,99769,35,4,0.80,1,0,-4.39,-11.29,0
18:14:01,155.152,12590706,12590705,0,0,1,37.496709,126.957980,0.02,0.0,0,112.3,1,137.5,0,0.00,9.70,2.51,0.9991,23.64,2.971,473553,975154,0.010,1,193.5,"-0.84,0.54,9.65","-1.5,-1.5,-1.3","-24.450,59.400,11.550",0.17,0.17,0.00,0,118447,99770,8,1.50,37.496707,126.957988,27853,469,1714,38,13.35,0.00,999.00,-51.4,0,149,0,1,-47,-46.7,99770,30,4,0.80,1,0,-4.39,-11.29,0
18:14:01,155.259,12590908,12590907,0,0,1,37.496709,126.957980,0.02,0.0,0,112.3,1,137.5,0,0.00,9.64,2.41,0.9984,22.29,2.952,473553,975178,0.010,1,193.5,"-0.94,0.70,9.57","2.0,-1.1,0.8","-23.100,59.250,10.200",0.05,0.15,0.00,0,118449,99772,8,1.50,37.496707,126.957988,27853,469,1714,38,13.63,0.00,999.00,-54.6,0,149,0,1,-47,-47.0,99772,18,4,0.80,1,0,-4.39,-11.29,0
18:14:01,155.330,12591010,12591009,0,0,1,37.496709,126.957980,0.02,0.0,0,112.3,1,137.5,0,0.00,9.76,3.36,0.9985,24.23,2.999,473553,975190,0.010,1,193.5,"-0.92,0.71,9.69","2.9,-0.9,1.5","-24.000,60.600,12.000",0.08,0.15,0.00,0,118450,99773,8,1.50,37.496707,126.957988,27853,469,1714,38,13.63,0.00,999.00,-54.6,0,149,0,1,-47,-47.0,99773,19,4,0.80,1,0,-4.39,-11.29,0
18:14:01,155.427,12591110,12591109,0,0,1,37.496709,126.957980,0.02,0.0,0,112.3,1,137.5,0,0.00,9.68,3.23,0.9978,22.60,2.979,473553,975202,0.010,1,193.5,"-1.02,0.75,9.60","2.0,-1.8,1.8","-24.750,59.400,10.500",0.12,0.19,0.00,0,118451,99774,8,1.50,37.496707,126.957988,27853,469,1714,38,13.63,0.00,999.00,-54.6,0,149,0,1,-47,-47.0,99774,11,4,0.80,1,0,-4.39,-11.29,0
18:14:01,155.562,12591222,12591209,0,0,1,37.496709,126.957980,0.02,0.0,0,112.3,1,137.5,0,0.00,9.66,3.45,0.9985,24.09,2.974,473553,975214,0.010,1,193.5,"-0.93,0.67,9.60","2.6,0.7,2.2","-24.750,59.400,12.000",0.02,0.17,0.00,0,118452,99775,8,1.50,37.496707,126.957988,27853,469,1714,38,13.63,0.00,999.00,-54.6,0,149,0,1,-48,-47.2,99775,20,4,0.80,1,0,-4.39,-11.29,0
18:14:01,155.776,12591325,12591312,0,0,1,37.496709,126.957980,0.02,0.0,0,112.3,1,137.5,0,0.00,9.64,2.69,0.9977,23.48,2.959,473553,975225,0.010,1,193.5,"-1.02,0.76,9.56","1.1,-2.1,-1.2","-23.850,59.250,11.400",0.13,0.20,0.00,0,118453,99776,8,1.50,37.496707,126.957988,27853,469,1714,38,13.63,0.00,999.00,-54.6,0,149,0,1,-48,-47.4,99776,18,4,0.80,1,0,-4.39,-11.29,0
18:14:01,155.849,12591535,12591522,0,0,1,37.496709,126.957980,0.02,0.0,0,112.3,1,137.5,0,0.00,9.65,3.33,0.9986,22.54,2.966,473553,975246,0.010,1,193.5,"-0.91,0.70,9.59","2.4,-2.2,0.6","-24.750,58.950,10.500",0.03,0.12,0.00,0,118455,99778,8,1.50,37.496707,126.957988,27853,469,1714,38,13.63,0.00,999.00,-54.6,0,149,0,1,-50,-48.1,99778,17,4,0.80,1,0,-4.39,-11.29,0
18:14:02,156.178,12591638,12591625,0,0,1,37.496709,126.957981,0.05,0.0,0,112.3,1,137.5,0,0.00,9.73,1.94,0.9986,22.20,2.994,473553,975257,0.087,1,193.5,"-0.90,0.74,9.66","1.5,-0.1,-1.2","-24.750,59.850,10.050",0.08,0.19,0.00,0,118456,99779,8,1.50,37.496707,126.957989,27854,469,1714,38,13.63,0.00,999.00,-54.6,0,149,0,1,-50,-48.5,99779,14,4,0.80,1,0,-4.39,-11.29,0
18:14:02,156.276,12591931,12591930,0,0,1,37.496709,126.957981,0.05,0.0,0,112.3,1,137.5,0,0.00,9.58,1.87,0.9980,23.82,2.956,473553,975292,0.087,1,193.5,"-0.95,0.80,9.50","0.4,0.9,1.6","-23.100,59.550,11.700",0.16,0.20,0.00,0,118459,99781,8,1.50,37.496707,126.957989,27854,469,1714,38,13.63,0.00,999.00,-54.6,0,149,0,1,-49,-48.7,99781,94,4,0.80,1,0,-4.39,-11.29,0
18:14:02,156.343,12592033,12592032,0,0,1,37.496709,126.957981,0.05,0.0,0,112.3,1,137.5,0,0.00,9.65,1.52,0.9988,23.90,2.982,473553,975304,0.087,1,193.5,"-0.87,0.65,9.59","-1.0,1.1,-0.4","-23.400,60.300,11.700",0.07,0.20,0.00,0,118460,99782,8,1.50,37.496707,126.957989,27854,469,1714,38,13.63,0.00,999.00,-54.6,0,149,0,1,-50,-49.0,99782,93,4,0.80,1,0,-4.39,-11.29,0
18:14:02,156.412,12592134,12592133,0,0,1,37.496709,126.957981,0.05,0.0,0,112.3,1,137.5,0,0.00,9.72,1.87,0.9981,24.42,2.933,473553,975316,0.087,1,193.5,"-1.00,0.69,9.64","1.0,0.9,-1.3","-24.150,58.350,12.450",0.09,0.17,0.00,0,118461,99783,8,1.50,37.496707,126.957989,27854,469,1714,38,13.63,0.00,999.00,-54.6,0,149,0,1,-45,-48.2,99783,84,4,0.80,1,0,-4.39,-11.29,0
18:14:02,156.698,12592234,12592233,0,0,1,37.496709,126.957981,0.05,0.0,0,112.3,1,137.5,0,0.00,9.70,2.10,0.9988,24.22,2.956,473553,975328,0.087,1,193.5,"-0.89,0.62,9.64","-0.1,-1.7,-1.2","-23.850,59.250,12.150",0.07,0.14,0.00,0,118462,99784,8,1.50,37.496707,126.957989,27854,469,1714,38,13.63,0.00,999.00,-54.6,0,149,0,1,-47,-47.9,99784,83,4,0.80,1,0,-4.39,-11.29,0
18:14:02,156.845,12592435,12592434,0,0,1,37.496709,126.957981,0.05,0.0,0,112.3,1,137.5,0,0.00,9.62,2.63,0.9987,24.39,2.962,473553,975352,0.087,1,193.5,"-0.90,0.64,9.56","0.5,1.6,-2.0","-24.000,59.400,12.300",0.08,0.20,0.00,0,118464,99786,8,1.50,37.496707,126.957989,27854,469,1714,38,13.63,0.00,999.00,-54.6,0,149,0,1,-46,-47.6,99786,73,4,0.80,1,0,-4.39,-11.29,0
18:14:03,157.012,12592539,12592538,0,0,1,37.496709,126.957981,0.05,0.0,0,112.3,1,137.5,0,0.00,9.72,1.16,0.9985,24.61,2.977,473553,975363,0.087,1,193.5,"-0.94,0.66,9.65","-0.1,1.0,-0.6","-23.850,60.000,12.450",0.05,0.24,0.00,0,118465,99787,8,1.50,37.496707,126.957989,27854,469,1714,38,13.63,0.00,999.00,-54.6,0,149,0,1,-47,-47.4,99787,69,4,0.80,1,0,-4.39,-11.29,0
18:14:03,157.143,12592742,12592741,0,0,1,37.496709,126.957981,0.06,0.0,0,112.3,1,137.5,0,0.00,9.77,2.83,0.9980,23.59,2.899,473553,975387,0.072,1,193.5,"-0.99,0.76,9.69","-2.3,0.1,-1.7","-23.100,57.600,11.700",0.14,0.20,0.00,0,118467,99789,8,1.50,37.496707,126.957990,27855,469,1714,38,14.18,0.00,999.00,-56.1,0,149,0,1,-47,-47.3,99789,63,4,0.80,1,0,-4.39,-11.29,0
18:14:03,157.227,12592843,12592842,0,0,1,37.496709,126.957981,0.06,0.0,0,112.3,1,137.5,0,0.00,9.56,1.73,0.9975,23.80,2.982,473553,975399,0.072,1,193.5,"-1.07,0.69,9.48","0.8,-1.3,0.8","-24.900,59.550,11.700",0.20,0.21,0.00,0,118468,99790,8,1.50,37.496707,126.957990,27855,469,1714,38,14.18,0.00,999.00,-56.1,0,149,0,1,-46,-47.0,99790,59,4,0.80,1,0,-4.39,-11.29,0
18:14:03,157.310,12592944,12592943,0,0,1,37.496709,126.957981,0.06,0.0,0,112.3,1,137.5,0,0.00,9.67,2.30,0.9984,22.90,2.974,473553,975411,0.072,1,193.5,"-0.91,0.75,9.60","-1.6,-1.6,0.5","-24.450,59.400,10.800",0.07,0.19,0.00,0,118469,99791,8,1.50,37.496707,126.957990,27855,469,1714,38,14.18,0.00,999.00,-56.1,0,149,0,1,-47,-47.0,99791,55,4,0.80,1,0,-4.39,-11.29,0
18:14:03,157.393,12593045,12593044,0,0,1,37.496709,126.957981,0.06,0.0,0,112.3,1,137.5,0,0.00,9.70,1.21,0.9982,24.84,2.961,473553,975423,0.072,1,193.5,"-0.97,0.71,9.62","1.1,-0.6,-0.0","-24.000,59.400,12.750",0.06,0.17,0.00,0,118470,99792,8,1.50,37.496707,126.957990,27855,469,1714,38,14.18,0.00,999.00,-56.1,0,149,0,1,-46,-46.8,99792,49,4,0.80,1,0,-4.39,-11.29,0
18:14:03,157.527,12593146,12593145,0,0,1,37.496709,126.957981,0.06,0.0,0,112.3,1,137.5,0,0.00,9.68,3.63,0.9983,24.39,2.962,473553,975435,0.072,1,193.5,"-0.96,0.67,9.61","-0.1,1.3,-3.4","-24.000,59.400,12.300",0.04,0.16,0.00,0,118471,99793,8,1.50,37.496707,126.957990,27855,469,1714,38,14.18,0.00,999.00,-56.1,0,149,0,1,-47,-46.9,99793,42,4,0.80,1,0,-4.39,-11.29,0
18:14:03,157.627,12593247,12593246,0,0,1,37.496709,126.957981,0.06,0.0,0,112.3,1,137.5,0,0.00,9.70,3.03,0.9982,24.30,2.989,473553,975447,0.072,1,193.5,"-0.96,0.74,9.62","3.0,0.5,-0.0","-24.600,60.000,12.150",0.07,0.19,0.00,0,118472,99794,8,1.50,37.496707,126.957990,27855,469,1714,38,14.18,0.00,999.00,-56.1,0,149,0,1,-47,-46.9,99794,40,4,0.80,1,0,-4.39,-11.29,0
18:14:03,157.710,12593348,12593347,0,0,1,37.496709,126.957981,0.06,0.0,0,112.3,1,137.5,0,0.00,9.53,3.19,0.9988,23.69,2.984,473553,975459,0.072,1,193.5,"-0.86,0.67,9.47","0.0,-2.9,1.2","-24.450,59.850,11.550",0.16,0.23,0.00,0,118473,99795,8,1.50,37.496707,126.957990,27855,469,1714,38,14.18,0.00,999.00,-56.1,0,149,0,1,-46,-46.7,99795,34,4,0.80,1,0,-4.39,-11.29,0
18:14:03,157.842,12593449,12593448,0,0,1,37.496709,126.957981,0.06,0.0,0,112.3,1,137.5,0,0.00,9.53,2.44,0.9988,22.82,2.939,473553,975471,0.072,1,193.5,"-0.88,0.63,9.47","-0.4,-1.5,1.9","-23.550,58.650,10.800",0.16,0.22,0.00,0,118474,99796,8,1.50,37.496707,126.957990,27855,469,1714,38,14.18,0.00,999.00,-56.1,0,149,0,1,-47,-46.8,99796,28,4,0.80,1,0,-4.39,-11.29,0
18:14:04,157.909,12593554,12593553,0,0,1,37.496709,126.957981,0.06,0.0,0,112.3,1,137.5,0,0.00,9.65,3.25,0.9985,23.64,2.971,473553,975482,0.072,1,193.5,"-0.93,0.68,9.58","1.8,2.3,1.3","-24.450,59.400,11.550",0.03,0.21,0.00,0,118475,99797,8,1.50,37.496707,126.957990,27855,469,1714,38,14.18,0.00,999.00,-56.1,0,149,0,1,-46,-46.6,99797,22,4,0.80,1,0,-4.39,-11.29,0
18:14:04,158.033,12593655,12593654,0,0,1,37.496709,126.957982,0.04,0.0,0,112.3,1,137.5,0,0.00,9.74,3.31,0.9985,23.26,2.944,473553,975494,0.026,1,193.5,"-0.91,0.72,9.67","3.1,-1.1,-0.2","-24.000,58.650,11.250",0.07,0.24,0.00,0,118476,99798,8,1.50,37.496707,126.957991,27856,469,1714,38,14.18,0.00,999.00,-56.1,0,149,0,1,-47,-46.7,99798,24,4,0.80,1,0,-4.39,-11.29,0
18:14:04,158.126,12593756,12593755,0,0,1,37.496709,126.957982,0.04,0.0,0,112.3,1,137.5,0,0.00,9.62,1.66,0.9990,24.45,2.965,473553,975506,0.026,1,193.5,"-0.86,0.59,9.56","-0.2,1.5,-0.6","-23.250,59.850,12.300",0.13,0.16,0.00,0,118477,99799,8,1.50,37.496707,126.957991,27856,469,1714,38,14.18,0.00,999.00,-56.1,0,149,0,1,-46,-46.6,99799,22,4,0.80,1,0,-4.39,-11.29,0
18:14:04,158.259,12593856,12593855,0,0,1,37.496709,126.957982,0.04,0.0,0,112.3,1,137.5,0,0.00,9.67,2.01,0.9984,22.92,2.945,473553,975518,0.026,1,193.5,"-0.94,0.71,9.60","1.1,-1.3,-1.1","-24.600,58.350,10.950",0.03,0.15,0.00,0,118478,99800,8,1.50,37.496707,126.957991,27856,469,1714,38,13.95,0.00,999.00,-57.6,0,149,0,1,-46,-46.4,99800,18,4,0.80,1,0,-4.39,-11.29,0
18:14:04,158.393,12593968,12593955,0,0,1,37.496709,126.957982,0.04,0.0,0,112.3,1,137.5,0,0.00,9.67,4.81,0.9986,23.53,2.993,473553,975530,0.026,1,193.5,"-0.88,0.73,9.60","2.4,-4.1,-0.5","-22.800,60.900,11.250",0.07,0.21,0.00,0,118479,99801,8,1.50,37.496707,126.957991,27856,469,1714,38,13.95,0.00,999.00,-57.6,0,149,0,1,-46,-46.4,99801,19,4,0.80,1,0,-4.39,-11.29,0
18:14:04,158.515,12594172,12594159,0,0,1,37.496709,126.957982,0.04,0.0,0,112.3,1,137.5,0,0.00,9.74,3.29,0.9986,24.17,2.992,473553,975553,0.026,1,193.5,"-0.92,0.68,9.67","1.0,0.4,-3.1","-24.450,60.150,12.000",0.06,0.15,0.00,0,118481,99803,8,1.50,37.496707,126.957991,27856,469,1714,38,14.52,0.00,999.00,-59.0,0,149,0,1,-46,-46.2,99803,18,4,0.80,1,0,-4.39,-11.29,0
18:14:04,158.627,12594275,12594262,0,0,1,37.496709,126.957982,0.04,0.0,0,112.3,1,137.5,0,0.00,9.69,3.64,0.9989,24.18,2.985,473553,975564,0.026,1,193.5,"-0.83,0.68,9.63","3.3,0.7,1.4","-24.000,60.150,12.000",0.09,0.17,0.00,0,118482,99804,8,1.50,37.496707,126.957991,27856,469,1714,38,14.52,0.00,999.00,-59.0,0,149,0,1,-47,-46.4,99804,14,4,0.80,1,0,-4.39,-11.29,0
18:14:04,158.743,12594378,12594365,0,0,1,37.496709,126.957982,0.04,0.0,0,112.3,1,137.5,0,0.00,9.64,2.50,0.9983,23.51,2.972,473553,975575,0.026,1,193.5,"-0.99,0.59,9.57","2.4,-0.1,-0.6","-24.150,59.550,11.400",0.12,0.15,0.00,0,118483,99805,8,1.50,37.496707,126.957991,27856,469,1714,38,14.52,0.00,999.00,-59.0,0,149,0,1,-46,-46.3,99805,13,4,0.80,1,0,-4.39,-11.29,0
18:14:04,158.841,12594469,12594468,0,0,1,37.496709,126.957982,0.04,0.0,0,112.3,1,137.5,0,0.00,9.79,3.97,0.9986,23.42,2.957,473553,975586,0.026,1,193.5,"-0.91,0.70,9.73","2.9,-2.2,-1.6","-24.600,58.800,11.400",0.12,0.19,0.00,0,118484,99805,8,1.50,37.496707,126.957991,27856,469,1714,38,14.52,0.00,999.00,-59.0,0,149,0,1,-46,-46.3,99805,104,4,0.80,1,0,-4.39,-11.29,0
18:14:05,158.909,12594573,12594572,0,0,1,37.496709,126.957982,0.04,0.0,0,112.3,1,137.5,0,0.00,9.64,1.50,0.9982,23.80,2.982,473553,975597,0.026,1,193.5,"-1.00,0.58,9.57","-1.2,0.8,-0.6","-24.900,59.550,11.700",0.14,0.17,0.00,0,118485,99806,8,1.50,37.496707,126.957991,27856,469,1714,38,14.52,0.00,999.00,-59.0,0,149,0,1,-46,-46.2,99806,102,4,0.80,1,0,-4.39,-11.29,0
18:14:05,159.041,12594675,12594674,0,0,1,37.496709,126.957983,0.09,0.0,0,112.3,1,137.5,0,0.00,9.76,3.28,0.9990,22.15,2.981,473553,975609,0.144,1,193.5,"-0.84,0.63,9.70","2.7,-0.5,1.8","-24.750,59.400,10.050",0.12,0.23,0.00,0,118486,99807,8,1.50,37.496708,126.957990,27857,469,1714,38,14.52,0.00,999.00,-59.0,0,149,0,1,-46,-46.2,99807,97,4,0.80,1,0,-4.39,-11.29,0
18:14:05,159.160,12594776,12594775,0,0,1,37.496709,126.957983,0.09,0.0,0,112.3,1,137.5,0,0.00,9.70,1.99,0.9986,23.90,2.989,473553,975621,0.144,1,193.5,"-0.91,0.68,9.63","1.6,-0.9,0.8","-23.850,60.300,11.700",0.02,0.19,0.00,0,118487,99808,8,1.50,37.496708,126.957990,27857,469,1714,38,14.52,0.00,999.00,-59.0,0,149,0,1,-46,-46.2,99808,94,4,0.80,1,0,-4.39,-11.29,0
18:14:05,159.365,12594878,12594877,0,0,1,37.496709,126.957983,0.09,0.0,0,112.3,1,137.5,0,0.00,9.71,3.11,0.9982,25.00,2.973,473553,975633,0.144,1,193.5,"-0.93,0.78,9.63","-1.3,1.9,-2.1","-24.600,59.550,12.900",0.10,0.25,0.00,0,118488,99809,8,1.50,37.496708,126.957990,27857,469,1714,38,14.52,0.00,999.00,-59.0,0,149,0,1,-47,-46.3,99809,90,4,0.80,1,0,-4.39,-11.29,0
18:14:05,159.493,12595080,12595079,0,0,1,37.496709,126.957983,0.09,0.0,0,112.3,1,137.5,0,0.00,9.63,1.26,0.9981,22.60,2.979,473553,975657,0.144,1,193.5,"-0.96,0.75,9.55","1.2,0.4,-0.1","-24.750,59.400,10.500",0.11,0.15,0.00,0,118490,99811,8,1.50,37.496708,126.957990,27857,469,1714,38,14.52,0.00,999.00,-59.0,0,149,0,1,-49,-46.5,99811,82,4,0.80,1,0,-4.39,-11.29,0
18:14:05,159.642,12595181,12595180,0,0,1,37.496709,126.957983,0.09,0.0,0,112.3,1,137.5,0,0.00,9.70,2.16,0.9985,25.72,2.987,473553,975669,0.144,1,193.5,"-0.93,0.69,9.63","1.0,1.6,-1.1","-23.550,60.600,13.500",0.03,0.16,0.00,0,118491,99812,8,1.50,37.496708,126.957990,27857,469,1714,38,14.52,0.00,999.00,-59.0,0,149,0,1,-46,-46.4,99812,77,4,0.80,1,0,-4.39,-11.29,0
18:14:05,159.778,12595381,12595380,0,0,1,37.496709,126.957983,0.09,0.0,0,112.3,1,137.5,0,0.00,9.69,2.82,0.9987,22.59,2.931,473553,975693,0.144,1,193.5,"-0.89,0.69,9.62","0.7,1.8,-2.1","-24.150,58.050,10.650",0.03,0.17,0.00,0,118493,99814,8,1.50,37.496708,126.957990,27857,469,1714,38,14.52,0.00,999.00,-59.0,0,149,0,1,-45,-46.0,99814,66,4,0.80,1,0,-4.39,-11.29,0
18:14:06,159.877,12595481,12595480,0,0,1,37.496709,126.957983,0.09,0.0,0,112.3,1,137.5,0,0.00,9.70,1.34,0.9983,22.60,2.962,473553,975705,0.144,1,193.5,"-0.97,0.67,9.62","-0.2,0.8,-1.1","-23.550,59.400,10.500",0.05,0.19,0.00,0,118494,99815,8,1.50,37.496708,126.957990,27857,469,1714,38,14.52,0.00,999.00,-59.0,0,149,0,1,-46,-46.0,99815,60,4,0.80,1,0,-4.39,-11.29,0
18:14:06,160.081,12595585,12595584,0,0,1,37.496709,126.957983,0.06,0.0,0,112.3,1,137.5,0,0.00,9.71,2.99,0.9980,22.63,2.935,473553,975716,0.031,1,193.5,"-1.02,0.67,9.63","3.0,-0.1,-0.3","-23.850,58.350,10.650",0.10,0.15,0.00,0,118495,99816,8,1.05,37.496708,126.957990,27858,469,1714,38,14.52,0.00,999.00,-59.0,0,149,0,1,-45,-45.8,99816,58,4,0.80,1,0,-4.39,-11.29,0
18:14:06,160.210,12595788,12595787,0,0,1,37.496709,126.957983,0.06,0.0,0,112.3,1,137.5,0,0.00,9.74,3.65,0.9984,24.52,3.008,473553,975740,0.031,1,193.5,"-0.99,0.58,9.67","-2.2,2.2,-1.9","-24.750,60.600,12.300",0.13,0.16,0.00,0,118497,99818,8,1.05,37.496708,126.957990,27858,469,1714,38,14.52,0.00,999.00,-59.0,0,149,0,1,-44,-44.9,99818,50,4,0.80,1,0,-4.39,-11.29,0
18:14:06,160.277,12595990,12595989,0,0,1,37.496709,126.957983,0.06,0.0,0,112.3,1,137.5,0,0.00,9.64,3.13,0.9986,24.40,2.931,473553,975764,0.031,1,193.5,"-0.94,0.59,9.57","0.5,2.2,-2.1","-21.750,59.400,12.300",0.10,0.16,0.00,0,118499,99820,8,1.05,37.496708,126.957990,27858,469,1714,38,14.52,0.00,999.00,-59.0,0,149,0,1,-44,-44.7,99820,41,4,0.80,1,0,-4.39,-11.29,0
18:14:06,160.385,12596091,12596090,0,0,1,37.496709,126.957983,0.06,0.0,0,112.3,1,137.5,0,0.00,9.70,3.64,0.9987,24.91,2.952,473553,975776,0.031,1,193.5,"-0.84,0.75,9.63","-0.8,3.4,-1.0","-24.600,58.800,12.900",0.10,0.21,0.00,0,118500,99821,8,1.05,37.496708,126.957990,27858,469,1714,38,14.52,0.00,999.00,-59.0,0,149,0,1,-45,-44.8,99821,36,4,0.80,1,0,-4.39,-11.29,0
18:14:06,160.563,12596192,12596191,0,0,1,37.496709,126.957983,0.06,0.0,0,112.3,1,137.5,0,0.00,9.62,2.93,0.9989,24.39,2.969,473553,975788,0.031,1,193.5,"-0.87,0.55,9.56","-2.2,-1.3,-1.4","-24.450,59.400,12.300",0.15,0.17,0.00,0,118501,99822,8,1.05,37.496708,126.957990,27858,469,1714,38,14.52,0.00,999.00,-59.0,0,149,0,1,-46,-45.0,99822,33,4,0.80,1,0,-4.39,-11.29,0
18:14:06,160.701,12596297,12596296,0,0,1,37.496709,126.957983,0.06,0.0,0,112.3,1,137.5,0,0.00,9.67,2.98,0.9985,23.32,2.957,473553,975800,0.031,1,193.5,"-0.94,0.63,9.61","1.1,1.8,-2.1","-26.100,58.050,11.400",0.07,0.14,0.00,0,118502,99823,8,1.05,37.496708,126.957990,27858,469,1714,38,14.52,0.00,999.00,-59.0,0,149,0,1,-46,-45.2,99823,32,4,0.80,1,0,-4.39,-11.29,0
18:14:06,160.793,12596397,12596396,0,0,1,37.496709,126.957983,0.06,0.0,0,112.3,1,137.5,0,0.00,9.61,2.56,0.9983,24.46,2.953,473553,975812,0.031,1,193.5,"-0.92,0.76,9.53","1.7,-0.6,1.9","-24.600,58.800,12.450",0.10,0.21,0.00,0,118503,99824,8,1.05,37.496708,126.957990,27858,469,1714,38,14.52,0.00,999.00,-59.0,0,149,0,1,-45,-45.2,99824,27,4,0.80,1,0,-4.39,-11.29,0
18:14:07,160.923,12596498,12596497,0,0,1,37.496709,126.957983,0.06,0.0,0,112.3,1,137.5,0,0.00,9.68,2.36,0.9988,23.41,2.958,473553,975824,0.031,1,193.5,"-0.81,0.77,9.61","-0.4,-1.9,1.3","-22.500,59.850,11.250",0.12,0.16,0.00,0,118504,99825,8,1.05,37.496708,126.957990,27858,469,1714,38,14.52,0.00,999.00,-59.0,0,149,0,1,-46,-45.3,99825,22,4,0.80,1,0,-4.39,-11.29,0
18:14:07,160.991,12596604,12596603,0,0,1,37.496709,126.957984,0.04,0.0,0,112.3,1,137.5,0,0.00,9.60,2.00,0.9986,22.09,2.974,473553,975835,0.021,1,193.5,"-0.87,0.73,9.53","1.8,-0.7,0.6","-25.200,58.950,10.050",0.09,0.20,0.00,0,118505,99826,8,1.28,37.496708,126.957991,27859,469,1714,38,14.52,0.00,999.00,-59.0,0,149,0,1,-46,-45.5,99826,16,4,0.80,1,0,-4.39,-11.29,0
18:14:07,161.125,12596724,12596711,0,0,1,37.496709,126.957984,0.04,0.0,0,112.3,1,137.5,0,0.00,9.72,2.12,0.9989,24.33,2.960,473553,975848,0.021,1,193.5,"-0.88,0.58,9.66","-0.5,1.2,-1.6","-24.750,58.950,12.300",0.12,0.19,0.00,0,118506,99827,8,1.28,37.496708,126.957991,27859,469,1714,38,14.52,0.00,999.00,-59.0,0,149,0,1,-44,-45.2,99827,20,4,0.80,1,0,-4.39,-11.29,0
18:14:07,161.416,12596929,12596916,0,0,1,37.496709,126.957984,0.04,0.0,0,112.3,1,137.5,0,0.00,9.62,0.68,0.9979,23.12,2.987,473553,975871,0.021,1,193.5,"-1.00,0.74,9.54","-0.6,0.1,-0.2","-24.150,60.000,10.950",0.12,0.17,0.00,0,118508,99829,8,1.28,37.496708,126.957991,27859,469,1714,38,14.52,0.00,999.00,-59.0,0,149,0,1,-46,-45.5,99829,20,4,0.80,1,0,-4.39,-11.29,0
18:14:07,161.575,12597123,12597122,0,0,1,37.496709,126.957984,0.04,0.0,0,112.3,1,137.5,0,0.00,9.72,0.94,0.9978,23.12,2.982,473553,975894,0.021,1,193.5,"-1.02,0.76,9.64","0.4,0.3,0.8","-23.850,60.000,10.950",0.13,0.23,0.00,0,118510,99831,8,1.28,37.496708,126.957991,27859,469,1714,38,14.52,0.00,999.00,-59.0,0,149,0,1,-46,-45.7,99831,14,4,0.80,1,0,-4.39,-11.29,0
18:14:07,161.588,12597235,12597222,0,0,1,37.496709,126.957984,0.04,0.0,0,112.3,1,137.5,0,0.00,9.70,2.39,0.9986,23.48,2.963,473553,975906,0.021,1,193.5,"-0.92,0.67,9.63","0.8,2.1,0.9","-24.150,59.250,11.400",0.02,0.14,0.00,0,118511,99832,8,1.28,37.496708,126.957991,27859,469,1714,38,14.52,0.00,999.00,-59.0,0,149,0,1,-47,-45.9,99832,19,4,0.80,1,0,-4.39,-11.29,0
18:14:07,161.710,12597326,12597325,0,0,1,37.496709,126.957984,0.04,0.0,0,112.3,1,137.5,0,0.00,9.69,2.07,0.9986,23.52,2.961,473553,975917,0.021,1,193.5,"-0.95,0.57,9.62","-0.7,1.6,-1.2","-23.400,59.550,11.400",0.11,0.19,0.00,0,118512,99832,8,1.28,37.496708,126.957991,27859,469,1714,38,14.52,0.00,999.00,-59.0,0,149,0,1,-47,-45.9,99832,110,4,0.80,1,0,-4.39,-11.29,0
18:14:07,161.808,12597427,12597426,0,0,1,37.496709,126.957984,0.04,0.0,0,112.3,1,137.5,0,0.00,9.59,2.76,0.9983,24.78,2.959,473553,975929,0.021,1,193.5,"-0.96,0.66,9.52","2.2,0.4,-1.6","-24.750,58.950,12.750",0.11,0.16,0.00,0,118513,99833,8,1.28,37.496708,126.957991,27859,469,1714,38,14.52,0.00,999.00,-59.0,0,149,0,1,-46,-45.9,99833,101,4,0.80,1,0,-4.39,-11.29,0
18:14:08,161.881,12597543,12597519,0,0,1,37.496709,126.957984,0.04,0.0,0,112.3,1,137.5,0,0.00,9.66,2.29,0.9983,24.17,2.943,473553,975940,0.021,1,193.5,"-0.96,0.68,9.59","0.9,-1.6,1.4","-23.850,58.800,12.150",0.05,0.20,0.00,0,118514,99835,8,1.28,37.496708,126.957991,27859,469,1714,38,14.52,0.00,999.00,-59.0,0,149,0,1,-47,-46.3,99835,9,4,0.80,1,0,-4.39,-11.29,0
18:14:08,162.010,12597636,12597635,0,0,1,37.496709,126.957985,0.03,0.0,0,112.3,1,137.5,0,0.00,9.80,4.88,0.9983,23.06,2.980,473553,975951,0.015,1,193.5,"-0.96,0.70,9.73","0.7,-4.4,-2.0","-24.600,59.550,10.950",0.12,0.15,0.00,0,118515,99835,8,1.28,37.496708,126.957992,27860,469,1714,38,14.52,0.00,999.00,-59.0,0,149,0,1,-47,-46.3,99835,102,4,0.80,1,0,-4.39,-11.29,0
18:14:08,162.093,12597738,12597737,0,0,1,37.496709,126.957985,0.03,0.0,0,112.3,1,137.5,0,0.00,9.69,1.78,0.9989,22.60,2.975,473553,975963,0.015,1,193.5,"-0.89,0.60,9.63","-1.3,1.0,-0.7","-24.450,59.400,10.500",0.07,0.20,0.00,0,118516,99836,8,1.28,37.496708,126.957992,27860,469,1714,38,14.52,0.00,999.00,-59.0,0,149,0,1,-45,-46.1,99836,99,4,0.80,1,0,-4.39,-11.29,0
18:14:08,162.163,12597839,12597838,0,0,1,37.496709,126.957985,0.03,0.0,0,112.3,1,137.5,0,0.00,9.69,1.56,0.9990,23.67,2.942,473553,975975,0.015,1,193.5,"-0.85,0.61,9.63","-0.3,-1.2,-0.9","-24.600,58.350,11.700",0.09,0.16,0.00,0,118517,99837,8,1.28,37.496708,126.957992,27860,469,1714,38,14.52,0.00,999.00,-59.0,0,149,0,1,-45,-45.8,99837,95,4,0.80,1,0,-4.39,-11.29,0
18:14:08,162.231,12597940,12597939,0,0,1,37.496709,126.957985,0.03,0.0,0,112.3,1,137.5,0,0.00,9.78,2.33,0.9985,24.09,2.957,473553,975987,0.015,1,193.5,"-0.98,0.54,9.72","1.7,-1.6,-0.2","-23.550,59.400,12.000",0.15,0.17,0.00,0,118518,99838,8,1.28,37.496708,126.957992,27860,469,1714,38,14.52,0.00,999.00,-59.0,0,149,0,1,-45,-45.7,99838,90,4,0.80,1,0,-4.39,-11.29,0
18:14:08,162.418,12598041,12598040,0,0,1,37.496709,126.957985,0.03,0.0,0,112.3,1,137.5,0,0.00,9.68,3.35,0.9980,24.25,3.024,473553,975999,0.015,1,193.5,"-1.01,0.70,9.61","-0.8,2.5,2.1","-25.200,60.900,12.000",0.09,0.16,0.00,0,118519,99839,8,1.28,37.496708,126.957992,27860,469,1714,38,14.52,0.00,999.00,-59.0,0,149,0,1,-46,-45.7,99839,86,4,0.80,1,0,-4.39,-11.29,0
18:14:08,162.563,12598241,12598240,0,0,1,37.496709,126.957985,0.03,0.0,0,112.3,1,137.4,0,0.00,9.71,2.30,0.9979,24.38,2.931,473553,976023,0.015,1,193.5,"-1.02,0.73,9.62","0.3,-1.0,-2.0","-24.600,58.050,12.450",0.10,0.20,0.00,0,118521,99841,8,1.28,37.496708,126.957992,27860,469,1714,38,14.52,0.00,999.00,-59.0,0,149,0,1,-47,-46.0,99841,75,4,0.80,1,0,-4.39,-11.29,0
18:14:08,162.733,12598341,12598340,0,0,1,37.496709,126.957985,0.03,0.0,0,112.3,1,137.4,0,0.00,9.66,0.43,0.9982,22.85,2.992,473553,976035,0.015,1,193.5,"-0.94,0.76,9.58","-0.0,-0.4,0.0","-23.850,60.300,10.650",0.09,0.18,0.00,0,118522,99842,8,1.28,37.496708,126.957992,27860,469,1714,38,14.52,0.00,999.00,-59.0,0,149,0,1,-49,-46.6,99842,69,4,0.80,1,0,-4.39,-11.29,0
18:14:08,162.858,12598441,12598440,0,0,1,37.496709,126.957985,0.03,0.0,0,112.3,1,137.4,0,-0.17,9.64,3.21,0.9977,23.26,2.933,473553,976047,0.015,1,193.5,"-1.05,0.70,9.56","1.6,-0.4,2.8","-23.250,58.650,11.250",0.14,0.18,0.00,0,118523,99843,8,1.28,37.496708,126.957992,27860,469,1714,38,14.52,0.00,999.00,-59.0,0,149,0,1,-50,-47.3,99843,64,4,0.80,1,0,-4.39,-11.29,0
18:14:09,162.929,12598547,12598546,0,0,1,37.496709,126.957985,0.03,0.0,0,112.3,1,137.4,0,-1.09,9.65,3.69,0.9984,23.72,2.949,473553,976058,0.015,1,193.5,"-0.93,0.73,9.58","0.4,-0.6,3.6","-24.150,58.800,11.700",0.05,0.17,0.00,0,118524,99844,8,1.28,37.496708,126.957992,27860,469,1714,38,14.52,0.00,999.00,-59.0,0,149,0,1,-51,-48.0,99844,65,4,0.80,1,0,-4.39,-11.29,0
18:14:09,163.145,12598647,12598646,0,0,1,37.496709,126.957985,0.02,0.0,0,112.3,1,137.4,0,0.00,9.72,4.35,0.9980,24.52,2.966,473553,976070,0.015,1,193.5,"-0.97,0.79,9.64","3.4,-1.6,2.3","-24.600,59.250,12.450",0.11,0.18,0.00,0,118525,99845,8,1.28,37.496708,126.957994,27861,469,1714,38,14.52,0.00,999.00,-59.0,0,149,0,1,-50,-48.4,99845,60,4,0.80,1,0,-4.39,-11.29,0
18:14:09,163.296,12598849,12598848,0,0,1,37.496709,126.957985,0.02,0.0,0,112.3,1,137.4,0,-0.37,9.72,6.23,0.9988,22.60,2.975,473553,976094,0.015,1,193.5,"-0.84,0.75,9.66","3.9,3.9,2.9","-24.450,59.400,10.500",0.12,0.12,0.00,0,118527,99847,8,1.28,37.496708,126.957994,27861,469,1714,38,14.52,0.00,999.00,-59.0,0,149,0,1,-49,-49.0,99847,50,4,0.80,1,0,-4.39,-11.29,0
18:14:09,163.375,12598950,12598949,0,0,1,37.496709,126.957985,0.02,0.0,0,112.3,1,137.4,0,0.00,9.66,3.85,0.9983,23.51,2.968,473553,976106,0.015,1,193.5,"-0.93,0.74,9.59","2.5,-2.4,-1.7","-23.850,59.550,11.400",0.04,0.18,0.00,0,118528,99848,8,1.28,37.496708,126.957994,27861,469,1714,38,14.52,0.00,999.00,-59.0,0,149,0,1,-50,-49.2,99848,46,4,0.80,1,0,-4.39,-11.29,0
18:14:09,163.442,12599051,12599050,0,0,1,37.496709,126.957985,0.02,0.0,0,112.3,1,137.4,0,0.00,9.66,2.63,0.9987,24.52,2.966,473553,976118,0.015,1,193.5,"-0.89,0.67,9.60","-1.2,-1.6,1.6","-24.600,59.250,12.450",0.05,0.15,0.00,0,118529,99849,8,1.28,37.496708,126.957994,27861,469,1714,38,14.52,0.00,999.00,-59.0,0,149,0,1,-49,-49.1,99849,42,4,0.80,1,0,-4.39,-11.29,0
18:14:09,163.527,12599152,12599151,0,0,1,37.496709,126.957985,0.02,0.0,0,112.3,1,137.4,0,0.00,9.62,3.42,0.9969,24.22,2.967,473553,976130,0.015,1,193.5,"-1.12,0.81,9.52","2.2,-2.6,0.4","-24.600,59.250,12.150",0.24,0.24,0.00,0,118530,99850,8,1.28,37.496708,126.957994,27861,469,1714,38,14.52,0.00,999.00,-59.0,0,149,0,1,-45,-48.3,99850,37,4,0.80,1,0,-4.39,-11.29,0
18:14:09,163.643,12599252,12599251,0,0,1,37.496709,126.957985,0.02,0.0,0,112.3,1,137.4,0,0.00,9.62,3.53,0.9979,23.64,2.965,473553,976142,0.015,1,193.5,"-1.01,0.70,9.54","1.2,0.4,-3.3","-24.000,59.400,11.550",0.11,0.30,0.00,0,118531,99851,8,1.28,37.496708,126.957994,27861,469,1714,38,14.52,0.00,999.00,-59.0,0,149,0,1,-45,-47.6,99851,31,4,0.80,1,0,-4.39,-11.29,0
18:14:09,163.748,12599352,12599351,0,0,1,37.496709,126.957985,0.02,0.0,0,112.3,1,137.4,0,0.00,9.60,1.95,0.9984,24.92,2.989,473553,976154,0.015,1,193.5,"-0.91,0.71,9.53","-0.6,0.6,-1.7","-24.450,60.150,12.750",0.08,0.15,0.00,0,118532,99852,8,1.28,37.496708,126.957994,27861,469,1714,38,14.52,0.00,999.00,-59.0,0,149,0,1,-47,-47.5,99852,25,4,0.80,1,0,-4.39,-11.29,0
18:14:10,163.883,12599451,12599451,0,0,1,37.496709,126.957985,0.02,0.0,0,112.3,1,137.4,0,0.00,9.65,3.52,0.9982,24.43,2.993,473553,976166,0.015,1,193.5,"-0.98,0.67,9.58","3.4,-0.8,0.1","-25.200,59.850,12.300",0.06,0.22,0.00,0,118533,99853,8,1.28,37.496708,126.957994,27861,469,1714,38,14.52,0.00,999.00,-59.0,0,149,0,1,-46,-47.2,99853,18,4,0.80,1,0,-4.39,-11.29,0
18:14:10,163.959,12599556,12599555,0,0,1,37.496709,126.957985,0.02,0.0,0,112.3,1,137.4,0,0.00,9.61,0.56,0.9987,23.47,2.981,473553,976177,0.015,1,193.5,"-0.89,0.66,9.55","0.5,0.1,0.3","-25.350,59.250,11.400",0.08,0.12,0.00,0,118534,99854,8,1.28,37.496708,126.957994,27861,469,1714,38,14.52,0.00,999.00,-59.0,0,149,0,1,-47,-47.2,99854,18,4,0.80,1,0,-4.39,-11.29,0
18:14:10,164.042,12599657,12599657,0,0,1,37.496708,126.957986,0.03,0.0,0,112.3,1,137.4,0,0.00,9.71,0.55,0.9980,23.43,2.988,473553,976189,0.041,1,193.5,"-0.97,0.78,9.62","-0.5,0.2,-0.1","-24.000,60.150,11.250",0.10,0.13,0.00,0,118535,99855,8,1.05,37.496707,126.957996,27862,469,1714,38,14.52,0.00,999.00,-59.0,0,149,0,1,-48,-47.3,99855,13,4,0.80,1,0,-4.39,-11.29,0
18:14:10,164.164,12599769,12599756,0,0,1,37.496708,126.957986,0.03,0.0,0,112.3,1,137.4,0,0.00,9.61,1.68,0.9990,23.15,2.995,473553,976201,0.041,1,193.5,"-0.81,0.67,9.55","0.8,-0.9,-1.1","-24.150,60.300,10.950",0.13,0.16,0.00,0,118536,99856,8,1.05,37.496707,126.957996,27862,469,1714,38,14.52,0.00,999.00,-59.0,0,149,0,1,-49,-47.7,99856,20,4,0.80,1,0,-4.39,-11.29,0
18:14:10,164.259,12599872,12599859,0,0,1,37.496708,126.957986,0.03,0.0,0,112.3,1,137.4,0,0.00,9.69,1.22,0.9985,22.65,2.982,473553,976212,0.041,1,193.5,"-0.96,0.61,9.62","1.1,-0.4,0.1","-24.000,59.850,10.500",0.08,0.20,0.00,0,118537,99857,8,1.05,37.496707,126.957996,27862,469,1714,38,14.52,0.00,999.00,-59.0,0,149,0,1,-48,-47.7,99857,18,4,0.80,1,0,-4.39,-11.29,0
18:14:10,164.383,12599963,12599962,0,0,1,37.496708,126.957986,0.03,0.0,0,112.3,1,137.4,0,-1.21,9.73,4.31,0.9985,22.73,2.966,473553,976223,0.041,1,193.5,"-0.90,0.76,9.66","1.2,-1.5,3.9","-24.150,59.250,10.650",0.08,0.14,0.00,0,118538,99857,8,1.05,37.496707,126.957996,27862,469,1714,38,14.52,0.00,999.00,-59.0,0,149,0,1,-48,-47.7,99857,109,4,0.80,1,0,-4.39,-11.29,0
18:14:10,164.475,12600064,12600063,0,0,1,37.496708,126.957986,0.03,0.0,0,112.3,1,137.4,0,0.00,9.67,3.42,0.9984,23.29,2.900,473553,976235,0.041,1,193.5,"-0.96,0.63,9.60","2.9,-1.7,0.5","-23.100,57.600,11.400",0.07,0.22,0.00,0,118539,99858,8,1.05,37.496707,126.957996,27862,469,1714,38,14.52,0.00,999.00,-59.0,0,149,0,1,-49,-48.0,99858,95,4,0.80,1,0,-4.39,-11.29,0
18:14:10,164.585,12600165,12600164,0,0,1,37.496708,126.957986,0.03,0.0,0,112.3,1,137.4,0,0.00,9.70,2.14,0.9988,23.64,2.982,473553,976247,0.041,1,193.5,"-0.84,0.74,9.63","1.9,-0.9,0.2","-25.200,59.400,11.550",0.10,0.20,0.00,0,118540,99859,8,1.05,37.496707,126.957996,27862,469,1714,38,14.52,0.00,999.00,-59.0,0,149,0,1,-48,-48.0,99859,95,4,0.80,1,0,-4.39,-11.29,0
18:14:10,164.679,12600265,12600264,0,0,1,37.496708,126.957986,0.03,0.0,0,112.3,1,137.4,0,0.00,9.54,3.24,0.9991,24.44,2.969,473553,976259,0.041,1,193.5,"-0.82,0.56,9.49","0.7,1.3,-2.9","-23.550,59.850,12.300",0.21,0.21,0.00,0,118541,99860,8,1.05,37.496707,126.957996,27862,469,1714,38,14.52,0.00,999.00,-59.0,0,149,0,1,-51,-48.6,99860,92,4,0.80,1,0,-4.39,-11.29,0
18:14:10,164.690,12600365,12600364,0,0,1,37.496708,126.957986,0.03,0.0,0,112.3,1,137.4,0,0.00,9.67,2.86,0.9987,24.42,2.918,473553,976271,0.041,1,193.5,"-0.92,0.57,9.61","0.5,-2.5,-1.4","-23.100,58.350,12.450",0.11,0.21,0.00,0,118542,99861,8,1.05,37.496707,126.957996,27862,469,1714,38,14.52,0.00,999.00,-59.0,0,149,0,1,-51,-49.1,99861,89,4,0.80,1,0,-4.39,-11.29,0
18:14:11,164.876,12600465,12600464,0,0,1,37.496708,126.957986,0.03,0.0,0,112.3,1,137.4,0,0.00,9.67,1.94,0.9979,24.97,2.996,473553,976283,0.041,1,193.5,"-1.06,0.51,9.60","0.0,0.1,-1.9","-24.000,60.600,12.750",0.21,0.21,0.00,0,118543,99862,8,1.05,37.496707,126.957996,27862,469,1714,38,14.52,0.00,999.00,-59.0,0,149,0,1,-50,-49.3,99862,79,4,0.80,1,0,-4.39,-11.29,0
18:14:11,164.976,12600570,12600569,0,0,1,37.496708,126.957986,0.03,0.0,0,112.3,1,137.4,0,0.00,9.72,1.40,0.9984,23.34,2.928,473553,976294,0.041,1,193.5,"-0.93,0.70,9.65","0.3,1.2,-0.6","-24.150,58.050,11.400",0.05,0.23,0.00,0,118544,99863,8,1.05,37.496707,126.957996,27862,469,1714,38,14.52,0.00,999.00,-59.0,0,149,0,1,-51,-49.6,99863,83,4,0.82,1,0,-4.39,-11.29,0
18:14:11,165.094,12600672,12600671,0,0,1,37.496708,126.957987,0.02,0.0,0,112.3,1,137.4,0,0.00,9.63,3.95,0.9983,23.51,2.983,473553,976306,0.005,1,193.5,"-0.94,0.69,9.56","2.2,-3.2,-0.8","-24.900,59.550,11.400",0.05,0.14,0.00,0,118545,99864,8,1.05,37.496707,126.957996,27863,469,1714,38,14.52,0.00,999.00,-59.0,0,149,0,1,-51,-49.9,99864,78,4,0.84,1,0,-4.39,-11.29,0
18:14:11,165.113,12600774,12600773,0,0,1,37.496708,126.957987,0.02,0.0,0,112.3,1,137.4,0,0.00,9.69,3.45,0.9988,24.34,2.949,473553,976318,0.005,1,193.5,"-0.88,0.63,9.63","-0.1,1.0,-3.3","-24.000,58.950,12.300",0.06,0.19,0.00,0,118546,99865,8,1.05,37.496707,126.957996,27863,469,1714,38,14.52,0.00,999.00,-59.0,0,149,0,1,-49,-49.7,99865,74,4,0.83,1,0,-4.39,-11.29,0
18:14:11,165.193,12600875,12600874,0,0,1,37.496708,126.957987,0.02,0.0,0,112.3,1,137.4,0,0.00,9.66,2.03,0.9990,24.35,2.981,473553,976330,0.005,1,193.5,"-0.85,0.62,9.60","1.6,-1.3,0.1","-23.400,60.300,12.150",0.09,0.18,0.00,0,118547,99866,8,1.05,37.496707,126.957996,27863,469,1714,38,14.90,0.00,999.00,-61.8,0,149,0,1,-52,-50.2,99866,72,4,0.86,1,0,-4.39,-11.29,0
18:14:11,165.277,12600976,12600975,0,0,1,37.496708,126.957987,0.02,0.0,0,112.3,1,137.4,0,0.00,9.60,2.19,0.9986,23.56,2.991,473553,976342,0.005,1,193.5,"-0.90,0.68,9.53","-1.7,0.2,-1.3","-24.600,60.000,11.400",0.09,0.15,0.00,0,118548,99867,8,1.05,37.496707,126.957996,27863,469,1714,38,14.90,0.00,999.00,-61.8,0,149,0,1,-50,-50.1,99867,57,4,0.86,1,0,-4.39,-11.29,0
18:14:11,165.409,12601077,12601076,0,0,1,37.496708,126.957987,0.02,0.0,0,112.3,1,137.4,0,0.00,9.69,3.81,0.9981,25.51,2.925,473553,976354,0.005,1,193.5,"-1.03,0.60,9.62","0.0,3.3,-1.8","-25.350,57.600,13.650",0.12,0.16,0.00,0,118549,99868,8,1.05,37.496707,126.957996,27863,469,1714,38,14.90,0.00,999.00,-61.8,0,149,0,1,-50,-50.1,99868,62,4,0.86,1,0,-4.39,-11.29,0
18:14:11,165.510,12601178,12601177,0,0,1,37.496708,126.957987,0.02,0.0,0,112.3,1,137.4,0,0.00,9.69,3.15,0.9985,24.23,2.946,473553,976366,0.005,1,193.5,"-0.95,0.63,9.62","1.9,0.4,-2.5","-23.100,59.250,12.150",0.04,0.17,0.00,0,118550,99869,8,1.05,37.496707,126.957996,27863,469,1714,38,14.90,0.00,999.00,-61.8,0,149,0,1,-50,-50.1,99869,57,4,0.86,1,0,-4.39,-11.29,0
18:14:11,165.593,12601279,12601278,0,0,1,37.496708,126.957987,0.02,0.0,0,112.3,1,137.4,0,0.00,9.69,1.69,0.9985,23.86,2.991,473553,976378,0.005,1,193.5,"-0.93,0.66,9.62","0.5,0.9,-1.3","-24.600,60.000,11.700",0.01,0.16,0.00,0,118551,99870,8,1.05,37.496707,126.957996,27863,469,1714,38,14.90,0.00,999.00,-61.8,0,149,0,1,-51,-50.3,99870,52,4,0.87,1,0,-4.39,-11.29,0
18:14:11,165.676,12601380,12601379,0,0,1,37.496708,126.957987,0.02,0.0,0,112.3,1,137.4,0,0.00,9.63,1.94,0.9979,23.60,2.990,473553,976390,0.005,1,193.5,"-1.03,0.65,9.55","-0.3,-1.1,-1.6","-23.850,60.300,11.400",0.12,0.18,0.00,0,118552,99871,8,1.05,37.496707,126.957996,27863,469,1714,38,14.90,0.00,999.00,-61.8,0,149,0,1,-51,-50.4,99871,47,4,0.88,1,0,-4.39,-11.29,0
18:14:11,165.811,12601481,12601480,0,0,1,37.496708,126.957987,0.02,0.0,0,112.3,1,137.4,0,0.00,9.73,0.68,0.9986,22.74,2.951,473553,976402,0.005,1,193.5,"-0.92,0.67,9.67","-0.2,-0.2,0.6","-23.100,59.250,10.650",0.05,0.14,0.00,0,118553,99872,8,1.05,37.496707,126.957996,27863,469,1714,38,14.90,0.00,999.00,-61.8,0,149,0,1,-50,-50.3,99872,42,4,0.88,1,0,-4.39,-11.29,0
18:14:12,165.908,12601586,12601585,0,0,1,37.496708,126.957988,0.01,0.0,0,112.3,1,137.4,0,0.00,9.72,6.38,0.9982,23.64,2.965,473553,976413,0.010,1,193.5,"-0.95,0.75,9.64","3.6,-5.2,0.3","-24.000,59.400,11.550",0.08,0.17,0.00,0,118554,99873,8,1.05,37.496707,126.957996,27864,469,1714,38,14.90,0.00,999.00,-61.8,0,149,0,1,-48,-49.9,99873,42,4,0.84,1,0,-4.39,-11.29,0
18:14:12,166.034,12601688,12601687,0,0,1,37.496708,126.957988,0.01,0.0,0,112.3,1,137.4,0,0.00,9.60,5.15,0.9986,23.65,2.954,473553,976425,0.010,1,193.5,"-0.89,0.69,9.53","2.9,-3.5,2.5","-23.250,59.400,11.550",0.09,0.16,0.00,0,118555,99874,8,1.05,37.496707,126.957996,27864,469,1714,38,14.90,0.00,999.00,-61.8,0,149,0,1,-49,-49.7,99874,39,4,0.83,1,0,-4.39,-11.29,0
18:14:12,166.108,12601789,12601788,0,0,1,37.496708,126.957988,0.01,0.0,0,112.3,1,137.4,0,0.00,9.87,1.40,0.9983,23.81,2.971,473553,976437,0.010,1,193.5,"-0.91,0.83,9.79","0.6,1.2,-0.3","-24.150,59.550,11.700",0.24,0.24,0.00,0,118556,99875,8,1.05,37.496707,126.957996,27864,469,1714,38,14.90,0.00,999.00,-61.8,0,149,0,1,-50,-49.8,99875,35,4,0.83,1,0,-4.39,-11.29,0
18:14:12,166.193,12601890,12601889,0,0,1,37.496708,126.957988,0.01,0.0,0,112.3,1,137.4,0,0.53,9.68,4.80,0.9976,24.86,2.928,473553,976449,0.010,1,193.5,"-1.07,0.69,9.60","-1.9,0.5,-4.4","-23.850,58.350,12.900",0.14,0.22,0.00,0,118557,99876,8,1.05,37.496707,126.957996,27864,469,1714,38,14.90,0.00,999.00,-61.8,0,149,0,1,-53,-50.4,99876,30,4,0.88,1,0,-4.39,-11.29,0
18:14:12,166.326,12601991,12601989,0,0,1,37.496708,126.957988,0.01,0.0,0,112.3,1,137.4,0,0.08,9.73,4.23,0.9984,23.69,2.984,473553,976461,0.010,1,193.5,"-0.96,0.62,9.66","-1.7,0.1,-3.9","-24.450,59.850,11.550",0.09,0.18,0.00,0,118558,99877,8,1.05,37.496707,126.957996,27864,469,1714,38,14.90,0.00,999.00,-61.8,0,149,0,1,-58,-51.9,99877,26,4,1.02,1,0,-4.39,-11.29,0
18:14:12,166.391,12602091,12602091,0,0,1,37.496708,126.957988,0.01,0.0,0,112.3,1,137.4,0,0.00,9.73,2.37,0.9986,23.78,2.947,473553,976473,0.010,1,193.5,"-0.92,0.68,9.66","0.2,-2.0,1.2","-23.100,59.250,11.700",0.06,0.17,0.00,0,118559,99878,8,1.05,37.496707,126.957996,27864,469,1714,38,15.50,0.00,999.00,-62.9,0,149,0,1,-54,-52.3,99878,19,4,1.06,1,0,-4.39,-11.29,0
18:14:12,166.514,12602200,12602199,0,0,1,37.496708,126.957988,0.01,0.0,0,112.3,1,137.4,0,0.00,9.71,3.00,0.9988,24.14,2.987,473553,976486,0.010,1,193.5,"-0.87,0.70,9.65","1.2,1.3,-2.4","-24.750,59.850,12.000",0.08,0.22,0.00,0,118560,99879,8,1.05,37.496707,126.957996,27864,469,1714,38,15.50,0.00,999.00,-62.9,0,149,0,1,-52,-52.3,99879,21,4,1.06,1,0,-4.39,-11.29,0
18:14:23,177.791,12602300,12602299,0,0,1,37.496708,126.957988,0.01,0.0,0,112.3,1,137.4,0,0.00,9.68,2.21,0.9981,24.44,2.986,473553,976498,0.010,1,193.5,"-0.95,0.77,9.61","-0.6,0.3,-2.1","-24.750,59.850,12.300",0.08,0.20,0.00,0,118561,99880,8,1.05,37.496707,126.957996,27864,469,1714,38,15.50,0.00,999.00,-62.9,0,149,0,1,-53,-52.4,99880,18,4,1.07,1,0,-4.39,-11.29,0
18:14:24,177.991,12613564,12613563,2,0,0,0.000000,0.000000,0.00,0.0,0,112.3,1,137.4,0,-0.72,9.58,3.83,0.9989,23.43,2.994,473553,976557,0.098,1,193.5,"-0.84,0.65,9.52","1.7,-0.5,3.4","-24.450,60.150,11.250",0.13,0.20,0.00,0,118566,99986,7,1.50,37.496707,126.957995,27865,469,1714,38,-1.00,0.00,999.00,0.0,0,150,0,2,-58,-56.4,99986,95,4,1.56,1,0,-4.39,-11.29,0
18:14:24,178.090,12613665,12613664,2,0,1,37.496714,126.957987,0.01,0.0,0,112.3,1,137.4,0,-0.11,9.62,3.03,0.9981,21.44,2.933,473553,976569,0.021,1,193.5,"-1.01,0.63,9.54","-0.1,-1.5,2.6","-23.400,58.350,9.450",0.10,0.53,0.00,0,118567,99987,7,1.50,37.496714,126.957987,27866,469,1714,38,15.54,0.00,999.00,-57.6,0,150,0,2,-54,-55.9,99987,91,4,1.49,1,0,-4.39,-11.29,0
18:14:24,178.207,12613766,12613765,2,0,1,37.496714,126.957987,0.01,0.0,0,112.3,1,137.4,0,0.00,9.49,2.91,0.9990,24.39,3.022,473553,976581,0.021,1,193.5,"-0.81,0.64,9.43","1.7,-1.6,1.7","-25.350,60.750,12.150",0.20,0.45,0.00,0,118568,99988,7,1.50,37.496714,126.957987,27866,469,1714,38,15.54,0.00,999.00,-57.6,0,150,0,2,-55,-55.7,99988,78,4,1.46,1,0,-4.39,-11.29,0
18:14:24,178.222,12613867,12613866,2,0,1,37.496714,126.957987,0.01,0.0,0,112.3,1,137.4,0,0.00,9.69,2.95,0.9979,24.04,2.957,473553,976593,0.021,1,193.5,"-1.00,0.76,9.61","2.2,-1.2,1.5","-24.450,58.950,12.000",0.09,0.28,0.00,0,118569,99989,7,1.50,37.496714,126.957987,27866,469,1714,38,15.54,0.00,999.00,-57.6,0,150,0,2,-54,-55.4,99989,77,4,1.42,1,0,-4.39,-11.29,0
18:14:24,178.292,12613968,12613967,2,0,1,37.496714,126.957987,0.01,0.0,0,112.3,1,137.4,0,0.00,9.68,1.83,0.9984,24.26,2.969,473553,976605,0.021,1,193.5,"-0.98,0.44,9.62","1.1,-0.8,1.2","-24.150,59.550,12.150",0.25,0.41,0.00,0,118570,99990,7,1.50,37.496714,126.957987,27866,469,1714,38,15.54,0.00,999.00,-57.6,0,150,0,2,-54,-55.1,99990,76,4,1.38,1,0,-4.39,-11.29,0
18:14:24,178.408,12614069,12614068,2,0,1,37.496714,126.957987,0.01,0.0,0,112.3,1,137.4,0,0.00,9.64,3.71,0.9990,24.92,2.983,473553,976617,0.021,1,193.5,"-0.80,0.68,9.59","3.7,-0.1,0.6","-24.000,60.150,12.750",0.11,0.31,0.00,0,118571,99991,7,1.50,37.496714,126.957987,27866,469,1714,38,15.77,0.00,999.00,-56.3,0,150,0,2,-55,-55.1,99991,66,4,1.38,1,0,-4.39,-11.29,0
18:14:24,178.509,12614169,12614168,2,0,1,37.496714,126.957987,0.01,0.0,0,112.3,1,137.4,0,0.00,9.76,2.26,0.9982,23.29,2.970,473553,976629,0.021,1,193.5,"-0.98,0.72,9.69","-1.5,1.4,-1.0","-25.200,58.950,11.250",0.12,0.22,0.00,0,118572,99992,7,1.50,37.496714,126.957987,27866,469,1714,38,15.77,0.00,999.00,-56.3,0,150,0,2,-53,-54.7,99992,67,4,1.33,1,0,-4.39,-11.29,0
18:14:24,178.641,12614270,12614269,2,0,1,37.496714,126.957987,0.01,0.0,0,112.3,1,137.4,0,0.00,9.72,3.91,0.9985,22.77,2.964,473553,976641,0.021,1,193.5,"-0.85,0.82,9.64","-0.3,-3.8,-0.9","-23.400,59.550,10.650",0.17,0.17,0.00,0,118573,99993,7,1.50,37.496714,126.957987,27866,469,1714,38,15.77,0.00,999.00,-56.3,0,150,0,2,-52,-54.1,99993,56,4,1.26,1,0,-4.39,-11.29,0
18:14:24,178.706,12614375,12614374,2,0,1,37.496714,126.957987,0.01,0.0,0,112.3,1,137.4,0,0.00,9.91,1.56,0.9978,24.55,2.979,473553,976652,0.021,1,193.5,"-0.90,0.01,9.87","-1.1,0.1,1.1","-24.900,59.550,12.450",0.66,0.79,0.00,0,118574,99994,7,1.50,37.496714,126.957987,27866,469,1714,38,15.77,0.00,999.00,-56.3,0,150,0,2,-52,-53.7,99994,58,4,1.21,1,0,-4.39,-11.29,0
18:14:24,178.792,12614476,12614475,2,0,1,37.496714,126.957987,0.01,0.0,0,112.3,1,137.4,0,0.00,10.81,4.60,0.9970,23.55,3.007,473553,976664,0.021,1,193.5,"-1.08,1.13,10.70","4.2,1.4,-1.3","-25.650,60.000,11.400",1.15,1.19,0.00,0,118575,99995,7,1.50,37.496714,126.957987,27866,469,1714,38,15.77,0.00,999.00,-56.3,0,150,0,2,-51,-53.2,99995,57,4,1.15,1,0,-4.39,-11.29,0
18:14:25,178.915,12614578,12614577,2,0,1,37.496714,126.957987,0.02,0.0,0,112.3,1,137.4,0,0.00,10.34,3.59,0.9975,24.14,2.987,473553,976676,0.021,1,193.5,"-0.87,1.12,10.24","-2.6,2.2,-1.0","-24.750,59.850,12.000",0.62,1.87,0.00,0,118576,99996,7,1.50,37.496714,126.957987,27867,469,1714,38,15.77,0.00,999.00,-56.3,0,150,0,2,-51,-52.7,99996,51,4,1.10,1,0,-4.39,-11.29,0
18:14:25,179.007,12614678,12614677,2,0,1,37.496714,126.957987,0.02,0.0,0,112.3,1,137.4,0,0.00,9.68,1.11,0.9991,24.33,2.960,473553,976688,0.021,1,193.5,"-0.83,0.62,9.62","-0.2,-1.1,0.2","-24.750,58.950,12.300",0.21,0.71,0.00,0,118577,99997,7,1.50,37.496714,126.957987,27867,469,1714,38,15.77,0.00,999.00,-56.3,0,150,0,2,-51,-52.4,99997,44,4,1.07,1,0,-4.39,-11.29,0
18:14:25,179.127,12614779,12614778,2,0,1,37.496714,126.957987,0.02,0.0,0,112.3,1,137.4,0,0.00,9.72,2.42,0.9981,22.29,2.956,473553,976700,0.021,1,193.5,"-1.04,0.49,9.65","1.1,1.3,-1.7","-23.400,59.250,10.200",0.26,0.57,0.00,0,118578,99998,7,1.50,37.496714,126.957987,27867,469,1714,38,15.77,0.00,999.00,-56.3,0,150,0,2,-51,-52.1,99998,42,4,1.04,1,0,-4.39,-11.29,0
18:14:25,179.225,12614880,12614879,2,0,1,37.496714,126.957987,0.02,0.0,0,112.3,1,137.4,0,0.00,9.71,1.46,0.9984,23.69,3.000,473553,976712,0.021,1,193.5,"-0.98,0.60,9.64","1.0,0.6,-0.8","-25.500,59.850,11.550",0.12,0.20,0.00,0,118579,99999,7,1.50,37.496714,126.957987,27867,469,1714,38,15.77,0.00,999.00,-56.3,0,150,0,2,-50,-51.7,99999,38,4,1.00,1,0,-4.39,-11.29,0
18:14:25,179.609,12614982,12614981,2,0,1,37.496714,126.957987,0.02,0.0,0,112.3,1,137.4,0,0.00,9.26,5.78,0.9982,23.34,2.935,473553,976724,0.021,1,193.5,"-0.95,0.61,9.19","3.9,-4.3,-0.1","-24.600,58.050,11.400",0.46,0.59,0.00,0,118580,100000,7,1.50,37.496714,126.957987,27867,469,1714,38,15.77,0.00,999.00,-56.3,0,150,0,2,-50,-51.3,100000,29,4,0.97,1,0,-4.39,-11.29,0
18:14:25,179.844,12615389,12615388,2,0,1,37.496714,126.957987,0.02,0.0,0,112.3,1,137.3,0,0.00,9.72,1.25,0.9984,24.26,2.959,473553,976771,0.021,1,193.5,"-0.91,0.74,9.64","0.2,1.1,0.6","-23.400,59.550,12.150",0.06,0.20,0.00,0,118584,100004,7,1.50,37.496714,126.957987,27867,469,1714,38,15.77,0.00,999.00,-56.3,0,150,0,2,-51,-51.0,100004,20,4,0.94,1,0,-4.39,-11.29,0
18:14:26,179.943,12615598,12615597,2,0,1,37.496714,126.957987,0.03,0.0,0,112.3,1,137.3,0,0.00,9.70,2.34,0.9987,22.77,2.970,473553,976796,0.041,1,193.5,"-0.92,0.61,9.64","0.2,-1.4,-1.8","-23.850,59.550,10.650",0.07,0.13,0.00,0,118586,100006,7,1.49,37.496714,126.957987,27868,469,1714,38,15.77,0.00,999.00,-56.3,0,150,0,2,-51,-51.0,100006,17,4,0.94,1,0,-4.39,-11.29,0
18:14:26,180.145,12615698,12615697,2,0,1,37.496714,126.957987,0.03,0.0,0,112.3,1,137.3,0,0.00,9.73,1.77,0.9981,22.98,2.951,473553,976808,0.041,1,193.5,"-0.96,0.77,9.65","0.7,-1.5,0.6","-24.150,58.800,10.950",0.11,0.33,0.00,0,118587,100007,7,1.49,37.496714,126.957987,27868,469,1714,38,15.77,0.00,999.00,-56.3,0,150,0,2,-52,-51.2,100007,12,4,0.95,1,0,-4.39,-11.29,0
18:14:26,180.325,12615913,12615900,0,0,1,37.496714,126.957987,0.03,0.0,0,112.3,1,137.3,0,0.00,9.64,3.68,0.9989,22.95,2.981,473553,976831,0.041,1,193.5,"-0.85,0.65,9.58","3.5,-1.0,0.7","-24.000,59.850,10.800",0.09,0.53,0.00,0,118589,100009,7,1.49,37.496714,126.957987,27868,469,1714,38,15.77,0.00,999.00,-56.3,0,150,0,2,-53,-51.7,100009,17,4,1.00,1,0,-4.39,-11.29,0
18:14:26,180.414,12616107,12616106,0,0,1,37.496714,126.957987,0.03,0.0,0,112.3,1,137.3,0,0.00,9.71,1.37,0.9987,22.21,2.983,473553,976853,0.041,1,193.5,"-0.88,0.70,9.64","0.8,0.8,0.7","-24.000,59.850,10.050",0.08,0.31,0.00,0,118591,100010,7,1.49,37.496714,126.957987,27868,469,1714,38,15.77,0.00,999.00,-56.3,0,150,0,2,-53,-52.0,100010,106,4,1.02,1,0,-4.39,-11.29,0
18:14:26,180.525,12616208,12616207,0,0,1,37.496714,126.957987,0.03,0.0,0,112.3,1,137.3,0,0.00,9.58,3.35,0.9983,23.67,2.936,473553,976865,0.041,1,193.5,"-0.95,0.68,9.51","2.4,-1.1,2.0","-24.150,58.350,11.700",0.10,0.50,0.00,0,118592,100011,7,1.49,37.496714,126.957987,27868,469,1714,38,15.77,0.00,999.00,-56.3,0,150,0,2,-53,-52.2,100011,99,4,1.05,1,0,-4.39,-11.29,0
18:14:26,180.625,12616309,12616308,0,0,1,37.496714,126.957987,0.03,0.0,0,112.3,1,137.3,0,0.00,9.71,4.15,0.9976,23.50,2.881,473553,976877,0.041,1,193.5,"-1.02,0.81,9.62","3.2,-0.7,-2.5","-23.400,56.850,11.700",0.15,0.52,0.00,0,118593,100012,7,1.49,37.496714,126.957987,27868,469,1714,38,15.77,0.00,999.00,-56.3,0,150,0,2,-53,-52.3,100012,97,4,1.06,1,0,-4.39,-11.29,0
18:14:26,180.694,12616413,12616412,0,0,1,37.496714,126.957987,0.03,0.0,0,112.3,1,137.3,0,0.00,9.67,1.70,0.9987,22.15,2.976,473553,976888,0.041,1,193.5,"-0.91,0.60,9.61","1.5,-0.7,-0.0","-24.450,59.400,10.050",0.09,0.15,0.00,0,118594,100013,7,1.49,37.496714,126.957987,27868,469,1714,38,15.77,0.00,999.00,-56.3,0,150,0,2,-53,-52.5,100013,94,4,1.08,1,0,-4.39,-11.29,0
18:14:26,180.825,12616514,12616513,0,0,1,37.496714,126.957987,0.03,0.0,0,112.3,1,137.3,0,0.00,9.72,1.57,0.9982,23.81,2.977,473553,976900,0.041,1,193.5,"-0.96,0.74,9.64","-0.1,0.9,-1.3","-24.600,59.550,11.700",0.08,0.14,0.00,0,118595,100014,7,1.49,37.496714,126.957987,27868,469,1714,38,15.77,0.00,999.00,-56.3,0,150,0,2,-54,-52.8,100014,90,4,1.11,1,0,-4.39,-11.29,0
18:14:27,180.960,12616615,12616614,0,0,1,37.496714,126.957987,0.02,0.0,0,112.3,1,137.3,0,1.03,9.31,5.02,0.9977,24.23,2.950,473553,976912,0.015,1,193.5,"-1.03,0.58,9.23","1.5,1.3,-4.6","-23.400,59.250,12.150",0.39,0.57,0.00,0,118596,100015,7,1.49,37.496715,126.957987,27869,469,1714,38,15.77,0.00,999.00,-56.3,0,150,0,2,-54,-53.0,100015,84,4,1.13,1,0,-4.39,-11.29,0
18:14:27,181.192,12616716,12616715,0,0,1,37.496714,126.957987,0.02,0.0,0,112.3,1,137.3,0,0.00,9.66,1.92,0.9988,23.56,2.996,473553,976924,0.015,1,193.5,"-0.87,0.68,9.60","0.2,-0.8,1.7","-24.900,60.000,11.400",0.05,0.48,0.00,0,118597,100016,7,1.49,37.496715,126.957987,27869,469,1714,38,15.77,0.00,999.00,-56.3,0,150,0,2,-54,-53.2,100016,79,4,1.15,1,0,-4.39,-11.29,0
18:14:27,181.276,12616918,12616917,0,0,1,37.496714,126.957987,0.02,0.0,0,112.3,1,137.3,0,0.00,9.75,3.10,0.9990,23.39,2.990,473553,976948,0.015,1,193.5,"-0.79,0.74,9.69","1.8,-2.4,0.8","-24.750,59.850,11.250",0.17,0.22,0.00,0,118599,100018,7,1.49,37.496715,126.957987,27869,469,1714,38,15.77,0.00,999.00,-56.3,0,150,0,2,-58,-54.5,100018,69,4,1.30,1,0,-4.39,-11.29,0
18:14:27,181.357,12617022,12617021,0,0,1,37.496714,126.957987,0.02,0.0,0,112.3,1,137.3,0,0.00,9.63,0.78,0.9985,23.55,3.002,473553,976959,0.015,1,193.5,"-0.89,0.74,9.56","0.0,0.2,-0.8","-25.350,60.000,11.400",0.09,0.17,0.00,0,118600,100019,7,1.49,37.496715,126.957987,27869,469,1714,38,15.77,0.00,999.00,-56.3,0,150,0,2,-59,-55.4,100019,70,4,1.42,1,0,-4.39,-11.29,0
18:14:27,181.678,12617123,12617122,0,0,1,37.496714,126.957987,0.02,0.0,0,112.3,1,137.3,0,0.00,9.54,3.13,0.9983,24.17,2.948,473553,976971,0.015,1,193.5,"-0.98,0.57,9.48","1.2,-2.9,-0.1","-24.150,58.800,12.150",0.18,0.22,0.00,0,118601,100020,7,1.49,37.496715,126.957987,27869,469,1714,38,15.77,0.00,999.00,-56.3,0,150,0,2,-56,-55.5,100020,57,4,1.43,1,0,-4.39,-11.29,0
18:14:27,181.778,12617428,12617427,0,0,1,37.496714,126.957987,0.02,0.0,0,112.3,1,137.3,0,0.00,9.61,1.45,0.9982,22.82,2.939,473553,977006,0.015,1,193.5,"-0.95,0.74,9.53","1.1,-0.6,-0.8","-23.550,58.650,10.800",0.10,0.17,0.00,0,118604,100023,7,1.49,37.496715,126.957987,27869,469,1714,38,15.77,0.00,999.00,-56.3,0,150,0,2,-60,-57.1,100023,51,4,1.68,1,0,-4.39,-11.29,0
18:14:27,181.846,12617529,12617528,0,0,1,37.496714,126.957987,0.02,0.0,0,112.3,1,137.3,0,0.00,9.66,2.99,0.9987,25.19,3.011,473553,977018,0.015,1,193.5,"-0.81,0.79,9.60","-0.0,0.8,-2.9","-23.850,61.200,12.900",0.14,0.18,0.00,0,118605,100024,7,1.49,37.496715,126.957987,27869,469,1714,38,15.77,0.00,999.00,-56.3,0,150,0,2,-69,-59.5,100024,41,4,2.10,1,0,-4.39,-11.29,0
18:14:28,182.074,12617631,12617630,0,0,1,37.496714,126.957987,0.02,0.0,0,112.3,1,137.4,0,0.00,9.70,3.99,0.9981,23.56,2.943,473553,977030,0.015,1,193.5,"-1.02,0.62,9.62","3.8,0.7,0.9","-24.000,58.650,11.550",0.13,0.15,0.00,0,118606,100025,7,1.49,37.496715,126.957987,27870,469,1714,38,15.77,0.00,999.00,-56.3,0,150,0,2,-60,-59.6,100025,45,4,2.12,1,0,-4.39,-11.29,0
18:14:28,182.208,12617833,12617832,0,0,1,37.496714,126.957987,0.02,0.0,0,112.3,1,137.4,0,0.00,9.67,1.03,0.9987,23.35,2.966,473553,977054,0.015,1,193.5,"-0.89,0.68,9.61","0.0,0.2,-1.0","-24.000,59.400,11.250",0.04,0.17,0.00,0,118608,100027,7,1.49,37.496715,126.957987,27870,469,1714,38,16.34,0.00,999.00,-57.6,0,150,0,2,-55,-58.0,100027,34,4,1.81,1,0,-4.39,-11.29,0
18:14:28,182.292,12617934,12617933,0,0,1,37.496714,126.957987,0.02,0.0,0,112.3,1,137.4,0,0.00,9.69,4.71,0.9982,22.98,2.989,473553,977066,0.015,1,193.5,"-0.90,0.84,9.61","4.4,1.5,-0.4","-24.000,60.150,10.800",0.16,0.16,0.00,0,118609,100028,7,1.49,37.496715,126.957987,27870,469,1714,38,16.34,0.00,999.00,-57.6,0,150,0,2,-55,-57.4,100028,33,4,1.71,1,0,-4.39,-11.29,0
18:14:28,182.376,12618035,12618034,0,0,1,37.496714,126.957987,0.02,0.0,0,112.3,1,137.4,0,0.00,9.65,1.26,0.9989,23.60,2.935,473553,977078,0.015,1,193.5,"-0.85,0.67,9.59","1.1,0.1,0.6","-22.800,58.950,11.550",0.08,0.20,0.00,0,118610,100029,7,1.49,37.496715,126.957987,27870,469,1714,38,16.34,0.00,999.00,-57.6,0,150,0,2,-55,-56.9,100029,24,4,1.64,1,0,-4.39,-11.29,0
18:14:28,182.523,12618136,12618135,0,0,1,37.496714,126.957987,0.02,0.0,0,112.3,1,137.4,0,0.00,9.78,2.80,0.9987,23.70,2.972,473553,977090,0.015,1,193.5,"-0.83,0.79,9.72","2.4,0.2,1.5","-23.550,59.850,11.550",0.17,0.25,0.00,0,118611,100030,7,1.49,37.496715,126.957987,27870,469,1714,38,16.34,0.00,999.00,-57.6,0,150,0,2,-53,-56.1,100030,22,4,1.52,1,0,-4.39,-11.29,0
18:14:28,182.591,12618236,12618235,0,0,1,37.496714,126.957987,0.02,0.0,0,112.3,1,137.4,0,0.00,9.68,2.31,0.9986,24.88,2.991,473553,977102,0.015,1,193.5,"-0.85,0.77,9.62","1.9,-0.9,-1.0","-25.200,59.850,12.750",0.10,0.16,0.00,0,118612,100031,7,1.49,37.496715,126.957987,27870,469,1714,38,16.57,0.00,999.00,-56.4,0,150,0,2,-51,-55.1,100031,19,4,1.38,1,0,-4.39,-11.29,0
18:14:29,183.112,12618336,12618335,0,0,1,37.496714,126.957987,0.02,0.0,0,112.3,1,137.4,0,0.00,9.67,2.73,0.9986,23.48,2.963,473553,977114,0.015,1,193.5,"-0.93,0.62,9.61","1.3,-2.4,-0.0","-24.150,59.250,11.400",0.08,0.22,0.00,0,118613,100032,7,1.49,37.496715,126.957987,27870,469,1714,38,16.57,0.00,999.00,-56.4,0,150,0,2,-47,-53.5,100032,13,4,1.18,1,0,-4.39,-11.29,0
18:14:29,183.241,12618851,12618850,0,0,1,37.496714,126.957987,0.02,0.0,0,112.3,1,137.3,0,0.00,9.61,2.73,0.9986,23.51,2.968,473553,977170,0.015,1,193.5,"-0.89,0.70,9.54","2.1,-1.8,0.3","-23.850,59.550,11.400",0.09,0.16,0.00,0,118618,100036,7,1.49,37.496714,126.957988,27871,469,1714,38,16.57,0.00,999.00,-56.4,0,150,0,2,-49,-51.0,100036,106,4,0.93,1,0,-4.39,-11.29,0
18:14:29,183.308,12618952,12618951,0,0,1,37.496714,126.957987,0.02,0.0,0,112.3,1,137.3,0,0.00,9.63,2.18,0.9978,23.56,2.985,473553,977182,0.015,1,193.5,"-1.01,0.74,9.55","0.6,-2.1,0.3","-24.150,60.000,11.400",0.11,0.16,0.00,0,118619,100037,7,1.49,37.496714,126.957988,27871,469,1714,38,16.57,0.00,999.00,-56.4,0,150,0,2,-48,-50.4,100037,99,4,0.88,1,0,-4.39,-11.29,0
18:14:29,183.391,12619053,12619052,0,0,1,37.496714,126.957987,0.02,0.0,0,112.3,1,137.3,0,0.00,9.70,2.68,0.9987,22.25,2.975,473553,977194,0.015,1,193.5,"-0.85,0.75,9.63","1.7,-1.9,-0.8","-22.800,60.150,10.050",0.11,0.20,0.00,0,118620,100038,7,1.49,37.496714,126.957988,27871,469,1714,38,16.57,0.00,999.00,-56.4,0,150,0,2,-47,-49.7,100038,87,4,0.83,1,0,-4.39,-11.29,0
18:14:29,183.510,12619154,12619153,0,0,1,37.496714,126.957987,0.02,0.0,0,112.3,1,137.3,0,0.00,9.73,1.67,0.9988,22.99,2.979,473553,977206,0.015,1,193.5,"-0.85,0.71,9.67","1.4,0.8,-0.4","-23.250,60.150,10.800",0.10,0.14,0.00,0,118621,100039,7,1.49,37.496714,126.957988,27871,469,1714,38,16.57,0.00,999.00,-56.4,0,150,0,2,-47,-49.2,100039,92,4,0.80,1,0,-4.39,-11.29,0
18:14:29,183.608,12619254,12619253,0,0,1,37.496714,126.957987,0.02,0.0,0,112.3,1,137.3,0,0.00,9.69,2.77,0.9979,22.85,2.948,473553,977218,0.015,1,193.5,"-1.04,0.67,9.61","1.0,1.3,-2.3","-23.550,58.950,10.800",0.12,0.21,0.00,0,118622,100040,7,1.49,37.496714,126.957988,27871,469,1714,38,16.57,0.00,999.00,-56.4,0,150,0,2,-47,-48.7,100040,87,4,0.80,1,0,-4.39,-11.29,0
18:14:29,183.730,12619354,12619353,0,0,1,37.496714,126.957987,0.02,0.0,0,112.3,1,137.3,0,0.00,9.68,1.01,0.9983,23.34,2.924,473553,977230,0.015,1,193.5,"-0.97,0.65,9.61","0.1,0.1,-1.0","-23.850,58.050,11.400",0.05,0.22,0.00,0,118623,100041,7,1.49,37.496714,126.957988,27871,469,1714,38,16.57,0.00,999.00,-56.4,0,150,0,2,-46,-48.2,100041,81,4,0.80,1,0,-4.39,-11.29,0
18:14:29,183.824,12619458,12619457,0,0,1,37.496714,126.957987,0.02,0.0,0,112.3,1,137.3,0,0.00,9.73,2.96,0.9984,24.09,2.915,473553,977241,0.015,1,193.5,"-0.94,0.69,9.66","1.7,2.4,-0.1","-23.400,58.050,12.150",0.06,0.17,0.00,0,118624,100042,7,1.49,37.496714,126.957988,27871,469,1714,38,16.57,0.00,999.00,-56.4,0,150,0,2,-47,-48.0,100042,75,4,0.80,1,0,-4.39,-11.29,0
18:14:30,183.893,12619559,12619558,0,0,1,37.496714,126.957987,0.02,0.0,0,112.3,1,137.3,0,0.00,9.71,3.56,0.9989,24.22,2.961,473553,977253,0.015,1,193.5,"-0.90,0.57,9.65","3.2,-1.5,0.3","-24.150,59.250,12.150",0.11,0.21,0.00,0,118625,100043,7,1.49,37.496714,126.957988,27871,469,1714,38,16.57,0.00,999.00,-56.4,0,150,0,2,-44,-47.2,100043,73,4,0.80,1,0,-4.39,-11.29,0
18:14:30,184.012,12619660,12619659,0,0,1,37.496714,126.957987,0.02,0.0,0,112.3,1,137.3,0,0.00,9.68,3.74,0.9984,22.77,2.970,473553,977265,0.026,1,193.5,"-0.85,0.84,9.61","1.9,-3.0,1.0","-23.850,59.550,10.650",0.17,0.17,0.00,0,118626,100044,7,1.49,37.496713,126.957990,27872,469,1714,38,16.81,0.00,999.00,-55.2,0,150,0,2,-45,-46.7,100044,70,4,0.80,1,0,-4.39,-11.29,0
18:14:30,184.107,12619761,12619760,0,0,1,37.496714,126.957987,0.02,0.0,0,112.3,1,137.3,0,0.00,9.73,2.93,0.9982,24.09,2.963,473553,977277,0.026,1,193.5,"-1.00,0.64,9.65","1.3,-1.6,2.1","-24.000,59.400,12.000",0.09,0.15,0.00,0,118627,100045,7,1.49,37.496713,126.957990,27872,469,1714,38,16.81,0.00,999.00,-55.2,0,150,0,2,-44,-46.2,100045,66,4,0.80,1,0,-4.39,-11.29,0
18:14:30,184.243,12619862,12619861,0,0,1,37.496714,126.957987,0.02,0.0,0,112.3,1,137.3,0,-0.58,9.72,3.37,0.9990,22.82,2.928,473553,977289,0.026,1,193.5,"-0.78,0.74,9.66","1.2,0.2,3.1","-22.800,58.650,10.800",0.15,0.20,0.00,0,118628,100046,7,1.49,37.496713,126.957990,27872,469,1714,38,16.81,0.00,999.00,-55.2,0,150,0,2,-47,-46.3,100046,62,4,0.80,1,0,-4.39,-11.29,0
18:14:30,184.339,12619963,12619962,0,0,1,37.496714,126.957987,0.02,0.0,0,112.3,1,137.3,0,-0.17,9.70,2.81,0.9983,24.17,2.943,473553,977301,0.026,1,193.5,"-0.99,0.59,9.63","0.5,-0.6,2.7","-23.850,58.800,12.150",0.12,0.15,0.00,0,118629,100047,7,1.49,37.496713,126.957990,27872,469,1714,38,16.81,0.00,999.00,-55.2,0,150,0,2,-49,-46.9,100047,57,4,0.80,1,0,-4.39,-11.29,0
18:14:30,184.525,12620164,12620163,0,0,1,37.496714,126.957987,0.02,0.0,0,112.3,1,137.3,0,0.00,9.67,1.92,0.9991,25.06,2.970,473553,977325,0.026,1,193.5,"-0.82,0.59,9.62","0.0,1.9,-0.0","-23.400,60.000,12.900",0.13,0.16,0.00,0,118631,100049,7,1.49,37.496713,126.957990,27872,469,1714,38,16.81,0.00,999.00,-55.2,0,150,0,2,-49,-47.2,100049,45,4,0.80,1,0,-4.39,-11.29,0
18:14:30,184.658,12620265,12620264,0,0,1,37.496714,126.957987,0.02,0.0,0,112.3,1,137.3,0,0.00,9.63,3.27,0.9987,24.47,2.995,473553,977337,0.026,1,193.5,"-0.91,0.59,9.57","-0.2,-1.0,-3.1","-24.750,60.150,12.300",0.10,0.16,0.00,0,118632,100050,7,1.49,37.496713,126.957990,27872,469,1714,38,16.81,0.00,999.00,-55.2,0,150,0,2,-50,-47.7,100050,39,4,0.80,1,0,-4.39,-11.29,0
18:14:30,184.775,12620389,12620365,0,0,1,37.496714,126.957987,0.02,0.0,0,112.3,1,137.3,0,0.00,9.68,3.56,0.9989,25.09,2.936,473553,977349,0.026,1,193.5,"-0.88,0.62,9.62","2.7,1.0,-2.1","-23.250,58.950,13.050",0.08,0.16,0.00,0,118633,100051,7,1.49,37.496713,126.957990,27872,469,1714,38,16.81,0.00,999.00,-55.2,0,150,0,2,-51,-48.4,100051,61,4,0.80,1,0,-4.39,-11.29,0
18:14:30,184.858,12620481,12620480,0,0,1,37.496714,126.957987,0.02,0.0,0,112.3,1,137.3,0,0.00,9.64,1.94,0.9989,23.16,2.901,473553,977360,0.026,1,193.5,"-0.84,0.69,9.58","0.5,-1.3,-1.3","-22.800,57.750,11.250",0.08,0.16,0.00,0,118634,100052,7,1.49,37.496713,126.957990,27872,469,1714,38,16.81,0.00,999.00,-55.2,0,150,0,2,-51,-48.9,100052,45,4,0.80,1,0,-4.39,-11.29,0
18:14:31,184.929,12620582,12620581,0,0,1,37.496714,126.957988,0.03,0.0,0,112.3,1,137.3,0,0.00,9.69,1.29,0.9988,24.78,2.959,473553,977372,0.031,1,193.5,"-0.88,0.64,9.63","-0.0,0.4,-1.2","-24.750,58.950,12.750",0.07,0.19,0.00,0,118635,100053,7,1.49,37.496713,126.957993,27873,469,1714,38,16.81,0.00,999.00,-55.2,0,150,0,2,-50,-49.1,100053,34,4,0.80,1,0,-4.39,-11.29,0
18:14:31,185.048,12620683,12620682,0,0,1,37.496714,126.957988,0.03,0.0,0,112.3,1,137.3,0,0.00,9.63,1.08,0.9986,23.87,2.957,473553,977384,0.031,1,193.5,"-0.91,0.64,9.57","0.6,0.9,0.1","-22.200,60.000,11.700",0.06,0.18,0.00,0,118636,100054,7,1.49,37.496713,126.957993,27873,469,1714,38,17.05,0.00,999.00,-54.0,0,150,0,2,-50,-49.3,100054,33,4,0.80,1,0,-4.39,-11.29,0
18:14:31,185.140,12620784,12620783,0,0,1,37.496714,126.957988,0.03,0.0,0,112.3,1,137.3,0,0.00,9.64,2.79,0.9988,24.15,2.970,473553,977396,0.031,1,193.5,"-0.85,0.69,9.58","-1.0,1.2,-2.3","-23.550,59.850,12.000",0.07,0.16,0.00,0,118637,100055,7,1.49,37.496713,126.957993,27873,469,1714,38,17.05,0.00,999.00,-54.0,0,150,0,2,-50,-49.4,100055,32,4,0.81,1,0,-4.39,-11.29,0
18:14:31,185.360,12620885,12620884,0,0,1,37.496714,126.957988,0.03,0.0,0,112.3,1,137.3,0,0.00,9.71,1.37,0.9982,24.48,2.978,473553,977408,0.031,1,193.5,"-0.97,0.73,9.63","1.2,-0.1,-0.7","-23.550,60.150,12.300",0.07,0.13,0.00,0,118638,100056,7,1.49,37.496713,126.957993,27873,469,1714,38,17.05,0.00,999.00,-54.0,0,150,0,2,-50,-49.6,100056,20,4,0.82,1,0,-4.39,-11.29,0
18:14:31,185.554,12621086,12621085,0,0,1,37.496714,126.957988,0.03,0.0,0,112.3,1,137.3,0,0.00,9.63,3.64,0.9984,23.90,2.982,473553,977432,0.031,1,193.5,"-0.95,0.65,9.56","3.3,-1.5,0.3","-23.400,60.300,11.700",0.07,0.12,0.00,0,118640,100058,7,1.49,37.496713,126.957993,27873,469,1714,38,17.05,0.00,999.00,-54.0,0,150,0,2,-50,-49.7,100058,10,4,0.83,1,0,-4.39,-11.29,0
18:14:31,185.689,12621299,12621286,0,0,1,37.496714,126.957988,0.03,0.0,0,112.3,1,137.3,0,0.00,9.74,3.91,0.9985,24.26,2.965,473553,977456,0.031,1,193.5,"-0.95,0.66,9.67","0.5,3.9,0.2","-23.850,59.550,12.150",0.06,0.16,0.00,0,118642,100060,7,1.49,37.496713,126.957993,27873,469,1714,38,17.05,0.00,999.00,-54.0,0,150,0,2,-50,-49.8,100060,18,4,0.84,1,0,-4.39,-11.29,0
18:14:31,185.806,12621507,12621494,0,0,1,37.496714,126.957988,0.03,0.0,0,112.3,1,137.3,0,0.00,9.63,3.54,0.9974,23.87,2.907,473553,977478,0.031,1,193.5,"-1.09,0.70,9.54","-0.1,-1.5,-3.2","-24.000,57.450,12.000",0.19,0.19,0.00,0,118644,100062,7,1.49,37.496713,126.957993,27873,469,1714,38,17.05,0.00,999.00,-54.0,0,150,0,2,-50,-50.0,100062,18,4,0.85,1,0,-4.39,-11.29,0
18:14:32,186.011,12621611,12621598,0,0,1,37.496714,126.957988,0.03,0.0,0,112.3,1,137.3,0,0.00,9.77,2.45,0.9992,24.18,2.933,473553,977489,0.031,1,193.5,"-0.81,0.60,9.72","2.1,0.4,1.2","-23.100,58.800,12.150",0.16,0.21,0.00,0,118645,100063,7,1.49,37.496713,126.957994,27874,469,1714,38,16.81,0.00,999.00,-55.2,0,150,0,2,-50,-50.0,100063,16,4,0.85,1,0,-4.39,-11.29,0
18:14:32,186.084,12621715,12621702,0,0,1,37.496714,126.957988,0.03,0.0,0,112.3,1,137.3,0,0.00,9.58,0.55,0.9987,22.65,2.982,473553,977500,0.031,1,193.5,"-0.88,0.66,9.52","0.4,-0.1,0.3","-24.000,59.850,10.500",0.10,0.22,0.00,0,118646,100064,7,1.49,37.496713,126.957994,27874,469,1714,38,16.81,0.00,999.00,-55.2,0,150,0,2,-50,-50.0,100064,15,4,0.85,1,0,-4.39,-11.29,0
18:14:32,186.172,12621819,12621806,0,0,1,37.496714,126.957988,0.03,0.0,0,112.3,1,137.3,0,0.00,9.65,3.38,0.9986,23.72,2.949,473553,977511,0.031,1,193.5,"-0.90,0.70,9.59","3.2,0.1,1.0","-24.150,58.800,11.700",0.04,0.17,0.00,0,118647,100065,7,1.49,37.496713,126.957994,27874,469,1714,38,16.81,0.00,999.00,-55.2,0,150,0,2,-48,-49.6,100065,14,4,0.82,1,0,-4.39,-11.29,0
18:14:32,186.258,12621923,12621910,0,0,1,37.496714,126.957988,0.03,0.0,0,112.3,1,137.3,0,0.00,9.66,2.04,0.9987,23.48,2.963,473553,977522,0.031,1,193.5,"-0.87,0.72,9.60","-0.1,-1.1,-1.7","-24.150,59.250,11.400",0.06,0.18,0.00,0,118648,100066,7,1.49,37.496713,126.957994,27874,469,1714,38,16.81,0.00,999.00,-55.2,0,150,0,2,-48,-49.3,100066,13,4,0.80,1,0,-4.39,-11.29,0
18:14:32,186.341,12622015,12622014,0,0,1,37.496714,126.957988,0.03,0.0,0,112.3,1,137.3,0,0.00,9.68,3.76,0.9983,23.77,2.969,473553,977533,0.031,1,193.5,"-0.95,0.71,9.61","0.2,2.8,-2.5","-24.600,59.250,11.700",0.04,0.16,0.00,0,118649,100066,7,1.49,37.496713,126.957994,27874,469,1714,38,16.81,0.00,999.00,-55.2,0,150,0,2,-48,-49.3,100066,105,4,0.80,1,0,-4.39,-11.29,0
18:14:32,186.475,12622117,12622116,0,0,1,37.496714,126.957988,0.03,0.0,0,112.3,1,137.3,0,0.00,9.75,0.98,0.9987,23.47,2.970,473553,977545,0.031,1,193.5,"-0.89,0.68,9.68","0.6,-0.7,0.3","-24.600,59.250,11.400",0.08,0.19,0.00,0,118650,100067,7,1.49,37.496713,126.957994,27874,469,1714,38,16.81,0.00,999.00,-55.2,0,150,0,2,-50,-49.4,100067,100,4,0.81,1,0,-4.39,-11.29,0
18:14:32,186.676,12622218,12622217,0,0,1,37.496714,126.957988,0.03,0.0,0,112.3,1,137.3,0,0.00,9.71,1.07,0.9990,22.70,2.974,473553,977557,0.031,1,193.5,"-0.82,0.67,9.65","-0.8,-0.6,-0.4","-22.800,60.150,10.500",0.10,0.18,0.00,0,118651,100068,7,1.49,37.496713,126.957994,27874,469,1714,38,16.81,0.00,999.00,-55.2,0,150,0,2,-50,-49.6,100068,86,4,0.82,1,0,-4.39,-11.29,0
18:14:32,186.778,12622424,12622423,0,0,1,37.496714,126.957988,0.03,0.0,0,112.3,1,137.3,0,0.00,9.72,1.70,0.9986,23.51,2.972,473553,977580,0.031,1,193.5,"-0.94,0.58,9.65","1.2,1.1,-0.5","-24.150,59.550,11.400",0.12,0.14,0.00,0,118653,100070,7,1.49,37.496713,126.957994,27874,469,1714,38,16.81,0.00,999.00,-55.2,0,150,0,2,-49,-49.5,100070,90,4,0.81,1,0,-4.39,-11.29,0
18:14:33,186.892,12622525,12622524,0,0,1,37.496714,126.957988,0.03,0.0,0,112.3,1,137.3,0,0.00,9.67,1.78,0.9987,22.95,2.991,473553,977592,0.031,1,193.5,"-0.91,0.61,9.61","1.2,1.2,0.3","-24.750,59.850,10.800",0.06,0.18,0.00,0,118654,100071,7,1.49,37.496713,126.957994,27874,469,1714,38,16.81,0.00,999.00,-55.2,0,150,0,2,-48,-49.2,100071,84,4,0.80,1,0,-4.39,-11.29,0
18:14:33,187.013,12622626,12622625,0,0,1,37.496714,126.957989,0.02,0.0,0,112.3,1,137.3,0,0.00,9.73,2.55,0.9985,24.42,2.929,473553,977604,0.005,1,193.5,"-0.92,0.73,9.66","0.6,-1.9,-1.6","-23.850,58.350,12.450",0.08,0.18,0.00,0,118655,100072,7,1.49,37.496713,126.957995,27875,469,1714,38,16.81,0.00,999.00,-55.2,0,150,0,2,-48,-49.0,100072,81,4,0.80,1,0,-4.39,-11.29,0
18:14:33,187.123,12622727,12622726,0,0,1,37.496714,126.957989,0.02,0.0,0,112.3,1,137.3,0,0.00,9.58,2.84,0.9987,22.98,3.000,473553,977616,0.005,1,193.5,"-0.90,0.66,9.52","-0.7,1.8,-2.1","-24.750,60.150,10.800",0.09,0.15,0.00,0,118656,100073,7,1.49,37.496713,126.957995,27875,469,1714,38,17.37,0.00,999.00,-56.5,0,150,0,2,-48,-48.8,100073,75,4,0.80,1,0,-4.39,-11.29,0
18:14:33,187.193,12622828,12622827,0,0,1,37.496714,126.957989,0.02,0.0,0,112.3,1,137.3,0,0.00,9.54,2.74,0.9988,22.81,2.945,473553,977628,0.005,1,193.5,"-0.88,0.62,9.48","0.8,0.7,-2.5","-24.000,58.650,10.800",0.14,0.14,0.00,0,118657,100074,7,1.49,37.496713,126.957995,27875,469,1714,38,17.37,0.00,999.00,-56.5,0,150,0,2,-46,-48.2,100074,72,4,0.80,1,0,-4.39,-11.29,0
18:14:33,187.259,12622929,12622928,0,0,1,37.496714,126.957989,0.02,0.0,0,112.3,1,137.3,0,0.00,9.67,1.77,0.9990,24.00,3.019,473553,977640,0.005,1,193.5,"-0.83,0.67,9.61","0.9,1.3,-0.7","-24.150,61.200,11.700",0.08,0.15,0.00,0,118658,100075,7,1.49,37.496713,126.957995,27875,469,1714,38,17.37,0.00,999.00,-56.5,0,150,0,2,-49,-48.4,100075,68,4,0.80,1,0,-4.39,-11.29,0
18:14:33,187.327,12623030,12623029,0,0,1,37.496714,126.957989,0.02,0.0,0,112.3,1,137.3,0,0.00,9.68,1.87,0.9985,23.64,2.965,473553,977652,0.005,1,193.5,"-0.93,0.67,9.61","1.1,1.5,0.0","-24.000,59.400,11.550",0.02,0.15,0.00,0,118659,100076,7,1.49,37.496713,126.957995,27875,469,1714,38,17.37,0.00,999.00,-56.5,0,150,0,2,-47,-48.1,100076,63,4,0.80,1,0,-4.39,-11.29,0
18:14:33,187.509,12623131,12623130,0,0,1,37.496714,126.957989,0.02,0.0,0,112.3,1,137.3,0,0.00,9.65,0.76,0.9986,22.02,2.988,473553,977664,0.005,1,193.5,"-0.86,0.77,9.58","0.5,-0.5,-0.1","-24.900,59.550,9.900",0.10,0.17,0.00,0,118660,100077,7,1.49,37.496713,126.957995,27875,469,1714,38,17.37,0.00,999.00,-56.5,0,150,0,2,-47,-47.9,100077,51,4,0.80,1,0,-4.39,-11.29,0
18:14:33,187.608,12623231,12623230,0,0,1,37.496714,126.957989,0.02,0.0,0,112.3,1,137.3,0,0.00,9.68,1.07,0.9983,23.29,3.037,473553,977676,0.005,1,193.5,"-0.95,0.71,9.61","-0.2,0.9,-0.5","-24.600,61.500,10.950",0.05,0.19,0.00,0,118661,100078,7,1.49,37.496713,126.957995,27875,469,1714,38,17.14,0.00,999.00,-57.6,0,150,0,2,-46,-47.5,100078,53,4,0.80,1,0,-4.39,-11.29,0
18:14:33,187.728,12623331,12623330,0,0,1,37.496714,126.957989,0.02,0.0,0,112.3,1,137.3,0,0.00,9.66,2.58,0.9978,25.05,2.980,473553,977688,0.005,1,193.5,"-0.99,0.80,9.58","-1.4,2.0,-0.8","-24.150,60.000,12.900",0.13,0.16,0.00,0,118662,100079,7,1.49,37.496713,126.957995,27875,469,1714,38,17.14,0.00,999.00,-57.6,0,150,0,2,-47,-47.4,100079,48,4,0.80,1,0,-4.39,-11.29,0
18:14:33,187.825,12623436,12623435,0,0,1,37.496714,126.957989,0.02,0.0,0,112.3,1,137.3,0,0.00,9.62,2.44,0.9984,24.16,2.958,473553,977699,0.005,1,193.5,"-0.88,0.78,9.55","1.6,0.8,-1.7","-24.900,58.800,12.150",0.11,0.18,0.00,0,118663,100080,7,1.49,37.496713,126.957995,27875,469,1714,38,17.14,0.00,999.00,-57.6,0,150,0,2,-49,-47.7,100080,47,4,0.80,1,0,-4.39,-11.29,0
18:14:34,187.895,12623536,12623535,0,0,1,37.496714,126.957989,0.02,0.0,0,112.3,1,137.3,0,0.00,9.69,1.04,0.9981,23.72,2.945,473553,977711,0.005,1,193.5,"-0.89,0.87,9.62","0.5,-0.9,-0.2","-23.850,58.800,11.700",0.17,0.23,0.00,0,118664,100081,7,1.49,37.496713,126.957995,27875,469,1714,38,17.14,0.00,999.00,-57.6,0,150,0,2,-50,-48.2,100081,38,4,0.80,1,0,-4.39,-11.29,0
18:14:34,187.957,12623638,12623637,0,0,1,37.496714,126.957990,0.01,0.0,0,112.3,1,137.3,0,0.00,9.79,2.97,0.9987,24.33,2.967,473553,977723,0.005,1,193.5,"-0.87,0.75,9.72","1.1,2.7,-0.3","-25.200,58.950,12.300",0.12,0.20,0.00,0,118665,100082,7,1.49,37.496713,126.957997,27876,469,1714,38,17.37,0.00,999.00,-56.5,0,150,0,2,-48,-48.1,100082,35,4,0.80,1,0,-4.39,-11.29,0
18:14:34,188.024,12623741,12623740,0,0,1,37.496714,126.957990,0.01,0.0,0,112.3,1,137.3,0,0.00,9.63,2.97,0.9982,23.59,2.963,473553,977735,0.005,1,193.5,"-0.95,0.72,9.55","-0.0,-1.1,-2.8","-24.750,58.950,11.550",0.08,0.23,0.00,0,118666,100083,7,1.49,37.496713,126.957997,27876,469,1714,38,17.37,0.00,999.00,-56.5,0,150,0,2,-48,-48.1,100083,36,4,0.80,1,0,-4.39,-11.29,0
18:14:34,188.225,12623841,12623840,0,0,1,37.496714,126.957990,0.01,0.0,0,112.3,1,137.3,0,0.00,9.64,2.72,0.9980,22.04,2.998,473553,977747,0.005,1,193.5,"-1.01,0.71,9.56","2.4,-0.8,0.9","-22.800,60.900,9.750",0.11,0.14,0.00,0,118667,100084,7,1.49,37.496713,126.957997,27876,469,1714,38,17.37,0.00,999.00,-56.5,0,150,0,2,-48,-48.1,100084,28,4,0.80,1,0,-4.39,-11.29,0
18:14:34,188.342,12623942,12623941,0,0,1,37.496714,126.957990,0.01,0.0,0,112.3,1,137.3,0,0.00,9.80,3.09,0.9985,23.81,2.971,473553,977759,0.005,1,193.5,"-0.94,0.70,9.73","1.2,-2.8,-0.1","-24.150,59.550,11.700",0.11,0.17,0.00,0,118668,100085,7,1.49,37.496713,126.957997,27876,469,1714,38,17.37,0.00,999.00,-56.5,0,150,0,2,-48,-48.1,100085,24,4,0.80,1,0,-4.39,-11.29,0
18:14:34,188.425,12624043,12624042,0,0,1,37.496714,126.957990,0.01,0.0,0,112.3,1,137.3,0,0.00,9.71,3.07,0.9984,23.35,2.966,473553,977771,0.005,1,193.5,"-0.94,0.71,9.64","2.2,-2.0,0.7","-24.000,59.400,11.250",0.04,0.20,0.00,0,118669,100086,7,1.49,37.496713,126.957997,27876,469,1714,38,17.37,0.00,999.00,-56.5,0,150,0,2,-48,-48.1,100086,13,4,0.80,1,0,-4.39,-11.29,0
18:14:34,188.508,12624154,12624141,0,0,1,37.496714,126.957990,0.01,0.0,0,112.3,1,137.3,0,0.00,9.71,2.40,0.9986,24.88,2.981,473553,977783,0.005,1,193.5,"-0.93,0.60,9.64","0.8,-1.5,-1.7","-24.450,59.850,12.750",0.10,0.19,0.00,0,118670,100087,7,1.49,37.496713,126.957997,27876,469,1714,38,17.37,0.00,999.00,-56.5,0,150,0,2,-48,-48.0,100087,20,4,0.80,1,0,-4.39,-11.29,0
18:14:34,188.644,12624245,12624244,0,0,1,37.496714,126.957990,0.01,0.0,0,112.3,1,137.3,0,0.00,9.68,1.62,0.9987,23.82,3.009,473553,977794,0.005,1,193.5,"-0.89,0.68,9.62","0.5,-0.1,1.5","-24.000,60.900,11.550",0.03,0.19,0.00,0,118671,100087,7,1.49,37.496713,126.957997,27876,469,1714,38,17.37,0.00,999.00,-56.5,0,150,0,2,-48,-48.0,100087,111,4,0.80,1,0,-4.39,-11.29,0
18:14:34,188.741,12624345,12624344,0,0,1,37.496714,126.957990,0.01,0.0,0,112.3,1,137.3,0,0.00,9.60,1.44,0.9983,23.11,3.004,473553,977806,0.005,1,193.5,"-0.98,0.63,9.53","1.3,-0.4,-0.6","-25.350,60.000,10.950",0.11,0.15,0.00,0,118672,100088,7,1.49,37.496713,126.957997,27876,469,1714,38,17.14,0.00,999.00,-57.6,0,150,0,2,-47,-47.8,100088,98,4,0.80,1,0,-4.39,-11.29,0
18:14:34,188.862,12624449,12624448,0,0,1,37.496714,126.957990,0.01,0.0,0,112.3,1,137.3,0,0.00,9.61,1.86,0.9984,23.45,2.928,473553,977817,0.005,1,193.5,"-0.95,0.62,9.54","-0.0,0.6,-1.8","-24.750,57.750,11.550",0.09,0.16,0.00,0,118673,100089,7,1.49,37.496713,126.957997,27876,469,1714,38,17.14,0.00,999.00,-57.6,0,150,0,2,-48,-47.9,100089,99,4,0.80,1,0,-4.39,-11.29,0
18:14:35,188.958,12624550,12624549,0,0,1,37.496714,126.957990,0.01,0.0,0,112.3,1,137.3,0,0.00,9.55,2.48,0.9985,22.93,2.938,473553,977829,0.005,1,193.5,"-0.89,0.72,9.48","-1.6,0.1,-1.9","-24.150,58.350,10.950",0.13,0.16,0.00,0,118674,100090,7,1.49,37.496713,126.957997,27876,469,1714,38,17.71,0.00,999.00,-58.8,0,150,0,2,-49,-48.1,100090,98,4,0.80,1,0,-4.39,-11.29,0
18:14:35,189.028,12624651,12624650,0,0,1,37.496713,126.957990,0.01,0.0,0,112.3,1,137.3,0,0.00,9.58,2.01,0.9979,23.65,2.996,473553,977841,0.010,1,193.5,"-1.03,0.62,9.50","-0.9,1.7,-0.4","-23.400,60.750,11.400",0.16,0.16,0.00,0,118675,100091,7,1.49,37.496712,126.957998,27877,469,1714,38,17.71,0.00,999.00,-58.8,0,150,0,2,-49,-48.3,100091,96,4,0.80,1,0,-4.39,-11.29,0
18:14:35,189.148,12624752,12624751,0,0,1,37.496713,126.957990,0.01,0.0,0,112.3,1,137.3,0,0.00,9.71,3.71,0.9989,23.16,2.985,473553,977853,0.010,1,193.5,"-0.88,0.58,9.65","2.3,2.5,-1.4","-23.400,60.300,10.950",0.12,0.14,0.00,0,118676,100092,7,1.49,37.496712,126.957998,27877,469,1714,38,17.71,0.00,999.00,-58.8,0,150,0,2,-49,-48.4,100092,93,4,0.80,1,0,-4.39,-11.29,0
18:14:35,189.240,12624853,12624852,0,0,1,37.496713,126.957990,0.01,0.0,0,112.3,1,137.3,0,0.00,9.73,3.05,0.9984,24.75,2.946,473553,977865,0.010,1,193.5,"-0.92,0.75,9.65","1.3,0.7,-2.6","-24.450,58.650,12.750",0.08,0.21,0.00,0,118677,100093,7,1.49,37.496712,126.957998,27877,469,1714,38,17.71,0.00,999.00,-58.8,0,150,0,2,-52,-49.1,100093,90,4,0.80,1,0,-4.39,-11.29,0
18:14:35,189.359,12624954,12624953,0,0,1,37.496713,126.957990,0.01,0.0,0,112.3,1,137.3,0,0.00,9.55,2.78,0.9992,25.22,2.923,473553,977877,0.010,1,193.5,"-0.76,0.66,9.50","-1.8,-1.2,-1.8","-22.650,58.800,13.200",0.19,0.20,0.00,0,118678,100094,7,1.49,37.496712,126.957998,27877,469,1714,38,17.71,0.00,999.00,-58.8,0,150,0,2,-51,-49.5,100094,82,4,0.81,1,0,-4.39,-11.29,0
18:14:35,189.445,12625055,12625054,0,0,1,37.496713,126.957990,0.01,0.0,0,112.3,1,137.3,0,0.00,9.55,2.52,0.9983,22.76,2.985,473553,977889,0.010,1,193.5,"-0.93,0.72,9.48","-0.1,-1.7,-1.8","-24.900,59.550,10.650",0.13,0.16,0.00,0,118679,100095,7,1.49,37.496712,126.957998,27877,469,1714,38,17.71,0.00,999.00,-58.8,0,150,0,2,-56,-50.8,100095,80,4,0.92,1,0,-4.39,-11.29,0
18:14:35,189.564,12625155,12625154,0,0,1,37.496713,126.957990,0.01,0.0,0,112.3,1,137.3,0,0.00,9.69,3.54,0.9989,23.42,3.005,473553,977901,0.010,1,193.5,"-0.87,0.64,9.63","3.5,-0.4,0.4","-25.200,60.150,11.250",0.06,0.17,0.00,0,118680,100096,7,1.49,37.496712,126.957998,27877,469,1714,38,17.71,0.00,999.00,-58.8,0,150,0,2,-55,-51.6,100096,76,4,0.99,1,0,-4.39,-11.29,0
18:14:35,189.641,12625255,12625254,0,0,1,37.496713,126.957990,0.01,0.0,0,112.3,1,137.3,0,0.00,9.67,2.90,0.9986,22.90,2.961,473553,977913,0.010,1,193.5,"-0.95,0.57,9.61","-1.4,1.3,-2.2","-23.550,59.400,10.800",0.10,0.20,0.00,0,118681,100097,7,1.49,37.496712,126.957998,27877,469,1714,38,17.71,0.00,999.00,-58.8,0,150,0,2,-51,-51.5,100097,70,4,0.98,1,0,-4.39,-11.29,0
18:14:35,189.776,12625355,12625354,0,0,1,37.496713,126.957990,0.01,0.0,0,112.3,1,137.3,0,0.00,9.67,2.88,0.9993,22.85,2.954,473553,977925,0.010,1,193.5,"-0.78,0.57,9.62","0.5,2.8,-0.6","-24.000,58.950,10.800",0.17,0.19,0.00,0,118682,100098,7,1.49,37.496712,126.957998,27877,469,1714,38,17.71,0.00,999.00,-58.8,0,150,0,2,-52,-51.6,100098,64,4,0.99,1,0,-4.39,-11.29,0
18:14:36,189.873,12625459,12625458,0,0,1,37.496713,126.957990,0.01,0.0,0,112.3,1,137.3,0,0.00,9.74,0.90,0.9988,23.59,2.952,473553,977936,0.010,1,193.5,"-0.86,0.72,9.68","0.2,0.9,-0.1","-24.000,58.950,11.550",0.11,0.18,0.00,0,118683,100099,7,1.49,37.496712,126.957998,27877,469,1714,38,17.14,0.00,999.00,-57.6,0,150,0,2,-54,-52.1,100099,64,4,1.04,1,0,-4.39,-11.29,0
18:14:36,189.941,12625559,12625558,0,0,1,37.496713,126.957990,0.01,0.0,0,112.3,1,137.3,0,0.00,9.75,2.25,0.9984,23.26,2.950,473553,977948,0.010,1,193.5,"-0.91,0.78,9.67","-0.7,1.7,-1.3","-24.450,58.650,11.250",0.13,0.18,0.00,0,118684,100100,7,1.49,37.496712,126.957998,27877,469,1714,38,17.14,0.00,999.00,-57.6,0,150,0,2,-55,-52.7,100100,59,4,1.10,1,0,-4.39,-11.29,0
18:14:36,190.076,12625660,12625659,0,0,1,37.496714,126.957991,0.01,0.0,0,112.3,1,137.3,0,0.00,9.62,1.89,0.9986,23.77,2.962,473553,977960,0.010,1,193.5,"-0.93,0.59,9.56","-0.6,0.7,-1.6","-24.150,59.250,11.700",0.10,0.19,0.00,0,118685,100101,7,1.49,37.496714,126.957997,27878,469,1714,38,17.14,0.00,999.00,-57.6,0,150,0,2,-50,-52.1,100101,54,4,1.04,1,0,-4.39,-11.29,0
18:14:36,190.173,12625761,12625760,0,0,1,37.496714,126.957991,0.01,0.0,0,112.3,1,137.3,0,0.00,9.64,2.62,0.9984,23.70,2.972,473553,977972,0.010,1,193.5,"-0.88,0.79,9.57","-0.5,0.2,-2.6","-23.550,59.850,11.550",0.11,0.15,0.00,0,118686,100102,7,1.49,37.496714,126.957997,27878,469,1714,38,17.14,0.00,999.00,-57.6,0,150,0,2,-51,-51.9,100102,50,4,1.02,1,0,-4.39,-11.29,0
18:14:36,190.361,12625862,12625861,0,0,1,37.496714,126.957991,0.01,0.0,0,112.3,1,137.3,0,0.00,9.66,1.41,0.9985,24.14,2.987,473553,977984,0.010,1,193.5,"-0.93,0.68,9.59","-0.9,0.5,-1.0","-24.750,59.850,12.000",0.01,0.19,0.00,0,118687,100103,7,1.49,37.496714,126.957997,27878,469,1714,38,17.14,0.00,999.00,-57.6,0,150,0,2,-51,-51.7,100103,44,4,1.00,1,0,-4.39,-11.29,0
18:14:36,190.497,12626165,12626164,0,0,1,37.496714,126.957991,0.01,0.0,0,112.3,1,137.3,0,0.00,9.68,1.19,0.9985,22.55,2.945,473553,978020,0.010,1,193.5,"-0.91,0.72,9.61","0.3,0.1,-1.2","-23.250,58.950,10.500",0.04,0.21,0.00,0,118690,100106,7,1.49,37.496714,126.957997,27878,469,1714,38,17.14,0.00,999.00,-57.6,0,150,0,2,-49,-51.5,100106,29,4,0.99,1,0,-4.39,-11.29,0
18:14:36,190.605,12626266,12626265,0,0,1,37.496714,126.957991,0.01,0.0,0,112.3,1,137.3,0,0.00,9.75,3.02,0.9984,23.11,2.997,473553,978032,0.010,1,193.5,"-0.95,0.67,9.68","2.6,0.8,-1.2","-24.900,60.000,10.950",0.07,0.15,0.00,0,118691,100107,7,1.49,37.496714,126.957997,27878,469,1714,38,17.14,0.00,999.00,-57.6,0,150,0,2,-47,-50.6,100107,24,4,0.90,1,0,-4.39,-11.29,0
18:14:36,190.684,12626366,12626365,0,0,1,37.496714,126.957991,0.01,0.0,0,112.3,1,137.3,0,0.00,9.70,2.08,0.9987,22.18,2.947,473553,978044,0.010,1,193.5,"-0.94,0.51,9.64","1.8,1.1,-0.2","-24.600,58.350,10.200",0.17,0.19,0.00,0,118692,100108,7,1.49,37.496714,126.957997,27878,469,1714,38,17.14,0.00,999.00,-57.6,0,150,0,2,-48,-50.1,100108,20,4,0.86,1,0,-4.39,-11.29,0
18:14:36,190.756,12626469,12626468,0,0,1,37.496714,126.957991,0.01,0.0,0,112.3,1,137.3,0,0.00,9.61,2.36,0.9989,23.12,2.987,473553,978055,0.010,1,193.5,"-0.85,0.65,9.55","2.0,-1.3,-0.1","-24.150,60.000,10.950",0.11,0.24,0.00,0,118693,100109,7,1.49,37.496714,126.957997,27878,469,1714,38,17.14,0.00,999.00,-57.6,0,150,0,2,-47,-49.5,100109,16,4,0.81,1,0,-4.39,-11.29,0
18:14:37,191.088,12626570,12626569,0,0,1,37.496714,126.957991,0.01,0.0,0,112.3,1,137.3,0,0.00,9.68,2.72,0.9984,23.43,2.999,473553,978067,0.010,1,193.5,"-0.96,0.64,9.61","0.4,-2.5,1.1","-24.750,60.150,11.250",0.05,0.18,0.00,0,118694,100110,7,1.49,37.496714,126.957997,27878,469,1714,38,17.14,0.00,999.00,-57.6,0,150,0,2,-47,-49.0,100110,12,4,0.80,1,0,-4.39,-11.29,0
18:14:37,191.185,12626785,12626772,0,0,1,37.496714,126.957991,0.02,0.0,0,112.3,1,137.3,0,0.00,9.61,1.81,0.9986,23.56,2.985,473553,978090,0.026,1,193.5,"-0.90,0.69,9.54","-0.6,-1.3,1.1","-24.150,60.000,11.400",0.08,0.12,0.00,0,118696,100112,7,1.49,37.496714,126.957997,27879,469,1714,38,17.14,0.00,999.00,-57.6,0,150,0,2,-46,-48.2,100112,17,4,0.80,1,0,-4.39,-11.29,0
18:14:37,191.193,12626888,12626875,0,0,1,37.496714,126.957991,0.02,0.0,0,112.3,1,137.3,0,-0.58,9.66,3.65,0.9981,23.59,2.958,473553,978101,0.026,1,193.5,"-1.01,0.63,9.59","1.8,0.0,3.2","-24.450,58.950,11.550",0.10,0.19,0.00,0,118697,100113,7,1.49,37.496714,126.957997,27879,469,1714,38,17.14,0.00,999.00,-57.6,0,150,0,2,-45,-47.6,100113,14,4,0.80,1,0,-4.39,-11.29,0
18:14:37,191.388,12626980,12626979,0,0,1,37.496714,126.957991,0.02,0.0,0,112.3,1,137.3,0,0.00,9.68,1.70,0.9983,22.81,2.998,473553,978112,0.026,1,193.5,"-0.88,0.82,9.61","-0.4,1.3,-1.0","-24.900,60.000,10.650",0.14,0.15,0.00,0,118698,100114,7,1.49,37.496714,126.957997,27879,469,1714,38,17.14,0.00,999.00,-57.6,0,150,0,2,-50,-48.1,100114,0,4,0.80,1,0,-4.39,-11.29,0
18:14:37,191.490,12627181,12627180,0,0,1,37.496714,126.957991,0.02,0.0,0,112.3,1,137.3,0,0.00,9.63,3.70,0.9981,23.35,2.949,473553,978136,0.026,1,193.5,"-0.98,0.73,9.56","1.4,-2.8,2.0","-22.800,59.400,11.250",0.08,0.17,0.00,0,118700,100115,7,1.49,37.496714,126.957997,27879,469,1714,38,17.14,0.00,999.00,-57.6,0,150,0,2,-47,-47.9,100115,96,4,0.80,1,0,-4.39,-11.29,0
18:14:37,191.568,12627282,12627281,0,0,1,37.496714,126.957991,0.02,0.0,0,112.3,1,137.3,0,0.00,9.57,2.12,0.9987,23.94,3.028,473553,978148,0.026,1,193.5,"-0.89,0.67,9.50","1.6,-1.1,-0.9","-25.650,60.750,11.700",0.10,0.17,0.00,0,118701,100116,7,1.49,37.496714,126.957997,27879,469,1714,38,17.14,0.00,999.00,-57.6,0,150,0,2,-47,-47.7,100116,91,4,0.80,1,0,-4.39,-11.29,0
18:14:37,191.688,12627382,12627381,0,0,1,37.496714,126.957991,0.02,0.0,0,112.3,1,137.3,0,0.00,9.68,2.44,0.9984,23.47,2.981,473553,978160,0.026,1,193.5,"-0.91,0.74,9.61","-2.1,0.3,-1.2","-25.350,59.250,11.400",0.05,0.17,0.00,0,118702,100117,7,1.49,37.496714,126.957997,27879,469,1714,38,17.14,0.00,999.00,-57.6,0,150,0,2,-49,-47.9,100117,84,4,0.80,1,0,-4.39,-11.29,0
18:14:37,191.784,12627486,12627485,0,0,1,37.496714,126.957991,0.02,0.0,0,112.3,1,137.3,0,0.00,9.73,1.55,0.9991,22.77,2.922,473553,978171,0.026,1,193.5,"-0.83,0.62,9.68","1.0,-0.6,1.0","-23.250,58.200,10.800",0.14,0.22,0.00,0,118703,100118,7,1.49,37.496714,126.957997,27879,469,1714,38,17.14,0.00,999.00,-57.6,0,150,0,2,-51,-48.6,100118,84,4,0.80,1,0,-4.39,-11.29,0
18:14:38,191.923,12627587,12627586,0,0,1,37.496714,126.957992,0.01,0.0,0,112.3,1,137.3,0,0.00,9.73,2.73,0.9986,25.30,2.972,473553,978183,0.010,1,193.5,"-0.89,0.74,9.66","1.3,-2.2,0.9","-24.600,59.550,13.200",0.08,0.15,0.00,0,118704,100119,8,1.49,37.496714,126.957997,27880,469,1714,38,17.14,0.00,999.00,-57.6,0,150,0,2,-48,-48.4,100119,75,4,0.80,1,0,-4.39,-11.29,0
18:14:38,191.991,12627689,12627688,0,0,1,37.496714,126.957992,0.01,0.0,0,112.3,1,137.3,0,0.00,9.68,0.23,0.9989,24.47,2.995,473553,978195,0.010,1,193.5,"-0.89,0.54,9.62","-0.0,0.0,0.2","-24.750,60.150,12.300",0.15,0.19,0.00,0,118705,100120,8,1.49,37.496714,126.957997,27880,469,1714,38,17.14,0.00,999.00,-57.6,0,150,0,2,-48,-48.4,100120,76,4,0.80,1,0,-4.39,-11.29,0
18:14:38,192.122,12627790,12627789,0,0,1,37.496714,126.957992,0.01,0.0,0,112.3,1,137.3,0,0.00,9.70,3.37,0.9987,23.81,2.977,473553,978207,0.010,1,193.5,"-0.91,0.67,9.63","-0.7,1.0,-3.1","-24.600,59.550,11.700",0.04,0.19,0.00,0,118706,100121,8,1.49,37.496714,126.957997,27880,469,1714,38,17.14,0.00,999.00,-57.6,0,150,0,2,-47,-48.1,100121,71,4,0.80,1,0,-4.39,-11.29,0
18:14:38,192.218,12627891,12627890,0,0,1,37.496714,126.957992,0.01,0.0,0,112.3,1,137.3,0,0.00,9.71,1.93,0.9984,23.20,3.004,473553,978219,0.010,1,193.5,"-0.94,0.68,9.64","-0.9,-0.9,-1.4","-23.850,60.750,10.950",0.03,0.22,0.00,0,118707,100122,8,1.49,37.496714,126.957997,27880,469,1714,38,17.14,0.00,999.00,-57.6,0,150,0,2,-47,-47.9,100122,57,4,0.80,1,0,-4.39,-11.29,0
18:14:38,192.369,12627992,12627991,0,0,1,37.496714,126.957992,0.01,0.0,0,112.3,1,137.3,0,0.00,9.66,3.73,0.9992,24.22,2.967,473553,978231,0.010,1,193.5,"-0.76,0.68,9.61","-3.6,0.4,-0.9","-24.600,59.250,12.150",0.16,0.16,0.00,0,118708,100123,8,1.49,37.496714,126.957997,27880,469,1714,38,17.14,0.00,999.00,-57.6,0,150,0,2,-48,-47.9,100123,55,4,0.80,1,0,-4.39,-11.29,0
18:14:38,192.385,12628093,12628092,0,0,1,37.496714,126.957992,0.01,0.0,0,112.3,1,137.3,0,0.00,9.80,2.71,0.9982,22.89,2.978,473553,978243,0.010,1,193.5,"-0.96,0.78,9.72","2.3,1.2,-0.8","-24.750,59.400,10.800",0.14,0.28,0.00,0,118709,100124,8,1.49,37.496714,126.957997,27880,469,1714,38,17.14,0.00,999.00,-57.6,0,150,0,2,-48,-47.9,100124,54,4,0.80,1,0,-4.39,-11.29,0
18:14:38,192.518,12628194,12628193,0,0,1,37.496714,126.957992,0.01,0.0,0,112.3,1,137.3,0,0.00,9.67,2.14,0.9975,24.44,2.982,473553,978255,0.010,1,193.5,"-1.02,0.82,9.58","-0.9,-0.1,1.9","-24.450,59.850,12.300",0.17,0.17,0.00,0,118710,100125,8,1.49,37.496714,126.957997,27880,469,1714,38,17.14,0.00,999.00,-57.6,0,150,0,2,-49,-48.1,100125,52,4,0.80,1,0,-4.39,-11.29,0
18:14:38,192.600,12628301,12628300,0,0,1,37.496714,126.957992,0.01,0.0,0,112.3,1,137.3,0,0.00,9.53,2.27,0.9986,24.26,2.969,473553,978268,0.010,1,193.5,"-0.90,0.64,9.46","-0.5,1.9,-1.1","-24.150,59.550,12.150",0.16,0.16,0.00,0,118711,100126,8,1.49,37.496714,126.957997,27880,469,1714,38,17.14,0.00,999.00,-57.6,0,150,0,2,-48,-48.1,100126,49,4,0.80,1,0,-4.39,-11.29,0
18:14:38,192.734,12628417,12628393,0,0,1,37.496714,126.957992,0.01,0.0,0,112.3,1,137.3,0,0.00,9.65,2.92,0.9986,23.20,2.937,473553,978279,0.010,1,193.5,"-0.91,0.65,9.59","1.9,-1.9,-1.1","-24.450,58.200,11.250",0.05,0.15,0.00,0,118712,100127,8,1.49,37.496714,126.957997,27880,469,1714,38,17.14,0.00,999.00,-57.6,0,150,0,2,-48,-48.1,100127,63,4,0.80,1,0,-4.39,-11.29,0
18:14:39,192.925,12628509,12628508,0,0,1,37.496714,126.957992,0.01,0.0,0,112.3,1,137.3,0,0.00,9.73,3.39,0.9984,22.82,2.983,473553,978290,0.010,1,193.5,"-0.90,0.78,9.66","2.5,-2.3,0.2","-23.850,60.000,10.650",0.09,0.15,0.00,0,118713,100128,8,1.49,37.496714,126.957997,27880,469,1714,38,17.37,0.00,999.00,-56.5,0,150,0,2,-48,-48.1,100128,51,4,0.80,1,0,-4.39,-11.29,0
18:14:39,193.025,12628711,12628710,0,0,1,37.496714,126.957992,0.01,0.0,0,112.3,1,137.3,0,0.00,9.69,0.83,0.9986,24.03,2.968,473553,978314,0.015,1,193.5,"-0.92,0.66,9.62","0.3,0.8,0.0","-25.200,58.950,12.000",0.03,0.13,0.00,0,118715,100130,8,1.49,37.496714,126.957996,27881,469,1714,38,17.14,0.00,999.00,-57.6,0,150,0,2,-48,-48.0,100130,43,4,0.80,1,0,-4.39,-11.29,0
18:14:39,193.154,12628812,12628811,0,0,1,37.496714,126.957992,0.01,0.0,0,112.3,1,137.3,0,0.00,9.62,3.54,0.9988,23.72,2.949,473553,978326,0.015,1,193.5,"-0.89,0.62,9.56","-0.8,-0.2,-3.4","-24.150,58.800,11.700",0.08,0.16,0.00,0,118716,100131,8,1.49,37.496714,126.957996,27881,469,1714,38,17.14,0.00,999.00,-57.6,0,150,0,2,-47,-47.8,100131,38,4,0.80,1,0,-4.39,-11.29,0
18:14:39,193.252,12628913,12628912,0,0,1,37.496714,126.957992,0.01,0.0,0,112.3,1,137.3,0,0.00,9.81,1.72,0.9987,23.06,2.973,473553,978338,0.015,1,193.5,"-0.86,0.76,9.74","-1.6,0.5,-0.5","-24.150,59.550,10.950",0.16,0.19,0.00,0,118717,100132,8,1.49,37.496714,126.957996,27881,469,1714,38,17.14,0.00,999.00,-57.6,0,150,0,2,-46,-47.5,100132,34,4,0.80,1,0,-4.39,-11.29,0
18:14:39,193.324,12629014,12629013,0,0,1,37.496714,126.957992,0.01,0.0,0,112.3,1,137.3,0,0.00,9.69,1.17,0.9987,23.51,2.913,473553,978350,0.015,1,193.5,"-0.90,0.67,9.62","0.4,1.1,0.3","-22.800,58.200,11.550",0.03,0.19,0.00,0,118718,100133,8,1.49,37.496714,126.957996,27881,469,1714,38,17.14,0.00,999.00,-57.6,0,150,0,2,-45,-47.0,100133,29,4,0.80,1,0,-4.39,-11.29,0
18:14:39,193.535,12629115,12629114,0,0,1,37.496714,126.957992,0.01,0.0,0,112.3,1,137.3,0,0.00,9.72,1.92,0.9985,22.37,2.989,473553,978362,0.015,1,193.5,"-0.93,0.68,9.65","-0.0,0.1,-1.9","-24.150,60.000,10.200",0.06,0.18,0.00,0,118719,100134,8,1.49,37.496714,126.957996,27881,469,1714,38,17.14,0.00,999.00,-57.6,0,150,0,2,-47,-47.0,100134,24,4,0.80,1,0,-4.39,-11.29,0
18:14:39,193.684,12629323,12629322,0,0,1,37.496714,126.957992,0.01,0.0,0,112.3,1,137.3,0,0.00,9.76,1.57,0.9980,23.15,3.002,473553,978387,0.015,1,193.5,"-0.98,0.78,9.68","-1.5,-0.2,-0.0","-24.600,60.300,10.950",0.13,0.19,0.00,0,118721,100136,8,1.49,37.496714,126.957996,27881,469,1714,38,17.14,0.00,999.00,-57.6,0,150,0,2,-44,-45.7,100136,21,4,0.80,1,0,-4.39,-11.29,0
18:14:39,193.769,12629427,12629426,0,0,1,37.496714,126.957992,0.01,0.0,0,112.3,1,137.3,0,0.00,9.70,2.44,0.9982,23.70,2.972,473553,978398,0.015,1,193.5,"-0.90,0.83,9.62","0.2,1.6,-1.8","-23.550,59.850,11.550",0.14,0.16,0.00,0,118722,100137,8,1.49,37.496714,126.957996,27881,469,1714,38,17.14,0.00,999.00,-57.6,0,150,0,2,-47,-46.0,100137,20,4,0.80,1,0,-4.39,-11.29,0
18:14:39,193.835,12629527,12629526,0,0,1,37.496714,126.957992,0.01,0.0,0,112.3,1,137.3,0,0.00,9.63,2.69,0.9981,23.56,2.996,473553,978410,0.015,1,193.5,"-0.99,0.68,9.55","-0.8,2.2,-1.3","-24.900,60.000,11.400",0.08,0.25,0.00,0,118723,100138,8,1.49,37.496714,126.957996,27881,469,1714,38,17.14,0.00,999.00,-57.6,0,150,0,2,-47,-46.2,100138,15,4,0.80,1,0,-4.39,-11.29,0
18:14:40,193.971,12629627,12629627,0,0,1,37.496714,126.957992,0.02,0.0,0,112.3,1,137.3,0,0.00,9.69,1.98,0.9989,22.65,2.988,473553,978422,0.021,1,193.5,"-0.89,0.54,9.64","0.8,-0.2,-1.8","-24.450,59.850,10.500",0.16,0.17,0.00,0,118724,100139,8,1.49,37.496714,126.957996,27882,469,1714,38,17.14,0.00,999.00,-57.6,0,150,0,2,-47,-46.4,100139,10,4,0.80,1,0,-4.39,-11.29,0
18:14:40,194.068,12629740,12629727,0,0,1,37.496714,126.957992,0.02,0.0,0,112.3,1,137.3,0,0.00,9.70,1.59,0.9981,22.81,3.005,473553,978434,0.021,1,193.5,"-1.02,0.64,9.62","1.6,-0.3,-0.1","-25.350,60.000,10.650",0.11,0.11,0.00,0,118725,100140,8,1.49,37.496714,126.957996,27882,469,1714,38,17.14,0.00,999.00,-57.6,0,150,0,2,-47,-46.5,100140,19,4,0.80,1,0,-4.39,-11.29,0
18:14:40,194.141,12629843,12629830,0,0,1,37.496714,126.957992,0.02,0.0,0,112.3,1,137.3,0,0.00,9.57,1.89,0.9978,23.81,2.971,473553,978445,0.021,1,193.5,"-1.00,0.77,9.49","1.3,-1.3,-0.4","-24.150,59.550,11.700",0.16,0.17,0.00,0,118726,100141,8,1.49,37.496714,126.957996,27882,469,1714,38,17.14,0.00,999.00,-57.6,0,150,0,2,-49,-47.0,100141,15,4,0.80,1,0,-4.39,-11.29,0
18:14:40,194.272,12629934,12629933,0,0,1,37.496714,126.957992,0.02,0.0,0,112.3,1,137.3,0,0.00,9.63,3.73,0.9980,23.77,2.962,473553,978456,0.021,1,193.5,"-1.01,0.68,9.55","1.2,3.2,-1.5","-24.150,59.250,11.700",0.11,0.18,0.00,0,118727,100141,8,1.49,37.496714,126.957996,27882,469,1714,38,17.14,0.00,999.00,-57.6,0,150,0,2,-49,-47.0,100141,106,4,0.80,1,0,-4.39,-11.29,0
18:14:40,194.367,12630035,12630034,0,0,1,37.496714,126.957992,0.02,0.0,0,112.3,1,137.3,0,0.00,9.60,3.15,0.9984,23.02,2.975,473553,978468,0.021,1,193.5,"-0.95,0.65,9.53","-0.8,1.4,-2.7","-24.900,59.250,10.950",0.11,0.21,0.00,0,118728,100142,8,1.49,37.496714,126.957996,27882,469,1714,38,17.14,0.00,999.00,-57.6,0,150,0,2,-48,-47.2,100142,101,4,0.80,1,0,-4.39,-11.29,0
18:14:40,194.453,12630136,12630135,0,0,1,37.496714,126.957992,0.02,0.0,0,112.3,1,137.3,0,0.00,9.65,1.31,0.9982,24.04,2.950,473553,978480,0.021,1,193.5,"-1.01,0.55,9.59","-0.0,-1.2,-0.6","-24.000,58.950,12.000",0.17,0.17,0.00,0,118729,100143,8,1.49,37.496714,126.957996,27882,469,1714,38,17.14,0.00,999.00,-57.6,0,150,0,2,-47,-47.2,100143,96,4,0.80,1,0,-4.39,-11.29,0
18:14:40,194.587,12630237,12630236,0,0,1,37.496714,126.957992,0.02,0.0,0,112.3,1,137.3,0,0.00,9.82,2.08,0.9982,23.59,2.945,473553,978492,0.021,1,193.5,"-1.01,0.63,9.74","1.2,-0.4,-1.7","-23.550,58.950,11.550",0.16,0.21,0.00,0,118730,100144,8,1.49,37.496714,126.957996,27882,469,1714,38,17.14,0.00,999.00,-57.6,0,150,0,2,-48,-47.3,100144,91,4,0.80,1,0,-4.39,-11.29,0
18:14:40,194.687,12630337,12630336,0,0,1,37.496714,126.957992,0.02,0.0,0,112.3,1,137.3,0,0.00,9.78,2.17,0.9984,22.60,2.968,473553,978504,0.021,1,193.5,"-0.99,0.60,9.71","-0.4,1.3,1.7","-24.000,59.400,10.500",0.14,0.17,0.00,0,118731,100145,8,1.49,37.496714,126.957996,27882,469,1714,38,17.14,0.00,999.00,-57.6,0,150,0,2,-49,-47.7,100145,86,4,0.80,1,0,-4.39,-11.29,0
18:14:40,194.758,12630441,12630440,0,0,1,37.496714,126.957992,0.02,0.0,0,112.3,1,137.3,0,0.00,9.60,2.07,0.9982,23.95,2.928,473553,978515,0.021,1,193.5,"-0.96,0.68,9.52","2.0,0.1,0.4","-24.000,58.200,12.000",0.10,0.16,0.00,0,118732,100146,8,1.49,37.496714,126.957996,27882,469,1714,38,17.14,0.00,999.00,-57.6,0,150,0,2,-48,-47.7,100146,85,4,0.80,1,0,-4.39,-11.29,0
18:14:41,194.888,12630541,12630540,0,0,1,37.496714,126.957992,0.02,0.0,0,112.3,1,137.3,0,0.00,9.64,1.69,0.9981,24.44,2.982,473553,978527,0.021,1,193.5,"-0.95,0.75,9.57","1.6,0.4,-0.4","-24.450,59.850,12.300",0.07,0.18,0.00,0,118733,100147,8,1.49,37.496714,126.957996,27882,469,1714,38,17.37,0.00,999.00,-56.5,0,150,0,2,-48,-47.8,100147,80,4,0.80,1,0,-4.39,-11.29,0
18:14:41,194.968,12630642,12630641,0,0,1,37.496714,126.957993,0.01,0.0,0,112.3,1,137.3,0,0.00,9.69,1.88,0.9986,25.20,2.973,473553,978539,0.005,1,193.5,"-0.88,0.74,9.62","1.3,0.5,1.3","-26.100,58.800,13.200",0.06,0.20,0.00,0,118734,100148,8,1.49,37.496714,126.957995,27883,469,1714,38,17.37,0.00,999.00,-56.5,0,150,0,2,-47,-47.6,100148,75,4,0.80,1,0,-4.39,-11.29,0
18:14:41,195.118,12630743,12630742,0,0,1,37.496714,126.957993,0.01,0.0,0,112.3,1,137.3,0,0.00,9.74,2.36,0.9983,24.00,2.942,473553,978551,0.005,1,193.5,"-0.97,0.67,9.67","2.3,-0.5,-0.2","-24.000,58.650,12.000",0.08,0.19,0.00,0,118735,100149,8,1.49,37.496714,126.957995,27883,469,1714,38,17.37,0.00,999.00,-56.5,0,150,0,2,-47,-47.5,100149,71,4,0.80,1,0,-4.39,-11.29,0
18:14:41,195.186,12630844,12630843,0,0,1,37.496714,126.957993,0.01,0.0,0,112.3,1,137.3,0,0.00,9.72,4.16,0.9983,23.81,2.960,473553,978563,0.005,1,193.5,"-0.98,0.63,9.65","3.4,-1.3,2.0","-23.400,59.550,11.700",0.09,0.20,0.00,0,118736,100150,8,1.49,37.496714,126.957995,27883,469,1714,38,17.37,0.00,999.00,-56.5,0,150,0,2,-47,-47.4,100150,65,4,0.80,1,0,-4.39,-11.29,0
18:14:41,195.268,12630945,12630944,0,0,1,37.496714,126.957993,0.01,0.0,0,112.3,1,137.3,0,0.00,9.72,2.02,0.9985,22.73,2.966,473553,978575,0.005,1,193.5,"-0.96,0.61,9.65","0.5,-2.0,0.0","-24.150,59.250,10.650",0.09,0.18,0.00,0,118737,100151,8,1.49,37.496714,126.957995,27883,469,1714,38,17.37,0.00,999.00,-56.5,0,150,0,2,-49,-47.7,100151,55,4,0.80,1,0,-4.39,-11.29,0
18:14:41,195.391,12631046,12631045,0,0,1,37.496714,126.957993,0.01,0.0,0,112.3,1,137.3,0,0.00,9.71,1.33,0.9986,22.14,2.943,473553,978587,0.005,1,193.5,"-0.84,0.80,9.64","0.7,-0.0,-1.1","-24.900,58.050,10.200",0.15,0.17,0.00,0,118738,100152,8,1.49,37.496714,126.957995,27883,469,1714,38,17.37,0.00,999.00,-56.5,0,150,0,2,-48,-47.8,100152,54,4,0.80,1,0,-4.39,-11.29,0
18:14:41,195.485,12631147,12631146,0,0,1,37.496714,126.957993,0.01,0.0,0,112.3,1,137.3,0,0.00,9.69,3.20,0.9985,25.35,2.975,473553,978599,0.005,1,193.5,"-0.91,0.74,9.62","1.5,-2.0,2.0","-23.850,60.000,13.200",0.06,0.20,0.00,0,118739,100153,8,1.49,37.496714,126.957995,27883,469,1714,38,17.37,0.00,999.00,-56.5,0,150,0,2,-47,-47.6,100153,36,4,0.80,1,0,-4.39,-11.29,0
18:14:41,195.610,12631248,12631247,0,0,1,37.496714,126.957993,0.01,0.0,0,112.3,1,137.3,0,0.00,9.66,2.20,0.9985,22.62,2.946,473553,978611,0.005,1,193.5,"-0.92,0.69,9.59","2.1,-0.4,0.4","-24.600,58.350,10.650",0.02,0.20,0.00,0,118740,100154,8,1.49,37.496714,126.957995,27883,469,1714,38,17.37,0.00,999.00,-56.5,0,150,0,2,-45,-47.1,100154,47,4,0.80,1,0,-4.39,-11.29,0
18:14:41,195.702,12631348,12631347,0,0,1,37.496714,126.957993,0.01,0.0,0,112.3,1,137.3,0,0.00,9.62,3.80,0.9989,23.56,2.932,473553,978623,0.005,1,193.5,"-0.84,0.68,9.56","2.5,1.0,-2.7","-23.250,58.650,11.550",0.10,0.16,0.00,0,118741,100155,8,1.49,37.496714,126.957995,27883,469,1714,38,17.37,0.00,999.00,-56.5,0,150,0,2,-44,-46.5,100155,32,4,0.80,1,0,-4.39,-11.29,0
18:14:41,195.774,12631452,12631451,0,0,1,37.496714,126.957993,0.01,0.0,0,112.3,1,137.3,0,0.00,9.69,2.56,0.9983,23.23,2.909,473553,978634,0.005,1,193.5,"-0.94,0.75,9.61","-0.7,-2.4,0.5","-24.600,57.150,11.400",0.07,0.18,0.00,0,118742,100156,8,1.49,37.496714,126.957995,27883,469,1714,38,17.37,0.00,999.00,-56.5,0,150,0,2,-45,-46.2,100156,24,4,0.80,1,0,-4.39,-11.29,0
18:14:41,195.834,12631553,12631552,0,0,1,37.496714,126.957993,0.01,0.0,0,112.3,1,137.3,0,0.00,9.66,2.79,0.9986,22.93,2.923,473553,978646,0.005,1,193.5,"-0.89,0.73,9.59","-0.8,0.3,-2.6","-23.100,58.350,10.950",0.07,0.14,0.00,0,118743,100157,8,1.49,37.496714,126.957995,27883,469,1714,38,17.37,0.00,999.00,-56.5,0,150,0,2,-45,-45.9,100157,32,4,0.80,1,0,-4.39,-11.29,0
18:14:42,196.010,12631654,12631653,0,0,1,37.496714,126.957993,0.01,0.0,0,112.3,1,137.3,0,0.00,9.70,1.53,0.9982,24.03,2.913,473553,978658,0.010,1,193.5,"-0.97,0.74,9.62","-0.1,1.2,-0.9","-24.150,57.600,12.150",0.07,0.14,0.00,0,118744,100158,8,1.05,37.496715,126.957994,27884,469,1714,38,17.37,0.00,999.00,-56.5,0,150,0,2,-45,-45.8,100158,31,4,0.80,1,0,-4.39,-11.29,0
18:14:42,196.118,12631755,12631754,0,0,1,37.496714,126.957993,0.01,0.0,0,112.3,1,137.3,0,0.00,9.87,2.84,0.9981,24.25,2.976,473553,978670,0.010,1,193.5,"-0.98,0.76,9.79","1.0,2.5,0.9","-24.600,59.550,12.150",0.20,0.20,0.00,0,118745,100159,8,1.05,37.496715,126.957994,27884,469,1714,38,17.37,0.00,999.00,-56.5,0,150,0,2,-45,-45.6,100159,26,4,0.80,1,0,-4.39,-11.29,0
18:14:42,196.190,12631856,12631855,0,0,1,37.496714,126.957993,0.01,0.0,0,112.3,1,137.3,0,0.00,9.68,1.72,0.9986,23.87,2.973,473553,978682,0.010,1,193.5,"-0.87,0.76,9.61","1.5,-0.4,0.7","-23.400,60.000,11.700",0.09,0.15,0.00,0,118746,100160,8,1.05,37.496715,126.957994,27884,469,1714,38,17.37,0.00,999.00,-56.5,0,150,0,2,-46,-45.7,100160,22,4,0.80,1,0,-4.39,-11.29,0
18:14:42,196.388,12631957,12631956,0,0,1,37.496714,126.957993,0.01,0.0,0,112.3,1,137.3,0,0.00,9.64,4.08,0.9984,23.56,2.991,473553,978694,0.010,1,193.5,"-0.94,0.65,9.57","0.2,3.2,-2.5","-24.600,60.000,11.400",0.06,0.26,0.00,0,118747,100161,8,1.05,37.496715,126.957994,27884,469,1714,38,17.37,0.00,999.00,-56.5,0,150,0,2,-45,-45.5,100161,18,4,0.80,1,0,-4.39,-11.29,0
18:14:42,196.502,12632176,12632163,0,0,1,37.496714,126.957993,0.01,0.0,0,112.3,1,137.3,0,0.59,9.69,4.19,0.9986,23.63,2.949,473553,978719,0.010,1,193.5,"-0.87,0.74,9.62","0.1,-0.1,-4.2","-25.650,58.050,11.700",0.09,0.12,0.00,0,118749,100163,8,1.05,37.496715,126.957994,27884,469,1714,38,17.37,0.00,999.00,-56.5,0,150,0,2,-49,-46.5,100163,18,4,0.80,1,0,-4.39,-11.29,0
18:14:42,196.637,12632268,12632267,0,0,1,37.496714,126.957993,0.01,0.0,0,112.3,1,137.3,0,0.00,9.86,1.42,0.9988,23.26,2.944,473553,978730,0.010,1,193.5,"-0.91,0.60,9.80","-0.8,-0.0,-1.2","-24.000,58.650,11.250",0.19,0.19,0.00,0,118750,100164,8,1.05,37.496715,126.957994,27884,469,1714,38,17.37,0.00,999.00,-56.5,0,150,0,2,-48,-46.8,100164,11,4,0.80,1,0,-4.39,-11.29,0
18:14:42,196.735,12632380,12632367,0,0,1,37.496714,126.957993,0.01,0.0,0,112.3,1,137.3,0,0.00,9.66,0.65,0.9987,23.37,2.943,473553,978742,0.010,1,193.5,"-0.87,0.70,9.59","-0.6,-0.0,0.2","-24.600,58.350,11.400",0.08,0.16,0.00,0,118751,100165,8,1.05,37.496715,126.957994,27884,469,1714,38,17.37,0.00,999.00,-56.5,0,150,0,2,-47,-46.8,100165,19,4,0.80,1,0,-4.39,-11.29,0
18:14:42,196.808,12632487,12632474,0,0,1,37.496714,126.957993,0.01,0.0,0,112.3,1,137.3,0,0.00,9.67,2.91,0.9986,24.75,2.928,473553,978752,0.010,1,193.5,"-0.91,0.66,9.60","-1.2,2.4,-1.1","-23.250,58.650,12.750",0.04,0.19,0.00,0,118752,100166,8,1.05,37.496715,126.957994,27884,469,1714,38,17.14,0.00,999.00,-57.6,0,150,0,2,-48,-47.1,100166,21,4,0.80,1,0,-4.39,-11.29,0
18:14:43,196.937,12632590,12632578,0,0,1,37.496714,126.957993,0.02,0.0,0,112.3,1,137.3,0,0.00,9.68,2.36,0.9985,23.64,2.965,473553,978763,0.021,1,193.5,"-0.92,0.70,9.61","1.4,-1.8,0.4","-24.000,59.400,11.550",0.03,0.19,0.00,0,118753,100167,8,1.05,37.496714,126.957994,27885,469,1714,38,17.14,0.00,999.00,-57.6,0,150,0,2,-46,-46.8,100167,16,4,0.80,1,0,-4.39,-11.29,0
18:14:43,197.033,12632694,12632681,0,0,1,37.496714,126.957993,0.02,0.0,0,112.3,1,137.3,0,0.00,9.64,4.60,0.9988,23.12,2.982,473553,978774,0.021,1,193.5,"-0.81,0.76,9.58","1.1,-3.9,2.1","-23.850,60.000,10.950",0.15,0.15,0.00,0,118754,100168,8,1.05,37.496714,126.957994,27885,469,1714,38,17.14,0.00,999.00,-57.6,0,150,0,2,-48,-47.1,100168,17,4,0.80,1,0,-4.39,-11.29,0
18:14:43,197.105,12632797,12632784,0,0,1,37.496714,126.957993,0.02,0.0,0,112.3,1,137.3,0,0.00,9.75,2.75,0.9986,23.65,2.954,473553,978785,0.021,1,193.5,"-0.89,0.73,9.68","1.9,0.6,1.9","-23.250,59.400,11.550",0.10,0.18,0.00,0,118755,100169,8,1.05,37.496714,126.957994,27885,469,1714,38,17.14,0.00,999.00,-57.6,0,150,0,2,-53,-48.3,100169,14,4,0.80,1,0,-4.39,-11.29,0
18:16:55,329.168,12632888,12632887,0,0,1,37.496714,126.957993,0.02,0.0,0,112.3,1,137.3,0,0.00,9.68,3.50,0.9990,22.85,2.948,473553,978796,0.021,1,193.5,"-0.87,0.57,9.62","3.4,-0.9,0.5","-23.550,58.950,10.800",0.12,0.15,0.00,0,118756,100169,8,1.05,37.496714,126.957994,27885,469,1714,38,17.14,0.00,999.00,-57.6,0,150,0,2,-53,-48.3,100169,105,4,0.80,1,0,-4.39,-11.29,0
18:16:55,329.393,12764921,12764920,1,0,1,37.496602,126.957863,0.05,5.6,0,5.6,1,139.0,1,0.00,9.74,3.36,0.9976,19.62,1.138,473617,991474,0.046,1,5.6,"-0.40,-0.19,9.73","3.2,-0.9,-0.4","4.200,9.750,13.050",0.12,0.15,0.00,0,119840,101360,8,1.05,37.496571,126.957867,27994,473,1714,39,14.05,0.00,999.00,27.9,0,163,0,1,-51,-51.1,101360,59,4,0.95,1,0,-4.39,-11.29,0
18:16:55,329.823,12765122,12765121,1,0,1,37.496602,126.957863,0.05,5.6,0,5.6,1,139.0,1,0.00,9.66,1.74,0.9984,18.11,1.163,473617,991498,0.046,1,5.6,"-0.42,-0.08,9.65","0.1,1.4,1.1","1.800,9.750,11.550",0.05,0.16,0.00,0,119842,101362,8,1.05,37.496571,126.957867,27994,473,1714,39,14.41,0.00,999.00,27.0,0,163,0,1,-50,-50.9,101362,48,4,0.92,1,0,-4.39,-11.29,0
18:16:56,330.121,12765635,12765633,1,0,1,37.496602,126.957863,0.05,5.6,0,5.6,1,139.0,1,0.00,9.82,4.17,0.9974,19.48,1.148,473617,991557,0.062,1,5.6,"-0.42,-0.22,9.81","-0.0,-3.9,1.5","3.600,9.900,12.900",0.16,0.16,0.00,0,119847,101367,8,1.08,37.496565,126.957866,27994,474,1714,39,14.06,0.00,999.00,24.7,0,163,0,1,-49,-49.1,101367,35,4,0.80,1,0,-4.39,-11.29,0
18:16:56,330.145,12765736,12765735,1,0,1,37.496602,126.957863,0.05,5.6,0,5.6,1,139.0,1,0.00,9.72,1.87,0.9985,19.17,1.187,473617,991569,0.062,1,5.6,"-0.46,-0.04,9.71","-0.8,-1.7,0.2","3.600,11.100,12.450",0.09,0.20,0.00,0,119848,101368,8,1.08,37.496565,126.957866,27994,474,1714,39,14.06,0.00,999.00,24.7,0,163,0,1,-49,-49.1,101368,31,4,0.80,1,0,-4.39,-11.29,0
18:16:56,330.253,12765836,12765835,1,0,1,37.496602,126.957863,0.05,5.6,0,5.6,1,139.0,1,0.00,9.60,4.63,0.9988,19.14,1.228,473617,991581,0.062,1,5.6,"-0.36,0.02,9.60","1.3,-4.4,0.1","2.550,12.150,12.300",0.16,0.18,0.00,0,119849,101369,8,1.08,37.496565,126.957866,27994,474,1714,39,14.06,0.00,999.00,24.7,0,163,0,1,-49,-49.1,101369,24,4,0.80,1,0,-4.39,-11.29,0
18:16:56,330.354,12766038,12766037,1,0,1,37.496602,126.957863,0.05,5.6,0,5.6,1,139.0,1,0.00,9.75,1.34,0.9978,18.62,1.165,473617,991605,0.062,1,5.6,"-0.42,-0.16,9.74","0.4,-0.6,-1.1","3.000,10.200,12.000",0.09,0.18,0.00,0,119851,101371,8,1.08,37.496565,126.957866,27994,474,1714,39,14.06,0.00,999.00,24.7,0,163,0,1,-50,-49.3,101371,17,4,0.80,1,0,-4.39,-11.29,0
18:16:56,330.504,12766138,12766137,1,0,1,37.496602,126.957863,0.05,5.6,0,5.6,1,139.0,1,0.00,9.69,1.16,0.9983,18.39,1.186,473617,991617,0.062,1,5.6,"-0.28,-0.06,9.68","0.8,-0.8,0.3","2.850,10.800,11.700",0.11,0.26,0.00,0,119852,101372,8,1.08,37.496565,126.957866,27994,474,1714,39,14.06,0.00,999.00,24.7,0,163,0,1,-49,-49.2,101372,11,4,0.80,1,0,-4.39,-11.29,0
18:16:56,330.586,12766250,12766237,1,0,1,37.496602,126.957863,0.05,5.6,0,5.6,1,139.0,1,0.00,9.70,2.95,0.9982,19.53,1.167,473617,991629,0.062,1,5.6,"-0.33,-0.09,9.69","2.7,-1.1,-0.4","2.850,10.350,12.900",0.05,0.15,0.00,0,119853,101373,8,1.08,37.496565,126.957866,27994,474,1714,39,14.06,0.00,999.00,24.7,0,163,0,1,-49,-49.2,101373,18,4,0.80,1,0,-4.39,-11.29,0
18:16:56,330.645,12766353,12766340,1,0,1,37.496602,126.957863,0.05,5.6,0,5.6,1,139.0,1,-0.21,9.72,3.05,0.9988,19.61,1.147,473617,991640,0.062,1,5.6,"-0.42,0.01,9.71","1.2,-0.7,2.7","3.000,9.750,13.050",0.11,0.18,0.00,0,119854,101374,8,1.08,37.496565,126.957866,27994,474,1714,39,14.06,0.00,999.00,24.7,0,163,0,1,-45,-48.3,101374,15,4,0.80,1,0,-4.39,-11.29,0
18:16:56,330.701,12766444,12766443,1,0,1,37.496602,126.957863,0.05,5.6,0,5.6,1,139.0,1,0.00,9.70,2.75,0.9975,19.03,1.153,473617,991651,0.062,1,5.6,"-0.35,-0.20,9.69","1.1,-2.2,1.1","3.150,9.900,12.450",0.11,0.14,0.00,0,119855,101374,8,1.08,37.496565,126.957866,27994,474,1714,39,14.06,0.00,999.00,24.7,0,163,0,1,-45,-48.3,101374,106,4,0.80,1,0,-4.39,-11.29,0
