17:41:57  시각ms:3428267
17:41:57  IMU시각ms:3428267
17:41:57  위험:0
17:41:57  원시위험:0
17:41:57  GPS유효:1
17:41:57  위도:37.496439
17:41:57  경도:126.954180
17:41:57  속도:1.52
17:41:57  방향:316.5
17:41:57  이동방향유효:1
17:41:57  GPS이동방향:316.5
17:41:57  차체방향유효:1
17:41:57  차체방향:127.2
17:41:57  후진판정:1
17:41:57  IMU요회전속도:0.00
17:41:57  방향가속도크기:9.73
17:41:57  방향자이로크기:3.57
17:41:57  방향자세cos:0.9984
17:41:57  자기모델잔차:31.06
17:41:57  자기모델반경:0.977
17:41:57  방향채택:0
17:41:57  방향거부:367424
17:41:57  GPS원시속도:1.343
17:41:57  GPS원시방향유효:1
17:41:57  GPS원시방향:318.5
17:41:57  가속도:-0.02,0.11,9.73
17:41:57  자이로:2.1,-1.4,-2.5
17:41:57  자력계:26.700,-47.550,31.050
17:41:57  충격값:0.07
17:41:57  충격피크:0.12
17:41:57  마지막충격발생값:0.00
17:41:57  마지막충격발생ms:0
17:41:57  송신:32724
17:41:57  지팡이수신:25891
17:41:57  GPS위성:7
17:41:57  GPS_HDOP:1.51
17:41:57  원시위도:37.496427
17:41:57  원시경도:126.954197
17:41:57  GPS채택:3404
17:41:57  GPS이상치거부:4
17:41:57  GPS품질거부:6
17:41:57  GPS재기준:1
17:41:57  계산거리:-1.00
17:41:57  접근속도:0.00
17:41:57  TTC:999.00
17:41:57  방향오차:0.0
17:41:57  전방여부:0
17:41:57  위험음성횟수:0
17:41:57  충격음성횟수:0
17:41:57  마지막위험음성:0
17:41:57  RSSI원시:-56
17:41:57  RSSI평활:-55.9
17:41:57  RSSI샘플:25891
17:41:57  RSSI경과ms:75
17:41:57  RSSI구간:4
17:41:57  RSSI거리:1.50
17:41:57  상대보정:0
17:41:57  상대보정중:0
17:41:57  보정동쪽:0.00
17:41:57  보정북쪽:0.00
17:41:57  UWB유효:1
17:41:57  UWB원시거리:4.980
17:41:57  UWB보정거리:5.003
17:41:57  UWB접근속도:-0.011
17:41:57  UWB_RSSI:nan
17:41:57  UWB경과ms:102
17:41:57  UWB샘플:16853
17:41:57  UWB실패:211
17:41:57  UWB보정:1
17:41:57  UWB보정중:0
17:41:57  UWB보정샘플:100
17:41:57  UWB보정기준:3.000
17:41:57  UWB오프셋:0.035
17:41:57  UWB위험사용:0
17:41:57  UWB전송:16838
17:41:57  위험송신:0
17:41:57  시각ms:3428378
17:41:57  IMU시각ms:3428378
17:41:57  위험:0
17:41:57  원시위험:0
17:41:57  GPS유효:1
17:41:57  위도:37.496440
17:41:57  경도:126.954179
17:41:57  속도:1.52
17:41:57  방향:316.5
17:41:57  이동방향유효:1
17:41:57  GPS이동방향:316.5
17:41:57  차체방향유효:1
17:41:57  차체방향:127.2
17:41:57  후진판정:1
17:41:57  IMU요회전속도:0.00
17:41:57  방향가속도크기:9.77
17:41:57  방향자이로크기:0.81
17:41:57  방향자세cos:0.9989
17:41:57  자기모델잔차:33.30
17:41:57  자기모델반경:0.989
17:41:57  방향채택:0
17:41:57  방향거부:367435
17:41:57  GPS원시속도:1.343
17:41:57  GPS원시방향유효:1
17:41:57  GPS원시방향:318.5
17:41:57  가속도:-0.08,0.19,9.77
17:41:57  자이로:-0.0,-0.4,0.7
17:41:57  자력계:27.000,-47.550,33.300
17:41:57  충격값:0.07
17:41:57  충격피크:0.15
17:41:57  마지막충격발생값:0.00
17:41:57  마지막충격발생ms:0
17:41:57  송신:32725
17:41:57  지팡이수신:25892
17:41:57  GPS위성:7
17:41:57  GPS_HDOP:1.51
17:41:57  원시위도:37.496427
17:41:57  원시경도:126.954197
17:41:57  GPS채택:3404
17:41:57  GPS이상치거부:4
17:41:57  GPS품질거부:6
17:41:57  GPS재기준:1
17:41:57  계산거리:-1.00
17:41:57  접근속도:0.00
17:41:57  TTC:999.00
17:41:57  방향오차:0.0
17:41:57  전방여부:0
17:41:57  위험음성횟수:0
17:41:57  충격음성횟수:0
17:41:57  마지막위험음성:0
17:41:57  RSSI원시:-57
17:41:57  RSSI평활:-56.1
17:41:57  RSSI샘플:25892
17:41:57  RSSI경과ms:79
17:41:57  RSSI구간:4
17:41:57  RSSI거리:1.53
17:41:57  상대보정:0
17:41:57  상대보정중:0
17:41:57  보정동쪽:0.00
17:41:57  보정북쪽:0.00
17:41:57  UWB유효:1
17:41:57  UWB원시거리:5.010
17:41:57  UWB보정거리:5.007
17:41:57  UWB접근속도:-0.014
17:41:57  UWB_RSSI:nan
17:41:57  UWB경과ms:17
17:41:57  UWB샘플:16854
17:41:57  UWB실패:211
17:41:57  UWB보정:1
17:41:57  UWB보정중:0
17:41:57  UWB보정샘플:100
17:41:57  UWB보정기준:3.000
17:41:57  UWB오프셋:0.035
17:41:57  UWB위험사용:0
17:41:57  UWB전송:16839
17:41:57  위험송신:0
17:41:57  시각ms:3428429
17:41:57  IMU시각ms:3428429
17:41:57  위험:0
17:41:57  원시위험:0
17:41:57  GPS유효:1
17:41:57  위도:37.496441
17:41:57  경도:126.954179
17:41:57  속도:1.52
17:41:57  방향:316.5
17:41:57  이동방향유효:1
17:41:57  GPS이동방향:316.5
17:41:57  차체방향유효:1
17:41:57  차체방향:127.2
17:41:57  후진판정:1
17:41:57  IMU요회전속도:0.00
17:41:57  방향가속도크기:9.73
17:41:57  방향자이로크기:2.26
17:41:57  방향자세cos:0.9992
17:41:57  자기모델잔차:33.20
17:41:57  자기모델반경:0.978
17:41:57  방향채택:0
17:41:57  방향거부:367441
17:41:57  GPS원시속도:1.343
17:41:57  GPS원시방향유효:1
17:41:57  GPS원시방향:318.5
17:41:57  가속도:-0.15,0.21,9.73
17:41:57  자이로:0.7,-2.0,-0.8
17:41:57  자력계:25.500,-48.300,33.300
17:41:57  충격값:0.09
17:41:57  충격피크:0.18
17:41:57  마지막충격발생값:0.00
17:41:57  마지막충격발생ms:0
17:41:57  송신:32725
17:41:57  지팡이수신:25893
17:41:57  GPS위성:7
17:41:57  GPS_HDOP:1.51
17:41:57  원시위도:37.496427
17:41:57  원시경도:126.954197
17:41:57  GPS채택:3404
17:41:57  GPS이상치거부:4
17:41:57  GPS품질거부:6
17:41:57  GPS재기준:1
17:41:57  계산거리:-1.00
17:41:57  접근속도:0.00
17:41:57  TTC:999.00
17:41:57  방향오차:0.0
17:41:57  전방여부:0
17:41:57  위험음성횟수:0
17:41:57  충격음성횟수:0
17:41:57  마지막위험음성:0
17:41:57  RSSI원시:-56
17:41:57  RSSI평활:-56.1
17:41:57  RSSI샘플:25893
17:41:57  RSSI경과ms:23
17:41:57  RSSI구간:4
17:41:57  RSSI거리:1.52
17:41:57  상대보정:0
17:41:57  상대보정중:0
17:41:57  보정동쪽:0.00
17:41:57  보정북쪽:0.00
17:41:57  UWB유효:1
17:41:57  UWB원시거리:5.010
17:41:57  UWB보정거리:5.007
17:41:57  UWB접근속도:-0.014
17:41:57  UWB_RSSI:nan
17:41:57  UWB경과ms:68
17:41:57  UWB샘플:16854
17:41:57  UWB실패:211
17:41:57  UWB보정:1
17:41:57  UWB보정중:0
17:41:57  UWB보정샘플:100
17:41:57  UWB보정기준:3.000
17:41:57  UWB오프셋:0.035
17:41:57  UWB위험사용:0
17:41:57  UWB전송:16839
17:41:57  위험송신:0
17:41:58  시각ms:3428587
17:41:58  IMU시각ms:3428587
17:41:58  위험:0
17:41:58  원시위험:0
17:41:58  GPS유효:1
17:41:58  위도:37.496441
17:41:58  경도:126.954179
17:41:58  속도:1.52
17:41:58  방향:316.5
17:41:58  이동방향유효:1
17:41:58  GPS이동방향:316.5
17:41:58  차체방향유효:1
17:41:58  차체방향:127.2
17:41:58  후진판정:1
17:41:58  IMU요회전속도:0.00
17:41:58  방향가속도크기:9.69
17:41:58  방향자이로크기:3.04
17:41:58  방향자세cos:0.9989
17:41:58  자기모델잔차:33.23
17:41:58  자기모델반경:0.970
17:41:58  방향채택:0
17:41:58  방향거부:367459
17:41:58  GPS원시속도:1.343
17:41:58  GPS원시방향유효:1
17:41:58  GPS원시방향:318.5
17:41:58  가속도:-0.06,0.22,9.69
17:41:58  자이로:2.4,-1.6,0.9
17:41:58  자력계:25.500,-48.000,33.300
17:41:58  충격값:0.05
17:41:58  충격피크:0.13
17:41:58  마지막충격발생값:0.00
17:41:58  마지막충격발생ms:0
17:41:58  송신:32727
17:41:58  지팡이수신:25894
17:41:58  GPS위성:7
17:41:58  GPS_HDOP:1.51
17:41:58  원시위도:37.496427
17:41:58  원시경도:126.954197
17:41:58  GPS채택:3404
17:41:58  GPS이상치거부:4
17:41:58  GPS품질거부:6
17:41:58  GPS재기준:1
17:41:58  계산거리:-1.00
17:41:58  접근속도:0.00
17:41:58  TTC:999.00
17:41:58  방향오차:0.0
17:41:58  전방여부:0
17:41:58  위험음성횟수:0
17:41:58  충격음성횟수:0
17:41:58  마지막위험음성:0
17:41:58  RSSI원시:-56
17:41:58  RSSI평활:-56.1
17:41:58  RSSI샘플:25894
17:41:58  RSSI경과ms:74
17:41:58  RSSI구간:4
17:41:58  RSSI거리:1.52
17:41:58  상대보정:0
17:41:58  상대보정중:0
17:41:58  보정동쪽:0.00
17:41:58  보정북쪽:0.00
17:41:58  UWB유효:1
17:41:58  UWB원시거리:4.970
17:41:58  UWB보정거리:5.006
17:41:58  UWB접근속도:-0.009
17:41:58  UWB_RSSI:nan
17:41:58  UWB경과ms:25
17:41:58  UWB샘플:16855
17:41:58  UWB실패:211
17:41:58  UWB보정:1
17:41:58  UWB보정중:0
17:41:58  UWB보정샘플:100
17:41:58  UWB보정기준:3.000
17:41:58  UWB오프셋:0.035
17:41:58  UWB위험사용:0
17:41:58  UWB전송:16840
17:41:58  위험송신:0
17:41:58  시각ms:3428638
17:41:58  IMU시각ms:3428638
17:41:58  위험:0
17:41:58  원시위험:0
17:41:58  GPS유효:1
17:41:58  위도:37.496441
17:41:58  경도:126.954179
17:41:58  속도:1.52
17:41:58  방향:316.5
17:41:58  이동방향유효:1
17:41:58  GPS이동방향:316.5
17:41:58  차체방향유효:1
17:41:58  차체방향:127.2
17:41:58  후진판정:1
17:41:58  IMU요회전속도:0.00
17:41:58  방향가속도크기:9.76
17:41:58  방향자이로크기:1.42
17:41:58  방향자세cos:0.9988
17:41:58  자기모델잔차:32.63
17:41:58  자기모델반경:1.016
17:41:58  방향채택:0
17:41:58  방향거부:367465
17:41:58  GPS원시속도:1.343
17:41:58  GPS원시방향유효:1
17:41:58  GPS원시방향:318.5
17:41:58  가속도:-0.17,0.10,9.75
17:41:58  자이로:-1.2,0.7,-0.3
17:41:58  자력계:27.600,-48.150,32.700
17:41:58  충격값:0.13
17:41:58  충격피크:0.13
17:41:58  마지막충격발생값:0.00
17:41:58  마지막충격발생ms:0
17:41:58  송신:32727
17:41:58  지팡이수신:25895
17:41:58  GPS위성:7
17:41:58  GPS_HDOP:1.51
17:41:58  원시위도:37.496427
17:41:58  원시경도:126.954197
17:41:58  GPS채택:3404
17:41:58  GPS이상치거부:4
17:41:58  GPS품질거부:6
17:41:58  GPS재기준:1
17:41:58  계산거리:-1.00
17:41:58  접근속도:0.00
17:41:58  TTC:999.00
17:41:58  방향오차:0.0
17:41:58  전방여부:0
17:41:58  위험음성횟수:0
17:41:58  충격음성횟수:0
17:41:58  마지막위험음성:0
17:41:58  RSSI원시:-56
17:41:58  RSSI평활:-56.1
17:41:58  RSSI샘플:25895
17:41:58  RSSI경과ms:18
17:41:58  RSSI구간:4
17:41:58  RSSI거리:1.52
17:41:58  상대보정:0
17:41:58  상대보정중:0
17:41:58  보정동쪽:0.00
17:41:58  보정북쪽:0.00
17:41:58  UWB유효:1
17:41:58  UWB원시거리:4.970
17:41:58  UWB보정거리:5.006
17:41:58  UWB접근속도:-0.009
17:41:58  UWB_RSSI:nan
17:41:58  UWB경과ms:76
17:41:58  UWB샘플:16855
17:41:58  UWB실패:211
17:41:58  UWB보정:1
17:41:58  UWB보정중:0
17:41:58  UWB보정샘플:100
17:41:58  UWB보정기준:3.000
17:41:58  UWB오프셋:0.035
17:41:58  UWB위험사용:0
17:41:58  UWB전송:16840
17:41:58  위험송신:0
17:41:58  시각ms:3428799
17:41:58  IMU시각ms:3428799
17:41:58  위험:0
17:41:58  원시위험:0
17:41:58  GPS유효:1
17:41:58  위도:37.496432
17:41:58  경도:126.954192
17:41:58  속도:1.22
17:41:58  방향:317.2
17:41:58  이동방향유효:1
17:41:58  GPS이동방향:317.2
17:41:58  차체방향유효:1
17:41:58  차체방향:128.4
17:41:58  후진판정:1
17:41:58  IMU요회전속도:0.00
17:41:58  방향가속도크기:9.73
17:41:58  방향자이로크기:3.13
17:41:58  방향자세cos:0.9987
17:41:58  자기모델잔차:33.25
17:41:58  자기모델반경:1.017
17:41:58  방향채택:0
17:41:58  방향거부:367483
17:41:58  GPS원시속도:0.916
17:41:58  GPS원시방향유효:1
17:41:58  GPS원시방향:318.5
17:41:58  가속도:-0.13,0.09,9.73
17:41:58  자이로:2.8,-0.8,1.1
17:41:58  자력계:27.750,-48.000,33.300
17:41:58  충격값:0.10
17:41:58  충격피크:0.11
17:41:58  마지막충격발생값:0.00
17:41:58  마지막충격발생ms:0
17:41:58  송신:32729
17:41:58  지팡이수신:25896
17:41:58  GPS위성:6
17:41:58  GPS_HDOP:1.52
17:41:58  원시위도:37.496420
17:41:58  원시경도:126.954210
17:41:58  GPS채택:3405
17:41:58  GPS이상치거부:4
17:41:58  GPS품질거부:6
17:41:58  GPS재기준:1
17:41:58  계산거리:-1.00
17:41:58  접근속도:0.00
17:41:58  TTC:999.00
17:41:58  방향오차:0.0
17:41:58  전방여부:0
17:41:58  위험음성횟수:0
17:41:58  충격음성횟수:0
17:41:58  마지막위험음성:0
17:41:58  RSSI원시:-57
17:41:58  RSSI평활:-56.3
17:41:58  RSSI샘플:25896
17:41:58  RSSI경과ms:72
17:41:58  RSSI구간:4
17:41:58  RSSI거리:1.54
17:41:58  상대보정:0
17:41:58  상대보정중:0
17:41:58  보정동쪽:0.00
17:41:58  보정북쪽:0.00
17:41:58  UWB유효:1
17:41:58  UWB원시거리:4.960
17:41:58  UWB보정거리:5.006
17:41:58  UWB접근속도:-0.006
17:41:58  UWB_RSSI:nan
17:41:58  UWB경과ms:42
17:41:58  UWB샘플:16856
17:41:58  UWB실패:211
17:41:58  UWB보정:1
17:41:58  UWB보정중:0
17:41:58  UWB보정샘플:100
17:41:58  UWB보정기준:3.000
17:41:58  UWB오프셋:0.035
17:41:58  UWB위험사용:0
17:41:58  UWB전송:16841
17:41:58  위험송신:0
17:41:58  시각ms:3428903
17:41:58  IMU시각ms:3428903
17:41:58  위험:0
17:41:58  원시위험:0
17:41:58  GPS유효:1
17:41:58  위도:37.496433
17:41:58  경도:126.954192
17:41:58  속도:1.22
17:41:58  방향:317.2
17:41:58  이동방향유효:1
17:41:58  GPS이동방향:317.2
17:41:58  차체방향유효:1
17:41:58  차체방향:128.4
17:41:58  후진판정:1
17:41:58  IMU요회전속도:0.00
17:41:58  방향가속도크기:9.73
17:41:58  방향자이로크기:2.18
17:41:58  방향자세cos:0.9990
17:41:58  자기모델잔차:34.21
17:41:58  자기모델반경:1.011
17:41:58  방향채택:0
17:41:58  방향거부:367495
17:41:58  GPS원시속도:0.916
17:41:58  GPS원시방향유효:1
17:41:58  GPS원시방향:318.5
17:41:58  가속도:-0.09,0.21,9.73
17:41:58  자이로:2.1,-0.4,0.2
17:41:58  자력계:28.050,-47.400,34.200
17:41:58  충격값:0.04
17:41:58  충격피크:0.14
17:41:58  마지막충격발생값:0.00
17:41:58  마지막충격발생ms:0
17:41:58  송신:32730
17:41:58  지팡이수신:25897
17:41:58  GPS위성:6
17:41:58  GPS_HDOP:1.52
17:41:58  원시위도:37.496420
17:41:58  원시경도:126.954210
17:41:58  GPS채택:3405
17:41:58  GPS이상치거부:4
17:41:58  GPS품질거부:6
17:41:58  GPS재기준:1
17:41:58  계산거리:-1.00
17:41:58  접근속도:0.00
17:41:58  TTC:999.00
17:41:58  방향오차:0.0
17:41:58  전방여부:0
17:41:58  위험음성횟수:0
17:41:58  충격음성횟수:0
17:41:58  마지막위험음성:0
17:41:58  RSSI원시:-55
17:41:58  RSSI평활:-56.0
17:41:58  RSSI샘플:25897
17:41:58  RSSI경과ms:75
17:41:58  RSSI구간:4
17:41:58  RSSI거리:1.51
17:41:58  상대보정:0
17:41:58  상대보정중:0
17:41:58  보정동쪽:0.00
17:41:58  보정북쪽:0.00
17:41:58  UWB유효:1
17:41:58  UWB원시거리:4.960
17:41:58  UWB보정거리:5.006
17:41:58  UWB접근속도:-0.006
17:41:58  UWB_RSSI:nan
17:41:58  UWB경과ms:146
17:41:58  UWB샘플:16856
17:41:58  UWB실패:211
17:41:58  UWB보정:1
17:41:58  UWB보정중:0
17:41:58  UWB보정샘플:100
17:41:58  UWB보정기준:3.000
17:41:58  UWB오프셋:0.035
17:41:58  UWB위험사용:0
17:41:58  UWB전송:16841
17:41:58  위험송신:0
17:41:58  시각ms:3428960
17:41:58  IMU시각ms:3428957
17:41:58  위험:0
17:41:58  원시위험:0
17:41:58  GPS유효:1
17:41:58  위도:37.496433
17:41:58  경도:126.954191
17:41:58  속도:1.22
17:41:58  방향:317.2
17:41:58  이동방향유효:1
17:41:58  GPS이동방향:317.2
17:41:58  차체방향유효:1
17:41:58  차체방향:128.4
17:41:58  후진판정:1
17:41:58  IMU요회전속도:0.00
17:41:58  방향가속도크기:9.65
17:41:58  방향자이로크기:0.39
17:41:58  방향자세cos:0.9989
17:41:58  자기모델잔차:32.58
17:41:58  자기모델반경:0.973
17:41:58  방향채택:0
17:41:58  방향거부:367501
17:41:58  GPS원시속도:0.916
17:41:58  GPS원시방향유효:1
17:41:58  GPS원시방향:318.5
17:41:58  가속도:-0.10,0.17,9.64
17:41:58  자이로:0.4,0.1,-0.0
17:41:58  자력계:26.700,-47.250,32.550
17:41:58  충격값:0.06
17:41:58  충격피크:0.22
17:41:58  마지막충격발생값:0.00
17:41:58  마지막충격발생ms:0
17:41:58  송신:32730
17:41:58  지팡이수신:25898
17:41:58  GPS위성:6
17:41:58  GPS_HDOP:1.52
17:41:58  원시위도:37.496420
17:41:58  원시경도:126.954210
17:41:58  GPS채택:3405
17:41:58  GPS이상치거부:4
17:41:58  GPS품질거부:6
17:41:58  GPS재기준:1
17:41:58  계산거리:-1.00
17:41:58  접근속도:0.00
17:41:58  TTC:999.00
17:41:58  방향오차:0.0
17:41:58  전방여부:0
17:41:58  위험음성횟수:0
17:41:58  충격음성횟수:0
17:41:58  마지막위험음성:0
17:41:58  RSSI원시:-56
17:41:58  RSSI평활:-56.0
17:41:58  RSSI샘플:25898
17:41:58  RSSI경과ms:25
17:41:58  RSSI구간:4
17:41:58  RSSI거리:1.51
17:41:58  상대보정:0
17:41:58  상대보정중:0
17:41:58  보정동쪽:0.00
17:41:58  보정북쪽:0.00
17:41:58  UWB유효:1
17:41:58  UWB원시거리:5.020
17:41:58  UWB보정거리:5.009
17:41:58  UWB접근속도:-0.009
17:41:58  UWB_RSSI:nan
17:41:58  UWB경과ms:0
17:41:58  UWB샘플:16857
17:41:58  UWB실패:211
17:41:58  UWB보정:1
17:41:58  UWB보정중:0
17:41:58  UWB보정샘플:100
17:41:58  UWB보정기준:3.000
17:41:58  UWB오프셋:0.035
17:41:58  UWB위험사용:0
17:41:58  UWB전송:16842
17:41:58  위험송신:0
17:41:58  시각ms:3429065
17:41:58  IMU시각ms:3429064
17:41:58  위험:0
17:41:58  원시위험:0
17:41:58  GPS유효:1
17:41:58  위도:37.496434
17:41:58  경도:126.954191
17:41:58  속도:1.22
17:41:58  방향:317.2
17:41:58  이동방향유효:1
17:41:58  GPS이동방향:317.2
17:41:58  차체방향유효:1
17:41:58  차체방향:128.4
17:41:58  후진판정:1
17:41:58  IMU요회전속도:0.00
17:41:58  방향가속도크기:9.76
17:41:58  방향자이로크기:3.68
17:41:58  방향자세cos:0.9988
17:41:58  자기모델잔차:33.90
17:41:58  자기모델반경:0.959
17:41:58  방향채택:0
17:41:58  방향거부:367513
17:41:58  GPS원시속도:0.916
17:41:58  GPS원시방향유효:1
17:41:58  GPS원시방향:318.5
17:41:58  가속도:-0.06,0.18,9.76
17:41:58  자이로:-0.5,1.6,-3.3
17:41:58  자력계:25.650,-47.400,33.900
17:41:58  충격값:0.06
17:41:58  충격피크:0.19
17:41:58  마지막충격발생값:0.00
17:41:58  마지막충격발생ms:0
17:41:58  송신:32731
17:41:58  지팡이수신:25899
17:41:58  GPS위성:6
17:41:58  GPS_HDOP:1.52
17:41:58  원시위도:37.496420
17:41:58  원시경도:126.954210
17:41:58  GPS채택:3405
17:41:58  GPS이상치거부:4
17:41:58  GPS품질거부:6
17:41:58  GPS재기준:1
17:41:58  계산거리:-1.00
17:41:58  접근속도:0.00
17:41:58  TTC:999.00
17:41:58  방향오차:0.0
17:41:58  전방여부:0
17:41:58  위험음성횟수:0
17:41:58  충격음성횟수:0
17:41:58  마지막위험음성:0
17:41:58  RSSI원시:-57
17:41:58  RSSI평활:-56.2
17:41:58  RSSI샘플:25899
17:41:58  RSSI경과ms:22
17:41:58  RSSI구간:4
17:41:58  RSSI거리:1.54
17:41:58  상대보정:0
17:41:58  상대보정중:0
17:41:58  보정동쪽:0.00
17:41:58  보정북쪽:0.00
17:41:58  UWB유효:1
17:41:58  UWB원시거리:5.020
17:41:58  UWB보정거리:5.009
17:41:58  UWB접근속도:-0.009
17:41:58  UWB_RSSI:nan
17:41:58  UWB경과ms:105
17:41:58  UWB샘플:16857
17:41:58  UWB실패:211
17:41:58  UWB보정:1
17:41:58  UWB보정중:0
17:41:58  UWB보정샘플:100
17:41:58  UWB보정기준:3.000
17:41:58  UWB오프셋:0.035
17:41:58  UWB위험사용:0
17:41:58  UWB전송:16842
17:41:58  위험송신:0
17:41:58  시각ms:3429118
17:41:58  IMU시각ms:3429117
17:41:58  위험:0
17:41:58  원시위험:0
17:41:58  GPS유효:1
17:41:58  위도:37.496434
17:41:58  경도:126.954190
17:41:58  속도:1.22
17:41:58  방향:317.2
17:41:58  이동방향유효:1
17:41:58  GPS이동방향:317.2
17:41:58  차체방향유효:1
17:41:58  차체방향:128.4
17:41:58  후진판정:1
17:41:58  IMU요회전속도:0.00
17:41:58  방향가속도크기:9.69
17:41:58  방향자이로크기:1.52
17:41:58  방향자세cos:0.9988
17:41:58  자기모델잔차:32.51
17:41:58  자기모델반경:0.987
17:41:58  방향채택:0
17:41:58  방향거부:367519
17:41:58  GPS원시속도:0.916
17:41:58  GPS원시방향유효:1
17:41:58  GPS원시방향:318.5
17:41:58  가속도:-0.07,0.18,9.69
17:41:58  자이로:0.5,0.0,1.4
17:41:58  자력계:28.050,-46.650,32.400
17:41:58  충격값:0.03
17:41:58  충격피크:0.13
17:41:58  마지막충격발생값:0.00
17:41:58  마지막충격발생ms:0
17:41:58  송신:32732
17:41:58  지팡이수신:25899
17:41:58  GPS위성:6
17:41:58  GPS_HDOP:1.52
17:41:58  원시위도:37.496420
17:41:58  원시경도:126.954210
17:41:58  GPS채택:3405
17:41:58  GPS이상치거부:4
17:41:58  GPS품질거부:6
17:41:58  GPS재기준:1
17:41:58  계산거리:-1.00
17:41:58  접근속도:0.00
17:41:58  TTC:999.00
17:41:58  방향오차:0.0
17:41:58  전방여부:0
17:41:58  위험음성횟수:0
17:41:58  충격음성횟수:0
17:41:58  마지막위험음성:0
17:41:58  RSSI원시:-57
17:41:58  RSSI평활:-56.2
17:41:58  RSSI샘플:25899
17:41:58  RSSI경과ms:75
17:41:58  RSSI구간:4
17:41:58  RSSI거리:1.54
17:41:58  상대보정:0
17:41:58  상대보정중:0
17:41:58  보정동쪽:0.00
17:41:58  보정북쪽:0.00
17:41:58  UWB유효:1
17:41:58  UWB원시거리:5.020
17:41:58  UWB보정거리:5.009
17:41:58  UWB접근속도:-0.009
17:41:58  UWB_RSSI:nan
17:41:58  UWB경과ms:158
17:41:58  UWB샘플:16857
17:41:58  UWB실패:211
17:41:58  UWB보정:1
17:41:58  UWB보정중:0
17:41:58  UWB보정샘플:100
17:41:58  UWB보정기준:3.000
17:41:58  UWB오프셋:0.035
17:41:58  UWB위험사용:0
17:41:58  UWB전송:16842
17:41:58  위험송신:0
17:41:58  시각ms:3429173
17:41:58  IMU시각ms:3429173
17:41:58  위험:0
17:41:58  원시위험:0
17:41:58  GPS유효:1
17:41:58  위도:37.496435
17:41:58  경도:126.954190
17:41:58  속도:1.22
17:41:58  방향:317.2
17:41:58  이동방향유효:1
17:41:58  GPS이동방향:317.2
17:41:58  차체방향유효:1
17:41:58  차체방향:128.4
17:41:58  후진판정:1
17:41:58  IMU요회전속도:0.00
17:41:58  방향가속도크기:9.75
17:41:58  방향자이로크기:1.40
17:41:58  방향자세cos:0.9985
17:41:58  자기모델잔차:33.43
17:41:58  자기모델반경:0.943
17:41:58  방향채택:0
17:41:58  방향거부:367525
17:41:58  GPS원시속도:0.916
17:41:58  GPS원시방향유효:1
17:41:58  GPS원시방향:318.5
17:41:58  가속도:-0.14,0.04,9.74
17:41:58  자이로:-1.0,0.1,-0.9
17:41:58  자력계:26.250,-46.350,33.300
17:41:58  충격값:0.14
17:41:58  충격피크:0.14
17:41:58  마지막충격발생값:0.00
17:41:58  마지막충격발생ms:0
17:41:58  송신:32732
17:41:58  지팡이수신:25900
17:41:58  GPS위성:6
17:41:58  GPS_HDOP:1.52
17:41:58  원시위도:37.496420
17:41:58  원시경도:126.954210
17:41:58  GPS채택:3405
17:41:58  GPS이상치거부:4
17:41:58  GPS품질거부:6
17:41:58  GPS재기준:1
17:41:58  계산거리:-1.00
17:41:58  접근속도:0.00
17:41:58  TTC:999.00
17:41:58  방향오차:0.0
17:41:58  전방여부:0
17:41:58  위험음성횟수:0
17:41:58  충격음성횟수:0
17:41:58  마지막위험음성:0
17:41:58  RSSI원시:-56
17:41:58  RSSI평활:-56.2
17:41:58  RSSI샘플:25900
17:41:58  RSSI경과ms:27
17:41:58  RSSI구간:4
17:41:58  RSSI거리:1.53
17:41:58  상대보정:0
17:41:58  상대보정중:0
17:41:58  보정동쪽:0.00
17:41:58  보정북쪽:0.00
17:41:58  UWB유효:1
17:41:58  UWB원시거리:4.970
17:41:58  UWB보정거리:5.008
17:41:58  UWB접근속도:-0.004
17:41:58  UWB_RSSI:nan
17:41:58  UWB경과ms:16
17:41:58  UWB샘플:16858
17:41:58  UWB실패:211
17:41:58  UWB보정:1
17:41:58  UWB보정중:0
17:41:58  UWB보정샘플:100
17:41:58  UWB보정기준:3.000
17:41:58  UWB오프셋:0.035
17:41:58  UWB위험사용:0
17:41:58  UWB전송:16843
17:41:58  위험송신:0
17:41:58  시각ms:3429225
17:41:58  IMU시각ms:3429225
17:41:58  위험:0
17:41:58  원시위험:0
17:41:58  GPS유효:1
17:41:58  위도:37.496435
17:41:58  경도:126.954190
17:41:58  속도:1.22
17:41:58  방향:317.2
17:41:58  이동방향유효:1
17:41:58  GPS이동방향:317.2
17:41:58  차체방향유효:1
17:41:58  차체방향:128.4
17:41:58  후진판정:1
17:41:58  IMU요회전속도:0.00
17:41:58  방향가속도크기:9.70
17:41:58  방향자이로크기:1.42
17:41:58  방향자세cos:0.9989
17:41:58  자기모델잔차:34.78
17:41:58  자기모델반경:0.987
17:41:58  방향채택:0
17:41:58  방향거부:367531
17:41:58  GPS원시속도:0.916
17:41:58  GPS원시방향유효:1
17:41:58  GPS원시방향:318.5
17:41:58  가속도:-0.05,0.23,9.70
17:41:58  자이로:0.3,1.4,-0.2
17:41:58  자력계:26.700,-47.550,34.800
17:41:58  충격값:0.07
17:41:58  충격피크:0.23
17:41:58  마지막충격발생값:0.00
17:41:58  마지막충격발생ms:0
17:41:58  송신:32733
17:41:58  지팡이수신:25900
17:41:58  GPS위성:6
17:41:58  GPS_HDOP:1.52
17:41:58  원시위도:37.496420
17:41:58  원시경도:126.954210
17:41:58  GPS채택:3405
17:41:58  GPS이상치거부:4
17:41:58  GPS품질거부:6
17:41:58  GPS재기준:1
17:41:58  계산거리:-1.00
17:41:58  접근속도:0.00
17:41:58  TTC:999.00
17:41:58  방향오차:0.0
17:41:58  전방여부:0
17:41:58  위험음성횟수:0
17:41:58  충격음성횟수:0
17:41:58  마지막위험음성:0
17:41:58  RSSI원시:-56
17:41:58  RSSI평활:-56.2
17:41:58  RSSI샘플:25900
17:41:58  RSSI경과ms:79
17:41:58  RSSI구간:4
17:41:58  RSSI거리:1.53
17:41:58  상대보정:0
17:41:58  상대보정중:0
17:41:58  보정동쪽:0.00
17:41:58  보정북쪽:0.00
17:41:58  UWB유효:1
17:41:58  UWB원시거리:4.970
17:41:58  UWB보정거리:5.008
17:41:58  UWB접근속도:-0.004
17:41:58  UWB_RSSI:nan
17:41:58  UWB경과ms:68
17:41:58  UWB샘플:16858
17:41:58  UWB실패:211
17:41:58  UWB보정:1
17:41:58  UWB보정중:0
17:41:58  UWB보정샘플:100
17:41:58  UWB보정기준:3.000
17:41:58  UWB오프셋:0.035
17:41:58  UWB위험사용:0
17:41:58  UWB전송:16843
17:41:58  위험송신:0
17:41:58  시각ms:3429276
17:41:58  IMU시각ms:3429276
17:41:58  위험:0
17:41:58  원시위험:0
17:41:58  GPS유효:1
17:41:58  위도:37.496435
17:41:58  경도:126.954189
17:41:58  속도:1.22
17:41:58  방향:317.2
17:41:58  이동방향유효:1
17:41:58  GPS이동방향:317.2
17:41:58  차체방향유효:1
17:41:58  차체방향:128.4
17:41:58  후진판정:1
17:41:58  IMU요회전속도:0.00
17:41:58  방향가속도크기:9.70
17:41:58  방향자이로크기:2.72
17:41:58  방향자세cos:0.9989
17:41:58  자기모델잔차:32.93
17:41:58  자기모델반경:0.940
17:41:58  방향채택:0
17:41:58  방향거부:367537
17:41:58  GPS원시속도:0.916
17:41:58  GPS원시방향유효:1
17:41:58  GPS원시방향:318.5
17:41:58  가속도:-0.05,0.23,9.70
17:41:58  자이로:-2.1,-1.3,-1.2
17:41:58  자력계:24.000,-48.000,33.000
17:41:58  충격값:0.06
17:41:58  충격피크:0.17
17:41:58  마지막충격발생값:0.00
17:41:58  마지막충격발생ms:0
17:41:58  송신:32733
17:41:58  지팡이수신:25901
17:41:58  GPS위성:6
17:41:58  GPS_HDOP:1.52
17:41:58  원시위도:37.496420
17:41:58  원시경도:126.954210
17:41:58  GPS채택:3405
17:41:58  GPS이상치거부:4
17:41:58  GPS품질거부:6
17:41:58  GPS재기준:1
17:41:58  계산거리:-1.00
17:41:58  접근속도:0.00
17:41:58  TTC:999.00
17:41:58  방향오차:0.0
17:41:58  전방여부:0
17:41:58  위험음성횟수:0
17:41:58  충격음성횟수:0
17:41:58  마지막위험음성:0
17:41:58  RSSI원시:-56
17:41:58  RSSI평활:-56.1
17:41:58  RSSI샘플:25901
17:41:58  RSSI경과ms:26
17:41:58  RSSI구간:4
17:41:58  RSSI거리:1.52
17:41:58  상대보정:0
17:41:58  상대보정중:0
17:41:58  보정동쪽:0.00
17:41:58  보정북쪽:0.00
17:41:58  UWB유효:1
17:41:58  UWB원시거리:4.970
17:41:58  UWB보정거리:5.008
17:41:58  UWB접근속도:-0.004
17:41:58  UWB_RSSI:nan
17:41:58  UWB경과ms:119
17:41:58  UWB샘플:16858
17:41:58  UWB실패:211
17:41:58  UWB보정:1
17:41:58  UWB보정중:0
17:41:58  UWB보정샘플:100
17:41:58  UWB보정기준:3.000
17:41:58  UWB오프셋:0.035
17:41:58  UWB위험사용:0
17:41:58  UWB전송:16843
17:41:58  위험송신:0
17:41:58  시각ms:3429382
17:41:58  IMU시각ms:3429382
17:41:58  위험:0
17:41:58  원시위험:0
17:41:58  GPS유효:1
17:41:58  위도:37.496436
17:41:58  경도:126.954189
17:41:58  속도:1.22
17:41:58  방향:317.2
17:41:58  이동방향유효:1
17:41:58  GPS이동방향:317.2
17:41:58  차체방향유효:1
17:41:58  차체방향:128.4
17:41:58  후진판정:1
17:41:58  IMU요회전속도:0.00
17:41:58  방향가속도크기:9.76
17:41:58  방향자이로크기:2.99
17:41:58  방향자세cos:0.9989
17:41:58  자기모델잔차:33.33
17:41:58  자기모델반경:0.982
17:41:58  방향채택:0
17:41:58  방향거부:367546
17:41:58  GPS원시속도:0.916
17:41:58  GPS원시방향유효:1
17:41:58  GPS원시방향:318.5
17:41:58  가속도:-0.08,0.20,9.76
17:41:58  자이로:0.1,-2.2,-2.0
17:41:58  자력계:27.000,-47.250,33.300
17:41:58  충격값:0.05
17:41:58  충격피크:0.21
17:41:58  마지막충격발생값:0.00
17:41:58  마지막충격발생ms:0
17:41:58  송신:32734
17:41:58  지팡이수신:25901
17:41:58  GPS위성:6
17:41:58  GPS_HDOP:1.52
17:41:58  원시위도:37.496420
17:41:58  원시경도:126.954210
17:41:58  GPS채택:3405
17:41:58  GPS이상치거부:4
17:41:58  GPS품질거부:6
17:41:58  GPS재기준:1
17:41:58  계산거리:-1.00
17:41:58  접근속도:0.00
17:41:58  TTC:999.00
17:41:58  방향오차:0.0
17:41:58  전방여부:0
17:41:58  위험음성횟수:0
17:41:58  충격음성횟수:0
17:41:58  마지막위험음성:0
17:41:58  RSSI원시:-56
17:41:58  RSSI평활:-56.1
17:41:58  RSSI샘플:25901
17:41:58  RSSI경과ms:132
17:41:58  RSSI구간:4
17:41:58  RSSI거리:1.52
17:41:58  상대보정:0
17:41:58  상대보정중:0
17:41:58  보정동쪽:0.00
17:41:58  보정북쪽:0.00
17:41:58  UWB유효:1
17:41:58  UWB원시거리:4.970
17:41:58  UWB보정거리:5.007
17:41:58  UWB접근속도:-0.001
17:41:58  UWB_RSSI:nan
17:41:58  UWB경과ms:24
17:41:58  UWB샘플:16859
17:41:58  UWB실패:211
17:41:58  UWB보정:1
17:41:58  UWB보정중:0
17:41:58  UWB보정샘플:100
17:41:58  UWB보정기준:3.000
17:41:58  UWB오프셋:0.035
17:41:58  UWB위험사용:0
17:41:58  UWB전송:16844
17:41:58  위험송신:0
17:41:58  시각ms:3429434
17:41:58  IMU시각ms:3429434
17:41:58  위험:0
17:41:58  원시위험:0
17:41:58  GPS유효:1
17:41:58  위도:37.496436
17:41:59  경도:126.954188
17:41:59  속도:1.22
17:41:59  방향:317.2
17:41:59  이동방향유효:1
17:41:59  GPS이동방향:317.2
17:41:59  차체방향유효:1
17:41:59  차체방향:128.4
17:41:59  후진판정:1
17:41:59  IMU요회전속도:0.00
17:41:59  방향가속도크기:9.67
17:41:59  방향자이로크기:2.77
17:41:59  방향자세cos:0.9986
17:41:59  자기모델잔차:33.88
17:41:59  자기모델반경:1.024
17:41:59  방향채택:0
17:41:59  방향거부:367552
17:41:59  GPS원시속도:0.916
17:41:59  GPS원시방향유효:1
17:41:59  GPS원시방향:318.5
17:41:59  가속도:-0.06,0.12,9.67
17:41:59  자이로:2.3,0.2,1.5
17:41:59  자력계:28.350,-47.700,33.900
17:41:59  충격값:0.07
17:41:59  충격피크:0.14
17:41:59  마지막충격발생값:0.00
17:41:59  마지막충격발생ms:0
17:41:59  송신:32735
17:41:59  지팡이수신:25901
17:41:59  GPS위성:6
17:41:59  GPS_HDOP:1.52
17:41:59  원시위도:37.496420
17:41:59  원시경도:126.954210
17:41:59  GPS채택:3405
17:41:59  GPS이상치거부:4
17:41:59  GPS품질거부:6
17:41:59  GPS재기준:1
17:41:59  계산거리:-1.00
17:41:59  접근속도:0.00
17:41:59  TTC:999.00
17:41:59  방향오차:0.0
17:41:59  전방여부:0
17:41:59  위험음성횟수:0
17:41:59  충격음성횟수:0
17:41:59  마지막위험음성:0
17:41:59  RSSI원시:-56
17:41:59  RSSI평활:-56.1
17:41:59  RSSI샘플:25901
17:41:59  RSSI경과ms:184
17:41:59  RSSI구간:4
17:41:59  RSSI거리:1.52
17:41:59  상대보정:0
17:41:59  상대보정중:0
17:41:59  보정동쪽:0.00
17:41:59  보정북쪽:0.00
17:41:59  UWB유효:1
17:41:59  UWB원시거리:4.970
17:41:59  UWB보정거리:5.007
17:41:59  UWB접근속도:-0.001
17:41:59  UWB_RSSI:nan
17:41:59  UWB경과ms:76
17:41:59  UWB샘플:16859
17:41:59  UWB실패:211
17:41:59  UWB보정:1
17:41:59  UWB보정중:0
17:41:59  UWB보정샘플:100
17:41:59  UWB보정기준:3.000
17:41:59  UWB오프셋:0.035
17:41:59  UWB위험사용:0
17:41:59  UWB전송:16844
17:41:59  위험송신:0
17:41:59  시각ms:3429485
17:41:59  IMU시각ms:3429485
17:41:59  위험:0
17:41:59  원시위험:0
17:41:59  GPS유효:1
17:41:59  위도:37.496436
17:41:59  경도:126.954188
17:41:59  속도:1.22
17:41:59  방향:317.2
17:41:59  이동방향유효:1
17:41:59  GPS이동방향:317.2
17:41:59  차체방향유효:1
17:41:59  차체방향:128.4
17:41:59  후진판정:1
17:41:59  IMU요회전속도:0.00
17:41:59  방향가속도크기:9.72
17:41:59  방향자이로크기:2.69
17:41:59  방향자세cos:0.9988
17:41:59  자기모델잔차:34.53
17:41:59  자기모델반경:1.001
17:41:59  방향채택:0
17:41:59  방향거부:367558
17:41:59  GPS원시속도:0.916
17:41:59  GPS원시방향유효:1
17:41:59  GPS원시방향:318.5
17:41:59  가속도:-0.10,0.16,9.72
17:41:59  자이로:2.7,-0.1,0.2
17:41:59  자력계:27.750,-47.250,34.500
17:41:59  충격값:0.03
17:41:59  충격피크:0.15
17:41:59  마지막충격발생값:0.00
17:41:59  마지막충격발생ms:0
17:41:59  송신:32735
17:41:59  지팡이수신:25902
17:41:59  GPS위성:6
17:41:59  GPS_HDOP:1.52
17:41:59  원시위도:37.496420
17:41:59  원시경도:126.954210
17:41:59  GPS채택:3405
17:41:59  GPS이상치거부:4
17:41:59  GPS품질거부:6
17:41:59  GPS재기준:1
17:41:59  계산거리:-1.00
17:41:59  접근속도:0.00
17:41:59  TTC:999.00
17:41:59  방향오차:0.0
17:41:59  전방여부:0
17:41:59  위험음성횟수:0
17:41:59  충격음성횟수:0
17:41:59  마지막위험음성:0
17:41:59  RSSI원시:-56
17:41:59  RSSI평활:-56.1
17:41:59  RSSI샘플:25902
17:41:59  RSSI경과ms:14
17:41:59  RSSI구간:4
17:41:59  RSSI거리:1.52
17:41:59  상대보정:0
17:41:59  상대보정중:0
17:41:59  보정동쪽:0.00
17:41:59  보정북쪽:0.00
17:41:59  UWB유효:1
17:41:59  UWB원시거리:4.970
17:41:59  UWB보정거리:5.007
17:41:59  UWB접근속도:-0.001
17:41:59  UWB_RSSI:nan
17:41:59  UWB경과ms:127
17:41:59  UWB샘플:16859
17:41:59  UWB실패:211
17:41:59  UWB보정:1
17:41:59  UWB보정중:0
17:41:59  UWB보정샘플:100
17:41:59  UWB보정기준:3.000
17:41:59  UWB오프셋:0.035
17:41:59  UWB위험사용:0
17:41:59  UWB전송:16844
17:41:59  위험송신:0
17:41:59  시각ms:3429536
17:41:59  IMU시각ms:3429536
17:41:59  위험:0
17:41:59  원시위험:0
17:41:59  GPS유효:1
17:41:59  위도:37.496436
17:41:59  경도:126.954188
17:41:59  속도:1.22
17:41:59  방향:317.2
17:41:59  이동방향유효:1
17:41:59  GPS이동방향:317.2
17:41:59  차체방향유효:1
17:41:59  차체방향:128.4
17:41:59  후진판정:1
17:41:59  IMU요회전속도:0.00
17:41:59  방향가속도크기:9.71
17:41:59  방향자이로크기:1.80
17:41:59  방향자세cos:0.9984
17:41:59  자기모델잔차:32.91
17:41:59  자기모델반경:1.017
17:41:59  방향채택:0
17:41:59  방향거부:367564
17:41:59  GPS원시속도:0.916
17:41:59  GPS원시방향유효:1
17:41:59  GPS원시방향:318.5
17:41:59  가속도:-0.02,0.14,9.71
17:41:59  자이로:-0.8,0.2,-1.6
17:41:59  자력계:27.450,-48.300,33.000
17:41:59  충격값:0.06
17:41:59  충격피크:0.19
17:41:59  마지막충격발생값:0.00
17:41:59  마지막충격발생ms:0
17:41:59  송신:32736
17:41:59  지팡이수신:25902
17:41:59  GPS위성:6
17:41:59  GPS_HDOP:1.52
17:41:59  원시위도:37.496420
17:41:59  원시경도:126.954210
17:41:59  GPS채택:3405
17:41:59  GPS이상치거부:4
17:41:59  GPS품질거부:6
17:41:59  GPS재기준:1
17:41:59  계산거리:-1.00
17:41:59  접근속도:0.00
17:41:59  TTC:999.00
17:41:59  방향오차:0.0
17:41:59  전방여부:0
17:41:59  위험음성횟수:0
17:41:59  충격음성횟수:0
17:41:59  마지막위험음성:0
17:41:59  RSSI원시:-56
17:41:59  RSSI평활:-56.1
17:41:59  RSSI샘플:25902
17:41:59  RSSI경과ms:65
17:41:59  RSSI구간:4
17:41:59  RSSI거리:1.52
17:41:59  상대보정:0
17:41:59  상대보정중:0
17:41:59  보정동쪽:0.00
17:41:59  보정북쪽:0.00
17:41:59  UWB유효:1
17:41:59  UWB원시거리:4.970
17:41:59  UWB보정거리:5.007
17:41:59  UWB접근속도:-0.001
17:41:59  UWB_RSSI:nan
17:41:59  UWB경과ms:178
17:41:59  UWB샘플:16859
17:41:59  UWB실패:211
17:41:59  UWB보정:1
17:41:59  UWB보정중:0
17:41:59  UWB보정샘플:100
17:41:59  UWB보정기준:3.000
17:41:59  UWB오프셋:0.035
17:41:59  UWB위험사용:0
17:41:59  UWB전송:16844
17:41:59  위험송신:0
17:41:59  시각ms:3429591
17:41:59  IMU시각ms:3429591
17:41:59  위험:0
17:41:59  원시위험:0
17:41:59  GPS유효:1
17:41:59  위도:37.496436
17:41:59  경도:126.954188
17:41:59  속도:1.22
17:41:59  방향:317.2
17:41:59  이동방향유효:1
17:41:59  GPS이동방향:317.2
17:41:59  차체방향유효:1
17:41:59  차체방향:128.4
17:41:59  후진판정:1
17:41:59  IMU요회전속도:0.00
17:41:59  방향가속도크기:9.69
17:41:59  방향자이로크기:3.90
17:41:59  방향자세cos:0.9987
17:41:59  자기모델잔차:34.07
17:41:59  자기모델반경:1.010
17:41:59  방향채택:0
17:41:59  방향거부:367570
17:41:59  GPS원시속도:0.916
17:41:59  GPS원시방향유효:1
17:41:59  GPS원시방향:318.5
17:41:59  가속도:-0.07,0.14,9.69
17:41:59  자이로:3.6,-1.3,0.6
17:41:59  자력계:26.550,-48.600,34.200
17:41:59  충격값:0.04
17:41:59  충격피크:0.14
17:41:59  마지막충격발생값:0.00
17:41:59  마지막충격발생ms:0
17:41:59  송신:32736
17:41:59  지팡이수신:25903
17:41:59  GPS위성:6
17:41:59  GPS_HDOP:1.52
17:41:59  원시위도:37.496420
17:41:59  원시경도:126.954210
17:41:59  GPS채택:3405
17:41:59  GPS이상치거부:4
17:41:59  GPS품질거부:6
17:41:59  GPS재기준:1
17:41:59  계산거리:-1.00
17:41:59  접근속도:0.00
17:41:59  TTC:999.00
17:41:59  방향오차:0.0
17:41:59  전방여부:0
17:41:59  위험음성횟수:0
17:41:59  충격음성횟수:0
17:41:59  마지막위험음성:0
17:41:59  RSSI원시:-58
17:41:59  RSSI평활:-56.5
17:41:59  RSSI샘플:25903
17:41:59  RSSI경과ms:12
17:41:59  RSSI구간:4
17:41:59  RSSI거리:1.58
17:41:59  상대보정:0
17:41:59  상대보정중:0
17:41:59  보정동쪽:0.00
17:41:59  보정북쪽:0.00
17:41:59  UWB유효:1
17:41:59  UWB원시거리:5.070
17:41:59  UWB보정거리:5.006
17:41:59  UWB접근속도:-0.000
17:41:59  UWB_RSSI:nan
17:41:59  UWB경과ms:33
17:41:59  UWB샘플:16860
17:41:59  UWB실패:211
17:41:59  UWB보정:1
17:41:59  UWB보정중:0
17:41:59  UWB보정샘플:100
17:41:59  UWB보정기준:3.000
17:41:59  UWB오프셋:0.035
17:41:59  UWB위험사용:0
17:41:59  UWB전송:16845
17:41:59  위험송신:0
17:41:59  시각ms:3429695
17:41:59  IMU시각ms:3429694
17:41:59  위험:0
17:41:59  원시위험:0
17:41:59  GPS유효:1
17:41:59  위도:37.496436
17:41:59  경도:126.954188
17:41:59  속도:1.22
17:41:59  방향:317.2
17:41:59  이동방향유효:1
17:41:59  GPS이동방향:317.2
17:41:59  차체방향유효:1
17:41:59  차체방향:128.4
17:41:59  후진판정:1
17:41:59  IMU요회전속도:0.00
17:41:59  방향가속도크기:9.70
17:41:59  방향자이로크기:2.21
17:41:59  방향자세cos:0.9986
17:41:59  자기모델잔차:32.64
17:41:59  자기모델반경:1.025
17:41:59  방향채택:0
17:41:59  방향거부:367582
17:41:59  GPS원시속도:0.916
17:41:59  GPS원시방향유효:1
17:41:59  GPS원시방향:318.5
17:41:59  가속도:-0.01,0.21,9.70
17:41:59  자이로:0.0,-0.2,-2.2
17:41:59  자력계:28.050,-48.150,32.700
17:41:59  충격값:0.06
17:41:59  충격피크:0.12
17:41:59  마지막충격발생값:0.00
17:41:59  마지막충격발생ms:0
17:41:59  송신:32737
17:41:59  지팡이수신:25904
17:41:59  GPS위성:6
17:41:59  GPS_HDOP:1.52
17:41:59  원시위도:37.496420
17:41:59  원시경도:126.954210
17:41:59  GPS채택:3405
17:41:59  GPS이상치거부:4
17:41:59  GPS품질거부:6
17:41:59  GPS재기준:1
17:41:59  계산거리:-1.00
17:41:59  접근속도:0.00
17:41:59  TTC:999.00
17:41:59  방향오차:0.0
17:41:59  전방여부:0
17:41:59  위험음성횟수:0
17:41:59  충격음성횟수:0
17:41:59  마지막위험음성:0
17:41:59  RSSI원시:-57
17:41:59  RSSI평활:-56.6
17:41:59  RSSI샘플:25904
17:41:59  RSSI경과ms:15
17:41:59  RSSI구간:4
17:41:59  RSSI거리:1.59
17:41:59  상대보정:0
17:41:59  상대보정중:0
17:41:59  보정동쪽:0.00
17:41:59  보정북쪽:0.00
17:41:59  UWB유효:1
17:41:59  UWB원시거리:5.070
17:41:59  UWB보정거리:5.006
17:41:59  UWB접근속도:-0.000
17:41:59  UWB_RSSI:nan
17:41:59  UWB경과ms:137
17:41:59  UWB샘플:16860
17:41:59  UWB실패:211
17:41:59  UWB보정:1
17:41:59  UWB보정중:0
17:41:59  UWB보정샘플:100
17:41:59  UWB보정기준:3.000
17:41:59  UWB오프셋:0.035
17:41:59  UWB위험사용:0
17:41:59  UWB전송:16845
17:41:59  위험송신:0
17:41:59  시각ms:3429746
17:41:59  IMU시각ms:3429746
17:41:59  위험:0
17:41:59  원시위험:0
17:41:59  GPS유효:1
17:41:59  위도:37.496432
17:41:59  경도:126.954202
17:41:59  속도:1.00
17:41:59  방향:317.7
17:41:59  이동방향유효:1
17:41:59  GPS이동방향:317.7
17:41:59  차체방향유효:1
17:41:59  차체방향:129.5
17:41:59  후진판정:1
17:41:59  IMU요회전속도:0.00
17:41:59  방향가속도크기:9.75
17:41:59  방향자이로크기:2.72
17:41:59  방향자세cos:0.9983
17:41:59  자기모델잔차:33.33
17:41:59  자기모델반경:1.039
17:41:59  방향채택:0
17:41:59  방향거부:367588
17:41:59  GPS원시속도:0.777
17:41:59  GPS원시방향유효:1
17:41:59  GPS원시방향:318.5
17:41:59  가속도:0.02,0.14,9.75
17:41:59  자이로:2.3,1.4,-0.2
17:41:59  자력계:28.050,-48.600,33.450
17:41:59  충격값:0.10
17:41:59  충격피크:0.21
17:41:59  마지막충격발생값:0.00
17:41:59  마지막충격발생ms:0
17:41:59  송신:32738
17:41:59  지팡이수신:25904
17:41:59  GPS위성:6
17:41:59  GPS_HDOP:1.52
17:41:59  원시위도:37.496425
17:41:59  원시경도:126.954218
17:41:59  GPS채택:3406
17:41:59  GPS이상치거부:4
17:41:59  GPS품질거부:6
17:41:59  GPS재기준:1
17:41:59  계산거리:-1.00
17:41:59  접근속도:0.00
17:41:59  TTC:999.00
17:41:59  방향오차:0.0
17:41:59  전방여부:0
17:41:59  위험음성횟수:0
17:41:59  충격음성횟수:0
17:41:59  마지막위험음성:0
17:41:59  RSSI원시:-57
17:41:59  RSSI평활:-56.6
17:41:59  RSSI샘플:25904
17:41:59  RSSI경과ms:66
17:41:59  RSSI구간:4
17:41:59  RSSI거리:1.59
17:41:59  상대보정:0
17:41:59  상대보정중:0
17:41:59  보정동쪽:0.00
17:41:59  보정북쪽:0.00
17:41:59  UWB유효:1
17:41:59  UWB원시거리:5.070
17:41:59  UWB보정거리:5.006
17:41:59  UWB접근속도:-0.000
17:41:59  UWB_RSSI:nan
17:41:59  UWB경과ms:188
17:41:59  UWB샘플:16860
17:41:59  UWB실패:211
17:41:59  UWB보정:1
17:41:59  UWB보정중:0
17:41:59  UWB보정샘플:100
17:41:59  UWB보정기준:3.000
17:41:59  UWB오프셋:0.035
17:41:59  UWB위험사용:0
17:41:59  UWB전송:16845
17:41:59  위험송신:0
17:41:59  시각ms:3429800
17:41:59  IMU시각ms:3429800
17:41:59  위험:0
17:41:59  원시위험:0
17:41:59  GPS유효:1
17:41:59  위도:37.496432
17:41:59  경도:126.954202
17:41:59  속도:1.00
17:41:59  방향:317.7
17:41:59  이동방향유효:1
17:41:59  GPS이동방향:317.7
17:41:59  차체방향유효:1
17:41:59  차체방향:129.5
17:41:59  후진판정:1
17:41:59  IMU요회전속도:0.00
17:41:59  방향가속도크기:9.69
17:41:59  방향자이로크기:1.88
17:41:59  방향자세cos:0.9989
17:41:59  자기모델잔차:32.72
17:41:59  자기모델반경:0.990
17:41:59  방향채택:0
17:41:59  방향거부:367594
17:41:59  GPS원시속도:0.777
17:41:59  GPS원시방향유효:1
17:41:59  GPS원시방향:318.5
17:41:59  가속도:-0.07,0.23,9.69
17:41:59  자이로:-1.6,-0.9,-0.3
17:41:59  자력계:27.300,-47.400,32.700
17:41:59  충격값:0.06
17:41:59  충격피크:0.16
17:41:59  마지막충격발생값:0.00
17:41:59  마지막충격발생ms:0
17:41:59  송신:32738
17:41:59  지팡이수신:25904
17:41:59  GPS위성:6
17:41:59  GPS_HDOP:1.52
17:41:59  원시위도:37.496425
17:41:59  원시경도:126.954218
17:41:59  GPS채택:3406
17:41:59  GPS이상치거부:4
17:41:59  GPS품질거부:6
17:41:59  GPS재기준:1
17:41:59  계산거리:-1.00
17:41:59  접근속도:0.00
17:41:59  TTC:999.00
17:41:59  방향오차:0.0
17:41:59  전방여부:0
17:41:59  위험음성횟수:0
17:41:59  충격음성횟수:0
17:41:59  마지막위험음성:0
17:41:59  RSSI원시:-57
17:41:59  RSSI평활:-56.6
17:41:59  RSSI샘플:25904
17:41:59  RSSI경과ms:120
17:41:59  RSSI구간:4
17:41:59  RSSI거리:1.59
17:41:59  상대보정:0
17:41:59  상대보정중:0
17:41:59  보정동쪽:0.00
17:41:59  보정북쪽:0.00
17:41:59  UWB유효:1
17:41:59  UWB원시거리:5.100
17:41:59  UWB보정거리:5.023
17:41:59  UWB접근속도:-0.025
17:41:59  UWB_RSSI:nan
17:41:59  UWB경과ms:40
17:41:59  UWB샘플:16861
17:41:59  UWB실패:211
17:41:59  UWB보정:1
17:41:59  UWB보정중:0
17:41:59  UWB보정샘플:100
17:41:59  UWB보정기준:3.000
17:41:59  UWB오프셋:0.035
17:41:59  UWB위험사용:0
17:41:59  UWB전송:16846
17:41:59  위험송신:0
17:41:59  시각ms:3430169
17:41:59  IMU시각ms:3430169
17:41:59  위험:0
17:41:59  원시위험:0
17:41:59  GPS유효:1
17:41:59  위도:37.496434
17:41:59  경도:126.954200
17:41:59  속도:1.00
17:41:59  방향:317.7
17:41:59  이동방향유효:1
17:41:59  GPS이동방향:317.7
17:41:59  차체방향유효:1
17:41:59  차체방향:129.5
17:41:59  후진판정:1
17:41:59  IMU요회전속도:0.00
17:41:59  방향가속도크기:9.69
17:41:59  방향자이로크기:2.39
17:41:59  방향자세cos:0.9983
17:41:59  자기모델잔차:33.24
17:41:59  자기모델반경:0.995
17:41:59  방향채택:0
17:41:59  방향거부:367635
17:41:59  GPS원시속도:0.777
17:41:59  GPS원시방향유효:1
17:41:59  GPS원시방향:318.5
17:41:59  가속도:0.01,0.13,9.69
17:41:59  자이로:2.1,-0.6,-0.9
17:41:59  자력계:26.700,-48.000,33.300
17:41:59  충격값:0.09
17:41:59  충격피크:0.12
17:41:59  마지막충격발생값:0.00
17:41:59  마지막충격발생ms:0
17:41:59  송신:32742
17:41:59  지팡이수신:25908
17:41:59  GPS위성:6
17:41:59  GPS_HDOP:1.52
17:41:59  원시위도:37.496425
17:41:59  원시경도:126.954218
17:41:59  GPS채택:3406
17:41:59  GPS이상치거부:4
17:41:59  GPS품질거부:6
17:41:59  GPS재기준:1
17:41:59  계산거리:-1.00
17:41:59  접근속도:0.00
17:41:59  TTC:999.00
17:41:59  방향오차:0.0
17:41:59  전방여부:0
17:41:59  위험음성횟수:0
17:41:59  충격음성횟수:0
17:41:59  마지막위험음성:0
17:41:59  RSSI원시:-57
17:41:59  RSSI평활:-57.3
17:41:59  RSSI샘플:25908
17:41:59  RSSI경과ms:36
17:41:59  RSSI구간:4
17:41:59  RSSI거리:1.70
17:41:59  상대보정:0
17:41:59  상대보정중:0
17:41:59  보정동쪽:0.00
17:41:59  보정북쪽:0.00
17:41:59  UWB유효:1
17:41:59  UWB원시거리:5.170
17:41:59  UWB보정거리:5.081
17:41:59  UWB접근속도:-0.086
17:41:59  UWB_RSSI:nan
17:41:59  UWB경과ms:8
17:41:59  UWB샘플:16863
17:41:59  UWB실패:211
17:41:59  UWB보정:1
17:41:59  UWB보정중:0
17:41:59  UWB보정샘플:100
17:41:59  UWB보정기준:3.000
17:41:59  UWB오프셋:0.035
17:41:59  UWB위험사용:0
17:41:59  UWB전송:16848
17:41:59  위험송신:0
17:41:59  시각ms:3430327
17:41:59  IMU시각ms:3430327
17:41:59  위험:0
17:41:59  원시위험:0
17:41:59  GPS유효:1
17:41:59  위도:37.496435
17:41:59  경도:126.954200
17:41:59  속도:1.00
17:41:59  방향:317.7
17:41:59  이동방향유효:1
17:41:59  GPS이동방향:317.7
17:41:59  차체방향유효:1
17:41:59  차체방향:129.5
17:41:59  후진판정:1
17:41:59  IMU요회전속도:0.00
17:41:59  방향가속도크기:9.63
17:41:59  방향자이로크기:2.42
17:41:59  방향자세cos:0.9989
17:41:59  자기모델잔차:32.41
17:41:59  자기모델반경:0.964
17:41:59  방향채택:0
17:41:59  방향거부:367652
17:41:59  GPS원시속도:0.777
17:41:59  GPS원시방향유효:1
17:41:59  GPS원시방향:318.5
17:41:59  가속도:-0.07,0.20,9.63
17:41:59  자이로:1.2,-0.9,-1.9
17:41:59  자력계:26.100,-47.400,32.400
17:41:59  충격값:0.08
17:41:59  충격피크:0.13
17:41:59  마지막충격발생값:0.00
17:41:59  마지막충격발생ms:0
17:41:59  송신:32743
17:41:59  지팡이수신:25910
17:41:59  GPS위성:6
17:41:59  GPS_HDOP:1.52
17:41:59  원시위도:37.496425
17:41:59  원시경도:126.954218
17:41:59  GPS채택:3406
17:41:59  GPS이상치거부:4
17:41:59  GPS품질거부:6
17:41:59  GPS재기준:1
17:41:59  계산거리:-1.00
17:41:59  접근속도:0.00
17:41:59  TTC:999.00
17:41:59  방향오차:0.0
17:41:59  전방여부:0
17:41:59  위험음성횟수:0
17:41:59  충격음성횟수:0
17:41:59  마지막위험음성:0
17:41:59  RSSI원시:-57
17:41:59  RSSI평활:-57.3
17:41:59  RSSI샘플:25910
17:41:59  RSSI경과ms:16
17:41:59  RSSI구간:4
17:41:59  RSSI거리:1.71
17:41:59  상대보정:0
17:41:59  상대보정중:0
17:41:59  보정동쪽:0.00
17:41:59  보정북쪽:0.00
17:41:59  UWB유효:1
17:41:59  UWB원시거리:5.170
17:41:59  UWB보정거리:5.081
17:41:59  UWB접근속도:-0.086
17:41:59  UWB_RSSI:nan
17:41:59  UWB경과ms:166
17:41:59  UWB샘플:16863
17:41:59  UWB실패:211
17:41:59  UWB보정:1
17:41:59  UWB보정중:0
17:41:59  UWB보정샘플:100
17:41:59  UWB보정기준:3.000
17:41:59  UWB오프셋:0.035
17:41:59  UWB위험사용:0
17:41:59  UWB전송:16848
17:41:59  위험송신:0
17:42:00  시각ms:3430643
17:42:00  IMU시각ms:3430643
17:42:00  위험:0
17:42:00  원시위험:0
17:42:00  GPS유효:1
17:42:00  위도:37.496435
17:42:00  경도:126.954199
17:42:00  속도:1.00
17:42:00  방향:317.7
17:42:00  이동방향유효:1
17:42:00  GPS이동방향:317.7
17:42:00  차체방향유효:1
17:42:00  차체방향:129.5
17:42:00  후진판정:1
17:42:00  IMU요회전속도:0.00
17:42:00  방향가속도크기:9.68
17:42:00  방향자이로크기:2.71
17:42:00  방향자세cos:0.9989
17:42:00  자기모델잔차:33.15
17:42:00  자기모델반경:0.999
17:42:00  방향채택:0
17:42:00  방향거부:367688
17:42:00  GPS원시속도:0.777
17:42:00  GPS원시방향유효:1
17:42:00  GPS원시방향:318.5
17:42:00  가속도:-0.07,0.22,9.68
17:42:00  자이로:2.1,0.6,1.6
17:42:00  자력계:25.950,-48.750,33.300
17:42:00  충격값:0.04
17:42:00  충격피크:0.20
17:42:00  마지막충격발생값:0.00
17:42:00  마지막충격발생ms:0
17:42:00  송신:32746
17:42:00  지팡이수신:25913
17:42:00  GPS위성:6
17:42:00  GPS_HDOP:1.52
17:42:00  원시위도:37.496425
17:42:00  원시경도:126.954218
17:42:00  GPS채택:3406
17:42:00  GPS이상치거부:4
17:42:00  GPS품질거부:6
17:42:00  GPS재기준:1
17:42:00  계산거리:-1.00
17:42:00  접근속도:0.00
17:42:00  TTC:999.00
17:42:00  방향오차:0.0
17:42:00  전방여부:0
17:42:00  위험음성횟수:0
17:42:00  충격음성횟수:0
17:42:00  마지막위험음성:0
17:42:00  RSSI원시:-58
17:42:00  RSSI평활:-57.8
17:42:00  RSSI샘플:25913
17:42:00  RSSI경과ms:13
17:42:00  RSSI구간:4
17:42:00  RSSI거리:1.79
17:42:00  상대보정:0
17:42:00  상대보정중:0
17:42:00  보정동쪽:0.00
17:42:00  보정북쪽:0.00
17:42:00  UWB유효:1
17:42:00  UWB원시거리:5.160
17:42:00  UWB보정거리:5.138
17:42:00  UWB접근속도:-0.116
17:42:00  UWB_RSSI:nan
17:42:00  UWB경과ms:86
17:42:00  UWB샘플:16865
17:42:00  UWB실패:211
17:42:00  UWB보정:1
17:42:00  UWB보정중:0
17:42:00  UWB보정샘플:100
17:42:00  UWB보정기준:3.000
17:42:00  UWB오프셋:0.035
17:42:00  UWB위험사용:0
17:42:00  UWB전송:16850
17:42:00  위험송신:0
17:42:00  시각ms:3430696
17:42:00  IMU시각ms:3430696
17:42:00  위험:0
17:42:00  원시위험:0
17:42:00  GPS유효:1
17:42:00  위도:37.496435
17:42:00  경도:126.954199
17:42:00  속도:1.00
17:42:00  방향:317.7
17:42:00  이동방향유효:1
17:42:00  GPS이동방향:317.7
17:42:00  차체방향유효:1
17:42:00  차체방향:129.5
17:42:00  후진판정:1
17:42:00  IMU요회전속도:0.00
17:42:00  방향가속도크기:9.67
17:42:00  방향자이로크기:2.64
17:42:00  방향자세cos:0.9981
17:42:00  자기모델잔차:33.90
17:42:00  자기모델반경:1.022
17:42:00  방향채택:0
17:42:00  방향거부:367694
17:42:00  GPS원시속도:0.777
17:42:00  GPS원시방향유효:1
17:42:00  GPS원시방향:318.5
17:42:00  가속도:0.03,0.12,9.67
17:42:00  자이로:2.6,-0.1,0.3
17:42:00  자력계:27.000,-48.750,34.050
17:42:00  충격값:0.12
17:42:00  충격피크:0.13
17:42:00  마지막충격발생값:0.00
17:42:00  마지막충격발생ms:0
17:42:00  송신:32747
17:42:00  지팡이수신:25913
17:42:00  GPS위성:6
17:42:00  GPS_HDOP:1.52
17:42:00  원시위도:37.496425
17:42:00  원시경도:126.954218
17:42:00  GPS채택:3406
17:42:00  GPS이상치거부:4
17:42:00  GPS품질거부:6
17:42:00  GPS재기준:1
17:42:00  계산거리:-1.00
17:42:00  접근속도:0.00
17:42:00  TTC:999.00
17:42:00  방향오차:0.0
17:42:00  전방여부:0
17:42:00  위험음성횟수:0
17:42:00  충격음성횟수:0
17:42:00  마지막위험음성:0
17:42:00  RSSI원시:-58
17:42:00  RSSI평활:-57.8
17:42:00  RSSI샘플:25913
17:42:00  RSSI경과ms:66
17:42:00  RSSI구간:4
17:42:00  RSSI거리:1.79
17:42:00  상대보정:0
17:42:00  상대보정중:0
17:42:00  보정동쪽:0.00
17:42:00  보정북쪽:0.00
17:42:00  UWB유효:1
17:42:00  UWB원시거리:5.160
17:42:00  UWB보정거리:5.138
17:42:00  UWB접근속도:-0.116
17:42:00  UWB_RSSI:nan
17:42:00  UWB경과ms:139
17:42:00  UWB샘플:16865
17:42:00  UWB실패:211
17:42:00  UWB보정:1
17:42:00  UWB보정중:0
17:42:00  UWB보정샘플:100
17:42:00  UWB보정기준:3.000
17:42:00  UWB오프셋:0.035
17:42:00  UWB위험사용:0
17:42:00  UWB전송:16850
17:42:00  위험송신:0
17:42:00  시각ms:3430806
17:42:00  IMU시각ms:3430805
17:42:00  위험:0
17:42:00  원시위험:0
17:42:00  GPS유효:1
17:42:00  위도:37.496440
17:42:00  경도:126.954205
17:42:00  속도:1.03
17:42:00  방향:317.9
17:42:00  이동방향유효:1
17:42:00  GPS이동방향:317.9
17:42:00  차체방향유효:1
17:42:00  차체방향:130.5
17:42:00  후진판정:1
17:42:00  IMU요회전속도:0.00
17:42:00  방향가속도크기:9.86
17:42:00  방향자이로크기:2.89
17:42:00  방향자세cos:0.9988
17:42:00  자기모델잔차:33.23
17:42:00  자기모델반경:0.970
17:42:00  방향채택:0
17:42:00  방향거부:367706
17:42:00  GPS원시속도:1.070
17:42:00  GPS원시방향유효:1
17:42:00  GPS원시방향:318.5
17:42:00  가속도:-0.08,0.18,9.85
17:42:00  자이로:1.6,-2.3,0.7
17:42:00  자력계:25.500,-48.000,33.300
17:42:00  충격값:0.15
17:42:00  충격피크:0.18
17:42:00  마지막충격발생값:0.00
17:42:00  마지막충격발생ms:0
17:42:00  송신:32748
17:42:00  지팡이수신:25914
17:42:00  GPS위성:6
17:42:00  GPS_HDOP:1.52
17:42:00  원시위도:37.496443
17:42:00  원시경도:126.954212
17:42:00  GPS채택:3407
17:42:00  GPS이상치거부:4
17:42:00  GPS품질거부:6
17:42:00  GPS재기준:1
17:42:00  계산거리:-1.00
17:42:00  접근속도:0.00
17:42:00  TTC:999.00
17:42:00  방향오차:0.0
17:42:00  전방여부:0
17:42:00  위험음성횟수:0
17:42:00  충격음성횟수:0
17:42:00  마지막위험음성:0
17:42:00  RSSI원시:-58
17:42:00  RSSI평활:-57.9
17:42:00  RSSI샘플:25914
17:42:00  RSSI경과ms:69
17:42:00  RSSI구간:4
17:42:00  RSSI거리:1.80
17:42:00  상대보정:0
17:42:00  상대보정중:0
17:42:00  보정동쪽:0.00
17:42:00  보정북쪽:0.00
17:42:00  UWB유효:1
17:42:00  UWB원시거리:5.160
17:42:00  UWB보정거리:5.158
17:42:00  UWB접근속도:-0.111
17:42:00  UWB_RSSI:nan
17:42:00  UWB경과ms:43
17:42:00  UWB샘플:16866
17:42:00  UWB실패:211
17:42:00  UWB보정:1
17:42:00  UWB보정중:0
17:42:00  UWB보정샘플:100
17:42:00  UWB보정기준:3.000
17:42:00  UWB오프셋:0.035
17:42:00  UWB위험사용:0
17:42:00  UWB전송:16851
17:42:00  위험송신:0
17:42:00  시각ms:3430858
17:42:00  IMU시각ms:3430858
17:42:00  위험:0
17:42:00  원시위험:0
17:42:00  GPS유효:1
17:42:00  위도:37.496441
17:42:00  경도:126.954205
17:42:00  속도:1.03
17:42:00  방향:317.9
17:42:00  이동방향유효:1
17:42:00  GPS이동방향:317.9
17:42:00  차체방향유효:1
17:42:00  차체방향:130.5
17:42:00  후진판정:1
17:42:00  IMU요회전속도:0.00
17:42:00  방향가속도크기:9.65
17:42:00  방향자이로크기:1.28
17:42:00  방향자세cos:0.9986
17:42:00  자기모델잔차:33.24
17:42:00  자기모델반경:0.979
17:42:00  방향채택:0
17:42:00  방향거부:367712
17:42:00  GPS원시속도:1.070
17:42:00  GPS원시방향유효:1
17:42:00  GPS원시방향:318.5
17:42:00  가속도:-0.11,0.09,9.65
17:42:00  자이로:0.8,-0.4,0.9
17:42:00  자력계:25.950,-48.000,33.300
17:42:00  충격값:0.11
17:42:00  충격피크:0.14
17:42:00  마지막충격발생값:0.00
17:42:00  마지막충격발생ms:0
17:42:00  송신:32748
17:42:00  지팡이수신:25915
17:42:00  GPS위성:6
17:42:00  GPS_HDOP:1.52
17:42:00  원시위도:37.496443
17:42:00  원시경도:126.954212
17:42:00  GPS채택:3407
17:42:00  GPS이상치거부:4
17:42:00  GPS품질거부:6
17:42:00  GPS재기준:1
17:42:00  계산거리:-1.00
17:42:00  접근속도:0.00
17:42:00  TTC:999.00
17:42:00  방향오차:0.0
17:42:00  전방여부:0
17:42:00  위험음성횟수:0
17:42:00  충격음성횟수:0
17:42:00  마지막위험음성:0
17:42:00  RSSI원시:-58
17:42:00  RSSI평활:-57.9
17:42:00  RSSI샘플:25915
17:42:00  RSSI경과ms:20
17:42:00  RSSI구간:4
17:42:00  RSSI거리:1.80
17:42:00  상대보정:0
17:42:00  상대보정중:0
17:42:00  보정동쪽:0.00
17:42:00  보정북쪽:0.00
17:42:00  UWB유효:1
17:42:00  UWB원시거리:5.160
17:42:00  UWB보정거리:5.158
17:42:00  UWB접근속도:-0.111
17:42:00  UWB_RSSI:nan
17:42:00  UWB경과ms:95
17:42:00  UWB샘플:16866
17:42:00  UWB실패:211
17:42:00  UWB보정:1
17:42:00  UWB보정중:0
17:42:00  UWB보정샘플:100
17:42:00  UWB보정기준:3.000
17:42:00  UWB오프셋:0.035
17:42:00  UWB위험사용:0
17:42:00  UWB전송:16851
17:42:00  위험송신:0
17:42:00  시각ms:3431020
17:42:00  IMU시각ms:3431019
17:42:00  위험:0
17:42:00  원시위험:0
17:42:00  GPS유효:1
17:42:00  위도:37.496442
17:42:00  경도:126.954204
17:42:00  속도:1.03
17:42:00  방향:317.9
17:42:00  이동방향유효:1
17:42:00  GPS이동방향:317.9
17:42:00  차체방향유효:1
17:42:00  차체방향:130.5
17:42:00  후진판정:1
17:42:00  IMU요회전속도:-0.65
17:42:00  방향가속도크기:9.74
17:42:00  방향자이로크기:3.20
17:42:00  방향자세cos:0.9989
17:42:00  자기모델잔차:33.69
17:42:00  자기모델반경:0.996
17:42:00  방향채택:0
17:42:00  방향거부:367730
17:42:00  GPS원시속도:1.070
17:42:00  GPS원시방향유효:1
17:42:00  GPS원시방향:318.5
17:42:00  가속도:-0.10,0.19,9.74
17:42:00  자이로:0.5,-0.2,3.2
17:42:00  자력계:26.700,-48.000,33.750
17:42:00  충격값:0.04
17:42:00  충격피크:0.15
17:42:00  마지막충격발생값:0.00
17:42:00  마지막충격발생ms:0
17:42:00  송신:32750
17:42:00  지팡이수신:25916
17:42:00  GPS위성:6
17:42:00  GPS_HDOP:1.52
17:42:00  원시위도:37.496443
17:42:00  원시경도:126.954212
17:42:00  GPS채택:3407
17:42:00  GPS이상치거부:4
17:42:00  GPS품질거부:6
17:42:00  GPS재기준:1
17:42:00  계산거리:-1.00
17:42:00  접근속도:0.00
17:42:00  TTC:999.00
17:42:00  방향오차:0.0
17:42:00  전방여부:0
17:42:00  위험음성횟수:0
17:42:00  충격음성횟수:0
17:42:00  마지막위험음성:0
17:42:00  RSSI원시:-58
17:42:00  RSSI평활:-57.9
17:42:00  RSSI샘플:25916
17:42:00  RSSI경과ms:81
17:42:00  RSSI구간:4
17:42:00  RSSI거리:1.80
17:42:00  상대보정:0
17:42:00  상대보정중:0
17:42:00  보정동쪽:0.00
17:42:00  보정북쪽:0.00
17:42:00  UWB유효:1
17:42:00  UWB원시거리:5.120
17:42:00  UWB보정거리:5.171
17:42:00  UWB접근속도:-0.097
17:42:00  UWB_RSSI:nan
17:42:00  UWB경과ms:61
17:42:00  UWB샘플:16867
17:42:00  UWB실패:211
17:42:00  UWB보정:1
17:42:00  UWB보정중:0
17:42:00  UWB보정샘플:100
17:42:00  UWB보정기준:3.000
17:42:00  UWB오프셋:0.035
17:42:00  UWB위험사용:0
17:42:00  UWB전송:16852
17:42:00  위험송신:0
17:42:00  시각ms:3431071
17:42:00  IMU시각ms:3431071
17:42:00  위험:0
17:42:00  원시위험:0
17:42:00  GPS유효:1
17:42:00  위도:37.496442
17:42:00  경도:126.954204
17:42:00  속도:1.03
17:42:00  방향:317.9
17:42:00  이동방향유효:1
17:42:00  GPS이동방향:317.9
17:42:00  차체방향유효:1
17:42:00  차체방향:130.5
17:42:00  후진판정:1
17:42:00  IMU요회전속도:0.00
17:42:00  방향가속도크기:9.74
17:42:00  방향자이로크기:1.20
17:42:00  방향자세cos:0.9987
17:42:00  자기모델잔차:32.71
17:42:00  자기모델반경:0.956
17:42:00  방향채택:0
17:42:00  방향거부:367736
17:42:00  GPS원시속도:1.070
17:42:00  GPS원시방향유효:1
17:42:00  GPS원시방향:318.5
17:42:00  가속도:-0.11,0.12,9.73
17:42:00  자이로:0.8,-0.7,0.5
17:42:00  자력계:25.650,-47.400,32.700
17:42:00  충격값:0.07
17:42:00  충격피크:0.24
17:42:00  마지막충격발생값:0.00
17:42:00  마지막충격발생ms:0
17:42:00  송신:32750
17:42:00  지팡이수신:25917
17:42:00  GPS위성:6
17:42:00  GPS_HDOP:1.52
17:42:00  원시위도:37.496443
17:42:00  원시경도:126.954212
17:42:00  GPS채택:3407
17:42:00  GPS이상치거부:4
17:42:00  GPS품질거부:6
17:42:00  GPS재기준:1
17:42:00  계산거리:-1.00
17:42:00  접근속도:0.00
17:42:00  TTC:999.00
17:42:00  방향오차:0.0
17:42:00  전방여부:0
17:42:00  위험음성횟수:0
17:42:00  충격음성횟수:0
17:42:00  마지막위험음성:0
17:42:00  RSSI원시:-59
17:42:00  RSSI평활:-58.1
17:42:00  RSSI샘플:25917
17:42:00  RSSI경과ms:26
17:42:00  RSSI구간:4
17:42:00  RSSI거리:1.84
17:42:00  상대보정:0
17:42:00  상대보정중:0
17:42:00  보정동쪽:0.00
17:42:00  보정북쪽:0.00
17:42:00  UWB유효:1
17:42:00  UWB원시거리:5.120
17:42:00  UWB보정거리:5.171
17:42:00  UWB접근속도:-0.097
17:42:00  UWB_RSSI:nan
17:42:00  UWB경과ms:112
17:42:00  UWB샘플:16867
17:42:00  UWB실패:211
17:42:00  UWB보정:1
17:42:00  UWB보정중:0
17:42:00  UWB보정샘플:100
17:42:00  UWB보정기준:3.000
17:42:00  UWB오프셋:0.035
17:42:00  UWB위험사용:0
17:42:00  UWB전송:16852
17:42:00  위험송신:0
17:42:00  시각ms:3431124
17:42:00  IMU시각ms:3431123
17:42:00  위험:0
17:42:00  원시위험:0
17:42:00  GPS유효:1
17:42:00  위도:37.496442
17:42:00  경도:126.954203
17:42:00  속도:1.03
17:42:00  방향:317.9
17:42:00  이동방향유효:1
17:42:00  GPS이동방향:317.9
17:42:00  차체방향유효:1
17:42:00  차체방향:130.5
17:42:00  후진판정:1
17:42:00  IMU요회전속도:0.00
17:42:00  방향가속도크기:9.80
17:42:00  방향자이로크기:1.13
17:42:00  방향자세cos:0.9981
17:42:00  자기모델잔차:33.76
17:42:00  자기모델반경:1.000
17:42:00  방향채택:0
17:42:00  방향거부:367742
17:42:00  GPS원시속도:1.070
17:42:00  GPS원시방향유효:1
17:42:00  GPS원시방향:318.5
17:42:00  가속도:0.02,0.11,9.80
17:42:00  자이로:0.5,-0.7,-0.7
17:42:00  자력계:26.100,-48.600,33.900
17:42:00  충격값:0.14
17:42:00  충격피크:0.17
17:42:00  마지막충격발생값:0.00
17:42:00  마지막충격발생ms:0
17:42:00  송신:32751
17:42:00  지팡이수신:25917
17:42:00  GPS위성:6
17:42:00  GPS_HDOP:1.52
17:42:00  원시위도:37.496443
17:42:00  원시경도:126.954212
17:42:00  GPS채택:3407
17:42:00  GPS이상치거부:4
17:42:00  GPS품질거부:6
17:42:00  GPS재기준:1
17:42:00  계산거리:-1.00
17:42:00  접근속도:0.00
17:42:00  TTC:999.00
17:42:00  방향오차:0.0
17:42:00  전방여부:0
17:42:00  위험음성횟수:0
17:42:00  충격음성횟수:0
17:42:00  마지막위험음성:0
17:42:00  RSSI원시:-59
17:42:00  RSSI평활:-58.1
17:42:00  RSSI샘플:25917
17:42:00  RSSI경과ms:79
17:42:00  RSSI구간:4
17:42:00  RSSI거리:1.84
17:42:00  상대보정:0
17:42:00  상대보정중:0
17:42:00  보정동쪽:0.00
17:42:00  보정북쪽:0.00
17:42:00  UWB유효:1
17:42:00  UWB원시거리:5.120
17:42:00  UWB보정거리:5.171
17:42:00  UWB접근속도:-0.097
17:42:00  UWB_RSSI:nan
17:42:00  UWB경과ms:165
17:42:00  UWB샘플:16867
17:42:00  UWB실패:211
17:42:00  UWB보정:1
17:42:00  UWB보정중:0
17:42:00  UWB보정샘플:100
17:42:00  UWB보정기준:3.000
17:42:00  UWB오프셋:0.035
17:42:00  UWB위험사용:0
17:42:00  UWB전송:16852
17:42:00  위험송신:0
17:42:00  시각ms:3431179
17:42:00  IMU시각ms:3431179
17:42:00  위험:0
17:42:00  원시위험:0
17:42:00  GPS유효:1
17:42:00  위도:37.496443
17:42:00  경도:126.954203
17:42:00  속도:1.03
17:42:00  방향:317.9
17:42:00  이동방향유효:1
17:42:00  GPS이동방향:317.9
17:42:00  차체방향유효:1
17:42:00  차체방향:130.5
17:42:00  후진판정:1
17:42:00  IMU요회전속도:0.00
17:42:00  방향가속도크기:9.71
17:42:00  방향자이로크기:2.43
17:42:00  방향자세cos:0.9992
17:42:00  자기모델잔차:34.05
17:42:00  자기모델반경:1.008
17:42:00  방향채택:0
17:42:00  방향거부:367748
17:42:00  GPS원시속도:1.070
17:42:00  GPS원시방향유효:1
17:42:00  GPS원시방향:318.5
17:42:00  가속도:-0.14,0.25,9.71
17:42:00  자이로:-0.7,2.3,-0.5
17:42:00  자력계:27.750,-47.550,34.050
17:42:00  충격값:0.10
17:42:00  충격피크:0.17
17:42:00  마지막충격발생값:0.00
17:42:00  마지막충격발생ms:0
17:42:00  송신:32751
17:42:00  지팡이수신:25918
17:42:00  GPS위성:6
17:42:00  GPS_HDOP:1.52
17:42:00  원시위도:37.496443
17:42:00  원시경도:126.954212
17:42:00  GPS채택:3407
17:42:00  GPS이상치거부:4
17:42:00  GPS품질거부:6
17:42:00  GPS재기준:1
17:42:00  계산거리:-1.00
17:42:00  접근속도:0.00
17:42:00  TTC:999.00
17:42:00  방향오차:0.0
17:42:00  전방여부:0
17:42:00  위험음성횟수:0
17:42:00  충격음성횟수:0
17:42:00  마지막위험음성:0
17:42:00  RSSI원시:-59
17:42:00  RSSI평활:-58.3
17:42:00  RSSI샘플:25918
17:42:00  RSSI경과ms:30
17:42:00  RSSI구간:4
17:42:00  RSSI거리:1.87
17:42:00  상대보정:0
17:42:00  상대보정중:0
17:42:00  보정동쪽:0.00
17:42:00  보정북쪽:0.00
17:42:00  UWB유효:1
17:42:00  UWB원시거리:5.190
17:42:00  UWB보정거리:5.179
17:42:00  UWB접근속도:-0.081
17:42:00  UWB_RSSI:nan
17:42:00  UWB경과ms:16
17:42:00  UWB샘플:16868
17:42:00  UWB실패:211
17:42:00  UWB보정:1
17:42:00  UWB보정중:0
17:42:00  UWB보정샘플:100
17:42:00  UWB보정기준:3.000
17:42:00  UWB오프셋:0.035
17:42:00  UWB위험사용:0
17:42:00  UWB전송:16853
17:42:00  위험송신:0
17:42:00  시각ms:3431231
17:42:00  IMU시각ms:3431231
17:42:00  위험:0
17:42:00  원시위험:0
17:42:00  GPS유효:1
17:42:00  위도:37.496443
17:42:00  경도:126.954203
17:42:00  속도:1.03
17:42:00  방향:317.9
17:42:00  이동방향유효:1
17:42:00  GPS이동방향:317.9
17:42:00  차체방향유효:1
17:42:00  차체방향:130.5
17:42:00  후진판정:1
17:42:00  IMU요회전속도:0.00
17:42:00  방향가속도크기:9.76
17:42:00  방향자이로크기:2.33
17:42:00  방향자세cos:0.9991
17:42:00  자기모델잔차:33.34
17:42:00  자기모델반경:0.998
17:42:00  방향채택:0
17:42:00  방향거부:367754
17:42:00  GPS원시속도:1.070
17:42:00  GPS원시방향유효:1
17:42:00  GPS원시방향:318.5
17:42:00  가속도:-0.19,0.14,9.76
17:42:00  자이로:-0.5,-2.1,0.8
17:42:00  자력계:27.750,-47.250,33.300
17:42:00  충격값:0.13
17:42:00  충격피크:0.14
17:42:00  마지막충격발생값:0.00
17:42:00  마지막충격발생ms:0
17:42:00  송신:32752
17:42:00  지팡이수신:25918
17:42:00  GPS위성:6
17:42:00  GPS_HDOP:1.52
17:42:00  원시위도:37.496443
17:42:00  원시경도:126.954212
17:42:00  GPS채택:3407
17:42:00  GPS이상치거부:4
17:42:00  GPS품질거부:6
17:42:00  GPS재기준:1
17:42:00  계산거리:-1.00
17:42:00  접근속도:0.00
17:42:00  TTC:999.00
17:42:00  방향오차:0.0
17:42:00  전방여부:0
17:42:00  위험음성횟수:0
17:42:00  충격음성횟수:0
17:42:00  마지막위험음성:0
17:42:00  RSSI원시:-59
17:42:00  RSSI평활:-58.3
17:42:00  RSSI샘플:25918
17:42:00  RSSI경과ms:82
17:42:00  RSSI구간:4
17:42:00  RSSI거리:1.87
17:42:00  상대보정:0
17:42:00  상대보정중:0
17:42:00  보정동쪽:0.00
17:42:00  보정북쪽:0.00
17:42:00  UWB유효:1
17:42:00  UWB원시거리:5.190
17:42:00  UWB보정거리:5.179
17:42:00  UWB접근속도:-0.081
17:42:00  UWB_RSSI:nan
17:42:00  UWB경과ms:68
17:42:00  UWB샘플:16868
17:42:00  UWB실패:211
17:42:00  UWB보정:1
17:42:00  UWB보정중:0
17:42:00  UWB보정샘플:100
17:42:00  UWB보정기준:3.000
17:42:00  UWB오프셋:0.035
17:42:00  UWB위험사용:0
17:42:00  UWB전송:16853
17:42:00  위험송신:0
17:42:00  시각ms:3431282
17:42:00  IMU시각ms:3431282
17:42:00  위험:0
17:42:00  원시위험:0
17:42:00  GPS유효:1
17:42:00  위도:37.496443
17:42:00  경도:126.954203
17:42:00  속도:1.03
17:42:00  방향:317.9
17:42:00  이동방향유효:1
17:42:00  GPS이동방향:317.9
17:42:00  차체방향유효:1
17:42:00  차체방향:130.5
17:42:00  후진판정:1
17:42:00  IMU요회전속도:0.00
17:42:00  방향가속도크기:9.68
17:42:00  방향자이로크기:2.23
17:42:00  방향자세cos:0.9990
17:42:00  자기모델잔차:34.28
17:42:00  자기모델반경:0.934
17:42:00  방향채택:0
17:42:00  방향거부:367760
17:42:00  GPS원시속도:1.070
17:42:00  GPS원시방향유효:1
17:42:00  GPS원시방향:318.5
17:42:00  가속도:-0.16,0.15,9.68
17:42:00  자이로:2.0,0.9,-0.4
17:42:00  자력계:25.350,-46.650,34.200
17:42:00  충격값:0.10
17:42:00  충격피크:0.16
17:42:00  마지막충격발생값:0.00
17:42:00  마지막충격발생ms:0
17:42:00  송신:32752
17:42:00  지팡이수신:25919
17:42:00  GPS위성:6
17:42:00  GPS_HDOP:1.52
17:42:00  원시위도:37.496443
17:42:00  원시경도:126.954212
17:42:00  GPS채택:3407
17:42:00  GPS이상치거부:4
17:42:00  GPS품질거부:6
17:42:00  GPS재기준:1
17:42:00  계산거리:-1.00
17:42:00  접근속도:0.00
17:42:00  TTC:999.00
17:42:00  방향오차:0.0
17:42:00  전방여부:0
17:42:00  위험음성횟수:0
17:42:00  충격음성횟수:0
17:42:00  마지막위험음성:0
17:42:00  RSSI원시:-58
17:42:00  RSSI평활:-58.2
17:42:00  RSSI샘플:25919
17:42:00  RSSI경과ms:27
17:42:00  RSSI구간:4
17:42:00  RSSI거리:1.86
17:42:00  상대보정:0
17:42:00  상대보정중:0
17:42:00  보정동쪽:0.00
17:42:00  보정북쪽:0.00
17:42:00  UWB유효:1
17:42:00  UWB원시거리:5.190
17:42:00  UWB보정거리:5.179
17:42:00  UWB접근속도:-0.081
17:42:00  UWB_RSSI:nan
17:42:00  UWB경과ms:119
17:42:00  UWB샘플:16868
17:42:00  UWB실패:211
17:42:00  UWB보정:1
17:42:00  UWB보정중:0
17:42:00  UWB보정샘플:100
17:42:00  UWB보정기준:3.000
17:42:00  UWB오프셋:0.035
17:42:00  UWB위험사용:0
17:42:00  UWB전송:16853
17:42:00  위험송신:0
17:42:00  시각ms:3431333
17:42:00  IMU시각ms:3431333
17:42:00  위험:0
17:42:00  원시위험:0
17:42:00  GPS유효:1
17:42:00  위도:37.496444
17:42:00  경도:126.954203
17:42:00  속도:1.03
17:42:00  방향:317.9
17:42:00  이동방향유효:1
17:42:00  GPS이동방향:317.9
17:42:00  차체방향유효:1
17:42:00  차체방향:130.5
17:42:00  후진판정:1
17:42:00  IMU요회전속도:0.00
17:42:00  방향가속도크기:9.69
17:42:00  방향자이로크기:3.14
17:42:00  방향자세cos:0.9982
17:42:00  자기모델잔차:32.91
17:42:00  자기모델반경:0.992
17:42:00  방향채택:0
17:42:00  방향거부:367763
17:42:00  GPS원시속도:1.070
17:42:00  GPS원시방향유효:1
17:42:00  GPS원시방향:318.5
17:42:00  가속도:-0.06,0.04,9.69
17:42:00  자이로:0.6,-0.8,-3.0
17:42:00  자력계:26.250,-48.300,33.000
17:42:00  충격값:0.14
17:42:00  충격피크:0.14
17:42:00  마지막충격발생값:0.00
17:42:00  마지막충격발생ms:0
17:42:00  송신:32753
17:42:00  지팡이수신:25919
17:42:00  GPS위성:6
17:42:00  GPS_HDOP:1.52
17:42:00  원시위도:37.496443
17:42:00  원시경도:126.954212
17:42:00  GPS채택:3407
17:42:00  GPS이상치거부:4
17:42:00  GPS품질거부:6
17:42:00  GPS재기준:1
17:42:00  계산거리:-1.00
17:42:00  접근속도:0.00
17:42:00  TTC:999.00
17:42:00  방향오차:0.0
17:42:00  전방여부:0
17:42:00  위험음성횟수:0
17:42:00  충격음성횟수:0
17:42:00  마지막위험음성:0
17:42:00  RSSI원시:-58
17:42:00  RSSI평활:-58.2
17:42:00  RSSI샘플:25919
17:42:00  RSSI경과ms:78
17:42:00  RSSI구간:4
17:42:00  RSSI거리:1.86
17:42:00  상대보정:0
17:42:00  상대보정중:0
17:42:00  보정동쪽:0.00
17:42:00  보정북쪽:0.00
17:42:00  UWB유효:1
17:42:00  UWB원시거리:5.190
17:42:00  UWB보정거리:5.179
17:42:00  UWB접근속도:-0.081
17:42:00  UWB_RSSI:nan
17:42:00  UWB경과ms:170
17:42:00  UWB샘플:16868
17:42:00  UWB실패:211
17:42:00  UWB보정:1
17:42:00  UWB보정중:0
17:42:00  UWB보정샘플:100
17:42:00  UWB보정기준:3.000
17:42:00  UWB오프셋:0.035
17:42:00  UWB위험사용:0
17:42:00  UWB전송:16853
17:42:00  위험송신:0
17:42:00  시각ms:3431388
17:42:00  IMU시각ms:3431388
17:42:00  위험:0
17:42:00  원시위험:0
17:42:00  GPS유효:1
17:42:00  위도:37.496444
17:42:00  경도:126.954202
17:42:00  속도:1.03
17:42:00  방향:317.9
17:42:00  이동방향유효:1
17:42:00  GPS이동방향:317.9
17:42:00  차체방향유효:1
17:42:00  차체방향:130.5
17:42:00  후진판정:1
17:42:00  IMU요회전속도:0.00
17:42:00  방향가속도크기:9.73
17:42:00  방향자이로크기:3.11
17:42:00  방향자세cos:0.9991
17:42:00  자기모델잔차:33.75
17:42:00  자기모델반경:0.962
17:42:00  방향채택:0
17:42:00  방향거부:367769
17:42:00  GPS원시속도:1.070
17:42:00  GPS원시방향유효:1
17:42:00  GPS원시방향:318.5
17:42:00  가속도:-0.13,0.22,9.73
17:42:00  자이로:2.2,1.1,-1.9
17:42:00  자력계:24.150,-48.600,33.900
17:42:00  충격값:0.08
17:42:00  충격피크:0.15
17:42:00  마지막충격발생값:0.00
17:42:00  마지막충격발생ms:0
17:42:00  송신:32753
17:42:00  지팡이수신:25920
17:42:00  GPS위성:6
17:42:00  GPS_HDOP:1.52
17:42:00  원시위도:37.496443
17:42:00  원시경도:126.954212
17:42:00  GPS채택:3407
17:42:00  GPS이상치거부:4
17:42:00  GPS품질거부:6
17:42:00  GPS재기준:1
17:42:00  계산거리:-1.00
17:42:00  접근속도:0.00
17:42:00  TTC:999.00
17:42:00  방향오차:0.0
17:42:00  전방여부:0
17:42:00  위험음성횟수:0
17:42:00  충격음성횟수:0
17:42:00  마지막위험음성:0
17:42:00  RSSI원시:-57
17:42:00  RSSI평활:-58.0
17:42:00  RSSI샘플:25920
17:42:00  RSSI경과ms:25
17:42:00  RSSI구간:4
17:42:00  RSSI거리:1.82
17:42:00  상대보정:0
17:42:00  상대보정중:0
17:42:00  보정동쪽:0.00
17:42:00  보정북쪽:0.00
17:42:00  UWB유효:1
17:42:00  UWB원시거리:5.140
17:42:00  UWB보정거리:5.185
17:42:00  UWB접근속도:-0.065
17:42:00  UWB_RSSI:nan
17:42:00  UWB경과ms:24
17:42:00  UWB샘플:16869
17:42:00  UWB실패:211
17:42:00  UWB보정:1
17:42:00  UWB보정중:0
17:42:00  UWB보정샘플:100
17:42:00  UWB보정기준:3.000
17:42:00  UWB오프셋:0.035
17:42:00  UWB위험사용:0
17:42:00  UWB전송:16854
17:42:00  위험송신:0
17:42:00  시각ms:3431491
17:42:00  IMU시각ms:3431491
17:42:00  위험:0
17:42:00  원시위험:0
17:42:00  GPS유효:1
17:42:00  위도:37.496444
17:42:00  경도:126.954202
17:42:00  속도:1.03
17:42:00  방향:317.9
17:42:00  이동방향유효:1
17:42:00  GPS이동방향:317.9
17:42:00  차체방향유효:1
17:42:00  차체방향:130.6
17:42:00  후진판정:1
17:42:00  IMU요회전속도:0.00
17:42:00  방향가속도크기:9.76
17:42:00  방향자이로크기:1.31
17:42:00  방향자세cos:0.9993
17:42:00  자기모델잔차:34.22
17:42:00  자기모델반경:0.970
17:42:00  방향채택:0
17:42:00  방향거부:367781
17:42:00  GPS원시속도:1.070
17:42:00  GPS원시방향유효:1
17:42:00  GPS원시방향:318.5
17:42:00  가속도:-0.10,0.34,9.75
17:42:00  자이로:0.5,0.6,-1.0
17:42:00  자력계:27.750,-46.050,34.050
17:42:00  충격값:0.17
17:42:00  충격피크:0.17
17:42:00  마지막충격발생값:0.00
17:42:00  마지막충격발생ms:0
17:42:00  송신:32754
17:42:00  지팡이수신:25921
17:42:00  GPS위성:6
17:42:00  GPS_HDOP:1.52
17:42:00  원시위도:37.496443
17:42:00  원시경도:126.954212
17:42:00  GPS채택:3407
17:42:00  GPS이상치거부:4
17:42:00  GPS품질거부:6
17:42:00  GPS재기준:1
17:42:00  계산거리:-1.00
17:42:00  접근속도:0.00
17:42:00  TTC:999.00
17:42:00  방향오차:0.0
17:42:00  전방여부:0
17:42:00  위험음성횟수:0
17:42:00  충격음성횟수:0
17:42:00  마지막위험음성:0
17:42:00  RSSI원시:-57
17:42:00  RSSI평활:-57.8
17:42:00  RSSI샘플:25921
17:42:00  RSSI경과ms:25
17:42:00  RSSI구간:4
17:42:00  RSSI거리:1.79
17:42:00  상대보정:0
17:42:00  상대보정중:0
17:42:00  보정동쪽:0.00
17:42:00  보정북쪽:0.00
17:42:00  UWB유효:1
17:42:00  UWB원시거리:5.140
17:42:00  UWB보정거리:5.185
17:42:00  UWB접근속도:-0.065
17:42:00  UWB_RSSI:nan
17:42:00  UWB경과ms:127
17:42:00  UWB샘플:16869
17:42:00  UWB실패:211
17:42:00  UWB보정:1
17:42:00  UWB보정중:0
17:42:00  UWB보정샘플:100
17:42:00  UWB보정기준:3.000
17:42:00  UWB오프셋:0.035
17:42:00  UWB위험사용:0
17:42:00  UWB전송:16854
17:42:00  위험송신:0
17:42:01  시각ms:3431543
17:42:01  IMU시각ms:3431543
17:42:01  위험:0
17:42:01  원시위험:0
17:42:01  GPS유효:1
17:42:01  위도:37.496444
17:42:01  경도:126.954202
17:42:01  속도:1.03
17:42:01  방향:317.9
17:42:01  이동방향유효:1
17:42:01  GPS이동방향:317.9
17:42:01  차체방향유효:1
17:42:01  차체방향:130.6
17:42:01  후진판정:1
17:42:01  IMU요회전속도:0.00
17:42:01  방향가속도크기:9.73
17:42:01  방향자이로크기:2.30
17:42:01  방향자세cos:0.9985
17:42:01  자기모델잔차:34.21
17:42:01  자기모델반경:0.995
17:42:01  방향채택:0
17:42:01  방향거부:367787
17:42:01  GPS원시속도:1.070
17:42:01  GPS원시방향유효:1
17:42:01  GPS원시방향:318.5
17:42:01  가속도:-0.07,0.11,9.73
17:42:01  자이로:-0.2,0.9,-2.1
17:42:01  자력계:27.300,-47.400,34.200
17:42:01  충격값:0.07
17:42:01  충격피크:0.13
17:42:01  마지막충격발생값:0.00
17:42:01  마지막충격발생ms:0
17:42:01  송신:32755
17:42:01  지팡이수신:25921
17:42:01  GPS위성:6
17:42:01  GPS_HDOP:1.52
17:42:01  원시위도:37.496443
17:42:01  원시경도:126.954212
17:42:01  GPS채택:3407
17:42:01  GPS이상치거부:4
17:42:01  GPS품질거부:6
17:42:01  GPS재기준:1
17:42:01  계산거리:-1.00
17:42:01  접근속도:0.00
17:42:01  TTC:999.00
17:42:01  방향오차:0.0
17:42:01  전방여부:0
17:42:01  위험음성횟수:0
17:42:01  충격음성횟수:0
17:42:01  마지막위험음성:0
17:42:01  RSSI원시:-57
17:42:01  RSSI평활:-57.8
17:42:01  RSSI샘플:25921
17:42:01  RSSI경과ms:77
17:42:01  RSSI구간:4
17:42:01  RSSI거리:1.79
17:42:01  상대보정:0
17:42:01  상대보정중:0
17:42:01  보정동쪽:0.00
17:42:01  보정북쪽:0.00
17:42:01  UWB유효:1
17:42:01  UWB원시거리:5.140
17:42:01  UWB보정거리:5.185
17:42:01  UWB접근속도:-0.065
17:42:01  UWB_RSSI:nan
17:42:01  UWB경과ms:179
17:42:01  UWB샘플:16869
17:42:01  UWB실패:211
17:42:01  UWB보정:1
17:42:01  UWB보정중:0
17:42:01  UWB보정샘플:100
17:42:01  UWB보정기준:3.000
17:42:01  UWB오프셋:0.035
17:42:01  UWB위험사용:0
17:42:01  UWB전송:16854
17:42:01  위험송신:0
17:42:01  시각ms:3431599
17:42:01  IMU시각ms:3431599
17:42:01  위험:0
17:42:01  원시위험:0
17:42:01  GPS유효:1
17:42:01  위도:37.496444
17:42:01  경도:126.954202
17:42:01  속도:1.03
17:42:01  방향:317.9
17:42:01  이동방향유효:1
17:42:01  GPS이동방향:317.9
17:42:01  차체방향유효:1
17:42:01  차체방향:130.6
17:42:01  후진판정:1
17:42:01  IMU요회전속도:0.00
17:42:01  방향가속도크기:9.66
17:42:01  방향자이로크기:1.20
17:42:01  방향자세cos:0.9988
17:42:01  자기모델잔차:33.24
17:42:01  자기모델반경:0.995
17:42:01  방향채택:0
17:42:01  방향거부:367793
17:42:01  GPS원시속도:1.070
17:42:01  GPS원시방향유효:1
17:42:01  GPS원시방향:318.5
17:42:01  가속도:-0.06,0.20,9.65
17:42:01  자이로:1.1,0.4,0.2
17:42:01  자력계:26.700,-48.000,33.300
17:42:01  충격값:0.06
17:42:01  충격피크:0.11
17:42:01  마지막충격발생값:0.00
17:42:01  마지막충격발생ms:0
17:42:01  송신:32755
17:42:01  지팡이수신:25922
17:42:01  GPS위성:6
17:42:01  GPS_HDOP:1.52
17:42:01  원시위도:37.496443
17:42:01  원시경도:126.954212
17:42:01  GPS채택:3407
17:42:01  GPS이상치거부:4
17:42:01  GPS품질거부:6
17:42:01  GPS재기준:1
17:42:01  계산거리:-1.00
17:42:01  접근속도:0.00
17:42:01  TTC:999.00
17:42:01  방향오차:0.0
17:42:01  전방여부:0
17:42:01  위험음성횟수:0
17:42:01  충격음성횟수:0
17:42:01  마지막위험음성:0
17:42:01  RSSI원시:-58
17:42:01  RSSI평활:-57.8
17:42:01  RSSI샘플:25922
17:42:01  RSSI경과ms:30
17:42:01  RSSI구간:4
17:42:01  RSSI거리:1.79
17:42:01  상대보정:0
17:42:01  상대보정중:0
17:42:01  보정동쪽:0.00
17:42:01  보정북쪽:0.00
17:42:01  UWB유효:1
17:42:01  UWB원시거리:5.160
17:42:01  UWB보정거리:5.188
17:42:01  UWB접근속도:-0.051
17:42:01  UWB_RSSI:nan
17:42:01  UWB경과ms:42
17:42:01  UWB샘플:16870
17:42:01  UWB실패:211
17:42:01  UWB보정:1
17:42:01  UWB보정중:0
17:42:01  UWB보정샘플:100
17:42:01  UWB보정기준:3.000
17:42:01  UWB오프셋:0.035
17:42:01  UWB위험사용:0
17:42:01  UWB전송:16855
17:42:01  위험송신:0
17:42:01  시각ms:3431651
17:42:01  IMU시각ms:3431651
17:42:01  위험:0
17:42:01  원시위험:0
17:42:01  GPS유효:1
17:42:01  위도:37.496444
17:42:01  경도:126.954202
17:42:01  속도:1.03
17:42:01  방향:317.9
17:42:01  이동방향유효:1
17:42:01  GPS이동방향:317.9
17:42:01  차체방향유효:1
17:42:01  차체방향:130.6
17:42:01  후진판정:1
17:42:01  IMU요회전속도:0.00
17:42:01  방향가속도크기:9.68
17:42:01  방향자이로크기:2.14
17:42:01  방향자세cos:0.9992
17:42:01  자기모델잔차:33.04
17:42:01  자기모델반경:0.991
17:42:01  방향채택:0
17:42:01  방향거부:367799
17:42:01  GPS원시속도:1.070
17:42:01  GPS원시방향유효:1
17:42:01  GPS원시방향:318.5
17:42:01  가속도:-0.21,0.17,9.68
17:42:01  자이로:-1.7,-1.3,-0.4
17:42:01  자력계:27.450,-47.250,33.000
17:42:01  충격값:0.13
17:42:01  충격피크:0.15
17:42:01  마지막충격발생값:0.00
17:42:01  마지막충격발생ms:0
17:42:01  송신:32756
17:42:01  지팡이수신:25922
17:42:01  GPS위성:6
17:42:01  GPS_HDOP:1.52
17:42:01  원시위도:37.496443
17:42:01  원시경도:126.954212
17:42:01  GPS채택:3407
17:42:01  GPS이상치거부:4
17:42:01  GPS품질거부:6
17:42:01  GPS재기준:1
17:42:01  계산거리:-1.00
17:42:01  접근속도:0.00
17:42:01  TTC:999.00
17:42:01  방향오차:0.0
17:42:01  전방여부:0
17:42:01  위험음성횟수:0
17:42:01  충격음성횟수:0
17:42:01  마지막위험음성:0
17:42:01  RSSI원시:-58
17:42:01  RSSI평활:-57.8
17:42:01  RSSI샘플:25922
17:42:01  RSSI경과ms:82
17:42:01  RSSI구간:4
17:42:01  RSSI거리:1.79
17:42:01  상대보정:0
17:42:01  상대보정중:0
17:42:01  보정동쪽:0.00
17:42:01  보정북쪽:0.00
17:42:01  UWB유효:1
17:42:01  UWB원시거리:5.160
17:42:01  UWB보정거리:5.188
17:42:01  UWB접근속도:-0.051
17:42:01  UWB_RSSI:nan
17:42:01  UWB경과ms:94
17:42:01  UWB샘플:16870
17:42:01  UWB실패:211
17:42:01  UWB보정:1
17:42:01  UWB보정중:0
17:42:01  UWB보정샘플:100
17:42:01  UWB보정기준:3.000
17:42:01  UWB오프셋:0.035
17:42:01  UWB위험사용:0
17:42:01  UWB전송:16855
17:42:01  위험송신:0
17:42:01  시각ms:3431703
17:42:01  IMU시각ms:3431703
17:42:01  위험:0
17:42:01  원시위험:0
17:42:01  GPS유효:1
17:42:01  위도:37.496444
17:42:01  경도:126.954202
17:42:01  속도:1.03
17:42:01  방향:317.9
17:42:01  이동방향유효:1
17:42:01  GPS이동방향:317.9
17:42:01  차체방향유효:1
17:42:01  차체방향:130.6
17:42:01  후진판정:1
17:42:01  IMU요회전속도:0.00
17:42:01  방향가속도크기:9.73
17:42:01  방향자이로크기:2.36
17:42:01  방향자세cos:0.9994
17:42:01  자기모델잔차:33.90
17:42:01  자기모델반경:0.968
17:42:01  방향채택:0
17:42:01  방향거부:367805
17:42:01  GPS원시속도:1.070
17:42:01  GPS원시방향유효:1
17:42:01  GPS원시방향:318.5
17:42:01  가속도:-0.22,0.24,9.73
17:42:01  자이로:2.2,0.3,-0.8
17:42:01  자력계:26.100,-47.400,33.900
17:42:01  충격값:0.15
17:42:01  충격피크:0.15
17:42:01  마지막충격발생값:0.00
17:42:01  마지막충격발생ms:0
17:42:01  송신:32756
17:42:01  지팡이수신:25923
17:42:01  GPS위성:6
17:42:01  GPS_HDOP:1.52
17:42:01  원시위도:37.496443
17:42:01  원시경도:126.954212
17:42:01  GPS채택:3407
17:42:01  GPS이상치거부:4
17:42:01  GPS품질거부:6
17:42:01  GPS재기준:1
17:42:01  계산거리:-1.00
17:42:01  접근속도:0.00
17:42:01  TTC:999.00
17:42:01  방향오차:0.0
17:42:01  전방여부:0
17:42:01  위험음성횟수:0
17:42:01  충격음성횟수:0
17:42:01  마지막위험음성:0
17:42:01  RSSI원시:-59
17:42:01  RSSI평활:-58.1
17:42:01  RSSI샘플:25923
17:42:01  RSSI경과ms:24
17:42:01  RSSI구간:4
17:42:01  RSSI거리:1.83
17:42:01  상대보정:0
17:42:01  상대보정중:0
17:42:01  보정동쪽:0.00
17:42:01  보정북쪽:0.00
17:42:01  UWB유효:1
17:42:01  UWB원시거리:5.160
17:42:01  UWB보정거리:5.188
17:42:01  UWB접근속도:-0.051
17:42:01  UWB_RSSI:nan
17:42:01  UWB경과ms:146
17:42:01  UWB샘플:16870
17:42:01  UWB실패:211
17:42:01  UWB보정:1
17:42:01  UWB보정중:0
17:42:01  UWB보정샘플:100
17:42:01  UWB보정기준:3.000
17:42:01  UWB오프셋:0.035
17:42:01  UWB위험사용:0
17:42:01  UWB전송:16855
17:42:01  위험송신:0
17:42:01  시각ms:3431760
17:42:01  IMU시각ms:3431756
17:42:01  위험:0
17:42:01  원시위험:0
17:42:01  GPS유효:1
17:42:01  위도:37.496448
17:42:01  경도:126.954206
17:42:01  속도:1.04
17:42:01  방향:318.1
17:42:01  이동방향유효:1
17:42:01  GPS이동방향:318.1
17:42:01  차체방향유효:1
17:42:01  차체방향:131.5
17:42:01  후진판정:1
17:42:01  IMU요회전속도:0.00
17:42:01  방향가속도크기:9.74
17:42:01  방향자이로크기:2.62
17:42:01  방향자세cos:0.9989
17:42:01  자기모델잔차:31.28
17:42:01  자기모델반경:1.028
17:42:01  방향채택:0
17:42:01  방향거부:367811
17:42:01  GPS원시속도:1.055
17:42:01  GPS원시방향유효:1
17:42:01  GPS원시방향:318.5
17:42:01  가속도:-0.06,0.24,9.73
17:42:01  자이로:2.2,0.9,-1.2
17:42:01  자력계:26.700,-49.500,31.500
17:42:01  충격값:0.07
17:42:01  충격피크:0.15
17:42:01  마지막충격발생값:0.00
17:42:01  마지막충격발생ms:0
17:42:01  송신:32757
17:42:01  지팡이수신:25923
17:42:01  GPS위성:6
17:42:01  GPS_HDOP:1.52
17:42:01  원시위도:37.496450
17:42:01  원시경도:126.954212
17:42:01  GPS채택:3408
17:42:01  GPS이상치거부:4
17:42:01  GPS품질거부:6
17:42:01  GPS재기준:1
17:42:01  계산거리:-1.00
17:42:01  접근속도:0.00
17:42:01  TTC:999.00
17:42:01  방향오차:0.0
17:42:01  전방여부:0
17:42:01  위험음성횟수:0
17:42:01  충격음성횟수:0
17:42:01  마지막위험음성:0
17:42:01  RSSI원시:-59
17:42:01  RSSI평활:-58.1
17:42:01  RSSI샘플:25923
17:42:01  RSSI경과ms:81
17:42:01  RSSI구간:4
17:42:01  RSSI거리:1.83
17:42:01  상대보정:0
17:42:01  상대보정중:0
17:42:01  보정동쪽:0.00
17:42:01  보정북쪽:0.00
17:42:01  UWB유효:1
17:42:01  UWB원시거리:5.130
17:42:01  UWB보정거리:5.184
17:42:01  UWB접근속도:-0.029
17:42:01  UWB_RSSI:nan
17:42:01  UWB경과ms:0
17:42:01  UWB샘플:16871
17:42:01  UWB실패:211
17:42:01  UWB보정:1
17:42:01  UWB보정중:0
17:42:01  UWB보정샘플:100
17:42:01  UWB보정기준:3.000
17:42:01  UWB오프셋:0.035
17:42:01  UWB위험사용:0
17:42:01  UWB전송:16856
17:42:01  위험송신:0
17:42:01  시각ms:3432026
17:42:01  IMU시각ms:3432026
17:42:01  위험:0
17:42:01  원시위험:0
17:42:01  GPS유효:1
17:42:01  위도:37.496450
17:42:01  경도:126.954205
17:42:01  속도:1.04
17:42:01  방향:318.1
17:42:01  이동방향유효:1
17:42:01  GPS이동방향:318.1
17:42:01  차체방향유효:1
17:42:01  차체방향:131.5
17:42:01  후진판정:1
17:42:01  IMU요회전속도:0.00
17:42:01  방향가속도크기:9.81
17:42:01  방향자이로크기:4.14
17:42:01  방향자세cos:0.9991
17:42:01  자기모델잔차:32.68
17:42:01  자기모델반경:0.998
17:42:01  방향채택:0
17:42:01  방향거부:367841
17:42:01  GPS원시속도:1.055
17:42:01  GPS원시방향유효:1
17:42:01  GPS원시방향:318.5
17:42:01  가속도:-0.12,0.21,9.81
17:42:01  자이로:2.7,-3.1,0.6
17:42:01  자력계:27.300,-47.700,32.700
17:42:01  충격값:0.10
17:42:01  충격피크:0.11
17:42:01  마지막충격발생값:0.00
17:42:01  마지막충격발생ms:0
17:42:01  송신:32759
17:42:01  지팡이수신:25926
17:42:01  GPS위성:6
17:42:01  GPS_HDOP:1.52
17:42:01  원시위도:37.496450
17:42:01  원시경도:126.954212
17:42:01  GPS채택:3408
17:42:01  GPS이상치거부:4
17:42:01  GPS품질거부:6
17:42:01  GPS재기준:1
17:42:01  계산거리:-1.00
17:42:01  접근속도:0.00
17:42:01  TTC:999.00
17:42:01  방향오차:0.0
17:42:01  전방여부:0
17:42:01  위험음성횟수:0
17:42:01  충격음성횟수:0
17:42:01  마지막위험음성:0
17:42:01  RSSI원시:-58
17:42:01  RSSI평활:-58.2
17:42:01  RSSI샘플:25926
17:42:01  RSSI경과ms:34
17:42:01  RSSI구간:4
17:42:01  RSSI거리:1.85
17:42:01  상대보정:0
17:42:01  상대보정중:0
17:42:01  보정동쪽:0.00
17:42:01  보정북쪽:0.00
17:42:01  UWB유효:1
17:42:01  UWB원시거리:5.120
17:42:01  UWB보정거리:5.181
17:42:01  UWB접근속도:-0.015
17:42:01  UWB_RSSI:nan
17:42:01  UWB경과ms:67
17:42:01  UWB샘플:16872
17:42:01  UWB실패:211
17:42:01  UWB보정:1
17:42:01  UWB보정중:0
17:42:01  UWB보정샘플:100
17:42:01  UWB보정기준:3.000
17:42:01  UWB오프셋:0.035
17:42:01  UWB위험사용:0
17:42:01  UWB전송:16857
17:42:01  위험송신:0
17:42:01  시각ms:3432130
17:42:01  IMU시각ms:3432130
17:42:01  위험:0
17:42:01  원시위험:0
17:42:01  GPS유효:1
17:42:01  위도:37.496451
17:42:01  경도:126.954205
17:42:01  속도:1.04
17:42:01  방향:318.1
17:42:01  이동방향유효:1
17:42:01  GPS이동방향:318.1
17:42:01  차체방향유효:1
17:42:01  차체방향:131.5
17:42:01  후진판정:1
17:42:01  IMU요회전속도:0.00
17:42:01  방향가속도크기:9.77
17:42:01  방향자이로크기:3.24
17:42:01  방향자세cos:0.9988
17:42:01  자기모델잔차:33.68
17:42:01  자기모델반경:1.034
17:42:01  방향채택:0
17:42:01  방향거부:367853
17:42:01  GPS원시속도:1.055
17:42:01  GPS원시방향유효:1
17:42:01  GPS원시방향:318.5
17:42:01  가속도:-0.12,0.12,9.76
17:42:01  자이로:-1.1,1.9,-2.3
17:42:01  자력계:26.850,-49.350,33.900
17:42:01  충격값:0.08
17:42:01  충격피크:0.13
17:42:01  마지막충격발생값:0.00
17:42:01  마지막충격발생ms:0
17:42:01  송신:32760
17:42:01  지팡이수신:25927
17:42:01  GPS위성:6
17:42:01  GPS_HDOP:1.52
17:42:01  원시위도:37.496450
17:42:01  원시경도:126.954212
17:42:01  GPS채택:3408
17:42:01  GPS이상치거부:4
17:42:01  GPS품질거부:6
17:42:01  GPS재기준:1
17:42:01  계산거리:-1.00
17:42:01  접근속도:0.00
17:42:01  TTC:999.00
17:42:01  방향오차:0.0
17:42:01  전방여부:0
17:42:01  위험음성횟수:0
17:42:01  충격음성횟수:0
17:42:01  마지막위험음성:0
17:42:01  RSSI원시:-58
17:42:01  RSSI평활:-58.1
17:42:01  RSSI샘플:25927
17:42:01  RSSI경과ms:31
17:42:01  RSSI구간:4
17:42:01  RSSI거리:1.84
17:42:01  상대보정:0
17:42:01  상대보정중:0
17:42:01  보정동쪽:0.00
17:42:01  보정북쪽:0.00
17:42:01  UWB유효:1
17:42:01  UWB원시거리:5.120
17:42:01  UWB보정거리:5.181
17:42:01  UWB접근속도:-0.015
17:42:01  UWB_RSSI:nan
17:42:01  UWB경과ms:171
17:42:01  UWB샘플:16872
17:42:01  UWB실패:211
17:42:01  UWB보정:1
17:42:01  UWB보정중:0
17:42:01  UWB보정샘플:100
17:42:01  UWB보정기준:3.000
17:42:01  UWB오프셋:0.035
17:42:01  UWB위험사용:0
17:42:01  UWB전송:16857
17:42:01  위험송신:0
17:42:01  시각ms:3432237
17:42:01  IMU시각ms:3432237
17:42:01  위험:0
17:42:01  원시위험:0
17:42:01  GPS유효:1
17:42:01  위도:37.496452
17:42:01  경도:126.954204
17:42:01  속도:1.04
17:42:01  방향:318.1
17:42:01  이동방향유효:1
17:42:01  GPS이동방향:318.1
17:42:01  차체방향유효:1
17:42:01  차체방향:131.5
17:42:01  후진판정:1
17:42:01  IMU요회전속도:0.00
17:42:01  방향가속도크기:9.69
17:42:01  방향자이로크기:2.94
17:42:01  방향자세cos:0.9987
17:42:01  자기모델잔차:33.30
17:42:01  자기모델반경:0.989
17:42:01  방향채택:0
17:42:01  방향거부:367865
17:42:01  GPS원시속도:1.055
17:42:01  GPS원시방향유효:1
17:42:01  GPS원시방향:318.5
17:42:01  가속도:-0.14,0.10,9.69
17:42:01  자이로:0.6,2.8,-0.5
17:42:01  자력계:27.000,-47.550,33.300
17:42:01  충격값:0.10
17:42:01  충격피크:0.14
17:42:01  마지막충격발생값:0.00
17:42:01  마지막충격발생ms:0
17:42:01  송신:32761
17:42:01  지팡이수신:25928
17:42:01  GPS위성:6
17:42:01  GPS_HDOP:1.52
17:42:01  원시위도:37.496450
17:42:01  원시경도:126.954212
17:42:01  GPS채택:3408
17:42:01  GPS이상치거부:4
17:42:01  GPS품질거부:6
17:42:01  GPS재기준:1
17:42:01  계산거리:-1.00
17:42:01  접근속도:0.00
17:42:01  TTC:999.00
17:42:01  방향오차:0.0
17:42:01  전방여부:0
17:42:01  위험음성횟수:0
17:42:01  충격음성횟수:0
17:42:01  마지막위험음성:0
17:42:01  RSSI원시:-58
17:42:01  RSSI평활:-58.1
17:42:01  RSSI샘플:25928
17:42:01  RSSI경과ms:30
17:42:01  RSSI구간:4
17:42:01  RSSI거리:1.84
17:42:01  상대보정:0
17:42:01  상대보정중:0
17:42:01  보정동쪽:0.00
17:42:01  보정북쪽:0.00
17:42:01  UWB유효:1
17:42:01  UWB원시거리:5.140
17:42:01  UWB보정거리:5.179
17:42:01  UWB접근속도:-0.008
17:42:01  UWB_RSSI:nan
17:42:01  UWB경과ms:76
17:42:01  UWB샘플:16873
17:42:01  UWB실패:211
17:42:01  UWB보정:1
17:42:01  UWB보정중:0
17:42:01  UWB보정샘플:100
17:42:01  UWB보정기준:3.000
17:42:01  UWB오프셋:0.035
17:42:01  UWB위험사용:0
17:42:01  UWB전송:16858
17:42:01  위험송신:0
17:42:01  시각ms:3432289
17:42:01  IMU시각ms:3432289
17:42:01  위험:0
17:42:01  원시위험:0
17:42:01  GPS유효:1
17:42:01  위도:37.496452
17:42:01  경도:126.954204
17:42:01  속도:1.04
17:42:01  방향:318.1
17:42:01  이동방향유효:1
17:42:01  GPS이동방향:318.1
17:42:01  차체방향유효:1
17:42:01  차체방향:131.5
17:42:01  후진판정:1
17:42:01  IMU요회전속도:0.00
17:42:01  방향가속도크기:9.65
17:42:01  방향자이로크기:3.78
17:42:01  방향자세cos:0.9989
17:42:01  자기모델잔차:32.25
17:42:01  자기모델반경:1.028
17:42:01  방향채택:0
17:42:01  방향거부:367871
17:42:01  GPS원시속도:1.055
17:42:01  GPS원시방향유효:1
17:42:01  GPS원시방향:318.5
17:42:01  가속도:-0.02,0.27,9.64
17:42:01  자이로:3.0,-2.1,-0.9
17:42:01  자력계:27.300,-48.900,32.400
17:42:01  충격값:0.13
17:42:01  충격피크:0.20
17:42:01  마지막충격발생값:0.00
17:42:01  마지막충격발생ms:0
17:42:01  송신:32762
17:42:01  지팡이수신:25928
17:42:01  GPS위성:6
17:42:01  GPS_HDOP:1.52
17:42:01  원시위도:37.496450
17:42:01  원시경도:126.954212
17:42:01  GPS채택:3408
17:42:01  GPS이상치거부:4
17:42:01  GPS품질거부:6
17:42:01  GPS재기준:1
17:42:01  계산거리:-1.00
17:42:01  접근속도:0.00
17:42:01  TTC:999.00
17:42:01  방향오차:0.0
17:42:01  전방여부:0
17:42:01  위험음성횟수:0
17:42:01  충격음성횟수:0
17:42:01  마지막위험음성:0
17:42:01  RSSI원시:-58
17:42:01  RSSI평활:-58.1
17:42:01  RSSI샘플:25928
17:42:01  RSSI경과ms:82
17:42:01  RSSI구간:4
17:42:01  RSSI거리:1.84
17:42:01  상대보정:0
17:42:01  상대보정중:0
17:42:01  보정동쪽:0.00
17:42:01  보정북쪽:0.00
17:42:01  UWB유효:1
17:42:01  UWB원시거리:5.140
17:42:01  UWB보정거리:5.179
17:42:01  UWB접근속도:-0.008
17:42:01  UWB_RSSI:nan
17:42:01  UWB경과ms:128
17:42:01  UWB샘플:16873
17:42:01  UWB실패:211
17:42:01  UWB보정:1
17:42:01  UWB보정중:0
17:42:01  UWB보정샘플:100
17:42:01  UWB보정기준:3.000
17:42:01  UWB오프셋:0.035
17:42:01  UWB위험사용:0
17:42:01  UWB전송:16858
17:42:01  위험송신:0
17:42:01  시각ms:3432344
17:42:01  IMU시각ms:3432344
17:42:01  위험:0
17:42:01  원시위험:0
17:42:01  GPS유효:1
17:42:01  위도:37.496452
17:42:01  경도:126.954204
17:42:01  속도:1.04
17:42:01  방향:318.1
17:42:01  이동방향유효:1
17:42:01  GPS이동방향:318.1
17:42:01  차체방향유효:1
17:42:01  차체방향:131.5
17:42:01  후진판정:1
17:42:01  IMU요회전속도:0.00
17:42:01  방향가속도크기:9.74
17:42:01  방향자이로크기:2.54
17:42:01  방향자세cos:0.9985
17:42:01  자기모델잔차:33.21
17:42:01  자기모델반경:0.955
17:42:01  방향채택:0
17:42:01  방향거부:367876
17:42:01  GPS원시속도:1.055
17:42:01  GPS원시방향유효:1
17:42:01  GPS원시방향:318.5
17:42:01  가속도:-0.03,0.14,9.73
17:42:01  자이로:-0.7,-2.2,-1.1
17:42:01  자력계:26.100,-46.950,33.150
17:42:01  충격값:0.06
17:42:01  충격피크:0.20
17:42:01  마지막충격발생값:0.00
17:42:01  마지막충격발생ms:0
17:42:01  송신:32762
17:42:01  지팡이수신:25929
17:42:01  GPS위성:6
17:42:01  GPS_HDOP:1.52
17:42:01  원시위도:37.496450
17:42:01  원시경도:126.954212
17:42:01  GPS채택:3408
17:42:01  GPS이상치거부:4
17:42:01  GPS품질거부:6
17:42:01  GPS재기준:1
17:42:01  계산거리:-1.00
17:42:01  접근속도:0.00
17:42:01  TTC:999.00
17:42:01  방향오차:0.0
17:42:01  전방여부:0
17:42:01  위험음성횟수:0
17:42:01  충격음성횟수:0
17:42:01  마지막위험음성:0
17:42:01  RSSI원시:-58
17:42:01  RSSI평활:-58.1
17:42:01  RSSI샘플:25929
17:42:01  RSSI경과ms:30
17:42:01  RSSI구간:4
17:42:01  RSSI거리:1.84
17:42:01  상대보정:0
17:42:01  상대보정중:0
17:42:01  보정동쪽:0.00
17:42:01  보정북쪽:0.00
17:42:01  UWB유효:1
17:42:01  UWB원시거리:5.140
17:42:01  UWB보정거리:5.179
17:42:01  UWB접근속도:-0.008
17:42:01  UWB_RSSI:nan
17:42:01  UWB경과ms:183
17:42:01  UWB샘플:16873
17:42:01  UWB실패:211
17:42:01  UWB보정:1
17:42:01  UWB보정중:0
17:42:01  UWB보정샘플:100
17:42:01  UWB보정기준:3.000
17:42:01  UWB오프셋:0.035
17:42:01  UWB위험사용:0
17:42:01  UWB전송:16858
17:42:01  위험송신:0
17:42:02  시각ms:3432450
17:42:02  IMU시각ms:3432450
17:42:02  위험:0
17:42:02  원시위험:0
17:42:02  GPS유효:1
17:42:02  위도:37.496453
17:42:02  경도:126.954203
17:42:02  속도:1.04
17:42:02  방향:318.1
17:42:02  이동방향유효:1
17:42:02  GPS이동방향:318.1
17:42:02  차체방향유효:1
17:42:02  차체방향:131.5
17:42:02  후진판정:1
17:42:02  IMU요회전속도:0.00
17:42:02  방향가속도크기:9.66
17:42:02  방향자이로크기:2.59
17:42:02  방향자세cos:0.9989
17:42:02  자기모델잔차:32.76
17:42:02  자기모델반경:0.953
17:42:02  방향채택:0
17:42:02  방향거부:367888
17:42:02  GPS원시속도:1.055
17:42:02  GPS원시방향유효:1
17:42:02  GPS원시방향:318.5
17:42:02  가속도:-0.07,0.21,9.65
17:42:02  자이로:0.3,2.5,0.6
17:42:02  자력계:26.100,-46.950,32.700
17:42:02  충격값:0.06
17:42:02  충격피크:0.15
17:42:02  마지막충격발생값:0.00
17:42:02  마지막충격발생ms:0
17:42:02  송신:32763
17:42:02  지팡이수신:25930
17:42:02  GPS위성:6
17:42:02  GPS_HDOP:1.52
17:42:02  원시위도:37.496450
17:42:02  원시경도:126.954212
17:42:02  GPS채택:3408
17:42:02  GPS이상치거부:4
17:42:02  GPS품질거부:6
17:42:02  GPS재기준:1
17:42:02  계산거리:-1.00
17:42:02  접근속도:0.00
17:42:02  TTC:999.00
17:42:02  방향오차:0.0
17:42:02  전방여부:0
17:42:02  위험음성횟수:0
17:42:02  충격음성횟수:0
17:42:02  마지막위험음성:0
17:42:02  RSSI원시:-59
17:42:02  RSSI평활:-58.3
17:42:02  RSSI샘플:25930
17:42:02  RSSI경과ms:29
17:42:02  RSSI구간:4
17:42:02  RSSI거리:1.87
17:42:02  상대보정:0
17:42:02  상대보정중:0
17:42:02  보정동쪽:0.00
17:42:02  보정북쪽:0.00
17:42:02  UWB유효:1
17:42:02  UWB원시거리:5.110
17:42:02  UWB보정거리:5.174
17:42:02  UWB접근속도:0.002
17:42:02  UWB_RSSI:nan
17:42:02  UWB경과ms:92
17:42:02  UWB샘플:16874
17:42:02  UWB실패:211
17:42:02  UWB보정:1
17:42:02  UWB보정중:0
17:42:02  UWB보정샘플:100
17:42:02  UWB보정기준:3.000
17:42:02  UWB오프셋:0.035
17:42:02  UWB위험사용:0
17:42:02  UWB전송:16859
17:42:02  위험송신:0
17:42:02  시각ms:3432502
17:42:02  IMU시각ms:3432502
17:42:02  위험:0
17:42:02  원시위험:0
17:42:02  GPS유효:1
17:42:02  위도:37.496453
17:42:02  경도:126.954203
17:42:02  속도:1.04
17:42:02  방향:318.1
17:42:02  이동방향유효:1
17:42:02  GPS이동방향:318.1
17:42:02  차체방향유효:1
17:42:02  차체방향:131.5
17:42:02  후진판정:1
17:42:02  IMU요회전속도:0.00
17:42:02  방향가속도크기:9.81
17:42:02  방향자이로크기:3.05
17:42:02  방향자세cos:0.9984
17:42:02  자기모델잔차:32.88
17:42:02  자기모델반경:1.015
17:42:02  방향채택:0
17:42:02  방향거부:367894
17:42:02  GPS원시속도:1.055
17:42:02  GPS원시방향유효:1
17:42:02  GPS원시방향:318.5
17:42:02  가속도:-0.01,0.14,9.81
17:42:02  자이로:-1.3,2.1,-1.8
17:42:02  자력계:25.350,-49.800,33.150
17:42:02  충격값:0.12
17:42:02  충격피크:0.15
17:42:02  마지막충격발생값:0.00
17:42:02  마지막충격발생ms:0
17:42:02  송신:32764
17:42:02  지팡이수신:25930
17:42:02  GPS위성:6
17:42:02  GPS_HDOP:1.52
17:42:02  원시위도:37.496450
17:42:02  원시경도:126.954212
17:42:02  GPS채택:3408
17:42:02  GPS이상치거부:4
17:42:02  GPS품질거부:6
17:42:02  GPS재기준:1
17:42:02  계산거리:-1.00
17:42:02  접근속도:0.00
17:42:02  TTC:999.00
17:42:02  방향오차:0.0
17:42:02  전방여부:0
17:42:02  위험음성횟수:0
17:42:02  충격음성횟수:0
17:42:02  마지막위험음성:0
17:42:02  RSSI원시:-59
17:42:02  RSSI평활:-58.3
17:42:02  RSSI샘플:25930
17:42:02  RSSI경과ms:81
17:42:02  RSSI구간:4
17:42:02  RSSI거리:1.87
17:42:02  상대보정:0
17:42:02  상대보정중:0
17:42:02  보정동쪽:0.00
17:42:02  보정북쪽:0.00
17:42:02  UWB유효:1
17:42:02  UWB원시거리:5.110
17:42:02  UWB보정거리:5.174
17:42:02  UWB접근속도:0.002
17:42:02  UWB_RSSI:nan
17:42:02  UWB경과ms:144
17:42:02  UWB샘플:16874
17:42:02  UWB실패:211
17:42:02  UWB보정:1
17:42:02  UWB보정중:0
17:42:02  UWB보정샘플:100
17:42:02  UWB보정기준:3.000
17:42:02  UWB오프셋:0.035
17:42:02  UWB위험사용:0
17:42:02  UWB전송:16859
17:42:02  위험송신:0
17:42:02  시각ms:3432557
17:42:02  IMU시각ms:3432553
17:42:02  위험:0
17:42:02  원시위험:0
17:42:02  GPS유효:1
17:42:02  위도:37.496453
17:42:02  경도:126.954203
17:42:02  속도:1.04
17:42:02  방향:318.1
17:42:02  이동방향유효:1
17:42:02  GPS이동방향:318.1
17:42:02  차체방향유효:1
17:42:02  차체방향:131.5
17:42:02  후진판정:1
17:42:02  IMU요회전속도:0.00
17:42:02  방향가속도크기:9.71
17:42:02  방향자이로크기:1.72
17:42:02  방향자세cos:0.9991
17:42:02  자기모델잔차:32.54
17:42:02  자기모델반경:1.004
17:42:02  방향채택:0
17:42:02  방향거부:367900
17:42:02  GPS원시속도:1.055
17:42:02  GPS원시방향유효:1
17:42:02  GPS원시방향:318.5
17:42:02  가속도:-0.08,0.26,9.71
17:42:02  자이로:0.0,-1.4,-1.0
17:42:02  자력계:26.100,-48.900,32.700
17:42:02  충격값:0.08
17:42:02  충격피크:0.10
17:42:02  마지막충격발생값:0.00
17:42:02  마지막충격발생ms:0
17:42:02  송신:32764
17:42:02  지팡이수신:25931
17:42:02  GPS위성:6
17:42:02  GPS_HDOP:1.52
17:42:02  원시위도:37.496450
17:42:02  원시경도:126.954212
17:42:02  GPS채택:3408
17:42:02  GPS이상치거부:4
17:42:02  GPS품질거부:6
17:42:02  GPS재기준:1
17:42:02  계산거리:-1.00
17:42:02  접근속도:0.00
17:42:02  TTC:999.00
17:42:02  방향오차:0.0
17:42:02  전방여부:0
17:42:02  위험음성횟수:0
17:42:02  충격음성횟수:0
17:42:02  마지막위험음성:0
17:42:02  RSSI원시:-59
17:42:02  RSSI평활:-58.4
17:42:02  RSSI샘플:25931
17:42:02  RSSI경과ms:25
17:42:02  RSSI구간:4
17:42:02  RSSI거리:1.89
17:42:02  상대보정:0
17:42:02  상대보정중:0
17:42:02  보정동쪽:0.00
17:42:02  보정북쪽:0.00
17:42:02  UWB유효:1
17:42:02  UWB원시거리:5.140
17:42:02  UWB보정거리:5.171
17:42:02  UWB접근속도:0.006
17:42:02  UWB_RSSI:nan
17:42:02  UWB경과ms:0
17:42:02  UWB샘플:16875
17:42:02  UWB실패:211
17:42:02  UWB보정:1
17:42:02  UWB보정중:0
17:42:02  UWB보정샘플:100
17:42:02  UWB보정기준:3.000
17:42:02  UWB오프셋:0.035
17:42:02  UWB위험사용:0
17:42:02  UWB전송:16860
17:42:02  위험송신:0
17:42:02  시각ms:3432763
17:42:02  IMU시각ms:3432759
17:42:02  위험:0
17:42:02  원시위험:0
17:42:02  GPS유효:1
17:42:02  위도:37.496453
17:42:02  경도:126.954203
17:42:02  속도:1.04
17:42:02  방향:318.1
17:42:02  이동방향유효:1
17:42:02  GPS이동방향:318.1
17:42:02  차체방향유효:1
17:42:02  차체방향:131.5
17:42:02  후진판정:1
17:42:02  IMU요회전속도:0.00
17:42:02  방향가속도크기:9.77
17:42:02  방향자이로크기:2.89
17:42:02  방향자세cos:0.9986
17:42:02  자기모델잔차:32.25
17:42:02  자기모델반경:0.986
17:42:02  방향채택:0
17:42:02  방향거부:367922
17:42:02  GPS원시속도:0.911
17:42:02  GPS원시방향유효:1
17:42:02  GPS원시방향:318.5
17:42:02  가속도:-0.06,0.15,9.77
17:42:02  자이로:1.9,1.2,-1.8
17:42:02  자력계:27.000,-47.550,32.250
17:42:02  충격값:0.06
17:42:02  충격피크:0.08
17:42:02  마지막충격발생값:0.00
17:42:02  마지막충격발생ms:0
17:42:02  송신:32766
17:42:02  지팡이수신:25933
17:42:02  GPS위성:4
17:42:02  GPS_HDOP:4.90
17:42:02  원시위도:37.496450
17:42:02  원시경도:126.954216
17:42:02  GPS채택:3408
17:42:02  GPS이상치거부:4
17:42:02  GPS품질거부:7
17:42:02  GPS재기준:1
17:42:02  계산거리:-1.00
17:42:02  접근속도:0.00
17:42:02  TTC:999.00
17:42:02  방향오차:0.0
17:42:02  전방여부:0
17:42:02  위험음성횟수:0
17:42:02  충격음성횟수:0
17:42:02  마지막위험음성:0
17:42:02  RSSI원시:-59
17:42:02  RSSI평활:-58.5
17:42:02  RSSI샘플:25933
17:42:02  RSSI경과ms:25
17:42:02  RSSI구간:4
17:42:02  RSSI거리:1.90
17:42:02  상대보정:0
17:42:02  상대보정중:0
17:42:02  보정동쪽:0.00
17:42:02  보정북쪽:0.00
17:42:02  UWB유효:1
17:42:02  UWB원시거리:5.100
17:42:02  UWB보정거리:5.165
17:42:02  UWB접근속도:0.012
17:42:02  UWB_RSSI:nan
17:42:02  UWB경과ms:1
17:42:02  UWB샘플:16876
17:42:02  UWB실패:211
17:42:02  UWB보정:1
17:42:02  UWB보정중:0
17:42:02  UWB보정샘플:100
17:42:02  UWB보정기준:3.000
17:42:02  UWB오프셋:0.035
17:42:02  UWB위험사용:0
17:42:02  UWB전송:16861
17:42:02  위험송신:0
17:42:02  시각ms:3432919
17:42:02  IMU시각ms:3432919
17:42:02  위험:0
17:42:02  원시위험:0
17:42:02  GPS유효:1
17:42:02  위도:37.496453
17:42:02  경도:126.954203
17:42:02  속도:1.04
17:42:02  방향:318.1
17:42:02  이동방향유효:1
17:42:02  GPS이동방향:318.1
17:42:02  차체방향유효:1
17:42:02  차체방향:131.5
17:42:02  후진판정:1
17:42:02  IMU요회전속도:0.00
17:42:02  방향가속도크기:9.71
17:42:02  방향자이로크기:0.55
17:42:02  방향자세cos:0.9981
17:42:02  자기모델잔차:32.95
17:42:02  자기모델반경:1.026
17:42:02  방향채택:0
17:42:02  방향거부:367940
17:42:02  GPS원시속도:0.911
17:42:02  GPS원시방향유효:1
17:42:02  GPS원시방향:318.5
17:42:02  가속도:0.00,0.08,9.71
17:42:02  자이로:0.2,0.5,0.2
17:42:02  자력계:28.200,-48.000,33.000
17:42:02  충격값:0.12
17:42:02  충격피크:0.12
17:42:02  마지막충격발생값:0.00
17:42:02  마지막충격발생ms:0
17:42:02  송신:32768
17:42:02  지팡이수신:25933
17:42:02  GPS위성:4
17:42:02  GPS_HDOP:4.90
17:42:02  원시위도:37.496450
17:42:02  원시경도:126.954216
17:42:02  GPS채택:3408
17:42:02  GPS이상치거부:4
17:42:02  GPS품질거부:7
17:42:02  GPS재기준:1
17:42:02  계산거리:-1.00
17:42:02  접근속도:0.00
17:42:02  TTC:999.00
17:42:02  방향오차:0.0
17:42:02  전방여부:0
17:42:02  위험음성횟수:0
17:42:02  충격음성횟수:0
17:42:02  마지막위험음성:0
17:42:02  RSSI원시:-59
17:42:02  RSSI평활:-58.5
17:42:02  RSSI샘플:25933
17:42:02  RSSI경과ms:181
17:42:02  RSSI구간:4
17:42:02  RSSI거리:1.90
17:42:02  상대보정:0
17:42:02  상대보정중:0
17:42:02  보정동쪽:0.00
17:42:02  보정북쪽:0.00
17:42:02  UWB유효:1
17:42:02  UWB원시거리:5.100
17:42:02  UWB보정거리:5.165
17:42:02  UWB접근속도:0.012
17:42:02  UWB_RSSI:nan
17:42:02  UWB경과ms:157
17:42:02  UWB샘플:16876
17:42:02  UWB실패:211
17:42:02  UWB보정:1
17:42:02  UWB보정중:0
17:42:02  UWB보정샘플:100
17:42:02  UWB보정기준:3.000
17:42:02  UWB오프셋:0.035
17:42:02  UWB위험사용:0
17:42:02  UWB전송:16861
17:42:02  위험송신:0
17:42:02  시각ms:3433131
17:42:02  IMU시각ms:3433131
17:42:02  위험:0
17:42:02  원시위험:0
17:42:02  GPS유효:1
17:42:02  위도:37.496453
17:42:02  경도:126.954203
17:42:02  속도:1.04
17:42:02  방향:318.1
17:42:02  이동방향유효:1
17:42:02  GPS이동방향:318.1
17:42:02  차체방향유효:1
17:42:02  차체방향:131.5
17:42:02  후진판정:1
17:42:02  IMU요회전속도:0.00
17:42:02  방향가속도크기:9.76
17:42:02  방향자이로크기:1.42
17:42:02  방향자세cos:0.9994
17:42:02  자기모델잔차:33.37
17:42:02  자기모델반경:0.996
17:42:02  방향채택:0
17:42:02  방향거부:367964
17:42:02  GPS원시속도:0.911
17:42:02  GPS원시방향유효:1
17:42:02  GPS원시방향:318.5
17:42:02  가속도:-0.18,0.26,9.76
17:42:02  자이로:0.6,0.2,-1.3
17:42:02  자력계:26.550,-48.150,33.450
17:42:02  충격값:0.14
17:42:02  충격피크:0.14
17:42:02  마지막충격발생값:0.00
17:42:02  마지막충격발생ms:0
17:42:02  송신:32770
17:42:02  지팡이수신:25935
17:42:02  GPS위성:4
17:42:02  GPS_HDOP:4.90
17:42:02  원시위도:37.496450
17:42:02  원시경도:126.954216
17:42:02  GPS채택:3408
17:42:02  GPS이상치거부:4
17:42:02  GPS품질거부:7
17:42:02  GPS재기준:1
17:42:02  계산거리:-1.00
17:42:02  접근속도:0.00
17:42:02  TTC:999.00
17:42:02  방향오차:0.0
17:42:02  전방여부:0
17:42:02  위험음성횟수:0
17:42:02  충격음성횟수:0
17:42:02  마지막위험음성:0
17:42:02  RSSI원시:-59
17:42:02  RSSI평활:-58.5
17:42:02  RSSI샘플:25935
17:42:02  RSSI경과ms:69
17:42:02  RSSI구간:4
17:42:02  RSSI거리:1.91
17:42:02  상대보정:0
17:42:02  상대보정중:0
17:42:02  보정동쪽:0.00
17:42:02  보정북쪽:0.00
17:42:02  UWB유효:1
17:42:02  UWB원시거리:5.110
17:42:02  UWB보정거리:5.158
17:42:02  UWB접근속도:0.019
17:42:02  UWB_RSSI:nan
17:42:02  UWB경과ms:174
17:42:02  UWB샘플:16877
17:42:02  UWB실패:211
17:42:02  UWB보정:1
17:42:02  UWB보정중:0
17:42:02  UWB보정샘플:100
17:42:02  UWB보정기준:3.000
17:42:02  UWB오프셋:0.035
17:42:02  UWB위험사용:0
17:42:02  UWB전송:16862
17:42:02  위험송신:0
17:42:02  시각ms:3433292
17:42:02  IMU시각ms:3433292
17:42:02  위험:0
17:42:02  원시위험:0
17:42:02  GPS유효:1
17:42:02  위도:37.496453
17:42:02  경도:126.954203
17:42:02  속도:1.04
17:42:02  방향:318.1
17:42:02  이동방향유효:1
17:42:02  GPS이동방향:318.1
17:42:02  차체방향유효:1
17:42:02  차체방향:131.5
17:42:02  후진판정:1
17:42:02  IMU요회전속도:0.00
17:42:02  방향가속도크기:9.73
17:42:02  방향자이로크기:1.93
17:42:02  방향자세cos:0.9986
17:42:02  자기모델잔차:33.91
17:42:02  자기모델반경:0.978
17:42:02  방향채택:0
17:42:02  방향거부:367981
17:42:02  GPS원시속도:0.911
17:42:02  GPS원시방향유효:1
17:42:02  GPS원시방향:318.5
17:42:02  가속도:-0.08,0.12,9.73
17:42:02  자이로:-0.3,-0.6,-1.8
17:42:02  자력계:26.550,-47.400,33.900
17:42:02  충격값:0.04
17:42:02  충격피크:0.20
17:42:02  마지막충격발생값:0.00
17:42:02  마지막충격발생ms:0
17:42:02  송신:32771
17:42:02  지팡이수신:25937
17:42:02  GPS위성:4
17:42:02  GPS_HDOP:4.90
17:42:02  원시위도:37.496450
17:42:02  원시경도:126.954216
17:42:02  GPS채택:3408
17:42:02  GPS이상치거부:4
17:42:02  GPS품질거부:7
17:42:02  GPS재기준:1
17:42:02  계산거리:-1.00
17:42:02  접근속도:0.00
17:42:02  TTC:999.00
17:42:02  방향오차:0.0
17:42:02  전방여부:0
17:42:02  위험음성횟수:0
17:42:02  충격음성횟수:0
17:42:02  마지막위험음성:0
17:42:02  RSSI원시:-58
17:42:02  RSSI평활:-58.3
17:42:02  RSSI샘플:25937
17:42:02  RSSI경과ms:22
17:42:02  RSSI구간:4
17:42:02  RSSI거리:1.88
17:42:02  상대보정:0
17:42:02  상대보정중:0
17:42:02  보정동쪽:0.00
17:42:02  보정북쪽:0.00
17:42:02  UWB유효:1
17:42:02  UWB원시거리:5.120
17:42:02  UWB보정거리:5.154
17:42:02  UWB접근속도:0.020
17:42:02  UWB_RSSI:nan
17:42:02  UWB경과ms:131
17:42:02  UWB샘플:16878
17:42:02  UWB실패:211
17:42:02  UWB보정:1
17:42:02  UWB보정중:0
17:42:02  UWB보정샘플:100
17:42:02  UWB보정기준:3.000
17:42:02  UWB오프셋:0.035
17:42:02  UWB위험사용:0
17:42:02  UWB전송:16863
17:42:02  위험송신:0
17:42:02  시각ms:3433398
17:42:02  IMU시각ms:3433398
17:42:02  위험:0
17:42:02  원시위험:0
17:42:02  GPS유효:1
17:42:02  위도:37.496453
17:42:02  경도:126.954203
17:42:02  속도:1.04
17:42:02  방향:318.1
17:42:02  이동방향유효:1
17:42:02  GPS이동방향:318.1
17:42:02  차체방향유효:1
17:42:02  차체방향:131.5
17:42:02  후진판정:1
17:42:02  IMU요회전속도:0.00
17:42:02  방향가속도크기:9.73
17:42:02  방향자이로크기:2.77
17:42:02  방향자세cos:0.9983
17:42:02  자기모델잔차:32.27
17:42:02  자기모델반경:0.995
17:42:02  방향채택:0
17:42:02  방향거부:367990
17:42:02  GPS원시속도:0.911
17:42:02  GPS원시방향유효:1
17:42:02  GPS원시방향:318.5
17:42:02  가속도:-0.01,0.12,9.73
17:42:02  자이로:1.2,1.4,-2.1
17:42:02  자력계:26.100,-48.600,32.400
17:42:02  충격값:0.07
17:42:02  충격피크:0.14
17:42:02  마지막충격발생값:0.00
17:42:02  마지막충격발생ms:0
17:42:02  송신:32772
17:42:02  지팡이수신:25938
17:42:02  GPS위성:4
17:42:02  GPS_HDOP:4.90
17:42:02  원시위도:37.496450
17:42:02  원시경도:126.954216
17:42:02  GPS채택:3408
17:42:02  GPS이상치거부:4
17:42:02  GPS품질거부:7
17:42:02  GPS재기준:1
17:42:02  계산거리:-1.00
17:42:02  접근속도:0.00
17:42:02  TTC:999.00
17:42:02  방향오차:0.0
17:42:02  전방여부:0
17:42:02  위험음성횟수:0
17:42:02  충격음성횟수:0
17:42:02  마지막위험음성:0
17:42:02  RSSI원시:-58
17:42:02  RSSI평활:-58.3
17:42:02  RSSI샘플:25938
17:42:02  RSSI경과ms:16
17:42:02  RSSI구간:4
17:42:02  RSSI거리:1.87
17:42:02  상대보정:0
17:42:02  상대보정중:0
17:42:02  보정동쪽:0.00
17:42:02  보정북쪽:0.00
17:42:02  UWB유효:1
17:42:02  UWB원시거리:5.160
17:42:02  UWB보정거리:5.154
17:42:02  UWB접근속도:0.014
17:42:02  UWB_RSSI:nan
17:42:02  UWB경과ms:41
17:42:02  UWB샘플:16879
17:42:02  UWB실패:211
17:42:02  UWB보정:1
17:42:02  UWB보정중:0
17:42:02  UWB보정샘플:100
17:42:02  UWB보정기준:3.000
17:42:02  UWB오프셋:0.035
17:42:02  UWB위험사용:0
17:42:02  UWB전송:16864
17:42:02  위험송신:0
17:42:02  시각ms:3433449
17:42:02  IMU시각ms:3433449
17:42:02  위험:0
17:42:02  원시위험:0
17:42:02  GPS유효:1
17:42:03  위도:37.496453
17:42:03  경도:126.954203
17:42:03  속도:1.04
17:42:03  방향:318.1
17:42:03  이동방향유효:1
17:42:03  GPS이동방향:318.1
17:42:03  차체방향유효:1
17:42:03  차체방향:131.5
17:42:03  후진판정:1
17:42:03  IMU요회전속도:0.00
17:42:03  방향가속도크기:9.70
17:42:03  방향자이로크기:2.16
17:42:03  방향자세cos:0.9983
17:42:03  자기모델잔차:33.16
17:42:03  자기모델반경:0.976
17:42:03  방향채택:0
17:42:03  방향거부:367996
17:42:03  GPS원시속도:0.911
17:42:03  GPS원시방향유효:1
17:42:03  GPS원시방향:318.5
17:42:03  가속도:-0.03,0.09,9.70
17:42:03  자이로:2.1,-0.2,0.3
17:42:03  자력계:26.550,-47.400,33.150
17:42:03  충격값:0.09
17:42:03  충격피크:0.11
17:42:03  마지막충격발생값:0.00
17:42:03  마지막충격발생ms:0
17:42:03  송신:32773
17:42:03  지팡이수신:25938
17:42:03  GPS위성:4
17:42:03  GPS_HDOP:4.90
17:42:03  원시위도:37.496450
17:42:03  원시경도:126.954216
17:42:03  GPS채택:3408
17:42:03  GPS이상치거부:4
17:42:03  GPS품질거부:7
17:42:03  GPS재기준:1
17:42:03  계산거리:-1.00
17:42:03  접근속도:0.00
17:42:03  TTC:999.00
17:42:03  방향오차:0.0
17:42:03  전방여부:0
17:42:03  위험음성횟수:0
17:42:03  충격음성횟수:0
17:42:03  마지막위험음성:0
17:42:03  RSSI원시:-58
17:42:03  RSSI평활:-58.3
17:42:03  RSSI샘플:25938
17:42:03  RSSI경과ms:67
17:42:03  RSSI구간:4
17:42:03  RSSI거리:1.87
17:42:03  상대보정:0
17:42:03  상대보정중:0
17:42:03  보정동쪽:0.00
17:42:03  보정북쪽:0.00
17:42:03  UWB유효:1
17:42:03  UWB원시거리:5.160
17:42:03  UWB보정거리:5.154
17:42:03  UWB접근속도:0.014
17:42:03  UWB_RSSI:nan
17:42:03  UWB경과ms:92
17:42:03  UWB샘플:16879
17:42:03  UWB실패:211
17:42:03  UWB보정:1
17:42:03  UWB보정중:0
17:42:03  UWB보정샘플:100
17:42:03  UWB보정기준:3.000
17:42:03  UWB오프셋:0.035
17:42:03  UWB위험사용:0
17:42:03  UWB전송:16864
17:42:03  위험송신:0
17:42:03  시각ms:3433500
17:42:03  IMU시각ms:3433500
17:42:03  위험:0
17:42:03  원시위험:0
17:42:03  GPS유효:1
17:42:03  위도:37.496453
17:42:03  경도:126.954203
17:42:03  속도:1.04
17:42:03  방향:318.1
17:42:03  이동방향유효:1
17:42:03  GPS이동방향:318.1
17:42:03  차체방향유효:1
17:42:03  차체방향:131.5
17:42:03  후진판정:1
17:42:03  IMU요회전속도:0.00
17:42:03  방향가속도크기:9.67
17:42:03  방향자이로크기:1.58
17:42:03  방향자세cos:0.9993
17:42:03  자기모델잔차:33.29
17:42:03  자기모델반경:1.015
17:42:03  방향채택:0
17:42:03  방향거부:368002
17:42:03  GPS원시속도:0.911
17:42:03  GPS원시방향유효:1
17:42:03  GPS원시방향:318.5
17:42:03  가속도:-0.11,0.29,9.66
17:42:03  자이로:-0.2,-0.8,-1.4
17:42:03  자력계:26.550,-48.900,33.450
17:42:03  충격값:0.15
17:42:03  충격피크:0.15
17:42:03  마지막충격발생값:0.00
17:42:03  마지막충격발생ms:0
17:42:03  송신:32773
17:42:03  지팡이수신:25939
17:42:03  GPS위성:4
17:42:03  GPS_HDOP:4.90
17:42:03  원시위도:37.496450
17:42:03  원시경도:126.954216
17:42:03  GPS채택:3408
17:42:03  GPS이상치거부:4
17:42:03  GPS품질거부:7
17:42:03  GPS재기준:1
17:42:03  계산거리:-1.00
17:42:03  접근속도:0.00
17:42:03  TTC:999.00
17:42:03  방향오차:0.0
17:42:03  전방여부:0
17:42:03  위험음성횟수:0
17:42:03  충격음성횟수:0
17:42:03  마지막위험음성:0
17:42:03  RSSI원시:-58
17:42:03  RSSI평활:-58.2
17:42:03  RSSI샘플:25939
17:42:03  RSSI경과ms:19
17:42:03  RSSI구간:4
17:42:03  RSSI거리:1.86
17:42:03  상대보정:0
17:42:03  상대보정중:0
17:42:03  보정동쪽:0.00
17:42:03  보정북쪽:0.00
17:42:03  UWB유효:1
17:42:03  UWB원시거리:5.160
17:42:03  UWB보정거리:5.154
17:42:03  UWB접근속도:0.014
17:42:03  UWB_RSSI:nan
17:42:03  UWB경과ms:143
17:42:03  UWB샘플:16879
17:42:03  UWB실패:211
17:42:03  UWB보정:1
17:42:03  UWB보정중:0
17:42:03  UWB보정샘플:100
17:42:03  UWB보정기준:3.000
17:42:03  UWB오프셋:0.035
17:42:03  UWB위험사용:0
17:42:03  UWB전송:16864
17:42:03  위험송신:0
17:42:03  시각ms:3433555
17:42:03  IMU시각ms:3433552
17:42:03  위험:0
17:42:03  원시위험:0
17:42:03  GPS유효:1
17:42:03  위도:37.496453
17:42:03  경도:126.954203
17:42:03  속도:1.04
17:42:03  방향:318.1
17:42:03  이동방향유효:1
17:42:03  GPS이동방향:318.1
17:42:03  차체방향유효:1
17:42:03  차체방향:131.5
17:42:03  후진판정:1
17:42:03  IMU요회전속도:0.00
17:42:03  방향가속도크기:9.68
17:42:03  방향자이로크기:3.72
17:42:03  방향자세cos:0.9988
17:42:03  자기모델잔차:33.65
17:42:03  자기모델반경:0.988
17:42:03  방향채택:0
17:42:03  방향거부:368008
17:42:03  GPS원시속도:0.911
17:42:03  GPS원시방향유효:1
17:42:03  GPS원시방향:318.5
17:42:03  가속도:-0.04,0.23,9.68
17:42:03  자이로:2.5,-1.3,-2.5
17:42:03  자력계:25.950,-48.300,33.750
17:42:03  충격값:0.08
17:42:03  충격피크:0.24
17:42:03  마지막충격발생값:0.00
17:42:03  마지막충격발생ms:0
17:42:03  송신:32774
17:42:03  지팡이수신:25939
17:42:03  GPS위성:4
17:42:03  GPS_HDOP:4.90
17:42:03  원시위도:37.496450
17:42:03  원시경도:126.954216
17:42:03  GPS채택:3408
17:42:03  GPS이상치거부:4
17:42:03  GPS품질거부:7
17:42:03  GPS재기준:1
17:42:03  계산거리:-1.00
17:42:03  접근속도:0.00
17:42:03  TTC:999.00
17:42:03  방향오차:0.0
17:42:03  전방여부:0
17:42:03  위험음성횟수:0
17:42:03  충격음성횟수:0
17:42:03  마지막위험음성:0
17:42:03  RSSI원시:-58
17:42:03  RSSI평활:-58.2
17:42:03  RSSI샘플:25939
17:42:03  RSSI경과ms:74
17:42:03  RSSI구간:4
17:42:03  RSSI거리:1.86
17:42:03  상대보정:0
17:42:03  상대보정중:0
17:42:03  보정동쪽:0.00
17:42:03  보정북쪽:0.00
17:42:03  UWB유효:1
17:42:03  UWB원시거리:5.160
17:42:03  UWB보정거리:5.154
17:42:03  UWB접근속도:0.014
17:42:03  UWB_RSSI:nan
17:42:03  UWB경과ms:198
17:42:03  UWB샘플:16879
17:42:03  UWB실패:211
17:42:03  UWB보정:1
17:42:03  UWB보정중:0
17:42:03  UWB보정샘플:100
17:42:03  UWB보정기준:3.000
17:42:03  UWB오프셋:0.035
17:42:03  UWB위험사용:0
17:42:03  UWB전송:16864
17:42:03  위험송신:0
17:42:03  시각ms:3433607
17:42:03  IMU시각ms:3433607
17:42:03  위험:0
17:42:03  원시위험:0
17:42:03  GPS유효:1
17:42:03  위도:37.496453
17:42:03  경도:126.954203
17:42:03  속도:1.04
17:42:03  방향:318.1
17:42:03  이동방향유효:1
17:42:03  GPS이동방향:318.1
17:42:03  차체방향유효:1
17:42:03  차체방향:131.5
17:42:03  후진판정:1
17:42:03  IMU요회전속도:0.00
17:42:03  방향가속도크기:9.74
17:42:03  방향자이로크기:0.63
17:42:03  방향자세cos:0.9990
17:42:03  자기모델잔차:32.33
17:42:03  자기모델반경:0.999
17:42:03  방향채택:0
17:42:03  방향거부:368014
17:42:03  GPS원시속도:0.911
17:42:03  GPS원시방향유효:1
17:42:03  GPS원시방향:318.5
17:42:03  가속도:-0.09,0.24,9.73
17:42:03  자이로:-0.3,-0.4,-0.4
17:42:03  자력계:26.850,-48.150,32.400
17:42:03  충격값:0.08
17:42:03  충격피크:0.14
17:42:03  마지막충격발생값:0.00
17:42:03  마지막충격발생ms:0
17:42:03  송신:32774
17:42:03  지팡이수신:25940
17:42:03  GPS위성:4
17:42:03  GPS_HDOP:4.90
17:42:03  원시위도:37.496450
17:42:03  원시경도:126.954216
17:42:03  GPS채택:3408
17:42:03  GPS이상치거부:4
17:42:03  GPS품질거부:7
17:42:03  GPS재기준:1
17:42:03  계산거리:-1.00
17:42:03  접근속도:0.00
17:42:03  TTC:999.00
17:42:03  방향오차:0.0
17:42:03  전방여부:0
17:42:03  위험음성횟수:0
17:42:03  충격음성횟수:0
17:42:03  마지막위험음성:0
17:42:03  RSSI원시:-58
17:42:03  RSSI평활:-58.2
17:42:03  RSSI샘플:25940
17:42:03  RSSI경과ms:25
17:42:03  RSSI구간:4
17:42:03  RSSI거리:1.85
17:42:03  상대보정:0
17:42:03  상대보정중:0
17:42:03  보정동쪽:0.00
17:42:03  보정북쪽:0.00
17:42:03  UWB유효:1
17:42:03  UWB원시거리:5.090
17:42:03  UWB보정거리:5.151
17:42:03  UWB접근속도:0.014
17:42:03  UWB_RSSI:nan
17:42:03  UWB경과ms:41
17:42:03  UWB샘플:16880
17:42:03  UWB실패:211
17:42:03  UWB보정:1
17:42:03  UWB보정중:0
17:42:03  UWB보정샘플:100
17:42:03  UWB보정기준:3.000
17:42:03  UWB오프셋:0.035
17:42:03  UWB위험사용:0
17:42:03  UWB전송:16865
17:42:03  위험송신:0
17:42:03  시각ms:3433710
17:42:03  IMU시각ms:3433710
17:42:03  위험:0
17:42:03  원시위험:0
17:42:03  GPS유효:1
17:42:03  위도:37.496453
17:42:03  경도:126.954203
17:42:03  속도:1.04
17:42:03  방향:318.1
17:42:03  이동방향유효:1
17:42:03  GPS이동방향:318.1
17:42:03  차체방향유효:1
17:42:03  차체방향:131.5
17:42:03  후진판정:1
17:42:03  IMU요회전속도:0.00
17:42:03  방향가속도크기:9.65
17:42:03  방향자이로크기:3.23
17:42:03  방향자세cos:0.9989
17:42:03  자기모델잔차:33.30
17:42:03  자기모델반경:0.989
17:42:03  방향채택:0
17:42:03  방향거부:368026
17:42:03  GPS원시속도:0.911
17:42:03  GPS원시방향유효:1
17:42:03  GPS원시방향:318.5
17:42:03  가속도:-0.12,0.15,9.65
17:42:03  자이로:-0.3,2.2,-2.4
17:42:03  자력계:27.000,-47.550,33.300
17:42:03  충격값:0.10
17:42:03  충격피크:0.17
17:42:03  마지막충격발생값:0.00
17:42:03  마지막충격발생ms:0
17:42:03  송신:32775
17:42:03  지팡이수신:25941
17:42:03  GPS위성:4
17:42:03  GPS_HDOP:4.90
17:42:03  원시위도:37.496450
17:42:03  원시경도:126.954216
17:42:03  GPS채택:3408
17:42:03  GPS이상치거부:4
17:42:03  GPS품질거부:7
17:42:03  GPS재기준:1
17:42:03  계산거리:-1.00
17:42:03  접근속도:0.00
17:42:03  TTC:999.00
17:42:03  방향오차:0.0
17:42:03  전방여부:0
17:42:03  위험음성횟수:0
17:42:03  충격음성횟수:0
17:42:03  마지막위험음성:0
17:42:03  RSSI원시:-58
17:42:03  RSSI평활:-58.1
17:42:03  RSSI샘플:25941
17:42:03  RSSI경과ms:25
17:42:03  RSSI구간:4
17:42:03  RSSI거리:1.84
17:42:03  상대보정:0
17:42:03  상대보정중:0
17:42:03  보정동쪽:0.00
17:42:03  보정북쪽:0.00
17:42:03  UWB유효:1
17:42:03  UWB원시거리:5.090
17:42:03  UWB보정거리:5.151
17:42:03  UWB접근속도:0.014
17:42:03  UWB_RSSI:nan
17:42:03  UWB경과ms:144
17:42:03  UWB샘플:16880
17:42:03  UWB실패:211
17:42:03  UWB보정:1
17:42:03  UWB보정중:0
17:42:03  UWB보정샘플:100
17:42:03  UWB보정기준:3.000
17:42:03  UWB오프셋:0.035
17:42:03  UWB위험사용:0
17:42:03  UWB전송:16865
17:42:03  위험송신:0
17:42:03  시각ms:3433820
17:42:03  IMU시각ms:3433820
17:42:03  위험:0
17:42:03  원시위험:0
17:42:03  GPS유효:1
17:42:03  위도:37.496460
17:42:03  경도:126.954201
17:42:03  속도:0.98
17:42:03  방향:318.3
17:42:03  이동방향유효:1
17:42:03  GPS이동방향:318.3
17:42:03  차체방향유효:1
17:42:03  차체방향:132.3
17:42:03  후진판정:1
17:42:03  IMU요회전속도:0.00
17:42:03  방향가속도크기:9.73
17:42:03  방향자이로크기:2.87
17:42:03  방향자세cos:0.9992
17:42:03  자기모델잔차:32.38
17:42:03  자기모델반경:0.981
17:42:03  방향채택:0
17:42:03  방향거부:368038
17:42:03  GPS원시속도:0.921
17:42:03  GPS원시방향유효:1
17:42:03  GPS원시방향:318.5
17:42:03  가속도:-0.11,0.27,9.73
17:42:03  자이로:-1.0,1.3,-2.4
17:42:03  자력계:26.550,-47.700,32.400
17:42:03  충격값:0.11
17:42:03  충격피크:0.16
17:42:03  마지막충격발생값:0.00
17:42:03  마지막충격발생ms:0
17:42:03  송신:32776
17:42:03  지팡이수신:25942
17:42:03  GPS위성:6
17:42:03  GPS_HDOP:2.93
17:42:03  원시위도:37.496457
17:42:03  원시경도:126.954206
17:42:03  GPS채택:3409
17:42:03  GPS이상치거부:4
17:42:03  GPS품질거부:7
17:42:03  GPS재기준:1
17:42:03  계산거리:-1.00
17:42:03  접근속도:0.00
17:42:03  TTC:999.00
17:42:03  방향오차:0.0
17:42:03  전방여부:0
17:42:03  위험음성횟수:0
17:42:03  충격음성횟수:0
17:42:03  마지막위험음성:0
17:42:03  RSSI원시:-58
17:42:03  RSSI평활:-58.1
17:42:03  RSSI샘플:25942
17:42:03  RSSI경과ms:17
17:42:03  RSSI구간:4
17:42:03  RSSI거리:1.84
17:42:03  상대보정:0
17:42:03  상대보정중:0
17:42:03  보정동쪽:0.00
17:42:03  보정북쪽:0.00
17:42:03  UWB유효:1
17:42:03  UWB원시거리:5.110
17:42:03  UWB보정거리:5.149
17:42:03  UWB접근속도:0.013
17:42:03  UWB_RSSI:nan
17:42:03  UWB경과ms:62
17:42:03  UWB샘플:16881
17:42:03  UWB실패:211
17:42:03  UWB보정:1
17:42:03  UWB보정중:0
17:42:03  UWB보정샘플:100
17:42:03  UWB보정기준:3.000
17:42:03  UWB오프셋:0.035
17:42:03  UWB위험사용:0
17:42:03  UWB전송:16866
17:42:03  위험송신:0
17:42:03  시각ms:3433871
17:42:03  IMU시각ms:3433871
17:42:03  위험:0
17:42:03  원시위험:0
17:42:03  GPS유효:1
17:42:03  위도:37.496460
17:42:03  경도:126.954201
17:42:03  속도:0.98
17:42:03  방향:318.3
17:42:03  이동방향유효:1
17:42:03  GPS이동방향:318.3
17:42:03  차체방향유효:1
17:42:03  차체방향:132.3
17:42:03  후진판정:1
17:42:03  IMU요회전속도:0.00
17:42:03  방향가속도크기:9.76
17:42:03  방향자이로크기:2.39
17:42:03  방향자세cos:0.9987
17:42:03  자기모델잔차:33.51
17:42:03  자기모델반경:0.971
17:42:03  방향채택:0
17:42:03  방향거부:368044
17:42:03  GPS원시속도:0.921
17:42:03  GPS원시방향유효:1
17:42:03  GPS원시방향:318.5
17:42:03  가속도:-0.07,0.16,9.75
17:42:03  자이로:1.4,-1.5,-1.3
17:42:03  자력계:26.850,-46.950,33.450
17:42:03  충격값:0.04
17:42:03  충격피크:0.12
17:42:03  마지막충격발생값:0.00
17:42:03  마지막충격발생ms:0
17:42:03  송신:32777
17:42:03  지팡이수신:25942
17:42:03  GPS위성:6
17:42:03  GPS_HDOP:2.93
17:42:03  원시위도:37.496457
17:42:03  원시경도:126.954206
17:42:03  GPS채택:3409
17:42:03  GPS이상치거부:4
17:42:03  GPS품질거부:7
17:42:03  GPS재기준:1
17:42:03  계산거리:-1.00
17:42:03  접근속도:0.00
17:42:03  TTC:999.00
17:42:03  방향오차:0.0
17:42:03  전방여부:0
17:42:03  위험음성횟수:0
17:42:03  충격음성횟수:0
17:42:03  마지막위험음성:0
17:42:03  RSSI원시:-58
17:42:03  RSSI평활:-58.1
17:42:03  RSSI샘플:25942
17:42:03  RSSI경과ms:68
17:42:03  RSSI구간:4
17:42:03  RSSI거리:1.84
17:42:03  상대보정:0
17:42:03  상대보정중:0
17:42:03  보정동쪽:0.00
17:42:03  보정북쪽:0.00
17:42:03  UWB유효:1
17:42:03  UWB원시거리:5.110
17:42:03  UWB보정거리:5.149
17:42:03  UWB접근속도:0.013
17:42:03  UWB_RSSI:nan
17:42:03  UWB경과ms:113
17:42:03  UWB샘플:16881
17:42:03  UWB실패:211
17:42:03  UWB보정:1
17:42:03  UWB보정중:0
17:42:03  UWB보정샘플:100
17:42:03  UWB보정기준:3.000
17:42:03  UWB오프셋:0.035
17:42:03  UWB위험사용:0
17:42:03  UWB전송:16866
17:42:03  위험송신:0
17:42:03  시각ms:3433979
17:42:03  IMU시각ms:3433979
17:42:03  위험:0
17:42:03  원시위험:0
17:42:03  GPS유효:1
17:42:03  위도:37.496461
17:42:03  경도:126.954201
17:42:03  속도:0.98
17:42:03  방향:318.3
17:42:03  이동방향유효:1
17:42:03  GPS이동방향:318.3
17:42:03  차체방향유효:1
17:42:03  차체방향:132.3
17:42:03  후진판정:1
17:42:03  IMU요회전속도:0.00
17:42:03  방향가속도크기:9.82
17:42:03  방향자이로크기:2.79
17:42:03  방향자세cos:0.9987
17:42:03  자기모델잔차:32.81
17:42:03  자기모델반경:0.995
17:42:03  방향채택:0
17:42:03  방향거부:368056
17:42:03  GPS원시속도:0.921
17:42:03  GPS원시방향유효:1
17:42:03  GPS원시방향:318.5
17:42:03  가속도:-0.06,0.17,9.82
17:42:03  자이로:0.9,2.0,-1.7
17:42:03  자력계:28.350,-46.650,32.700
17:42:03  충격값:0.10
17:42:03  충격피크:0.21
17:42:03  마지막충격발생값:0.00
17:42:03  마지막충격발생ms:0
17:42:03  송신:32778
17:42:03  지팡이수신:25943
17:42:03  GPS위성:6
17:42:03  GPS_HDOP:2.93
17:42:03  원시위도:37.496457
17:42:03  원시경도:126.954206
17:42:03  GPS채택:3409
17:42:03  GPS이상치거부:4
17:42:03  GPS품질거부:7
17:42:03  GPS재기준:1
17:42:03  계산거리:-1.00
17:42:03  접근속도:0.00
17:42:03  TTC:999.00
17:42:03  방향오차:0.0
17:42:03  전방여부:0
17:42:03  위험음성횟수:0
17:42:03  충격음성횟수:0
17:42:03  마지막위험음성:0
17:42:03  RSSI원시:-58
17:42:03  RSSI평활:-58.1
17:42:03  RSSI샘플:25943
17:42:03  RSSI경과ms:82
17:42:03  RSSI구간:4
17:42:03  RSSI거리:1.84
17:42:03  상대보정:0
17:42:03  상대보정중:0
17:42:03  보정동쪽:0.00
17:42:03  보정북쪽:0.00
17:42:03  UWB유효:1
17:42:03  UWB원시거리:5.100
17:42:03  UWB보정거리:5.147
17:42:03  UWB접근속도:0.011
17:42:03  UWB_RSSI:nan
17:42:03  UWB경과ms:16
17:42:03  UWB샘플:16882
17:42:03  UWB실패:211
17:42:03  UWB보정:1
17:42:03  UWB보정중:0
17:42:03  UWB보정샘플:100
17:42:03  UWB보정기준:3.000
17:42:03  UWB오프셋:0.035
17:42:03  UWB위험사용:0
17:42:03  UWB전송:16867
17:42:03  위험송신:0
17:42:03  시각ms:3434031
17:42:03  IMU시각ms:3434031
17:42:03  위험:0
17:42:03  원시위험:0
17:42:03  GPS유효:1
17:42:03  위도:37.496461
17:42:03  경도:126.954200
17:42:03  속도:0.98
17:42:03  방향:318.3
17:42:03  이동방향유효:1
17:42:03  GPS이동방향:318.3
17:42:03  차체방향유효:1
17:42:03  차체방향:132.3
17:42:03  후진판정:1
17:42:03  IMU요회전속도:0.00
17:42:03  방향가속도크기:9.70
17:42:03  방향자이로크기:1.03
17:42:03  방향자세cos:0.9987
17:42:03  자기모델잔차:32.94
17:42:03  자기모델반경:0.984
17:42:03  방향채택:0
17:42:03  방향거부:368062
17:42:03  GPS원시속도:0.921
17:42:03  GPS원시방향유효:1
17:42:03  GPS원시방향:318.5
17:42:03  가속도:0.00,0.27,9.69
17:42:03  자이로:0.6,-0.5,-0.7
17:42:03  자력계:26.250,-48.000,33.000
17:42:03  충격값:0.12
17:42:03  충격피크:0.15
17:42:03  마지막충격발생값:0.00
17:42:03  마지막충격발생ms:0
17:42:03  송신:32778
17:42:03  지팡이수신:25944
17:42:03  GPS위성:6
17:42:03  GPS_HDOP:2.93
17:42:03  원시위도:37.496457
17:42:03  원시경도:126.954206
17:42:03  GPS채택:3409
17:42:03  GPS이상치거부:4
17:42:03  GPS품질거부:7
17:42:03  GPS재기준:1
17:42:03  계산거리:-1.00
17:42:03  접근속도:0.00
17:42:03  TTC:999.00
17:42:03  방향오차:0.0
17:42:03  전방여부:0
17:42:03  위험음성횟수:0
17:42:03  충격음성횟수:0
17:42:03  마지막위험음성:0
17:42:03  RSSI원시:-58
17:42:03  RSSI평활:-58.1
17:42:03  RSSI샘플:25944
17:42:03  RSSI경과ms:22
17:42:03  RSSI구간:4
17:42:03  RSSI거리:1.83
17:42:03  상대보정:0
17:42:03  상대보정중:0
17:42:03  보정동쪽:0.00
17:42:03  보정북쪽:0.00
17:42:03  UWB유효:1
17:42:03  UWB원시거리:5.100
17:42:03  UWB보정거리:5.147
17:42:03  UWB접근속도:0.011
17:42:03  UWB_RSSI:nan
17:42:03  UWB경과ms:68
17:42:03  UWB샘플:16882
17:42:03  UWB실패:211
17:42:03  UWB보정:1
17:42:03  UWB보정중:0
17:42:03  UWB보정샘플:100
17:42:03  UWB보정기준:3.000
17:42:03  UWB오프셋:0.035
17:42:03  UWB위험사용:0
17:42:03  UWB전송:16867
17:42:03  위험송신:0
17:42:03  시각ms:3434084
17:42:03  IMU시각ms:3434084
17:42:03  위험:0
17:42:03  원시위험:0
17:42:03  GPS유효:1
17:42:03  위도:37.496462
17:42:03  경도:126.954200
17:42:03  속도:0.98
17:42:03  방향:318.3
17:42:03  이동방향유효:1
17:42:03  GPS이동방향:318.3
17:42:03  차체방향유효:1
17:42:03  차체방향:132.3
17:42:03  후진판정:1
17:42:03  IMU요회전속도:0.00
17:42:03  방향가속도크기:9.76
17:42:03  방향자이로크기:1.69
17:42:03  방향자세cos:0.9992
17:42:03  자기모델잔차:31.83
17:42:03  자기모델반경:0.994
17:42:03  방향채택:0
17:42:03  방향거부:368068
17:42:03  GPS원시속도:0.921
17:42:03  GPS원시방향유효:1
17:42:03  GPS원시방향:318.5
17:42:03  가속도:-0.13,0.24,9.76
17:42:03  자이로:0.2,-1.7,0.0
17:42:03  자력계:26.100,-48.600,31.950
17:42:03  충격값:0.10
17:42:03  충격피크:0.11
17:42:03  마지막충격발생값:0.00
17:42:03  마지막충격발생ms:0
17:42:03  송신:32779
17:42:03  지팡이수신:25944
17:42:03  GPS위성:6
17:42:03  GPS_HDOP:2.93
17:42:03  원시위도:37.496457
17:42:03  원시경도:126.954206
17:42:03  GPS채택:3409
17:42:03  GPS이상치거부:4
17:42:03  GPS품질거부:7
17:42:03  GPS재기준:1
17:42:03  계산거리:-1.00
17:42:03  접근속도:0.00
17:42:03  TTC:999.00
17:42:03  방향오차:0.0
17:42:03  전방여부:0
17:42:03  위험음성횟수:0
17:42:03  충격음성횟수:0
17:42:03  마지막위험음성:0
17:42:03  RSSI원시:-58
17:42:03  RSSI평활:-58.1
17:42:03  RSSI샘플:25944
17:42:03  RSSI경과ms:75
17:42:03  RSSI구간:4
17:42:03  RSSI거리:1.83
17:42:03  상대보정:0
17:42:03  상대보정중:0
17:42:03  보정동쪽:0.00
17:42:03  보정북쪽:0.00
17:42:03  UWB유효:1
17:42:03  UWB원시거리:5.100
17:42:03  UWB보정거리:5.147
17:42:03  UWB접근속도:0.011
17:42:03  UWB_RSSI:nan
17:42:03  UWB경과ms:121
17:42:03  UWB샘플:16882
17:42:03  UWB실패:211
17:42:03  UWB보정:1
17:42:03  UWB보정중:0
17:42:03  UWB보정샘플:100
17:42:03  UWB보정기준:3.000
17:42:03  UWB오프셋:0.035
17:42:03  UWB위험사용:0
17:42:03  UWB전송:16867
17:42:03  위험송신:0
17:42:03  시각ms:3434136
17:42:03  IMU시각ms:3434136
17:42:03  위험:0
17:42:03  원시위험:0
17:42:03  GPS유효:1
17:42:03  위도:37.496462
17:42:03  경도:126.954200
17:42:03  속도:0.98
17:42:03  방향:318.3
17:42:03  이동방향유효:1
17:42:03  GPS이동방향:318.3
17:42:03  차체방향유효:1
17:42:03  차체방향:132.3
17:42:03  후진판정:1
17:42:03  IMU요회전속도:0.00
17:42:03  방향가속도크기:9.69
17:42:03  방향자이로크기:1.69
17:42:03  방향자세cos:0.9992
17:42:03  자기모델잔차:31.66
17:42:03  자기모델반경:0.994
17:42:03  방향채택:0
17:42:03  방향거부:368074
17:42:03  GPS원시속도:0.921
17:42:03  GPS원시방향유효:1
17:42:03  GPS원시방향:318.5
17:42:03  가속도:-0.10,0.29,9.69
17:42:03  자이로:1.2,-1.0,-0.6
17:42:03  자력계:25.950,-48.750,31.800
17:42:03  충격값:0.12
17:42:03  충격피크:0.13
17:42:03  마지막충격발생값:0.00
17:42:03  마지막충격발생ms:0
17:42:03  송신:32779
17:42:03  지팡이수신:25945
17:42:03  GPS위성:6
17:42:03  GPS_HDOP:2.93
17:42:03  원시위도:37.496457
17:42:03  원시경도:126.954206
17:42:03  GPS채택:3409
17:42:03  GPS이상치거부:4
17:42:03  GPS품질거부:7
17:42:03  GPS재기준:1
17:42:03  계산거리:-1.00
17:42:03  접근속도:0.00
17:42:03  TTC:999.00
17:42:03  방향오차:0.0
17:42:03  전방여부:0
17:42:03  위험음성횟수:0
17:42:03  충격음성횟수:0
17:42:03  마지막위험음성:0
17:42:03  RSSI원시:-58
17:42:03  RSSI평활:-58.1
17:42:03  RSSI샘플:25945
17:42:03  RSSI경과ms:27
17:42:03  RSSI구간:4
17:42:03  RSSI거리:1.83
17:42:03  상대보정:0
17:42:03  상대보정중:0
17:42:03  보정동쪽:0.00
17:42:03  보정북쪽:0.00
17:42:03  UWB유효:1
17:42:03  UWB원시거리:5.100
17:42:03  UWB보정거리:5.147
17:42:03  UWB접근속도:0.011
17:42:03  UWB_RSSI:nan
17:42:03  UWB경과ms:173
17:42:03  UWB샘플:16882
17:42:03  UWB실패:211
17:42:03  UWB보정:1
17:42:03  UWB보정중:0
17:42:03  UWB보정샘플:100
17:42:03  UWB보정기준:3.000
17:42:03  UWB오프셋:0.035
17:42:03  UWB위험사용:0
17:42:03  UWB전송:16867
17:42:03  위험송신:0
17:42:03  시각ms:3434294
17:42:03  IMU시각ms:3434294
17:42:03  위험:0
17:42:03  원시위험:0
17:42:03  GPS유효:1
17:42:03  위도:37.496463
17:42:03  경도:126.954199
17:42:03  속도:0.98
17:42:03  방향:318.3
17:42:03  이동방향유효:1
17:42:03  GPS이동방향:318.3
17:42:03  차체방향유효:1
17:42:03  차체방향:132.3
17:42:03  후진판정:1
17:42:03  IMU요회전속도:0.00
17:42:03  방향가속도크기:9.78
17:42:03  방향자이로크기:2.56
17:42:03  방향자세cos:0.9986
17:42:03  자기모델잔차:32.91
17:42:03  자기모델반경:0.992
17:42:03  방향채택:0
17:42:03  방향거부:368092
17:42:03  GPS원시속도:0.921
17:42:03  GPS원시방향유효:1
17:42:03  GPS원시방향:318.5
17:42:03  가속도:0.00,0.22,9.77
17:42:03  자이로:-0.1,-2.1,1.5
17:42:03  자력계:26.250,-48.300,33.000
17:42:03  충격값:0.08
17:42:03  충격피크:0.22
17:42:03  마지막충격발생값:0.00
17:42:03  마지막충격발생ms:0
17:42:03  송신:32781
17:42:03  지팡이수신:25946
17:42:03  GPS위성:6
17:42:03  GPS_HDOP:2.93
17:42:03  원시위도:37.496457
17:42:03  원시경도:126.954206
17:42:03  GPS채택:3409
17:42:03  GPS이상치거부:4
17:42:03  GPS품질거부:7
17:42:03  GPS재기준:1
17:42:03  계산거리:-1.00
17:42:03  접근속도:0.00
17:42:03  TTC:999.00
17:42:03  방향오차:0.0
17:42:03  전방여부:0
17:42:03  위험음성횟수:0
17:42:03  충격음성횟수:0
17:42:03  마지막위험음성:0
17:42:03  RSSI원시:-58
17:42:03  RSSI평활:-58.0
17:42:03  RSSI샘플:25946
17:42:03  RSSI경과ms:76
17:42:03  RSSI구간:4
17:42:03  RSSI거리:1.83
17:42:03  상대보정:0
17:42:03  상대보정중:0
17:42:03  보정동쪽:0.00
17:42:03  보정북쪽:0.00
17:42:03  UWB유효:1
17:42:03  UWB원시거리:5.160
17:42:03  UWB보정거리:5.147
17:42:03  UWB접근속도:0.009
17:42:03  UWB_RSSI:nan
17:42:03  UWB경과ms:135
17:42:03  UWB샘플:16883
17:42:03  UWB실패:211
17:42:03  UWB보정:1
17:42:03  UWB보정중:0
17:42:03  UWB보정샘플:100
17:42:03  UWB보정기준:3.000
17:42:03  UWB오프셋:0.035
17:42:03  UWB위험사용:0
17:42:03  UWB전송:16868
17:42:03  위험송신:0
17:42:03  시각ms:3434349
17:42:03  IMU시각ms:3434349
17:42:04  위험:0
17:42:04  원시위험:0
17:42:04  GPS유효:1
17:42:04  위도:37.496463
17:42:04  경도:126.954199
17:42:04  속도:0.98
17:42:04  방향:318.3
17:42:04  이동방향유효:1
17:42:04  GPS이동방향:318.3
17:42:04  차체방향유효:1
17:42:04  차체방향:132.3
17:42:04  후진판정:1
17:42:04  IMU요회전속도:0.00
17:42:04  방향가속도크기:9.64
17:42:04  방향자이로크기:1.00
17:42:04  방향자세cos:0.9982
17:42:04  자기모델잔차:33.03
17:42:04  자기모델반경:1.022
17:42:04  방향채택:0
17:42:04  방향거부:368097
17:42:04  GPS원시속도:0.921
17:42:04  GPS원시방향유효:1
17:42:04  GPS원시방향:318.5
17:42:04  가속도:-0.06,0.04,9.64
17:42:04  자이로:-0.8,0.5,0.3
17:42:04  자력계:27.300,-48.600,33.150
17:42:04  충격값:0.16
17:42:04  충격피크:0.16
17:42:04  마지막충격발생값:0.00
17:42:04  마지막충격발생ms:0
17:42:04  송신:32781
17:42:04  지팡이수신:25947
17:42:04  GPS위성:6
17:42:04  GPS_HDOP:2.93
17:42:04  원시위도:37.496457
17:42:04  원시경도:126.954206
17:42:04  GPS채택:3409
17:42:04  GPS이상치거부:4
17:42:04  GPS품질거부:7
17:42:04  GPS재기준:1
17:42:04  계산거리:-1.00
17:42:04  접근속도:0.00
17:42:04  TTC:999.00
17:42:04  방향오차:0.0
17:42:04  전방여부:0
17:42:04  위험음성횟수:0
17:42:04  충격음성횟수:0
17:42:04  마지막위험음성:0
17:42:04  RSSI원시:-58
17:42:04  RSSI평활:-58.0
17:42:04  RSSI샘플:25947
17:42:04  RSSI경과ms:27
17:42:04  RSSI구간:4
17:42:04  RSSI거리:1.83
17:42:04  상대보정:0
17:42:04  상대보정중:0
17:42:04  보정동쪽:0.00
17:42:04  보정북쪽:0.00
17:42:04  UWB유효:1
17:42:04  UWB원시거리:5.160
17:42:04  UWB보정거리:5.147
17:42:04  UWB접근속도:0.009
17:42:04  UWB_RSSI:nan
17:42:04  UWB경과ms:190
17:42:04  UWB샘플:16883
17:42:04  UWB실패:211
17:42:04  UWB보정:1
17:42:04  UWB보정중:0
17:42:04  UWB보정샘플:100
17:42:04  UWB보정기준:3.000
17:42:04  UWB오프셋:0.035
17:42:04  UWB위험사용:0
17:42:04  UWB전송:16868
17:42:04  위험송신:0
17:42:04  시각ms:3434405
17:42:04  IMU시각ms:3434405
17:42:04  위험:0
17:42:04  원시위험:0
17:42:04  GPS유효:1
17:42:04  위도:37.496464
17:42:04  경도:126.954198
17:42:04  속도:0.98
17:42:04  방향:318.3
17:42:04  이동방향유효:1
17:42:04  GPS이동방향:318.3
17:42:04  차체방향유효:1
17:42:04  차체방향:132.3
17:42:04  후진판정:1
17:42:04  IMU요회전속도:0.00
17:42:04  방향가속도크기:9.63
17:42:04  방향자이로크기:2.21
17:42:04  방향자세cos:0.9987
17:42:04  자기모델잔차:32.94
17:42:04  자기모델반경:0.994
17:42:04  방향채택:0
17:42:04  방향거부:368103
17:42:04  GPS원시속도:0.921
17:42:04  GPS원시방향유효:1
17:42:04  GPS원시방향:318.5
17:42:04  가속도:-0.08,0.15,9.63
17:42:04  자이로:1.3,-1.0,-1.4
17:42:04  자력계:26.700,-48.000,33.000
17:42:04  충격값:0.10
17:42:04  충격피크:0.20
17:42:04  마지막충격발생값:0.00
17:42:04  마지막충격발생ms:0
17:42:04  송신:32782
17:42:04  지팡이수신:25947
17:42:04  GPS위성:6
17:42:04  GPS_HDOP:2.93
17:42:04  원시위도:37.496457
17:42:04  원시경도:126.954206
17:42:04  GPS채택:3409
17:42:04  GPS이상치거부:4
17:42:04  GPS품질거부:7
17:42:04  GPS재기준:1
17:42:04  계산거리:-1.00
17:42:04  접근속도:0.00
17:42:04  TTC:999.00
17:42:04  방향오차:0.0
17:42:04  전방여부:0
17:42:04  위험음성횟수:0
17:42:04  충격음성횟수:0
17:42:04  마지막위험음성:0
17:42:04  RSSI원시:-58
17:42:04  RSSI평활:-58.0
17:42:04  RSSI샘플:25947
17:42:04  RSSI경과ms:83
17:42:04  RSSI구간:4
17:42:04  RSSI거리:1.83
17:42:04  상대보정:0
17:42:04  상대보정중:0
17:42:04  보정동쪽:0.00
17:42:04  보정북쪽:0.00
17:42:04  UWB유효:1
17:42:04  UWB원시거리:5.140
17:42:04  UWB보정거리:5.146
17:42:04  UWB접근속도:0.007
17:42:04  UWB_RSSI:nan
17:42:04  UWB경과ms:42
17:42:04  UWB샘플:16884
17:42:04  UWB실패:211
17:42:04  UWB보정:1
17:42:04  UWB보정중:0
17:42:04  UWB보정샘플:100
17:42:04  UWB보정기준:3.000
17:42:04  UWB오프셋:0.035
17:42:04  UWB위험사용:0
17:42:04  UWB전송:16869
17:42:04  위험송신:0
17:42:04  시각ms:3434456
17:42:04  IMU시각ms:3434456
17:42:04  위험:0
17:42:04  원시위험:0
17:42:04  GPS유효:1
17:42:04  위도:37.496464
17:42:04  경도:126.954198
17:42:04  속도:0.98
17:42:04  방향:318.3
17:42:04  이동방향유효:1
17:42:04  GPS이동방향:318.3
17:42:04  차체방향유효:1
17:42:04  차체방향:132.3
17:42:04  후진판정:1
17:42:04  IMU요회전속도:0.00
17:42:04  방향가속도크기:9.68
17:42:04  방향자이로크기:2.92
17:42:04  방향자세cos:0.9995
17:42:04  자기모델잔차:32.28
17:42:04  자기모델반경:1.020
17:42:04  방향채택:0
17:42:04  방향거부:368109
17:42:04  GPS원시속도:0.921
17:42:04  GPS원시방향유효:1
17:42:04  GPS원시방향:318.5
17:42:04  가속도:-0.25,0.25,9.68
17:42:04  자이로:1.4,0.7,2.4
17:42:04  자력계:27.300,-48.600,32.400
17:42:04  충격값:0.21
17:42:04  충격피크:0.24
17:42:04  마지막충격발생값:0.00
17:42:04  마지막충격발생ms:0
17:42:04  송신:32782
17:42:04  지팡이수신:25948
17:42:04  GPS위성:6
17:42:04  GPS_HDOP:2.93
17:42:04  원시위도:37.496457
17:42:04  원시경도:126.954206
17:42:04  GPS채택:3409
17:42:04  GPS이상치거부:4
17:42:04  GPS품질거부:7
17:42:04  GPS재기준:1
17:42:04  계산거리:-1.00
17:42:04  접근속도:0.00
17:42:04  TTC:999.00
17:42:04  방향오차:0.0
17:42:04  전방여부:0
17:42:04  위험음성횟수:0
17:42:04  충격음성횟수:0
17:42:04  마지막위험음성:0
17:42:04  RSSI원시:-58
17:42:04  RSSI평활:-58.0
17:42:04  RSSI샘플:25948
17:42:04  RSSI경과ms:31
17:42:04  RSSI구간:4
17:42:04  RSSI거리:1.83
17:42:04  상대보정:0
17:42:04  상대보정중:0
17:42:04  보정동쪽:0.00
17:42:04  보정북쪽:0.00
17:42:04  UWB유효:1
17:42:04  UWB원시거리:5.140
17:42:04  UWB보정거리:5.146
17:42:04  UWB접근속도:0.007
17:42:04  UWB_RSSI:nan
17:42:04  UWB경과ms:93
17:42:04  UWB샘플:16884
17:42:04  UWB실패:211
17:42:04  UWB보정:1
17:42:04  UWB보정중:0
17:42:04  UWB보정샘플:100
17:42:04  UWB보정기준:3.000
17:42:04  UWB오프셋:0.035
17:42:04  UWB위험사용:0
17:42:04  UWB전송:16869
17:42:04  위험송신:0
17:42:04  시각ms:3434508
17:42:04  IMU시각ms:3434508
17:42:04  위험:0
17:42:04  원시위험:0
17:42:04  GPS유효:1
17:42:04  위도:37.496464
17:42:04  경도:126.954198
17:42:04  속도:0.98
17:42:04  방향:318.3
17:42:04  이동방향유효:1
17:42:04  GPS이동방향:318.3
17:42:04  차체방향유효:1
17:42:04  차체방향:132.3
17:42:04  후진판정:1
17:42:04  IMU요회전속도:-0.42
17:42:04  방향가속도크기:9.70
17:42:04  방향자이로크기:4.26
17:42:04  방향자세cos:0.9989
17:42:04  자기모델잔차:31.59
17:42:04  자기모델반경:1.023
17:42:04  방향채택:0
17:42:04  방향거부:368115
17:42:04  GPS원시속도:0.921
17:42:04  GPS원시방향유효:1
17:42:04  GPS원시방향:318.5
17:42:04  가속도:-0.12,0.15,9.70
17:42:04  자이로:2.3,-2.0,3.0
17:42:04  자력계:28.050,-48.150,31.650
17:42:04  충격값:0.07
17:42:04  충격피크:0.16
17:42:04  마지막충격발생값:0.00
17:42:04  마지막충격발생ms:0
17:42:04  송신:32783
17:42:04  지팡이수신:25948
17:42:04  GPS위성:6
17:42:04  GPS_HDOP:2.93
17:42:04  원시위도:37.496457
17:42:04  원시경도:126.954206
17:42:04  GPS채택:3409
17:42:04  GPS이상치거부:4
17:42:04  GPS품질거부:7
17:42:04  GPS재기준:1
17:42:04  계산거리:-1.00
17:42:04  접근속도:0.00
17:42:04  TTC:999.00
17:42:04  방향오차:0.0
17:42:04  전방여부:0
17:42:04  위험음성횟수:0
17:42:04  충격음성횟수:0
17:42:04  마지막위험음성:0
17:42:04  RSSI원시:-58
17:42:04  RSSI평활:-58.0
17:42:04  RSSI샘플:25948
17:42:04  RSSI경과ms:83
17:42:04  RSSI구간:4
17:42:04  RSSI거리:1.83
17:42:04  상대보정:0
17:42:04  상대보정중:0
17:42:04  보정동쪽:0.00
17:42:04  보정북쪽:0.00
17:42:04  UWB유효:1
17:42:04  UWB원시거리:5.140
17:42:04  UWB보정거리:5.146
17:42:04  UWB접근속도:0.007
17:42:04  UWB_RSSI:nan
17:42:04  UWB경과ms:145
17:42:04  UWB샘플:16884
17:42:04  UWB실패:211
17:42:04  UWB보정:1
17:42:04  UWB보정중:0
17:42:04  UWB보정샘플:100
17:42:04  UWB보정기준:3.000
17:42:04  UWB오프셋:0.035
17:42:04  UWB위험사용:0
17:42:04  UWB전송:16869
17:42:04  위험송신:0
17:42:04  시각ms:3434563
17:42:04  IMU시각ms:3434559
17:42:04  위험:0
17:42:04  원시위험:0
17:42:04  GPS유효:1
17:42:04  위도:37.496464
17:42:04  경도:126.954198
17:42:04  속도:0.98
17:42:04  방향:318.3
17:42:04  이동방향유효:1
17:42:04  GPS이동방향:318.3
17:42:04  차체방향유효:1
17:42:04  차체방향:132.3
17:42:04  후진판정:1
17:42:04  IMU요회전속도:0.00
17:42:04  방향가속도크기:9.74
17:42:04  방향자이로크기:2.17
17:42:04  방향자세cos:0.9989
17:42:04  자기모델잔차:32.94
17:42:04  자기모델반경:0.994
17:42:04  방향채택:0
17:42:04  방향거부:368121
17:42:04  GPS원시속도:0.921
17:42:04  GPS원시방향유효:1
17:42:04  GPS원시방향:318.5
17:42:04  가속도:-0.07,0.21,9.73
17:42:04  자이로:2.1,-0.5,-0.2
17:42:04  자력계:26.700,-48.000,33.000
17:42:04  충격값:0.03
17:42:04  충격피크:0.15
17:42:04  마지막충격발생값:0.00
17:42:04  마지막충격발생ms:0
17:42:04  송신:32783
17:42:04  지팡이수신:25949
17:42:04  GPS위성:6
17:42:04  GPS_HDOP:2.93
17:42:04  원시위도:37.496457
17:42:04  원시경도:126.954206
17:42:04  GPS채택:3409
17:42:04  GPS이상치거부:4
17:42:04  GPS품질거부:7
17:42:04  GPS재기준:1
17:42:04  계산거리:-1.00
17:42:04  접근속도:0.00
17:42:04  TTC:999.00
17:42:04  방향오차:0.0
17:42:04  전방여부:0
17:42:04  위험음성횟수:0
17:42:04  충격음성횟수:0
17:42:04  마지막위험음성:0
17:42:04  RSSI원시:-58
17:42:04  RSSI평활:-58.0
17:42:04  RSSI샘플:25949
17:42:04  RSSI경과ms:34
17:42:04  RSSI구간:4
17:42:04  RSSI거리:1.82
17:42:04  상대보정:0
17:42:04  상대보정중:0
17:42:04  보정동쪽:0.00
17:42:04  보정북쪽:0.00
17:42:04  UWB유효:1
17:42:04  UWB원시거리:5.140
17:42:04  UWB보정거리:5.156
17:42:04  UWB접근속도:-0.010
17:42:04  UWB_RSSI:nan
17:42:04  UWB경과ms:0
17:42:04  UWB샘플:16885
17:42:04  UWB실패:211
17:42:04  UWB보정:1
17:42:04  UWB보정중:0
17:42:04  UWB보정샘플:100
17:42:04  UWB보정기준:3.000
17:42:04  UWB오프셋:0.035
17:42:04  UWB위험사용:0
17:42:04  UWB전송:16870
17:42:04  위험송신:0
17:42:04  시각ms:3434615
17:42:04  IMU시각ms:3434615
17:42:04  위험:0
17:42:04  원시위험:0
17:42:04  GPS유효:1
17:42:04  위도:37.496464
17:42:04  경도:126.954198
17:42:04  속도:0.98
17:42:04  방향:318.3
17:42:04  이동방향유효:1
17:42:04  GPS이동방향:318.3
17:42:04  차체방향유효:1
17:42:04  차체방향:132.3
17:42:04  후진판정:1
17:42:04  IMU요회전속도:0.00
17:42:04  방향가속도크기:9.67
17:42:04  방향자이로크기:2.12
17:42:04  방향자세cos:0.9986
17:42:04  자기모델잔차:31.97
17:42:04  자기모델반경:0.963
17:42:04  방향채택:0
17:42:04  방향거부:368127
17:42:04  GPS원시속도:0.921
17:42:04  GPS원시방향유효:1
17:42:04  GPS원시방향:318.5
17:42:04  가속도:-0.07,0.14,9.67
17:42:04  자이로:-1.9,0.4,-0.9
17:42:04  자력계:26.100,-47.400,31.950
17:42:04  충격값:0.07
17:42:04  충격피크:0.14
17:42:04  마지막충격발생값:0.00
17:42:04  마지막충격발생ms:0
17:42:04  송신:32784
17:42:04  지팡이수신:25949
17:42:04  GPS위성:6
17:42:04  GPS_HDOP:2.93
17:42:04  원시위도:37.496457
17:42:04  원시경도:126.954206
17:42:04  GPS채택:3409
17:42:04  GPS이상치거부:4
17:42:04  GPS품질거부:7
17:42:04  GPS재기준:1
17:42:04  계산거리:-1.00
17:42:04  접근속도:0.00
17:42:04  TTC:999.00
17:42:04  방향오차:0.0
17:42:04  전방여부:0
17:42:04  위험음성횟수:0
17:42:04  충격음성횟수:0
17:42:04  마지막위험음성:0
17:42:04  RSSI원시:-58
17:42:04  RSSI평활:-58.0
17:42:04  RSSI샘플:25949
17:42:04  RSSI경과ms:86
17:42:04  RSSI구간:4
17:42:04  RSSI거리:1.82
17:42:04  상대보정:0
17:42:04  상대보정중:0
17:42:04  보정동쪽:0.00
17:42:04  보정북쪽:0.00
17:42:04  UWB유효:1
17:42:04  UWB원시거리:5.140
17:42:04  UWB보정거리:5.156
17:42:04  UWB접근속도:-0.010
17:42:04  UWB_RSSI:nan
17:42:04  UWB경과ms:52
17:42:04  UWB샘플:16885
17:42:04  UWB실패:211
17:42:04  UWB보정:1
17:42:04  UWB보정중:0
17:42:04  UWB보정샘플:100
17:42:04  UWB보정기준:3.000
17:42:04  UWB오프셋:0.035
17:42:04  UWB위험사용:0
17:42:04  UWB전송:16870
17:42:04  위험송신:0
17:42:04  시각ms:3434718
17:42:04  IMU시각ms:3434718
17:42:04  위험:0
17:42:04  원시위험:0
17:42:04  GPS유효:1
17:42:04  위도:37.496464
17:42:04  경도:126.954198
17:42:04  속도:0.98
17:42:04  방향:318.3
17:42:04  이동방향유효:1
17:42:04  GPS이동방향:318.3
17:42:04  차체방향유효:1
17:42:04  차체방향:132.3
17:42:04  후진판정:1
17:42:04  IMU요회전속도:0.00
17:42:04  방향가속도크기:9.71
17:42:04  방향자이로크기:0.86
17:42:04  방향자세cos:0.9981
17:42:04  자기모델잔차:32.34
17:42:04  자기모델반경:0.961
17:42:04  방향채택:0
17:42:04  방향거부:368139
17:42:04  GPS원시속도:0.921
17:42:04  GPS원시방향유효:1
17:42:04  GPS원시방향:318.5
17:42:04  가속도:-0.00,0.06,9.71
17:42:04  자이로:0.7,-0.2,-0.4
17:42:04  자력계:26.700,-46.800,32.250
17:42:04  충격값:0.13
17:42:04  충격피크:0.14
17:42:04  마지막충격발생값:0.00
17:42:04  마지막충격발생ms:0
17:42:04  송신:32785
17:42:04  지팡이수신:25950
17:42:04  GPS위성:6
17:42:04  GPS_HDOP:2.93
17:42:04  원시위도:37.496457
17:42:04  원시경도:126.954206
17:42:04  GPS채택:3409
17:42:04  GPS이상치거부:4
17:42:04  GPS품질거부:7
17:42:04  GPS재기준:1
17:42:04  계산거리:-1.00
17:42:04  접근속도:0.00
17:42:04  TTC:999.00
17:42:04  방향오차:0.0
17:42:04  전방여부:0
17:42:04  위험음성횟수:0
17:42:04  충격음성횟수:0
17:42:04  마지막위험음성:0
17:42:04  RSSI원시:-58
17:42:04  RSSI평활:-58.0
17:42:04  RSSI샘플:25950
17:42:04  RSSI경과ms:90
17:42:04  RSSI구간:4
17:42:04  RSSI거리:1.82
17:42:04  상대보정:0
17:42:04  상대보정중:0
17:42:04  보정동쪽:0.00
17:42:04  보정북쪽:0.00
17:42:04  UWB유효:1
17:42:04  UWB원시거리:5.140
17:42:04  UWB보정거리:5.156
17:42:04  UWB접근속도:-0.010
17:42:04  UWB_RSSI:nan
17:42:04  UWB경과ms:155
17:42:04  UWB샘플:16885
17:42:04  UWB실패:211
17:42:04  UWB보정:1
17:42:04  UWB보정중:0
17:42:04  UWB보정샘플:100
17:42:04  UWB보정기준:3.000
17:42:04  UWB오프셋:0.035
17:42:04  UWB위험사용:0
17:42:04  UWB전송:16870
17:42:04  위험송신:0
17:42:04  시각ms:3434768
17:42:04  IMU시각ms:3434768
17:42:04  위험:0
17:42:04  원시위험:0
17:42:04  GPS유효:1
17:42:04  위도:37.496462
17:42:04  경도:126.954204
17:42:04  속도:0.84
17:42:04  방향:318.3
17:42:04  이동방향유효:1
17:42:04  GPS이동방향:318.3
17:42:04  차체방향유효:1
17:42:04  차체방향:133.0
17:42:04  후진판정:1
17:42:04  IMU요회전속도:0.00
17:42:04  방향가속도크기:9.69
17:42:04  방향자이로크기:2.30
17:42:04  방향자세cos:0.9991
17:42:04  자기모델잔차:33.24
17:42:04  자기모델반경:1.001
17:42:04  방향채택:0
17:42:04  방향거부:368144
17:42:04  GPS원시속도:0.700
17:42:04  GPS원시방향유효:1
17:42:04  GPS원시방향:318.5
17:42:04  가속도:-0.05,0.33,9.68
17:42:04  자이로:0.5,-0.4,-2.2
17:42:04  자력계:27.000,-48.000,33.300
17:42:04  충격값:0.16
17:42:04  충격피크:0.17
17:42:04  마지막충격발생값:0.00
17:42:04  마지막충격발생ms:0
17:42:04  송신:32785
17:42:04  지팡이수신:25951
17:42:04  GPS위성:7
17:42:04  GPS_HDOP:1.51
17:42:04  원시위도:37.496458
17:42:04  원시경도:126.954211
17:42:04  GPS채택:3410
17:42:04  GPS이상치거부:4
17:42:04  GPS품질거부:7
17:42:04  GPS재기준:1
17:42:04  계산거리:-1.00
17:42:04  접근속도:0.00
17:42:04  TTC:999.00
17:42:04  방향오차:0.0
17:42:04  전방여부:0
17:42:04  위험음성횟수:0
17:42:04  충격음성횟수:0
17:42:04  마지막위험음성:0
17:42:04  RSSI원시:-58
17:42:04  RSSI평활:-58.0
17:42:04  RSSI샘플:25951
17:42:04  RSSI경과ms:28
17:42:04  RSSI구간:4
17:42:04  RSSI거리:1.82
17:42:04  상대보정:0
17:42:04  상대보정중:0
17:42:04  보정동쪽:0.00
17:42:04  보정북쪽:0.00
17:42:04  UWB유효:1
17:42:04  UWB원시거리:5.140
17:42:04  UWB보정거리:5.163
17:42:04  UWB접근속도:-0.017
17:42:04  UWB_RSSI:nan
17:42:04  UWB경과ms:9
17:42:04  UWB샘플:16886
17:42:04  UWB실패:211
17:42:04  UWB보정:1
17:42:04  UWB보정중:0
17:42:04  UWB보정샘플:100
17:42:04  UWB보정기준:3.000
17:42:04  UWB오프셋:0.035
17:42:04  UWB위험사용:0
17:42:04  UWB전송:16871
17:42:04  위험송신:0
17:42:04  시각ms:3434819
17:42:04  IMU시각ms:3434819
17:42:04  위험:0
17:42:04  원시위험:0
17:42:04  GPS유효:1
17:42:04  위도:37.496462
17:42:04  경도:126.954203
17:42:04  속도:0.84
17:42:04  방향:318.3
17:42:04  이동방향유효:1
17:42:04  GPS이동방향:318.3
17:42:04  차체방향유효:1
17:42:04  차체방향:133.0
17:42:04  후진판정:1
17:42:04  IMU요회전속도:-0.49
17:42:04  방향가속도크기:9.74
17:42:04  방향자이로크기:3.84
17:42:04  방향자세cos:0.9989
17:42:04  자기모델잔차:33.20
17:42:04  자기모델반경:0.993
17:42:04  방향채택:0
17:42:04  방향거부:368150
17:42:04  GPS원시속도:0.700
17:42:04  GPS원시방향유효:1
17:42:04  GPS원시방향:318.5
17:42:04  가속도:-0.05,0.26,9.73
17:42:04  자이로:2.2,-1.0,3.0
17:42:04  자력계:26.250,-48.300,33.300
17:42:04  충격값:0.09
17:42:04  충격피크:0.17
17:42:04  마지막충격발생값:0.00
17:42:04  마지막충격발생ms:0
17:42:04  송신:32786
17:42:04  지팡이수신:25951
17:42:04  GPS위성:7
17:42:04  GPS_HDOP:1.51
17:42:04  원시위도:37.496458
17:42:04  원시경도:126.954211
17:42:04  GPS채택:3410
17:42:04  GPS이상치거부:4
17:42:04  GPS품질거부:7
17:42:04  GPS재기준:1
17:42:04  계산거리:-1.00
17:42:04  접근속도:0.00
17:42:04  TTC:999.00
17:42:04  방향오차:0.0
17:42:04  전방여부:0
17:42:04  위험음성횟수:0
17:42:04  충격음성횟수:0
17:42:04  마지막위험음성:0
17:42:04  RSSI원시:-58
17:42:04  RSSI평활:-58.0
17:42:04  RSSI샘플:25951
17:42:04  RSSI경과ms:79
17:42:04  RSSI구간:4
17:42:04  RSSI거리:1.82
17:42:04  상대보정:0
17:42:04  상대보정중:0
17:42:04  보정동쪽:0.00
17:42:04  보정북쪽:0.00
17:42:04  UWB유효:1
17:42:04  UWB원시거리:5.140
17:42:04  UWB보정거리:5.163
17:42:04  UWB접근속도:-0.017
17:42:04  UWB_RSSI:nan
17:42:04  UWB경과ms:60
17:42:04  UWB샘플:16886
17:42:04  UWB실패:211
17:42:04  UWB보정:1
17:42:04  UWB보정중:0
17:42:04  UWB보정샘플:100
17:42:04  UWB보정기준:3.000
17:42:04  UWB오프셋:0.035
17:42:04  UWB위험사용:0
17:42:04  UWB전송:16871
17:42:04  위험송신:0
17:42:04  시각ms:3434871
17:42:04  IMU시각ms:3434871
17:42:04  위험:0
17:42:04  원시위험:0
17:42:04  GPS유효:1
17:42:04  위도:37.496463
17:42:04  경도:126.954203
17:42:04  속도:0.84
17:42:04  방향:318.3
17:42:04  이동방향유효:1
17:42:04  GPS이동방향:318.3
17:42:04  차체방향유효:1
17:42:04  차체방향:133.0
17:42:04  후진판정:1
17:42:04  IMU요회전속도:0.00
17:42:04  방향가속도크기:9.69
17:42:04  방향자이로크기:4.60
17:42:04  방향자세cos:0.9989
17:42:04  자기모델잔차:33.42
17:42:04  자기모델반경:0.984
17:42:04  방향채택:0
17:42:04  방향거부:368156
17:42:04  GPS원시속도:0.700
17:42:04  GPS원시방향유효:1
17:42:04  GPS원시방향:318.5
17:42:04  가속도:-0.17,0.11,9.69
17:42:04  자이로:1.4,-4.4,0.3
17:42:04  자력계:26.550,-47.700,33.450
17:42:04  충격값:0.13
17:42:04  충격피크:0.13
17:42:04  마지막충격발생값:0.00
17:42:04  마지막충격발생ms:0
17:42:04  송신:32786
17:42:04  지팡이수신:25952
17:42:04  GPS위성:7
17:42:04  GPS_HDOP:1.51
17:42:04  원시위도:37.496458
17:42:04  원시경도:126.954211
17:42:04  GPS채택:3410
17:42:04  GPS이상치거부:4
17:42:04  GPS품질거부:7
17:42:04  GPS재기준:1
17:42:04  계산거리:-1.00
17:42:04  접근속도:0.00
17:42:04  TTC:999.00
17:42:04  방향오차:0.0
17:42:04  전방여부:0
17:42:04  위험음성횟수:0
17:42:04  충격음성횟수:0
17:42:04  마지막위험음성:0
17:42:04  RSSI원시:-58
17:42:04  RSSI평활:-58.0
17:42:04  RSSI샘플:25952
17:42:04  RSSI경과ms:34
17:42:04  RSSI구간:4
17:42:04  RSSI거리:1.82
17:42:04  상대보정:0
17:42:04  상대보정중:0
17:42:04  보정동쪽:0.00
17:42:04  보정북쪽:0.00
17:42:04  UWB유효:1
17:42:04  UWB원시거리:5.140
17:42:04  UWB보정거리:5.163
17:42:04  UWB접근속도:-0.017
17:42:04  UWB_RSSI:nan
17:42:04  UWB경과ms:112
17:42:04  UWB샘플:16886
17:42:04  UWB실패:211
17:42:04  UWB보정:1
17:42:04  UWB보정중:0
17:42:04  UWB보정샘플:100
17:42:04  UWB보정기준:3.000
17:42:04  UWB오프셋:0.035
17:42:04  UWB위험사용:0
17:42:04  UWB전송:16871
17:42:04  위험송신:0
17:42:04  시각ms:3434923
17:42:04  IMU시각ms:3434923
17:42:04  위험:0
17:42:04  원시위험:0
17:42:04  GPS유효:1
17:42:04  위도:37.496463
17:42:04  경도:126.954203
17:42:04  속도:0.84
17:42:04  방향:318.3
17:42:04  이동방향유효:1
17:42:04  GPS이동방향:318.3
17:42:04  차체방향유효:1
17:42:04  차체방향:133.0
17:42:04  후진판정:1
17:42:04  IMU요회전속도:0.00
17:42:04  방향가속도크기:9.77
17:42:04  방향자이로크기:2.18
17:42:04  방향자세cos:0.9986
17:42:04  자기모델잔차:32.33
17:42:04  자기모델반경:1.009
17:42:04  방향채택:0
17:42:04  방향거부:368162
17:42:04  GPS원시속도:0.700
17:42:04  GPS원시방향유효:1
17:42:04  GPS원시방향:318.5
17:42:04  가속도:-0.07,0.12,9.77
17:42:04  자이로:-0.1,2.1,0.5
17:42:04  자력계:27.300,-48.150,32.400
17:42:04  충격값:0.08
17:42:04  충격피크:0.15
17:42:04  마지막충격발생값:0.00
17:42:04  마지막충격발생ms:0
17:42:04  송신:32787
17:42:04  지팡이수신:25952
17:42:04  GPS위성:7
17:42:04  GPS_HDOP:1.51
17:42:04  원시위도:37.496458
17:42:04  원시경도:126.954211
17:42:04  GPS채택:3410
17:42:04  GPS이상치거부:4
17:42:04  GPS품질거부:7
17:42:04  GPS재기준:1
17:42:04  계산거리:-1.00
17:42:04  접근속도:0.00
17:42:04  TTC:999.00
17:42:04  방향오차:0.0
17:42:04  전방여부:0
17:42:04  위험음성횟수:0
17:42:04  충격음성횟수:0
17:42:04  마지막위험음성:0
17:42:04  RSSI원시:-58
17:42:04  RSSI평활:-58.0
17:42:04  RSSI샘플:25952
17:42:04  RSSI경과ms:86
17:42:04  RSSI구간:4
17:42:04  RSSI거리:1.82
17:42:04  상대보정:0
17:42:04  상대보정중:0
17:42:04  보정동쪽:0.00
17:42:04  보정북쪽:0.00
17:42:04  UWB유효:1
17:42:04  UWB원시거리:5.140
17:42:04  UWB보정거리:5.163
17:42:04  UWB접근속도:-0.017
17:42:04  UWB_RSSI:nan
17:42:04  UWB경과ms:164
17:42:04  UWB샘플:16886
17:42:04  UWB실패:211
17:42:04  UWB보정:1
17:42:04  UWB보정중:0
17:42:04  UWB보정샘플:100
17:42:04  UWB보정기준:3.000
17:42:04  UWB오프셋:0.035
17:42:04  UWB위험사용:0
17:42:04  UWB전송:16871
17:42:04  위험송신:0
17:42:04  시각ms:3434979
17:42:04  IMU시각ms:3434979
17:42:04  위험:0
17:42:04  원시위험:0
17:42:04  GPS유효:1
17:42:04  위도:37.496463
17:42:04  경도:126.954203
17:42:04  속도:0.84
17:42:04  방향:318.3
17:42:04  이동방향유효:1
17:42:04  GPS이동방향:318.3
17:42:04  차체방향유효:1
17:42:04  차체방향:133.0
17:42:04  후진판정:1
17:42:04  IMU요회전속도:0.00
17:42:04  방향가속도크기:9.81
17:42:04  방향자이로크기:2.43
17:42:04  방향자세cos:0.9986
17:42:04  자기모델잔차:33.39
17:42:04  자기모델반경:0.980
17:42:04  방향채택:0
17:42:04  방향거부:368168
17:42:04  GPS원시속도:0.700
17:42:04  GPS원시방향유효:1
17:42:04  GPS원시방향:318.5
17:42:04  가속도:-0.03,0.19,9.81
17:42:04  자이로:-1.0,-1.7,1.5
17:42:04  자력계:27.450,-46.800,33.300
17:42:04  충격값:0.10
17:42:04  충격피크:0.15
17:42:04  마지막충격발생값:0.00
17:42:04  마지막충격발생ms:0
17:42:04  송신:32787
17:42:04  지팡이수신:25953
17:42:04  GPS위성:7
17:42:04  GPS_HDOP:1.51
17:42:04  원시위도:37.496458
17:42:04  원시경도:126.954211
17:42:04  GPS채택:3410
17:42:04  GPS이상치거부:4
17:42:04  GPS품질거부:7
17:42:04  GPS재기준:1
17:42:04  계산거리:-1.00
17:42:04  접근속도:0.00
17:42:04  TTC:999.00
17:42:04  방향오차:0.0
17:42:04  전방여부:0
17:42:04  위험음성횟수:0
17:42:04  충격음성횟수:0
17:42:04  마지막위험음성:0
17:42:04  RSSI원시:-59
17:42:04  RSSI평활:-58.2
17:42:04  RSSI샘플:25953
17:42:04  RSSI경과ms:37
17:42:04  RSSI구간:4
17:42:04  RSSI거리:1.86
17:42:04  상대보정:0
17:42:04  상대보정중:0
17:42:04  보정동쪽:0.00
17:42:04  보정북쪽:0.00
17:42:04  UWB유효:1
17:42:04  UWB원시거리:5.190
17:42:04  UWB보정거리:5.167
17:42:04  UWB접근속도:-0.018
17:42:04  UWB_RSSI:nan
17:42:04  UWB경과ms:16
17:42:04  UWB샘플:16887
17:42:04  UWB실패:211
17:42:04  UWB보정:1
17:42:04  UWB보정중:0
17:42:04  UWB보정샘플:100
17:42:04  UWB보정기준:3.000
17:42:04  UWB오프셋:0.035
17:42:04  UWB위험사용:0
17:42:04  UWB전송:16872
17:42:04  위험송신:0
17:42:04  시각ms:3435033
17:42:04  IMU시각ms:3435033
17:42:04  위험:0
17:42:04  원시위험:0
17:42:04  GPS유효:1
17:42:04  위도:37.496464
17:42:04  경도:126.954202
17:42:04  속도:0.84
17:42:04  방향:318.3
17:42:04  이동방향유효:1
17:42:04  GPS이동방향:318.3
17:42:04  차체방향유효:1
17:42:04  차체방향:133.0
17:42:04  후진판정:1
17:42:04  IMU요회전속도:0.00
17:42:04  방향가속도크기:9.77
17:42:04  방향자이로크기:2.24
17:42:04  방향자세cos:0.9984
17:42:04  자기모델잔차:32.68
17:42:04  자기모델반경:0.998
17:42:04  방향채택:0
17:42:04  방향거부:368174
17:42:04  GPS원시속도:0.700
17:42:04  GPS원시방향유효:1
17:42:04  GPS원시방향:318.5
17:42:04  가속도:-0.02,0.12,9.77
17:42:04  자이로:-0.2,0.8,-2.1
17:42:04  자력계:27.300,-47.700,32.700
17:42:04  충격값:0.10
17:42:04  충격피크:0.14
17:42:04  마지막충격발생값:0.00
17:42:04  마지막충격발생ms:0
17:42:04  송신:32788
17:42:04  지팡이수신:25953
17:42:04  GPS위성:7
17:42:04  GPS_HDOP:1.51
17:42:04  원시위도:37.496458
17:42:04  원시경도:126.954211
17:42:04  GPS채택:3410
17:42:04  GPS이상치거부:4
17:42:04  GPS품질거부:7
17:42:04  GPS재기준:1
17:42:04  계산거리:-1.00
17:42:04  접근속도:0.00
17:42:04  TTC:999.00
17:42:04  방향오차:0.0
17:42:04  전방여부:0
17:42:04  위험음성횟수:0
17:42:04  충격음성횟수:0
17:42:04  마지막위험음성:0
17:42:04  RSSI원시:-59
17:42:04  RSSI평활:-58.2
17:42:04  RSSI샘플:25953
17:42:04  RSSI경과ms:91
17:42:04  RSSI구간:4
17:42:04  RSSI거리:1.86
17:42:04  상대보정:0
17:42:04  상대보정중:0
17:42:04  보정동쪽:0.00
17:42:04  보정북쪽:0.00
17:42:04  UWB유효:1
17:42:04  UWB원시거리:5.190
17:42:04  UWB보정거리:5.167
17:42:04  UWB접근속도:-0.018
17:42:04  UWB_RSSI:nan
17:42:04  UWB경과ms:70
17:42:04  UWB샘플:16887
17:42:04  UWB실패:211
17:42:04  UWB보정:1
17:42:04  UWB보정중:0
17:42:04  UWB보정샘플:100
17:42:04  UWB보정기준:3.000
17:42:04  UWB오프셋:0.035
17:42:04  UWB위험사용:0
17:42:04  UWB전송:16872
17:42:04  위험송신:0
17:42:04  시각ms:3435085
17:42:04  IMU시각ms:3435085
17:42:04  위험:0
17:42:04  원시위험:0
17:42:04  GPS유효:1
17:42:04  위도:37.496464
17:42:04  경도:126.954202
17:42:04  속도:0.84
17:42:04  방향:318.3
17:42:04  이동방향유효:1
17:42:04  GPS이동방향:318.3
17:42:04  차체방향유효:1
17:42:04  차체방향:133.0
17:42:04  후진판정:1
17:42:04  IMU요회전속도:0.00
17:42:04  방향가속도크기:9.81
17:42:04  방향자이로크기:1.99
17:42:04  방향자세cos:0.9986
17:42:04  자기모델잔차:32.91
17:42:04  자기모델반경:1.008
17:42:04  방향채택:0
17:42:04  방향거부:368180
17:42:04  GPS원시속도:0.700
17:42:04  GPS원시방향유효:1
17:42:04  GPS원시방향:318.5
17:42:04  가속도:-0.03,0.17,9.81
17:42:04  자이로:0.4,1.5,-1.3
17:42:04  자력계:27.000,-48.300,33.000
17:42:04  충격값:0.10
17:42:04  충격피크:0.17
17:42:04  마지막충격발생값:0.00
17:42:04  마지막충격발생ms:0
17:42:04  송신:32788
17:42:04  지팡이수신:25954
17:42:04  GPS위성:7
17:42:04  GPS_HDOP:1.51
17:42:04  원시위도:37.496458
17:42:04  원시경도:126.954211
17:42:04  GPS채택:3410
17:42:04  GPS이상치거부:4
17:42:04  GPS품질거부:7
17:42:04  GPS재기준:1
17:42:04  계산거리:-1.00
17:42:04  접근속도:0.00
17:42:04  TTC:999.00
17:42:04  방향오차:0.0
17:42:04  전방여부:0
17:42:04  위험음성횟수:0
17:42:04  충격음성횟수:0
17:42:04  마지막위험음성:0
17:42:04  RSSI원시:-58
17:42:04  RSSI평활:-58.2
17:42:04  RSSI샘플:25954
17:42:04  RSSI경과ms:37
17:42:04  RSSI구간:4
17:42:04  RSSI거리:1.85
17:42:04  상대보정:0
17:42:04  상대보정중:0
17:42:04  보정동쪽:0.00
17:42:04  보정북쪽:0.00
17:42:04  UWB유효:1
17:42:04  UWB원시거리:5.190
17:42:04  UWB보정거리:5.167
17:42:04  UWB접근속도:-0.018
17:42:04  UWB_RSSI:nan
17:42:04  UWB경과ms:122
17:42:04  UWB샘플:16887
17:42:04  UWB실패:211
17:42:04  UWB보정:1
17:42:04  UWB보정중:0
17:42:04  UWB보정샘플:100
17:42:04  UWB보정기준:3.000
17:42:04  UWB오프셋:0.035
17:42:04  UWB위험사용:0
17:42:04  UWB전송:16872
17:42:04  위험송신:0
17:42:04  시각ms:3435137
17:42:04  IMU시각ms:3435137
17:42:04  위험:0
17:42:04  원시위험:0
17:42:04  GPS유효:1
17:42:04  위도:37.496464
17:42:04  경도:126.954202
17:42:04  속도:0.84
17:42:04  방향:318.3
17:42:04  이동방향유효:1
17:42:04  GPS이동방향:318.3
17:42:04  차체방향유효:1
17:42:04  차체방향:133.0
17:42:04  후진판정:1
17:42:04  IMU요회전속도:0.00
17:42:04  방향가속도크기:9.74
17:42:04  방향자이로크기:2.41
17:42:04  방향자세cos:0.9985
17:42:04  자기모델잔차:33.33
17:42:04  자기모델반경:0.975
17:42:04  방향채택:0
17:42:04  방향거부:368186
17:42:04  GPS원시속도:0.700
17:42:04  GPS원시방향유효:1
17:42:04  GPS원시방향:318.5
17:42:04  가속도:0.02,0.23,9.73
17:42:04  자이로:0.2,0.5,-2.3
17:42:04  자력계:26.700,-47.250,33.300
17:42:04  충격값:0.10
17:42:04  충격피크:0.13
17:42:04  마지막충격발생값:0.00
17:42:04  마지막충격발생ms:0
17:42:04  송신:32789
17:42:04  지팡이수신:25954
17:42:04  GPS위성:7
17:42:04  GPS_HDOP:1.51
17:42:04  원시위도:37.496458
17:42:04  원시경도:126.954211
17:42:04  GPS채택:3410
17:42:04  GPS이상치거부:4
17:42:04  GPS품질거부:7
17:42:04  GPS재기준:1
17:42:04  계산거리:-1.00
17:42:04  접근속도:0.00
17:42:04  TTC:999.00
17:42:04  방향오차:0.0
17:42:04  전방여부:0
17:42:04  위험음성횟수:0
17:42:04  충격음성횟수:0
17:42:04  마지막위험음성:0
17:42:04  RSSI원시:-58
17:42:04  RSSI평활:-58.2
17:42:04  RSSI샘플:25954
17:42:04  RSSI경과ms:89
17:42:04  RSSI구간:4
17:42:04  RSSI거리:1.85
17:42:04  상대보정:0
17:42:04  상대보정중:0
17:42:04  보정동쪽:0.00
17:42:04  보정북쪽:0.00
17:42:04  UWB유효:1
17:42:04  UWB원시거리:5.190
17:42:04  UWB보정거리:5.167
17:42:04  UWB접근속도:-0.018
17:42:04  UWB_RSSI:nan
17:42:04  UWB경과ms:174
17:42:04  UWB샘플:16887
17:42:04  UWB실패:211
17:42:04  UWB보정:1
17:42:04  UWB보정중:0
17:42:04  UWB보정샘플:100
17:42:04  UWB보정기준:3.000
17:42:04  UWB오프셋:0.035
17:42:04  UWB위험사용:0
17:42:04  UWB전송:16872
17:42:04  위험송신:0
17:42:04  시각ms:3435244
17:42:04  IMU시각ms:3435244
17:42:04  위험:0
17:42:04  원시위험:0
17:42:04  GPS유효:1
17:42:04  위도:37.496465
17:42:04  경도:126.954202
17:42:04  속도:0.84
17:42:04  방향:318.3
17:42:04  이동방향유효:1
17:42:04  GPS이동방향:318.3
17:42:04  차체방향유효:1
17:42:04  차체방향:133.0
17:42:04  후진판정:1
17:42:04  IMU요회전속도:0.00
17:42:04  방향가속도크기:9.77
17:42:04  방향자이로크기:1.53
17:42:04  방향자세cos:0.9987
17:42:04  자기모델잔차:33.29
17:42:04  자기모델반경:1.015
17:42:04  방향채택:0
17:42:04  방향거부:368198
17:42:04  GPS원시속도:0.700
17:42:04  GPS원시방향유효:1
17:42:04  GPS원시방향:318.5
17:42:04  가속도:-0.07,0.15,9.77
17:42:04  자이로:1.3,-0.3,0.7
17:42:04  자력계:26.550,-48.900,33.450
17:42:04  충격값:0.06
17:42:04  충격피크:0.16
17:42:04  마지막충격발생값:0.00
17:42:04  마지막충격발생ms:0
17:42:04  송신:32790
17:42:04  지팡이수신:25955
17:42:04  GPS위성:7
17:42:04  GPS_HDOP:1.51
17:42:04  원시위도:37.496458
17:42:04  원시경도:126.954211
17:42:04  GPS채택:3410
17:42:04  GPS이상치거부:4
17:42:04  GPS품질거부:7
17:42:04  GPS재기준:1
17:42:04  계산거리:-1.00
17:42:04  접근속도:0.00
17:42:04  TTC:999.00
17:42:04  방향오차:0.0
17:42:04  전방여부:0
17:42:04  위험음성횟수:0
17:42:04  충격음성횟수:0
17:42:04  마지막위험음성:0
17:42:04  RSSI원시:-58
17:42:04  RSSI평활:-58.1
17:42:04  RSSI샘플:25955
17:42:04  RSSI경과ms:88
17:42:04  RSSI구간:4
17:42:04  RSSI거리:1.84
17:42:04  상대보정:0
17:42:04  상대보정중:0
17:42:04  보정동쪽:0.00
17:42:04  보정북쪽:0.00
17:42:04  UWB유효:1
17:42:04  UWB원시거리:5.100
17:42:04  UWB보정거리:5.170
17:42:04  UWB접근속도:-0.017
17:42:04  UWB_RSSI:nan
17:42:04  UWB경과ms:83
17:42:04  UWB샘플:16888
17:42:04  UWB실패:211
17:42:04  UWB보정:1
17:42:04  UWB보정중:0
17:42:04  UWB보정샘플:100
17:42:04  UWB보정기준:3.000
17:42:04  UWB오프셋:0.035
17:42:04  UWB위험사용:0
17:42:04  UWB전송:16873
17:42:04  위험송신:0
17:42:04  시각ms:3435295
17:42:04  IMU시각ms:3435295
17:42:04  위험:0
17:42:04  원시위험:0
17:42:04  GPS유효:1
17:42:04  위도:37.496465
17:42:04  경도:126.954201
17:42:04  속도:0.84
17:42:04  방향:318.3
17:42:04  이동방향유효:1
17:42:04  GPS이동방향:318.3
17:42:04  차체방향유효:1
17:42:04  차체방향:133.0
17:42:04  후진판정:1
17:42:04  IMU요회전속도:0.00
17:42:04  방향가속도크기:9.68
17:42:04  방향자이로크기:2.54
17:42:04  방향자세cos:0.9981
17:42:04  자기모델잔차:33.90
17:42:04  자기모델반경:1.022
17:42:04  방향채택:0
17:42:04  방향거부:368204
17:42:04  GPS원시속도:0.700
17:42:04  GPS원시방향유효:1
17:42:04  GPS원시방향:318.5
17:42:04  가속도:-0.02,0.05,9.68
17:42:04  자이로:0.3,-0.7,-2.4
17:42:04  자력계:27.000,-48.750,34.050
17:42:04  충격값:0.14
17:42:04  충격피크:0.16
17:42:04  마지막충격발생값:0.00
17:42:04  마지막충격발생ms:0
17:42:04  송신:32790
17:42:04  지팡이수신:25956
17:42:04  GPS위성:7
17:42:04  GPS_HDOP:1.51
17:42:04  원시위도:37.496458
17:42:04  원시경도:126.954211
17:42:04  GPS채택:3410
17:42:04  GPS이상치거부:4
17:42:04  GPS품질거부:7
17:42:04  GPS재기준:1
17:42:04  계산거리:-1.00
17:42:04  접근속도:0.00
17:42:04  TTC:999.00
17:42:04  방향오차:0.0
17:42:04  전방여부:0
17:42:04  위험음성횟수:0
17:42:04  충격음성횟수:0
17:42:04  마지막위험음성:0
17:42:04  RSSI원시:-59
17:42:04  RSSI평활:-58.3
17:42:04  RSSI샘플:25956
17:42:04  RSSI경과ms:38
17:42:04  RSSI구간:4
17:42:04  RSSI거리:1.88
17:42:04  상대보정:0
17:42:04  상대보정중:0
17:42:04  보정동쪽:0.00
17:42:04  보정북쪽:0.00
17:42:04  UWB유효:1
17:42:04  UWB원시거리:5.100
17:42:04  UWB보정거리:5.170
17:42:04  UWB접근속도:-0.017
17:42:04  UWB_RSSI:nan
17:42:04  UWB경과ms:134
17:42:04  UWB샘플:16888
17:42:04  UWB실패:211
17:42:04  UWB보정:1
17:42:04  UWB보정중:0
17:42:04  UWB보정샘플:100
17:42:04  UWB보정기준:3.000
17:42:04  UWB오프셋:0.035
17:42:04  UWB위험사용:0
17:42:04  UWB전송:16873
17:42:04  위험송신:0
17:42:04  시각ms:3435346
17:42:04  IMU시각ms:3435346
17:42:04  위험:0
17:42:04  원시위험:0
17:42:04  GPS유효:1
17:42:04  위도:37.496465
17:42:04  경도:126.954201
17:42:04  속도:0.84
17:42:04  방향:318.3
17:42:04  이동방향유효:1
17:42:04  GPS이동방향:318.3
17:42:04  차체방향유효:1
17:42:04  차체방향:133.0
17:42:04  후진판정:1
17:42:04  IMU요회전속도:-1.23
17:42:04  방향가속도크기:9.77
17:42:04  방향자이로크기:3.77
17:42:04  방향자세cos:0.9991
17:42:04  자기모델잔차:33.51
17:42:04  자기모델반경:0.971
17:42:04  방향채택:0
17:42:04  방향거부:368207
17:42:04  GPS원시속도:0.700
17:42:04  GPS원시방향유효:1
17:42:04  GPS원시방향:318.5
17:42:04  가속도:-0.14,0.21,9.77
17:42:04  자이로:-0.5,-0.3,3.7
17:42:04  자력계:26.850,-46.950,33.450
17:42:04  충격값:0.09
17:42:04  충격피크:0.16
17:42:04  마지막충격발생값:0.00
17:42:04  마지막충격발생ms:0
17:42:04  송신:32791
17:42:04  지팡이수신:25956
17:42:04  GPS위성:7
17:42:04  GPS_HDOP:1.51
17:42:04  원시위도:37.496458
17:42:04  원시경도:126.954211
17:42:04  GPS채택:3410
17:42:04  GPS이상치거부:4
17:42:04  GPS품질거부:7
17:42:04  GPS재기준:1
17:42:04  계산거리:-1.00
17:42:04  접근속도:0.00
17:42:04  TTC:999.00
17:42:04  방향오차:0.0
17:42:04  전방여부:0
17:42:04  위험음성횟수:0
17:42:04  충격음성횟수:0
17:42:04  마지막위험음성:0
17:42:04  RSSI원시:-59
17:42:04  RSSI평활:-58.3
17:42:04  RSSI샘플:25956
17:42:04  RSSI경과ms:89
17:42:04  RSSI구간:4
17:42:04  RSSI거리:1.88
17:42:04  상대보정:0
17:42:04  상대보정중:0
17:42:04  보정동쪽:0.00
17:42:04  보정북쪽:0.00
17:42:04  UWB유효:1
17:42:04  UWB원시거리:5.100
17:42:04  UWB보정거리:5.170
17:42:04  UWB접근속도:-0.017
17:42:04  UWB_RSSI:nan
17:42:04  UWB경과ms:185
17:42:04  UWB샘플:16888
17:42:04  UWB실패:211
17:42:04  UWB보정:1
17:42:04  UWB보정중:0
17:42:04  UWB보정샘플:100
17:42:04  UWB보정기준:3.000
17:42:04  UWB오프셋:0.035
17:42:04  UWB위험사용:0
17:42:04  UWB전송:16873
17:42:04  위험송신:0
17:42:04  시각ms:3435401
17:42:04  IMU시각ms:3435401
17:42:04  위험:0
17:42:04  원시위험:0
17:42:04  GPS유효:1
17:42:04  위도:37.496466
17:42:04  경도:126.954201
17:42:04  속도:0.84
17:42:04  방향:318.3
17:42:04  이동방향유효:1
17:42:04  GPS이동방향:318.3
17:42:04  차체방향유효:1
17:42:04  차체방향:133.0
17:42:04  후진판정:1
17:42:04  IMU요회전속도:0.00
17:42:04  방향가속도크기:9.70
17:42:04  방향자이로크기:1.57
17:42:04  방향자세cos:0.9985
17:42:04  자기모델잔차:34.86
17:42:04  자기모델반경:1.000
17:42:04  방향채택:0
17:42:04  방향거부:368213
17:42:04  GPS원시속도:0.700
17:42:04  GPS원시방향유효:1
17:42:04  GPS원시방향:318.5
17:42:04  가속도:-0.05,0.13,9.70
17:42:04  자이로:-0.5,-0.8,-1.3
17:42:04  자력계:26.550,-48.150,34.950
17:42:04  충격값:0.05
17:42:04  충격피크:0.18
17:42:04  마지막충격발생값:0.00
17:42:04  마지막충격발생ms:0
17:42:04  송신:32791
17:42:04  지팡이수신:25957
17:42:04  GPS위성:7
17:42:04  GPS_HDOP:1.51
17:42:04  원시위도:37.496458
17:42:04  원시경도:126.954211
17:42:04  GPS채택:3410
17:42:04  GPS이상치거부:4
17:42:04  GPS품질거부:7
17:42:04  GPS재기준:1
17:42:04  계산거리:-1.00
17:42:04  접근속도:0.00
17:42:04  TTC:999.00
17:42:04  방향오차:0.0
17:42:04  전방여부:0
17:42:04  위험음성횟수:0
17:42:04  충격음성횟수:0
17:42:04  마지막위험음성:0
17:42:04  RSSI원시:-59
17:42:04  RSSI평활:-58.4
17:42:04  RSSI샘플:25957
17:42:04  RSSI경과ms:36
17:42:04  RSSI구간:4
17:42:04  RSSI거리:1.90
17:42:04  상대보정:0
17:42:04  상대보정중:0
17:42:04  보정동쪽:0.00
17:42:04  보정북쪽:0.00
17:42:04  UWB유효:1
17:42:04  UWB원시거리:5.190
17:42:04  UWB보정거리:5.172
17:42:04  UWB접근속도:-0.015
17:42:04  UWB_RSSI:nan
17:42:04  UWB경과ms:41
17:42:04  UWB샘플:16889
17:42:04  UWB실패:211
17:42:04  UWB보정:1
17:42:04  UWB보정중:0
17:42:04  UWB보정샘플:100
17:42:04  UWB보정기준:3.000
17:42:04  UWB오프셋:0.035
17:42:04  UWB위험사용:0
17:42:04  UWB전송:16874
17:42:04  위험송신:0
17:42:04  시각ms:3435453
17:42:04  IMU시각ms:3435453
17:42:04  위험:0
17:42:04  원시위험:0
17:42:04  GPS유효:1
17:42:04  위도:37.496466
17:42:04  경도:126.954201
17:42:04  속도:0.84
17:42:04  방향:318.3
17:42:04  이동방향유효:1
17:42:04  GPS이동방향:318.3
17:42:04  차체방향유효:1
17:42:04  차체방향:133.0
17:42:04  후진판정:1
17:42:04  IMU요회전속도:0.00
17:42:04  방향가속도크기:9.69
17:42:04  방향자이로크기:1.43
17:42:04  방향자세cos:0.9988
17:42:04  자기모델잔차:34.34
17:42:04  자기모델반경:1.002
17:42:04  방향채택:0
17:42:04  방향거부:368219
17:42:04  GPS원시속도:0.700
17:42:04  GPS원시방향유효:1
17:42:04  GPS원시방향:318.5
17:42:04  가속도:-0.03,0.26,9.68
17:42:04  자이로:-1.1,1.0,0.0
17:42:04  자력계:25.950,-48.750,34.500
17:42:04  충격값:0.10
17:42:04  충격피크:0.19
17:42:04  마지막충격발생값:0.00
17:42:04  마지막충격발생ms:0
17:42:04  송신:32792
17:42:04  지팡이수신:25957
17:42:04  GPS위성:7
17:42:04  GPS_HDOP:1.51
17:42:04  원시위도:37.496458
17:42:04  원시경도:126.954211
17:42:04  GPS채택:3410
17:42:04  GPS이상치거부:4
17:42:04  GPS품질거부:7
17:42:04  GPS재기준:1
17:42:04  계산거리:-1.00
17:42:04  접근속도:0.00
17:42:04  TTC:999.00
17:42:04  방향오차:0.0
17:42:04  전방여부:0
17:42:04  위험음성횟수:0
17:42:04  충격음성횟수:0
17:42:04  마지막위험음성:0
17:42:04  RSSI원시:-59
17:42:04  RSSI평활:-58.4
17:42:04  RSSI샘플:25957
17:42:04  RSSI경과ms:88
17:42:04  RSSI구간:4
17:42:04  RSSI거리:1.90
17:42:04  상대보정:0
17:42:04  상대보정중:0
17:42:04  보정동쪽:0.00
17:42:04  보정북쪽:0.00
17:42:04  UWB유효:1
17:42:04  UWB원시거리:5.190
17:42:04  UWB보정거리:5.172
17:42:04  UWB접근속도:-0.015
17:42:04  UWB_RSSI:nan
17:42:04  UWB경과ms:93
17:42:04  UWB샘플:16889
17:42:04  UWB실패:211
17:42:04  UWB보정:1
17:42:04  UWB보정중:0
17:42:04  UWB보정샘플:100
17:42:04  UWB보정기준:3.000
17:42:04  UWB오프셋:0.035
17:42:04  UWB위험사용:0
17:42:04  UWB전송:16874
17:42:04  위험송신:0
17:42:05  시각ms:3435504
17:42:05  IMU시각ms:3435504
17:42:05  위험:0
17:42:05  원시위험:0
17:42:05  GPS유효:1
17:42:05  위도:37.496466
17:42:05  경도:126.954201
17:42:05  속도:0.84
17:42:05  방향:318.3
17:42:05  이동방향유효:1
17:42:05  GPS이동방향:318.3
17:42:05  차체방향유효:1
17:42:05  차체방향:133.0
17:42:05  후진판정:1
17:42:05  IMU요회전속도:0.00
17:42:05  방향가속도크기:9.68
17:42:05  방향자이로크기:2.00
17:42:05  방향자세cos:0.9988
17:42:05  자기모델잔차:34.56
17:42:05  자기모델반경:0.942
17:42:05  방향채택:0
17:42:05  방향거부:368225
17:42:05  GPS원시속도:0.700
17:42:05  GPS원시방향유효:1
17:42:05  GPS원시방향:318.5
17:42:05  가속도:-0.04,0.23,9.68
17:42:05  자이로:1.2,-0.5,1.5
17:42:05  자력계:25.500,-46.800,34.500
17:42:05  충격값:0.07
17:42:05  충격피크:0.16
17:42:05  마지막충격발생값:0.00
17:42:05  마지막충격발생ms:0
17:42:05  송신:32792
17:42:05  지팡이수신:25958
17:42:05  GPS위성:7
17:42:05  GPS_HDOP:1.51
17:42:05  원시위도:37.496458
17:42:05  원시경도:126.954211
17:42:05  GPS채택:3410
17:42:05  GPS이상치거부:4
17:42:05  GPS품질거부:7
17:42:05  GPS재기준:1
17:42:05  계산거리:-1.00
17:42:05  접근속도:0.00
17:42:05  TTC:999.00
17:42:05  방향오차:0.0
17:42:05  전방여부:0
17:42:05  위험음성횟수:0
17:42:05  충격음성횟수:0
17:42:05  마지막위험음성:0
17:42:05  RSSI원시:-58
17:42:05  RSSI평활:-58.4
17:42:05  RSSI샘플:25958
17:42:05  RSSI경과ms:33
17:42:05  RSSI구간:4
17:42:05  RSSI거리:1.88
17:42:05  상대보정:0
17:42:05  상대보정중:0
17:42:05  보정동쪽:0.00
17:42:05  보정북쪽:0.00
17:42:05  UWB유효:1
17:42:05  UWB원시거리:5.190
17:42:05  UWB보정거리:5.172
17:42:05  UWB접근속도:-0.015
17:42:05  UWB_RSSI:nan
17:42:05  UWB경과ms:144
17:42:05  UWB샘플:16889
17:42:05  UWB실패:211
17:42:05  UWB보정:1
17:42:05  UWB보정중:0
17:42:05  UWB보정샘플:100
17:42:05  UWB보정기준:3.000
17:42:05  UWB오프셋:0.035
17:42:05  UWB위험사용:0
17:42:05  UWB전송:16874
17:42:05  위험송신:0
17:42:05  시각ms:3435560
17:42:05  IMU시각ms:3435556
17:42:05  위험:0
17:42:05  원시위험:0
17:42:05  GPS유효:1
17:42:05  위도:37.496466
17:42:05  경도:126.954201
17:42:05  속도:0.84
17:42:05  방향:318.3
17:42:05  이동방향유효:1
17:42:05  GPS이동방향:318.3
17:42:05  차체방향유효:1
17:42:05  차체방향:133.0
17:42:05  후진판정:1
17:42:05  IMU요회전속도:0.00
17:42:05  방향가속도크기:9.66
17:42:05  방향자이로크기:1.85
17:42:05  방향자세cos:0.9988
17:42:05  자기모델잔차:33.33
17:42:05  자기모델반경:1.023
17:42:05  방향채택:0
17:42:05  방향거부:368231
17:42:05  GPS원시속도:0.700
17:42:05  GPS원시방향유효:1
17:42:05  GPS원시방향:318.5
17:42:05  가속도:-0.05,0.20,9.65
17:42:05  자이로:-1.6,-0.8,0.5
17:42:05  자력계:27.300,-48.600,33.450
17:42:05  충격값:0.07
17:42:05  충격피크:0.16
17:42:05  마지막충격발생값:0.00
17:42:05  마지막충격발생ms:0
17:42:05  송신:32793
17:42:05  지팡이수신:25958
17:42:05  GPS위성:7
17:42:05  GPS_HDOP:1.51
17:42:05  원시위도:37.496458
17:42:05  원시경도:126.954211
17:42:05  GPS채택:3410
17:42:05  GPS이상치거부:4
17:42:05  GPS품질거부:7
17:42:05  GPS재기준:1
17:42:05  계산거리:-1.00
17:42:05  접근속도:0.00
17:42:05  TTC:999.00
17:42:05  방향오차:0.0
17:42:05  전방여부:0
17:42:05  위험음성횟수:0
17:42:05  충격음성횟수:0
17:42:05  마지막위험음성:0
17:42:05  RSSI원시:-58
17:42:05  RSSI평활:-58.4
17:42:05  RSSI샘플:25958
17:42:05  RSSI경과ms:89
17:42:05  RSSI구간:4
17:42:05  RSSI거리:1.88
17:42:05  상대보정:0
17:42:05  상대보정중:0
17:42:05  보정동쪽:0.00
17:42:05  보정북쪽:0.00
17:42:05  UWB유효:1
17:42:05  UWB원시거리:5.160
17:42:05  UWB보정거리:5.180
17:42:05  UWB접근속도:-0.023
17:42:05  UWB_RSSI:nan
17:42:05  UWB경과ms:0
17:42:05  UWB샘플:16890
17:42:05  UWB실패:211
17:42:05  UWB보정:1
17:42:05  UWB보정중:0
17:42:05  UWB보정샘플:100
17:42:05  UWB보정기준:3.000
17:42:05  UWB오프셋:0.035
17:42:05  UWB위험사용:0
17:42:05  UWB전송:16875
17:42:05  위험송신:0
17:42:05  시각ms:3435611
17:42:05  IMU시각ms:3435611
17:42:05  위험:0
17:42:05  원시위험:0
17:42:05  GPS유효:1
17:42:05  위도:37.496466
17:42:05  경도:126.954201
17:42:05  속도:0.84
17:42:05  방향:318.3
17:42:05  이동방향유효:1
17:42:05  GPS이동방향:318.3
17:42:05  차체방향유효:1
17:42:05  차체방향:133.0
17:42:05  후진판정:1
17:42:05  IMU요회전속도:0.00
17:42:05  방향가속도크기:9.66
17:42:05  방향자이로크기:1.89
17:42:05  방향자세cos:0.9989
17:42:05  자기모델잔차:33.37
17:42:05  자기모델반경:0.987
17:42:05  방향채택:0
17:42:05  방향거부:368237
17:42:05  GPS원시속도:0.700
17:42:05  GPS원시방향유효:1
17:42:05  GPS원시방향:318.5
17:42:05  가속도:-0.06,0.24,9.65
17:42:05  자이로:1.4,-1.2,-0.4
17:42:05  자력계:26.100,-48.150,33.450
17:42:05  충격값:0.09
17:42:05  충격피크:0.14
17:42:05  마지막충격발생값:0.00
17:42:05  마지막충격발생ms:0
17:42:05  송신:32793
17:42:05  지팡이수신:25959
17:42:05  GPS위성:7
17:42:05  GPS_HDOP:1.51
17:42:05  원시위도:37.496458
17:42:05  원시경도:126.954211
17:42:05  GPS채택:3410
17:42:05  GPS이상치거부:4
17:42:05  GPS품질거부:7
17:42:05  GPS재기준:1
17:42:05  계산거리:-1.00
17:42:05  접근속도:0.00
17:42:05  TTC:999.00
17:42:05  방향오차:0.0
17:42:05  전방여부:0
17:42:05  위험음성횟수:0
17:42:05  충격음성횟수:0
17:42:05  마지막위험음성:0
17:42:05  RSSI원시:-58
17:42:05  RSSI평활:-58.3
17:42:05  RSSI샘플:25959
17:42:05  RSSI경과ms:31
17:42:05  RSSI구간:4
17:42:05  RSSI거리:1.87
17:42:05  상대보정:0
17:42:05  상대보정중:0
17:42:05  보정동쪽:0.00
17:42:05  보정북쪽:0.00
17:42:05  UWB유효:1
17:42:05  UWB원시거리:5.160
17:42:05  UWB보정거리:5.180
17:42:05  UWB접근속도:-0.023
17:42:05  UWB_RSSI:nan
17:42:05  UWB경과ms:51
17:42:05  UWB샘플:16890
17:42:05  UWB실패:211
17:42:05  UWB보정:1
17:42:05  UWB보정중:0
17:42:05  UWB보정샘플:100
17:42:05  UWB보정기준:3.000
17:42:05  UWB오프셋:0.035
17:42:05  UWB위험사용:0
17:42:05  UWB전송:16875
17:42:05  위험송신:0
17:42:05  시각ms:3435663
17:42:05  IMU시각ms:3435663
17:42:05  위험:0
17:42:05  원시위험:0
17:42:05  GPS유효:1
17:42:05  위도:37.496466
17:42:05  경도:126.954201
17:42:05  속도:0.84
17:42:05  방향:318.3
17:42:05  이동방향유효:1
17:42:05  GPS이동방향:318.3
17:42:05  차체방향유효:1
17:42:05  차체방향:133.0
17:42:05  후진판정:1
17:42:05  IMU요회전속도:-0.92
17:42:05  방향가속도크기:9.71
17:42:05  방향자이로크기:4.82
17:42:05  방향자세cos:0.9990
17:42:05  자기모델잔차:32.68
17:42:05  자기모델반경:0.973
17:42:05  방향채택:0
17:42:05  방향거부:368243
17:42:05  GPS원시속도:0.700
17:42:05  GPS원시방향유효:1
17:42:05  GPS원시방향:318.5
17:42:05  가속도:-0.20,0.11,9.71
17:42:05  자이로:2.8,-1.9,3.5
17:42:05  자력계:26.100,-47.700,32.700
17:42:05  충격값:0.14
17:42:05  충격피크:0.14
17:42:05  마지막충격발생값:0.00
17:42:05  마지막충격발생ms:0
17:42:05  송신:32794
17:42:05  지팡이수신:25959
17:42:05  GPS위성:7
17:42:05  GPS_HDOP:1.51
17:42:05  원시위도:37.496458
17:42:05  원시경도:126.954211
17:42:05  GPS채택:3410
17:42:05  GPS이상치거부:4
17:42:05  GPS품질거부:7
17:42:05  GPS재기준:1
17:42:05  계산거리:-1.00
17:42:05  접근속도:0.00
17:42:05  TTC:999.00
17:42:05  방향오차:0.0
17:42:05  전방여부:0
17:42:05  위험음성횟수:0
17:42:05  충격음성횟수:0
17:42:05  마지막위험음성:0
17:42:05  RSSI원시:-58
17:42:05  RSSI평활:-58.3
17:42:05  RSSI샘플:25959
17:42:05  RSSI경과ms:83
17:42:05  RSSI구간:4
17:42:05  RSSI거리:1.87
17:42:05  상대보정:0
17:42:05  상대보정중:0
17:42:05  보정동쪽:0.00
17:42:05  보정북쪽:0.00
17:42:05  UWB유효:1
17:42:05  UWB원시거리:5.160
17:42:05  UWB보정거리:5.180
17:42:05  UWB접근속도:-0.023
17:42:05  UWB_RSSI:nan
17:42:05  UWB경과ms:103
17:42:05  UWB샘플:16890
17:42:05  UWB실패:211
17:42:05  UWB보정:1
17:42:05  UWB보정중:0
17:42:05  UWB보정샘플:100
17:42:05  UWB보정기준:3.000
17:42:05  UWB오프셋:0.035
17:42:05  UWB위험사용:0
17:42:05  UWB전송:16875
17:42:05  위험송신:0
17:42:05  시각ms:3435825
17:42:05  IMU시각ms:3435824
17:42:05  위험:0
17:42:05  원시위험:0
17:42:05  GPS유효:1
17:42:05  위도:37.496462
17:42:05  경도:126.954210
17:42:05  속도:0.69
17:42:05  방향:318.4
17:42:05  이동방향유효:1
17:42:05  GPS이동방향:318.4
17:42:05  차체방향유효:1
17:42:05  차체방향:133.7
17:42:05  후진판정:1
17:42:05  IMU요회전속도:0.00
17:42:05  방향가속도크기:9.79
17:42:05  방향자이로크기:2.11
17:42:05  방향자세cos:0.9988
17:42:05  자기모델잔차:32.79
17:42:05  자기모델반경:0.930
17:42:05  방향채택:0
17:42:05  방향거부:368261
17:42:05  GPS원시속도:0.540
17:42:05  GPS원시방향유효:1
17:42:05  GPS원시방향:318.5
17:42:05  가속도:-0.04,0.23,9.79
17:42:05  자이로:1.2,-0.4,1.7
17:42:05  자력계:25.350,-46.650,32.700
17:42:05  충격값:0.08
17:42:05  충격피크:0.20
17:42:05  마지막충격발생값:0.00
17:42:05  마지막충격발생ms:0
17:42:05  송신:32795
17:42:05  지팡이수신:25961
17:42:05  GPS위성:7
17:42:05  GPS_HDOP:2.93
17:42:05  원시위도:37.496457
17:42:05  원시경도:126.954222
17:42:05  GPS채택:3411
17:42:05  GPS이상치거부:4
17:42:05  GPS품질거부:7
17:42:05  GPS재기준:1
17:42:05  계산거리:-1.00
17:42:05  접근속도:0.00
17:42:05  TTC:999.00
17:42:05  방향오차:0.0
17:42:05  전방여부:0
17:42:05  위험음성횟수:0
17:42:05  충격음성횟수:0
17:42:05  마지막위험음성:0
17:42:05  RSSI원시:-58
17:42:05  RSSI평활:-58.2
17:42:05  RSSI샘플:25961
17:42:05  RSSI경과ms:38
17:42:05  RSSI구간:4
17:42:05  RSSI거리:1.85
17:42:05  상대보정:0
17:42:05  상대보정중:0
17:42:05  보정동쪽:0.00
17:42:05  보정북쪽:0.00
17:42:05  UWB유효:1
17:42:05  UWB원시거리:5.150
17:42:05  UWB보정거리:5.185
17:42:05  UWB접근속도:-0.024
17:42:05  UWB_RSSI:nan
17:42:05  UWB경과ms:63
17:42:05  UWB샘플:16891
17:42:05  UWB실패:211
17:42:05  UWB보정:1
17:42:05  UWB보정중:0
17:42:05  UWB보정샘플:100
17:42:05  UWB보정기준:3.000
17:42:05  UWB오프셋:0.035
17:42:05  UWB위험사용:0
17:42:05  UWB전송:16876
17:42:05  위험송신:0
17:42:05  시각ms:3435929
17:42:05  IMU시각ms:3435929
17:42:05  위험:0
17:42:05  원시위험:0
17:42:05  GPS유효:1
17:42:05  위도:37.496463
17:42:05  경도:126.954210
17:42:05  속도:0.69
17:42:05  방향:318.4
17:42:05  이동방향유효:1
17:42:05  GPS이동방향:318.4
17:42:05  차체방향유효:1
17:42:05  차체방향:133.6
17:42:05  후진판정:1
17:42:05  IMU요회전속도:0.00
17:42:05  방향가속도크기:9.73
17:42:05  방향자이로크기:4.40
17:42:05  방향자세cos:0.9991
17:42:05  자기모델잔차:33.03
17:42:05  자기모델반경:0.981
17:42:05  방향채택:0
17:42:05  방향거부:368273
17:42:05  GPS원시속도:0.540
17:42:05  GPS원시방향유효:1
17:42:05  GPS원시방향:318.5
17:42:05  가속도:-0.07,0.31,9.72
17:42:05  자이로:0.8,-3.8,-2.1
17:42:05  자력계:27.000,-47.250,33.000
17:42:05  충격값:0.13
17:42:05  충격피크:0.13
17:42:05  마지막충격발생값:0.00
17:42:05  마지막충격발생ms:0
17:42:05  송신:32796
17:42:05  지팡이수신:25962
17:42:05  GPS위성:7
17:42:05  GPS_HDOP:2.93
17:42:05  원시위도:37.496457
17:42:05  원시경도:126.954222
17:42:05  GPS채택:3411
17:42:05  GPS이상치거부:4
17:42:05  GPS품질거부:7
17:42:05  GPS재기준:1
17:42:05  계산거리:-1.00
17:42:05  접근속도:0.00
17:42:05  TTC:999.00
17:42:05  방향오차:0.0
17:42:05  전방여부:0
17:42:05  위험음성횟수:0
17:42:05  충격음성횟수:0
17:42:05  마지막위험음성:0
17:42:05  RSSI원시:-59
17:42:05  RSSI평활:-58.3
17:42:05  RSSI샘플:25962
17:42:05  RSSI경과ms:34
17:42:05  RSSI구간:4
17:42:05  RSSI거리:1.88
17:42:05  상대보정:0
17:42:05  상대보정중:0
17:42:05  보정동쪽:0.00
17:42:05  보정북쪽:0.00
17:42:05  UWB유효:1
17:42:05  UWB원시거리:5.150
17:42:05  UWB보정거리:5.185
17:42:05  UWB접근속도:-0.024
17:42:05  UWB_RSSI:nan
17:42:05  UWB경과ms:167
17:42:05  UWB샘플:16891
17:42:05  UWB실패:211
17:42:05  UWB보정:1
17:42:05  UWB보정중:0
17:42:05  UWB보정샘플:100
17:42:05  UWB보정기준:3.000
17:42:05  UWB오프셋:0.035
17:42:05  UWB위험사용:0
17:42:05  UWB전송:16876
17:42:05  위험송신:0
17:42:05  시각ms:3436089
17:42:05  IMU시각ms:3436089
17:42:05  위험:0
17:42:05  원시위험:0
17:42:05  GPS유효:1
17:42:05  위도:37.496464
17:42:05  경도:126.954210
17:42:05  속도:0.69
17:42:05  방향:318.4
17:42:05  이동방향유효:1
17:42:05  GPS이동방향:318.4
17:42:05  차체방향유효:1
17:42:05  차체방향:133.7
17:42:05  후진판정:1
17:42:05  IMU요회전속도:0.00
17:42:05  방향가속도크기:9.59
17:42:05  방향자이로크기:1.78
17:42:05  방향자세cos:0.9989
17:42:05  자기모델잔차:32.38
17:42:05  자기모델반경:0.981
17:42:05  방향채택:0
17:42:05  방향거부:368291
17:42:05  GPS원시속도:0.540
17:42:05  GPS원시방향유효:1
17:42:05  GPS원시방향:318.5
17:42:05  가속도:-0.10,0.18,9.59
17:42:05  자이로:1.1,-0.3,-1.4
17:42:05  자력계:26.550,-47.700,32.400
17:42:05  충격값:0.13
17:42:05  충격피크:0.16
17:42:05  마지막충격발생값:0.00
17:42:05  마지막충격발생ms:0
17:42:05  송신:32798
17:42:05  지팡이수신:25963
17:42:05  GPS위성:7
17:42:05  GPS_HDOP:2.93
17:42:05  원시위도:37.496457
17:42:05  원시경도:126.954222
17:42:05  GPS채택:3411
17:42:05  GPS이상치거부:4
17:42:05  GPS품질거부:7
17:42:05  GPS재기준:1
17:42:05  계산거리:-1.00
17:42:05  접근속도:0.00
17:42:05  TTC:999.00
17:42:05  방향오차:0.0
17:42:05  전방여부:0
17:42:05  위험음성횟수:0
17:42:05  충격음성횟수:0
17:42:05  마지막위험음성:0
17:42:05  RSSI원시:-58
17:42:05  RSSI평활:-58.3
17:42:05  RSSI샘플:25963
17:42:05  RSSI경과ms:84
17:42:05  RSSI구간:4
17:42:05  RSSI거리:1.87
17:42:05  상대보정:0
17:42:05  상대보정중:0
17:42:05  보정동쪽:0.00
17:42:05  보정북쪽:0.00
17:42:05  UWB유효:1
17:42:05  UWB원시거리:5.170
17:42:05  UWB보정거리:5.189
17:42:05  UWB접근속도:-0.022
17:42:05  UWB_RSSI:nan
17:42:05  UWB경과ms:128
17:42:05  UWB샘플:16892
17:42:05  UWB실패:211
17:42:05  UWB보정:1
17:42:05  UWB보정중:0
17:42:05  UWB보정샘플:100
17:42:05  UWB보정기준:3.000
17:42:05  UWB오프셋:0.035
17:42:05  UWB위험사용:0
17:42:05  UWB전송:16877
17:42:05  위험송신:0
17:42:05  시각ms:3436141
17:42:05  IMU시각ms:3436141
17:42:05  위험:0
17:42:05  원시위험:0
17:42:05  GPS유효:1
17:42:05  위도:37.496464
17:42:05  경도:126.954209
17:42:05  속도:0.69
17:42:05  방향:318.4
17:42:05  이동방향유효:1
17:42:05  GPS이동방향:318.4
17:42:05  차체방향유효:1
17:42:05  차체방향:133.7
17:42:05  후진판정:1
17:42:05  IMU요회전속도:0.00
17:42:05  방향가속도크기:9.65
17:42:05  방향자이로크기:1.85
17:42:05  방향자세cos:0.9990
17:42:05  자기모델잔차:32.38
17:42:05  자기모델반경:0.981
17:42:05  방향채택:0
17:42:05  방향거부:368297
17:42:05  GPS원시속도:0.540
17:42:05  GPS원시방향유효:1
17:42:05  GPS원시방향:318.5
17:42:05  가속도:-0.05,0.27,9.65
17:42:05  자이로:-0.6,1.4,-1.0
17:42:05  자력계:26.550,-47.700,32.400
17:42:05  충격값:0.11
17:42:05  충격피크:0.17
17:42:05  마지막충격발생값:0.00
17:42:05  마지막충격발생ms:0
17:42:05  송신:32798
17:42:05  지팡이수신:25964
17:42:05  GPS위성:7
17:42:05  GPS_HDOP:2.93
17:42:05  원시위도:37.496457
17:42:05  원시경도:126.954222
17:42:05  GPS채택:3411
17:42:05  GPS이상치거부:4
17:42:05  GPS품질거부:7
17:42:05  GPS재기준:1
17:42:05  계산거리:-1.00
17:42:05  접근속도:0.00
17:42:05  TTC:999.00
17:42:05  방향오차:0.0
17:42:05  전방여부:0
17:42:05  위험음성횟수:0
17:42:05  충격음성횟수:0
17:42:05  마지막위험음성:0
17:42:05  RSSI원시:-58
17:42:05  RSSI평활:-58.2
17:42:05  RSSI샘플:25964
17:42:05  RSSI경과ms:30
17:42:05  RSSI구간:4
17:42:05  RSSI거리:1.86
17:42:05  상대보정:0
17:42:05  상대보정중:0
17:42:05  보정동쪽:0.00
17:42:05  보정북쪽:0.00
17:42:05  UWB유효:1
17:42:05  UWB원시거리:5.170
17:42:05  UWB보정거리:5.189
17:42:05  UWB접근속도:-0.022
17:42:05  UWB_RSSI:nan
17:42:05  UWB경과ms:180
17:42:05  UWB샘플:16892
17:42:05  UWB실패:211
17:42:05  UWB보정:1
17:42:05  UWB보정중:0
17:42:05  UWB보정샘플:100
17:42:05  UWB보정기준:3.000
17:42:05  UWB오프셋:0.035
17:42:05  UWB위험사용:0
17:42:05  UWB전송:16877
17:42:05  위험송신:0
17:42:05  시각ms:3436198
17:42:05  IMU시각ms:3436198
17:42:05  위험:0
17:42:05  원시위험:0
17:42:05  GPS유효:1
17:42:05  위도:37.496464
17:42:05  경도:126.954209
17:42:05  속도:0.69
17:42:05  방향:318.4
17:42:05  이동방향유효:1
17:42:05  GPS이동방향:318.4
17:42:05  차체방향유효:1
17:42:05  차체방향:133.7
17:42:05  후진판정:1
17:42:05  IMU요회전속도:0.00
17:42:05  방향가속도크기:9.66
17:42:05  방향자이로크기:4.02
17:42:05  방향자세cos:0.9988
17:42:05  자기모델잔차:33.78
17:42:05  자기모델반경:0.983
17:42:05  방향채택:0
17:42:05  방향거부:368303
17:42:05  GPS원시속도:0.540
17:42:05  GPS원시방향유효:1
17:42:05  GPS원시방향:318.5
17:42:05  가속도:-0.09,0.16,9.65
17:42:05  자이로:2.9,-2.8,-0.1
17:42:05  자력계:27.000,-47.250,33.750
17:42:05  충격값:0.06
17:42:05  충격피크:0.16
17:42:05  마지막충격발생값:0.00
17:42:05  마지막충격발생ms:0
17:42:05  송신:32799
17:42:05  지팡이수신:25964
17:42:05  GPS위성:7
17:42:05  GPS_HDOP:2.93
17:42:05  원시위도:37.496457
17:42:05  원시경도:126.954222
17:42:05  GPS채택:3411
17:42:05  GPS이상치거부:4
17:42:05  GPS품질거부:7
17:42:05  GPS재기준:1
17:42:05  계산거리:-1.00
17:42:05  접근속도:0.00
17:42:05  TTC:999.00
17:42:05  방향오차:0.0
17:42:05  전방여부:0
17:42:05  위험음성횟수:0
17:42:05  충격음성횟수:0
17:42:05  마지막위험음성:0
17:42:05  RSSI원시:-58
17:42:05  RSSI평활:-58.2
17:42:05  RSSI샘플:25964
17:42:05  RSSI경과ms:87
17:42:05  RSSI구간:4
17:42:05  RSSI거리:1.86
17:42:05  상대보정:0
17:42:05  상대보정중:0
17:42:05  보정동쪽:0.00
17:42:05  보정북쪽:0.00
17:42:05  UWB유효:1
17:42:05  UWB원시거리:5.120
17:42:05  UWB보정거리:5.191
17:42:05  UWB접근속도:-0.019
17:42:05  UWB_RSSI:nan
17:42:05  UWB경과ms:33
17:42:05  UWB샘플:16893
17:42:05  UWB실패:211
17:42:05  UWB보정:1
17:42:05  UWB보정중:0
17:42:05  UWB보정샘플:100
17:42:05  UWB보정기준:3.000
17:42:05  UWB오프셋:0.035
17:42:05  UWB위험사용:0
17:42:05  UWB전송:16878
17:42:05  위험송신:0
17:42:06  시각ms:3436411
17:42:06  IMU시각ms:3436411
17:42:06  위험:0
17:42:06  원시위험:0
17:42:06  GPS유효:1
17:42:06  위도:37.496465
17:42:06  경도:126.954209
17:42:06  속도:0.69
17:42:06  방향:318.4
17:42:06  이동방향유효:1
17:42:06  GPS이동방향:318.4
17:42:06  차체방향유효:1
17:42:06  차체방향:133.7
17:42:06  후진판정:1
17:42:06  IMU요회전속도:0.00
17:42:06  방향가속도크기:9.88
17:42:06  방향자이로크기:3.84
17:42:06  방향자세cos:0.9989
17:42:06  자기모델잔차:32.93
17:42:06  자기모델반경:1.048
17:42:06  방향채택:0
17:42:06  방향거부:368326
17:42:06  GPS원시속도:0.540
17:42:06  GPS원시방향유효:1
17:42:06  GPS원시방향:318.5
17:42:06  가속도:-0.04,0.25,9.87
17:42:06  자이로:-2.2,2.6,-1.7
17:42:06  자력계:27.450,-49.500,33.150
17:42:06  충격값:0.17
17:42:06  충격피크:0.17
17:42:06  마지막충격발생값:0.00
17:42:06  마지막충격발생ms:0
17:42:06  송신:32801
17:42:06  지팡이수신:25965
17:42:06  GPS위성:7
17:42:06  GPS_HDOP:2.93
17:42:06  원시위도:37.496457
17:42:06  원시경도:126.954222
17:42:06  GPS채택:3411
17:42:06  GPS이상치거부:4
17:42:06  GPS품질거부:7
17:42:06  GPS재기준:1
17:42:06  계산거리:-1.00
17:42:06  접근속도:0.00
17:42:06  TTC:999.00
17:42:06  방향오차:0.0
17:42:06  전방여부:0
17:42:06  위험음성횟수:0
17:42:06  충격음성횟수:0
17:42:06  마지막위험음성:0
17:42:06  RSSI원시:-58
17:42:06  RSSI평활:-58.2
17:42:06  RSSI샘플:25965
17:42:06  RSSI경과ms:87
17:42:06  RSSI구간:4
17:42:06  RSSI거리:1.85
17:42:06  상대보정:0
17:42:06  상대보정중:0
17:42:06  보정동쪽:0.00
17:42:06  보정북쪽:0.00
17:42:06  UWB유효:1
17:42:06  UWB원시거리:5.170
17:42:06  UWB보정거리:5.192
17:42:06  UWB접근속도:-0.015
17:42:06  UWB_RSSI:nan
17:42:06  UWB경과ms:51
17:42:06  UWB샘플:16894
17:42:06  UWB실패:211
17:42:06  UWB보정:1
17:42:06  UWB보정중:0
17:42:06  UWB보정샘플:100
17:42:06  UWB보정기준:3.000
17:42:06  UWB오프셋:0.035
17:42:06  UWB위험사용:0
17:42:06  UWB전송:16879
17:42:06  위험송신:0
17:42:06  시각ms:3436463
17:42:06  IMU시각ms:3436462
17:42:06  위험:0
17:42:06  원시위험:0
17:42:06  GPS유효:1
17:42:06  위도:37.496465
17:42:06  경도:126.954209
17:42:06  속도:0.69
17:42:06  방향:318.4
17:42:06  이동방향유효:1
17:42:06  GPS이동방향:318.4
17:42:06  차체방향유효:1
17:42:06  차체방향:133.7
17:42:06  후진판정:1
17:42:06  IMU요회전속도:0.00
17:42:06  방향가속도크기:9.72
17:42:06  방향자이로크기:3.30
17:42:06  방향자세cos:0.9982
17:42:06  자기모델잔차:33.00
17:42:06  자기모델반경:0.998
17:42:06  방향채택:0
17:42:06  방향거부:368332
17:42:06  GPS원시속도:0.540
17:42:06  GPS원시방향유효:1
17:42:06  GPS원시방향:318.5
17:42:06  가속도:-0.04,0.06,9.72
17:42:06  자이로:-1.8,1.8,-2.2
17:42:06  자력계:27.450,-47.550,33.000
17:42:06  충격값:0.12
17:42:06  충격피크:0.19
17:42:06  마지막충격발생값:0.00
17:42:06  마지막충격발생ms:0
17:42:06  송신:32802
17:42:06  지팡이수신:25966
17:42:06  GPS위성:7
17:42:06  GPS_HDOP:2.93
17:42:06  원시위도:37.496457
17:42:06  원시경도:126.954222
17:42:06  GPS채택:3411
17:42:06  GPS이상치거부:4
17:42:06  GPS품질거부:7
17:42:06  GPS재기준:1
17:42:06  계산거리:-1.00
17:42:06  접근속도:0.00
17:42:06  TTC:999.00
17:42:06  방향오차:0.0
17:42:06  전방여부:0
17:42:06  위험음성횟수:0
17:42:06  충격음성횟수:0
17:42:06  마지막위험음성:0
17:42:06  RSSI원시:-58
17:42:06  RSSI평활:-58.1
17:42:06  RSSI샘플:25966
17:42:06  RSSI경과ms:24
17:42:06  RSSI구간:4
17:42:06  RSSI거리:1.85
17:42:06  상대보정:0
17:42:06  상대보정중:0
17:42:06  보정동쪽:0.00
17:42:06  보정북쪽:0.00
17:42:06  UWB유효:1
17:42:06  UWB원시거리:5.170
17:42:06  UWB보정거리:5.192
17:42:06  UWB접근속도:-0.015
17:42:06  UWB_RSSI:nan
17:42:06  UWB경과ms:103
17:42:06  UWB샘플:16894
17:42:06  UWB실패:211
17:42:06  UWB보정:1
17:42:06  UWB보정중:0
17:42:06  UWB보정샘플:100
17:42:06  UWB보정기준:3.000
17:42:06  UWB오프셋:0.035
17:42:06  UWB위험사용:0
17:42:06  UWB전송:16879
17:42:06  위험송신:0
17:42:06  시각ms:3436514
17:42:06  IMU시각ms:3436514
17:42:06  위험:0
17:42:06  원시위험:0
17:42:06  GPS유효:1
17:42:06  위도:37.496465
17:42:06  경도:126.954209
17:42:06  속도:0.69
17:42:06  방향:318.4
17:42:06  이동방향유효:1
17:42:06  GPS이동방향:318.4
17:42:06  차체방향유효:1
17:42:06  차체방향:133.7
17:42:06  후진판정:1
17:42:06  IMU요회전속도:0.00
17:42:06  방향가속도크기:9.69
17:42:06  방향자이로크기:1.40
17:42:06  방향자세cos:0.9994
17:42:06  자기모델잔차:33.43
17:42:06  자기모델반경:0.990
17:42:06  방향채택:0
17:42:06  방향거부:368338
17:42:06  GPS원시속도:0.540
17:42:06  GPS원시방향유효:1
17:42:06  GPS원시방향:318.5
17:42:06  가속도:-0.14,0.33,9.69
17:42:06  자이로:-0.0,0.8,-1.2
17:42:06  자력계:26.850,-47.700,33.450
17:42:06  충격값:0.16
17:42:06  충격피크:0.21
17:42:06  마지막충격발생값:0.00
17:42:06  마지막충격발생ms:0
17:42:06  송신:32802
17:42:06  지팡이수신:25966
17:42:06  GPS위성:7
17:42:06  GPS_HDOP:2.93
17:42:06  원시위도:37.496457
17:42:06  원시경도:126.954222
17:42:06  GPS채택:3411
17:42:06  GPS이상치거부:4
17:42:06  GPS품질거부:7
17:42:06  GPS재기준:1
17:42:06  계산거리:-1.00
17:42:06  접근속도:0.00
17:42:06  TTC:999.00
17:42:06  방향오차:0.0
17:42:06  전방여부:0
17:42:06  위험음성횟수:0
17:42:06  충격음성횟수:0
17:42:06  마지막위험음성:0
17:42:06  RSSI원시:-58
17:42:06  RSSI평활:-58.1
17:42:06  RSSI샘플:25966
17:42:06  RSSI경과ms:75
17:42:06  RSSI구간:4
17:42:06  RSSI거리:1.85
17:42:06  상대보정:0
17:42:06  상대보정중:0
17:42:06  보정동쪽:0.00
17:42:06  보정북쪽:0.00
17:42:06  UWB유효:1
17:42:06  UWB원시거리:5.170
17:42:06  UWB보정거리:5.192
17:42:06  UWB접근속도:-0.015
17:42:06  UWB_RSSI:nan
17:42:06  UWB경과ms:154
17:42:06  UWB샘플:16894
17:42:06  UWB실패:211
17:42:06  UWB보정:1
17:42:06  UWB보정중:0
17:42:06  UWB보정샘플:100
17:42:06  UWB보정기준:3.000
17:42:06  UWB오프셋:0.035
17:42:06  UWB위험사용:0
17:42:06  UWB전송:16879
17:42:06  위험송신:0
17:42:06  시각ms:3436582
17:42:06  IMU시각ms:3436581
17:42:06  위험:0
17:42:06  원시위험:0
17:42:06  GPS유효:1
17:42:06  위도:37.496465
17:42:06  경도:126.954209
17:42:06  속도:0.69
17:42:06  방향:318.4
17:42:06  이동방향유효:1
17:42:06  GPS이동방향:318.4
17:42:06  차체방향유효:1
17:42:06  차체방향:133.7
17:42:06  후진판정:1
17:42:06  IMU요회전속도:0.00
17:42:06  방향가속도크기:9.71
17:42:06  방향자이로크기:2.16
17:42:06  방향자세cos:0.9988
17:42:06  자기모델잔차:32.17
17:42:06  자기모델반경:1.006
17:42:06  방향채택:0
17:42:06  방향거부:368344
17:42:06  GPS원시속도:0.540
17:42:06  GPS원시방향유효:1
17:42:06  GPS원시방향:318.5
17:42:06  가속도:-0.12,0.13,9.71
17:42:06  자이로:0.2,-0.9,-1.9
17:42:06  자력계:27.000,-48.300,32.250
17:42:06  충격값:0.07
17:42:06  충격피크:0.12
17:42:06  마지막충격발생값:0.00
17:42:06  마지막충격발생ms:0
17:42:06  송신:32803
17:42:06  지팡이수신:25967
17:42:06  GPS위성:7
17:42:06  GPS_HDOP:2.93
17:42:06  원시위도:37.496457
17:42:06  원시경도:126.954222
17:42:06  GPS채택:3411
17:42:06  GPS이상치거부:4
17:42:06  GPS품질거부:7
17:42:06  GPS재기준:1
17:42:06  계산거리:-1.00
17:42:06  접근속도:0.00
17:42:06  TTC:999.00
17:42:06  방향오차:0.0
17:42:06  전방여부:0
17:42:06  위험음성횟수:0
17:42:06  충격음성횟수:0
17:42:06  마지막위험음성:0
17:42:06  RSSI원시:-58
17:42:06  RSSI평활:-58.1
17:42:06  RSSI샘플:25967
17:42:06  RSSI경과ms:30
17:42:06  RSSI구간:4
17:42:06  RSSI거리:1.84
17:42:06  상대보정:0
17:42:06  상대보정중:0
17:42:06  보정동쪽:0.00
17:42:06  보정북쪽:0.00
17:42:06  UWB유효:1
17:42:06  UWB원시거리:5.140
17:42:06  UWB보정거리:5.190
17:42:06  UWB접근속도:-0.007
17:42:06  UWB_RSSI:nan
17:42:06  UWB경과ms:21
17:42:06  UWB샘플:16895
17:42:06  UWB실패:211
17:42:06  UWB보정:1
17:42:06  UWB보정중:0
17:42:06  UWB보정샘플:100
17:42:06  UWB보정기준:3.000
17:42:06  UWB오프셋:0.035
17:42:06  UWB위험사용:0
17:42:06  UWB전송:16880
17:42:06  위험송신:0
17:42:06  시각ms:3436632
17:42:06  IMU시각ms:3436632
17:42:06  위험:0
17:42:06  원시위험:0
17:42:06  GPS유효:1
17:42:06  위도:37.496465
17:42:06  경도:126.954209
17:42:06  속도:0.69
17:42:06  방향:318.4
17:42:06  이동방향유효:1
17:42:06  GPS이동방향:318.4
17:42:06  차체방향유효:1
17:42:06  차체방향:133.7
17:42:06  후진판정:1
17:42:06  IMU요회전속도:0.00
17:42:06  방향가속도크기:9.69
17:42:06  방향자이로크기:4.49
17:42:06  방향자세cos:0.9988
17:42:06  자기모델잔차:33.46
17:42:06  자기모델반경:0.992
17:42:06  방향채택:0
17:42:06  방향거부:368350
17:42:06  GPS원시속도:0.540
17:42:06  GPS원시방향유효:1
17:42:06  GPS원시방향:318.5
17:42:06  가속도:-0.11,0.14,9.69
17:42:06  자이로:1.5,-4.2,0.6
17:42:06  자력계:27.300,-47.400,33.450
17:42:06  충격값:0.07
17:42:06  충격피크:0.19
17:42:06  마지막충격발생값:0.00
17:42:06  마지막충격발생ms:0
17:42:06  송신:32803
17:42:06  지팡이수신:25967
17:42:06  GPS위성:7
17:42:06  GPS_HDOP:2.93
17:42:06  원시위도:37.496457
17:42:06  원시경도:126.954222
17:42:06  GPS채택:3411
17:42:06  GPS이상치거부:4
17:42:06  GPS품질거부:7
17:42:06  GPS재기준:1
17:42:06  계산거리:-1.00
17:42:06  접근속도:0.00
17:42:06  TTC:999.00
17:42:06  방향오차:0.0
17:42:06  전방여부:0
17:42:06  위험음성횟수:0
17:42:06  충격음성횟수:0
17:42:06  마지막위험음성:0
17:42:06  RSSI원시:-58
17:42:06  RSSI평활:-58.1
17:42:06  RSSI샘플:25967
17:42:06  RSSI경과ms:80
17:42:06  RSSI구간:4
17:42:06  RSSI거리:1.84
17:42:06  상대보정:0
17:42:06  상대보정중:0
17:42:06  보정동쪽:0.00
17:42:06  보정북쪽:0.00
17:42:06  UWB유효:1
17:42:06  UWB원시거리:5.140
17:42:06  UWB보정거리:5.190
17:42:06  UWB접근속도:-0.007
17:42:06  UWB_RSSI:nan
17:42:06  UWB경과ms:71
17:42:06  UWB샘플:16895
17:42:06  UWB실패:211
17:42:06  UWB보정:1
17:42:06  UWB보정중:0
17:42:06  UWB보정샘플:100
17:42:06  UWB보정기준:3.000
17:42:06  UWB오프셋:0.035
17:42:06  UWB위험사용:0
17:42:06  UWB전송:16880
17:42:06  위험송신:0
17:42:06  시각ms:3436737
17:42:06  IMU시각ms:3436737
17:42:06  위험:0
17:42:06  원시위험:0
17:42:06  GPS유효:1
17:42:06  위도:37.496462
17:42:06  경도:126.954216
17:42:06  속도:0.57
17:42:06  방향:318.4
17:42:06  이동방향유효:1
17:42:06  GPS이동방향:318.4
17:42:06  차체방향유효:1
17:42:06  차체방향:134.2
17:42:06  후진판정:1
17:42:06  IMU요회전속도:0.00
17:42:06  방향가속도크기:9.75
17:42:06  방향자이로크기:3.71
17:42:06  방향자세cos:0.9990
17:42:06  자기모델잔차:33.78
17:42:06  자기모델반경:0.993
17:42:06  방향채택:0
17:42:06  방향거부:368362
17:42:06  GPS원시속도:0.458
17:42:06  GPS원시방향유효:1
17:42:06  GPS원시방향:318.5
17:42:06  가속도:-0.12,0.18,9.75
17:42:06  자이로:2.8,-1.5,-1.9
17:42:06  자력계:27.450,-47.250,33.750
17:42:06  충격값:0.06
17:42:06  충격피크:0.15
17:42:06  마지막충격발생값:0.00
17:42:06  마지막충격발생ms:0
17:42:06  송신:32804
17:42:06  지팡이수신:25968
17:42:06  GPS위성:8
17:42:06  GPS_HDOP:2.93
17:42:06  원시위도:37.496457
17:42:06  원시경도:126.954225
17:42:06  GPS채택:3412
17:42:06  GPS이상치거부:4
17:42:06  GPS품질거부:7
17:42:06  GPS재기준:1
17:42:06  계산거리:-1.00
17:42:06  접근속도:0.00
17:42:06  TTC:999.00
17:42:06  방향오차:0.0
17:42:06  전방여부:0
17:42:06  위험음성횟수:0
17:42:06  충격음성횟수:0
17:42:06  마지막위험음성:0
17:42:06  RSSI원시:-58
17:42:06  RSSI평활:-58.1
17:42:06  RSSI샘플:25968
17:42:06  RSSI경과ms:70
17:42:06  RSSI구간:4
17:42:06  RSSI거리:1.84
17:42:06  상대보정:0
17:42:06  상대보정중:0
17:42:06  보정동쪽:0.00
17:42:06  보정북쪽:0.00
17:42:06  UWB유효:1
17:42:06  UWB원시거리:5.140
17:42:06  UWB보정거리:5.190
17:42:06  UWB접근속도:-0.007
17:42:06  UWB_RSSI:nan
17:42:06  UWB경과ms:176
17:42:06  UWB샘플:16895
17:42:06  UWB실패:211
17:42:06  UWB보정:1
17:42:06  UWB보정중:0
17:42:06  UWB보정샘플:100
17:42:06  UWB보정기준:3.000
17:42:06  UWB오프셋:0.035
17:42:06  UWB위험사용:0
17:42:06  UWB전송:16880
17:42:06  위험송신:0
17:42:06  시각ms:3436794
17:42:06  IMU시각ms:3436794
17:42:06  위험:0
17:42:06  원시위험:0
17:42:06  GPS유효:1
17:42:06  위도:37.496462
17:42:06  경도:126.954216
17:42:06  속도:0.57
17:42:06  방향:318.4
17:42:06  이동방향유효:1
17:42:06  GPS이동방향:318.4
17:42:06  차체방향유효:1
17:42:06  차체방향:134.2
17:42:06  후진판정:1
17:42:06  IMU요회전속도:0.00
17:42:06  방향가속도크기:9.75
17:42:06  방향자이로크기:1.42
17:42:06  방향자세cos:0.9982
17:42:06  자기모델잔차:33.32
17:42:06  자기모델반경:1.014
17:42:06  방향채택:0
17:42:06  방향거부:368368
17:42:06  GPS원시속도:0.458
17:42:06  GPS원시방향유효:1
17:42:06  GPS원시방향:318.5
17:42:06  가속도:-0.05,0.05,9.75
17:42:06  자이로:0.8,1.2,0.2
17:42:06  자력계:26.850,-48.600,33.450
17:42:06  충격값:0.15
17:42:06  충격피크:0.21
17:42:06  마지막충격발생값:0.00
17:42:06  마지막충격발생ms:0
17:42:06  송신:32805
17:42:06  지팡이수신:25969
17:42:06  GPS위성:8
17:42:06  GPS_HDOP:2.93
17:42:06  원시위도:37.496457
17:42:06  원시경도:126.954225
17:42:06  GPS채택:3412
17:42:06  GPS이상치거부:4
17:42:06  GPS품질거부:7
17:42:06  GPS재기준:1
17:42:06  계산거리:-1.00
17:42:06  접근속도:0.00
17:42:06  TTC:999.00
17:42:06  방향오차:0.0
17:42:06  전방여부:0
17:42:06  위험음성횟수:0
17:42:06  충격음성횟수:0
17:42:06  마지막위험음성:0
17:42:06  RSSI원시:-58
17:42:06  RSSI평활:-58.1
17:42:06  RSSI샘플:25969
17:42:06  RSSI경과ms:13
17:42:06  RSSI구간:4
17:42:06  RSSI거리:1.83
17:42:06  상대보정:0
17:42:06  상대보정중:0
17:42:06  보정동쪽:0.00
17:42:06  보정북쪽:0.00
17:42:06  UWB유효:1
17:42:06  UWB원시거리:5.150
17:42:06  UWB보정거리:5.188
17:42:06  UWB접근속도:-0.002
17:42:06  UWB_RSSI:nan
17:42:06  UWB경과ms:36
17:42:06  UWB샘플:16896
17:42:06  UWB실패:211
17:42:06  UWB보정:1
17:42:06  UWB보정중:0
17:42:06  UWB보정샘플:100
17:42:06  UWB보정기준:3.000
17:42:06  UWB오프셋:0.035
17:42:06  UWB위험사용:0
17:42:06  UWB전송:16881
17:42:06  위험송신:0
17:42:06  시각ms:3436845
17:42:06  IMU시각ms:3436845
17:42:06  위험:0
17:42:06  원시위험:0
17:42:06  GPS유효:1
17:42:06  위도:37.496462
17:42:06  경도:126.954216
17:42:06  속도:0.57
17:42:06  방향:318.4
17:42:06  이동방향유효:1
17:42:06  GPS이동방향:318.4
17:42:06  차체방향유효:1
17:42:06  차체방향:134.2
17:42:06  후진판정:1
17:42:06  IMU요회전속도:0.00
17:42:06  방향가속도크기:9.59
17:42:06  방향자이로크기:2.90
17:42:06  방향자세cos:0.9988
17:42:06  자기모델잔차:33.30
17:42:06  자기모델반경:0.989
17:42:06  방향채택:0
17:42:06  방향거부:368374
17:42:06  GPS원시속도:0.458
17:42:06  GPS원시방향유효:1
17:42:06  GPS원시방향:318.5
17:42:06  가속도:-0.09,0.16,9.59
17:42:06  자이로:2.3,0.4,-1.7
17:42:06  자력계:27.000,-47.550,33.300
17:42:06  충격값:0.13
17:42:06  충격피크:0.19
17:42:06  마지막충격발생값:0.00
17:42:06  마지막충격발생ms:0
17:42:06  송신:32805
17:42:06  지팡이수신:25969
17:42:06  GPS위성:8
17:42:06  GPS_HDOP:2.93
17:42:06  원시위도:37.496457
17:42:06  원시경도:126.954225
17:42:06  GPS채택:3412
17:42:06  GPS이상치거부:4
17:42:06  GPS품질거부:7
17:42:06  GPS재기준:1
17:42:06  계산거리:-1.00
17:42:06  접근속도:0.00
17:42:06  TTC:999.00
17:42:06  방향오차:0.0
17:42:06  전방여부:0
17:42:06  위험음성횟수:0
17:42:06  충격음성횟수:0
17:42:06  마지막위험음성:0
17:42:06  RSSI원시:-58
17:42:06  RSSI평활:-58.1
17:42:06  RSSI샘플:25969
17:42:06  RSSI경과ms:64
17:42:06  RSSI구간:4
17:42:06  RSSI거리:1.83
17:42:06  상대보정:0
17:42:06  상대보정중:0
17:42:06  보정동쪽:0.00
17:42:06  보정북쪽:0.00
17:42:06  UWB유효:1
17:42:06  UWB원시거리:5.150
17:42:06  UWB보정거리:5.188
17:42:06  UWB접근속도:-0.002
17:42:06  UWB_RSSI:nan
17:42:06  UWB경과ms:87
17:42:06  UWB샘플:16896
17:42:06  UWB실패:211
17:42:06  UWB보정:1
17:42:06  UWB보정중:0
17:42:06  UWB보정샘플:100
17:42:06  UWB보정기준:3.000
17:42:06  UWB오프셋:0.035
17:42:06  UWB위험사용:0
17:42:06  UWB전송:16881
17:42:06  위험송신:0
17:42:06  시각ms:3437000
17:42:06  IMU시각ms:3437000
17:42:06  위험:0
17:42:06  원시위험:0
17:42:06  GPS유효:1
17:42:06  위도:37.496463
17:42:06  경도:126.954216
17:42:06  속도:0.57
17:42:06  방향:318.4
17:42:06  이동방향유효:1
17:42:06  GPS이동방향:318.4
17:42:06  차체방향유효:1
17:42:06  차체방향:134.2
17:42:06  후진판정:1
17:42:06  IMU요회전속도:0.00
17:42:06  방향가속도크기:9.64
17:42:06  방향자이로크기:2.11
17:42:06  방향자세cos:0.9985
17:42:06  자기모델잔차:33.64
17:42:06  자기모델반경:0.973
17:42:06  방향채택:0
17:42:06  방향거부:368390
17:42:06  GPS원시속도:0.458
17:42:06  GPS원시방향유효:1
17:42:06  GPS원시방향:318.5
17:42:06  가속도:0.07,0.31,9.63
17:42:06  자이로:-0.4,1.9,-0.9
17:42:06  자력계:25.200,-48.300,33.750
17:42:06  충격값:0.20
17:42:06  충격피크:0.20
17:42:06  마지막충격발생값:0.00
17:42:06  마지막충격발생ms:0
17:42:06  송신:32807
17:42:06  지팡이수신:25971
17:42:06  GPS위성:8
17:42:06  GPS_HDOP:2.93
17:42:06  원시위도:37.496457
17:42:06  원시경도:126.954225
17:42:06  GPS채택:3412
17:42:06  GPS이상치거부:4
17:42:06  GPS품질거부:7
17:42:06  GPS재기준:1
17:42:06  계산거리:-1.00
17:42:06  접근속도:0.00
17:42:06  TTC:999.00
17:42:06  방향오차:0.0
17:42:06  전방여부:0
17:42:06  위험음성횟수:0
17:42:06  충격음성횟수:0
17:42:06  마지막위험음성:0
17:42:06  RSSI원시:-58
17:42:06  RSSI평활:-58.0
17:42:06  RSSI샘플:25971
17:42:06  RSSI경과ms:21
17:42:06  RSSI구간:4
17:42:06  RSSI거리:1.83
17:42:06  상대보정:0
17:42:06  상대보정중:0
17:42:06  보정동쪽:0.00
17:42:06  보정북쪽:0.00
17:42:06  UWB유효:1
17:42:06  UWB원시거리:5.170
17:42:06  UWB보정거리:5.187
17:42:06  UWB접근속도:-0.000
17:42:06  UWB_RSSI:nan
17:42:06  UWB경과ms:38
17:42:06  UWB샘플:16897
17:42:06  UWB실패:211
17:42:06  UWB보정:1
17:42:06  UWB보정중:0
17:42:06  UWB보정샘플:100
17:42:06  UWB보정기준:3.000
17:42:06  UWB오프셋:0.035
17:42:06  UWB위험사용:0
17:42:06  UWB전송:16882
17:42:06  위험송신:0
17:42:06  시각ms:3437052
17:42:06  IMU시각ms:3437052
17:42:06  위험:0
17:42:06  원시위험:0
17:42:06  GPS유효:1
17:42:06  위도:37.496463
17:42:06  경도:126.954216
17:42:06  속도:0.57
17:42:06  방향:318.4
17:42:06  이동방향유효:1
17:42:06  GPS이동방향:318.4
17:42:06  차체방향유효:1
17:42:06  차체방향:134.2
17:42:06  후진판정:1
17:42:06  IMU요회전속도:0.00
17:42:06  방향가속도크기:9.69
17:42:06  방향자이로크기:4.65
17:42:06  방향자세cos:0.9986
17:42:06  자기모델잔차:32.58
17:42:06  자기모델반경:0.964
17:42:06  방향채택:0
17:42:06  방향거부:368396
17:42:06  GPS원시속도:0.458
17:42:06  GPS원시방향유효:1
17:42:06  GPS원시방향:318.5
17:42:06  가속도:0.03,0.26,9.69
17:42:06  자이로:-2.4,3.3,-2.2
17:42:06  자력계:26.250,-47.250,32.550
17:42:06  충격값:0.12
17:42:06  충격피크:0.14
17:42:06  마지막충격발생값:0.00
17:42:06  마지막충격발생ms:0
17:42:06  송신:32807
17:42:06  지팡이수신:25971
17:42:06  GPS위성:8
17:42:06  GPS_HDOP:2.93
17:42:06  원시위도:37.496457
17:42:06  원시경도:126.954225
17:42:06  GPS채택:3412
17:42:06  GPS이상치거부:4
17:42:06  GPS품질거부:7
17:42:06  GPS재기준:1
17:42:06  계산거리:-1.00
17:42:06  접근속도:0.00
17:42:06  TTC:999.00
17:42:06  방향오차:0.0
17:42:06  전방여부:0
17:42:06  위험음성횟수:0
17:42:06  충격음성횟수:0
17:42:06  마지막위험음성:0
17:42:06  RSSI원시:-58
17:42:06  RSSI평활:-58.0
17:42:06  RSSI샘플:25971
17:42:06  RSSI경과ms:73
17:42:06  RSSI구간:4
17:42:06  RSSI거리:1.83
17:42:06  상대보정:0
17:42:06  상대보정중:0
17:42:06  보정동쪽:0.00
17:42:06  보정북쪽:0.00
17:42:06  UWB유효:1
17:42:06  UWB원시거리:5.170
17:42:06  UWB보정거리:5.187
17:42:06  UWB접근속도:-0.000
17:42:06  UWB_RSSI:nan
17:42:06  UWB경과ms:90
17:42:06  UWB샘플:16897
17:42:06  UWB실패:211
17:42:06  UWB보정:1
17:42:06  UWB보정중:0
17:42:06  UWB보정샘플:100
17:42:06  UWB보정기준:3.000
17:42:06  UWB오프셋:0.035
17:42:06  UWB위험사용:0
17:42:06  UWB전송:16882
17:42:06  위험송신:0
17:42:06  시각ms:3437164
17:42:06  IMU시각ms:3437162
17:42:06  위험:0
17:42:06  원시위험:0
17:42:06  GPS유효:1
17:42:06  위도:37.496463
17:42:06  경도:126.954215
17:42:06  속도:0.57
17:42:06  방향:318.4
17:42:06  이동방향유효:1
17:42:06  GPS이동방향:318.4
17:42:06  차체방향유효:1
17:42:06  차체방향:134.2
17:42:06  후진판정:1
17:42:06  IMU요회전속도:0.00
17:42:06  방향가속도크기:9.82
17:42:06  방향자이로크기:2.16
17:42:06  방향자세cos:0.9990
17:42:06  자기모델잔차:32.38
17:42:06  자기모델반경:0.988
17:42:06  방향채택:0
17:42:06  방향거부:368407
17:42:06  GPS원시속도:0.458
17:42:06  GPS원시방향유효:1
17:42:06  GPS원시방향:318.5
17:42:06  가속도:-0.05,0.30,9.81
17:42:06  자이로:2.0,-0.6,0.6
17:42:06  자력계:26.850,-47.700,32.400
17:42:06  충격값:0.15
17:42:06  충격피크:0.15
17:42:06  마지막충격발생값:0.00
17:42:06  마지막충격발생ms:0
17:42:06  송신:32808
17:42:06  지팡이수신:25972
17:42:06  GPS위성:8
17:42:06  GPS_HDOP:2.93
17:42:06  원시위도:37.496457
17:42:06  원시경도:126.954225
17:42:06  GPS채택:3412
17:42:06  GPS이상치거부:4
17:42:06  GPS품질거부:7
17:42:06  GPS재기준:1
17:42:06  계산거리:-1.00
17:42:06  접근속도:0.00
17:42:06  TTC:999.00
17:42:06  방향오차:0.0
17:42:06  전방여부:0
17:42:06  위험음성횟수:0
17:42:06  충격음성횟수:0
17:42:06  마지막위험음성:0
17:42:06  RSSI원시:-58
17:42:06  RSSI평활:-58.0
17:42:06  RSSI샘플:25972
17:42:06  RSSI경과ms:83
17:42:06  RSSI구간:4
17:42:06  RSSI거리:1.83
17:42:06  상대보정:0
17:42:06  상대보정중:0
17:42:06  보정동쪽:0.00
17:42:06  보정북쪽:0.00
17:42:06  UWB유효:1
17:42:06  UWB원시거리:5.130
17:42:06  UWB보정거리:5.186
17:42:06  UWB접근속도:0.001
17:42:06  UWB_RSSI:nan
17:42:06  UWB경과ms:1
17:42:06  UWB샘플:16898
17:42:06  UWB실패:211
17:42:06  UWB보정:1
17:42:06  UWB보정중:0
17:42:06  UWB보정샘플:100
17:42:06  UWB보정기준:3.000
17:42:06  UWB오프셋:0.035
17:42:06  UWB위험사용:0
17:42:06  UWB전송:16883
17:42:06  위험송신:0
17:42:06  시각ms:3437220
17:42:06  IMU시각ms:3437220
17:42:06  위험:0
17:42:06  원시위험:0
17:42:06  GPS유효:1
17:42:06  위도:37.496464
17:42:06  경도:126.954215
17:42:06  속도:0.57
17:42:06  방향:318.4
17:42:06  이동방향유효:1
17:42:06  GPS이동방향:318.4
17:42:06  차체방향유효:1
17:42:06  차체방향:134.2
17:42:06  후진판정:1
17:42:06  IMU요회전속도:0.00
17:42:06  방향가속도크기:9.80
17:42:06  방향자이로크기:2.71
17:42:06  방향자세cos:0.9983
17:42:06  자기모델잔차:33.95
17:42:06  자기모델반경:0.989
17:42:06  방향채택:0
17:42:06  방향거부:368412
17:42:06  GPS원시속도:0.458
17:42:06  GPS원시방향유효:1
17:42:06  GPS원시방향:318.5
17:42:06  가속도:-0.02,0.10,9.80
17:42:06  자이로:2.2,-1.5,-0.6
17:42:06  자력계:25.950,-48.300,34.050
17:42:06  충격값:0.13
17:42:06  충격피크:0.28
17:42:06  마지막충격발생값:0.00
17:42:06  마지막충격발생ms:0
17:42:06  송신:32809
17:42:06  지팡이수신:25973
17:42:06  GPS위성:8
17:42:06  GPS_HDOP:2.93
17:42:06  원시위도:37.496457
17:42:06  원시경도:126.954225
17:42:06  GPS채택:3412
17:42:06  GPS이상치거부:4
17:42:06  GPS품질거부:7
17:42:06  GPS재기준:1
17:42:06  계산거리:-1.00
17:42:06  접근속도:0.00
17:42:06  TTC:999.00
17:42:06  방향오차:0.0
17:42:06  전방여부:0
17:42:06  위험음성횟수:0
17:42:06  충격음성횟수:0
17:42:06  마지막위험음성:0
17:42:06  RSSI원시:-58
17:42:06  RSSI평활:-58.0
17:42:06  RSSI샘플:25973
17:42:06  RSSI경과ms:39
17:42:06  RSSI구간:4
17:42:06  RSSI거리:1.83
17:42:06  상대보정:0
17:42:06  상대보정중:0
17:42:06  보정동쪽:0.00
17:42:06  보정북쪽:0.00
17:42:06  UWB유효:1
17:42:06  UWB원시거리:5.130
17:42:06  UWB보정거리:5.186
17:42:06  UWB접근속도:0.001
17:42:06  UWB_RSSI:nan
17:42:06  UWB경과ms:57
17:42:06  UWB샘플:16898
17:42:06  UWB실패:211
17:42:06  UWB보정:1
17:42:06  UWB보정중:0
17:42:06  UWB보정샘플:100
17:42:06  UWB보정기준:3.000
17:42:06  UWB오프셋:0.035
17:42:06  UWB위험사용:0
17:42:06  UWB전송:16883
17:42:06  위험송신:0
17:42:06  시각ms:3437270
17:42:06  IMU시각ms:3437270
17:42:06  위험:0
17:42:06  원시위험:0
17:42:06  GPS유효:1
17:42:06  위도:37.496464
17:42:06  경도:126.954215
17:42:06  속도:0.57
17:42:06  방향:318.4
17:42:06  이동방향유효:1
17:42:06  GPS이동방향:318.4
17:42:06  차체방향유효:1
17:42:06  차체방향:134.2
17:42:06  후진판정:1
17:42:06  IMU요회전속도:0.00
17:42:06  방향가속도크기:9.75
17:42:06  방향자이로크기:3.70
17:42:06  방향자세cos:0.9989
17:42:06  자기모델잔차:34.34
17:42:06  자기모델반경:1.008
17:42:06  방향채택:0
17:42:06  방향거부:368418
17:42:06  GPS원시속도:0.458
17:42:06  GPS원시방향유효:1
17:42:06  GPS원시방향:318.5
17:42:06  가속도:-0.20,0.09,9.74
17:42:06  자이로:2.6,-2.5,0.9
17:42:06  자력계:26.250,-48.750,34.500
17:42:06  충격값:0.17
17:42:06  충격피크:0.17
17:42:06  마지막충격발생값:0.00
17:42:06  마지막충격발생ms:0
17:42:06  송신:32809
17:42:06  지팡이수신:25973
17:42:06  GPS위성:8
17:42:06  GPS_HDOP:2.93
17:42:06  원시위도:37.496457
17:42:06  원시경도:126.954225
17:42:06  GPS채택:3412
17:42:06  GPS이상치거부:4
17:42:06  GPS품질거부:7
17:42:06  GPS재기준:1
17:42:06  계산거리:-1.00
17:42:06  접근속도:0.00
17:42:06  TTC:999.00
17:42:06  방향오차:0.0
17:42:06  전방여부:0
17:42:06  위험음성횟수:0
17:42:06  충격음성횟수:0
17:42:06  마지막위험음성:0
17:42:06  RSSI원시:-58
17:42:06  RSSI평활:-58.0
17:42:06  RSSI샘플:25973
17:42:06  RSSI경과ms:89
17:42:06  RSSI구간:4
17:42:06  RSSI거리:1.83
17:42:06  상대보정:0
17:42:06  상대보정중:0
17:42:06  보정동쪽:0.00
17:42:06  보정북쪽:0.00
17:42:06  UWB유효:1
17:42:06  UWB원시거리:5.130
17:42:06  UWB보정거리:5.186
17:42:06  UWB접근속도:0.001
17:42:06  UWB_RSSI:nan
17:42:06  UWB경과ms:107
17:42:06  UWB샘플:16898
17:42:06  UWB실패:211
17:42:06  UWB보정:1
17:42:06  UWB보정중:0
17:42:06  UWB보정샘플:100
17:42:06  UWB보정기준:3.000
17:42:06  UWB오프셋:0.035
17:42:06  UWB위험사용:0
17:42:06  UWB전송:16883
17:42:06  위험송신:0
17:42:07  시각ms:3437543
17:42:07  IMU시각ms:3437543
17:42:07  위험:0
17:42:07  원시위험:0
17:42:07  GPS유효:1
17:42:07  위도:37.496464
17:42:07  경도:126.954215
17:42:07  속도:0.57
17:42:07  방향:318.4
17:42:07  이동방향유효:1
17:42:07  GPS이동방향:318.4
17:42:07  차체방향유효:1
17:42:07  차체방향:134.2
17:42:07  후진판정:1
17:42:07  IMU요회전속도:0.00
17:42:07  방향가속도크기:9.67
17:42:07  방향자이로크기:3.63
17:42:07  방향자세cos:0.9981
17:42:07  자기모델잔차:32.78
17:42:07  자기모델반경:1.054
17:42:07  방향채택:0
17:42:07  방향거부:368445
17:42:07  GPS원시속도:0.458
17:42:07  GPS원시방향유효:1
17:42:07  GPS원시방향:318.5
17:42:07  가속도:0.05,0.14,9.67
17:42:07  자이로:0.1,3.3,-1.6
17:42:07  자력계:27.750,-49.500,33.000
17:42:07  충격값:0.12
17:42:07  충격피크:0.13
17:42:07  마지막충격발생값:0.00
17:42:07  마지막충격발생ms:0
17:42:07  송신:32812
17:42:07  지팡이수신:25976
17:42:07  GPS위성:8
17:42:07  GPS_HDOP:2.93
17:42:07  원시위도:37.496457
17:42:07  원시경도:126.954225
17:42:07  GPS채택:3412
17:42:07  GPS이상치거부:4
17:42:07  GPS품질거부:7
17:42:07  GPS재기준:1
17:42:07  계산거리:-1.00
17:42:07  접근속도:0.00
17:42:07  TTC:999.00
17:42:07  방향오차:0.0
17:42:07  전방여부:0
17:42:07  위험음성횟수:0
17:42:07  충격음성횟수:0
17:42:07  마지막위험음성:0
17:42:07  RSSI원시:-57
17:42:07  RSSI평활:-57.7
17:42:07  RSSI샘플:25976
17:42:07  RSSI경과ms:48
17:42:07  RSSI구간:4
17:42:07  RSSI거리:1.77
17:42:07  상대보정:0
17:42:07  상대보정중:0
17:42:07  보정동쪽:0.00
17:42:07  보정북쪽:0.00
17:42:07  UWB유효:1
17:42:07  UWB원시거리:5.120
17:42:07  UWB보정거리:5.182
17:42:07  UWB접근속도:0.007
17:42:07  UWB_RSSI:nan
17:42:07  UWB경과ms:184
17:42:07  UWB샘플:16899
17:42:07  UWB실패:211
17:42:07  UWB보정:1
17:42:07  UWB보정중:0
17:42:07  UWB보정샘플:100
17:42:07  UWB보정기준:3.000
17:42:07  UWB오프셋:0.035
17:42:07  UWB위험사용:0
17:42:07  UWB전송:16884
17:42:07  위험송신:0
17:42:07  시각ms:3437597
17:42:07  IMU시각ms:3437597
17:42:07  위험:0
17:42:07  원시위험:0
17:42:07  GPS유효:1
17:42:07  위도:37.496464
17:42:07  경도:126.954215
17:42:07  속도:0.57
17:42:07  방향:318.4
17:42:07  이동방향유효:1
17:42:07  GPS이동방향:318.4
17:42:07  차체방향유효:1
17:42:07  차체방향:134.2
17:42:07  후진판정:1
17:42:07  IMU요회전속도:0.00
17:42:07  방향가속도크기:9.75
17:42:07  방향자이로크기:2.59
17:42:07  방향자세cos:0.9983
17:42:07  자기모델잔차:32.41
17:42:07  자기모델반경:1.003
17:42:07  방향채택:0
17:42:07  방향거부:368451
17:42:07  GPS원시속도:0.458
17:42:07  GPS원시방향유효:1
17:42:07  GPS원시방향:318.5
17:42:07  가속도:0.00,0.13,9.74
17:42:07  자이로:2.2,-0.6,-1.2
17:42:07  자력계:26.250,-48.750,32.550
17:42:07  충격값:0.07
17:42:07  충격피크:0.14
17:42:07  마지막충격발생값:0.00
17:42:07  마지막충격발생ms:0
17:42:07  송신:32812
17:42:07  지팡이수신:25976
17:42:07  GPS위성:8
17:42:07  GPS_HDOP:2.93
17:42:07  원시위도:37.496457
17:42:07  원시경도:126.954225
17:42:07  GPS채택:3412
17:42:07  GPS이상치거부:4
17:42:07  GPS품질거부:7
17:42:07  GPS재기준:1
17:42:07  계산거리:-1.00
17:42:07  접근속도:0.00
17:42:07  TTC:999.00
17:42:07  방향오차:0.0
17:42:07  전방여부:0
17:42:07  위험음성횟수:0
17:42:07  충격음성횟수:0
17:42:07  마지막위험음성:0
17:42:07  RSSI원시:-57
17:42:07  RSSI평활:-57.7
17:42:07  RSSI샘플:25976
17:42:07  RSSI경과ms:102
17:42:07  RSSI구간:4
17:42:07  RSSI거리:1.77
17:42:07  상대보정:0
17:42:07  상대보정중:0
17:42:07  보정동쪽:0.00
17:42:07  보정북쪽:0.00
17:42:07  UWB유효:1
17:42:07  UWB원시거리:5.140
17:42:07  UWB보정거리:5.180
17:42:07  UWB접근속도:0.009
17:42:07  UWB_RSSI:nan
17:42:07  UWB경과ms:40
17:42:07  UWB샘플:16900
17:42:07  UWB실패:211
17:42:07  UWB보정:1
17:42:07  UWB보정중:0
17:42:07  UWB보정샘플:100
17:42:07  UWB보정기준:3.000
17:42:07  UWB오프셋:0.035
17:42:07  UWB위험사용:0
17:42:07  UWB전송:16885
17:42:07  위험송신:0
17:42:07  시각ms:3437705
17:42:07  IMU시각ms:3437704
17:42:07  위험:0
17:42:07  원시위험:0
17:42:07  GPS유효:1
17:42:07  위도:37.496464
17:42:07  경도:126.954215
17:42:07  속도:0.57
17:42:07  방향:318.4
17:42:07  이동방향유효:1
17:42:07  GPS이동방향:318.4
17:42:07  차체방향유효:1
17:42:07  차체방향:134.2
17:42:07  후진판정:1
17:42:07  IMU요회전속도:0.00
17:42:07  방향가속도크기:9.66
17:42:07  방향자이로크기:2.48
17:42:07  방향자세cos:0.9986
17:42:07  자기모델잔차:32.55
17:42:07  자기모델반경:1.029
17:42:07  방향채택:0
17:42:07  방향거부:368462
17:42:07  GPS원시속도:0.458
17:42:07  GPS원시방향유효:1
17:42:07  GPS원시방향:318.5
17:42:07  가속도:-0.06,0.13,9.66
17:42:07  자이로:1.8,-0.3,-1.7
17:42:07  자력계:27.300,-48.900,32.700
17:42:07  충격값:0.08
17:42:07  충격피크:0.11
17:42:07  마지막충격발생값:0.00
17:42:07  마지막충격발생ms:0
17:42:07  송신:32813
17:42:07  지팡이수신:25978
17:42:07  GPS위성:8
17:42:07  GPS_HDOP:2.93
17:42:07  원시위도:37.496457
17:42:07  원시경도:126.954225
17:42:07  GPS채택:3412
17:42:07  GPS이상치거부:4
17:42:07  GPS품질거부:7
17:42:07  GPS재기준:1
17:42:07  계산거리:-1.00
17:42:07  접근속도:0.00
17:42:07  TTC:999.00
17:42:07  방향오차:0.0
17:42:07  전방여부:0
17:42:07  위험음성횟수:0
17:42:07  충격음성횟수:0
17:42:07  마지막위험음성:0
17:42:07  RSSI원시:-57
17:42:07  RSSI평활:-57.4
17:42:07  RSSI샘플:25978
17:42:07  RSSI경과ms:8
17:42:07  RSSI구간:4
17:42:07  RSSI거리:1.73
17:42:07  상대보정:0
17:42:07  상대보정중:0
17:42:07  보정동쪽:0.00
17:42:07  보정북쪽:0.00
17:42:07  UWB유효:1
17:42:07  UWB원시거리:5.140
17:42:07  UWB보정거리:5.180
17:42:07  UWB접근속도:0.009
17:42:07  UWB_RSSI:nan
17:42:07  UWB경과ms:148
17:42:07  UWB샘플:16900
17:42:07  UWB실패:211
17:42:07  UWB보정:1
17:42:07  UWB보정중:0
17:42:07  UWB보정샘플:100
17:42:07  UWB보정기준:3.000
17:42:07  UWB오프셋:0.035
17:42:07  UWB위험사용:0
17:42:07  UWB전송:16885
17:42:07  위험송신:0
17:42:07  시각ms:3437812
17:42:07  IMU시각ms:3437812
17:42:07  위험:0
17:42:07  원시위험:0
17:42:07  GPS유효:1
17:42:07  위도:37.496458
17:42:07  경도:126.954224
17:42:07  속도:0.41
17:42:07  방향:318.4
17:42:07  이동방향유효:1
17:42:07  GPS이동방향:318.4
17:42:07  차체방향유효:1
17:42:07  차체방향:134.3
17:42:07  후진판정:1
17:42:07  IMU요회전속도:0.00
17:42:07  방향가속도크기:9.73
17:42:07  방향자이로크기:1.36
17:42:07  방향자세cos:0.9987
17:42:07  자기모델잔차:34.00
17:42:07  자기모델반경:1.038
17:42:07  방향채택:0
17:42:07  방향거부:368474
17:42:07  GPS원시속도:0.237
17:42:07  GPS원시방향유효:1
17:42:07  GPS원시방향:318.5
17:42:07  가속도:-0.03,0.21,9.73
17:42:07  자이로:0.6,-1.2,0.1
17:42:07  자력계:28.650,-48.000,34.050
17:42:07  충격값:0.05
17:42:07  충격피크:0.23
17:42:07  마지막충격발생값:0.00
17:42:07  마지막충격발생ms:0
17:42:07  송신:32814
17:42:07  지팡이수신:25978
17:42:07  GPS위성:7
17:42:07  GPS_HDOP:2.93
17:42:07  원시위도:37.496439
17:42:07  원시경도:126.954245
17:42:07  GPS채택:3413
17:42:07  GPS이상치거부:4
17:42:07  GPS품질거부:7
17:42:07  GPS재기준:1
17:42:07  계산거리:-1.00
17:42:07  접근속도:0.00
17:42:07  TTC:999.00
17:42:07  방향오차:0.0
17:42:07  전방여부:0
17:42:07  위험음성횟수:0
17:42:07  충격음성횟수:0
17:42:07  마지막위험음성:0
17:42:07  RSSI원시:-57
17:42:07  RSSI평활:-57.4
17:42:07  RSSI샘플:25978
17:42:07  RSSI경과ms:115
17:42:07  RSSI구간:4
17:42:07  RSSI거리:1.73
17:42:07  상대보정:0
17:42:07  상대보정중:0
17:42:07  보정동쪽:0.00
17:42:07  보정북쪽:0.00
17:42:07  UWB유효:1
17:42:07  UWB원시거리:5.160
17:42:07  UWB보정거리:5.178
17:42:07  UWB접근속도:0.009
17:42:07  UWB_RSSI:nan
17:42:07  UWB경과ms:51
17:42:07  UWB샘플:16901
17:42:07  UWB실패:211
17:42:07  UWB보정:1
17:42:07  UWB보정중:0
17:42:07  UWB보정샘플:100
17:42:07  UWB보정기준:3.000
17:42:07  UWB오프셋:0.035
17:42:07  UWB위험사용:0
17:42:07  UWB전송:16886
17:42:07  위험송신:0
17:42:07  시각ms:3437862
17:42:07  IMU시각ms:3437862
17:42:07  위험:0
17:42:07  원시위험:0
17:42:07  GPS유효:1
17:42:07  위도:37.496458
17:42:07  경도:126.954224
17:42:07  속도:0.41
17:42:07  방향:318.4
17:42:07  이동방향유효:1
17:42:07  GPS이동방향:318.4
17:42:07  차체방향유효:1
17:42:07  차체방향:134.3
17:42:07  후진판정:1
17:42:07  IMU요회전속도:0.00
17:42:07  방향가속도크기:9.67
17:42:07  방향자이로크기:1.04
17:42:07  방향자세cos:0.9988
17:42:07  자기모델잔차:32.25
17:42:07  자기모델반경:1.018
17:42:07  방향채택:0
17:42:07  방향거부:368478
17:42:07  GPS원시속도:0.237
17:42:07  GPS원시방향유효:1
17:42:07  GPS원시방향:318.5
17:42:07  가속도:-0.05,0.20,9.67
17:42:07  자이로:0.3,-0.1,-1.0
17:42:07  자력계:26.850,-48.900,32.400
17:42:07  충격값:0.05
17:42:07  충격피크:0.07
17:42:07  마지막충격발생값:0.00
17:42:07  마지막충격발생ms:0
17:42:07  송신:32815
17:42:07  지팡이수신:25979
17:42:07  GPS위성:7
17:42:07  GPS_HDOP:2.93
17:42:07  원시위도:37.496439
17:42:07  원시경도:126.954245
17:42:07  GPS채택:3413
17:42:07  GPS이상치거부:4
17:42:07  GPS품질거부:7
17:42:07  GPS재기준:1
17:42:07  계산거리:-1.00
17:42:07  접근속도:0.00
17:42:07  TTC:999.00
17:42:07  방향오차:0.0
17:42:07  전방여부:0
17:42:07  위험음성횟수:0
17:42:07  충격음성횟수:0
17:42:07  마지막위험음성:0
17:42:07  RSSI원시:-58
17:42:07  RSSI평활:-57.6
17:42:07  RSSI샘플:25979
17:42:07  RSSI경과ms:46
17:42:07  RSSI구간:4
17:42:07  RSSI거리:1.75
17:42:07  상대보정:0
17:42:07  상대보정중:0
17:42:07  보정동쪽:0.00
17:42:07  보정북쪽:0.00
17:42:07  UWB유효:1
17:42:07  UWB원시거리:5.160
17:42:07  UWB보정거리:5.178
17:42:07  UWB접근속도:0.009
17:42:07  UWB_RSSI:nan
17:42:07  UWB경과ms:101
17:42:07  UWB샘플:16901
17:42:07  UWB실패:211
17:42:07  UWB보정:1
17:42:07  UWB보정중:0
17:42:07  UWB보정샘플:100
17:42:07  UWB보정기준:3.000
17:42:07  UWB오프셋:0.035
17:42:07  UWB위험사용:0
17:42:07  UWB전송:16886
17:42:07  위험송신:0
17:42:07  시각ms:3438018
17:42:07  IMU시각ms:3438018
17:42:07  위험:0
17:42:07  원시위험:0
17:42:07  GPS유효:1
17:42:07  위도:37.496458
17:42:07  경도:126.954224
17:42:07  속도:0.41
17:42:07  방향:318.4
17:42:07  이동방향유효:1
17:42:07  GPS이동방향:318.4
17:42:07  차체방향유효:1
17:42:07  차체방향:134.3
17:42:07  후진판정:1
17:42:07  IMU요회전속도:0.00
17:42:07  방향가속도크기:9.70
17:42:07  방향자이로크기:2.64
17:42:07  방향자세cos:0.9988
17:42:07  자기모델잔차:32.29
17:42:07  자기모델반경:0.972
17:42:07  방향채택:0
17:42:07  방향거부:368494
17:42:07  GPS원시속도:0.237
17:42:07  GPS원시방향유효:1
17:42:07  GPS원시방향:318.5
17:42:07  가속도:-0.07,0.18,9.70
17:42:07  자이로:2.6,0.6,-0.3
17:42:07  자력계:26.700,-47.250,32.250
17:42:07  충격값:0.02
17:42:07  충격피크:0.14
17:42:07  마지막충격발생값:0.00
17:42:07  마지막충격발생ms:0
17:42:07  송신:32816
17:42:07  지팡이수신:25980
17:42:07  GPS위성:7
17:42:07  GPS_HDOP:2.93
17:42:07  원시위도:37.496439
17:42:07  원시경도:126.954245
17:42:07  GPS채택:3413
17:42:07  GPS이상치거부:4
17:42:07  GPS품질거부:7
17:42:07  GPS재기준:1
17:42:07  계산거리:-1.00
17:42:07  접근속도:0.00
17:42:07  TTC:999.00
17:42:07  방향오차:0.0
17:42:07  전방여부:0
17:42:07  위험음성횟수:0
17:42:07  충격음성횟수:0
17:42:07  마지막위험음성:0
17:42:07  RSSI원시:-58
17:42:07  RSSI평활:-57.6
17:42:07  RSSI샘플:25980
17:42:07  RSSI경과ms:101
17:42:07  RSSI구간:4
17:42:07  RSSI거리:1.76
17:42:07  상대보정:0
17:42:07  상대보정중:0
17:42:07  보정동쪽:0.00
17:42:07  보정북쪽:0.00
17:42:07  UWB유효:1
17:42:07  UWB원시거리:5.130
17:42:07  UWB보정거리:5.174
17:42:07  UWB접근속도:0.013
17:42:07  UWB_RSSI:nan
17:42:07  UWB경과ms:60
17:42:07  UWB샘플:16902
17:42:07  UWB실패:211
17:42:07  UWB보정:1
17:42:07  UWB보정중:0
17:42:07  UWB보정샘플:100
17:42:07  UWB보정기준:3.000
17:42:07  UWB오프셋:0.035
17:42:07  UWB위험사용:0
17:42:07  UWB전송:16887
17:42:07  위험송신:0
17:42:07  시각ms:3438071
17:42:07  IMU시각ms:3438071
17:42:07  위험:0
17:42:07  원시위험:0
17:42:07  GPS유효:1
17:42:07  위도:37.496458
17:42:07  경도:126.954224
17:42:07  속도:0.41
17:42:07  방향:318.4
17:42:07  이동방향유효:1
17:42:07  GPS이동방향:318.4
17:42:07  차체방향유효:1
17:42:07  차체방향:134.3
17:42:07  후진판정:1
17:42:07  IMU요회전속도:0.00
17:42:07  방향가속도크기:9.71
17:42:07  방향자이로크기:1.35
17:42:07  방향자세cos:0.9992
17:42:07  자기모델잔차:32.91
17:42:07  자기모델반경:1.017
17:42:07  방향채택:0
17:42:07  방향거부:368500
17:42:07  GPS원시속도:0.237
17:42:07  GPS원시방향유효:1
17:42:07  GPS원시방향:318.5
17:42:07  가속도:-0.21,0.19,9.70
17:42:07  자이로:-0.0,1.2,0.6
17:42:07  자력계:27.450,-48.300,33.000
17:42:07  충격값:0.15
17:42:07  충격피크:0.15
17:42:07  마지막충격발생값:0.00
17:42:07  마지막충격발생ms:0
17:42:07  송신:32817
17:42:07  지팡이수신:25981
17:42:07  GPS위성:7
17:42:07  GPS_HDOP:2.93
17:42:07  원시위도:37.496439
17:42:07  원시경도:126.954245
17:42:07  GPS채택:3413
17:42:07  GPS이상치거부:4
17:42:07  GPS품질거부:7
17:42:07  GPS재기준:1
17:42:07  계산거리:-1.00
17:42:07  접근속도:0.00
17:42:07  TTC:999.00
17:42:07  방향오차:0.0
17:42:07  전방여부:0
17:42:07  위험음성횟수:0
17:42:07  충격음성횟수:0
17:42:07  마지막위험음성:0
17:42:07  RSSI원시:-57
17:42:07  RSSI평활:-57.5
17:42:07  RSSI샘플:25981
17:42:07  RSSI경과ms:37
17:42:07  RSSI구간:4
17:42:07  RSSI거리:1.74
17:42:07  상대보정:0
17:42:07  상대보정중:0
17:42:07  보정동쪽:0.00
17:42:07  보정북쪽:0.00
17:42:07  UWB유효:1
17:42:07  UWB원시거리:5.130
17:42:07  UWB보정거리:5.174
17:42:07  UWB접근속도:0.013
17:42:07  UWB_RSSI:nan
17:42:07  UWB경과ms:113
17:42:07  UWB샘플:16902
17:42:07  UWB실패:211
17:42:07  UWB보정:1
17:42:07  UWB보정중:0
17:42:07  UWB보정샘플:100
17:42:07  UWB보정기준:3.000
17:42:07  UWB오프셋:0.035
17:42:07  UWB위험사용:0
17:42:07  UWB전송:16887
17:42:07  위험송신:0
17:42:07  시각ms:3438122
17:42:07  IMU시각ms:3438121
17:42:07  위험:0
17:42:07  원시위험:0
17:42:07  GPS유효:1
17:42:07  위도:37.496458
17:42:07  경도:126.954224
17:42:07  속도:0.41
17:42:07  방향:318.4
17:42:07  이동방향유효:1
17:42:07  GPS이동방향:318.4
17:42:07  차체방향유효:1
17:42:07  차체방향:134.3
17:42:07  후진판정:1
17:42:07  IMU요회전속도:1.88
17:42:07  방향가속도크기:9.66
17:42:07  방향자이로크기:5.57
17:42:07  방향자세cos:0.9977
17:42:07  자기모델잔차:32.27
17:42:07  자기모델반경:0.986
17:42:07  방향채택:0
17:42:07  방향거부:368506
17:42:07  GPS원시속도:0.237
17:42:07  GPS원시방향유효:1
17:42:07  GPS원시방향:318.5
17:42:07  가속도:0.04,0.04,9.66
17:42:07  자이로:0.8,1.1,-5.4
17:42:07  자력계:25.650,-48.600,32.400
17:42:07  충격값:0.17
17:42:07  충격피크:0.19
17:42:07  마지막충격발생값:0.00
17:42:07  마지막충격발생ms:0
17:42:07  송신:32817
17:42:07  지팡이수신:25981
17:42:07  GPS위성:7
17:42:07  GPS_HDOP:2.93
17:42:07  원시위도:37.496439
17:42:07  원시경도:126.954245
17:42:07  GPS채택:3413
17:42:07  GPS이상치거부:4
17:42:07  GPS품질거부:7
17:42:07  GPS재기준:1
17:42:07  계산거리:-1.00
17:42:07  접근속도:0.00
17:42:07  TTC:999.00
17:42:07  방향오차:0.0
17:42:07  전방여부:0
17:42:07  위험음성횟수:0
17:42:07  충격음성횟수:0
17:42:07  마지막위험음성:0
17:42:07  RSSI원시:-57
17:42:07  RSSI평활:-57.5
17:42:07  RSSI샘플:25981
17:42:07  RSSI경과ms:88
17:42:07  RSSI구간:4
17:42:07  RSSI거리:1.74
17:42:07  상대보정:0
17:42:07  상대보정중:0
17:42:07  보정동쪽:0.00
17:42:07  보정북쪽:0.00
17:42:07  UWB유효:1
17:42:07  UWB원시거리:5.130
17:42:07  UWB보정거리:5.174
17:42:07  UWB접근속도:0.013
17:42:07  UWB_RSSI:nan
17:42:07  UWB경과ms:164
17:42:07  UWB샘플:16902
17:42:07  UWB실패:211
17:42:07  UWB보정:1
17:42:07  UWB보정중:0
17:42:07  UWB보정샘플:100
17:42:07  UWB보정기준:3.000
17:42:07  UWB오프셋:0.035
17:42:07  UWB위험사용:0
17:42:07  UWB전송:16887
17:42:07  위험송신:0
17:42:07  시각ms:3438340
17:42:07  IMU시각ms:3438340
17:42:07  위험:0
17:42:07  원시위험:0
17:42:07  GPS유효:1
17:42:07  위도:37.496458
17:42:07  경도:126.954223
17:42:07  속도:0.41
17:42:07  방향:318.4
17:42:07  이동방향유효:1
17:42:07  GPS이동방향:318.4
17:42:07  차체방향유효:1
17:42:07  차체방향:134.3
17:42:07  후진판정:1
17:42:07  IMU요회전속도:0.00
17:42:07  방향가속도크기:9.66
17:42:07  방향자이로크기:3.58
17:42:07  방향자세cos:0.9985
17:42:07  자기모델잔차:33.29
17:42:07  자기모델반경:0.958
17:42:07  방향채택:0
17:42:07  방향거부:368528
17:42:07  GPS원시속도:0.237
17:42:07  GPS원시방향유효:1
17:42:07  GPS원시방향:318.5
17:42:07  가속도:-0.16,0.02,9.66
17:42:07  자이로:1.0,0.8,-3.3
17:42:07  자력계:25.500,-47.550,33.300
17:42:07  충격값:0.17
17:42:07  충격피크:0.17
17:42:07  마지막충격발생값:0.00
17:42:07  마지막충격발생ms:0
17:42:07  송신:32819
17:42:07  지팡이수신:25983
17:42:07  GPS위성:7
17:42:07  GPS_HDOP:2.93
17:42:07  원시위도:37.496439
17:42:07  원시경도:126.954245
17:42:07  GPS채택:3413
17:42:07  GPS이상치거부:4
17:42:07  GPS품질거부:7
17:42:07  GPS재기준:1
17:42:07  계산거리:-1.00
17:42:07  접근속도:0.00
17:42:07  TTC:999.00
17:42:07  방향오차:0.0
17:42:07  전방여부:0
17:42:07  위험음성횟수:0
17:42:07  충격음성횟수:0
17:42:07  마지막위험음성:0
17:42:07  RSSI원시:-57
17:42:07  RSSI평활:-57.5
17:42:07  RSSI샘플:25983
17:42:07  RSSI경과ms:103
17:42:07  RSSI구간:4
17:42:07  RSSI거리:1.73
17:42:07  상대보정:0
17:42:07  상대보정중:0
17:42:07  보정동쪽:0.00
17:42:07  보정북쪽:0.00
17:42:07  UWB유효:1
17:42:07  UWB원시거리:5.130
17:42:07  UWB보정거리:5.171
17:42:07  UWB접근속도:0.013
17:42:07  UWB_RSSI:nan
17:42:07  UWB경과ms:179
17:42:07  UWB샘플:16903
17:42:07  UWB실패:211
17:42:07  UWB보정:1
17:42:07  UWB보정중:0
17:42:07  UWB보정샘플:100
17:42:07  UWB보정기준:3.000
17:42:07  UWB오프셋:0.035
17:42:07  UWB위험사용:0
17:42:07  UWB전송:16888
17:42:07  위험송신:0
17:42:07  시각ms:3438390
17:42:07  IMU시각ms:3438390
17:42:07  위험:0
17:42:07  원시위험:0
17:42:07  GPS유효:1
17:42:07  위도:37.496458
17:42:07  경도:126.954223
17:42:07  속도:0.41
17:42:07  방향:318.4
17:42:07  이동방향유효:1
17:42:07  GPS이동방향:318.4
17:42:07  차체방향유효:1
17:42:07  차체방향:134.3
17:42:07  후진판정:1
17:42:07  IMU요회전속도:0.00
17:42:07  방향가속도크기:9.80
17:42:07  방향자이로크기:2.99
17:42:07  방향자세cos:0.9988
17:42:07  자기모델잔차:32.63
17:42:07  자기모델반경:1.009
17:42:07  방향채택:0
17:42:07  방향거부:368532
17:42:07  GPS원시속도:0.237
17:42:07  GPS원시방향유효:1
17:42:07  GPS원시방향:318.5
17:42:07  가속도:-0.02,0.24,9.80
17:42:07  자이로:2.9,-0.8,0.0
17:42:07  자력계:27.300,-48.150,32.700
17:42:07  충격값:0.12
17:42:07  충격피크:0.12
17:42:07  마지막충격발생값:0.00
17:42:07  마지막충격발생ms:0
17:42:07  송신:32820
17:42:07  지팡이수신:25984
17:42:07  GPS위성:7
17:42:07  GPS_HDOP:2.93
17:42:07  원시위도:37.496439
17:42:07  원시경도:126.954245
17:42:07  GPS채택:3413
17:42:07  GPS이상치거부:4
17:42:07  GPS품질거부:7
17:42:07  GPS재기준:1
17:42:07  계산거리:-1.00
17:42:07  접근속도:0.00
17:42:07  TTC:999.00
17:42:07  방향오차:0.0
17:42:07  전방여부:0
17:42:07  위험음성횟수:0
17:42:07  충격음성횟수:0
17:42:07  마지막위험음성:0
17:42:07  RSSI원시:-58
17:42:07  RSSI평활:-57.6
17:42:07  RSSI샘플:25984
17:42:07  RSSI경과ms:48
17:42:07  RSSI구간:4
17:42:07  RSSI거리:1.75
17:42:07  상대보정:0
17:42:07  상대보정중:0
17:42:07  보정동쪽:0.00
17:42:07  보정북쪽:0.00
17:42:07  UWB유효:1
17:42:07  UWB원시거리:5.160
17:42:07  UWB보정거리:5.172
17:42:07  UWB접근속도:0.007
17:42:07  UWB_RSSI:nan
17:42:07  UWB경과ms:17
17:42:07  UWB샘플:16904
17:42:07  UWB실패:211
17:42:07  UWB보정:1
17:42:07  UWB보정중:0
17:42:07  UWB보정샘플:100
17:42:07  UWB보정기준:3.000
17:42:07  UWB오프셋:0.035
17:42:07  UWB위험사용:0
17:42:07  UWB전송:16889
17:42:07  위험송신:0
