시각,경과초,시각ms,IMU시각ms,위험,GPS유효,위도,경도,속도,방향,GPS원시속도,GPS원시방향유효,GPS원시방향,가속도,자이로,자력계,송신,GPS위성,GPS_HDOP,원시위도,원시경도,GPS채택,GPS이상치거부,GPS품질거부,GPS재기준,RSSI원시,RSSI평활,RSSI샘플,RSSI경과ms,차량수신
17:33:33,0.082,1887370,1887370,0,1,37.496658,126.957855,0.014,188.0,0.015,1,187.0,"4.089,-6.086,6.718","0.115,-1.550,0.511","-12.150,13.950,0.150",18448,7,1.40,37.496658,126.957854,2686,8,191,1,-82,-82.7,34513,23,16890
17:33:33,0.090,1887456,1887456,0,1,37.496658,126.957855,0.014,188.0,0.015,1,187.0,"4.080,-5.947,6.680","-0.481,-3.855,1.107","-12.300,12.300,0.000",18449,7,1.40,37.496658,126.957854,2686,8,191,1,-86,-83.3,34514,11,16891
17:33:33,0.301,1887522,1887522,0,1,37.496658,126.957855,0.014,188.0,0.015,1,187.0,"4.147,-5.981,6.680","0.328,-1.305,-0.168","-13.650,13.200,0.900",18449,7,1.40,37.496658,126.957854,2686,8,191,1,-85,-83.7,34515,65,16891
17:33:33,0.336,1887657,1887657,0,1,37.496658,126.957855,0.012,188.0,0.010,1,187.0,"4.041,-6.067,6.728","-0.893,-0.611,0.779","-13.650,12.000,0.900",18451,7,1.40,37.496659,126.957855,2688,8,191,1,-82,-83.5,34518,12,16892
17:33:33,0.336,1887679,1887679,0,1,37.496658,126.957855,0.012,188.0,0.010,1,187.0,"4.041,-6.005,6.732","-3.046,-1.885,-1.252","-13.050,13.350,0.300",18451,7,1.40,37.496659,126.957855,2688,8,191,1,-82,-83.2,34519,17,16893
17:33:33,0.401,1887701,1887701,0,1,37.496658,126.957855,0.012,188.0,0.010,1,187.0,"4.013,-5.976,6.661","-4.046,-0.481,-0.214","-14.700,13.200,1.200",18451,7,1.40,37.496659,126.957855,2688,8,191,1,-82,-83.2,34519,39,16893
17:33:33,0.408,1887858,1887858,0,1,37.496658,126.957855,0.012,188.0,0.010,1,187.0,"4.132,-5.995,6.670","-2.366,-1.008,-1.450","-14.400,13.950,0.150",18453,7,1.40,37.496659,126.957855,2688,8,191,1,-80,-81.9,34522,11,16894
17:33:33,0.409,1887879,1887879,0,1,37.496658,126.957855,0.012,188.0,0.010,1,187.0,"4.013,-6.067,6.747","-1.038,-0.695,0.107","-15.150,12.450,0.150",18453,7,1.40,37.496659,126.957855,2688,8,191,1,-80,-81.5,34523,13,16895
17:33:33,0.409,1887901,1887901,0,1,37.496658,126.957855,0.012,188.0,0.010,1,187.0,"3.984,-5.986,6.622","-3.214,-0.031,1.573","-12.750,13.350,-0.300",18453,7,1.40,37.496659,126.957855,2688,8,191,1,-80,-81.5,34523,35,16895
17:33:33,0.476,1887923,1887923,0,1,37.496658,126.957855,0.012,188.0,0.010,1,187.0,"4.046,-6.009,6.694","-1.466,-3.664,3.137","-13.200,11.250,1.950",18453,7,1.40,37.496659,126.957855,2688,8,191,1,-80,-81.5,34523,57,16895
17:33:33,0.485,1887958,1887958,0,1,37.496658,126.957855,0.012,188.0,0.010,1,187.0,"4.185,-6.167,6.737","-1.008,-0.092,-1.145","-13.500,13.050,1.050",18454,7,1.40,37.496659,126.957855,2688,8,191,1,-80,-81.5,34523,92,16895
17:33:33,0.485,1887979,1887979,0,1,37.496658,126.957855,0.012,188.0,0.010,1,187.0,"4.037,-6.048,6.776","-0.450,0.458,-1.145","-14.250,13.050,1.800",18454,7,1.40,37.496659,126.957855,2688,8,191,1,-82,-81.6,34524,13,16896
17:33:33,0.546,1888001,1888001,0,1,37.496658,126.957855,0.012,188.0,0.010,1,187.0,"4.046,-6.062,6.685","-0.748,-0.450,-0.275","-12.750,12.600,0.600",18454,7,1.40,37.496659,126.957855,2688,8,191,1,-82,-81.6,34524,35,16896
17:33:33,0.553,1888023,1888023,0,1,37.496658,126.957855,0.012,188.0,0.010,1,187.0,"4.137,-6.086,6.665","-1.504,0.351,-2.779","-15.300,11.850,1.050",18454,7,1.40,37.496659,126.957855,2688,8,191,1,-82,-81.6,34524,57,16896
17:33:33,0.627,1888056,1888056,0,1,37.496658,126.957855,0.012,188.0,0.010,1,187.0,"4.061,-6.014,6.780","-0.031,-1.260,-1.359","-12.300,11.850,1.800",18455,7,1.40,37.496659,126.957855,2688,8,191,1,-82,-81.7,34525,4,16896
17:33:33,0.636,1888078,1888078,0,1,37.496658,126.957855,0.012,188.0,0.010,1,187.0,"4.094,-6.057,6.656","-0.863,-3.832,1.626","-13.500,13.050,-0.300",18455,7,1.40,37.496659,126.957855,2688,8,191,1,-80,-81.4,34526,3,16897
17:33:33,0.697,1888122,1888122,0,1,37.496658,126.957855,0.012,188.0,0.010,1,187.0,"4.003,-6.043,6.675","-0.588,-1.466,-0.710","-13.650,12.000,-0.900",18455,7,1.40,37.496659,126.957855,2688,8,191,1,-80,-81.4,34526,47,16897
17:33:33,0.705,1888156,1888144,0,1,37.496658,126.957855,0.012,188.0,0.010,1,187.0,"4.156,-5.923,6.737","-1.122,-3.115,0.405","-12.450,12.750,0.900",18456,7,1.40,37.496659,126.957855,2688,8,191,1,-82,-81.5,34527,2,16897
17:33:33,0.705,1888164,1888164,0,1,37.496658,126.957855,0.012,188.0,0.010,1,187.0,"4.075,-6.115,6.800","-2.427,1.405,-0.931","-14.250,13.350,0.600",18456,7,1.40,37.496659,126.957855,2688,8,191,1,-82,-81.5,34527,10,16897
17:33:33,0.705,1888186,1888186,0,1,37.496658,126.957855,0.012,188.0,0.010,1,187.0,"4.065,-5.933,6.709","-1.015,-0.969,0.840","-13.050,11.400,0.300",18456,7,1.40,37.496659,126.957855,2688,8,191,1,-81,-81.4,34528,8,16898
17:33:33,0.776,1888208,1888208,0,1,37.496658,126.957855,0.012,188.0,0.010,1,187.0,"4.056,-6.191,6.704","-0.710,-3.061,0.893","-14.700,12.450,1.950",18456,7,1.40,37.496659,126.957855,2688,8,191,1,-81,-81.4,34528,30,16898
17:33:33,0.785,1888230,1888230,0,1,37.496658,126.957855,0.012,188.0,0.010,1,187.0,"4.123,-5.990,6.718","0.275,-1.198,0.359","-12.450,12.750,-0.150",18456,7,1.40,37.496659,126.957855,2688,8,191,1,-81,-81.4,34528,52,16898
17:33:33,0.785,1888263,1888263,0,1,37.496658,126.957855,0.012,188.0,0.010,1,187.0,"4.051,-6.100,6.670","-0.656,1.542,-0.779","-14.400,13.200,-0.900",18457,7,1.40,37.496659,126.957855,2688,8,191,1,-80,-81.1,34529,5,16898
17:33:33,0.846,1888285,1888285,0,1,37.496658,126.957855,0.012,188.0,0.010,1,187.0,"4.118,-6.081,6.732","-0.427,-4.237,-0.221","-13.050,12.600,-1.350",18457,7,1.40,37.496659,126.957855,2688,8,191,1,-81,-81.1,34530,2,16899
17:33:33,0.854,1888307,1888307,0,1,37.496658,126.957855,0.012,188.0,0.010,1,187.0,"4.046,-6.014,6.661","-2.214,-0.595,1.580","-13.950,12.450,1.200",18457,7,1.40,37.496659,126.957855,2688,8,191,1,-81,-81.1,34530,24,16899
17:33:33,0.974,1888329,1888329,0,1,37.496658,126.957855,0.012,188.0,0.010,1,187.0,"4.061,-6.053,6.699","-1.824,1.794,-0.527","-12.150,12.000,0.450",18457,7,1.40,37.496659,126.957855,2688,8,191,1,-81,-81.1,34530,46,16899
17:33:34,0.989,1888363,1888351,0,1,37.496658,126.957855,0.012,188.0,0.010,1,187.0,"4.108,-6.062,6.795","-3.107,-0.374,0.092","-13.800,12.300,0.600",18458,7,1.40,37.496659,126.957855,2688,8,191,1,-81,-81.1,34531,1,16899
17:33:34,0.989,1888371,1888371,0,1,37.496658,126.957855,0.012,188.0,0.010,1,187.0,"4.008,-6.124,6.699","-0.763,-1.817,3.282","-14.700,14.400,-0.450",18458,7,1.40,37.496659,126.957855,2688,8,191,1,-81,-81.1,34531,9,16899
17:33:34,0.989,1888393,1888393,0,1,37.496658,126.957855,0.012,188.0,0.010,1,187.0,"3.984,-6.201,6.718","0.168,0.565,-1.260","-11.550,12.600,1.350",18458,7,1.40,37.496659,126.957855,2688,8,191,1,-81,-81.1,34531,31,16899
17:33:34,0.989,1888415,1888415,0,1,37.496658,126.957855,0.012,188.0,0.010,1,187.0,"4.108,-6.062,6.819","3.916,-5.198,2.565","-13.500,13.350,1.350",18458,7,1.40,37.496659,126.957855,2688,8,191,1,-82,-81.3,34532,21,16900
17:33:34,1.060,1888437,1888437,0,1,37.496658,126.957855,0.012,188.0,0.010,1,187.0,"4.085,-6.120,6.642","0.221,-0.573,-1.122","-12.750,13.800,0.300",18458,7,1.40,37.496659,126.957855,2688,8,191,1,-82,-81.3,34532,43,16900
17:33:34,1.069,1888470,1888470,0,1,37.496658,126.957855,0.012,188.0,0.010,1,187.0,"4.185,-6.124,6.828","-0.702,-1.901,1.794","-13.200,12.750,1.200",18459,7,1.40,37.496659,126.957855,2688,8,191,1,-80,-81.0,34533,11,16900
17:33:34,1.069,1888492,1888492,0,1,37.496658,126.957855,0.012,188.0,0.010,1,187.0,"4.113,-6.187,6.756","-2.229,-0.107,0.183","-12.900,12.000,0.900",18459,7,1.40,37.496659,126.957855,2688,8,191,1,-80,-81.0,34533,33,16900
17:33:34,1.130,1888514,1888514,0,1,37.496658,126.957855,0.012,188.0,0.010,1,187.0,"4.037,-6.100,6.752","-0.458,0.321,0.305","-14.550,13.350,-0.300",18459,7,1.40,37.496659,126.957855,2688,8,191,1,-81,-81.0,34534,18,16901
17:33:34,1.210,1888536,1888536,0,1,37.496658,126.957855,0.019,188.0,0.031,1,187.0,"3.994,-6.053,6.670","-3.000,-1.191,-0.611","-10.950,12.450,-1.500",18459,7,1.40,37.496660,126.957854,2689,8,191,1,-81,-81.0,34534,40,16901
17:33:34,1.219,1888570,1888558,0,1,37.496658,126.957855,0.019,188.0,0.031,1,187.0,"3.888,-6.048,6.675","-1.374,-1.267,3.573","-13.500,12.300,0.000",18460,7,1.40,37.496660,126.957854,2689,8,191,1,-82,-81.2,34535,5,16901
17:33:34,1.280,1888601,1888601,0,1,37.496658,126.957855,0.019,188.0,0.031,1,187.0,"4.104,-5.995,6.685","-0.336,-2.076,0.290","-13.650,11.700,1.200",18460,7,1.40,37.496660,126.957854,2689,8,191,1,-81,-81.2,34536,0,16902
17:33:34,1.288,1888680,1888680,0,1,37.496658,126.957855,0.023,188.0,0.031,1,187.0,"4.017,-5.971,6.800","-1.573,-5.008,-0.229","-13.950,13.200,0.900",18461,7,1.40,37.496660,126.957854,2690,8,191,1,-79,-80.7,34537,7,16902
17:33:34,1.360,1888702,1888702,0,1,37.496658,126.957855,0.023,188.0,0.031,1,187.0,"3.994,-6.158,6.790","-0.321,-3.664,0.435","-12.750,13.800,0.600",18461,7,1.40,37.496660,126.957854,2690,8,191,1,-79,-80.7,34537,29,16902
17:33:34,1.369,1888781,1888781,0,1,37.496658,126.957855,0.023,188.0,0.031,1,187.0,"4.022,-6.249,6.795","1.519,-3.374,2.336","-13.650,13.950,-0.150",18462,7,1.40,37.496660,126.957854,2690,8,191,1,-81,-80.8,34539,10,16903
17:33:34,1.430,1888803,1888803,0,1,37.496658,126.957855,0.023,188.0,0.031,1,187.0,"4.046,-6.081,6.622","-1.473,-0.260,1.565","-13.650,13.500,-0.450",18462,7,1.40,37.496660,126.957854,2690,8,191,1,-81,-80.8,34539,32,16903
17:33:34,1.438,1888825,1888825,0,1,37.496658,126.957855,0.023,188.0,0.031,1,187.0,"4.257,-6.067,6.646","-2.740,0.687,-1.412","-13.950,12.000,0.450",18462,7,1.40,37.496660,126.957854,2690,8,191,1,-81,-80.8,34539,54,16903
17:33:34,1.499,1888847,1888847,0,1,37.496658,126.957855,0.023,188.0,0.031,1,187.0,"4.041,-6.182,6.603","-1.084,-2.603,-0.656","-14.250,14.550,0.600",18462,7,1.40,37.496660,126.957854,2690,8,191,1,-81,-80.8,34539,76,16903
17:33:34,1.507,1888882,1888882,0,1,37.496658,126.957855,0.023,188.0,0.031,1,187.0,"4.032,-6.134,6.689","0.099,-2.000,0.206","-14.250,13.350,-0.600",18463,7,1.40,37.496660,126.957854,2690,8,191,1,-82,-81.1,34540,15,16903
17:33:34,1.581,1889005,1889005,0,1,37.496658,126.957855,0.023,188.0,0.031,1,187.0,"4.061,-6.124,6.661","-2.137,3.260,-1.695","-13.050,11.850,0.600",18464,7,1.40,37.496660,126.957854,2690,8,191,1,-83,-81.4,34542,31,16904
17:33:34,1.591,1889027,1889027,0,1,37.496658,126.957855,0.023,188.0,0.031,1,187.0,"4.056,-6.009,6.675","-0.237,-4.214,-0.725","-13.200,11.250,1.500",18464,7,1.40,37.496660,126.957854,2690,8,191,1,-82,-81.6,34543,4,16905
17:33:34,1.591,1889049,1889049,0,1,37.496658,126.957855,0.023,188.0,0.031,1,187.0,"4.147,-6.067,6.823","-1.229,0.122,-1.237","-12.000,13.050,0.300",18464,7,1.40,37.496660,126.957854,2690,8,191,1,-82,-81.6,34543,26,16905
17:33:34,1.591,1889082,1889082,0,1,37.496658,126.957855,0.023,188.0,0.031,1,187.0,"4.037,-5.938,6.699","-2.901,-2.038,1.038","-13.200,13.200,1.200",18465,7,1.40,37.496660,126.957854,2690,8,191,1,-83,-81.8,34544,12,16905
17:33:34,1.659,1889104,1889104,0,1,37.496658,126.957855,0.023,188.0,0.031,1,187.0,"4.041,-6.062,6.728","-0.366,-0.122,-1.313","-14.250,14.100,0.600",18465,7,1.40,37.496660,126.957854,2690,8,191,1,-83,-81.8,34544,34,16905
17:33:34,1.668,1889126,1889126,0,1,37.496658,126.957855,0.023,188.0,0.031,1,187.0,"4.152,-6.139,6.651","0.908,-1.336,2.374","-13.200,13.500,0.150",18465,7,1.40,37.496660,126.957854,2690,8,191,1,-84,-82.3,34545,4,16906
17:33:34,1.729,1889182,1889170,0,1,37.496658,126.957855,0.023,188.0,0.031,1,187.0,"3.955,-6.024,6.728","-3.000,1.298,0.947","-14.550,12.600,0.600",18466,7,1.40,37.496660,126.957854,2690,8,191,1,-83,-82.4,34546,2,16906
17:33:34,1.737,1889190,1889190,0,1,37.496658,126.957855,0.023,188.0,0.031,1,187.0,"3.998,-6.038,6.732","-0.313,-0.389,-0.511","-12.450,12.450,-0.900",18466,7,1.40,37.496660,126.957854,2690,8,191,1,-83,-82.4,34546,10,16906
17:33:34,1.737,1889212,1889212,0,1,37.496658,126.957855,0.023,188.0,0.031,1,187.0,"3.989,-6.086,6.771","-2.168,-0.832,-1.679","-12.000,12.300,-0.300",18466,7,1.40,37.496660,126.957854,2690,8,191,1,-83,-82.4,34546,32,16906
17:33:34,1.811,1889234,1889234,0,1,37.496658,126.957855,0.023,188.0,0.031,1,187.0,"4.037,-6.110,6.785","0.046,0.092,1.336","-14.250,12.600,-0.600",18466,7,1.40,37.496660,126.957854,2690,8,191,1,-83,-82.5,34547,6,16907
17:33:34,1.820,1889311,1889311,0,1,37.496658,126.957855,0.023,188.0,0.031,1,187.0,"4.070,-6.048,6.766","-1.992,-0.832,-0.015","-14.250,12.600,0.000",18467,7,1.40,37.496660,126.957854,2690,8,191,1,-84,-82.8,34548,33,16907
17:33:34,1.881,1889333,1889333,0,1,37.496658,126.957855,0.023,188.0,0.031,1,187.0,"4.137,-5.794,6.804","-2.611,-0.137,-0.870","-14.550,12.600,0.600",18467,7,1.40,37.496660,126.957854,2690,8,191,1,-82,-82.7,34549,1,16908
17:33:35,2.023,1889355,1889355,0,1,37.496658,126.957855,0.023,188.0,0.031,1,187.0,"4.022,-6.000,6.785","-2.435,-0.939,-1.412","-14.550,12.300,-0.600",18467,7,1.40,37.496660,126.957854,2690,8,191,1,-82,-82.7,34549,23,16908
17:33:35,2.041,1889389,1889377,0,1,37.496658,126.957855,0.023,188.0,0.031,1,187.0,"4.061,-6.100,6.723","-0.718,-0.137,0.450","-13.650,11.700,0.150",18468,7,1.40,37.496660,126.957854,2690,8,191,1,-84,-82.9,34550,6,16908
17:33:35,2.042,1889397,1889397,0,1,37.496658,126.957855,0.023,188.0,0.031,1,187.0,"4.080,-6.019,6.656","-0.588,-1.847,-0.550","-13.650,10.950,1.500",18468,7,1.40,37.496660,126.957854,2690,8,191,1,-84,-82.9,34550,14,16908
17:33:35,2.042,1889419,1889419,0,1,37.496658,126.957855,0.023,188.0,0.031,1,187.0,"4.152,-6.115,6.618","-1.168,-2.084,-0.939","-13.200,14.400,0.150",18468,7,1.40,37.496660,126.957854,2690,8,191,1,-84,-82.9,34550,36,16908
17:33:35,2.042,1889441,1889441,0,1,37.496658,126.957855,0.023,188.0,0.031,1,187.0,"4.032,-6.091,6.718","0.397,-1.008,-0.924","-13.650,12.000,-0.450",18468,7,1.40,37.496660,126.957854,2690,8,191,1,-82,-82.7,34551,1,16909
17:33:35,2.251,1889463,1889463,0,1,37.496658,126.957855,0.023,188.0,0.031,1,187.0,"4.075,-6.038,6.680","-1.588,0.061,-1.931","-13.650,11.700,0.150",18468,7,1.40,37.496660,126.957854,2690,8,191,1,-82,-82.7,34551,23,16909
17:33:35,2.351,1889599,1889599,0,1,37.496658,126.957855,0.022,188.0,0.021,1,187.0,"4.104,-6.024,6.843","-3.122,-1.374,-1.122","-12.000,11.100,1.050",18470,7,1.40,37.496660,126.957854,2691,8,191,1,-82,-82.3,34553,55,16910
17:33:35,2.359,1889700,1889700,0,1,37.496658,126.957855,0.022,188.0,0.021,1,187.0,"4.046,-6.158,6.761","-1.244,-3.687,0.176","-13.200,12.450,-0.150",18471,7,1.40,37.496660,126.957854,2692,8,191,1,-82,-81.9,34556,11,16911
17:33:35,2.359,1889721,1889721,0,1,37.496658,126.957855,0.022,188.0,0.021,1,187.0,"4.037,-6.005,6.804","-0.443,-1.786,-1.679","-12.900,12.450,-0.150",18471,7,1.40,37.496660,126.957854,2692,8,191,1,-82,-81.9,34556,32,16911
17:33:35,2.359,1889743,1889743,0,1,37.496658,126.957855,0.022,188.0,0.021,1,187.0,"4.056,-6.033,6.579","0.534,-0.366,0.168","-12.000,13.350,-1.050",18471,7,1.40,37.496660,126.957854,2692,8,191,1,-82,-81.9,34556,54,16911
17:33:35,2.416,1889765,1889765,0,1,37.496658,126.957855,0.022,188.0,0.021,1,187.0,"4.089,-6.024,6.637","-0.282,-0.595,0.153","-13.050,11.850,0.000",18471,7,1.40,37.496660,126.957854,2692,8,191,1,-83,-82.1,34557,9,16912
17:33:35,2.424,1889822,1889822,0,1,37.496658,126.957855,0.022,188.0,0.021,1,187.0,"4.128,-6.081,6.819","0.023,-0.092,0.374","-13.800,11.850,1.800",18472,7,1.40,37.496660,126.957854,2692,8,191,1,-82,-82.1,34558,22,16912
17:33:35,2.501,1889901,1889901,0,1,37.496658,126.957855,0.022,188.0,0.021,1,187.0,"4.032,-5.981,6.723","-1.664,0.366,0.107","-13.200,12.750,0.450",18473,7,1.40,37.496660,126.957854,2692,8,191,1,-79,-81.5,34560,12,16913
17:33:35,2.510,1889923,1889923,0,1,37.496658,126.957855,0.022,188.0,0.021,1,187.0,"3.970,-6.086,6.709","-1.634,-1.130,-0.221","-14.250,14.100,-0.600",18473,7,1.40,37.496660,126.957854,2692,8,191,1,-79,-81.5,34560,34,16913
17:33:35,2.510,1889945,1889945,0,1,37.496658,126.957855,0.022,188.0,0.021,1,187.0,"4.075,-6.201,6.699","-0.305,-2.260,-0.008","-13.500,13.350,0.600",18473,7,1.40,37.496660,126.957854,2692,8,191,1,-79,-81.5,34560,56,16913
17:33:35,2.510,1889967,1889967,0,1,37.496658,126.957855,0.022,188.0,0.021,1,187.0,"4.219,-6.158,6.752","-2.038,1.061,-0.122","-13.050,12.600,1.800",18473,7,1.40,37.496660,126.957854,2692,8,191,1,-79,-81.5,34560,78,16913
17:33:35,2.511,1890002,1890002,0,1,37.496658,126.957855,0.022,188.0,0.021,1,187.0,"4.017,-6.019,6.632","-1.466,-0.565,2.382","-14.250,11.850,0.000",18474,7,1.40,37.496660,126.957854,2692,8,191,1,-81,-81.3,34562,12,16914
17:33:35,2.574,1890023,1890023,0,1,37.496658,126.957855,0.022,188.0,0.021,1,187.0,"4.032,-6.057,6.699","-0.710,-1.359,0.420","-14.250,13.350,0.600",18474,7,1.40,37.496660,126.957854,2692,8,191,1,-81,-81.3,34562,33,16914
17:33:35,2.583,1890045,1890045,0,1,37.496658,126.957855,0.022,188.0,0.021,1,187.0,"3.979,-6.053,6.800","-1.305,-3.023,0.519","-14.700,13.950,0.450",18474,7,1.40,37.496660,126.957854,2692,8,191,1,-81,-81.3,34562,55,16914
17:33:35,2.644,1890067,1890067,0,1,37.496658,126.957855,0.022,188.0,0.021,1,187.0,"4.147,-6.053,6.766","2.099,-2.580,-0.076","-13.800,11.100,1.050",18474,7,1.40,37.496660,126.957854,2692,8,191,1,-81,-81.3,34562,77,16914
17:33:35,2.651,1890101,1890101,0,1,37.496658,126.957855,0.022,188.0,0.021,1,187.0,"4.108,-6.177,6.699","0.168,-1.038,0.550","-13.950,11.250,0.450",18475,7,1.40,37.496660,126.957854,2692,8,191,1,-82,-81.4,34563,22,16915
17:33:35,2.651,1890123,1890123,0,1,37.496658,126.957855,0.022,188.0,0.021,1,187.0,"4.137,-6.029,6.603","-0.656,-2.206,2.534","-12.900,12.450,0.150",18475,7,1.40,37.496660,126.957854,2692,8,191,1,-81,-81.3,34564,18,16915
17:33:35,2.651,1890145,1890145,0,1,37.496658,126.957855,0.022,188.0,0.021,1,187.0,"4.080,-6.062,6.632","0.206,-0.893,-1.733","-12.300,13.800,1.050",18475,7,1.40,37.496660,126.957854,2692,8,191,1,-81,-81.3,34564,40,16915
17:33:35,2.805,1890167,1890167,0,1,37.496658,126.957855,0.022,188.0,0.021,1,187.0,"3.931,-6.057,6.737","-1.519,-2.046,1.366","-12.450,12.750,-0.450",18475,7,1.40,37.496660,126.957854,2692,8,191,1,-81,-81.3,34564,62,16915
17:33:36,3.030,1890222,1890222,0,1,37.496658,126.957855,0.022,188.0,0.021,1,187.0,"3.989,-6.019,6.752","-0.656,-1.580,-1.672","-13.050,11.100,-0.300",18476,7,1.40,37.496660,126.957854,2692,8,191,1,-80,-81.1,34565,33,16915
17:33:36,3.056,1890408,1890408,0,1,37.496658,126.957855,0.022,188.0,0.021,1,187.0,"4.061,-6.024,6.584","-2.427,0.489,0.527","-14.400,14.700,0.150",18478,7,1.40,37.496660,126.957854,2692,8,191,1,-81,-80.8,34568,8,16917
17:33:36,3.056,1890430,1890430,0,1,37.496658,126.957855,0.022,188.0,0.021,1,187.0,"4.027,-6.086,6.622","-0.130,-0.947,2.221","-13.950,13.200,0.150",18478,7,1.40,37.496660,126.957854,2692,8,191,1,-81,-80.8,34568,30,16917
17:33:36,3.056,1890452,1890452,0,1,37.496658,126.957855,0.022,188.0,0.021,1,187.0,"4.065,-6.024,6.675","-0.870,-1.710,0.634","-13.800,13.800,-0.300",18478,7,1.40,37.496660,126.957854,2692,8,191,1,-81,-80.8,34568,52,16917
17:33:36,3.056,1890474,1890474,0,1,37.496658,126.957855,0.022,188.0,0.021,1,187.0,"4.070,-6.057,6.728","0.137,-1.565,0.298","-13.050,12.300,1.050",18478,7,1.40,37.496660,126.957854,2692,8,191,1,-81,-80.8,34568,74,16917
17:33:36,3.189,1890509,1890509,0,1,37.496658,126.957855,0.022,188.0,0.021,1,187.0,"4.104,-6.167,6.833","-1.573,-2.611,0.023","-14.700,11.700,0.150",18479,7,1.40,37.496660,126.957854,2692,8,191,1,-82,-81.0,34569,14,16917
17:33:36,3.206,1890632,1890632,0,1,37.496662,126.957855,0.023,188.0,0.026,1,187.0,"4.137,-6.043,6.718","-0.214,-2.321,1.122","-13.500,13.350,0.300",18480,7,1.40,37.496660,126.957853,2693,8,191,1,-82,-81.2,34570,22,16917
17:33:36,3.206,1890654,1890654,0,1,37.496662,126.957855,0.024,188.0,0.026,1,187.0,"4.041,-6.096,6.742","-1.916,0.489,-2.107","-12.750,13.350,-0.300",18480,7,1.40,37.496660,126.957853,2694,8,191,1,-82,-81.2,34570,44,16917
17:33:36,3.207,1890676,1890676,0,1,37.496662,126.957855,0.024,188.0,0.026,1,187.0,"4.041,-6.062,6.752","-1.542,1.015,-0.473","-13.800,11.400,0.300",18480,7,1.40,37.496660,126.957853,2694,8,191,1,-82,-81.2,34570,66,16917
17:33:36,3.277,1890711,1890711,0,1,37.496662,126.957855,0.024,188.0,0.026,1,187.0,"4.032,-6.048,6.761","-1.496,0.153,-0.244","-12.750,14.100,0.000",18481,7,1.40,37.496660,126.957853,2694,8,191,1,-81,-81.2,34571,12,16917
17:33:36,3.286,1890733,1890733,0,1,37.496662,126.957855,0.024,188.0,0.026,1,187.0,"4.056,-5.995,6.689","-1.824,-0.565,1.252","-13.950,11.250,1.500",18481,7,1.40,37.496660,126.957853,2694,8,191,1,-81,-81.1,34572,21,16918
17:33:36,3.286,1890755,1890755,0,1,37.496662,126.957855,0.024,188.0,0.026,1,187.0,"4.051,-5.995,6.756","1.092,-0.450,1.099","-14.250,12.300,-0.300",18481,7,1.40,37.496660,126.957853,2694,8,191,1,-81,-81.1,34572,43,16918
17:33:36,3.440,1890777,1890777,0,1,37.496662,126.957855,0.024,188.0,0.026,1,187.0,"4.147,-6.158,6.680","1.435,-3.328,0.221","-12.900,14.400,-0.150",18481,7,1.40,37.496660,126.957853,2694,8,191,1,-81,-81.1,34572,65,16918
17:33:36,3.554,1890834,1890834,0,1,37.496662,126.957855,0.024,188.0,0.026,1,187.0,"4.065,-6.124,6.732","-2.069,-1.763,-0.397","-14.400,13.950,-0.450",18482,7,1.40,37.496660,126.957853,2694,8,191,1,-79,-80.7,34573,32,16918
17:33:36,3.625,1891014,1891014,0,1,37.496662,126.957855,0.024,188.0,0.026,1,187.0,"4.056,-6.196,6.776","-1.962,-0.084,-1.084","-12.900,12.450,0.450",18484,7,1.40,37.496660,126.957853,2694,8,191,1,-82,-80.9,34576,3,16919
17:33:36,3.633,1891036,1891036,0,1,37.496662,126.957855,0.024,188.0,0.026,1,187.0,"4.152,-6.072,6.709","0.809,-2.076,-0.008","-14.400,12.450,1.200",18484,7,1.40,37.496660,126.957853,2694,8,191,1,-80,-80.7,34577,13,16920
17:33:36,3.633,1891058,1891058,0,1,37.496662,126.957855,0.024,188.0,0.026,1,187.0,"4.099,-6.009,6.699","0.344,-0.740,-1.206","-14.400,12.750,0.450",18484,7,1.40,37.496660,126.957853,2694,8,191,1,-80,-80.7,34577,35,16920
17:33:36,3.693,1891080,1891080,0,1,37.496662,126.957855,0.024,188.0,0.026,1,187.0,"3.931,-6.024,6.766","-1.763,0.458,-0.634","-13.650,13.200,-0.150",18484,7,1.40,37.496660,126.957853,2694,8,191,1,-80,-80.7,34577,57,16920
17:33:36,3.761,1891113,1891113,0,1,37.496662,126.957855,0.024,188.0,0.026,1,187.0,"3.998,-6.014,6.795","0.603,-1.542,1.374","-12.750,14.100,0.600",18485,7,1.40,37.496660,126.957853,2694,8,191,1,-81,-80.8,34578,6,16920
17:33:36,3.769,1891221,1891221,0,1,37.496662,126.957855,0.024,188.0,0.026,1,187.0,"3.931,-6.000,6.713","-2.130,-1.160,1.954","-15.000,13.050,0.600",18486,7,1.40,37.496660,126.957853,2694,8,191,1,-80,-80.6,34579,6,16920
17:33:36,3.769,1891243,1891243,0,1,37.496662,126.957855,0.024,188.0,0.026,1,187.0,"3.941,-6.120,6.790","-0.031,0.954,-2.481","-13.200,11.700,-0.150",18486,7,1.40,37.496660,126.957853,2694,8,191,1,-80,-80.6,34579,28,16920
17:33:36,3.830,1891265,1891265,0,1,37.496662,126.957855,0.024,188.0,0.026,1,187.0,"4.147,-6.024,6.589","-0.336,-0.733,1.214","-13.200,13.200,0.900",18486,7,1.40,37.496660,126.957853,2694,8,191,1,-80,-80.6,34579,50,16920
17:33:36,3.838,1891287,1891287,0,1,37.496662,126.957855,0.024,188.0,0.026,1,187.0,"3.979,-6.086,6.718","-0.679,1.328,-1.427","-13.200,11.700,1.200",18486,7,1.40,37.496660,126.957853,2694,8,191,1,-80,-80.6,34579,72,16920
17:33:36,3.838,1891320,1891320,0,1,37.496662,126.957855,0.024,188.0,0.026,1,187.0,"4.070,-6.115,6.843","-2.496,-0.809,0.969","-13.950,12.750,0.900",18487,7,1.40,37.496660,126.957853,2694,8,191,1,-79,-80.3,34580,9,16920
17:33:36,3.911,1891342,1891342,0,1,37.496662,126.957855,0.024,188.0,0.026,1,187.0,"4.118,-6.043,6.780","-0.015,-1.679,-0.908","-14.250,12.300,-0.600",18487,7,1.40,37.496660,126.957853,2694,8,191,1,-79,-80.3,34580,31,16920
17:33:36,3.920,1891364,1891364,0,1,37.496662,126.957855,0.024,188.0,0.026,1,187.0,"4.108,-6.153,6.675","0.786,-3.435,0.458","-13.200,12.750,0.450",18487,7,1.40,37.496660,126.957853,2694,8,191,1,-79,-80.0,34581,12,16921
17:33:36,3.920,1891386,1891386,0,1,37.496662,126.957855,0.024,188.0,0.026,1,187.0,"4.032,-6.134,6.632","-0.725,-0.885,-0.481","-15.000,13.350,-0.300",18487,7,1.40,37.496660,126.957853,2694,8,191,1,-79,-80.0,34581,34,16921
17:33:37,3.995,1891428,1891428,0,1,37.496662,126.957855,0.024,188.0,0.026,1,187.0,"3.955,-6.024,6.800","-0.443,-1.336,0.099","-14.400,12.750,0.450",18488,7,1.40,37.496660,126.957853,2694,8,191,1,-78,-79.6,34582,11,16921
17:33:37,4.004,1891450,1891450,0,1,37.496662,126.957855,0.024,188.0,0.026,1,187.0,"4.075,-6.053,6.694","-0.198,-1.084,0.183","-13.050,13.800,1.050",18488,7,1.40,37.496660,126.957853,2694,8,191,1,-80,-79.7,34583,5,16922
17:33:37,4.004,1891472,1891472,0,1,37.496662,126.957855,0.024,188.0,0.026,1,187.0,"4.094,-6.019,6.665","0.122,-1.389,1.191","-13.200,12.750,1.200",18488,7,1.40,37.496660,126.957853,2694,8,191,1,-80,-79.7,34583,27,16922
17:33:37,4.139,1891494,1891494,0,1,37.496662,126.957855,0.024,188.0,0.026,1,187.0,"4.089,-6.091,6.732","-0.710,-2.893,-0.023","-13.650,13.500,-0.150",18488,7,1.40,37.496660,126.957853,2694,8,191,1,-80,-79.7,34583,49,16922
17:33:37,4.156,1891551,1891551,0,1,37.496662,126.957855,0.023,188.0,0.021,1,187.0,"4.041,-6.009,6.756","-2.015,0.489,0.061","-13.650,13.950,-0.900",18489,7,1.40,37.496660,126.957853,2695,8,191,1,-80,-80.0,34585,0,16923
17:33:37,4.156,1891573,1891573,0,1,37.496662,126.957855,0.023,188.0,0.021,1,187.0,"4.113,-5.895,6.795","-1.244,1.115,-1.656","-13.500,13.350,0.300",18489,7,1.40,37.496660,126.957853,2695,8,191,1,-80,-80.0,34585,22,16923
17:33:37,4.229,1891595,1891595,0,1,37.496662,126.957855,0.023,188.0,0.021,1,187.0,"4.128,-6.029,6.761","-3.084,2.985,-2.420","-14.550,14.100,1.050",18489,7,1.40,37.496660,126.957853,2695,8,191,1,-80,-80.0,34585,44,16923
17:33:37,4.442,1891652,1891652,0,1,37.496662,126.957855,0.022,188.0,0.021,1,187.0,"4.056,-6.120,6.670","0.397,-0.748,-1.176","-15.000,13.050,0.300",18490,7,1.40,37.496660,126.957853,2696,8,191,1,-82,-80.4,34586,36,16923
17:33:37,4.544,1891897,1891897,0,1,37.496658,126.957855,0.022,188.0,0.021,1,187.0,"4.013,-6.086,6.685","-0.924,0.740,-2.435","-13.650,13.200,1.500",18492,7,1.40,37.496660,126.957853,2696,8,191,1,-79,-80.0,34590,24,16925
17:33:37,4.554,1891932,1891932,0,1,37.496658,126.957855,0.022,188.0,0.021,1,187.0,"3.946,-6.014,6.728","-2.634,0.137,-0.427","-14.400,11.700,-0.450",18493,7,1.40,37.496660,126.957853,2696,8,191,1,-80,-80.0,34591,11,16925
17:33:37,4.554,1891954,1891954,0,1,37.496658,126.957855,0.022,188.0,0.021,1,187.0,"3.989,-6.096,6.699","0.504,-1.519,-1.664","-13.050,12.600,0.300",18493,7,1.40,37.496660,126.957853,2696,8,191,1,-80,-80.0,34591,33,16925
17:33:37,4.626,1891976,1891976,0,1,37.496658,126.957855,0.022,188.0,0.021,1,187.0,"4.123,-5.952,6.771","-1.641,-3.863,4.053","-12.450,12.750,-0.150",18493,7,1.40,37.496660,126.957853,2696,8,191,1,-80,-80.0,34591,55,16925
17:33:37,4.636,1891998,1891998,0,1,37.496658,126.957855,0.022,188.0,0.021,1,187.0,"3.898,-5.995,6.756","0.336,0.023,0.779","-13.500,12.600,0.300",18493,7,1.40,37.496660,126.957853,2696,8,191,1,-80,-80.0,34592,21,16926
17:33:37,4.761,1892032,1892032,0,1,37.496658,126.957855,0.022,188.0,0.021,1,187.0,"4.013,-6.215,6.766","-0.977,-1.443,-3.351","-15.450,12.450,0.900",18494,7,1.40,37.496660,126.957853,2696,8,191,1,-81,-80.2,34593,5,16926
17:33:37,4.778,1892197,1892197,0,1,37.496658,126.957855,0.022,188.0,0.021,1,187.0,"3.998,-6.033,6.761","-2.702,-2.763,1.878","-14.700,12.750,1.200",18495,7,1.40,37.496660,126.957853,2696,8,191,1,-83,-80.7,34596,12,16928
17:33:37,4.778,1892231,1892219,0,1,37.496658,126.957855,0.022,188.0,0.021,1,187.0,"4.041,-6.019,6.675","-1.725,-1.824,1.084","-13.950,12.000,1.500",18496,7,1.40,37.496660,126.957853,2696,8,191,1,-83,-80.7,34596,46,16928
17:33:37,4.832,1892239,1892239,0,1,37.496658,126.957855,0.022,188.0,0.021,1,187.0,"3.898,-6.043,6.675","-0.618,-2.466,-0.679","-13.500,11.850,0.000",18496,7,1.40,37.496660,126.957853,2696,8,191,1,-83,-80.7,34596,54,16928
17:33:38,5.033,1892261,1892261,0,1,37.496658,126.957855,0.022,188.0,0.021,1,187.0,"4.065,-5.995,6.723","-0.679,-3.031,-1.046","-13.050,11.850,0.300",18496,7,1.40,37.496660,126.957853,2696,8,191,1,-83,-81.1,34597,22,16928
17:33:38,5.136,1892474,1892474,0,1,37.496658,126.957855,0.022,188.0,0.021,1,187.0,"4.061,-6.091,6.809","0.229,1.695,0.275","-13.200,14.400,-0.150",18498,7,1.40,37.496660,126.957853,2696,8,191,1,-84,-81.7,34599,76,16929
17:33:38,5.148,1892496,1892496,0,1,37.496658,126.957855,0.022,188.0,0.021,1,187.0,"4.080,-6.000,6.747","-1.916,-0.076,-1.176","-14.250,12.600,-0.300",18498,7,1.40,37.496660,126.957853,2696,8,191,1,-84,-81.7,34599,98,16929
17:33:38,5.148,1892518,1892518,0,1,37.496658,126.957855,0.022,188.0,0.021,1,187.0,"4.017,-6.029,6.742","-1.382,-0.534,1.779","-14.250,13.350,0.600",18498,7,1.40,37.496660,126.957853,2696,8,191,1,-84,-82.2,34600,20,16930
17:33:38,5.148,1892546,1892546,0,1,37.496658,126.957855,0.016,188.0,0.005,1,187.0,"3.965,-6.134,6.776","-1.664,0.824,2.649","-13.650,12.450,0.450",18499,7,1.40,37.496660,126.957852,2697,8,191,1,-82,-82.1,34601,7,16930
17:33:38,5.148,1892568,1892568,0,1,37.496658,126.957855,0.016,188.0,0.005,1,187.0,"4.075,-6.081,6.709","-2.290,-0.023,-2.061","-13.650,13.500,1.200",18499,7,1.40,37.496660,126.957852,2697,8,191,1,-82,-82.1,34601,29,16930
17:33:38,5.208,1892590,1892590,0,1,37.496658,126.957855,0.016,188.0,0.005,1,187.0,"4.094,-6.081,6.718","-0.832,0.153,0.641","-12.450,11.250,0.450",18499,7,1.40,37.496660,126.957852,2697,8,191,1,-82,-82.1,34601,51,16930
17:33:38,5.216,1892612,1892612,0,1,37.496658,126.957855,0.016,188.0,0.005,1,187.0,"4.099,-5.981,6.723","-3.374,-1.107,0.122","-12.900,13.950,0.900",18499,7,1.40,37.496660,126.957852,2697,8,191,1,-82,-82.1,34601,73,16930
17:33:38,5.267,1892647,1892647,0,1,37.496658,126.957855,0.012,188.0,0.005,1,187.0,"4.056,-6.148,6.670","-0.985,1.061,-0.878","-14.400,13.200,1.500",18500,7,1.40,37.496660,126.957852,2698,8,191,1,-81,-81.9,34602,10,16930
17:33:38,5.273,1892669,1892669,0,1,37.496658,126.957855,0.012,188.0,0.005,1,187.0,"3.955,-6.062,6.828","0.046,-2.038,0.084","-14.250,13.350,1.050",18500,7,1.40,37.496660,126.957852,2698,8,191,1,-81,-81.9,34602,32,16930
17:33:38,5.273,1892691,1892691,0,1,37.496658,126.957855,0.012,188.0,0.005,1,187.0,"4.089,-6.014,6.718","-0.023,-0.450,-0.099","-13.950,11.700,1.500",18500,7,1.40,37.496660,126.957852,2698,8,191,1,-81,-81.9,34602,54,16930
17:33:38,5.273,1892713,1892713,0,1,37.496658,126.957855,0.012,188.0,0.005,1,187.0,"3.941,-6.067,6.953","0.718,0.580,2.031","-15.000,14.100,0.000",18500,7,1.40,37.496660,126.957852,2698,8,191,1,-81,-81.7,34603,11,16931
17:33:38,5.351,1892748,1892748,0,1,37.496658,126.957855,0.012,188.0,0.005,1,187.0,"4.008,-6.033,6.742","-0.947,-1.031,-1.885","-14.550,13.350,0.600",18501,7,1.40,37.496660,126.957852,2698,8,191,1,-80,-81.4,34604,9,16931
17:33:38,5.361,1892769,1892769,0,1,37.496658,126.957855,0.012,188.0,0.005,1,187.0,"4.046,-6.100,6.742","-2.542,-1.740,-0.779","-12.900,12.450,1.200",18501,7,1.40,37.496660,126.957852,2698,8,191,1,-80,-81.4,34604,30,16931
17:33:38,5.424,1892791,1892791,0,1,37.496658,126.957855,0.012,188.0,0.005,1,187.0,"3.950,-6.000,6.843","-1.351,-2.046,-0.588","-13.800,13.350,0.300",18501,7,1.40,37.496660,126.957852,2698,8,191,1,-80,-81.4,34604,52,16931
17:33:38,5.434,1892813,1892813,0,1,37.496658,126.957855,0.012,188.0,0.005,1,187.0,"4.214,-6.120,6.723","-0.053,-1.763,0.687","-13.650,10.950,0.900",18501,7,1.40,37.496660,126.957852,2698,8,191,1,-77,-80.5,34605,2,16932
17:33:38,5.495,1892848,1892848,0,1,37.496658,126.957855,0.012,188.0,0.005,1,187.0,"3.994,-6.057,6.732","0.420,-1.740,-0.527","-12.900,12.000,-0.900",18502,7,1.40,37.496660,126.957852,2698,8,191,1,-79,-80.2,34606,9,16932
17:33:38,5.502,1892869,1892869,0,1,37.496658,126.957855,0.012,188.0,0.005,1,187.0,"4.104,-6.048,6.651","2.374,2.511,-1.756","-10.650,12.750,1.950",18502,7,1.40,37.496660,126.957852,2698,8,191,1,-79,-80.2,34606,30,16932
17:33:38,5.503,1892891,1892891,0,1,37.496658,126.957855,0.012,188.0,0.005,1,187.0,"4.075,-6.009,6.732","-1.473,-1.817,0.374","-13.650,12.750,0.900",18502,7,1.40,37.496660,126.957852,2698,8,191,1,-79,-80.2,34606,52,16932
17:33:38,5.503,1892913,1892913,0,1,37.496658,126.957855,0.012,188.0,0.005,1,187.0,"4.061,-6.158,6.723","-0.153,-2.450,-0.840","-13.050,14.550,0.600",18502,7,1.40,37.496660,126.957852,2698,8,191,1,-79,-80.2,34606,74,16932
17:33:38,5.503,1892948,1892948,0,1,37.496658,126.957855,0.012,188.0,0.005,1,187.0,"4.037,-5.923,6.742","-0.305,0.405,-0.542","-13.200,13.500,0.450",18503,7,1.40,37.496660,126.957852,2698,8,191,1,-80,-80.2,34607,11,16932
17:33:38,5.564,1892969,1892969,0,1,37.496658,126.957855,0.012,188.0,0.005,1,187.0,"4.037,-6.038,6.780","0.267,-2.321,-0.595","-13.800,13.350,1.800",18503,7,1.40,37.496660,126.957852,2698,8,191,1,-80,-80.2,34607,32,16932
17:33:38,5.643,1893013,1893013,0,1,37.496658,126.957855,0.012,188.0,0.005,1,187.0,"4.032,-6.067,6.661","-1.122,-1.504,1.145","-11.700,12.750,0.900",18503,7,1.40,37.496660,126.957852,2698,8,191,1,-80,-80.2,34607,76,16932
17:33:38,5.652,1893069,1893069,0,1,37.496658,126.957855,0.012,188.0,0.005,1,187.0,"4.108,-6.081,6.728","-0.252,-0.718,-0.359","-12.900,12.750,-0.900",18504,7,1.40,37.496660,126.957852,2698,8,191,1,-78,-79.7,34609,30,16933
17:33:38,5.652,1893091,1893091,0,1,37.496658,126.957855,0.012,188.0,0.005,1,187.0,"4.094,-5.976,6.732","-2.389,-1.275,1.145","-13.500,12.600,1.050",18504,7,1.40,37.496660,126.957852,2698,8,191,1,-78,-79.7,34609,52,16933
17:33:38,5.653,1893113,1893113,0,1,37.496658,126.957855,0.012,188.0,0.005,1,187.0,"3.931,-6.057,6.776","-0.885,-2.168,0.550","-12.750,11.850,-0.300",18504,7,1.40,37.496660,126.957852,2698,8,191,1,-78,-79.7,34609,74,16933
17:33:38,5.713,1893147,1893147,0,1,37.496658,126.957855,0.012,188.0,0.005,1,187.0,"4.032,-6.187,6.670","0.389,-0.672,-1.328","-13.050,11.400,0.300",18505,7,1.40,37.496660,126.957852,2698,8,191,1,-81,-80.0,34611,11,16934
17:33:38,5.721,1893169,1893169,0,1,37.496658,126.957855,0.012,188.0,0.005,1,187.0,"4.046,-6.091,6.689","-0.443,-3.939,1.779","-12.750,13.050,0.000",18505,7,1.40,37.496660,126.957852,2698,8,191,1,-81,-80.0,34611,33,16934
17:33:38,5.721,1893191,1893191,0,1,37.496658,126.957855,0.012,188.0,0.005,1,187.0,"4.051,-6.153,6.656","0.885,-4.206,0.305","-14.250,13.350,2.100",18505,7,1.40,37.496660,126.957852,2698,8,191,1,-81,-80.0,34611,55,16934
17:33:38,5.793,1893213,1893213,0,1,37.496658,126.957855,0.012,188.0,0.005,1,187.0,"3.989,-6.148,6.642","-2.015,-2.870,0.939","-13.200,13.200,0.150",18505,7,1.40,37.496660,126.957852,2698,8,191,1,-81,-80.0,34611,77,16934
17:33:38,5.802,1893247,1893247,0,1,37.496658,126.957855,0.012,188.0,0.005,1,187.0,"3.965,-6.076,6.665","-0.893,0.229,2.053","-13.800,13.050,0.600",18506,7,1.40,37.496660,126.957852,2698,8,191,1,-80,-80.2,34613,5,16935
17:33:38,5.802,1893269,1893269,0,1,37.496658,126.957855,0.012,188.0,0.005,1,187.0,"4.089,-6.163,6.694","-0.756,-1.656,0.023","-13.950,12.750,1.200",18506,7,1.40,37.496660,126.957852,2698,8,191,1,-80,-80.2,34613,27,16935
17:33:38,5.803,1893291,1893291,0,1,37.496658,126.957855,0.012,188.0,0.005,1,187.0,"3.998,-6.191,6.713","-1.542,0.595,-2.435","-13.950,11.700,0.900",18506,7,1.40,37.496660,126.957852,2698,8,191,1,-80,-80.2,34613,49,16935
17:33:38,5.864,1893313,1893313,0,1,37.496658,126.957855,0.012,188.0,0.005,1,187.0,"3.922,-6.072,6.756","-0.382,-2.214,1.924","-12.150,13.500,0.450",18506,7,1.40,37.496660,126.957852,2698,8,191,1,-80,-80.2,34613,71,16935
17:33:38,5.872,1893346,1893346,0,1,37.496658,126.957855,0.012,188.0,0.005,1,187.0,"4.056,-5.986,6.589","0.656,2.206,1.359","-13.500,11.400,0.300",18507,7,1.40,37.496660,126.957852,2698,8,191,1,-87,-81.7,34615,6,16936
17:33:38,5.872,1893368,1893368,0,1,37.496658,126.957855,0.012,188.0,0.005,1,187.0,"4.132,-5.995,6.675","-0.802,-0.588,-0.038","-13.650,14.400,0.150",18507,7,1.40,37.496660,126.957852,2698,8,191,1,-87,-81.7,34615,28,16936
17:33:38,5.943,1893390,1893390,0,1,37.496658,126.957855,0.012,188.0,0.005,1,187.0,"4.041,-6.163,6.752","-2.427,-1.229,0.183","-13.650,12.000,1.200",18507,7,1.40,37.496660,126.957852,2698,8,191,1,-87,-81.7,34615,50,16936
17:33:39,6.013,1893412,1893412,0,1,37.496658,126.957855,0.012,188.0,0.005,1,187.0,"3.998,-6.091,6.689","-0.573,0.924,-0.351","-14.550,11.850,0.600",18507,7,1.40,37.496660,126.957852,2698,8,191,1,-87,-81.7,34615,72,16936
17:33:39,6.020,1893446,1893434,0,1,37.496658,126.957855,0.012,188.0,0.005,1,187.0,"4.027,-6.105,6.747","-0.901,-0.221,0.260","-13.500,11.100,0.300",18508,7,1.40,37.496660,126.957852,2698,8,191,1,-80,-81.3,34616,1,16936
17:33:39,6.021,1893454,1893454,0,1,37.496658,126.957855,0.012,188.0,0.005,1,187.0,"4.204,-6.014,6.732","1.290,0.489,-0.069","-13.800,14.100,0.600",18508,7,1.40,37.496660,126.957852,2698,8,191,1,-80,-81.3,34616,9,16936
17:33:39,6.093,1893476,1893476,0,1,37.496658,126.957855,0.012,188.0,0.005,1,187.0,"4.113,-6.144,6.642","-0.725,-2.733,-0.237","-13.500,13.050,0.000",18508,7,1.40,37.496660,126.957852,2698,8,191,1,-80,-81.3,34616,31,16936
17:33:39,6.102,1893498,1893498,0,1,37.496658,126.957855,0.012,188.0,0.005,1,187.0,"4.013,-5.947,6.637","-0.374,0.153,0.992","-13.650,13.500,-0.150",18508,7,1.40,37.496660,126.957852,2698,8,191,1,-80,-81.3,34616,53,16936
17:33:39,6.103,1893520,1893520,0,1,37.496658,126.957855,0.012,188.0,0.005,1,187.0,"3.946,-6.129,6.771","-1.473,-2.313,-0.634","-13.800,13.800,0.300",18508,7,1.40,37.496660,126.957852,2698,8,191,1,-80,-81.3,34616,75,16936
17:33:39,6.103,1893555,1893555,0,1,37.496658,126.957855,0.013,188.0,0.015,1,187.0,"4.070,-6.029,6.737","-1.221,-0.702,-1.718","-13.950,14.700,-0.150",18509,7,1.40,37.496659,126.957851,2699,8,191,1,-80,-81.3,34616,110,16936
17:33:39,6.231,1893576,1893576,0,1,37.496658,126.957855,0.013,188.0,0.015,1,187.0,"4.085,-6.057,6.627","-0.244,-1.679,-1.008","-13.050,13.050,2.550",18509,7,1.40,37.496659,126.957851,2699,8,191,1,-80,-81.1,34617,20,16936
17:33:39,6.249,1893598,1893598,0,1,37.496658,126.957855,0.013,188.0,0.015,1,187.0,"4.075,-6.100,6.761","-2.450,-0.153,-0.740","-13.950,12.000,0.450",18509,7,1.40,37.496659,126.957851,2699,8,191,1,-80,-81.1,34617,42,16936
17:33:39,6.249,1893620,1893620,0,1,37.496658,126.957855,0.013,188.0,0.015,1,187.0,"4.051,-6.110,6.694","-0.824,-2.893,0.817","-12.900,13.950,0.150",18509,7,1.40,37.496659,126.957851,2699,8,191,1,-80,-81.1,34617,64,16936
17:33:39,6.249,1893655,1893655,0,1,37.496658,126.957855,0.014,188.0,0.015,1,187.0,"4.070,-6.014,6.704","-3.458,-0.618,0.305","-13.800,13.800,1.350",18510,7,1.40,37.496659,126.957851,2700,8,191,1,-88,-81.8,34619,1,16937
17:33:39,6.321,1893677,1893677,0,1,37.496658,126.957855,0.014,188.0,0.015,1,187.0,"4.013,-6.029,6.723","-2.435,1.656,-1.542","-13.200,12.750,-0.450",18510,7,1.40,37.496659,126.957851,2700,8,191,1,-88,-81.8,34619,23,16937
17:33:39,6.335,1893699,1893699,0,1,37.496658,126.957855,0.014,188.0,0.015,1,187.0,"4.046,-6.100,6.723","-0.557,-4.061,1.649","-11.250,14.850,0.600",18510,7,1.40,37.496659,126.957851,2700,8,191,1,-88,-81.8,34619,45,16937
17:33:39,6.335,1893721,1893721,0,1,37.496658,126.957855,0.014,188.0,0.015,1,187.0,"3.989,-6.043,6.833","-0.931,-3.321,0.328","-15.150,12.750,0.900",18510,7,1.40,37.496659,126.957851,2700,8,191,1,-88,-81.8,34619,67,16937
17:33:39,6.335,1893756,1893756,0,1,37.496658,126.957855,0.014,188.0,0.015,1,187.0,"4.003,-6.038,6.752","0.679,0.366,-0.954","-15.150,13.500,0.150",18511,7,1.40,37.496659,126.957851,2700,8,191,1,-81,-81.6,34620,8,16937
17:33:39,6.400,1893777,1893777,0,1,37.496658,126.957855,0.014,188.0,0.015,1,187.0,"3.998,-6.177,6.646","-2.771,0.412,-0.031","-13.050,13.050,0.000",18511,7,1.40,37.496659,126.957851,2700,8,191,1,-81,-81.6,34620,29,16937
17:33:39,6.411,1893799,1893799,0,1,37.496658,126.957855,0.014,188.0,0.015,1,187.0,"4.070,-6.067,6.699","-0.580,-0.359,0.756","-12.900,14.700,-0.150",18511,7,1.40,37.496659,126.957851,2700,8,191,1,-81,-81.6,34620,51,16937
17:33:39,6.411,1893821,1893821,0,1,37.496658,126.957855,0.014,188.0,0.015,1,187.0,"4.089,-6.057,6.704","-1.534,-0.198,-0.260","-15.150,12.750,0.150",18511,7,1.40,37.496659,126.957851,2700,8,191,1,-81,-81.6,34620,73,16937
17:33:39,6.411,1893856,1893856,0,1,37.496658,126.957855,0.014,188.0,0.015,1,187.0,"4.152,-6.009,6.761","-1.466,-1.122,-0.969","-14.400,12.750,1.950",18512,7,1.40,37.496659,126.957851,2700,8,191,1,-80,-81.3,34621,3,16937
17:33:39,6.411,1893878,1893878,0,1,37.496658,126.957855,0.014,188.0,0.015,1,187.0,"4.056,-6.038,6.675","-0.840,-1.053,0.595","-14.400,14.400,0.150",18512,7,1.40,37.496659,126.957851,2700,8,191,1,-81,-81.3,34622,18,16938
17:33:39,6.474,1893900,1893900,0,1,37.496658,126.957855,0.014,188.0,0.015,1,187.0,"4.113,-5.856,6.833","0.588,-1.550,0.893","-13.950,12.750,-0.450",18512,7,1.40,37.496659,126.957851,2700,8,191,1,-81,-81.3,34622,40,16938
17:33:39,6.483,1893922,1893922,0,1,37.496658,126.957855,0.014,188.0,0.015,1,187.0,"4.118,-5.914,6.800","-1.885,0.427,0.344","-13.950,12.450,1.500",18512,7,1.40,37.496659,126.957851,2700,8,191,1,-81,-81.3,34622,62,16938
17:33:39,6.483,1893957,1893957,0,1,37.496658,126.957855,0.014,188.0,0.015,1,187.0,"4.061,-6.211,6.776","-1.168,-1.580,0.565","-12.000,12.300,0.000",18513,7,1.40,37.496659,126.957851,2700,8,191,1,-81,-81.3,34622,97,16938
17:33:39,6.544,1893979,1893979,0,1,37.496658,126.957855,0.014,188.0,0.015,1,187.0,"4.094,-6.187,6.723","-0.924,-1.679,0.366","-14.250,13.800,1.050",18513,7,1.40,37.496659,126.957851,2700,8,191,1,-81,-81.0,34624,14,16939
17:33:39,6.552,1894001,1894001,0,1,37.496658,126.957855,0.014,188.0,0.015,1,187.0,"4.046,-6.057,6.713","-2.191,-0.076,0.611","-12.900,12.000,0.450",18513,7,1.40,37.496659,126.957851,2700,8,191,1,-81,-81.0,34624,36,16939
17:33:39,6.552,1894023,1894023,0,1,37.496658,126.957855,0.014,188.0,0.015,1,187.0,"3.941,-6.120,6.680","0.198,-2.977,1.008","-14.250,11.850,-0.600",18513,7,1.40,37.496659,126.957851,2700,8,191,1,-81,-81.0,34624,58,16939
17:33:39,6.613,1894056,1894056,0,1,37.496658,126.957855,0.014,188.0,0.015,1,187.0,"3.931,-6.120,6.776","0.031,-2.000,-0.427","-13.650,12.750,1.200",18514,7,1.40,37.496659,126.957851,2700,8,191,1,-79,-80.6,34625,10,16939
17:33:39,6.621,1894078,1894078,0,1,37.496658,126.957855,0.014,188.0,0.015,1,187.0,"4.094,-6.076,6.680","-0.885,-1.718,1.099","-12.300,13.050,0.300",18514,7,1.40,37.496659,126.957851,2700,8,191,1,-80,-80.5,34626,12,16940
17:33:39,6.621,1894100,1894100,0,1,37.496658,126.957855,0.014,188.0,0.015,1,187.0,"3.974,-6.081,6.823","-2.130,-0.916,-1.748","-12.900,11.250,1.500",18514,7,1.40,37.496659,126.957851,2700,8,191,1,-80,-80.5,34626,34,16940
17:33:39,6.693,1894122,1894122,0,1,37.496658,126.957855,0.014,188.0,0.015,1,187.0,"4.142,-6.091,6.814","-2.008,2.069,0.794","-12.300,12.300,-1.050",18514,7,1.40,37.496659,126.957851,2700,8,191,1,-80,-80.5,34626,56,16940
17:33:39,6.702,1894156,1894144,0,1,37.496658,126.957855,0.014,188.0,0.015,1,187.0,"4.075,-5.962,6.685","-1.244,2.282,0.656","-12.450,13.500,-0.900",18515,7,1.40,37.496659,126.957851,2700,8,191,1,-80,-80.4,34627,7,16940
17:33:39,6.702,1894164,1894164,0,1,37.496658,126.957855,0.014,188.0,0.015,1,187.0,"4.171,-6.062,6.800","0.443,-2.260,-2.580","-14.700,11.250,-0.450",18515,7,1.40,37.496659,126.957851,2700,8,191,1,-80,-80.4,34627,15,16940
17:33:39,6.827,1894186,1894186,0,1,37.496658,126.957855,0.014,188.0,0.015,1,187.0,"3.960,-5.995,6.670","0.336,-1.427,0.573","-15.000,13.350,1.350",18515,7,1.40,37.496659,126.957851,2700,8,191,1,-80,-80.3,34628,18,16941
17:33:39,6.844,1894208,1894208,0,1,37.496658,126.957855,0.014,188.0,0.015,1,187.0,"4.147,-6.196,6.756","-0.519,0.664,-1.366","-13.950,11.700,0.450",18515,7,1.40,37.496659,126.957851,2700,8,191,1,-80,-80.3,34628,40,16941
17:33:39,6.844,1894230,1894230,0,1,37.496658,126.957855,0.014,188.0,0.015,1,187.0,"4.118,-6.048,6.785","1.679,-0.198,-1.015","-13.200,13.500,-0.450",18515,7,1.40,37.496659,126.957851,2700,8,191,1,-80,-80.3,34628,62,16941
17:33:39,6.844,1894263,1894263,0,1,37.496658,126.957855,0.014,188.0,0.015,1,187.0,"4.017,-6.053,6.857","1.290,-2.481,0.687","-12.300,11.850,0.000",18516,7,1.40,37.496659,126.957851,2700,8,191,1,-80,-80.2,34629,8,16941
17:33:39,6.909,1894285,1894285,0,1,37.496658,126.957855,0.014,188.0,0.015,1,187.0,"4.108,-6.029,6.723","-2.359,-0.473,-1.878","-13.650,12.750,0.450",18516,7,1.40,37.496659,126.957851,2700,8,191,1,-80,-80.2,34630,11,16942
17:33:39,6.918,1894329,1894329,0,1,37.496658,126.957855,0.014,188.0,0.015,1,187.0,"3.994,-6.053,6.709","-3.504,-1.000,-1.290","-13.650,11.700,0.150",18516,7,1.40,37.496659,126.957851,2700,8,191,1,-80,-80.2,34630,55,16942
17:33:39,6.918,1894363,1894351,0,1,37.496658,126.957855,0.014,188.0,0.015,1,187.0,"4.075,-6.029,6.761","-1.885,-1.153,0.779","-13.800,12.300,-1.050",18517,7,1.40,37.496659,126.957851,2700,8,191,1,-80,-80.2,34630,89,16942
17:33:39,6.979,1894377,1894377,0,1,37.496658,126.957848,0.014,188.0,0.015,1,187.0,"4.089,-6.014,6.675","-1.053,-0.573,1.405","-13.950,11.700,-1.200",18517,7,1.40,37.496659,126.957851,2700,8,191,1,-80,-80.2,34630,103,16942
17:33:40,7.060,1894399,1894399,0,1,37.496658,126.957848,0.014,188.0,0.015,1,187.0,"4.046,-6.053,6.814","-1.198,-3.878,1.061","-13.500,13.800,1.350",18517,7,1.40,37.496659,126.957851,2700,8,191,1,-80,-80.2,34630,125,16942
17:33:40,7.069,1894421,1894421,0,1,37.496658,126.957848,0.014,188.0,0.015,1,187.0,"4.003,-6.043,6.771","-1.282,-2.855,-0.718","-12.300,12.300,-0.600",18517,7,1.40,37.496659,126.957851,2700,8,191,1,-80,-80.2,34630,147,16942
17:33:40,7.069,1894443,1894443,0,1,37.496658,126.957848,0.014,188.0,0.015,1,187.0,"3.965,-6.153,6.747","-0.153,-0.595,0.870","-14.400,14.400,1.200",18517,7,1.40,37.496659,126.957851,2700,8,191,1,-80,-80.2,34630,169,16942
17:33:40,7.070,1894470,1894470,0,1,37.496658,126.957848,0.014,188.0,0.015,1,187.0,"4.070,-6.124,6.709","-1.962,-0.916,-0.214","-13.800,14.100,1.350",18518,7,1.40,37.496659,126.957851,2700,8,191,1,-79,-80.0,34631,15,16942
17:33:40,7.131,1894492,1894492,0,1,37.496658,126.957848,0.014,188.0,0.015,1,187.0,"4.032,-5.928,6.785","-1.076,-0.695,2.053","-13.650,11.700,0.900",18518,7,1.40,37.496659,126.957851,2700,8,191,1,-79,-79.8,34632,11,16943
17:33:40,7.138,1894514,1894514,0,1,37.496658,126.957848,0.014,188.0,0.015,1,187.0,"3.989,-6.038,6.704","-2.153,-1.427,0.779","-13.200,13.950,0.900",18518,7,1.40,37.496659,126.957851,2700,8,191,1,-79,-79.8,34632,33,16943
17:33:40,7.138,1894536,1894536,0,1,37.496658,126.957848,0.016,188.0,0.021,1,187.0,"3.965,-6.124,6.694","-1.679,-2.214,-1.725","-13.650,12.750,-0.450",18518,7,1.40,37.496658,126.957850,2701,8,191,1,-79,-79.8,34632,55,16943
17:33:40,7.139,1894571,1894571,0,1,37.496658,126.957848,0.016,188.0,0.021,1,187.0,"4.147,-6.053,6.718","-0.305,-0.069,-0.893","-13.050,13.350,0.600",18519,7,1.40,37.496658,126.957850,2701,8,191,1,-80,-79.8,34633,2,16943
17:33:40,7.210,1894593,1894593,0,1,37.496658,126.957848,0.016,188.0,0.021,1,187.0,"4.032,-6.067,6.661","-1.328,-1.847,-0.069","-13.500,11.850,-0.300",18519,7,1.40,37.496658,126.957850,2701,8,191,1,-80,-79.9,34634,6,16944
17:33:40,7.219,1894615,1894615,0,1,37.496658,126.957848,0.016,188.0,0.021,1,187.0,"3.831,-6.163,6.689","-0.725,1.282,0.969","-13.200,14.700,0.150",18519,7,1.40,37.496658,126.957850,2701,8,191,1,-80,-79.9,34634,28,16944
17:33:40,7.219,1894637,1894637,0,1,37.496658,126.957848,0.016,188.0,0.021,1,187.0,"4.099,-6.000,6.723","-1.252,-1.962,2.565","-15.150,12.000,1.950",18519,7,1.40,37.496658,126.957850,2701,8,191,1,-80,-79.9,34634,50,16944
17:33:40,7.280,1894672,1894672,0,1,37.496658,126.957848,0.018,188.0,0.021,1,187.0,"4.027,-5.986,6.728","-0.893,2.641,0.985","-15.450,12.000,0.900",18520,8,1.40,37.496658,126.957850,2702,8,191,1,-80,-79.9,34635,12,16944
17:33:40,7.288,1894694,1894694,0,1,37.496658,126.957848,0.018,188.0,0.021,1,187.0,"4.108,-6.067,6.694","-2.145,-1.336,-1.176","-14.550,12.600,1.050",18520,8,1.40,37.496658,126.957850,2702,8,191,1,-80,-79.9,34636,2,16945
17:33:40,7.288,1894716,1894716,0,1,37.496658,126.957848,0.018,188.0,0.021,1,187.0,"4.085,-5.995,6.704","-0.237,-0.389,-0.321","-14.400,15.450,0.150",18520,8,1.40,37.496658,126.957850,2702,8,191,1,-80,-79.9,34636,24,16945
17:33:40,7.288,1894738,1894738,0,1,37.496658,126.957848,0.018,188.0,0.021,1,187.0,"4.065,-6.096,6.694","2.107,0.389,-0.328","-13.950,13.200,0.450",18520,8,1.40,37.496658,126.957850,2702,8,191,1,-80,-79.9,34636,46,16945
17:33:40,7.288,1894773,1894773,0,1,37.496658,126.957848,0.018,188.0,0.021,1,187.0,"4.089,-6.067,6.661","0.679,-2.939,-1.626","-12.450,13.500,-0.900",18521,8,1.40,37.496658,126.957850,2702,8,191,1,-81,-80.1,34637,11,16945
17:33:40,7.360,1894795,1894795,0,1,37.496658,126.957848,0.018,188.0,0.021,1,187.0,"4.099,-6.153,6.618","0.252,0.634,0.298","-14.550,13.050,2.550",18521,8,1.40,37.496658,126.957850,2702,8,191,1,-81,-80.1,34637,33,16945
17:33:40,7.369,1894817,1894817,0,1,37.496658,126.957848,0.018,188.0,0.021,1,187.0,"4.113,-6.057,6.656","-0.840,1.588,-0.679","-13.500,12.300,0.000",18521,8,1.40,37.496658,126.957850,2702,8,191,1,-79,-79.9,34638,18,16946
17:33:40,7.369,1894839,1894839,0,1,37.496658,126.957848,0.018,188.0,0.021,1,187.0,"4.156,-6.024,6.785","-1.160,-0.511,-0.580","-13.500,13.050,-0.600",18521,8,1.40,37.496658,126.957850,2702,8,191,1,-79,-79.9,34638,40,16946
17:33:40,7.430,1894874,1894874,0,1,37.496658,126.957848,0.018,188.0,0.021,1,187.0,"4.085,-5.952,6.685","-1.756,-1.748,0.420","-14.400,13.200,2.250",18522,8,1.40,37.496658,126.957850,2702,8,191,1,-79,-79.7,34639,10,16946
17:33:40,7.437,1894895,1894895,0,1,37.496658,126.957848,0.018,188.0,0.021,1,187.0,"4.065,-6.005,6.627","-0.237,-0.679,1.939","-13.200,11.250,0.450",18522,8,1.40,37.496658,126.957850,2702,8,191,1,-79,-79.7,34639,31,16946
17:33:40,7.438,1894917,1894917,0,1,37.496658,126.957848,0.018,188.0,0.021,1,187.0,"3.979,-6.115,6.709","-1.542,0.107,1.870","-13.650,13.950,-0.450",18522,8,1.40,37.496658,126.957850,2702,8,191,1,-79,-79.7,34639,53,16946
17:33:40,7.510,1894939,1894939,0,1,37.496658,126.957848,0.018,188.0,0.021,1,187.0,"3.989,-5.990,6.795","-1.053,0.786,-2.053","-13.500,11.850,0.300",18522,8,1.40,37.496658,126.957850,2702,8,191,1,-79,-79.7,34639,75,16946
17:33:40,7.520,1894974,1894974,0,1,37.496658,126.957848,0.018,188.0,0.021,1,187.0,"4.128,-6.100,6.747","-1.031,-2.366,-1.519","-14.550,11.850,0.600",18523,8,1.40,37.496658,126.957850,2702,8,191,1,-80,-79.8,34640,10,16946
17:33:40,7.520,1894995,1894995,0,1,37.496658,126.957848,0.018,188.0,0.021,1,187.0,"4.094,-6.177,6.694","-1.252,-4.420,0.710","-12.750,13.350,0.000",18523,8,1.40,37.496658,126.957850,2702,8,191,1,-80,-79.8,34640,31,16946
17:33:40,7.520,1895017,1895017,0,1,37.496658,126.957848,0.018,188.0,0.021,1,187.0,"4.061,-6.120,6.804","0.672,-2.855,-0.038","-13.650,12.450,0.900",18523,8,1.40,37.496658,126.957850,2702,8,191,1,-80,-79.8,34640,53,16946
17:33:40,7.581,1895039,1895039,0,1,37.496658,126.957848,0.018,188.0,0.021,1,187.0,"4.070,-6.148,6.790","-0.191,-0.893,-1.557","-13.050,11.400,0.600",18523,8,1.40,37.496658,126.957850,2702,8,191,1,-80,-79.8,34640,75,16946
17:33:40,7.589,1895072,1895072,0,1,37.496658,126.957848,0.018,188.0,0.021,1,187.0,"4.089,-6.100,6.699","-1.351,-1.397,-0.244","-12.900,12.450,1.500",18524,8,1.40,37.496658,126.957850,2702,8,191,1,-76,-79.0,34641,10,16946
17:33:40,7.660,1895094,1895094,0,1,37.496658,126.957848,0.018,188.0,0.021,1,187.0,"4.128,-6.048,6.718","0.847,0.351,-1.221","-13.050,12.600,0.600",18524,8,1.40,37.496658,126.957850,2702,8,191,1,-76,-79.0,34641,32,16946
17:33:40,7.730,1895116,1895116,0,1,37.496658,126.957848,0.018,188.0,0.021,1,187.0,"4.108,-6.019,6.766","0.221,-1.420,-0.031","-13.650,13.500,0.900",18524,8,1.40,37.496658,126.957850,2702,8,191,1,-79,-79.0,34642,2,16947
17:33:40,7.737,1895138,1895138,0,1,37.496658,126.957848,0.018,188.0,0.021,1,187.0,"4.099,-6.005,6.752","0.939,-3.061,1.382","-15.150,13.500,-0.150",18524,8,1.40,37.496658,126.957850,2702,8,191,1,-79,-79.0,34642,24,16947
17:33:40,7.738,1895172,1895160,0,1,37.496658,126.957848,0.018,188.0,0.021,1,187.0,"4.037,-6.081,6.790","2.244,-2.427,1.611","-13.500,12.600,1.050",18525,8,1.40,37.496658,126.957850,2702,8,191,1,-80,-79.2,34643,0,16947
17:33:40,7.738,1895180,1895180,0,1,37.496658,126.957848,0.018,188.0,0.021,1,187.0,"4.080,-6.048,6.737","-1.290,-0.031,0.672","-13.650,12.750,0.900",18525,8,1.40,37.496658,126.957850,2702,8,191,1,-80,-79.2,34643,8,16947
17:33:40,7.810,1895202,1895202,0,1,37.496658,126.957848,0.018,188.0,0.021,1,187.0,"4.080,-6.086,6.780","0.985,-2.076,2.351","-13.800,12.300,0.600",18525,8,1.40,37.496658,126.957850,2702,8,191,1,-80,-79.2,34643,30,16947
17:33:40,7.819,1895224,1895224,0,1,37.496658,126.957848,0.018,188.0,0.021,1,187.0,"3.931,-5.990,6.709","-1.412,0.237,-0.321","-13.200,14.400,0.150",18525,8,1.40,37.496658,126.957850,2702,8,191,1,-80,-79.4,34644,5,16948
17:33:40,7.880,1895246,1895246,0,1,37.496658,126.957848,0.018,188.0,0.021,1,187.0,"4.104,-6.029,6.709","-2.359,0.420,-1.053","-14.550,13.350,1.050",18525,8,1.40,37.496658,126.957850,2702,8,191,1,-80,-79.4,34644,27,16948
17:33:40,7.887,1895279,1895279,0,1,37.496658,126.957848,0.018,188.0,0.021,1,187.0,"3.979,-6.043,6.742","-2.191,0.153,-0.168","-13.950,11.250,0.450",18526,8,1.40,37.496658,126.957850,2702,8,191,1,-82,-79.9,34645,9,16948
17:33:40,7.887,1895301,1895301,0,1,37.496658,126.957848,0.018,188.0,0.021,1,187.0,"3.955,-6.086,6.675","0.931,-2.618,0.031","-13.050,13.800,-1.050",18526,8,1.40,37.496658,126.957850,2702,8,191,1,-82,-79.9,34645,31,16948
17:33:40,7.888,1895323,1895323,0,1,37.496658,126.957848,0.018,188.0,0.021,1,187.0,"3.984,-6.148,6.656","-0.908,0.802,0.931","-13.800,12.300,1.050",18526,8,1.40,37.496658,126.957850,2702,8,191,1,-82,-79.9,34645,53,16948
17:33:40,7.960,1895345,1895345,0,1,37.496658,126.957848,0.018,188.0,0.021,1,187.0,"4.085,-6.009,6.761","0.634,1.344,-1.771","-13.050,13.050,0.300",18526,8,1.40,37.496658,126.957850,2702,8,191,1,-80,-79.9,34646,19,16949
17:33:40,7.969,1895379,1895367,0,1,37.496658,126.957848,0.018,188.0,0.021,1,187.0,"3.903,-5.971,6.776","-1.145,1.252,0.458","-12.900,13.200,-0.450",18527,8,1.40,37.496658,126.957850,2702,8,191,1,-80,-79.9,34646,53,16949
17:33:40,7.969,1895393,1895393,0,1,37.496658,126.957848,0.018,188.0,0.021,1,187.0,"4.013,-5.938,6.699","-1.115,-2.321,0.725","-11.550,13.050,0.300",18527,8,1.40,37.496658,126.957850,2702,8,191,1,-80,-79.9,34646,67,16949
17:33:40,7.969,1895415,1895415,0,1,37.496658,126.957848,0.018,188.0,0.021,1,187.0,"4.070,-6.024,6.675","-1.947,-2.901,0.802","-13.050,12.300,-0.300",18527,8,1.40,37.496658,126.957850,2702,8,191,1,-80,-79.9,34646,89,16949
17:33:40,7.969,1895437,1895437,0,1,37.496658,126.957848,0.018,188.0,0.021,1,187.0,"4.161,-6.053,6.704","-2.328,1.321,-2.107","-15.150,13.500,0.150",18527,8,1.40,37.496658,126.957850,2702,8,191,1,-77,-79.3,34647,12,16950
17:33:40,7.970,1895459,1895459,0,1,37.496658,126.957848,0.018,188.0,0.021,1,187.0,"3.998,-6.072,6.680","-2.168,-1.168,0.725","-12.450,13.500,0.450",18527,8,1.40,37.496658,126.957850,2702,8,191,1,-77,-79.3,34647,34,16950
17:33:41,8.031,1895487,1895487,0,1,37.496658,126.957848,0.018,188.0,0.021,1,187.0,"4.017,-6.134,6.723","-1.397,3.282,-2.046","-15.000,13.050,1.350",18528,8,1.40,37.496658,126.957850,2702,8,191,1,-81,-79.7,34648,3,16950
17:33:41,8.039,1895509,1895509,0,1,37.496658,126.957848,0.018,188.0,0.021,1,187.0,"4.075,-6.019,6.814","-1.237,-0.756,0.397","-14.400,14.400,0.900",18528,8,1.40,37.496658,126.957850,2702,8,191,1,-81,-79.7,34648,25,16950
17:33:41,8.039,1895531,1895531,0,1,37.496658,126.957848,0.015,188.0,0.010,1,187.0,"4.085,-6.000,6.713","0.305,-0.252,1.718","-14.700,13.500,0.450",18528,8,1.40,37.496657,126.957850,2703,8,191,1,-81,-79.9,34649,1,16951
17:33:41,8.110,1895553,1895553,0,1,37.496658,126.957848,0.015,188.0,0.010,1,187.0,"4.046,-5.981,6.761","-2.206,-2.878,0.870","-13.800,12.600,0.000",18528,8,1.40,37.496657,126.957850,2703,8,191,1,-81,-79.9,34649,23,16951
17:33:41,8.119,1895588,1895588,0,1,37.496658,126.957848,0.015,188.0,0.010,1,187.0,"4.104,-6.024,6.680","0.336,-0.168,0.580","-13.650,13.200,1.200",18529,8,1.40,37.496657,126.957850,2703,8,191,1,-80,-79.9,34650,12,16951
17:33:41,8.247,1895610,1895610,0,1,37.496658,126.957848,0.015,188.0,0.010,1,187.0,"4.171,-6.029,6.594","-1.817,0.939,-2.198","-13.800,13.350,0.000",18529,8,1.40,37.496657,126.957850,2703,8,191,1,-80,-79.9,34650,34,16951
17:33:41,8.265,1895632,1895632,0,1,37.496658,126.957848,0.015,188.0,0.010,1,187.0,"4.075,-6.053,6.838","-0.260,-0.710,0.649","-14.550,11.400,-0.600",18529,8,1.40,37.496657,126.957850,2703,8,191,1,-80,-79.9,34650,56,16951
17:33:41,8.265,1895654,1895654,0,1,37.496658,126.957848,0.013,188.0,0.010,1,187.0,"4.113,-6.172,6.766","0.695,-1.992,-0.466","-13.200,13.950,0.150",18529,8,1.40,37.496657,126.957850,2704,8,191,1,-80,-80.0,34651,17,16952
17:33:41,8.338,1895710,1895710,0,1,37.496658,126.957848,0.013,188.0,0.010,1,187.0,"4.099,-6.177,6.675","-2.214,-2.565,1.298","-14.550,13.050,0.000",18530,8,1.40,37.496657,126.957850,2704,8,191,1,-81,-80.2,34652,30,16952
17:33:41,8.352,1895732,1895732,0,1,37.496658,126.957848,0.013,188.0,0.010,1,187.0,"4.147,-6.096,6.776","-0.573,-1.267,-0.718","-13.200,12.000,-0.450",18530,8,1.40,37.496657,126.957850,2704,8,191,1,-81,-80.2,34652,52,16952
17:33:41,8.352,1895754,1895754,0,1,37.496658,126.957848,0.013,188.0,0.010,1,187.0,"4.147,-6.182,6.709","-2.985,-0.847,-2.282","-12.900,10.500,1.950",18530,8,1.40,37.496657,126.957850,2704,8,191,1,-81,-80.3,34653,9,16953
17:33:41,8.352,1895789,1895789,0,1,37.496658,126.957848,0.013,188.0,0.010,1,187.0,"4.089,-5.962,6.852","0.435,-1.206,0.443","-12.450,12.000,-0.150",18531,8,1.40,37.496657,126.957850,2704,8,191,1,-81,-80.5,34654,11,16953
17:33:41,8.352,1895811,1895811,0,1,37.496658,126.957848,0.013,188.0,0.010,1,187.0,"3.950,-6.009,6.709","-3.489,2.908,1.115","-13.200,11.700,-1.200",18531,8,1.40,37.496657,126.957850,2704,8,191,1,-81,-80.5,34654,33,16953
17:33:41,8.417,1895855,1895855,0,1,37.496658,126.957848,0.013,188.0,0.010,1,187.0,"4.161,-6.067,6.694","1.214,-1.832,-2.023","-12.900,12.450,0.150",18531,8,1.40,37.496657,126.957850,2704,8,191,1,-80,-80.4,34655,7,16954
17:33:41,8.428,1895890,1895890,0,1,37.496658,126.957848,0.013,188.0,0.010,1,187.0,"4.099,-5.971,6.761","-1.450,-0.557,3.153","-15.450,12.750,0.450",18532,8,1.40,37.496657,126.957850,2704,8,191,1,-80,-80.3,34656,7,16954
17:33:41,8.428,1895911,1895911,0,1,37.496658,126.957848,0.013,188.0,0.010,1,187.0,"3.970,-6.091,6.665","-0.427,0.573,-0.878","-14.400,13.500,0.450",18532,8,1.40,37.496657,126.957850,2704,8,191,1,-80,-80.3,34656,28,16954
17:33:41,8.490,1895933,1895933,0,1,37.496658,126.957848,0.013,188.0,0.010,1,187.0,"4.017,-6.139,6.761","0.771,1.954,-1.954","-12.000,12.300,1.050",18532,8,1.40,37.496657,126.957850,2704,8,191,1,-80,-80.3,34656,50,16954
17:33:41,8.500,1895955,1895955,0,1,37.496658,126.957848,0.013,188.0,0.010,1,187.0,"4.022,-5.976,6.761","0.466,-3.115,-0.542","-13.500,12.600,2.100",18532,8,1.40,37.496657,126.957850,2704,8,191,1,-80,-80.3,34656,72,16954
17:33:41,8.500,1895990,1895990,0,1,37.496658,126.957848,0.013,188.0,0.010,1,187.0,"4.099,-6.029,6.771","-1.489,-0.176,-1.931","-14.250,11.850,1.350",18533,8,1.40,37.496657,126.957850,2704,8,191,1,-85,-81.2,34657,9,16954
17:33:41,8.561,1896012,1896012,0,1,37.496658,126.957848,0.013,188.0,0.010,1,187.0,"4.022,-6.014,6.723","-2.344,-0.260,-1.015","-13.200,13.500,0.900",18533,8,1.40,37.496657,126.957850,2704,8,191,1,-85,-81.2,34657,31,16954
17:33:41,8.569,1896034,1896034,0,1,37.496658,126.957848,0.013,188.0,0.010,1,187.0,"4.051,-6.139,6.594","-2.145,-1.008,-2.099","-12.300,12.600,0.600",18533,8,1.40,37.496657,126.957850,2704,8,191,1,-85,-81.2,34657,53,16954
17:33:41,8.569,1896056,1896056,0,1,37.496658,126.957848,0.013,188.0,0.010,1,187.0,"4.041,-6.124,6.704","-0.130,-2.229,-1.145","-13.950,11.250,-0.150",18533,8,1.40,37.496657,126.957850,2704,8,191,1,-85,-81.2,34657,75,16954
17:33:41,8.629,1896089,1896089,0,1,37.496658,126.957848,0.013,188.0,0.010,1,187.0,"4.051,-6.048,6.809","-1.252,-0.038,2.870","-13.200,12.450,0.450",18534,8,1.40,37.496657,126.957850,2704,8,191,1,-81,-81.2,34659,3,16955
17:33:41,8.637,1896111,1896111,0,1,37.496658,126.957848,0.013,188.0,0.010,1,187.0,"3.946,-6.029,6.737","-2.718,-1.290,-1.305","-12.750,12.600,0.600",18534,8,1.40,37.496657,126.957850,2704,8,191,1,-81,-81.2,34659,25,16955
17:33:41,8.637,1896133,1896133,0,1,37.496658,126.957848,0.013,188.0,0.010,1,187.0,"3.994,-6.110,6.723","0.351,0.092,-0.153","-12.150,12.450,-0.450",18534,8,1.40,37.496657,126.957850,2704,8,191,1,-81,-81.2,34659,47,16955
17:33:41,8.774,1896155,1896155,0,1,37.496658,126.957848,0.013,188.0,0.010,1,187.0,"4.085,-6.120,6.790","-0.511,-2.504,1.695","-13.950,12.450,0.900",18534,8,1.40,37.496657,126.957850,2704,8,191,1,-81,-81.2,34659,69,16955
17:33:41,8.790,1896189,1896177,0,1,37.496658,126.957848,0.013,188.0,0.010,1,187.0,"4.003,-6.081,6.680","-1.618,-0.809,-0.771","-12.450,12.750,1.200",18535,8,1.40,37.496657,126.957850,2704,8,191,1,-81,-81.1,34661,1,16956
17:33:41,8.791,1896197,1896197,0,1,37.496658,126.957848,0.013,188.0,0.010,1,187.0,"4.051,-6.105,6.771","-0.183,1.183,3.015","-12.900,13.500,1.950",18535,8,1.40,37.496657,126.957850,2704,8,191,1,-81,-81.1,34661,9,16956
17:33:41,8.791,1896219,1896219,0,1,37.496658,126.957848,0.013,188.0,0.010,1,187.0,"3.950,-6.029,6.814","-1.756,0.313,-1.580","-14.550,13.050,0.600",18535,8,1.40,37.496657,126.957850,2704,8,191,1,-81,-81.1,34661,31,16956
17:33:41,8.859,1896241,1896241,0,1,37.496658,126.957848,0.013,188.0,0.010,1,187.0,"4.041,-6.100,6.761","-1.023,0.504,-0.649","-13.050,13.350,0.000",18535,8,1.40,37.496657,126.957850,2704,8,191,1,-81,-81.1,34661,53,16956
17:33:41,8.868,1896263,1896263,0,1,37.496658,126.957848,0.013,188.0,0.010,1,187.0,"4.094,-6.172,6.771","-3.573,2.252,1.718","-14.400,13.500,1.200",18535,8,1.40,37.496657,126.957850,2704,8,191,1,-81,-81.1,34661,75,16956
17:33:41,8.869,1896296,1896296,0,1,37.496658,126.957848,0.013,188.0,0.010,1,187.0,"4.008,-6.053,6.718","-1.061,0.840,0.534","-13.800,13.050,0.600",18536,8,1.40,37.496657,126.957850,2704,8,191,1,-81,-81.1,34663,9,16957
17:33:41,8.869,1896318,1896318,0,1,37.496658,126.957848,0.013,188.0,0.010,1,187.0,"3.989,-6.110,6.761","-0.252,-5.260,0.183","-12.900,13.200,-0.150",18536,8,1.40,37.496657,126.957850,2704,8,191,1,-81,-81.1,34663,31,16957
17:33:42,8.991,1896340,1896340,0,1,37.496658,126.957848,0.013,188.0,0.010,1,187.0,"4.075,-6.124,6.852","0.191,-5.229,1.282","-12.900,13.200,0.150",18536,8,1.40,37.496657,126.957850,2704,8,191,1,-81,-81.1,34663,53,16957
17:33:42,9.007,1896362,1896362,0,1,37.496658,126.957848,0.013,188.0,0.010,1,187.0,"4.041,-6.072,6.756","-2.740,0.351,-1.000","-15.900,12.000,0.150",18536,8,1.40,37.496657,126.957850,2704,8,191,1,-81,-81.1,34663,75,16957
17:33:42,9.007,1896396,1896384,0,1,37.496658,126.957848,0.013,188.0,0.010,1,187.0,"4.104,-6.177,6.747","-3.038,0.748,-1.580","-11.400,12.000,0.900",18537,8,1.40,37.496657,126.957850,2704,8,191,1,-79,-80.7,34664,24,16958
17:33:42,9.007,1896404,1896404,0,1,37.496658,126.957848,0.013,188.0,0.010,1,187.0,"3.907,-6.144,6.747","-0.733,-2.015,1.412","-13.950,13.200,0.900",18537,8,1.40,37.496657,126.957850,2704,8,191,1,-80,-80.5,34665,4,16958
17:33:42,9.007,1896426,1896426,0,1,37.496658,126.957848,0.013,188.0,0.010,1,187.0,"4.065,-6.043,6.756","-0.618,-0.985,0.718","-13.050,12.300,-0.300",18537,8,1.40,37.496657,126.957850,2704,8,191,1,-80,-80.5,34665,26,16958
17:33:42,9.077,1896448,1896448,0,1,37.496658,126.957848,0.013,188.0,0.010,1,187.0,"4.209,-6.005,6.785","-1.939,-0.023,0.893","-12.000,10.650,0.000",18537,8,1.40,37.496657,126.957850,2704,8,191,1,-80,-80.5,34665,48,16958
17:33:42,9.086,1896470,1896470,0,1,37.496658,126.957848,0.013,188.0,0.010,1,187.0,"3.898,-6.062,6.651","-0.550,-0.389,2.405","-14.550,13.350,0.300",18537,8,1.40,37.496657,126.957850,2704,8,191,1,-80,-80.5,34665,70,16958
17:33:42,9.086,1896505,1896505,0,1,37.496658,126.957848,0.013,188.0,0.010,1,187.0,"3.979,-5.966,6.713","-0.802,0.053,-1.802","-14.250,13.050,2.100",18538,8,1.40,37.496657,126.957850,2704,8,191,1,-80,-80.3,34667,5,16959
17:33:42,9.146,1896549,1896549,0,1,37.496658,126.957848,0.012,188.0,0.010,1,187.0,"4.041,-5.899,6.723","-1.015,-0.954,-0.397","-13.950,12.750,1.500",18538,8,1.40,37.496656,126.957850,2705,8,191,1,-80,-80.3,34667,49,16959
17:33:42,9.154,1896571,1896571,0,1,37.496658,126.957848,0.012,188.0,0.010,1,187.0,"3.917,-6.148,6.814","-1.748,-1.450,-0.336","-13.650,12.450,1.200",18538,8,1.40,37.496656,126.957850,2705,8,191,1,-80,-80.3,34667,71,16959
17:33:42,9.154,1896606,1896606,0,1,37.496658,126.957848,0.012,188.0,0.010,1,187.0,"4.089,-6.144,6.637","0.015,0.427,1.786","-14.250,11.850,-0.300",18539,8,1.40,37.496656,126.957850,2705,8,191,1,-81,-80.3,34669,8,16960
17:33:42,9.226,1896627,1896627,0,1,37.496658,126.957848,0.012,188.0,0.010,1,187.0,"4.013,-6.072,6.603","0.069,-2.687,0.511","-14.700,12.000,-0.450",18539,8,1.40,37.496656,126.957850,2705,8,191,1,-81,-80.3,34669,29,16960
17:33:42,9.296,1896649,1896649,0,1,37.496658,126.957848,0.012,188.0,0.010,1,187.0,"4.051,-6.019,6.747","-2.748,-0.267,-1.374","-13.800,14.100,0.300",18539,8,1.40,37.496656,126.957850,2705,8,191,1,-81,-80.3,34669,51,16960
17:33:42,9.304,1896671,1896671,0,1,37.496658,126.957848,0.012,188.0,0.010,1,187.0,"4.027,-6.009,6.766","-1.901,-0.756,0.008","-13.950,12.750,1.200",18539,8,1.40,37.496656,126.957850,2706,8,191,1,-81,-80.3,34669,73,16960
17:33:42,9.304,1896706,1896706,0,1,37.496658,126.957848,0.012,188.0,0.010,1,187.0,"4.089,-6.206,6.795","-0.183,-1.191,-0.397","-13.800,13.050,-1.350",18540,8,1.40,37.496656,126.957850,2706,8,191,1,-80,-80.2,34670,7,16960
17:33:42,9.304,1896727,1896727,0,1,37.496658,126.957848,0.012,188.0,0.010,1,187.0,"4.156,-6.124,6.651","-1.061,0.053,0.008","-12.450,12.450,-0.900",18540,8,1.40,37.496656,126.957850,2706,8,191,1,-80,-80.2,34670,28,16960
17:33:42,9.376,1896749,1896749,0,1,37.496658,126.957848,0.012,188.0,0.010,1,187.0,"4.041,-6.033,6.800","-3.740,-0.130,-2.160","-13.650,12.750,1.200",18540,8,1.40,37.496656,126.957850,2706,8,191,1,-80,-80.2,34670,50,16960
17:33:42,9.386,1896771,1896771,0,1,37.496658,126.957848,0.012,188.0,0.010,1,187.0,"4.161,-6.206,6.771","-1.786,0.191,-0.931","-13.950,12.750,-0.150",18540,8,1.40,37.496656,126.957850,2706,8,191,1,-80,-80.2,34670,72,16960
17:33:42,9.386,1896806,1896806,0,1,37.496658,126.957848,0.012,188.0,0.010,1,187.0,"4.108,-6.144,6.737","-2.069,0.046,-3.099","-15.000,12.600,0.300",18541,8,1.40,37.496656,126.957850,2706,8,191,1,-81,-80.3,34672,2,16961
17:33:42,9.447,1896871,1896871,0,1,37.496658,126.957848,0.012,188.0,0.010,1,187.0,"3.979,-6.086,6.661","-0.748,0.023,-0.229","-14.250,12.600,1.350",18541,8,1.40,37.496656,126.957850,2706,8,191,1,-81,-80.3,34672,67,16961
17:33:42,9.455,1896906,1896906,0,1,37.496658,126.957848,0.012,188.0,0.010,1,187.0,"4.032,-6.014,6.704","-0.840,-2.824,-1.427","-14.700,12.750,0.150",18542,8,1.40,37.496656,126.957850,2706,8,191,1,-81,-80.5,34673,11,16961
17:33:42,9.455,1896927,1896927,0,1,37.496658,126.957848,0.012,188.0,0.010,1,187.0,"3.994,-6.043,6.785","-0.725,-0.809,1.756","-15.150,13.200,1.200",18542,8,1.40,37.496656,126.957850,2706,8,191,1,-78,-80.0,34674,19,16962
17:33:42,9.455,1896949,1896949,0,1,37.496658,126.957848,0.012,188.0,0.010,1,187.0,"4.075,-5.942,6.752","-0.756,2.504,2.550","-14.400,12.750,0.900",18542,8,1.40,37.496656,126.957850,2706,8,191,1,-78,-80.0,34674,41,16962
17:33:42,9.527,1896971,1896971,0,1,37.496658,126.957848,0.012,188.0,0.010,1,187.0,"4.070,-5.962,6.694","-1.595,-1.496,-0.511","-13.650,12.000,0.450",18542,8,1.40,37.496656,126.957850,2706,8,191,1,-78,-80.0,34674,63,16962
17:33:42,9.536,1897006,1897006,0,1,37.496658,126.957848,0.012,188.0,0.010,1,187.0,"4.013,-6.072,6.742","-0.901,-1.954,0.061","-13.500,13.800,-0.300",18543,8,1.40,37.496656,126.957850,2706,8,191,1,-80,-80.0,34675,7,16962
17:33:42,9.536,1897027,1897027,0,1,37.496658,126.957848,0.012,188.0,0.010,1,187.0,"4.123,-6.134,6.752","-1.145,0.282,0.954","-14.550,10.650,-0.300",18543,8,1.40,37.496656,126.957850,2706,8,191,1,-78,-79.6,34676,20,16963
17:33:42,9.597,1897049,1897049,0,1,37.496658,126.957848,0.012,188.0,0.010,1,187.0,"4.017,-6.048,6.833","-1.878,2.145,-1.244","-12.450,13.200,0.150",18543,8,1.40,37.496656,126.957850,2706,8,191,1,-78,-79.6,34676,42,16963
17:33:42,9.605,1897071,1897071,0,1,37.496658,126.957848,0.012,188.0,0.010,1,187.0,"4.070,-6.105,6.800","0.611,-2.588,1.015","-14.250,13.050,0.000",18543,8,1.40,37.496656,126.957850,2706,8,191,1,-78,-79.6,34676,64,16963
17:33:42,9.605,1897104,1897104,0,1,37.496658,126.957848,0.012,188.0,0.010,1,187.0,"3.903,-6.215,6.809","-0.748,-0.290,-0.809","-12.450,13.200,-0.150",18544,8,1.40,37.496656,126.957850,2706,8,191,1,-81,-79.9,34677,10,16963
17:33:42,9.676,1897126,1897126,0,1,37.496658,126.957848,0.012,188.0,0.010,1,187.0,"3.950,-6.215,6.694","-0.763,-5.053,-0.847","-14.550,11.400,0.300",18544,8,1.40,37.496656,126.957850,2706,8,191,1,-81,-80.1,34678,11,16964
17:33:42,9.686,1897148,1897148,0,1,37.496658,126.957848,0.012,188.0,0.010,1,187.0,"4.166,-6.043,6.761","0.076,-0.290,-0.443","-13.800,11.400,1.800",18544,8,1.40,37.496656,126.957850,2706,8,191,1,-81,-80.1,34678,33,16964
17:33:42,9.810,1897170,1897170,0,1,37.496658,126.957848,0.012,188.0,0.010,1,187.0,"4.046,-6.100,6.699","0.511,0.611,1.634","-13.500,11.100,0.300",18544,8,1.40,37.496656,126.957850,2706,8,191,1,-81,-80.1,34678,55,16964
17:33:42,9.827,1897204,1897192,0,1,37.496658,126.957848,0.012,188.0,0.010,1,187.0,"4.195,-6.105,6.670","-2.458,-1.107,1.008","-12.900,13.950,0.450",18545,8,1.40,37.496656,126.957850,2706,8,191,1,-81,-80.1,34678,89,16964
17:33:42,9.827,1897212,1897212,0,1,37.496658,126.957848,0.012,188.0,0.010,1,187.0,"4.113,-6.019,6.785","-3.115,0.664,0.305","-13.950,13.200,-0.450",18545,8,1.40,37.496656,126.957850,2706,8,191,1,-80,-80.1,34679,7,16964
17:33:42,9.827,1897234,1897234,0,1,37.496658,126.957848,0.012,188.0,0.010,1,187.0,"4.152,-6.076,6.871","-1.878,1.893,-2.290","-14.250,12.300,0.300",18545,8,1.40,37.496656,126.957850,2706,8,191,1,-80,-80.1,34680,17,16965
17:33:42,9.892,1897256,1897256,0,1,37.496658,126.957848,0.012,188.0,0.010,1,187.0,"4.032,-6.110,6.795","-1.656,-1.382,1.038","-14.700,12.450,0.150",18545,8,1.40,37.496656,126.957850,2706,8,191,1,-80,-80.1,34680,39,16965
17:33:42,9.901,1897278,1897278,0,1,37.496658,126.957848,0.012,188.0,0.010,1,187.0,"4.008,-5.962,6.881","-1.137,-3.366,-0.718","-13.500,14.100,0.000",18545,8,1.40,37.496656,126.957850,2706,8,191,1,-80,-80.1,34680,61,16965
17:33:42,9.902,1897311,1897311,0,1,37.496658,126.957848,0.012,188.0,0.010,1,187.0,"3.998,-6.053,6.766","-0.679,-1.336,-2.084","-14.250,13.800,-0.300",18546,8,1.40,37.496656,126.957850,2706,8,191,1,-80,-80.1,34680,94,16965
17:33:42,9.902,1897333,1897333,0,1,37.496658,126.957848,0.012,188.0,0.010,1,187.0,"4.065,-6.144,6.718","-1.466,-1.947,2.160","-12.150,13.950,0.450",18546,8,1.40,37.496656,126.957850,2706,8,191,1,-78,-79.2,34682,13,16966
17:33:42,9.953,1897355,1897355,0,1,37.496658,126.957848,0.012,188.0,0.010,1,187.0,"4.027,-6.062,6.742","-1.328,-0.359,-0.672","-13.950,13.200,-0.150",18546,8,1.40,37.496656,126.957850,2706,8,191,1,-78,-79.2,34682,35,16966
17:33:43,10.034,1897377,1897377,0,1,37.496658,126.957848,0.012,188.0,0.010,1,187.0,"4.094,-6.091,6.709","-2.832,-0.313,0.466","-14.700,10.500,0.900",18546,8,1.40,37.496656,126.957850,2706,8,191,1,-78,-79.2,34682,57,16966
17:33:43,10.043,1897411,1897399,0,1,37.496658,126.957848,0.012,188.0,0.010,1,187.0,"4.032,-5.986,6.809","-0.275,2.267,-1.710","-12.450,12.450,-0.900",18547,8,1.40,37.496656,126.957850,2706,8,191,1,-80,-79.3,34683,3,16966
17:33:43,10.043,1897419,1897419,0,1,37.496658,126.957848,0.012,188.0,0.010,1,187.0,"4.132,-6.005,6.795","2.412,0.756,2.183","-13.800,12.600,0.300",18547,8,1.40,37.496656,126.957850,2706,8,191,1,-80,-79.3,34683,11,16966
17:33:43,10.043,1897441,1897441,0,1,37.496658,126.957848,0.012,188.0,0.010,1,187.0,"4.195,-6.076,6.742","-1.267,-2.695,-0.832","-13.800,13.050,-0.600",18547,8,1.40,37.496656,126.957850,2706,8,191,1,-81,-79.7,34684,14,16967
17:33:43,10.107,1897463,1897463,0,1,37.496658,126.957848,0.012,188.0,0.010,1,187.0,"4.003,-5.899,6.776","-1.145,0.122,0.740","-12.750,14.850,0.000",18547,8,1.40,37.496656,126.957850,2706,8,191,1,-81,-79.7,34684,36,16967
17:33:43,10.117,1897485,1897485,0,1,37.496658,126.957848,0.012,188.0,0.010,1,187.0,"4.061,-6.076,6.704","-1.359,1.168,1.260","-14.550,13.050,0.000",18547,8,1.40,37.496656,126.957850,2706,8,191,1,-81,-79.7,34684,58,16967
17:33:43,10.117,1897520,1897520,0,1,37.496658,126.957848,0.012,188.0,0.010,1,187.0,"4.022,-5.909,6.723","-1.282,-0.496,-2.374","-12.900,14.400,-0.450",18548,8,1.40,37.496656,126.957850,2706,8,191,1,-85,-80.7,34685,3,16967
17:33:43,10.117,1897542,1897542,0,1,37.496655,126.957848,0.009,188.0,0.005,1,187.0,"3.922,-6.144,6.819","1.031,-0.740,-0.244","-13.650,10.950,0.450",18548,8,1.40,37.496655,126.957850,2707,8,191,1,-80,-80.6,34686,13,16968
17:33:43,10.177,1897564,1897564,0,1,37.496655,126.957848,0.009,188.0,0.005,1,187.0,"4.061,-6.014,6.598","-0.389,-1.847,-1.366","-13.200,12.000,0.450",18548,8,1.40,37.496655,126.957850,2707,8,191,1,-80,-80.6,34686,35,16968
17:33:43,10.185,1897586,1897586,0,1,37.496655,126.957848,0.009,188.0,0.005,1,187.0,"4.199,-6.005,6.795","-0.977,2.405,-3.038","-13.650,12.750,0.450",18548,8,1.40,37.496655,126.957850,2707,8,191,1,-80,-80.6,34686,57,16968
17:33:43,10.185,1897621,1897621,0,1,37.496655,126.957848,0.009,188.0,0.005,1,187.0,"4.104,-6.115,6.680","-1.076,-3.008,1.206","-12.900,10.500,0.450",18549,8,1.40,37.496655,126.957850,2707,8,191,1,-80,-80.6,34686,92,16968
17:33:43,10.249,1897643,1897643,0,1,37.496655,126.957848,0.009,188.0,0.005,1,187.0,"4.046,-5.895,6.732","-0.359,-1.733,-2.382","-13.050,13.800,0.000",18549,8,1.40,37.496655,126.957850,2707,8,191,1,-79,-80.3,34687,10,16968
17:33:43,10.331,1897665,1897665,0,1,37.496655,126.957848,0.008,188.0,0.005,1,187.0,"3.984,-5.957,6.756","1.061,-1.137,-0.542","-15.300,12.600,0.300",18549,8,1.40,37.496655,126.957850,2708,8,191,1,-80,-80.2,34688,20,16969
17:33:43,10.340,1897687,1897687,0,1,37.496655,126.957848,0.008,188.0,0.005,1,187.0,"4.022,-5.923,6.718","-1.298,-3.802,0.840","-14.250,11.850,-0.600",18549,8,1.40,37.496655,126.957850,2708,8,191,1,-80,-80.2,34688,42,16969
17:33:43,10.340,1897722,1897722,0,1,37.496655,126.957848,0.008,188.0,0.005,1,187.0,"4.046,-6.024,6.699","-2.542,-2.008,0.649","-14.400,12.750,0.450",18550,8,1.40,37.496655,126.957850,2708,8,191,1,-80,-80.2,34688,77,16969
17:33:43,10.340,1897743,1897743,0,1,37.496655,126.957848,0.008,188.0,0.005,1,187.0,"4.027,-6.144,6.814","0.015,-3.710,2.618","-13.050,13.050,-0.300",18550,8,1.40,37.496655,126.957850,2708,8,191,1,-80,-80.2,34689,17,16969
17:33:43,10.412,1897765,1897765,0,1,37.496655,126.957848,0.008,188.0,0.005,1,187.0,"3.931,-6.158,6.670","-0.893,-2.420,2.740","-12.900,13.200,-0.450",18550,8,1.40,37.496655,126.957850,2708,8,191,1,-81,-80.3,34690,16,16970
17:33:43,10.426,1897787,1897787,0,1,37.496655,126.957848,0.008,188.0,0.005,1,187.0,"4.080,-6.038,6.685","-1.069,-2.611,-0.328","-13.050,14.100,-1.050",18550,8,1.40,37.496655,126.957850,2708,8,191,1,-81,-80.3,34690,38,16970
17:33:43,10.426,1897822,1897822,0,1,37.496655,126.957848,0.008,188.0,0.005,1,187.0,"4.032,-6.005,6.838","0.534,-1.237,0.046","-12.750,11.400,0.000",18551,8,1.40,37.496655,126.957850,2708,8,191,1,-79,-80.1,34691,4,16970
17:33:43,10.426,1897843,1897843,0,1,37.496655,126.957848,0.008,188.0,0.005,1,187.0,"3.998,-6.091,6.747","-0.366,-1.786,0.260","-14.250,13.350,-0.300",18551,8,1.40,37.496655,126.957850,2708,8,191,1,-79,-80.1,34691,25,16970
17:33:43,10.426,1897865,1897865,0,1,37.496655,126.957848,0.008,188.0,0.005,1,187.0,"4.156,-6.110,6.766","0.542,0.359,-1.031","-15.000,13.050,-0.600",18551,8,1.40,37.496655,126.957850,2708,8,191,1,-79,-79.9,34692,9,16971
17:33:43,10.426,1897887,1897887,0,1,37.496655,126.957848,0.008,188.0,0.005,1,187.0,"4.180,-6.019,6.732","-1.061,-1.496,0.130","-13.950,14.400,0.450",18551,8,1.40,37.496655,126.957850,2708,8,191,1,-79,-79.9,34692,31,16971
17:33:43,10.493,1897922,1897922,0,1,37.496655,126.957848,0.008,188.0,0.005,1,187.0,"4.065,-6.062,6.804","-1.397,-5.336,2.412","-12.900,13.200,-0.150",18552,8,1.40,37.496655,126.957850,2708,8,191,1,-80,-79.9,34693,16,16971
17:33:43,10.505,1897943,1897943,0,1,37.496655,126.957848,0.008,188.0,0.005,1,187.0,"4.070,-5.942,6.689","1.809,-1.496,-0.061","-13.050,12.300,-0.300",18552,8,1.40,37.496655,126.957850,2708,8,191,1,-80,-79.9,34693,37,16971
17:33:43,10.505,1897965,1897965,0,1,37.496655,126.957848,0.008,188.0,0.005,1,187.0,"4.108,-6.115,6.713","-1.099,-4.641,0.748","-13.200,13.950,-0.150",18552,8,1.40,37.496655,126.957850,2708,8,191,1,-82,-80.3,34694,0,16972
17:33:43,10.505,1897987,1897987,0,1,37.496655,126.957848,0.008,188.0,0.005,1,187.0,"4.142,-6.081,6.661","-0.595,-0.817,0.550","-14.700,14.400,1.500",18552,8,1.40,37.496655,126.957850,2708,8,191,1,-82,-80.3,34694,22,16972
17:33:43,10.576,1898022,1898022,0,1,37.496655,126.957848,0.008,188.0,0.005,1,187.0,"4.108,-6.043,6.747","0.649,-2.771,0.687","-14.400,12.450,0.150",18553,8,1.40,37.496655,126.957850,2708,8,191,1,-81,-80.4,34695,10,16972
17:33:43,10.586,1898043,1898043,0,1,37.496655,126.957848,0.008,188.0,0.005,1,187.0,"3.922,-5.942,6.694","-2.595,-0.901,0.962","-12.150,13.500,-0.150",18553,8,1.40,37.496655,126.957850,2708,8,191,1,-81,-80.4,34695,31,16972
17:33:43,10.586,1898065,1898065,0,1,37.496655,126.957848,0.008,188.0,0.005,1,187.0,"4.003,-6.029,6.646","0.145,-2.061,0.947","-12.150,14.400,0.900",18553,8,1.40,37.496655,126.957850,2708,8,191,1,-81,-80.4,34695,53,16972
17:33:43,10.646,1898087,1898087,0,1,37.496655,126.957848,0.008,188.0,0.005,1,187.0,"4.008,-6.139,6.709","-2.221,-0.496,0.359","-12.750,13.800,-0.600",18553,8,1.40,37.496655,126.957850,2708,8,191,1,-81,-80.6,34696,21,16973
17:33:43,10.653,1898120,1898120,0,1,37.496655,126.957848,0.008,188.0,0.005,1,187.0,"4.061,-5.966,6.685","-1.214,0.527,-0.107","-13.800,11.100,-0.300",18554,8,1.40,37.496655,126.957850,2708,8,191,1,-81,-80.6,34696,54,16973
17:33:43,10.654,1898142,1898142,0,1,37.496655,126.957848,0.008,188.0,0.005,1,187.0,"4.056,-6.029,6.747","-2.137,-0.473,-1.229","-13.050,12.300,1.350",18554,8,1.40,37.496655,126.957850,2708,8,191,1,-79,-80.2,34697,19,16973
17:33:43,10.726,1898164,1898164,0,1,37.496655,126.957848,0.008,188.0,0.005,1,187.0,"4.070,-6.124,6.718","-1.290,-0.840,-0.748","-14.400,12.000,0.150",18554,8,1.40,37.496655,126.957850,2708,8,191,1,-79,-80.2,34697,41,16973
17:33:43,10.736,1898186,1898186,0,1,37.496655,126.957848,0.008,188.0,0.005,1,187.0,"4.032,-6.139,6.680","-2.649,1.198,0.641","-14.400,12.750,0.150",18554,8,1.40,37.496655,126.957850,2708,8,191,1,-81,-80.4,34698,13,16974
17:33:43,10.736,1898220,1898208,0,1,37.496655,126.957848,0.008,188.0,0.005,1,187.0,"4.156,-6.148,6.680","-0.664,-2.489,1.351","-12.450,12.750,0.450",18555,8,1.40,37.496655,126.957850,2708,8,191,1,-81,-80.4,34698,47,16974
17:33:43,10.796,1898228,1898228,0,1,37.496655,126.957848,0.008,188.0,0.005,1,187.0,"4.041,-6.048,6.709","-2.053,0.366,-1.450","-13.500,13.050,-0.600",18555,8,1.40,37.496655,126.957850,2708,8,191,1,-81,-80.4,34698,55,16974
17:33:43,10.803,1898250,1898250,0,1,37.496655,126.957848,0.008,188.0,0.005,1,187.0,"4.223,-6.019,6.766","-0.534,-3.550,1.137","-13.050,11.850,1.050",18555,8,1.40,37.496655,126.957850,2708,8,191,1,-81,-80.5,34699,18,16974
17:33:43,10.877,1898272,1898272,0,1,37.496655,126.957848,0.008,188.0,0.005,1,187.0,"4.022,-6.139,6.713","-2.405,1.099,-1.664","-13.050,13.050,0.300",18555,8,1.40,37.496655,126.957850,2708,8,191,1,-81,-80.5,34699,40,16974
17:33:43,10.886,1898294,1898294,0,1,37.496655,126.957848,0.008,188.0,0.005,1,187.0,"3.965,-6.057,6.752","-0.313,-1.947,-2.687","-13.800,13.050,-0.300",18555,8,1.40,37.496655,126.957850,2708,8,191,1,-81,-80.6,34700,20,16975
17:33:43,10.947,1898327,1898327,0,1,37.496655,126.957848,0.008,188.0,0.005,1,187.0,"3.998,-5.976,6.804","-0.779,-0.580,-0.771","-13.200,13.500,-0.150",18556,8,1.40,37.496655,126.957850,2708,8,191,1,-81,-80.6,34700,53,16975
17:33:43,10.955,1898349,1898349,0,1,37.496655,126.957848,0.008,188.0,0.005,1,187.0,"4.195,-6.110,6.761","-0.053,-0.168,-1.145","-13.950,13.200,0.900",18556,8,1.40,37.496655,126.957850,2708,8,191,1,-80,-80.5,34701,16,16975
17:33:43,10.955,1898371,1898371,0,1,37.496655,126.957848,0.008,188.0,0.005,1,187.0,"3.970,-6.081,6.761","0.023,-0.618,0.565","-13.950,13.500,0.450",18556,8,1.40,37.496655,126.957850,2708,8,191,1,-80,-80.5,34701,38,16975
17:33:44,11.026,1898393,1898393,0,1,37.496655,126.957848,0.008,188.0,0.005,1,187.0,"4.051,-5.981,6.819","-2.458,-0.954,-0.489","-13.650,12.750,0.900",18556,8,1.40,37.496655,126.957850,2708,8,191,1,-80,-80.4,34702,15,16976
17:33:44,11.036,1898427,1898415,0,1,37.496655,126.957848,0.008,188.0,0.005,1,187.0,"4.013,-6.096,6.752","-0.580,-2.176,0.878","-13.500,12.600,0.600",18557,8,1.40,37.496655,126.957850,2708,8,191,1,-78,-79.9,34703,2,16976
17:33:44,11.036,1898435,1898435,0,1,37.496655,126.957848,0.008,188.0,0.005,1,187.0,"4.118,-6.057,6.718","-1.573,-1.802,1.443","-13.200,12.750,0.150",18557,8,1.40,37.496655,126.957850,2708,8,191,1,-78,-79.9,34703,10,16976
17:33:44,11.036,1898457,1898457,0,1,37.496655,126.957848,0.008,188.0,0.005,1,187.0,"3.941,-6.196,6.618","-0.725,0.939,2.443","-10.950,13.500,1.950",18557,8,1.40,37.496655,126.957850,2708,8,191,1,-78,-79.9,34703,32,16976
17:33:44,11.036,1898479,1898479,0,1,37.496655,126.957848,0.008,188.0,0.005,1,187.0,"4.123,-6.019,6.728","-2.031,0.237,-1.443","-12.900,13.500,0.150",18557,8,1.40,37.496655,126.957850,2708,8,191,1,-78,-79.9,34703,54,16976
17:33:44,11.097,1898501,1898501,0,1,37.496655,126.957848,0.008,188.0,0.005,1,187.0,"4.209,-5.947,6.661","0.015,0.565,0.130","-14.400,13.200,0.450",18557,8,1.40,37.496655,126.957850,2708,8,191,1,-80,-79.9,34704,16,16977
17:33:44,11.104,1898536,1898536,0,1,37.496655,126.957848,0.007,188.0,0.005,1,187.0,"4.065,-6.024,6.814","-1.389,-2.038,-0.420","-13.800,13.050,0.600",18558,8,1.40,37.496654,126.957851,2709,8,191,1,-81,-80.1,34705,4,16977
17:33:44,11.105,1898558,1898558,0,1,37.496655,126.957848,0.007,188.0,0.005,1,187.0,"4.147,-6.053,6.680","-1.252,0.336,-0.053","-13.800,13.350,0.300",18558,8,1.40,37.496654,126.957851,2709,8,191,1,-81,-80.1,34705,26,16977
17:33:44,11.105,1898580,1898580,0,1,37.496655,126.957848,0.007,188.0,0.005,1,187.0,"4.099,-6.062,6.814","-1.183,-0.290,2.336","-12.750,13.350,0.000",18558,8,1.40,37.496654,126.957851,2709,8,191,1,-81,-80.1,34705,48,16977
17:33:44,11.240,1898602,1898602,0,1,37.496655,126.957848,0.007,188.0,0.005,1,187.0,"4.022,-6.129,6.704","-0.824,-0.618,-0.863","-13.800,11.850,-0.600",18558,8,1.40,37.496654,126.957851,2709,8,191,1,-81,-80.3,34706,10,16978
17:33:44,11.258,1898637,1898637,0,1,37.496655,126.957848,0.007,188.0,0.005,1,187.0,"4.089,-5.976,6.680","0.588,-2.565,0.908","-14.700,13.200,1.200",18559,8,1.40,37.496654,126.957851,2709,8,191,1,-81,-80.3,34706,45,16978
17:33:44,11.259,1898659,1898659,0,1,37.496655,126.957848,0.006,188.0,0.005,1,187.0,"4.075,-6.201,6.594","-2.695,-0.046,0.916","-11.550,13.800,-0.300",18559,7,1.40,37.496654,126.957851,2710,8,191,1,-80,-80.3,34707,21,16978
17:33:44,11.326,1898681,1898681,0,1,37.496655,126.957848,0.006,188.0,0.005,1,187.0,"4.008,-6.043,6.790","-2.191,-0.481,2.763","-13.800,14.550,-2.100",18559,7,1.40,37.496654,126.957851,2710,8,191,1,-80,-80.3,34707,43,16978
17:33:44,11.335,1898738,1898738,0,1,37.496655,126.957848,0.006,188.0,0.005,1,187.0,"4.008,-6.086,6.742","1.885,0.267,-1.916","-14.700,11.700,-0.900",18560,7,1.40,37.496654,126.957851,2710,8,191,1,-80,-80.2,34709,9,16979
17:33:44,11.335,1898760,1898760,0,1,37.496655,126.957848,0.006,188.0,0.005,1,187.0,"4.089,-6.120,6.747","-1.313,-1.038,3.733","-13.800,11.850,0.600",18560,7,1.40,37.496654,126.957851,2710,8,191,1,-80,-80.2,34709,31,16979
17:33:44,11.396,1898782,1898782,0,1,37.496655,126.957848,0.006,188.0,0.005,1,187.0,"3.979,-6.129,6.723","0.130,-3.458,1.221","-13.200,12.750,0.450",18560,7,1.40,37.496654,126.957851,2710,8,191,1,-80,-80.2,34709,53,16979
17:33:44,11.403,1898804,1898804,0,1,37.496655,126.957848,0.006,188.0,0.005,1,187.0,"3.974,-6.057,6.756","-0.901,-3.397,-0.031","-13.950,12.750,-1.500",18560,7,1.40,37.496654,126.957851,2710,8,191,1,-79,-79.9,34710,4,16980
17:33:44,11.465,1898839,1898839,0,1,37.496655,126.957848,0.006,188.0,0.005,1,187.0,"3.922,-6.076,6.756","-0.405,0.473,-0.344","-12.150,13.500,-0.150",18561,7,1.40,37.496654,126.957851,2710,8,191,1,-81,-80.1,34711,9,16980
17:33:44,11.472,1898883,1898883,0,1,37.496655,126.957848,0.006,188.0,0.005,1,187.0,"4.037,-5.981,6.670","0.130,-1.313,-0.672","-13.950,13.500,0.150",18561,7,1.40,37.496654,126.957851,2710,8,191,1,-81,-80.1,34711,53,16980
17:33:44,11.473,1898905,1898905,0,1,37.496655,126.957848,0.006,188.0,0.005,1,187.0,"4.094,-6.024,6.665","-1.282,-0.802,-1.198","-14.700,12.750,1.200",18561,7,1.40,37.496654,126.957851,2710,8,191,1,-81,-80.1,34711,75,16980
17:33:44,11.473,1898940,1898940,0,1,37.496655,126.957848,0.006,188.0,0.005,1,187.0,"4.056,-5.995,6.665","0.336,-1.061,0.198","-14.550,12.600,0.000",18562,7,1.40,37.496654,126.957851,2710,8,191,1,-80,-80.1,34712,32,16981
17:33:44,11.473,1898962,1898962,0,1,37.496655,126.957848,0.006,188.0,0.005,1,187.0,"4.017,-5.986,6.713","-0.550,-5.008,2.053","-12.300,13.050,0.300",18562,7,1.40,37.496654,126.957851,2710,8,191,1,-79,-79.9,34713,21,16981
17:33:44,11.532,1898984,1898984,0,1,37.496655,126.957848,0.006,188.0,0.005,1,187.0,"3.960,-6.086,6.766","0.374,0.420,0.313","-13.200,12.750,-1.200",18562,7,1.40,37.496654,126.957851,2710,8,191,1,-79,-79.9,34713,43,16981
17:33:44,11.541,1899006,1899006,0,1,37.496655,126.957848,0.006,188.0,0.005,1,187.0,"4.175,-6.053,6.694","-1.198,0.237,-0.580","-13.200,12.450,-0.450",18562,7,1.40,37.496654,126.957851,2710,8,191,1,-79,-79.9,34713,65,16981
17:33:44,11.619,1899040,1899040,0,1,37.496655,126.957848,0.006,188.0,0.005,1,187.0,"4.008,-6.134,6.637","-4.374,-2.443,0.565","-13.800,13.050,1.050",18563,7,1.40,37.496654,126.957851,2710,8,191,1,-81,-80.5,34715,15,16982
17:33:44,11.628,1899062,1899062,0,1,37.496655,126.957848,0.006,188.0,0.005,1,187.0,"4.008,-6.043,6.766","-1.389,1.076,0.084","-13.650,12.000,0.900",18563,7,1.40,37.496654,126.957851,2710,8,191,1,-81,-80.5,34715,37,16982
17:33:44,11.628,1899084,1899084,0,1,37.496655,126.957848,0.006,188.0,0.005,1,187.0,"4.080,-6.144,6.699","-0.313,-0.740,-0.595","-14.250,12.600,-0.600",18563,7,1.40,37.496654,126.957851,2710,8,191,1,-81,-80.5,34715,59,16982
17:33:44,11.754,1899106,1899106,0,1,37.496655,126.957848,0.006,188.0,0.005,1,187.0,"4.113,-6.067,6.732","-0.115,-2.137,1.321","-14.400,12.750,-0.150",18563,7,1.40,37.496654,126.957851,2710,8,191,1,-81,-80.5,34715,81,16982
17:33:44,11.770,1899140,1899140,0,1,37.496655,126.957848,0.006,188.0,0.005,1,187.0,"3.989,-6.062,6.795","-1.008,-6.160,-0.870","-13.950,12.750,-0.900",18564,7,1.40,37.496654,126.957851,2710,8,191,1,-80,-80.6,34717,11,16983
17:33:44,11.771,1899162,1899162,0,1,37.496655,126.957848,0.006,188.0,0.005,1,187.0,"4.080,-6.139,6.776","-1.504,-0.809,0.489","-12.450,12.000,0.150",18564,7,1.40,37.496654,126.957851,2710,8,191,1,-80,-80.6,34717,33,16983
17:33:44,11.771,1899184,1899184,0,1,37.496655,126.957848,0.006,188.0,0.005,1,187.0,"3.950,-6.057,6.594","-0.748,1.702,0.702","-12.900,12.450,-0.450",18564,7,1.40,37.496654,126.957851,2710,8,191,1,-80,-80.6,34717,55,16983
17:33:44,11.844,1899206,1899206,0,1,37.496655,126.957848,0.006,188.0,0.005,1,187.0,"3.984,-6.005,6.718","0.863,-2.840,0.687","-14.550,12.600,-0.600",18564,7,1.40,37.496654,126.957851,2710,8,191,1,-80,-80.6,34717,77,16983
17:33:44,11.853,1899240,1899240,0,1,37.496655,126.957848,0.006,188.0,0.005,1,187.0,"4.056,-6.009,6.656","-0.908,-3.099,-1.542","-13.200,13.950,-0.150",18565,7,1.40,37.496654,126.957851,2710,8,191,1,-79,-80.3,34719,4,16984
17:33:44,11.853,1899262,1899262,0,1,37.496655,126.957848,0.006,188.0,0.005,1,187.0,"3.974,-6.086,6.761","-0.878,-5.634,0.954","-14.400,12.000,1.500",18565,7,1.40,37.496654,126.957851,2710,8,191,1,-79,-80.3,34719,26,16984
17:33:44,11.853,1899284,1899284,0,1,37.496655,126.957848,0.006,188.0,0.005,1,187.0,"4.003,-6.057,6.713","-0.015,-2.168,0.580","-14.700,14.400,0.450",18565,7,1.40,37.496654,126.957851,2710,8,191,1,-79,-80.3,34719,48,16984
17:33:44,11.853,1899306,1899306,0,1,37.496655,126.957848,0.006,188.0,0.005,1,187.0,"4.123,-6.096,6.718","-0.420,-0.321,1.649","-13.500,12.600,1.050",18565,7,1.40,37.496654,126.957851,2710,8,191,1,-79,-80.3,34719,70,16984
17:33:44,11.853,1899339,1899339,0,1,37.496655,126.957848,0.006,188.0,0.005,1,187.0,"4.108,-6.115,6.752","-2.611,-0.267,-1.679","-13.950,12.750,0.450",18566,7,1.40,37.496654,126.957851,2710,8,191,1,-81,-80.5,34720,13,16985
17:33:44,11.927,1899361,1899361,0,1,37.496655,126.957848,0.006,188.0,0.005,1,187.0,"4.099,-6.009,6.685","-0.672,0.603,3.802","-14.700,12.750,0.900",18566,7,1.40,37.496654,126.957851,2710,8,191,1,-80,-80.4,34721,8,16985
17:33:44,11.936,1899383,1899383,0,1,37.496655,126.957848,0.006,188.0,0.005,1,187.0,"4.123,-5.966,6.665","-1.519,-1.282,-0.809","-15.000,12.300,0.300",18566,7,1.40,37.496654,126.957851,2710,8,191,1,-80,-80.4,34721,30,16985
17:33:44,11.936,1899405,1899405,0,1,37.496655,126.957848,0.006,188.0,0.005,1,187.0,"4.003,-6.076,6.642","-1.008,-1.481,0.313","-14.550,12.300,-0.600",18566,7,1.40,37.496654,126.957851,2710,8,191,1,-80,-80.4,34721,52,16985
17:33:44,11.936,1899439,1899427,0,1,37.496655,126.957848,0.006,188.0,0.005,1,187.0,"4.080,-6.038,6.761","-1.000,0.107,-0.351","-13.200,13.950,0.150",18567,7,1.40,37.496654,126.957851,2710,8,191,1,-85,-81.3,34722,9,16986
17:33:45,11.997,1899447,1899447,0,1,37.496655,126.957848,0.006,188.0,0.005,1,187.0,"4.065,-6.067,6.737","0.252,-1.260,-1.542","-13.500,13.050,0.300",18567,7,1.40,37.496654,126.957851,2710,8,191,1,-81,-81.2,34723,7,16986
17:33:45,12.005,1899469,1899469,0,1,37.496655,126.957848,0.006,188.0,0.005,1,187.0,"4.214,-6.120,6.847","-0.076,-1.710,-1.931","-14.250,11.100,0.600",18567,7,1.40,37.496654,126.957851,2710,8,191,1,-81,-81.2,34723,29,16986
17:33:45,12.005,1899491,1899491,0,1,37.496655,126.957848,0.006,188.0,0.005,1,187.0,"3.984,-6.043,6.780","-1.824,-1.649,-0.076","-12.750,12.300,-1.050",18567,7,1.40,37.496654,126.957851,2710,8,191,1,-81,-81.2,34723,51,16986
17:33:45,12.076,1899513,1899513,0,1,37.496655,126.957848,0.006,188.0,0.005,1,187.0,"4.013,-6.139,6.800","-0.603,-2.656,-0.145","-13.950,13.200,0.900",18567,7,1.40,37.496654,126.957851,2710,8,191,1,-81,-81.2,34723,73,16986
17:33:45,12.086,1899548,1899548,0,1,37.496655,126.957848,0.011,188.0,0.021,1,187.0,"4.070,-5.981,6.656","-1.618,-2.038,-1.489","-14.400,11.700,-0.150",18568,7,1.40,37.496653,126.957851,2711,8,191,1,-81,-81.2,34725,5,16987
17:33:45,12.086,1899570,1899570,0,1,37.496655,126.957848,0.011,188.0,0.021,1,187.0,"4.085,-6.009,6.642","-1.962,-1.069,0.771","-13.500,12.300,0.000",18568,7,1.40,37.496653,126.957851,2711,8,191,1,-81,-81.2,34725,27,16987
17:33:45,12.145,1899592,1899592,0,1,37.496655,126.957848,0.011,188.0,0.021,1,187.0,"4.041,-6.048,6.814","-1.252,0.282,-0.374","-13.050,11.400,0.300",18568,7,1.40,37.496653,126.957851,2711,8,191,1,-81,-81.2,34725,49,16987
17:33:45,12.153,1899614,1899614,0,1,37.496655,126.957848,0.011,188.0,0.021,1,187.0,"4.152,-6.062,6.627","-1.466,-0.824,-1.229","-12.900,12.750,-0.450",18568,7,1.40,37.496653,126.957851,2711,8,191,1,-81,-81.2,34725,71,16987
17:33:45,12.153,1899649,1899649,0,1,37.496655,126.957848,0.011,188.0,0.021,1,187.0,"3.960,-6.038,6.713","-0.107,-0.092,-1.656","-13.050,13.050,1.050",18569,7,1.40,37.496653,126.957851,2711,8,191,1,-80,-80.9,34726,7,16987
17:33:45,12.227,1899670,1899670,0,1,37.496655,126.957848,0.015,188.0,0.021,1,187.0,"3.974,-6.043,6.728","-2.382,-1.939,0.405","-11.700,14.400,0.450",18569,7,1.40,37.496653,126.957851,2712,8,191,1,-81,-80.9,34727,12,16988
17:33:45,12.236,1899692,1899692,0,1,37.496655,126.957848,0.015,188.0,0.021,1,187.0,"4.142,-6.029,6.713","0.229,-0.565,-1.397","-12.750,12.300,0.600",18569,7,1.40,37.496653,126.957851,2712,8,191,1,-81,-80.9,34727,34,16988
17:33:45,12.373,1899714,1899714,0,1,37.496655,126.957848,0.015,188.0,0.021,1,187.0,"4.022,-6.029,6.661","0.305,-1.382,2.137","-13.500,12.300,0.300",18569,7,1.40,37.496653,126.957851,2712,8,191,1,-81,-80.9,34727,56,16988
17:33:45,12.389,1899749,1899749,0,1,37.496655,126.957848,0.015,188.0,0.021,1,187.0,"4.065,-5.933,6.766","0.771,-1.550,-0.641","-13.500,13.050,1.050",18570,7,1.40,37.496653,126.957851,2712,8,191,1,-81,-81.0,34728,11,16988
17:33:45,12.390,1899770,1899770,0,1,37.496655,126.957848,0.015,188.0,0.021,1,187.0,"4.065,-6.038,6.713","-2.481,-0.901,0.794","-12.000,11.850,-0.300",18570,7,1.40,37.496653,126.957851,2712,8,191,1,-81,-81.0,34729,13,16989
17:33:45,12.390,1899792,1899792,0,1,37.496655,126.957848,0.015,188.0,0.021,1,187.0,"4.166,-6.057,6.728","-1.145,-2.534,0.695","-13.200,12.750,0.450",18570,7,1.40,37.496653,126.957851,2712,8,191,1,-81,-81.0,34729,35,16989
17:33:45,12.460,1899814,1899814,0,1,37.496655,126.957848,0.015,188.0,0.021,1,187.0,"3.994,-6.024,6.776","0.977,-2.069,-1.641","-13.650,13.200,1.200",18570,7,1.40,37.496653,126.957851,2712,8,191,1,-81,-81.0,34729,57,16989
17:33:45,12.473,1899849,1899849,0,1,37.496655,126.957848,0.015,188.0,0.021,1,187.0,"4.041,-6.072,6.742","0.634,-1.901,-0.061","-13.950,11.700,-0.450",18571,7,1.40,37.496653,126.957851,2712,8,191,1,-81,-81.0,34730,10,16989
17:33:45,12.473,1899892,1899892,0,1,37.496655,126.957848,0.015,188.0,0.021,1,187.0,"3.989,-6.177,6.756","-0.198,-1.573,-0.298","-13.650,12.000,1.950",18571,7,1.40,37.496653,126.957851,2712,8,191,1,-82,-81.2,34731,27,16990
17:33:45,12.473,1899914,1899914,0,1,37.496655,126.957848,0.015,188.0,0.021,1,187.0,"4.008,-6.144,6.785","-2.282,0.855,-0.198","-13.950,12.750,0.900",18571,7,1.40,37.496653,126.957851,2712,8,191,1,-82,-81.2,34731,49,16990
17:33:45,12.473,1899949,1899949,0,1,37.496655,126.957848,0.015,188.0,0.021,1,187.0,"4.094,-5.981,6.709","1.908,-1.107,3.229","-15.000,13.050,0.600",18572,7,1.40,37.496653,126.957851,2712,8,191,1,-81,-81.1,34732,15,16990
17:33:45,12.543,1899970,1899970,0,1,37.496655,126.957848,0.015,188.0,0.021,1,187.0,"3.994,-6.019,6.747","-0.435,-0.160,1.618","-13.500,13.050,0.600",18572,7,1.40,37.496653,126.957851,2712,8,191,1,-81,-81.1,34732,36,16990
17:33:45,12.556,1899992,1899992,0,1,37.496655,126.957848,0.015,188.0,0.021,1,187.0,"4.065,-6.129,6.713","0.527,-1.840,0.878","-12.900,13.950,-0.150",18572,7,1.40,37.496653,126.957851,2712,8,191,1,-82,-81.3,34733,18,16991
17:33:45,12.556,1900014,1900014,0,1,37.496655,126.957848,0.015,188.0,0.021,1,187.0,"4.037,-6.043,6.642","-0.916,-2.366,-1.863","-13.800,11.850,0.000",18572,7,1.40,37.496653,126.957851,2712,8,191,1,-82,-81.3,34733,40,16991
17:33:45,12.556,1900048,1900048,0,1,37.496655,126.957848,0.015,188.0,0.021,1,187.0,"4.022,-5.986,6.737","0.237,-3.305,2.122","-13.650,13.500,0.450",18573,7,1.40,37.496653,126.957851,2712,8,191,1,-80,-81.0,34734,9,16991
17:33:45,12.626,1900070,1900070,0,1,37.496655,126.957848,0.015,188.0,0.021,1,187.0,"3.994,-6.096,6.718","-0.855,-1.855,-0.527","-13.200,12.750,-0.150",18573,7,1.40,37.496653,126.957851,2712,8,191,1,-80,-81.0,34734,31,16991
17:33:45,12.636,1900092,1900092,0,1,37.496655,126.957848,0.015,188.0,0.021,1,187.0,"4.128,-6.129,6.780","-1.344,-0.962,-0.122","-12.450,12.000,0.450",18573,7,1.40,37.496653,126.957851,2712,8,191,1,-83,-81.4,34735,20,16992
17:33:45,12.636,1900114,1900114,0,1,37.496655,126.957848,0.015,188.0,0.021,1,187.0,"4.137,-6.024,6.809","0.733,-0.542,1.046","-12.450,13.950,-0.450",18573,7,1.40,37.496653,126.957851,2712,8,191,1,-83,-81.4,34735,42,16992
17:33:45,12.697,1900147,1900147,0,1,37.496655,126.957848,0.015,188.0,0.021,1,187.0,"4.094,-6.062,6.728","0.748,2.496,0.634","-13.800,14.100,-0.600",18574,7,1.40,37.496653,126.957851,2712,8,191,1,-80,-81.2,34736,4,16992
17:33:45,12.705,1900169,1900169,0,1,37.496655,126.957848,0.015,188.0,0.021,1,187.0,"4.128,-6.062,6.790","0.191,0.863,0.130","-12.450,15.150,0.450",18574,7,1.40,37.496653,126.957851,2712,8,191,1,-80,-81.2,34736,26,16992
17:33:45,12.705,1900191,1900191,0,1,37.496655,126.957848,0.015,188.0,0.021,1,187.0,"4.195,-6.144,6.737","-3.550,-0.489,1.344","-13.500,14.100,-0.300",18574,7,1.40,37.496653,126.957851,2712,8,191,1,-80,-81.2,34736,48,16992
17:33:45,12.816,1900213,1900213,0,1,37.496655,126.957848,0.015,188.0,0.021,1,187.0,"4.113,-6.048,6.732","-1.443,-0.901,-2.427","-13.650,13.200,-0.450",18574,7,1.40,37.496653,126.957851,2712,8,191,1,-80,-81.2,34736,70,16992
17:33:45,12.927,1900247,1900235,0,1,37.496655,126.957848,0.015,188.0,0.021,1,187.0,"4.037,-6.062,6.699","-0.611,-1.733,-1.000","-12.300,12.300,1.350",18575,7,1.40,37.496653,126.957851,2712,8,191,1,-82,-81.3,34737,7,16992
17:33:45,12.938,1900277,1900277,0,1,37.496655,126.957848,0.015,188.0,0.021,1,187.0,"4.123,-6.091,6.747","-0.275,-1.298,1.748","-14.550,11.100,0.000",18575,7,1.40,37.496653,126.957851,2712,8,191,1,-82,-81.3,34737,37,16992
17:33:45,12.938,1900299,1900299,0,1,37.496655,126.957848,0.015,188.0,0.021,1,187.0,"3.936,-5.976,6.742","-0.435,-1.557,0.870","-14.250,13.350,0.600",18575,7,1.40,37.496653,126.957851,2712,8,191,1,-82,-81.5,34738,19,16993
17:33:45,12.939,1900321,1900321,0,1,37.496655,126.957848,0.015,188.0,0.021,1,187.0,"4.099,-6.091,6.814","-0.511,1.038,-0.771","-13.050,13.050,1.050",18575,7,1.40,37.496653,126.957851,2712,8,191,1,-82,-81.5,34738,41,16993
17:33:45,12.939,1900354,1900354,0,1,37.496655,126.957848,0.015,188.0,0.021,1,187.0,"4.037,-6.048,6.603","-1.710,-1.679,0.305","-12.900,12.000,1.350",18576,7,1.40,37.496653,126.957851,2712,8,191,1,-81,-81.4,34739,9,16993
17:33:45,12.939,1900376,1900376,0,1,37.496655,126.957848,0.015,188.0,0.021,1,187.0,"4.185,-5.952,6.728","-2.519,-1.748,0.046","-13.200,13.500,-0.450",18576,7,1.40,37.496653,126.957851,2712,8,191,1,-81,-81.4,34739,31,16993
17:33:46,13.011,1900398,1900398,0,1,37.496655,126.957848,0.015,188.0,0.021,1,187.0,"4.051,-6.148,6.675","-2.969,1.603,-2.473","-14.400,12.450,0.900",18576,7,1.40,37.496653,126.957851,2712,8,191,1,-81,-81.3,34740,11,16994
17:33:46,13.020,1900420,1900420,0,1,37.496655,126.957848,0.015,188.0,0.021,1,187.0,"3.974,-6.009,6.675","-2.015,-0.664,3.656","-13.500,12.600,-1.350",18576,7,1.40,37.496653,126.957851,2712,8,191,1,-81,-81.3,34740,33,16994
17:33:46,13.020,1900454,1900442,0,1,37.496655,126.957848,0.015,188.0,0.021,1,187.0,"3.912,-6.005,6.795","-0.489,-2.176,0.802","-12.750,12.300,0.600",18577,7,1.40,37.496653,126.957851,2712,8,191,1,-80,-81.0,34741,3,16994
17:33:46,13.020,1900462,1900462,0,1,37.496655,126.957848,0.015,188.0,0.021,1,187.0,"4.061,-5.981,6.732","-0.183,-4.710,-1.099","-15.000,12.600,0.300",18577,7,1.40,37.496653,126.957851,2712,8,191,1,-80,-81.0,34741,11,16994
17:33:46,13.020,1900484,1900484,0,1,37.496655,126.957848,0.015,188.0,0.021,1,187.0,"4.214,-6.009,6.761","0.519,-3.000,-1.519","-13.650,14.400,-0.150",18577,7,1.40,37.496653,126.957851,2712,8,191,1,-80,-81.0,34741,33,16994
17:33:46,13.020,1900506,1900506,0,1,37.496655,126.957848,0.015,188.0,0.021,1,187.0,"3.984,-6.091,6.809","0.115,-0.206,-2.290","-14.250,13.350,1.050",18577,7,1.40,37.496653,126.957851,2712,8,191,1,-81,-81.0,34742,13,16995
17:33:46,13.093,1900528,1900528,0,1,37.496655,126.957848,0.015,188.0,0.021,1,187.0,"4.085,-5.966,6.689","0.214,-0.122,2.290","-14.250,12.300,-0.300",18577,7,1.40,37.496653,126.957851,2712,8,191,1,-81,-81.0,34742,35,16995
17:33:46,13.103,1900563,1900563,0,1,37.496655,126.957848,0.013,188.0,0.010,1,187.0,"3.974,-6.043,6.694","-0.389,-0.061,2.649","-13.800,13.350,-1.800",18578,7,1.40,37.496653,126.957851,2713,8,191,1,-81,-81.0,34743,13,16995
17:33:46,13.164,1900607,1900607,0,1,37.496655,126.957848,0.013,188.0,0.010,1,187.0,"4.056,-6.096,6.694","-1.244,-2.214,-0.038","-12.150,13.200,0.150",18578,7,1.40,37.496653,126.957851,2713,8,191,1,-81,-81.0,34744,9,16996
17:33:46,13.172,1900629,1900629,0,1,37.496655,126.957848,0.013,188.0,0.010,1,187.0,"4.104,-6.139,6.780","-0.924,0.076,-0.130","-13.200,13.500,-0.450",18578,7,1.40,37.496653,126.957851,2713,8,191,1,-81,-81.0,34744,31,16996
17:33:46,13.172,1900664,1900664,0,1,37.496655,126.957848,0.012,188.0,0.010,1,187.0,"4.051,-6.033,6.713","-1.489,1.130,-0.427","-12.300,11.400,1.350",18579,7,1.40,37.496653,126.957851,2714,8,191,1,-81,-81.0,34745,8,16996
17:33:46,13.243,1900686,1900686,0,1,37.496655,126.957848,0.012,188.0,0.010,1,187.0,"3.922,-6.057,6.732","-0.641,1.145,-1.435","-12.750,13.350,1.050",18579,7,1.40,37.496653,126.957851,2714,8,191,1,-81,-81.0,34745,30,16996
17:33:46,13.252,1900708,1900708,0,1,37.496655,126.957848,0.012,188.0,0.010,1,187.0,"4.065,-6.105,6.761","1.473,-0.969,-1.076","-14.250,14.850,-0.300",18579,7,1.40,37.496653,126.957851,2714,8,191,1,-81,-81.0,34746,5,16997
17:33:46,13.376,1900730,1900730,0,1,37.496655,126.957848,0.012,188.0,0.010,1,187.0,"4.080,-5.952,6.761","-1.176,-0.092,-0.420","-14.250,12.300,1.050",18579,7,1.40,37.496653,126.957851,2714,8,191,1,-81,-81.0,34746,27,16997
17:33:46,13.393,1900765,1900765,0,1,37.496655,126.957848,0.012,188.0,0.010,1,187.0,"4.022,-6.110,6.766","-0.412,-3.947,-0.107","-13.800,14.850,0.600",18580,7,1.40,37.496653,126.957851,2714,8,191,1,-81,-81.0,34747,11,16997
17:33:46,13.393,1900787,1900787,0,1,37.496655,126.957848,0.012,188.0,0.010,1,187.0,"3.941,-6.067,6.670","-1.328,-1.916,-0.695","-15.150,13.500,2.250",18580,7,1.40,37.496653,126.957851,2714,8,191,1,-81,-81.0,34747,33,16997
17:33:46,13.393,1900809,1900809,0,1,37.496655,126.957848,0.012,188.0,0.010,1,187.0,"3.974,-6.201,6.800","-0.359,-3.038,-0.260","-12.900,12.750,-1.200",18580,7,1.40,37.496653,126.957851,2714,8,191,1,-81,-81.0,34747,55,16997
17:33:46,13.459,1900831,1900831,0,1,37.496655,126.957848,0.012,188.0,0.010,1,187.0,"3.970,-6.120,6.694","-1.076,-3.496,-0.275","-14.250,12.300,1.800",18580,7,1.40,37.496653,126.957851,2714,8,191,1,-81,-81.0,34748,22,16998
17:33:46,13.468,1900866,1900866,0,1,37.496655,126.957848,0.012,188.0,0.010,1,187.0,"4.180,-6.076,6.752","-1.023,-1.573,0.771","-13.650,12.750,0.150",18581,7,1.40,37.496653,126.957851,2714,8,191,1,-81,-81.0,34748,57,16998
17:33:46,13.468,1900909,1900909,0,1,37.496655,126.957848,0.012,188.0,0.010,1,187.0,"4.089,-6.048,6.737","1.695,-1.267,0.977","-14.550,12.600,0.000",18581,7,1.40,37.496653,126.957851,2714,8,191,1,-81,-81.0,34748,100,16998
17:33:46,13.530,1900931,1900931,0,1,37.496655,126.957848,0.012,188.0,0.010,1,187.0,"4.061,-6.105,6.838","-1.977,-1.344,-1.412","-15.300,14.100,-0.600",18581,7,1.40,37.496653,126.957851,2714,8,191,1,-81,-81.0,34749,21,16999
17:33:46,13.538,1900966,1900966,0,1,37.496655,126.957848,0.012,188.0,0.010,1,187.0,"4.051,-6.048,6.709","1.298,-2.313,1.313","-15.000,13.350,0.300",18582,7,1.40,37.496653,126.957851,2714,8,191,1,-82,-81.2,34750,7,16999
17:33:46,13.538,1900987,1900987,0,1,37.496655,126.957848,0.012,188.0,0.010,1,187.0,"4.003,-5.976,6.723","-0.687,-1.321,1.191","-13.650,12.000,-0.450",18582,7,1.40,37.496653,126.957851,2714,8,191,1,-82,-81.2,34750,28,16999
17:33:46,13.538,1901009,1901009,0,1,37.496655,126.957848,0.012,188.0,0.010,1,187.0,"4.108,-6.129,6.675","-0.076,-1.328,-1.084","-14.250,13.050,-1.350",18582,7,1.40,37.496653,126.957851,2714,8,191,1,-82,-81.2,34750,50,16999
17:33:46,13.609,1901031,1901031,0,1,37.496655,126.957848,0.012,188.0,0.010,1,187.0,"4.032,-6.029,6.723","-1.435,-2.603,1.099","-14.250,13.050,-0.300",18582,7,1.40,37.496653,126.957851,2714,8,191,1,-82,-81.4,34751,10,17000
17:33:46,13.619,1901064,1901064,0,1,37.496655,126.957848,0.012,188.0,0.010,1,187.0,"3.994,-6.024,6.828","-1.489,-1.771,0.840","-13.950,13.200,1.200",18583,7,1.40,37.496653,126.957851,2714,8,191,1,-82,-81.5,34752,4,17000
17:33:46,13.619,1901108,1901108,0,1,37.496655,126.957848,0.012,188.0,0.010,1,187.0,"4.171,-6.043,6.732","-2.000,1.260,0.511","-14.700,13.200,1.500",18583,7,1.40,37.496653,126.957851,2714,8,191,1,-82,-81.5,34752,48,17000
17:33:46,13.680,1901130,1901130,0,1,37.496655,126.957848,0.012,188.0,0.010,1,187.0,"3.965,-6.120,6.761","-2.015,-2.305,-3.298","-13.950,14.400,-0.450",18583,7,1.40,37.496653,126.957851,2714,8,191,1,-80,-81.2,34753,7,17001
17:33:46,13.688,1901164,1901152,0,1,37.496655,126.957848,0.012,188.0,0.010,1,187.0,"4.061,-6.009,6.718","-0.450,-3.420,-2.015","-14.400,12.450,1.950",18584,7,1.40,37.496653,126.957851,2714,8,191,1,-80,-81.2,34753,41,17001
17:33:46,13.688,1901172,1901172,0,1,37.496655,126.957848,0.012,188.0,0.010,1,187.0,"4.075,-6.005,6.752","0.611,-1.489,1.924","-12.900,13.500,0.900",18584,7,1.40,37.496653,126.957851,2714,8,191,1,-81,-81.2,34754,0,17001
17:33:46,13.760,1901194,1901194,0,1,37.496655,126.957848,0.012,188.0,0.010,1,187.0,"3.941,-6.187,6.847","0.466,-0.565,-1.557","-14.550,13.050,1.050",18584,7,1.40,37.496653,126.957851,2714,8,191,1,-81,-81.2,34754,22,17001
17:33:46,13.769,1901216,1901216,0,1,37.496655,126.957848,0.012,188.0,0.010,1,187.0,"3.970,-6.053,6.723","-1.298,-3.489,0.069","-12.450,12.450,-0.900",18584,7,1.40,37.496653,126.957851,2714,8,191,1,-81,-81.2,34754,44,17001
17:33:46,13.894,1901238,1901238,0,1,37.496655,126.957848,0.012,188.0,0.010,1,187.0,"4.037,-6.000,6.728","-0.290,0.588,-0.435","-12.300,14.100,-0.300",18584,7,1.40,37.496653,126.957851,2714,8,191,1,-82,-81.3,34755,9,17002
17:33:46,13.911,1901271,1901271,0,1,37.496655,126.957848,0.012,188.0,0.010,1,187.0,"4.075,-5.981,6.603","0.313,-1.084,1.328","-13.800,12.600,1.050",18585,7,1.40,37.496653,126.957851,2714,8,191,1,-81,-81.3,34756,12,17002
17:33:46,13.912,1901293,1901293,0,1,37.496655,126.957848,0.012,188.0,0.010,1,187.0,"4.075,-6.100,6.737","-3.282,-1.863,-1.290","-12.300,12.600,0.300",18585,7,1.40,37.496653,126.957851,2714,8,191,1,-81,-81.3,34756,34,17002
17:33:46,13.912,1901315,1901315,0,1,37.496655,126.957848,0.012,188.0,0.010,1,187.0,"4.108,-6.067,6.694","-0.901,-0.290,0.824","-14.550,11.850,-0.300",18585,7,1.40,37.496653,126.957851,2714,8,191,1,-81,-81.3,34756,56,17002
17:33:46,13.976,1901337,1901337,0,1,37.496655,126.957848,0.012,188.0,0.010,1,187.0,"4.056,-6.048,6.680","-1.351,-4.656,3.374","-13.200,13.500,0.150",18585,7,1.40,37.496653,126.957851,2714,8,191,1,-82,-81.4,34757,3,17003
17:33:47,13.983,1901371,1901359,0,1,37.496655,126.957848,0.012,188.0,0.010,1,187.0,"4.166,-6.144,6.699","-0.641,-1.618,1.084","-12.900,11.250,1.500",18586,7,1.40,37.496653,126.957851,2714,8,191,1,-82,-81.4,34757,37,17003
17:33:47,13.984,1901385,1901385,0,1,37.496655,126.957848,0.012,188.0,0.010,1,187.0,"3.970,-6.029,6.608","-0.634,-1.756,-1.221","-13.950,13.950,-0.900",18586,7,1.40,37.496653,126.957851,2714,8,191,1,-81,-81.3,34758,13,17003
17:33:47,13.984,1901407,1901407,0,1,37.496655,126.957848,0.012,188.0,0.010,1,187.0,"4.113,-6.053,6.675","-0.847,-1.618,1.954","-13.050,13.350,-0.600",18586,7,1.40,37.496653,126.957851,2714,8,191,1,-81,-81.3,34758,35,17003
17:33:47,13.984,1901429,1901429,0,1,37.496655,126.957848,0.012,188.0,0.010,1,187.0,"4.085,-6.072,6.891","-1.282,-0.130,-0.771","-12.900,13.200,-1.200",18586,7,1.40,37.496653,126.957851,2714,8,191,1,-81,-81.3,34758,57,17003
17:33:47,14.044,1901451,1901451,0,1,37.496655,126.957848,0.012,188.0,0.010,1,187.0,"4.075,-6.124,6.766","-1.183,-1.664,0.588","-14.250,12.600,0.600",18586,7,1.40,37.496653,126.957851,2714,8,191,1,-82,-81.5,34759,9,17004
17:33:47,14.051,1901478,1901478,0,1,37.496655,126.957848,0.012,188.0,0.010,1,187.0,"4.022,-5.962,6.809","-2.397,3.305,-1.260","-13.500,14.100,0.600",18587,7,1.40,37.496653,126.957851,2714,8,191,1,-81,-81.4,34760,10,17004
17:33:47,14.111,1901500,1901500,0,1,37.496655,126.957848,0.012,188.0,0.010,1,187.0,"4.070,-6.211,6.737","-0.008,-3.321,0.832","-13.950,12.000,1.500",18587,7,1.40,37.496653,126.957851,2714,8,191,1,-81,-81.4,34760,32,17004
17:33:47,14.118,1901522,1901522,0,1,37.496655,126.957848,0.012,188.0,0.010,1,187.0,"4.056,-6.115,6.756","-2.733,-2.695,1.740","-13.650,12.450,0.900",18587,7,1.40,37.496653,126.957851,2714,8,191,1,-81,-81.4,34760,54,17004
17:33:47,14.118,1901544,1901544,0,1,37.496651,126.957848,0.010,188.0,0.005,1,187.0,"3.941,-6.000,6.632","0.687,-0.229,2.756","-13.650,12.750,2.700",18587,7,1.40,37.496652,126.957851,2715,8,191,1,-81,-81.4,34760,76,17004
17:33:47,14.118,1901579,1901579,0,1,37.496651,126.957848,0.010,188.0,0.005,1,187.0,"4.089,-5.976,6.752","-0.885,0.771,0.504","-13.800,11.400,-0.600",18588,7,1.40,37.496652,126.957851,2715,8,191,1,-81,-81.1,34762,9,17005
17:33:47,14.119,1901600,1901600,0,1,37.496651,126.957848,0.010,188.0,0.005,1,187.0,"4.051,-6.048,6.752","-0.641,-0.802,0.634","-14.250,13.350,0.600",18588,7,1.40,37.496652,126.957851,2715,8,191,1,-81,-81.1,34762,30,17005
17:33:47,14.177,1901622,1901622,0,1,37.496651,126.957848,0.010,188.0,0.005,1,187.0,"4.070,-6.043,6.795","0.420,-0.168,0.260","-13.650,12.450,0.900",18588,7,1.40,37.496652,126.957851,2715,8,191,1,-81,-81.1,34762,52,17005
17:33:47,14.185,1901644,1901644,0,1,37.496651,126.957848,0.010,188.0,0.005,1,187.0,"4.080,-6.105,6.694","0.145,-4.954,-1.405","-14.250,13.050,0.600",18588,7,1.40,37.496652,126.957851,2715,8,191,1,-81,-81.1,34762,74,17005
17:33:47,14.185,1901679,1901679,0,1,37.496651,126.957848,0.008,188.0,0.005,1,187.0,"4.027,-6.024,6.718","0.847,-3.176,-0.664","-11.550,12.600,-1.050",18589,7,1.40,37.496652,126.957851,2716,8,191,1,-81,-81.1,34763,5,17005
17:33:47,14.243,1901700,1901700,0,1,37.496651,126.957848,0.008,188.0,0.005,1,187.0,"4.051,-5.952,6.704","-1.634,-1.443,0.695","-13.200,11.700,0.900",18589,7,1.40,37.496652,126.957851,2716,8,191,1,-81,-81.1,34763,26,17005
17:33:47,14.251,1901722,1901722,0,1,37.496651,126.957848,0.008,188.0,0.005,1,187.0,"4.128,-6.005,6.709","-0.420,-1.573,-1.046","-14.700,13.950,0.450",18589,7,1.40,37.496652,126.957851,2716,8,191,1,-81,-81.1,34763,48,17005
17:33:47,14.313,1901744,1901744,0,1,37.496651,126.957848,0.008,188.0,0.005,1,187.0,"4.085,-6.057,6.795","-2.435,1.344,-1.053","-15.000,11.400,1.050",18589,7,1.40,37.496652,126.957851,2716,8,191,1,-81,-81.1,34763,70,17005
17:33:47,14.320,1901779,1901779,0,1,37.496651,126.957848,0.008,188.0,0.005,1,187.0,"4.008,-6.124,6.771","-0.954,-2.145,1.015","-13.950,13.950,0.900",18590,7,1.40,37.496652,126.957851,2716,8,191,1,-88,-82.4,34765,8,17006
17:33:47,14.320,1901800,1901800,0,1,37.496651,126.957848,0.008,188.0,0.005,1,187.0,"4.056,-6.196,6.627","1.176,-2.145,0.763","-11.550,11.850,0.300",18590,7,1.40,37.496652,126.957851,2716,8,191,1,-88,-82.4,34765,29,17006
17:33:47,14.395,1901822,1901822,0,1,37.496651,126.957848,0.008,188.0,0.005,1,187.0,"3.960,-6.158,6.713","-0.344,-1.374,2.656","-13.500,12.600,-0.300",18590,7,1.40,37.496652,126.957851,2716,8,191,1,-88,-82.4,34765,51,17006
17:33:47,14.466,1901844,1901844,0,1,37.496651,126.957848,0.008,188.0,0.005,1,187.0,"4.017,-6.191,6.689","-0.466,-3.038,-0.244","-14.700,12.450,-0.150",18590,7,1.40,37.496652,126.957851,2716,8,191,1,-88,-82.4,34765,73,17006
17:33:47,14.477,1901879,1901879,0,1,37.496651,126.957848,0.008,188.0,0.005,1,187.0,"4.022,-6.105,6.795","0.313,-1.672,1.557","-15.300,13.350,-1.050",18591,7,1.40,37.496652,126.957851,2716,8,191,1,-81,-81.9,34767,5,17007
17:33:47,14.552,1901900,1901900,0,1,37.496651,126.957848,0.008,188.0,0.005,1,187.0,"4.118,-6.081,6.766","0.023,-3.084,-0.870","-13.500,14.100,0.000",18591,7,1.40,37.496652,126.957851,2716,8,191,1,-81,-81.9,34767,26,17007
17:33:47,14.567,1901922,1901922,0,1,37.496651,126.957848,0.008,188.0,0.005,1,187.0,"4.142,-6.029,6.723","-1.992,-1.947,-0.954","-13.950,13.200,-0.150",18591,7,1.40,37.496652,126.957851,2716,8,191,1,-81,-81.9,34767,48,17007
17:33:47,14.567,1901944,1901944,0,1,37.496651,126.957848,0.008,188.0,0.005,1,187.0,"4.075,-6.096,6.833","-1.969,1.649,0.565","-12.900,13.950,-1.200",18591,7,1.40,37.496652,126.957851,2716,8,191,1,-81,-81.9,34767,70,17007
17:33:47,14.627,1901979,1901979,0,1,37.496651,126.957848,0.008,188.0,0.005,1,187.0,"4.166,-6.057,6.646","-0.702,-2.366,-0.565","-13.950,12.450,0.900",18592,7,1.40,37.496652,126.957851,2716,8,191,1,-81,-81.7,34768,8,17007
17:33:47,14.634,1902000,1902000,0,1,37.496651,126.957848,0.008,188.0,0.005,1,187.0,"3.998,-5.981,6.838","-0.267,-0.977,0.053","-11.550,13.800,0.000",18592,7,1.40,37.496652,126.957851,2716,8,191,1,-83,-82.0,34769,18,17008
17:33:47,14.634,1902022,1902022,0,1,37.496651,126.957848,0.008,188.0,0.005,1,187.0,"4.195,-5.962,6.780","-1.351,-1.779,1.038","-13.950,12.000,-0.900",18592,7,1.40,37.496652,126.957851,2716,8,191,1,-83,-82.0,34769,40,17008
17:33:47,14.634,1902044,1902044,0,1,37.496651,126.957848,0.008,188.0,0.005,1,187.0,"4.152,-6.134,6.737","-1.107,-1.168,1.939","-13.650,12.450,-0.450",18592,7,1.40,37.496652,126.957851,2716,8,191,1,-83,-82.0,34769,62,17008
17:33:47,14.634,1902077,1902077,0,1,37.496651,126.957848,0.008,188.0,0.005,1,187.0,"4.108,-6.033,6.713","-0.221,0.405,2.580","-14.250,12.300,0.000",18593,7,1.40,37.496652,126.957851,2716,8,191,1,-80,-81.6,34770,12,17008
17:33:47,14.635,1902099,1902099,0,1,37.496651,126.957848,0.008,188.0,0.005,1,187.0,"4.085,-6.033,6.713","-1.076,-2.557,-0.702","-14.550,13.050,1.350",18593,7,1.40,37.496652,126.957851,2716,8,191,1,-82,-81.7,34771,14,17009
17:33:47,14.694,1902121,1902121,0,1,37.496651,126.957848,0.008,188.0,0.005,1,187.0,"3.869,-5.957,6.718","-2.580,-1.115,-1.458","-14.700,13.200,-0.150",18593,7,1.40,37.496652,126.957851,2716,8,191,1,-82,-81.7,34771,36,17009
17:33:47,14.701,1902143,1902143,0,1,37.496651,126.957848,0.008,188.0,0.005,1,187.0,"4.108,-5.938,6.790","0.107,0.336,0.511","-15.150,13.200,0.150",18593,7,1.40,37.496652,126.957851,2716,8,191,1,-82,-81.7,34771,58,17009
17:33:47,14.701,1902177,1902165,0,1,37.496651,126.957848,0.008,188.0,0.005,1,187.0,"4.080,-6.163,6.747","-0.878,-1.679,-1.046","-13.800,11.850,0.300",18594,7,1.40,37.496652,126.957851,2716,8,191,1,-82,-81.7,34771,92,17009
17:33:47,14.701,1902191,1902191,0,1,37.496651,126.957848,0.008,188.0,0.005,1,187.0,"4.022,-6.148,6.627","0.863,-2.069,0.321","-14.550,14.100,1.350",18594,7,1.40,37.496652,126.957851,2716,8,191,1,-80,-81.3,34772,10,17009
17:33:47,14.760,1902213,1902213,0,1,37.496651,126.957848,0.008,188.0,0.005,1,187.0,"4.175,-6.057,6.718","-0.626,-3.481,-1.725","-14.700,14.700,0.150",18594,7,1.40,37.496652,126.957851,2716,8,191,1,-80,-81.3,34772,32,17009
17:33:47,14.768,1902235,1902235,0,1,37.496651,126.957848,0.008,188.0,0.005,1,187.0,"4.008,-6.024,6.728","-0.137,-2.908,-0.580","-12.000,11.400,1.050",18594,7,1.40,37.496652,126.957851,2716,8,191,1,-80,-81.3,34772,54,17009
17:33:47,14.826,1902284,1902284,0,1,37.496651,126.957848,0.008,188.0,0.005,1,187.0,"3.950,-6.172,6.694","-0.992,-1.977,-2.473","-13.200,12.450,0.900",18595,7,1.40,37.496652,126.957851,2716,8,191,1,-82,-81.5,34773,14,17009
17:33:47,14.833,1902306,1902306,0,1,37.496651,126.957848,0.008,188.0,0.005,1,187.0,"4.147,-6.019,6.843","-0.198,-2.748,-1.962","-12.300,11.850,1.350",18595,7,1.40,37.496652,126.957851,2716,8,191,1,-82,-81.6,34774,7,17010
17:33:47,14.834,1902328,1902328,0,1,37.496651,126.957848,0.008,188.0,0.005,1,187.0,"4.013,-5.962,6.694","0.405,-1.565,-0.359","-13.650,13.200,0.150",18595,7,1.40,37.496652,126.957851,2716,8,191,1,-82,-81.6,34774,29,17010
17:33:47,14.893,1902350,1902350,0,1,37.496651,126.957848,0.008,188.0,0.005,1,187.0,"4.108,-5.976,6.891","0.053,-1.069,-0.534","-14.550,13.050,0.300",18595,7,1.40,37.496652,126.957851,2716,8,191,1,-82,-81.6,34774,51,17010
17:33:47,14.951,1902383,1902383,0,1,37.496651,126.957848,0.008,188.0,0.005,1,187.0,"4.008,-5.990,6.728","-1.916,0.985,-2.733","-15.450,12.750,1.500",18596,7,1.40,37.496652,126.957851,2716,8,191,1,-83,-81.9,34775,7,17010
17:33:48,15.031,1902405,1902405,0,1,37.496651,126.957848,0.008,188.0,0.005,1,187.0,"3.946,-6.067,6.737","-0.542,-2.244,0.000","-13.050,13.800,0.600",18596,7,1.40,37.496652,126.957851,2716,8,191,1,-82,-81.9,34776,4,17011
17:33:48,15.040,1902427,1902427,0,1,37.496651,126.957848,0.008,188.0,0.005,1,187.0,"4.128,-6.029,6.780","-1.534,-0.160,1.534","-13.500,11.400,1.050",18596,7,1.40,37.496652,126.957851,2716,8,191,1,-82,-81.9,34776,26,17011
17:33:48,15.040,1902449,1902449,0,1,37.496651,126.957848,0.008,188.0,0.005,1,187.0,"4.137,-6.053,6.766","-2.382,-1.641,-1.641","-13.800,13.350,0.000",18596,7,1.40,37.496652,126.957851,2716,8,191,1,-82,-81.9,34776,48,17011
17:33:48,15.040,1902483,1902471,0,1,37.496651,126.957848,0.008,188.0,0.005,1,187.0,"3.979,-6.014,6.665","-1.718,1.366,0.092","-13.050,14.100,1.050",18597,7,1.40,37.496652,126.957851,2716,8,191,1,-82,-81.9,34776,82,17011
17:33:48,15.041,1902492,1902492,0,1,37.496651,126.957848,0.008,188.0,0.005,1,187.0,"4.065,-5.990,6.776","-0.321,-0.954,1.168","-13.650,12.750,0.450",18597,7,1.40,37.496652,126.957851,2716,8,191,1,-82,-81.9,34777,9,17011
17:33:48,15.041,1902514,1902514,0,1,37.496651,126.957848,0.008,188.0,0.005,1,187.0,"4.214,-5.981,6.618","-1.885,-1.580,-1.031","-12.150,12.750,-1.500",18597,7,1.40,37.496652,126.957851,2716,8,191,1,-81,-81.7,34778,3,17012
17:33:48,15.109,1902536,1902536,0,1,37.496651,126.957848,0.011,188.0,0.015,1,187.0,"4.022,-6.014,6.742","-0.580,-3.550,-0.321","-13.200,12.450,0.150",18597,7,1.40,37.496648,126.957851,2717,8,191,1,-81,-81.7,34778,25,17012
17:33:48,15.119,1902558,1902558,0,1,37.496651,126.957848,0.011,188.0,0.015,1,187.0,"3.998,-6.110,6.627","0.153,-2.985,0.069","-12.750,13.050,0.300",18597,7,1.40,37.496648,126.957851,2717,8,191,1,-81,-81.7,34778,47,17012
17:33:48,15.119,1902593,1902593,0,1,37.496651,126.957848,0.011,188.0,0.015,1,187.0,"4.037,-5.990,6.704","-0.656,1.641,-2.870","-12.750,12.600,0.000",18598,7,1.40,37.496648,126.957851,2717,8,191,1,-81,-81.6,34779,6,17012
17:33:48,15.119,1902615,1902615,0,1,37.496651,126.957848,0.011,188.0,0.015,1,187.0,"4.089,-6.067,6.795","-0.786,-2.481,2.076","-14.400,11.700,0.450",18598,7,1.40,37.496648,126.957851,2717,8,191,1,-81,-81.5,34780,3,17013
17:33:48,15.180,1902637,1902637,0,1,37.496651,126.957848,0.011,188.0,0.015,1,187.0,"3.879,-5.952,6.613","0.412,-0.870,-0.840","-13.950,13.200,0.450",18598,7,1.40,37.496648,126.957851,2717,8,191,1,-81,-81.5,34780,25,17013
17:33:48,15.188,1902659,1902659,0,1,37.496651,126.957848,0.012,188.0,0.015,1,187.0,"4.037,-6.148,6.651","-1.160,-0.069,-1.473","-12.450,11.250,0.900",18598,7,1.40,37.496648,126.957851,2718,8,191,1,-81,-81.5,34780,47,17013
17:33:48,15.260,1902694,1902694,0,1,37.496651,126.957848,0.012,188.0,0.015,1,187.0,"3.979,-6.014,6.780","0.137,-1.267,2.084","-13.050,13.350,0.000",18599,7,1.40,37.496648,126.957851,2718,8,191,1,-80,-81.2,34781,4,17013
17:33:48,15.269,1902716,1902716,0,1,37.496651,126.957848,0.012,188.0,0.015,1,187.0,"4.118,-6.124,6.627","-1.931,-1.290,-1.687","-14.550,11.850,1.800",18599,7,1.40,37.496648,126.957851,2718,8,191,1,-80,-81.2,34781,26,17013
17:33:48,15.269,1902738,1902738,0,1,37.496651,126.957848,0.012,188.0,0.015,1,187.0,"4.046,-5.966,6.776","-1.656,-2.718,1.901","-13.950,12.000,1.200",18599,7,1.40,37.496648,126.957851,2718,8,191,1,-80,-80.9,34782,19,17014
17:33:48,15.330,1902760,1902760,0,1,37.496651,126.957848,0.012,188.0,0.015,1,187.0,"3.922,-6.081,6.795","1.038,-1.878,0.267","-14.550,12.300,0.300",18599,7,1.40,37.496648,126.957851,2718,8,191,1,-80,-80.9,34782,41,17014
17:33:48,15.409,1902795,1902795,0,1,37.496651,126.957848,0.012,188.0,0.015,1,187.0,"4.065,-5.986,6.661","-0.229,0.031,0.489","-12.900,13.500,-0.900",18600,7,1.40,37.496648,126.957851,2718,8,191,1,-80,-80.8,34783,10,17014
17:33:48,15.419,1902817,1902817,0,1,37.496651,126.957848,0.012,188.0,0.015,1,187.0,"4.185,-6.153,6.819","-0.672,-1.588,0.092","-14.400,13.200,0.900",18600,7,1.40,37.496648,126.957851,2718,8,191,1,-80,-80.8,34783,32,17014
17:33:48,15.419,1902839,1902839,0,1,37.496651,126.957848,0.012,188.0,0.015,1,187.0,"4.128,-6.096,6.780","0.198,-1.786,0.626","-12.300,13.350,0.000",18600,7,1.40,37.496648,126.957851,2718,8,191,1,-80,-80.6,34784,14,17015
17:33:48,15.419,1902861,1902861,0,1,37.496651,126.957848,0.012,188.0,0.015,1,187.0,"4.099,-6.177,6.718","-0.298,-0.740,-0.305","-14.700,13.200,-0.900",18600,7,1.40,37.496648,126.957851,2718,8,191,1,-80,-80.6,34784,36,17015
17:33:48,15.419,1902896,1902896,0,1,37.496651,126.957848,0.012,188.0,0.015,1,187.0,"4.013,-6.091,6.766","1.122,-2.092,0.809","-14.250,12.300,0.300",18601,7,1.40,37.496648,126.957851,2718,8,191,1,-79,-80.3,34785,13,17015
17:33:48,15.480,1902918,1902918,0,1,37.496651,126.957848,0.012,188.0,0.015,1,187.0,"4.013,-6.072,6.761","-3.450,-2.863,-0.435","-12.000,11.850,1.350",18601,7,1.40,37.496648,126.957851,2718,8,191,1,-79,-80.3,34785,35,17015
17:33:48,15.488,1902940,1902940,0,1,37.496651,126.957848,0.012,188.0,0.015,1,187.0,"4.032,-5.971,6.699","-1.130,-1.504,-0.763","-15.000,14.100,-1.350",18601,7,1.40,37.496648,126.957851,2718,8,191,1,-81,-80.4,34786,9,17016
17:33:48,15.488,1902962,1902962,0,1,37.496651,126.957848,0.012,188.0,0.015,1,187.0,"4.132,-6.000,6.728","-0.740,-0.229,2.840","-15.000,13.050,0.300",18601,7,1.40,37.496648,126.957851,2718,8,191,1,-81,-80.4,34786,31,17016
17:33:48,15.559,1902997,1902997,0,1,37.496651,126.957848,0.012,188.0,0.015,1,187.0,"4.137,-6.000,6.752","-3.916,0.802,1.046","-14.400,12.000,0.150",18602,7,1.40,37.496648,126.957851,2718,8,191,1,-80,-80.3,34787,2,17016
17:33:48,15.568,1903019,1903019,0,1,37.496651,126.957848,0.012,188.0,0.015,1,187.0,"4.099,-5.995,6.732","-0.588,-2.344,1.069","-13.050,12.600,2.100",18602,7,1.40,37.496648,126.957851,2718,8,191,1,-80,-80.3,34787,24,17016
17:33:48,15.568,1903041,1903041,0,1,37.496651,126.957848,0.012,188.0,0.015,1,187.0,"3.974,-6.014,6.843","-1.878,0.351,-0.504","-14.400,12.000,0.450",18602,7,1.40,37.496648,126.957851,2718,8,191,1,-81,-80.5,34788,6,17017
17:33:48,15.629,1903063,1903063,0,1,37.496651,126.957848,0.012,188.0,0.015,1,187.0,"4.008,-5.928,6.713","-0.420,0.847,0.580","-13.050,12.600,0.000",18602,7,1.40,37.496648,126.957851,2718,8,191,1,-81,-80.5,34788,28,17017
17:33:48,15.637,1903096,1903096,0,1,37.496651,126.957848,0.012,188.0,0.015,1,187.0,"4.051,-6.043,6.771","-0.626,-1.282,0.382","-13.050,12.300,0.600",18603,7,1.40,37.496648,126.957851,2718,8,191,1,-80,-80.4,34789,11,17017
17:33:48,15.700,1903118,1903118,0,1,37.496651,126.957848,0.012,188.0,0.015,1,187.0,"3.979,-6.053,6.574","-1.565,-1.046,-0.313","-13.200,13.950,-0.900",18603,7,1.40,37.496648,126.957851,2718,8,191,1,-80,-80.4,34789,33,17017
