17:10:45  시각ms:1555672
17:10:45  IMU시각ms:1555660
17:10:45  위험:0
17:10:45  원시위험:0
17:10:45  GPS유효:1
17:10:45  위도:37.495939
17:10:45  경도:126.956109
17:10:45  속도:0.01
17:10:45  방향:290.8
17:10:45  이동방향유효:0
17:10:45  GPS이동방향:290.8
17:10:45  차체방향유효:0
17:10:45  차체방향:0.0
17:10:45  후진판정:0
17:10:45  IMU요회전속도:0.00
17:10:45  방향가속도크기:9.75
17:10:45  방향자이로크기:1.16
17:10:45  방향자세cos:0.9999
17:10:45  자기모델잔차:26.38
17:10:45  자기모델반경:0.932
17:10:45  방향채택:0
17:10:45  방향거부:167784
17:10:45  GPS원시속도:0.010
17:10:45  GPS원시방향유효:1
17:10:45  GPS원시방향:290.8
17:10:45  가속도:-0.48,0.34,9.73
17:10:45  자이로:0.7,-0.0,-0.9
17:10:45  자력계:9.600,4.800,20.400
17:10:45  충격값:0.07
17:10:45  충격피크:0.07
17:10:45  마지막충격발생값:0.00
17:10:45  마지막충격발생ms:0
17:10:45  송신:14805
17:10:45  지팡이수신:10033
17:10:45  GPS위성:9
17:10:45  GPS_HDOP:1.11
17:10:45  원시위도:37.495939
17:10:45  원시경도:126.956111
17:10:45  GPS채택:1540
17:10:45  GPS이상치거부:0
17:10:45  GPS품질거부:0
17:10:45  GPS재기준:0
17:10:45  계산거리:-1.00
17:10:45  접근속도:0.00
17:10:45  TTC:999.00
17:10:45  방향오차:0.0
17:10:45  전방여부:0
17:10:45  위험음성횟수:0
17:10:45  충격음성횟수:0
17:10:45  마지막위험음성:0
17:10:45  RSSI원시:-50
17:10:45  RSSI평활:-47.6
17:10:45  RSSI샘플:10033
17:10:45  RSSI경과ms:27
17:10:45  RSSI구간:4
17:10:45  RSSI거리:0.80
17:10:45  상대보정:0
17:10:45  상대보정중:0
17:10:45  보정동쪽:0.00
17:10:45  보정북쪽:0.00
17:10:45  UWB유효:1
17:10:45  UWB원시거리:0.530
17:10:45  UWB보정거리:0.766
17:10:45  UWB접근속도:-0.008
17:10:45  UWB_RSSI:nan
17:10:45  UWB경과ms:105
17:10:45  UWB샘플:7536
17:10:45  UWB실패:165
17:10:45  UWB보정:1
17:10:45  UWB보정중:0
17:10:45  UWB보정샘플:100
17:10:45  UWB보정기준:3.000
17:10:45  UWB오프셋:0.234
17:10:45  UWB위험사용:0
17:10:45  UWB전송:7531
17:10:45  위험송신:0
17:10:45  시각ms:1555683
17:10:45  IMU시각ms:1555682
17:10:45  위험:0
17:10:45  원시위험:0
17:10:45  GPS유효:1
17:10:45  위도:37.495939
17:10:45  경도:126.956109
17:10:45  속도:0.01
17:10:45  방향:290.8
17:10:45  이동방향유효:0
17:10:45  GPS이동방향:290.8
17:10:45  차체방향유효:0
17:10:45  차체방향:0.0
17:10:45  후진판정:0
17:10:45  IMU요회전속도:0.00
17:10:45  방향가속도크기:9.75
17:10:45  방향자이로크기:4.00
17:10:45  방향자세cos:0.9999
17:10:45  자기모델잔차:27.11
17:10:45  자기모델반경:0.889
17:10:45  방향채택:0
17:10:45  방향거부:167785
17:10:45  GPS원시속도:0.010
17:10:45  GPS원시방향유효:1
17:10:45  GPS원시방향:290.8
17:10:45  가속도:-0.35,0.35,9.73
17:10:45  자이로:1.6,-2.9,2.3
17:10:45  자력계:8.400,3.450,21.300
17:10:45  충격값:0.08
17:10:45  충격피크:0.08
17:10:45  마지막충격발생값:0.00
17:10:45  마지막충격발생ms:0
17:10:45  송신:14805
17:10:45  지팡이수신:10033
17:10:45  GPS위성:9
17:10:45  GPS_HDOP:1.11
17:10:45  원시위도:37.495939
17:10:45  원시경도:126.956111
17:10:45  GPS채택:1540
17:10:45  GPS이상치거부:0
17:10:45  GPS품질거부:0
17:10:45  GPS재기준:0
17:10:45  계산거리:-1.00
17:10:45  접근속도:0.00
17:10:45  TTC:999.00
17:10:45  방향오차:0.0
17:10:45  전방여부:0
17:10:45  위험음성횟수:0
17:10:45  충격음성횟수:0
17:10:45  마지막위험음성:0
17:10:45  RSSI원시:-50
17:10:45  RSSI평활:-47.6
17:10:45  RSSI샘플:10033
17:10:45  RSSI경과ms:38
17:10:45  RSSI구간:4
17:10:45  RSSI거리:0.80
17:10:45  상대보정:0
17:10:45  상대보정중:0
17:10:45  보정동쪽:0.00
17:10:45  보정북쪽:0.00
17:10:45  UWB유효:1
17:10:45  UWB원시거리:0.530
17:10:45  UWB보정거리:0.766
17:10:45  UWB접근속도:-0.008
17:10:45  UWB_RSSI:nan
17:10:45  UWB경과ms:116
17:10:45  UWB샘플:7536
17:10:45  UWB실패:165
17:10:45  UWB보정:1
17:10:45  UWB보정중:0
17:10:45  UWB보정샘플:100
17:10:45  UWB보정기준:3.000
17:10:45  UWB오프셋:0.234
17:10:45  UWB위험사용:0
17:10:45  UWB전송:7531
17:10:45  위험송신:0
17:10:45  시각ms:1555709
17:10:45  IMU시각ms:1555709
17:10:45  위험:0
17:10:45  원시위험:0
17:10:45  GPS유효:1
17:10:45  위도:37.495939
17:10:45  경도:126.956110
17:10:45  속도:0.01
17:10:45  방향:290.8
17:10:45  이동방향유효:0
17:10:45  GPS이동방향:290.8
17:10:45  차체방향유효:0
17:10:45  차체방향:0.0
17:10:45  후진판정:0
17:10:45  IMU요회전속도:0.00
17:10:45  방향가속도크기:9.69
17:10:45  방향자이로크기:1.61
17:10:45  방향자세cos:0.9996
17:10:45  자기모델잔차:25.85
17:10:45  자기모델반경:0.912
17:10:45  방향채택:0
17:10:45  방향거부:167788
17:10:45  GPS원시속도:0.010
17:10:45  GPS원시방향유효:1
17:10:45  GPS원시방향:290.8
17:10:45  가속도:-0.42,0.22,9.68
17:10:45  자이로:0.2,1.2,-1.0
17:10:45  자력계:8.850,4.050,19.950
17:10:45  충격값:0.14
17:10:45  충격피크:0.14
17:10:45  마지막충격발생값:0.00
17:10:45  마지막충격발생ms:0
17:10:45  송신:14805
17:10:45  지팡이수신:10033
17:10:45  GPS위성:9
17:10:45  GPS_HDOP:1.11
17:10:45  원시위도:37.495940
17:10:45  원시경도:126.956111
17:10:45  GPS채택:1541
17:10:45  GPS이상치거부:0
17:10:45  GPS품질거부:0
17:10:45  GPS재기준:0
17:10:45  계산거리:-1.00
17:10:45  접근속도:0.00
17:10:45  TTC:999.00
17:10:45  방향오차:0.0
17:10:45  전방여부:0
17:10:45  위험음성횟수:0
17:10:45  충격음성횟수:0
17:10:45  마지막위험음성:0
17:10:45  RSSI원시:-50
17:10:45  RSSI평활:-47.6
17:10:45  RSSI샘플:10033
17:10:45  RSSI경과ms:64
17:10:45  RSSI구간:4
17:10:45  RSSI거리:0.80
17:10:45  상대보정:0
17:10:45  상대보정중:0
17:10:45  보정동쪽:0.00
17:10:45  보정북쪽:0.00
17:10:45  UWB유효:1
17:10:45  UWB원시거리:0.530
17:10:45  UWB보정거리:0.766
17:10:45  UWB접근속도:-0.008
17:10:45  UWB_RSSI:nan
17:10:45  UWB경과ms:142
17:10:45  UWB샘플:7536
17:10:45  UWB실패:165
17:10:45  UWB보정:1
17:10:45  UWB보정중:0
17:10:45  UWB보정샘플:100
17:10:45  UWB보정기준:3.000
17:10:45  UWB오프셋:0.234
17:10:45  UWB위험사용:0
17:10:45  UWB전송:7531
17:10:45  위험송신:0
17:10:45  시각ms:1556147
17:10:45  IMU시각ms:1556147
17:10:45  위험:0
17:10:45  원시위험:0
17:10:45  GPS유효:1
17:10:45  위도:37.495939
17:10:45  경도:126.956110
17:10:45  속도:0.01
17:10:46  방향:290.8
17:10:46  이동방향유효:0
17:10:46  GPS이동방향:290.8
17:10:46  차체방향유효:0
17:10:46  차체방향:0.0
17:10:46  후진판정:0
17:10:46  IMU요회전속도:0.00
17:10:46  방향가속도크기:9.76
17:10:46  방향자이로크기:1.73
17:10:46  방향자세cos:0.9999
17:10:46  자기모델잔차:26.48
17:10:46  자기모델반경:0.965
17:10:46  방향채택:0
17:10:46  방향거부:167834
17:10:46  GPS원시속도:0.010
17:10:46  GPS원시방향유효:1
17:10:46  GPS원시방향:290.8
17:10:46  가속도:-0.48,0.33,9.74
17:10:46  자이로:-0.3,-0.6,-1.6
17:10:46  자력계:7.800,5.700,20.400
17:10:46  충격값:0.09
17:10:46  충격피크:0.14
17:10:46  마지막충격발생값:0.00
17:10:46  마지막충격발생ms:0
17:10:46  송신:14809
17:10:46  지팡이수신:10036
17:10:46  GPS위성:9
17:10:46  GPS_HDOP:1.11
17:10:46  원시위도:37.495940
17:10:46  원시경도:126.956111
17:10:46  GPS채택:1541
17:10:46  GPS이상치거부:0
17:10:46  GPS품질거부:0
17:10:46  GPS재기준:0
17:10:46  계산거리:-1.00
17:10:46  접근속도:0.00
17:10:46  TTC:999.00
17:10:46  방향오차:0.0
17:10:46  전방여부:0
17:10:46  위험음성횟수:0
17:10:46  충격음성횟수:0
17:10:46  마지막위험음성:0
17:10:46  RSSI원시:-46
17:10:46  RSSI평활:-47.7
17:10:46  RSSI샘플:10036
17:10:46  RSSI경과ms:61
17:10:46  RSSI구간:4
17:10:46  RSSI거리:0.80
17:10:46  상대보정:0
17:10:46  상대보정중:0
17:10:46  보정동쪽:0.00
17:10:46  보정북쪽:0.00
17:10:46  UWB유효:1
17:10:46  UWB원시거리:0.500
17:10:46  UWB보정거리:0.765
17:10:46  UWB접근속도:-0.003
17:10:46  UWB_RSSI:nan
17:10:46  UWB경과ms:181
17:10:46  UWB샘플:7538
17:10:46  UWB실패:165
17:10:46  UWB보정:1
17:10:46  UWB보정중:0
17:10:46  UWB보정샘플:100
17:10:46  UWB보정기준:3.000
17:10:46  UWB오프셋:0.234
17:10:46  UWB위험사용:0
17:10:46  UWB전송:7533
17:10:46  위험송신:0
17:10:46  시각ms:1556352
17:10:46  IMU시각ms:1556352
17:10:46  위험:0
17:10:46  원시위험:0
17:10:46  GPS유효:1
17:10:46  위도:37.495939
17:10:46  경도:126.956110
17:10:46  속도:0.01
17:10:46  방향:290.8
17:10:46  이동방향유효:0
17:10:46  GPS이동방향:290.8
17:10:46  차체방향유효:0
17:10:46  차체방향:0.0
17:10:46  후진판정:0
17:10:46  IMU요회전속도:0.00
17:10:46  방향가속도크기:9.78
17:10:46  방향자이로크기:2.99
17:10:46  방향자세cos:0.9998
17:10:46  자기모델잔차:26.21
17:10:46  자기모델반경:0.931
17:10:46  방향채택:0
17:10:46  방향거부:167854
17:10:46  GPS원시속도:0.010
17:10:46  GPS원시방향유효:1
17:10:46  GPS원시방향:290.8
17:10:46  가속도:-0.27,0.38,9.77
17:10:46  자이로:0.9,2.0,-2.0
17:10:46  자력계:8.400,4.650,20.250
17:10:46  충격값:0.15
17:10:46  충격피크:0.15
17:10:46  마지막충격발생값:0.00
17:10:46  마지막충격발생ms:0
17:10:46  송신:14811
17:10:46  지팡이수신:10038
17:10:46  GPS위성:9
17:10:46  GPS_HDOP:1.11
17:10:46  원시위도:37.495940
17:10:46  원시경도:126.956111
17:10:46  GPS채택:1541
17:10:46  GPS이상치거부:0
17:10:46  GPS품질거부:0
17:10:46  GPS재기준:0
17:10:46  계산거리:-1.00
17:10:46  접근속도:0.00
17:10:46  TTC:999.00
17:10:46  방향오차:0.0
17:10:46  전방여부:0
17:10:46  위험음성횟수:0
17:10:46  충격음성횟수:0
17:10:46  마지막위험음성:0
17:10:46  RSSI원시:-48
17:10:46  RSSI평활:-48.1
17:10:46  RSSI샘플:10038
17:10:46  RSSI경과ms:15
17:10:46  RSSI구간:4
17:10:46  RSSI거리:0.80
17:10:46  상대보정:0
17:10:46  상대보정중:0
17:10:46  보정동쪽:0.00
17:10:46  보정북쪽:0.00
17:10:46  UWB유효:1
17:10:46  UWB원시거리:0.510
17:10:46  UWB보정거리:0.758
17:10:46  UWB접근속도:0.009
17:10:46  UWB_RSSI:nan
17:10:46  UWB경과ms:191
17:10:46  UWB샘플:7539
17:10:46  UWB실패:165
17:10:46  UWB보정:1
17:10:46  UWB보정중:0
17:10:46  UWB보정샘플:100
17:10:46  UWB보정기준:3.000
17:10:46  UWB오프셋:0.234
17:10:46  UWB위험사용:0
17:10:46  UWB전송:7534
17:10:46  위험송신:0
17:10:46  시각ms:1556375
17:10:46  IMU시각ms:1556375
17:10:46  위험:0
17:10:46  원시위험:0
17:10:46  GPS유효:1
17:10:46  위도:37.495939
17:10:46  경도:126.956110
17:10:46  속도:0.01
17:10:46  방향:290.8
17:10:46  이동방향유효:0
17:10:46  GPS이동방향:290.8
17:10:46  차체방향유효:0
17:10:46  차체방향:0.0
17:10:46  후진판정:0
17:10:46  IMU요회전속도:0.00
17:10:46  방향가속도크기:9.81
17:10:46  방향자이로크기:2.69
17:10:46  방향자세cos:0.9999
17:10:46  자기모델잔차:25.07
17:10:46  자기모델반경:0.948
17:10:46  방향채택:0
17:10:46  방향거부:167856
17:10:46  GPS원시속도:0.010
17:10:46  GPS원시방향유효:1
17:10:46  GPS원시방향:290.8
17:10:46  가속도:-0.38,0.38,9.80
17:10:46  자이로:1.0,-0.6,-2.4
17:10:46  자력계:8.700,5.100,19.050
17:10:46  충격값:0.10
17:10:46  충격피크:0.10
17:10:46  마지막충격발생값:0.00
17:10:46  마지막충격발생ms:0
17:10:46  송신:14811
17:10:46  지팡이수신:10039
17:10:46  GPS위성:9
17:10:46  GPS_HDOP:1.11
17:10:46  원시위도:37.495940
17:10:46  원시경도:126.956111
17:10:46  GPS채택:1541
17:10:46  GPS이상치거부:0
17:10:46  GPS품질거부:0
17:10:46  GPS재기준:0
17:10:46  계산거리:-1.00
17:10:46  접근속도:0.00
17:10:46  TTC:999.00
17:10:46  방향오차:0.0
17:10:46  전방여부:0
17:10:46  위험음성횟수:0
17:10:46  충격음성횟수:0
17:10:46  마지막위험음성:0
17:10:46  RSSI원시:-49
17:10:46  RSSI평활:-48.3
17:10:46  RSSI샘플:10039
17:10:46  RSSI경과ms:6
17:10:46  RSSI구간:4
17:10:46  RSSI거리:0.80
17:10:46  상대보정:0
17:10:46  상대보정중:0
17:10:46  보정동쪽:0.00
17:10:46  보정북쪽:0.00
17:10:46  UWB유효:1
17:10:46  UWB원시거리:0.520
17:10:46  UWB보정거리:0.753
17:10:46  UWB접근속도:0.013
17:10:46  UWB_RSSI:nan
17:10:46  UWB경과ms:9
17:10:46  UWB샘플:7540
17:10:46  UWB실패:165
17:10:46  UWB보정:1
17:10:46  UWB보정중:0
17:10:46  UWB보정샘플:100
17:10:46  UWB보정기준:3.000
17:10:46  UWB오프셋:0.234
17:10:46  UWB위험사용:0
17:10:46  UWB전송:7535
17:10:46  위험송신:0
17:10:46  시각ms:1556429
17:10:46  IMU시각ms:1556429
17:10:46  위험:0
17:10:46  원시위험:0
17:10:46  GPS유효:1
17:10:46  위도:37.495939
17:10:46  경도:126.956110
17:10:46  속도:0.01
17:10:46  방향:290.8
17:10:46  이동방향유효:0
17:10:46  GPS이동방향:290.8
17:10:46  차체방향유효:0
17:10:46  차체방향:0.0
17:10:46  후진판정:0
17:10:46  IMU요회전속도:0.00
17:10:46  방향가속도크기:9.61
17:10:46  방향자이로크기:4.38
17:10:46  방향자세cos:1.0000
17:10:46  자기모델잔차:26.67
17:10:46  자기모델반경:0.935
17:10:46  방향채택:0
17:10:46  방향거부:167862
17:10:46  GPS원시속도:0.010
17:10:46  GPS원시방향유효:1
17:10:46  GPS원시방향:290.8
17:10:46  가속도:-0.40,0.41,9.60
17:10:46  자이로:3.4,-1.5,-2.3
17:10:46  자력계:8.100,4.800,20.700
17:10:46  충격값:0.11
17:10:46  충격피크:0.13
17:10:46  마지막충격발생값:0.00
17:10:46  마지막충격발생ms:0
17:10:46  송신:14812
17:10:46  지팡이수신:10039
17:10:46  GPS위성:9
17:10:46  GPS_HDOP:1.11
17:10:46  원시위도:37.495940
17:10:46  원시경도:126.956111
17:10:46  GPS채택:1541
17:10:46  GPS이상치거부:0
17:10:46  GPS품질거부:0
17:10:46  GPS재기준:0
17:10:46  계산거리:-1.00
17:10:46  접근속도:0.00
17:10:46  TTC:999.00
17:10:46  방향오차:0.0
17:10:46  전방여부:0
17:10:46  위험음성횟수:0
17:10:46  충격음성횟수:0
17:10:46  마지막위험음성:0
17:10:46  RSSI원시:-49
17:10:46  RSSI평활:-48.3
17:10:46  RSSI샘플:10039
17:10:46  RSSI경과ms:60
17:10:46  RSSI구간:4
17:10:46  RSSI거리:0.80
17:10:46  상대보정:0
17:10:46  상대보정중:0
17:10:46  보정동쪽:0.00
17:10:46  보정북쪽:0.00
17:10:46  UWB유효:1
17:10:46  UWB원시거리:0.520
17:10:46  UWB보정거리:0.753
17:10:46  UWB접근속도:0.013
17:10:46  UWB_RSSI:nan
17:10:46  UWB경과ms:63
17:10:46  UWB샘플:7540
17:10:46  UWB실패:165
17:10:46  UWB보정:1
17:10:46  UWB보정중:0
17:10:46  UWB보정샘플:100
17:10:46  UWB보정기준:3.000
17:10:46  UWB오프셋:0.234
17:10:46  UWB위험사용:0
17:10:46  UWB전송:7535
17:10:46  위험송신:0
17:10:46  시각ms:1556481
17:10:46  IMU시각ms:1556481
17:10:46  위험:0
17:10:46  원시위험:0
17:10:46  GPS유효:1
17:10:46  위도:37.495939
17:10:46  경도:126.956110
17:10:46  속도:0.01
17:10:46  방향:290.8
17:10:46  이동방향유효:0
17:10:46  GPS이동방향:290.8
17:10:46  차체방향유효:0
17:10:46  차체방향:0.0
17:10:46  후진판정:0
17:10:46  IMU요회전속도:0.00
17:10:46  방향가속도크기:9.69
17:10:46  방향자이로크기:1.33
17:10:46  방향자세cos:0.9998
17:10:46  자기모델잔차:25.77
17:10:46  자기모델반경:0.932
17:10:46  방향채택:0
17:10:46  방향거부:167868
17:10:46  GPS원시속도:0.010
17:10:46  GPS원시방향유효:1
17:10:46  GPS원시방향:290.8
17:10:46  가속도:-0.35,0.31,9.68
17:10:46  자이로:-0.0,-1.0,0.8
17:10:46  자력계:8.700,4.650,19.800
17:10:46  충격값:0.08
17:10:46  충격피크:0.12
17:10:46  마지막충격발생값:0.00
17:10:46  마지막충격발생ms:0
17:10:46  송신:14812
17:10:46  지팡이수신:10039
17:10:46  GPS위성:9
17:10:46  GPS_HDOP:1.11
17:10:46  원시위도:37.495940
17:10:46  원시경도:126.956111
17:10:46  GPS채택:1541
17:10:46  GPS이상치거부:0
17:10:46  GPS품질거부:0
17:10:46  GPS재기준:0
17:10:46  계산거리:-1.00
17:10:46  접근속도:0.00
17:10:46  TTC:999.00
17:10:46  방향오차:0.0
17:10:46  전방여부:0
17:10:46  위험음성횟수:0
17:10:46  충격음성횟수:0
17:10:46  마지막위험음성:0
17:10:46  RSSI원시:-49
17:10:46  RSSI평활:-48.3
17:10:46  RSSI샘플:10039
17:10:46  RSSI경과ms:112
17:10:46  RSSI구간:4
17:10:46  RSSI거리:0.80
17:10:46  상대보정:0
17:10:46  상대보정중:0
17:10:46  보정동쪽:0.00
17:10:46  보정북쪽:0.00
17:10:46  UWB유효:1
17:10:46  UWB원시거리:0.520
17:10:46  UWB보정거리:0.753
17:10:46  UWB접근속도:0.013
17:10:46  UWB_RSSI:nan
17:10:46  UWB경과ms:115
17:10:46  UWB샘플:7540
17:10:46  UWB실패:165
17:10:46  UWB보정:1
17:10:46  UWB보정중:0
17:10:46  UWB보정샘플:100
17:10:46  UWB보정기준:3.000
17:10:46  UWB오프셋:0.234
17:10:46  UWB위험사용:0
17:10:46  UWB전송:7535
17:10:46  위험송신:0
17:10:46  시각ms:1556522
17:10:46  IMU시각ms:1556522
17:10:46  위험:0
17:10:46  원시위험:0
17:10:46  GPS유효:1
17:10:46  위도:37.495939
17:10:46  경도:126.956110
17:10:46  속도:0.01
17:10:46  방향:290.8
17:10:46  이동방향유효:0
17:10:46  GPS이동방향:290.8
17:10:46  차체방향유효:0
17:10:46  차체방향:0.0
17:10:46  후진판정:0
17:10:46  IMU요회전속도:0.00
17:10:46  방향가속도크기:9.76
17:10:46  방향자이로크기:2.72
17:10:46  방향자세cos:0.9998
17:10:46  자기모델잔차:27.13
17:10:46  자기모델반경:0.930
17:10:46  방향채택:0
17:10:46  방향거부:167872
17:10:46  GPS원시속도:0.010
17:10:46  GPS원시방향유효:1
17:10:46  GPS원시방향:290.8
17:10:46  가속도:-0.37,0.30,9.75
17:10:46  자이로:2.7,-0.5,0.1
17:10:46  자력계:9.300,4.800,21.150
17:10:46  충격값:0.09
17:10:46  충격피크:0.16
17:10:46  마지막충격발생값:0.00
17:10:46  마지막충격발생ms:0
17:10:46  송신:14813
17:10:46  지팡이수신:10040
17:10:46  GPS위성:9
17:10:46  GPS_HDOP:1.11
17:10:46  원시위도:37.495940
17:10:46  원시경도:126.956111
17:10:46  GPS채택:1541
17:10:46  GPS이상치거부:0
17:10:46  GPS품질거부:0
17:10:46  GPS재기준:0
17:10:46  계산거리:-1.00
17:10:46  접근속도:0.00
17:10:46  TTC:999.00
17:10:46  방향오차:0.0
17:10:46  전방여부:0
17:10:46  위험음성횟수:0
17:10:46  충격음성횟수:0
17:10:46  마지막위험음성:0
17:10:46  RSSI원시:-48
17:10:46  RSSI평활:-48.2
17:10:46  RSSI샘플:10040
17:10:46  RSSI경과ms:34
17:10:46  RSSI구간:4
17:10:46  RSSI거리:0.80
17:10:46  상대보정:0
17:10:46  상대보정중:0
17:10:46  보정동쪽:0.00
17:10:46  보정북쪽:0.00
17:10:46  UWB유효:1
17:10:46  UWB원시거리:0.520
17:10:46  UWB보정거리:0.753
17:10:46  UWB접근속도:0.013
17:10:46  UWB_RSSI:nan
17:10:46  UWB경과ms:156
17:10:46  UWB샘플:7540
17:10:46  UWB실패:165
17:10:46  UWB보정:1
17:10:46  UWB보정중:0
17:10:46  UWB보정샘플:100
17:10:46  UWB보정기준:3.000
17:10:46  UWB오프셋:0.234
17:10:46  UWB위험사용:0
17:10:46  UWB전송:7535
17:10:46  위험송신:0
17:10:46  시각ms:1556598
17:10:46  IMU시각ms:1556598
17:10:46  위험:0
17:10:46  원시위험:0
17:10:46  GPS유효:1
17:10:46  위도:37.495939
17:10:46  경도:126.956110
17:10:46  속도:0.01
17:10:46  방향:290.8
17:10:46  이동방향유효:0
17:10:46  GPS이동방향:290.8
17:10:46  차체방향유효:0
17:10:46  차체방향:0.0
17:10:46  후진판정:0
17:10:46  IMU요회전속도:0.00
17:10:46  방향가속도크기:9.66
17:10:46  방향자이로크기:0.72
17:10:46  방향자세cos:0.9996
17:10:46  자기모델잔차:25.82
17:10:46  자기모델반경:0.944
17:10:46  방향채택:0
17:10:46  방향거부:167880
17:10:46  GPS원시속도:0.010
17:10:46  GPS원시방향유효:1
17:10:46  GPS원시방향:290.8
17:10:46  가속도:-0.41,0.20,9.65
17:10:46  자이로:0.6,0.1,0.4
17:10:46  자력계:9.450,5.100,19.800
17:10:46  충격값:0.17
17:10:46  충격피크:0.17
17:10:46  마지막충격발생값:0.00
17:10:46  마지막충격발생ms:0
17:10:46  송신:14813
17:10:46  지팡이수신:10040
17:10:46  GPS위성:9
17:10:46  GPS_HDOP:1.11
17:10:46  원시위도:37.495940
17:10:46  원시경도:126.956111
17:10:46  GPS채택:1541
17:10:46  GPS이상치거부:0
17:10:46  GPS품질거부:0
17:10:46  GPS재기준:0
17:10:46  계산거리:-1.00
17:10:46  접근속도:0.00
17:10:46  TTC:999.00
17:10:46  방향오차:0.0
17:10:46  전방여부:0
17:10:46  위험음성횟수:0
17:10:46  충격음성횟수:0
17:10:46  마지막위험음성:0
17:10:46  RSSI원시:-48
17:10:46  RSSI평활:-48.2
17:10:46  RSSI샘플:10040
17:10:46  RSSI경과ms:110
17:10:46  RSSI구간:4
17:10:46  RSSI거리:0.80
17:10:46  상대보정:0
17:10:46  상대보정중:0
17:10:46  보정동쪽:0.00
17:10:46  보정북쪽:0.00
17:10:46  UWB유효:1
17:10:46  UWB원시거리:0.540
17:10:46  UWB보정거리:0.750
17:10:46  UWB접근속도:0.014
17:10:46  UWB_RSSI:nan
17:10:46  UWB경과ms:35
17:10:46  UWB샘플:7541
17:10:46  UWB실패:165
17:10:46  UWB보정:1
17:10:46  UWB보정중:0
17:10:46  UWB보정샘플:100
17:10:46  UWB보정기준:3.000
17:10:46  UWB오프셋:0.234
17:10:46  UWB위험사용:0
17:10:46  UWB전송:7536
17:10:46  위험송신:0
17:10:46  시각ms:1556628
17:10:46  IMU시각ms:1556628
17:10:46  위험:0
17:10:46  원시위험:0
17:10:46  GPS유효:1
17:10:46  위도:37.495939
17:10:46  경도:126.956110
17:10:46  속도:0.01
17:10:46  방향:290.8
17:10:46  이동방향유효:0
17:10:46  GPS이동방향:290.8
17:10:46  차체방향유효:0
17:10:46  차체방향:0.0
17:10:46  후진판정:0
17:10:46  IMU요회전속도:0.00
17:10:46  방향가속도크기:9.72
17:10:46  방향자이로크기:2.15
17:10:46  방향자세cos:0.9998
17:10:46  자기모델잔차:24.72
17:10:46  자기모델반경:0.935
17:10:46  방향채택:0
17:10:46  방향거부:167882
17:10:46  GPS원시속도:0.010
17:10:46  GPS원시방향유효:1
17:10:46  GPS원시방향:290.8
17:10:46  가속도:-0.35,0.32,9.71
17:10:46  자이로:-0.3,0.7,-2.0
17:10:46  자력계:8.700,4.650,18.750
17:10:46  충격값:0.06
17:10:46  충격피크:0.08
17:10:46  마지막충격발생값:0.00
17:10:46  마지막충격발생ms:0
17:10:46  송신:14814
17:10:46  지팡이수신:10041
17:10:46  GPS위성:9
17:10:46  GPS_HDOP:1.11
17:10:46  원시위도:37.495940
17:10:46  원시경도:126.956111
17:10:46  GPS채택:1541
17:10:46  GPS이상치거부:0
17:10:46  GPS품질거부:0
17:10:46  GPS재기준:0
17:10:46  계산거리:-1.00
17:10:46  접근속도:0.00
17:10:46  TTC:999.00
17:10:46  방향오차:0.0
17:10:46  전방여부:0
17:10:46  위험음성횟수:0
17:10:46  충격음성횟수:0
17:10:46  마지막위험음성:0
17:10:46  RSSI원시:-48
17:10:46  RSSI평활:-48.2
17:10:46  RSSI샘플:10041
17:10:46  RSSI경과ms:23
17:10:46  RSSI구간:4
17:10:46  RSSI거리:0.80
17:10:46  상대보정:0
17:10:46  상대보정중:0
17:10:46  보정동쪽:0.00
17:10:46  보정북쪽:0.00
17:10:46  UWB유효:1
17:10:46  UWB원시거리:0.540
17:10:46  UWB보정거리:0.750
17:10:46  UWB접근속도:0.014
17:10:46  UWB_RSSI:nan
17:10:46  UWB경과ms:65
17:10:46  UWB샘플:7541
17:10:46  UWB실패:165
17:10:46  UWB보정:1
17:10:46  UWB보정중:0
17:10:46  UWB보정샘플:100
17:10:46  UWB보정기준:3.000
17:10:46  UWB오프셋:0.234
17:10:46  UWB위험사용:0
17:10:46  UWB전송:7536
17:10:46  위험송신:0
17:10:46  시각ms:1556760
17:10:46  IMU시각ms:1556756
17:10:46  위험:0
17:10:46  원시위험:0
17:10:46  GPS유효:1
17:10:46  위도:37.495940
17:10:46  경도:126.956111
17:10:46  속도:0.02
17:10:46  방향:290.8
17:10:46  이동방향유효:0
17:10:46  GPS이동방향:290.8
17:10:46  차체방향유효:0
17:10:46  차체방향:0.0
17:10:46  후진판정:0
17:10:46  IMU요회전속도:0.00
17:10:46  방향가속도크기:9.80
17:10:46  방향자이로크기:1.45
17:10:46  방향자세cos:0.9997
17:10:46  자기모델잔차:27.26
17:10:46  자기모델반경:0.969
17:10:46  방향채택:0
17:10:46  방향거부:167896
17:10:46  GPS원시속도:0.026
17:10:46  GPS원시방향유효:1
17:10:46  GPS원시방향:290.8
17:10:46  가속도:-0.39,0.24,9.79
17:10:46  자이로:0.2,1.4,0.2
17:10:46  자력계:8.850,6.000,21.150
17:10:46  충격값:0.13
17:10:46  충격피크:0.19
17:10:46  마지막충격발생값:0.00
17:10:46  마지막충격발생ms:0
17:10:46  송신:14815
17:10:46  지팡이수신:10042
17:10:46  GPS위성:9
17:10:46  GPS_HDOP:1.11
17:10:46  원시위도:37.495940
17:10:46  원시경도:126.956113
17:10:46  GPS채택:1542
17:10:46  GPS이상치거부:0
17:10:46  GPS품질거부:0
17:10:46  GPS재기준:0
17:10:46  계산거리:-1.00
17:10:46  접근속도:0.00
17:10:46  TTC:999.00
17:10:46  방향오차:0.0
17:10:46  전방여부:0
17:10:46  위험음성횟수:0
17:10:46  충격음성횟수:0
17:10:46  마지막위험음성:0
17:10:46  RSSI원시:-48
17:10:46  RSSI평활:-48.1
17:10:46  RSSI샘플:10042
17:10:46  RSSI경과ms:80
17:10:46  RSSI구간:4
17:10:46  RSSI거리:0.80
17:10:46  상대보정:0
17:10:46  상대보정중:0
17:10:46  보정동쪽:0.00
17:10:46  보정북쪽:0.00
17:10:46  UWB유효:1
17:10:46  UWB원시거리:0.520
17:10:46  UWB보정거리:0.751
17:10:46  UWB접근속도:0.007
17:10:46  UWB_RSSI:nan
17:10:46  UWB경과ms:0
17:10:46  UWB샘플:7542
17:10:46  UWB실패:165
17:10:46  UWB보정:1
17:10:46  UWB보정중:0
17:10:46  UWB보정샘플:100
17:10:46  UWB보정기준:3.000
17:10:46  UWB오프셋:0.234
17:10:46  UWB위험사용:0
17:10:46  UWB전송:7537
17:10:46  위험송신:0
17:10:46  시각ms:1556926
17:10:46  IMU시각ms:1556926
17:10:46  위험:0
17:10:46  원시위험:0
17:10:46  GPS유효:1
17:10:46  위도:37.495940
17:10:46  경도:126.956111
17:10:46  속도:0.02
17:10:46  방향:290.8
17:10:46  이동방향유효:0
17:10:46  GPS이동방향:290.8
17:10:46  차체방향유효:0
17:10:46  차체방향:0.0
17:10:46  후진판정:0
17:10:46  IMU요회전속도:0.00
17:10:46  방향가속도크기:9.73
17:10:46  방향자이로크기:2.35
17:10:46  방향자세cos:0.9998
17:10:46  자기모델잔차:25.68
17:10:46  자기모델반경:0.909
17:10:46  방향채택:0
17:10:46  방향거부:167913
17:10:46  GPS원시속도:0.026
17:10:46  GPS원시방향유효:1
17:10:46  GPS원시방향:290.8
17:10:46  가속도:-0.33,0.31,9.72
17:10:46  자이로:0.8,-2.2,0.0
17:10:46  자력계:8.400,3.900,19.800
17:10:46  충격값:0.07
17:10:46  충격피크:0.07
17:10:46  마지막충격발생값:0.00
17:10:46  마지막충격발생ms:0
17:10:46  송신:14817
17:10:46  지팡이수신:10044
17:10:46  GPS위성:9
17:10:46  GPS_HDOP:1.11
17:10:46  원시위도:37.495940
17:10:46  원시경도:126.956113
17:10:46  GPS채택:1542
17:10:46  GPS이상치거부:0
17:10:46  GPS품질거부:0
17:10:46  GPS재기준:0
17:10:46  계산거리:-1.00
17:10:46  접근속도:0.00
17:10:46  TTC:999.00
17:10:46  방향오차:0.0
17:10:46  전방여부:0
17:10:46  위험음성횟수:0
17:10:46  충격음성횟수:0
17:10:46  마지막위험음성:0
17:10:46  RSSI원시:-47
17:10:46  RSSI평활:-47.9
17:10:46  RSSI샘플:10044
17:10:46  RSSI경과ms:27
17:10:46  RSSI구간:4
17:10:46  RSSI거리:0.80
17:10:46  상대보정:0
17:10:46  상대보정중:0
17:10:46  보정동쪽:0.00
17:10:46  보정북쪽:0.00
17:10:46  UWB유효:1
17:10:46  UWB원시거리:0.520
17:10:46  UWB보정거리:0.751
17:10:46  UWB접근속도:0.007
17:10:46  UWB_RSSI:nan
17:10:46  UWB경과ms:166
17:10:46  UWB샘플:7542
17:10:46  UWB실패:165
17:10:46  UWB보정:1
17:10:46  UWB보정중:0
17:10:46  UWB보정샘플:100
17:10:46  UWB보정기준:3.000
17:10:46  UWB오프셋:0.234
17:10:46  UWB위험사용:0
17:10:46  UWB전송:7537
17:10:46  위험송신:0
17:10:47  시각ms:1557372
17:10:47  IMU시각ms:1557372
17:10:47  위험:0
17:10:47  원시위험:0
17:10:47  GPS유효:1
17:10:47  위도:37.495940
17:10:47  경도:126.956111
17:10:47  속도:0.02
17:10:47  방향:290.8
17:10:47  이동방향유효:0
17:10:47  GPS이동방향:290.8
17:10:47  차체방향유효:0
17:10:47  차체방향:0.0
17:10:47  후진판정:0
17:10:47  IMU요회전속도:0.00
17:10:47  방향가속도크기:9.78
17:10:47  방향자이로크기:3.86
17:10:47  방향자세cos:0.9997
17:10:47  자기모델잔차:27.09
17:10:47  자기모델반경:0.966
17:10:47  방향채택:0
17:10:47  방향거부:167958
17:10:47  GPS원시속도:0.026
17:10:47  GPS원시방향유효:1
17:10:47  GPS원시방향:290.8
17:10:47  가속도:-0.33,0.28,9.77
17:10:47  자이로:-0.9,3.7,0.8
17:10:47  자력계:8.400,5.850,21.000
17:10:47  충격값:0.11
17:10:47  충격피크:0.11
17:10:47  마지막충격발생값:0.00
17:10:47  마지막충격발생ms:0
17:10:47  송신:14821
17:10:47  지팡이수신:10048
17:10:47  GPS위성:9
17:10:47  GPS_HDOP:1.11
17:10:47  원시위도:37.495940
17:10:47  원시경도:126.956113
17:10:47  GPS채택:1542
17:10:47  GPS이상치거부:0
17:10:47  GPS품질거부:0
17:10:47  GPS재기준:0
17:10:47  계산거리:-1.00
17:10:47  접근속도:0.00
17:10:47  TTC:999.00
17:10:47  방향오차:0.0
17:10:47  전방여부:0
17:10:47  위험음성횟수:0
17:10:47  충격음성횟수:0
17:10:47  마지막위험음성:0
17:10:47  RSSI원시:-47
17:10:47  RSSI평활:-47.6
17:10:47  RSSI샘플:10048
17:10:47  RSSI경과ms:55
17:10:47  RSSI구간:4
17:10:47  RSSI거리:0.80
17:10:47  상대보정:0
17:10:47  상대보정중:0
17:10:47  보정동쪽:0.00
17:10:47  보정북쪽:0.00
17:10:47  UWB유효:1
17:10:47  UWB원시거리:0.530
17:10:47  UWB보정거리:0.757
17:10:47  UWB접근속도:-0.005
17:10:47  UWB_RSSI:nan
17:10:47  UWB경과ms:8
17:10:47  UWB샘플:7545
17:10:47  UWB실패:165
17:10:47  UWB보정:1
17:10:47  UWB보정중:0
17:10:47  UWB보정샘플:100
17:10:47  UWB보정기준:3.000
17:10:47  UWB오프셋:0.234
17:10:47  UWB위험사용:0
17:10:47  UWB전송:7540
17:10:47  위험송신:0
17:10:47  시각ms:1557451
17:10:47  IMU시각ms:1557450
17:10:47  위험:0
17:10:47  원시위험:0
17:10:47  GPS유효:1
17:10:47  위도:37.495940
17:10:47  경도:126.956111
17:10:47  속도:0.02
17:10:47  방향:290.8
17:10:47  이동방향유효:0
17:10:47  GPS이동방향:290.8
17:10:47  차체방향유효:0
17:10:47  차체방향:0.0
17:10:47  후진판정:0
17:10:47  IMU요회전속도:0.00
17:10:47  방향가속도크기:9.74
17:10:47  방향자이로크기:1.56
17:10:47  방향자세cos:0.9997
17:10:47  자기모델잔차:27.47
17:10:47  자기모델반경:0.866
17:10:47  방향채택:0
17:10:47  방향거부:167967
17:10:47  GPS원시속도:0.026
17:10:47  GPS원시방향유효:1
17:10:47  GPS원시방향:290.8
17:10:47  가속도:-0.41,0.25,9.73
17:10:47  자이로:0.0,-1.5,-0.1
17:10:47  자력계:7.950,2.700,21.750
17:10:47  충격값:0.10
17:10:47  충격피크:0.16
17:10:47  마지막충격발생값:0.00
17:10:47  마지막충격발생ms:0
17:10:47  송신:14822
17:10:47  지팡이수신:10048
17:10:47  GPS위성:9
17:10:47  GPS_HDOP:1.11
17:10:47  원시위도:37.495940
17:10:47  원시경도:126.956113
17:10:47  GPS채택:1542
17:10:47  GPS이상치거부:0
17:10:47  GPS품질거부:0
17:10:47  GPS재기준:0
17:10:47  계산거리:-1.00
17:10:47  접근속도:0.00
17:10:47  TTC:999.00
17:10:47  방향오차:0.0
17:10:47  전방여부:0
17:10:47  위험음성횟수:0
17:10:47  충격음성횟수:0
17:10:47  마지막위험음성:0
17:10:47  RSSI원시:-47
17:10:47  RSSI평활:-47.6
17:10:47  RSSI샘플:10048
17:10:47  RSSI경과ms:134
17:10:47  RSSI구간:4
17:10:47  RSSI거리:0.80
17:10:47  상대보정:0
17:10:47  상대보정중:0
17:10:47  보정동쪽:0.00
17:10:47  보정북쪽:0.00
17:10:47  UWB유효:1
17:10:47  UWB원시거리:0.530
17:10:47  UWB보정거리:0.757
17:10:47  UWB접근속도:-0.005
17:10:47  UWB_RSSI:nan
17:10:47  UWB경과ms:87
17:10:47  UWB샘플:7545
17:10:47  UWB실패:165
17:10:47  UWB보정:1
17:10:47  UWB보정중:0
17:10:47  UWB보정샘플:100
17:10:47  UWB보정기준:3.000
17:10:47  UWB오프셋:0.234
17:10:47  UWB위험사용:0
17:10:47  UWB전송:7540
17:10:47  위험송신:0
17:10:47  시각ms:1557895
17:10:47  IMU시각ms:1557895
17:10:47  위험:0
17:10:47  원시위험:0
17:10:47  GPS유효:1
17:10:47  위도:37.495940
17:10:47  경도:126.956112
17:10:47  속도:0.02
17:10:47  방향:290.8
17:10:47  이동방향유효:0
17:10:47  GPS이동방향:290.8
17:10:47  차체방향유효:0
17:10:47  차체방향:0.0
17:10:47  후진판정:0
17:10:47  IMU요회전속도:0.00
17:10:47  방향가속도크기:9.72
17:10:47  방향자이로크기:2.32
17:10:47  방향자세cos:0.9999
17:10:47  자기모델잔차:26.30
17:10:47  자기모델반경:0.953
17:10:47  방향채택:0
17:10:47  방향거부:168013
17:10:47  GPS원시속도:0.015
17:10:47  GPS원시방향유효:1
17:10:47  GPS원시방향:290.8
17:10:47  가속도:-0.45,0.32,9.71
17:10:47  자이로:1.1,-2.0,-0.2
17:10:47  자력계:8.700,5.400,20.250
17:10:47  충격값:0.07
17:10:47  충격피크:0.14
17:10:47  마지막충격발생값:0.00
17:10:47  마지막충격발생ms:0
17:10:47  송신:14826
17:10:47  지팡이수신:10051
17:10:47  GPS위성:9
17:10:47  GPS_HDOP:1.20
17:10:47  원시위도:37.495942
17:10:47  원시경도:126.956114
17:10:47  GPS채택:1543
17:10:47  GPS이상치거부:0
17:10:47  GPS품질거부:0
17:10:47  GPS재기준:0
17:10:47  계산거리:-1.00
17:10:47  접근속도:0.00
17:10:47  TTC:999.00
17:10:47  방향오차:0.0
17:10:47  전방여부:0
17:10:47  위험음성횟수:0
17:10:47  충격음성횟수:0
17:10:47  마지막위험음성:0
17:10:47  RSSI원시:-50
17:10:47  RSSI평활:-48.6
17:10:47  RSSI샘플:10051
17:10:47  RSSI경과ms:25
17:10:47  RSSI구간:4
17:10:47  RSSI거리:0.80
17:10:47  상대보정:0
17:10:47  상대보정중:0
17:10:47  보정동쪽:0.00
17:10:47  보정북쪽:0.00
17:10:47  UWB유효:1
17:10:47  UWB원시거리:0.540
17:10:47  UWB보정거리:0.765
17:10:47  UWB접근속도:-0.013
17:10:47  UWB_RSSI:nan
17:10:47  UWB경과ms:126
17:10:47  UWB샘플:7547
17:10:47  UWB실패:165
17:10:47  UWB보정:1
17:10:47  UWB보정중:0
17:10:47  UWB보정샘플:100
17:10:47  UWB보정기준:3.000
17:10:47  UWB오프셋:0.234
17:10:47  UWB위험사용:0
17:10:47  UWB전송:7542
17:10:47  위험송신:0
17:10:47  시각ms:1557966
17:10:47  IMU시각ms:1557961
17:10:47  위험:0
17:10:47  원시위험:0
17:10:47  GPS유효:1
17:10:47  위도:37.495940
17:10:47  경도:126.956112
17:10:47  속도:0.02
17:10:47  방향:290.8
17:10:47  이동방향유효:0
17:10:47  GPS이동방향:290.8
17:10:47  차체방향유효:0
17:10:47  차체방향:0.0
17:10:47  후진판정:0
17:10:47  IMU요회전속도:0.00
17:10:47  방향가속도크기:9.67
17:10:47  방향자이로크기:5.20
17:10:47  방향자세cos:0.9998
17:10:47  자기모델잔차:25.52
17:10:47  자기모델반경:0.947
17:10:47  방향채택:0
17:10:47  방향거부:168020
17:10:47  GPS원시속도:0.015
17:10:47  GPS원시방향유효:1
17:10:47  GPS원시방향:290.8
17:10:47  가속도:-0.34,0.29,9.66
17:10:47  자이로:-0.1,2.0,-4.8
17:10:47  자력계:8.700,5.100,19.500
17:10:47  충격값:0.08
17:10:47  충격피크:0.12
17:10:47  마지막충격발생값:0.00
17:10:47  마지막충격발생ms:0
17:10:47  송신:14826
17:10:47  지팡이수신:10052
17:10:47  GPS위성:9
17:10:47  GPS_HDOP:1.20
17:10:47  원시위도:37.495942
17:10:47  원시경도:126.956114
17:10:47  GPS채택:1543
17:10:47  GPS이상치거부:0
17:10:47  GPS품질거부:0
17:10:47  GPS재기준:0
17:10:47  계산거리:-1.00
17:10:47  접근속도:0.00
17:10:47  TTC:999.00
17:10:47  방향오차:0.0
17:10:47  전방여부:0
17:10:47  위험음성횟수:0
17:10:47  충격음성횟수:0
17:10:47  마지막위험음성:0
17:10:47  RSSI원시:-49
17:10:47  RSSI평활:-48.7
17:10:47  RSSI샘플:10052
17:10:47  RSSI경과ms:10
17:10:47  RSSI구간:4
17:10:47  RSSI거리:0.80
17:10:47  상대보정:0
17:10:47  상대보정중:0
17:10:47  보정동쪽:0.00
17:10:47  보정북쪽:0.00
17:10:47  UWB유효:1
17:10:47  UWB원시거리:0.510
17:10:47  UWB보정거리:0.765
17:10:47  UWB접근속도:-0.009
17:10:47  UWB_RSSI:nan
17:10:47  UWB경과ms:1
17:10:47  UWB샘플:7548
17:10:47  UWB실패:165
17:10:47  UWB보정:1
17:10:47  UWB보정중:0
17:10:47  UWB보정샘플:100
17:10:47  UWB보정기준:3.000
17:10:47  UWB오프셋:0.234
17:10:47  UWB위험사용:0
17:10:47  UWB전송:7543
17:10:47  위험송신:0
17:10:47  시각ms:1557986
17:10:47  IMU시각ms:1557986
17:10:47  위험:0
17:10:47  원시위험:0
17:10:47  GPS유효:1
17:10:47  위도:37.495940
17:10:47  경도:126.956112
17:10:47  속도:0.02
17:10:47  방향:290.8
17:10:47  이동방향유효:0
17:10:47  GPS이동방향:290.8
17:10:47  차체방향유효:0
17:10:47  차체방향:0.0
17:10:47  후진판정:0
17:10:47  IMU요회전속도:0.00
17:10:47  방향가속도크기:9.79
17:10:47  방향자이로크기:2.20
17:10:47  방향자세cos:1.0000
17:10:47  자기모델잔차:26.60
17:10:47  자기모델반경:0.995
17:10:47  방향채택:0
17:10:47  방향거부:168022
17:10:47  GPS원시속도:0.015
17:10:47  GPS원시방향유효:1
17:10:47  GPS원시방향:290.8
17:10:47  가속도:-0.44,0.45,9.77
17:10:47  자이로:2.1,0.6,0.3
17:10:47  자력계:8.850,6.750,20.400
17:10:47  충격값:0.14
17:10:47  충격피크:0.14
17:10:47  마지막충격발생값:0.00
17:10:47  마지막충격발생ms:0
17:10:47  송신:14827
17:10:47  지팡이수신:10052
17:10:47  GPS위성:9
17:10:47  GPS_HDOP:1.20
17:10:47  원시위도:37.495942
17:10:47  원시경도:126.956114
17:10:47  GPS채택:1543
17:10:47  GPS이상치거부:0
17:10:47  GPS품질거부:0
17:10:47  GPS재기준:0
17:10:47  계산거리:-1.00
17:10:47  접근속도:0.00
17:10:47  TTC:999.00
17:10:47  방향오차:0.0
17:10:47  전방여부:0
17:10:47  위험음성횟수:0
17:10:47  충격음성횟수:0
17:10:47  마지막위험음성:0
17:10:47  RSSI원시:-49
17:10:47  RSSI평활:-48.7
17:10:47  RSSI샘플:10052
17:10:47  RSSI경과ms:30
17:10:47  RSSI구간:4
17:10:47  RSSI거리:0.80
17:10:47  상대보정:0
17:10:47  상대보정중:0
17:10:47  보정동쪽:0.00
17:10:47  보정북쪽:0.00
17:10:47  UWB유효:1
17:10:47  UWB원시거리:0.510
17:10:47  UWB보정거리:0.765
17:10:47  UWB접근속도:-0.009
17:10:47  UWB_RSSI:nan
17:10:47  UWB경과ms:21
17:10:47  UWB샘플:7548
17:10:47  UWB실패:165
17:10:47  UWB보정:1
17:10:47  UWB보정중:0
17:10:47  UWB보정샘플:100
17:10:47  UWB보정기준:3.000
17:10:47  UWB오프셋:0.234
17:10:47  UWB위험사용:0
17:10:47  UWB전송:7543
17:10:47  위험송신:0
17:10:47  시각ms:1558054
17:10:47  IMU시각ms:1558054
17:10:47  위험:0
17:10:47  원시위험:0
17:10:47  GPS유효:1
17:10:47  위도:37.495940
17:10:47  경도:126.956112
17:10:47  속도:0.02
17:10:47  방향:290.8
17:10:47  이동방향유효:0
17:10:47  GPS이동방향:290.8
17:10:47  차체방향유효:0
17:10:47  차체방향:0.0
17:10:47  후진판정:0
17:10:47  IMU요회전속도:0.00
17:10:47  방향가속도크기:9.92
17:10:47  방향자이로크기:3.08
17:10:47  방향자세cos:0.9999
17:10:47  자기모델잔차:26.12
17:10:47  자기모델반경:0.907
17:10:47  방향채택:0
17:10:47  방향거부:168029
17:10:47  GPS원시속도:0.015
17:10:47  GPS원시방향유효:1
17:10:47  GPS원시방향:290.8
17:10:47  가속도:-0.34,0.38,9.90
17:10:47  자이로:2.6,-1.5,0.8
17:10:47  자력계:8.400,3.900,20.250
17:10:47  충격값:0.22
17:10:47  충격피크:0.22
17:10:47  마지막충격발생값:0.00
17:10:47  마지막충격발생ms:0
17:10:47  송신:14827
17:10:47  지팡이수신:10053
17:10:47  GPS위성:9
17:10:47  GPS_HDOP:1.20
17:10:47  원시위도:37.495942
17:10:47  원시경도:126.956114
17:10:47  GPS채택:1543
17:10:47  GPS이상치거부:0
17:10:47  GPS품질거부:0
17:10:47  GPS재기준:0
17:10:47  계산거리:-1.00
17:10:47  접근속도:0.00
17:10:47  TTC:999.00
17:10:47  방향오차:0.0
17:10:47  전방여부:0
17:10:47  위험음성횟수:0
17:10:47  충격음성횟수:0
17:10:47  마지막위험음성:0
17:10:47  RSSI원시:-49
17:10:47  RSSI평활:-48.7
17:10:47  RSSI샘플:10053
17:10:47  RSSI경과ms:10
17:10:47  RSSI구간:4
17:10:47  RSSI거리:0.80
17:10:47  상대보정:0
17:10:47  상대보정중:0
17:10:47  보정동쪽:0.00
17:10:47  보정북쪽:0.00
17:10:47  UWB유효:1
17:10:47  UWB원시거리:0.510
17:10:47  UWB보정거리:0.765
17:10:47  UWB접근속도:-0.009
17:10:47  UWB_RSSI:nan
17:10:47  UWB경과ms:89
17:10:47  UWB샘플:7548
17:10:47  UWB실패:165
17:10:47  UWB보정:1
17:10:47  UWB보정중:0
17:10:47  UWB보정샘플:100
17:10:47  UWB보정기준:3.000
17:10:47  UWB오프셋:0.234
17:10:47  UWB위험사용:0
17:10:47  UWB전송:7543
17:10:47  위험송신:0
17:10:47  시각ms:1558130
17:10:47  IMU시각ms:1558130
17:10:47  위험:0
17:10:47  원시위험:0
17:10:47  GPS유효:1
17:10:47  위도:37.495940
17:10:47  경도:126.956112
17:10:47  속도:0.02
17:10:47  방향:290.8
17:10:47  이동방향유효:0
17:10:47  GPS이동방향:290.8
17:10:47  차체방향유효:0
17:10:47  차체방향:0.0
17:10:47  후진판정:0
17:10:47  IMU요회전속도:0.00
17:10:47  방향가속도크기:9.66
17:10:47  방향자이로크기:4.20
17:10:47  방향자세cos:0.9999
17:10:47  자기모델잔차:25.68
17:10:47  자기모델반경:0.951
17:10:47  방향채택:0
17:10:47  방향거부:168037
17:10:47  GPS원시속도:0.015
17:10:47  GPS원시방향유효:1
17:10:47  GPS원시방향:290.8
17:10:47  가속도:-0.44,0.37,9.64
17:10:47  자이로:1.7,3.6,1.2
17:10:47  자력계:8.550,5.250,19.650
17:10:47  충격값:0.07
17:10:47  충격피크:0.11
17:10:47  마지막충격발생값:0.00
17:10:47  마지막충격발생ms:0
17:10:47  송신:14828
17:10:47  지팡이수신:10053
17:10:47  GPS위성:9
17:10:47  GPS_HDOP:1.20
17:10:47  원시위도:37.495942
17:10:47  원시경도:126.956114
17:10:47  GPS채택:1543
17:10:47  GPS이상치거부:0
17:10:47  GPS품질거부:0
17:10:47  GPS재기준:0
17:10:47  계산거리:-1.00
17:10:47  접근속도:0.00
17:10:47  TTC:999.00
17:10:47  방향오차:0.0
17:10:47  전방여부:0
17:10:47  위험음성횟수:0
17:10:47  충격음성횟수:0
17:10:47  마지막위험음성:0
17:10:47  RSSI원시:-49
17:10:47  RSSI평활:-48.7
17:10:47  RSSI샘플:10053
17:10:47  RSSI경과ms:86
17:10:47  RSSI구간:4
17:10:47  RSSI거리:0.80
17:10:47  상대보정:0
17:10:47  상대보정중:0
17:10:47  보정동쪽:0.00
17:10:47  보정북쪽:0.00
17:10:47  UWB유효:1
17:10:47  UWB원시거리:0.510
17:10:47  UWB보정거리:0.765
17:10:47  UWB접근속도:-0.009
17:10:47  UWB_RSSI:nan
17:10:47  UWB경과ms:165
17:10:47  UWB샘플:7548
17:10:47  UWB실패:165
17:10:47  UWB보정:1
17:10:47  UWB보정중:0
17:10:47  UWB보정샘플:100
17:10:47  UWB보정기준:3.000
17:10:47  UWB오프셋:0.234
17:10:47  UWB위험사용:0
17:10:47  UWB전송:7543
17:10:47  위험송신:0
17:10:47  시각ms:1558162
17:10:47  IMU시각ms:1558157
17:10:47  위험:0
17:10:47  원시위험:0
17:10:47  GPS유효:1
17:10:47  위도:37.495940
17:10:47  경도:126.956112
17:10:47  속도:0.02
17:10:47  방향:290.8
17:10:47  이동방향유효:0
17:10:47  GPS이동방향:290.8
17:10:47  차체방향유효:0
17:10:47  차체방향:0.0
17:10:47  후진판정:0
17:10:47  IMU요회전속도:0.00
17:10:47  방향가속도크기:9.77
17:10:47  방향자이로크기:4.29
17:10:47  방향자세cos:0.9998
17:10:47  자기모델잔차:25.55
17:10:47  자기모델반경:0.956
17:10:47  방향채택:0
17:10:47  방향거부:168040
17:10:47  GPS원시속도:0.015
17:10:47  GPS원시방향유효:1
17:10:47  GPS원시방향:290.8
17:10:47  가속도:-0.30,0.34,9.76
17:10:47  자이로:2.3,-2.8,2.3
17:10:47  자력계:8.700,5.400,19.500
17:10:47  충격값:0.12
17:10:47  충격피크:0.12
17:10:47  마지막충격발생값:0.00
17:10:47  마지막충격발생ms:0
17:10:47  송신:14828
17:10:47  지팡이수신:10054
17:10:47  GPS위성:9
17:10:47  GPS_HDOP:1.20
17:10:47  원시위도:37.495942
17:10:47  원시경도:126.956114
17:10:47  GPS채택:1543
17:10:47  GPS이상치거부:0
17:10:47  GPS품질거부:0
17:10:47  GPS재기준:0
17:10:47  계산거리:-1.00
17:10:47  접근속도:0.00
17:10:47  TTC:999.00
17:10:47  방향오차:0.0
17:10:47  전방여부:0
17:10:47  위험음성횟수:0
17:10:47  충격음성횟수:0
17:10:47  마지막위험음성:0
17:10:47  RSSI원시:-49
17:10:47  RSSI평활:-48.8
17:10:47  RSSI샘플:10054
17:10:47  RSSI경과ms:13
17:10:47  RSSI구간:4
17:10:47  RSSI거리:0.80
17:10:47  상대보정:0
17:10:47  상대보정중:0
17:10:47  보정동쪽:0.00
17:10:47  보정북쪽:0.00
17:10:47  UWB유효:1
17:10:47  UWB원시거리:0.510
17:10:47  UWB보정거리:0.764
17:10:47  UWB접근속도:-0.006
17:10:47  UWB_RSSI:nan
17:10:47  UWB경과ms:1
17:10:47  UWB샘플:7549
17:10:47  UWB실패:165
17:10:47  UWB보정:1
17:10:47  UWB보정중:0
17:10:47  UWB보정샘플:100
17:10:47  UWB보정기준:3.000
17:10:47  UWB오프셋:0.234
17:10:47  UWB위험사용:0
17:10:47  UWB전송:7544
17:10:47  위험송신:0
17:10:47  시각ms:1558190
17:10:47  IMU시각ms:1558190
17:10:47  위험:0
17:10:47  원시위험:0
17:10:47  GPS유효:1
17:10:47  위도:37.495940
17:10:47  경도:126.956112
17:10:47  속도:0.02
17:10:47  방향:290.8
17:10:47  이동방향유효:0
17:10:47  GPS이동방향:290.8
17:10:47  차체방향유효:0
17:10:47  차체방향:0.0
17:10:47  후진판정:0
17:10:47  IMU요회전속도:0.00
17:10:47  방향가속도크기:9.75
17:10:47  방향자이로크기:1.73
17:10:47  방향자세cos:0.9998
17:10:47  자기모델잔차:25.98
17:10:47  자기모델반경:0.953
17:10:47  방향채택:0
17:10:47  방향거부:168043
17:10:47  GPS원시속도:0.015
17:10:47  GPS원시방향유효:1
17:10:47  GPS원시방향:290.8
17:10:47  가속도:-0.41,0.31,9.73
17:10:47  자이로:0.1,0.7,-1.6
17:10:47  자력계:7.800,5.250,19.950
17:10:47  충격값:0.05
17:10:47  충격피크:0.16
17:10:47  마지막충격발생값:0.00
17:10:47  마지막충격발생ms:0
17:10:47  송신:14829
17:10:47  지팡이수신:10054
17:10:47  GPS위성:9
17:10:47  GPS_HDOP:1.20
17:10:47  원시위도:37.495942
17:10:47  원시경도:126.956114
17:10:47  GPS채택:1543
17:10:47  GPS이상치거부:0
17:10:47  GPS품질거부:0
17:10:47  GPS재기준:0
17:10:47  계산거리:-1.00
17:10:47  접근속도:0.00
17:10:47  TTC:999.00
17:10:47  방향오차:0.0
17:10:47  전방여부:0
17:10:47  위험음성횟수:0
17:10:47  충격음성횟수:0
17:10:47  마지막위험음성:0
17:10:47  RSSI원시:-49
17:10:47  RSSI평활:-48.8
17:10:47  RSSI샘플:10054
17:10:47  RSSI경과ms:41
17:10:47  RSSI구간:4
17:10:47  RSSI거리:0.80
17:10:47  상대보정:0
17:10:47  상대보정중:0
17:10:47  보정동쪽:0.00
17:10:47  보정북쪽:0.00
17:10:47  UWB유효:1
17:10:47  UWB원시거리:0.510
17:10:47  UWB보정거리:0.764
17:10:47  UWB접근속도:-0.006
17:10:47  UWB_RSSI:nan
17:10:47  UWB경과ms:29
17:10:47  UWB샘플:7549
17:10:47  UWB실패:165
17:10:47  UWB보정:1
17:10:47  UWB보정중:0
17:10:47  UWB보정샘플:100
17:10:47  UWB보정기준:3.000
17:10:47  UWB오프셋:0.234
17:10:47  UWB위험사용:0
17:10:47  UWB전송:7544
17:10:47  위험송신:0
17:10:47  시각ms:1558216
17:10:47  IMU시각ms:1558216
17:10:47  위험:0
17:10:47  원시위험:0
17:10:47  GPS유효:1
17:10:47  위도:37.495940
17:10:47  경도:126.956112
17:10:47  속도:0.02
17:10:47  방향:290.8
17:10:47  이동방향유효:0
17:10:47  GPS이동방향:290.8
17:10:47  차체방향유효:0
17:10:47  차체방향:0.0
17:10:47  후진판정:0
17:10:47  IMU요회전속도:0.00
17:10:47  방향가속도크기:9.73
17:10:47  방향자이로크기:2.31
17:10:47  방향자세cos:0.9998
17:10:47  자기모델잔차:27.23
17:10:47  자기모델반경:0.943
17:10:47  방향채택:0
17:10:47  방향거부:168046
17:10:47  GPS원시속도:0.015
17:10:47  GPS원시방향유효:1
17:10:47  GPS원시방향:290.8
17:10:47  가속도:-0.42,0.30,9.72
17:10:47  자이로:0.9,-2.0,0.8
17:10:47  자력계:5.250,4.650,21.300
17:10:47  충격값:0.05
17:10:47  충격피크:0.13
17:10:47  마지막충격발생값:0.00
17:10:47  마지막충격발생ms:0
17:10:47  송신:14829
17:10:47  지팡이수신:10054
17:10:47  GPS위성:9
17:10:47  GPS_HDOP:1.20
17:10:47  원시위도:37.495942
17:10:47  원시경도:126.956114
17:10:47  GPS채택:1543
17:10:47  GPS이상치거부:0
17:10:47  GPS품질거부:0
17:10:47  GPS재기준:0
17:10:47  계산거리:-1.00
17:10:47  접근속도:0.00
17:10:47  TTC:999.00
17:10:47  방향오차:0.0
17:10:47  전방여부:0
17:10:47  위험음성횟수:0
17:10:47  충격음성횟수:0
17:10:47  마지막위험음성:0
17:10:47  RSSI원시:-49
17:10:47  RSSI평활:-48.8
17:10:47  RSSI샘플:10054
17:10:47  RSSI경과ms:67
17:10:47  RSSI구간:4
17:10:47  RSSI거리:0.80
17:10:47  상대보정:0
17:10:47  상대보정중:0
17:10:47  보정동쪽:0.00
17:10:47  보정북쪽:0.00
17:10:47  UWB유효:1
17:10:47  UWB원시거리:0.510
17:10:47  UWB보정거리:0.764
17:10:47  UWB접근속도:-0.006
17:10:47  UWB_RSSI:nan
17:10:47  UWB경과ms:55
17:10:47  UWB샘플:7549
17:10:47  UWB실패:165
17:10:47  UWB보정:1
17:10:47  UWB보정중:0
17:10:47  UWB보정샘플:100
17:10:47  UWB보정기준:3.000
17:10:47  UWB오프셋:0.234
17:10:47  UWB위험사용:0
17:10:47  UWB전송:7544
17:10:47  위험송신:0
17:10:48  시각ms:1558256
17:10:48  IMU시각ms:1558244
17:10:48  위험:0
17:10:48  원시위험:0
17:10:48  GPS유효:1
17:10:48  위도:37.495940
17:10:48  경도:126.956112
17:10:48  속도:0.02
17:10:48  방향:290.8
17:10:48  이동방향유효:0
17:10:48  GPS이동방향:290.8
17:10:48  차체방향유효:0
17:10:48  차체방향:0.0
17:10:48  후진판정:0
17:10:48  IMU요회전속도:0.00
17:10:48  방향가속도크기:9.66
17:10:48  방향자이로크기:4.05
17:10:48  방향자세cos:0.9999
17:10:48  자기모델잔차:26.04
17:10:48  자기모델반경:0.883
17:10:48  방향채택:0
17:10:48  방향거부:168049
17:10:48  GPS원시속도:0.015
17:10:48  GPS원시방향유효:1
17:10:48  GPS원시방향:290.8
17:10:48  가속도:-0.37,0.34,9.65
17:10:48  자이로:0.2,3.4,-2.2
17:10:48  자력계:8.700,3.150,20.250
17:10:48  충격값:0.05
17:10:48  충격피크:0.07
17:10:48  마지막충격발생값:0.00
17:10:48  마지막충격발생ms:0
17:10:48  송신:14829
17:10:48  지팡이수신:10055
17:10:48  GPS위성:9
17:10:48  GPS_HDOP:1.20
17:10:48  원시위도:37.495942
17:10:48  원시경도:126.956114
17:10:48  GPS채택:1543
17:10:48  GPS이상치거부:0
17:10:48  GPS품질거부:0
17:10:48  GPS재기준:0
17:10:48  계산거리:-1.00
17:10:48  접근속도:0.00
17:10:48  TTC:999.00
17:10:48  방향오차:0.0
17:10:48  전방여부:0
17:10:48  위험음성횟수:0
17:10:48  충격음성횟수:0
17:10:48  마지막위험음성:0
17:10:48  RSSI원시:-51
17:10:48  RSSI평활:-49.2
17:10:48  RSSI샘플:10055
17:10:48  RSSI경과ms:10
17:10:48  RSSI구간:4
17:10:48  RSSI거리:0.80
17:10:48  상대보정:0
17:10:48  상대보정중:0
17:10:48  보정동쪽:0.00
17:10:48  보정북쪽:0.00
17:10:48  UWB유효:1
17:10:48  UWB원시거리:0.510
17:10:48  UWB보정거리:0.764
17:10:48  UWB접근속도:-0.006
17:10:48  UWB_RSSI:nan
17:10:48  UWB경과ms:95
17:10:48  UWB샘플:7549
17:10:48  UWB실패:165
17:10:48  UWB보정:1
17:10:48  UWB보정중:0
17:10:48  UWB보정샘플:100
17:10:48  UWB보정기준:3.000
17:10:48  UWB오프셋:0.234
17:10:48  UWB위험사용:0
17:10:48  UWB전송:7544
17:10:48  위험송신:0
17:10:48  시각ms:1558284
17:10:48  IMU시각ms:1558283
17:10:48  위험:0
17:10:48  원시위험:0
17:10:48  GPS유효:1
17:10:48  위도:37.495940
17:10:48  경도:126.956112
17:10:48  속도:0.02
17:10:48  방향:290.8
17:10:48  이동방향유효:0
17:10:48  GPS이동방향:290.8
17:10:48  차체방향유효:0
17:10:48  차체방향:0.0
17:10:48  후진판정:0
17:10:48  IMU요회전속도:0.00
17:10:48  방향가속도크기:9.77
17:10:48  방향자이로크기:2.89
17:10:48  방향자세cos:0.9998
17:10:48  자기모델잔차:26.37
17:10:48  자기모델반경:0.937
17:10:48  방향채택:0
17:10:48  방향거부:168052
17:10:48  GPS원시속도:0.015
17:10:48  GPS원시방향유효:1
17:10:48  GPS원시방향:290.8
17:10:48  가속도:-0.48,0.32,9.75
17:10:48  자이로:-2.0,0.1,-2.1
17:10:48  자력계:7.800,4.800,20.400
17:10:48  충격값:0.11
17:10:48  충격피크:0.13
17:10:48  마지막충격발생값:0.00
17:10:48  마지막충격발생ms:0
17:10:48  송신:14830
17:10:48  지팡이수신:10055
17:10:48  GPS위성:9
17:10:48  GPS_HDOP:1.20
17:10:48  원시위도:37.495942
17:10:48  원시경도:126.956114
17:10:48  GPS채택:1543
17:10:48  GPS이상치거부:0
17:10:48  GPS품질거부:0
17:10:48  GPS재기준:0
17:10:48  계산거리:-1.00
17:10:48  접근속도:0.00
17:10:48  TTC:999.00
17:10:48  방향오차:0.0
17:10:48  전방여부:0
17:10:48  위험음성횟수:0
17:10:48  충격음성횟수:0
17:10:48  마지막위험음성:0
17:10:48  RSSI원시:-51
17:10:48  RSSI평활:-49.2
17:10:48  RSSI샘플:10055
17:10:48  RSSI경과ms:38
17:10:48  RSSI구간:4
17:10:48  RSSI거리:0.80
17:10:48  상대보정:0
17:10:48  상대보정중:0
17:10:48  보정동쪽:0.00
17:10:48  보정북쪽:0.00
17:10:48  UWB유효:1
17:10:48  UWB원시거리:0.510
17:10:48  UWB보정거리:0.764
17:10:48  UWB접근속도:-0.006
17:10:48  UWB_RSSI:nan
17:10:48  UWB경과ms:123
17:10:48  UWB샘플:7549
17:10:48  UWB실패:165
17:10:48  UWB보정:1
17:10:48  UWB보정중:0
17:10:48  UWB보정샘플:100
17:10:48  UWB보정기준:3.000
17:10:48  UWB오프셋:0.234
17:10:48  UWB위험사용:0
17:10:48  UWB전송:7544
17:10:48  위험송신:0
17:10:48  시각ms:1558349
17:10:48  IMU시각ms:1558348
17:10:48  위험:0
17:10:48  원시위험:0
17:10:48  GPS유효:1
17:10:48  위도:37.495940
17:10:48  경도:126.956112
17:10:48  속도:0.02
17:10:48  방향:290.8
17:10:48  이동방향유효:0
17:10:48  GPS이동방향:290.8
17:10:48  차체방향유효:0
17:10:48  차체방향:0.0
17:10:48  후진판정:0
17:10:48  IMU요회전속도:0.00
17:10:48  방향가속도크기:9.66
17:10:48  방향자이로크기:6.62
17:10:48  방향자세cos:0.9997
17:10:48  자기모델잔차:27.55
17:10:48  자기모델반경:0.892
17:10:48  방향채택:0
17:10:48  방향거부:168059
17:10:48  GPS원시속도:0.015
17:10:48  GPS원시방향유효:1
17:10:48  GPS원시방향:290.8
17:10:48  가속도:-0.41,0.25,9.64
17:10:48  자이로:4.4,-1.4,4.7
17:10:48  자력계:7.200,3.450,21.750
17:10:48  충격값:0.11
17:10:48  충격피크:0.11
17:10:48  마지막충격발생값:0.00
17:10:48  마지막충격발생ms:0
17:10:48  송신:14830
17:10:48  지팡이수신:10056
17:10:48  GPS위성:9
17:10:48  GPS_HDOP:1.20
17:10:48  원시위도:37.495942
17:10:48  원시경도:126.956114
17:10:48  GPS채택:1543
17:10:48  GPS이상치거부:0
17:10:48  GPS품질거부:0
17:10:48  GPS재기준:0
17:10:48  계산거리:-1.00
17:10:48  접근속도:0.00
17:10:48  TTC:999.00
17:10:48  방향오차:0.0
17:10:48  전방여부:0
17:10:48  위험음성횟수:0
17:10:48  충격음성횟수:0
17:10:48  마지막위험음성:0
17:10:48  RSSI원시:-52
17:10:48  RSSI평활:-49.8
17:10:48  RSSI샘플:10056
17:10:48  RSSI경과ms:2
17:10:48  RSSI구간:4
17:10:48  RSSI거리:0.83
17:10:48  상대보정:0
17:10:48  상대보정중:0
17:10:48  보정동쪽:0.00
17:10:48  보정북쪽:0.00
17:10:48  UWB유효:1
17:10:48  UWB원시거리:0.510
17:10:48  UWB보정거리:0.764
17:10:48  UWB접근속도:-0.006
17:10:48  UWB_RSSI:nan
17:10:48  UWB경과ms:188
17:10:48  UWB샘플:7549
17:10:48  UWB실패:165
17:10:48  UWB보정:1
17:10:48  UWB보정중:0
17:10:48  UWB보정샘플:100
17:10:48  UWB보정기준:3.000
17:10:48  UWB오프셋:0.234
17:10:48  UWB위험사용:0
17:10:48  UWB전송:7544
17:10:48  위험송신:0
17:10:48  시각ms:1558371
17:10:48  IMU시각ms:1558371
17:10:48  위험:0
17:10:48  원시위험:0
17:10:48  GPS유효:1
17:10:48  위도:37.495940
17:10:48  경도:126.956112
17:10:48  속도:0.02
17:10:48  방향:290.8
17:10:48  이동방향유효:0
17:10:48  GPS이동방향:290.8
17:10:48  차체방향유효:0
17:10:48  차체방향:0.0
17:10:48  후진판정:0
17:10:48  IMU요회전속도:0.00
17:10:48  방향가속도크기:9.80
17:10:48  방향자이로크기:1.81
17:10:48  방향자세cos:0.9998
17:10:48  자기모델잔차:26.28
17:10:48  자기모델반경:0.870
17:10:48  방향채택:0
17:10:48  방향거부:168061
17:10:48  GPS원시속도:0.015
17:10:48  GPS원시방향유효:1
17:10:48  GPS원시방향:290.8
17:10:48  가속도:-0.59,0.36,9.77
17:10:48  자이로:0.1,1.3,-1.3
17:10:48  자력계:7.950,2.700,20.550
17:10:48  충격값:0.20
17:10:48  충격피크:0.20
17:10:48  마지막충격발생값:0.00
17:10:48  마지막충격발생ms:0
17:10:48  송신:14830
17:10:48  지팡이수신:10056
17:10:48  GPS위성:9
17:10:48  GPS_HDOP:1.20
17:10:48  원시위도:37.495942
17:10:48  원시경도:126.956114
17:10:48  GPS채택:1543
17:10:48  GPS이상치거부:0
17:10:48  GPS품질거부:0
17:10:48  GPS재기준:0
17:10:48  계산거리:-1.00
17:10:48  접근속도:0.00
17:10:48  TTC:999.00
17:10:48  방향오차:0.0
17:10:48  전방여부:0
17:10:48  위험음성횟수:0
17:10:48  충격음성횟수:0
17:10:48  마지막위험음성:0
17:10:48  RSSI원시:-52
17:10:48  RSSI평활:-49.8
17:10:48  RSSI샘플:10056
17:10:48  RSSI경과ms:24
17:10:48  RSSI구간:4
17:10:48  RSSI거리:0.83
17:10:48  상대보정:0
17:10:48  상대보정중:0
17:10:48  보정동쪽:0.00
17:10:48  보정북쪽:0.00
17:10:48  UWB유효:1
17:10:48  UWB원시거리:0.510
17:10:48  UWB보정거리:0.757
17:10:48  UWB접근속도:0.006
17:10:48  UWB_RSSI:nan
17:10:48  UWB경과ms:8
17:10:48  UWB샘플:7550
17:10:48  UWB실패:165
17:10:48  UWB보정:1
17:10:48  UWB보정중:0
17:10:48  UWB보정샘플:100
17:10:48  UWB보정기준:3.000
17:10:48  UWB오프셋:0.234
17:10:48  UWB위험사용:0
17:10:48  UWB전송:7545
17:10:48  위험송신:0
17:10:48  시각ms:1558426
17:10:48  IMU시각ms:1558426
17:10:48  위험:0
17:10:48  원시위험:0
17:10:48  GPS유효:1
17:10:48  위도:37.495940
17:10:48  경도:126.956112
17:10:48  속도:0.02
17:10:48  방향:290.8
17:10:48  이동방향유효:0
17:10:48  GPS이동방향:290.8
17:10:48  차체방향유효:0
17:10:48  차체방향:0.0
17:10:48  후진판정:0
17:10:48  IMU요회전속도:0.00
17:10:48  방향가속도크기:9.81
17:10:48  방향자이로크기:1.22
17:10:48  방향자세cos:0.9998
17:10:48  자기모델잔차:26.48
17:10:48  자기모델반경:0.962
17:10:48  방향채택:0
17:10:48  방향거부:168067
17:10:48  GPS원시속도:0.015
17:10:48  GPS원시방향유효:1
17:10:48  GPS원시방향:290.8
17:10:48  가속도:-0.44,0.29,9.80
17:10:48  자이로:0.1,1.2,-0.2
17:10:48  자력계:8.850,5.700,20.400
17:10:48  충격값:0.11
17:10:48  충격피크:0.11
17:10:48  마지막충격발생값:0.00
17:10:48  마지막충격발생ms:0
17:10:48  송신:14831
17:10:48  지팡이수신:10056
17:10:48  GPS위성:9
17:10:48  GPS_HDOP:1.20
17:10:48  원시위도:37.495942
17:10:48  원시경도:126.956114
17:10:48  GPS채택:1543
17:10:48  GPS이상치거부:0
17:10:48  GPS품질거부:0
17:10:48  GPS재기준:0
17:10:48  계산거리:-1.00
17:10:48  접근속도:0.00
17:10:48  TTC:999.00
17:10:48  방향오차:0.0
17:10:48  전방여부:0
17:10:48  위험음성횟수:0
17:10:48  충격음성횟수:0
17:10:48  마지막위험음성:0
17:10:48  RSSI원시:-52
17:10:48  RSSI평활:-49.8
17:10:48  RSSI샘플:10056
17:10:48  RSSI경과ms:79
17:10:48  RSSI구간:4
17:10:48  RSSI거리:0.83
17:10:48  상대보정:0
17:10:48  상대보정중:0
17:10:48  보정동쪽:0.00
17:10:48  보정북쪽:0.00
17:10:48  UWB유효:1
17:10:48  UWB원시거리:0.510
17:10:48  UWB보정거리:0.757
17:10:48  UWB접근속도:0.006
17:10:48  UWB_RSSI:nan
17:10:48  UWB경과ms:63
17:10:48  UWB샘플:7550
17:10:48  UWB실패:165
17:10:48  UWB보정:1
17:10:48  UWB보정중:0
17:10:48  UWB보정샘플:100
17:10:48  UWB보정기준:3.000
17:10:48  UWB오프셋:0.234
17:10:48  UWB위험사용:0
17:10:48  UWB전송:7545
17:10:48  위험송신:0
17:10:48  시각ms:1558453
17:10:48  IMU시각ms:1558453
17:10:48  위험:0
17:10:48  원시위험:0
17:10:48  GPS유효:1
17:10:48  위도:37.495940
17:10:48  경도:126.956112
17:10:48  속도:0.02
17:10:48  방향:290.8
17:10:48  이동방향유효:0
17:10:48  GPS이동방향:290.8
17:10:48  차체방향유효:0
17:10:48  차체방향:0.0
17:10:48  후진판정:0
17:10:48  IMU요회전속도:0.00
17:10:48  방향가속도크기:9.84
17:10:48  방향자이로크기:2.26
17:10:48  방향자세cos:1.0000
17:10:48  자기모델잔차:27.30
17:10:48  자기모델반경:0.943
17:10:48  방향채택:0
17:10:48  방향거부:168070
17:10:48  GPS원시속도:0.015
17:10:48  GPS원시방향유효:1
17:10:48  GPS원시방향:290.8
17:10:48  가속도:-0.44,0.45,9.82
17:10:48  자이로:0.1,1.4,-1.8
17:10:48  자력계:7.950,5.100,21.300
17:10:48  충격값:0.16
17:10:48  충격피크:0.16
17:10:48  마지막충격발생값:0.00
17:10:48  마지막충격발생ms:0
17:10:48  송신:14831
17:10:48  지팡이수신:10056
17:10:48  GPS위성:9
17:10:48  GPS_HDOP:1.20
17:10:48  원시위도:37.495942
17:10:48  원시경도:126.956114
17:10:48  GPS채택:1543
17:10:48  GPS이상치거부:0
17:10:48  GPS품질거부:0
17:10:48  GPS재기준:0
17:10:48  계산거리:-1.00
17:10:48  접근속도:0.00
17:10:48  TTC:999.00
17:10:48  방향오차:0.0
17:10:48  전방여부:0
17:10:48  위험음성횟수:0
17:10:48  충격음성횟수:0
17:10:48  마지막위험음성:0
17:10:48  RSSI원시:-52
17:10:48  RSSI평활:-49.8
17:10:48  RSSI샘플:10056
17:10:48  RSSI경과ms:106
17:10:48  RSSI구간:4
17:10:48  RSSI거리:0.83
17:10:48  상대보정:0
17:10:48  상대보정중:0
17:10:48  보정동쪽:0.00
17:10:48  보정북쪽:0.00
17:10:48  UWB유효:1
17:10:48  UWB원시거리:0.510
17:10:48  UWB보정거리:0.757
17:10:48  UWB접근속도:0.006
17:10:48  UWB_RSSI:nan
17:10:48  UWB경과ms:90
17:10:48  UWB샘플:7550
17:10:48  UWB실패:165
17:10:48  UWB보정:1
17:10:48  UWB보정중:0
17:10:48  UWB보정샘플:100
17:10:48  UWB보정기준:3.000
17:10:48  UWB오프셋:0.234
17:10:48  UWB위험사용:0
17:10:48  UWB전송:7545
17:10:48  위험송신:0
17:10:48  시각ms:1558478
17:10:48  IMU시각ms:1558478
17:10:48  위험:0
17:10:48  원시위험:0
17:10:48  GPS유효:1
17:10:48  위도:37.495940
17:10:48  경도:126.956112
17:10:48  속도:0.02
17:10:48  방향:290.8
17:10:48  이동방향유효:0
17:10:48  GPS이동방향:290.8
17:10:48  차체방향유효:0
17:10:48  차체방향:0.0
17:10:48  후진판정:0
17:10:48  IMU요회전속도:0.00
17:10:48  방향가속도크기:9.68
17:10:48  방향자이로크기:2.47
17:10:48  방향자세cos:0.9998
17:10:48  자기모델잔차:26.90
17:10:48  자기모델반경:0.914
17:10:48  방향채택:0
17:10:48  방향거부:168073
17:10:48  GPS원시속도:0.015
17:10:48  GPS원시방향유효:1
17:10:48  GPS원시방향:290.8
17:10:48  가속도:-0.32,0.34,9.67
17:10:48  자이로:1.0,-0.3,-2.2
17:10:48  자력계:8.400,4.200,21.000
17:10:48  충격값:0.09
17:10:48  충격피크:0.15
17:10:48  마지막충격발생값:0.00
17:10:48  마지막충격발생ms:0
17:10:48  송신:14831
17:10:48  지팡이수신:10056
17:10:48  GPS위성:9
17:10:48  GPS_HDOP:1.20
17:10:48  원시위도:37.495942
17:10:48  원시경도:126.956114
17:10:48  GPS채택:1543
17:10:48  GPS이상치거부:0
17:10:48  GPS품질거부:0
17:10:48  GPS재기준:0
17:10:48  계산거리:-1.00
17:10:48  접근속도:0.00
17:10:48  TTC:999.00
17:10:48  방향오차:0.0
17:10:48  전방여부:0
17:10:48  위험음성횟수:0
17:10:48  충격음성횟수:0
17:10:48  마지막위험음성:0
17:10:48  RSSI원시:-52
17:10:48  RSSI평활:-49.8
17:10:48  RSSI샘플:10056
17:10:48  RSSI경과ms:131
17:10:48  RSSI구간:4
17:10:48  RSSI거리:0.83
17:10:48  상대보정:0
17:10:48  상대보정중:0
17:10:48  보정동쪽:0.00
17:10:48  보정북쪽:0.00
17:10:48  UWB유효:1
17:10:48  UWB원시거리:0.510
17:10:48  UWB보정거리:0.757
17:10:48  UWB접근속도:0.006
17:10:48  UWB_RSSI:nan
17:10:48  UWB경과ms:115
17:10:48  UWB샘플:7550
17:10:48  UWB실패:165
17:10:48  UWB보정:1
17:10:48  UWB보정중:0
17:10:48  UWB보정샘플:100
17:10:48  UWB보정기준:3.000
17:10:48  UWB오프셋:0.234
17:10:48  UWB위험사용:0
17:10:48  UWB전송:7545
17:10:48  위험송신:0
17:10:48  시각ms:1558506
17:10:48  IMU시각ms:1558506
17:10:48  위험:0
17:10:48  원시위험:0
17:10:48  GPS유효:1
17:10:48  위도:37.495940
17:10:48  경도:126.956112
17:10:48  속도:0.02
17:10:48  방향:290.8
17:10:48  이동방향유효:0
17:10:48  GPS이동방향:290.8
17:10:48  차체방향유효:0
17:10:48  차체방향:0.0
17:10:48  후진판정:0
17:10:48  IMU요회전속도:0.00
17:10:48  방향가속도크기:9.86
17:10:48  방향자이로크기:1.80
17:10:48  방향자세cos:0.9998
17:10:48  자기모델잔차:26.29
17:10:48  자기모델반경:0.914
17:10:48  방향채택:0
17:10:48  방향거부:168076
17:10:48  GPS원시속도:0.015
17:10:48  GPS원시방향유효:1
17:10:48  GPS원시방향:290.8
17:10:48  가속도:-0.40,0.27,9.84
17:10:48  자이로:-1.3,1.2,0.0
17:10:48  자력계:7.800,4.050,20.400
17:10:48  충격값:0.15
17:10:48  충격피크:0.15
17:10:48  마지막충격발생값:0.00
17:10:48  마지막충격발생ms:0
17:10:48  송신:14832
17:10:48  지팡이수신:10057
17:10:48  GPS위성:9
17:10:48  GPS_HDOP:1.20
17:10:48  원시위도:37.495942
17:10:48  원시경도:126.956114
17:10:48  GPS채택:1543
17:10:48  GPS이상치거부:0
17:10:48  GPS품질거부:0
17:10:48  GPS재기준:0
17:10:48  계산거리:-1.00
17:10:48  접근속도:0.00
17:10:48  TTC:999.00
17:10:48  방향오차:0.0
17:10:48  전방여부:0
17:10:48  위험음성횟수:0
17:10:48  충격음성횟수:0
17:10:48  마지막위험음성:0
17:10:48  RSSI원시:-50
17:10:48  RSSI평활:-49.8
17:10:48  RSSI샘플:10057
17:10:48  RSSI경과ms:24
17:10:48  RSSI구간:4
17:10:48  RSSI거리:0.84
17:10:48  상대보정:0
17:10:48  상대보정중:0
17:10:48  보정동쪽:0.00
17:10:48  보정북쪽:0.00
17:10:48  UWB유효:1
17:10:48  UWB원시거리:0.510
17:10:48  UWB보정거리:0.757
17:10:48  UWB접근속도:0.006
17:10:48  UWB_RSSI:nan
17:10:48  UWB경과ms:143
17:10:48  UWB샘플:7550
17:10:48  UWB실패:165
17:10:48  UWB보정:1
17:10:48  UWB보정중:0
17:10:48  UWB보정샘플:100
17:10:48  UWB보정기준:3.000
17:10:48  UWB오프셋:0.234
17:10:48  UWB위험사용:0
17:10:48  UWB전송:7545
17:10:48  위험송신:0
17:10:48  시각ms:1558532
17:10:48  IMU시각ms:1558532
17:10:48  위험:0
17:10:48  원시위험:0
17:10:48  GPS유효:1
17:10:48  위도:37.495940
17:10:48  경도:126.956112
17:10:48  속도:0.02
17:10:48  방향:290.8
17:10:48  이동방향유효:0
17:10:48  GPS이동방향:290.8
17:10:48  차체방향유효:0
17:10:48  차체방향:0.0
17:10:48  후진판정:0
17:10:48  IMU요회전속도:0.00
17:10:48  방향가속도크기:9.72
17:10:48  방향자이로크기:2.43
17:10:48  방향자세cos:0.9999
17:10:48  자기모델잔차:25.68
17:10:48  자기모델반경:0.953
17:10:48  방향채택:0
17:10:48  방향거부:168079
17:10:48  GPS원시속도:0.015
17:10:48  GPS원시방향유효:1
17:10:48  GPS원시방향:290.8
17:10:48  가속도:-0.39,0.39,9.70
17:10:48  자이로:1.2,-2.1,-0.3
17:10:48  자력계:8.100,5.250,19.650
17:10:48  충격값:0.04
17:10:48  충격피크:0.10
17:10:48  마지막충격발생값:0.00
17:10:48  마지막충격발생ms:0
17:10:48  송신:14832
17:10:48  지팡이수신:10057
17:10:48  GPS위성:9
17:10:48  GPS_HDOP:1.20
17:10:48  원시위도:37.495942
17:10:48  원시경도:126.956114
17:10:48  GPS채택:1543
17:10:48  GPS이상치거부:0
17:10:48  GPS품질거부:0
17:10:48  GPS재기준:0
17:10:48  계산거리:-1.00
17:10:48  접근속도:0.00
17:10:48  TTC:999.00
17:10:48  방향오차:0.0
17:10:48  전방여부:0
17:10:48  위험음성횟수:0
17:10:48  충격음성횟수:0
17:10:48  마지막위험음성:0
17:10:48  RSSI원시:-50
17:10:48  RSSI평활:-49.8
17:10:48  RSSI샘플:10057
17:10:48  RSSI경과ms:50
17:10:48  RSSI구간:4
17:10:48  RSSI거리:0.84
17:10:48  상대보정:0
17:10:48  상대보정중:0
17:10:48  보정동쪽:0.00
17:10:48  보정북쪽:0.00
17:10:48  UWB유효:1
17:10:48  UWB원시거리:0.510
17:10:48  UWB보정거리:0.757
17:10:48  UWB접근속도:0.006
17:10:48  UWB_RSSI:nan
17:10:48  UWB경과ms:169
17:10:48  UWB샘플:7550
17:10:48  UWB실패:165
17:10:48  UWB보정:1
17:10:48  UWB보정중:0
17:10:48  UWB보정샘플:100
17:10:48  UWB보정기준:3.000
17:10:48  UWB오프셋:0.234
17:10:48  UWB위험사용:0
17:10:48  UWB전송:7545
17:10:48  위험송신:0
17:10:48  시각ms:1558552
17:10:48  IMU시각ms:1558552
17:10:48  위험:0
17:10:48  원시위험:0
17:10:48  GPS유효:1
17:10:48  위도:37.495940
17:10:48  경도:126.956112
17:10:48  속도:0.02
17:10:48  방향:290.8
17:10:48  이동방향유효:0
17:10:48  GPS이동방향:290.8
17:10:48  차체방향유효:0
17:10:48  차체방향:0.0
17:10:48  후진판정:0
17:10:48  IMU요회전속도:0.00
17:10:48  방향가속도크기:9.77
17:10:48  방향자이로크기:1.12
17:10:48  방향자세cos:0.9999
17:10:48  자기모델잔차:26.21
17:10:48  자기모델반경:0.930
17:10:48  방향채택:0
17:10:48  방향거부:168081
17:10:48  GPS원시속도:0.015
17:10:48  GPS원시방향유효:1
17:10:48  GPS원시방향:290.8
17:10:48  가속도:-0.46,0.36,9.75
17:10:48  자이로:-0.8,0.6,-0.4
17:10:48  자력계:8.700,4.650,20.250
17:10:48  충격값:0.08
17:10:48  충격피크:0.08
17:10:48  마지막충격발생값:0.00
17:10:48  마지막충격발생ms:0
17:10:48  송신:14832
17:10:48  지팡이수신:10057
17:10:48  GPS위성:9
17:10:48  GPS_HDOP:1.20
17:10:48  원시위도:37.495942
17:10:48  원시경도:126.956114
17:10:48  GPS채택:1543
17:10:48  GPS이상치거부:0
17:10:48  GPS품질거부:0
17:10:48  GPS재기준:0
17:10:48  계산거리:-1.00
17:10:48  접근속도:0.00
17:10:48  TTC:999.00
17:10:48  방향오차:0.0
17:10:48  전방여부:0
17:10:48  위험음성횟수:0
17:10:48  충격음성횟수:0
17:10:48  마지막위험음성:0
17:10:48  RSSI원시:-50
17:10:48  RSSI평활:-49.8
17:10:48  RSSI샘플:10057
17:10:48  RSSI경과ms:70
17:10:48  RSSI구간:4
17:10:48  RSSI거리:0.84
17:10:48  상대보정:0
17:10:48  상대보정중:0
17:10:48  보정동쪽:0.00
17:10:48  보정북쪽:0.00
17:10:48  UWB유효:1
17:10:48  UWB원시거리:0.510
17:10:48  UWB보정거리:0.757
17:10:48  UWB접근속도:0.006
17:10:48  UWB_RSSI:nan
17:10:48  UWB경과ms:189
17:10:48  UWB샘플:7550
17:10:48  UWB실패:165
17:10:48  UWB보정:1
17:10:48  UWB보정중:0
17:10:48  UWB보정샘플:100
17:10:48  UWB보정기준:3.000
17:10:48  UWB오프셋:0.234
17:10:48  UWB위험사용:0
17:10:48  UWB전송:7545
17:10:48  위험송신:0
17:10:48  시각ms:1558577
17:10:48  IMU시각ms:1558577
17:10:48  위험:0
17:10:48  원시위험:0
17:10:48  GPS유효:1
17:10:48  위도:37.495940
17:10:48  경도:126.956112
17:10:48  속도:0.02
17:10:48  방향:290.8
17:10:48  이동방향유효:0
17:10:48  GPS이동방향:290.8
17:10:48  차체방향유효:0
17:10:48  차체방향:0.0
17:10:48  후진판정:0
17:10:48  IMU요회전속도:0.00
17:10:48  방향가속도크기:9.70
17:10:48  방향자이로크기:2.04
17:10:48  방향자세cos:0.9999
17:10:48  자기모델잔차:26.16
17:10:48  자기모델반경:0.915
17:10:48  방향채택:0
17:10:48  방향거부:168083
17:10:48  GPS원시속도:0.015
17:10:48  GPS원시방향유효:1
17:10:48  GPS원시방향:290.8
17:10:48  가속도:-0.31,0.44,9.68
17:10:48  자이로:2.0,0.1,0.1
17:10:48  자력계:9.150,4.200,20.250
17:10:48  충격값:0.13
17:10:48  충격피크:0.14
17:10:48  마지막충격발생값:0.00
17:10:48  마지막충격발생ms:0
17:10:48  송신:14832
17:10:48  지팡이수신:10058
17:10:48  GPS위성:9
17:10:48  GPS_HDOP:1.20
17:10:48  원시위도:37.495942
17:10:48  원시경도:126.956114
17:10:48  GPS채택:1543
17:10:48  GPS이상치거부:0
17:10:48  GPS품질거부:0
17:10:48  GPS재기준:0
17:10:48  계산거리:-1.00
17:10:48  접근속도:0.00
17:10:48  TTC:999.00
17:10:48  방향오차:0.0
17:10:48  전방여부:0
17:10:48  위험음성횟수:0
17:10:48  충격음성횟수:0
17:10:48  마지막위험음성:0
17:10:48  RSSI원시:-50
17:10:48  RSSI평활:-49.9
17:10:48  RSSI샘플:10058
17:10:48  RSSI경과ms:20
17:10:48  RSSI구간:4
17:10:48  RSSI거리:0.84
17:10:48  상대보정:0
17:10:48  상대보정중:0
17:10:48  보정동쪽:0.00
17:10:48  보정북쪽:0.00
17:10:48  UWB유효:1
17:10:48  UWB원시거리:0.520
17:10:48  UWB보정거리:0.753
17:10:48  UWB접근속도:0.011
17:10:48  UWB_RSSI:nan
17:10:48  UWB경과ms:11
17:10:48  UWB샘플:7551
17:10:48  UWB실패:165
17:10:48  UWB보정:1
17:10:48  UWB보정중:0
17:10:48  UWB보정샘플:100
17:10:48  UWB보정기준:3.000
17:10:48  UWB오프셋:0.234
17:10:48  UWB위험사용:0
17:10:48  UWB전송:7546
17:10:48  위험송신:0
17:10:48  시각ms:1558604
17:10:48  IMU시각ms:1558603
17:10:48  위험:0
17:10:48  원시위험:0
17:10:48  GPS유효:1
17:10:48  위도:37.495940
17:10:48  경도:126.956112
17:10:48  속도:0.02
17:10:48  방향:290.8
17:10:48  이동방향유효:0
17:10:48  GPS이동방향:290.8
17:10:48  차체방향유효:0
17:10:48  차체방향:0.0
17:10:48  후진판정:0
17:10:48  IMU요회전속도:0.00
17:10:48  방향가속도크기:9.63
17:10:48  방향자이로크기:0.73
17:10:48  방향자세cos:1.0000
17:10:48  자기모델잔차:25.71
17:10:48  자기모델반경:0.917
17:10:48  방향채택:0
17:10:48  방향거부:168086
17:10:48  GPS원시속도:0.015
17:10:48  GPS원시방향유효:1
17:10:48  GPS원시방향:290.8
17:10:48  가속도:-0.45,0.45,9.61
17:10:48  자이로:0.5,-0.4,-0.2
17:10:48  자력계:8.700,4.200,19.800
17:10:48  충격값:0.15
17:10:48  충격피크:0.15
17:10:48  마지막충격발생값:0.00
17:10:48  마지막충격발생ms:0
17:10:48  송신:14833
17:10:48  지팡이수신:10058
17:10:48  GPS위성:9
17:10:48  GPS_HDOP:1.20
17:10:48  원시위도:37.495942
17:10:48  원시경도:126.956114
17:10:48  GPS채택:1543
17:10:48  GPS이상치거부:0
17:10:48  GPS품질거부:0
17:10:48  GPS재기준:0
17:10:48  계산거리:-1.00
17:10:48  접근속도:0.00
17:10:48  TTC:999.00
17:10:48  방향오차:0.0
17:10:48  전방여부:0
17:10:48  위험음성횟수:0
17:10:48  충격음성횟수:0
17:10:48  마지막위험음성:0
17:10:48  RSSI원시:-50
17:10:48  RSSI평활:-49.9
17:10:48  RSSI샘플:10058
17:10:48  RSSI경과ms:47
17:10:48  RSSI구간:4
17:10:48  RSSI거리:0.84
17:10:48  상대보정:0
17:10:48  상대보정중:0
17:10:48  보정동쪽:0.00
17:10:48  보정북쪽:0.00
17:10:48  UWB유효:1
17:10:48  UWB원시거리:0.520
17:10:48  UWB보정거리:0.753
17:10:48  UWB접근속도:0.011
17:10:48  UWB_RSSI:nan
17:10:48  UWB경과ms:38
17:10:48  UWB샘플:7551
17:10:48  UWB실패:165
17:10:48  UWB보정:1
17:10:48  UWB보정중:0
17:10:48  UWB보정샘플:100
17:10:48  UWB보정기준:3.000
17:10:48  UWB오프셋:0.234
17:10:48  UWB위험사용:0
17:10:48  UWB전송:7546
17:10:48  위험송신:0
17:10:48  시각ms:1558624
17:10:48  IMU시각ms:1558624
17:10:48  위험:0
17:10:48  원시위험:0
17:10:48  GPS유효:1
17:10:48  위도:37.495940
17:10:48  경도:126.956112
17:10:48  속도:0.02
17:10:48  방향:290.8
17:10:48  이동방향유효:0
17:10:48  GPS이동방향:290.8
17:10:48  차체방향유효:0
17:10:48  차체방향:0.0
17:10:48  후진판정:0
17:10:48  IMU요회전속도:0.00
17:10:48  방향가속도크기:9.85
17:10:48  방향자이로크기:3.80
17:10:48  방향자세cos:1.0000
17:10:48  자기모델잔차:26.29
17:10:48  자기모델반경:0.912
17:10:48  방향채택:0
17:10:48  방향거부:168088
17:10:48  GPS원시속도:0.015
17:10:48  GPS원시방향유효:1
17:10:48  GPS원시방향:290.8
17:10:48  가속도:-0.43,0.45,9.83
17:10:48  자이로:1.4,0.3,-3.5
17:10:48  자력계:8.100,4.050,20.400
17:10:48  충격값:0.15
17:10:48  충격피크:0.15
17:10:48  마지막충격발생값:0.00
17:10:48  마지막충격발생ms:0
17:10:48  송신:14833
17:10:48  지팡이수신:10058
17:10:48  GPS위성:9
17:10:48  GPS_HDOP:1.20
17:10:48  원시위도:37.495942
17:10:48  원시경도:126.956114
17:10:48  GPS채택:1543
17:10:48  GPS이상치거부:0
17:10:48  GPS품질거부:0
17:10:48  GPS재기준:0
17:10:48  계산거리:-1.00
17:10:48  접근속도:0.00
17:10:48  TTC:999.00
17:10:48  방향오차:0.0
17:10:48  전방여부:0
17:10:48  위험음성횟수:0
17:10:48  충격음성횟수:0
17:10:48  마지막위험음성:0
17:10:48  RSSI원시:-50
17:10:48  RSSI평활:-49.9
17:10:48  RSSI샘플:10058
17:10:48  RSSI경과ms:67
17:10:48  RSSI구간:4
17:10:48  RSSI거리:0.84
17:10:48  상대보정:0
17:10:48  상대보정중:0
17:10:48  보정동쪽:0.00
17:10:48  보정북쪽:0.00
17:10:48  UWB유효:1
17:10:48  UWB원시거리:0.520
17:10:48  UWB보정거리:0.753
17:10:48  UWB접근속도:0.011
17:10:48  UWB_RSSI:nan
17:10:48  UWB경과ms:58
17:10:48  UWB샘플:7551
17:10:48  UWB실패:165
17:10:48  UWB보정:1
17:10:48  UWB보정중:0
17:10:48  UWB보정샘플:100
17:10:48  UWB보정기준:3.000
17:10:48  UWB오프셋:0.234
17:10:48  UWB위험사용:0
17:10:48  UWB전송:7546
17:10:48  위험송신:0
17:10:48  시각ms:1558652
17:10:48  IMU시각ms:1558651
17:10:48  위험:0
17:10:48  원시위험:0
17:10:48  GPS유효:1
17:10:48  위도:37.495940
17:10:48  경도:126.956112
17:10:48  속도:0.02
17:10:48  방향:290.8
17:10:48  이동방향유효:0
17:10:48  GPS이동방향:290.8
17:10:48  차체방향유효:0
17:10:48  차체방향:0.0
17:10:48  후진판정:0
17:10:48  IMU요회전속도:0.00
17:10:48  방향가속도크기:9.76
17:10:48  방향자이로크기:1.68
17:10:48  방향자세cos:0.9999
17:10:48  자기모델잔차:26.34
17:10:48  자기모델반경:0.927
17:10:48  방향채택:0
17:10:48  방향거부:168091
17:10:48  GPS원시속도:0.015
17:10:48  GPS원시방향유효:1
17:10:48  GPS원시방향:290.8
17:10:48  가속도:-0.50,0.38,9.74
17:10:48  자이로:-0.3,-1.3,-1.1
17:10:48  자력계:8.100,4.500,20.400
17:10:48  충격값:0.10
17:10:48  충격피크:0.10
17:10:48  마지막충격발생값:0.00
17:10:48  마지막충격발생ms:0
17:10:48  송신:14833
17:10:48  지팡이수신:10058
17:10:48  GPS위성:9
17:10:48  GPS_HDOP:1.20
17:10:48  원시위도:37.495942
17:10:48  원시경도:126.956114
17:10:48  GPS채택:1543
17:10:48  GPS이상치거부:0
17:10:48  GPS품질거부:0
17:10:48  GPS재기준:0
17:10:48  계산거리:-1.00
17:10:48  접근속도:0.00
17:10:48  TTC:999.00
17:10:48  방향오차:0.0
17:10:48  전방여부:0
17:10:48  위험음성횟수:0
17:10:48  충격음성횟수:0
17:10:48  마지막위험음성:0
17:10:48  RSSI원시:-50
17:10:48  RSSI평활:-49.9
17:10:48  RSSI샘플:10058
17:10:48  RSSI경과ms:95
17:10:48  RSSI구간:4
17:10:48  RSSI거리:0.84
17:10:48  상대보정:0
17:10:48  상대보정중:0
17:10:48  보정동쪽:0.00
17:10:48  보정북쪽:0.00
17:10:48  UWB유효:1
17:10:48  UWB원시거리:0.520
17:10:48  UWB보정거리:0.753
17:10:48  UWB접근속도:0.011
17:10:48  UWB_RSSI:nan
17:10:48  UWB경과ms:86
17:10:48  UWB샘플:7551
17:10:48  UWB실패:165
17:10:48  UWB보정:1
17:10:48  UWB보정중:0
17:10:48  UWB보정샘플:100
17:10:48  UWB보정기준:3.000
17:10:48  UWB오프셋:0.234
17:10:48  UWB위험사용:0
17:10:48  UWB전송:7546
17:10:48  위험송신:0
17:10:48  시각ms:1558673
17:10:48  IMU시각ms:1558672
17:10:48  위험:0
17:10:48  원시위험:0
17:10:48  GPS유효:1
17:10:48  위도:37.495940
17:10:48  경도:126.956112
17:10:48  속도:0.02
17:10:48  방향:290.8
17:10:48  이동방향유효:0
17:10:48  GPS이동방향:290.8
17:10:48  차체방향유효:0
17:10:48  차체방향:0.0
17:10:48  후진판정:0
17:10:48  IMU요회전속도:0.00
17:10:48  방향가속도크기:9.62
17:10:48  방향자이로크기:1.86
17:10:48  방향자세cos:0.9999
17:10:48  자기모델잔차:26.35
17:10:48  자기모델반경:0.923
17:10:48  방향채택:0
17:10:48  방향거부:168093
17:10:48  GPS원시속도:0.015
17:10:48  GPS원시방향유효:1
17:10:48  GPS원시방향:290.8
17:10:48  가속도:-0.56,0.39,9.60
17:10:48  자이로:0.9,-1.2,1.2
17:10:48  자력계:9.300,4.500,20.400
17:10:48  충격값:0.19
17:10:48  충격피크:0.19
17:10:48  마지막충격발생값:0.00
17:10:48  마지막충격발생ms:0
17:10:48  송신:14833
17:10:48  지팡이수신:10059
17:10:48  GPS위성:9
17:10:48  GPS_HDOP:1.20
17:10:48  원시위도:37.495942
17:10:48  원시경도:126.956114
17:10:48  GPS채택:1543
17:10:48  GPS이상치거부:0
17:10:48  GPS품질거부:0
17:10:48  GPS재기준:0
17:10:48  계산거리:-1.00
17:10:48  접근속도:0.00
17:10:48  TTC:999.00
17:10:48  방향오차:0.0
17:10:48  전방여부:0
17:10:48  위험음성횟수:0
17:10:48  충격음성횟수:0
17:10:48  마지막위험음성:0
17:10:48  RSSI원시:-50
17:10:48  RSSI평활:-49.9
17:10:48  RSSI샘플:10059
17:10:48  RSSI경과ms:8
17:10:48  RSSI구간:4
17:10:48  RSSI거리:0.84
17:10:48  상대보정:0
17:10:48  상대보정중:0
17:10:48  보정동쪽:0.00
17:10:48  보정북쪽:0.00
17:10:48  UWB유효:1
17:10:48  UWB원시거리:0.520
17:10:48  UWB보정거리:0.753
17:10:48  UWB접근속도:0.011
17:10:48  UWB_RSSI:nan
17:10:48  UWB경과ms:107
17:10:48  UWB샘플:7551
17:10:48  UWB실패:165
17:10:48  UWB보정:1
17:10:48  UWB보정중:0
17:10:48  UWB보정샘플:100
17:10:48  UWB보정기준:3.000
17:10:48  UWB오프셋:0.234
17:10:48  UWB위험사용:0
17:10:48  UWB전송:7546
17:10:48  위험송신:0
17:10:48  시각ms:1558721
17:10:48  IMU시각ms:1558721
17:10:48  위험:0
17:10:48  원시위험:0
17:10:48  GPS유효:1
17:10:48  위도:37.495941
17:10:48  경도:126.956113
17:10:48  속도:0.01
17:10:48  방향:290.8
17:10:48  이동방향유효:0
17:10:48  GPS이동방향:290.8
17:10:48  차체방향유효:0
17:10:48  차체방향:0.0
17:10:48  후진판정:0
17:10:48  IMU요회전속도:0.00
17:10:48  방향가속도크기:9.65
17:10:48  방향자이로크기:2.36
17:10:48  방향자세cos:1.0000
17:10:48  자기모델잔차:26.74
17:10:48  자기모델반경:0.944
17:10:48  방향채택:0
17:10:48  방향거부:168098
17:10:48  GPS원시속도:0.010
17:10:48  GPS원시방향유효:1
17:10:48  GPS원시방향:290.8
17:10:48  가속도:-0.43,0.46,9.63
17:10:48  자이로:-0.1,0.6,-2.3
17:10:48  자력계:10.500,5.250,20.700
17:10:48  충격값:0.12
17:10:48  충격피크:0.12
17:10:48  마지막충격발생값:0.00
17:10:48  마지막충격발생ms:0
17:10:48  송신:14834
17:10:48  지팡이수신:10059
17:10:48  GPS위성:9
17:10:48  GPS_HDOP:1.15
17:10:48  원시위도:37.495943
17:10:48  원시경도:126.956115
17:10:48  GPS채택:1544
17:10:48  GPS이상치거부:0
17:10:48  GPS품질거부:0
17:10:48  GPS재기준:0
17:10:48  계산거리:-1.00
17:10:48  접근속도:0.00
17:10:48  TTC:999.00
17:10:48  방향오차:0.0
17:10:48  전방여부:0
17:10:48  위험음성횟수:0
17:10:48  충격음성횟수:0
17:10:48  마지막위험음성:0
17:10:48  RSSI원시:-50
17:10:48  RSSI평활:-49.9
17:10:48  RSSI샘플:10059
17:10:48  RSSI경과ms:56
17:10:48  RSSI구간:4
17:10:48  RSSI거리:0.84
17:10:48  상대보정:0
17:10:48  상대보정중:0
17:10:48  보정동쪽:0.00
17:10:48  보정북쪽:0.00
17:10:48  UWB유효:1
17:10:48  UWB원시거리:0.520
17:10:48  UWB보정거리:0.753
17:10:48  UWB접근속도:0.011
17:10:48  UWB_RSSI:nan
17:10:48  UWB경과ms:155
17:10:48  UWB샘플:7551
17:10:48  UWB실패:165
17:10:48  UWB보정:1
17:10:48  UWB보정중:0
17:10:48  UWB보정샘플:100
17:10:48  UWB보정기준:3.000
17:10:48  UWB오프셋:0.234
17:10:48  UWB위험사용:0
17:10:48  UWB전송:7546
17:10:48  위험송신:0
17:10:48  시각ms:1558749
17:10:48  IMU시각ms:1558748
17:10:48  위험:0
17:10:48  원시위험:0
17:10:48  GPS유효:1
17:10:48  위도:37.495941
17:10:48  경도:126.956113
17:10:48  속도:0.01
17:10:48  방향:290.8
17:10:48  이동방향유효:0
17:10:48  GPS이동방향:290.8
17:10:48  차체방향유효:0
17:10:48  차체방향:0.0
17:10:48  후진판정:0
17:10:48  IMU요회전속도:0.00
17:10:48  방향가속도크기:9.73
17:10:48  방향자이로크기:3.26
17:10:48  방향자세cos:1.0000
17:10:48  자기모델잔차:27.56
17:10:48  자기모델반경:0.888
17:10:48  방향채택:0
17:10:48  방향거부:168101
17:10:48  GPS원시속도:0.010
17:10:48  GPS원시방향유효:1
17:10:48  GPS원시방향:290.8
17:10:48  가속도:-0.41,0.45,9.71
17:10:48  자이로:2.7,-1.6,0.6
17:10:48  자력계:8.400,3.450,21.750
17:10:48  충격값:0.09
17:10:48  충격피크:0.09
17:10:48  마지막충격발생값:0.00
17:10:48  마지막충격발생ms:0
17:10:48  송신:14834
17:10:48  지팡이수신:10059
17:10:48  GPS위성:9
17:10:48  GPS_HDOP:1.15
17:10:48  원시위도:37.495943
17:10:48  원시경도:126.956115
17:10:48  GPS채택:1544
17:10:48  GPS이상치거부:0
17:10:48  GPS품질거부:0
17:10:48  GPS재기준:0
17:10:48  계산거리:-1.00
17:10:48  접근속도:0.00
17:10:48  TTC:999.00
17:10:48  방향오차:0.0
17:10:48  전방여부:0
17:10:48  위험음성횟수:0
17:10:48  충격음성횟수:0
17:10:48  마지막위험음성:0
17:10:48  RSSI원시:-50
17:10:48  RSSI평활:-49.9
17:10:48  RSSI샘플:10059
17:10:48  RSSI경과ms:84
17:10:48  RSSI구간:4
17:10:48  RSSI거리:0.84
17:10:48  상대보정:0
17:10:48  상대보정중:0
17:10:48  보정동쪽:0.00
17:10:48  보정북쪽:0.00
17:10:48  UWB유효:1
17:10:48  UWB원시거리:0.520
17:10:48  UWB보정거리:0.753
17:10:48  UWB접근속도:0.011
17:10:48  UWB_RSSI:nan
17:10:48  UWB경과ms:183
17:10:48  UWB샘플:7551
17:10:48  UWB실패:165
17:10:48  UWB보정:1
17:10:48  UWB보정중:0
17:10:48  UWB보정샘플:100
17:10:48  UWB보정기준:3.000
17:10:48  UWB오프셋:0.234
17:10:48  UWB위험사용:0
17:10:48  UWB전송:7546
17:10:48  위험송신:0
17:10:48  시각ms:1558771
17:10:48  IMU시각ms:1558771
17:10:48  위험:0
17:10:48  원시위험:0
17:10:48  GPS유효:1
17:10:48  위도:37.495941
17:10:48  경도:126.956113
17:10:48  속도:0.01
17:10:48  방향:290.8
17:10:48  이동방향유효:0
17:10:48  GPS이동방향:290.8
17:10:48  차체방향유효:0
17:10:48  차체방향:0.0
17:10:48  후진판정:0
17:10:48  IMU요회전속도:0.00
17:10:48  방향가속도크기:9.63
17:10:48  방향자이로크기:3.79
17:10:48  방향자세cos:0.9999
17:10:48  자기모델잔차:26.56
17:10:48  자기모델반경:0.944
17:10:48  방향채택:0
17:10:48  방향거부:168103
17:10:48  GPS원시속도:0.010
17:10:48  GPS원시방향유효:1
17:10:48  GPS원시방향:290.8
17:10:48  가속도:-0.41,0.33,9.62
17:10:48  자이로:3.1,-2.0,-0.8
17:10:48  자력계:8.400,5.100,20.550
17:10:48  충격값:0.09
17:10:48  충격피크:0.09
17:10:48  마지막충격발생값:0.00
17:10:48  마지막충격발생ms:0
17:10:48  송신:14834
17:10:48  지팡이수신:10059
17:10:48  GPS위성:9
17:10:48  GPS_HDOP:1.15
17:10:48  원시위도:37.495943
17:10:48  원시경도:126.956115
17:10:48  GPS채택:1544
17:10:48  GPS이상치거부:0
17:10:48  GPS품질거부:0
17:10:48  GPS재기준:0
17:10:48  계산거리:-1.00
17:10:48  접근속도:0.00
17:10:48  TTC:999.00
17:10:48  방향오차:0.0
17:10:48  전방여부:0
17:10:48  위험음성횟수:0
17:10:48  충격음성횟수:0
17:10:48  마지막위험음성:0
17:10:48  RSSI원시:-50
17:10:48  RSSI평활:-49.9
17:10:48  RSSI샘플:10059
17:10:48  RSSI경과ms:106
17:10:48  RSSI구간:4
17:10:48  RSSI거리:0.84
17:10:48  상대보정:0
17:10:48  상대보정중:0
17:10:48  보정동쪽:0.00
17:10:48  보정북쪽:0.00
17:10:48  UWB유효:1
17:10:48  UWB원시거리:0.530
17:10:48  UWB보정거리:0.750
17:10:48  UWB접근속도:0.012
17:10:48  UWB_RSSI:nan
17:10:48  UWB경과ms:9
17:10:48  UWB샘플:7552
17:10:48  UWB실패:165
17:10:48  UWB보정:1
17:10:48  UWB보정중:0
17:10:48  UWB보정샘플:100
17:10:48  UWB보정기준:3.000
17:10:48  UWB오프셋:0.234
17:10:48  UWB위험사용:0
17:10:48  UWB전송:7547
17:10:48  위험송신:0
17:10:48  시각ms:1558791
17:10:48  IMU시각ms:1558791
17:10:48  위험:0
17:10:48  원시위험:0
17:10:48  GPS유효:1
17:10:48  위도:37.495941
17:10:48  경도:126.956113
17:10:48  속도:0.01
17:10:48  방향:290.8
17:10:48  이동방향유효:0
17:10:48  GPS이동방향:290.8
17:10:48  차체방향유효:0
17:10:48  차체방향:0.0
17:10:48  후진판정:0
17:10:48  IMU요회전속도:0.00
17:10:48  방향가속도크기:9.64
17:10:48  방향자이로크기:3.52
17:10:48  방향자세cos:0.9999
17:10:48  자기모델잔차:26.30
17:10:48  자기모델반경:0.954
17:10:48  방향채택:0
17:10:48  방향거부:168105
17:10:48  GPS원시속도:0.010
17:10:48  GPS원시방향유효:1
17:10:48  GPS원시방향:290.8
17:10:48  가속도:-0.39,0.33,9.62
17:10:48  자이로:1.9,2.5,-1.6
17:10:48  자력계:8.400,5.400,20.250
17:10:48  충격값:0.08
17:10:48  충격피크:0.10
17:10:48  마지막충격발생값:0.00
17:10:48  마지막충격발생ms:0
17:10:48  송신:14834
17:10:48  지팡이수신:10060
17:10:48  GPS위성:9
17:10:48  GPS_HDOP:1.15
17:10:48  원시위도:37.495943
17:10:48  원시경도:126.956115
17:10:48  GPS채택:1544
17:10:48  GPS이상치거부:0
17:10:48  GPS품질거부:0
17:10:48  GPS재기준:0
17:10:48  계산거리:-1.00
17:10:48  접근속도:0.00
17:10:48  TTC:999.00
17:10:48  방향오차:0.0
17:10:48  전방여부:0
17:10:48  위험음성횟수:0
17:10:48  충격음성횟수:0
17:10:48  마지막위험음성:0
17:10:48  RSSI원시:-49
17:10:48  RSSI평활:-49.7
17:10:48  RSSI샘플:10060
17:10:48  RSSI경과ms:16
17:10:48  RSSI구간:4
17:10:48  RSSI거리:0.83
17:10:48  상대보정:0
17:10:48  상대보정중:0
17:10:48  보정동쪽:0.00
17:10:48  보정북쪽:0.00
17:10:48  UWB유효:1
17:10:48  UWB원시거리:0.530
17:10:48  UWB보정거리:0.750
17:10:48  UWB접근속도:0.012
17:10:48  UWB_RSSI:nan
17:10:48  UWB경과ms:29
17:10:48  UWB샘플:7552
17:10:48  UWB실패:165
17:10:48  UWB보정:1
17:10:48  UWB보정중:0
17:10:48  UWB보정샘플:100
17:10:48  UWB보정기준:3.000
17:10:48  UWB오프셋:0.234
17:10:48  UWB위험사용:0
17:10:48  UWB전송:7547
17:10:48  위험송신:0
17:10:48  시각ms:1558818
17:10:48  IMU시각ms:1558817
17:10:48  위험:0
17:10:48  원시위험:0
17:10:48  GPS유효:1
17:10:48  위도:37.495941
17:10:48  경도:126.956113
17:10:48  속도:0.01
17:10:48  방향:290.8
17:10:48  이동방향유효:0
17:10:48  GPS이동방향:290.8
17:10:48  차체방향유효:0
17:10:48  차체방향:0.0
17:10:48  후진판정:0
17:10:48  IMU요회전속도:0.00
17:10:48  방향가속도크기:9.71
17:10:48  방향자이로크기:3.02
17:10:48  방향자세cos:0.9999
17:10:48  자기모델잔차:24.55
17:10:48  자기모델반경:0.968
17:10:48  방향채택:0
17:10:48  방향거부:168108
17:10:48  GPS원시속도:0.010
17:10:48  GPS원시방향유효:1
17:10:48  GPS원시방향:290.8
17:10:48  가속도:-0.44,0.37,9.69
17:10:48  자이로:1.4,2.5,-1.0
17:10:48  자력계:9.300,5.700,18.450
17:10:48  충격값:0.03
17:10:48  충격피크:0.12
17:10:48  마지막충격발생값:0.00
17:10:48  마지막충격발생ms:0
17:10:48  송신:14835
17:10:48  지팡이수신:10060
17:10:48  GPS위성:9
17:10:48  GPS_HDOP:1.15
17:10:48  원시위도:37.495943
17:10:48  원시경도:126.956115
17:10:48  GPS채택:1544
17:10:48  GPS이상치거부:0
17:10:48  GPS품질거부:0
17:10:48  GPS재기준:0
17:10:48  계산거리:-1.00
17:10:48  접근속도:0.00
17:10:48  TTC:999.00
17:10:48  방향오차:0.0
17:10:48  전방여부:0
17:10:48  위험음성횟수:0
17:10:48  충격음성횟수:0
17:10:48  마지막위험음성:0
17:10:48  RSSI원시:-49
17:10:48  RSSI평활:-49.7
17:10:48  RSSI샘플:10060
17:10:48  RSSI경과ms:43
17:10:48  RSSI구간:4
17:10:48  RSSI거리:0.83
17:10:48  상대보정:0
17:10:48  상대보정중:0
17:10:48  보정동쪽:0.00
17:10:48  보정북쪽:0.00
17:10:48  UWB유효:1
17:10:48  UWB원시거리:0.530
17:10:48  UWB보정거리:0.750
17:10:48  UWB접근속도:0.012
17:10:48  UWB_RSSI:nan
17:10:48  UWB경과ms:56
17:10:48  UWB샘플:7552
17:10:48  UWB실패:165
17:10:48  UWB보정:1
17:10:48  UWB보정중:0
17:10:48  UWB보정샘플:100
17:10:48  UWB보정기준:3.000
17:10:48  UWB오프셋:0.234
17:10:48  UWB위험사용:0
17:10:48  UWB전송:7547
17:10:48  위험송신:0
17:10:48  시각ms:1558863
17:10:48  IMU시각ms:1558863
17:10:48  위험:0
17:10:48  원시위험:0
17:10:48  GPS유효:1
17:10:48  위도:37.495941
17:10:48  경도:126.956113
17:10:48  속도:0.01
17:10:48  방향:290.8
17:10:48  이동방향유효:0
17:10:48  GPS이동방향:290.8
17:10:48  차체방향유효:0
17:10:48  차체방향:0.0
17:10:48  후진판정:0
17:10:48  IMU요회전속도:0.00
17:10:48  방향가속도크기:9.77
17:10:48  방향자이로크기:3.71
17:10:48  방향자세cos:1.0000
17:10:48  자기모델잔차:26.24
17:10:48  자기모델반경:0.896
17:10:48  방향채택:0
17:10:48  방향거부:168113
17:10:48  GPS원시속도:0.010
17:10:48  GPS원시방향유효:1
17:10:48  GPS원시방향:290.8
17:10:48  가속도:-0.40,0.44,9.75
17:10:48  자이로:-0.1,3.0,-2.2
17:10:48  자력계:8.850,3.600,20.400
17:10:48  충격값:0.09
17:10:48  충격피크:0.14
17:10:48  마지막충격발생값:0.00
17:10:48  마지막충격발생ms:0
17:10:48  송신:14835
17:10:48  지팡이수신:10060
17:10:48  GPS위성:9
17:10:48  GPS_HDOP:1.15
17:10:48  원시위도:37.495943
17:10:48  원시경도:126.956115
17:10:48  GPS채택:1544
17:10:48  GPS이상치거부:0
17:10:48  GPS품질거부:0
17:10:48  GPS재기준:0
17:10:48  계산거리:-1.00
17:10:48  접근속도:0.00
17:10:48  TTC:999.00
17:10:48  방향오차:0.0
17:10:48  전방여부:0
17:10:48  위험음성횟수:0
17:10:48  충격음성횟수:0
17:10:48  마지막위험음성:0
17:10:48  RSSI원시:-49
17:10:48  RSSI평활:-49.7
17:10:48  RSSI샘플:10060
17:10:48  RSSI경과ms:88
17:10:48  RSSI구간:4
17:10:48  RSSI거리:0.83
17:10:48  상대보정:0
17:10:48  상대보정중:0
17:10:48  보정동쪽:0.00
17:10:48  보정북쪽:0.00
17:10:48  UWB유효:1
17:10:48  UWB원시거리:0.530
17:10:48  UWB보정거리:0.750
17:10:48  UWB접근속도:0.012
17:10:48  UWB_RSSI:nan
17:10:48  UWB경과ms:101
17:10:48  UWB샘플:7552
17:10:48  UWB실패:165
17:10:48  UWB보정:1
17:10:48  UWB보정중:0
17:10:48  UWB보정샘플:100
17:10:48  UWB보정기준:3.000
17:10:48  UWB오프셋:0.234
17:10:48  UWB위험사용:0
17:10:48  UWB전송:7547
17:10:48  위험송신:0
17:10:48  시각ms:1558891
17:10:48  IMU시각ms:1558890
17:10:48  위험:0
17:10:48  원시위험:0
17:10:48  GPS유효:1
17:10:48  위도:37.495941
17:10:48  경도:126.956113
17:10:48  속도:0.01
17:10:48  방향:290.8
17:10:48  이동방향유효:0
17:10:48  GPS이동방향:290.8
17:10:48  차체방향유효:0
17:10:48  차체방향:0.0
17:10:48  후진판정:0
17:10:48  IMU요회전속도:0.00
17:10:48  방향가속도크기:9.73
17:10:48  방향자이로크기:1.13
17:10:48  방향자세cos:0.9999
17:10:48  자기모델잔차:25.84
17:10:48  자기모델반경:0.915
17:10:48  방향채택:0
17:10:48  방향거부:168116
17:10:48  GPS원시속도:0.010
17:10:48  GPS원시방향유효:1
17:10:48  GPS원시방향:290.8
17:10:48  가속도:-0.44,0.35,9.71
17:10:48  자이로:0.6,-0.6,-0.7
17:10:48  자력계:7.800,4.050,19.950
17:10:48  충격값:0.03
17:10:48  충격피크:0.05
17:10:48  마지막충격발생값:0.00
17:10:48  마지막충격발생ms:0
17:10:48  송신:14835
17:10:48  지팡이수신:10061
17:10:48  GPS위성:9
17:10:48  GPS_HDOP:1.15
17:10:48  원시위도:37.495943
17:10:48  원시경도:126.956115
17:10:48  GPS채택:1544
17:10:48  GPS이상치거부:0
17:10:48  GPS품질거부:0
17:10:48  GPS재기준:0
17:10:48  계산거리:-1.00
17:10:48  접근속도:0.00
17:10:48  TTC:999.00
17:10:48  방향오차:0.0
17:10:48  전방여부:0
17:10:48  위험음성횟수:0
17:10:48  충격음성횟수:0
17:10:48  마지막위험음성:0
17:10:48  RSSI원시:-50
17:10:48  RSSI평활:-49.8
17:10:48  RSSI샘플:10061
17:10:48  RSSI경과ms:3
17:10:48  RSSI구간:4
17:10:48  RSSI거리:0.83
17:10:48  상대보정:0
17:10:48  상대보정중:0
17:10:48  보정동쪽:0.00
17:10:48  보정북쪽:0.00
17:10:48  UWB유효:1
17:10:48  UWB원시거리:0.530
17:10:48  UWB보정거리:0.750
17:10:48  UWB접근속도:0.012
17:10:48  UWB_RSSI:nan
17:10:48  UWB경과ms:129
17:10:48  UWB샘플:7552
17:10:48  UWB실패:165
17:10:48  UWB보정:1
17:10:48  UWB보정중:0
17:10:48  UWB보정샘플:100
17:10:48  UWB보정기준:3.000
17:10:48  UWB오프셋:0.234
17:10:48  UWB위험사용:0
17:10:48  UWB전송:7547
17:10:48  위험송신:0
17:10:48  시각ms:1558919
17:10:48  IMU시각ms:1558918
17:10:48  위험:0
17:10:48  원시위험:0
17:10:48  GPS유효:1
17:10:48  위도:37.495941
17:10:48  경도:126.956113
17:10:48  속도:0.01
17:10:48  방향:290.8
17:10:48  이동방향유효:0
17:10:48  GPS이동방향:290.8
17:10:48  차체방향유효:0
17:10:48  차체방향:0.0
17:10:48  후진판정:0
17:10:48  IMU요회전속도:0.00
17:10:48  방향가속도크기:9.72
17:10:48  방향자이로크기:4.17
17:10:48  방향자세cos:0.9999
17:10:48  자기모델잔차:24.94
17:10:48  자기모델반경:0.954
17:10:48  방향채택:0
17:10:48  방향거부:168119
17:10:48  GPS원시속도:0.010
17:10:48  GPS원시방향유효:1
17:10:48  GPS원시방향:290.8
17:10:48  가속도:-0.46,0.32,9.70
17:10:48  자이로:-3.2,2.2,1.5
17:10:48  자력계:8.550,5.250,18.900
17:10:48  충격값:0.07
17:10:48  충격피크:0.13
17:10:48  마지막충격발생값:0.00
17:10:48  마지막충격발생ms:0
17:10:48  송신:14836
17:10:48  지팡이수신:10061
17:10:48  GPS위성:9
17:10:48  GPS_HDOP:1.15
17:10:48  원시위도:37.495943
17:10:48  원시경도:126.956115
17:10:48  GPS채택:1544
17:10:48  GPS이상치거부:0
17:10:48  GPS품질거부:0
17:10:48  GPS재기준:0
17:10:48  계산거리:-1.00
17:10:48  접근속도:0.00
17:10:48  TTC:999.00
17:10:48  방향오차:0.0
17:10:48  전방여부:0
17:10:48  위험음성횟수:0
17:10:48  충격음성횟수:0
17:10:48  마지막위험음성:0
17:10:48  RSSI원시:-50
17:10:48  RSSI평활:-49.8
17:10:48  RSSI샘플:10061
17:10:48  RSSI경과ms:31
17:10:48  RSSI구간:4
17:10:48  RSSI거리:0.83
17:10:48  상대보정:0
17:10:48  상대보정중:0
17:10:48  보정동쪽:0.00
17:10:48  보정북쪽:0.00
17:10:48  UWB유효:1
17:10:48  UWB원시거리:0.530
17:10:48  UWB보정거리:0.750
17:10:48  UWB접근속도:0.012
17:10:48  UWB_RSSI:nan
17:10:48  UWB경과ms:157
17:10:48  UWB샘플:7552
17:10:48  UWB실패:165
17:10:48  UWB보정:1
17:10:48  UWB보정중:0
17:10:48  UWB보정샘플:100
17:10:48  UWB보정기준:3.000
17:10:48  UWB오프셋:0.234
17:10:48  UWB위험사용:0
17:10:48  UWB전송:7547
17:10:48  위험송신:0
17:10:48  시각ms:1558989
17:10:48  IMU시각ms:1558988
17:10:48  위험:0
17:10:48  원시위험:0
17:10:48  GPS유효:1
17:10:48  위도:37.495941
17:10:48  경도:126.956113
17:10:48  속도:0.01
17:10:48  방향:290.8
17:10:48  이동방향유효:0
17:10:48  GPS이동방향:290.8
17:10:48  차체방향유효:0
17:10:48  차체방향:0.0
17:10:48  후진판정:0
17:10:48  IMU요회전속도:0.00
17:10:48  방향가속도크기:9.70
17:10:48  방향자이로크기:2.71
17:10:48  방향자세cos:0.9999
17:10:48  자기모델잔차:25.60
17:10:48  자기모델반경:0.927
17:10:48  방향채택:0
17:10:48  방향거부:168126
17:10:48  GPS원시속도:0.010
17:10:48  GPS원시방향유효:1
17:10:48  GPS원시방향:290.8
17:10:48  가속도:-0.48,0.33,9.68
17:10:48  자이로:-0.4,2.1,-1.7
17:10:48  자력계:8.850,4.500,19.650
17:10:48  충격값:0.08
17:10:48  충격피크:0.13
17:10:48  마지막충격발생값:0.00
17:10:48  마지막충격발생ms:0
17:10:48  송신:14836
17:10:48  지팡이수신:10062
17:10:48  GPS위성:9
17:10:48  GPS_HDOP:1.15
17:10:48  원시위도:37.495943
17:10:48  원시경도:126.956115
17:10:48  GPS채택:1544
17:10:48  GPS이상치거부:0
17:10:48  GPS품질거부:0
17:10:48  GPS재기준:0
17:10:48  계산거리:-1.00
17:10:48  접근속도:0.00
17:10:48  TTC:999.00
17:10:48  방향오차:0.0
17:10:48  전방여부:0
17:10:48  위험음성횟수:0
17:10:48  충격음성횟수:0
17:10:48  마지막위험음성:0
17:10:48  RSSI원시:-49
17:10:48  RSSI평활:-49.6
17:10:48  RSSI샘플:10062
17:10:48  RSSI경과ms:2
17:10:48  RSSI구간:4
17:10:48  RSSI거리:0.82
17:10:48  상대보정:0
17:10:48  상대보정중:0
17:10:48  보정동쪽:0.00
17:10:48  보정북쪽:0.00
17:10:48  UWB유효:1
17:10:48  UWB원시거리:0.500
17:10:48  UWB보정거리:0.748
17:10:48  UWB접근속도:0.012
17:10:48  UWB_RSSI:nan
17:10:48  UWB경과ms:29
17:10:48  UWB샘플:7553
17:10:48  UWB실패:165
17:10:48  UWB보정:1
17:10:48  UWB보정중:0
17:10:48  UWB보정샘플:100
17:10:48  UWB보정기준:3.000
17:10:48  UWB오프셋:0.234
17:10:48  UWB위험사용:0
17:10:48  UWB전송:7548
17:10:48  위험송신:0
17:10:48  시각ms:1559017
17:10:48  IMU시각ms:1559016
17:10:48  위험:0
17:10:48  원시위험:0
17:10:48  GPS유효:1
17:10:48  위도:37.495941
17:10:48  경도:126.956113
17:10:48  속도:0.01
17:10:48  방향:290.8
17:10:48  이동방향유효:0
17:10:48  GPS이동방향:290.8
17:10:48  차체방향유효:0
17:10:48  차체방향:0.0
17:10:48  후진판정:0
17:10:48  IMU요회전속도:0.00
17:10:48  방향가속도크기:9.77
17:10:48  방향자이로크기:3.33
17:10:48  방향자세cos:0.9999
17:10:48  자기모델잔차:26.13
17:10:48  자기모델반경:0.905
17:10:48  방향채택:0
17:10:48  방향거부:168129
17:10:48  GPS원시속도:0.010
17:10:48  GPS원시방향유효:1
17:10:48  GPS원시방향:290.8
17:10:48  가속도:-0.36,0.36,9.76
17:10:48  자이로:3.2,0.3,-0.8
17:10:48  자력계:9.150,3.900,20.250
17:10:48  충격값:0.08
17:10:48  충격피크:0.16
17:10:48  마지막충격발생값:0.00
17:10:48  마지막충격발생ms:0
17:10:48  송신:14836
17:10:48  지팡이수신:10062
17:10:48  GPS위성:9
17:10:48  GPS_HDOP:1.15
17:10:48  원시위도:37.495943
17:10:48  원시경도:126.956115
17:10:48  GPS채택:1544
17:10:48  GPS이상치거부:0
17:10:48  GPS품질거부:0
17:10:48  GPS재기준:0
17:10:48  계산거리:-1.00
17:10:48  접근속도:0.00
17:10:48  TTC:999.00
17:10:48  방향오차:0.0
17:10:48  전방여부:0
17:10:48  위험음성횟수:0
17:10:48  충격음성횟수:0
17:10:48  마지막위험음성:0
17:10:48  RSSI원시:-49
17:10:48  RSSI평활:-49.6
17:10:48  RSSI샘플:10062
17:10:48  RSSI경과ms:30
17:10:48  RSSI구간:4
17:10:48  RSSI거리:0.82
17:10:48  상대보정:0
17:10:48  상대보정중:0
17:10:48  보정동쪽:0.00
17:10:48  보정북쪽:0.00
17:10:48  UWB유효:1
17:10:48  UWB원시거리:0.500
17:10:48  UWB보정거리:0.748
17:10:48  UWB접근속도:0.012
17:10:48  UWB_RSSI:nan
17:10:48  UWB경과ms:57
17:10:48  UWB샘플:7553
17:10:48  UWB실패:165
17:10:48  UWB보정:1
17:10:48  UWB보정중:0
17:10:48  UWB보정샘플:100
17:10:48  UWB보정기준:3.000
17:10:48  UWB오프셋:0.234
17:10:48  UWB위험사용:0
17:10:48  UWB전송:7548
17:10:48  위험송신:0
17:10:48  시각ms:1559037
17:10:48  IMU시각ms:1559037
17:10:48  위험:0
17:10:48  원시위험:0
17:10:48  GPS유효:1
17:10:48  위도:37.495941
17:10:48  경도:126.956113
17:10:48  속도:0.01
17:10:48  방향:290.8
17:10:48  이동방향유효:0
17:10:48  GPS이동방향:290.8
17:10:48  차체방향유효:0
17:10:48  차체방향:0.0
17:10:48  후진판정:0
17:10:48  IMU요회전속도:0.00
17:10:48  방향가속도크기:9.71
17:10:48  방향자이로크기:1.83
17:10:48  방향자세cos:0.9999
17:10:48  자기모델잔차:25.47
17:10:48  자기모델반경:0.888
17:10:48  방향채택:0
17:10:48  방향거부:168131
17:10:48  GPS원시속도:0.010
17:10:48  GPS원시방향유효:1
17:10:48  GPS원시방향:290.8
17:10:48  가속도:-0.45,0.38,9.69
17:10:48  자이로:1.8,-0.1,0.2
17:10:48  자력계:9.600,3.300,19.650
17:10:48  충격값:0.04
17:10:48  충격피크:0.10
17:10:48  마지막충격발생값:0.00
17:10:48  마지막충격발생ms:0
17:10:48  송신:14837
17:10:48  지팡이수신:10062
17:10:48  GPS위성:9
17:10:48  GPS_HDOP:1.15
17:10:48  원시위도:37.495943
17:10:48  원시경도:126.956115
17:10:48  GPS채택:1544
17:10:48  GPS이상치거부:0
17:10:48  GPS품질거부:0
17:10:48  GPS재기준:0
17:10:48  계산거리:-1.00
17:10:48  접근속도:0.00
17:10:48  TTC:999.00
17:10:48  방향오차:0.0
17:10:48  전방여부:0
17:10:48  위험음성횟수:0
17:10:48  충격음성횟수:0
17:10:48  마지막위험음성:0
17:10:48  RSSI원시:-49
17:10:48  RSSI평활:-49.6
17:10:48  RSSI샘플:10062
17:10:48  RSSI경과ms:50
17:10:48  RSSI구간:4
17:10:48  RSSI거리:0.82
17:10:48  상대보정:0
17:10:48  상대보정중:0
17:10:48  보정동쪽:0.00
17:10:48  보정북쪽:0.00
17:10:48  UWB유효:1
17:10:48  UWB원시거리:0.500
17:10:48  UWB보정거리:0.748
17:10:48  UWB접근속도:0.012
17:10:48  UWB_RSSI:nan
17:10:48  UWB경과ms:77
17:10:48  UWB샘플:7553
17:10:48  UWB실패:165
17:10:48  UWB보정:1
17:10:48  UWB보정중:0
17:10:48  UWB보정샘플:100
17:10:48  UWB보정기준:3.000
17:10:48  UWB오프셋:0.234
17:10:48  UWB위험사용:0
17:10:48  UWB전송:7548
17:10:48  위험송신:0
17:10:48  시각ms:1559057
17:10:48  IMU시각ms:1559057
17:10:48  위험:0
17:10:48  원시위험:0
17:10:48  GPS유효:1
17:10:48  위도:37.495941
17:10:48  경도:126.956113
17:10:48  속도:0.01
17:10:48  방향:290.8
17:10:48  이동방향유효:0
17:10:48  GPS이동방향:290.8
17:10:48  차체방향유효:0
17:10:48  차체방향:0.0
17:10:48  후진판정:0
17:10:48  IMU요회전속도:0.00
17:10:48  방향가속도크기:9.61
17:10:48  방향자이로크기:4.01
17:10:48  방향자세cos:0.9999
17:10:48  자기모델잔차:25.71
17:10:48  자기모델반경:0.917
17:10:48  방향채택:0
17:10:48  방향거부:168133
17:10:48  GPS원시속도:0.010
17:10:48  GPS원시방향유효:1
17:10:48  GPS원시방향:290.8
17:10:48  가속도:-0.38,0.33,9.60
17:10:48  자이로:0.9,-3.5,-1.7
17:10:48  자력계:8.700,4.200,19.800
17:10:48  충격값:0.11
17:10:48  충격피크:0.11
17:10:48  마지막충격발생값:0.00
17:10:48  마지막충격발생ms:0
17:10:48  송신:14837
17:10:48  지팡이수신:10062
17:10:48  GPS위성:9
17:10:48  GPS_HDOP:1.15
17:10:48  원시위도:37.495943
17:10:48  원시경도:126.956115
17:10:48  GPS채택:1544
17:10:48  GPS이상치거부:0
17:10:48  GPS품질거부:0
17:10:48  GPS재기준:0
17:10:48  계산거리:-1.00
17:10:48  접근속도:0.00
17:10:48  TTC:999.00
17:10:48  방향오차:0.0
17:10:48  전방여부:0
17:10:48  위험음성횟수:0
17:10:48  충격음성횟수:0
17:10:48  마지막위험음성:0
17:10:48  RSSI원시:-49
17:10:48  RSSI평활:-49.6
17:10:48  RSSI샘플:10062
17:10:48  RSSI경과ms:70
17:10:48  RSSI구간:4
17:10:48  RSSI거리:0.82
17:10:48  상대보정:0
17:10:48  상대보정중:0
17:10:48  보정동쪽:0.00
17:10:48  보정북쪽:0.00
17:10:48  UWB유효:1
17:10:48  UWB원시거리:0.500
17:10:48  UWB보정거리:0.748
17:10:48  UWB접근속도:0.012
17:10:48  UWB_RSSI:nan
17:10:48  UWB경과ms:97
17:10:48  UWB샘플:7553
17:10:48  UWB실패:165
17:10:48  UWB보정:1
17:10:48  UWB보정중:0
17:10:48  UWB보정샘플:100
17:10:48  UWB보정기준:3.000
17:10:48  UWB오프셋:0.234
17:10:48  UWB위험사용:0
17:10:48  UWB전송:7548
17:10:48  위험송신:0
17:10:48  시각ms:1559077
17:10:48  IMU시각ms:1559077
17:10:48  위험:0
17:10:48  원시위험:0
17:10:48  GPS유효:1
17:10:48  위도:37.495941
17:10:48  경도:126.956113
17:10:48  속도:0.01
17:10:48  방향:290.8
17:10:48  이동방향유효:0
17:10:48  GPS이동방향:290.8
17:10:48  차체방향유효:0
17:10:48  차체방향:0.0
17:10:48  후진판정:0
17:10:48  IMU요회전속도:0.00
17:10:48  방향가속도크기:9.69
17:10:48  방향자이로크기:3.86
17:10:48  방향자세cos:0.9998
17:10:48  자기모델잔차:26.36
17:10:48  자기모델반경:0.965
17:10:48  방향채택:0
17:10:48  방향거부:168135
17:10:48  GPS원시속도:0.010
17:10:48  GPS원시방향유효:1
17:10:48  GPS원시방향:290.8
17:10:48  가속도:-0.39,0.30,9.68
17:10:48  자이로:1.3,3.6,-0.7
17:10:48  자력계:10.200,5.850,20.250
17:10:48  충격값:0.08
17:10:48  충격피크:0.08
17:10:48  마지막충격발생값:0.00
17:10:48  마지막충격발생ms:0
17:10:48  송신:14837
17:10:48  지팡이수신:10062
17:10:48  GPS위성:9
17:10:48  GPS_HDOP:1.15
17:10:48  원시위도:37.495943
17:10:48  원시경도:126.956115
17:10:48  GPS채택:1544
17:10:48  GPS이상치거부:0
17:10:48  GPS품질거부:0
17:10:48  GPS재기준:0
17:10:48  계산거리:-1.00
17:10:48  접근속도:0.00
17:10:48  TTC:999.00
17:10:48  방향오차:0.0
17:10:48  전방여부:0
17:10:48  위험음성횟수:0
17:10:48  충격음성횟수:0
17:10:48  마지막위험음성:0
17:10:48  RSSI원시:-49
17:10:48  RSSI평활:-49.6
17:10:48  RSSI샘플:10062
17:10:48  RSSI경과ms:90
17:10:48  RSSI구간:4
17:10:48  RSSI거리:0.82
17:10:48  상대보정:0
17:10:48  상대보정중:0
17:10:48  보정동쪽:0.00
17:10:48  보정북쪽:0.00
17:10:48  UWB유효:1
17:10:48  UWB원시거리:0.500
17:10:48  UWB보정거리:0.748
17:10:48  UWB접근속도:0.012
17:10:48  UWB_RSSI:nan
17:10:48  UWB경과ms:117
17:10:48  UWB샘플:7553
17:10:48  UWB실패:165
17:10:48  UWB보정:1
17:10:48  UWB보정중:0
17:10:48  UWB보정샘플:100
17:10:48  UWB보정기준:3.000
17:10:48  UWB오프셋:0.234
17:10:48  UWB위험사용:0
17:10:48  UWB전송:7548
17:10:48  위험송신:0
17:10:48  시각ms:1559097
17:10:48  IMU시각ms:1559097
17:10:48  위험:0
17:10:48  원시위험:0
17:10:48  GPS유효:1
17:10:48  위도:37.495941
17:10:48  경도:126.956113
17:10:48  속도:0.01
17:10:48  방향:290.8
17:10:48  이동방향유효:0
17:10:48  GPS이동방향:290.8
17:10:48  차체방향유효:0
17:10:48  차체방향:0.0
17:10:48  후진판정:0
17:10:48  IMU요회전속도:0.00
17:10:48  방향가속도크기:9.81
17:10:48  방향자이로크기:2.23
17:10:48  방향자세cos:0.9998
17:10:48  자기모델잔차:25.71
17:10:48  자기모델반경:0.917
17:10:48  방향채택:0
17:10:48  방향거부:168137
17:10:48  GPS원시속도:0.010
17:10:48  GPS원시방향유효:1
17:10:48  GPS원시방향:290.8
17:10:48  가속도:-0.58,0.35,9.78
17:10:48  자이로:2.2,0.4,-0.0
17:10:48  자력계:8.700,4.200,19.800
17:10:48  충격값:0.18
17:10:48  충격피크:0.18
17:10:48  마지막충격발생값:0.00
17:10:48  마지막충격발생ms:0
17:10:48  송신:14837
17:10:48  지팡이수신:10063
17:10:48  GPS위성:9
17:10:48  GPS_HDOP:1.15
17:10:48  원시위도:37.495943
17:10:48  원시경도:126.956115
17:10:48  GPS채택:1544
17:10:48  GPS이상치거부:0
17:10:48  GPS품질거부:0
17:10:48  GPS재기준:0
17:10:48  계산거리:-1.00
17:10:48  접근속도:0.00
17:10:48  TTC:999.00
17:10:48  방향오차:0.0
17:10:48  전방여부:0
17:10:48  위험음성횟수:0
17:10:48  충격음성횟수:0
17:10:48  마지막위험음성:0
17:10:48  RSSI원시:-47
17:10:48  RSSI평활:-49.1
17:10:48  RSSI샘플:10063
17:10:48  RSSI경과ms:12
17:10:48  RSSI구간:4
17:10:48  RSSI거리:0.80
17:10:48  상대보정:0
17:10:48  상대보정중:0
17:10:48  보정동쪽:0.00
17:10:48  보정북쪽:0.00
17:10:48  UWB유효:1
17:10:48  UWB원시거리:0.500
17:10:48  UWB보정거리:0.748
17:10:48  UWB접근속도:0.012
17:10:48  UWB_RSSI:nan
17:10:48  UWB경과ms:137
17:10:48  UWB샘플:7553
17:10:48  UWB실패:165
17:10:48  UWB보정:1
17:10:48  UWB보정중:0
17:10:48  UWB보정샘플:100
17:10:48  UWB보정기준:3.000
17:10:48  UWB오프셋:0.234
17:10:48  UWB위험사용:0
17:10:48  UWB전송:7548
17:10:48  위험송신:0
17:10:48  시각ms:1559124
17:10:48  IMU시각ms:1559124
17:10:48  위험:0
17:10:48  원시위험:0
17:10:48  GPS유효:1
17:10:48  위도:37.495941
17:10:48  경도:126.956113
17:10:48  속도:0.01
17:10:48  방향:290.8
17:10:48  이동방향유효:0
17:10:48  GPS이동방향:290.8
17:10:48  차체방향유효:0
17:10:48  차체방향:0.0
17:10:48  후진판정:0
17:10:48  IMU요회전속도:0.00
17:10:48  방향가속도크기:9.63
17:10:48  방향자이로크기:2.33
17:10:48  방향자세cos:0.9999
17:10:48  자기모델잔차:27.01
17:10:48  자기모델반경:0.941
17:10:48  방향채택:0
17:10:48  방향거부:168140
17:10:48  GPS원시속도:0.010
17:10:48  GPS원시방향유효:1
17:10:48  GPS원시방향:290.8
17:10:48  가속도:-0.39,0.37,9.62
17:10:48  자이로:-0.4,2.2,-0.6
17:10:48  자력계:8.700,5.100,21.000
17:10:48  충격값:0.09
17:10:48  충격피크:0.12
17:10:48  마지막충격발생값:0.00
17:10:48  마지막충격발생ms:0
17:10:48  송신:14837
17:10:48  지팡이수신:10063
17:10:48  GPS위성:9
17:10:48  GPS_HDOP:1.15
17:10:48  원시위도:37.495943
17:10:48  원시경도:126.956115
17:10:48  GPS채택:1544
17:10:48  GPS이상치거부:0
17:10:48  GPS품질거부:0
17:10:48  GPS재기준:0
17:10:48  계산거리:-1.00
17:10:48  접근속도:0.00
17:10:48  TTC:999.00
17:10:48  방향오차:0.0
17:10:48  전방여부:0
17:10:48  위험음성횟수:0
17:10:48  충격음성횟수:0
17:10:48  마지막위험음성:0
17:10:48  RSSI원시:-47
17:10:48  RSSI평활:-49.1
17:10:48  RSSI샘플:10063
17:10:48  RSSI경과ms:39
17:10:48  RSSI구간:4
17:10:48  RSSI거리:0.80
17:10:48  상대보정:0
17:10:48  상대보정중:0
17:10:48  보정동쪽:0.00
17:10:48  보정북쪽:0.00
17:10:48  UWB유효:1
17:10:48  UWB원시거리:0.500
17:10:48  UWB보정거리:0.748
17:10:48  UWB접근속도:0.012
17:10:48  UWB_RSSI:nan
17:10:48  UWB경과ms:164
17:10:48  UWB샘플:7553
17:10:48  UWB실패:165
17:10:48  UWB보정:1
17:10:48  UWB보정중:0
17:10:48  UWB보정샘플:100
17:10:48  UWB보정기준:3.000
17:10:48  UWB오프셋:0.234
17:10:48  UWB위험사용:0
17:10:48  UWB전송:7548
17:10:48  위험송신:0
17:10:48  시각ms:1559153
17:10:48  IMU시각ms:1559153
17:10:48  위험:0
17:10:48  원시위험:0
17:10:48  GPS유효:1
17:10:48  위도:37.495941
17:10:48  경도:126.956113
17:10:48  속도:0.01
17:10:48  방향:290.8
17:10:48  이동방향유효:0
17:10:48  GPS이동방향:290.8
17:10:48  차체방향유효:0
17:10:48  차체방향:0.0
17:10:48  후진판정:0
17:10:48  IMU요회전속도:0.00
17:10:48  방향가속도크기:9.75
17:10:48  방향자이로크기:1.04
17:10:48  방향자세cos:0.9999
17:10:48  자기모델잔차:25.90
17:10:48  자기모델반경:0.927
17:10:48  방향채택:0
17:10:48  방향거부:168143
17:10:48  GPS원시속도:0.010
17:10:48  GPS원시방향유효:1
17:10:48  GPS원시방향:290.8
17:10:48  가속도:-0.43,0.36,9.73
17:10:48  자이로:0.6,0.1,0.9
17:10:48  자력계:8.550,4.500,19.950
17:10:48  충격값:0.04
17:10:48  충격피크:0.13
17:10:48  마지막충격발생값:0.00
17:10:48  마지막충격발생ms:0
17:10:48  송신:14838
17:10:48  지팡이수신:10063
17:10:48  GPS위성:9
17:10:48  GPS_HDOP:1.15
17:10:48  원시위도:37.495943
17:10:48  원시경도:126.956115
17:10:48  GPS채택:1544
17:10:48  GPS이상치거부:0
17:10:48  GPS품질거부:0
17:10:48  GPS재기준:0
17:10:48  계산거리:-1.00
17:10:48  접근속도:0.00
17:10:48  TTC:999.00
17:10:48  방향오차:0.0
17:10:48  전방여부:0
17:10:48  위험음성횟수:0
17:10:48  충격음성횟수:0
17:10:48  마지막위험음성:0
17:10:48  RSSI원시:-47
17:10:48  RSSI평활:-49.1
17:10:48  RSSI샘플:10063
17:10:48  RSSI경과ms:68
17:10:48  RSSI구간:4
17:10:48  RSSI거리:0.80
17:10:48  상대보정:0
17:10:48  상대보정중:0
17:10:48  보정동쪽:0.00
17:10:48  보정북쪽:0.00
17:10:48  UWB유효:1
17:10:48  UWB원시거리:0.500
17:10:48  UWB보정거리:0.748
17:10:48  UWB접근속도:0.012
17:10:48  UWB_RSSI:nan
17:10:48  UWB경과ms:193
17:10:48  UWB샘플:7553
17:10:48  UWB실패:165
17:10:48  UWB보정:1
17:10:48  UWB보정중:0
17:10:48  UWB보정샘플:100
17:10:48  UWB보정기준:3.000
17:10:48  UWB오프셋:0.234
17:10:48  UWB위험사용:0
17:10:48  UWB전송:7548
17:10:48  위험송신:0
17:10:48  시각ms:1559176
17:10:48  IMU시각ms:1559175
17:10:48  위험:0
17:10:48  원시위험:0
17:10:48  GPS유효:1
17:10:48  위도:37.495941
17:10:48  경도:126.956113
17:10:48  속도:0.01
17:10:48  방향:290.8
17:10:48  이동방향유효:0
17:10:48  GPS이동방향:290.8
17:10:48  차체방향유효:0
17:10:48  차체방향:0.0
17:10:48  후진판정:0
17:10:48  IMU요회전속도:0.00
17:10:48  방향가속도크기:9.71
17:10:48  방향자이로크기:4.73
17:10:48  방향자세cos:0.9999
17:10:48  자기모델잔차:26.52
17:10:48  자기모델반경:0.972
17:10:48  방향채택:0
17:10:48  방향거부:168145
17:10:48  GPS원시속도:0.010
17:10:48  GPS원시방향유효:1
17:10:48  GPS원시방향:290.8
17:10:48  가속도:-0.36,0.35,9.70
17:10:48  자이로:3.0,-1.8,3.2
17:10:48  자력계:8.550,6.000,20.400
17:10:48  충격값:0.06
17:10:48  충격피크:0.18
17:10:48  마지막충격발생값:0.00
17:10:48  마지막충격발생ms:0
17:10:48  송신:14838
17:10:48  지팡이수신:10063
17:10:48  GPS위성:9
17:10:48  GPS_HDOP:1.15
17:10:48  원시위도:37.495943
17:10:48  원시경도:126.956115
17:10:48  GPS채택:1544
17:10:48  GPS이상치거부:0
17:10:48  GPS품질거부:0
17:10:48  GPS재기준:0
17:10:48  계산거리:-1.00
17:10:48  접근속도:0.00
17:10:48  TTC:999.00
17:10:48  방향오차:0.0
17:10:48  전방여부:0
17:10:48  위험음성횟수:0
17:10:48  충격음성횟수:0
17:10:48  마지막위험음성:0
17:10:48  RSSI원시:-47
17:10:48  RSSI평활:-49.1
17:10:48  RSSI샘플:10063
17:10:48  RSSI경과ms:91
17:10:48  RSSI구간:4
17:10:48  RSSI거리:0.80
17:10:48  상대보정:0
17:10:48  상대보정중:0
17:10:48  보정동쪽:0.00
17:10:48  보정북쪽:0.00
17:10:48  UWB유효:1
17:10:48  UWB원시거리:0.490
17:10:48  UWB보정거리:0.747
17:10:48  UWB접근속도:0.010
17:10:48  UWB_RSSI:nan
17:10:48  UWB경과ms:9
17:10:48  UWB샘플:7554
17:10:48  UWB실패:165
17:10:48  UWB보정:1
17:10:48  UWB보정중:0
17:10:48  UWB보정샘플:100
17:10:48  UWB보정기준:3.000
17:10:48  UWB오프셋:0.234
17:10:48  UWB위험사용:0
17:10:48  UWB전송:7549
17:10:48  위험송신:0
17:10:49  시각ms:1559224
17:10:49  IMU시각ms:1559224
17:10:49  위험:0
17:10:49  원시위험:0
17:10:49  GPS유효:1
17:10:49  위도:37.495941
17:10:49  경도:126.956113
17:10:49  속도:0.01
17:10:49  방향:290.8
17:10:49  이동방향유효:0
17:10:49  GPS이동방향:290.8
17:10:49  차체방향유효:0
17:10:49  차체방향:0.0
17:10:49  후진판정:0
17:10:49  IMU요회전속도:0.00
17:10:49  방향가속도크기:9.70
17:10:49  방향자이로크기:0.53
17:10:49  방향자세cos:0.9999
17:10:49  자기모델잔차:27.03
17:10:49  자기모델반경:0.956
17:10:49  방향채택:0
17:10:49  방향거부:168150
17:10:49  GPS원시속도:0.010
17:10:49  GPS원시방향유효:1
17:10:49  GPS원시방향:290.8
17:10:49  가속도:-0.37,0.39,9.69
17:10:49  자이로:0.4,0.2,-0.2
17:10:49  자력계:7.200,5.400,21.000
17:10:49  충격값:0.06
17:10:49  충격피크:0.09
17:10:49  마지막충격발생값:0.00
17:10:49  마지막충격발생ms:0
17:10:49  송신:14838
17:10:49  지팡이수신:10064
17:10:49  GPS위성:9
17:10:49  GPS_HDOP:1.15
17:10:49  원시위도:37.495943
17:10:49  원시경도:126.956115
17:10:49  GPS채택:1544
17:10:49  GPS이상치거부:0
17:10:49  GPS품질거부:0
17:10:49  GPS재기준:0
17:10:49  계산거리:-1.00
17:10:49  접근속도:0.00
17:10:49  TTC:999.00
17:10:49  방향오차:0.0
17:10:49  전방여부:0
17:10:49  위험음성횟수:0
17:10:49  충격음성횟수:0
17:10:49  마지막위험음성:0
17:10:49  RSSI원시:-47
17:10:49  RSSI평활:-48.7
17:10:49  RSSI샘플:10064
17:10:49  RSSI경과ms:12
17:10:49  RSSI구간:4
17:10:49  RSSI거리:0.80
17:10:49  상대보정:0
17:10:49  상대보정중:0
17:10:49  보정동쪽:0.00
17:10:49  보정북쪽:0.00
17:10:49  UWB유효:1
17:10:49  UWB원시거리:0.490
17:10:49  UWB보정거리:0.747
17:10:49  UWB접근속도:0.010
17:10:49  UWB_RSSI:nan
17:10:49  UWB경과ms:57
17:10:49  UWB샘플:7554
17:10:49  UWB실패:165
17:10:49  UWB보정:1
17:10:49  UWB보정중:0
17:10:49  UWB보정샘플:100
17:10:49  UWB보정기준:3.000
17:10:49  UWB오프셋:0.234
17:10:49  UWB위험사용:0
17:10:49  UWB전송:7549
17:10:49  위험송신:0
17:10:49  시각ms:1559256
17:10:49  IMU시각ms:1559244
17:10:49  위험:0
17:10:49  원시위험:0
17:10:49  GPS유효:1
17:10:49  위도:37.495941
17:10:49  경도:126.956113
17:10:49  속도:0.01
17:10:49  방향:290.8
17:10:49  이동방향유효:0
17:10:49  GPS이동방향:290.8
17:10:49  차체방향유효:0
17:10:49  차체방향:0.0
17:10:49  후진판정:0
17:10:49  IMU요회전속도:0.00
17:10:49  방향가속도크기:9.75
17:10:49  방향자이로크기:1.14
17:10:49  방향자세cos:1.0000
17:10:49  자기모델잔차:26.79
17:10:49  자기모델반경:0.879
17:10:49  방향채택:0
17:10:49  방향거부:168152
17:10:49  GPS원시속도:0.010
17:10:49  GPS원시방향유효:1
17:10:49  GPS원시방향:290.8
17:10:49  가속도:-0.35,0.45,9.73
17:10:49  자이로:0.0,-0.2,-1.1
17:10:49  자력계:9.150,3.150,21.000
17:10:49  충격값:0.12
17:10:49  충격피크:0.12
17:10:49  마지막충격발생값:0.00
17:10:49  마지막충격발생ms:0
17:10:49  송신:14839
17:10:49  지팡이수신:10064
17:10:49  GPS위성:9
17:10:49  GPS_HDOP:1.15
17:10:49  원시위도:37.495943
17:10:49  원시경도:126.956115
17:10:49  GPS채택:1544
17:10:49  GPS이상치거부:0
17:10:49  GPS품질거부:0
17:10:49  GPS재기준:0
17:10:49  계산거리:-1.00
17:10:49  접근속도:0.00
17:10:49  TTC:999.00
17:10:49  방향오차:0.0
17:10:49  전방여부:0
17:10:49  위험음성횟수:0
17:10:49  충격음성횟수:0
17:10:49  마지막위험음성:0
17:10:49  RSSI원시:-47
17:10:49  RSSI평활:-48.7
17:10:49  RSSI샘플:10064
17:10:49  RSSI경과ms:44
17:10:49  RSSI구간:4
17:10:49  RSSI거리:0.80
17:10:49  상대보정:0
17:10:49  상대보정중:0
17:10:49  보정동쪽:0.00
17:10:49  보정북쪽:0.00
17:10:49  UWB유효:1
17:10:49  UWB원시거리:0.490
17:10:49  UWB보정거리:0.747
17:10:49  UWB접근속도:0.010
17:10:49  UWB_RSSI:nan
17:10:49  UWB경과ms:89
17:10:49  UWB샘플:7554
17:10:49  UWB실패:165
17:10:49  UWB보정:1
17:10:49  UWB보정중:0
17:10:49  UWB보정샘플:100
17:10:49  UWB보정기준:3.000
17:10:49  UWB오프셋:0.234
17:10:49  UWB위험사용:0
17:10:49  UWB전송:7549
17:10:49  위험송신:0
17:10:49  시각ms:1559282
17:10:49  IMU시각ms:1559282
17:10:49  위험:0
17:10:49  원시위험:0
17:10:49  GPS유효:1
17:10:49  위도:37.495941
17:10:49  경도:126.956113
17:10:49  속도:0.01
17:10:49  방향:290.8
17:10:49  이동방향유효:0
17:10:49  GPS이동방향:290.8
17:10:49  차체방향유효:0
17:10:49  차체방향:0.0
17:10:49  후진판정:0
17:10:49  IMU요회전속도:0.00
17:10:49  방향가속도크기:9.68
17:10:49  방향자이로크기:2.21
17:10:49  방향자세cos:0.9999
17:10:49  자기모델잔차:23.93
17:10:49  자기모델반경:0.922
17:10:49  방향채택:0
17:10:49  방향거부:168155
17:10:49  GPS원시속도:0.010
17:10:49  GPS원시방향유효:1
17:10:49  GPS원시방향:290.8
17:10:49  가속도:-0.49,0.35,9.66
17:10:49  자이로:1.0,-1.9,0.3
17:10:49  자력계:9.450,4.200,18.000
17:10:49  충격값:0.07
17:10:49  충격피크:0.13
17:10:49  마지막충격발생값:0.00
17:10:49  마지막충격발생ms:0
17:10:49  송신:14839
17:10:49  지팡이수신:10064
17:10:49  GPS위성:9
17:10:49  GPS_HDOP:1.15
17:10:49  원시위도:37.495943
17:10:49  원시경도:126.956115
17:10:49  GPS채택:1544
17:10:49  GPS이상치거부:0
17:10:49  GPS품질거부:0
17:10:49  GPS재기준:0
17:10:49  계산거리:-1.00
17:10:49  접근속도:0.00
17:10:49  TTC:999.00
17:10:49  방향오차:0.0
17:10:49  전방여부:0
17:10:49  위험음성횟수:0
17:10:49  충격음성횟수:0
17:10:49  마지막위험음성:0
17:10:49  RSSI원시:-47
17:10:49  RSSI평활:-48.7
17:10:49  RSSI샘플:10064
17:10:49  RSSI경과ms:70
17:10:49  RSSI구간:4
17:10:49  RSSI거리:0.80
17:10:49  상대보정:0
17:10:49  상대보정중:0
17:10:49  보정동쪽:0.00
17:10:49  보정북쪽:0.00
17:10:49  UWB유효:1
17:10:49  UWB원시거리:0.490
17:10:49  UWB보정거리:0.747
17:10:49  UWB접근속도:0.010
17:10:49  UWB_RSSI:nan
17:10:49  UWB경과ms:115
17:10:49  UWB샘플:7554
17:10:49  UWB실패:165
17:10:49  UWB보정:1
17:10:49  UWB보정중:0
17:10:49  UWB보정샘플:100
17:10:49  UWB보정기준:3.000
17:10:49  UWB오프셋:0.234
17:10:49  UWB위험사용:0
17:10:49  UWB전송:7549
17:10:49  위험송신:0
17:10:49  시각ms:1559308
17:10:49  IMU시각ms:1559308
17:10:49  위험:0
17:10:49  원시위험:0
17:10:49  GPS유효:1
17:10:49  위도:37.495941
17:10:49  경도:126.956113
17:10:49  속도:0.01
17:10:49  방향:290.8
17:10:49  이동방향유효:0
17:10:49  GPS이동방향:290.8
17:10:49  차체방향유효:0
17:10:49  차체방향:0.0
17:10:49  후진판정:0
17:10:49  IMU요회전속도:0.00
17:10:49  방향가속도크기:9.76
17:10:49  방향자이로크기:2.74
17:10:49  방향자세cos:1.0000
17:10:49  자기모델잔차:25.53
17:10:49  자기모델반경:0.944
17:10:49  방향채택:0
17:10:49  방향거부:168158
17:10:49  GPS원시속도:0.010
17:10:49  GPS원시방향유효:1
17:10:49  GPS원시방향:290.8
17:10:49  가속도:-0.37,0.45,9.74
17:10:49  자이로:0.5,-2.0,-1.8
17:10:49  자력계:9.900,5.100,19.500
17:10:49  충격값:0.12
17:10:49  충격피크:0.18
17:10:49  마지막충격발생값:0.00
17:10:49  마지막충격발생ms:0
17:10:49  송신:14839
17:10:49  지팡이수신:10064
17:10:49  GPS위성:9
17:10:49  GPS_HDOP:1.15
17:10:49  원시위도:37.495943
17:10:49  원시경도:126.956115
17:10:49  GPS채택:1544
17:10:49  GPS이상치거부:0
17:10:49  GPS품질거부:0
17:10:49  GPS재기준:0
17:10:49  계산거리:-1.00
17:10:49  접근속도:0.00
17:10:49  TTC:999.00
17:10:49  방향오차:0.0
17:10:49  전방여부:0
17:10:49  위험음성횟수:0
17:10:49  충격음성횟수:0
17:10:49  마지막위험음성:0
17:10:49  RSSI원시:-47
17:10:49  RSSI평활:-48.7
17:10:49  RSSI샘플:10064
17:10:49  RSSI경과ms:96
17:10:49  RSSI구간:4
17:10:49  RSSI거리:0.80
17:10:49  상대보정:0
17:10:49  상대보정중:0
17:10:49  보정동쪽:0.00
17:10:49  보정북쪽:0.00
17:10:49  UWB유효:1
17:10:49  UWB원시거리:0.490
17:10:49  UWB보정거리:0.747
17:10:49  UWB접근속도:0.010
17:10:49  UWB_RSSI:nan
17:10:49  UWB경과ms:141
17:10:49  UWB샘플:7554
17:10:49  UWB실패:165
17:10:49  UWB보정:1
17:10:49  UWB보정중:0
17:10:49  UWB보정샘플:100
17:10:49  UWB보정기준:3.000
17:10:49  UWB오프셋:0.234
17:10:49  UWB위험사용:0
17:10:49  UWB전송:7549
17:10:49  위험송신:0
17:10:49  시각ms:1559337
17:10:49  IMU시각ms:1559336
17:10:49  위험:0
17:10:49  원시위험:0
17:10:49  GPS유효:1
17:10:49  위도:37.495941
17:10:49  경도:126.956113
17:10:49  속도:0.01
17:10:49  방향:290.8
17:10:49  이동방향유효:0
17:10:49  GPS이동방향:290.8
17:10:49  차체방향유효:0
17:10:49  차체방향:0.0
17:10:49  후진판정:0
17:10:49  IMU요회전속도:0.00
17:10:49  방향가속도크기:9.78
17:10:49  방향자이로크기:3.52
17:10:49  방향자세cos:0.9999
17:10:49  자기모델잔차:26.60
17:10:49  자기모델반경:0.952
17:10:49  방향채택:0
17:10:49  방향거부:168161
17:10:49  GPS원시속도:0.010
17:10:49  GPS원시방향유효:1
17:10:49  GPS원시방향:290.8
17:10:49  가속도:-0.47,0.38,9.76
17:10:49  자이로:2.2,-0.6,-2.7
17:10:49  자력계:8.700,5.400,20.550
17:10:49  충격값:0.09
17:10:49  충격피크:0.09
17:10:49  마지막충격발생값:0.00
17:10:49  마지막충격발생ms:0
17:10:49  송신:14840
17:10:49  지팡이수신:10065
17:10:49  GPS위성:9
17:10:49  GPS_HDOP:1.15
17:10:49  원시위도:37.495943
17:10:49  원시경도:126.956115
17:10:49  GPS채택:1544
17:10:49  GPS이상치거부:0
17:10:49  GPS품질거부:0
17:10:49  GPS재기준:0
17:10:49  계산거리:-1.00
17:10:49  접근속도:0.00
17:10:49  TTC:999.00
17:10:49  방향오차:0.0
17:10:49  전방여부:0
17:10:49  위험음성횟수:0
17:10:49  충격음성횟수:0
17:10:49  마지막위험음성:0
17:10:49  RSSI원시:-47
17:10:49  RSSI평활:-48.3
17:10:49  RSSI샘플:10065
17:10:49  RSSI경과ms:15
17:10:49  RSSI구간:4
17:10:49  RSSI거리:0.80
17:10:49  상대보정:0
17:10:49  상대보정중:0
17:10:49  보정동쪽:0.00
17:10:49  보정북쪽:0.00
17:10:49  UWB유효:1
17:10:49  UWB원시거리:0.490
17:10:49  UWB보정거리:0.747
17:10:49  UWB접근속도:0.010
17:10:49  UWB_RSSI:nan
17:10:49  UWB경과ms:170
17:10:49  UWB샘플:7554
17:10:49  UWB실패:165
17:10:49  UWB보정:1
17:10:49  UWB보정중:0
17:10:49  UWB보정샘플:100
17:10:49  UWB보정기준:3.000
17:10:49  UWB오프셋:0.234
17:10:49  UWB위험사용:0
17:10:49  UWB전송:7549
17:10:49  위험송신:0
17:10:49  시각ms:1559385
17:10:49  IMU시각ms:1559385
17:10:49  위험:0
17:10:49  원시위험:0
17:10:49  GPS유효:1
17:10:49  위도:37.495941
17:10:49  경도:126.956113
17:10:49  속도:0.01
17:10:49  방향:290.8
17:10:49  이동방향유효:0
17:10:49  GPS이동방향:290.8
17:10:49  차체방향유효:0
17:10:49  차체방향:0.0
17:10:49  후진판정:0
17:10:49  IMU요회전속도:0.00
17:10:49  방향가속도크기:9.71
17:10:49  방향자이로크기:2.94
17:10:49  방향자세cos:0.9999
17:10:49  자기모델잔차:25.39
17:10:49  자기모델반경:0.906
17:10:49  방향채택:0
17:10:49  방향거부:168166
17:10:49  GPS원시속도:0.010
17:10:49  GPS원시방향유효:1
17:10:49  GPS원시방향:290.8
17:10:49  가속도:-0.49,0.38,9.69
17:10:49  자이로:2.7,1.0,-0.3
17:10:49  자력계:9.900,3.900,19.500
17:10:49  충격값:0.07
17:10:49  충격피크:0.07
17:10:49  마지막충격발생값:0.00
17:10:49  마지막충격발생ms:0
17:10:49  송신:14840
17:10:49  지팡이수신:10065
17:10:49  GPS위성:9
17:10:49  GPS_HDOP:1.15
17:10:49  원시위도:37.495943
17:10:49  원시경도:126.956115
17:10:49  GPS채택:1544
17:10:49  GPS이상치거부:0
17:10:49  GPS품질거부:0
17:10:49  GPS재기준:0
17:10:49  계산거리:-1.00
17:10:49  접근속도:0.00
17:10:49  TTC:999.00
17:10:49  방향오차:0.0
17:10:49  전방여부:0
17:10:49  위험음성횟수:0
17:10:49  충격음성횟수:0
17:10:49  마지막위험음성:0
17:10:49  RSSI원시:-47
17:10:49  RSSI평활:-48.3
17:10:49  RSSI샘플:10065
17:10:49  RSSI경과ms:63
17:10:49  RSSI구간:4
17:10:49  RSSI거리:0.80
17:10:49  상대보정:0
17:10:49  상대보정중:0
17:10:49  보정동쪽:0.00
17:10:49  보정북쪽:0.00
17:10:49  UWB유효:1
17:10:49  UWB원시거리:0.490
17:10:49  UWB보정거리:0.742
17:10:49  UWB접근속도:0.014
17:10:49  UWB_RSSI:nan
17:10:49  UWB경과ms:26
17:10:49  UWB샘플:7555
17:10:49  UWB실패:165
17:10:49  UWB보정:1
17:10:49  UWB보정중:0
17:10:49  UWB보정샘플:100
17:10:49  UWB보정기준:3.000
17:10:49  UWB오프셋:0.234
17:10:49  UWB위험사용:0
17:10:49  UWB전송:7550
17:10:49  위험송신:0
17:10:49  시각ms:1559440
17:10:49  IMU시각ms:1559439
17:10:49  위험:0
17:10:49  원시위험:0
17:10:49  GPS유효:1
17:10:49  위도:37.495941
17:10:49  경도:126.956113
17:10:49  속도:0.01
17:10:49  방향:290.8
17:10:49  이동방향유효:0
17:10:49  GPS이동방향:290.8
17:10:49  차체방향유효:0
17:10:49  차체방향:0.0
17:10:49  후진판정:0
17:10:49  IMU요회전속도:0.00
17:10:49  방향가속도크기:9.82
17:10:49  방향자이로크기:3.44
17:10:49  방향자세cos:0.9999
17:10:49  자기모델잔차:26.26
17:10:49  자기모델반경:0.945
17:10:49  방향채택:0
17:10:49  방향거부:168172
17:10:49  GPS원시속도:0.010
17:10:49  GPS원시방향유효:1
17:10:49  GPS원시방향:290.8
17:10:49  가속도:-0.34,0.42,9.80
17:10:49  자이로:-0.5,0.9,-3.3
17:10:49  자력계:8.400,5.100,20.250
17:10:49  충격값:0.15
17:10:49  충격피크:0.15
17:10:49  마지막충격발생값:0.00
17:10:49  마지막충격발생ms:0
17:10:49  송신:14841
17:10:49  지팡이수신:10066
17:10:49  GPS위성:9
17:10:49  GPS_HDOP:1.15
17:10:49  원시위도:37.495943
17:10:49  원시경도:126.956115
17:10:49  GPS채택:1544
17:10:49  GPS이상치거부:0
17:10:49  GPS품질거부:0
17:10:49  GPS재기준:0
17:10:49  계산거리:-1.00
17:10:49  접근속도:0.00
17:10:49  TTC:999.00
17:10:49  방향오차:0.0
17:10:49  전방여부:0
17:10:49  위험음성횟수:0
17:10:49  충격음성횟수:0
17:10:49  마지막위험음성:0
17:10:49  RSSI원시:-44
17:10:49  RSSI평활:-47.5
17:10:49  RSSI샘플:10066
17:10:49  RSSI경과ms:36
17:10:49  RSSI구간:4
17:10:49  RSSI거리:0.80
17:10:49  상대보정:0
17:10:49  상대보정중:0
17:10:49  보정동쪽:0.00
17:10:49  보정북쪽:0.00
17:10:49  UWB유효:1
17:10:49  UWB원시거리:0.490
17:10:49  UWB보정거리:0.742
17:10:49  UWB접근속도:0.014
17:10:49  UWB_RSSI:nan
17:10:49  UWB경과ms:81
17:10:49  UWB샘플:7555
17:10:49  UWB실패:165
17:10:49  UWB보정:1
17:10:49  UWB보정중:0
17:10:49  UWB보정샘플:100
17:10:49  UWB보정기준:3.000
17:10:49  UWB오프셋:0.234
17:10:49  UWB위험사용:0
17:10:49  UWB전송:7550
17:10:49  위험송신:0
17:10:49  시각ms:1559460
17:10:49  IMU시각ms:1559460
17:10:49  위험:0
17:10:49  원시위험:0
17:10:49  GPS유효:1
17:10:49  위도:37.495941
17:10:49  경도:126.956113
17:10:49  속도:0.01
17:10:49  방향:290.8
17:10:49  이동방향유효:0
17:10:49  GPS이동방향:290.8
17:10:49  차체방향유효:0
17:10:49  차체방향:0.0
17:10:49  후진판정:0
17:10:49  IMU요회전속도:0.00
17:10:49  방향가속도크기:9.76
17:10:49  방향자이로크기:2.50
17:10:49  방향자세cos:0.9999
17:10:49  자기모델잔차:25.33
17:10:49  자기모델반경:0.973
17:10:49  방향채택:0
17:10:49  방향거부:168174
17:10:49  GPS원시속도:0.010
17:10:49  GPS원시방향유효:1
17:10:49  GPS원시방향:290.8
17:10:49  가속도:-0.46,0.35,9.74
17:10:49  자이로:2.1,-1.4,0.4
17:10:49  자력계:10.050,6.000,19.200
17:10:49  충격값:0.07
17:10:49  충격피크:0.13
17:10:49  마지막충격발생값:0.00
17:10:49  마지막충격발생ms:0
17:10:49  송신:14841
17:10:49  지팡이수신:10066
17:10:49  GPS위성:9
17:10:49  GPS_HDOP:1.15
17:10:49  원시위도:37.495943
17:10:49  원시경도:126.956115
17:10:49  GPS채택:1544
17:10:49  GPS이상치거부:0
17:10:49  GPS품질거부:0
17:10:49  GPS재기준:0
17:10:49  계산거리:-1.00
17:10:49  접근속도:0.00
17:10:49  TTC:999.00
17:10:49  방향오차:0.0
17:10:49  전방여부:0
17:10:49  위험음성횟수:0
17:10:49  충격음성횟수:0
17:10:49  마지막위험음성:0
17:10:49  RSSI원시:-44
17:10:49  RSSI평활:-47.5
17:10:49  RSSI샘플:10066
17:10:49  RSSI경과ms:56
17:10:49  RSSI구간:4
17:10:49  RSSI거리:0.80
17:10:49  상대보정:0
17:10:49  상대보정중:0
17:10:49  보정동쪽:0.00
17:10:49  보정북쪽:0.00
17:10:49  UWB유효:1
17:10:49  UWB원시거리:0.490
17:10:49  UWB보정거리:0.742
17:10:49  UWB접근속도:0.014
17:10:49  UWB_RSSI:nan
17:10:49  UWB경과ms:101
17:10:49  UWB샘플:7555
17:10:49  UWB실패:165
17:10:49  UWB보정:1
17:10:49  UWB보정중:0
17:10:49  UWB보정샘플:100
17:10:49  UWB보정기준:3.000
17:10:49  UWB오프셋:0.234
17:10:49  UWB위험사용:0
17:10:49  UWB전송:7550
17:10:49  위험송신:0
17:10:49  시각ms:1559486
17:10:49  IMU시각ms:1559486
17:10:49  위험:0
17:10:49  원시위험:0
17:10:49  GPS유효:1
17:10:49  위도:37.495941
17:10:49  경도:126.956113
17:10:49  속도:0.01
17:10:49  방향:290.8
17:10:49  이동방향유효:0
17:10:49  GPS이동방향:290.8
17:10:49  차체방향유효:0
17:10:49  차체방향:0.0
17:10:49  후진판정:0
17:10:49  IMU요회전속도:0.00
17:10:49  방향가속도크기:9.82
17:10:49  방향자이로크기:1.34
17:10:49  방향자세cos:0.9999
17:10:49  자기모델잔차:25.18
17:10:49  자기모델반경:0.940
17:10:49  방향채택:0
17:10:49  방향거부:168177
17:10:49  GPS원시속도:0.010
17:10:49  GPS원시방향유효:1
17:10:49  GPS원시방향:290.8
17:10:49  가속도:-0.53,0.43,9.79
17:10:49  자이로:1.2,-0.5,0.3
17:10:49  자력계:8.100,4.800,19.200
17:10:49  충격값:0.16
17:10:49  충격피크:0.19
17:10:49  마지막충격발생값:0.00
17:10:49  마지막충격발생ms:0
17:10:49  송신:14841
17:10:49  지팡이수신:10066
17:10:49  GPS위성:9
17:10:49  GPS_HDOP:1.15
17:10:49  원시위도:37.495943
17:10:49  원시경도:126.956115
17:10:49  GPS채택:1544
17:10:49  GPS이상치거부:0
17:10:49  GPS품질거부:0
17:10:49  GPS재기준:0
17:10:49  계산거리:-1.00
17:10:49  접근속도:0.00
17:10:49  TTC:999.00
17:10:49  방향오차:0.0
17:10:49  전방여부:0
17:10:49  위험음성횟수:0
17:10:49  충격음성횟수:0
17:10:49  마지막위험음성:0
17:10:49  RSSI원시:-44
17:10:49  RSSI평활:-47.5
17:10:49  RSSI샘플:10066
17:10:49  RSSI경과ms:82
17:10:49  RSSI구간:4
17:10:49  RSSI거리:0.80
17:10:49  상대보정:0
17:10:49  상대보정중:0
17:10:49  보정동쪽:0.00
17:10:49  보정북쪽:0.00
17:10:49  UWB유효:1
17:10:49  UWB원시거리:0.490
17:10:49  UWB보정거리:0.742
17:10:49  UWB접근속도:0.014
17:10:49  UWB_RSSI:nan
17:10:49  UWB경과ms:127
17:10:49  UWB샘플:7555
17:10:49  UWB실패:165
17:10:49  UWB보정:1
17:10:49  UWB보정중:0
17:10:49  UWB보정샘플:100
17:10:49  UWB보정기준:3.000
17:10:49  UWB오프셋:0.234
17:10:49  UWB위험사용:0
17:10:49  UWB전송:7550
17:10:49  위험송신:0
17:10:49  시각ms:1559512
17:10:49  IMU시각ms:1559512
17:10:49  위험:0
17:10:49  원시위험:0
17:10:49  GPS유효:1
17:10:49  위도:37.495941
17:10:49  경도:126.956113
17:10:49  속도:0.01
17:10:49  방향:290.8
17:10:49  이동방향유효:0
17:10:49  GPS이동방향:290.8
17:10:49  차체방향유효:0
17:10:49  차체방향:0.0
17:10:49  후진판정:0
17:10:49  IMU요회전속도:0.00
17:10:49  방향가속도크기:9.63
17:10:49  방향자이로크기:4.93
17:10:49  방향자세cos:1.0000
17:10:49  자기모델잔차:27.14
17:10:49  자기모델반경:0.981
17:10:49  방향채택:0
17:10:49  방향거부:168180
17:10:49  GPS원시속도:0.010
17:10:49  GPS원시방향유효:1
17:10:49  GPS원시방향:290.8
17:10:49  가속도:-0.40,0.39,9.61
17:10:49  자이로:-0.1,-2.6,4.2
17:10:49  자력계:7.950,6.300,21.000
17:10:49  충격값:0.09
17:10:49  충격피크:0.09
17:10:49  마지막충격발생값:0.00
17:10:49  마지막충격발생ms:0
17:10:49  송신:14841
17:10:49  지팡이수신:10066
17:10:49  GPS위성:9
17:10:49  GPS_HDOP:1.15
17:10:49  원시위도:37.495943
17:10:49  원시경도:126.956115
17:10:49  GPS채택:1544
17:10:49  GPS이상치거부:0
17:10:49  GPS품질거부:0
17:10:49  GPS재기준:0
17:10:49  계산거리:-1.00
17:10:49  접근속도:0.00
17:10:49  TTC:999.00
17:10:49  방향오차:0.0
17:10:49  전방여부:0
17:10:49  위험음성횟수:0
17:10:49  충격음성횟수:0
17:10:49  마지막위험음성:0
17:10:49  RSSI원시:-44
17:10:49  RSSI평활:-47.5
17:10:49  RSSI샘플:10066
17:10:49  RSSI경과ms:108
17:10:49  RSSI구간:4
17:10:49  RSSI거리:0.80
17:10:49  상대보정:0
17:10:49  상대보정중:0
17:10:49  보정동쪽:0.00
17:10:49  보정북쪽:0.00
17:10:49  UWB유효:1
17:10:49  UWB원시거리:0.490
17:10:49  UWB보정거리:0.742
17:10:49  UWB접근속도:0.014
17:10:49  UWB_RSSI:nan
17:10:49  UWB경과ms:153
17:10:49  UWB샘플:7555
17:10:49  UWB실패:165
17:10:49  UWB보정:1
17:10:49  UWB보정중:0
17:10:49  UWB보정샘플:100
17:10:49  UWB보정기준:3.000
17:10:49  UWB오프셋:0.234
17:10:49  UWB위험사용:0
17:10:49  UWB전송:7550
17:10:49  위험송신:0
17:10:49  시각ms:1559538
17:10:49  IMU시각ms:1559538
17:10:49  위험:0
17:10:49  원시위험:0
17:10:49  GPS유효:1
17:10:49  위도:37.495941
17:10:49  경도:126.956113
17:10:49  속도:0.01
17:10:49  방향:290.8
17:10:49  이동방향유효:0
17:10:49  GPS이동방향:290.8
17:10:49  차체방향유효:0
17:10:49  차체방향:0.0
17:10:49  후진판정:0
17:10:49  IMU요회전속도:0.00
17:10:49  방향가속도크기:9.71
17:10:49  방향자이로크기:4.31
17:10:49  방향자세cos:0.9999
17:10:49  자기모델잔차:26.48
17:10:49  자기모델반경:0.965
17:10:49  방향채택:0
17:10:49  방향거부:168183
17:10:49  GPS원시속도:0.010
17:10:49  GPS원시방향유효:1
17:10:49  GPS원시방향:290.8
17:10:49  가속도:-0.34,0.38,9.70
17:10:49  자이로:-0.6,2.8,-3.2
17:10:49  자력계:7.800,5.700,20.400
17:10:49  충격값:0.08
17:10:49  충격피크:0.12
17:10:49  마지막충격발생값:0.00
17:10:49  마지막충격발생ms:0
17:10:49  송신:14841
17:10:49  지팡이수신:10066
17:10:49  GPS위성:9
17:10:49  GPS_HDOP:1.15
17:10:49  원시위도:37.495943
17:10:49  원시경도:126.956115
17:10:49  GPS채택:1544
17:10:49  GPS이상치거부:0
17:10:49  GPS품질거부:0
17:10:49  GPS재기준:0
17:10:49  계산거리:-1.00
17:10:49  접근속도:0.00
17:10:49  TTC:999.00
17:10:49  방향오차:0.0
17:10:49  전방여부:0
17:10:49  위험음성횟수:0
17:10:49  충격음성횟수:0
17:10:49  마지막위험음성:0
17:10:49  RSSI원시:-44
17:10:49  RSSI평활:-47.5
17:10:49  RSSI샘플:10066
17:10:49  RSSI경과ms:134
17:10:49  RSSI구간:4
17:10:49  RSSI거리:0.80
17:10:49  상대보정:0
17:10:49  상대보정중:0
17:10:49  보정동쪽:0.00
17:10:49  보정북쪽:0.00
17:10:49  UWB유효:1
17:10:49  UWB원시거리:0.490
17:10:49  UWB보정거리:0.742
17:10:49  UWB접근속도:0.014
17:10:49  UWB_RSSI:nan
17:10:49  UWB경과ms:179
17:10:49  UWB샘플:7555
17:10:49  UWB실패:165
17:10:49  UWB보정:1
17:10:49  UWB보정중:0
17:10:49  UWB보정샘플:100
17:10:49  UWB보정기준:3.000
17:10:49  UWB오프셋:0.234
17:10:49  UWB위험사용:0
17:10:49  UWB전송:7550
17:10:49  위험송신:0
17:10:49  시각ms:1559562
17:10:49  IMU시각ms:1559557
17:10:49  위험:0
17:10:49  원시위험:0
17:10:49  GPS유효:1
17:10:49  위도:37.495941
17:10:49  경도:126.956113
17:10:49  속도:0.01
17:10:49  방향:290.8
17:10:49  이동방향유효:0
17:10:49  GPS이동방향:290.8
17:10:49  차체방향유효:0
17:10:49  차체방향:0.0
17:10:49  후진판정:0
17:10:49  IMU요회전속도:0.00
17:10:49  방향가속도크기:9.68
17:10:49  방향자이로크기:4.30
17:10:49  방향자세cos:0.9995
17:10:49  자기모델잔차:24.81
17:10:49  자기모델반경:0.960
17:10:49  방향채택:0
17:10:49  방향거부:168185
17:10:49  GPS원시속도:0.010
17:10:49  GPS원시방향유효:1
17:10:49  GPS원시방향:290.8
17:10:49  가속도:-0.48,0.17,9.67
17:10:49  자이로:3.7,-2.0,-0.7
17:10:49  자력계:8.400,5.400,18.750
17:10:49  충격값:0.20
17:10:49  충격피크:0.20
17:10:49  마지막충격발생값:0.00
17:10:49  마지막충격발생ms:0
17:10:49  송신:14842
17:10:49  지팡이수신:10067
17:10:49  GPS위성:9
17:10:49  GPS_HDOP:1.15
17:10:49  원시위도:37.495943
17:10:49  원시경도:126.956115
17:10:49  GPS채택:1544
17:10:49  GPS이상치거부:0
17:10:49  GPS품질거부:0
17:10:49  GPS재기준:0
17:10:49  계산거리:-1.00
17:10:49  접근속도:0.00
17:10:49  TTC:999.00
17:10:49  방향오차:0.0
17:10:49  전방여부:0
17:10:49  위험음성횟수:0
17:10:49  충격음성횟수:0
17:10:49  마지막위험음성:0
17:10:49  RSSI원시:-46
17:10:49  RSSI평활:-47.2
17:10:49  RSSI샘플:10067
17:10:49  RSSI경과ms:9
17:10:49  RSSI구간:4
17:10:49  RSSI거리:0.80
17:10:49  상대보정:0
17:10:49  상대보정중:0
17:10:49  보정동쪽:0.00
17:10:49  보정북쪽:0.00
17:10:49  UWB유효:1
17:10:49  UWB원시거리:0.500
17:10:49  UWB보정거리:0.740
17:10:49  UWB접근속도:0.014
17:10:49  UWB_RSSI:nan
17:10:49  UWB경과ms:1
17:10:49  UWB샘플:7556
17:10:49  UWB실패:165
17:10:49  UWB보정:1
17:10:49  UWB보정중:0
17:10:49  UWB보정샘플:100
17:10:49  UWB보정기준:3.000
17:10:49  UWB오프셋:0.234
17:10:49  UWB위험사용:0
17:10:49  UWB전송:7551
17:10:49  위험송신:0
17:10:49  시각ms:1559588
17:10:49  IMU시각ms:1559588
17:10:49  위험:0
17:10:49  원시위험:0
17:10:49  GPS유효:1
17:10:49  위도:37.495941
17:10:49  경도:126.956113
17:10:49  속도:0.01
17:10:49  방향:290.8
17:10:49  이동방향유효:0
17:10:49  GPS이동방향:290.8
17:10:49  차체방향유효:0
17:10:49  차체방향:0.0
17:10:49  후진판정:0
17:10:49  IMU요회전속도:0.00
17:10:49  방향가속도크기:9.75
17:10:49  방향자이로크기:1.60
17:10:49  방향자세cos:0.9997
17:10:49  자기모델잔차:25.49
17:10:49  자기모델반경:0.904
17:10:49  방향채택:0
17:10:49  방향거부:168188
17:10:49  GPS원시속도:0.010
17:10:49  GPS원시방향유효:1
17:10:49  GPS원시방향:290.8
17:10:49  가속도:-0.52,0.28,9.73
17:10:49  자이로:0.6,-0.9,-1.2
17:10:49  자력계:7.350,3.600,19.650
17:10:49  충격값:0.13
17:10:49  충격피크:0.13
17:10:49  마지막충격발생값:0.00
17:10:49  마지막충격발생ms:0
17:10:49  송신:14842
17:10:49  지팡이수신:10067
17:10:49  GPS위성:9
17:10:49  GPS_HDOP:1.15
17:10:49  원시위도:37.495943
17:10:49  원시경도:126.956115
17:10:49  GPS채택:1544
17:10:49  GPS이상치거부:0
17:10:49  GPS품질거부:0
17:10:49  GPS재기준:0
17:10:49  계산거리:-1.00
17:10:49  접근속도:0.00
17:10:49  TTC:999.00
17:10:49  방향오차:0.0
17:10:49  전방여부:0
17:10:49  위험음성횟수:0
17:10:49  충격음성횟수:0
17:10:49  마지막위험음성:0
17:10:49  RSSI원시:-46
17:10:49  RSSI평활:-47.2
17:10:49  RSSI샘플:10067
17:10:49  RSSI경과ms:35
17:10:49  RSSI구간:4
17:10:49  RSSI거리:0.80
17:10:49  상대보정:0
17:10:49  상대보정중:0
17:10:49  보정동쪽:0.00
17:10:49  보정북쪽:0.00
17:10:49  UWB유효:1
17:10:49  UWB원시거리:0.500
17:10:49  UWB보정거리:0.740
17:10:49  UWB접근속도:0.014
17:10:49  UWB_RSSI:nan
17:10:49  UWB경과ms:27
17:10:49  UWB샘플:7556
17:10:49  UWB실패:165
17:10:49  UWB보정:1
17:10:49  UWB보정중:0
17:10:49  UWB보정샘플:100
17:10:49  UWB보정기준:3.000
17:10:49  UWB오프셋:0.234
17:10:49  UWB위험사용:0
17:10:49  UWB전송:7551
17:10:49  위험송신:0
17:10:49  시각ms:1559614
17:10:49  IMU시각ms:1559614
17:10:49  위험:0
17:10:49  원시위험:0
17:10:49  GPS유효:1
17:10:49  위도:37.495941
17:10:49  경도:126.956113
17:10:49  속도:0.01
17:10:49  방향:290.8
17:10:49  이동방향유효:0
17:10:49  GPS이동방향:290.8
17:10:49  차체방향유효:0
17:10:49  차체방향:0.0
17:10:49  후진판정:0
17:10:49  IMU요회전속도:0.00
17:10:49  방향가속도크기:9.57
17:10:49  방향자이로크기:4.77
17:10:49  방향자세cos:0.9999
17:10:49  자기모델잔차:26.38
17:10:49  자기모델반경:0.933
17:10:49  방향채택:0
17:10:49  방향거부:168191
17:10:49  GPS원시속도:0.010
17:10:49  GPS원시방향유효:1
17:10:49  GPS원시방향:290.8
17:10:49  가속도:-0.38,0.34,9.56
17:10:49  자이로:-2.5,0.0,-4.1
17:10:49  자력계:9.300,4.800,20.400
17:10:49  충격값:0.15
17:10:49  충격피크:0.15
17:10:49  마지막충격발생값:0.00
17:10:49  마지막충격발생ms:0
17:10:49  송신:14842
17:10:49  지팡이수신:10067
17:10:49  GPS위성:9
17:10:49  GPS_HDOP:1.15
17:10:49  원시위도:37.495943
17:10:49  원시경도:126.956115
17:10:49  GPS채택:1544
17:10:49  GPS이상치거부:0
17:10:49  GPS품질거부:0
17:10:49  GPS재기준:0
17:10:49  계산거리:-1.00
17:10:49  접근속도:0.00
17:10:49  TTC:999.00
17:10:49  방향오차:0.0
17:10:49  전방여부:0
17:10:49  위험음성횟수:0
17:10:49  충격음성횟수:0
17:10:49  마지막위험음성:0
17:10:49  RSSI원시:-46
17:10:49  RSSI평활:-47.2
17:10:49  RSSI샘플:10067
17:10:49  RSSI경과ms:61
17:10:49  RSSI구간:4
17:10:49  RSSI거리:0.80
17:10:49  상대보정:0
17:10:49  상대보정중:0
17:10:49  보정동쪽:0.00
17:10:49  보정북쪽:0.00
17:10:49  UWB유효:1
17:10:49  UWB원시거리:0.500
17:10:49  UWB보정거리:0.740
17:10:49  UWB접근속도:0.014
17:10:49  UWB_RSSI:nan
17:10:49  UWB경과ms:53
17:10:49  UWB샘플:7556
17:10:49  UWB실패:165
17:10:49  UWB보정:1
17:10:49  UWB보정중:0
17:10:49  UWB보정샘플:100
17:10:49  UWB보정기준:3.000
17:10:49  UWB오프셋:0.234
17:10:49  UWB위험사용:0
17:10:49  UWB전송:7551
17:10:49  위험송신:0
17:10:49  시각ms:1559640
17:10:49  IMU시각ms:1559640
17:10:49  위험:0
17:10:49  원시위험:0
17:10:49  GPS유효:1
17:10:49  위도:37.495941
17:10:49  경도:126.956113
17:10:49  속도:0.01
17:10:49  방향:290.8
17:10:49  이동방향유효:0
17:10:49  GPS이동방향:290.8
17:10:49  차체방향유효:0
17:10:49  차체방향:0.0
17:10:49  후진판정:0
17:10:49  IMU요회전속도:0.00
17:10:49  방향가속도크기:9.71
17:10:49  방향자이로크기:1.26
17:10:49  방향자세cos:1.0000
17:10:49  자기모델잔차:26.34
17:10:49  자기모델반경:0.972
17:10:49  방향채택:0
17:10:49  방향거부:168194
17:10:49  GPS원시속도:0.010
17:10:49  GPS원시방향유효:1
17:10:49  GPS원시방향:290.8
17:10:49  가속도:-0.46,0.45,9.69
17:10:49  자이로:0.2,1.2,0.4
17:10:49  자력계:7.500,5.850,20.250
17:10:49  충격값:0.10
17:10:49  충격피크:0.10
17:10:49  마지막충격발생값:0.00
17:10:49  마지막충격발생ms:0
17:10:49  송신:14842
17:10:49  지팡이수신:10067
17:10:49  GPS위성:9
17:10:49  GPS_HDOP:1.15
17:10:49  원시위도:37.495943
17:10:49  원시경도:126.956115
17:10:49  GPS채택:1544
17:10:49  GPS이상치거부:0
17:10:49  GPS품질거부:0
17:10:49  GPS재기준:0
17:10:49  계산거리:-1.00
17:10:49  접근속도:0.00
17:10:49  TTC:999.00
17:10:49  방향오차:0.0
17:10:49  전방여부:0
17:10:49  위험음성횟수:0
17:10:49  충격음성횟수:0
17:10:49  마지막위험음성:0
17:10:49  RSSI원시:-46
17:10:49  RSSI평활:-47.2
17:10:49  RSSI샘플:10067
17:10:49  RSSI경과ms:87
17:10:49  RSSI구간:4
17:10:49  RSSI거리:0.80
17:10:49  상대보정:0
17:10:49  상대보정중:0
17:10:49  보정동쪽:0.00
17:10:49  보정북쪽:0.00
17:10:49  UWB유효:1
17:10:49  UWB원시거리:0.500
17:10:49  UWB보정거리:0.740
17:10:49  UWB접근속도:0.014
17:10:49  UWB_RSSI:nan
17:10:49  UWB경과ms:79
17:10:49  UWB샘플:7556
17:10:49  UWB실패:165
17:10:49  UWB보정:1
17:10:49  UWB보정중:0
17:10:49  UWB보정샘플:100
17:10:49  UWB보정기준:3.000
17:10:49  UWB오프셋:0.234
17:10:49  UWB위험사용:0
17:10:49  UWB전송:7551
17:10:49  위험송신:0
17:10:49  시각ms:1559671
17:10:49  IMU시각ms:1559659
17:10:49  위험:0
17:10:49  원시위험:0
17:10:49  GPS유효:1
17:10:49  위도:37.495941
17:10:49  경도:126.956113
17:10:49  속도:0.01
17:10:49  방향:290.8
17:10:49  이동방향유효:0
17:10:49  GPS이동방향:290.8
17:10:49  차체방향유효:0
17:10:49  차체방향:0.0
17:10:49  후진판정:0
17:10:49  IMU요회전속도:0.00
17:10:49  방향가속도크기:9.64
17:10:49  방향자이로크기:3.98
17:10:49  방향자세cos:0.9998
17:10:49  자기모델잔차:25.61
17:10:49  자기모델반경:0.969
17:10:49  방향채택:0
17:10:49  방향거부:168196
17:10:49  GPS원시속도:0.010
17:10:49  GPS원시방향유효:1
17:10:49  GPS원시방향:290.8
17:10:49  가속도:-0.35,0.29,9.63
17:10:49  자이로:-0.2,3.4,-2.0
17:10:49  자력계:9.450,5.850,19.500
17:10:49  충격값:0.11
17:10:49  충격피크:0.15
17:10:49  마지막충격발생값:0.00
17:10:49  마지막충격발생ms:0
17:10:49  송신:14843
17:10:49  지팡이수신:10068
17:10:49  GPS위성:9
17:10:49  GPS_HDOP:1.15
17:10:49  원시위도:37.495943
17:10:49  원시경도:126.956115
17:10:49  GPS채택:1544
17:10:49  GPS이상치거부:0
17:10:49  GPS품질거부:0
17:10:49  GPS재기준:0
17:10:49  계산거리:-1.00
17:10:49  접근속도:0.00
17:10:49  TTC:999.00
17:10:49  방향오차:0.0
17:10:49  전방여부:0
17:10:49  위험음성횟수:0
17:10:49  충격음성횟수:0
17:10:49  마지막위험음성:0
17:10:49  RSSI원시:-48
17:10:49  RSSI평활:-47.3
17:10:49  RSSI샘플:10068
17:10:49  RSSI경과ms:17
17:10:49  RSSI구간:4
17:10:49  RSSI거리:0.80
17:10:49  상대보정:0
17:10:49  상대보정중:0
17:10:49  보정동쪽:0.00
17:10:49  보정북쪽:0.00
17:10:49  UWB유효:1
17:10:49  UWB원시거리:0.500
17:10:49  UWB보정거리:0.740
17:10:49  UWB접근속도:0.014
17:10:49  UWB_RSSI:nan
17:10:49  UWB경과ms:110
17:10:49  UWB샘플:7556
17:10:49  UWB실패:165
17:10:49  UWB보정:1
17:10:49  UWB보정중:0
17:10:49  UWB보정샘플:100
17:10:49  UWB보정기준:3.000
17:10:49  UWB오프셋:0.234
17:10:49  UWB위험사용:0
17:10:49  UWB전송:7551
17:10:49  위험송신:0
17:10:49  시각ms:1559699
17:10:49  IMU시각ms:1559699
17:10:49  위험:0
17:10:49  원시위험:0
17:10:49  GPS유효:1
17:10:49  위도:37.495942
17:10:49  경도:126.956113
17:10:49  속도:0.02
17:10:49  방향:290.8
17:10:49  이동방향유효:0
17:10:49  GPS이동방향:290.8
17:10:49  차체방향유효:0
17:10:49  차체방향:0.0
17:10:49  후진판정:0
17:10:49  IMU요회전속도:0.00
17:10:49  방향가속도크기:9.69
17:10:49  방향자이로크기:1.50
17:10:49  방향자세cos:0.9998
17:10:49  자기모델잔차:26.03
17:10:49  자기모델반경:0.967
17:10:49  방향채택:0
17:10:49  방향거부:168199
17:10:49  GPS원시속도:0.031
17:10:49  GPS원시방향유효:1
17:10:49  GPS원시방향:290.8
17:10:49  가속도:-0.47,0.31,9.68
17:10:49  자이로:1.2,-0.1,0.9
17:10:49  자력계:7.800,5.700,19.950
17:10:49  충격값:0.07
17:10:49  충격피크:0.07
17:10:49  마지막충격발생값:0.00
17:10:49  마지막충격발생ms:0
17:10:49  송신:14843
17:10:49  지팡이수신:10068
17:10:49  GPS위성:9
17:10:49  GPS_HDOP:1.15
17:10:49  원시위도:37.495945
17:10:49  원시경도:126.956114
17:10:49  GPS채택:1545
17:10:49  GPS이상치거부:0
17:10:49  GPS품질거부:0
17:10:49  GPS재기준:0
17:10:49  계산거리:-1.00
17:10:49  접근속도:0.00
17:10:49  TTC:999.00
17:10:49  방향오차:0.0
17:10:49  전방여부:0
17:10:49  위험음성횟수:0
17:10:49  충격음성횟수:0
17:10:49  마지막위험음성:0
17:10:49  RSSI원시:-48
17:10:49  RSSI평활:-47.3
17:10:49  RSSI샘플:10068
17:10:49  RSSI경과ms:45
17:10:49  RSSI구간:4
17:10:49  RSSI거리:0.80
17:10:49  상대보정:0
17:10:49  상대보정중:0
17:10:49  보정동쪽:0.00
17:10:49  보정북쪽:0.00
17:10:49  UWB유효:1
17:10:49  UWB원시거리:0.500
17:10:49  UWB보정거리:0.740
17:10:49  UWB접근속도:0.014
17:10:49  UWB_RSSI:nan
17:10:49  UWB경과ms:138
17:10:49  UWB샘플:7556
17:10:49  UWB실패:165
17:10:49  UWB보정:1
17:10:49  UWB보정중:0
17:10:49  UWB보정샘플:100
17:10:49  UWB보정기준:3.000
17:10:49  UWB오프셋:0.234
17:10:49  UWB위험사용:0
17:10:49  UWB전송:7551
17:10:49  위험송신:0
17:10:49  시각ms:1559719
17:10:49  IMU시각ms:1559718
17:10:49  위험:0
17:10:49  원시위험:0
17:10:49  GPS유효:1
17:10:49  위도:37.495942
17:10:49  경도:126.956113
17:10:49  속도:0.02
17:10:49  방향:290.8
17:10:49  이동방향유효:0
17:10:49  GPS이동방향:290.8
17:10:49  차체방향유효:0
17:10:49  차체방향:0.0
17:10:49  후진판정:0
17:10:49  IMU요회전속도:0.00
17:10:49  방향가속도크기:9.63
17:10:49  방향자이로크기:2.06
17:10:49  방향자세cos:0.9999
17:10:49  자기모델잔차:25.68
17:10:49  자기모델반경:0.951
17:10:49  방향채택:0
17:10:49  방향거부:168201
17:10:49  GPS원시속도:0.031
17:10:49  GPS원시방향유효:1
17:10:49  GPS원시방향:290.8
17:10:49  가속도:-0.40,0.36,9.62
17:10:49  자이로:-0.9,0.5,-1.8
17:10:49  자력계:8.550,5.250,19.650
17:10:49  충격값:0.08
17:10:49  충격피크:0.13
17:10:49  마지막충격발생값:0.00
17:10:49  마지막충격발생ms:0
17:10:49  송신:14843
17:10:49  지팡이수신:10069
17:10:49  GPS위성:9
17:10:49  GPS_HDOP:1.15
17:10:49  원시위도:37.495945
17:10:49  원시경도:126.956114
17:10:49  GPS채택:1545
17:10:49  GPS이상치거부:0
17:10:49  GPS품질거부:0
17:10:49  GPS재기준:0
17:10:49  계산거리:-1.00
17:10:49  접근속도:0.00
17:10:49  TTC:999.00
17:10:49  방향오차:0.0
17:10:49  전방여부:0
17:10:49  위험음성횟수:0
17:10:49  충격음성횟수:0
17:10:49  마지막위험음성:0
17:10:49  RSSI원시:-49
17:10:49  RSSI평활:-47.7
17:10:49  RSSI샘플:10069
17:10:49  RSSI경과ms:3
17:10:49  RSSI구간:4
17:10:49  RSSI거리:0.80
17:10:49  상대보정:0
17:10:49  상대보정중:0
17:10:49  보정동쪽:0.00
17:10:49  보정북쪽:0.00
17:10:49  UWB유효:1
17:10:49  UWB원시거리:0.500
17:10:49  UWB보정거리:0.740
17:10:49  UWB접근속도:0.014
17:10:49  UWB_RSSI:nan
17:10:49  UWB경과ms:158
17:10:49  UWB샘플:7556
17:10:49  UWB실패:165
17:10:49  UWB보정:1
17:10:49  UWB보정중:0
17:10:49  UWB보정샘플:100
17:10:49  UWB보정기준:3.000
17:10:49  UWB오프셋:0.234
17:10:49  UWB위험사용:0
17:10:49  UWB전송:7551
17:10:49  위험송신:0
17:10:49  시각ms:1559746
17:10:49  IMU시각ms:1559745
17:10:49  위험:0
17:10:49  원시위험:0
17:10:49  GPS유효:1
17:10:49  위도:37.495942
17:10:49  경도:126.956113
17:10:49  속도:0.02
17:10:49  방향:290.8
17:10:49  이동방향유효:0
17:10:49  GPS이동방향:290.8
17:10:49  차체방향유효:0
17:10:49  차체방향:0.0
17:10:49  후진판정:0
17:10:49  IMU요회전속도:0.00
17:10:49  방향가속도크기:9.70
17:10:49  방향자이로크기:1.65
17:10:49  방향자세cos:0.9998
17:10:49  자기모델잔차:27.26
17:10:49  자기모델반경:0.924
17:10:49  방향채택:0
17:10:49  방향거부:168204
17:10:49  GPS원시속도:0.031
17:10:49  GPS원시방향유효:1
17:10:49  GPS원시방향:290.8
17:10:49  가속도:-0.29,0.34,9.69
17:10:49  자이로:0.1,1.6,-0.1
17:10:49  자력계:9.450,4.650,21.300
17:10:49  충격값:0.13
17:10:49  충격피크:0.18
17:10:49  마지막충격발생값:0.00
17:10:49  마지막충격발생ms:0
17:10:49  송신:14843
17:10:49  지팡이수신:10069
17:10:49  GPS위성:9
17:10:49  GPS_HDOP:1.15
17:10:49  원시위도:37.495945
17:10:49  원시경도:126.956114
17:10:49  GPS채택:1545
17:10:49  GPS이상치거부:0
17:10:49  GPS품질거부:0
17:10:49  GPS재기준:0
17:10:49  계산거리:-1.00
17:10:49  접근속도:0.00
17:10:49  TTC:999.00
17:10:49  방향오차:0.0
17:10:49  전방여부:0
17:10:49  위험음성횟수:0
17:10:49  충격음성횟수:0
17:10:49  마지막위험음성:0
17:10:49  RSSI원시:-49
17:10:49  RSSI평활:-47.7
17:10:49  RSSI샘플:10069
17:10:49  RSSI경과ms:30
17:10:49  RSSI구간:4
17:10:49  RSSI거리:0.80
17:10:49  상대보정:0
17:10:49  상대보정중:0
17:10:49  보정동쪽:0.00
17:10:49  보정북쪽:0.00
17:10:49  UWB유효:1
17:10:49  UWB원시거리:0.500
17:10:49  UWB보정거리:0.740
17:10:49  UWB접근속도:0.014
17:10:49  UWB_RSSI:nan
17:10:49  UWB경과ms:185
17:10:49  UWB샘플:7556
17:10:49  UWB실패:165
17:10:49  UWB보정:1
17:10:49  UWB보정중:0
17:10:49  UWB보정샘플:100
17:10:49  UWB보정기준:3.000
17:10:49  UWB오프셋:0.234
17:10:49  UWB위험사용:0
17:10:49  UWB전송:7551
17:10:49  위험송신:0
17:10:49  시각ms:1559769
17:10:49  IMU시각ms:1559769
17:10:49  위험:0
17:10:49  원시위험:0
17:10:49  GPS유효:1
17:10:49  위도:37.495942
17:10:49  경도:126.956113
17:10:49  속도:0.02
17:10:49  방향:290.8
17:10:49  이동방향유효:0
17:10:49  GPS이동방향:290.8
17:10:49  차체방향유효:0
17:10:49  차체방향:0.0
17:10:49  후진판정:0
17:10:49  IMU요회전속도:0.00
17:10:49  방향가속도크기:9.73
17:10:49  방향자이로크기:0.72
17:10:49  방향자세cos:0.9999
17:10:49  자기모델잔차:27.00
17:10:49  자기모델반경:0.944
17:10:49  방향채택:0
17:10:49  방향거부:168206
17:10:49  GPS원시속도:0.031
17:10:49  GPS원시방향유효:1
17:10:49  GPS원시방향:290.8
17:10:49  가속도:-0.43,0.33,9.72
17:10:49  자이로:0.4,0.4,0.5
17:10:49  자력계:7.950,5.100,21.000
17:10:49  충격값:0.03
17:10:49  충격피크:0.04
17:10:49  마지막충격발생값:0.00
17:10:49  마지막충격발생ms:0
17:10:49  송신:14844
17:10:49  지팡이수신:10069
17:10:49  GPS위성:9
17:10:49  GPS_HDOP:1.15
17:10:49  원시위도:37.495945
17:10:49  원시경도:126.956114
17:10:49  GPS채택:1545
17:10:49  GPS이상치거부:0
17:10:49  GPS품질거부:0
17:10:49  GPS재기준:0
17:10:49  계산거리:-1.00
17:10:49  접근속도:0.00
17:10:49  TTC:999.00
17:10:49  방향오차:0.0
17:10:49  전방여부:0
17:10:49  위험음성횟수:0
17:10:49  충격음성횟수:0
17:10:49  마지막위험음성:0
17:10:49  RSSI원시:-49
17:10:49  RSSI평활:-47.7
17:10:49  RSSI샘플:10069
17:10:49  RSSI경과ms:53
17:10:49  RSSI구간:4
17:10:49  RSSI거리:0.80
17:10:49  상대보정:0
17:10:49  상대보정중:0
17:10:49  보정동쪽:0.00
17:10:49  보정북쪽:0.00
17:10:49  UWB유효:1
17:10:49  UWB원시거리:0.590
17:10:49  UWB보정거리:0.738
17:10:49  UWB접근속도:0.012
17:10:49  UWB_RSSI:nan
17:10:49  UWB경과ms:10
17:10:49  UWB샘플:7557
17:10:49  UWB실패:165
17:10:49  UWB보정:1
17:10:49  UWB보정중:0
17:10:49  UWB보정샘플:100
17:10:49  UWB보정기준:3.000
17:10:49  UWB오프셋:0.234
17:10:49  UWB위험사용:0
17:10:49  UWB전송:7552
17:10:49  위험송신:0
17:10:49  시각ms:1559790
17:10:49  IMU시각ms:1559790
17:10:49  위험:0
17:10:49  원시위험:0
17:10:49  GPS유효:1
17:10:49  위도:37.495942
17:10:49  경도:126.956113
17:10:49  속도:0.02
17:10:49  방향:290.8
17:10:49  이동방향유효:0
17:10:49  GPS이동방향:290.8
17:10:49  차체방향유효:0
17:10:49  차체방향:0.0
17:10:49  후진판정:0
17:10:49  IMU요회전속도:0.00
17:10:49  방향가속도크기:9.72
17:10:49  방향자이로크기:1.44
17:10:49  방향자세cos:0.9999
17:10:49  자기모델잔차:26.95
17:10:49  자기모델반경:0.928
17:10:49  방향채택:0
17:10:49  방향거부:168208
17:10:49  GPS원시속도:0.031
17:10:49  GPS원시방향유효:1
17:10:49  GPS원시방향:290.8
17:10:49  가속도:-0.45,0.33,9.70
17:10:49  자이로:1.4,-0.4,0.3
17:10:49  자력계:8.400,4.650,21.000
17:10:49  충격값:0.04
17:10:49  충격피크:0.06
17:10:49  마지막충격발생값:0.00
17:10:49  마지막충격발생ms:0
17:10:49  송신:14844
17:10:49  지팡이수신:10069
17:10:49  GPS위성:9
17:10:49  GPS_HDOP:1.15
17:10:49  원시위도:37.495945
17:10:49  원시경도:126.956114
17:10:49  GPS채택:1545
17:10:49  GPS이상치거부:0
17:10:49  GPS품질거부:0
17:10:49  GPS재기준:0
17:10:49  계산거리:-1.00
17:10:49  접근속도:0.00
17:10:49  TTC:999.00
17:10:49  방향오차:0.0
17:10:49  전방여부:0
17:10:49  위험음성횟수:0
17:10:49  충격음성횟수:0
17:10:49  마지막위험음성:0
17:10:49  RSSI원시:-49
17:10:49  RSSI평활:-47.7
17:10:49  RSSI샘플:10069
17:10:49  RSSI경과ms:74
17:10:49  RSSI구간:4
17:10:49  RSSI거리:0.80
17:10:49  상대보정:0
17:10:49  상대보정중:0
17:10:49  보정동쪽:0.00
17:10:49  보정북쪽:0.00
17:10:49  UWB유효:1
17:10:49  UWB원시거리:0.590
17:10:49  UWB보정거리:0.738
17:10:49  UWB접근속도:0.012
17:10:49  UWB_RSSI:nan
17:10:49  UWB경과ms:31
17:10:49  UWB샘플:7557
17:10:49  UWB실패:165
17:10:49  UWB보정:1
17:10:49  UWB보정중:0
17:10:49  UWB보정샘플:100
17:10:49  UWB보정기준:3.000
17:10:49  UWB오프셋:0.234
17:10:49  UWB위험사용:0
17:10:49  UWB전송:7552
17:10:49  위험송신:0
17:10:49  시각ms:1559817
17:10:49  IMU시각ms:1559817
17:10:49  위험:0
17:10:49  원시위험:0
17:10:49  GPS유효:1
17:10:49  위도:37.495942
17:10:49  경도:126.956113
17:10:49  속도:0.02
17:10:49  방향:290.8
17:10:49  이동방향유효:0
17:10:49  GPS이동방향:290.8
17:10:49  차체방향유효:0
17:10:49  차체방향:0.0
17:10:49  후진판정:0
17:10:49  IMU요회전속도:0.00
17:10:49  방향가속도크기:9.64
17:10:49  방향자이로크기:4.85
17:10:49  방향자세cos:0.9998
17:10:49  자기모델잔차:26.30
17:10:49  자기모델반경:0.907
17:10:49  방향채택:0
17:10:49  방향거부:168211
17:10:49  GPS원시속도:0.031
17:10:49  GPS원시방향유효:1
17:10:49  GPS원시방향:290.8
17:10:49  가속도:-0.38,0.32,9.63
17:10:49  자이로:3.2,-2.7,-2.4
17:10:49  자력계:10.500,4.050,20.400
17:10:49  충격값:0.08
17:10:49  충격피크:0.12
17:10:49  마지막충격발생값:0.00
17:10:49  마지막충격발생ms:0
17:10:49  송신:14844
17:10:49  지팡이수신:10069
17:10:49  GPS위성:9
17:10:49  GPS_HDOP:1.15
17:10:49  원시위도:37.495945
17:10:49  원시경도:126.956114
17:10:49  GPS채택:1545
17:10:49  GPS이상치거부:0
17:10:49  GPS품질거부:0
17:10:49  GPS재기준:0
17:10:49  계산거리:-1.00
17:10:49  접근속도:0.00
17:10:49  TTC:999.00
17:10:49  방향오차:0.0
17:10:49  전방여부:0
17:10:49  위험음성횟수:0
17:10:49  충격음성횟수:0
17:10:49  마지막위험음성:0
17:10:49  RSSI원시:-49
17:10:49  RSSI평활:-47.7
17:10:49  RSSI샘플:10069
17:10:49  RSSI경과ms:101
17:10:49  RSSI구간:4
17:10:49  RSSI거리:0.80
17:10:49  상대보정:0
17:10:49  상대보정중:0
17:10:49  보정동쪽:0.00
17:10:49  보정북쪽:0.00
17:10:49  UWB유효:1
17:10:49  UWB원시거리:0.590
17:10:49  UWB보정거리:0.738
17:10:49  UWB접근속도:0.012
17:10:49  UWB_RSSI:nan
17:10:49  UWB경과ms:58
17:10:49  UWB샘플:7557
17:10:49  UWB실패:165
17:10:49  UWB보정:1
17:10:49  UWB보정중:0
17:10:49  UWB보정샘플:100
17:10:49  UWB보정기준:3.000
17:10:49  UWB오프셋:0.234
17:10:49  UWB위험사용:0
17:10:49  UWB전송:7552
17:10:49  위험송신:0
17:10:49  시각ms:1559845
17:10:49  IMU시각ms:1559844
17:10:49  위험:0
17:10:49  원시위험:0
17:10:49  GPS유효:1
17:10:49  위도:37.495942
17:10:49  경도:126.956113
17:10:49  속도:0.02
17:10:49  방향:290.8
17:10:49  이동방향유효:0
17:10:49  GPS이동방향:290.8
17:10:49  차체방향유효:0
17:10:49  차체방향:0.0
17:10:49  후진판정:0
17:10:49  IMU요회전속도:0.00
17:10:49  방향가속도크기:9.73
17:10:49  방향자이로크기:2.28
17:10:49  방향자세cos:0.9999
17:10:49  자기모델잔차:26.64
17:10:49  자기모델반경:0.923
17:10:49  방향채택:0
17:10:49  방향거부:168214
17:10:49  GPS원시속도:0.031
17:10:49  GPS원시방향유효:1
17:10:49  GPS원시방향:290.8
17:10:49  가속도:-0.52,0.34,9.71
17:10:49  자이로:1.9,-1.2,0.1
17:10:49  자력계:8.850,4.500,20.700
17:10:49  충격값:0.10
17:10:49  충격피크:0.11
17:10:49  마지막충격발생값:0.00
17:10:49  마지막충격발생ms:0
17:10:49  송신:14844
17:10:49  지팡이수신:10070
17:10:49  GPS위성:9
17:10:49  GPS_HDOP:1.15
17:10:49  원시위도:37.495945
17:10:49  원시경도:126.956114
17:10:49  GPS채택:1545
17:10:49  GPS이상치거부:0
17:10:49  GPS품질거부:0
17:10:49  GPS재기준:0
17:10:49  계산거리:-1.00
17:10:49  접근속도:0.00
17:10:49  TTC:999.00
17:10:49  방향오차:0.0
17:10:49  전방여부:0
17:10:49  위험음성횟수:0
17:10:49  충격음성횟수:0
17:10:49  마지막위험음성:0
17:10:49  RSSI원시:-54
17:10:49  RSSI평활:-48.9
17:10:49  RSSI샘플:10070
17:10:49  RSSI경과ms:8
17:10:49  RSSI구간:4
17:10:49  RSSI거리:0.80
17:10:49  상대보정:0
17:10:49  상대보정중:0
17:10:49  보정동쪽:0.00
17:10:49  보정북쪽:0.00
17:10:49  UWB유효:1
17:10:49  UWB원시거리:0.590
17:10:49  UWB보정거리:0.738
17:10:49  UWB접근속도:0.012
17:10:49  UWB_RSSI:nan
17:10:49  UWB경과ms:86
17:10:49  UWB샘플:7557
17:10:49  UWB실패:165
17:10:49  UWB보정:1
17:10:49  UWB보정중:0
17:10:49  UWB보정샘플:100
17:10:49  UWB보정기준:3.000
17:10:49  UWB오프셋:0.234
17:10:49  UWB위험사용:0
17:10:49  UWB전송:7552
17:10:49  위험송신:0
17:10:49  시각ms:1559865
17:10:49  IMU시각ms:1559864
17:10:49  위험:0
17:10:49  원시위험:0
17:10:49  GPS유효:1
17:10:49  위도:37.495942
17:10:49  경도:126.956113
17:10:49  속도:0.02
17:10:49  방향:290.8
17:10:49  이동방향유효:0
17:10:49  GPS이동방향:290.8
17:10:49  차체방향유효:0
17:10:49  차체방향:0.0
17:10:49  후진판정:0
17:10:49  IMU요회전속도:0.00
17:10:49  방향가속도크기:9.72
17:10:49  방향자이로크기:1.47
17:10:49  방향자세cos:0.9999
17:10:49  자기모델잔차:25.37
17:10:49  자기모델반경:0.869
17:10:49  방향채택:0
17:10:49  방향거부:168216
17:10:49  GPS원시속도:0.031
17:10:49  GPS원시방향유효:1
17:10:49  GPS원시방향:290.8
17:10:49  가속도:-0.38,0.33,9.71
17:10:49  자이로:-0.3,-1.1,-1.0
17:10:49  자력계:7.800,2.550,19.650
17:10:49  충격값:0.05
17:10:49  충격피크:0.10
17:10:49  마지막충격발생값:0.00
17:10:49  마지막충격발생ms:0
17:10:49  송신:14845
17:10:49  지팡이수신:10070
17:10:49  GPS위성:9
17:10:49  GPS_HDOP:1.15
17:10:49  원시위도:37.495945
17:10:49  원시경도:126.956114
17:10:49  GPS채택:1545
17:10:49  GPS이상치거부:0
17:10:49  GPS품질거부:0
17:10:49  GPS재기준:0
17:10:49  계산거리:-1.00
17:10:49  접근속도:0.00
17:10:49  TTC:999.00
17:10:49  방향오차:0.0
17:10:49  전방여부:0
17:10:49  위험음성횟수:0
17:10:49  충격음성횟수:0
17:10:49  마지막위험음성:0
17:10:49  RSSI원시:-54
17:10:49  RSSI평활:-48.9
17:10:49  RSSI샘플:10070
17:10:49  RSSI경과ms:28
17:10:49  RSSI구간:4
17:10:49  RSSI거리:0.80
17:10:49  상대보정:0
17:10:49  상대보정중:0
17:10:49  보정동쪽:0.00
17:10:49  보정북쪽:0.00
17:10:49  UWB유효:1
17:10:49  UWB원시거리:0.590
17:10:49  UWB보정거리:0.738
17:10:49  UWB접근속도:0.012
17:10:49  UWB_RSSI:nan
17:10:49  UWB경과ms:106
17:10:49  UWB샘플:7557
17:10:49  UWB실패:165
17:10:49  UWB보정:1
17:10:49  UWB보정중:0
17:10:49  UWB보정샘플:100
17:10:49  UWB보정기준:3.000
17:10:49  UWB오프셋:0.234
17:10:49  UWB위험사용:0
17:10:49  UWB전송:7552
17:10:49  위험송신:0
17:10:49  시각ms:1559885
17:10:49  IMU시각ms:1559884
17:10:49  위험:0
17:10:49  원시위험:0
17:10:49  GPS유효:1
17:10:49  위도:37.495942
17:10:49  경도:126.956113
17:10:49  속도:0.02
17:10:49  방향:290.8
17:10:49  이동방향유효:0
17:10:49  GPS이동방향:290.8
17:10:49  차체방향유효:0
17:10:49  차체방향:0.0
17:10:49  후진판정:0
17:10:49  IMU요회전속도:0.00
17:10:49  방향가속도크기:9.79
17:10:49  방향자이로크기:3.16
17:10:49  방향자세cos:0.9997
17:10:49  자기모델잔차:27.18
17:10:49  자기모델반경:0.945
17:10:49  방향채택:0
17:10:49  방향거부:168218
17:10:49  GPS원시속도:0.031
17:10:49  GPS원시방향유효:1
17:10:49  GPS원시방향:290.8
17:10:49  가속도:-0.64,0.35,9.76
17:10:49  자이로:-0.2,0.3,-3.1
17:10:49  자력계:8.850,5.250,21.150
17:10:49  충격값:0.22
17:10:49  충격피크:0.22
17:10:49  마지막충격발생값:0.00
17:10:49  마지막충격발생ms:0
17:10:49  송신:14845
17:10:49  지팡이수신:10070
17:10:49  GPS위성:9
17:10:49  GPS_HDOP:1.15
17:10:49  원시위도:37.495945
17:10:49  원시경도:126.956114
17:10:49  GPS채택:1545
17:10:49  GPS이상치거부:0
17:10:49  GPS품질거부:0
17:10:49  GPS재기준:0
17:10:49  계산거리:-1.00
17:10:49  접근속도:0.00
17:10:49  TTC:999.00
17:10:49  방향오차:0.0
17:10:49  전방여부:0
17:10:49  위험음성횟수:0
17:10:49  충격음성횟수:0
17:10:49  마지막위험음성:0
17:10:49  RSSI원시:-54
17:10:49  RSSI평활:-48.9
17:10:49  RSSI샘플:10070
17:10:49  RSSI경과ms:48
17:10:49  RSSI구간:4
17:10:49  RSSI거리:0.80
17:10:49  상대보정:0
17:10:49  상대보정중:0
17:10:49  보정동쪽:0.00
17:10:49  보정북쪽:0.00
17:10:49  UWB유효:1
17:10:49  UWB원시거리:0.590
17:10:49  UWB보정거리:0.738
17:10:49  UWB접근속도:0.012
17:10:49  UWB_RSSI:nan
17:10:49  UWB경과ms:126
17:10:49  UWB샘플:7557
17:10:49  UWB실패:165
17:10:49  UWB보정:1
17:10:49  UWB보정중:0
17:10:49  UWB보정샘플:100
17:10:49  UWB보정기준:3.000
17:10:49  UWB오프셋:0.234
17:10:49  UWB위험사용:0
17:10:49  UWB전송:7552
17:10:49  위험송신:0
17:10:49  시각ms:1559913
17:10:49  IMU시각ms:1559912
17:10:49  위험:0
17:10:49  원시위험:0
17:10:49  GPS유효:1
17:10:49  위도:37.495942
17:10:49  경도:126.956113
17:10:49  속도:0.02
17:10:49  방향:290.8
17:10:49  이동방향유효:0
17:10:49  GPS이동방향:290.8
17:10:49  차체방향유효:0
17:10:49  차체방향:0.0
17:10:49  후진판정:0
17:10:49  IMU요회전속도:0.00
17:10:49  방향가속도크기:9.75
17:10:49  방향자이로크기:1.33
17:10:49  방향자세cos:0.9999
17:10:49  자기모델잔차:26.40
17:10:49  자기모델반경:0.983
17:10:49  방향채택:0
17:10:49  방향거부:168221
17:10:49  GPS원시속도:0.031
17:10:49  GPS원시방향유효:1
17:10:49  GPS원시방향:290.8
17:10:49  가속도:-0.48,0.32,9.73
17:10:49  자이로:-1.2,-0.5,-0.5
17:10:49  자력계:8.400,6.300,20.250
17:10:49  충격값:0.08
17:10:49  충격피크:0.10
17:10:49  마지막충격발생값:0.00
17:10:49  마지막충격발생ms:0
17:10:49  송신:14845
17:10:49  지팡이수신:10070
17:10:49  GPS위성:9
17:10:49  GPS_HDOP:1.15
17:10:49  원시위도:37.495945
17:10:49  원시경도:126.956114
17:10:49  GPS채택:1545
17:10:49  GPS이상치거부:0
17:10:49  GPS품질거부:0
17:10:49  GPS재기준:0
17:10:49  계산거리:-1.00
17:10:49  접근속도:0.00
17:10:49  TTC:999.00
17:10:49  방향오차:0.0
17:10:49  전방여부:0
17:10:49  위험음성횟수:0
17:10:49  충격음성횟수:0
17:10:49  마지막위험음성:0
17:10:49  RSSI원시:-54
17:10:49  RSSI평활:-48.9
17:10:49  RSSI샘플:10070
17:10:49  RSSI경과ms:76
17:10:49  RSSI구간:4
17:10:49  RSSI거리:0.80
17:10:49  상대보정:0
17:10:49  상대보정중:0
17:10:49  보정동쪽:0.00
17:10:49  보정북쪽:0.00
17:10:49  UWB유효:1
17:10:49  UWB원시거리:0.590
17:10:49  UWB보정거리:0.738
17:10:49  UWB접근속도:0.012
17:10:49  UWB_RSSI:nan
17:10:49  UWB경과ms:154
17:10:49  UWB샘플:7557
17:10:49  UWB실패:165
17:10:49  UWB보정:1
17:10:49  UWB보정중:0
17:10:49  UWB보정샘플:100
17:10:49  UWB보정기준:3.000
17:10:49  UWB오프셋:0.234
17:10:49  UWB위험사용:0
17:10:49  UWB전송:7552
17:10:49  위험송신:0
17:10:49  시각ms:1559939
17:10:49  IMU시각ms:1559939
17:10:49  위험:0
17:10:49  원시위험:0
17:10:49  GPS유효:1
17:10:49  위도:37.495942
17:10:49  경도:126.956113
17:10:49  속도:0.02
17:10:49  방향:290.8
17:10:49  이동방향유효:0
17:10:49  GPS이동방향:290.8
17:10:49  차체방향유효:0
17:10:49  차체방향:0.0
17:10:49  후진판정:0
17:10:49  IMU요회전속도:0.00
17:10:49  방향가속도크기:9.74
17:10:49  방향자이로크기:3.36
17:10:49  방향자세cos:0.9999
17:10:49  자기모델잔차:26.26
17:10:49  자기모델반경:0.945
17:10:49  방향채택:0
17:10:49  방향거부:168224
17:10:49  GPS원시속도:0.031
17:10:49  GPS원시방향유효:1
17:10:49  GPS원시방향:290.8
17:10:49  가속도:-0.45,0.35,9.72
17:10:49  자이로:1.7,1.2,-2.7
17:10:49  자력계:8.400,5.100,20.250
17:10:49  충격값:0.04
17:10:49  충격피크:0.18
17:10:49  마지막충격발생값:0.00
17:10:49  마지막충격발생ms:0
17:10:49  송신:14845
17:10:49  지팡이수신:10070
17:10:49  GPS위성:9
17:10:49  GPS_HDOP:1.15
17:10:49  원시위도:37.495945
17:10:49  원시경도:126.956114
17:10:49  GPS채택:1545
17:10:49  GPS이상치거부:0
17:10:49  GPS품질거부:0
17:10:49  GPS재기준:0
17:10:49  계산거리:-1.00
17:10:49  접근속도:0.00
17:10:49  TTC:999.00
17:10:49  방향오차:0.0
17:10:49  전방여부:0
17:10:49  위험음성횟수:0
17:10:49  충격음성횟수:0
17:10:49  마지막위험음성:0
17:10:49  RSSI원시:-54
17:10:49  RSSI평활:-48.9
17:10:49  RSSI샘플:10070
17:10:49  RSSI경과ms:102
17:10:49  RSSI구간:4
17:10:49  RSSI거리:0.80
17:10:49  상대보정:0
17:10:49  상대보정중:0
17:10:49  보정동쪽:0.00
17:10:49  보정북쪽:0.00
17:10:49  UWB유효:1
17:10:49  UWB원시거리:0.590
17:10:49  UWB보정거리:0.738
17:10:49  UWB접근속도:0.012
17:10:49  UWB_RSSI:nan
17:10:49  UWB경과ms:180
17:10:49  UWB샘플:7557
17:10:49  UWB실패:165
17:10:49  UWB보정:1
17:10:49  UWB보정중:0
17:10:49  UWB보정샘플:100
17:10:49  UWB보정기준:3.000
17:10:49  UWB오프셋:0.234
17:10:49  UWB위험사용:0
17:10:49  UWB전송:7552
17:10:49  위험송신:0
17:10:49  시각ms:1559962
17:10:49  IMU시각ms:1559958
17:10:49  위험:0
17:10:49  원시위험:0
17:10:49  GPS유효:1
17:10:49  위도:37.495942
17:10:49  경도:126.956113
17:10:49  속도:0.02
17:10:49  방향:290.8
17:10:49  이동방향유효:0
17:10:49  GPS이동방향:290.8
17:10:49  차체방향유효:0
17:10:49  차체방향:0.0
17:10:49  후진판정:0
17:10:49  IMU요회전속도:0.00
17:10:49  방향가속도크기:9.84
17:10:49  방향자이로크기:2.12
17:10:49  방향자세cos:1.0000
17:10:49  자기모델잔차:25.42
17:10:49  자기모델반경:0.918
17:10:49  방향채택:0
17:10:49  방향거부:168226
17:10:49  GPS원시속도:0.031
17:10:49  GPS원시방향유효:1
17:10:49  GPS원시방향:290.8
17:10:49  가속도:-0.44,0.43,9.82
17:10:49  자이로:-0.2,1.5,1.5
17:10:49  자력계:8.700,4.200,19.500
17:10:49  충격값:0.14
17:10:49  충격피크:0.14
17:10:49  마지막충격발생값:0.00
17:10:49  마지막충격발생ms:0
17:10:49  송신:14845
17:10:49  지팡이수신:10070
17:10:49  GPS위성:9
17:10:49  GPS_HDOP:1.15
17:10:49  원시위도:37.495945
17:10:49  원시경도:126.956114
17:10:49  GPS채택:1545
17:10:49  GPS이상치거부:0
17:10:49  GPS품질거부:0
17:10:49  GPS재기준:0
17:10:49  계산거리:-1.00
17:10:49  접근속도:0.00
17:10:49  TTC:999.00
17:10:49  방향오차:0.0
17:10:49  전방여부:0
17:10:49  위험음성횟수:0
17:10:49  충격음성횟수:0
17:10:49  마지막위험음성:0
17:10:49  RSSI원시:-54
17:10:49  RSSI평활:-48.9
17:10:49  RSSI샘플:10070
17:10:49  RSSI경과ms:125
17:10:49  RSSI구간:4
17:10:49  RSSI거리:0.80
17:10:49  상대보정:0
17:10:49  상대보정중:0
17:10:49  보정동쪽:0.00
17:10:49  보정북쪽:0.00
17:10:49  UWB유효:1
17:10:49  UWB원시거리:0.770
17:10:49  UWB보정거리:0.737
17:10:49  UWB접근속도:0.010
17:10:49  UWB_RSSI:nan
17:10:49  UWB경과ms:0
17:10:49  UWB샘플:7558
17:10:49  UWB실패:165
17:10:49  UWB보정:1
17:10:49  UWB보정중:0
17:10:49  UWB보정샘플:100
17:10:49  UWB보정기준:3.000
17:10:49  UWB오프셋:0.234
17:10:49  UWB위험사용:0
17:10:49  UWB전송:7553
17:10:49  위험송신:0
17:10:49  시각ms:1559983
17:10:49  IMU시각ms:1559983
17:10:49  위험:0
17:10:49  원시위험:0
17:10:49  GPS유효:1
17:10:49  위도:37.495942
17:10:49  경도:126.956113
17:10:49  속도:0.02
17:10:49  방향:290.8
17:10:49  이동방향유효:0
17:10:49  GPS이동방향:290.8
17:10:49  차체방향유효:0
17:10:49  차체방향:0.0
17:10:49  후진판정:0
17:10:49  IMU요회전속도:0.00
17:10:49  방향가속도크기:9.66
17:10:49  방향자이로크기:1.31
17:10:49  방향자세cos:0.9998
17:10:49  자기모델잔차:26.41
17:10:49  자기모델반경:0.980
17:10:49  방향채택:0
17:10:49  방향거부:168228
17:10:49  GPS원시속도:0.031
17:10:49  GPS원시방향유효:1
17:10:49  GPS원시방향:290.8
17:10:49  가속도:-0.33,0.34,9.65
17:10:49  자이로:0.4,-1.2,-0.3
17:10:49  자력계:9.450,6.300,20.250
17:10:49  충격값:0.10
17:10:49  충격피크:0.10
17:10:49  마지막충격발생값:0.00
17:10:49  마지막충격발생ms:0
17:10:49  송신:14846
17:10:49  지팡이수신:10070
17:10:49  GPS위성:9
17:10:49  GPS_HDOP:1.15
17:10:49  원시위도:37.495945
17:10:49  원시경도:126.956114
17:10:49  GPS채택:1545
17:10:49  GPS이상치거부:0
17:10:49  GPS품질거부:0
17:10:49  GPS재기준:0
17:10:49  계산거리:-1.00
17:10:49  접근속도:0.00
17:10:49  TTC:999.00
17:10:49  방향오차:0.0
17:10:49  전방여부:0
17:10:49  위험음성횟수:0
17:10:49  충격음성횟수:0
17:10:49  마지막위험음성:0
17:10:49  RSSI원시:-54
17:10:49  RSSI평활:-48.9
17:10:49  RSSI샘플:10070
17:10:49  RSSI경과ms:146
17:10:49  RSSI구간:4
17:10:49  RSSI거리:0.80
17:10:49  상대보정:0
17:10:49  상대보정중:0
17:10:49  보정동쪽:0.00
17:10:49  보정북쪽:0.00
17:10:49  UWB유효:1
17:10:49  UWB원시거리:0.770
17:10:49  UWB보정거리:0.737
17:10:49  UWB접근속도:0.010
17:10:49  UWB_RSSI:nan
17:10:49  UWB경과ms:21
17:10:49  UWB샘플:7558
17:10:49  UWB실패:165
17:10:49  UWB보정:1
17:10:49  UWB보정중:0
17:10:49  UWB보정샘플:100
17:10:49  UWB보정기준:3.000
17:10:49  UWB오프셋:0.234
17:10:49  UWB위험사용:0
17:10:49  UWB전송:7553
17:10:49  위험송신:0
17:10:49  시각ms:1560010
17:10:49  IMU시각ms:1560010
17:10:49  위험:0
17:10:49  원시위험:0
17:10:49  GPS유효:1
17:10:49  위도:37.495942
17:10:49  경도:126.956113
17:10:49  속도:0.02
17:10:49  방향:290.8
17:10:49  이동방향유효:0
17:10:49  GPS이동방향:290.8
17:10:49  차체방향유효:0
17:10:49  차체방향:0.0
17:10:49  후진판정:0
17:10:49  IMU요회전속도:0.00
17:10:49  방향가속도크기:9.67
17:10:49  방향자이로크기:0.72
17:10:49  방향자세cos:0.9999
17:10:49  자기모델잔차:25.91
17:10:49  자기모델반경:0.967
17:10:49  방향채택:0
17:10:49  방향거부:168231
17:10:49  GPS원시속도:0.031
17:10:49  GPS원시방향유효:1
17:10:49  GPS원시방향:290.8
17:10:49  가속도:-0.36,0.38,9.66
17:10:49  자이로:-0.6,0.2,-0.4
17:10:49  자력계:9.900,5.850,19.800
17:10:49  충격값:0.07
17:10:49  충격피크:0.07
17:10:49  마지막충격발생값:0.00
17:10:49  마지막충격발생ms:0
17:10:49  송신:14846
17:10:49  지팡이수신:10070
17:10:49  GPS위성:9
17:10:49  GPS_HDOP:1.15
17:10:49  원시위도:37.495945
17:10:49  원시경도:126.956114
17:10:49  GPS채택:1545
17:10:49  GPS이상치거부:0
17:10:49  GPS품질거부:0
17:10:49  GPS재기준:0
17:10:49  계산거리:-1.00
17:10:49  접근속도:0.00
17:10:49  TTC:999.00
17:10:49  방향오차:0.0
17:10:49  전방여부:0
17:10:49  위험음성횟수:0
17:10:49  충격음성횟수:0
17:10:49  마지막위험음성:0
17:10:49  RSSI원시:-54
17:10:49  RSSI평활:-48.9
17:10:49  RSSI샘플:10070
17:10:49  RSSI경과ms:173
17:10:49  RSSI구간:4
17:10:49  RSSI거리:0.80
17:10:49  상대보정:0
17:10:49  상대보정중:0
17:10:49  보정동쪽:0.00
17:10:49  보정북쪽:0.00
17:10:49  UWB유효:1
17:10:49  UWB원시거리:0.770
17:10:49  UWB보정거리:0.737
17:10:49  UWB접근속도:0.010
17:10:49  UWB_RSSI:nan
17:10:49  UWB경과ms:48
17:10:49  UWB샘플:7558
17:10:49  UWB실패:165
17:10:49  UWB보정:1
17:10:49  UWB보정중:0
17:10:49  UWB보정샘플:100
17:10:49  UWB보정기준:3.000
17:10:49  UWB오프셋:0.234
17:10:49  UWB위험사용:0
17:10:49  UWB전송:7553
17:10:49  위험송신:0
17:10:49  시각ms:1560036
17:10:49  IMU시각ms:1560036
17:10:49  위험:0
17:10:49  원시위험:0
17:10:49  GPS유효:1
17:10:49  위도:37.495942
17:10:49  경도:126.956113
17:10:49  속도:0.02
17:10:49  방향:290.8
17:10:49  이동방향유효:0
17:10:49  GPS이동방향:290.8
17:10:49  차체방향유효:0
17:10:49  차체방향:0.0
17:10:49  후진판정:0
17:10:49  IMU요회전속도:0.00
17:10:49  방향가속도크기:9.63
17:10:49  방향자이로크기:0.56
17:10:49  방향자세cos:1.0000
17:10:49  자기모델잔차:24.89
17:10:49  자기모델반경:0.937
17:10:49  방향채택:0
17:10:49  방향거부:168234
17:10:49  GPS원시속도:0.031
17:10:49  GPS원시방향유효:1
17:10:49  GPS원시방향:290.8
17:10:49  가속도:-0.50,0.42,9.61
17:10:49  자이로:-0.0,0.6,0.0
17:10:49  자력계:9.600,4.800,18.900
17:10:49  충격값:0.14
17:10:49  충격피크:0.14
17:10:49  마지막충격발생값:0.00
17:10:49  마지막충격발생ms:0
17:10:49  송신:14846
17:10:49  지팡이수신:10070
17:10:49  GPS위성:9
17:10:49  GPS_HDOP:1.15
17:10:49  원시위도:37.495945
17:10:49  원시경도:126.956114
17:10:49  GPS채택:1545
17:10:49  GPS이상치거부:0
17:10:49  GPS품질거부:0
17:10:49  GPS재기준:0
17:10:49  계산거리:-1.00
17:10:49  접근속도:0.00
17:10:49  TTC:999.00
17:10:49  방향오차:0.0
17:10:49  전방여부:0
17:10:49  위험음성횟수:0
17:10:49  충격음성횟수:0
17:10:49  마지막위험음성:0
17:10:49  RSSI원시:-54
17:10:49  RSSI평활:-48.9
17:10:49  RSSI샘플:10070
17:10:49  RSSI경과ms:199
17:10:49  RSSI구간:4
17:10:49  RSSI거리:0.80
17:10:49  상대보정:0
17:10:49  상대보정중:0
17:10:49  보정동쪽:0.00
17:10:49  보정북쪽:0.00
17:10:49  UWB유효:1
17:10:49  UWB원시거리:0.770
17:10:49  UWB보정거리:0.737
17:10:49  UWB접근속도:0.010
17:10:49  UWB_RSSI:nan
17:10:49  UWB경과ms:74
17:10:49  UWB샘플:7558
17:10:49  UWB실패:165
17:10:49  UWB보정:1
17:10:49  UWB보정중:0
17:10:49  UWB보정샘플:100
17:10:49  UWB보정기준:3.000
17:10:49  UWB오프셋:0.234
17:10:49  UWB위험사용:0
17:10:49  UWB전송:7553
17:10:49  위험송신:0
17:10:49  시각ms:1560056
17:10:49  IMU시각ms:1560055
17:10:49  위험:0
17:10:49  원시위험:0
17:10:49  GPS유효:1
17:10:49  위도:37.495942
17:10:49  경도:126.956113
17:10:49  속도:0.02
17:10:49  방향:290.8
17:10:49  이동방향유효:0
17:10:49  GPS이동방향:290.8
17:10:49  차체방향유효:0
17:10:49  차체방향:0.0
17:10:49  후진판정:0
17:10:49  IMU요회전속도:0.00
17:10:49  방향가속도크기:9.72
17:10:49  방향자이로크기:3.55
17:10:49  방향자세cos:0.9996
17:10:49  자기모델잔차:25.99
17:10:49  자기모델반경:0.948
17:10:49  방향채택:0
17:10:49  방향거부:168236
17:10:49  GPS원시속도:0.031
17:10:49  GPS원시방향유효:1
17:10:49  GPS원시방향:290.8
17:10:49  가속도:-0.41,0.23,9.71
17:10:49  자이로:-0.3,2.4,-2.6
17:10:49  자력계:9.300,5.250,19.950
17:10:49  충격값:0.13
17:10:49  충격피크:0.13
17:10:49  마지막충격발생값:0.00
17:10:49  마지막충격발생ms:0
17:10:49  송신:14846
17:10:49  지팡이수신:10071
17:10:49  GPS위성:9
17:10:49  GPS_HDOP:1.15
17:10:49  원시위도:37.495945
17:10:49  원시경도:126.956114
17:10:49  GPS채택:1545
17:10:49  GPS이상치거부:0
17:10:49  GPS품질거부:0
17:10:49  GPS재기준:0
17:10:49  계산거리:-1.00
17:10:49  접근속도:0.00
17:10:49  TTC:999.00
17:10:49  방향오차:0.0
17:10:49  전방여부:0
17:10:49  위험음성횟수:0
17:10:49  충격음성횟수:0
17:10:49  마지막위험음성:0
17:10:49  RSSI원시:-56
17:10:49  RSSI평활:-50.4
17:10:49  RSSI샘플:10071
17:10:49  RSSI경과ms:4
17:10:49  RSSI구간:4
17:10:49  RSSI거리:0.88
17:10:49  상대보정:0
17:10:49  상대보정중:0
17:10:49  보정동쪽:0.00
17:10:49  보정북쪽:0.00
17:10:49  UWB유효:1
17:10:49  UWB원시거리:0.770
17:10:49  UWB보정거리:0.737
17:10:49  UWB접근속도:0.010
17:10:49  UWB_RSSI:nan
17:10:49  UWB경과ms:94
17:10:49  UWB샘플:7558
17:10:49  UWB실패:165
17:10:49  UWB보정:1
17:10:49  UWB보정중:0
17:10:49  UWB보정샘플:100
17:10:49  UWB보정기준:3.000
17:10:49  UWB오프셋:0.234
17:10:49  UWB위험사용:0
17:10:49  UWB전송:7553
17:10:49  위험송신:0
17:10:49  시각ms:1560076
17:10:49  IMU시각ms:1560075
17:10:49  위험:0
17:10:49  원시위험:0
17:10:49  GPS유효:1
17:10:49  위도:37.495942
17:10:49  경도:126.956113
17:10:49  속도:0.02
17:10:49  방향:290.8
17:10:49  이동방향유효:0
17:10:49  GPS이동방향:290.8
17:10:49  차체방향유효:0
17:10:49  차체방향:0.0
17:10:49  후진판정:0
17:10:49  IMU요회전속도:0.00
17:10:49  방향가속도크기:9.78
17:10:49  방향자이로크기:4.12
17:10:49  방향자세cos:0.9998
17:10:49  자기모델잔차:25.15
17:10:49  자기모델반경:0.929
17:10:49  방향채택:0
17:10:49  방향거부:168238
17:10:49  GPS원시속도:0.031
17:10:49  GPS원시방향유효:1
17:10:49  GPS원시방향:290.8
17:10:49  가속도:-0.27,0.39,9.77
17:10:49  자이로:4.1,-0.1,0.2
17:10:49  자력계:8.550,4.500,19.200
17:10:49  충격값:0.17
17:10:49  충격피크:0.17
17:10:49  마지막충격발생값:0.00
17:10:49  마지막충격발생ms:0
17:10:49  송신:14847
17:10:49  지팡이수신:10071
17:10:49  GPS위성:9
17:10:49  GPS_HDOP:1.15
17:10:49  원시위도:37.495945
17:10:49  원시경도:126.956114
17:10:49  GPS채택:1545
17:10:49  GPS이상치거부:0
17:10:49  GPS품질거부:0
17:10:49  GPS재기준:0
17:10:49  계산거리:-1.00
17:10:49  접근속도:0.00
17:10:49  TTC:999.00
17:10:49  방향오차:0.0
17:10:49  전방여부:0
17:10:49  위험음성횟수:0
17:10:49  충격음성횟수:0
17:10:49  마지막위험음성:0
17:10:49  RSSI원시:-56
17:10:49  RSSI평활:-50.4
17:10:49  RSSI샘플:10071
17:10:49  RSSI경과ms:24
17:10:49  RSSI구간:4
17:10:49  RSSI거리:0.88
17:10:49  상대보정:0
17:10:49  상대보정중:0
17:10:49  보정동쪽:0.00
17:10:49  보정북쪽:0.00
17:10:49  UWB유효:1
17:10:49  UWB원시거리:0.770
17:10:49  UWB보정거리:0.737
17:10:49  UWB접근속도:0.010
17:10:49  UWB_RSSI:nan
17:10:49  UWB경과ms:114
17:10:49  UWB샘플:7558
17:10:49  UWB실패:165
17:10:49  UWB보정:1
17:10:49  UWB보정중:0
17:10:49  UWB보정샘플:100
17:10:49  UWB보정기준:3.000
17:10:49  UWB오프셋:0.234
17:10:49  UWB위험사용:0
17:10:49  UWB전송:7553
17:10:49  위험송신:0
17:10:49  시각ms:1560096
17:10:49  IMU시각ms:1560096
17:10:49  위험:0
17:10:49  원시위험:0
17:10:49  GPS유효:1
17:10:49  위도:37.495942
17:10:49  경도:126.956113
17:10:49  속도:0.02
17:10:49  방향:290.8
17:10:49  이동방향유효:0
17:10:49  GPS이동방향:290.8
17:10:49  차체방향유효:0
17:10:49  차체방향:0.0
17:10:49  후진판정:0
17:10:49  IMU요회전속도:0.00
17:10:49  방향가속도크기:9.73
17:10:49  방향자이로크기:1.96
17:10:49  방향자세cos:0.9999
17:10:49  자기모델잔차:25.90
17:10:49  자기모델반경:0.924
17:10:49  방향채택:0
17:10:49  방향거부:168240
17:10:49  GPS원시속도:0.031
17:10:49  GPS원시방향유효:1
17:10:49  GPS원시방향:290.8
17:10:49  가속도:-0.41,0.36,9.72
17:10:49  자이로:-0.4,-0.9,-1.7
17:10:49  자력계:9.600,4.500,19.950
17:10:49  충격값:0.02
17:10:49  충격피크:0.21
17:10:49  마지막충격발생값:0.00
17:10:49  마지막충격발생ms:0
17:10:49  송신:14847
17:10:49  지팡이수신:10071
17:10:49  GPS위성:9
17:10:49  GPS_HDOP:1.15
17:10:49  원시위도:37.495945
17:10:49  원시경도:126.956114
17:10:49  GPS채택:1545
17:10:49  GPS이상치거부:0
17:10:49  GPS품질거부:0
17:10:49  GPS재기준:0
17:10:49  계산거리:-1.00
17:10:49  접근속도:0.00
17:10:49  TTC:999.00
17:10:49  방향오차:0.0
17:10:49  전방여부:0
17:10:49  위험음성횟수:0
17:10:49  충격음성횟수:0
17:10:49  마지막위험음성:0
17:10:49  RSSI원시:-56
17:10:49  RSSI평활:-50.4
17:10:49  RSSI샘플:10071
17:10:49  RSSI경과ms:44
17:10:49  RSSI구간:4
17:10:49  RSSI거리:0.88
17:10:49  상대보정:0
17:10:49  상대보정중:0
17:10:49  보정동쪽:0.00
17:10:49  보정북쪽:0.00
17:10:49  UWB유효:1
17:10:49  UWB원시거리:0.770
17:10:49  UWB보정거리:0.737
17:10:49  UWB접근속도:0.010
17:10:49  UWB_RSSI:nan
17:10:49  UWB경과ms:134
17:10:49  UWB샘플:7558
17:10:49  UWB실패:165
17:10:49  UWB보정:1
17:10:49  UWB보정중:0
17:10:49  UWB보정샘플:100
17:10:49  UWB보정기준:3.000
17:10:49  UWB오프셋:0.234
17:10:49  UWB위험사용:0
17:10:49  UWB전송:7553
17:10:49  위험송신:0
17:10:49  시각ms:1560148
17:10:49  IMU시각ms:1560148
17:10:49  위험:0
17:10:49  원시위험:0
17:10:49  GPS유효:1
17:10:49  위도:37.495942
17:10:49  경도:126.956113
17:10:49  속도:0.02
17:10:49  방향:290.8
17:10:49  이동방향유효:0
17:10:49  GPS이동방향:290.8
17:10:49  차체방향유효:0
17:10:49  차체방향:0.0
17:10:49  후진판정:0
17:10:49  IMU요회전속도:0.00
17:10:49  방향가속도크기:9.74
17:10:49  방향자이로크기:2.29
17:10:49  방향자세cos:0.9999
17:10:49  자기모델잔차:26.56
17:10:49  자기모델반경:0.944
17:10:49  방향채택:0
17:10:49  방향거부:168246
17:10:49  GPS원시속도:0.031
17:10:49  GPS원시방향유효:1
17:10:49  GPS원시방향:290.8
17:10:49  가속도:-0.45,0.36,9.72
17:10:49  자이로:-0.5,-1.2,1.9
17:10:49  자력계:8.400,5.100,20.550
17:10:49  충격값:0.04
17:10:49  충격피크:0.07
17:10:49  마지막충격발생값:0.00
17:10:49  마지막충격발생ms:0
17:10:49  송신:14847
17:10:49  지팡이수신:10071
17:10:49  GPS위성:9
17:10:49  GPS_HDOP:1.15
17:10:49  원시위도:37.495945
17:10:49  원시경도:126.956114
17:10:49  GPS채택:1545
17:10:49  GPS이상치거부:0
17:10:49  GPS품질거부:0
17:10:49  GPS재기준:0
17:10:49  계산거리:-1.00
17:10:49  접근속도:0.00
17:10:49  TTC:999.00
17:10:49  방향오차:0.0
17:10:49  전방여부:0
17:10:49  위험음성횟수:0
17:10:49  충격음성횟수:0
17:10:49  마지막위험음성:0
17:10:49  RSSI원시:-56
17:10:49  RSSI평활:-50.4
17:10:49  RSSI샘플:10071
17:10:49  RSSI경과ms:96
17:10:49  RSSI구간:4
17:10:49  RSSI거리:0.88
17:10:49  상대보정:0
17:10:49  상대보정중:0
17:10:49  보정동쪽:0.00
17:10:49  보정북쪽:0.00
17:10:49  UWB유효:1
17:10:49  UWB원시거리:0.770
17:10:49  UWB보정거리:0.737
17:10:49  UWB접근속도:0.010
17:10:49  UWB_RSSI:nan
17:10:49  UWB경과ms:186
17:10:49  UWB샘플:7558
17:10:49  UWB실패:165
17:10:49  UWB보정:1
17:10:49  UWB보정중:0
17:10:49  UWB보정샘플:100
17:10:49  UWB보정기준:3.000
17:10:49  UWB오프셋:0.234
17:10:49  UWB위험사용:0
17:10:49  UWB전송:7553
17:10:49  위험송신:0
17:10:49  시각ms:1560170
17:10:49  IMU시각ms:1560170
17:10:49  위험:0
17:10:49  원시위험:0
17:10:49  GPS유효:1
17:10:49  위도:37.495942
17:10:49  경도:126.956113
17:10:49  속도:0.02
17:10:49  방향:290.8
17:10:49  이동방향유효:0
17:10:49  GPS이동방향:290.8
17:10:49  차체방향유효:0
17:10:49  차체방향:0.0
17:10:49  후진판정:0
17:10:49  IMU요회전속도:0.00
17:10:49  방향가속도크기:9.75
17:10:49  방향자이로크기:3.96
17:10:49  방향자세cos:0.9998
17:10:49  자기모델잔차:24.94
17:10:49  자기모델반경:0.910
17:10:49  방향채택:0
17:10:49  방향거부:168248
17:10:49  GPS원시속도:0.031
17:10:49  GPS원시방향유효:1
17:10:49  GPS원시방향:290.8
17:10:49  가속도:-0.40,0.29,9.73
17:10:49  자이로:1.4,-2.3,-2.9
17:10:49  자력계:9.150,3.900,19.050
17:10:49  충격값:0.07
17:10:49  충격피크:0.07
17:10:49  마지막충격발생값:0.00
17:10:49  마지막충격발생ms:0
17:10:49  송신:14847
17:10:49  지팡이수신:10071
17:10:49  GPS위성:9
17:10:49  GPS_HDOP:1.15
17:10:49  원시위도:37.495945
17:10:49  원시경도:126.956114
17:10:49  GPS채택:1545
17:10:49  GPS이상치거부:0
17:10:49  GPS품질거부:0
17:10:49  GPS재기준:0
17:10:49  계산거리:-1.00
17:10:49  접근속도:0.00
17:10:49  TTC:999.00
17:10:49  방향오차:0.0
17:10:49  전방여부:0
17:10:49  위험음성횟수:0
17:10:49  충격음성횟수:0
17:10:49  마지막위험음성:0
17:10:49  RSSI원시:-56
17:10:49  RSSI평활:-50.4
17:10:49  RSSI샘플:10071
17:10:49  RSSI경과ms:118
17:10:49  RSSI구간:4
17:10:49  RSSI거리:0.88
17:10:49  상대보정:0
17:10:49  상대보정중:0
17:10:49  보정동쪽:0.00
17:10:49  보정북쪽:0.00
17:10:49  UWB유효:1
17:10:49  UWB원시거리:0.920
17:10:49  UWB보정거리:0.767
17:10:49  UWB접근속도:-0.039
17:10:49  UWB_RSSI:nan
17:10:49  UWB경과ms:8
17:10:49  UWB샘플:7559
17:10:49  UWB실패:165
17:10:49  UWB보정:1
17:10:49  UWB보정중:0
17:10:49  UWB보정샘플:100
17:10:49  UWB보정기준:3.000
17:10:49  UWB오프셋:0.234
17:10:49  UWB위험사용:0
17:10:49  UWB전송:7554
17:10:49  위험송신:0
17:10:49  시각ms:1560198
17:10:49  IMU시각ms:1560198
17:10:49  위험:0
17:10:49  원시위험:0
17:10:49  GPS유효:1
17:10:49  위도:37.495942
17:10:49  경도:126.956113
17:10:49  속도:0.02
17:10:49  방향:290.8
17:10:49  이동방향유효:0
17:10:49  GPS이동방향:290.8
17:10:49  차체방향유효:0
17:10:49  차체방향:0.0
17:10:49  후진판정:0
17:10:49  IMU요회전속도:0.00
17:10:49  방향가속도크기:9.72
17:10:49  방향자이로크기:2.03
17:10:49  방향자세cos:0.9997
17:10:49  자기모델잔차:24.85
17:10:49  자기모델반경:0.977
17:10:49  방향채택:0
17:10:49  방향거부:168251
17:10:49  GPS원시속도:0.031
17:10:49  GPS원시방향유효:1
17:10:49  GPS원시방향:290.8
17:10:49  가속도:-0.43,0.23,9.71
17:10:49  자이로:-0.0,1.5,-1.4
17:10:49  자력계:7.500,5.850,18.750
17:10:49  충격값:0.12
17:10:49  충격피크:0.13
17:10:49  마지막충격발생값:0.00
17:10:49  마지막충격발생ms:0
17:10:49  송신:14848
17:10:49  지팡이수신:10071
17:10:49  GPS위성:9
17:10:49  GPS_HDOP:1.15
17:10:49  원시위도:37.495945
17:10:49  원시경도:126.956114
17:10:49  GPS채택:1545
17:10:49  GPS이상치거부:0
17:10:49  GPS품질거부:0
17:10:49  GPS재기준:0
17:10:49  계산거리:-1.00
17:10:49  접근속도:0.00
17:10:49  TTC:999.00
17:10:49  방향오차:0.0
17:10:49  전방여부:0
17:10:49  위험음성횟수:0
17:10:49  충격음성횟수:0
17:10:49  마지막위험음성:0
17:10:49  RSSI원시:-56
17:10:49  RSSI평활:-50.4
17:10:49  RSSI샘플:10071
17:10:49  RSSI경과ms:146
17:10:49  RSSI구간:4
17:10:49  RSSI거리:0.88
17:10:49  상대보정:0
17:10:49  상대보정중:0
17:10:49  보정동쪽:0.00
17:10:49  보정북쪽:0.00
17:10:49  UWB유효:1
17:10:49  UWB원시거리:0.920
17:10:49  UWB보정거리:0.767
17:10:49  UWB접근속도:-0.039
17:10:49  UWB_RSSI:nan
17:10:49  UWB경과ms:36
17:10:49  UWB샘플:7559
17:10:49  UWB실패:165
17:10:49  UWB보정:1
17:10:49  UWB보정중:0
17:10:49  UWB보정샘플:100
17:10:49  UWB보정기준:3.000
17:10:49  UWB오프셋:0.234
17:10:49  UWB위험사용:0
17:10:49  UWB전송:7554
17:10:49  위험송신:0
17:10:49  시각ms:1560224
17:10:49  IMU시각ms:1560224
17:10:49  위험:0
17:10:49  원시위험:0
17:10:49  GPS유효:1
17:10:49  위도:37.495942
17:10:49  경도:126.956113
17:10:49  속도:0.02
17:10:49  방향:290.8
17:10:49  이동방향유효:0
17:10:49  GPS이동방향:290.8
17:10:49  차체방향유효:0
17:10:49  차체방향:0.0
17:10:49  후진판정:0
17:10:49  IMU요회전속도:0.00
17:10:49  방향가속도크기:9.72
17:10:49  방향자이로크기:2.06
17:10:49  방향자세cos:0.9998
17:10:49  자기모델잔차:25.63
17:10:49  자기모델반경:0.936
17:10:49  방향채택:0
17:10:49  방향거부:168254
17:10:49  GPS원시속도:0.031
17:10:49  GPS원시방향유효:1
17:10:49  GPS원시방향:290.8
17:10:49  가속도:-0.47,0.31,9.71
17:10:49  자이로:1.7,-0.1,1.2
17:10:49  자력계:8.850,4.800,19.650
17:10:49  충격값:0.06
17:10:49  충격피크:0.14
17:10:49  마지막충격발생값:0.00
17:10:49  마지막충격발생ms:0
17:10:49  송신:14848
17:10:49  지팡이수신:10072
17:10:49  GPS위성:9
17:10:49  GPS_HDOP:1.15
17:10:49  원시위도:37.495945
17:10:49  원시경도:126.956114
17:10:49  GPS채택:1545
17:10:49  GPS이상치거부:0
17:10:49  GPS품질거부:0
17:10:49  GPS재기준:0
17:10:49  계산거리:-1.00
17:10:49  접근속도:0.00
17:10:49  TTC:999.00
17:10:49  방향오차:0.0
17:10:49  전방여부:0
17:10:49  위험음성횟수:0
17:10:49  충격음성횟수:0
17:10:49  마지막위험음성:0
17:10:49  RSSI원시:-51
17:10:49  RSSI평활:-50.5
17:10:49  RSSI샘플:10072
17:10:49  RSSI경과ms:18
17:10:49  RSSI구간:4
17:10:49  RSSI거리:0.89
17:10:49  상대보정:0
17:10:49  상대보정중:0
17:10:49  보정동쪽:0.00
17:10:49  보정북쪽:0.00
17:10:49  UWB유효:1
17:10:49  UWB원시거리:0.920
17:10:49  UWB보정거리:0.767
17:10:49  UWB접근속도:-0.039
17:10:49  UWB_RSSI:nan
17:10:49  UWB경과ms:62
17:10:49  UWB샘플:7559
17:10:49  UWB실패:165
17:10:49  UWB보정:1
17:10:49  UWB보정중:0
17:10:49  UWB보정샘플:100
17:10:49  UWB보정기준:3.000
17:10:49  UWB오프셋:0.234
17:10:49  UWB위험사용:0
17:10:49  UWB전송:7554
17:10:49  위험송신:0
17:10:50  시각ms:1560262
17:10:50  IMU시각ms:1560250
17:10:50  위험:0
17:10:50  원시위험:0
17:10:50  GPS유효:1
17:10:50  위도:37.495942
17:10:50  경도:126.956113
17:10:50  속도:0.02
17:10:50  방향:290.8
17:10:50  이동방향유효:0
17:10:50  GPS이동방향:290.8
17:10:50  차체방향유효:0
17:10:50  차체방향:0.0
17:10:50  후진판정:0
17:10:50  IMU요회전속도:0.00
17:10:50  방향가속도크기:9.76
17:10:50  방향자이로크기:0.97
17:10:50  방향자세cos:0.9999
17:10:50  자기모델잔차:25.77
17:10:50  자기모델반경:0.930
17:10:50  방향채택:0
17:10:50  방향거부:168257
17:10:50  GPS원시속도:0.031
17:10:50  GPS원시방향유효:1
17:10:50  GPS원시방향:290.8
17:10:50  가속도:-0.42,0.35,9.75
17:10:50  자이로:0.0,0.9,-0.2
17:10:50  자력계:9.450,4.650,19.800
17:10:50  충격값:0.04
17:10:50  충격피크:0.08
17:10:50  마지막충격발생값:0.00
17:10:50  마지막충격발생ms:0
17:10:50  송신:14848
17:10:50  지팡이수신:10073
17:10:50  GPS위성:9
17:10:50  GPS_HDOP:1.15
17:10:50  원시위도:37.495945
17:10:50  원시경도:126.956114
17:10:50  GPS채택:1545
17:10:50  GPS이상치거부:0
17:10:50  GPS품질거부:0
17:10:50  GPS재기준:0
17:10:50  계산거리:-1.00
17:10:50  접근속도:0.00
17:10:50  TTC:999.00
17:10:50  방향오차:0.0
17:10:50  전방여부:0
17:10:50  위험음성횟수:0
17:10:50  충격음성횟수:0
17:10:50  마지막위험음성:0
17:10:50  RSSI원시:-51
17:10:50  RSSI평활:-50.6
17:10:50  RSSI샘플:10073
17:10:50  RSSI경과ms:2
17:10:50  RSSI구간:4
17:10:50  RSSI거리:0.89
17:10:50  상대보정:0
17:10:50  상대보정중:0
17:10:50  보정동쪽:0.00
17:10:50  보정북쪽:0.00
17:10:50  UWB유효:1
17:10:50  UWB원시거리:0.920
17:10:50  UWB보정거리:0.767
17:10:50  UWB접근속도:-0.039
17:10:50  UWB_RSSI:nan
17:10:50  UWB경과ms:100
17:10:50  UWB샘플:7559
17:10:50  UWB실패:165
17:10:50  UWB보정:1
17:10:50  UWB보정중:0
17:10:50  UWB보정샘플:100
17:10:50  UWB보정기준:3.000
17:10:50  UWB오프셋:0.234
17:10:50  UWB위험사용:0
17:10:50  UWB전송:7554
17:10:50  위험송신:0
17:10:50  시각ms:1560291
17:10:50  IMU시각ms:1560291
17:10:50  위험:0
17:10:50  원시위험:0
17:10:50  GPS유효:1
17:10:50  위도:37.495942
17:10:50  경도:126.956113
17:10:50  속도:0.02
17:10:50  방향:290.8
17:10:50  이동방향유효:0
17:10:50  GPS이동방향:290.8
17:10:50  차체방향유효:0
17:10:50  차체방향:0.0
17:10:50  후진판정:0
17:10:50  IMU요회전속도:0.00
17:10:50  방향가속도크기:9.71
17:10:50  방향자이로크기:1.90
17:10:50  방향자세cos:0.9998
17:10:50  자기모델잔차:26.13
17:10:50  자기모델반경:0.906
17:10:50  방향채택:0
17:10:50  방향거부:168260
17:10:50  GPS원시속도:0.031
17:10:50  GPS원시방향유효:1
17:10:50  GPS원시방향:290.8
17:10:50  가속도:-0.43,0.30,9.69
17:10:50  자이로:-0.1,-1.8,0.7
17:10:50  자력계:8.700,3.900,20.250
17:10:50  충격값:0.05
17:10:50  충격피크:0.13
17:10:50  마지막충격발생값:0.00
17:10:50  마지막충격발생ms:0
17:10:50  송신:14849
17:10:50  지팡이수신:10073
17:10:50  GPS위성:9
17:10:50  GPS_HDOP:1.15
17:10:50  원시위도:37.495945
17:10:50  원시경도:126.956114
17:10:50  GPS채택:1545
17:10:50  GPS이상치거부:0
17:10:50  GPS품질거부:0
17:10:50  GPS재기준:0
17:10:50  계산거리:-1.00
17:10:50  접근속도:0.00
17:10:50  TTC:999.00
17:10:50  방향오차:0.0
17:10:50  전방여부:0
17:10:50  위험음성횟수:0
17:10:50  충격음성횟수:0
17:10:50  마지막위험음성:0
17:10:50  RSSI원시:-51
17:10:50  RSSI평활:-50.6
17:10:50  RSSI샘플:10073
17:10:50  RSSI경과ms:31
17:10:50  RSSI구간:4
17:10:50  RSSI거리:0.90
17:10:50  상대보정:0
17:10:50  상대보정중:0
17:10:50  보정동쪽:0.00
17:10:50  보정북쪽:0.00
17:10:50  UWB유효:1
17:10:50  UWB원시거리:0.920
17:10:50  UWB보정거리:0.767
17:10:50  UWB접근속도:-0.039
17:10:50  UWB_RSSI:nan
17:10:50  UWB경과ms:129
17:10:50  UWB샘플:7559
17:10:50  UWB실패:165
17:10:50  UWB보정:1
17:10:50  UWB보정중:0
17:10:50  UWB보정샘플:100
17:10:50  UWB보정기준:3.000
17:10:50  UWB오프셋:0.234
17:10:50  UWB위험사용:0
17:10:50  UWB전송:7554
17:10:50  위험송신:0
17:10:50  시각ms:1560343
17:10:50  IMU시각ms:1560343
17:10:50  위험:0
17:10:50  원시위험:0
17:10:50  GPS유효:1
17:10:50  위도:37.495942
17:10:50  경도:126.956113
17:10:50  속도:0.02
17:10:50  방향:290.8
17:10:50  이동방향유효:0
17:10:50  GPS이동방향:290.8
17:10:50  차체방향유효:0
17:10:50  차체방향:0.0
17:10:50  후진판정:0
17:10:50  IMU요회전속도:0.00
17:10:50  방향가속도크기:9.72
17:10:50  방향자이로크기:1.61
17:10:50  방향자세cos:0.9999
17:10:50  자기모델잔차:25.46
17:10:50  자기모델반경:0.934
17:10:50  방향채택:0
17:10:50  방향거부:168266
17:10:50  GPS원시속도:0.031
17:10:50  GPS원시방향유효:1
17:10:50  GPS원시방향:290.8
17:10:50  가속도:-0.43,0.34,9.70
17:10:50  자이로:1.5,-0.5,-0.0
17:10:50  자력계:8.400,4.650,19.500
17:10:50  충격값:0.01
17:10:50  충격피크:0.13
17:10:50  마지막충격발생값:0.00
17:10:50  마지막충격발생ms:0
17:10:50  송신:14849
17:10:50  지팡이수신:10073
17:10:50  GPS위성:9
17:10:50  GPS_HDOP:1.15
17:10:50  원시위도:37.495945
17:10:50  원시경도:126.956114
17:10:50  GPS채택:1545
17:10:50  GPS이상치거부:0
17:10:50  GPS품질거부:0
17:10:50  GPS재기준:0
17:10:50  계산거리:-1.00
17:10:50  접근속도:0.00
17:10:50  TTC:999.00
17:10:50  방향오차:0.0
17:10:50  전방여부:0
17:10:50  위험음성횟수:0
17:10:50  충격음성횟수:0
17:10:50  마지막위험음성:0
17:10:50  RSSI원시:-51
17:10:50  RSSI평활:-50.6
17:10:50  RSSI샘플:10073
17:10:50  RSSI경과ms:83
17:10:50  RSSI구간:4
17:10:50  RSSI거리:0.90
17:10:50  상대보정:0
17:10:50  상대보정중:0
17:10:50  보정동쪽:0.00
17:10:50  보정북쪽:0.00
17:10:50  UWB유효:1
17:10:50  UWB원시거리:0.920
17:10:50  UWB보정거리:0.767
17:10:50  UWB접근속도:-0.039
17:10:50  UWB_RSSI:nan
17:10:50  UWB경과ms:181
17:10:50  UWB샘플:7559
17:10:50  UWB실패:165
17:10:50  UWB보정:1
17:10:50  UWB보정중:0
17:10:50  UWB보정샘플:100
17:10:50  UWB보정기준:3.000
17:10:50  UWB오프셋:0.234
17:10:50  UWB위험사용:0
17:10:50  UWB전송:7554
17:10:50  위험송신:0
17:10:50  시각ms:1560392
17:10:50  IMU시각ms:1560392
17:10:50  위험:0
17:10:50  원시위험:0
17:10:50  GPS유효:1
17:10:50  위도:37.495942
17:10:50  경도:126.956113
17:10:50  속도:0.02
17:10:50  방향:290.8
17:10:50  이동방향유효:0
17:10:50  GPS이동방향:290.8
17:10:50  차체방향유효:0
17:10:50  차체방향:0.0
17:10:50  후진판정:0
17:10:50  IMU요회전속도:0.00
17:10:50  방향가속도크기:9.73
17:10:50  방향자이로크기:3.16
17:10:50  방향자세cos:0.9997
17:10:50  자기모델잔차:26.30
17:10:50  자기모델반경:0.952
17:10:50  방향채택:0
17:10:50  방향거부:168271
17:10:50  GPS원시속도:0.031
17:10:50  GPS원시방향유효:1
17:10:50  GPS원시방향:290.8
17:10:50  가속도:-0.36,0.27,9.72
17:10:50  자이로:2.6,-1.6,0.9
17:10:50  자력계:9.450,5.400,20.250
17:10:50  충격값:0.10
17:10:50  충격피크:0.10
17:10:50  마지막충격발생값:0.00
17:10:50  마지막충격발생ms:0
17:10:50  송신:14850
17:10:50  지팡이수신:10073
17:10:50  GPS위성:9
17:10:50  GPS_HDOP:1.15
17:10:50  원시위도:37.495945
17:10:50  원시경도:126.956114
17:10:50  GPS채택:1545
17:10:50  GPS이상치거부:0
17:10:50  GPS품질거부:0
17:10:50  GPS재기준:0
17:10:50  계산거리:-1.00
17:10:50  접근속도:0.00
17:10:50  TTC:999.00
17:10:50  방향오차:0.0
17:10:50  전방여부:0
17:10:50  위험음성횟수:0
17:10:50  충격음성횟수:0
17:10:50  마지막위험음성:0
17:10:50  RSSI원시:-51
17:10:50  RSSI평활:-50.6
17:10:50  RSSI샘플:10073
17:10:50  RSSI경과ms:132
17:10:50  RSSI구간:4
17:10:50  RSSI거리:0.90
17:10:50  상대보정:0
17:10:50  상대보정중:0
17:10:50  보정동쪽:0.00
17:10:50  보정북쪽:0.00
17:10:50  UWB유효:1
17:10:50  UWB원시거리:0.750
17:10:50  UWB보정거리:0.843
17:10:50  UWB접근속도:-0.139
17:10:50  UWB_RSSI:nan
17:10:50  UWB경과ms:27
17:10:50  UWB샘플:7560
17:10:50  UWB실패:165
17:10:50  UWB보정:1
17:10:50  UWB보정중:0
17:10:50  UWB보정샘플:100
17:10:50  UWB보정기준:3.000
17:10:50  UWB오프셋:0.234
17:10:50  UWB위험사용:0
17:10:50  UWB전송:7555
17:10:50  위험송신:0
17:10:50  시각ms:1560470
17:10:50  IMU시각ms:1560470
17:10:50  위험:0
17:10:50  원시위험:0
17:10:50  GPS유효:1
17:10:50  위도:37.495942
17:10:50  경도:126.956113
17:10:50  속도:0.02
17:10:50  방향:290.8
17:10:50  이동방향유효:0
17:10:50  GPS이동방향:290.8
17:10:50  차체방향유효:0
17:10:50  차체방향:0.0
17:10:50  후진판정:0
17:10:50  IMU요회전속도:0.00
17:10:50  방향가속도크기:9.75
17:10:50  방향자이로크기:2.88
17:10:50  방향자세cos:0.9998
17:10:50  자기모델잔차:27.38
17:10:50  자기모델반경:0.923
17:10:50  방향채택:0
17:10:50  방향거부:168280
17:10:50  GPS원시속도:0.031
17:10:50  GPS원시방향유효:1
17:10:50  GPS원시방향:290.8
17:10:50  가속도:-0.36,0.33,9.73
17:10:50  자이로:1.0,-0.0,-2.7
17:10:50  자력계:8.100,4.500,21.450
17:10:50  충격값:0.07
17:10:50  충격피크:0.18
17:10:50  마지막충격발생값:0.00
17:10:50  마지막충격발생ms:0
17:10:50  송신:14850
17:10:50  지팡이수신:10073
17:10:50  GPS위성:9
17:10:50  GPS_HDOP:1.15
17:10:50  원시위도:37.495945
17:10:50  원시경도:126.956114
17:10:50  GPS채택:1545
17:10:50  GPS이상치거부:0
17:10:50  GPS품질거부:0
17:10:50  GPS재기준:0
17:10:50  계산거리:-1.00
17:10:50  접근속도:0.00
17:10:50  TTC:999.00
17:10:50  방향오차:0.0
17:10:50  전방여부:0
17:10:50  위험음성횟수:0
17:10:50  충격음성횟수:0
17:10:50  마지막위험음성:0
17:10:50  RSSI원시:-51
17:10:50  RSSI평활:-50.6
17:10:50  RSSI샘플:10073
17:10:50  RSSI경과ms:210
17:10:50  RSSI구간:4
17:10:50  RSSI거리:0.90
17:10:50  상대보정:0
17:10:50  상대보정중:0
17:10:50  보정동쪽:0.00
17:10:50  보정북쪽:0.00
17:10:50  UWB유효:1
17:10:50  UWB원시거리:0.750
17:10:50  UWB보정거리:0.843
17:10:50  UWB접근속도:-0.139
17:10:50  UWB_RSSI:nan
17:10:50  UWB경과ms:105
17:10:50  UWB샘플:7560
17:10:50  UWB실패:165
17:10:50  UWB보정:1
17:10:50  UWB보정중:0
17:10:50  UWB보정샘플:100
17:10:50  UWB보정기준:3.000
17:10:50  UWB오프셋:0.234
17:10:50  UWB위험사용:0
17:10:50  UWB전송:7555
17:10:50  위험송신:0
17:10:50  시각ms:1560497
17:10:50  IMU시각ms:1560497
17:10:50  위험:0
17:10:50  원시위험:0
17:10:50  GPS유효:1
17:10:50  위도:37.495942
17:10:50  경도:126.956113
17:10:50  속도:0.02
17:10:50  방향:290.8
17:10:50  이동방향유효:0
17:10:50  GPS이동방향:290.8
17:10:50  차체방향유효:0
17:10:50  차체방향:0.0
17:10:50  후진판정:0
17:10:50  IMU요회전속도:0.00
17:10:50  방향가속도크기:9.69
17:10:50  방향자이로크기:3.11
17:10:50  방향자세cos:0.9997
17:10:50  자기모델잔차:25.68
17:10:50  자기모델반경:0.909
17:10:50  방향채택:0
17:10:50  방향거부:168283
17:10:50  GPS원시속도:0.031
17:10:50  GPS원시방향유효:1
17:10:50  GPS원시방향:290.8
17:10:50  가속도:-0.45,0.23,9.68
17:10:50  자이로:2.6,0.6,1.6
17:10:50  자력계:8.400,3.900,19.800
17:10:50  충격값:0.14
17:10:50  충격피크:0.14
17:10:50  마지막충격발생값:0.00
17:10:50  마지막충격발생ms:0
17:10:50  송신:14851
17:10:50  지팡이수신:10073
17:10:50  GPS위성:9
17:10:50  GPS_HDOP:1.15
17:10:50  원시위도:37.495945
17:10:50  원시경도:126.956114
17:10:50  GPS채택:1545
17:10:50  GPS이상치거부:0
17:10:50  GPS품질거부:0
17:10:50  GPS재기준:0
17:10:50  계산거리:-1.00
17:10:50  접근속도:0.00
17:10:50  TTC:999.00
17:10:50  방향오차:0.0
17:10:50  전방여부:0
17:10:50  위험음성횟수:0
17:10:50  충격음성횟수:0
17:10:50  마지막위험음성:0
17:10:50  RSSI원시:-51
17:10:50  RSSI평활:-50.6
17:10:50  RSSI샘플:10073
17:10:50  RSSI경과ms:237
17:10:50  RSSI구간:4
17:10:50  RSSI거리:0.90
17:10:50  상대보정:0
17:10:50  상대보정중:0
17:10:50  보정동쪽:0.00
17:10:50  보정북쪽:0.00
17:10:50  UWB유효:1
17:10:50  UWB원시거리:0.750
17:10:50  UWB보정거리:0.843
17:10:50  UWB접근속도:-0.139
17:10:50  UWB_RSSI:nan
17:10:50  UWB경과ms:132
17:10:50  UWB샘플:7560
17:10:50  UWB실패:165
17:10:50  UWB보정:1
17:10:50  UWB보정중:0
17:10:50  UWB보정샘플:100
17:10:50  UWB보정기준:3.000
17:10:50  UWB오프셋:0.234
17:10:50  UWB위험사용:0
17:10:50  UWB전송:7555
17:10:50  위험송신:0
17:10:50  시각ms:1560549
17:10:50  IMU시각ms:1560549
17:10:50  위험:0
17:10:50  원시위험:0
17:10:50  GPS유효:1
17:10:50  위도:37.495942
17:10:50  경도:126.956113
17:10:50  속도:0.02
17:10:50  방향:290.8
17:10:50  이동방향유효:0
17:10:50  GPS이동방향:290.8
17:10:50  차체방향유효:0
17:10:50  차체방향:0.0
17:10:50  후진판정:0
17:10:50  IMU요회전속도:0.00
17:10:50  방향가속도크기:9.72
17:10:50  방향자이로크기:1.22
17:10:50  방향자세cos:0.9997
17:10:50  자기모델잔차:26.56
17:10:50  자기모델반경:0.944
17:10:50  방향채택:0
17:10:50  방향거부:168289
17:10:50  GPS원시속도:0.031
17:10:50  GPS원시방향유효:1
17:10:50  GPS원시방향:290.8
17:10:50  가속도:-0.38,0.27,9.71
17:10:50  자이로:0.6,1.0,-0.2
17:10:50  자력계:8.400,5.100,20.550
17:10:50  충격값:0.09
17:10:50  충격피크:0.09
17:10:50  마지막충격발생값:0.00
17:10:50  마지막충격발생ms:0
17:10:50  송신:14851
17:10:50  지팡이수신:10073
17:10:50  GPS위성:9
17:10:50  GPS_HDOP:1.15
17:10:50  원시위도:37.495945
17:10:50  원시경도:126.956114
17:10:50  GPS채택:1545
17:10:50  GPS이상치거부:0
17:10:50  GPS품질거부:0
17:10:50  GPS재기준:0
17:10:50  계산거리:-1.00
17:10:50  접근속도:0.00
17:10:50  TTC:999.00
17:10:50  방향오차:0.0
17:10:50  전방여부:0
17:10:50  위험음성횟수:0
17:10:50  충격음성횟수:0
17:10:50  마지막위험음성:0
17:10:50  RSSI원시:-51
17:10:50  RSSI평활:-50.6
17:10:50  RSSI샘플:10073
17:10:50  RSSI경과ms:289
17:10:50  RSSI구간:4
17:10:50  RSSI거리:0.90
17:10:50  상대보정:0
17:10:50  상대보정중:0
17:10:50  보정동쪽:0.00
17:10:50  보정북쪽:0.00
17:10:50  UWB유효:1
17:10:50  UWB원시거리:0.750
17:10:50  UWB보정거리:0.843
17:10:50  UWB접근속도:-0.139
17:10:50  UWB_RSSI:nan
17:10:50  UWB경과ms:184
17:10:50  UWB샘플:7560
17:10:50  UWB실패:165
17:10:50  UWB보정:1
17:10:50  UWB보정중:0
17:10:50  UWB보정샘플:100
17:10:50  UWB보정기준:3.000
17:10:50  UWB오프셋:0.234
17:10:50  UWB위험사용:0
17:10:50  UWB전송:7555
17:10:50  위험송신:0
17:10:50  시각ms:1560571
17:10:50  IMU시각ms:1560571
17:10:50  위험:0
17:10:50  원시위험:0
17:10:50  GPS유효:1
17:10:50  위도:37.495942
17:10:50  경도:126.956113
17:10:50  속도:0.02
17:10:50  방향:290.8
17:10:50  이동방향유효:0
17:10:50  GPS이동방향:290.8
17:10:50  차체방향유효:0
17:10:50  차체방향:0.0
17:10:50  후진판정:0
17:10:50  IMU요회전속도:0.00
17:10:50  방향가속도크기:9.74
17:10:50  방향자이로크기:3.77
17:10:50  방향자세cos:1.0000
17:10:50  자기모델잔차:25.00
17:10:50  자기모델반경:0.966
17:10:50  방향채택:0
17:10:50  방향거부:168291
17:10:50  GPS원시속도:0.031
17:10:50  GPS원시방향유효:1
17:10:50  GPS원시방향:290.8
17:10:50  가속도:-0.38,0.44,9.73
17:10:50  자이로:2.3,-3.0,-0.4
17:10:50  자력계:9.300,5.700,18.900
17:10:50  충격값:0.09
17:10:50  충격피크:0.21
17:10:50  마지막충격발생값:0.00
17:10:50  마지막충격발생ms:0
17:10:50  송신:14851
17:10:50  지팡이수신:10073
17:10:50  GPS위성:9
17:10:50  GPS_HDOP:1.15
17:10:50  원시위도:37.495945
17:10:50  원시경도:126.956114
17:10:50  GPS채택:1545
17:10:50  GPS이상치거부:0
17:10:50  GPS품질거부:0
17:10:50  GPS재기준:0
17:10:50  계산거리:-1.00
17:10:50  접근속도:0.00
17:10:50  TTC:999.00
17:10:50  방향오차:0.0
17:10:50  전방여부:0
17:10:50  위험음성횟수:0
17:10:50  충격음성횟수:0
17:10:50  마지막위험음성:0
17:10:50  RSSI원시:-51
17:10:50  RSSI평활:-50.6
17:10:50  RSSI샘플:10073
17:10:50  RSSI경과ms:311
17:10:50  RSSI구간:4
17:10:50  RSSI거리:0.90
17:10:50  상대보정:0
17:10:50  상대보정중:0
17:10:50  보정동쪽:0.00
17:10:50  보정북쪽:0.00
17:10:50  UWB유효:1
17:10:50  UWB원시거리:0.920
17:10:50  UWB보정거리:0.900
17:10:50  UWB접근속도:-0.183
17:10:50  UWB_RSSI:nan
17:10:50  UWB경과ms:8
17:10:50  UWB샘플:7561
17:10:50  UWB실패:165
17:10:50  UWB보정:1
17:10:50  UWB보정중:0
17:10:50  UWB보정샘플:100
17:10:50  UWB보정기준:3.000
17:10:50  UWB오프셋:0.234
17:10:50  UWB위험사용:0
17:10:50  UWB전송:7556
17:10:50  위험송신:0
17:10:50  시각ms:1560598
17:10:50  IMU시각ms:1560598
17:10:50  위험:0
17:10:50  원시위험:0
17:10:50  GPS유효:1
17:10:50  위도:37.495942
17:10:50  경도:126.956113
17:10:50  속도:0.02
17:10:50  방향:290.8
17:10:50  이동방향유효:0
17:10:50  GPS이동방향:290.8
17:10:50  차체방향유효:0
17:10:50  차체방향:0.0
17:10:50  후진판정:0
17:10:50  IMU요회전속도:0.00
17:10:50  방향가속도크기:9.70
17:10:50  방향자이로크기:0.66
17:10:50  방향자세cos:0.9998
17:10:50  자기모델잔차:25.90
17:10:50  자기모델반경:0.926
17:10:50  방향채택:0
17:10:50  방향거부:168294
17:10:50  GPS원시속도:0.031
17:10:50  GPS원시방향유효:1
17:10:50  GPS원시방향:290.8
17:10:50  가속도:-0.44,0.27,9.68
17:10:50  자이로:-0.4,-0.1,0.5
17:10:50  자력계:8.850,4.500,19.950
17:10:50  충격값:0.10
17:10:50  충격피크:0.20
17:10:50  마지막충격발생값:0.00
17:10:50  마지막충격발생ms:0
17:10:50  송신:14852
17:10:50  지팡이수신:10073
17:10:50  GPS위성:9
17:10:50  GPS_HDOP:1.15
17:10:50  원시위도:37.495945
17:10:50  원시경도:126.956114
17:10:50  GPS채택:1545
17:10:50  GPS이상치거부:0
17:10:50  GPS품질거부:0
17:10:50  GPS재기준:0
17:10:50  계산거리:-1.00
17:10:50  접근속도:0.00
17:10:50  TTC:999.00
17:10:50  방향오차:0.0
17:10:50  전방여부:0
17:10:50  위험음성횟수:0
17:10:50  충격음성횟수:0
17:10:50  마지막위험음성:0
17:10:50  RSSI원시:-51
17:10:50  RSSI평활:-50.6
17:10:50  RSSI샘플:10073
17:10:50  RSSI경과ms:338
17:10:50  RSSI구간:4
17:10:50  RSSI거리:0.90
17:10:50  상대보정:0
17:10:50  상대보정중:0
17:10:50  보정동쪽:0.00
17:10:50  보정북쪽:0.00
17:10:50  UWB유효:1
17:10:50  UWB원시거리:0.920
17:10:50  UWB보정거리:0.900
17:10:50  UWB접근속도:-0.183
17:10:50  UWB_RSSI:nan
17:10:50  UWB경과ms:35
17:10:50  UWB샘플:7561
17:10:50  UWB실패:165
17:10:50  UWB보정:1
17:10:50  UWB보정중:0
17:10:50  UWB보정샘플:100
17:10:50  UWB보정기준:3.000
17:10:50  UWB오프셋:0.234
17:10:50  UWB위험사용:0
17:10:50  UWB전송:7556
17:10:50  위험송신:0
17:10:50  시각ms:1560625
17:10:50  IMU시각ms:1560625
17:10:50  위험:0
17:10:50  원시위험:0
17:10:50  GPS유효:1
17:10:50  위도:37.495942
17:10:50  경도:126.956113
17:10:50  속도:0.02
17:10:50  방향:290.8
17:10:50  이동방향유효:0
17:10:50  GPS이동방향:290.8
17:10:50  차체방향유효:0
17:10:50  차체방향:0.0
17:10:50  후진판정:0
17:10:50  IMU요회전속도:0.00
17:10:50  방향가속도크기:9.74
17:10:50  방향자이로크기:0.82
17:10:50  방향자세cos:1.0000
17:10:50  자기모델잔차:26.30
17:10:50  자기모델반경:0.908
17:10:50  방향채택:0
17:10:50  방향거부:168297
17:10:50  GPS원시속도:0.031
17:10:50  GPS원시방향유효:1
17:10:50  GPS원시방향:290.8
17:10:50  가속도:-0.41,0.41,9.73
17:10:50  자이로:-0.4,0.0,-0.7
17:10:50  자력계:9.600,4.050,20.400
17:10:50  충격값:0.06
17:10:50  충격피크:0.12
17:10:50  마지막충격발생값:0.00
17:10:50  마지막충격발생ms:0
17:10:50  송신:14852
17:10:50  지팡이수신:10073
17:10:50  GPS위성:9
17:10:50  GPS_HDOP:1.15
17:10:50  원시위도:37.495945
17:10:50  원시경도:126.956114
17:10:50  GPS채택:1545
17:10:50  GPS이상치거부:0
17:10:50  GPS품질거부:0
17:10:50  GPS재기준:0
17:10:50  계산거리:-1.00
17:10:50  접근속도:0.00
17:10:50  TTC:999.00
17:10:50  방향오차:0.0
17:10:50  전방여부:0
17:10:50  위험음성횟수:0
17:10:50  충격음성횟수:0
17:10:50  마지막위험음성:0
17:10:50  RSSI원시:-51
17:10:50  RSSI평활:-50.6
17:10:50  RSSI샘플:10073
17:10:50  RSSI경과ms:365
17:10:50  RSSI구간:4
17:10:50  RSSI거리:0.90
17:10:50  상대보정:0
17:10:50  상대보정중:0
17:10:50  보정동쪽:0.00
17:10:50  보정북쪽:0.00
17:10:50  UWB유효:1
17:10:50  UWB원시거리:0.920
17:10:50  UWB보정거리:0.900
17:10:50  UWB접근속도:-0.183
17:10:50  UWB_RSSI:nan
17:10:50  UWB경과ms:62
17:10:50  UWB샘플:7561
17:10:50  UWB실패:165
17:10:50  UWB보정:1
17:10:50  UWB보정중:0
17:10:50  UWB보정샘플:100
17:10:50  UWB보정기준:3.000
17:10:50  UWB오프셋:0.234
17:10:50  UWB위험사용:0
17:10:50  UWB전송:7556
17:10:50  위험송신:0
17:10:50  시각ms:1560653
17:10:50  IMU시각ms:1560652
17:10:50  위험:0
17:10:50  원시위험:0
17:10:50  GPS유효:1
17:10:50  위도:37.495942
17:10:50  경도:126.956113
17:10:50  속도:0.02
17:10:50  방향:290.8
17:10:50  이동방향유효:0
17:10:50  GPS이동방향:290.8
17:10:50  차체방향유효:0
17:10:50  차체방향:0.0
17:10:50  후진판정:0
17:10:50  IMU요회전속도:0.00
17:10:50  방향가속도크기:9.76
17:10:50  방향자이로크기:1.90
17:10:50  방향자세cos:0.9999
17:10:50  자기모델잔차:25.73
17:10:50  자기모델반경:0.970
17:10:50  방향채택:0
17:10:50  방향거부:168300
17:10:50  GPS원시속도:0.031
17:10:50  GPS원시방향유효:1
17:10:50  GPS원시방향:290.8
17:10:50  가속도:-0.45,0.32,9.74
17:10:50  자이로:1.5,0.1,1.1
17:10:50  자력계:7.350,5.700,19.650
17:10:50  충격값:0.06
17:10:50  충격피크:0.15
17:10:50  마지막충격발생값:0.00
17:10:50  마지막충격발생ms:0
17:10:50  송신:14852
17:10:50  지팡이수신:10073
17:10:50  GPS위성:9
17:10:50  GPS_HDOP:1.15
17:10:50  원시위도:37.495945
17:10:50  원시경도:126.956114
17:10:50  GPS채택:1545
17:10:50  GPS이상치거부:0
17:10:50  GPS품질거부:0
17:10:50  GPS재기준:0
17:10:50  계산거리:-1.00
17:10:50  접근속도:0.00
17:10:50  TTC:999.00
17:10:50  방향오차:0.0
17:10:50  전방여부:0
17:10:50  위험음성횟수:0
17:10:50  충격음성횟수:0
17:10:50  마지막위험음성:0
17:10:50  RSSI원시:-51
17:10:50  RSSI평활:-50.6
17:10:50  RSSI샘플:10073
17:10:50  RSSI경과ms:393
17:10:50  RSSI구간:4
17:10:50  RSSI거리:0.90
17:10:50  상대보정:0
17:10:50  상대보정중:0
17:10:50  보정동쪽:0.00
17:10:50  보정북쪽:0.00
17:10:50  UWB유효:1
17:10:50  UWB원시거리:0.920
17:10:50  UWB보정거리:0.900
17:10:50  UWB접근속도:-0.183
17:10:50  UWB_RSSI:nan
17:10:50  UWB경과ms:90
17:10:50  UWB샘플:7561
17:10:50  UWB실패:165
17:10:50  UWB보정:1
17:10:50  UWB보정중:0
17:10:50  UWB보정샘플:100
17:10:50  UWB보정기준:3.000
17:10:50  UWB오프셋:0.234
17:10:50  UWB위험사용:0
17:10:50  UWB전송:7556
17:10:50  위험송신:0
17:10:50  시각ms:1560679
17:10:50  IMU시각ms:1560678
17:10:50  위험:0
17:10:50  원시위험:0
17:10:50  GPS유효:1
17:10:50  위도:37.495942
17:10:50  경도:126.956113
17:10:50  속도:0.02
17:10:50  방향:290.8
17:10:50  이동방향유효:0
17:10:50  GPS이동방향:290.8
17:10:50  차체방향유효:0
17:10:50  차체방향:0.0
17:10:50  후진판정:0
17:10:50  IMU요회전속도:0.00
17:10:50  방향가속도크기:9.67
17:10:50  방향자이로크기:3.45
17:10:50  방향자세cos:1.0000
17:10:50  자기모델잔차:26.50
17:10:50  자기모델반경:0.931
17:10:50  방향채택:0
17:10:50  방향거부:168303
17:10:50  GPS원시속도:0.031
17:10:50  GPS원시방향유효:1
17:10:50  GPS원시방향:290.8
17:10:50  가속도:-0.47,0.44,9.64
17:10:50  자이로:1.8,-2.1,-2.0
17:10:50  자력계:7.950,4.650,20.550
17:10:50  충격값:0.12
17:10:50  충격피크:0.12
17:10:50  마지막충격발생값:0.00
17:10:50  마지막충격발생ms:0
17:10:50  송신:14852
17:10:50  지팡이수신:10073
17:10:50  GPS위성:9
17:10:50  GPS_HDOP:1.15
17:10:50  원시위도:37.495945
17:10:50  원시경도:126.956114
17:10:50  GPS채택:1545
17:10:50  GPS이상치거부:0
17:10:50  GPS품질거부:0
17:10:50  GPS재기준:0
17:10:50  계산거리:-1.00
17:10:50  접근속도:0.00
17:10:50  TTC:999.00
17:10:50  방향오차:0.0
17:10:50  전방여부:0
17:10:50  위험음성횟수:0
17:10:50  충격음성횟수:0
17:10:50  마지막위험음성:0
17:10:50  RSSI원시:-51
17:10:50  RSSI평활:-50.6
17:10:50  RSSI샘플:10073
17:10:50  RSSI경과ms:419
17:10:50  RSSI구간:4
17:10:50  RSSI거리:0.90
17:10:50  상대보정:0
17:10:50  상대보정중:0
17:10:50  보정동쪽:0.00
17:10:50  보정북쪽:0.00
17:10:50  UWB유효:1
17:10:50  UWB원시거리:0.920
17:10:50  UWB보정거리:0.900
17:10:50  UWB접근속도:-0.183
17:10:50  UWB_RSSI:nan
17:10:50  UWB경과ms:116
17:10:50  UWB샘플:7561
17:10:50  UWB실패:165
17:10:50  UWB보정:1
17:10:50  UWB보정중:0
17:10:50  UWB보정샘플:100
17:10:50  UWB보정기준:3.000
17:10:50  UWB오프셋:0.234
17:10:50  UWB위험사용:0
17:10:50  UWB전송:7556
17:10:50  위험송신:0
17:10:50  시각ms:1560698
17:10:50  IMU시각ms:1560698
17:10:50  위험:0
17:10:50  원시위험:0
17:10:50  GPS유효:1
17:10:50  위도:37.495942
17:10:50  경도:126.956113
17:10:50  속도:0.02
17:10:50  방향:290.8
17:10:50  이동방향유효:0
17:10:50  GPS이동방향:290.8
17:10:50  차체방향유효:0
17:10:50  차체방향:0.0
17:10:50  후진판정:0
17:10:50  IMU요회전속도:0.00
17:10:50  방향가속도크기:9.80
17:10:50  방향자이로크기:0.93
17:10:50  방향자세cos:0.9999
17:10:50  자기모델잔차:26.46
17:10:50  자기모델반경:0.915
17:10:50  방향채택:0
17:10:50  방향거부:168305
17:10:50  GPS원시속도:0.031
17:10:50  GPS원시방향유효:1
17:10:50  GPS원시방향:290.8
17:10:50  가속도:-0.34,0.46,9.78
17:10:50  자이로:-0.9,0.2,0.0
17:10:50  자력계:8.700,4.200,20.550
17:10:50  충격값:0.14
17:10:50  충격피크:0.15
17:10:50  마지막충격발생값:0.00
17:10:50  마지막충격발생ms:0
17:10:50  송신:14853
17:10:50  지팡이수신:10073
17:10:50  GPS위성:9
17:10:50  GPS_HDOP:1.15
17:10:50  원시위도:37.495945
17:10:50  원시경도:126.956114
17:10:50  GPS채택:1545
17:10:50  GPS이상치거부:0
17:10:50  GPS품질거부:0
17:10:50  GPS재기준:0
17:10:50  계산거리:-1.00
17:10:50  접근속도:0.00
17:10:50  TTC:999.00
17:10:50  방향오차:0.0
17:10:50  전방여부:0
17:10:50  위험음성횟수:0
17:10:50  충격음성횟수:0
17:10:50  마지막위험음성:0
17:10:50  RSSI원시:-51
17:10:50  RSSI평활:-50.6
17:10:50  RSSI샘플:10073
17:10:50  RSSI경과ms:438
17:10:50  RSSI구간:4
17:10:50  RSSI거리:0.90
17:10:50  상대보정:0
17:10:50  상대보정중:0
17:10:50  보정동쪽:0.00
17:10:50  보정북쪽:0.00
17:10:50  UWB유효:1
17:10:50  UWB원시거리:0.920
17:10:50  UWB보정거리:0.900
17:10:50  UWB접근속도:-0.183
17:10:50  UWB_RSSI:nan
17:10:50  UWB경과ms:135
17:10:50  UWB샘플:7561
17:10:50  UWB실패:165
17:10:50  UWB보정:1
17:10:50  UWB보정중:0
17:10:50  UWB보정샘플:100
17:10:50  UWB보정기준:3.000
17:10:50  UWB오프셋:0.234
17:10:50  UWB위험사용:0
17:10:50  UWB전송:7556
17:10:50  위험송신:0
17:10:50  시각ms:1560725
17:10:50  IMU시각ms:1560724
17:10:50  위험:0
17:10:50  원시위험:0
17:10:50  GPS유효:1
17:10:50  위도:37.495943
17:10:50  경도:126.956114
17:10:50  속도:0.03
17:10:50  방향:290.8
17:10:50  이동방향유효:0
17:10:50  GPS이동방향:290.8
17:10:50  차체방향유효:0
17:10:50  차체방향:0.0
17:10:50  후진판정:0
17:10:50  IMU요회전속도:0.00
17:10:50  방향가속도크기:9.76
17:10:50  방향자이로크기:1.04
17:10:50  방향자세cos:1.0000
17:10:50  자기모델잔차:25.19
17:10:50  자기모델반경:0.936
17:10:50  방향채택:0
17:10:50  방향거부:168308
17:10:50  GPS원시속도:0.031
17:10:50  GPS원시방향유효:1
17:10:50  GPS원시방향:290.8
17:10:50  가속도:-0.47,0.40,9.74
17:10:50  자이로:0.0,-1.0,0.3
17:10:50  자력계:9.600,4.800,19.200
17:10:50  충격값:0.07
17:10:50  충격피크:0.13
17:10:50  마지막충격발생값:0.00
17:10:50  마지막충격발생ms:0
17:10:50  송신:14853
17:10:50  지팡이수신:10073
17:10:50  GPS위성:8
17:10:50  GPS_HDOP:1.18
17:10:50  원시위도:37.495945
17:10:50  원시경도:126.956115
17:10:50  GPS채택:1546
17:10:50  GPS이상치거부:0
17:10:50  GPS품질거부:0
17:10:50  GPS재기준:0
17:10:50  계산거리:-1.00
17:10:50  접근속도:0.00
17:10:50  TTC:999.00
17:10:50  방향오차:0.0
17:10:50  전방여부:0
17:10:50  위험음성횟수:0
17:10:50  충격음성횟수:0
17:10:50  마지막위험음성:0
17:10:50  RSSI원시:-51
17:10:50  RSSI평활:-50.6
17:10:50  RSSI샘플:10073
17:10:50  RSSI경과ms:465
17:10:50  RSSI구간:4
17:10:50  RSSI거리:0.90
17:10:50  상대보정:0
17:10:50  상대보정중:0
17:10:50  보정동쪽:0.00
17:10:50  보정북쪽:0.00
17:10:50  UWB유효:1
17:10:50  UWB원시거리:0.920
17:10:50  UWB보정거리:0.900
17:10:50  UWB접근속도:-0.183
17:10:50  UWB_RSSI:nan
17:10:50  UWB경과ms:162
17:10:50  UWB샘플:7561
17:10:50  UWB실패:165
17:10:50  UWB보정:1
17:10:50  UWB보정중:0
17:10:50  UWB보정샘플:100
17:10:50  UWB보정기준:3.000
17:10:50  UWB오프셋:0.234
17:10:50  UWB위험사용:0
17:10:50  UWB전송:7556
17:10:50  위험송신:0
17:10:50  시각ms:1560774
17:10:50  IMU시각ms:1560774
17:10:50  위험:0
17:10:50  원시위험:0
17:10:50  GPS유효:1
17:10:50  위도:37.495943
17:10:50  경도:126.956114
17:10:50  속도:0.03
17:10:50  방향:290.8
17:10:50  이동방향유효:0
17:10:50  GPS이동방향:290.8
17:10:50  차체방향유효:0
17:10:50  차체방향:0.0
17:10:50  후진판정:0
17:10:50  IMU요회전속도:0.00
17:10:50  방향가속도크기:9.72
17:10:50  방향자이로크기:1.63
17:10:50  방향자세cos:0.9999
17:10:50  자기모델잔차:25.25
17:10:50  자기모델반경:0.869
17:10:50  방향채택:0
17:10:50  방향거부:168313
17:10:50  GPS원시속도:0.031
17:10:50  GPS원시방향유효:1
17:10:50  GPS원시방향:290.8
17:10:50  가속도:-0.33,0.45,9.70
17:10:50  자이로:0.6,1.1,-1.0
17:10:50  자력계:9.900,2.700,19.500
17:10:50  충격값:0.11
17:10:50  충격피크:0.15
17:10:50  마지막충격발생값:0.00
17:10:50  마지막충격발생ms:0
17:10:50  송신:14853
17:10:50  지팡이수신:10075
17:10:50  GPS위성:8
17:10:50  GPS_HDOP:1.18
17:10:50  원시위도:37.495945
17:10:50  원시경도:126.956115
17:10:50  GPS채택:1546
17:10:50  GPS이상치거부:0
17:10:50  GPS품질거부:0
17:10:50  GPS재기준:0
17:10:50  계산거리:-1.00
17:10:50  접근속도:0.00
17:10:50  TTC:999.00
17:10:50  방향오차:0.0
17:10:50  전방여부:0
17:10:50  위험음성횟수:0
17:10:50  충격음성횟수:0
17:10:50  마지막위험음성:0
17:10:50  RSSI원시:-49
17:10:50  RSSI평활:-49.9
17:10:50  RSSI샘플:10075
17:10:50  RSSI경과ms:4
17:10:50  RSSI구간:4
17:10:50  RSSI거리:0.84
17:10:50  상대보정:0
17:10:50  상대보정중:0
17:10:50  보정동쪽:0.00
17:10:50  보정북쪽:0.00
17:10:50  UWB유효:1
17:10:50  UWB원시거리:0.990
17:10:50  UWB보정거리:0.989
17:10:50  UWB접근속도:-0.261
17:10:50  UWB_RSSI:nan
17:10:50  UWB경과ms:9
17:10:50  UWB샘플:7562
17:10:50  UWB실패:165
17:10:50  UWB보정:1
17:10:50  UWB보정중:0
17:10:50  UWB보정샘플:100
17:10:50  UWB보정기준:3.000
17:10:50  UWB오프셋:0.234
17:10:50  UWB위험사용:0
17:10:50  UWB전송:7557
17:10:50  위험송신:0
17:10:50  시각ms:1560794
17:10:50  IMU시각ms:1560793
17:10:50  위험:0
17:10:50  원시위험:0
17:10:50  GPS유효:1
17:10:50  위도:37.495943
17:10:50  경도:126.956114
17:10:50  속도:0.03
17:10:50  방향:290.8
17:10:50  이동방향유효:0
17:10:50  GPS이동방향:290.8
17:10:50  차체방향유효:0
17:10:50  차체방향:0.0
17:10:50  후진판정:0
17:10:50  IMU요회전속도:0.00
17:10:50  방향가속도크기:9.67
17:10:50  방향자이로크기:1.35
17:10:50  방향자세cos:0.9999
17:10:50  자기모델잔차:27.48
17:10:50  자기모델반경:0.942
17:10:50  방향채택:0
17:10:50  방향거부:168315
17:10:50  GPS원시속도:0.031
17:10:50  GPS원시방향유효:1
17:10:50  GPS원시방향:290.8
17:10:50  가속도:-0.47,0.36,9.65
17:10:50  자이로:-0.3,1.2,0.6
17:10:50  자력계:10.050,5.250,21.450
17:10:50  충격값:0.09
17:10:50  충격피크:0.09
17:10:50  마지막충격발생값:0.00
17:10:50  마지막충격발생ms:0
17:10:50  송신:14854
17:10:50  지팡이수신:10075
17:10:50  GPS위성:8
17:10:50  GPS_HDOP:1.18
17:10:50  원시위도:37.495945
17:10:50  원시경도:126.956115
17:10:50  GPS채택:1546
17:10:50  GPS이상치거부:0
17:10:50  GPS품질거부:0
17:10:50  GPS재기준:0
17:10:50  계산거리:-1.00
17:10:50  접근속도:0.00
17:10:50  TTC:999.00
17:10:50  방향오차:0.0
17:10:50  전방여부:0
17:10:50  위험음성횟수:0
17:10:50  충격음성횟수:0
17:10:50  마지막위험음성:0
17:10:50  RSSI원시:-49
17:10:50  RSSI평활:-49.9
17:10:50  RSSI샘플:10075
17:10:50  RSSI경과ms:24
17:10:50  RSSI구간:4
17:10:50  RSSI거리:0.84
17:10:50  상대보정:0
17:10:50  상대보정중:0
17:10:50  보정동쪽:0.00
17:10:50  보정북쪽:0.00
17:10:50  UWB유효:1
17:10:50  UWB원시거리:0.990
17:10:50  UWB보정거리:0.989
17:10:50  UWB접근속도:-0.261
17:10:50  UWB_RSSI:nan
17:10:50  UWB경과ms:29
17:10:50  UWB샘플:7562
17:10:50  UWB실패:165
17:10:50  UWB보정:1
17:10:50  UWB보정중:0
17:10:50  UWB보정샘플:100
17:10:50  UWB보정기준:3.000
17:10:50  UWB오프셋:0.234
17:10:50  UWB위험사용:0
17:10:50  UWB전송:7557
17:10:50  위험송신:0
17:10:50  시각ms:1560822
17:10:50  IMU시각ms:1560821
17:10:50  위험:0
17:10:50  원시위험:0
17:10:50  GPS유효:1
17:10:50  위도:37.495943
17:10:50  경도:126.956114
17:10:50  속도:0.03
17:10:50  방향:290.8
17:10:50  이동방향유효:0
17:10:50  GPS이동방향:290.8
17:10:50  차체방향유효:0
17:10:50  차체방향:0.0
17:10:50  후진판정:0
17:10:50  IMU요회전속도:0.00
17:10:50  방향가속도크기:9.75
17:10:50  방향자이로크기:3.26
17:10:50  방향자세cos:0.9999
17:10:50  자기모델잔차:25.72
17:10:50  자기모델반경:0.916
17:10:50  방향채택:0
17:10:50  방향거부:168318
17:10:50  GPS원시속도:0.031
17:10:50  GPS원시방향유효:1
17:10:50  GPS원시방향:290.8
17:10:50  가속도:-0.42,0.37,9.73
17:10:50  자이로:0.9,-1.8,-2.5
17:10:50  자력계:9.150,4.200,19.800
17:10:50  충격값:0.01
17:10:50  충격피크:0.12
17:10:50  마지막충격발생값:0.00
17:10:50  마지막충격발생ms:0
17:10:50  송신:14854
17:10:50  지팡이수신:10075
17:10:50  GPS위성:8
17:10:50  GPS_HDOP:1.18
17:10:50  원시위도:37.495945
17:10:50  원시경도:126.956115
17:10:50  GPS채택:1546
17:10:50  GPS이상치거부:0
17:10:50  GPS품질거부:0
17:10:50  GPS재기준:0
17:10:50  계산거리:-1.00
17:10:50  접근속도:0.00
17:10:50  TTC:999.00
17:10:50  방향오차:0.0
17:10:50  전방여부:0
17:10:50  위험음성횟수:0
17:10:50  충격음성횟수:0
17:10:50  마지막위험음성:0
17:10:50  RSSI원시:-49
17:10:50  RSSI평활:-49.9
17:10:50  RSSI샘플:10075
17:10:50  RSSI경과ms:52
17:10:50  RSSI구간:4
17:10:50  RSSI거리:0.84
17:10:50  상대보정:0
17:10:50  상대보정중:0
17:10:50  보정동쪽:0.00
17:10:50  보정북쪽:0.00
17:10:50  UWB유효:1
17:10:50  UWB원시거리:0.990
17:10:50  UWB보정거리:0.989
17:10:50  UWB접근속도:-0.261
17:10:50  UWB_RSSI:nan
17:10:50  UWB경과ms:57
17:10:50  UWB샘플:7562
17:10:50  UWB실패:165
17:10:50  UWB보정:1
17:10:50  UWB보정중:0
17:10:50  UWB보정샘플:100
17:10:50  UWB보정기준:3.000
17:10:50  UWB오프셋:0.234
17:10:50  UWB위험사용:0
17:10:50  UWB전송:7557
17:10:50  위험송신:0
17:10:50  시각ms:1560850
17:10:50  IMU시각ms:1560850
17:10:50  위험:0
17:10:50  원시위험:0
17:10:50  GPS유효:1
17:10:50  위도:37.495943
17:10:50  경도:126.956114
17:10:50  속도:0.03
17:10:50  방향:290.8
17:10:50  이동방향유효:0
17:10:50  GPS이동방향:290.8
17:10:50  차체방향유효:0
17:10:50  차체방향:0.0
17:10:50  후진판정:0
17:10:50  IMU요회전속도:0.00
17:10:50  방향가속도크기:9.69
17:10:50  방향자이로크기:2.04
17:10:50  방향자세cos:0.9999
17:10:50  자기모델잔차:26.73
17:10:50  자기모델반경:0.948
17:10:50  방향채택:0
17:10:50  방향거부:168321
17:10:50  GPS원시속도:0.031
17:10:50  GPS원시방향유효:1
17:10:50  GPS원시방향:290.8
17:10:50  가속도:-0.37,0.35,9.67
17:10:50  자이로:1.6,0.4,-1.2
17:10:50  자력계:8.550,5.250,20.700
17:10:50  충격값:0.07
17:10:50  충격피크:0.14
17:10:50  마지막충격발생값:0.00
17:10:50  마지막충격발생ms:0
17:10:50  송신:14854
17:10:50  지팡이수신:10075
17:10:50  GPS위성:8
17:10:50  GPS_HDOP:1.18
17:10:50  원시위도:37.495945
17:10:50  원시경도:126.956115
17:10:50  GPS채택:1546
17:10:50  GPS이상치거부:0
17:10:50  GPS품질거부:0
17:10:50  GPS재기준:0
17:10:50  계산거리:-1.00
17:10:50  접근속도:0.00
17:10:50  TTC:999.00
17:10:50  방향오차:0.0
17:10:50  전방여부:0
17:10:50  위험음성횟수:0
17:10:50  충격음성횟수:0
17:10:50  마지막위험음성:0
17:10:50  RSSI원시:-49
17:10:50  RSSI평활:-49.9
17:10:50  RSSI샘플:10075
17:10:50  RSSI경과ms:80
17:10:50  RSSI구간:4
17:10:50  RSSI거리:0.84
17:10:50  상대보정:0
17:10:50  상대보정중:0
17:10:50  보정동쪽:0.00
17:10:50  보정북쪽:0.00
17:10:50  UWB유효:1
17:10:50  UWB원시거리:0.990
17:10:50  UWB보정거리:0.989
17:10:50  UWB접근속도:-0.261
17:10:50  UWB_RSSI:nan
17:10:50  UWB경과ms:85
17:10:50  UWB샘플:7562
17:10:50  UWB실패:165
17:10:50  UWB보정:1
17:10:50  UWB보정중:0
17:10:50  UWB보정샘플:100
17:10:50  UWB보정기준:3.000
17:10:50  UWB오프셋:0.234
17:10:50  UWB위험사용:0
17:10:50  UWB전송:7557
17:10:50  위험송신:0
17:10:50  시각ms:1560934
17:10:50  IMU시각ms:1560934
17:10:50  위험:0
17:10:50  원시위험:0
17:10:50  GPS유효:1
17:10:50  위도:37.495943
17:10:50  경도:126.956114
17:10:50  속도:0.03
17:10:50  방향:290.8
17:10:50  이동방향유효:0
17:10:50  GPS이동방향:290.8
17:10:50  차체방향유효:0
17:10:50  차체방향:0.0
17:10:50  후진판정:0
17:10:50  IMU요회전속도:0.00
17:10:50  방향가속도크기:9.82
17:10:50  방향자이로크기:3.31
17:10:50  방향자세cos:1.0000
17:10:50  자기모델잔차:25.19
17:10:50  자기모델반경:0.937
17:10:50  방향채택:0
17:10:50  방향거부:168330
17:10:50  GPS원시속도:0.031
17:10:50  GPS원시방향유효:1
17:10:50  GPS원시방향:290.8
17:10:50  가속도:-0.40,0.42,9.81
17:10:50  자이로:1.5,0.3,2.9
17:10:50  자력계:9.300,4.800,19.200
17:10:50  충격값:0.10
17:10:50  충격피크:0.10
17:10:50  마지막충격발생값:0.00
17:10:50  마지막충격발생ms:0
17:10:50  송신:14855
17:10:50  지팡이수신:10076
17:10:50  GPS위성:8
17:10:50  GPS_HDOP:1.18
17:10:50  원시위도:37.495945
17:10:50  원시경도:126.956115
17:10:50  GPS채택:1546
17:10:50  GPS이상치거부:0
17:10:50  GPS품질거부:0
17:10:50  GPS재기준:0
17:10:50  계산거리:-1.00
17:10:50  접근속도:0.00
17:10:50  TTC:999.00
17:10:50  방향오차:0.0
17:10:50  전방여부:0
17:10:50  위험음성횟수:0
17:10:50  충격음성횟수:0
17:10:50  마지막위험음성:0
17:10:50  RSSI원시:-49
17:10:50  RSSI평활:-49.7
17:10:50  RSSI샘플:10076
17:10:50  RSSI경과ms:73
17:10:50  RSSI구간:4
17:10:50  RSSI거리:0.83
17:10:50  상대보정:0
17:10:50  상대보정중:0
17:10:50  보정동쪽:0.00
17:10:50  보정북쪽:0.00
17:10:50  UWB유효:1
17:10:50  UWB원시거리:0.990
17:10:50  UWB보정거리:0.989
17:10:50  UWB접근속도:-0.261
17:10:50  UWB_RSSI:nan
17:10:50  UWB경과ms:169
17:10:50  UWB샘플:7562
17:10:50  UWB실패:165
17:10:50  UWB보정:1
17:10:50  UWB보정중:0
17:10:50  UWB보정샘플:100
17:10:50  UWB보정기준:3.000
17:10:50  UWB오프셋:0.234
17:10:50  UWB위험사용:0
17:10:50  UWB전송:7557
17:10:50  위험송신:0
17:10:50  시각ms:1560966
17:10:50  IMU시각ms:1560961
17:10:50  위험:0
17:10:50  원시위험:0
17:10:50  GPS유효:1
17:10:50  위도:37.495943
17:10:50  경도:126.956114
17:10:50  속도:0.03
17:10:50  방향:290.8
17:10:50  이동방향유효:0
17:10:50  GPS이동방향:290.8
17:10:50  차체방향유효:0
17:10:50  차체방향:0.0
17:10:50  후진판정:0
17:10:50  IMU요회전속도:0.00
17:10:50  방향가속도크기:9.71
17:10:50  방향자이로크기:2.88
17:10:50  방향자세cos:0.9999
17:10:50  자기모델잔차:26.82
17:10:50  자기모델반경:0.970
17:10:50  방향채택:0
17:10:50  방향거부:168333
17:10:50  GPS원시속도:0.031
17:10:50  GPS원시방향유효:1
17:10:50  GPS원시방향:290.8
17:10:50  가속도:-0.39,0.40,9.69
17:10:50  자이로:0.9,2.0,-1.8
17:10:50  자력계:8.850,6.000,20.700
17:10:50  충격값:0.05
17:10:50  충격피크:0.19
17:10:50  마지막충격발생값:0.00
17:10:50  마지막충격발생ms:0
17:10:50  송신:14855
17:10:50  지팡이수신:10077
17:10:50  GPS위성:8
17:10:50  GPS_HDOP:1.18
17:10:50  원시위도:37.495945
17:10:50  원시경도:126.956115
17:10:50  GPS채택:1546
17:10:50  GPS이상치거부:0
17:10:50  GPS품질거부:0
17:10:50  GPS재기준:0
17:10:50  계산거리:-1.00
17:10:50  접근속도:0.00
17:10:50  TTC:999.00
17:10:50  방향오차:0.0
17:10:50  전방여부:0
17:10:50  위험음성횟수:0
17:10:50  충격음성횟수:0
17:10:50  마지막위험음성:0
17:10:50  RSSI원시:-52
17:10:50  RSSI평활:-50.1
17:10:50  RSSI샘플:10077
17:10:50  RSSI경과ms:4
17:10:50  RSSI구간:4
17:10:50  RSSI거리:0.86
17:10:50  상대보정:0
17:10:50  상대보정중:0
17:10:50  보정동쪽:0.00
17:10:50  보정북쪽:0.00
17:10:50  UWB유효:1
17:10:50  UWB원시거리:1.070
17:10:50  UWB보정거리:1.047
17:10:50  UWB접근속도:-0.269
17:10:50  UWB_RSSI:nan
17:10:50  UWB경과ms:1
17:10:50  UWB샘플:7563
17:10:50  UWB실패:165
17:10:50  UWB보정:1
17:10:50  UWB보정중:0
17:10:50  UWB보정샘플:100
17:10:50  UWB보정기준:3.000
17:10:50  UWB오프셋:0.234
17:10:50  UWB위험사용:0
17:10:50  UWB전송:7558
17:10:50  위험송신:0
17:10:50  시각ms:1560987
17:10:50  IMU시각ms:1560987
17:10:50  위험:0
17:10:50  원시위험:0
17:10:50  GPS유효:1
17:10:50  위도:37.495943
17:10:50  경도:126.956114
17:10:50  속도:0.03
17:10:50  방향:290.8
17:10:50  이동방향유효:0
17:10:50  GPS이동방향:290.8
17:10:50  차체방향유효:0
17:10:50  차체방향:0.0
17:10:50  후진판정:0
17:10:50  IMU요회전속도:0.00
17:10:50  방향가속도크기:9.74
17:10:50  방향자이로크기:2.01
17:10:50  방향자세cos:0.9997
17:10:50  자기모델잔차:24.54
17:10:50  자기모델반경:0.971
17:10:50  방향채택:0
17:10:50  방향거부:168335
17:10:50  GPS원시속도:0.031
17:10:50  GPS원시방향유효:1
17:10:50  GPS원시방향:290.8
17:10:50  가속도:-0.45,0.26,9.73
17:10:50  자이로:0.9,-1.1,-1.4
17:10:50  자력계:8.100,5.700,18.450
17:10:50  충격값:0.12
17:10:50  충격피크:0.12
17:10:50  마지막충격발생값:0.00
17:10:50  마지막충격발생ms:0
17:10:50  송신:14855
17:10:50  지팡이수신:10077
17:10:50  GPS위성:8
17:10:50  GPS_HDOP:1.18
17:10:50  원시위도:37.495945
17:10:50  원시경도:126.956115
17:10:50  GPS채택:1546
17:10:50  GPS이상치거부:0
17:10:50  GPS품질거부:0
17:10:50  GPS재기준:0
17:10:50  계산거리:-1.00
17:10:50  접근속도:0.00
17:10:50  TTC:999.00
17:10:50  방향오차:0.0
17:10:50  전방여부:0
17:10:50  위험음성횟수:0
17:10:50  충격음성횟수:0
17:10:50  마지막위험음성:0
17:10:50  RSSI원시:-52
17:10:50  RSSI평활:-50.1
17:10:50  RSSI샘플:10077
17:10:50  RSSI경과ms:25
17:10:50  RSSI구간:4
17:10:50  RSSI거리:0.86
17:10:50  상대보정:0
17:10:50  상대보정중:0
17:10:50  보정동쪽:0.00
17:10:50  보정북쪽:0.00
17:10:50  UWB유효:1
17:10:50  UWB원시거리:1.070
17:10:50  UWB보정거리:1.047
17:10:50  UWB접근속도:-0.269
17:10:50  UWB_RSSI:nan
17:10:50  UWB경과ms:22
17:10:50  UWB샘플:7563
17:10:50  UWB실패:165
17:10:50  UWB보정:1
17:10:50  UWB보정중:0
17:10:50  UWB보정샘플:100
17:10:50  UWB보정기준:3.000
17:10:50  UWB오프셋:0.234
17:10:50  UWB위험사용:0
17:10:50  UWB전송:7558
17:10:50  위험송신:0
17:10:50  시각ms:1561008
17:10:50  IMU시각ms:1561008
17:10:50  위험:0
17:10:50  원시위험:0
17:10:50  GPS유효:1
17:10:50  위도:37.495943
17:10:50  경도:126.956114
17:10:50  속도:0.03
17:10:50  방향:290.8
17:10:50  이동방향유효:0
17:10:50  GPS이동방향:290.8
17:10:50  차체방향유효:0
17:10:50  차체방향:0.0
17:10:50  후진판정:0
17:10:50  IMU요회전속도:0.00
17:10:50  방향가속도크기:9.74
17:10:50  방향자이로크기:4.31
17:10:50  방향자세cos:0.9997
17:10:50  자기모델잔차:23.84
17:10:50  자기모델반경:0.901
17:10:50  방향채택:0
17:10:50  방향거부:168337
17:10:50  GPS원시속도:0.031
17:10:50  GPS원시방향유효:1
17:10:50  GPS원시방향:290.8
17:10:50  가속도:-0.43,0.24,9.73
17:10:50  자이로:1.0,-0.9,-4.1
17:10:50  자력계:8.400,3.450,18.000
17:10:50  충격값:0.12
17:10:50  충격피크:0.13
17:10:50  마지막충격발생값:0.00
17:10:50  마지막충격발생ms:0
17:10:50  송신:14856
17:10:50  지팡이수신:10077
17:10:50  GPS위성:8
17:10:50  GPS_HDOP:1.18
17:10:50  원시위도:37.495945
17:10:50  원시경도:126.956115
17:10:50  GPS채택:1546
17:10:50  GPS이상치거부:0
17:10:50  GPS품질거부:0
17:10:50  GPS재기준:0
17:10:50  계산거리:-1.00
17:10:50  접근속도:0.00
17:10:50  TTC:999.00
17:10:50  방향오차:0.0
17:10:50  전방여부:0
17:10:50  위험음성횟수:0
17:10:50  충격음성횟수:0
17:10:50  마지막위험음성:0
17:10:50  RSSI원시:-52
17:10:50  RSSI평활:-50.1
17:10:50  RSSI샘플:10077
17:10:50  RSSI경과ms:46
17:10:50  RSSI구간:4
17:10:50  RSSI거리:0.86
17:10:50  상대보정:0
17:10:50  상대보정중:0
17:10:50  보정동쪽:0.00
17:10:50  보정북쪽:0.00
17:10:50  UWB유효:1
17:10:50  UWB원시거리:1.070
17:10:50  UWB보정거리:1.047
17:10:50  UWB접근속도:-0.269
17:10:50  UWB_RSSI:nan
17:10:50  UWB경과ms:43
17:10:50  UWB샘플:7563
17:10:50  UWB실패:165
17:10:50  UWB보정:1
17:10:50  UWB보정중:0
17:10:50  UWB보정샘플:100
17:10:50  UWB보정기준:3.000
17:10:50  UWB오프셋:0.234
17:10:50  UWB위험사용:0
17:10:50  UWB전송:7558
17:10:50  위험송신:0
17:10:50  시각ms:1561038
17:10:50  IMU시각ms:1561038
17:10:50  위험:0
17:10:50  원시위험:0
17:10:50  GPS유효:1
17:10:50  위도:37.495943
17:10:50  경도:126.956114
17:10:50  속도:0.03
17:10:50  방향:290.8
17:10:50  이동방향유효:0
17:10:50  GPS이동방향:290.8
17:10:50  차체방향유효:0
17:10:50  차체방향:0.0
17:10:50  후진판정:0
17:10:50  IMU요회전속도:0.00
17:10:50  방향가속도크기:9.60
17:10:50  방향자이로크기:3.78
17:10:50  방향자세cos:0.9998
17:10:50  자기모델잔차:25.41
17:10:50  자기모델반경:0.923
17:10:50  방향채택:0
17:10:50  방향거부:168340
17:10:50  GPS원시속도:0.031
17:10:50  GPS원시방향유효:1
17:10:50  GPS원시방향:290.8
17:10:50  가속도:-0.49,0.31,9.59
17:10:50  자이로:1.0,2.1,-3.0
17:10:50  자력계:7.500,4.200,19.500
17:10:50  충격값:0.17
17:10:50  충격피크:0.17
17:10:50  마지막충격발생값:0.00
17:10:50  마지막충격발생ms:0
17:10:50  송신:14856
17:10:50  지팡이수신:10077
17:10:50  GPS위성:8
17:10:50  GPS_HDOP:1.18
17:10:50  원시위도:37.495945
17:10:50  원시경도:126.956115
17:10:50  GPS채택:1546
17:10:50  GPS이상치거부:0
17:10:50  GPS품질거부:0
17:10:50  GPS재기준:0
17:10:50  계산거리:-1.00
17:10:50  접근속도:0.00
17:10:50  TTC:999.00
17:10:50  방향오차:0.0
17:10:50  전방여부:0
17:10:50  위험음성횟수:0
17:10:50  충격음성횟수:0
17:10:50  마지막위험음성:0
17:10:50  RSSI원시:-52
17:10:50  RSSI평활:-50.1
17:10:50  RSSI샘플:10077
17:10:50  RSSI경과ms:76
17:10:50  RSSI구간:4
17:10:50  RSSI거리:0.86
17:10:50  상대보정:0
17:10:50  상대보정중:0
17:10:50  보정동쪽:0.00
17:10:50  보정북쪽:0.00
17:10:50  UWB유효:1
17:10:50  UWB원시거리:1.070
17:10:50  UWB보정거리:1.047
17:10:50  UWB접근속도:-0.269
17:10:50  UWB_RSSI:nan
17:10:50  UWB경과ms:73
17:10:50  UWB샘플:7563
17:10:50  UWB실패:165
17:10:50  UWB보정:1
17:10:50  UWB보정중:0
17:10:50  UWB보정샘플:100
17:10:50  UWB보정기준:3.000
17:10:50  UWB오프셋:0.234
17:10:50  UWB위험사용:0
17:10:50  UWB전송:7558
17:10:50  위험송신:0
17:10:50  시각ms:1561079
17:10:50  IMU시각ms:1561079
17:10:50  위험:0
17:10:50  원시위험:0
17:10:50  GPS유효:1
17:10:50  위도:37.495943
17:10:50  경도:126.956114
17:10:50  속도:0.03
17:10:50  방향:290.8
17:10:50  이동방향유효:0
17:10:50  GPS이동방향:290.8
17:10:50  차체방향유효:0
17:10:50  차체방향:0.0
17:10:50  후진판정:0
17:10:50  IMU요회전속도:0.00
17:10:50  방향가속도크기:9.82
17:10:50  방향자이로크기:3.08
17:10:50  방향자세cos:0.9998
17:10:50  자기모델잔차:26.30
17:10:50  자기모델반경:0.952
17:10:50  방향채택:0
17:10:50  방향거부:168344
17:10:50  GPS원시속도:0.031
17:10:50  GPS원시방향유효:1
17:10:50  GPS원시방향:290.8
17:10:50  가속도:-0.32,0.31,9.81
17:10:50  자이로:-0.6,1.9,-2.4
17:10:50  자력계:9.450,5.400,20.250
17:10:50  충격값:0.14
17:10:50  충격피크:0.14
17:10:50  마지막충격발생값:0.00
17:10:50  마지막충격발생ms:0
17:10:50  송신:14856
17:10:50  지팡이수신:10078
17:10:50  GPS위성:8
17:10:50  GPS_HDOP:1.18
17:10:50  원시위도:37.495945
17:10:50  원시경도:126.956115
17:10:50  GPS채택:1546
17:10:50  GPS이상치거부:0
17:10:50  GPS품질거부:0
17:10:50  GPS재기준:0
17:10:50  계산거리:-1.00
17:10:50  접근속도:0.00
17:10:50  TTC:999.00
17:10:50  방향오차:0.0
17:10:50  전방여부:0
17:10:50  위험음성횟수:0
17:10:50  충격음성횟수:0
17:10:50  마지막위험음성:0
17:10:50  RSSI원시:-62
17:10:50  RSSI평활:-52.5
17:10:50  RSSI샘플:10078
17:10:50  RSSI경과ms:15
17:10:50  RSSI구간:4
17:10:50  RSSI거리:1.08
17:10:50  상대보정:0
17:10:50  상대보정중:0
17:10:50  보정동쪽:0.00
17:10:50  보정북쪽:0.00
17:10:50  UWB유효:1
17:10:50  UWB원시거리:1.070
17:10:50  UWB보정거리:1.047
17:10:50  UWB접근속도:-0.269
17:10:50  UWB_RSSI:nan
17:10:50  UWB경과ms:114
17:10:50  UWB샘플:7563
17:10:50  UWB실패:165
17:10:50  UWB보정:1
17:10:50  UWB보정중:0
17:10:50  UWB보정샘플:100
17:10:50  UWB보정기준:3.000
17:10:50  UWB오프셋:0.234
17:10:50  UWB위험사용:0
17:10:50  UWB전송:7558
17:10:50  위험송신:0
17:10:50  시각ms:1561105
17:10:50  IMU시각ms:1561104
17:10:50  위험:0
17:10:50  원시위험:0
17:10:50  GPS유효:1
17:10:50  위도:37.495943
17:10:50  경도:126.956114
17:10:50  속도:0.03
17:10:50  방향:290.8
17:10:50  이동방향유효:0
17:10:50  GPS이동방향:290.8
17:10:50  차체방향유효:0
17:10:50  차체방향:0.0
17:10:50  후진판정:0
17:10:50  IMU요회전속도:0.00
17:10:50  방향가속도크기:9.79
17:10:50  방향자이로크기:3.39
17:10:50  방향자세cos:0.9998
17:10:50  자기모델잔차:25.77
17:10:50  자기모델반경:0.976
17:10:50  방향채택:0
17:10:50  방향거부:168347
17:10:50  GPS원시속도:0.031
17:10:50  GPS원시방향유효:1
17:10:50  GPS원시방향:290.8
17:10:50  가속도:-0.44,0.29,9.78
17:10:50  자이로:-0.2,-3.3,-0.8
17:10:50  자력계:8.100,6.000,19.650
17:10:50  충격값:0.10
17:10:50  충격피크:0.18
17:10:50  마지막충격발생값:0.00
17:10:50  마지막충격발생ms:0
17:10:50  송신:14857
17:10:50  지팡이수신:10078
17:10:50  GPS위성:8
17:10:50  GPS_HDOP:1.18
17:10:50  원시위도:37.495945
17:10:50  원시경도:126.956115
17:10:50  GPS채택:1546
17:10:50  GPS이상치거부:0
17:10:50  GPS품질거부:0
17:10:50  GPS재기준:0
17:10:50  계산거리:-1.00
17:10:50  접근속도:0.00
17:10:50  TTC:999.00
17:10:50  방향오차:0.0
17:10:50  전방여부:0
17:10:50  위험음성횟수:0
17:10:50  충격음성횟수:0
17:10:50  마지막위험음성:0
17:10:50  RSSI원시:-62
17:10:50  RSSI평활:-52.5
17:10:50  RSSI샘플:10078
17:10:50  RSSI경과ms:41
17:10:50  RSSI구간:4
17:10:50  RSSI거리:1.08
17:10:50  상대보정:0
17:10:50  상대보정중:0
17:10:50  보정동쪽:0.00
17:10:50  보정북쪽:0.00
17:10:50  UWB유효:1
17:10:50  UWB원시거리:1.070
17:10:50  UWB보정거리:1.047
17:10:50  UWB접근속도:-0.269
17:10:50  UWB_RSSI:nan
17:10:50  UWB경과ms:140
17:10:50  UWB샘플:7563
17:10:50  UWB실패:165
17:10:50  UWB보정:1
17:10:50  UWB보정중:0
17:10:50  UWB보정샘플:100
17:10:50  UWB보정기준:3.000
17:10:50  UWB오프셋:0.234
17:10:50  UWB위험사용:0
17:10:50  UWB전송:7558
17:10:50  위험송신:0
17:10:50  시각ms:1561125
17:10:50  IMU시각ms:1561125
17:10:50  위험:0
17:10:50  원시위험:0
17:10:50  GPS유효:1
17:10:50  위도:37.495943
17:10:50  경도:126.956114
17:10:50  속도:0.03
17:10:50  방향:290.8
17:10:50  이동방향유효:0
17:10:50  GPS이동방향:290.8
17:10:50  차체방향유효:0
17:10:50  차체방향:0.0
17:10:50  후진판정:0
17:10:50  IMU요회전속도:0.00
17:10:50  방향가속도크기:9.71
17:10:50  방향자이로크기:1.61
17:10:50  방향자세cos:0.9998
17:10:50  자기모델잔차:27.43
17:10:50  자기모델반경:0.928
17:10:50  방향채택:0
17:10:50  방향거부:168349
17:10:50  GPS원시속도:0.031
17:10:50  GPS원시방향유효:1
17:10:50  GPS원시방향:290.8
17:10:50  가속도:-0.44,0.31,9.69
17:10:50  자이로:1.5,0.2,-0.4
17:10:50  자력계:9.600,4.800,21.450
17:10:50  충격값:0.06
17:10:50  충격피크:0.06
17:10:50  마지막충격발생값:0.00
17:10:50  마지막충격발생ms:0
17:10:50  송신:14857
17:10:50  지팡이수신:10078
17:10:50  GPS위성:8
17:10:50  GPS_HDOP:1.18
17:10:50  원시위도:37.495945
17:10:50  원시경도:126.956115
17:10:50  GPS채택:1546
17:10:50  GPS이상치거부:0
17:10:50  GPS품질거부:0
17:10:50  GPS재기준:0
17:10:50  계산거리:-1.00
17:10:50  접근속도:0.00
17:10:50  TTC:999.00
17:10:50  방향오차:0.0
17:10:50  전방여부:0
17:10:50  위험음성횟수:0
17:10:50  충격음성횟수:0
17:10:50  마지막위험음성:0
17:10:50  RSSI원시:-62
17:10:50  RSSI평활:-52.5
17:10:50  RSSI샘플:10078
17:10:50  RSSI경과ms:61
17:10:50  RSSI구간:4
17:10:50  RSSI거리:1.08
17:10:50  상대보정:0
17:10:50  상대보정중:0
17:10:50  보정동쪽:0.00
17:10:50  보정북쪽:0.00
17:10:50  UWB유효:1
17:10:50  UWB원시거리:1.070
17:10:50  UWB보정거리:1.047
17:10:50  UWB접근속도:-0.269
17:10:50  UWB_RSSI:nan
17:10:50  UWB경과ms:160
17:10:50  UWB샘플:7563
17:10:50  UWB실패:165
17:10:50  UWB보정:1
17:10:50  UWB보정중:0
17:10:50  UWB보정샘플:100
17:10:50  UWB보정기준:3.000
17:10:50  UWB오프셋:0.234
17:10:50  UWB위험사용:0
17:10:50  UWB전송:7558
17:10:50  위험송신:0
17:10:50  시각ms:1561152
17:10:50  IMU시각ms:1561152
17:10:50  위험:0
17:10:50  원시위험:0
17:10:50  GPS유효:1
17:10:50  위도:37.495943
17:10:50  경도:126.956114
17:10:50  속도:0.03
17:10:50  방향:290.8
17:10:50  이동방향유효:0
17:10:50  GPS이동방향:290.8
17:10:50  차체방향유효:0
17:10:50  차체방향:0.0
17:10:50  후진판정:0
17:10:50  IMU요회전속도:0.00
17:10:50  방향가속도크기:9.74
17:10:50  방향자이로크기:2.77
17:10:50  방향자세cos:0.9999
17:10:50  자기모델잔차:25.93
17:10:50  자기모델반경:0.938
17:10:50  방향채택:0
17:10:50  방향거부:168352
17:10:50  GPS원시속도:0.031
17:10:50  GPS원시방향유효:1
17:10:50  GPS원시방향:290.8
17:10:50  가속도:-0.47,0.35,9.72
17:10:50  자이로:1.4,-1.5,-1.8
17:10:50  자력계:8.100,4.800,19.950
17:10:50  충격값:0.06
17:10:50  충격피크:0.11
17:10:50  마지막충격발생값:0.00
17:10:50  마지막충격발생ms:0
17:10:50  송신:14857
17:10:50  지팡이수신:10078
17:10:50  GPS위성:8
17:10:50  GPS_HDOP:1.18
17:10:50  원시위도:37.495945
17:10:50  원시경도:126.956115
17:10:50  GPS채택:1546
17:10:50  GPS이상치거부:0
17:10:50  GPS품질거부:0
17:10:50  GPS재기준:0
17:10:50  계산거리:-1.00
17:10:50  접근속도:0.00
17:10:50  TTC:999.00
17:10:50  방향오차:0.0
17:10:50  전방여부:0
17:10:50  위험음성횟수:0
17:10:50  충격음성횟수:0
17:10:50  마지막위험음성:0
17:10:50  RSSI원시:-62
17:10:50  RSSI평활:-52.5
17:10:50  RSSI샘플:10078
17:10:50  RSSI경과ms:88
17:10:50  RSSI구간:4
17:10:50  RSSI거리:1.08
17:10:50  상대보정:0
17:10:50  상대보정중:0
17:10:50  보정동쪽:0.00
17:10:50  보정북쪽:0.00
17:10:50  UWB유효:1
17:10:50  UWB원시거리:1.070
17:10:50  UWB보정거리:1.047
17:10:50  UWB접근속도:-0.269
17:10:50  UWB_RSSI:nan
17:10:50  UWB경과ms:187
17:10:50  UWB샘플:7563
17:10:50  UWB실패:165
17:10:50  UWB보정:1
17:10:50  UWB보정중:0
17:10:50  UWB보정샘플:100
17:10:50  UWB보정기준:3.000
17:10:50  UWB오프셋:0.234
17:10:50  UWB위험사용:0
17:10:50  UWB전송:7558
17:10:50  위험송신:0
17:10:50  시각ms:1561177
17:10:50  IMU시각ms:1561176
17:10:50  위험:0
17:10:50  원시위험:0
17:10:50  GPS유효:1
17:10:50  위도:37.495943
17:10:50  경도:126.956114
17:10:50  속도:0.03
17:10:50  방향:290.8
17:10:50  이동방향유효:0
17:10:50  GPS이동방향:290.8
17:10:50  차체방향유효:0
17:10:50  차체방향:0.0
17:10:50  후진판정:0
17:10:50  IMU요회전속도:0.00
17:10:50  방향가속도크기:9.85
17:10:50  방향자이로크기:4.19
17:10:50  방향자세cos:0.9999
17:10:50  자기모델잔차:26.57
17:10:50  자기모델반경:0.940
17:10:50  방향채택:0
17:10:50  방향거부:168354
17:10:50  GPS원시속도:0.031
17:10:50  GPS원시방향유효:1
17:10:50  GPS원시방향:290.8
17:10:50  가속도:-0.45,0.36,9.83
17:10:50  자이로:-0.1,0.8,-4.1
17:10:50  자력계:10.200,5.100,20.550
17:10:50  충격값:0.12
17:10:50  충격피크:0.12
17:10:50  마지막충격발생값:0.00
17:10:50  마지막충격발생ms:0
17:10:50  송신:14857
17:10:50  지팡이수신:10079
17:10:50  GPS위성:8
17:10:50  GPS_HDOP:1.18
17:10:50  원시위도:37.495945
17:10:50  원시경도:126.956115
17:10:50  GPS채택:1546
17:10:50  GPS이상치거부:0
17:10:50  GPS품질거부:0
17:10:50  GPS재기준:0
17:10:50  계산거리:-1.00
17:10:50  접근속도:0.00
17:10:50  TTC:999.00
17:10:50  방향오차:0.0
17:10:50  전방여부:0
17:10:50  위험음성횟수:0
17:10:50  충격음성횟수:0
17:10:50  마지막위험음성:0
17:10:50  RSSI원시:-51
17:10:50  RSSI평활:-52.2
17:10:50  RSSI샘플:10079
17:10:50  RSSI경과ms:7
17:10:50  RSSI구간:4
17:10:50  RSSI거리:1.05
17:10:50  상대보정:0
17:10:50  상대보정중:0
17:10:50  보정동쪽:0.00
17:10:50  보정북쪽:0.00
17:10:50  UWB유효:1
17:10:50  UWB원시거리:1.200
17:10:50  UWB보정거리:1.109
17:10:50  UWB접근속도:-0.281
17:10:50  UWB_RSSI:nan
17:10:50  UWB경과ms:11
17:10:50  UWB샘플:7564
17:10:50  UWB실패:165
17:10:50  UWB보정:1
17:10:50  UWB보정중:0
17:10:50  UWB보정샘플:100
17:10:50  UWB보정기준:3.000
17:10:50  UWB오프셋:0.234
17:10:50  UWB위험사용:0
17:10:50  UWB전송:7559
17:10:50  위험송신:0
17:10:50  시각ms:1561202
17:10:50  IMU시각ms:1561202
17:10:50  위험:0
17:10:50  원시위험:0
17:10:50  GPS유효:1
17:10:50  위도:37.495943
17:10:50  경도:126.956114
17:10:50  속도:0.03
17:10:50  방향:290.8
17:10:50  이동방향유효:0
17:10:50  GPS이동방향:290.8
17:10:50  차체방향유효:0
17:10:50  차체방향:0.0
17:10:50  후진판정:0
17:10:50  IMU요회전속도:0.00
17:10:50  방향가속도크기:9.72
17:10:50  방향자이로크기:1.47
17:10:50  방향자세cos:0.9999
17:10:50  자기모델잔차:25.83
17:10:50  자기모델반경:0.943
17:10:50  방향채택:0
17:10:50  방향거부:168357
17:10:50  GPS원시속도:0.031
17:10:50  GPS원시방향유효:1
17:10:50  GPS원시방향:290.8
17:10:50  가속도:-0.35,0.38,9.71
17:10:50  자이로:-0.5,-0.5,-1.3
17:10:50  자력계:9.900,5.100,19.800
17:10:50  충격값:0.07
17:10:50  충격피크:0.16
17:10:50  마지막충격발생값:0.00
17:10:50  마지막충격발생ms:0
17:10:50  송신:14857
17:10:50  지팡이수신:10079
17:10:50  GPS위성:8
17:10:50  GPS_HDOP:1.18
17:10:50  원시위도:37.495945
17:10:50  원시경도:126.956115
17:10:50  GPS채택:1546
17:10:50  GPS이상치거부:0
17:10:50  GPS품질거부:0
17:10:50  GPS재기준:0
17:10:50  계산거리:-1.00
17:10:50  접근속도:0.00
17:10:50  TTC:999.00
17:10:50  방향오차:0.0
17:10:50  전방여부:0
17:10:50  위험음성횟수:0
17:10:50  충격음성횟수:0
17:10:50  마지막위험음성:0
17:10:50  RSSI원시:-51
17:10:50  RSSI평활:-52.2
17:10:50  RSSI샘플:10079
17:10:50  RSSI경과ms:32
17:10:50  RSSI구간:4
17:10:50  RSSI거리:1.05
17:10:50  상대보정:0
17:10:50  상대보정중:0
17:10:50  보정동쪽:0.00
17:10:50  보정북쪽:0.00
17:10:50  UWB유효:1
17:10:50  UWB원시거리:1.200
17:10:50  UWB보정거리:1.109
17:10:50  UWB접근속도:-0.281
17:10:50  UWB_RSSI:nan
17:10:50  UWB경과ms:36
17:10:50  UWB샘플:7564
17:10:50  UWB실패:165
17:10:50  UWB보정:1
17:10:50  UWB보정중:0
17:10:50  UWB보정샘플:100
17:10:50  UWB보정기준:3.000
17:10:50  UWB오프셋:0.234
17:10:50  UWB위험사용:0
17:10:50  UWB전송:7559
17:10:50  위험송신:0
17:10:50  시각ms:1561222
17:10:50  IMU시각ms:1561222
17:10:50  위험:0
17:10:50  원시위험:0
17:10:50  GPS유효:1
17:10:50  위도:37.495943
17:10:50  경도:126.956114
17:10:50  속도:0.03
17:10:50  방향:290.8
17:10:50  이동방향유효:0
17:10:50  GPS이동방향:290.8
17:10:50  차체방향유효:0
17:10:50  차체방향:0.0
17:10:50  후진판정:0
17:10:50  IMU요회전속도:0.00
17:10:50  방향가속도크기:9.70
17:10:50  방향자이로크기:4.31
17:10:50  방향자세cos:1.0000
17:10:50  자기모델잔차:26.45
17:10:50  자기모델반경:0.917
17:10:50  방향채택:0
17:10:50  방향거부:168359
17:10:50  GPS원시속도:0.031
17:10:50  GPS원시방향유효:1
17:10:50  GPS원시방향:290.8
17:10:50  가속도:-0.40,0.40,9.68
17:10:50  자이로:-0.9,2.6,-3.3
17:10:50  자력계:7.950,4.200,20.550
17:10:50  충격값:0.06
17:10:50  충격피크:0.07
17:10:50  마지막충격발생값:0.00
17:10:50  마지막충격발생ms:0
17:10:50  송신:14858
17:10:50  지팡이수신:10079
17:10:50  GPS위성:8
17:10:50  GPS_HDOP:1.18
17:10:50  원시위도:37.495945
17:10:50  원시경도:126.956115
17:10:50  GPS채택:1546
17:10:50  GPS이상치거부:0
17:10:50  GPS품질거부:0
17:10:50  GPS재기준:0
17:10:50  계산거리:-1.00
17:10:50  접근속도:0.00
17:10:50  TTC:999.00
17:10:50  방향오차:0.0
17:10:50  전방여부:0
17:10:50  위험음성횟수:0
17:10:50  충격음성횟수:0
17:10:50  마지막위험음성:0
17:10:50  RSSI원시:-51
17:10:50  RSSI평활:-52.2
17:10:50  RSSI샘플:10079
17:10:50  RSSI경과ms:52
17:10:50  RSSI구간:4
17:10:50  RSSI거리:1.05
17:10:50  상대보정:0
17:10:50  상대보정중:0
17:10:50  보정동쪽:0.00
17:10:50  보정북쪽:0.00
17:10:50  UWB유효:1
17:10:50  UWB원시거리:1.200
17:10:50  UWB보정거리:1.109
17:10:50  UWB접근속도:-0.281
17:10:50  UWB_RSSI:nan
17:10:50  UWB경과ms:56
17:10:50  UWB샘플:7564
17:10:50  UWB실패:165
17:10:50  UWB보정:1
17:10:50  UWB보정중:0
17:10:50  UWB보정샘플:100
17:10:50  UWB보정기준:3.000
17:10:50  UWB오프셋:0.234
17:10:50  UWB위험사용:0
17:10:50  UWB전송:7559
17:10:50  위험송신:0
17:10:50  시각ms:1561248
17:10:50  IMU시각ms:1561248
17:10:50  위험:0
17:10:50  원시위험:0
17:10:50  GPS유효:1
17:10:50  위도:37.495943
17:10:50  경도:126.956114
17:10:50  속도:0.03
17:10:50  방향:290.8
17:10:50  이동방향유효:0
17:10:50  GPS이동방향:290.8
17:10:50  차체방향유효:0
17:10:50  차체방향:0.0
17:10:50  후진판정:0
17:10:50  IMU요회전속도:0.00
17:10:50  방향가속도크기:9.68
17:10:50  방향자이로크기:3.95
17:10:50  방향자세cos:0.9999
17:10:50  자기모델잔차:26.60
17:10:50  자기모델반경:0.951
17:10:50  방향채택:0
17:10:50  방향거부:168362
17:10:50  GPS원시속도:0.031
17:10:50  GPS원시방향유효:1
17:10:50  GPS원시방향:290.8
17:10:50  가속도:-0.42,0.37,9.67
17:10:50  자이로:0.0,1.8,-3.5
17:10:50  자력계:9.150,5.400,20.550
17:10:50  충격값:0.05
17:10:50  충격피크:0.17
17:10:50  마지막충격발생값:0.00
17:10:50  마지막충격발생ms:0
17:10:50  송신:14858
17:10:50  지팡이수신:10079
17:10:50  GPS위성:8
17:10:50  GPS_HDOP:1.18
17:10:50  원시위도:37.495945
17:10:50  원시경도:126.956115
17:10:50  GPS채택:1546
17:10:50  GPS이상치거부:0
17:10:50  GPS품질거부:0
17:10:50  GPS재기준:0
17:10:50  계산거리:-1.00
17:10:50  접근속도:0.00
17:10:50  TTC:999.00
17:10:50  방향오차:0.0
17:10:50  전방여부:0
17:10:50  위험음성횟수:0
17:10:50  충격음성횟수:0
17:10:50  마지막위험음성:0
17:10:50  RSSI원시:-51
17:10:50  RSSI평활:-52.2
17:10:50  RSSI샘플:10079
17:10:50  RSSI경과ms:78
17:10:50  RSSI구간:4
17:10:50  RSSI거리:1.05
17:10:50  상대보정:0
17:10:50  상대보정중:0
17:10:50  보정동쪽:0.00
17:10:50  보정북쪽:0.00
17:10:50  UWB유효:1
17:10:50  UWB원시거리:1.200
17:10:50  UWB보정거리:1.109
17:10:50  UWB접근속도:-0.281
17:10:50  UWB_RSSI:nan
17:10:50  UWB경과ms:82
17:10:50  UWB샘플:7564
17:10:50  UWB실패:165
17:10:50  UWB보정:1
17:10:50  UWB보정중:0
17:10:50  UWB보정샘플:100
17:10:50  UWB보정기준:3.000
17:10:50  UWB오프셋:0.234
17:10:50  UWB위험사용:0
17:10:50  UWB전송:7559
17:10:50  위험송신:0
17:10:50  시각ms:1561270
17:10:50  IMU시각ms:1561258
17:10:50  위험:0
17:10:50  원시위험:0
17:10:50  GPS유효:1
17:10:50  위도:37.495943
17:10:50  경도:126.956114
17:10:50  속도:0.03
17:10:50  방향:290.8
17:10:50  이동방향유효:0
17:10:50  GPS이동방향:290.8
17:10:50  차체방향유효:0
17:10:50  차체방향:0.0
17:10:50  후진판정:0
17:10:50  IMU요회전속도:0.00
17:10:50  방향가속도크기:9.73
17:10:50  방향자이로크기:5.06
17:10:50  방향자세cos:1.0000
17:10:50  자기모델잔차:27.17
17:10:50  자기모델반경:0.903
17:10:50  방향채택:0
17:10:50  방향거부:168363
17:10:50  GPS원시속도:0.031
17:10:50  GPS원시방향유효:1
17:10:50  GPS원시방향:290.8
17:10:50  가속도:-0.46,0.42,9.71
17:10:50  자이로:-1.9,3.9,-2.6
17:10:50  자력계:8.400,3.900,21.300
17:10:50  충격값:0.08
17:10:50  충격피크:0.08
17:10:50  마지막충격발생값:0.00
17:10:50  마지막충격발생ms:0
17:10:50  송신:14858
17:10:50  지팡이수신:10079
17:10:50  GPS위성:8
17:10:50  GPS_HDOP:1.18
17:10:50  원시위도:37.495945
17:10:50  원시경도:126.956115
17:10:50  GPS채택:1546
17:10:50  GPS이상치거부:0
17:10:50  GPS품질거부:0
17:10:50  GPS재기준:0
17:10:50  계산거리:-1.00
17:10:50  접근속도:0.00
17:10:50  TTC:999.00
17:10:50  방향오차:0.0
17:10:50  전방여부:0
17:10:50  위험음성횟수:0
17:10:50  충격음성횟수:0
17:10:50  마지막위험음성:0
17:10:50  RSSI원시:-51
17:10:50  RSSI평활:-52.2
17:10:50  RSSI샘플:10079
17:10:50  RSSI경과ms:100
17:10:50  RSSI구간:4
17:10:50  RSSI거리:1.05
17:10:50  상대보정:0
17:10:50  상대보정중:0
17:10:50  보정동쪽:0.00
17:10:50  보정북쪽:0.00
17:10:50  UWB유효:1
17:10:50  UWB원시거리:1.200
17:10:50  UWB보정거리:1.109
17:10:50  UWB접근속도:-0.281
17:10:50  UWB_RSSI:nan
17:10:50  UWB경과ms:104
17:10:50  UWB샘플:7564
17:10:50  UWB실패:165
17:10:50  UWB보정:1
17:10:50  UWB보정중:0
17:10:50  UWB보정샘플:100
17:10:50  UWB보정기준:3.000
17:10:50  UWB오프셋:0.234
17:10:50  UWB위험사용:0
17:10:50  UWB전송:7559
17:10:50  위험송신:0
17:10:50  시각ms:1561290
17:10:50  IMU시각ms:1561290
17:10:50  위험:0
17:10:50  원시위험:0
17:10:50  GPS유효:1
17:10:50  위도:37.495943
17:10:50  경도:126.956114
17:10:50  속도:0.03
17:10:50  방향:290.8
17:10:50  이동방향유효:0
17:10:50  GPS이동방향:290.8
17:10:50  차체방향유효:0
17:10:50  차체방향:0.0
17:10:50  후진판정:0
17:10:50  IMU요회전속도:0.00
17:10:50  방향가속도크기:9.67
17:10:50  방향자이로크기:1.05
17:10:50  방향자세cos:0.9999
17:10:50  자기모델잔차:24.71
17:10:50  자기모델반경:0.940
17:10:50  방향채택:0
17:10:50  방향거부:168365
17:10:50  GPS원시속도:0.031
17:10:50  GPS원시방향유효:1
17:10:50  GPS원시방향:290.8
17:10:50  가속도:-0.47,0.36,9.65
17:10:50  자이로:0.6,0.6,-0.5
17:10:50  자력계:7.500,4.650,18.750
17:10:50  충격값:0.09
17:10:50  충격피크:0.09
17:10:50  마지막충격발생값:0.00
17:10:50  마지막충격발생ms:0
17:10:50  송신:14858
17:10:50  지팡이수신:10079
17:10:50  GPS위성:8
17:10:50  GPS_HDOP:1.18
17:10:50  원시위도:37.495945
17:10:50  원시경도:126.956115
17:10:50  GPS채택:1546
17:10:50  GPS이상치거부:0
17:10:50  GPS품질거부:0
17:10:50  GPS재기준:0
17:10:50  계산거리:-1.00
17:10:50  접근속도:0.00
17:10:50  TTC:999.00
17:10:50  방향오차:0.0
17:10:50  전방여부:0
17:10:50  위험음성횟수:0
17:10:50  충격음성횟수:0
17:10:50  마지막위험음성:0
17:10:50  RSSI원시:-51
17:10:50  RSSI평활:-52.2
17:10:50  RSSI샘플:10079
17:10:50  RSSI경과ms:120
17:10:50  RSSI구간:4
17:10:50  RSSI거리:1.05
17:10:50  상대보정:0
17:10:50  상대보정중:0
17:10:50  보정동쪽:0.00
17:10:50  보정북쪽:0.00
17:10:50  UWB유효:1
17:10:50  UWB원시거리:1.200
17:10:50  UWB보정거리:1.109
17:10:50  UWB접근속도:-0.281
17:10:50  UWB_RSSI:nan
17:10:50  UWB경과ms:124
17:10:50  UWB샘플:7564
17:10:50  UWB실패:165
17:10:50  UWB보정:1
17:10:50  UWB보정중:0
17:10:50  UWB보정샘플:100
17:10:50  UWB보정기준:3.000
17:10:50  UWB오프셋:0.234
17:10:50  UWB위험사용:0
17:10:50  UWB전송:7559
17:10:50  위험송신:0
17:10:50  시각ms:1561317
17:10:50  IMU시각ms:1561316
17:10:50  위험:0
17:10:50  원시위험:0
17:10:50  GPS유효:1
17:10:50  위도:37.495943
17:10:50  경도:126.956114
17:10:50  속도:0.03
17:10:50  방향:290.8
17:10:50  이동방향유효:0
17:10:50  GPS이동방향:290.8
17:10:50  차체방향유효:0
17:10:50  차체방향:0.0
17:10:50  후진판정:0
17:10:50  IMU요회전속도:0.00
17:10:50  방향가속도크기:9.78
17:10:50  방향자이로크기:4.03
17:10:50  방향자세cos:0.9997
17:10:50  자기모델잔차:26.60
17:10:50  자기모델반경:0.952
17:10:50  방향채택:0
17:10:50  방향거부:168368
17:10:50  GPS원시속도:0.031
17:10:50  GPS원시방향유효:1
17:10:50  GPS원시방향:290.8
17:10:50  가속도:-0.39,0.27,9.77
17:10:50  자이로:0.1,2.2,-3.4
17:10:50  자력계:8.700,5.400,20.550
17:10:50  충격값:0.10
17:10:50  충격피크:0.10
17:10:50  마지막충격발생값:0.00
17:10:50  마지막충격발생ms:0
17:10:50  송신:14859
17:10:50  지팡이수신:10080
17:10:50  GPS위성:8
17:10:50  GPS_HDOP:1.18
17:10:50  원시위도:37.495945
17:10:50  원시경도:126.956115
17:10:50  GPS채택:1546
17:10:50  GPS이상치거부:0
17:10:50  GPS품질거부:0
17:10:50  GPS재기준:0
17:10:50  계산거리:-1.00
17:10:50  접근속도:0.00
17:10:50  TTC:999.00
17:10:50  방향오차:0.0
17:10:50  전방여부:0
17:10:50  위험음성횟수:0
17:10:50  충격음성횟수:0
17:10:50  마지막위험음성:0
17:10:50  RSSI원시:-52
17:10:50  RSSI평활:-52.2
17:10:50  RSSI샘플:10080
17:10:50  RSSI경과ms:23
17:10:50  RSSI구간:4
17:10:50  RSSI거리:1.05
17:10:50  상대보정:0
17:10:50  상대보정중:0
17:10:50  보정동쪽:0.00
17:10:50  보정북쪽:0.00
17:10:50  UWB유효:1
17:10:50  UWB원시거리:1.200
17:10:50  UWB보정거리:1.109
17:10:50  UWB접근속도:-0.281
17:10:50  UWB_RSSI:nan
17:10:50  UWB경과ms:151
17:10:50  UWB샘플:7564
17:10:50  UWB실패:165
17:10:50  UWB보정:1
17:10:50  UWB보정중:0
17:10:50  UWB보정샘플:100
17:10:50  UWB보정기준:3.000
17:10:50  UWB오프셋:0.234
17:10:50  UWB위험사용:0
17:10:50  UWB전송:7559
17:10:50  위험송신:0
17:10:50  시각ms:1561336
17:10:50  IMU시각ms:1561336
17:10:50  위험:0
17:10:50  원시위험:0
17:10:50  GPS유효:1
17:10:50  위도:37.495943
17:10:50  경도:126.956114
17:10:50  속도:0.03
17:10:50  방향:290.8
17:10:50  이동방향유효:0
17:10:50  GPS이동방향:290.8
17:10:50  차체방향유효:0
17:10:50  차체방향:0.0
17:10:50  후진판정:0
17:10:50  IMU요회전속도:0.00
17:10:50  방향가속도크기:9.66
17:10:50  방향자이로크기:2.37
17:10:50  방향자세cos:0.9999
17:10:50  자기모델잔차:26.65
17:10:50  자기모델반경:0.922
17:10:50  방향채택:0
17:10:50  방향거부:168370
17:10:50  GPS원시속도:0.031
17:10:50  GPS원시방향유효:1
17:10:50  GPS원시방향:290.8
17:10:50  가속도:-0.32,0.43,9.65
17:10:50  자이로:2.0,0.1,-1.3
17:10:50  자력계:9.300,4.500,20.700
17:10:50  충격값:0.14
17:10:50  충격피크:0.14
17:10:50  마지막충격발생값:0.00
17:10:50  마지막충격발생ms:0
17:10:50  송신:14859
17:10:50  지팡이수신:10080
17:10:50  GPS위성:8
17:10:50  GPS_HDOP:1.18
17:10:50  원시위도:37.495945
17:10:50  원시경도:126.956115
17:10:50  GPS채택:1546
17:10:50  GPS이상치거부:0
17:10:50  GPS품질거부:0
17:10:50  GPS재기준:0
17:10:50  계산거리:-1.00
17:10:50  접근속도:0.00
17:10:50  TTC:999.00
17:10:50  방향오차:0.0
17:10:50  전방여부:0
17:10:50  위험음성횟수:0
17:10:50  충격음성횟수:0
17:10:50  마지막위험음성:0
17:10:50  RSSI원시:-52
17:10:50  RSSI평활:-52.2
17:10:50  RSSI샘플:10080
17:10:50  RSSI경과ms:42
17:10:50  RSSI구간:4
17:10:50  RSSI거리:1.05
17:10:50  상대보정:0
17:10:50  상대보정중:0
17:10:50  보정동쪽:0.00
17:10:50  보정북쪽:0.00
17:10:50  UWB유효:1
17:10:50  UWB원시거리:1.200
17:10:50  UWB보정거리:1.109
17:10:50  UWB접근속도:-0.281
17:10:50  UWB_RSSI:nan
17:10:50  UWB경과ms:170
17:10:50  UWB샘플:7564
17:10:50  UWB실패:165
17:10:50  UWB보정:1
17:10:50  UWB보정중:0
17:10:50  UWB보정샘플:100
17:10:50  UWB보정기준:3.000
17:10:50  UWB오프셋:0.234
17:10:50  UWB위험사용:0
17:10:50  UWB전송:7559
17:10:50  위험송신:0
17:10:50  시각ms:1561393
17:10:50  IMU시각ms:1561393
17:10:50  위험:0
17:10:50  원시위험:0
17:10:50  GPS유효:1
17:10:50  위도:37.495943
17:10:50  경도:126.956114
17:10:50  속도:0.03
17:10:50  방향:290.8
17:10:50  이동방향유효:0
17:10:50  GPS이동방향:290.8
17:10:50  차체방향유효:0
17:10:50  차체방향:0.0
17:10:50  후진판정:0
17:10:50  IMU요회전속도:0.00
17:10:50  방향가속도크기:9.69
17:10:50  방향자이로크기:1.51
17:10:50  방향자세cos:0.9998
17:10:50  자기모델잔차:26.25
17:10:50  자기모델반경:0.893
17:10:50  방향채택:0
17:10:50  방향거부:168376
17:10:50  GPS원시속도:0.031
17:10:50  GPS원시방향유효:1
17:10:50  GPS원시방향:290.8
17:10:50  가속도:-0.30,0.35,9.68
17:10:50  자이로:-0.1,0.6,1.4
17:10:50  자력계:10.500,3.600,20.400
17:10:50  충격값:0.12
17:10:50  충격피크:0.15
17:10:50  마지막충격발생값:0.00
17:10:50  마지막충격발생ms:0
17:10:50  송신:14859
17:10:50  지팡이수신:10080
17:10:50  GPS위성:8
17:10:50  GPS_HDOP:1.18
17:10:50  원시위도:37.495945
17:10:50  원시경도:126.956115
17:10:50  GPS채택:1546
17:10:50  GPS이상치거부:0
17:10:50  GPS품질거부:0
17:10:50  GPS재기준:0
17:10:50  계산거리:-1.00
17:10:50  접근속도:0.00
17:10:50  TTC:999.00
17:10:50  방향오차:0.0
17:10:50  전방여부:0
17:10:50  위험음성횟수:0
17:10:50  충격음성횟수:0
17:10:50  마지막위험음성:0
17:10:50  RSSI원시:-52
17:10:50  RSSI평활:-52.2
17:10:50  RSSI샘플:10080
17:10:50  RSSI경과ms:99
17:10:50  RSSI구간:4
17:10:50  RSSI거리:1.05
17:10:50  상대보정:0
17:10:50  상대보정중:0
17:10:50  보정동쪽:0.00
17:10:50  보정북쪽:0.00
17:10:50  UWB유효:1
17:10:50  UWB원시거리:1.290
17:10:50  UWB보정거리:1.177
17:10:50  UWB접근속도:-0.300
17:10:50  UWB_RSSI:nan
17:10:50  UWB경과ms:27
17:10:50  UWB샘플:7565
17:10:50  UWB실패:165
17:10:50  UWB보정:1
17:10:50  UWB보정중:0
17:10:50  UWB보정샘플:100
17:10:50  UWB보정기준:3.000
17:10:50  UWB오프셋:0.234
17:10:50  UWB위험사용:0
17:10:50  UWB전송:7560
17:10:50  위험송신:0
17:10:51  시각ms:1561420
17:10:51  IMU시각ms:1561419
17:10:51  위험:0
17:10:51  원시위험:0
17:10:51  GPS유효:1
17:10:51  위도:37.495943
17:10:51  경도:126.956114
17:10:51  속도:0.03
17:10:51  방향:290.8
17:10:51  이동방향유효:0
17:10:51  GPS이동방향:290.8
17:10:51  차체방향유효:0
17:10:51  차체방향:0.0
17:10:51  후진판정:0
17:10:51  IMU요회전속도:0.00
17:10:51  방향가속도크기:9.73
17:10:51  방향자이로크기:3.80
17:10:51  방향자세cos:0.9999
17:10:51  자기모델잔차:25.00
17:10:51  자기모델반경:0.966
17:10:51  방향채택:0
17:10:51  방향거부:168379
17:10:51  GPS원시속도:0.031
17:10:51  GPS원시방향유효:1
17:10:51  GPS원시방향:290.8
17:10:51  가속도:-0.45,0.35,9.71
17:10:51  자이로:-1.3,-0.1,-3.6
17:10:51  자력계:9.600,5.700,18.900
17:10:51  충격값:0.04
17:10:51  충격피크:0.12
17:10:51  마지막충격발생값:0.00
17:10:51  마지막충격발생ms:0
17:10:51  송신:14860
17:10:51  지팡이수신:10080
17:10:51  GPS위성:8
17:10:51  GPS_HDOP:1.18
17:10:51  원시위도:37.495945
17:10:51  원시경도:126.956115
17:10:51  GPS채택:1546
17:10:51  GPS이상치거부:0
17:10:51  GPS품질거부:0
17:10:51  GPS재기준:0
17:10:51  계산거리:-1.00
17:10:51  접근속도:0.00
17:10:51  TTC:999.00
17:10:51  방향오차:0.0
17:10:51  전방여부:0
17:10:51  위험음성횟수:0
17:10:51  충격음성횟수:0
17:10:51  마지막위험음성:0
17:10:51  RSSI원시:-52
17:10:51  RSSI평활:-52.2
17:10:51  RSSI샘플:10080
17:10:51  RSSI경과ms:126
17:10:51  RSSI구간:4
17:10:51  RSSI거리:1.05
17:10:51  상대보정:0
17:10:51  상대보정중:0
17:10:51  보정동쪽:0.00
17:10:51  보정북쪽:0.00
17:10:51  UWB유효:1
17:10:51  UWB원시거리:1.290
17:10:51  UWB보정거리:1.177
17:10:51  UWB접근속도:-0.300
17:10:51  UWB_RSSI:nan
17:10:51  UWB경과ms:54
17:10:51  UWB샘플:7565
17:10:51  UWB실패:165
17:10:51  UWB보정:1
17:10:51  UWB보정중:0
17:10:51  UWB보정샘플:100
17:10:51  UWB보정기준:3.000
17:10:51  UWB오프셋:0.234
17:10:51  UWB위험사용:0
17:10:51  UWB전송:7560
17:10:51  위험송신:0
17:10:51  시각ms:1561494
17:10:51  IMU시각ms:1561493
17:10:51  위험:0
17:10:51  원시위험:0
17:10:51  GPS유효:1
17:10:51  위도:37.495943
17:10:51  경도:126.956114
17:10:51  속도:0.03
17:10:51  방향:290.8
17:10:51  이동방향유효:0
17:10:51  GPS이동방향:290.8
17:10:51  차체방향유효:0
17:10:51  차체방향:0.0
17:10:51  후진판정:0
17:10:51  IMU요회전속도:0.00
17:10:51  방향가속도크기:9.80
17:10:51  방향자이로크기:1.88
17:10:51  방향자세cos:1.0000
17:10:51  자기모델잔차:25.95
17:10:51  자기모델반경:0.983
17:10:51  방향채택:0
17:10:51  방향거부:168387
17:10:51  GPS원시속도:0.031
17:10:51  GPS원시방향유효:1
17:10:51  GPS원시방향:290.8
17:10:51  가속도:-0.39,0.43,9.78
17:10:51  자이로:1.8,0.3,0.5
17:10:51  자력계:8.700,6.300,19.800
17:10:51  충격값:0.09
17:10:51  충격피크:0.15
17:10:51  마지막충격발생값:0.00
17:10:51  마지막충격발생ms:0
17:10:51  송신:14860
17:10:51  지팡이수신:10081
17:10:51  GPS위성:8
17:10:51  GPS_HDOP:1.18
17:10:51  원시위도:37.495945
17:10:51  원시경도:126.956115
17:10:51  GPS채택:1546
17:10:51  GPS이상치거부:0
17:10:51  GPS품질거부:0
17:10:51  GPS재기준:0
17:10:51  계산거리:-1.00
17:10:51  접근속도:0.00
17:10:51  TTC:999.00
17:10:51  방향오차:0.0
17:10:51  전방여부:0
17:10:51  위험음성횟수:0
17:10:51  충격음성횟수:0
17:10:51  마지막위험음성:0
17:10:51  RSSI원시:-53
17:10:51  RSSI평활:-52.3
17:10:51  RSSI샘플:10081
17:10:51  RSSI경과ms:7
17:10:51  RSSI구간:4
17:10:51  RSSI거리:1.06
17:10:51  상대보정:0
17:10:51  상대보정중:0
17:10:51  보정동쪽:0.00
17:10:51  보정북쪽:0.00
17:10:51  UWB유효:1
17:10:51  UWB원시거리:1.290
17:10:51  UWB보정거리:1.177
17:10:51  UWB접근속도:-0.300
17:10:51  UWB_RSSI:nan
17:10:51  UWB경과ms:128
17:10:51  UWB샘플:7565
17:10:51  UWB실패:165
17:10:51  UWB보정:1
17:10:51  UWB보정중:0
17:10:51  UWB보정샘플:100
17:10:51  UWB보정기준:3.000
17:10:51  UWB오프셋:0.234
17:10:51  UWB위험사용:0
17:10:51  UWB전송:7560
17:10:51  위험송신:0
17:10:51  시각ms:1561520
17:10:51  IMU시각ms:1561519
17:10:51  위험:0
17:10:51  원시위험:0
17:10:51  GPS유효:1
17:10:51  위도:37.495943
17:10:51  경도:126.956114
17:10:51  속도:0.03
17:10:51  방향:290.8
17:10:51  이동방향유효:0
17:10:51  GPS이동방향:290.8
17:10:51  차체방향유효:0
17:10:51  차체방향:0.0
17:10:51  후진판정:0
17:10:51  IMU요회전속도:0.00
17:10:51  방향가속도크기:9.61
17:10:51  방향자이로크기:3.40
17:10:51  방향자세cos:0.9995
17:10:51  자기모델잔차:27.10
17:10:51  자기모델반경:0.964
17:10:51  방향채택:0
17:10:51  방향거부:168390
17:10:51  GPS원시속도:0.031
17:10:51  GPS원시방향유효:1
17:10:51  GPS원시방향:290.8
17:10:51  가속도:-0.35,0.20,9.60
17:10:51  자이로:2.8,-1.7,-0.9
17:10:51  자력계:9.150,5.850,21.000
17:10:51  충격값:0.20
17:10:51  충격피크:0.20
17:10:51  마지막충격발생값:0.00
17:10:51  마지막충격발생ms:0
17:10:51  송신:14861
17:10:51  지팡이수신:10081
17:10:51  GPS위성:8
17:10:51  GPS_HDOP:1.18
17:10:51  원시위도:37.495945
17:10:51  원시경도:126.956115
17:10:51  GPS채택:1546
17:10:51  GPS이상치거부:0
17:10:51  GPS품질거부:0
17:10:51  GPS재기준:0
17:10:51  계산거리:-1.00
17:10:51  접근속도:0.00
17:10:51  TTC:999.00
17:10:51  방향오차:0.0
17:10:51  전방여부:0
17:10:51  위험음성횟수:0
17:10:51  충격음성횟수:0
17:10:51  마지막위험음성:0
17:10:51  RSSI원시:-53
17:10:51  RSSI평활:-52.3
17:10:51  RSSI샘플:10081
17:10:51  RSSI경과ms:33
17:10:51  RSSI구간:4
17:10:51  RSSI거리:1.06
17:10:51  상대보정:0
17:10:51  상대보정중:0
17:10:51  보정동쪽:0.00
17:10:51  보정북쪽:0.00
17:10:51  UWB유효:1
17:10:51  UWB원시거리:1.290
17:10:51  UWB보정거리:1.177
17:10:51  UWB접근속도:-0.300
17:10:51  UWB_RSSI:nan
17:10:51  UWB경과ms:154
17:10:51  UWB샘플:7565
17:10:51  UWB실패:165
17:10:51  UWB보정:1
17:10:51  UWB보정중:0
17:10:51  UWB보정샘플:100
17:10:51  UWB보정기준:3.000
17:10:51  UWB오프셋:0.234
17:10:51  UWB위험사용:0
17:10:51  UWB전송:7560
17:10:51  위험송신:0
17:10:51  시각ms:1561539
17:10:51  IMU시각ms:1561539
17:10:51  위험:0
17:10:51  원시위험:0
17:10:51  GPS유효:1
17:10:51  위도:37.495943
17:10:51  경도:126.956114
17:10:51  속도:0.03
17:10:51  방향:290.8
17:10:51  이동방향유효:0
17:10:51  GPS이동방향:290.8
17:10:51  차체방향유효:0
17:10:51  차체방향:0.0
17:10:51  후진판정:0
17:10:51  IMU요회전속도:0.00
17:10:51  방향가속도크기:9.76
17:10:51  방향자이로크기:2.89
17:10:51  방향자세cos:0.9999
17:10:51  자기모델잔차:26.04
17:10:51  자기모델반경:0.964
17:10:51  방향채택:0
17:10:51  방향거부:168392
17:10:51  GPS원시속도:0.031
17:10:51  GPS원시방향유효:1
17:10:51  GPS원시방향:290.8
17:10:51  가속도:-0.40,0.36,9.74
17:10:51  자이로:2.1,-1.9,0.5
17:10:51  자력계:8.850,5.700,19.950
17:10:51  충격값:0.03
17:10:51  충격피크:0.13
17:10:51  마지막충격발생값:0.00
17:10:51  마지막충격발생ms:0
17:10:51  송신:14861
17:10:51  지팡이수신:10081
17:10:51  GPS위성:8
17:10:51  GPS_HDOP:1.18
17:10:51  원시위도:37.495945
17:10:51  원시경도:126.956115
17:10:51  GPS채택:1546
17:10:51  GPS이상치거부:0
17:10:51  GPS품질거부:0
17:10:51  GPS재기준:0
17:10:51  계산거리:-1.00
17:10:51  접근속도:0.00
17:10:51  TTC:999.00
17:10:51  방향오차:0.0
17:10:51  전방여부:0
17:10:51  위험음성횟수:0
17:10:51  충격음성횟수:0
17:10:51  마지막위험음성:0
17:10:51  RSSI원시:-53
17:10:51  RSSI평활:-52.3
17:10:51  RSSI샘플:10081
17:10:51  RSSI경과ms:52
17:10:51  RSSI구간:4
17:10:51  RSSI거리:1.06
17:10:51  상대보정:0
17:10:51  상대보정중:0
17:10:51  보정동쪽:0.00
17:10:51  보정북쪽:0.00
17:10:51  UWB유효:1
17:10:51  UWB원시거리:1.290
17:10:51  UWB보정거리:1.177
17:10:51  UWB접근속도:-0.300
17:10:51  UWB_RSSI:nan
17:10:51  UWB경과ms:173
17:10:51  UWB샘플:7565
17:10:51  UWB실패:165
17:10:51  UWB보정:1
17:10:51  UWB보정중:0
17:10:51  UWB보정샘플:100
17:10:51  UWB보정기준:3.000
17:10:51  UWB오프셋:0.234
17:10:51  UWB위험사용:0
17:10:51  UWB전송:7560
17:10:51  위험송신:0
17:10:51  시각ms:1561562
17:10:51  IMU시각ms:1561558
17:10:51  위험:0
17:10:51  원시위험:0
17:10:51  GPS유효:1
17:10:51  위도:37.495943
17:10:51  경도:126.956114
17:10:51  속도:0.03
17:10:51  방향:290.8
17:10:51  이동방향유효:0
17:10:51  GPS이동방향:290.8
17:10:51  차체방향유효:0
17:10:51  차체방향:0.0
17:10:51  후진판정:0
17:10:51  IMU요회전속도:0.00
17:10:51  방향가속도크기:9.66
17:10:51  방향자이로크기:3.30
17:10:51  방향자세cos:0.9999
17:10:51  자기모델잔차:25.63
17:10:51  자기모델반경:0.894
17:10:51  방향채택:0
17:10:51  방향거부:168394
17:10:51  GPS원시속도:0.031
17:10:51  GPS원시방향유효:1
17:10:51  GPS원시방향:290.8
17:10:51  가속도:-0.40,0.32,9.65
17:10:51  자이로:1.9,-2.4,-1.3
17:10:51  자력계:8.700,3.450,19.800
17:10:51  충격값:0.07
17:10:51  충격피크:0.07
17:10:51  마지막충격발생값:0.00
17:10:51  마지막충격발생ms:0
17:10:51  송신:14861
17:10:51  지팡이수신:10081
17:10:51  GPS위성:8
17:10:51  GPS_HDOP:1.18
17:10:51  원시위도:37.495945
17:10:51  원시경도:126.956115
17:10:51  GPS채택:1546
17:10:51  GPS이상치거부:0
17:10:51  GPS품질거부:0
17:10:51  GPS재기준:0
17:10:51  계산거리:-1.00
17:10:51  접근속도:0.00
17:10:51  TTC:999.00
17:10:51  방향오차:0.0
17:10:51  전방여부:0
17:10:51  위험음성횟수:0
17:10:51  충격음성횟수:0
17:10:51  마지막위험음성:0
17:10:51  RSSI원시:-53
17:10:51  RSSI평활:-52.3
17:10:51  RSSI샘플:10081
17:10:51  RSSI경과ms:75
17:10:51  RSSI구간:4
17:10:51  RSSI거리:1.06
17:10:51  상대보정:0
17:10:51  상대보정중:0
17:10:51  보정동쪽:0.00
17:10:51  보정북쪽:0.00
17:10:51  UWB유효:1
17:10:51  UWB원시거리:1.480
17:10:51  UWB보정거리:1.267
17:10:51  UWB접근속도:-0.347
17:10:51  UWB_RSSI:nan
17:10:51  UWB경과ms:0
17:10:51  UWB샘플:7566
17:10:51  UWB실패:165
17:10:51  UWB보정:1
17:10:51  UWB보정중:0
17:10:51  UWB보정샘플:100
17:10:51  UWB보정기준:3.000
17:10:51  UWB오프셋:0.234
17:10:51  UWB위험사용:0
17:10:51  UWB전송:7561
17:10:51  위험송신:0
17:10:51  시각ms:1561590
17:10:51  IMU시각ms:1561590
17:10:51  위험:0
17:10:51  원시위험:0
17:10:51  GPS유효:1
17:10:51  위도:37.495943
17:10:51  경도:126.956114
17:10:51  속도:0.03
17:10:51  방향:290.8
17:10:51  이동방향유효:0
17:10:51  GPS이동방향:290.8
17:10:51  차체방향유효:0
17:10:51  차체방향:0.0
17:10:51  후진판정:0
17:10:51  IMU요회전속도:0.00
17:10:51  방향가속도크기:9.74
17:10:51  방향자이로크기:4.48
17:10:51  방향자세cos:0.9995
17:10:51  자기모델잔차:25.52
17:10:51  자기모델반경:0.945
17:10:51  방향채택:0
17:10:51  방향거부:168397
17:10:51  GPS원시속도:0.031
17:10:51  GPS원시방향유효:1
17:10:51  GPS원시방향:290.8
17:10:51  가속도:-0.34,0.19,9.73
17:10:51  자이로:0.9,-4.1,-1.4
17:10:51  자력계:9.450,5.100,19.500
17:10:51  충격값:0.17
17:10:51  충격피크:0.17
17:10:51  마지막충격발생값:0.00
17:10:51  마지막충격발생ms:0
17:10:51  송신:14861
17:10:51  지팡이수신:10081
17:10:51  GPS위성:8
17:10:51  GPS_HDOP:1.18
17:10:51  원시위도:37.495945
17:10:51  원시경도:126.956115
17:10:51  GPS채택:1546
17:10:51  GPS이상치거부:0
17:10:51  GPS품질거부:0
17:10:51  GPS재기준:0
17:10:51  계산거리:-1.00
17:10:51  접근속도:0.00
17:10:51  TTC:999.00
17:10:51  방향오차:0.0
17:10:51  전방여부:0
17:10:51  위험음성횟수:0
17:10:51  충격음성횟수:0
17:10:51  마지막위험음성:0
17:10:51  RSSI원시:-53
17:10:51  RSSI평활:-52.3
17:10:51  RSSI샘플:10081
17:10:51  RSSI경과ms:103
17:10:51  RSSI구간:4
17:10:51  RSSI거리:1.06
17:10:51  상대보정:0
17:10:51  상대보정중:0
17:10:51  보정동쪽:0.00
17:10:51  보정북쪽:0.00
17:10:51  UWB유효:1
17:10:51  UWB원시거리:1.480
17:10:51  UWB보정거리:1.267
17:10:51  UWB접근속도:-0.347
17:10:51  UWB_RSSI:nan
17:10:51  UWB경과ms:28
17:10:51  UWB샘플:7566
17:10:51  UWB실패:165
17:10:51  UWB보정:1
17:10:51  UWB보정중:0
17:10:51  UWB보정샘플:100
17:10:51  UWB보정기준:3.000
17:10:51  UWB오프셋:0.234
17:10:51  UWB위험사용:0
17:10:51  UWB전송:7561
17:10:51  위험송신:0
17:10:51  시각ms:1561616
17:10:51  IMU시각ms:1561616
17:10:51  위험:0
17:10:51  원시위험:0
17:10:51  GPS유효:1
17:10:51  위도:37.495943
17:10:51  경도:126.956114
17:10:51  속도:0.03
17:10:51  방향:290.8
17:10:51  이동방향유효:0
17:10:51  GPS이동방향:290.8
17:10:51  차체방향유효:0
17:10:51  차체방향:0.0
17:10:51  후진판정:0
17:10:51  IMU요회전속도:0.00
17:10:51  방향가속도크기:9.79
17:10:51  방향자이로크기:1.47
17:10:51  방향자세cos:0.9997
17:10:51  자기모델잔차:26.54
17:10:51  자기모델반경:0.894
17:10:51  방향채택:0
17:10:51  방향거부:168400
17:10:51  GPS원시속도:0.031
17:10:51  GPS원시방향유효:1
17:10:51  GPS원시방향:290.8
17:10:51  가속도:-0.41,0.24,9.78
17:10:51  자이로:0.4,0.2,-1.4
17:10:51  자력계:9.300,3.600,20.700
17:10:51  충격값:0.12
17:10:51  충격피크:0.17
17:10:51  마지막충격발생값:0.00
17:10:51  마지막충격발생ms:0
17:10:51  송신:14861
17:10:51  지팡이수신:10082
17:10:51  GPS위성:8
17:10:51  GPS_HDOP:1.18
17:10:51  원시위도:37.495945
17:10:51  원시경도:126.956115
17:10:51  GPS채택:1546
17:10:51  GPS이상치거부:0
17:10:51  GPS품질거부:0
17:10:51  GPS재기준:0
17:10:51  계산거리:-1.00
17:10:51  접근속도:0.00
17:10:51  TTC:999.00
17:10:51  방향오차:0.0
17:10:51  전방여부:0
17:10:51  위험음성횟수:0
17:10:51  충격음성횟수:0
17:10:51  마지막위험음성:0
17:10:51  RSSI원시:-51
17:10:51  RSSI평활:-52.1
17:10:51  RSSI샘플:10082
17:10:51  RSSI경과ms:24
17:10:51  RSSI구간:4
17:10:51  RSSI거리:1.04
17:10:51  상대보정:0
17:10:51  상대보정중:0
17:10:51  보정동쪽:0.00
17:10:51  보정북쪽:0.00
17:10:51  UWB유효:1
17:10:51  UWB원시거리:1.480
17:10:51  UWB보정거리:1.267
17:10:51  UWB접근속도:-0.347
17:10:51  UWB_RSSI:nan
17:10:51  UWB경과ms:54
17:10:51  UWB샘플:7566
17:10:51  UWB실패:165
17:10:51  UWB보정:1
17:10:51  UWB보정중:0
17:10:51  UWB보정샘플:100
17:10:51  UWB보정기준:3.000
17:10:51  UWB오프셋:0.234
17:10:51  UWB위험사용:0
17:10:51  UWB전송:7561
17:10:51  위험송신:0
17:10:51  시각ms:1561636
17:10:51  IMU시각ms:1561636
17:10:51  위험:0
17:10:51  원시위험:0
17:10:51  GPS유효:1
17:10:51  위도:37.495943
17:10:51  경도:126.956114
17:10:51  속도:0.03
17:10:51  방향:290.8
17:10:51  이동방향유효:0
17:10:51  GPS이동방향:290.8
17:10:51  차체방향유효:0
17:10:51  차체방향:0.0
17:10:51  후진판정:0
17:10:51  IMU요회전속도:0.00
17:10:51  방향가속도크기:9.68
17:10:51  방향자이로크기:2.40
17:10:51  방향자세cos:0.9998
17:10:51  자기모델잔차:26.72
17:10:51  자기모델반경:0.953
17:10:51  방향채택:0
17:10:51  방향거부:168402
17:10:51  GPS원시속도:0.031
17:10:51  GPS원시방향유효:1
17:10:51  GPS원시방향:290.8
17:10:51  가속도:-0.30,0.38,9.67
17:10:51  자이로:1.3,-1.0,-1.7
17:10:51  자력계:7.050,5.250,20.700
17:10:51  충격값:0.13
17:10:51  충격피크:0.13
17:10:51  마지막충격발생값:0.00
17:10:51  마지막충격발생ms:0
17:10:51  송신:14862
17:10:51  지팡이수신:10082
17:10:51  GPS위성:8
17:10:51  GPS_HDOP:1.18
17:10:51  원시위도:37.495945
17:10:51  원시경도:126.956115
17:10:51  GPS채택:1546
17:10:51  GPS이상치거부:0
17:10:51  GPS품질거부:0
17:10:51  GPS재기준:0
17:10:51  계산거리:-1.00
17:10:51  접근속도:0.00
17:10:51  TTC:999.00
17:10:51  방향오차:0.0
17:10:51  전방여부:0
17:10:51  위험음성횟수:0
17:10:51  충격음성횟수:0
17:10:51  마지막위험음성:0
17:10:51  RSSI원시:-51
17:10:51  RSSI평활:-52.1
17:10:51  RSSI샘플:10082
17:10:51  RSSI경과ms:44
17:10:51  RSSI구간:4
17:10:51  RSSI거리:1.04
17:10:51  상대보정:0
17:10:51  상대보정중:0
17:10:51  보정동쪽:0.00
17:10:51  보정북쪽:0.00
17:10:51  UWB유효:1
17:10:51  UWB원시거리:1.480
17:10:51  UWB보정거리:1.267
17:10:51  UWB접근속도:-0.347
17:10:51  UWB_RSSI:nan
17:10:51  UWB경과ms:74
17:10:51  UWB샘플:7566
17:10:51  UWB실패:165
17:10:51  UWB보정:1
17:10:51  UWB보정중:0
17:10:51  UWB보정샘플:100
17:10:51  UWB보정기준:3.000
17:10:51  UWB오프셋:0.234
17:10:51  UWB위험사용:0
17:10:51  UWB전송:7561
17:10:51  위험송신:0
17:10:51  시각ms:1561663
17:10:51  IMU시각ms:1561662
17:10:51  위험:0
17:10:51  원시위험:0
17:10:51  GPS유효:1
17:10:51  위도:37.495943
17:10:51  경도:126.956114
17:10:51  속도:0.03
17:10:51  방향:290.8
17:10:51  이동방향유효:0
17:10:51  GPS이동방향:290.8
17:10:51  차체방향유효:0
17:10:51  차체방향:0.0
17:10:51  후진판정:0
17:10:51  IMU요회전속도:0.00
17:10:51  방향가속도크기:9.71
17:10:51  방향자이로크기:1.24
17:10:51  방향자세cos:1.0000
17:10:51  자기모델잔차:25.79
17:10:51  자기모델반경:0.898
17:10:51  방향채택:0
17:10:51  방향거부:168405
17:10:51  GPS원시속도:0.031
17:10:51  GPS원시방향유효:1
17:10:51  GPS원시방향:290.8
17:10:51  가속도:-0.44,0.39,9.70
17:10:51  자이로:-0.0,-0.8,0.9
17:10:51  자력계:8.550,3.600,19.950
17:10:51  충격값:0.05
17:10:51  충격피크:0.15
17:10:51  마지막충격발생값:0.00
17:10:51  마지막충격발생ms:0
17:10:51  송신:14862
17:10:51  지팡이수신:10082
17:10:51  GPS위성:8
17:10:51  GPS_HDOP:1.18
17:10:51  원시위도:37.495945
17:10:51  원시경도:126.956115
17:10:51  GPS채택:1546
17:10:51  GPS이상치거부:0
17:10:51  GPS품질거부:0
17:10:51  GPS재기준:0
17:10:51  계산거리:-1.00
17:10:51  접근속도:0.00
17:10:51  TTC:999.00
17:10:51  방향오차:0.0
17:10:51  전방여부:0
17:10:51  위험음성횟수:0
17:10:51  충격음성횟수:0
17:10:51  마지막위험음성:0
17:10:51  RSSI원시:-51
17:10:51  RSSI평활:-52.1
17:10:51  RSSI샘플:10082
17:10:51  RSSI경과ms:71
17:10:51  RSSI구간:4
17:10:51  RSSI거리:1.04
17:10:51  상대보정:0
17:10:51  상대보정중:0
17:10:51  보정동쪽:0.00
17:10:51  보정북쪽:0.00
17:10:51  UWB유효:1
17:10:51  UWB원시거리:1.480
17:10:51  UWB보정거리:1.267
17:10:51  UWB접근속도:-0.347
17:10:51  UWB_RSSI:nan
17:10:51  UWB경과ms:101
17:10:51  UWB샘플:7566
17:10:51  UWB실패:165
17:10:51  UWB보정:1
17:10:51  UWB보정중:0
17:10:51  UWB보정샘플:100
17:10:51  UWB보정기준:3.000
17:10:51  UWB오프셋:0.234
17:10:51  UWB위험사용:0
17:10:51  UWB전송:7561
17:10:51  위험송신:0
17:10:51  시각ms:1561683
17:10:51  IMU시각ms:1561683
17:10:51  위험:0
17:10:51  원시위험:0
17:10:51  GPS유효:1
17:10:51  위도:37.495943
17:10:51  경도:126.956114
17:10:51  속도:0.03
17:10:51  방향:290.8
17:10:51  이동방향유효:0
17:10:51  GPS이동방향:290.8
17:10:51  차체방향유효:0
17:10:51  차체방향:0.0
17:10:51  후진판정:0
17:10:51  IMU요회전속도:0.00
17:10:51  방향가속도크기:9.69
17:10:51  방향자이로크기:1.45
17:10:51  방향자세cos:1.0000
17:10:51  자기모델잔차:25.25
17:10:51  자기모델반경:0.993
17:10:51  방향채택:0
17:10:51  방향거부:168407
17:10:51  GPS원시속도:0.031
17:10:51  GPS원시방향유효:1
17:10:51  GPS원시방향:290.8
17:10:51  가속도:-0.47,0.41,9.67
17:10:51  자이로:0.2,-1.4,0.2
17:10:51  자력계:10.200,6.600,19.050
17:10:51  충격값:0.09
17:10:51  충격피크:0.11
17:10:51  마지막충격발생값:0.00
17:10:51  마지막충격발생ms:0
17:10:51  송신:14862
17:10:51  지팡이수신:10082
17:10:51  GPS위성:8
17:10:51  GPS_HDOP:1.18
17:10:51  원시위도:37.495945
17:10:51  원시경도:126.956115
17:10:51  GPS채택:1546
17:10:51  GPS이상치거부:0
17:10:51  GPS품질거부:0
17:10:51  GPS재기준:0
17:10:51  계산거리:-1.00
17:10:51  접근속도:0.00
17:10:51  TTC:999.00
17:10:51  방향오차:0.0
17:10:51  전방여부:0
17:10:51  위험음성횟수:0
17:10:51  충격음성횟수:0
17:10:51  마지막위험음성:0
17:10:51  RSSI원시:-51
17:10:51  RSSI평활:-52.1
17:10:51  RSSI샘플:10082
17:10:51  RSSI경과ms:91
17:10:51  RSSI구간:4
17:10:51  RSSI거리:1.04
17:10:51  상대보정:0
17:10:51  상대보정중:0
17:10:51  보정동쪽:0.00
17:10:51  보정북쪽:0.00
17:10:51  UWB유효:1
17:10:51  UWB원시거리:1.480
17:10:51  UWB보정거리:1.267
17:10:51  UWB접근속도:-0.347
17:10:51  UWB_RSSI:nan
17:10:51  UWB경과ms:121
17:10:51  UWB샘플:7566
17:10:51  UWB실패:165
17:10:51  UWB보정:1
17:10:51  UWB보정중:0
17:10:51  UWB보정샘플:100
17:10:51  UWB보정기준:3.000
17:10:51  UWB오프셋:0.234
17:10:51  UWB위험사용:0
17:10:51  UWB전송:7561
17:10:51  위험송신:0
17:10:51  시각ms:1561711
17:10:51  IMU시각ms:1561710
17:10:51  위험:0
17:10:51  원시위험:0
17:10:51  GPS유효:1
17:10:51  위도:37.495944
17:10:51  경도:126.956114
17:10:51  속도:0.02
17:10:51  방향:290.8
17:10:51  이동방향유효:0
17:10:51  GPS이동방향:290.8
17:10:51  차체방향유효:0
17:10:51  차체방향:0.0
17:10:51  후진판정:0
17:10:51  IMU요회전속도:0.00
17:10:51  방향가속도크기:9.62
17:10:51  방향자이로크기:2.48
17:10:51  방향자세cos:0.9998
17:10:51  자기모델잔차:26.60
17:10:51  자기모델반경:0.951
17:10:51  방향채택:0
17:10:51  방향거부:168410
17:10:51  GPS원시속도:0.021
17:10:51  GPS원시방향유효:1
17:10:51  GPS원시방향:290.8
17:10:51  가속도:-0.38,0.27,9.61
17:10:51  자이로:0.8,2.3,-0.4
17:10:51  자력계:9.150,5.400,20.550
17:10:51  충격값:0.13
17:10:51  충격피크:0.13
17:10:51  마지막충격발생값:0.00
17:10:51  마지막충격발생ms:0
17:10:51  송신:14862
17:10:51  지팡이수신:10083
17:10:51  GPS위성:8
17:10:51  GPS_HDOP:1.28
17:10:51  원시위도:37.495946
17:10:51  원시경도:126.956116
17:10:51  GPS채택:1547
17:10:51  GPS이상치거부:0
17:10:51  GPS품질거부:0
17:10:51  GPS재기준:0
17:10:51  계산거리:-1.00
17:10:51  접근속도:0.00
17:10:51  TTC:999.00
17:10:51  방향오차:0.0
17:10:51  전방여부:0
17:10:51  위험음성횟수:0
17:10:51  충격음성횟수:0
17:10:51  마지막위험음성:0
17:10:51  RSSI원시:-49
17:10:51  RSSI평활:-51.5
17:10:51  RSSI샘플:10083
17:10:51  RSSI경과ms:6
17:10:51  RSSI구간:4
17:10:51  RSSI거리:0.98
17:10:51  상대보정:0
17:10:51  상대보정중:0
17:10:51  보정동쪽:0.00
17:10:51  보정북쪽:0.00
17:10:51  UWB유효:1
17:10:51  UWB원시거리:1.480
17:10:51  UWB보정거리:1.267
17:10:51  UWB접근속도:-0.347
17:10:51  UWB_RSSI:nan
17:10:51  UWB경과ms:149
17:10:51  UWB샘플:7566
17:10:51  UWB실패:165
17:10:51  UWB보정:1
17:10:51  UWB보정중:0
17:10:51  UWB보정샘플:100
17:10:51  UWB보정기준:3.000
17:10:51  UWB오프셋:0.234
17:10:51  UWB위험사용:0
17:10:51  UWB전송:7561
17:10:51  위험송신:0
17:10:51  시각ms:1561831
17:10:51  IMU시각ms:1561830
17:10:51  위험:0
17:10:51  원시위험:0
17:10:51  GPS유효:1
17:10:51  위도:37.495944
17:10:51  경도:126.956114
17:10:51  속도:0.02
17:10:51  방향:290.8
17:10:51  이동방향유효:0
17:10:51  GPS이동방향:290.8
17:10:51  차체방향유효:0
17:10:51  차체방향:0.0
17:10:51  후진판정:0
17:10:51  IMU요회전속도:0.00
17:10:51  방향가속도크기:9.64
17:10:51  방향자이로크기:2.10
17:10:51  방향자세cos:0.9999
17:10:51  자기모델잔차:26.44
17:10:51  자기모델반경:0.945
17:10:51  방향채택:0
17:10:51  방향거부:168422
17:10:51  GPS원시속도:0.021
17:10:51  GPS원시방향유효:1
17:10:51  GPS원시방향:290.8
17:10:51  가속도:-0.47,0.35,9.62
17:10:51  자이로:1.0,0.1,-1.9
17:10:51  자력계:10.500,5.250,20.400
17:10:51  충격값:0.10
17:10:51  충격피크:0.13
17:10:51  마지막충격발생값:0.00
17:10:51  마지막충격발생ms:0
17:10:51  송신:14864
17:10:51  지팡이수신:10084
17:10:51  GPS위성:8
17:10:51  GPS_HDOP:1.28
17:10:51  원시위도:37.495946
17:10:51  원시경도:126.956116
17:10:51  GPS채택:1547
17:10:51  GPS이상치거부:0
17:10:51  GPS품질거부:0
17:10:51  GPS재기준:0
17:10:51  계산거리:-1.00
17:10:51  접근속도:0.00
17:10:51  TTC:999.00
17:10:51  방향오차:0.0
17:10:51  전방여부:0
17:10:51  위험음성횟수:0
17:10:51  충격음성횟수:0
17:10:51  마지막위험음성:0
17:10:51  RSSI원시:-50
17:10:51  RSSI평활:-51.2
17:10:51  RSSI샘플:10084
17:10:51  RSSI경과ms:16
17:10:51  RSSI구간:4
17:10:51  RSSI거리:0.95
17:10:51  상대보정:0
17:10:51  상대보정중:0
17:10:51  보정동쪽:0.00
17:10:51  보정북쪽:0.00
17:10:51  UWB유효:1
17:10:51  UWB원시거리:1.600
17:10:51  UWB보정거리:1.357
17:10:51  UWB접근속도:-0.378
17:10:51  UWB_RSSI:nan
17:10:51  UWB경과ms:69
17:10:51  UWB샘플:7567
17:10:51  UWB실패:165
17:10:51  UWB보정:1
17:10:51  UWB보정중:0
17:10:51  UWB보정샘플:100
17:10:51  UWB보정기준:3.000
17:10:51  UWB오프셋:0.234
17:10:51  UWB위험사용:0
17:10:51  UWB전송:7562
17:10:51  위험송신:0
17:10:51  시각ms:1561850
17:10:51  IMU시각ms:1561850
17:10:51  위험:0
17:10:51  원시위험:0
17:10:51  GPS유효:1
17:10:51  위도:37.495944
17:10:51  경도:126.956114
17:10:51  속도:0.02
17:10:51  방향:290.8
17:10:51  이동방향유효:0
17:10:51  GPS이동방향:290.8
17:10:51  차체방향유효:0
17:10:51  차체방향:0.0
17:10:51  후진판정:0
17:10:51  IMU요회전속도:0.00
17:10:51  방향가속도크기:9.70
17:10:51  방향자이로크기:1.88
17:10:51  방향자세cos:0.9999
17:10:51  자기모델잔차:26.52
17:10:51  자기모델반경:0.926
17:10:51  방향채택:0
17:10:51  방향거부:168424
17:10:51  GPS원시속도:0.021
17:10:51  GPS원시방향유효:1
17:10:51  GPS원시방향:290.8
17:10:51  가속도:-0.55,0.40,9.67
17:10:51  자이로:1.0,-1.3,-0.9
17:10:51  자력계:9.900,4.650,20.550
17:10:51  충격값:0.15
17:10:51  충격피크:0.15
17:10:51  마지막충격발생값:0.00
17:10:51  마지막충격발생ms:0
17:10:51  송신:14864
17:10:51  지팡이수신:10084
17:10:51  GPS위성:8
17:10:51  GPS_HDOP:1.28
17:10:51  원시위도:37.495946
17:10:51  원시경도:126.956116
17:10:51  GPS채택:1547
17:10:51  GPS이상치거부:0
17:10:51  GPS품질거부:0
17:10:51  GPS재기준:0
17:10:51  계산거리:-1.00
17:10:51  접근속도:0.00
17:10:51  TTC:999.00
17:10:51  방향오차:0.0
17:10:51  전방여부:0
17:10:51  위험음성횟수:0
17:10:51  충격음성횟수:0
17:10:51  마지막위험음성:0
17:10:51  RSSI원시:-50
17:10:51  RSSI평활:-51.2
17:10:51  RSSI샘플:10084
17:10:51  RSSI경과ms:35
17:10:51  RSSI구간:4
17:10:51  RSSI거리:0.95
17:10:51  상대보정:0
17:10:51  상대보정중:0
17:10:51  보정동쪽:0.00
17:10:51  보정북쪽:0.00
17:10:51  UWB유효:1
17:10:51  UWB원시거리:1.600
17:10:51  UWB보정거리:1.357
17:10:51  UWB접근속도:-0.378
17:10:51  UWB_RSSI:nan
17:10:51  UWB경과ms:88
17:10:51  UWB샘플:7567
17:10:51  UWB실패:165
17:10:51  UWB보정:1
17:10:51  UWB보정중:0
17:10:51  UWB보정샘플:100
17:10:51  UWB보정기준:3.000
17:10:51  UWB오프셋:0.234
17:10:51  UWB위험사용:0
17:10:51  UWB전송:7562
17:10:51  위험송신:0
17:10:51  시각ms:1561870
17:10:51  IMU시각ms:1561870
17:10:51  위험:0
17:10:51  원시위험:0
17:10:51  GPS유효:1
17:10:51  위도:37.495944
17:10:51  경도:126.956114
17:10:51  속도:0.02
17:10:51  방향:290.8
17:10:51  이동방향유효:0
17:10:51  GPS이동방향:290.8
17:10:51  차체방향유효:0
17:10:51  차체방향:0.0
17:10:51  후진판정:0
17:10:51  IMU요회전속도:0.00
17:10:51  방향가속도크기:9.68
17:10:51  방향자이로크기:3.56
17:10:51  방향자세cos:0.9998
17:10:51  자기모델잔차:26.21
17:10:51  자기모델반경:0.930
17:10:51  방향채택:0
17:10:51  방향거부:168426
17:10:51  GPS원시속도:0.021
17:10:51  GPS원시방향유효:1
17:10:51  GPS원시방향:290.8
17:10:51  가속도:-0.32,0.30,9.67
17:10:51  자이로:0.7,-3.5,0.2
17:10:51  자력계:8.700,4.650,20.250
17:10:51  충격값:0.11
17:10:51  충격피크:0.11
17:10:51  마지막충격발생값:0.00
17:10:51  마지막충격발생ms:0
17:10:51  송신:14864
17:10:51  지팡이수신:10084
17:10:51  GPS위성:8
17:10:51  GPS_HDOP:1.28
17:10:51  원시위도:37.495946
17:10:51  원시경도:126.956116
17:10:51  GPS채택:1547
17:10:51  GPS이상치거부:0
17:10:51  GPS품질거부:0
17:10:51  GPS재기준:0
17:10:51  계산거리:-1.00
17:10:51  접근속도:0.00
17:10:51  TTC:999.00
17:10:51  방향오차:0.0
17:10:51  전방여부:0
17:10:51  위험음성횟수:0
17:10:51  충격음성횟수:0
17:10:51  마지막위험음성:0
17:10:51  RSSI원시:-50
17:10:51  RSSI평활:-51.2
17:10:51  RSSI샘플:10084
17:10:51  RSSI경과ms:55
17:10:51  RSSI구간:4
17:10:51  RSSI거리:0.95
17:10:51  상대보정:0
17:10:51  상대보정중:0
17:10:51  보정동쪽:0.00
17:10:51  보정북쪽:0.00
17:10:51  UWB유효:1
17:10:51  UWB원시거리:1.600
17:10:51  UWB보정거리:1.357
17:10:51  UWB접근속도:-0.378
17:10:51  UWB_RSSI:nan
17:10:51  UWB경과ms:108
17:10:51  UWB샘플:7567
17:10:51  UWB실패:165
17:10:51  UWB보정:1
17:10:51  UWB보정중:0
17:10:51  UWB보정샘플:100
17:10:51  UWB보정기준:3.000
17:10:51  UWB오프셋:0.234
17:10:51  UWB위험사용:0
17:10:51  UWB전송:7562
17:10:51  위험송신:0
17:10:51  시각ms:1561898
17:10:51  IMU시각ms:1561898
17:10:51  위험:0
17:10:51  원시위험:0
17:10:51  GPS유효:1
17:10:51  위도:37.495944
17:10:51  경도:126.956114
17:10:51  속도:0.02
17:10:51  방향:290.8
17:10:51  이동방향유효:0
17:10:51  GPS이동방향:290.8
17:10:51  차체방향유효:0
17:10:51  차체방향:0.0
17:10:51  후진판정:0
17:10:51  IMU요회전속도:0.00
17:10:51  방향가속도크기:9.78
17:10:51  방향자이로크기:0.35
17:10:51  방향자세cos:0.9997
17:10:51  자기모델잔차:26.16
17:10:51  자기모델반경:0.915
17:10:51  방향채택:0
17:10:51  방향거부:168429
17:10:51  GPS원시속도:0.021
17:10:51  GPS원시방향유효:1
17:10:51  GPS원시방향:290.8
17:10:51  가속도:-0.42,0.25,9.76
17:10:51  자이로:0.1,-0.2,0.3
17:10:51  자력계:9.150,4.200,20.250
17:10:51  충격값:0.11
17:10:51  충격피크:0.11
17:10:51  마지막충격발생값:0.00
17:10:51  마지막충격발생ms:0
17:10:51  송신:14864
17:10:51  지팡이수신:10084
17:10:51  GPS위성:8
17:10:51  GPS_HDOP:1.28
17:10:51  원시위도:37.495946
17:10:51  원시경도:126.956116
17:10:51  GPS채택:1547
17:10:51  GPS이상치거부:0
17:10:51  GPS품질거부:0
17:10:51  GPS재기준:0
17:10:51  계산거리:-1.00
17:10:51  접근속도:0.00
17:10:51  TTC:999.00
17:10:51  방향오차:0.0
17:10:51  전방여부:0
17:10:51  위험음성횟수:0
17:10:51  충격음성횟수:0
17:10:51  마지막위험음성:0
17:10:51  RSSI원시:-50
17:10:51  RSSI평활:-51.2
17:10:51  RSSI샘플:10084
17:10:51  RSSI경과ms:83
17:10:51  RSSI구간:4
17:10:51  RSSI거리:0.95
17:10:51  상대보정:0
17:10:51  상대보정중:0
17:10:51  보정동쪽:0.00
17:10:51  보정북쪽:0.00
17:10:51  UWB유효:1
17:10:51  UWB원시거리:1.600
17:10:51  UWB보정거리:1.357
17:10:51  UWB접근속도:-0.378
17:10:51  UWB_RSSI:nan
17:10:51  UWB경과ms:136
17:10:51  UWB샘플:7567
17:10:51  UWB실패:165
17:10:51  UWB보정:1
17:10:51  UWB보정중:0
17:10:51  UWB보정샘플:100
17:10:51  UWB보정기준:3.000
17:10:51  UWB오프셋:0.234
17:10:51  UWB위험사용:0
17:10:51  UWB전송:7562
17:10:51  위험송신:0
17:10:51  시각ms:1561926
17:10:51  IMU시각ms:1561926
17:10:51  위험:0
17:10:51  원시위험:0
17:10:51  GPS유효:1
17:10:51  위도:37.495944
17:10:51  경도:126.956114
17:10:51  속도:0.02
17:10:51  방향:290.8
17:10:51  이동방향유효:0
17:10:51  GPS이동방향:290.8
17:10:51  차체방향유효:0
17:10:51  차체방향:0.0
17:10:51  후진판정:0
17:10:51  IMU요회전속도:0.00
17:10:51  방향가속도크기:9.73
17:10:51  방향자이로크기:3.06
17:10:51  방향자세cos:0.9999
17:10:51  자기모델잔차:26.95
17:10:51  자기모델반경:0.884
17:10:51  방향채택:0
17:10:51  방향거부:168432
17:10:51  GPS원시속도:0.021
17:10:51  GPS원시방향유효:1
17:10:51  GPS원시방향:290.8
17:10:51  가속도:-0.38,0.38,9.72
17:10:51  자이로:1.9,-2.3,0.8
17:10:51  자력계:8.850,3.300,21.150
17:10:51  충격값:0.04
17:10:51  충격피크:0.11
17:10:51  마지막충격발생값:0.00
17:10:51  마지막충격발생ms:0
17:10:51  송신:14864
17:10:51  지팡이수신:10085
17:10:51  GPS위성:8
17:10:51  GPS_HDOP:1.28
17:10:51  원시위도:37.495946
17:10:51  원시경도:126.956116
17:10:51  GPS채택:1547
17:10:51  GPS이상치거부:0
17:10:51  GPS품질거부:0
17:10:51  GPS재기준:0
17:10:51  계산거리:-1.00
17:10:51  접근속도:0.00
17:10:51  TTC:999.00
17:10:51  방향오차:0.0
17:10:51  전방여부:0
17:10:51  위험음성횟수:0
17:10:51  충격음성횟수:0
17:10:51  마지막위험음성:0
17:10:51  RSSI원시:-51
17:10:51  RSSI평활:-51.1
17:10:51  RSSI샘플:10085
17:10:51  RSSI경과ms:11
17:10:51  RSSI구간:4
17:10:51  RSSI거리:0.95
17:10:51  상대보정:0
17:10:51  상대보정중:0
17:10:51  보정동쪽:0.00
17:10:51  보정북쪽:0.00
17:10:51  UWB유효:1
17:10:51  UWB원시거리:1.600
17:10:51  UWB보정거리:1.357
17:10:51  UWB접근속도:-0.378
17:10:51  UWB_RSSI:nan
17:10:51  UWB경과ms:164
17:10:51  UWB샘플:7567
17:10:51  UWB실패:165
17:10:51  UWB보정:1
17:10:51  UWB보정중:0
17:10:51  UWB보정샘플:100
17:10:51  UWB보정기준:3.000
17:10:51  UWB오프셋:0.234
17:10:51  UWB위험사용:0
17:10:51  UWB전송:7562
17:10:51  위험송신:0
17:10:51  시각ms:1561949
17:10:51  IMU시각ms:1561949
17:10:51  위험:0
17:10:51  원시위험:0
17:10:51  GPS유효:1
17:10:51  위도:37.495944
17:10:51  경도:126.956114
17:10:51  속도:0.02
17:10:51  방향:290.8
17:10:51  이동방향유효:0
17:10:51  GPS이동방향:290.8
17:10:51  차체방향유효:0
17:10:51  차체방향:0.0
17:10:51  후진판정:0
17:10:51  IMU요회전속도:0.00
17:10:51  방향가속도크기:9.74
17:10:51  방향자이로크기:3.63
17:10:51  방향자세cos:0.9998
17:10:51  자기모델잔차:24.20
17:10:51  자기모델반경:0.954
17:10:51  방향채택:0
17:10:51  방향거부:168434
17:10:51  GPS원시속도:0.021
17:10:51  GPS원시방향유효:1
17:10:51  GPS원시방향:290.8
17:10:51  가속도:-0.34,0.32,9.73
17:10:51  자이로:1.0,-3.5,0.5
17:10:51  자력계:9.600,5.250,18.150
17:10:51  충격값:0.08
17:10:51  충격피크:0.08
17:10:51  마지막충격발생값:0.00
17:10:51  마지막충격발생ms:0
17:10:51  송신:14865
17:10:51  지팡이수신:10085
17:10:51  GPS위성:8
17:10:51  GPS_HDOP:1.28
17:10:51  원시위도:37.495946
17:10:51  원시경도:126.956116
17:10:51  GPS채택:1547
17:10:51  GPS이상치거부:0
17:10:51  GPS품질거부:0
17:10:51  GPS재기준:0
17:10:51  계산거리:-1.00
17:10:51  접근속도:0.00
17:10:51  TTC:999.00
17:10:51  방향오차:0.0
17:10:51  전방여부:0
17:10:51  위험음성횟수:0
17:10:51  충격음성횟수:0
17:10:51  마지막위험음성:0
17:10:51  RSSI원시:-51
17:10:51  RSSI평활:-51.1
17:10:51  RSSI샘플:10085
17:10:51  RSSI경과ms:34
17:10:51  RSSI구간:4
17:10:51  RSSI거리:0.95
17:10:51  상대보정:0
17:10:51  상대보정중:0
17:10:51  보정동쪽:0.00
17:10:51  보정북쪽:0.00
17:10:51  UWB유효:1
17:10:51  UWB원시거리:1.600
17:10:51  UWB보정거리:1.357
17:10:51  UWB접근속도:-0.378
17:10:51  UWB_RSSI:nan
17:10:51  UWB경과ms:187
17:10:51  UWB샘플:7567
17:10:51  UWB실패:165
17:10:51  UWB보정:1
17:10:51  UWB보정중:0
17:10:51  UWB보정샘플:100
17:10:51  UWB보정기준:3.000
17:10:51  UWB오프셋:0.234
17:10:51  UWB위험사용:0
17:10:51  UWB전송:7562
17:10:51  위험송신:0
17:10:51  시각ms:1561975
17:10:51  IMU시각ms:1561975
17:10:51  위험:0
17:10:51  원시위험:0
17:10:51  GPS유효:1
17:10:51  위도:37.495944
17:10:51  경도:126.956114
17:10:51  속도:0.02
17:10:51  방향:290.8
17:10:51  이동방향유효:0
17:10:51  GPS이동방향:290.8
17:10:51  차체방향유효:0
17:10:51  차체방향:0.0
17:10:51  후진판정:0
17:10:51  IMU요회전속도:0.00
17:10:51  방향가속도크기:9.64
17:10:51  방향자이로크기:2.52
17:10:51  방향자세cos:0.9999
17:10:51  자기모델잔차:25.76
17:10:51  자기모델반경:0.936
17:10:51  방향채택:0
17:10:51  방향거부:168436
17:10:51  GPS원시속도:0.021
17:10:51  GPS원시방향유효:1
17:10:51  GPS원시방향:290.8
17:10:51  가속도:-0.45,0.32,9.63
17:10:51  자이로:-2.4,-0.7,-0.3
17:10:51  자력계:7.500,4.650,19.800
17:10:51  충격값:0.09
17:10:51  충격피크:0.10
17:10:51  마지막충격발생값:0.00
17:10:51  마지막충격발생ms:0
17:10:51  송신:14865
17:10:51  지팡이수신:10085
17:10:51  GPS위성:8
17:10:51  GPS_HDOP:1.28
17:10:51  원시위도:37.495946
17:10:51  원시경도:126.956116
17:10:51  GPS채택:1547
17:10:51  GPS이상치거부:0
17:10:51  GPS품질거부:0
17:10:51  GPS재기준:0
17:10:51  계산거리:-1.00
17:10:51  접근속도:0.00
17:10:51  TTC:999.00
17:10:51  방향오차:0.0
17:10:51  전방여부:0
17:10:51  위험음성횟수:0
17:10:51  충격음성횟수:0
17:10:51  마지막위험음성:0
17:10:51  RSSI원시:-51
17:10:51  RSSI평활:-51.1
17:10:51  RSSI샘플:10085
17:10:51  RSSI경과ms:60
17:10:51  RSSI구간:4
17:10:51  RSSI거리:0.95
17:10:51  상대보정:0
17:10:51  상대보정중:0
17:10:51  보정동쪽:0.00
17:10:51  보정북쪽:0.00
17:10:51  UWB유효:1
17:10:51  UWB원시거리:1.750
17:10:51  UWB보정거리:1.482
17:10:51  UWB접근속도:-0.448
17:10:51  UWB_RSSI:nan
17:10:51  UWB경과ms:9
17:10:51  UWB샘플:7568
17:10:51  UWB실패:165
17:10:51  UWB보정:1
17:10:51  UWB보정중:0
17:10:51  UWB보정샘플:100
17:10:51  UWB보정기준:3.000
17:10:51  UWB오프셋:0.234
17:10:51  UWB위험사용:0
17:10:51  UWB전송:7563
17:10:51  위험송신:0
17:10:51  시각ms:1562003
17:10:51  IMU시각ms:1562003
17:10:51  위험:0
17:10:51  원시위험:0
17:10:51  GPS유효:1
17:10:51  위도:37.495944
17:10:51  경도:126.956114
17:10:51  속도:0.02
17:10:51  방향:290.8
17:10:51  이동방향유효:0
17:10:51  GPS이동방향:290.8
17:10:51  차체방향유효:0
17:10:51  차체방향:0.0
17:10:51  후진판정:0
17:10:51  IMU요회전속도:0.00
17:10:51  방향가속도크기:9.82
17:10:51  방향자이로크기:2.29
17:10:51  방향자세cos:1.0000
17:10:51  자기모델잔차:24.94
17:10:51  자기모델반경:0.910
17:10:51  방향채택:0
17:10:51  방향거부:168439
17:10:51  GPS원시속도:0.021
17:10:51  GPS원시방향유효:1
17:10:51  GPS원시방향:290.8
17:10:51  가속도:-0.41,0.44,9.80
17:10:51  자이로:2.2,0.3,0.5
17:10:51  자력계:9.150,3.900,19.050
17:10:51  충격값:0.13
17:10:51  충격피크:0.13
17:10:51  마지막충격발생값:0.00
17:10:51  마지막충격발생ms:0
17:10:51  송신:14865
17:10:51  지팡이수신:10085
17:10:51  GPS위성:8
17:10:51  GPS_HDOP:1.28
17:10:51  원시위도:37.495946
17:10:51  원시경도:126.956116
17:10:51  GPS채택:1547
17:10:51  GPS이상치거부:0
17:10:51  GPS품질거부:0
17:10:51  GPS재기준:0
17:10:51  계산거리:-1.00
17:10:51  접근속도:0.00
17:10:51  TTC:999.00
17:10:51  방향오차:0.0
17:10:51  전방여부:0
17:10:51  위험음성횟수:0
17:10:51  충격음성횟수:0
17:10:51  마지막위험음성:0
17:10:51  RSSI원시:-51
17:10:51  RSSI평활:-51.1
17:10:51  RSSI샘플:10085
17:10:51  RSSI경과ms:88
17:10:51  RSSI구간:4
17:10:51  RSSI거리:0.95
17:10:51  상대보정:0
17:10:51  상대보정중:0
17:10:51  보정동쪽:0.00
17:10:51  보정북쪽:0.00
17:10:51  UWB유효:1
17:10:51  UWB원시거리:1.750
17:10:51  UWB보정거리:1.482
17:10:51  UWB접근속도:-0.448
17:10:51  UWB_RSSI:nan
17:10:51  UWB경과ms:37
17:10:51  UWB샘플:7568
17:10:51  UWB실패:165
17:10:51  UWB보정:1
17:10:51  UWB보정중:0
17:10:51  UWB보정샘플:100
17:10:51  UWB보정기준:3.000
17:10:51  UWB오프셋:0.234
17:10:51  UWB위험사용:0
17:10:51  UWB전송:7563
17:10:51  위험송신:0
17:10:51  시각ms:1562030
17:10:51  IMU시각ms:1562029
17:10:51  위험:0
17:10:51  원시위험:0
17:10:51  GPS유효:1
17:10:51  위도:37.495944
17:10:51  경도:126.956114
17:10:51  속도:0.02
17:10:51  방향:290.8
17:10:51  이동방향유효:0
17:10:51  GPS이동방향:290.8
17:10:51  차체방향유효:0
17:10:51  차체방향:0.0
17:10:51  후진판정:0
17:10:51  IMU요회전속도:0.00
17:10:51  방향가속도크기:9.65
17:10:51  방향자이로크기:4.24
17:10:51  방향자세cos:0.9999
17:10:51  자기모델잔차:26.51
17:10:51  자기모델반경:0.928
17:10:51  방향채택:0
17:10:51  방향거부:168442
17:10:51  GPS원시속도:0.021
17:10:51  GPS원시방향유효:1
17:10:51  GPS원시방향:290.8
17:10:51  가속도:-0.46,0.33,9.63
17:10:51  자이로:2.9,-2.9,-0.8
17:10:51  자력계:9.150,4.650,20.550
17:10:51  충격값:0.09
17:10:51  충격피크:0.15
17:10:51  마지막충격발생값:0.00
17:10:51  마지막충격발생ms:0
17:10:51  송신:14865
17:10:51  지팡이수신:10086
17:10:51  GPS위성:8
17:10:51  GPS_HDOP:1.28
17:10:51  원시위도:37.495946
17:10:51  원시경도:126.956116
17:10:51  GPS채택:1547
17:10:51  GPS이상치거부:0
17:10:51  GPS품질거부:0
17:10:51  GPS재기준:0
17:10:51  계산거리:-1.00
17:10:51  접근속도:0.00
17:10:51  TTC:999.00
17:10:51  방향오차:0.0
17:10:51  전방여부:0
17:10:51  위험음성횟수:0
17:10:51  충격음성횟수:0
17:10:51  마지막위험음성:0
17:10:51  RSSI원시:-46
17:10:51  RSSI평활:-50.1
17:10:51  RSSI샘플:10086
17:10:51  RSSI경과ms:6
17:10:51  RSSI구간:4
17:10:51  RSSI거리:0.86
17:10:51  상대보정:0
17:10:51  상대보정중:0
17:10:51  보정동쪽:0.00
17:10:51  보정북쪽:0.00
17:10:51  UWB유효:1
17:10:51  UWB원시거리:1.750
17:10:51  UWB보정거리:1.482
17:10:51  UWB접근속도:-0.448
17:10:51  UWB_RSSI:nan
17:10:51  UWB경과ms:64
17:10:51  UWB샘플:7568
17:10:51  UWB실패:165
17:10:51  UWB보정:1
17:10:51  UWB보정중:0
17:10:51  UWB보정샘플:100
17:10:51  UWB보정기준:3.000
17:10:51  UWB오프셋:0.234
17:10:51  UWB위험사용:0
17:10:51  UWB전송:7563
17:10:51  위험송신:0
17:10:51  시각ms:1562051
17:10:51  IMU시각ms:1562051
17:10:51  위험:0
17:10:51  원시위험:0
17:10:51  GPS유효:1
17:10:51  위도:37.495944
17:10:51  경도:126.956114
17:10:51  속도:0.02
17:10:51  방향:290.8
17:10:51  이동방향유효:0
17:10:51  GPS이동방향:290.8
17:10:51  차체방향유효:0
17:10:51  차체방향:0.0
17:10:51  후진판정:0
17:10:51  IMU요회전속도:0.00
17:10:51  방향가속도크기:9.75
17:10:51  방향자이로크기:4.44
17:10:51  방향자세cos:0.9999
17:10:51  자기모델잔차:25.10
17:10:51  자기모델반경:0.915
17:10:51  방향채택:0
17:10:51  방향거부:168444
17:10:51  GPS원시속도:0.021
17:10:51  GPS원시방향유효:1
17:10:51  GPS원시방향:290.8
17:10:51  가속도:-0.52,0.35,9.73
17:10:51  자이로:3.5,-2.6,-0.9
17:10:51  자력계:8.550,4.050,19.200
17:10:51  충격값:0.11
17:10:51  충격피크:0.11
17:10:51  마지막충격발생값:0.00
17:10:51  마지막충격발생ms:0
17:10:51  송신:14866
17:10:51  지팡이수신:10086
17:10:51  GPS위성:8
17:10:51  GPS_HDOP:1.28
17:10:51  원시위도:37.495946
17:10:51  원시경도:126.956116
17:10:51  GPS채택:1547
17:10:51  GPS이상치거부:0
17:10:51  GPS품질거부:0
17:10:51  GPS재기준:0
17:10:51  계산거리:-1.00
17:10:51  접근속도:0.00
17:10:51  TTC:999.00
17:10:51  방향오차:0.0
17:10:51  전방여부:0
17:10:51  위험음성횟수:0
17:10:51  충격음성횟수:0
17:10:51  마지막위험음성:0
17:10:51  RSSI원시:-46
17:10:51  RSSI평활:-50.1
17:10:51  RSSI샘플:10086
17:10:51  RSSI경과ms:27
17:10:51  RSSI구간:4
17:10:51  RSSI거리:0.86
17:10:51  상대보정:0
17:10:51  상대보정중:0
17:10:51  보정동쪽:0.00
17:10:51  보정북쪽:0.00
17:10:51  UWB유효:1
17:10:51  UWB원시거리:1.750
17:10:51  UWB보정거리:1.482
17:10:51  UWB접근속도:-0.448
17:10:51  UWB_RSSI:nan
17:10:51  UWB경과ms:85
17:10:51  UWB샘플:7568
17:10:51  UWB실패:165
17:10:51  UWB보정:1
17:10:51  UWB보정중:0
17:10:51  UWB보정샘플:100
17:10:51  UWB보정기준:3.000
17:10:51  UWB오프셋:0.234
17:10:51  UWB위험사용:0
17:10:51  UWB전송:7563
17:10:51  위험송신:0
17:10:51  시각ms:1562214
17:10:51  IMU시각ms:1562214
17:10:51  위험:0
17:10:51  원시위험:0
17:10:51  GPS유효:1
17:10:51  위도:37.495944
17:10:51  경도:126.956114
17:10:51  속도:0.02
17:10:51  방향:290.8
17:10:51  이동방향유효:0
17:10:51  GPS이동방향:290.8
17:10:51  차체방향유효:0
17:10:51  차체방향:0.0
17:10:51  후진판정:0
17:10:51  IMU요회전속도:0.00
17:10:51  방향가속도크기:9.80
17:10:51  방향자이로크기:1.95
17:10:51  방향자세cos:0.9999
17:10:51  자기모델잔차:25.47
17:10:51  자기모델반경:0.931
17:10:51  방향채택:0
17:10:51  방향거부:168462
17:10:51  GPS원시속도:0.021
17:10:51  GPS원시방향유효:1
17:10:51  GPS원시방향:290.8
17:10:51  가속도:-0.38,0.35,9.78
17:10:51  자이로:1.9,0.2,-0.2
17:10:51  자력계:9.450,4.650,19.500
17:10:51  충격값:0.09
17:10:51  충격피크:0.21
17:10:51  마지막충격발생값:0.00
17:10:51  마지막충격발생ms:0
17:10:51  송신:14867
17:10:51  지팡이수신:10086
17:10:51  GPS위성:8
17:10:51  GPS_HDOP:1.28
17:10:51  원시위도:37.495946
17:10:51  원시경도:126.956116
17:10:51  GPS채택:1547
17:10:51  GPS이상치거부:0
17:10:51  GPS품질거부:0
17:10:51  GPS재기준:0
17:10:51  계산거리:-1.00
17:10:51  접근속도:0.00
17:10:51  TTC:999.00
17:10:51  방향오차:0.0
17:10:51  전방여부:0
17:10:51  위험음성횟수:0
17:10:51  충격음성횟수:0
17:10:51  마지막위험음성:0
17:10:51  RSSI원시:-46
17:10:51  RSSI평활:-50.1
17:10:51  RSSI샘플:10086
17:10:51  RSSI경과ms:190
17:10:51  RSSI구간:4
17:10:51  RSSI거리:0.86
17:10:51  상대보정:0
17:10:51  상대보정중:0
17:10:51  보정동쪽:0.00
17:10:51  보정북쪽:0.00
17:10:51  UWB유효:1
17:10:51  UWB원시거리:1.920
17:10:51  UWB보정거리:1.605
17:10:51  UWB접근속도:-0.503
17:10:51  UWB_RSSI:nan
17:10:51  UWB경과ms:52
17:10:51  UWB샘플:7569
17:10:51  UWB실패:165
17:10:51  UWB보정:1
17:10:51  UWB보정중:0
17:10:51  UWB보정샘플:100
17:10:51  UWB보정기준:3.000
17:10:51  UWB오프셋:0.234
17:10:51  UWB위험사용:0
17:10:51  UWB전송:7564
17:10:51  위험송신:0
17:10:51  시각ms:1562253
17:10:51  IMU시각ms:1562241
17:10:51  위험:0
17:10:51  원시위험:0
17:10:51  GPS유효:1
17:10:51  위도:37.495944
17:10:51  경도:126.956114
17:10:51  속도:0.02
17:10:51  방향:290.8
17:10:51  이동방향유효:0
17:10:51  GPS이동방향:290.8
17:10:51  차체방향유효:0
17:10:51  차체방향:0.0
17:10:51  후진판정:0
17:10:51  IMU요회전속도:0.00
17:10:51  방향가속도크기:9.75
17:10:51  방향자이로크기:0.68
17:10:51  방향자세cos:0.9999
17:10:51  자기모델잔차:25.51
17:10:51  자기모델반경:0.951
17:10:51  방향채택:0
17:10:51  방향거부:168465
17:10:51  GPS원시속도:0.021
17:10:51  GPS원시방향유효:1
17:10:51  GPS원시방향:290.8
17:10:51  가속도:-0.34,0.39,9.74
17:10:51  자이로:-0.3,-0.6,0.2
17:10:51  자력계:7.500,5.100,19.500
17:10:51  충격값:0.09
17:10:51  충격피크:0.17
17:10:51  마지막충격발생값:0.00
17:10:51  마지막충격발생ms:0
17:10:51  송신:14868
17:10:51  지팡이수신:10087
17:10:51  GPS위성:8
17:10:51  GPS_HDOP:1.28
17:10:51  원시위도:37.495946
17:10:51  원시경도:126.956116
17:10:51  GPS채택:1547
17:10:51  GPS이상치거부:0
17:10:51  GPS품질거부:0
17:10:51  GPS재기준:0
17:10:51  계산거리:-1.00
17:10:51  접근속도:0.00
17:10:51  TTC:999.00
17:10:51  방향오차:0.0
17:10:51  전방여부:0
17:10:51  위험음성횟수:0
17:10:51  충격음성횟수:0
17:10:51  마지막위험음성:0
17:10:51  RSSI원시:-46
17:10:51  RSSI평활:-49.3
17:10:51  RSSI샘플:10087
17:10:51  RSSI경과ms:13
17:10:51  RSSI구간:4
17:10:51  RSSI거리:0.80
17:10:51  상대보정:0
17:10:51  상대보정중:0
17:10:51  보정동쪽:0.00
17:10:51  보정북쪽:0.00
17:10:51  UWB유효:1
17:10:51  UWB원시거리:1.920
17:10:51  UWB보정거리:1.605
17:10:51  UWB접근속도:-0.503
17:10:51  UWB_RSSI:nan
17:10:51  UWB경과ms:91
17:10:51  UWB샘플:7569
17:10:51  UWB실패:165
17:10:51  UWB보정:1
17:10:51  UWB보정중:0
17:10:51  UWB보정샘플:100
17:10:51  UWB보정기준:3.000
17:10:51  UWB오프셋:0.234
17:10:51  UWB위험사용:0
17:10:51  UWB전송:7564
17:10:51  위험송신:0
17:10:52  시각ms:1562328
17:10:52  IMU시각ms:1562328
17:10:52  위험:0
17:10:52  원시위험:0
17:10:52  GPS유효:1
17:10:52  위도:37.495944
17:10:52  경도:126.956114
17:10:52  속도:0.02
17:10:52  방향:290.8
17:10:52  이동방향유효:0
17:10:52  GPS이동방향:290.8
17:10:52  차체방향유효:0
17:10:52  차체방향:0.0
17:10:52  후진판정:0
17:10:52  IMU요회전속도:0.00
17:10:52  방향가속도크기:9.72
17:10:52  방향자이로크기:3.04
17:10:52  방향자세cos:0.9999
17:10:52  자기모델잔차:25.72
17:10:52  자기모델반경:0.914
17:10:52  방향채택:0
17:10:52  방향거부:168472
17:10:52  GPS원시속도:0.021
17:10:52  GPS원시방향유효:1
17:10:52  GPS원시방향:290.8
17:10:52  가속도:-0.39,0.35,9.70
17:10:52  자이로:-0.6,2.9,-0.4
17:10:52  자력계:10.200,4.200,19.800
17:10:52  충격값:0.02
17:10:52  충격피크:0.11
17:10:52  마지막충격발생값:0.00
17:10:52  마지막충격발생ms:0
17:10:52  송신:14868
17:10:52  지팡이수신:10087
17:10:52  GPS위성:8
17:10:52  GPS_HDOP:1.28
17:10:52  원시위도:37.495946
17:10:52  원시경도:126.956116
17:10:52  GPS채택:1547
17:10:52  GPS이상치거부:0
17:10:52  GPS품질거부:0
17:10:52  GPS재기준:0
17:10:52  계산거리:-1.00
17:10:52  접근속도:0.00
17:10:52  TTC:999.00
17:10:52  방향오차:0.0
17:10:52  전방여부:0
17:10:52  위험음성횟수:0
17:10:52  충격음성횟수:0
17:10:52  마지막위험음성:0
17:10:52  RSSI원시:-46
17:10:52  RSSI평활:-49.3
17:10:52  RSSI샘플:10087
17:10:52  RSSI경과ms:88
17:10:52  RSSI구간:4
17:10:52  RSSI거리:0.80
17:10:52  상대보정:0
17:10:52  상대보정중:0
17:10:52  보정동쪽:0.00
17:10:52  보정북쪽:0.00
17:10:52  UWB유효:1
17:10:52  UWB원시거리:1.920
17:10:52  UWB보정거리:1.605
17:10:52  UWB접근속도:-0.503
17:10:52  UWB_RSSI:nan
17:10:52  UWB경과ms:166
17:10:52  UWB샘플:7569
17:10:52  UWB실패:165
17:10:52  UWB보정:1
17:10:52  UWB보정중:0
17:10:52  UWB보정샘플:100
17:10:52  UWB보정기준:3.000
17:10:52  UWB오프셋:0.234
17:10:52  UWB위험사용:0
17:10:52  UWB전송:7564
17:10:52  위험송신:0
17:10:52  시각ms:1562410
17:10:52  IMU시각ms:1562410
17:10:52  위험:0
17:10:52  원시위험:0
17:10:52  GPS유효:1
17:10:52  위도:37.495944
17:10:52  경도:126.956114
17:10:52  속도:0.02
17:10:52  방향:290.8
17:10:52  이동방향유효:0
17:10:52  GPS이동방향:290.8
17:10:52  차체방향유효:0
17:10:52  차체방향:0.0
17:10:52  후진판정:0
17:10:52  IMU요회전속도:0.00
17:10:52  방향가속도크기:9.61
17:10:52  방향자이로크기:2.36
17:10:52  방향자세cos:0.9999
17:10:52  자기모델잔차:26.40
17:10:52  자기모델반경:0.984
17:10:52  방향채택:0
17:10:52  방향거부:168480
17:10:52  GPS원시속도:0.021
17:10:52  GPS원시방향유효:1
17:10:52  GPS원시방향:290.8
17:10:52  가속도:-0.40,0.38,9.60
17:10:52  자이로:-1.9,1.2,-0.7
17:10:52  자력계:7.950,6.300,20.250
17:10:52  충격값:0.10
17:10:52  충격피크:0.17
17:10:52  마지막충격발생값:0.00
17:10:52  마지막충격발생ms:0
17:10:52  송신:14869
17:10:52  지팡이수신:10088
17:10:52  GPS위성:8
17:10:52  GPS_HDOP:1.28
17:10:52  원시위도:37.495946
17:10:52  원시경도:126.956116
17:10:52  GPS채택:1547
17:10:52  GPS이상치거부:0
17:10:52  GPS품질거부:0
17:10:52  GPS재기준:0
17:10:52  계산거리:-1.00
17:10:52  접근속도:0.00
17:10:52  TTC:999.00
17:10:52  방향오차:0.0
17:10:52  전방여부:0
17:10:52  위험음성횟수:0
17:10:52  충격음성횟수:0
17:10:52  마지막위험음성:0
17:10:52  RSSI원시:-54
17:10:52  RSSI평활:-50.2
17:10:52  RSSI샘플:10088
17:10:52  RSSI경과ms:62
17:10:52  RSSI구간:4
17:10:52  RSSI거리:0.87
17:10:52  상대보정:0
17:10:52  상대보정중:0
17:10:52  보정동쪽:0.00
17:10:52  보정북쪽:0.00
17:10:52  UWB유효:1
17:10:52  UWB원시거리:2.060
17:10:52  UWB보정거리:1.738
17:10:52  UWB접근속도:-0.552
17:10:52  UWB_RSSI:nan
17:10:52  UWB경과ms:49
17:10:52  UWB샘플:7570
17:10:52  UWB실패:165
17:10:52  UWB보정:1
17:10:52  UWB보정중:0
17:10:52  UWB보정샘플:100
17:10:52  UWB보정기준:3.000
17:10:52  UWB오프셋:0.234
17:10:52  UWB위험사용:0
17:10:52  UWB전송:7565
17:10:52  위험송신:0
17:10:52  시각ms:1562542
17:10:52  IMU시각ms:1562542
17:10:52  위험:0
17:10:52  원시위험:0
17:10:52  GPS유효:1
17:10:52  위도:37.495944
17:10:52  경도:126.956114
17:10:52  속도:0.02
17:10:52  방향:290.8
17:10:52  이동방향유효:0
17:10:52  GPS이동방향:290.8
17:10:52  차체방향유효:0
17:10:52  차체방향:0.0
17:10:52  후진판정:0
17:10:52  IMU요회전속도:0.00
17:10:52  방향가속도크기:9.67
17:10:52  방향자이로크기:1.92
17:10:52  방향자세cos:0.9999
17:10:52  자기모델잔차:24.87
17:10:52  자기모델반경:0.901
17:10:52  방향채택:0
17:10:52  방향거부:168495
17:10:52  GPS원시속도:0.021
17:10:52  GPS원시방향유효:1
17:10:52  GPS원시방향:290.8
17:10:52  가속도:-0.36,0.37,9.65
17:10:52  자이로:1.3,-1.0,1.0
17:10:52  자력계:7.500,3.450,19.050
17:10:52  충격값:0.06
17:10:52  충격피크:0.11
17:10:52  마지막충격발생값:0.00
17:10:52  마지막충격발생ms:0
17:10:52  송신:14870
17:10:52  지팡이수신:10090
17:10:52  GPS위성:8
17:10:52  GPS_HDOP:1.28
17:10:52  원시위도:37.495946
17:10:52  원시경도:126.956116
17:10:52  GPS채택:1547
17:10:52  GPS이상치거부:0
17:10:52  GPS품질거부:0
17:10:52  GPS재기준:0
17:10:52  계산거리:-1.00
17:10:52  접근속도:0.00
17:10:52  TTC:999.00
17:10:52  방향오차:0.0
17:10:52  전방여부:0
17:10:52  위험음성횟수:0
17:10:52  충격음성횟수:0
17:10:52  마지막위험음성:0
17:10:52  RSSI원시:-49
17:10:52  RSSI평활:-49.1
17:10:52  RSSI샘플:10090
17:10:52  RSSI경과ms:15
17:10:52  RSSI구간:4
17:10:52  RSSI거리:0.80
17:10:52  상대보정:0
17:10:52  상대보정중:0
17:10:52  보정동쪽:0.00
17:10:52  보정북쪽:0.00
17:10:52  UWB유효:1
17:10:52  UWB원시거리:2.060
17:10:52  UWB보정거리:1.738
17:10:52  UWB접근속도:-0.552
17:10:52  UWB_RSSI:nan
17:10:52  UWB경과ms:181
17:10:52  UWB샘플:7570
17:10:52  UWB실패:165
17:10:52  UWB보정:1
17:10:52  UWB보정중:0
17:10:52  UWB보정샘플:100
17:10:52  UWB보정기준:3.000
17:10:52  UWB오프셋:0.234
17:10:52  UWB위험사용:0
17:10:52  UWB전송:7565
17:10:52  위험송신:0
17:10:52  시각ms:1562637
17:10:52  IMU시각ms:1562636
17:10:52  위험:0
17:10:52  원시위험:0
17:10:52  GPS유효:1
17:10:52  위도:37.495944
17:10:52  경도:126.956114
17:10:52  속도:0.02
17:10:52  방향:290.8
17:10:52  이동방향유효:0
17:10:52  GPS이동방향:290.8
17:10:52  차체방향유효:0
17:10:52  차체방향:0.0
17:10:52  후진판정:0
17:10:52  IMU요회전속도:0.00
17:10:52  방향가속도크기:9.66
17:10:52  방향자이로크기:3.17
17:10:52  방향자세cos:1.0000
17:10:52  자기모델잔차:27.21
17:10:52  자기모델반경:0.911
17:10:52  방향채택:0
17:10:52  방향거부:168505
17:10:52  GPS원시속도:0.021
17:10:52  GPS원시방향유효:1
17:10:52  GPS원시방향:290.8
17:10:52  가속도:-0.38,0.46,9.64
17:10:52  자이로:3.0,-0.6,-0.8
17:10:52  자력계:9.150,4.200,21.300
17:10:52  충격값:0.13
17:10:52  충격피크:0.13
17:10:52  마지막충격발생값:0.00
17:10:52  마지막충격발생ms:0
17:10:52  송신:14871
17:10:52  지팡이수신:10091
17:10:52  GPS위성:8
17:10:52  GPS_HDOP:1.28
17:10:52  원시위도:37.495946
17:10:52  원시경도:126.956116
17:10:52  GPS채택:1547
17:10:52  GPS이상치거부:0
17:10:52  GPS품질거부:0
17:10:52  GPS재기준:0
17:10:52  계산거리:-1.00
17:10:52  접근속도:0.00
17:10:52  TTC:999.00
17:10:52  방향오차:0.0
17:10:52  전방여부:0
17:10:52  위험음성횟수:0
17:10:52  충격음성횟수:0
17:10:52  마지막위험음성:0
17:10:52  RSSI원시:-53
17:10:52  RSSI평활:-49.9
17:10:52  RSSI샘플:10091
17:10:52  RSSI경과ms:8
17:10:52  RSSI구간:4
17:10:52  RSSI거리:0.84
17:10:52  상대보정:0
17:10:52  상대보정중:0
17:10:52  보정동쪽:0.00
17:10:52  보정북쪽:0.00
17:10:52  UWB유효:1
17:10:52  UWB원시거리:2.160
17:10:52  UWB보정거리:1.884
17:10:52  UWB접근속도:-0.602
17:10:52  UWB_RSSI:nan
17:10:52  UWB경과ms:73
17:10:52  UWB샘플:7571
17:10:52  UWB실패:165
17:10:52  UWB보정:1
17:10:52  UWB보정중:0
17:10:52  UWB보정샘플:100
17:10:52  UWB보정기준:3.000
17:10:52  UWB오프셋:0.234
17:10:52  UWB위험사용:0
17:10:52  UWB전송:7566
17:10:52  위험송신:0
17:10:52  시각ms:1563067
17:10:52  IMU시각ms:1563067
17:10:52  위험:0
17:10:52  원시위험:0
17:10:52  GPS유효:1
17:10:52  위도:37.495945
17:10:52  경도:126.956115
17:10:52  속도:0.02
17:10:52  방향:290.8
17:10:52  이동방향유효:0
17:10:52  GPS이동방향:290.8
17:10:52  차체방향유효:0
17:10:52  차체방향:0.0
17:10:52  후진판정:0
17:10:52  IMU요회전속도:0.00
17:10:52  방향가속도크기:9.77
17:10:52  방향자이로크기:1.47
17:10:52  방향자세cos:0.9998
17:10:52  자기모델잔차:26.34
17:10:52  자기모델반경:0.927
17:10:52  방향채택:0
17:10:52  방향거부:168551
17:10:52  GPS원시속도:0.026
17:10:52  GPS원시방향유효:1
17:10:52  GPS원시방향:290.8
17:10:52  가속도:-0.41,0.30,9.75
17:10:52  자이로:0.8,-0.8,-0.9
17:10:52  자력계:8.100,4.500,20.400
17:10:52  충격값:0.08
17:10:52  충격피크:0.16
17:10:52  마지막충격발생값:0.00
17:10:52  마지막충격발생ms:0
17:10:52  송신:14875
17:10:52  지팡이수신:10093
17:10:52  GPS위성:8
17:10:52  GPS_HDOP:1.15
17:10:52  원시위도:37.495947
17:10:52  원시경도:126.956117
17:10:52  GPS채택:1548
17:10:52  GPS이상치거부:0
17:10:52  GPS품질거부:0
17:10:52  GPS재기준:0
17:10:52  계산거리:-1.00
17:10:52  접근속도:0.00
17:10:52  TTC:999.00
17:10:52  방향오차:0.0
17:10:52  전방여부:0
17:10:52  위험음성횟수:0
17:10:52  충격음성횟수:0
17:10:52  마지막위험음성:0
17:10:52  RSSI원시:-52
17:10:52  RSSI평활:-50.8
17:10:52  RSSI샘플:10093
17:10:52  RSSI경과ms:220
17:10:52  RSSI구간:4
17:10:52  RSSI거리:0.92
17:10:52  상대보정:0
17:10:52  상대보정중:0
17:10:52  보정동쪽:0.00
17:10:52  보정북쪽:0.00
17:10:52  UWB유효:1
17:10:52  UWB원시거리:2.410
17:10:52  UWB보정거리:2.156
17:10:52  UWB접근속도:-0.641
17:10:52  UWB_RSSI:nan
17:10:52  UWB경과ms:107
17:10:52  UWB샘플:7573
17:10:52  UWB실패:165
17:10:52  UWB보정:1
17:10:52  UWB보정중:0
17:10:52  UWB보정샘플:100
17:10:52  UWB보정기준:3.000
17:10:52  UWB오프셋:0.234
17:10:52  UWB위험사용:0
17:10:52  UWB전송:7568
17:10:52  위험송신:0
17:10:52  시각ms:1563100
17:10:52  IMU시각ms:1563099
17:10:52  위험:0
17:10:52  원시위험:0
17:10:52  GPS유효:1
17:10:52  위도:37.495945
17:10:52  경도:126.956115
17:10:52  속도:0.02
17:10:52  방향:290.8
17:10:52  이동방향유효:0
17:10:52  GPS이동방향:290.8
17:10:52  차체방향유효:0
17:10:52  차체방향:0.0
17:10:52  후진판정:0
17:10:52  IMU요회전속도:0.00
17:10:52  방향가속도크기:9.65
17:10:52  방향자이로크기:1.42
17:10:52  방향자세cos:0.9998
17:10:52  자기모델잔차:27.26
17:10:52  자기모델반경:0.926
17:10:52  방향채택:0
17:10:52  방향거부:168553
17:10:52  GPS원시속도:0.026
17:10:52  GPS원시방향유효:1
17:10:52  GPS원시방향:290.8
17:10:52  가속도:-0.34,0.33,9.64
17:10:52  자이로:0.9,0.3,-1.1
17:10:52  자력계:8.700,4.650,21.300
17:10:52  충격값:0.09
17:10:52  충격피크:0.09
17:10:52  마지막충격발생값:0.00
17:10:52  마지막충격발생ms:0
17:10:52  송신:14876
17:10:52  지팡이수신:10094
17:10:52  GPS위성:8
17:10:52  GPS_HDOP:1.15
17:10:52  원시위도:37.495947
17:10:52  원시경도:126.956117
17:10:52  GPS채택:1548
17:10:52  GPS이상치거부:0
17:10:52  GPS품질거부:0
17:10:52  GPS재기준:0
17:10:52  계산거리:-1.00
17:10:52  접근속도:0.00
17:10:52  TTC:999.00
17:10:52  방향오차:0.0
17:10:52  전방여부:0
17:10:52  위험음성횟수:0
17:10:52  충격음성횟수:0
17:10:52  마지막위험음성:0
17:10:52  RSSI원시:-51
17:10:52  RSSI평활:-50.9
17:10:52  RSSI샘플:10094
17:10:52  RSSI경과ms:28
17:10:52  RSSI구간:4
17:10:52  RSSI거리:0.92
17:10:52  상대보정:0
17:10:52  상대보정중:0
17:10:52  보정동쪽:0.00
17:10:52  보정북쪽:0.00
17:10:52  UWB유효:1
17:10:52  UWB원시거리:2.410
17:10:52  UWB보정거리:2.156
17:10:52  UWB접근속도:-0.641
17:10:52  UWB_RSSI:nan
17:10:52  UWB경과ms:140
17:10:52  UWB샘플:7573
17:10:52  UWB실패:165
17:10:52  UWB보정:1
17:10:52  UWB보정중:0
17:10:52  UWB보정샘플:100
17:10:52  UWB보정기준:3.000
17:10:52  UWB오프셋:0.234
17:10:52  UWB위험사용:0
17:10:52  UWB전송:7568
17:10:52  위험송신:0
17:10:53  시각ms:1563128
17:10:53  IMU시각ms:1563128
17:10:53  위험:0
17:10:53  원시위험:0
17:10:53  GPS유효:1
17:10:53  위도:37.495945
17:10:53  경도:126.956115
17:10:53  속도:0.02
17:10:53  방향:290.8
17:10:53  이동방향유효:0
17:10:53  GPS이동방향:290.8
17:10:53  차체방향유효:0
17:10:53  차체방향:0.0
17:10:53  후진판정:0
17:10:53  IMU요회전속도:0.00
17:10:53  방향가속도크기:9.72
17:10:53  방향자이로크기:3.05
17:10:53  방향자세cos:1.0000
17:10:53  자기모델잔차:27.70
17:10:53  자기모델반경:0.924
17:10:53  방향채택:0
17:10:53  방향거부:168556
17:10:53  GPS원시속도:0.026
17:10:53  GPS원시방향유효:1
17:10:53  GPS원시방향:290.8
17:10:53  가속도:-0.41,0.44,9.71
17:10:53  자이로:2.5,1.3,1.2
17:10:53  자력계:8.700,4.650,21.750
17:10:53  충격값:0.10
17:10:53  충격피크:0.15
17:10:53  마지막충격발생값:0.00
17:10:53  마지막충격발생ms:0
17:10:53  송신:14876
17:10:53  지팡이수신:10094
17:10:53  GPS위성:8
17:10:53  GPS_HDOP:1.15
17:10:53  원시위도:37.495947
17:10:53  원시경도:126.956117
17:10:53  GPS채택:1548
17:10:53  GPS이상치거부:0
17:10:53  GPS품질거부:0
17:10:53  GPS재기준:0
17:10:53  계산거리:-1.00
17:10:53  접근속도:0.00
17:10:53  TTC:999.00
17:10:53  방향오차:0.0
17:10:53  전방여부:0
17:10:53  위험음성횟수:0
17:10:53  충격음성횟수:0
17:10:53  마지막위험음성:0
17:10:53  RSSI원시:-51
17:10:53  RSSI평활:-50.9
17:10:53  RSSI샘플:10094
17:10:53  RSSI경과ms:56
17:10:53  RSSI구간:4
17:10:53  RSSI거리:0.92
17:10:53  상대보정:0
17:10:53  상대보정중:0
17:10:53  보정동쪽:0.00
17:10:53  보정북쪽:0.00
17:10:53  UWB유효:1
17:10:53  UWB원시거리:2.410
17:10:53  UWB보정거리:2.156
17:10:53  UWB접근속도:-0.641
17:10:53  UWB_RSSI:nan
17:10:53  UWB경과ms:168
17:10:53  UWB샘플:7573
17:10:53  UWB실패:165
17:10:53  UWB보정:1
17:10:53  UWB보정중:0
17:10:53  UWB보정샘플:100
17:10:53  UWB보정기준:3.000
17:10:53  UWB오프셋:0.234
17:10:53  UWB위험사용:0
17:10:53  UWB전송:7568
17:10:53  위험송신:0
17:10:53  시각ms:1563148
17:10:53  IMU시각ms:1563148
17:10:53  위험:0
17:10:53  원시위험:0
17:10:53  GPS유효:1
17:10:53  위도:37.495945
17:10:53  경도:126.956115
17:10:53  속도:0.02
17:10:53  방향:290.8
17:10:53  이동방향유효:0
17:10:53  GPS이동방향:290.8
17:10:53  차체방향유효:0
17:10:53  차체방향:0.0
17:10:53  후진판정:0
17:10:53  IMU요회전속도:0.00
17:10:53  방향가속도크기:9.77
17:10:53  방향자이로크기:2.27
17:10:53  방향자세cos:1.0000
17:10:53  자기모델잔차:24.66
17:10:53  자기모델반경:0.929
17:10:53  방향채택:0
17:10:53  방향거부:168558
17:10:53  GPS원시속도:0.026
17:10:53  GPS원시방향유효:1
17:10:53  GPS원시방향:290.8
17:10:53  가속도:-0.38,0.49,9.75
17:10:53  자이로:0.3,-2.2,0.6
17:10:53  자력계:6.750,4.200,18.750
17:10:53  충격값:0.16
17:10:53  충격피크:0.16
17:10:53  마지막충격발생값:0.00
17:10:53  마지막충격발생ms:0
17:10:53  송신:14876
17:10:53  지팡이수신:10094
17:10:53  GPS위성:8
17:10:53  GPS_HDOP:1.15
17:10:53  원시위도:37.495947
17:10:53  원시경도:126.956117
17:10:53  GPS채택:1548
17:10:53  GPS이상치거부:0
17:10:53  GPS품질거부:0
17:10:53  GPS재기준:0
17:10:53  계산거리:-1.00
17:10:53  접근속도:0.00
17:10:53  TTC:999.00
17:10:53  방향오차:0.0
17:10:53  전방여부:0
17:10:53  위험음성횟수:0
17:10:53  충격음성횟수:0
17:10:53  마지막위험음성:0
17:10:53  RSSI원시:-51
17:10:53  RSSI평활:-50.9
17:10:53  RSSI샘플:10094
17:10:53  RSSI경과ms:76
17:10:53  RSSI구간:4
17:10:53  RSSI거리:0.92
17:10:53  상대보정:0
17:10:53  상대보정중:0
17:10:53  보정동쪽:0.00
17:10:53  보정북쪽:0.00
17:10:53  UWB유효:1
17:10:53  UWB원시거리:2.410
17:10:53  UWB보정거리:2.156
17:10:53  UWB접근속도:-0.641
17:10:53  UWB_RSSI:nan
17:10:53  UWB경과ms:188
17:10:53  UWB샘플:7573
17:10:53  UWB실패:165
17:10:53  UWB보정:1
17:10:53  UWB보정중:0
17:10:53  UWB보정샘플:100
17:10:53  UWB보정기준:3.000
17:10:53  UWB오프셋:0.234
17:10:53  UWB위험사용:0
17:10:53  UWB전송:7568
17:10:53  위험송신:0
17:10:53  시각ms:1563170
17:10:53  IMU시각ms:1563170
17:10:53  위험:0
17:10:53  원시위험:0
17:10:53  GPS유효:1
17:10:53  위도:37.495945
17:10:53  경도:126.956115
17:10:53  속도:0.02
17:10:53  방향:290.8
17:10:53  이동방향유효:0
17:10:53  GPS이동방향:290.8
17:10:53  차체방향유효:0
17:10:53  차체방향:0.0
17:10:53  후진판정:0
17:10:53  IMU요회전속도:0.00
17:10:53  방향가속도크기:9.72
17:10:53  방향자이로크기:3.13
17:10:53  방향자세cos:1.0000
17:10:53  자기모델잔차:25.47
17:10:53  자기모델반경:0.931
17:10:53  방향채택:0
17:10:53  방향거부:168560
17:10:53  GPS원시속도:0.026
17:10:53  GPS원시방향유효:1
17:10:53  GPS원시방향:290.8
17:10:53  가속도:-0.35,0.49,9.70
17:10:53  자이로:2.8,1.0,1.0
17:10:53  자력계:9.450,4.650,19.500
17:10:53  충격값:0.15
17:10:53  충격피크:0.15
17:10:53  마지막충격발생값:0.00
17:10:53  마지막충격발생ms:0
17:10:53  송신:14876
17:10:53  지팡이수신:10094
17:10:53  GPS위성:8
17:10:53  GPS_HDOP:1.15
17:10:53  원시위도:37.495947
17:10:53  원시경도:126.956117
17:10:53  GPS채택:1548
17:10:53  GPS이상치거부:0
17:10:53  GPS품질거부:0
17:10:53  GPS재기준:0
17:10:53  계산거리:-1.00
17:10:53  접근속도:0.00
17:10:53  TTC:999.00
17:10:53  방향오차:0.0
17:10:53  전방여부:0
17:10:53  위험음성횟수:0
17:10:53  충격음성횟수:0
17:10:53  마지막위험음성:0
17:10:53  RSSI원시:-51
17:10:53  RSSI평활:-50.9
17:10:53  RSSI샘플:10094
17:10:53  RSSI경과ms:98
17:10:53  RSSI구간:4
17:10:53  RSSI거리:0.92
17:10:53  상대보정:0
17:10:53  상대보정중:0
17:10:53  보정동쪽:0.00
17:10:53  보정북쪽:0.00
17:10:53  UWB유효:1
17:10:53  UWB원시거리:2.500
17:10:53  UWB보정거리:2.285
17:10:53  UWB접근속도:-0.640
17:10:53  UWB_RSSI:nan
17:10:53  UWB경과ms:8
17:10:53  UWB샘플:7574
17:10:53  UWB실패:165
17:10:53  UWB보정:1
17:10:53  UWB보정중:0
17:10:53  UWB보정샘플:100
17:10:53  UWB보정기준:3.000
17:10:53  UWB오프셋:0.234
17:10:53  UWB위험사용:0
17:10:53  UWB전송:7569
17:10:53  위험송신:0
17:10:53  시각ms:1563198
17:10:53  IMU시각ms:1563198
17:10:53  위험:0
17:10:53  원시위험:0
17:10:53  GPS유효:1
17:10:53  위도:37.495945
17:10:53  경도:126.956115
17:10:53  속도:0.02
17:10:53  방향:290.8
17:10:53  이동방향유효:0
17:10:53  GPS이동방향:290.8
17:10:53  차체방향유효:0
17:10:53  차체방향:0.0
17:10:53  후진판정:0
17:10:53  IMU요회전속도:0.00
17:10:53  방향가속도크기:9.69
17:10:53  방향자이로크기:4.52
17:10:53  방향자세cos:0.9996
17:10:53  자기모델잔차:25.72
17:10:53  자기모델반경:0.916
17:10:53  방향채택:0
17:10:53  방향거부:168563
17:10:53  GPS원시속도:0.026
17:10:53  GPS원시방향유효:1
17:10:53  GPS원시방향:290.8
17:10:53  가속도:-0.49,0.23,9.67
17:10:53  자이로:1.2,-1.9,3.9
17:10:53  자력계:9.150,4.200,19.800
17:10:53  충격값:0.15
17:10:53  충격피크:0.17
17:10:53  마지막충격발생값:0.00
17:10:53  마지막충격발생ms:0
17:10:53  송신:14877
17:10:53  지팡이수신:10094
17:10:53  GPS위성:8
17:10:53  GPS_HDOP:1.15
17:10:53  원시위도:37.495947
17:10:53  원시경도:126.956117
17:10:53  GPS채택:1548
17:10:53  GPS이상치거부:0
17:10:53  GPS품질거부:0
17:10:53  GPS재기준:0
17:10:53  계산거리:-1.00
17:10:53  접근속도:0.00
17:10:53  TTC:999.00
17:10:53  방향오차:0.0
17:10:53  전방여부:0
17:10:53  위험음성횟수:0
17:10:53  충격음성횟수:0
17:10:53  마지막위험음성:0
17:10:53  RSSI원시:-51
17:10:53  RSSI평활:-50.9
17:10:53  RSSI샘플:10094
17:10:53  RSSI경과ms:126
17:10:53  RSSI구간:4
17:10:53  RSSI거리:0.92
17:10:53  상대보정:0
17:10:53  상대보정중:0
17:10:53  보정동쪽:0.00
17:10:53  보정북쪽:0.00
17:10:53  UWB유효:1
17:10:53  UWB원시거리:2.500
17:10:53  UWB보정거리:2.285
17:10:53  UWB접근속도:-0.640
17:10:53  UWB_RSSI:nan
17:10:53  UWB경과ms:36
17:10:53  UWB샘플:7574
17:10:53  UWB실패:165
17:10:53  UWB보정:1
17:10:53  UWB보정중:0
17:10:53  UWB보정샘플:100
17:10:53  UWB보정기준:3.000
17:10:53  UWB오프셋:0.234
17:10:53  UWB위험사용:0
17:10:53  UWB전송:7569
17:10:53  위험송신:0
17:10:53  시각ms:1563224
17:10:53  IMU시각ms:1563224
17:10:53  위험:0
17:10:53  원시위험:0
17:10:53  GPS유효:1
17:10:53  위도:37.495945
17:10:53  경도:126.956115
17:10:53  속도:0.02
17:10:53  방향:290.8
17:10:53  이동방향유효:0
17:10:53  GPS이동방향:290.8
17:10:53  차체방향유효:0
17:10:53  차체방향:0.0
17:10:53  후진판정:0
17:10:53  IMU요회전속도:0.00
17:10:53  방향가속도크기:9.73
17:10:53  방향자이로크기:1.36
17:10:53  방향자세cos:1.0000
17:10:53  자기모델잔차:25.77
17:10:53  자기모델반경:0.930
17:10:53  방향채택:0
17:10:53  방향거부:168566
17:10:53  GPS원시속도:0.026
17:10:53  GPS원시방향유효:1
17:10:53  GPS원시방향:290.8
17:10:53  가속도:-0.43,0.47,9.71
17:10:53  자이로:1.3,-0.4,0.1
17:10:53  자력계:9.450,4.650,19.800
17:10:53  충격값:0.13
17:10:53  충격피크:0.13
17:10:53  마지막충격발생값:0.00
17:10:53  마지막충격발생ms:0
17:10:53  송신:14877
17:10:53  지팡이수신:10094
17:10:53  GPS위성:8
17:10:53  GPS_HDOP:1.15
17:10:53  원시위도:37.495947
17:10:53  원시경도:126.956117
17:10:53  GPS채택:1548
17:10:53  GPS이상치거부:0
17:10:53  GPS품질거부:0
17:10:53  GPS재기준:0
17:10:53  계산거리:-1.00
17:10:53  접근속도:0.00
17:10:53  TTC:999.00
17:10:53  방향오차:0.0
17:10:53  전방여부:0
17:10:53  위험음성횟수:0
17:10:53  충격음성횟수:0
17:10:53  마지막위험음성:0
17:10:53  RSSI원시:-51
17:10:53  RSSI평활:-50.9
17:10:53  RSSI샘플:10094
17:10:53  RSSI경과ms:152
17:10:53  RSSI구간:4
17:10:53  RSSI거리:0.92
17:10:53  상대보정:0
17:10:53  상대보정중:0
17:10:53  보정동쪽:0.00
17:10:53  보정북쪽:0.00
17:10:53  UWB유효:1
17:10:53  UWB원시거리:2.500
17:10:53  UWB보정거리:2.285
17:10:53  UWB접근속도:-0.640
17:10:53  UWB_RSSI:nan
17:10:53  UWB경과ms:62
17:10:53  UWB샘플:7574
17:10:53  UWB실패:165
17:10:53  UWB보정:1
17:10:53  UWB보정중:0
17:10:53  UWB보정샘플:100
17:10:53  UWB보정기준:3.000
17:10:53  UWB오프셋:0.234
17:10:53  UWB위험사용:0
17:10:53  UWB전송:7569
17:10:53  위험송신:0
17:10:53  시각ms:1563251
17:10:53  IMU시각ms:1563251
17:10:53  위험:0
17:10:53  원시위험:0
17:10:53  GPS유효:1
17:10:53  위도:37.495945
17:10:53  경도:126.956115
17:10:53  속도:0.02
17:10:53  방향:290.8
17:10:53  이동방향유효:0
17:10:53  GPS이동방향:290.8
17:10:53  차체방향유효:0
17:10:53  차체방향:0.0
17:10:53  후진판정:0
17:10:53  IMU요회전속도:0.00
17:10:53  방향가속도크기:9.74
17:10:53  방향자이로크기:2.83
17:10:53  방향자세cos:0.9996
17:10:53  자기모델잔차:25.99
17:10:53  자기모델반경:0.947
17:10:53  방향채택:0
17:10:53  방향거부:168569
17:10:53  GPS원시속도:0.026
17:10:53  GPS원시방향유효:1
17:10:53  GPS원시방향:290.8
17:10:53  가속도:-0.43,0.22,9.73
17:10:53  자이로:0.5,-1.1,-2.6
17:10:53  자력계:10.050,5.250,19.950
17:10:53  충격값:0.14
17:10:53  충격피크:0.14
17:10:53  마지막충격발생값:0.00
17:10:53  마지막충격발생ms:0
17:10:53  송신:14877
17:10:53  지팡이수신:10094
17:10:53  GPS위성:8
17:10:53  GPS_HDOP:1.15
17:10:53  원시위도:37.495947
17:10:53  원시경도:126.956117
17:10:53  GPS채택:1548
17:10:53  GPS이상치거부:0
17:10:53  GPS품질거부:0
17:10:53  GPS재기준:0
17:10:53  계산거리:-1.00
17:10:53  접근속도:0.00
17:10:53  TTC:999.00
17:10:53  방향오차:0.0
17:10:53  전방여부:0
17:10:53  위험음성횟수:0
17:10:53  충격음성횟수:0
17:10:53  마지막위험음성:0
17:10:53  RSSI원시:-51
17:10:53  RSSI평활:-50.9
17:10:53  RSSI샘플:10094
17:10:53  RSSI경과ms:179
17:10:53  RSSI구간:4
17:10:53  RSSI거리:0.92
17:10:53  상대보정:0
17:10:53  상대보정중:0
17:10:53  보정동쪽:0.00
17:10:53  보정북쪽:0.00
17:10:53  UWB유효:1
17:10:53  UWB원시거리:2.500
17:10:53  UWB보정거리:2.285
17:10:53  UWB접근속도:-0.640
17:10:53  UWB_RSSI:nan
17:10:53  UWB경과ms:89
17:10:53  UWB샘플:7574
17:10:53  UWB실패:165
17:10:53  UWB보정:1
17:10:53  UWB보정중:0
17:10:53  UWB보정샘플:100
17:10:53  UWB보정기준:3.000
17:10:53  UWB오프셋:0.234
17:10:53  UWB위험사용:0
17:10:53  UWB전송:7569
17:10:53  위험송신:0
17:10:53  시각ms:1563280
17:10:53  IMU시각ms:1563268
17:10:53  위험:0
17:10:53  원시위험:0
17:10:53  GPS유효:1
17:10:53  위도:37.495945
17:10:53  경도:126.956115
17:10:53  속도:0.02
17:10:53  방향:290.8
17:10:53  이동방향유효:0
17:10:53  GPS이동방향:290.8
17:10:53  차체방향유효:0
17:10:53  차체방향:0.0
17:10:53  후진판정:0
17:10:53  IMU요회전속도:0.00
17:10:53  방향가속도크기:9.72
17:10:53  방향자이로크기:1.00
17:10:53  방향자세cos:0.9999
17:10:53  자기모델잔차:26.64
17:10:53  자기모델반경:0.924
17:10:53  방향채택:0
17:10:53  방향거부:168571
17:10:53  GPS원시속도:0.026
17:10:53  GPS원시방향유효:1
17:10:53  GPS원시방향:290.8
17:10:53  가속도:-0.36,0.38,9.71
17:10:53  자이로:0.7,-0.6,0.4
17:10:53  자력계:8.550,4.500,20.700
17:10:53  충격값:0.06
17:10:53  충격피크:0.06
17:10:53  마지막충격발생값:0.00
17:10:53  마지막충격발생ms:0
17:10:53  송신:14877
17:10:53  지팡이수신:10094
17:10:53  GPS위성:8
17:10:53  GPS_HDOP:1.15
17:10:53  원시위도:37.495947
17:10:53  원시경도:126.956117
17:10:53  GPS채택:1548
17:10:53  GPS이상치거부:0
17:10:53  GPS품질거부:0
17:10:53  GPS재기준:0
17:10:53  계산거리:-1.00
17:10:53  접근속도:0.00
17:10:53  TTC:999.00
17:10:53  방향오차:0.0
17:10:53  전방여부:0
17:10:53  위험음성횟수:0
17:10:53  충격음성횟수:0
17:10:53  마지막위험음성:0
17:10:53  RSSI원시:-51
17:10:53  RSSI평활:-50.9
17:10:53  RSSI샘플:10094
17:10:53  RSSI경과ms:208
17:10:53  RSSI구간:4
17:10:53  RSSI거리:0.92
17:10:53  상대보정:0
17:10:53  상대보정중:0
17:10:53  보정동쪽:0.00
17:10:53  보정북쪽:0.00
17:10:53  UWB유효:1
17:10:53  UWB원시거리:2.500
17:10:53  UWB보정거리:2.285
17:10:53  UWB접근속도:-0.640
17:10:53  UWB_RSSI:nan
17:10:53  UWB경과ms:118
17:10:53  UWB샘플:7574
17:10:53  UWB실패:165
17:10:53  UWB보정:1
17:10:53  UWB보정중:0
17:10:53  UWB보정샘플:100
17:10:53  UWB보정기준:3.000
17:10:53  UWB오프셋:0.234
17:10:53  UWB위험사용:0
17:10:53  UWB전송:7569
17:10:53  위험송신:0
17:10:53  시각ms:1563313
17:10:53  IMU시각ms:1563313
17:10:53  위험:0
17:10:53  원시위험:0
17:10:53  GPS유효:1
17:10:53  위도:37.495945
17:10:53  경도:126.956115
17:10:53  속도:0.02
17:10:53  방향:290.8
17:10:53  이동방향유효:0
17:10:53  GPS이동방향:290.8
17:10:53  차체방향유효:0
17:10:53  차체방향:0.0
17:10:53  후진판정:0
17:10:53  IMU요회전속도:0.00
17:10:53  방향가속도크기:9.74
17:10:53  방향자이로크기:0.92
17:10:53  방향자세cos:0.9999
17:10:53  자기모델잔차:26.73
17:10:53  자기모델반경:0.947
17:10:53  방향채택:0
17:10:53  방향거부:168573
17:10:53  GPS원시속도:0.026
17:10:53  GPS원시방향유효:1
17:10:53  GPS원시방향:290.8
17:10:53  가속도:-0.34,0.45,9.73
17:10:53  자이로:-0.7,-0.0,0.6
17:10:53  자력계:8.850,5.250,20.700
17:10:53  충격값:0.12
17:10:53  충격피크:0.12
17:10:53  마지막충격발생값:0.00
17:10:53  마지막충격발생ms:0
17:10:53  송신:14878
17:10:53  지팡이수신:10095
17:10:53  GPS위성:8
17:10:53  GPS_HDOP:1.15
17:10:53  원시위도:37.495947
17:10:53  원시경도:126.956117
17:10:53  GPS채택:1548
17:10:53  GPS이상치거부:0
17:10:53  GPS품질거부:0
17:10:53  GPS재기준:0
17:10:53  계산거리:-1.00
17:10:53  접근속도:0.00
17:10:53  TTC:999.00
17:10:53  방향오차:0.0
17:10:53  전방여부:0
17:10:53  위험음성횟수:0
17:10:53  충격음성횟수:0
17:10:53  마지막위험음성:0
17:10:53  RSSI원시:-49
17:10:53  RSSI평활:-50.5
17:10:53  RSSI샘플:10095
17:10:53  RSSI경과ms:26
17:10:53  RSSI구간:4
17:10:53  RSSI거리:0.89
17:10:53  상대보정:0
17:10:53  상대보정중:0
17:10:53  보정동쪽:0.00
17:10:53  보정북쪽:0.00
17:10:53  UWB유효:1
17:10:53  UWB원시거리:2.500
17:10:53  UWB보정거리:2.285
17:10:53  UWB접근속도:-0.640
17:10:53  UWB_RSSI:nan
17:10:53  UWB경과ms:151
17:10:53  UWB샘플:7574
17:10:53  UWB실패:165
17:10:53  UWB보정:1
17:10:53  UWB보정중:0
17:10:53  UWB보정샘플:100
17:10:53  UWB보정기준:3.000
17:10:53  UWB오프셋:0.234
17:10:53  UWB위험사용:0
17:10:53  UWB전송:7569
17:10:53  위험송신:0
17:10:53  시각ms:1563340
17:10:53  IMU시각ms:1563340
17:10:53  위험:0
17:10:53  원시위험:0
17:10:53  GPS유효:1
17:10:53  위도:37.495945
17:10:53  경도:126.956115
17:10:53  속도:0.02
17:10:53  방향:290.8
17:10:53  이동방향유효:0
17:10:53  GPS이동방향:290.8
17:10:53  차체방향유효:0
17:10:53  차체방향:0.0
17:10:53  후진판정:0
17:10:53  IMU요회전속도:0.00
17:10:53  방향가속도크기:9.82
17:10:53  방향자이로크기:3.46
17:10:53  방향자세cos:0.9998
17:10:53  자기모델잔차:27.34
17:10:53  자기모델반경:0.905
17:10:53  방향채택:0
17:10:53  방향거부:168576
17:10:53  GPS원시속도:0.026
17:10:53  GPS원시방향유효:1
17:10:53  GPS원시방향:290.8
17:10:53  가속도:-0.42,0.31,9.81
17:10:53  자이로:1.1,-0.3,3.3
17:10:53  자력계:9.300,4.050,21.450
17:10:53  충격값:0.11
17:10:53  충격피크:0.11
17:10:53  마지막충격발생값:0.00
17:10:53  마지막충격발생ms:0
17:10:53  송신:14878
17:10:53  지팡이수신:10095
17:10:53  GPS위성:8
17:10:53  GPS_HDOP:1.15
17:10:53  원시위도:37.495947
17:10:53  원시경도:126.956117
17:10:53  GPS채택:1548
17:10:53  GPS이상치거부:0
17:10:53  GPS품질거부:0
17:10:53  GPS재기준:0
17:10:53  계산거리:-1.00
17:10:53  접근속도:0.00
17:10:53  TTC:999.00
17:10:53  방향오차:0.0
17:10:53  전방여부:0
17:10:53  위험음성횟수:0
17:10:53  충격음성횟수:0
17:10:53  마지막위험음성:0
17:10:53  RSSI원시:-49
17:10:53  RSSI평활:-50.5
17:10:53  RSSI샘플:10095
17:10:53  RSSI경과ms:53
17:10:53  RSSI구간:4
17:10:53  RSSI거리:0.89
17:10:53  상대보정:0
17:10:53  상대보정중:0
17:10:53  보정동쪽:0.00
17:10:53  보정북쪽:0.00
17:10:53  UWB유효:1
17:10:53  UWB원시거리:2.500
17:10:53  UWB보정거리:2.285
17:10:53  UWB접근속도:-0.640
17:10:53  UWB_RSSI:nan
17:10:53  UWB경과ms:178
17:10:53  UWB샘플:7574
17:10:53  UWB실패:165
17:10:53  UWB보정:1
17:10:53  UWB보정중:0
17:10:53  UWB보정샘플:100
17:10:53  UWB보정기준:3.000
17:10:53  UWB오프셋:0.234
17:10:53  UWB위험사용:0
17:10:53  UWB전송:7569
17:10:53  위험송신:0
17:10:53  시각ms:1563362
17:10:53  IMU시각ms:1563358
17:10:53  위험:0
17:10:53  원시위험:0
17:10:53  GPS유효:1
17:10:53  위도:37.495945
17:10:53  경도:126.956115
17:10:53  속도:0.02
17:10:53  방향:290.8
17:10:53  이동방향유효:0
17:10:53  GPS이동방향:290.8
17:10:53  차체방향유효:0
17:10:53  차체방향:0.0
17:10:53  후진판정:0
17:10:53  IMU요회전속도:0.00
17:10:53  방향가속도크기:9.79
17:10:53  방향자이로크기:1.79
17:10:53  방향자세cos:1.0000
17:10:53  자기모델잔차:26.16
17:10:53  자기모델반경:0.916
17:10:53  방향채택:0
17:10:53  방향거부:168578
17:10:53  GPS원시속도:0.026
17:10:53  GPS원시방향유효:1
17:10:53  GPS원시방향:290.8
17:10:53  가속도:-0.43,0.41,9.77
17:10:53  자이로:1.0,-1.5,0.2
17:10:53  자력계:8.700,4.200,20.250
17:10:53  충격값:0.08
17:10:53  충격피크:0.10
17:10:53  마지막충격발생값:0.00
17:10:53  마지막충격발생ms:0
17:10:53  송신:14878
17:10:53  지팡이수신:10095
17:10:53  GPS위성:8
17:10:53  GPS_HDOP:1.15
17:10:53  원시위도:37.495947
17:10:53  원시경도:126.956117
17:10:53  GPS채택:1548
17:10:53  GPS이상치거부:0
17:10:53  GPS품질거부:0
17:10:53  GPS재기준:0
17:10:53  계산거리:-1.00
17:10:53  접근속도:0.00
17:10:53  TTC:999.00
17:10:53  방향오차:0.0
17:10:53  전방여부:0
17:10:53  위험음성횟수:0
17:10:53  충격음성횟수:0
17:10:53  마지막위험음성:0
17:10:53  RSSI원시:-49
17:10:53  RSSI평활:-50.5
17:10:53  RSSI샘플:10095
17:10:53  RSSI경과ms:75
17:10:53  RSSI구간:4
17:10:53  RSSI거리:0.89
17:10:53  상대보정:0
17:10:53  상대보정중:0
17:10:53  보정동쪽:0.00
17:10:53  보정북쪽:0.00
17:10:53  UWB유효:1
17:10:53  UWB원시거리:2.600
17:10:53  UWB보정거리:2.411
17:10:53  UWB접근속도:-0.637
17:10:53  UWB_RSSI:nan
17:10:53  UWB경과ms:0
17:10:53  UWB샘플:7575
17:10:53  UWB실패:165
17:10:53  UWB보정:1
17:10:53  UWB보정중:0
17:10:53  UWB보정샘플:100
17:10:53  UWB보정기준:3.000
17:10:53  UWB오프셋:0.234
17:10:53  UWB위험사용:0
17:10:53  UWB전송:7570
17:10:53  위험송신:0
17:10:53  시각ms:1563388
17:10:53  IMU시각ms:1563388
17:10:53  위험:0
17:10:53  원시위험:0
17:10:53  GPS유효:1
17:10:53  위도:37.495945
17:10:53  경도:126.956115
17:10:53  속도:0.02
17:10:53  방향:290.8
17:10:53  이동방향유효:0
17:10:53  GPS이동방향:290.8
17:10:53  차체방향유효:0
17:10:53  차체방향:0.0
17:10:53  후진판정:0
17:10:53  IMU요회전속도:0.00
17:10:53  방향가속도크기:9.70
17:10:53  방향자이로크기:1.91
17:10:53  방향자세cos:0.9999
17:10:53  자기모델잔차:25.90
17:10:53  자기모델반경:0.926
17:10:53  방향채택:0
17:10:53  방향거부:168581
17:10:53  GPS원시속도:0.026
17:10:53  GPS원시방향유효:1
17:10:53  GPS원시방향:290.8
17:10:53  가속도:-0.37,0.35,9.69
17:10:53  자이로:-1.6,-0.8,-0.6
17:10:53  자력계:8.850,4.500,19.950
17:10:53  충격값:0.04
17:10:53  충격피크:0.18
17:10:53  마지막충격발생값:0.00
17:10:53  마지막충격발생ms:0
17:10:53  송신:14878
17:10:53  지팡이수신:10095
17:10:53  GPS위성:8
17:10:53  GPS_HDOP:1.15
17:10:53  원시위도:37.495947
17:10:53  원시경도:126.956117
17:10:53  GPS채택:1548
17:10:53  GPS이상치거부:0
17:10:53  GPS품질거부:0
17:10:53  GPS재기준:0
17:10:53  계산거리:-1.00
17:10:53  접근속도:0.00
17:10:53  TTC:999.00
17:10:53  방향오차:0.0
17:10:53  전방여부:0
17:10:53  위험음성횟수:0
17:10:53  충격음성횟수:0
17:10:53  마지막위험음성:0
17:10:53  RSSI원시:-49
17:10:53  RSSI평활:-50.5
17:10:53  RSSI샘플:10095
17:10:53  RSSI경과ms:101
17:10:53  RSSI구간:4
17:10:53  RSSI거리:0.89
17:10:53  상대보정:0
17:10:53  상대보정중:0
17:10:53  보정동쪽:0.00
17:10:53  보정북쪽:0.00
17:10:53  UWB유효:1
17:10:53  UWB원시거리:2.600
17:10:53  UWB보정거리:2.411
17:10:53  UWB접근속도:-0.637
17:10:53  UWB_RSSI:nan
17:10:53  UWB경과ms:26
17:10:53  UWB샘플:7575
17:10:53  UWB실패:165
17:10:53  UWB보정:1
17:10:53  UWB보정중:0
17:10:53  UWB보정샘플:100
17:10:53  UWB보정기준:3.000
17:10:53  UWB오프셋:0.234
17:10:53  UWB위험사용:0
17:10:53  UWB전송:7570
17:10:53  위험송신:0
17:10:53  시각ms:1563408
17:10:53  IMU시각ms:1563408
17:10:53  위험:0
17:10:53  원시위험:0
17:10:53  GPS유효:1
17:10:53  위도:37.495945
17:10:53  경도:126.956115
17:10:53  속도:0.02
17:10:53  방향:290.8
17:10:53  이동방향유효:0
17:10:53  GPS이동방향:290.8
17:10:53  차체방향유효:0
17:10:53  차체방향:0.0
17:10:53  후진판정:0
17:10:53  IMU요회전속도:0.00
17:10:53  방향가속도크기:9.70
17:10:53  방향자이로크기:1.16
17:10:53  방향자세cos:0.9999
17:10:53  자기모델잔차:25.50
17:10:53  자기모델반경:0.899
17:10:53  방향채택:0
17:10:53  방향거부:168583
17:10:53  GPS원시속도:0.026
17:10:53  GPS원시방향유효:1
17:10:53  GPS원시방향:290.8
17:10:53  가속도:-0.34,0.40,9.69
17:10:53  자이로:0.9,-0.0,-0.7
17:10:53  자력계:8.850,3.600,19.650
17:10:53  충격값:0.07
17:10:53  충격피크:0.08
17:10:53  마지막충격발생값:0.00
17:10:53  마지막충격발생ms:0
17:10:53  송신:14879
17:10:53  지팡이수신:10095
17:10:53  GPS위성:8
17:10:53  GPS_HDOP:1.15
17:10:53  원시위도:37.495947
17:10:53  원시경도:126.956117
17:10:53  GPS채택:1548
17:10:53  GPS이상치거부:0
17:10:53  GPS품질거부:0
17:10:53  GPS재기준:0
17:10:53  계산거리:-1.00
17:10:53  접근속도:0.00
17:10:53  TTC:999.00
17:10:53  방향오차:0.0
17:10:53  전방여부:0
17:10:53  위험음성횟수:0
17:10:53  충격음성횟수:0
17:10:53  마지막위험음성:0
17:10:53  RSSI원시:-49
17:10:53  RSSI평활:-50.5
17:10:53  RSSI샘플:10095
17:10:53  RSSI경과ms:121
17:10:53  RSSI구간:4
17:10:53  RSSI거리:0.89
17:10:53  상대보정:0
17:10:53  상대보정중:0
17:10:53  보정동쪽:0.00
17:10:53  보정북쪽:0.00
17:10:53  UWB유효:1
17:10:53  UWB원시거리:2.600
17:10:53  UWB보정거리:2.411
17:10:53  UWB접근속도:-0.637
17:10:53  UWB_RSSI:nan
17:10:53  UWB경과ms:46
17:10:53  UWB샘플:7575
17:10:53  UWB실패:165
17:10:53  UWB보정:1
17:10:53  UWB보정중:0
17:10:53  UWB보정샘플:100
17:10:53  UWB보정기준:3.000
17:10:53  UWB오프셋:0.234
17:10:53  UWB위험사용:0
17:10:53  UWB전송:7570
17:10:53  위험송신:0
17:10:53  시각ms:1563434
17:10:53  IMU시각ms:1563434
17:10:53  위험:0
17:10:53  원시위험:0
17:10:53  GPS유효:1
17:10:53  위도:37.495945
17:10:53  경도:126.956115
17:10:53  속도:0.02
17:10:53  방향:290.8
17:10:53  이동방향유효:0
17:10:53  GPS이동방향:290.8
17:10:53  차체방향유효:0
17:10:53  차체방향:0.0
17:10:53  후진판정:0
17:10:53  IMU요회전속도:0.00
17:10:53  방향가속도크기:9.68
17:10:53  방향자이로크기:2.74
17:10:53  방향자세cos:0.9998
17:10:53  자기모델잔차:25.50
17:10:53  자기모델반경:0.899
17:10:53  방향채택:0
17:10:53  방향거부:168586
17:10:53  GPS원시속도:0.026
17:10:53  GPS원시방향유효:1
17:10:53  GPS원시방향:290.8
17:10:53  가속도:-0.43,0.27,9.66
17:10:53  자이로:0.4,-0.3,-2.7
17:10:53  자력계:8.850,3.600,19.650
17:10:53  충격값:0.10
17:10:53  충격피크:0.17
17:10:53  마지막충격발생값:0.00
17:10:53  마지막충격발생ms:0
17:10:53  송신:14879
17:10:53  지팡이수신:10095
17:10:53  GPS위성:8
17:10:53  GPS_HDOP:1.15
17:10:53  원시위도:37.495947
17:10:53  원시경도:126.956117
17:10:53  GPS채택:1548
17:10:53  GPS이상치거부:0
17:10:53  GPS품질거부:0
17:10:53  GPS재기준:0
17:10:53  계산거리:-1.00
17:10:53  접근속도:0.00
17:10:53  TTC:999.00
17:10:53  방향오차:0.0
17:10:53  전방여부:0
17:10:53  위험음성횟수:0
17:10:53  충격음성횟수:0
17:10:53  마지막위험음성:0
17:10:53  RSSI원시:-49
17:10:53  RSSI평활:-50.5
17:10:53  RSSI샘플:10095
17:10:53  RSSI경과ms:147
17:10:53  RSSI구간:4
17:10:53  RSSI거리:0.89
17:10:53  상대보정:0
17:10:53  상대보정중:0
17:10:53  보정동쪽:0.00
17:10:53  보정북쪽:0.00
17:10:53  UWB유효:1
17:10:53  UWB원시거리:2.600
17:10:53  UWB보정거리:2.411
17:10:53  UWB접근속도:-0.637
17:10:53  UWB_RSSI:nan
17:10:53  UWB경과ms:72
17:10:53  UWB샘플:7575
17:10:53  UWB실패:165
17:10:53  UWB보정:1
17:10:53  UWB보정중:0
17:10:53  UWB보정샘플:100
17:10:53  UWB보정기준:3.000
17:10:53  UWB오프셋:0.234
17:10:53  UWB위험사용:0
17:10:53  UWB전송:7570
17:10:53  위험송신:0
17:10:53  시각ms:1563460
17:10:53  IMU시각ms:1563460
17:10:53  위험:0
17:10:53  원시위험:0
17:10:53  GPS유효:1
17:10:53  위도:37.495945
17:10:53  경도:126.956115
17:10:53  속도:0.02
17:10:53  방향:290.8
17:10:53  이동방향유효:0
17:10:53  GPS이동방향:290.8
17:10:53  차체방향유효:0
17:10:53  차체방향:0.0
17:10:53  후진판정:0
17:10:53  IMU요회전속도:0.00
17:10:53  방향가속도크기:9.71
17:10:53  방향자이로크기:2.46
17:10:53  방향자세cos:0.9997
17:10:53  자기모델잔차:25.47
17:10:53  자기모델반경:0.888
17:10:53  방향채택:0
17:10:53  방향거부:168589
17:10:53  GPS원시속도:0.026
17:10:53  GPS원시방향유효:1
17:10:53  GPS원시방향:290.8
17:10:53  가속도:-0.28,0.33,9.70
17:10:53  자이로:1.7,0.2,-1.7
17:10:53  자력계:9.450,3.300,19.650
17:10:53  충격값:0.13
17:10:53  충격피크:0.13
17:10:53  마지막충격발생값:0.00
17:10:53  마지막충격발생ms:0
17:10:53  송신:14879
17:10:53  지팡이수신:10095
17:10:53  GPS위성:8
17:10:53  GPS_HDOP:1.15
17:10:53  원시위도:37.495947
17:10:53  원시경도:126.956117
17:10:53  GPS채택:1548
17:10:53  GPS이상치거부:0
17:10:53  GPS품질거부:0
17:10:53  GPS재기준:0
17:10:53  계산거리:-1.00
17:10:53  접근속도:0.00
17:10:53  TTC:999.00
17:10:53  방향오차:0.0
17:10:53  전방여부:0
17:10:53  위험음성횟수:0
17:10:53  충격음성횟수:0
17:10:53  마지막위험음성:0
17:10:53  RSSI원시:-49
17:10:53  RSSI평활:-50.5
17:10:53  RSSI샘플:10095
17:10:53  RSSI경과ms:173
17:10:53  RSSI구간:4
17:10:53  RSSI거리:0.89
17:10:53  상대보정:0
17:10:53  상대보정중:0
17:10:53  보정동쪽:0.00
17:10:53  보정북쪽:0.00
17:10:53  UWB유효:1
17:10:53  UWB원시거리:2.600
17:10:53  UWB보정거리:2.411
17:10:53  UWB접근속도:-0.637
17:10:53  UWB_RSSI:nan
17:10:53  UWB경과ms:98
17:10:53  UWB샘플:7575
17:10:53  UWB실패:165
17:10:53  UWB보정:1
17:10:53  UWB보정중:0
17:10:53  UWB보정샘플:100
17:10:53  UWB보정기준:3.000
17:10:53  UWB오프셋:0.234
17:10:53  UWB위험사용:0
17:10:53  UWB전송:7570
17:10:53  위험송신:0
17:10:53  시각ms:1563482
17:10:53  IMU시각ms:1563481
17:10:53  위험:0
17:10:53  원시위험:0
17:10:53  GPS유효:1
17:10:53  위도:37.495945
17:10:53  경도:126.956115
17:10:53  속도:0.02
17:10:53  방향:290.8
17:10:53  이동방향유효:0
17:10:53  GPS이동방향:290.8
17:10:53  차체방향유효:0
17:10:53  차체방향:0.0
17:10:53  후진판정:0
17:10:53  IMU요회전속도:0.00
17:10:53  방향가속도크기:9.66
17:10:53  방향자이로크기:3.23
17:10:53  방향자세cos:0.9999
17:10:53  자기모델잔차:26.38
17:10:53  자기모델반경:0.889
17:10:53  방향채택:0
17:10:53  방향거부:168591
17:10:53  GPS원시속도:0.026
17:10:53  GPS원시방향유효:1
17:10:53  GPS원시방향:290.8
17:10:53  가속도:-0.53,0.34,9.64
17:10:53  자이로:0.6,3.1,0.7
17:10:53  자력계:9.450,3.450,20.550
17:10:53  충격값:0.14
17:10:53  충격피크:0.14
17:10:53  마지막충격발생값:0.00
17:10:53  마지막충격발생ms:0
17:10:53  송신:14879
17:10:53  지팡이수신:10096
17:10:53  GPS위성:8
17:10:53  GPS_HDOP:1.15
17:10:53  원시위도:37.495947
17:10:53  원시경도:126.956117
17:10:53  GPS채택:1548
17:10:53  GPS이상치거부:0
17:10:53  GPS품질거부:0
17:10:53  GPS재기준:0
17:10:53  계산거리:-1.00
17:10:53  접근속도:0.00
17:10:53  TTC:999.00
17:10:53  방향오차:0.0
17:10:53  전방여부:0
17:10:53  위험음성횟수:0
17:10:53  충격음성횟수:0
17:10:53  마지막위험음성:0
17:10:53  RSSI원시:-52
17:10:53  RSSI평활:-50.8
17:10:53  RSSI샘플:10096
17:10:53  RSSI경과ms:8
17:10:53  RSSI구간:4
17:10:53  RSSI거리:0.92
17:10:53  상대보정:0
17:10:53  상대보정중:0
17:10:53  보정동쪽:0.00
17:10:53  보정북쪽:0.00
17:10:53  UWB유효:1
17:10:53  UWB원시거리:2.600
17:10:53  UWB보정거리:2.411
17:10:53  UWB접근속도:-0.637
17:10:53  UWB_RSSI:nan
17:10:53  UWB경과ms:120
17:10:53  UWB샘플:7575
17:10:53  UWB실패:165
17:10:53  UWB보정:1
17:10:53  UWB보정중:0
17:10:53  UWB보정샘플:100
17:10:53  UWB보정기준:3.000
17:10:53  UWB오프셋:0.234
17:10:53  UWB위험사용:0
17:10:53  UWB전송:7570
17:10:53  위험송신:0
17:10:53  시각ms:1563537
17:10:53  IMU시각ms:1563537
17:10:53  위험:0
17:10:53  원시위험:0
17:10:53  GPS유효:1
17:10:53  위도:37.495945
17:10:53  경도:126.956115
17:10:53  속도:0.02
17:10:53  방향:290.8
17:10:53  이동방향유효:0
17:10:53  GPS이동방향:290.8
17:10:53  차체방향유효:0
17:10:53  차체방향:0.0
17:10:53  후진판정:0
17:10:53  IMU요회전속도:0.00
17:10:53  방향가속도크기:9.72
17:10:53  방향자이로크기:3.09
17:10:53  방향자세cos:0.9999
17:10:53  자기모델잔차:26.81
17:10:53  자기모델반경:0.971
17:10:53  방향채택:0
17:10:53  방향거부:168597
17:10:53  GPS원시속도:0.026
17:10:53  GPS원시방향유효:1
17:10:53  GPS원시방향:290.8
17:10:53  가속도:-0.42,0.35,9.71
17:10:53  자이로:0.1,0.1,-3.1
17:10:53  자력계:8.550,6.000,20.700
17:10:53  충격값:0.01
17:10:53  충격피크:0.10
17:10:53  마지막충격발생값:0.00
17:10:53  마지막충격발생ms:0
17:10:53  송신:14880
17:10:53  지팡이수신:10096
17:10:53  GPS위성:8
17:10:53  GPS_HDOP:1.15
17:10:53  원시위도:37.495947
17:10:53  원시경도:126.956117
17:10:53  GPS채택:1548
17:10:53  GPS이상치거부:0
17:10:53  GPS품질거부:0
17:10:53  GPS재기준:0
17:10:53  계산거리:-1.00
17:10:53  접근속도:0.00
17:10:53  TTC:999.00
17:10:53  방향오차:0.0
17:10:53  전방여부:0
17:10:53  위험음성횟수:0
17:10:53  충격음성횟수:0
17:10:53  마지막위험음성:0
17:10:53  RSSI원시:-52
17:10:53  RSSI평활:-50.8
17:10:53  RSSI샘플:10096
17:10:53  RSSI경과ms:63
17:10:53  RSSI구간:4
17:10:53  RSSI거리:0.92
17:10:53  상대보정:0
17:10:53  상대보정중:0
17:10:53  보정동쪽:0.00
17:10:53  보정북쪽:0.00
17:10:53  UWB유효:1
17:10:53  UWB원시거리:2.600
17:10:53  UWB보정거리:2.411
17:10:53  UWB접근속도:-0.637
17:10:53  UWB_RSSI:nan
17:10:53  UWB경과ms:175
17:10:53  UWB샘플:7575
17:10:53  UWB실패:165
17:10:53  UWB보정:1
17:10:53  UWB보정중:0
17:10:53  UWB보정샘플:100
17:10:53  UWB보정기준:3.000
17:10:53  UWB오프셋:0.234
17:10:53  UWB위험사용:0
17:10:53  UWB전송:7570
17:10:53  위험송신:0
17:10:53  시각ms:1563560
17:10:53  IMU시각ms:1563557
17:10:53  위험:0
17:10:53  원시위험:0
17:10:53  GPS유효:1
17:10:53  위도:37.495945
17:10:53  경도:126.956115
17:10:53  속도:0.02
17:10:53  방향:290.8
17:10:53  이동방향유효:0
17:10:53  GPS이동방향:290.8
17:10:53  차체방향유효:0
17:10:53  차체방향:0.0
17:10:53  후진판정:0
17:10:53  IMU요회전속도:0.00
17:10:53  방향가속도크기:9.67
17:10:53  방향자이로크기:2.94
17:10:53  방향자세cos:0.9998
17:10:53  자기모델잔차:25.79
17:10:53  자기모델반경:0.898
17:10:53  방향채택:0
17:10:53  방향거부:168599
17:10:53  GPS원시속도:0.026
17:10:53  GPS원시방향유효:1
17:10:53  GPS원시방향:290.8
17:10:53  가속도:-0.37,0.30,9.65
17:10:53  자이로:2.1,0.3,-2.1
17:10:53  자력계:8.850,3.600,19.950
17:10:53  충격값:0.09
17:10:53  충격피크:0.09
17:10:53  마지막충격발생값:0.00
17:10:53  마지막충격발생ms:0
17:10:53  송신:14880
17:10:53  지팡이수신:10096
17:10:53  GPS위성:8
17:10:53  GPS_HDOP:1.15
17:10:53  원시위도:37.495947
17:10:53  원시경도:126.956117
17:10:53  GPS채택:1548
17:10:53  GPS이상치거부:0
17:10:53  GPS품질거부:0
17:10:53  GPS재기준:0
17:10:53  계산거리:-1.00
17:10:53  접근속도:0.00
17:10:53  TTC:999.00
17:10:53  방향오차:0.0
17:10:53  전방여부:0
17:10:53  위험음성횟수:0
17:10:53  충격음성횟수:0
17:10:53  마지막위험음성:0
17:10:53  RSSI원시:-52
17:10:53  RSSI평활:-50.8
17:10:53  RSSI샘플:10096
17:10:53  RSSI경과ms:86
17:10:53  RSSI구간:4
17:10:53  RSSI거리:0.92
17:10:53  상대보정:0
17:10:53  상대보정중:0
17:10:53  보정동쪽:0.00
17:10:53  보정북쪽:0.00
17:10:53  UWB유효:1
17:10:53  UWB원시거리:2.700
17:10:53  UWB보정거리:2.524
17:10:53  UWB접근속도:-0.618
17:10:53  UWB_RSSI:nan
17:10:53  UWB경과ms:0
17:10:53  UWB샘플:7576
17:10:53  UWB실패:165
17:10:53  UWB보정:1
17:10:53  UWB보정중:0
17:10:53  UWB보정샘플:100
17:10:53  UWB보정기준:3.000
17:10:53  UWB오프셋:0.234
17:10:53  UWB위험사용:0
17:10:53  UWB전송:7571
17:10:53  위험송신:0
17:10:53  시각ms:1563587
17:10:53  IMU시각ms:1563586
17:10:53  위험:0
17:10:53  원시위험:0
17:10:53  GPS유효:1
17:10:53  위도:37.495945
17:10:53  경도:126.956115
17:10:53  속도:0.02
17:10:53  방향:290.8
17:10:53  이동방향유효:0
17:10:53  GPS이동방향:290.8
17:10:53  차체방향유효:0
17:10:53  차체방향:0.0
17:10:53  후진판정:0
17:10:53  IMU요회전속도:0.00
17:10:53  방향가속도크기:9.69
17:10:53  방향자이로크기:3.65
17:10:53  방향자세cos:1.0000
17:10:53  자기모델잔차:26.16
17:10:53  자기모델반경:0.917
17:10:53  방향채택:0
17:10:53  방향거부:168602
17:10:53  GPS원시속도:0.026
17:10:53  GPS원시방향유효:1
17:10:53  GPS원시방향:290.8
17:10:53  가속도:-0.45,0.40,9.67
17:10:53  자이로:3.5,0.4,0.7
17:10:53  자력계:8.400,4.200,20.250
17:10:53  충격값:0.07
17:10:53  충격피크:0.07
17:10:53  마지막충격발생값:0.00
17:10:53  마지막충격발생ms:0
17:10:53  송신:14880
17:10:53  지팡이수신:10097
17:10:53  GPS위성:8
17:10:53  GPS_HDOP:1.15
17:10:53  원시위도:37.495947
17:10:53  원시경도:126.956117
17:10:53  GPS채택:1548
17:10:53  GPS이상치거부:0
17:10:53  GPS품질거부:0
17:10:53  GPS재기준:0
17:10:53  계산거리:-1.00
17:10:53  접근속도:0.00
17:10:53  TTC:999.00
17:10:53  방향오차:0.0
17:10:53  전방여부:0
17:10:53  위험음성횟수:0
17:10:53  충격음성횟수:0
17:10:53  마지막위험음성:0
17:10:53  RSSI원시:-53
17:10:53  RSSI평활:-51.2
17:10:53  RSSI샘플:10097
17:10:53  RSSI경과ms:5
17:10:53  RSSI구간:4
17:10:53  RSSI거리:0.96
17:10:53  상대보정:0
17:10:53  상대보정중:0
17:10:53  보정동쪽:0.00
17:10:53  보정북쪽:0.00
17:10:53  UWB유효:1
17:10:53  UWB원시거리:2.700
17:10:53  UWB보정거리:2.524
17:10:53  UWB접근속도:-0.618
17:10:53  UWB_RSSI:nan
17:10:53  UWB경과ms:27
17:10:53  UWB샘플:7576
17:10:53  UWB실패:165
17:10:53  UWB보정:1
17:10:53  UWB보정중:0
17:10:53  UWB보정샘플:100
17:10:53  UWB보정기준:3.000
17:10:53  UWB오프셋:0.234
17:10:53  UWB위험사용:0
17:10:53  UWB전송:7571
17:10:53  위험송신:0
17:10:53  시각ms:1563613
17:10:53  IMU시각ms:1563613
17:10:53  위험:0
17:10:53  원시위험:0
17:10:53  GPS유효:1
17:10:53  위도:37.495945
17:10:53  경도:126.956115
17:10:53  속도:0.02
17:10:53  방향:290.8
17:10:53  이동방향유효:0
17:10:53  GPS이동방향:290.8
17:10:53  차체방향유효:0
17:10:53  차체방향:0.0
17:10:53  후진판정:0
17:10:53  IMU요회전속도:0.00
17:10:53  방향가속도크기:9.69
17:10:53  방향자이로크기:4.25
17:10:53  방향자세cos:1.0000
17:10:53  자기모델잔차:25.90
17:10:53  자기모델반경:0.927
17:10:53  방향채택:0
17:10:53  방향거부:168605
17:10:53  GPS원시속도:0.026
17:10:53  GPS원시방향유효:1
17:10:53  GPS원시방향:290.8
17:10:53  가속도:-0.47,0.44,9.67
17:10:53  자이로:3.7,1.9,1.1
17:10:53  자력계:8.550,4.500,19.950
17:10:53  충격값:0.11
17:10:53  충격피크:0.11
17:10:53  마지막충격발생값:0.00
17:10:53  마지막충격발생ms:0
17:10:53  송신:14881
17:10:53  지팡이수신:10097
17:10:53  GPS위성:8
17:10:53  GPS_HDOP:1.15
17:10:53  원시위도:37.495947
17:10:53  원시경도:126.956117
17:10:53  GPS채택:1548
17:10:53  GPS이상치거부:0
17:10:53  GPS품질거부:0
17:10:53  GPS재기준:0
17:10:53  계산거리:-1.00
17:10:53  접근속도:0.00
17:10:53  TTC:999.00
17:10:53  방향오차:0.0
17:10:53  전방여부:0
17:10:53  위험음성횟수:0
17:10:53  충격음성횟수:0
17:10:53  마지막위험음성:0
17:10:53  RSSI원시:-53
17:10:53  RSSI평활:-51.2
17:10:53  RSSI샘플:10097
17:10:53  RSSI경과ms:31
17:10:53  RSSI구간:4
17:10:53  RSSI거리:0.96
17:10:53  상대보정:0
17:10:53  상대보정중:0
17:10:53  보정동쪽:0.00
17:10:53  보정북쪽:0.00
17:10:53  UWB유효:1
17:10:53  UWB원시거리:2.700
17:10:53  UWB보정거리:2.524
17:10:53  UWB접근속도:-0.618
17:10:53  UWB_RSSI:nan
17:10:53  UWB경과ms:53
17:10:53  UWB샘플:7576
17:10:53  UWB실패:165
17:10:53  UWB보정:1
17:10:53  UWB보정중:0
17:10:53  UWB보정샘플:100
17:10:53  UWB보정기준:3.000
17:10:53  UWB오프셋:0.234
17:10:53  UWB위험사용:0
17:10:53  UWB전송:7571
17:10:53  위험송신:0
17:10:53  시각ms:1563639
17:10:53  IMU시각ms:1563639
17:10:53  위험:0
17:10:53  원시위험:0
17:10:53  GPS유효:1
17:10:53  위도:37.495945
17:10:53  경도:126.956115
17:10:53  속도:0.02
17:10:53  방향:290.8
17:10:53  이동방향유효:0
17:10:53  GPS이동방향:290.8
17:10:53  차체방향유효:0
17:10:53  차체방향:0.0
17:10:53  후진판정:0
17:10:53  IMU요회전속도:0.00
17:10:53  방향가속도크기:9.65
17:10:53  방향자이로크기:1.92
17:10:53  방향자세cos:0.9999
17:10:53  자기모델잔차:25.05
17:10:53  자기모델반경:0.900
17:10:53  방향채택:0
17:10:53  방향거부:168608
17:10:53  GPS원시속도:0.026
17:10:53  GPS원시방향유효:1
17:10:53  GPS원시방향:290.8
17:10:53  가속도:-0.39,0.34,9.64
17:10:53  자이로:1.5,-0.8,1.0
17:10:53  자력계:8.850,3.600,19.200
17:10:53  충격값:0.08
17:10:53  충격피크:0.14
17:10:53  마지막충격발생값:0.00
17:10:53  마지막충격발생ms:0
17:10:53  송신:14881
17:10:53  지팡이수신:10097
17:10:53  GPS위성:8
17:10:53  GPS_HDOP:1.15
17:10:53  원시위도:37.495947
17:10:53  원시경도:126.956117
17:10:53  GPS채택:1548
17:10:53  GPS이상치거부:0
17:10:53  GPS품질거부:0
17:10:53  GPS재기준:0
17:10:53  계산거리:-1.00
17:10:53  접근속도:0.00
17:10:53  TTC:999.00
17:10:53  방향오차:0.0
17:10:53  전방여부:0
17:10:53  위험음성횟수:0
17:10:53  충격음성횟수:0
17:10:53  마지막위험음성:0
17:10:53  RSSI원시:-53
17:10:53  RSSI평활:-51.2
17:10:53  RSSI샘플:10097
17:10:53  RSSI경과ms:57
17:10:53  RSSI구간:4
17:10:53  RSSI거리:0.96
17:10:53  상대보정:0
17:10:53  상대보정중:0
17:10:53  보정동쪽:0.00
17:10:53  보정북쪽:0.00
17:10:53  UWB유효:1
17:10:53  UWB원시거리:2.700
17:10:53  UWB보정거리:2.524
17:10:53  UWB접근속도:-0.618
17:10:53  UWB_RSSI:nan
17:10:53  UWB경과ms:79
17:10:53  UWB샘플:7576
17:10:53  UWB실패:165
17:10:53  UWB보정:1
17:10:53  UWB보정중:0
17:10:53  UWB보정샘플:100
17:10:53  UWB보정기준:3.000
17:10:53  UWB오프셋:0.234
17:10:53  UWB위험사용:0
17:10:53  UWB전송:7571
17:10:53  위험송신:0
17:10:53  시각ms:1563666
17:10:53  IMU시각ms:1563666
17:10:53  위험:0
17:10:53  원시위험:0
17:10:53  GPS유효:1
17:10:53  위도:37.495945
17:10:53  경도:126.956115
17:10:53  속도:0.02
17:10:53  방향:290.8
17:10:53  이동방향유효:0
17:10:53  GPS이동방향:290.8
17:10:53  차체방향유효:0
17:10:53  차체방향:0.0
17:10:53  후진판정:0
17:10:53  IMU요회전속도:0.00
17:10:53  방향가속도크기:9.67
17:10:53  방향자이로크기:0.65
17:10:53  방향자세cos:0.9998
17:10:53  자기모델잔차:27.62
17:10:53  자기모델반경:0.898
17:10:53  방향채택:0
17:10:53  방향거부:168611
17:10:53  GPS원시속도:0.026
17:10:53  GPS원시방향유효:1
17:10:53  GPS원시방향:290.8
17:10:53  가속도:-0.44,0.30,9.66
17:10:53  자이로:-0.4,0.1,-0.5
17:10:53  자력계:9.900,3.900,21.750
17:10:53  충격값:0.08
17:10:53  충격피크:0.15
17:10:53  마지막충격발생값:0.00
17:10:53  마지막충격발생ms:0
17:10:53  송신:14881
17:10:53  지팡이수신:10097
17:10:53  GPS위성:8
17:10:53  GPS_HDOP:1.15
17:10:53  원시위도:37.495947
17:10:53  원시경도:126.956117
17:10:53  GPS채택:1548
17:10:53  GPS이상치거부:0
17:10:53  GPS품질거부:0
17:10:53  GPS재기준:0
17:10:53  계산거리:-1.00
17:10:53  접근속도:0.00
17:10:53  TTC:999.00
17:10:53  방향오차:0.0
17:10:53  전방여부:0
17:10:53  위험음성횟수:0
17:10:53  충격음성횟수:0
17:10:53  마지막위험음성:0
17:10:53  RSSI원시:-53
17:10:53  RSSI평활:-51.2
17:10:53  RSSI샘플:10097
17:10:53  RSSI경과ms:84
17:10:53  RSSI구간:4
17:10:53  RSSI거리:0.96
17:10:53  상대보정:0
17:10:53  상대보정중:0
17:10:53  보정동쪽:0.00
17:10:53  보정북쪽:0.00
17:10:53  UWB유효:1
17:10:53  UWB원시거리:2.700
17:10:53  UWB보정거리:2.524
17:10:53  UWB접근속도:-0.618
17:10:53  UWB_RSSI:nan
17:10:53  UWB경과ms:106
17:10:53  UWB샘플:7576
17:10:53  UWB실패:165
17:10:53  UWB보정:1
17:10:53  UWB보정중:0
17:10:53  UWB보정샘플:100
17:10:53  UWB보정기준:3.000
17:10:53  UWB오프셋:0.234
17:10:53  UWB위험사용:0
17:10:53  UWB전송:7571
17:10:53  위험송신:0
17:10:53  시각ms:1563694
17:10:53  IMU시각ms:1563693
17:10:53  위험:0
17:10:53  원시위험:0
17:10:53  GPS유효:1
17:10:53  위도:37.495945
17:10:53  경도:126.956115
17:10:53  속도:0.02
17:10:53  방향:290.8
17:10:53  이동방향유효:0
17:10:53  GPS이동방향:290.8
17:10:53  차체방향유효:0
17:10:53  차체방향:0.0
17:10:53  후진판정:0
17:10:53  IMU요회전속도:0.00
17:10:53  방향가속도크기:9.74
17:10:53  방향자이로크기:1.55
17:10:53  방향자세cos:1.0000
17:10:53  자기모델잔차:26.30
17:10:53  자기모델반경:0.952
17:10:53  방향채택:0
17:10:53  방향거부:168614
17:10:53  GPS원시속도:0.026
17:10:53  GPS원시방향유효:1
17:10:53  GPS원시방향:290.8
17:10:53  가속도:-0.41,0.44,9.72
17:10:53  자이로:1.1,-0.9,-0.7
17:10:53  자력계:9.450,5.400,20.250
17:10:53  충격값:0.08
17:10:53  충격피크:0.14
17:10:53  마지막충격발생값:0.00
17:10:53  마지막충격발생ms:0
17:10:53  송신:14881
17:10:53  지팡이수신:10098
17:10:53  GPS위성:8
17:10:53  GPS_HDOP:1.15
17:10:53  원시위도:37.495947
17:10:53  원시경도:126.956117
17:10:53  GPS채택:1548
17:10:53  GPS이상치거부:0
17:10:53  GPS품질거부:0
17:10:53  GPS재기준:0
17:10:53  계산거리:-1.00
17:10:53  접근속도:0.00
17:10:53  TTC:999.00
17:10:53  방향오차:0.0
17:10:53  전방여부:0
17:10:53  위험음성횟수:0
17:10:53  충격음성횟수:0
17:10:53  마지막위험음성:0
17:10:53  RSSI원시:-51
17:10:53  RSSI평활:-51.2
17:10:53  RSSI샘플:10098
17:10:53  RSSI경과ms:6
17:10:53  RSSI구간:4
17:10:53  RSSI거리:0.95
17:10:53  상대보정:0
17:10:53  상대보정중:0
17:10:53  보정동쪽:0.00
17:10:53  보정북쪽:0.00
17:10:53  UWB유효:1
17:10:53  UWB원시거리:2.700
17:10:53  UWB보정거리:2.524
17:10:53  UWB접근속도:-0.618
17:10:53  UWB_RSSI:nan
17:10:53  UWB경과ms:134
17:10:53  UWB샘플:7576
17:10:53  UWB실패:165
17:10:53  UWB보정:1
17:10:53  UWB보정중:0
17:10:53  UWB보정샘플:100
17:10:53  UWB보정기준:3.000
17:10:53  UWB오프셋:0.234
17:10:53  UWB위험사용:0
17:10:53  UWB전송:7571
17:10:53  위험송신:0
17:10:53  시각ms:1563714
17:10:53  IMU시각ms:1563714
17:10:53  위험:0
17:10:53  원시위험:0
17:10:53  GPS유효:1
17:10:53  위도:37.495946
17:10:53  경도:126.956115
17:10:53  속도:0.02
17:10:53  방향:290.8
17:10:53  이동방향유효:0
17:10:53  GPS이동방향:290.8
17:10:53  차체방향유효:0
17:10:53  차체방향:0.0
17:10:53  후진판정:0
17:10:53  IMU요회전속도:0.00
17:10:53  방향가속도크기:9.73
17:10:53  방향자이로크기:0.56
17:10:53  방향자세cos:0.9999
17:10:53  자기모델잔차:26.03
17:10:53  자기모델반경:0.964
17:10:53  방향채택:0
17:10:53  방향거부:168616
17:10:53  GPS원시속도:0.015
17:10:53  GPS원시방향유효:1
17:10:53  GPS원시방향:290.8
17:10:53  가속도:-0.38,0.38,9.71
17:10:53  자이로:0.5,-0.2,0.2
17:10:53  자력계:8.550,5.700,19.950
17:10:53  충격값:0.04
17:10:53  충격피크:0.04
17:10:53  마지막충격발생값:0.00
17:10:53  마지막충격발생ms:0
17:10:53  송신:14882
17:10:53  지팡이수신:10098
17:10:53  GPS위성:8
17:10:53  GPS_HDOP:1.15
17:10:53  원시위도:37.495949
17:10:53  원시경도:126.956115
17:10:53  GPS채택:1549
17:10:53  GPS이상치거부:0
17:10:53  GPS품질거부:0
17:10:53  GPS재기준:0
17:10:53  계산거리:-1.00
17:10:53  접근속도:0.00
17:10:53  TTC:999.00
17:10:53  방향오차:0.0
17:10:53  전방여부:0
17:10:53  위험음성횟수:0
17:10:53  충격음성횟수:0
17:10:53  마지막위험음성:0
17:10:53  RSSI원시:-51
17:10:53  RSSI평활:-51.2
17:10:53  RSSI샘플:10098
17:10:53  RSSI경과ms:26
17:10:53  RSSI구간:4
17:10:53  RSSI거리:0.95
17:10:53  상대보정:0
17:10:53  상대보정중:0
17:10:53  보정동쪽:0.00
17:10:53  보정북쪽:0.00
17:10:53  UWB유효:1
17:10:53  UWB원시거리:2.700
17:10:53  UWB보정거리:2.524
17:10:53  UWB접근속도:-0.618
17:10:53  UWB_RSSI:nan
17:10:53  UWB경과ms:154
17:10:53  UWB샘플:7576
17:10:53  UWB실패:165
17:10:53  UWB보정:1
17:10:53  UWB보정중:0
17:10:53  UWB보정샘플:100
17:10:53  UWB보정기준:3.000
17:10:53  UWB오프셋:0.234
17:10:53  UWB위험사용:0
17:10:53  UWB전송:7571
17:10:53  위험송신:0
17:10:53  시각ms:1563741
17:10:53  IMU시각ms:1563741
17:10:53  위험:0
17:10:53  원시위험:0
17:10:53  GPS유효:1
17:10:53  위도:37.495946
17:10:53  경도:126.956115
17:10:53  속도:0.02
17:10:53  방향:290.8
17:10:53  이동방향유효:0
17:10:53  GPS이동방향:290.8
17:10:53  차체방향유효:0
17:10:53  차체방향:0.0
17:10:53  후진판정:0
17:10:53  IMU요회전속도:0.00
17:10:53  방향가속도크기:9.72
17:10:53  방향자이로크기:2.13
17:10:53  방향자세cos:1.0000
17:10:53  자기모델잔차:26.16
17:10:53  자기모델반경:0.916
17:10:53  방향채택:0
17:10:53  방향거부:168619
17:10:53  GPS원시속도:0.015
17:10:53  GPS원시방향유효:1
17:10:53  GPS원시방향:290.8
17:10:53  가속도:-0.40,0.40,9.70
17:10:53  자이로:-1.7,0.3,-1.2
17:10:53  자력계:8.700,4.200,20.250
17:10:53  충격값:0.04
17:10:53  충격피크:0.12
17:10:53  마지막충격발생값:0.00
17:10:53  마지막충격발생ms:0
17:10:53  송신:14882
17:10:53  지팡이수신:10098
17:10:53  GPS위성:8
17:10:53  GPS_HDOP:1.15
17:10:53  원시위도:37.495949
17:10:53  원시경도:126.956115
17:10:53  GPS채택:1549
17:10:53  GPS이상치거부:0
17:10:53  GPS품질거부:0
17:10:53  GPS재기준:0
17:10:53  계산거리:-1.00
17:10:53  접근속도:0.00
17:10:53  TTC:999.00
17:10:53  방향오차:0.0
17:10:53  전방여부:0
17:10:53  위험음성횟수:0
17:10:53  충격음성횟수:0
17:10:53  마지막위험음성:0
17:10:53  RSSI원시:-51
17:10:53  RSSI평활:-51.2
17:10:53  RSSI샘플:10098
17:10:53  RSSI경과ms:53
17:10:53  RSSI구간:4
17:10:53  RSSI거리:0.95
17:10:53  상대보정:0
17:10:53  상대보정중:0
17:10:53  보정동쪽:0.00
17:10:53  보정북쪽:0.00
17:10:53  UWB유효:1
17:10:53  UWB원시거리:2.700
17:10:53  UWB보정거리:2.524
17:10:53  UWB접근속도:-0.618
17:10:53  UWB_RSSI:nan
17:10:53  UWB경과ms:181
17:10:53  UWB샘플:7576
17:10:53  UWB실패:165
17:10:53  UWB보정:1
17:10:53  UWB보정중:0
17:10:53  UWB보정샘플:100
17:10:53  UWB보정기준:3.000
17:10:53  UWB오프셋:0.234
17:10:53  UWB위험사용:0
17:10:53  UWB전송:7571
17:10:53  위험송신:0
17:10:53  시각ms:1563764
17:10:53  IMU시각ms:1563761
17:10:53  위험:0
17:10:53  원시위험:0
17:10:53  GPS유효:1
17:10:53  위도:37.495946
17:10:53  경도:126.956115
17:10:53  속도:0.02
17:10:53  방향:290.8
17:10:53  이동방향유효:0
17:10:53  GPS이동방향:290.8
17:10:53  차체방향유효:0
17:10:53  차체방향:0.0
17:10:53  후진판정:0
17:10:53  IMU요회전속도:0.00
17:10:53  방향가속도크기:9.73
17:10:53  방향자이로크기:1.61
17:10:53  방향자세cos:1.0000
17:10:53  자기모델잔차:26.43
17:10:53  자기모델반경:0.947
17:10:53  방향채택:0
17:10:53  방향거부:168621
17:10:53  GPS원시속도:0.015
17:10:53  GPS원시방향유효:1
17:10:53  GPS원시방향:290.8
17:10:53  가속도:-0.40,0.45,9.71
17:10:53  자이로:1.2,-0.8,-0.6
17:10:53  자력계:9.300,5.250,20.400
17:10:53  충격값:0.08
17:10:53  충격피크:0.08
17:10:53  마지막충격발생값:0.00
17:10:53  마지막충격발생ms:0
17:10:53  송신:14882
17:10:53  지팡이수신:10098
17:10:53  GPS위성:8
17:10:53  GPS_HDOP:1.15
17:10:53  원시위도:37.495949
17:10:53  원시경도:126.956115
17:10:53  GPS채택:1549
17:10:53  GPS이상치거부:0
17:10:53  GPS품질거부:0
17:10:53  GPS재기준:0
17:10:53  계산거리:-1.00
17:10:53  접근속도:0.00
17:10:53  TTC:999.00
17:10:53  방향오차:0.0
17:10:53  전방여부:0
17:10:53  위험음성횟수:0
17:10:53  충격음성횟수:0
17:10:53  마지막위험음성:0
17:10:53  RSSI원시:-51
17:10:53  RSSI평활:-51.2
17:10:53  RSSI샘플:10098
17:10:53  RSSI경과ms:76
17:10:53  RSSI구간:4
17:10:53  RSSI거리:0.95
17:10:53  상대보정:0
17:10:53  상대보정중:0
17:10:53  보정동쪽:0.00
17:10:53  보정북쪽:0.00
17:10:53  UWB유효:1
17:10:53  UWB원시거리:2.830
17:10:53  UWB보정거리:2.633
17:10:53  UWB접근속도:-0.592
17:10:53  UWB_RSSI:nan
17:10:53  UWB경과ms:0
17:10:53  UWB샘플:7577
17:10:53  UWB실패:165
17:10:53  UWB보정:1
17:10:53  UWB보정중:0
17:10:53  UWB보정샘플:100
17:10:53  UWB보정기준:3.000
17:10:53  UWB오프셋:0.234
17:10:53  UWB위험사용:0
17:10:53  UWB전송:7572
17:10:53  위험송신:0
17:10:53  시각ms:1563791
17:10:53  IMU시각ms:1563791
17:10:53  위험:0
17:10:53  원시위험:0
17:10:53  GPS유효:1
17:10:53  위도:37.495946
17:10:53  경도:126.956115
17:10:53  속도:0.02
17:10:53  방향:290.8
17:10:53  이동방향유효:0
17:10:53  GPS이동방향:290.8
17:10:53  차체방향유효:0
17:10:53  차체방향:0.0
17:10:53  후진판정:0
17:10:53  IMU요회전속도:0.00
17:10:53  방향가속도크기:9.84
17:10:53  방향자이로크기:4.24
17:10:53  방향자세cos:0.9995
17:10:53  자기모델잔차:26.38
17:10:53  자기모델반경:0.889
17:10:53  방향채택:0
17:10:53  방향거부:168624
17:10:53  GPS원시속도:0.015
17:10:53  GPS원시방향유효:1
17:10:53  GPS원시방향:290.8
17:10:53  가속도:-0.29,0.23,9.83
17:10:53  자이로:3.3,-1.9,1.9
17:10:53  자력계:9.900,3.450,20.550
17:10:53  충격값:0.21
17:10:53  충격피크:0.21
17:10:53  마지막충격발생값:0.00
17:10:53  마지막충격발생ms:0
17:10:53  송신:14882
17:10:53  지팡이수신:10098
17:10:53  GPS위성:8
17:10:53  GPS_HDOP:1.15
17:10:53  원시위도:37.495949
17:10:53  원시경도:126.956115
17:10:53  GPS채택:1549
17:10:53  GPS이상치거부:0
17:10:53  GPS품질거부:0
17:10:53  GPS재기준:0
17:10:53  계산거리:-1.00
17:10:53  접근속도:0.00
17:10:53  TTC:999.00
17:10:53  방향오차:0.0
17:10:53  전방여부:0
17:10:53  위험음성횟수:0
17:10:53  충격음성횟수:0
17:10:53  마지막위험음성:0
17:10:53  RSSI원시:-51
17:10:53  RSSI평활:-51.2
17:10:53  RSSI샘플:10098
17:10:53  RSSI경과ms:103
17:10:53  RSSI구간:4
17:10:53  RSSI거리:0.95
17:10:53  상대보정:0
17:10:53  상대보정중:0
17:10:53  보정동쪽:0.00
17:10:53  보정북쪽:0.00
17:10:53  UWB유효:1
17:10:53  UWB원시거리:2.830
17:10:53  UWB보정거리:2.633
17:10:53  UWB접근속도:-0.592
17:10:53  UWB_RSSI:nan
17:10:53  UWB경과ms:27
17:10:53  UWB샘플:7577
17:10:53  UWB실패:165
17:10:53  UWB보정:1
17:10:53  UWB보정중:0
17:10:53  UWB보정샘플:100
17:10:53  UWB보정기준:3.000
17:10:53  UWB오프셋:0.234
17:10:53  UWB위험사용:0
17:10:53  UWB전송:7572
17:10:53  위험송신:0
17:10:53  시각ms:1563832
17:10:53  IMU시각ms:1563831
17:10:53  위험:0
17:10:53  원시위험:0
17:10:53  GPS유효:1
17:10:53  위도:37.495946
17:10:53  경도:126.956115
17:10:53  속도:0.02
17:10:53  방향:290.8
17:10:53  이동방향유효:0
17:10:53  GPS이동방향:290.8
17:10:53  차체방향유효:0
17:10:53  차체방향:0.0
17:10:53  후진판정:0
17:10:53  IMU요회전속도:0.00
17:10:53  방향가속도크기:9.75
17:10:53  방향자이로크기:1.36
17:10:53  방향자세cos:0.9999
17:10:53  자기모델잔차:24.82
17:10:53  자기모델반경:0.956
17:10:53  방향채택:0
17:10:53  방향거부:168627
17:10:53  GPS원시속도:0.015
17:10:53  GPS원시방향유효:1
17:10:53  GPS원시방향:290.8
17:10:53  가속도:-0.53,0.42,9.73
17:10:53  자이로:0.6,1.1,-0.6
17:10:53  자력계:9.900,5.400,18.750
17:10:53  충격값:0.14
17:10:53  충격피크:0.18
17:10:53  마지막충격발생값:0.00
17:10:53  마지막충격발생ms:0
17:10:53  송신:14883
17:10:53  지팡이수신:10099
17:10:53  GPS위성:8
17:10:53  GPS_HDOP:1.15
17:10:53  원시위도:37.495949
17:10:53  원시경도:126.956115
17:10:53  GPS채택:1549
17:10:53  GPS이상치거부:0
17:10:53  GPS품질거부:0
17:10:53  GPS재기준:0
17:10:53  계산거리:-1.00
17:10:53  접근속도:0.00
17:10:53  TTC:999.00
17:10:53  방향오차:0.0
17:10:53  전방여부:0
17:10:53  위험음성횟수:0
17:10:53  충격음성횟수:0
17:10:53  마지막위험음성:0
17:10:53  RSSI원시:-49
17:10:53  RSSI평활:-50.7
17:10:53  RSSI샘플:10099
17:10:53  RSSI경과ms:23
17:10:53  RSSI구간:4
17:10:53  RSSI거리:0.91
17:10:53  상대보정:0
17:10:53  상대보정중:0
17:10:53  보정동쪽:0.00
17:10:53  보정북쪽:0.00
17:10:53  UWB유효:1
17:10:53  UWB원시거리:2.830
17:10:53  UWB보정거리:2.633
17:10:53  UWB접근속도:-0.592
17:10:53  UWB_RSSI:nan
17:10:53  UWB경과ms:68
17:10:53  UWB샘플:7577
17:10:53  UWB실패:165
17:10:53  UWB보정:1
17:10:53  UWB보정중:0
17:10:53  UWB보정샘플:100
17:10:53  UWB보정기준:3.000
17:10:53  UWB오프셋:0.234
17:10:53  UWB위험사용:0
17:10:53  UWB전송:7572
17:10:53  위험송신:0
17:10:53  시각ms:1563859
17:10:53  IMU시각ms:1563858
17:10:53  위험:0
17:10:53  원시위험:0
17:10:53  GPS유효:1
17:10:53  위도:37.495946
17:10:53  경도:126.956115
17:10:53  속도:0.02
17:10:53  방향:290.8
17:10:53  이동방향유효:0
17:10:53  GPS이동방향:290.8
17:10:53  차체방향유효:0
17:10:53  차체방향:0.0
17:10:53  후진판정:0
17:10:53  IMU요회전속도:0.00
17:10:53  방향가속도크기:9.72
17:10:53  방향자이로크기:1.45
17:10:53  방향자세cos:0.9998
17:10:53  자기모델잔차:24.36
17:10:53  자기모델반경:0.917
17:10:53  방향채택:0
17:10:53  방향거부:168630
17:10:53  GPS원시속도:0.015
17:10:53  GPS원시방향유효:1
17:10:53  GPS원시방향:290.8
17:10:53  가속도:-0.40,0.32,9.71
17:10:53  자이로:-0.7,-1.3,0.1
17:10:53  자력계:8.850,4.050,18.450
17:10:53  충격값:0.05
17:10:53  충격피크:0.10
17:10:53  마지막충격발생값:0.00
17:10:53  마지막충격발생ms:0
17:10:53  송신:14883
17:10:53  지팡이수신:10099
17:10:53  GPS위성:8
17:10:53  GPS_HDOP:1.15
17:10:53  원시위도:37.495949
17:10:53  원시경도:126.956115
17:10:53  GPS채택:1549
17:10:53  GPS이상치거부:0
17:10:53  GPS품질거부:0
17:10:53  GPS재기준:0
17:10:53  계산거리:-1.00
17:10:53  접근속도:0.00
17:10:53  TTC:999.00
17:10:53  방향오차:0.0
17:10:53  전방여부:0
17:10:53  위험음성횟수:0
17:10:53  충격음성횟수:0
17:10:53  마지막위험음성:0
17:10:53  RSSI원시:-49
17:10:53  RSSI평활:-50.7
17:10:53  RSSI샘플:10099
17:10:53  RSSI경과ms:50
17:10:53  RSSI구간:4
17:10:53  RSSI거리:0.91
17:10:53  상대보정:0
17:10:53  상대보정중:0
17:10:53  보정동쪽:0.00
17:10:53  보정북쪽:0.00
17:10:53  UWB유효:1
17:10:53  UWB원시거리:2.830
17:10:53  UWB보정거리:2.633
17:10:53  UWB접근속도:-0.592
17:10:53  UWB_RSSI:nan
17:10:53  UWB경과ms:95
17:10:53  UWB샘플:7577
17:10:53  UWB실패:165
17:10:53  UWB보정:1
17:10:53  UWB보정중:0
17:10:53  UWB보정샘플:100
17:10:53  UWB보정기준:3.000
17:10:53  UWB오프셋:0.234
17:10:53  UWB위험사용:0
17:10:53  UWB전송:7572
17:10:53  위험송신:0
17:10:53  시각ms:1564192
17:10:53  IMU시각ms:1564192
17:10:53  위험:0
17:10:53  원시위험:0
17:10:53  GPS유효:1
17:10:53  위도:37.495946
17:10:53  경도:126.956115
17:10:53  속도:0.02
17:10:53  방향:290.8
17:10:53  이동방향유효:0
17:10:53  GPS이동방향:290.8
17:10:53  차체방향유효:0
17:10:53  차체방향:0.0
17:10:53  후진판정:0
17:10:53  IMU요회전속도:0.00
17:10:53  방향가속도크기:9.76
17:10:53  방향자이로크기:3.53
17:10:53  방향자세cos:0.9999
17:10:53  자기모델잔차:25.10
17:10:53  자기모델반경:0.914
17:10:53  방향채택:0
17:10:53  방향거부:168663
17:10:53  GPS원시속도:0.015
17:10:53  GPS원시방향유효:1
17:10:53  GPS원시방향:290.8
17:10:53  가속도:-0.39,0.34,9.74
17:10:53  자이로:1.2,-3.1,-1.2
17:10:53  자력계:8.850,4.050,19.200
17:10:53  충격값:0.06
17:10:53  충격피크:0.10
17:10:53  마지막충격발생값:0.00
17:10:53  마지막충격발생ms:0
17:10:53  송신:14886
17:10:53  지팡이수신:10102
17:10:53  GPS위성:8
17:10:53  GPS_HDOP:1.15
17:10:53  원시위도:37.495949
17:10:53  원시경도:126.956115
17:10:53  GPS채택:1549
17:10:53  GPS이상치거부:0
17:10:53  GPS품질거부:0
17:10:53  GPS재기준:0
17:10:53  계산거리:-1.00
17:10:53  접근속도:0.00
17:10:53  TTC:999.00
17:10:53  방향오차:0.0
17:10:53  전방여부:0
17:10:53  위험음성횟수:0
17:10:53  충격음성횟수:0
17:10:53  마지막위험음성:0
17:10:53  RSSI원시:-53
17:10:53  RSSI평활:-51.6
17:10:53  RSSI샘플:10102
17:10:53  RSSI경과ms:73
17:10:53  RSSI구간:4
17:10:53  RSSI거리:0.99
17:10:53  상대보정:0
17:10:53  상대보정중:0
17:10:53  보정동쪽:0.00
17:10:53  보정북쪽:0.00
17:10:53  UWB유효:1
17:10:53  UWB원시거리:3.070
17:10:53  UWB보정거리:2.852
17:10:53  UWB접근속도:-0.571
17:10:53  UWB_RSSI:nan
17:10:53  UWB경과ms:27
17:10:53  UWB샘플:7579
17:10:53  UWB실패:165
17:10:53  UWB보정:1
17:10:53  UWB보정중:0
17:10:53  UWB보정샘플:100
17:10:53  UWB보정기준:3.000
17:10:53  UWB오프셋:0.234
17:10:53  UWB위험사용:0
17:10:53  UWB전송:7574
17:10:53  위험송신:0
17:10:54  시각ms:1564734
17:10:54  IMU시각ms:1564734
17:10:54  위험:0
17:10:54  원시위험:0
17:10:54  GPS유효:1
17:10:54  위도:37.495947
17:10:54  경도:126.956116
17:10:54  속도:0.02
17:10:54  방향:290.8
17:10:54  이동방향유효:0
17:10:54  GPS이동방향:290.8
17:10:54  차체방향유효:0
17:10:54  차체방향:0.0
17:10:54  후진판정:0
17:10:54  IMU요회전속도:0.00
17:10:54  방향가속도크기:9.75
17:10:54  방향자이로크기:3.89
17:10:54  방향자세cos:0.9998
17:10:54  자기모델잔차:24.85
17:10:54  자기모델반경:0.888
17:10:54  방향채택:0
17:10:54  방향거부:168720
17:10:54  GPS원시속도:0.010
17:10:54  GPS원시방향유효:1
17:10:54  GPS원시방향:290.8
17:10:54  가속도:-0.35,0.33,9.74
17:10:54  자이로:2.1,-0.1,-3.3
17:10:54  자력계:8.400,3.150,19.050
17:10:54  충격값:0.08
17:10:54  충격피크:0.13
17:10:54  마지막충격발생값:0.00
17:10:54  마지막충격발생ms:0
17:10:54  송신:14891
17:10:54  지팡이수신:10106
17:10:54  GPS위성:9
17:10:54  GPS_HDOP:1.18
17:10:54  원시위도:37.495949
17:10:54  원시경도:126.956116
17:10:54  GPS채택:1550
17:10:54  GPS이상치거부:0
17:10:54  GPS품질거부:0
17:10:54  GPS재기준:0
17:10:54  계산거리:-1.00
17:10:54  접근속도:0.00
17:10:54  TTC:999.00
17:10:54  방향오차:0.0
17:10:54  전방여부:0
17:10:54  위험음성횟수:0
17:10:54  충격음성횟수:0
17:10:54  마지막위험음성:0
17:10:54  RSSI원시:-50
17:10:54  RSSI평활:-52.4
17:10:54  RSSI샘플:10106
17:10:54  RSSI경과ms:197
17:10:54  RSSI구간:4
17:10:54  RSSI거리:1.07
17:10:54  상대보정:0
17:10:54  상대보정중:0
17:10:54  보정동쪽:0.00
17:10:54  보정북쪽:0.00
17:10:54  UWB유효:1
17:10:54  UWB원시거리:3.240
17:10:54  UWB보정거리:3.086
17:10:54  UWB접근속도:-0.575
17:10:54  UWB_RSSI:nan
17:10:54  UWB경과ms:167
17:10:54  UWB샘플:7581
17:10:54  UWB실패:165
17:10:54  UWB보정:1
17:10:54  UWB보정중:0
17:10:54  UWB보정샘플:100
17:10:54  UWB보정기준:3.000
17:10:54  UWB오프셋:0.234
17:10:54  UWB위험사용:0
17:10:54  UWB전송:7576
17:10:54  위험송신:0
17:10:54  시각ms:1564754
17:10:54  IMU시각ms:1564754
17:10:54  위험:0
17:10:54  원시위험:0
17:10:54  GPS유효:1
17:10:54  위도:37.495947
17:10:54  경도:126.956116
17:10:54  속도:0.02
17:10:54  방향:290.8
17:10:54  이동방향유효:0
17:10:54  GPS이동방향:290.8
17:10:54  차체방향유효:0
17:10:54  차체방향:0.0
17:10:54  후진판정:0
17:10:54  IMU요회전속도:0.00
17:10:54  방향가속도크기:9.76
17:10:54  방향자이로크기:3.24
17:10:54  방향자세cos:0.9999
17:10:54  자기모델잔차:25.84
17:10:54  자기모델반경:0.913
17:10:54  방향채택:0
17:10:54  방향거부:168722
17:10:54  GPS원시속도:0.010
17:10:54  GPS원시방향유효:1
17:10:54  GPS원시방향:290.8
17:10:54  가속도:-0.52,0.36,9.74
17:10:54  자이로:-0.7,1.8,-2.6
17:10:54  자력계:8.550,4.050,19.950
17:10:54  충격값:0.12
17:10:54  충격피크:0.18
17:10:54  마지막충격발생값:0.00
17:10:54  마지막충격발생ms:0
17:10:54  송신:14892
17:10:54  지팡이수신:10106
17:10:54  GPS위성:9
17:10:54  GPS_HDOP:1.18
17:10:54  원시위도:37.495949
17:10:54  원시경도:126.956116
17:10:54  GPS채택:1550
17:10:54  GPS이상치거부:0
17:10:54  GPS품질거부:0
17:10:54  GPS재기준:0
17:10:54  계산거리:-1.00
17:10:54  접근속도:0.00
17:10:54  TTC:999.00
17:10:54  방향오차:0.0
17:10:54  전방여부:0
17:10:54  위험음성횟수:0
17:10:54  충격음성횟수:0
17:10:54  마지막위험음성:0
17:10:54  RSSI원시:-50
17:10:54  RSSI평활:-52.4
17:10:54  RSSI샘플:10106
17:10:54  RSSI경과ms:217
17:10:54  RSSI구간:4
17:10:54  RSSI거리:1.07
17:10:54  상대보정:0
17:10:54  상대보정중:0
17:10:54  보정동쪽:0.00
17:10:54  보정북쪽:0.00
17:10:54  UWB유효:1
17:10:54  UWB원시거리:3.240
17:10:54  UWB보정거리:3.086
17:10:54  UWB접근속도:-0.575
17:10:54  UWB_RSSI:nan
17:10:54  UWB경과ms:187
17:10:54  UWB샘플:7581
17:10:54  UWB실패:165
17:10:54  UWB보정:1
17:10:54  UWB보정중:0
17:10:54  UWB보정샘플:100
17:10:54  UWB보정기준:3.000
17:10:54  UWB오프셋:0.234
17:10:54  UWB위험사용:0
17:10:54  UWB전송:7576
17:10:54  위험송신:0
17:10:54  시각ms:1565216
17:10:54  IMU시각ms:1565216
17:10:54  위험:0
17:10:54  원시위험:0
17:10:54  GPS유효:1
17:10:54  위도:37.495947
17:10:54  경도:126.956116
17:10:54  속도:0.02
17:10:54  방향:290.8
17:10:54  이동방향유효:0
17:10:54  GPS이동방향:290.8
17:10:54  차체방향유효:0
17:10:54  차체방향:0.0
17:10:54  후진판정:0
17:10:54  IMU요회전속도:0.00
17:10:54  방향가속도크기:9.80
17:10:54  방향자이로크기:3.25
17:10:54  방향자세cos:1.0000
17:10:54  자기모델잔차:27.30
17:10:54  자기모델반경:0.943
17:10:54  방향채택:0
17:10:54  방향거부:168768
17:10:54  GPS원시속도:0.010
17:10:54  GPS원시방향유효:1
17:10:54  GPS원시방향:290.8
17:10:54  가속도:-0.51,0.41,9.78
17:10:54  자이로:1.2,0.5,-3.0
17:10:54  자력계:7.950,5.100,21.300
17:10:54  충격값:0.14
17:10:54  충격피크:0.14
17:10:54  마지막충격발생값:0.00
17:10:54  마지막충격발생ms:0
17:10:54  송신:14896
17:10:54  지팡이수신:10110
17:10:54  GPS위성:9
17:10:54  GPS_HDOP:1.18
17:10:54  원시위도:37.495949
17:10:54  원시경도:126.956116
17:10:54  GPS채택:1550
17:10:54  GPS이상치거부:0
17:10:54  GPS품질거부:0
17:10:54  GPS재기준:0
17:10:54  계산거리:-1.00
17:10:54  접근속도:0.00
17:10:54  TTC:999.00
17:10:54  방향오차:0.0
17:10:54  전방여부:0
17:10:54  위험음성횟수:0
17:10:54  충격음성횟수:0
17:10:54  마지막위험음성:0
17:10:54  RSSI원시:-58
17:10:54  RSSI평활:-54.4
17:10:54  RSSI샘플:10110
17:10:54  RSSI경과ms:56
17:10:54  RSSI구간:4
17:10:54  RSSI거리:1.30
17:10:54  상대보정:0
17:10:54  상대보정중:0
17:10:54  보정동쪽:0.00
17:10:54  보정북쪽:0.00
17:10:54  UWB유효:1
17:10:54  UWB원시거리:3.480
17:10:54  UWB보정거리:3.378
17:10:54  UWB접근속도:-0.526
17:10:54  UWB_RSSI:nan
17:10:54  UWB경과ms:48
17:10:54  UWB샘플:7584
17:10:54  UWB실패:165
17:10:54  UWB보정:1
17:10:54  UWB보정중:0
17:10:54  UWB보정샘플:100
17:10:54  UWB보정기준:3.000
17:10:54  UWB오프셋:0.234
17:10:54  UWB위험사용:0
17:10:54  UWB전송:7579
17:10:54  위험송신:0
17:10:54  시각ms:1565241
17:10:54  IMU시각ms:1565241
17:10:54  위험:0
17:10:54  원시위험:0
17:10:54  GPS유효:1
17:10:54  위도:37.495947
17:10:54  경도:126.956116
17:10:54  속도:0.02
17:10:54  방향:290.8
17:10:54  이동방향유효:0
17:10:54  GPS이동방향:290.8
17:10:54  차체방향유효:0
17:10:54  차체방향:0.0
17:10:54  후진판정:0
17:10:54  IMU요회전속도:0.00
17:10:54  방향가속도크기:9.76
17:10:54  방향자이로크기:2.17
17:10:54  방향자세cos:0.9999
17:10:54  자기모델잔차:26.38
17:10:54  자기모델반경:0.935
17:10:54  방향채택:0
17:10:54  방향거부:168771
17:10:54  GPS원시속도:0.010
17:10:54  GPS원시방향유효:1
17:10:54  GPS원시방향:290.8
17:10:54  가속도:-0.44,0.37,9.74
17:10:54  자이로:1.8,-1.3,-0.2
17:10:54  자력계:8.550,4.800,20.400
17:10:54  충격값:0.06
17:10:54  충격피크:0.09
17:10:54  마지막충격발생값:0.00
17:10:54  마지막충격발생ms:0
17:10:54  송신:14896
17:10:54  지팡이수신:10110
17:10:54  GPS위성:9
17:10:54  GPS_HDOP:1.18
17:10:54  원시위도:37.495949
17:10:54  원시경도:126.956116
17:10:54  GPS채택:1550
17:10:54  GPS이상치거부:0
17:10:54  GPS품질거부:0
17:10:54  GPS재기준:0
17:10:54  계산거리:-1.00
17:10:54  접근속도:0.00
17:10:54  TTC:999.00
17:10:54  방향오차:0.0
17:10:54  전방여부:0
17:10:54  위험음성횟수:0
17:10:54  충격음성횟수:0
17:10:54  마지막위험음성:0
17:10:54  RSSI원시:-58
17:10:54  RSSI평활:-54.4
17:10:54  RSSI샘플:10110
17:10:54  RSSI경과ms:81
17:10:54  RSSI구간:4
17:10:54  RSSI거리:1.30
17:10:54  상대보정:0
17:10:54  상대보정중:0
17:10:54  보정동쪽:0.00
17:10:54  보정북쪽:0.00
17:10:54  UWB유효:1
17:10:54  UWB원시거리:3.480
17:10:54  UWB보정거리:3.378
17:10:54  UWB접근속도:-0.526
17:10:54  UWB_RSSI:nan
17:10:54  UWB경과ms:73
17:10:54  UWB샘플:7584
17:10:54  UWB실패:165
17:10:54  UWB보정:1
17:10:54  UWB보정중:0
17:10:54  UWB보정샘플:100
17:10:54  UWB보정기준:3.000
17:10:54  UWB오프셋:0.234
17:10:54  UWB위험사용:0
17:10:54  UWB전송:7579
17:10:54  위험송신:0
17:10:55  시각ms:1565280
17:10:55  IMU시각ms:1565267
17:10:55  위험:0
17:10:55  원시위험:0
17:10:55  GPS유효:1
17:10:55  위도:37.495947
17:10:55  경도:126.956116
17:10:55  속도:0.02
17:10:55  방향:290.8
17:10:55  이동방향유효:0
17:10:55  GPS이동방향:290.8
17:10:55  차체방향유효:0
17:10:55  차체방향:0.0
17:10:55  후진판정:0
17:10:55  IMU요회전속도:0.00
17:10:55  방향가속도크기:9.60
17:10:55  방향자이로크기:2.57
17:10:55  방향자세cos:0.9999
17:10:55  자기모델잔차:24.86
17:10:55  자기모델반경:0.973
17:10:55  방향채택:0
17:10:55  방향거부:168774
17:10:55  GPS원시속도:0.010
17:10:55  GPS원시방향유효:1
17:10:55  GPS원시방향:290.8
17:10:55  가속도:-0.42,0.34,9.59
17:10:55  자이로:-2.4,0.4,0.9
17:10:55  자력계:8.700,5.850,18.750
17:10:55  충격값:0.11
17:10:55  충격피크:0.17
17:10:55  마지막충격발생값:0.00
17:10:55  마지막충격발생ms:0
17:10:55  송신:14897
17:10:55  지팡이수신:10111
17:10:55  GPS위성:9
17:10:55  GPS_HDOP:1.18
17:10:55  원시위도:37.495949
17:10:55  원시경도:126.956116
17:10:55  GPS채택:1550
17:10:55  GPS이상치거부:0
17:10:55  GPS품질거부:0
17:10:55  GPS재기준:0
17:10:55  계산거리:-1.00
17:10:55  접근속도:0.00
17:10:55  TTC:999.00
17:10:55  방향오차:0.0
17:10:55  전방여부:0
17:10:55  위험음성횟수:0
17:10:55  충격음성횟수:0
17:10:55  마지막위험음성:0
17:10:55  RSSI원시:-52
17:10:55  RSSI평활:-53.9
17:10:55  RSSI샘플:10111
17:10:55  RSSI경과ms:13
17:10:55  RSSI구간:4
17:10:55  RSSI거리:1.24
17:10:55  상대보정:0
17:10:55  상대보정중:0
17:10:55  보정동쪽:0.00
17:10:55  보정북쪽:0.00
17:10:55  UWB유효:1
17:10:55  UWB원시거리:3.480
17:10:55  UWB보정거리:3.378
17:10:55  UWB접근속도:-0.526
17:10:55  UWB_RSSI:nan
17:10:55  UWB경과ms:112
17:10:55  UWB샘플:7584
17:10:55  UWB실패:165
17:10:55  UWB보정:1
17:10:55  UWB보정중:0
17:10:55  UWB보정샘플:100
17:10:55  UWB보정기준:3.000
17:10:55  UWB오프셋:0.234
17:10:55  UWB위험사용:0
17:10:55  UWB전송:7579
17:10:55  위험송신:0
17:10:55  시각ms:1565302
17:10:55  IMU시각ms:1565290
17:10:55  위험:0
17:10:55  원시위험:0
17:10:55  GPS유효:1
17:10:55  위도:37.495947
17:10:55  경도:126.956116
17:10:55  속도:0.02
17:10:55  방향:290.8
17:10:55  이동방향유효:0
17:10:55  GPS이동방향:290.8
17:10:55  차체방향유효:0
17:10:55  차체방향:0.0
17:10:55  후진판정:0
17:10:55  IMU요회전속도:0.00
17:10:55  방향가속도크기:9.71
17:10:55  방향자이로크기:4.56
17:10:55  방향자세cos:0.9999
17:10:55  자기모델잔차:26.60
17:10:55  자기모델반경:0.951
17:10:55  방향채택:0
17:10:55  방향거부:168775
17:10:55  GPS원시속도:0.010
17:10:55  GPS원시방향유효:1
17:10:55  GPS원시방향:290.8
17:10:55  가속도:-0.45,0.34,9.69
17:10:55  자이로:3.3,-2.1,-2.3
17:10:55  자력계:9.450,5.400,20.550
17:10:55  충격값:0.04
17:10:55  충격피크:0.04
17:10:55  마지막충격발생값:0.00
17:10:55  마지막충격발생ms:0
17:10:55  송신:14897
17:10:55  지팡이수신:10111
17:10:55  GPS위성:9
17:10:55  GPS_HDOP:1.18
17:10:55  원시위도:37.495949
17:10:55  원시경도:126.956116
17:10:55  GPS채택:1550
17:10:55  GPS이상치거부:0
17:10:55  GPS품질거부:0
17:10:55  GPS재기준:0
17:10:55  계산거리:-1.00
17:10:55  접근속도:0.00
17:10:55  TTC:999.00
17:10:55  방향오차:0.0
17:10:55  전방여부:0
17:10:55  위험음성횟수:0
17:10:55  충격음성횟수:0
17:10:55  마지막위험음성:0
17:10:55  RSSI원시:-52
17:10:55  RSSI평활:-53.9
17:10:55  RSSI샘플:10111
17:10:55  RSSI경과ms:35
17:10:55  RSSI구간:4
17:10:55  RSSI거리:1.24
17:10:55  상대보정:0
17:10:55  상대보정중:0
17:10:55  보정동쪽:0.00
17:10:55  보정북쪽:0.00
17:10:55  UWB유효:1
17:10:55  UWB원시거리:3.480
17:10:55  UWB보정거리:3.378
17:10:55  UWB접근속도:-0.526
17:10:55  UWB_RSSI:nan
17:10:55  UWB경과ms:134
17:10:55  UWB샘플:7584
17:10:55  UWB실패:165
17:10:55  UWB보정:1
17:10:55  UWB보정중:0
17:10:55  UWB보정샘플:100
17:10:55  UWB보정기준:3.000
17:10:55  UWB오프셋:0.234
17:10:55  UWB위험사용:0
17:10:55  UWB전송:7579
17:10:55  위험송신:0
17:10:55  시각ms:1565327
17:10:55  IMU시각ms:1565327
17:10:55  위험:0
17:10:55  원시위험:0
17:10:55  GPS유효:1
17:10:55  위도:37.495947
17:10:55  경도:126.956116
17:10:55  속도:0.02
17:10:55  방향:290.8
17:10:55  이동방향유효:0
17:10:55  GPS이동방향:290.8
17:10:55  차체방향유효:0
17:10:55  차체방향:0.0
17:10:55  후진판정:0
17:10:55  IMU요회전속도:0.00
17:10:55  방향가속도크기:9.70
17:10:55  방향자이로크기:2.52
17:10:55  방향자세cos:0.9999
17:10:55  자기모델잔차:25.20
17:10:55  자기모델반경:0.989
17:10:55  방향채택:0
17:10:55  방향거부:168778
17:10:55  GPS원시속도:0.010
17:10:55  GPS원시방향유효:1
17:10:55  GPS원시방향:290.8
17:10:55  가속도:-0.45,0.32,9.69
17:10:55  자이로:2.0,1.5,-0.4
17:10:55  자력계:7.950,6.300,19.050
17:10:55  충격값:0.06
17:10:55  충격피크:0.15
17:10:55  마지막충격발생값:0.00
17:10:55  마지막충격발생ms:0
17:10:55  송신:14897
17:10:55  지팡이수신:10111
17:10:55  GPS위성:9
17:10:55  GPS_HDOP:1.18
17:10:55  원시위도:37.495949
17:10:55  원시경도:126.956116
17:10:55  GPS채택:1550
17:10:55  GPS이상치거부:0
17:10:55  GPS품질거부:0
17:10:55  GPS재기준:0
17:10:55  계산거리:-1.00
17:10:55  접근속도:0.00
17:10:55  TTC:999.00
17:10:55  방향오차:0.0
17:10:55  전방여부:0
17:10:55  위험음성횟수:0
17:10:55  충격음성횟수:0
17:10:55  마지막위험음성:0
17:10:55  RSSI원시:-52
17:10:55  RSSI평활:-53.9
17:10:55  RSSI샘플:10111
17:10:55  RSSI경과ms:60
17:10:55  RSSI구간:4
17:10:55  RSSI거리:1.24
17:10:55  상대보정:0
17:10:55  상대보정중:0
17:10:55  보정동쪽:0.00
17:10:55  보정북쪽:0.00
17:10:55  UWB유효:1
17:10:55  UWB원시거리:3.480
17:10:55  UWB보정거리:3.378
17:10:55  UWB접근속도:-0.526
17:10:55  UWB_RSSI:nan
17:10:55  UWB경과ms:159
17:10:55  UWB샘플:7584
17:10:55  UWB실패:165
17:10:55  UWB보정:1
17:10:55  UWB보정중:0
17:10:55  UWB보정샘플:100
17:10:55  UWB보정기준:3.000
17:10:55  UWB오프셋:0.234
17:10:55  UWB위험사용:0
17:10:55  UWB전송:7579
17:10:55  위험송신:0
17:10:55  시각ms:1565353
17:10:55  IMU시각ms:1565353
17:10:55  위험:0
17:10:55  원시위험:0
17:10:55  GPS유효:1
17:10:55  위도:37.495947
17:10:55  경도:126.956116
17:10:55  속도:0.02
17:10:55  방향:290.8
17:10:55  이동방향유효:0
17:10:55  GPS이동방향:290.8
17:10:55  차체방향유효:0
17:10:55  차체방향:0.0
17:10:55  후진판정:0
17:10:55  IMU요회전속도:0.00
17:10:55  방향가속도크기:9.79
17:10:55  방향자이로크기:1.05
17:10:55  방향자세cos:0.9999
17:10:55  자기모델잔차:24.07
17:10:55  자기모델반경:0.961
17:10:55  방향채택:0
17:10:55  방향거부:168781
17:10:55  GPS원시속도:0.010
17:10:55  GPS원시방향유효:1
17:10:55  GPS원시방향:290.8
17:10:55  가속도:-0.35,0.41,9.78
17:10:55  자이로:0.0,1.0,-0.2
17:10:55  자력계:9.150,5.400,18.000
17:10:55  충격값:0.11
17:10:55  충격피크:0.14
17:10:55  마지막충격발생값:0.00
17:10:55  마지막충격발생ms:0
17:10:55  송신:14897
17:10:55  지팡이수신:10111
17:10:55  GPS위성:9
17:10:55  GPS_HDOP:1.18
17:10:55  원시위도:37.495949
17:10:55  원시경도:126.956116
17:10:55  GPS채택:1550
17:10:55  GPS이상치거부:0
17:10:55  GPS품질거부:0
17:10:55  GPS재기준:0
17:10:55  계산거리:-1.00
17:10:55  접근속도:0.00
17:10:55  TTC:999.00
17:10:55  방향오차:0.0
17:10:55  전방여부:0
17:10:55  위험음성횟수:0
17:10:55  충격음성횟수:0
17:10:55  마지막위험음성:0
17:10:55  RSSI원시:-52
17:10:55  RSSI평활:-53.9
17:10:55  RSSI샘플:10111
17:10:55  RSSI경과ms:86
17:10:55  RSSI구간:4
17:10:55  RSSI거리:1.24
17:10:55  상대보정:0
17:10:55  상대보정중:0
17:10:55  보정동쪽:0.00
17:10:55  보정북쪽:0.00
17:10:55  UWB유효:1
17:10:55  UWB원시거리:3.480
17:10:55  UWB보정거리:3.378
17:10:55  UWB접근속도:-0.526
17:10:55  UWB_RSSI:nan
17:10:55  UWB경과ms:185
17:10:55  UWB샘플:7584
17:10:55  UWB실패:165
17:10:55  UWB보정:1
17:10:55  UWB보정중:0
17:10:55  UWB보정샘플:100
17:10:55  UWB보정기준:3.000
17:10:55  UWB오프셋:0.234
17:10:55  UWB위험사용:0
17:10:55  UWB전송:7579
17:10:55  위험송신:0
17:10:55  시각ms:1565376
17:10:55  IMU시각ms:1565375
17:10:55  위험:0
17:10:55  원시위험:0
17:10:55  GPS유효:1
17:10:55  위도:37.495947
17:10:55  경도:126.956116
17:10:55  속도:0.02
17:10:55  방향:290.8
17:10:55  이동방향유효:0
17:10:55  GPS이동방향:290.8
17:10:55  차체방향유효:0
17:10:55  차체방향:0.0
17:10:55  후진판정:0
17:10:55  IMU요회전속도:0.00
17:10:55  방향가속도크기:9.75
17:10:55  방향자이로크기:0.97
17:10:55  방향자세cos:0.9999
17:10:55  자기모델잔차:26.47
17:10:55  자기모델반경:0.912
17:10:55  방향채택:0
17:10:55  방향거부:168783
17:10:55  GPS원시속도:0.010
17:10:55  GPS원시방향유효:1
17:10:55  GPS원시방향:290.8
17:10:55  가속도:-0.37,0.40,9.73
17:10:55  자이로:0.3,-0.8,-0.5
17:10:55  자력계:10.200,4.200,20.550
17:10:55  충격값:0.06
17:10:55  충격피크:0.08
17:10:55  마지막충격발생값:0.00
17:10:55  마지막충격발생ms:0
17:10:55  송신:14898
17:10:55  지팡이수신:10111
17:10:55  GPS위성:9
17:10:55  GPS_HDOP:1.18
17:10:55  원시위도:37.495949
17:10:55  원시경도:126.956116
17:10:55  GPS채택:1550
17:10:55  GPS이상치거부:0
17:10:55  GPS품질거부:0
17:10:55  GPS재기준:0
17:10:55  계산거리:-1.00
17:10:55  접근속도:0.00
17:10:55  TTC:999.00
17:10:55  방향오차:0.0
17:10:55  전방여부:0
17:10:55  위험음성횟수:0
17:10:55  충격음성횟수:0
17:10:55  마지막위험음성:0
17:10:55  RSSI원시:-52
17:10:55  RSSI평활:-53.9
17:10:55  RSSI샘플:10111
17:10:55  RSSI경과ms:109
17:10:55  RSSI구간:4
17:10:55  RSSI거리:1.24
17:10:55  상대보정:0
17:10:55  상대보정중:0
17:10:55  보정동쪽:0.00
17:10:55  보정북쪽:0.00
17:10:55  UWB유효:1
17:10:55  UWB원시거리:3.580
17:10:55  UWB보정거리:3.472
17:10:55  UWB접근속도:-0.508
17:10:55  UWB_RSSI:nan
17:10:55  UWB경과ms:9
17:10:55  UWB샘플:7585
17:10:55  UWB실패:165
17:10:55  UWB보정:1
17:10:55  UWB보정중:0
17:10:55  UWB보정샘플:100
17:10:55  UWB보정기준:3.000
17:10:55  UWB오프셋:0.234
17:10:55  UWB위험사용:0
17:10:55  UWB전송:7580
17:10:55  위험송신:0
17:10:55  시각ms:1565402
17:10:55  IMU시각ms:1565402
17:10:55  위험:0
17:10:55  원시위험:0
17:10:55  GPS유효:1
17:10:55  위도:37.495947
17:10:55  경도:126.956116
17:10:55  속도:0.02
17:10:55  방향:290.8
17:10:55  이동방향유효:0
17:10:55  GPS이동방향:290.8
17:10:55  차체방향유효:0
17:10:55  차체방향:0.0
17:10:55  후진판정:0
17:10:55  IMU요회전속도:0.00
17:10:55  방향가속도크기:9.70
17:10:55  방향자이로크기:4.92
17:10:55  방향자세cos:0.9999
17:10:55  자기모델잔차:25.38
17:10:55  자기모델반경:0.909
17:10:55  방향채택:0
17:10:55  방향거부:168786
17:10:55  GPS원시속도:0.010
17:10:55  GPS원시방향유효:1
17:10:55  GPS원시방향:290.8
17:10:55  가속도:-0.34,0.40,9.68
17:10:55  자이로:2.1,-0.2,-4.4
17:10:55  자력계:8.700,3.900,19.500
17:10:55  충격값:0.07
17:10:55  충격피크:0.12
17:10:55  마지막충격발생값:0.00
17:10:55  마지막충격발생ms:0
17:10:55  송신:14898
17:10:55  지팡이수신:10111
17:10:55  GPS위성:9
17:10:55  GPS_HDOP:1.18
17:10:55  원시위도:37.495949
17:10:55  원시경도:126.956116
17:10:55  GPS채택:1550
17:10:55  GPS이상치거부:0
17:10:55  GPS품질거부:0
17:10:55  GPS재기준:0
17:10:55  계산거리:-1.00
17:10:55  접근속도:0.00
17:10:55  TTC:999.00
17:10:55  방향오차:0.0
17:10:55  전방여부:0
17:10:55  위험음성횟수:0
17:10:55  충격음성횟수:0
17:10:55  마지막위험음성:0
17:10:55  RSSI원시:-52
17:10:55  RSSI평활:-53.9
17:10:55  RSSI샘플:10111
17:10:55  RSSI경과ms:135
17:10:55  RSSI구간:4
17:10:55  RSSI거리:1.24
17:10:55  상대보정:0
17:10:55  상대보정중:0
17:10:55  보정동쪽:0.00
17:10:55  보정북쪽:0.00
17:10:55  UWB유효:1
17:10:55  UWB원시거리:3.580
17:10:55  UWB보정거리:3.472
17:10:55  UWB접근속도:-0.508
17:10:55  UWB_RSSI:nan
17:10:55  UWB경과ms:35
17:10:55  UWB샘플:7585
17:10:55  UWB실패:165
17:10:55  UWB보정:1
17:10:55  UWB보정중:0
17:10:55  UWB보정샘플:100
17:10:55  UWB보정기준:3.000
17:10:55  UWB오프셋:0.234
17:10:55  UWB위험사용:0
17:10:55  UWB전송:7580
17:10:55  위험송신:0
17:10:55  시각ms:1565428
17:10:55  IMU시각ms:1565428
17:10:55  위험:0
17:10:55  원시위험:0
17:10:55  GPS유효:1
17:10:55  위도:37.495947
17:10:55  경도:126.956116
17:10:55  속도:0.02
17:10:55  방향:290.8
17:10:55  이동방향유효:0
17:10:55  GPS이동방향:290.8
17:10:55  차체방향유효:0
17:10:55  차체방향:0.0
17:10:55  후진판정:0
17:10:55  IMU요회전속도:0.00
17:10:55  방향가속도크기:9.61
17:10:55  방향자이로크기:2.82
17:10:55  방향자세cos:0.9999
17:10:55  자기모델잔차:24.11
17:10:55  자기모델반경:0.932
17:10:55  방향채택:0
17:10:55  방향거부:168789
17:10:55  GPS원시속도:0.010
17:10:55  GPS원시방향유효:1
17:10:55  GPS원시방향:290.8
17:10:55  가속도:-0.36,0.40,9.59
17:10:55  자이로:1.7,2.2,0.6
17:10:55  자력계:8.850,4.500,18.150
17:10:55  충격값:0.11
17:10:55  충격피크:0.19
17:10:55  마지막충격발생값:0.00
17:10:55  마지막충격발생ms:0
17:10:55  송신:14898
17:10:55  지팡이수신:10111
17:10:55  GPS위성:9
17:10:55  GPS_HDOP:1.18
17:10:55  원시위도:37.495949
17:10:55  원시경도:126.956116
17:10:55  GPS채택:1550
17:10:55  GPS이상치거부:0
17:10:55  GPS품질거부:0
17:10:55  GPS재기준:0
17:10:55  계산거리:-1.00
17:10:55  접근속도:0.00
17:10:55  TTC:999.00
17:10:55  방향오차:0.0
17:10:55  전방여부:0
17:10:55  위험음성횟수:0
17:10:55  충격음성횟수:0
17:10:55  마지막위험음성:0
17:10:55  RSSI원시:-52
17:10:55  RSSI평활:-53.9
17:10:55  RSSI샘플:10111
17:10:55  RSSI경과ms:161
17:10:55  RSSI구간:4
17:10:55  RSSI거리:1.24
17:10:55  상대보정:0
17:10:55  상대보정중:0
17:10:55  보정동쪽:0.00
17:10:55  보정북쪽:0.00
17:10:55  UWB유효:1
17:10:55  UWB원시거리:3.580
17:10:55  UWB보정거리:3.472
17:10:55  UWB접근속도:-0.508
17:10:55  UWB_RSSI:nan
17:10:55  UWB경과ms:61
17:10:55  UWB샘플:7585
17:10:55  UWB실패:165
17:10:55  UWB보정:1
17:10:55  UWB보정중:0
17:10:55  UWB보정샘플:100
17:10:55  UWB보정기준:3.000
17:10:55  UWB오프셋:0.234
17:10:55  UWB위험사용:0
17:10:55  UWB전송:7580
17:10:55  위험송신:0
17:10:55  시각ms:1565448
17:10:55  IMU시각ms:1565448
17:10:55  위험:0
17:10:55  원시위험:0
17:10:55  GPS유효:1
17:10:55  위도:37.495947
17:10:55  경도:126.956116
17:10:55  속도:0.02
17:10:55  방향:290.8
17:10:55  이동방향유효:0
17:10:55  GPS이동방향:290.8
17:10:55  차체방향유효:0
17:10:55  차체방향:0.0
17:10:55  후진판정:0
17:10:55  IMU요회전속도:0.00
17:10:55  방향가속도크기:9.72
17:10:55  방향자이로크기:1.88
17:10:55  방향자세cos:0.9997
17:10:55  자기모델잔차:25.83
17:10:55  자기모델반경:0.943
17:10:55  방향채택:0
17:10:55  방향거부:168791
17:10:55  GPS원시속도:0.010
17:10:55  GPS원시방향유효:1
17:10:55  GPS원시방향:290.8
17:10:55  가속도:-0.45,0.26,9.71
17:10:55  자이로:0.3,-1.2,-1.4
17:10:55  자력계:9.900,5.100,19.800
17:10:55  충격값:0.11
17:10:55  충격피크:0.11
17:10:55  마지막충격발생값:0.00
17:10:55  마지막충격발생ms:0
17:10:55  송신:14898
17:10:55  지팡이수신:10111
17:10:55  GPS위성:9
17:10:55  GPS_HDOP:1.18
17:10:55  원시위도:37.495949
17:10:55  원시경도:126.956116
17:10:55  GPS채택:1550
17:10:55  GPS이상치거부:0
17:10:55  GPS품질거부:0
17:10:55  GPS재기준:0
17:10:55  계산거리:-1.00
17:10:55  접근속도:0.00
17:10:55  TTC:999.00
17:10:55  방향오차:0.0
17:10:55  전방여부:0
17:10:55  위험음성횟수:0
17:10:55  충격음성횟수:0
17:10:55  마지막위험음성:0
17:10:55  RSSI원시:-52
17:10:55  RSSI평활:-53.9
17:10:55  RSSI샘플:10111
17:10:55  RSSI경과ms:181
17:10:55  RSSI구간:4
17:10:55  RSSI거리:1.24
17:10:55  상대보정:0
17:10:55  상대보정중:0
17:10:55  보정동쪽:0.00
17:10:55  보정북쪽:0.00
17:10:55  UWB유효:1
17:10:55  UWB원시거리:3.580
17:10:55  UWB보정거리:3.472
17:10:55  UWB접근속도:-0.508
17:10:55  UWB_RSSI:nan
17:10:55  UWB경과ms:81
17:10:55  UWB샘플:7585
17:10:55  UWB실패:165
17:10:55  UWB보정:1
17:10:55  UWB보정중:0
17:10:55  UWB보정샘플:100
17:10:55  UWB보정기준:3.000
17:10:55  UWB오프셋:0.234
17:10:55  UWB위험사용:0
17:10:55  UWB전송:7580
17:10:55  위험송신:0
17:10:55  시각ms:1565469
17:10:55  IMU시각ms:1565469
17:10:55  위험:0
17:10:55  원시위험:0
17:10:55  GPS유효:1
17:10:55  위도:37.495947
17:10:55  경도:126.956116
17:10:55  속도:0.02
17:10:55  방향:290.8
17:10:55  이동방향유효:0
17:10:55  GPS이동방향:290.8
17:10:55  차체방향유효:0
17:10:55  차체방향:0.0
17:10:55  후진판정:0
17:10:55  IMU요회전속도:0.00
17:10:55  방향가속도크기:9.74
17:10:55  방향자이로크기:3.20
17:10:55  방향자세cos:0.9999
17:10:55  자기모델잔차:26.03
17:10:55  자기모델반경:0.964
17:10:55  방향채택:0
17:10:55  방향거부:168793
17:10:55  GPS원시속도:0.010
17:10:55  GPS원시방향유효:1
17:10:55  GPS원시방향:290.8
17:10:55  가속도:-0.38,0.40,9.73
17:10:55  자이로:3.0,-1.0,-0.6
17:10:55  자력계:8.550,5.700,19.950
17:10:55  충격값:0.05
17:10:55  충격피크:0.06
17:10:55  마지막충격발생값:0.00
17:10:55  마지막충격발생ms:0
17:10:55  송신:14898
17:10:55  지팡이수신:10111
17:10:55  GPS위성:9
17:10:55  GPS_HDOP:1.18
17:10:55  원시위도:37.495949
17:10:55  원시경도:126.956116
17:10:55  GPS채택:1550
17:10:55  GPS이상치거부:0
17:10:55  GPS품질거부:0
17:10:55  GPS재기준:0
17:10:55  계산거리:-1.00
17:10:55  접근속도:0.00
17:10:55  TTC:999.00
17:10:55  방향오차:0.0
17:10:55  전방여부:0
17:10:55  위험음성횟수:0
17:10:55  충격음성횟수:0
17:10:55  마지막위험음성:0
17:10:55  RSSI원시:-52
17:10:55  RSSI평활:-53.9
17:10:55  RSSI샘플:10111
17:10:55  RSSI경과ms:202
17:10:55  RSSI구간:4
17:10:55  RSSI거리:1.24
17:10:55  상대보정:0
17:10:55  상대보정중:0
17:10:55  보정동쪽:0.00
17:10:55  보정북쪽:0.00
17:10:55  UWB유효:1
17:10:55  UWB원시거리:3.580
17:10:55  UWB보정거리:3.472
17:10:55  UWB접근속도:-0.508
17:10:55  UWB_RSSI:nan
17:10:55  UWB경과ms:102
17:10:55  UWB샘플:7585
17:10:55  UWB실패:165
17:10:55  UWB보정:1
17:10:55  UWB보정중:0
17:10:55  UWB보정샘플:100
17:10:55  UWB보정기준:3.000
17:10:55  UWB오프셋:0.234
17:10:55  UWB위험사용:0
17:10:55  UWB전송:7580
17:10:55  위험송신:0
17:10:55  시각ms:1565489
17:10:55  IMU시각ms:1565488
17:10:55  위험:0
17:10:55  원시위험:0
17:10:55  GPS유효:1
17:10:55  위도:37.495947
17:10:55  경도:126.956116
17:10:55  속도:0.02
17:10:55  방향:290.8
17:10:55  이동방향유효:0
17:10:55  GPS이동방향:290.8
17:10:55  차체방향유효:0
17:10:55  차체방향:0.0
17:10:55  후진판정:0
17:10:55  IMU요회전속도:0.00
17:10:55  방향가속도크기:9.75
17:10:55  방향자이로크기:3.57
17:10:55  방향자세cos:0.9999
17:10:55  자기모델잔차:24.91
17:10:55  자기모델반경:0.987
17:10:55  방향채택:0
17:10:55  방향거부:168795
17:10:55  GPS원시속도:0.010
17:10:55  GPS원시방향유효:1
17:10:55  GPS원시방향:290.8
17:10:55  가속도:-0.38,0.38,9.73
17:10:55  자이로:0.9,-1.9,2.9
17:10:55  자력계:8.700,6.300,18.750
17:10:55  충격값:0.05
17:10:55  충격피크:0.05
17:10:55  마지막충격발생값:0.00
17:10:55  마지막충격발생ms:0
17:10:55  송신:14899
17:10:55  지팡이수신:10112
17:10:55  GPS위성:9
17:10:55  GPS_HDOP:1.18
17:10:55  원시위도:37.495949
17:10:55  원시경도:126.956116
17:10:55  GPS채택:1550
17:10:55  GPS이상치거부:0
17:10:55  GPS품질거부:0
17:10:55  GPS재기준:0
17:10:55  계산거리:-1.00
17:10:55  접근속도:0.00
17:10:55  TTC:999.00
17:10:55  방향오차:0.0
17:10:55  전방여부:0
17:10:55  위험음성횟수:0
17:10:55  충격음성횟수:0
17:10:55  마지막위험음성:0
17:10:55  RSSI원시:-54
17:10:55  RSSI평활:-54.0
17:10:55  RSSI샘플:10112
17:10:55  RSSI경과ms:7
17:10:55  RSSI구간:4
17:10:55  RSSI거리:1.24
17:10:55  상대보정:0
17:10:55  상대보정중:0
17:10:55  보정동쪽:0.00
17:10:55  보정북쪽:0.00
17:10:55  UWB유효:1
17:10:55  UWB원시거리:3.580
17:10:55  UWB보정거리:3.472
17:10:55  UWB접근속도:-0.508
17:10:55  UWB_RSSI:nan
17:10:55  UWB경과ms:122
17:10:55  UWB샘플:7585
17:10:55  UWB실패:165
17:10:55  UWB보정:1
17:10:55  UWB보정중:0
17:10:55  UWB보정샘플:100
17:10:55  UWB보정기준:3.000
17:10:55  UWB오프셋:0.234
17:10:55  UWB위험사용:0
17:10:55  UWB전송:7580
17:10:55  위험송신:0
17:10:55  시각ms:1565515
17:10:55  IMU시각ms:1565515
17:10:55  위험:0
17:10:55  원시위험:0
17:10:55  GPS유효:1
17:10:55  위도:37.495947
17:10:55  경도:126.956116
17:10:55  속도:0.02
17:10:55  방향:290.8
17:10:55  이동방향유효:0
17:10:55  GPS이동방향:290.8
17:10:55  차체방향유효:0
17:10:55  차체방향:0.0
17:10:55  후진판정:0
17:10:55  IMU요회전속도:0.00
17:10:55  방향가속도크기:9.73
17:10:55  방향자이로크기:1.87
17:10:55  방향자세cos:0.9996
17:10:55  자기모델잔차:25.01
17:10:55  자기모델반경:0.938
17:10:55  방향채택:0
17:10:55  방향거부:168798
17:10:55  GPS원시속도:0.010
17:10:55  GPS원시방향유효:1
17:10:55  GPS원시방향:290.8
17:10:55  가속도:-0.33,0.22,9.73
17:10:55  자이로:1.7,-0.4,0.8
17:10:55  자력계:7.500,4.650,19.050
17:10:55  충격값:0.17
17:10:55  충격피크:0.17
17:10:55  마지막충격발생값:0.00
17:10:55  마지막충격발생ms:0
17:10:55  송신:14899
17:10:55  지팡이수신:10112
17:10:55  GPS위성:9
17:10:55  GPS_HDOP:1.18
17:10:55  원시위도:37.495949
17:10:55  원시경도:126.956116
17:10:55  GPS채택:1550
17:10:55  GPS이상치거부:0
17:10:55  GPS품질거부:0
17:10:55  GPS재기준:0
17:10:55  계산거리:-1.00
17:10:55  접근속도:0.00
17:10:55  TTC:999.00
17:10:55  방향오차:0.0
17:10:55  전방여부:0
17:10:55  위험음성횟수:0
17:10:55  충격음성횟수:0
17:10:55  마지막위험음성:0
17:10:55  RSSI원시:-54
17:10:55  RSSI평활:-54.0
17:10:55  RSSI샘플:10112
17:10:55  RSSI경과ms:33
17:10:55  RSSI구간:4
17:10:55  RSSI거리:1.24
17:10:55  상대보정:0
17:10:55  상대보정중:0
17:10:55  보정동쪽:0.00
17:10:55  보정북쪽:0.00
17:10:55  UWB유효:1
17:10:55  UWB원시거리:3.580
17:10:55  UWB보정거리:3.472
17:10:55  UWB접근속도:-0.508
17:10:55  UWB_RSSI:nan
17:10:55  UWB경과ms:148
17:10:55  UWB샘플:7585
17:10:55  UWB실패:165
17:10:55  UWB보정:1
17:10:55  UWB보정중:0
17:10:55  UWB보정샘플:100
17:10:55  UWB보정기준:3.000
17:10:55  UWB오프셋:0.234
17:10:55  UWB위험사용:0
17:10:55  UWB전송:7580
17:10:55  위험송신:0
17:10:55  시각ms:1565677
17:10:55  IMU시각ms:1565677
17:10:55  위험:0
17:10:55  원시위험:0
17:10:55  GPS유효:1
17:10:55  위도:37.495947
17:10:55  경도:126.956116
17:10:55  속도:0.02
17:10:55  방향:290.8
17:10:55  이동방향유효:0
17:10:55  GPS이동방향:290.8
17:10:55  차체방향유효:0
17:10:55  차체방향:0.0
17:10:55  후진판정:0
17:10:55  IMU요회전속도:0.00
17:10:55  방향가속도크기:9.63
17:10:55  방향자이로크기:2.51
17:10:55  방향자세cos:0.9998
17:10:55  자기모델잔차:25.69
17:10:55  자기모델반경:0.949
17:10:55  방향채택:0
17:10:55  방향거부:168814
17:10:55  GPS원시속도:0.010
17:10:55  GPS원시방향유효:1
17:10:55  GPS원시방향:290.8
17:10:55  가속도:-0.44,0.27,9.62
17:10:55  자이로:1.6,-0.7,1.8
17:10:55  자력계:9.300,5.250,19.650
17:10:55  충격값:0.11
17:10:55  충격피크:0.11
17:10:55  마지막충격발생값:0.00
17:10:55  마지막충격발생ms:0
17:10:55  송신:14900
17:10:55  지팡이수신:10113
17:10:55  GPS위성:9
17:10:55  GPS_HDOP:1.18
17:10:55  원시위도:37.495949
17:10:55  원시경도:126.956116
17:10:55  GPS채택:1550
17:10:55  GPS이상치거부:0
17:10:55  GPS품질거부:0
17:10:55  GPS재기준:0
17:10:55  계산거리:-1.00
17:10:55  접근속도:0.00
17:10:55  TTC:999.00
17:10:55  방향오차:0.0
17:10:55  전방여부:0
17:10:55  위험음성횟수:0
17:10:55  충격음성횟수:0
17:10:55  마지막위험음성:0
17:10:55  RSSI원시:-58
17:10:55  RSSI평활:-54.8
17:10:55  RSSI샘플:10113
17:10:55  RSSI경과ms:106
17:10:55  RSSI구간:4
17:10:55  RSSI거리:1.34
17:10:55  상대보정:0
17:10:55  상대보정중:0
17:10:55  보정동쪽:0.00
17:10:55  보정북쪽:0.00
17:10:55  UWB유효:1
17:10:55  UWB원시거리:3.720
17:10:55  UWB보정거리:3.556
17:10:55  UWB접근속도:-0.486
17:10:55  UWB_RSSI:nan
17:10:55  UWB경과ms:114
17:10:55  UWB샘플:7586
17:10:55  UWB실패:165
17:10:55  UWB보정:1
17:10:55  UWB보정중:0
17:10:55  UWB보정샘플:100
17:10:55  UWB보정기준:3.000
17:10:55  UWB오프셋:0.234
17:10:55  UWB위험사용:0
17:10:55  UWB전송:7581
17:10:55  위험송신:0
17:10:55  시각ms:1565697
17:10:55  IMU시각ms:1565697
17:10:55  위험:0
17:10:55  원시위험:0
17:10:55  GPS유효:1
17:10:55  위도:37.495947
17:10:55  경도:126.956116
17:10:55  속도:0.02
17:10:55  방향:290.8
17:10:55  이동방향유효:0
17:10:55  GPS이동방향:290.8
17:10:55  차체방향유효:0
17:10:55  차체방향:0.0
17:10:55  후진판정:0
17:10:55  IMU요회전속도:0.00
17:10:55  방향가속도크기:9.62
17:10:55  방향자이로크기:4.58
17:10:55  방향자세cos:0.9998
17:10:55  자기모델잔차:26.65
17:10:55  자기모델반경:0.921
17:10:55  방향채택:0
17:10:55  방향거부:168816
17:10:55  GPS원시속도:0.010
17:10:55  GPS원시방향유효:1
17:10:55  GPS원시방향:290.8
17:10:55  가속도:-0.58,0.34,9.60
17:10:55  자이로:3.1,-3.0,-1.4
17:10:55  자력계:9.600,4.500,20.700
17:10:55  충격값:0.18
17:10:55  충격피크:0.18
17:10:55  마지막충격발생값:0.00
17:10:55  마지막충격발생ms:0
17:10:55  송신:14901
17:10:55  지팡이수신:10113
17:10:55  GPS위성:9
17:10:55  GPS_HDOP:1.18
17:10:55  원시위도:37.495949
17:10:55  원시경도:126.956116
17:10:55  GPS채택:1550
17:10:55  GPS이상치거부:0
17:10:55  GPS품질거부:0
17:10:55  GPS재기준:0
17:10:55  계산거리:-1.00
17:10:55  접근속도:0.00
17:10:55  TTC:999.00
17:10:55  방향오차:0.0
17:10:55  전방여부:0
17:10:55  위험음성횟수:0
17:10:55  충격음성횟수:0
17:10:55  마지막위험음성:0
17:10:55  RSSI원시:-58
17:10:55  RSSI평활:-54.8
17:10:55  RSSI샘플:10113
17:10:55  RSSI경과ms:126
17:10:55  RSSI구간:4
17:10:55  RSSI거리:1.34
17:10:55  상대보정:0
17:10:55  상대보정중:0
17:10:55  보정동쪽:0.00
17:10:55  보정북쪽:0.00
17:10:55  UWB유효:1
17:10:55  UWB원시거리:3.720
17:10:55  UWB보정거리:3.556
17:10:55  UWB접근속도:-0.486
17:10:55  UWB_RSSI:nan
17:10:55  UWB경과ms:134
17:10:55  UWB샘플:7586
17:10:55  UWB실패:165
17:10:55  UWB보정:1
17:10:55  UWB보정중:0
17:10:55  UWB보정샘플:100
17:10:55  UWB보정기준:3.000
17:10:55  UWB오프셋:0.234
17:10:55  UWB위험사용:0
17:10:55  UWB전송:7581
17:10:55  위험송신:0
17:10:55  시각ms:1565724
17:10:55  IMU시각ms:1565723
17:10:55  위험:0
17:10:55  원시위험:0
17:10:55  GPS유효:1
17:10:55  위도:37.495948
17:10:55  경도:126.956116
17:10:55  속도:0.02
17:10:55  방향:290.8
17:10:55  이동방향유효:0
17:10:55  GPS이동방향:290.8
17:10:55  차체방향유효:0
17:10:55  차체방향:0.0
17:10:55  후진판정:0
17:10:55  IMU요회전속도:0.00
17:10:55  방향가속도크기:9.62
17:10:55  방향자이로크기:3.53
17:10:55  방향자세cos:0.9999
17:10:55  자기모델잔차:27.92
17:10:55  자기모델반경:0.945
17:10:55  방향채택:0
17:10:55  방향거부:168819
17:10:55  GPS원시속도:0.026
17:10:55  GPS원시방향유효:1
17:10:55  GPS원시방향:290.8
17:10:55  가속도:-0.37,0.36,9.61
17:10:55  자이로:2.3,-2.3,1.3
17:10:55  자력계:8.100,5.250,21.900
17:10:55  충격값:0.08
17:10:55  충격피크:0.15
17:10:55  마지막충격발생값:0.00
17:10:55  마지막충격발생ms:0
17:10:55  송신:14901
17:10:55  지팡이수신:10114
17:10:55  GPS위성:9
17:10:55  GPS_HDOP:1.28
17:10:55  원시위도:37.495949
17:10:55  원시경도:126.956116
17:10:55  GPS채택:1551
17:10:55  GPS이상치거부:0
17:10:55  GPS품질거부:0
17:10:55  GPS재기준:0
17:10:55  계산거리:-1.00
17:10:55  접근속도:0.00
17:10:55  TTC:999.00
17:10:55  방향오차:0.0
17:10:55  전방여부:0
17:10:55  위험음성횟수:0
17:10:55  충격음성횟수:0
17:10:55  마지막위험음성:0
17:10:55  RSSI원시:-68
17:10:55  RSSI평활:-57.4
17:10:55  RSSI샘플:10114
17:10:55  RSSI경과ms:5
17:10:55  RSSI구간:4
17:10:55  RSSI거리:1.72
17:10:55  상대보정:0
17:10:55  상대보정중:0
17:10:55  보정동쪽:0.00
17:10:55  보정북쪽:0.00
17:10:55  UWB유효:1
17:10:55  UWB원시거리:3.720
17:10:55  UWB보정거리:3.556
17:10:55  UWB접근속도:-0.486
17:10:55  UWB_RSSI:nan
17:10:55  UWB경과ms:161
17:10:55  UWB샘플:7586
17:10:55  UWB실패:165
17:10:55  UWB보정:1
17:10:55  UWB보정중:0
17:10:55  UWB보정샘플:100
17:10:55  UWB보정기준:3.000
17:10:55  UWB오프셋:0.234
17:10:55  UWB위험사용:0
17:10:55  UWB전송:7581
17:10:55  위험송신:0
17:10:55  시각ms:1565751
17:10:55  IMU시각ms:1565751
17:10:55  위험:0
17:10:55  원시위험:0
17:10:55  GPS유효:1
17:10:55  위도:37.495948
17:10:55  경도:126.956116
17:10:55  속도:0.02
17:10:55  방향:290.8
17:10:55  이동방향유효:0
17:10:55  GPS이동방향:290.8
17:10:55  차체방향유효:0
17:10:55  차체방향:0.0
17:10:55  후진판정:0
17:10:55  IMU요회전속도:0.00
17:10:55  방향가속도크기:9.77
17:10:55  방향자이로크기:3.61
17:10:55  방향자세cos:1.0000
17:10:55  자기모델잔차:25.82
17:10:55  자기모델반경:0.944
17:10:55  방향채택:0
17:10:55  방향거부:168822
17:10:55  GPS원시속도:0.026
17:10:55  GPS원시방향유효:1
17:10:55  GPS원시방향:290.8
17:10:55  가속도:-0.38,0.41,9.75
17:10:55  자이로:3.4,-0.9,0.7
17:10:55  자력계:9.450,5.100,19.800
17:10:55  충격값:0.09
17:10:55  충격피크:0.13
17:10:55  마지막충격발생값:0.00
17:10:55  마지막충격발생ms:0
17:10:55  송신:14901
17:10:55  지팡이수신:10114
17:10:55  GPS위성:9
17:10:55  GPS_HDOP:1.28
17:10:55  원시위도:37.495949
17:10:55  원시경도:126.956116
17:10:55  GPS채택:1551
17:10:55  GPS이상치거부:0
17:10:55  GPS품질거부:0
17:10:55  GPS재기준:0
17:10:55  계산거리:-1.00
17:10:55  접근속도:0.00
17:10:55  TTC:999.00
17:10:55  방향오차:0.0
17:10:55  전방여부:0
17:10:55  위험음성횟수:0
17:10:55  충격음성횟수:0
17:10:55  마지막위험음성:0
17:10:55  RSSI원시:-68
17:10:55  RSSI평활:-57.4
17:10:55  RSSI샘플:10114
17:10:55  RSSI경과ms:32
17:10:55  RSSI구간:4
17:10:55  RSSI거리:1.72
17:10:55  상대보정:0
17:10:55  상대보정중:0
17:10:55  보정동쪽:0.00
17:10:55  보정북쪽:0.00
17:10:55  UWB유효:1
17:10:55  UWB원시거리:3.720
17:10:55  UWB보정거리:3.556
17:10:55  UWB접근속도:-0.486
17:10:55  UWB_RSSI:nan
17:10:55  UWB경과ms:188
17:10:55  UWB샘플:7586
17:10:55  UWB실패:165
17:10:55  UWB보정:1
17:10:55  UWB보정중:0
17:10:55  UWB보정샘플:100
17:10:55  UWB보정기준:3.000
17:10:55  UWB오프셋:0.234
17:10:55  UWB위험사용:0
17:10:55  UWB전송:7581
17:10:55  위험송신:0
17:10:55  시각ms:1565774
17:10:55  IMU시각ms:1565774
17:10:55  위험:0
17:10:55  원시위험:0
17:10:55  GPS유효:1
17:10:55  위도:37.495948
17:10:55  경도:126.956116
17:10:55  속도:0.02
17:10:55  방향:290.8
17:10:55  이동방향유효:0
17:10:55  GPS이동방향:290.8
17:10:55  차체방향유효:0
17:10:55  차체방향:0.0
17:10:55  후진판정:0
17:10:55  IMU요회전속도:0.00
17:10:55  방향가속도크기:9.67
17:10:55  방향자이로크기:1.83
17:10:55  방향자세cos:0.9998
17:10:55  자기모델잔차:24.67
17:10:55  자기모델반경:0.920
17:10:55  방향채택:0
17:10:55  방향거부:168824
17:10:55  GPS원시속도:0.026
17:10:55  GPS원시방향유효:1
17:10:55  GPS원시방향:290.8
17:10:55  가속도:-0.36,0.29,9.66
17:10:55  자이로:1.5,-1.1,0.2
17:10:55  자력계:9.150,4.200,18.750
17:10:55  충격값:0.09
17:10:55  충격피크:0.09
17:10:55  마지막충격발생값:0.00
17:10:55  마지막충격발생ms:0
17:10:55  송신:14901
17:10:55  지팡이수신:10114
17:10:55  GPS위성:9
17:10:55  GPS_HDOP:1.28
17:10:55  원시위도:37.495949
17:10:55  원시경도:126.956116
17:10:55  GPS채택:1551
17:10:55  GPS이상치거부:0
17:10:55  GPS품질거부:0
17:10:55  GPS재기준:0
17:10:55  계산거리:-1.00
17:10:55  접근속도:0.00
17:10:55  TTC:999.00
17:10:55  방향오차:0.0
17:10:55  전방여부:0
17:10:55  위험음성횟수:0
17:10:55  충격음성횟수:0
17:10:55  마지막위험음성:0
17:10:55  RSSI원시:-68
17:10:55  RSSI평활:-57.4
17:10:55  RSSI샘플:10114
17:10:55  RSSI경과ms:55
17:10:55  RSSI구간:4
17:10:55  RSSI거리:1.72
17:10:55  상대보정:0
17:10:55  상대보정중:0
17:10:55  보정동쪽:0.00
17:10:55  보정북쪽:0.00
17:10:55  UWB유효:1
17:10:55  UWB원시거리:3.740
17:10:55  UWB보정거리:3.647
17:10:55  UWB접근속도:-0.474
17:10:55  UWB_RSSI:nan
17:10:55  UWB경과ms:9
17:10:55  UWB샘플:7587
17:10:55  UWB실패:165
17:10:55  UWB보정:1
17:10:55  UWB보정중:0
17:10:55  UWB보정샘플:100
17:10:55  UWB보정기준:3.000
17:10:55  UWB오프셋:0.234
17:10:55  UWB위험사용:0
17:10:55  UWB전송:7582
17:10:55  위험송신:0
17:10:55  시각ms:1565803
17:10:55  IMU시각ms:1565803
17:10:55  위험:0
17:10:55  원시위험:0
17:10:55  GPS유효:1
17:10:55  위도:37.495948
17:10:55  경도:126.956116
17:10:55  속도:0.02
17:10:55  방향:290.8
17:10:55  이동방향유효:0
17:10:55  GPS이동방향:290.8
17:10:55  차체방향유효:0
17:10:55  차체방향:0.0
17:10:55  후진판정:0
17:10:55  IMU요회전속도:0.00
17:10:55  방향가속도크기:9.74
17:10:55  방향자이로크기:1.88
17:10:55  방향자세cos:1.0000
17:10:55  자기모델잔차:25.85
17:10:55  자기모델반경:0.955
17:10:55  방향채택:0
17:10:55  방향거부:168827
17:10:55  GPS원시속도:0.026
17:10:55  GPS원시방향유효:1
17:10:55  GPS원시방향:290.8
17:10:55  가속도:-0.45,0.41,9.72
17:10:55  자이로:1.2,0.1,-1.4
17:10:55  자력계:8.700,5.400,19.800
17:10:55  충격값:0.07
17:10:55  충격피크:0.08
17:10:55  마지막충격발생값:0.00
17:10:55  마지막충격발생ms:0
17:10:55  송신:14902
17:10:55  지팡이수신:10114
17:10:55  GPS위성:9
17:10:55  GPS_HDOP:1.28
17:10:55  원시위도:37.495949
17:10:55  원시경도:126.956116
17:10:55  GPS채택:1551
17:10:55  GPS이상치거부:0
17:10:55  GPS품질거부:0
17:10:55  GPS재기준:0
17:10:55  계산거리:-1.00
17:10:55  접근속도:0.00
17:10:55  TTC:999.00
17:10:55  방향오차:0.0
17:10:55  전방여부:0
17:10:55  위험음성횟수:0
17:10:55  충격음성횟수:0
17:10:55  마지막위험음성:0
17:10:55  RSSI원시:-68
17:10:55  RSSI평활:-57.4
17:10:55  RSSI샘플:10114
17:10:55  RSSI경과ms:84
17:10:55  RSSI구간:4
17:10:55  RSSI거리:1.72
17:10:55  상대보정:0
17:10:55  상대보정중:0
17:10:55  보정동쪽:0.00
17:10:55  보정북쪽:0.00
17:10:55  UWB유효:1
17:10:55  UWB원시거리:3.740
17:10:55  UWB보정거리:3.647
17:10:55  UWB접근속도:-0.474
17:10:55  UWB_RSSI:nan
17:10:55  UWB경과ms:38
17:10:55  UWB샘플:7587
17:10:55  UWB실패:165
17:10:55  UWB보정:1
17:10:55  UWB보정중:0
17:10:55  UWB보정샘플:100
17:10:55  UWB보정기준:3.000
17:10:55  UWB오프셋:0.234
17:10:55  UWB위험사용:0
17:10:55  UWB전송:7582
17:10:55  위험송신:0
17:10:55  시각ms:1565854
17:10:55  IMU시각ms:1565854
17:10:55  위험:0
17:10:55  원시위험:0
17:10:55  GPS유효:1
17:10:55  위도:37.495948
17:10:55  경도:126.956116
17:10:55  속도:0.02
17:10:55  방향:290.8
17:10:55  이동방향유효:0
17:10:55  GPS이동방향:290.8
17:10:55  차체방향유효:0
17:10:55  차체방향:0.0
17:10:55  후진판정:0
17:10:55  IMU요회전속도:0.00
17:10:55  방향가속도크기:9.68
17:10:55  방향자이로크기:2.98
17:10:55  방향자세cos:0.9998
17:10:55  자기모델잔차:26.38
17:10:55  자기모델반경:0.932
17:10:55  방향채택:0
17:10:55  방향거부:168833
17:10:55  GPS원시속도:0.026
17:10:55  GPS원시방향유효:1
17:10:55  GPS원시방향:290.8
17:10:55  가속도:-0.42,0.28,9.67
17:10:55  자이로:2.6,1.4,-0.2
17:10:55  자력계:9.600,4.800,20.400
17:10:55  충격값:0.08
17:10:55  충격피크:0.10
17:10:55  마지막충격발생값:0.00
17:10:55  마지막충격발생ms:0
17:10:55  송신:14902
17:10:55  지팡이수신:10114
17:10:55  GPS위성:9
17:10:55  GPS_HDOP:1.28
17:10:55  원시위도:37.495949
17:10:55  원시경도:126.956116
17:10:55  GPS채택:1551
17:10:55  GPS이상치거부:0
17:10:55  GPS품질거부:0
17:10:55  GPS재기준:0
17:10:55  계산거리:-1.00
17:10:55  접근속도:0.00
17:10:55  TTC:999.00
17:10:55  방향오차:0.0
17:10:55  전방여부:0
17:10:55  위험음성횟수:0
17:10:55  충격음성횟수:0
17:10:55  마지막위험음성:0
17:10:55  RSSI원시:-68
17:10:55  RSSI평활:-57.4
17:10:55  RSSI샘플:10114
17:10:55  RSSI경과ms:135
17:10:55  RSSI구간:4
17:10:55  RSSI거리:1.72
17:10:55  상대보정:0
17:10:55  상대보정중:0
17:10:55  보정동쪽:0.00
17:10:55  보정북쪽:0.00
17:10:55  UWB유효:1
17:10:55  UWB원시거리:3.740
17:10:55  UWB보정거리:3.647
17:10:55  UWB접근속도:-0.474
17:10:55  UWB_RSSI:nan
17:10:55  UWB경과ms:89
17:10:55  UWB샘플:7587
17:10:55  UWB실패:165
17:10:55  UWB보정:1
17:10:55  UWB보정중:0
17:10:55  UWB보정샘플:100
17:10:55  UWB보정기준:3.000
17:10:55  UWB오프셋:0.234
17:10:55  UWB위험사용:0
17:10:55  UWB전송:7582
17:10:55  위험송신:0
17:10:55  시각ms:1565881
17:10:55  IMU시각ms:1565881
17:10:55  위험:0
17:10:55  원시위험:0
17:10:55  GPS유효:1
17:10:55  위도:37.495948
17:10:55  경도:126.956116
17:10:55  속도:0.02
17:10:55  방향:290.8
17:10:55  이동방향유효:0
17:10:55  GPS이동방향:290.8
17:10:55  차체방향유효:0
17:10:55  차체방향:0.0
17:10:55  후진판정:0
17:10:55  IMU요회전속도:0.00
17:10:55  방향가속도크기:9.73
17:10:55  방향자이로크기:2.56
17:10:55  방향자세cos:0.9996
17:10:55  자기모델잔차:24.85
17:10:55  자기모델반경:0.931
17:10:55  방향채택:0
17:10:55  방향거부:168836
17:10:55  GPS원시속도:0.026
17:10:55  GPS원시방향유효:1
17:10:55  GPS원시방향:290.8
17:10:55  가속도:-0.36,0.23,9.72
17:10:55  자이로:-1.0,-0.3,-2.4
17:10:55  자력계:8.550,4.500,18.900
17:10:55  충격값:0.13
17:10:55  충격피크:0.13
17:10:55  마지막충격발생값:0.00
17:10:55  마지막충격발생ms:0
17:10:55  송신:14902
17:10:55  지팡이수신:10114
17:10:55  GPS위성:9
17:10:55  GPS_HDOP:1.28
17:10:55  원시위도:37.495949
17:10:55  원시경도:126.956116
17:10:55  GPS채택:1551
17:10:55  GPS이상치거부:0
17:10:55  GPS품질거부:0
17:10:55  GPS재기준:0
17:10:55  계산거리:-1.00
17:10:55  접근속도:0.00
17:10:55  TTC:999.00
17:10:55  방향오차:0.0
17:10:55  전방여부:0
17:10:55  위험음성횟수:0
17:10:55  충격음성횟수:0
17:10:55  마지막위험음성:0
17:10:55  RSSI원시:-68
17:10:55  RSSI평활:-57.4
17:10:55  RSSI샘플:10114
17:10:55  RSSI경과ms:162
17:10:55  RSSI구간:4
17:10:55  RSSI거리:1.72
17:10:55  상대보정:0
17:10:55  상대보정중:0
17:10:55  보정동쪽:0.00
17:10:55  보정북쪽:0.00
17:10:55  UWB유효:1
17:10:55  UWB원시거리:3.740
17:10:55  UWB보정거리:3.647
17:10:55  UWB접근속도:-0.474
17:10:55  UWB_RSSI:nan
17:10:55  UWB경과ms:116
17:10:55  UWB샘플:7587
17:10:55  UWB실패:165
17:10:55  UWB보정:1
17:10:55  UWB보정중:0
17:10:55  UWB보정샘플:100
17:10:55  UWB보정기준:3.000
17:10:55  UWB오프셋:0.234
17:10:55  UWB위험사용:0
17:10:55  UWB전송:7582
17:10:55  위험송신:0
17:10:55  시각ms:1565921
17:10:55  IMU시각ms:1565921
17:10:55  위험:0
17:10:55  원시위험:0
17:10:55  GPS유효:1
17:10:55  위도:37.495948
17:10:55  경도:126.956116
17:10:55  속도:0.02
17:10:55  방향:290.8
17:10:55  이동방향유효:0
17:10:55  GPS이동방향:290.8
17:10:55  차체방향유효:0
17:10:55  차체방향:0.0
17:10:55  후진판정:0
17:10:55  IMU요회전속도:0.00
17:10:55  방향가속도크기:9.71
17:10:55  방향자이로크기:3.16
17:10:55  방향자세cos:0.9998
17:10:55  자기모델잔차:26.08
17:10:55  자기모델반경:0.889
17:10:55  방향채택:0
17:10:55  방향거부:168839
17:10:55  GPS원시속도:0.026
17:10:55  GPS원시방향유효:1
17:10:55  GPS원시방향:290.8
17:10:55  가속도:-0.27,0.42,9.70
17:10:55  자이로:0.5,1.7,-2.6
17:10:55  자력계:10.200,3.450,20.250
17:10:55  충격값:0.16
17:10:55  충격피크:0.16
17:10:55  마지막충격발생값:0.00
17:10:55  마지막충격발생ms:0
17:10:55  송신:14903
17:10:55  지팡이수신:10116
17:10:55  GPS위성:9
17:10:55  GPS_HDOP:1.28
17:10:55  원시위도:37.495949
17:10:55  원시경도:126.956116
17:10:55  GPS채택:1551
17:10:55  GPS이상치거부:0
17:10:55  GPS품질거부:0
17:10:55  GPS재기준:0
17:10:55  계산거리:-1.00
17:10:55  접근속도:0.00
17:10:55  TTC:999.00
17:10:55  방향오차:0.0
17:10:55  전방여부:0
17:10:55  위험음성횟수:0
17:10:55  충격음성횟수:0
17:10:55  마지막위험음성:0
17:10:55  RSSI원시:-66
17:10:55  RSSI평활:-60.7
17:10:55  RSSI샘플:10116
17:10:55  RSSI경과ms:22
17:10:55  RSSI구간:4
17:10:55  RSSI거리:2.35
17:10:55  상대보정:0
17:10:55  상대보정중:0
17:10:55  보정동쪽:0.00
17:10:55  보정북쪽:0.00
17:10:55  UWB유효:1
17:10:55  UWB원시거리:3.740
17:10:55  UWB보정거리:3.647
17:10:55  UWB접근속도:-0.474
17:10:55  UWB_RSSI:nan
17:10:55  UWB경과ms:156
17:10:55  UWB샘플:7587
17:10:55  UWB실패:165
17:10:55  UWB보정:1
17:10:55  UWB보정중:0
17:10:55  UWB보정샘플:100
17:10:55  UWB보정기준:3.000
17:10:55  UWB오프셋:0.234
17:10:55  UWB위험사용:0
17:10:55  UWB전송:7582
17:10:55  위험송신:0
17:10:55  시각ms:1565948
17:10:55  IMU시각ms:1565947
17:10:55  위험:0
17:10:55  원시위험:0
17:10:55  GPS유효:1
17:10:55  위도:37.495948
17:10:55  경도:126.956116
17:10:55  속도:0.02
17:10:55  방향:290.8
17:10:55  이동방향유효:0
17:10:55  GPS이동방향:290.8
17:10:55  차체방향유효:0
17:10:55  차체방향:0.0
17:10:55  후진판정:0
17:10:55  IMU요회전속도:0.00
17:10:55  방향가속도크기:9.74
17:10:55  방향자이로크기:2.08
17:10:55  방향자세cos:0.9996
17:10:55  자기모델잔차:25.75
17:10:55  자기모델반경:0.890
17:10:55  방향채택:0
17:10:55  방향거부:168842
17:10:55  GPS원시속도:0.026
17:10:55  GPS원시방향유효:1
17:10:55  GPS원시방향:290.8
17:10:55  가속도:-0.51,0.23,9.72
17:10:55  자이로:0.9,-1.9,-0.2
17:10:55  자력계:8.100,3.300,19.950
17:10:55  충격값:0.16
17:10:55  충격피크:0.20
17:10:55  마지막충격발생값:0.00
17:10:55  마지막충격발생ms:0
17:10:55  송신:14903
17:10:55  지팡이수신:10116
17:10:55  GPS위성:9
17:10:55  GPS_HDOP:1.28
17:10:55  원시위도:37.495949
17:10:55  원시경도:126.956116
17:10:55  GPS채택:1551
17:10:55  GPS이상치거부:0
17:10:55  GPS품질거부:0
17:10:55  GPS재기준:0
17:10:55  계산거리:-1.00
17:10:55  접근속도:0.00
17:10:55  TTC:999.00
17:10:55  방향오차:0.0
17:10:55  전방여부:0
17:10:55  위험음성횟수:0
17:10:55  충격음성횟수:0
17:10:55  마지막위험음성:0
17:10:55  RSSI원시:-66
17:10:55  RSSI평활:-60.7
17:10:55  RSSI샘플:10116
17:10:55  RSSI경과ms:49
17:10:55  RSSI구간:4
17:10:55  RSSI거리:2.35
17:10:55  상대보정:0
17:10:55  상대보정중:0
17:10:55  보정동쪽:0.00
17:10:55  보정북쪽:0.00
17:10:55  UWB유효:1
17:10:55  UWB원시거리:3.740
17:10:55  UWB보정거리:3.647
17:10:55  UWB접근속도:-0.474
17:10:55  UWB_RSSI:nan
17:10:55  UWB경과ms:183
17:10:55  UWB샘플:7587
17:10:55  UWB실패:165
17:10:55  UWB보정:1
17:10:55  UWB보정중:0
17:10:55  UWB보정샘플:100
17:10:55  UWB보정기준:3.000
17:10:55  UWB오프셋:0.234
17:10:55  UWB위험사용:0
17:10:55  UWB전송:7582
17:10:55  위험송신:0
17:10:55  시각ms:1565971
17:10:55  IMU시각ms:1565971
17:10:55  위험:0
17:10:55  원시위험:0
17:10:55  GPS유효:1
17:10:55  위도:37.495948
17:10:55  경도:126.956116
17:10:55  속도:0.02
17:10:55  방향:290.8
17:10:55  이동방향유효:0
17:10:55  GPS이동방향:290.8
17:10:55  차체방향유효:0
17:10:55  차체방향:0.0
17:10:55  후진판정:0
17:10:55  IMU요회전속도:0.00
17:10:55  방향가속도크기:9.71
17:10:55  방향자이로크기:3.85
17:10:55  방향자세cos:1.0000
17:10:55  자기모델잔차:25.85
17:10:55  자기모델반경:0.909
17:10:55  방향채택:0
17:10:55  방향거부:168844
17:10:55  GPS원시속도:0.026
17:10:55  GPS원시방향유효:1
17:10:55  GPS원시방향:290.8
17:10:55  가속도:-0.36,0.45,9.69
17:10:55  자이로:3.0,-2.4,0.2
17:10:55  자력계:10.050,4.050,19.950
17:10:55  충격값:0.12
17:10:55  충격피크:0.13
17:10:55  마지막충격발생값:0.00
17:10:55  마지막충격발생ms:0
17:10:55  송신:14903
17:10:55  지팡이수신:10116
17:10:55  GPS위성:9
17:10:55  GPS_HDOP:1.28
17:10:55  원시위도:37.495949
17:10:55  원시경도:126.956116
17:10:55  GPS채택:1551
17:10:55  GPS이상치거부:0
17:10:55  GPS품질거부:0
17:10:55  GPS재기준:0
17:10:55  계산거리:-1.00
17:10:55  접근속도:0.00
17:10:55  TTC:999.00
17:10:55  방향오차:0.0
17:10:55  전방여부:0
17:10:55  위험음성횟수:0
17:10:55  충격음성횟수:0
17:10:55  마지막위험음성:0
17:10:55  RSSI원시:-66
17:10:55  RSSI평활:-60.7
17:10:55  RSSI샘플:10116
17:10:55  RSSI경과ms:72
17:10:55  RSSI구간:4
17:10:55  RSSI거리:2.35
17:10:55  상대보정:0
17:10:55  상대보정중:0
17:10:55  보정동쪽:0.00
17:10:55  보정북쪽:0.00
17:10:55  UWB유효:1
17:10:55  UWB원시거리:3.780
17:10:55  UWB보정거리:3.754
17:10:55  UWB접근속도:-0.496
17:10:55  UWB_RSSI:nan
17:10:55  UWB경과ms:9
17:10:55  UWB샘플:7588
17:10:55  UWB실패:165
17:10:55  UWB보정:1
17:10:55  UWB보정중:0
17:10:55  UWB보정샘플:100
17:10:55  UWB보정기준:3.000
17:10:55  UWB오프셋:0.234
17:10:55  UWB위험사용:0
17:10:55  UWB전송:7583
17:10:55  위험송신:0
17:10:55  시각ms:1565997
17:10:55  IMU시각ms:1565996
17:10:55  위험:0
17:10:55  원시위험:0
17:10:55  GPS유효:1
17:10:55  위도:37.495948
17:10:55  경도:126.956116
17:10:55  속도:0.02
17:10:55  방향:290.8
17:10:55  이동방향유효:0
17:10:55  GPS이동방향:290.8
17:10:55  차체방향유효:0
17:10:55  차체방향:0.0
17:10:55  후진판정:0
17:10:55  IMU요회전속도:0.00
17:10:55  방향가속도크기:9.70
17:10:55  방향자이로크기:1.51
17:10:55  방향자세cos:0.9998
17:10:55  자기모델잔차:25.60
17:10:55  자기모델반경:0.926
17:10:55  방향채택:0
17:10:55  방향거부:168847
17:10:55  GPS원시속도:0.026
17:10:55  GPS원시방향유효:1
17:10:55  GPS원시방향:290.8
17:10:55  가속도:-0.48,0.27,9.68
17:10:55  자이로:-0.6,1.1,-0.9
17:10:55  자력계:9.300,4.500,19.650
17:10:55  충격값:0.10
17:10:55  충격피크:0.13
17:10:55  마지막충격발생값:0.00
17:10:55  마지막충격발생ms:0
17:10:55  송신:14903
17:10:55  지팡이수신:10116
17:10:55  GPS위성:9
17:10:55  GPS_HDOP:1.28
17:10:55  원시위도:37.495949
17:10:55  원시경도:126.956116
17:10:55  GPS채택:1551
17:10:55  GPS이상치거부:0
17:10:55  GPS품질거부:0
17:10:55  GPS재기준:0
17:10:55  계산거리:-1.00
17:10:55  접근속도:0.00
17:10:55  TTC:999.00
17:10:55  방향오차:0.0
17:10:55  전방여부:0
17:10:55  위험음성횟수:0
17:10:55  충격음성횟수:0
17:10:55  마지막위험음성:0
17:10:55  RSSI원시:-66
17:10:55  RSSI평활:-60.7
17:10:55  RSSI샘플:10116
17:10:55  RSSI경과ms:98
17:10:55  RSSI구간:4
17:10:55  RSSI거리:2.35
17:10:55  상대보정:0
17:10:55  상대보정중:0
17:10:55  보정동쪽:0.00
17:10:55  보정북쪽:0.00
17:10:55  UWB유효:1
17:10:55  UWB원시거리:3.780
17:10:55  UWB보정거리:3.754
17:10:55  UWB접근속도:-0.496
17:10:55  UWB_RSSI:nan
17:10:55  UWB경과ms:35
17:10:55  UWB샘플:7588
17:10:55  UWB실패:165
17:10:55  UWB보정:1
17:10:55  UWB보정중:0
17:10:55  UWB보정샘플:100
17:10:55  UWB보정기준:3.000
17:10:55  UWB오프셋:0.234
17:10:55  UWB위험사용:0
17:10:55  UWB전송:7583
17:10:55  위험송신:0
17:10:55  시각ms:1566019
17:10:55  IMU시각ms:1566019
17:10:55  위험:0
17:10:55  원시위험:0
17:10:55  GPS유효:1
17:10:55  위도:37.495948
17:10:55  경도:126.956116
17:10:55  속도:0.02
17:10:55  방향:290.8
17:10:55  이동방향유효:0
17:10:55  GPS이동방향:290.8
17:10:55  차체방향유효:0
17:10:55  차체방향:0.0
17:10:55  후진판정:0
17:10:55  IMU요회전속도:0.00
17:10:55  방향가속도크기:9.69
17:10:55  방향자이로크기:1.94
17:10:55  방향자세cos:0.9998
17:10:55  자기모델잔차:25.96
17:10:55  자기모델반경:0.982
17:10:55  방향채택:0
17:10:55  방향거부:168849
17:10:55  GPS원시속도:0.026
17:10:55  GPS원시방향유효:1
17:10:55  GPS원시방향:290.8
17:10:55  가속도:-0.37,0.32,9.68
17:10:55  자이로:1.4,0.5,1.2
17:10:55  자력계:9.150,6.300,19.800
17:10:55  충격값:0.05
17:10:55  충격피크:0.14
17:10:55  마지막충격발생값:0.00
17:10:55  마지막충격발생ms:0
17:10:55  송신:14904
17:10:55  지팡이수신:10116
17:10:55  GPS위성:9
17:10:55  GPS_HDOP:1.28
17:10:55  원시위도:37.495949
17:10:55  원시경도:126.956116
17:10:55  GPS채택:1551
17:10:55  GPS이상치거부:0
17:10:55  GPS품질거부:0
17:10:55  GPS재기준:0
17:10:55  계산거리:-1.00
17:10:55  접근속도:0.00
17:10:55  TTC:999.00
17:10:55  방향오차:0.0
17:10:55  전방여부:0
17:10:55  위험음성횟수:0
17:10:55  충격음성횟수:0
17:10:55  마지막위험음성:0
17:10:55  RSSI원시:-66
17:10:55  RSSI평활:-60.7
17:10:55  RSSI샘플:10116
17:10:55  RSSI경과ms:120
17:10:55  RSSI구간:4
17:10:55  RSSI거리:2.35
17:10:55  상대보정:0
17:10:55  상대보정중:0
17:10:55  보정동쪽:0.00
17:10:55  보정북쪽:0.00
17:10:55  UWB유효:1
17:10:55  UWB원시거리:3.780
17:10:55  UWB보정거리:3.754
17:10:55  UWB접근속도:-0.496
17:10:55  UWB_RSSI:nan
17:10:55  UWB경과ms:57
17:10:55  UWB샘플:7588
17:10:55  UWB실패:165
17:10:55  UWB보정:1
17:10:55  UWB보정중:0
17:10:55  UWB보정샘플:100
17:10:55  UWB보정기준:3.000
17:10:55  UWB오프셋:0.234
17:10:55  UWB위험사용:0
17:10:55  UWB전송:7583
17:10:55  위험송신:0
17:10:55  시각ms:1566039
17:10:55  IMU시각ms:1566039
17:10:55  위험:0
17:10:55  원시위험:0
17:10:55  GPS유효:1
17:10:55  위도:37.495948
17:10:55  경도:126.956116
17:10:55  속도:0.02
17:10:55  방향:290.8
17:10:55  이동방향유효:0
17:10:55  GPS이동방향:290.8
17:10:55  차체방향유효:0
17:10:55  차체방향:0.0
17:10:55  후진판정:0
17:10:55  IMU요회전속도:0.00
17:10:55  방향가속도크기:9.74
17:10:55  방향자이로크기:1.84
17:10:55  방향자세cos:1.0000
17:10:55  자기모델잔차:26.39
17:10:55  자기모델반경:0.931
17:10:55  방향채택:0
17:10:55  방향거부:168851
17:10:55  GPS원시속도:0.026
17:10:55  GPS원시방향유효:1
17:10:55  GPS원시방향:290.8
17:10:55  가속도:-0.43,0.43,9.73
17:10:55  자이로:-0.2,1.4,-1.1
17:10:55  자력계:10.050,4.800,20.400
17:10:55  충격값:0.09
17:10:55  충격피크:0.12
17:10:55  마지막충격발생값:0.00
17:10:55  마지막충격발생ms:0
17:10:55  송신:14904
17:10:55  지팡이수신:10116
17:10:55  GPS위성:9
17:10:55  GPS_HDOP:1.28
17:10:55  원시위도:37.495949
17:10:55  원시경도:126.956116
17:10:55  GPS채택:1551
17:10:55  GPS이상치거부:0
17:10:55  GPS품질거부:0
17:10:55  GPS재기준:0
17:10:55  계산거리:-1.00
17:10:55  접근속도:0.00
17:10:55  TTC:999.00
17:10:55  방향오차:0.0
17:10:55  전방여부:0
17:10:55  위험음성횟수:0
17:10:55  충격음성횟수:0
17:10:55  마지막위험음성:0
17:10:55  RSSI원시:-66
17:10:55  RSSI평활:-60.7
17:10:55  RSSI샘플:10116
17:10:55  RSSI경과ms:140
17:10:55  RSSI구간:4
17:10:55  RSSI거리:2.35
17:10:55  상대보정:0
17:10:55  상대보정중:0
17:10:55  보정동쪽:0.00
17:10:55  보정북쪽:0.00
17:10:55  UWB유효:1
17:10:55  UWB원시거리:3.780
17:10:55  UWB보정거리:3.754
17:10:55  UWB접근속도:-0.496
17:10:55  UWB_RSSI:nan
17:10:55  UWB경과ms:77
17:10:55  UWB샘플:7588
17:10:55  UWB실패:165
17:10:55  UWB보정:1
17:10:55  UWB보정중:0
17:10:55  UWB보정샘플:100
17:10:55  UWB보정기준:3.000
17:10:55  UWB오프셋:0.234
17:10:55  UWB위험사용:0
17:10:55  UWB전송:7583
17:10:55  위험송신:0
17:10:55  시각ms:1566066
17:10:55  IMU시각ms:1566066
17:10:55  위험:0
17:10:55  원시위험:0
17:10:55  GPS유효:1
17:10:55  위도:37.495948
17:10:55  경도:126.956116
17:10:55  속도:0.02
17:10:55  방향:290.8
17:10:55  이동방향유효:0
17:10:55  GPS이동방향:290.8
17:10:55  차체방향유효:0
17:10:55  차체방향:0.0
17:10:55  후진판정:0
17:10:55  IMU요회전속도:0.00
17:10:55  방향가속도크기:9.83
17:10:55  방향자이로크기:2.52
17:10:55  방향자세cos:1.0000
17:10:55  자기모델잔차:25.52
17:10:55  자기모델반경:0.948
17:10:55  방향채택:0
17:10:55  방향거부:168854
17:10:55  GPS원시속도:0.026
17:10:55  GPS원시방향유효:1
17:10:55  GPS원시방향:290.8
17:10:55  가속도:-0.51,0.46,9.81
17:10:55  자이로:1.4,1.8,1.0
17:10:55  자력계:8.400,5.100,19.500
17:10:55  충격값:0.19
17:10:55  충격피크:0.19
17:10:55  마지막충격발생값:0.00
17:10:55  마지막충격발생ms:0
17:10:55  송신:14904
17:10:55  지팡이수신:10116
17:10:55  GPS위성:9
17:10:55  GPS_HDOP:1.28
17:10:55  원시위도:37.495949
17:10:55  원시경도:126.956116
17:10:55  GPS채택:1551
17:10:55  GPS이상치거부:0
17:10:55  GPS품질거부:0
17:10:55  GPS재기준:0
17:10:55  계산거리:-1.00
17:10:55  접근속도:0.00
17:10:55  TTC:999.00
17:10:55  방향오차:0.0
17:10:55  전방여부:0
17:10:55  위험음성횟수:0
17:10:55  충격음성횟수:0
17:10:55  마지막위험음성:0
17:10:55  RSSI원시:-66
17:10:55  RSSI평활:-60.7
17:10:55  RSSI샘플:10116
17:10:55  RSSI경과ms:167
17:10:55  RSSI구간:4
17:10:55  RSSI거리:2.35
17:10:55  상대보정:0
17:10:55  상대보정중:0
17:10:55  보정동쪽:0.00
17:10:55  보정북쪽:0.00
17:10:55  UWB유효:1
17:10:55  UWB원시거리:3.780
17:10:55  UWB보정거리:3.754
17:10:55  UWB접근속도:-0.496
17:10:55  UWB_RSSI:nan
17:10:55  UWB경과ms:104
17:10:55  UWB샘플:7588
17:10:55  UWB실패:165
17:10:55  UWB보정:1
17:10:55  UWB보정중:0
17:10:55  UWB보정샘플:100
17:10:55  UWB보정기준:3.000
17:10:55  UWB오프셋:0.234
17:10:55  UWB위험사용:0
17:10:55  UWB전송:7583
17:10:55  위험송신:0
17:10:55  시각ms:1566086
17:10:55  IMU시각ms:1566086
17:10:55  위험:0
17:10:55  원시위험:0
17:10:55  GPS유효:1
17:10:55  위도:37.495948
17:10:55  경도:126.956116
17:10:55  속도:0.02
17:10:55  방향:290.8
17:10:55  이동방향유효:0
17:10:55  GPS이동방향:290.8
17:10:55  차체방향유효:0
17:10:55  차체방향:0.0
17:10:55  후진판정:0
17:10:55  IMU요회전속도:0.00
17:10:55  방향가속도크기:9.82
17:10:55  방향자이로크기:2.36
17:10:55  방향자세cos:0.9998
17:10:55  자기모델잔차:25.55
17:10:55  자기모델반경:0.911
17:10:55  방향채택:0
17:10:55  방향거부:168856
17:10:55  GPS원시속도:0.026
17:10:55  GPS원시방향유효:1
17:10:55  GPS원시방향:290.8
17:10:55  가속도:-0.23,0.44,9.81
17:10:55  자이로:1.2,-1.9,-0.7
17:10:55  자력계:9.600,4.050,19.650
17:10:55  충격값:0.24
17:10:55  충격피크:0.24
17:10:55  마지막충격발생값:0.00
17:10:55  마지막충격발생ms:0
17:10:55  송신:14904
17:10:55  지팡이수신:10116
17:10:55  GPS위성:9
17:10:55  GPS_HDOP:1.28
17:10:55  원시위도:37.495949
17:10:55  원시경도:126.956116
17:10:55  GPS채택:1551
17:10:55  GPS이상치거부:0
17:10:55  GPS품질거부:0
17:10:55  GPS재기준:0
17:10:55  계산거리:-1.00
17:10:55  접근속도:0.00
17:10:55  TTC:999.00
17:10:55  방향오차:0.0
17:10:55  전방여부:0
17:10:55  위험음성횟수:0
17:10:55  충격음성횟수:0
17:10:55  마지막위험음성:0
17:10:55  RSSI원시:-66
17:10:55  RSSI평활:-60.7
17:10:55  RSSI샘플:10116
17:10:55  RSSI경과ms:187
17:10:55  RSSI구간:4
17:10:55  RSSI거리:2.35
17:10:55  상대보정:0
17:10:55  상대보정중:0
17:10:55  보정동쪽:0.00
17:10:55  보정북쪽:0.00
17:10:55  UWB유효:1
17:10:55  UWB원시거리:3.780
17:10:55  UWB보정거리:3.754
17:10:55  UWB접근속도:-0.496
17:10:55  UWB_RSSI:nan
17:10:55  UWB경과ms:124
17:10:55  UWB샘플:7588
17:10:55  UWB실패:165
17:10:55  UWB보정:1
17:10:55  UWB보정중:0
17:10:55  UWB보정샘플:100
17:10:55  UWB보정기준:3.000
17:10:55  UWB오프셋:0.234
17:10:55  UWB위험사용:0
17:10:55  UWB전송:7583
17:10:55  위험송신:0
17:10:55  시각ms:1566106
17:10:55  IMU시각ms:1566106
17:10:55  위험:0
17:10:55  원시위험:0
17:10:55  GPS유효:1
17:10:55  위도:37.495948
17:10:55  경도:126.956116
17:10:55  속도:0.02
17:10:55  방향:290.8
17:10:55  이동방향유효:0
17:10:55  GPS이동방향:290.8
17:10:55  차체방향유효:0
17:10:55  차체방향:0.0
17:10:55  후진판정:0
17:10:55  IMU요회전속도:0.00
17:10:55  방향가속도크기:9.65
17:10:55  방향자이로크기:1.78
17:10:55  방향자세cos:0.9999
17:10:55  자기모델잔차:25.60
17:10:55  자기모델반경:0.927
17:10:55  방향채택:0
17:10:55  방향거부:168858
17:10:55  GPS원시속도:0.026
17:10:55  GPS원시방향유효:1
17:10:55  GPS원시방향:290.8
17:10:55  가속도:-0.45,0.37,9.63
17:10:55  자이로:-0.1,1.8,-0.2
17:10:55  자력계:8.850,4.500,19.650
17:10:55  충격값:0.07
17:10:55  충격피크:0.10
17:10:55  마지막충격발생값:0.00
17:10:55  마지막충격발생ms:0
17:10:55  송신:14904
17:10:55  지팡이수신:10117
17:10:55  GPS위성:9
17:10:55  GPS_HDOP:1.28
17:10:55  원시위도:37.495949
17:10:55  원시경도:126.956116
17:10:55  GPS채택:1551
17:10:55  GPS이상치거부:0
17:10:55  GPS품질거부:0
17:10:55  GPS재기준:0
17:10:55  계산거리:-1.00
17:10:55  접근속도:0.00
17:10:55  TTC:999.00
17:10:55  방향오차:0.0
17:10:55  전방여부:0
17:10:55  위험음성횟수:0
17:10:55  충격음성횟수:0
17:10:55  마지막위험음성:0
17:10:55  RSSI원시:-60
17:10:55  RSSI평활:-60.5
17:10:55  RSSI샘플:10117
17:10:55  RSSI경과ms:12
17:10:55  RSSI구간:4
17:10:55  RSSI거리:2.32
17:10:55  상대보정:0
17:10:55  상대보정중:0
17:10:55  보정동쪽:0.00
17:10:55  보정북쪽:0.00
17:10:55  UWB유효:1
17:10:55  UWB원시거리:3.780
17:10:55  UWB보정거리:3.754
17:10:55  UWB접근속도:-0.496
17:10:55  UWB_RSSI:nan
17:10:55  UWB경과ms:144
17:10:55  UWB샘플:7588
17:10:55  UWB실패:165
17:10:55  UWB보정:1
17:10:55  UWB보정중:0
17:10:55  UWB보정샘플:100
17:10:55  UWB보정기준:3.000
17:10:55  UWB오프셋:0.234
17:10:55  UWB위험사용:0
17:10:55  UWB전송:7583
17:10:55  위험송신:0
17:10:55  시각ms:1566133
17:10:55  IMU시각ms:1566133
17:10:55  위험:0
17:10:55  원시위험:0
17:10:55  GPS유효:1
17:10:55  위도:37.495948
17:10:55  경도:126.956116
17:10:55  속도:0.02
17:10:55  방향:290.8
17:10:55  이동방향유효:0
17:10:55  GPS이동방향:290.8
17:10:55  차체방향유효:0
17:10:55  차체방향:0.0
17:10:55  후진판정:0
17:10:55  IMU요회전속도:0.00
17:10:55  방향가속도크기:9.69
17:10:55  방향자이로크기:1.39
17:10:55  방향자세cos:0.9999
17:10:55  자기모델잔차:24.88
17:10:55  자기모델반경:0.941
17:10:55  방향채택:0
17:10:55  방향거부:168861
17:10:55  GPS원시속도:0.026
17:10:55  GPS원시방향유효:1
17:10:55  GPS원시방향:290.8
17:10:55  가속도:-0.39,0.34,9.67
17:10:55  자이로:1.1,0.1,-0.9
17:10:55  자력계:8.100,4.800,18.900
17:10:55  충격값:0.03
17:10:55  충격피크:0.15
17:10:55  마지막충격발생값:0.00
17:10:55  마지막충격발생ms:0
17:10:55  송신:14905
17:10:55  지팡이수신:10117
17:10:55  GPS위성:9
17:10:55  GPS_HDOP:1.28
17:10:55  원시위도:37.495949
17:10:55  원시경도:126.956116
17:10:55  GPS채택:1551
17:10:55  GPS이상치거부:0
17:10:55  GPS품질거부:0
17:10:55  GPS재기준:0
17:10:55  계산거리:-1.00
17:10:55  접근속도:0.00
17:10:55  TTC:999.00
17:10:55  방향오차:0.0
17:10:55  전방여부:0
17:10:55  위험음성횟수:0
17:10:55  충격음성횟수:0
17:10:55  마지막위험음성:0
17:10:55  RSSI원시:-60
17:10:55  RSSI평활:-60.5
17:10:55  RSSI샘플:10117
17:10:55  RSSI경과ms:39
17:10:55  RSSI구간:4
17:10:55  RSSI거리:2.32
17:10:55  상대보정:0
17:10:55  상대보정중:0
17:10:55  보정동쪽:0.00
17:10:55  보정북쪽:0.00
17:10:55  UWB유효:1
17:10:55  UWB원시거리:3.780
17:10:55  UWB보정거리:3.754
17:10:55  UWB접근속도:-0.496
17:10:55  UWB_RSSI:nan
17:10:55  UWB경과ms:171
17:10:55  UWB샘플:7588
17:10:55  UWB실패:165
17:10:55  UWB보정:1
17:10:55  UWB보정중:0
17:10:55  UWB보정샘플:100
17:10:55  UWB보정기준:3.000
17:10:55  UWB오프셋:0.234
17:10:55  UWB위험사용:0
17:10:55  UWB전송:7583
17:10:55  위험송신:0
17:10:55  시각ms:1566163
17:10:55  IMU시각ms:1566159
17:10:55  위험:0
17:10:55  원시위험:0
17:10:55  GPS유효:1
17:10:55  위도:37.495948
17:10:55  경도:126.956116
17:10:55  속도:0.02
17:10:55  방향:290.8
17:10:55  이동방향유효:0
17:10:55  GPS이동방향:290.8
17:10:55  차체방향유효:0
17:10:55  차체방향:0.0
17:10:55  후진판정:0
17:10:55  IMU요회전속도:0.00
17:10:55  방향가속도크기:9.72
17:10:55  방향자이로크기:2.65
17:10:55  방향자세cos:0.9998
17:10:55  자기모델잔차:25.71
17:10:55  자기모델반경:0.873
17:10:55  방향채택:0
17:10:55  방향거부:168864
17:10:55  GPS원시속도:0.026
17:10:55  GPS원시방향유효:1
17:10:55  GPS원시방향:290.8
17:10:55  가속도:-0.46,0.27,9.70
17:10:55  자이로:1.2,-0.4,-2.3
17:10:55  자력계:9.300,2.850,19.950
17:10:55  충격값:0.08
17:10:55  충격피크:0.11
17:10:55  마지막충격발생값:0.00
17:10:55  마지막충격발생ms:0
17:10:55  송신:14905
17:10:55  지팡이수신:10117
17:10:55  GPS위성:9
17:10:55  GPS_HDOP:1.28
17:10:55  원시위도:37.495949
17:10:55  원시경도:126.956116
17:10:55  GPS채택:1551
17:10:55  GPS이상치거부:0
17:10:55  GPS품질거부:0
17:10:55  GPS재기준:0
17:10:55  계산거리:-1.00
17:10:55  접근속도:0.00
17:10:55  TTC:999.00
17:10:55  방향오차:0.0
17:10:55  전방여부:0
17:10:55  위험음성횟수:0
17:10:55  충격음성횟수:0
17:10:55  마지막위험음성:0
17:10:55  RSSI원시:-60
17:10:55  RSSI평활:-60.5
17:10:55  RSSI샘플:10117
17:10:55  RSSI경과ms:69
17:10:55  RSSI구간:4
17:10:55  RSSI거리:2.32
17:10:55  상대보정:0
17:10:55  상대보정중:0
17:10:55  보정동쪽:0.00
17:10:55  보정북쪽:0.00
17:10:55  UWB유효:1
17:10:55  UWB원시거리:3.890
17:10:55  UWB보정거리:3.831
17:10:55  UWB접근속도:-0.462
17:10:55  UWB_RSSI:nan
17:10:55  UWB경과ms:0
17:10:55  UWB샘플:7589
17:10:55  UWB실패:165
17:10:55  UWB보정:1
17:10:55  UWB보정중:0
17:10:55  UWB보정샘플:100
17:10:55  UWB보정기준:3.000
17:10:55  UWB오프셋:0.234
17:10:55  UWB위험사용:0
17:10:55  UWB전송:7584
17:10:55  위험송신:0
17:10:55  시각ms:1566191
17:10:55  IMU시각ms:1566191
17:10:55  위험:0
17:10:55  원시위험:0
17:10:55  GPS유효:1
17:10:55  위도:37.495948
17:10:55  경도:126.956116
17:10:55  속도:0.02
17:10:55  방향:290.8
17:10:55  이동방향유효:0
17:10:55  GPS이동방향:290.8
17:10:55  차체방향유효:0
17:10:55  차체방향:0.0
17:10:55  후진판정:0
17:10:55  IMU요회전속도:0.00
17:10:55  방향가속도크기:9.73
17:10:55  방향자이로크기:3.87
17:10:55  방향자세cos:0.9999
17:10:55  자기모델잔차:26.38
17:10:55  자기모델반경:0.890
17:10:55  방향채택:0
17:10:55  방향거부:168867
17:10:55  GPS원시속도:0.026
17:10:55  GPS원시방향유효:1
17:10:55  GPS원시방향:290.8
17:10:55  가속도:-0.34,0.42,9.72
17:10:55  자이로:1.4,-2.7,2.4
17:10:55  자력계:9.150,3.450,20.550
17:10:55  충격값:0.11
17:10:55  충격피크:0.15
17:10:55  마지막충격발생값:0.00
17:10:55  마지막충격발생ms:0
17:10:55  송신:14905
17:10:55  지팡이수신:10117
17:10:55  GPS위성:9
17:10:55  GPS_HDOP:1.28
17:10:55  원시위도:37.495949
17:10:55  원시경도:126.956116
17:10:55  GPS채택:1551
17:10:55  GPS이상치거부:0
17:10:55  GPS품질거부:0
17:10:55  GPS재기준:0
17:10:55  계산거리:-1.00
17:10:55  접근속도:0.00
17:10:55  TTC:999.00
17:10:55  방향오차:0.0
17:10:55  전방여부:0
17:10:55  위험음성횟수:0
17:10:55  충격음성횟수:0
17:10:55  마지막위험음성:0
17:10:55  RSSI원시:-60
17:10:55  RSSI평활:-60.5
17:10:55  RSSI샘플:10117
17:10:55  RSSI경과ms:97
17:10:55  RSSI구간:4
17:10:55  RSSI거리:2.32
17:10:55  상대보정:0
17:10:55  상대보정중:0
17:10:55  보정동쪽:0.00
17:10:55  보정북쪽:0.00
17:10:55  UWB유효:1
17:10:55  UWB원시거리:3.890
17:10:55  UWB보정거리:3.831
17:10:55  UWB접근속도:-0.462
17:10:55  UWB_RSSI:nan
17:10:55  UWB경과ms:28
17:10:55  UWB샘플:7589
17:10:55  UWB실패:165
17:10:55  UWB보정:1
17:10:55  UWB보정중:0
17:10:55  UWB보정샘플:100
17:10:55  UWB보정기준:3.000
17:10:55  UWB오프셋:0.234
17:10:55  UWB위험사용:0
17:10:55  UWB전송:7584
17:10:55  위험송신:0
17:10:55  시각ms:1566217
17:10:55  IMU시각ms:1566216
17:10:55  위험:0
17:10:55  원시위험:0
17:10:55  GPS유효:1
17:10:55  위도:37.495948
17:10:55  경도:126.956116
17:10:55  속도:0.02
17:10:55  방향:290.8
17:10:55  이동방향유효:0
17:10:55  GPS이동방향:290.8
17:10:55  차체방향유효:0
17:10:55  차체방향:0.0
17:10:55  후진판정:0
17:10:55  IMU요회전속도:0.00
17:10:55  방향가속도크기:9.72
17:10:55  방향자이로크기:4.46
17:10:55  방향자세cos:0.9999
17:10:55  자기모델잔차:25.15
17:10:55  자기모델반경:0.931
17:10:55  방향채택:0
17:10:55  방향거부:168870
17:10:55  GPS원시속도:0.026
17:10:55  GPS원시방향유효:1
17:10:55  GPS원시방향:290.8
17:10:55  가속도:-0.50,0.36,9.70
17:10:55  자이로:3.5,-2.7,0.6
17:10:55  자력계:8.100,4.500,19.200
17:10:55  충격값:0.08
17:10:55  충격피크:0.13
17:10:55  마지막충격발생값:0.00
17:10:55  마지막충격발생ms:0
17:10:55  송신:14906
17:10:55  지팡이수신:10117
17:10:55  GPS위성:9
17:10:55  GPS_HDOP:1.28
17:10:55  원시위도:37.495949
17:10:55  원시경도:126.956116
17:10:55  GPS채택:1551
17:10:55  GPS이상치거부:0
17:10:55  GPS품질거부:0
17:10:55  GPS재기준:0
17:10:55  계산거리:-1.00
17:10:55  접근속도:0.00
17:10:55  TTC:999.00
17:10:55  방향오차:0.0
17:10:55  전방여부:0
17:10:55  위험음성횟수:0
17:10:55  충격음성횟수:0
17:10:55  마지막위험음성:0
17:10:55  RSSI원시:-60
17:10:55  RSSI평활:-60.5
17:10:55  RSSI샘플:10117
17:10:55  RSSI경과ms:123
17:10:55  RSSI구간:4
17:10:55  RSSI거리:2.32
17:10:55  상대보정:0
17:10:55  상대보정중:0
17:10:55  보정동쪽:0.00
17:10:55  보정북쪽:0.00
17:10:55  UWB유효:1
17:10:55  UWB원시거리:3.890
17:10:55  UWB보정거리:3.831
17:10:55  UWB접근속도:-0.462
17:10:55  UWB_RSSI:nan
17:10:55  UWB경과ms:54
17:10:55  UWB샘플:7589
17:10:55  UWB실패:165
17:10:55  UWB보정:1
17:10:55  UWB보정중:0
17:10:55  UWB보정샘플:100
17:10:55  UWB보정기준:3.000
17:10:55  UWB오프셋:0.234
17:10:55  UWB위험사용:0
17:10:55  UWB전송:7584
17:10:55  위험송신:0
17:10:55  시각ms:1566238
17:10:55  IMU시각ms:1566238
17:10:55  위험:0
17:10:55  원시위험:0
17:10:55  GPS유효:1
17:10:55  위도:37.495948
17:10:55  경도:126.956116
17:10:55  속도:0.02
17:10:55  방향:290.8
17:10:55  이동방향유효:0
17:10:55  GPS이동방향:290.8
17:10:55  차체방향유효:0
17:10:55  차체방향:0.0
17:10:55  후진판정:0
17:10:55  IMU요회전속도:0.00
17:10:55  방향가속도크기:9.70
17:10:55  방향자이로크기:0.92
17:10:55  방향자세cos:0.9998
17:10:55  자기모델잔차:26.51
17:10:55  자기모델반경:0.929
17:10:55  방향채택:0
17:10:55  방향거부:168872
17:10:55  GPS원시속도:0.026
17:10:55  GPS원시방향유효:1
17:10:55  GPS원시방향:290.8
17:10:55  가속도:-0.42,0.27,9.69
17:10:55  자이로:0.1,0.8,0.4
17:10:55  자력계:8.700,4.650,20.550
17:10:55  충격값:0.08
17:10:55  충격피크:0.13
17:10:55  마지막충격발생값:0.00
17:10:55  마지막충격발생ms:0
17:10:55  송신:14906
17:10:55  지팡이수신:10117
17:10:55  GPS위성:9
17:10:55  GPS_HDOP:1.28
17:10:55  원시위도:37.495949
17:10:55  원시경도:126.956116
17:10:55  GPS채택:1551
17:10:55  GPS이상치거부:0
17:10:55  GPS품질거부:0
17:10:55  GPS재기준:0
17:10:55  계산거리:-1.00
17:10:55  접근속도:0.00
17:10:55  TTC:999.00
17:10:55  방향오차:0.0
17:10:55  전방여부:0
17:10:55  위험음성횟수:0
17:10:55  충격음성횟수:0
17:10:55  마지막위험음성:0
17:10:55  RSSI원시:-60
17:10:55  RSSI평활:-60.5
17:10:55  RSSI샘플:10117
17:10:55  RSSI경과ms:144
17:10:55  RSSI구간:4
17:10:55  RSSI거리:2.32
17:10:55  상대보정:0
17:10:55  상대보정중:0
17:10:55  보정동쪽:0.00
17:10:55  보정북쪽:0.00
17:10:55  UWB유효:1
17:10:55  UWB원시거리:3.890
17:10:55  UWB보정거리:3.831
17:10:55  UWB접근속도:-0.462
17:10:55  UWB_RSSI:nan
17:10:55  UWB경과ms:75
17:10:55  UWB샘플:7589
17:10:55  UWB실패:165
17:10:55  UWB보정:1
17:10:55  UWB보정중:0
17:10:55  UWB보정샘플:100
17:10:55  UWB보정기준:3.000
17:10:55  UWB오프셋:0.234
17:10:55  UWB위험사용:0
17:10:55  UWB전송:7584
17:10:55  위험송신:0
17:10:55  시각ms:1566264
17:10:55  IMU시각ms:1566264
17:10:55  위험:0
17:10:55  원시위험:0
17:10:55  GPS유효:1
17:10:55  위도:37.495948
17:10:55  경도:126.956116
17:10:55  속도:0.02
17:10:55  방향:290.8
17:10:55  이동방향유효:0
17:10:55  GPS이동방향:290.8
17:10:55  차체방향유효:0
17:10:55  차체방향:0.0
17:10:55  후진판정:0
17:10:55  IMU요회전속도:0.00
17:10:55  방향가속도크기:9.80
17:10:55  방향자이로크기:0.80
17:10:55  방향자세cos:1.0000
17:10:55  자기모델잔차:25.07
17:10:55  자기모델반경:0.947
17:10:55  방향채택:0
17:10:55  방향거부:168875
17:10:55  GPS원시속도:0.026
17:10:55  GPS원시방향유효:1
17:10:55  GPS원시방향:290.8
17:10:55  가속도:-0.40,0.49,9.78
17:10:55  자이로:0.2,-0.3,-0.7
17:10:55  자력계:9.150,5.100,19.050
17:10:55  충격값:0.17
17:10:55  충격피크:0.17
17:10:55  마지막충격발생값:0.00
17:10:55  마지막충격발생ms:0
17:10:55  송신:14906
17:10:55  지팡이수신:10117
17:10:55  GPS위성:9
17:10:55  GPS_HDOP:1.28
17:10:55  원시위도:37.495949
17:10:55  원시경도:126.956116
17:10:55  GPS채택:1551
17:10:55  GPS이상치거부:0
17:10:55  GPS품질거부:0
17:10:55  GPS재기준:0
17:10:55  계산거리:-1.00
17:10:55  접근속도:0.00
17:10:55  TTC:999.00
17:10:55  방향오차:0.0
17:10:55  전방여부:0
17:10:55  위험음성횟수:0
17:10:55  충격음성횟수:0
17:10:55  마지막위험음성:0
17:10:55  RSSI원시:-60
17:10:55  RSSI평활:-60.5
17:10:55  RSSI샘플:10117
17:10:55  RSSI경과ms:170
17:10:55  RSSI구간:4
17:10:55  RSSI거리:2.32
17:10:55  상대보정:0
17:10:55  상대보정중:0
17:10:55  보정동쪽:0.00
17:10:55  보정북쪽:0.00
17:10:55  UWB유효:1
17:10:55  UWB원시거리:3.890
17:10:55  UWB보정거리:3.831
17:10:55  UWB접근속도:-0.462
17:10:55  UWB_RSSI:nan
17:10:55  UWB경과ms:101
17:10:55  UWB샘플:7589
17:10:55  UWB실패:165
17:10:55  UWB보정:1
17:10:55  UWB보정중:0
17:10:55  UWB보정샘플:100
17:10:55  UWB보정기준:3.000
17:10:55  UWB오프셋:0.234
17:10:55  UWB위험사용:0
17:10:55  UWB전송:7584
17:10:55  위험송신:0
17:10:55  시각ms:1566284
17:10:55  IMU시각ms:1566284
17:10:55  위험:0
17:10:55  원시위험:0
17:10:55  GPS유효:1
17:10:55  위도:37.495948
17:10:55  경도:126.956116
17:10:55  속도:0.02
17:10:55  방향:290.8
17:10:55  이동방향유효:0
17:10:55  GPS이동방향:290.8
17:10:55  차체방향유효:0
17:10:55  차체방향:0.0
17:10:55  후진판정:0
17:10:55  IMU요회전속도:0.00
17:10:55  방향가속도크기:9.79
17:10:55  방향자이로크기:2.14
17:10:55  방향자세cos:0.9998
17:10:55  자기모델잔차:25.53
17:10:55  자기모델반경:0.944
17:10:55  방향채택:0
17:10:55  방향거부:168877
17:10:55  GPS원시속도:0.026
17:10:55  GPS원시방향유효:1
17:10:55  GPS원시방향:290.8
17:10:55  가속도:-0.46,0.29,9.78
17:10:55  자이로:-0.0,2.1,-0.4
17:10:55  자력계:10.200,5.100,19.500
17:10:55  충격값:0.11
17:10:55  충격피크:0.11
17:10:55  마지막충격발생값:0.00
17:10:55  마지막충격발생ms:0
17:10:55  송신:14906
17:10:55  지팡이수신:10117
17:10:55  GPS위성:9
17:10:55  GPS_HDOP:1.28
17:10:55  원시위도:37.495949
17:10:55  원시경도:126.956116
17:10:55  GPS채택:1551
17:10:55  GPS이상치거부:0
17:10:55  GPS품질거부:0
17:10:55  GPS재기준:0
17:10:55  계산거리:-1.00
17:10:55  접근속도:0.00
17:10:55  TTC:999.00
17:10:55  방향오차:0.0
17:10:55  전방여부:0
17:10:55  위험음성횟수:0
17:10:55  충격음성횟수:0
17:10:55  마지막위험음성:0
17:10:55  RSSI원시:-60
17:10:55  RSSI평활:-60.5
17:10:55  RSSI샘플:10117
17:10:55  RSSI경과ms:190
17:10:55  RSSI구간:4
17:10:55  RSSI거리:2.32
17:10:55  상대보정:0
17:10:55  상대보정중:0
17:10:55  보정동쪽:0.00
17:10:55  보정북쪽:0.00
17:10:55  UWB유효:1
17:10:55  UWB원시거리:3.890
17:10:55  UWB보정거리:3.831
17:10:55  UWB접근속도:-0.462
17:10:55  UWB_RSSI:nan
17:10:55  UWB경과ms:121
17:10:55  UWB샘플:7589
17:10:55  UWB실패:165
17:10:55  UWB보정:1
17:10:55  UWB보정중:0
17:10:55  UWB보정샘플:100
17:10:55  UWB보정기준:3.000
17:10:55  UWB오프셋:0.234
17:10:55  UWB위험사용:0
17:10:55  UWB전송:7584
17:10:55  위험송신:0
17:10:55  시각ms:1566306
17:10:55  IMU시각ms:1566294
17:10:55  위험:0
17:10:55  원시위험:0
17:10:55  GPS유효:1
17:10:55  위도:37.495948
17:10:55  경도:126.956116
17:10:55  속도:0.02
17:10:55  방향:290.8
17:10:55  이동방향유효:0
17:10:55  GPS이동방향:290.8
17:10:55  차체방향유효:0
17:10:55  차체방향:0.0
17:10:55  후진판정:0
17:10:55  IMU요회전속도:0.00
17:10:55  방향가속도크기:9.67
17:10:55  방향자이로크기:3.73
17:10:55  방향자세cos:1.0000
17:10:55  자기모델잔차:25.53
17:10:55  자기모델반경:0.944
17:10:55  방향채택:0
17:10:55  방향거부:168878
17:10:55  GPS원시속도:0.026
17:10:55  GPS원시방향유효:1
17:10:55  GPS원시방향:290.8
17:10:55  가속도:-0.38,0.41,9.65
17:10:55  자이로:1.8,-0.4,3.2
17:10:55  자력계:10.200,5.100,19.500
17:10:55  충격값:0.08
17:10:55  충격피크:0.08
17:10:55  마지막충격발생값:0.00
17:10:55  마지막충격발생ms:0
17:10:55  송신:14906
17:10:55  지팡이수신:10117
17:10:55  GPS위성:9
17:10:55  GPS_HDOP:1.28
17:10:55  원시위도:37.495949
17:10:55  원시경도:126.956116
17:10:55  GPS채택:1551
17:10:55  GPS이상치거부:0
17:10:55  GPS품질거부:0
17:10:55  GPS재기준:0
17:10:55  계산거리:-1.00
17:10:55  접근속도:0.00
17:10:55  TTC:999.00
17:10:55  방향오차:0.0
17:10:55  전방여부:0
17:10:55  위험음성횟수:0
17:10:55  충격음성횟수:0
17:10:55  마지막위험음성:0
17:10:55  RSSI원시:-60
17:10:55  RSSI평활:-60.5
17:10:55  RSSI샘플:10117
17:10:55  RSSI경과ms:212
17:10:55  RSSI구간:4
17:10:55  RSSI거리:2.32
17:10:55  상대보정:0
17:10:55  상대보정중:0
17:10:55  보정동쪽:0.00
17:10:55  보정북쪽:0.00
17:10:55  UWB유효:1
17:10:55  UWB원시거리:3.890
17:10:55  UWB보정거리:3.831
17:10:55  UWB접근속도:-0.462
17:10:55  UWB_RSSI:nan
17:10:55  UWB경과ms:143
17:10:55  UWB샘플:7589
17:10:55  UWB실패:165
17:10:55  UWB보정:1
17:10:55  UWB보정중:0
17:10:55  UWB보정샘플:100
17:10:55  UWB보정기준:3.000
17:10:55  UWB오프셋:0.234
17:10:55  UWB위험사용:0
17:10:55  UWB전송:7584
17:10:55  위험송신:0
17:10:56  시각ms:1566391
17:10:56  IMU시각ms:1566391
17:10:56  위험:0
17:10:56  원시위험:0
17:10:56  GPS유효:1
17:10:56  위도:37.495948
17:10:56  경도:126.956116
17:10:56  속도:0.02
17:10:56  방향:290.8
17:10:56  이동방향유효:0
17:10:56  GPS이동방향:290.8
17:10:56  차체방향유효:0
17:10:56  차체방향:0.0
17:10:56  후진판정:0
17:10:56  IMU요회전속도:0.00
17:10:56  방향가속도크기:9.69
17:10:56  방향자이로크기:0.97
17:10:56  방향자세cos:0.9999
17:10:56  자기모델잔차:25.06
17:10:56  자기모델반경:0.898
17:10:56  방향채택:0
17:10:56  방향거부:168885
17:10:56  GPS원시속도:0.026
17:10:56  GPS원시방향유효:1
17:10:56  GPS원시방향:290.8
17:10:56  가속도:-0.50,0.34,9.67
17:10:56  자이로:0.1,1.0,0.2
17:10:56  자력계:10.050,3.600,19.200
17:10:56  충격값:0.08
17:10:56  충격피크:0.17
17:10:56  마지막충격발생값:0.00
17:10:56  마지막충격발생ms:0
17:10:56  송신:14907
17:10:56  지팡이수신:10118
17:10:56  GPS위성:9
17:10:56  GPS_HDOP:1.28
17:10:56  원시위도:37.495949
17:10:56  원시경도:126.956116
17:10:56  GPS채택:1551
17:10:56  GPS이상치거부:0
17:10:56  GPS품질거부:0
17:10:56  GPS재기준:0
17:10:56  계산거리:-1.00
17:10:56  접근속도:0.00
17:10:56  TTC:999.00
17:10:56  방향오차:0.0
17:10:56  전방여부:0
17:10:56  위험음성횟수:0
17:10:56  충격음성횟수:0
17:10:56  마지막위험음성:0
17:10:56  RSSI원시:-63
17:10:56  RSSI평활:-61.0
17:10:56  RSSI샘플:10118
17:10:56  RSSI경과ms:83
17:10:56  RSSI구간:4
17:10:56  RSSI거리:2.43
17:10:56  상대보정:0
17:10:56  상대보정중:0
17:10:56  보정동쪽:0.00
17:10:56  보정북쪽:0.00
17:10:56  UWB유효:1
17:10:56  UWB원시거리:3.910
17:10:56  UWB보정거리:3.895
17:10:56  UWB접근속도:-0.418
17:10:56  UWB_RSSI:nan
17:10:56  UWB경과ms:26
17:10:56  UWB샘플:7590
17:10:56  UWB실패:165
17:10:56  UWB보정:1
17:10:56  UWB보정중:0
17:10:56  UWB보정샘플:100
17:10:56  UWB보정기준:3.000
17:10:56  UWB오프셋:0.234
17:10:56  UWB위험사용:0
17:10:56  UWB전송:7585
17:10:56  위험송신:0
17:10:56  시각ms:1566617
17:10:56  IMU시각ms:1566617
17:10:56  위험:0
17:10:56  원시위험:0
17:10:56  GPS유효:1
17:10:56  위도:37.495948
17:10:56  경도:126.956116
17:10:56  속도:0.02
17:10:56  방향:290.8
17:10:56  이동방향유효:0
17:10:56  GPS이동방향:290.8
17:10:56  차체방향유효:0
17:10:56  차체방향:0.0
17:10:56  후진판정:0
17:10:56  IMU요회전속도:0.00
17:10:56  방향가속도크기:9.73
17:10:56  방향자이로크기:2.99
17:10:56  방향자세cos:0.9995
17:10:56  자기모델잔차:26.23
17:10:56  자기모델반경:0.901
17:10:56  방향채택:0
17:10:56  방향거부:168908
17:10:56  GPS원시속도:0.026
17:10:56  GPS원시방향유효:1
17:10:56  GPS원시방향:290.8
17:10:56  가속도:-0.33,0.21,9.72
17:10:56  자이로:2.6,-0.5,1.5
17:10:56  자력계:7.350,3.600,20.400
17:10:56  충격값:0.16
17:10:56  충격피크:0.16
17:10:56  마지막충격발생값:0.00
17:10:56  마지막충격발생ms:0
17:10:56  송신:14909
17:10:56  지팡이수신:10120
17:10:56  GPS위성:9
17:10:56  GPS_HDOP:1.28
17:10:56  원시위도:37.495949
17:10:56  원시경도:126.956116
17:10:56  GPS채택:1551
17:10:56  GPS이상치거부:0
17:10:56  GPS품질거부:0
17:10:56  GPS재기준:0
17:10:56  계산거리:-1.00
17:10:56  접근속도:0.00
17:10:56  TTC:999.00
17:10:56  방향오차:0.0
17:10:56  전방여부:0
17:10:56  위험음성횟수:0
17:10:56  충격음성횟수:0
17:10:56  마지막위험음성:0
17:10:56  RSSI원시:-53
17:10:56  RSSI평활:-59.6
17:10:56  RSSI샘플:10120
17:10:56  RSSI경과ms:18
17:10:56  RSSI구간:4
17:10:56  RSSI거리:2.12
17:10:56  상대보정:0
17:10:56  상대보정중:0
17:10:56  보정동쪽:0.00
17:10:56  보정북쪽:0.00
17:10:56  UWB유효:1
17:10:56  UWB원시거리:4.080
17:10:56  UWB보정거리:3.976
17:10:56  UWB접근속도:-0.414
17:10:56  UWB_RSSI:nan
17:10:56  UWB경과ms:54
17:10:56  UWB샘플:7591
17:10:56  UWB실패:165
17:10:56  UWB보정:1
17:10:56  UWB보정중:0
17:10:56  UWB보정샘플:100
17:10:56  UWB보정기준:3.000
17:10:56  UWB오프셋:0.234
17:10:56  UWB위험사용:0
17:10:56  UWB전송:7586
17:10:56  위험송신:0
17:10:56  시각ms:1566649
17:10:56  IMU시각ms:1566637
17:10:56  위험:0
17:10:56  원시위험:0
17:10:56  GPS유효:1
17:10:56  위도:37.495948
17:10:56  경도:126.956116
17:10:56  속도:0.02
17:10:56  방향:290.8
17:10:56  이동방향유효:0
17:10:56  GPS이동방향:290.8
17:10:56  차체방향유효:0
17:10:56  차체방향:0.0
17:10:56  후진판정:0
17:10:56  IMU요회전속도:0.00
17:10:56  방향가속도크기:9.69
17:10:56  방향자이로크기:4.12
17:10:56  방향자세cos:0.9998
17:10:56  자기모델잔차:25.77
17:10:56  자기모델반경:0.930
17:10:56  방향채택:0
17:10:56  방향거부:168910
17:10:56  GPS원시속도:0.026
17:10:56  GPS원시방향유효:1
17:10:56  GPS원시방향:290.8
17:10:56  가속도:-0.36,0.30,9.68
17:10:56  자이로:-3.3,-0.5,-2.5
17:10:56  자력계:9.150,4.650,19.800
17:10:56  충격값:0.07
17:10:56  충격피크:0.17
17:10:56  마지막충격발생값:0.00
17:10:56  마지막충격발생ms:0
17:10:56  송신:14910
17:10:56  지팡이수신:10121
17:10:56  GPS위성:9
17:10:56  GPS_HDOP:1.28
17:10:56  원시위도:37.495949
17:10:56  원시경도:126.956116
17:10:56  GPS채택:1551
17:10:56  GPS이상치거부:0
17:10:56  GPS품질거부:0
17:10:56  GPS재기준:0
17:10:56  계산거리:-1.00
17:10:56  접근속도:0.00
17:10:56  TTC:999.00
17:10:56  방향오차:0.0
17:10:56  전방여부:0
17:10:56  위험음성횟수:0
17:10:56  충격음성횟수:0
17:10:56  마지막위험음성:0
17:10:56  RSSI원시:-56
17:10:56  RSSI평활:-58.9
17:10:56  RSSI샘플:10121
17:10:56  RSSI경과ms:14
17:10:56  RSSI구간:4
17:10:56  RSSI거리:1.98
17:10:56  상대보정:0
17:10:56  상대보정중:0
17:10:56  보정동쪽:0.00
17:10:56  보정북쪽:0.00
17:10:56  UWB유효:1
17:10:56  UWB원시거리:4.080
17:10:56  UWB보정거리:3.976
17:10:56  UWB접근속도:-0.414
17:10:56  UWB_RSSI:nan
17:10:56  UWB경과ms:86
17:10:56  UWB샘플:7591
17:10:56  UWB실패:165
17:10:56  UWB보정:1
17:10:56  UWB보정중:0
17:10:56  UWB보정샘플:100
17:10:56  UWB보정기준:3.000
17:10:56  UWB오프셋:0.234
17:10:56  UWB위험사용:0
17:10:56  UWB전송:7586
17:10:56  위험송신:0
17:10:56  시각ms:1566804
17:10:56  IMU시각ms:1566803
17:10:56  위험:0
17:10:56  원시위험:0
17:10:56  GPS유효:1
17:10:56  위도:37.495948
17:10:56  경도:126.956116
17:10:56  속도:0.02
17:10:56  방향:290.8
17:10:56  이동방향유효:0
17:10:56  GPS이동방향:290.8
17:10:56  차체방향유효:0
17:10:56  차체방향:0.0
17:10:56  후진판정:0
17:10:56  IMU요회전속도:0.00
17:10:56  방향가속도크기:9.77
17:10:56  방향자이로크기:3.24
17:10:56  방향자세cos:0.9997
17:10:56  자기모델잔차:25.56
17:10:56  자기모델반경:0.954
17:10:56  방향채택:0
17:10:56  방향거부:168924
17:10:56  GPS원시속도:0.021
17:10:56  GPS원시방향유효:1
17:10:56  GPS원시방향:290.8
17:10:56  가속도:-0.39,0.24,9.76
17:10:56  자이로:3.2,-0.4,-0.2
17:10:56  자력계:9.450,5.400,19.500
17:10:56  충격값:0.13
17:10:56  충격피크:0.19
17:10:56  마지막충격발생값:0.00
17:10:56  마지막충격발생ms:0
17:10:56  송신:14911
17:10:56  지팡이수신:10122
17:10:56  GPS위성:9
17:10:56  GPS_HDOP:1.15
17:10:56  원시위도:37.495950
17:10:56  원시경도:126.956115
17:10:56  GPS채택:1552
17:10:56  GPS이상치거부:0
17:10:56  GPS품질거부:0
17:10:56  GPS재기준:0
17:10:56  계산거리:-1.00
17:10:56  접근속도:0.00
17:10:56  TTC:999.00
17:10:56  방향오차:0.0
17:10:56  전방여부:0
17:10:56  위험음성횟수:0
17:10:56  충격음성횟수:0
17:10:56  마지막위험음성:0
17:10:56  RSSI원시:-61
17:10:56  RSSI평활:-59.3
17:10:56  RSSI샘플:10122
17:10:56  RSSI경과ms:78
17:10:56  RSSI구간:4
17:10:56  RSSI거리:2.06
17:10:56  상대보정:0
17:10:56  상대보정중:0
17:10:56  보정동쪽:0.00
17:10:56  보정북쪽:0.00
17:10:56  UWB유효:1
17:10:56  UWB원시거리:4.210
17:10:56  UWB보정거리:4.035
17:10:56  UWB접근속도:-0.377
17:10:56  UWB_RSSI:nan
17:10:56  UWB경과ms:37
17:10:56  UWB샘플:7592
17:10:56  UWB실패:165
17:10:56  UWB보정:1
17:10:56  UWB보정중:0
17:10:56  UWB보정샘플:100
17:10:56  UWB보정기준:3.000
17:10:56  UWB오프셋:0.234
17:10:56  UWB위험사용:0
17:10:56  UWB전송:7587
17:10:56  위험송신:0
17:10:56  시각ms:1566900
17:10:56  IMU시각ms:1566899
17:10:56  위험:0
17:10:56  원시위험:0
17:10:56  GPS유효:1
17:10:56  위도:37.495948
17:10:56  경도:126.956116
17:10:56  속도:0.02
17:10:56  방향:290.8
17:10:56  이동방향유효:0
17:10:56  GPS이동방향:290.8
17:10:56  차체방향유효:0
17:10:56  차체방향:0.0
17:10:56  후진판정:0
17:10:56  IMU요회전속도:0.00
17:10:56  방향가속도크기:9.60
17:10:56  방향자이로크기:3.84
17:10:56  방향자세cos:1.0000
17:10:56  자기모델잔차:25.61
17:10:56  자기모델반경:0.925
17:10:56  방향채택:0
17:10:56  방향거부:168933
17:10:56  GPS원시속도:0.021
17:10:56  GPS원시방향유효:1
17:10:56  GPS원시방향:290.8
17:10:56  가속도:-0.41,0.45,9.58
17:10:56  자이로:-1.9,2.4,-2.3
17:10:56  자력계:10.050,4.500,19.650
17:10:56  충격값:0.15
17:10:56  충격피크:0.15
17:10:56  마지막충격발생값:0.00
17:10:56  마지막충격발생ms:0
17:10:56  송신:14912
17:10:56  지팡이수신:10123
17:10:56  GPS위성:9
17:10:56  GPS_HDOP:1.15
17:10:56  원시위도:37.495950
17:10:56  원시경도:126.956115
17:10:56  GPS채택:1552
17:10:56  GPS이상치거부:0
17:10:56  GPS품질거부:0
17:10:56  GPS재기준:0
17:10:56  계산거리:-1.00
17:10:56  접근속도:0.00
17:10:56  TTC:999.00
17:10:56  방향오차:0.0
17:10:56  전방여부:0
17:10:56  위험음성횟수:0
17:10:56  충격음성횟수:0
17:10:56  마지막위험음성:0
17:10:56  RSSI원시:-56
17:10:56  RSSI평활:-58.6
17:10:56  RSSI샘플:10123
17:10:56  RSSI경과ms:75
17:10:56  RSSI구간:4
17:10:56  RSSI거리:1.93
17:10:56  상대보정:0
17:10:56  상대보정중:0
17:10:56  보정동쪽:0.00
17:10:56  보정북쪽:0.00
17:10:56  UWB유효:1
17:10:56  UWB원시거리:4.210
17:10:56  UWB보정거리:4.035
17:10:56  UWB접근속도:-0.377
17:10:56  UWB_RSSI:nan
17:10:56  UWB경과ms:133
17:10:56  UWB샘플:7592
17:10:56  UWB실패:165
17:10:56  UWB보정:1
17:10:56  UWB보정중:0
17:10:56  UWB보정샘플:100
17:10:56  UWB보정기준:3.000
17:10:56  UWB오프셋:0.234
17:10:56  UWB위험사용:0
17:10:56  UWB전송:7587
17:10:56  위험송신:0
17:10:57  시각ms:1567425
17:10:57  IMU시각ms:1567425
17:10:57  위험:0
17:10:57  원시위험:0
17:10:57  GPS유효:1
17:10:57  위도:37.495948
17:10:57  경도:126.956116
17:10:57  속도:0.02
17:10:57  방향:290.8
17:10:57  이동방향유효:0
17:10:57  GPS이동방향:290.8
17:10:57  차체방향유효:0
17:10:57  차체방향:0.0
17:10:57  후진판정:0
17:10:57  IMU요회전속도:0.00
17:10:57  방향가속도크기:9.71
17:10:57  방향자이로크기:1.25
17:10:57  방향자세cos:0.9999
17:10:57  자기모델잔차:26.31
17:10:57  자기모델반경:0.951
17:10:57  방향채택:0
17:10:57  방향거부:168984
17:10:57  GPS원시속도:0.021
17:10:57  GPS원시방향유효:1
17:10:57  GPS원시방향:290.8
17:10:57  가속도:-0.48,0.34,9.69
17:10:57  자이로:0.1,-1.2,0.3
17:10:57  자력계:9.900,5.400,20.250
17:10:57  충격값:0.08
17:10:57  충격피크:0.11
17:10:57  마지막충격발생값:0.00
17:10:57  마지막충격발생ms:0
17:10:57  송신:14917
17:10:57  지팡이수신:10128
17:10:57  GPS위성:9
17:10:57  GPS_HDOP:1.15
17:10:57  원시위도:37.495950
17:10:57  원시경도:126.956115
17:10:57  GPS채택:1552
17:10:57  GPS이상치거부:0
17:10:57  GPS품질거부:0
17:10:57  GPS재기준:0
17:10:57  계산거리:-1.00
17:10:57  접근속도:0.00
17:10:57  TTC:999.00
17:10:57  방향오차:0.0
17:10:57  전방여부:0
17:10:57  위험음성횟수:0
17:10:57  충격음성횟수:0
17:10:57  마지막위험음성:0
17:10:57  RSSI원시:-53
17:10:57  RSSI평활:-57.7
17:10:57  RSSI샘플:10128
17:10:57  RSSI경과ms:83
17:10:57  RSSI구간:4
17:10:57  RSSI거리:1.77
17:10:57  상대보정:0
17:10:57  상대보정중:0
17:10:57  보정동쪽:0.00
17:10:57  보정북쪽:0.00
17:10:57  UWB유효:1
17:10:57  UWB원시거리:4.550
17:10:57  UWB보정거리:4.297
17:10:57  UWB접근속도:-0.402
17:10:57  UWB_RSSI:nan
17:10:57  UWB경과ms:46
17:10:57  UWB샘플:7595
17:10:57  UWB실패:165
17:10:57  UWB보정:1
17:10:57  UWB보정중:0
17:10:57  UWB보정샘플:100
17:10:57  UWB보정기준:3.000
17:10:57  UWB오프셋:0.234
17:10:57  UWB위험사용:0
17:10:57  UWB전송:7590
17:10:57  위험송신:0
17:10:57  시각ms:1567659
17:10:57  IMU시각ms:1567659
17:10:57  위험:0
17:10:57  원시위험:0
17:10:57  GPS유효:1
17:10:57  위도:37.495948
17:10:57  경도:126.956116
17:10:57  속도:0.02
17:10:57  방향:290.8
17:10:57  이동방향유효:0
17:10:57  GPS이동방향:290.8
17:10:57  차체방향유효:0
17:10:57  차체방향:0.0
17:10:57  후진판정:0
17:10:57  IMU요회전속도:0.00
17:10:57  방향가속도크기:9.73
17:10:57  방향자이로크기:1.94
17:10:57  방향자세cos:1.0000
17:10:57  자기모델잔차:24.94
17:10:57  자기모델반경:0.953
17:10:57  방향채택:0
17:10:57  방향거부:169010
17:10:57  GPS원시속도:0.021
17:10:57  GPS원시방향유효:1
17:10:57  GPS원시방향:290.8
17:10:57  가속도:-0.37,0.45,9.71
17:10:57  자이로:1.0,-0.5,-1.6
17:10:57  자력계:8.850,5.250,18.900
17:10:57  충격값:0.11
17:10:57  충격피크:0.14
17:10:57  마지막충격발생값:0.00
17:10:57  마지막충격발생ms:0
17:10:57  송신:14919
17:10:57  지팡이수신:10130
17:10:57  GPS위성:9
17:10:57  GPS_HDOP:1.15
17:10:57  원시위도:37.495950
17:10:57  원시경도:126.956115
17:10:57  GPS채택:1552
17:10:57  GPS이상치거부:0
17:10:57  GPS품질거부:0
17:10:57  GPS재기준:0
17:10:57  계산거리:-1.00
17:10:57  접근속도:0.00
17:10:57  TTC:999.00
17:10:57  방향오차:0.0
17:10:57  전방여부:0
17:10:57  위험음성횟수:0
17:10:57  충격음성횟수:0
17:10:57  마지막위험음성:0
17:10:57  RSSI원시:-62
17:10:57  RSSI평활:-58.8
17:10:57  RSSI샘플:10130
17:10:57  RSSI경과ms:94
17:10:57  RSSI구간:4
17:10:57  RSSI거리:1.96
17:10:57  상대보정:0
17:10:57  상대보정중:0
17:10:57  보정동쪽:0.00
17:10:57  보정북쪽:0.00
17:10:57  UWB유효:1
17:10:57  UWB원시거리:4.540
17:10:57  UWB보정거리:4.425
17:10:57  UWB접근속도:-0.494
17:10:57  UWB_RSSI:nan
17:10:57  UWB경과ms:98
17:10:57  UWB샘플:7596
17:10:57  UWB실패:165
17:10:57  UWB보정:1
17:10:57  UWB보정중:0
17:10:57  UWB보정샘플:100
17:10:57  UWB보정기준:3.000
17:10:57  UWB오프셋:0.234
17:10:57  UWB위험사용:0
17:10:57  UWB전송:7591
17:10:57  위험송신:0
17:10:57  시각ms:1567680
17:10:57  IMU시각ms:1567680
17:10:57  위험:0
17:10:57  원시위험:0
17:10:57  GPS유효:1
17:10:57  위도:37.495948
17:10:57  경도:126.956116
17:10:57  속도:0.02
17:10:57  방향:290.8
17:10:57  이동방향유효:0
17:10:57  GPS이동방향:290.8
17:10:57  차체방향유효:0
17:10:57  차체방향:0.0
17:10:57  후진판정:0
17:10:57  IMU요회전속도:0.00
17:10:57  방향가속도크기:9.84
17:10:57  방향자이로크기:3.10
17:10:57  방향자세cos:0.9999
17:10:57  자기모델잔차:24.30
17:10:57  자기모델반경:0.903
17:10:57  방향채택:0
17:10:57  방향거부:169012
17:10:57  GPS원시속도:0.021
17:10:57  GPS원시방향유효:1
17:10:57  GPS원시방향:290.8
17:10:57  가속도:-0.41,0.36,9.82
17:10:57  자이로:2.3,-1.9,0.8
17:10:57  자력계:8.850,3.600,18.450
17:10:57  충격값:0.12
17:10:57  충격피크:0.12
17:10:57  마지막충격발생값:0.00
17:10:57  마지막충격발생ms:0
17:10:57  송신:14920
17:10:57  지팡이수신:10131
17:10:57  GPS위성:9
17:10:57  GPS_HDOP:1.15
17:10:57  원시위도:37.495950
17:10:57  원시경도:126.956115
17:10:57  GPS채택:1552
17:10:57  GPS이상치거부:0
17:10:57  GPS품질거부:0
17:10:57  GPS재기준:0
17:10:57  계산거리:-1.00
17:10:57  접근속도:0.00
17:10:57  TTC:999.00
17:10:57  방향오차:0.0
17:10:57  전방여부:0
17:10:57  위험음성횟수:0
17:10:57  충격음성횟수:0
17:10:57  마지막위험음성:0
17:10:57  RSSI원시:-61
17:10:57  RSSI평활:-59.2
17:10:57  RSSI샘플:10131
17:10:57  RSSI경과ms:7
17:10:57  RSSI구간:4
17:10:57  RSSI거리:2.04
17:10:57  상대보정:0
17:10:57  상대보정중:0
17:10:57  보정동쪽:0.00
17:10:57  보정북쪽:0.00
17:10:57  UWB유효:1
17:10:57  UWB원시거리:4.540
17:10:57  UWB보정거리:4.425
17:10:57  UWB접근속도:-0.494
17:10:57  UWB_RSSI:nan
17:10:57  UWB경과ms:119
17:10:57  UWB샘플:7596
17:10:57  UWB실패:165
17:10:57  UWB보정:1
17:10:57  UWB보정중:0
17:10:57  UWB보정샘플:100
17:10:57  UWB보정기준:3.000
17:10:57  UWB오프셋:0.234
17:10:57  UWB위험사용:0
17:10:57  UWB전송:7591
17:10:57  위험송신:0
17:10:57  시각ms:1567706
17:10:57  IMU시각ms:1567706
17:10:57  위험:0
17:10:57  원시위험:0
17:10:57  GPS유효:1
17:10:57  위도:37.495949
17:10:57  경도:126.956115
17:10:57  속도:0.06
17:10:57  방향:290.8
17:10:57  이동방향유효:0
17:10:57  GPS이동방향:290.8
17:10:57  차체방향유효:0
17:10:57  차체방향:0.0
17:10:57  후진판정:0
17:10:57  IMU요회전속도:0.00
17:10:57  방향가속도크기:9.76
17:10:57  방향자이로크기:4.27
17:10:57  방향자세cos:0.9998
17:10:57  자기모델잔차:24.07
17:10:57  자기모델반경:0.959
17:10:57  방향채택:0
17:10:57  방향거부:169015
17:10:57  GPS원시속도:0.103
17:10:57  GPS원시방향유효:1
17:10:57  GPS원시방향:290.8
17:10:57  가속도:-0.35,0.32,9.75
17:10:57  자이로:-2.8,-2.7,-1.8
17:10:57  자력계:10.200,5.400,18.000
17:10:57  충격값:0.07
17:10:57  충격피크:0.11
17:10:57  마지막충격발생값:0.00
17:10:57  마지막충격발생ms:0
17:10:57  송신:14920
17:10:57  지팡이수신:10131
17:10:57  GPS위성:9
17:10:57  GPS_HDOP:1.15
17:10:57  원시위도:37.495951
17:10:57  원시경도:126.956115
17:10:57  GPS채택:1553
17:10:57  GPS이상치거부:0
17:10:57  GPS품질거부:0
17:10:57  GPS재기준:0
17:10:57  계산거리:-1.00
17:10:57  접근속도:0.00
17:10:57  TTC:999.00
17:10:57  방향오차:0.0
17:10:57  전방여부:0
17:10:57  위험음성횟수:0
17:10:57  충격음성횟수:0
17:10:57  마지막위험음성:0
17:10:57  RSSI원시:-61
17:10:57  RSSI평활:-59.2
17:10:57  RSSI샘플:10131
17:10:57  RSSI경과ms:33
17:10:57  RSSI구간:4
17:10:57  RSSI거리:2.04
17:10:57  상대보정:0
17:10:57  상대보정중:0
17:10:57  보정동쪽:0.00
17:10:57  보정북쪽:0.00
17:10:57  UWB유효:1
17:10:57  UWB원시거리:4.540
17:10:57  UWB보정거리:4.425
17:10:57  UWB접근속도:-0.494
17:10:57  UWB_RSSI:nan
17:10:57  UWB경과ms:145
17:10:57  UWB샘플:7596
17:10:57  UWB실패:165
17:10:57  UWB보정:1
17:10:57  UWB보정중:0
17:10:57  UWB보정샘플:100
17:10:57  UWB보정기준:3.000
17:10:57  UWB오프셋:0.234
17:10:57  UWB위험사용:0
17:10:57  UWB전송:7591
17:10:57  위험송신:0
17:10:57  시각ms:1567767
17:10:57  IMU시각ms:1567763
17:10:57  위험:0
17:10:57  원시위험:0
17:10:57  GPS유효:1
17:10:57  위도:37.495949
17:10:57  경도:126.956115
17:10:57  속도:0.06
17:10:57  방향:290.8
17:10:57  이동방향유효:0
17:10:57  GPS이동방향:290.8
17:10:57  차체방향유효:0
17:10:57  차체방향:0.0
17:10:57  후진판정:0
17:10:57  IMU요회전속도:0.00
17:10:57  방향가속도크기:9.73
17:10:57  방향자이로크기:1.34
17:10:57  방향자세cos:0.9998
17:10:57  자기모델잔차:25.08
17:10:57  자기모델반경:0.947
17:10:57  방향채택:0
17:10:57  방향거부:169021
17:10:57  GPS원시속도:0.103
17:10:57  GPS원시방향유효:1
17:10:57  GPS원시방향:290.8
17:10:57  가속도:-0.43,0.31,9.71
17:10:57  자이로:-0.2,1.3,0.1
17:10:57  자력계:9.450,5.100,19.050
17:10:57  충격값:0.05
17:10:57  충격피크:0.17
17:10:57  마지막충격발생값:0.00
17:10:57  마지막충격발생ms:0
17:10:57  송신:14920
17:10:57  지팡이수신:10131
17:10:57  GPS위성:9
17:10:57  GPS_HDOP:1.15
17:10:57  원시위도:37.495951
17:10:57  원시경도:126.956115
17:10:57  GPS채택:1553
17:10:57  GPS이상치거부:0
17:10:57  GPS품질거부:0
17:10:57  GPS재기준:0
17:10:57  계산거리:-1.00
17:10:57  접근속도:0.00
17:10:57  TTC:999.00
17:10:57  방향오차:0.0
17:10:57  전방여부:0
17:10:57  위험음성횟수:0
17:10:57  충격음성횟수:0
17:10:57  마지막위험음성:0
17:10:57  RSSI원시:-61
17:10:57  RSSI평활:-59.2
17:10:57  RSSI샘플:10131
17:10:57  RSSI경과ms:94
17:10:57  RSSI구간:4
17:10:57  RSSI거리:2.04
17:10:57  상대보정:0
17:10:57  상대보정중:0
17:10:57  보정동쪽:0.00
17:10:57  보정북쪽:0.00
17:10:57  UWB유효:1
17:10:57  UWB원시거리:4.780
17:10:57  UWB보정거리:4.547
17:10:57  UWB접근속도:-0.524
17:10:57  UWB_RSSI:nan
17:10:57  UWB경과ms:0
17:10:57  UWB샘플:7597
17:10:57  UWB실패:165
17:10:57  UWB보정:1
17:10:57  UWB보정중:0
17:10:57  UWB보정샘플:100
17:10:57  UWB보정기준:3.000
17:10:57  UWB오프셋:0.234
17:10:57  UWB위험사용:0
17:10:57  UWB전송:7592
17:10:57  위험송신:0
17:10:57  시각ms:1567788
17:10:57  IMU시각ms:1567788
17:10:57  위험:0
17:10:57  원시위험:0
17:10:57  GPS유효:1
17:10:57  위도:37.495949
17:10:57  경도:126.956115
17:10:57  속도:0.06
17:10:57  방향:290.8
17:10:57  이동방향유효:0
17:10:57  GPS이동방향:290.8
17:10:57  차체방향유효:0
17:10:57  차체방향:0.0
17:10:57  후진판정:0
17:10:57  IMU요회전속도:0.00
17:10:57  방향가속도크기:9.70
17:10:57  방향자이로크기:2.58
17:10:57  방향자세cos:1.0000
17:10:57  자기모델잔차:26.98
17:10:57  자기모델반경:0.897
17:10:57  방향채택:0
17:10:57  방향거부:169023
17:10:57  GPS원시속도:0.103
17:10:57  GPS원시방향유효:1
17:10:57  GPS원시방향:290.8
17:10:57  가속도:-0.42,0.51,9.67
17:10:57  자이로:-0.9,1.7,-1.7
17:10:57  자력계:7.800,3.600,21.150
17:10:57  충격값:0.17
17:10:57  충격피크:0.17
17:10:57  마지막충격발생값:0.00
17:10:57  마지막충격발생ms:0
17:10:57  송신:14921
17:10:57  지팡이수신:10131
17:10:57  GPS위성:9
17:10:57  GPS_HDOP:1.15
17:10:57  원시위도:37.495951
17:10:57  원시경도:126.956115
17:10:57  GPS채택:1553
17:10:57  GPS이상치거부:0
17:10:57  GPS품질거부:0
17:10:57  GPS재기준:0
17:10:57  계산거리:-1.00
17:10:57  접근속도:0.00
17:10:57  TTC:999.00
17:10:57  방향오차:0.0
17:10:57  전방여부:0
17:10:57  위험음성횟수:0
17:10:57  충격음성횟수:0
17:10:57  마지막위험음성:0
17:10:57  RSSI원시:-61
17:10:57  RSSI평활:-59.2
17:10:57  RSSI샘플:10131
17:10:57  RSSI경과ms:115
17:10:57  RSSI구간:4
17:10:57  RSSI거리:2.04
17:10:57  상대보정:0
17:10:57  상대보정중:0
17:10:57  보정동쪽:0.00
17:10:57  보정북쪽:0.00
17:10:57  UWB유효:1
17:10:57  UWB원시거리:4.780
17:10:57  UWB보정거리:4.547
17:10:57  UWB접근속도:-0.524
17:10:57  UWB_RSSI:nan
17:10:57  UWB경과ms:21
17:10:57  UWB샘플:7597
17:10:57  UWB실패:165
17:10:57  UWB보정:1
17:10:57  UWB보정중:0
17:10:57  UWB보정샘플:100
17:10:57  UWB보정기준:3.000
17:10:57  UWB오프셋:0.234
17:10:57  UWB위험사용:0
17:10:57  UWB전송:7592
17:10:57  위험송신:0
17:10:57  시각ms:1567818
17:10:57  IMU시각ms:1567818
17:10:57  위험:0
17:10:57  원시위험:0
17:10:57  GPS유효:1
17:10:57  위도:37.495949
17:10:57  경도:126.956115
17:10:57  속도:0.06
17:10:57  방향:290.8
17:10:57  이동방향유효:0
17:10:57  GPS이동방향:290.8
17:10:57  차체방향유효:0
17:10:57  차체방향:0.0
17:10:57  후진판정:0
17:10:57  IMU요회전속도:0.00
17:10:57  방향가속도크기:9.68
17:10:57  방향자이로크기:3.22
17:10:57  방향자세cos:0.9996
17:10:57  자기모델잔차:25.52
17:10:57  자기모델반경:0.945
17:10:57  방향채택:0
17:10:57  방향거부:169026
17:10:57  GPS원시속도:0.103
17:10:57  GPS원시방향유효:1
17:10:57  GPS원시방향:290.8
17:10:57  가속도:-0.43,0.20,9.67
17:10:57  자이로:-2.1,0.6,-2.4
17:10:57  자력계:9.450,5.100,19.500
17:10:57  충격값:0.15
17:10:57  충격피크:0.17
17:10:57  마지막충격발생값:0.00
17:10:57  마지막충격발생ms:0
17:10:57  송신:14921
17:10:57  지팡이수신:10132
17:10:57  GPS위성:9
17:10:57  GPS_HDOP:1.15
17:10:57  원시위도:37.495951
17:10:57  원시경도:126.956115
17:10:57  GPS채택:1553
17:10:57  GPS이상치거부:0
17:10:57  GPS품질거부:0
17:10:57  GPS재기준:0
17:10:57  계산거리:-1.00
17:10:57  접근속도:0.00
17:10:57  TTC:999.00
17:10:57  방향오차:0.0
17:10:57  전방여부:0
17:10:57  위험음성횟수:0
17:10:57  충격음성횟수:0
17:10:57  마지막위험음성:0
17:10:57  RSSI원시:-56
17:10:57  RSSI평활:-58.6
17:10:57  RSSI샘플:10132
17:10:57  RSSI경과ms:17
17:10:57  RSSI구간:4
17:10:57  RSSI거리:1.92
17:10:57  상대보정:0
17:10:57  상대보정중:0
17:10:57  보정동쪽:0.00
17:10:57  보정북쪽:0.00
17:10:57  UWB유효:1
17:10:57  UWB원시거리:4.780
17:10:57  UWB보정거리:4.547
17:10:57  UWB접근속도:-0.524
17:10:57  UWB_RSSI:nan
17:10:57  UWB경과ms:51
17:10:57  UWB샘플:7597
17:10:57  UWB실패:165
17:10:57  UWB보정:1
17:10:57  UWB보정중:0
17:10:57  UWB보정샘플:100
17:10:57  UWB보정기준:3.000
17:10:57  UWB오프셋:0.234
17:10:57  UWB위험사용:0
17:10:57  UWB전송:7592
17:10:57  위험송신:0
17:10:57  시각ms:1567845
17:10:57  IMU시각ms:1567845
17:10:57  위험:0
17:10:57  원시위험:0
17:10:57  GPS유효:1
17:10:57  위도:37.495949
17:10:57  경도:126.956115
17:10:57  속도:0.06
17:10:57  방향:290.8
17:10:57  이동방향유효:0
17:10:57  GPS이동방향:290.8
17:10:57  차체방향유효:0
17:10:57  차체방향:0.0
17:10:57  후진판정:0
17:10:57  IMU요회전속도:0.00
17:10:57  방향가속도크기:9.70
17:10:57  방향자이로크기:1.26
17:10:57  방향자세cos:0.9999
17:10:57  자기모델잔차:25.07
17:10:57  자기모델반경:0.948
17:10:57  방향채택:0
17:10:57  방향거부:169029
17:10:57  GPS원시속도:0.103
17:10:57  GPS원시방향유효:1
17:10:57  GPS원시방향:290.8
17:10:57  가속도:-0.39,0.34,9.68
17:10:57  자이로:0.4,1.0,0.6
17:10:57  자력계:8.700,5.100,19.050
17:10:57  충격값:0.02
17:10:57  충격피크:0.08
17:10:57  마지막충격발생값:0.00
17:10:57  마지막충격발생ms:0
17:10:57  송신:14921
17:10:57  지팡이수신:10132
17:10:57  GPS위성:9
17:10:57  GPS_HDOP:1.15
17:10:57  원시위도:37.495951
17:10:57  원시경도:126.956115
17:10:57  GPS채택:1553
17:10:57  GPS이상치거부:0
17:10:57  GPS품질거부:0
17:10:57  GPS재기준:0
17:10:57  계산거리:-1.00
17:10:57  접근속도:0.00
17:10:57  TTC:999.00
17:10:57  방향오차:0.0
17:10:57  전방여부:0
17:10:57  위험음성횟수:0
17:10:57  충격음성횟수:0
17:10:57  마지막위험음성:0
17:10:57  RSSI원시:-56
17:10:57  RSSI평활:-58.6
17:10:57  RSSI샘플:10132
17:10:57  RSSI경과ms:44
17:10:57  RSSI구간:4
17:10:57  RSSI거리:1.92
17:10:57  상대보정:0
17:10:57  상대보정중:0
17:10:57  보정동쪽:0.00
17:10:57  보정북쪽:0.00
17:10:57  UWB유효:1
17:10:57  UWB원시거리:4.780
17:10:57  UWB보정거리:4.547
17:10:57  UWB접근속도:-0.524
17:10:57  UWB_RSSI:nan
17:10:57  UWB경과ms:78
17:10:57  UWB샘플:7597
17:10:57  UWB실패:165
17:10:57  UWB보정:1
17:10:57  UWB보정중:0
17:10:57  UWB보정샘플:100
17:10:57  UWB보정기준:3.000
17:10:57  UWB오프셋:0.234
17:10:57  UWB위험사용:0
17:10:57  UWB전송:7592
17:10:57  위험송신:0
17:10:57  시각ms:1567871
17:10:57  IMU시각ms:1567871
17:10:57  위험:0
17:10:57  원시위험:0
17:10:57  GPS유효:1
17:10:57  위도:37.495949
17:10:57  경도:126.956115
17:10:57  속도:0.06
17:10:57  방향:290.8
17:10:57  이동방향유효:0
17:10:57  GPS이동방향:290.8
17:10:57  차체방향유효:0
17:10:57  차체방향:0.0
17:10:57  후진판정:0
17:10:57  IMU요회전속도:0.00
17:10:57  방향가속도크기:9.67
17:10:57  방향자이로크기:1.47
17:10:57  방향자세cos:0.9998
17:10:57  자기모델잔차:25.99
17:10:57  자기모델반경:0.948
17:10:57  방향채택:0
17:10:57  방향거부:169032
17:10:57  GPS원시속도:0.103
17:10:57  GPS원시방향유효:1
17:10:57  GPS원시방향:290.8
17:10:57  가속도:-0.37,0.30,9.66
17:10:57  자이로:-0.8,-0.8,-0.9
17:10:57  자력계:9.300,5.250,19.950
17:10:57  충격값:0.07
17:10:57  충격피크:0.22
17:10:57  마지막충격발생값:0.00
17:10:57  마지막충격발생ms:0
17:10:57  송신:14921
17:10:57  지팡이수신:10132
17:10:57  GPS위성:9
17:10:57  GPS_HDOP:1.15
17:10:57  원시위도:37.495951
17:10:57  원시경도:126.956115
17:10:57  GPS채택:1553
17:10:57  GPS이상치거부:0
17:10:57  GPS품질거부:0
17:10:57  GPS재기준:0
17:10:57  계산거리:-1.00
17:10:57  접근속도:0.00
17:10:57  TTC:999.00
17:10:57  방향오차:0.0
17:10:57  전방여부:0
17:10:57  위험음성횟수:0
17:10:57  충격음성횟수:0
17:10:57  마지막위험음성:0
17:10:57  RSSI원시:-56
17:10:57  RSSI평활:-58.6
17:10:57  RSSI샘플:10132
17:10:57  RSSI경과ms:70
17:10:57  RSSI구간:4
17:10:57  RSSI거리:1.92
17:10:57  상대보정:0
17:10:57  상대보정중:0
17:10:57  보정동쪽:0.00
17:10:57  보정북쪽:0.00
17:10:57  UWB유효:1
17:10:57  UWB원시거리:4.780
17:10:57  UWB보정거리:4.547
17:10:57  UWB접근속도:-0.524
17:10:57  UWB_RSSI:nan
17:10:57  UWB경과ms:104
17:10:57  UWB샘플:7597
17:10:57  UWB실패:165
17:10:57  UWB보정:1
17:10:57  UWB보정중:0
17:10:57  UWB보정샘플:100
17:10:57  UWB보정기준:3.000
17:10:57  UWB오프셋:0.234
17:10:57  UWB위험사용:0
17:10:57  UWB전송:7592
17:10:57  위험송신:0
17:10:57  시각ms:1567891
17:10:57  IMU시각ms:1567891
17:10:57  위험:0
17:10:57  원시위험:0
17:10:57  GPS유효:1
17:10:57  위도:37.495949
17:10:57  경도:126.956115
17:10:57  속도:0.06
17:10:57  방향:290.8
17:10:57  이동방향유효:0
17:10:57  GPS이동방향:290.8
17:10:57  차체방향유효:0
17:10:57  차체방향:0.0
17:10:57  후진판정:0
17:10:57  IMU요회전속도:0.00
17:10:57  방향가속도크기:9.79
17:10:57  방향자이로크기:1.83
17:10:57  방향자세cos:0.9998
17:10:57  자기모델잔차:24.25
17:10:57  자기모델반경:0.969
17:10:57  방향채택:0
17:10:57  방향거부:169034
17:10:57  GPS원시속도:0.103
17:10:57  GPS원시방향유효:1
17:10:57  GPS원시방향:290.8
17:10:57  가속도:-0.38,0.31,9.78
17:10:57  자이로:1.1,-1.5,0.2
17:10:57  자력계:9.300,5.700,18.150
17:10:57  충격값:0.09
17:10:57  충격피크:0.11
17:10:57  마지막충격발생값:0.00
17:10:57  마지막충격발생ms:0
17:10:57  송신:14922
17:10:57  지팡이수신:10132
17:10:57  GPS위성:9
17:10:57  GPS_HDOP:1.15
17:10:57  원시위도:37.495951
17:10:57  원시경도:126.956115
17:10:57  GPS채택:1553
17:10:57  GPS이상치거부:0
17:10:57  GPS품질거부:0
17:10:57  GPS재기준:0
17:10:57  계산거리:-1.00
17:10:57  접근속도:0.00
17:10:57  TTC:999.00
17:10:57  방향오차:0.0
17:10:57  전방여부:0
17:10:57  위험음성횟수:0
17:10:57  충격음성횟수:0
17:10:57  마지막위험음성:0
17:10:57  RSSI원시:-56
17:10:57  RSSI평활:-58.6
17:10:57  RSSI샘플:10132
17:10:57  RSSI경과ms:90
17:10:57  RSSI구간:4
17:10:57  RSSI거리:1.92
17:10:57  상대보정:0
17:10:57  상대보정중:0
17:10:57  보정동쪽:0.00
17:10:57  보정북쪽:0.00
17:10:57  UWB유효:1
17:10:57  UWB원시거리:4.780
17:10:57  UWB보정거리:4.547
17:10:57  UWB접근속도:-0.524
17:10:57  UWB_RSSI:nan
17:10:57  UWB경과ms:124
17:10:57  UWB샘플:7597
17:10:57  UWB실패:165
17:10:57  UWB보정:1
17:10:57  UWB보정중:0
17:10:57  UWB보정샘플:100
17:10:57  UWB보정기준:3.000
17:10:57  UWB오프셋:0.234
17:10:57  UWB위험사용:0
17:10:57  UWB전송:7592
17:10:57  위험송신:0
17:10:57  시각ms:1567918
17:10:57  IMU시각ms:1567917
17:10:57  위험:0
17:10:57  원시위험:0
17:10:57  GPS유효:1
17:10:57  위도:37.495949
17:10:57  경도:126.956115
17:10:57  속도:0.06
17:10:57  방향:290.8
17:10:57  이동방향유효:0
17:10:57  GPS이동방향:290.8
17:10:57  차체방향유효:0
17:10:57  차체방향:0.0
17:10:57  후진판정:0
17:10:57  IMU요회전속도:0.00
17:10:57  방향가속도크기:9.69
17:10:57  방향자이로크기:2.90
17:10:57  방향자세cos:0.9997
17:10:57  자기모델잔차:26.43
17:10:57  자기모델반경:0.948
17:10:57  방향채택:0
17:10:57  방향거부:169037
17:10:57  GPS원시속도:0.103
17:10:57  GPS원시방향유효:1
17:10:57  GPS원시방향:290.8
17:10:57  가속도:-0.40,0.24,9.68
17:10:57  자이로:-1.4,-0.3,-2.5
17:10:57  자력계:8.850,5.250,20.400
17:10:57  충격값:0.10
17:10:57  충격피크:0.12
17:10:57  마지막충격발생값:0.00
17:10:57  마지막충격발생ms:0
17:10:57  송신:14922
17:10:57  지팡이수신:10133
17:10:57  GPS위성:9
17:10:57  GPS_HDOP:1.15
17:10:57  원시위도:37.495951
17:10:57  원시경도:126.956115
17:10:57  GPS채택:1553
17:10:57  GPS이상치거부:0
17:10:57  GPS품질거부:0
17:10:57  GPS재기준:0
17:10:57  계산거리:-1.00
17:10:57  접근속도:0.00
17:10:57  TTC:999.00
17:10:57  방향오차:0.0
17:10:57  전방여부:0
17:10:57  위험음성횟수:0
17:10:57  충격음성횟수:0
17:10:57  마지막위험음성:0
17:10:57  RSSI원시:-55
17:10:57  RSSI평활:-57.9
17:10:57  RSSI샘플:10133
17:10:57  RSSI경과ms:14
17:10:57  RSSI구간:4
17:10:57  RSSI거리:1.80
17:10:57  상대보정:0
17:10:57  상대보정중:0
17:10:57  보정동쪽:0.00
17:10:57  보정북쪽:0.00
17:10:57  UWB유효:1
17:10:57  UWB원시거리:4.780
17:10:57  UWB보정거리:4.547
17:10:57  UWB접근속도:-0.524
17:10:57  UWB_RSSI:nan
17:10:57  UWB경과ms:151
17:10:57  UWB샘플:7597
17:10:57  UWB실패:165
17:10:57  UWB보정:1
17:10:57  UWB보정중:0
17:10:57  UWB보정샘플:100
17:10:57  UWB보정기준:3.000
17:10:57  UWB오프셋:0.234
17:10:57  UWB위험사용:0
17:10:57  UWB전송:7592
17:10:57  위험송신:0
17:10:57  시각ms:1567943
17:10:57  IMU시각ms:1567943
17:10:57  위험:0
17:10:57  원시위험:0
17:10:57  GPS유효:1
17:10:57  위도:37.495949
17:10:57  경도:126.956115
17:10:57  속도:0.06
17:10:57  방향:290.8
17:10:57  이동방향유효:0
17:10:57  GPS이동방향:290.8
17:10:57  차체방향유효:0
17:10:57  차체방향:0.0
17:10:57  후진판정:0
17:10:57  IMU요회전속도:0.00
17:10:57  방향가속도크기:9.89
17:10:57  방향자이로크기:2.88
17:10:57  방향자세cos:1.0000
17:10:57  자기모델잔차:24.86
17:10:57  자기모델반경:0.928
17:10:57  방향채택:0
17:10:57  방향거부:169040
17:10:57  GPS원시속도:0.103
17:10:57  GPS원시방향유효:1
17:10:57  GPS원시방향:290.8
17:10:57  가속도:-0.45,0.41,9.87
17:10:57  자이로:0.7,2.2,-1.7
17:10:57  자력계:9.600,4.500,18.900
17:10:57  충격값:0.18
17:10:57  충격피크:0.18
17:10:57  마지막충격발생값:0.00
17:10:57  마지막충격발생ms:0
17:10:57  송신:14922
17:10:57  지팡이수신:10133
17:10:57  GPS위성:9
17:10:57  GPS_HDOP:1.15
17:10:57  원시위도:37.495951
17:10:57  원시경도:126.956115
17:10:57  GPS채택:1553
17:10:57  GPS이상치거부:0
17:10:57  GPS품질거부:0
17:10:57  GPS재기준:0
17:10:57  계산거리:-1.00
17:10:57  접근속도:0.00
17:10:57  TTC:999.00
17:10:57  방향오차:0.0
17:10:57  전방여부:0
17:10:57  위험음성횟수:0
17:10:57  충격음성횟수:0
17:10:57  마지막위험음성:0
17:10:57  RSSI원시:-55
17:10:57  RSSI평활:-57.9
17:10:57  RSSI샘플:10133
17:10:57  RSSI경과ms:39
17:10:57  RSSI구간:4
17:10:57  RSSI거리:1.80
17:10:57  상대보정:0
17:10:57  상대보정중:0
17:10:57  보정동쪽:0.00
17:10:57  보정북쪽:0.00
17:10:57  UWB유효:1
17:10:57  UWB원시거리:4.780
17:10:57  UWB보정거리:4.547
17:10:57  UWB접근속도:-0.524
17:10:57  UWB_RSSI:nan
17:10:57  UWB경과ms:176
17:10:57  UWB샘플:7597
17:10:57  UWB실패:165
17:10:57  UWB보정:1
17:10:57  UWB보정중:0
17:10:57  UWB보정샘플:100
17:10:57  UWB보정기준:3.000
17:10:57  UWB오프셋:0.234
17:10:57  UWB위험사용:0
17:10:57  UWB전송:7592
17:10:57  위험송신:0
17:10:57  시각ms:1567965
17:10:57  IMU시각ms:1567962
17:10:57  위험:0
17:10:57  원시위험:0
17:10:57  GPS유효:1
17:10:57  위도:37.495949
17:10:57  경도:126.956115
17:10:57  속도:0.06
17:10:57  방향:290.8
17:10:57  이동방향유효:0
17:10:57  GPS이동방향:290.8
17:10:57  차체방향유효:0
17:10:57  차체방향:0.0
17:10:57  후진판정:0
17:10:57  IMU요회전속도:0.00
17:10:57  방향가속도크기:9.78
17:10:57  방향자이로크기:3.40
17:10:57  방향자세cos:0.9999
17:10:57  자기모델잔차:24.89
17:10:57  자기모델반경:0.937
17:10:57  방향채택:0
17:10:57  방향거부:169042
17:10:57  GPS원시속도:0.103
17:10:57  GPS원시방향유효:1
17:10:57  GPS원시방향:290.8
17:10:57  가속도:-0.43,0.37,9.77
17:10:57  자이로:1.2,-3.1,-0.5
17:10:57  자력계:9.600,4.800,18.900
17:10:57  충격값:0.07
17:10:57  충격피크:0.09
17:10:57  마지막충격발생값:0.00
17:10:57  마지막충격발생ms:0
17:10:57  송신:14922
17:10:57  지팡이수신:10133
17:10:57  GPS위성:9
17:10:57  GPS_HDOP:1.15
17:10:57  원시위도:37.495951
17:10:57  원시경도:126.956115
17:10:57  GPS채택:1553
17:10:57  GPS이상치거부:0
17:10:57  GPS품질거부:0
17:10:57  GPS재기준:0
17:10:57  계산거리:-1.00
17:10:57  접근속도:0.00
17:10:57  TTC:999.00
17:10:57  방향오차:0.0
17:10:57  전방여부:0
17:10:57  위험음성횟수:0
17:10:57  충격음성횟수:0
17:10:57  마지막위험음성:0
17:10:57  RSSI원시:-55
17:10:57  RSSI평활:-57.9
17:10:57  RSSI샘플:10133
17:10:57  RSSI경과ms:61
17:10:57  RSSI구간:4
17:10:57  RSSI거리:1.80
17:10:57  상대보정:0
17:10:57  상대보정중:0
17:10:57  보정동쪽:0.00
17:10:57  보정북쪽:0.00
17:10:57  UWB유효:1
17:10:57  UWB원시거리:4.710
17:10:57  UWB보정거리:4.630
17:10:57  UWB접근속도:-0.492
17:10:57  UWB_RSSI:nan
17:10:57  UWB경과ms:0
17:10:57  UWB샘플:7598
17:10:57  UWB실패:165
17:10:57  UWB보정:1
17:10:57  UWB보정중:0
17:10:57  UWB보정샘플:100
17:10:57  UWB보정기준:3.000
17:10:57  UWB오프셋:0.234
17:10:57  UWB위험사용:0
17:10:57  UWB전송:7593
17:10:57  위험송신:0
17:10:57  시각ms:1567988
17:10:57  IMU시각ms:1567987
17:10:57  위험:0
17:10:57  원시위험:0
17:10:57  GPS유효:1
17:10:57  위도:37.495949
17:10:57  경도:126.956115
17:10:57  속도:0.06
17:10:57  방향:290.8
17:10:57  이동방향유효:0
17:10:57  GPS이동방향:290.8
17:10:57  차체방향유효:0
17:10:57  차체방향:0.0
17:10:57  후진판정:0
17:10:57  IMU요회전속도:0.00
17:10:57  방향가속도크기:9.80
17:10:57  방향자이로크기:0.65
17:10:57  방향자세cos:0.9998
17:10:57  자기모델잔차:25.85
17:10:57  자기모델반경:0.912
17:10:57  방향채택:0
17:10:57  방향거부:169044
17:10:57  GPS원시속도:0.103
17:10:57  GPS원시방향유효:1
17:10:57  GPS원시방향:290.8
17:10:57  가속도:-0.42,0.30,9.78
17:10:57  자이로:0.2,0.5,-0.3
17:10:57  자력계:8.850,4.050,19.950
17:10:57  충격값:0.09
17:10:57  충격피크:0.10
17:10:57  마지막충격발생값:0.00
17:10:57  마지막충격발생ms:0
17:10:57  송신:14923
17:10:57  지팡이수신:10134
17:10:57  GPS위성:9
17:10:57  GPS_HDOP:1.15
17:10:57  원시위도:37.495951
17:10:57  원시경도:126.956115
17:10:57  GPS채택:1553
17:10:57  GPS이상치거부:0
17:10:57  GPS품질거부:0
17:10:57  GPS재기준:0
17:10:57  계산거리:-1.00
17:10:57  접근속도:0.00
17:10:57  TTC:999.00
17:10:57  방향오차:0.0
17:10:57  전방여부:0
17:10:57  위험음성횟수:0
17:10:57  충격음성횟수:0
17:10:57  마지막위험음성:0
17:10:57  RSSI원시:-57
17:10:57  RSSI평활:-57.7
17:10:57  RSSI샘플:10134
17:10:57  RSSI경과ms:16
17:10:57  RSSI구간:4
17:10:57  RSSI거리:1.77
17:10:57  상대보정:0
17:10:57  상대보정중:0
17:10:57  보정동쪽:0.00
17:10:57  보정북쪽:0.00
17:10:57  UWB유효:1
17:10:57  UWB원시거리:4.710
17:10:57  UWB보정거리:4.630
17:10:57  UWB접근속도:-0.492
17:10:57  UWB_RSSI:nan
17:10:57  UWB경과ms:23
17:10:57  UWB샘플:7598
17:10:57  UWB실패:165
17:10:57  UWB보정:1
17:10:57  UWB보정중:0
17:10:57  UWB보정샘플:100
17:10:57  UWB보정기준:3.000
17:10:57  UWB오프셋:0.234
17:10:57  UWB위험사용:0
17:10:57  UWB전송:7593
17:10:57  위험송신:0
17:10:57  시각ms:1568007
17:10:57  IMU시각ms:1568006
17:10:57  위험:0
17:10:57  원시위험:0
17:10:57  GPS유효:1
17:10:57  위도:37.495949
17:10:57  경도:126.956115
17:10:57  속도:0.06
17:10:57  방향:290.8
17:10:57  이동방향유효:0
17:10:57  GPS이동방향:290.8
17:10:57  차체방향유효:0
17:10:57  차체방향:0.0
17:10:57  후진판정:0
17:10:57  IMU요회전속도:0.00
17:10:57  방향가속도크기:9.74
17:10:57  방향자이로크기:2.24
17:10:57  방향자세cos:0.9998
17:10:57  자기모델잔차:26.73
17:10:57  자기모델반경:0.945
17:10:57  방향채택:0
17:10:57  방향거부:169046
17:10:57  GPS원시속도:0.103
17:10:57  GPS원시방향유효:1
17:10:57  GPS원시방향:290.8
17:10:57  가속도:-0.30,0.37,9.73
17:10:57  자이로:1.5,-1.1,1.3
17:10:57  자력계:9.600,5.250,20.700
17:10:57  충격값:0.11
17:10:57  충격피크:0.11
17:10:57  마지막충격발생값:0.00
17:10:57  마지막충격발생ms:0
17:10:57  송신:14923
17:10:57  지팡이수신:10134
17:10:57  GPS위성:9
17:10:57  GPS_HDOP:1.15
17:10:57  원시위도:37.495951
17:10:57  원시경도:126.956115
17:10:57  GPS채택:1553
17:10:57  GPS이상치거부:0
17:10:57  GPS품질거부:0
17:10:57  GPS재기준:0
17:10:57  계산거리:-1.00
17:10:57  접근속도:0.00
17:10:57  TTC:999.00
17:10:57  방향오차:0.0
17:10:57  전방여부:0
17:10:57  위험음성횟수:0
17:10:57  충격음성횟수:0
17:10:57  마지막위험음성:0
17:10:57  RSSI원시:-57
17:10:57  RSSI평활:-57.7
17:10:57  RSSI샘플:10134
17:10:57  RSSI경과ms:35
17:10:57  RSSI구간:4
17:10:57  RSSI거리:1.77
17:10:57  상대보정:0
17:10:57  상대보정중:0
17:10:57  보정동쪽:0.00
17:10:57  보정북쪽:0.00
17:10:57  UWB유효:1
17:10:57  UWB원시거리:4.710
17:10:57  UWB보정거리:4.630
17:10:57  UWB접근속도:-0.492
17:10:57  UWB_RSSI:nan
17:10:57  UWB경과ms:42
17:10:57  UWB샘플:7598
17:10:57  UWB실패:165
17:10:57  UWB보정:1
17:10:57  UWB보정중:0
17:10:57  UWB보정샘플:100
17:10:57  UWB보정기준:3.000
17:10:57  UWB오프셋:0.234
17:10:57  UWB위험사용:0
17:10:57  UWB전송:7593
17:10:57  위험송신:0
17:10:57  시각ms:1568034
17:10:57  IMU시각ms:1568033
17:10:57  위험:0
17:10:57  원시위험:0
17:10:57  GPS유효:1
17:10:57  위도:37.495949
17:10:57  경도:126.956115
17:10:57  속도:0.06
17:10:57  방향:290.8
17:10:57  이동방향유효:0
17:10:57  GPS이동방향:290.8
17:10:57  차체방향유효:0
17:10:57  차체방향:0.0
17:10:57  후진판정:0
17:10:57  IMU요회전속도:0.00
17:10:57  방향가속도크기:9.73
17:10:57  방향자이로크기:1.86
17:10:57  방향자세cos:0.9998
17:10:57  자기모델잔차:23.75
17:10:57  자기모델반경:0.957
17:10:57  방향채택:0
17:10:57  방향거부:169049
17:10:57  GPS원시속도:0.103
17:10:57  GPS원시방향유효:1
17:10:57  GPS원시방향:290.8
17:10:57  가속도:-0.42,0.31,9.72
17:10:57  자이로:-0.5,1.6,-0.7
17:10:57  자력계:9.300,5.250,17.700
17:10:57  충격값:0.03
17:10:57  충격피크:0.10
17:10:57  마지막충격발생값:0.00
17:10:57  마지막충격발생ms:0
17:10:57  송신:14923
17:10:57  지팡이수신:10134
17:10:57  GPS위성:9
17:10:57  GPS_HDOP:1.15
17:10:57  원시위도:37.495951
17:10:57  원시경도:126.956115
17:10:57  GPS채택:1553
17:10:57  GPS이상치거부:0
17:10:57  GPS품질거부:0
17:10:57  GPS재기준:0
17:10:57  계산거리:-1.00
17:10:57  접근속도:0.00
17:10:57  TTC:999.00
17:10:57  방향오차:0.0
17:10:57  전방여부:0
17:10:57  위험음성횟수:0
17:10:57  충격음성횟수:0
17:10:57  마지막위험음성:0
17:10:57  RSSI원시:-57
17:10:57  RSSI평활:-57.7
17:10:57  RSSI샘플:10134
17:10:57  RSSI경과ms:62
17:10:57  RSSI구간:4
17:10:57  RSSI거리:1.77
17:10:57  상대보정:0
17:10:57  상대보정중:0
17:10:57  보정동쪽:0.00
17:10:57  보정북쪽:0.00
17:10:57  UWB유효:1
17:10:57  UWB원시거리:4.710
17:10:57  UWB보정거리:4.630
17:10:57  UWB접근속도:-0.492
17:10:57  UWB_RSSI:nan
17:10:57  UWB경과ms:69
17:10:57  UWB샘플:7598
17:10:57  UWB실패:165
17:10:57  UWB보정:1
17:10:57  UWB보정중:0
17:10:57  UWB보정샘플:100
17:10:57  UWB보정기준:3.000
17:10:57  UWB오프셋:0.234
17:10:57  UWB위험사용:0
17:10:57  UWB전송:7593
17:10:57  위험송신:0
17:10:57  시각ms:1568061
17:10:57  IMU시각ms:1568061
17:10:57  위험:0
17:10:57  원시위험:0
17:10:57  GPS유효:1
17:10:57  위도:37.495949
17:10:57  경도:126.956115
17:10:57  속도:0.06
17:10:57  방향:290.8
17:10:57  이동방향유효:0
17:10:57  GPS이동방향:290.8
17:10:57  차체방향유효:0
17:10:57  차체방향:0.0
17:10:57  후진판정:0
17:10:57  IMU요회전속도:0.00
17:10:57  방향가속도크기:9.71
17:10:57  방향자이로크기:2.11
17:10:57  방향자세cos:1.0000
17:10:57  자기모델잔차:24.44
17:10:57  자기모델반경:0.944
17:10:57  방향채택:0
17:10:57  방향거부:169052
17:10:57  GPS원시속도:0.103
17:10:57  GPS원시방향유효:1
17:10:57  GPS원시방향:290.8
17:10:57  가속도:-0.45,0.40,9.69
17:10:57  자이로:0.4,0.7,-1.9
17:10:57  자력계:7.800,4.800,18.450
17:10:57  충격값:0.08
17:10:57  충격피크:0.08
17:10:57  마지막충격발생값:0.00
17:10:57  마지막충격발생ms:0
17:10:57  송신:14923
17:10:57  지팡이수신:10134
17:10:57  GPS위성:9
17:10:57  GPS_HDOP:1.15
17:10:57  원시위도:37.495951
17:10:57  원시경도:126.956115
17:10:57  GPS채택:1553
17:10:57  GPS이상치거부:0
17:10:57  GPS품질거부:0
17:10:57  GPS재기준:0
17:10:57  계산거리:-1.00
17:10:57  접근속도:0.00
17:10:57  TTC:999.00
17:10:57  방향오차:0.0
17:10:57  전방여부:0
17:10:57  위험음성횟수:0
17:10:57  충격음성횟수:0
17:10:57  마지막위험음성:0
17:10:57  RSSI원시:-57
17:10:57  RSSI평활:-57.7
17:10:57  RSSI샘플:10134
17:10:57  RSSI경과ms:89
17:10:57  RSSI구간:4
17:10:57  RSSI거리:1.77
17:10:57  상대보정:0
17:10:57  상대보정중:0
17:10:57  보정동쪽:0.00
17:10:57  보정북쪽:0.00
17:10:57  UWB유효:1
17:10:57  UWB원시거리:4.710
17:10:57  UWB보정거리:4.630
17:10:57  UWB접근속도:-0.492
17:10:57  UWB_RSSI:nan
17:10:57  UWB경과ms:96
17:10:57  UWB샘플:7598
17:10:57  UWB실패:165
17:10:57  UWB보정:1
17:10:57  UWB보정중:0
17:10:57  UWB보정샘플:100
17:10:57  UWB보정기준:3.000
17:10:57  UWB오프셋:0.234
17:10:57  UWB위험사용:0
17:10:57  UWB전송:7593
17:10:57  위험송신:0
17:10:57  시각ms:1568203
17:10:57  IMU시각ms:1568203
17:10:57  위험:0
17:10:57  원시위험:0
17:10:57  GPS유효:1
17:10:57  위도:37.495949
17:10:57  경도:126.956115
17:10:57  속도:0.06
17:10:57  방향:290.8
17:10:57  이동방향유효:0
17:10:57  GPS이동방향:290.8
17:10:57  차체방향유효:0
17:10:57  차체방향:0.0
17:10:57  후진판정:0
17:10:57  IMU요회전속도:0.00
17:10:57  방향가속도크기:9.73
17:10:57  방향자이로크기:2.62
17:10:57  방향자세cos:1.0000
17:10:57  자기모델잔차:25.08
17:10:57  자기모델반경:0.947
17:10:57  방향채택:0
17:10:57  방향거부:169065
17:10:57  GPS원시속도:0.103
17:10:57  GPS원시방향유효:1
17:10:57  GPS원시방향:290.8
17:10:57  가속도:-0.48,0.44,9.71
17:10:57  자이로:2.1,-1.5,0.4
17:10:57  자력계:9.450,5.100,19.050
17:10:57  충격값:0.12
17:10:57  충격피크:0.12
17:10:57  마지막충격발생값:0.00
17:10:57  마지막충격발생ms:0
17:10:57  송신:14925
17:10:57  지팡이수신:10136
17:10:57  GPS위성:9
17:10:57  GPS_HDOP:1.15
17:10:57  원시위도:37.495951
17:10:57  원시경도:126.956115
17:10:57  GPS채택:1553
17:10:57  GPS이상치거부:0
17:10:57  GPS품질거부:0
17:10:57  GPS재기준:0
17:10:57  계산거리:-1.00
17:10:57  접근속도:0.00
17:10:57  TTC:999.00
17:10:57  방향오차:0.0
17:10:57  전방여부:0
17:10:57  위험음성횟수:0
17:10:57  충격음성횟수:0
17:10:57  마지막위험음성:0
17:10:57  RSSI원시:-60
17:10:57  RSSI평활:-58.2
17:10:57  RSSI샘플:10136
17:10:57  RSSI경과ms:25
17:10:57  RSSI구간:4
17:10:57  RSSI거리:1.86
17:10:57  상대보정:0
17:10:57  상대보정중:0
17:10:57  보정동쪽:0.00
17:10:57  보정북쪽:0.00
17:10:57  UWB유효:1
17:10:57  UWB원시거리:4.820
17:10:57  UWB보정거리:4.740
17:10:57  UWB접근속도:-0.513
17:10:57  UWB_RSSI:nan
17:10:57  UWB경과ms:42
17:10:57  UWB샘플:7599
17:10:57  UWB실패:165
17:10:57  UWB보정:1
17:10:57  UWB보정중:0
17:10:57  UWB보정샘플:100
17:10:57  UWB보정기준:3.000
17:10:57  UWB오프셋:0.234
17:10:57  UWB위험사용:0
17:10:57  UWB전송:7594
17:10:57  위험송신:0
17:10:58  시각ms:1568438
17:10:58  IMU시각ms:1568438
17:10:58  위험:0
17:10:58  원시위험:0
17:10:58  GPS유효:1
17:10:58  위도:37.495949
17:10:58  경도:126.956115
17:10:58  속도:0.06
17:10:58  방향:290.8
17:10:58  이동방향유효:0
17:10:58  GPS이동방향:290.8
17:10:58  차체방향유효:0
17:10:58  차체방향:0.0
17:10:58  후진판정:0
17:10:58  IMU요회전속도:0.00
17:10:58  방향가속도크기:9.76
17:10:58  방향자이로크기:2.12
17:10:58  방향자세cos:1.0000
17:10:58  자기모델잔차:26.46
17:10:58  자기모델반경:0.915
17:10:58  방향채택:0
17:10:58  방향거부:169089
17:10:58  GPS원시속도:0.103
17:10:58  GPS원시방향유효:1
17:10:58  GPS원시방향:290.8
17:10:58  가속도:-0.44,0.39,9.74
17:10:58  자이로:-0.3,-0.8,-1.9
17:10:58  자력계:8.700,4.200,20.550
17:10:58  충격값:0.06
17:10:58  충격피크:0.11
17:10:58  마지막충격발생값:0.00
17:10:58  마지막충격발생ms:0
17:10:58  송신:14927
17:10:58  지팡이수신:10137
17:10:58  GPS위성:9
17:10:58  GPS_HDOP:1.15
17:10:58  원시위도:37.495951
17:10:58  원시경도:126.956115
17:10:58  GPS채택:1553
17:10:58  GPS이상치거부:0
17:10:58  GPS품질거부:0
17:10:58  GPS재기준:0
17:10:58  계산거리:-1.00
17:10:58  접근속도:0.00
17:10:58  TTC:999.00
17:10:58  방향오차:0.0
17:10:58  전방여부:0
17:10:58  위험음성횟수:0
17:10:58  충격음성횟수:0
17:10:58  마지막위험음성:0
17:10:58  RSSI원시:-56
17:10:58  RSSI평활:-57.8
17:10:58  RSSI샘플:10137
17:10:58  RSSI경과ms:156
17:10:58  RSSI구간:4
17:10:58  RSSI거리:1.78
17:10:58  상대보정:0
17:10:58  상대보정중:0
17:10:58  보정동쪽:0.00
17:10:58  보정북쪽:0.00
17:10:58  UWB유효:1
17:10:58  UWB원시거리:4.800
17:10:58  UWB보정거리:4.836
17:10:58  UWB접근속도:-0.498
17:10:58  UWB_RSSI:nan
17:10:58  UWB경과ms:70
17:10:58  UWB샘플:7600
17:10:58  UWB실패:165
17:10:58  UWB보정:1
17:10:58  UWB보정중:0
17:10:58  UWB보정샘플:100
17:10:58  UWB보정기준:3.000
17:10:58  UWB오프셋:0.234
17:10:58  UWB위험사용:0
17:10:58  UWB전송:7595
17:10:58  위험송신:0
17:10:58  시각ms:1568566
17:10:58  IMU시각ms:1568562
17:10:58  위험:0
17:10:58  원시위험:0
17:10:58  GPS유효:1
17:10:58  위도:37.495949
17:10:58  경도:126.956115
17:10:58  속도:0.06
17:10:58  방향:290.8
17:10:58  이동방향유효:0
17:10:58  GPS이동방향:290.8
17:10:58  차체방향유효:0
17:10:58  차체방향:0.0
17:10:58  후진판정:0
17:10:58  IMU요회전속도:0.00
17:10:58  방향가속도크기:9.80
17:10:58  방향자이로크기:1.89
17:10:58  방향자세cos:0.9999
17:10:58  자기모델잔차:27.13
17:10:58  자기모델반경:0.930
17:10:58  방향채택:0
17:10:58  방향거부:169103
17:10:58  GPS원시속도:0.103
17:10:58  GPS원시방향유효:1
17:10:58  GPS원시방향:290.8
17:10:58  가속도:-0.34,0.41,9.79
17:10:58  자이로:-1.5,-1.1,0.1
17:10:58  자력계:9.300,4.800,21.150
17:10:58  충격값:0.13
17:10:58  충격피크:0.13
17:10:58  마지막충격발생값:0.00
17:10:58  마지막충격발생ms:0
17:10:58  송신:14928
17:10:58  지팡이수신:10138
17:10:58  GPS위성:9
17:10:58  GPS_HDOP:1.15
17:10:58  원시위도:37.495951
17:10:58  원시경도:126.956115
17:10:58  GPS채택:1553
17:10:58  GPS이상치거부:0
17:10:58  GPS품질거부:0
17:10:58  GPS재기준:0
17:10:58  계산거리:-1.00
17:10:58  접근속도:0.00
17:10:58  TTC:999.00
17:10:58  방향오차:0.0
17:10:58  전방여부:0
17:10:58  위험음성횟수:0
17:10:58  충격음성횟수:0
17:10:58  마지막위험음성:0
17:10:58  RSSI원시:-63
17:10:58  RSSI평활:-58.8
17:10:58  RSSI샘플:10138
17:10:58  RSSI경과ms:25
17:10:58  RSSI구간:4
17:10:58  RSSI거리:1.97
17:10:58  상대보정:0
17:10:58  상대보정중:0
17:10:58  보정동쪽:0.00
17:10:58  보정북쪽:0.00
17:10:58  UWB유효:1
17:10:58  UWB원시거리:4.820
17:10:58  UWB보정거리:4.906
17:10:58  UWB접근속도:-0.454
17:10:58  UWB_RSSI:nan
17:10:58  UWB경과ms:1
17:10:58  UWB샘플:7601
17:10:58  UWB실패:165
17:10:58  UWB보정:1
17:10:58  UWB보정중:0
17:10:58  UWB보정샘플:100
17:10:58  UWB보정기준:3.000
17:10:58  UWB오프셋:0.234
17:10:58  UWB위험사용:0
17:10:58  UWB전송:7596
17:10:58  위험송신:0
17:10:58  시각ms:1568686
17:10:58  IMU시각ms:1568685
17:10:58  위험:0
17:10:58  원시위험:0
17:10:58  GPS유효:1
17:10:58  위도:37.495949
17:10:58  경도:126.956115
17:10:58  속도:0.06
17:10:58  방향:290.8
17:10:58  이동방향유효:0
17:10:58  GPS이동방향:290.8
17:10:58  차체방향유효:0
17:10:58  차체방향:0.0
17:10:58  후진판정:0
17:10:58  IMU요회전속도:0.00
17:10:58  방향가속도크기:9.75
17:10:58  방향자이로크기:0.82
17:10:58  방향자세cos:1.0000
17:10:58  자기모델잔차:25.02
17:10:58  자기모델반경:0.890
17:10:58  방향채택:0
17:10:58  방향거부:169116
17:10:58  GPS원시속도:0.103
17:10:58  GPS원시방향유효:1
17:10:58  GPS원시방향:290.8
17:10:58  가속도:-0.46,0.45,9.73
17:10:58  자이로:0.7,0.1,-0.5
17:10:58  자력계:9.300,3.300,19.200
17:10:58  충격값:0.12
17:10:58  충격피크:0.12
17:10:58  마지막충격발생값:0.00
17:10:58  마지막충격발생ms:0
17:10:58  송신:14929
17:10:58  지팡이수신:10139
17:10:58  GPS위성:9
17:10:58  GPS_HDOP:1.15
17:10:58  원시위도:37.495951
17:10:58  원시경도:126.956115
17:10:58  GPS채택:1553
17:10:58  GPS이상치거부:0
17:10:58  GPS품질거부:0
17:10:58  GPS재기준:0
17:10:58  계산거리:-1.00
17:10:58  접근속도:0.00
17:10:58  TTC:999.00
17:10:58  방향오차:0.0
17:10:58  전방여부:0
17:10:58  위험음성횟수:0
17:10:58  충격음성횟수:0
17:10:58  마지막위험음성:0
17:10:58  RSSI원시:-56
17:10:58  RSSI평활:-58.2
17:10:58  RSSI샘플:10139
17:10:58  RSSI경과ms:49
17:10:58  RSSI구간:4
17:10:58  RSSI거리:1.86
17:10:58  상대보정:0
17:10:58  상대보정중:0
17:10:58  보정동쪽:0.00
17:10:58  보정북쪽:0.00
17:10:58  UWB유효:1
17:10:58  UWB원시거리:4.820
17:10:58  UWB보정거리:4.906
17:10:58  UWB접근속도:-0.454
17:10:58  UWB_RSSI:nan
17:10:58  UWB경과ms:121
17:10:58  UWB샘플:7601
17:10:58  UWB실패:165
17:10:58  UWB보정:1
17:10:58  UWB보정중:0
17:10:58  UWB보정샘플:100
17:10:58  UWB보정기준:3.000
17:10:58  UWB오프셋:0.234
17:10:58  UWB위험사용:0
17:10:58  UWB전송:7596
17:10:58  위험송신:0
17:10:58  시각ms:1568715
17:10:58  IMU시각ms:1568715
17:10:58  위험:0
17:10:58  원시위험:0
17:10:58  GPS유효:1
17:10:58  위도:37.495949
17:10:58  경도:126.956116
17:10:58  속도:0.04
17:10:58  방향:290.8
17:10:58  이동방향유효:0
17:10:58  GPS이동방향:290.8
17:10:58  차체방향유효:0
17:10:58  차체방향:0.0
17:10:58  후진판정:0
17:10:58  IMU요회전속도:0.00
17:10:58  방향가속도크기:9.67
17:10:58  방향자이로크기:3.54
17:10:58  방향자세cos:1.0000
17:10:58  자기모델잔차:25.79
17:10:58  자기모델반경:0.898
17:10:58  방향채택:0
17:10:58  방향거부:169119
17:10:58  GPS원시속도:0.026
17:10:58  GPS원시방향유효:1
17:10:58  GPS원시방향:290.8
17:10:58  가속도:-0.37,0.45,9.65
17:10:58  자이로:1.1,-1.6,3.0
17:10:58  자력계:8.850,3.600,19.950
17:10:58  충격값:0.12
17:10:58  충격피크:0.12
17:10:58  마지막충격발생값:0.00
17:10:58  마지막충격발생ms:0
17:10:58  송신:14930
17:10:58  지팡이수신:10140
17:10:58  GPS위성:9
17:10:58  GPS_HDOP:1.11
17:10:58  원시위도:37.495950
17:10:58  원시경도:126.956117
17:10:58  GPS채택:1554
17:10:58  GPS이상치거부:0
17:10:58  GPS품질거부:0
17:10:58  GPS재기준:0
17:10:58  계산거리:-1.00
17:10:58  접근속도:0.00
17:10:58  TTC:999.00
17:10:58  방향오차:0.0
17:10:58  전방여부:0
17:10:58  위험음성횟수:0
17:10:58  충격음성횟수:0
17:10:58  마지막위험음성:0
17:10:58  RSSI원시:-54
17:10:58  RSSI평활:-57.4
17:10:58  RSSI샘플:10140
17:10:58  RSSI경과ms:7
17:10:58  RSSI구간:4
17:10:58  RSSI거리:1.72
17:10:58  상대보정:0
17:10:58  상대보정중:0
17:10:58  보정동쪽:0.00
17:10:58  보정북쪽:0.00
17:10:58  UWB유효:1
17:10:58  UWB원시거리:4.820
17:10:58  UWB보정거리:4.906
17:10:58  UWB접근속도:-0.454
17:10:58  UWB_RSSI:nan
17:10:58  UWB경과ms:150
17:10:58  UWB샘플:7601
17:10:58  UWB실패:165
17:10:58  UWB보정:1
17:10:58  UWB보정중:0
17:10:58  UWB보정샘플:100
17:10:58  UWB보정기준:3.000
17:10:58  UWB오프셋:0.234
17:10:58  UWB위험사용:0
17:10:58  UWB전송:7596
17:10:58  위험송신:0
17:10:58  시각ms:1568788
17:10:58  IMU시각ms:1568788
17:10:58  위험:0
17:10:58  원시위험:0
17:10:58  GPS유효:1
17:10:58  위도:37.495949
17:10:58  경도:126.956116
17:10:58  속도:0.04
17:10:58  방향:290.8
17:10:58  이동방향유효:0
17:10:58  GPS이동방향:290.8
17:10:58  차체방향유효:0
17:10:58  차체방향:0.0
17:10:58  후진판정:0
17:10:58  IMU요회전속도:0.00
17:10:58  방향가속도크기:9.71
17:10:58  방향자이로크기:2.18
17:10:58  방향자세cos:0.9999
17:10:58  자기모델잔차:24.55
17:10:58  자기모델반경:0.889
17:10:58  방향채택:0
17:10:58  방향거부:169126
17:10:58  GPS원시속도:0.026
17:10:58  GPS원시방향유효:1
17:10:58  GPS원시방향:290.8
17:10:58  가속도:-0.49,0.34,9.69
17:10:58  자이로:0.5,-0.8,-2.0
17:10:58  자력계:8.400,3.150,18.750
17:10:58  충격값:0.09
17:10:58  충격피크:0.09
17:10:58  마지막충격발생값:0.00
17:10:58  마지막충격발생ms:0
17:10:58  송신:14930
17:10:58  지팡이수신:10140
17:10:58  GPS위성:9
17:10:58  GPS_HDOP:1.11
17:10:58  원시위도:37.495950
17:10:58  원시경도:126.956117
17:10:58  GPS채택:1554
17:10:58  GPS이상치거부:0
17:10:58  GPS품질거부:0
17:10:58  GPS재기준:0
17:10:58  계산거리:-1.00
17:10:58  접근속도:0.00
17:10:58  TTC:999.00
17:10:58  방향오차:0.0
17:10:58  전방여부:0
17:10:58  위험음성횟수:0
17:10:58  충격음성횟수:0
17:10:58  마지막위험음성:0
17:10:58  RSSI원시:-54
17:10:58  RSSI평활:-57.4
17:10:58  RSSI샘플:10140
17:10:58  RSSI경과ms:80
17:10:58  RSSI구간:4
17:10:58  RSSI거리:1.72
17:10:58  상대보정:0
17:10:58  상대보정중:0
17:10:58  보정동쪽:0.00
17:10:58  보정북쪽:0.00
17:10:58  UWB유효:1
17:10:58  UWB원시거리:4.930
17:10:58  UWB보정거리:4.958
17:10:58  UWB접근속도:-0.398
17:10:58  UWB_RSSI:nan
17:10:58  UWB경과ms:27
17:10:58  UWB샘플:7602
17:10:58  UWB실패:165
17:10:58  UWB보정:1
17:10:58  UWB보정중:0
17:10:58  UWB보정샘플:100
17:10:58  UWB보정기준:3.000
17:10:58  UWB오프셋:0.234
17:10:58  UWB위험사용:0
17:10:58  UWB전송:7597
17:10:58  위험송신:0
17:10:58  시각ms:1569015
17:10:58  IMU시각ms:1569014
17:10:58  위험:0
17:10:58  원시위험:0
17:10:58  GPS유효:1
17:10:58  위도:37.495949
17:10:58  경도:126.956116
17:10:58  속도:0.04
17:10:58  방향:290.8
17:10:58  이동방향유효:0
17:10:58  GPS이동방향:290.8
17:10:58  차체방향유효:0
17:10:58  차체방향:0.0
17:10:58  후진판정:0
17:10:58  IMU요회전속도:0.00
17:10:58  방향가속도크기:9.66
17:10:58  방향자이로크기:2.02
17:10:58  방향자세cos:0.9998
17:10:58  자기모델잔차:25.80
17:10:58  자기모델반경:0.896
17:10:58  방향채택:0
17:10:58  방향거부:169150
17:10:58  GPS원시속도:0.026
17:10:58  GPS원시방향유효:1
17:10:58  GPS원시방향:290.8
17:10:58  가속도:-0.42,0.31,9.65
17:10:58  자이로:2.0,0.4,0.2
17:10:58  자력계:9.600,3.600,19.950
17:10:58  충격값:0.07
17:10:58  충격피크:0.14
17:10:58  마지막충격발생값:0.00
17:10:58  마지막충격발생ms:0
17:10:58  송신:14933
17:10:58  지팡이수신:10142
17:10:58  GPS위성:9
17:10:58  GPS_HDOP:1.11
17:10:58  원시위도:37.495950
17:10:58  원시경도:126.956117
17:10:58  GPS채택:1554
17:10:58  GPS이상치거부:0
17:10:58  GPS품질거부:0
17:10:58  GPS재기준:0
17:10:58  계산거리:-1.00
17:10:58  접근속도:0.00
17:10:58  TTC:999.00
17:10:58  방향오차:0.0
17:10:58  전방여부:0
17:10:58  위험음성횟수:0
17:10:58  충격음성횟수:0
17:10:58  마지막위험음성:0
17:10:58  RSSI원시:-54
17:10:58  RSSI평활:-56.3
17:10:58  RSSI샘플:10142
17:10:58  RSSI경과ms:87
17:10:58  RSSI구간:4
17:10:58  RSSI거리:1.55
17:10:58  상대보정:0
17:10:58  상대보정중:0
17:10:58  보정동쪽:0.00
17:10:58  보정북쪽:0.00
17:10:58  UWB유효:1
17:10:58  UWB원시거리:5.000
17:10:58  UWB보정거리:4.991
17:10:58  UWB접근속도:-0.329
17:10:58  UWB_RSSI:nan
17:10:58  UWB경과ms:54
17:10:58  UWB샘플:7603
17:10:58  UWB실패:165
17:10:58  UWB보정:1
17:10:58  UWB보정중:0
17:10:58  UWB보정샘플:100
17:10:58  UWB보정기준:3.000
17:10:58  UWB오프셋:0.234
17:10:58  UWB위험사용:0
17:10:58  UWB전송:7598
17:10:58  위험송신:0
17:10:58  시각ms:1569089
17:10:58  IMU시각ms:1569088
17:10:58  위험:0
17:10:58  원시위험:0
17:10:58  GPS유효:1
17:10:58  위도:37.495949
17:10:58  경도:126.956116
17:10:58  속도:0.04
17:10:58  방향:290.8
17:10:58  이동방향유효:0
17:10:58  GPS이동방향:290.8
17:10:58  차체방향유효:0
17:10:58  차체방향:0.0
17:10:58  후진판정:0
17:10:58  IMU요회전속도:0.00
17:10:58  방향가속도크기:9.82
17:10:58  방향자이로크기:4.99
17:10:58  방향자세cos:0.9999
17:10:58  자기모델잔차:25.03
17:10:58  자기모델반경:0.932
17:10:58  방향채택:0
17:10:58  방향거부:169158
17:10:58  GPS원시속도:0.026
17:10:58  GPS원시방향유효:1
17:10:58  GPS원시방향:290.8
17:10:58  가속도:-0.40,0.38,9.80
17:10:58  자이로:-0.1,4.4,-2.4
17:10:58  자력계:9.450,4.650,19.050
17:10:58  충격값:0.11
17:10:58  충격피크:0.15
17:10:58  마지막충격발생값:0.00
17:10:58  마지막충격발생ms:0
17:10:58  송신:14933
17:10:58  지팡이수신:10142
17:10:58  GPS위성:9
17:10:58  GPS_HDOP:1.11
17:10:58  원시위도:37.495950
17:10:58  원시경도:126.956117
17:10:58  GPS채택:1554
17:10:58  GPS이상치거부:0
17:10:58  GPS품질거부:0
17:10:58  GPS재기준:0
17:10:58  계산거리:-1.00
17:10:58  접근속도:0.00
17:10:58  TTC:999.00
17:10:58  방향오차:0.0
17:10:58  전방여부:0
17:10:58  위험음성횟수:0
17:10:58  충격음성횟수:0
17:10:58  마지막위험음성:0
17:10:58  RSSI원시:-54
17:10:58  RSSI평활:-56.3
17:10:58  RSSI샘플:10142
17:10:58  RSSI경과ms:161
17:10:58  RSSI구간:4
17:10:58  RSSI거리:1.55
17:10:58  상대보정:0
17:10:58  상대보정중:0
17:10:58  보정동쪽:0.00
17:10:58  보정북쪽:0.00
17:10:58  UWB유효:1
17:10:58  UWB원시거리:5.000
17:10:58  UWB보정거리:4.991
17:10:58  UWB접근속도:-0.329
17:10:58  UWB_RSSI:nan
17:10:58  UWB경과ms:128
17:10:58  UWB샘플:7603
17:10:58  UWB실패:165
17:10:58  UWB보정:1
17:10:58  UWB보정중:0
17:10:58  UWB보정샘플:100
17:10:58  UWB보정기준:3.000
17:10:58  UWB오프셋:0.234
17:10:58  UWB위험사용:0
17:10:58  UWB전송:7598
17:10:58  위험송신:0
17:10:58  시각ms:1569117
17:10:58  IMU시각ms:1569116
17:10:58  위험:0
17:10:58  원시위험:0
17:10:58  GPS유효:1
17:10:58  위도:37.495949
17:10:58  경도:126.956116
17:10:58  속도:0.04
17:10:58  방향:290.8
17:10:58  이동방향유효:0
17:10:58  GPS이동방향:290.8
17:10:58  차체방향유효:0
17:10:58  차체방향:0.0
17:10:58  후진판정:0
17:10:58  IMU요회전속도:0.00
17:10:58  방향가속도크기:9.78
17:10:58  방향자이로크기:1.86
17:10:58  방향자세cos:0.9998
17:10:58  자기모델잔차:25.98
17:10:58  자기모델반경:0.949
17:10:58  방향채택:0
17:10:58  방향거부:169161
17:10:58  GPS원시속도:0.026
17:10:58  GPS원시방향유효:1
17:10:58  GPS원시방향:290.8
17:10:58  가속도:-0.56,0.33,9.76
17:10:58  자이로:1.8,-0.1,-0.2
17:10:58  자력계:8.850,5.250,19.950
17:10:58  충격값:0.17
17:10:58  충격피크:0.17
17:10:58  마지막충격발생값:0.00
17:10:58  마지막충격발생ms:0
17:10:58  송신:14934
17:10:58  지팡이수신:10142
17:10:58  GPS위성:9
17:10:58  GPS_HDOP:1.11
17:10:58  원시위도:37.495950
17:10:58  원시경도:126.956117
17:10:58  GPS채택:1554
17:10:58  GPS이상치거부:0
17:10:58  GPS품질거부:0
17:10:58  GPS재기준:0
17:10:58  계산거리:-1.00
17:10:58  접근속도:0.00
17:10:58  TTC:999.00
17:10:58  방향오차:0.0
17:10:58  전방여부:0
17:10:58  위험음성횟수:0
17:10:58  충격음성횟수:0
17:10:58  마지막위험음성:0
17:10:58  RSSI원시:-54
17:10:58  RSSI평활:-56.3
17:10:58  RSSI샘플:10142
17:10:58  RSSI경과ms:189
17:10:58  RSSI구간:4
17:10:58  RSSI거리:1.55
17:10:58  상대보정:0
17:10:58  상대보정중:0
17:10:58  보정동쪽:0.00
17:10:58  보정북쪽:0.00
17:10:58  UWB유효:1
17:10:58  UWB원시거리:5.000
17:10:58  UWB보정거리:4.991
17:10:58  UWB접근속도:-0.329
17:10:58  UWB_RSSI:nan
17:10:58  UWB경과ms:156
17:10:58  UWB샘플:7603
17:10:58  UWB실패:165
17:10:58  UWB보정:1
17:10:58  UWB보정중:0
17:10:58  UWB보정샘플:100
17:10:58  UWB보정기준:3.000
17:10:58  UWB오프셋:0.234
17:10:58  UWB위험사용:0
17:10:58  UWB전송:7598
17:10:58  위험송신:0
17:10:58  시각ms:1569136
17:10:58  IMU시각ms:1569135
17:10:58  위험:0
17:10:58  원시위험:0
17:10:58  GPS유효:1
17:10:58  위도:37.495949
17:10:58  경도:126.956116
17:10:58  속도:0.04
17:10:58  방향:290.8
17:10:58  이동방향유효:0
17:10:58  GPS이동방향:290.8
17:10:58  차체방향유효:0
17:10:58  차체방향:0.0
17:10:58  후진판정:0
17:10:58  IMU요회전속도:0.00
17:10:58  방향가속도크기:9.65
17:10:58  방향자이로크기:2.20
17:10:58  방향자세cos:0.9997
17:10:58  자기모델잔차:25.73
17:10:58  자기모델반경:0.914
17:10:58  방향채택:0
17:10:58  방향거부:169163
17:10:58  GPS원시속도:0.026
17:10:58  GPS원시방향유효:1
17:10:58  GPS원시방향:290.8
17:10:58  가속도:-0.44,0.26,9.63
17:10:58  자이로:0.4,-1.3,1.7
17:10:58  자력계:10.950,4.200,19.800
17:10:58  충격값:0.12
17:10:58  충격피크:0.12
17:10:58  마지막충격발생값:0.00
17:10:58  마지막충격발생ms:0
17:10:58  송신:14934
17:10:58  지팡이수신:10143
17:10:58  GPS위성:9
17:10:58  GPS_HDOP:1.11
17:10:58  원시위도:37.495950
17:10:58  원시경도:126.956117
17:10:58  GPS채택:1554
17:10:58  GPS이상치거부:0
17:10:58  GPS품질거부:0
17:10:58  GPS재기준:0
17:10:58  계산거리:-1.00
17:10:58  접근속도:0.00
17:10:58  TTC:999.00
17:10:58  방향오차:0.0
17:10:58  전방여부:0
17:10:58  위험음성횟수:0
17:10:58  충격음성횟수:0
17:10:58  마지막위험음성:0
17:10:58  RSSI원시:-54
17:10:58  RSSI평활:-55.9
17:10:58  RSSI샘플:10143
17:10:58  RSSI경과ms:3
17:10:58  RSSI구간:4
17:10:58  RSSI거리:1.49
17:10:58  상대보정:0
17:10:58  상대보정중:0
17:10:58  보정동쪽:0.00
17:10:58  보정북쪽:0.00
17:10:58  UWB유효:1
17:10:58  UWB원시거리:5.000
17:10:58  UWB보정거리:4.991
17:10:58  UWB접근속도:-0.329
17:10:58  UWB_RSSI:nan
17:10:58  UWB경과ms:175
17:10:58  UWB샘플:7603
17:10:58  UWB실패:165
17:10:58  UWB보정:1
17:10:58  UWB보정중:0
17:10:58  UWB보정샘플:100
17:10:58  UWB보정기준:3.000
17:10:58  UWB오프셋:0.234
17:10:58  UWB위험사용:0
17:10:58  UWB전송:7598
17:10:58  위험송신:0
17:10:58  시각ms:1569160
17:10:58  IMU시각ms:1569156
17:10:58  위험:0
17:10:58  원시위험:0
17:10:58  GPS유효:1
17:10:58  위도:37.495949
17:10:58  경도:126.956116
17:10:58  속도:0.04
17:10:58  방향:290.8
17:10:58  이동방향유효:0
17:10:58  GPS이동방향:290.8
17:10:58  차체방향유효:0
17:10:58  차체방향:0.0
17:10:58  후진판정:0
17:10:58  IMU요회전속도:0.00
17:10:58  방향가속도크기:9.77
17:10:58  방향자이로크기:3.16
17:10:58  방향자세cos:0.9999
17:10:58  자기모델잔차:25.54
17:10:58  자기모델반경:0.915
17:10:58  방향채택:0
17:10:58  방향거부:169165
17:10:58  GPS원시속도:0.026
17:10:58  GPS원시방향유효:1
17:10:58  GPS원시방향:290.8
17:10:58  가속도:-0.43,0.33,9.76
17:10:58  자이로:-0.4,-0.4,-3.1
17:10:58  자력계:8.100,4.050,19.650
17:10:58  충격값:0.07
17:10:58  충격피크:0.07
17:10:58  마지막충격발생값:0.00
17:10:58  마지막충격발생ms:0
17:10:58  송신:14934
17:10:58  지팡이수신:10143
17:10:58  GPS위성:9
17:10:58  GPS_HDOP:1.11
17:10:58  원시위도:37.495950
17:10:58  원시경도:126.956117
17:10:58  GPS채택:1554
17:10:58  GPS이상치거부:0
17:10:58  GPS품질거부:0
17:10:58  GPS재기준:0
17:10:58  계산거리:-1.00
17:10:58  접근속도:0.00
17:10:58  TTC:999.00
17:10:58  방향오차:0.0
17:10:58  전방여부:0
17:10:58  위험음성횟수:0
17:10:58  충격음성횟수:0
17:10:58  마지막위험음성:0
17:10:58  RSSI원시:-54
17:10:58  RSSI평활:-55.9
17:10:58  RSSI샘플:10143
17:10:58  RSSI경과ms:27
17:10:58  RSSI구간:4
17:10:58  RSSI거리:1.49
17:10:58  상대보정:0
17:10:58  상대보정중:0
17:10:58  보정동쪽:0.00
17:10:58  보정북쪽:0.00
17:10:58  UWB유효:1
17:10:58  UWB원시거리:4.990
17:10:58  UWB보정거리:5.052
17:10:58  UWB접근속도:-0.322
17:10:58  UWB_RSSI:nan
17:10:58  UWB경과ms:0
17:10:58  UWB샘플:7604
17:10:58  UWB실패:165
17:10:58  UWB보정:1
17:10:58  UWB보정중:0
17:10:58  UWB보정샘플:100
17:10:58  UWB보정기준:3.000
17:10:58  UWB오프셋:0.234
17:10:58  UWB위험사용:0
17:10:58  UWB전송:7599
17:10:58  위험송신:0
17:10:59  시각ms:1569476
17:10:59  IMU시각ms:1569476
17:10:59  위험:0
17:10:59  원시위험:0
17:10:59  GPS유효:1
17:10:59  위도:37.495949
17:10:59  경도:126.956116
17:10:59  속도:0.04
17:10:59  방향:290.8
17:10:59  이동방향유효:0
17:10:59  GPS이동방향:290.8
17:10:59  차체방향유효:0
17:10:59  차체방향:0.0
17:10:59  후진판정:0
17:10:59  IMU요회전속도:0.00
17:10:59  방향가속도크기:9.72
17:10:59  방향자이로크기:2.81
17:10:59  방향자세cos:1.0000
17:10:59  자기모델잔차:26.34
17:10:59  자기모델반경:0.973
17:10:59  방향채택:0
17:10:59  방향거부:169197
17:10:59  GPS원시속도:0.026
17:10:59  GPS원시방향유효:1
17:10:59  GPS원시방향:290.8
17:10:59  가속도:-0.45,0.51,9.70
17:10:59  자이로:0.9,1.3,-2.3
17:10:59  자력계:7.200,5.850,20.250
17:10:59  충격값:0.17
17:10:59  충격피크:0.17
17:10:59  마지막충격발생값:0.00
17:10:59  마지막충격발생ms:0
17:10:59  송신:14937
17:10:59  지팡이수신:10146
17:10:59  GPS위성:9
17:10:59  GPS_HDOP:1.11
17:10:59  원시위도:37.495950
17:10:59  원시경도:126.956117
17:10:59  GPS채택:1554
17:10:59  GPS이상치거부:0
17:10:59  GPS품질거부:0
17:10:59  GPS재기준:0
17:10:59  계산거리:-1.00
17:10:59  접근속도:0.00
17:10:59  TTC:999.00
17:10:59  방향오차:0.0
17:10:59  전방여부:0
17:10:59  위험음성횟수:0
17:10:59  충격음성횟수:0
17:10:59  마지막위험음성:0
17:10:59  RSSI원시:-54
17:10:59  RSSI평활:-55.1
17:10:59  RSSI샘플:10146
17:10:59  RSSI경과ms:33
17:10:59  RSSI구간:4
17:10:59  RSSI거리:1.38
17:10:59  상대보정:0
17:10:59  상대보정중:0
17:10:59  보정동쪽:0.00
17:10:59  보정북쪽:0.00
17:10:59  UWB유효:1
17:10:59  UWB원시거리:4.990
17:10:59  UWB보정거리:5.112
17:10:59  UWB접근속도:-0.315
17:10:59  UWB_RSSI:nan
17:10:59  UWB경과ms:115
17:10:59  UWB샘플:7605
17:10:59  UWB실패:165
17:10:59  UWB보정:1
17:10:59  UWB보정중:0
17:10:59  UWB보정샘플:100
17:10:59  UWB보정기준:3.000
17:10:59  UWB오프셋:0.234
17:10:59  UWB위험사용:0
17:10:59  UWB전송:7600
17:10:59  위험송신:0
17:10:59  시각ms:1569575
17:10:59  IMU시각ms:1569575
17:10:59  위험:0
17:10:59  원시위험:0
17:10:59  GPS유효:1
17:10:59  위도:37.495949
17:10:59  경도:126.956116
17:10:59  속도:0.04
17:10:59  방향:290.8
17:10:59  이동방향유효:0
17:10:59  GPS이동방향:290.8
17:10:59  차체방향유효:0
17:10:59  차체방향:0.0
17:10:59  후진판정:0
17:10:59  IMU요회전속도:0.00
17:10:59  방향가속도크기:9.66
17:10:59  방향자이로크기:4.30
17:10:59  방향자세cos:0.9999
17:10:59  자기모델잔차:24.26
17:10:59  자기모델반경:0.946
17:10:59  방향채택:0
17:10:59  방향거부:169207
17:10:59  GPS원시속도:0.026
17:10:59  GPS원시방향유효:1
17:10:59  GPS원시방향:290.8
17:10:59  가속도:-0.49,0.33,9.64
17:10:59  자이로:4.1,1.2,0.7
17:10:59  자력계:6.450,4.650,18.300
17:10:59  충격값:0.09
17:10:59  충격피크:0.14
17:10:59  마지막충격발생값:0.00
17:10:59  마지막충격발생ms:0
17:10:59  송신:14938
17:10:59  지팡이수신:10147
17:10:59  GPS위성:9
17:10:59  GPS_HDOP:1.11
17:10:59  원시위도:37.495950
17:10:59  원시경도:126.956117
17:10:59  GPS채택:1554
17:10:59  GPS이상치거부:0
17:10:59  GPS품질거부:0
17:10:59  GPS재기준:0
17:10:59  계산거리:-1.00
17:10:59  접근속도:0.00
17:10:59  TTC:999.00
17:10:59  방향오차:0.0
17:10:59  전방여부:0
17:10:59  위험음성횟수:0
17:10:59  충격음성횟수:0
17:10:59  마지막위험음성:0
17:10:59  RSSI원시:-56
17:10:59  RSSI평활:-55.3
17:10:59  RSSI샘플:10147
17:10:59  RSSI경과ms:30
17:10:59  RSSI구간:4
17:10:59  RSSI거리:1.40
17:10:59  상대보정:0
17:10:59  상대보정중:0
17:10:59  보정동쪽:0.00
17:10:59  보정북쪽:0.00
17:10:59  UWB유효:1
17:10:59  UWB원시거리:5.130
17:10:59  UWB보정거리:5.151
17:10:59  UWB접근속도:-0.278
17:10:59  UWB_RSSI:nan
17:10:59  UWB경과ms:9
17:10:59  UWB샘플:7606
17:10:59  UWB실패:165
17:10:59  UWB보정:1
17:10:59  UWB보정중:0
17:10:59  UWB보정샘플:100
17:10:59  UWB보정기준:3.000
17:10:59  UWB오프셋:0.234
17:10:59  UWB위험사용:0
17:10:59  UWB전송:7601
17:10:59  위험송신:0
17:10:59  시각ms:1570146
17:10:59  IMU시각ms:1570146
17:10:59  위험:0
17:10:59  원시위험:0
17:10:59  GPS유효:1
17:10:59  위도:37.495950
17:10:59  경도:126.956116
17:10:59  속도:0.02
17:10:59  방향:290.8
17:10:59  이동방향유효:0
17:10:59  GPS이동방향:290.8
17:10:59  차체방향유효:0
17:10:59  차체방향:0.0
17:10:59  후진판정:0
17:10:59  IMU요회전속도:0.00
17:10:59  방향가속도크기:9.67
17:10:59  방향자이로크기:2.88
17:10:59  방향자세cos:0.9999
17:10:59  자기모델잔차:26.59
17:10:59  자기모델반경:0.911
17:10:59  방향채택:0
17:10:59  방향거부:169267
17:10:59  GPS원시속도:0.005
17:10:59  GPS원시방향유효:1
17:10:59  GPS원시방향:290.8
17:10:59  가속도:-0.38,0.33,9.65
17:10:59  자이로:0.9,0.8,-2.6
17:10:59  자력계:8.100,4.050,20.700
17:10:59  충격값:0.06
17:10:59  충격피크:0.08
17:10:59  마지막충격발생값:0.00
17:10:59  마지막충격발생ms:0
17:10:59  송신:14943
17:10:59  지팡이수신:10152
17:10:59  GPS위성:9
17:10:59  GPS_HDOP:1.20
17:10:59  원시위도:37.495950
17:10:59  원시경도:126.956118
17:10:59  GPS채택:1555
17:10:59  GPS이상치거부:0
17:10:59  GPS품질거부:0
17:10:59  GPS재기준:0
17:10:59  계산거리:-1.00
17:10:59  접근속도:0.00
17:10:59  TTC:999.00
17:10:59  방향오차:0.0
17:10:59  전방여부:0
17:10:59  위험음성횟수:0
17:10:59  충격음성횟수:0
17:10:59  마지막위험음성:0
17:10:59  RSSI원시:-58
17:10:59  RSSI평활:-57.5
17:10:59  RSSI샘플:10152
17:10:59  RSSI경과ms:44
17:10:59  RSSI구간:4
17:10:59  RSSI거리:1.74
17:10:59  상대보정:0
17:10:59  상대보정중:0
17:10:59  보정동쪽:0.00
17:10:59  보정북쪽:0.00
17:10:59  UWB유효:1
17:10:59  UWB원시거리:5.520
17:10:59  UWB보정거리:5.245
17:10:59  UWB접근속도:-0.265
17:10:59  UWB_RSSI:nan
17:10:59  UWB경과ms:186
17:10:59  UWB샘플:7608
17:10:59  UWB실패:165
17:10:59  UWB보정:1
17:10:59  UWB보정중:0
17:10:59  UWB보정샘플:100
17:10:59  UWB보정기준:3.000
17:10:59  UWB오프셋:0.234
17:10:59  UWB위험사용:0
17:10:59  UWB전송:7603
17:10:59  위험송신:0
17:11:00  시각ms:1570170
17:11:00  IMU시각ms:1570170
17:11:00  위험:0
17:11:00  원시위험:0
17:11:00  GPS유효:1
17:11:00  위도:37.495950
17:11:00  경도:126.956116
17:11:00  속도:0.02
17:11:00  방향:290.8
17:11:00  이동방향유효:0
17:11:00  GPS이동방향:290.8
17:11:00  차체방향유효:0
17:11:00  차체방향:0.0
17:11:00  후진판정:0
17:11:00  IMU요회전속도:0.00
17:11:00  방향가속도크기:9.74
17:11:00  방향자이로크기:3.21
17:11:00  방향자세cos:0.9999
17:11:00  자기모델잔차:26.54
17:11:00  자기모델반경:0.896
17:11:00  방향채택:0
17:11:00  방향거부:169269
17:11:00  GPS원시속도:0.005
17:11:00  GPS원시방향유효:1
17:11:00  GPS원시방향:290.8
17:11:00  가속도:-0.45,0.35,9.72
17:11:00  자이로:1.5,-2.2,1.8
17:11:00  자력계:8.550,3.600,20.700
17:11:00  충격값:0.05
17:11:00  충격피크:0.07
17:11:00  마지막충격발생값:0.00
17:11:00  마지막충격발생ms:0
17:11:00  송신:14944
17:11:00  지팡이수신:10152
17:11:00  GPS위성:9
17:11:00  GPS_HDOP:1.20
17:11:00  원시위도:37.495950
17:11:00  원시경도:126.956118
17:11:00  GPS채택:1555
17:11:00  GPS이상치거부:0
17:11:00  GPS품질거부:0
17:11:00  GPS재기준:0
17:11:00  계산거리:-1.00
17:11:00  접근속도:0.00
17:11:00  TTC:999.00
17:11:00  방향오차:0.0
17:11:00  전방여부:0
17:11:00  위험음성횟수:0
17:11:00  충격음성횟수:0
17:11:00  마지막위험음성:0
17:11:00  RSSI원시:-58
17:11:00  RSSI평활:-57.5
17:11:00  RSSI샘플:10152
17:11:00  RSSI경과ms:68
17:11:00  RSSI구간:4
17:11:00  RSSI거리:1.74
17:11:00  상대보정:0
17:11:00  상대보정중:0
17:11:00  보정동쪽:0.00
17:11:00  보정북쪽:0.00
17:11:00  UWB유효:1
17:11:00  UWB원시거리:5.310
17:11:00  UWB보정거리:5.350
17:11:00  UWB접근속도:-0.343
17:11:00  UWB_RSSI:nan
17:11:00  UWB경과ms:10
17:11:00  UWB샘플:7609
17:11:00  UWB실패:165
17:11:00  UWB보정:1
17:11:00  UWB보정중:0
17:11:00  UWB보정샘플:100
17:11:00  UWB보정기준:3.000
17:11:00  UWB오프셋:0.234
17:11:00  UWB위험사용:0
17:11:00  UWB전송:7604
17:11:00  위험송신:0
17:11:00  시각ms:1570190
17:11:00  IMU시각ms:1570190
17:11:00  위험:0
17:11:00  원시위험:0
17:11:00  GPS유효:1
17:11:00  위도:37.495950
17:11:00  경도:126.956116
17:11:00  속도:0.02
17:11:00  방향:290.8
17:11:00  이동방향유효:0
17:11:00  GPS이동방향:290.8
17:11:00  차체방향유효:0
17:11:00  차체방향:0.0
17:11:00  후진판정:0
17:11:00  IMU요회전속도:0.00
17:11:00  방향가속도크기:9.66
17:11:00  방향자이로크기:2.24
17:11:00  방향자세cos:1.0000
17:11:00  자기모델잔차:26.79
17:11:00  자기모델반경:0.877
17:11:00  방향채택:0
17:11:00  방향거부:169271
17:11:00  GPS원시속도:0.005
17:11:00  GPS원시방향유효:1
17:11:00  GPS원시방향:290.8
17:11:00  가속도:-0.44,0.45,9.64
17:11:00  자이로:0.2,2.2,0.3
17:11:00  자력계:9.900,3.150,21.000
17:11:00  충격값:0.11
17:11:00  충격피크:0.11
17:11:00  마지막충격발생값:0.00
17:11:00  마지막충격발생ms:0
17:11:00  송신:14944
17:11:00  지팡이수신:10153
17:11:00  GPS위성:9
17:11:00  GPS_HDOP:1.20
17:11:00  원시위도:37.495950
17:11:00  원시경도:126.956118
17:11:00  GPS채택:1555
17:11:00  GPS이상치거부:0
17:11:00  GPS품질거부:0
17:11:00  GPS재기준:0
17:11:00  계산거리:-1.00
17:11:00  접근속도:0.00
17:11:00  TTC:999.00
17:11:00  방향오차:0.0
17:11:00  전방여부:0
17:11:00  위험음성횟수:0
17:11:00  충격음성횟수:0
17:11:00  마지막위험음성:0
17:11:00  RSSI원시:-57
17:11:00  RSSI평활:-57.4
17:11:00  RSSI샘플:10153
17:11:00  RSSI경과ms:17
17:11:00  RSSI구간:4
17:11:00  RSSI거리:1.72
17:11:00  상대보정:0
17:11:00  상대보정중:0
17:11:00  보정동쪽:0.00
17:11:00  보정북쪽:0.00
17:11:00  UWB유효:1
17:11:00  UWB원시거리:5.310
17:11:00  UWB보정거리:5.350
17:11:00  UWB접근속도:-0.343
17:11:00  UWB_RSSI:nan
17:11:00  UWB경과ms:30
17:11:00  UWB샘플:7609
17:11:00  UWB실패:165
17:11:00  UWB보정:1
17:11:00  UWB보정중:0
17:11:00  UWB보정샘플:100
17:11:00  UWB보정기준:3.000
17:11:00  UWB오프셋:0.234
17:11:00  UWB위험사용:0
17:11:00  UWB전송:7604
17:11:00  위험송신:0
17:11:00  시각ms:1570216
17:11:00  IMU시각ms:1570216
17:11:00  위험:0
17:11:00  원시위험:0
17:11:00  GPS유효:1
17:11:00  위도:37.495950
17:11:00  경도:126.956116
17:11:00  속도:0.02
17:11:00  방향:290.8
17:11:00  이동방향유효:0
17:11:00  GPS이동방향:290.8
17:11:00  차체방향유효:0
17:11:00  차체방향:0.0
17:11:00  후진판정:0
17:11:00  IMU요회전속도:0.00
17:11:00  방향가속도크기:9.76
17:11:00  방향자이로크기:3.84
17:11:00  방향자세cos:0.9997
17:11:00  자기모델잔차:26.27
17:11:00  자기모델반경:0.943
17:11:00  방향채택:0
17:11:00  방향거부:169274
17:11:00  GPS원시속도:0.005
17:11:00  GPS원시방향유효:1
17:11:00  GPS원시방향:290.8
17:11:00  가속도:-0.44,0.25,9.74
17:11:00  자이로:1.8,2.8,-1.9
17:11:00  자력계:9.150,5.100,20.250
17:11:00  충격값:0.12
17:11:00  충격피크:0.12
17:11:00  마지막충격발생값:0.00
17:11:00  마지막충격발생ms:0
17:11:00  송신:14944
17:11:00  지팡이수신:10153
17:11:00  GPS위성:9
17:11:00  GPS_HDOP:1.20
17:11:00  원시위도:37.495950
17:11:00  원시경도:126.956118
17:11:00  GPS채택:1555
17:11:00  GPS이상치거부:0
17:11:00  GPS품질거부:0
17:11:00  GPS재기준:0
17:11:00  계산거리:-1.00
17:11:00  접근속도:0.00
17:11:00  TTC:999.00
17:11:00  방향오차:0.0
17:11:00  전방여부:0
17:11:00  위험음성횟수:0
17:11:00  충격음성횟수:0
17:11:00  마지막위험음성:0
17:11:00  RSSI원시:-57
17:11:00  RSSI평활:-57.4
17:11:00  RSSI샘플:10153
17:11:00  RSSI경과ms:43
17:11:00  RSSI구간:4
17:11:00  RSSI거리:1.72
17:11:00  상대보정:0
17:11:00  상대보정중:0
17:11:00  보정동쪽:0.00
17:11:00  보정북쪽:0.00
17:11:00  UWB유효:1
17:11:00  UWB원시거리:5.310
17:11:00  UWB보정거리:5.350
17:11:00  UWB접근속도:-0.343
17:11:00  UWB_RSSI:nan
17:11:00  UWB경과ms:56
17:11:00  UWB샘플:7609
17:11:00  UWB실패:165
17:11:00  UWB보정:1
17:11:00  UWB보정중:0
17:11:00  UWB보정샘플:100
17:11:00  UWB보정기준:3.000
17:11:00  UWB오프셋:0.234
17:11:00  UWB위험사용:0
17:11:00  UWB전송:7604
17:11:00  위험송신:0
17:11:00  시각ms:1570242
17:11:00  IMU시각ms:1570242
17:11:00  위험:0
17:11:00  원시위험:0
17:11:00  GPS유효:1
17:11:00  위도:37.495950
17:11:00  경도:126.956116
17:11:00  속도:0.02
17:11:00  방향:290.8
17:11:00  이동방향유효:0
17:11:00  GPS이동방향:290.8
17:11:00  차체방향유효:0
17:11:00  차체방향:0.0
17:11:00  후진판정:0
17:11:00  IMU요회전속도:0.00
17:11:00  방향가속도크기:9.74
17:11:00  방향자이로크기:1.35
17:11:00  방향자세cos:0.9999
17:11:00  자기모델잔차:25.85
17:11:00  자기모델반경:0.909
17:11:00  방향채택:0
17:11:00  방향거부:169277
17:11:00  GPS원시속도:0.005
17:11:00  GPS원시방향유효:1
17:11:00  GPS원시방향:290.8
17:11:00  가속도:-0.43,0.36,9.72
17:11:00  자이로:-0.3,-0.6,-1.2
17:11:00  자력계:10.050,4.050,19.950
17:11:00  충격값:0.04
17:11:00  충격피크:0.15
17:11:00  마지막충격발생값:0.00
17:11:00  마지막충격발생ms:0
17:11:00  송신:14944
17:11:00  지팡이수신:10153
17:11:00  GPS위성:9
17:11:00  GPS_HDOP:1.20
17:11:00  원시위도:37.495950
17:11:00  원시경도:126.956118
17:11:00  GPS채택:1555
17:11:00  GPS이상치거부:0
17:11:00  GPS품질거부:0
17:11:00  GPS재기준:0
17:11:00  계산거리:-1.00
17:11:00  접근속도:0.00
17:11:00  TTC:999.00
17:11:00  방향오차:0.0
17:11:00  전방여부:0
17:11:00  위험음성횟수:0
17:11:00  충격음성횟수:0
17:11:00  마지막위험음성:0
17:11:00  RSSI원시:-57
17:11:00  RSSI평활:-57.4
17:11:00  RSSI샘플:10153
17:11:00  RSSI경과ms:69
17:11:00  RSSI구간:4
17:11:00  RSSI거리:1.72
17:11:00  상대보정:0
17:11:00  상대보정중:0
17:11:00  보정동쪽:0.00
17:11:00  보정북쪽:0.00
17:11:00  UWB유효:1
17:11:00  UWB원시거리:5.310
17:11:00  UWB보정거리:5.350
17:11:00  UWB접근속도:-0.343
17:11:00  UWB_RSSI:nan
17:11:00  UWB경과ms:82
17:11:00  UWB샘플:7609
17:11:00  UWB실패:165
17:11:00  UWB보정:1
17:11:00  UWB보정중:0
17:11:00  UWB보정샘플:100
17:11:00  UWB보정기준:3.000
17:11:00  UWB오프셋:0.234
17:11:00  UWB위험사용:0
17:11:00  UWB전송:7604
17:11:00  위험송신:0
17:11:00  시각ms:1570269
17:11:00  IMU시각ms:1570269
17:11:00  위험:0
17:11:00  원시위험:0
17:11:00  GPS유효:1
17:11:00  위도:37.495950
17:11:00  경도:126.956116
17:11:00  속도:0.02
17:11:00  방향:290.8
17:11:00  이동방향유효:0
17:11:00  GPS이동방향:290.8
17:11:00  차체방향유효:0
17:11:00  차체방향:0.0
17:11:00  후진판정:0
17:11:00  IMU요회전속도:0.00
17:11:00  방향가속도크기:9.68
17:11:00  방향자이로크기:4.63
17:11:00  방향자세cos:0.9999
17:11:00  자기모델잔차:28.44
17:11:00  자기모델반경:0.923
17:11:00  방향채택:0
17:11:00  방향거부:169280
17:11:00  GPS원시속도:0.005
17:11:00  GPS원시방향유효:1
17:11:00  GPS원시방향:290.8
17:11:00  가속도:-0.48,0.36,9.66
17:11:00  자이로:4.3,-1.4,-1.2
17:11:00  자력계:8.400,4.650,22.500
17:11:00  충격값:0.07
17:11:00  충격피크:0.16
17:11:00  마지막충격발생값:0.00
17:11:00  마지막충격발생ms:0
17:11:00  송신:14945
17:11:00  지팡이수신:10153
17:11:00  GPS위성:9
17:11:00  GPS_HDOP:1.20
17:11:00  원시위도:37.495950
17:11:00  원시경도:126.956118
17:11:00  GPS채택:1555
17:11:00  GPS이상치거부:0
17:11:00  GPS품질거부:0
17:11:00  GPS재기준:0
17:11:00  계산거리:-1.00
17:11:00  접근속도:0.00
17:11:00  TTC:999.00
17:11:00  방향오차:0.0
17:11:00  전방여부:0
17:11:00  위험음성횟수:0
17:11:00  충격음성횟수:0
17:11:00  마지막위험음성:0
17:11:00  RSSI원시:-57
17:11:00  RSSI평활:-57.4
17:11:00  RSSI샘플:10153
17:11:00  RSSI경과ms:96
17:11:00  RSSI구간:4
17:11:00  RSSI거리:1.72
17:11:00  상대보정:0
17:11:00  상대보정중:0
17:11:00  보정동쪽:0.00
17:11:00  보정북쪽:0.00
17:11:00  UWB유효:1
17:11:00  UWB원시거리:5.310
17:11:00  UWB보정거리:5.350
17:11:00  UWB접근속도:-0.343
17:11:00  UWB_RSSI:nan
17:11:00  UWB경과ms:109
17:11:00  UWB샘플:7609
17:11:00  UWB실패:165
17:11:00  UWB보정:1
17:11:00  UWB보정중:0
17:11:00  UWB보정샘플:100
17:11:00  UWB보정기준:3.000
17:11:00  UWB오프셋:0.234
17:11:00  UWB위험사용:0
17:11:00  UWB전송:7604
17:11:00  위험송신:0
17:11:00  시각ms:1570296
17:11:00  IMU시각ms:1570295
17:11:00  위험:0
17:11:00  원시위험:0
17:11:00  GPS유효:1
17:11:00  위도:37.495950
17:11:00  경도:126.956116
17:11:00  속도:0.02
17:11:00  방향:290.8
17:11:00  이동방향유효:0
17:11:00  GPS이동방향:290.8
17:11:00  차체방향유효:0
17:11:00  차체방향:0.0
17:11:00  후진판정:0
17:11:00  IMU요회전속도:0.00
17:11:00  방향가속도크기:9.70
17:11:00  방향자이로크기:2.50
17:11:00  방향자세cos:1.0000
17:11:00  자기모델잔차:24.66
17:11:00  자기모델반경:0.878
17:11:00  방향채택:0
17:11:00  방향거부:169283
17:11:00  GPS원시속도:0.005
17:11:00  GPS원시방향유효:1
17:11:00  GPS원시방향:290.8
17:11:00  가속도:-0.42,0.42,9.69
17:11:00  자이로:1.1,-1.3,-1.8
17:11:00  자력계:8.850,2.850,18.900
17:11:00  충격값:0.06
17:11:00  충격피크:0.11
17:11:00  마지막충격발생값:0.00
17:11:00  마지막충격발생ms:0
17:11:00  송신:14945
17:11:00  지팡이수신:10154
17:11:00  GPS위성:9
17:11:00  GPS_HDOP:1.20
17:11:00  원시위도:37.495950
17:11:00  원시경도:126.956118
17:11:00  GPS채택:1555
17:11:00  GPS이상치거부:0
17:11:00  GPS품질거부:0
17:11:00  GPS재기준:0
17:11:00  계산거리:-1.00
17:11:00  접근속도:0.00
17:11:00  TTC:999.00
17:11:00  방향오차:0.0
17:11:00  전방여부:0
17:11:00  위험음성횟수:0
17:11:00  충격음성횟수:0
17:11:00  마지막위험음성:0
17:11:00  RSSI원시:-55
17:11:00  RSSI평활:-56.9
17:11:00  RSSI샘플:10154
17:11:00  RSSI경과ms:2
17:11:00  RSSI구간:4
17:11:00  RSSI거리:1.64
17:11:00  상대보정:0
17:11:00  상대보정중:0
17:11:00  보정동쪽:0.00
17:11:00  보정북쪽:0.00
17:11:00  UWB유효:1
17:11:00  UWB원시거리:5.310
17:11:00  UWB보정거리:5.350
17:11:00  UWB접근속도:-0.343
17:11:00  UWB_RSSI:nan
17:11:00  UWB경과ms:136
17:11:00  UWB샘플:7609
17:11:00  UWB실패:165
17:11:00  UWB보정:1
17:11:00  UWB보정중:0
17:11:00  UWB보정샘플:100
17:11:00  UWB보정기준:3.000
17:11:00  UWB오프셋:0.234
17:11:00  UWB위험사용:0
17:11:00  UWB전송:7604
17:11:00  위험송신:0
17:11:00  시각ms:1570325
17:11:00  IMU시각ms:1570313
17:11:00  위험:0
17:11:00  원시위험:0
17:11:00  GPS유효:1
17:11:00  위도:37.495950
17:11:00  경도:126.956116
17:11:00  속도:0.02
17:11:00  방향:290.8
17:11:00  이동방향유효:0
17:11:00  GPS이동방향:290.8
17:11:00  차체방향유효:0
17:11:00  차체방향:0.0
17:11:00  후진판정:0
17:11:00  IMU요회전속도:0.00
17:11:00  방향가속도크기:9.71
17:11:00  방향자이로크기:4.47
17:11:00  방향자세cos:1.0000
17:11:00  자기모델잔차:26.87
17:11:00  자기모델반경:0.906
17:11:00  방향채택:0
17:11:00  방향거부:169285
17:11:00  GPS원시속도:0.005
17:11:00  GPS원시방향유효:1
17:11:00  GPS원시방향:290.8
17:11:00  가속도:-0.43,0.43,9.69
17:11:00  자이로:-1.0,1.9,-3.9
17:11:00  자력계:7.950,3.900,21.000
17:11:00  충격값:0.07
17:11:00  충격피크:0.10
17:11:00  마지막충격발생값:0.00
17:11:00  마지막충격발생ms:0
17:11:00  송신:14945
17:11:00  지팡이수신:10154
17:11:00  GPS위성:9
17:11:00  GPS_HDOP:1.20
17:11:00  원시위도:37.495950
17:11:00  원시경도:126.956118
17:11:00  GPS채택:1555
17:11:00  GPS이상치거부:0
17:11:00  GPS품질거부:0
17:11:00  GPS재기준:0
17:11:00  계산거리:-1.00
17:11:00  접근속도:0.00
17:11:00  TTC:999.00
17:11:00  방향오차:0.0
17:11:00  전방여부:0
17:11:00  위험음성횟수:0
17:11:00  충격음성횟수:0
17:11:00  마지막위험음성:0
17:11:00  RSSI원시:-55
17:11:00  RSSI평활:-56.9
17:11:00  RSSI샘플:10154
17:11:00  RSSI경과ms:31
17:11:00  RSSI구간:4
17:11:00  RSSI거리:1.64
17:11:00  상대보정:0
17:11:00  상대보정중:0
17:11:00  보정동쪽:0.00
17:11:00  보정북쪽:0.00
17:11:00  UWB유효:1
17:11:00  UWB원시거리:5.310
17:11:00  UWB보정거리:5.350
17:11:00  UWB접근속도:-0.343
17:11:00  UWB_RSSI:nan
17:11:00  UWB경과ms:165
17:11:00  UWB샘플:7609
17:11:00  UWB실패:165
17:11:00  UWB보정:1
17:11:00  UWB보정중:0
17:11:00  UWB보정샘플:100
17:11:00  UWB보정기준:3.000
17:11:00  UWB오프셋:0.234
17:11:00  UWB위험사용:0
17:11:00  UWB전송:7604
17:11:00  위험송신:0
17:11:00  시각ms:1570345
17:11:00  IMU시각ms:1570345
17:11:00  위험:0
17:11:00  원시위험:0
17:11:00  GPS유효:1
17:11:00  위도:37.495950
17:11:00  경도:126.956116
17:11:00  속도:0.02
17:11:00  방향:290.8
17:11:00  이동방향유효:0
17:11:00  GPS이동방향:290.8
17:11:00  차체방향유효:0
17:11:00  차체방향:0.0
17:11:00  후진판정:0
17:11:00  IMU요회전속도:0.00
17:11:00  방향가속도크기:9.66
17:11:00  방향자이로크기:2.56
17:11:00  방향자세cos:0.9999
17:11:00  자기모델잔차:25.92
17:11:00  자기모델반경:0.941
17:11:00  방향채택:0
17:11:00  방향거부:169287
17:11:00  GPS원시속도:0.005
17:11:00  GPS원시방향유효:1
17:11:00  GPS원시방향:290.8
17:11:00  가속도:-0.33,0.47,9.64
17:11:00  자이로:0.1,2.5,-0.5
17:11:00  자력계:7.350,4.800,19.950
17:11:00  충격값:0.15
17:11:00  충격피크:0.15
17:11:00  마지막충격발생값:0.00
17:11:00  마지막충격발생ms:0
17:11:00  송신:14945
17:11:00  지팡이수신:10154
17:11:00  GPS위성:9
17:11:00  GPS_HDOP:1.20
17:11:00  원시위도:37.495950
17:11:00  원시경도:126.956118
17:11:00  GPS채택:1555
17:11:00  GPS이상치거부:0
17:11:00  GPS품질거부:0
17:11:00  GPS재기준:0
17:11:00  계산거리:-1.00
17:11:00  접근속도:0.00
17:11:00  TTC:999.00
17:11:00  방향오차:0.0
17:11:00  전방여부:0
17:11:00  위험음성횟수:0
17:11:00  충격음성횟수:0
17:11:00  마지막위험음성:0
17:11:00  RSSI원시:-55
17:11:00  RSSI평활:-56.9
17:11:00  RSSI샘플:10154
17:11:00  RSSI경과ms:51
17:11:00  RSSI구간:4
17:11:00  RSSI거리:1.64
17:11:00  상대보정:0
17:11:00  상대보정중:0
17:11:00  보정동쪽:0.00
17:11:00  보정북쪽:0.00
17:11:00  UWB유효:1
17:11:00  UWB원시거리:5.310
17:11:00  UWB보정거리:5.350
17:11:00  UWB접근속도:-0.343
17:11:00  UWB_RSSI:nan
17:11:00  UWB경과ms:185
17:11:00  UWB샘플:7609
17:11:00  UWB실패:165
17:11:00  UWB보정:1
17:11:00  UWB보정중:0
17:11:00  UWB보정샘플:100
17:11:00  UWB보정기준:3.000
17:11:00  UWB오프셋:0.234
17:11:00  UWB위험사용:0
17:11:00  UWB전송:7604
17:11:00  위험송신:0
17:11:00  시각ms:1570369
17:11:00  IMU시각ms:1570368
17:11:00  위험:0
17:11:00  원시위험:0
17:11:00  GPS유효:1
17:11:00  위도:37.495950
17:11:00  경도:126.956116
17:11:00  속도:0.02
17:11:00  방향:290.8
17:11:00  이동방향유효:0
17:11:00  GPS이동방향:290.8
17:11:00  차체방향유효:0
17:11:00  차체방향:0.0
17:11:00  후진판정:0
17:11:00  IMU요회전속도:0.00
17:11:00  방향가속도크기:9.68
17:11:00  방향자이로크기:2.58
17:11:00  방향자세cos:0.9997
17:11:00  자기모델잔차:26.57
17:11:00  자기모델반경:0.941
17:11:00  방향채택:0
17:11:00  방향거부:169289
17:11:00  GPS원시속도:0.005
17:11:00  GPS원시방향유효:1
17:11:00  GPS원시방향:290.8
17:11:00  가속도:-0.31,0.30,9.67
17:11:00  자이로:1.4,-1.5,1.6
17:11:00  자력계:9.450,5.100,20.550
17:11:00  충격값:0.11
17:11:00  충격피크:0.12
17:11:00  마지막충격발생값:0.00
17:11:00  마지막충격발생ms:0
17:11:00  송신:14946
17:11:00  지팡이수신:10155
17:11:00  GPS위성:9
17:11:00  GPS_HDOP:1.20
17:11:00  원시위도:37.495950
17:11:00  원시경도:126.956118
17:11:00  GPS채택:1555
17:11:00  GPS이상치거부:0
17:11:00  GPS품질거부:0
17:11:00  GPS재기준:0
17:11:00  계산거리:-1.00
17:11:00  접근속도:0.00
17:11:00  TTC:999.00
17:11:00  방향오차:0.0
17:11:00  전방여부:0
17:11:00  위험음성횟수:0
17:11:00  충격음성횟수:0
17:11:00  마지막위험음성:0
17:11:00  RSSI원시:-55
17:11:00  RSSI평활:-56.5
17:11:00  RSSI샘플:10155
17:11:00  RSSI경과ms:1
17:11:00  RSSI구간:4
17:11:00  RSSI거리:1.64
17:11:00  상대보정:0
17:11:00  상대보정중:0
17:11:00  보정동쪽:0.00
17:11:00  보정북쪽:0.00
17:11:00  UWB유효:1
17:11:00  UWB원시거리:5.290
17:11:00  UWB보정거리:5.418
17:11:00  UWB접근속도:-0.343
17:11:00  UWB_RSSI:nan
17:11:00  UWB경과ms:10
17:11:00  UWB샘플:7610
17:11:00  UWB실패:165
17:11:00  UWB보정:1
17:11:00  UWB보정중:0
17:11:00  UWB보정샘플:100
17:11:00  UWB보정기준:3.000
17:11:00  UWB오프셋:0.234
17:11:00  UWB위험사용:0
17:11:00  UWB전송:7605
17:11:00  위험송신:0
17:11:00  시각ms:1570395
17:11:00  IMU시각ms:1570395
17:11:00  위험:0
17:11:00  원시위험:0
17:11:00  GPS유효:1
17:11:00  위도:37.495950
17:11:00  경도:126.956116
17:11:00  속도:0.02
17:11:00  방향:290.8
17:11:00  이동방향유효:0
17:11:00  GPS이동방향:290.8
17:11:00  차체방향유효:0
17:11:00  차체방향:0.0
17:11:00  후진판정:0
17:11:00  IMU요회전속도:0.00
17:11:00  방향가속도크기:9.65
17:11:00  방향자이로크기:3.08
17:11:00  방향자세cos:0.9997
17:11:00  자기모델잔차:25.39
17:11:00  자기모델반경:0.906
17:11:00  방향채택:0
17:11:00  방향거부:169292
17:11:00  GPS원시속도:0.005
17:11:00  GPS원시방향유효:1
17:11:00  GPS원시방향:290.8
17:11:00  가속도:-0.43,0.23,9.64
17:11:00  자이로:2.7,-0.2,1.4
17:11:00  자력계:9.900,3.900,19.500
17:11:00  충격값:0.14
17:11:00  충격피크:0.16
17:11:00  마지막충격발생값:0.00
17:11:00  마지막충격발생ms:0
17:11:00  송신:14946
17:11:00  지팡이수신:10155
17:11:00  GPS위성:9
17:11:00  GPS_HDOP:1.20
17:11:00  원시위도:37.495950
17:11:00  원시경도:126.956118
17:11:00  GPS채택:1555
17:11:00  GPS이상치거부:0
17:11:00  GPS품질거부:0
17:11:00  GPS재기준:0
17:11:00  계산거리:-1.00
17:11:00  접근속도:0.00
17:11:00  TTC:999.00
17:11:00  방향오차:0.0
17:11:00  전방여부:0
17:11:00  위험음성횟수:0
17:11:00  충격음성횟수:0
17:11:00  마지막위험음성:0
17:11:00  RSSI원시:-55
17:11:00  RSSI평활:-56.5
17:11:00  RSSI샘플:10155
17:11:00  RSSI경과ms:27
17:11:00  RSSI구간:4
17:11:00  RSSI거리:1.58
17:11:00  상대보정:0
17:11:00  상대보정중:0
17:11:00  보정동쪽:0.00
17:11:00  보정북쪽:0.00
17:11:00  UWB유효:1
17:11:00  UWB원시거리:5.290
17:11:00  UWB보정거리:5.418
17:11:00  UWB접근속도:-0.343
17:11:00  UWB_RSSI:nan
17:11:00  UWB경과ms:36
17:11:00  UWB샘플:7610
17:11:00  UWB실패:165
17:11:00  UWB보정:1
17:11:00  UWB보정중:0
17:11:00  UWB보정샘플:100
17:11:00  UWB보정기준:3.000
17:11:00  UWB오프셋:0.234
17:11:00  UWB위험사용:0
17:11:00  UWB전송:7605
17:11:00  위험송신:0
17:11:00  시각ms:1570422
17:11:00  IMU시각ms:1570422
17:11:00  위험:0
17:11:00  원시위험:0
17:11:00  GPS유효:1
17:11:00  위도:37.495950
17:11:00  경도:126.956116
17:11:00  속도:0.02
17:11:00  방향:290.8
17:11:00  이동방향유효:0
17:11:00  GPS이동방향:290.8
17:11:00  차체방향유효:0
17:11:00  차체방향:0.0
17:11:00  후진판정:0
17:11:00  IMU요회전속도:0.00
17:11:00  방향가속도크기:9.71
17:11:00  방향자이로크기:2.51
17:11:00  방향자세cos:0.9998
17:11:00  자기모델잔차:25.73
17:11:00  자기모델반경:0.968
17:11:00  방향채택:0
17:11:00  방향거부:169295
17:11:00  GPS원시속도:0.005
17:11:00  GPS원시방향유효:1
17:11:00  GPS원시방향:290.8
17:11:00  가속도:-0.37,0.31,9.70
17:11:00  자이로:0.5,0.8,-2.3
17:11:00  자력계:7.800,5.700,19.650
17:11:00  충격값:0.06
17:11:00  충격피크:0.06
17:11:00  마지막충격발생값:0.00
17:11:00  마지막충격발생ms:0
17:11:00  송신:14946
17:11:00  지팡이수신:10155
17:11:00  GPS위성:9
17:11:00  GPS_HDOP:1.20
17:11:00  원시위도:37.495950
17:11:00  원시경도:126.956118
17:11:00  GPS채택:1555
17:11:00  GPS이상치거부:0
17:11:00  GPS품질거부:0
17:11:00  GPS재기준:0
17:11:00  계산거리:-1.00
17:11:00  접근속도:0.00
17:11:00  TTC:999.00
17:11:00  방향오차:0.0
17:11:00  전방여부:0
17:11:00  위험음성횟수:0
17:11:00  충격음성횟수:0
17:11:00  마지막위험음성:0
17:11:00  RSSI원시:-55
17:11:00  RSSI평활:-56.5
17:11:00  RSSI샘플:10155
17:11:00  RSSI경과ms:54
17:11:00  RSSI구간:4
17:11:00  RSSI거리:1.58
17:11:00  상대보정:0
17:11:00  상대보정중:0
17:11:00  보정동쪽:0.00
17:11:00  보정북쪽:0.00
17:11:00  UWB유효:1
17:11:00  UWB원시거리:5.290
17:11:00  UWB보정거리:5.418
17:11:00  UWB접근속도:-0.343
17:11:00  UWB_RSSI:nan
17:11:00  UWB경과ms:63
17:11:00  UWB샘플:7610
17:11:00  UWB실패:165
17:11:00  UWB보정:1
17:11:00  UWB보정중:0
17:11:00  UWB보정샘플:100
17:11:00  UWB보정기준:3.000
17:11:00  UWB오프셋:0.234
17:11:00  UWB위험사용:0
17:11:00  UWB전송:7605
17:11:00  위험송신:0
17:11:00  시각ms:1570448
17:11:00  IMU시각ms:1570448
17:11:00  위험:0
17:11:00  원시위험:0
17:11:00  GPS유효:1
17:11:00  위도:37.495950
17:11:00  경도:126.956116
17:11:00  속도:0.02
17:11:00  방향:290.8
17:11:00  이동방향유효:0
17:11:00  GPS이동방향:290.8
17:11:00  차체방향유효:0
17:11:00  차체방향:0.0
17:11:00  후진판정:0
17:11:00  IMU요회전속도:0.00
17:11:00  방향가속도크기:9.64
17:11:00  방향자이로크기:3.38
17:11:00  방향자세cos:0.9999
17:11:00  자기모델잔차:26.91
17:11:00  자기모델반경:0.992
17:11:00  방향채택:0
17:11:00  방향거부:169298
17:11:00  GPS원시속도:0.005
17:11:00  GPS원시방향유효:1
17:11:00  GPS원시방향:290.8
17:11:00  가속도:-0.40,0.39,9.62
17:11:00  자이로:3.3,0.1,0.7
17:11:00  자력계:10.050,6.750,20.700
17:11:00  충격값:0.08
17:11:00  충격피크:0.10
17:11:00  마지막충격발생값:0.00
17:11:00  마지막충격발생ms:0
17:11:00  송신:14946
17:11:00  지팡이수신:10155
17:11:00  GPS위성:9
17:11:00  GPS_HDOP:1.20
17:11:00  원시위도:37.495950
17:11:00  원시경도:126.956118
17:11:00  GPS채택:1555
17:11:00  GPS이상치거부:0
17:11:00  GPS품질거부:0
17:11:00  GPS재기준:0
17:11:00  계산거리:-1.00
17:11:00  접근속도:0.00
17:11:00  TTC:999.00
17:11:00  방향오차:0.0
17:11:00  전방여부:0
17:11:00  위험음성횟수:0
17:11:00  충격음성횟수:0
17:11:00  마지막위험음성:0
17:11:00  RSSI원시:-55
17:11:00  RSSI평활:-56.5
17:11:00  RSSI샘플:10155
17:11:00  RSSI경과ms:80
17:11:00  RSSI구간:4
17:11:00  RSSI거리:1.58
17:11:00  상대보정:0
17:11:00  상대보정중:0
17:11:00  보정동쪽:0.00
17:11:00  보정북쪽:0.00
17:11:00  UWB유효:1
17:11:00  UWB원시거리:5.290
17:11:00  UWB보정거리:5.418
17:11:00  UWB접근속도:-0.343
17:11:00  UWB_RSSI:nan
17:11:00  UWB경과ms:89
17:11:00  UWB샘플:7610
17:11:00  UWB실패:165
17:11:00  UWB보정:1
17:11:00  UWB보정중:0
17:11:00  UWB보정샘플:100
17:11:00  UWB보정기준:3.000
17:11:00  UWB오프셋:0.234
17:11:00  UWB위험사용:0
17:11:00  UWB전송:7605
17:11:00  위험송신:0
17:11:00  시각ms:1570475
17:11:00  IMU시각ms:1570475
17:11:00  위험:0
17:11:00  원시위험:0
17:11:00  GPS유효:1
17:11:00  위도:37.495950
17:11:00  경도:126.956116
17:11:00  속도:0.02
17:11:00  방향:290.8
17:11:00  이동방향유효:0
17:11:00  GPS이동방향:290.8
17:11:00  차체방향유효:0
17:11:00  차체방향:0.0
17:11:00  후진판정:0
17:11:00  IMU요회전속도:0.00
17:11:00  방향가속도크기:9.78
17:11:00  방향자이로크기:3.10
17:11:00  방향자세cos:1.0000
17:11:00  자기모델잔차:26.26
17:11:00  자기모델반경:0.945
17:11:00  방향채택:0
17:11:00  방향거부:169301
17:11:00  GPS원시속도:0.005
17:11:00  GPS원시방향유효:1
17:11:00  GPS원시방향:290.8
17:11:00  가속도:-0.40,0.45,9.76
17:11:00  자이로:2.9,-0.5,-0.9
17:11:00  자력계:8.400,5.100,20.250
17:11:00  충격값:0.12
17:11:00  충격피크:0.14
17:11:00  마지막충격발생값:0.00
17:11:00  마지막충격발생ms:0
17:11:00  송신:14947
17:11:00  지팡이수신:10155
17:11:00  GPS위성:9
17:11:00  GPS_HDOP:1.20
17:11:00  원시위도:37.495950
17:11:00  원시경도:126.956118
17:11:00  GPS채택:1555
17:11:00  GPS이상치거부:0
17:11:00  GPS품질거부:0
17:11:00  GPS재기준:0
17:11:00  계산거리:-1.00
17:11:00  접근속도:0.00
17:11:00  TTC:999.00
17:11:00  방향오차:0.0
17:11:00  전방여부:0
17:11:00  위험음성횟수:0
17:11:00  충격음성횟수:0
17:11:00  마지막위험음성:0
17:11:00  RSSI원시:-55
17:11:00  RSSI평활:-56.5
17:11:00  RSSI샘플:10155
17:11:00  RSSI경과ms:107
17:11:00  RSSI구간:4
17:11:00  RSSI거리:1.58
17:11:00  상대보정:0
17:11:00  상대보정중:0
17:11:00  보정동쪽:0.00
17:11:00  보정북쪽:0.00
17:11:00  UWB유효:1
17:11:00  UWB원시거리:5.290
17:11:00  UWB보정거리:5.418
17:11:00  UWB접근속도:-0.343
17:11:00  UWB_RSSI:nan
17:11:00  UWB경과ms:116
17:11:00  UWB샘플:7610
17:11:00  UWB실패:165
17:11:00  UWB보정:1
17:11:00  UWB보정중:0
17:11:00  UWB보정샘플:100
17:11:00  UWB보정기준:3.000
17:11:00  UWB오프셋:0.234
17:11:00  UWB위험사용:0
17:11:00  UWB전송:7605
17:11:00  위험송신:0
17:11:00  시각ms:1570528
17:11:00  IMU시각ms:1570528
17:11:00  위험:0
17:11:00  원시위험:0
17:11:00  GPS유효:1
17:11:00  위도:37.495950
17:11:00  경도:126.956116
17:11:00  속도:0.02
17:11:00  방향:290.8
17:11:00  이동방향유효:0
17:11:00  GPS이동방향:290.8
17:11:00  차체방향유효:0
17:11:00  차체방향:0.0
17:11:00  후진판정:0
17:11:00  IMU요회전속도:0.00
17:11:00  방향가속도크기:9.76
17:11:00  방향자이로크기:1.28
17:11:00  방향자세cos:0.9997
17:11:00  자기모델잔차:26.52
17:11:00  자기모델반경:0.927
17:11:00  방향채택:0
17:11:00  방향거부:169307
17:11:00  GPS원시속도:0.005
17:11:00  GPS원시방향유효:1
17:11:00  GPS원시방향:290.8
17:11:00  가속도:-0.24,0.38,9.75
17:11:00  자이로:0.6,1.1,0.0
17:11:00  자력계:9.450,4.650,20.550
17:11:00  충격값:0.18
17:11:00  충격피크:0.18
17:11:00  마지막충격발생값:0.00
17:11:00  마지막충격발생ms:0
17:11:00  송신:14947
17:11:00  지팡이수신:10156
17:11:00  GPS위성:9
17:11:00  GPS_HDOP:1.20
17:11:00  원시위도:37.495950
17:11:00  원시경도:126.956118
17:11:00  GPS채택:1555
17:11:00  GPS이상치거부:0
17:11:00  GPS품질거부:0
17:11:00  GPS재기준:0
17:11:00  계산거리:-1.00
17:11:00  접근속도:0.00
17:11:00  TTC:999.00
17:11:00  방향오차:0.0
17:11:00  전방여부:0
17:11:00  위험음성횟수:0
17:11:00  충격음성횟수:0
17:11:00  마지막위험음성:0
17:11:00  RSSI원시:-55
17:11:00  RSSI평활:-56.2
17:11:00  RSSI샘플:10156
17:11:00  RSSI경과ms:27
17:11:00  RSSI구간:4
17:11:00  RSSI거리:1.54
17:11:00  상대보정:0
17:11:00  상대보정중:0
17:11:00  보정동쪽:0.00
17:11:00  보정북쪽:0.00
17:11:00  UWB유효:1
17:11:00  UWB원시거리:5.290
17:11:00  UWB보정거리:5.418
17:11:00  UWB접근속도:-0.343
17:11:00  UWB_RSSI:nan
17:11:00  UWB경과ms:169
17:11:00  UWB샘플:7610
17:11:00  UWB실패:165
17:11:00  UWB보정:1
17:11:00  UWB보정중:0
17:11:00  UWB보정샘플:100
17:11:00  UWB보정기준:3.000
17:11:00  UWB오프셋:0.234
17:11:00  UWB위험사용:0
17:11:00  UWB전송:7605
17:11:00  위험송신:0
17:11:00  시각ms:1570548
17:11:00  IMU시각ms:1570548
17:11:00  위험:0
17:11:00  원시위험:0
17:11:00  GPS유효:1
17:11:00  위도:37.495950
17:11:00  경도:126.956116
17:11:00  속도:0.02
17:11:00  방향:290.8
17:11:00  이동방향유효:0
17:11:00  GPS이동방향:290.8
17:11:00  차체방향유효:0
17:11:00  차체방향:0.0
17:11:00  후진판정:0
17:11:00  IMU요회전속도:0.00
17:11:00  방향가속도크기:9.77
17:11:00  방향자이로크기:3.16
17:11:00  방향자세cos:0.9999
17:11:00  자기모델잔차:26.52
17:11:00  자기모델반경:0.927
17:11:00  방향채택:0
17:11:00  방향거부:169309
17:11:00  GPS원시속도:0.005
17:11:00  GPS원시방향유효:1
17:11:00  GPS원시방향:290.8
17:11:00  가속도:-0.46,0.32,9.75
17:11:00  자이로:0.6,1.9,-2.4
17:11:00  자력계:9.450,4.650,20.550
17:11:00  충격값:0.08
17:11:00  충격피크:0.08
17:11:00  마지막충격발생값:0.00
17:11:00  마지막충격발생ms:0
17:11:00  송신:14947
17:11:00  지팡이수신:10156
17:11:00  GPS위성:9
17:11:00  GPS_HDOP:1.20
17:11:00  원시위도:37.495950
17:11:00  원시경도:126.956118
17:11:00  GPS채택:1555
17:11:00  GPS이상치거부:0
17:11:00  GPS품질거부:0
17:11:00  GPS재기준:0
17:11:00  계산거리:-1.00
17:11:00  접근속도:0.00
17:11:00  TTC:999.00
17:11:00  방향오차:0.0
17:11:00  전방여부:0
17:11:00  위험음성횟수:0
17:11:00  충격음성횟수:0
17:11:00  마지막위험음성:0
17:11:00  RSSI원시:-55
17:11:00  RSSI평활:-56.2
17:11:00  RSSI샘플:10156
17:11:00  RSSI경과ms:47
17:11:00  RSSI구간:4
17:11:00  RSSI거리:1.54
17:11:00  상대보정:0
17:11:00  상대보정중:0
17:11:00  보정동쪽:0.00
17:11:00  보정북쪽:0.00
17:11:00  UWB유효:1
17:11:00  UWB원시거리:5.290
17:11:00  UWB보정거리:5.418
17:11:00  UWB접근속도:-0.343
17:11:00  UWB_RSSI:nan
17:11:00  UWB경과ms:189
17:11:00  UWB샘플:7610
17:11:00  UWB실패:165
17:11:00  UWB보정:1
17:11:00  UWB보정중:0
17:11:00  UWB보정샘플:100
17:11:00  UWB보정기준:3.000
17:11:00  UWB오프셋:0.234
17:11:00  UWB위험사용:0
17:11:00  UWB전송:7605
17:11:00  위험송신:0
17:11:00  시각ms:1570570
17:11:00  IMU시각ms:1570570
17:11:00  위험:0
17:11:00  원시위험:0
17:11:00  GPS유효:1
17:11:00  위도:37.495950
17:11:00  경도:126.956116
17:11:00  속도:0.02
17:11:00  방향:290.8
17:11:00  이동방향유효:0
17:11:00  GPS이동방향:290.8
17:11:00  차체방향유효:0
17:11:00  차체방향:0.0
17:11:00  후진판정:0
17:11:00  IMU요회전속도:0.00
17:11:00  방향가속도크기:9.73
17:11:00  방향자이로크기:1.35
17:11:00  방향자세cos:0.9999
17:11:00  자기모델잔차:24.78
17:11:00  자기모델반경:0.947
17:11:00  방향채택:0
17:11:00  방향거부:169311
17:11:00  GPS원시속도:0.005
17:11:00  GPS원시방향유효:1
17:11:00  GPS원시방향:290.8
17:11:00  가속도:-0.32,0.43,9.71
17:11:00  자이로:-0.5,0.2,-1.2
17:11:00  자력계:9.900,5.100,18.750
17:11:00  충격값:0.13
17:11:00  충격피크:0.13
17:11:00  마지막충격발생값:0.00
17:11:00  마지막충격발생ms:0
17:11:00  송신:14947
17:11:00  지팡이수신:10156
17:11:00  GPS위성:9
17:11:00  GPS_HDOP:1.20
17:11:00  원시위도:37.495950
17:11:00  원시경도:126.956118
17:11:00  GPS채택:1555
17:11:00  GPS이상치거부:0
17:11:00  GPS품질거부:0
17:11:00  GPS재기준:0
17:11:00  계산거리:-1.00
17:11:00  접근속도:0.00
17:11:00  TTC:999.00
17:11:00  방향오차:0.0
17:11:00  전방여부:0
17:11:00  위험음성횟수:0
17:11:00  충격음성횟수:0
17:11:00  마지막위험음성:0
17:11:00  RSSI원시:-55
17:11:00  RSSI평활:-56.2
17:11:00  RSSI샘플:10156
17:11:00  RSSI경과ms:69
17:11:00  RSSI구간:4
17:11:00  RSSI거리:1.54
17:11:00  상대보정:0
17:11:00  상대보정중:0
17:11:00  보정동쪽:0.00
17:11:00  보정북쪽:0.00
17:11:00  UWB유효:1
17:11:00  UWB원시거리:5.110
17:11:00  UWB보정거리:5.462
17:11:00  UWB접근속도:-0.306
17:11:00  UWB_RSSI:nan
17:11:00  UWB경과ms:9
17:11:00  UWB샘플:7611
17:11:00  UWB실패:165
17:11:00  UWB보정:1
17:11:00  UWB보정중:0
17:11:00  UWB보정샘플:100
17:11:00  UWB보정기준:3.000
17:11:00  UWB오프셋:0.234
17:11:00  UWB위험사용:0
17:11:00  UWB전송:7606
17:11:00  위험송신:0
17:11:00  시각ms:1570597
17:11:00  IMU시각ms:1570596
17:11:00  위험:0
17:11:00  원시위험:0
17:11:00  GPS유효:1
17:11:00  위도:37.495950
17:11:00  경도:126.956116
17:11:00  속도:0.02
17:11:00  방향:290.8
17:11:00  이동방향유효:0
17:11:00  GPS이동방향:290.8
17:11:00  차체방향유효:0
17:11:00  차체방향:0.0
17:11:00  후진판정:0
17:11:00  IMU요회전속도:0.00
17:11:00  방향가속도크기:9.73
17:11:00  방향자이로크기:2.06
17:11:00  방향자세cos:0.9999
17:11:00  자기모델잔차:27.01
17:11:00  자기모델반경:0.940
17:11:00  방향채택:0
17:11:00  방향거부:169314
17:11:00  GPS원시속도:0.005
17:11:00  GPS원시방향유효:1
17:11:00  GPS원시방향:290.8
17:11:00  가속도:-0.40,0.39,9.71
17:11:00  자이로:1.6,-0.3,1.3
17:11:00  자력계:9.150,5.100,21.000
17:11:00  충격값:0.04
17:11:00  충격피크:0.09
17:11:00  마지막충격발생값:0.00
17:11:00  마지막충격발생ms:0
17:11:00  송신:14948
17:11:00  지팡이수신:10157
17:11:00  GPS위성:9
17:11:00  GPS_HDOP:1.20
17:11:00  원시위도:37.495950
17:11:00  원시경도:126.956118
17:11:00  GPS채택:1555
17:11:00  GPS이상치거부:0
17:11:00  GPS품질거부:0
17:11:00  GPS재기준:0
17:11:00  계산거리:-1.00
17:11:00  접근속도:0.00
17:11:00  TTC:999.00
17:11:00  방향오차:0.0
17:11:00  전방여부:0
17:11:00  위험음성횟수:0
17:11:00  충격음성횟수:0
17:11:00  마지막위험음성:0
17:11:00  RSSI원시:-55
17:11:00  RSSI평활:-56.0
17:11:00  RSSI샘플:10157
17:11:00  RSSI경과ms:7
17:11:00  RSSI구간:4
17:11:00  RSSI거리:1.50
17:11:00  상대보정:0
17:11:00  상대보정중:0
17:11:00  보정동쪽:0.00
17:11:00  보정북쪽:0.00
17:11:00  UWB유효:1
17:11:00  UWB원시거리:5.110
17:11:00  UWB보정거리:5.462
17:11:00  UWB접근속도:-0.306
17:11:00  UWB_RSSI:nan
17:11:00  UWB경과ms:36
17:11:00  UWB샘플:7611
17:11:00  UWB실패:165
17:11:00  UWB보정:1
17:11:00  UWB보정중:0
17:11:00  UWB보정샘플:100
17:11:00  UWB보정기준:3.000
17:11:00  UWB오프셋:0.234
17:11:00  UWB위험사용:0
17:11:00  UWB전송:7606
17:11:00  위험송신:0
17:11:00  시각ms:1570623
17:11:00  IMU시각ms:1570623
17:11:00  위험:0
17:11:00  원시위험:0
17:11:00  GPS유효:1
17:11:00  위도:37.495950
17:11:00  경도:126.956116
17:11:00  속도:0.02
17:11:00  방향:290.8
17:11:00  이동방향유효:0
17:11:00  GPS이동방향:290.8
17:11:00  차체방향유효:0
17:11:00  차체방향:0.0
17:11:00  후진판정:0
17:11:00  IMU요회전속도:0.00
17:11:00  방향가속도크기:9.69
17:11:00  방향자이로크기:1.38
17:11:00  방향자세cos:0.9998
17:11:00  자기모델잔차:27.35
17:11:00  자기모델반경:0.904
17:11:00  방향채택:0
17:11:00  방향거부:169317
17:11:00  GPS원시속도:0.005
17:11:00  GPS원시방향유효:1
17:11:00  GPS원시방향:290.8
17:11:00  가속도:-0.44,0.26,9.68
17:11:00  자이로:-0.3,0.9,-0.9
17:11:00  자력계:10.500,4.050,21.450
17:11:00  충격값:0.09
17:11:00  충격피크:0.11
17:11:00  마지막충격발생값:0.00
17:11:00  마지막충격발생ms:0
17:11:00  송신:14948
17:11:00  지팡이수신:10157
17:11:00  GPS위성:9
17:11:00  GPS_HDOP:1.20
17:11:00  원시위도:37.495950
17:11:00  원시경도:126.956118
17:11:00  GPS채택:1555
17:11:00  GPS이상치거부:0
17:11:00  GPS품질거부:0
17:11:00  GPS재기준:0
17:11:00  계산거리:-1.00
17:11:00  접근속도:0.00
17:11:00  TTC:999.00
17:11:00  방향오차:0.0
17:11:00  전방여부:0
17:11:00  위험음성횟수:0
17:11:00  충격음성횟수:0
17:11:00  마지막위험음성:0
17:11:00  RSSI원시:-55
17:11:00  RSSI평활:-56.0
17:11:00  RSSI샘플:10157
17:11:00  RSSI경과ms:33
17:11:00  RSSI구간:4
17:11:00  RSSI거리:1.50
17:11:00  상대보정:0
17:11:00  상대보정중:0
17:11:00  보정동쪽:0.00
17:11:00  보정북쪽:0.00
17:11:00  UWB유효:1
17:11:00  UWB원시거리:5.110
17:11:00  UWB보정거리:5.462
17:11:00  UWB접근속도:-0.306
17:11:00  UWB_RSSI:nan
17:11:00  UWB경과ms:62
17:11:00  UWB샘플:7611
17:11:00  UWB실패:165
17:11:00  UWB보정:1
17:11:00  UWB보정중:0
17:11:00  UWB보정샘플:100
17:11:00  UWB보정기준:3.000
17:11:00  UWB오프셋:0.234
17:11:00  UWB위험사용:0
17:11:00  UWB전송:7606
17:11:00  위험송신:0
17:11:00  시각ms:1570650
17:11:00  IMU시각ms:1570649
17:11:00  위험:0
17:11:00  원시위험:0
17:11:00  GPS유효:1
17:11:00  위도:37.495950
17:11:00  경도:126.956116
17:11:00  속도:0.02
17:11:00  방향:290.8
17:11:00  이동방향유효:0
17:11:00  GPS이동방향:290.8
17:11:00  차체방향유효:0
17:11:00  차체방향:0.0
17:11:00  후진판정:0
17:11:00  IMU요회전속도:0.00
17:11:00  방향가속도크기:9.73
17:11:00  방향자이로크기:5.03
17:11:00  방향자세cos:0.9998
17:11:00  자기모델잔차:25.93
17:11:00  자기모델반경:0.935
17:11:00  방향채택:0
17:11:00  방향거부:169320
17:11:00  GPS원시속도:0.005
17:11:00  GPS원시방향유효:1
17:11:00  GPS원시방향:290.8
17:11:00  가속도:-0.26,0.46,9.72
17:11:00  자이로:2.3,3.2,3.1
17:11:00  자력계:8.850,4.800,19.950
17:11:00  충격값:0.18
17:11:00  충격피크:0.18
17:11:00  마지막충격발생값:0.00
17:11:00  마지막충격발생ms:0
17:11:00  송신:14948
17:11:00  지팡이수신:10157
17:11:00  GPS위성:9
17:11:00  GPS_HDOP:1.20
17:11:00  원시위도:37.495950
17:11:00  원시경도:126.956118
17:11:00  GPS채택:1555
17:11:00  GPS이상치거부:0
17:11:00  GPS품질거부:0
17:11:00  GPS재기준:0
17:11:00  계산거리:-1.00
17:11:00  접근속도:0.00
17:11:00  TTC:999.00
17:11:00  방향오차:0.0
17:11:00  전방여부:0
17:11:00  위험음성횟수:0
17:11:00  충격음성횟수:0
17:11:00  마지막위험음성:0
17:11:00  RSSI원시:-55
17:11:00  RSSI평활:-56.0
17:11:00  RSSI샘플:10157
17:11:00  RSSI경과ms:60
17:11:00  RSSI구간:4
17:11:00  RSSI거리:1.50
17:11:00  상대보정:0
17:11:00  상대보정중:0
17:11:00  보정동쪽:0.00
17:11:00  보정북쪽:0.00
17:11:00  UWB유효:1
17:11:00  UWB원시거리:5.110
17:11:00  UWB보정거리:5.462
17:11:00  UWB접근속도:-0.306
17:11:00  UWB_RSSI:nan
17:11:00  UWB경과ms:89
17:11:00  UWB샘플:7611
17:11:00  UWB실패:165
17:11:00  UWB보정:1
17:11:00  UWB보정중:0
17:11:00  UWB보정샘플:100
17:11:00  UWB보정기준:3.000
17:11:00  UWB오프셋:0.234
17:11:00  UWB위험사용:0
17:11:00  UWB전송:7606
17:11:00  위험송신:0
17:11:00  시각ms:1570697
17:11:00  IMU시각ms:1570697
17:11:00  위험:0
17:11:00  원시위험:0
17:11:00  GPS유효:1
17:11:00  위도:37.495950
17:11:00  경도:126.956116
17:11:00  속도:0.02
17:11:00  방향:290.8
17:11:00  이동방향유효:0
17:11:00  GPS이동방향:290.8
17:11:00  차체방향유효:0
17:11:00  차체방향:0.0
17:11:00  후진판정:0
17:11:00  IMU요회전속도:0.00
17:11:00  방향가속도크기:9.71
17:11:00  방향자이로크기:1.58
17:11:00  방향자세cos:1.0000
17:11:00  자기모델잔차:26.38
17:11:00  자기모델반경:0.889
17:11:00  방향채택:0
17:11:00  방향거부:169325
17:11:00  GPS원시속도:0.005
17:11:00  GPS원시방향유효:1
17:11:00  GPS원시방향:290.8
17:11:00  가속도:-0.49,0.48,9.68
17:11:00  자이로:1.6,0.0,0.1
17:11:00  자력계:9.450,3.450,20.550
17:11:00  충격값:0.16
17:11:00  충격피크:0.16
17:11:00  마지막충격발생값:0.00
17:11:00  마지막충격발생ms:0
17:11:00  송신:14949
17:11:00  지팡이수신:10157
17:11:00  GPS위성:9
17:11:00  GPS_HDOP:1.20
17:11:00  원시위도:37.495950
17:11:00  원시경도:126.956118
17:11:00  GPS채택:1555
17:11:00  GPS이상치거부:0
17:11:00  GPS품질거부:0
17:11:00  GPS재기준:0
17:11:00  계산거리:-1.00
17:11:00  접근속도:0.00
17:11:00  TTC:999.00
17:11:00  방향오차:0.0
17:11:00  전방여부:0
17:11:00  위험음성횟수:0
17:11:00  충격음성횟수:0
17:11:00  마지막위험음성:0
17:11:00  RSSI원시:-55
17:11:00  RSSI평활:-56.0
17:11:00  RSSI샘플:10157
17:11:00  RSSI경과ms:107
17:11:00  RSSI구간:4
17:11:00  RSSI거리:1.50
17:11:00  상대보정:0
17:11:00  상대보정중:0
17:11:00  보정동쪽:0.00
17:11:00  보정북쪽:0.00
17:11:00  UWB유효:1
17:11:00  UWB원시거리:5.110
17:11:00  UWB보정거리:5.462
17:11:00  UWB접근속도:-0.306
17:11:00  UWB_RSSI:nan
17:11:00  UWB경과ms:136
17:11:00  UWB샘플:7611
17:11:00  UWB실패:165
17:11:00  UWB보정:1
17:11:00  UWB보정중:0
17:11:00  UWB보정샘플:100
17:11:00  UWB보정기준:3.000
17:11:00  UWB오프셋:0.234
17:11:00  UWB위험사용:0
17:11:00  UWB전송:7606
17:11:00  위험송신:0
17:11:00  시각ms:1570725
17:11:00  IMU시각ms:1570724
17:11:00  위험:0
17:11:00  원시위험:0
17:11:00  GPS유효:1
17:11:00  위도:37.495950
17:11:00  경도:126.956116
17:11:00  속도:0.02
17:11:00  방향:290.8
17:11:00  이동방향유효:0
17:11:00  GPS이동방향:290.8
17:11:00  차체방향유효:0
17:11:00  차체방향:0.0
17:11:00  후진판정:0
17:11:00  IMU요회전속도:0.00
17:11:00  방향가속도크기:9.68
17:11:00  방향자이로크기:1.35
17:11:00  방향자세cos:0.9999
17:11:00  자기모델잔차:26.21
17:11:00  자기모델반경:0.931
17:11:00  방향채택:0
17:11:00  방향거부:169328
17:11:00  GPS원시속도:0.015
17:11:00  GPS원시방향유효:1
17:11:00  GPS원시방향:290.8
17:11:00  가속도:-0.45,0.33,9.67
17:11:00  자이로:1.3,-0.3,-0.1
17:11:00  자력계:8.400,4.650,20.250
17:11:00  충격값:0.06
17:11:00  충격피크:0.18
17:11:00  마지막충격발생값:0.00
17:11:00  마지막충격발생ms:0
17:11:00  송신:14949
17:11:00  지팡이수신:10158
17:11:00  GPS위성:9
17:11:00  GPS_HDOP:1.11
17:11:00  원시위도:37.495950
17:11:00  원시경도:126.956116
17:11:00  GPS채택:1556
17:11:00  GPS이상치거부:0
17:11:00  GPS품질거부:0
17:11:00  GPS재기준:0
17:11:00  계산거리:-1.00
17:11:00  접근속도:0.00
17:11:00  TTC:999.00
17:11:00  방향오차:0.0
17:11:00  전방여부:0
17:11:00  위험음성횟수:0
17:11:00  충격음성횟수:0
17:11:00  마지막위험음성:0
17:11:00  RSSI원시:-54
17:11:00  RSSI평활:-55.6
17:11:00  RSSI샘플:10158
17:11:00  RSSI경과ms:15
17:11:00  RSSI구간:4
17:11:00  RSSI거리:1.45
17:11:00  상대보정:0
17:11:00  상대보정중:0
17:11:00  보정동쪽:0.00
17:11:00  보정북쪽:0.00
17:11:00  UWB유효:1
17:11:00  UWB원시거리:5.110
17:11:00  UWB보정거리:5.462
17:11:00  UWB접근속도:-0.306
17:11:00  UWB_RSSI:nan
17:11:00  UWB경과ms:164
17:11:00  UWB샘플:7611
17:11:00  UWB실패:165
17:11:00  UWB보정:1
17:11:00  UWB보정중:0
17:11:00  UWB보정샘플:100
17:11:00  UWB보정기준:3.000
17:11:00  UWB오프셋:0.234
17:11:00  UWB위험사용:0
17:11:00  UWB전송:7606
17:11:00  위험송신:0
17:11:00  시각ms:1570752
17:11:00  IMU시각ms:1570752
17:11:00  위험:0
17:11:00  원시위험:0
17:11:00  GPS유효:1
17:11:00  위도:37.495950
17:11:00  경도:126.956116
17:11:00  속도:0.02
17:11:00  방향:290.8
17:11:00  이동방향유효:0
17:11:00  GPS이동방향:290.8
17:11:00  차체방향유효:0
17:11:00  차체방향:0.0
17:11:00  후진판정:0
17:11:00  IMU요회전속도:0.00
17:11:00  방향가속도크기:9.67
17:11:00  방향자이로크기:1.66
17:11:00  방향자세cos:0.9999
17:11:00  자기모델잔차:25.63
17:11:00  자기모델반경:0.936
17:11:00  방향채택:0
17:11:00  방향거부:169331
17:11:00  GPS원시속도:0.015
17:11:00  GPS원시방향유효:1
17:11:00  GPS원시방향:290.8
17:11:00  가속도:-0.37,0.38,9.65
17:11:00  자이로:1.5,-0.6,0.5
17:11:00  자력계:8.850,4.800,19.650
17:11:00  충격값:0.06
17:11:00  충격피크:0.13
17:11:00  마지막충격발생값:0.00
17:11:00  마지막충격발생ms:0
17:11:00  송신:14949
17:11:00  지팡이수신:10158
17:11:00  GPS위성:9
17:11:00  GPS_HDOP:1.11
17:11:00  원시위도:37.495950
17:11:00  원시경도:126.956116
17:11:00  GPS채택:1556
17:11:00  GPS이상치거부:0
17:11:00  GPS품질거부:0
17:11:00  GPS재기준:0
17:11:00  계산거리:-1.00
17:11:00  접근속도:0.00
17:11:00  TTC:999.00
17:11:00  방향오차:0.0
17:11:00  전방여부:0
17:11:00  위험음성횟수:0
17:11:00  충격음성횟수:0
17:11:00  마지막위험음성:0
17:11:00  RSSI원시:-54
17:11:00  RSSI평활:-55.6
17:11:00  RSSI샘플:10158
17:11:00  RSSI경과ms:42
17:11:00  RSSI구간:4
17:11:00  RSSI거리:1.45
17:11:00  상대보정:0
17:11:00  상대보정중:0
17:11:00  보정동쪽:0.00
17:11:00  보정북쪽:0.00
17:11:00  UWB유효:1
17:11:00  UWB원시거리:5.110
17:11:00  UWB보정거리:5.462
17:11:00  UWB접근속도:-0.306
17:11:00  UWB_RSSI:nan
17:11:00  UWB경과ms:191
17:11:00  UWB샘플:7611
17:11:00  UWB실패:165
17:11:00  UWB보정:1
17:11:00  UWB보정중:0
17:11:00  UWB보정샘플:100
17:11:00  UWB보정기준:3.000
17:11:00  UWB오프셋:0.234
17:11:00  UWB위험사용:0
17:11:00  UWB전송:7606
17:11:00  위험송신:0
17:11:00  시각ms:1570840
17:11:00  IMU시각ms:1570840
17:11:00  위험:0
17:11:00  원시위험:0
17:11:00  GPS유효:1
17:11:00  위도:37.495950
17:11:00  경도:126.956116
17:11:00  속도:0.02
17:11:00  방향:290.8
17:11:00  이동방향유효:0
17:11:00  GPS이동방향:290.8
17:11:00  차체방향유효:0
17:11:00  차체방향:0.0
17:11:00  후진판정:0
17:11:00  IMU요회전속도:0.00
17:11:00  방향가속도크기:9.74
17:11:00  방향자이로크기:2.86
17:11:00  방향자세cos:0.9998
17:11:00  자기모델잔차:25.16
17:11:00  자기모델반경:0.928
17:11:00  방향채택:0
17:11:00  방향거부:169339
17:11:00  GPS원시속도:0.015
17:11:00  GPS원시방향유효:1
17:11:00  GPS원시방향:290.8
17:11:00  가속도:-0.48,0.29,9.72
17:11:00  자이로:-0.1,-0.1,-2.9
17:11:00  자력계:9.300,4.500,19.200
17:11:00  충격값:0.09
17:11:00  충격피크:0.09
17:11:00  마지막충격발생값:0.00
17:11:00  마지막충격발생ms:0
17:11:00  송신:14950
17:11:00  지팡이수신:10159
17:11:00  GPS위성:9
17:11:00  GPS_HDOP:1.11
17:11:00  원시위도:37.495950
17:11:00  원시경도:126.956116
17:11:00  GPS채택:1556
17:11:00  GPS이상치거부:0
17:11:00  GPS품질거부:0
17:11:00  GPS재기준:0
17:11:00  계산거리:-1.00
17:11:00  접근속도:0.00
17:11:00  TTC:999.00
17:11:00  방향오차:0.0
17:11:00  전방여부:0
17:11:00  위험음성횟수:0
17:11:00  충격음성횟수:0
17:11:00  마지막위험음성:0
17:11:00  RSSI원시:-55
17:11:00  RSSI평활:-55.5
17:11:00  RSSI샘플:10159
17:11:00  RSSI경과ms:48
17:11:00  RSSI구간:4
17:11:00  RSSI거리:1.43
17:11:00  상대보정:0
17:11:00  상대보정중:0
17:11:00  보정동쪽:0.00
17:11:00  보정북쪽:0.00
17:11:00  UWB유효:1
17:11:00  UWB원시거리:5.090
17:11:00  UWB보정거리:5.484
17:11:00  UWB접근속도:-0.246
17:11:00  UWB_RSSI:nan
17:11:00  UWB경과ms:74
17:11:00  UWB샘플:7612
17:11:00  UWB실패:165
17:11:00  UWB보정:1
17:11:00  UWB보정중:0
17:11:00  UWB보정샘플:100
17:11:00  UWB보정기준:3.000
17:11:00  UWB오프셋:0.234
17:11:00  UWB위험사용:0
17:11:00  UWB전송:7607
17:11:00  위험송신:0
17:11:00  시각ms:1570984
17:11:00  IMU시각ms:1570984
17:11:00  위험:0
17:11:00  원시위험:0
17:11:00  GPS유효:1
17:11:00  위도:37.495950
17:11:00  경도:126.956116
17:11:00  속도:0.02
17:11:00  방향:290.8
17:11:00  이동방향유효:0
17:11:00  GPS이동방향:290.8
17:11:00  차체방향유효:0
17:11:00  차체방향:0.0
17:11:00  후진판정:0
17:11:00  IMU요회전속도:0.00
17:11:00  방향가속도크기:9.68
17:11:00  방향자이로크기:3.22
17:11:00  방향자세cos:0.9999
17:11:00  자기모델잔차:26.38
17:11:00  자기모델반경:0.934
17:11:00  방향채택:0
17:11:00  방향거부:169352
17:11:00  GPS원시속도:0.015
17:11:00  GPS원시방향유효:1
17:11:00  GPS원시방향:290.8
17:11:00  가속도:-0.49,0.34,9.66
17:11:00  자이로:1.5,-2.8,0.6
17:11:00  자력계:8.850,4.800,20.400
17:11:00  충격값:0.09
17:11:00  충격피크:0.12
17:11:00  마지막충격발생값:0.00
17:11:00  마지막충격발생ms:0
17:11:00  송신:14951
17:11:00  지팡이수신:10160
17:11:00  GPS위성:9
17:11:00  GPS_HDOP:1.11
17:11:00  원시위도:37.495950
17:11:00  원시경도:126.956116
17:11:00  GPS채택:1556
17:11:00  GPS이상치거부:0
17:11:00  GPS품질거부:0
17:11:00  GPS재기준:0
17:11:00  계산거리:-1.00
17:11:00  접근속도:0.00
17:11:00  TTC:999.00
17:11:00  방향오차:0.0
17:11:00  전방여부:0
17:11:00  위험음성횟수:0
17:11:00  충격음성횟수:0
17:11:00  마지막위험음성:0
17:11:00  RSSI원시:-54
17:11:00  RSSI평활:-55.2
17:11:00  RSSI샘플:10160
17:11:00  RSSI경과ms:94
17:11:00  RSSI구간:4
17:11:00  RSSI거리:1.39
17:11:00  상대보정:0
17:11:00  상대보정중:0
17:11:00  보정동쪽:0.00
17:11:00  보정북쪽:0.00
17:11:00  UWB유효:1
17:11:00  UWB원시거리:5.060
17:11:00  UWB보정거리:5.435
17:11:00  UWB접근속도:-0.098
17:11:00  UWB_RSSI:nan
17:11:00  UWB경과ms:21
17:11:00  UWB샘플:7613
17:11:00  UWB실패:165
17:11:00  UWB보정:1
17:11:00  UWB보정중:0
17:11:00  UWB보정샘플:100
17:11:00  UWB보정기준:3.000
17:11:00  UWB오프셋:0.234
17:11:00  UWB위험사용:0
17:11:00  UWB전송:7608
17:11:00  위험송신:0
17:11:00  시각ms:1571307
17:11:00  IMU시각ms:1571307
17:11:00  위험:0
17:11:00  원시위험:0
17:11:00  GPS유효:1
17:11:00  위도:37.495950
17:11:00  경도:126.956116
17:11:00  속도:0.02
17:11:00  방향:290.8
17:11:00  이동방향유효:0
17:11:00  GPS이동방향:290.8
17:11:00  차체방향유효:0
17:11:00  차체방향:0.0
17:11:00  후진판정:0
17:11:00  IMU요회전속도:0.00
17:11:00  방향가속도크기:9.80
17:11:00  방향자이로크기:3.14
17:11:00  방향자세cos:0.9999
17:11:01  자기모델잔차:26.22
17:11:01  자기모델반경:0.927
17:11:01  방향채택:0
17:11:01  방향거부:169386
17:11:01  GPS원시속도:0.015
17:11:01  GPS원시방향유효:1
17:11:01  GPS원시방향:290.8
17:11:01  가속도:-0.40,0.34,9.79
17:11:01  자이로:-0.6,-3.0,-0.8
17:11:01  자력계:9.900,4.650,20.250
17:11:01  충격값:0.09
17:11:01  충격피크:0.11
17:11:01  마지막충격발생값:0.00
17:11:01  마지막충격발생ms:0
17:11:01  송신:14954
17:11:01  지팡이수신:10162
17:11:01  GPS위성:9
17:11:01  GPS_HDOP:1.11
17:11:01  원시위도:37.495950
17:11:01  원시경도:126.956116
17:11:01  GPS채택:1556
17:11:01  GPS이상치거부:0
17:11:01  GPS품질거부:0
17:11:01  GPS재기준:0
17:11:01  계산거리:-1.00
17:11:01  접근속도:0.00
17:11:01  TTC:999.00
17:11:01  방향오차:0.0
17:11:01  전방여부:0
17:11:01  위험음성횟수:0
17:11:01  충격음성횟수:0
17:11:01  마지막위험음성:0
17:11:01  RSSI원시:-53
17:11:01  RSSI평활:-54.6
17:11:01  RSSI샘플:10162
17:11:01  RSSI경과ms:106
17:11:01  RSSI구간:4
17:11:01  RSSI거리:1.31
17:11:01  상대보정:0
17:11:01  상대보정중:0
17:11:01  보정동쪽:0.00
17:11:01  보정북쪽:0.00
17:11:01  UWB유효:1
17:11:01  UWB원시거리:5.060
17:11:01  UWB보정거리:5.396
17:11:01  UWB접근속도:-0.009
17:11:01  UWB_RSSI:nan
17:11:01  UWB경과ms:148
17:11:01  UWB샘플:7614
17:11:01  UWB실패:165
17:11:01  UWB보정:1
17:11:01  UWB보정중:0
17:11:01  UWB보정샘플:100
17:11:01  UWB보정기준:3.000
17:11:01  UWB오프셋:0.234
17:11:01  UWB위험사용:0
17:11:01  UWB전송:7609
17:11:01  위험송신:0
17:11:01  시각ms:1571341
17:11:01  IMU시각ms:1571317
17:11:01  위험:0
17:11:01  원시위험:0
17:11:01  GPS유효:1
17:11:01  위도:37.495950
17:11:01  경도:126.956116
17:11:01  속도:0.02
17:11:01  방향:290.8
17:11:01  이동방향유효:0
17:11:01  GPS이동방향:290.8
17:11:01  차체방향유효:0
17:11:01  차체방향:0.0
17:11:01  후진판정:0
17:11:01  IMU요회전속도:0.00
17:11:01  방향가속도크기:9.76
17:11:01  방향자이로크기:0.92
17:11:01  방향자세cos:0.9998
17:11:01  자기모델잔차:24.94
17:11:01  자기모델반경:0.909
17:11:01  방향채택:0
17:11:01  방향거부:169387
17:11:01  GPS원시속도:0.015
17:11:01  GPS원시방향유효:1
17:11:01  GPS원시방향:290.8
17:11:01  가속도:-0.42,0.30,9.74
17:11:01  자이로:-0.0,-0.2,-0.9
17:11:01  자력계:9.450,3.900,19.050
17:11:01  충격값:0.07
17:11:01  충격피크:0.07
17:11:01  마지막충격발생값:0.00
17:11:01  마지막충격발생ms:0
17:11:01  송신:14955
17:11:01  지팡이수신:10163
17:11:01  GPS위성:9
17:11:01  GPS_HDOP:1.11
17:11:01  원시위도:37.495950
17:11:01  원시경도:126.956116
17:11:01  GPS채택:1556
17:11:01  GPS이상치거부:0
17:11:01  GPS품질거부:0
17:11:01  GPS재기준:0
17:11:01  계산거리:-1.00
17:11:01  접근속도:0.00
17:11:01  TTC:999.00
17:11:01  방향오차:0.0
17:11:01  전방여부:0
17:11:01  위험음성횟수:0
17:11:01  충격음성횟수:0
17:11:01  마지막위험음성:0
17:11:01  RSSI원시:-54
17:11:01  RSSI평활:-54.4
17:11:01  RSSI샘플:10163
17:11:01  RSSI경과ms:21
17:11:01  RSSI구간:4
17:11:01  RSSI거리:1.31
17:11:01  상대보정:0
17:11:01  상대보정중:0
17:11:01  보정동쪽:0.00
17:11:01  보정북쪽:0.00
17:11:01  UWB유효:1
17:11:01  UWB원시거리:5.060
17:11:01  UWB보정거리:5.396
17:11:01  UWB접근속도:-0.009
17:11:01  UWB_RSSI:nan
17:11:01  UWB경과ms:182
17:11:01  UWB샘플:7614
17:11:01  UWB실패:165
17:11:01  UWB보정:1
17:11:01  UWB보정중:0
17:11:01  UWB보정샘플:100
17:11:01  UWB보정기준:3.000
17:11:01  UWB오프셋:0.234
17:11:01  UWB위험사용:0
17:11:01  UWB전송:7609
17:11:01  위험송신:0
17:11:01  시각ms:1571468
17:11:01  IMU시각ms:1571468
17:11:01  위험:0
17:11:01  원시위험:0
17:11:01  GPS유효:1
17:11:01  위도:37.495950
17:11:01  경도:126.956116
17:11:01  속도:0.02
17:11:01  방향:290.8
17:11:01  이동방향유효:0
17:11:01  GPS이동방향:290.8
17:11:01  차체방향유효:0
17:11:01  차체방향:0.0
17:11:01  후진판정:0
17:11:01  IMU요회전속도:0.00
17:11:01  방향가속도크기:9.69
17:11:01  방향자이로크기:1.13
17:11:01  방향자세cos:0.9999
17:11:01  자기모델잔차:25.72
17:11:01  자기모델반경:0.916
17:11:01  방향채택:0
17:11:01  방향거부:169400
17:11:01  GPS원시속도:0.015
17:11:01  GPS원시방향유효:1
17:11:01  GPS원시방향:290.8
17:11:01  가속도:-0.42,0.36,9.68
17:11:01  자이로:1.1,0.2,0.1
17:11:01  자력계:9.450,4.200,19.800
17:11:01  충격값:0.02
17:11:01  충격피크:0.09
17:11:01  마지막충격발생값:0.00
17:11:01  마지막충격발생ms:0
17:11:01  송신:14956
17:11:01  지팡이수신:10164
17:11:01  GPS위성:9
17:11:01  GPS_HDOP:1.11
17:11:01  원시위도:37.495950
17:11:01  원시경도:126.956116
17:11:01  GPS채택:1556
17:11:01  GPS이상치거부:0
17:11:01  GPS품질거부:0
17:11:01  GPS재기준:0
17:11:01  계산거리:-1.00
17:11:01  접근속도:0.00
17:11:01  TTC:999.00
17:11:01  방향오차:0.0
17:11:01  전방여부:0
17:11:01  위험음성횟수:0
17:11:01  충격음성횟수:0
17:11:01  마지막위험음성:0
17:11:01  RSSI원시:-53
17:11:01  RSSI평활:-54.2
17:11:01  RSSI샘플:10164
17:11:01  RSSI경과ms:42
17:11:01  RSSI구간:4
17:11:01  RSSI거리:1.26
17:11:01  상대보정:0
17:11:01  상대보정중:0
17:11:01  보정동쪽:0.00
17:11:01  보정북쪽:0.00
17:11:01  UWB유효:1
17:11:01  UWB원시거리:5.040
17:11:01  UWB보정거리:5.361
17:11:01  UWB접근속도:0.045
17:11:01  UWB_RSSI:nan
17:11:01  UWB경과ms:102
17:11:01  UWB샘플:7615
17:11:01  UWB실패:165
17:11:01  UWB보정:1
17:11:01  UWB보정중:0
17:11:01  UWB보정샘플:100
17:11:01  UWB보정기준:3.000
17:11:01  UWB오프셋:0.234
17:11:01  UWB위험사용:0
17:11:01  UWB전송:7610
17:11:01  위험송신:0
17:11:01  시각ms:1571488
17:11:01  IMU시각ms:1571488
17:11:01  위험:0
17:11:01  원시위험:0
17:11:01  GPS유효:1
17:11:01  위도:37.495950
17:11:01  경도:126.956116
17:11:01  속도:0.02
17:11:01  방향:290.8
17:11:01  이동방향유효:0
17:11:01  GPS이동방향:290.8
17:11:01  차체방향유효:0
17:11:01  차체방향:0.0
17:11:01  후진판정:0
17:11:01  IMU요회전속도:0.00
17:11:01  방향가속도크기:9.77
17:11:01  방향자이로크기:3.46
17:11:01  방향자세cos:1.0000
17:11:01  자기모델잔차:27.11
17:11:01  자기모델반경:0.938
17:11:01  방향채택:0
17:11:01  방향거부:169402
17:11:01  GPS원시속도:0.015
17:11:01  GPS원시방향유효:1
17:11:01  GPS원시방향:290.8
17:11:01  가속도:-0.50,0.41,9.75
17:11:01  자이로:1.4,-3.2,0.3
17:11:01  자력계:7.050,4.800,21.150
17:11:01  충격값:0.11
17:11:01  충격피크:0.11
17:11:01  마지막충격발생값:0.00
17:11:01  마지막충격발생ms:0
17:11:01  송신:14956
17:11:01  지팡이수신:10164
17:11:01  GPS위성:9
17:11:01  GPS_HDOP:1.11
17:11:01  원시위도:37.495950
17:11:01  원시경도:126.956116
17:11:01  GPS채택:1556
17:11:01  GPS이상치거부:0
17:11:01  GPS품질거부:0
17:11:01  GPS재기준:0
17:11:01  계산거리:-1.00
17:11:01  접근속도:0.00
17:11:01  TTC:999.00
17:11:01  방향오차:0.0
17:11:01  전방여부:0
17:11:01  위험음성횟수:0
17:11:01  충격음성횟수:0
17:11:01  마지막위험음성:0
17:11:01  RSSI원시:-53
17:11:01  RSSI평활:-54.2
17:11:01  RSSI샘플:10164
17:11:01  RSSI경과ms:62
17:11:01  RSSI구간:4
17:11:01  RSSI거리:1.26
17:11:01  상대보정:0
17:11:01  상대보정중:0
17:11:01  보정동쪽:0.00
17:11:01  보정북쪽:0.00
17:11:01  UWB유효:1
17:11:01  UWB원시거리:5.040
17:11:01  UWB보정거리:5.361
17:11:01  UWB접근속도:0.045
17:11:01  UWB_RSSI:nan
17:11:01  UWB경과ms:122
17:11:01  UWB샘플:7615
17:11:01  UWB실패:165
17:11:01  UWB보정:1
17:11:01  UWB보정중:0
17:11:01  UWB보정샘플:100
17:11:01  UWB보정기준:3.000
17:11:01  UWB오프셋:0.234
17:11:01  UWB위험사용:0
17:11:01  UWB전송:7610
17:11:01  위험송신:0
17:11:01  시각ms:1571541
17:11:01  IMU시각ms:1571540
17:11:01  위험:0
17:11:01  원시위험:0
17:11:01  GPS유효:1
17:11:01  위도:37.495950
17:11:01  경도:126.956116
17:11:01  속도:0.02
17:11:01  방향:290.8
17:11:01  이동방향유효:0
17:11:01  GPS이동방향:290.8
17:11:01  차체방향유효:0
17:11:01  차체방향:0.0
17:11:01  후진판정:0
17:11:01  IMU요회전속도:0.00
17:11:01  방향가속도크기:9.73
17:11:01  방향자이로크기:1.18
17:11:01  방향자세cos:0.9999
17:11:01  자기모델잔차:24.94
17:11:01  자기모델반경:0.910
17:11:01  방향채택:0
17:11:01  방향거부:169408
17:11:01  GPS원시속도:0.015
17:11:01  GPS원시방향유효:1
17:11:01  GPS원시방향:290.8
17:11:01  가속도:-0.41,0.35,9.72
17:11:01  자이로:1.1,0.1,-0.4
17:11:01  자력계:9.150,3.900,19.050
17:11:01  충격값:0.03
17:11:01  충격피크:0.15
17:11:01  마지막충격발생값:0.00
17:11:01  마지막충격발생ms:0
17:11:01  송신:14957
17:11:01  지팡이수신:10164
17:11:01  GPS위성:9
17:11:01  GPS_HDOP:1.11
17:11:01  원시위도:37.495950
17:11:01  원시경도:126.956116
17:11:01  GPS채택:1556
17:11:01  GPS이상치거부:0
17:11:01  GPS품질거부:0
17:11:01  GPS재기준:0
17:11:01  계산거리:-1.00
17:11:01  접근속도:0.00
17:11:01  TTC:999.00
17:11:01  방향오차:0.0
17:11:01  전방여부:0
17:11:01  위험음성횟수:0
17:11:01  충격음성횟수:0
17:11:01  마지막위험음성:0
17:11:01  RSSI원시:-53
17:11:01  RSSI평활:-54.2
17:11:01  RSSI샘플:10164
17:11:01  RSSI경과ms:115
17:11:01  RSSI구간:4
17:11:01  RSSI거리:1.26
17:11:01  상대보정:0
17:11:01  상대보정중:0
17:11:01  보정동쪽:0.00
17:11:01  보정북쪽:0.00
17:11:01  UWB유효:1
17:11:01  UWB원시거리:5.040
17:11:01  UWB보정거리:5.361
17:11:01  UWB접근속도:0.045
17:11:01  UWB_RSSI:nan
17:11:01  UWB경과ms:175
17:11:01  UWB샘플:7615
17:11:01  UWB실패:165
17:11:01  UWB보정:1
17:11:01  UWB보정중:0
17:11:01  UWB보정샘플:100
17:11:01  UWB보정기준:3.000
17:11:01  UWB오프셋:0.234
17:11:01  UWB위험사용:0
17:11:01  UWB전송:7610
17:11:01  위험송신:0
17:11:01  시각ms:1571615
17:11:01  IMU시각ms:1571614
17:11:01  위험:0
17:11:01  원시위험:0
17:11:01  GPS유효:1
17:11:01  위도:37.495950
17:11:01  경도:126.956116
17:11:01  속도:0.02
17:11:01  방향:290.8
17:11:01  이동방향유효:0
17:11:01  GPS이동방향:290.8
17:11:01  차체방향유효:0
17:11:01  차체방향:0.0
17:11:01  후진판정:0
17:11:01  IMU요회전속도:0.00
17:11:01  방향가속도크기:9.67
17:11:01  방향자이로크기:2.65
17:11:01  방향자세cos:0.9996
17:11:01  자기모델잔차:25.54
17:11:01  자기모델반경:0.873
17:11:01  방향채택:0
17:11:01  방향거부:169415
17:11:01  GPS원시속도:0.015
17:11:01  GPS원시방향유효:1
17:11:01  GPS원시방향:290.8
17:11:01  가속도:-0.52,0.23,9.65
17:11:01  자이로:2.6,-0.1,-0.1
17:11:01  자력계:7.950,2.700,19.800
17:11:01  충격값:0.17
17:11:01  충격피크:0.17
17:11:01  마지막충격발생값:0.00
17:11:01  마지막충격발생ms:0
17:11:01  송신:14957
17:11:01  지팡이수신:10166
17:11:01  GPS위성:9
17:11:01  GPS_HDOP:1.11
17:11:01  원시위도:37.495950
17:11:01  원시경도:126.956116
17:11:01  GPS채택:1556
17:11:01  GPS이상치거부:0
17:11:01  GPS품질거부:0
17:11:01  GPS재기준:0
17:11:01  계산거리:-1.00
17:11:01  접근속도:0.00
17:11:01  TTC:999.00
17:11:01  방향오차:0.0
17:11:01  전방여부:0
17:11:01  위험음성횟수:0
17:11:01  충격음성횟수:0
17:11:01  마지막위험음성:0
17:11:01  RSSI원시:-56
17:11:01  RSSI평활:-54.5
17:11:01  RSSI샘플:10166
17:11:01  RSSI경과ms:1
17:11:01  RSSI구간:4
17:11:01  RSSI거리:1.31
17:11:01  상대보정:0
17:11:01  상대보정중:0
17:11:01  보정동쪽:0.00
17:11:01  보정북쪽:0.00
17:11:01  UWB유효:1
17:11:01  UWB원시거리:5.030
17:11:01  UWB보정거리:5.337
17:11:01  UWB접근속도:0.067
17:11:01  UWB_RSSI:nan
17:11:01  UWB경과ms:52
17:11:01  UWB샘플:7616
17:11:01  UWB실패:165
17:11:01  UWB보정:1
17:11:01  UWB보정중:0
17:11:01  UWB보정샘플:100
17:11:01  UWB보정기준:3.000
17:11:01  UWB오프셋:0.234
17:11:01  UWB위험사용:0
17:11:01  UWB전송:7611
17:11:01  위험송신:0
17:11:01  시각ms:1571669
17:11:01  IMU시각ms:1571669
17:11:01  위험:0
17:11:01  원시위험:0
17:11:01  GPS유효:1
17:11:01  위도:37.495950
17:11:01  경도:126.956116
17:11:01  속도:0.02
17:11:01  방향:290.8
17:11:01  이동방향유효:0
17:11:01  GPS이동방향:290.8
17:11:01  차체방향유효:0
17:11:01  차체방향:0.0
17:11:01  후진판정:0
17:11:01  IMU요회전속도:0.00
17:11:01  방향가속도크기:9.74
17:11:01  방향자이로크기:4.66
17:11:01  방향자세cos:0.9999
17:11:01  자기모델잔차:26.35
17:11:01  자기모델반경:0.923
17:11:01  방향채택:0
17:11:01  방향거부:169421
17:11:01  GPS원시속도:0.015
17:11:01  GPS원시방향유효:1
17:11:01  GPS원시방향:290.8
17:11:01  가속도:-0.30,0.40,9.73
17:11:01  자이로:2.8,2.7,2.6
17:11:01  자력계:9.300,4.500,20.400
17:11:01  충격값:0.13
17:11:01  충격피크:0.13
17:11:01  마지막충격발생값:0.00
17:11:01  마지막충격발생ms:0
17:11:01  송신:14958
17:11:01  지팡이수신:10166
17:11:01  GPS위성:9
17:11:01  GPS_HDOP:1.11
17:11:01  원시위도:37.495950
17:11:01  원시경도:126.956116
17:11:01  GPS채택:1556
17:11:01  GPS이상치거부:0
17:11:01  GPS품질거부:0
17:11:01  GPS재기준:0
17:11:01  계산거리:-1.00
17:11:01  접근속도:0.00
17:11:01  TTC:999.00
17:11:01  방향오차:0.0
17:11:01  전방여부:0
17:11:01  위험음성횟수:0
17:11:01  충격음성횟수:0
17:11:01  마지막위험음성:0
17:11:01  RSSI원시:-56
17:11:01  RSSI평활:-54.5
17:11:01  RSSI샘플:10166
17:11:01  RSSI경과ms:55
17:11:01  RSSI구간:4
17:11:01  RSSI거리:1.31
17:11:01  상대보정:0
17:11:01  상대보정중:0
17:11:01  보정동쪽:0.00
17:11:01  보정북쪽:0.00
17:11:01  UWB유효:1
17:11:01  UWB원시거리:5.030
17:11:01  UWB보정거리:5.337
17:11:01  UWB접근속도:0.067
17:11:01  UWB_RSSI:nan
17:11:01  UWB경과ms:106
17:11:01  UWB샘플:7616
17:11:01  UWB실패:165
17:11:01  UWB보정:1
17:11:01  UWB보정중:0
17:11:01  UWB보정샘플:100
17:11:01  UWB보정기준:3.000
17:11:01  UWB오프셋:0.234
17:11:01  UWB위험사용:0
17:11:01  UWB전송:7611
17:11:01  위험송신:0
17:11:01  시각ms:1571696
17:11:01  IMU시각ms:1571696
17:11:01  위험:0
17:11:01  원시위험:0
17:11:01  GPS유효:1
17:11:01  위도:37.495950
17:11:01  경도:126.956116
17:11:01  속도:0.02
17:11:01  방향:290.8
17:11:01  이동방향유효:0
17:11:01  GPS이동방향:290.8
17:11:01  차체방향유효:0
17:11:01  차체방향:0.0
17:11:01  후진판정:0
17:11:01  IMU요회전속도:0.00
17:11:01  방향가속도크기:9.71
17:11:01  방향자이로크기:1.10
17:11:01  방향자세cos:1.0000
17:11:01  자기모델잔차:26.60
17:11:01  자기모델반경:0.951
17:11:01  방향채택:0
17:11:01  방향거부:169424
17:11:01  GPS원시속도:0.015
17:11:01  GPS원시방향유효:1
17:11:01  GPS원시방향:290.8
17:11:01  가속도:-0.41,0.44,9.69
17:11:01  자이로:-1.1,0.2,0.0
17:11:01  자력계:9.450,5.400,20.550
17:11:01  충격값:0.08
17:11:01  충격피크:0.11
17:11:01  마지막충격발생값:0.00
17:11:01  마지막충격발생ms:0
17:11:01  송신:14958
17:11:01  지팡이수신:10166
17:11:01  GPS위성:9
17:11:01  GPS_HDOP:1.11
17:11:01  원시위도:37.495950
17:11:01  원시경도:126.956116
17:11:01  GPS채택:1556
17:11:01  GPS이상치거부:0
17:11:01  GPS품질거부:0
17:11:01  GPS재기준:0
17:11:01  계산거리:-1.00
17:11:01  접근속도:0.00
17:11:01  TTC:999.00
17:11:01  방향오차:0.0
17:11:01  전방여부:0
17:11:01  위험음성횟수:0
17:11:01  충격음성횟수:0
17:11:01  마지막위험음성:0
17:11:01  RSSI원시:-56
17:11:01  RSSI평활:-54.5
17:11:01  RSSI샘플:10166
17:11:01  RSSI경과ms:82
17:11:01  RSSI구간:4
17:11:01  RSSI거리:1.31
17:11:01  상대보정:0
17:11:01  상대보정중:0
17:11:01  보정동쪽:0.00
17:11:01  보정북쪽:0.00
17:11:01  UWB유효:1
17:11:01  UWB원시거리:5.030
17:11:01  UWB보정거리:5.337
17:11:01  UWB접근속도:0.067
17:11:01  UWB_RSSI:nan
17:11:01  UWB경과ms:133
17:11:01  UWB샘플:7616
17:11:01  UWB실패:165
17:11:01  UWB보정:1
17:11:01  UWB보정중:0
17:11:01  UWB보정샘플:100
17:11:01  UWB보정기준:3.000
17:11:01  UWB오프셋:0.234
17:11:01  UWB위험사용:0
17:11:01  UWB전송:7611
17:11:01  위험송신:0
17:11:01  시각ms:1571723
17:11:01  IMU시각ms:1571723
17:11:01  위험:0
17:11:01  원시위험:0
17:11:01  GPS유효:1
17:11:01  위도:37.495950
17:11:01  경도:126.956115
17:11:01  속도:0.02
17:11:01  방향:290.8
17:11:01  이동방향유효:0
17:11:01  GPS이동방향:290.8
17:11:01  차체방향유효:0
17:11:01  차체방향:0.0
17:11:01  후진판정:0
17:11:01  IMU요회전속도:0.00
17:11:01  방향가속도크기:9.65
17:11:01  방향자이로크기:4.60
17:11:01  방향자세cos:0.9999
17:11:01  자기모델잔차:26.59
17:11:01  자기모델반경:0.910
17:11:01  방향채택:0
17:11:01  방향거부:169427
17:11:01  GPS원시속도:0.015
17:11:01  GPS원시방향유효:1
17:11:01  GPS원시방향:290.8
17:11:01  가속도:-0.43,0.33,9.63
17:11:01  자이로:3.9,-0.4,2.4
17:11:01  자력계:8.550,4.050,20.700
17:11:01  충격값:0.07
17:11:01  충격피크:0.18
17:11:01  마지막충격발생값:0.00
17:11:01  마지막충격발생ms:0
17:11:01  송신:14958
17:11:01  지팡이수신:10166
17:11:01  GPS위성:8
17:11:01  GPS_HDOP:1.14
17:11:01  원시위도:37.495951
17:11:01  원시경도:126.956113
17:11:01  GPS채택:1557
17:11:01  GPS이상치거부:0
17:11:01  GPS품질거부:0
17:11:01  GPS재기준:0
17:11:01  계산거리:-1.00
17:11:01  접근속도:0.00
17:11:01  TTC:999.00
17:11:01  방향오차:0.0
17:11:01  전방여부:0
17:11:01  위험음성횟수:0
17:11:01  충격음성횟수:0
17:11:01  마지막위험음성:0
17:11:01  RSSI원시:-56
17:11:01  RSSI평활:-54.5
17:11:01  RSSI샘플:10166
17:11:01  RSSI경과ms:109
17:11:01  RSSI구간:4
17:11:01  RSSI거리:1.31
17:11:01  상대보정:0
17:11:01  상대보정중:0
17:11:01  보정동쪽:0.00
17:11:01  보정북쪽:0.00
17:11:01  UWB유효:1
17:11:01  UWB원시거리:5.030
17:11:01  UWB보정거리:5.337
17:11:01  UWB접근속도:0.067
17:11:01  UWB_RSSI:nan
17:11:01  UWB경과ms:160
17:11:01  UWB샘플:7616
17:11:01  UWB실패:165
17:11:01  UWB보정:1
17:11:01  UWB보정중:0
17:11:01  UWB보정샘플:100
17:11:01  UWB보정기준:3.000
17:11:01  UWB오프셋:0.234
17:11:01  UWB위험사용:0
17:11:01  UWB전송:7611
17:11:01  위험송신:0
17:11:01  시각ms:1571787
17:11:01  IMU시각ms:1571787
17:11:01  위험:0
17:11:01  원시위험:0
17:11:01  GPS유효:1
17:11:01  위도:37.495950
17:11:01  경도:126.956115
17:11:01  속도:0.02
17:11:01  방향:290.8
17:11:01  이동방향유효:0
17:11:01  GPS이동방향:290.8
17:11:01  차체방향유효:0
17:11:01  차체방향:0.0
17:11:01  후진판정:0
17:11:01  IMU요회전속도:0.00
17:11:01  방향가속도크기:9.70
17:11:01  방향자이로크기:3.31
17:11:01  방향자세cos:0.9999
17:11:01  자기모델잔차:25.90
17:11:01  자기모델반경:0.924
17:11:01  방향채택:0
17:11:01  방향거부:169432
17:11:01  GPS원시속도:0.015
17:11:01  GPS원시방향유효:1
17:11:01  GPS원시방향:290.8
17:11:01  가속도:-0.35,0.40,9.68
17:11:01  자이로:-1.2,0.2,-3.1
17:11:01  자력계:9.600,4.500,19.950
17:11:01  충격값:0.08
17:11:01  충격피크:0.08
17:11:01  마지막충격발생값:0.00
17:11:01  마지막충격발생ms:0
17:11:01  송신:14959
17:11:01  지팡이수신:10167
17:11:01  GPS위성:8
17:11:01  GPS_HDOP:1.14
17:11:01  원시위도:37.495951
17:11:01  원시경도:126.956113
17:11:01  GPS채택:1557
17:11:01  GPS이상치거부:0
17:11:01  GPS품질거부:0
17:11:01  GPS재기준:0
17:11:01  계산거리:-1.00
17:11:01  접근속도:0.00
17:11:01  TTC:999.00
17:11:01  방향오차:0.0
17:11:01  전방여부:0
17:11:01  위험음성횟수:0
17:11:01  충격음성횟수:0
17:11:01  마지막위험음성:0
17:11:01  RSSI원시:-54
17:11:01  RSSI평활:-54.4
17:11:01  RSSI샘플:10167
17:11:01  RSSI경과ms:52
17:11:01  RSSI구간:4
17:11:01  RSSI거리:1.29
17:11:01  상대보정:0
17:11:01  상대보정중:0
17:11:01  보정동쪽:0.00
17:11:01  보정북쪽:0.00
17:11:01  UWB유효:1
17:11:01  UWB원시거리:4.990
17:11:01  UWB보정거리:5.315
17:11:01  UWB접근속도:0.079
17:11:01  UWB_RSSI:nan
17:11:01  UWB경과ms:20
17:11:01  UWB샘플:7617
17:11:01  UWB실패:165
17:11:01  UWB보정:1
17:11:01  UWB보정중:0
17:11:01  UWB보정샘플:100
17:11:01  UWB보정기준:3.000
17:11:01  UWB오프셋:0.234
17:11:01  UWB위험사용:0
17:11:01  UWB전송:7612
17:11:01  위험송신:0
17:11:01  시각ms:1571807
17:11:01  IMU시각ms:1571807
17:11:01  위험:0
17:11:01  원시위험:0
17:11:01  GPS유효:1
17:11:01  위도:37.495950
17:11:01  경도:126.956115
17:11:01  속도:0.02
17:11:01  방향:290.8
17:11:01  이동방향유효:0
17:11:01  GPS이동방향:290.8
17:11:01  차체방향유효:0
17:11:01  차체방향:0.0
17:11:01  후진판정:0
17:11:01  IMU요회전속도:0.00
17:11:01  방향가속도크기:9.73
17:11:01  방향자이로크기:3.27
17:11:01  방향자세cos:0.9997
17:11:01  자기모델잔차:24.97
17:11:01  자기모델반경:0.921
17:11:01  방향채택:0
17:11:01  방향거부:169434
17:11:01  GPS원시속도:0.015
17:11:01  GPS원시방향유효:1
17:11:01  GPS원시방향:290.8
17:11:01  가속도:-0.35,0.26,9.72
17:11:01  자이로:0.6,0.6,-3.2
17:11:01  자력계:8.400,4.200,19.050
17:11:01  충격값:0.12
17:11:01  충격피크:0.12
17:11:01  마지막충격발생값:0.00
17:11:01  마지막충격발생ms:0
17:11:01  송신:14959
17:11:01  지팡이수신:10167
17:11:01  GPS위성:8
17:11:01  GPS_HDOP:1.14
17:11:01  원시위도:37.495951
17:11:01  원시경도:126.956113
17:11:01  GPS채택:1557
17:11:01  GPS이상치거부:0
17:11:01  GPS품질거부:0
17:11:01  GPS재기준:0
17:11:01  계산거리:-1.00
17:11:01  접근속도:0.00
17:11:01  TTC:999.00
17:11:01  방향오차:0.0
17:11:01  전방여부:0
17:11:01  위험음성횟수:0
17:11:01  충격음성횟수:0
17:11:01  마지막위험음성:0
17:11:01  RSSI원시:-54
17:11:01  RSSI평활:-54.4
17:11:01  RSSI샘플:10167
17:11:01  RSSI경과ms:72
17:11:01  RSSI구간:4
17:11:01  RSSI거리:1.29
17:11:01  상대보정:0
17:11:01  상대보정중:0
17:11:01  보정동쪽:0.00
17:11:01  보정북쪽:0.00
17:11:01  UWB유효:1
17:11:01  UWB원시거리:4.990
17:11:01  UWB보정거리:5.315
17:11:01  UWB접근속도:0.079
17:11:01  UWB_RSSI:nan
17:11:01  UWB경과ms:40
17:11:01  UWB샘플:7617
17:11:01  UWB실패:165
17:11:01  UWB보정:1
17:11:01  UWB보정중:0
17:11:01  UWB보정샘플:100
17:11:01  UWB보정기준:3.000
17:11:01  UWB오프셋:0.234
17:11:01  UWB위험사용:0
17:11:01  UWB전송:7612
17:11:01  위험송신:0
17:11:01  시각ms:1571829
17:11:01  IMU시각ms:1571828
17:11:01  위험:0
17:11:01  원시위험:0
17:11:01  GPS유효:1
17:11:01  위도:37.495950
17:11:01  경도:126.956115
17:11:01  속도:0.02
17:11:01  방향:290.8
17:11:01  이동방향유효:0
17:11:01  GPS이동방향:290.8
17:11:01  차체방향유효:0
17:11:01  차체방향:0.0
17:11:01  후진판정:0
17:11:01  IMU요회전속도:0.00
17:11:01  방향가속도크기:9.66
17:11:01  방향자이로크기:2.32
17:11:01  방향자세cos:1.0000
17:11:01  자기모델잔차:25.65
17:11:01  자기모델반경:0.990
17:11:01  방향채택:0
17:11:01  방향거부:169436
17:11:01  GPS원시속도:0.015
17:11:01  GPS원시방향유효:1
17:11:01  GPS원시방향:290.8
17:11:01  가속도:-0.41,0.45,9.64
17:11:01  자이로:-0.1,-2.3,0.3
17:11:01  자력계:7.200,6.300,19.500
17:11:01  충격값:0.11
17:11:01  충격피크:0.12
17:11:01  마지막충격발생값:0.00
17:11:01  마지막충격발생ms:0
17:11:01  송신:14959
17:11:01  지팡이수신:10168
17:11:01  GPS위성:8
17:11:01  GPS_HDOP:1.14
17:11:01  원시위도:37.495951
17:11:01  원시경도:126.956113
17:11:01  GPS채택:1557
17:11:01  GPS이상치거부:0
17:11:01  GPS품질거부:0
17:11:01  GPS재기준:0
17:11:01  계산거리:-1.00
17:11:01  접근속도:0.00
17:11:01  TTC:999.00
17:11:01  방향오차:0.0
17:11:01  전방여부:0
17:11:01  위험음성횟수:0
17:11:01  충격음성횟수:0
17:11:01  마지막위험음성:0
17:11:01  RSSI원시:-55
17:11:01  RSSI평활:-54.5
17:11:01  RSSI샘플:10168
17:11:01  RSSI경과ms:5
17:11:01  RSSI구간:4
17:11:01  RSSI거리:1.31
17:11:01  상대보정:0
17:11:01  상대보정중:0
17:11:01  보정동쪽:0.00
17:11:01  보정북쪽:0.00
17:11:01  UWB유효:1
17:11:01  UWB원시거리:4.990
17:11:01  UWB보정거리:5.315
17:11:01  UWB접근속도:0.079
17:11:01  UWB_RSSI:nan
17:11:01  UWB경과ms:62
17:11:01  UWB샘플:7617
17:11:01  UWB실패:165
17:11:01  UWB보정:1
17:11:01  UWB보정중:0
17:11:01  UWB보정샘플:100
17:11:01  UWB보정기준:3.000
17:11:01  UWB오프셋:0.234
17:11:01  UWB위험사용:0
17:11:01  UWB전송:7612
17:11:01  위험송신:0
17:11:01  시각ms:1571856
17:11:01  IMU시각ms:1571856
17:11:01  위험:0
17:11:01  원시위험:0
17:11:01  GPS유효:1
17:11:01  위도:37.495950
17:11:01  경도:126.956115
17:11:01  속도:0.02
17:11:01  방향:290.8
17:11:01  이동방향유효:0
17:11:01  GPS이동방향:290.8
17:11:01  차체방향유효:0
17:11:01  차체방향:0.0
17:11:01  후진판정:0
17:11:01  IMU요회전속도:0.00
17:11:01  방향가속도크기:9.68
17:11:01  방향자이로크기:5.08
17:11:01  방향자세cos:0.9998
17:11:01  자기모델잔차:25.07
17:11:01  자기모델반경:0.993
17:11:01  방향채택:0
17:11:01  방향거부:169439
17:11:01  GPS원시속도:0.015
17:11:01  GPS원시방향유효:1
17:11:01  GPS원시방향:290.8
17:11:01  가속도:-0.35,0.33,9.67
17:11:01  자이로:2.1,-3.5,-3.0
17:11:01  자력계:8.100,6.450,18.900
17:11:01  충격값:0.07
17:11:01  충격피크:0.07
17:11:01  마지막충격발생값:0.00
17:11:01  마지막충격발생ms:0
17:11:01  송신:14960
17:11:01  지팡이수신:10168
17:11:01  GPS위성:8
17:11:01  GPS_HDOP:1.14
17:11:01  원시위도:37.495951
17:11:01  원시경도:126.956113
17:11:01  GPS채택:1557
17:11:01  GPS이상치거부:0
17:11:01  GPS품질거부:0
17:11:01  GPS재기준:0
17:11:01  계산거리:-1.00
17:11:01  접근속도:0.00
17:11:01  TTC:999.00
17:11:01  방향오차:0.0
17:11:01  전방여부:0
17:11:01  위험음성횟수:0
17:11:01  충격음성횟수:0
17:11:01  마지막위험음성:0
17:11:01  RSSI원시:-55
17:11:01  RSSI평활:-54.5
17:11:01  RSSI샘플:10168
17:11:01  RSSI경과ms:32
17:11:01  RSSI구간:4
17:11:01  RSSI거리:1.31
17:11:01  상대보정:0
17:11:01  상대보정중:0
17:11:01  보정동쪽:0.00
17:11:01  보정북쪽:0.00
17:11:01  UWB유효:1
17:11:01  UWB원시거리:4.990
17:11:01  UWB보정거리:5.315
17:11:01  UWB접근속도:0.079
17:11:01  UWB_RSSI:nan
17:11:01  UWB경과ms:89
17:11:01  UWB샘플:7617
17:11:01  UWB실패:165
17:11:01  UWB보정:1
17:11:01  UWB보정중:0
17:11:01  UWB보정샘플:100
17:11:01  UWB보정기준:3.000
17:11:01  UWB오프셋:0.234
17:11:01  UWB위험사용:0
17:11:01  UWB전송:7612
17:11:01  위험송신:0
17:11:01  시각ms:1571884
17:11:01  IMU시각ms:1571883
17:11:01  위험:0
17:11:01  원시위험:0
17:11:01  GPS유효:1
17:11:01  위도:37.495950
17:11:01  경도:126.956115
17:11:01  속도:0.02
17:11:01  방향:290.8
17:11:01  이동방향유효:0
17:11:01  GPS이동방향:290.8
17:11:01  차체방향유효:0
17:11:01  차체방향:0.0
17:11:01  후진판정:0
17:11:01  IMU요회전속도:0.00
17:11:01  방향가속도크기:9.70
17:11:01  방향자이로크기:4.00
17:11:01  방향자세cos:0.9999
17:11:01  자기모델잔차:25.03
17:11:01  자기모델반경:0.932
17:11:01  방향채택:0
17:11:01  방향거부:169442
17:11:01  GPS원시속도:0.015
17:11:01  GPS원시방향유효:1
17:11:01  GPS원시방향:290.8
17:11:01  가속도:-0.47,0.38,9.68
17:11:01  자이로:-0.3,2.1,-3.4
17:11:01  자력계:9.900,4.650,19.050
17:11:01  충격값:0.06
17:11:01  충격피크:0.13
17:11:01  마지막충격발생값:0.00
17:11:01  마지막충격발생ms:0
17:11:01  송신:14960
17:11:01  지팡이수신:10168
17:11:01  GPS위성:8
17:11:01  GPS_HDOP:1.14
17:11:01  원시위도:37.495951
17:11:01  원시경도:126.956113
17:11:01  GPS채택:1557
17:11:01  GPS이상치거부:0
17:11:01  GPS품질거부:0
17:11:01  GPS재기준:0
17:11:01  계산거리:-1.00
17:11:01  접근속도:0.00
17:11:01  TTC:999.00
17:11:01  방향오차:0.0
17:11:01  전방여부:0
17:11:01  위험음성횟수:0
17:11:01  충격음성횟수:0
17:11:01  마지막위험음성:0
17:11:01  RSSI원시:-55
17:11:01  RSSI평활:-54.5
17:11:01  RSSI샘플:10168
17:11:01  RSSI경과ms:60
17:11:01  RSSI구간:4
17:11:01  RSSI거리:1.31
17:11:01  상대보정:0
17:11:01  상대보정중:0
17:11:01  보정동쪽:0.00
17:11:01  보정북쪽:0.00
17:11:01  UWB유효:1
17:11:01  UWB원시거리:4.990
17:11:01  UWB보정거리:5.315
17:11:01  UWB접근속도:0.079
17:11:01  UWB_RSSI:nan
17:11:01  UWB경과ms:117
17:11:01  UWB샘플:7617
17:11:01  UWB실패:165
17:11:01  UWB보정:1
17:11:01  UWB보정중:0
17:11:01  UWB보정샘플:100
17:11:01  UWB보정기준:3.000
17:11:01  UWB오프셋:0.234
17:11:01  UWB위험사용:0
17:11:01  UWB전송:7612
17:11:01  위험송신:0
17:11:01  시각ms:1571911
17:11:01  IMU시각ms:1571911
17:11:01  위험:0
17:11:01  원시위험:0
17:11:01  GPS유효:1
17:11:01  위도:37.495950
17:11:01  경도:126.956115
17:11:01  속도:0.02
17:11:01  방향:290.8
17:11:01  이동방향유효:0
17:11:01  GPS이동방향:290.8
17:11:01  차체방향유효:0
17:11:01  차체방향:0.0
17:11:01  후진판정:0
17:11:01  IMU요회전속도:0.00
17:11:01  방향가속도크기:9.67
17:11:01  방향자이로크기:3.12
17:11:01  방향자세cos:0.9999
17:11:01  자기모델잔차:25.60
17:11:01  자기모델반경:0.926
17:11:01  방향채택:0
17:11:01  방향거부:169445
17:11:01  GPS원시속도:0.015
17:11:01  GPS원시방향유효:1
17:11:01  GPS원시방향:290.8
17:11:01  가속도:-0.48,0.33,9.65
17:11:01  자이로:2.1,0.9,2.1
17:11:01  자력계:9.300,4.500,19.650
17:11:01  충격값:0.08
17:11:01  충격피크:0.08
17:11:01  마지막충격발생값:0.00
17:11:01  마지막충격발생ms:0
17:11:01  송신:14960
17:11:01  지팡이수신:10168
17:11:01  GPS위성:8
17:11:01  GPS_HDOP:1.14
17:11:01  원시위도:37.495951
17:11:01  원시경도:126.956113
17:11:01  GPS채택:1557
17:11:01  GPS이상치거부:0
17:11:01  GPS품질거부:0
17:11:01  GPS재기준:0
17:11:01  계산거리:-1.00
17:11:01  접근속도:0.00
17:11:01  TTC:999.00
17:11:01  방향오차:0.0
17:11:01  전방여부:0
17:11:01  위험음성횟수:0
17:11:01  충격음성횟수:0
17:11:01  마지막위험음성:0
17:11:01  RSSI원시:-55
17:11:01  RSSI평활:-54.5
17:11:01  RSSI샘플:10168
17:11:01  RSSI경과ms:87
17:11:01  RSSI구간:4
17:11:01  RSSI거리:1.31
17:11:01  상대보정:0
17:11:01  상대보정중:0
17:11:01  보정동쪽:0.00
17:11:01  보정북쪽:0.00
17:11:01  UWB유효:1
17:11:01  UWB원시거리:4.990
17:11:01  UWB보정거리:5.315
17:11:01  UWB접근속도:0.079
17:11:01  UWB_RSSI:nan
17:11:01  UWB경과ms:144
17:11:01  UWB샘플:7617
17:11:01  UWB실패:165
17:11:01  UWB보정:1
17:11:01  UWB보정중:0
17:11:01  UWB보정샘플:100
17:11:01  UWB보정기준:3.000
17:11:01  UWB오프셋:0.234
17:11:01  UWB위험사용:0
17:11:01  UWB전송:7612
17:11:01  위험송신:0
17:11:01  시각ms:1571951
17:11:01  IMU시각ms:1571951
17:11:01  위험:0
17:11:01  원시위험:0
17:11:01  GPS유효:1
17:11:01  위도:37.495950
17:11:01  경도:126.956115
17:11:01  속도:0.02
17:11:01  방향:290.8
17:11:01  이동방향유효:0
17:11:01  GPS이동방향:290.8
17:11:01  차체방향유효:0
17:11:01  차체방향:0.0
17:11:01  후진판정:0
17:11:01  IMU요회전속도:0.00
17:11:01  방향가속도크기:9.69
17:11:01  방향자이로크기:2.81
17:11:01  방향자세cos:0.9999
17:11:01  자기모델잔차:24.09
17:11:01  자기모델반경:0.894
17:11:01  방향채택:0
17:11:01  방향거부:169449
17:11:01  GPS원시속도:0.015
17:11:01  GPS원시방향유효:1
17:11:01  GPS원시방향:290.8
17:11:01  가속도:-0.46,0.34,9.68
17:11:01  자이로:-1.7,2.0,-0.9
17:11:01  자력계:7.500,3.150,18.300
17:11:01  충격값:0.05
17:11:01  충격피크:0.15
17:11:01  마지막충격발생값:0.00
17:11:01  마지막충격발생ms:0
17:11:01  송신:14961
17:11:01  지팡이수신:10169
17:11:01  GPS위성:8
17:11:01  GPS_HDOP:1.14
17:11:01  원시위도:37.495951
17:11:01  원시경도:126.956113
17:11:01  GPS채택:1557
17:11:01  GPS이상치거부:0
17:11:01  GPS품질거부:0
17:11:01  GPS재기준:0
17:11:01  계산거리:-1.00
17:11:01  접근속도:0.00
17:11:01  TTC:999.00
17:11:01  방향오차:0.0
17:11:01  전방여부:0
17:11:01  위험음성횟수:0
17:11:01  충격음성횟수:0
17:11:01  마지막위험음성:0
17:11:01  RSSI원시:-55
17:11:01  RSSI평활:-54.6
17:11:01  RSSI샘플:10169
17:11:01  RSSI경과ms:14
17:11:01  RSSI구간:4
17:11:01  RSSI거리:1.32
17:11:01  상대보정:0
17:11:01  상대보정중:0
17:11:01  보정동쪽:0.00
17:11:01  보정북쪽:0.00
17:11:01  UWB유효:1
17:11:01  UWB원시거리:4.990
17:11:01  UWB보정거리:5.315
17:11:01  UWB접근속도:0.079
17:11:01  UWB_RSSI:nan
17:11:01  UWB경과ms:184
17:11:01  UWB샘플:7617
17:11:01  UWB실패:165
17:11:01  UWB보정:1
17:11:01  UWB보정중:0
17:11:01  UWB보정샘플:100
17:11:01  UWB보정기준:3.000
17:11:01  UWB오프셋:0.234
17:11:01  UWB위험사용:0
17:11:01  UWB전송:7612
17:11:01  위험송신:0
17:11:01  시각ms:1572003
17:11:01  IMU시각ms:1572003
17:11:01  위험:0
17:11:01  원시위험:0
17:11:01  GPS유효:1
17:11:01  위도:37.495950
17:11:01  경도:126.956115
17:11:01  속도:0.02
17:11:01  방향:290.8
17:11:01  이동방향유효:0
17:11:01  GPS이동방향:290.8
17:11:01  차체방향유효:0
17:11:01  차체방향:0.0
17:11:01  후진판정:0
17:11:01  IMU요회전속도:0.00
17:11:01  방향가속도크기:9.81
17:11:01  방향자이로크기:1.86
17:11:01  방향자세cos:0.9999
17:11:01  자기모델잔차:25.67
17:11:01  자기모델반경:0.910
17:11:01  방향채택:0
17:11:01  방향거부:169454
17:11:01  GPS원시속도:0.015
17:11:01  GPS원시방향유효:1
17:11:01  GPS원시방향:290.8
17:11:01  가속도:-0.46,0.37,9.79
17:11:01  자이로:0.5,1.7,-0.7
17:11:01  자력계:7.950,3.900,19.800
17:11:01  충격값:0.11
17:11:01  충격피크:0.11
17:11:01  마지막충격발생값:0.00
17:11:01  마지막충격발생ms:0
17:11:01  송신:14961
17:11:01  지팡이수신:10169
17:11:01  GPS위성:8
17:11:01  GPS_HDOP:1.14
17:11:01  원시위도:37.495951
17:11:01  원시경도:126.956113
17:11:01  GPS채택:1557
17:11:01  GPS이상치거부:0
17:11:01  GPS품질거부:0
17:11:01  GPS재기준:0
17:11:01  계산거리:-1.00
17:11:01  접근속도:0.00
17:11:01  TTC:999.00
17:11:01  방향오차:0.0
17:11:01  전방여부:0
17:11:01  위험음성횟수:0
17:11:01  충격음성횟수:0
17:11:01  마지막위험음성:0
17:11:01  RSSI원시:-55
17:11:01  RSSI평활:-54.6
17:11:01  RSSI샘플:10169
17:11:01  RSSI경과ms:66
17:11:01  RSSI구간:4
17:11:01  RSSI거리:1.32
17:11:01  상대보정:0
17:11:01  상대보정중:0
17:11:01  보정동쪽:0.00
17:11:01  보정북쪽:0.00
17:11:01  UWB유효:1
17:11:01  UWB원시거리:5.000
17:11:01  UWB보정거리:5.297
17:11:01  UWB접근속도:0.083
17:11:01  UWB_RSSI:nan
17:11:01  UWB경과ms:37
17:11:01  UWB샘플:7618
17:11:01  UWB실패:165
17:11:01  UWB보정:1
17:11:01  UWB보정중:0
17:11:01  UWB보정샘플:100
17:11:01  UWB보정기준:3.000
17:11:01  UWB오프셋:0.234
17:11:01  UWB위험사용:0
17:11:01  UWB전송:7613
17:11:01  위험송신:0
17:11:01  시각ms:1572031
17:11:01  IMU시각ms:1572031
17:11:01  위험:0
17:11:01  원시위험:0
17:11:01  GPS유효:1
17:11:01  위도:37.495950
17:11:01  경도:126.956115
17:11:01  속도:0.02
17:11:01  방향:290.8
17:11:01  이동방향유효:0
17:11:01  GPS이동방향:290.8
17:11:01  차체방향유효:0
17:11:01  차체방향:0.0
17:11:01  후진판정:0
17:11:01  IMU요회전속도:0.00
17:11:01  방향가속도크기:9.67
17:11:01  방향자이로크기:1.74
17:11:01  방향자세cos:0.9999
17:11:01  자기모델잔차:26.91
17:11:01  자기모델반경:0.911
17:11:01  방향채택:0
17:11:01  방향거부:169457
17:11:01  GPS원시속도:0.015
17:11:01  GPS원시방향유효:1
17:11:01  GPS원시방향:290.8
17:11:01  가속도:-0.37,0.39,9.65
17:11:01  자이로:0.7,1.5,0.6
17:11:01  자력계:9.450,4.200,21.000
17:11:01  충격값:0.07
17:11:01  충격피크:0.09
17:11:01  마지막충격발생값:0.00
17:11:01  마지막충격발생ms:0
17:11:01  송신:14961
17:11:01  지팡이수신:10169
17:11:01  GPS위성:8
17:11:01  GPS_HDOP:1.14
17:11:01  원시위도:37.495951
17:11:01  원시경도:126.956113
17:11:01  GPS채택:1557
17:11:01  GPS이상치거부:0
17:11:01  GPS품질거부:0
17:11:01  GPS재기준:0
17:11:01  계산거리:-1.00
17:11:01  접근속도:0.00
17:11:01  TTC:999.00
17:11:01  방향오차:0.0
17:11:01  전방여부:0
17:11:01  위험음성횟수:0
17:11:01  충격음성횟수:0
17:11:01  마지막위험음성:0
17:11:01  RSSI원시:-55
17:11:01  RSSI평활:-54.6
17:11:01  RSSI샘플:10169
17:11:01  RSSI경과ms:94
17:11:01  RSSI구간:4
17:11:01  RSSI거리:1.32
17:11:01  상대보정:0
17:11:01  상대보정중:0
17:11:01  보정동쪽:0.00
17:11:01  보정북쪽:0.00
17:11:01  UWB유효:1
17:11:01  UWB원시거리:5.000
17:11:01  UWB보정거리:5.297
17:11:01  UWB접근속도:0.083
17:11:01  UWB_RSSI:nan
17:11:01  UWB경과ms:65
17:11:01  UWB샘플:7618
17:11:01  UWB실패:165
17:11:01  UWB보정:1
17:11:01  UWB보정중:0
17:11:01  UWB보정샘플:100
17:11:01  UWB보정기준:3.000
17:11:01  UWB오프셋:0.234
17:11:01  UWB위험사용:0
17:11:01  UWB전송:7613
17:11:01  위험송신:0
17:11:01  시각ms:1572062
17:11:01  IMU시각ms:1572050
17:11:01  위험:0
17:11:01  원시위험:0
17:11:01  GPS유효:1
17:11:01  위도:37.495950
17:11:01  경도:126.956115
17:11:01  속도:0.02
17:11:01  방향:290.8
17:11:01  이동방향유효:0
17:11:01  GPS이동방향:290.8
17:11:01  차체방향유효:0
17:11:01  차체방향:0.0
17:11:01  후진판정:0
17:11:01  IMU요회전속도:0.00
17:11:01  방향가속도크기:9.76
17:11:01  방향자이로크기:1.62
17:11:01  방향자세cos:0.9999
17:11:01  자기모델잔차:24.36
17:11:01  자기모델반경:0.963
17:11:01  방향채택:0
17:11:01  방향거부:169459
17:11:01  GPS원시속도:0.015
17:11:01  GPS원시방향유효:1
17:11:01  GPS원시방향:290.8
17:11:01  가속도:-0.33,0.38,9.75
17:11:01  자이로:-0.9,-0.6,1.2
17:11:01  자력계:7.950,5.400,18.300
17:11:01  충격값:0.11
17:11:01  충격피크:0.15
17:11:01  마지막충격발생값:0.00
17:11:01  마지막충격발생ms:0
17:11:01  송신:14962
17:11:01  지팡이수신:10170
17:11:01  GPS위성:8
17:11:01  GPS_HDOP:1.14
17:11:01  원시위도:37.495951
17:11:01  원시경도:126.956113
17:11:01  GPS채택:1557
17:11:01  GPS이상치거부:0
17:11:01  GPS품질거부:0
17:11:01  GPS재기준:0
17:11:01  계산거리:-1.00
17:11:01  접근속도:0.00
17:11:01  TTC:999.00
17:11:01  방향오차:0.0
17:11:01  전방여부:0
17:11:01  위험음성횟수:0
17:11:01  충격음성횟수:0
17:11:01  마지막위험음성:0
17:11:01  RSSI원시:-56
17:11:01  RSSI평활:-54.9
17:11:01  RSSI샘플:10170
17:11:01  RSSI경과ms:16
17:11:01  RSSI구간:4
17:11:01  RSSI거리:1.35
17:11:01  상대보정:0
17:11:01  상대보정중:0
17:11:01  보정동쪽:0.00
17:11:01  보정북쪽:0.00
17:11:01  UWB유효:1
17:11:01  UWB원시거리:5.000
17:11:01  UWB보정거리:5.297
17:11:01  UWB접근속도:0.083
17:11:01  UWB_RSSI:nan
17:11:01  UWB경과ms:96
17:11:01  UWB샘플:7618
17:11:01  UWB실패:165
17:11:01  UWB보정:1
17:11:01  UWB보정중:0
17:11:01  UWB보정샘플:100
17:11:01  UWB보정기준:3.000
17:11:01  UWB오프셋:0.234
17:11:01  UWB위험사용:0
17:11:01  UWB전송:7613
17:11:01  위험송신:0
17:11:01  시각ms:1572074
17:11:01  IMU시각ms:1572073
17:11:01  위험:0
17:11:01  원시위험:0
17:11:01  GPS유효:1
17:11:01  위도:37.495950
17:11:01  경도:126.956115
17:11:01  속도:0.02
17:11:01  방향:290.8
17:11:01  이동방향유효:0
17:11:01  GPS이동방향:290.8
17:11:01  차체방향유효:0
17:11:01  차체방향:0.0
17:11:01  후진판정:0
17:11:01  IMU요회전속도:0.00
17:11:01  방향가속도크기:9.72
17:11:01  방향자이로크기:1.59
17:11:01  방향자세cos:1.0000
17:11:01  자기모델잔차:25.94
17:11:01  자기모델반경:0.934
17:11:01  방향채택:0
17:11:01  방향거부:169460
17:11:01  GPS원시속도:0.015
17:11:01  GPS원시방향유효:1
17:11:01  GPS원시방향:290.8
17:11:01  가속도:-0.45,0.40,9.70
17:11:01  자이로:-0.6,-0.9,-1.2
17:11:01  자력계:9.600,4.800,19.950
17:11:01  충격값:0.05
17:11:01  충격피크:0.05
17:11:01  마지막충격발생값:0.00
17:11:01  마지막충격발생ms:0
17:11:01  송신:14962
17:11:01  지팡이수신:10170
17:11:01  GPS위성:8
17:11:01  GPS_HDOP:1.14
17:11:01  원시위도:37.495951
17:11:01  원시경도:126.956113
17:11:01  GPS채택:1557
17:11:01  GPS이상치거부:0
17:11:01  GPS품질거부:0
17:11:01  GPS재기준:0
17:11:01  계산거리:-1.00
17:11:01  접근속도:0.00
17:11:01  TTC:999.00
17:11:01  방향오차:0.0
17:11:01  전방여부:0
17:11:01  위험음성횟수:0
17:11:01  충격음성횟수:0
17:11:01  마지막위험음성:0
17:11:01  RSSI원시:-56
17:11:01  RSSI평활:-54.9
17:11:01  RSSI샘플:10170
17:11:01  RSSI경과ms:28
17:11:01  RSSI구간:4
17:11:01  RSSI거리:1.35
17:11:01  상대보정:0
17:11:01  상대보정중:0
17:11:01  보정동쪽:0.00
17:11:01  보정북쪽:0.00
17:11:01  UWB유효:1
17:11:01  UWB원시거리:5.000
17:11:01  UWB보정거리:5.297
17:11:01  UWB접근속도:0.083
17:11:01  UWB_RSSI:nan
17:11:01  UWB경과ms:108
17:11:01  UWB샘플:7618
17:11:01  UWB실패:165
17:11:01  UWB보정:1
17:11:01  UWB보정중:0
17:11:01  UWB보정샘플:100
17:11:01  UWB보정기준:3.000
17:11:01  UWB오프셋:0.234
17:11:01  UWB위험사용:0
17:11:01  UWB전송:7613
17:11:01  위험송신:0
17:11:01  시각ms:1572100
17:11:01  IMU시각ms:1572100
17:11:01  위험:0
17:11:01  원시위험:0
17:11:01  GPS유효:1
17:11:01  위도:37.495950
17:11:01  경도:126.956115
17:11:01  속도:0.02
17:11:01  방향:290.8
17:11:01  이동방향유효:0
17:11:01  GPS이동방향:290.8
17:11:01  차체방향유효:0
17:11:01  차체방향:0.0
17:11:01  후진판정:0
17:11:01  IMU요회전속도:0.00
17:11:01  방향가속도크기:9.68
17:11:01  방향자이로크기:2.46
17:11:01  방향자세cos:0.9998
17:11:01  자기모델잔차:24.67
17:11:01  자기모델반경:0.921
17:11:01  방향채택:0
17:11:01  방향거부:169463
17:11:01  GPS원시속도:0.015
17:11:01  GPS원시방향유효:1
17:11:01  GPS원시방향:290.8
17:11:01  가속도:-0.43,0.29,9.66
17:11:01  자이로:1.8,-1.7,-0.1
17:11:01  자력계:8.700,4.200,18.750
17:11:01  충격값:0.07
17:11:01  충격피크:0.08
17:11:01  마지막충격발생값:0.00
17:11:01  마지막충격발생ms:0
17:11:01  송신:14962
17:11:01  지팡이수신:10170
17:11:01  GPS위성:8
17:11:01  GPS_HDOP:1.14
17:11:01  원시위도:37.495951
17:11:01  원시경도:126.956113
17:11:01  GPS채택:1557
17:11:01  GPS이상치거부:0
17:11:01  GPS품질거부:0
17:11:01  GPS재기준:0
17:11:01  계산거리:-1.00
17:11:01  접근속도:0.00
17:11:01  TTC:999.00
17:11:01  방향오차:0.0
17:11:01  전방여부:0
17:11:01  위험음성횟수:0
17:11:01  충격음성횟수:0
17:11:01  마지막위험음성:0
17:11:01  RSSI원시:-56
17:11:01  RSSI평활:-54.9
17:11:01  RSSI샘플:10170
17:11:01  RSSI경과ms:54
17:11:01  RSSI구간:4
17:11:01  RSSI거리:1.35
17:11:01  상대보정:0
17:11:01  상대보정중:0
17:11:01  보정동쪽:0.00
17:11:01  보정북쪽:0.00
17:11:01  UWB유효:1
17:11:01  UWB원시거리:5.000
17:11:01  UWB보정거리:5.297
17:11:01  UWB접근속도:0.083
17:11:01  UWB_RSSI:nan
17:11:01  UWB경과ms:134
17:11:01  UWB샘플:7618
17:11:01  UWB실패:165
17:11:01  UWB보정:1
17:11:01  UWB보정중:0
17:11:01  UWB보정샘플:100
17:11:01  UWB보정기준:3.000
17:11:01  UWB오프셋:0.234
17:11:01  UWB위험사용:0
17:11:01  UWB전송:7613
17:11:01  위험송신:0
17:11:01  시각ms:1572179
17:11:01  IMU시각ms:1572179
17:11:01  위험:0
17:11:01  원시위험:0
17:11:01  GPS유효:1
17:11:01  위도:37.495950
17:11:01  경도:126.956115
17:11:01  속도:0.02
17:11:01  방향:290.8
17:11:01  이동방향유효:0
17:11:01  GPS이동방향:290.8
17:11:01  차체방향유효:0
17:11:01  차체방향:0.0
17:11:01  후진판정:0
17:11:01  IMU요회전속도:0.00
17:11:01  방향가속도크기:9.62
17:11:01  방향자이로크기:2.17
17:11:01  방향자세cos:0.9999
17:11:01  자기모델잔차:25.46
17:11:01  자기모델반경:0.935
17:11:01  방향채택:0
17:11:01  방향거부:169471
17:11:01  GPS원시속도:0.015
17:11:01  GPS원시방향유효:1
17:11:01  GPS원시방향:290.8
17:11:01  가속도:-0.50,0.36,9.60
17:11:01  자이로:-1.6,0.5,-1.4
17:11:01  자력계:7.950,4.650,19.500
17:11:01  충격값:0.12
17:11:01  충격피크:0.13
17:11:01  마지막충격발생값:0.00
17:11:01  마지막충격발생ms:0
17:11:01  송신:14963
17:11:01  지팡이수신:10171
17:11:01  GPS위성:8
17:11:01  GPS_HDOP:1.14
17:11:01  원시위도:37.495951
17:11:01  원시경도:126.956113
17:11:01  GPS채택:1557
17:11:01  GPS이상치거부:0
17:11:01  GPS품질거부:0
17:11:01  GPS재기준:0
17:11:01  계산거리:-1.00
17:11:01  접근속도:0.00
17:11:01  TTC:999.00
17:11:01  방향오차:0.0
17:11:01  전방여부:0
17:11:01  위험음성횟수:0
17:11:01  충격음성횟수:0
17:11:01  마지막위험음성:0
17:11:01  RSSI원시:-56
17:11:01  RSSI평활:-55.1
17:11:01  RSSI샘플:10171
17:11:01  RSSI경과ms:36
17:11:01  RSSI구간:4
17:11:01  RSSI거리:1.38
17:11:01  상대보정:0
17:11:01  상대보정중:0
17:11:01  보정동쪽:0.00
17:11:01  보정북쪽:0.00
17:11:01  UWB유효:1
17:11:01  UWB원시거리:4.950
17:11:01  UWB보정거리:5.275
17:11:01  UWB접근속도:0.092
17:11:01  UWB_RSSI:nan
17:11:01  UWB경과ms:21
17:11:01  UWB샘플:7619
17:11:01  UWB실패:165
17:11:01  UWB보정:1
17:11:01  UWB보정중:0
17:11:01  UWB보정샘플:100
17:11:01  UWB보정기준:3.000
17:11:01  UWB오프셋:0.234
17:11:01  UWB위험사용:0
17:11:01  UWB전송:7614
17:11:01  위험송신:0
17:11:01  시각ms:1572230
17:11:01  IMU시각ms:1572230
17:11:01  위험:0
17:11:01  원시위험:0
17:11:01  GPS유효:1
17:11:01  위도:37.495950
17:11:01  경도:126.956115
17:11:01  속도:0.02
17:11:01  방향:290.8
17:11:01  이동방향유효:0
17:11:01  GPS이동방향:290.8
17:11:01  차체방향유효:0
17:11:01  차체방향:0.0
17:11:01  후진판정:0
17:11:01  IMU요회전속도:0.00
17:11:01  방향가속도크기:9.64
17:11:01  방향자이로크기:3.36
17:11:01  방향자세cos:0.9999
17:11:01  자기모델잔차:26.65
17:11:01  자기모델반경:0.921
17:11:01  방향채택:0
17:11:01  방향거부:169477
17:11:01  GPS원시속도:0.015
17:11:01  GPS원시방향유효:1
17:11:01  GPS원시방향:290.8
17:11:01  가속도:-0.36,0.37,9.62
17:11:01  자이로:1.9,-2.3,1.5
17:11:01  자력계:9.600,4.500,20.700
17:11:01  충격값:0.09
17:11:01  충격피크:0.10
17:11:01  마지막충격발생값:0.00
17:11:01  마지막충격발생ms:0
17:11:01  송신:14963
17:11:01  지팡이수신:10171
17:11:01  GPS위성:8
17:11:01  GPS_HDOP:1.14
17:11:01  원시위도:37.495951
17:11:01  원시경도:126.956113
17:11:01  GPS채택:1557
17:11:01  GPS이상치거부:0
17:11:01  GPS품질거부:0
17:11:01  GPS재기준:0
17:11:01  계산거리:-1.00
17:11:01  접근속도:0.00
17:11:01  TTC:999.00
17:11:01  방향오차:0.0
17:11:01  전방여부:0
17:11:01  위험음성횟수:0
17:11:01  충격음성횟수:0
17:11:01  마지막위험음성:0
17:11:01  RSSI원시:-56
17:11:01  RSSI평활:-55.1
17:11:01  RSSI샘플:10171
17:11:01  RSSI경과ms:87
17:11:01  RSSI구간:4
17:11:01  RSSI거리:1.38
17:11:01  상대보정:0
17:11:01  상대보정중:0
17:11:01  보정동쪽:0.00
17:11:01  보정북쪽:0.00
17:11:01  UWB유효:1
17:11:01  UWB원시거리:4.950
17:11:01  UWB보정거리:5.275
17:11:01  UWB접근속도:0.092
17:11:01  UWB_RSSI:nan
17:11:01  UWB경과ms:72
17:11:01  UWB샘플:7619
17:11:01  UWB실패:165
17:11:01  UWB보정:1
17:11:01  UWB보정중:0
17:11:01  UWB보정샘플:100
17:11:01  UWB보정기준:3.000
17:11:01  UWB오프셋:0.234
17:11:01  UWB위험사용:0
17:11:01  UWB전송:7614
17:11:01  위험송신:0
17:11:02  시각ms:1572728
17:11:02  IMU시각ms:1572728
17:11:02  위험:0
17:11:02  원시위험:0
17:11:02  GPS유효:1
17:11:02  위도:37.495950
17:11:02  경도:126.956115
17:11:02  속도:0.02
17:11:02  방향:290.8
17:11:02  이동방향유효:0
17:11:02  GPS이동방향:290.8
17:11:02  차체방향유효:0
17:11:02  차체방향:0.0
17:11:02  후진판정:0
17:11:02  IMU요회전속도:0.00
17:11:02  방향가속도크기:9.74
17:11:02  방향자이로크기:2.64
17:11:02  방향자세cos:0.9999
17:11:02  자기모델잔차:25.57
17:11:02  자기모델반경:0.953
17:11:02  방향채택:0
17:11:02  방향거부:169529
17:11:02  GPS원시속도:0.031
17:11:02  GPS원시방향유효:1
17:11:02  GPS원시방향:290.8
17:11:02  가속도:-0.34,0.38,9.73
17:11:02  자이로:-0.2,2.5,-0.8
17:11:02  자력계:10.950,5.400,19.500
17:11:02  충격값:0.07
17:11:02  충격피크:0.13
17:11:02  마지막충격발생값:0.00
17:11:02  마지막충격발생ms:0
17:11:02  송신:14968
17:11:02  지팡이수신:10176
17:11:02  GPS위성:8
17:11:02  GPS_HDOP:1.14
17:11:02  원시위도:37.495950
17:11:02  원시경도:126.956114
17:11:02  GPS채택:1558
17:11:02  GPS이상치거부:0
17:11:02  GPS품질거부:0
17:11:02  GPS재기준:0
17:11:02  계산거리:-1.00
17:11:02  접근속도:0.00
17:11:02  TTC:999.00
17:11:02  방향오차:0.0
17:11:02  전방여부:0
17:11:02  위험음성횟수:0
17:11:02  충격음성횟수:0
17:11:02  마지막위험음성:0
17:11:02  RSSI원시:-56
17:11:02  RSSI평활:-56.0
17:11:02  RSSI샘플:10176
17:11:02  RSSI경과ms:70
17:11:02  RSSI구간:4
17:11:02  RSSI거리:1.50
17:11:02  상대보정:0
17:11:02  상대보정중:0
17:11:02  보정동쪽:0.00
17:11:02  보정북쪽:0.00
17:11:02  UWB유효:1
17:11:02  UWB원시거리:4.980
17:11:02  UWB보정거리:5.242
17:11:02  UWB접근속도:0.086
17:11:02  UWB_RSSI:nan
17:11:02  UWB경과ms:159
17:11:02  UWB샘플:7621
17:11:02  UWB실패:165
17:11:02  UWB보정:1
17:11:02  UWB보정중:0
17:11:02  UWB보정샘플:100
17:11:02  UWB보정기준:3.000
17:11:02  UWB오프셋:0.234
17:11:02  UWB위험사용:0
17:11:02  UWB전송:7616
17:11:02  위험송신:0
17:11:02  시각ms:1572815
17:11:02  IMU시각ms:1572815
17:11:02  위험:0
17:11:02  원시위험:0
17:11:02  GPS유효:1
17:11:02  위도:37.495950
17:11:02  경도:126.956115
17:11:02  속도:0.02
17:11:02  방향:290.8
17:11:02  이동방향유효:0
17:11:02  GPS이동방향:290.8
17:11:02  차체방향유효:0
17:11:02  차체방향:0.0
17:11:02  후진판정:0
17:11:02  IMU요회전속도:0.00
17:11:02  방향가속도크기:9.80
17:11:02  방향자이로크기:2.28
17:11:02  방향자세cos:0.9999
17:11:02  자기모델잔차:26.38
17:11:02  자기모델반경:0.934
17:11:02  방향채택:0
17:11:02  방향거부:169537
17:11:02  GPS원시속도:0.031
17:11:02  GPS원시방향유효:1
17:11:02  GPS원시방향:290.8
17:11:02  가속도:-0.40,0.36,9.78
17:11:02  자이로:1.2,0.0,-1.9
17:11:02  자력계:8.850,4.800,20.400
17:11:02  충격값:0.09
17:11:02  충격피크:0.11
17:11:02  마지막충격발생값:0.00
17:11:02  마지막충격발생ms:0
17:11:02  송신:14969
17:11:02  지팡이수신:10177
17:11:02  GPS위성:8
17:11:02  GPS_HDOP:1.14
17:11:02  원시위도:37.495950
17:11:02  원시경도:126.956114
17:11:02  GPS채택:1558
17:11:02  GPS이상치거부:0
17:11:02  GPS품질거부:0
17:11:02  GPS재기준:0
17:11:02  계산거리:-1.00
17:11:02  접근속도:0.00
17:11:02  TTC:999.00
17:11:02  방향오차:0.0
17:11:02  전방여부:0
17:11:02  위험음성횟수:0
17:11:02  충격음성횟수:0
17:11:02  마지막위험음성:0
17:11:02  RSSI원시:-56
17:11:02  RSSI평활:-56.0
17:11:02  RSSI샘플:10177
17:11:02  RSSI경과ms:54
17:11:02  RSSI구간:4
17:11:02  RSSI거리:1.50
17:11:02  상대보정:0
17:11:02  상대보정중:0
17:11:02  보정동쪽:0.00
17:11:02  보정북쪽:0.00
17:11:02  UWB유효:1
17:11:02  UWB원시거리:4.990
17:11:02  UWB보정거리:5.233
17:11:02  UWB접근속도:0.075
17:11:02  UWB_RSSI:nan
17:11:02  UWB경과ms:51
17:11:02  UWB샘플:7622
17:11:02  UWB실패:165
17:11:02  UWB보정:1
17:11:02  UWB보정중:0
17:11:02  UWB보정샘플:100
17:11:02  UWB보정기준:3.000
17:11:02  UWB오프셋:0.234
17:11:02  UWB위험사용:0
17:11:02  UWB전송:7617
17:11:02  위험송신:0
17:11:02  시각ms:1572986
17:11:02  IMU시각ms:1572986
17:11:02  위험:0
17:11:02  원시위험:0
17:11:02  GPS유효:1
17:11:02  위도:37.495950
17:11:02  경도:126.956115
17:11:02  속도:0.02
17:11:02  방향:290.8
17:11:02  이동방향유효:0
17:11:02  GPS이동방향:290.8
17:11:02  차체방향유효:0
17:11:02  차체방향:0.0
17:11:02  후진판정:0
17:11:02  IMU요회전속도:0.00
17:11:02  방향가속도크기:9.75
17:11:02  방향자이로크기:0.71
17:11:02  방향자세cos:1.0000
17:11:02  자기모델잔차:25.50
17:11:02  자기모델반경:0.899
17:11:02  방향채택:0
17:11:02  방향거부:169555
17:11:02  GPS원시속도:0.031
17:11:02  GPS원시방향유효:1
17:11:02  GPS원시방향:290.8
17:11:02  가속도:-0.45,0.44,9.73
17:11:02  자이로:-0.1,0.4,-0.6
17:11:02  자력계:8.850,3.600,19.650
17:11:02  충격값:0.09
17:11:02  충격피크:0.10
17:11:02  마지막충격발생값:0.00
17:11:02  마지막충격발생ms:0
17:11:02  송신:14970
17:11:02  지팡이수신:10178
17:11:02  GPS위성:8
17:11:02  GPS_HDOP:1.14
17:11:02  원시위도:37.495950
17:11:02  원시경도:126.956114
17:11:02  GPS채택:1558
17:11:02  GPS이상치거부:0
17:11:02  GPS품질거부:0
17:11:02  GPS재기준:0
17:11:02  계산거리:-1.00
17:11:02  접근속도:0.00
17:11:02  TTC:999.00
17:11:02  방향오차:0.0
17:11:02  전방여부:0
17:11:02  위험음성횟수:0
17:11:02  충격음성횟수:0
17:11:02  마지막위험음성:0
17:11:02  RSSI원시:-56
17:11:02  RSSI평활:-56.0
17:11:02  RSSI샘플:10178
17:11:02  RSSI경과ms:125
17:11:02  RSSI구간:4
17:11:02  RSSI거리:1.50
17:11:02  상대보정:0
17:11:02  상대보정중:0
17:11:02  보정동쪽:0.00
17:11:02  보정북쪽:0.00
17:11:02  UWB유효:1
17:11:02  UWB원시거리:4.950
17:11:02  UWB보정거리:5.219
17:11:02  UWB접근속도:0.073
17:11:02  UWB_RSSI:nan
17:11:02  UWB경과ms:27
17:11:02  UWB샘플:7623
17:11:02  UWB실패:165
17:11:02  UWB보정:1
17:11:02  UWB보정중:0
17:11:02  UWB보정샘플:100
17:11:02  UWB보정기준:3.000
17:11:02  UWB오프셋:0.234
17:11:02  UWB위험사용:0
17:11:02  UWB전송:7618
17:11:02  위험송신:0
17:11:02  시각ms:1573085
17:11:02  IMU시각ms:1573085
17:11:02  위험:0
17:11:02  원시위험:0
17:11:02  GPS유효:1
17:11:02  위도:37.495950
17:11:02  경도:126.956115
17:11:02  속도:0.02
17:11:02  방향:290.8
17:11:02  이동방향유효:0
17:11:02  GPS이동방향:290.8
17:11:02  차체방향유효:0
17:11:02  차체방향:0.0
17:11:02  후진판정:0
17:11:02  IMU요회전속도:0.00
17:11:02  방향가속도크기:9.72
17:11:02  방향자이로크기:1.80
17:11:02  방향자세cos:0.9999
17:11:02  자기모델잔차:23.74
17:11:02  자기모델반경:0.960
17:11:02  방향채택:0
17:11:02  방향거부:169565
17:11:02  GPS원시속도:0.031
17:11:02  GPS원시방향유효:1
17:11:02  GPS원시방향:290.8
17:11:02  가속도:-0.50,0.38,9.70
17:11:02  자이로:-0.1,1.3,-1.3
17:11:02  자력계:8.100,5.250,17.700
17:11:02  충격값:0.09
17:11:02  충격피크:0.17
17:11:02  마지막충격발생값:0.00
17:11:02  마지막충격발생ms:0
17:11:02  송신:14971
17:11:02  지팡이수신:10179
17:11:02  GPS위성:8
17:11:02  GPS_HDOP:1.14
17:11:02  원시위도:37.495950
17:11:02  원시경도:126.956114
17:11:02  GPS채택:1558
17:11:02  GPS이상치거부:0
17:11:02  GPS품질거부:0
17:11:02  GPS재기준:0
17:11:02  계산거리:-1.00
17:11:02  접근속도:0.00
17:11:02  TTC:999.00
17:11:02  방향오차:0.0
17:11:02  전방여부:0
17:11:02  위험음성횟수:0
17:11:02  충격음성횟수:0
17:11:02  마지막위험음성:0
17:11:02  RSSI원시:-56
17:11:02  RSSI평활:-56.0
17:11:02  RSSI샘플:10179
17:11:02  RSSI경과ms:11
17:11:02  RSSI구간:4
17:11:02  RSSI거리:1.50
17:11:02  상대보정:0
17:11:02  상대보정중:0
17:11:02  보정동쪽:0.00
17:11:02  보정북쪽:0.00
17:11:02  UWB유효:1
17:11:02  UWB원시거리:4.950
17:11:02  UWB보정거리:5.219
17:11:02  UWB접근속도:0.073
17:11:02  UWB_RSSI:nan
17:11:02  UWB경과ms:126
17:11:02  UWB샘플:7623
17:11:02  UWB실패:165
17:11:02  UWB보정:1
17:11:02  UWB보정중:0
17:11:02  UWB보정샘플:100
17:11:02  UWB보정기준:3.000
17:11:02  UWB오프셋:0.234
17:11:02  UWB위험사용:0
17:11:02  UWB전송:7618
17:11:02  위험송신:0
17:11:02  시각ms:1573114
17:11:02  IMU시각ms:1573114
17:11:02  위험:0
17:11:02  원시위험:0
17:11:02  GPS유효:1
17:11:02  위도:37.495950
17:11:02  경도:126.956115
17:11:02  속도:0.02
17:11:02  방향:290.8
17:11:02  이동방향유효:0
17:11:02  GPS이동방향:290.8
17:11:02  차체방향유효:0
17:11:02  차체방향:0.0
17:11:02  후진판정:0
17:11:02  IMU요회전속도:0.00
17:11:02  방향가속도크기:9.75
17:11:02  방향자이로크기:1.74
17:11:02  방향자세cos:0.9999
17:11:02  자기모델잔차:27.17
17:11:02  자기모델반경:0.903
17:11:02  방향채택:0
17:11:02  방향거부:169568
17:11:02  GPS원시속도:0.031
17:11:02  GPS원시방향유효:1
17:11:02  GPS원시방향:290.8
17:11:02  가속도:-0.44,0.38,9.73
17:11:02  자이로:1.7,0.4,0.2
17:11:02  자력계:8.700,3.900,21.300
17:11:02  충격값:0.05
17:11:02  충격피크:0.12
17:11:02  마지막충격발생값:0.00
17:11:02  마지막충격발생ms:0
17:11:02  송신:14972
17:11:02  지팡이수신:10179
17:11:02  GPS위성:8
17:11:02  GPS_HDOP:1.14
17:11:02  원시위도:37.495950
17:11:02  원시경도:126.956114
17:11:02  GPS채택:1558
17:11:02  GPS이상치거부:0
17:11:02  GPS품질거부:0
17:11:02  GPS재기준:0
17:11:02  계산거리:-1.00
17:11:02  접근속도:0.00
17:11:02  TTC:999.00
17:11:02  방향오차:0.0
17:11:02  전방여부:0
17:11:02  위험음성횟수:0
17:11:02  충격음성횟수:0
17:11:02  마지막위험음성:0
17:11:02  RSSI원시:-56
17:11:02  RSSI평활:-56.0
17:11:02  RSSI샘플:10179
17:11:02  RSSI경과ms:40
17:11:02  RSSI구간:4
17:11:02  RSSI거리:1.50
17:11:02  상대보정:0
17:11:02  상대보정중:0
17:11:02  보정동쪽:0.00
17:11:02  보정북쪽:0.00
17:11:02  UWB유효:1
17:11:02  UWB원시거리:4.950
17:11:02  UWB보정거리:5.219
17:11:02  UWB접근속도:0.073
17:11:02  UWB_RSSI:nan
17:11:02  UWB경과ms:155
17:11:02  UWB샘플:7623
17:11:02  UWB실패:165
17:11:02  UWB보정:1
17:11:02  UWB보정중:0
17:11:02  UWB보정샘플:100
17:11:02  UWB보정기준:3.000
17:11:02  UWB오프셋:0.234
17:11:02  UWB위험사용:0
17:11:02  UWB전송:7618
17:11:02  위험송신:0
17:11:02  시각ms:1573140
17:11:02  IMU시각ms:1573140
17:11:02  위험:0
17:11:02  원시위험:0
17:11:02  GPS유효:1
17:11:02  위도:37.495950
17:11:02  경도:126.956115
17:11:02  속도:0.02
17:11:02  방향:290.8
17:11:02  이동방향유효:0
17:11:02  GPS이동방향:290.8
17:11:02  차체방향유효:0
17:11:02  차체방향:0.0
17:11:02  후진판정:0
17:11:02  IMU요회전속도:0.00
17:11:02  방향가속도크기:9.72
17:11:02  방향자이로크기:2.86
17:11:02  방향자세cos:1.0000
17:11:02  자기모델잔차:26.22
17:11:02  자기모델반경:0.884
17:11:02  방향채택:0
17:11:02  방향거부:169571
17:11:02  GPS원시속도:0.031
17:11:02  GPS원시방향유효:1
17:11:02  GPS원시방향:290.8
17:11:02  가속도:-0.38,0.55,9.70
17:11:02  자이로:2.1,-1.8,0.8
17:11:02  자력계:10.050,3.300,20.400
17:11:02  충격값:0.19
17:11:02  충격피크:0.19
17:11:02  마지막충격발생값:0.00
17:11:02  마지막충격발생ms:0
17:11:02  송신:14972
17:11:02  지팡이수신:10179
17:11:02  GPS위성:8
17:11:02  GPS_HDOP:1.14
17:11:02  원시위도:37.495950
17:11:02  원시경도:126.956114
17:11:02  GPS채택:1558
17:11:02  GPS이상치거부:0
17:11:02  GPS품질거부:0
17:11:02  GPS재기준:0
17:11:02  계산거리:-1.00
17:11:02  접근속도:0.00
17:11:02  TTC:999.00
17:11:02  방향오차:0.0
17:11:02  전방여부:0
17:11:02  위험음성횟수:0
17:11:02  충격음성횟수:0
17:11:02  마지막위험음성:0
17:11:02  RSSI원시:-56
17:11:02  RSSI평활:-56.0
17:11:02  RSSI샘플:10179
17:11:02  RSSI경과ms:66
17:11:02  RSSI구간:4
17:11:02  RSSI거리:1.50
17:11:02  상대보정:0
17:11:02  상대보정중:0
17:11:02  보정동쪽:0.00
17:11:02  보정북쪽:0.00
17:11:02  UWB유효:1
17:11:02  UWB원시거리:4.950
17:11:02  UWB보정거리:5.219
17:11:02  UWB접근속도:0.073
17:11:02  UWB_RSSI:nan
17:11:02  UWB경과ms:181
17:11:02  UWB샘플:7623
17:11:02  UWB실패:165
17:11:02  UWB보정:1
17:11:02  UWB보정중:0
17:11:02  UWB보정샘플:100
17:11:02  UWB보정기준:3.000
17:11:02  UWB오프셋:0.234
17:11:02  UWB위험사용:0
17:11:02  UWB전송:7618
17:11:02  위험송신:0
17:11:03  시각ms:1573163
17:11:03  IMU시각ms:1573159
17:11:03  위험:0
17:11:03  원시위험:0
17:11:03  GPS유효:1
17:11:03  위도:37.495950
17:11:03  경도:126.956115
17:11:03  속도:0.02
17:11:03  방향:290.8
17:11:03  이동방향유효:0
17:11:03  GPS이동방향:290.8
17:11:03  차체방향유효:0
17:11:03  차체방향:0.0
17:11:03  후진판정:0
17:11:03  IMU요회전속도:0.00
17:11:03  방향가속도크기:9.74
17:11:03  방향자이로크기:2.47
17:11:03  방향자세cos:0.9998
17:11:03  자기모델잔차:25.54
17:11:03  자기모델반경:0.915
17:11:03  방향채택:0
17:11:03  방향거부:169573
17:11:03  GPS원시속도:0.031
17:11:03  GPS원시방향유효:1
17:11:03  GPS원시방향:290.8
17:11:03  가속도:-0.44,0.31,9.72
17:11:03  자이로:-1.0,0.1,-2.2
17:11:03  자력계:8.100,4.050,19.650
17:11:03  충격값:0.06
17:11:03  충격피크:0.13
17:11:03  마지막충격발생값:0.00
17:11:03  마지막충격발생ms:0
17:11:03  송신:14972
17:11:03  지팡이수신:10179
17:11:03  GPS위성:8
17:11:03  GPS_HDOP:1.14
17:11:03  원시위도:37.495950
17:11:03  원시경도:126.956114
17:11:03  GPS채택:1558
17:11:03  GPS이상치거부:0
17:11:03  GPS품질거부:0
17:11:03  GPS재기준:0
17:11:03  계산거리:-1.00
17:11:03  접근속도:0.00
17:11:03  TTC:999.00
17:11:03  방향오차:0.0
17:11:03  전방여부:0
17:11:03  위험음성횟수:0
17:11:03  충격음성횟수:0
17:11:03  마지막위험음성:0
17:11:03  RSSI원시:-56
17:11:03  RSSI평활:-56.0
17:11:03  RSSI샘플:10179
17:11:03  RSSI경과ms:89
17:11:03  RSSI구간:4
17:11:03  RSSI거리:1.50
17:11:03  상대보정:0
17:11:03  상대보정중:0
17:11:03  보정동쪽:0.00
17:11:03  보정북쪽:0.00
17:11:03  UWB유효:1
17:11:03  UWB원시거리:4.990
17:11:03  UWB보정거리:5.217
17:11:03  UWB접근속도:0.054
17:11:03  UWB_RSSI:nan
17:11:03  UWB경과ms:1
17:11:03  UWB샘플:7624
17:11:03  UWB실패:165
17:11:03  UWB보정:1
17:11:03  UWB보정중:0
17:11:03  UWB보정샘플:100
17:11:03  UWB보정기준:3.000
17:11:03  UWB오프셋:0.234
17:11:03  UWB위험사용:0
17:11:03  UWB전송:7619
17:11:03  위험송신:0
17:11:03  시각ms:1573190
17:11:03  IMU시각ms:1573190
17:11:03  위험:0
17:11:03  원시위험:0
17:11:03  GPS유효:1
17:11:03  위도:37.495950
17:11:03  경도:126.956115
17:11:03  속도:0.02
17:11:03  방향:290.8
17:11:03  이동방향유효:0
17:11:03  GPS이동방향:290.8
17:11:03  차체방향유효:0
17:11:03  차체방향:0.0
17:11:03  후진판정:0
17:11:03  IMU요회전속도:0.00
17:11:03  방향가속도크기:9.73
17:11:03  방향자이로크기:2.56
17:11:03  방향자세cos:0.9997
17:11:03  자기모델잔차:24.58
17:11:03  자기모델반경:0.978
17:11:03  방향채택:0
17:11:03  방향거부:169576
17:11:03  GPS원시속도:0.031
17:11:03  GPS원시방향유효:1
17:11:03  GPS원시방향:290.8
17:11:03  가속도:-0.44,0.26,9.72
17:11:03  자이로:-1.9,-0.5,-1.7
17:11:03  자력계:8.850,6.000,18.450
17:11:03  충격값:0.10
17:11:03  충격피크:0.12
17:11:03  마지막충격발생값:0.00
17:11:03  마지막충격발생ms:0
17:11:03  송신:14972
17:11:03  지팡이수신:10179
17:11:03  GPS위성:8
17:11:03  GPS_HDOP:1.14
17:11:03  원시위도:37.495950
17:11:03  원시경도:126.956114
17:11:03  GPS채택:1558
17:11:03  GPS이상치거부:0
17:11:03  GPS품질거부:0
17:11:03  GPS재기준:0
17:11:03  계산거리:-1.00
17:11:03  접근속도:0.00
17:11:03  TTC:999.00
17:11:03  방향오차:0.0
17:11:03  전방여부:0
17:11:03  위험음성횟수:0
17:11:03  충격음성횟수:0
17:11:03  마지막위험음성:0
17:11:03  RSSI원시:-56
17:11:03  RSSI평활:-56.0
17:11:03  RSSI샘플:10179
17:11:03  RSSI경과ms:116
17:11:03  RSSI구간:4
17:11:03  RSSI거리:1.50
17:11:03  상대보정:0
17:11:03  상대보정중:0
17:11:03  보정동쪽:0.00
17:11:03  보정북쪽:0.00
17:11:03  UWB유효:1
17:11:03  UWB원시거리:4.990
17:11:03  UWB보정거리:5.217
17:11:03  UWB접근속도:0.054
17:11:03  UWB_RSSI:nan
17:11:03  UWB경과ms:28
17:11:03  UWB샘플:7624
17:11:03  UWB실패:165
17:11:03  UWB보정:1
17:11:03  UWB보정중:0
17:11:03  UWB보정샘플:100
17:11:03  UWB보정기준:3.000
17:11:03  UWB오프셋:0.234
17:11:03  UWB위험사용:0
17:11:03  UWB전송:7619
17:11:03  위험송신:0
17:11:03  시각ms:1573436
17:11:03  IMU시각ms:1573436
17:11:03  위험:0
17:11:03  원시위험:0
17:11:03  GPS유효:1
17:11:03  위도:37.495950
17:11:03  경도:126.956115
17:11:03  속도:0.02
17:11:03  방향:290.8
17:11:03  이동방향유효:0
17:11:03  GPS이동방향:290.8
17:11:03  차체방향유효:0
17:11:03  차체방향:0.0
17:11:03  후진판정:0
17:11:03  IMU요회전속도:0.00
17:11:03  방향가속도크기:9.68
17:11:03  방향자이로크기:3.36
17:11:03  방향자세cos:1.0000
17:11:03  자기모델잔차:26.73
17:11:03  자기모델반경:0.990
17:11:03  방향채택:0
17:11:03  방향거부:169601
17:11:03  GPS원시속도:0.031
17:11:03  GPS원시방향유효:1
17:11:03  GPS원시방향:290.8
17:11:03  가속도:-0.39,0.46,9.66
17:11:03  자이로:0.5,-2.2,-2.5
17:11:03  자력계:8.700,6.600,20.550
17:11:03  충격값:0.12
17:11:03  충격피크:0.12
17:11:03  마지막충격발생값:0.00
17:11:03  마지막충격발생ms:0
17:11:03  송신:14975
17:11:03  지팡이수신:10182
17:11:03  GPS위성:8
17:11:03  GPS_HDOP:1.14
17:11:03  원시위도:37.495950
17:11:03  원시경도:126.956114
17:11:03  GPS채택:1558
17:11:03  GPS이상치거부:0
17:11:03  GPS품질거부:0
17:11:03  GPS재기준:0
17:11:03  계산거리:-1.00
17:11:03  접근속도:0.00
17:11:03  TTC:999.00
17:11:03  방향오차:0.0
17:11:03  전방여부:0
17:11:03  위험음성횟수:0
17:11:03  충격음성횟수:0
17:11:03  마지막위험음성:0
17:11:03  RSSI원시:-55
17:11:03  RSSI평활:-55.8
17:11:03  RSSI샘플:10182
17:11:03  RSSI경과ms:38
17:11:03  RSSI구간:4
17:11:03  RSSI거리:1.48
17:11:03  상대보정:0
17:11:03  상대보정중:0
17:11:03  보정동쪽:0.00
17:11:03  보정북쪽:0.00
17:11:03  UWB유효:1
17:11:03  UWB원시거리:5.030
17:11:03  UWB보정거리:5.220
17:11:03  UWB접근속도:0.034
17:11:03  UWB_RSSI:nan
17:11:03  UWB경과ms:74
17:11:03  UWB샘플:7625
17:11:03  UWB실패:165
17:11:03  UWB보정:1
17:11:03  UWB보정중:0
17:11:03  UWB보정샘플:100
17:11:03  UWB보정기준:3.000
17:11:03  UWB오프셋:0.234
17:11:03  UWB위험사용:0
17:11:03  UWB전송:7620
17:11:03  위험송신:0
