시각,경과초,시각ms,IMU시각ms,부팅횟수,리셋원인,GPS복구횟수,마지막GPS복구ms,위험,차량위험,차량위험경과ms,RSU위험,RSU위험경과ms,GPS유효,위도,경도,속도,방향,GPS원시속도,GPS원시방향유효,GPS원시방향,가속도,자이로,자력계,IMU방향유효,IMU방향,방향가속도크기,방향자이로크기,방향자세cos,자기모델잔차,자기모델반경,방향채택,방향거부,송신,GPS위성,GPS_HDOP,원시위도,원시경도,GPS채택,GPS이상치거부,GPS품질거부,GPS재기준,RSSI원시,RSSI평활,RSSI샘플,RSSI경과ms,차량수신,UWB유효,UWB보정,UWB원시거리,UWB보정거리,UWB접근속도,UWB오프셋,UWB경과ms,UWB수신
17:06:00,0.093,122235,122235,378,POWER_ON,0,0,0,0,-1,0,-1,1,37.496407,126.955826,0.012,0.0,0.021,1,0.0,"6.546,6.570,2.342","-1.824,-3.427,-0.718","-45.150,89.700,-49.050",0,0.0,9.57,3.95,0.9029,19.74,1.497,0,13278,1112,5,1.28,37.496408,126.955823,298,0,1,0,-55,-54.3,1616,86,1063,1,1,2.040,2.287,-0.033,0.234,178,553
17:06:00,0.093,122258,122258,378,POWER_ON,0,0,0,0,-1,0,-1,1,37.496407,126.955826,0.012,0.0,0.021,1,0.0,"6.661,6.546,2.351","-1.618,-0.527,0.397","-45.300,89.550,-48.600",0,0.0,9.63,1.75,0.9031,19.74,1.497,0,13281,1112,5,1.28,37.496408,126.955823,298,0,1,0,-56,-54.7,1618,10,1064,1,1,2.040,2.286,-0.021,0.234,11,554
17:06:00,0.185,122281,122281,378,POWER_ON,0,0,0,0,-1,0,-1,1,37.496407,126.955826,0.012,0.0,0.021,1,0.0,"6.618,6.498,2.476","-3.168,-2.122,1.008","-45.150,90.000,-49.800",0,0.0,9.60,3.94,0.9091,19.74,1.497,0,13284,1112,5,1.28,37.496408,126.955823,298,0,1,0,-56,-54.7,1618,33,1064,1,1,2.040,2.286,-0.021,0.234,34,554
17:06:00,0.222,122304,122304,378,POWER_ON,0,0,0,0,-1,0,-1,1,37.496407,126.955826,0.012,0.0,0.021,1,0.0,"6.598,6.574,2.413","-3.267,0.206,-1.458","-45.450,88.200,-48.750",0,0.0,9.62,3.58,0.9057,19.74,1.497,0,13287,1112,5,1.28,37.496408,126.955823,298,0,1,0,-56,-54.7,1618,56,1064,1,1,2.040,2.286,-0.021,0.234,57,554
17:06:00,0.222,122340,122340,378,POWER_ON,0,0,0,0,-1,0,-1,1,37.496407,126.955826,0.012,0.0,0.021,1,0.0,"6.565,6.450,2.370","0.595,-0.489,-1.740","-45.000,88.650,-49.350",0,0.0,9.50,1.90,0.9055,19.74,1.497,0,13290,1113,5,1.28,37.496408,126.955823,298,0,1,0,-56,-54.7,1618,92,1064,1,1,2.040,2.286,-0.021,0.234,93,554
17:06:00,0.222,122363,122363,378,POWER_ON,0,0,0,0,-1,0,-1,1,37.496407,126.955826,0.012,0.0,0.021,1,0.0,"6.632,6.541,2.342","3.076,1.565,-0.015","-45.450,88.200,-50.550",0,0.0,9.60,3.45,0.9029,19.74,1.497,0,13293,1113,5,1.28,37.496408,126.955823,298,0,1,0,-56,-55.0,1619,9,1065,1,1,2.040,2.286,-0.021,0.234,116,554
17:06:00,0.222,122386,122386,378,POWER_ON,0,0,0,0,-1,0,-1,1,37.496407,126.955826,0.019,0.0,0.031,1,0.0,"6.565,6.680,2.322","-0.542,6.000,-2.397","-45.150,91.650,-49.500",0,0.0,9.65,6.48,0.9007,19.74,1.497,0,13296,1113,5,1.28,37.496408,126.955823,299,0,1,0,-56,-55.0,1619,32,1065,1,1,2.040,2.286,-0.021,0.234,139,554
17:06:00,0.223,122409,122409,378,POWER_ON,0,0,0,0,-1,0,-1,1,37.496407,126.955826,0.019,0.0,0.031,1,0.0,"6.479,6.771,2.418","2.298,1.427,1.000","-46.500,90.600,-50.400",0,0.0,9.68,2.88,0.9040,19.74,1.497,0,13299,1113,5,1.28,37.496408,126.955823,299,0,1,0,-56,-55.0,1619,55,1065,1,1,2.040,2.286,-0.021,0.234,162,554
17:06:00,0.318,122445,122445,378,POWER_ON,0,0,0,0,-1,0,-1,1,37.496407,126.955826,0.019,0.0,0.031,1,0.0,"6.483,6.512,2.571","1.992,0.947,0.130","-44.700,90.450,-50.550",0,0.0,9.54,2.21,0.9135,19.74,1.497,0,13302,1114,5,1.28,37.496408,126.955823,299,0,1,0,-56,-55.0,1619,91,1065,1,1,2.040,2.286,-0.021,0.234,198,554
17:06:00,0.349,122468,122468,378,POWER_ON,0,0,0,0,-1,0,-1,1,37.496407,126.955826,0.019,0.0,0.031,1,0.0,"6.397,6.632,2.466","-0.130,-3.076,-0.802","-45.450,90.450,-49.500",0,0.0,9.54,3.18,0.9080,19.74,1.497,0,13305,1114,5,1.28,37.496408,126.955823,299,0,1,0,-55,-55.0,1620,10,1066,1,1,2.040,2.286,-0.021,0.234,221,554
17:06:00,0.350,122491,122491,378,POWER_ON,0,0,0,0,-1,0,-1,1,37.496407,126.955826,0.019,0.0,0.031,1,0.0,"6.440,6.627,2.490","-0.137,-0.771,-2.229","-43.650,90.000,-49.050",0,0.0,9.57,2.36,0.9089,19.74,1.497,0,13308,1114,5,1.28,37.496408,126.955823,299,0,1,0,-55,-55.0,1620,33,1066,1,1,2.040,2.286,-0.021,0.234,244,554
17:06:00,0.355,122514,122514,378,POWER_ON,0,0,0,0,-1,0,-1,1,37.496407,126.955826,0.019,0.0,0.031,1,0.0,"6.426,6.565,2.399","0.832,1.183,-0.504","-46.050,88.650,-49.950",0,0.0,9.49,1.53,0.9059,19.74,1.497,0,13311,1114,5,1.28,37.496408,126.955823,299,0,1,0,-55,-55.0,1620,56,1066,1,1,2.040,2.286,-0.021,0.234,267,554
17:06:00,0.355,122550,122550,378,POWER_ON,0,0,0,0,-1,0,-1,1,37.496407,126.955826,0.019,0.0,0.031,1,0.0,"6.483,6.699,2.480","2.565,5.527,-1.359","-45.300,89.100,-49.350",0,0.0,9.65,6.24,0.9075,19.74,1.497,0,13314,1115,5,1.28,37.496408,126.955823,299,0,1,0,-55,-55.0,1620,92,1066,1,1,2.040,2.286,-0.021,0.234,303,554
17:06:00,0.355,122573,122573,378,POWER_ON,0,0,0,0,-1,0,-1,1,37.496407,126.955826,0.018,0.0,0.015,1,0.0,"6.388,6.747,2.418","2.466,2.840,0.359","-46.500,89.550,-50.700",0,0.0,9.60,3.78,0.9045,19.74,1.497,0,13317,1115,5,1.28,37.496408,126.955823,300,0,1,0,-55,-55.0,1621,13,1067,1,1,2.040,2.286,-0.021,0.234,326,554
17:06:01,0.778,122597,122597,378,POWER_ON,0,0,0,0,-1,0,-1,1,37.496407,126.955826,0.018,0.0,0.015,1,0.0,"6.306,6.627,2.404","1.695,3.756,-1.908","-46.500,88.350,-50.700",0,0.0,9.46,4.54,0.9056,19.74,1.497,0,13320,1115,5,1.28,37.496408,126.955823,300,0,1,0,-55,-55.0,1621,37,1067,1,1,2.040,2.286,-0.021,0.234,350,554
17:06:01,0.928,122988,122988,378,POWER_ON,0,0,0,0,-1,0,-1,1,37.496407,126.955826,0.012,0.0,0.005,1,0.0,"6.426,6.627,2.543","-2.954,-2.244,-0.206","-45.450,88.500,-50.250",0,0.0,9.57,3.72,0.9111,19.74,1.497,0,13364,1119,5,1.28,37.496408,126.955824,302,0,1,0,-57,-55.2,1627,15,1071,1,1,2.050,2.278,0.001,0.234,136,556
17:06:01,0.928,123011,123011,378,POWER_ON,0,0,0,0,-1,0,-1,1,37.496407,126.955826,0.012,0.0,0.005,1,0.0,"6.507,6.680,2.552","-1.443,-2.046,-0.130","-45.000,89.100,-50.700",0,0.0,9.67,2.51,0.9106,19.74,1.497,0,13367,1119,5,1.28,37.496408,126.955824,302,0,1,0,-57,-55.2,1627,38,1071,1,1,2.050,2.278,0.001,0.234,159,556
17:06:01,1.061,123035,123035,378,POWER_ON,0,0,0,0,-1,0,-1,1,37.496407,126.955826,0.012,0.0,0.005,1,0.0,"6.570,6.723,2.433","-1.092,-2.893,1.229","-43.950,88.500,-49.500",0,0.0,9.71,3.33,0.9049,19.74,1.497,0,13370,1119,5,1.28,37.496408,126.955824,302,0,1,0,-57,-55.2,1627,62,1071,1,1,2.050,2.278,0.001,0.234,183,556
17:06:01,1.108,123070,123070,378,POWER_ON,0,0,0,0,-1,0,-1,1,37.496407,126.955826,0.012,0.0,0.005,1,0.0,"6.455,6.661,2.485","-1.351,-3.557,-0.443","-45.300,87.600,-49.950",0,0.0,9.60,3.83,0.9082,19.74,1.497,0,13373,1120,5,1.28,37.496408,126.955824,302,0,1,0,-57,-55.5,1628,13,1071,1,1,2.060,2.280,-0.003,0.234,13,557
17:06:01,1.108,123093,123093,378,POWER_ON,0,0,0,0,-1,0,-1,1,37.496407,126.955826,0.012,0.0,0.005,1,0.0,"6.445,6.594,2.428","-1.160,0.046,0.344","-45.300,89.550,-51.150",0,0.0,9.53,1.21,0.9067,19.74,1.497,0,13376,1120,5,1.28,37.496408,126.955824,302,0,1,0,-56,-55.6,1629,14,1072,1,1,2.060,2.280,-0.003,0.234,36,557
17:06:01,1.109,123116,123116,378,POWER_ON,0,0,0,0,-1,0,-1,1,37.496407,126.955826,0.012,0.0,0.005,1,0.0,"6.397,6.579,2.375","-0.313,-1.870,-2.389","-46.650,87.300,-51.000",0,0.0,9.48,3.05,0.9048,19.74,1.497,0,13379,1120,5,1.28,37.496408,126.955824,302,0,1,0,-56,-55.6,1629,37,1072,1,1,2.060,2.280,-0.003,0.234,59,557
17:06:01,1.109,123139,123139,378,POWER_ON,0,0,0,0,-1,0,-1,1,37.496407,126.955826,0.012,0.0,0.005,1,0.0,"6.560,6.637,2.504","-0.710,-1.305,-0.244","-45.900,88.200,-50.550",0,0.0,9.66,1.51,0.9090,19.74,1.497,0,13382,1120,5,1.28,37.496408,126.955824,302,0,1,0,-56,-55.6,1629,60,1072,1,1,2.060,2.280,-0.003,0.234,82,557
17:06:01,1.109,123176,123176,378,POWER_ON,0,0,0,0,-1,0,-1,1,37.496407,126.955826,0.013,0.0,0.015,1,0.0,"6.297,6.646,2.471","1.580,1.496,-1.336","-45.750,89.850,-51.150",0,0.0,9.48,2.55,0.9082,19.74,1.497,0,13385,1121,5,1.28,37.496409,126.955824,303,0,1,0,-56,-55.6,1629,97,1072,1,1,2.060,2.280,-0.003,0.234,119,557
17:06:01,1.109,123199,123199,378,POWER_ON,0,0,0,0,-1,0,-1,1,37.496407,126.955826,0.013,0.0,0.015,1,0.0,"6.412,6.756,2.394","0.870,2.740,-2.313","-45.300,89.100,-50.400",0,0.0,9.62,3.69,0.9033,19.74,1.497,0,13388,1121,5,1.28,37.496409,126.955824,303,0,1,0,-53,-55.1,1630,10,1073,1,1,2.060,2.280,-0.003,0.234,142,557
17:06:01,1.110,123245,123245,378,POWER_ON,0,0,0,0,-1,0,-1,1,37.496407,126.955826,0.013,0.0,0.015,1,0.0,"6.273,6.737,2.322","1.336,0.977,1.160","-45.450,88.500,-50.550",0,0.0,9.49,2.02,0.9007,19.74,1.497,0,13394,1121,5,1.28,37.496409,126.955824,303,0,1,0,-53,-55.1,1630,56,1073,1,1,2.060,2.280,-0.003,0.234,188,557
17:06:01,1.110,123280,123280,378,POWER_ON,0,0,0,0,-1,0,-1,1,37.496407,126.955826,0.013,0.0,0.015,1,0.0,"6.388,6.718,2.571","-0.260,-0.496,0.588","-45.450,87.750,-50.550",0,0.0,9.62,0.81,0.9112,19.74,1.497,0,13397,1122,5,1.28,37.496409,126.955824,303,0,1,0,-56,-55.3,1631,22,1073,1,1,2.040,2.281,-0.004,0.234,22,558
17:06:01,1.202,123349,123349,378,POWER_ON,0,0,0,0,-1,0,-1,1,37.496407,126.955826,0.013,0.0,0.015,1,0.0,"6.445,6.771,2.442","-3.237,1.664,1.031","-45.150,87.750,-51.000",0,0.0,9.66,3.78,0.9050,19.74,1.497,0,13406,1122,5,1.28,37.496409,126.955824,303,0,1,0,-56,-55.4,1632,56,1074,1,1,2.040,2.281,-0.004,0.234,91,558
17:06:01,1.233,123386,123386,378,POWER_ON,0,0,0,0,-1,0,-1,1,37.496407,126.955826,0.017,0.0,0.026,1,0.0,"6.402,6.594,2.409","-1.267,-2.542,0.031","-44.700,88.200,-51.300",0,0.0,9.50,2.84,0.9060,19.74,1.497,0,13409,1123,5,1.28,37.496409,126.955824,304,0,1,0,-56,-55.4,1632,93,1074,1,1,2.040,2.281,-0.004,0.234,128,558
17:06:01,1.233,123409,123409,378,POWER_ON,0,0,0,0,-1,0,-1,1,37.496407,126.955826,0.017,0.0,0.026,1,0.0,"6.527,6.713,2.322","-0.145,-2.847,1.252","-45.900,88.500,-52.050",0,0.0,9.65,3.11,0.9005,19.74,1.497,0,13412,1123,5,1.28,37.496409,126.955824,304,0,1,0,-54,-55.1,1633,4,1075,1,1,2.040,2.281,-0.004,0.234,151,558
17:06:01,1.238,123432,123432,378,POWER_ON,0,0,0,0,-1,0,-1,1,37.496407,126.955826,0.017,0.0,0.026,1,0.0,"6.522,6.584,2.504","-4.122,0.420,3.908","-44.400,88.950,-51.600",0,0.0,9.60,5.70,0.9097,19.74,1.497,0,13415,1123,5,1.28,37.496409,126.955824,304,0,1,0,-54,-55.1,1633,27,1075,1,1,2.040,2.281,-0.004,0.234,174,558
17:06:01,1.327,123455,123455,378,POWER_ON,0,0,0,0,-1,0,-1,1,37.496407,126.955826,0.017,0.0,0.026,1,0.0,"6.522,6.613,2.442","-2.130,-1.664,-0.084","-45.900,88.200,-50.550",0,0.0,9.60,2.70,0.9068,19.74,1.497,0,13418,1123,5,1.28,37.496409,126.955824,304,0,1,0,-55,-55.1,1634,6,1075,1,1,2.050,2.282,-0.004,0.234,6,559
17:06:01,1.358,123536,123536,378,POWER_ON,0,0,0,0,-1,0,-1,1,37.496407,126.955826,0.017,0.0,0.026,1,0.0,"6.608,6.670,2.466","-3.527,-2.725,-2.603","-44.700,87.000,-51.000",0,0.0,9.71,5.16,0.9068,19.74,1.497,0,13427,1124,5,1.28,37.496409,126.955824,304,0,1,0,-55,-55.1,1635,34,1076,1,1,2.050,2.282,-0.004,0.234,87,559
17:06:01,1.358,123559,123559,378,POWER_ON,0,0,0,0,-1,0,-1,1,37.496407,126.955826,0.017,0.0,0.026,1,0.0,"6.498,6.646,2.543","-4.740,-0.420,-2.351","-46.950,87.750,-51.000",0,0.0,9.64,5.31,0.9106,19.74,1.497,0,13430,1124,5,1.28,37.496409,126.955824,304,0,1,0,-55,-55.1,1635,57,1076,1,1,2.050,2.282,-0.004,0.234,110,559
17:06:01,1.442,123596,123596,378,POWER_ON,0,0,0,0,-1,0,-1,1,37.496407,126.955826,0.015,0.0,0.010,1,0.0,"6.416,6.699,2.428","-3.351,-2.412,-1.901","-44.700,88.500,-51.600",0,0.0,9.59,4.55,0.9054,19.74,1.497,0,13433,1125,5,1.28,37.496409,126.955825,305,0,1,0,-55,-55.1,1635,94,1076,1,1,2.050,2.282,-0.004,0.234,147,559
17:06:01,1.475,123619,123619,378,POWER_ON,0,0,0,0,-1,0,-1,1,37.496407,126.955826,0.015,0.0,0.010,1,0.0,"6.598,6.551,2.552","-1.885,-2.298,-0.015","-46.050,89.550,-50.700",0,0.0,9.64,2.97,0.9118,19.74,1.497,0,13436,1125,5,1.28,37.496409,126.955825,305,0,1,0,-55,-55.1,1635,117,1076,1,1,2.050,2.282,-0.004,0.234,170,559
17:06:01,1.475,123643,123643,378,POWER_ON,0,0,0,0,-1,0,-1,1,37.496407,126.955826,0.015,0.0,0.010,1,0.0,"6.503,6.661,2.576","-2.099,0.412,-1.641","-45.000,87.900,-49.950",0,0.0,9.66,2.70,0.9118,19.74,1.497,0,13439,1125,5,1.28,37.496409,126.955825,305,0,1,0,-56,-55.3,1636,22,1077,1,1,2.050,2.282,-0.004,0.234,194,559
17:06:01,1.569,123666,123666,378,POWER_ON,0,0,0,0,-1,0,-1,1,37.496407,126.955826,0.015,0.0,0.010,1,0.0,"6.574,6.732,2.452","-1.618,-2.611,0.527","-44.250,88.650,-49.950",0,0.0,9.72,3.12,0.9056,19.74,1.497,0,13442,1125,5,1.28,37.496409,126.955825,305,0,1,0,-57,-55.6,1637,7,1077,1,1,2.000,2.283,-0.004,0.234,7,560
17:06:01,1.614,123749,123749,378,POWER_ON,0,0,0,0,-1,0,-1,1,37.496410,126.955826,0.015,0.0,0.010,1,0.0,"6.493,6.670,2.571","0.450,-1.191,1.450","-44.700,88.950,-51.000",0,0.0,9.66,1.93,0.9115,19.74,1.497,0,13451,1126,5,1.28,37.496409,126.955825,305,0,1,0,-57,-55.9,1638,22,1078,1,1,2.000,2.283,-0.004,0.234,90,560
17:06:01,1.614,123773,123773,378,POWER_ON,0,0,0,0,-1,0,-1,1,37.496410,126.955826,0.013,0.0,0.010,1,0.0,"6.493,6.685,2.519","0.718,-2.107,-1.908","-44.700,89.250,-49.800",0,0.0,9.65,2.93,0.9092,19.74,1.497,0,13454,1126,5,1.28,37.496409,126.955825,306,0,1,0,-57,-55.9,1638,46,1078,1,1,2.000,2.283,-0.004,0.234,114,560
17:06:02,1.711,123803,123803,378,POWER_ON,0,0,0,0,-1,0,-1,1,37.496410,126.955826,0.013,0.0,0.010,1,0.0,"6.388,6.709,2.370","-2.542,-2.740,1.992","-45.000,87.900,-50.700",0,0.0,9.56,4.24,0.9029,19.74,1.497,0,13456,1127,5,1.28,37.496409,126.955825,306,0,1,0,-57,-55.9,1638,76,1078,1,1,2.000,2.283,-0.004,0.234,144,560
17:06:02,1.845,123979,123979,378,POWER_ON,0,0,0,0,-1,0,-1,1,37.496410,126.955826,0.012,0.0,0.010,1,0.0,"6.632,6.460,2.332","-5.519,-5.031,-1.504","-45.300,89.100,-49.950",0,0.0,9.55,7.62,0.9034,19.74,1.497,0,13477,1128,5,1.28,37.496409,126.955825,307,0,1,0,-59,-56.3,1641,46,1080,1,1,1.970,2.280,0.002,0.234,127,561
17:06:02,1.881,124015,124015,378,POWER_ON,0,0,0,0,-1,0,-1,1,37.496410,126.955826,0.012,0.0,0.010,1,0.0,"6.651,6.517,2.571","-2.198,-3.969,1.137","-45.150,88.500,-51.000",0,0.0,9.66,4.68,0.9127,19.74,1.497,0,13480,1129,5,1.28,37.496409,126.955825,307,0,1,0,-59,-56.3,1641,82,1080,1,1,1.970,2.280,0.002,0.234,163,561
17:06:02,1.881,124038,124038,378,POWER_ON,0,0,0,0,-1,0,-1,1,37.496410,126.955826,0.012,0.0,0.010,1,0.0,"6.732,6.522,2.255","0.137,-1.382,1.420","-44.550,88.350,-49.950",0,0.0,9.64,1.99,0.8989,19.74,1.497,0,13483,1129,5,1.28,37.496409,126.955825,307,0,1,0,-59,-56.3,1641,105,1080,1,1,1.970,2.280,0.002,0.234,186,561
17:06:02,1.882,124061,124061,378,POWER_ON,0,0,0,0,-1,0,-1,1,37.496410,126.955826,0.012,0.0,0.010,1,0.0,"6.608,6.546,2.389","1.687,0.313,0.679","-43.800,87.900,-49.350",0,0.0,9.60,1.85,0.9050,19.74,1.497,0,13486,1129,5,1.28,37.496409,126.955825,307,0,1,0,-59,-57.2,1643,3,1081,1,1,2.000,2.264,0.025,0.234,3,562
17:06:02,1.975,124084,124084,378,POWER_ON,0,0,0,0,-1,0,-1,1,37.496410,126.955826,0.012,0.0,0.010,1,0.0,"6.536,6.551,2.409","3.237,1.366,-0.802","-45.000,89.100,-49.950",0,0.0,9.56,3.60,0.9061,19.74,1.497,0,13489,1129,5,1.28,37.496409,126.955825,307,0,1,0,-59,-57.2,1643,26,1081,1,1,2.000,2.264,0.025,0.234,26,562
17:06:02,2.012,124120,124120,378,POWER_ON,0,0,0,0,-1,0,-1,1,37.496410,126.955826,0.012,0.0,0.010,1,0.0,"6.488,6.627,2.485","2.870,1.328,1.878","-45.900,90.000,-49.800",0,0.0,9.60,3.68,0.9085,19.74,1.497,0,13492,1130,5,1.28,37.496409,126.955825,307,0,1,0,-59,-57.2,1643,62,1081,1,1,2.000,2.264,0.025,0.234,62,562
17:06:02,2.013,124166,124166,378,POWER_ON,0,0,0,0,-1,0,-1,1,37.496407,126.955826,0.013,0.0,0.015,1,0.0,"6.483,6.661,2.543","-0.794,-0.641,1.351","-43.800,89.550,-52.950",0,0.0,9.64,1.69,0.9105,19.74,1.497,0,13498,1130,5,1.28,37.496408,126.955825,308,0,1,0,-57,-57.2,1644,19,1082,1,1,2.000,2.264,0.025,0.234,108,562
17:06:02,2.013,124190,124190,378,POWER_ON,0,0,0,0,-1,0,-1,1,37.496407,126.955826,0.013,0.0,0.015,1,0.0,"6.488,6.670,2.610","-1.664,-2.580,0.824","-46.050,89.100,-50.700",0,0.0,9.66,3.18,0.9131,19.74,1.497,0,13501,1130,5,1.28,37.496408,126.955825,308,0,1,0,-57,-57.2,1644,43,1082,1,1,2.000,2.264,0.025,0.234,132,562
17:06:02,2.108,124219,124219,378,POWER_ON,0,0,0,0,-1,0,-1,1,37.496407,126.955826,0.013,0.0,0.015,1,0.0,"6.603,6.622,2.433","-5.519,-3.511,0.008","-46.050,87.900,-51.900",0,0.0,9.66,6.54,0.9060,19.74,1.497,0,13503,1131,5,1.28,37.496408,126.955825,308,0,1,0,-57,-57.2,1644,72,1082,1,1,2.000,2.264,0.025,0.234,161,562
17:06:02,2.145,124242,124242,378,POWER_ON,0,0,0,0,-1,0,-1,1,37.496407,126.955826,0.013,0.0,0.015,1,0.0,"6.637,6.450,2.533","-6.397,-2.412,-2.168","-44.700,87.300,-50.550",0,0.0,9.60,7.17,0.9120,19.74,1.497,0,13506,1131,5,1.28,37.496408,126.955825,308,0,1,0,-57,-57.2,1644,95,1082,1,1,2.000,2.264,0.025,0.234,184,562
17:06:02,2.145,124265,124265,378,POWER_ON,0,0,0,0,-1,0,-1,1,37.496407,126.955826,0.013,0.0,0.015,1,0.0,"6.713,6.479,2.394","-4.542,-3.977,-0.664","-45.150,89.250,-50.250",0,0.0,9.63,6.07,0.9055,19.74,1.497,0,13509,1131,5,1.28,37.496408,126.955825,308,0,1,0,-58,-57.4,1645,16,1083,1,1,2.000,2.264,0.025,0.234,207,562
17:06:02,2.145,124288,124288,378,POWER_ON,0,0,0,0,-1,0,-1,1,37.496407,126.955826,0.013,0.0,0.015,1,0.0,"6.713,6.364,2.423","-5.573,-2.779,-1.008","-45.150,88.950,-50.550",0,0.0,9.56,6.31,0.9078,19.74,1.497,0,13512,1131,5,1.28,37.496408,126.955825,308,0,1,0,-57,-57.3,1646,16,1083,1,1,2.060,2.254,0.032,0.234,16,563
17:06:02,2.145,124347,124347,378,POWER_ON,0,0,0,0,-1,0,-1,1,37.496407,126.955826,0.013,0.0,0.015,1,0.0,"6.618,6.421,2.528","-2.275,-1.015,-2.214","-44.400,87.750,-50.250",0,0.0,9.56,3.33,0.9122,19.74,1.497,0,13518,1132,5,1.28,37.496408,126.955825,308,0,1,0,-57,-57.3,1646,75,1083,1,1,2.060,2.254,0.032,0.234,75,563
17:06:02,2.248,124370,124370,378,POWER_ON,0,0,0,0,-1,0,-1,1,37.496407,126.955826,0.010,0.0,0.005,1,0.0,"6.800,6.412,2.476","1.718,1.679,0.145","-44.700,88.200,-50.250",0,0.0,9.67,2.41,0.9091,19.74,1.497,0,13521,1132,5,1.28,37.496408,126.955826,309,0,1,0,-57,-57.2,1647,18,1084,1,1,2.060,2.254,0.032,0.234,98,563
17:06:02,2.289,124393,124393,378,POWER_ON,0,0,0,0,-1,0,-1,1,37.496407,126.955826,0.010,0.0,0.005,1,0.0,"6.613,6.598,2.442","-0.137,4.389,-1.870","-45.150,87.300,-50.250",0,0.0,9.66,4.77,0.9066,19.74,1.497,0,13524,1132,5,1.28,37.496408,126.955826,309,0,1,0,-57,-57.2,1647,41,1084,1,1,2.060,2.254,0.032,0.234,121,563
17:06:02,2.290,124429,124429,378,POWER_ON,0,0,0,0,-1,0,-1,1,37.496407,126.955826,0.010,0.0,0.005,1,0.0,"6.627,6.632,2.394","4.550,2.992,0.198","-43.500,89.850,-50.400",0,0.0,9.68,5.45,0.9042,19.74,1.497,0,13527,1133,5,1.28,37.496408,126.955826,309,0,1,0,-57,-57.2,1647,77,1084,1,1,2.060,2.254,0.032,0.234,157,563
17:06:02,2.290,124452,124452,378,POWER_ON,0,0,0,0,-1,0,-1,1,37.496407,126.955826,0.010,0.0,0.005,1,0.0,"6.584,6.699,2.456","2.008,1.130,-2.015","-44.550,87.900,-50.400",0,0.0,9.71,3.06,0.9061,19.74,1.497,0,13530,1133,5,1.28,37.496408,126.955826,309,0,1,0,-58,-57.4,1648,2,1084,1,1,2.090,2.247,0.034,0.234,2,564
17:06:02,2.290,124475,124475,378,POWER_ON,0,0,0,0,-1,0,-1,1,37.496407,126.955826,0.010,0.0,0.005,1,0.0,"6.555,6.718,2.514","3.061,4.672,-2.298","-44.550,89.550,-49.950",0,0.0,9.72,6.04,0.9084,19.74,1.497,0,13533,1133,5,1.28,37.496408,126.955826,309,0,1,0,-56,-57.1,1649,10,1085,1,1,2.090,2.247,0.034,0.234,25,564
17:06:02,2.290,124498,124498,378,POWER_ON,0,0,0,0,-1,0,-1,1,37.496407,126.955826,0.010,0.0,0.005,1,0.0,"6.512,6.656,2.591","3.153,5.298,0.779","-45.750,89.850,-49.650",0,0.0,9.67,6.21,0.9124,19.74,1.497,0,13536,1133,5,1.28,37.496408,126.955826,309,0,1,0,-56,-57.1,1649,33,1085,1,1,2.090,2.247,0.034,0.234,48,564
17:06:02,2.291,124534,124534,378,POWER_ON,0,0,0,0,-1,0,-1,1,37.496407,126.955826,0.010,0.0,0.005,1,0.0,"6.345,6.622,2.495","0.985,-0.023,-0.954","-45.750,90.300,-49.950",0,0.0,9.50,1.37,0.9094,19.74,1.497,0,13539,1134,5,1.28,37.496408,126.955826,309,0,1,0,-56,-57.1,1649,69,1085,1,1,2.090,2.247,0.034,0.234,84,564
17:06:02,2.393,124557,124557,378,POWER_ON,0,0,0,0,-1,0,-1,1,37.496407,126.955826,0.010,0.0,0.005,1,0.0,"6.479,6.728,2.595","2.466,0.473,-0.878","-44.400,89.250,-50.550",0,0.0,9.69,2.66,0.9118,19.74,1.497,0,13542,1134,5,1.28,37.496408,126.955826,309,0,1,0,-56,-57.1,1649,92,1085,1,1,2.090,2.247,0.034,0.234,107,564
17:06:02,2.429,124580,124580,378,POWER_ON,0,0,0,0,-1,0,-1,1,37.496407,126.955826,0.016,0.0,0.026,1,0.0,"6.378,6.723,2.600","-2.053,0.214,-2.366","-46.200,89.700,-51.000",0,0.0,9.62,3.14,0.9123,19.74,1.497,0,13545,1134,5,1.28,37.496408,126.955826,310,0,1,0,-56,-56.9,1650,17,1086,1,1,2.090,2.247,0.034,0.234,130,564
17:06:02,2.429,124603,124603,378,POWER_ON,0,0,0,0,-1,0,-1,1,37.496407,126.955826,0.016,0.0,0.026,1,0.0,"6.450,6.469,2.576","-0.718,-2.290,-0.573","-42.900,88.200,-52.050",0,0.0,9.49,2.47,0.9144,19.74,1.497,0,13548,1134,5,1.28,37.496408,126.955826,310,0,1,0,-56,-56.9,1650,40,1086,1,1,2.090,2.247,0.034,0.234,153,564
17:06:02,2.430,124639,124639,378,POWER_ON,0,0,0,0,-1,0,-1,1,37.496407,126.955826,0.016,0.0,0.026,1,0.0,"6.412,6.637,2.638","-1.298,0.313,-1.137","-45.450,88.500,-48.750",0,0.0,9.60,1.75,0.9149,19.74,1.497,0,13551,1135,5,1.28,37.496408,126.955826,310,0,1,0,-56,-56.9,1650,76,1086,1,1,2.090,2.247,0.034,0.234,189,564
17:06:02,2.529,124662,124662,378,POWER_ON,0,0,0,0,-1,0,-1,1,37.496407,126.955826,0.016,0.0,0.026,1,0.0,"6.383,6.723,2.456","-0.153,-0.351,-0.176","-44.700,89.250,-50.550",0,0.0,9.59,0.42,0.9064,19.74,1.497,0,13554,1135,5,1.28,37.496408,126.955826,310,0,1,0,-55,-56.5,1651,13,1086,1,1,2.060,2.263,-0.001,0.234,13,565
17:06:02,2.566,124685,124685,378,POWER_ON,0,0,0,0,-1,0,-1,1,37.496407,126.955826,0.016,0.0,0.026,1,0.0,"6.503,6.608,2.447","-3.183,-1.527,-2.115","-46.500,90.300,-50.400",0,0.0,9.59,4.12,0.9071,19.74,1.497,0,13557,1135,5,1.28,37.496408,126.955826,310,0,1,0,-55,-56.2,1652,13,1087,1,1,2.060,2.263,-0.001,0.234,36,565
17:06:02,2.571,124708,124708,378,POWER_ON,0,0,0,0,-1,0,-1,1,37.496407,126.955826,0.016,0.0,0.026,1,0.0,"6.426,6.613,2.504","-1.229,-2.885,1.794","-44.550,90.600,-50.700",0,0.0,9.55,3.61,0.9097,19.74,1.497,0,13560,1135,5,1.28,37.496408,126.955826,310,0,1,0,-55,-56.2,1652,36,1087,1,1,2.060,2.263,-0.001,0.234,59,565
17:06:02,2.572,124767,124767,378,POWER_ON,0,0,0,0,-1,0,-1,1,37.496407,126.955826,0.014,0.0,0.010,1,0.0,"6.412,6.455,2.452","0.756,0.107,1.908","-46.050,89.850,-50.400",0,0.0,9.42,2.06,0.9095,19.74,1.497,0,13566,1136,5,1.28,37.496408,126.955826,311,0,1,0,-55,-56.2,1652,95,1087,1,1,2.060,2.263,-0.001,0.234,118,565
17:06:02,2.667,124790,124790,378,POWER_ON,0,0,0,0,-1,0,-1,1,37.496407,126.955826,0.014,0.0,0.010,1,0.0,"6.431,6.551,2.461","1.473,1.977,-1.809","-43.200,88.500,-49.800",0,0.0,9.50,3.06,0.9087,19.74,1.497,0,13569,1136,5,1.28,37.496408,126.955826,311,0,1,0,-56,-56.2,1653,17,1088,1,1,2.060,2.263,-0.001,0.234,141,565
17:06:03,2.786,124849,124848,378,POWER_ON,0,0,0,0,-1,0,-1,1,37.496407,126.955826,0.014,0.0,0.010,1,0.0,"6.460,6.570,2.576","0.779,-2.603,1.672","-45.150,89.700,-50.250",0,0.0,9.57,3.19,0.9131,19.74,1.497,0,13575,1137,5,1.28,37.496408,126.955826,311,0,1,0,-56,-56.2,1653,76,1088,1,1,2.060,2.263,-0.001,0.234,200,565
17:06:03,2.823,124918,124918,378,POWER_ON,0,0,0,0,-1,0,-1,1,37.496407,126.955826,0.014,0.0,0.010,1,0.0,"6.507,6.670,2.351","1.244,4.450,0.115","-45.150,89.700,-49.500",0,0.0,9.61,4.62,0.9023,19.74,1.497,0,13584,1137,5,1.28,37.496408,126.955826,311,0,1,0,-54,-54.9,1655,23,1089,1,1,2.030,2.274,-0.017,0.234,52,566
17:06:03,2.912,125000,125000,378,POWER_ON,0,0,0,0,-1,0,-1,1,37.496407,126.955826,0.014,0.0,0.015,1,0.0,"6.388,6.589,2.504","1.198,3.244,-0.718","-45.000,87.600,-50.700",0,0.0,9.51,3.53,0.9101,19.74,1.497,0,13593,1138,5,1.28,37.496408,126.955827,312,0,1,0,-54,-54.7,1656,23,1090,1,1,2.030,2.274,-0.017,0.234,134,566
17:06:03,2.945,125023,125023,378,POWER_ON,0,0,0,0,-1,0,-1,1,37.496407,126.955826,0.014,0.0,0.015,1,0.0,"6.551,6.709,2.600","-3.107,0.405,0.588","-45.150,87.750,-50.550",0,0.0,9.73,3.19,0.9120,19.74,1.497,0,13596,1138,5,1.28,37.496408,126.955827,312,0,1,0,-54,-54.7,1656,46,1090,1,1,2.030,2.274,-0.017,0.234,157,566
17:06:03,3.041,125058,125058,378,POWER_ON,0,0,0,0,-1,0,-1,1,37.496407,126.955826,0.014,0.0,0.015,1,0.0,"6.522,6.603,2.461","-3.466,-0.763,0.901","-45.750,88.650,-48.600",0,0.0,9.60,3.66,0.9077,19.74,1.497,0,13599,1139,5,1.28,37.496408,126.955827,312,0,1,0,-54,-54.6,1657,4,1090,1,1,2.060,2.281,-0.022,0.234,4,567
17:06:03,3.137,125104,125104,378,POWER_ON,0,0,0,0,-1,0,-1,1,37.496407,126.955826,0.014,0.0,0.015,1,0.0,"6.388,6.493,2.399","-2.321,-0.328,-0.046","-44.700,89.250,-50.550",0,0.0,9.42,2.34,0.9069,19.74,1.497,0,13605,1139,5,1.28,37.496408,126.955827,312,0,1,0,-53,-54.3,1658,24,1091,1,1,2.060,2.281,-0.022,0.234,50,567
17:06:03,3.162,125290,125290,378,POWER_ON,0,0,0,0,-1,0,-1,1,37.496407,126.955826,0.017,0.0,0.021,1,0.0,"6.737,6.642,2.605","-1.809,-2.130,-0.450","-44.400,88.500,-49.800",0,0.0,9.81,2.83,0.9123,19.74,1.497,0,13626,1141,5,1.28,37.496407,126.955827,313,0,1,0,-55,-54.2,1661,4,1093,1,1,2.010,2.286,-0.023,0.234,33,568
17:06:03,3.277,125336,125336,378,POWER_ON,0,0,0,0,-1,0,-1,1,37.496407,126.955826,0.017,0.0,0.021,1,0.0,"6.570,6.656,2.567","0.031,-3.565,0.962","-44.400,87.750,-49.800",0,0.0,9.70,3.69,0.9113,19.74,1.497,0,13632,1141,5,1.28,37.496407,126.955827,313,0,1,0,-55,-54.2,1661,50,1093,1,1,2.010,2.286,-0.023,0.234,79,568
17:06:03,3.411,125476,125476,378,POWER_ON,0,0,0,0,-1,0,-1,1,37.496407,126.955826,0.014,0.0,0.010,1,0.0,"6.388,6.704,2.423","-1.756,-0.458,0.038","-45.300,90.300,-51.150",0,0.0,9.57,1.81,0.9052,19.74,1.497,0,13647,1143,5,1.28,37.496407,126.955827,314,0,1,0,-53,-53.8,1663,19,1094,1,1,2.020,2.278,-0.004,0.234,19,569
17:06:03,3.443,125581,125581,378,POWER_ON,0,0,0,0,-1,0,-1,1,37.496407,126.955826,0.017,0.0,0.021,1,0.0,"6.498,6.656,2.610","-3.321,-3.099,1.015","-46.500,89.850,-50.400",0,0.0,9.66,4.65,0.9132,19.74,1.497,0,13659,1144,5,1.28,37.496407,126.955828,315,0,1,0,-53,-53.6,1664,89,1095,1,1,2.020,2.278,-0.004,0.234,124,569
17:06:03,3.528,125650,125650,378,POWER_ON,0,0,0,0,-1,0,-1,1,37.496407,126.955826,0.017,0.0,0.021,1,0.0,"6.618,6.541,2.638","-10.809,-9.412,-1.321","-45.000,87.900,-49.350",0,0.0,9.67,14.39,0.9153,19.74,1.497,0,13668,1144,5,1.28,37.496407,126.955828,315,0,1,0,-53,-53.5,1665,46,1096,1,1,2.020,2.278,-0.004,0.234,193,569
17:06:03,3.620,125753,125753,378,POWER_ON,0,0,0,0,-1,0,-1,1,37.496407,126.955826,0.017,0.0,0.021,1,0.0,"6.613,6.541,2.399","2.672,2.176,0.221","-44.550,89.850,-49.950",0,0.0,9.61,3.45,0.9055,19.74,1.497,0,13680,1145,5,1.28,37.496407,126.955828,315,0,1,0,-55,-53.8,1666,39,1097,1,1,2.020,2.278,-0.004,0.234,296,569
17:06:04,3.767,125915,125915,378,POWER_ON,0,0,0,0,-1,0,-1,1,37.496407,126.955826,0.016,0.0,0.015,1,0.0,"6.421,6.656,2.567","0.794,-1.740,-0.695","-44.250,89.550,-48.900",0,0.0,9.60,2.04,0.9117,19.74,1.497,0,13698,1147,5,1.28,37.496407,126.955828,316,0,1,0,-53,-53.5,1668,59,1098,1,1,2.060,2.274,0.002,0.234,59,570
17:06:04,3.826,125938,125938,378,POWER_ON,0,0,0,0,-1,0,-1,1,37.496407,126.955826,0.016,0.0,0.015,1,0.0,"6.330,6.761,2.658","-1.229,-1.954,-1.198","-45.000,89.550,-49.650",0,0.0,9.64,2.60,0.9142,19.74,1.497,0,13701,1147,5,1.28,37.496407,126.955828,316,0,1,0,-53,-53.4,1669,12,1099,1,1,2.060,2.274,0.002,0.234,82,570
17:06:04,3.826,125961,125961,378,POWER_ON,0,0,0,0,-1,0,-1,1,37.496407,126.955826,0.016,0.0,0.015,1,0.0,"6.488,6.460,2.591","-1.824,-2.908,-0.168","-44.550,87.900,-49.350",0,0.0,9.51,3.44,0.9149,19.74,1.497,0,13704,1147,5,1.28,37.496407,126.955828,316,0,1,0,-53,-53.4,1669,35,1099,1,1,2.060,2.274,0.002,0.234,105,570
17:06:04,3.826,125997,125997,378,POWER_ON,0,0,0,0,-1,0,-1,1,37.496407,126.955826,0.012,0.0,0.005,1,0.0,"6.440,6.594,2.538","-0.733,-3.634,0.221","-44.550,91.350,-49.350",0,0.0,9.56,3.71,0.9113,19.74,1.497,0,13707,1148,5,1.28,37.496406,126.955828,317,0,1,0,-53,-53.4,1669,71,1099,1,1,2.060,2.274,0.002,0.234,141,570
17:06:04,3.826,126043,126043,378,POWER_ON,0,0,0,0,-1,0,-1,1,37.496407,126.955826,0.012,0.0,0.005,1,0.0,"6.421,6.546,2.552","0.153,-1.496,1.214","-45.450,90.900,-50.250",0,0.0,9.52,1.93,0.9125,19.74,1.497,0,13713,1148,5,1.28,37.496406,126.955828,317,0,1,0,-54,-53.5,1670,22,1100,1,1,2.060,2.274,0.002,0.234,187,570
17:06:04,3.827,126066,126066,378,POWER_ON,0,0,0,0,-1,0,-1,1,37.496407,126.955826,0.012,0.0,0.005,1,0.0,"6.388,6.694,2.476","-0.397,1.038,-0.641","-44.700,90.000,-49.500",0,0.0,9.58,1.28,0.9076,19.74,1.497,0,13716,1148,5,1.28,37.496406,126.955828,317,0,1,0,-54,-53.5,1670,45,1100,1,1,2.060,2.274,0.002,0.234,210,570
17:06:04,3.926,126123,126123,378,POWER_ON,0,0,0,0,-1,0,-1,1,37.496407,126.955826,0.012,0.0,0.005,1,0.0,"6.493,6.651,2.591","-2.336,-1.550,-0.336","-45.150,89.250,-52.050",0,0.0,9.65,2.82,0.9125,19.74,1.497,0,13722,1149,5,1.28,37.496406,126.955828,317,0,1,0,-50,-52.8,1671,56,1100,1,1,2.070,2.274,0.001,0.234,56,571
17:06:04,3.973,126146,126146,378,POWER_ON,0,0,0,0,-1,0,-1,1,37.496407,126.955826,0.012,0.0,0.005,1,0.0,"6.460,6.608,2.500","-1.069,-1.153,-0.557","-44.700,87.750,-51.300",0,0.0,9.57,1.67,0.9095,19.74,1.497,0,13725,1149,5,1.28,37.496406,126.955828,317,0,1,0,-53,-52.9,1672,15,1101,1,1,2.070,2.274,0.001,0.234,79,571
17:06:04,3.973,126205,126205,378,POWER_ON,0,0,0,0,-1,0,-1,1,37.496407,126.955826,0.015,0.0,0.021,1,0.0,"6.335,6.699,2.442","0.122,-3.687,1.405","-46.050,91.050,-50.700",0,0.0,9.54,3.95,0.9062,19.74,1.497,0,13731,1150,5,1.28,37.496406,126.955828,318,0,1,0,-53,-52.9,1672,74,1101,1,1,2.070,2.274,0.001,0.234,138,571
17:06:04,4.141,126228,126228,378,POWER_ON,0,0,0,0,-1,0,-1,1,37.496407,126.955826,0.015,0.0,0.021,1,0.0,"6.407,6.656,2.691","-2.374,-4.962,-0.008","-46.050,87.600,-51.150",0,0.0,9.62,5.50,0.9168,19.74,1.497,0,13734,1150,5,1.28,37.496406,126.955828,318,0,1,0,-53,-52.9,1672,97,1101,1,1,2.070,2.274,0.001,0.234,161,571
17:06:04,4.205,126310,126310,378,POWER_ON,0,0,0,0,-1,0,-1,1,37.496407,126.955826,0.015,0.0,0.021,1,0.0,"6.675,6.618,2.389","-7.107,-4.824,0.244","-44.550,89.550,-51.150",0,0.0,9.70,8.59,0.9039,19.74,1.497,0,13743,1151,5,1.28,37.496406,126.955828,318,0,1,0,-53,-52.9,1674,61,1102,1,1,2.020,2.274,0.001,0.234,61,572
17:06:04,4.205,126333,126333,378,POWER_ON,0,0,0,0,-1,0,-1,1,37.496407,126.955826,0.015,0.0,0.021,1,0.0,"6.493,6.488,2.433","-5.137,-6.191,1.679","-45.150,89.250,-50.250",0,0.0,9.50,8.22,0.9080,19.74,1.497,0,13746,1151,5,1.28,37.496406,126.955828,318,0,1,0,-53,-52.9,1674,84,1102,1,1,2.020,2.274,0.001,0.234,84,572
17:06:04,4.206,126356,126356,378,POWER_ON,0,0,0,0,-1,0,-1,1,37.496407,126.955826,0.015,0.0,0.021,1,0.0,"6.531,6.594,2.466","-3.809,-4.435,-0.321","-44.550,88.350,-49.350",0,0.0,9.60,5.86,0.9080,19.74,1.497,0,13749,1151,5,1.28,37.496406,126.955828,318,0,1,0,-54,-53.1,1675,10,1103,1,1,2.020,2.274,0.001,0.234,107,572
17:06:04,4.206,126379,126379,378,POWER_ON,0,0,0,0,-1,0,-1,1,37.496407,126.955826,0.012,0.0,0.005,1,0.0,"6.771,6.488,2.624","-3.542,-6.412,1.733","-45.150,89.850,-50.400",0,0.0,9.74,7.53,0.9145,19.74,1.497,0,13752,1151,5,1.28,37.496406,126.955828,319,0,1,0,-54,-53.1,1675,33,1103,1,1,2.020,2.274,0.001,0.234,130,572
17:06:04,4.481,126438,126438,378,POWER_ON,0,0,0,0,-1,0,-1,1,37.496407,126.955826,0.012,0.0,0.005,1,0.0,"6.728,6.354,2.241","-3.931,-3.183,-0.748","-43.950,88.200,-50.550",0,0.0,9.52,5.11,0.9000,19.74,1.497,0,13758,1152,5,1.28,37.496406,126.955828,319,0,1,0,-54,-53.1,1675,92,1103,1,1,2.020,2.274,0.001,0.234,189,572
17:06:04,4.578,126748,126748,378,POWER_ON,0,0,0,0,-1,0,-1,1,37.496407,126.955826,0.017,0.0,0.026,1,0.0,"6.627,6.584,2.600","-4.130,-2.977,-0.588","-45.150,91.200,-49.500",0,0.0,9.70,5.12,0.9132,19.74,1.497,0,13793,1155,5,1.28,37.496406,126.955829,320,0,1,0,-53,-53.3,1679,98,1105,1,1,2.080,2.289,-0.019,0.234,98,574
17:06:04,4.701,126771,126771,378,POWER_ON,0,0,0,0,-1,0,-1,1,37.496407,126.955826,0.020,0.0,0.026,1,0.0,"6.603,6.483,2.576","-4.214,0.168,-0.710","-44.400,90.000,-48.000",0,0.0,9.61,4.28,0.9135,19.74,1.497,0,13796,1155,5,1.28,37.496405,126.955829,321,0,1,0,-52,-53.0,1680,3,1106,1,1,2.080,2.289,-0.019,0.234,121,574
17:06:05,4.745,126854,126854,378,POWER_ON,0,0,0,0,-1,0,-1,1,37.496407,126.955826,0.020,0.0,0.026,1,0.0,"6.618,6.560,2.423","2.046,2.725,1.053","-45.450,90.000,-48.300",0,0.0,9.63,3.57,0.9062,19.74,1.497,0,13805,1156,5,1.28,37.496405,126.955829,321,0,1,0,-52,-53.0,1680,86,1106,1,1,2.080,2.289,-0.019,0.234,204,574
17:06:05,4.846,126900,126900,378,POWER_ON,0,0,0,0,-1,0,-1,1,37.496407,126.955826,0.020,0.0,0.026,1,0.0,"6.416,6.584,2.557","-0.198,1.427,-1.786","-45.300,90.600,-49.650",0,0.0,9.54,2.30,0.9123,19.74,1.497,0,13811,1156,5,1.28,37.496405,126.955829,321,0,1,0,-53,-53.0,1682,12,1107,1,1,2.010,2.295,-0.021,0.234,40,575
17:06:05,4.882,126982,126982,378,POWER_ON,0,0,0,0,-1,0,-1,1,37.496407,126.955826,0.024,0.0,0.031,1,0.0,"6.522,6.402,2.423","-0.053,-1.847,-0.443","-46.050,90.600,-49.650",0,0.0,9.45,1.90,0.9084,19.74,1.497,0,13820,1157,5,1.28,37.496405,126.955829,322,0,1,0,-53,-53.0,1683,1,1108,1,1,2.010,2.295,-0.021,0.234,122,575
17:06:05,4.974,127041,127041,378,POWER_ON,0,0,0,0,-1,0,-1,1,37.496407,126.955826,0.024,0.0,0.031,1,0.0,"6.565,6.460,2.437","-3.519,-2.214,-2.153","-43.800,90.600,-49.950",0,0.0,9.53,4.68,0.9082,19.74,1.497,0,13826,1158,5,1.28,37.496405,126.955829,322,0,1,0,-53,-53.0,1683,60,1108,1,1,2.010,2.295,-0.021,0.234,181,575
17:06:05,5.011,127146,127146,378,POWER_ON,0,0,0,0,-1,0,-1,1,37.496407,126.955826,0.024,0.0,0.031,1,0.0,"6.455,6.560,2.485","2.305,-0.023,-0.878","-45.300,89.850,-49.650",0,0.0,9.53,2.47,0.9095,19.74,1.497,0,13838,1159,5,1.28,37.496405,126.955829,322,0,1,0,-53,-53.0,1685,60,1109,1,1,2.050,2.291,-0.009,0.234,95,576
17:06:05,5.011,127192,127192,378,POWER_ON,0,0,0,0,-1,0,-1,1,37.496407,126.955826,0.026,0.0,0.031,1,0.0,"6.560,6.440,2.500","0.779,-0.092,-1.084","-44.700,89.250,-49.800",0,0.0,9.53,1.34,0.9111,19.74,1.497,0,13844,1159,5,1.28,37.496405,126.955829,323,0,1,0,-53,-53.0,1685,106,1109,1,1,2.050,2.291,-0.009,0.234,141,576
17:06:05,5.108,127215,127215,378,POWER_ON,0,0,0,0,-1,0,-1,1,37.496407,126.955826,0.026,0.0,0.031,1,0.0,"6.598,6.488,2.567","-0.771,-3.748,2.031","-43.500,90.600,-49.950",0,0.0,9.60,4.33,0.9131,19.74,1.497,0,13847,1159,5,1.28,37.496405,126.955829,323,0,1,0,-53,-53.0,1686,19,1110,1,1,2.050,2.291,-0.009,0.234,164,576
17:06:05,5.144,127250,127250,378,POWER_ON,0,0,0,0,-1,0,-1,1,37.496407,126.955826,0.026,0.0,0.031,1,0.0,"6.517,6.488,2.504","-2.313,-3.969,0.840","-45.300,89.850,-51.150",0,0.0,9.53,4.67,0.9109,19.74,1.497,0,13850,1160,5,1.28,37.496405,126.955829,323,0,1,0,-54,-53.2,1687,6,1110,1,1,2.050,2.289,-0.003,0.234,6,577
17:06:05,5.230,127273,127273,378,POWER_ON,0,0,0,0,-1,0,-1,1,37.496407,126.955826,0.026,0.0,0.031,1,0.0,"6.541,6.531,2.519","-4.214,-3.382,1.435","-44.550,89.550,-49.350",0,0.0,9.58,5.59,0.9109,19.74,1.497,0,13853,1160,5,1.28,37.496405,126.955829,323,0,1,0,-54,-53.2,1687,29,1110,1,1,2.050,2.289,-0.003,0.234,29,577
17:06:05,5.262,127296,127296,378,POWER_ON,0,0,0,0,-1,0,-1,1,37.496407,126.955826,0.026,0.0,0.031,1,0.0,"6.560,6.421,2.413","-2.588,-0.786,0.550","-43.200,90.000,-48.000",0,0.0,9.49,2.76,0.9076,19.74,1.497,0,13856,1160,5,1.28,37.496405,126.955829,323,0,1,0,-54,-53.2,1687,52,1110,1,1,2.050,2.289,-0.003,0.234,52,577
17:06:05,5.262,127319,127319,378,POWER_ON,0,0,0,0,-1,0,-1,1,37.496407,126.955826,0.026,0.0,0.031,1,0.0,"6.665,6.407,2.471","-3.137,0.321,2.298","-43.950,89.250,-49.800",0,0.0,9.57,3.90,0.9097,19.74,1.497,0,13859,1160,5,1.28,37.496405,126.955829,323,0,1,0,-53,-53.2,1688,15,1111,1,1,2.050,2.289,-0.003,0.234,75,577
17:06:05,5.263,127378,127378,378,POWER_ON,0,0,0,0,-1,0,-1,1,37.496407,126.955826,0.024,0.0,0.021,1,0.0,"6.680,6.364,2.576","-2.221,-1.244,1.595","-44.400,89.250,-51.600",0,0.0,9.58,3.00,0.9144,19.74,1.497,0,13865,1161,5,1.28,37.496404,126.955829,324,0,1,0,-53,-53.2,1688,74,1111,1,1,2.050,2.289,-0.003,0.234,134,577
17:06:05,5.263,127401,127401,378,POWER_ON,0,0,0,0,-1,0,-1,1,37.496407,126.955826,0.024,0.0,0.021,1,0.0,"6.627,6.546,2.500","-1.038,-1.038,1.031","-43.500,87.600,-50.400",0,0.0,9.64,1.79,0.9096,19.74,1.497,0,13868,1161,5,1.28,37.496404,126.955829,324,0,1,0,-53,-53.2,1688,97,1111,1,1,2.050,2.289,-0.003,0.234,157,577
17:06:05,5.358,127459,127459,378,POWER_ON,0,0,0,0,-1,0,-1,1,37.496407,126.955826,0.024,0.0,0.021,1,0.0,"6.651,6.622,2.394","-1.634,-2.878,0.802","-46.200,89.250,-49.800",0,0.0,9.69,3.40,0.9042,19.74,1.497,0,13874,1162,5,1.28,37.496404,126.955829,324,0,1,0,-54,-53.3,1689,53,1112,1,1,2.050,2.289,-0.003,0.234,215,577
17:06:05,5.395,127505,127505,378,POWER_ON,0,0,0,0,-1,0,-1,1,37.496407,126.955826,0.024,0.0,0.021,1,0.0,"6.531,6.393,2.490","-0.511,-1.321,0.076","-44.250,88.350,-49.950",0,0.0,9.47,1.42,0.9113,19.74,1.497,0,13880,1162,5,1.28,37.496404,126.955829,324,0,1,0,-54,-53.5,1690,5,1113,1,1,2.050,2.289,-0.003,0.234,261,577
17:06:05,5.395,127564,127564,378,POWER_ON,0,0,0,0,-1,0,-1,1,37.496403,126.955826,0.027,0.0,0.031,1,0.0,"6.594,6.479,2.552","1.344,-1.313,2.160","-45.000,90.300,-48.600",0,0.0,9.59,2.86,0.9126,19.74,1.497,0,13886,1163,5,1.28,37.496404,126.955830,325,0,1,0,-54,-53.5,1690,64,1113,1,1,2.050,2.289,-0.003,0.234,320,577
17:06:05,5.480,127587,127587,378,POWER_ON,0,0,0,0,-1,0,-1,1,37.496403,126.955826,0.027,0.0,0.031,1,0.0,"6.661,6.464,2.514","-1.389,-0.321,-0.740","-43.800,89.100,-48.600",0,0.0,9.62,1.61,0.9109,19.74,1.497,0,13889,1163,5,1.28,37.496404,126.955830,325,0,1,0,-54,-53.5,1690,87,1113,1,1,2.050,2.289,-0.003,0.234,343,577
17:06:05,5.512,127633,127633,378,POWER_ON,0,0,0,0,-1,0,-1,1,37.496403,126.955826,0.027,0.0,0.031,1,0.0,"6.651,6.498,2.461","-1.931,-0.092,0.168","-44.400,89.250,-48.750",0,0.0,9.62,1.94,0.9084,19.74,1.497,0,13895,1163,5,1.28,37.496404,126.955830,325,0,1,0,-55,-53.8,1691,23,1114,1,1,2.050,2.289,-0.003,0.234,389,577
17:06:05,5.513,127668,127668,378,POWER_ON,0,0,0,0,-1,0,-1,1,37.496403,126.955826,0.027,0.0,0.031,1,0.0,"6.551,6.560,2.485","0.763,-1.191,-0.443","-44.400,88.950,-48.750",0,0.0,9.60,1.48,0.9091,19.74,1.497,0,13898,1164,5,1.28,37.496404,126.955830,325,0,1,0,-53,-53.6,1692,20,1114,1,1,2.020,2.283,0.007,0.234,20,578
17:06:05,5.607,127691,127691,378,POWER_ON,0,0,0,0,-1,0,-1,1,37.496403,126.955826,0.027,0.0,0.031,1,0.0,"6.670,6.469,2.591","-1.855,0.496,1.099","-43.950,91.200,-49.800",0,0.0,9.65,2.21,0.9139,19.74,1.497,0,13901,1164,5,1.28,37.496404,126.955830,325,0,1,0,-53,-53.6,1692,43,1114,1,1,2.020,2.283,0.007,0.234,43,578
17:06:06,5.909,127773,127773,378,POWER_ON,0,0,0,0,-1,0,-1,1,37.496403,126.955833,0.030,0.0,0.036,1,0.0,"6.632,6.627,2.519","1.779,1.771,-0.641","-44.400,87.750,-48.300",0,0.0,9.71,2.59,0.9094,19.74,1.497,0,13910,1165,5,1.28,37.496404,126.955830,326,0,1,0,-53,-53.5,1693,68,1115,1,1,2.020,2.283,0.007,0.234,125,578
17:06:06,6.318,128133,128133,378,POWER_ON,0,0,0,0,-1,0,-1,1,37.496403,126.955833,0.027,0.0,0.021,1,0.0,"6.589,6.287,2.557","-1.969,-1.366,-0.481","-45.300,90.300,-48.600",0,0.0,9.46,2.44,0.9149,19.74,1.497,0,13952,1168,5,1.28,37.496404,126.955830,327,0,1,0,-55,-54.1,1698,85,1118,1,1,2.040,2.280,0.007,0.234,85,580
17:06:06,6.405,128261,128261,378,POWER_ON,0,0,0,0,-1,0,-1,1,37.496403,126.955833,0.028,0.0,0.031,1,0.0,"6.373,6.665,2.500","0.435,-0.519,0.824","-44.250,89.550,-48.900",0,0.0,9.55,1.07,0.9090,19.74,1.497,0,13967,1169,5,1.28,37.496403,126.955830,328,0,1,0,-54,-54.1,1700,8,1119,1,1,2.010,2.278,0.008,0.234,8,581
17:06:06,6.405,128319,128319,378,POWER_ON,0,0,0,0,-1,0,-1,1,37.496403,126.955833,0.028,0.0,0.031,1,0.0,"6.436,6.642,2.576","-3.321,-6.130,1.962","-45.300,89.550,-51.150",0,0.0,9.60,7.24,0.9123,19.74,1.497,0,13973,1170,5,1.28,37.496403,126.955830,328,0,1,0,-54,-54.1,1700,66,1119,1,1,2.010,2.278,0.008,0.234,66,581
17:06:06,6.406,128342,128342,378,POWER_ON,0,0,0,0,-1,0,-1,1,37.496403,126.955833,0.028,0.0,0.031,1,0.0,"6.325,6.536,2.600","-2.534,-5.802,0.870","-43.950,90.000,-49.800",0,0.0,9.46,6.39,0.9149,19.74,1.497,0,13976,1170,5,1.28,37.496403,126.955830,328,0,1,0,-54,-54.1,1701,10,1120,1,1,2.010,2.278,0.008,0.234,89,581
17:06:06,6.406,128365,128365,378,POWER_ON,0,0,0,0,-1,0,-1,1,37.496403,126.955833,0.022,0.0,0.010,1,0.0,"6.680,6.483,2.576","-4.023,-4.229,1.908","-43.500,89.550,-51.150",0,0.0,9.66,6.14,0.9131,19.74,1.497,0,13979,1170,5,1.28,37.496403,126.955831,329,0,1,0,-54,-54.1,1701,33,1120,1,1,2.010,2.278,0.008,0.234,112,581
17:06:06,6.406,128425,128425,378,POWER_ON,0,0,0,0,-1,0,-1,1,37.496403,126.955833,0.022,0.0,0.010,1,0.0,"6.646,6.436,2.442","-4.244,-5.489,-1.214","-44.700,90.450,-49.800",0,0.0,9.57,7.04,0.9083,19.74,1.497,0,13985,1171,5,1.28,37.496403,126.955831,329,0,1,0,-54,-54.1,1701,93,1120,1,1,2.010,2.278,0.008,0.234,172,581
17:06:06,6.406,128472,128472,378,POWER_ON,0,0,0,0,-1,0,-1,1,37.496403,126.955833,0.022,0.0,0.010,1,0.0,"6.646,6.316,2.514","-3.458,-4.298,0.359","-44.250,90.300,-49.650",0,0.0,9.51,5.53,0.9125,19.74,1.497,0,13991,1171,5,1.28,37.496403,126.955831,329,0,1,0,-55,-54.2,1703,20,1121,1,1,2.030,2.273,0.013,0.234,20,582
17:06:06,6.407,128507,128507,378,POWER_ON,0,0,0,0,-1,0,-1,1,37.496403,126.955833,0.022,0.0,0.010,1,0.0,"6.685,6.488,2.404","0.084,-1.389,3.435","-43.950,90.450,-50.250",0,0.0,9.62,3.71,0.9059,19.74,1.497,0,13994,1172,5,1.28,37.496403,126.955831,329,0,1,0,-55,-54.2,1703,55,1121,1,1,2.030,2.273,0.013,0.234,55,582
17:06:06,6.526,128531,128531,378,POWER_ON,0,0,0,0,-1,0,-1,1,37.496403,126.955833,0.022,0.0,0.010,1,0.0,"6.651,6.354,2.466","-1.725,-0.061,0.733","-45.000,89.550,-48.150",0,0.0,9.52,1.88,0.9101,19.74,1.497,0,13997,1172,5,1.28,37.496403,126.955831,329,0,1,0,-55,-54.2,1703,79,1121,1,1,2.030,2.273,0.013,0.234,79,582
17:06:06,6.658,128660,128660,378,POWER_ON,0,0,0,0,-1,0,-1,1,37.496403,126.955833,0.018,0.0,0.010,1,0.0,"6.498,6.546,2.500","2.183,-1.053,0.298","-44.400,90.450,-50.550",0,0.0,9.56,2.44,0.9101,19.74,1.497,0,14012,1173,5,1.28,37.496403,126.955831,330,0,1,0,-54,-54.1,1706,10,1123,1,1,2.000,2.270,0.014,0.234,11,583
17:06:06,6.694,128824,128824,378,POWER_ON,0,0,0,0,-1,0,-1,1,37.496403,126.955833,0.017,0.0,0.015,1,0.0,"6.694,6.517,2.595","0.573,-1.962,2.130","-45.750,89.850,-49.350",0,0.0,9.70,2.95,0.9135,19.74,1.497,0,14030,1175,5,1.28,37.496402,126.955831,331,0,1,0,-54,-54.1,1707,65,1124,1,1,2.000,2.270,0.014,0.234,175,583
17:06:06,6.695,128870,128870,378,POWER_ON,0,0,0,0,-1,0,-1,1,37.496403,126.955833,0.017,0.0,0.015,1,0.0,"6.536,6.426,2.500","-0.473,-0.740,0.198","-45.450,90.900,-49.500",0,0.0,9.50,0.90,0.9113,19.74,1.497,0,14036,1175,5,1.28,37.496402,126.955831,331,0,1,0,-53,-53.9,1709,6,1125,1,1,1.980,2.261,0.023,0.234,16,584
17:06:07,6.794,128893,128893,378,POWER_ON,0,0,0,0,-1,0,-1,1,37.496403,126.955833,0.017,0.0,0.015,1,0.0,"6.608,6.570,2.485","-0.214,0.664,-0.473","-45.000,89.850,-49.650",0,0.0,9.64,0.84,0.9088,19.74,1.497,0,14039,1175,5,1.28,37.496402,126.955831,331,0,1,0,-53,-53.9,1709,29,1125,1,1,1.980,2.261,0.023,0.234,39,584
17:06:07,6.831,128929,128929,378,POWER_ON,0,0,0,0,-1,0,-1,1,37.496403,126.955833,0.017,0.0,0.015,1,0.0,"6.603,6.565,2.672","-2.137,-0.427,-0.473","-45.450,90.900,-49.500",0,0.0,9.69,2.23,0.9164,19.74,1.497,0,14042,1176,5,1.28,37.496402,126.955831,331,0,1,0,-53,-53.9,1709,65,1125,1,1,1.980,2.261,0.023,0.234,75,584
17:06:07,6.997,128975,128975,378,POWER_ON,0,0,0,0,-1,0,-1,1,37.496403,126.955833,0.018,0.0,0.021,1,0.0,"6.785,6.359,2.509","-2.305,0.252,0.344","-44.250,90.300,-49.950",0,0.0,9.63,2.34,0.9111,19.74,1.497,0,14048,1176,5,1.28,37.496402,126.955831,332,0,1,0,-53,-53.9,1709,111,1125,1,1,1.980,2.261,0.023,0.234,121,584
17:06:07,7.122,129162,129162,378,POWER_ON,0,0,0,0,-1,0,-1,1,37.496403,126.955833,0.018,0.0,0.021,1,0.0,"6.603,6.479,2.533","-2.916,-1.473,0.504","-43.950,91.200,-49.500",0,0.0,9.59,3.31,0.9118,19.74,1.497,0,14069,1178,5,1.28,37.496402,126.955831,332,0,1,0,-55,-54.4,1712,82,1127,1,1,2.010,2.255,0.025,0.234,109,585
17:06:07,7.497,129372,129372,378,POWER_ON,0,0,0,0,-1,0,-1,1,37.496403,126.955833,0.017,0.0,0.015,1,0.0,"6.637,6.436,2.576","-1.580,-2.992,-1.573","-44.700,91.950,-48.750",0,0.0,9.60,3.73,0.9139,19.74,1.497,0,14093,1180,5,1.28,37.496401,126.955832,334,0,1,0,-53,-53.9,1715,85,1129,1,1,2.010,2.251,0.023,0.234,124,586
17:06:07,7.624,129605,129605,378,POWER_ON,0,0,0,0,-1,0,-1,1,37.496403,126.955833,0.016,0.0,0.015,1,0.0,"6.551,6.488,2.490","1.359,-1.198,0.305","-44.250,89.850,-49.650",0,0.0,9.55,1.84,0.9102,19.74,1.497,0,14120,1182,5,1.28,37.496401,126.955832,335,0,1,0,-53,-53.5,1719,4,1132,1,1,2.010,2.249,0.020,0.234,150,587
17:06:07,7.624,129628,129628,378,POWER_ON,0,0,0,0,-1,0,-1,1,37.496403,126.955833,0.016,0.0,0.015,1,0.0,"6.680,6.483,2.519","-0.573,-0.237,-0.794","-43.950,90.900,-48.750",0,0.0,9.64,1.01,0.9108,19.74,1.497,0,14123,1182,5,1.28,37.496401,126.955832,335,0,1,0,-53,-53.5,1719,27,1132,1,1,2.010,2.249,0.020,0.234,173,587
17:06:07,7.624,129663,129663,378,POWER_ON,0,0,0,0,-1,0,-1,1,37.496403,126.955833,0.016,0.0,0.015,1,0.0,"6.637,6.498,2.433","-0.527,-1.947,-0.695","-44.700,90.000,-49.050",0,0.0,9.60,2.13,0.9072,19.74,1.497,0,14126,1183,5,1.28,37.496401,126.955832,335,0,1,0,-53,-53.4,1720,4,1132,1,1,2.000,2.247,0.016,0.234,4,588
17:06:07,7.624,129686,129686,378,POWER_ON,0,0,0,0,-1,0,-1,1,37.496403,126.955833,0.016,0.0,0.015,1,0.0,"6.613,6.431,2.605","2.687,1.198,-0.053","-43.800,89.700,-50.550",0,0.0,9.58,2.94,0.9152,19.74,1.497,0,14129,1183,5,1.28,37.496401,126.955832,335,0,1,0,-53,-53.4,1720,27,1132,1,1,2.000,2.247,0.016,0.234,27,588
17:06:08,7.745,129709,129709,378,POWER_ON,0,0,0,0,-1,0,-1,1,37.496403,126.955833,0.016,0.0,0.015,1,0.0,"6.680,6.397,2.370","0.412,0.443,0.763","-43.800,89.550,-49.350",0,0.0,9.55,0.97,0.9055,19.74,1.497,0,14132,1183,5,1.28,37.496401,126.955832,335,0,1,0,-53,-53.3,1721,10,1133,1,1,2.000,2.247,0.016,0.234,50,588
17:06:08,7.790,129768,129768,378,POWER_ON,0,0,0,0,-1,0,-1,1,37.496403,126.955833,0.011,0.0,0.000,1,0.0,"6.579,6.483,2.471","-0.183,-1.382,0.847","-44.700,88.950,-48.300",0,0.0,9.56,1.63,0.9093,19.74,1.497,0,14138,1184,5,1.28,37.496401,126.955832,336,0,1,0,-53,-53.3,1721,69,1133,1,1,2.000,2.247,0.016,0.234,109,588
17:06:08,7.790,129791,129791,378,POWER_ON,0,0,0,0,-1,0,-1,1,37.496403,126.955833,0.011,0.0,0.000,1,0.0,"6.598,6.527,2.557","-1.000,-0.565,0.840","-45.000,88.650,-49.650",0,0.0,9.63,1.42,0.9123,19.74,1.497,0,14141,1184,5,1.28,37.496401,126.955832,336,0,1,0,-53,-53.3,1721,92,1133,1,1,2.000,2.247,0.016,0.234,132,588
17:06:08,7.790,129873,129873,378,POWER_ON,0,0,0,0,-1,0,-1,1,37.496403,126.955833,0.011,0.0,0.000,1,0.0,"6.613,6.603,2.447","-0.916,-3.046,3.252","-43.050,89.100,-49.350",0,0.0,9.66,4.55,0.9068,19.74,1.497,0,14150,1185,5,1.28,37.496401,126.955832,336,0,1,0,-54,-53.6,1723,23,1134,1,1,2.000,2.246,0.013,0.234,22,589
17:06:08,7.791,129896,129896,378,POWER_ON,0,0,0,0,-1,0,-1,1,37.496403,126.955833,0.011,0.0,0.000,1,0.0,"6.493,6.431,2.562","-2.779,-1.733,-0.649","-43.500,89.550,-49.350",0,0.0,9.49,3.34,0.9140,19.74,1.497,0,14153,1185,5,1.28,37.496401,126.955832,336,0,1,0,-54,-53.6,1723,46,1134,1,1,2.000,2.246,0.013,0.234,45,589
17:06:08,7.896,129919,129919,378,POWER_ON,0,0,0,0,-1,0,-1,1,37.496403,126.955833,0.011,0.0,0.000,1,0.0,"6.541,6.393,2.389","-0.656,-4.122,2.107","-44.250,90.300,-49.350",0,0.0,9.45,4.68,0.9070,19.74,1.497,0,14156,1185,5,1.28,37.496401,126.955832,336,0,1,0,-52,-53.2,1724,7,1135,1,1,2.000,2.246,0.013,0.234,68,589
17:06:08,7.944,129942,129942,378,POWER_ON,0,0,0,0,-1,0,-1,1,37.496403,126.955833,0.011,0.0,0.000,1,0.0,"6.551,6.503,2.547","-2.053,0.267,2.237","-45.000,88.650,-49.350",0,0.0,9.58,3.05,0.9124,19.74,1.497,0,14159,1185,5,1.28,37.496401,126.955832,336,0,1,0,-52,-53.2,1724,30,1135,1,1,2.000,2.246,0.013,0.234,91,589
17:06:08,7.945,129978,129978,378,POWER_ON,0,0,0,0,-1,0,-1,1,37.496399,126.955833,0.014,0.0,0.021,1,0.0,"6.637,6.436,2.543","0.748,-2.588,4.023","-45.150,88.950,-49.050",0,0.0,9.59,4.84,0.9125,19.74,1.497,0,14162,1186,5,1.28,37.496400,126.955832,337,0,1,0,-52,-53.2,1724,66,1135,1,1,2.000,2.246,0.013,0.234,127,589
17:06:08,7.945,130024,130024,378,POWER_ON,0,0,0,0,-1,0,-1,1,37.496399,126.955833,0.014,0.0,0.021,1,0.0,"6.742,6.522,2.519","0.947,-2.321,0.237","-44.250,89.100,-50.700",0,0.0,9.71,2.52,0.9101,19.74,1.497,0,14168,1186,5,1.28,37.496400,126.955832,337,0,1,0,-52,-53.2,1724,112,1135,1,1,2.000,2.246,0.013,0.234,173,589
17:06:08,8.276,130047,130047,378,POWER_ON,0,0,0,0,-1,0,-1,1,37.496399,126.955833,0.014,0.0,0.021,1,0.0,"6.598,6.560,2.485","-2.618,-2.038,-1.992","-43.650,89.700,-48.300",0,0.0,9.63,3.87,0.9089,19.74,1.497,0,14171,1186,5,1.28,37.496400,126.955832,337,0,1,0,-54,-53.4,1725,16,1136,1,1,2.000,2.246,0.013,0.234,196,589
17:06:08,8.412,130339,130339,378,POWER_ON,0,0,0,0,-1,0,-1,1,37.496399,126.955833,0.015,0.0,0.015,1,0.0,"6.613,6.402,2.500","-1.031,0.771,-1.130","-46.200,88.950,-50.250",0,0.0,9.54,1.71,0.9112,19.74,1.497,0,14204,1189,5,1.28,37.496400,126.955832,338,0,1,0,-55,-53.9,1728,11,1138,1,1,2.040,2.246,0.010,0.234,285,590
17:06:08,8.552,130393,130393,378,POWER_ON,0,0,0,0,-1,0,-1,1,37.496399,126.955833,0.015,0.0,0.015,1,0.0,"6.551,6.598,2.495","2.137,-0.802,-1.702","-44.400,88.950,-50.550",0,0.0,9.63,2.85,0.9091,19.74,1.497,0,14209,1190,5,1.28,37.496399,126.955833,339,0,1,0,-55,-53.9,1728,65,1138,1,1,2.040,2.246,0.010,0.234,339,590
17:06:08,8.606,130439,130439,378,POWER_ON,0,0,0,0,-1,0,-1,1,37.496399,126.955833,0.015,0.0,0.015,1,0.0,"6.704,6.345,2.461","0.099,-0.046,-1.550","-43.650,90.000,-48.750",0,0.0,9.55,1.55,0.9097,19.74,1.497,0,14215,1190,5,1.28,37.496399,126.955833,339,0,1,0,-55,-54.1,1729,4,1139,1,1,2.040,2.246,0.010,0.234,385,590
17:06:08,8.606,130497,130497,378,POWER_ON,0,0,0,0,-1,0,-1,1,37.496399,126.955833,0.015,0.0,0.015,1,0.0,"6.551,6.551,2.581","1.832,-0.588,0.237","-45.150,89.700,-51.000",0,0.0,9.62,1.94,0.9132,19.74,1.497,0,14221,1191,5,1.28,37.496399,126.955833,339,0,1,0,-54,-54.1,1730,47,1139,1,1,2.020,2.248,0.001,0.234,47,591
17:06:08,8.606,130520,130520,378,POWER_ON,0,0,0,0,-1,0,-1,1,37.496399,126.955833,0.015,0.0,0.015,1,0.0,"6.469,6.642,2.519","-1.374,-1.061,0.076","-43.950,89.250,-49.800",0,0.0,9.61,1.74,0.9098,19.74,1.497,0,14224,1191,5,1.28,37.496399,126.955833,339,0,1,0,-54,-54.1,1730,70,1139,1,1,2.020,2.248,0.001,0.234,70,591
17:06:08,8.606,130543,130543,378,POWER_ON,0,0,0,0,-1,0,-1,1,37.496399,126.955833,0.015,0.0,0.015,1,0.0,"6.613,6.531,2.452","-2.802,2.359,1.168","-42.900,90.900,-49.500",0,0.0,9.61,3.84,0.9078,19.74,1.497,0,14227,1191,5,1.28,37.496399,126.955833,339,0,1,0,-54,-54.1,1731,3,1140,1,1,2.020,2.248,0.001,0.234,93,591
17:06:08,8.607,130648,130648,378,POWER_ON,0,0,0,0,-1,0,-1,1,37.496399,126.955833,0.015,0.0,0.015,1,0.0,"6.718,6.369,2.523","-4.176,-2.771,0.000","-45.450,89.250,-49.050",0,0.0,9.59,5.01,0.9120,19.74,1.497,0,14239,1192,5,1.28,37.496399,126.955833,340,0,1,0,-54,-54.1,1731,108,1140,1,1,2.020,2.248,0.001,0.234,198,591
17:06:08,8.607,130671,130671,378,POWER_ON,0,0,0,0,-1,0,-1,1,37.496399,126.955833,0.015,0.0,0.015,1,0.0,"6.833,6.369,2.547","-5.137,-3.206,1.771","-45.450,88.500,-49.800",0,0.0,9.68,6.31,0.9122,19.74,1.497,0,14242,1192,5,1.28,37.496399,126.955833,340,0,1,0,-53,-53.9,1732,22,1141,1,1,2.020,2.248,0.001,0.234,221,591
17:06:09,8.714,130707,130707,378,POWER_ON,0,0,0,0,-1,0,-1,1,37.496399,126.955833,0.015,0.0,0.015,1,0.0,"6.737,6.416,2.370","-1.916,-1.878,-0.573","-43.050,89.850,-50.400",0,0.0,9.60,2.74,0.9049,19.74,1.497,0,14245,1193,5,1.28,37.496399,126.955833,340,0,1,0,-54,-53.9,1733,30,1141,1,1,2.070,2.254,-0.007,0.234,30,592
17:06:09,8.755,130730,130730,378,POWER_ON,0,0,0,0,-1,0,-1,1,37.496399,126.955833,0.015,0.0,0.015,1,0.0,"6.709,6.416,2.404","-3.046,0.489,2.344","-45.000,90.300,-50.700",0,0.0,9.59,3.87,0.9065,19.74,1.497,0,14248,1193,5,1.28,37.496399,126.955833,340,0,1,0,-54,-53.9,1733,53,1141,1,1,2.070,2.254,-0.007,0.234,53,592
17:06:09,8.848,130812,130812,378,POWER_ON,0,0,0,0,-1,0,-1,1,37.496399,126.955833,0.028,0.0,0.051,1,0.0,"6.747,6.479,2.586","-2.023,4.450,-1.855","-46.200,91.200,-48.300",0,0.0,9.70,5.23,0.9132,19.74,1.497,0,14257,1194,5,1.28,37.496399,126.955833,341,0,1,0,-53,-53.7,1734,67,1142,1,1,2.070,2.254,-0.007,0.234,135,592
17:06:09,9.059,130858,130858,378,POWER_ON,0,0,0,0,-1,0,-1,1,37.496399,126.955833,0.028,0.0,0.051,1,0.0,"6.589,6.464,2.504","0.107,-3.328,0.038","-43.800,91.050,-50.400",0,0.0,9.56,3.33,0.9108,19.74,1.497,0,14263,1194,5,1.28,37.496399,126.955833,341,0,1,0,-56,-54.4,1736,5,1143,1,1,2.010,2.258,-0.011,0.234,6,593
17:06:09,9.228,131127,131127,378,POWER_ON,0,0,0,0,-1,0,-1,1,37.496399,126.955833,0.023,0.0,0.015,1,0.0,"6.517,6.431,2.519","-0.939,-0.962,1.183","-45.150,89.700,-48.300",0,0.0,9.50,1.79,0.9122,19.74,1.497,0,14293,1197,5,1.28,37.496398,126.955833,342,0,1,0,-54,-54.1,1739,65,1145,1,1,2.020,2.256,-0.006,0.234,67,594
17:06:09,9.263,131196,131196,378,POWER_ON,0,0,0,0,-1,0,-1,1,37.496399,126.955833,0.028,0.0,0.036,1,0.0,"6.579,6.498,2.547","0.153,-2.870,0.534","-45.900,90.000,-49.500",0,0.0,9.59,2.92,0.9123,19.74,1.497,0,14302,1197,5,1.28,37.496398,126.955833,343,0,1,0,-54,-54.1,1740,30,1146,1,1,2.020,2.256,-0.006,0.234,136,594
17:06:09,9.373,131278,131278,378,POWER_ON,0,0,0,0,-1,0,-1,1,37.496399,126.955833,0.028,0.0,0.036,1,0.0,"6.723,6.436,2.504","0.908,-2.084,2.359","-43.200,89.700,-48.300",0,0.0,9.64,3.28,0.9105,19.74,1.497,0,14311,1198,5,1.28,37.496398,126.955833,343,0,1,0,-54,-54.0,1741,1,1146,1,1,2.010,2.256,-0.003,0.234,1,595
17:06:09,9.480,131507,131507,378,POWER_ON,0,0,0,0,-1,0,-1,1,37.496399,126.955833,0.024,0.0,0.015,1,0.0,"6.747,6.302,2.461","0.344,-1.382,0.611","-44.250,89.850,-49.350",0,0.0,9.55,1.55,0.9099,19.74,1.497,0,14337,1200,5,1.28,37.496398,126.955833,344,0,1,0,-54,-54.0,1744,24,1148,1,1,2.030,2.255,-0.001,0.234,53,596
17:06:09,9.607,131613,131613,378,POWER_ON,0,0,0,0,-1,0,-1,1,37.496399,126.955833,0.021,0.0,0.015,1,0.0,"6.570,6.393,2.485","0.275,0.710,-0.580","-44.400,91.200,-49.500",0,0.0,9.50,0.96,0.9109,19.74,1.497,0,14349,1201,5,1.28,37.496397,126.955834,345,0,1,0,-53,-53.8,1745,17,1149,1,1,2.030,2.255,-0.001,0.234,159,596
17:06:10,9.710,131717,131717,378,POWER_ON,0,0,0,0,-1,0,-1,1,37.496399,126.955833,0.021,0.0,0.015,1,0.0,"6.598,6.402,2.591","0.412,-2.763,0.321","-44.700,90.450,-48.300",0,0.0,9.55,2.81,0.9150,19.74,1.497,0,14361,1202,5,1.28,37.496397,126.955834,345,0,1,0,-53,-53.8,1745,121,1149,1,1,2.030,2.255,-0.001,0.234,263,596
17:06:10,9.730,131823,131823,378,POWER_ON,0,0,0,0,-1,0,-1,1,37.496399,126.955833,0.017,0.0,0.010,1,0.0,"6.560,6.584,2.576","-1.282,-0.565,2.366","-45.000,89.550,-49.650",0,0.0,9.64,2.75,0.9125,19.74,1.497,0,14373,1203,5,1.28,37.496397,126.955834,346,0,1,0,-54,-53.8,1746,22,1150,1,1,2.030,2.255,-0.001,0.234,369,596
17:06:10,9.789,131858,131858,378,POWER_ON,0,0,0,0,-1,0,-1,1,37.496399,126.955833,0.017,0.0,0.010,1,0.0,"6.584,6.512,2.495","-0.382,-0.748,-0.351","-44.550,89.550,-49.350",0,0.0,9.59,0.91,0.9099,19.74,1.497,0,14376,1204,5,1.28,37.496397,126.955834,346,0,1,0,-54,-53.8,1746,57,1150,1,1,2.030,2.255,-0.001,0.234,404,596
17:06:10,10.026,131904,131904,378,POWER_ON,0,0,0,0,-1,0,-1,1,37.496399,126.955833,0.017,0.0,0.010,1,0.0,"6.670,6.503,2.437","-1.496,-1.718,-0.511","-45.000,89.550,-49.650",0,0.0,9.63,2.33,0.9072,19.74,1.497,0,14382,1204,5,1.28,37.496397,126.955834,346,0,1,0,-54,-53.8,1746,103,1150,1,1,2.030,2.255,-0.001,0.234,450,596
17:06:10,10.655,132136,132136,378,POWER_ON,0,0,0,0,-1,0,-1,1,37.496395,126.955833,0.016,0.0,0.015,1,0.0,"6.766,6.388,2.591","-1.489,0.924,0.038","-43.950,90.900,-48.300",0,0.0,9.66,1.75,0.9142,19.74,1.497,0,14409,1206,5,1.28,37.496396,126.955834,347,0,1,0,-55,-54.5,1750,20,1153,1,1,2.060,2.258,-0.005,0.234,85,597
17:06:11,10.844,132485,132485,378,POWER_ON,0,0,0,0,-1,0,-1,1,37.496395,126.955833,0.025,0.0,0.041,1,0.0,"6.790,6.493,2.500","3.145,3.725,-0.321","-44.700,90.900,-50.250",0,0.0,9.72,4.89,0.9093,19.74,1.497,0,14448,1210,5,1.28,37.496396,126.955834,349,0,1,0,-56,-55.4,1755,32,1156,1,1,2.040,2.265,-0.012,0.234,32,599
17:06:11,10.844,132660,132660,378,POWER_ON,0,0,0,0,-1,0,-1,1,37.496395,126.955833,0.018,0.0,0.005,1,0.0,"6.541,6.522,2.519","0.382,-1.908,0.824","-44.250,89.850,-50.700",0,0.0,9.57,2.11,0.9110,19.74,1.497,0,14469,1211,5,1.28,37.496395,126.955834,350,0,1,0,-56,-55.5,1756,125,1157,1,1,2.040,2.265,-0.012,0.234,207,599
17:06:11,10.844,132695,132695,378,POWER_ON,0,0,0,0,-1,0,-1,1,37.496395,126.955833,0.018,0.0,0.005,1,0.0,"6.579,6.584,2.500","0.847,0.206,0.702","-45.300,90.600,-49.650",0,0.0,9.64,1.12,0.9093,19.74,1.497,0,14472,1212,5,1.28,37.496395,126.955834,350,0,1,0,-57,-55.8,1757,17,1157,1,1,2.080,2.272,-0.017,0.234,17,600
17:06:11,10.845,132719,132719,378,POWER_ON,0,0,0,0,-1,0,-1,1,37.496395,126.955833,0.018,0.0,0.005,1,0.0,"6.642,6.397,2.504","2.015,2.366,-1.916","-45.150,90.450,-49.050",0,0.0,9.56,3.65,0.9113,19.74,1.497,0,14475,1212,5,1.28,37.496395,126.955834,350,0,1,0,-57,-55.8,1757,41,1157,1,1,2.080,2.272,-0.017,0.234,41,600
17:06:11,10.845,132742,132742,378,POWER_ON,0,0,0,0,-1,0,-1,1,37.496395,126.955833,0.018,0.0,0.005,1,0.0,"6.608,6.594,2.543","1.550,3.130,-1.374","-45.300,89.850,-49.350",0,0.0,9.68,3.75,0.9109,19.74,1.497,0,14478,1212,5,1.28,37.496395,126.955834,350,0,1,0,-57,-55.8,1757,64,1157,1,1,2.080,2.272,-0.017,0.234,64,600
17:06:11,10.845,132765,132765,378,POWER_ON,0,0,0,0,-1,0,-1,1,37.496395,126.955833,0.012,0.0,0.000,1,0.0,"6.527,6.416,2.619","4.557,2.656,-0.061","-45.150,88.500,-49.800",0,0.0,9.52,5.28,0.9164,19.74,1.497,0,14481,1212,5,1.28,37.496395,126.955835,351,0,1,0,-57,-55.8,1757,87,1157,1,1,2.080,2.272,-0.017,0.234,87,600
17:06:11,11.075,132824,132824,378,POWER_ON,0,0,0,0,-1,0,-1,1,37.496395,126.955833,0.012,0.0,0.000,1,0.0,"6.555,6.632,2.562","1.244,0.786,-1.481","-45.150,89.250,-48.750",0,0.0,9.67,2.09,0.9114,19.74,1.497,0,14487,1213,5,1.28,37.496395,126.955835,351,0,1,0,-55,-55.7,1758,47,1158,1,1,2.080,2.272,-0.017,0.234,146,600
17:06:11,11.157,132952,132952,378,POWER_ON,0,0,0,0,-1,0,-1,1,37.496395,126.955833,0.012,0.0,0.000,1,0.0,"6.431,6.637,2.643","-1.420,-1.847,-0.053","-44.550,90.600,-50.400",0,0.0,9.61,2.33,0.9150,19.74,1.497,0,14502,1214,5,1.28,37.496395,126.955835,351,0,1,0,-56,-55.6,1760,68,1159,1,1,2.060,2.280,-0.026,0.234,98,601
17:06:11,11.480,133074,133074,378,POWER_ON,0,0,0,0,-1,0,-1,1,37.496395,126.955833,0.015,0.0,0.021,1,0.0,"6.579,6.503,2.442","-2.260,-2.534,-0.855","-45.750,89.100,-48.900",0,0.0,9.57,3.50,0.9079,19.74,1.497,0,14516,1215,5,1.28,37.496395,126.955835,352,0,1,0,-55,-55.2,1762,17,1160,1,1,1.950,2.281,-0.020,0.234,17,602
17:06:11,11.595,133692,133692,378,POWER_ON,0,0,0,0,-1,0,-1,1,37.496395,126.955833,0.017,0.0,0.015,1,0.0,"6.632,6.445,2.519","-3.137,-8.046,0.092","-44.400,89.700,-49.800",0,0.0,9.58,8.64,0.9114,19.74,1.497,0,14586,1221,5,1.28,37.496394,126.955836,355,0,1,0,-57,-55.7,1771,38,1166,1,1,2.050,2.284,-0.011,0.234,38,605
17:06:12,11.716,133728,133728,378,POWER_ON,0,0,0,0,-1,0,-1,1,37.496395,126.955833,0.017,0.0,0.015,1,0.0,"6.713,6.450,2.361","-2.252,-2.832,0.656","-45.150,90.000,-50.250",0,0.0,9.60,3.68,0.9043,19.74,1.497,0,14589,1222,5,1.28,37.496394,126.955836,355,0,1,0,-58,-56.2,1772,4,1167,1,1,2.050,2.284,-0.011,0.234,74,605
17:06:12,11.761,133751,133751,378,POWER_ON,0,0,0,0,-1,0,-1,1,37.496395,126.955833,0.017,0.0,0.015,1,0.0,"6.651,6.426,2.447","0.389,-4.565,1.237","-43.800,90.600,-49.650",0,0.0,9.57,4.75,0.9086,19.74,1.497,0,14592,1222,5,1.28,37.496394,126.955836,355,0,1,0,-58,-56.2,1772,27,1167,1,1,2.050,2.284,-0.011,0.234,97,605
17:06:12,11.761,133774,133774,378,POWER_ON,0,0,0,0,-1,0,-1,1,37.496395,126.955833,0.026,0.0,0.041,1,0.0,"6.594,6.340,2.303","0.878,0.061,0.504","-43.500,88.650,-50.400",0,0.0,9.43,1.01,0.9036,19.74,1.497,0,14595,1222,5,1.28,37.496393,126.955836,356,0,1,0,-58,-56.2,1772,50,1167,1,1,2.050,2.284,-0.011,0.234,120,605
17:06:12,11.761,133833,133833,378,POWER_ON,0,0,0,0,-1,0,-1,1,37.496395,126.955833,0.026,0.0,0.041,1,0.0,"6.618,6.565,2.423","0.366,-0.611,1.534","-46.200,88.500,-50.250",0,0.0,9.63,1.69,0.9062,19.74,1.497,0,14601,1223,5,1.28,37.496393,126.955836,356,0,1,0,-58,-56.5,1773,4,1168,1,1,2.050,2.284,-0.011,0.234,179,605
17:06:12,11.762,133938,133938,378,POWER_ON,0,0,0,0,-1,0,-1,1,37.496395,126.955833,0.026,0.0,0.041,1,0.0,"7.752,6.560,3.366","-9.282,-10.878,-2.099","-45.150,88.950,-51.000",0,0.0,10.70,14.45,0.9332,19.74,1.497,0,14613,1224,5,1.28,37.496393,126.955836,356,0,1,0,-59,-57.0,1774,84,1168,1,1,2.080,2.284,-0.008,0.234,84,606
17:06:12,11.863,133961,133961,378,POWER_ON,0,0,0,0,-1,0,-1,1,37.496395,126.955833,0.026,0.0,0.041,1,0.0,"6.732,6.287,2.246","3.817,-2.702,0.153","-44.700,90.000,-51.000",0,0.0,9.48,4.68,0.9008,19.74,1.497,0,14616,1224,5,1.28,37.496393,126.955836,356,0,1,0,-59,-57.4,1775,21,1169,1,1,2.080,2.284,-0.008,0.234,107,606
17:06:12,11.900,133984,133984,378,POWER_ON,0,0,0,0,-1,0,-1,1,37.496395,126.955833,0.038,0.0,0.062,1,0.0,"6.244,6.263,1.676","7.908,10.702,-1.191","-45.300,88.650,-49.650",0,0.0,9.00,13.36,0.8757,19.74,1.497,0,14619,1224,5,1.28,37.496393,126.955837,357,0,1,0,-59,-57.4,1775,44,1169,1,1,2.080,2.284,-0.008,0.234,130,606
17:06:12,11.905,134008,134008,378,POWER_ON,0,0,0,0,-1,0,-1,1,37.496395,126.955833,0.038,0.0,0.062,1,0.0,"6.029,6.838,1.633","10.977,11.260,-1.214","-44.400,90.450,-51.300",0,0.0,9.26,15.77,0.8662,19.74,1.497,0,14622,1224,5,1.28,37.496393,126.955837,357,0,1,0,-59,-57.4,1775,68,1169,1,1,2.080,2.284,-0.008,0.234,154,606
17:06:12,12.055,134060,134060,378,POWER_ON,0,0,0,0,-1,0,-1,1,37.496395,126.955833,0.038,0.0,0.062,1,0.0,"6.531,6.527,2.935","-1.511,1.023,-0.053","-46.800,89.100,-50.700",0,0.0,9.69,1.83,0.9272,19.74,1.497,0,14627,1225,5,1.28,37.496393,126.955837,357,0,1,0,-60,-57.9,1776,10,1170,1,1,2.080,2.284,-0.008,0.234,206,606
17:06:12,12.243,134287,134287,378,POWER_ON,0,0,0,0,-1,0,-1,1,37.496391,126.955833,0.055,0.0,0.087,1,0.0,"6.675,6.507,2.236","-8.817,-11.466,1.298","-45.000,90.300,-49.950",0,0.0,9.59,14.52,0.8985,19.74,1.497,0,14653,1227,5,1.28,37.496392,126.955837,358,0,1,0,-58,-58.0,1780,28,1172,1,1,2.050,2.296,-0.018,0.234,30,608
17:06:12,12.294,134310,134310,378,POWER_ON,0,0,0,0,-1,0,-1,1,37.496391,126.955833,0.055,0.0,0.087,1,0.0,"6.665,6.369,2.279","-7.611,-6.740,2.206","-45.150,88.950,-50.250",0,0.0,9.50,10.40,0.9019,19.74,1.497,0,14656,1227,5,1.28,37.496392,126.955837,358,0,1,0,-58,-58.0,1780,51,1172,1,1,2.050,2.296,-0.018,0.234,53,608
17:06:12,12.449,134514,134514,378,POWER_ON,0,0,0,0,-1,0,-1,1,37.496391,126.955833,0.050,0.0,0.041,1,0.0,"6.843,6.354,2.337","-15.985,-20.725,1.771","-44.250,90.600,-49.950",0,0.0,9.63,26.23,0.9035,19.74,1.497,0,14679,1229,5,1.28,37.496392,126.955837,359,0,1,0,-58,-58.0,1782,47,1173,1,1,2.000,2.292,-0.006,0.234,57,609
17:06:12,12.578,134718,134718,378,POWER_ON,0,0,0,0,-1,0,-1,1,37.496391,126.955833,0.045,0.0,0.036,1,0.0,"6.560,6.642,2.461","9.420,12.489,-0.130","-45.000,91.350,-49.350",0,0.0,9.65,15.64,0.9071,19.74,1.497,0,14702,1231,5,1.28,37.496392,126.955837,360,0,1,0,-62,-59.0,1784,64,1174,1,1,2.070,2.296,-0.011,0.234,64,610
17:06:12,12.660,134824,134824,378,POWER_ON,0,0,0,0,-1,0,-1,1,37.496391,126.955833,0.040,0.0,0.031,1,0.0,"6.474,6.637,2.433","3.611,4.695,0.679","-45.000,90.600,-48.600",0,0.0,9.59,5.96,0.9063,19.74,1.497,0,14714,1232,5,1.28,37.496391,126.955838,361,0,1,0,-57,-58.6,1785,51,1175,1,1,2.070,2.296,-0.011,0.234,170,610
17:06:13,12.936,134964,134964,378,POWER_ON,0,0,0,0,-1,0,-1,1,37.496391,126.955841,0.039,0.0,0.036,1,0.0,"6.709,6.220,2.571","15.550,14.687,-1.122","-44.250,89.550,-48.900",0,0.0,9.50,21.42,0.9154,19.74,1.497,0,14729,1234,5,1.28,37.496391,126.955838,362,0,1,0,-58,-58.2,1787,82,1176,1,1,2.040,2.292,-0.002,0.234,112,611
17:06:13,13.022,135010,135010,378,POWER_ON,0,0,0,0,-1,0,-1,1,37.496391,126.955841,0.039,0.0,0.036,1,0.0,"6.450,6.723,2.806","8.160,8.176,-0.336","-45.900,88.950,-49.500",0,0.0,9.73,11.56,0.9202,19.74,1.497,0,14735,1234,5,1.28,37.496391,126.955838,362,0,1,0,-60,-58.6,1788,30,1177,1,1,2.040,2.292,-0.002,0.234,158,611
17:06:13,13.023,135173,135173,378,POWER_ON,0,0,0,0,-1,0,-1,1,37.496391,126.955841,0.029,0.0,0.010,1,0.0,"6.426,6.608,1.820","-8.733,-4.527,1.786","-43.650,88.500,-51.600",0,0.0,9.40,10.00,0.8787,19.74,1.497,0,14753,1236,5,1.28,37.496390,126.955838,363,0,1,0,-59,-58.7,1790,78,1178,1,1,1.940,2.286,0.008,0.234,122,612
17:06:13,13.127,135219,135219,378,POWER_ON,0,0,0,0,-1,0,-1,1,37.496391,126.955841,0.029,0.0,0.010,1,0.0,"7.269,6.105,3.974","-24.634,-23.656,2.733","-45.000,88.350,-50.400",0,0.0,10.29,34.26,0.9579,19.74,1.497,0,14759,1236,5,1.28,37.496390,126.955838,363,0,1,0,-59,-58.8,1791,25,1179,1,1,1.940,2.286,0.008,0.234,168,612
17:06:13,13.163,135383,135383,378,POWER_ON,0,0,0,0,-1,0,-1,1,37.496391,126.955841,0.022,0.0,0.010,1,0.0,"6.522,6.670,2.437","1.832,-0.191,-0.565","-46.200,89.250,-49.500",0,0.0,9.64,1.93,0.9059,19.74,1.497,0,14777,1238,5,1.28,37.496390,126.955838,364,0,1,0,-60,-59.2,1793,86,1180,1,1,2.020,2.275,0.023,0.234,131,613
17:06:13,13.257,135406,135406,378,POWER_ON,0,0,0,0,-1,0,-1,1,37.496391,126.955841,0.022,0.0,0.010,1,0.0,"6.541,6.594,2.332","-1.107,-1.046,0.260","-45.450,90.000,-50.250",0,0.0,9.58,1.54,0.9023,19.74,1.497,0,14780,1238,5,1.28,37.496390,126.955838,364,0,1,0,-59,-59.2,1794,2,1181,1,1,2.020,2.275,0.023,0.234,154,613
17:06:13,13.294,135429,135429,378,POWER_ON,0,0,0,0,-1,0,-1,1,37.496391,126.955841,0.022,0.0,0.010,1,0.0,"6.388,6.479,2.116","-1.191,-2.420,-2.214","-45.900,91.650,-49.050",0,0.0,9.34,3.49,0.8945,19.74,1.497,0,14783,1238,5,1.28,37.496390,126.955838,364,0,1,0,-59,-59.2,1794,25,1181,1,1,2.020,2.275,0.023,0.234,177,613
17:06:13,13.294,135452,135452,378,POWER_ON,0,0,0,0,-1,0,-1,1,37.496391,126.955841,0.022,0.0,0.010,1,0.0,"6.431,6.555,2.509","0.992,0.145,-0.061","-44.400,91.200,-50.550",0,0.0,9.52,1.00,0.9106,19.74,1.497,0,14786,1238,5,1.28,37.496390,126.955838,364,0,1,0,-59,-59.2,1794,48,1181,1,1,2.020,2.275,0.023,0.234,200,613
17:06:13,13.294,135487,135487,378,POWER_ON,0,0,0,0,-1,0,-1,1,37.496391,126.955841,0.022,0.0,0.010,1,0.0,"6.584,6.651,2.682","5.122,0.023,-0.351","-44.400,90.000,-51.000",0,0.0,9.74,5.13,0.9158,19.74,1.497,0,14789,1239,5,1.28,37.496390,126.955838,364,0,1,0,-58,-58.9,1795,26,1181,1,1,2.070,2.275,0.016,0.234,26,614
17:06:13,13.294,135510,135510,378,POWER_ON,0,0,0,0,-1,0,-1,1,37.496391,126.955841,0.022,0.0,0.010,1,0.0,"6.637,6.570,2.710","2.046,1.969,0.038","-45.900,91.200,-49.800",0,0.0,9.72,2.84,0.9177,19.74,1.497,0,14792,1239,5,1.28,37.496390,126.955838,364,0,1,0,-58,-58.9,1795,49,1181,1,1,2.070,2.275,0.016,0.234,49,614
17:06:13,13.382,135533,135533,378,POWER_ON,0,0,0,0,-1,0,-1,1,37.496391,126.955841,0.022,0.0,0.010,1,0.0,"6.651,6.646,2.452","1.702,3.725,-1.496","-44.400,87.300,-51.000",0,0.0,9.72,4.36,0.9063,19.74,1.497,0,14795,1239,5,1.28,37.496390,126.955838,364,0,1,0,-58,-58.9,1795,72,1181,1,1,2.070,2.275,0.016,0.234,72,614
17:06:13,13.414,135556,135556,378,POWER_ON,0,0,0,0,-1,0,-1,1,37.496391,126.955841,0.022,0.0,0.010,1,0.0,"6.642,6.627,2.442","6.168,4.550,-0.855","-45.750,89.550,-51.150",0,0.0,9.69,7.71,0.9062,19.74,1.497,0,14798,1239,5,1.28,37.496390,126.955838,364,0,1,0,-58,-58.9,1795,95,1181,1,1,2.070,2.275,0.016,0.234,95,614
17:06:13,13.414,135592,135592,378,POWER_ON,0,0,0,0,-1,0,-1,1,37.496391,126.955841,0.016,0.0,0.005,1,0.0,"6.287,6.934,2.040","5.099,7.725,1.489","-45.750,88.650,-49.650",0,0.0,9.58,9.38,0.8852,19.74,1.497,0,14801,1240,5,1.28,37.496389,126.955839,365,0,1,0,-58,-58.9,1795,131,1181,1,1,2.070,2.275,0.016,0.234,131,614
17:06:13,13.414,135615,135615,378,POWER_ON,0,0,0,0,-1,0,-1,1,37.496391,126.955841,0.016,0.0,0.005,1,0.0,"6.349,6.905,2.145","3.748,3.427,0.595","-47.400,89.250,-49.800",0,0.0,9.62,5.11,0.8904,19.74,1.497,0,14804,1240,5,1.28,37.496389,126.955839,365,0,1,0,-58,-58.9,1795,154,1181,1,1,2.070,2.275,0.016,0.234,154,614
17:06:13,13.414,135638,135638,378,POWER_ON,0,0,0,0,-1,0,-1,1,37.496391,126.955841,0.016,0.0,0.005,1,0.0,"6.359,6.675,2.485","-2.023,-0.130,0.405","-43.650,89.250,-50.250",0,0.0,9.55,2.07,0.9083,19.74,1.497,0,14807,1240,5,1.28,37.496389,126.955839,365,0,1,0,-57,-58.6,1796,22,1182,1,1,2.070,2.275,0.016,0.234,177,614
17:06:13,13.501,135661,135661,378,POWER_ON,0,0,0,0,-1,0,-1,1,37.496391,126.955841,0.016,0.0,0.005,1,0.0,"6.795,6.661,2.643","-2.519,-1.267,1.580","-46.500,88.650,-50.700",0,0.0,9.88,3.23,0.9133,19.74,1.497,0,14810,1240,5,1.28,37.496389,126.955839,365,0,1,0,-58,-58.4,1797,9,1182,1,1,1.970,2.268,0.022,0.234,9,615
17:06:13,13.538,135802,135802,378,POWER_ON,0,0,0,0,-1,0,-1,1,37.496387,126.955841,0.020,0.0,0.026,1,0.0,"6.345,6.517,2.385","-1.763,-3.779,1.221","-45.000,88.650,-51.900",0,0.0,9.40,4.35,0.9061,19.74,1.497,0,14825,1242,5,1.28,37.496389,126.955839,366,0,1,0,-58,-58.4,1797,150,1182,1,1,1.970,2.268,0.022,0.234,150,615
17:06:13,13.538,135825,135825,378,POWER_ON,0,0,0,0,-1,0,-1,1,37.496387,126.955841,0.020,0.0,0.026,1,0.0,"6.565,6.689,2.313","-5.046,-5.519,1.748","-46.950,89.700,-50.550",0,0.0,9.65,7.68,0.9002,19.74,1.497,0,14828,1242,5,1.28,37.496389,126.955839,366,0,1,0,-58,-58.4,1797,173,1182,1,1,1.970,2.268,0.022,0.234,173,615
17:06:13,13.625,135848,135848,378,POWER_ON,0,0,0,0,-1,0,-1,1,37.496387,126.955841,0.020,0.0,0.026,1,0.0,"6.402,6.642,2.409","-9.450,-7.198,1.992","-46.050,89.850,-50.700",0,0.0,9.53,12.05,0.9054,19.74,1.497,0,14831,1242,5,1.28,37.496389,126.955839,366,0,1,0,-57,-58.2,1798,14,1183,1,1,1.970,2.268,0.022,0.234,196,615
17:06:13,13.657,135871,135871,378,POWER_ON,0,0,0,0,-1,0,-1,1,37.496387,126.955841,0.020,0.0,0.026,1,0.0,"6.632,6.618,2.476","-13.260,-13.260,1.176","-45.300,90.300,-49.350",0,0.0,9.69,18.79,0.9077,19.74,1.497,0,14834,1242,5,1.28,37.496389,126.955839,366,0,1,0,-60,-58.5,1799,16,1183,1,1,2.010,2.259,0.028,0.234,16,616
17:06:13,13.658,135907,135907,378,POWER_ON,0,0,0,0,-1,0,-1,1,37.496387,126.955841,0.020,0.0,0.026,1,0.0,"6.881,6.393,2.327","-14.534,-13.458,1.634","-44.700,90.000,-50.250",0,0.0,9.68,19.88,0.9025,19.74,1.497,0,14837,1243,5,1.28,37.496389,126.955839,366,0,1,0,-60,-58.5,1799,52,1183,1,1,2.010,2.259,0.028,0.234,52,616
17:06:13,13.658,135930,135930,378,POWER_ON,0,0,0,0,-1,0,-1,1,37.496387,126.955841,0.020,0.0,0.026,1,0.0,"6.924,6.201,2.308","-13.733,-14.481,1.000","-45.900,89.250,-48.750",0,0.0,9.58,19.98,0.9030,19.74,1.497,0,14840,1243,5,1.28,37.496389,126.955839,366,0,1,0,-60,-58.5,1799,75,1183,1,1,2.010,2.259,0.028,0.234,75,616
17:06:14,13.736,135953,135953,378,POWER_ON,0,0,0,0,-1,0,-1,1,37.496387,126.955841,0.020,0.0,0.026,1,0.0,"6.828,6.225,2.279","-11.084,-9.176,-0.718","-46.650,90.450,-49.500",0,0.0,9.52,14.41,0.9022,19.74,1.497,0,14843,1243,5,1.28,37.496389,126.955839,366,0,1,0,-64,-59.6,1800,16,1184,1,1,2.010,2.259,0.028,0.234,98,616
17:06:14,13.763,135976,135976,378,POWER_ON,0,0,0,0,-1,0,-1,1,37.496387,126.955841,0.018,0.0,0.015,1,0.0,"6.919,6.393,2.217","-5.244,-6.374,-4.221","-45.000,89.550,-49.650",0,0.0,9.68,9.27,0.8974,19.74,1.497,0,14846,1243,5,1.28,37.496388,126.955839,367,0,1,0,-64,-59.6,1800,39,1184,1,1,2.010,2.259,0.028,0.234,121,616
17:06:14,13.850,136058,136058,378,POWER_ON,0,0,0,0,-1,0,-1,1,37.496387,126.955841,0.018,0.0,0.015,1,0.0,"6.627,6.488,2.581","-1.427,-1.435,-3.534","-45.000,91.350,-49.650",0,0.0,9.63,4.07,0.9135,19.74,1.497,0,14855,1244,5,1.28,37.496388,126.955839,367,0,1,0,-61,-60.0,1802,4,1185,1,1,1.950,2.254,0.027,0.234,4,617
17:06:14,13.888,136117,136117,378,POWER_ON,0,0,0,0,-1,0,-1,1,37.496387,126.955841,0.018,0.0,0.015,1,0.0,"6.771,6.517,2.557","-1.031,1.183,-0.748","-45.300,91.050,-50.400",0,0.0,9.74,1.74,0.9115,19.74,1.497,0,14861,1245,5,1.28,37.496388,126.955839,367,0,1,0,-61,-60.0,1802,63,1185,1,1,1.950,2.254,0.027,0.234,63,617
17:06:14,13.976,136187,136187,378,POWER_ON,0,0,0,0,-1,0,-1,1,37.496387,126.955841,0.017,0.0,0.015,1,0.0,"6.311,6.847,2.452","7.107,5.847,-2.244","-45.750,90.600,-48.900",0,0.0,9.63,9.47,0.9046,19.74,1.497,0,14870,1245,5,1.28,37.496388,126.955839,368,0,1,0,-56,-59.2,1803,39,1186,1,1,1.950,2.254,0.027,0.234,133,617
17:06:14,14.176,136246,136246,378,POWER_ON,0,0,0,0,-1,0,-1,1,37.496387,126.955841,0.017,0.0,0.015,1,0.0,"6.498,6.747,2.404","15.634,15.550,-4.221","-45.750,90.300,-49.650",0,0.0,9.67,22.45,0.9036,19.74,1.497,0,14876,1246,5,1.28,37.496388,126.955839,368,0,1,0,-56,-59.2,1803,98,1186,1,1,1.950,2.254,0.027,0.234,192,617
17:06:14,14.258,136434,136434,378,POWER_ON,0,0,0,0,-1,0,-1,1,37.496387,126.955841,0.024,0.0,0.036,1,0.0,"5.990,7.125,2.322","-2.580,-3.183,-1.969","-44.700,91.650,-49.800",0,0.0,9.59,4.55,0.8947,19.74,1.497,0,14897,1248,5,1.28,37.496387,126.955839,369,0,1,0,-57,-58.1,1806,68,1188,1,1,1.970,2.237,0.045,0.234,181,618
17:06:14,14.359,136480,136480,378,POWER_ON,0,0,0,0,-1,0,-1,1,37.496387,126.955841,0.024,0.0,0.036,1,0.0,"5.918,7.096,2.471","-3.504,-3.847,1.069","-45.150,90.450,-49.500",0,0.0,9.57,5.31,0.9013,19.74,1.497,0,14903,1248,5,1.28,37.496387,126.955839,369,0,1,0,-58,-58.1,1808,17,1189,1,1,2.000,2.225,0.048,0.234,18,619
17:06:14,14.406,136562,136562,378,POWER_ON,0,0,0,0,-1,0,-1,1,37.496387,126.955841,0.024,0.0,0.036,1,0.0,"6.747,6.613,2.389","3.023,0.809,1.649","-45.150,91.950,-50.550",0,0.0,9.74,3.54,0.9037,19.74,1.497,0,14912,1249,5,1.28,37.496387,126.955839,369,0,1,0,-58,-58.1,1808,99,1189,1,1,2.000,2.225,0.048,0.234,100,619
17:06:14,14.406,136608,136608,378,POWER_ON,0,0,0,0,-1,0,-1,1,37.496387,126.955841,0.028,0.0,0.036,1,0.0,"6.996,6.263,2.284","3.351,3.313,1.267","-43.650,90.450,-50.250",0,0.0,9.66,4.88,0.9009,19.74,1.497,0,14918,1249,5,1.28,37.496386,126.955840,370,0,1,0,-58,-58.1,1809,32,1190,1,1,2.000,2.225,0.048,0.234,146,619
17:06:14,14.492,136644,136644,378,POWER_ON,0,0,0,0,-1,0,-1,1,37.496387,126.955841,0.028,0.0,0.036,1,0.0,"6.867,6.220,2.274","1.931,6.084,0.374","-45.300,90.300,-49.650",0,0.0,9.54,6.39,0.9018,19.74,1.497,0,14921,1250,5,1.28,37.496386,126.955840,370,0,1,0,-58,-58.1,1809,68,1190,1,1,2.000,2.225,0.048,0.234,182,619
17:06:14,14.525,136667,136667,378,POWER_ON,0,0,0,0,-1,0,-1,1,37.496387,126.955841,0.028,0.0,0.036,1,0.0,"6.756,6.340,2.500","6.565,6.565,-1.840","-46.800,90.600,-50.400",0,0.0,9.60,9.46,0.9110,19.74,1.497,0,14924,1250,5,1.28,37.496386,126.955840,370,0,1,0,-58,-58.0,1810,14,1190,1,1,2.000,2.228,0.029,0.234,14,620
17:06:14,14.525,136690,136690,378,POWER_ON,0,0,0,0,-1,0,-1,1,37.496387,126.955841,0.028,0.0,0.036,1,0.0,"6.517,6.551,2.653","6.679,9.534,1.298","-45.150,90.450,-51.000",0,0.0,9.61,11.71,0.9162,19.74,1.497,0,14927,1250,5,1.28,37.496386,126.955840,370,0,1,0,-58,-58.0,1811,3,1191,1,1,2.000,2.228,0.029,0.234,37,620
17:06:14,14.525,136713,136713,378,POWER_ON,0,0,0,0,-1,0,-1,1,37.496387,126.955841,0.028,0.0,0.036,1,0.0,"6.273,6.905,2.624","7.542,7.893,-4.275","-43.500,90.600,-49.650",0,0.0,9.69,11.72,0.9109,19.74,1.497,0,14930,1250,5,1.28,37.496386,126.955840,370,0,1,0,-58,-58.0,1811,26,1191,1,1,2.000,2.228,0.029,0.234,60,620
17:06:14,14.525,136749,136749,378,POWER_ON,0,0,0,0,-1,0,-1,1,37.496387,126.955841,0.028,0.0,0.036,1,0.0,"5.928,7.274,3.136","3.305,4.565,0.656","-45.300,89.850,-50.400",0,0.0,9.89,5.67,0.9238,19.74,1.497,0,14933,1251,5,1.28,37.496386,126.955840,370,0,1,0,-58,-58.0,1811,62,1191,1,1,2.000,2.228,0.029,0.234,96,620
17:06:14,14.526,136772,136772,378,POWER_ON,0,0,0,0,-1,0,-1,1,37.496387,126.955841,0.027,0.0,0.026,1,0.0,"5.737,7.537,3.213","-1.305,-0.405,0.092","-45.000,89.550,-50.700",0,0.0,10.00,1.37,0.9209,19.74,1.497,0,14936,1251,5,1.28,37.496386,126.955840,371,0,1,0,-58,-58.0,1811,85,1191,1,1,2.000,2.228,0.029,0.234,119,620
17:06:14,14.526,136795,136795,378,POWER_ON,0,0,0,0,-1,0,-1,1,37.496387,126.955841,0.027,0.0,0.026,1,0.0,"5.689,7.317,3.165","-1.130,-4.901,3.061","-44.400,91.650,-49.050",0,0.0,9.79,5.89,0.9231,19.74,1.497,0,14939,1251,5,1.28,37.496386,126.955840,371,0,1,0,-57,-57.8,1812,8,1192,1,1,2.000,2.228,0.029,0.234,142,620
17:06:14,14.607,136818,136818,378,POWER_ON,0,0,0,0,-1,0,-1,1,37.496387,126.955841,0.027,0.0,0.026,1,0.0,"5.741,7.499,3.203","-2.824,-6.969,3.061","-46.050,89.100,-50.700",0,0.0,9.97,8.12,0.9213,19.74,1.497,0,14942,1251,5,1.28,37.496386,126.955840,371,0,1,0,-57,-57.8,1812,31,1192,1,1,2.000,2.228,0.029,0.234,165,620
17:06:14,14.639,136877,136877,378,POWER_ON,0,0,0,0,-1,0,-1,1,37.496387,126.955841,0.027,0.0,0.026,1,0.0,"5.990,7.140,2.916","-8.756,-16.702,6.031","-44.400,90.450,-52.050",0,0.0,9.77,19.80,0.9183,19.74,1.497,0,14948,1252,5,1.28,37.496386,126.955840,371,0,1,0,-56,-57.5,1813,26,1192,1,1,2.040,2.231,0.017,0.234,26,621
17:06:14,14.639,136900,136900,378,POWER_ON,0,0,0,0,-1,0,-1,1,37.496387,126.955841,0.027,0.0,0.026,1,0.0,"6.167,6.742,2.461","-10.214,-15.771,7.275","-45.450,89.700,-50.250",0,0.0,9.46,20.15,0.9067,19.74,1.497,0,14951,1252,5,1.28,37.496386,126.955840,371,0,1,0,-56,-57.5,1813,49,1192,1,1,2.040,2.231,0.017,0.234,49,621
17:06:15,14.722,136923,136923,378,POWER_ON,0,0,0,0,-1,0,-1,1,37.496387,126.955841,0.027,0.0,0.026,1,0.0,"6.689,6.436,1.839","-3.313,-12.702,6.397","-45.300,90.300,-49.950",0,0.0,9.46,14.60,0.8806,19.74,1.497,0,14954,1252,5,1.28,37.496386,126.955840,371,0,1,0,-57,-57.4,1814,22,1193,1,1,2.040,2.231,0.017,0.234,72,621
17:06:15,14.750,136982,136982,378,POWER_ON,0,0,0,0,-1,0,-1,1,37.496387,126.955841,0.023,0.0,0.015,1,0.0,"7.350,6.014,1.015","2.779,0.435,5.954","-45.150,90.000,-51.000",0,0.0,9.55,6.59,0.8356,19.74,1.497,0,14960,1253,5,1.28,37.496386,126.955840,372,0,1,0,-57,-57.4,1814,81,1193,1,1,2.040,2.231,0.017,0.234,131,621
17:06:15,14.755,137006,137006,378,POWER_ON,0,0,0,0,-1,0,-1,1,37.496387,126.955841,0.023,0.0,0.015,1,0.0,"7.345,6.096,1.130","1.534,-1.397,3.397","-45.150,89.250,-49.800",0,0.0,9.61,3.98,0.8419,19.74,1.497,0,14963,1253,5,1.28,37.496386,126.955840,372,0,1,0,-56,-57.1,1815,17,1194,1,1,2.040,2.231,0.017,0.234,155,621
17:06:15,14.755,137030,137030,378,POWER_ON,0,0,0,0,-1,0,-1,1,37.496387,126.955841,0.023,0.0,0.015,1,0.0,"7.254,6.172,1.350","-5.519,-7.046,4.214","-44.400,88.950,-49.800",0,0.0,9.62,9.89,0.8543,19.74,1.497,0,14966,1253,5,1.28,37.496386,126.955840,372,0,1,0,-56,-57.1,1815,41,1194,1,1,2.040,2.231,0.017,0.234,179,621
17:06:15,14.903,137058,137058,378,POWER_ON,0,0,0,0,-1,0,-1,1,37.496387,126.955841,0.023,0.0,0.015,1,0.0,"7.168,6.053,1.408","-7.412,-5.344,0.969","-45.300,89.850,-51.150",0,0.0,9.49,9.19,0.8584,19.74,1.497,0,14968,1254,5,1.28,37.496386,126.955840,372,0,1,0,-56,-57.1,1815,69,1194,1,1,2.040,2.231,0.017,0.234,207,621
17:06:15,15.082,137186,137186,378,POWER_ON,0,0,0,0,-1,0,-1,1,37.496387,126.955841,0.020,0.0,0.015,1,0.0,"6.800,6.450,2.399","0.397,6.947,-4.802","-45.450,89.700,-50.250",0,0.0,9.67,8.45,0.9055,19.74,1.497,0,14983,1255,5,1.28,37.496385,126.955841,373,0,1,0,-58,-57.3,1816,87,1195,1,1,2.040,2.231,0.017,0.234,335,621
17:06:15,15.128,137209,137209,378,POWER_ON,0,0,0,0,-1,0,-1,1,37.496387,126.955841,0.020,0.0,0.015,1,0.0,"6.742,6.632,2.447","-0.985,5.130,-3.008","-45.000,89.850,-49.350",0,0.0,9.77,6.03,0.9059,19.74,1.497,0,14986,1255,5,1.28,37.496385,126.955841,373,0,1,0,-58,-57.4,1817,2,1196,1,1,2.040,2.231,0.017,0.234,358,621
17:06:15,15.128,137232,137232,378,POWER_ON,0,0,0,0,-1,0,-1,1,37.496387,126.955841,0.020,0.0,0.015,1,0.0,"6.551,6.488,2.188","0.519,4.359,-3.672","-45.750,88.650,-50.700",0,0.0,9.48,5.72,0.8971,19.74,1.497,0,14989,1255,5,1.28,37.496385,126.955841,373,0,1,0,-58,-57.4,1817,25,1196,1,1,2.040,2.231,0.017,0.234,381,621
17:06:15,15.129,137290,137290,378,POWER_ON,0,0,0,0,-1,0,-1,1,37.496387,126.955841,0.020,0.0,0.015,1,0.0,"6.431,6.598,1.963","3.122,13.672,-5.779","-45.300,91.800,-50.700",0,0.0,9.42,15.17,0.8857,19.74,1.497,0,14995,1256,5,1.28,37.496385,126.955841,373,0,1,0,-58,-57.5,1818,31,1196,1,1,1.980,2.233,0.006,0.234,31,622
17:06:15,15.228,137313,137313,378,POWER_ON,0,0,0,0,-1,0,-1,1,37.496387,126.955841,0.020,0.0,0.015,1,0.0,"6.407,6.565,2.069","3.641,10.817,-1.534","-45.150,89.700,-50.550",0,0.0,9.40,11.52,0.8912,19.74,1.497,0,14998,1256,5,1.28,37.496385,126.955841,373,0,1,0,-58,-57.6,1819,1,1197,1,1,1.980,2.233,0.006,0.234,54,622
17:06:15,15.265,137441,137441,378,POWER_ON,0,0,0,0,-1,0,-1,1,37.496384,126.955841,0.022,0.0,0.026,1,0.0,"6.330,6.670,3.534","-1.840,-0.733,-4.420","-45.750,90.300,-49.950",0,0.0,9.85,4.84,0.9459,19.74,1.497,0,15013,1257,5,1.28,37.496384,126.955841,374,0,1,0,-59,-57.9,1820,22,1198,1,1,1.980,2.233,0.006,0.234,182,622
17:06:15,15.265,137476,137476,378,POWER_ON,0,0,0,0,-1,0,-1,1,37.496384,126.955841,0.022,0.0,0.026,1,0.0,"6.445,6.800,3.347","4.740,-0.214,-0.695","-45.450,89.700,-48.750",0,0.0,9.95,4.80,0.9381,19.74,1.497,0,15016,1258,5,1.28,37.496384,126.955841,374,0,1,0,-59,-57.9,1820,57,1198,1,1,1.980,2.233,0.006,0.234,217,622
17:06:15,15.429,137499,137499,378,POWER_ON,0,0,0,0,-1,0,-1,1,37.496384,126.955841,0.022,0.0,0.026,1,0.0,"6.153,6.886,2.902","10.046,8.366,-1.092","-44.550,89.850,-49.350",0,0.0,9.68,13.12,0.9220,19.74,1.497,0,15019,1258,5,1.28,37.496384,126.955841,374,0,1,0,-59,-57.9,1820,80,1198,1,1,1.980,2.233,0.006,0.234,240,622
17:06:15,15.585,137627,137627,378,POWER_ON,0,0,0,0,-1,0,-1,1,37.496384,126.955841,0.025,0.0,0.031,1,0.0,"6.397,6.656,2.136","0.359,-1.634,-1.519","-46.800,89.850,-51.450",0,0.0,9.48,2.26,0.8932,19.74,1.497,0,15034,1259,5,1.28,37.496384,126.955842,375,0,1,0,-59,-58.1,1821,99,1199,1,1,1.980,2.233,0.006,0.234,368,622
17:06:15,15.621,137651,137651,378,POWER_ON,0,0,0,0,-1,0,-1,1,37.496384,126.955841,0.025,0.0,0.031,1,0.0,"6.503,6.694,2.069","-1.328,-2.573,-1.443","-43.200,89.250,-48.750",0,0.0,9.56,3.23,0.8894,19.74,1.497,0,15037,1259,5,1.28,37.496384,126.955842,375,0,1,0,-61,-58.7,1822,11,1200,1,1,1.980,2.233,0.006,0.234,392,622
17:06:15,15.622,137686,137686,378,POWER_ON,0,0,0,0,-1,0,-1,1,37.496384,126.955841,0.025,0.0,0.031,1,0.0,"6.460,6.699,2.318","-5.962,-3.183,-2.267","-45.000,90.600,-49.950",0,0.0,9.59,7.13,0.9006,19.74,1.497,0,15040,1260,5,1.28,37.496384,126.955842,375,0,1,0,-61,-59.2,1823,33,1200,1,1,2.120,2.248,-0.020,0.234,33,623
17:06:15,15.622,137709,137709,378,POWER_ON,0,0,0,0,-1,0,-1,1,37.496384,126.955841,0.025,0.0,0.031,1,0.0,"6.574,6.651,2.298","-9.824,-7.511,-1.557","-43.650,90.450,-49.050",0,0.0,9.63,12.46,0.9000,19.74,1.497,0,15043,1260,5,1.28,37.496384,126.955842,375,0,1,0,-61,-59.2,1823,56,1200,1,1,2.120,2.248,-0.020,0.234,56,623
17:06:15,15.622,137755,137755,378,POWER_ON,0,0,0,0,-1,0,-1,1,37.496384,126.955841,0.025,0.0,0.031,1,0.0,"6.455,6.675,2.480","-8.695,-8.351,-2.672","-43.800,91.050,-49.350",0,0.0,9.61,12.35,0.9078,19.74,1.497,0,15049,1260,5,1.28,37.496384,126.955842,375,0,1,0,-60,-59.3,1824,14,1201,1,1,2.120,2.248,-0.020,0.234,102,623
17:06:15,15.622,137792,137792,378,POWER_ON,0,0,0,0,-1,0,-1,1,37.496384,126.955841,0.020,0.0,0.010,1,0.0,"6.507,6.795,2.591","-8.847,-7.595,-2.534","-45.300,91.050,-49.350",0,0.0,9.76,11.93,0.9107,19.74,1.497,0,15052,1261,5,1.28,37.496383,126.955842,376,0,1,0,-60,-59.3,1824,51,1201,1,1,2.120,2.248,-0.020,0.234,139,623
17:06:15,15.623,137839,137839,378,POWER_ON,0,0,0,0,-1,0,-1,1,37.496384,126.955841,0.020,0.0,0.010,1,0.0,"6.555,6.732,2.710","1.099,-0.634,-1.985","-44.250,91.350,-49.350",0,0.0,9.78,2.36,0.9161,19.74,1.497,0,15058,1261,5,1.28,37.496383,126.955842,376,0,1,0,-59,-59.3,1825,4,1202,1,1,2.120,2.248,-0.020,0.234,186,623
17:06:16,15.712,137862,137862,378,POWER_ON,0,0,0,0,-1,0,-1,1,37.496384,126.955841,0.020,0.0,0.010,1,0.0,"6.460,6.685,2.787","1.916,1.214,-2.046","-43.950,91.200,-49.050",0,0.0,9.70,3.05,0.9199,19.74,1.497,0,15061,1261,5,1.28,37.496383,126.955842,376,0,1,0,-59,-59.2,1826,11,1202,1,1,2.050,2.257,-0.028,0.234,11,624
17:06:16,15.744,137897,137897,378,POWER_ON,0,0,0,0,-1,0,-1,1,37.496384,126.955841,0.020,0.0,0.010,1,0.0,"6.421,6.627,2.816","4.168,0.710,-0.809","-44.400,91.200,-49.800",0,0.0,9.65,4.30,0.9219,19.74,1.497,0,15064,1262,5,1.28,37.496383,126.955842,376,0,1,0,-59,-59.2,1826,46,1202,1,1,2.050,2.257,-0.028,0.234,46,624
17:06:16,15.745,137920,137920,378,POWER_ON,0,0,0,0,-1,0,-1,1,37.496384,126.955841,0.020,0.0,0.010,1,0.0,"6.536,6.570,2.648","2.748,1.931,-1.786","-45.000,91.050,-50.400",0,0.0,9.64,3.80,0.9157,19.74,1.497,0,15067,1262,5,1.28,37.496383,126.955842,376,0,1,0,-59,-59.2,1826,69,1202,1,1,2.050,2.257,-0.028,0.234,69,624
17:06:16,15.745,137943,137943,378,POWER_ON,0,0,0,0,-1,0,-1,1,37.496384,126.955841,0.020,0.0,0.010,1,0.0,"6.436,6.656,2.571","5.153,3.832,-2.557","-45.000,91.350,-51.150",0,0.0,9.61,6.91,0.9119,19.74,1.497,0,15070,1262,5,1.28,37.496383,126.955842,376,0,1,0,-59,-59.2,1826,92,1202,1,1,2.050,2.257,-0.028,0.234,92,624
17:06:16,15.745,137966,137966,378,POWER_ON,0,0,0,0,-1,0,-1,1,37.496384,126.955841,0.020,0.0,0.010,1,0.0,"6.440,6.771,2.342","7.382,5.504,-1.901","-46.200,90.900,-49.500",0,0.0,9.63,9.40,0.9008,19.74,1.497,0,15073,1262,5,1.28,37.496383,126.955842,376,0,1,0,-57,-58.8,1827,21,1203,1,1,2.050,2.257,-0.028,0.234,115,624
17:06:16,15.843,138002,138002,378,POWER_ON,0,0,0,0,-1,0,-1,1,37.496384,126.955841,0.024,0.0,0.031,1,0.0,"6.158,6.895,2.236","6.504,4.504,-4.756","-44.700,90.450,-51.000",0,0.0,9.51,9.23,0.8947,19.74,1.497,0,15076,1263,5,1.28,37.496383,126.955842,377,0,1,0,-57,-58.8,1827,57,1203,1,1,2.050,2.257,-0.028,0.234,151,624
17:06:16,15.879,138025,138025,378,POWER_ON,0,0,0,0,-1,0,-1,1,37.496384,126.955841,0.024,0.0,0.031,1,0.0,"6.225,6.924,2.279","4.504,4.626,-3.702","-43.650,89.700,-49.050",0,0.0,9.59,7.44,0.8962,19.74,1.497,0,15079,1263,5,1.28,37.496383,126.955842,377,0,1,0,-57,-58.8,1827,80,1203,1,1,2.050,2.257,-0.028,0.234,174,624
17:06:16,15.880,138048,138048,378,POWER_ON,0,0,0,0,-1,0,-1,1,37.496384,126.955841,0.024,0.0,0.031,1,0.0,"6.100,7.096,2.198","3.038,5.275,-2.985","-44.700,91.650,-51.600",0,0.0,9.61,6.78,0.8899,19.74,1.497,0,15082,1263,5,1.28,37.496383,126.955842,377,0,1,0,-57,-58.8,1827,103,1203,1,1,2.050,2.257,-0.028,0.234,197,624
17:06:16,15.880,138071,138071,378,POWER_ON,0,0,0,0,-1,0,-1,1,37.496384,126.955841,0.024,0.0,0.031,1,0.0,"6.167,6.943,2.131","3.084,1.969,-2.290","-43.800,91.050,-51.150",0,0.0,9.53,4.32,0.8892,19.74,1.497,0,15085,1263,5,1.28,37.496383,126.955842,377,0,1,0,-56,-57.8,1829,10,1204,1,1,2.050,2.267,-0.034,0.234,11,625
17:06:16,15.880,138106,138106,378,POWER_ON,0,0,0,0,-1,0,-1,1,37.496384,126.955841,0.024,0.0,0.031,1,0.0,"6.182,6.857,2.356","2.885,2.702,-3.427","-45.000,89.850,-50.700",0,0.0,9.53,5.23,0.9005,19.74,1.497,0,15088,1264,5,1.28,37.496383,126.955842,377,0,1,0,-56,-57.8,1829,45,1204,1,1,2.050,2.267,-0.034,0.234,46,625
17:06:16,15.975,138153,138153,378,POWER_ON,0,0,0,0,-1,0,-1,1,37.496384,126.955841,0.024,0.0,0.031,1,0.0,"6.120,6.905,2.207","3.076,3.023,-4.405","-45.450,89.250,-50.250",0,0.0,9.49,6.16,0.8932,19.74,1.497,0,15094,1264,5,1.28,37.496383,126.955842,377,0,1,0,-56,-57.8,1829,92,1204,1,1,2.050,2.267,-0.034,0.234,93,625
17:06:16,16.012,138176,138176,378,POWER_ON,0,0,0,0,-1,0,-1,1,37.496384,126.955841,0.024,0.0,0.026,1,0.0,"6.096,7.120,2.021","-0.832,-1.183,-1.107","-44.250,90.600,-50.400",0,0.0,9.59,1.82,0.8814,19.74,1.497,0,15097,1264,5,1.28,37.496382,126.955842,378,0,1,0,-56,-57.8,1829,115,1204,1,1,2.050,2.267,-0.034,0.234,116,625
17:06:16,16.012,138212,138212,378,POWER_ON,0,0,0,0,-1,0,-1,1,37.496384,126.955841,0.024,0.0,0.026,1,0.0,"6.287,6.914,1.963","-1.427,-3.191,0.679","-44.250,92.250,-50.700",0,0.0,9.55,3.56,0.8819,19.74,1.497,0,15100,1265,5,1.28,37.496382,126.955842,378,0,1,0,-56,-57.8,1829,151,1204,1,1,2.050,2.267,-0.034,0.234,152,625
17:06:16,16.012,138235,138235,378,POWER_ON,0,0,0,0,-1,0,-1,1,37.496384,126.955841,0.024,0.0,0.026,1,0.0,"6.359,6.795,2.140","-5.282,-4.489,-0.603","-44.700,89.700,-51.300",0,0.0,9.55,6.96,0.8917,19.74,1.497,0,15103,1265,5,1.28,37.496382,126.955842,378,0,1,0,-56,-57.8,1829,174,1204,1,1,2.050,2.267,-0.034,0.234,175,625
17:06:16,16.102,138258,138258,378,POWER_ON,0,0,0,0,-1,0,-1,1,37.496384,126.955841,0.024,0.0,0.026,1,0.0,"6.297,6.953,2.318","-5.496,1.519,-1.366","-43.650,90.000,-50.550",0,0.0,9.66,5.86,0.8974,19.74,1.497,0,15106,1265,5,1.28,37.496382,126.955842,378,0,1,0,-55,-57.2,1830,15,1204,1,1,2.020,2.273,-0.033,0.234,15,626
17:06:16,16.147,138281,138281,378,POWER_ON,0,0,0,0,-1,0,-1,1,37.496384,126.955841,0.024,0.0,0.026,1,0.0,"6.191,6.914,2.404","-4.534,-2.695,0.840","-43.650,91.650,-50.550",0,0.0,9.59,5.34,0.9017,19.74,1.497,0,15109,1265,5,1.28,37.496382,126.955842,378,0,1,0,-56,-57.0,1831,20,1205,1,1,2.020,2.273,-0.033,0.234,38,626
17:06:16,16.147,138340,138340,378,POWER_ON,0,0,0,0,-1,0,-1,1,37.496384,126.955841,0.024,0.0,0.026,1,0.0,"6.407,6.771,2.725","-7.641,-4.718,-2.260","-44.550,89.850,-50.400",0,0.0,9.71,9.26,0.9165,19.74,1.497,0,15115,1266,5,1.28,37.496382,126.955842,378,0,1,0,-56,-57.0,1831,79,1205,1,1,2.020,2.273,-0.033,0.234,97,626
17:06:16,16.147,138363,138363,378,POWER_ON,0,0,0,0,-1,0,-1,1,37.496384,126.955841,0.024,0.0,0.026,1,0.0,"6.349,6.809,2.811","-2.290,-1.969,0.092","-45.900,89.250,-50.550",0,0.0,9.73,3.02,0.9195,19.74,1.497,0,15118,1266,5,1.28,37.496382,126.955842,378,0,1,0,-56,-57.0,1831,102,1205,1,1,2.020,2.273,-0.033,0.234,120,626
17:06:16,16.147,138387,138387,378,POWER_ON,0,0,0,0,-1,0,-1,1,37.496384,126.955841,0.021,0.0,0.015,1,0.0,"6.287,6.919,2.614","0.000,2.588,-3.237","-44.400,90.450,-51.000",0,0.0,9.71,4.14,0.9103,19.74,1.497,0,15121,1266,5,1.28,37.496381,126.955843,379,0,1,0,-55,-56.6,1832,15,1206,1,1,2.020,2.273,-0.033,0.234,144,626
17:06:16,16.246,138416,138416,378,POWER_ON,0,0,0,0,-1,0,-1,1,37.496384,126.955841,0.021,0.0,0.015,1,0.0,"6.249,6.823,2.452","-0.519,2.893,-3.008","-43.800,90.300,-51.150",0,0.0,9.57,4.21,0.9050,19.74,1.497,0,15123,1267,5,1.28,37.496381,126.955843,379,0,1,0,-55,-56.6,1832,44,1206,1,1,2.020,2.273,-0.033,0.234,173,626
17:06:16,16.293,138439,138439,378,POWER_ON,0,0,0,0,-1,0,-1,1,37.496384,126.955841,0.021,0.0,0.015,1,0.0,"6.139,7.082,2.365","1.824,3.626,-2.435","-45.000,90.600,-48.600",0,0.0,9.67,4.73,0.8975,19.74,1.497,0,15126,1267,5,1.28,37.496381,126.955843,379,0,1,0,-55,-56.6,1832,67,1206,1,1,2.020,2.273,-0.033,0.234,196,626
17:06:16,16.462,138462,138462,378,POWER_ON,0,0,0,0,-1,0,-1,1,37.496384,126.955841,0.021,0.0,0.015,1,0.0,"6.115,6.948,2.485","5.565,3.969,-0.947","-45.450,91.650,-51.300",0,0.0,9.58,6.90,0.9046,19.74,1.497,0,15129,1267,5,1.28,37.496381,126.955843,379,0,1,0,-54,-56.1,1833,9,1206,1,1,2.040,2.277,-0.029,0.234,9,627
17:06:16,16.532,138649,138649,378,POWER_ON,0,0,0,0,-1,0,-1,1,37.496384,126.955841,0.035,0.0,0.062,1,0.0,"6.100,7.020,2.562","0.656,-0.802,3.336","-44.400,88.200,-51.000",0,0.0,9.65,3.49,0.9067,19.74,1.497,0,15150,1269,5,1.28,37.496381,126.955843,380,0,1,0,-55,-55.7,1835,79,1208,1,1,2.040,2.277,-0.029,0.234,196,627
17:06:16,16.532,138672,138672,378,POWER_ON,0,0,0,0,-1,0,-1,1,37.496384,126.955841,0.035,0.0,0.062,1,0.0,"6.148,6.958,2.691","-2.214,-1.679,-0.473","-44.550,90.600,-48.900",0,0.0,9.67,2.82,0.9128,19.74,1.497,0,15153,1269,5,1.28,37.496381,126.955843,380,0,1,0,-55,-55.4,1837,5,1209,1,1,2.040,2.276,-0.019,0.234,18,628
17:06:16,16.533,138695,138695,378,POWER_ON,0,0,0,0,-1,0,-1,1,37.496384,126.955841,0.035,0.0,0.062,1,0.0,"6.096,7.001,2.768","-2.466,0.443,1.679","-43.950,91.200,-50.550",0,0.0,9.69,3.02,0.9151,19.74,1.497,0,15156,1269,5,1.28,37.496381,126.955843,380,0,1,0,-55,-55.4,1837,28,1209,1,1,2.040,2.276,-0.019,0.234,41,628
17:06:16,16.631,138731,138731,378,POWER_ON,0,0,0,0,-1,0,-1,1,37.496384,126.955841,0.035,0.0,0.062,1,0.0,"6.081,6.929,2.715","-0.206,-2.107,2.092","-43.950,90.000,-51.000",0,0.0,9.61,2.98,0.9142,19.74,1.497,0,15159,1270,5,1.28,37.496381,126.955843,380,0,1,0,-55,-55.4,1837,64,1209,1,1,2.040,2.276,-0.019,0.234,77,628
17:06:16,16.672,138754,138754,378,POWER_ON,0,0,0,0,-1,0,-1,1,37.496384,126.955841,0.035,0.0,0.062,1,0.0,"6.144,7.015,2.854","1.931,-1.656,0.489","-44.550,91.050,-50.400",0,0.0,9.75,2.59,0.9182,19.74,1.497,0,15162,1270,5,1.28,37.496381,126.955843,380,0,1,0,-55,-55.4,1837,87,1209,1,1,2.040,2.276,-0.019,0.234,100,628
17:06:16,16.673,138777,138777,378,POWER_ON,0,0,0,0,-1,0,-1,1,37.496380,126.955841,0.037,0.0,0.041,1,0.0,"6.144,7.005,2.768","1.359,-1.221,-0.351","-45.150,90.900,-51.600",0,0.0,9.72,1.86,0.9151,19.74,1.497,0,15165,1270,5,1.28,37.496381,126.955843,381,0,1,0,-55,-55.3,1838,5,1210,1,1,2.040,2.276,-0.019,0.234,123,628
17:06:16,16.673,138800,138800,378,POWER_ON,0,0,0,0,-1,0,-1,1,37.496380,126.955841,0.037,0.0,0.041,1,0.0,"6.258,7.072,2.662","1.870,-0.153,2.084","-45.300,90.300,-51.150",0,0.0,9.81,2.80,0.9100,19.74,1.497,0,15168,1270,5,1.28,37.496381,126.955843,381,0,1,0,-55,-55.3,1838,28,1210,1,1,2.040,2.276,-0.019,0.234,146,628
17:06:16,16.673,138836,138836,378,POWER_ON,0,0,0,0,-1,0,-1,1,37.496380,126.955841,0.037,0.0,0.041,1,0.0,"6.215,6.838,2.533","0.038,1.870,0.824","-44.250,89.850,-52.650",0,0.0,9.58,2.04,0.9082,19.74,1.497,0,15171,1271,5,1.28,37.496381,126.955843,381,0,1,0,-55,-55.3,1838,64,1210,1,1,2.040,2.276,-0.019,0.234,182,628
17:06:16,16.673,138859,138859,378,POWER_ON,0,0,0,0,-1,0,-1,1,37.496380,126.955841,0.037,0.0,0.041,1,0.0,"6.220,6.881,2.365","1.092,0.221,-1.321","-44.400,89.250,-49.800",0,0.0,9.57,1.73,0.9006,19.74,1.497,0,15174,1271,5,1.28,37.496381,126.955843,381,0,1,0,-56,-55.5,1839,2,1210,1,1,2.040,2.275,-0.013,0.234,2,629
17:06:16,16.674,138882,138882,378,POWER_ON,0,0,0,0,-1,0,-1,1,37.496380,126.955841,0.037,0.0,0.041,1,0.0,"6.340,6.675,2.184","-1.221,-4.244,-0.023","-45.750,91.800,-49.350",0,0.0,9.46,4.42,0.8952,19.74,1.497,0,15177,1271,5,1.28,37.496381,126.955843,381,0,1,0,-51,-54.6,1840,11,1211,1,1,2.040,2.275,-0.013,0.234,25,629
17:06:16,16.674,138905,138905,378,POWER_ON,0,0,0,0,-1,0,-1,1,37.496380,126.955841,0.037,0.0,0.041,1,0.0,"6.555,6.488,2.337","-1.634,-4.565,-1.466","-44.400,90.450,-49.800",0,0.0,9.51,5.07,0.9036,19.74,1.497,0,15180,1271,5,1.28,37.496381,126.955843,381,0,1,0,-51,-54.6,1840,34,1211,1,1,2.040,2.275,-0.013,0.234,48,629
17:06:17,16.769,138964,138964,378,POWER_ON,0,0,0,0,-1,0,-1,1,37.496380,126.955841,0.035,0.0,0.031,1,0.0,"6.349,6.723,2.356","-4.267,-5.985,1.542","-44.400,90.450,-50.250",0,0.0,9.54,7.51,0.9022,19.74,1.497,0,15186,1272,5,1.28,37.496380,126.955844,382,0,1,0,-51,-54.6,1840,93,1211,1,1,2.040,2.275,-0.013,0.234,107,629
17:06:17,16.805,138988,138988,378,POWER_ON,0,0,0,0,-1,0,-1,1,37.496380,126.955841,0.035,0.0,0.031,1,0.0,"6.120,6.785,2.485","-4.802,-6.466,-1.122","-44.700,90.450,-50.550",0,0.0,9.47,8.13,0.9071,19.74,1.497,0,15189,1272,5,1.28,37.496380,126.955844,382,0,1,0,-55,-54.7,1841,10,1212,1,1,2.040,2.275,-0.013,0.234,131,629
17:06:17,16.806,139011,139011,378,POWER_ON,0,0,0,0,-1,0,-1,1,37.496380,126.955841,0.035,0.0,0.031,1,0.0,"6.306,6.819,2.653","-4.664,-5.313,-1.053","-44.550,90.600,-51.150",0,0.0,9.66,7.15,0.9133,19.74,1.497,0,15192,1272,5,1.28,37.496380,126.955844,382,0,1,0,-55,-54.7,1841,33,1212,1,1,2.040,2.275,-0.013,0.234,154,629
17:06:17,16.806,139047,139047,378,POWER_ON,0,0,0,0,-1,0,-1,1,37.496380,126.955841,0.035,0.0,0.031,1,0.0,"6.397,6.651,2.854","0.481,-3.198,-1.863","-44.550,90.600,-50.700",0,0.0,9.66,3.73,0.9231,19.74,1.497,0,15195,1273,5,1.28,37.496380,126.955844,382,0,1,0,-55,-54.7,1842,2,1212,1,1,2.050,2.275,-0.008,0.234,2,630
17:06:17,16.806,139070,139070,378,POWER_ON,0,0,0,0,-1,0,-1,1,37.496380,126.955841,0.035,0.0,0.031,1,0.0,"6.517,6.661,2.883","2.786,3.985,-1.252","-44.250,90.600,-51.450",0,0.0,9.75,5.02,0.9236,19.74,1.497,0,15198,1273,5,1.28,37.496380,126.955844,382,0,1,0,-55,-54.7,1842,25,1212,1,1,2.050,2.275,-0.008,0.234,25,630
17:06:17,16.902,139093,139093,378,POWER_ON,0,0,0,0,-1,0,-1,1,37.496380,126.955841,0.035,0.0,0.031,1,0.0,"6.412,6.656,2.686","4.939,7.023,-2.183","-44.250,91.050,-49.350",0,0.0,9.62,8.86,0.9166,19.74,1.497,0,15201,1273,5,1.28,37.496380,126.955844,382,0,1,0,-55,-54.8,1843,8,1213,1,1,2.050,2.275,-0.008,0.234,48,630
17:06:17,16.938,139116,139116,378,POWER_ON,0,0,0,0,-1,0,-1,1,37.496380,126.955841,0.035,0.0,0.031,1,0.0,"6.330,6.689,2.409","8.458,9.282,-3.885","-45.000,90.600,-51.450",0,0.0,9.52,13.15,0.9049,19.74,1.497,0,15204,1273,5,1.28,37.496380,126.955844,382,0,1,0,-55,-54.8,1843,31,1213,1,1,2.050,2.275,-0.008,0.234,71,630
17:06:17,16.938,139152,139152,378,POWER_ON,0,0,0,0,-1,0,-1,1,37.496380,126.955841,0.035,0.0,0.031,1,0.0,"5.995,7.130,2.188","10.336,11.137,-1.832","-44.700,90.000,-51.000",0,0.0,9.57,15.30,0.8887,19.74,1.497,0,15207,1274,5,1.28,37.496380,126.955844,382,0,1,0,-55,-54.8,1843,67,1213,1,1,2.050,2.275,-0.008,0.234,107,630
17:06:17,16.938,139175,139175,378,POWER_ON,0,0,0,0,-1,0,-1,1,37.496380,126.955841,0.035,0.0,0.036,1,0.0,"5.904,7.230,2.093","9.221,11.206,-1.534","-45.000,90.300,-50.400",0,0.0,9.57,14.59,0.8824,19.74,1.497,0,15210,1274,5,1.28,37.496380,126.955844,383,0,1,0,-55,-54.8,1843,90,1213,1,1,2.050,2.275,-0.008,0.234,130,630
17:06:17,16.939,139198,139198,378,POWER_ON,0,0,0,0,-1,0,-1,1,37.496380,126.955841,0.035,0.0,0.036,1,0.0,"5.578,7.302,2.078","6.947,4.504,-1.740","-45.000,90.300,-50.700",0,0.0,9.42,8.46,0.8788,19.74,1.497,0,15213,1274,5,1.28,37.496380,126.955844,383,0,1,0,-54,-54.6,1844,17,1214,1,1,2.050,2.275,-0.008,0.234,153,630
17:06:17,17.032,139221,139221,378,POWER_ON,0,0,0,0,-1,0,-1,1,37.496380,126.955841,0.035,0.0,0.036,1,0.0,"5.617,7.389,2.404","-1.626,1.214,-2.847","-43.800,90.300,-50.700",0,0.0,9.59,3.50,0.8920,19.74,1.497,0,15216,1274,5,1.28,37.496380,126.955844,383,0,1,0,-54,-54.6,1844,40,1214,1,1,2.050,2.275,-0.008,0.234,176,630
17:06:17,17.065,139256,139256,378,POWER_ON,0,0,0,0,-1,0,-1,1,37.496380,126.955841,0.035,0.0,0.036,1,0.0,"5.784,7.417,2.485","-7.076,-3.542,-0.763","-44.250,89.850,-51.150",0,0.0,9.73,7.95,0.8959,19.74,1.497,0,15219,1275,5,1.28,37.496380,126.955844,383,0,1,0,-55,-54.7,1845,8,1214,1,1,2.040,2.275,-0.005,0.234,8,631
17:06:17,17.065,139279,139279,378,POWER_ON,0,0,0,0,-1,0,-1,1,37.496380,126.955841,0.035,0.0,0.036,1,0.0,"5.890,7.187,2.753","-3.496,-6.214,3.328","-46.050,91.050,-50.400",0,0.0,9.69,7.87,0.9111,19.74,1.497,0,15222,1275,5,1.28,37.496380,126.955844,383,0,1,0,-55,-54.7,1845,31,1214,1,1,2.040,2.275,-0.005,0.234,31,631
17:06:17,17.065,139302,139302,378,POWER_ON,0,0,0,0,-1,0,-1,1,37.496380,126.955841,0.035,0.0,0.036,1,0.0,"6.091,7.020,2.921","-2.740,-2.282,2.107","-43.950,90.900,-51.300",0,0.0,9.74,4.14,0.9206,19.74,1.497,0,15225,1275,5,1.28,37.496380,126.955844,383,0,1,0,-55,-54.8,1846,10,1215,1,1,2.040,2.275,-0.005,0.234,54,631
17:06:17,17.162,139325,139325,378,POWER_ON,0,0,0,0,-1,0,-1,1,37.496380,126.955841,0.035,0.0,0.036,1,0.0,"5.751,7.178,2.940","-0.405,-3.924,2.794","-45.750,89.100,-51.900",0,0.0,9.66,4.83,0.9179,19.74,1.497,0,15228,1275,5,1.28,37.496380,126.955844,383,0,1,0,-55,-54.8,1846,33,1215,1,1,2.040,2.275,-0.005,0.234,77,631
17:06:17,17.199,139361,139361,378,POWER_ON,0,0,0,0,-1,0,-1,1,37.496380,126.955841,0.035,0.0,0.036,1,0.0,"5.986,7.221,3.031","0.382,0.718,1.557","-45.450,90.450,-51.300",0,0.0,9.86,1.76,0.9211,19.74,1.497,0,15231,1276,5,1.28,37.496380,126.955844,383,0,1,0,-55,-54.8,1846,69,1215,1,1,2.040,2.275,-0.005,0.234,113,631
17:06:17,17.199,139384,139384,378,POWER_ON,0,0,0,0,-1,0,-1,1,37.496380,126.955841,0.028,0.0,0.015,1,0.0,"6.206,7.020,2.667","2.840,-0.076,0.748","-45.750,90.600,-50.700",0,0.0,9.74,2.94,0.9109,19.74,1.497,0,15234,1276,5,1.28,37.496380,126.955844,384,0,1,0,-55,-54.8,1846,92,1215,1,1,2.040,2.275,-0.005,0.234,136,631
17:06:17,17.199,139407,139407,378,POWER_ON,0,0,0,0,-1,0,-1,1,37.496380,126.955841,0.028,0.0,0.015,1,0.0,"6.297,6.742,2.471","4.672,-1.885,3.092","-45.000,89.550,-49.650",0,0.0,9.55,5.91,0.9069,19.74,1.497,0,15237,1276,5,1.28,37.496380,126.955844,384,0,1,0,-55,-54.8,1847,17,1216,1,1,2.040,2.275,-0.005,0.234,159,631
17:06:17,17.199,139431,139431,378,POWER_ON,0,0,0,0,-1,0,-1,1,37.496380,126.955841,0.028,0.0,0.015,1,0.0,"6.531,6.546,2.193","-0.832,-2.420,1.015","-45.300,91.050,-52.950",0,0.0,9.50,2.75,0.8967,19.74,1.497,0,15240,1276,5,1.28,37.496380,126.955844,384,0,1,0,-55,-54.8,1847,41,1216,1,1,2.040,2.275,-0.005,0.234,183,631
17:06:17,17.200,139466,139466,378,POWER_ON,0,0,0,0,-1,0,-1,1,37.496380,126.955841,0.028,0.0,0.015,1,0.0,"6.469,6.709,1.963","-2.015,-2.618,0.603","-43.800,89.850,-49.350",0,0.0,9.52,3.36,0.8843,19.74,1.497,0,15243,1277,5,1.28,37.496380,126.955844,384,0,1,0,-55,-54.8,1847,76,1216,1,1,2.040,2.275,-0.005,0.234,218,631
17:06:17,17.291,139489,139489,378,POWER_ON,0,0,0,0,-1,0,-1,1,37.496380,126.955841,0.028,0.0,0.015,1,0.0,"6.273,6.728,1.844","-0.969,-3.290,3.458","-44.400,89.700,-50.250",0,0.0,9.38,4.87,0.8786,19.74,1.497,0,15246,1277,5,1.28,37.496380,126.955844,384,0,1,0,-55,-54.8,1847,99,1216,1,1,2.040,2.275,-0.005,0.234,241,631
17:06:17,17.328,139512,139512,378,POWER_ON,0,0,0,0,-1,0,-1,1,37.496380,126.955841,0.028,0.0,0.015,1,0.0,"6.067,6.967,1.939","-3.237,-7.458,0.160","-44.700,90.900,-50.550",0,0.0,9.44,8.13,0.8798,19.74,1.497,0,15249,1277,5,1.28,37.496380,126.955844,384,0,1,0,-55,-54.8,1848,19,1217,1,1,2.040,2.275,-0.005,0.234,264,631
17:06:17,17.380,139594,139594,378,POWER_ON,0,0,0,0,-1,0,-1,1,37.496380,126.955841,0.018,0.0,0.000,1,0.0,"6.187,6.895,2.160","-4.473,-3.237,2.092","-44.400,89.700,-51.000",0,0.0,9.51,5.90,0.8912,19.74,1.497,0,15258,1278,5,1.28,37.496379,126.955844,385,0,1,0,-55,-54.8,1848,101,1217,1,1,2.040,2.275,-0.005,0.234,346,631
17:06:17,17.405,139698,139698,378,POWER_ON,0,0,0,0,-1,0,-1,1,37.496380,126.955841,0.018,0.0,0.000,1,0.0,"6.445,6.699,2.519","-5.519,-0.916,2.237","-45.150,90.000,-50.550",0,0.0,9.63,6.03,0.9092,19.74,1.497,0,15270,1279,5,1.28,37.496379,126.955844,385,0,1,0,-55,-54.9,1850,44,1218,1,1,2.050,2.278,-0.008,0.234,44,632
17:06:17,17.514,139721,139721,378,POWER_ON,0,0,0,0,-1,0,-1,1,37.496380,126.955841,0.018,0.0,0.000,1,0.0,"6.373,6.886,2.634","-1.214,0.481,3.046","-44.550,89.100,-52.650",0,0.0,9.75,3.31,0.9115,19.74,1.497,0,15273,1279,5,1.28,37.496379,126.955844,385,0,1,0,-55,-54.9,1851,12,1219,1,1,2.050,2.278,-0.008,0.234,67,632
17:06:17,17.555,139745,139745,378,POWER_ON,0,0,0,0,-1,0,-1,1,37.496380,126.955841,0.018,0.0,0.000,1,0.0,"6.273,6.800,2.629","-1.198,-3.061,2.389","-44.550,91.050,-49.950",0,0.0,9.62,4.06,0.9126,19.74,1.497,0,15276,1279,5,1.28,37.496379,126.955844,385,0,1,0,-55,-54.9,1851,36,1219,1,1,2.050,2.278,-0.008,0.234,91,632
17:06:17,17.555,139781,139781,378,POWER_ON,0,0,0,0,-1,0,-1,1,37.496380,126.955841,0.021,0.0,0.026,1,0.0,"6.254,6.895,2.638","-3.817,-1.634,-0.229","-44.250,89.850,-50.400",0,0.0,9.68,4.16,0.9116,19.74,1.497,0,15279,1280,5,1.28,37.496379,126.955845,386,0,1,0,-55,-54.9,1851,72,1219,1,1,2.050,2.278,-0.008,0.234,127,632
17:06:17,17.556,139804,139804,378,POWER_ON,0,0,0,0,-1,0,-1,1,37.496380,126.955841,0.021,0.0,0.026,1,0.0,"6.244,6.847,2.653","-2.252,0.191,0.298","-45.150,90.000,-50.550",0,0.0,9.64,2.28,0.9129,19.74,1.497,0,15282,1280,5,1.28,37.496379,126.955845,386,0,1,0,-55,-54.9,1851,95,1219,1,1,2.050,2.278,-0.008,0.234,150,632
17:06:17,17.556,139827,139827,378,POWER_ON,0,0,0,0,-1,0,-1,1,37.496380,126.955841,0.021,0.0,0.026,1,0.0,"6.402,6.828,2.729","-1.069,0.855,-3.099","-44.550,89.100,-49.950",0,0.0,9.75,3.39,0.9160,19.74,1.497,0,15285,1280,5,1.28,37.496379,126.955845,386,0,1,0,-56,-55.1,1852,18,1220,1,1,2.050,2.278,-0.008,0.234,173,632
17:06:17,17.556,139850,139850,378,POWER_ON,0,0,0,0,-1,0,-1,1,37.496380,126.955841,0.021,0.0,0.026,1,0.0,"6.263,6.838,2.840","-1.008,-0.084,-1.008","-43.650,89.250,-48.750",0,0.0,9.70,1.43,0.9203,19.74,1.497,0,15288,1280,5,1.28,37.496379,126.955845,386,0,1,0,-56,-55.1,1852,41,1220,1,1,2.050,2.278,-0.008,0.234,196,632
17:06:17,17.645,139885,139885,378,POWER_ON,0,0,0,0,-1,0,-1,1,37.496380,126.955841,0.021,0.0,0.026,1,0.0,"6.124,6.699,2.811","-1.725,2.229,1.618","-45.000,91.050,-49.650",0,0.0,9.50,3.25,0.9214,19.74,1.497,0,15291,1281,5,1.28,37.496379,126.955845,386,0,1,0,-56,-55.3,1853,28,1220,1,1,2.050,2.280,-0.009,0.234,28,633
17:06:17,17.676,139908,139908,378,POWER_ON,0,0,0,0,-1,0,-1,1,37.496380,126.955841,0.021,0.0,0.026,1,0.0,"6.167,6.876,2.772","-1.046,-2.130,-0.420","-46.050,89.550,-51.150",0,0.0,9.64,2.41,0.9172,19.74,1.497,0,15294,1281,5,1.28,37.496379,126.955845,386,0,1,0,-56,-55.3,1853,51,1220,1,1,2.050,2.280,-0.009,0.234,51,633
17:06:17,17.676,139931,139931,378,POWER_ON,0,0,0,0,-1,0,-1,1,37.496380,126.955841,0.021,0.0,0.026,1,0.0,"6.177,6.929,2.677","-2.962,-0.160,-1.069","-45.450,89.250,-49.800",0,0.0,9.66,3.15,0.9127,19.74,1.497,0,15297,1281,5,1.28,37.496379,126.955845,386,0,1,0,-56,-55.4,1854,15,1221,1,1,2.050,2.280,-0.009,0.234,74,633
17:06:17,17.677,139955,139955,378,POWER_ON,0,0,0,0,-1,0,-1,1,37.496380,126.955841,0.021,0.0,0.026,1,0.0,"6.211,6.948,2.456","1.153,1.427,2.573","-45.150,89.700,-51.300",0,0.0,9.64,3.16,0.9034,19.74,1.497,0,15300,1281,5,1.28,37.496379,126.955845,386,0,1,0,-56,-55.4,1854,39,1221,1,1,2.050,2.280,-0.009,0.234,98,633
17:06:18,17.762,139991,139991,378,POWER_ON,0,0,0,0,-1,0,-1,1,37.496380,126.955841,0.017,0.0,0.010,1,0.0,"6.297,6.737,2.471","-0.115,-0.153,2.489","-45.300,88.350,-49.350",0,0.0,9.55,2.50,0.9070,19.74,1.497,0,15303,1282,5,1.28,37.496378,126.955845,387,0,1,0,-56,-55.4,1854,75,1221,1,1,2.050,2.280,-0.009,0.234,134,633
17:06:18,17.879,140014,140014,378,POWER_ON,0,0,0,0,-1,0,-1,1,37.496380,126.955841,0.017,0.0,0.010,1,0.0,"6.402,6.761,2.375","-1.229,-2.237,1.328","-44.250,89.850,-50.700",0,0.0,9.61,2.88,0.9024,19.74,1.497,0,15306,1282,5,1.28,37.496378,126.955845,387,0,1,0,-56,-55.4,1854,98,1221,1,1,2.050,2.280,-0.009,0.234,157,633
17:06:18,17.911,140142,140142,378,POWER_ON,0,0,0,0,-1,0,-1,1,37.496380,126.955841,0.017,0.0,0.010,1,0.0,"6.426,6.914,2.772","-3.840,-2.695,0.603","-44.400,90.900,-50.550",0,0.0,9.84,4.73,0.9164,19.74,1.497,0,15321,1283,5,1.28,37.496378,126.955845,387,0,1,0,-56,-55.8,1857,19,1223,1,1,2.030,2.282,-0.008,0.234,84,634
17:06:18,17.997,140195,140195,378,POWER_ON,0,0,0,0,-1,0,-1,1,37.496380,126.955849,0.013,0.0,0.005,1,0.0,"6.144,6.871,2.600","0.534,-0.901,-1.000","-44.250,91.800,-49.350",0,0.0,9.58,1.45,0.9105,19.74,1.497,0,15326,1284,5,1.28,37.496378,126.955845,388,0,1,0,-56,-55.8,1857,72,1223,1,1,2.030,2.282,-0.008,0.234,137,634
17:06:18,18.029,140218,140218,378,POWER_ON,0,0,0,0,-1,0,-1,1,37.496380,126.955849,0.013,0.0,0.005,1,0.0,"6.330,6.972,2.523","2.038,-1.160,-1.061","-43.800,91.350,-50.700",0,0.0,9.75,2.57,0.9058,19.74,1.497,0,15329,1284,5,1.28,37.496378,126.955845,388,0,1,0,-56,-55.8,1857,95,1223,1,1,2.030,2.282,-0.008,0.234,160,634
17:06:18,18.029,140241,140241,378,POWER_ON,0,0,0,0,-1,0,-1,1,37.496380,126.955849,0.013,0.0,0.005,1,0.0,"6.249,6.776,2.342","0.168,0.687,0.321","-46.500,89.100,-50.400",0,0.0,9.51,0.78,0.9010,19.74,1.497,0,15332,1284,5,1.28,37.496378,126.955845,388,0,1,0,-56,-55.9,1858,15,1224,1,1,2.030,2.282,-0.008,0.234,183,634
17:06:18,18.030,140264,140264,378,POWER_ON,0,0,0,0,-1,0,-1,1,37.496380,126.955849,0.013,0.0,0.005,1,0.0,"6.460,6.694,2.399","-0.786,0.336,-2.305","-45.900,90.900,-50.250",0,0.0,9.61,2.46,0.9042,19.74,1.497,0,15335,1284,5,1.28,37.496378,126.955845,388,0,1,0,-56,-55.9,1859,8,1224,1,1,2.020,2.283,-0.007,0.234,8,635
17:06:18,18.030,140299,140299,378,POWER_ON,0,0,0,0,-1,0,-1,1,37.496380,126.955849,0.013,0.0,0.005,1,0.0,"6.206,6.742,2.251","-0.611,-1.504,-3.405","-45.000,90.300,-48.600",0,0.0,9.44,3.77,0.8975,19.74,1.497,0,15338,1285,5,1.28,37.496378,126.955845,388,0,1,0,-56,-55.9,1859,43,1224,1,1,2.020,2.283,-0.007,0.234,43,635
17:06:18,18.125,140323,140323,378,POWER_ON,0,0,0,0,-1,0,-1,1,37.496380,126.955849,0.013,0.0,0.005,1,0.0,"6.292,6.776,2.365","0.366,-0.427,0.336","-45.150,90.000,-48.300",0,0.0,9.54,0.66,0.9020,19.74,1.497,0,15341,1285,5,1.28,37.496378,126.955845,388,0,1,0,-56,-55.9,1859,67,1224,1,1,2.020,2.283,-0.007,0.234,67,635
17:06:18,18.175,140346,140346,378,POWER_ON,0,0,0,0,-1,0,-1,1,37.496380,126.955849,0.013,0.0,0.005,1,0.0,"6.321,6.780,2.504","-1.328,0.359,-3.237","-45.750,90.600,-50.400",0,0.0,9.60,3.52,0.9077,19.74,1.497,0,15344,1285,5,1.28,37.496378,126.955845,388,0,1,0,-55,-55.7,1860,14,1225,1,1,2.020,2.283,-0.007,0.234,90,635
17:06:18,18.175,140369,140369,378,POWER_ON,0,0,0,0,-1,0,-1,1,37.496380,126.955849,0.012,0.0,0.010,1,0.0,"6.129,6.814,2.696","-2.435,-1.115,0.359","-45.450,90.000,-49.800",0,0.0,9.55,2.70,0.9152,19.74,1.497,0,15347,1285,5,1.28,37.496378,126.955846,389,0,1,0,-55,-55.7,1860,37,1225,1,1,2.020,2.283,-0.007,0.234,113,635
17:06:18,18.176,140405,140405,378,POWER_ON,0,0,0,0,-1,0,-1,1,37.496380,126.955849,0.012,0.0,0.010,1,0.0,"6.115,6.804,2.682","-1.656,-0.214,-3.611","-43.200,89.250,-50.250",0,0.0,9.53,3.98,0.9148,19.74,1.497,0,15350,1286,5,1.28,37.496378,126.955846,389,0,1,0,-55,-55.7,1860,73,1225,1,1,2.020,2.283,-0.007,0.234,149,635
17:06:18,18.176,140428,140428,378,POWER_ON,0,0,0,0,-1,0,-1,1,37.496380,126.955849,0.012,0.0,0.010,1,0.0,"6.172,6.986,2.772","-0.427,1.328,-0.977","-45.300,89.100,-49.950",0,0.0,9.73,1.70,0.9156,19.74,1.497,0,15353,1286,5,1.28,37.496378,126.955846,389,0,1,0,-55,-55.7,1860,96,1225,1,1,2.020,2.283,-0.007,0.234,172,635
17:06:18,18.176,140451,140451,378,POWER_ON,0,0,0,0,-1,0,-1,1,37.496380,126.955849,0.012,0.0,0.010,1,0.0,"6.172,6.905,2.696","0.527,-1.504,-0.496","-44.250,90.600,-49.950",0,0.0,9.65,1.67,0.9138,19.74,1.497,0,15356,1286,5,1.28,37.496378,126.955846,389,0,1,0,-54,-55.3,1862,2,1226,1,1,2.010,2.276,0.005,0.234,2,636
17:06:18,18.265,140474,140474,378,POWER_ON,0,0,0,0,-1,0,-1,1,37.496380,126.955849,0.012,0.0,0.010,1,0.0,"6.134,7.120,2.595","-1.817,1.061,-0.794","-43.800,93.000,-49.950",0,0.0,9.75,2.25,0.9065,19.74,1.497,0,15359,1286,5,1.28,37.496378,126.955846,389,0,1,0,-54,-55.3,1862,25,1226,1,1,2.010,2.276,0.005,0.234,25,636
17:06:18,18.308,140510,140510,378,POWER_ON,0,0,0,0,-1,0,-1,1,37.496380,126.955849,0.012,0.0,0.010,1,0.0,"6.081,7.010,2.500","-0.870,-2.275,-1.481","-44.550,91.350,-49.950",0,0.0,9.61,2.85,0.9042,19.74,1.497,0,15362,1287,5,1.28,37.496378,126.955846,389,0,1,0,-54,-55.3,1862,61,1226,1,1,2.010,2.276,0.005,0.234,61,636
17:06:18,18.308,140533,140533,378,POWER_ON,0,0,0,0,-1,0,-1,1,37.496380,126.955849,0.012,0.0,0.010,1,0.0,"6.120,6.943,2.509","-2.466,-3.656,-0.183","-44.250,93.000,-50.400",0,0.0,9.59,4.41,0.9057,19.74,1.497,0,15365,1287,5,1.28,37.496378,126.955846,389,0,1,0,-54,-55.3,1862,84,1226,1,1,2.010,2.276,0.005,0.234,84,636
17:06:18,18.308,140556,140556,378,POWER_ON,0,0,0,0,-1,0,-1,1,37.496380,126.955849,0.012,0.0,0.010,1,0.0,"6.091,6.900,2.514","-4.809,-3.023,0.557","-45.450,90.900,-51.300",0,0.0,9.54,5.71,0.9065,19.74,1.497,0,15368,1287,5,1.28,37.496378,126.955846,389,0,1,0,-54,-55.0,1863,12,1227,1,1,2.010,2.276,0.005,0.234,107,636
17:06:18,18.308,140579,140579,378,POWER_ON,0,0,0,0,-1,0,-1,1,37.496376,126.955849,0.013,0.0,0.015,1,0.0,"6.244,6.852,2.586","-2.382,-3.672,-0.176","-45.900,89.700,-49.800",0,0.0,9.62,4.38,0.9102,19.74,1.497,0,15371,1287,5,1.28,37.496377,126.955846,390,0,1,0,-54,-55.0,1863,35,1227,1,1,2.010,2.276,0.005,0.234,130,636
17:06:18,18.309,140615,140615,378,POWER_ON,0,0,0,0,-1,0,-1,1,37.496376,126.955849,0.013,0.0,0.015,1,0.0,"6.302,6.823,2.581","-3.023,-4.191,2.374","-46.200,91.650,-49.500",0,0.0,9.64,5.69,0.9103,19.74,1.497,0,15374,1288,5,1.28,37.496377,126.955846,390,0,1,0,-54,-55.0,1863,71,1227,1,1,2.010,2.276,0.005,0.234,166,636
17:06:18,18.399,140638,140638,378,POWER_ON,0,0,0,0,-1,0,-1,1,37.496376,126.955849,0.013,0.0,0.015,1,0.0,"6.239,6.723,2.701","-3.924,-6.290,0.870","-44.250,90.600,-51.150",0,0.0,9.56,7.46,0.9166,19.74,1.497,0,15377,1288,5,1.28,37.496377,126.955846,390,0,1,0,-54,-55.0,1863,94,1227,1,1,2.010,2.276,0.005,0.234,189,636
17:06:18,18.441,140661,140661,378,POWER_ON,0,0,0,0,-1,0,-1,1,37.496376,126.955849,0.013,0.0,0.015,1,0.0,"6.364,6.718,2.653","-6.130,-3.954,-1.473","-45.000,89.850,-49.650",0,0.0,9.63,7.44,0.9145,19.74,1.497,0,15380,1288,5,1.28,37.496377,126.955846,390,0,1,0,-54,-54.6,1865,1,1228,1,1,2.020,2.269,0.015,0.234,3,637
17:06:18,18.442,140684,140684,378,POWER_ON,0,0,0,0,-1,0,-1,1,37.496376,126.955849,0.013,0.0,0.015,1,0.0,"6.335,6.713,2.624","-4.244,-5.977,0.168","-44.700,88.950,-49.800",0,0.0,9.60,7.33,0.9135,19.74,1.497,0,15383,1288,5,1.28,37.496377,126.955846,390,0,1,0,-54,-54.6,1865,24,1228,1,1,2.020,2.269,0.015,0.234,26,637
17:06:18,18.442,140720,140720,378,POWER_ON,0,0,0,0,-1,0,-1,1,37.496376,126.955849,0.013,0.0,0.015,1,0.0,"6.359,6.771,2.643","-4.870,-2.863,-2.840","-43.950,90.000,-50.550",0,0.0,9.66,6.32,0.9134,19.74,1.497,0,15386,1289,5,1.28,37.496377,126.955846,390,0,1,0,-54,-54.6,1865,60,1228,1,1,2.020,2.269,0.015,0.234,62,637
17:06:18,18.531,140743,140743,378,POWER_ON,0,0,0,0,-1,0,-1,1,37.496376,126.955849,0.013,0.0,0.015,1,0.0,"6.172,6.838,2.672","-1.183,-2.908,0.321","-44.400,88.950,-50.250",0,0.0,9.59,3.16,0.9139,19.74,1.497,0,15389,1289,5,1.28,37.496377,126.955846,390,0,1,0,-54,-54.6,1865,83,1228,1,1,2.020,2.269,0.015,0.234,85,637
17:06:18,18.563,140789,140789,378,POWER_ON,0,0,0,0,-1,0,-1,1,37.496376,126.955849,0.009,0.0,0.000,1,0.0,"6.239,6.881,2.682","-1.435,-1.359,-2.450","-43.050,91.350,-50.400",0,0.0,9.67,3.15,0.9136,19.74,1.497,0,15395,1289,5,1.28,37.496377,126.955847,391,0,1,0,-55,-54.7,1866,33,1229,1,1,2.020,2.269,0.015,0.234,131,637
17:06:18,18.564,140825,140825,378,POWER_ON,0,0,0,0,-1,0,-1,1,37.496376,126.955849,0.009,0.0,0.000,1,0.0,"6.124,7.001,2.490","-0.008,-1.786,-1.802","-44.700,89.250,-49.050",0,0.0,9.63,2.54,0.9040,19.74,1.497,0,15398,1290,5,1.28,37.496377,126.955847,391,0,1,0,-55,-54.7,1866,69,1229,1,1,2.020,2.269,0.015,0.234,167,637
17:06:18,18.564,140848,140848,378,POWER_ON,0,0,0,0,-1,0,-1,1,37.496376,126.955849,0.009,0.0,0.000,1,0.0,"5.962,7.101,2.437","-0.489,-0.458,-2.298","-45.450,89.700,-49.500",0,0.0,9.59,2.39,0.8999,19.74,1.497,0,15401,1290,5,1.28,37.496377,126.955847,391,0,1,0,-55,-54.7,1866,92,1229,1,1,2.020,2.269,0.015,0.234,190,637
17:06:18,18.564,140871,140871,378,POWER_ON,0,0,0,0,-1,0,-1,1,37.496376,126.955849,0.009,0.0,0.000,1,0.0,"6.230,7.010,2.447","-0.588,-3.153,-0.099","-44.700,90.900,-49.800",0,0.0,9.69,3.21,0.9021,19.74,1.497,0,15404,1290,5,1.28,37.496377,126.955847,391,0,1,0,-54,-54.6,1867,18,1229,1,1,2.040,2.264,0.018,0.234,18,638
17:06:18,18.658,140894,140894,378,POWER_ON,0,0,0,0,-1,0,-1,1,37.496376,126.955849,0.009,0.0,0.000,1,0.0,"6.086,6.910,2.547","-2.122,-0.267,-1.595","-43.800,90.300,-50.400",0,0.0,9.55,2.67,0.9078,19.74,1.497,0,15407,1290,5,1.28,37.496377,126.955847,391,0,1,0,-56,-54.9,1868,20,1230,1,1,2.040,2.264,0.018,0.234,41,638
17:06:18,18.696,140930,140930,378,POWER_ON,0,0,0,0,-1,0,-1,1,37.496376,126.955849,0.009,0.0,0.000,1,0.0,"6.172,6.766,2.533","-4.794,-2.649,-0.382","-43.950,91.200,-50.250",0,0.0,9.50,5.49,0.9093,19.74,1.497,0,15410,1291,5,1.28,37.496377,126.955847,391,0,1,0,-56,-54.9,1868,56,1230,1,1,2.040,2.264,0.018,0.234,77,638
17:06:18,18.696,140953,140953,378,POWER_ON,0,0,0,0,-1,0,-1,1,37.496376,126.955849,0.009,0.0,0.000,1,0.0,"6.373,6.843,2.399","-4.840,-5.855,-2.481","-43.200,90.450,-49.800",0,0.0,9.65,7.99,0.9024,19.74,1.497,0,15413,1291,5,1.28,37.496377,126.955847,391,0,1,0,-56,-54.9,1868,79,1230,1,1,2.040,2.264,0.018,0.234,100,638
17:06:18,18.696,141000,141000,378,POWER_ON,0,0,0,0,-1,0,-1,1,37.496376,126.955849,0.007,0.0,0.005,1,0.0,"6.359,6.766,2.610","-4.275,-8.511,0.802","-43.050,90.600,-49.650",0,0.0,9.65,9.56,0.9122,19.74,1.497,0,15419,1291,5,1.28,37.496377,126.955847,392,0,1,0,-55,-54.9,1869,26,1231,1,1,2.040,2.264,0.018,0.234,147,638
17:06:19,18.791,141036,141036,378,POWER_ON,0,0,0,0,-1,0,-1,1,37.496376,126.955849,0.007,0.0,0.005,1,0.0,"6.407,6.732,2.519","-4.137,-4.481,0.122","-43.950,90.450,-49.800",0,0.0,9.63,6.10,0.9088,19.74,1.497,0,15422,1292,5,1.28,37.496377,126.955847,392,0,1,0,-55,-54.9,1869,62,1231,1,1,2.040,2.264,0.018,0.234,183,638
17:06:19,18.928,141059,141059,378,POWER_ON,0,0,0,0,-1,0,-1,1,37.496376,126.955849,0.007,0.0,0.005,1,0.0,"6.431,6.704,2.480","-2.366,-5.458,-0.527","-42.900,92.700,-50.550",0,0.0,9.62,5.97,0.9075,19.74,1.497,0,15425,1292,5,1.28,37.496377,126.955847,392,0,1,0,-55,-54.9,1870,6,1231,1,1,2.000,2.260,0.017,0.234,6,639
17:06:19,18.966,141188,141188,378,POWER_ON,0,0,0,0,-1,0,-1,1,37.496376,126.955849,0.012,0.0,0.021,1,0.0,"6.167,6.823,2.562","-2.969,-5.252,-0.840","-45.300,91.800,-48.600",0,0.0,9.55,6.09,0.9097,19.74,1.497,0,15440,1293,5,1.28,37.496376,126.955847,393,0,1,0,-55,-54.9,1872,6,1233,1,1,2.000,2.260,0.017,0.234,135,639
17:06:19,18.966,141211,141211,378,POWER_ON,0,0,0,0,-1,0,-1,1,37.496376,126.955849,0.012,0.0,0.021,1,0.0,"6.129,6.752,2.528","-5.420,0.122,-0.351","-42.150,90.450,-50.550",0,0.0,9.46,5.43,0.9094,19.74,1.497,0,15443,1293,5,1.28,37.496376,126.955847,393,0,1,0,-55,-54.9,1872,29,1233,1,1,2.000,2.260,0.017,0.234,158,639
17:06:19,18.966,141241,141241,378,POWER_ON,0,0,0,0,-1,0,-1,1,37.496376,126.955849,0.012,0.0,0.021,1,0.0,"6.244,6.838,2.509","-1.656,-0.115,-0.191","-44.400,90.900,-48.000",0,0.0,9.59,1.67,0.9072,19.74,1.497,0,15445,1294,5,1.28,37.496376,126.955847,393,0,1,0,-55,-54.9,1872,59,1233,1,1,2.000,2.260,0.017,0.234,188,639
17:06:19,18.966,141287,141287,378,POWER_ON,0,0,0,0,-1,0,-1,1,37.496376,126.955849,0.012,0.0,0.021,1,0.0,"6.393,6.895,2.543","-2.198,-1.565,-1.748","-43.650,91.200,-48.000",0,0.0,9.74,3.22,0.9076,19.74,1.497,0,15451,1294,5,1.28,37.496376,126.955847,393,0,1,0,-56,-55.2,1874,2,1234,1,1,2.010,2.255,0.021,0.234,43,640
17:06:19,19.064,141310,141310,378,POWER_ON,0,0,0,0,-1,0,-1,1,37.496376,126.955849,0.012,0.0,0.021,1,0.0,"6.249,6.795,2.729","-2.641,-2.366,0.313","-44.550,91.800,-50.400",0,0.0,9.63,3.56,0.9167,19.74,1.497,0,15454,1294,5,1.28,37.496376,126.955847,393,0,1,0,-56,-55.2,1874,25,1234,1,1,2.010,2.255,0.021,0.234,66,640
17:06:19,19.096,141346,141346,378,POWER_ON,0,0,0,0,-1,0,-1,1,37.496376,126.955849,0.012,0.0,0.021,1,0.0,"6.196,6.795,2.729","-2.794,-1.557,-1.420","-43.200,91.200,-50.550",0,0.0,9.59,3.50,0.9168,19.74,1.497,0,15457,1295,5,1.28,37.496376,126.955847,393,0,1,0,-56,-55.2,1874,61,1234,1,1,2.010,2.255,0.021,0.234,102,640
17:06:19,19.096,141393,141393,378,POWER_ON,0,0,0,0,-1,0,-1,1,37.496376,126.955849,0.011,0.0,0.010,1,0.0,"6.287,6.823,2.892","1.244,-1.336,1.511","-43.200,90.900,-48.000",0,0.0,9.72,2.37,0.9224,19.74,1.497,0,15463,1295,5,1.28,37.496376,126.955847,394,0,1,0,-55,-55.1,1875,10,1235,1,1,2.010,2.255,0.021,0.234,149,640
17:06:19,19.096,141416,141416,378,POWER_ON,0,0,0,0,-1,0,-1,1,37.496376,126.955849,0.011,0.0,0.010,1,0.0,"6.148,6.809,2.777","1.313,-1.458,0.305","-45.300,91.350,-48.150",0,0.0,9.59,1.99,0.9184,19.74,1.497,0,15466,1295,5,1.28,37.496376,126.955847,394,0,1,0,-55,-55.1,1875,33,1235,1,1,2.010,2.255,0.021,0.234,172,640
17:06:19,19.196,141451,141451,378,POWER_ON,0,0,0,0,-1,0,-1,1,37.496376,126.955849,0.011,0.0,0.010,1,0.0,"6.244,6.919,2.538","1.145,-0.710,-0.198","-44.550,92.550,-48.150",0,0.0,9.66,1.36,0.9072,19.74,1.497,0,15469,1296,5,1.28,37.496376,126.955847,394,0,1,0,-55,-55.1,1875,68,1235,1,1,2.010,2.255,0.021,0.234,207,640
17:06:19,19.238,141475,141475,378,POWER_ON,0,0,0,0,-1,0,-1,1,37.496376,126.955849,0.011,0.0,0.010,1,0.0,"6.292,7.020,2.562","4.198,-1.931,2.840","-42.000,92.250,-49.650",0,0.0,9.77,5.42,0.9067,19.74,1.497,0,15472,1296,5,1.28,37.496376,126.955847,394,0,1,0,-56,-55.3,1876,22,1235,1,1,2.030,2.255,0.015,0.234,22,641
17:06:19,19.238,141498,141498,378,POWER_ON,0,0,0,0,-1,0,-1,1,37.496376,126.955849,0.011,0.0,0.010,1,0.0,"6.220,6.958,2.672","0.603,-2.473,-1.137","-43.500,89.550,-49.350",0,0.0,9.71,2.79,0.9121,19.74,1.497,0,15475,1296,5,1.28,37.496376,126.955847,394,0,1,0,-56,-55.4,1877,7,1236,1,1,2.030,2.255,0.015,0.234,45,641
17:06:19,19.239,141521,141521,378,POWER_ON,0,0,0,0,-1,0,-1,1,37.496376,126.955849,0.011,0.0,0.010,1,0.0,"6.254,7.025,2.523","-0.687,-0.443,1.137","-42.900,91.200,-49.500",0,0.0,9.74,1.40,0.9051,19.74,1.497,0,15478,1296,5,1.28,37.496376,126.955847,394,0,1,0,-56,-55.4,1877,30,1236,1,1,2.030,2.255,0.015,0.234,68,641
17:06:19,19.239,141557,141557,378,POWER_ON,0,0,0,0,-1,0,-1,1,37.496376,126.955849,0.011,0.0,0.010,1,0.0,"6.311,6.823,2.365","1.137,-2.031,0.359","-43.800,91.350,-51.150",0,0.0,9.59,2.35,0.9013,19.74,1.497,0,15481,1297,5,1.28,37.496376,126.955847,394,0,1,0,-56,-55.4,1877,66,1236,1,1,2.030,2.255,0.015,0.234,104,641
17:06:19,19.324,141580,141580,378,POWER_ON,0,0,0,0,-1,0,-1,1,37.496376,126.955849,0.016,0.0,0.026,1,0.0,"6.345,6.728,2.375","1.893,-0.267,1.053","-43.200,89.700,-50.250",0,0.0,9.55,2.18,0.9030,19.74,1.497,0,15484,1297,5,1.28,37.496376,126.955848,395,0,1,0,-56,-55.4,1877,89,1236,1,1,2.030,2.255,0.015,0.234,127,641
17:06:19,19.434,141680,141680,378,POWER_ON,0,0,0,0,-1,0,-1,1,37.496376,126.955849,0.016,0.0,0.026,1,0.0,"6.297,6.718,2.212","-0.176,-2.908,-1.244","-45.150,90.900,-48.300",0,0.0,9.47,3.17,0.8960,19.74,1.497,0,15495,1298,5,1.28,37.496376,126.955848,395,0,1,0,-56,-55.6,1879,31,1237,1,1,1.980,2.251,0.016,0.234,31,642
17:06:19,19.461,141703,141703,378,POWER_ON,0,0,0,0,-1,0,-1,1,37.496376,126.955849,0.016,0.0,0.026,1,0.0,"6.340,6.756,2.418","2.916,-1.595,0.756","-44.250,91.050,-49.950",0,0.0,9.58,3.41,0.9044,19.74,1.497,0,15498,1298,5,1.28,37.496376,126.955848,395,0,1,0,-56,-55.6,1879,54,1237,1,1,1.980,2.251,0.016,0.234,54,642
17:06:19,19.461,141786,141786,378,POWER_ON,0,0,0,0,-1,0,-1,1,37.496376,126.955849,0.012,0.0,0.005,1,0.0,"6.306,6.948,2.523","4.992,-5.046,1.115","-44.700,91.200,-51.300",0,0.0,9.72,7.19,0.9062,19.74,1.497,0,15507,1299,5,1.28,37.496376,126.955848,396,0,1,0,-57,-55.9,1880,73,1238,1,1,1.980,2.251,0.016,0.234,137,642
17:06:19,19.544,141809,141809,378,POWER_ON,0,0,0,0,-1,0,-1,1,37.496376,126.955849,0.012,0.0,0.005,1,0.0,"6.302,6.871,2.342","1.679,-1.176,0.046","-43.800,91.050,-51.450",0,0.0,9.61,2.05,0.8996,19.74,1.497,0,15510,1299,5,1.28,37.496376,126.955848,396,0,1,0,-57,-55.9,1880,96,1238,1,1,1.980,2.251,0.016,0.234,160,642
17:06:19,19.577,141832,141832,378,POWER_ON,0,0,0,0,-1,0,-1,1,37.496376,126.955849,0.012,0.0,0.005,1,0.0,"6.163,6.891,2.294","2.198,-0.802,0.115","-44.550,90.300,-49.650",0,0.0,9.52,2.34,0.8973,19.74,1.497,0,15513,1299,5,1.28,37.496376,126.955848,396,0,1,0,-57,-55.9,1880,119,1238,1,1,1.980,2.251,0.016,0.234,183,642
17:06:19,19.577,141867,141867,378,POWER_ON,0,0,0,0,-1,0,-1,1,37.496376,126.955849,0.012,0.0,0.005,1,0.0,"6.124,6.766,2.433","0.779,2.420,1.794","-43.050,90.600,-50.700",0,0.0,9.44,3.11,0.9051,19.74,1.497,0,15516,1300,5,1.28,37.496376,126.955848,396,0,1,0,-56,-55.9,1881,18,1238,1,1,1.990,2.245,0.020,0.234,18,643
17:06:19,19.660,141890,141890,378,POWER_ON,0,0,0,0,-1,0,-1,1,37.496376,126.955849,0.012,0.0,0.005,1,0.0,"6.187,7.063,2.327","1.420,1.313,0.359","-44.550,90.300,-49.350",0,0.0,9.67,1.97,0.8962,19.74,1.497,0,15519,1300,5,1.28,37.496376,126.955848,396,0,1,0,-56,-55.9,1881,41,1238,1,1,1.990,2.245,0.020,0.234,41,643
17:06:19,19.692,141913,141913,378,POWER_ON,0,0,0,0,-1,0,-1,1,37.496376,126.955849,0.012,0.0,0.005,1,0.0,"6.230,6.981,2.265","2.710,-1.565,1.260","-42.750,91.350,-49.950",0,0.0,9.63,3.37,0.8947,19.74,1.497,0,15522,1300,5,1.28,37.496376,126.955848,396,0,1,0,-56,-55.9,1881,64,1238,1,1,1.990,2.245,0.020,0.234,64,643
17:06:19,19.692,141936,141936,378,POWER_ON,0,0,0,0,-1,0,-1,1,37.496376,126.955849,0.012,0.0,0.005,1,0.0,"6.235,7.087,2.270","0.893,-1.229,-0.519","-42.450,90.900,-51.300",0,0.0,9.71,1.61,0.8934,19.74,1.497,0,15525,1300,5,1.28,37.496376,126.955848,396,0,1,0,-56,-55.9,1881,87,1238,1,1,1.990,2.245,0.020,0.234,87,643
17:06:19,19.693,141995,141995,378,POWER_ON,0,0,0,0,-1,0,-1,1,37.496376,126.955849,0.010,0.0,0.005,1,0.0,"6.163,7.010,2.274","-0.122,-3.450,1.420","-43.500,89.550,-50.400",0,0.0,9.61,3.73,0.8947,19.74,1.497,0,15531,1301,5,1.28,37.496376,126.955848,397,0,1,0,-56,-55.9,1881,146,1238,1,1,1.990,2.245,0.020,0.234,146,643
17:06:20,19.776,142018,142018,378,POWER_ON,0,0,0,0,-1,0,-1,1,37.496376,126.955849,0.010,0.0,0.005,1,0.0,"6.402,6.867,2.289","0.519,-2.038,0.519","-43.200,90.000,-49.050",0,0.0,9.66,2.17,0.8973,19.74,1.497,0,15534,1301,5,1.28,37.496376,126.955848,397,0,1,0,-56,-55.9,1881,169,1238,1,1,1.990,2.245,0.020,0.234,169,643
17:06:20,19.809,142041,142041,378,POWER_ON,0,0,0,0,-1,0,-1,1,37.496376,126.955849,0.010,0.0,0.005,1,0.0,"6.297,6.776,2.313","-0.168,-2.351,-0.336","-42.900,90.900,-48.000",0,0.0,9.53,2.38,0.8997,19.74,1.497,0,15537,1301,5,1.28,37.496376,126.955848,397,0,1,0,-56,-55.9,1882,20,1239,1,1,1.990,2.245,0.020,0.234,192,643
17:06:20,19.809,142076,142076,378,POWER_ON,0,0,0,0,-1,0,-1,1,37.496376,126.955849,0.010,0.0,0.005,1,0.0,"6.397,6.713,2.452","-2.153,-5.183,4.779","-43.950,91.950,-51.000",0,0.0,9.59,7.37,0.9063,19.74,1.497,0,15540,1302,5,1.28,37.496376,126.955848,397,0,1,0,-57,-56.2,1883,26,1239,1,1,1.900,2.238,0.025,0.234,26,644
17:06:20,19.809,142099,142099,378,POWER_ON,0,0,0,0,-1,0,-1,1,37.496376,126.955849,0.010,0.0,0.005,1,0.0,"6.776,6.345,2.447","-1.092,-2.595,0.137","-44.400,89.700,-50.550",0,0.0,9.60,2.82,0.9087,19.74,1.497,0,15543,1302,5,1.28,37.496376,126.955848,397,0,1,0,-57,-56.2,1883,49,1239,1,1,1.900,2.238,0.025,0.234,49,644
17:06:20,19.810,142122,142122,378,POWER_ON,0,0,0,0,-1,0,-1,1,37.496376,126.955849,0.010,0.0,0.005,1,0.0,"6.891,6.383,2.552","-2.031,-6.145,2.328","-43.650,91.200,-51.000",0,0.0,9.73,6.88,0.9119,19.74,1.497,0,15546,1302,5,1.28,37.496376,126.955848,397,0,1,0,-57,-56.3,1884,3,1240,1,1,1.900,2.238,0.025,0.234,72,644
17:06:20,19.893,142145,142145,378,POWER_ON,0,0,0,0,-1,0,-1,1,37.496376,126.955849,0.010,0.0,0.005,1,0.0,"6.498,6.766,2.777","-5.992,-7.603,1.252","-44.250,91.050,-50.400",0,0.0,9.78,9.76,0.9184,19.74,1.497,0,15549,1302,5,1.28,37.496376,126.955848,397,0,1,0,-57,-56.3,1884,26,1240,1,1,1.900,2.238,0.025,0.234,95,644
17:06:20,19.926,142181,142181,378,POWER_ON,0,0,0,0,-1,0,-1,1,37.496376,126.955849,0.017,0.0,0.031,1,0.0,"6.464,6.642,2.461","-6.443,-12.870,1.344","-42.150,90.450,-50.550",0,0.0,9.59,14.46,0.9074,19.74,1.497,0,15552,1303,5,1.28,37.496376,126.955848,398,0,1,0,-57,-56.3,1884,62,1240,1,1,1.900,2.238,0.025,0.234,131,644
17:06:20,19.926,142204,142204,378,POWER_ON,0,0,0,0,-1,0,-1,1,37.496376,126.955849,0.017,0.0,0.031,1,0.0,"6.330,6.685,2.260","-5.298,-7.649,-2.817","-42.750,91.350,-50.700",0,0.0,9.48,9.72,0.8986,19.74,1.497,0,15555,1303,5,1.28,37.496376,126.955848,398,0,1,0,-57,-56.3,1884,85,1240,1,1,1.900,2.238,0.025,0.234,154,644
17:06:20,19.926,142227,142227,378,POWER_ON,0,0,0,0,-1,0,-1,1,37.496376,126.955849,0.017,0.0,0.031,1,0.0,"6.263,6.895,2.289","-4.122,-6.206,-2.916","-43.800,91.350,-51.900",0,0.0,9.59,8.00,0.8970,19.74,1.497,0,15558,1303,5,1.28,37.496376,126.955848,398,0,1,0,-57,-56.3,1884,108,1240,1,1,1.900,2.238,0.025,0.234,177,644
17:06:20,20.009,142250,142250,378,POWER_ON,0,0,0,0,-1,0,-1,1,37.496376,126.955849,0.017,0.0,0.031,1,0.0,"6.369,6.934,2.155","-2.298,-7.366,0.084","-43.500,90.600,-49.650",0,0.0,9.66,7.72,0.8905,19.74,1.497,0,15561,1303,5,1.28,37.496376,126.955848,398,0,1,0,-59,-56.9,1885,21,1241,1,1,1.900,2.238,0.025,0.234,200,644
17:06:20,20.042,142285,142285,378,POWER_ON,0,0,0,0,-1,0,-1,1,37.496376,126.955849,0.017,0.0,0.031,1,0.0,"6.115,7.125,2.284","-1.626,-8.992,0.176","-44.550,91.800,-49.350",0,0.0,9.66,9.14,0.8933,19.74,1.497,0,15564,1304,5,1.28,37.496376,126.955848,398,0,1,0,-61,-57.7,1886,26,1241,1,1,1.960,2.230,0.029,0.234,26,645
17:06:20,20.042,142308,142308,378,POWER_ON,0,0,0,0,-1,0,-1,1,37.496376,126.955849,0.017,0.0,0.031,1,0.0,"6.153,7.096,2.428","-2.031,-6.511,1.611","-42.900,91.200,-51.600",0,0.0,9.70,7.01,0.9000,19.74,1.497,0,15567,1304,5,1.28,37.496376,126.955848,398,0,1,0,-61,-57.7,1886,49,1241,1,1,1.960,2.230,0.029,0.234,49,645
17:06:20,20.141,142332,142332,378,POWER_ON,0,0,0,0,-1,0,-1,1,37.496376,126.955849,0.017,0.0,0.031,1,0.0,"6.206,7.149,2.193","0.901,-1.145,-2.145","-42.000,92.250,-50.700",0,0.0,9.72,2.59,0.8890,19.74,1.497,0,15570,1304,5,1.28,37.496376,126.955848,398,0,1,0,-61,-57.7,1886,73,1241,1,1,1.960,2.230,0.029,0.234,73,645
17:06:20,20.191,142355,142355,378,POWER_ON,0,0,0,0,-1,0,-1,1,37.496376,126.955849,0.017,0.0,0.031,1,0.0,"5.928,7.063,1.925","2.573,-4.214,1.649","-43.200,92.700,-51.000",0,0.0,9.42,5.21,0.8773,19.74,1.497,0,15573,1304,5,1.28,37.496376,126.955848,398,0,1,0,-63,-58.8,1887,5,1242,1,1,1.960,2.230,0.029,0.234,96,645
17:06:20,20.191,142391,142391,378,POWER_ON,0,0,0,0,-1,0,-1,1,37.496376,126.955849,0.020,0.0,0.026,1,0.0,"6.134,7.025,2.145","-6.099,-12.855,4.038","-43.500,91.050,-50.400",0,0.0,9.57,14.79,0.8886,19.74,1.497,0,15576,1305,5,1.28,37.496376,126.955848,399,0,1,0,-63,-58.8,1887,41,1242,1,1,1.960,2.230,0.029,0.234,132,645
17:06:20,20.280,142414,142414,378,POWER_ON,0,0,0,0,-1,0,-1,1,37.496376,126.955849,0.020,0.0,0.026,1,0.0,"6.172,7.111,2.198","-15.962,-21.748,4.565","-42.450,91.950,-50.250",0,0.0,9.67,27.36,0.8898,19.74,1.497,0,15579,1305,5,1.28,37.496376,126.955848,399,0,1,0,-63,-58.8,1887,64,1242,1,1,1.960,2.230,0.029,0.234,155,645
17:06:20,20.316,142437,142437,378,POWER_ON,0,0,0,0,-1,0,-1,1,37.496376,126.955849,0.020,0.0,0.026,1,0.0,"6.254,6.910,2.054","-25.618,-29.733,3.504","-44.400,91.200,-50.250",0,0.0,9.54,39.40,0.8862,19.74,1.497,0,15582,1305,5,1.28,37.496376,126.955848,399,0,1,0,-63,-58.8,1887,87,1242,1,1,1.960,2.230,0.029,0.234,178,645
17:06:20,20.322,142460,142460,378,POWER_ON,0,0,0,0,-1,0,-1,1,37.496376,126.955849,0.020,0.0,0.026,1,0.0,"6.378,6.814,2.030","-26.672,-33.557,3.718","-43.500,91.050,-50.700",0,0.0,9.55,43.03,0.8863,19.74,1.497,0,15585,1305,5,1.28,37.496376,126.955848,399,0,1,0,-63,-58.8,1887,110,1242,1,1,1.960,2.230,0.029,0.234,201,645
17:06:20,20.409,142495,142495,378,POWER_ON,0,0,0,0,-1,0,-1,1,37.496376,126.955849,0.020,0.0,0.026,1,0.0,"6.479,6.828,2.040","-27.252,-28.817,3.626","-42.450,91.200,-49.050",0,0.0,9.63,39.83,0.8865,19.74,1.497,0,15588,1306,5,1.28,37.496376,126.955848,399,0,1,0,-63,-58.8,1887,145,1242,1,1,1.960,2.230,0.029,0.234,236,645
17:06:20,20.445,142518,142518,378,POWER_ON,0,0,0,0,-1,0,-1,1,37.496376,126.955849,0.020,0.0,0.026,1,0.0,"6.512,6.780,1.958","-18.206,-21.366,7.130","-42.150,91.950,-49.050",0,0.0,9.60,28.96,0.8832,19.74,1.497,0,15591,1306,5,1.28,37.496376,126.955848,399,0,1,0,-63,-58.8,1887,168,1242,1,1,1.960,2.230,0.029,0.234,259,645
17:06:20,20.445,142541,142541,378,POWER_ON,0,0,0,0,-1,0,-1,1,37.496376,126.955849,0.020,0.0,0.026,1,0.0,"6.522,6.914,1.973","-8.611,-12.038,2.855","-41.250,91.350,-48.150",0,0.0,9.71,15.07,0.8822,19.74,1.497,0,15594,1306,5,1.28,37.496376,126.955848,399,0,1,0,-63,-58.8,1887,191,1242,1,1,1.960,2.230,0.029,0.234,282,645
17:06:20,20.445,142564,142564,378,POWER_ON,0,0,0,0,-1,0,-1,1,37.496376,126.955849,0.020,0.0,0.026,1,0.0,"6.469,6.871,1.844","-1.023,-6.771,7.969","-43.200,92.400,-49.350",0,0.0,9.62,10.51,0.8766,19.74,1.497,0,15597,1306,5,1.28,37.496376,126.955848,399,0,1,0,-66,-60.2,1888,11,1243,1,1,1.960,2.230,0.029,0.234,305,645
17:06:20,20.446,142600,142600,378,POWER_ON,0,0,0,0,-1,0,-1,1,37.496376,126.955849,0.022,0.0,0.026,1,0.0,"6.445,6.795,1.628","-6.466,-7.718,8.794","-41.700,91.950,-49.500",0,0.0,9.51,13.37,0.8668,19.74,1.497,0,15600,1307,5,1.28,37.496376,126.955849,400,0,1,0,-66,-60.2,1888,47,1243,1,1,1.960,2.230,0.029,0.234,341,645
17:06:20,20.446,142623,142623,378,POWER_ON,0,0,0,0,-1,0,-1,1,37.496376,126.955849,0.022,0.0,0.026,1,0.0,"6.445,6.723,1.441","-7.611,-9.328,6.855","-41.550,91.050,-48.900",0,0.0,9.42,13.85,0.8579,19.74,1.497,0,15603,1307,5,1.28,37.496376,126.955849,400,0,1,0,-66,-60.2,1888,70,1243,1,1,1.960,2.230,0.029,0.234,364,645
17:06:20,20.542,142646,142646,378,POWER_ON,0,0,0,0,-1,0,-1,1,37.496376,126.955849,0.022,0.0,0.026,1,0.0,"6.570,6.651,1.398","-12.458,-12.824,6.534","-43.050,93.750,-48.900",0,0.0,9.45,19.04,0.8562,19.74,1.497,0,15606,1307,5,1.28,37.496376,126.955849,400,0,1,0,-66,-60.2,1888,93,1243,1,1,1.960,2.230,0.029,0.234,387,645
17:06:20,20.580,142669,142669,378,POWER_ON,0,0,0,0,-1,0,-1,1,37.496376,126.955849,0.022,0.0,0.026,1,0.0,"6.699,6.536,1.470","-13.611,-16.947,7.817","-41.550,91.050,-49.350",0,0.0,9.47,23.10,0.8609,19.74,1.497,0,15609,1307,5,1.28,37.496376,126.955849,400,0,1,0,-68,-62.8,1890,8,1244,1,1,1.960,2.209,0.039,0.234,10,646
17:06:20,20.581,142704,142704,378,POWER_ON,0,0,0,0,-1,0,-1,1,37.496376,126.955849,0.022,0.0,0.026,1,0.0,"6.517,6.742,1.724","-19.969,-14.908,5.038","-41.700,92.700,-49.050",0,0.0,9.53,25.42,0.8722,19.74,1.497,0,15612,1308,5,1.28,37.496376,126.955849,400,0,1,0,-68,-62.8,1890,43,1244,1,1,1.960,2.209,0.039,0.234,45,646
17:06:20,20.581,142728,142728,378,POWER_ON,0,0,0,0,-1,0,-1,1,37.496376,126.955849,0.022,0.0,0.026,1,0.0,"7.120,6.239,1.939","-18.580,-16.580,4.901","-43.200,92.700,-49.050",0,0.0,9.66,25.38,0.8845,19.74,1.497,0,15615,1308,5,1.28,37.496376,126.955849,400,0,1,0,-68,-62.8,1890,67,1244,1,1,1.960,2.209,0.039,0.234,69,646
17:06:20,20.605,142751,142751,378,POWER_ON,0,0,0,0,-1,0,-1,1,37.496376,126.955849,0.022,0.0,0.026,1,0.0,"7.254,5.895,2.274","-12.634,-9.901,7.458","-42.450,92.400,-48.000",0,0.0,9.62,17.70,0.9005,19.74,1.497,0,15618,1308,5,1.28,37.496376,126.955849,400,0,1,0,-68,-62.8,1890,90,1244,1,1,1.960,2.209,0.039,0.234,92,646
