17:54:31  시각ms:840326
17:54:31  IMU시각ms:840326
17:54:31  위험:0
17:54:31  원시위험:0
17:54:31  GPS유효:0
17:54:31  위도:0.000000
17:54:31  경도:0.000000
17:54:31  속도:0.00
17:54:31  방향:0.0
17:54:31  GPS원시속도:0.000
17:54:31  GPS원시방향유효:0
17:54:31  GPS원시방향:0.0
17:54:31  가속도:-0.61,0.54,9.71
17:54:31  자이로:0.6,-1.4,2.9
17:54:31  자력계:7.050,0.450,3.150
17:54:31  충격값:0.04
17:54:31  송신:8249
17:54:31  지팡이수신:7704
17:54:31  GPS위성:0
17:54:31  GPS_HDOP:99.00
17:54:31  원시위도:0.000000
17:54:31  원시경도:0.000000
17:54:31  GPS채택:0
17:54:31  GPS이상치거부:0
17:54:31  GPS품질거부:0
17:54:31  GPS재기준:0
17:54:31  계산거리:-1.00
17:54:31  접근속도:0.00
17:54:31  TTC:999.00
17:54:31  방향오차:0.0
17:54:31  전방여부:0
17:54:31  위험음성횟수:0
17:54:31  충격음성횟수:0
17:54:31  마지막위험음성:0
17:54:31  RSSI원시:-75
17:54:31  RSSI평활:-75.1
17:54:31  RSSI샘플:7704
17:54:31  RSSI경과ms:12
17:54:31  위험송신:7704
17:54:31  시각ms:840426
17:54:31  IMU시각ms:840426
17:54:31  위험:0
17:54:31  원시위험:0
17:54:31  GPS유효:0
17:54:31  위도:0.000000
17:54:31  경도:0.000000
17:54:31  속도:0.00
17:54:31  방향:0.0
17:54:31  GPS원시속도:0.000
17:54:31  GPS원시방향유효:0
17:54:31  GPS원시방향:0.0
17:54:31  가속도:-0.63,0.54,9.57
17:54:31  자이로:1.6,0.4,0.8
17:54:31  자력계:7.200,1.950,0.750
17:54:31  충격값:0.12
17:54:31  송신:8250
17:54:31  지팡이수신:7705
17:54:31  GPS위성:0
17:54:31  GPS_HDOP:99.00
17:54:31  원시위도:0.000000
17:54:31  원시경도:0.000000
17:54:31  GPS채택:0
17:54:31  GPS이상치거부:0
17:54:31  GPS품질거부:0
17:54:31  GPS재기준:0
17:54:31  계산거리:-1.00
17:54:31  접근속도:0.00
17:54:31  TTC:999.00
17:54:31  방향오차:0.0
17:54:31  전방여부:0
17:54:31  위험음성횟수:0
17:54:31  충격음성횟수:0
17:54:31  마지막위험음성:0
17:54:31  RSSI원시:-75
17:54:31  RSSI평활:-75.1
17:54:31  RSSI샘플:7705
17:54:31  RSSI경과ms:2
17:54:31  위험송신:7705
17:54:31  시각ms:840576
17:54:31  IMU시각ms:840576
17:54:31  위험:0
17:54:31  원시위험:0
17:54:31  GPS유효:0
17:54:31  위도:0.000000
17:54:31  경도:0.000000
17:54:31  속도:0.00
17:54:31  방향:0.0
17:54:31  GPS원시속도:0.000
17:54:31  GPS원시방향유효:0
17:54:31  GPS원시방향:0.0
17:54:31  가속도:-0.66,0.54,9.55
17:54:31  자이로:4.4,-2.8,-1.2
17:54:31  자력계:7.800,1.350,-0.450
17:54:31  충격값:0.14
17:54:31  송신:8252
17:54:31  지팡이수신:7706
17:54:31  GPS위성:0
17:54:31  GPS_HDOP:99.00
17:54:31  원시위도:0.000000
17:54:31  원시경도:0.000000
17:54:31  GPS채택:0
17:54:31  GPS이상치거부:0
17:54:31  GPS품질거부:0
17:54:31  GPS재기준:0
17:54:31  계산거리:-1.00
17:54:31  접근속도:0.00
17:54:31  TTC:999.00
17:54:31  방향오차:0.0
17:54:31  전방여부:0
17:54:31  위험음성횟수:0
17:54:31  충격음성횟수:0
17:54:31  마지막위험음성:0
17:54:31  RSSI원시:-75
17:54:31  RSSI평활:-75.1
17:54:31  RSSI샘플:7706
17:54:31  RSSI경과ms:55
17:54:31  위험송신:7706
17:54:31  시각ms:840626
17:54:31  IMU시각ms:840626
17:54:31  위험:0
17:54:31  원시위험:0
17:54:31  GPS유효:0
17:54:31  위도:0.000000
17:54:31  경도:0.000000
17:54:31  속도:0.00
17:54:31  방향:0.0
17:54:31  GPS원시속도:0.000
17:54:31  GPS원시방향유효:0
17:54:31  GPS원시방향:0.0
17:54:31  가속도:-0.52,0.69,9.71
17:54:31  자이로:-2.3,-0.3,-1.4
17:54:31  자력계:8.400,0.000,1.050
17:54:31  충격값:0.15
17:54:31  송신:8252
17:54:31  지팡이수신:7706
17:54:31  GPS위성:0
17:54:31  GPS_HDOP:99.00
17:54:31  원시위도:0.000000
17:54:31  원시경도:0.000000
17:54:31  GPS채택:0
17:54:31  GPS이상치거부:0
17:54:31  GPS품질거부:0
17:54:31  GPS재기준:0
17:54:31  계산거리:-1.00
17:54:31  접근속도:0.00
17:54:31  TTC:999.00
17:54:31  방향오차:0.0
17:54:31  전방여부:0
17:54:31  위험음성횟수:0
17:54:31  충격음성횟수:0
17:54:31  마지막위험음성:0
17:54:31  RSSI원시:-75
17:54:31  RSSI평활:-75.1
17:54:31  RSSI샘플:7706
17:54:31  RSSI경과ms:105
17:54:31  위험송신:7706
17:54:32  시각ms:840786
17:54:32  IMU시각ms:840786
17:54:32  위험:0
17:54:32  원시위험:0
17:54:32  GPS유효:0
17:54:32  위도:0.000000
17:54:32  경도:0.000000
17:54:32  속도:0.00
17:54:32  방향:0.0
17:54:32  GPS원시속도:0.000
17:54:32  GPS원시방향유효:0
17:54:32  GPS원시방향:0.0
17:54:32  가속도:-0.52,0.68,9.67
17:54:32  자이로:1.6,-2.4,2.4
17:54:32  자력계:8.550,1.650,1.950
17:54:32  충격값:0.13
17:54:32  송신:8254
17:54:32  지팡이수신:7708
17:54:32  GPS위성:0
17:54:32  GPS_HDOP:99.00
17:54:32  원시위도:0.000000
17:54:32  원시경도:0.000000
17:54:32  GPS채택:0
17:54:32  GPS이상치거부:0
17:54:32  GPS품질거부:0
17:54:32  GPS재기준:0
17:54:32  계산거리:-1.00
17:54:32  접근속도:0.00
17:54:32  TTC:999.00
17:54:32  방향오차:0.0
17:54:32  전방여부:0
17:54:32  위험음성횟수:0
17:54:32  충격음성횟수:0
17:54:32  마지막위험음성:0
17:54:32  RSSI원시:-75
17:54:32  RSSI평활:-75.0
17:54:32  RSSI샘플:7708
17:54:32  RSSI경과ms:53
17:54:32  위험송신:7708
17:54:32  시각ms:840836
17:54:32  IMU시각ms:840836
17:54:32  위험:0
17:54:32  원시위험:0
17:54:32  GPS유효:0
17:54:32  위도:0.000000
17:54:32  경도:0.000000
17:54:32  속도:0.00
17:54:32  방향:0.0
17:54:32  GPS원시속도:0.000
17:54:32  GPS원시방향유효:0
17:54:32  GPS원시방향:0.0
17:54:32  가속도:-0.64,0.68,9.70
17:54:32  자이로:0.5,1.9,-1.9
17:54:32  자력계:6.450,-1.050,3.000
17:54:32  충격값:0.10
17:54:32  송신:8254
17:54:32  지팡이수신:7709
17:54:32  GPS위성:0
17:54:32  GPS_HDOP:99.00
17:54:32  원시위도:0.000000
17:54:32  원시경도:0.000000
17:54:32  GPS채택:0
17:54:32  GPS이상치거부:0
17:54:32  GPS품질거부:0
17:54:32  GPS재기준:0
17:54:32  계산거리:-1.00
17:54:32  접근속도:0.00
17:54:32  TTC:999.00
17:54:32  방향오차:0.0
17:54:32  전방여부:0
17:54:32  위험음성횟수:0
17:54:32  충격음성횟수:0
17:54:32  마지막위험음성:0
17:54:32  RSSI원시:-75
17:54:32  RSSI평활:-75.0
17:54:32  RSSI샘플:7709
17:54:32  RSSI경과ms:9
17:54:32  위험송신:7709
17:54:32  시각ms:841036
17:54:32  IMU시각ms:841036
17:54:32  위험:0
17:54:32  원시위험:0
17:54:32  GPS유효:0
17:54:32  위도:0.000000
17:54:32  경도:0.000000
17:54:32  속도:0.00
17:54:32  방향:0.0
17:54:32  GPS원시속도:0.000
17:54:32  GPS원시방향유효:0
17:54:32  GPS원시방향:0.0
17:54:32  가속도:-0.63,0.71,9.69
17:54:32  자이로:-0.5,2.9,-2.0
17:54:32  자력계:7.200,1.500,1.800
17:54:32  충격값:0.14
17:54:32  송신:8256
17:54:32  지팡이수신:7711
17:54:32  GPS위성:0
17:54:32  GPS_HDOP:99.00
17:54:32  원시위도:0.000000
17:54:32  원시경도:0.000000
17:54:32  GPS채택:0
17:54:32  GPS이상치거부:0
17:54:32  GPS품질거부:0
17:54:32  GPS재기준:0
17:54:32  계산거리:-1.00
17:54:32  접근속도:0.00
17:54:32  TTC:999.00
17:54:32  방향오차:0.0
17:54:32  전방여부:0
17:54:32  위험음성횟수:0
17:54:32  충격음성횟수:0
17:54:32  마지막위험음성:0
17:54:32  RSSI원시:-77
17:54:32  RSSI평활:-75.4
17:54:32  RSSI샘플:7711
17:54:32  RSSI경과ms:3
17:54:32  위험송신:7711
17:54:32  시각ms:841086
17:54:32  IMU시각ms:841086
17:54:32  위험:0
17:54:32  원시위험:0
17:54:32  GPS유효:0
17:54:32  위도:0.000000
17:54:32  경도:0.000000
17:54:32  속도:0.00
17:54:32  방향:0.0
17:54:32  GPS원시속도:0.000
17:54:32  GPS원시방향유효:0
17:54:32  GPS원시방향:0.0
17:54:32  가속도:-0.65,0.74,9.74
17:54:32  자이로:1.0,1.2,-1.2
17:54:32  자력계:7.050,0.450,0.150
17:54:32  충격값:0.17
17:54:32  송신:8257
17:54:32  지팡이수신:7711
17:54:32  GPS위성:0
17:54:32  GPS_HDOP:99.00
17:54:32  원시위도:0.000000
17:54:32  원시경도:0.000000
17:54:32  GPS채택:0
17:54:32  GPS이상치거부:0
17:54:32  GPS품질거부:0
17:54:32  GPS재기준:0
17:54:32  계산거리:-1.00
17:54:32  접근속도:0.00
17:54:32  TTC:999.00
17:54:32  방향오차:0.0
17:54:32  전방여부:0
17:54:32  위험음성횟수:0
17:54:32  충격음성횟수:0
17:54:32  마지막위험음성:0
17:54:32  RSSI원시:-77
17:54:32  RSSI평활:-75.4
17:54:32  RSSI샘플:7711
17:54:32  RSSI경과ms:53
17:54:32  위험송신:7711
17:54:32  시각ms:841186
17:54:32  IMU시각ms:841186
17:54:32  위험:0
17:54:32  원시위험:0
17:54:32  GPS유효:0
17:54:32  위도:0.000000
17:54:32  경도:0.000000
17:54:32  속도:0.00
17:54:32  방향:0.0
17:54:32  GPS원시속도:0.000
17:54:32  GPS원시방향유효:0
17:54:32  GPS원시방향:0.0
17:54:32  가속도:-0.66,0.47,9.73
17:54:32  자이로:1.4,-2.8,3.0
17:54:32  자력계:7.050,1.350,1.650
17:54:32  충격값:0.12
17:54:32  송신:8258
17:54:32  지팡이수신:7712
17:54:32  GPS위성:0
17:54:32  GPS_HDOP:99.00
17:54:32  원시위도:0.000000
17:54:32  원시경도:0.000000
17:54:32  GPS채택:0
17:54:32  GPS이상치거부:0
17:54:32  GPS품질거부:0
17:54:32  GPS재기준:0
17:54:32  계산거리:-1.00
17:54:32  접근속도:0.00
17:54:32  TTC:999.00
17:54:32  방향오차:0.0
17:54:32  전방여부:0
17:54:32  위험음성횟수:0
17:54:32  충격음성횟수:0
17:54:32  마지막위험음성:0
17:54:32  RSSI원시:-79
17:54:32  RSSI평활:-76.1
17:54:32  RSSI샘플:7712
17:54:32  RSSI경과ms:51
17:54:32  위험송신:7712
17:54:32  시각ms:841391
17:54:32  IMU시각ms:841391
17:54:32  위험:0
17:54:32  원시위험:0
17:54:32  GPS유효:0
17:54:32  위도:0.000000
17:54:32  경도:0.000000
17:54:32  속도:0.00
17:54:32  방향:0.0
17:54:32  GPS원시속도:0.000
17:54:32  GPS원시방향유효:0
17:54:32  GPS원시방향:0.0
17:54:32  가속도:-0.64,0.61,9.77
17:54:32  자이로:3.1,-1.1,0.8
17:54:32  자력계:9.150,1.050,-0.750
17:54:32  충격값:0.09
17:54:32  송신:8260
17:54:32  지팡이수신:7714
17:54:32  GPS위성:0
17:54:32  GPS_HDOP:99.00
17:54:32  원시위도:0.000000
17:54:32  원시경도:0.000000
17:54:32  GPS채택:0
17:54:32  GPS이상치거부:0
17:54:32  GPS품질거부:0
17:54:32  GPS재기준:0
17:54:32  계산거리:-1.00
17:54:32  접근속도:0.00
17:54:32  TTC:999.00
17:54:32  방향오차:0.0
17:54:32  전방여부:0
17:54:32  위험음성횟수:0
17:54:32  충격음성횟수:0
17:54:32  마지막위험음성:0
17:54:32  RSSI원시:-79
17:54:32  RSSI평활:-77.2
17:54:32  RSSI샘플:7714
17:54:32  RSSI경과ms:52
17:54:32  위험송신:7714
17:54:32  시각ms:841491
17:54:32  IMU시각ms:841491
17:54:32  위험:0
17:54:32  원시위험:0
17:54:32  GPS유효:0
17:54:32  위도:0.000000
17:54:32  경도:0.000000
17:54:32  속도:0.00
17:54:32  방향:0.0
17:54:32  GPS원시속도:0.000
17:54:32  GPS원시방향유효:0
17:54:32  GPS원시방향:0.0
17:54:32  가속도:-0.57,0.60,9.70
17:54:32  자이로:2.1,-1.2,1.5
17:54:32  자력계:7.350,-0.900,0.450
17:54:32  충격값:0.04
17:54:32  송신:8261
17:54:32  지팡이수신:7715
17:54:32  GPS위성:0
17:54:32  GPS_HDOP:99.00
17:54:32  원시위도:0.000000
17:54:32  원시경도:0.000000
17:54:32  GPS채택:0
17:54:32  GPS이상치거부:0
17:54:32  GPS품질거부:0
17:54:32  GPS재기준:0
17:54:32  계산거리:-1.00
17:54:32  접근속도:0.00
17:54:32  TTC:999.00
17:54:32  방향오차:0.0
17:54:32  전방여부:0
17:54:32  위험음성횟수:0
17:54:32  충격음성횟수:0
17:54:32  마지막위험음성:0
17:54:32  RSSI원시:-82
17:54:32  RSSI평활:-78.1
17:54:32  RSSI샘플:7715
17:54:32  RSSI경과ms:53
17:54:32  위험송신:7715
17:54:32  시각ms:841541
17:54:32  IMU시각ms:841541
17:54:32  위험:0
17:54:32  원시위험:0
17:54:32  GPS유효:0
17:54:32  위도:0.000000
17:54:32  경도:0.000000
17:54:32  속도:0.00
17:54:32  방향:0.0
17:54:32  GPS원시속도:0.000
17:54:32  GPS원시방향유효:0
17:54:32  GPS원시방향:0.0
17:54:32  가속도:-0.57,0.47,9.71
17:54:32  자이로:1.2,-1.7,-1.1
17:54:32  자력계:8.550,0.900,2.400
17:54:32  충격값:0.12
17:54:32  송신:8261
17:54:32  지팡이수신:7715
17:54:32  GPS위성:0
17:54:32  GPS_HDOP:99.00
17:54:32  원시위도:0.000000
17:54:32  원시경도:0.000000
17:54:32  GPS채택:0
17:54:32  GPS이상치거부:0
17:54:32  GPS품질거부:0
17:54:32  GPS재기준:0
17:54:32  계산거리:-1.00
17:54:32  접근속도:0.00
17:54:32  TTC:999.00
17:54:32  방향오차:0.0
17:54:32  전방여부:0
17:54:32  위험음성횟수:0
17:54:32  충격음성횟수:0
17:54:32  마지막위험음성:0
17:54:32  RSSI원시:-82
17:54:32  RSSI평활:-78.1
17:54:32  RSSI샘플:7715
17:54:32  RSSI경과ms:103
17:54:32  위험송신:7715
17:54:32  시각ms:841691
17:54:32  IMU시각ms:841691
17:54:32  위험:0
17:54:32  원시위험:0
17:54:32  GPS유효:0
17:54:32  위도:0.000000
17:54:32  경도:0.000000
17:54:32  속도:0.00
17:54:32  방향:0.0
17:54:32  GPS원시속도:0.000
17:54:32  GPS원시방향유효:0
17:54:32  GPS원시방향:0.0
17:54:32  가속도:-0.61,0.54,9.55
17:54:32  자이로:-0.2,0.1,-0.6
17:54:32  자력계:7.800,0.900,1.200
17:54:32  충격값:0.15
17:54:32  송신:8263
17:54:32  지팡이수신:7716
17:54:32  GPS위성:0
17:54:32  GPS_HDOP:99.00
17:54:32  원시위도:0.000000
17:54:32  원시경도:0.000000
17:54:32  GPS채택:0
17:54:32  GPS이상치거부:0
17:54:32  GPS품질거부:0
17:54:32  GPS재기준:0
17:54:32  계산거리:-1.00
17:54:32  접근속도:0.00
17:54:32  TTC:999.00
17:54:32  방향오차:0.0
17:54:32  전방여부:0
17:54:32  위험음성횟수:0
17:54:32  충격음성횟수:0
17:54:32  마지막위험음성:0
17:54:32  RSSI원시:-79
17:54:32  RSSI평활:-78.3
17:54:32  RSSI샘플:7716
17:54:32  RSSI경과ms:33
17:54:32  위험송신:7716
17:54:32  시각ms:841741
17:54:32  IMU시각ms:841741
17:54:32  위험:0
17:54:32  원시위험:0
17:54:32  GPS유효:0
17:54:32  위도:0.000000
17:54:32  경도:0.000000
17:54:32  속도:0.00
17:54:32  방향:0.0
17:54:32  GPS원시속도:0.000
17:54:32  GPS원시방향유효:0
17:54:32  GPS원시방향:0.0
17:54:32  가속도:-0.50,0.66,9.68
17:54:32  자이로:1.4,2.2,-2.3
17:54:32  자력계:5.850,1.650,1.950
17:54:32  충격값:0.13
17:54:32  송신:8263
17:54:32  지팡이수신:7716
17:54:32  GPS위성:0
17:54:32  GPS_HDOP:99.00
17:54:32  원시위도:0.000000
17:54:32  원시경도:0.000000
17:54:32  GPS채택:0
17:54:32  GPS이상치거부:0
17:54:32  GPS품질거부:0
17:54:32  GPS재기준:0
17:54:32  계산거리:-1.00
17:54:32  접근속도:0.00
17:54:32  TTC:999.00
17:54:32  방향오차:0.0
17:54:32  전방여부:0
17:54:32  위험음성횟수:0
17:54:32  충격음성횟수:0
17:54:32  마지막위험음성:0
17:54:32  RSSI원시:-79
17:54:32  RSSI평활:-78.3
17:54:32  RSSI샘플:7716
17:54:32  RSSI경과ms:83
17:54:32  위험송신:7716
17:54:33  시각ms:841841
17:54:33  IMU시각ms:841841
17:54:33  위험:0
17:54:33  원시위험:0
17:54:33  GPS유효:0
17:54:33  위도:0.000000
17:54:33  경도:0.000000
17:54:33  속도:0.00
17:54:33  방향:0.0
17:54:33  GPS원시속도:0.000
17:54:33  GPS원시방향유효:0
17:54:33  GPS원시방향:0.0
17:54:33  가속도:-0.56,0.62,9.68
17:54:33  자이로:-0.3,-1.0,0.8
17:54:33  자력계:8.850,0.450,0.900
17:54:33  충격값:0.05
17:54:33  송신:8264
17:54:33  지팡이수신:7717
17:54:33  GPS위성:0
17:54:33  GPS_HDOP:99.00
17:54:33  원시위도:0.000000
17:54:33  원시경도:0.000000
17:54:33  GPS채택:0
17:54:33  GPS이상치거부:0
17:54:33  GPS품질거부:0
17:54:33  GPS재기준:0
17:54:33  계산거리:-1.00
17:54:33  접근속도:0.00
17:54:33  TTC:999.00
17:54:33  방향오차:0.0
17:54:33  전방여부:0
17:54:33  위험음성횟수:0
17:54:33  충격음성횟수:0
17:54:33  마지막위험음성:0
17:54:33  RSSI원시:-82
17:54:33  RSSI평활:-79.0
17:54:33  RSSI샘플:7717
17:54:33  RSSI경과ms:87
17:54:33  위험송신:7717
17:54:33  시각ms:842091
17:54:33  IMU시각ms:842091
17:54:33  위험:0
17:54:33  원시위험:0
17:54:33  GPS유효:0
17:54:33  위도:0.000000
17:54:33  경도:0.000000
17:54:33  속도:0.00
17:54:33  방향:0.0
17:54:33  GPS원시속도:0.000
17:54:33  GPS원시방향유효:0
17:54:33  GPS원시방향:0.0
17:54:33  가속도:-0.70,0.67,9.67
17:54:33  자이로:0.2,-0.3,-0.0
17:54:33  자력계:7.500,0.750,-1.050
17:54:33  충격값:0.12
17:54:33  송신:8267
17:54:33  지팡이수신:7720
17:54:33  GPS위성:0
17:54:33  GPS_HDOP:99.00
17:54:33  원시위도:0.000000
17:54:33  원시경도:0.000000
17:54:33  GPS채택:0
17:54:33  GPS이상치거부:0
17:54:33  GPS품질거부:0
17:54:33  GPS재기준:0
17:54:33  계산거리:-1.00
17:54:33  접근속도:0.00
17:54:33  TTC:999.00
17:54:33  방향오차:0.0
17:54:33  전방여부:0
17:54:33  위험음성횟수:0
17:54:33  충격음성횟수:0
17:54:33  마지막위험음성:0
17:54:33  RSSI원시:-80
17:54:33  RSSI평활:-80.3
17:54:33  RSSI샘플:7720
17:54:33  RSSI경과ms:35
17:54:33  위험송신:7720
17:54:33  시각ms:842191
17:54:33  IMU시각ms:842191
17:54:33  위험:0
17:54:33  원시위험:0
17:54:33  GPS유효:0
17:54:33  위도:0.000000
17:54:33  경도:0.000000
17:54:33  속도:0.00
17:54:33  방향:0.0
17:54:33  GPS원시속도:0.000
17:54:33  GPS원시방향유효:0
17:54:33  GPS원시방향:0.0
17:54:33  가속도:-0.63,0.62,9.76
17:54:33  자이로:-1.2,-0.2,-2.6
17:54:33  자력계:7.050,0.450,1.950
17:54:33  충격값:0.08
17:54:33  송신:8268
17:54:33  지팡이수신:7721
17:54:33  GPS위성:0
17:54:33  GPS_HDOP:99.00
17:54:33  원시위도:0.000000
17:54:33  원시경도:0.000000
17:54:33  GPS채택:0
17:54:33  GPS이상치거부:0
17:54:33  GPS품질거부:0
17:54:33  GPS재기준:0
17:54:33  계산거리:-1.00
17:54:33  접근속도:0.00
17:54:33  TTC:999.00
17:54:33  방향오차:0.0
17:54:33  전방여부:0
17:54:33  위험음성횟수:0
17:54:33  충격음성횟수:0
17:54:33  마지막위험음성:0
17:54:33  RSSI원시:-80
17:54:33  RSSI평활:-80.3
17:54:33  RSSI샘플:7721
17:54:33  RSSI경과ms:36
17:54:33  위험송신:7721
17:54:33  시각ms:842241
17:54:33  IMU시각ms:842241
17:54:33  위험:0
17:54:33  원시위험:0
17:54:33  GPS유효:0
17:54:33  위도:0.000000
17:54:33  경도:0.000000
17:54:33  속도:0.00
17:54:33  방향:0.0
17:54:33  GPS원시속도:0.000
17:54:33  GPS원시방향유효:0
17:54:33  GPS원시방향:0.0
17:54:33  가속도:-0.67,0.56,9.67
17:54:33  자이로:0.1,-1.3,-1.7
17:54:33  자력계:8.100,0.900,2.700
17:54:33  충격값:0.06
17:54:33  송신:8268
17:54:33  지팡이수신:7721
17:54:33  GPS위성:0
17:54:33  GPS_HDOP:99.00
17:54:33  원시위도:0.000000
17:54:33  원시경도:0.000000
17:54:33  GPS채택:0
17:54:33  GPS이상치거부:0
17:54:33  GPS품질거부:0
17:54:33  GPS재기준:0
17:54:33  계산거리:-1.00
17:54:33  접근속도:0.00
17:54:33  TTC:999.00
17:54:33  방향오차:0.0
17:54:33  전방여부:0
17:54:33  위험음성횟수:0
17:54:33  충격음성횟수:0
17:54:33  마지막위험음성:0
17:54:33  RSSI원시:-80
17:54:33  RSSI평활:-80.3
17:54:33  RSSI샘플:7721
17:54:33  RSSI경과ms:86
17:54:33  위험송신:7721
17:54:33  시각ms:842396
17:54:33  IMU시각ms:842396
17:54:33  위험:0
17:54:33  원시위험:0
17:54:33  GPS유효:0
17:54:33  위도:0.000000
17:54:33  경도:0.000000
17:54:33  속도:0.00
17:54:33  방향:0.0
17:54:33  GPS원시속도:0.000
17:54:33  GPS원시방향유효:0
17:54:33  GPS원시방향:0.0
17:54:33  가속도:-0.60,0.63,9.77
17:54:33  자이로:0.5,-0.3,-1.8
17:54:33  자력계:8.400,2.250,1.500
17:54:33  충격값:0.10
17:54:33  송신:8270
17:54:33  지팡이수신:7722
17:54:33  GPS위성:0
17:54:33  GPS_HDOP:99.00
17:54:33  원시위도:0.000000
17:54:33  원시경도:0.000000
17:54:33  GPS채택:0
17:54:33  GPS이상치거부:0
17:54:33  GPS품질거부:0
17:54:33  GPS재기준:0
17:54:33  계산거리:-1.00
17:54:33  접근속도:0.00
17:54:33  TTC:999.00
17:54:33  방향오차:0.0
17:54:33  전방여부:0
17:54:33  위험음성횟수:0
17:54:33  충격음성횟수:0
17:54:33  마지막위험음성:0
17:54:33  RSSI원시:-79
17:54:33  RSSI평활:-80.0
17:54:33  RSSI샘플:7722
17:54:33  RSSI경과ms:140
17:54:33  위험송신:7722
17:54:33  시각ms:842446
17:54:33  IMU시각ms:842446
17:54:33  위험:0
17:54:33  원시위험:0
17:54:33  GPS유효:0
17:54:33  위도:0.000000
17:54:33  경도:0.000000
17:54:33  속도:0.00
17:54:33  방향:0.0
17:54:33  GPS원시속도:0.000
17:54:33  GPS원시방향유효:0
17:54:33  GPS원시방향:0.0
17:54:33  가속도:-0.65,0.68,9.67
17:54:33  자이로:1.1,-0.9,-0.7
17:54:33  자력계:8.850,1.350,0.150
17:54:33  충격값:0.11
17:54:33  송신:8270
17:54:33  지팡이수신:7722
17:54:33  GPS위성:0
17:54:33  GPS_HDOP:99.00
17:54:33  원시위도:0.000000
17:54:33  원시경도:0.000000
17:54:33  GPS채택:0
17:54:33  GPS이상치거부:0
17:54:33  GPS품질거부:0
17:54:33  GPS재기준:0
17:54:33  계산거리:-1.00
17:54:33  접근속도:0.00
17:54:33  TTC:999.00
17:54:33  방향오차:0.0
17:54:33  전방여부:0
17:54:33  위험음성횟수:0
17:54:33  충격음성횟수:0
17:54:33  마지막위험음성:0
17:54:33  RSSI원시:-79
17:54:33  RSSI평활:-80.0
17:54:33  RSSI샘플:7722
17:54:33  RSSI경과ms:190
17:54:33  위험송신:7722
17:54:33  시각ms:842496
17:54:33  IMU시각ms:842496
17:54:33  위험:0
17:54:33  원시위험:0
17:54:33  GPS유효:0
17:54:33  위도:0.000000
17:54:33  경도:0.000000
17:54:33  속도:0.00
17:54:33  방향:0.0
17:54:33  GPS원시속도:0.000
17:54:33  GPS원시방향유효:0
17:54:33  GPS원시방향:0.0
17:54:33  가속도:-0.57,0.51,9.71
17:54:33  자이로:-0.4,-1.7,-1.7
17:54:33  자력계:7.500,1.950,0.000
17:54:33  충격값:0.09
17:54:33  송신:8271
17:54:33  지팡이수신:7723
17:54:33  GPS위성:0
17:54:33  GPS_HDOP:99.00
17:54:33  원시위도:0.000000
17:54:33  원시경도:0.000000
17:54:33  GPS채택:0
17:54:33  GPS이상치거부:0
17:54:33  GPS품질거부:0
17:54:33  GPS재기준:0
17:54:33  계산거리:-1.00
17:54:33  접근속도:0.00
17:54:33  TTC:999.00
17:54:33  방향오차:0.0
17:54:33  전방여부:0
17:54:33  위험음성횟수:0
17:54:33  충격음성횟수:0
17:54:33  마지막위험음성:0
17:54:33  RSSI원시:-76
17:54:33  RSSI평활:-79.2
17:54:33  RSSI샘플:7723
17:54:33  RSSI경과ms:32
17:54:33  위험송신:7723
17:54:33  시각ms:842746
17:54:34  IMU시각ms:842746
17:54:34  위험:0
17:54:34  원시위험:0
17:54:34  GPS유효:0
17:54:34  위도:0.000000
17:54:34  경도:0.000000
17:54:34  속도:0.00
17:54:34  방향:0.0
17:54:34  GPS원시속도:0.000
17:54:34  GPS원시방향유효:0
17:54:34  GPS원시방향:0.0
17:54:34  가속도:-0.64,0.71,9.75
17:54:34  자이로:-0.2,2.4,-0.4
17:54:34  자력계:7.050,0.900,0.900
17:54:34  충격값:0.15
17:54:34  송신:8273
17:54:34  지팡이수신:7725
17:54:34  GPS위성:0
17:54:34  GPS_HDOP:99.00
17:54:34  원시위도:0.000000
17:54:34  원시경도:0.000000
17:54:34  GPS채택:0
17:54:34  GPS이상치거부:0
17:54:34  GPS품질거부:0
17:54:34  GPS재기준:0
17:54:34  계산거리:-1.00
17:54:34  접근속도:0.00
17:54:34  TTC:999.00
17:54:34  방향오차:0.0
17:54:34  전방여부:0
17:54:34  위험음성횟수:0
17:54:34  충격음성횟수:0
17:54:34  마지막위험음성:0
17:54:34  RSSI원시:-82
17:54:34  RSSI평활:-80.1
17:54:34  RSSI샘플:7725
17:54:34  RSSI경과ms:77
17:54:34  위험송신:7725
17:54:34  시각ms:842796
17:54:34  IMU시각ms:842796
17:54:34  위험:0
17:54:34  원시위험:0
17:54:34  GPS유효:0
17:54:34  위도:0.000000
17:54:34  경도:0.000000
17:54:34  속도:0.00
17:54:34  방향:0.0
17:54:34  GPS원시속도:0.000
17:54:34  GPS원시방향유효:0
17:54:34  GPS원시방향:0.0
17:54:34  가속도:-0.59,0.64,9.68
17:54:34  자이로:-1.1,1.8,-1.4
17:54:34  자력계:7.800,2.550,1.200
17:54:34  충격값:0.06
17:54:34  송신:8274
17:54:34  지팡이수신:7726
17:54:34  GPS위성:0
17:54:34  GPS_HDOP:99.00
17:54:34  원시위도:0.000000
17:54:34  원시경도:0.000000
17:54:34  GPS채택:0
17:54:34  GPS이상치거부:0
17:54:34  GPS품질거부:0
17:54:34  GPS재기준:0
17:54:34  계산거리:-1.00
17:54:34  접근속도:0.00
17:54:34  TTC:999.00
17:54:34  방향오차:0.0
17:54:34  전방여부:0
17:54:34  위험음성횟수:0
17:54:34  충격음성횟수:0
17:54:34  마지막위험음성:0
17:54:34  RSSI원시:-75
17:54:34  RSSI평활:-79.0
17:54:34  RSSI샘플:7726
17:54:34  RSSI경과ms:25
17:54:34  위험송신:7726
17:54:34  시각ms:843096
17:54:34  IMU시각ms:843096
17:54:34  위험:0
17:54:34  원시위험:0
17:54:34  GPS유효:0
17:54:34  위도:0.000000
17:54:34  경도:0.000000
17:54:34  속도:0.00
17:54:34  방향:0.0
17:54:34  GPS원시속도:0.000
17:54:34  GPS원시방향유효:0
17:54:34  GPS원시방향:0.0
17:54:34  가속도:-0.53,0.56,9.73
17:54:34  자이로:1.2,-0.8,2.9
17:54:34  자력계:8.100,2.550,1.200
17:54:34  충격값:0.10
17:54:34  송신:8277
17:54:34  지팡이수신:7729
17:54:34  GPS위성:0
17:54:34  GPS_HDOP:99.00
17:54:34  원시위도:0.000000
17:54:34  원시경도:0.000000
17:54:34  GPS채택:0
17:54:34  GPS이상치거부:0
17:54:34  GPS품질거부:0
17:54:34  GPS재기준:0
17:54:34  계산거리:-1.00
17:54:34  접근속도:0.00
17:54:34  TTC:999.00
17:54:34  방향오차:0.0
17:54:34  전방여부:0
17:54:34  위험음성횟수:0
17:54:34  충격음성횟수:0
17:54:34  마지막위험음성:0
17:54:34  RSSI원시:-80
17:54:34  RSSI평활:-79.5
17:54:34  RSSI샘플:7729
17:54:34  RSSI경과ms:24
17:54:34  위험송신:7729
17:54:34  시각ms:843146
17:54:34  IMU시각ms:843146
17:54:34  위험:0
17:54:34  원시위험:0
17:54:34  GPS유효:0
17:54:34  위도:0.000000
17:54:34  경도:0.000000
17:54:34  속도:0.00
17:54:34  방향:0.0
17:54:34  GPS원시속도:0.000
17:54:34  GPS원시방향유효:0
17:54:34  GPS원시방향:0.0
17:54:34  가속도:-0.66,0.68,9.72
17:54:34  자이로:2.3,-0.1,-0.2
17:54:34  자력계:6.750,0.000,0.300
17:54:34  충격값:0.12
17:54:34  송신:8277
17:54:34  지팡이수신:7729
17:54:34  GPS위성:0
17:54:34  GPS_HDOP:99.00
17:54:34  원시위도:0.000000
17:54:34  원시경도:0.000000
17:54:34  GPS채택:0
17:54:34  GPS이상치거부:0
17:54:34  GPS품질거부:0
17:54:34  GPS재기준:0
17:54:34  계산거리:-1.00
17:54:34  접근속도:0.00
17:54:34  TTC:999.00
17:54:34  방향오차:0.0
17:54:34  전방여부:0
17:54:34  위험음성횟수:0
17:54:34  충격음성횟수:0
17:54:34  마지막위험음성:0
17:54:34  RSSI원시:-80
17:54:34  RSSI평활:-79.5
17:54:34  RSSI샘플:7729
17:54:34  RSSI경과ms:74
17:54:34  위험송신:7729
17:54:34  시각ms:843196
17:54:34  IMU시각ms:843196
17:54:34  위험:0
17:54:34  원시위험:0
17:54:34  GPS유효:0
17:54:34  위도:0.000000
17:54:34  경도:0.000000
17:54:34  속도:0.00
17:54:34  방향:0.0
17:54:34  GPS원시속도:0.000
17:54:34  GPS원시방향유효:0
17:54:34  GPS원시방향:0.0
17:54:34  가속도:-0.61,0.64,9.69
17:54:34  자이로:-1.1,0.2,-3.3
17:54:34  자력계:7.200,2.250,1.500
17:54:34  충격값:0.06
17:54:34  송신:8278
17:54:34  지팡이수신:7730
17:54:34  GPS위성:0
17:54:34  GPS_HDOP:99.00
17:54:34  원시위도:0.000000
17:54:34  원시경도:0.000000
17:54:34  GPS채택:0
17:54:34  GPS이상치거부:0
17:54:34  GPS품질거부:0
17:54:34  GPS재기준:0
17:54:34  계산거리:-1.00
17:54:34  접근속도:0.00
17:54:34  TTC:999.00
17:54:34  방향오차:0.0
17:54:34  전방여부:0
17:54:34  위험음성횟수:0
17:54:34  충격음성횟수:0
17:54:34  마지막위험음성:0
17:54:34  RSSI원시:-79
17:54:34  RSSI평활:-79.4
17:54:34  RSSI샘플:7730
17:54:34  RSSI경과ms:23
17:54:34  위험송신:7730
17:54:34  시각ms:843350
17:54:34  IMU시각ms:843350
17:54:34  위험:0
17:54:34  원시위험:0
17:54:34  GPS유효:0
17:54:34  위도:0.000000
17:54:34  경도:0.000000
17:54:34  속도:0.00
17:54:34  방향:0.0
17:54:34  GPS원시속도:0.000
17:54:34  GPS원시방향유효:0
17:54:34  GPS원시방향:0.0
17:54:34  가속도:-0.61,0.56,9.70
17:54:34  자이로:-1.3,0.8,-1.4
17:54:34  자력계:7.950,0.750,1.050
17:54:34  충격값:0.02
17:54:34  송신:8279
17:54:34  지팡이수신:7731
17:54:34  GPS위성:0
17:54:34  GPS_HDOP:99.00
17:54:34  원시위도:0.000000
17:54:34  원시경도:0.000000
17:54:34  GPS채택:0
17:54:34  GPS이상치거부:0
17:54:34  GPS품질거부:0
17:54:34  GPS재기준:0
17:54:34  계산거리:-1.00
17:54:34  접근속도:0.00
17:54:34  TTC:999.00
17:54:34  방향오차:0.0
17:54:34  전방여부:0
17:54:34  위험음성횟수:0
17:54:34  충격음성횟수:0
17:54:34  마지막위험음성:0
17:54:34  RSSI원시:-75
17:54:34  RSSI평활:-78.5
17:54:34  RSSI샘플:7731
17:54:34  RSSI경과ms:74
17:54:34  위험송신:7731
17:54:34  시각ms:843550
17:54:34  IMU시각ms:843550
17:54:34  위험:0
17:54:34  원시위험:0
17:54:34  GPS유효:0
17:54:34  위도:0.000000
17:54:34  경도:0.000000
17:54:34  속도:0.00
17:54:34  방향:0.0
17:54:34  GPS원시속도:0.000
17:54:34  GPS원시방향유효:0
17:54:34  GPS원시방향:0.0
17:54:34  가속도:-0.66,0.62,9.75
17:54:34  자이로:1.0,-1.1,1.6
17:54:34  자력계:6.300,2.100,1.650
17:54:34  충격값:0.09
17:54:34  송신:8281
17:54:34  지팡이수신:7733
17:54:34  GPS위성:0
17:54:34  GPS_HDOP:99.00
17:54:34  원시위도:0.000000
17:54:34  원시경도:0.000000
17:54:34  GPS채택:0
17:54:34  GPS이상치거부:0
17:54:34  GPS품질거부:0
17:54:34  GPS재기준:0
17:54:34  계산거리:-1.00
17:54:34  접근속도:0.00
17:54:34  TTC:999.00
17:54:34  방향오차:0.0
17:54:34  전방여부:0
17:54:34  위험음성횟수:0
17:54:34  충격음성횟수:0
17:54:34  마지막위험음성:0
17:54:34  RSSI원시:-78
17:54:34  RSSI평활:-77.9
17:54:34  RSSI샘플:7733
17:54:34  RSSI경과ms:69
17:54:34  위험송신:7733
17:54:34  시각ms:843650
17:54:34  IMU시각ms:843650
17:54:34  위험:0
17:54:34  원시위험:0
17:54:34  GPS유효:0
17:54:34  위도:0.000000
17:54:34  경도:0.000000
17:54:34  속도:0.00
17:54:34  방향:0.0
17:54:34  GPS원시속도:0.000
17:54:34  GPS원시방향유효:0
17:54:34  GPS원시방향:0.0
17:54:34  가속도:-0.61,0.51,9.57
17:54:34  자이로:0.6,1.3,-3.3
17:54:34  자력계:8.550,1.350,0.900
17:54:34  충격값:0.13
17:54:34  송신:8282
17:54:34  지팡이수신:7734
17:54:34  GPS위성:0
17:54:34  GPS_HDOP:99.00
17:54:34  원시위도:0.000000
17:54:34  원시경도:0.000000
17:54:34  GPS채택:0
17:54:34  GPS이상치거부:0
17:54:34  GPS품질거부:0
17:54:34  GPS재기준:0
17:54:34  계산거리:-1.00
17:54:34  접근속도:0.00
17:54:34  TTC:999.00
17:54:34  방향오차:0.0
17:54:34  전방여부:0
17:54:34  위험음성횟수:0
17:54:34  충격음성횟수:0
17:54:34  마지막위험음성:0
17:54:34  RSSI원시:-79
17:54:34  RSSI평활:-78.1
17:54:34  RSSI샘플:7734
17:54:34  RSSI경과ms:63
17:54:34  위험송신:7734
17:54:35  시각ms:844151
17:54:35  IMU시각ms:844151
17:54:35  위험:0
17:54:35  원시위험:0
17:54:35  GPS유효:0
17:54:35  위도:0.000000
17:54:35  경도:0.000000
17:54:35  속도:0.00
17:54:35  방향:0.0
17:54:35  GPS원시속도:0.000
17:54:35  GPS원시방향유효:0
17:54:35  GPS원시방향:0.0
17:54:35  가속도:-0.56,0.54,9.64
17:54:35  자이로:1.2,-0.8,1.3
17:54:35  자력계:7.500,1.050,1.050
17:54:35  충격값:0.07
17:54:35  송신:8287
17:54:35  지팡이수신:7739
17:54:35  GPS위성:0
17:54:35  GPS_HDOP:99.00
17:54:35  원시위도:0.000000
17:54:35  원시경도:0.000000
17:54:35  GPS채택:0
17:54:35  GPS이상치거부:0
17:54:35  GPS품질거부:0
17:54:35  GPS재기준:0
17:54:35  계산거리:-1.00
17:54:35  접근속도:0.00
17:54:35  TTC:999.00
17:54:35  방향오차:0.0
17:54:35  전방여부:0
17:54:35  위험음성횟수:0
17:54:35  충격음성횟수:0
17:54:35  마지막위험음성:0
17:54:35  RSSI원시:-80
17:54:35  RSSI평활:-79.0
17:54:35  RSSI샘플:7739
17:54:35  RSSI경과ms:31
17:54:35  위험송신:7739
17:54:35  시각ms:844201
17:54:35  IMU시각ms:844201
17:54:35  위험:0
17:54:35  원시위험:0
17:54:35  GPS유효:0
17:54:35  위도:0.000000
17:54:35  경도:0.000000
17:54:35  속도:0.00
17:54:35  방향:0.0
17:54:35  GPS원시속도:0.000
17:54:35  GPS원시방향유효:0
17:54:35  GPS원시방향:0.0
17:54:35  가속도:-0.56,0.62,9.67
17:54:35  자이로:1.9,-2.9,0.0
17:54:35  자력계:7.200,1.050,1.800
17:54:35  충격값:0.05
17:54:35  송신:8288
17:54:35  지팡이수신:7740
17:54:35  GPS위성:0
17:54:35  GPS_HDOP:99.00
17:54:35  원시위도:0.000000
17:54:35  원시경도:0.000000
17:54:35  GPS채택:0
17:54:35  GPS이상치거부:0
17:54:35  GPS품질거부:0
17:54:35  GPS재기준:0
17:54:35  계산거리:-1.00
17:54:35  접근속도:0.00
17:54:35  TTC:999.00
17:54:35  방향오차:0.0
17:54:35  전방여부:0
17:54:35  위험음성횟수:0
17:54:35  충격음성횟수:0
17:54:35  마지막위험음성:0
17:54:35  RSSI원시:-79
17:54:35  RSSI평활:-79.0
17:54:35  RSSI샘플:7740
17:54:35  RSSI경과ms:3
17:54:35  위험송신:7740
17:54:35  시각ms:844251
17:54:35  IMU시각ms:844251
17:54:35  위험:0
17:54:35  원시위험:0
17:54:35  GPS유효:0
17:54:35  위도:0.000000
17:54:35  경도:0.000000
17:54:35  속도:0.00
17:54:35  방향:0.0
17:54:35  GPS원시속도:0.000
17:54:35  GPS원시방향유효:0
17:54:35  GPS원시방향:0.0
17:54:35  가속도:-0.50,0.57,9.63
17:54:35  자이로:1.7,-3.7,-0.2
17:54:35  자력계:6.600,0.450,0.900
17:54:35  충격값:0.11
17:54:35  송신:8288
17:54:35  지팡이수신:7740
17:54:35  GPS위성:0
17:54:35  GPS_HDOP:99.00
17:54:35  원시위도:0.000000
17:54:35  원시경도:0.000000
17:54:35  GPS채택:0
17:54:35  GPS이상치거부:0
17:54:35  GPS품질거부:0
17:54:35  GPS재기준:0
17:54:35  계산거리:-1.00
17:54:35  접근속도:0.00
17:54:35  TTC:999.00
17:54:35  방향오차:0.0
17:54:35  전방여부:0
17:54:35  위험음성횟수:0
17:54:35  충격음성횟수:0
17:54:35  마지막위험음성:0
17:54:35  RSSI원시:-79
17:54:35  RSSI평활:-79.0
17:54:35  RSSI샘플:7740
17:54:35  RSSI경과ms:53
17:54:35  위험송신:7740
17:54:35  시각ms:844305
17:54:35  IMU시각ms:844305
17:54:35  위험:0
17:54:35  원시위험:0
17:54:35  GPS유효:0
17:54:35  위도:0.000000
17:54:35  경도:0.000000
17:54:35  속도:0.00
17:54:35  방향:0.0
17:54:35  GPS원시속도:0.000
17:54:35  GPS원시방향유효:0
17:54:35  GPS원시방향:0.0
17:54:35  가속도:-0.68,0.57,9.64
17:54:35  자이로:-2.8,4.6,-3.5
17:54:35  자력계:6.300,2.100,1.650
17:54:35  충격값:0.09
17:54:35  송신:8289
17:54:35  지팡이수신:7741
17:54:35  GPS위성:0
17:54:35  GPS_HDOP:99.00
17:54:35  원시위도:0.000000
17:54:35  원시경도:0.000000
17:54:35  GPS채택:0
17:54:35  GPS이상치거부:0
17:54:35  GPS품질거부:0
17:54:35  GPS재기준:0
17:54:35  계산거리:-1.00
17:54:35  접근속도:0.00
17:54:35  TTC:999.00
17:54:35  방향오차:0.0
17:54:35  전방여부:0
17:54:35  위험음성횟수:0
17:54:35  충격음성횟수:0
17:54:35  마지막위험음성:0
17:54:35  RSSI원시:-78
17:54:35  RSSI평활:-78.8
17:54:35  RSSI샘플:7741
17:54:35  RSSI경과ms:7
17:54:35  위험송신:7741
17:54:36  시각ms:844858
17:54:36  IMU시각ms:844858
17:54:36  위험:0
17:54:36  원시위험:0
17:54:36  GPS유효:0
17:54:36  위도:0.000000
17:54:36  경도:0.000000
17:54:36  속도:0.00
17:54:36  방향:0.0
17:54:36  GPS원시속도:0.000
17:54:36  GPS원시방향유효:0
17:54:36  GPS원시방향:0.0
17:54:36  가속도:-0.58,0.55,9.72
17:54:36  자이로:1.4,-4.0,-0.3
17:54:36  자력계:7.950,1.050,2.250
17:54:36  충격값:0.05
17:54:36  송신:8294
17:54:36  지팡이수신:7746
17:54:36  GPS위성:0
17:54:36  GPS_HDOP:99.00
17:54:36  원시위도:0.000000
17:54:36  원시경도:0.000000
17:54:36  GPS채택:0
17:54:36  GPS이상치거부:0
17:54:36  GPS품질거부:0
17:54:36  GPS재기준:0
17:54:36  계산거리:-1.00
17:54:36  접근속도:0.00
17:54:36  TTC:999.00
17:54:36  방향오차:0.0
17:54:36  전방여부:0
17:54:36  위험음성횟수:0
17:54:36  충격음성횟수:0
17:54:36  마지막위험음성:0
17:54:36  RSSI원시:-78
17:54:36  RSSI평활:-78.4
17:54:36  RSSI샘플:7746
17:54:36  RSSI경과ms:40
17:54:36  위험송신:7746
17:54:36  시각ms:844908
17:54:36  IMU시각ms:844908
17:54:36  위험:0
17:54:36  원시위험:0
17:54:36  GPS유효:0
17:54:36  위도:0.000000
17:54:36  경도:0.000000
17:54:36  속도:0.00
17:54:36  방향:0.0
17:54:36  GPS원시속도:0.000
17:54:36  GPS원시방향유효:0
17:54:36  GPS원시방향:0.0
17:54:36  가속도:-0.53,0.62,9.67
17:54:36  자이로:2.8,-0.1,-1.9
17:54:36  자력계:7.800,-1.350,0.900
17:54:36  충격값:0.09
17:54:36  송신:8295
17:54:36  지팡이수신:7746
17:54:36  GPS위성:0
17:54:36  GPS_HDOP:99.00
17:54:36  원시위도:0.000000
17:54:36  원시경도:0.000000
17:54:36  GPS채택:0
17:54:36  GPS이상치거부:0
17:54:36  GPS품질거부:0
17:54:36  GPS재기준:0
17:54:36  계산거리:-1.00
17:54:36  접근속도:0.00
17:54:36  TTC:999.00
17:54:36  방향오차:0.0
17:54:36  전방여부:0
17:54:36  위험음성횟수:0
17:54:36  충격음성횟수:0
17:54:36  마지막위험음성:0
17:54:36  RSSI원시:-78
17:54:36  RSSI평활:-78.4
17:54:36  RSSI샘플:7746
17:54:36  RSSI경과ms:90
17:54:36  위험송신:7746
17:54:36  시각ms:845008
17:54:36  IMU시각ms:845008
17:54:36  위험:0
17:54:36  원시위험:0
17:54:36  GPS유효:0
17:54:36  위도:0.000000
17:54:36  경도:0.000000
17:54:36  속도:0.00
17:54:36  방향:0.0
17:54:36  GPS원시속도:0.000
17:54:36  GPS원시방향유효:0
17:54:36  GPS원시방향:0.0
17:54:36  가속도:-0.63,0.47,9.67
17:54:36  자이로:-0.4,0.7,-2.4
17:54:36  자력계:6.600,0.150,0.900
17:54:36  충격값:0.10
17:54:36  송신:8296
17:54:36  지팡이수신:7747
17:54:36  GPS위성:0
17:54:36  GPS_HDOP:99.00
17:54:36  원시위도:0.000000
17:54:36  원시경도:0.000000
17:54:36  GPS채택:0
17:54:36  GPS이상치거부:0
17:54:36  GPS품질거부:0
17:54:36  GPS재기준:0
17:54:36  계산거리:-1.00
17:54:36  접근속도:0.00
17:54:36  TTC:999.00
17:54:36  방향오차:0.0
17:54:36  전방여부:0
17:54:36  위험음성횟수:0
17:54:36  충격음성횟수:0
17:54:36  마지막위험음성:0
17:54:36  RSSI원시:-78
17:54:36  RSSI평활:-78.3
17:54:36  RSSI샘플:7747
17:54:36  RSSI경과ms:71
17:54:36  위험송신:7747
17:54:36  시각ms:845058
17:54:36  IMU시각ms:845058
17:54:36  위험:0
17:54:36  원시위험:0
17:54:36  GPS유효:0
17:54:36  위도:0.000000
17:54:36  경도:0.000000
17:54:36  속도:0.00
17:54:36  방향:0.0
17:54:36  GPS원시속도:0.000
17:54:36  GPS원시방향유효:0
17:54:36  GPS원시방향:0.0
17:54:36  가속도:-0.64,0.47,9.69
17:54:36  자이로:2.3,0.9,-1.8
17:54:36  자력계:8.400,1.500,3.000
17:54:36  충격값:0.10
17:54:36  송신:8296
17:54:36  지팡이수신:7748
17:54:36  GPS위성:0
17:54:36  GPS_HDOP:99.00
17:54:36  원시위도:0.000000
17:54:36  원시경도:0.000000
17:54:36  GPS채택:0
17:54:36  GPS이상치거부:0
17:54:36  GPS품질거부:0
17:54:36  GPS재기준:0
17:54:36  계산거리:-1.00
17:54:36  접근속도:0.00
17:54:36  TTC:999.00
17:54:36  방향오차:0.0
17:54:36  전방여부:0
17:54:36  위험음성횟수:0
17:54:36  충격음성횟수:0
17:54:36  마지막위험음성:0
17:54:36  RSSI원시:-77
17:54:36  RSSI평활:-78.1
17:54:36  RSSI샘플:7748
17:54:36  RSSI경과ms:37
17:54:36  위험송신:7748
17:54:36  시각ms:845158
17:54:36  IMU시각ms:845158
17:54:36  위험:0
17:54:36  원시위험:0
17:54:36  GPS유효:0
17:54:36  위도:0.000000
17:54:36  경도:0.000000
17:54:36  속도:0.00
17:54:36  방향:0.0
17:54:36  GPS원시속도:0.000
17:54:36  GPS원시방향유효:0
17:54:36  GPS원시방향:0.0
17:54:36  가속도:-0.59,0.61,9.62
17:54:36  자이로:-2.9,-0.2,-1.2
17:54:36  자력계:6.300,0.900,0.450
17:54:36  충격값:0.07
17:54:36  송신:8297
17:54:36  지팡이수신:7749
17:54:36  GPS위성:0
17:54:36  GPS_HDOP:99.00
17:54:36  원시위도:0.000000
17:54:36  원시경도:0.000000
17:54:36  GPS채택:0
17:54:36  GPS이상치거부:0
17:54:36  GPS품질거부:0
17:54:36  GPS재기준:0
17:54:36  계산거리:-1.00
17:54:36  접근속도:0.00
17:54:36  TTC:999.00
17:54:36  방향오차:0.0
17:54:36  전방여부:0
17:54:36  위험음성횟수:0
17:54:36  충격음성횟수:0
17:54:36  마지막위험음성:0
17:54:36  RSSI원시:-78
17:54:36  RSSI평활:-78.1
17:54:36  RSSI샘플:7749
17:54:36  RSSI경과ms:33
17:54:36  위험송신:7749
17:54:36  시각ms:845208
17:54:36  IMU시각ms:845208
17:54:36  위험:0
17:54:36  원시위험:0
17:54:36  GPS유효:0
17:54:36  위도:0.000000
17:54:36  경도:0.000000
17:54:36  속도:0.00
17:54:36  방향:0.0
17:54:36  GPS원시속도:0.000
17:54:36  GPS원시방향유효:0
17:54:36  GPS원시방향:0.0
17:54:36  가속도:-0.67,0.45,9.72
17:54:36  자이로:2.3,0.3,-2.9
17:54:36  자력계:7.800,1.650,1.200
17:54:36  충격값:0.13
17:54:36  송신:8298
17:54:36  지팡이수신:7749
17:54:36  GPS위성:0
17:54:36  GPS_HDOP:99.00
17:54:36  원시위도:0.000000
17:54:36  원시경도:0.000000
17:54:36  GPS채택:0
17:54:36  GPS이상치거부:0
17:54:36  GPS품질거부:0
17:54:36  GPS재기준:0
17:54:36  계산거리:-1.00
17:54:36  접근속도:0.00
17:54:36  TTC:999.00
17:54:36  방향오차:0.0
17:54:36  전방여부:0
17:54:36  위험음성횟수:0
17:54:36  충격음성횟수:0
17:54:36  마지막위험음성:0
17:54:36  RSSI원시:-78
17:54:36  RSSI평활:-78.1
17:54:36  RSSI샘플:7749
17:54:36  RSSI경과ms:83
17:54:36  위험송신:7749
17:54:36  시각ms:845313
17:54:36  IMU시각ms:845313
17:54:36  위험:0
17:54:36  원시위험:0
17:54:36  GPS유효:0
17:54:36  위도:0.000000
17:54:36  경도:0.000000
17:54:36  속도:0.00
17:54:36  방향:0.0
17:54:36  GPS원시속도:0.000
17:54:36  GPS원시방향유효:0
17:54:36  GPS원시방향:0.0
17:54:36  가속도:-0.70,0.46,9.70
17:54:36  자이로:1.8,-2.0,-0.1
17:54:36  자력계:7.050,0.450,0.150
17:54:36  충격값:0.14
17:54:36  송신:8299
17:54:36  지팡이수신:7750
17:54:36  GPS위성:0
17:54:36  GPS_HDOP:99.00
17:54:36  원시위도:0.000000
17:54:36  원시경도:0.000000
17:54:36  GPS채택:0
17:54:36  GPS이상치거부:0
17:54:36  GPS품질거부:0
17:54:36  GPS재기준:0
17:54:36  계산거리:-1.00
17:54:36  접근속도:0.00
17:54:36  TTC:999.00
17:54:36  방향오차:0.0
17:54:36  전방여부:0
17:54:36  위험음성횟수:0
17:54:36  충격음성횟수:0
17:54:36  마지막위험음성:0
17:54:36  RSSI원시:-79
17:54:36  RSSI평활:-78.2
17:54:36  RSSI샘플:7750
17:54:36  RSSI경과ms:85
17:54:36  위험송신:7750
17:54:36  시각ms:845363
17:54:36  IMU시각ms:845363
17:54:36  위험:0
17:54:36  원시위험:0
17:54:36  GPS유효:0
17:54:36  위도:0.000000
17:54:36  경도:0.000000
17:54:36  속도:0.00
17:54:36  방향:0.0
17:54:36  GPS원시속도:0.000
17:54:36  GPS원시방향유효:0
17:54:36  GPS원시방향:0.0
17:54:36  가속도:-0.63,0.57,9.74
17:54:36  자이로:-0.0,2.4,-1.1
17:54:36  자력계:6.750,1.950,3.000
17:54:36  충격값:0.05
17:54:36  송신:8299
17:54:36  지팡이수신:7751
17:54:36  GPS위성:0
17:54:36  GPS_HDOP:99.00
17:54:36  원시위도:0.000000
17:54:36  원시경도:0.000000
17:54:36  GPS채택:0
17:54:36  GPS이상치거부:0
17:54:36  GPS품질거부:0
17:54:36  GPS재기준:0
17:54:36  계산거리:-1.00
17:54:36  접근속도:0.00
17:54:36  TTC:999.00
17:54:36  방향오차:0.0
17:54:36  전방여부:0
17:54:36  위험음성횟수:0
17:54:36  충격음성횟수:0
17:54:36  마지막위험음성:0
17:54:36  RSSI원시:-78
17:54:36  RSSI평활:-78.2
17:54:36  RSSI샘플:7751
17:54:36  RSSI경과ms:40
17:54:36  위험송신:7751
17:54:36  시각ms:845413
17:54:36  IMU시각ms:845413
17:54:36  위험:0
17:54:36  원시위험:0
17:54:36  GPS유효:0
17:54:36  위도:0.000000
17:54:36  경도:0.000000
17:54:36  속도:0.00
17:54:36  방향:0.0
17:54:36  GPS원시속도:0.000
17:54:36  GPS원시방향유효:0
17:54:36  GPS원시방향:0.0
17:54:36  가속도:-0.56,0.51,9.77
17:54:36  자이로:0.3,-0.2,1.4
17:54:36  자력계:7.800,2.100,0.150
17:54:36  충격값:0.12
17:54:36  송신:8300
17:54:36  지팡이수신:7751
17:54:36  GPS위성:0
17:54:36  GPS_HDOP:99.00
17:54:36  원시위도:0.000000
17:54:36  원시경도:0.000000
17:54:36  GPS채택:0
17:54:36  GPS이상치거부:0
17:54:36  GPS품질거부:0
17:54:36  GPS재기준:0
17:54:36  계산거리:-1.00
17:54:36  접근속도:0.00
17:54:36  TTC:999.00
17:54:36  방향오차:0.0
17:54:36  전방여부:0
17:54:36  위험음성횟수:0
17:54:36  충격음성횟수:0
17:54:36  마지막위험음성:0
17:54:36  RSSI원시:-78
17:54:36  RSSI평활:-78.2
17:54:36  RSSI샘플:7751
17:54:36  RSSI경과ms:90
17:54:36  위험송신:7751
17:54:36  시각ms:845463
17:54:36  IMU시각ms:845463
17:54:36  위험:0
17:54:36  원시위험:0
17:54:36  GPS유효:0
17:54:36  위도:0.000000
17:54:36  경도:0.000000
17:54:36  속도:0.00
17:54:36  방향:0.0
17:54:36  GPS원시속도:0.000
17:54:36  GPS원시방향유효:0
17:54:36  GPS원시방향:0.0
17:54:36  가속도:-0.49,0.51,9.67
17:54:36  자이로:2.6,1.2,2.0
17:54:36  자력계:7.350,1.350,0.450
17:54:36  충격값:0.14
17:54:36  송신:8300
17:54:36  지팡이수신:7752
17:54:36  GPS위성:0
17:54:36  GPS_HDOP:99.00
17:54:36  원시위도:0.000000
17:54:36  원시경도:0.000000
17:54:36  GPS채택:0
17:54:36  GPS이상치거부:0
17:54:36  GPS품질거부:0
17:54:36  GPS재기준:0
17:54:36  계산거리:-1.00
17:54:36  접근속도:0.00
17:54:36  TTC:999.00
17:54:36  방향오차:0.0
17:54:36  전방여부:0
17:54:36  위험음성횟수:0
17:54:36  충격음성횟수:0
17:54:36  마지막위험음성:0
17:54:36  RSSI원시:-79
17:54:36  RSSI평활:-78.4
17:54:36  RSSI샘플:7752
17:54:36  RSSI경과ms:34
17:54:36  위험송신:7752
17:54:36  시각ms:845513
17:54:36  IMU시각ms:845513
17:54:36  위험:0
17:54:36  원시위험:0
17:54:36  GPS유효:0
17:54:36  위도:0.000000
17:54:36  경도:0.000000
17:54:36  속도:0.00
17:54:36  방향:0.0
17:54:36  GPS원시속도:0.000
17:54:36  GPS원시방향유효:0
17:54:36  GPS원시방향:0.0
17:54:36  가속도:-0.59,0.49,9.66
17:54:36  자이로:3.3,-1.9,-1.2
17:54:36  자력계:6.450,1.050,1.500
17:54:36  충격값:0.09
17:54:36  송신:8301
17:54:36  지팡이수신:7752
17:54:36  GPS위성:0
17:54:36  GPS_HDOP:99.00
17:54:36  원시위도:0.000000
17:54:36  원시경도:0.000000
17:54:36  GPS채택:0
17:54:36  GPS이상치거부:0
17:54:36  GPS품질거부:0
17:54:36  GPS재기준:0
17:54:36  계산거리:-1.00
17:54:36  접근속도:0.00
17:54:36  TTC:999.00
17:54:36  방향오차:0.0
17:54:36  전방여부:0
17:54:36  위험음성횟수:0
17:54:36  충격음성횟수:0
17:54:36  마지막위험음성:0
17:54:36  RSSI원시:-79
17:54:36  RSSI평활:-78.4
17:54:36  RSSI샘플:7752
17:54:36  RSSI경과ms:84
17:54:36  위험송신:7752
17:54:36  시각ms:845563
17:54:36  IMU시각ms:845563
17:54:36  위험:0
17:54:36  원시위험:0
17:54:36  GPS유효:0
17:54:36  위도:0.000000
17:54:36  경도:0.000000
17:54:36  속도:0.00
17:54:36  방향:0.0
17:54:36  GPS원시속도:0.000
17:54:36  GPS원시방향유효:0
17:54:36  GPS원시방향:0.0
17:54:36  가속도:-0.65,0.68,9.62
17:54:36  자이로:1.0,0.2,2.0
17:54:36  자력계:7.200,1.500,2.250
17:54:36  충격값:0.13
17:54:36  송신:8301
17:54:36  지팡이수신:7753
17:54:36  GPS위성:0
17:54:36  GPS_HDOP:99.00
17:54:36  원시위도:0.000000
17:54:36  원시경도:0.000000
17:54:36  GPS채택:0
17:54:36  GPS이상치거부:0
17:54:36  GPS품질거부:0
17:54:36  GPS재기준:0
17:54:36  계산거리:-1.00
17:54:36  접근속도:0.00
17:54:36  TTC:999.00
17:54:36  방향오차:0.0
17:54:36  전방여부:0
17:54:36  위험음성횟수:0
17:54:36  충격음성횟수:0
17:54:36  마지막위험음성:0
17:54:36  RSSI원시:-79
17:54:36  RSSI평활:-78.5
17:54:36  RSSI샘플:7753
17:54:36  RSSI경과ms:33
17:54:36  위험송신:7753
17:54:36  시각ms:845613
17:54:36  IMU시각ms:845613
17:54:36  위험:0
17:54:36  원시위험:0
17:54:36  GPS유효:0
17:54:36  위도:0.000000
17:54:36  경도:0.000000
17:54:36  속도:0.00
17:54:36  방향:0.0
17:54:36  GPS원시속도:0.000
17:54:36  GPS원시방향유효:0
17:54:36  GPS원시방향:0.0
17:54:36  가속도:-0.57,0.63,9.76
17:54:36  자이로:2.5,-0.8,-1.1
17:54:36  자력계:8.700,1.500,2.250
17:54:36  충격값:0.10
17:54:36  송신:8302
17:54:36  지팡이수신:7753
17:54:36  GPS위성:0
17:54:36  GPS_HDOP:99.00
17:54:36  원시위도:0.000000
17:54:36  원시경도:0.000000
17:54:36  GPS채택:0
17:54:36  GPS이상치거부:0
17:54:36  GPS품질거부:0
17:54:36  GPS재기준:0
17:54:36  계산거리:-1.00
17:54:36  접근속도:0.00
17:54:36  TTC:999.00
17:54:36  방향오차:0.0
17:54:36  전방여부:0
17:54:36  위험음성횟수:0
17:54:36  충격음성횟수:0
17:54:36  마지막위험음성:0
17:54:36  RSSI원시:-79
17:54:36  RSSI평활:-78.5
17:54:36  RSSI샘플:7753
17:54:36  RSSI경과ms:83
17:54:36  위험송신:7753
17:54:36  시각ms:845663
17:54:37  IMU시각ms:845663
17:54:37  위험:0
17:54:37  원시위험:0
17:54:37  GPS유효:0
17:54:37  위도:0.000000
17:54:37  경도:0.000000
17:54:37  속도:0.00
17:54:37  방향:0.0
17:54:37  GPS원시속도:0.000
17:54:37  GPS원시방향유효:0
17:54:37  GPS원시방향:0.0
17:54:37  가속도:-0.63,0.54,9.59
17:54:37  자이로:0.8,0.1,-3.0
17:54:37  자력계:7.050,2.550,1.650
17:54:37  충격값:0.11
17:54:37  송신:8302
17:54:37  지팡이수신:7754
17:54:37  GPS위성:0
17:54:37  GPS_HDOP:99.00
17:54:37  원시위도:0.000000
17:54:37  원시경도:0.000000
17:54:37  GPS채택:0
17:54:37  GPS이상치거부:0
17:54:37  GPS품질거부:0
17:54:37  GPS재기준:0
17:54:37  계산거리:-1.00
17:54:37  접근속도:0.00
17:54:37  TTC:999.00
17:54:37  방향오차:0.0
17:54:37  전방여부:0
17:54:37  위험음성횟수:0
17:54:37  충격음성횟수:0
17:54:37  마지막위험음성:0
17:54:37  RSSI원시:-77
17:54:37  RSSI평활:-78.2
17:54:37  RSSI샘플:7754
17:54:37  RSSI경과ms:27
17:54:37  위험송신:7754
17:54:37  시각ms:845713
17:54:37  IMU시각ms:845713
17:54:37  위험:0
17:54:37  원시위험:0
17:54:37  GPS유효:0
17:54:37  위도:0.000000
17:54:37  경도:0.000000
17:54:37  속도:0.00
17:54:37  방향:0.0
17:54:37  GPS원시속도:0.000
17:54:37  GPS원시방향유효:0
17:54:37  GPS원시방향:0.0
17:54:37  가속도:-0.55,0.56,9.68
17:54:37  자이로:-1.5,0.9,-0.4
17:54:37  자력계:7.950,1.050,2.250
17:54:37  충격값:0.07
17:54:37  송신:8303
17:54:37  지팡이수신:7754
17:54:37  GPS위성:0
17:54:37  GPS_HDOP:99.00
17:54:37  원시위도:0.000000
17:54:37  원시경도:0.000000
17:54:37  GPS채택:0
17:54:37  GPS이상치거부:0
17:54:37  GPS품질거부:0
17:54:37  GPS재기준:0
17:54:37  계산거리:-1.00
17:54:37  접근속도:0.00
17:54:37  TTC:999.00
17:54:37  방향오차:0.0
17:54:37  전방여부:0
17:54:37  위험음성횟수:0
17:54:37  충격음성횟수:0
17:54:37  마지막위험음성:0
17:54:37  RSSI원시:-77
17:54:37  RSSI평활:-78.2
17:54:37  RSSI샘플:7754
17:54:37  RSSI경과ms:77
17:54:37  위험송신:7754
17:54:37  시각ms:845763
17:54:37  IMU시각ms:845763
17:54:37  위험:0
17:54:37  원시위험:0
17:54:37  GPS유효:0
17:54:37  위도:0.000000
17:54:37  경도:0.000000
17:54:37  속도:0.00
17:54:37  방향:0.0
17:54:37  GPS원시속도:0.000
17:54:37  GPS원시방향유효:0
17:54:37  GPS원시방향:0.0
17:54:37  가속도:-0.66,0.64,9.69
17:54:37  자이로:2.9,0.9,-2.5
17:54:37  자력계:6.300,0.900,2.700
17:54:37  충격값:0.07
17:54:37  송신:8303
17:54:37  지팡이수신:7755
17:54:37  GPS위성:0
17:54:37  GPS_HDOP:99.00
17:54:37  원시위도:0.000000
17:54:37  원시경도:0.000000
17:54:37  GPS채택:0
17:54:37  GPS이상치거부:0
17:54:37  GPS품질거부:0
17:54:37  GPS재기준:0
17:54:37  계산거리:-1.00
17:54:37  접근속도:0.00
17:54:37  TTC:999.00
17:54:37  방향오차:0.0
17:54:37  전방여부:0
17:54:37  위험음성횟수:0
17:54:37  충격음성횟수:0
17:54:37  마지막위험음성:0
17:54:37  RSSI원시:-79
17:54:37  RSSI평활:-78.4
17:54:37  RSSI샘플:7755
17:54:37  RSSI경과ms:26
17:54:37  위험송신:7755
17:54:37  시각ms:845813
17:54:37  IMU시각ms:845813
17:54:37  위험:0
17:54:37  원시위험:0
17:54:37  GPS유효:0
17:54:37  위도:0.000000
17:54:37  경도:0.000000
17:54:37  속도:0.00
17:54:37  방향:0.0
17:54:37  GPS원시속도:0.000
17:54:37  GPS원시방향유효:0
17:54:37  GPS원시방향:0.0
17:54:37  가속도:-0.66,0.64,9.77
17:54:37  자이로:-0.1,1.4,0.3
17:54:37  자력계:8.700,1.950,1.050
17:54:37  충격값:0.10
17:54:37  송신:8304
17:54:37  지팡이수신:7755
17:54:37  GPS위성:0
17:54:37  GPS_HDOP:99.00
17:54:37  원시위도:0.000000
17:54:37  원시경도:0.000000
17:54:37  GPS채택:0
17:54:37  GPS이상치거부:0
17:54:37  GPS품질거부:0
17:54:37  GPS재기준:0
17:54:37  계산거리:-1.00
17:54:37  접근속도:0.00
17:54:37  TTC:999.00
17:54:37  방향오차:0.0
17:54:37  전방여부:0
17:54:37  위험음성횟수:0
17:54:37  충격음성횟수:0
17:54:37  마지막위험음성:0
17:54:37  RSSI원시:-79
17:54:37  RSSI평활:-78.4
17:54:37  RSSI샘플:7755
17:54:37  RSSI경과ms:76
17:54:37  위험송신:7755
17:54:37  시각ms:845913
17:54:37  IMU시각ms:845913
17:54:37  위험:0
17:54:37  원시위험:0
17:54:37  GPS유효:0
17:54:37  위도:0.000000
17:54:37  경도:0.000000
17:54:37  속도:0.00
17:54:37  방향:0.0
17:54:37  GPS원시속도:0.000
17:54:37  GPS원시방향유효:0
17:54:37  GPS원시방향:0.0
17:54:37  가속도:-0.49,0.57,9.60
17:54:37  자이로:0.8,0.0,2.2
17:54:37  자력계:7.800,1.650,0.450
17:54:37  충격값:0.15
17:54:37  송신:8305
17:54:37  지팡이수신:7756
17:54:37  GPS위성:0
17:54:37  GPS_HDOP:99.00
17:54:37  원시위도:0.000000
17:54:37  원시경도:0.000000
17:54:37  GPS채택:0
17:54:37  GPS이상치거부:0
17:54:37  GPS품질거부:0
17:54:37  GPS재기준:0
17:54:37  계산거리:-1.00
17:54:37  접근속도:0.00
17:54:37  TTC:999.00
17:54:37  방향오차:0.0
17:54:37  전방여부:0
17:54:37  위험음성횟수:0
17:54:37  충격음성횟수:0
17:54:37  마지막위험음성:0
17:54:37  RSSI원시:-79
17:54:37  RSSI평활:-78.5
17:54:37  RSSI샘플:7756
17:54:37  RSSI경과ms:75
17:54:37  위험송신:7756
17:54:37  시각ms:845963
17:54:37  IMU시각ms:845963
17:54:37  위험:0
17:54:37  원시위험:0
17:54:37  GPS유효:0
17:54:37  위도:0.000000
17:54:37  경도:0.000000
17:54:37  속도:0.00
17:54:37  방향:0.0
17:54:37  GPS원시속도:0.000
17:54:37  GPS원시방향유효:0
17:54:37  GPS원시방향:0.0
17:54:37  가속도:-0.63,0.57,9.63
17:54:37  자이로:0.7,-1.4,-0.0
17:54:37  자력계:7.950,1.050,0.750
17:54:37  충격값:0.06
17:54:37  송신:8305
17:54:37  지팡이수신:7757
17:54:37  GPS위성:0
17:54:37  GPS_HDOP:99.00
17:54:37  원시위도:0.000000
17:54:37  원시경도:0.000000
17:54:37  GPS채택:0
17:54:37  GPS이상치거부:0
17:54:37  GPS품질거부:0
17:54:37  GPS재기준:0
17:54:37  계산거리:-1.00
17:54:37  접근속도:0.00
17:54:37  TTC:999.00
17:54:37  방향오차:0.0
17:54:37  전방여부:0
17:54:37  위험음성횟수:0
17:54:37  충격음성횟수:0
17:54:37  마지막위험음성:0
17:54:37  RSSI원시:-79
17:54:37  RSSI평활:-78.6
17:54:37  RSSI샘플:7757
17:54:37  RSSI경과ms:24
17:54:37  위험송신:7757
17:54:37  시각ms:846013
17:54:37  IMU시각ms:846013
17:54:37  위험:0
17:54:37  원시위험:0
17:54:37  GPS유효:0
17:54:37  위도:0.000000
17:54:37  경도:0.000000
17:54:37  속도:0.00
17:54:37  방향:0.0
17:54:37  GPS원시속도:0.000
17:54:37  GPS원시방향유효:0
17:54:37  GPS원시방향:0.0
17:54:37  가속도:-0.57,0.57,9.66
17:54:37  자이로:-1.2,1.5,0.0
17:54:37  자력계:6.600,0.900,1.950
17:54:37  충격값:0.04
17:54:37  송신:8306
17:54:37  지팡이수신:7757
17:54:37  GPS위성:0
17:54:37  GPS_HDOP:99.00
17:54:37  원시위도:0.000000
17:54:37  원시경도:0.000000
17:54:37  GPS채택:0
17:54:37  GPS이상치거부:0
17:54:37  GPS품질거부:0
17:54:37  GPS재기준:0
17:54:37  계산거리:-1.00
17:54:37  접근속도:0.00
17:54:37  TTC:999.00
17:54:37  방향오차:0.0
17:54:37  전방여부:0
17:54:37  위험음성횟수:0
17:54:37  충격음성횟수:0
17:54:37  마지막위험음성:0
17:54:37  RSSI원시:-79
17:54:37  RSSI평활:-78.6
17:54:37  RSSI샘플:7757
17:54:37  RSSI경과ms:74
17:54:37  위험송신:7757
17:54:37  시각ms:846063
17:54:37  IMU시각ms:846063
17:54:37  위험:0
17:54:37  원시위험:0
17:54:37  GPS유효:0
17:54:37  위도:0.000000
17:54:37  경도:0.000000
17:54:37  속도:0.00
17:54:37  방향:0.0
17:54:37  GPS원시속도:0.000
17:54:37  GPS원시방향유효:0
17:54:37  GPS원시방향:0.0
17:54:37  가속도:-0.56,0.46,9.65
17:54:37  자이로:-0.6,-1.2,-0.7
17:54:37  자력계:7.500,0.750,-0.300
17:54:37  충격값:0.12
17:54:37  송신:8306
17:54:37  지팡이수신:7757
17:54:37  GPS위성:0
17:54:37  GPS_HDOP:99.00
17:54:37  원시위도:0.000000
17:54:37  원시경도:0.000000
17:54:37  GPS채택:0
17:54:37  GPS이상치거부:0
17:54:37  GPS품질거부:0
17:54:37  GPS재기준:0
17:54:37  계산거리:-1.00
17:54:37  접근속도:0.00
17:54:37  TTC:999.00
17:54:37  방향오차:0.0
17:54:37  전방여부:0
17:54:37  위험음성횟수:0
17:54:37  충격음성횟수:0
17:54:37  마지막위험음성:0
17:54:37  RSSI원시:-79
17:54:37  RSSI평활:-78.6
17:54:37  RSSI샘플:7757
17:54:37  RSSI경과ms:124
17:54:37  위험송신:7757
17:54:37  시각ms:846113
17:54:37  IMU시각ms:846113
17:54:37  위험:0
17:54:37  원시위험:0
17:54:37  GPS유효:0
17:54:37  위도:0.000000
17:54:37  경도:0.000000
17:54:37  속도:0.00
17:54:37  방향:0.0
17:54:37  GPS원시속도:0.000
17:54:37  GPS원시방향유효:0
17:54:37  GPS원시방향:0.0
17:54:37  가속도:-0.70,0.56,9.74
17:54:37  자이로:1.9,-2.6,0.1
17:54:37  자력계:7.050,0.450,0.900
17:54:37  충격값:0.10
17:54:37  송신:8307
17:54:37  지팡이수신:7757
17:54:37  GPS위성:0
17:54:37  GPS_HDOP:99.00
17:54:37  원시위도:0.000000
17:54:37  원시경도:0.000000
17:54:37  GPS채택:0
17:54:37  GPS이상치거부:0
17:54:37  GPS품질거부:0
17:54:37  GPS재기준:0
17:54:37  계산거리:-1.00
17:54:37  접근속도:0.00
17:54:37  TTC:999.00
17:54:37  방향오차:0.0
17:54:37  전방여부:0
17:54:37  위험음성횟수:0
17:54:37  충격음성횟수:0
17:54:37  마지막위험음성:0
17:54:37  RSSI원시:-79
17:54:37  RSSI평활:-78.6
17:54:37  RSSI샘플:7757
17:54:37  RSSI경과ms:174
17:54:37  위험송신:7757
17:54:37  시각ms:846163
17:54:37  IMU시각ms:846163
17:54:37  위험:0
17:54:37  원시위험:0
17:54:37  GPS유효:0
17:54:37  위도:0.000000
17:54:37  경도:0.000000
17:54:37  속도:0.00
17:54:37  방향:0.0
17:54:37  GPS원시속도:0.000
17:54:37  GPS원시방향유효:0
17:54:37  GPS원시방향:0.0
17:54:37  가속도:-0.66,0.79,9.67
17:54:37  자이로:-1.9,0.2,-0.3
17:54:37  자력계:5.700,1.950,1.500
17:54:37  충격값:0.22
17:54:37  송신:8307
17:54:37  지팡이수신:7758
17:54:37  GPS위성:0
17:54:37  GPS_HDOP:99.00
17:54:37  원시위도:0.000000
17:54:37  원시경도:0.000000
17:54:37  GPS채택:0
17:54:37  GPS이상치거부:0
17:54:37  GPS품질거부:0
17:54:37  GPS재기준:0
17:54:37  계산거리:-1.00
17:54:37  접근속도:0.00
17:54:37  TTC:999.00
17:54:37  방향오차:0.0
17:54:37  전방여부:0
17:54:37  위험음성횟수:0
17:54:37  충격음성횟수:0
17:54:37  마지막위험음성:0
17:54:37  RSSI원시:-78
17:54:37  RSSI평활:-78.5
17:54:37  RSSI샘플:7758
17:54:37  RSSI경과ms:23
17:54:37  위험송신:7758
17:54:37  시각ms:846263
17:54:37  IMU시각ms:846263
17:54:37  위험:0
17:54:37  원시위험:0
17:54:37  GPS유효:0
17:54:37  위도:0.000000
17:54:37  경도:0.000000
17:54:37  속도:0.00
17:54:37  방향:0.0
17:54:37  GPS원시속도:0.000
17:54:37  GPS원시방향유효:0
17:54:37  GPS원시방향:0.0
17:54:37  가속도:-0.62,0.61,9.66
17:54:37  자이로:-0.5,0.1,0.5
17:54:37  자력계:6.450,0.750,2.550
17:54:37  충격값:0.04
17:54:37  송신:8308
17:54:37  지팡이수신:7759
17:54:37  GPS위성:0
17:54:37  GPS_HDOP:99.00
17:54:37  원시위도:0.000000
17:54:37  원시경도:0.000000
17:54:37  GPS채택:0
17:54:37  GPS이상치거부:0
17:54:37  GPS품질거부:0
17:54:37  GPS재기준:0
17:54:37  계산거리:-1.00
17:54:37  접근속도:0.00
17:54:37  TTC:999.00
17:54:37  방향오차:0.0
17:54:37  전방여부:0
17:54:37  위험음성횟수:0
17:54:37  충격음성횟수:0
17:54:37  마지막위험음성:0
17:54:37  RSSI원시:-79
17:54:37  RSSI평활:-78.6
17:54:37  RSSI샘플:7759
17:54:37  RSSI경과ms:24
17:54:37  위험송신:7759
17:54:37  시각ms:846318
17:54:37  IMU시각ms:846318
17:54:37  위험:0
17:54:37  원시위험:0
17:54:37  GPS유효:0
17:54:37  위도:0.000000
17:54:37  경도:0.000000
17:54:37  속도:0.00
17:54:37  방향:0.0
17:54:37  GPS원시속도:0.000
17:54:37  GPS원시방향유효:0
17:54:37  GPS원시방향:0.0
17:54:37  가속도:-0.65,0.63,9.55
17:54:37  자이로:0.7,1.9,-3.2
17:54:37  자력계:7.500,1.500,1.050
17:54:37  충격값:0.14
17:54:37  송신:8309
17:54:37  지팡이수신:7759
17:54:37  GPS위성:0
17:54:37  GPS_HDOP:99.00
17:54:37  원시위도:0.000000
17:54:37  원시경도:0.000000
17:54:37  GPS채택:0
17:54:37  GPS이상치거부:0
17:54:37  GPS품질거부:0
17:54:37  GPS재기준:0
17:54:37  계산거리:-1.00
17:54:37  접근속도:0.00
17:54:37  TTC:999.00
17:54:37  방향오차:0.0
17:54:37  전방여부:0
17:54:37  위험음성횟수:0
17:54:37  충격음성횟수:0
17:54:37  마지막위험음성:0
17:54:37  RSSI원시:-79
17:54:37  RSSI평활:-78.6
17:54:37  RSSI샘플:7759
17:54:37  RSSI경과ms:79
17:54:37  위험송신:7759
17:54:37  시각ms:846368
17:54:37  IMU시각ms:846368
17:54:37  위험:0
17:54:37  원시위험:0
17:54:37  GPS유효:0
17:54:37  위도:0.000000
17:54:37  경도:0.000000
17:54:37  속도:0.00
17:54:37  방향:0.0
17:54:37  GPS원시속도:0.000
17:54:37  GPS원시방향유효:0
17:54:37  GPS원시방향:0.0
17:54:37  가속도:-0.55,0.48,9.64
17:54:37  자이로:-1.6,0.6,-2.0
17:54:37  자력계:7.050,0.900,0.900
17:54:37  충격값:0.12
17:54:37  송신:8309
17:54:37  지팡이수신:7760
17:54:37  GPS위성:0
17:54:37  GPS_HDOP:99.00
17:54:37  원시위도:0.000000
17:54:37  원시경도:0.000000
17:54:37  GPS채택:0
17:54:37  GPS이상치거부:0
17:54:37  GPS품질거부:0
17:54:37  GPS재기준:0
17:54:37  계산거리:-1.00
17:54:37  접근속도:0.00
17:54:37  TTC:999.00
17:54:37  방향오차:0.0
17:54:37  전방여부:0
17:54:37  위험음성횟수:0
17:54:37  충격음성횟수:0
17:54:37  마지막위험음성:0
17:54:37  RSSI원시:-79
17:54:37  RSSI평활:-78.7
17:54:37  RSSI샘플:7760
17:54:37  RSSI경과ms:23
17:54:37  위험송신:7760
17:54:37  시각ms:846468
17:54:37  IMU시각ms:846468
17:54:37  위험:0
17:54:37  원시위험:0
17:54:37  GPS유효:0
17:54:37  위도:0.000000
17:54:37  경도:0.000000
17:54:37  속도:0.00
17:54:37  방향:0.0
17:54:37  GPS원시속도:0.000
17:54:37  GPS원시방향유효:0
17:54:37  GPS원시방향:0.0
17:54:37  가속도:-0.67,0.57,9.65
17:54:37  자이로:-2.0,1.5,-2.1
17:54:37  자력계:7.050,0.150,0.150
17:54:37  충격값:0.06
17:54:37  송신:8310
17:54:37  지팡이수신:7761
17:54:37  GPS위성:0
17:54:37  GPS_HDOP:99.00
17:54:37  원시위도:0.000000
17:54:37  원시경도:0.000000
17:54:37  GPS채택:0
17:54:37  GPS이상치거부:0
17:54:37  GPS품질거부:0
17:54:37  GPS재기준:0
17:54:37  계산거리:-1.00
17:54:37  접근속도:0.00
17:54:37  TTC:999.00
17:54:37  방향오차:0.0
17:54:37  전방여부:0
17:54:37  위험음성횟수:0
17:54:37  충격음성횟수:0
17:54:37  마지막위험음성:0
17:54:37  RSSI원시:-80
17:54:37  RSSI평활:-78.9
17:54:37  RSSI샘플:7761
17:54:37  RSSI경과ms:21
17:54:37  위험송신:7761
17:54:37  시각ms:846518
17:54:37  IMU시각ms:846518
17:54:37  위험:0
17:54:37  원시위험:0
17:54:37  GPS유효:0
17:54:37  위도:0.000000
17:54:37  경도:0.000000
17:54:37  속도:0.00
17:54:37  방향:0.0
17:54:37  GPS원시속도:0.000
17:54:37  GPS원시방향유효:0
17:54:37  GPS원시방향:0.0
17:54:37  가속도:-0.61,0.50,9.71
17:54:37  자이로:2.9,-3.1,-0.1
17:54:37  자력계:6.600,1.350,0.150
17:54:37  충격값:0.08
17:54:37  송신:8311
17:54:37  지팡이수신:7761
17:54:37  GPS위성:0
17:54:37  GPS_HDOP:99.00
17:54:37  원시위도:0.000000
17:54:37  원시경도:0.000000
17:54:37  GPS채택:0
17:54:37  GPS이상치거부:0
17:54:37  GPS품질거부:0
17:54:37  GPS재기준:0
17:54:37  계산거리:-1.00
17:54:37  접근속도:0.00
17:54:37  TTC:999.00
17:54:37  방향오차:0.0
17:54:37  전방여부:0
17:54:37  위험음성횟수:0
17:54:37  충격음성횟수:0
17:54:37  마지막위험음성:0
17:54:37  RSSI원시:-80
17:54:37  RSSI평활:-78.9
17:54:37  RSSI샘플:7761
17:54:37  RSSI경과ms:71
17:54:37  위험송신:7761
17:54:37  시각ms:846568
17:54:37  IMU시각ms:846568
17:54:37  위험:0
17:54:37  원시위험:0
17:54:37  GPS유효:0
17:54:37  위도:0.000000
17:54:37  경도:0.000000
17:54:37  속도:0.00
17:54:37  방향:0.0
17:54:37  GPS원시속도:0.000
17:54:37  GPS원시방향유효:0
17:54:37  GPS원시방향:0.0
17:54:37  가속도:-0.57,0.46,9.69
17:54:37  자이로:2.8,-1.0,-0.9
17:54:37  자력계:7.500,-0.300,1.500
17:54:37  충격값:0.12
17:54:37  송신:8311
17:54:37  지팡이수신:7762
17:54:37  GPS위성:0
17:54:37  GPS_HDOP:99.00
17:54:37  원시위도:0.000000
17:54:37  원시경도:0.000000
17:54:37  GPS채택:0
17:54:37  GPS이상치거부:0
17:54:37  GPS품질거부:0
17:54:37  GPS재기준:0
17:54:37  계산거리:-1.00
17:54:37  접근속도:0.00
17:54:37  TTC:999.00
17:54:37  방향오차:0.0
17:54:37  전방여부:0
17:54:37  위험음성횟수:0
17:54:37  충격음성횟수:0
17:54:37  마지막위험음성:0
17:54:37  RSSI원시:-81
17:54:37  RSSI평활:-79.3
17:54:37  RSSI샘플:7762
17:54:37  RSSI경과ms:16
17:54:37  위험송신:7762
17:54:37  시각ms:846618
17:54:37  IMU시각ms:846618
17:54:37  위험:0
17:54:37  원시위험:0
17:54:37  GPS유효:0
17:54:37  위도:0.000000
17:54:37  경도:0.000000
17:54:37  속도:0.00
17:54:37  방향:0.0
17:54:37  GPS원시속도:0.000
17:54:37  GPS원시방향유효:0
17:54:37  GPS원시방향:0.0
17:54:37  가속도:-0.57,0.63,9.68
17:54:37  자이로:-0.0,-2.4,0.9
17:54:37  자력계:9.150,1.500,0.000
17:54:37  충격값:0.07
17:54:37  송신:8312
17:54:37  지팡이수신:7762
17:54:37  GPS위성:0
17:54:37  GPS_HDOP:99.00
17:54:37  원시위도:0.000000
17:54:37  원시경도:0.000000
17:54:37  GPS채택:0
17:54:37  GPS이상치거부:0
17:54:37  GPS품질거부:0
17:54:37  GPS재기준:0
17:54:37  계산거리:-1.00
17:54:37  접근속도:0.00
17:54:37  TTC:999.00
17:54:37  방향오차:0.0
17:54:37  전방여부:0
17:54:37  위험음성횟수:0
17:54:37  충격음성횟수:0
17:54:37  마지막위험음성:0
17:54:37  RSSI원시:-81
17:54:37  RSSI평활:-79.3
17:54:37  RSSI샘플:7762
17:54:37  RSSI경과ms:66
17:54:37  위험송신:7762
17:54:38  시각ms:846668
17:54:38  IMU시각ms:846668
17:54:38  위험:0
17:54:38  원시위험:0
17:54:38  GPS유효:0
17:54:38  위도:0.000000
17:54:38  경도:0.000000
17:54:38  속도:0.00
17:54:38  방향:0.0
17:54:38  GPS원시속도:0.000
17:54:38  GPS원시방향유효:0
17:54:38  GPS원시방향:0.0
17:54:38  가속도:-0.57,0.59,9.79
17:54:38  자이로:-0.6,-1.9,0.9
17:54:38  자력계:7.350,-0.150,1.650
17:54:38  충격값:0.12
17:54:38  송신:8312
17:54:38  지팡이수신:7763
17:54:38  GPS위성:0
17:54:38  GPS_HDOP:99.00
17:54:38  원시위도:0.000000
17:54:38  원시경도:0.000000
17:54:38  GPS채택:0
17:54:38  GPS이상치거부:0
17:54:38  GPS품질거부:0
17:54:38  GPS재기준:0
17:54:38  계산거리:-1.00
17:54:38  접근속도:0.00
17:54:38  TTC:999.00
17:54:38  방향오차:0.0
17:54:38  전방여부:0
17:54:38  위험음성횟수:0
17:54:38  충격음성횟수:0
17:54:38  마지막위험음성:0
17:54:38  RSSI원시:-79
17:54:38  RSSI평활:-79.3
17:54:38  RSSI샘플:7763
17:54:38  RSSI경과ms:15
17:54:38  위험송신:7763
17:54:38  시각ms:846718
17:54:38  IMU시각ms:846718
17:54:38  위험:0
17:54:38  원시위험:0
17:54:38  GPS유효:0
17:54:38  위도:0.000000
17:54:38  경도:0.000000
17:54:38  속도:0.00
17:54:38  방향:0.0
17:54:38  GPS원시속도:0.000
17:54:38  GPS원시방향유효:0
17:54:38  GPS원시방향:0.0
17:54:38  가속도:-0.61,0.55,9.73
17:54:38  자이로:1.9,-2.7,2.5
17:54:38  자력계:6.450,0.000,0.000
17:54:38  충격값:0.04
17:54:38  송신:8313
17:54:38  지팡이수신:7763
17:54:38  GPS위성:0
17:54:38  GPS_HDOP:99.00
17:54:38  원시위도:0.000000
17:54:38  원시경도:0.000000
17:54:38  GPS채택:0
17:54:38  GPS이상치거부:0
17:54:38  GPS품질거부:0
17:54:38  GPS재기준:0
17:54:38  계산거리:-1.00
17:54:38  접근속도:0.00
17:54:38  TTC:999.00
17:54:38  방향오차:0.0
17:54:38  전방여부:0
17:54:38  위험음성횟수:0
17:54:38  충격음성횟수:0
17:54:38  마지막위험음성:0
17:54:38  RSSI원시:-79
17:54:38  RSSI평활:-79.3
17:54:38  RSSI샘플:7763
17:54:38  RSSI경과ms:65
17:54:38  위험송신:7763
17:54:38  시각ms:846768
17:54:38  IMU시각ms:846768
17:54:38  위험:0
17:54:38  원시위험:0
17:54:38  GPS유효:0
17:54:38  위도:0.000000
17:54:38  경도:0.000000
17:54:38  속도:0.00
17:54:38  방향:0.0
17:54:38  GPS원시속도:0.000
17:54:38  GPS원시방향유효:0
17:54:38  GPS원시방향:0.0
17:54:38  가속도:-0.61,0.59,9.67
17:54:38  자이로:1.2,-0.7,0.2
17:54:38  자력계:6.750,1.050,0.000
17:54:38  충격값:0.03
17:54:38  송신:8313
17:54:38  지팡이수신:7764
17:54:38  GPS위성:0
17:54:38  GPS_HDOP:99.00
17:54:38  원시위도:0.000000
17:54:38  원시경도:0.000000
17:54:38  GPS채택:0
17:54:38  GPS이상치거부:0
17:54:38  GPS품질거부:0
17:54:38  GPS재기준:0
17:54:38  계산거리:-1.00
17:54:38  접근속도:0.00
17:54:38  TTC:999.00
17:54:38  방향오차:0.0
17:54:38  전방여부:0
17:54:38  위험음성횟수:0
17:54:38  충격음성횟수:0
17:54:38  마지막위험음성:0
17:54:38  RSSI원시:-79
17:54:38  RSSI평활:-79.2
17:54:38  RSSI샘플:7764
17:54:38  RSSI경과ms:5
17:54:38  위험송신:7764
17:54:38  시각ms:846868
17:54:38  IMU시각ms:846868
17:54:38  위험:0
17:54:38  원시위험:0
17:54:38  GPS유효:0
17:54:38  위도:0.000000
17:54:38  경도:0.000000
17:54:38  속도:0.00
17:54:38  방향:0.0
17:54:38  GPS원시속도:0.000
17:54:38  GPS원시방향유효:0
17:54:38  GPS원시방향:0.0
17:54:38  가속도:-0.60,0.54,9.73
17:54:38  자이로:-1.7,0.6,-0.8
17:54:38  자력계:7.500,1.950,1.500
17:54:38  충격값:0.06
17:54:38  송신:8314
17:54:38  지팡이수신:7765
17:54:38  GPS위성:0
17:54:38  GPS_HDOP:99.00
17:54:38  원시위도:0.000000
17:54:38  원시경도:0.000000
17:54:38  GPS채택:0
17:54:38  GPS이상치거부:0
17:54:38  GPS품질거부:0
17:54:38  GPS재기준:0
17:54:38  계산거리:-1.00
17:54:38  접근속도:0.00
17:54:38  TTC:999.00
17:54:38  방향오차:0.0
17:54:38  전방여부:0
17:54:38  위험음성횟수:0
17:54:38  충격음성횟수:0
17:54:38  마지막위험음성:0
17:54:38  RSSI원시:-78
17:54:38  RSSI평활:-79.0
17:54:38  RSSI샘플:7765
17:54:38  RSSI경과ms:7
17:54:38  위험송신:7765
17:54:38  시각ms:846918
17:54:38  IMU시각ms:846918
17:54:38  위험:0
17:54:38  원시위험:0
17:54:38  GPS유효:0
17:54:38  위도:0.000000
17:54:38  경도:0.000000
17:54:38  속도:0.00
17:54:38  방향:0.0
17:54:38  GPS원시속도:0.000
17:54:38  GPS원시방향유효:0
17:54:38  GPS원시방향:0.0
17:54:38  가속도:-0.57,0.59,9.69
17:54:38  자이로:-2.9,2.4,-3.9
17:54:38  자력계:6.600,0.900,-0.150
17:54:38  충격값:0.04
17:54:38  송신:8315
17:54:38  지팡이수신:7765
17:54:38  GPS위성:0
17:54:38  GPS_HDOP:99.00
17:54:38  원시위도:0.000000
17:54:38  원시경도:0.000000
17:54:38  GPS채택:0
17:54:38  GPS이상치거부:0
17:54:38  GPS품질거부:0
17:54:38  GPS재기준:0
17:54:38  계산거리:-1.00
17:54:38  접근속도:0.00
17:54:38  TTC:999.00
17:54:38  방향오차:0.0
17:54:38  전방여부:0
17:54:38  위험음성횟수:0
17:54:38  충격음성횟수:0
17:54:38  마지막위험음성:0
17:54:38  RSSI원시:-78
17:54:38  RSSI평활:-79.0
17:54:38  RSSI샘플:7765
17:54:38  RSSI경과ms:57
17:54:38  위험송신:7765
17:54:38  시각ms:846968
17:54:38  IMU시각ms:846968
17:54:38  위험:0
17:54:38  원시위험:0
17:54:38  GPS유효:0
17:54:38  위도:0.000000
17:54:38  경도:0.000000
17:54:38  속도:0.00
17:54:38  방향:0.0
17:54:38  GPS원시속도:0.000
17:54:38  GPS원시방향유효:0
17:54:38  GPS원시방향:0.0
17:54:38  가속도:-0.59,0.52,9.72
17:54:38  자이로:-2.7,-0.8,-1.2
17:54:38  자력계:7.350,0.450,1.200
17:54:38  충격값:0.07
17:54:38  송신:8315
17:54:38  지팡이수신:7766
17:54:38  GPS위성:0
17:54:38  GPS_HDOP:99.00
17:54:38  원시위도:0.000000
17:54:38  원시경도:0.000000
17:54:38  GPS채택:0
17:54:38  GPS이상치거부:0
17:54:38  GPS품질거부:0
17:54:38  GPS재기준:0
17:54:38  계산거리:-1.00
17:54:38  접근속도:0.00
17:54:38  TTC:999.00
17:54:38  방향오차:0.0
17:54:38  전방여부:0
17:54:38  위험음성횟수:0
17:54:38  충격음성횟수:0
17:54:38  마지막위험음성:0
17:54:38  RSSI원시:-78
17:54:38  RSSI평활:-78.8
17:54:38  RSSI샘플:7766
17:54:38  RSSI경과ms:5
17:54:38  위험송신:7766
17:54:38  시각ms:847118
17:54:38  IMU시각ms:847118
17:54:38  위험:0
17:54:38  원시위험:0
17:54:38  GPS유효:0
17:54:38  위도:0.000000
17:54:38  경도:0.000000
17:54:38  속도:0.00
17:54:38  방향:0.0
17:54:38  GPS원시속도:0.000
17:54:38  GPS원시방향유효:0
17:54:38  GPS원시방향:0.0
17:54:38  가속도:-0.66,0.53,9.63
17:54:38  자이로:0.3,-1.8,2.0
17:54:38  자력계:7.200,1.950,0.750
17:54:38  충격값:0.08
17:54:38  송신:8317
17:54:38  지팡이수신:7766
17:54:38  GPS위성:0
17:54:38  GPS_HDOP:99.00
17:54:38  원시위도:0.000000
17:54:38  원시경도:0.000000
17:54:38  GPS채택:0
17:54:38  GPS이상치거부:0
17:54:38  GPS품질거부:0
17:54:38  GPS재기준:0
17:54:38  계산거리:-1.00
17:54:38  접근속도:0.00
17:54:38  TTC:999.00
17:54:38  방향오차:0.0
17:54:38  전방여부:0
17:54:38  위험음성횟수:0
17:54:38  충격음성횟수:0
17:54:38  마지막위험음성:0
17:54:38  RSSI원시:-78
17:54:38  RSSI평활:-78.8
17:54:38  RSSI샘플:7766
17:54:38  RSSI경과ms:155
17:54:38  위험송신:7766
17:54:38  시각ms:847218
17:54:38  IMU시각ms:847218
17:54:38  위험:0
17:54:38  원시위험:0
17:54:38  GPS유효:0
17:54:38  위도:0.000000
17:54:38  경도:0.000000
17:54:38  속도:0.00
17:54:38  방향:0.0
17:54:38  GPS원시속도:0.000
17:54:38  GPS원시방향유효:0
17:54:38  GPS원시방향:0.0
17:54:38  가속도:-0.61,0.53,9.64
17:54:38  자이로:0.2,-1.2,-1.4
17:54:38  자력계:7.050,2.850,0.150
17:54:38  충격값:0.06
17:54:38  송신:8318
17:54:38  지팡이수신:7767
17:54:38  GPS위성:0
17:54:38  GPS_HDOP:99.00
17:54:38  원시위도:0.000000
17:54:38  원시경도:0.000000
17:54:38  GPS채택:0
17:54:38  GPS이상치거부:0
17:54:38  GPS품질거부:0
17:54:38  GPS재기준:0
17:54:38  계산거리:-1.00
17:54:38  접근속도:0.00
17:54:38  TTC:999.00
17:54:38  방향오차:0.0
17:54:38  전방여부:0
17:54:38  위험음성횟수:0
17:54:38  충격음성횟수:0
17:54:38  마지막위험음성:0
17:54:38  RSSI원시:-77
17:54:38  RSSI평활:-78.4
17:54:38  RSSI샘플:7767
17:54:38  RSSI경과ms:51
17:54:38  위험송신:7767
17:54:38  시각ms:847268
17:54:38  IMU시각ms:847268
17:54:38  위험:0
17:54:38  원시위험:0
17:54:38  GPS유효:0
17:54:38  위도:0.000000
17:54:38  경도:0.000000
17:54:38  속도:0.00
17:54:38  방향:0.0
17:54:38  GPS원시속도:0.000
17:54:38  GPS원시방향유효:0
17:54:38  GPS원시방향:0.0
17:54:38  가속도:-0.60,0.48,9.70
17:54:38  자이로:3.4,0.1,-0.2
17:54:38  자력계:7.200,1.500,0.300
17:54:38  충격값:0.09
17:54:38  송신:8318
17:54:38  지팡이수신:7768
17:54:38  GPS위성:0
17:54:38  GPS_HDOP:99.00
17:54:38  원시위도:0.000000
17:54:38  원시경도:0.000000
17:54:38  GPS채택:0
17:54:38  GPS이상치거부:0
17:54:38  GPS품질거부:0
17:54:38  GPS재기준:0
17:54:38  계산거리:-1.00
17:54:38  접근속도:0.00
17:54:38  TTC:999.00
17:54:38  방향오차:0.0
17:54:38  전방여부:0
17:54:38  위험음성횟수:0
17:54:38  충격음성횟수:0
17:54:38  마지막위험음성:0
17:54:38  RSSI원시:-78
17:54:38  RSSI평활:-78.3
17:54:38  RSSI샘플:7768
17:54:38  RSSI경과ms:3
17:54:38  위험송신:7768
17:54:38  시각ms:847320
17:54:38  IMU시각ms:847320
17:54:38  위험:0
17:54:38  원시위험:0
17:54:38  GPS유효:0
17:54:38  위도:0.000000
17:54:38  경도:0.000000
17:54:38  속도:0.00
17:54:38  방향:0.0
17:54:38  GPS원시속도:0.000
17:54:38  GPS원시방향유효:0
17:54:38  GPS원시방향:0.0
17:54:38  가속도:-0.74,0.62,9.64
17:54:38  자이로:-0.6,2.0,0.6
17:54:38  자력계:7.050,0.450,1.650
17:54:38  충격값:0.16
17:54:38  송신:8319
17:54:38  지팡이수신:7768
17:54:38  GPS위성:0
17:54:38  GPS_HDOP:99.00
17:54:38  원시위도:0.000000
17:54:38  원시경도:0.000000
17:54:38  GPS채택:0
17:54:38  GPS이상치거부:0
17:54:38  GPS품질거부:0
17:54:38  GPS재기준:0
17:54:38  계산거리:-1.00
17:54:38  접근속도:0.00
17:54:38  TTC:999.00
17:54:38  방향오차:0.0
17:54:38  전방여부:0
17:54:38  위험음성횟수:0
17:54:38  충격음성횟수:0
17:54:38  마지막위험음성:0
17:54:38  RSSI원시:-78
17:54:38  RSSI평활:-78.3
17:54:38  RSSI샘플:7768
17:54:38  RSSI경과ms:55
17:54:38  위험송신:7768
17:54:38  시각ms:847370
17:54:38  IMU시각ms:847370
17:54:38  위험:0
17:54:38  원시위험:0
17:54:38  GPS유효:0
17:54:38  위도:0.000000
17:54:38  경도:0.000000
17:54:38  속도:0.00
17:54:38  방향:0.0
17:54:38  GPS원시속도:0.000
17:54:38  GPS원시방향유효:0
17:54:38  GPS원시방향:0.0
17:54:38  가속도:-0.46,0.64,9.71
17:54:38  자이로:-2.2,1.9,-2.9
17:54:38  자력계:8.100,-0.150,0.900
17:54:38  충격값:0.16
17:54:38  송신:8319
17:54:38  지팡이수신:7768
17:54:38  GPS위성:0
17:54:38  GPS_HDOP:99.00
17:54:38  원시위도:0.000000
17:54:38  원시경도:0.000000
17:54:38  GPS채택:0
17:54:38  GPS이상치거부:0
17:54:38  GPS품질거부:0
17:54:38  GPS재기준:0
17:54:38  계산거리:-1.00
17:54:38  접근속도:0.00
17:54:38  TTC:999.00
17:54:38  방향오차:0.0
17:54:38  전방여부:0
17:54:38  위험음성횟수:0
17:54:38  충격음성횟수:0
17:54:38  마지막위험음성:0
17:54:38  RSSI원시:-78
17:54:38  RSSI평활:-78.3
17:54:38  RSSI샘플:7768
17:54:38  RSSI경과ms:105
17:54:38  위험송신:7768
17:54:38  시각ms:847471
17:54:38  IMU시각ms:847471
17:54:38  위험:0
17:54:38  원시위험:0
17:54:38  GPS유효:0
17:54:38  위도:0.000000
17:54:38  경도:0.000000
17:54:38  속도:0.00
17:54:38  방향:0.0
17:54:38  GPS원시속도:0.000
17:54:38  GPS원시방향유효:0
17:54:38  GPS원시방향:0.0
17:54:38  가속도:-0.62,0.41,9.50
17:54:38  자이로:1.3,1.7,1.9
17:54:38  자력계:5.250,1.050,1.800
17:54:38  충격값:0.25
17:54:38  송신:8320
17:54:38  지팡이수신:7769
17:54:38  GPS위성:0
17:54:38  GPS_HDOP:99.00
17:54:38  원시위도:0.000000
17:54:38  원시경도:0.000000
17:54:38  GPS채택:0
17:54:38  GPS이상치거부:0
17:54:38  GPS품질거부:0
17:54:38  GPS재기준:0
17:54:38  계산거리:-1.00
17:54:38  접근속도:0.00
17:54:38  TTC:999.00
17:54:38  방향오차:0.0
17:54:38  전방여부:0
17:54:38  위험음성횟수:0
17:54:38  충격음성횟수:0
17:54:38  마지막위험음성:0
17:54:38  RSSI원시:-78
17:54:38  RSSI평활:-78.3
17:54:38  RSSI샘플:7769
17:54:38  RSSI경과ms:99
17:54:38  위험송신:7769
17:54:38  시각ms:847522
17:54:38  IMU시각ms:847522
17:54:38  위험:0
17:54:38  원시위험:0
17:54:38  GPS유효:0
17:54:38  위도:0.000000
17:54:38  경도:0.000000
17:54:38  속도:0.00
17:54:38  방향:0.0
17:54:38  GPS원시속도:0.000
17:54:38  GPS원시방향유효:0
17:54:38  GPS원시방향:0.0
17:54:38  가속도:-0.68,0.58,9.62
17:54:38  자이로:-0.8,-2.3,0.5
17:54:38  자력계:8.700,1.050,1.050
17:54:38  충격값:0.10
17:54:38  송신:8321
17:54:38  지팡이수신:7770
17:54:38  GPS위성:0
17:54:38  GPS_HDOP:99.00
17:54:38  원시위도:0.000000
17:54:38  원시경도:0.000000
17:54:38  GPS채택:0
17:54:38  GPS이상치거부:0
17:54:38  GPS품질거부:0
17:54:38  GPS재기준:0
17:54:38  계산거리:-1.00
17:54:38  접근속도:0.00
17:54:38  TTC:999.00
17:54:38  방향오차:0.0
17:54:38  전방여부:0
17:54:38  위험음성횟수:0
17:54:38  충격음성횟수:0
17:54:38  마지막위험음성:0
17:54:38  RSSI원시:-80
17:54:38  RSSI평활:-78.6
17:54:38  RSSI샘플:7770
17:54:38  RSSI경과ms:50
17:54:38  위험송신:7770
17:54:38  시각ms:847572
17:54:38  IMU시각ms:847572
17:54:38  위험:0
17:54:38  원시위험:0
17:54:38  GPS유효:0
17:54:38  위도:0.000000
17:54:38  경도:0.000000
17:54:38  속도:0.00
17:54:38  방향:0.0
17:54:38  GPS원시속도:0.000
17:54:38  GPS원시방향유효:0
17:54:38  GPS원시방향:0.0
17:54:38  가속도:-0.56,0.68,9.75
17:54:38  자이로:1.1,-1.6,-2.6
17:54:38  자력계:7.950,1.050,0.750
17:54:38  충격값:0.13
17:54:38  송신:8321
17:54:38  지팡이수신:7770
17:54:38  GPS위성:0
17:54:38  GPS_HDOP:99.00
17:54:38  원시위도:0.000000
17:54:38  원시경도:0.000000
17:54:38  GPS채택:0
17:54:38  GPS이상치거부:0
17:54:38  GPS품질거부:0
17:54:38  GPS재기준:0
17:54:38  계산거리:-1.00
17:54:38  접근속도:0.00
17:54:38  TTC:999.00
17:54:38  방향오차:0.0
17:54:38  전방여부:0
17:54:38  위험음성횟수:0
17:54:38  충격음성횟수:0
17:54:38  마지막위험음성:0
17:54:38  RSSI원시:-80
17:54:38  RSSI평활:-78.6
17:54:38  RSSI샘플:7770
17:54:38  RSSI경과ms:100
17:54:38  위험송신:7770
17:54:38  시각ms:847773
17:54:38  IMU시각ms:847773
17:54:38  위험:0
17:54:38  원시위험:0
17:54:38  GPS유효:0
17:54:38  위도:0.000000
17:54:38  경도:0.000000
17:54:38  속도:0.00
17:54:38  방향:0.0
17:54:38  GPS원시속도:0.000
17:54:38  GPS원시방향유효:0
17:54:38  GPS원시방향:0.0
17:54:38  가속도:-0.56,0.53,9.60
17:54:38  자이로:1.9,-1.3,2.1
17:54:38  자력계:7.800,1.650,0.450
17:54:38  충격값:0.10
17:54:38  송신:8323
17:54:38  지팡이수신:7772
17:54:38  GPS위성:0
17:54:38  GPS_HDOP:99.00
17:54:38  원시위도:0.000000
17:54:38  원시경도:0.000000
17:54:38  GPS채택:0
17:54:38  GPS이상치거부:0
17:54:38  GPS품질거부:0
17:54:38  GPS재기준:0
17:54:38  계산거리:-1.00
17:54:38  접근속도:0.00
17:54:38  TTC:999.00
17:54:38  방향오차:0.0
17:54:38  전방여부:0
17:54:38  위험음성횟수:0
17:54:38  충격음성횟수:0
17:54:38  마지막위험음성:0
17:54:38  RSSI원시:-77
17:54:38  RSSI평활:-78.2
17:54:38  RSSI샘플:7772
17:54:38  RSSI경과ms:92
17:54:38  위험송신:7772
17:54:39  시각ms:847873
17:54:39  IMU시각ms:847873
17:54:39  위험:0
17:54:39  원시위험:0
17:54:39  GPS유효:0
17:54:39  위도:0.000000
17:54:39  경도:0.000000
17:54:39  속도:0.00
17:54:39  방향:0.0
17:54:39  GPS원시속도:0.000
17:54:39  GPS원시방향유효:0
17:54:39  GPS원시방향:0.0
17:54:39  가속도:-0.66,0.62,9.62
17:54:39  자이로:0.9,-1.2,0.2
17:54:39  자력계:8.400,1.500,1.500
17:54:39  충격값:0.10
17:54:39  송신:8324
17:54:39  지팡이수신:7773
17:54:39  GPS위성:0
17:54:39  GPS_HDOP:99.00
17:54:39  원시위도:0.000000
17:54:39  원시경도:0.000000
17:54:39  GPS채택:0
17:54:39  GPS이상치거부:0
17:54:39  GPS품질거부:0
17:54:39  GPS재기준:0
17:54:39  계산거리:-1.00
17:54:39  접근속도:0.00
17:54:39  TTC:999.00
17:54:39  방향오차:0.0
17:54:39  전방여부:0
17:54:39  위험음성횟수:0
17:54:39  충격음성횟수:0
17:54:39  마지막위험음성:0
17:54:39  RSSI원시:-78
17:54:39  RSSI평활:-78.2
17:54:39  RSSI샘플:7773
17:54:39  RSSI경과ms:88
17:54:39  위험송신:7773
17:54:39  시각ms:847973
17:54:39  IMU시각ms:847973
17:54:39  위험:0
17:54:39  원시위험:0
17:54:39  GPS유효:0
17:54:39  위도:0.000000
17:54:39  경도:0.000000
17:54:39  속도:0.00
17:54:39  방향:0.0
17:54:39  GPS원시속도:0.000
17:54:39  GPS원시방향유효:0
17:54:39  GPS원시방향:0.0
17:54:39  가속도:-0.64,0.43,9.69
17:54:39  자이로:-0.9,-1.5,-3.4
17:54:39  자력계:6.750,0.300,2.550
17:54:39  충격값:0.13
17:54:39  송신:8325
17:54:39  지팡이수신:7773
17:54:39  GPS위성:0
17:54:39  GPS_HDOP:99.00
17:54:39  원시위도:0.000000
17:54:39  원시경도:0.000000
17:54:39  GPS채택:0
17:54:39  GPS이상치거부:0
17:54:39  GPS품질거부:0
17:54:39  GPS재기준:0
17:54:39  계산거리:-1.00
17:54:39  접근속도:0.00
17:54:39  TTC:999.00
17:54:39  방향오차:0.0
17:54:39  전방여부:0
17:54:39  위험음성횟수:0
17:54:39  충격음성횟수:0
17:54:39  마지막위험음성:0
17:54:39  RSSI원시:-78
17:54:39  RSSI평활:-78.2
17:54:39  RSSI샘플:7773
17:54:39  RSSI경과ms:188
17:54:39  위험송신:7773
17:54:39  시각ms:848178
17:54:39  IMU시각ms:848178
17:54:39  위험:0
17:54:39  원시위험:0
17:54:39  GPS유효:0
17:54:39  위도:0.000000
17:54:39  경도:0.000000
17:54:39  속도:0.00
17:54:39  방향:0.0
17:54:39  GPS원시속도:0.000
17:54:39  GPS원시방향유효:0
17:54:39  GPS원시방향:0.0
17:54:39  가속도:-0.61,0.64,9.64
17:54:39  자이로:1.6,2.8,-2.5
17:54:39  자력계:7.050,0.150,0.450
17:54:39  충격값:0.08
17:54:39  송신:8327
17:54:39  지팡이수신:7775
17:54:39  GPS위성:0
17:54:39  GPS_HDOP:99.00
17:54:39  원시위도:0.000000
17:54:39  원시경도:0.000000
17:54:39  GPS채택:0
17:54:39  GPS이상치거부:0
17:54:39  GPS품질거부:0
17:54:39  GPS재기준:0
17:54:39  계산거리:-1.00
17:54:39  접근속도:0.00
17:54:39  TTC:999.00
17:54:39  방향오차:0.0
17:54:39  전방여부:0
17:54:39  위험음성횟수:0
17:54:39  충격음성횟수:0
17:54:39  마지막위험음성:0
17:54:39  RSSI원시:-78
17:54:39  RSSI평활:-78.3
17:54:39  RSSI샘플:7775
17:54:39  RSSI경과ms:90
17:54:39  위험송신:7775
17:54:39  시각ms:848340
17:54:39  IMU시각ms:848340
17:54:39  위험:0
17:54:39  원시위험:0
17:54:39  GPS유효:0
17:54:39  위도:0.000000
17:54:39  경도:0.000000
17:54:39  속도:0.00
17:54:39  방향:0.0
17:54:39  GPS원시속도:0.000
17:54:39  GPS원시방향유효:0
17:54:39  GPS원시방향:0.0
17:54:39  가속도:-0.62,0.56,9.76
17:54:39  자이로:-0.0,3.9,0.4
17:54:39  자력계:7.800,2.550,0.450
17:54:39  충격값:0.08
17:54:39  송신:8329
17:54:39  지팡이수신:7777
17:54:39  GPS위성:0
17:54:39  GPS_HDOP:99.00
17:54:39  원시위도:0.000000
17:54:39  원시경도:0.000000
17:54:39  GPS채택:0
17:54:39  GPS이상치거부:0
17:54:39  GPS품질거부:0
17:54:39  GPS재기준:0
17:54:39  계산거리:-1.00
17:54:39  접근속도:0.00
17:54:39  TTC:999.00
17:54:39  방향오차:0.0
17:54:39  전방여부:0
17:54:39  위험음성횟수:0
17:54:39  충격음성횟수:0
17:54:39  마지막위험음성:0
17:54:39  RSSI원시:-78
17:54:39  RSSI평활:-78.3
17:54:39  RSSI샘플:7777
17:54:39  RSSI경과ms:49
17:54:39  위험송신:7777
17:54:39  시각ms:848390
17:54:39  IMU시각ms:848390
17:54:39  위험:0
17:54:39  원시위험:0
17:54:39  GPS유효:0
17:54:39  위도:0.000000
17:54:39  경도:0.000000
17:54:39  속도:0.00
17:54:39  방향:0.0
17:54:39  GPS원시속도:0.000
17:54:39  GPS원시방향유효:0
17:54:39  GPS원시방향:0.0
17:54:39  가속도:-0.55,0.48,9.68
17:54:39  자이로:0.4,1.7,-1.1
17:54:39  자력계:7.950,0.750,2.250
17:54:39  충격값:0.11
17:54:39  송신:8329
17:54:39  지팡이수신:7777
17:54:39  GPS위성:0
17:54:39  GPS_HDOP:99.00
17:54:39  원시위도:0.000000
17:54:39  원시경도:0.000000
17:54:39  GPS채택:0
17:54:39  GPS이상치거부:0
17:54:39  GPS품질거부:0
17:54:39  GPS재기준:0
17:54:39  계산거리:-1.00
17:54:39  접근속도:0.00
17:54:39  TTC:999.00
17:54:39  방향오차:0.0
17:54:39  전방여부:0
17:54:39  위험음성횟수:0
17:54:39  충격음성횟수:0
17:54:39  마지막위험음성:0
17:54:39  RSSI원시:-78
17:54:39  RSSI평활:-78.3
17:54:39  RSSI샘플:7777
17:54:39  RSSI경과ms:99
17:54:39  위험송신:7777
17:54:39  시각ms:848491
17:54:39  IMU시각ms:848491
17:54:39  위험:0
17:54:39  원시위험:0
17:54:39  GPS유효:0
17:54:39  위도:0.000000
17:54:39  경도:0.000000
17:54:39  속도:0.00
17:54:39  방향:0.0
17:54:39  GPS원시속도:0.000
17:54:39  GPS원시방향유효:0
17:54:39  GPS원시방향:0.0
17:54:39  가속도:-0.61,0.61,9.72
17:54:39  자이로:5.2,0.7,2.2
17:54:39  자력계:6.600,-1.350,1.650
17:54:39  충격값:0.05
17:54:39  송신:8330
17:54:39  지팡이수신:7778
17:54:39  GPS위성:0
17:54:39  GPS_HDOP:99.00
17:54:39  원시위도:0.000000
17:54:39  원시경도:0.000000
17:54:39  GPS채택:0
17:54:39  GPS이상치거부:0
17:54:39  GPS품질거부:0
17:54:39  GPS재기준:0
17:54:39  계산거리:-1.00
17:54:39  접근속도:0.00
17:54:39  TTC:999.00
17:54:39  방향오차:0.0
17:54:39  전방여부:0
17:54:39  위험음성횟수:0
17:54:39  충격음성횟수:0
17:54:39  마지막위험음성:0
17:54:39  RSSI원시:-78
17:54:39  RSSI평활:-78.3
17:54:39  RSSI샘플:7778
17:54:39  RSSI경과ms:95
17:54:39  위험송신:7778
17:54:40  시각ms:848748
17:54:40  IMU시각ms:848748
17:54:40  위험:0
17:54:40  원시위험:0
17:54:40  GPS유효:0
17:54:40  위도:0.000000
17:54:40  경도:0.000000
17:54:40  속도:0.00
17:54:40  방향:0.0
17:54:40  GPS원시속도:0.000
17:54:40  GPS원시방향유효:0
17:54:40  GPS원시방향:0.0
17:54:40  가속도:-0.58,0.50,9.71
17:54:40  자이로:1.4,1.4,-1.2
17:54:40  자력계:6.750,0.750,0.000
17:54:40  충격값:0.08
17:54:40  송신:8333
17:54:40  지팡이수신:7781
17:54:40  GPS위성:0
17:54:40  GPS_HDOP:99.00
17:54:40  원시위도:0.000000
17:54:40  원시경도:0.000000
17:54:40  GPS채택:0
17:54:40  GPS이상치거부:0
17:54:40  GPS품질거부:0
17:54:40  GPS재기준:0
17:54:40  계산거리:-1.00
17:54:40  접근속도:0.00
17:54:40  TTC:999.00
17:54:40  방향오차:0.0
17:54:40  전방여부:0
17:54:40  위험음성횟수:0
17:54:40  충격음성횟수:0
17:54:40  마지막위험음성:0
17:54:40  RSSI원시:-78
17:54:40  RSSI평활:-78.3
17:54:40  RSSI샘플:7781
17:54:40  RSSI경과ms:45
17:54:40  위험송신:7781
17:54:40  시각ms:848953
17:54:40  IMU시각ms:848953
17:54:40  위험:0
17:54:40  원시위험:0
17:54:40  GPS유효:0
17:54:40  위도:0.000000
17:54:40  경도:0.000000
17:54:40  속도:0.00
17:54:40  방향:0.0
17:54:40  GPS원시속도:0.000
17:54:40  GPS원시방향유효:0
17:54:40  GPS원시방향:0.0
17:54:40  가속도:-0.63,0.53,9.66
17:54:40  자이로:1.1,0.6,-1.4
17:54:40  자력계:6.450,0.300,2.250
17:54:40  충격값:0.04
17:54:40  송신:8335
17:54:40  지팡이수신:7783
17:54:40  GPS위성:0
17:54:40  GPS_HDOP:99.00
17:54:40  원시위도:0.000000
17:54:40  원시경도:0.000000
17:54:40  GPS채택:0
17:54:40  GPS이상치거부:0
17:54:40  GPS품질거부:0
17:54:40  GPS재기준:0
17:54:40  계산거리:-1.00
17:54:40  접근속도:0.00
17:54:40  TTC:999.00
17:54:40  방향오차:0.0
17:54:40  전방여부:0
17:54:40  위험음성횟수:0
17:54:40  충격음성횟수:0
17:54:40  마지막위험음성:0
17:54:40  RSSI원시:-78
17:54:40  RSSI평활:-78.3
17:54:40  RSSI샘플:7783
17:54:40  RSSI경과ms:42
17:54:40  위험송신:7783
17:54:40  시각ms:849053
17:54:40  IMU시각ms:849053
17:54:40  위험:0
17:54:40  원시위험:0
17:54:40  GPS유효:0
17:54:40  위도:0.000000
17:54:40  경도:0.000000
17:54:40  속도:0.00
17:54:40  방향:0.0
17:54:40  GPS원시속도:0.000
17:54:40  GPS원시방향유효:0
17:54:40  GPS원시방향:0.0
17:54:40  가속도:-0.68,0.57,9.70
17:54:40  자이로:-0.2,0.8,-1.2
17:54:40  자력계:7.500,0.750,1.500
17:54:40  충격값:0.07
17:54:40  송신:8336
17:54:40  지팡이수신:7783
17:54:40  GPS위성:0
17:54:40  GPS_HDOP:99.00
17:54:40  원시위도:0.000000
17:54:40  원시경도:0.000000
17:54:40  GPS채택:0
17:54:40  GPS이상치거부:0
17:54:40  GPS품질거부:0
17:54:40  GPS재기준:0
17:54:40  계산거리:-1.00
17:54:40  접근속도:0.00
17:54:40  TTC:999.00
17:54:40  방향오차:0.0
17:54:40  전방여부:0
17:54:40  위험음성횟수:0
17:54:40  충격음성횟수:0
17:54:40  마지막위험음성:0
17:54:40  RSSI원시:-78
17:54:40  RSSI평활:-78.3
17:54:40  RSSI샘플:7783
17:54:40  RSSI경과ms:142
17:54:40  위험송신:7783
17:54:40  시각ms:849158
17:54:40  IMU시각ms:849158
17:54:40  위험:0
17:54:40  원시위험:0
17:54:40  GPS유효:0
17:54:40  위도:0.000000
17:54:40  경도:0.000000
17:54:40  속도:0.00
17:54:40  방향:0.0
17:54:40  GPS원시속도:0.000
17:54:40  GPS원시방향유효:0
17:54:40  GPS원시방향:0.0
17:54:40  가속도:-0.64,0.42,9.66
17:54:40  자이로:-1.2,0.7,-0.2
17:54:40  자력계:7.500,2.250,1.050
17:54:40  충격값:0.15
17:54:40  송신:8337
17:54:40  지팡이수신:7784
17:54:40  GPS위성:0
17:54:40  GPS_HDOP:99.00
17:54:40  원시위도:0.000000
17:54:40  원시경도:0.000000
17:54:40  GPS채택:0
17:54:40  GPS이상치거부:0
17:54:40  GPS품질거부:0
17:54:40  GPS재기준:0
17:54:40  계산거리:-1.00
17:54:40  접근속도:0.00
17:54:40  TTC:999.00
17:54:40  방향오차:0.0
17:54:40  전방여부:0
17:54:40  위험음성횟수:0
17:54:40  충격음성횟수:0
17:54:40  마지막위험음성:0
17:54:40  RSSI원시:-77
17:54:40  RSSI평활:-78.1
17:54:40  RSSI샘플:7784
17:54:40  RSSI경과ms:42
17:54:40  위험송신:7784
17:54:40  시각ms:849263
17:54:40  IMU시각ms:849263
17:54:40  위험:0
17:54:40  원시위험:0
17:54:40  GPS유효:0
17:54:40  위도:0.000000
17:54:40  경도:0.000000
17:54:40  속도:0.00
17:54:40  방향:0.0
17:54:40  GPS원시속도:0.000
17:54:40  GPS원시방향유효:0
17:54:40  GPS원시방향:0.0
17:54:40  가속도:-0.70,0.51,9.72
17:54:40  자이로:1.5,1.3,-1.6
17:54:40  자력계:6.600,0.900,0.450
17:54:40  충격값:0.11
17:54:40  송신:8338
17:54:40  지팡이수신:7785
17:54:40  GPS위성:0
17:54:40  GPS_HDOP:99.00
17:54:40  원시위도:0.000000
17:54:40  원시경도:0.000000
17:54:40  GPS채택:0
17:54:40  GPS이상치거부:0
17:54:40  GPS품질거부:0
17:54:40  GPS재기준:0
17:54:40  계산거리:-1.00
17:54:40  접근속도:0.00
17:54:40  TTC:999.00
17:54:40  방향오차:0.0
17:54:40  전방여부:0
17:54:40  위험음성횟수:0
17:54:40  충격음성횟수:0
17:54:40  마지막위험음성:0
17:54:40  RSSI원시:-78
17:54:40  RSSI평활:-78.1
17:54:40  RSSI샘플:7785
17:54:40  RSSI경과ms:46
17:54:40  위험송신:7785
17:54:40  시각ms:849417
17:54:40  IMU시각ms:849417
17:54:40  위험:0
17:54:40  원시위험:0
17:54:40  GPS유효:0
17:54:40  위도:0.000000
17:54:40  경도:0.000000
17:54:40  속도:0.00
17:54:40  방향:0.0
17:54:40  GPS원시속도:0.000
17:54:40  GPS원시방향유효:0
17:54:40  GPS원시방향:0.0
17:54:40  가속도:-0.65,0.55,9.73
17:54:40  자이로:1.0,2.0,-0.8
17:54:40  자력계:8.700,1.500,1.050
17:54:40  충격값:0.06
17:54:40  송신:8339
17:54:40  지팡이수신:7786
17:54:40  GPS위성:0
17:54:40  GPS_HDOP:99.00
17:54:40  원시위도:0.000000
17:54:40  원시경도:0.000000
17:54:40  GPS채택:0
17:54:40  GPS이상치거부:0
17:54:40  GPS품질거부:0
17:54:40  GPS재기준:0
17:54:40  계산거리:-1.00
17:54:40  접근속도:0.00
17:54:40  TTC:999.00
17:54:40  방향오차:0.0
17:54:40  전방여부:0
17:54:40  위험음성횟수:0
17:54:40  충격음성횟수:0
17:54:40  마지막위험음성:0
17:54:40  RSSI원시:-80
17:54:40  RSSI평활:-78.5
17:54:40  RSSI샘플:7786
17:54:40  RSSI경과ms:92
17:54:40  위험송신:7786
17:54:40  시각ms:849622
17:54:40  IMU시각ms:849622
17:54:40  위험:0
17:54:40  원시위험:0
17:54:40  GPS유효:0
17:54:40  위도:0.000000
17:54:40  경도:0.000000
17:54:40  속도:0.00
17:54:40  방향:0.0
17:54:40  GPS원시속도:0.000
17:54:40  GPS원시방향유효:0
17:54:40  GPS원시방향:0.0
17:54:40  가속도:-0.64,0.55,9.71
17:54:40  자이로:1.6,0.6,0.7
17:54:40  자력계:8.700,2.700,1.050
17:54:40  충격값:0.03
17:54:40  송신:8341
17:54:40  지팡이수신:7788
17:54:40  GPS위성:0
17:54:40  GPS_HDOP:99.00
17:54:40  원시위도:0.000000
17:54:40  원시경도:0.000000
17:54:40  GPS채택:0
17:54:40  GPS이상치거부:0
17:54:40  GPS품질거부:0
17:54:40  GPS재기준:0
17:54:40  계산거리:-1.00
17:54:40  접근속도:0.00
17:54:40  TTC:999.00
17:54:40  방향오차:0.0
17:54:40  전방여부:0
17:54:40  위험음성횟수:0
17:54:40  충격음성횟수:0
17:54:40  마지막위험음성:0
17:54:40  RSSI원시:-81
17:54:40  RSSI평활:-79.4
17:54:40  RSSI샘플:7788
17:54:40  RSSI경과ms:101
17:54:40  위험송신:7788
17:54:41  시각ms:849832
17:54:41  IMU시각ms:849832
17:54:41  위험:0
17:54:41  원시위험:0
17:54:41  GPS유효:0
17:54:41  위도:0.000000
17:54:41  경도:0.000000
17:54:41  속도:0.00
17:54:41  방향:0.0
17:54:41  GPS원시속도:0.000
17:54:41  GPS원시방향유효:0
17:54:41  GPS원시방향:0.0
17:54:41  가속도:-0.68,0.60,9.74
17:54:41  자이로:0.5,0.1,-0.4
17:54:41  자력계:7.200,0.300,1.050
17:54:41  충격값:0.09
17:54:41  송신:8343
17:54:41  지팡이수신:7791
17:54:41  GPS위성:0
17:54:41  GPS_HDOP:99.00
17:54:41  원시위도:0.000000
17:54:41  원시경도:0.000000
17:54:41  GPS채택:0
17:54:41  GPS이상치거부:0
17:54:41  GPS품질거부:0
17:54:41  GPS재기준:0
17:54:41  계산거리:-1.00
17:54:41  접근속도:0.00
17:54:41  TTC:999.00
17:54:41  방향오차:0.0
17:54:41  전방여부:0
17:54:41  위험음성횟수:0
17:54:41  충격음성횟수:0
17:54:41  마지막위험음성:0
17:54:41  RSSI원시:-78
17:54:41  RSSI평활:-79.1
17:54:41  RSSI샘플:7791
17:54:41  RSSI경과ms:3
17:54:41  위험송신:7791
17:54:41  시각ms:849882
17:54:41  IMU시각ms:849882
17:54:41  위험:0
17:54:41  원시위험:0
17:54:41  GPS유효:0
17:54:41  위도:0.000000
17:54:41  경도:0.000000
17:54:41  속도:0.00
17:54:41  방향:0.0
17:54:41  GPS원시속도:0.000
17:54:41  GPS원시방향유효:0
17:54:41  GPS원시방향:0.0
17:54:41  가속도:-0.63,0.53,9.68
17:54:41  자이로:2.6,-0.2,-1.5
17:54:41  자력계:7.350,0.900,1.200
17:54:41  충격값:0.04
17:54:41  송신:8344
17:54:41  지팡이수신:7791
17:54:41  GPS위성:0
17:54:41  GPS_HDOP:99.00
17:54:41  원시위도:0.000000
17:54:41  원시경도:0.000000
17:54:41  GPS채택:0
17:54:41  GPS이상치거부:0
17:54:41  GPS품질거부:0
17:54:41  GPS재기준:0
17:54:41  계산거리:-1.00
17:54:41  접근속도:0.00
17:54:41  TTC:999.00
17:54:41  방향오차:0.0
17:54:41  전방여부:0
17:54:41  위험음성횟수:0
17:54:41  충격음성횟수:0
17:54:41  마지막위험음성:0
17:54:41  RSSI원시:-78
17:54:41  RSSI평활:-79.1
17:54:41  RSSI샘플:7791
17:54:41  RSSI경과ms:53
17:54:41  위험송신:7791
17:54:41  시각ms:849982
17:54:41  IMU시각ms:849982
17:54:41  위험:0
17:54:41  원시위험:0
17:54:41  GPS유효:0
17:54:41  위도:0.000000
17:54:41  경도:0.000000
17:54:41  속도:0.00
17:54:41  방향:0.0
17:54:41  GPS원시속도:0.000
17:54:41  GPS원시방향유효:0
17:54:41  GPS원시방향:0.0
17:54:41  가속도:-0.49,0.57,9.65
17:54:41  자이로:-0.9,0.6,2.1
17:54:41  자력계:7.350,2.550,0.450
17:54:41  충격값:0.13
17:54:41  송신:8345
17:54:41  지팡이수신:7792
17:54:41  GPS위성:0
17:54:41  GPS_HDOP:99.00
17:54:41  원시위도:0.000000
17:54:41  원시경도:0.000000
17:54:41  GPS채택:0
17:54:41  GPS이상치거부:0
17:54:41  GPS품질거부:0
17:54:41  GPS재기준:0
17:54:41  계산거리:-1.00
17:54:41  접근속도:0.00
17:54:41  TTC:999.00
17:54:41  방향오차:0.0
17:54:41  전방여부:0
17:54:41  위험음성횟수:0
17:54:41  충격음성횟수:0
17:54:41  마지막위험음성:0
17:54:41  RSSI원시:-77
17:54:41  RSSI평활:-78.7
17:54:41  RSSI샘플:7792
17:54:41  RSSI경과ms:53
17:54:41  위험송신:7792
17:54:41  시각ms:850082
17:54:41  IMU시각ms:850082
17:54:41  위험:0
17:54:41  원시위험:0
17:54:41  GPS유효:0
17:54:41  위도:0.000000
17:54:41  경도:0.000000
17:54:41  속도:0.00
17:54:41  방향:0.0
17:54:41  GPS원시속도:0.000
17:54:41  GPS원시방향유효:0
17:54:41  GPS원시방향:0.0
17:54:41  가속도:-0.72,0.60,9.65
17:54:41  자이로:-1.5,0.7,-2.7
17:54:41  자력계:7.350,1.350,1.200
17:54:41  충격값:0.11
17:54:41  송신:8346
17:54:41  지팡이수신:7793
17:54:41  GPS위성:0
17:54:41  GPS_HDOP:99.00
17:54:41  원시위도:0.000000
17:54:41  원시경도:0.000000
17:54:41  GPS채택:0
17:54:41  GPS이상치거부:0
17:54:41  GPS품질거부:0
17:54:41  GPS재기준:0
17:54:41  계산거리:-1.00
17:54:41  접근속도:0.00
17:54:41  TTC:999.00
17:54:41  방향오차:0.0
17:54:41  전방여부:0
17:54:41  위험음성횟수:0
17:54:41  충격음성횟수:0
17:54:41  마지막위험음성:0
17:54:41  RSSI원시:-79
17:54:41  RSSI평활:-78.8
17:54:41  RSSI샘플:7793
17:54:41  RSSI경과ms:39
17:54:41  위험송신:7793
17:54:41  시각ms:850183
17:54:41  IMU시각ms:850183
17:54:41  위험:0
17:54:41  원시위험:0
17:54:41  GPS유효:0
17:54:41  위도:0.000000
17:54:41  경도:0.000000
17:54:41  속도:0.00
17:54:41  방향:0.0
17:54:41  GPS원시속도:0.000
17:54:41  GPS원시방향유효:0
17:54:41  GPS원시방향:0.0
17:54:41  가속도:-0.70,0.43,9.62
17:54:41  자이로:-0.4,-2.7,1.5
17:54:41  자력계:6.600,1.350,2.700
17:54:41  충격값:0.18
17:54:41  송신:8347
17:54:41  지팡이수신:7794
17:54:41  GPS위성:0
17:54:41  GPS_HDOP:99.00
17:54:41  원시위도:0.000000
17:54:41  원시경도:0.000000
17:54:41  GPS채택:0
17:54:41  GPS이상치거부:0
17:54:41  GPS품질거부:0
17:54:41  GPS재기준:0
17:54:41  계산거리:-1.00
17:54:41  접근속도:0.00
17:54:41  TTC:999.00
17:54:41  방향오차:0.0
17:54:41  전방여부:0
17:54:41  위험음성횟수:0
17:54:41  충격음성횟수:0
17:54:41  마지막위험음성:0
17:54:41  RSSI원시:-82
17:54:41  RSSI평활:-79.4
17:54:41  RSSI샘플:7794
17:54:41  RSSI경과ms:52
17:54:41  위험송신:7794
17:54:41  시각ms:850294
17:54:41  IMU시각ms:850283
17:54:41  위험:0
17:54:41  원시위험:0
17:54:41  GPS유효:0
17:54:41  위도:0.000000
17:54:41  경도:0.000000
17:54:41  속도:0.00
17:54:41  방향:0.0
17:54:41  GPS원시속도:0.000
17:54:41  GPS원시방향유효:0
17:54:41  GPS원시방향:0.0
17:54:41  가속도:-0.59,0.50,9.70
17:54:41  자이로:0.1,-0.9,-0.6
17:54:41  자력계:7.050,1.350,1.950
17:54:41  충격값:0.08
17:54:41  송신:8348
17:54:41  지팡이수신:7795
17:54:41  GPS위성:0
17:54:41  GPS_HDOP:99.00
17:54:41  원시위도:0.000000
17:54:41  원시경도:0.000000
17:54:41  GPS채택:0
17:54:41  GPS이상치거부:0
17:54:41  GPS품질거부:0
17:54:41  GPS재기준:0
17:54:41  계산거리:-1.00
17:54:41  접근속도:0.00
17:54:41  TTC:999.00
17:54:41  방향오차:0.0
17:54:41  전방여부:0
17:54:41  위험음성횟수:0
17:54:41  충격음성횟수:0
17:54:41  마지막위험음성:0
17:54:41  RSSI원시:-77
17:54:41  RSSI평활:-78.9
17:54:41  RSSI샘플:7795
17:54:41  RSSI경과ms:64
17:54:41  위험송신:7795
17:54:41  시각ms:850499
17:54:41  IMU시각ms:850499
17:54:41  위험:0
17:54:41  원시위험:0
17:54:41  GPS유효:0
17:54:41  위도:0.000000
17:54:41  경도:0.000000
17:54:41  속도:0.00
17:54:41  방향:0.0
17:54:41  GPS원시속도:0.000
17:54:41  GPS원시방향유효:0
17:54:41  GPS원시방향:0.0
17:54:41  가속도:-0.62,0.56,9.69
17:54:41  자이로:-0.0,2.9,-3.5
17:54:41  자력계:6.450,1.050,0.750
17:54:41  충격값:0.03
17:54:41  송신:8350
17:54:41  지팡이수신:7797
17:54:41  GPS위성:0
17:54:41  GPS_HDOP:99.00
17:54:41  원시위도:0.000000
17:54:41  원시경도:0.000000
17:54:41  GPS채택:0
17:54:41  GPS이상치거부:0
17:54:41  GPS품질거부:0
17:54:41  GPS재기준:0
17:54:41  계산거리:-1.00
17:54:41  접근속도:0.00
17:54:41  TTC:999.00
17:54:41  방향오차:0.0
17:54:41  전방여부:0
17:54:41  위험음성횟수:0
17:54:41  충격음성횟수:0
17:54:41  마지막위험음성:0
17:54:41  RSSI원시:-76
17:54:41  RSSI평활:-77.9
17:54:41  RSSI샘플:7797
17:54:41  RSSI경과ms:60
17:54:41  위험송신:7797
17:54:41  시각ms:850654
17:54:41  IMU시각ms:850654
17:54:41  위험:0
17:54:41  원시위험:0
17:54:41  GPS유효:0
17:54:41  위도:0.000000
17:54:41  경도:0.000000
17:54:41  속도:0.00
17:54:41  방향:0.0
17:54:41  GPS원시속도:0.000
17:54:41  GPS원시방향유효:0
17:54:41  GPS원시방향:0.0
17:54:41  가속도:-0.52,0.56,9.73
17:54:41  자이로:2.7,-3.9,-2.7
17:54:41  자력계:6.750,1.950,1.500
17:54:41  충격값:0.11
17:54:41  송신:8352
17:54:41  지팡이수신:7799
17:54:41  GPS위성:0
17:54:41  GPS_HDOP:99.00
17:54:41  원시위도:0.000000
17:54:41  원시경도:0.000000
17:54:41  GPS채택:0
17:54:41  GPS이상치거부:0
17:54:41  GPS품질거부:0
17:54:41  GPS재기준:0
17:54:41  계산거리:-1.00
17:54:41  접근속도:0.00
17:54:41  TTC:999.00
17:54:41  방향오차:0.0
17:54:41  전방여부:0
17:54:41  위험음성횟수:0
17:54:41  충격음성횟수:0
17:54:41  마지막위험음성:0
17:54:41  RSSI원시:-76
17:54:41  RSSI평활:-76.9
17:54:41  RSSI샘플:7799
17:54:41  RSSI경과ms:10
17:54:41  위험송신:7799
17:54:42  시각ms:850809
17:54:42  IMU시각ms:850809
17:54:42  위험:0
17:54:42  원시위험:0
17:54:42  GPS유효:0
17:54:42  위도:0.000000
17:54:42  경도:0.000000
17:54:42  속도:0.00
17:54:42  방향:0.0
17:54:42  GPS원시속도:0.000
17:54:42  GPS원시방향유효:0
17:54:42  GPS원시방향:0.0
17:54:42  가속도:-0.60,0.62,9.69
17:54:42  자이로:0.1,3.8,0.8
17:54:42  자력계:8.100,1.350,1.950
17:54:42  충격값:0.05
17:54:42  송신:8353
17:54:42  지팡이수신:7800
17:54:42  GPS위성:0
17:54:42  GPS_HDOP:99.00
17:54:42  원시위도:0.000000
17:54:42  원시경도:0.000000
17:54:42  GPS채택:0
17:54:42  GPS이상치거부:0
17:54:42  GPS품질거부:0
17:54:42  GPS재기준:0
17:54:42  계산거리:-1.00
17:54:42  접근속도:0.00
17:54:42  TTC:999.00
17:54:42  방향오차:0.0
17:54:42  전방여부:0
17:54:42  위험음성횟수:0
17:54:42  충격음성횟수:0
17:54:42  마지막위험음성:0
17:54:42  RSSI원시:-79
17:54:42  RSSI평활:-77.3
17:54:42  RSSI샘플:7800
17:54:42  RSSI경과ms:59
17:54:42  위험송신:7800
17:54:42  시각ms:850909
17:54:42  IMU시각ms:850909
17:54:42  위험:0
17:54:42  원시위험:0
17:54:42  GPS유효:0
17:54:42  위도:0.000000
17:54:42  경도:0.000000
17:54:42  속도:0.00
17:54:42  방향:0.0
17:54:42  GPS원시속도:0.000
17:54:42  GPS원시방향유효:0
17:54:42  GPS원시방향:0.0
17:54:42  가속도:-0.66,0.61,9.65
17:54:42  자이로:-1.4,2.4,-2.8
17:54:42  자력계:8.100,1.650,0.900
17:54:42  충격값:0.07
17:54:42  송신:8354
17:54:42  지팡이수신:7801
17:54:42  GPS위성:0
17:54:42  GPS_HDOP:99.00
17:54:42  원시위도:0.000000
17:54:42  원시경도:0.000000
17:54:42  GPS채택:0
17:54:42  GPS이상치거부:0
17:54:42  GPS품질거부:0
17:54:42  GPS재기준:0
17:54:42  계산거리:-1.00
17:54:42  접근속도:0.00
17:54:42  TTC:999.00
17:54:42  방향오차:0.0
17:54:42  전방여부:0
17:54:42  위험음성횟수:0
17:54:42  충격음성횟수:0
17:54:42  마지막위험음성:0
17:54:42  RSSI원시:-80
17:54:42  RSSI평활:-77.8
17:54:42  RSSI샘플:7801
17:54:42  RSSI경과ms:38
17:54:42  위험송신:7801
17:54:42  시각ms:850971
17:54:42  IMU시각ms:850959
17:54:42  위험:0
17:54:42  원시위험:0
17:54:42  GPS유효:0
17:54:42  위도:0.000000
17:54:42  경도:0.000000
17:54:42  속도:0.00
17:54:42  방향:0.0
17:54:42  GPS원시속도:0.000
17:54:42  GPS원시방향유효:0
17:54:42  GPS원시방향:0.0
17:54:42  가속도:-0.61,0.55,9.63
17:54:42  자이로:0.8,1.3,-2.2
17:54:42  자력계:7.800,0.900,0.450
17:54:42  충격값:0.05
17:54:42  송신:8355
17:54:42  지팡이수신:7802
17:54:42  GPS위성:0
17:54:42  GPS_HDOP:99.00
17:54:42  원시위도:0.000000
17:54:42  원시경도:0.000000
17:54:42  GPS채택:0
17:54:42  GPS이상치거부:0
17:54:42  GPS품질거부:0
17:54:42  GPS재기준:0
17:54:42  계산거리:-1.00
17:54:42  접근속도:0.00
17:54:42  TTC:999.00
17:54:42  방향오차:0.0
17:54:42  전방여부:0
17:54:42  위험음성횟수:0
17:54:42  충격음성횟수:0
17:54:42  마지막위험음성:0
17:54:42  RSSI원시:-82
17:54:42  RSSI평활:-78.7
17:54:42  RSSI샘플:7802
17:54:42  RSSI경과ms:17
17:54:42  위험송신:7802
17:54:42  시각ms:851064
17:54:42  IMU시각ms:851064
17:54:42  위험:0
17:54:42  원시위험:0
17:54:42  GPS유효:0
17:54:42  위도:0.000000
17:54:42  경도:0.000000
17:54:42  속도:0.00
17:54:42  방향:0.0
17:54:42  GPS원시속도:0.000
17:54:42  GPS원시방향유효:0
17:54:42  GPS원시방향:0.0
17:54:42  가속도:-0.57,0.54,9.80
17:54:42  자이로:2.5,-2.4,-0.7
17:54:42  자력계:7.350,1.650,2.400
17:54:42  충격값:0.14
17:54:42  송신:8356
17:54:42  지팡이수신:7803
17:54:42  GPS위성:0
17:54:42  GPS_HDOP:99.00
17:54:42  원시위도:0.000000
17:54:42  원시경도:0.000000
17:54:42  GPS채택:0
17:54:42  GPS이상치거부:0
17:54:42  GPS품질거부:0
17:54:42  GPS재기준:0
17:54:42  계산거리:-1.00
17:54:42  접근속도:0.00
17:54:42  TTC:999.00
17:54:42  방향오차:0.0
17:54:42  전방여부:0
17:54:42  위험음성횟수:0
17:54:42  충격음성횟수:0
17:54:42  마지막위험음성:0
17:54:42  RSSI원시:-82
17:54:42  RSSI평활:-79.3
17:54:42  RSSI샘플:7803
17:54:42  RSSI경과ms:8
17:54:42  위험송신:7803
17:54:42  시각ms:851114
17:54:42  IMU시각ms:851114
17:54:42  위험:0
17:54:42  원시위험:0
17:54:42  GPS유효:0
17:54:42  위도:0.000000
17:54:42  경도:0.000000
17:54:42  속도:0.00
17:54:42  방향:0.0
17:54:42  GPS원시속도:0.000
17:54:42  GPS원시방향유효:0
17:54:42  GPS원시방향:0.0
17:54:42  가속도:-0.60,0.58,9.68
17:54:42  자이로:-0.7,-0.1,-0.0
17:54:42  자력계:6.300,2.850,1.650
17:54:42  충격값:0.01
17:54:42  송신:8356
17:54:42  지팡이수신:7803
17:54:42  GPS위성:0
17:54:42  GPS_HDOP:99.00
17:54:42  원시위도:0.000000
17:54:42  원시경도:0.000000
17:54:42  GPS채택:0
17:54:42  GPS이상치거부:0
17:54:42  GPS품질거부:0
17:54:42  GPS재기준:0
17:54:42  계산거리:-1.00
17:54:42  접근속도:0.00
17:54:42  TTC:999.00
17:54:42  방향오차:0.0
17:54:42  전방여부:0
17:54:42  위험음성횟수:0
17:54:42  충격음성횟수:0
17:54:42  마지막위험음성:0
17:54:42  RSSI원시:-82
17:54:42  RSSI평활:-79.3
17:54:42  RSSI샘플:7803
17:54:42  RSSI경과ms:58
17:54:42  위험송신:7803
17:54:42  시각ms:851164
17:54:42  IMU시각ms:851164
17:54:42  위험:0
17:54:42  원시위험:0
17:54:42  GPS유효:0
17:54:42  위도:0.000000
17:54:42  경도:0.000000
17:54:42  속도:0.00
17:54:42  방향:0.0
17:54:42  GPS원시속도:0.000
17:54:42  GPS원시방향유효:0
17:54:42  GPS원시방향:0.0
17:54:42  가속도:-0.57,0.57,9.70
17:54:42  자이로:0.1,-1.4,-0.9
17:54:42  자력계:7.200,1.950,0.300
17:54:42  충격값:0.04
17:54:42  송신:8357
17:54:42  지팡이수신:7804
17:54:42  GPS위성:0
17:54:42  GPS_HDOP:99.00
17:54:42  원시위도:0.000000
17:54:42  원시경도:0.000000
17:54:42  GPS채택:0
17:54:42  GPS이상치거부:0
17:54:42  GPS품질거부:0
17:54:42  GPS재기준:0
17:54:42  계산거리:-1.00
17:54:42  접근속도:0.00
17:54:42  TTC:999.00
17:54:42  방향오차:0.0
17:54:42  전방여부:0
17:54:42  위험음성횟수:0
17:54:42  충격음성횟수:0
17:54:42  마지막위험음성:0
17:54:42  RSSI원시:-82
17:54:42  RSSI평활:-79.9
17:54:42  RSSI샘플:7804
17:54:42  RSSI경과ms:11
17:54:42  위험송신:7804
17:54:42  시각ms:851214
17:54:42  IMU시각ms:851214
17:54:42  위험:0
17:54:42  원시위험:0
17:54:42  GPS유효:0
17:54:42  위도:0.000000
17:54:42  경도:0.000000
17:54:42  속도:0.00
17:54:42  방향:0.0
17:54:42  GPS원시속도:0.000
17:54:42  GPS원시방향유효:0
17:54:42  GPS원시방향:0.0
17:54:42  가속도:-0.60,0.66,9.64
17:54:42  자이로:1.2,0.1,0.5
17:54:42  자력계:7.950,0.750,1.050
17:54:42  충격값:0.08
17:54:42  송신:8357
17:54:42  지팡이수신:7804
17:54:42  GPS위성:0
17:54:42  GPS_HDOP:99.00
17:54:42  원시위도:0.000000
17:54:42  원시경도:0.000000
17:54:42  GPS채택:0
17:54:42  GPS이상치거부:0
17:54:42  GPS품질거부:0
17:54:42  GPS재기준:0
17:54:42  계산거리:-1.00
17:54:42  접근속도:0.00
17:54:42  TTC:999.00
17:54:42  방향오차:0.0
17:54:42  전방여부:0
17:54:42  위험음성횟수:0
17:54:42  충격음성횟수:0
17:54:42  마지막위험음성:0
17:54:42  RSSI원시:-82
17:54:42  RSSI평활:-79.9
17:54:42  RSSI샘플:7804
17:54:42  RSSI경과ms:61
17:54:42  위험송신:7804
17:54:42  시각ms:851318
17:54:42  IMU시각ms:851318
17:54:42  위험:0
17:54:42  원시위험:0
17:54:42  GPS유효:0
17:54:42  위도:0.000000
17:54:42  경도:0.000000
17:54:42  속도:0.00
17:54:42  방향:0.0
17:54:42  GPS원시속도:0.000
17:54:42  GPS원시방향유효:0
17:54:42  GPS원시방향:0.0
17:54:42  가속도:-0.61,0.68,9.75
17:54:42  자이로:1.8,1.4,-3.1
17:54:42  자력계:6.000,1.050,1.500
17:54:42  충격값:0.11
17:54:42  송신:8358
17:54:42  지팡이수신:7805
17:54:42  GPS위성:0
17:54:42  GPS_HDOP:99.00
17:54:42  원시위도:0.000000
17:54:42  원시경도:0.000000
17:54:42  GPS채택:0
17:54:42  GPS이상치거부:0
17:54:42  GPS품질거부:0
17:54:42  GPS재기준:0
17:54:42  계산거리:-1.00
17:54:42  접근속도:0.00
17:54:42  TTC:999.00
17:54:42  방향오차:0.0
17:54:42  전방여부:0
17:54:42  위험음성횟수:0
17:54:42  충격음성횟수:0
17:54:42  마지막위험음성:0
17:54:42  RSSI원시:-81
17:54:42  RSSI평활:-80.1
17:54:42  RSSI샘플:7805
17:54:42  RSSI경과ms:64
17:54:42  위험송신:7805
17:54:42  시각ms:851518
17:54:42  IMU시각ms:851518
17:54:42  위험:0
17:54:42  원시위험:0
17:54:42  GPS유효:0
17:54:42  위도:0.000000
17:54:42  경도:0.000000
17:54:42  속도:0.00
17:54:42  방향:0.0
17:54:42  GPS원시속도:0.000
17:54:42  GPS원시방향유효:0
17:54:42  GPS원시방향:0.0
17:54:42  가속도:-0.56,0.61,9.69
17:54:42  자이로:1.1,-0.9,-1.7
17:54:42  자력계:8.550,0.900,2.400
17:54:42  충격값:0.06
17:54:42  송신:8360
17:54:42  지팡이수신:7807
17:54:42  GPS위성:0
17:54:42  GPS_HDOP:99.00
17:54:42  원시위도:0.000000
17:54:42  원시경도:0.000000
17:54:42  GPS채택:0
17:54:42  GPS이상치거부:0
17:54:42  GPS품질거부:0
17:54:42  GPS재기준:0
17:54:42  계산거리:-1.00
17:54:42  접근속도:0.00
17:54:42  TTC:999.00
17:54:42  방향오차:0.0
17:54:42  전방여부:0
17:54:42  위험음성횟수:0
17:54:42  충격음성횟수:0
17:54:42  마지막위험음성:0
17:54:42  RSSI원시:-84
17:54:42  RSSI평활:-80.9
17:54:42  RSSI샘플:7807
17:54:42  RSSI경과ms:58
17:54:42  위험송신:7807
17:54:42  시각ms:851619
17:54:42  IMU시각ms:851619
17:54:43  위험:0
17:54:43  원시위험:0
17:54:43  GPS유효:0
17:54:43  위도:0.000000
17:54:43  경도:0.000000
17:54:43  속도:0.00
17:54:43  방향:0.0
17:54:43  GPS원시속도:0.000
17:54:43  GPS원시방향유효:0
17:54:43  GPS원시방향:0.0
17:54:43  가속도:-0.61,0.54,9.80
17:54:43  자이로:-3.0,2.1,-1.7
17:54:43  자력계:7.800,-0.150,1.650
17:54:43  충격값:0.11
17:54:43  송신:8361
17:54:43  지팡이수신:7808
17:54:43  GPS위성:0
17:54:43  GPS_HDOP:99.00
17:54:43  원시위도:0.000000
17:54:43  원시경도:0.000000
17:54:43  GPS채택:0
17:54:43  GPS이상치거부:0
17:54:43  GPS품질거부:0
17:54:43  GPS재기준:0
17:54:43  계산거리:-1.00
17:54:43  접근속도:0.00
17:54:43  TTC:999.00
17:54:43  방향오차:0.0
17:54:43  전방여부:0
17:54:43  위험음성횟수:0
17:54:43  충격음성횟수:0
17:54:43  마지막위험음성:0
17:54:43  RSSI원시:-86
17:54:43  RSSI평활:-81.9
17:54:43  RSSI샘플:7808
17:54:43  RSSI경과ms:43
17:54:43  위험송신:7808
17:54:43  시각ms:851669
17:54:43  IMU시각ms:851669
17:54:43  위험:0
17:54:43  원시위험:0
17:54:43  GPS유효:0
17:54:43  위도:0.000000
17:54:43  경도:0.000000
17:54:43  속도:0.00
17:54:43  방향:0.0
17:54:43  GPS원시속도:0.000
17:54:43  GPS원시방향유효:0
17:54:43  GPS원시방향:0.0
17:54:43  가속도:-0.61,0.57,9.71
17:54:43  자이로:-0.9,0.4,-1.0
17:54:43  자력계:7.050,1.350,0.900
17:54:43  충격값:0.02
17:54:43  송신:8362
17:54:43  지팡이수신:7808
17:54:43  GPS위성:0
17:54:43  GPS_HDOP:99.00
17:54:43  원시위도:0.000000
17:54:43  원시경도:0.000000
17:54:43  GPS채택:0
17:54:43  GPS이상치거부:0
17:54:43  GPS품질거부:0
17:54:43  GPS재기준:0
17:54:43  계산거리:-1.00
17:54:43  접근속도:0.00
17:54:43  TTC:999.00
17:54:43  방향오차:0.0
17:54:43  전방여부:0
17:54:43  위험음성횟수:0
17:54:43  충격음성횟수:0
17:54:43  마지막위험음성:0
17:54:43  RSSI원시:-86
17:54:43  RSSI평활:-81.9
17:54:43  RSSI샘플:7808
17:54:43  RSSI경과ms:93
17:54:43  위험송신:7808
17:54:43  시각ms:851719
17:54:43  IMU시각ms:851719
17:54:43  위험:0
17:54:43  원시위험:0
17:54:43  GPS유효:0
17:54:43  위도:0.000000
17:54:43  경도:0.000000
17:54:43  속도:0.00
17:54:43  방향:0.0
17:54:43  GPS원시속도:0.000
17:54:43  GPS원시방향유효:0
17:54:43  GPS원시방향:0.0
17:54:43  가속도:-0.55,0.55,9.61
17:54:43  자이로:-0.8,1.9,-0.5
17:54:43  자력계:7.800,2.100,0.150
17:54:43  충격값:0.12
17:54:43  송신:8362
17:54:43  지팡이수신:7809
17:54:43  GPS위성:0
17:54:43  GPS_HDOP:99.00
17:54:43  원시위도:0.000000
17:54:43  원시경도:0.000000
17:54:43  GPS채택:0
17:54:43  GPS이상치거부:0
17:54:43  GPS품질거부:0
17:54:43  GPS재기준:0
17:54:43  계산거리:-1.00
17:54:43  접근속도:0.00
17:54:43  TTC:999.00
17:54:43  방향오차:0.0
17:54:43  전방여부:0
17:54:43  위험음성횟수:0
17:54:43  충격음성횟수:0
17:54:43  마지막위험음성:0
17:54:43  RSSI원시:-84
17:54:43  RSSI평활:-82.3
17:54:43  RSSI샘플:7809
17:54:43  RSSI경과ms:37
17:54:43  위험송신:7809
17:54:43  시각ms:851820
17:54:43  IMU시각ms:851820
17:54:43  위험:0
17:54:43  원시위험:0
17:54:43  GPS유효:0
17:54:43  위도:0.000000
17:54:43  경도:0.000000
17:54:43  속도:0.00
17:54:43  방향:0.0
17:54:43  GPS원시속도:0.000
17:54:43  GPS원시방향유효:0
17:54:43  GPS원시방향:0.0
17:54:43  가속도:-0.53,0.56,9.75
17:54:43  자이로:-1.6,1.1,-3.5
17:54:43  자력계:5.100,0.150,1.200
17:54:43  충격값:0.10
17:54:43  송신:8363
17:54:43  지팡이수신:7810
17:54:43  GPS위성:0
17:54:43  GPS_HDOP:99.00
17:54:43  원시위도:0.000000
17:54:43  원시경도:0.000000
17:54:43  GPS채택:0
17:54:43  GPS이상치거부:0
17:54:43  GPS품질거부:0
17:54:43  GPS재기준:0
17:54:43  계산거리:-1.00
17:54:43  접근속도:0.00
17:54:43  TTC:999.00
17:54:43  방향오차:0.0
17:54:43  전방여부:0
17:54:43  위험음성횟수:0
17:54:43  충격음성횟수:0
17:54:43  마지막위험음성:0
17:54:43  RSSI원시:-86
17:54:43  RSSI평활:-83.0
17:54:43  RSSI샘플:7810
17:54:43  RSSI경과ms:44
17:54:43  위험송신:7810
17:54:43  시각ms:852020
17:54:43  IMU시각ms:852020
17:54:43  위험:0
17:54:43  원시위험:0
17:54:43  GPS유효:0
17:54:43  위도:0.000000
17:54:43  경도:0.000000
17:54:43  속도:0.00
17:54:43  방향:0.0
17:54:43  GPS원시속도:0.000
17:54:43  GPS원시방향유효:0
17:54:43  GPS원시방향:0.0
17:54:43  가속도:-0.56,0.59,9.63
17:54:43  자이로:-1.7,-0.3,-2.4
17:54:43  자력계:7.500,0.750,0.750
17:54:43  충격값:0.08
17:54:43  송신:8365
17:54:43  지팡이수신:7812
17:54:43  GPS위성:0
17:54:43  GPS_HDOP:99.00
17:54:43  원시위도:0.000000
17:54:43  원시경도:0.000000
17:54:43  GPS채택:0
17:54:43  GPS이상치거부:0
17:54:43  GPS품질거부:0
17:54:43  GPS재기준:0
17:54:43  계산거리:-1.00
17:54:43  접근속도:0.00
17:54:43  TTC:999.00
17:54:43  방향오차:0.0
17:54:43  전방여부:0
17:54:43  위험음성횟수:0
17:54:43  충격음성횟수:0
17:54:43  마지막위험음성:0
17:54:43  RSSI원시:-88
17:54:43  RSSI평활:-84.5
17:54:43  RSSI샘플:7812
17:54:43  RSSI경과ms:38
17:54:43  위험송신:7812
17:54:43  시각ms:852070
17:54:43  IMU시각ms:852070
17:54:43  위험:0
17:54:43  원시위험:0
17:54:43  GPS유효:0
17:54:43  위도:0.000000
17:54:43  경도:0.000000
17:54:43  속도:0.00
17:54:43  방향:0.0
17:54:43  GPS원시속도:0.000
17:54:43  GPS원시방향유효:0
17:54:43  GPS원시방향:0.0
17:54:43  가속도:-0.56,0.52,9.79
17:54:43  자이로:1.7,-1.5,-3.1
17:54:43  자력계:7.350,2.100,0.450
17:54:43  충격값:0.13
17:54:43  송신:8366
17:54:43  지팡이수신:7812
17:54:43  GPS위성:0
17:54:43  GPS_HDOP:99.00
17:54:43  원시위도:0.000000
17:54:43  원시경도:0.000000
17:54:43  GPS채택:0
17:54:43  GPS이상치거부:0
17:54:43  GPS품질거부:0
17:54:43  GPS재기준:0
17:54:43  계산거리:-1.00
17:54:43  접근속도:0.00
17:54:43  TTC:999.00
17:54:43  방향오차:0.0
17:54:43  전방여부:0
17:54:43  위험음성횟수:0
17:54:43  충격음성횟수:0
17:54:43  마지막위험음성:0
17:54:43  RSSI원시:-88
17:54:43  RSSI평활:-84.5
17:54:43  RSSI샘플:7812
17:54:43  RSSI경과ms:88
17:54:43  위험송신:7812
17:54:43  시각ms:852170
17:54:43  IMU시각ms:852170
17:54:43  위험:0
17:54:43  원시위험:0
17:54:43  GPS유효:0
17:54:43  위도:0.000000
17:54:43  경도:0.000000
17:54:43  속도:0.00
17:54:43  방향:0.0
17:54:43  GPS원시속도:0.000
17:54:43  GPS원시방향유효:0
17:54:43  GPS원시방향:0.0
17:54:43  가속도:-0.65,0.57,9.73
17:54:43  자이로:1.8,-1.5,-3.0
17:54:43  자력계:7.800,0.450,0.900
17:54:43  충격값:0.06
17:54:43  송신:8367
17:54:43  지팡이수신:7813
17:54:43  GPS위성:0
17:54:43  GPS_HDOP:99.00
17:54:43  원시위도:0.000000
17:54:43  원시경도:0.000000
17:54:43  GPS채택:0
17:54:43  GPS이상치거부:0
17:54:43  GPS품질거부:0
17:54:43  GPS재기준:0
17:54:43  계산거리:-1.00
17:54:43  접근속도:0.00
17:54:43  TTC:999.00
17:54:43  방향오차:0.0
17:54:43  전방여부:0
17:54:43  위험음성횟수:0
17:54:43  충격음성횟수:0
17:54:43  마지막위험음성:0
17:54:43  RSSI원시:-84
17:54:43  RSSI평활:-84.4
17:54:43  RSSI샘플:7813
17:54:43  RSSI경과ms:90
17:54:43  위험송신:7813
17:54:43  시각ms:852221
17:54:43  IMU시각ms:852221
17:54:43  위험:0
17:54:43  원시위험:0
17:54:43  GPS유효:0
17:54:43  위도:0.000000
17:54:43  경도:0.000000
17:54:43  속도:0.00
17:54:43  방향:0.0
17:54:43  GPS원시속도:0.000
17:54:43  GPS원시방향유효:0
17:54:43  GPS원시방향:0.0
17:54:43  가속도:-0.66,0.64,9.66
17:54:43  자이로:-2.0,-0.5,-0.6
17:54:43  자력계:7.050,1.650,3.150
17:54:43  충격값:0.07
17:54:43  송신:8367
17:54:43  지팡이수신:7814
17:54:43  GPS위성:0
17:54:43  GPS_HDOP:99.00
17:54:43  원시위도:0.000000
17:54:43  원시경도:0.000000
17:54:43  GPS채택:0
17:54:43  GPS이상치거부:0
17:54:43  GPS품질거부:0
17:54:43  GPS재기준:0
17:54:43  계산거리:-1.00
17:54:43  접근속도:0.00
17:54:43  TTC:999.00
17:54:43  방향오차:0.0
17:54:43  전방여부:0
17:54:43  위험음성횟수:0
17:54:43  충격음성횟수:0
17:54:43  마지막위험음성:0
17:54:43  RSSI원시:-85
17:54:43  RSSI평활:-84.5
17:54:43  RSSI샘플:7814
17:54:43  RSSI경과ms:45
17:54:43  위험송신:7814
17:54:43  시각ms:852326
17:54:43  IMU시각ms:852326
17:54:43  위험:0
17:54:43  원시위험:0
17:54:43  GPS유효:0
17:54:43  위도:0.000000
17:54:43  경도:0.000000
17:54:43  속도:0.00
17:54:43  방향:0.0
17:54:43  GPS원시속도:0.000
17:54:43  GPS원시방향유효:0
17:54:43  GPS원시방향:0.0
17:54:43  가속도:-0.55,0.54,9.59
17:54:43  자이로:0.2,-1.5,-4.5
17:54:43  자력계:7.500,2.250,2.250
17:54:43  충격값:0.12
17:54:43  송신:8368
17:54:43  지팡이수신:7815
17:54:43  GPS위성:0
17:54:43  GPS_HDOP:99.00
17:54:43  원시위도:0.000000
17:54:43  원시경도:0.000000
17:54:43  GPS채택:0
17:54:43  GPS이상치거부:0
17:54:43  GPS품질거부:0
17:54:43  GPS재기준:0
17:54:43  계산거리:-1.00
17:54:43  접근속도:0.00
17:54:43  TTC:999.00
17:54:43  방향오차:0.0
17:54:43  전방여부:0
17:54:43  위험음성횟수:0
17:54:43  충격음성횟수:0
17:54:43  마지막위험음성:0
17:54:43  RSSI원시:-82
17:54:43  RSSI평활:-84.0
17:54:43  RSSI샘플:7815
17:54:43  RSSI경과ms:50
17:54:43  위험송신:7815
17:54:43  시각ms:852426
17:54:43  IMU시각ms:852426
17:54:43  위험:0
17:54:43  원시위험:0
17:54:43  GPS유효:0
17:54:43  위도:0.000000
17:54:43  경도:0.000000
17:54:43  속도:0.00
17:54:43  방향:0.0
17:54:43  GPS원시속도:0.000
17:54:43  GPS원시방향유효:0
17:54:43  GPS원시방향:0.0
17:54:43  가속도:-0.58,0.57,9.76
17:54:43  자이로:0.2,3.4,-0.3
17:54:43  자력계:8.100,0.150,0.900
17:54:43  충격값:0.09
17:54:43  송신:8369
17:54:43  지팡이수신:7815
17:54:43  GPS위성:0
17:54:43  GPS_HDOP:99.00
17:54:43  원시위도:0.000000
17:54:43  원시경도:0.000000
17:54:43  GPS채택:0
17:54:43  GPS이상치거부:0
17:54:43  GPS품질거부:0
17:54:43  GPS재기준:0
17:54:43  계산거리:-1.00
17:54:43  접근속도:0.00
17:54:43  TTC:999.00
17:54:43  방향오차:0.0
17:54:43  전방여부:0
17:54:43  위험음성횟수:0
17:54:43  충격음성횟수:0
17:54:43  마지막위험음성:0
17:54:43  RSSI원시:-82
17:54:43  RSSI평활:-84.0
17:54:43  RSSI샘플:7815
17:54:43  RSSI경과ms:150
17:54:43  위험송신:7815
17:54:43  시각ms:852677
17:54:43  IMU시각ms:852677
17:54:43  위험:0
17:54:43  원시위험:0
17:54:43  GPS유효:0
17:54:43  위도:0.000000
17:54:43  경도:0.000000
17:54:43  속도:0.00
17:54:43  방향:0.0
17:54:43  GPS원시속도:0.000
17:54:43  GPS원시방향유효:0
17:54:43  GPS원시방향:0.0
17:54:43  가속도:-0.69,0.63,9.72
17:54:43  자이로:-0.1,2.5,2.2
17:54:43  자력계:6.450,2.250,2.250
17:54:43  충격값:0.10
17:54:43  송신:8372
17:54:43  지팡이수신:7817
17:54:43  GPS위성:0
17:54:43  GPS_HDOP:99.00
17:54:43  원시위도:0.000000
17:54:43  원시경도:0.000000
17:54:43  GPS채택:0
17:54:43  GPS이상치거부:0
17:54:43  GPS품질거부:0
17:54:43  GPS재기준:0
17:54:43  계산거리:-1.00
17:54:43  접근속도:0.00
17:54:43  TTC:999.00
17:54:43  방향오차:0.0
17:54:43  전방여부:0
17:54:43  위험음성횟수:0
17:54:43  충격음성횟수:0
17:54:43  마지막위험음성:0
17:54:43  RSSI원시:-80
17:54:43  RSSI평활:-82.7
17:54:43  RSSI샘플:7817
17:54:43  RSSI경과ms:82
17:54:43  위험송신:7817
17:54:44  시각ms:852727
17:54:44  IMU시각ms:852727
17:54:44  위험:0
17:54:44  원시위험:0
17:54:44  GPS유효:0
17:54:44  위도:0.000000
17:54:44  경도:0.000000
17:54:44  속도:0.00
17:54:44  방향:0.0
17:54:44  GPS원시속도:0.000
17:54:44  GPS원시방향유효:0
17:54:44  GPS원시방향:0.0
17:54:44  가속도:-0.58,0.51,9.62
17:54:44  자이로:1.8,-1.1,1.4
17:54:44  자력계:7.350,0.450,1.650
17:54:44  충격값:0.10
17:54:44  송신:8372
17:54:44  지팡이수신:7818
17:54:44  GPS위성:0
17:54:44  GPS_HDOP:99.00
17:54:44  원시위도:0.000000
17:54:44  원시경도:0.000000
17:54:44  GPS채택:0
17:54:44  GPS이상치거부:0
17:54:44  GPS품질거부:0
17:54:44  GPS재기준:0
17:54:44  계산거리:-1.00
17:54:44  접근속도:0.00
17:54:44  TTC:999.00
17:54:44  방향오차:0.0
17:54:44  전방여부:0
17:54:44  위험음성횟수:0
17:54:44  충격음성횟수:0
17:54:44  마지막위험음성:0
17:54:44  RSSI원시:-79
17:54:44  RSSI평활:-82.0
17:54:44  RSSI샘플:7818
17:54:44  RSSI경과ms:41
17:54:44  위험송신:7818
17:54:44  시각ms:852777
17:54:44  IMU시각ms:852777
17:54:44  위험:0
17:54:44  원시위험:0
17:54:44  GPS유효:0
17:54:44  위도:0.000000
17:54:44  경도:0.000000
17:54:44  속도:0.00
17:54:44  방향:0.0
17:54:44  GPS원시속도:0.000
17:54:44  GPS원시방향유효:0
17:54:44  GPS원시방향:0.0
17:54:44  가속도:-0.63,0.63,9.61
17:54:44  자이로:1.4,0.1,0.9
17:54:44  자력계:6.750,2.250,1.500
17:54:44  충격값:0.10
17:54:44  송신:8373
17:54:44  지팡이수신:7818
17:54:44  GPS위성:0
17:54:44  GPS_HDOP:99.00
17:54:44  원시위도:0.000000
17:54:44  원시경도:0.000000
17:54:44  GPS채택:0
17:54:44  GPS이상치거부:0
17:54:44  GPS품질거부:0
17:54:44  GPS재기준:0
17:54:44  계산거리:-1.00
17:54:44  접근속도:0.00
17:54:44  TTC:999.00
17:54:44  방향오차:0.0
17:54:44  전방여부:0
17:54:44  위험음성횟수:0
17:54:44  충격음성횟수:0
17:54:44  마지막위험음성:0
17:54:44  RSSI원시:-79
17:54:44  RSSI평활:-82.0
17:54:44  RSSI샘플:7818
17:54:44  RSSI경과ms:91
17:54:44  위험송신:7818
17:54:44  시각ms:852977
17:54:44  IMU시각ms:852977
17:54:44  위험:0
17:54:44  원시위험:0
17:54:44  GPS유효:0
17:54:44  위도:0.000000
17:54:44  경도:0.000000
17:54:44  속도:0.00
17:54:44  방향:0.0
17:54:44  GPS원시속도:0.000
17:54:44  GPS원시방향유효:0
17:54:44  GPS원시방향:0.0
17:54:44  가속도:-0.50,0.50,9.66
17:54:44  자이로:-0.7,-1.1,1.3
17:54:44  자력계:6.750,1.500,1.050
17:54:44  충격값:0.13
17:54:44  송신:8375
17:54:44  지팡이수신:7820
17:54:44  GPS위성:0
17:54:44  GPS_HDOP:99.00
17:54:44  원시위도:0.000000
17:54:44  원시경도:0.000000
17:54:44  GPS채택:0
17:54:44  GPS이상치거부:0
17:54:44  GPS품질거부:0
17:54:44  GPS재기준:0
17:54:44  계산거리:-1.00
17:54:44  접근속도:0.00
17:54:44  TTC:999.00
17:54:44  방향오차:0.0
17:54:44  전방여부:0
17:54:44  위험음성횟수:0
17:54:44  충격음성횟수:0
17:54:44  마지막위험음성:0
17:54:44  RSSI원시:-83
17:54:44  RSSI평활:-81.9
17:54:44  RSSI샘플:7820
17:54:44  RSSI경과ms:77
17:54:44  위험송신:7820
17:54:44  시각ms:853277
17:54:44  IMU시각ms:853277
17:54:44  위험:0
17:54:44  원시위험:0
17:54:44  GPS유효:0
17:54:44  위도:0.000000
17:54:44  경도:0.000000
17:54:44  속도:0.00
17:54:44  방향:0.0
17:54:44  GPS원시속도:0.000
17:54:44  GPS원시방향유효:0
17:54:44  GPS원시방향:0.0
17:54:44  가속도:-0.74,0.46,9.69
17:54:44  자이로:-0.5,-0.9,1.4
17:54:44  자력계:7.500,2.250,1.800
17:54:44  충격값:0.17
17:54:44  송신:8378
17:54:44  지팡이수신:7822
17:54:44  GPS위성:0
17:54:44  GPS_HDOP:99.00
17:54:44  원시위도:0.000000
17:54:44  원시경도:0.000000
17:54:44  GPS채택:0
17:54:44  GPS이상치거부:0
17:54:44  GPS품질거부:0
17:54:44  GPS재기준:0
17:54:44  계산거리:-1.00
17:54:44  접근속도:0.00
17:54:44  TTC:999.00
17:54:44  방향오차:0.0
17:54:44  전방여부:0
17:54:44  위험음성횟수:0
17:54:44  충격음성횟수:0
17:54:44  마지막위험음성:0
17:54:44  RSSI원시:-87
17:54:44  RSSI평활:-83.2
17:54:44  RSSI샘플:7822
17:54:44  RSSI경과ms:184
17:54:44  위험송신:7822
17:54:44  시각ms:853381
17:54:44  IMU시각ms:853381
17:54:44  위험:0
17:54:44  원시위험:0
17:54:44  GPS유효:0
17:54:44  위도:0.000000
17:54:44  경도:0.000000
17:54:44  속도:0.00
17:54:44  방향:0.0
17:54:44  GPS원시속도:0.000
17:54:44  GPS원시방향유효:0
17:54:44  GPS원시방향:0.0
17:54:44  가속도:-0.67,0.63,9.65
17:54:44  자이로:2.4,-1.3,-2.5
17:54:44  자력계:6.600,0.900,-0.150
17:54:44  충격값:0.08
17:54:44  송신:8379
17:54:44  지팡이수신:7823
17:54:44  GPS위성:0
17:54:44  GPS_HDOP:99.00
17:54:44  원시위도:0.000000
17:54:44  원시경도:0.000000
17:54:44  GPS채택:0
17:54:44  GPS이상치거부:0
17:54:44  GPS품질거부:0
17:54:44  GPS재기준:0
17:54:44  계산거리:-1.00
17:54:44  접근속도:0.00
17:54:44  TTC:999.00
17:54:44  방향오차:0.0
17:54:44  전방여부:0
17:54:44  위험음성횟수:0
17:54:44  충격음성횟수:0
17:54:44  마지막위험음성:0
17:54:44  RSSI원시:-85
17:54:44  RSSI평활:-83.6
17:54:44  RSSI샘플:7823
17:54:44  RSSI경과ms:86
17:54:44  위험송신:7823
17:54:44  시각ms:853431
17:54:44  IMU시각ms:853431
17:54:44  위험:0
17:54:44  원시위험:0
17:54:44  GPS유효:0
17:54:44  위도:0.000000
17:54:44  경도:0.000000
17:54:44  속도:0.00
17:54:44  방향:0.0
17:54:44  GPS원시속도:0.000
17:54:44  GPS원시방향유효:0
17:54:44  GPS원시방향:0.0
17:54:44  가속도:-0.58,0.65,9.57
17:54:44  자이로:0.2,1.8,-1.5
17:54:44  자력계:6.000,1.500,1.050
17:54:44  충격값:0.14
17:54:44  송신:8379
17:54:44  지팡이수신:7824
17:54:44  GPS위성:0
17:54:44  GPS_HDOP:99.00
17:54:44  원시위도:0.000000
17:54:44  원시경도:0.000000
17:54:44  GPS채택:0
17:54:44  GPS이상치거부:0
17:54:44  GPS품질거부:0
17:54:44  GPS재기준:0
17:54:44  계산거리:-1.00
17:54:44  접근속도:0.00
17:54:44  TTC:999.00
17:54:44  방향오차:0.0
17:54:44  전방여부:0
17:54:44  위험음성횟수:0
17:54:44  충격음성횟수:0
17:54:44  마지막위험음성:0
17:54:44  RSSI원시:-81
17:54:44  RSSI평활:-83.1
17:54:44  RSSI샘플:7824
17:54:44  RSSI경과ms:28
17:54:44  위험송신:7824
17:54:44  시각ms:853481
17:54:44  IMU시각ms:853481
17:54:44  위험:0
17:54:44  원시위험:0
17:54:44  GPS유효:0
17:54:44  위도:0.000000
17:54:44  경도:0.000000
17:54:44  속도:0.00
17:54:44  방향:0.0
17:54:44  GPS원시속도:0.000
17:54:44  GPS원시방향유효:0
17:54:44  GPS원시방향:0.0
17:54:44  가속도:-0.70,0.59,9.62
17:54:44  자이로:-2.4,-1.7,-0.9
17:54:44  자력계:8.100,-0.900,0.900
17:54:44  충격값:0.10
17:54:44  송신:8380
17:54:44  지팡이수신:7824
17:54:44  GPS위성:0
17:54:44  GPS_HDOP:99.00
17:54:44  원시위도:0.000000
17:54:44  원시경도:0.000000
17:54:44  GPS채택:0
17:54:44  GPS이상치거부:0
17:54:44  GPS품질거부:0
17:54:44  GPS재기준:0
17:54:44  계산거리:-1.00
17:54:44  접근속도:0.00
17:54:44  TTC:999.00
17:54:44  방향오차:0.0
17:54:44  전방여부:0
17:54:44  위험음성횟수:0
17:54:44  충격음성횟수:0
17:54:44  마지막위험음성:0
17:54:44  RSSI원시:-81
17:54:44  RSSI평활:-83.1
17:54:44  RSSI샘플:7824
17:54:44  RSSI경과ms:78
17:54:44  위험송신:7824
17:54:44  시각ms:853531
17:54:44  IMU시각ms:853531
17:54:44  위험:0
17:54:44  원시위험:0
17:54:44  GPS유효:0
17:54:44  위도:0.000000
17:54:44  경도:0.000000
17:54:44  속도:0.00
17:54:44  방향:0.0
17:54:44  GPS원시속도:0.000
17:54:44  GPS원시방향유효:0
17:54:44  GPS원시방향:0.0
17:54:44  가속도:-0.58,0.64,9.72
17:54:44  자이로:1.0,-0.6,-2.2
17:54:44  자력계:8.100,0.150,0.150
17:54:44  충격값:0.08
17:54:44  송신:8380
17:54:44  지팡이수신:7825
17:54:44  GPS위성:0
17:54:44  GPS_HDOP:99.00
17:54:44  원시위도:0.000000
17:54:44  원시경도:0.000000
17:54:44  GPS채택:0
17:54:44  GPS이상치거부:0
17:54:44  GPS품질거부:0
17:54:44  GPS재기준:0
17:54:44  계산거리:-1.00
17:54:44  접근속도:0.00
17:54:44  TTC:999.00
17:54:44  방향오차:0.0
17:54:44  전방여부:0
17:54:44  위험음성횟수:0
17:54:44  충격음성횟수:0
17:54:44  마지막위험음성:0
17:54:44  RSSI원시:-81
17:54:44  RSSI평활:-82.7
17:54:44  RSSI샘플:7825
17:54:44  RSSI경과ms:29
17:54:44  위험송신:7825
17:54:44  시각ms:853581
17:54:44  IMU시각ms:853581
17:54:44  위험:0
17:54:44  원시위험:0
17:54:44  GPS유효:0
17:54:44  위도:0.000000
17:54:44  경도:0.000000
17:54:44  속도:0.00
17:54:44  방향:0.0
17:54:44  GPS원시속도:0.000
17:54:44  GPS원시방향유효:0
17:54:44  GPS원시방향:0.0
17:54:44  가속도:-0.80,0.39,9.76
17:54:44  자이로:-3.4,0.4,-0.6
17:54:44  자력계:7.800,2.100,0.900
17:54:44  충격값:0.26
17:54:44  송신:8381
17:54:44  지팡이수신:7825
17:54:44  GPS위성:0
17:54:44  GPS_HDOP:99.00
17:54:44  원시위도:0.000000
17:54:44  원시경도:0.000000
17:54:44  GPS채택:0
17:54:44  GPS이상치거부:0
17:54:44  GPS품질거부:0
17:54:44  GPS재기준:0
17:54:44  계산거리:-1.00
17:54:44  접근속도:0.00
17:54:44  TTC:999.00
17:54:44  방향오차:0.0
17:54:44  전방여부:0
17:54:44  위험음성횟수:0
17:54:44  충격음성횟수:0
17:54:44  마지막위험음성:0
17:54:44  RSSI원시:-81
17:54:44  RSSI평활:-82.7
17:54:44  RSSI샘플:7825
17:54:44  RSSI경과ms:79
17:54:44  위험송신:7825
17:54:44  시각ms:853631
17:54:44  IMU시각ms:853631
17:54:44  위험:0
17:54:44  원시위험:0
17:54:44  GPS유효:0
17:54:44  위도:0.000000
17:54:44  경도:0.000000
17:54:44  속도:0.00
17:54:44  방향:0.0
17:54:44  GPS원시속도:0.000
17:54:44  GPS원시방향유효:0
17:54:44  GPS원시방향:0.0
17:54:44  가속도:-0.70,0.62,9.79
17:54:44  자이로:1.7,-1.9,0.7
17:54:44  자력계:4.950,1.050,1.050
17:54:44  충격값:0.14
17:54:44  송신:8381
17:54:44  지팡이수신:7826
17:54:44  GPS위성:0
17:54:44  GPS_HDOP:99.00
17:54:44  원시위도:0.000000
17:54:44  원시경도:0.000000
17:54:44  GPS채택:0
17:54:44  GPS이상치거부:0
17:54:44  GPS품질거부:0
17:54:44  GPS재기준:0
17:54:44  계산거리:-1.00
17:54:44  접근속도:0.00
17:54:44  TTC:999.00
17:54:44  방향오차:0.0
17:54:44  전방여부:0
17:54:44  위험음성횟수:0
17:54:44  충격음성횟수:0
17:54:44  마지막위험음성:0
17:54:44  RSSI원시:-81
17:54:44  RSSI평활:-82.3
17:54:44  RSSI샘플:7826
17:54:44  RSSI경과ms:21
17:54:44  위험송신:7826
17:54:44  시각ms:853681
17:54:44  IMU시각ms:853681
17:54:44  위험:0
17:54:44  원시위험:0
17:54:44  GPS유효:0
17:54:44  위도:0.000000
17:54:44  경도:0.000000
17:54:44  속도:0.00
17:54:44  방향:0.0
17:54:44  GPS원시속도:0.000
17:54:44  GPS원시방향유효:0
17:54:44  GPS원시방향:0.0
17:54:44  가속도:-0.67,0.53,9.65
17:54:44  자이로:2.9,-1.2,-0.5
17:54:44  자력계:6.600,0.900,-0.150
17:54:44  충격값:0.07
17:54:44  송신:8382
17:54:44  지팡이수신:7826
17:54:44  GPS위성:0
17:54:44  GPS_HDOP:99.00
17:54:44  원시위도:0.000000
17:54:44  원시경도:0.000000
17:54:44  GPS채택:0
17:54:44  GPS이상치거부:0
17:54:44  GPS품질거부:0
17:54:44  GPS재기준:0
17:54:44  계산거리:-1.00
17:54:44  접근속도:0.00
17:54:44  TTC:999.00
17:54:44  방향오차:0.0
17:54:44  전방여부:0
17:54:44  위험음성횟수:0
17:54:44  충격음성횟수:0
17:54:44  마지막위험음성:0
17:54:44  RSSI원시:-81
17:54:44  RSSI평활:-82.3
17:54:44  RSSI샘플:7826
17:54:44  RSSI경과ms:71
17:54:44  위험송신:7826
17:54:45  시각ms:853781
17:54:45  IMU시각ms:853781
17:54:45  위험:0
17:54:45  원시위험:0
17:54:45  GPS유효:0
17:54:45  위도:0.000000
17:54:45  경도:0.000000
17:54:45  속도:0.00
17:54:45  방향:0.0
17:54:45  GPS원시속도:0.000
17:54:45  GPS원시방향유효:0
17:54:45  GPS원시방향:0.0
17:54:45  가속도:-0.68,0.51,9.72
17:54:45  자이로:1.1,-1.3,-2.8
17:54:45  자력계:8.100,0.450,0.150
17:54:45  충격값:0.08
17:54:45  송신:8383
17:54:45  지팡이수신:7827
17:54:45  GPS위성:0
17:54:45  GPS_HDOP:99.00
17:54:45  원시위도:0.000000
17:54:45  원시경도:0.000000
17:54:45  GPS채택:0
17:54:45  GPS이상치거부:0
17:54:45  GPS품질거부:0
17:54:45  GPS재기준:0
17:54:45  계산거리:-1.00
17:54:45  접근속도:0.00
17:54:45  TTC:999.00
17:54:45  방향오차:0.0
17:54:45  전방여부:0
17:54:45  위험음성횟수:0
17:54:45  충격음성횟수:0
17:54:45  마지막위험음성:0
17:54:45  RSSI원시:-81
17:54:45  RSSI평활:-82.1
17:54:45  RSSI샘플:7827
17:54:45  RSSI경과ms:73
17:54:45  위험송신:7827
17:54:45  시각ms:853831
17:54:45  IMU시각ms:853831
17:54:45  위험:0
17:54:45  원시위험:0
17:54:45  GPS유효:0
17:54:45  위도:0.000000
17:54:45  경도:0.000000
17:54:45  속도:0.00
17:54:45  방향:0.0
17:54:45  GPS원시속도:0.000
17:54:45  GPS원시방향유효:0
17:54:45  GPS원시방향:0.0
17:54:45  가속도:-0.55,0.58,9.59
17:54:45  자이로:0.9,-1.0,-0.3
17:54:45  자력계:7.800,-1.350,0.900
17:54:45  충격값:0.13
17:54:45  송신:8383
17:54:45  지팡이수신:7828
17:54:45  GPS위성:0
17:54:45  GPS_HDOP:99.00
17:54:45  원시위도:0.000000
17:54:45  원시경도:0.000000
17:54:45  GPS채택:0
17:54:45  GPS이상치거부:0
17:54:45  GPS품질거부:0
17:54:45  GPS재기준:0
17:54:45  계산거리:-1.00
17:54:45  접근속도:0.00
17:54:45  TTC:999.00
17:54:45  방향오차:0.0
17:54:45  전방여부:0
17:54:45  위험음성횟수:0
17:54:45  충격음성횟수:0
17:54:45  마지막위험음성:0
17:54:45  RSSI원시:-82
17:54:45  RSSI평활:-82.0
17:54:45  RSSI샘플:7828
17:54:45  RSSI경과ms:17
17:54:45  위험송신:7828
17:54:45  시각ms:853981
17:54:45  IMU시각ms:853981
17:54:45  위험:0
17:54:45  원시위험:0
17:54:45  GPS유효:0
17:54:45  위도:0.000000
17:54:45  경도:0.000000
17:54:45  속도:0.00
17:54:45  방향:0.0
17:54:45  GPS원시속도:0.000
17:54:45  GPS원시방향유효:0
17:54:45  GPS원시방향:0.0
17:54:45  가속도:-0.50,0.57,9.69
17:54:45  자이로:0.3,0.4,-0.8
17:54:45  자력계:7.500,2.250,1.800
17:54:45  충격값:0.12
17:54:45  송신:8385
17:54:45  지팡이수신:7829
17:54:45  GPS위성:0
17:54:45  GPS_HDOP:99.00
17:54:45  원시위도:0.000000
17:54:45  원시경도:0.000000
17:54:45  GPS채택:0
17:54:45  GPS이상치거부:0
17:54:45  GPS품질거부:0
17:54:45  GPS재기준:0
17:54:45  계산거리:-1.00
17:54:45  접근속도:0.00
17:54:45  TTC:999.00
17:54:45  방향오차:0.0
17:54:45  전방여부:0
17:54:45  위험음성횟수:0
17:54:45  충격음성횟수:0
17:54:45  마지막위험음성:0
17:54:45  RSSI원시:-82
17:54:45  RSSI평활:-82.0
17:54:45  RSSI샘플:7829
17:54:45  RSSI경과ms:65
17:54:45  위험송신:7829
17:54:45  시각ms:854032
17:54:45  IMU시각ms:854032
17:54:45  위험:0
17:54:45  원시위험:0
17:54:45  GPS유효:0
17:54:45  위도:0.000000
17:54:45  경도:0.000000
17:54:45  속도:0.00
17:54:45  방향:0.0
17:54:45  GPS원시속도:0.000
17:54:45  GPS원시방향유효:0
17:54:45  GPS원시방향:0.0
17:54:45  가속도:-0.62,0.59,9.57
17:54:45  자이로:2.6,-0.1,2.0
17:54:45  자력계:8.400,0.750,1.050
17:54:45  충격값:0.12
17:54:45  송신:8385
17:54:45  지팡이수신:7830
17:54:45  GPS위성:0
17:54:45  GPS_HDOP:99.00
17:54:45  원시위도:0.000000
17:54:45  원시경도:0.000000
17:54:45  GPS채택:0
17:54:45  GPS이상치거부:0
17:54:45  GPS품질거부:0
17:54:45  GPS재기준:0
17:54:45  계산거리:-1.00
17:54:45  접근속도:0.00
17:54:45  TTC:999.00
17:54:45  방향오차:0.0
17:54:45  전방여부:0
17:54:45  위험음성횟수:0
17:54:45  충격음성횟수:0
17:54:45  마지막위험음성:0
17:54:45  RSSI원시:-81
17:54:45  RSSI평활:-81.8
17:54:45  RSSI샘플:7830
17:54:45  RSSI경과ms:15
17:54:45  위험송신:7830
17:54:45  시각ms:854082
17:54:45  IMU시각ms:854082
17:54:45  위험:0
17:54:45  원시위험:0
17:54:45  GPS유효:0
17:54:45  위도:0.000000
17:54:45  경도:0.000000
17:54:45  속도:0.00
17:54:45  방향:0.0
17:54:45  GPS원시속도:0.000
17:54:45  GPS원시방향유효:0
17:54:45  GPS원시방향:0.0
17:54:45  가속도:-0.57,0.55,9.71
17:54:45  자이로:0.6,-4.7,0.5
17:54:45  자력계:6.750,2.250,2.250
17:54:45  충격값:0.05
17:54:45  송신:8386
17:54:45  지팡이수신:7830
17:54:45  GPS위성:0
17:54:45  GPS_HDOP:99.00
17:54:45  원시위도:0.000000
17:54:45  원시경도:0.000000
17:54:45  GPS채택:0
17:54:45  GPS이상치거부:0
17:54:45  GPS품질거부:0
17:54:45  GPS재기준:0
17:54:45  계산거리:-1.00
17:54:45  접근속도:0.00
17:54:45  TTC:999.00
17:54:45  방향오차:0.0
17:54:45  전방여부:0
17:54:45  위험음성횟수:0
17:54:45  충격음성횟수:0
17:54:45  마지막위험음성:0
17:54:45  RSSI원시:-81
17:54:45  RSSI평활:-81.8
17:54:45  RSSI샘플:7830
17:54:45  RSSI경과ms:65
17:54:45  위험송신:7830
17:54:45  시각ms:854132
17:54:45  IMU시각ms:854132
17:54:45  위험:0
17:54:45  원시위험:0
17:54:45  GPS유효:0
17:54:45  위도:0.000000
17:54:45  경도:0.000000
17:54:45  속도:0.00
17:54:45  방향:0.0
17:54:45  GPS원시속도:0.000
17:54:45  GPS원시방향유효:0
17:54:45  GPS원시방향:0.0
17:54:45  가속도:-0.70,0.52,9.63
17:54:45  자이로:-1.4,0.3,-1.7
17:54:45  자력계:8.550,-0.150,0.450
17:54:45  충격값:0.11
17:54:45  송신:8386
17:54:45  지팡이수신:7831
17:54:45  GPS위성:0
17:54:45  GPS_HDOP:99.00
17:54:45  원시위도:0.000000
17:54:45  원시경도:0.000000
17:54:45  GPS채택:0
17:54:45  GPS이상치거부:0
17:54:45  GPS품질거부:0
17:54:45  GPS재기준:0
17:54:45  계산거리:-1.00
17:54:45  접근속도:0.00
17:54:45  TTC:999.00
17:54:45  방향오차:0.0
17:54:45  전방여부:0
17:54:45  위험음성횟수:0
17:54:45  충격음성횟수:0
17:54:45  마지막위험음성:0
17:54:45  RSSI원시:-83
17:54:45  RSSI평활:-82.1
17:54:45  RSSI샘플:7831
17:54:45  RSSI경과ms:15
17:54:45  위험송신:7831
17:54:45  시각ms:854232
17:54:45  IMU시각ms:854232
17:54:45  위험:0
17:54:45  원시위험:0
17:54:45  GPS유효:0
17:54:45  위도:0.000000
17:54:45  경도:0.000000
17:54:45  속도:0.00
17:54:45  방향:0.0
17:54:45  GPS원시속도:0.000
17:54:45  GPS원시방향유효:0
17:54:45  GPS원시방향:0.0
17:54:45  가속도:-0.76,0.54,9.78
17:54:45  자이로:1.7,-2.6,-0.4
17:54:45  자력계:7.050,0.900,1.200
17:54:45  충격값:0.17
17:54:45  송신:8387
17:54:45  지팡이수신:7832
17:54:45  GPS위성:0
17:54:45  GPS_HDOP:99.00
17:54:45  원시위도:0.000000
17:54:45  원시경도:0.000000
17:54:45  GPS채택:0
17:54:45  GPS이상치거부:0
17:54:45  GPS품질거부:0
17:54:45  GPS재기준:0
17:54:45  계산거리:-1.00
17:54:45  접근속도:0.00
17:54:45  TTC:999.00
17:54:45  방향오차:0.0
17:54:45  전방여부:0
17:54:45  위험음성횟수:0
17:54:45  충격음성횟수:0
17:54:45  마지막위험음성:0
17:54:45  RSSI원시:-81
17:54:45  RSSI평활:-81.9
17:54:45  RSSI샘플:7832
17:54:45  RSSI경과ms:14
17:54:45  위험송신:7832
17:54:45  시각ms:854282
17:54:45  IMU시각ms:854282
17:54:45  위험:0
17:54:45  원시위험:0
17:54:45  GPS유효:0
17:54:45  위도:0.000000
17:54:45  경도:0.000000
17:54:45  속도:0.00
17:54:45  방향:0.0
17:54:45  GPS원시속도:0.000
17:54:45  GPS원시방향유효:0
17:54:45  GPS원시방향:0.0
17:54:45  가속도:-0.55,0.55,9.77
17:54:45  자이로:-0.8,2.5,-3.8
17:54:45  자력계:6.450,-0.750,1.050
17:54:45  충격값:0.10
17:54:45  송신:8388
17:54:45  지팡이수신:7832
17:54:45  GPS위성:0
17:54:45  GPS_HDOP:99.00
17:54:45  원시위도:0.000000
17:54:45  원시경도:0.000000
17:54:45  GPS채택:0
17:54:45  GPS이상치거부:0
17:54:45  GPS품질거부:0
17:54:45  GPS재기준:0
17:54:45  계산거리:-1.00
17:54:45  접근속도:0.00
17:54:45  TTC:999.00
17:54:45  방향오차:0.0
17:54:45  전방여부:0
17:54:45  위험음성횟수:0
17:54:45  충격음성횟수:0
17:54:45  마지막위험음성:0
17:54:45  RSSI원시:-81
17:54:45  RSSI평활:-81.9
17:54:45  RSSI샘플:7832
17:54:45  RSSI경과ms:64
17:54:45  위험송신:7832
17:54:45  시각ms:854336
17:54:45  IMU시각ms:854336
17:54:45  위험:0
17:54:45  원시위험:0
17:54:45  GPS유효:0
17:54:45  위도:0.000000
17:54:45  경도:0.000000
17:54:45  속도:0.00
17:54:45  방향:0.0
17:54:45  GPS원시속도:0.000
17:54:45  GPS원시방향유효:0
17:54:45  GPS원시방향:0.0
17:54:45  가속도:-0.56,0.54,9.60
17:54:45  자이로:2.9,-1.7,0.4
17:54:45  자력계:7.950,0.300,0.000
17:54:45  충격값:0.11
17:54:45  송신:8388
17:54:45  지팡이수신:7833
17:54:45  GPS위성:0
17:54:45  GPS_HDOP:99.00
17:54:45  원시위도:0.000000
17:54:45  원시경도:0.000000
17:54:45  GPS채택:0
17:54:45  GPS이상치거부:0
17:54:45  GPS품질거부:0
17:54:45  GPS재기준:0
17:54:45  계산거리:-1.00
17:54:45  접근속도:0.00
17:54:45  TTC:999.00
17:54:45  방향오차:0.0
17:54:45  전방여부:0
17:54:45  위험음성횟수:0
17:54:45  충격음성횟수:0
17:54:45  마지막위험음성:0
17:54:45  RSSI원시:-83
17:54:45  RSSI평활:-82.1
17:54:45  RSSI샘플:7833
17:54:45  RSSI경과ms:19
17:54:45  위험송신:7833
17:54:45  시각ms:854386
17:54:45  IMU시각ms:854386
17:54:45  위험:0
17:54:45  원시위험:0
17:54:45  GPS유효:0
17:54:45  위도:0.000000
17:54:45  경도:0.000000
17:54:45  속도:0.00
17:54:45  방향:0.0
17:54:45  GPS원시속도:0.000
17:54:45  GPS원시방향유효:0
17:54:45  GPS원시방향:0.0
17:54:45  가속도:-0.63,0.47,9.61
17:54:45  자이로:2.3,-0.6,1.1
17:54:45  자력계:8.550,2.550,2.400
17:54:45  충격값:0.12
17:54:45  송신:8389
17:54:45  지팡이수신:7833
17:54:45  GPS위성:0
17:54:45  GPS_HDOP:99.00
17:54:45  원시위도:0.000000
17:54:45  원시경도:0.000000
17:54:45  GPS채택:0
17:54:45  GPS이상치거부:0
17:54:45  GPS품질거부:0
17:54:45  GPS재기준:0
17:54:45  계산거리:-1.00
17:54:45  접근속도:0.00
17:54:45  TTC:999.00
17:54:45  방향오차:0.0
17:54:45  전방여부:0
17:54:45  위험음성횟수:0
17:54:45  충격음성횟수:0
17:54:45  마지막위험음성:0
17:54:45  RSSI원시:-83
17:54:45  RSSI평활:-82.1
17:54:45  RSSI샘플:7833
17:54:45  RSSI경과ms:69
17:54:45  위험송신:7833
17:54:45  시각ms:854436
17:54:45  IMU시각ms:854436
17:54:45  위험:0
17:54:45  원시위험:0
17:54:45  GPS유효:0
17:54:45  위도:0.000000
17:54:45  경도:0.000000
17:54:45  속도:0.00
17:54:45  방향:0.0
17:54:45  GPS원시속도:0.000
17:54:45  GPS원시방향유효:0
17:54:45  GPS원시방향:0.0
17:54:45  가속도:-0.68,0.56,9.64
17:54:45  자이로:0.6,-3.7,1.4
17:54:45  자력계:8.400,1.050,1.500
17:54:45  충격값:0.08
17:54:45  송신:8389
17:54:45  지팡이수신:7833
17:54:45  GPS위성:0
17:54:45  GPS_HDOP:99.00
17:54:45  원시위도:0.000000
17:54:45  원시경도:0.000000
17:54:45  GPS채택:0
17:54:45  GPS이상치거부:0
17:54:45  GPS품질거부:0
17:54:45  GPS재기준:0
17:54:45  계산거리:-1.00
17:54:45  접근속도:0.00
17:54:45  TTC:999.00
17:54:45  방향오차:0.0
17:54:45  전방여부:0
17:54:45  위험음성횟수:0
17:54:45  충격음성횟수:0
17:54:45  마지막위험음성:0
17:54:45  RSSI원시:-83
17:54:45  RSSI평활:-82.1
17:54:45  RSSI샘플:7833
17:54:45  RSSI경과ms:119
17:54:45  위험송신:7833
17:54:45  시각ms:854486
17:54:45  IMU시각ms:854486
17:54:45  위험:0
17:54:45  원시위험:0
17:54:45  GPS유효:0
17:54:45  위도:0.000000
17:54:45  경도:0.000000
17:54:45  속도:0.00
17:54:45  방향:0.0
17:54:45  GPS원시속도:0.000
17:54:45  GPS원시방향유효:0
17:54:45  GPS원시방향:0.0
17:54:45  가속도:-0.57,0.49,9.64
17:54:45  자이로:1.2,-1.4,1.2
17:54:45  자력계:6.750,0.300,1.050
17:54:45  충격값:0.09
17:54:45  송신:8390
17:54:45  지팡이수신:7833
17:54:45  GPS위성:0
17:54:45  GPS_HDOP:99.00
17:54:45  원시위도:0.000000
17:54:45  원시경도:0.000000
17:54:45  GPS채택:0
17:54:45  GPS이상치거부:0
17:54:45  GPS품질거부:0
17:54:45  GPS재기준:0
17:54:45  계산거리:-1.00
17:54:45  접근속도:0.00
17:54:45  TTC:999.00
17:54:45  방향오차:0.0
17:54:45  전방여부:0
17:54:45  위험음성횟수:0
17:54:45  충격음성횟수:0
17:54:45  마지막위험음성:0
17:54:45  RSSI원시:-83
17:54:45  RSSI평활:-82.1
17:54:45  RSSI샘플:7833
17:54:45  RSSI경과ms:169
17:54:45  위험송신:7833
17:54:45  시각ms:854536
17:54:45  IMU시각ms:854536
17:54:45  위험:0
17:54:45  원시위험:0
17:54:45  GPS유효:0
17:54:45  위도:0.000000
17:54:45  경도:0.000000
17:54:45  속도:0.00
17:54:45  방향:0.0
17:54:45  GPS원시속도:0.000
17:54:45  GPS원시방향유효:0
17:54:45  GPS원시방향:0.0
17:54:45  가속도:-0.43,0.57,9.60
17:54:45  자이로:-0.4,0.7,0.1
17:54:45  자력계:6.750,1.500,1.050
17:54:45  충격값:0.20
17:54:45  송신:8390
17:54:45  지팡이수신:7834
17:54:45  GPS위성:0
17:54:45  GPS_HDOP:99.00
17:54:45  원시위도:0.000000
17:54:45  원시경도:0.000000
17:54:45  GPS채택:0
17:54:45  GPS이상치거부:0
17:54:45  GPS품질거부:0
17:54:45  GPS재기준:0
17:54:45  계산거리:-1.00
17:54:45  접근속도:0.00
17:54:45  TTC:999.00
17:54:45  방향오차:0.0
17:54:45  전방여부:0
17:54:45  위험음성횟수:0
17:54:45  충격음성횟수:0
17:54:45  마지막위험음성:0
17:54:45  RSSI원시:-83
17:54:45  RSSI평활:-82.3
17:54:45  RSSI샘플:7834
17:54:45  RSSI경과ms:12
17:54:45  위험송신:7834
17:54:45  시각ms:854586
17:54:45  IMU시각ms:854586
17:54:45  위험:0
17:54:45  원시위험:0
17:54:45  GPS유효:0
17:54:45  위도:0.000000
17:54:45  경도:0.000000
17:54:45  속도:0.00
17:54:45  방향:0.0
17:54:45  GPS원시속도:0.000
17:54:45  GPS원시방향유효:0
17:54:45  GPS원시방향:0.0
17:54:45  가속도:-0.60,0.48,9.65
17:54:45  자이로:-2.3,-0.1,-1.2
17:54:45  자력계:6.000,0.300,0.300
17:54:45  충격값:0.08
17:54:45  송신:8391
17:54:45  지팡이수신:7834
17:54:45  GPS위성:0
17:54:45  GPS_HDOP:99.00
17:54:45  원시위도:0.000000
17:54:45  원시경도:0.000000
17:54:45  GPS채택:0
17:54:45  GPS이상치거부:0
17:54:45  GPS품질거부:0
17:54:45  GPS재기준:0
17:54:45  계산거리:-1.00
17:54:45  접근속도:0.00
17:54:45  TTC:999.00
17:54:45  방향오차:0.0
17:54:45  전방여부:0
17:54:45  위험음성횟수:0
17:54:45  충격음성횟수:0
17:54:45  마지막위험음성:0
17:54:45  RSSI원시:-83
17:54:45  RSSI평활:-82.3
17:54:45  RSSI샘플:7834
17:54:45  RSSI경과ms:62
17:54:45  위험송신:7834
17:54:46  시각ms:854736
17:54:46  IMU시각ms:854736
17:54:46  위험:0
17:54:46  원시위험:0
17:54:46  GPS유효:0
17:54:46  위도:0.000000
17:54:46  경도:0.000000
17:54:46  속도:0.00
17:54:46  방향:0.0
17:54:46  GPS원시속도:0.000
17:54:46  GPS원시방향유효:0
17:54:46  GPS원시방향:0.0
17:54:46  가속도:-0.51,0.57,9.79
17:54:46  자이로:-1.4,2.2,-2.4
17:54:46  자력계:7.200,0.750,0.000
17:54:46  충격값:0.15
17:54:46  송신:8392
17:54:46  지팡이수신:7836
17:54:46  GPS위성:0
17:54:46  GPS_HDOP:99.00
17:54:46  원시위도:0.000000
17:54:46  원시경도:0.000000
17:54:46  GPS채택:0
17:54:46  GPS이상치거부:0
17:54:46  GPS품질거부:0
17:54:46  GPS재기준:0
17:54:46  계산거리:-1.00
17:54:46  접근속도:0.00
17:54:46  TTC:999.00
17:54:46  방향오차:0.0
17:54:46  전방여부:0
17:54:46  위험음성횟수:0
17:54:46  충격음성횟수:0
17:54:46  마지막위험음성:0
17:54:46  RSSI원시:-82
17:54:46  RSSI평활:-82.3
17:54:46  RSSI샘플:7836
17:54:46  RSSI경과ms:7
17:54:46  위험송신:7836
17:54:46  시각ms:854786
17:54:46  IMU시각ms:854786
17:54:46  위험:0
17:54:46  원시위험:0
17:54:46  GPS유효:0
17:54:46  위도:0.000000
17:54:46  경도:0.000000
17:54:46  속도:0.00
17:54:46  방향:0.0
17:54:46  GPS원시속도:0.000
17:54:46  GPS원시방향유효:0
17:54:46  GPS원시방향:0.0
17:54:46  가속도:-0.60,0.54,9.71
17:54:46  자이로:0.5,-1.8,-0.1
17:54:46  자력계:7.500,2.700,1.500
17:54:46  충격값:0.04
17:54:46  송신:8393
17:54:46  지팡이수신:7836
17:54:46  GPS위성:0
17:54:46  GPS_HDOP:99.00
17:54:46  원시위도:0.000000
17:54:46  원시경도:0.000000
17:54:46  GPS채택:0
17:54:46  GPS이상치거부:0
17:54:46  GPS품질거부:0
17:54:46  GPS재기준:0
17:54:46  계산거리:-1.00
17:54:46  접근속도:0.00
17:54:46  TTC:999.00
17:54:46  방향오차:0.0
17:54:46  전방여부:0
17:54:46  위험음성횟수:0
17:54:46  충격음성횟수:0
17:54:46  마지막위험음성:0
17:54:46  RSSI원시:-82
17:54:46  RSSI평활:-82.3
17:54:46  RSSI샘플:7836
17:54:46  RSSI경과ms:57
17:54:46  위험송신:7836
17:54:46  시각ms:854836
17:54:46  IMU시각ms:854836
17:54:46  위험:0
17:54:46  원시위험:0
17:54:46  GPS유효:0
17:54:46  위도:0.000000
17:54:46  경도:0.000000
17:54:46  속도:0.00
17:54:46  방향:0.0
17:54:46  GPS원시속도:0.000
17:54:46  GPS원시방향유효:0
17:54:46  GPS원시방향:0.0
17:54:46  가속도:-0.61,0.54,9.63
17:54:46  자이로:0.3,0.1,0.4
17:54:46  자력계:5.400,1.650,0.450
17:54:46  충격값:0.05
17:54:46  송신:8393
17:54:46  지팡이수신:7837
17:54:46  GPS위성:0
17:54:46  GPS_HDOP:99.00
17:54:46  원시위도:0.000000
17:54:46  원시경도:0.000000
17:54:46  GPS채택:0
17:54:46  GPS이상치거부:0
17:54:46  GPS품질거부:0
17:54:46  GPS재기준:0
17:54:46  계산거리:-1.00
17:54:46  접근속도:0.00
17:54:46  TTC:999.00
17:54:46  방향오차:0.0
17:54:46  전방여부:0
17:54:46  위험음성횟수:0
17:54:46  충격음성횟수:0
17:54:46  마지막위험음성:0
17:54:46  RSSI원시:-82
17:54:46  RSSI평활:-82.3
17:54:46  RSSI샘플:7837
17:54:46  RSSI경과ms:3
17:54:46  위험송신:7837
17:54:46  시각ms:854886
17:54:46  IMU시각ms:854886
17:54:46  위험:0
17:54:46  원시위험:0
17:54:46  GPS유효:0
17:54:46  위도:0.000000
17:54:46  경도:0.000000
17:54:46  속도:0.00
17:54:46  방향:0.0
17:54:46  GPS원시속도:0.000
17:54:46  GPS원시방향유효:0
17:54:46  GPS원시방향:0.0
17:54:46  가속도:-0.74,0.65,9.72
17:54:46  자이로:3.1,-0.1,2.7
17:54:46  자력계:7.050,2.850,0.900
17:54:46  충격값:0.15
17:54:46  송신:8394
17:54:46  지팡이수신:7837
17:54:46  GPS위성:0
17:54:46  GPS_HDOP:99.00
17:54:46  원시위도:0.000000
17:54:46  원시경도:0.000000
17:54:46  GPS채택:0
17:54:46  GPS이상치거부:0
17:54:46  GPS품질거부:0
17:54:46  GPS재기준:0
17:54:46  계산거리:-1.00
17:54:46  접근속도:0.00
17:54:46  TTC:999.00
17:54:46  방향오차:0.0
17:54:46  전방여부:0
17:54:46  위험음성횟수:0
17:54:46  충격음성횟수:0
17:54:46  마지막위험음성:0
17:54:46  RSSI원시:-82
17:54:46  RSSI평활:-82.3
17:54:46  RSSI샘플:7837
17:54:46  RSSI경과ms:53
17:54:46  위험송신:7837
17:54:46  시각ms:854936
17:54:46  IMU시각ms:854936
17:54:46  위험:0
17:54:46  원시위험:0
17:54:46  GPS유효:0
17:54:46  위도:0.000000
17:54:46  경도:0.000000
17:54:46  속도:0.00
17:54:46  방향:0.0
17:54:46  GPS원시속도:0.000
17:54:46  GPS원시방향유효:0
17:54:46  GPS원시방향:0.0
17:54:46  가속도:-0.52,0.57,9.66
17:54:46  자이로:1.6,-0.6,2.2
17:54:46  자력계:6.450,0.750,1.500
17:54:46  충격값:0.10
17:54:46  송신:8394
17:54:46  지팡이수신:7837
17:54:46  GPS위성:0
17:54:46  GPS_HDOP:99.00
17:54:46  원시위도:0.000000
17:54:46  원시경도:0.000000
17:54:46  GPS채택:0
17:54:46  GPS이상치거부:0
17:54:46  GPS품질거부:0
17:54:46  GPS재기준:0
17:54:46  계산거리:-1.00
17:54:46  접근속도:0.00
17:54:46  TTC:999.00
17:54:46  방향오차:0.0
17:54:46  전방여부:0
17:54:46  위험음성횟수:0
17:54:46  충격음성횟수:0
17:54:46  마지막위험음성:0
17:54:46  RSSI원시:-82
17:54:46  RSSI평활:-82.3
17:54:46  RSSI샘플:7837
17:54:46  RSSI경과ms:103
17:54:46  위험송신:7837
17:54:46  시각ms:854987
17:54:46  IMU시각ms:854987
17:54:46  위험:0
17:54:46  원시위험:0
17:54:46  GPS유효:0
17:54:46  위도:0.000000
17:54:46  경도:0.000000
17:54:46  속도:0.00
17:54:46  방향:0.0
17:54:46  GPS원시속도:0.000
17:54:46  GPS원시방향유효:0
17:54:46  GPS원시방향:0.0
17:54:46  가속도:-0.79,0.53,9.66
17:54:46  자이로:-0.3,2.5,-1.4
17:54:46  자력계:6.600,0.450,0.900
17:54:46  충격값:0.18
17:54:46  송신:8395
17:54:46  지팡이수신:7838
17:54:46  GPS위성:0
17:54:46  GPS_HDOP:99.00
17:54:46  원시위도:0.000000
17:54:46  원시경도:0.000000
17:54:46  GPS채택:0
17:54:46  GPS이상치거부:0
17:54:46  GPS품질거부:0
17:54:46  GPS재기준:0
17:54:46  계산거리:-1.00
17:54:46  접근속도:0.00
17:54:46  TTC:999.00
17:54:46  방향오차:0.0
17:54:46  전방여부:0
17:54:46  위험음성횟수:0
17:54:46  충격음성횟수:0
17:54:46  마지막위험음성:0
17:54:46  RSSI원시:-82
17:54:46  RSSI평활:-82.2
17:54:46  RSSI샘플:7838
17:54:46  RSSI경과ms:51
17:54:46  위험송신:7838
17:54:46  시각ms:855087
17:54:46  IMU시각ms:855087
17:54:46  위험:0
17:54:46  원시위험:0
17:54:46  GPS유효:0
17:54:46  위도:0.000000
17:54:46  경도:0.000000
17:54:46  속도:0.00
17:54:46  방향:0.0
17:54:46  GPS원시속도:0.000
17:54:46  GPS원시방향유효:0
17:54:46  GPS원시방향:0.0
17:54:46  가속도:-0.68,0.56,9.63
17:54:46  자이로:1.2,-2.0,-0.1
17:54:46  자력계:7.500,2.700,1.500
17:54:46  충격값:0.08
17:54:46  송신:8396
17:54:46  지팡이수신:7839
17:54:46  GPS위성:0
17:54:46  GPS_HDOP:99.00
17:54:46  원시위도:0.000000
17:54:46  원시경도:0.000000
17:54:46  GPS채택:0
17:54:46  GPS이상치거부:0
17:54:46  GPS품질거부:0
17:54:46  GPS재기준:0
17:54:46  계산거리:-1.00
17:54:46  접근속도:0.00
17:54:46  TTC:999.00
17:54:46  방향오차:0.0
17:54:46  전방여부:0
17:54:46  위험음성횟수:0
17:54:46  충격음성횟수:0
17:54:46  마지막위험음성:0
17:54:46  RSSI원시:-83
17:54:46  RSSI평활:-82.4
17:54:46  RSSI샘플:7839
17:54:46  RSSI경과ms:55
17:54:46  위험송신:7839
17:54:46  시각ms:855137
17:54:46  IMU시각ms:855137
17:54:46  위험:0
17:54:46  원시위험:0
17:54:46  GPS유효:0
17:54:46  위도:0.000000
17:54:46  경도:0.000000
17:54:46  속도:0.00
17:54:46  방향:0.0
17:54:46  GPS원시속도:0.000
17:54:46  GPS원시방향유효:0
17:54:46  GPS원시방향:0.0
17:54:46  가속도:-0.62,0.57,9.74
17:54:46  자이로:0.2,1.0,0.0
17:54:46  자력계:6.750,1.950,1.500
17:54:46  충격값:0.06
17:54:46  송신:8396
17:54:46  지팡이수신:7839
17:54:46  GPS위성:0
17:54:46  GPS_HDOP:99.00
17:54:46  원시위도:0.000000
17:54:46  원시경도:0.000000
17:54:46  GPS채택:0
17:54:46  GPS이상치거부:0
17:54:46  GPS품질거부:0
17:54:46  GPS재기준:0
17:54:46  계산거리:-1.00
17:54:46  접근속도:0.00
17:54:46  TTC:999.00
17:54:46  방향오차:0.0
17:54:46  전방여부:0
17:54:46  위험음성횟수:0
17:54:46  충격음성횟수:0
17:54:46  마지막위험음성:0
17:54:46  RSSI원시:-83
17:54:46  RSSI평활:-82.4
17:54:46  RSSI샘플:7839
17:54:46  RSSI경과ms:105
17:54:46  위험송신:7839
17:54:46  시각ms:855188
17:54:46  IMU시각ms:855188
17:54:46  위험:0
17:54:46  원시위험:0
17:54:46  GPS유효:0
17:54:46  위도:0.000000
17:54:46  경도:0.000000
17:54:46  속도:0.00
17:54:46  방향:0.0
17:54:46  GPS원시속도:0.000
17:54:46  GPS원시방향유효:0
17:54:46  GPS원시방향:0.0
17:54:46  가속도:-0.66,0.55,9.61
17:54:46  자이로:-0.2,0.5,-0.7
17:54:46  자력계:8.100,2.550,0.450
17:54:46  충격값:0.09
17:54:46  송신:8397
17:54:46  지팡이수신:7840
17:54:46  GPS위성:0
17:54:46  GPS_HDOP:99.00
17:54:46  원시위도:0.000000
17:54:46  원시경도:0.000000
17:54:46  GPS채택:0
17:54:46  GPS이상치거부:0
17:54:46  GPS품질거부:0
17:54:46  GPS재기준:0
17:54:46  계산거리:-1.00
17:54:46  접근속도:0.00
17:54:46  TTC:999.00
17:54:46  방향오차:0.0
17:54:46  전방여부:0
17:54:46  위험음성횟수:0
17:54:46  충격음성횟수:0
17:54:46  마지막위험음성:0
17:54:46  RSSI원시:-80
17:54:46  RSSI평활:-81.9
17:54:46  RSSI샘플:7840
17:54:46  RSSI경과ms:50
17:54:46  위험송신:7840
17:54:46  시각ms:855289
17:54:46  IMU시각ms:855289
17:54:46  위험:0
17:54:46  원시위험:0
17:54:46  GPS유효:0
17:54:46  위도:0.000000
17:54:46  경도:0.000000
17:54:46  속도:0.00
17:54:46  방향:0.0
17:54:46  GPS원시속도:0.000
17:54:46  GPS원시방향유효:0
17:54:46  GPS원시방향:0.0
17:54:46  가속도:-0.58,0.45,9.61
17:54:46  자이로:-0.1,2.8,-1.5
17:54:46  자력계:7.050,0.900,1.950
17:54:46  충격값:0.13
17:54:46  송신:8398
17:54:46  지팡이수신:7841
17:54:46  GPS위성:0
17:54:46  GPS_HDOP:99.00
17:54:46  원시위도:0.000000
17:54:46  원시경도:0.000000
17:54:46  GPS채택:0
17:54:46  GPS이상치거부:0
17:54:46  GPS품질거부:0
17:54:46  GPS재기준:0
17:54:46  계산거리:-1.00
17:54:46  접근속도:0.00
17:54:46  TTC:999.00
17:54:46  방향오차:0.0
17:54:46  전방여부:0
17:54:46  위험음성횟수:0
17:54:46  충격음성횟수:0
17:54:46  마지막위험음성:0
17:54:46  RSSI원시:-82
17:54:46  RSSI평활:-81.9
17:54:46  RSSI샘플:7841
17:54:46  RSSI경과ms:46
17:54:46  위험송신:7841
17:54:46  시각ms:855344
17:54:46  IMU시각ms:855344
17:54:46  위험:0
17:54:46  원시위험:0
17:54:46  GPS유효:0
17:54:46  위도:0.000000
17:54:46  경도:0.000000
17:54:46  속도:0.00
17:54:46  방향:0.0
17:54:46  GPS원시속도:0.000
17:54:46  GPS원시방향유효:0
17:54:46  GPS원시방향:0.0
17:54:46  가속도:-0.75,0.69,9.71
17:54:46  자이로:1.2,-2.8,0.3
17:54:46  자력계:6.750,-0.300,0.750
17:54:46  충격값:0.18
17:54:46  송신:8398
17:54:46  지팡이수신:7842
17:54:46  GPS위성:0
17:54:46  GPS_HDOP:99.00
17:54:46  원시위도:0.000000
17:54:46  원시경도:0.000000
17:54:46  GPS채택:0
17:54:46  GPS이상치거부:0
17:54:46  GPS품질거부:0
17:54:46  GPS재기준:0
17:54:46  계산거리:-1.00
17:54:46  접근속도:0.00
17:54:46  TTC:999.00
17:54:46  방향오차:0.0
17:54:46  전방여부:0
17:54:46  위험음성횟수:0
17:54:46  충격음성횟수:0
17:54:46  마지막위험음성:0
17:54:46  RSSI원시:-82
17:54:46  RSSI평활:-81.9
17:54:46  RSSI샘플:7842
17:54:46  RSSI경과ms:6
17:54:46  위험송신:7842
17:54:46  시각ms:855394
17:54:46  IMU시각ms:855394
17:54:46  위험:0
17:54:46  원시위험:0
17:54:46  GPS유효:0
17:54:46  위도:0.000000
17:54:46  경도:0.000000
17:54:46  속도:0.00
17:54:46  방향:0.0
17:54:46  GPS원시속도:0.000
17:54:46  GPS원시방향유효:0
17:54:46  GPS원시방향:0.0
17:54:46  가속도:-0.58,0.64,9.67
17:54:46  자이로:-0.6,1.1,-1.4
17:54:46  자력계:8.400,2.700,1.050
17:54:46  충격값:0.07
17:54:46  송신:8399
17:54:46  지팡이수신:7842
17:54:46  GPS위성:0
17:54:46  GPS_HDOP:99.00
17:54:46  원시위도:0.000000
17:54:46  원시경도:0.000000
17:54:46  GPS채택:0
17:54:46  GPS이상치거부:0
17:54:46  GPS품질거부:0
17:54:46  GPS재기준:0
17:54:46  계산거리:-1.00
17:54:46  접근속도:0.00
17:54:46  TTC:999.00
17:54:46  방향오차:0.0
17:54:46  전방여부:0
17:54:46  위험음성횟수:0
17:54:46  충격음성횟수:0
17:54:46  마지막위험음성:0
17:54:46  RSSI원시:-82
17:54:46  RSSI평활:-81.9
17:54:46  RSSI샘플:7842
17:54:46  RSSI경과ms:56
17:54:46  위험송신:7842
17:54:46  시각ms:855444
17:54:46  IMU시각ms:855444
17:54:46  위험:0
17:54:46  원시위험:0
17:54:46  GPS유효:0
17:54:46  위도:0.000000
17:54:46  경도:0.000000
17:54:46  속도:0.00
17:54:46  방향:0.0
17:54:46  GPS원시속도:0.000
17:54:46  GPS원시방향유효:0
17:54:46  GPS원시방향:0.0
17:54:46  가속도:-0.76,0.48,9.68
17:54:46  자이로:1.0,-0.2,-0.9
17:54:46  자력계:7.800,2.100,2.400
17:54:46  충격값:0.16
17:54:46  송신:8399
17:54:46  지팡이수신:7843
17:54:46  GPS위성:0
17:54:46  GPS_HDOP:99.00
17:54:46  원시위도:0.000000
17:54:46  원시경도:0.000000
17:54:46  GPS채택:0
17:54:46  GPS이상치거부:0
17:54:46  GPS품질거부:0
17:54:46  GPS재기준:0
17:54:46  계산거리:-1.00
17:54:46  접근속도:0.00
17:54:46  TTC:999.00
17:54:46  방향오차:0.0
17:54:46  전방여부:0
17:54:46  위험음성횟수:0
17:54:46  충격음성횟수:0
17:54:46  마지막위험음성:0
17:54:46  RSSI원시:-82
17:54:46  RSSI평활:-81.9
17:54:46  RSSI샘플:7843
17:54:46  RSSI경과ms:5
17:54:46  위험송신:7843
17:54:46  시각ms:855494
17:54:46  IMU시각ms:855494
17:54:46  위험:0
17:54:46  원시위험:0
17:54:46  GPS유효:0
17:54:46  위도:0.000000
17:54:46  경도:0.000000
17:54:46  속도:0.00
17:54:46  방향:0.0
17:54:46  GPS원시속도:0.000
17:54:46  GPS원시방향유효:0
17:54:46  GPS원시방향:0.0
17:54:46  가속도:-0.72,0.57,9.67
17:54:46  자이로:-1.1,1.3,-1.0
17:54:46  자력계:7.050,0.450,1.650
17:54:46  충격값:0.10
17:54:46  송신:8400
17:54:46  지팡이수신:7843
17:54:46  GPS위성:0
17:54:46  GPS_HDOP:99.00
17:54:46  원시위도:0.000000
17:54:46  원시경도:0.000000
17:54:46  GPS채택:0
17:54:46  GPS이상치거부:0
17:54:46  GPS품질거부:0
17:54:46  GPS재기준:0
17:54:46  계산거리:-1.00
17:54:46  접근속도:0.00
17:54:46  TTC:999.00
17:54:46  방향오차:0.0
17:54:46  전방여부:0
17:54:46  위험음성횟수:0
17:54:46  충격음성횟수:0
17:54:46  마지막위험음성:0
17:54:46  RSSI원시:-82
17:54:46  RSSI평활:-81.9
17:54:46  RSSI샘플:7843
17:54:46  RSSI경과ms:55
17:54:46  위험송신:7843
17:54:46  시각ms:855544
17:54:46  IMU시각ms:855544
17:54:46  위험:0
17:54:46  원시위험:0
17:54:46  GPS유효:0
17:54:46  위도:0.000000
17:54:46  경도:0.000000
17:54:46  속도:0.00
17:54:46  방향:0.0
17:54:46  GPS원시속도:0.000
17:54:46  GPS원시방향유효:0
17:54:46  GPS원시방향:0.0
17:54:46  가속도:-0.68,0.61,9.80
17:54:46  자이로:-0.5,1.8,-1.5
17:54:46  자력계:7.950,0.750,2.250
17:54:46  충격값:0.15
17:54:46  송신:8400
17:54:46  지팡이수신:7843
17:54:46  GPS위성:0
17:54:46  GPS_HDOP:99.00
17:54:46  원시위도:0.000000
17:54:46  원시경도:0.000000
17:54:46  GPS채택:0
17:54:46  GPS이상치거부:0
17:54:46  GPS품질거부:0
17:54:46  GPS재기준:0
17:54:46  계산거리:-1.00
17:54:46  접근속도:0.00
17:54:46  TTC:999.00
17:54:46  방향오차:0.0
17:54:46  전방여부:0
17:54:46  위험음성횟수:0
17:54:46  충격음성횟수:0
17:54:46  마지막위험음성:0
17:54:46  RSSI원시:-82
17:54:46  RSSI평활:-81.9
17:54:46  RSSI샘플:7843
17:54:46  RSSI경과ms:105
17:54:46  위험송신:7843
17:54:46  시각ms:855644
17:54:46  IMU시각ms:855644
17:54:46  위험:0
17:54:46  원시위험:0
17:54:46  GPS유효:0
17:54:46  위도:0.000000
17:54:47  경도:0.000000
17:54:47  속도:0.00
17:54:47  방향:0.0
17:54:47  GPS원시속도:0.000
17:54:47  GPS원시방향유효:0
17:54:47  GPS원시방향:0.0
17:54:47  가속도:-0.61,0.54,9.73
17:54:47  자이로:1.1,-0.7,0.2
17:54:47  자력계:8.550,1.350,0.900
17:54:47  충격값:0.05
17:54:47  송신:8401
17:54:47  지팡이수신:7843
17:54:47  GPS위성:0
17:54:47  GPS_HDOP:99.00
17:54:47  원시위도:0.000000
17:54:47  원시경도:0.000000
17:54:47  GPS채택:0
17:54:47  GPS이상치거부:0
17:54:47  GPS품질거부:0
17:54:47  GPS재기준:0
17:54:47  계산거리:-1.00
17:54:47  접근속도:0.00
17:54:47  TTC:999.00
17:54:47  방향오차:0.0
17:54:47  전방여부:0
17:54:47  위험음성횟수:0
17:54:47  충격음성횟수:0
17:54:47  마지막위험음성:0
17:54:47  RSSI원시:-82
17:54:47  RSSI평활:-81.9
17:54:47  RSSI샘플:7843
17:54:47  RSSI경과ms:205
17:54:47  위험송신:7843
17:54:47  시각ms:855745
17:54:47  IMU시각ms:855745
17:54:47  위험:0
17:54:47  원시위험:0
17:54:47  GPS유효:0
17:54:47  위도:0.000000
17:54:47  경도:0.000000
17:54:47  속도:0.00
17:54:47  방향:0.0
17:54:47  GPS원시속도:0.000
17:54:47  GPS원시방향유효:0
17:54:47  GPS원시방향:0.0
17:54:47  가속도:-0.57,0.56,9.76
17:54:47  자이로:-0.5,-1.1,-2.5
17:54:47  자력계:8.100,2.100,0.450
17:54:47  충격값:0.09
17:54:47  송신:8402
17:54:47  지팡이수신:7844
17:54:47  GPS위성:0
17:54:47  GPS_HDOP:99.00
17:54:47  원시위도:0.000000
17:54:47  원시경도:0.000000
17:54:47  GPS채택:0
17:54:47  GPS이상치거부:0
17:54:47  GPS품질거부:0
17:54:47  GPS재기준:0
17:54:47  계산거리:-1.00
17:54:47  접근속도:0.00
17:54:47  TTC:999.00
17:54:47  방향오차:0.0
17:54:47  전방여부:0
17:54:47  위험음성횟수:0
17:54:47  충격음성횟수:0
17:54:47  마지막위험음성:0
17:54:47  RSSI원시:-81
17:54:47  RSSI평활:-81.8
17:54:47  RSSI샘플:7844
17:54:47  RSSI경과ms:100
17:54:47  위험송신:7844
17:54:47  시각ms:855796
17:54:47  IMU시각ms:855796
17:54:47  위험:0
17:54:47  원시위험:0
17:54:47  GPS유효:0
17:54:47  위도:0.000000
17:54:47  경도:0.000000
17:54:47  속도:0.00
17:54:47  방향:0.0
17:54:47  GPS원시속도:0.000
17:54:47  GPS원시방향유효:0
17:54:47  GPS원시방향:0.0
17:54:47  가속도:-0.60,0.54,9.74
17:54:47  자이로:-0.8,-0.2,1.1
17:54:47  자력계:6.750,2.250,2.550
17:54:47  충격값:0.07
17:54:47  송신:8403
17:54:47  지팡이수신:7845
17:54:47  GPS위성:0
17:54:47  GPS_HDOP:99.00
17:54:47  원시위도:0.000000
17:54:47  원시경도:0.000000
17:54:47  GPS채택:0
17:54:47  GPS이상치거부:0
17:54:47  GPS품질거부:0
17:54:47  GPS재기준:0
17:54:47  계산거리:-1.00
17:54:47  접근속도:0.00
17:54:47  TTC:999.00
17:54:47  방향오차:0.0
17:54:47  전방여부:0
17:54:47  위험음성횟수:0
17:54:47  충격음성횟수:0
17:54:47  마지막위험음성:0
17:54:47  RSSI원시:-81
17:54:47  RSSI평활:-81.6
17:54:47  RSSI샘플:7845
17:54:47  RSSI경과ms:51
17:54:47  위험송신:7845
17:54:47  시각ms:855847
17:54:47  IMU시각ms:855846
17:54:47  위험:0
17:54:47  원시위험:0
17:54:47  GPS유효:0
17:54:47  위도:0.000000
17:54:47  경도:0.000000
17:54:47  속도:0.00
17:54:47  방향:0.0
17:54:47  GPS원시속도:0.000
17:54:47  GPS원시방향유효:0
17:54:47  GPS원시방향:0.0
17:54:47  가속도:-0.52,0.46,9.68
17:54:47  자이로:-2.1,0.5,-1.5
17:54:47  자력계:6.750,2.700,1.500
17:54:47  충격값:0.14
17:54:47  송신:8403
17:54:47  지팡이수신:7846
17:54:47  GPS위성:0
17:54:47  GPS_HDOP:99.00
17:54:47  원시위도:0.000000
17:54:47  원시경도:0.000000
17:54:47  GPS채택:0
17:54:47  GPS이상치거부:0
17:54:47  GPS품질거부:0
17:54:47  GPS재기준:0
17:54:47  계산거리:-1.00
17:54:47  접근속도:0.00
17:54:47  TTC:999.00
17:54:47  방향오차:0.0
17:54:47  전방여부:0
17:54:47  위험음성횟수:0
17:54:47  충격음성횟수:0
17:54:47  마지막위험음성:0
17:54:47  RSSI원시:-82
17:54:47  RSSI평활:-81.7
17:54:47  RSSI샘플:7846
17:54:47  RSSI경과ms:2
17:54:47  위험송신:7846
17:54:47  시각ms:856048
17:54:47  IMU시각ms:856048
17:54:47  위험:0
17:54:47  원시위험:0
17:54:47  GPS유효:0
17:54:47  위도:0.000000
17:54:47  경도:0.000000
17:54:47  속도:0.00
17:54:47  방향:0.0
17:54:47  GPS원시속도:0.000
17:54:47  GPS원시방향유효:0
17:54:47  GPS원시방향:0.0
17:54:47  가속도:-0.56,0.63,9.76
17:54:47  자이로:2.8,0.1,0.7
17:54:47  자력계:7.050,2.100,0.900
17:54:47  충격값:0.10
17:54:47  송신:8405
17:54:47  지팡이수신:7847
17:54:47  GPS위성:0
17:54:47  GPS_HDOP:99.00
17:54:47  원시위도:0.000000
17:54:47  원시경도:0.000000
17:54:47  GPS채택:0
17:54:47  GPS이상치거부:0
17:54:47  GPS품질거부:0
17:54:47  GPS재기준:0
17:54:47  계산거리:-1.00
17:54:47  접근속도:0.00
17:54:47  TTC:999.00
17:54:47  방향오차:0.0
17:54:47  전방여부:0
17:54:47  위험음성횟수:0
17:54:47  충격음성횟수:0
17:54:47  마지막위험음성:0
17:54:47  RSSI원시:-81
17:54:47  RSSI평활:-81.5
17:54:47  RSSI샘플:7847
17:54:47  RSSI경과ms:100
17:54:47  위험송신:7847
17:54:47  시각ms:856099
17:54:47  IMU시각ms:856099
17:54:47  위험:0
17:54:47  원시위험:0
17:54:47  GPS유효:0
17:54:47  위도:0.000000
17:54:47  경도:0.000000
17:54:47  속도:0.00
17:54:47  방향:0.0
17:54:47  GPS원시속도:0.000
17:54:47  GPS원시방향유효:0
17:54:47  GPS원시방향:0.0
17:54:47  가속도:-0.63,0.60,9.68
17:54:47  자이로:-1.6,3.7,-1.9
17:54:47  자력계:7.800,2.100,1.950
17:54:47  충격값:0.03
17:54:47  송신:8406
17:54:47  지팡이수신:7848
17:54:47  GPS위성:0
17:54:47  GPS_HDOP:99.00
17:54:47  원시위도:0.000000
17:54:47  원시경도:0.000000
17:54:47  GPS채택:0
17:54:47  GPS이상치거부:0
17:54:47  GPS품질거부:0
17:54:47  GPS재기준:0
17:54:47  계산거리:-1.00
17:54:47  접근속도:0.00
17:54:47  TTC:999.00
17:54:47  방향오차:0.0
17:54:47  전방여부:0
17:54:47  위험음성횟수:0
17:54:47  충격음성횟수:0
17:54:47  마지막위험음성:0
17:54:47  RSSI원시:-81
17:54:47  RSSI평활:-81.4
17:54:47  RSSI샘플:7848
17:54:47  RSSI경과ms:51
17:54:47  위험송신:7848
17:54:47  시각ms:856149
17:54:47  IMU시각ms:856149
17:54:47  위험:0
17:54:47  원시위험:0
17:54:47  GPS유효:0
17:54:47  위도:0.000000
17:54:47  경도:0.000000
17:54:47  속도:0.00
17:54:47  방향:0.0
17:54:47  GPS원시속도:0.000
17:54:47  GPS원시방향유효:0
17:54:47  GPS원시방향:0.0
17:54:47  가속도:-0.62,0.57,9.69
17:54:47  자이로:-0.8,-1.9,0.8
17:54:47  자력계:7.800,0.900,1.200
17:54:47  충격값:0.02
17:54:47  송신:8406
17:54:47  지팡이수신:7848
17:54:47  GPS위성:0
17:54:47  GPS_HDOP:99.00
17:54:47  원시위도:0.000000
17:54:47  원시경도:0.000000
17:54:47  GPS채택:0
17:54:47  GPS이상치거부:0
17:54:47  GPS품질거부:0
17:54:47  GPS재기준:0
17:54:47  계산거리:-1.00
17:54:47  접근속도:0.00
17:54:47  TTC:999.00
17:54:47  방향오차:0.0
17:54:47  전방여부:0
17:54:47  위험음성횟수:0
17:54:47  충격음성횟수:0
17:54:47  마지막위험음성:0
17:54:47  RSSI원시:-81
17:54:47  RSSI평활:-81.4
17:54:47  RSSI샘플:7848
17:54:47  RSSI경과ms:101
17:54:47  위험송신:7848
