시각,경과초,시각ms,IMU시각ms,위험,원시위험,GPS유효,위도,경도,속도,방향,이동방향유효,GPS이동방향,차체방향유효,차체방향,후진판정,IMU요회전속도,방향가속도크기,방향자이로크기,방향자세cos,자기모델잔차,자기모델반경,방향채택,방향거부,GPS원시속도,GPS원시방향유효,GPS원시방향,가속도,자이로,자력계,충격값,충격피크,마지막충격발생값,마지막충격발생ms,송신,지팡이수신,GPS위성,GPS_HDOP,원시위도,원시경도,GPS채택,GPS이상치거부,GPS품질거부,GPS재기준,계산거리,접근속도,TTC,방향오차,전방여부,위험음성횟수,충격음성횟수,마지막위험음성,RSSI원시,RSSI평활,RSSI샘플,RSSI경과ms,RSSI구간,RSSI거리,상대보정,상대보정중,보정동쪽,보정북쪽,위험송신
20:02:41,0.593,797752,797751,0,0,1,37.496368,126.958270,0.04,128.0,0,128.0,1,129.9,0,0.00,9.71,3.28,0.9992,67.08,2.945,14,91074,0.005,1,158.0,"-0.16,0.20,9.71","-0.4,-0.4,-3.2","-48.900,46.050,57.000",0.12,0.15,0.00,0,7626,6653,9,1.03,37.496368,126.958269,783,0,0,0,1.65,0.00,999.00,-30.9,0,33,0,2,-61,-63.7,6653,27,3,3.13,1,0,-3.66,2.32,0
20:02:41,0.606,797870,797834,0,0,1,37.496368,126.958270,0.04,128.0,0,128.0,1,129.9,0,0.00,9.68,1.32,0.9993,66.21,2.873,14,91084,0.005,1,158.0,"-0.21,0.20,9.67","-1.2,-0.6,0.1","-46.950,44.850,56.250",0.09,0.14,0.00,0,7627,6654,9,1.03,37.496368,126.958269,783,0,0,0,1.65,0.00,999.00,-30.9,0,33,0,2,-61,-63.2,6654,36,3,2.98,1,0,-3.66,2.32,0
20:02:41,0.712,797964,797963,0,0,1,37.496368,126.958270,0.04,128.0,0,128.0,1,129.9,0,0.00,9.62,3.54,0.9993,67.73,2.847,14,91095,0.005,1,158.0,"-0.26,0.17,9.61","1.3,2.2,2.4","-47.100,43.800,57.900",0.10,0.14,0.00,0,7628,6655,9,1.03,37.496368,126.958269,783,0,0,0,1.65,0.00,999.00,-30.9,0,33,0,2,-62,-62.9,6655,24,3,2.91,1,0,-3.66,2.32,0
20:02:42,1.896,798066,798065,0,0,1,37.496368,126.958270,0.04,128.0,0,128.0,1,129.9,0,0.00,9.79,3.31,0.9992,65.88,2.870,14,91107,0.005,1,158.0,"-0.28,0.13,9.78","-1.8,-0.2,-2.8","-47.100,44.550,55.950",0.07,0.15,0.00,0,7629,6656,9,1.03,37.496368,126.958269,783,0,0,0,1.65,0.00,999.00,-30.9,0,33,0,2,-66,-63.5,6656,29,3,3.09,1,0,-3.66,2.32,0
20:02:43,2.043,799190,799189,0,0,1,37.496368,126.958270,0.03,128.0,0,128.0,1,129.9,0,0.00,9.66,2.02,0.9996,67.05,2.878,14,91232,0.015,1,158.0,"-0.30,0.25,9.65","-2.0,0.2,-0.0","-46.500,45.600,57.000",0.13,0.20,0.00,0,7640,6666,9,1.03,37.496369,126.958269,784,0,0,0,1.65,0.00,999.00,-45.7,0,33,0,2,-63,-66.0,6666,102,3,3.92,1,0,-3.66,2.32,0
20:02:43,2.132,799391,799390,0,0,1,37.496368,126.958270,0.03,128.0,0,128.0,1,129.9,0,0.00,9.72,3.99,0.9992,66.50,2.953,14,91256,0.015,1,158.0,"-0.23,0.15,9.72","2.5,-3.1,0.1","-49.050,46.200,56.400",0.02,0.18,0.00,0,7642,6668,9,1.03,37.496369,126.958269,784,0,0,0,1.65,0.00,999.00,-45.7,0,33,0,2,-62,-64.4,6668,92,3,3.36,1,0,-3.66,2.32,0
20:02:43,2.451,799492,799491,0,0,1,37.496368,126.958270,0.03,128.0,0,128.0,1,129.9,0,0.00,9.79,1.61,0.9996,67.47,2.915,14,91268,0.015,1,158.0,"-0.28,0.26,9.78","0.4,1.4,0.8","-48.300,45.450,57.450",0.14,0.16,0.00,0,7643,6669,9,1.03,37.496369,126.958269,784,0,0,0,1.65,0.00,999.00,-45.7,0,33,0,2,-61,-63.7,6669,89,3,3.15,1,0,-3.66,2.32,0
20:02:43,2.610,799795,799794,0,0,1,37.496369,126.958269,0.01,128.0,0,128.0,1,129.9,0,0.00,9.74,1.19,0.9993,65.86,2.923,14,91304,0.000,1,158.0,"-0.38,0.11,9.73","0.7,-0.8,0.6","-49.350,44.550,55.950",0.11,0.18,0.00,0,7646,6672,9,1.03,37.496369,126.958269,785,0,0,0,1.65,0.00,999.00,-45.7,0,33,0,2,-61,-62.7,6672,75,3,2.84,1,0,-3.66,2.32,0
20:02:43,2.695,799900,799899,0,0,1,37.496369,126.958269,0.01,128.0,0,128.0,1,129.9,0,0.00,9.73,4.30,0.9992,67.16,2.877,14,91315,0.000,1,158.0,"-0.31,0.11,9.73","3.5,-2.3,-0.8","-48.000,44.100,57.300",0.05,0.20,0.00,0,7647,6673,9,1.03,37.496369,126.958269,785,0,0,0,1.65,0.00,999.00,-45.7,0,33,0,2,-63,-62.7,6673,74,3,2.86,1,0,-3.66,2.32,0
20:02:43,2.753,800001,800000,0,0,1,37.496369,126.958269,0.01,128.0,0,128.0,1,129.9,0,0.00,9.76,1.58,0.9993,66.50,2.896,14,91327,0.000,1,158.0,"-0.27,0.15,9.76","1.5,-0.3,-0.5","-48.000,44.850,56.550",0.04,0.23,0.00,0,7648,6674,9,1.03,37.496369,126.958269,785,0,0,0,1.65,0.00,999.00,-45.7,0,33,0,2,-62,-62.6,6674,70,3,2.82,1,0,-3.66,2.32,0
20:02:43,2.947,800102,800101,0,0,1,37.496369,126.958269,0.01,128.0,0,128.0,1,129.9,0,0.00,9.78,1.62,0.9994,67.17,2.906,14,91339,0.000,1,158.0,"-0.22,0.22,9.78","1.6,-0.0,-0.4","-47.850,45.450,57.150",0.11,0.18,0.00,0,7649,6675,9,1.03,37.496369,126.958269,785,0,0,0,1.65,0.00,999.00,-45.7,0,33,0,2,-62,-62.5,6675,65,3,2.79,1,0,-3.66,2.32,0
20:02:44,3.060,800302,800301,0,0,1,37.496369,126.958269,0.01,128.0,0,128.0,1,129.9,0,0.00,9.74,1.64,0.9994,66.54,2.914,14,91363,0.000,1,158.0,"-0.29,0.18,9.73","0.5,-1.2,-1.0","-48.450,45.150,56.550",0.04,0.18,0.00,0,7651,6677,9,1.03,37.496369,126.958269,785,0,0,0,1.65,0.00,999.00,-45.7,0,33,0,2,-59,-61.5,6677,55,3,2.55,1,0,-3.66,2.32,0
20:02:44,3.379,800402,800401,0,0,1,37.496369,126.958269,0.01,128.0,0,128.0,1,129.9,0,0.00,9.80,3.22,0.9992,66.99,2.838,14,91375,0.000,1,158.0,"-0.21,0.17,9.80","2.6,-1.2,-1.4","-46.650,43.800,57.150",0.10,0.12,0.00,0,7652,6678,9,1.03,37.496369,126.958269,785,0,0,0,1.65,0.00,999.00,-45.7,0,33,0,2,-64,-62.0,6678,51,3,2.67,1,0,-3.66,2.32,0
20:02:44,3.477,800707,800706,0,0,1,37.496369,126.958269,0.02,128.0,0,128.0,1,129.9,0,0.00,9.74,3.57,0.9995,66.75,2.931,14,91411,0.015,1,158.0,"-0.36,0.19,9.73","2.8,0.4,-2.2","-48.600,45.750,56.700",0.10,0.22,0.00,0,7655,6681,9,1.03,37.496369,126.958269,786,0,0,0,2.32,0.00,999.00,-43.4,0,33,0,2,-62,-64.4,6681,36,3,3.35,1,0,-3.66,2.32,0
20:02:44,3.603,800807,800806,0,0,1,37.496369,126.958269,0.02,128.0,0,128.0,1,129.9,0,0.00,9.78,3.37,0.9989,66.95,2.906,14,91423,0.015,1,158.0,"-0.31,0.04,9.78","2.2,-2.1,1.5","-48.450,44.850,57.000",0.12,0.20,0.00,0,7656,6682,9,1.03,37.496369,126.958269,786,0,0,0,2.32,0.00,999.00,-43.4,0,33,0,2,-63,-64.1,6682,33,3,3.26,1,0,-3.66,2.32,0
20:02:44,3.811,800909,800908,0,0,1,37.496369,126.958269,0.02,128.0,0,128.0,1,129.9,0,0.00,9.81,2.31,0.9992,66.30,2.908,14,91433,0.015,1,158.0,"-0.22,0.18,9.80","0.6,1.7,-1.4","-47.700,45.600,56.250",0.10,0.12,0.00,0,7657,6683,9,1.03,37.496369,126.958269,786,0,0,0,2.32,0.00,999.00,-43.4,0,33,0,2,-65,-64.3,6683,29,3,3.32,1,0,-3.66,2.32,0
20:02:44,4.011,801110,801109,0,0,1,37.496369,126.958269,0.02,128.0,0,128.0,1,129.9,0,0.00,9.75,3.56,0.9992,65.13,2.889,14,91457,0.015,1,158.0,"-0.31,0.13,9.74","3.5,-0.5,-0.6","-47.850,44.550,55.200",0.05,0.23,0.00,0,7659,6685,9,1.03,37.496369,126.958269,786,0,0,0,2.32,0.00,999.00,-43.4,0,33,0,2,-66,-64.1,6685,14,3,3.26,1,0,-3.66,2.32,0
20:02:45,4.180,801312,801311,0,0,1,37.496369,126.958269,0.02,128.0,0,128.0,1,129.9,0,0.00,9.73,0.63,0.9993,67.84,2.915,14,91481,0.015,1,158.0,"-0.42,0.13,9.72","-0.4,0.5,0.1","-47.700,46.050,57.750",0.15,0.16,0.00,0,7661,6687,9,1.03,37.496369,126.958269,786,0,0,0,2.32,0.00,999.00,-43.4,0,33,0,2,-65,-65.2,6687,11,3,3.62,1,0,-3.66,2.32,0
20:02:45,4.298,801527,801515,0,0,1,37.496369,126.958269,0.02,128.0,0,128.0,1,129.9,0,0.00,9.79,2.61,0.9992,66.24,2.897,14,91504,0.015,1,158.0,"-0.28,0.13,9.78","-1.3,-1.0,-2.0","-47.700,45.150,56.250",0.06,0.25,0.00,0,7663,6689,9,1.03,37.496369,126.958269,786,0,0,0,2.32,0.00,999.00,-43.4,0,33,0,2,-62,-65.2,6689,13,3,3.61,1,0,-3.66,2.32,0
20:02:45,4.728,801630,801617,0,0,1,37.496369,126.958269,0.02,128.0,0,128.0,1,129.9,0,0.00,9.76,3.20,0.9996,65.47,2.882,14,91515,0.021,1,158.0,"-0.34,0.22,9.75","2.0,-2.2,-1.2","-47.250,44.850,55.500",0.10,0.14,0.00,0,7664,6690,9,1.03,37.496369,126.958269,787,0,0,0,2.40,0.00,999.00,-53.6,0,33,0,2,-69,-66.0,6690,14,3,3.88,1,0,-3.66,2.32,0
20:02:46,5.193,802029,802028,0,0,1,37.496369,126.958269,0.02,128.0,0,128.0,1,129.9,0,0.00,9.74,3.62,0.9990,67.39,2.923,14,91561,0.021,1,158.0,"-0.31,0.07,9.73","-1.1,-3.0,-1.6","-48.000,46.050,57.300",0.09,0.15,0.00,0,7668,6693,9,1.03,37.496369,126.958269,787,0,0,0,2.40,0.00,999.00,-53.6,0,33,0,2,-60,-62.6,6693,97,3,2.82,1,0,-3.66,2.32,0
20:02:46,5.582,802538,802537,0,0,1,37.496369,126.958269,0.02,128.0,0,128.0,1,129.9,0,0.00,9.75,4.70,0.9990,65.50,2.899,14,91622,0.021,1,158.0,"-0.22,0.11,9.75","1.3,-4.3,-1.4","-47.700,45.150,55.500",0.07,0.16,0.00,0,7673,6698,9,1.03,37.496369,126.958269,787,0,0,0,2.40,0.00,999.00,-53.6,0,33,0,2,-71,-64.2,6698,82,3,3.29,1,0,-3.66,2.32,0
20:02:46,5.760,802947,802946,0,0,1,37.496369,126.958269,0.01,128.0,0,128.0,1,129.9,0,0.00,9.71,2.03,0.9993,66.77,2.879,14,91669,0.005,1,158.0,"-0.22,0.19,9.70","1.2,-1.5,0.7","-46.350,45.750,56.700",0.08,0.17,0.00,0,7677,6702,9,1.03,37.496369,126.958268,788,0,0,0,3.05,0.00,999.00,-50.2,0,33,0,2,-63,-62.1,6702,67,3,2.70,1,0,-3.66,2.32,0
20:02:46,5.894,803048,803047,0,0,1,37.496369,126.958269,0.01,128.0,0,128.0,1,129.9,0,0.00,9.74,1.45,0.9989,67.82,2.865,14,91681,0.005,1,158.0,"-0.25,0.07,9.74","-0.2,1.4,0.3","-47.100,44.550,57.900",0.08,0.16,0.00,0,7678,6703,9,1.03,37.496369,126.958268,788,0,0,0,3.05,0.00,999.00,-50.2,0,33,0,2,-65,-62.7,6703,62,3,2.85,1,0,-3.66,2.32,0
20:02:47,6.228,803250,803249,0,0,1,37.496369,126.958269,0.01,128.0,0,128.0,1,129.9,0,0.00,9.86,1.96,0.9988,65.92,2.933,14,91705,0.005,1,158.0,"-0.13,0.11,9.85","1.7,-1.0,-0.2","-49.350,45.000,55.950",0.18,0.21,0.00,0,7680,6705,9,1.03,37.496369,126.958268,788,0,0,0,3.05,0.00,999.00,-50.2,0,33,0,2,-62,-62.5,6705,55,3,2.78,1,0,-3.66,2.32,0
20:02:47,6.311,803550,803549,0,0,1,37.496369,126.958269,0.01,128.0,0,128.0,1,129.9,0,0.00,9.70,2.75,0.9988,66.29,2.879,14,91741,0.005,1,158.0,"-0.30,0.03,9.69","1.2,2.5,0.1","-47.850,44.250,56.400",0.12,0.21,0.00,0,7683,6708,9,1.03,37.496369,126.958268,788,0,0,0,3.05,0.00,999.00,-50.2,0,33,0,2,-63,-62.1,6708,39,3,2.69,1,0,-3.66,2.32,0
20:02:47,6.317,803651,803650,0,0,1,37.496369,126.958268,0.01,128.0,0,128.0,1,129.9,0,0.00,9.75,2.56,0.9995,67.29,2.895,14,91753,0.005,1,158.0,"-0.32,0.19,9.74","-2.3,1.1,-0.3","-47.700,45.150,57.300",0.07,0.15,0.00,0,7684,6709,9,1.03,37.496368,126.958268,789,0,0,0,3.17,0.00,999.00,-57.7,0,33,0,2,-61,-61.9,6709,34,3,2.64,1,0,-3.66,2.32,0
20:02:47,6.528,803752,803751,0,0,1,37.496369,126.958268,0.01,128.0,0,128.0,1,129.9,0,-0.38,9.70,3.27,0.9989,66.63,2.857,14,91765,0.005,1,158.0,"-0.24,0.08,9.69","1.1,-1.0,2.9","-46.650,44.550,56.700",0.08,0.24,0.00,0,7685,6710,9,1.03,37.496368,126.958268,789,0,0,0,3.17,0.00,999.00,-57.7,0,33,0,2,-63,-62.1,6710,29,3,2.69,1,0,-3.66,2.32,0
20:02:47,6.611,803875,803852,0,0,1,37.496369,126.958268,0.01,128.0,0,128.0,1,129.9,0,0.00,9.80,1.63,0.9994,66.58,2.892,14,91777,0.005,1,158.0,"-0.16,0.29,9.80","0.7,1.5,-0.1","-45.900,46.650,56.400",0.19,0.19,0.00,0,7686,6711,9,1.03,37.496368,126.958268,789,0,0,0,3.17,0.00,999.00,-57.7,0,33,0,2,-83,-66.3,6711,46,3,4.01,1,0,-3.66,2.32,0
20:02:47,6.733,803970,803969,0,0,1,37.496369,126.958268,0.01,128.0,0,128.0,1,129.9,0,0.00,9.71,2.40,0.9988,66.52,2.891,14,91788,0.005,1,158.0,"-0.15,0.11,9.71","-1.5,-0.7,1.7","-46.350,46.200,56.400",0.13,0.18,0.00,0,7687,6712,9,1.03,37.496368,126.958268,789,0,0,0,3.17,0.00,999.00,-57.7,0,33,0,2,-65,-66.0,6712,35,3,3.91,1,0,-3.66,2.32,0
20:02:47,6.845,804077,804076,0,0,1,37.496369,126.958268,0.01,128.0,0,128.0,1,129.9,0,0.00,9.72,4.23,0.9992,66.76,2.924,14,91801,0.005,1,158.0,"-0.28,0.12,9.71","2.4,-3.5,0.2","-48.300,45.750,56.700",0.04,0.18,0.00,0,7688,6712,9,1.03,37.496368,126.958268,789,0,0,0,3.17,0.00,999.00,-57.7,0,33,0,2,-65,-66.0,6712,142,3,3.91,1,0,-3.66,2.32,0
20:02:47,6.911,804177,804176,0,0,1,37.496369,126.958268,0.01,128.0,0,128.0,1,129.9,0,0.00,9.80,3.21,0.9983,66.62,2.878,14,91813,0.005,1,158.0,"-0.14,-0.01,9.80","-0.8,3.1,-0.6","-47.550,44.550,56.700",0.22,0.22,0.00,0,7689,6713,9,1.03,37.496368,126.958268,789,0,0,0,3.17,0.00,999.00,-57.7,0,33,0,2,-68,-66.4,6713,32,3,4.06,1,0,-3.66,2.32,0
20:02:48,7.044,804277,804276,0,0,1,37.496369,126.958268,0.01,128.0,0,128.0,1,129.9,0,0.00,9.77,2.32,0.9988,66.73,2.936,14,91825,0.005,1,158.0,"-0.25,0.05,9.77","-0.2,-1.5,1.7","-47.700,46.800,56.550",0.11,0.16,0.00,0,7690,6714,9,1.03,37.496368,126.958268,789,0,0,0,3.17,0.00,999.00,-57.7,0,33,0,2,-62,-65.5,6714,27,3,3.73,1,0,-3.66,2.32,0
20:02:48,7.281,804478,804477,0,0,1,37.496369,126.958268,0.01,128.0,0,128.0,1,129.9,0,0.00,9.77,2.69,0.9992,67.21,2.859,14,91849,0.005,1,158.0,"-0.30,0.11,9.76","-1.0,1.2,-2.2","-46.950,44.400,57.300",0.07,0.16,0.00,0,7692,6716,9,1.03,37.496368,126.958268,789,0,0,0,3.17,0.00,999.00,-57.7,0,33,0,2,-68,-65.5,6716,14,3,3.71,1,0,-3.66,2.32,0
20:02:48,7.693,804691,804678,0,0,1,37.496368,126.958268,0.01,128.0,0,128.0,1,129.9,0,0.00,9.72,2.70,0.9992,66.38,2.862,14,91873,0.005,1,158.0,"-0.25,0.14,9.72","1.5,2.3,0.0","-46.350,45.000,56.400",0.02,0.17,0.00,0,7694,6718,9,1.03,37.496368,126.958267,790,0,0,0,3.34,0.00,999.00,-64.6,0,33,0,2,-66,-66.1,6718,20,3,3.95,1,0,-3.66,2.32,0
20:02:48,7.776,804983,804982,0,0,1,37.496368,126.958268,0.01,128.0,0,128.0,1,129.9,0,0.00,9.83,3.22,0.9986,66.37,2.914,14,91905,0.005,1,158.0,"-0.23,0.01,9.83","-0.0,2.6,-2.0","-48.600,45.000,56.400",0.18,0.19,0.00,0,7697,6720,9,1.03,37.496368,126.958267,790,0,0,0,3.34,0.00,999.00,-64.6,0,33,0,2,-68,-66.3,6720,90,3,4.02,1,0,-3.66,2.32,0
20:02:48,7.883,805084,805083,0,0,1,37.496368,126.958268,0.01,128.0,0,128.0,1,129.9,0,0.00,9.76,1.27,0.9993,66.62,2.885,14,91917,0.005,1,158.0,"-0.27,0.16,9.75","-0.5,0.6,-1.0","-47.850,44.550,56.700",0.03,0.23,0.00,0,7698,6721,9,1.03,37.496368,126.958267,790,0,0,0,3.34,0.00,999.00,-64.6,0,33,0,2,-66,-66.3,6721,88,3,4.00,1,0,-3.66,2.32,0
20:02:48,7.897,805184,805183,0,0,1,37.496368,126.958268,0.01,128.0,0,128.0,1,129.9,0,0.00,9.58,2.79,0.9995,67.37,2.876,14,91929,0.005,1,158.0,"-0.36,0.19,9.57","1.6,-1.4,-1.8","-47.550,44.550,57.450",0.18,0.18,0.00,0,7699,6722,9,1.03,37.496368,126.958267,790,0,0,0,3.34,0.00,999.00,-64.6,0,33,0,2,-63,-65.6,6722,84,3,3.76,1,0,-3.66,2.32,0
20:02:49,8.128,805284,805283,0,0,1,37.496368,126.958268,0.01,128.0,0,128.0,1,129.9,0,0.11,9.68,3.70,0.9993,64.54,2.875,14,91941,0.005,1,158.0,"-0.21,0.21,9.67","-0.5,0.4,-3.6","-45.900,45.750,54.450",0.10,0.13,0.00,0,7700,6723,9,1.03,37.496368,126.958267,790,0,0,0,3.34,0.00,999.00,-64.6,0,33,0,2,-62,-64.9,6723,84,3,3.51,1,0,-3.66,2.32,0
20:02:49,8.262,805491,805490,0,0,1,37.496368,126.958268,0.01,128.0,0,128.0,1,129.9,0,0.00,9.71,1.43,0.9993,67.42,2.894,14,91966,0.005,1,158.0,"-0.28,0.15,9.70","0.8,1.0,-0.6","-47.850,45.000,57.450",0.02,0.16,0.00,0,7702,6725,9,1.03,37.496368,126.958267,790,0,0,0,3.17,0.00,999.00,-57.7,0,33,0,2,-72,-65.8,6725,81,3,3.84,1,0,-3.66,2.32,0
20:02:49,8.362,805591,805590,0,0,1,37.496368,126.958268,0.01,128.0,0,128.0,1,129.9,0,0.00,9.70,3.47,0.9995,64.83,2.890,14,91978,0.005,1,158.0,"-0.32,0.20,9.69","2.0,2.6,-1.2","-47.850,44.550,54.900",0.08,0.16,0.00,0,7703,6726,9,1.03,37.496368,126.958267,791,0,0,0,3.17,0.00,999.00,-57.7,0,33,0,2,-64,-65.5,6726,76,3,3.71,1,0,-3.66,2.32,0
20:02:49,8.494,805692,805691,0,0,1,37.496368,126.958268,0.01,128.0,0,128.0,1,129.9,0,0.00,9.63,1.83,0.9993,65.01,2.921,14,91990,0.005,1,158.0,"-0.26,0.16,9.63","-0.9,-1.4,-0.6","-48.900,44.850,55.050",0.08,0.16,0.00,0,7704,6727,9,1.03,37.496368,126.958267,791,0,0,0,3.34,0.00,999.00,-64.6,0,33,0,2,-65,-65.4,6727,71,3,3.68,1,0,-3.66,2.32,0
20:02:49,8.682,805899,805898,0,0,1,37.496368,126.958268,0.01,128.0,0,128.0,1,129.9,0,0.00,9.71,1.90,0.9992,67.12,2.895,14,92013,0.005,1,158.0,"-0.22,0.18,9.71","0.4,-1.8,-0.2","-47.850,45.000,57.150",0.07,0.25,0.00,0,7706,6729,9,1.03,37.496368,126.958267,791,0,0,0,3.34,0.00,999.00,-64.6,0,33,0,2,-67,-66.1,6729,66,3,3.95,1,0,-3.66,2.32,0
20:02:49,8.778,806000,805999,0,0,1,37.496368,126.958268,0.01,128.0,0,128.0,1,129.9,0,0.00,9.63,2.89,0.9992,67.82,2.865,14,92025,0.005,1,158.0,"-0.23,0.16,9.62","2.1,-0.5,-2.0","-47.100,44.550,57.900",0.10,0.17,0.00,0,7707,6730,9,1.03,37.496368,126.958267,791,0,0,0,3.34,0.00,999.00,-64.6,0,33,0,2,-64,-65.7,6730,60,3,3.79,1,0,-3.66,2.32,0
20:02:49,8.862,806101,806100,0,0,1,37.496368,126.958268,0.01,128.0,0,128.0,1,129.9,0,-1.25,9.70,4.76,0.9996,67.25,2.887,14,92037,0.005,1,158.0,"-0.42,0.19,9.69","2.8,0.3,3.8","-47.700,44.850,57.300",0.15,0.15,0.00,0,7708,6731,9,1.03,37.496368,126.958267,791,0,0,0,3.34,0.00,999.00,-64.6,0,33,0,2,-62,-65.0,6731,56,3,3.53,1,0,-3.66,2.32,0
20:02:49,8.945,806201,806200,0,0,1,37.496368,126.958268,0.01,128.0,0,128.0,1,129.9,0,0.00,9.78,2.16,0.9992,65.76,2.845,14,92049,0.005,1,158.0,"-0.23,0.17,9.77","1.9,-0.3,-1.0","-47.100,43.500,55.950",0.08,0.15,0.00,0,7709,6732,9,1.03,37.496368,126.958267,791,0,0,0,3.34,0.00,999.00,-64.6,0,33,0,2,-64,-64.8,6732,52,3,3.47,1,0,-3.66,2.32,0
20:02:49,9.003,806301,806300,0,0,1,37.496368,126.958268,0.01,128.0,0,128.0,1,129.9,0,0.00,9.64,3.45,0.9992,66.42,2.925,14,92061,0.005,1,158.0,"-0.24,0.14,9.64","-1.1,-1.1,-3.1","-48.600,45.450,56.400",0.08,0.19,0.00,0,7710,6733,9,1.03,37.496368,126.958267,791,0,0,0,3.34,0.00,999.00,-64.6,0,33,0,2,-73,-66.4,6733,46,3,4.06,1,0,-3.66,2.32,0
20:02:50,9.145,806401,806400,0,0,1,37.496368,126.958268,0.01,128.0,0,128.0,1,129.9,0,0.00,9.75,4.51,0.9996,65.67,2.891,14,92073,0.005,1,158.0,"-0.32,0.22,9.74","3.4,-0.6,-2.9","-48.450,44.100,55.800",0.08,0.21,0.00,0,7711,6734,9,1.03,37.496368,126.958267,791,0,0,0,3.34,0.00,999.00,-64.6,0,33,0,2,-63,-65.7,6734,42,3,3.80,1,0,-3.66,2.32,0
20:02:50,9.211,806501,806500,0,0,1,37.496368,126.958268,0.01,128.0,0,128.0,1,129.9,0,0.00,9.77,3.22,0.9988,66.95,2.895,14,92085,0.005,1,158.0,"-0.32,0.02,9.76","1.9,-2.2,1.4","-48.000,44.850,57.000",0.14,0.21,0.00,0,7712,6735,9,1.03,37.496368,126.958267,791,0,0,0,3.34,0.00,999.00,-64.6,0,33,0,2,-65,-65.6,6735,37,3,3.75,1,0,-3.66,2.32,0
20:02:50,9.295,806602,806601,0,0,1,37.496368,126.958267,0.01,128.0,0,128.0,1,129.9,0,0.00,9.69,1.28,0.9994,65.59,2.860,14,92097,0.005,1,158.0,"-0.27,0.20,9.68","1.2,-0.3,0.0","-46.650,44.550,55.650",0.06,0.20,0.00,0,7713,6736,9,1.03,37.496368,126.958266,792,0,0,0,3.34,0.00,999.00,-64.6,0,33,0,2,-62,-64.9,6736,32,3,3.50,1,0,-3.66,2.32,0
20:02:50,9.428,806704,806702,0,0,1,37.496368,126.958267,0.01,128.0,0,128.0,1,129.9,0,0.00,9.76,1.78,0.9993,67.03,2.923,14,92109,0.005,1,158.0,"-0.41,0.12,9.75","0.4,-0.9,-1.5","-48.450,45.600,57.000",0.14,0.17,0.00,0,7714,6737,9,1.03,37.496368,126.958266,792,0,0,0,3.34,0.00,999.00,-64.6,0,33,0,2,-62,-64.3,6737,28,3,3.31,1,0,-3.66,2.32,0
20:02:50,9.494,806804,806803,0,0,1,37.496368,126.958267,0.01,128.0,0,128.0,1,129.9,0,0.00,9.68,2.53,0.9993,66.29,2.833,14,92121,0.005,1,158.0,"-0.22,0.21,9.67","-1.0,1.0,-2.1","-47.250,42.900,56.550",0.10,0.13,0.00,0,7715,6738,9,1.03,37.496368,126.958266,792,0,0,0,3.34,0.00,999.00,-64.6,0,33,0,2,-64,-64.2,6738,17,3,3.30,1,0,-3.66,2.32,0
20:02:50,9.645,806909,806908,0,0,1,37.496368,126.958267,0.01,128.0,0,128.0,1,129.9,0,0.00,9.67,0.72,0.9995,68.30,2.874,14,92132,0.005,1,158.0,"-0.20,0.31,9.67","0.7,-0.0,-0.3","-48.450,43.650,58.500",0.18,0.18,0.00,0,7716,6739,9,1.03,37.496368,126.958266,792,0,0,0,3.34,0.00,999.00,-64.6,0,33,0,2,-66,-64.6,6739,21,3,3.41,1,0,-3.66,2.32,0
20:02:50,9.711,807010,807009,0,0,1,37.496368,126.958267,0.01,128.0,0,128.0,1,129.9,0,0.00,9.77,1.01,0.9987,67.73,2.921,14,92144,0.005,1,158.0,"-0.21,0.04,9.77","0.2,0.2,-1.0","-48.900,45.150,57.750",0.14,0.17,0.00,0,7717,6740,9,1.03,37.496368,126.958266,792,0,0,0,3.34,0.00,999.00,-64.6,0,33,0,2,-68,-65.3,6740,16,3,3.64,1,0,-3.66,2.32,0
20:02:50,9.795,807110,807109,0,0,1,37.496368,126.958267,0.01,128.0,0,128.0,1,129.9,0,0.00,9.66,3.20,0.9993,67.25,2.901,14,92156,0.005,1,158.0,"-0.28,0.16,9.66","1.1,1.0,-2.9","-48.300,44.850,57.300",0.06,0.22,0.00,0,7718,6741,9,1.03,37.496368,126.958266,792,0,0,0,3.34,0.00,999.00,-64.6,0,33,0,2,-64,-65.0,6741,10,3,3.55,1,0,-3.66,2.32,0
20:02:50,9.996,807221,807208,0,0,1,37.496368,126.958267,0.01,128.0,0,128.0,1,129.9,0,0.00,9.60,2.90,0.9994,66.98,2.866,14,92168,0.005,1,158.0,"-0.29,0.17,9.59","-0.3,1.5,-2.4","-47.850,43.800,57.150",0.13,0.20,0.00,0,7719,6742,9,1.03,37.496368,126.958266,792,0,0,0,3.34,0.00,999.00,-64.6,0,33,0,2,-71,-66.2,6742,17,3,3.98,1,0,-3.66,2.32,0
20:02:51,10.128,807412,807411,0,0,1,37.496368,126.958267,0.01,128.0,0,128.0,1,129.9,0,0.00,9.63,1.11,0.9992,66.90,2.878,14,92191,0.005,1,158.0,"-0.31,0.12,9.62","1.0,0.2,0.4","-47.700,44.400,57.000",0.10,0.19,0.00,0,7721,6743,9,1.03,37.496368,126.958266,792,0,0,0,3.34,0.00,999.00,-64.6,0,33,0,2,-68,-66.6,6743,101,3,4.12,1,0,-3.66,2.32,0
20:02:51,10.210,807511,807510,0,0,1,37.496368,126.958267,0.01,128.0,0,128.0,1,129.9,0,0.00,9.76,1.52,0.9994,67.74,2.866,14,92203,0.005,1,158.0,"-0.33,0.18,9.75","1.2,0.6,-0.8","-46.500,45.150,57.750",0.08,0.23,0.00,0,7722,6744,9,1.03,37.496368,126.958266,792,0,0,0,3.34,0.00,999.00,-64.6,0,33,0,2,-70,-67.3,6744,96,3,4.39,1,0,-3.66,2.32,0
20:02:51,10.277,807613,807611,0,0,1,37.496368,126.958267,0.01,128.0,0,128.0,1,129.9,0,0.00,9.69,2.00,0.9994,66.63,2.857,14,92215,0.021,1,158.0,"-0.33,0.17,9.68","-1.2,0.1,-1.6","-46.650,44.550,56.700",0.08,0.17,0.00,0,7723,6745,9,1.03,37.496368,126.958265,793,0,0,0,3.34,0.00,999.00,-64.6,0,33,0,2,-66,-67.0,6745,93,3,4.29,1,0,-3.66,2.32,0
20:02:51,10.411,807713,807712,0,0,1,37.496368,126.958267,0.01,128.0,0,128.0,1,129.9,0,0.00,9.75,3.49,0.9991,67.26,2.853,14,92227,0.021,1,158.0,"-0.34,0.07,9.74","-3.1,1.3,-1.0","-46.200,44.850,57.300",0.11,0.17,0.00,0,7724,6746,9,1.03,37.496368,126.958265,793,0,0,0,3.17,0.00,999.00,-57.7,0,33,0,2,-65,-66.6,6746,87,3,4.13,1,0,-3.66,2.32,0
20:02:51,10.528,807814,807813,0,0,1,37.496368,126.958267,0.01,128.0,0,128.0,1,129.9,0,0.00,9.76,3.06,0.9995,65.47,2.882,14,92239,0.021,1,158.0,"-0.29,0.22,9.75","1.1,-2.0,2.1","-47.250,44.850,55.500",0.08,0.17,0.00,0,7725,6747,9,1.03,37.496368,126.958265,793,0,0,0,3.17,0.00,999.00,-57.7,0,33,0,2,-66,-66.5,6747,82,3,4.08,1,0,-3.66,2.32,0
20:02:51,10.628,807919,807918,0,0,1,37.496368,126.958267,0.01,128.0,0,128.0,1,129.9,0,0.00,9.70,1.23,0.9993,65.77,2.864,14,92250,0.021,1,158.0,"-0.31,0.14,9.70","-0.3,-0.4,1.1","-46.500,44.850,55.800",0.05,0.22,0.00,0,7726,6748,9,1.03,37.496368,126.958265,793,0,0,0,3.17,0.00,999.00,-57.7,0,33,0,2,-65,-66.2,6748,81,3,3.97,1,0,-3.66,2.32,0
20:02:51,10.751,808020,808019,0,0,1,37.496368,126.958267,0.01,128.0,0,128.0,1,129.9,0,0.00,9.75,2.32,0.9994,65.50,2.853,14,92262,0.021,1,158.0,"-0.30,0.16,9.74","1.6,0.2,-1.6","-47.100,43.800,55.650",0.06,0.28,0.00,0,7727,6749,9,1.03,37.496368,126.958265,793,0,0,0,3.17,0.00,999.00,-57.7,0,33,0,2,-68,-66.5,6749,76,3,4.11,1,0,-3.66,2.32,0
20:02:51,10.844,808121,808120,0,0,1,37.496368,126.958267,0.01,128.0,0,128.0,1,129.9,0,0.00,9.69,2.79,0.9992,66.73,2.900,14,92274,0.021,1,158.0,"-0.30,0.12,9.68","2.7,0.4,-0.5","-47.550,45.450,56.700",0.05,0.13,0.00,0,7728,6750,9,1.03,37.496368,126.958265,793,0,0,0,3.17,0.00,999.00,-57.7,0,33,0,2,-65,-66.2,6750,70,3,3.99,1,0,-3.66,2.32,0
20:02:52,11.046,808221,808220,0,0,1,37.496368,126.958267,0.01,128.0,0,128.0,1,129.9,0,0.00,9.70,1.87,0.9988,66.38,2.890,14,92286,0.021,1,158.0,"-0.38,0.01,9.69","0.2,1.6,-1.0","-47.550,45.000,56.400",0.18,0.18,0.00,0,7729,6751,9,1.03,37.496368,126.958265,793,0,0,0,3.17,0.00,999.00,-57.7,0,33,0,2,-68,-66.6,6751,60,3,4.12,1,0,-3.66,2.32,0
20:02:52,11.144,808422,808421,0,0,1,37.496368,126.958267,0.01,128.0,0,128.0,1,129.9,0,0.00,9.70,1.68,0.9995,65.19,2.872,14,92310,0.021,1,158.0,"-0.17,0.31,9.69","0.1,1.6,-0.4","-46.650,45.000,55.200",0.18,0.18,0.00,0,7731,6753,9,1.03,37.496368,126.958265,793,0,0,0,3.17,0.00,999.00,-57.7,0,33,0,2,-67,-67.1,6753,44,3,4.31,1,0,-3.66,2.32,0
20:02:52,11.210,808522,808521,0,0,1,37.496368,126.958267,0.01,128.0,0,128.0,1,129.9,0,0.00,9.74,1.88,0.9994,66.46,2.908,14,92322,0.021,1,158.0,"-0.16,0.31,9.73","1.8,0.0,0.6","-47.550,45.750,56.400",0.18,0.19,0.00,0,7732,6754,9,1.03,37.496368,126.958265,793,0,0,0,3.17,0.00,999.00,-57.7,0,33,0,2,-70,-67.6,6754,45,3,4.56,1,0,-3.66,2.32,0
20:02:52,11.344,808624,808623,0,0,1,37.496368,126.958266,0.01,128.0,0,128.0,1,129.9,0,0.00,9.63,2.26,0.9995,66.77,2.821,14,92334,0.005,1,158.0,"-0.31,0.19,9.62","1.3,-1.3,1.3","-46.500,43.200,57.000",0.11,0.18,0.00,0,7733,6755,9,1.03,37.496367,126.958265,794,0,0,0,3.34,0.00,999.00,-64.6,0,33,0,2,-70,-68.1,6755,37,3,4.77,1,0,-3.66,2.32,0
20:02:52,11.467,808725,808724,0,0,1,37.496368,126.958266,0.01,128.0,0,128.0,1,129.9,0,0.00,9.70,2.14,0.9996,67.05,2.878,14,92346,0.005,1,158.0,"-0.31,0.23,9.70","1.7,-1.3,-0.4","-46.500,45.600,57.000",0.09,0.14,0.00,0,7734,6756,9,1.03,37.496367,126.958265,794,0,0,0,3.17,0.00,999.00,-57.7,0,33,0,2,-70,-68.5,6756,44,3,4.94,1,0,-3.66,2.32,0
20:02:52,11.545,808838,808825,0,0,1,37.496368,126.958266,0.01,128.0,0,128.0,1,129.9,0,0.00,9.80,1.77,0.9997,67.87,2.865,14,92358,0.005,1,158.0,"-0.32,0.26,9.79","0.8,-1.3,-0.8","-46.650,45.000,57.900",0.13,0.17,0.00,0,7735,6757,9,1.03,37.496367,126.958265,794,0,0,0,3.17,0.00,999.00,-57.7,0,33,0,2,-69,-68.6,6757,48,3,4.99,1,0,-3.66,2.32,0
20:02:52,11.678,808927,808926,0,0,1,37.496368,126.958266,0.01,128.0,0,128.0,1,129.9,0,0.00,9.59,3.54,0.9987,67.05,2.878,14,92367,0.005,1,158.0,"-0.17,0.07,9.59","1.8,0.9,-2.9","-46.500,45.600,57.000",0.19,0.21,0.00,0,7736,6758,9,1.03,37.496367,126.958265,794,0,0,0,3.17,0.00,999.00,-57.7,0,33,0,2,-72,-69.3,6758,34,3,5.32,1,0,-3.66,2.32,0
20:02:52,11.765,809028,809027,0,0,1,37.496368,126.958266,0.01,128.0,0,128.0,1,129.9,0,0.00,9.65,1.55,0.9991,67.37,2.866,14,92379,0.005,1,158.0,"-0.32,0.09,9.65","-0.4,1.1,-1.1","-47.100,44.550,57.450",0.11,0.14,0.00,0,7737,6759,9,1.03,37.496367,126.958265,794,0,0,0,3.17,0.00,999.00,-57.7,0,33,0,2,-70,-69.4,6759,29,3,5.40,1,0,-3.66,2.32,0
20:02:52,11.894,809129,809128,0,0,1,37.496368,126.958266,0.01,128.0,0,128.0,1,129.9,0,0.00,9.70,3.00,0.9992,67.17,2.906,14,92391,0.005,1,158.0,"-0.26,0.13,9.70","-0.7,2.7,-1.0","-47.850,45.450,57.150",0.03,0.15,0.00,0,7738,6760,9,1.03,37.496367,126.958265,794,0,0,0,3.17,0.00,999.00,-57.7,0,33,0,2,-70,-69.5,6760,25,3,5.46,1,0,-3.66,2.32,0
20:02:52,11.961,809229,809228,0,0,1,37.496368,126.958266,0.01,128.0,0,128.0,1,129.9,0,0.00,9.75,1.03,0.9992,66.54,2.897,14,92403,0.005,1,158.0,"-0.25,0.13,9.74","0.7,-0.7,-0.2","-47.700,45.150,56.550",0.03,0.14,0.00,0,7739,6761,9,1.03,37.496367,126.958265,794,0,0,0,3.17,0.00,999.00,-57.7,0,33,0,2,-69,-69.4,6761,19,3,5.40,1,0,-3.66,2.32,0
20:02:53,12.111,809337,809336,0,0,1,37.496368,126.958266,0.01,128.0,0,128.0,1,129.9,0,0.00,9.72,2.91,0.9991,66.45,2.943,14,92416,0.005,1,158.0,"-0.23,0.12,9.72","-0.7,2.8,-0.5","-49.050,45.750,56.400",0.05,0.16,0.00,0,7740,6762,9,1.03,37.496367,126.958265,794,0,0,0,3.17,0.00,999.00,-57.7,0,33,0,2,-70,-69.5,6762,23,3,5.46,1,0,-3.66,2.32,0
20:02:53,12.177,809436,809435,0,0,1,37.496368,126.958266,0.01,128.0,0,128.0,1,129.9,0,0.00,9.91,3.44,0.9993,67.28,2.923,14,92428,0.005,1,158.0,"-0.33,0.14,9.91","2.0,1.7,-2.2","-48.900,45.150,57.300",0.20,0.22,0.00,0,7741,6763,9,1.03,37.496367,126.958265,794,0,0,0,3.17,0.00,999.00,-57.7,0,33,0,2,-69,-69.4,6763,16,3,5.41,1,0,-3.66,2.32,0
20:02:53,12.234,809538,809537,0,0,1,37.496368,126.958266,0.01,128.0,0,128.0,1,129.9,0,1.03,9.67,4.76,0.9987,65.72,2.917,14,92440,0.005,1,158.0,"-0.19,0.06,9.66","0.0,1.3,-4.6","-47.850,45.750,55.650",0.13,0.17,0.00,0,7742,6764,9,1.03,37.496367,126.958265,794,0,0,0,3.17,0.00,999.00,-57.7,0,33,0,2,-69,-69.3,6764,13,3,5.36,1,0,-3.66,2.32,0
20:02:53,12.379,809649,809636,0,0,1,37.496368,126.958265,0.01,128.0,0,128.0,1,129.9,0,0.00,9.61,2.10,0.9986,67.52,2.962,14,92452,0.005,1,158.0,"-0.28,-0.00,9.61","1.7,-0.5,-1.1","-48.450,47.250,57.300",0.18,0.20,0.00,0,7743,6765,9,0.94,37.496367,126.958264,795,0,0,0,3.34,0.00,999.00,-64.6,0,33,0,2,-70,-69.5,6765,18,3,5.43,1,0,-3.66,2.32,0
20:02:53,12.478,809752,809739,0,0,1,37.496368,126.958265,0.01,128.0,0,128.0,1,129.9,0,0.00,9.69,3.23,0.9992,67.47,2.905,14,92463,0.005,1,158.0,"-0.35,0.11,9.69","2.3,-0.7,-2.1","-47.850,45.450,57.450",0.08,0.19,0.00,0,7744,6766,9,0.94,37.496367,126.958264,795,0,0,0,3.34,0.00,999.00,-64.6,0,33,0,2,-70,-69.6,6766,15,3,5.48,1,0,-3.66,2.32,0
20:02:53,12.600,809843,809842,0,0,1,37.496368,126.958265,0.01,128.0,0,128.0,1,129.9,0,0.00,9.74,2.01,0.9989,67.72,2.875,14,92474,0.005,1,158.0,"-0.25,0.07,9.74","0.7,-0.5,-1.8","-48.300,43.800,57.900",0.07,0.18,0.00,0,7745,6766,9,0.94,37.496367,126.958264,795,0,0,0,3.34,0.00,999.00,-64.6,0,33,0,2,-70,-69.6,6766,106,3,5.48,1,0,-3.66,2.32,0
20:02:53,12.678,809948,809947,0,0,1,37.496368,126.958265,0.01,128.0,0,128.0,1,129.9,0,0.00,9.90,1.49,0.9994,66.07,2.879,14,92485,0.005,1,158.0,"-0.42,0.16,9.89","-1.0,-1.1,-0.1","-48.450,43.650,56.250",0.22,0.22,0.00,0,7746,6767,9,0.94,37.496367,126.958264,795,0,0,0,3.34,0.00,999.00,-64.6,0,33,0,2,-70,-69.7,6767,103,3,5.53,1,0,-3.66,2.32,0
20:02:53,12.800,810049,810048,0,0,1,37.496368,126.958265,0.01,128.0,0,128.0,1,129.9,0,0.00,9.61,1.61,0.9992,65.79,2.905,14,92497,0.005,1,158.0,"-0.23,0.15,9.61","-0.0,-0.5,-1.5","-48.000,45.150,55.800",0.12,0.20,0.00,0,7747,6768,9,0.94,37.496367,126.958264,795,0,0,0,3.34,0.00,999.00,-64.6,0,33,0,2,-70,-69.7,6768,100,3,5.56,1,0,-3.66,2.32,0
20:02:53,12.894,810150,810149,0,0,1,37.496368,126.958265,0.01,128.0,0,128.0,1,129.9,0,0.00,9.74,2.21,0.9991,67.95,2.847,14,92509,0.005,1,158.0,"-0.23,0.13,9.73","1.9,-1.1,0.3","-46.500,44.400,58.050",0.04,0.19,0.00,0,7748,6769,9,0.94,37.496367,126.958264,795,0,0,0,3.34,0.00,999.00,-64.6,0,33,0,2,-71,-70.0,6769,96,3,5.70,1,0,-3.66,2.32,0
20:02:53,12.978,810251,810250,0,0,1,37.496368,126.958265,0.01,128.0,0,128.0,1,129.9,0,0.00,9.85,2.22,0.9996,66.16,2.869,14,92521,0.005,1,158.0,"-0.35,0.23,9.84","1.5,-1.1,1.2","-47.250,44.400,56.250",0.18,0.20,0.00,0,7749,6770,9,0.94,37.496367,126.958264,795,0,0,0,3.34,0.00,999.00,-64.6,0,33,0,2,-70,-70.0,6770,92,3,5.70,1,0,-3.66,2.32,0
20:02:54,13.061,810351,810350,0,0,1,37.496368,126.958265,0.01,128.0,0,128.0,1,129.9,0,0.00,9.69,1.71,0.9987,67.17,2.899,14,92533,0.005,1,158.0,"-0.21,0.05,9.69","1.2,-1.2,-0.3","-47.550,45.450,57.150",0.11,0.18,0.00,0,7750,6771,9,0.94,37.496367,126.958264,795,0,0,0,3.34,0.00,999.00,-64.6,0,33,0,2,-71,-70.2,6771,87,3,5.81,1,0,-3.66,2.32,0
20:02:54,13.195,810451,810450,0,0,1,37.496368,126.958265,0.01,128.0,0,128.0,1,129.9,0,0.00,9.69,2.72,0.9991,67.86,2.910,14,92545,0.005,1,158.0,"-0.23,0.12,9.69","-1.7,1.0,-1.9","-48.600,45.000,57.900",0.06,0.25,0.00,0,7751,6772,9,0.94,37.496367,126.958264,795,0,0,0,3.34,0.00,999.00,-64.6,0,33,0,2,-70,-70.2,6772,82,3,5.79,1,0,-3.66,2.32,0
20:02:54,13.277,810552,810551,0,0,1,37.496368,126.958265,0.01,128.0,0,128.0,1,129.9,0,0.00,9.81,3.42,0.9990,66.07,2.879,14,92557,0.005,1,158.0,"-0.21,0.12,9.81","1.3,3.0,-1.1","-48.450,43.650,56.250",0.12,0.16,0.00,0,7752,6773,9,0.94,37.496367,126.958264,795,0,0,0,3.34,0.00,999.00,-64.6,0,33,0,2,-70,-70.1,6773,78,3,5.77,1,0,-3.66,2.32,0
20:02:54,13.396,810654,810653,0,0,1,37.496368,126.958265,0.01,128.0,0,128.0,1,129.9,0,0.00,9.69,1.83,0.9995,66.95,2.916,14,92569,0.005,1,158.0,"-0.33,0.19,9.68","-0.6,0.3,-1.7","-48.900,44.850,57.000",0.08,0.18,0.00,0,7753,6774,9,1.03,37.496367,126.958263,796,0,0,0,3.34,0.00,999.00,-64.6,0,33,0,2,-71,-70.3,6774,75,3,5.87,1,0,-3.66,2.32,0
20:02:54,13.478,810756,810755,0,0,1,37.496368,126.958265,0.01,128.0,0,128.0,1,129.9,0,0.00,9.66,2.38,0.9995,66.59,2.907,14,92581,0.005,1,158.0,"-0.29,0.23,9.65","1.5,-1.4,1.3","-47.700,45.600,56.550",0.10,0.23,0.00,0,7754,6775,9,1.03,37.496367,126.958263,796,0,0,0,3.34,0.00,999.00,-64.6,0,33,0,2,-71,-70.4,6775,71,3,5.95,1,0,-3.66,2.32,0
20:02:54,13.596,810857,810856,0,0,1,37.496368,126.958265,0.01,128.0,0,128.0,1,129.9,0,0.00,9.69,2.69,0.9996,67.31,2.917,14,92593,0.005,1,158.0,"-0.34,0.23,9.68","-0.1,-0.8,-2.5","-47.100,46.650,57.150",0.11,0.24,0.00,0,7755,6776,9,1.03,37.496367,126.958263,796,0,0,0,3.34,0.00,999.00,-64.6,0,33,0,2,-73,-71.0,6776,66,3,6.24,1,0,-3.66,2.32,0
20:02:54,13.711,810962,810961,0,0,1,37.496368,126.958265,0.01,128.0,0,128.0,1,129.9,0,0.00,9.71,2.82,0.9994,67.03,2.870,14,92604,0.005,1,158.0,"-0.29,0.19,9.70","1.7,-0.8,2.1","-47.550,44.250,57.150",0.05,0.16,0.00,0,7756,6777,9,1.03,37.496367,126.958263,796,0,0,0,3.34,0.00,999.00,-64.6,0,33,0,2,-72,-71.2,6777,66,3,6.37,1,0,-3.66,2.32,0
20:02:54,13.811,811063,811062,0,0,1,37.496368,126.958265,0.01,128.0,0,128.0,1,129.9,0,0.00,9.82,3.29,0.9999,66.67,2.914,14,92616,0.005,1,158.0,"-0.35,0.39,9.81","1.6,-2.8,0.7","-48.600,45.000,56.700",0.27,0.27,0.00,0,7757,6778,9,1.03,37.496367,126.958263,796,0,0,0,3.34,0.00,999.00,-64.6,0,33,0,2,-72,-71.3,6778,61,3,6.47,1,0,-3.66,2.32,0
20:02:54,13.929,811163,811162,0,0,1,37.496368,126.958265,0.01,128.0,0,128.0,1,129.9,0,0.00,9.60,3.21,0.9991,65.93,2.898,14,92628,0.005,1,158.0,"-0.19,0.14,9.60","0.6,3.1,-0.4","-47.850,45.000,55.950",0.13,0.19,0.00,0,7758,6779,9,1.03,37.496367,126.958263,796,0,0,0,3.34,0.00,999.00,-64.6,0,33,0,2,-72,-71.5,6779,57,3,6.56,1,0,-3.66,2.32,0
20:02:54,13.993,811270,811269,0,0,1,37.496368,126.958265,0.01,128.0,0,128.0,1,129.9,0,0.00,9.68,2.41,0.9990,67.21,2.859,14,92641,0.005,1,158.0,"-0.24,0.09,9.67","1.4,-1.4,-1.4","-46.950,44.400,57.300",0.08,0.14,0.00,0,7759,6780,9,1.03,37.496367,126.958263,796,0,0,0,3.34,0.00,999.00,-64.6,0,33,0,2,-70,-71.2,6780,59,3,6.38,1,0,-3.66,2.32,0
20:02:55,14.211,811377,811376,0,0,1,37.496368,126.958265,0.01,128.0,0,128.0,1,129.9,0,0.00,9.75,3.57,0.9995,66.73,2.900,14,92654,0.005,1,158.0,"-0.24,0.26,9.74","-0.8,-2.5,-2.4","-47.550,45.450,56.700",0.11,0.17,0.00,0,7760,6781,9,1.03,37.496367,126.958263,796,0,0,0,3.34,0.00,999.00,-64.6,0,33,0,2,-70,-70.9,6781,61,3,6.24,1,0,-3.66,2.32,0
20:02:55,14.332,811578,811577,0,0,1,37.496367,126.958264,0.01,128.0,0,128.0,1,129.9,0,0.00,9.71,2.46,0.9991,66.20,2.872,14,92678,0.010,1,158.0,"-0.41,0.08,9.70","-1.3,2.0,-0.5","-48.300,43.500,56.400",0.15,0.18,0.00,0,7762,6783,9,1.03,37.496367,126.958263,797,0,0,0,3.34,0.00,999.00,-64.6,0,33,0,2,-71,-71.1,6783,51,3,6.35,1,0,-3.66,2.32,0
20:02:55,14.427,811679,811678,0,0,1,37.496367,126.958264,0.01,128.0,0,128.0,1,129.9,0,0.00,9.74,2.07,0.9995,65.91,2.875,14,92690,0.010,1,158.0,"-0.34,0.20,9.73","1.1,-0.2,-1.7","-45.750,46.050,55.800",0.09,0.11,0.00,0,7763,6784,9,1.03,37.496367,126.958263,797,0,0,0,3.55,0.00,999.00,-70.7,0,33,0,2,-69,-70.7,6784,46,3,6.09,1,0,-3.66,2.32,0
20:02:55,14.546,811780,811779,0,0,1,37.496367,126.958264,0.01,128.0,0,128.0,1,129.9,0,0.00,9.70,3.42,0.9998,65.77,2.874,14,92702,0.010,1,158.0,"-0.27,0.38,9.69","1.4,-2.6,-1.6","-46.950,44.850,55.800",0.23,0.23,0.00,0,7764,6785,9,1.03,37.496367,126.958263,797,0,0,0,3.55,0.00,999.00,-70.7,0,33,0,2,-70,-70.6,6785,40,3,6.01,1,0,-3.66,2.32,0
20:02:55,14.610,811904,811880,0,0,1,37.496367,126.958264,0.01,128.0,0,128.0,1,129.9,0,-1.28,9.80,3.82,0.9994,68.44,2.891,14,92714,0.010,1,158.0,"-0.22,0.24,9.80","0.5,-0.4,3.8","-48.000,44.850,58.500",0.13,0.21,0.00,0,7765,6786,9,1.03,37.496367,126.958263,797,0,0,0,3.55,0.00,999.00,-70.7,0,33,0,2,-70,-70.4,6786,49,3,5.95,1,0,-3.66,2.32,0
20:02:55,14.748,811997,811996,0,0,1,37.496367,126.958264,0.01,128.0,0,128.0,1,129.9,0,0.00,9.73,0.44,0.9991,65.62,2.916,14,92725,0.010,1,158.0,"-0.23,0.13,9.73","0.4,-0.2,-0.1","-48.600,45.000,55.650",0.04,0.18,0.00,0,7766,6787,9,1.03,37.496367,126.958263,797,0,0,0,3.55,0.00,999.00,-70.7,0,33,0,2,-70,-70.4,6787,38,3,5.90,1,0,-3.66,2.32,0
20:02:55,14.843,812098,812097,0,0,1,37.496367,126.958264,0.01,128.0,0,128.0,1,129.9,0,0.00,9.73,1.71,0.9988,67.17,2.916,14,92737,0.010,1,158.0,"-0.27,0.03,9.73","1.3,-0.5,1.0","-48.300,45.450,57.150",0.11,0.19,0.00,0,7767,6788,9,1.03,37.496367,126.958263,797,0,0,0,3.55,0.00,999.00,-70.7,0,33,0,2,-67,-69.7,6788,37,3,5.54,1,0,-3.66,2.32,0
20:02:55,14.982,812198,812197,0,0,1,37.496367,126.958264,0.01,128.0,0,128.0,1,129.9,0,0.00,9.71,3.26,0.9993,66.43,2.880,14,92749,0.010,1,158.0,"-0.38,0.11,9.70","3.2,-0.8,-0.3","-46.650,45.450,56.400",0.12,0.17,0.00,0,7768,6789,9,1.03,37.496367,126.958263,797,0,0,0,3.55,0.00,999.00,-70.7,0,33,0,2,-71,-69.9,6789,33,3,5.68,1,0,-3.66,2.32,0
20:02:56,15.044,812298,812297,0,0,1,37.496367,126.958264,0.01,128.0,0,128.0,1,129.9,0,0.00,9.65,3.21,0.9994,67.95,2.904,14,92761,0.010,1,158.0,"-0.20,0.25,9.64","0.3,3.0,-1.0","-47.550,45.750,57.900",0.14,0.19,0.00,0,7769,6790,9,1.03,37.496367,126.958263,797,0,0,0,3.55,0.00,999.00,-70.7,0,33,0,2,-70,-70.0,6790,26,3,5.68,1,0,-3.66,2.32,0
20:02:56,15.128,812398,812397,0,0,1,37.496367,126.958264,0.01,128.0,0,128.0,1,129.9,0,0.00,9.66,3.28,0.9983,66.90,2.885,14,92773,0.010,1,158.0,"-0.13,0.01,9.66","2.1,-2.4,0.9","-48.000,44.400,57.000",0.19,0.19,0.00,0,7770,6791,9,1.03,37.496367,126.958263,797,0,0,0,3.55,0.00,999.00,-70.7,0,33,0,2,-70,-70.0,6791,27,3,5.69,1,0,-3.66,2.32,0
20:02:56,15.186,812498,812497,0,0,1,37.496367,126.958264,0.01,128.0,0,128.0,1,129.9,0,0.00,9.82,1.76,0.9994,65.38,2.864,14,92785,0.010,1,158.0,"-0.27,0.18,9.81","-0.5,0.2,-1.7","-47.250,44.100,55.500",0.10,0.17,0.00,0,7771,6792,9,1.03,37.496367,126.958263,797,0,0,0,3.55,0.00,999.00,-70.7,0,33,0,2,-70,-70.0,6792,20,3,5.69,1,0,-3.66,2.32,0
20:02:56,15.262,812599,812598,0,0,1,37.496367,126.958264,0.01,128.0,0,128.0,1,129.9,0,0.00,9.59,1.67,0.9998,66.51,2.832,14,92797,0.010,1,158.0,"-0.34,0.31,9.58","-0.1,-0.6,-1.6","-46.650,43.500,56.700",0.21,0.21,0.00,0,7772,6793,9,0.94,37.496367,126.958263,798,0,0,0,3.79,0.00,999.00,-76.1,0,33,0,2,-70,-70.0,6793,18,3,5.69,1,0,-3.66,2.32,0
20:02:56,15.383,812700,812699,0,0,1,37.496367,126.958264,0.01,128.0,0,128.0,1,129.9,0,0.00,9.68,1.01,0.9989,67.81,2.875,14,92809,0.010,1,158.0,"-0.22,0.08,9.68","-0.0,-0.5,-0.9","-47.550,44.550,57.900",0.10,0.18,0.00,0,7773,6794,9,0.94,37.496367,126.958263,798,0,0,0,3.79,0.00,999.00,-76.1,0,33,0,2,-70,-70.0,6794,13,3,5.69,1,0,-3.66,2.32,0
20:02:56,15.529,812811,812798,0,0,1,37.496367,126.958264,0.01,128.0,0,128.0,1,129.9,0,0.00,9.65,2.17,0.9991,66.24,2.925,14,92821,0.010,1,158.0,"-0.30,0.10,9.64","-1.3,0.6,-1.6","-48.900,45.150,56.250",0.08,0.16,0.00,0,7774,6795,9,0.94,37.496367,126.958263,798,0,0,0,3.79,0.00,999.00,-76.1,0,33,0,2,-70,-70.0,6795,18,3,5.70,1,0,-3.66,2.32,0
20:02:56,15.628,812911,812887,0,0,1,37.496367,126.958264,0.01,128.0,0,128.0,1,129.9,0,0.00,9.75,4.56,0.9993,65.64,2.871,14,92830,0.010,1,158.0,"-0.25,0.17,9.74","2.2,-4.0,-0.4","-46.650,45.000,55.650",0.05,0.15,0.00,0,7775,6796,9,0.94,37.496367,126.958263,798,0,0,0,3.79,0.00,999.00,-76.1,0,33,0,2,-70,-70.0,6796,12,3,5.70,1,0,-3.66,2.32,0
20:02:56,15.749,813003,813002,0,0,1,37.496367,126.958264,0.01,128.0,0,128.0,1,129.9,0,0.00,9.67,1.71,0.9994,65.02,2.876,14,92841,0.010,1,158.0,"-0.23,0.21,9.66","1.4,-0.7,0.7","-46.950,44.850,55.050",0.09,0.16,0.00,0,7776,6796,9,0.94,37.496367,126.958263,798,0,0,0,3.79,0.00,999.00,-76.1,0,33,0,2,-70,-70.0,6796,104,3,5.70,1,0,-3.66,2.32,0
20:02:56,15.877,813104,813103,0,0,1,37.496367,126.958264,0.01,128.0,0,128.0,1,129.9,0,0.00,9.70,2.79,0.9994,67.26,2.970,14,92853,0.010,1,158.0,"-0.32,0.18,9.69","2.7,-0.1,-0.6","-48.450,47.550,57.000",0.06,0.22,0.00,0,7777,6797,9,0.94,37.496367,126.958263,798,0,0,0,3.79,0.00,999.00,-76.1,0,33,0,2,-70,-70.0,6797,99,3,5.70,1,0,-3.66,2.32,0
20:02:56,15.960,813204,813203,0,0,1,37.496367,126.958264,0.01,128.0,0,128.0,1,129.9,0,0.00,9.65,1.74,0.9992,67.03,2.934,14,92865,0.010,1,158.0,"-0.23,0.14,9.65","-0.1,0.2,-1.7","-48.900,45.600,57.000",0.07,0.14,0.00,0,7778,6798,9,0.94,37.496367,126.958263,798,0,0,0,3.79,0.00,999.00,-76.1,0,33,0,2,-72,-70.4,6798,93,3,5.92,1,0,-3.66,2.32,0
20:02:57,16.086,813304,813303,0,0,1,37.496367,126.958264,0.01,128.0,0,128.0,1,129.9,0,0.00,9.74,2.58,0.9996,67.07,2.877,14,92877,0.010,1,158.0,"-0.27,0.25,9.73","0.1,-1.8,1.9","-47.550,44.550,57.150",0.11,0.20,0.00,0,7779,6799,9,0.94,37.496367,126.958263,798,0,0,0,3.79,0.00,999.00,-76.1,0,33,0,2,-71,-70.5,6799,86,3,5.99,1,0,-3.66,2.32,0
20:02:57,16.165,813404,813403,0,0,1,37.496367,126.958264,0.01,128.0,0,128.0,1,129.9,0,0.00,9.62,2.64,0.9993,65.86,2.864,14,92889,0.010,1,158.0,"-0.23,0.18,9.62","-2.3,-1.3,-0.3","-45.750,45.600,55.800",0.10,0.16,0.00,0,7780,6800,9,0.94,37.496367,126.958263,798,0,0,0,3.79,0.00,999.00,-76.1,0,33,0,2,-71,-70.6,6800,83,3,6.05,1,0,-3.66,2.32,0
20:02:57,16.284,813504,813503,0,0,1,37.496367,126.958264,0.01,128.0,0,128.0,1,129.9,0,0.00,9.72,1.34,0.9995,66.37,2.861,14,92901,0.010,1,158.0,"-0.33,0.21,9.71","-0.9,0.9,0.2","-47.700,43.650,56.550",0.08,0.12,0.00,0,7781,6801,9,0.94,37.496367,126.958263,798,0,0,0,3.79,0.00,999.00,-76.1,0,33,0,2,-71,-70.7,6801,79,3,6.09,1,0,-3.66,2.32,0
20:02:57,16.378,813605,813604,0,0,1,37.496367,126.958264,0.01,128.0,0,128.0,1,129.9,0,0.00,9.69,2.22,0.9990,66.12,2.872,14,92913,0.005,1,158.0,"-0.18,0.12,9.69","1.8,-0.5,1.1","-47.700,44.100,56.250",0.10,0.15,0.00,0,7782,6802,9,1.03,37.496367,126.958263,799,0,0,0,3.79,0.00,999.00,-76.1,0,33,0,2,-72,-71.0,6802,74,3,6.24,1,0,-3.66,2.32,0
20:02:57,16.449,813706,813705,0,0,1,37.496367,126.958264,0.01,128.0,0,128.0,1,129.9,0,0.00,9.74,3.87,0.9992,65.77,2.864,14,92925,0.005,1,158.0,"-0.27,0.13,9.73","2.4,-2.4,1.8","-46.500,44.850,55.800",0.03,0.22,0.00,0,7783,6803,9,1.03,37.496367,126.958263,799,0,0,0,4.34,0.00,999.00,-70.6,0,33,0,2,-73,-71.4,6803,69,3,6.49,1,0,-3.66,2.32,0
20:02:57,16.567,813807,813806,0,0,1,37.496367,126.958264,0.01,128.0,0,128.0,1,129.9,0,0.00,9.63,5.12,0.9989,67.81,2.882,14,92937,0.005,1,158.0,"-0.16,0.11,9.62","2.7,-4.2,1.2","-47.850,44.550,57.900",0.14,0.17,0.00,0,7784,6804,9,1.03,37.496367,126.958263,799,0,0,0,4.34,0.00,999.00,-70.6,0,33,0,2,-72,-71.5,6804,64,3,6.57,1,0,-3.66,2.32,0
20:02:57,16.660,813914,813913,0,0,1,37.496367,126.958264,0.01,128.0,0,128.0,1,129.9,0,0.00,9.74,2.06,0.9991,66.29,2.925,14,92948,0.005,1,158.0,"-0.28,0.09,9.74","1.3,-1.0,1.3","-48.450,45.600,56.250",0.06,0.13,0.00,0,7785,6805,9,1.03,37.496367,126.958263,799,0,0,0,4.34,0.00,999.00,-70.6,0,33,0,2,-72,-71.6,6805,65,3,6.64,1,0,-3.66,2.32,0
20:02:57,16.786,814014,814013,0,0,1,37.496367,126.958264,0.01,128.0,0,128.0,1,129.9,0,0.00,9.60,2.33,0.9996,64.64,2.848,14,92960,0.005,1,158.0,"-0.36,0.21,9.60","-1.0,1.5,-1.5","-46.500,44.100,54.750",0.16,0.16,0.00,0,7786,6806,9,1.03,37.496367,126.958263,799,0,0,0,4.34,0.00,999.00,-70.6,0,33,0,2,-72,-71.7,6806,59,3,6.69,1,0,-3.66,2.32,0
20:02:57,16.876,814115,814114,0,0,1,37.496367,126.958264,0.01,128.0,0,128.0,1,129.9,0,0.00,9.81,4.15,0.9994,65.06,2.873,14,92972,0.005,1,158.0,"-0.26,0.20,9.81","-0.1,4.1,0.0","-46.500,45.150,55.050",0.10,0.15,0.00,0,7787,6807,9,1.03,37.496367,126.958263,799,0,0,0,4.34,0.00,999.00,-70.6,0,33,0,2,-72,-71.7,6807,55,3,6.73,1,0,-3.66,2.32,0
20:02:57,16.996,814215,814214,0,0,1,37.496367,126.958264,0.01,128.0,0,128.0,1,129.9,0,0.00,9.74,2.89,0.9990,65.15,2.939,14,92984,0.005,1,158.0,"-0.21,0.12,9.74","0.2,2.2,-1.8","-48.450,46.050,55.050",0.08,0.22,0.00,0,7788,6808,9,1.03,37.496367,126.958263,799,0,0,0,4.34,0.00,999.00,-70.6,0,33,0,2,-74,-72.2,6808,50,3,7.03,1,0,-3.66,2.32,0
20:02:58,17.098,814315,814314,0,0,1,37.496367,126.958264,0.01,128.0,0,128.0,1,129.9,0,0.00,9.78,3.69,0.9990,66.46,2.925,14,92996,0.005,1,158.0,"-0.22,0.11,9.77","2.7,-1.1,2.3","-48.300,45.750,56.400",0.09,0.18,0.00,0,7789,6809,9,1.03,37.496367,126.958263,799,0,0,0,4.34,0.00,999.00,-70.6,0,33,0,2,-72,-72.2,6809,45,3,7.00,1,0,-3.66,2.32,0
20:02:58,17.107,814415,814414,0,0,1,37.496367,126.958264,0.01,128.0,0,128.0,1,129.9,0,0.00,9.72,3.04,0.9992,66.32,2.850,14,93008,0.005,1,158.0,"-0.30,0.13,9.72","1.2,-2.7,0.9","-47.700,43.200,56.550",0.02,0.21,0.00,0,7790,6810,9,1.03,37.496367,126.958263,799,0,0,0,4.34,0.00,999.00,-70.6,0,33,0,2,-72,-72.1,6810,40,3,6.98,1,0,-3.66,2.32,0
20:02:58,17.177,814515,814514,0,0,1,37.496367,126.958264,0.01,128.0,0,128.0,1,129.9,0,0.00,9.62,3.73,0.9995,65.71,2.888,14,93020,0.005,1,158.0,"-0.28,0.22,9.62","-3.4,1.5,-0.3","-48.000,44.400,55.800",0.13,0.19,0.00,0,7791,6811,9,1.03,37.496367,126.958263,799,0,0,0,4.34,0.00,999.00,-70.6,0,33,0,2,-72,-72.1,6811,35,3,6.96,1,0,-3.66,2.32,0
20:02:58,17.294,814616,814615,0,0,1,37.496367,126.958264,0.00,128.0,0,128.0,1,129.9,0,0.00,9.71,3.01,0.9994,66.99,2.831,14,93032,0.000,1,158.0,"-0.30,0.18,9.70","0.2,-3.0,0.4","-46.350,43.800,57.150",0.03,0.24,0.00,0,7792,6812,9,0.94,37.496367,126.958263,800,0,0,0,4.58,0.00,999.00,-75.1,0,33,0,2,-72,-72.1,6812,31,3,6.95,1,0,-3.66,2.32,0
20:02:58,17.444,814717,814716,0,0,1,37.496367,126.958264,0.00,128.0,0,128.0,1,129.9,0,0.00,9.73,1.79,0.9994,65.13,2.882,14,93044,0.000,1,158.0,"-0.27,0.18,9.72","1.5,0.7,-0.6","-47.550,44.550,55.200",0.03,0.21,0.00,0,7793,6813,9,0.94,37.496367,126.958263,800,0,0,0,4.58,0.00,999.00,-75.1,0,33,0,2,-72,-72.1,6813,26,3,6.94,1,0,-3.66,2.32,0
20:02:58,17.511,814818,814817,0,0,1,37.496367,126.958264,0.00,128.0,0,128.0,1,129.9,0,0.00,9.84,1.92,0.9994,65.72,2.910,14,93056,0.000,1,158.0,"-0.31,0.18,9.83","0.7,-0.8,-1.6","-47.550,45.750,55.650",0.11,0.15,0.00,0,7794,6814,9,0.94,37.496367,126.958263,800,0,0,0,4.58,0.00,999.00,-75.1,0,33,0,2,-71,-71.8,6814,21,3,6.80,1,0,-3.66,2.32,0
20:02:58,17.595,814921,814920,0,0,1,37.496367,126.958264,0.00,128.0,0,128.0,1,129.9,0,0.00,9.76,1.50,0.9992,68.13,2.942,14,93067,0.000,1,158.0,"-0.31,0.11,9.76","1.3,-0.6,0.3","-48.900,46.050,58.050",0.06,0.16,0.00,0,7795,6814,9,0.94,37.496367,126.958263,800,0,0,0,4.58,0.00,999.00,-75.1,0,33,0,2,-71,-71.8,6814,124,3,6.80,1,0,-3.66,2.32,0
20:02:58,17.819,815022,815021,0,0,1,37.496367,126.958264,0.00,128.0,0,128.0,1,129.9,0,0.00,9.73,2.38,0.9994,65.85,2.835,14,93079,0.000,1,158.0,"-0.32,0.16,9.72","-0.3,0.7,2.3","-45.900,44.250,55.950",0.04,0.20,0.00,0,7796,6815,9,0.94,37.496367,126.958263,800,0,0,0,4.58,0.00,999.00,-75.1,0,33,0,2,-72,-71.9,6815,14,3,6.82,1,0,-3.66,2.32,0
20:02:58,17.983,815133,815120,0,0,1,37.496367,126.958264,0.00,128.0,0,128.0,1,129.9,0,0.00,9.80,1.11,0.9995,67.17,2.852,14,93091,0.000,1,158.0,"-0.37,0.18,9.79","-1.0,0.2,-0.5","-46.950,44.100,57.300",0.11,0.18,0.00,0,7797,6816,9,0.94,37.496367,126.958263,800,0,0,0,4.58,0.00,999.00,-75.1,0,33,0,2,-70,-71.5,6816,20,3,6.58,1,0,-3.66,2.32,0
20:02:59,18.128,815327,815326,0,0,1,37.496367,126.958264,0.00,128.0,0,128.0,1,129.9,0,0.00,9.78,2.36,0.9995,67.33,2.869,14,93113,0.000,1,158.0,"-0.34,0.18,9.77","0.9,1.5,-1.5","-47.550,44.250,57.450",0.08,0.17,0.00,0,7799,6817,9,0.94,37.496367,126.958263,800,0,0,0,4.58,0.00,999.00,-75.1,0,33,0,2,-69,-71.0,6817,108,3,6.28,1,0,-3.66,2.32,0
20:02:59,18.210,815427,815426,0,0,1,37.496367,126.958264,0.00,128.0,0,128.0,1,129.9,0,0.00,9.75,1.15,0.9994,67.87,2.922,14,93125,0.000,1,158.0,"-0.23,0.20,9.75","-0.2,-0.1,1.1","-47.700,46.350,57.750",0.07,0.14,0.00,0,7800,6818,9,0.94,37.496367,126.958263,800,0,0,0,4.58,0.00,999.00,-75.1,0,33,0,2,-70,-70.8,6818,96,3,6.16,1,0,-3.66,2.32,0
20:02:59,18.329,815527,815526,0,0,1,37.496367,126.958264,0.00,128.0,0,128.0,1,129.9,0,0.00,9.73,1.57,0.9994,67.29,2.895,14,93137,0.000,1,158.0,"-0.33,0.17,9.72","-0.6,0.9,-1.2","-47.700,45.150,57.300",0.06,0.15,0.00,0,7801,6819,9,0.94,37.496367,126.958263,800,0,0,0,4.58,0.00,999.00,-75.1,0,33,0,2,-71,-70.8,6819,90,3,6.18,1,0,-3.66,2.32,0
20:02:59,18.428,815628,815627,0,0,1,37.496367,126.958263,0.00,128.0,0,128.0,1,129.9,0,0.00,9.75,3.52,0.9993,67.37,2.866,14,93149,0.000,1,158.0,"-0.41,0.13,9.74","0.6,-2.5,2.4","-47.100,44.550,57.450",0.14,0.17,0.00,0,7802,6820,9,1.03,37.496367,126.958263,801,0,0,0,4.58,0.00,999.00,-75.1,0,33,0,2,-70,-70.7,6820,93,3,6.08,1,0,-3.66,2.32,0
20:02:59,18.494,815730,815729,0,0,1,37.496367,126.958263,0.00,128.0,0,128.0,1,129.9,0,0.00,9.80,3.61,0.9995,66.30,2.908,14,93161,0.000,1,158.0,"-0.25,0.25,9.79","1.3,-2.6,-2.2","-47.700,45.600,56.250",0.11,0.19,0.00,0,7803,6821,9,1.03,37.496367,126.958263,801,0,0,0,5.38,0.00,999.00,-74.3,0,33,0,2,-71,-70.7,6821,85,3,6.12,1,0,-3.66,2.32,0
20:02:59,18.600,815831,815830,0,0,1,37.496367,126.958263,0.00,128.0,0,128.0,1,129.9,0,0.00,9.66,4.75,0.9992,66.34,2.936,14,93173,0.000,1,158.0,"-0.38,0.09,9.65","-0.8,-4.2,2.1","-48.450,46.050,56.250",0.14,0.19,0.00,0,7804,6822,9,1.03,37.496367,126.958263,801,0,0,0,5.38,0.00,999.00,-74.3,0,33,0,2,-71,-70.8,6822,76,3,6.15,1,0,-3.66,2.32,0
20:02:59,18.710,815936,815935,0,0,1,37.496367,126.958263,0.00,128.0,0,128.0,1,129.9,0,0.00,9.70,2.20,0.9992,67.95,2.904,14,93184,0.000,1,158.0,"-0.34,0.10,9.70","1.2,-1.5,1.1","-47.550,45.750,57.900",0.09,0.16,0.00,0,7805,6823,9,1.03,37.496367,126.958263,801,0,0,0,5.38,0.00,999.00,-74.3,0,33,0,2,-73,-71.2,6823,84,3,6.41,1,0,-3.66,2.32,0
20:02:59,18.845,816037,816036,0,0,1,37.496367,126.958263,0.00,128.0,0,128.0,1,129.9,0,0.00,9.72,3.59,0.9995,67.03,2.877,14,93196,0.000,1,158.0,"-0.27,0.22,9.72","2.8,-1.9,-1.2","-47.850,44.250,57.150",0.07,0.14,0.00,0,7806,6824,9,1.03,37.496367,126.958263,801,0,0,0,5.38,0.00,999.00,-74.3,0,33,0,2,-73,-71.6,6824,78,3,6.63,1,0,-3.66,2.32,0
20:02:59,18.927,816145,816144,0,0,1,37.496367,126.958263,0.00,128.0,0,128.0,1,129.9,0,0.00,9.63,4.68,0.9990,66.15,2.897,14,93209,0.000,1,158.0,"-0.28,0.07,9.62","4.4,1.4,0.7","-48.450,44.400,56.250",0.12,0.19,0.00,0,7807,6825,9,1.03,37.496367,126.958263,801,0,0,0,5.38,0.00,999.00,-74.3,0,33,0,2,-72,-71.7,6825,81,3,6.69,1,0,-3.66,2.32,0
20:03:00,19.048,816252,816251,0,0,1,37.496367,126.958263,0.00,128.0,0,128.0,1,129.9,0,0.00,9.79,2.60,0.9994,66.23,2.932,14,93222,0.000,1,158.0,"-0.32,0.17,9.79","1.2,-0.7,2.2","-49.200,45.150,56.250",0.09,0.16,0.00,0,7808,6826,9,1.03,37.496367,126.958263,801,0,0,0,5.38,0.00,999.00,-74.3,0,33,0,2,-73,-71.9,6826,83,3,6.86,1,0,-3.66,2.32,0
20:03:00,19.144,816352,816351,0,0,1,37.496367,126.958263,0.00,128.0,0,128.0,1,129.9,0,0.00,9.70,4.15,0.9987,66.37,2.914,14,93234,0.000,1,158.0,"-0.21,0.05,9.70","3.6,-0.6,1.9","-48.600,45.000,56.400",0.12,0.17,0.00,0,7809,6827,9,1.03,37.496367,126.958263,801,0,0,0,5.38,0.00,999.00,-74.3,0,33,0,2,-72,-71.9,6827,79,3,6.87,1,0,-3.66,2.32,0
20:03:00,19.211,816452,816451,0,0,1,37.496367,126.958263,0.00,128.0,0,128.0,1,129.9,0,0.00,9.70,0.69,0.9991,65.99,2.874,14,93246,0.000,1,158.0,"-0.17,0.18,9.70","0.4,0.5,-0.4","-46.350,45.450,55.950",0.10,0.14,0.00,0,7810,6828,9,1.03,37.496367,126.958263,801,0,0,0,5.38,0.00,999.00,-74.3,0,33,0,2,-72,-72.0,6828,73,3,6.87,1,0,-3.66,2.32,0
20:03:00,19.328,816552,816551,0,0,1,37.496367,126.958263,0.00,128.0,0,128.0,1,129.9,0,0.00,9.72,2.18,0.9991,66.87,2.860,14,93258,0.000,1,158.0,"-0.30,0.08,9.72","-0.8,-0.6,-1.9","-47.250,44.100,57.000",0.08,0.15,0.00,0,7811,6829,9,1.03,37.496367,126.958263,801,0,0,0,5.38,0.00,999.00,-74.3,0,33,0,2,-74,-72.4,6829,68,3,7.14,1,0,-3.66,2.32,0
20:03:00,19.650,816653,816652,0,0,1,37.496367,126.958263,0.01,128.0,0,128.0,1,129.9,0,0.00,9.77,1.83,0.9992,67.17,2.870,14,93270,0.010,1,158.0,"-0.34,0.12,9.76","-0.8,-0.5,-1.5","-47.700,44.100,57.300",0.08,0.18,0.00,0,7812,6830,9,0.94,37.496367,126.958263,802,0,0,0,5.64,0.00,999.00,-77.8,0,33,0,2,-73,-72.5,6830,64,3,7.23,1,0,-3.66,2.32,0
20:03:00,19.761,816960,816959,0,0,1,37.496367,126.958263,0.01,128.0,0,128.0,1,129.9,0,0.00,9.73,2.46,0.9986,65.80,2.881,14,93305,0.010,1,158.0,"-0.18,0.03,9.73","-0.8,-1.2,-2.0","-46.950,45.150,55.800",0.15,0.15,0.00,0,7815,6833,9,0.94,37.496367,126.958263,802,0,0,0,5.64,0.00,999.00,-77.8,0,33,0,2,-71,-71.9,6833,50,3,6.83,1,0,-3.66,2.32,0
20:03:00,19.828,817061,817060,0,0,1,37.496367,126.958263,0.01,128.0,0,128.0,1,129.9,0,0.00,9.66,2.65,0.9991,66.66,2.924,14,93317,0.010,1,158.0,"-0.27,0.10,9.66","-0.4,-1.4,-2.2","-49.050,45.000,56.700",0.09,0.19,0.00,0,7816,6834,9,0.94,37.496367,126.958263,802,0,0,0,5.64,0.00,999.00,-77.8,0,33,0,2,-70,-71.5,6834,48,3,6.59,1,0,-3.66,2.32,0
20:03:00,19.945,817162,817161,0,0,1,37.496367,126.958263,0.01,128.0,0,128.0,1,129.9,0,0.00,9.70,2.36,0.9994,66.28,2.907,14,93329,0.010,1,158.0,"-0.30,0.16,9.70","-0.3,-2.3,-0.4","-49.050,44.250,56.400",0.05,0.13,0.00,0,7817,6835,9,0.94,37.496367,126.958263,802,0,0,0,5.64,0.00,999.00,-77.8,0,33,0,2,-71,-71.4,6835,44,3,6.52,1,0,-3.66,2.32,0
20:03:01,20.162,817269,817268,0,0,1,37.496367,126.958263,0.01,128.0,0,128.0,1,129.9,0,0.00,9.71,2.53,0.9993,64.88,2.911,14,93342,0.010,1,158.0,"-0.30,0.14,9.71","2.3,-0.6,0.9","-48.300,45.000,54.900",0.04,0.18,0.00,0,7818,6836,9,0.94,37.496367,126.958263,802,0,0,0,5.64,0.00,999.00,-77.8,0,33,0,2,-70,-71.1,6836,49,3,6.35,1,0,-3.66,2.32,0
20:03:01,20.179,817469,817468,0,0,1,37.496367,126.958263,0.01,128.0,0,128.0,1,129.9,0,0.00,9.70,0.88,0.9994,67.12,2.848,14,93366,0.010,1,158.0,"-0.24,0.21,9.70","0.7,-0.1,-0.5","-47.250,43.650,57.300",0.07,0.19,0.00,0,7820,6838,9,0.94,37.496367,126.958263,802,0,0,0,5.64,0.00,999.00,-77.8,0,33,0,2,-70,-70.9,6838,39,3,6.20,1,0,-3.66,2.32,0
20:03:01,20.362,817570,817569,0,0,1,37.496367,126.958263,0.00,128.0,0,128.0,1,129.9,0,0.00,9.76,3.06,0.9993,67.03,2.888,14,93378,0.000,1,158.0,"-0.30,0.14,9.76","2.7,0.9,1.1","-48.300,44.250,57.150",0.05,0.17,0.00,0,7821,6839,9,1.03,37.496368,126.958263,803,0,0,0,5.64,0.00,999.00,-77.8,0,33,0,2,-69,-70.5,6839,34,3,5.99,1,0,-3.66,2.32,0
20:03:01,20.460,817771,817770,0,0,1,37.496367,126.958263,0.00,128.0,0,128.0,1,129.9,0,0.00,9.76,2.30,0.9989,66.08,2.827,14,93402,0.000,1,158.0,"-0.23,0.07,9.75","-0.9,2.1,-0.5","-46.200,43.650,56.250",0.10,0.14,0.00,0,7823,6841,9,1.03,37.496368,126.958263,803,0,0,0,5.92,0.00,999.00,-81.0,0,33,0,2,-69,-70.0,6841,23,3,5.68,1,0,-3.66,2.32,0
20:03:01,20.578,817872,817871,0,0,1,37.496367,126.958263,0.00,128.0,0,128.0,1,129.9,0,0.00,9.63,2.29,0.9993,67.17,2.916,14,93414,0.000,1,158.0,"-0.25,0.17,9.62","0.5,1.4,-1.7","-48.300,45.450,57.150",0.09,0.19,0.00,0,7824,6842,9,1.03,37.496368,126.958263,803,0,0,0,5.92,0.00,999.00,-81.0,0,33,0,2,-69,-69.8,6842,18,3,5.58,1,0,-3.66,2.32,0
20:03:01,20.660,817977,817976,0,0,1,37.496367,126.958263,0.00,128.0,0,128.0,1,129.9,0,0.00,9.81,1.94,0.9990,67.24,2.869,14,93425,0.000,1,158.0,"-0.23,0.10,9.81","1.5,-1.0,0.6","-48.300,43.500,57.450",0.12,0.18,0.00,0,7825,6843,9,1.03,37.496368,126.958263,803,0,0,0,5.92,0.00,999.00,-81.0,0,33,0,2,-71,-70.0,6843,17,3,5.71,1,0,-3.66,2.32,0
20:03:01,21.011,818077,818076,0,0,1,37.496367,126.958263,0.00,128.0,0,128.0,1,129.9,0,0.00,9.71,3.33,0.9989,68.12,2.854,14,93437,0.000,1,158.0,"-0.11,0.15,9.71","1.3,2.6,-1.7","-46.650,44.550,58.200",0.15,0.15,0.00,0,7826,6844,9,1.03,37.496368,126.958263,803,0,0,0,5.92,0.00,999.00,-81.0,0,33,0,2,-69,-69.8,6844,11,3,5.60,1,0,-3.66,2.32,0
20:03:02,21.161,818295,818282,0,0,1,37.496367,126.958263,0.00,128.0,0,128.0,1,129.9,0,0.00,9.74,3.26,0.9989,66.46,2.861,14,93462,0.000,1,158.0,"-0.16,0.13,9.73","0.6,-3.2,-0.0","-46.950,44.400,56.550",0.10,0.20,0.00,0,7828,6845,9,1.03,37.496368,126.958263,803,0,0,0,5.92,0.00,999.00,-81.0,0,33,0,2,-70,-69.9,6845,20,3,5.62,1,0,-3.66,2.32,0
20:03:02,21.294,818398,818385,0,0,1,37.496367,126.958263,0.00,128.0,0,128.0,1,129.9,0,0.00,9.60,3.30,0.9994,65.40,2.910,14,93473,0.000,1,158.0,"-0.34,0.15,9.60","1.4,-2.9,0.6","-48.900,44.400,55.500",0.14,0.14,0.00,0,7829,6846,9,1.03,37.496368,126.958263,803,0,0,0,5.92,0.00,999.00,-81.0,0,33,0,2,-70,-69.9,6846,17,3,5.64,1,0,-3.66,2.32,0
20:03:02,21.377,818692,818691,0,0,1,37.496368,126.958263,0.00,128.0,0,128.0,1,129.9,0,0.00,9.72,2.93,0.9992,66.24,2.915,14,93507,0.000,1,158.0,"-0.22,0.18,9.72","2.0,-2.2,-0.1","-48.450,45.150,56.250",0.05,0.20,0.00,0,7832,6848,9,0.94,37.496368,126.958263,804,0,0,0,5.92,0.00,999.00,-81.0,0,33,0,2,-71,-70.3,6848,101,3,5.86,1,0,-3.66,2.32,0
20:03:02,21.589,818794,818793,0,0,1,37.496368,126.958263,0.00,128.0,0,128.0,1,129.9,0,0.00,9.71,2.70,0.9986,66.82,2.907,14,93519,0.000,1,158.0,"-0.22,0.01,9.71","-0.9,-1.0,-2.4","-47.100,46.200,56.700",0.14,0.21,0.00,0,7833,6849,9,0.94,37.496368,126.958263,804,0,0,0,5.92,0.00,999.00,-81.0,0,33,0,2,-72,-70.6,6849,97,3,6.05,1,0,-3.66,2.32,0
20:03:02,21.711,818995,818994,0,0,1,37.496368,126.958263,0.00,128.0,0,128.0,1,129.9,0,0.00,9.81,2.96,0.9989,65.88,2.880,14,93540,0.000,1,158.0,"-0.16,0.14,9.81","1.6,2.1,-1.4","-47.550,44.550,55.950",0.14,0.24,0.00,0,7835,6851,9,0.94,37.496368,126.958263,804,0,0,0,5.92,0.00,999.00,-81.0,0,33,0,2,-70,-70.7,6851,84,3,6.11,1,0,-3.66,2.32,0
20:03:02,21.879,819096,819095,0,0,1,37.496368,126.958263,0.00,128.0,0,128.0,1,129.9,0,0.00,9.77,2.02,0.9994,66.60,2.897,14,93552,0.000,1,158.0,"-0.29,0.18,9.77","-1.1,1.2,-1.2","-47.250,45.600,56.550",0.07,0.15,0.00,0,7836,6852,9,0.94,37.496368,126.958263,804,0,0,0,5.92,0.00,999.00,-81.0,0,33,0,2,-71,-70.8,6852,71,3,6.14,1,0,-3.66,2.32,0
20:03:02,21.994,819303,819302,0,0,1,37.496368,126.958263,0.00,128.0,0,128.0,1,129.9,0,0.00,9.72,2.15,0.9993,67.07,2.884,14,93577,0.000,1,158.0,"-0.23,0.18,9.72","0.6,0.6,2.0","-47.850,44.550,57.150",0.04,0.20,0.00,0,7838,6854,9,0.94,37.496368,126.958263,804,0,0,0,5.92,0.00,999.00,-81.0,0,33,0,2,-70,-70.5,6854,71,3,5.98,1,0,-3.66,2.32,0
20:03:03,22.116,819403,819402,0,0,1,37.496368,126.958263,0.00,128.0,0,128.0,1,129.9,0,0.00,9.73,2.27,0.9990,67.26,2.923,14,93589,0.000,1,158.0,"-0.30,0.08,9.73","1.5,-1.7,0.2","-47.850,46.200,57.150",0.08,0.20,0.00,0,7839,6855,9,0.94,37.496368,126.958263,804,0,0,0,5.92,0.00,999.00,-81.0,0,33,0,2,-72,-70.8,6855,72,3,6.15,1,0,-3.66,2.32,0
20:03:03,22.195,819510,819509,0,0,1,37.496368,126.958263,0.00,128.0,0,128.0,1,129.9,0,0.00,9.78,3.83,0.9994,65.76,2.938,14,93602,0.000,1,158.0,"-0.18,0.28,9.77","2.7,-2.4,1.3","-48.300,46.200,55.650",0.15,0.15,0.00,0,7840,6856,9,0.94,37.496368,126.958263,804,0,0,0,5.92,0.00,999.00,-81.0,0,33,0,2,-70,-70.6,6856,74,3,6.06,1,0,-3.66,2.32,0
20:03:03,22.344,819612,819610,0,0,1,37.496368,126.958263,0.00,128.0,0,128.0,1,129.9,0,0.00,9.71,3.36,0.9995,66.29,2.862,14,93614,0.000,1,158.0,"-0.30,0.21,9.71","1.3,-2.8,1.4","-47.100,44.250,56.400",0.07,0.17,0.00,0,7841,6857,9,1.03,37.496368,126.958263,805,0,0,0,5.92,0.00,999.00,-81.0,0,33,0,2,-71,-70.7,6857,70,3,6.10,1,0,-3.66,2.32,0
20:03:03,22.411,819713,819711,0,0,1,37.496368,126.958263,0.00,128.0,0,128.0,1,129.9,0,0.00,9.69,2.41,0.9991,66.73,2.900,14,93626,0.000,1,158.0,"-0.29,0.10,9.69","2.1,0.8,1.0","-47.550,45.450,56.700",0.07,0.24,0.00,0,7842,6858,9,1.03,37.496368,126.958263,805,0,0,0,6.22,0.00,999.00,-83.8,0,33,0,2,-73,-71.2,6858,66,3,6.38,1,0,-3.66,2.32,0
20:03:03,22.612,819814,819812,0,0,1,37.496368,126.958263,0.00,128.0,0,128.0,1,129.9,0,0.00,9.60,2.42,0.9993,65.50,2.899,14,93638,0.000,1,158.0,"-0.31,0.15,9.60","-0.9,-1.7,-1.4","-47.700,45.150,55.500",0.13,0.18,0.00,0,7843,6859,9,1.03,37.496368,126.958263,805,0,0,0,6.22,0.00,999.00,-83.8,0,33,0,2,-71,-71.1,6859,61,3,6.35,1,0,-3.66,2.32,0
20:03:03,22.711,819937,819913,0,0,1,37.496368,126.958263,0.00,128.0,0,128.0,1,129.9,0,0.00,9.71,1.64,0.9993,67.31,2.927,14,93650,0.000,1,158.0,"-0.25,0.19,9.70","-0.5,1.5,-0.5","-47.550,46.650,57.150",0.05,0.19,0.00,0,7844,6860,9,1.03,37.496368,126.958263,805,0,0,0,6.22,0.00,999.00,-83.8,0,33,0,2,-72,-71.3,6860,78,3,6.46,1,0,-3.66,2.32,0
20:03:03,22.779,820030,820029,0,0,1,37.496368,126.958263,0.00,128.0,0,128.0,1,129.9,0,0.00,9.72,1.61,0.9994,65.80,2.871,14,93661,0.000,1,158.0,"-0.24,0.21,9.72","0.3,-0.7,-1.4","-46.500,45.150,55.800",0.07,0.15,0.00,0,7845,6861,9,1.03,37.496368,126.958263,805,0,0,0,6.22,0.00,999.00,-83.8,0,33,0,2,-72,-71.4,6861,64,3,6.55,1,0,-3.66,2.32,0
20:03:03,23.031,820131,820130,0,0,1,37.496368,126.958263,0.00,128.0,0,128.0,1,129.9,0,0.00,9.81,2.69,0.9995,67.28,2.876,14,93673,0.000,1,158.0,"-0.35,0.20,9.81","1.4,2.1,-0.8","-48.300,43.800,57.450",0.12,0.18,0.00,0,7846,6862,9,1.03,37.496368,126.958263,805,0,0,0,6.22,0.00,999.00,-83.8,0,33,0,2,-73,-71.8,6862,60,3,6.74,1,0,-3.66,2.32,0
20:03:04,23.144,820338,820337,0,0,1,37.496368,126.958263,0.00,128.0,0,128.0,1,129.9,0,0.00,9.77,2.46,0.9990,66.28,2.954,14,93698,0.000,1,158.0,"-0.25,0.09,9.76","0.6,-1.2,2.0","-49.650,45.600,56.250",0.08,0.16,0.00,0,7848,6864,9,1.03,37.496368,126.958263,805,0,0,0,6.22,0.00,999.00,-83.8,0,33,0,2,-72,-72.0,6864,57,3,6.90,1,0,-3.66,2.32,0
20:03:04,23.152,820438,820437,0,0,1,37.496368,126.958263,0.00,128.0,0,128.0,1,129.9,0,0.00,9.76,2.13,0.9994,67.12,2.888,14,93710,0.000,1,158.0,"-0.25,0.19,9.76","-0.9,1.1,-1.6","-47.550,45.000,57.150",0.06,0.16,0.00,0,7849,6865,9,1.03,37.496368,126.958263,805,0,0,0,6.22,0.00,999.00,-83.8,0,33,0,2,-70,-71.6,6865,51,3,6.64,1,0,-3.66,2.32,0
20:03:04,23.215,820538,820537,0,0,1,37.496368,126.958263,0.00,128.0,0,128.0,1,129.9,0,0.00,9.74,2.23,0.9989,66.59,2.907,14,93722,0.000,1,158.0,"-0.12,0.16,9.73","-1.1,1.9,-0.3","-47.700,45.600,56.550",0.15,0.21,0.00,0,7850,6866,9,1.03,37.496368,126.958263,805,0,0,0,6.22,0.00,999.00,-83.8,0,33,0,2,-69,-71.1,6866,47,3,6.32,1,0,-3.66,2.32,0
20:03:04,23.332,820640,820638,0,0,1,37.496368,126.958263,0.00,128.0,0,128.0,1,129.9,0,0.00,9.73,2.62,0.9993,68.30,2.874,14,93734,0.000,1,158.0,"-0.15,0.25,9.73","2.4,0.0,1.0","-48.450,43.650,58.500",0.16,0.17,0.00,0,7851,6867,9,0.94,37.496369,126.958262,806,0,0,0,6.53,0.00,999.00,-86.4,0,33,0,2,-73,-71.5,6867,43,3,6.56,1,0,-3.66,2.32,0
20:03:04,23.544,820741,820739,0,0,1,37.496368,126.958263,0.00,128.0,0,128.0,1,129.9,0,0.00,9.75,2.49,0.9997,67.12,2.931,14,93746,0.000,1,158.0,"-0.34,0.26,9.74","0.2,-1.4,-2.0","-48.000,46.350,57.000",0.13,0.18,0.00,0,7852,6868,9,0.94,37.496369,126.958262,806,0,0,0,6.53,0.00,999.00,-86.4,0,33,0,2,-73,-71.8,6868,38,3,6.75,1,0,-3.66,2.32,0
20:03:04,23.627,820853,820840,0,0,1,37.496368,126.958263,0.00,128.0,0,128.0,1,129.9,0,0.00,9.69,3.59,0.9989,65.18,2.893,14,93758,0.000,1,158.0,"-0.18,0.11,9.69","3.3,-0.9,-1.0","-47.550,45.000,55.200",0.11,0.17,0.00,0,7853,6869,9,0.94,37.496369,126.958262,806,0,0,0,6.53,0.00,999.00,-86.4,0,33,0,2,-73,-72.0,6869,45,3,6.91,1,0,-3.66,2.32,0
20:03:04,23.694,820955,820919,0,0,1,37.496368,126.958263,0.00,128.0,0,128.0,1,129.9,0,0.00,9.80,3.80,0.9992,66.21,2.890,14,93766,0.000,1,158.0,"-0.19,0.19,9.80","3.5,0.7,1.2","-47.700,44.850,56.250",0.12,0.22,0.00,0,7854,6870,9,0.94,37.496369,126.958262,806,0,0,0,6.53,0.00,999.00,-86.4,0,33,0,2,-73,-72.2,6870,41,3,7.04,1,0,-3.66,2.32,0
20:03:04,23.760,821050,821048,0,0,1,37.496368,126.958263,0.00,128.0,0,128.0,1,129.9,0,0.00,9.68,3.91,0.9995,67.34,2.848,14,93777,0.000,1,158.0,"-0.24,0.26,9.67","3.5,-1.6,-0.6","-46.650,44.250,57.450",0.14,0.17,0.00,0,7855,6871,9,0.94,37.496369,126.958262,806,0,0,0,6.53,0.00,999.00,-86.4,0,33,0,2,-71,-72.0,6871,30,3,6.88,1,0,-3.66,2.32,0
20:03:04,23.845,821150,821149,0,0,1,37.496368,126.958263,0.00,128.0,0,128.0,1,129.9,0,0.00,9.69,1.61,0.9990,67.18,2.878,14,93789,0.000,1,158.0,"-0.36,0.06,9.69","0.7,1.3,-0.7","-46.650,45.450,57.150",0.12,0.19,0.00,0,7856,6872,9,0.94,37.496369,126.958262,806,0,0,0,6.53,0.00,999.00,-86.4,0,33,0,2,-70,-71.6,6872,24,3,6.63,1,0,-3.66,2.32,0
20:03:05,24.171,821250,821249,0,0,1,37.496368,126.958263,0.00,128.0,0,128.0,1,129.9,0,0.00,9.77,2.60,0.9991,66.24,2.840,14,93801,0.000,1,158.0,"-0.10,0.25,9.77","0.5,1.5,-2.0","-46.650,43.800,56.400",0.21,0.21,0.00,0,7857,6873,9,0.94,37.496369,126.958262,806,0,0,0,6.53,0.00,999.00,-86.4,0,33,0,2,-70,-71.3,6873,19,3,6.43,1,0,-3.66,2.32,0
20:03:05,24.345,821559,821558,0,0,1,37.496368,126.958263,0.00,128.0,0,128.0,1,129.9,0,0.00,9.76,3.54,0.9991,66.87,2.965,14,93838,0.000,1,158.0,"-0.19,0.15,9.75","2.0,-2.6,-1.2","-47.700,48.000,56.550",0.09,0.19,0.00,0,7860,6876,9,0.94,37.496369,126.958262,806,0,0,0,6.53,0.00,999.00,-86.4,0,33,0,2,-69,-70.0,6876,13,3,5.72,1,0,-3.66,2.32,0
20:03:05,24.481,821670,821657,0,0,1,37.496368,126.958262,0.00,128.0,0,128.0,1,129.9,0,0.00,9.82,1.79,0.9993,66.67,2.907,14,93850,0.000,1,158.0,"-0.29,0.15,9.81","1.4,0.8,0.8","-48.300,45.000,56.700",0.09,0.19,0.00,0,7861,6877,9,1.03,37.496369,126.958262,807,0,0,0,6.53,0.00,999.00,-86.4,0,33,0,2,-69,-69.8,6877,18,3,5.61,1,0,-3.66,2.32,0
20:03:05,24.493,821774,821761,0,0,1,37.496368,126.958262,0.00,128.0,0,128.0,1,129.9,0,0.00,9.70,0.77,0.9994,67.50,2.929,14,93861,0.000,1,158.0,"-0.23,0.22,9.70","-0.8,0.1,-0.0","-48.600,45.750,57.450",0.08,0.28,0.00,0,7862,6878,9,1.03,37.496369,126.958262,807,0,0,0,6.53,0.00,999.00,-86.4,0,33,0,2,-70,-69.9,6878,16,3,5.63,1,0,-3.66,2.32,0
20:03:05,24.611,821866,821865,0,0,1,37.496368,126.958262,0.00,128.0,0,128.0,1,129.9,0,0.00,9.75,3.41,0.9990,66.95,2.895,14,93872,0.000,1,158.0,"-0.21,0.11,9.74","-0.3,3.2,-1.2","-48.000,44.850,57.000",0.08,0.18,0.00,0,7863,6878,9,1.03,37.496369,126.958262,807,0,0,0,6.53,0.00,999.00,-86.4,0,33,0,2,-70,-69.9,6878,108,3,5.63,1,0,-3.66,2.32,0
20:03:05,24.780,821983,821970,0,0,1,37.496368,126.958262,0.00,128.0,0,128.0,1,129.9,0,0.46,9.72,4.05,0.9990,66.99,2.895,14,93883,0.000,1,158.0,"-0.30,0.08,9.72","0.7,0.4,-4.0","-47.700,45.150,57.000",0.08,0.16,0.00,0,7864,6880,9,1.03,37.496369,126.958262,807,0,0,0,6.53,0.00,999.00,-86.4,0,33,0,2,-69,-69.7,6880,13,3,5.55,1,0,-3.66,2.32,0
20:03:05,24.911,822075,822074,0,0,1,37.496368,126.958262,0.00,128.0,0,128.0,1,129.9,0,0.00,9.71,3.16,0.9995,68.22,2.868,14,93894,0.000,1,158.0,"-0.32,0.21,9.71","-0.4,-2.6,-1.7","-46.350,45.450,58.200",0.07,0.15,0.00,0,7865,6880,9,1.03,37.496369,126.958262,807,0,0,0,6.53,0.00,999.00,-86.4,0,33,0,2,-69,-69.7,6880,105,3,5.55,1,0,-3.66,2.32,0
20:03:05,24.921,822176,822175,0,0,1,37.496368,126.958262,0.00,128.0,0,128.0,1,129.9,0,-0.29,9.81,4.34,0.9996,65.10,2.865,14,93906,0.000,1,158.0,"-0.33,0.23,9.80","1.1,-3.1,2.8","-47.100,44.250,55.200",0.12,0.20,0.00,0,7866,6881,9,1.03,37.496369,126.958262,807,0,0,0,6.53,0.00,999.00,-86.4,0,33,0,2,-67,-69.2,6881,99,3,5.27,1,0,-3.66,2.32,0
20:03:05,24.995,822276,822275,0,0,1,37.496368,126.958262,0.00,128.0,0,128.0,1,129.9,0,0.00,9.71,2.99,0.9991,65.88,2.870,14,93918,0.000,1,158.0,"-0.37,0.08,9.71","2.0,1.5,1.7","-47.100,44.550,55.950",0.11,0.15,0.00,0,7867,6882,9,1.03,37.496369,126.958262,807,0,0,0,6.53,0.00,999.00,-86.4,0,33,0,2,-68,-68.9,6882,95,3,5.15,1,0,-3.66,2.32,0
20:03:06,25.078,822377,822376,0,0,1,37.496368,126.958262,0.00,128.0,0,128.0,1,129.9,0,0.00,9.73,2.31,0.9990,67.04,2.860,14,93930,0.000,1,158.0,"-0.21,0.11,9.73","1.6,1.1,-1.2","-47.100,44.250,57.150",0.08,0.15,0.00,0,7868,6883,9,1.03,37.496369,126.958262,807,0,0,0,6.53,0.00,999.00,-86.4,0,33,0,2,-67,-68.5,6883,85,3,4.97,1,0,-3.66,2.32,0
20:03:06,25.263,822478,822477,0,0,1,37.496368,126.958262,0.00,128.0,0,128.0,1,129.9,0,0.00,9.81,2.08,0.9987,67.05,2.889,14,93942,0.000,1,158.0,"-0.31,-0.00,9.80","0.7,-1.9,-0.6","-46.950,45.600,57.000",0.17,0.17,0.00,0,7869,6884,9,1.03,37.496369,126.958262,807,0,0,0,6.53,0.00,999.00,-86.4,0,33,0,2,-67,-68.2,6884,84,3,4.82,1,0,-3.66,2.32,0
20:03:06,25.378,822680,822679,0,0,1,37.496368,126.958262,0.00,128.0,0,128.0,1,129.9,0,0.00,9.69,1.87,0.9993,66.42,2.935,14,93966,0.005,1,158.0,"-0.18,0.23,9.68","-0.2,1.5,-1.1","-49.050,45.450,56.400",0.12,0.20,0.00,0,7871,6886,9,0.94,37.496369,126.958261,808,0,0,0,6.85,0.00,999.00,-88.8,0,33,0,2,-67,-68.0,6886,78,3,4.69,1,0,-3.66,2.32,0
20:03:06,25.497,822781,822780,0,0,1,37.496368,126.958262,0.00,128.0,0,128.0,1,129.9,0,0.14,9.71,4.51,0.9993,66.31,2.914,14,93978,0.005,1,158.0,"-0.32,0.14,9.70","-1.1,2.3,-3.7","-49.050,44.550,56.400",0.05,0.17,0.00,0,7872,6887,9,0.94,37.496369,126.958261,808,0,0,0,6.85,0.00,999.00,-88.8,0,33,0,2,-67,-67.8,6887,71,3,4.61,1,0,-3.66,2.32,0
20:03:06,25.582,822882,822881,0,0,1,37.496368,126.958262,0.00,128.0,0,128.0,1,129.9,0,0.00,9.73,0.46,0.9993,67.48,2.877,14,93990,0.005,1,158.0,"-0.23,0.18,9.73","0.3,-0.2,-0.3","-46.650,45.450,57.450",0.05,0.22,0.00,0,7873,6888,9,0.94,37.496369,126.958261,808,0,0,0,6.85,0.00,999.00,-88.8,0,33,0,2,-68,-67.8,6888,68,3,4.63,1,0,-3.66,2.32,0
20:03:06,25.727,822987,822986,0,0,1,37.496368,126.958262,0.00,128.0,0,128.0,1,129.9,0,0.00,9.72,3.90,0.9993,67.09,2.934,14,94001,0.005,1,158.0,"-0.23,0.19,9.71","-2.0,0.8,-3.3","-48.450,46.050,57.000",0.06,0.21,0.00,0,7874,6889,9,0.94,37.496369,126.958261,808,0,0,0,6.85,0.00,999.00,-88.8,0,33,0,2,-67,-67.6,6889,64,3,4.56,1,0,-3.66,2.32,0
20:03:06,25.794,823088,823087,0,0,1,37.496368,126.958262,0.00,128.0,0,128.0,1,129.9,0,0.00,9.85,1.93,0.9996,67.34,2.888,14,94013,0.005,1,158.0,"-0.27,0.25,9.84","0.5,-1.8,0.6","-46.950,45.600,57.300",0.15,0.18,0.00,0,7875,6890,9,0.94,37.496369,126.958261,808,0,0,0,6.85,0.00,999.00,-88.8,0,33,0,2,-66,-67.3,6890,60,3,4.42,1,0,-3.66,2.32,0
20:03:06,25.878,823189,823188,0,0,1,37.496368,126.958262,0.00,128.0,0,128.0,1,129.9,0,0.00,9.61,3.05,0.9990,66.45,2.896,14,94025,0.005,1,158.0,"-0.22,0.10,9.61","-1.6,0.0,-2.6","-48.450,44.400,56.550",0.14,0.18,0.00,0,7876,6891,9,0.94,37.496369,126.958261,808,0,0,0,6.85,0.00,999.00,-88.8,0,33,0,2,-67,-67.3,6891,60,3,4.39,1,0,-3.66,2.32,0
20:03:06,26.000,823290,823289,0,0,1,37.496368,126.958262,0.00,128.0,0,128.0,1,129.9,0,0.00,9.85,3.42,0.9994,67.73,2.893,14,94037,0.005,1,158.0,"-0.23,0.21,9.85","2.9,0.8,-1.6","-47.700,45.150,57.750",0.15,0.15,0.00,0,7877,6892,9,0.94,37.496369,126.958261,808,0,0,0,6.85,0.00,999.00,-88.8,0,33,0,2,-61,-66.0,6892,56,3,3.90,1,0,-3.66,2.32,0
20:03:07,26.081,823391,823390,0,0,1,37.496368,126.958262,0.00,128.0,0,128.0,1,129.9,0,0.00,9.64,2.37,0.9993,67.43,2.859,14,94049,0.005,1,158.0,"-0.22,0.18,9.63","1.4,-1.4,1.3","-46.350,45.000,57.450",0.10,0.12,0.00,0,7878,6893,9,0.94,37.496369,126.958261,808,0,0,0,6.85,0.00,999.00,-88.8,0,33,0,2,-63,-65.4,6893,52,3,3.68,1,0,-3.66,2.32,0
20:03:07,26.297,823492,823491,0,0,1,37.496368,126.958262,0.00,128.0,0,128.0,1,129.9,0,0.00,9.74,2.51,0.9992,65.94,2.870,14,94061,0.005,1,158.0,"-0.19,0.18,9.74","1.9,0.7,-1.4","-46.650,45.000,55.950",0.09,0.17,0.00,0,7879,6894,9,0.94,37.496369,126.958261,808,0,0,0,6.85,0.00,999.00,-88.8,0,33,0,2,-67,-65.7,6894,48,3,3.80,1,0,-3.66,2.32,0
20:03:07,26.427,823694,823693,0,0,1,37.496368,126.958262,0.01,128.0,0,128.0,1,129.9,0,0.00,9.83,1.30,0.9996,65.55,2.863,14,94085,0.010,1,158.0,"-0.33,0.22,9.82","0.6,-0.2,-1.1","-47.100,44.250,55.650",0.14,0.16,0.00,0,7881,6896,9,1.03,37.496369,126.958261,809,0,0,0,6.85,0.00,999.00,-88.8,0,33,0,2,-65,-65.1,6896,39,3,3.59,1,0,-3.66,2.32,0
20:03:07,26.498,823795,823794,0,0,1,37.496368,126.958262,0.01,128.0,0,128.0,1,129.9,0,0.00,9.61,2.24,0.9995,66.62,2.885,14,94097,0.010,1,158.0,"-0.28,0.20,9.60","1.4,0.8,-1.5","-47.850,44.550,56.700",0.11,0.15,0.00,0,7882,6897,9,1.03,37.496369,126.958261,809,0,0,0,6.85,0.00,999.00,-88.8,0,33,0,2,-67,-65.5,6897,34,3,3.72,1,0,-3.66,2.32,0
20:03:07,26.616,823896,823895,0,0,1,37.496368,126.958262,0.01,128.0,0,128.0,1,129.9,0,0.00,9.66,2.88,0.9992,66.77,2.886,14,94109,0.010,1,158.0,"-0.23,0.14,9.65","2.4,-1.6,-0.5","-46.650,45.750,56.700",0.06,0.16,0.00,0,7883,6898,9,1.03,37.496369,126.958261,809,0,0,0,6.85,0.00,999.00,-88.8,0,33,0,2,-68,-66.0,6898,30,3,3.90,1,0,-3.66,2.32,0
20:03:07,26.694,824001,824000,0,0,1,37.496368,126.958262,0.01,128.0,0,128.0,1,129.9,0,0.00,9.72,2.43,0.9994,66.54,2.897,14,94120,0.010,1,158.0,"-0.19,0.27,9.71","0.7,-2.0,1.1","-47.700,45.150,56.550",0.14,0.14,0.00,0,7884,6899,9,1.03,37.496369,126.958261,809,0,0,0,6.85,0.00,999.00,-88.8,0,33,0,2,-68,-66.4,6899,25,3,4.05,1,0,-3.66,2.32,0
20:03:07,26.812,824102,824101,0,0,1,37.496368,126.958262,0.01,128.0,0,128.0,1,129.9,0,0.00,9.77,3.67,0.9992,66.54,2.914,14,94132,0.010,1,158.0,"-0.31,0.12,9.77","1.4,-3.2,-1.2","-48.450,45.150,56.550",0.08,0.18,0.00,0,7885,6900,9,1.03,37.496369,126.958261,809,0,0,0,6.85,0.00,999.00,-88.8,0,33,0,2,-68,-66.7,6900,24,3,4.18,1,0,-3.66,2.32,0
20:03:07,26.927,824202,824201,0,0,1,37.496368,126.958262,0.01,128.0,0,128.0,1,129.9,0,0.00,9.68,1.17,0.9988,67.48,2.877,14,94144,0.010,1,158.0,"-0.16,0.09,9.68","0.9,-0.7,-0.3","-46.650,45.450,57.450",0.13,0.22,0.00,0,7886,6901,9,1.03,37.496369,126.958261,809,0,0,0,6.85,0.00,999.00,-88.8,0,33,0,2,-66,-66.6,6901,19,3,4.12,1,0,-3.66,2.32,0
20:03:07,27.025,824310,824309,0,0,1,37.496368,126.958262,0.01,128.0,0,128.0,1,129.9,0,-0.02,9.61,6.29,0.9994,67.66,2.848,14,94157,0.010,1,158.0,"-0.17,0.26,9.61","4.4,-3.6,2.7","-46.500,44.400,57.750",0.18,0.19,0.00,0,7887,6902,9,1.03,37.496369,126.958261,809,0,0,0,6.85,0.00,999.00,-88.8,0,33,0,2,-64,-66.1,6902,22,3,3.92,1,0,-3.66,2.32,0
20:03:08,27.111,824410,824409,0,0,1,37.496368,126.958262,0.01,128.0,0,128.0,1,129.9,0,0.00,9.72,2.79,0.9991,67.20,2.930,14,94169,0.010,1,158.0,"-0.22,0.13,9.72","0.9,-1.8,-1.9","-48.600,45.750,57.150",0.06,0.18,0.00,0,7888,6903,9,1.03,37.496369,126.958261,809,0,0,0,6.85,0.00,999.00,-88.8,0,33,0,2,-65,-65.9,6903,16,3,3.84,1,0,-3.66,2.32,0
20:03:08,27.246,824510,824509,0,0,1,37.496368,126.958262,0.01,128.0,0,128.0,1,129.9,0,0.00,9.64,2.57,0.9995,66.14,2.868,14,94181,0.010,1,158.0,"-0.23,0.25,9.63","0.3,1.8,-1.8","-48.600,43.050,56.400",0.14,0.15,0.00,0,7889,6904,9,1.03,37.496369,126.958261,809,0,0,0,6.85,0.00,999.00,-88.8,0,33,0,2,-67,-66.1,6904,11,3,3.93,1,0,-3.66,2.32,0
20:03:08,27.312,824621,824608,0,0,1,37.496368,126.958262,0.01,128.0,0,128.0,1,129.9,0,0.27,9.70,4.02,0.9988,66.30,2.851,14,94193,0.005,1,158.0,"-0.30,0.03,9.70","-0.6,-1.2,-3.8","-46.650,44.250,56.400",0.11,0.19,0.00,0,7890,6905,9,0.94,37.496369,126.958262,810,0,0,0,6.85,0.00,999.00,-88.8,0,33,0,2,-72,-67.3,6905,17,3,4.40,1,0,-3.66,2.32,0
20:03:08,27.460,824725,824712,0,0,1,37.496368,126.958262,0.01,128.0,0,128.0,1,129.9,0,0.00,9.70,2.24,0.9991,67.78,2.932,14,94204,0.005,1,158.0,"-0.23,0.14,9.69","1.2,-0.4,1.9","-48.900,45.600,57.750",0.05,0.14,0.00,0,7891,6906,9,0.94,37.496369,126.958262,810,0,0,0,6.85,0.00,999.00,-88.8,0,33,0,2,-67,-67.2,6906,15,3,4.38,1,0,-3.66,2.32,0
20:03:08,27.527,824829,824816,0,0,1,37.496368,126.958262,0.01,128.0,0,128.0,1,129.9,0,0.00,9.76,2.78,0.9990,65.89,2.948,14,94215,0.005,1,158.0,"-0.27,0.08,9.76","0.0,-0.8,-2.7","-48.900,46.050,55.800",0.08,0.16,0.00,0,7892,6907,9,0.94,37.496369,126.958262,810,0,0,0,6.85,0.00,999.00,-88.8,0,33,0,2,-64,-66.6,6907,13,3,4.12,1,0,-3.66,2.32,0
20:03:08,27.611,824922,824921,0,0,1,37.496368,126.958262,0.01,128.0,0,128.0,1,129.9,0,0.00,9.86,0.88,0.9992,65.93,2.881,14,94226,0.005,1,158.0,"-0.32,0.12,9.85","0.8,-0.1,0.4","-47.100,45.000,55.950",0.15,0.15,0.00,0,7893,6908,9,0.94,37.496369,126.958262,810,0,0,0,6.85,0.00,999.00,-88.8,0,33,0,2,-72,-67.7,6908,0,3,4.12,1,0,-3.66,2.32,0
20:03:08,27.732,825027,825026,0,0,1,37.496368,126.958262,0.01,128.0,0,128.0,1,129.9,0,0.00,9.80,3.41,0.9996,68.14,2.904,14,94237,0.005,1,158.0,"-0.28,0.27,9.80","1.7,0.9,-2.8","-47.250,46.050,58.050",0.14,0.16,0.00,0,7894,6909,9,0.94,37.496369,126.958262,810,0,0,0,6.85,0.00,999.00,-88.8,0,33,0,2,-68,-67.7,6909,0,3,4.56,1,0,-3.66,2.32,0
20:03:08,27.828,825128,825127,0,0,1,37.496368,126.958262,0.01,128.0,0,128.0,1,129.9,0,0.00,9.64,3.69,0.9995,66.88,2.891,14,94249,0.005,1,158.0,"-0.26,0.22,9.63","1.5,0.6,-3.3","-45.900,46.650,56.700",0.10,0.21,0.00,0,7895,6909,9,0.94,37.496369,126.958262,810,0,0,0,6.85,0.00,999.00,-88.8,0,33,0,2,-68,-67.7,6909,101,3,4.59,1,0,-3.66,2.32,0
20:03:08,28.026,825229,825228,0,0,1,37.496368,126.958262,0.01,128.0,0,128.0,1,129.9,0,-1.99,9.72,4.82,0.9992,67.87,2.886,14,94261,0.005,1,158.0,"-0.17,0.21,9.72","1.5,0.8,4.5","-47.550,45.000,57.900",0.11,0.15,0.00,0,7896,6910,9,0.94,37.496369,126.958262,810,0,0,0,6.85,0.00,999.00,-88.8,0,33,0,2,-73,-68.8,6910,96,3,5.08,1,0,-3.66,2.32,0
20:03:09,28.178,825430,825429,0,0,1,37.496368,126.958262,0.01,128.0,0,128.0,1,129.9,0,0.00,9.73,4.24,0.9991,66.33,2.815,14,94285,0.005,1,158.0,"-0.34,0.07,9.72","0.0,3.7,-2.1","-46.200,43.200,56.550",0.11,0.21,0.00,0,7898,6912,9,0.94,37.496369,126.958262,810,0,0,0,6.85,0.00,999.00,-88.8,0,33,0,2,-79,-72.1,6912,87,3,6.99,1,0,-3.66,2.32,0
20:03:09,28.243,825530,825529,0,0,1,37.496368,126.958262,0.01,128.0,0,128.0,1,129.9,0,0.00,9.81,2.87,0.9994,66.58,2.889,14,94297,0.005,1,158.0,"-0.27,0.19,9.80","2.4,1.5,-0.6","-48.300,44.250,56.700",0.10,0.17,0.00,0,7899,6913,9,0.94,37.496369,126.958262,810,0,0,0,6.85,0.00,999.00,-88.8,0,33,0,2,-77,-73.1,6913,82,3,7.67,1,0,-3.66,2.32,0
20:03:09,28.328,825632,825631,0,0,1,37.496368,126.958262,0.00,128.0,0,128.0,1,129.9,0,0.00,9.73,2.25,0.9996,65.55,2.863,14,94309,0.000,1,158.0,"-0.26,0.27,9.73","1.3,-1.7,0.7","-47.100,44.250,55.650",0.12,0.12,0.00,0,7900,6914,9,1.03,37.496369,126.958261,811,0,0,0,6.85,0.00,999.00,-88.8,0,33,0,2,-73,-73.1,6914,79,3,7.65,1,0,-3.66,2.32,0
20:03:09,28.448,825734,825733,0,0,1,37.496368,126.958262,0.00,128.0,0,128.0,1,129.9,0,0.00,9.71,2.01,0.9986,65.71,2.881,14,94321,0.000,1,158.0,"-0.17,0.05,9.71","-1.6,0.1,-1.2","-47.700,44.400,55.800",0.14,0.15,0.00,0,7901,6915,9,1.03,37.496369,126.958261,811,0,0,0,6.85,0.00,999.00,-88.8,0,33,0,2,-68,-72.1,6915,75,3,6.95,1,0,-3.66,2.32,0
20:03:09,28.610,825836,825835,0,0,1,37.496368,126.958262,0.00,128.0,0,128.0,1,129.9,0,0.00,9.65,1.91,0.9992,66.99,2.902,14,94333,0.000,1,158.0,"-0.29,0.11,9.65","-1.5,0.8,-1.0","-48.000,45.150,57.000",0.08,0.16,0.00,0,7902,6916,9,1.03,37.496369,126.958261,811,0,0,0,6.85,0.00,999.00,-88.8,0,33,0,2,-67,-71.1,6916,71,3,6.31,1,0,-3.66,2.32,0
20:03:09,28.779,825938,825937,0,0,1,37.496368,126.958262,0.00,128.0,0,128.0,1,129.9,0,0.00,9.77,2.20,0.9990,67.92,2.876,14,94345,0.000,1,158.0,"-0.25,0.09,9.77","1.4,-1.6,0.7","-46.650,45.450,57.900",0.08,0.16,0.00,0,7903,6917,9,1.03,37.496369,126.958261,811,0,0,0,6.85,0.00,999.00,-88.8,0,33,0,2,-71,-71.0,6917,60,3,6.30,1,0,-3.66,2.32,0
20:03:09,28.897,826144,826143,0,0,1,37.496368,126.958262,0.00,128.0,0,128.0,1,129.9,0,0.00,9.71,2.52,0.9986,65.84,2.880,14,94368,0.000,1,158.0,"-0.19,0.03,9.71","2.0,-1.3,0.8","-47.850,44.250,55.950",0.13,0.19,0.00,0,7905,6919,9,1.03,37.496369,126.958261,811,0,0,0,6.85,0.00,999.00,-88.8,0,33,0,2,-66,-70.8,6919,61,3,6.17,1,0,-3.66,2.32,0
20:03:09,29.026,826244,826243,0,0,1,37.496368,126.958262,0.00,128.0,0,128.0,1,129.9,0,0.26,9.70,4.20,0.9989,67.04,2.860,14,94380,0.000,1,158.0,"-0.27,0.05,9.70","1.9,-0.2,-3.7","-47.100,44.250,57.150",0.09,0.25,0.00,0,7906,6920,9,1.03,37.496369,126.958261,811,0,0,0,6.85,0.00,999.00,-88.8,0,33,0,2,-65,-69.7,6920,56,3,5.52,1,0,-3.66,2.32,0
20:03:10,29.176,826457,826456,0,0,1,37.496368,126.958262,0.00,128.0,0,128.0,1,129.9,0,0.00,9.80,0.51,0.9993,67.34,2.888,14,94406,0.000,1,158.0,"-0.33,0.13,9.79","0.0,0.2,-0.4","-46.950,45.600,57.300",0.09,0.19,0.00,0,7908,6921,9,1.03,37.496369,126.958261,811,0,0,0,6.85,0.00,999.00,-88.8,0,33,0,2,-68,-69.3,6921,154,3,5.35,1,0,-3.66,2.32,0
20:03:10,29.444,826558,826557,0,0,1,37.496368,126.958262,0.00,128.0,0,128.0,1,129.9,0,0.00,9.68,1.55,0.9995,65.67,2.881,14,94418,0.000,1,158.0,"-0.35,0.17,9.67","0.4,0.9,1.2","-48.000,44.100,55.800",0.10,0.15,0.00,0,7909,6922,9,1.03,37.496369,126.958261,811,0,0,0,6.85,0.00,999.00,-88.8,0,33,0,2,-64,-68.3,6922,53,3,4.84,1,0,-3.66,2.32,0
20:03:10,29.566,826761,826760,0,0,1,37.496369,126.958262,0.01,128.0,0,128.0,1,129.9,0,0.00,9.67,3.40,0.9990,68.08,2.903,14,94442,0.010,1,158.0,"-0.18,0.12,9.67","2.6,-0.5,2.1","-47.700,45.600,58.050",0.12,0.20,0.00,0,7911,6924,9,1.03,37.496369,126.958262,812,0,0,0,6.85,0.00,999.00,-88.8,0,33,0,2,-65,-66.8,6924,44,3,4.19,1,0,-3.66,2.32,0
20:03:10,29.645,826978,826954,0,0,1,37.496369,126.958262,0.01,128.0,0,128.0,1,129.9,0,0.00,9.80,1.97,0.9990,65.28,2.978,14,94465,0.010,1,158.0,"-0.22,0.10,9.80","-0.3,0.8,-1.8","-48.900,47.250,55.050",0.12,0.19,0.00,0,7913,6926,9,1.03,37.496369,126.958262,812,0,0,0,6.85,0.00,999.00,-88.8,0,33,0,2,-66,-66.7,6926,52,3,4.15,1,0,-3.66,2.32,0
20:03:10,29.878,827071,827070,0,0,1,37.496369,126.958262,0.01,128.0,0,128.0,1,129.9,0,0.00,9.78,1.72,0.9989,66.42,2.879,14,94476,0.010,1,158.0,"-0.18,0.11,9.78","0.3,1.4,-1.0","-48.000,44.100,56.550",0.11,0.19,0.00,0,7914,6927,9,1.03,37.496369,126.958262,812,0,0,0,6.85,0.00,999.00,-88.8,0,33,0,2,-63,-65.9,6927,39,3,3.87,1,0,-3.66,2.32,0
20:03:10,30.000,827273,827272,0,0,1,37.496369,126.958262,0.01,128.0,0,128.0,1,129.9,0,0.00,9.74,1.30,0.9993,66.38,2.933,14,94500,0.010,1,158.0,"-0.16,0.27,9.73","-0.6,-0.9,0.7","-48.000,46.350,56.250",0.15,0.15,0.00,0,7916,6929,9,1.03,37.496369,126.958262,812,0,0,0,6.85,0.00,999.00,-88.8,0,33,0,2,-62,-64.5,6929,31,3,3.38,1,0,-3.66,2.32,0
20:03:11,30.261,827374,827373,0,0,1,37.496369,126.958262,0.01,128.0,0,128.0,1,129.9,0,0.00,9.54,2.77,0.9986,67.96,2.883,14,94512,0.010,1,158.0,"-0.11,0.09,9.54","1.8,-1.6,1.4","-46.650,45.750,57.900",0.24,0.24,0.00,0,7917,6930,9,1.03,37.496369,126.958262,812,0,0,0,6.85,0.00,999.00,-88.8,0,33,0,2,-62,-64.0,6930,27,3,3.23,1,0,-3.66,2.32,0
20:03:11,30.360,827676,827675,0,0,1,37.496369,126.958262,0.01,128.0,0,128.0,1,129.9,0,0.00,9.75,2.27,0.9994,64.63,2.883,14,94548,0.005,1,158.0,"-0.22,0.22,9.74","2.2,-0.4,-0.4","-48.000,44.100,54.750",0.08,0.18,0.00,0,7920,6933,9,1.03,37.496369,126.958262,813,0,0,0,6.85,0.00,999.00,-88.8,0,33,0,2,-62,-63.5,6933,13,3,3.07,1,0,-3.66,2.32,0
20:03:11,30.530,827787,827774,0,0,1,37.496369,126.958262,0.01,128.0,0,128.0,1,129.8,0,0.00,9.70,1.68,0.9992,67.78,2.875,14,94560,0.005,1,158.0,"-0.29,0.11,9.69","-0.4,-1.2,-1.1","-47.850,44.250,57.900",0.05,0.17,0.00,0,7921,6934,9,1.03,37.496369,126.958262,813,0,0,0,6.85,0.00,999.00,-88.8,0,33,0,2,-62,-63.2,6934,18,3,2.98,1,0,-3.66,2.32,0
20:03:11,30.609,827890,827877,0,0,1,37.496369,126.958262,0.01,128.0,0,128.0,1,129.8,0,0.00,9.73,3.27,0.9992,65.27,2.928,14,94571,0.005,1,158.0,"-0.31,0.12,9.72","0.8,-2.7,-1.6","-48.300,45.750,55.200",0.06,0.17,0.00,0,7922,6935,9,1.03,37.496369,126.958262,813,0,0,0,6.85,0.00,999.00,-88.8,0,33,0,2,-65,-63.5,6935,16,3,3.09,1,0,-3.66,2.32,0
20:03:11,30.699,827997,827984,0,0,1,37.496369,126.958262,0.01,128.0,0,128.0,1,129.8,0,0.00,9.67,2.02,0.9993,65.69,2.892,14,94581,0.005,1,158.0,"-0.37,0.11,9.66","1.7,0.8,-0.7","-47.100,45.450,55.650",0.12,0.22,0.00,0,7923,6936,9,1.03,37.496369,126.958262,813,0,0,0,6.85,0.00,999.00,-88.8,0,33,0,2,-64,-63.6,6936,17,3,3.11,1,0,-3.66,2.32,0
20:03:11,30.826,828100,828087,0,0,1,37.496369,126.958262,0.01,128.0,0,128.0,1,129.8,0,0.00,9.77,2.19,0.9989,67.17,2.916,14,94592,0.005,1,158.0,"-0.30,0.05,9.77","1.7,-0.8,1.1","-48.300,45.450,57.150",0.12,0.24,0.00,0,7924,6937,9,1.03,37.496369,126.958262,813,0,0,0,6.85,0.00,999.00,-88.8,0,33,0,2,-63,-63.5,6937,16,3,3.08,1,0,-3.66,2.32,0
20:03:11,30.894,828203,828190,0,0,1,37.496369,126.958262,0.01,128.0,0,128.0,1,129.8,0,2.00,9.53,12.05,0.9981,69.06,2.819,14,94603,0.005,1,158.0,"0.12,0.65,9.50","-2.7,10.2,-5.8","-46.200,43.650,59.250",0.57,19.13,0.00,0,7925,6938,9,1.03,37.496369,126.958262,813,0,0,0,6.85,0.00,999.00,-88.8,0,33,0,2,-64,-63.6,6938,14,3,3.10,1,0,-3.66,2.32,0
20:03:11,31.030,828294,828293,0,0,1,37.496369,126.958262,0.01,128.0,0,128.0,1,129.7,0,0.00,8.40,7.09,0.9852,65.88,2.859,14,94614,0.005,1,158.0,"1.03,0.12,8.34","-3.8,5.5,-2.5","-46.650,44.550,55.950",1.63,1.93,0.00,0,7926,6938,9,1.03,37.496369,126.958262,813,0,0,0,6.85,0.00,999.00,-88.8,0,33,0,2,-64,-63.6,6938,105,3,3.10,1,0,-3.66,2.32,0
20:03:12,31.127,828394,828393,0,0,1,37.496369,126.958262,0.01,128.0,0,128.0,1,129.8,0,0.00,7.42,7.49,0.9969,67.29,2.867,14,94626,0.005,1,158.0,"0.19,0.62,7.39","1.4,6.8,-2.7","-46.500,45.150,57.300",2.17,2.61,0.00,0,7927,6939,9,1.03,37.496369,126.958262,813,0,0,0,6.85,0.00,999.00,-88.8,0,33,0,2,-64,-63.7,6939,99,3,3.13,1,0,-3.66,2.32,0
20:03:12,31.211,828494,828493,0,0,1,37.496369,126.958262,0.01,128.0,0,128.0,1,129.8,0,0.00,10.76,12.67,0.9966,68.75,2.849,14,94638,0.005,1,158.0,"-0.09,-0.25,10.75","-3.9,11.3,-4.0","-46.200,44.850,58.800",1.42,2.65,0.00,0,7928,6940,9,1.03,37.496369,126.958262,813,0,0,0,6.85,0.00,999.00,-88.8,0,33,0,2,-66,-64.1,6940,95,3,3.27,1,0,-3.66,2.32,0
20:03:12,31.283,828596,828595,0,0,1,37.496369,126.958262,0.08,128.0,0,128.0,1,129.9,0,0.00,11.26,6.90,0.9760,69.19,2.889,14,94650,0.154,1,158.0,"1.91,0.12,11.09","6.6,1.9,-0.2","-48.000,44.850,59.250",2.18,3.15,0.00,0,7929,6941,9,1.03,37.496368,126.958263,814,0,0,0,6.85,0.00,999.00,-88.8,0,33,0,2,-69,-65.1,6941,92,3,3.59,1,0,-3.66,2.32,0
20:03:12,31.412,828698,828697,0,0,1,37.496369,126.958262,0.08,128.0,0,128.0,1,130.1,0,0.00,8.08,19.66,0.9973,70.67,2.896,14,94662,0.154,1,158.0,"-0.48,-0.18,8.06","15.2,-12.4,-1.6","-48.450,44.850,60.750",2.04,3.40,0.00,0,7930,6942,9,1.03,37.496368,126.958263,814,0,0,0,6.85,0.00,999.00,-88.8,0,33,0,2,-75,-67.1,6942,88,3,4.33,1,0,-3.66,2.32,0
20:03:12,31.527,828799,828798,0,0,1,37.496369,126.958262,0.08,128.0,0,128.0,1,130.2,0,0.38,10.35,5.17,0.9982,73.78,2.952,14,94674,0.154,1,158.0,"-0.58,-0.11,10.33","0.6,3.0,-4.1","-49.950,46.050,63.750",1.32,4.72,0.00,0,7931,6943,9,1.03,37.496368,126.958263,814,0,0,0,6.85,0.00,999.00,-88.8,0,33,0,2,-81,-69.9,6943,83,3,5.64,1,0,-3.66,2.32,0
20:03:12,31.746,828900,828899,0,0,1,37.496369,126.958262,0.08,128.0,0,128.0,1,130.3,0,0.00,10.33,52.59,0.9413,72.83,3.026,14,94686,0.154,1,158.0,"-1.68,2.83,9.79","44.9,-27.3,2.2","-52.800,47.400,65.700",2.68,8.77,0.00,0,7932,6944,9,1.03,37.496368,126.958263,814,0,0,0,6.85,0.00,999.00,-88.8,0,33,0,2,-74,-70.7,6944,78,3,6.10,1,0,-3.66,2.32,0
20:03:12,31.828,829106,829105,0,0,1,37.496369,126.958262,0.08,128.0,0,128.0,1,129.9,0,-33.74,9.91,39.91,-0.0064,76.64,3.194,14,94709,0.154,1,158.0,"6.45,7.53,-0.14","15.7,-1.7,36.6","-54.900,48.750,68.250",13.78,13.78,0.00,0,7934,6946,9,1.03,37.496368,126.958263,814,0,0,0,6.85,0.00,999.00,-88.8,0,33,0,2,-68,-69.4,6946,72,3,5.39,1,0,-3.66,2.32,0
20:03:13,32.488,829207,829206,0,0,1,37.496369,126.958262,0.08,128.0,0,128.0,1,126.5,0,-33.72,13.07,39.08,0.9980,77.50,3.080,14,94721,0.154,1,158.0,"-0.32,1.82,12.94","-12.0,-7.5,36.4","-55.350,46.350,67.500",3.61,4.86,0.00,0,7935,6947,9,1.03,37.496368,126.958263,814,0,0,0,6.85,0.00,999.00,-88.8,0,33,0,2,-73,-70.1,6947,68,3,5.77,1,0,-3.66,2.32,0
20:03:13,32.793,829913,829912,0,0,1,37.496366,126.958264,0.37,159.0,1,159.0,1,119.9,0,0.00,17.99,30.95,0.9046,76.79,3.363,14,94805,0.664,1,159.0,"-1.92,-0.10,17.88","30.8,2.9,-0.8","-68.550,48.600,63.900",8.48,18.79,0.00,0,7942,6954,9,1.03,37.496364,126.958265,815,0,0,0,6.80,0.00,999.00,-126.5,0,33,0,2,-66,-66.1,6954,36,3,3.95,1,0,-3.66,2.32,0
20:03:13,32.960,830219,830218,0,0,1,37.496365,126.958264,0.37,159.0,1,159.0,1,128.1,0,11.08,8.85,28.28,0.9775,65.60,3.558,14,94840,0.664,1,159.0,"-2.16,1.01,8.52","23.4,2.9,-15.7","-69.000,51.150,55.050",2.86,25.49,0.00,0,7945,6957,9,1.03,37.496364,126.958265,815,0,0,0,6.80,0.00,999.00,-126.5,0,33,0,2,-67,-66.3,6957,24,3,4.00,1,0,-3.66,2.32,0
20:03:13,33.027,830327,830326,0,0,1,37.496365,126.958264,0.37,159.0,1,159.0,1,128.2,0,0.00,10.32,38.28,-0.5650,65.22,3.545,14,94853,0.664,1,159.0,"0.21,-8.80,-5.40","31.7,20.9,-5.0","-68.550,51.300,54.450",17.17,17.17,0.00,0,7946,6958,9,1.03,37.496364,126.958265,815,0,0,0,6.80,0.00,999.00,-126.5,0,33,0,2,-67,-66.4,6958,28,3,4.06,1,0,-3.66,2.32,0
20:03:14,33.309,830435,830434,0,0,1,37.496365,126.958264,0.37,159.0,1,159.0,1,128.6,0,12.72,12.26,40.79,0.9504,64.70,3.560,14,94866,0.664,1,159.0,"0.13,-3.17,11.84","-24.9,28.4,-15.4","-65.100,52.500,52.950",3.94,9.13,0.00,0,7947,6959,9,1.03,37.496364,126.958265,815,0,0,0,6.80,0.00,999.00,-126.5,0,33,0,2,-70,-67.1,6959,31,3,4.34,1,0,-3.66,2.32,0
20:03:14,33.412,830736,830735,0,0,1,37.496359,126.958268,0.74,158.2,1,158.2,1,132.9,0,2.86,8.37,19.71,0.6984,68.13,3.628,14,94902,1.106,1,156.6,"0.55,-5.64,6.16","-14.4,-12.0,-6.0","-67.350,56.100,56.400",7.81,15.29,0.00,0,7950,6962,9,1.03,37.496356,126.958270,816,0,0,0,7.16,-0.45,999.00,-127.5,0,33,0,2,-64,-68.4,6962,16,3,4.89,1,0,-3.66,2.32,0
20:03:14,33.846,830836,830836,0,0,1,37.496359,126.958268,0.74,158.2,1,158.2,1,133.1,0,0.00,13.23,10.15,0.9744,66.22,3.792,14,94914,1.106,1,156.6,"3.74,-0.39,12.68","-9.3,-4.0,0.2","-72.300,59.550,54.150",3.96,10.79,0.00,0,7951,6963,9,1.03,37.496356,126.958270,816,0,0,0,7.16,-0.45,999.00,-127.5,0,33,0,2,-65,-67.7,6963,10,3,4.59,1,0,-3.66,2.32,0
20:03:15,34.095,831261,831248,0,0,1,37.496357,126.958269,0.74,158.2,1,158.2,1,133.7,0,0.00,10.82,31.80,0.9812,47.92,4.087,14,94958,1.106,1,156.6,"1.58,0.20,10.70","-21.2,-23.7,-0.1","-78.300,62.550,36.000",1.89,13.54,0.00,0,7955,6967,9,1.03,37.496356,126.958270,816,0,0,0,7.53,-0.47,999.00,-129.1,0,33,0,2,-66,-68.1,6967,14,3,4.77,1,0,-3.66,2.32,0
20:03:15,34.261,831452,831451,0,0,1,37.496357,126.958269,0.74,158.2,1,158.2,1,134.0,0,0.00,9.77,4.35,0.8498,45.90,4.064,14,94981,1.106,1,156.6,"0.11,-4.71,8.56","2.7,-3.3,-0.8","-75.150,59.850,26.250",5.56,14.98,0.00,0,7957,6968,9,1.03,37.496356,126.958270,816,0,0,0,7.53,-0.47,999.00,-129.1,0,33,0,2,-71,-68.7,6968,98,3,5.04,1,0,-3.66,2.32,0
20:03:15,34.395,831653,831652,0,0,1,37.496350,126.958272,1.11,159.5,1,159.5,1,137.8,0,2.94,15.21,9.04,0.9588,35.75,3.966,14,95005,1.482,1,162.1,"0.58,3.98,14.67","-1.8,-6.1,-6.5","-67.500,57.750,16.500",5.84,15.80,0.00,0,7959,6970,9,1.03,37.496344,126.958275,817,0,0,0,7.53,-0.47,999.00,-129.1,0,33,0,2,-70,-70.3,6970,91,3,5.86,1,0,-3.66,2.32,0
20:03:15,34.510,831754,831753,0,0,1,37.496349,126.958273,1.11,159.5,1,159.5,1,137.9,0,0.00,8.53,41.21,0.3695,35.75,3.966,14,95017,1.482,1,162.1,"6.43,-4.25,3.66","6.2,40.6,-2.7","-64.800,53.550,18.750",10.51,22.23,0.00,0,7960,6971,9,1.03,37.496344,126.958275,817,0,0,0,8.00,-0.82,999.00,-137.6,0,33,0,2,-73,-70.8,6971,86,3,6.17,1,0,-3.66,2.32,0
20:03:15,34.576,831855,831854,0,0,1,37.496348,126.958273,1.11,159.5,1,159.5,1,138.0,0,0.00,11.74,60.18,0.9852,28.91,3.558,14,95029,1.482,1,162.1,"1.41,7.18,9.18","-52.7,28.9,-3.0","-62.400,49.800,17.700",6.92,11.39,0.00,0,7961,6972,9,1.03,37.496344,126.958275,817,0,0,0,8.00,0.00,999.00,-137.6,0,33,0,2,-81,-72.9,6972,80,3,7.49,1,0,-3.66,2.32,0
20:03:15,34.684,831956,831955,0,0,1,37.496347,126.958273,1.11,159.5,1,159.5,1,138.1,0,0.00,17.04,43.13,0.9875,28.00,3.333,14,95041,1.482,1,162.1,"-2.95,1.15,16.75","32.8,-28.0,0.2","-60.450,47.700,18.450",7.01,29.55,0.00,0,7962,6973,9,1.03,37.496344,126.958275,817,0,0,0,8.00,0.00,999.00,-137.6,0,33,0,2,-73,-72.9,6973,76,3,7.51,1,0,-3.66,2.32,0
20:03:15,34.810,832061,832060,0,0,1,37.496347,126.958274,1.11,159.5,1,159.5,1,138.2,0,0.00,11.91,21.96,0.9536,31.24,3.148,14,95052,1.482,1,162.1,"2.29,-1.66,11.57","-21.9,2.0,0.5","-56.100,45.150,21.750",3.68,20.58,0.00,0,7963,6974,9,1.03,37.496344,126.958275,817,0,0,0,8.40,0.00,999.00,-138.7,0,33,0,2,-72,-72.7,6974,73,3,7.38,1,0,-3.66,2.32,0
20:03:15,34.881,832161,832160,0,0,1,37.496346,126.958274,1.11,159.5,1,159.5,1,138.3,0,-2.04,4.70,12.81,0.9550,31.59,3.142,14,95064,1.482,1,162.1,"-1.08,1.55,4.30","10.1,-5.7,5.5","-50.100,43.800,21.900",6.93,22.14,0.00,0,7964,6975,9,1.03,37.496344,126.958275,817,0,0,0,8.40,0.00,999.00,-138.7,0,33,0,2,-74,-73.0,6975,70,3,7.57,1,0,-3.66,2.32,0
20:03:15,34.995,832261,832260,0,0,1,37.496345,126.958274,1.11,159.5,1,159.5,1,138.4,0,4.20,36.58,27.56,0.7796,35.32,3.002,14,95076,1.482,1,162.1,"-3.16,15.42,33.02","8.5,-25.8,-4.6","-46.950,44.400,27.000",25.58,25.58,0.00,0,7965,6976,9,1.03,37.496344,126.958275,817,0,0,0,8.40,0.00,999.00,-138.7,0,33,0,2,-72,-72.8,6976,64,3,7.43,1,0,-3.66,2.32,0
20:03:16,35.344,832368,832367,0,0,1,37.496345,126.958274,1.11,159.5,1,159.5,1,138.8,0,0.00,18.25,24.18,0.9328,39.32,2.899,14,95089,1.482,1,162.1,"4.12,0.72,17.76","1.3,-24.0,2.9","-43.350,42.300,31.950",7.29,18.06,0.00,0,7966,6977,9,1.03,37.496344,126.958275,817,0,0,0,8.40,0.00,999.00,-138.7,0,33,0,2,-76,-73.4,6977,67,3,7.90,1,0,-3.66,2.32,0
20:03:16,35.443,832683,832682,0,0,1,37.496336,126.958278,1.32,161.0,1,161.0,1,141.9,0,0.00,15.50,14.68,0.8319,52.59,2.964,14,95127,1.538,1,163.8,"-10.00,-10.71,-5.05","-5.3,13.4,-2.6","-42.450,52.500,43.950",21.17,38.22,0.00,0,7969,6979,9,0.94,37.496331,126.958279,818,0,0,0,8.40,0.00,999.00,-138.7,0,33,0,2,-81,-76.3,6979,172,3,10.40,1,0,-3.66,2.32,0
20:03:16,35.612,832886,832885,0,0,1,37.496334,126.958279,1.32,161.0,1,161.0,1,142.2,0,0.00,5.12,11.74,0.9618,52.59,2.964,14,95151,1.538,1,163.8,"0.53,-4.49,-2.40","-3.5,-11.0,-2.1","-48.300,56.400,42.150",12.67,19.37,0.00,0,7971,6981,9,0.94,37.496331,126.958279,818,0,0,0,9.60,0.00,999.00,-142.9,0,33,0,2,-75,-75.7,6981,57,3,9.79,1,0,-3.66,2.32,0
20:03:16,35.744,832991,832990,0,0,1,37.496333,126.958279,1.32,161.0,1,161.0,1,142.2,0,0.00,15.19,67.66,0.9521,53.82,3.248,14,95162,1.538,1,163.8,"0.87,8.94,12.24","-66.5,12.2,-2.4","-50.550,58.350,39.900",8.90,11.96,0.00,0,7972,6982,9,0.94,37.496331,126.958279,818,0,0,0,9.41,0.00,999.00,-146.8,0,33,0,2,-74,-75.3,6982,55,3,9.48,1,0,-3.66,2.32,0
20:03:17,36.247,833091,833090,0,0,1,37.496332,126.958279,1.32,161.0,1,161.0,1,147.2,0,75.84,9.03,85.67,0.9320,53.82,3.248,14,95174,1.538,1,163.8,"0.94,-1.36,8.87","29.6,15.8,-78.8","-47.700,58.950,34.800",2.18,15.08,0.00,0,7973,6983,9,0.94,37.496331,126.958279,818,0,0,0,9.00,0.00,999.00,-146.2,0,33,0,2,-80,-76.3,6983,47,3,10.36,1,0,-3.66,2.32,0
20:03:17,36.416,833618,833617,0,0,1,37.496321,126.958283,1.40,162.8,1,162.8,1,156.5,0,3.13,3.97,38.19,0.3591,48.63,3.061,14,95238,1.476,1,166.1,"-3.02,-2.44,-0.82","36.9,7.2,-7.0","-40.650,57.600,38.700",12.05,19.32,0.00,0,7978,6986,9,1.03,37.496316,126.958284,819,0,0,0,10.23,0.00,999.00,-149.8,0,33,0,2,-80,-78.3,6986,50,3,12.00,1,0,-3.66,2.32,0
20:03:17,36.627,833820,833819,0,0,1,37.496319,126.958284,1.40,162.8,1,162.8,1,157.1,0,1.74,14.32,18.39,0.8684,50.79,3.170,14,95262,1.476,1,166.1,"0.17,-2.08,14.17","-17.3,3.7,-5.0","-41.400,59.550,39.900",4.31,17.57,0.00,0,7980,6988,9,1.03,37.496316,126.958284,819,0,0,0,10.65,0.00,999.00,-150.3,0,33,0,2,-78,-79.5,6988,42,3,12.00,1,0,-3.66,2.32,0
20:03:17,36.849,834025,834024,0,0,1,37.496317,126.958285,1.40,162.8,1,162.8,1,157.4,0,0.00,17.25,19.82,0.8245,49.61,3.213,14,95285,1.476,1,166.1,"1.39,0.79,17.18","12.2,-15.4,-2.8","-38.700,60.300,37.950",6.40,19.75,0.00,0,7982,6990,9,1.03,37.496316,126.958284,819,0,0,0,10.65,0.00,999.00,-150.3,0,33,0,2,-73,-77.5,6990,32,3,11.61,1,0,-3.66,2.32,0
20:03:17,36.993,834226,834225,0,0,1,37.496315,126.958285,1.40,162.8,1,162.8,1,157.6,0,0.00,15.71,6.93,0.9569,50.43,3.105,14,95309,1.476,1,166.1,"-0.24,4.00,15.19","6.1,3.3,0.3","-34.500,60.000,39.900",5.31,31.47,0.00,0,7984,6992,9,1.03,37.496316,126.958284,819,0,0,0,11.06,0.00,999.00,-150.8,0,33,0,2,-75,-76.6,6992,25,3,10.67,1,0,-3.66,2.32,0
20:03:18,37.119,834326,834325,0,0,1,37.496314,126.958286,1.40,162.8,1,162.8,1,157.6,0,1.37,3.64,9.59,0.7772,50.43,3.105,14,95321,1.476,1,166.1,"1.04,-3.48,0.25","-5.2,6.6,-4.6","-33.300,60.750,42.150",11.17,23.77,0.00,0,7985,6993,9,1.03,37.496316,126.958284,819,0,0,0,11.06,0.00,999.00,-150.8,0,33,0,2,-75,-76.3,6993,20,3,10.35,1,0,-3.66,2.32,0
20:03:18,37.210,834534,834533,0,0,1,37.496314,126.958286,1.40,162.8,1,162.8,1,157.6,0,0.00,19.63,37.97,0.9903,60.85,3.041,14,95346,1.476,1,166.1,"10.09,9.57,13.85","-17.3,33.8,0.8","-31.200,64.500,50.250",14.46,23.82,0.00,0,7987,6995,9,1.03,37.496316,126.958284,819,0,0,0,11.06,0.00,999.00,-150.8,0,33,0,2,-77,-76.2,6995,18,3,10.30,1,0,-3.66,2.32,0
20:03:18,37.434,834635,834634,0,0,1,37.496306,126.958287,1.51,168.9,1,168.9,1,159.1,0,0.00,3.98,24.56,0.9955,66.16,3.133,14,95358,1.626,1,180.1,"3.08,0.10,2.52","-24.0,5.4,-0.0","-34.350,67.200,55.050",7.57,10.35,0.00,0,7988,6996,9,1.03,37.496302,126.958286,820,0,0,0,11.36,0.00,999.00,-160.6,0,33,0,2,-77,-76.4,6996,13,3,10.45,1,0,-3.66,2.32,0
20:03:18,37.560,834849,834836,0,0,1,37.496303,126.958287,1.51,168.9,1,168.9,1,159.2,0,0.00,6.30,37.26,0.8446,70.16,3.369,14,95381,1.626,1,180.1,"4.57,-2.95,3.17","-36.0,-8.8,3.5","-41.400,74.100,58.650",9.02,24.07,0.00,0,7990,6998,9,1.03,37.496302,126.958286,820,0,0,0,11.78,0.00,999.00,-160.9,0,33,0,2,-81,-77.6,6998,14,3,11.71,1,0,-3.66,2.32,0
20:03:18,37.782,834941,834940,0,0,1,37.496302,126.958288,1.51,168.9,1,168.9,1,159.1,0,11.05,15.26,28.79,-0.8554,72.56,3.605,14,95392,1.626,1,180.1,"-3.15,0.92,14.91","-25.4,-1.3,-13.6","-42.750,78.750,58.800",6.25,21.48,0.00,0,7991,6998,9,1.03,37.496302,126.958286,820,0,0,0,11.78,0.00,999.00,-160.9,0,33,0,2,-81,-77.6,6998,106,3,11.71,1,0,-3.66,2.32,0
20:03:18,37.893,835149,835148,0,0,1,37.496299,126.958288,1.51,168.9,1,168.9,1,159.5,0,0.00,23.53,57.19,0.9463,67.84,4.031,14,95414,1.626,1,180.1,"-1.89,-7.96,-22.06","56.5,-7.7,-4.6","-51.750,87.600,51.900",31.27,31.27,0.00,0,7993,6999,9,1.03,37.496302,126.958286,820,0,0,0,-1.00,0.00,999.00,0.0,0,33,0,2,-80,-78.0,6999,104,1,12.00,1,0,-3.66,2.32,0
20:03:19,38.056,835268,835255,0,0,1,37.496298,126.958289,1.51,168.9,1,168.9,1,159.8,0,7.91,9.57,53.14,-0.0375,66.50,4.195,14,95427,1.626,1,180.1,"1.67,-6.48,6.83","-47.0,23.0,-9.3","-56.100,90.150,47.550",6.75,19.96,0.00,0,7994,7001,9,1.03,37.496302,126.958286,820,0,0,0,-1.00,0.00,999.00,0.0,0,33,0,2,-81,-78.6,7001,13,1,12.00,1,0,-3.66,2.32,0
20:03:19,38.160,835465,835464,0,0,1,37.496298,126.958289,1.51,168.9,1,168.9,1,160.3,0,-1.09,10.58,27.60,0.9957,48.91,4.313,14,95451,1.626,1,180.1,"-1.37,0.91,10.45","14.0,-23.5,3.7","-61.500,87.000,34.050",2.56,16.33,0.00,0,7996,7002,9,1.03,37.496302,126.958286,820,0,0,0,-1.00,0.00,999.00,0.0,0,33,0,2,-77,-78.3,7002,101,1,12.00,1,0,-3.66,2.32,0
20:03:19,38.381,835573,835572,0,0,1,37.496290,126.958289,1.59,173.3,1,173.3,1,161.8,0,6.08,10.33,33.59,0.9524,44.84,4.256,14,95464,1.662,1,181.6,"-0.93,3.60,9.64","-32.3,0.9,-9.0","-63.600,82.800,30.450",3.50,29.27,0.00,0,7997,7003,9,1.03,37.496285,126.958288,821,0,0,0,-1.00,0.00,999.00,0.0,0,33,0,2,-79,-78.4,7003,108,1,12.00,1,0,-3.66,2.32,0
20:03:19,38.926,835774,835773,0,0,1,37.496287,126.958289,1.59,173.3,1,173.3,1,161.6,0,1.49,18.15,19.86,0.6706,38.96,4.260,14,95488,1.662,1,181.6,"-12.99,-9.88,7.94","11.8,-15.4,-4.3","-63.900,78.900,22.650",16.49,19.99,0.00,0,7999,7005,9,1.03,37.496285,126.958288,821,0,0,0,-1.00,0.00,999.00,0.0,0,33,0,2,-81,-78.6,7005,87,1,12.00,1,0,-3.66,2.32,0
20:03:20,39.505,836293,836292,0,0,1,37.496280,126.958290,1.59,173.3,1,173.3,1,164.1,0,0.00,12.03,27.44,0.9954,18.93,3.721,14,95549,1.662,1,181.6,"0.26,1.41,11.95","25.5,-9.9,2.6","-52.650,68.100,6.000",2.54,14.09,0.00,0,8004,7008,9,1.03,37.496285,126.958288,821,0,0,0,-1.00,0.00,999.00,0.0,0,33,0,2,-79,-78.9,7008,193,1,12.00,1,0,-3.66,2.32,0
20:03:21,40.549,836909,836908,0,0,1,37.496268,126.958292,1.59,175.9,1,175.9,1,166.2,0,5.67,12.71,15.78,0.9783,31.50,2.745,14,95623,1.590,1,180.7,"0.91,-1.56,12.58","3.6,12.8,-8.5","-19.650,54.900,19.950",3.37,12.42,0.00,0,8010,7013,9,1.03,37.496269,126.958292,822,0,0,0,-1.00,0.00,999.00,0.0,0,33,0,2,-77,-78.7,7013,71,1,12.00,1,0,-3.66,2.32,0
20:03:21,40.865,837849,837848,0,0,1,37.496255,126.958294,1.31,178.4,1,178.4,1,169.1,0,2.00,11.61,37.87,0.9810,57.76,2.970,14,95735,1.024,1,183.0,"-2.60,-0.30,11.31","-20.2,31.5,-5.7","-19.200,65.550,45.150",2.52,11.16,0.00,0,8019,7021,9,1.03,37.496258,126.958294,823,0,0,0,-1.00,0.00,999.00,0.0,0,33,0,2,-85,-79.4,7021,168,1,12.00,1,0,-3.66,2.32,0
20:03:22,41.246,838162,838161,0,0,1,37.496251,126.958294,1.31,178.4,1,178.4,1,169.1,0,0.00,9.76,18.61,0.9844,60.13,3.073,14,95771,1.024,1,183.0,"-0.18,-1.22,9.68","7.0,17.1,-2.6","-24.150,67.050,47.400",1.15,4.69,0.00,0,8022,7024,9,1.03,37.496258,126.958294,823,0,0,0,-1.00,0.00,999.00,0.0,0,33,0,2,-87,-82.8,7024,57,1,12.00,1,0,-3.66,2.32,0
20:03:22,41.782,838583,838582,0,0,1,37.496248,126.958295,0.86,182.2,1,182.2,1,170.7,0,0.00,10.00,2.97,0.9960,59.07,3.129,14,95822,0.412,1,189.3,"-0.11,-0.34,9.99","-1.3,-1.8,-2.0","-25.350,68.250,46.200",0.61,0.93,0.00,0,8026,7027,9,1.03,37.496252,126.958295,824,0,0,0,-1.00,0.00,999.00,0.0,0,33,0,2,-78,-81.1,7027,58,1,12.00,1,0,-3.66,2.32,0
20:03:23,42.802,839111,839110,0,0,1,37.496243,126.958295,0.86,182.2,1,182.2,1,170.7,0,0.00,9.76,1.96,0.9991,60.32,3.128,14,95882,0.412,1,189.3,"-0.18,0.16,9.76","1.4,1.3,0.4","-24.600,68.700,47.400",0.27,0.41,0.00,0,8031,7031,9,1.03,37.496252,126.958295,824,0,0,0,-1.00,0.00,999.00,0.0,0,33,0,2,-77,-79.5,7031,56,1,12.00,1,0,-3.66,2.32,0
20:03:23,43.009,840148,840147,0,0,1,37.496241,126.958296,0.44,182.2,1,182.2,1,170.7,0,0.00,9.78,1.57,0.9993,61.23,3.072,14,96005,0.026,1,189.3,"-0.23,0.18,9.77","1.4,0.8,-0.1","-23.400,67.500,48.450",0.08,0.15,0.00,0,8041,7039,9,1.10,37.496248,126.958296,825,0,0,0,-1.00,0.00,999.00,0.0,0,33,0,2,-76,-77.1,7039,29,1,11.20,1,0,-3.66,2.32,0
20:03:24,43.462,840248,840247,0,0,1,37.496241,126.958296,0.44,182.2,1,182.2,1,170.7,0,0.00,9.69,1.15,0.9994,58.48,3.078,14,96017,0.026,1,189.3,"-0.15,0.30,9.69","-0.1,-0.9,-0.8","-24.450,66.900,45.750",0.13,0.16,0.00,0,8042,7040,9,1.10,37.496248,126.958296,825,0,0,0,-1.00,0.00,999.00,0.0,0,33,0,2,-76,-76.9,7040,24,1,10.97,1,0,-3.66,2.32,0
20:03:24,43.766,840866,840865,0,0,1,37.496242,126.958297,0.24,170.7,0,182.2,1,170.7,0,0.00,9.76,2.65,0.9995,59.22,3.086,14,96091,0.036,1,189.3,"-0.23,0.27,9.75","0.2,-2.5,0.7","-25.200,66.900,46.500",0.06,0.18,0.00,0,8048,7044,9,1.10,37.496247,126.958300,826,0,0,0,-1.00,0.00,999.00,0.0,0,33,0,2,-76,-76.4,7044,18,1,10.45,1,0,-3.66,2.32,0
20:03:24,43.944,841184,841171,0,0,1,37.496242,126.958297,0.24,170.7,0,182.2,1,170.7,0,0.00,9.74,2.49,0.9995,59.02,3.116,14,96126,0.036,1,189.3,"-0.21,0.26,9.73","-0.7,1.2,-2.1","-25.350,67.800,46.200",0.04,0.20,0.00,0,8051,7047,9,1.10,37.496247,126.958300,826,0,0,0,-1.00,0.00,999.00,0.0,0,33,0,2,-75,-75.8,7047,18,1,9.93,1,0,-3.66,2.32,0
20:03:25,44.162,841287,841274,0,0,1,37.496242,126.958297,0.24,170.7,0,182.2,1,170.7,0,0.00,9.69,2.69,0.9998,59.78,3.082,14,96137,0.036,1,189.3,"-0.31,0.32,9.68","0.9,1.9,-1.6","-23.100,67.800,46.950",0.12,0.21,0.00,0,8052,7048,9,1.10,37.496247,126.958300,826,0,0,0,-1.00,0.00,999.00,0.0,0,33,0,2,-76,-75.9,7048,18,1,9.96,1,0,-3.66,2.32,0
20:03:27,46.315,841493,841480,0,0,1,37.496242,126.958297,0.24,170.7,0,182.2,1,170.7,0,0.00,9.67,2.09,0.9994,60.10,3.123,14,96159,0.036,1,189.3,"-0.32,0.15,9.67","-0.3,2.0,0.3","-25.500,68.100,47.250",0.13,0.15,0.00,0,8054,7050,9,1.10,37.496247,126.958300,826,0,0,0,-1.00,0.00,999.00,0.0,0,33,0,2,-75,-75.7,7050,14,1,9.82,1,0,-3.66,2.32,0
20:03:27,46.530,843749,843748,0,0,1,37.496244,126.958303,0.03,170.7,0,182.2,1,170.7,0,0.00,9.72,3.73,0.9995,60.17,3.061,14,96424,0.000,1,189.3,"-0.19,0.29,9.72","3.0,1.3,1.8","-25.200,66.150,47.550",0.07,0.16,0.00,0,8076,7070,9,1.07,37.496243,126.958307,829,0,0,0,-1.00,0.00,999.00,0.0,0,33,0,2,-76,-75.8,7070,57,1,9.89,1,0,-3.66,2.32,0
20:03:27,46.711,843850,843849,0,0,1,37.496244,126.958303,0.03,170.7,0,182.2,1,170.7,0,0.00,9.75,2.17,0.9995,59.97,3.073,14,96436,0.000,1,189.3,"-0.26,0.22,9.74","1.3,-1.7,0.5","-24.450,66.900,47.250",0.05,0.18,0.00,0,8077,7071,9,1.07,37.496243,126.958307,829,0,0,0,-1.00,0.00,999.00,0.0,0,33,0,2,-75,-75.6,7071,52,1,9.74,1,0,-3.66,2.32,0
20:03:28,48.023,844055,844054,0,0,1,37.496244,126.958303,0.03,170.7,0,182.2,1,170.7,0,0.00,9.77,2.20,0.9995,61.15,3.088,14,96459,0.000,1,189.3,"-0.17,0.35,9.76","1.0,1.6,1.1","-23.250,68.100,48.300",0.14,0.17,0.00,0,8079,7072,9,1.07,37.496243,126.958307,829,0,0,0,-1.00,0.00,999.00,0.0,0,33,0,2,-76,-75.7,7072,144,1,9.81,1,0,-3.66,2.32,0
20:03:29,48.542,845399,845386,0,0,1,37.496244,126.958305,0.03,170.7,0,182.2,1,170.7,0,0.00,9.60,2.55,0.9989,58.86,3.103,14,96613,0.026,1,189.3,"-0.19,0.09,9.60","1.7,-1.4,-1.3","-24.750,67.650,46.050",0.18,0.18,0.00,0,8092,7084,9,1.10,37.496243,126.958310,830,0,0,0,-1.00,0.00,999.00,0.0,0,33,0,2,-76,-75.2,7084,16,1,9.39,1,0,-3.66,2.32,0
20:03:29,49.016,845696,845695,0,0,1,37.496243,126.958307,0.02,170.7,0,182.2,1,170.7,0,0.00,9.75,4.01,0.9988,60.79,3.114,14,96646,0.010,1,189.3,"-0.05,0.22,9.74","-2.1,1.7,-3.0","-25.950,67.650,48.000",0.18,0.18,0.00,0,8095,7087,9,1.07,37.496243,126.958313,831,0,0,0,-1.00,0.00,999.00,0.0,0,33,0,2,-75,-75.5,7087,0,1,9.79,1,0,-3.66,2.32,0
20:03:30,49.176,846424,846423,0,0,1,37.496243,126.958307,0.02,170.7,0,182.2,1,170.7,0,0.00,9.66,4.03,0.9995,59.69,3.070,14,96732,0.010,1,189.3,"-0.21,0.29,9.66","1.6,-3.5,1.1","-23.850,67.050,46.950",0.09,0.18,0.00,0,8102,7091,9,1.07,37.496243,126.958313,831,0,0,0,-1.00,0.00,999.00,0.0,0,33,0,2,-75,-75.7,7091,94,1,9.82,1,0,-3.66,2.32,0
20:03:30,49.953,846523,846522,0,0,1,37.496243,126.958307,0.02,170.7,0,182.2,1,170.7,0,0.00,9.71,1.69,0.9996,59.66,3.110,14,96744,0.010,1,189.3,"-0.32,0.23,9.71","0.5,-0.9,-1.3","-24.450,68.100,46.800",0.09,0.24,0.00,0,8103,7092,9,1.07,37.496243,126.958313,831,0,0,0,-1.00,0.00,999.00,0.0,0,33,0,2,-76,-75.8,7092,88,1,9.88,1,0,-3.66,2.32,0
20:03:31,50.385,847355,847354,0,0,1,37.496243,126.958309,0.02,170.7,0,182.2,1,170.6,0,0.00,9.74,1.53,0.9993,60.10,3.123,14,96841,0.015,1,189.3,"-0.10,0.34,9.73","-0.2,0.2,-1.5","-25.500,68.100,47.250",0.18,0.24,0.00,0,8111,7100,9,1.07,37.496242,126.958314,832,0,0,0,-1.00,0.00,999.00,0.0,0,33,0,2,-76,-75.9,7100,70,1,10.00,1,0,-3.66,2.32,0
20:03:32,51.677,847664,847663,0,0,1,37.496242,126.958311,0.01,170.7,0,182.2,1,170.6,0,-0.04,9.82,3.07,0.9991,60.78,3.129,14,96878,0.005,1,189.3,"-0.20,0.16,9.82","-1.4,-1.1,2.5","-27.000,67.650,48.000",0.13,0.18,0.00,0,8114,7103,9,1.03,37.496241,126.958315,833,0,0,0,-1.00,0.00,999.00,0.0,0,33,0,2,-77,-76.3,7103,69,1,10.40,1,0,-3.66,2.32,0
20:03:33,52.306,849111,849110,0,0,1,37.496242,126.958312,0.01,170.7,0,182.2,1,170.6,0,0.80,9.68,4.41,0.9995,60.09,3.130,14,97048,0.005,1,189.3,"-0.26,0.22,9.68","0.2,-1.0,-4.3","-25.950,68.100,47.250",0.05,0.19,0.00,0,8128,7116,9,1.03,37.496240,126.958315,834,0,0,0,-1.00,0.00,999.00,0.0,0,33,0,2,-74,-76.2,7116,34,1,10.30,1,0,-3.66,2.32,0
20:03:33,52.950,849733,849732,0,0,1,37.496241,126.958313,0.01,170.7,0,182.2,1,170.7,0,0.00,9.76,3.27,0.9997,59.73,3.098,14,97123,0.005,1,189.3,"-0.37,0.25,9.75","2.9,-1.6,-0.2","-24.900,67.500,46.950",0.14,0.25,0.00,0,8134,7122,9,1.10,37.496240,126.958316,835,0,0,0,-1.00,0.00,999.00,0.0,0,33,0,2,-80,-78.3,7122,27,1,12.00,1,0,-3.66,2.32,0
20:03:34,53.191,850255,850242,0,0,1,37.496241,126.958313,0.01,170.7,0,182.2,1,170.7,0,0.12,9.74,3.75,0.9992,59.25,3.095,14,97181,0.005,1,189.3,"-0.31,0.13,9.73","0.0,0.8,-3.7","-25.200,67.200,46.500",0.13,0.17,0.00,0,8139,7127,9,1.10,37.496240,126.958316,835,0,0,0,-1.00,0.00,999.00,0.0,0,33,0,2,-74,-78.1,7127,14,1,12.00,1,0,-3.66,2.32,0
20:03:34,53.837,850451,850450,0,0,1,37.496241,126.958313,0.01,170.7,0,182.2,1,170.7,0,0.00,9.80,3.39,0.9993,59.96,3.035,14,97205,0.005,1,189.3,"-0.22,0.22,9.80","2.8,-1.9,-0.1","-24.600,65.550,47.400",0.08,0.18,0.00,0,8141,7127,9,1.10,37.496240,126.958316,835,0,0,0,-1.00,0.00,999.00,0.0,0,33,0,2,-74,-78.1,7127,210,1,12.00,1,0,-3.66,2.32,0
20:03:35,54.996,851162,851161,0,0,1,37.496240,126.958314,0.02,170.7,0,182.2,1,170.6,0,-0.80,9.85,3.91,0.9994,59.38,3.141,14,97287,0.031,1,189.3,"-0.16,0.30,9.84","0.7,-1.9,3.3","-25.950,68.400,46.500",0.16,0.18,0.00,0,8148,7134,9,1.03,37.496238,126.958316,836,0,0,0,-1.00,0.00,999.00,0.0,0,33,0,2,-80,-79.7,7134,83,1,12.00,1,0,-3.66,2.32,0
20:03:36,55.375,852410,852409,0,0,1,37.496239,126.958315,0.01,170.7,0,182.2,1,170.6,0,0.00,9.81,3.03,0.9995,59.08,3.118,14,97436,0.010,1,189.3,"-0.36,0.19,9.80","-1.1,-2.7,-0.9","-24.600,68.250,46.200",0.16,0.18,0.00,0,8160,7144,9,1.03,37.496237,126.958316,837,0,0,0,-1.00,0.00,999.00,0.0,0,33,0,2,-78,-81.6,7144,66,1,12.00,1,0,-3.66,2.32,0
20:03:36,55.539,852711,852710,0,0,1,37.496239,126.958316,0.01,170.7,0,182.2,1,170.6,0,0.00,9.72,4.10,0.9994,59.32,3.090,14,97472,0.015,1,189.3,"-0.16,0.27,9.72","-0.4,-4.1,0.1","-26.100,66.600,46.650",0.09,0.16,0.00,0,8163,7147,9,1.03,37.496237,126.958317,838,0,0,0,-1.00,0.00,999.00,0.0,0,33,0,2,-81,-81.1,7147,51,1,12.00,1,0,-3.66,2.32,0
20:03:36,55.608,852813,852812,0,0,1,37.496239,126.958316,0.01,170.7,0,182.2,1,170.6,0,0.00,9.82,3.36,0.9992,60.38,3.059,14,97484,0.015,1,189.3,"-0.22,0.18,9.81","0.8,2.4,-2.2","-24.150,66.600,47.700",0.10,0.19,0.00,0,8164,7148,9,1.03,37.496237,126.958317,838,0,0,0,-1.00,0.00,999.00,0.0,0,33,0,2,-80,-80.9,7148,47,1,12.00,1,0,-3.66,2.32,0
20:03:37,56.665,852914,852913,0,0,1,37.496239,126.958316,0.01,170.7,0,182.2,1,170.6,0,0.25,9.71,4.45,0.9995,59.68,3.081,14,97496,0.015,1,189.3,"-0.22,0.26,9.71","-2.2,0.6,-3.8","-24.600,67.050,46.950",0.04,0.19,0.00,0,8165,7149,9,1.03,37.496237,126.958317,838,0,0,0,-1.00,0.00,999.00,0.0,0,33,0,2,-81,-80.9,7149,42,1,12.00,1,0,-3.66,2.32,0
20:03:38,57.108,853947,853946,0,0,1,37.496238,126.958316,0.02,170.7,0,182.2,1,170.6,0,0.00,9.87,3.21,0.9996,58.72,3.064,14,97617,0.031,1,189.3,"-0.28,0.26,9.86","-1.5,1.8,-2.2","-24.450,66.450,46.050",0.16,0.16,0.00,0,8175,7157,9,1.03,37.496235,126.958318,839,0,0,0,-1.00,0.00,999.00,0.0,0,33,0,2,-78,-79.7,7157,12,1,12.00,1,0,-3.66,2.32,0
20:03:38,57.920,854153,854152,0,0,1,37.496238,126.958316,0.02,170.7,0,182.2,1,170.6,0,0.00,9.69,2.19,0.9994,60.10,3.119,14,97639,0.031,1,189.3,"-0.23,0.21,9.69","1.3,1.5,-1.0","-25.200,68.100,47.250",0.03,0.14,0.00,0,8177,7158,9,1.03,37.496235,126.958318,839,0,0,0,-1.00,0.00,999.00,0.0,0,33,0,2,-79,-79.5,7158,113,1,12.00,1,0,-3.66,2.32,0
20:03:39,58.292,855291,855290,0,0,1,37.496237,126.958317,0.03,170.7,0,182.2,1,170.6,0,0.00,9.64,3.56,0.9993,59.52,3.075,14,97766,0.036,1,189.3,"-0.18,0.23,9.63","-0.9,2.6,-2.3","-24.450,66.900,46.800",0.10,0.13,0.00,0,8188,7166,9,1.03,37.496234,126.958318,840,0,0,0,-1.00,0.00,999.00,0.0,0,33,0,2,-79,-79.6,7166,98,1,12.00,1,0,-3.66,2.32,0
20:03:40,59.279,855498,855497,0,0,1,37.496237,126.958317,0.03,170.7,0,182.2,1,170.6,0,0.00,9.63,2.58,0.9993,59.66,3.110,14,97791,0.036,1,189.3,"-0.20,0.20,9.63","0.7,-1.3,-2.1","-24.450,68.100,46.800",0.10,0.20,0.00,0,8190,7168,9,1.03,37.496234,126.958318,840,0,0,0,-1.00,0.00,999.00,0.0,0,33,0,2,-77,-79.0,7168,95,1,12.00,1,0,-3.66,2.32,0
20:03:40,59.710,856623,856622,0,0,1,37.496235,126.958317,0.02,170.7,0,182.2,1,170.6,0,0.00,9.79,2.32,0.9989,58.20,3.075,14,97924,0.010,1,189.3,"-0.13,0.15,9.79","-0.1,-0.5,2.3","-23.850,67.050,45.450",0.12,0.14,0.00,0,8201,7178,9,1.03,37.496232,126.958317,842,0,0,0,-1.00,0.00,999.00,0.0,0,33,0,2,-72,-74.3,7178,61,1,8.59,1,0,-3.66,2.32,0
20:03:41,60.244,857131,857130,0,0,1,37.496235,126.958317,0.02,170.7,0,182.2,1,170.6,0,0.00,9.71,0.92,0.9996,59.60,3.052,14,97983,0.010,1,189.3,"-0.19,0.38,9.70","0.1,0.6,0.6","-24.150,66.300,46.950",0.15,0.22,0.00,0,8206,7182,9,1.03,37.496232,126.958317,842,0,0,0,-1.00,0.00,999.00,0.0,0,33,0,2,-78,-75.4,7182,41,1,9.53,1,0,-3.66,2.32,0
20:03:43,62.110,857551,857550,0,0,1,37.496235,126.958317,0.02,170.7,0,182.2,1,170.6,0,0.00,9.68,3.62,0.9992,59.43,3.063,14,98034,0.010,1,189.3,"-0.24,0.14,9.68","3.4,-0.7,-1.1","-25.200,66.150,46.800",0.09,0.20,0.00,0,8210,7185,9,1.03,37.496232,126.958317,842,0,0,0,-1.00,0.00,999.00,0.0,0,33,0,2,-78,-76.4,7185,26,1,10.47,1,0,-3.66,2.32,0
20:03:43,62.832,859526,859513,0,0,1,37.496232,126.958316,0.01,170.7,0,182.2,1,170.6,0,0.00,9.63,2.30,0.9996,59.78,3.086,14,98257,0.015,1,189.3,"-0.24,0.31,9.62","1.3,-0.8,-1.8","-23.400,67.800,46.950",0.13,0.17,0.00,0,8229,7201,9,1.03,37.496230,126.958314,844,0,0,0,-1.00,0.00,999.00,0.0,0,33,0,2,-77,-76.3,7201,14,1,10.35,1,0,-3.66,2.32,0
20:03:44,63.327,860233,860232,0,0,1,37.496231,126.958315,0.02,170.7,0,182.2,1,170.6,0,0.00,9.62,2.29,0.9992,60.98,3.145,14,98340,0.026,1,189.3,"-0.12,0.24,9.62","-0.1,-0.7,-2.2","-24.750,69.300,48.000",0.14,0.17,0.00,0,8236,7207,9,1.10,37.496229,126.958312,845,0,0,0,-1.00,0.00,999.00,0.0,0,33,0,2,-75,-76.7,7207,87,1,10.74,1,0,-3.66,2.32,0
20:03:44,63.707,860754,860753,0,0,1,37.496230,126.958313,0.01,170.7,0,182.2,1,170.6,0,0.00,9.72,3.88,0.9994,60.89,3.109,14,98403,0.010,1,189.3,"-0.23,0.22,9.71","1.2,3.0,-2.2","-24.000,68.400,48.000",0.01,0.20,0.00,0,8241,7212,9,1.10,37.496227,126.958310,846,0,0,0,-1.00,0.00,999.00,0.0,0,33,0,2,-79,-78.3,7212,88,1,12.00,1,0,-3.66,2.32,0
20:03:44,63.859,860855,860854,0,0,1,37.496230,126.958313,0.01,170.7,0,182.2,1,170.6,0,0.00,9.74,4.11,0.9992,60.31,3.149,14,98415,0.010,1,189.3,"-0.14,0.25,9.74","3.6,-1.9,0.6","-26.100,68.700,47.400",0.09,0.17,0.00,0,8242,7212,9,1.10,37.496227,126.958310,846,0,0,0,-1.00,0.00,999.00,0.0,0,33,0,2,-79,-78.3,7212,189,1,12.00,1,0,-3.66,2.32,0
20:03:45,64.094,861267,861266,0,0,1,37.496230,126.958313,0.01,170.7,0,182.2,1,170.6,0,0.00,9.81,3.83,0.9990,60.92,3.101,14,98463,0.010,1,189.3,"-0.12,0.19,9.81","1.9,-3.2,-0.7","-25.350,67.500,48.150",0.15,0.19,0.00,0,8246,7216,9,1.10,37.496227,126.958310,846,0,0,0,-1.00,0.00,999.00,0.0,0,33,0,2,-81,-78.3,7216,56,1,12.00,1,0,-3.66,2.32,0
20:03:45,64.575,861480,861479,0,0,1,37.496230,126.958313,0.01,170.7,0,182.2,1,170.6,0,0.00,9.70,1.82,0.9996,60.76,3.053,14,98489,0.010,1,189.3,"-0.23,0.29,9.70","1.3,1.0,-0.7","-22.500,67.200,48.000",0.07,0.16,0.00,0,8248,7218,9,1.10,37.496227,126.958310,846,0,0,0,-1.00,0.00,999.00,0.0,0,33,0,2,-74,-77.2,7218,72,1,11.35,1,0,-3.66,2.32,0
20:03:46,65.101,861984,861983,0,0,1,37.496229,126.958311,0.01,170.7,0,182.2,1,170.6,0,0.00,9.85,3.43,0.9994,60.65,3.079,14,98549,0.005,1,189.3,"-0.23,0.21,9.84","-0.6,2.7,-2.0","-25.950,66.450,48.000",0.12,0.13,0.00,0,8253,7222,9,1.10,37.496226,126.958307,847,0,0,0,-1.00,0.00,999.00,0.0,0,33,0,2,-77,-77.3,7222,54,1,11.48,1,0,-3.66,2.32,0
20:03:46,65.376,862506,862505,0,0,1,37.496229,126.958311,0.01,170.7,0,182.2,1,170.6,0,0.00,9.65,2.67,0.9992,59.77,3.107,14,98611,0.005,1,189.3,"-0.16,0.21,9.64","0.9,-2.5,-0.2","-24.900,67.800,46.950",0.10,0.16,0.00,0,8258,7224,9,1.10,37.496226,126.958307,847,0,0,0,-1.00,0.00,999.00,0.0,0,33,0,2,-84,-78.6,7224,51,1,12.00,1,0,-3.66,2.32,0
20:03:47,66.578,862708,862707,0,0,1,37.496228,126.958310,0.01,170.7,0,182.2,1,170.6,0,0.00,9.76,1.86,0.9997,60.27,3.060,14,98635,0.010,1,189.3,"-0.28,0.34,9.75","-1.3,-0.1,-1.3","-23.550,66.900,47.550",0.12,0.18,0.00,0,8260,7226,9,1.10,37.496225,126.958306,848,0,0,0,-1.00,0.00,999.00,0.0,0,33,0,2,-81,-79.5,7226,42,1,12.00,1,0,-3.66,2.32,0
20:03:47,66.927,863933,863932,0,0,1,37.496227,126.958308,0.01,170.7,0,182.2,1,170.6,0,0.00,9.76,0.80,0.9992,59.61,3.090,14,98775,0.015,1,189.3,"-0.12,0.24,9.76","-0.4,-0.4,-0.6","-24.000,67.650,46.800",0.11,0.17,0.00,0,8272,7237,9,1.10,37.496224,126.958304,849,0,0,0,-1.00,0.00,999.00,0.0,0,33,0,2,-80,-75.6,7237,105,1,9.68,1,0,-3.66,2.32,0
20:03:48,67.132,864353,864352,0,0,1,37.496227,126.958308,0.01,170.7,0,182.2,1,170.6,0,0.00,9.78,2.46,0.9996,60.36,3.136,14,98824,0.015,1,189.3,"-0.23,0.29,9.77","1.1,-1.6,1.5","-24.600,69.000,47.400",0.09,0.13,0.00,0,8276,7241,9,1.10,37.496224,126.958304,849,0,0,0,-1.00,0.00,999.00,0.0,0,33,0,2,-87,-78.9,7241,95,1,12.00,1,0,-3.66,2.32,0
20:03:48,67.625,864453,864452,0,0,1,37.496227,126.958308,0.01,170.7,0,182.2,1,170.6,0,0.00,9.76,1.45,0.9992,60.65,3.135,14,98836,0.015,1,189.3,"-0.20,0.19,9.75","-1.4,0.3,-0.3","-24.600,69.000,47.700",0.06,0.17,0.00,0,8277,7242,9,1.10,37.496224,126.958304,849,0,0,0,-1.00,0.00,999.00,0.0,0,33,0,2,-86,-80.3,7242,98,1,12.00,1,0,-3.66,2.32,0
20:03:48,67.812,864957,864956,0,0,1,37.496226,126.958307,0.01,170.7,0,182.2,1,170.6,0,0.00,9.58,2.38,0.9996,60.34,3.105,14,98896,0.000,1,189.3,"-0.24,0.27,9.58","2.0,-0.1,-1.3","-25.200,67.650,47.550",0.13,0.19,0.00,0,8282,7245,9,1.03,37.496224,126.958304,850,0,0,0,-1.00,0.00,999.00,0.0,0,33,0,2,-83,-81.1,7245,286,1,12.00,1,0,-3.66,2.32,0
20:03:48,67.943,865160,865159,0,0,1,37.496226,126.958307,0.01,170.7,0,182.2,1,170.6,0,0.00,9.70,3.57,0.9995,60.21,3.063,14,98919,0.000,1,189.3,"-0.25,0.24,9.70","-0.3,2.3,-2.8","-24.750,66.450,47.550",0.02,0.18,0.00,0,8284,7246,9,1.03,37.496224,126.958304,850,0,0,0,-1.00,0.00,999.00,0.0,0,33,0,2,-79,-80.7,7246,65,1,12.00,1,0,-3.66,2.32,0
20:03:49,68.376,865372,865371,0,0,1,37.496226,126.958307,0.01,170.7,0,182.2,1,170.7,0,0.00,8.32,6.38,0.9856,59.84,3.015,14,98945,0.000,1,189.3,"1.03,0.28,8.25","-0.6,6.3,-0.6","-22.800,65.700,47.250",1.87,1.87,0.00,0,8286,7247,9,1.03,37.496224,126.958304,850,0,0,0,-1.00,0.00,999.00,0.0,0,33,0,2,-78,-80.2,7247,163,1,12.00,1,0,-3.66,2.32,0
20:03:49,68.828,865780,865779,0,0,1,37.496225,126.958306,0.05,170.7,0,182.2,1,170.6,0,0.00,11.74,8.05,0.9996,61.22,3.148,14,98994,0.087,1,189.3,"-0.21,0.62,11.73","6.8,-3.3,-2.9","-25.950,68.850,48.300",2.03,4.92,0.00,0,8290,7250,9,1.03,37.496223,126.958303,851,0,0,0,-1.00,0.00,999.00,0.0,0,33,0,2,-82,-80.0,7250,53,1,12.00,1,0,-3.66,2.32,0
20:03:49,69.025,866186,866185,0,0,1,37.496225,126.958306,0.05,170.7,0,182.2,1,170.7,0,0.00,10.37,7.33,0.9942,61.84,3.115,14,99041,0.087,1,189.3,"-0.11,-0.55,10.36","6.0,-3.6,-2.2","-28.350,66.600,49.200",1.00,3.10,0.00,0,8294,7254,9,1.03,37.496223,126.958303,851,0,0,0,-1.00,0.00,999.00,0.0,0,33,0,2,-79,-80.1,7254,35,1,12.00,1,0,-3.66,2.32,0
20:03:51,70.481,866286,866285,0,0,1,37.496225,126.958306,0.05,170.7,0,182.2,1,170.7,0,0.00,8.90,8.28,0.9906,62.74,3.059,14,99053,0.087,1,189.3,"-1.50,-0.08,8.77","6.0,-5.6,1.0","-27.450,65.250,50.250",1.41,2.23,0.00,0,8295,7255,9,1.03,37.496223,126.958303,851,0,0,0,-1.00,0.00,999.00,0.0,0,33,0,2,-79,-79.9,7255,31,1,12.00,1,0,-3.66,2.32,0
20:03:51,70.908,867920,867919,0,0,1,37.496223,126.958305,0.11,170.7,0,189.3,1,172.9,0,-2.10,8.99,7.49,0.9976,64.95,3.087,14,99242,0.015,1,189.3,"-0.21,-0.14,8.99","4.8,-3.1,4.8","-29.700,65.250,52.500",0.89,1.29,0.00,0,8311,7269,9,1.03,37.496223,126.958305,853,0,0,0,-1.00,0.00,999.00,0.0,0,33,0,2,-75,-76.6,7269,85,1,10.72,1,0,-3.66,2.32,0
20:03:52,71.136,868224,868223,0,0,1,37.496223,126.958305,0.11,170.7,0,189.3,1,172.9,0,2.45,11.18,10.52,0.9899,64.01,3.106,14,99277,0.015,1,189.3,"0.19,1.97,11.00","-8.1,2.9,-6.1","-27.000,67.200,51.300",1.59,3.11,0.00,0,8314,7272,9,1.03,37.496223,126.958305,853,0,0,0,-1.00,0.00,999.00,0.0,0,33,0,2,-78,-77.4,7272,72,1,11.49,1,0,-3.66,2.32,0
20:03:52,71.561,868331,868330,0,0,1,37.496223,126.958305,0.11,170.7,0,189.3,1,172.9,0,0.00,10.61,7.68,0.9744,64.42,3.169,14,99290,0.015,1,189.3,"0.72,2.58,10.26","7.5,0.6,1.3","-31.200,67.200,51.750",1.94,4.34,0.00,0,8315,7273,9,1.03,37.496223,126.958305,853,0,0,0,-1.00,0.00,999.00,0.0,0,33,0,2,-76,-77.1,7273,73,1,11.20,1,0,-3.66,2.32,0
20:03:52,71.933,868946,868945,0,0,1,37.496222,126.958306,0.26,189.3,1,189.3,1,177.3,0,0.00,11.54,6.63,0.9888,59.80,3.435,14,99364,0.417,1,189.3,"0.90,1.54,11.41","-1.2,-6.1,2.4","-40.800,70.350,46.800",2.17,5.59,0.00,0,8321,7277,8,1.37,37.496222,126.958307,854,0,0,0,-1.00,0.00,999.00,0.0,0,33,0,2,-83,-78.0,7277,62,1,12.00,1,0,-3.66,2.32,0
20:03:53,72.075,869264,869263,0,0,1,37.496222,126.958306,0.26,189.3,1,189.3,1,177.6,0,2.63,12.92,8.55,0.9808,57.75,3.447,14,99401,0.417,1,189.3,"-2.92,1.54,12.49","-5.9,-1.8,-5.9","-40.650,70.650,44.700",4.11,13.10,0.00,0,8324,7279,8,1.37,37.496222,126.958307,854,0,0,0,-1.00,0.00,999.00,0.0,0,33,0,2,-81,-78.4,7279,62,1,12.00,1,0,-3.66,2.32,0
20:03:53,72.158,869477,869476,0,0,1,37.496222,126.958306,0.26,189.3,1,189.3,1,177.9,0,-2.10,11.74,59.71,0.9141,56.04,3.568,14,99427,0.417,1,189.3,"-5.60,-0.33,10.31","30.4,-51.2,4.7","-43.500,72.750,43.050",5.78,12.37,0.00,0,8326,7281,8,1.37,37.496222,126.958307,854,0,0,0,-1.00,0.00,999.00,0.0,0,33,0,2,-80,-79.1,7281,65,1,12.00,1,0,-3.66,2.32,0
20:03:53,72.361,869578,869577,0,0,1,37.496218,126.958307,0.61,189.6,1,189.6,1,179.4,0,0.00,7.73,38.04,0.6023,54.16,3.615,14,99439,0.962,1,190.2,"5.82,-1.01,4.98","-2.5,37.9,1.5","-43.350,74.550,40.650",7.62,11.12,0.00,0,8327,7282,8,1.22,37.496216,126.958307,855,0,0,0,-1.00,0.00,999.00,0.0,0,33,0,2,-84,-80.1,7282,61,1,12.00,1,0,-3.66,2.32,0
20:03:53,72.542,869779,869778,0,0,1,37.496218,126.958306,0.61,189.6,1,189.6,1,179.8,0,3.77,5.43,36.22,0.9630,49.75,3.626,14,99463,0.962,1,190.2,"-4.30,1.54,2.94","-35.5,-1.6,-7.3","-42.300,74.700,34.800",8.33,10.01,0.00,0,8329,7284,8,1.22,37.496216,126.958307,855,0,0,0,-1.00,0.00,999.00,0.0,0,33,0,2,-84,-81.0,7284,51,1,12.00,1,0,-3.66,2.32,0
20:03:53,72.626,869880,869879,0,0,1,37.496217,126.958306,0.61,189.6,1,189.6,1,179.8,0,0.48,7.42,22.81,0.8558,46.83,3.633,14,99475,0.962,1,190.2,"3.51,-0.24,6.54","-12.5,18.5,-5.0","-41.400,74.550,33.900",5.22,15.85,0.00,0,8330,7285,8,1.22,37.496216,126.958307,855,0,0,0,-1.00,0.00,999.00,0.0,0,33,0,2,-83,-81.4,7285,46,1,12.00,1,0,-3.66,2.32,0
20:03:53,72.693,869980,869979,0,0,1,37.496217,126.958306,0.61,189.6,1,189.6,1,179.9,0,0.00,9.65,31.49,0.9724,45.48,3.552,14,99487,0.962,1,190.2,"1.58,1.49,9.40","7.8,-30.2,4.6","-37.050,75.150,31.800",1.82,15.83,0.00,0,8331,7285,8,1.22,37.496216,126.958307,855,0,0,0,-1.00,0.00,999.00,0.0,0,33,0,2,-83,-81.4,7285,146,1,12.00,1,0,-3.66,2.32,0
20:03:53,72.910,870081,870080,0,0,1,37.496217,126.958306,0.61,189.6,1,189.6,1,179.9,0,0.00,4.54,11.92,0.8975,45.27,3.526,14,99499,0.962,1,190.2,"-1.23,-1.77,4.00","10.6,5.0,1.8","-35.400,74.400,30.750",6.92,7.37,0.00,0,8332,7286,8,1.22,37.496216,126.958307,855,0,0,0,-1.00,0.00,999.00,0.0,0,33,0,2,-76,-80.3,7286,35,1,12.00,1,0,-3.66,2.32,0
20:03:54,73.059,870287,870286,0,0,1,37.496216,126.958306,0.61,189.6,1,189.6,1,179.9,0,0.00,12.35,37.60,0.9946,46.86,3.452,14,99521,0.962,1,190.2,"0.65,1.05,12.29","32.3,-19.3,-0.5","-33.150,73.950,33.300",2.61,21.90,0.00,0,8334,7288,8,1.22,37.496216,126.958307,855,0,0,0,-1.00,0.00,999.00,0.0,0,33,0,2,-81,-79.9,7288,31,1,12.00,1,0,-3.66,2.32,0
20:03:54,73.296,870394,870393,0,0,1,37.496216,126.958306,0.61,189.6,1,189.6,1,180.3,0,8.17,17.56,28.18,0.9589,46.65,3.426,14,99534,0.962,1,190.2,"-5.13,6.49,15.49","-23.9,-9.9,-11.1","-32.550,74.550,33.150",9.36,12.54,0.00,0,8335,7289,8,1.22,37.496216,126.958307,855,0,0,0,-1.00,0.00,999.00,0.0,0,33,0,2,-82,-80.4,7289,33,1,12.00,1,0,-3.66,2.32,0
20:03:54,73.509,870702,870701,0,0,1,37.496210,126.958307,0.95,189.6,1,189.6,1,181.9,0,0.00,20.13,20.97,-0.6819,47.60,3.468,14,99571,1.281,1,189.5,"4.15,6.28,18.67","-8.7,19.1,-0.3","-32.400,73.200,34.800",12.02,18.73,0.00,0,8338,7292,9,1.22,37.496206,126.958308,856,0,0,0,-1.00,0.00,999.00,0.0,0,33,0,2,-85,-81.2,7292,25,1,12.00,1,0,-3.66,2.32,0
20:03:54,73.544,870802,870801,0,0,1,37.496209,126.958307,0.95,189.6,1,189.6,1,181.9,0,1.64,15.41,23.58,0.9885,48.18,3.441,14,99583,1.281,1,189.5,"-0.28,4.09,14.86","-19.8,11.3,-5.9","-31.650,73.200,34.050",6.60,8.50,0.00,0,8339,7293,9,1.22,37.496206,126.958308,856,0,0,0,-1.00,0.00,999.00,0.0,0,33,0,2,-85,-81.9,7293,19,1,12.00,1,0,-3.66,2.32,0
20:03:54,73.626,870904,870903,0,0,1,37.496209,126.958307,0.95,189.6,1,189.6,1,182.1,0,0.00,9.15,39.38,0.9733,50.60,3.465,14,99595,1.281,1,189.5,"0.38,-1.50,9.02","-26.2,29.4,-1.3","-32.250,75.300,36.900",2.40,19.82,0.00,0,8340,7294,9,1.22,37.496206,126.958308,856,0,0,0,-1.00,0.00,999.00,0.0,0,33,0,2,-82,-82.0,7294,15,1,12.00,1,0,-3.66,2.32,0
20:03:55,74.176,871012,871011,0,0,1,37.496208,126.958306,0.95,189.6,1,189.6,1,182.2,0,0.00,26.50,49.31,0.9177,50.60,3.465,14,99608,1.281,1,189.5,"9.50,-4.62,24.30","41.0,27.4,-1.6","-32.250,77.250,36.450",18.23,26.89,0.00,0,8341,7295,9,1.22,37.496206,126.958308,856,0,0,0,-1.00,0.00,999.00,0.0,0,33,0,2,-79,-81.4,7295,17,1,12.00,1,0,-3.66,2.32,0
20:03:55,74.442,871539,871526,0,0,1,37.496207,126.958306,0.95,189.6,1,189.6,1,165.8,0,-111.95,23.41,153.38,0.9451,51.14,3.627,14,99666,1.281,1,189.5,"8.26,4.65,21.40","16.1,109.7,106.0","-47.550,75.750,35.400",15.40,23.81,0.00,0,8346,7299,9,1.22,37.496206,126.958308,856,0,0,0,-1.00,0.00,999.00,0.0,0,33,0,2,-79,-79.9,7299,18,1,12.00,1,0,-3.66,2.32,0
20:03:55,74.465,871643,871630,0,0,1,37.496199,126.958305,1.25,193.5,1,193.5,1,160.4,0,-77.90,21.50,104.50,0.9451,51.14,3.627,14,99677,1.554,1,200.7,"-0.40,6.37,20.53","36.8,55.3,80.7","-54.150,72.000,34.500",12.53,20.69,0.00,0,8347,7300,9,1.30,37.496195,126.958303,857,0,0,0,-1.00,0.00,999.00,0.0,0,33,0,2,-77,-79.3,7300,16,1,12.00,1,0,-3.66,2.32,0
20:03:55,74.526,871834,871833,0,0,1,37.496198,126.958304,1.25,193.5,1,193.5,1,144.2,0,-84.30,4.95,92.41,0.9451,51.14,3.627,14,99700,1.554,1,200.7,"-1.22,1.17,4.65","-45.1,14.2,79.4","-61.500,58.650,31.500",4.63,9.50,0.00,0,8349,7300,9,1.30,37.496195,126.958303,857,0,0,0,-1.00,0.00,999.00,0.0,0,33,0,2,-77,-79.3,7300,207,1,12.00,1,0,-3.66,2.32,0
20:03:55,74.798,871935,871934,0,0,1,37.496197,126.958304,1.25,193.5,1,193.5,1,142.4,0,17.59,13.94,25.01,0.9237,40.98,3.565,14,99712,1.554,1,200.7,"-2.88,6.31,12.10","12.9,7.6,-20.0","-63.300,56.250,28.800",6.11,13.70,0.00,0,8350,7301,9,1.30,37.496195,126.958303,857,0,0,0,-1.00,0.00,999.00,0.0,0,33,0,2,-80,-79.4,7301,86,1,12.00,1,0,-3.66,2.32,0
20:03:55,75.010,872239,872238,0,0,1,37.496194,126.958303,1.25,193.5,1,193.5,1,136.4,0,-70.60,11.49,73.59,0.9862,37.05,3.441,14,99747,1.554,1,200.7,"0.98,2.27,11.22","-16.8,10.9,70.8","-58.950,48.600,24.450",3.37,6.53,0.00,0,8353,7304,9,1.30,37.496195,126.958303,857,0,0,0,-1.00,0.00,999.00,0.0,0,33,0,2,-78,-78.9,7304,77,1,12.00,1,0,-3.66,2.32,0
20:03:56,75.442,872452,872451,0,0,1,37.496194,126.958303,1.25,193.5,1,193.5,1,123.5,0,-61.11,14.21,65.93,0.9862,37.05,3.441,14,99773,1.554,1,200.7,"-0.98,1.28,14.12","-28.2,4.6,59.4","-55.200,35.550,25.650",4.81,9.00,0.00,0,8355,7306,9,1.30,37.496195,126.958303,857,0,0,0,-1.00,0.00,999.00,0.0,0,33,0,2,-81,-79.8,7306,87,1,12.00,1,0,-3.66,2.32,0
20:03:56,75.665,872860,872859,0,0,1,37.496186,126.958302,1.24,193.3,1,193.3,1,112.2,0,-46.25,6.06,58.61,0.9941,39.85,2.438,14,99822,1.224,1,193.0,"0.08,-2.84,5.35","15.8,24.3,50.9","-46.350,22.950,31.950",5.12,8.20,0.00,0,8359,7310,9,1.03,37.496185,126.958304,858,0,0,0,-1.00,0.00,999.00,0.0,0,33,0,2,-86,-81.8,7310,68,1,12.00,1,0,-3.66,2.32,0
20:03:56,75.876,872968,872967,0,0,1,37.496185,126.958302,1.24,193.3,1,193.3,1,107.8,0,-42.00,12.01,47.27,0.9268,39.85,2.438,14,99835,1.224,1,193.0,"-2.07,0.10,11.83","9.1,-3.4,46.3","-43.500,24.000,34.050",2.87,8.66,0.00,0,8360,7310,9,1.03,37.496185,126.958304,858,0,0,0,-1.00,0.00,999.00,0.0,0,33,0,2,-86,-81.8,7310,176,1,12.00,1,0,-3.66,2.32,0
20:03:56,75.990,873277,873276,0,0,1,37.496182,126.958301,1.24,193.3,1,193.3,1,98.6,0,0.00,13.79,12.91,0.9602,45.64,2.234,14,99871,1.224,1,193.0,"1.01,0.41,13.75","8.6,-9.7,-0.2","-37.500,25.350,39.450",4.67,4.89,0.00,0,8363,7313,9,1.03,37.496185,126.958304,858,0,0,0,-1.00,0.00,999.00,0.0,0,33,0,2,-83,-82.3,7313,67,1,12.00,1,0,-3.66,2.32,0
20:03:57,76.193,873384,873383,0,0,1,37.496182,126.958301,1.24,193.3,1,193.3,1,98.6,0,0.00,5.58,4.27,0.9589,48.72,2.353,14,99884,1.224,1,193.0,"0.55,0.64,5.52","2.9,2.6,1.7","-39.600,30.600,40.050",4.26,9.04,0.00,0,8364,7313,9,1.03,37.496185,126.958304,858,0,0,0,-1.00,0.00,999.00,0.0,0,33,0,2,-83,-82.3,7313,174,1,12.00,1,0,-3.66,2.32,0
20:03:57,76.358,873592,873591,0,0,1,37.496180,126.958305,1.03,182.1,1,182.1,1,108.6,0,0.00,8.91,10.59,0.9582,46.68,2.560,14,99909,0.823,1,161.2,"1.84,-0.81,8.68","-10.4,1.6,-1.1","-42.750,33.000,37.800",2.67,5.97,0.00,0,8366,7315,8,1.03,37.496182,126.958309,859,0,0,0,-1.00,0.00,999.00,0.0,0,33,0,2,-83,-81.7,7315,65,1,12.00,1,0,-3.66,2.32,0
20:03:57,76.967,873793,873792,0,0,1,37.496179,126.958305,1.03,182.1,1,182.1,1,114.5,0,40.37,13.34,44.30,0.9467,45.95,2.508,14,99933,0.823,1,161.2,"-0.23,1.71,13.23","3.5,4.5,-43.9","-44.400,36.300,36.150",3.62,8.83,0.00,0,8368,7316,8,1.03,37.496182,126.958309,859,0,0,0,-1.00,0.00,999.00,0.0,0,33,0,2,-84,-82.2,7316,56,1,12.00,1,0,-3.66,2.32,0
20:03:58,77.224,874316,874316,0,0,1,37.496175,126.958304,1.03,182.1,1,182.1,1,116.5,0,-8.35,10.75,14.35,0.9815,48.34,2.906,14,99995,0.823,1,161.2,"-1.24,2.43,10.40","5.8,7.9,10.4","-53.550,37.500,39.150",2.28,18.62,0.00,0,8373,7319,8,1.03,37.496182,126.958309,859,0,0,0,-1.00,0.00,999.00,0.0,0,33,0,2,-78,-81.6,7319,51,1,12.00,1,0,-3.66,2.32,0
20:03:58,77.297,874523,874522,0,0,1,37.496175,126.958304,1.03,182.1,1,182.1,1,103.9,0,-63.22,21.63,68.48,0.8249,48.34,2.906,14,100020,0.823,1,161.2,"-0.43,0.93,21.61","15.2,13.1,65.5","-58.050,31.800,36.300",12.30,18.97,0.00,0,8375,7321,8,1.03,37.496182,126.958309,859,0,0,0,-1.00,0.00,999.00,0.0,0,33,0,2,-84,-81.8,7321,48,1,12.00,1,0,-3.66,2.32,0
20:03:58,77.678,874624,874623,0,0,1,37.496175,126.958312,1.14,161.0,1,161.0,1,104.2,0,-65.04,9.13,69.01,0.8249,48.34,2.906,14,100032,1.250,1,121.7,"-3.74,4.47,7.02","-19.5,13.1,64.9","-60.300,25.950,34.500",5.00,9.32,0.00,0,8376,7322,8,1.30,37.496179,126.958319,860,0,0,0,-1.00,0.00,999.00,0.0,0,33,0,2,-82,-81.9,7322,40,1,12.00,1,0,-3.66,2.32,0
20:03:58,77.892,875026,875025,0,0,1,37.496172,126.958313,1.14,161.0,1,161.0,1,77.8,0,-70.37,8.21,73.98,0.8249,48.34,2.906,14,100080,1.250,1,121.7,"-2.30,3.42,7.10","-14.0,21.5,69.4","-52.500,7.200,23.700",3.67,9.16,0.00,0,8380,7325,8,1.30,37.496179,126.958319,860,0,0,0,-1.00,0.00,999.00,0.0,0,33,0,2,-80,-80.5,7325,21,1,12.00,1,0,-3.66,2.32,0
20:03:59,78.442,875236,875235,0,0,1,37.496170,126.958314,1.14,161.0,1,161.0,1,63.3,0,-72.27,8.03,75.01,0.8249,48.34,2.906,14,100104,1.250,1,121.7,"-4.52,3.44,5.68","-7.9,6.3,74.3","-39.150,-2.100,21.450",5.10,17.70,0.00,0,8382,7327,8,1.30,37.496179,126.958319,860,0,0,0,-1.00,0.00,999.00,0.0,0,33,0,2,-83,-82.1,7327,21,1,12.00,1,0,-3.66,2.32,0
20:03:59,78.741,875865,875852,0,0,1,37.496175,126.958322,1.14,126.3,1,126.3,1,64.0,0,0.00,9.16,0.90,0.9948,32.05,1.524,14,100178,1.137,1,62.1,"-1.16,-0.11,9.09","0.3,0.8,0.3","-30.900,-3.150,27.300",1.32,2.37,0.00,0,8388,7332,8,1.30,37.496183,126.958326,861,0,0,0,-1.00,0.00,999.00,0.0,0,33,0,2,-77,-79.5,7332,16,1,12.00,1,0,-3.66,2.32,0
20:03:59,79.030,876060,876059,0,0,1,37.496174,126.958324,1.14,126.3,1,126.3,1,62.9,0,-14.14,9.34,21.25,0.9980,32.19,1.498,14,100200,1.137,1,62.1,"-0.94,0.20,9.29","-15.3,-4.7,14.0","-29.400,-1.950,27.300",1.08,2.97,0.00,0,8390,7333,8,1.30,37.496183,126.958326,861,0,0,0,-1.00,0.00,999.00,0.0,0,33,0,2,-81,-79.8,7333,106,1,12.00,1,0,-3.66,2.32,0
20:04:00,79.301,876404,876392,0,0,1,37.496173,126.958325,1.14,126.3,1,126.3,1,58.0,0,-24.15,13.48,30.63,0.9979,30.26,1.382,14,100236,1.137,1,62.1,"-1.20,1.10,13.38","-8.1,-14.9,25.5","-24.600,-0.900,25.200",3.96,5.83,0.00,0,8393,7335,8,1.30,37.496183,126.958326,861,0,0,0,-1.00,0.00,999.00,0.0,0,33,0,2,-79,-79.7,7335,28,1,12.00,1,0,-3.66,2.32,0
20:04:00,79.638,876710,876697,0,0,1,37.496178,126.958326,0.73,112.2,1,112.2,1,58.3,0,-29.26,9.97,36.01,0.9880,27.18,1.237,14,100271,0.329,1,85.9,"-0.33,2.02,9.76","-19.9,2.2,29.9","-19.950,-2.100,22.200",2.08,3.74,0.00,0,8396,7338,8,1.22,37.496183,126.958323,862,0,0,0,-1.00,0.00,999.00,0.0,0,33,0,2,-84,-79.6,7338,19,1,12.00,1,0,-3.66,2.32,0
20:04:00,79.825,877005,877004,0,0,1,37.496177,126.958327,0.73,112.2,1,112.2,1,49.4,0,-33.33,7.15,55.89,0.9415,22.05,1.235,14,100305,0.329,1,85.9,"-5.18,-1.09,4.81","38.0,-13.6,38.6","-19.050,2.250,16.500",6.53,7.94,0.00,0,8399,7339,8,1.22,37.496183,126.958323,862,0,0,0,-1.00,0.00,999.00,0.0,0,33,0,2,-84,-80.5,7339,208,1,12.00,1,0,-3.66,2.32,0
20:04:00,79.856,877106,877105,0,0,1,37.496177,126.958328,0.73,112.2,1,112.2,1,45.4,0,-44.64,4.08,57.89,0.9415,22.05,1.235,14,100317,0.329,1,85.9,"1.70,-1.54,3.38","29.8,-8.2,49.0","-16.200,1.350,16.200",6.64,8.20,0.00,0,8400,7340,8,1.22,37.496183,126.958323,862,0,0,0,-1.00,0.00,999.00,0.0,0,33,0,2,-78,-80.0,7340,96,1,12.00,1,0,-3.66,2.32,0
20:04:00,79.960,877209,877208,0,0,1,37.496177,126.958328,0.73,112.2,1,112.2,1,43.4,0,-0.99,7.68,6.94,0.9798,19.58,1.251,14,100328,0.329,1,85.9,"-1.85,0.64,7.43","5.3,2.4,3.8","-15.450,2.850,13.950",2.67,8.48,0.00,0,8401,7341,8,1.22,37.496183,126.958323,862,0,0,0,-1.00,0.00,999.00,0.0,0,33,0,2,-85,-81.0,7341,94,1,12.00,1,0,-3.66,2.32,0
20:04:01,80.045,877315,877314,0,0,1,37.496176,126.958329,0.73,112.2,1,112.2,1,43.2,0,2.42,7.38,30.42,0.9819,20.02,1.338,14,100341,0.329,1,85.9,"0.96,-0.18,7.31","-16.6,24.7,-6.4","-17.850,4.200,14.250",2.61,6.49,0.00,0,8402,7342,8,1.22,37.496183,126.958323,862,0,0,0,-1.00,0.00,999.00,0.0,0,33,0,2,-87,-82.2,7342,95,1,12.00,1,0,-3.66,2.32,0
20:04:01,80.896,877421,877420,0,0,1,37.496176,126.958329,0.73,112.2,1,112.2,1,42.8,0,-3.38,11.50,25.32,0.9861,18.75,1.282,14,100354,0.329,1,85.9,"0.98,1.75,11.32","18.5,-16.2,6.1","-13.350,5.850,12.750",2.35,6.93,0.00,0,8403,7343,8,1.22,37.496183,126.958323,862,0,0,0,-1.00,0.00,999.00,0.0,0,33,0,2,-81,-82.0,7343,96,1,12.00,1,0,-3.66,2.32,0
20:04:02,81.273,878237,878236,0,0,1,37.496176,126.958329,0.75,124.4,1,124.4,1,52.4,0,0.00,9.71,4.12,0.9999,20.30,1.371,14,100450,0.761,1,147.0,"-0.30,0.49,9.69","-0.8,3.3,-2.4","-16.800,6.600,14.250",0.18,0.42,0.00,0,8411,7348,8,1.22,37.496179,126.958321,863,0,0,0,-1.00,0.00,999.00,0.0,0,33,0,2,-82,-79.7,7348,172,1,12.00,1,0,-3.66,2.32,0
20:04:02,81.510,878550,878549,0,0,1,37.496176,126.958329,0.75,124.4,1,124.4,1,52.4,0,0.00,9.69,2.45,0.9998,19.77,1.408,14,100488,0.761,1,147.0,"-0.31,0.35,9.68","1.6,1.8,-0.2","-17.700,7.200,13.650",0.14,0.25,0.00,0,8414,7349,8,1.22,37.496179,126.958321,863,0,0,0,-1.00,0.00,999.00,0.0,0,33,0,2,-88,-81.3,7349,169,1,12.00,1,0,-3.66,2.32,0
20:04:02,81.792,878853,878852,0,0,1,37.496176,126.958328,0.39,124.4,1,124.4,1,52.4,0,0.00,9.71,2.89,0.9999,19.68,1.407,14,100524,0.036,1,147.0,"-0.34,0.50,9.69","-2.4,1.6,0.6","-18.450,6.450,13.650",0.08,0.29,0.00,0,8417,7350,8,1.22,37.496178,126.958321,864,0,0,0,-1.00,0.00,999.00,0.0,0,33,0,2,-85,-82.1,7350,262,1,12.00,1,0,-3.66,2.32,0
20:04:02,81.913,879155,879154,0,0,1,37.496176,126.958328,0.39,124.4,1,124.4,1,52.4,0,0.00,9.80,3.05,0.9998,20.66,1.404,14,100560,0.036,1,147.0,"-0.23,0.49,9.78","2.2,-1.5,-1.6","-18.900,6.000,14.700",0.12,0.28,0.00,0,8420,7351,8,1.22,37.496178,126.958321,864,0,0,0,-1.00,0.00,999.00,0.0,0,33,0,2,-75,-80.7,7351,133,1,12.00,1,0,-3.66,2.32,0
20:04:03,82.093,879257,879256,0,0,1,37.496176,126.958328,0.39,124.4,1,124.4,1,52.4,0,0.00,9.79,3.34,0.9999,19.69,1.356,14,100571,0.036,1,147.0,"-0.34,0.43,9.77","0.7,1.3,-3.0","-16.200,6.450,13.650",0.07,0.16,0.00,0,8421,7352,8,1.22,37.496178,126.958321,864,0,0,0,-1.00,0.00,999.00,0.0,0,33,0,2,-88,-82.1,7352,32,1,12.00,1,0,-3.66,2.32,0
20:04:03,82.275,879464,879463,0,0,1,37.496176,126.958328,0.39,124.4,1,124.4,1,52.4,0,0.00,9.74,4.47,0.9995,19.72,1.387,14,100596,0.036,1,147.0,"-0.17,0.36,9.73","4.4,-0.2,0.7","-17.250,6.750,13.650",0.14,0.18,0.00,0,8423,7353,8,1.22,37.496178,126.958321,864,0,0,0,-1.00,0.00,999.00,0.0,0,33,0,2,-80,-81.7,7353,127,1,12.00,1,0,-3.66,2.32,0
20:04:03,82.430,879663,879662,0,0,1,37.496177,126.958325,0.33,132.3,1,132.3,1,62.0,0,0.00,9.72,2.03,0.9998,20.29,1.405,14,100620,0.273,1,147.0,"-0.34,0.34,9.71","0.3,-0.9,-1.8","-18.300,6.600,14.250",0.07,0.19,0.00,0,8425,7354,8,1.22,37.496179,126.958321,865,0,0,0,-1.00,0.00,999.00,0.0,0,33,0,2,-83,-82.0,7354,122,1,12.00,1,0,-3.66,2.32,0
20:04:03,82.730,879869,879868,0,0,1,37.496177,126.958325,0.33,132.3,1,132.3,1,62.0,0,0.00,9.74,1.34,1.0000,20.01,1.413,14,100643,0.273,1,147.0,"-0.36,0.47,9.73","0.8,-0.8,-0.8","-18.450,6.750,13.950",0.07,0.28,0.00,0,8427,7356,8,1.22,37.496179,126.958321,865,0,0,0,-1.00,0.00,999.00,0.0,0,33,0,2,-78,-80.2,7356,11,1,12.00,1,0,-3.66,2.32,0
20:04:03,82.875,880083,880070,0,0,1,37.496177,126.958325,0.33,132.3,1,132.3,1,62.0,0,0.00,9.64,0.70,0.9997,20.12,1.401,14,100666,0.273,1,147.0,"-0.25,0.34,9.63","-0.4,0.3,-0.5","-16.950,7.650,13.950",0.13,0.16,0.00,0,8429,7358,8,1.22,37.496179,126.958321,865,0,0,0,-1.00,0.00,999.00,0.0,0,33,0,2,-79,-79.8,7358,14,1,12.00,1,0,-3.66,2.32,0
20:04:04,83.250,880174,880173,0,0,1,37.496177,126.958325,0.33,132.3,1,132.3,1,62.0,0,0.00,9.70,4.03,0.9999,20.30,1.388,14,100677,0.273,1,147.0,"-0.28,0.46,9.69","-2.2,-2.9,-1.6","-17.550,6.600,14.250",0.07,0.14,0.00,0,8430,7358,8,1.22,37.496179,126.958321,865,0,0,0,-1.00,0.00,999.00,0.0,0,33,0,2,-79,-79.8,7358,105,1,12.00,1,0,-3.66,2.32,0
20:04:04,83.443,880593,880592,0,0,1,37.496179,126.958324,0.19,132.3,0,132.3,1,62.0,0,0.00,9.83,3.88,1.0000,18.23,1.391,14,100722,0.041,1,147.0,"-0.40,0.48,9.81","1.1,2.0,-3.1","-17.250,6.750,12.150",0.13,0.25,0.00,0,8434,7361,8,1.22,37.496183,126.958323,866,0,0,0,-1.00,0.00,999.00,0.0,0,33,0,2,-80,-79.6,7361,104,1,12.00,1,0,-3.66,2.32,0
20:04:04,83.460,880694,880693,0,0,1,37.496179,126.958324,0.19,132.3,0,132.3,1,62.0,0,0.00,8.64,14.15,0.9917,17.42,1.308,14,100734,0.041,1,147.0,"0.44,-0.31,8.62","-1.4,13.7,-3.4","-14.250,6.000,11.400",1.40,11.49,0.00,0,8435,7362,8,1.22,37.496183,126.958323,866,0,0,0,-1.00,0.00,999.00,0.0,0,33,0,2,-77,-79.1,7362,99,1,12.00,1,0,-3.66,2.32,0
20:04:04,83.708,880795,880794,0,0,1,37.496179,126.958324,0.19,132.3,0,132.3,1,62.0,0,0.01,10.18,3.96,0.9880,19.12,1.284,14,100746,0.041,1,147.0,"0.59,1.67,10.02","1.6,0.5,-3.6","-14.250,5.250,13.200",1.15,2.41,0.00,0,8436,7363,8,1.22,37.496183,126.958323,866,0,0,0,-1.00,0.00,999.00,0.0,0,33,0,2,-77,-78.6,7363,95,1,12.00,1,0,-3.66,2.32,0
20:04:05,84.144,880997,880996,0,0,1,37.496179,126.958324,0.19,132.3,0,132.3,1,62.1,0,0.00,8.85,8.05,0.9958,19.72,1.263,14,100770,0.041,1,147.0,"0.25,-0.04,8.84","1.9,7.2,-3.1","-14.700,4.050,13.950",1.22,2.12,0.00,0,8438,7365,8,1.22,37.496183,126.958323,866,0,0,0,-1.00,0.00,999.00,0.0,0,33,0,2,-81,-79.5,7365,85,1,12.00,1,0,-3.66,2.32,0
20:04:05,84.375,881514,881513,0,0,1,37.496179,126.958324,0.19,132.3,0,132.3,1,62.8,0,0.00,11.00,11.72,0.8309,22.26,1.031,14,100830,0.041,1,147.0,"-3.39,-4.89,9.25","10.9,-4.2,-0.1","-11.550,0.450,16.950",6.69,6.69,0.00,0,8443,7370,8,1.22,37.496183,126.958323,866,0,0,0,-1.00,0.00,999.00,0.0,0,33,0,2,-80,-78.4,7370,76,1,12.00,1,0,-3.66,2.32,0
20:04:06,85.442,881614,881613,0,0,1,37.496183,126.958324,0.39,93.7,1,93.7,1,66.6,0,0.00,14.05,7.78,0.9804,24.03,1.010,14,100842,0.592,1,93.7,"1.45,3.80,13.45","5.1,-5.6,-1.7","-9.600,0.150,19.200",4.77,9.16,0.00,0,8444,7370,8,1.22,37.496187,126.958323,867,0,0,0,-1.00,0.00,999.00,0.0,0,33,0,2,-80,-78.4,7370,176,1,12.00,1,0,-3.66,2.32,0
20:04:06,86.014,882738,882737,0,0,1,37.496191,126.958326,0.77,69.3,1,69.3,1,68.4,0,1.07,17.05,20.86,0.9680,48.78,1.108,14,100975,1.158,1,24.1,"4.84,2.05,16.22","-19.4,6.6,-3.9","1.500,12.600,43.800",7.96,14.52,0.00,0,8455,7377,8,1.22,37.496198,126.958326,868,0,0,0,-1.00,0.00,999.00,0.0,0,33,0,2,-78,-76.8,7377,122,1,10.95,1,0,-3.66,2.32,0
20:04:07,86.291,883358,883357,0,0,1,37.496193,126.958327,0.77,69.3,1,69.3,1,70.2,0,0.00,11.57,16.30,0.9665,56.19,1.475,14,101048,1.158,1,24.1,"-1.41,3.38,10.98","-11.2,-11.1,-4.0","0.000,23.550,48.300",4.49,11.16,0.00,0,8461,7381,8,1.22,37.496198,126.958326,868,0,0,0,-1.00,0.00,999.00,0.0,0,33,0,2,-74,-75.5,7381,18,1,9.59,1,0,-3.66,2.32,0
20:04:07,86.376,883667,883666,0,0,1,37.496203,126.958329,1.11,50.8,1,50.8,1,66.6,0,3.88,5.71,17.52,0.9894,59.18,1.801,14,101082,1.446,1,16.3,"-2.97,-4.74,1.13","-5.7,14.9,-7.3","-4.500,33.000,50.250",9.35,10.29,0.00,0,8464,7384,8,1.22,37.496212,126.958330,869,0,0,0,-1.00,0.00,999.00,0.0,0,33,0,2,-82,-77.8,7384,12,1,11.96,1,0,-3.66,2.32,0
20:04:07,86.535,883778,883765,0,0,1,37.496204,126.958330,1.11,50.8,1,50.8,1,66.7,0,0.00,9.37,23.13,0.7343,61.02,1.860,14,101094,1.446,1,16.3,"5.93,-0.80,7.20","19.5,12.2,-2.2","-4.500,34.650,50.550",6.60,14.03,0.00,0,8465,7385,8,1.22,37.496212,126.958330,869,0,0,0,-1.00,0.00,999.00,0.0,0,33,0,2,-86,-79.4,7385,17,1,12.00,1,0,-3.66,2.32,0
20:04:07,86.814,883972,883971,0,0,1,37.496206,126.958330,1.11,50.8,1,50.8,1,68.2,0,7.74,5.68,49.06,0.5713,58.76,1.962,14,101116,1.446,1,16.3,"4.53,1.81,2.92","42.6,-22.9,-8.4","-9.150,34.950,49.050",8.07,15.46,0.00,0,8467,7386,8,1.22,37.496212,126.958330,869,0,0,0,-1.00,0.00,999.00,0.0,0,33,0,2,-80,-79.5,7386,105,1,12.00,1,0,-3.66,2.32,0
20:04:07,87.024,884179,884178,0,0,1,37.496207,126.958331,1.11,50.8,1,50.8,1,70.3,0,8.32,3.01,28.52,0.9532,56.57,1.986,14,101141,1.446,1,16.3,"-0.94,-1.61,2.37","-21.2,13.7,-13.3","-15.450,33.150,46.200",6.89,16.77,0.00,0,8469,7387,8,1.22,37.496212,126.958330,869,0,0,0,-1.00,0.00,999.00,0.0,0,33,0,2,-81,-79.8,7387,206,1,12.00,1,0,-3.66,2.32,0
20:04:08,87.108,884282,884281,0,0,1,37.496208,126.958331,1.11,50.8,1,50.8,1,71.1,0,0.00,10.72,6.81,0.9825,53.51,1.978,14,101152,1.446,1,16.3,"-0.15,-1.45,10.63","-0.8,-6.3,-2.5","-17.250,32.400,44.700",2.20,11.13,0.00,0,8470,7388,8,1.22,37.496212,126.958330,869,0,0,0,-1.00,0.00,999.00,0.0,0,33,0,2,-85,-80.9,7388,99,1,12.00,1,0,-3.66,2.32,0
20:04:08,87.330,884489,884488,0,0,1,37.496208,126.958331,1.11,50.8,1,50.8,1,71.9,0,-0.45,5.67,8.89,0.9663,48.12,1.942,14,101177,1.446,1,16.3,"-0.44,0.72,5.61","-4.3,7.4,2.4","-19.650,28.500,40.650",3.99,14.49,0.00,0,8472,7389,8,1.22,37.496212,126.958330,869,0,0,0,-1.00,0.00,999.00,0.0,0,33,0,2,-82,-81.1,7389,96,1,12.00,1,0,-3.66,2.32,0
20:04:08,87.514,884691,884690,0,0,1,37.496219,126.958334,1.16,38.4,1,38.4,1,67.8,0,0.00,11.52,12.88,0.9980,44.91,1.885,14,101201,1.214,1,15.4,"0.14,0.88,11.48","-10.2,7.8,0.0","-23.250,24.000,37.050",2.53,14.70,0.00,0,8474,7391,8,1.23,37.496226,126.958334,870,0,0,0,-1.00,0.00,999.00,0.0,0,33,0,2,-81,-82.0,7391,85,1,12.00,1,0,-3.66,2.32,0
20:04:08,87.742,884895,884894,0,0,1,37.496221,126.958334,1.16,38.4,1,38.4,1,62.2,0,-72.47,13.03,75.02,0.9652,43.08,1.848,14,101225,1.214,1,15.4,"-2.29,7.00,10.75","-7.9,6.0,74.4","-20.550,24.000,38.250",6.59,19.62,0.00,0,8476,7393,8,1.23,37.496226,126.958334,870,0,0,0,-1.00,0.00,999.00,0.0,0,33,0,2,-75,-79.7,7393,78,1,12.00,1,0,-3.66,2.32,0
20:04:08,87.992,885096,885095,0,0,1,37.496222,126.958335,1.16,38.4,1,38.4,1,56.4,0,5.04,14.42,50.65,0.8922,45.68,1.854,14,101249,1.214,1,15.4,"-2.71,3.83,13.64","45.6,-21.8,-3.6","-20.100,25.950,36.300",4.97,12.88,0.00,0,8478,7394,8,1.23,37.496226,126.958334,870,0,0,0,-1.00,0.00,999.00,0.0,0,33,0,2,-81,-79.9,7394,67,1,12.00,1,0,-3.66,2.32,0
20:04:09,88.326,885304,885303,0,0,1,37.496224,126.958336,1.16,38.4,1,38.4,1,56.7,0,-4.64,15.21,29.74,0.4901,44.02,1.875,14,101273,1.214,1,15.4,"2.95,3.16,14.58","-25.8,-12.1,8.5","-20.400,25.650,35.700",5.78,15.96,0.00,0,8480,7395,8,1.23,37.496226,126.958334,870,0,0,0,-1.00,0.00,999.00,0.0,0,33,0,2,-86,-81.1,7395,64,1,12.00,1,0,-3.66,2.32,0
20:04:09,88.492,885727,885726,0,0,1,37.496235,126.958338,1.35,29.0,1,29.0,1,48.0,0,7.80,4.44,17.95,0.9402,39.90,1.774,14,101324,1.543,1,11.5,"0.99,3.85,1.97","10.9,-9.9,-10.3","-15.900,22.050,32.250",8.64,13.71,0.00,0,8484,7398,8,1.23,37.496240,126.958337,871,0,0,0,-1.00,0.00,999.00,0.0,0,33,0,2,-74,-77.5,7398,172,1,11.67,1,0,-3.66,2.32,0
20:04:09,88.527,885827,885826,0,0,1,37.496236,126.958338,1.35,29.0,1,29.0,1,49.3,0,31.95,12.37,54.06,0.9711,42.95,1.690,14,101336,1.543,1,11.5,"2.95,-4.17,11.27","41.7,-12.9,-31.9","-15.600,22.050,35.250",6.16,26.99,0.00,0,8485,7399,8,1.23,37.496240,126.958337,871,0,0,0,-1.00,0.00,999.00,0.0,0,33,0,2,-80,-78.0,7399,60,1,12.00,1,0,-3.66,2.32,0
20:04:09,88.701,885928,885927,0,0,1,37.496237,126.958338,1.35,29.0,1,29.0,1,55.7,0,73.40,14.32,79.14,0.9711,42.95,1.690,14,101348,1.543,1,11.5,"-0.52,2.59,14.07","20.7,-8.4,-75.9","-19.950,19.800,36.150",5.42,17.17,0.00,0,8486,7400,8,1.23,37.496240,126.958337,871,0,0,0,-1.00,0.00,999.00,0.0,0,33,0,2,-74,-77.2,7400,55,1,11.33,1,0,-3.66,2.32,0
20:04:09,88.925,886129,886128,0,0,1,37.496239,126.958339,1.35,29.0,1,29.0,1,61.7,0,10.34,19.08,93.24,0.9888,43.55,1.784,14,101372,1.543,1,11.5,"-4.70,5.27,17.73","-72.9,54.8,-19.5","-24.750,20.850,38.250",9.33,18.83,0.00,0,8488,7402,8,1.23,37.496240,126.958337,871,0,0,0,-1.00,0.00,999.00,0.0,0,33,0,2,-71,-75.8,7402,45,1,9.89,1,0,-3.66,2.32,0
20:04:10,89.076,886233,886232,0,0,1,37.496240,126.958339,1.35,29.0,1,29.0,1,59.8,0,-13.95,9.65,32.45,0.9902,45.29,1.857,14,101383,1.543,1,11.5,"-1.76,0.27,9.48","21.7,15.8,18.2","-24.150,22.200,37.650",1.15,14.58,0.00,0,8489,7402,8,1.23,37.496240,126.958337,871,0,0,0,-1.00,0.00,999.00,0.0,0,33,0,2,-71,-75.8,7402,149,1,9.89,1,0,-3.66,2.32,0
20:04:10,89.208,886440,886439,0,0,1,37.496241,126.958339,1.35,29.0,1,29.0,1,59.5,0,-45.35,7.17,56.89,0.9734,40.87,1.997,14,101408,1.543,1,11.5,"-0.25,-0.62,7.14","-2.0,32.1,46.9","-28.200,24.750,30.750",3.19,18.66,0.00,0,8491,7403,8,1.23,37.496240,126.958337,871,0,0,0,-1.00,0.00,999.00,0.0,0,33,0,2,-75,-75.6,7403,35,1,9.74,1,0,-3.66,2.32,0
20:04:10,89.309,886540,886539,0,0,1,37.496241,126.958339,1.35,29.0,1,29.0,1,54.7,0,0.00,12.10,18.76,0.8508,40.87,1.997,14,101420,1.543,1,11.5,"-4.05,5.74,9.84","-2.5,-18.6,0.4","-29.400,23.100,25.050",6.05,12.33,0.00,0,8492,7404,8,1.23,37.496240,126.958337,871,0,0,0,-1.00,0.00,999.00,0.0,0,33,0,2,-74,-75.3,7404,32,1,9.44,1,0,-3.66,2.32,0
20:04:10,89.483,886747,886746,0,0,1,37.496252,126.958342,1.52,23.6,1,23.6,1,51.7,0,0.00,20.73,45.06,0.9813,26.08,1.711,14,101444,1.682,1,13.6,"-0.11,1.90,20.64","44.9,0.4,3.4","-22.800,15.750,16.800",10.77,20.81,0.00,0,8494,7406,8,1.23,37.496255,126.958342,872,0,0,0,-1.00,0.00,999.00,0.0,0,33,0,2,-79,-75.5,7406,30,1,9.64,1,0,-3.66,2.32,0
20:04:10,89.886,886847,886846,0,0,1,37.496253,126.958342,1.52,23.6,1,23.6,1,51.5,0,0.00,5.85,52.36,0.9837,24.59,1.553,14,101456,1.682,1,13.6,"-1.19,-4.88,2.98","-50.4,14.2,-1.8","-18.450,13.050,17.400",9.21,12.00,0.00,0,8495,7407,8,1.23,37.496255,126.958342,872,0,0,0,-1.00,0.00,999.00,0.0,0,33,0,2,-71,-74.6,7407,24,1,8.84,1,0,-3.66,2.32,0
20:04:11,90.092,887266,887254,0,0,1,37.496258,126.958344,1.52,23.6,1,23.6,1,56.5,0,0.00,11.45,4.25,0.9949,30.26,1.300,14,101502,1.682,1,13.6,"0.14,-0.38,11.44","3.2,2.1,-1.9","-15.150,6.300,24.300",1.37,8.93,0.00,0,8499,7411,8,1.23,37.496255,126.958342,872,0,0,0,-1.00,0.00,999.00,0.0,0,33,0,2,-67,-70.9,7411,21,1,6.22,1,0,-3.66,2.32,0
20:04:11,90.231,887369,887356,0,0,1,37.496258,126.958344,1.52,23.6,1,23.6,1,56.9,0,-5.65,14.90,11.97,0.8834,30.73,1.333,14,101513,1.682,1,13.6,"-2.68,1.47,14.58","8.5,2.3,8.1","-15.900,7.350,25.500",5.18,23.32,0.00,0,8500,7412,8,1.23,37.496255,126.958342,872,0,0,0,-1.00,0.00,999.00,0.0,0,33,0,2,-73,-71.3,7412,19,1,6.48,1,0,-3.66,2.32,0
20:04:11,90.471,887578,887566,0,0,1,37.496268,126.958349,1.72,21.2,1,21.2,1,49.6,0,18.37,11.15,44.44,0.1197,30.73,1.333,14,101537,1.914,1,16.8,"6.84,-8.56,2.07","34.8,-19.4,-19.6","-13.050,4.050,22.950",14.86,14.86,0.00,0,8502,7413,8,1.23,37.496274,126.958352,873,0,0,0,-1.00,0.00,999.00,0.0,0,33,0,2,-72,-71.5,7413,17,1,6.56,1,0,-3.66,2.32,0
20:04:11,90.609,887786,887786,0,1,1,37.496271,126.958350,1.72,21.2,1,21.2,1,50.6,0,9.49,8.85,13.47,0.9287,30.73,1.333,14,101559,1.914,1,16.8,"0.43,3.59,8.08","1.2,-3.6,-12.9","-14.700,0.900,25.650",3.90,15.04,0.00,0,8504,7415,8,1.23,37.496274,126.958352,873,0,0,0,13.79,1.61,999.00,-20.0,1,33,0,2,-73,-71.2,7415,13,2,6.41,1,0,-3.66,2.32,0
20:04:11,90.643,887898,887885,0,0,1,37.496272,126.958350,1.72,21.2,1,21.2,1,51.3,0,0.00,11.06,12.31,0.9227,31.59,1.080,14,101571,1.914,1,16.8,"-1.33,-3.67,10.35","1.4,12.0,-2.1","-15.000,-2.850,26.700",4.00,23.08,0.00,0,8505,7416,8,1.23,37.496274,126.958352,873,0,0,0,13.37,0.00,999.00,-20.0,0,33,0,2,-77,-72.4,7416,20,2,7.15,1,0,-3.66,2.32,0
20:04:11,90.817,888001,887988,0,0,1,37.496274,126.958351,1.72,21.2,1,21.2,1,51.5,0,16.33,5.47,62.33,-0.1509,31.59,1.080,14,101582,1.914,1,16.8,"-4.59,0.80,-2.88","-47.2,34.0,-22.3","-15.450,-4.800,28.950",13.78,18.12,0.00,0,8506,7417,8,1.23,37.496274,126.958352,873,0,0,0,13.37,0.00,999.00,-20.0,0,33,0,2,-74,-72.7,7417,17,2,7.38,1,0,-3.66,2.32,0
20:04:11,90.942,888195,888194,0,0,1,37.496277,126.958352,1.72,21.2,1,21.2,1,52.0,0,3.36,7.47,21.86,0.9256,39.32,1.104,14,101604,1.914,1,16.8,"-2.66,-1.24,6.87","20.0,4.3,-7.6","-19.950,-4.800,35.400",5.32,16.46,0.00,0,8508,7419,8,1.23,37.496274,126.958352,873,0,0,0,12.94,0.00,999.00,-20.0,0,33,0,2,-72,-72.1,7419,1,2,7.01,1,0,-3.66,2.32,0
20:04:12,91.092,888298,888297,0,0,1,37.496278,126.958352,1.72,21.2,1,21.2,1,52.1,0,6.12,12.40,22.04,0.8886,39.93,1.181,14,101615,1.914,1,16.8,"-6.08,-0.54,10.80","-5.3,-19.6,-8.6","-24.750,-3.150,37.500",6.21,14.18,0.00,0,8509,7419,8,1.23,37.496274,126.958352,873,0,0,0,12.94,0.00,999.00,-20.0,0,33,0,2,-72,-72.1,7419,104,2,6.98,1,0,-3.66,2.32,0
20:04:12,91.415,888505,888504,0,1,1,37.496278,126.958352,1.72,21.2,1,21.2,1,47.4,0,-24.23,5.76,54.32,0.9359,40.16,1.413,14,101640,1.914,1,16.8,"1.13,5.11,2.42","-43.4,21.5,24.7","-24.750,0.750,33.750",8.86,17.31,0.00,0,8511,7421,8,1.23,37.496274,126.958352,873,0,0,0,12.94,1.61,999.00,-20.0,1,33,0,2,-74,-71.8,7421,100,2,6.80,1,0,-3.66,2.32,0
20:04:12,91.746,888808,888807,0,1,1,37.496293,126.958361,1.92,20.6,1,20.6,1,44.4,0,1.03,14.71,17.81,0.9280,37.96,1.481,14,101676,2.130,1,19.5,"3.35,0.28,14.32","10.8,-13.5,-4.2","-28.050,-1.350,32.400",5.98,13.90,0.00,0,8514,7424,8,1.23,37.496297,126.958366,874,0,0,0,11.25,1.78,999.00,-22.6,1,33,0,2,-72,-70.2,7424,86,2,5.81,1,0,-3.66,2.32,0
20:04:12,91.878,889112,889111,0,1,1,37.496298,126.958363,1.92,20.6,1,20.6,1,44.2,0,0.00,33.89,13.22,0.9385,35.87,1.580,14,101712,2.130,1,19.5,"2.20,5.29,33.40","-12.7,-3.5,0.6","-27.750,1.500,30.300",24.16,24.16,0.00,0,8517,7427,8,1.23,37.496297,126.958366,874,0,0,0,10.87,1.72,999.00,-26.2,1,33,0,2,-65,-68.9,7427,72,2,5.14,1,0,-3.66,2.32,0
20:04:13,92.329,889219,889218,0,1,1,37.496300,126.958364,1.92,20.6,1,20.6,1,44.2,0,7.75,9.19,24.88,0.9698,35.33,1.406,14,101725,2.130,1,19.5,"-2.60,0.90,8.77","15.9,-16.1,-10.3","-24.900,0.450,30.150",2.96,21.40,0.00,0,8518,7428,8,1.23,37.496297,126.958366,874,0,0,0,10.45,1.72,4.87,-26.5,0,33,0,2,-64,-67.9,7428,75,2,4.68,1,0,-3.66,2.32,0
20:04:13,92.540,889725,889724,0,1,1,37.496314,126.958371,1.98,19.6,1,19.6,1,42.9,0,-7.90,21.03,29.26,0.8949,45.74,1.396,14,101784,2.037,1,17.6,"4.76,4.77,19.92","15.2,23.4,8.8","-24.150,9.900,36.450",11.56,13.80,0.00,0,8523,7433,8,1.23,37.496316,126.958374,875,0,0,0,8.76,1.77,3.96,-26.5,0,33,0,2,-66,-66.4,7433,46,2,4.04,1,0,-3.66,2.32,0
20:04:13,92.825,889826,889825,0,1,1,37.496315,126.958372,1.98,19.6,1,19.6,1,42.5,0,0.00,7.75,10.03,0.8654,45.74,1.396,14,101796,2.037,1,17.6,"2.60,2.91,6.70","9.9,0.2,-1.7","-22.200,10.800,35.400",5.53,25.09,0.00,0,8524,7434,8,1.23,37.496316,126.958374,875,0,0,0,8.34,1.77,3.76,-26.9,0,33,0,2,-64,-65.9,7434,49,2,3.86,1,0,-3.66,2.32,0
20:04:14,93.058,890132,890131,0,1,1,37.496320,126.958374,1.98,19.6,1,19.6,1,35.1,0,7.34,4.64,39.26,0.9899,39.75,1.292,14,101831,2.037,1,17.6,"-2.20,-3.00,2.77","-2.4,36.6,-14.1","-12.600,9.750,33.750",8.47,16.70,0.00,0,8527,7437,8,1.23,37.496316,126.958374,875,0,0,0,7.92,1.76,3.56,-27.2,0,33,0,2,-63,-64.3,7437,41,3,3.31,1,0,-3.66,2.32,0
20:04:14,93.350,890447,890446,0,1,1,37.496323,126.958375,1.98,19.6,1,19.6,1,36.2,0,-0.29,16.01,3.53,0.3338,47.13,1.362,14,101866,2.037,1,17.6,"5.35,0.16,15.09","-1.7,1.5,2.7","-10.200,13.350,40.800",7.63,28.45,0.00,0,8530,7440,8,1.23,37.496316,126.958374,875,0,0,0,7.50,1.75,3.36,-27.7,0,33,0,2,-63,-64.1,7440,41,3,3.26,1,0,-3.66,2.32,0
20:04:14,93.543,890749,890748,0,1,1,37.496334,126.958381,1.95,18.9,1,18.9,1,34.8,0,2.61,4.49,30.34,-0.0146,53.32,1.612,14,101902,1.914,1,17.6,"2.40,-3.09,2.20","-25.6,14.1,-8.2","-19.200,23.700,44.700",9.09,35.10,0.00,0,8533,7443,8,1.23,37.496335,126.958382,876,0,0,0,5.83,1.70,2.61,-29.3,0,33,0,2,-58,-61.2,7443,26,3,2.47,1,0,-3.66,2.32,0
20:04:14,93.868,890950,890949,0,1,1,37.496338,126.958383,1.95,18.9,1,18.9,1,35.2,0,2.05,10.69,31.75,0.9765,46.64,1.816,14,101926,1.914,1,17.6,"-2.75,0.20,10.33","13.5,-28.7,-1.7","-19.200,24.600,38.700",3.17,24.24,0.00,0,8535,7445,8,1.23,37.496335,126.958382,876,0,0,0,5.83,1.70,2.61,-29.3,0,33,0,2,-59,-60.7,7445,17,3,2.36,1,0,-3.66,2.32,0
20:04:15,94.058,891269,891256,0,1,1,37.496343,126.958385,1.95,18.9,1,18.9,1,35.2,0,0.00,13.08,12.64,0.9734,41.51,1.818,14,101960,1.914,1,17.6,"-2.28,-0.03,12.88","-8.9,8.8,-1.6","-20.550,21.600,31.500",3.84,15.70,0.00,0,8538,7448,8,1.23,37.496335,126.958382,876,0,0,0,5.41,1.68,2.40,-30.1,0,33,0,2,-59,-61.4,7448,19,3,2.52,1,0,-3.66,2.32,0
20:04:15,94.279,891475,891462,0,1,1,37.496343,126.958385,1.95,18.9,1,18.9,1,35.6,0,5.69,4.66,10.91,0.9195,39.21,1.732,14,101982,1.914,1,17.6,"0.51,0.89,-4.54","-2.3,4.7,-9.6","-22.500,18.450,32.250",13.59,15.91,0.00,0,8540,7450,8,1.23,37.496335,126.958382,876,0,0,0,5.41,1.68,2.40,-30.1,0,33,0,2,-81,-65.1,7450,17,3,3.58,1,0,-3.66,2.32,0
20:04:15,94.476,891671,891669,0,1,1,37.496350,126.958387,1.82,17.8,1,17.8,1,34.2,0,3.20,15.27,49.30,0.8940,39.93,1.750,14,102004,1.698,1,16.0,"1.70,-6.42,13.75","48.3,7.8,-5.8","-21.300,16.500,31.050",8.56,14.20,0.00,0,8542,7452,8,1.23,37.496349,126.958386,877,0,0,0,5.41,1.68,2.40,-30.1,0,33,0,2,-57,-62.3,7452,1,3,3.12,1,0,-3.66,2.32,0
20:04:15,94.575,891872,891871,0,1,1,37.496354,126.958388,1.82,17.8,1,17.8,1,34.0,0,0.00,10.41,24.45,-0.0859,38.54,1.632,14,102028,1.698,1,16.0,"-6.88,-7.77,-0.82","-5.2,-23.7,-2.7","-20.700,14.700,31.950",14.88,14.88,0.00,0,8544,7453,8,1.23,37.496349,126.958386,877,0,0,0,4.01,1.32,1.60,-43.5,0,33,0,2,-57,-61.3,7453,94,3,2.49,1,0,-3.66,2.32,0
20:04:15,94.729,891973,891972,0,1,1,37.496355,126.958389,1.82,17.8,1,17.8,1,34.1,0,1.52,11.40,11.61,0.9195,38.54,1.632,14,102040,1.698,1,16.0,"-1.54,4.87,10.19","-9.7,2.0,-6.0","-19.050,14.100,31.800",4.42,17.79,0.00,0,8545,7454,8,1.23,37.496349,126.958386,877,0,0,0,4.01,1.32,1.60,-43.5,0,33,0,2,-54,-59.8,7454,91,3,2.16,1,0,-3.66,2.32,0
20:04:15,95.031,892074,892073,0,1,1,37.496357,126.958390,1.82,17.8,1,17.8,1,34.1,0,0.00,6.42,15.36,0.8348,40.10,1.525,14,102052,1.698,1,16.0,"0.59,1.57,6.20","-8.2,12.9,1.6","-20.100,12.150,32.550",3.48,35.32,0.00,0,8546,7455,8,1.23,37.496349,126.958386,877,0,0,0,3.63,1.26,1.37,-46.4,0,33,0,2,-56,-59.1,7455,86,3,2.01,1,0,-3.66,2.32,0
20:04:16,95.224,892377,892376,0,1,1,37.496360,126.958391,1.82,17.8,1,17.8,1,34.7,0,4.47,11.17,34.54,-0.4962,39.84,1.442,14,102087,1.698,1,16.0,"-5.96,-7.73,-5.44","-22.0,25.5,-7.6","-24.150,4.500,35.400",17.45,17.45,0.00,0,8549,7458,8,1.23,37.496349,126.958386,877,0,0,0,3.26,1.17,1.15,-49.9,0,33,0,2,-59,-58.8,7458,74,3,1.97,1,0,-3.66,2.32,0
20:04:16,95.256,892477,892476,0,1,1,37.496360,126.958391,1.82,17.8,1,17.8,1,35.2,0,0.00,9.71,46.44,-0.6183,39.72,1.450,14,102099,1.698,1,16.0,"1.35,-0.96,9.57","-43.2,16.3,-4.7","-27.300,2.850,34.950",1.97,14.76,0.00,0,8550,7459,8,1.23,37.496349,126.958386,877,0,0,0,3.26,1.17,1.15,-49.9,0,33,0,2,-72,-61.4,7459,68,3,2.53,1,0,-3.66,2.32,0
20:04:16,95.616,892577,892576,0,1,1,37.496364,126.958391,1.77,16.7,1,16.7,1,34.0,0,4.73,9.41,52.25,0.9999,40.76,1.586,14,102111,1.718,1,14.7,"0.67,-5.36,7.71","35.5,-37.5,-8.4","-31.050,4.050,33.900",5.07,24.04,0.00,0,8551,7460,8,1.23,37.496363,126.958389,878,0,0,0,3.26,1.17,1.15,-49.9,0,33,0,2,-69,-63.0,7460,63,3,2.92,1,0,-3.66,2.32,0
20:04:16,95.908,892982,892981,1,1,1,37.496371,126.958394,1.77,16.7,1,16.7,1,34.5,0,0.00,17.59,40.37,0.9875,40.37,1.382,14,102159,1.718,1,14.7,"4.94,8.53,14.58","27.2,-29.8,-0.4","-27.000,-6.300,36.300",11.87,11.87,0.00,0,8555,7464,8,1.23,37.496363,126.958389,878,0,0,0,2.58,0.92,0.75,-58.9,0,34,0,1,-63,-63.5,7464,37,3,3.07,1,0,-3.66,2.32,0
20:04:16,96.010,893184,893183,1,1,1,37.496374,126.958395,1.77,16.7,1,16.7,1,34.5,0,0.00,12.39,8.11,0.9924,39.89,1.348,14,102183,1.718,1,14.7,"-2.05,0.32,12.21","-4.1,-7.0,-0.3","-28.650,-10.200,36.000",2.68,4.39,0.00,0,8557,7466,8,1.23,37.496363,126.958389,878,0,0,0,2.29,0.72,0.53,-66.0,0,34,0,1,-60,-62.2,7466,34,3,2.72,1,0,-3.66,2.32,0
20:04:17,96.090,893288,893287,1,1,1,37.496375,126.958395,1.77,16.7,1,16.7,1,34.5,0,0.32,8.00,16.20,0.9751,41.58,1.270,14,102194,1.718,1,14.7,"-1.92,-0.45,7.75","-7.5,13.8,-3.9","-23.100,-3.600,36.900",2.45,5.13,0.00,0,8558,7467,8,1.23,37.496363,126.958389,878,0,0,0,2.29,0.72,0.53,-66.0,0,34,0,1,-58,-61.4,7467,35,3,2.51,1,0,-3.66,2.32,0
20:04:17,96.175,893389,893388,2,1,1,37.496375,126.958395,1.77,16.7,1,16.7,1,34.5,0,0.00,5.49,10.47,0.9683,42.93,1.257,14,102205,1.718,1,14.7,"-2.72,-0.54,4.74","-8.6,-5.6,-2.2","-23.400,-4.800,38.400",5.44,5.48,0.00,0,8559,7468,8,1.23,37.496363,126.958389,878,0,0,0,2.29,0.72,0.53,-66.0,0,35,0,2,-54,-59.9,7468,34,3,2.18,1,0,-3.66,2.32,0
20:04:17,96.195,893500,893488,2,1,1,37.496375,126.958395,1.77,16.7,1,16.7,1,34.5,0,0.00,7.86,7.90,0.9853,42.59,1.344,14,102217,1.718,1,14.7,"-1.06,-0.76,7.75","7.7,-0.7,-1.6","-29.400,-12.600,39.000",2.30,5.93,0.00,0,8560,7469,8,1.23,37.496363,126.958389,878,0,0,0,2.29,0.72,0.53,-66.0,0,35,0,2,-55,-58.9,7469,27,3,1.99,1,0,-3.66,2.32,0
20:04:17,96.325,893593,893592,2,1,1,37.496375,126.958395,1.77,16.7,1,16.7,1,34.5,0,0.00,8.93,8.11,0.9934,44.84,1.384,14,102228,1.718,1,14.7,"-0.43,-0.58,8.90","3.2,7.2,-1.9","-29.850,-9.900,40.950",1.11,1.85,0.00,0,8561,7470,8,1.23,37.496363,126.958389,878,0,0,0,2.29,0.72,0.53,-66.0,0,35,0,2,-53,-57.7,7470,29,3,1.78,1,0,-3.66,2.32,0
20:04:17,96.441,893701,893700,2,1,1,37.496375,126.958395,1.77,16.7,1,16.7,1,34.5,0,0.00,8.61,12.89,0.9743,44.44,1.341,14,102241,1.718,1,14.7,"-1.09,-1.39,8.42","5.3,-11.7,1.4","-28.800,-10.800,40.650",1.86,2.81,0.00,0,8562,7471,8,1.23,37.496363,126.958389,878,0,0,0,1.83,1.09,0.63,-52.1,0,35,0,2,-55,-57.2,7471,29,3,1.69,1,0,-3.66,2.32,0
20:04:17,96.525,893801,893800,2,1,1,37.496375,126.958395,1.77,16.7,1,16.7,1,34.5,0,0.00,10.11,8.60,0.9999,50.22,1.332,14,102253,1.718,1,14.7,"-0.61,0.57,10.08","3.2,-7.9,-1.0","-26.850,-6.000,45.900",0.82,1.37,0.00,0,8563,7472,8,1.23,37.496363,126.958389,878,0,0,0,1.83,1.09,0.63,-52.1,0,35,0,2,-52,-56.2,7472,25,3,1.53,1,0,-3.66,2.32,0
20:04:17,96.596,893901,893900,2,1,1,37.496375,126.958395,1.77,16.7,1,16.7,1,34.5,0,0.00,10.13,8.57,0.9989,46.04,1.370,14,102265,1.718,1,14.7,"-0.18,0.13,10.13","0.6,-8.4,1.5","-28.950,-8.550,42.000",0.70,1.53,0.00,0,8564,7473,8,1.23,37.496363,126.958389,878,0,0,0,1.83,1.09,0.63,-52.1,0,35,0,2,-53,-55.5,7473,19,3,1.44,1,0,-3.66,2.32,0
20:04:17,96.964,894000,894000,2,1,1,37.496375,126.958395,1.77,16.7,1,16.7,1,34.5,0,0.54,9.98,4.35,0.9997,47.64,1.279,14,102277,1.718,1,14.7,"-0.42,0.23,9.97","-1.2,0.4,-4.2","-22.500,-1.500,42.750",0.47,0.82,0.00,0,8565,7474,8,1.23,37.496363,126.958389,878,0,0,0,1.83,1.09,0.63,-52.1,0,35,0,2,-50,-54.4,7474,12,3,1.30,1,0,-3.66,2.32,0
20:04:18,97.241,894324,894311,3,1,1,37.496375,126.958395,1.77,16.7,1,16.7,1,34.6,0,3.25,9.37,49.88,0.9903,47.10,1.385,14,102310,1.718,1,14.7,"-0.64,2.01,9.13","-2.5,-49.4,-6.8","-29.100,-9.600,43.200",2.08,2.33,0.00,0,8568,7477,8,1.23,37.496363,126.958389,878,0,0,0,1.83,1.09,0.63,-52.1,0,36,0,3,-46,-52.2,7477,21,3,1.05,1,0,-3.66,2.32,0
20:04:18,97.341,894640,894639,3,1,1,37.496375,126.958395,1.77,34.5,1,16.7,1,34.5,0,0.00,9.66,5.65,0.9998,46.60,1.330,14,102345,1.718,1,14.7,"-0.27,0.39,9.65","4.2,-3.8,0.4","-24.150,-1.350,41.700",0.29,2.22,0.00,0,8571,7480,8,1.23,37.496363,126.958389,878,0,0,0,1.83,0.61,0.36,-69.9,0,36,0,3,-52,-51.3,7480,20,4,0.96,1,0,-3.66,2.32,0
20:04:18,97.412,894748,894747,3,1,1,37.496375,126.958395,1.77,34.6,1,16.7,1,34.6,0,0.00,9.85,0.84,0.9997,47.26,1.307,14,102358,1.718,1,14.7,"-0.22,0.50,9.84","0.5,-0.6,0.2","-23.850,-2.100,42.450",0.39,2.08,0.00,0,8572,7481,8,1.23,37.496363,126.958389,878,0,0,0,1.83,0.61,0.35,-69.9,0,36,0,3,-52,-51.4,7481,22,4,0.97,1,0,-3.66,2.32,0
20:04:18,97.583,894848,894847,3,1,1,37.496375,126.958395,1.77,34.6,1,16.7,1,34.6,0,0.00,9.71,3.35,0.9999,47.04,1.339,14,102370,1.718,1,14.7,"-0.34,0.37,9.70","2.6,2.2,-0.1","-28.200,-9.000,43.050",0.10,2.67,0.00,0,8573,7482,8,1.23,37.496363,126.958389,878,0,0,0,1.83,0.61,0.35,-70.0,0,36,0,3,-50,-51.1,7482,16,4,0.95,1,0,-3.66,2.32,0
20:04:18,97.800,894950,894949,3,1,1,37.496375,126.958395,1.77,34.6,1,16.7,1,34.6,0,-0.65,9.66,4.20,0.9997,48.47,1.312,14,102382,1.718,1,14.7,"-0.25,0.36,9.65","2.2,-1.5,3.2","-23.250,-0.750,43.500",0.12,0.30,0.00,0,8574,7483,8,1.23,37.496363,126.958389,878,0,0,0,1.83,0.61,0.35,-70.0,0,36,0,3,-49,-50.7,7483,12,4,0.91,1,0,-3.66,2.32,0
20:04:19,98.079,895165,895152,3,1,1,37.496375,126.958395,1.77,34.6,1,16.7,1,34.6,0,0.00,9.71,2.85,0.9985,48.50,1.335,14,102405,1.718,1,14.7,"-0.28,-0.03,9.70","1.4,-1.9,-1.5","-24.600,-1.650,43.650",0.32,0.46,0.00,0,8576,7485,8,1.23,37.496363,126.958389,878,0,0,0,1.83,0.61,0.35,-69.9,0,36,0,3,-51,-51.3,7485,17,4,0.96,1,0,-3.66,2.32,0
20:04:19,98.292,895479,895466,3,1,1,37.496375,126.958395,1.77,34.6,1,16.7,1,34.6,0,0.00,9.96,3.69,0.9990,46.69,1.308,14,102437,1.718,1,14.7,"-0.30,0.09,9.96","-1.3,-3.0,-1.6","-24.450,-3.150,42.000",0.47,6.55,0.00,0,8579,7488,8,1.23,37.496363,126.958389,878,0,0,0,1.83,0.61,0.35,-70.0,0,36,0,3,-51,-51.2,7488,14,4,0.95,1,0,-3.66,2.32,0
20:04:19,98.324,895570,895569,3,0,0,0.000000,0.000000,0.00,0.0,0,16.7,1,34.6,0,0.00,10.43,6.32,0.9942,48.29,1.336,14,102448,1.718,1,14.7,"-1.47,0.01,10.33","1.8,-6.0,0.3","-26.250,-4.650,43.800",1.40,2.98,0.00,0,8580,7489,8,1.23,37.496363,126.958389,878,0,0,0,-1.00,0.00,999.00,0.0,0,36,0,3,-52,-51.3,7489,1,4,0.96,1,0,-3.66,2.32,0
20:04:19,98.390,895677,895676,3,0,0,0.000000,0.000000,0.00,0.0,0,16.7,1,34.6,0,0.00,8.38,5.67,0.9439,47.48,1.306,14,102461,1.718,1,14.7,"2.06,-0.94,8.06","4.3,-3.7,0.5","-26.700,-3.900,43.500",3.01,4.04,0.00,0,8581,7490,8,1.23,37.496363,126.958389,878,0,0,0,-1.00,0.00,999.00,0.0,0,36,0,3,-54,-51.9,7490,0,4,0.96,1,0,-3.66,2.32,0
20:04:19,98.475,895784,895783,3,0,0,0.000000,0.000000,0.00,0.0,0,16.7,1,34.6,0,0.00,11.10,2.24,0.9990,47.87,1.295,14,102474,1.718,1,14.7,"-0.97,0.73,11.03","-0.8,-1.5,-1.4","-24.150,-3.300,43.200",1.96,6.06,0.00,0,8582,7491,8,1.23,37.496363,126.958389,878,0,0,0,-1.00,0.00,999.00,0.0,0,36,0,3,-54,-52.3,7491,3,4,1.06,1,0,-3.66,2.32,0
20:04:19,98.611,895884,895883,3,0,0,0.000000,0.000000,0.00,0.0,0,16.7,1,34.6,0,0.00,9.50,1.42,0.9994,47.36,1.286,14,102486,1.718,1,14.7,"-0.41,0.13,9.49","-0.1,0.2,-1.4","-22.650,-1.350,42.450",0.35,2.33,0.00,0,8583,7491,8,1.23,37.496363,126.958389,878,0,0,0,-1.00,0.00,999.00,0.0,0,36,0,3,-54,-52.3,7491,103,4,1.06,1,0,-3.66,2.32,0
20:04:19,98.744,895984,895983,3,0,0,0.000000,0.000000,0.00,0.0,0,16.7,1,34.6,0,0.00,9.66,1.71,0.9999,47.79,1.301,14,102498,1.718,1,14.7,"-0.28,0.46,9.64","1.4,-0.4,-1.0","-24.000,-2.700,43.050",0.27,0.41,0.00,0,8584,7492,8,1.23,37.496363,126.958389,878,0,0,0,-1.00,0.00,999.00,0.0,0,36,0,3,-54,-52.6,7492,97,4,1.09,1,0,-3.66,2.32,0
20:04:19,98.841,896085,896084,3,0,0,0.000000,0.000000,0.00,0.0,0,16.7,1,34.6,0,0.00,9.83,2.82,0.9998,48.46,1.320,14,102510,1.718,1,14.7,"-0.26,0.43,9.82","0.8,0.8,-2.6","-23.550,-0.750,43.500",0.33,0.37,0.00,0,8585,7493,8,1.23,37.496363,126.958389,878,0,0,0,-1.00,0.00,999.00,0.0,0,36,0,3,-53,-52.7,7493,92,4,1.10,1,0,-3.66,2.32,0
20:04:19,98.916,896186,896185,3,0,0,0.000000,0.000000,0.00,0.0,0,16.7,1,34.6,0,-0.12,9.67,4.14,0.9998,47.58,1.314,14,102522,1.718,1,14.7,"-0.26,0.45,9.65","-0.7,-3.1,2.7","-24.000,-1.950,42.750",0.16,0.41,0.00,0,8586,7494,8,1.23,37.496363,126.958389,878,0,0,0,-1.00,0.00,999.00,0.0,0,36,0,3,-52,-52.6,7494,88,4,1.09,1,0,-3.66,2.32,0
20:04:19,99.026,896290,896289,3,0,0,0.000000,0.000000,0.00,0.0,0,16.7,1,34.6,0,0.00,9.73,2.74,0.9999,48.32,1.272,14,102533,1.718,1,14.7,"-0.33,0.36,9.72","2.4,0.8,1.0","-23.400,-3.300,43.650",0.19,0.30,0.00,0,8587,7495,8,1.23,37.496363,126.958389,878,0,0,0,-1.00,0.00,999.00,0.0,0,36,0,3,-50,-52.0,7495,87,4,1.03,1,0,-3.66,2.32,0
20:04:20,99.311,896398,896397,3,0,0,0.000000,0.000000,0.00,0.0,0,16.7,1,34.6,0,0.00,12.12,6.58,0.9734,47.48,1.345,14,102546,1.718,1,14.7,"-3.18,-0.26,11.69","5.1,-3.2,-2.7","-25.500,-2.700,42.750",3.60,3.60,0.00,0,8588,7496,8,1.23,37.496363,126.958389,878,0,0,0,-1.00,0.00,999.00,0.0,0,36,0,3,-49,-51.4,7496,90,4,0.98,1,0,-3.66,2.32,0
20:04:20,99.457,896704,896703,3,0,0,0.000000,0.000000,0.00,0.0,0,16.7,1,34.6,0,0.00,9.71,4.89,0.9993,47.34,1.280,14,102583,1.718,1,14.7,"-0.35,0.13,9.70","-3.7,1.0,-3.0","-21.750,-0.300,42.300",0.10,2.42,0.00,0,8591,7499,8,1.23,37.496363,126.958389,878,0,0,0,-1.00,0.00,999.00,0.0,0,36,0,3,-49,-50.4,7499,73,4,0.88,1,0,-3.66,2.32,0
20:04:20,99.593,896812,896811,3,0,0,0.000000,0.000000,0.00,0.0,0,16.7,1,34.6,0,0.00,12.82,6.48,0.9993,47.99,1.335,14,102596,1.718,1,14.7,"-0.65,0.14,12.80","-5.3,-3.7,0.2","-26.850,-6.000,43.650",3.11,3.91,0.00,0,8592,7500,8,1.23,37.496363,126.958389,878,0,0,0,-1.00,0.00,999.00,0.0,0,36,0,3,-49,-50.1,7500,80,4,0.86,1,0,-3.66,2.32,0
20:04:20,99.708,897019,897018,3,0,0,0.000000,0.000000,0.00,0.0,0,16.7,1,34.7,0,0.00,9.30,24.55,0.9981,46.37,1.355,14,102621,1.718,1,14.7,"-0.56,1.02,9.22","24.4,2.2,1.4","-26.100,-3.300,41.700",0.93,9.25,0.00,0,8594,7502,8,1.23,37.496363,126.958389,878,0,0,0,-1.00,0.00,999.00,0.0,0,36,0,3,-52,-50.2,7502,76,4,0.86,1,0,-3.66,2.32,0
20:04:21,100.047,897126,897125,3,0,0,0.000000,0.000000,0.00,0.0,0,16.7,1,34.7,0,0.00,10.50,5.76,0.9995,47.35,1.307,14,102634,1.718,1,14.7,"-0.46,0.85,10.45","-5.7,0.0,-0.5","-23.400,-1.350,42.450",0.71,7.56,0.00,0,8595,7503,8,1.23,37.496363,126.958389,878,0,0,0,-1.00,0.00,999.00,0.0,0,36,0,3,-50,-50.1,7503,77,4,0.86,1,0,-3.66,2.32,0
20:04:21,100.225,897430,897429,3,0,0,0.000000,0.000000,0.00,0.0,0,16.7,1,34.7,0,0.71,8.98,5.41,0.8745,48.60,1.292,14,102669,1.718,1,14.7,"-2.91,-3.14,7.89","3.2,-1.6,-4.1","-24.900,-1.650,43.650",4.74,4.76,0.00,0,8598,7506,8,1.23,37.496363,126.958389,878,0,0,0,-1.00,0.00,999.00,0.0,0,36,0,3,-46,-49.4,7506,64,4,0.81,1,0,-3.66,2.32,0
20:04:22,101.153,897629,897628,3,0,0,0.000000,0.000000,0.00,0.0,0,16.7,1,34.7,0,0.00,9.65,3.00,0.9999,47.54,1.322,14,102693,1.718,1,14.7,"-0.41,0.36,9.64","-1.3,1.1,-2.5","-24.450,-2.250,42.750",0.21,1.89,0.00,0,8600,7508,8,1.23,37.496363,126.958389,878,0,0,0,-1.00,0.00,999.00,0.0,0,36,0,3,-55,-51.0,7508,51,4,0.93,1,0,-3.66,2.32,0
20:04:22,101.573,898554,898553,3,0,0,0.000000,0.000000,0.00,0.0,0,16.7,1,34.7,0,-0.71,9.64,3.61,0.9997,47.90,1.323,14,102803,1.718,1,14.7,"-0.25,0.34,9.63","-0.7,1.7,3.1","-23.400,-0.450,42.900",0.07,0.16,0.00,0,8609,7517,8,1.23,37.496363,126.958389,878,0,0,0,-1.00,0.00,999.00,0.0,0,36,0,3,-70,-60.7,7517,32,4,2.36,1,0,-3.66,2.32,0
20:04:22,101.663,898654,898653,0,0,0,0.000000,0.000000,0.00,0.0,0,16.7,1,34.7,0,0.00,9.77,2.97,0.9996,48.66,1.279,14,102815,0.041,1,14.7,"-0.31,0.25,9.76","-1.4,1.1,-2.4","-21.900,-0.450,43.650",0.11,0.16,0.00,0,8610,7518,0,99.99,37.496287,126.958284,878,0,1,0,-1.00,0.00,999.00,0.0,0,36,0,3,-64,-61.4,7518,26,4,2.51,1,0,-3.66,2.32,0
20:04:22,101.664,898870,898869,0,0,0,0.000000,0.000000,0.00,0.0,0,16.7,1,34.7,0,-1.55,9.13,5.33,0.9618,48.34,1.423,14,102841,0.041,1,14.7,"-1.66,-1.72,8.82","-3.7,0.5,3.8","-24.900,-0.150,43.950",2.39,4.39,0.00,0,8612,7520,0,99.99,37.496287,126.958284,878,0,1,0,-1.00,0.00,999.00,0.0,0,36,0,3,-67,-63.4,7520,30,4,3.04,1,0,-3.66,2.32,0
20:04:22,101.844,898979,898978,0,0,0,0.000000,0.000000,0.00,0.0,0,16.7,1,34.7,0,0.00,10.20,6.17,0.9921,49.17,1.314,14,102854,0.041,1,14.7,"-1.50,-0.23,10.08","6.0,1.1,0.9","-23.550,-1.050,44.250",1.04,2.41,0.00,0,8613,7521,0,99.99,37.496287,126.958284,878,0,1,0,-1.00,0.00,999.00,0.0,0,36,0,3,-73,-65.3,7521,33,4,3.65,1,0,-3.66,2.32,0
20:04:22,102.008,899186,899185,0,0,0,0.000000,0.000000,0.00,0.0,0,16.7,1,34.6,0,0.00,11.06,10.83,0.9965,45.50,1.319,14,102879,0.041,1,14.7,"-0.79,-0.34,11.02","-4.0,10.0,1.5","-24.750,-3.150,40.800",1.35,3.73,0.00,0,8615,7523,0,99.99,37.496287,126.958284,878,0,1,0,-1.00,0.00,999.00,0.0,0,36,0,3,-68,-65.0,7523,30,4,3.55,1,0,-3.66,2.32,0
20:04:23,102.092,899289,899288,0,0,0,0.000000,0.000000,0.00,0.0,0,16.7,1,34.5,0,0.00,10.46,8.63,0.9937,44.67,1.326,14,102890,0.041,1,14.7,"0.28,-0.38,10.45","-8.6,-0.0,0.7","-24.600,-2.550,39.900",1.33,2.82,0.00,0,8616,7524,0,99.99,37.496287,126.958284,878,0,1,0,-1.00,0.00,999.00,0.0,0,36,0,3,-54,-62.8,7524,28,4,2.88,1,0,-3.66,2.32,0
20:04:23,102.378,899396,899395,0,0,0,0.000000,0.000000,0.00,0.0,0,16.7,1,34.4,0,-2.17,13.18,14.81,0.9991,42.22,1.316,14,102903,0.041,1,14.7,"-2.72,1.66,12.79","-14.3,-1.2,3.5","-23.550,-2.700,38.250",3.78,9.47,0.00,0,8617,7525,0,99.99,37.496287,126.958284,878,0,1,0,-1.00,0.00,999.00,0.0,0,36,0,3,-51,-60.4,7525,30,4,2.30,1,0,-3.66,2.32,0
20:04:23,102.798,899804,899804,0,0,1,37.496326,126.958270,0.36,242.7,1,242.7,1,33.5,0,-2.19,13.40,25.65,0.9929,39.48,1.454,14,102952,0.715,1,242.7,"-1.78,0.79,13.25","-1.8,-25.2,4.6","-26.100,1.650,34.200",3.64,4.85,0.00,0,8621,7529,9,1.76,37.496327,126.958272,879,0,1,0,13.46,0.00,999.00,178.1,0,36,0,3,-50,-56.4,7529,12,4,1.57,1,0,-3.66,2.32,0
20:04:24,103.111,900110,900109,0,0,1,37.496325,126.958268,0.36,242.7,1,242.7,1,32.1,0,-12.52,2.74,18.14,0.9829,37.27,1.491,14,102986,0.715,1,242.7,"-0.03,-1.27,2.43","7.5,6.2,15.3","-24.600,3.300,34.200",7.01,20.85,0.00,0,8624,7531,9,1.76,37.496327,126.958272,879,0,1,0,13.46,0.00,999.00,178.1,0,36,0,3,-56,-55.9,7531,108,4,1.50,1,0,-3.66,2.32,0
20:04:24,103.274,900514,900513,0,0,1,37.496325,126.958267,0.36,242.7,1,242.7,1,30.7,0,0.00,11.43,22.85,0.9810,40.36,1.439,14,103033,0.715,1,242.7,"-0.55,2.77,11.08","2.9,22.6,1.2","-19.650,8.850,34.200",3.27,10.63,0.00,0,8628,7535,9,1.76,37.496327,126.958272,879,0,1,0,13.46,0.00,999.00,178.1,0,36,0,3,-58,-55.6,7535,92,4,1.45,1,0,-3.66,2.32,0
20:04:24,103.298,900615,900614,0,0,1,37.496333,126.958291,0.80,228.6,1,228.6,1,30.4,0,-1.69,15.20,50.75,0.9808,39.65,1.491,14,103045,1.245,1,202.4,"0.59,0.26,15.18","-48.3,-14.7,5.6","-19.350,12.900,34.500",5.57,9.37,0.00,0,8629,7536,9,1.23,37.496343,126.958319,880,0,1,0,13.46,0.00,999.00,178.1,0,36,0,3,-54,-55.3,7536,88,4,1.41,1,0,-3.66,2.32,0
20:04:24,103.418,900716,900715,0,0,1,37.496333,126.958291,0.80,228.6,1,228.6,1,30.1,0,-5.02,6.15,11.22,0.9786,41.63,1.565,14,103057,1.245,1,202.4,"-0.68,-5.97,-1.31","8.0,2.8,7.4","-23.100,13.500,34.200",12.29,12.29,0.00,0,8630,7537,9,1.23,37.496343,126.958319,880,0,1,0,11.29,-0.79,999.00,-169.1,0,36,0,3,-57,-55.6,7537,83,4,1.46,1,0,-3.66,2.32,0
20:04:24,103.524,900816,900815,0,0,1,37.496333,126.958291,0.80,228.6,1,228.6,1,29.6,0,-6.20,12.65,54.50,0.8605,40.93,1.659,14,103069,1.245,1,202.4,"2.65,-1.32,12.30","50.3,-19.5,7.5","-19.950,14.250,34.200",4.04,6.56,0.00,0,8631,7537,9,1.23,37.496343,126.958319,880,0,1,0,11.29,-0.79,999.00,-169.1,0,36,0,3,-57,-55.6,7537,183,4,1.46,1,0,-3.66,2.32,0
20:04:25,104.152,900917,900916,0,0,1,37.496332,126.958290,0.80,228.6,1,228.6,1,29.1,0,0.00,9.96,31.43,0.8013,40.93,1.659,14,103081,1.245,1,202.4,"4.72,-2.70,8.35","-13.0,28.6,0.2","-17.100,14.550,33.750",5.75,21.56,0.00,0,8632,7538,9,1.23,37.496343,126.958319,880,0,1,0,11.29,-0.79,999.00,-169.1,0,36,0,3,-55,-55.5,7538,72,4,1.44,1,0,-3.66,2.32,0
20:04:25,104.524,901529,901528,0,0,1,37.496331,126.958289,0.80,228.6,1,228.6,1,27.3,0,-7.54,13.97,19.17,0.9909,36.63,1.665,14,103151,1.245,1,202.4,"-0.33,2.83,13.68","-0.8,-15.7,11.0","-20.100,18.900,29.250",4.59,16.71,0.00,0,8638,7544,9,1.23,37.496343,126.958319,880,0,1,0,11.51,-0.79,999.00,-170.9,0,36,0,3,-51,-52.3,7544,54,4,1.06,1,0,-3.66,2.32,0
20:04:25,104.564,901734,901733,0,0,1,37.496335,126.958318,0.90,218.8,1,218.8,1,30.8,1,54.98,13.08,60.41,0.9403,37.29,1.800,14,103174,1.008,1,200.5,"1.46,4.42,12.22","-14.7,1.1,-58.6","-21.150,21.450,31.950",5.05,6.32,0.00,0,8640,7546,9,1.23,37.496342,126.958347,881,0,1,0,9.34,-0.89,999.00,-170.0,0,36,0,3,-51,-52.0,7546,48,4,1.03,1,0,-3.66,2.32,0
20:04:25,104.564,901835,901834,0,0,1,37.496335,126.958318,0.90,218.8,1,218.8,1,35.2,1,25.49,16.14,64.37,0.9403,37.29,1.800,14,103186,1.008,1,200.5,"4.47,0.03,15.50","17.8,-55.6,-27.0","-21.750,19.650,32.250",7.40,9.36,0.00,0,8641,7547,9,1.23,37.496342,126.958347,881,0,1,0,9.34,-0.89,999.00,-170.0,0,36,0,3,-51,-51.8,7547,43,4,1.01,1,0,-3.66,2.32,0
20:04:25,104.744,901936,901935,0,0,1,37.496335,126.958318,0.90,218.8,1,218.8,1,39.5,1,39.22,3.75,51.43,0.8723,37.29,1.800,14,103198,1.008,1,200.5,"-2.09,-2.62,-1.69","-23.9,-15.2,-42.9","-24.600,21.000,33.450",11.54,11.54,0.00,0,8642,7548,9,1.23,37.496342,126.958347,881,0,1,0,9.34,-0.89,999.00,-170.0,0,36,0,3,-52,-51.9,7548,37,4,1.01,1,0,-3.66,2.32,0
20:04:25,104.854,902138,902137,0,0,1,37.496334,126.958318,0.90,218.8,1,218.8,1,48.4,1,36.28,12.15,41.89,0.9827,42.38,1.996,14,103222,1.008,1,200.5,"-0.61,2.84,11.80","-5.9,-11.2,-39.9","-27.750,24.300,34.500",3.24,7.25,0.00,0,8644,7550,9,1.23,37.496342,126.958347,881,0,1,0,9.34,-0.89,999.00,-170.0,0,36,0,3,-54,-52.3,7550,28,4,1.06,1,0,-3.66,2.32,0
20:04:25,105.034,902238,902237,0,0,1,37.496333,126.958318,0.90,218.8,1,218.8,1,49.7,1,0.00,11.12,24.87,0.9040,42.55,2.033,14,103234,1.008,1,200.5,"-4.10,-2.56,10.02","17.6,-17.4,2.6","-29.100,24.600,34.650",4.23,11.73,0.00,0,8645,7551,9,1.23,37.496342,126.958347,881,0,1,0,9.34,-0.89,999.00,-170.0,0,36,0,3,-55,-52.8,7551,24,4,1.11,1,0,-3.66,2.32,0
20:04:26,105.242,902442,902441,0,0,1,37.496333,126.958318,0.90,218.8,1,218.8,1,49.5,1,-8.88,17.29,57.56,0.9307,43.83,1.978,14,103257,1.008,1,200.5,"1.32,6.95,15.78","-51.2,25.9,5.1","-27.600,24.600,37.650",8.98,11.45,0.00,0,8647,7553,9,1.23,37.496342,126.958347,881,0,1,0,9.34,-0.89,999.00,-170.0,0,36,0,3,-59,-54.3,7553,18,4,1.28,1,0,-3.66,2.32,0
20:04:26,105.341,902542,902541,0,0,1,37.496333,126.958318,0.90,218.8,1,218.8,1,48.8,1,-41.19,12.71,57.34,0.8749,47.63,2.071,14,103269,1.008,1,200.5,"0.09,4.91,11.73","3.4,-32.6,47.0","-27.300,24.600,37.950",4.62,5.23,0.00,0,8648,7554,9,1.23,37.496342,126.958347,881,0,1,0,9.34,-0.89,999.00,-170.0,0,36,0,3,-59,-55.2,7554,12,4,1.40,1,0,-3.66,2.32,0
20:04:26,105.442,902756,902743,0,0,1,37.496334,126.958327,1.02,215.1,1,215.1,1,36.0,1,-55.91,13.11,71.72,0.8749,47.63,2.071,14,103292,1.137,1,208.2,"-2.94,-1.71,12.66","35.6,-13.7,60.7","-22.650,24.150,41.700",4.14,14.44,0.00,0,8650,7556,8,1.49,37.496337,126.958336,882,0,1,0,8.38,-1.01,999.00,-172.4,0,36,0,3,-52,-54.4,7556,13,4,1.29,1,0,-3.66,2.32,0
20:04:26,105.761,902848,902847,0,0,1,37.496333,126.958327,1.02,215.1,1,215.1,1,33.1,1,-14.02,18.87,42.88,0.8031,47.63,2.071,14,103303,1.137,1,208.2,"-4.95,1.56,18.14","26.9,-27.9,18.3","-20.700,24.900,42.450",8.95,10.11,0.00,0,8651,7557,8,1.49,37.496337,126.958336,882,0,1,0,8.38,-1.01,999.00,-172.4,0,36,0,3,-52,-53.9,7557,0,4,1.29,1,0,-3.66,2.32,0
20:04:27,106.476,903151,903150,0,0,1,37.496332,126.958327,1.02,215.1,1,215.1,1,29.9,1,-4.93,13.87,11.31,0.9596,53.17,1.771,14,103339,1.137,1,208.2,"-4.76,-2.71,12.74","-7.2,-4.7,7.3","-15.450,17.100,45.450",5.82,13.35,0.00,0,8654,7559,8,1.49,37.496337,126.958336,882,0,1,0,9.02,-1.02,999.00,-176.0,0,36,0,3,-53,-53.7,7559,90,4,1.21,1,0,-3.66,2.32,0
20:04:27,106.739,903868,903867,0,0,1,37.496329,126.958335,1.28,208.8,1,208.8,1,24.4,1,-5.33,4.06,11.61,-0.0401,38.81,1.479,14,103422,1.543,1,197.0,"2.39,-3.00,-1.33","7.1,-4.2,8.2","-11.700,13.650,32.550",10.89,19.48,0.00,0,8661,7566,8,1.23,37.496333,126.958344,883,0,1,0,8.61,-1.27,999.00,-173.2,0,36,0,3,-59,-60.1,7566,69,4,2.21,1,0,-3.66,2.32,0
20:04:27,106.882,904070,904069,0,0,1,37.496328,126.958335,1.28,208.8,1,208.8,1,23.6,1,38.87,25.35,78.87,0.9185,39.67,1.428,14,103446,1.543,1,197.0,"-3.42,2.94,24.95","60.7,-30.3,-40.2","-16.500,14.250,35.700",15.12,15.12,0.00,0,8663,7568,8,1.23,37.496333,126.958344,883,0,1,0,8.60,-1.28,999.00,-178.5,0,36,0,3,-58,-59.3,7568,55,4,2.06,1,0,-3.66,2.32,0
20:04:28,107.075,904271,904270,0,0,1,37.496326,126.958335,1.28,208.8,1,208.8,1,31.1,1,-0.66,5.91,6.94,0.9185,39.67,1.428,14,103470,1.543,1,197.0,"-3.02,1.00,4.98","3.0,-4.9,3.9","-15.750,8.850,36.450",6.36,30.14,0.00,0,8665,7570,8,1.23,37.496333,126.958344,883,0,1,0,8.60,-1.28,999.00,-178.5,0,36,0,3,-58,-59.0,7570,49,4,2.00,1,0,-3.66,2.32,0
20:04:28,107.279,904475,904474,0,0,1,37.496326,126.958335,1.28,208.8,1,208.8,1,29.4,1,-7.09,14.79,32.92,0.9671,38.55,1.159,14,103493,1.543,1,197.0,"1.01,4.68,14.00","-23.5,21.6,8.0","-11.250,1.650,31.650",6.48,12.15,0.00,0,8667,7572,8,1.23,37.496333,126.958344,883,0,1,0,8.97,-1.28,999.00,-179.9,0,36,0,3,-59,-59.0,7572,40,4,2.00,1,0,-3.66,2.32,0
20:04:28,107.440,904676,904675,0,0,1,37.496322,126.958341,1.45,202.9,1,202.9,1,27.8,1,-6.74,13.01,57.05,0.9959,27.71,1.196,14,103517,1.620,1,192.1,"0.81,3.28,12.56","55.8,-7.7,9.1","-13.800,4.800,19.650",4.40,11.53,0.00,0,8669,7574,8,1.23,37.496321,126.958347,884,0,1,0,9.05,-1.04,999.00,-179.1,0,36,0,3,-63,-60.0,7574,35,4,2.19,1,0,-3.66,2.32,0
20:04:28,107.470,904781,904780,0,0,1,37.496321,126.958341,1.45,202.9,1,202.9,1,27.1,1,-7.47,5.24,33.43,0.9714,24.69,1.220,14,103529,1.620,1,192.1,"1.90,1.48,4.65","29.5,-12.4,9.7","-16.800,7.050,16.500",4.21,23.79,0.00,0,8670,7575,8,1.23,37.496321,126.958347,884,0,1,0,9.05,-1.04,999.00,-179.1,0,36,0,3,-62,-60.4,7575,34,4,2.28,1,0,-3.66,2.32,0
20:04:28,107.727,904882,904881,0,0,1,37.496320,126.958340,1.45,202.9,1,202.9,1,26.6,1,-8.88,9.62,23.82,0.9142,23.23,1.446,14,103541,1.620,1,192.1,"-4.04,-0.95,8.68","17.8,11.3,11.1","-19.650,9.150,17.700",4.27,14.68,0.00,0,8671,7576,8,1.23,37.496321,126.958347,884,0,1,0,9.44,-1.05,999.00,179.9,0,36,0,3,-60,-60.3,7576,29,4,2.27,1,0,-3.66,2.32,0
20:04:28,107.859,905084,905083,0,0,1,37.496318,126.958340,1.45,202.9,1,202.9,1,25.5,1,-5.81,18.20,76.39,0.9718,27.26,1.528,14,103565,1.620,1,192.1,"-4.06,-7.03,16.29","41.1,-63.2,12.5","-17.250,13.950,19.950",10.75,11.95,0.00,0,8673,7578,8,1.23,37.496321,126.958347,884,0,1,0,9.20,-1.05,999.00,176.0,0,36,0,3,-60,-60.3,7578,20,4,2.28,1,0,-3.66,2.32,0
20:04:29,108.544,905192,905191,0,0,1,37.496317,126.958340,1.45,202.9,1,202.9,1,24.8,1,-6.38,14.02,40.37,0.8704,27.87,1.549,14,103578,1.620,1,192.1,"0.11,1.02,13.98","-39.7,4.8,5.8","-15.450,15.150,23.400",4.54,17.50,0.00,0,8674,7579,8,1.23,37.496321,126.958347,884,0,1,0,9.20,-1.05,999.00,176.0,0,36,0,3,-61,-60.5,7579,23,4,2.31,1,0,-3.66,2.32,0
20:04:30,109.093,905924,905911,0,0,1,37.496307,126.958343,1.49,198.6,1,198.6,1,32.5,1,0.59,6.82,30.91,0.9212,31.93,1.543,14,103660,1.538,1,190.4,"-0.11,-0.79,6.78","17.1,25.6,-2.2","-6.450,11.700,26.250",2.17,17.69,0.00,0,8681,7586,8,1.23,37.496308,126.958347,885,0,1,0,10.81,-1.49,999.00,177.5,0,36,0,3,-70,-66.9,7586,17,4,4.23,1,0,-3.66,2.32,0
20:04:30,109.309,906530,906529,0,0,1,37.496303,126.958343,1.49,198.6,1,198.6,1,38.5,1,-1.29,9.87,20.66,0.9545,25.50,1.329,14,103729,1.538,1,190.4,"-3.23,1.34,9.23","0.1,-20.1,4.6","-14.400,9.450,18.750",2.86,10.84,0.00,0,8687,7591,8,1.23,37.496308,126.958347,885,0,1,0,11.06,0.00,999.00,173.5,0,36,0,3,-75,-72.2,7591,86,4,7.01,1,0,-3.66,2.32,0
20:04:30,109.443,906638,906637,0,0,1,37.496295,126.958343,1.76,197.5,1,197.5,1,35.2,1,0.00,38.66,88.52,0.9443,25.50,1.329,14,103742,2.017,1,195.5,"-8.38,7.32,37.02","32.0,-82.4,4.5","-14.250,12.300,19.200",29.51,29.51,0.00,0,8688,7591,8,1.23,37.496291,126.958344,886,0,1,0,11.06,0.00,999.00,173.5,0,36,0,3,-75,-72.2,7591,194,4,7.01,1,0,-3.66,2.32,0
20:04:31,110.679,906840,906839,0,0,1,37.496292,126.958343,1.76,197.5,1,197.5,1,33.7,1,-11.76,18.44,63.50,0.9824,27.93,1.319,14,103766,2.017,1,195.5,"4.97,0.24,17.76","-62.7,-1.4,9.9","-11.700,11.400,21.300",9.90,18.14,0.00,0,8690,7593,8,1.23,37.496291,126.958344,886,0,1,0,12.31,0.00,999.00,173.3,0,36,0,3,-81,-75.8,7593,91,4,9.93,1,0,-3.66,2.32,0
20:04:32,111.055,908077,908076,0,0,1,37.496273,126.958340,1.82,195.4,1,195.4,1,32.0,1,-4.38,25.46,11.80,0.9915,33.14,1.916,14,103910,1.883,1,191.6,"2.88,7.64,24.11","-9.9,-0.4,6.4","-28.050,17.400,26.700",16.75,27.05,0.00,0,8702,7602,8,1.23,37.496277,126.958342,887,0,1,0,14.82,0.00,999.00,173.5,0,36,0,3,-83,-78.6,7602,63,4,12.00,1,0,-3.66,2.32,0
20:04:32,111.243,908284,908283,0,0,1,37.496270,126.958340,1.82,195.4,1,195.4,1,30.3,1,-8.66,12.42,38.01,0.4463,32.75,1.964,14,103935,1.883,1,191.6,"-8.40,-7.28,5.54","35.3,8.7,11.2","-30.150,19.950,25.500",11.98,27.39,0.00,0,8704,7603,8,1.23,37.496277,126.958342,887,0,1,0,15.23,0.00,999.00,173.3,0,36,0,3,-71,-77.1,7603,59,4,11.17,1,0,-3.66,2.32,0
20:04:32,111.340,908388,908387,0,0,1,37.496270,126.958340,1.82,195.4,1,195.4,1,33.9,1,63.38,9.57,72.22,0.9938,33.29,2.035,14,103946,1.883,1,191.6,"5.64,-6.87,3.55","0.9,25.2,-67.7","-30.750,24.600,26.400",10.39,25.35,0.00,0,8705,7604,8,1.23,37.496277,126.958342,887,0,1,0,15.35,0.00,999.00,175.8,0,36,0,3,-82,-78.1,7604,58,4,12.00,1,0,-3.66,2.32,0
20:04:32,111.369,908488,908487,0,0,1,37.496270,126.958340,1.82,195.4,1,195.4,1,37.4,1,0.60,18.60,11.37,0.8377,33.29,2.035,14,103958,1.883,1,191.6,"-3.04,5.40,17.54","-10.3,2.0,-4.4","-33.300,26.850,30.900",9.60,20.13,0.00,0,8706,7605,8,1.23,37.496277,126.958342,887,0,1,0,15.35,0.00,999.00,175.8,0,36,0,3,-77,-77.8,7605,53,4,12.00,1,0,-3.66,2.32,0
20:04:32,111.370,908588,908587,0,0,1,37.496263,126.958338,1.90,194.6,1,194.6,1,33.8,1,0.00,23.89,29.22,0.9684,40.81,2.237,14,103970,1.975,1,193.1,"-0.61,11.54,20.91","-29.2,0.5,1.5","-32.400,29.100,33.750",15.16,15.16,0.00,0,8707,7606,8,1.49,37.496261,126.958337,888,0,1,0,15.35,0.00,999.00,175.8,0,36,0,3,-75,-77.3,7606,48,4,11.40,1,0,-3.66,2.32,0
20:04:32,111.610,908689,908688,0,0,1,37.496262,126.958338,1.90,194.6,1,194.6,1,32.9,1,-8.93,6.08,42.03,0.5025,40.81,2.237,14,103982,1.975,1,193.1,"-4.98,-0.65,3.42","-30.1,27.9,9.1","-30.150,30.300,34.050",8.35,18.07,0.00,0,8708,7607,8,1.49,37.496261,126.958337,888,0,1,0,16.32,0.00,999.00,178.3,0,36,0,3,-84,-78.6,7607,43,4,12.00,1,0,-3.66,2.32,0
20:04:32,111.774,908993,908992,0,0,1,37.496257,126.958337,1.90,194.6,1,194.6,1,40.2,1,84.06,11.62,95.11,-0.2199,40.81,2.237,14,104018,1.975,1,193.1,"-4.18,3.05,10.41","-33.7,13.0,-88.0","-24.900,32.400,40.650",5.23,21.54,0.00,0,8711,7610,8,1.49,37.496261,126.958337,888,0,1,0,16.73,0.00,999.00,178.0,0,36,0,3,-80,-77.0,7610,29,4,11.09,1,0,-3.66,2.32,0
20:04:33,112.127,909094,909093,0,0,1,37.496256,126.958336,1.90,194.6,1,194.6,1,45.6,1,29.30,18.02,42.79,-0.2199,40.81,2.237,14,104030,1.975,1,193.1,"-3.38,1.80,17.61","23.8,12.6,-33.3","-23.850,34.050,41.700",9.22,26.63,0.00,0,8712,7611,8,1.49,37.496261,126.958337,888,0,1,0,17.15,0.00,999.00,177.7,0,36,0,3,-71,-75.8,7611,24,4,9.90,1,0,-3.66,2.32,0
20:04:33,112.619,909518,909517,0,0,1,37.496253,126.958336,1.90,194.6,1,194.6,1,43.4,1,-3.34,17.25,57.57,0.8939,50.35,2.186,14,104077,1.975,1,193.1,"-0.21,9.30,14.52","14.1,-54.0,14.3","-20.100,38.850,43.500",9.11,10.52,0.00,0,8716,7614,8,1.49,37.496261,126.958337,888,0,1,0,-1.00,0.00,999.00,0.0,0,36,0,3,-74,-74.9,7614,28,1,9.08,1,0,-3.66,2.32,0
20:04:33,112.841,910024,910023,0,0,1,37.496240,126.958331,1.87,195.7,1,195.7,1,36.8,1,-3.79,26.06,38.38,0.9392,66.85,1.960,14,104136,1.852,1,197.8,"-1.13,5.10,25.53","-27.5,26.6,3.1","-13.050,36.000,57.150",15.39,15.39,0.00,0,8721,7618,8,1.49,37.496246,126.958332,889,0,1,0,-1.00,0.00,999.00,0.0,0,36,0,3,-73,-74.4,7618,111,1,8.71,1,0,-3.66,2.32,0
20:04:33,112.926,910143,910130,0,0,1,37.496239,126.958331,1.87,195.7,1,195.7,1,35.9,1,-6.40,10.97,10.18,0.9797,67.07,1.826,14,104149,1.852,1,197.8,"-1.52,-1.41,10.77","-1.9,5.4,8.4","-8.550,33.150,58.200",2.87,9.70,0.00,0,8722,7619,8,1.49,37.496246,126.958332,889,0,1,0,-1.00,0.00,999.00,0.0,0,36,0,3,-84,-76.4,7619,19,1,10.44,1,0,-3.66,2.32,0
20:04:34,113.691,910339,910338,0,0,1,37.496236,126.958330,1.87,195.7,1,195.7,1,34.1,1,-5.99,10.88,50.09,0.7547,67.27,1.782,14,104170,1.852,1,197.8,"-2.30,-1.30,10.55","39.2,-29.4,10.5","-3.000,28.350,57.000",3.29,16.35,0.00,0,8724,7620,8,1.49,37.496246,126.958332,889,0,1,0,-1.00,0.00,999.00,0.0,0,36,0,3,-82,-77.5,7620,110,1,11.63,1,0,-3.66,2.32,0
20:04:34,114.024,911054,911053,0,0,1,37.496226,126.958326,1.68,196.1,1,196.1,1,37.6,1,-10.49,18.55,22.74,0.6897,56.45,1.147,14,104253,1.476,1,196.9,"3.24,4.68,17.66","-5.4,-16.5,14.7","5.850,12.750,46.950",9.88,9.88,0.00,0,8731,7625,8,1.49,37.496234,126.958327,890,0,1,0,-1.00,0.00,999.00,0.0,0,36,0,3,-75,-75.7,7625,196,1,9.80,1,0,-3.66,2.32,0
20:04:35,114.054,911261,911260,0,0,1,37.496223,126.958325,1.68,196.1,1,196.1,1,36.8,1,-5.47,5.28,12.93,0.6488,47.15,1.032,14,104278,1.476,1,196.9,"-1.30,-3.62,3.61","-7.5,7.4,7.5","11.400,9.000,36.750",6.74,9.92,0.00,0,8733,7627,8,1.49,37.496234,126.958327,890,0,1,0,-1.00,0.00,999.00,0.0,0,36,0,3,-71,-74.0,7627,81,1,8.35,1,0,-3.66,2.32,0
20:04:35,114.467,911363,911362,0,0,1,37.496223,126.958325,1.68,196.1,1,196.1,1,36.4,1,-7.13,8.79,21.52,0.9946,39.74,1.031,14,104289,1.476,1,196.9,"-1.02,1.10,8.66","19.3,1.1,9.4","9.900,9.450,33.300",1.34,12.56,0.00,0,8734,7628,8,1.49,37.496234,126.958327,890,0,1,0,-1.00,0.00,999.00,0.0,0,36,0,3,-74,-74.0,7628,84,1,8.35,1,0,-3.66,2.32,0
20:04:35,114.866,911780,911779,0,0,1,37.496219,126.958322,1.42,195.4,1,195.4,1,32.0,1,-17.58,21.43,33.34,0.9902,23.33,1.188,14,104339,1.168,1,194.2,"1.19,8.91,19.45","8.6,-24.6,20.7","6.450,12.150,16.500",13.06,21.61,0.00,0,8738,7632,8,1.49,37.496226,126.958323,891,0,1,0,-1.00,0.00,999.00,0.0,0,36,0,3,-76,-75.5,7632,63,1,9.62,1,0,-3.66,2.32,0
20:04:36,115.041,912196,912195,0,0,1,37.496214,126.958321,1.42,195.4,1,195.4,1,30.5,1,-1.20,15.16,29.73,0.9969,13.32,1.499,14,104389,1.168,1,194.2,"-1.63,3.43,14.68","-27.3,11.3,3.4","3.300,20.850,7.050",5.94,13.72,0.00,0,8742,7635,8,1.49,37.496226,126.958323,891,0,1,0,-1.00,0.00,999.00,0.0,0,36,0,3,-72,-74.3,7635,71,1,8.56,1,0,-3.66,2.32,0
20:04:36,115.130,912303,912302,0,0,1,37.496213,126.958320,1.42,195.4,1,195.4,1,30.0,1,-6.98,9.88,58.21,0.8638,14.21,1.583,14,104402,1.168,1,194.2,"3.51,-1.20,9.16","54.5,-18.3,9.3","-0.150,24.600,7.200",3.68,14.94,0.00,0,8743,7636,8,1.49,37.496226,126.958323,891,0,1,0,-1.00,0.00,999.00,0.0,0,36,0,3,-74,-74.2,7636,76,1,8.52,1,0,-3.66,2.32,0
20:04:37,116.298,912406,912405,0,0,1,37.496213,126.958320,1.42,195.4,1,195.4,1,29.3,1,0.00,14.01,47.89,0.9958,13.69,1.716,14,104413,1.168,1,194.2,"2.73,2.38,13.53","-42.7,21.7,1.9","0.150,26.550,4.650",5.69,12.30,0.00,0,8744,7637,8,1.49,37.496226,126.958323,891,0,1,0,-1.00,0.00,999.00,0.0,0,36,0,3,-74,-74.2,7637,74,1,8.48,1,0,-3.66,2.32,0
20:04:37,116.640,913631,913630,0,0,1,37.496204,126.958318,1.16,192.3,1,192.3,1,39.5,1,-1.37,11.45,13.32,0.9951,39.92,2.052,14,104555,1.008,1,190.0,"0.33,-0.18,11.44","10.4,7.5,3.5","-19.350,32.250,31.050",2.07,6.47,0.00,0,8756,7648,8,1.49,37.496209,126.958320,893,0,1,0,21.99,0.00,999.00,-179.1,0,36,0,3,-73,-75.3,7648,34,2,9.45,1,0,-3.66,2.32,0
20:04:37,116.787,913733,913732,0,0,1,37.496203,126.958318,1.16,192.3,1,192.3,1,39.2,1,-7.07,8.35,10.68,0.5486,42.26,2.068,14,104567,1.008,1,190.0,"0.56,-6.70,4.95","3.1,4.1,9.4","-21.150,30.000,33.450",8.78,9.53,0.00,0,8757,7649,8,1.49,37.496209,126.958320,893,0,1,0,21.99,0.00,999.00,-179.1,0,36,0,3,-73,-74.8,7649,30,2,9.05,1,0,-3.66,2.32,0
20:04:37,116.926,913933,913932,0,0,1,37.496201,126.958317,1.16,192.3,1,192.3,1,38.9,1,-0.94,12.06,18.43,0.9995,42.32,2.007,14,104591,1.008,1,190.0,"-0.33,0.91,12.02","11.3,-13.8,4.7","-21.000,29.850,33.750",2.29,4.95,0.00,0,8759,7651,8,1.49,37.496209,126.958320,893,0,1,0,22.41,0.00,999.00,-179.4,0,36,0,3,-75,-74.6,7651,18,2,8.82,1,0,-3.66,2.32,0
20:04:38,117.214,914256,914255,0,0,1,37.496197,126.958316,1.16,192.3,1,192.3,1,38.5,1,0.00,10.17,2.47,0.9984,42.05,1.919,14,104630,1.008,1,190.0,"0.07,0.72,10.14","1.0,1.0,-2.0","-19.800,27.450,33.750",1.14,2.68,0.00,0,8762,7653,8,1.49,37.496209,126.958320,893,0,1,0,22.98,0.00,999.00,-178.0,0,36,0,3,-77,-75.8,7653,24,2,9.88,1,0,-3.66,2.32,0
20:04:38,117.527,914578,914566,0,0,1,37.496198,126.958316,0.60,192.3,1,192.3,1,38.5,1,0.00,9.44,2.94,0.9968,41.20,2.002,14,104666,0.041,1,190.0,"-0.68,-0.25,9.41","-2.7,0.6,-0.9","-21.450,29.250,32.700",1.21,1.65,0.00,0,8765,7656,8,1.49,37.496206,126.958319,894,0,1,0,22.98,0.00,999.00,-178.0,0,36,0,3,-78,-77.3,7656,16,2,11.47,1,0,-3.66,2.32,0
20:04:38,117.774,914884,914882,0,0,1,37.496197,126.958316,0.60,192.3,1,192.3,1,38.5,1,0.00,9.63,4.18,0.9995,42.74,2.024,14,104701,0.041,1,190.0,"-0.37,0.19,9.62","2.1,-3.1,1.9","-22.200,29.700,34.200",0.39,0.48,0.00,0,8768,7658,8,1.49,37.496206,126.958319,894,0,1,0,22.75,0.00,999.00,-176.1,0,36,0,3,-79,-77.9,7658,124,2,12.00,1,0,-3.66,2.32,0
20:04:38,117.926,915096,915083,0,0,1,37.496197,126.958316,0.60,192.3,1,192.3,1,38.5,1,0.00,9.75,4.44,0.9999,41.75,1.993,14,104725,0.041,1,190.0,"-0.33,0.42,9.74","2.1,3.8,-1.0","-19.950,30.000,33.150",0.14,0.34,0.00,0,8770,7660,8,1.49,37.496206,126.958319,894,0,1,0,22.75,0.00,999.00,-176.1,0,36,0,3,-79,-78.3,7660,17,2,12.00,1,0,-3.66,2.32,0
20:04:39,118.126,915302,915289,0,0,1,37.496197,126.958316,0.60,192.3,1,192.3,1,38.5,1,0.00,9.68,3.18,0.9997,42.98,1.984,14,104747,0.041,1,190.0,"-0.22,0.39,9.67","-0.1,2.9,-1.2","-21.000,29.100,34.500",0.05,0.26,0.00,0,8772,7662,8,1.49,37.496206,126.958319,894,0,1,0,22.75,0.00,999.00,-176.1,0,36,0,3,-78,-78.4,7662,14,2,12.00,1,0,-3.66,2.32,0
20:04:39,118.858,915514,915501,0,0,1,37.496197,126.958316,0.60,192.3,1,192.3,1,38.5,1,0.00,9.79,3.50,0.9994,43.36,2.009,14,104770,0.041,1,190.0,"-0.31,0.17,9.78","-1.2,2.6,-2.1","-21.300,29.850,34.800",0.19,0.19,0.00,0,8774,7663,8,1.49,37.496206,126.958319,894,0,1,0,22.75,0.00,999.00,-176.1,0,36,0,3,-78,-78.3,7663,17,2,12.00,1,0,-3.66,2.32,0
20:04:40,119.509,916210,916209,0,0,1,37.496199,126.958317,0.30,218.5,1,192.3,1,38.5,1,0.00,9.82,2.42,0.9997,41.14,2.004,14,104853,0.000,1,190.0,"-0.28,0.32,9.81","0.7,-1.6,-1.7","-22.200,28.800,32.700",0.11,0.13,0.00,0,8781,7668,8,1.49,37.496206,126.958318,895,0,1,0,22.34,0.00,999.00,158.0,0,36,0,3,-77,-77.3,7668,77,2,11.42,1,0,-3.66,2.32,0
20:04:40,119.725,916828,916827,0,0,1,37.496201,126.958316,0.15,218.5,0,192.3,1,38.5,1,0.00,9.53,2.52,0.9995,42.46,1.983,14,104924,0.005,1,190.0,"-0.28,0.23,9.52","1.3,1.4,-1.6","-19.950,29.700,33.900",0.19,0.23,0.00,0,8787,7674,8,1.49,37.496205,126.958315,896,0,1,0,22.34,0.00,999.00,158.0,0,36,0,3,-76,-77.1,7674,63,2,11.18,1,0,-3.66,2.32,0
20:04:40,119.808,917029,917028,0,0,1,37.496201,126.958316,0.15,218.5,0,192.3,1,38.5,1,0.00,9.70,2.46,0.9998,42.54,2.017,14,104948,0.005,1,190.0,"-0.30,0.34,9.69","1.2,0.4,2.1","-20.700,30.450,33.900",0.04,0.17,0.00,0,8789,7675,8,1.49,37.496205,126.958315,896,0,1,0,22.34,0.00,999.00,158.0,0,36,0,3,-74,-76.5,7675,158,2,10.55,1,0,-3.66,2.32,0
20:04:40,120.012,917130,917129,0,0,1,37.496201,126.958316,0.15,218.5,0,192.3,1,38.5,1,0.00,9.71,2.14,0.9996,43.19,2.022,14,104960,0.005,1,190.0,"-0.33,0.22,9.71","0.0,0.3,-2.1","-22.200,29.700,34.650",0.08,0.18,0.00,0,8790,7676,8,1.49,37.496205,126.958315,896,0,1,0,22.34,0.00,999.00,158.0,0,36,0,3,-82,-77.6,7676,47,2,11.72,1,0,-3.66,2.32,0
20:04:41,120.207,917449,917448,0,0,1,37.496201,126.958316,0.15,218.5,0,192.3,1,38.5,1,0.00,9.83,1.87,0.9998,42.75,1.990,14,104996,0.005,1,190.0,"-0.28,0.40,9.82","0.6,0.0,1.8","-20.400,29.700,34.200",0.17,0.17,0.00,0,8793,7678,8,1.49,37.496205,126.958315,896,0,1,0,22.34,0.00,999.00,158.0,0,36,0,3,-80,-78.6,7678,51,2,12.00,1,0,-3.66,2.32,0
20:04:41,120.410,917649,917648,0,0,1,37.496202,126.958315,0.10,218.5,0,192.3,1,38.5,1,0.00,9.78,2.42,0.9998,42.35,1.966,14,105020,0.041,1,190.0,"-0.29,0.39,9.77","1.2,1.2,-1.7","-20.400,28.800,33.900",0.12,0.26,0.00,0,8795,7679,8,1.23,37.496204,126.958313,897,0,1,0,22.34,0.00,999.00,158.0,0,36,0,3,-78,-78.5,7679,40,2,12.00,1,0,-3.66,2.32,0
20:04:41,120.625,917749,917748,0,0,1,37.496202,126.958315,0.10,218.5,0,192.3,1,38.5,1,0.00,9.70,1.15,0.9995,41.70,2.021,14,105032,0.041,1,190.0,"-0.31,0.20,9.70","-0.1,-0.8,-0.8","-21.900,29.700,33.150",0.10,0.20,0.00,0,8796,7679,8,1.23,37.496204,126.958313,897,0,1,0,22.34,0.00,999.00,158.0,0,36,0,3,-78,-78.5,7679,140,2,12.00,1,0,-3.66,2.32,0
20:04:41,120.730,917950,917949,0,0,1,37.496202,126.958315,0.10,218.5,0,192.3,1,38.5,1,0.00,9.75,3.14,0.9997,43.35,1.969,14,105056,0.041,1,190.0,"-0.26,0.36,9.73","2.8,-1.1,0.8","-21.150,28.500,34.950",0.09,0.25,0.00,0,8798,7681,8,1.23,37.496204,126.958313,897,0,1,0,22.34,0.00,999.00,158.0,0,36,0,3,-77,-78.1,7681,19,2,12.00,1,0,-3.66,2.32,0
20:04:41,120.808,918051,918051,0,0,1,37.496202,126.958315,0.10,218.5,0,192.3,1,38.5,1,0.00,9.55,3.27,0.9996,43.19,2.003,14,105068,0.041,1,190.0,"-0.27,0.27,9.54","-0.2,2.1,-2.5","-21.150,29.700,34.650",0.18,0.21,0.00,0,8799,7682,8,1.23,37.496204,126.958313,897,0,1,0,22.34,0.00,999.00,158.0,0,36,0,3,-78,-78.1,7682,15,2,12.00,1,0,-3.66,2.32,0
20:04:41,120.930,918152,918151,0,0,1,37.496202,126.958315,0.10,218.5,0,192.3,1,38.5,1,0.00,9.75,3.33,0.9998,42.45,2.010,14,105080,0.041,1,190.0,"-0.34,0.29,9.73","0.9,-3.1,-0.8","-21.450,29.700,33.900",0.03,0.12,0.00,0,8800,7683,8,1.23,37.496204,126.958313,897,0,1,0,22.34,0.00,999.00,158.0,0,36,0,3,-78,-78.1,7683,13,2,12.00,1,0,-3.66,2.32,0
20:04:42,121.246,918264,918251,0,0,1,37.496202,126.958315,0.10,218.5,0,192.3,1,38.5,1,0.00,9.79,3.50,0.9998,42.88,2.037,14,105092,0.041,1,190.0,"-0.37,0.32,9.78","3.0,-0.3,-1.7","-21.150,30.900,34.200",0.09,0.18,0.00,0,8801,7684,8,1.23,37.496204,126.958313,897,0,1,0,22.34,0.00,999.00,158.0,0,36,0,3,-82,-78.9,7684,13,2,12.00,1,0,-3.66,2.32,0
20:04:42,121.494,918577,918565,0,0,1,37.496202,126.958314,0.05,218.5,0,192.3,1,38.5,1,0.00,9.76,2.68,0.9997,41.96,2.012,14,105124,0.005,1,190.0,"-0.31,0.28,9.75","2.5,-1.0,0.1","-20.100,30.600,33.300",0.04,0.18,0.00,0,8804,7687,8,1.23,37.496203,126.958310,898,0,1,0,22.54,0.00,999.00,159.7,0,36,0,3,-82,-79.5,7687,18,2,12.00,1,0,-3.66,2.32,0
20:04:42,121.623,918774,918773,0,0,1,37.496202,126.958314,0.05,218.5,0,192.3,1,38.5,1,0.00,9.76,2.03,0.9997,42.97,1.998,14,105146,0.005,1,190.0,"-0.36,0.24,9.75","0.2,1.4,-1.4","-21.750,29.100,34.500",0.07,0.17,0.00,0,8806,7688,8,1.23,37.496203,126.958310,898,0,1,0,22.54,0.00,999.00,159.7,0,36,0,3,-83,-80.2,7688,105,2,12.00,1,0,-3.66,2.32,0
20:04:42,121.647,918874,918873,0,0,1,37.496202,126.958314,0.05,218.5,0,192.3,1,38.5,1,0.00,9.66,2.24,0.9996,43.30,2.011,14,105158,0.005,1,190.0,"-0.23,0.32,9.65","0.2,-2.2,0.4","-22.050,29.400,34.800",0.12,0.17,0.00,0,8807,7688,8,1.23,37.496203,126.958310,898,0,1,0,22.54,0.00,999.00,159.7,0,36,0,3,-83,-80.2,7688,205,2,12.00,1,0,-3.66,2.32,0
20:04:42,121.840,918975,918974,0,0,1,37.496202,126.958314,0.05,218.5,0,192.3,1,38.5,1,0.00,9.79,2.40,0.9997,42.56,1.959,14,105170,0.005,1,190.0,"-0.29,0.29,9.78","1.1,-0.4,-2.1","-21.150,28.050,34.200",0.07,0.14,0.00,0,8808,7689,8,1.23,37.496203,126.958310,898,0,1,0,22.54,0.00,999.00,159.7,0,36,0,3,-78,-79.8,7689,98,2,12.00,1,0,-3.66,2.32,0
20:04:43,122.128,919176,919175,0,0,1,37.496202,126.958314,0.05,218.5,0,192.3,1,38.5,1,0.00,9.66,1.83,0.9998,43.23,2.011,14,105194,0.005,1,190.0,"-0.36,0.29,9.64","-0.2,0.0,1.8","-21.150,30.000,34.650",0.08,0.22,0.00,0,8810,7691,8,1.23,37.496203,126.958310,898,0,1,0,22.54,0.00,999.00,159.7,0,36,0,3,-79,-79.8,7691,87,2,12.00,1,0,-3.66,2.32,0
20:04:43,122.308,919492,919491,0,0,1,37.496202,126.958314,0.05,218.5,0,192.3,1,38.5,1,0.00,9.67,3.79,0.9999,42.15,1.949,14,105231,0.005,1,190.0,"-0.33,0.40,9.66","2.5,-2.4,1.6","-20.100,28.350,33.750",0.12,0.17,0.00,0,8813,7691,8,1.23,37.496203,126.958310,898,0,1,0,22.54,0.00,999.00,159.7,0,36,0,3,-79,-79.8,7691,403,2,12.00,1,0,-3.66,2.32,0
20:04:43,122.578,919593,919592,0,0,1,37.496202,126.958312,0.03,218.5,0,192.3,1,38.5,1,0.00,9.84,2.63,0.9998,42.01,1.984,14,105243,0.015,1,190.0,"-0.32,0.32,9.83","-2.2,-0.5,-1.3","-19.950,29.700,33.450",0.12,0.15,0.00,0,8814,7692,8,1.49,37.496201,126.958308,899,0,1,0,22.54,0.00,999.00,159.7,0,36,0,3,-78,-79.4,7692,82,2,12.00,1,0,-3.66,2.32,0
20:04:43,122.843,920005,920004,0,0,1,37.496202,126.958312,0.03,218.5,0,192.3,1,38.5,1,0.00,9.90,2.04,0.9996,41.35,2.069,14,105292,0.015,1,190.0,"-0.30,0.27,9.89","1.8,-0.6,0.8","-21.300,31.800,32.550",0.17,0.18,0.00,0,8818,7695,8,1.49,37.496201,126.958308,899,0,1,0,22.54,0.00,999.00,159.7,0,36,0,3,-77,-79.2,7695,70,2,12.00,1,0,-3.66,2.32,0
20:04:44,123.273,920212,920211,0,0,1,37.496202,126.958312,0.03,218.5,0,192.3,1,38.5,1,0.01,9.72,3.88,0.9998,41.62,2.021,14,105317,0.015,1,190.0,"-0.27,0.36,9.71","1.1,1.2,-3.5","-21.000,30.300,33.000",0.08,0.16,0.00,0,8820,7697,8,1.49,37.496201,126.958308,899,0,1,0,22.54,0.00,999.00,159.7,0,36,0,3,-75,-78.2,7697,68,2,12.00,1,0,-3.66,2.32,0
20:04:44,123.478,920614,920613,0,0,1,37.496201,126.958310,0.02,218.5,0,192.3,1,38.5,1,0.00,9.76,2.77,0.9997,43.58,2.022,14,105364,0.015,1,190.0,"-0.30,0.32,9.75","1.6,-1.6,1.5","-21.150,30.450,34.950",0.05,0.24,0.00,0,8824,7700,8,1.49,37.496200,126.958305,900,0,1,0,22.54,0.00,999.00,159.7,0,36,0,3,-80,-79.3,7700,154,2,12.00,1,0,-3.66,2.32,0
20:04:44,123.609,920715,920714,0,0,1,37.496201,126.958310,0.02,218.5,0,192.3,1,38.5,1,0.00,9.79,3.25,0.9999,42.32,1.990,14,105376,0.015,1,190.0,"-0.29,0.46,9.78","0.3,-1.2,-3.0","-20.100,29.850,33.750",0.18,0.22,0.00,0,8825,7700,8,1.49,37.496200,126.958305,900,0,1,0,22.54,0.00,999.00,159.7,0,36,0,3,-80,-79.3,7700,255,2,12.00,1,0,-3.66,2.32,0
20:04:44,123.724,921016,921015,0,0,1,37.496201,126.958310,0.02,218.5,0,192.3,1,38.5,1,0.00,9.67,0.78,0.9995,43.44,1.989,14,105412,0.015,1,190.0,"-0.31,0.19,9.67","0.0,-0.1,-0.8","-21.150,29.250,34.950",0.11,0.17,0.00,0,8828,7701,8,1.49,37.496200,126.958305,900,0,1,0,22.14,0.00,999.00,160.0,0,36,0,3,-78,-79.0,7701,28,2,12.00,1,0,-3.66,2.32,0
20:04:44,123.799,921118,921117,0,0,1,37.496201,126.958310,0.02,218.5,0,192.3,1,38.5,1,0.00,9.78,2.35,0.9997,43.09,1.970,14,105424,0.015,1,190.0,"-0.39,0.25,9.77","0.2,1.0,2.1","-20.700,28.800,34.650",0.10,0.19,0.00,0,8829,7702,8,1.49,37.496200,126.958305,900,0,1,0,22.14,0.00,999.00,160.0,0,36,0,3,-79,-79.0,7702,24,2,12.00,1,0,-3.66,2.32,0
20:04:45,124.287,921226,921225,0,0,1,37.496201,126.958310,0.02,218.5,0,192.3,1,38.5,1,0.00,9.88,1.00,0.9997,42.60,2.034,14,105437,0.015,1,190.0,"-0.44,0.26,9.87","0.2,-0.5,0.8","-22.500,29.850,34.050",0.18,0.19,0.00,0,8830,7703,8,1.49,37.496200,126.958305,900,0,1,0,22.14,0.00,999.00,160.0,0,36,0,3,-80,-79.2,7703,26,2,12.00,1,0,-3.66,2.32,0
20:04:45,124.624,921635,921634,0,0,1,37.496200,126.958307,0.02,218.5,0,192.3,1,38.5,1,0.00,9.62,1.88,0.9997,42.70,2.018,14,105485,0.015,1,190.0,"-0.29,0.31,9.61","-0.9,0.2,-1.6","-20.550,30.600,34.050",0.12,0.18,0.00,0,8834,7705,8,1.49,37.496197,126.958302,901,0,1,0,22.36,0.00,999.00,161.7,0,36,0,3,-84,-80.8,7705,15,2,12.00,1,0,-3.66,2.32,0
20:04:45,124.665,921849,921836,0,0,1,37.496200,126.958307,0.02,218.5,0,192.3,1,38.5,1,0.00,9.79,2.24,0.9997,41.60,1.983,14,105508,0.015,1,190.0,"-0.34,0.27,9.78","1.7,0.6,-1.3","-21.150,28.800,33.150",0.06,0.15,0.00,0,8836,7707,8,1.49,37.496197,126.958302,901,0,1,0,22.36,0.00,999.00,161.7,0,36,0,3,-77,-80.1,7707,17,2,12.00,1,0,-3.66,2.32,0
20:04:45,124.809,921954,921941,0,0,1,37.496200,126.958307,0.02,218.5,0,192.3,1,38.5,1,0.00,9.74,3.01,0.9997,41.93,2.060,14,105519,0.015,1,190.0,"-0.22,0.36,9.73","1.5,-2.6,-0.1","-21.150,31.650,33.150",0.12,0.16,0.00,0,8837,7708,8,1.49,37.496197,126.958302,901,0,1,0,22.36,0.00,999.00,161.7,0,36,0,3,-79,-79.8,7708,17,2,12.00,1,0,-3.66,2.32,0
20:04:46,125.176,922164,922151,0,0,1,37.496200,126.958307,0.02,218.5,0,192.3,1,38.4,1,0.00,9.74,3.49,0.9999,41.35,1.939,14,105543,0.015,1,190.0,"-0.39,0.34,9.73","-2.1,0.6,-2.7","-20.100,27.900,33.000",0.11,0.16,0.00,0,8839,7709,8,1.49,37.496197,126.958302,901,0,1,0,22.36,0.00,999.00,161.7,0,36,0,3,-79,-79.7,7709,16,2,12.00,1,0,-3.66,2.32,0
20:04:46,125.375,922586,922573,0,0,1,37.496199,126.958305,0.01,218.5,0,192.3,1,38.4,1,0.00,9.72,1.13,0.9997,42.01,1.984,14,105590,0.005,1,190.0,"-0.34,0.27,9.71","-0.6,-0.2,-0.9","-19.950,29.700,33.450",0.05,0.15,0.00,0,8843,7711,9,1.49,37.496195,126.958299,902,0,1,0,22.76,0.00,999.00,161.3,0,36,0,3,-84,-80.6,7711,18,2,12.00,1,0,-3.66,2.32,0
20:04:46,125.475,922690,922677,0,0,1,37.496199,126.958305,0.01,218.5,0,192.3,1,38.4,1,0.00,9.66,1.14,0.9997,42.60,2.034,14,105601,0.005,1,190.0,"-0.29,0.29,9.65","1.0,0.4,0.5","-22.500,29.850,34.050",0.07,0.16,0.00,0,8844,7712,9,1.49,37.496195,126.958299,902,0,1,0,22.76,0.00,999.00,161.3,0,36,0,3,-81,-80.7,7712,16,2,12.00,1,0,-3.66,2.32,0
20:04:46,125.558,922794,922781,0,0,1,37.496199,126.958305,0.01,218.5,0,192.3,1,38.4,1,0.00,9.76,1.25,0.9995,42.38,1.997,14,105612,0.005,1,190.0,"-0.27,0.24,9.75","-0.9,0.8,0.3","-19.800,30.300,33.750",0.08,0.18,0.00,0,8845,7713,9,1.49,37.496195,126.958299,902,0,1,0,22.76,0.00,999.00,161.3,0,36,0,3,-76,-79.7,7713,14,2,12.00,1,0,-3.66,2.32,0
20:04:46,125.726,922885,922884,0,0,1,37.496199,126.958305,0.01,218.5,0,192.3,1,38.4,1,0.00,9.80,2.45,0.9998,42.45,1.948,14,105623,0.005,1,190.0,"-0.31,0.36,9.79","1.5,0.5,1.9","-20.100,28.350,34.050",0.09,0.20,0.00,0,8846,7713,9,1.49,37.496195,126.958299,902,0,1,0,22.76,0.00,999.00,161.3,0,36,0,3,-76,-79.7,7713,105,2,12.00,1,0,-3.66,2.32,0
20:04:46,125.830,923090,923089,0,0,1,37.496199,126.958305,0.01,218.5,0,192.3,1,38.4,1,0.00,9.74,2.20,0.9995,42.25,2.028,14,105646,0.005,1,190.0,"-0.21,0.26,9.73","-1.0,1.9,-0.6","-22.800,29.400,33.750",0.11,0.14,0.00,0,8848,7715,9,1.49,37.496195,126.958299,902,0,1,0,-1.00,0.00,999.00,0.0,0,36,0,3,-83,-80.6,7715,98,1,12.00,1,0,-3.66,2.32,0
20:04:47,126.258,923190,923189,0,0,1,37.496199,126.958305,0.01,218.5,0,192.3,1,38.4,1,0.00,9.75,0.53,0.9997,42.78,2.004,14,105658,0.005,1,190.0,"-0.26,0.33,9.74","0.5,-0.0,-0.1","-20.700,30.000,34.200",0.06,0.13,0.00,0,8849,7716,9,1.49,37.496195,126.958299,902,0,1,0,-1.00,0.00,999.00,0.0,0,36,0,3,-81,-80.7,7716,91,1,12.00,1,0,-3.66,2.32,0
20:04:47,126.457,923605,923604,0,0,1,37.496197,126.958302,0.01,218.5,0,192.3,1,38.5,1,0.00,9.76,3.20,0.9996,43.35,2.023,14,105707,0.010,1,190.0,"-0.34,0.22,9.75","-0.1,3.0,-1.2","-22.050,29.850,34.800",0.09,0.14,0.00,0,8853,7718,9,1.49,37.496193,126.958296,903,0,1,0,-1.00,0.00,999.00,0.0,0,36,0,3,-78,-80.2,7718,192,1,12.00,1,0,-3.66,2.32,0
20:04:47,126.542,923707,923706,0,0,1,37.496197,126.958302,0.01,218.5,0,192.3,1,38.5,1,0.00,9.78,2.30,0.9996,41.18,2.014,14,105719,0.010,1,190.0,"-0.28,0.25,9.77","-1.9,-0.8,-1.1","-20.550,30.300,32.550",0.08,0.17,0.00,0,8854,7719,9,1.49,37.496193,126.958296,903,0,1,0,-1.00,0.00,999.00,0.0,0,36,0,3,-80,-80.2,7719,83,1,12.00,1,0,-3.66,2.32,0
20:04:47,127.027,923908,923907,0,0,1,37.496197,126.958302,0.01,218.5,0,192.3,1,38.5,1,0.00,9.81,2.56,0.9995,42.00,1.998,14,105743,0.010,1,190.0,"-0.29,0.22,9.81","2.2,-0.2,1.2","-20.700,29.700,33.450",0.11,0.19,0.00,0,8856,7720,9,1.49,37.496193,126.958296,903,0,1,0,-1.00,0.00,999.00,0.0,0,36,0,3,-82,-80.5,7720,178,1,12.00,1,0,-3.66,2.32,0
20:04:48,127.376,924433,924432,0,0,1,37.496197,126.958302,0.01,218.5,0,192.3,1,38.4,1,0.00,9.69,1.07,0.9993,41.88,2.034,14,105805,0.010,1,190.0,"-0.34,0.12,9.69","0.6,-0.9,0.2","-20.400,31.200,33.150",0.18,0.22,0.00,0,8861,7724,9,1.49,37.496193,126.958296,903,0,1,0,-1.00,0.00,999.00,0.0,0,36,0,3,-81,-80.4,7724,68,1,12.00,1,0,-3.66,2.32,0
20:04:48,127.679,924734,924733,0,0,1,37.496196,126.958300,0.01,218.5,0,192.3,1,38.4,1,0.00,9.69,1.34,0.9997,40.96,2.015,14,105841,0.000,1,190.0,"-0.30,0.29,9.68","-0.4,0.7,-1.1","-21.450,29.700,32.400",0.04,0.18,0.00,0,8864,7727,8,1.49,37.496192,126.958295,904,0,1,0,-1.00,0.00,999.00,0.0,0,36,0,3,-86,-81.8,7727,55,1,12.00,1,0,-3.66,2.32,0
20:04:48,128.009,925037,925036,0,0,1,37.496196,126.958300,0.01,218.5,0,192.3,1,38.4,1,-0.63,9.62,4.06,0.9998,42.14,1.986,14,105877,0.000,1,190.0,"-0.28,0.35,9.61","1.9,-1.6,3.2","-22.050,28.350,33.750",0.13,0.20,0.00,0,8867,7730,8,1.49,37.496192,126.958295,904,0,1,0,-1.00,0.00,999.00,0.0,0,36,0,3,-83,-81.8,7730,38,1,12.00,1,0,-3.66,2.32,0
20:04:49,128.140,925379,925356,0,0,1,37.496196,126.958300,0.01,218.5,0,192.3,1,38.4,1,0.00,9.67,2.72,0.9996,42.65,2.051,14,105916,0.000,1,190.0,"-0.37,0.23,9.66","2.7,0.4,-0.2","-22.800,30.300,34.050",0.10,0.17,0.00,0,8870,7733,8,1.49,37.496192,126.958295,904,0,1,0,-1.00,0.00,999.00,0.0,0,36,0,3,-82,-82.5,7733,64,1,12.00,1,0,-3.66,2.32,0
20:04:49,128.544,925471,925470,0,0,1,37.496196,126.958300,0.01,218.5,0,192.3,1,38.4,1,0.00,9.77,2.07,1.0000,43.27,1.983,14,105927,0.000,1,190.0,"-0.42,0.50,9.74","-0.1,-1.0,-1.8","-21.000,29.100,34.800",0.23,0.23,0.00,0,8871,7734,8,1.49,37.496192,126.958295,904,0,1,0,-1.00,0.00,999.00,0.0,0,36,0,3,-82,-82.4,7734,51,1,12.00,1,0,-3.66,2.32,0
20:04:49,128.931,925872,925871,0,0,1,37.496194,126.958298,0.01,218.5,0,192.3,1,38.4,1,0.19,10.39,9.91,0.9985,42.16,1.991,14,105975,0.005,1,190.0,"-0.14,0.98,10.34","2.3,-9.0,-3.3","-18.450,30.900,33.450",0.89,4.46,0.00,0,8875,7736,8,1.49,37.496191,126.958293,905,0,1,0,-1.00,0.00,999.00,0.0,0,36,0,3,-79,-81.0,7736,32,1,12.00,1,0,-3.66,2.32,0
20:04:50,129.091,926294,926293,0,0,1,37.496194,126.958298,0.01,218.5,0,192.3,1,38.5,1,0.91,8.96,17.38,0.9892,40.83,2.003,14,106026,0.005,1,190.0,"0.55,-0.46,8.93","13.9,-9.7,-3.9","-20.550,29.850,32.250",1.40,5.62,0.00,0,8879,7739,8,1.49,37.496191,126.958293,905,0,1,0,-1.00,0.00,999.00,0.0,0,36,0,3,-83,-81.3,7739,137,1,12.00,1,0,-3.66,2.32,0
20:04:50,129.693,926398,926397,0,0,1,37.496194,126.958298,0.01,218.5,0,192.3,1,38.5,1,5.75,10.65,40.20,0.9566,39.57,1.999,14,106037,0.005,1,190.0,"2.63,0.37,10.31","-35.1,16.9,-9.8","-18.600,30.450,30.900",2.52,2.89,0.00,0,8880,7740,8,1.49,37.496191,126.958293,905,0,1,0,-1.00,0.00,999.00,0.0,0,36,0,3,-78,-80.6,7740,31,1,12.00,1,0,-3.66,2.32,0
20:04:50,130.008,927105,927104,0,0,1,37.496193,126.958296,0.21,218.5,0,138.6,1,22.7,1,4.93,8.83,22.44,0.9025,34.71,2.240,14,106119,0.417,1,138.6,"-0.95,-3.36,8.11","21.0,0.1,-7.8","-15.150,37.800,25.050",3.99,4.11,0.00,0,8887,7746,8,1.49,37.496192,126.958294,906,0,1,0,-1.00,0.00,999.00,0.0,0,36,0,3,-76,-80.3,7746,104,1,12.00,1,0,-3.66,2.32,0
20:04:51,130.366,927319,927318,0,0,1,37.496193,126.958296,0.21,218.5,0,138.6,1,22.7,1,0.53,4.32,7.23,0.9238,28.99,2.190,14,106145,0.417,1,138.6,"-1.47,1.36,3.83","-2.0,5.3,-4.5","-12.300,39.450,18.900",5.89,8.21,0.00,0,8889,7748,8,1.49,37.496192,126.958294,906,0,1,0,-1.00,0.00,999.00,0.0,0,36,0,3,-73,-80.1,7748,107,1,12.00,1,0,-3.66,2.32,0
20:04:51,130.646,927724,927723,0,0,1,37.496196,126.958297,0.50,106.0,1,106.0,1,22.9,1,0.00,1.55,17.14,0.9858,18.42,1.976,14,106192,0.782,1,45.4,"-0.57,-0.42,1.38","-16.7,-3.4,1.6","-5.250,32.550,10.500",8.13,10.34,0.00,0,8893,7751,8,1.23,37.496199,126.958297,907,0,1,0,-1.00,0.00,999.00,0.0,0,36,0,3,-76,-78.4,7751,90,1,12.00,1,0,-3.66,2.32,0
20:04:52,131.140,928025,928024,0,0,1,37.496196,126.958297,0.50,106.0,1,106.0,1,23.1,1,0.00,19.73,8.93,0.9602,14.80,1.763,14,106228,0.782,1,45.4,"0.01,0.53,19.72","8.3,3.1,1.0","0.000,27.150,7.500",10.54,10.54,0.00,0,8896,7754,8,1.23,37.496199,126.958297,907,0,1,0,-1.00,0.00,999.00,0.0,0,36,0,3,-82,-80.0,7754,75,1,12.00,1,0,-3.66,2.32,0
20:04:52,131.509,928547,928546,0,0,1,37.496196,126.958298,0.50,106.0,1,106.0,1,23.2,1,0.00,5.60,24.84,0.9361,18.84,1.362,14,106290,0.782,1,45.4,"-0.34,-5.23,-1.98","-24.5,2.9,-3.0","7.050,13.500,16.200",12.98,19.09,0.00,0,8901,7757,8,1.23,37.496199,126.958297,907,0,1,0,-1.00,0.00,999.00,0.0,0,36,0,3,-78,-79.7,7757,70,1,12.00,1,0,-3.66,2.32,0
20:04:52,131.887,928850,928849,0,0,1,37.496204,126.958301,0.86,76.0,1,76.0,1,23.8,1,-0.19,5.51,23.02,0.8547,24.38,1.138,14,106326,1.224,1,20.3,"0.84,-3.90,3.80","1.9,22.9,1.7","12.000,7.650,25.950",6.52,11.31,0.00,0,8904,7760,8,1.23,37.496209,126.958301,908,0,1,0,-1.00,0.00,999.00,0.0,0,36,0,3,-76,-77.7,7760,52,1,11.86,1,0,-3.66,2.32,0
20:04:53,132.076,929266,929265,0,0,1,37.496206,126.958302,0.86,76.0,1,76.0,1,24.8,1,0.00,14.26,22.91,0.9907,57.10,1.072,14,106376,1.224,1,20.3,"1.77,-0.57,14.14","-22.5,-4.3,0.9","11.400,10.500,50.550",4.98,20.38,0.00,0,8908,7764,8,1.23,37.496209,126.958301,908,0,1,0,-1.00,0.00,999.00,0.0,0,36,0,3,-72,-75.5,7764,49,1,9.60,1,0,-3.66,2.32,0
20:04:53,132.247,929477,929476,0,0,1,37.496206,126.958302,0.86,76.0,1,76.0,1,24.8,1,1.93,10.17,63.65,0.8831,59.70,1.096,14,106399,1.224,1,20.3,"0.19,1.41,10.07","-48.2,41.2,-5.9","3.000,16.800,56.250",1.78,31.07,0.00,0,8910,7766,8,1.23,37.496209,126.958301,908,0,1,0,-1.00,0.00,999.00,0.0,0,36,0,3,-86,-77.3,7766,54,1,11.47,1,0,-3.66,2.32,0
20:04:53,132.825,929679,929678,0,0,1,37.496215,126.958304,1.12,55.3,1,55.3,1,28.8,0,-3.10,15.05,74.01,0.9740,64.93,1.280,14,106423,1.374,1,16.7,"1.03,8.25,12.55","62.6,-38.3,9.4","-1.200,21.000,58.950",8.42,21.22,0.00,0,8912,7768,8,1.23,37.496222,126.958305,909,0,1,0,-1.00,0.00,999.00,0.0,0,36,0,3,-74,-76.9,7768,42,1,11.04,1,0,-3.66,2.32,0
20:04:54,133.057,930193,930192,0,0,1,37.496219,126.958306,1.12,55.3,1,55.3,1,30.0,0,-2.55,14.12,58.25,0.9991,72.39,1.800,14,106484,1.374,1,16.7,"-0.06,-3.79,13.60","55.0,-18.5,5.2","-12.750,32.850,64.200",6.32,20.14,0.00,0,8917,7771,8,1.23,37.496222,126.958305,909,0,1,0,-1.00,0.00,999.00,0.0,0,36,0,3,-85,-79.6,7771,31,1,12.00,1,0,-3.66,2.32,0
20:04:54,133.377,930401,930400,0,0,1,37.496219,126.958306,1.12,55.3,1,55.3,1,30.2,0,0.00,21.19,24.64,-0.7738,71.31,2.046,14,106507,1.374,1,16.7,"-1.06,8.77,19.26","20.4,-13.8,0.5","-21.300,36.600,57.300",14.50,23.63,0.00,0,8919,7773,8,1.23,37.496222,126.958305,909,0,1,0,-1.00,0.00,999.00,0.0,0,36,0,3,-77,-78.3,7773,29,1,12.00,1,0,-3.66,2.32,0
20:04:54,133.575,930821,930820,0,0,1,37.496230,126.958309,1.30,41.2,1,41.2,1,31.8,0,0.00,12.52,39.90,-0.5944,53.38,2.232,14,106557,1.492,1,15.2,"2.62,-10.16,-6.84","-14.4,37.0,-3.8","-26.250,35.700,44.250",19.14,19.14,0.00,0,8923,7777,8,1.23,37.496235,126.958310,910,0,1,0,-1.00,0.00,999.00,0.0,0,36,0,3,-82,-79.4,7777,27,1,12.00,1,0,-3.66,2.32,0
20:04:54,133.727,930921,930920,0,0,1,37.496231,126.958310,1.30,41.2,1,41.2,1,31.8,0,0.00,24.09,16.29,0.6502,52.02,2.190,14,106569,1.492,1,15.2,"7.65,-16.74,-15.55","5.4,15.4,0.5","-25.650,34.050,43.950",30.41,30.41,0.00,0,8924,7778,8,1.23,37.496235,126.958310,910,0,1,0,-1.00,0.00,999.00,0.0,0,36,0,3,-84,-80.3,7778,21,1,12.00,1,0,-3.66,2.32,0
20:04:55,134.325,931130,931129,0,0,1,37.496233,126.958311,1.30,41.2,1,41.2,1,32.1,0,-1.01,7.63,35.81,0.7171,50.05,2.128,14,106594,1.492,1,15.2,"-3.91,4.11,5.10","-14.9,-32.2,4.9","-26.550,33.600,40.650",6.26,10.17,0.00,0,8926,7780,8,1.23,37.496235,126.958310,910,0,1,0,-1.00,0.00,999.00,0.0,0,36,0,3,-81,-81.2,7780,18,1,12.00,1,0,-3.66,2.32,0
20:04:55,134.492,931544,931544,0,0,1,37.496234,126.958311,1.30,41.2,1,41.2,1,24.4,0,0.00,5.72,12.27,0.8792,40.82,2.259,14,106643,1.492,1,15.2,"-1.07,-2.32,5.12","-7.5,9.6,-1.3","-31.500,33.600,30.450",5.48,28.31,0.00,0,8930,7783,8,1.23,37.496235,126.958310,910,0,1,0,-1.00,0.00,999.00,0.0,0,36,0,3,-78,-80.0,7783,12,1,12.00,1,0,-3.66,2.32,0
20:04:55,134.575,931644,931643,0,0,1,37.496243,126.958313,1.38,31.6,1,31.6,1,25.3,0,0.00,23.10,39.28,0.9989,39.39,2.361,14,106655,1.451,1,13.8,"-0.12,9.07,21.25","-11.1,-37.6,3.0","-33.900,32.550,28.500",14.01,17.47,0.00,0,8931,7783,8,1.23,37.496248,126.958314,911,0,1,0,-1.00,0.00,999.00,0.0,0,36,0,3,-78,-80.0,7783,112,1,12.00,1,0,-3.66,2.32,0
20:04:55,134.598,931763,931750,0,0,1,37.496244,126.958314,1.38,31.6,1,31.6,1,25.3,0,0.00,13.61,21.67,0.9158,36.79,2.329,14,106668,1.451,1,13.8,"-0.03,-5.14,12.60","20.6,-6.5,2.1","-33.900,29.850,22.050",5.77,18.73,0.00,0,8932,7784,8,1.23,37.496248,126.958314,911,0,1,0,-1.00,0.00,999.00,0.0,0,36,0,3,-80,-80.0,7784,19,1,12.00,1,0,-3.66,2.32,0
20:04:56,135.175,931958,931957,0,0,1,37.496247,126.958314,1.38,31.6,1,31.6,1,25.4,0,0.00,12.25,22.91,0.9841,24.73,2.151,14,106690,1.451,1,13.8,"-0.83,2.75,11.91","-22.1,-5.7,-2.4","-32.850,24.000,16.800",3.42,31.86,0.00,0,8934,7785,8,1.23,37.496248,126.958314,911,0,1,0,-1.00,0.00,999.00,0.0,0,36,0,3,-79,-79.8,7785,108,1,12.00,1,0,-3.66,2.32,0
20:04:56,135.458,932605,932592,0,0,1,37.496258,126.958317,1.48,24.8,1,24.8,1,26.1,0,10.71,13.56,17.67,-0.5988,23.34,1.898,14,106764,1.590,1,12.0,"-0.67,4.32,12.83","6.1,7.1,-15.0","-29.850,22.500,16.200",3.80,33.42,0.00,0,8940,7789,8,1.23,37.496262,126.958318,912,0,1,0,-1.00,0.00,999.00,0.0,0,36,0,3,-71,-75.4,7789,18,1,9.57,1,0,-3.66,2.32,0
20:04:56,135.543,932708,932695,0,0,1,37.496259,126.958318,1.48,24.8,1,24.8,1,26.2,0,6.56,8.28,19.74,0.5633,22.26,2.005,14,106775,1.590,1,12.0,"0.49,-6.56,5.02","-13.7,9.5,-10.6","-30.150,22.050,12.300",9.77,21.40,0.00,0,8941,7790,8,1.23,37.496262,126.958318,912,0,1,0,-1.00,0.00,999.00,0.0,0,36,0,3,-73,-75.0,7790,16,1,9.14,1,0,-3.66,2.32,0
20:04:56,135.641,932920,932907,0,0,1,37.496262,126.958319,1.48,24.8,1,24.8,1,26.8,0,1.35,17.57,90.35,-0.4196,13.84,2.054,14,106799,1.590,1,12.0,"2.89,1.15,17.29","60.7,-66.9,0.6","-27.300,17.400,-1.200",7.80,34.71,0.00,0,8943,7791,8,1.23,37.496262,126.958318,912,0,1,0,-1.00,0.00,999.00,0.0,0,36,0,3,-78,-75.6,7791,16,1,9.68,1,0,-3.66,2.32,0
20:04:56,135.724,933012,933011,0,0,1,37.496263,126.958319,1.48,24.8,1,24.8,1,27.2,0,0.00,10.04,60.25,0.9223,4.64,1.779,14,106810,1.590,1,12.0,"-1.24,-0.32,9.96","-51.0,31.7,-5.2","-19.200,12.000,-0.450",2.38,19.43,0.00,0,8944,7791,8,1.23,37.496262,126.958318,912,0,1,0,-1.00,0.00,999.00,0.0,0,36,0,3,-78,-75.6,7791,108,1,9.68,1,0,-3.66,2.32,0
20:04:56,135.875,933112,933111,0,0,1,37.496264,126.958319,1.48,24.8,1,24.8,1,83.7,0,-3.60,16.47,36.72,0.9580,4.62,1.477,15,106821,1.590,1,12.0,"-2.36,5.10,15.48","17.9,32.0,1.0","-14.250,6.000,1.950",5.84,25.03,0.00,0,8945,7791,8,1.23,37.496262,126.958318,912,0,1,0,-1.00,0.00,999.00,0.0,0,36,0,3,-78,-75.6,7791,208,1,9.68,1,0,-3.66,2.32,0
20:04:57,136.162,933212,933211,0,0,1,37.496265,126.958320,1.48,24.8,1,24.8,1,83.8,0,-4.94,20.48,23.25,0.7981,4.62,1.477,15,106833,1.590,1,12.0,"10.48,-9.30,-14.94","20.9,-6.5,7.7","-9.900,3.900,7.050",29.17,29.17,0.00,0,8946,7792,8,1.23,37.496262,126.958318,912,0,1,0,-1.00,0.00,999.00,0.0,0,36,0,3,-73,-75.0,7792,97,1,9.22,1,0,-3.66,2.32,0
20:04:57,136.340,933522,933521,0,0,1,37.496266,126.958320,1.48,24.8,1,24.8,1,84.2,0,0.00,9.13,9.48,0.9707,20.55,1.284,15,106869,1.590,1,12.0,"1.17,1.97,8.84","-6.4,-6.9,-1.4","-12.000,7.200,14.400",2.14,11.10,0.00,0,8949,7795,8,1.23,37.496262,126.958318,912,0,1,0,-1.00,0.00,999.00,0.0,0,36,0,3,-73,-74.6,7795,92,1,8.86,1,0,-3.66,2.32,0
20:04:57,136.441,933725,933723,0,0,1,37.496276,126.958322,1.58,20.2,1,20.2,1,76.5,0,0.00,5.92,45.08,0.8809,20.55,1.284,15,106893,1.677,1,11.8,"-2.22,-0.43,5.47","30.0,-33.5,3.4","-9.900,9.750,13.800",5.78,24.92,0.00,0,8951,7797,8,1.23,37.496278,126.958322,913,0,1,0,-1.00,0.00,999.00,0.0,0,36,0,3,-85,-76.3,7797,84,1,10.37,1,0,-3.66,2.32,0
20:04:57,136.524,933827,933826,1,0,1,37.496277,126.958323,1.58,20.2,1,20.2,1,76.8,0,-0.62,17.47,13.50,0.9764,20.20,1.338,15,106905,1.677,1,11.8,"-0.74,2.48,17.28","-13.1,-1.5,3.1","-9.900,11.700,13.500",6.92,19.25,0.00,0,8952,7798,8,1.23,37.496278,126.958322,913,0,1,0,-1.00,0.00,999.00,0.0,0,37,0,1,-75,-76.0,7798,80,1,10.12,1,0,-3.66,2.32,0
20:04:57,136.800,933927,933926,1,0,1,37.496278,126.958323,1.58,20.2,1,20.2,1,77.0,0,0.00,4.33,38.10,0.7944,21.00,1.349,15,106917,1.677,1,11.8,"0.03,-3.55,2.49","-26.3,27.4,-3.7","-5.700,10.500,13.800",9.05,10.31,0.00,0,8953,7799,8,1.23,37.496278,126.958322,913,0,1,0,-1.00,0.00,999.00,0.0,0,37,0,1,-71,-75.0,7799,75,1,9.20,1,0,-3.66,2.32,0
20:04:57,136.959,934128,934127,1,0,1,37.496281,126.958324,1.58,20.2,1,20.2,1,77.4,0,0.00,2.76,11.40,0.0784,21.00,1.349,15,106941,1.677,1,11.8,"-2.05,-1.79,-0.45","8.8,-7.2,0.3","-2.550,1.950,13.050",11.35,12.72,0.00,0,8955,7801,8,1.23,37.496278,126.958322,913,0,1,0,-1.00,0.00,999.00,0.0,0,37,0,1,-67,-72.1,7801,66,1,6.99,1,0,-3.66,2.32,0
20:04:58,137.090,934235,934234,1,0,1,37.496282,126.958324,1.58,20.2,1,20.2,1,77.5,0,6.61,21.04,50.19,0.6757,21.70,0.887,15,106954,1.677,1,11.8,"-1.90,2.06,20.85","-33.8,33.8,-15.3","1.800,0.750,20.550",9.93,28.32,0.00,0,8956,7802,8,1.23,37.496278,126.958322,913,0,1,0,-1.00,0.00,999.00,0.0,0,37,0,1,-76,-72.9,7802,67,1,7.52,1,0,-3.66,2.32,0
20:04:58,137.352,934447,934446,1,0,1,37.496283,126.958325,1.58,20.2,1,20.2,1,78.1,0,0.00,9.05,64.18,0.9863,39.64,1.229,15,106977,1.677,1,11.8,"-0.93,-7.38,5.15","-51.3,38.4,-3.6","7.500,15.300,34.050",9.61,14.30,0.00,0,8958,7804,8,1.23,37.496278,126.958322,913,0,1,0,-1.00,0.00,999.00,0.0,0,37,0,1,-83,-74.9,7804,69,1,9.13,1,0,-3.66,2.32,0
20:04:58,137.540,934751,934750,1,0,1,37.496283,126.958325,1.58,20.2,1,20.2,1,78.4,0,-35.42,15.58,119.98,0.9684,47.56,1.643,15,107013,1.677,1,11.8,"-2.54,-2.25,-15.20","113.4,5.5,38.9","3.000,28.650,39.000",26.41,26.41,0.00,0,8961,7807,8,1.23,37.496278,126.958322,913,0,1,0,-1.00,0.00,999.00,0.0,0,37,0,1,-78,-76.9,7807,55,1,11.01,1,0,-3.66,2.32,0
20:04:58,137.760,934858,934857,1,0,1,37.496283,126.958325,1.58,20.2,1,20.2,1,72.9,0,-22.81,27.78,25.63,0.9684,47.56,1.643,15,107026,1.677,1,11.8,"-0.43,-15.27,-23.20","1.4,0.6,25.6","-0.900,32.400,38.700",37.97,39.97,0.00,0,8962,7808,8,1.23,37.496278,126.958322,913,0,1,0,-1.00,0.00,999.00,0.0,0,37,0,1,-77,-76.9,7808,59,1,11.03,1,0,-3.66,2.32,0
20:04:58,137.909,935173,935172,1,0,1,37.496283,126.958325,1.58,20.2,1,20.2,1,73.4,0,0.00,12.29,41.31,0.9624,44.61,2.061,15,107064,1.677,1,11.8,"-2.07,-2.38,11.88","-17.0,37.2,-5.8","-11.700,36.900,30.750",3.86,26.30,0.00,0,8965,7811,8,1.23,37.496278,126.958322,913,0,1,0,-1.00,0.00,999.00,0.0,0,37,0,1,-64,-71.3,7811,57,1,6.43,1,0,-3.66,2.32,0
20:04:59,138.041,935273,935272,1,0,1,37.496283,126.958325,1.58,20.2,1,20.2,1,73.6,0,0.00,13.76,27.42,0.8481,44.61,2.061,15,107076,1.677,1,11.8,"-7.17,2.06,11.55","26.8,5.8,0.9","-13.500,37.200,25.200",6.18,22.66,0.00,0,8966,7812,8,1.23,37.496278,126.958322,913,0,1,0,-1.00,0.00,999.00,0.0,0,37,0,1,-64,-69.8,7812,52,1,5.60,1,0,-3.66,2.32,0
20:04:59,138.141,935380,935379,1,0,1,37.496283,126.958325,1.58,20.2,1,20.2,1,73.7,0,4.03,6.53,54.43,0.9641,44.61,2.061,15,107089,1.677,1,11.8,"-2.27,-1.87,5.83","34.2,-42.3,-0.7","-10.800,36.000,21.150",4.61,18.14,0.00,0,8967,7813,8,1.23,37.496278,126.958322,913,0,1,0,-1.00,0.00,999.00,0.0,0,37,0,1,-70,-69.8,7813,54,1,5.62,1,0,-3.66,2.32,0
20:04:59,138.522,935485,935484,1,0,1,37.496283,126.958325,1.58,20.2,1,20.2,1,74.0,0,6.47,7.36,24.29,0.9396,29.64,1.966,15,107100,1.677,1,11.8,"-0.18,-2.17,7.03","11.7,-20.1,-7.2","-10.050,28.500,18.900",4.45,14.40,0.00,0,8968,7814,8,1.23,37.496278,126.958322,913,0,1,0,-1.00,0.00,999.00,0.0,0,37,0,1,-70,-69.9,7814,54,1,5.64,1,0,-3.66,2.32,0
20:04:59,138.805,935892,935891,1,0,1,37.496283,126.958325,1.58,74.2,1,20.2,1,74.2,0,3.58,12.22,24.71,0.9470,26.86,1.618,15,107149,1.677,1,11.8,"3.39,0.59,11.72","-0.4,22.6,-10.1","-14.250,17.400,23.700",4.85,11.87,0.00,0,8972,7818,8,1.23,37.496278,126.958322,913,0,1,0,-1.00,0.00,999.00,0.0,0,37,0,1,-66,-67.1,7818,38,1,4.33,1,0,-3.66,2.32,0
20:04:59,138.908,936099,936098,1,0,1,37.496283,126.958325,1.58,75.0,1,20.2,1,75.0,0,0.00,3.66,24.52,0.6134,32.94,1.628,15,107174,1.677,1,11.8,"-0.53,-1.27,3.39","-23.7,2.3,-6.0","-16.950,19.050,24.900",8.24,43.34,0.00,0,8974,7820,8,1.23,37.496278,126.958322,913,0,1,0,-1.00,0.00,999.00,0.0,0,37,0,1,-67,-67.1,7820,33,1,4.31,1,0,-3.66,2.32,0
20:05:00,139.133,936200,936199,1,0,1,37.496283,126.958325,1.58,73.4,1,20.2,1,73.4,0,-57.76,17.38,71.08,0.8685,30.74,1.689,15,107186,1.677,1,11.8,"2.69,7.21,15.58","-36.0,27.1,55.0","-18.450,17.400,22.650",8.36,28.24,0.00,0,8975,7821,8,1.23,37.496278,126.958322,913,0,1,0,-1.00,0.00,999.00,0.0,0,37,0,1,-69,-67.4,7821,30,1,4.47,1,0,-3.66,2.32,0
20:05:00,139.375,936518,936517,1,1,1,37.496283,126.958325,1.58,72.1,1,20.2,1,72.1,0,0.00,5.62,43.27,0.2011,27.17,1.587,15,107220,1.677,1,11.8,"-2.05,4.25,3.05","42.7,6.6,1.9","-15.600,9.000,23.250",8.31,29.22,0.00,0,8978,7824,8,1.23,37.496278,126.958322,913,0,1,0,13.26,1.21,999.00,-39.8,1,37,0,1,-60,-64.9,7824,33,3,3.52,1,0,-3.66,2.32,0
20:05:01,140.158,936726,936725,1,0,0,0.000000,0.000000,0.00,0.0,0,20.2,1,72.0,0,0.00,9.51,27.06,0.9933,33.21,1.279,15,107245,1.677,1,11.8,"-1.46,0.09,9.39","19.9,-18.2,2.4","-16.200,4.800,27.450",1.35,19.23,0.00,0,8980,7826,8,1.23,37.496278,126.958322,913,0,1,0,-1.00,0.00,999.00,0.0,0,37,0,1,-67,-64.4,7826,30,3,3.35,1,0,-3.66,2.32,0
20:05:01,140.510,937575,937574,1,0,0,0.000000,0.000000,0.00,0.0,0,20.2,1,72.5,0,0.61,18.26,37.15,0.8675,42.46,1.811,15,107346,1.677,1,11.8,"-2.49,5.95,17.09","17.1,-32.9,-2.7","-25.650,19.800,34.950",9.20,11.05,0.00,0,8988,7834,8,1.23,37.496278,126.958322,913,0,1,0,-1.00,0.00,999.00,0.0,0,37,0,1,-65,-65.6,7834,30,3,3.75,1,0,-3.66,2.32,0
20:05:01,140.607,937675,937674,1,0,0,0.000000,0.000000,0.00,0.0,0,20.2,1,72.6,0,4.33,9.97,47.04,0.0005,42.68,1.865,15,107358,1.677,1,11.8,"-0.89,0.31,9.92","40.3,-23.5,-6.2","-25.650,21.000,33.150",0.73,17.37,0.00,0,8989,7835,8,1.23,37.496278,126.958322,913,0,1,0,-1.00,0.00,999.00,0.0,0,37,0,1,-65,-65.5,7835,29,3,3.71,1,0,-3.66,2.32,0
20:05:01,140.678,937989,937988,1,0,0,0.000000,0.000000,0.00,0.0,0,20.2,1,68.5,0,-63.05,8.40,65.97,0.9707,37.95,1.868,15,107396,1.677,1,11.8,"-3.89,-4.98,5.54","-1.2,-3.6,65.9","-17.700,24.150,29.400",7.84,15.61,0.00,0,8992,7838,8,1.23,37.496278,126.958322,913,0,1,0,-1.00,0.00,999.00,0.0,0,37,0,1,-58,-61.7,7838,28,3,2.58,1,0,-3.66,2.32,0
20:05:01,140.958,938089,938088,1,0,0,0.000000,0.000000,0.00,0.0,0,20.2,1,65.0,0,0.00,12.29,13.46,0.9589,37.94,1.909,15,107408,1.677,1,11.8,"-0.33,4.06,11.59","-1.9,12.8,-3.7","-17.700,27.750,29.700",3.82,10.51,0.00,0,8993,7839,8,1.23,37.496278,126.958322,913,0,1,0,-1.00,0.00,999.00,0.0,0,37,0,1,-55,-60.3,7839,22,3,2.27,1,0,-3.66,2.32,0
20:05:02,141.175,938303,938302,1,0,0,0.000000,0.000000,0.00,0.0,0,20.2,1,65.6,0,-0.53,4.46,10.24,0.9371,36.20,2.063,15,107434,0.900,1,11.8,"-1.05,-4.34,0.00","-7.7,-5.9,3.2","-18.600,30.600,27.000",11.10,13.07,0.00,0,8995,7841,0,99.99,37.496538,126.958148,913,0,2,0,-1.00,0.00,999.00,0.0,0,37,0,1,-60,-59.3,7841,26,3,2.05,1,0,-3.66,2.32,0
20:05:02,141.358,938525,938524,1,0,0,0.000000,0.000000,0.00,0.0,0,20.2,1,65.9,0,0.00,4.44,18.76,0.8292,33.69,2.114,15,107458,0.900,1,11.8,"-1.47,-1.49,3.91","-18.2,-4.7,0.2","-19.800,31.050,22.050",5.85,11.46,0.00,0,8997,7843,0,99.99,37.496538,126.958148,913,0,2,0,-1.00,0.00,999.00,0.0,0,37,0,1,-64,-61.1,7843,38,3,2.45,1,0,-3.66,2.32,0
20:05:03,142.158,938725,938724,1,0,1,37.496427,126.958321,0.61,359.8,1,359.8,1,58.3,0,-1.41,7.03,52.60,0.9849,28.73,2.007,15,107482,1.230,1,359.8,"-4.39,3.58,4.17","-48.7,19.7,1.5","-20.700,27.750,20.700",7.45,11.77,0.00,0,8999,7845,9,1.77,37.496426,126.958321,914,0,2,0,10.08,-0.27,999.00,116.3,0,37,0,1,-56,-60.4,7845,25,3,2.29,1,0,-3.66,2.32,0
20:05:03,142.540,939459,939458,3,0,1,37.496434,126.958321,0.61,359.8,1,359.8,1,58.9,0,0.00,5.42,14.56,0.8247,15.58,1.872,15,107567,1.230,1,359.8,"-2.11,-4.42,2.32","-6.6,12.3,-4.2","-30.900,10.950,5.250",9.40,12.52,0.00,0,9006,7851,9,1.77,37.496426,126.958321,914,0,2,0,10.48,-0.31,999.00,120.5,0,38,0,3,-57,-61.4,7851,21,3,2.51,1,0,-3.66,2.32,0
20:05:03,142.675,939967,939966,3,0,1,37.496434,126.958321,0.61,359.8,1,359.8,1,117.3,0,0.00,7.73,57.68,0.9259,9.90,1.273,19,107621,1.230,1,359.8,"4.77,1.05,6.00","55.6,-15.5,0.3","-20.400,-13.500,10.650",6.20,13.30,0.00,0,9011,7855,9,1.77,37.496426,126.958321,914,0,2,0,10.48,-0.31,999.00,120.5,0,38,0,3,-55,-57.5,7855,107,3,1.73,1,0,-3.66,2.32,0
20:05:03,142.828,940067,940066,3,0,1,37.496434,126.958321,0.61,359.8,1,359.8,1,117.2,0,-7.67,10.35,33.08,0.8479,9.90,1.273,19,107633,1.230,1,359.8,"-0.78,5.90,8.47","26.5,-16.3,11.3","-18.450,-15.450,12.900",5.64,8.89,0.00,0,9012,7856,9,1.77,37.496426,126.958321,914,0,2,0,10.48,-0.31,999.00,120.5,0,38,0,3,-71,-60.2,7856,98,3,2.24,1,0,-3.66,2.32,0
20:05:03,143.029,940274,940273,3,0,1,37.496434,126.958321,0.61,359.8,1,359.8,1,117.2,0,0.00,11.41,12.00,0.9722,27.50,1.005,19,107658,1.230,1,359.8,"-0.23,3.20,10.95","4.6,-10.8,-2.3","-19.050,-14.850,24.000",3.24,9.06,0.00,0,9014,7858,9,1.77,37.496426,126.958321,914,0,2,0,10.48,-0.31,999.00,120.5,0,38,0,3,-63,-60.2,7858,93,3,2.25,1,0,-3.66,2.32,0
20:05:04,143.579,940374,940373,3,0,1,37.496434,126.958321,0.61,359.8,1,359.8,1,117.3,0,0.00,11.71,16.59,0.9276,32.41,1.207,19,107670,1.230,1,359.8,"-3.16,-2.93,10.88","14.9,-7.2,-0.6","-24.600,-12.750,28.950",3.79,12.13,0.00,0,9015,7859,9,1.77,37.496426,126.958321,914,0,2,0,10.48,-0.31,999.00,120.5,0,38,0,3,-62,-60.6,7859,87,3,2.33,1,0,-3.66,2.32,0
20:05:04,143.872,940984,940983,3,1,1,37.496434,126.958321,0.61,117.3,1,359.8,1,117.3,0,0.00,9.65,3.49,0.9939,35.22,1.196,19,107741,1.230,1,359.8,"-0.69,-0.56,9.61","0.1,1.6,-3.1","-22.200,-7.200,30.900",0.31,1.06,0.00,0,9021,7865,9,1.77,37.496426,126.958321,914,0,2,0,10.87,0.00,999.00,-0.7,1,38,0,3,-54,-58.0,7865,73,3,1.83,1,0,-3.66,2.32,0
20:05:05,144.311,941186,941185,3,1,1,37.496434,126.958321,0.61,117.3,1,359.8,1,117.3,0,0.00,9.73,2.26,0.9994,34.47,1.197,19,107765,1.230,1,359.8,"-0.11,0.38,9.72","-0.2,1.9,-1.2","-22.200,-7.200,30.150",0.68,0.90,0.00,0,9023,7867,9,1.77,37.496426,126.958321,914,0,2,0,10.87,0.00,999.00,-0.8,1,38,0,3,-54,-57.1,7867,63,3,1.67,1,0,-3.66,2.32,0
20:05:05,144.523,941592,941591,3,1,1,37.496434,126.958321,0.61,117.3,1,359.8,1,117.3,0,0.00,13.20,16.07,0.9978,35.26,1.238,19,107812,1.230,1,359.8,"-3.83,-0.53,12.62","14.6,-6.0,2.8","-24.600,-9.150,30.150",4.62,4.62,0.00,0,9027,7871,9,1.77,37.496426,126.958321,914,0,2,0,10.69,0.00,999.00,-2.8,1,38,0,3,-54,-55.6,7871,49,3,1.45,1,0,-3.66,2.32,0
20:05:05,144.547,941699,941698,0,0,0,0.000000,0.000000,0.00,0.0,0,359.8,1,117.3,0,-1.12,5.19,20.95,0.6018,33.87,1.229,19,107825,1.230,1,359.8,"2.14,-0.28,4.72","20.5,-1.4,3.9","-22.650,-7.950,29.700",5.41,11.54,0.00,0,9028,7872,9,1.77,37.496426,126.958321,914,0,2,0,-1.00,0.00,999.00,0.0,0,38,0,3,-56,-55.7,7872,50,3,1.46,1,0,-3.66,2.32,0
20:05:05,144.609,941905,941904,0,0,0,0.000000,0.000000,0.00,0.0,0,359.8,1,117.3,0,0.00,9.63,3.21,0.9996,34.59,1.248,19,107850,1.230,1,359.8,"-0.19,0.36,9.62","-1.7,-2.4,-1.3","-24.000,-7.350,30.300",0.03,0.41,0.00,0,9030,7874,9,1.77,37.496426,126.958321,914,0,2,0,-1.00,0.00,999.00,0.0,0,38,0,3,-59,-56.9,7874,36,4,1.64,1,0,-3.66,2.32,0
20:05:06,145.097,942012,942011,0,0,0,0.000000,0.000000,0.00,0.0,0,359.8,1,117.3,0,0.00,7.03,6.86,0.9380,35.17,1.219,19,107863,1.230,1,359.8,"1.53,1.94,6.58","6.7,1.0,1.1","-22.500,-7.050,29.250",3.79,3.79,0.00,0,9031,7875,9,1.77,37.496426,126.958321,914,0,2,0,-1.00,0.00,999.00,0.0,0,38,0,3,-58,-57.1,7875,46,4,1.67,1,0,-3.66,2.32,0
20:05:06,145.324,942449,942426,0,0,0,0.000000,0.000000,0.00,0.0,0,359.8,1,117.3,0,0.00,9.65,3.15,0.9997,34.82,1.203,19,107913,1.230,1,359.8,"-0.24,0.34,9.64","2.9,-0.7,0.9","-22.200,-6.750,30.450",0.12,0.35,0.00,0,9035,7879,9,1.77,37.496426,126.958321,914,0,2,0,-1.00,0.00,999.00,0.0,0,38,0,3,-53,-55.4,7879,63,4,1.42,1,0,-3.66,2.32,0
20:05:06,145.408,942540,942539,0,0,0,0.000000,0.000000,0.00,0.0,0,359.8,1,117.3,0,1.20,9.64,4.84,0.9996,34.71,1.216,19,107924,1.230,1,359.8,"-0.27,0.26,9.63","0.7,-1.0,-4.7","-23.100,-7.650,30.450",0.17,0.23,0.00,0,9036,7880,9,1.77,37.496426,126.958321,914,0,2,0,-1.00,0.00,999.00,0.0,0,38,0,3,-53,-54.9,7880,44,4,1.36,1,0,-3.66,2.32,0
20:05:06,145.490,942740,942739,0,0,0,0.000000,0.000000,0.00,0.0,0,359.8,1,117.3,0,0.00,9.79,2.53,0.9997,33.60,1.152,19,107948,1.230,1,359.8,"-0.23,0.40,9.78","0.6,2.5,-0.2","-20.550,-7.050,29.250",0.12,0.19,0.00,0,9038,7882,9,1.77,37.496426,126.958321,914,0,2,0,-1.00,0.00,999.00,0.0,0,38,0,3,-55,-54.8,7882,38,4,1.34,1,0,-3.66,2.32,0
20:05:06,145.692,942848,942847,0,0,0,0.000000,0.000000,0.00,0.0,0,359.8,1,117.3,0,0.00,9.88,2.79,0.9998,34.62,1.237,19,107961,1.230,1,359.8,"-0.31,0.37,9.87","1.1,-0.3,-2.5","-24.150,-8.400,30.450",0.21,0.21,0.00,0,9039,7883,9,1.77,37.496426,126.958321,914,0,2,0,-1.00,0.00,999.00,0.0,0,38,0,3,-54,-54.6,7883,24,4,1.32,1,0,-3.66,2.32,0
20:05:06,145.840,943053,943052,0,0,0,0.000000,0.000000,0.00,0.0,0,359.8,1,117.3,0,0.00,9.71,1.21,0.9996,34.94,1.220,19,107986,1.230,1,359.8,"-0.23,0.33,9.70","0.7,0.8,-0.6","-22.200,-5.700,30.450",0.03,0.20,0.00,0,9041,7885,9,1.77,37.496426,126.958321,914,0,2,0,-1.00,0.00,999.00,0.0,0,38,0,3,-58,-55.4,7885,24,4,1.42,1,0,-3.66,2.32,0
20:05:07,146.075,943153,943152,0,0,0,0.000000,0.000000,0.00,0.0,0,359.8,1,117.4,0,0.00,9.66,2.33,0.9997,34.48,1.174,19,107998,1.230,1,359.8,"-0.29,0.30,9.65","-0.3,-1.4,-1.9","-21.450,-7.200,30.150",0.10,0.21,0.00,0,9042,7886,9,1.77,37.496426,126.958321,914,0,2,0,-1.00,0.00,999.00,0.0,0,38,0,3,-55,-55.3,7886,21,4,1.41,1,0,-3.66,2.32,0
20:05:07,146.808,943369,943368,0,0,0,0.000000,0.000000,0.00,0.0,0,359.8,1,117.4,0,0.00,9.71,3.17,0.9996,35.26,1.216,19,108024,1.230,1,359.8,"-0.15,0.45,9.70","1.1,-2.8,1.1","-22.650,-6.750,30.900",0.12,0.15,0.00,0,9044,7888,9,1.77,37.496426,126.958321,914,0,2,0,-1.00,0.00,999.00,0.0,0,38,0,3,-51,-54.4,7888,33,4,1.29,1,0,-3.66,2.32,0
20:05:08,147.090,944196,944183,0,0,1,37.496469,126.958256,0.33,114.6,1,114.6,1,117.0,0,0.00,9.74,2.30,0.9997,33.73,1.228,19,108117,0.664,1,114.6,"-0.31,0.29,9.73","0.4,2.2,-0.5","-22.500,-5.850,29.250",0.10,0.22,0.00,0,9052,7896,6,2.71,37.496449,126.958191,915,0,2,0,18.84,0.00,999.00,-0.0,0,38,0,3,-57,-56.1,7896,16,4,1.52,1,0,-3.66,2.32,0
20:05:08,147.173,944402,944389,0,0,1,37.496470,126.958256,0.33,114.6,1,114.6,1,117.0,0,0.00,9.72,2.77,0.9995,34.61,1.181,19,108139,0.664,1,114.6,"-0.17,0.34,9.71","-1.1,0.2,-2.5","-21.750,-7.350,30.300",0.06,0.26,0.00,0,9054,7898,6,2.71,37.496449,126.958191,915,0,2,0,19.02,0.00,999.00,1.2,0,38,0,3,-59,-58.4,7898,14,4,1.90,1,0,-3.66,2.32,0
20:05:08,147.294,944612,944599,0,0,1,37.496483,126.958252,0.22,114.6,0,114.6,1,117.0,0,0.00,9.76,3.31,0.9997,33.94,1.238,19,108160,0.113,1,114.6,"-0.33,0.29,9.75","2.0,1.4,-2.2","-23.250,-6.600,29.550",0.11,0.16,0.00,0,9056,7900,8,1.56,37.496508,126.958244,916,0,2,0,19.82,0.00,999.00,5.6,0,38,0,3,-54,-57.5,7900,14,4,1.73,1,0,-3.66,2.32,0
20:05:08,147.441,944703,944702,0,0,1,37.496483,126.958252,0.22,114.6,0,114.6,1,117.0,0,0.00,9.73,2.28,0.9995,34.47,1.188,19,108171,0.113,1,114.6,"-0.19,0.28,9.72","1.7,1.1,-1.1","-21.900,-7.200,30.150",0.07,0.15,0.00,0,9057,7900,8,1.56,37.496508,126.958244,916,0,2,0,19.82,0.00,999.00,5.6,0,38,0,3,-54,-57.5,7900,105,4,1.73,1,0,-3.66,2.32,0
20:05:08,147.631,944804,944803,0,0,1,37.496483,126.958252,0.22,114.6,0,114.6,1,117.0,0,0.00,9.57,0.59,0.9996,34.24,1.264,19,108183,0.113,1,114.6,"-0.22,0.30,9.56","0.4,-0.4,-0.1","-23.400,-5.250,29.700",0.15,0.24,0.00,0,9058,7901,8,1.56,37.496508,126.958244,916,0,2,0,20.40,0.00,999.00,4.6,0,38,0,3,-50,-56.0,7901,99,4,1.50,1,0,-3.66,2.32,0
20:05:09,148.290,945006,945005,0,0,1,37.496483,126.958252,0.22,114.6,0,114.6,1,117.0,0,0.00,9.78,2.73,0.9995,34.82,1.203,19,108207,0.113,1,114.6,"-0.33,0.21,9.77","2.6,-0.7,0.3","-22.200,-6.750,30.450",0.16,0.18,0.00,0,9060,7903,8,1.56,37.496508,126.958244,916,0,2,0,20.40,0.00,999.00,4.6,0,38,0,3,-52,-54.1,7903,90,4,1.25,1,0,-3.66,2.32,0
20:05:09,148.539,945713,945712,0,0,1,37.496473,126.958251,0.13,114.6,0,114.6,1,117.0,0,0.00,9.87,3.64,0.9996,36.88,1.217,19,108290,0.036,1,114.6,"-0.21,0.38,9.86","2.3,2.3,1.7","-22.200,-5.700,32.400",0.17,0.20,0.00,0,9067,7910,8,1.49,37.496448,126.958249,917,0,2,0,20.00,0.00,999.00,2.5,0,38,0,3,-52,-52.8,7910,60,4,1.11,1,0,-3.66,2.32,0
20:05:09,148.658,945814,945813,0,0,1,37.496473,126.958251,0.13,114.6,0,114.6,1,117.0,0,0.00,9.80,2.48,0.9995,35.96,1.247,19,108302,0.036,1,114.6,"-0.28,0.23,9.79","1.7,-1.4,-1.1","-23.250,-5.850,31.500",0.13,0.17,0.00,0,9068,7911,8,1.49,37.496448,126.958249,917,0,2,0,20.00,0.00,999.00,2.5,0,38,0,3,-50,-52.2,7911,54,4,1.05,1,0,-3.66,2.32,0
20:05:09,148.807,946016,946015,0,0,1,37.496473,126.958251,0.13,114.6,0,114.6,1,117.0,0,0.00,9.57,0.79,0.9990,35.22,1.213,19,108326,0.036,1,114.6,"-0.20,0.12,9.56","-0.3,-0.6,-0.4","-22.050,-5.850,30.750",0.26,0.26,0.00,0,9070,7913,8,1.49,37.496448,126.958249,917,0,2,0,20.00,0.00,999.00,2.5,0,38,0,3,-53,-51.9,7913,47,4,1.02,1,0,-3.66,2.32,0
20:05:09,148.840,946117,946116,0,0,1,37.496473,126.958251,0.13,114.6,0,114.6,1,117.0,0,1.82,9.75,5.67,0.9996,34.70,1.219,19,108338,0.036,1,114.6,"-0.23,0.28,9.74","-1.8,-0.0,-5.4","-21.900,-5.250,30.150",0.05,0.21,0.00,0,9071,7914,8,1.49,37.496448,126.958249,917,0,2,0,20.00,0.00,999.00,2.5,0,38,0,3,-55,-52.5,7914,42,4,1.08,1,0,-3.66,2.32,0
20:05:09,148.891,946217,946216,0,0,1,37.496473,126.958251,0.13,114.6,0,114.6,1,117.0,0,0.00,9.66,1.88,0.9994,34.47,1.249,19,108350,0.036,1,114.6,"-0.16,0.27,9.65","1.7,0.1,0.9","-23.250,-5.850,30.000",0.10,0.16,0.00,0,9072,7915,8,1.49,37.496448,126.958249,917,0,2,0,20.00,0.00,999.00,2.5,0,38,0,3,-58,-53.6,7915,37,4,1.20,1,0,-3.66,2.32,0
20:05:10,149.241,946318,946317,0,0,1,37.496473,126.958251,0.13,114.6,0,114.6,1,117.0,0,0.00,9.68,1.24,0.9998,34.10,1.236,19,108362,0.036,1,114.6,"-0.28,0.38,9.67","-0.6,-0.8,0.8","-23.100,-6.450,29.700",0.08,0.21,0.00,0,9073,7916,8,1.49,37.496448,126.958249,917,0,2,0,20.00,0.00,999.00,2.5,0,38,0,3,-55,-53.9,7916,33,4,1.23,1,0,-3.66,2.32,0
20:05:10,149.597,946625,946624,0,0,1,37.496459,126.958250,0.07,114.6,0,114.6,1,117.0,0,0.00,9.75,1.53,0.9997,36.04,1.242,19,108397,0.010,1,114.6,"-0.22,0.50,9.74","-0.6,1.0,1.0","-23.400,-6.450,31.650",0.17,0.19,0.00,0,9076,7919,9,1.23,37.496426,126.958247,918,0,2,0,19.46,0.00,999.00,-0.8,0,38,0,3,-53,-53.6,7919,25,4,1.20,1,0,-3.66,2.32,0
20:05:10,149.757,946940,946927,0,0,1,37.496459,126.958250,0.07,114.6,0,114.6,1,117.0,0,0.00,9.82,3.44,0.9995,35.47,1.313,19,108432,0.010,1,114.6,"-0.22,0.29,9.81","1.4,2.7,1.7","-24.900,-4.800,30.900",0.11,0.15,0.00,0,9079,7922,9,1.23,37.496426,126.958247,918,0,2,0,19.46,0.00,999.00,-0.8,0,38,0,3,-64,-55.2,7922,20,4,1.40,1,0,-3.66,2.32,0
20:05:10,149.907,947043,947030,0,0,1,37.496459,126.958250,0.07,114.6,0,114.6,1,117.0,0,0.00,9.75,2.75,0.9997,34.52,1.204,19,108443,0.010,1,114.6,"-0.23,0.43,9.73","-0.9,1.0,-2.4","-22.200,-6.750,30.150",0.10,0.20,0.00,0,9080,7923,9,1.23,37.496426,126.958247,918,0,2,0,19.46,0.00,999.00,-0.8,0,38,0,3,-65,-57.2,7923,19,4,1.68,1,0,-3.66,2.32,0
20:05:11,150.157,947146,947133,0,0,1,37.496459,126.958250,0.07,114.6,0,114.6,1,117.0,0,0.00,9.68,3.51,0.9998,33.65,1.203,19,108454,0.010,1,114.6,"-0.35,0.31,9.67","2.8,-2.1,0.1","-22.050,-6.600,29.250",0.12,0.21,0.00,0,9081,7924,9,1.23,37.496426,126.958247,918,0,2,0,19.46,0.00,999.00,-0.8,0,38,0,3,-64,-58.5,7924,13,4,1.92,1,0,-3.66,2.32,0
20:05:11,150.428,947463,947439,0,0,1,37.496459,126.958250,0.07,114.6,0,114.6,1,117.0,0,0.00,9.75,2.55,0.9998,35.91,1.226,19,108488,0.010,1,114.6,"-0.25,0.41,9.74","0.3,-2.5,-0.5","-22.800,-6.300,31.500",0.08,0.11,0.00,0,9084,7927,9,1.23,37.496426,126.958247,918,0,2,0,19.46,0.00,999.00,-0.8,0,38,0,3,-59,-59.4,7927,10,4,2.09,1,0,-3.66,2.32,0
20:05:11,150.589,947863,947862,0,0,1,37.496447,126.958250,0.08,114.6,0,114.6,1,117.0,0,0.00,9.79,2.87,0.9996,34.43,1.207,19,108533,0.093,1,114.6,"-0.21,0.33,9.78","-0.1,2.8,-0.5","-22.050,-6.300,30.000",0.08,0.20,0.00,0,9088,7930,9,0.94,37.496421,126.958249,919,0,2,0,18.35,0.00,999.00,-3.6,0,38,0,3,-57,-59.7,7930,101,4,2.15,1,0,-3.66,2.32,0
20:05:11,150.725,947964,947963,0,0,1,37.496447,126.958250,0.08,114.6,0,114.6,1,117.0,0,0.00,9.65,1.27,0.9997,35.88,1.213,19,108545,0.093,1,114.6,"-0.29,0.30,9.64","-1.1,0.6,0.1","-22.500,-6.600,31.500",0.10,0.11,0.00,0,9089,7931,9,0.94,37.496421,126.958249,919,0,2,0,18.35,0.00,999.00,-3.6,0,38,0,3,-53,-58.4,7931,87,4,1.89,1,0,-3.66,2.32,0
20:05:11,150.908,948065,948064,0,0,1,37.496447,126.958250,0.08,114.6,0,114.6,1,117.0,0,0.00,9.66,3.09,0.9991,35.31,1.238,19,108557,0.093,1,114.6,"-0.06,0.34,9.66","-0.7,-2.9,0.8","-22.500,-5.100,30.750",0.18,0.18,0.00,0,9090,7932,9,0.94,37.496421,126.958249,919,0,2,0,18.35,0.00,999.00,-3.6,0,38,0,3,-51,-56.9,7932,87,4,1.64,1,0,-3.66,2.32,0
20:05:11,151.024,948266,948265,0,0,1,37.496447,126.958250,0.08,114.6,0,114.6,1,117.0,0,0.00,9.83,3.69,0.9997,34.55,1.174,19,108581,0.093,1,114.6,"-0.22,0.46,9.82","-1.4,-1.2,-3.2","-21.750,-7.800,30.300",0.16,0.19,0.00,0,9092,7934,9,0.94,37.496421,126.958249,919,0,2,0,18.35,0.00,999.00,-3.6,0,38,0,3,-54,-55.9,7934,81,4,1.49,1,0,-3.66,2.32,0
20:05:12,151.095,948366,948365,0,0,1,37.496447,126.958250,0.08,114.6,0,114.6,1,117.0,0,0.00,9.83,1.26,0.9999,35.27,1.233,19,108593,0.093,1,114.6,"-0.34,0.49,9.82","-0.5,-1.0,-0.7","-22.500,-5.400,30.750",0.20,0.20,0.00,0,9093,7935,9,0.94,37.496421,126.958249,919,0,2,0,18.35,0.00,999.00,-3.6,0,38,0,3,-54,-55.5,7935,76,4,1.43,1,0,-3.66,2.32,0
20:05:12,151.164,948470,948469,0,0,1,37.496447,126.958250,0.08,114.6,0,114.6,1,117.0,0,0.00,9.87,2.67,0.9998,34.78,1.241,19,108604,0.093,1,114.6,"-0.30,0.36,9.85","2.4,1.2,0.3","-22.200,-4.500,30.150",0.15,0.15,0.00,0,9094,7936,9,0.94,37.496421,126.958249,919,0,2,0,18.35,0.00,999.00,-3.6,0,38,0,3,-52,-54.8,7936,75,4,1.34,1,0,-3.66,2.32,0
20:05:12,151.415,948570,948569,0,0,1,37.496447,126.958250,0.08,114.6,0,114.6,1,117.0,0,0.00,9.64,2.15,0.9994,32.93,1.245,19,108616,0.093,1,114.6,"-0.21,0.25,9.64","-0.1,1.3,-1.7","-23.250,-6.300,28.500",0.11,0.15,0.00,0,9095,7937,9,0.94,37.496421,126.958249,919,0,2,0,18.20,0.00,999.00,-4.9,0,38,0,3,-48,-53.4,7937,69,4,1.18,1,0,-3.66,2.32,0
20:05:12,151.546,948772,948771,0,0,1,37.496439,126.958252,0.09,114.6,0,114.6,1,117.0,0,0.00,9.71,2.86,0.9997,34.73,1.197,19,108640,0.098,1,114.6,"-0.31,0.28,9.70","-2.1,0.0,-1.9","-21.750,-6.300,30.300",0.08,0.15,0.00,0,9097,7939,9,0.94,37.496418,126.958256,920,0,2,0,17.81,0.00,999.00,-8.7,0,38,0,3,-59,-54.2,7939,60,4,1.26,1,0,-3.66,2.32,0
20:05:12,151.624,948873,948872,0,0,1,37.496439,126.958252,0.09,114.6,0,114.6,1,117.0,0,0.00,9.70,1.85,0.9995,35.27,1.194,19,108652,0.098,1,114.6,"-0.16,0.34,9.69","0.7,1.3,1.1","-21.900,-6.750,30.900",0.09,0.17,0.00,0,9098,7940,9,0.94,37.496418,126.958256,920,0,2,0,17.81,0.00,999.00,-8.7,0,38,0,3,-62,-55.7,7940,55,4,1.47,1,0,-3.66,2.32,0
20:05:12,151.748,948974,948973,0,0,1,37.496439,126.958252,0.09,114.6,0,114.6,1,117.0,0,0.00,9.79,2.14,0.9998,34.20,1.199,19,108664,0.098,1,114.6,"-0.29,0.34,9.78","2.0,-0.5,-0.7","-22.800,-8.250,30.000",0.09,0.16,0.00,0,9099,7941,9,0.94,37.496418,126.958256,920,0,2,0,17.81,0.00,999.00,-8.7,0,38,0,3,-57,-56.0,7941,50,4,1.50,1,0,-3.66,2.32,0
20:05:13,152.040,949075,949074,0,0,1,37.496439,126.958252,0.09,114.6,0,114.6,1,117.0,0,0.00,9.75,4.38,0.9998,35.97,1.189,19,108676,0.098,1,114.6,"-0.28,0.37,9.73","3.5,-1.6,-2.0","-21.300,-5.850,31.500",0.06,0.16,0.00,0,9100,7942,9,0.94,37.496418,126.958256,920,0,2,0,17.81,0.00,999.00,-8.7,0,38,0,3,-54,-55.6,7942,45,4,1.45,1,0,-3.66,2.32,0
20:05:13,152.378,949375,949374,0,0,1,37.496439,126.958252,0.09,114.6,0,114.6,1,117.0,0,0.00,9.76,2.39,0.9999,33.97,1.243,19,108712,0.098,1,114.6,"-0.39,0.39,9.74","1.9,0.5,-1.4","-23.250,-6.300,29.550",0.16,0.18,0.00,0,9103,7945,9,0.94,37.496418,126.958256,920,0,2,0,17.81,0.00,999.00,-8.7,0,38,0,3,-57,-55.3,7945,30,4,1.40,1,0,-3.66,2.32,0
20:05:13,152.558,949781,949780,0,0,1,37.496432,126.958253,0.07,114.6,0,114.6,1,117.0,0,0.00,9.77,1.80,0.9996,34.86,1.177,19,108759,0.046,1,114.6,"-0.19,0.43,9.75","-0.4,0.8,-1.6","-21.150,-6.450,30.450",0.11,0.16,0.00,0,9107,7949,9,0.94,37.496417,126.958258,921,0,2,0,16.94,0.00,999.00,-10.9,0,38,0,3,-62,-57.8,7949,14,4,1.79,1,0,-3.66,2.32,0
20:05:13,152.578,949892,949879,0,0,1,37.496432,126.958253,0.07,114.6,0,114.6,1,117.0,0,0.00,9.75,1.75,0.9998,34.93,1.255,19,108771,0.046,1,114.6,"-0.25,0.39,9.73","1.6,0.0,-0.8","-23.400,-5.700,30.450",0.05,0.21,0.00,0,9108,7950,9,0.94,37.496417,126.958258,921,0,2,0,16.85,0.00,999.00,-12.3,0,38,0,3,-52,-56.7,7950,20,4,1.60,1,0,-3.66,2.32,0
20:05:13,152.823,949995,949982,0,0,1,37.496432,126.958253,0.07,114.6,0,114.6,1,117.0,0,0.00,9.74,2.55,0.9993,35.36,1.192,19,108782,0.046,1,114.6,"-0.07,0.44,9.73","2.5,-0.2,0.6","-21.450,-6.000,30.900",0.19,0.19,0.00,0,9109,7951,9,0.94,37.496417,126.958258,921,0,2,0,16.85,0.00,999.00,-12.3,0,38,0,3,-48,-54.9,7951,13,4,1.36,1,0,-3.66,2.32,0
20:05:13,152.958,950202,950189,0,0,1,37.496432,126.958253,0.07,114.6,0,114.6,1,117.0,0,0.00,9.68,2.54,0.9992,34.72,1.206,19,108804,0.046,1,114.6,"-0.09,0.32,9.67","-1.7,1.8,0.4","-22.050,-6.300,30.300",0.16,0.20,0.00,0,9111,7953,9,0.94,37.496417,126.958258,921,0,2,0,16.85,0.00,999.00,-12.3,0,38,0,3,-49,-52.6,7953,14,4,1.09,1,0,-3.66,2.32,0
20:05:14,153.166,950293,950292,0,0,1,37.496432,126.958253,0.07,114.6,0,114.6,1,117.0,0,0.00,9.85,3.30,0.9998,36.34,1.267,19,108815,0.046,1,114.6,"-0.26,0.38,9.84","0.4,0.5,-3.2","-23.550,-5.100,31.800",0.14,0.24,0.00,0,9112,7954,9,0.94,37.496417,126.958258,921,0,2,0,16.85,0.00,999.00,-12.3,0,38,0,3,-46,-51.3,7954,0,4,1.09,1,0,-3.66,2.32,0
20:05:14,153.240,950497,950496,0,0,1,37.496432,126.958253,0.07,114.6,0,114.6,1,117.0,0,0.00,9.68,3.24,0.9997,35.69,1.219,19,108838,0.046,1,114.6,"-0.22,0.40,9.67","0.1,0.9,-3.1","-22.200,-5.700,31.200",0.08,0.19,0.00,0,9114,7955,9,0.94,37.496417,126.958258,921,0,2,0,16.85,0.00,999.00,-12.3,0,38,0,3,-52,-51.4,7955,94,4,0.98,1,0,-3.66,2.32,0
20:05:14,153.391,950597,950596,0,0,1,37.496427,126.958256,0.03,114.6,0,114.6,1,117.0,0,0.00,9.66,2.17,0.9997,33.73,1.167,19,108850,0.000,1,114.6,"-0.20,0.42,9.65","-1.5,0.2,-1.5","-21.150,-7.200,29.400",0.11,0.20,0.00,0,9115,7956,9,0.94,37.496417,126.958262,922,0,2,0,16.85,0.00,999.00,-12.3,0,38,0,3,-47,-50.6,7956,92,4,0.90,1,0,-3.66,2.32,0
20:05:14,153.561,950799,950798,0,0,1,37.496427,126.958256,0.03,114.6,0,114.6,1,117.0,0,0.00,9.84,3.62,0.9997,35.66,1.183,19,108874,0.000,1,114.6,"-0.33,0.29,9.83","2.4,-2.7,-0.6","-21.150,-6.000,31.200",0.15,0.22,0.00,0,9117,7958,9,0.94,37.496417,126.958262,922,0,2,0,15.96,0.00,999.00,-16.2,0,38,0,3,-53,-52.7,7958,84,4,1.10,1,0,-3.66,2.32,0
20:05:14,153.660,950900,950899,0,0,1,37.496427,126.958256,0.03,114.6,0,114.6,1,117.0,0,0.00,9.73,4.03,0.9995,34.57,1.164,19,108886,0.000,1,114.6,"-0.15,0.44,9.72","3.2,-2.5,0.5","-20.700,-6.450,30.150",0.13,0.21,0.00,0,9118,7959,9,0.94,37.496417,126.958262,922,0,2,0,15.96,0.00,999.00,-16.2,0,38,0,3,-61,-54.4,7959,80,4,1.29,1,0,-3.66,2.32,0
20:05:14,153.967,951102,951101,0,0,1,37.496427,126.958256,0.03,114.6,0,114.6,1,117.0,0,0.00,9.74,0.97,0.9995,35.22,1.235,19,108910,0.000,1,114.6,"-0.20,0.29,9.73","0.7,-0.7,0.1","-22.800,-5.850,30.750",0.07,0.20,0.00,0,9120,7961,9,0.94,37.496417,126.958262,922,0,2,0,15.96,0.00,999.00,-16.2,0,38,0,3,-56,-55.0,7961,72,4,1.36,1,0,-3.66,2.32,0
20:05:15,154.174,951309,951308,0,0,1,37.496427,126.958256,0.03,114.6,0,114.6,1,117.0,0,0.00,9.69,4.28,0.9996,35.88,1.191,19,108935,0.000,1,114.6,"-0.27,0.25,9.68","3.2,2.4,-1.6","-21.750,-6.600,31.500",0.09,0.24,0.00,0,9122,7963,9,0.94,37.496417,126.958262,922,0,2,0,15.96,0.00,999.00,-16.2,0,38,0,3,-53,-54.3,7963,69,4,1.28,1,0,-3.66,2.32,0
20:05:15,154.212,951409,951408,0,0,1,37.496427,126.958256,0.03,114.6,0,114.6,1,117.0,0,0.00,9.75,3.62,0.9993,34.52,1.231,19,108947,0.000,1,114.6,"-0.12,0.32,9.74","3.4,1.0,0.5","-23.100,-6.750,30.150",0.11,0.17,0.00,0,9123,7964,9,0.94,37.496417,126.958262,922,0,2,0,15.96,0.00,999.00,-16.2,0,38,0,3,-52,-53.8,7964,64,4,1.22,1,0,-3.66,2.32,0
20:05:15,154.212,951513,951512,0,0,1,37.496427,126.958256,0.03,114.6,0,114.6,1,117.0,0,0.00,9.77,1.90,0.9995,35.65,1.227,19,108958,0.000,1,114.6,"-0.17,0.34,9.76","1.2,-1.2,-0.8","-22.650,-6.000,31.200",0.07,0.22,0.00,0,9124,7965,9,0.94,37.496417,126.958262,922,0,2,0,15.96,0.00,999.00,-16.2,0,38,0,3,-55,-54.0,7965,63,4,1.25,1,0,-3.66,2.32,0
20:05:15,154.512,951614,951613,0,0,1,37.496425,126.958258,0.06,114.6,0,114.6,1,117.0,0,0.00,9.63,3.08,0.9996,35.93,1.147,19,108970,0.093,1,114.6,"-0.28,0.24,9.62","1.3,-2.7,-0.5","-20.100,-6.300,31.500",0.14,0.23,0.00,0,9125,7966,9,0.94,37.496418,126.958261,923,0,2,0,15.96,0.00,999.00,-16.2,0,38,0,3,-55,-54.2,7966,59,4,1.27,1,0,-3.66,2.32,0
20:05:15,154.705,951817,951816,1,0,1,37.496425,126.958258,0.06,114.6,0,114.6,1,117.0,0,0.00,9.74,5.13,0.9997,34.85,1.221,19,108994,0.093,1,114.6,"-0.21,0.43,9.73","4.4,-0.7,-2.6","-22.650,-6.450,30.450",0.08,0.17,0.00,0,9127,7968,9,0.94,37.496418,126.958261,923,0,2,0,15.36,0.00,999.00,-14.3,0,39,0,1,-55,-55.0,7968,50,4,1.37,1,0,-3.66,2.32,0
20:05:15,154.840,952119,952118,1,0,1,37.496425,126.958258,0.06,114.6,0,114.6,1,117.0,0,-1.73,11.35,5.69,0.9612,34.06,1.289,19,109030,0.093,1,114.6,"-1.72,-2.34,10.97","1.8,-3.2,4.4","-26.550,-12.000,30.450",3.34,3.34,0.00,0,9130,7970,9,0.94,37.496418,126.958261,923,0,2,0,15.29,0.00,999.00,-15.8,0,39,0,1,-66,-57.2,7970,34,4,1.69,1,0,-3.66,2.32,0
20:05:15,154.957,952219,952218,1,0,1,37.496425,126.958258,0.06,114.6,0,114.6,1,117.0,0,0.00,11.19,6.32,0.9610,34.89,1.287,19,109042,0.093,1,114.6,"-1.74,-2.30,10.82","6.0,-1.4,-1.3","-26.100,-12.300,29.700",3.32,3.46,0.00,0,9131,7971,9,0.94,37.496418,126.958261,923,0,2,0,15.29,0.00,999.00,-15.8,0,39,0,1,-55,-56.8,7971,29,4,1.62,1,0,-3.66,2.32,0
20:05:16,155.042,952319,952318,1,0,1,37.496425,126.958258,0.06,114.6,0,114.6,1,117.0,0,0.00,9.79,3.65,0.9995,33.41,1.231,19,109054,0.093,1,114.6,"-0.18,0.34,9.78","-2.8,-2.3,-0.3","-22.650,-6.000,28.950",0.21,3.25,0.00,0,9132,7972,9,0.94,37.496418,126.958261,923,0,2,0,15.29,0.00,999.00,-15.8,0,39,0,1,-54,-56.2,7972,24,4,1.53,1,0,-3.66,2.32,0
20:05:16,155.113,952419,952418,1,0,1,37.496425,126.958258,0.06,114.6,0,114.6,1,117.0,0,0.00,9.71,4.93,0.9997,34.64,1.194,19,109066,0.093,1,114.6,"-0.23,0.35,9.71","2.6,-4.2,-0.5","-22.050,-7.050,30.300",0.13,0.31,0.00,0,9133,7973,9,0.94,37.496418,126.958261,923,0,2,0,15.29,0.00,999.00,-15.8,0,39,0,1,-70,-59.0,7973,19,4,2.00,1,0,-3.66,2.32,0
20:05:16,155.207,952524,952523,1,0,1,37.496425,126.958258,0.06,114.6,0,114.6,1,117.0,0,0.00,9.67,0.95,0.9994,33.94,1.225,19,109077,0.093,1,114.6,"-0.20,0.26,9.66","-0.1,0.9,0.4","-22.800,-6.600,29.550",0.09,0.25,0.00,0,9134,7974,9,0.94,37.496418,126.958261,923,0,2,0,15.29,0.00,999.00,-15.8,0,39,0,1,-58,-58.8,7974,15,4,1.96,1,0,-3.66,2.32,0
20:05:16,155.291,952625,952624,1,0,1,37.496425,126.958258,0.06,114.6,0,114.6,1,117.0,0,0.00,9.99,2.20,0.9995,33.22,1.205,19,109089,0.093,1,114.6,"-0.45,0.18,9.98","2.0,-0.7,-0.5","-22.650,-7.650,28.950",0.45,0.45,0.00,0,9135,7975,9,0.94,37.496418,126.958261,923,0,2,0,14.62,0.00,999.00,-15.4,0,39,0,1,-53,-57.6,7975,14,4,1.76,1,0,-3.66,2.32,0
20:05:16,155.824,952732,952731,1,0,1,37.496425,126.958258,0.06,114.6,0,114.6,1,117.0,0,0.00,9.19,6.71,0.9498,36.29,1.216,19,109102,0.093,1,114.6,"1.58,2.51,8.69","6.3,-2.3,0.4","-27.000,-12.600,31.050",3.03,12.80,0.00,0,9136,7975,9,0.94,37.496418,126.958261,923,0,2,0,14.62,0.00,999.00,-15.4,0,39,0,1,-53,-57.6,7975,121,4,1.76,1,0,-3.66,2.32,0
20:05:17,156.056,953237,953236,1,0,1,37.496425,126.958258,0.06,114.6,0,114.6,1,117.0,0,0.00,7.67,4.08,0.9717,34.52,1.261,19,109161,0.093,1,114.6,"1.44,0.01,7.54","0.1,4.1,0.3","-26.250,-11.700,30.750",2.31,6.63,0.00,0,9141,7979,9,0.94,37.496418,126.958261,923,0,2,0,14.62,0.00,999.00,-15.4,0,39,0,1,-71,-60.4,7979,96,4,2.28,1,0,-3.66,2.32,0
20:05:17,156.141,953338,953337,1,0,1,37.496425,126.958258,0.06,114.6,0,114.6,1,117.0,0,0.00,9.07,2.23,0.9365,35.80,1.188,19,109173,0.093,1,114.6,"1.99,2.53,8.48","1.5,-1.7,0.1","-21.900,-6.750,30.900",3.14,3.99,0.00,0,9142,7980,9,0.94,37.496418,126.958261,923,0,2,0,14.62,0.00,999.00,-15.4,0,39,0,1,-59,-60.1,7980,88,4,2.22,1,0,-3.66,2.32,0
20:05:17,156.257,953544,953543,1,0,1,37.496425,126.958258,0.06,114.6,0,114.6,1,116.9,0,0.00,6.58,5.31,0.9999,34.33,1.192,19,109196,0.093,1,114.6,"0.32,0.42,6.56","4.1,3.0,-1.6","-23.550,-9.450,29.550",3.14,3.86,0.00,0,9144,7982,9,0.94,37.496418,126.958261,923,0,2,0,14.62,0.00,999.00,-15.4,0,39,0,1,-50,-57.4,7982,78,4,1.72,1,0,-3.66,2.32,0
20:05:17,156.360,953644,953643,1,0,1,37.496425,126.958258,0.06,114.6,0,114.6,1,116.9,0,0.00,9.99,0.89,0.9956,34.01,1.238,19,109208,0.093,1,114.6,"0.45,0.70,9.95","0.3,-0.8,-0.3","-24.750,-9.750,30.000",0.73,3.20,0.00,0,9145,7983,9,0.94,37.496418,126.958261,923,0,2,0,14.62,0.00,999.00,-15.4,0,39,0,1,-61,-58.1,7983,76,4,1.84,1,0,-3.66,2.32,0
20:05:17,156.440,953745,953744,0,0,1,37.496425,126.958258,0.06,114.6,0,114.6,1,116.9,0,0.00,9.80,1.72,0.9984,34.69,1.215,19,109220,0.093,1,114.6,"-0.48,-0.07,9.79","-0.5,1.2,1.2","-22.500,-6.600,30.300",0.57,0.57,0.00,0,9146,7984,9,0.94,37.496418,126.958261,923,0,2,0,14.62,0.00,999.00,-15.4,0,39,0,1,-53,-57.1,7984,78,4,1.67,1,0,-3.66,2.32,0
20:05:17,156.791,953846,953845,0,0,1,37.496425,126.958258,0.06,114.6,0,114.6,1,116.9,0,0.00,11.58,7.01,0.9313,32.75,1.184,19,109232,0.093,1,114.6,"2.91,3.04,10.79","-0.7,-7.0,-0.0","-24.750,-9.000,30.000",4.72,5.83,0.00,0,9147,7985,9,0.94,37.496418,126.958261,923,0,2,0,14.62,0.00,999.00,-15.4,0,39,0,1,-52,-56.1,7985,73,4,1.52,1,0,-3.66,2.32,0
20:05:17,157.012,954148,954147,0,0,1,37.496425,126.958258,0.06,114.6,0,114.6,1,116.9,0,0.00,9.66,3.29,0.9995,35.08,1.216,19,109268,0.093,1,114.6,"-0.34,0.20,9.65","2.6,-1.1,1.7","-22.800,-7.050,30.750",0.17,0.30,0.00,0,9150,7988,9,0.94,37.496418,126.958261,923,0,2,0,14.62,0.00,999.00,-15.4,0,39,0,1,-54,-54.7,7988,57,4,1.32,1,0,-3.66,2.32,0
20:05:18,157.192,954451,954450,0,0,1,37.496425,126.958258,0.06,114.6,0,114.6,1,116.9,0,0.00,9.60,4.08,0.9992,33.89,1.179,19,109304,0.093,1,114.6,"-0.28,0.12,9.60","-2.9,0.5,-2.9","-22.200,-8.400,29.700",0.62,5.80,0.00,0,9153,7991,9,0.94,37.496418,126.958261,923,0,2,0,14.62,0.00,999.00,-15.4,0,39,0,1,-55,-56.4,7991,43,4,1.56,1,0,-3.66,2.32,0
20:05:18,157.970,954557,954556,0,0,1,37.496425,126.958258,0.06,114.6,0,114.6,1,116.9,0,0.00,9.80,4.12,0.9997,35.44,1.156,19,109315,0.093,1,114.6,"-0.23,0.37,9.79","1.5,-2.9,-2.5","-20.550,-6.600,31.050",0.29,0.64,0.00,0,9154,7992,9,0.94,37.496418,126.958261,923,0,2,0,14.62,0.00,999.00,-15.4,0,39,0,1,-53,-55.7,7992,46,4,1.46,1,0,-3.66,2.32,0
20:05:19,158.324,955384,955383,0,0,0,0.000000,0.000000,0.00,0.0,0,114.6,1,117.0,0,0.00,9.66,2.92,0.9998,35.43,1.200,19,109415,0.093,1,114.6,"-0.24,0.41,9.65","-0.3,2.3,1.8","-22.050,-6.600,31.050",0.09,0.16,0.00,0,9162,8000,9,0.94,37.496418,126.958261,923,0,2,0,-1.00,0.00,999.00,0.0,0,39,0,1,-57,-57.2,8000,30,4,1.69,1,0,-3.66,2.32,0
20:05:19,158.493,955699,955698,0,0,0,0.000000,0.000000,0.00,0.0,0,114.6,1,117.0,0,0.00,9.65,2.16,0.9997,34.78,1.191,19,109450,0.093,1,114.6,"-0.21,0.40,9.64","1.1,0.2,-1.8","-21.300,-5.850,30.300",0.08,0.17,0.00,0,9165,8003,9,0.94,37.496418,126.958261,923,0,2,0,-1.00,0.00,999.00,0.0,0,39,0,1,-52,-56.0,8003,28,4,1.50,1,0,-3.66,2.32,0
20:05:19,158.825,955914,955914,0,0,0,0.000000,0.000000,0.00,0.0,0,114.6,1,117.0,0,0.00,9.75,2.43,0.9994,34.73,1.175,19,109476,0.093,1,114.6,"-0.22,0.24,9.75","1.6,1.9,0.1","-21.000,-6.300,30.300",0.11,0.19,0.00,0,9167,8005,9,0.94,37.496418,126.958261,923,0,2,0,-1.00,0.00,999.00,0.0,0,39,0,1,-42,-51.4,8005,32,4,0.97,1,0,-3.66,2.32,0
20:05:20,159.328,956129,956128,0,0,0,0.000000,0.000000,0.00,0.0,0,114.6,1,117.0,0,0.00,9.57,2.04,0.9993,35.30,1.207,19,109502,0.093,1,114.6,"-0.10,0.34,9.56","-0.2,-2.0,0.3","-22.200,-6.450,30.900",0.19,0.19,0.00,0,9169,8007,9,0.94,37.496418,126.958261,923,0,2,0,-1.00,0.00,999.00,0.0,0,39,0,1,-41,-47.7,8007,35,4,0.80,1,0,-3.66,2.32,0
20:05:20,159.573,956757,956756,0,0,0,0.000000,0.000000,0.00,0.0,0,114.6,1,117.0,0,-0.51,9.76,4.28,0.9995,34.77,1.227,19,109577,1.348,1,6.3,"-0.15,0.40,9.75","2.6,-1.5,3.1","-22.500,-5.850,30.300",0.11,0.17,0.00,0,9175,8013,0,99.99,37.496469,126.958170,923,0,3,0,-1.00,0.00,999.00,0.0,0,39,0,1,-40,-41.1,8013,32,4,0.80,1,0,-3.66,2.32,0
20:05:20,159.710,956857,956856,0,0,0,0.000000,0.000000,0.00,0.0,0,114.6,1,117.0,0,0.00,9.64,2.90,0.9998,33.35,1.268,19,109589,1.348,1,6.3,"-0.28,0.34,9.63","-1.6,-2.1,1.1","-24.150,-6.450,28.950",0.09,0.17,0.00,0,9176,8014,0,99.99,37.496469,126.958170,923,0,3,0,-1.00,0.00,999.00,0.0,0,39,0,1,-37,-40.3,8014,27,4,0.80,1,0,-3.66,2.32,0
20:05:20,159.907,957073,957072,0,0,0,0.000000,0.000000,0.00,0.0,0,114.6,1,117.0,0,0.00,9.71,3.06,0.9991,35.53,1.231,19,109615,1.348,1,6.3,"-0.17,0.17,9.71","2.5,-1.0,-1.5","-21.900,-4.500,30.900",0.17,0.19,0.00,0,9178,8016,0,99.99,37.496469,126.958170,923,0,3,0,-1.00,0.00,999.00,0.0,0,39,0,1,-40,-40.2,8016,14,4,0.80,1,0,-3.66,2.32,0
20:05:21,160.074,957288,957287,0,0,0,0.000000,0.000000,0.00,0.0,0,114.6,1,117.0,0,0.00,9.81,2.25,0.9998,36.43,1.231,19,109641,1.348,1,6.3,"-0.27,0.46,9.80","0.1,-2.1,-0.9","-22.650,-5.700,31.950",0.16,0.16,0.00,0,9180,8017,0,99.99,37.496469,126.958170,923,0,3,0,-1.00,0.00,999.00,0.0,0,39,0,1,-40,-40.2,8017,138,4,0.80,1,0,-3.66,2.32,0
20:05:21,160.257,957507,957484,0,0,0,0.000000,0.000000,0.00,0.0,0,114.6,1,117.0,0,0.00,9.62,1.90,0.9999,34.39,1.215,19,109665,1.348,1,6.3,"-0.31,0.39,9.61","-0.8,-0.7,-1.6","-22.500,-6.600,30.000",0.14,0.15,0.00,0,9182,8019,0,99.99,37.496469,126.958170,923,0,3,0,-1.00,0.00,999.00,0.0,0,39,0,1,-41,-39.8,8019,44,4,0.80,1,0,-3.66,2.32,0
20:05:21,160.573,957702,957701,0,0,1,37.496451,126.958287,0.07,0.0,0,114.6,1,117.0,0,0.00,9.76,4.01,0.9997,34.61,1.194,19,109688,0.144,1,6.3,"-0.33,0.29,9.75","0.5,2.3,-3.3","-21.450,-6.000,30.150",0.12,0.19,0.00,0,9184,8021,10,1.33,37.496451,126.958287,924,0,3,0,12.07,0.00,999.00,120.6,0,39,0,1,-37,-39.0,8021,28,4,0.80,1,0,-3.66,2.32,0
20:05:21,160.676,957904,957903,1,0,1,37.496452,126.958287,0.07,0.0,0,114.6,1,117.1,0,4.75,9.54,10.48,0.9970,34.15,1.252,19,109712,0.144,1,6.3,"-0.86,-0.12,9.50","2.0,-6.4,-8.0","-23.400,-6.000,29.700",0.79,0.79,0.00,0,9186,8023,10,1.33,37.496451,126.958287,924,0,3,0,12.07,0.00,999.00,120.6,0,40,0,1,-38,-39.1,8023,18,4,0.80,1,0,-3.66,2.32,0
20:05:21,160.926,958013,958012,1,0,1,37.496452,126.958287,0.07,0.0,0,114.6,1,117.1,0,0.00,9.70,4.83,1.0000,34.61,1.181,19,109725,0.144,1,6.3,"-0.43,0.45,9.68","-1.1,3.4,-3.3","-21.750,-7.350,30.300",0.18,1.97,0.00,0,9187,8024,10,1.33,37.496451,126.958287,924,0,3,0,12.07,0.00,999.00,120.6,0,40,0,1,-37,-38.7,8024,22,4,0.80,1,0,-3.66,2.32,0
20:05:22,161.128,958321,958320,1,0,1,37.496452,126.958287,0.07,0.0,0,114.6,1,117.1,0,0.00,8.58,1.46,0.9627,33.44,1.277,19,109762,0.144,1,6.3,"1.41,1.89,8.25","-0.4,-1.0,-1.1","-26.850,-12.000,29.700",2.84,3.81,0.00,0,9190,8027,10,1.33,37.496451,126.958287,924,0,3,0,12.07,0.00,999.00,120.6,0,40,0,1,-37,-39.3,8027,15,4,0.80,1,0,-3.66,2.32,0
20:05:22,161.443,958527,958526,1,0,1,37.496452,126.958287,0.07,0.0,0,114.6,1,117.1,0,0.00,9.66,2.56,0.9997,34.85,1.208,19,109785,0.144,1,6.3,"-0.23,0.34,9.65","2.5,-0.3,-0.0","-22.200,-6.450,30.450",0.11,0.24,0.00,0,9192,8029,10,1.33,37.496451,126.958287,924,0,3,0,12.07,0.00,999.00,120.6,0,40,0,1,-38,-38.7,8029,11,4,0.80,1,0,-3.66,2.32,0
20:05:22,161.625,958832,958831,1,0,1,37.496452,126.958287,0.07,0.0,0,114.6,1,117.1,0,0.00,8.03,3.91,0.9860,33.63,1.311,19,109819,0.144,1,6.3,"0.98,0.43,7.96","1.3,3.6,-0.6","-27.300,-10.350,29.700",2.08,12.48,0.00,0,9195,8031,10,1.33,37.496451,126.958287,924,0,3,0,12.29,0.00,999.00,122.3,0,40,0,1,-39,-38.5,8031,105,4,0.80,1,0,-3.66,2.32,0
20:05:23,162.108,959034,959033,0,0,1,37.496452,126.958287,0.07,0.0,0,114.6,1,117.1,0,0.00,9.61,1.02,0.9997,34.49,1.235,19,109843,0.144,1,6.3,"-0.41,0.24,9.60","0.5,0.9,-0.3","-24.000,-8.250,30.300",0.38,3.68,0.00,0,9197,8033,10,1.33,37.496451,126.958287,924,0,3,0,12.29,0.00,999.00,122.3,0,40,0,1,-42,-39.6,8033,88,4,0.80,1,0,-3.66,2.32,0
20:05:23,162.511,959540,959539,0,0,1,37.496452,126.958287,0.07,0.0,0,114.6,1,117.1,0,0.00,8.09,5.15,0.9948,33.23,1.173,19,109902,0.144,1,6.3,"-0.86,-0.25,8.03","0.4,5.0,1.1","-22.800,-10.200,29.250",2.05,4.38,0.00,0,9202,8038,10,1.33,37.496451,126.958287,924,0,3,0,12.29,0.00,999.00,122.3,0,40,0,1,-38,-39.5,8038,76,4,0.80,1,0,-3.66,2.32,0
20:05:23,162.689,959841,959840,0,0,1,37.496452,126.958287,0.07,0.0,0,114.6,1,117.1,0,0.00,7.53,5.55,0.7937,35.47,1.183,19,109938,0.144,1,6.3,"2.36,4.05,5.90","4.8,2.3,-1.4","-26.550,-9.150,26.700",6.07,7.04,0.00,0,9205,8041,10,1.33,37.496451,126.958287,924,0,3,0,12.53,0.00,999.00,123.9,0,40,0,1,-41,-39.9,8041,59,4,0.80,1,0,-3.66,2.32,0
20:05:23,162.774,959941,959940,0,0,1,37.496452,126.958287,0.07,0.0,0,114.6,1,117.1,0,0.00,8.80,1.32,0.9977,34.54,1.267,19,109950,0.144,1,6.3,"-0.03,0.91,8.75","0.8,0.4,-1.0","-24.150,-6.450,30.150",1.51,6.35,0.00,0,9206,8042,10,1.33,37.496451,126.958287,924,0,3,0,12.53,0.00,999.00,123.9,0,40,0,1,-41,-40.1,8042,55,4,0.80,1,0,-3.66,2.32,0
20:05:23,162.908,960143,960142,0,0,1,37.496452,126.958287,0.07,0.0,0,114.6,1,117.1,0,0.00,9.75,7.10,0.9993,35.29,1.204,19,109974,0.144,1,6.3,"-0.08,0.50,9.73","-6.5,-2.7,0.3","-22.800,-7.800,31.050",0.41,0.41,0.00,0,9208,8044,10,1.33,37.496451,126.958287,924,0,3,0,12.53,0.00,999.00,123.9,0,40,0,1,-39,-40.0,8044,45,4,0.80,1,0,-3.66,2.32,0
20:05:23,163.007,960244,960243,0,0,1,37.496452,126.958287,0.07,0.0,0,114.6,1,117.1,0,-0.55,4.27,17.31,0.9835,33.28,1.193,19,109986,0.144,1,6.3,"3.39,-1.89,1.77","16.9,-0.4,3.5","-24.000,-8.550,28.800",9.03,9.03,0.00,0,9209,8045,10,1.33,37.496451,126.958287,924,0,3,0,12.53,0.00,999.00,123.9,0,40,0,1,-41,-40.2,8045,41,4,0.80,1,0,-3.66,2.32,0
20:05:24,163.259,960344,960343,0,0,1,37.496452,126.958287,0.07,0.0,0,114.6,1,117.1,0,0.00,22.96,32.73,0.9781,33.20,1.245,19,109998,0.144,1,6.3,"-4.40,4.61,22.06","-32.3,3.7,-3.5","-25.950,-10.950,31.050",13.47,13.47,0.00,0,9210,8046,10,1.33,37.496451,126.958287,924,0,3,0,12.53,0.00,999.00,123.9,0,40,0,1,-41,-40.4,8046,36,4,0.80,1,0,-3.66,2.32,0
20:05:24,163.474,960657,960656,0,0,0,0.000000,0.000000,0.00,0.0,0,114.6,1,117.1,0,0.00,9.88,0.60,0.9998,36.71,1.201,19,110034,0.144,1,6.3,"-0.27,0.45,9.86","0.5,0.1,-0.4","-21.750,-5.850,32.250",0.12,0.44,0.00,0,9213,8049,10,1.33,37.496451,126.958287,924,0,3,0,-1.00,0.00,999.00,0.0,0,40,0,1,-41,-40.2,8049,31,4,0.80,1,0,-3.66,2.32,0
20:05:24,163.505,960764,960763,0,0,0,0.000000,0.000000,0.00,0.0,0,114.6,1,117.1,0,0.00,9.73,0.99,0.9996,35.34,1.272,19,110047,0.144,1,6.3,"-0.32,0.24,9.72","0.6,-0.5,0.6","-24.150,-6.000,30.900",0.20,0.29,0.00,0,9214,8050,10,1.33,37.496451,126.958287,924,0,3,0,-1.00,0.00,999.00,0.0,0,40,0,1,-41,-40.4,8050,33,4,0.80,1,0,-3.66,2.32,0
20:05:24,163.676,960872,960871,0,0,0,0.000000,0.000000,0.00,0.0,0,114.6,1,117.1,0,0.00,10.32,12.23,0.9068,34.59,1.235,19,110060,0.144,1,6.3,"-2.37,-3.43,9.44","12.1,-1.4,1.0","-23.100,-7.650,30.900",4.31,5.26,0.00,0,9215,8051,10,1.33,37.496451,126.958287,924,0,3,0,-1.00,0.00,999.00,0.0,0,40,0,1,-38,-39.9,8051,36,4,0.80,1,0,-3.66,2.32,0
20:05:24,163.824,961079,961078,0,0,0,0.000000,0.000000,0.00,0.0,0,114.6,1,117.1,0,-1.11,9.76,4.73,0.9998,35.51,1.248,19,110085,0.144,1,6.3,"-0.26,0.51,9.74","3.0,0.3,3.7","-23.250,-5.850,31.050",0.18,0.37,0.00,0,9217,8053,10,1.33,37.496451,126.958287,924,0,3,0,-1.00,0.00,999.00,0.0,0,40,0,1,-37,-39.0,8053,31,4,0.80,1,0,-3.66,2.32,0
20:05:25,164.273,961179,961178,0,0,0,0.000000,0.000000,0.00,0.0,0,114.6,1,117.1,0,0.00,9.82,1.40,0.9993,35.04,1.211,19,110097,0.144,1,6.3,"-0.19,0.22,9.81","0.4,1.0,-0.9","-22.800,-7.350,30.750",0.18,0.30,0.00,0,9218,8054,10,1.33,37.496451,126.958287,924,0,3,0,-1.00,0.00,999.00,0.0,0,40,0,1,-41,-39.4,8054,25,4,0.80,1,0,-3.66,2.32,0
20:05:25,164.404,961617,961616,0,0,0,0.000000,0.000000,0.00,0.0,0,114.6,1,117.1,0,0.00,9.58,1.06,0.9999,35.35,1.180,19,110147,0.144,1,6.3,"-0.31,0.38,9.57","-0.6,-0.8,0.3","-21.750,-7.350,31.050",0.20,0.20,0.00,0,9222,8058,10,1.33,37.496451,126.958287,924,0,3,0,-1.00,0.00,999.00,0.0,0,40,0,1,-42,-39.8,8058,40,4,0.80,1,0,-3.66,2.32,0
20:05:25,164.491,961717,961716,0,0,0,0.000000,0.000000,0.00,0.0,0,114.6,1,117.1,0,0.83,9.67,5.01,0.9994,34.81,1.230,19,110159,0.144,1,6.3,"-0.14,0.34,9.66","-2.3,-0.5,-4.4","-23.100,-6.750,30.450",0.13,0.18,0.00,0,9223,8059,10,1.33,37.496451,126.958287,924,0,3,0,-1.00,0.00,999.00,0.0,0,40,0,1,-40,-39.8,8059,38,4,0.80,1,0,-3.66,2.32,0
20:05:25,164.593,961817,961816,0,0,0,0.000000,0.000000,0.00,0.0,0,114.6,1,117.1,0,0.00,9.74,2.92,0.9996,35.95,1.221,19,110171,0.144,1,6.3,"-0.26,0.29,9.73","2.6,-1.3,0.1","-23.100,-7.200,31.650",0.06,0.22,0.00,0,9224,8060,10,1.33,37.496451,126.958287,924,0,3,0,-1.00,0.00,999.00,0.0,0,40,0,1,-40,-39.9,8060,32,4,0.80,1,0,-3.66,2.32,0
20:05:25,164.834,961917,961916,0,0,0,0.000000,0.000000,0.00,0.0,0,114.6,1,117.1,0,0.00,9.64,2.14,0.9997,35.31,1.185,19,110183,0.144,1,6.3,"-0.31,0.28,9.63","-1.0,1.7,0.9","-21.450,-6.450,30.900",0.14,0.14,0.00,0,9225,8061,10,1.33,37.496451,126.958287,924,0,3,0,-1.00,0.00,999.00,0.0,0,40,0,1,-37,-39.3,8061,26,4,0.80,1,0,-3.66,2.32,0
20:05:25,165.023,962239,962238,0,0,0,0.000000,0.000000,0.00,0.0,0,114.6,1,117.1,0,0.00,9.67,3.32,0.9993,33.68,1.182,19,110222,0.144,1,6.3,"-0.16,0.24,9.67","-3.1,0.5,-1.1","-21.900,-7.650,29.400",0.14,0.16,0.00,0,9228,8064,10,1.33,37.496451,126.958287,924,0,3,0,-1.00,0.00,999.00,0.0,0,40,0,1,-37,-39.2,8064,31,4,0.80,1,0,-3.66,2.32,0
20:05:26,165.123,962453,962452,0,0,0,0.000000,0.000000,0.00,0.0,0,114.6,1,117.1,0,0.00,9.69,4.58,0.9991,32.97,1.174,19,110248,0.144,1,6.3,"-0.09,0.25,9.69","-2.4,-3.6,-1.4","-22.050,-8.550,28.800",0.17,0.18,0.00,0,9230,8066,10,1.33,37.496451,126.958287,924,0,3,0,-1.00,0.00,999.00,0.0,0,40,0,1,-37,-39.0,8066,35,4,0.80,1,0,-3.66,2.32,0
20:05:26,165.458,962556,962555,0,0,0,0.000000,0.000000,0.00,0.0,0,114.6,1,117.1,0,0.00,9.68,3.60,0.9995,34.70,1.206,19,110259,0.144,1,6.3,"-0.13,0.42,9.67","-2.4,2.7,-0.1","-21.450,-5.250,30.150",0.14,0.17,0.00,0,9231,8067,10,1.33,37.496451,126.958287,924,0,3,0,-1.00,0.00,999.00,0.0,0,40,0,1,-41,-39.4,8067,33,4,0.80,1,0,-3.66,2.32,0
20:05:26,165.640,962873,962872,0,0,0,0.000000,0.000000,0.00,0.0,0,114.6,1,117.1,0,0.00,9.85,1.85,0.9998,33.89,1.209,19,110297,0.098,1,6.3,"-0.24,0.48,9.84","0.8,-1.6,0.4","-22.500,-7.050,29.550",0.18,0.18,0.00,0,9234,8070,6,2.34,37.496543,126.958089,924,1,3,0,-1.00,0.00,999.00,0.0,0,40,0,1,-41,-40.2,8070,32,4,0.80,1,0,-3.66,2.32,0
20:05:26,165.775,962973,962972,0,0,0,0.000000,0.000000,0.00,0.0,0,114.6,1,117.1,0,0.00,9.77,2.66,0.9997,34.61,1.229,19,110309,0.098,1,6.3,"-0.37,0.25,9.76","1.9,-1.8,0.1","-22.650,-6.000,30.150",0.16,0.17,0.00,0,9235,8071,6,2.34,37.496543,126.958089,924,1,3,0,-1.00,0.00,999.00,0.0,0,40,0,1,-41,-40.4,8071,27,4,0.80,1,0,-3.66,2.32,0
20:05:27,166.077,963080,963080,0,0,0,0.000000,0.000000,0.00,0.0,0,114.6,1,117.1,0,0.00,9.69,3.11,0.9999,33.94,1.225,19,110322,0.098,1,6.3,"-0.31,0.38,9.67","1.3,-2.6,-1.2","-22.800,-6.600,29.550",0.09,0.17,0.00,0,9236,8072,6,2.34,37.496543,126.958089,924,1,3,0,-1.00,0.00,999.00,0.0,0,40,0,1,-37,-39.7,8072,28,4,0.80,1,0,-3.66,2.32,0
20:05:27,166.211,963401,963400,0,0,0,0.000000,0.000000,0.00,0.0,0,114.6,1,117.1,0,0.00,9.76,1.57,0.9997,34.39,1.193,19,110361,0.098,1,6.3,"-0.28,0.32,9.75","-0.2,1.0,-1.2","-21.750,-6.600,30.000",0.06,0.13,0.00,0,9239,8075,6,2.34,37.496543,126.958089,924,1,3,0,-1.00,0.00,999.00,0.0,0,40,0,1,-38,-39.7,8075,32,4,0.80,1,0,-3.66,2.32,0
20:05:27,166.279,963624,963623,0,0,1,37.496488,126.958181,0.03,0.0,0,114.6,1,117.1,0,0.00,9.80,2.32,0.9990,34.57,1.218,19,110385,0.051,1,6.3,"-0.07,0.28,9.79","-0.7,-0.3,-2.2","-21.750,-5.100,30.000",0.20,0.20,0.00,0,9241,8077,9,1.06,37.496488,126.958181,925,1,3,0,21.41,0.00,999.00,120.3,0,40,0,1,-41,-40.2,8077,47,4,0.80,1,0,-3.66,2.32,0
20:05:27,166.523,963725,963724,0,0,1,37.496488,126.958181,0.03,0.0,0,114.6,1,117.1,0,0.00,9.71,1.99,0.9994,34.42,1.167,19,110397,0.051,1,6.3,"-0.16,0.31,9.71","-0.4,-1.4,-1.4","-21.450,-7.650,30.150",0.08,0.19,0.00,0,9242,8078,9,1.06,37.496488,126.958181,925,1,3,0,21.41,0.00,999.00,120.3,0,40,0,1,-40,-40.1,8078,41,4,0.80,1,0,-3.66,2.32,0
20:05:27,166.808,963927,963926,0,0,1,37.496488,126.958181,0.03,0.0,0,114.6,1,117.1,0,0.00,9.78,2.12,0.9999,34.49,1.199,19,110421,0.051,1,6.3,"-0.30,0.44,9.77","0.7,-1.3,1.5","-22.800,-8.250,30.300",0.14,0.22,0.00,0,9244,8080,9,1.06,37.496488,126.958181,925,1,3,0,21.41,0.00,999.00,120.3,0,40,0,1,-37,-39.7,8080,31,4,0.80,1,0,-3.66,2.32,0
20:05:27,167.008,964136,964135,0,0,1,37.496488,126.958181,0.03,0.0,0,114.6,1,117.1,0,0.00,9.80,1.43,0.9994,34.52,1.217,19,110446,0.051,1,6.3,"-0.18,0.29,9.79","-0.4,-1.0,-0.9","-22.650,-6.750,30.150",0.10,0.15,0.00,0,9246,8081,9,1.06,37.496488,126.958181,925,1,3,0,21.41,0.00,999.00,120.3,0,40,0,1,-41,-39.9,8081,133,4,0.80,1,0,-3.66,2.32,0
20:05:28,167.055,964336,964335,0,0,1,37.496488,126.958181,0.03,0.0,0,114.6,1,117.1,0,0.00,9.77,3.02,0.9998,33.94,1.225,19,110470,0.051,1,6.3,"-0.28,0.37,9.75","0.9,1.5,-2.4","-22.800,-6.600,29.550",0.06,0.22,0.00,0,9248,8083,9,1.06,37.496488,126.958181,925,1,3,0,21.41,0.00,999.00,120.3,0,40,0,1,-44,-40.6,8083,18,4,0.80,1,0,-3.66,2.32,0
20:05:28,167.126,964435,964434,0,0,1,37.496488,126.958181,0.03,0.0,0,114.6,1,117.1,0,0.00,9.64,2.67,0.9995,35.17,1.205,19,110482,0.051,1,6.3,"-0.32,0.20,9.63","-0.4,0.3,-2.6","-22.050,-6.300,30.750",0.18,0.18,0.00,0,9249,8084,9,1.06,37.496488,126.958181,925,1,3,0,21.41,0.00,999.00,120.3,0,40,0,1,-46,-41.7,8084,11,4,0.80,1,0,-3.66,2.32,0
20:05:28,167.309,964541,964540,0,0,1,37.496488,126.958181,0.03,0.0,0,114.6,1,117.1,0,0.00,9.72,2.99,0.9997,34.64,1.185,19,110493,0.051,1,6.3,"-0.23,0.35,9.71","-2.3,0.6,-1.8","-21.750,-7.050,30.300",0.03,0.22,0.00,0,9250,8085,9,1.06,37.496488,126.958181,925,1,3,0,21.41,0.00,999.00,120.3,0,40,0,1,-57,-44.7,8085,14,4,0.80,1,0,-3.66,2.32,0
20:05:28,167.443,964653,964640,0,0,1,37.496488,126.958181,0.03,0.0,0,114.6,1,117.1,0,0.00,9.67,2.20,0.9998,34.47,1.258,19,110505,0.087,1,6.3,"-0.28,0.42,9.65","-1.5,1.0,-1.3","-23.550,-5.850,30.000",0.11,0.17,0.00,0,9251,8086,9,1.06,37.496607,126.958062,925,2,3,0,20.83,0.00,999.00,121.2,0,40,0,1,-46,-45.0,8086,20,4,0.80,1,0,-3.66,2.32,0
20:05:28,167.524,964756,964743,0,0,1,37.496488,126.958181,0.03,0.0,0,114.6,1,117.1,0,0.00,9.68,2.97,0.9997,35.82,1.228,19,110516,0.087,1,6.3,"-0.28,0.32,9.67","1.9,1.7,-1.5","-23.250,-7.050,31.500",0.06,0.16,0.00,0,9252,8087,9,1.06,37.496607,126.958062,925,2,3,0,20.83,0.00,999.00,121.2,0,40,0,1,-44,-44.8,8087,16,4,0.80,1,0,-3.66,2.32,0
20:05:28,167.540,964859,964846,0,0,1,37.496488,126.958181,0.03,0.0,0,114.6,1,117.1,0,0.00,9.71,1.61,0.9997,35.39,1.219,19,110527,0.087,1,6.3,"-0.21,0.41,9.70","0.5,0.8,-1.4","-22.200,-5.700,30.900",0.09,0.16,0.00,0,9253,8088,9,1.06,37.496607,126.958062,925,2,3,0,20.83,0.00,999.00,121.2,0,40,0,1,-47,-45.2,8088,14,4,0.80,1,0,-3.66,2.32,0
20:05:28,167.643,964950,964949,0,0,1,37.496488,126.958181,0.03,0.0,0,114.6,1,117.1,0,0.00,9.72,3.00,0.9997,35.28,1.198,19,110538,0.087,1,6.3,"-0.23,0.37,9.71","-0.6,0.9,-2.8","-21.300,-5.400,30.750",0.04,0.15,0.00,0,9254,8088,9,1.06,37.496607,126.958062,925,2,3,0,20.83,0.00,999.00,121.2,0,40,0,1,-47,-45.2,8088,105,4,0.80,1,0,-3.66,2.32,0
20:05:29,168.274,965051,965050,0,0,1,37.496488,126.958181,0.03,0.0,0,114.6,1,117.1,0,0.00,9.70,4.45,0.9997,35.88,1.191,19,110550,0.087,1,6.3,"-0.30,0.30,9.69","-2.0,3.3,-2.2","-21.750,-6.600,31.500",0.07,0.18,0.00,0,9255,8089,9,1.06,37.496607,126.958062,925,2,3,0,20.83,0.00,999.00,121.2,0,40,0,1,-44,-45.0,8089,95,4,0.80,1,0,-3.66,2.32,0
20:05:29,168.507,965658,965657,0,0,1,37.496488,126.958181,0.03,0.0,0,114.6,1,117.1,0,0.00,9.78,3.09,0.9998,34.68,1.237,19,110621,0.180,1,6.3,"-0.32,0.33,9.77","2.4,-0.1,-1.9","-23.250,-6.600,30.300",0.10,0.26,0.00,0,9261,8095,9,1.06,37.496577,126.958086,925,3,3,0,20.26,0.00,999.00,122.2,0,40,0,1,-56,-54.5,8095,77,4,1.30,1,0,-3.66,2.32,0
20:05:29,168.840,965860,965859,0,0,1,37.496488,126.958181,0.03,0.0,0,114.6,1,117.1,0,0.00,9.72,3.21,0.9993,34.78,1.205,19,110645,0.180,1,6.3,"-0.16,0.27,9.71","-2.4,-0.0,-2.1","-21.750,-5.850,30.300",0.10,0.17,0.00,0,9263,8097,9,1.06,37.496577,126.958086,925,3,3,0,20.26,0.00,999.00,122.2,0,40,0,1,-54,-54.5,8097,68,4,1.30,1,0,-3.66,2.32,0
20:05:29,169.025,966162,966161,0,0,1,37.496488,126.958181,0.03,0.0,0,114.6,1,117.1,0,-0.55,9.65,3.95,0.9996,35.31,1.216,19,110681,0.180,1,6.3,"-0.24,0.29,9.64","2.3,-0.8,3.1","-21.750,-5.100,30.750",0.09,0.21,0.00,0,9266,8100,9,1.06,37.496577,126.958086,925,3,3,0,20.26,0.00,999.00,122.2,0,40,0,1,-65,-57.2,8100,56,4,1.69,1,0,-3.66,2.32,0
20:05:30,169.533,966462,966461,0,0,1,37.496488,126.958181,0.03,0.0,0,114.6,1,117.1,0,-0.57,9.79,3.58,1.0000,34.20,1.213,19,110717,0.180,1,6.3,"-0.39,0.47,9.77","-0.5,-1.7,3.1","-21.900,-5.700,29.700",0.21,0.21,0.00,0,9269,8103,9,1.06,37.496577,126.958086,925,3,3,0,20.26,0.00,999.00,122.2,0,40,0,1,-57,-57.9,8103,40,4,1.80,1,0,-3.66,2.32,0
20:05:30,169.740,966873,966872,0,0,1,37.496504,126.958162,0.09,0.0,0,114.6,1,117.1,0,0.00,9.64,4.65,0.9996,34.94,1.220,19,110764,0.149,1,6.3,"-0.20,0.34,9.63","2.9,-2.0,-3.1","-22.200,-5.700,30.450",0.09,0.22,0.00,0,9273,8106,9,1.33,37.496539,126.958117,926,3,3,0,23.11,0.00,999.00,124.0,0,40,0,1,-61,-59.0,8106,28,4,2.00,1,0,-3.66,2.32,0
20:05:30,169.755,966974,966973,0,0,1,37.496504,126.958162,0.09,0.0,0,114.6,1,117.1,0,0.00,9.65,1.51,0.9995,34.71,1.203,19,110776,0.149,1,6.3,"-0.16,0.36,9.64","1.5,-0.0,-0.2","-22.650,-7.650,30.450",0.10,0.19,0.00,0,9274,8107,9,1.33,37.496539,126.958117,926,3,3,0,23.11,0.00,999.00,124.0,0,40,0,1,-66,-60.4,8107,24,4,2.28,1,0,-3.66,2.32,0
20:05:31,170.900,967183,967182,0,0,1,37.496504,126.958162,0.09,0.0,0,114.6,1,117.1,0,0.00,9.66,0.56,0.9997,34.72,1.228,19,110801,0.149,1,6.3,"-0.28,0.33,9.65","0.5,0.2,0.2","-22.800,-6.300,30.300",0.09,0.16,0.00,0,9276,8109,9,1.33,37.496539,126.958117,926,3,3,0,23.11,0.00,999.00,124.0,0,40,0,1,-67,-62.3,8109,22,4,2.74,1,0,-3.66,2.32,0
20:05:32,171.321,968209,968208,0,0,1,37.496503,126.958160,0.07,0.0,0,114.6,1,117.6,0,5.25,7.79,14.80,0.9285,34.40,1.298,19,110921,0.057,1,6.3,"-3.22,0.40,7.08","-12.0,-0.4,-8.6","-22.200,-1.350,29.400",4.09,4.88,0.00,0,9286,8117,8,1.06,37.496502,126.958153,927,3,3,0,22.08,0.00,999.00,123.2,0,40,0,1,-60,-61.3,8117,92,4,2.49,1,0,-3.66,2.32,0
20:05:32,171.478,968409,968408,0,0,1,37.496503,126.958160,0.07,0.0,0,114.6,1,117.9,0,6.01,1.69,25.42,0.8543,33.69,1.375,19,110945,0.057,1,6.3,"0.11,-1.64,0.41","0.0,22.9,-10.9","-23.850,0.150,28.650",8.89,12.57,0.00,0,9288,8119,8,1.06,37.496502,126.958153,927,3,3,0,22.08,0.00,999.00,123.2,0,40,0,1,-57,-59.4,8119,90,4,2.09,1,0,-3.66,2.32,0
20:05:32,171.478,968509,968508,0,0,1,37.496503,126.958160,0.07,0.0,0,114.6,1,117.1,0,-49.20,11.00,60.04,0.9903,33.99,1.348,19,110957,0.057,1,6.3,"-5.03,2.09,9.55","17.7,26.8,50.8","-21.900,-0.900,27.900",5.36,19.15,0.00,0,9289,8120,8,1.06,37.496502,126.958153,927,3,3,0,22.08,0.00,999.00,123.2,0,40,0,1,-61,-59.7,8120,84,4,2.15,1,0,-3.66,2.32,0
20:05:32,171.591,968614,968613,0,0,1,37.496496,126.958168,0.32,6.3,1,6.3,1,112.0,0,-46.34,21.00,48.92,0.9903,33.99,1.348,19,110968,0.561,1,6.3,"-0.30,9.67,18.64","2.0,3.5,48.8","-15.000,2.100,29.700",13.02,14.58,0.00,0,9290,8121,8,1.06,37.496489,126.958177,928,3,3,0,22.08,0.00,999.00,123.2,0,40,0,1,-68,-61.4,8121,76,4,2.52,1,0,-3.66,2.32,0
20:05:32,171.688,968816,968815,0,0,1,37.496497,126.958168,0.32,6.3,1,6.3,1,101.2,0,-55.28,13.20,68.53,0.9903,33.99,1.348,19,110992,0.561,1,6.3,"-7.28,4.47,10.07","5.4,-30.0,61.4","-7.800,7.950,30.900",7.54,10.26,0.00,0,9292,8123,8,1.06,37.496489,126.958177,928,3,3,0,21.05,0.00,999.00,115.9,0,40,0,1,-57,-60.1,8123,74,4,2.23,1,0,-3.66,2.32,0
20:05:32,171.773,969018,969017,0,0,1,37.496497,126.958169,0.32,6.3,1,6.3,1,89.7,0,-54.30,9.58,72.39,0.9903,33.99,1.348,19,111016,0.561,1,6.3,"-1.31,2.15,9.25","18.4,-30.8,62.9","-2.850,19.050,32.700",1.19,7.73,0.00,0,9294,8125,8,1.06,37.496489,126.958177,928,3,3,0,21.05,0.00,999.00,115.9,0,40,0,1,-52,-57.4,8125,64,4,1.71,1,0,-3.66,2.32,0
20:05:32,171.856,969119,969118,0,0,1,37.496497,126.958169,0.32,6.3,1,6.3,1,84.4,0,-53.81,23.18,62.54,0.9903,33.99,1.348,19,111028,0.561,1,6.3,"-4.60,3.56,22.44","-20.8,-16.1,56.7","0.900,21.000,31.950",13.23,20.66,0.00,0,9295,8126,8,1.06,37.496489,126.958177,928,3,3,0,21.05,0.00,999.00,115.9,0,40,0,1,-55,-56.9,8126,58,4,1.64,1,0,-3.66,2.32,0
20:05:33,172.111,969219,969218,0,0,1,37.496497,126.958169,0.32,6.3,1,6.3,1,78.4,0,-62.95,7.83,67.67,0.9903,33.99,1.348,19,111040,0.561,1,6.3,"0.04,-0.24,7.83","-14.5,-5.3,65.9","2.100,26.850,34.200",2.44,16.19,0.00,0,9296,8127,8,1.06,37.496489,126.958177,928,3,3,0,21.05,0.00,999.00,115.9,0,40,0,1,-52,-55.9,8127,55,4,1.49,1,0,-3.66,2.32,0
20:05:33,172.541,969519,969518,0,0,1,37.496497,126.958169,0.32,6.3,1,6.3,1,60.7,0,-37.38,17.51,117.32,0.9903,33.99,1.348,19,111076,0.561,1,6.3,"-7.61,3.78,15.31","68.3,-77.0,56.2","2.550,37.800,36.750",9.75,18.13,0.00,0,9299,8130,8,1.06,37.496489,126.958177,928,3,3,0,21.05,0.00,999.00,115.9,0,40,0,1,-56,-55.5,8130,40,4,1.44,1,0,-3.66,2.32,0
20:05:33,172.705,969927,969926,0,0,1,37.496479,126.958198,0.73,354.3,1,354.3,1,40.7,0,-36.72,1.26,42.99,0.9960,47.83,2.266,19,111123,1.147,1,332.2,"-1.16,0.23,0.44","-7.7,-14.8,39.6","3.300,49.200,38.250",9.02,13.21,0.00,0,9303,8134,9,0.94,37.496460,126.958225,929,3,3,0,16.85,-0.44,999.00,126.7,0,40,0,1,-50,-51.8,8134,22,4,1.01,1,0,-3.66,2.32,0
20:05:33,172.842,970028,970027,0,0,1,37.496479,126.958198,0.73,354.3,1,354.3,1,37.0,0,-34.00,11.99,38.84,0.9923,48.15,2.362,19,111135,1.147,1,332.2,"-0.38,2.06,11.80","2.3,13.9,36.2","5.400,51.750,36.900",2.96,10.68,0.00,0,9304,8135,9,0.94,37.496460,126.958225,929,3,3,0,16.85,-0.44,999.00,126.7,0,40,0,1,-55,-52.5,8135,19,4,1.07,1,0,-3.66,2.32,0
20:05:34,173.141,970240,970227,0,0,1,37.496479,126.958199,0.73,354.3,1,354.3,1,28.6,0,-40.25,9.17,49.01,0.9479,48.97,2.389,19,111159,1.147,1,332.2,"0.25,1.23,9.08","-14.4,23.8,40.3","2.100,55.650,36.150",1.53,9.40,0.00,0,9306,8137,9,0.94,37.496460,126.958225,929,3,3,0,16.63,-0.42,999.00,125.4,0,40,0,1,-55,-53.4,8137,20,4,1.17,1,0,-3.66,2.32,0
20:05:34,173.290,970572,970536,0,0,1,37.496479,126.958199,0.73,354.3,1,354.3,1,26.2,0,1.22,16.51,39.41,0.9532,48.81,2.508,19,111192,1.147,1,332.2,"-0.62,1.51,16.42","23.4,-31.7,-1.8","4.500,57.450,38.550",6.97,7.97,0.00,0,9309,8140,9,0.94,37.496460,126.958225,929,3,3,0,16.63,-0.42,999.00,125.4,0,40,0,1,-66,-58.9,8140,38,4,1.98,1,0,-3.66,2.32,0
20:05:34,173.361,970666,970665,0,0,1,37.496465,126.958221,0.64,335.1,1,335.1,1,26.3,0,0.00,17.20,27.45,0.9617,51.17,2.541,19,111203,0.556,1,299.3,"-1.24,0.30,17.15","13.5,-23.9,-0.2","2.400,58.350,39.450",7.66,9.02,0.00,0,9310,8141,9,0.94,37.496451,126.958242,930,3,3,0,13.85,-0.50,999.00,141.2,0,40,0,1,-74,-61.9,8141,25,4,2.64,1,0,-3.66,2.32,0
20:05:34,173.559,970766,970765,0,0,1,37.496465,126.958222,0.64,335.1,1,335.1,1,26.2,0,-6.90,7.70,92.96,-0.0564,52.87,2.563,19,111215,0.556,1,299.3,"2.09,4.92,5.54","-40.8,83.5,3.1","3.900,59.250,40.650",6.09,15.33,0.00,0,9311,8142,9,0.94,37.496451,126.958242,930,3,3,0,13.67,-0.49,999.00,139.6,0,40,0,1,-71,-63.7,8142,19,4,3.14,1,0,-3.66,2.32,0
20:05:34,173.775,970867,970867,0,0,1,37.496465,126.958222,0.64,335.1,1,335.1,1,26.4,0,0.54,18.61,58.75,0.9529,52.87,2.563,19,111227,0.556,1,299.3,"1.07,8.20,16.67","55.5,-18.8,-3.6","2.400,58.800,40.200",10.19,13.63,0.00,0,9312,8143,9,0.94,37.496451,126.958242,930,3,3,0,13.67,-0.49,999.00,139.6,0,40,0,1,-76,-66.2,8143,15,4,3.97,1,0,-3.66,2.32,0
20:05:34,173.946,971082,971069,0,0,1,37.496465,126.958223,0.64,335.1,1,335.1,1,26.5,0,0.00,6.75,21.67,0.9938,50.83,2.715,19,111250,0.556,1,299.3,"-2.05,1.09,6.34","-17.2,12.9,-2.1","0.450,62.400,38.400",4.07,11.65,0.00,0,9314,8145,9,0.94,37.496451,126.958242,930,3,3,0,13.67,-0.49,999.00,139.6,0,40,0,1,-63,-66.0,8145,18,4,3.90,1,0,-3.66,2.32,0
20:05:34,173.993,971279,971278,0,0,1,37.496465,126.958223,0.64,335.1,1,335.1,1,27.1,0,0.00,18.77,76.78,0.9954,49.10,2.792,19,111274,0.556,1,299.3,"5.43,5.45,17.12","-60.4,46.9,-6.5","0.750,61.800,35.550",10.05,11.48,0.00,0,9316,8145,9,0.94,37.496451,126.958242,930,3,3,0,13.67,-0.49,999.00,139.6,0,40,0,1,-63,-66.0,8145,215,4,3.90,1,0,-3.66,2.32,0
20:05:35,174.074,971379,971378,0,0,1,37.496465,126.958223,0.64,335.1,1,335.1,1,27.2,0,0.00,10.84,36.63,0.9657,49.10,2.792,19,111286,0.556,1,299.3,"-3.28,0.30,10.33","-35.1,10.3,-2.4","1.050,60.600,34.800",3.25,24.23,0.00,0,9317,8146,9,0.94,37.496451,126.958242,930,3,3,0,13.67,-0.49,999.00,139.6,0,40,0,1,-65,-65.8,8146,96,4,3.82,1,0,-3.66,2.32,0
20:05:35,174.379,971485,971484,0,0,1,37.496465,126.958223,0.64,335.1,1,335.1,1,27.3,0,0.00,13.36,10.25,0.9834,48.53,2.667,19,111299,0.556,1,299.3,"4.41,0.66,12.60","3.6,-9.6,-0.1","0.300,60.600,36.300",4.85,9.39,0.00,0,9318,8146,9,0.94,37.496451,126.958242,930,3,3,0,13.67,-0.49,999.00,139.6,0,40,0,1,-65,-65.8,8146,202,4,3.82,1,0,-3.66,2.32,0
20:05:35,174.572,971690,971689,0,0,1,37.496458,126.958232,0.40,335.1,1,335.1,1,27.3,0,0.00,16.87,39.61,-0.4270,49.66,2.563,19,111322,0.154,1,299.3,"0.34,3.94,16.40","36.2,-16.0,-0.8","-1.800,57.450,36.750",7.28,15.44,0.00,0,9320,8148,9,0.94,37.496443,126.958251,931,3,3,0,12.41,0.00,999.00,133.8,0,40,0,1,-74,-68.1,8148,100,4,4.77,1,0,-3.66,2.32,0
20:05:35,174.604,971798,971797,0,0,1,37.496458,126.958232,0.40,335.1,1,335.1,1,27.3,0,0.00,7.82,33.29,0.9822,51.50,2.616,19,111335,0.154,1,299.3,"-0.09,1.82,7.61","-31.5,10.3,-3.7","-0.150,59.250,39.450",2.50,26.13,0.00,0,9321,8148,9,0.94,37.496443,126.958251,931,3,3,0,12.41,0.00,999.00,133.8,0,40,0,1,-74,-68.1,8148,208,4,4.77,1,0,-3.66,2.32,0
20:05:35,174.891,972001,972000,0,0,1,37.496458,126.958232,0.40,335.1,1,335.1,1,27.3,0,0.00,21.97,50.21,0.9389,52.72,2.631,19,111359,0.154,1,299.3,"-1.62,6.45,20.94","-44.0,24.2,-1.0","-3.000,58.650,41.550",13.31,13.31,0.00,0,9323,8150,9,0.94,37.496443,126.958251,931,3,3,0,12.41,0.00,999.00,133.8,0,40,0,1,-62,-67.7,8150,87,4,4.57,1,0,-3.66,2.32,0
20:05:36,175.073,972202,972201,0,0,1,37.496458,126.958232,0.40,335.1,1,335.1,1,27.4,0,0.00,8.66,27.18,0.5681,52.78,2.636,19,111383,0.154,1,299.3,"1.90,-6.55,5.34","23.0,-14.4,-1.4","-5.700,58.200,40.800",8.87,12.56,0.00,0,9325,8152,9,0.94,37.496443,126.958251,931,3,3,0,12.41,0.00,999.00,133.8,0,40,0,1,-54,-63.1,8152,85,4,2.95,1,0,-3.66,2.32,0
20:05:36,175.097,972302,972301,0,0,1,37.496458,126.958232,0.40,335.1,1,335.1,1,26.2,0,-56.15,14.34,59.86,0.9084,51.94,2.618,19,111395,0.154,1,299.3,"4.76,4.37,12.80","-3.5,13.1,58.3","-7.500,57.750,41.550",7.17,23.86,0.00,0,9326,8153,9,0.94,37.496443,126.958251,931,3,3,0,12.41,0.00,999.00,133.8,0,40,0,1,-52,-60.9,8153,80,4,2.39,1,0,-3.66,2.32,0
20:05:36,175.098,972402,972401,0,0,1,37.496458,126.958232,0.40,335.1,1,335.1,1,19.5,0,-58.31,14.22,65.80,0.9084,51.94,2.618,19,111407,0.154,1,299.3,"2.38,3.03,13.69","-20.8,23.3,57.9","-9.450,60.150,40.050",4.63,21.96,0.00,0,9327,8154,9,0.94,37.496443,126.958251,931,3,3,0,11.64,0.00,999.00,132.9,0,40,0,1,-52,-59.1,8154,74,4,2.02,1,0,-3.66,2.32,0
20:05:36,175.157,972502,972501,0,0,1,37.496458,126.958232,0.40,335.1,1,335.1,1,18.2,0,8.00,8.00,22.82,0.9163,53.54,2.687,19,111419,0.154,1,299.3,"-3.06,2.04,7.11","-13.4,13.1,-13.1","-7.950,58.650,39.300",4.99,19.42,0.00,0,9328,8155,9,0.94,37.496443,126.958251,931,3,3,0,11.64,0.00,999.00,132.9,0,40,0,1,-52,-57.7,8155,61,4,1.76,1,0,-3.66,2.32,0
20:05:36,175.324,972602,972601,0,0,1,37.496445,126.958247,0.52,322.5,1,322.5,1,11.5,0,0.00,25.06,13.11,-0.3988,53.54,2.687,19,111428,0.633,1,299.3,"0.14,-15.32,-19.82","7.6,-10.5,2.0","-12.150,58.650,39.750",33.70,33.70,0.00,0,9329,8156,9,0.94,37.496432,126.958262,932,3,3,0,11.64,0.00,999.00,132.9,0,40,0,1,-53,-56.7,8156,64,4,1.61,1,0,-3.66,2.32,0
20:05:36,175.492,972703,972702,0,0,1,37.496445,126.958247,0.52,322.5,1,322.5,1,11.6,0,1.39,3.89,16.01,0.8210,53.54,2.687,19,111440,0.633,1,299.3,"-2.95,-0.57,2.46","13.3,7.8,-4.2","-12.900,58.200,40.800",7.65,11.92,0.00,0,9330,8157,9,0.94,37.496432,126.958262,932,3,3,0,10.00,-0.40,999.00,140.9,0,40,0,1,-54,-56.2,8157,59,4,1.53,1,0,-3.66,2.32,0
20:05:36,175.538,972804,972803,0,0,1,37.496445,126.958247,0.52,322.5,1,322.5,1,11.6,0,0.00,1.86,56.24,0.0313,53.54,2.687,19,111452,0.633,1,299.3,"0.13,-1.08,1.51","-34.3,44.5,-3.2","-13.350,57.000,40.800",8.22,16.86,0.00,0,9331,8158,9,0.94,37.496432,126.958262,932,3,3,0,10.00,-0.40,999.00,140.9,0,40,0,1,-56,-56.1,8158,54,4,1.53,1,0,-3.66,2.32,0
20:05:36,175.610,972905,972904,0,0,1,37.496445,126.958247,0.52,322.5,1,322.5,1,11.6,0,3.92,14.26,36.95,0.9236,51.84,2.675,19,111464,0.633,1,299.3,"0.47,2.51,14.03","-30.9,18.6,-8.0","-14.700,58.350,40.200",4.92,11.44,0.00,0,9332,8159,9,0.94,37.496432,126.958262,932,3,3,0,10.00,-0.40,999.00,140.9,0,40,0,1,-57,-56.3,8159,49,4,1.55,1,0,-3.66,2.32,0
20:05:36,175.693,973006,973005,0,0,1,37.496445,126.958247,0.52,322.5,1,322.5,1,11.5,0,-1.44,11.39,49.58,0.8789,51.84,2.675,19,111476,0.633,1,299.3,"-2.69,0.51,11.06","39.3,-30.0,3.3","-14.700,57.600,40.200",3.20,13.00,0.00,0,9333,8160,9,0.94,37.496432,126.958262,932,3,3,0,9.91,-0.39,999.00,138.5,0,40,0,1,-60,-57.1,8160,44,4,1.66,1,0,-3.66,2.32,0
20:05:36,175.974,973107,973106,0,0,1,37.496445,126.958247,0.52,322.5,1,322.5,1,13.0,0,48.51,5.45,56.87,0.9484,51.04,2.703,19,111488,0.633,1,299.3,"2.75,-2.83,3.76","22.0,-1.3,-52.4","-14.850,58.650,39.300",6.62,9.23,0.00,0,9334,8161,9,0.94,37.496432,126.958262,932,3,3,0,9.91,-0.39,999.00,138.5,0,40,0,1,-58,-57.2,8161,40,4,1.69,1,0,-3.66,2.32,0
20:05:37,176.127,973309,973308,0,0,1,37.496444,126.958247,0.52,322.5,1,322.5,1,20.2,0,0.00,11.38,19.28,0.9644,51.18,2.528,19,111512,0.633,1,299.3,"-3.06,2.12,10.76","-9.7,-16.6,1.1","-11.550,53.250,39.900",4.09,7.86,0.00,0,9336,8163,9,0.94,37.496432,126.958262,932,3,3,0,9.91,-0.39,999.00,138.5,0,40,0,1,-56,-57.0,8163,32,4,1.65,1,0,-3.66,2.32,0
20:05:37,176.153,973410,973409,0,0,1,37.496444,126.958247,0.52,322.5,1,322.5,1,20.2,0,0.00,8.61,41.47,0.9893,50.92,2.524,19,111524,0.633,1,299.3,"-1.58,0.06,8.46","-26.8,31.5,-3.0","-13.500,52.350,39.750",2.38,21.60,0.00,0,9337,8164,9,0.94,37.496432,126.958262,932,3,3,0,9.91,-0.39,999.00,138.5,0,40,0,1,-56,-56.8,8164,27,4,1.62,1,0,-3.66,2.32,0
20:05:37,176.206,973511,973510,0,0,1,37.496444,126.958247,0.52,322.5,1,322.5,1,20.3,0,-11.05,13.12,58.34,0.8392,49.59,2.536,19,111536,0.633,1,299.3,"-1.13,2.71,12.79","47.0,-31.3,14.5","-13.500,52.050,39.450",3.46,19.54,0.00,0,9338,8165,9,0.94,37.496432,126.958262,932,3,3,0,9.91,-0.39,999.00,138.5,0,40,0,1,-57,-56.8,8165,23,4,1.63,1,0,-3.66,2.32,0
20:05:37,176.395,973616,973615,0,0,1,37.496432,126.958259,0.72,304.3,1,304.3,1,11.3,0,0.00,8.71,11.52,0.9213,52.83,2.429,19,111547,0.931,1,270.5,"-2.04,-2.55,8.08","-10.8,-3.7,-1.6","-12.150,49.500,42.750",3.96,10.37,0.00,0,9339,8166,9,1.03,37.496420,126.958271,933,3,3,0,7.77,-0.65,999.00,153.5,0,40,0,1,-56,-56.6,8166,24,4,1.60,1,0,-3.66,2.32,0
20:05:37,176.626,973818,973817,0,0,1,37.496432,126.958259,0.72,304.3,1,304.3,1,11.5,0,3.13,11.76,14.72,0.9681,53.08,2.352,19,111571,0.931,1,270.5,"-2.63,2.61,11.17","1.6,13.0,-6.7","-11.550,47.700,42.450",3.48,16.57,0.00,0,9341,8168,9,1.03,37.496420,126.958271,933,3,3,0,7.73,-0.63,999.00,150.3,0,40,0,1,-56,-56.9,8168,13,4,1.64,1,0,-3.66,2.32,0
20:05:37,176.811,974032,974019,0,0,1,37.496431,126.958259,0.72,304.3,1,304.3,1,11.7,0,0.00,8.00,6.19,0.9732,53.87,2.477,19,111594,0.931,1,270.5,"0.18,-1.37,7.88","6.2,0.4,-0.0","-14.250,50.850,42.900",2.73,14.63,0.00,0,9343,8170,9,1.03,37.496420,126.958271,933,3,3,0,7.70,-0.61,999.00,147.2,0,40,0,1,-67,-58.9,8170,16,4,1.99,1,0,-3.66,2.32,0
20:05:37,176.858,974136,974123,0,0,1,37.496431,126.958259,0.72,304.3,1,304.3,1,12.0,0,0.00,14.40,32.90,0.8953,55.56,2.399,19,111605,0.931,1,270.5,"3.24,2.38,13.83","24.2,-22.3,0.4","-13.800,47.400,43.650",6.00,11.78,0.00,0,9344,8171,9,1.03,37.496420,126.958271,933,3,3,0,7.70,-0.61,999.00,147.2,0,40,0,1,-60,-59.1,8171,14,4,2.03,1,0,-3.66,2.32,0
20:05:38,177.074,974227,974226,0,0,1,37.496431,126.958259,0.72,304.3,1,304.3,1,12.2,0,0.00,6.36,71.94,0.9306,55.91,2.437,19,111616,0.931,1,270.5,"-3.99,-3.89,3.07","65.9,-28.5,3.7","-11.550,50.100,43.200",8.53,29.25,0.00,0,9345,8172,9,1.03,37.496420,126.958271,933,3,3,0,7.70,-0.61,999.00,147.2,0,40,0,1,-60,-59.3,8172,1,4,2.03,1,0,-3.66,2.32,0
20:05:38,177.224,974427,974426,0,0,1,37.496431,126.958258,0.72,304.3,1,304.3,1,12.5,0,0.54,8.53,4.72,0.8041,55.20,2.395,19,111640,0.931,1,270.5,"1.42,-4.41,7.15","2.4,0.1,-4.0","-10.950,49.200,44.550",5.64,17.10,0.00,0,9347,8173,9,1.03,37.496420,126.958271,933,3,3,0,7.70,-0.61,999.00,147.2,0,40,0,1,-63,-60.1,8173,96,4,2.21,1,0,-3.66,2.32,0
20:05:38,177.248,974534,974533,0,0,1,37.496431,126.958258,0.72,304.3,1,304.3,1,12.8,0,-0.08,6.37,59.78,0.8180,56.64,2.376,19,111653,0.931,1,270.5,"4.21,-0.38,4.76","55.3,-22.6,1.6","-11.400,47.550,46.800",6.45,20.57,0.00,0,9348,8174,9,1.03,37.496420,126.958271,933,3,3,0,7.70,-0.61,999.00,147.2,0,40,0,1,-61,-60.2,8174,96,4,2.25,1,0,-3.66,2.32,0
20:05:38,177.378,974634,974633,0,0,1,37.496421,126.958272,0.52,292.5,1,292.5,1,359.3,0,-71.58,2.72,90.39,0.8180,56.64,2.376,19,111662,0.314,1,270.5,"2.12,1.15,1.24","23.6,-45.7,74.3","-9.600,50.100,47.400",9.26,20.67,0.00,0,9349,8175,9,0.94,37.496413,126.958286,934,3,3,0,7.70,-0.61,999.00,147.2,0,40,0,1,-64,-61.0,8175,86,4,2.42,1,0,-3.66,2.32,0
20:05:38,177.489,974735,974734,0,0,1,37.496421,126.958272,0.52,292.5,1,292.5,1,356.3,0,0.00,12.42,34.53,0.9529,57.84,2.435,19,111674,0.314,1,270.5,"1.54,-2.55,12.06","24.8,24.0,-1.2","-10.050,49.800,48.450",3.61,20.15,0.00,0,9350,8176,9,0.94,37.496413,126.958286,934,3,3,0,5.68,-0.47,999.00,155.3,0,40,0,1,-57,-60.2,8176,87,4,2.24,1,0,-3.66,2.32,0
20:05:38,177.573,974835,974834,0,0,1,37.496421,126.958272,0.52,292.5,1,292.5,1,355.9,0,-5.36,10.92,20.05,0.9132,62.06,2.343,19,111686,0.314,1,270.5,"-3.95,-2.26,9.93","10.9,-14.6,8.4","-7.950,50.700,50.550",4.00,10.19,0.00,0,9351,8176,9,0.94,37.496413,126.958286,934,3,3,0,5.68,-0.47,999.00,155.3,0,40,0,1,-57,-60.2,8176,187,4,2.24,1,0,-3.66,2.32,0
20:05:38,177.645,974936,974935,0,0,1,37.496421,126.958272,0.52,292.5,1,292.5,1,355.5,0,-2.39,8.18,35.31,0.6238,63.17,2.425,19,111698,0.314,1,270.5,"-2.97,-5.52,5.25","25.0,-24.2,6.0","-9.450,50.700,55.500",7.37,14.33,0.00,0,9352,8177,9,0.94,37.496413,126.958286,934,3,3,0,5.68,-0.47,999.00,155.3,0,40,0,1,-54,-59.0,8177,70,4,1.99,1,0,-3.66,2.32,0
20:05:38,177.741,975037,975036,0,0,1,37.496420,126.958272,0.52,292.5,1,292.5,1,355.4,0,0.00,4.90,29.11,0.9690,70.64,2.475,19,111710,0.314,1,270.5,"-0.88,-1.12,4.69","-8.7,27.6,-3.0","-10.800,54.000,59.400",5.31,9.50,0.00,0,9353,8178,9,0.94,37.496413,126.958286,934,3,3,0,5.68,-0.47,999.00,155.3,0,40,0,1,-57,-58.6,8178,69,4,1.92,1,0,-3.66,2.32,0
20:05:38,177.840,975138,975137,0,0,1,37.496420,126.958272,0.52,292.5,1,292.5,1,354.1,0,-43.78,12.83,71.02,0.9021,71.05,2.498,19,111722,0.314,1,270.5,"3.21,5.35,11.21","6.2,53.0,46.9","-13.050,56.100,60.450",6.73,9.99,0.00,0,9354,8179,9,0.94,37.496413,126.958286,934,3,3,0,5.68,-0.47,999.00,155.3,0,40,0,1,-54,-57.7,8179,64,4,1.76,1,0,-3.66,2.32,0
20:05:38,177.990,975238,975237,2,0,1,37.496420,126.958272,0.52,292.5,1,292.5,1,352.0,0,0.00,17.82,42.56,0.9795,73.64,2.702,19,111734,0.314,1,270.5,"-0.66,0.30,17.80","-42.2,-0.3,-5.2","-14.250,59.550,61.650",7.49,12.75,0.00,0,9355,8180,9,0.94,37.496413,126.958286,934,3,3,0,5.68,-0.47,999.00,155.3,0,41,0,2,-58,-57.7,8180,52,4,1.77,1,0,-3.66,2.32,0
20:05:39,178.092,975338,975337,2,0,1,37.496420,126.958272,0.52,292.5,1,292.5,1,352.1,0,0.00,11.54,7.91,0.9889,72.86,2.755,19,111746,0.314,1,270.5,"0.22,2.11,11.34","6.9,-3.4,-1.8","-17.700,60.750,60.900",2.51,12.67,0.00,0,9356,8181,9,0.94,37.496413,126.958286,934,3,3,0,5.72,-0.45,999.00,151.1,0,41,0,2,-54,-57.0,8181,51,4,1.65,1,0,-3.66,2.32,0
20:05:39,178.174,975438,975437,2,0,1,37.496420,126.958272,0.52,292.5,1,292.5,1,352.2,0,3.23,7.19,51.08,0.9588,72.76,2.749,19,111758,0.314,1,270.5,"-5.66,1.00,4.32","47.0,19.5,-4.7","-22.650,62.400,57.900",7.29,16.55,0.00,0,9357,8182,9,0.94,37.496413,126.958286,934,3,3,0,5.78,-0.43,999.00,146.9,0,41,0,2,-50,-55.6,8182,51,4,1.45,1,0,-3.66,2.32,0
20:05:39,178.256,975545,975544,2,0,1,37.496420,126.958272,0.52,292.5,1,292.5,1,352.0,0,0.76,6.00,32.14,0.9736,72.25,2.983,19,111771,0.314,1,270.5,"0.63,-2.50,5.42","-12.1,29.3,-5.2","-27.450,59.400,58.050",5.02,10.36,0.00,0,9358,8183,9,0.94,37.496413,126.958286,934,3,3,0,5.78,-0.43,999.00,146.9,0,41,0,2,-50,-54.5,8183,55,4,1.30,1,0,-3.66,2.32,0
20:05:39,178.378,975649,975648,2,0,1,37.496420,126.958272,0.52,292.5,1,292.5,1,351.9,0,-1.61,7.14,27.15,0.9981,68.80,3.072,19,111782,0.314,1,270.5,"-0.05,0.69,7.10","-20.2,17.7,3.6","-20.550,69.600,55.800",2.29,12.46,0.00,0,9359,8184,9,0.94,37.496413,126.958286,934,3,3,0,5.72,-0.45,999.00,151.1,0,41,0,2,-48,-53.2,8184,53,4,1.15,1,0,-3.66,2.32,0
20:05:39,178.507,975750,975749,2,0,1,37.496420,126.958272,0.52,292.5,1,292.5,1,351.7,0,-5.77,7.65,63.57,0.9989,66.54,2.972,19,111794,0.314,1,270.5,"-4.08,-5.63,-3.18","53.5,-33.4,7.9","-25.650,61.950,54.900",14.44,17.74,0.00,0,9360,8185,9,0.94,37.496413,126.958286,934,3,3,0,5.72,-0.45,999.00,151.1,0,41,0,2,-47,-51.9,8185,47,4,1.02,1,0,-3.66,2.32,0
20:05:39,178.591,975851,975850,2,0,1,37.496420,126.958272,0.52,292.5,1,292.5,1,351.8,0,5.16,14.33,79.63,0.4320,66.54,2.972,19,111806,0.314,1,270.5,"-2.12,8.44,11.39","37.9,-69.8,-6.1","-19.650,73.350,52.200",8.63,16.70,0.00,0,9361,8186,9,0.94,37.496413,126.958286,934,3,3,0,5.05,-0.45,999.00,150.2,0,41,0,2,-50,-51.6,8186,41,4,0.99,1,0,-3.66,2.32,0
20:05:39,178.672,975952,975951,2,0,1,37.496420,126.958272,0.52,292.5,1,292.5,1,352.1,0,3.30,27.33,10.46,0.6615,66.54,2.972,19,111818,0.314,1,270.5,"8.81,13.98,21.77","7.4,-3.3,-6.6","-18.450,74.550,51.900",20.35,20.35,0.00,0,9362,8187,9,0.94,37.496413,126.958286,934,3,3,0,5.05,-0.45,999.00,150.2,0,41,0,2,-54,-52.0,8187,39,4,1.03,1,0,-3.66,2.32,0
20:05:39,178.757,976053,976052,2,0,1,37.496420,126.958272,0.52,292.5,1,292.5,1,352.1,0,0.00,18.25,27.52,0.9652,66.54,2.972,19,111830,0.314,1,270.5,"4.52,0.68,17.67","-10.2,-25.5,2.2","-19.050,76.650,48.300",8.80,14.83,0.00,0,9363,8188,9,0.94,37.496413,126.958286,934,3,3,0,5.05,-0.45,999.00,150.2,0,41,0,2,-55,-52.6,8188,36,4,1.09,1,0,-3.66,2.32,0
20:05:39,178.858,976154,976153,2,0,1,37.496420,126.958272,0.52,292.5,1,292.5,1,352.5,0,18.46,19.64,39.65,0.9671,63.71,3.294,19,111842,0.314,1,270.5,"-1.74,-1.46,19.51","-10.4,-31.5,-21.7","-21.450,72.600,48.450",9.86,15.31,0.00,0,9364,8189,9,0.94,37.496413,126.958286,934,3,3,0,5.05,-0.45,999.00,150.2,0,41,0,2,-53,-52.7,8189,32,4,1.10,1,0,-3.66,2.32,0
20:05:39,178.997,976255,976254,2,0,1,37.496420,126.958272,0.52,292.5,1,292.5,1,357.9,0,47.25,20.11,50.78,0.9671,63.71,3.294,19,111854,0.314,1,270.5,"-5.14,9.34,17.05","-0.1,-1.5,-50.8","-19.200,72.900,46.950",12.29,19.64,0.00,0,9365,8190,9,0.94,37.496413,126.958286,934,3,3,0,5.05,-0.45,999.00,150.2,0,41,0,2,-56,-53.4,8190,26,4,1.17,1,0,-3.66,2.32,0
20:05:40,179.140,976356,976355,2,0,1,37.496420,126.958272,0.52,292.5,1,292.5,1,1.3,0,0.00,13.69,31.73,0.9251,63.71,3.294,19,111866,0.314,1,270.5,"5.05,-0.85,12.69","-25.3,19.2,-0.5","-17.700,74.100,45.900",5.91,12.16,0.00,0,9366,8191,9,0.94,37.496413,126.958286,934,3,3,0,5.05,-0.45,999.00,150.2,0,41,0,2,-56,-53.9,8191,24,4,1.23,1,0,-3.66,2.32,0
20:05:40,179.241,976456,976455,2,0,1,37.496420,126.958272,0.52,292.5,1,292.5,1,1.5,0,1.52,7.98,26.66,0.9187,60.24,3.266,19,111878,0.314,1,270.5,"-2.83,2.27,7.11","-21.8,14.3,-5.6","-16.350,76.650,44.550",4.34,16.70,0.00,0,9367,8192,9,0.94,37.496413,126.958286,934,3,3,0,5.05,-0.45,999.00,150.2,0,41,0,2,-55,-54.1,8192,19,4,1.26,1,0,-3.66,2.32,0
20:05:40,179.324,976578,976554,2,0,1,37.496420,126.958272,0.52,292.5,1,292.5,1,1.8,0,0.00,3.21,20.55,0.9281,60.24,3.266,19,111890,0.314,1,270.5,"0.18,1.11,3.01","-8.8,-18.3,-2.9","-15.750,74.100,43.650",6.81,20.94,0.00,0,9368,8193,9,0.94,37.496413,126.958286,934,3,3,0,5.05,-0.45,999.00,150.2,0,41,0,2,-51,-53.5,8193,35,4,1.19,1,0,-3.66,2.32,0
20:05:40,179.407,976671,976670,2,0,1,37.496420,126.958272,0.52,2.1,1,292.5,1,2.1,0,2.12,16.45,30.59,0.6049,53.37,3.284,19,111901,0.314,1,270.5,"-5.09,7.31,13.83","-28.7,-9.3,-5.3","-13.800,78.150,39.150",9.98,10.67,0.00,0,9369,8194,9,0.94,37.496413,126.958286,934,3,3,0,4.34,0.05,999.00,85.0,0,41,0,2,-52,-53.2,8194,22,4,1.15,1,0,-3.66,2.32,0
20:05:40,179.476,976771,976770,2,0,1,37.496420,126.958272,0.52,2.3,1,292.5,1,2.3,0,0.00,7.71,5.56,0.9710,48.97,3.232,19,111913,0.314,1,270.5,"0.71,-1.14,7.59","-2.2,-5.0,0.7","-15.900,74.400,35.250",2.04,14.71,0.00,0,9370,8195,9,0.94,37.496413,126.958286,934,3,3,0,4.34,0.05,999.00,84.8,0,41,0,2,-52,-53.0,8195,16,4,1.13,1,0,-3.66,2.32,0
20:05:40,179.677,976879,976878,2,0,1,37.496420,126.958272,0.52,2.8,1,292.5,1,2.8,0,-0.27,9.35,60.62,0.9985,44.42,3.170,19,111926,0.314,1,270.5,"-3.22,-1.54,8.64","35.6,-49.0,2.7","-20.700,69.450,31.950",3.91,17.14,0.00,0,9371,8196,9,0.94,37.496413,126.958286,934,3,3,0,4.34,0.05,999.00,84.4,0,41,0,2,-49,-52.2,8196,18,4,1.05,1,0,-3.66,2.32,0
20:05:40,179.807,977090,977077,2,0,1,37.496420,126.958272,0.52,357.6,1,292.5,1,357.6,0,-23.74,29.81,56.09,-0.2950,44.42,3.170,19,111950,0.314,1,270.5,"3.12,9.70,28.01","40.4,-26.7,28.3","-18.300,68.400,22.050",21.48,22.71,0.00,0,9373,8198,9,0.94,37.496413,126.958286,934,3,3,0,4.38,0.05,999.00,84.0,0,41,0,2,-44,-49.5,8198,18,4,0.81,1,0,-3.66,2.32,0
20:05:40,179.892,977193,977180,2,0,1,37.496420,126.958272,0.52,357.5,1,292.5,1,357.5,0,0.00,8.84,22.83,0.9657,44.42,3.170,19,111961,0.314,1,270.5,"-0.35,-1.87,8.63","-22.2,-0.2,-5.3","-15.900,70.050,22.800",1.71,20.65,0.00,0,9374,8199,9,0.94,37.496413,126.958286,934,3,3,0,4.38,0.05,999.00,84.1,0,41,0,2,-48,-49.2,8199,16,4,0.80,1,0,-3.66,2.32,0
20:05:40,179.973,977296,977283,2,0,1,37.496420,126.958272,0.52,357.5,1,292.5,1,357.5,0,0.00,8.15,46.13,0.9991,35.22,3.055,19,111972,0.314,1,270.5,"-0.43,0.96,8.08","38.2,-25.9,0.6","-14.250,65.550,22.650",1.62,9.61,0.00,0,9375,8200,9,0.94,37.496413,126.958286,934,3,3,0,4.38,0.05,999.00,84.0,0,41,0,2,-52,-49.8,8200,14,4,0.83,1,0,-3.66,2.32,0
20:05:41,180.055,977387,977386,2,0,1,37.496420,126.958272,0.52,357.4,1,292.5,1,357.4,0,2.87,10.18,18.88,0.9543,33.30,2.957,19,111983,0.314,1,270.5,"-2.63,-1.63,9.70","14.7,-10.5,-5.6","-12.600,64.050,21.000",2.42,16.26,0.00,0,9376,8201,9,0.94,37.496413,126.958286,934,3,3,0,4.38,0.05,999.00,84.0,0,41,0,2,-53,-50.4,8201,0,4,0.83,1,0,-3.66,2.32,0
20:05:41,180.190,977488,977487,2,0,1,37.496420,126.958272,0.52,357.4,1,292.5,1,357.4,0,0.00,7.63,24.59,0.7476,34.25,2.838,19,111995,0.314,1,270.5,"1.05,-4.60,5.99","-2.4,24.3,-2.5","-10.650,61.350,22.500",5.82,8.41,0.00,0,9377,8201,9,0.94,37.496413,126.958286,934,3,3,0,4.38,0.05,999.00,84.1,0,41,0,2,-53,-50.4,8201,101,4,0.89,1,0,-3.66,2.32,0
20:05:41,180.307,977592,977591,2,0,0,0.000000,0.000000,0.00,0.0,0,292.5,1,357.5,0,-1.42,5.39,13.71,0.9189,32.88,2.852,19,112006,0.314,1,270.5,"-1.82,-0.31,5.06","-4.7,12.4,3.6","-7.500,59.400,22.800",4.53,13.76,0.00,0,9378,8202,9,0.94,37.496413,126.958286,934,3,3,0,4.38,0.05,999.00,84.1,0,41,0,2,-55,-51.3,8202,91,4,0.97,1,0,-3.66,2.32,0
20:05:41,180.378,977692,977691,2,0,0,0.000000,0.000000,0.00,0.0,0,292.5,1,357.5,0,0.44,2.24,34.12,0.9649,36.72,2.702,19,112018,0.314,1,270.5,"1.34,1.57,0.88","-27.9,18.7,-6.0","-9.300,55.650,24.900",9.05,10.46,0.00,0,9379,8203,9,0.94,37.496413,126.958286,934,3,3,0,-1.00,0.00,999.00,0.0,0,41,0,2,-54,-51.9,8203,87,4,1.02,1,0,-3.66,2.32,0
20:05:41,180.629,977799,977798,2,0,0,0.000000,0.000000,0.00,0.0,0,292.5,1,357.5,0,1.03,10.12,29.72,0.8623,36.72,2.702,19,112031,0.314,1,270.5,"0.22,-4.65,8.99","-9.6,27.7,-4.8","-10.950,51.900,28.050",4.66,11.30,0.00,0,9380,8204,9,0.94,37.496413,126.958286,934,3,3,0,-1.00,0.00,999.00,0.0,0,41,0,2,-53,-52.1,8204,94,4,1.04,1,0,-3.66,2.32,0
20:05:41,180.806,978013,978012,2,0,0,0.000000,0.000000,0.00,0.0,0,292.5,1,357.5,0,0.00,7.80,14.14,0.9760,42.63,2.620,19,112057,0.314,1,270.5,"-0.75,2.03,7.50","-8.4,11.2,-1.7","-8.100,56.400,30.900",2.92,10.36,0.00,0,9382,8206,9,0.94,37.496413,126.958286,934,3,3,0,-1.00,0.00,999.00,0.0,0,41,0,2,-55,-53.0,8206,98,4,1.13,1,0,-3.66,2.32,0
20:05:41,180.838,978119,978118,2,0,0,0.000000,0.000000,0.00,0.0,0,292.5,1,357.5,0,0.00,9.75,15.94,0.9498,42.67,2.693,19,112070,0.314,1,270.5,"0.63,-2.40,9.43","-11.8,10.7,0.7","-12.150,55.800,29.550",2.62,8.20,0.00,0,9383,8207,9,0.94,37.496413,126.958286,934,3,3,0,-1.00,0.00,999.00,0.0,0,41,0,2,-53,-53.0,8207,97,4,1.13,1,0,-3.66,2.32,0
20:05:41,180.909,978225,978224,2,0,0,0.000000,0.000000,0.00,0.0,0,292.5,1,357.7,0,-4.05,12.67,10.86,0.9462,40.17,2.775,19,112083,0.314,1,270.5,"-2.29,4.30,11.70","-8.5,1.5,6.5","-12.150,59.850,28.050",5.02,5.02,0.00,0,9384,8208,9,0.94,37.496413,126.958286,934,3,3,0,-1.00,0.00,999.00,0.0,0,41,0,2,-57,-53.8,8208,98,4,1.22,1,0,-3.66,2.32,0
20:05:41,181.009,978325,978324,2,0,0,0.000000,0.000000,0.00,0.0,0,292.5,1,357.6,0,0.00,7.63,19.40,0.9959,39.95,2.756,19,112095,0.314,1,270.5,"-0.81,-0.13,7.58","0.6,-19.2,2.8","-12.000,59.250,27.900",2.33,8.74,0.00,0,9385,8209,9,0.94,37.496413,126.958286,934,3,3,0,-1.00,0.00,999.00,0.0,0,41,0,2,-56,-54.2,8209,93,4,1.27,1,0,-3.66,2.32,0
20:05:42,181.107,978425,978424,2,0,0,0.000000,0.000000,0.00,0.0,0,292.5,1,357.6,0,6.32,16.01,19.42,0.9670,37.45,2.743,19,112107,0.314,1,270.5,"-2.77,0.17,15.77","3.9,-16.8,-8.9","-16.200,59.250,25.650",6.21,15.24,0.00,0,9386,8210,9,0.94,37.496413,126.958286,934,3,3,0,-1.00,0.00,999.00,0.0,0,41,0,2,-57,-54.8,8210,87,4,1.34,1,0,-3.66,2.32,0
20:05:42,181.192,978531,978530,2,0,0,0.000000,0.000000,0.00,0.0,0,292.5,1,1.9,0,38.57,14.57,45.97,0.8366,35.40,2.748,19,112120,0.314,1,270.5,"-0.33,0.85,14.54","16.1,10.2,-41.8","-12.000,56.400,22.950",4.53,6.57,0.00,0,9387,8211,9,0.94,37.496413,126.958286,934,3,3,0,-1.00,0.00,999.00,0.0,0,41,0,2,-58,-55.4,8211,85,4,1.43,1,0,-3.66,2.32,0
20:05:42,181.325,978634,978633,2,0,0,0.000000,0.000000,0.00,0.0,0,292.5,1,5.1,0,7.20,10.34,19.01,0.9690,34.11,2.589,19,112131,0.314,1,270.5,"-2.91,-0.20,9.92","10.0,-12.4,-10.4","-10.500,53.700,22.650",2.46,6.17,0.00,0,9388,8212,9,0.94,37.496413,126.958286,934,3,3,0,-1.00,0.00,999.00,0.0,0,41,0,2,-56,-55.5,8212,85,4,1.44,1,0,-3.66,2.32,0
20:05:42,181.524,978733,978732,2,0,0,0.000000,0.000000,0.00,0.0,0,292.5,1,5.2,0,1.81,7.45,16.15,0.9913,33.71,2.511,19,112143,0.314,1,270.5,"-1.07,-0.28,7.36","-11.4,9.8,-5.9","-9.450,51.450,22.500",2.60,6.80,0.00,0,9389,8213,9,0.94,37.496413,126.958286,934,3,3,0,-1.00,0.00,999.00,0.0,0,41,0,2,-60,-56.4,8213,79,4,1.57,1,0,-3.66,2.32,0
20:05:42,181.639,978942,978941,2,0,0,0.000000,0.000000,0.00,0.0,0,292.5,1,5.3,0,0.00,8.49,15.11,0.9990,34.06,2.461,19,112168,0.314,1,270.5,"-0.70,0.22,8.46","-9.5,11.1,-3.7","-7.350,50.550,22.950",1.14,5.30,0.00,0,9391,8215,9,0.94,37.496413,126.958286,934,3,3,0,-1.00,0.00,999.00,0.0,0,41,0,2,-60,-57.9,8215,69,4,1.80,1,0,-3.66,2.32,0
20:05:42,181.723,979042,979041,2,0,0,0.000000,0.000000,0.00,0.0,0,292.5,1,5.3,0,0.00,10.65,10.44,0.9941,34.77,2.427,19,112180,0.314,1,270.5,"0.01,-0.51,10.64","5.2,9.1,0.2","-5.400,50.100,23.700",1.22,3.84,0.00,0,9392,8216,9,0.94,37.496413,126.958286,934,3,3,0,-1.00,0.00,999.00,0.0,0,41,0,2,-57,-57.7,8216,71,4,1.77,1,0,-3.66,2.32,0
20:05:42,181.857,979150,979149,2,0,0,0.000000,0.000000,0.00,0.0,0,292.5,1,5.5,0,0.00,11.77,24.66,0.9988,35.06,2.413,19,112193,0.314,1,270.5,"-0.25,0.08,11.77","-14.4,19.6,-3.9","-4.500,49.950,24.000",2.00,4.62,0.00,0,9393,8216,9,0.94,37.496413,126.958286,934,3,3,0,-1.00,0.00,999.00,0.0,0,41,0,2,-57,-57.7,8216,179,4,1.77,1,0,-3.66,2.32,0
20:05:43,182.161,979258,979257,2,0,0,0.000000,0.000000,0.00,0.0,0,292.5,1,5.9,0,0.00,9.23,12.97,0.9913,34.47,2.382,19,112206,0.314,1,270.5,"0.11,-0.64,9.21","-3.1,12.1,-3.6","-4.950,48.750,23.550",1.32,12.80,0.00,0,9394,8217,9,0.94,37.496413,126.958286,934,3,3,0,-1.00,0.00,999.00,0.0,0,41,0,2,-62,-58.6,8217,78,4,1.92,1,0,-3.66,2.32,0
20:05:43,182.237,979471,979470,2,0,0,0.000000,0.000000,0.00,0.0,0,292.5,1,6.3,0,1.61,8.36,18.57,0.9495,37.24,2.389,19,112232,0.314,1,270.5,"1.71,2.00,7.93","-6.0,16.5,-5.9","-4.200,49.500,26.250",3.07,6.22,0.00,0,9396,8219,9,0.94,37.496413,126.958286,934,3,3,0,-1.00,0.00,999.00,0.0,0,41,0,2,-55,-57.8,8219,76,4,1.78,1,0,-3.66,2.32,0
20:05:43,182.307,979585,979561,2,0,0,0.000000,0.000000,0.00,0.0,0,292.5,1,6.4,0,0.00,13.59,10.59,0.9954,35.27,2.393,19,112243,0.314,1,270.5,"-0.36,1.53,13.50","6.4,-8.4,-1.2","-4.950,49.200,24.300",3.61,3.61,0.00,0,9397,8220,9,0.94,37.496413,126.958286,934,3,3,0,-1.00,0.00,999.00,0.0,0,41,0,2,-57,-57.6,8220,89,4,1.75,1,0,-3.66,2.32,0
20:05:43,182.389,979677,979676,2,0,0,0.000000,0.000000,0.00,0.0,0,292.5,1,6.7,0,2.88,15.65,17.21,0.9817,37.75,2.420,19,112254,0.314,1,270.5,"1.50,0.25,15.57","15.5,3.8,-6.4","-5.100,51.750,24.450",5.68,8.85,0.00,0,9398,8221,9,0.94,37.496413,126.958286,934,3,3,0,-1.00,0.00,999.00,0.0,0,41,0,2,-57,-57.5,8221,76,4,1.73,1,0,-3.66,2.32,0
20:05:43,182.656,979785,979784,2,0,0,0.000000,0.000000,0.00,0.0,0,292.5,1,6.9,0,0.00,14.16,42.65,0.8229,34.36,2.436,19,112267,0.314,1,270.5,"-0.90,1.50,14.05","35.4,-23.7,-2.4","-5.400,49.350,22.650",4.51,11.88,0.00,0,9399,8222,9,0.94,37.496413,126.958286,934,3,3,0,-1.00,0.00,999.00,0.0,0,41,0,2,-58,-57.6,8222,78,4,1.75,1,0,-3.66,2.32,0
20:05:43,182.807,979992,979991,2,0,0,0.000000,0.000000,0.00,0.0,0,292.5,1,7.0,0,0.00,11.05,7.24,0.9911,34.26,2.408,19,112292,0.314,1,270.5,"0.25,-0.72,11.03","-6.6,-3.1,-0.2","-5.250,49.500,23.250",1.58,5.50,0.00,0,9401,8224,9,0.94,37.496413,126.958286,934,3,3,0,-1.00,0.00,999.00,0.0,0,41,0,2,-54,-56.8,8224,75,4,1.62,1,0,-3.66,2.32,0
20:05:43,182.892,980099,980098,2,0,0,0.000000,0.000000,0.00,0.0,0,292.5,1,7.2,0,2.67,12.25,22.89,0.9613,34.64,2.381,19,112305,0.314,1,270.5,"-1.34,-2.69,11.87","-21.6,0.9,-7.6","-3.000,49.950,23.250",3.44,11.53,0.00,0,9402,8225,9,0.94,37.496413,126.958286,934,3,3,0,-1.00,0.00,999.00,0.0,0,41,0,2,-54,-56.2,8225,75,4,1.54,1,0,-3.66,2.32,0
20:05:43,182.991,980206,980205,2,0,0,0.000000,0.000000,0.00,0.0,0,292.5,1,7.3,0,0.00,7.69,12.11,0.9796,32.46,2.328,19,112318,0.314,1,270.5,"-1.71,-0.35,7.49","-0.4,-11.8,-2.6","-4.950,46.800,21.750",2.87,7.95,0.00,0,9403,8226,9,0.94,37.496413,126.958286,934,3,3,0,-1.00,0.00,999.00,0.0,0,41,0,2,-54,-55.8,8226,79,4,1.47,1,0,-3.66,2.32,0
20:05:43,183.025,980313,980312,2,0,0,0.000000,0.000000,0.00,0.0,0,292.5,1,7.3,0,0.00,8.89,11.17,0.9906,34.31,2.369,19,112331,0.314,1,270.5,"-0.03,-0.72,8.86","-10.3,3.3,-2.9","-3.900,48.600,23.400",1.62,3.02,0.00,0,9404,8227,9,0.94,37.496413,126.958286,934,3,3,0,-1.00,0.00,999.00,0.0,0,41,0,2,-56,-55.8,8227,81,4,1.48,1,0,-3.66,2.32,0
20:05:44,183.094,980420,980419,2,0,0,0.000000,0.000000,0.00,0.0,0,292.5,1,7.4,0,0.00,8.82,6.89,0.9973,32.99,2.324,19,112344,0.314,1,270.5,"-0.96,0.11,8.77","-4.6,-5.1,-0.8","-2.400,47.400,22.200",1.27,3.48,0.00,0,9405,8228,9,0.94,37.496413,126.958286,934,3,3,0,-1.00,0.00,999.00,0.0,0,41,0,2,-57,-56.1,8228,80,4,1.51,1,0,-3.66,2.32,0
20:05:44,183.190,980519,980518,2,0,0,0.000000,0.000000,0.00,0.0,0,292.5,1,7.4,0,0.00,11.61,10.77,0.9982,31.33,2.326,19,112356,0.314,1,270.5,"0.16,0.72,11.58","3.3,9.9,2.4","-2.550,47.250,20.550",1.94,2.44,0.00,0,9406,8229,9,0.94,37.496413,126.958286,934,3,3,0,-1.00,0.00,999.00,0.0,0,41,0,2,-54,-55.6,8229,77,4,1.46,1,0,-3.66,2.32,0
20:05:44,183.396,980622,980621,0,0,0,0.000000,0.000000,0.00,0.0,0,292.5,1,7.4,0,0.00,9.79,6.91,0.9988,32.77,2.263,19,112367,0.206,1,270.5,"-0.86,0.26,9.74","-4.6,5.0,1.0","-2.400,45.450,22.200",0.37,2.72,0.00,0,9407,8230,4,4.40,37.496390,126.958271,934,3,4,0,-1.00,0.00,999.00,0.0,0,41,0,2,-57,-55.9,8230,74,4,1.49,1,0,-3.66,2.32,0
20:05:44,183.557,980729,980728,0,0,0,0.000000,0.000000,0.00,0.0,0,292.5,1,7.4,0,0.00,9.83,5.82,0.9987,32.60,2.307,19,112380,0.206,1,270.5,"-0.32,0.00,9.83","2.0,-5.4,0.7","-3.150,46.650,21.900",0.25,0.78,0.00,0,9408,8231,4,4.40,37.496390,126.958271,934,3,4,0,-1.00,0.00,999.00,0.0,0,41,0,2,-60,-56.7,8231,73,4,1.61,1,0,-3.66,2.32,0
20:05:44,183.581,980836,980835,0,0,0,0.000000,0.000000,0.00,0.0,0,292.5,1,7.4,0,0.00,9.92,3.11,0.9984,31.30,2.288,19,112393,0.206,1,270.5,"-0.86,0.11,9.88","2.7,-0.2,-1.6","-3.600,45.750,20.700",0.31,0.87,0.00,0,9409,8231,4,4.40,37.496390,126.958271,934,3,4,0,-1.00,0.00,999.00,0.0,0,41,0,2,-60,-56.7,8231,180,4,1.61,1,0,-3.66,2.32,0
20:05:44,183.693,980943,980942,0,0,0,0.000000,0.000000,0.00,0.0,0,292.5,1,7.4,0,0.00,9.72,2.40,0.9989,32.20,2.307,19,112406,0.206,1,270.5,"-0.05,0.26,9.72","0.4,-1.2,-2.0","-1.650,46.950,21.450",0.64,0.69,0.00,0,9410,8232,4,4.40,37.496390,126.958271,934,3,4,0,-1.00,0.00,999.00,0.0,0,41,0,2,-66,-58.6,8232,77,4,1.93,1,0,-3.66,2.32,0
20:05:44,183.812,981050,981049,0,0,0,0.000000,0.000000,0.00,0.0,0,292.5,1,7.4,0,0.00,11.59,22.89,0.9973,30.20,2.240,19,112419,0.206,1,270.5,"0.24,0.93,11.55","18.4,-13.5,-2.2","0.150,45.000,19.650",2.10,4.09,0.00,0,9411,8233,4,4.40,37.496390,126.958271,934,3,4,0,-1.00,0.00,999.00,0.0,0,41,0,2,-60,-58.9,8233,78,4,1.98,1,0,-3.66,2.32,0
20:05:44,183.907,981157,981156,0,0,0,0.000000,0.000000,0.00,0.0,0,292.5,1,7.4,0,0.00,10.33,6.87,0.9996,30.88,2.184,19,112432,0.206,1,270.5,"-0.18,0.57,10.31","3.6,-5.7,-1.4","-0.300,43.200,20.550",0.63,3.67,0.00,0,9412,8234,4,4.40,37.496390,126.958271,934,3,4,0,-1.00,0.00,999.00,0.0,0,41,0,2,-61,-59.3,8234,80,4,2.06,1,0,-3.66,2.32,0
20:05:44,183.989,981263,981262,0,0,0,0.000000,0.000000,0.00,0.0,0,292.5,1,7.4,0,4.14,9.77,9.37,0.9956,31.25,2.275,19,112445,0.206,1,270.5,"-0.21,1.36,9.67","5.1,-2.2,-7.5","0.750,46.350,20.550",0.89,1.93,0.00,0,9413,8235,4,4.40,37.496390,126.958271,934,3,4,0,-1.00,0.00,999.00,0.0,0,41,0,2,-68,-61.0,8235,81,4,2.43,1,0,-3.66,2.32,0
20:05:45,184.073,981369,981368,0,0,0,0.000000,0.000000,0.00,0.0,0,292.5,1,8.3,0,4.23,9.73,9.16,0.9673,31.72,2.220,19,112458,0.206,1,270.5,"2.00,0.03,9.52","3.4,2.9,-8.0","-1.800,44.100,21.300",1.92,2.52,0.00,0,9414,8235,4,4.40,37.496390,126.958271,934,3,4,0,-1.00,0.00,999.00,0.0,0,41,0,2,-68,-61.0,8235,187,4,2.43,1,0,-3.66,2.32,0
20:05:45,184.156,981475,981474,0,0,0,0.000000,0.000000,0.00,0.0,0,292.5,1,9.7,0,20.41,12.20,24.36,0.9901,32.38,2.170,19,112471,0.206,1,270.5,"1.15,0.79,12.12","-3.3,-5.2,-23.6","1.050,43.200,22.050",2.57,2.99,0.00,0,9415,8236,4,4.40,37.496390,126.958271,934,3,4,0,-1.00,0.00,999.00,0.0,0,41,0,2,-63,-61.4,8236,83,4,2.52,1,0,-3.66,2.32,0
20:05:45,184.359,981589,981565,0,0,0,0.000000,0.000000,0.00,0.0,0,292.5,1,11.0,0,18.34,9.78,22.13,0.9965,32.81,2.092,19,112482,0.206,1,270.5,"-0.27,-0.31,9.77","-2.7,1.5,-21.9","-0.300,40.500,22.800",1.03,2.72,0.00,0,9416,8237,4,4.40,37.496390,126.958271,934,3,4,0,-1.00,0.00,999.00,0.0,0,41,0,2,-58,-60.7,8237,92,4,2.36,1,0,-3.66,2.32,0
20:05:45,184.491,981784,981783,1,0,1,37.496372,126.958301,0.03,0.0,0,292.5,1,15.0,0,23.45,4.72,27.31,0.9884,33.05,2.003,19,112505,0.057,1,270.5,"-1.65,-3.73,2.39","-1.3,2.7,-27.2","-1.200,37.500,23.400",8.54,8.54,0.00,0,9418,8239,9,0.94,37.496372,126.958301,935,3,4,0,4.48,0.00,999.00,-4.9,0,42,0,1,-62,-63.0,8239,75,4,2.92,1,0,-3.66,2.32,0
20:05:45,184.624,981885,981884,1,0,1,37.496372,126.958301,0.03,0.0,0,292.5,1,17.3,0,26.57,8.85,30.78,0.9800,31.74,1.953,19,112517,0.057,1,270.5,"-1.71,-0.74,8.65","2.1,4.4,-30.4","1.200,36.300,22.200",2.43,8.40,0.00,0,9419,8240,9,0.94,37.496372,126.958301,935,3,4,0,4.48,0.00,999.00,-4.9,0,42,0,1,-56,-61.6,8240,71,4,2.56,1,0,-3.66,2.32,0
20:05:45,184.740,981986,981985,1,0,1,37.496372,126.958301,0.03,0.0,0,292.5,1,19.6,0,27.16,11.41,40.13,0.9672,31.22,1.674,19,112529,0.057,1,270.5,"-1.18,3.36,10.84","9.2,-25.5,-29.6","-4.650,25.650,22.950",3.39,3.79,0.00,0,9420,8241,9,0.94,37.496372,126.958301,935,3,4,0,4.48,0.00,999.00,-4.9,0,42,0,1,-60,-61.3,8241,66,4,2.48,1,0,-3.66,2.32,0
20:05:45,184.824,982087,982086,1,0,1,37.496372,126.958301,0.03,0.0,0,292.5,1,22.6,0,26.79,8.56,34.01,0.9652,32.29,1.921,19,112541,0.057,1,270.5,"-0.18,2.64,8.15","-9.9,10.5,-30.8","-5.100,24.600,25.950",2.56,9.83,0.00,0,9421,8242,9,0.94,37.496372,126.958301,935,3,4,0,4.48,0.00,999.00,-4.9,0,42,0,1,-54,-59.8,8242,44,4,2.16,1,0,-3.66,2.32,0
20:05:45,184.906,982194,982193,1,0,1,37.496372,126.958301,0.03,0.0,0,292.5,1,25.5,0,32.10,12.56,41.40,0.8916,30.69,1.578,19,112554,0.057,1,270.5,"-1.89,6.06,10.84","-18.9,-12.6,-34.6","-4.950,22.350,22.800",6.20,6.31,0.00,0,9422,8243,9,0.94,37.496372,126.958301,935,3,4,0,4.48,0.00,999.00,-4.9,0,42,0,1,-61,-60.0,8243,59,4,2.21,1,0,-3.66,2.32,0
20:05:46,185.074,982301,982300,1,0,1,37.496372,126.958301,0.03,0.0,0,292.5,1,28.5,0,37.36,18.14,47.66,0.8981,32.91,1.535,19,112567,0.057,1,270.5,"-4.99,0.62,17.43","21.4,9.2,-41.6","-6.600,18.600,26.700",9.69,9.69,0.00,0,9423,8244,9,0.94,37.496372,126.958301,935,3,4,0,4.48,0.00,999.00,-4.9,0,42,0,1,-59,-59.8,8244,65,4,2.17,1,0,-3.66,2.32,0
20:05:46,185.207,982401,982400,1,0,1,37.496372,126.958301,0.03,0.0,0,292.5,1,31.2,0,10.38,8.10,17.68,0.8591,33.04,1.632,19,112579,0.057,1,270.5,"-1.68,-3.57,7.07","1.5,-10.7,-14.0","-4.350,25.650,26.700",4.35,7.58,0.00,0,9424,8245,9,0.94,37.496372,126.958301,935,3,4,0,4.48,0.00,999.00,-4.9,0,42,0,1,-58,-59.5,8245,58,4,2.09,1,0,-3.66,2.32,0
20:05:46,185.240,982502,982501,1,0,1,37.496372,126.958301,0.03,0.0,0,292.5,1,31.6,0,0.00,8.36,16.93,0.9421,32.99,1.614,19,112591,0.057,1,270.5,"-2.15,-1.77,7.88","-10.6,13.1,-2.0","-3.900,24.150,24.900",2.53,4.48,0.00,0,9425,8246,9,0.94,37.496372,126.958301,935,3,4,0,4.48,0.00,999.00,-4.9,0,42,0,1,-67,-61.0,8246,49,4,2.42,1,0,-3.66,2.32,0
20:05:46,185.306,982607,982606,1,0,1,37.496372,126.958301,0.03,0.0,0,292.5,1,31.7,0,0.00,11.06,11.62,0.9954,33.50,1.566,19,112602,0.057,1,270.5,"-0.98,-0.40,11.01","8.3,-8.0,1.5","-5.100,22.200,25.650",1.42,3.64,0.00,0,9426,8247,9,0.94,37.496372,126.958301,935,3,4,0,4.58,0.00,999.00,-13.4,0,42,0,1,-57,-60.2,8247,50,4,2.24,1,0,-3.66,2.32,0
20:05:46,185.440,982708,982707,1,0,1,37.496372,126.958301,0.03,0.0,0,292.5,1,31.7,0,-2.14,11.01,17.17,0.9889,30.53,1.455,19,112614,0.057,1,270.5,"-1.63,-0.64,10.87","-12.5,11.1,3.9","-7.200,17.250,23.250",1.49,5.85,0.00,0,9427,8248,9,0.94,37.496372,126.958301,935,3,4,0,4.17,0.00,999.00,-14.7,0,42,0,1,-56,-59.3,8248,50,4,2.07,1,0,-3.66,2.32,0
20:05:46,185.559,982815,982814,0,0,1,37.496372,126.958301,0.03,0.0,0,292.5,1,31.8,0,2.68,11.84,9.51,0.9886,32.40,1.482,19,112627,0.057,1,270.5,"-2.28,0.92,11.58","4.0,-6.1,-6.1","-7.950,18.000,25.050",2.56,12.05,0.00,0,9428,8248,9,0.94,37.496372,126.958301,935,3,4,0,4.17,0.00,999.00,-14.7,0,42,0,1,-56,-59.3,8248,157,4,2.07,1,0,-3.66,2.32,0
20:05:46,185.640,982922,982921,0,0,1,37.496372,126.958301,0.03,0.0,0,292.5,1,32.5,0,3.89,10.88,14.25,0.9983,31.73,1.461,19,112640,0.057,1,270.5,"-0.54,1.16,10.81","5.8,-10.7,-7.4","-5.250,18.450,24.300",1.91,5.41,0.00,0,9429,8248,9,0.94,37.496372,126.958301,935,3,4,0,4.17,0.00,999.00,-14.7,0,42,0,1,-56,-59.3,8248,264,4,2.07,1,0,-3.66,2.32,0
20:05:46,185.722,983022,983021,0,0,1,37.496372,126.958301,0.03,0.0,0,292.5,1,33.5,0,12.25,8.60,21.21,0.9485,33.32,1.583,19,112652,0.057,1,270.5,"-2.77,-0.88,8.09","-6.8,-10.7,-17.0","-9.300,19.050,24.150",2.44,3.82,0.00,0,9430,8249,9,0.94,37.496372,126.958301,935,3,4,0,4.17,0.00,999.00,-14.7,0,42,0,1,-63,-60.1,8249,46,4,2.22,1,0,-3.66,2.32,0
20:05:46,185.866,983123,983122,0,0,1,37.496372,126.958301,0.03,0.0,0,292.5,1,34.7,0,19.42,20.53,27.72,0.8707,33.85,1.636,19,112664,0.057,1,270.5,"-3.21,4.73,19.72","-7.4,-11.5,-24.1","-9.450,18.450,26.250",11.22,11.22,0.00,0,9431,8250,9,0.94,37.496372,126.958301,935,3,4,0,4.17,0.00,999.00,-14.7,0,42,0,1,-58,-59.7,8250,43,4,2.13,1,0,-3.66,2.32,0
20:05:46,185.960,983223,983222,0,0,1,37.496372,126.958301,0.03,0.0,0,292.5,1,36.6,0,17.18,5.05,31.36,0.9800,30.81,1.556,19,112676,0.057,1,270.5,"1.67,2.22,4.22","19.2,-15.4,-19.4","-10.200,19.200,24.000",6.66,10.25,0.00,0,9432,8251,9,0.94,37.496372,126.958301,935,3,4,0,4.17,0.00,999.00,-14.7,0,42,0,1,-59,-59.5,8251,38,4,2.11,1,0,-3.66,2.32,0
20:05:47,186.425,983323,983322,0,0,1,37.496372,126.958301,0.03,0.0,0,292.5,1,38.5,0,22.27,10.99,26.67,0.9759,30.90,1.565,19,112688,0.057,1,270.5,"1.79,-0.21,10.84","8.6,-1.4,-25.2","-10.500,19.350,23.400",2.98,6.27,0.00,0,9433,8252,9,0.94,37.496372,126.958301,935,3,4,0,4.17,0.00,999.00,-14.7,0,42,0,1,-56,-58.8,8252,33,4,1.97,1,0,-3.66,2.32,0
20:05:47,186.657,983828,983827,0,0,1,37.496372,126.958301,0.03,0.0,0,292.5,1,51.8,0,-0.63,10.21,21.07,0.9252,32.03,1.617,19,112747,0.057,1,270.5,"-2.72,-2.66,9.48","-6.1,20.0,2.5","-14.250,18.300,24.900",3.15,5.97,0.00,0,9438,8257,9,0.94,37.496372,126.958301,935,3,4,0,4.39,0.00,999.00,-23.2,0,42,0,1,-53,-57.2,8257,10,4,1.69,1,0,-3.66,2.32,0
20:05:47,186.689,983939,983926,0,0,1,37.496372,126.958301,0.03,0.0,0,292.5,1,51.3,0,-0.66,7.75,10.85,0.9941,30.83,1.556,19,112759,0.057,1,270.5,"-0.67,1.15,7.63","-10.2,2.8,2.5","-8.700,19.950,23.250",2.22,10.01,0.00,0,9439,8258,9,0.94,37.496372,126.958301,935,3,4,0,4.39,0.00,999.00,-23.2,0,42,0,1,-56,-57.0,8258,15,4,1.65,1,0,-3.66,2.32,0
20:05:47,186.756,984030,984029,0,0,1,37.496372,126.958301,0.03,0.0,0,292.5,1,51.2,0,0.00,11.05,19.83,0.9715,31.70,1.576,19,112770,0.057,1,270.5,"1.04,2.65,10.67","7.3,-18.4,1.7","-10.500,19.800,24.150",2.28,5.22,0.00,0,9440,8259,9,0.94,37.496372,126.958301,935,3,4,0,4.39,0.00,999.00,-23.2,0,42,0,1,-55,-56.6,8259,0,4,1.65,1,0,-3.66,2.32,0
20:05:47,186.960,984131,984130,0,0,1,37.496372,126.958301,0.03,0.0,0,292.5,1,51.2,0,0.00,9.73,6.56,0.9497,31.25,1.635,19,112782,0.057,1,270.5,"1.94,2.38,9.23","2.5,-5.4,2.8","-10.050,21.000,24.450",2.07,3.44,0.00,0,9441,8259,9,0.94,37.496372,126.958301,935,3,4,0,4.39,0.00,999.00,-23.2,0,42,0,1,-55,-56.6,8259,101,4,1.59,1,0,-3.66,2.32,0
20:05:48,187.226,984332,984331,0,0,1,37.496372,126.958301,0.03,0.0,0,292.5,1,51.2,0,-0.97,7.17,34.79,0.9880,32.90,1.541,19,112806,0.057,1,270.5,"0.34,1.24,7.05","32.0,-12.9,4.3","-12.750,17.400,25.650",2.59,10.94,0.00,0,9443,8261,9,0.94,37.496372,126.958301,935,3,4,0,4.39,0.00,999.00,-23.2,0,42,0,1,-61,-57.8,8261,92,4,1.79,1,0,-3.66,2.32,0
20:05:48,187.376,984639,984638,0,0,0,0.000000,0.000000,0.00,0.0,0,292.5,1,51.2,0,0.00,9.88,19.31,0.9993,31.96,1.532,19,112841,0.057,1,270.5,"-0.74,0.72,9.83","17.6,-7.8,0.2","-8.550,19.350,24.450",0.98,2.46,0.00,0,9446,8264,9,0.94,37.496372,126.958301,935,3,4,0,4.39,0.00,999.00,-23.2,0,42,0,1,-59,-57.7,8264,83,4,1.76,1,0,-3.66,2.32,0
20:05:48,187.591,984746,984745,0,0,0,0.000000,0.000000,0.00,0.0,0,292.5,1,51.2,0,0.00,10.60,6.26,0.9996,30.46,1.553,19,112854,0.057,1,270.5,"-0.18,0.50,10.58","5.1,-3.1,2.0","-9.600,19.350,22.950",1.01,3.17,0.00,0,9447,8265,9,0.94,37.496372,126.958301,935,3,4,0,-1.00,0.00,999.00,0.0,0,42,0,1,-56,-57.3,8265,84,4,1.71,1,0,-3.66,2.32,0
20:05:48,187.741,984952,984951,0,0,0,0.000000,0.000000,0.00,0.0,0,292.5,1,51.3,0,5.73,10.46,9.36,0.9959,31.61,1.547,19,112879,0.057,1,270.5,"0.11,1.26,10.39","1.0,-0.0,-9.3","-10.050,19.050,24.150",0.65,4.73,0.00,0,9449,8267,9,0.94,37.496372,126.958301,935,3,4,0,-1.00,0.00,999.00,0.0,0,42,0,1,-53,-57.5,8267,79,4,1.74,1,0,-3.66,2.32,0
20:05:48,187.825,985060,985059,0,0,0,0.000000,0.000000,0.00,0.0,0,292.5,1,51.5,0,1.25,3.59,26.17,0.9959,33.82,1.562,19,112892,0.057,1,270.5,"-0.97,-0.89,3.34","-20.3,15.4,-6.1","-11.550,18.600,24.150",6.77,6.77,0.00,0,9450,8268,9,0.94,37.496372,126.958301,935,3,4,0,-1.00,0.00,999.00,0.0,0,42,0,1,-52,-56.4,8268,81,4,1.57,1,0,-3.66,2.32,0
20:05:48,187.897,985159,985158,0,0,0,0.000000,0.000000,0.00,0.0,0,292.5,1,51.6,0,0.96,12.57,29.91,0.9927,30.98,1.587,19,112904,0.057,1,270.5,"-0.65,2.13,12.37","6.8,-29.0,-2.4","-12.600,18.900,23.550",3.04,7.95,0.00,0,9451,8269,9,0.94,37.496372,126.958301,935,3,4,0,-1.00,0.00,999.00,0.0,0,42,0,1,-65,-58.1,8269,76,4,1.85,1,0,-3.66,2.32,0
20:05:48,187.989,985259,985258,0,0,0,0.000000,0.000000,0.00,0.0,0,292.5,1,51.5,0,4.10,11.77,10.46,0.9737,31.59,1.551,19,112916,0.057,1,270.5,"-1.54,-1.91,11.51","-6.9,0.9,-7.8","-12.600,17.700,24.300",3.24,5.72,0.00,0,9452,8270,9,0.94,37.496372,126.958301,935,3,4,0,-1.00,0.00,999.00,0.0,0,42,0,1,-65,-59.5,8270,71,4,2.10,1,0,-3.66,2.32,0
20:05:49,188.074,985367,985366,0,0,0,0.000000,0.000000,0.00,0.0,0,292.5,1,51.8,0,0.57,8.72,6.23,0.9867,32.32,1.575,19,112929,0.057,1,270.5,"0.21,-0.85,8.67","0.6,4.5,-4.2","-14.100,17.700,25.050",1.64,2.66,0.00,0,9453,8271,9,0.94,37.496372,126.958301,935,3,4,0,-1.00,0.00,999.00,0.0,0,42,0,1,-55,-58.6,8271,74,4,1.93,1,0,-3.66,2.32,0
20:05:49,188.207,985475,985474,0,0,0,0.000000,0.000000,0.00,0.0,0,292.5,1,51.9,0,0.62,11.36,11.73,0.9752,32.34,1.586,19,112942,0.057,1,270.5,"-1.92,-1.53,11.09","-10.6,-1.1,-4.9","-16.200,16.650,25.200",2.44,8.07,0.00,0,9454,8272,9,0.94,37.496372,126.958301,935,3,4,0,-1.00,0.00,999.00,0.0,0,42,0,1,-59,-58.7,8272,77,4,1.94,1,0,-3.66,2.32,0
20:05:49,188.324,985606,985582,0,0,0,0.000000,0.000000,0.00,0.0,0,292.5,1,51.9,0,0.00,8.40,22.17,0.9965,30.43,1.556,19,112955,0.057,1,270.5,"0.05,-0.14,8.39","-21.0,7.1,0.5","-14.100,16.800,23.250",1.52,4.88,0.00,0,9455,8273,9,0.94,37.496372,126.958301,935,3,4,0,-1.00,0.00,999.00,0.0,0,42,0,1,-58,-58.6,8273,102,4,1.92,1,0,-3.66,2.32,0
20:05:49,188.406,985698,985697,0,0,0,0.000000,0.000000,0.00,0.0,0,292.5,1,51.9,0,0.00,9.79,6.42,0.9983,32.86,1.525,19,112966,0.057,1,270.5,"0.12,0.45,9.78","5.9,-2.2,-1.3","-12.300,17.100,25.650",1.05,3.60,0.00,0,9456,8274,9,0.94,37.496372,126.958301,935,3,4,0,-1.00,0.00,999.00,0.0,0,42,0,1,-51,-57.0,8274,81,4,1.66,1,0,-3.66,2.32,0
20:05:49,188.490,985797,985796,0,0,0,0.000000,0.000000,0.00,0.0,0,292.5,1,51.9,0,0.18,9.70,3.90,0.9995,31.81,1.501,19,112978,0.057,1,270.5,"-0.14,0.57,9.68","0.9,-0.9,-3.7","-12.900,15.750,24.750",0.79,0.91,0.00,0,9457,8275,9,0.94,37.496372,126.958301,935,3,4,0,-1.00,0.00,999.00,0.0,0,42,0,1,-58,-57.2,8275,81,4,1.69,1,0,-3.66,2.32,0
20:05:49,188.572,985897,985896,0,0,0,0.000000,0.000000,0.00,0.0,0,292.5,1,51.9,0,0.00,9.72,4.46,0.9996,33.10,1.525,19,112990,0.057,1,270.5,"-0.16,0.49,9.71","0.7,3.0,-3.2","-13.050,16.650,25.950",0.60,0.66,0.00,0,9458,8276,9,0.94,37.496372,126.958301,935,3,4,0,-1.00,0.00,999.00,0.0,0,42,0,1,-60,-57.8,8276,76,4,1.78,1,0,-3.66,2.32,0
20:05:49,188.712,986004,986003,0,0,0,0.000000,0.000000,0.00,0.0,0,292.5,1,51.9,0,0.00,9.79,3.19,0.9995,32.66,1.529,19,113003,0.057,1,270.5,"-0.14,0.39,9.78","2.6,-1.5,1.0","-15.000,15.450,25.650",0.46,0.46,0.00,0,9459,8277,9,0.94,37.496372,126.958301,935,3,4,0,-1.00,0.00,999.00,0.0,0,42,0,1,-58,-57.8,8277,77,4,1.79,1,0,-3.66,2.32,0
20:05:49,188.806,986103,986102,0,0,0,0.000000,0.000000,0.00,0.0,0,292.5,1,51.9,0,0.00,9.60,4.05,0.9998,29.94,1.523,19,113015,0.057,1,270.5,"-0.34,0.28,9.59","-1.9,-1.1,-3.4","-14.700,15.150,22.950",0.21,0.44,0.00,0,9460,8278,9,0.94,37.496372,126.958301,935,3,4,0,-1.00,0.00,999.00,0.0,0,42,0,1,-54,-57.1,8278,71,4,1.67,1,0,-3.66,2.32,0
20:05:49,188.907,986203,986202,0,0,0,0.000000,0.000000,0.00,0.0,0,292.5,1,51.9,0,0.00,9.73,1.26,0.9998,31.15,1.537,19,113027,0.072,1,270.5,"-0.31,0.35,9.72","0.4,-0.8,0.9","-13.650,16.500,24.000",0.20,0.33,0.00,0,9461,8279,0,99.99,37.496404,126.958173,935,3,5,0,-1.00,0.00,999.00,0.0,0,42,0,1,-52,-56.1,8279,67,4,1.51,1,0,-3.66,2.32,0
20:05:49,188.991,986303,986302,0,0,0,0.000000,0.000000,0.00,0.0,0,292.5,1,51.9,0,0.00,9.77,2.28,0.9993,31.29,1.565,19,113039,0.072,1,270.5,"-0.14,0.31,9.76","2.0,0.2,1.1","-13.350,17.700,24.000",0.26,0.32,0.00,0,9462,8280,0,99.99,37.496404,126.958173,935,3,5,0,-1.00,0.00,999.00,0.0,0,42,0,1,-52,-55.2,8280,61,4,1.40,1,0,-3.66,2.32,0
20:05:50,189.140,986403,986402,0,0,0,0.000000,0.000000,0.00,0.0,0,292.5,1,51.9,0,0.00,9.77,2.71,0.9996,31.28,1.578,19,113051,0.072,1,270.5,"-0.31,0.24,9.76","0.7,1.8,-1.9","-14.100,17.700,24.000",0.06,0.23,0.00,0,9463,8281,0,99.99,37.496404,126.958173,935,3,5,0,-1.00,0.00,999.00,0.0,0,42,0,1,-51,-54.4,8281,57,4,1.29,1,0,-3.66,2.32,0
20:05:50,189.276,986503,986502,0,0,0,0.000000,0.000000,0.00,0.0,0,292.5,1,51.9,0,0.00,9.70,4.96,0.9999,32.49,1.568,19,113063,0.072,1,270.5,"-0.34,0.37,9.69","4.4,-2.1,-0.7","-13.500,17.850,25.200",0.13,0.26,0.00,0,9464,8282,0,99.99,37.496404,126.958173,935,3,5,0,-1.00,0.00,999.00,0.0,0,42,0,1,-48,-53.1,8282,50,4,1.14,1,0,-3.66,2.32,0
20:05:50,189.307,986608,986607,0,0,0,0.000000,0.000000,0.00,0.0,0,292.5,1,51.9,0,0.00,9.70,1.24,0.9995,32.19,1.582,19,113074,0.072,1,270.5,"-0.33,0.20,9.70","0.7,0.8,0.6","-14.250,17.850,24.900",0.05,0.22,0.00,0,9465,8283,0,99.99,37.496404,126.958173,935,3,5,0,-1.00,0.00,999.00,0.0,0,42,0,1,-50,-52.5,8283,47,4,1.08,1,0,-3.66,2.32,0
20:05:50,189.373,986707,986706,0,0,1,37.496343,126.958237,0.03,0.0,0,292.5,1,51.9,0,0.00,9.73,2.00,0.9995,33.76,1.572,19,113086,0.051,1,270.5,"-0.18,0.34,9.73","-0.8,-1.6,-0.9","-14.850,17.250,26.550",0.15,0.17,0.00,0,9466,8284,9,0.94,37.496343,126.958237,936,3,5,0,-1.00,0.00,999.00,0.0,0,42,0,1,-51,-52.2,8284,44,4,1.05,1,0,-3.66,2.32,0
20:05:50,189.508,986808,986807,0,0,1,37.496343,126.958237,0.03,0.0,0,292.5,1,51.9,0,0.00,9.69,2.21,0.9996,31.44,1.545,19,113098,0.051,1,270.5,"-0.27,0.28,9.68","-1.9,-0.6,-0.9","-14.100,16.500,24.300",0.04,0.22,0.00,0,9467,8285,9,0.94,37.496343,126.958237,936,3,5,0,7.53,0.00,999.00,29.1,0,42,0,1,-51,-52.0,8285,37,4,1.02,1,0,-3.66,2.32,0
20:05:50,189.672,986909,986908,0,0,1,37.496343,126.958237,0.03,0.0,0,292.5,1,51.8,0,0.00,9.56,0.92,0.9996,31.38,1.552,19,113110,0.051,1,270.5,"-0.19,0.34,9.55","0.4,0.6,0.6","-15.150,16.050,24.300",0.20,0.20,0.00,0,9468,8286,9,0.94,37.496343,126.958237,936,3,5,0,7.53,0.00,999.00,29.1,0,42,0,1,-52,-52.0,8286,35,4,1.03,1,0,-3.66,2.32,0
20:05:50,189.773,987010,987009,0,0,1,37.496343,126.958236,0.03,0.0,0,292.5,1,51.8,0,0.00,9.86,2.40,0.9996,31.93,1.530,19,113122,0.051,1,270.5,"-0.23,0.30,9.85","1.8,-0.5,1.5","-12.900,16.800,24.750",0.14,0.19,0.00,0,9469,8287,9,0.94,37.496343,126.958237,936,3,5,0,7.53,0.00,999.00,29.1,0,42,0,1,-55,-52.6,8287,31,4,1.09,1,0,-3.66,2.32,0
20:05:50,189.844,987111,987110,0,0,1,37.496343,126.958236,0.03,0.0,0,292.5,1,51.8,0,0.00,9.71,3.05,0.9995,30.92,1.600,19,113134,0.051,1,270.5,"-0.23,0.26,9.71","1.7,-2.1,-1.4","-14.100,18.450,23.550",0.05,0.17,0.00,0,9470,8288,9,0.94,37.496343,126.958237,936,3,5,0,7.53,0.00,999.00,29.1,0,42,0,1,-58,-53.7,8288,26,4,1.20,1,0,-3.66,2.32,0
20:05:50,189.939,987212,987211,0,0,1,37.496343,126.958236,0.03,0.0,0,292.5,1,51.8,0,0.00,9.81,2.36,0.9999,31.67,1.598,19,113146,0.051,1,270.5,"-0.33,0.41,9.80","0.1,1.1,2.1","-14.100,18.450,24.300",0.15,0.22,0.00,0,9471,8289,9,0.94,37.496343,126.958237,936,3,5,0,7.53,0.00,999.00,29.1,0,42,0,1,-52,-53.3,8289,23,4,1.17,1,0,-3.66,2.32,0
20:05:50,190.022,987311,987310,0,0,1,37.496343,126.958236,0.03,0.0,0,292.5,1,51.8,0,0.00,9.74,1.75,0.9988,30.92,1.544,19,113158,0.051,1,270.5,"-0.24,0.04,9.74","0.1,1.4,-1.0","-13.050,17.100,23.700",0.25,0.27,0.00,0,9472,8290,9,0.94,37.496343,126.958237,936,3,5,0,7.53,0.00,999.00,29.1,0,42,0,1,-56,-53.9,8290,17,4,1.23,1,0,-3.66,2.32,0
20:05:51,190.161,987412,987411,0,0,1,37.496343,126.958236,0.03,0.0,0,292.5,1,51.8,0,0.00,9.79,3.63,0.9996,31.69,1.571,19,113170,0.051,1,270.5,"-0.28,0.28,9.78","2.9,-0.1,-2.2","-14.250,17.400,24.450",0.07,0.28,0.00,0,9473,8291,9,0.94,37.496343,126.958237,936,3,5,0,7.53,0.00,999.00,29.1,0,42,0,1,-62,-55.5,8291,12,4,1.43,1,0,-3.66,2.32,0
20:05:51,190.256,987523,987510,0,0,1,37.496343,126.958236,0.03,0.0,0,292.5,1,51.8,0,0.00,9.73,2.25,0.9995,31.31,1.600,19,113182,0.051,1,270.5,"-0.20,0.32,9.72","0.2,0.4,-2.2","-14.850,18.000,24.000",0.07,0.16,0.00,0,9474,8292,9,0.94,37.496343,126.958237,936,3,5,0,7.53,0.00,999.00,29.1,0,42,0,1,-76,-59.6,8292,18,4,2.12,1,0,-3.66,2.32,0
20:05:51,190.345,987630,987617,0,0,1,37.496340,126.958240,0.04,0.0,0,292.5,1,51.8,0,0.00,9.70,1.62,0.9997,32.21,1.596,19,113192,0.051,1,270.5,"-0.32,0.26,9.69","-1.1,0.4,1.1","-12.900,19.200,24.750",0.07,0.17,0.00,0,9475,8293,9,0.94,37.496334,126.958248,937,3,5,0,7.16,0.00,999.00,30.7,0,42,0,1,-60,-59.7,8293,19,4,2.14,1,0,-3.66,2.32,0
20:05:51,190.440,987733,987720,0,0,1,37.496340,126.958240,0.04,0.0,0,292.5,1,51.8,0,0.00,9.66,1.92,0.9995,31.40,1.564,19,113203,0.051,1,270.5,"-0.23,0.27,9.66","1.2,-1.4,-0.6","-13.800,17.400,24.150",0.08,0.25,0.00,0,9476,8294,9,0.94,37.496334,126.958248,937,3,5,0,7.16,0.00,999.00,30.7,0,42,0,1,-62,-60.1,8294,16,4,2.23,1,0,-3.66,2.32,0
20:05:51,190.522,987836,987823,0,0,1,37.496340,126.958240,0.04,0.0,0,292.5,1,51.8,0,-0.38,9.72,3.39,0.9999,31.46,1.599,19,113214,0.051,1,270.5,"-0.37,0.34,9.71","0.1,-1.7,2.9","-12.900,19.200,24.000",0.11,0.15,0.00,0,9477,8295,9,0.94,37.496334,126.958248,937,3,5,0,7.16,0.00,999.00,30.7,0,42,0,1,-55,-59.1,8295,13,4,2.02,1,0,-3.66,2.32,0
20:05:51,190.658,987940,987927,0,0,1,37.496340,126.958240,0.04,0.0,0,292.5,1,51.8,0,0.00,9.85,0.72,0.9992,32.49,1.581,19,113225,0.051,1,270.5,"-0.16,0.23,9.85","-0.4,0.5,0.3","-14.250,17.850,25.200",0.18,0.18,0.00,0,9478,8296,9,0.94,37.496334,126.958248,937,3,5,0,7.16,0.00,999.00,30.7,0,42,0,1,-60,-59.3,8296,14,4,2.06,1,0,-3.66,2.32,0
20:05:51,190.775,988031,988030,0,0,1,37.496340,126.958240,0.04,0.0,0,292.5,1,51.8,0,0.00,9.79,2.33,0.9994,30.87,1.540,19,113236,0.051,1,270.5,"-0.33,0.16,9.78","-0.4,1.2,-2.0","-13.500,16.650,23.700",0.16,0.16,0.00,0,9479,8296,9,0.94,37.496334,126.958248,937,3,5,0,7.16,0.00,999.00,30.7,0,42,0,1,-60,-59.3,8296,105,4,2.06,1,0,-3.66,2.32,0
20:05:51,190.856,988132,988131,0,0,1,37.496340,126.958240,0.04,0.0,0,292.5,1,51.8,0,0.00,9.78,3.47,0.9994,32.23,1.475,19,113248,0.051,1,270.5,"-0.15,0.31,9.77","-1.7,2.8,-1.2","-12.000,15.450,25.200",0.13,0.23,0.00,0,9480,8297,9,0.94,37.496334,126.958248,937,3,5,0,7.16,0.00,999.00,30.7,0,42,0,1,-59,-59.2,8297,100,4,2.05,1,0,-3.66,2.32,0
20:05:51,190.940,988239,988238,0,0,1,37.496340,126.958240,0.04,0.0,0,292.5,1,51.8,0,0.00,9.71,3.18,0.9998,31.44,1.558,19,113261,0.051,1,270.5,"-0.40,0.28,9.70","2.6,0.9,1.6","-14.850,16.500,24.300",0.14,0.18,0.00,0,9481,8297,9,0.94,37.496334,126.958248,937,3,5,0,7.16,0.00,999.00,30.7,0,42,0,1,-59,-59.2,8297,207,4,2.05,1,0,-3.66,2.32,0
20:05:51,191.022,988339,988338,0,0,1,37.496340,126.958240,0.04,0.0,0,292.5,1,51.8,0,0.00,9.75,2.55,0.9994,30.40,1.548,19,113273,0.051,1,270.5,"-0.20,0.26,9.74","0.5,-2.2,-1.1","-14.100,16.500,23.250",0.08,0.24,0.00,0,9482,8298,9,0.94,37.496334,126.958248,937,3,5,0,7.16,0.00,999.00,30.7,0,42,0,1,-64,-60.2,8298,97,4,2.24,1,0,-3.66,2.32,0
20:05:52,191.107,988439,988438,0,0,1,37.496340,126.958240,0.04,0.0,0,292.5,1,51.8,0,0.00,9.68,4.89,0.9997,33.98,1.585,19,113285,0.051,1,270.5,"-0.26,0.34,9.67","-2.2,2.5,-3.6","-14.700,17.850,26.700",0.07,0.13,0.00,0,9483,8299,9,0.94,37.496334,126.958248,937,3,5,0,7.16,0.00,999.00,30.7,0,42,0,1,-60,-60.1,8299,92,4,2.23,1,0,-3.66,2.32,0
20:05:52,191.259,988539,988538,0,0,1,37.496340,126.958240,0.04,0.0,0,292.5,1,51.8,0,0.00,9.69,3.30,0.9999,31.47,1.527,19,113297,0.051,1,270.5,"-0.38,0.34,9.67","-1.0,3.1,-0.5","-14.700,15.450,24.450",0.13,0.15,0.00,0,9484,8300,9,0.94,37.496334,126.958248,937,3,5,0,7.16,0.00,999.00,30.7,0,42,0,1,-57,-59.5,8300,87,4,2.10,1,0,-3.66,2.32,0
20:05:52,191.408,988644,988643,0,0,1,37.496337,126.958243,0.05,0.0,0,292.5,1,51.8,0,0.00,9.63,2.53,0.9996,32.59,1.501,19,113308,0.062,1,270.5,"-0.29,0.24,9.62","0.4,2.5,-0.5","-12.600,16.050,25.500",0.12,0.21,0.00,0,9485,8301,9,0.94,37.496328,126.958252,938,3,5,0,7.16,0.00,999.00,30.7,0,42,0,1,-56,-58.8,8301,87,4,1.97,1,0,-3.66,2.32,0
20:05:52,191.505,988745,988744,0,0,1,37.496337,126.958243,0.05,0.0,0,292.5,1,51.8,0,0.00,9.73,3.59,0.9996,32.14,1.570,19,113320,0.062,1,270.5,"-0.22,0.30,9.73","-0.3,3.4,-1.2","-14.250,17.400,24.900",0.04,0.17,0.00,0,9486,8302,9,0.94,37.496328,126.958252,938,3,5,0,7.22,0.00,999.00,24.4,0,42,0,1,-58,-58.7,8302,82,4,1.94,1,0,-3.66,2.32,0
20:05:52,191.579,988846,988845,0,0,1,37.496337,126.958243,0.05,0.0,0,292.5,1,51.8,0,0.00,9.69,3.51,0.9994,32.06,1.590,19,113332,0.062,1,270.5,"-0.20,0.27,9.68","0.1,-1.1,-3.3","-14.400,18.000,24.750",0.08,0.22,0.00,0,9487,8303,9,0.94,37.496328,126.958252,938,3,5,0,7.22,0.00,999.00,24.4,0,42,0,1,-69,-60.7,8303,77,4,2.36,1,0,-3.66,2.32,0
20:05:52,191.673,988947,988946,0,0,1,37.496337,126.958243,0.05,0.0,0,292.5,1,51.8,0,0.00,9.54,0.94,0.9995,31.28,1.570,19,113344,0.062,1,270.5,"-0.22,0.28,9.53","0.6,-0.7,-0.2","-13.650,17.700,24.000",0.19,0.25,0.00,0,9488,8304,9,0.94,37.496328,126.958252,938,3,5,0,7.22,0.00,999.00,24.4,0,42,0,1,-61,-60.8,8304,73,4,2.37,1,0,-3.66,2.32,0
20:05:52,191.757,989048,989047,0,0,1,37.496337,126.958243,0.05,0.0,0,292.5,1,51.8,0,0.00,9.72,3.51,0.9995,31.36,1.510,19,113356,0.062,1,270.5,"-0.32,0.19,9.71","2.9,-0.1,1.9","-13.350,15.750,24.300",0.12,0.14,0.00,0,9489,8305,9,0.94,37.496328,126.958252,938,3,5,0,7.22,0.00,999.00,24.4,0,42,0,1,-59,-60.4,8305,69,4,2.29,1,0,-3.66,2.32,0
20:05:52,191.889,989148,989147,0,0,1,37.496337,126.958243,0.05,0.0,0,292.5,1,51.8,0,0.00,9.70,2.86,0.9996,32.93,1.497,19,113368,0.062,1,270.5,"-0.20,0.34,9.70","-0.3,-1.0,-2.6","-13.800,15.150,25.950",0.07,0.20,0.00,0,9490,8306,9,0.94,37.496328,126.958252,938,3,5,0,7.22,0.00,999.00,24.4,0,42,0,1,-63,-60.9,8306,63,4,2.41,1,0,-3.66,2.32,0
20:05:52,192.006,989248,989247,0,0,1,37.496337,126.958243,0.05,0.0,0,292.5,1,51.8,0,0.00,9.71,3.30,0.9995,32.98,1.521,19,113380,0.062,1,270.5,"-0.25,0.24,9.70","1.4,-2.8,1.1","-12.600,16.800,25.800",0.06,0.16,0.00,0,9491,8307,9,0.94,37.496328,126.958252,938,3,5,0,7.22,0.00,999.00,24.4,0,42,0,1,-63,-61.3,8307,60,4,2.50,1,0,-3.66,2.32,0
20:05:53,192.091,989348,989347,0,0,1,37.496337,126.958243,0.05,0.0,0,292.5,1,51.8,0,0.00,9.75,1.06,0.9995,30.43,1.513,19,113392,0.062,1,270.5,"-0.28,0.22,9.74","0.3,-1.0,-0.1","-13.800,15.450,23.400",0.09,0.16,0.00,0,9492,8308,9,0.94,37.496328,126.958252,938,3,5,0,7.22,0.00,999.00,24.4,0,42,0,1,-65,-62.1,8308,45,4,2.68,1,0,-3.66,2.32,0
20:05:53,192.172,989455,989454,0,0,1,37.496337,126.958243,0.05,0.0,0,292.5,1,51.8,0,0.00,9.75,2.32,0.9996,32.30,1.528,19,113405,0.062,1,270.5,"-0.26,0.28,9.74","2.1,-0.9,-0.3","-13.800,16.200,25.200",0.03,0.18,0.00,0,9493,8309,9,0.94,37.496328,126.958252,938,3,5,0,7.22,0.00,999.00,24.4,0,42,0,1,-58,-61.3,8309,56,4,2.48,1,0,-3.66,2.32,0
20:05:53,192.257,989555,989554,0,0,1,37.496337,126.958243,0.05,0.0,0,292.5,1,51.8,0,0.00,9.76,1.51,0.9997,32.35,1.597,19,113417,0.062,1,270.5,"-0.20,0.40,9.75","0.3,0.7,-1.3","-14.850,18.000,25.050",0.12,0.22,0.00,0,9494,8310,9,0.94,37.496328,126.958252,938,3,5,0,7.22,0.00,999.00,24.4,0,42,0,1,-55,-60.0,8310,50,4,2.21,1,0,-3.66,2.32,0
20:05:53,192.327,989660,989659,0,0,1,37.496332,126.958246,0.09,0.0,0,292.5,1,51.8,0,0.00,9.65,3.11,0.9997,30.91,1.565,19,113428,0.129,1,270.5,"-0.36,0.26,9.64","0.4,1.9,-2.5","-14.250,17.100,23.700",0.14,0.19,0.00,0,9495,8311,9,0.94,37.496321,126.958252,939,3,5,0,8.28,0.00,999.00,26.2,0,42,0,1,-56,-59.2,8311,50,4,2.04,1,0,-3.66,2.32,0
20:05:53,192.422,989761,989760,0,0,1,37.496332,126.958246,0.09,0.0,0,292.5,1,51.8,0,0.00,9.79,3.43,0.9996,31.88,1.500,19,113440,0.129,1,270.5,"-0.23,0.32,9.78","1.4,-2.1,2.3","-13.800,15.150,24.900",0.08,0.15,0.00,0,9496,8312,9,0.94,37.496321,126.958252,939,3,5,0,8.28,0.00,999.00,26.2,0,42,0,1,-57,-58.8,8312,45,4,1.96,1,0,-3.66,2.32,0
20:05:53,192.566,989862,989861,0,0,1,37.496332,126.958246,0.09,0.0,0,292.5,1,51.8,0,0.00,9.62,3.06,0.9996,32.26,1.537,19,113452,0.129,1,270.5,"-0.24,0.31,9.61","2.6,-0.6,1.6","-14.700,15.900,25.200",0.10,0.14,0.00,0,9497,8313,9,0.94,37.496321,126.958252,939,3,5,0,8.00,0.00,999.00,21.9,0,42,0,1,-64,-59.8,8313,40,4,2.16,1,0,-3.66,2.32,0
20:05:53,192.672,989963,989962,0,0,1,37.496332,126.958246,0.09,0.0,0,292.5,1,51.8,0,0.00,9.72,2.59,0.9997,31.00,1.578,19,113464,0.129,1,270.5,"-0.30,0.31,9.71","-1.5,-0.5,2.0","-13.800,17.850,23.700",0.06,0.21,0.00,0,9498,8314,9,0.94,37.496321,126.958252,939,3,5,0,8.40,0.00,999.00,20.8,0,42,0,1,-64,-60.7,8314,35,4,2.34,1,0,-3.66,2.32,0
20:05:53,192.793,990064,990063,0,0,1,37.496332,126.958246,0.09,0.0,0,292.5,1,51.8,0,0.00,9.65,2.36,0.9994,31.70,1.558,19,113476,0.129,1,270.5,"-0.17,0.28,9.64","2.0,-1.0,-0.8","-13.500,17.400,24.450",0.11,0.18,0.00,0,9499,8315,9,0.94,37.496321,126.958252,939,3,5,0,8.40,0.00,999.00,20.8,0,42,0,1,-56,-59.7,8315,30,4,2.15,1,0,-3.66,2.32,0
20:05:53,192.909,990164,990163,0,0,1,37.496332,126.958246,0.09,0.0,0,292.5,1,51.8,0,0.00,9.64,1.87,0.9995,31.55,1.553,19,113488,0.129,1,270.5,"-0.24,0.23,9.64","-1.3,0.7,1.1","-15.000,16.200,24.450",0.09,0.19,0.00,0,9500,8316,9,0.94,37.496321,126.958252,939,3,5,0,8.40,0.00,999.00,20.8,0,42,0,1,-68,-61.4,8316,25,4,2.51,1,0,-3.66,2.32,0
20:05:53,193.005,990264,990263,0,0,1,37.496332,126.958246,0.09,0.0,0,292.5,1,51.8,0,0.00,9.76,2.91,0.9997,31.52,1.579,19,113500,0.129,1,270.5,"-0.24,0.33,9.75","0.9,2.7,0.6","-14.850,17.250,24.300",0.06,0.16,0.00,0,9501,8317,9,0.94,37.496321,126.958252,939,3,5,0,8.40,0.00,999.00,20.8,0,42,0,1,-62,-61.5,8317,21,4,2.54,1,0,-3.66,2.32,0
20:05:54,193.089,990363,990362,0,0,1,37.496332,126.958246,0.09,0.0,0,292.5,1,51.8,0,0.00,9.73,1.07,0.9997,31.18,1.559,19,113512,0.129,1,270.5,"-0.33,0.29,9.72","0.7,0.3,-0.7","-14.400,16.800,24.000",0.08,0.17,0.00,0,9502,8318,9,0.94,37.496321,126.958252,939,3,5,0,8.40,0.00,999.00,20.8,0,42,0,1,-53,-59.8,8318,15,4,2.16,1,0,-3.66,2.32,0
20:05:54,193.291,990472,990471,0,0,1,37.496332,126.958246,0.09,0.0,0,292.5,1,51.8,0,0.00,9.65,3.17,0.9996,31.09,1.547,19,113525,0.129,1,270.5,"-0.23,0.31,9.64","1.7,0.5,-2.6","-14.850,16.050,24.000",0.08,0.15,0.00,0,9503,8319,9,0.94,37.496321,126.958252,939,3,5,0,8.40,0.00,999.00,20.8,0,42,0,1,-52,-58.2,8319,18,4,1.86,1,0,-3.66,2.32,0
20:05:54,193.458,990677,990676,0,0,1,37.496329,126.958249,0.10,0.0,0,292.5,1,51.8,0,0.00,9.73,3.89,0.9993,30.64,1.540,19,113548,0.113,1,270.5,"-0.18,0.24,9.73","0.2,-3.5,1.8","-14.400,16.050,23.550",0.08,0.23,0.00,0,9505,8321,9,0.94,37.496323,126.958255,940,3,5,0,8.40,0.00,999.00,20.8,0,42,0,1,-58,-57.7,8321,12,4,1.77,1,0,-3.66,2.32,0
20:05:54,193.490,990788,990775,0,0,1,37.496329,126.958249,0.10,0.0,0,292.5,1,51.8,0,0.00,9.64,2.11,0.9998,32.03,1.563,19,113560,0.113,1,270.5,"-0.26,0.36,9.63","0.5,1.6,-1.3","-13.350,17.700,24.750",0.12,0.20,0.00,0,9506,8322,9,0.94,37.496323,126.958255,940,3,5,0,8.40,0.00,999.00,20.8,0,42,0,1,-56,-57.3,8322,17,4,1.71,1,0,-3.66,2.32,0
20:05:54,193.609,990891,990878,0,0,1,37.496329,126.958249,0.10,0.0,0,292.5,1,51.8,0,0.00,9.67,3.63,0.9992,31.53,1.619,19,113571,0.113,1,270.5,"-0.19,0.18,9.66","1.0,1.8,-3.0","-15.000,18.600,24.150",0.13,0.16,0.00,0,9507,8323,9,0.94,37.496323,126.958255,940,3,5,0,8.40,0.00,999.00,20.8,0,42,0,1,-66,-59.1,8323,13,4,2.02,1,0,-3.66,2.32,0
20:05:54,193.722,990996,990983,0,0,1,37.496329,126.958249,0.10,0.0,0,292.5,1,51.8,0,0.00,9.64,1.76,0.9996,31.19,1.532,19,113582,0.113,1,270.5,"-0.23,0.29,9.63","-1.1,-1.1,-0.8","-12.900,16.800,24.000",0.09,0.16,0.00,0,9508,8324,9,0.94,37.496323,126.958255,940,3,5,0,8.40,0.00,999.00,20.8,0,42,0,1,-56,-58.5,8324,14,4,1.90,1,0,-3.66,2.32,0
20:05:54,193.809,991087,991086,0,0,1,37.496329,126.958249,0.10,0.0,0,292.5,1,51.8,0,0.00,9.74,2.23,0.9992,30.11,1.564,19,113593,0.113,1,270.5,"-0.20,0.17,9.74","1.4,0.5,-1.7","-14.700,16.650,22.950",0.13,0.22,0.00,0,9509,8324,9,0.94,37.496323,126.958255,940,3,5,0,8.40,0.00,999.00,20.8,0,42,0,1,-56,-58.5,8324,105,4,1.90,1,0,-3.66,2.32,0
20:05:54,193.941,991187,991186,0,0,1,37.496329,126.958249,0.10,0.0,0,292.5,1,51.8,0,0.00,9.78,2.85,0.9997,32.85,1.551,19,113605,0.113,1,270.5,"-0.25,0.35,9.77","2.5,-1.3,-0.2","-13.800,17.100,25.650",0.08,0.22,0.00,0,9510,8325,9,0.94,37.496323,126.958255,940,3,5,0,8.40,0.00,999.00,20.8,0,42,0,1,-54,-57.6,8325,99,4,1.75,1,0,-3.66,2.32,0
20:05:55,194.057,991287,991286,0,0,1,37.496329,126.958249,0.10,0.0,0,292.5,1,51.8,0,0.00,9.86,3.63,0.9999,31.32,1.525,19,113617,0.113,1,270.5,"-0.34,0.36,9.84","3.6,-0.4,-0.4","-12.750,16.650,24.150",0.17,0.22,0.00,0,9511,8326,9,0.94,37.496323,126.958255,940,3,5,0,8.40,0.00,999.00,20.8,0,42,0,1,-55,-57.1,8326,95,4,1.66,1,0,-3.66,2.32,0
20:05:55,194.139,991387,991386,0,0,1,37.496329,126.958249,0.10,0.0,0,292.5,1,51.8,0,0.00,9.71,2.79,0.9998,31.61,1.586,19,113629,0.113,1,270.5,"-0.30,0.33,9.70","0.3,0.3,-2.8","-14.100,18.000,24.300",0.06,0.26,0.00,0,9512,8327,9,0.94,37.496323,126.958255,940,3,5,0,8.40,0.00,999.00,20.8,0,42,0,1,-54,-56.4,8327,89,4,1.57,1,0,-3.66,2.32,0
20:05:55,194.223,991487,991486,0,0,1,37.496329,126.958249,0.10,0.0,0,292.5,1,51.8,0,0.00,9.75,3.34,0.9997,29.82,1.548,19,113641,0.113,1,270.5,"-0.35,0.26,9.74","3.0,1.1,-0.8","-13.800,16.650,22.650",0.11,0.19,0.00,0,9513,8328,9,0.94,37.496323,126.958255,940,3,5,0,8.40,0.00,999.00,20.8,0,42,0,1,-48,-54.8,8328,85,4,1.34,1,0,-3.66,2.32,0
20:05:55,194.306,991587,991586,0,0,1,37.496327,126.958253,0.08,0.0,0,292.5,1,51.9,0,0.00,9.85,2.18,0.9995,31.39,1.572,19,113653,0.051,1,270.5,"-0.29,0.23,9.84","1.9,1.1,-0.2","-14.250,17.400,24.150",0.15,0.20,0.00,0,9514,8329,9,0.94,37.496322,126.958262,941,3,5,0,8.40,0.00,999.00,20.8,0,42,0,1,-47,-53.2,8329,79,4,1.15,1,0,-3.66,2.32,0
